t,tracked,n_obs0,n_obs1,mean0,ms,keyframe,n_landmarks,allobs
1700000000.000000,0,0,0,62.54,2.91,0,0,0/0/0/0/0/0
1700000000.050000,0,0,0,62.53,2.20,0,0,0/0/0/0/0/0
1700000000.100000,0,0,0,62.54,2.10,0,0,0/0/0/0/0/0
1700000000.150000,0,0,0,62.61,2.23,0,0,0/0/0/0/0/0
1700000000.200000,0,0,0,62.61,2.11,0,0,0/0/0/0/0/0
1700000000.250000,0,0,0,62.61,2.12,0,0,0/0/0/0/0/0
1700000000.300000,0,0,0,62.60,2.12,0,0,0/0/0/0/0/0
1700000000.350000,0,0,0,62.57,2.13,0,0,0/0/0/0/0/0
1700000000.400000,0,0,0,62.73,2.10,0,0,0/0/0/0/0/0
1700000000.450000,0,0,0,62.79,2.13,0,0,0/0/0/0/0/0
1700000000.500000,0,0,0,62.54,2.07,0,0,0/0/0/0/0/0
1700000000.550000,0,0,0,62.52,2.07,0,0,0/0/0/0/0/0
1700000000.600000,0,0,0,62.51,2.07,0,0,0/0/0/0/0/0
1700000000.650000,0,0,0,62.52,1.90,0,0,0/0/0/0/0/0
1700000000.700000,0,0,0,62.50,2.02,0,0,0/0/0/0/0/0
1700000000.750000,0,0,0,62.50,1.93,0,0,0/0/0/0/0/0
1700000000.800000,0,0,0,62.51,2.05,0,0,0/0/0/0/0/0
1700000000.850000,0,0,0,62.49,1.95,0,0,0/0/0/0/0/0
1700000000.900000,1,220,220,62.51,29.45,1,0,220/220/231/93/111/109
1700000000.950000,1,300,300,62.50,37.38,0,0,300/300/300/300/300/300
1700000001.000000,1,300,300,62.50,40.59,0,0,300/300/300/300/300/300
1700000001.050000,1,300,300,62.52,58.51,1,192,300/300/300/300/300/300
1700000001.100000,1,300,300,62.54,41.52,0,192,300/300/300/300/300/300
1700000001.150000,1,300,300,62.56,43.26,0,192,300/300/300/300/300/300
1700000001.200000,1,300,300,62.73,64.99,1,216,300/300/300/300/300/300
1700000001.250000,1,300,300,62.67,42.55,0,216,300/300/300/300/300/300
1700000001.300000,1,300,300,62.72,43.64,0,216,300/300/300/300/300/300
1700000001.350000,1,300,300,62.73,72.30,1,295,300/300/300/300/300/300
1700000001.400000,1,300,300,63.14,45.31,0,295,300/300/300/300/300/300
1700000001.450000,1,300,300,62.55,42.06,0,295,300/300/300/300/300/300
1700000001.500000,1,300,300,62.55,67.93,1,304,300/300/300/300/300/300
1700000001.550000,1,300,300,62.57,40.90,0,304,300/300/300/300/300/300
1700000001.600000,1,300,300,62.56,41.07,0,304,300/300/300/300/300/300
1700000001.650000,1,300,300,62.59,73.60,1,417,300/300/300/300/300/300
1700000001.700000,1,300,300,63.05,42.76,0,417,300/300/300/300/300/300
1700000001.750000,1,300,300,62.96,43.43,0,417,300/300/300/300/300/300
1700000001.800000,1,300,300,62.67,84.41,1,626,300/300/300/300/300/300
1700000001.850000,1,300,300,62.62,43.97,0,626,300/300/300/300/300/300
1700000001.900000,1,300,300,62.62,43.40,0,626,300/300/300/300/300/291
1700000001.950000,1,300,300,62.70,89.11,1,895,300/300/300/300/300/300
1700000002.000000,1,300,300,62.77,44.84,0,895,300/300/300/300/300/300
1700000002.050000,1,300,300,62.82,44.98,0,895,300/300/300/300/300/289
1700000002.100000,1,300,300,62.78,117.26,1,1116,300/300/300/300/300/284
1700000002.150000,1,300,300,62.89,47.07,0,1116,300/300/300/300/300/280
1700000002.200000,1,300,300,62.94,45.57,0,1116,300/300/300/300/295/277
1700000002.250000,1,300,300,62.84,110.79,1,1235,300/300/300/300/300/300
1700000002.300000,1,300,300,62.94,47.38,0,1235,300/300/300/300/300/289
1700000002.350000,1,300,300,62.84,47.35,0,1235,300/300/300/300/294/285
1700000002.400000,1,300,300,62.88,118.49,1,1336,300/300/300/300/300/273
1700000002.450000,1,300,300,63.01,49.01,0,1336,300/300/300/300/300/271
1700000002.500000,1,300,300,63.13,49.50,0,1336,300/300/300/300/300/259
1700000002.550000,1,300,300,63.17,128.21,1,1415,300/300/300/300/297/260
1700000002.600000,1,300,300,63.22,48.39,0,1415,300/300/300/300/300/261
1700000002.650000,1,300,300,63.22,49.86,0,1415,300/300/300/300/300/244
1700000002.700000,1,300,300,63.45,131.17,1,1519,300/300/300/294/293/231
1700000002.750000,1,300,300,63.50,50.31,0,1519,300/300/300/298/300/221
1700000002.800000,1,300,300,63.44,49.81,0,1519,300/300/300/300/300/275
1700000002.850000,1,300,300,63.59,148.29,1,1629,300/300/300/288/300/278
1700000002.900000,1,300,300,63.72,52.94,0,1629,300/300/300/288/300/300
1700000002.950000,1,300,300,63.91,51.62,0,1629,300/300/300/300/296/300
1700000003.000000,1,300,300,64.36,155.83,1,1739,300/300/300/300/300/300
1700000003.050000,1,300,300,64.27,57.32,0,1739,300/300/300/300/300/300
1700000003.100000,1,300,300,64.29,54.72,0,1739,300/300/300/300/300/300
1700000003.150000,1,300,300,64.58,184.22,1,1862,300/300/300/300/300/300
1700000003.200000,1,300,300,64.62,52.27,0,1862,300/300/300/300/300/300
1700000003.250000,1,300,300,64.81,56.26,0,1862,300/300/300/300/300/300
1700000003.300000,1,300,300,64.99,174.45,1,2016,300/300/300/300/283/300
1700000003.350000,1,300,300,65.22,53.11,0,2016,300/300/300/300/300/300
1700000003.400000,1,300,300,65.43,55.36,0,2016,300/300/300/300/291/300
1700000003.450000,1,300,300,65.62,186.88,1,2117,300/300/300/300/291/300
1700000003.500000,1,300,300,65.82,54.83,0,2117,300/300/300/300/300/300
1700000003.550000,1,300,300,66.06,54.95,0,2117,300/300/300/300/300/300
1700000003.600000,1,300,300,66.31,217.66,1,2241,300/300/300/300/300/300
1700000003.650000,1,300,300,66.56,56.27,0,2241,300/300/300/300/300/300
1700000003.700000,1,300,300,66.83,55.80,0,2241,300/300/300/300/300/300
1700000003.750000,1,300,300,67.15,206.24,1,2347,300/300/300/300/300/300
1700000003.800000,1,300,300,67.52,57.31,0,2347,300/300/300/300/300/300
1700000003.850000,1,300,300,67.60,52.97,0,2347,300/300/300/300/300/300
1700000003.900000,1,300,300,67.91,213.99,1,2452,300/300/300/300/300/300
1700000003.950000,1,300,300,68.14,58.50,0,2452,300/300/300/300/300/300
1700000004.000000,1,300,300,68.39,55.48,0,2452,300/300/300/300/300/300
1700000004.050000,1,300,300,68.66,227.47,1,2598,300/300/300/300/300/300
1700000004.100000,1,300,300,68.92,56.60,0,2598,300/300/300/300/300/300
1700000004.150000,1,300,300,69.18,56.93,0,2598,300/300/300/300/300/300
1700000004.200000,1,300,300,69.43,242.27,1,2714,300/300/300/300/300/300
1700000004.250000,1,300,300,69.69,51.12,0,2714,300/300/300/300/300/300
1700000004.300000,1,300,300,69.95,54.73,0,2714,300/300/300/300/300/300
1700000004.350000,1,300,300,70.18,262.83,1,2852,300/300/300/300/300/300
1700000004.400000,1,300,300,70.46,57.87,0,2852,300/300/300/300/300/300
1700000004.450000,1,300,300,70.84,56.61,0,2852,300/300/300/300/300/300
1700000004.500000,1,300,300,71.27,259.07,1,2968,300/300/300/300/300/300
1700000004.550000,1,300,300,71.61,55.25,0,2968,300/300/300/300/300/300
1700000004.600000,1,300,300,72.00,60.69,0,2968,300/300/300/300/300/300
1700000004.650000,1,300,300,72.32,269.71,1,3095,300/300/300/300/300/300
1700000004.700000,1,300,300,72.75,54.50,0,3095,300/300/300/300/300/300
1700000004.750000,1,300,300,73.16,57.75,0,3095,300/300/300/300/300/300
1700000004.800000,1,300,300,73.62,312.31,1,3219,300/300/300/300/300/300
1700000004.850000,1,300,300,74.07,58.76,0,3219,300/300/300/300/300/300
1700000004.900000,1,300,300,74.54,59.58,0,3219,300/300/300/300/300/300
1700000004.950000,1,300,300,75.03,294.21,1,3331,300/300/300/300/300/300
1700000005.000000,1,300,300,75.54,70.70,0,3331,300/300/300/300/300/300
1700000005.050000,1,300,300,76.05,69.92,0,3331,300/300/300/300/300/300
1700000005.100000,1,300,300,76.63,350.77,1,3368,300/300/300/300/300/300
1700000005.150000,1,300,300,77.23,68.90,0,3368,300/300/300/300/300/300
1700000005.200000,1,300,300,77.86,75.32,0,3368,300/300/300/300/300/300
1700000005.250000,1,300,300,78.57,303.49,1,3420,300/300/300/300/300/300
1700000005.300000,1,300,300,79.46,70.79,0,3420,300/300/300/300/300/300
1700000005.350000,1,300,300,80.33,72.54,0,3420,300/300/300/300/300/300
1700000005.400000,1,300,300,80.72,339.31,1,3461,300/300/300/300/300/300
1700000005.450000,1,300,300,81.54,82.67,0,3461,300/300/300/300/300/300
1700000005.500000,1,300,300,82.38,77.58,0,3461,300/300/300/300/300/300
1700000005.550000,1,300,300,83.28,449.46,1,3518,300/300/300/300/300/300
1700000005.600000,1,300,300,84.20,81.34,0,3518,300/300/300/300/300/300
1700000005.650000,1,300,300,85.32,82.66,0,3518,300/300/300/300/300/300
1700000005.700000,1,300,300,85.89,369.65,1,3425,300/300/300/300/300/300
1700000005.750000,1,300,300,86.63,86.72,0,3425,300/300/300/300/300/300
1700000005.800000,1,300,300,87.95,86.76,0,3425,300/300/300/300/300/300
1700000005.850000,1,300,300,88.28,368.60,1,3248,300/300/300/300/300/300
1700000005.900000,1,300,300,89.12,88.63,0,3248,300/300/300/300/300/300
1700000005.950000,1,300,300,89.91,102.26,0,3248,300/300/300/300/300/300
1700000006.000000,1,300,300,90.65,247.05,1,3127,300/300/300/300/300/300
1700000006.050000,1,300,300,91.37,120.92,0,3127,300/300/300/300/300/300
1700000006.100000,1,300,300,92.21,126.19,0,3127,300/300/300/300/300/300
1700000006.150000,1,285,300,93.12,301.28,1,2971,285/300/300/300/300/300
1700000006.200000,1,262,300,93.62,149.41,0,2971,262/300/288/300/300/300
1700000006.250000,1,245,300,92.72,71.32,0,2971,245/300/152/167/284/300
1700000006.300000,1,107,300,81.77,305.89,1,2874,107/300/221/255/151/300
1700000006.350000,1,233,248,52.60,70.10,0,2874,233/248/300/300/218/170
1700000006.400000,1,206,173,73.74,104.20,0,2874,206/173/300/300/279/237
1700000006.450000,1,300,257,73.57,243.46,1,2885,300/257/300/300/300/152
1700000006.500000,1,300,300,73.40,61.95,0,2885,300/300/300/300/300/230
1700000006.550000,1,300,300,73.22,61.73,0,2885,300/300/300/300/300/300
1700000006.600000,1,300,300,73.03,203.94,1,3000,300/300/300/300/300/300
1700000006.650000,1,300,300,72.83,62.11,0,3000,300/300/300/300/300/300
1700000006.700000,1,300,300,72.61,60.85,0,3000,300/300/300/300/300/300
1700000006.750000,1,300,300,72.40,246.29,1,3063,300/300/300/300/300/300
1700000006.800000,1,300,300,72.52,115.96,0,3063,300/300/300/209/300/300
1700000006.850000,1,252,300,46.67,97.17,0,3063,252/300/300/300/155/300
1700000006.900000,1,88,300,67.98,247.48,1,2982,88/300/300/239/168/300
1700000006.950000,1,100,300,88.90,89.77,0,2982,100/300/210/145/149/291
1700000007.000000,1,113,229,92.43,57.49,0,2982,113/229/300/300/164/181
1700000007.050000,1,122,110,91.83,329.86,1,2969,122/110/300/300/300/173
1700000007.100000,1,119,300,90.47,74.94,0,2969,119/300/300/296/300/179
1700000007.150000,1,300,300,89.38,86.95,0,2969,300/300/300/300/300/300
1700000007.200000,1,300,300,88.25,255.81,1,3009,300/300/300/300/286/283
1700000007.250000,1,300,300,87.23,97.82,0,3009,300/300/300/300/300/260
1700000007.300000,1,300,300,86.38,81.53,0,3009,300/300/300/300/300/300
1700000007.350000,1,300,300,85.76,276.49,1,3006,300/300/300/300/266/300
1700000007.400000,1,300,300,84.61,81.69,0,3006,300/300/300/300/247/300
1700000007.450000,1,300,300,83.36,76.68,0,3006,300/300/300/282/300/300
1700000007.500000,1,300,300,82.28,278.75,1,3044,300/300/300/268/279/300
1700000007.550000,1,300,300,81.40,83.63,0,3044,300/300/300/258/278/294
1700000007.600000,1,300,300,80.55,72.84,0,3044,300/300/300/256/300/263
1700000007.650000,1,300,300,79.84,251.50,1,3058,300/300/300/300/300/264
1700000007.700000,1,300,300,79.05,74.08,0,3058,300/300/300/284/300/247
1700000007.750000,1,300,300,78.19,73.15,0,3058,300/300/300/280/280/300
1700000007.800000,1,300,300,77.52,248.09,1,3074,300/300/300/253/300/300
1700000007.850000,1,300,300,76.79,70.57,0,3074,300/300/300/242/272/300
1700000007.900000,1,300,300,76.57,71.56,0,3074,300/300/300/241/266/262
1700000007.950000,1,300,300,75.74,230.50,1,3081,300/300/300/237/250/247
1700000008.000000,1,300,300,74.75,62.61,0,3081,300/300/300/242/258/300
1700000008.050000,1,300,300,74.24,67.96,0,3081,300/300/300/233/300/272
1700000008.100000,1,300,300,73.66,220.63,1,3082,300/300/300/230/289/271
1700000008.150000,1,300,300,73.02,65.63,0,3082,300/300/300/220/289/300
1700000008.200000,1,300,300,72.49,66.02,0,3082,300/300/300/208/285/271
1700000008.250000,1,300,300,72.01,224.36,1,3074,300/300/300/205/279/247
1700000008.300000,1,300,300,71.56,61.37,0,3074,300/300/300/207/276/300
1700000008.350000,1,300,300,71.14,69.36,0,3074,300/300/300/200/300/300
1700000008.400000,1,285,300,70.80,237.18,1,3020,285/300/300/300/300/300
1700000008.450000,1,300,300,70.54,68.74,0,3020,300/300/300/250/300/300
1700000008.500000,1,300,300,70.33,67.09,0,3020,300/300/300/300/300/300
1700000008.550000,1,300,300,70.16,255.80,1,2993,300/300/300/300/300/300
1700000008.600000,1,300,300,70.04,64.09,0,2993,300/300/300/263/300/300
1700000008.650000,1,300,300,69.95,61.24,0,2993,300/300/300/281/300/300
1700000008.700000,1,300,300,69.82,243.34,1,2950,300/300/300/300/300/300
1700000008.750000,1,300,300,69.63,75.67,0,2950,300/300/300/270/263/300
1700000008.800000,1,300,300,69.55,69.39,0,2950,300/300/300/255/300/300
1700000008.850000,1,300,300,69.33,252.69,1,2893,300/300/300/300/300/300
1700000008.900000,1,300,300,69.56,64.90,0,2893,300/300/300/300/300/300
1700000008.950000,1,300,300,69.03,61.72,0,2893,300/300/300/300/293/300
1700000009.000000,1,300,300,69.01,201.52,1,2893,300/300/300/300/275/300
1700000009.050000,1,300,300,68.85,59.71,0,2893,300/300/300/300/300/300
1700000009.100000,1,300,300,68.65,59.43,0,2893,300/300/300/300/300/300
1700000009.150000,1,300,300,68.65,255.21,1,2951,300/300/300/300/300/300
1700000009.200000,1,300,300,68.46,55.95,0,2951,300/300/300/300/300/300
1700000009.250000,1,300,300,68.16,55.04,0,2951,300/300/300/300/300/300
1700000009.300000,1,300,300,68.06,173.84,1,2996,300/300/300/300/300/300
1700000009.350000,1,300,300,67.91,54.54,0,2996,300/300/300/300/300/300
1700000009.400000,1,300,300,67.81,59.22,0,2996,300/300/300/300/300/300
1700000009.450000,1,300,300,67.76,236.41,1,3042,300/300/300/300/300/300
1700000009.500000,1,300,300,67.69,53.77,0,3042,300/300/300/300/300/300
1700000009.550000,1,300,300,67.70,56.91,0,3042,300/300/300/300/300/300
1700000009.600000,1,300,300,67.93,285.27,1,3066,300/300/300/300/300/300
1700000009.650000,1,300,300,68.04,54.46,0,3066,300/300/300/300/300/288
1700000009.700000,1,300,300,68.33,55.89,0,3066,300/300/300/300/300/300
1700000009.750000,1,300,300,68.62,252.54,1,3067,300/300/300/300/300/276
1700000009.800000,1,285,300,68.96,52.18,0,3067,285/300/300/300/300/253
1700000009.850000,1,280,300,69.25,51.27,0,3067,280/300/300/300/300/300
1700000009.900000,1,290,300,69.53,337.28,1,3061,290/300/300/300/300/300
1700000009.950000,1,282,294,69.73,52.87,0,3061,282/294/300/300/300/283
1700000010.000000,1,266,300,69.88,53.34,0,3061,266/300/300/300/300/263
1700000010.050000,1,300,300,70.00,266.41,1,3061,300/300/300/300/300/300
1700000010.100000,1,291,300,70.06,56.20,0,3061,291/300/300/300/300/282
1700000010.150000,1,300,300,70.07,55.01,0,3061,300/300/300/300/300/266
1700000010.200000,1,300,300,70.07,244.91,1,3091,300/300/300/300/300/300
1700000010.250000,1,300,300,70.03,52.99,0,3091,300/300/300/300/300/300
1700000010.300000,1,300,300,69.94,55.17,0,3091,300/300/300/300/300/290
1700000010.350000,1,291,300,69.84,293.54,1,3166,291/300/300/300/300/300
1700000010.400000,1,290,300,69.78,56.14,0,3166,290/300/300/300/300/300
1700000010.450000,1,300,300,69.96,58.43,0,3166,300/300/300/300/300/300
1700000010.500000,1,300,300,69.88,409.84,1,3144,300/300/300/300/300/300
1700000010.550000,1,300,300,69.71,54.91,0,3144,300/300/300/300/300/300
1700000010.600000,1,300,300,69.62,52.41,0,3144,300/300/300/300/300/300
1700000010.650000,1,300,300,69.54,296.19,1,3067,300/300/300/300/300/300
1700000010.700000,1,300,300,69.42,53.44,0,3067,300/300/300/300/300/294
1700000010.750000,1,300,300,69.37,53.67,0,3067,300/300/300/300/300/300
1700000010.800000,1,300,300,69.37,308.77,1,3024,300/300/300/300/300/300
1700000010.850000,1,300,300,69.42,54.98,0,3024,300/300/300/300/300/300
1700000010.900000,1,300,300,69.69,58.03,0,3024,300/300/300/300/300/300
1700000010.950000,1,300,300,70.08,355.60,1,3092,300/300/300/300/300/300
1700000011.000000,1,300,300,70.46,55.76,0,3092,300/300/300/300/300/300
1700000011.050000,1,300,300,69.75,56.14,0,3092,300/300/300/300/300/300
1700000011.100000,1,300,300,69.55,368.45,1,3098,300/300/300/300/300/300
1700000011.150000,1,300,300,70.08,54.87,0,3098,300/300/300/300/300/300
1700000011.200000,1,300,300,69.89,57.90,0,3098,300/300/300/300/300/300
1700000011.250000,1,300,300,69.53,365.84,1,3062,300/300/300/300/300/300
1700000011.300000,1,300,300,69.63,56.84,0,3062,300/300/300/300/300/300
1700000011.350000,1,300,300,69.76,55.31,0,3062,300/300/300/300/300/300
1700000011.400000,1,300,300,69.70,355.53,1,3061,300/300/300/300/300/300
1700000011.450000,1,300,300,69.64,54.61,0,3061,300/300/300/300/300/300
1700000011.500000,1,300,300,69.74,54.30,0,3061,300/300/300/300/300/300
1700000011.550000,1,300,300,69.91,265.73,1,3070,300/300/300/300/300/300
1700000011.600000,1,300,300,70.08,53.85,0,3070,300/300/300/300/300/300
1700000011.650000,1,300,300,70.29,56.13,0,3070,300/300/300/300/300/300
1700000011.700000,1,300,300,70.45,264.75,1,3034,300/300/300/300/300/300
1700000011.750000,1,300,300,70.70,52.05,0,3034,300/300/300/300/300/300
1700000011.800000,1,300,300,70.72,52.98,0,3034,300/300/300/300/300/300
1700000011.850000,1,300,300,70.94,408.37,1,3022,300/300/300/300/300/300
1700000011.900000,1,300,300,71.19,53.35,0,3022,300/300/300/300/300/300
1700000011.950000,1,300,300,71.49,52.82,0,3022,300/300/300/300/300/300
1700000012.000000,1,300,300,71.79,364.24,1,2996,300/300/300/300/300/300
1700000012.050000,1,300,300,72.13,53.28,0,2996,300/300/300/300/300/300
1700000012.100000,1,300,300,72.48,56.59,0,2996,300/300/300/300/300/300
1700000012.150000,1,300,300,72.85,373.01,1,2929,300/300/300/300/300/300
1700000012.200000,1,300,300,73.23,54.62,0,2929,300/300/300/300/300/300
1700000012.250000,1,300,300,73.61,56.70,0,2929,300/300/300/300/300/300
1700000012.300000,1,300,300,74.01,298.14,1,2927,300/300/300/300/300/300
1700000012.350000,1,300,300,74.42,58.77,0,2927,300/300/300/300/300/300
1700000012.400000,1,300,300,74.82,53.72,0,2927,300/300/300/300/300/300
1700000012.450000,1,300,300,75.21,371.77,1,2957,300/300/300/300/300/300
1700000012.500000,1,300,300,75.61,56.71,0,2957,300/300/279/300/300/300
1700000012.550000,1,300,300,75.96,53.22,0,2957,300/300/282/300/300/300
1700000012.600000,1,300,300,76.28,340.04,1,2956,300/300/278/300/300/300
1700000012.650000,1,300,300,76.58,55.95,0,2956,300/300/300/300/300/300
1700000012.700000,1,300,300,76.89,58.15,0,2956,300/300/291/300/300/300
1700000012.750000,1,300,300,77.17,422.26,1,2959,300/300/300/300/300/300
1700000012.800000,1,300,300,77.44,56.27,0,2959,300/300/292/300/300/300
1700000012.850000,1,300,300,77.69,57.66,0,2959,300/300/300/300/300/300
1700000012.900000,1,300,298,77.87,313.10,1,2953,300/298/300/300/300/300
1700000012.950000,1,300,300,78.06,56.28,0,2953,300/300/300/300/300/300
1700000013.000000,1,300,300,78.21,61.49,0,2953,300/300/300/300/300/300
1700000013.050000,1,300,300,78.37,382.35,1,2926,300/300/300/300/300/300
1700000013.100000,1,300,300,78.50,57.14,0,2926,300/300/297/300/300/300
1700000013.150000,1,289,300,78.50,55.46,0,2926,289/300/300/300/300/300
1700000013.200000,1,279,300,78.50,301.34,1,2853,279/300/300/300/300/300
1700000013.250000,1,290,300,78.50,54.03,0,2853,290/300/300/300/300/300
1700000013.300000,1,280,300,78.47,53.76,0,2853,280/300/300/300/300/300
1700000013.350000,1,279,300,78.42,297.52,1,2779,279/300/300/300/300/300
1700000013.400000,1,300,300,78.35,55.97,0,2779,300/300/300/300/300/300
1700000013.450000,1,277,300,78.30,60.85,0,2779,277/300/300/300/300/300
1700000013.500000,1,300,300,78.33,292.99,1,2691,300/300/300/300/300/300
1700000013.550000,1,279,300,77.98,60.51,0,2691,279/300/300/300/300/300
1700000013.600000,1,270,300,77.59,57.19,0,2691,270/300/296/300/300/300
1700000013.650000,1,262,300,77.32,248.49,1,2647,262/300/300/300/300/300
1700000013.700000,1,248,300,77.16,59.11,0,2647,248/300/300/300/300/300
1700000013.750000,1,254,300,76.84,59.81,0,2647,254/300/284/300/300/300
1700000013.800000,1,300,300,76.68,247.04,1,2640,300/300/300/300/300/300
1700000013.850000,1,300,300,76.45,58.22,0,2640,300/300/289/300/300/300
1700000013.900000,1,300,300,76.11,59.06,0,2640,300/300/293/300/300/300
1700000013.950000,1,285,300,75.75,253.03,1,2673,285/300/282/300/300/300
1700000014.000000,1,285,300,75.42,61.33,0,2673,285/300/300/300/300/300
1700000014.050000,1,276,300,75.11,59.23,0,2673,276/300/300/300/300/300
1700000014.100000,1,300,300,74.82,255.26,1,2673,300/300/300/300/300/300
1700000014.150000,1,292,300,74.57,57.56,0,2673,292/300/283/300/300/300
1700000014.200000,1,300,300,74.33,56.41,0,2673,300/300/286/300/300/300
1700000014.250000,1,294,300,73.98,297.53,1,2677,294/300/300/300/300/300
1700000014.300000,1,300,300,73.72,59.06,0,2677,300/300/300/300/300/300
1700000014.350000,1,300,300,73.44,54.94,0,2677,300/300/300/300/300/300
1700000014.400000,1,300,300,73.21,254.71,1,2702,300/300/300/300/300/300
1700000014.450000,1,300,300,73.02,54.72,0,2702,300/300/300/300/300/300
1700000014.500000,1,300,300,72.83,53.89,0,2702,300/300/300/300/300/300
1700000014.550000,1,300,300,72.71,261.06,1,2695,300/300/300/300/300/300
1700000014.600000,1,300,300,72.62,56.01,0,2695,300/300/300/300/300/300
1700000014.650000,1,300,300,72.51,55.05,0,2695,300/300/300/300/300/300
1700000014.700000,1,300,300,72.42,258.03,1,2658,300/300/300/300/300/300
1700000014.750000,1,300,300,72.29,57.10,0,2658,300/300/287/300/300/300
1700000014.800000,1,300,300,72.16,53.96,0,2658,300/300/276/300/300/300
1700000014.850000,1,300,300,72.01,256.98,1,2642,300/300/271/300/300/300
1700000014.900000,1,300,300,71.89,52.97,0,2642,300/300/300/300/300/300
1700000014.950000,1,300,300,71.95,54.56,0,2642,300/300/300/277/300/300
1700000015.000000,1,300,300,71.75,258.45,1,2628,300/300/271/300/300/300
1700000015.050000,1,300,300,71.57,56.15,0,2628,300/300/271/284/300/300
1700000015.100000,1,300,300,71.43,52.73,0,2628,300/300/262/278/300/300
1700000015.150000,1,300,300,71.56,306.53,1,2634,300/300/256/274/300/300
1700000015.200000,1,300,300,71.33,56.47,0,2634,300/300/300/270/300/300
1700000015.250000,1,300,300,71.03,56.41,0,2634,300/300/263/300/300/300
1700000015.300000,1,300,300,70.76,256.88,1,2584,300/300/300/300/300/300
1700000015.350000,1,300,300,70.61,58.45,0,2584,300/300/281/300/300/300
1700000015.400000,1,300,300,70.40,58.57,0,2584,300/300/300/300/300/300
1700000015.450000,1,300,300,70.19,248.16,1,2576,300/300/300/300/300/300
1700000015.500000,1,300,300,70.06,55.80,0,2576,300/300/300/300/300/300
1700000015.550000,1,300,300,69.85,58.37,0,2576,300/300/300/300/300/300
1700000015.600000,1,300,300,69.70,365.10,1,2565,300/300/300/300/300/300
1700000015.650000,1,300,300,69.47,60.08,0,2565,300/300/300/300/300/300
1700000015.700000,1,300,300,69.33,55.80,0,2565,300/300/300/300/300/300
1700000015.750000,1,300,300,69.25,300.62,1,2597,300/300/300/300/300/300
1700000015.800000,1,300,300,69.15,56.24,0,2597,300/300/300/300/300/300
1700000015.850000,1,300,300,68.91,54.44,0,2597,300/300/300/300/300/300
1700000015.900000,1,300,300,68.80,211.32,1,2602,300/300/300/300/300/300
1700000015.950000,1,300,300,68.58,58.85,0,2602,300/300/300/300/300/300
1700000016.000000,1,300,300,68.43,56.36,0,2602,300/300/300/300/300/300
1700000016.050000,1,300,300,68.32,324.88,1,2635,300/300/300/300/300/300
1700000016.100000,1,300,300,68.16,59.08,0,2635,300/300/300/300/300/300
1700000016.150000,1,300,300,68.00,55.49,0,2635,300/300/300/300/300/300
1700000016.200000,1,300,300,67.88,279.17,1,2674,300/300/300/300/300/300
1700000016.250000,1,300,300,67.80,56.04,0,2674,300/300/300/300/300/300
1700000016.300000,1,300,300,67.81,55.93,0,2674,300/300/300/300/300/300
1700000016.350000,1,300,300,67.91,282.43,1,2687,300/300/300/300/300/300
1700000016.400000,1,300,300,67.84,57.34,0,2687,300/300/300/300/300/300
1700000016.450000,1,300,300,67.58,55.51,0,2687,300/300/300/300/300/300
1700000016.500000,1,300,300,67.43,281.53,1,2730,300/300/300/300/300/300
1700000016.550000,1,300,300,67.32,56.90,0,2730,300/300/300/300/300/300
1700000016.600000,1,300,300,67.30,53.15,0,2730,300/300/300/300/300/300
1700000016.650000,1,300,300,67.24,180.76,1,2763,300/300/300/300/300/300
1700000016.700000,1,300,300,67.22,66.34,0,2763,300/300/300/300/300/300
1700000016.750000,1,300,300,67.23,53.86,0,2763,300/300/300/300/300/300
1700000016.800000,1,300,300,67.25,284.15,1,2765,300/300/300/300/300/300
1700000016.850000,1,300,300,67.26,55.59,0,2765,300/300/300/300/300/300
1700000016.900000,1,300,300,67.57,53.06,0,2765,300/300/300/300/300/300
1700000016.950000,1,300,300,67.24,290.48,1,2757,300/300/300/300/300/300
1700000017.000000,1,300,300,67.39,53.54,0,2757,300/300/300/300/300/300
1700000017.050000,1,300,300,67.24,50.67,0,2757,300/300/300/300/300/300
1700000017.100000,1,300,300,67.29,284.24,1,2801,300/300/300/300/300/300
1700000017.150000,1,300,300,67.34,51.70,0,2801,300/300/300/300/300/300
1700000017.200000,1,300,300,67.42,53.78,0,2801,300/300/300/300/300/300
1700000017.250000,1,300,300,67.57,284.15,1,2850,300/300/300/300/300/300
1700000017.300000,1,300,300,67.72,53.15,0,2850,300/300/300/300/300/300
1700000017.350000,1,300,300,67.66,53.94,0,2850,300/300/300/300/300/300
1700000017.400000,1,300,300,67.81,293.30,1,2898,300/300/300/300/300/300
1700000017.450000,1,300,300,67.83,50.12,0,2898,300/300/300/300/300/300
1700000017.500000,1,300,300,67.91,53.04,0,2898,300/300/300/300/300/300
1700000017.550000,1,300,300,68.05,263.42,1,2999,300/300/300/300/300/300
1700000017.600000,1,300,300,68.17,52.77,0,2999,300/300/300/300/300/300
1700000017.650000,1,300,300,68.38,51.06,0,2999,300/300/300/300/300/300
1700000017.700000,1,300,300,68.44,250.65,1,3014,300/300/300/300/300/300
1700000017.750000,1,300,300,68.58,51.67,0,3014,300/300/300/300/300/300
1700000017.800000,1,300,300,68.73,49.88,0,3014,300/300/300/300/300/300
1700000017.850000,1,300,300,68.91,357.86,1,3059,300/300/300/300/300/300
1700000017.900000,1,300,300,69.19,54.35,0,3059,300/300/300/300/300/300
1700000017.950000,1,300,300,69.35,54.34,0,3059,300/300/300/300/300/300
1700000018.000000,1,300,300,69.53,297.65,1,3066,300/300/300/300/300/300
1700000018.050000,1,300,300,69.70,54.43,0,3066,300/300/300/300/300/300
1700000018.100000,1,300,300,69.92,51.07,0,3066,300/300/300/300/300/300
1700000018.150000,1,300,300,70.12,300.46,1,3060,300/300/300/300/300/300
1700000018.200000,1,300,300,70.39,54.16,0,3060,300/300/300/300/300/300
1700000018.250000,1,300,300,70.63,55.04,0,3060,300/300/300/300/300/300
1700000018.300000,1,300,300,70.87,273.94,1,3075,300/300/300/300/300/300
1700000018.350000,1,300,300,70.96,56.17,0,3075,300/300/300/300/300/300
1700000018.400000,1,300,300,71.14,57.05,0,3075,300/300/300/300/300/300
1700000018.450000,1,300,300,71.28,284.91,1,3091,300/300/300/300/300/300
1700000018.500000,1,300,300,71.45,54.00,0,3091,300/300/300/300/300/300
1700000018.550000,1,300,300,71.61,54.57,0,3091,300/300/300/300/300/300
1700000018.600000,1,300,300,71.78,263.47,1,3122,300/300/300/300/300/300
1700000018.650000,1,300,300,71.93,60.21,0,3122,300/300/300/300/300/300
1700000018.700000,1,300,300,72.06,57.60,0,3122,300/300/300/300/300/300
1700000018.750000,1,300,300,72.18,306.88,1,3169,300/300/300/300/300/300
1700000018.800000,1,300,300,72.16,53.17,0,3169,300/300/300/300/300/300
1700000018.850000,1,300,300,72.27,55.75,0,3169,300/300/300/300/300/300
1700000018.900000,1,300,300,72.46,304.87,1,3206,300/300/300/300/300/300
1700000018.950000,1,300,300,72.54,55.47,0,3206,300/300/300/300/300/300
1700000019.000000,1,300,300,72.58,58.27,0,3206,300/300/300/300/300/300
1700000019.050000,1,300,300,72.58,314.84,1,3249,300/300/300/300/300/300
1700000019.100000,1,300,300,72.61,55.10,0,3249,300/300/300/300/300/300
1700000019.150000,1,300,300,72.68,57.95,0,3249,300/300/300/300/300/300
1700000019.200000,1,300,300,72.70,311.92,1,3264,300/300/300/300/300/300
1700000019.250000,1,300,300,72.78,57.40,0,3264,300/300/300/285/300/300
1700000019.300000,1,300,300,72.79,54.02,0,3264,300/300/300/294/300/300
1700000019.350000,1,300,300,72.84,302.90,1,3312,300/300/300/280/300/300
1700000019.400000,1,300,300,72.89,56.84,0,3312,300/300/300/300/300/300
1700000019.450000,1,300,300,73.08,54.75,0,3312,300/300/300/300/300/300
1700000019.500000,1,300,300,73.03,303.31,1,3351,300/300/300/300/300/300
1700000019.550000,1,300,300,72.93,55.90,0,3351,300/300/300/300/300/289
1700000019.600000,1,300,300,72.96,57.60,0,3351,300/300/300/300/300/292
1700000019.650000,1,300,300,72.97,311.10,1,3332,300/300/300/300/300/281
1700000019.700000,1,300,300,73.00,60.90,0,3332,300/300/300/293/300/277
1700000019.750000,1,300,300,73.02,55.73,0,3332,300/300/300/300/300/277
1700000019.800000,1,300,300,73.05,306.91,1,3322,300/300/300/300/300/274
1700000019.850000,1,300,300,73.13,59.96,0,3322,300/300/300/300/300/300
1700000019.900000,1,300,300,73.19,57.48,0,3322,300/300/300/300/300/300
1700000019.950000,1,300,300,73.16,319.72,1,3284,300/300/300/300/300/300
1700000020.000000,1,300,300,73.16,57.91,0,3284,300/300/300/300/300/296
1700000020.050000,1,300,300,73.19,56.79,0,3284,300/300/300/296/300/300
1700000020.100000,1,300,300,73.20,318.36,1,3301,300/300/300/300/300/300
1700000020.150000,1,300,300,73.18,63.11,0,3301,300/300/300/300/300/300
1700000020.200000,1,300,300,73.19,60.76,0,3301,300/300/300/300/300/300
1700000020.250000,1,300,300,73.21,228.59,1,3320,300/300/300/300/300/300
1700000020.300000,1,300,300,73.23,56.76,0,3320,300/300/300/300/300/300
1700000020.350000,1,300,300,73.26,57.35,0,3320,300/300/300/300/300/297
1700000020.400000,1,300,300,73.35,315.70,1,3309,300/300/300/300/300/300
1700000020.450000,1,300,300,73.82,61.24,0,3309,300/300/300/300/300/300
1700000020.500000,1,300,300,73.44,56.92,0,3309,300/300/300/300/300/300
1700000020.550000,1,300,300,73.48,304.11,1,3273,300/300/300/300/300/300
1700000020.600000,1,300,300,73.78,61.63,0,3273,300/300/300/300/300/300
1700000020.650000,1,300,300,73.27,60.38,0,3273,300/300/300/300/300/300
1700000020.700000,1,300,300,73.15,303.48,1,3258,300/300/300/300/300/300
1700000020.750000,1,300,300,73.07,58.51,0,3258,300/300/300/300/300/300
1700000020.800000,1,300,300,73.08,57.22,0,3258,300/300/300/300/300/300
1700000020.850000,1,300,300,73.14,311.14,1,3281,300/300/300/300/300/300
1700000020.900000,1,300,300,73.12,61.00,0,3281,300/300/300/300/300/300
1700000020.950000,1,300,300,73.11,60.57,0,3281,300/300/300/300/300/300
1700000021.000000,1,300,300,73.13,297.25,1,3332,300/300/300/300/300/300
1700000021.050000,1,300,300,73.18,62.49,0,3332,300/300/300/300/300/300
1700000021.100000,1,300,300,73.23,58.42,0,3332,300/300/300/300/300/300
1700000021.150000,1,300,300,73.27,285.79,1,3345,300/300/300/300/300/300
1700000021.200000,1,300,300,73.32,56.01,0,3345,300/300/300/300/300/300
1700000021.250000,1,300,300,73.27,59.71,0,3345,300/300/300/300/300/300
1700000021.300000,1,300,300,73.27,299.24,1,3332,300/300/300/300/300/300
1700000021.350000,1,300,300,73.38,60.26,0,3332,300/300/300/300/300/300
1700000021.400000,1,300,300,73.23,54.47,0,3332,300/300/300/300/300/300
1700000021.450000,1,300,300,73.27,285.37,1,3325,300/300/300/300/300/300
1700000021.500000,1,300,300,73.55,56.55,0,3325,300/300/300/300/300/300
1700000021.550000,1,300,300,73.44,56.80,0,3325,300/300/300/300/300/300
1700000021.600000,1,300,300,72.92,307.28,1,3301,300/300/300/300/300/300
1700000021.650000,1,300,300,72.82,57.19,0,3301,300/300/300/300/300/300
1700000021.700000,1,300,300,72.71,59.24,0,3301,300/300/300/300/300/300
1700000021.750000,1,300,300,72.62,298.55,1,3307,300/300/300/300/300/300
1700000021.800000,1,300,300,72.61,54.94,0,3307,300/300/300/300/300/300
1700000021.850000,1,300,300,72.49,56.81,0,3307,300/300/300/300/300/300
1700000021.900000,1,300,300,72.32,291.87,1,3322,300/300/300/300/300/300
1700000021.950000,1,300,300,72.39,57.62,0,3322,300/300/300/300/300/300
1700000022.000000,1,300,300,72.20,54.28,0,3322,300/300/300/300/300/300
1700000022.050000,1,300,300,72.05,214.48,1,3351,300/300/300/300/300/300
1700000022.100000,1,300,300,71.89,51.74,0,3351,300/300/300/300/300/300
1700000022.150000,1,300,300,71.79,53.25,0,3351,300/300/300/300/300/300
1700000022.200000,1,300,300,72.03,188.12,1,3400,300/300/300/300/300/300
1700000022.250000,1,300,300,71.66,52.37,0,3400,300/300/300/300/300/300
1700000022.300000,1,300,300,71.57,56.48,0,3400,300/300/300/300/300/300
1700000022.350000,1,300,300,71.29,221.03,1,3415,300/300/300/300/300/300
1700000022.400000,1,300,300,71.14,49.77,0,3415,300/300/300/300/300/300
1700000022.450000,1,300,300,71.07,52.35,0,3415,300/300/300/300/300/300
1700000022.500000,1,300,300,71.00,219.36,1,3381,300/300/300/300/300/300
1700000022.550000,1,300,300,70.92,52.40,0,3381,300/300/300/300/300/300
1700000022.600000,1,300,300,70.67,52.21,0,3381,300/300/300/300/300/300
1700000022.650000,1,300,300,70.65,299.60,1,3388,300/300/300/300/300/300
1700000022.700000,1,300,300,70.36,52.74,0,3388,300/300/300/300/300/300
1700000022.750000,1,300,300,70.33,49.35,0,3388,300/300/300/300/300/300
1700000022.800000,1,300,300,70.05,227.03,1,3367,300/300/300/300/300/300
1700000022.850000,1,300,300,69.90,49.96,0,3367,300/300/300/300/300/300
1700000022.900000,1,300,300,69.74,48.93,0,3367,300/300/300/300/300/300
1700000022.950000,1,300,300,69.59,185.59,1,3340,300/300/300/300/300/300
1700000023.000000,1,300,300,69.43,49.69,0,3340,300/300/300/300/300/300
1700000023.050000,1,300,300,69.29,48.60,0,3340,300/300/300/300/300/300
1700000023.100000,1,300,300,69.11,229.43,1,3294,300/300/300/300/300/300
1700000023.150000,1,300,300,68.95,52.35,0,3294,300/300/300/300/300/300
1700000023.200000,1,300,300,68.82,50.73,0,3294,300/300/300/300/300/300
1700000023.250000,1,300,300,68.68,295.68,1,3254,300/300/300/300/300/300
1700000023.300000,1,300,300,68.62,50.07,0,3254,300/300/300/300/300/300
1700000023.350000,1,300,300,68.52,48.45,0,3254,300/300/300/300/300/300
1700000023.400000,1,300,300,68.24,300.88,1,3265,300/300/300/300/300/300
1700000023.450000,1,300,300,68.09,49.63,0,3265,300/300/300/300/300/300
1700000023.500000,1,300,300,67.87,47.96,0,3265,300/300/300/300/300/300
1700000023.550000,1,300,300,67.72,335.06,1,3210,300/300/300/300/300/300
1700000023.600000,1,300,300,67.59,47.27,0,3210,300/300/300/300/300/300
1700000023.650000,1,300,300,67.47,47.19,0,3210,300/300/300/300/300/300
1700000023.700000,1,300,300,67.31,218.83,1,3191,300/300/300/300/300/300
1700000023.750000,1,300,300,67.24,49.21,0,3191,300/300/300/300/300/300
1700000023.800000,1,300,300,67.16,47.55,0,3191,300/300/300/300/300/300
1700000023.850000,1,300,300,67.14,334.85,1,3155,300/300/300/300/300/300
1700000023.900000,1,300,300,67.09,48.53,0,3155,300/300/300/300/300/300
1700000023.950000,1,300,300,66.77,46.99,0,3155,300/300/300/300/300/300
1700000024.000000,1,300,300,66.61,313.49,1,3163,300/300/300/300/300/300
1700000024.050000,1,300,300,66.56,49.46,0,3163,300/300/300/300/300/300
1700000024.100000,1,300,300,66.41,49.67,0,3163,300/300/300/300/300/300
1700000024.150000,1,300,300,66.23,308.65,1,3121,300/300/300/300/300/300
1700000024.200000,1,300,300,66.05,50.63,0,3121,300/300/300/300/300/300
1700000024.250000,1,300,300,66.03,48.46,0,3121,300/300/300/300/300/300
1700000024.300000,1,300,300,66.07,314.86,1,3122,300/300/300/300/300/300
1700000024.350000,1,300,300,66.01,47.78,0,3122,300/300/300/300/300/300
1700000024.400000,1,300,300,65.54,48.44,0,3122,300/300/300/300/300/300
1700000024.450000,1,300,300,65.31,298.19,1,3175,300/300/300/300/300/300
1700000024.500000,1,300,300,65.16,47.09,0,3175,300/300/300/300/300/300
1700000024.550000,1,300,300,65.03,45.94,0,3175,300/300/300/300/300/300
1700000024.600000,1,300,300,64.88,238.80,1,3157,300/300/300/300/300/300
1700000024.650000,1,300,300,64.74,49.07,0,3157,300/300/300/300/300/300
1700000024.700000,1,300,300,64.59,47.77,0,3157,300/300/300/300/300/300
1700000024.750000,1,300,300,64.47,192.82,1,3145,300/300/300/300/300/300
1700000024.800000,1,300,300,64.87,47.31,0,3145,300/300/300/300/300/300
1700000024.850000,1,300,300,64.48,49.04,0,3145,300/300/300/300/300/300
1700000024.900000,1,300,300,64.57,232.97,1,3117,300/300/300/300/300/300
1700000024.950000,1,300,300,64.94,48.59,0,3117,300/300/300/300/300/300
1700000025.000000,1,300,300,63.78,49.58,0,3117,300/300/300/300/300/300
1700000025.050000,1,300,300,63.85,328.99,1,3079,300/300/300/300/300/300
1700000025.100000,1,300,300,63.55,47.80,0,3079,300/300/300/300/300/300
1700000025.150000,1,300,300,63.43,46.19,0,3079,300/300/300/300/300/300
1700000025.200000,1,300,300,63.24,246.08,1,3032,300/300/300/300/300/300
1700000025.250000,1,300,300,63.13,48.68,0,3032,300/300/300/300/300/300
1700000025.300000,1,300,300,63.01,50.56,0,3032,300/300/300/300/300/300
1700000025.350000,1,300,300,62.87,331.90,1,3029,300/300/300/300/300/300
1700000025.400000,1,300,300,62.76,47.60,0,3029,300/300/300/300/300/300
1700000025.450000,1,300,300,62.62,46.92,0,3029,300/300/300/300/300/300
1700000025.500000,1,300,300,62.50,334.90,1,2992,300/300/300/300/300/300
1700000025.550000,1,300,300,62.38,47.64,0,2992,300/300/300/300/300/300
1700000025.600000,1,300,300,62.29,47.88,0,2992,300/300/300/300/300/300
1700000025.650000,1,300,300,62.20,411.10,1,2940,300/300/300/300/300/300
1700000025.700000,1,300,300,62.09,49.64,0,2940,300/300/300/300/300/300
1700000025.750000,1,300,300,61.99,50.00,0,2940,300/300/300/300/300/300
1700000025.800000,1,300,300,62.19,236.79,1,2894,300/300/300/300/300/300
1700000025.850000,1,300,300,61.89,47.88,0,2894,300/300/300/300/300/300
1700000025.900000,1,300,300,61.65,47.10,0,2894,300/300/300/300/300/300
1700000025.950000,1,300,300,61.55,326.90,1,2858,300/300/300/300/300/300
1700000026.000000,1,300,300,61.43,47.22,0,2858,300/300/300/300/300/300
1700000026.050000,1,300,300,61.24,46.92,0,2858,300/300/300/300/300/300
1700000026.100000,1,300,300,61.11,328.92,1,2790,300/300/300/300/300/300
1700000026.150000,1,300,300,61.01,51.41,0,2790,300/300/300/300/300/300
1700000026.200000,1,300,300,60.89,50.15,0,2790,300/300/300/300/300/300
1700000026.250000,1,300,300,60.79,336.32,1,2745,300/300/300/297/300/300
1700000026.300000,1,300,300,60.70,48.09,0,2745,300/300/300/300/300/300
1700000026.350000,1,300,300,60.59,49.35,0,2745,300/300/300/300/300/300
1700000026.400000,1,300,300,60.48,284.70,1,2709,300/300/300/300/300/300
1700000026.450000,1,300,300,60.38,50.37,0,2709,300/300/300/300/300/300
1700000026.500000,1,300,300,60.29,49.54,0,2709,300/300/300/300/300/300
1700000026.550000,1,300,300,60.18,335.34,1,2676,300/300/300/300/300/300
1700000026.600000,1,300,300,60.10,50.69,0,2676,300/300/300/300/300/300
1700000026.650000,1,300,300,60.02,50.61,0,2676,300/300/300/300/300/300
1700000026.700000,1,300,300,59.94,328.58,1,2626,300/300/300/300/300/300
1700000026.750000,1,300,300,59.90,52.94,0,2626,300/300/300/300/300/300
1700000026.800000,1,300,300,59.86,49.77,0,2626,300/300/300/300/300/300
1700000026.850000,1,300,300,59.84,337.36,1,2586,300/300/300/276/300/300
1700000026.900000,1,300,300,59.86,52.53,0,2586,300/300/300/300/300/300
1700000026.950000,1,300,300,59.90,50.11,0,2586,300/300/300/300/300/300
1700000027.000000,1,300,300,59.69,332.55,1,2571,300/300/300/300/300/300
1700000027.050000,1,300,300,59.71,51.41,0,2571,300/300/300/279/300/285
1700000027.100000,1,300,300,59.62,53.14,0,2571,300/300/300/273/300/300
1700000027.150000,1,300,300,59.62,338.84,1,2584,300/300/300/300/300/300
1700000027.200000,1,300,300,59.91,55.78,0,2584,300/300/300/300/300/300
1700000027.250000,1,300,300,59.89,56.92,0,2584,300/300/300/288/300/300
1700000027.300000,1,300,300,59.49,248.00,1,2579,300/300/300/300/300/300
1700000027.350000,1,300,300,59.50,59.69,0,2579,300/300/300/292/300/300
1700000027.400000,1,300,300,59.88,58.31,0,2579,300/300/300/300/300/300
1700000027.450000,1,300,300,59.75,335.77,1,2522,300/300/300/300/300/300
1700000027.500000,1,300,300,59.59,56.34,0,2522,300/300/300/300/300/300
1700000027.550000,1,300,300,59.50,56.99,0,2522,300/300/300/300/300/300
1700000027.600000,1,300,300,59.59,326.90,1,2548,300/300/300/300/300/300
1700000027.650000,1,300,300,59.74,56.24,0,2548,300/300/300/300/300/300
1700000027.700000,1,300,300,59.72,54.46,0,2548,300/300/300/300/300/300
1700000027.750000,1,300,300,59.60,321.44,1,2578,300/300/300/300/300/300
1700000027.800000,1,300,300,59.64,53.48,0,2578,300/300/300/300/300/300
1700000027.850000,1,300,300,59.71,51.19,0,2578,300/300/300/300/300/300
1700000027.900000,1,300,300,59.78,318.56,1,2585,300/300/300/300/300/300
1700000027.950000,1,300,300,59.90,57.99,0,2585,300/300/300/300/300/300
1700000028.000000,1,300,300,60.00,55.05,0,2585,300/300/300/300/300/300
1700000028.050000,1,300,300,60.19,329.31,1,2578,300/300/300/300/300/300
1700000028.100000,1,300,300,60.53,56.64,0,2578,300/300/300/300/300/300
1700000028.150000,1,300,300,60.79,55.39,0,2578,300/300/300/300/300/300
1700000028.200000,1,300,300,60.62,291.11,1,2608,300/300/300/300/300/300
1700000028.250000,1,300,300,60.65,54.54,0,2608,300/300/300/300/300/300
1700000028.300000,1,300,300,60.79,55.04,0,2608,300/300/300/300/300/300
1700000028.350000,1,300,300,61.33,224.32,1,2595,300/300/300/300/300/300
1700000028.400000,1,300,300,61.04,56.77,0,2595,300/300/300/300/300/300
1700000028.450000,1,300,300,61.15,55.81,0,2595,300/300/300/300/300/300
1700000028.500000,1,300,300,61.31,298.05,1,2549,300/300/300/300/300/300
1700000028.550000,1,300,300,61.52,57.74,0,2549,300/300/300/300/300/300
1700000028.600000,1,300,300,61.74,58.26,0,2549,300/300/300/300/300/300
1700000028.650000,1,300,300,62.03,285.44,1,2545,300/300/300/300/300/300
1700000028.700000,1,300,300,62.29,54.52,0,2545,300/300/300/300/300/300
1700000028.750000,1,300,300,62.51,56.82,0,2545,300/300/300/300/300/300
1700000028.800000,1,300,300,62.71,208.30,1,2534,300/300/300/300/300/300
1700000028.850000,1,300,300,63.01,56.92,0,2534,300/300/300/300/300/300
1700000028.900000,1,300,300,63.26,58.40,0,2534,300/300/300/300/300/300
1700000028.950000,1,300,300,63.59,210.21,1,2546,300/300/300/300/300/300
1700000029.000000,1,300,300,63.94,60.53,0,2546,300/300/300/300/300/300
1700000029.050000,1,300,300,64.29,55.27,0,2546,300/300/300/300/300/300
1700000029.100000,1,300,300,64.66,284.86,1,2544,300/300/300/300/300/300
1700000029.150000,1,300,300,65.01,58.03,0,2544,300/300/300/300/300/300
1700000029.200000,1,300,300,65.43,56.60,0,2544,300/300/300/300/300/300
1700000029.250000,1,300,300,65.84,290.25,1,2550,300/300/300/300/300/300
1700000029.300000,1,300,300,66.28,63.00,0,2550,300/300/300/300/300/300
1700000029.350000,1,300,300,66.81,65.63,0,2550,300/300/300/300/300/300
1700000029.400000,1,300,300,67.28,275.24,1,2528,300/300/300/300/300/300
1700000029.450000,1,300,300,67.80,61.84,0,2528,300/300/300/300/300/300
1700000029.500000,1,300,300,68.38,58.48,0,2528,300/300/300/300/300/300
1700000029.550000,1,300,300,69.07,361.15,1,2568,300/300/300/300/300/300
1700000029.600000,1,300,300,70.35,65.74,0,2568,300/300/300/300/300/300
1700000029.650000,1,300,300,70.45,68.98,0,2568,300/300/300/300/300/300
1700000029.700000,1,300,300,71.04,277.72,1,2577,300/300/300/300/300/300
1700000029.750000,1,300,290,71.76,69.29,0,2577,300/290/300/300/300/300
1700000029.800000,1,300,300,72.64,67.09,0,2577,300/300/300/300/300/300
1700000029.850000,1,300,300,73.35,217.92,1,2623,300/300/300/300/300/300
1700000029.900000,1,300,300,74.10,74.85,0,2623,300/300/300/300/300/300
1700000029.950000,1,300,300,74.89,72.44,0,2623,300/300/300/300/300/300
1700000030.000000,1,300,300,75.75,291.75,1,2616,300/300/300/300/300/300
1700000030.050000,1,300,300,76.69,69.92,0,2616,300/300/300/300/300/300
1700000030.100000,1,300,300,77.65,76.40,0,2616,300/300/300/300/300/300
1700000030.150000,1,300,300,78.72,333.09,1,2603,300/300/300/300/300/300
1700000030.200000,1,300,300,79.78,75.39,0,2603,300/300/300/300/300/300
1700000030.250000,1,300,277,80.85,77.57,0,2603,300/277/300/300/300/300
1700000030.300000,1,300,300,82.09,314.97,1,2590,300/300/300/300/300/300
1700000030.350000,1,300,300,83.23,93.51,0,2590,300/300/300/300/300/300
1700000030.400000,1,300,300,84.49,94.89,0,2590,300/300/300/300/300/300
1700000030.450000,1,300,300,85.70,248.47,1,2572,300/300/300/300/300/300
1700000030.500000,1,300,300,86.91,105.02,0,2572,300/300/300/300/300/300
1700000030.550000,1,300,300,88.05,106.92,0,2572,300/300/300/300/300/300
1700000030.600000,1,300,300,89.23,345.73,1,2572,300/300/300/300/300/300
1700000030.650000,1,300,300,90.40,96.53,0,2572,300/300/300/300/300/300
1700000030.700000,1,300,300,91.50,115.36,0,2572,300/300/300/300/300/300
1700000030.750000,1,300,300,92.49,314.52,1,2577,300/300/297/300/300/300
1700000030.800000,1,300,300,93.57,132.23,0,2577,300/300/300/300/300/300
1700000030.850000,1,295,300,94.01,125.43,0,2577,295/300/300/300/300/300
1700000030.900000,1,272,300,94.80,322.24,1,2570,272/300/300/300/300/300
1700000030.950000,1,300,300,95.23,170.58,0,2570,300/300/300/300/300/300
1700000031.000000,1,300,300,95.60,158.01,0,2570,300/300/300/300/300/300
1700000031.050000,1,300,300,95.90,299.19,1,2528,300/300/300/300/300/300
1700000031.100000,1,300,300,95.99,200.46,0,2528,300/300/300/300/300/300
1700000031.150000,1,300,300,95.93,174.09,0,2528,300/300/300/300/300/298
1700000031.200000,1,300,289,95.90,374.11,1,2503,300/289/300/300/300/296
1700000031.250000,1,300,300,96.23,104.25,0,2503,300/300/300/300/300/300
1700000031.300000,1,300,300,95.86,94.06,0,2503,300/300/300/300/300/300
1700000031.350000,1,300,300,96.18,283.95,1,2482,300/300/300/282/256/300
1700000031.400000,1,300,300,95.20,81.76,0,2482,300/300/77/198/300/300
1700000031.450000,1,300,300,89.50,189.96,0,2482,300/300/118/300/300/300
1700000031.500000,1,300,300,79.86,311.99,1,2406,300/300/119/300/260/300
1700000031.550000,1,289,300,78.39,93.08,0,2406,289/300/300/300/221/300
1700000031.600000,1,300,300,77.89,75.89,0,2406,300/300/286/300/300/265
1700000031.650000,1,300,300,77.39,358.10,1,2421,300/300/300/300/300/300
1700000031.700000,1,239,300,72.49,106.39,0,2421,239/300/300/300/300/300
1700000031.750000,1,289,300,71.97,69.02,0,2421,289/300/300/300/300/283
1700000031.800000,1,295,300,68.79,218.03,1,2425,295/300/300/300/300/262
1700000031.850000,1,292,300,62.94,109.14,0,2425,292/300/300/277/300/245
1700000031.900000,1,300,300,57.79,86.69,0,2425,300/300/300/300/300/237
1700000031.950000,1,300,300,56.72,248.65,1,2390,300/300/300/277/300/300
1700000032.000000,1,300,300,56.75,97.78,0,2390,300/300/300/300/300/259
1700000032.050000,1,300,300,57.07,67.21,0,2390,300/300/300/274/300/240
1700000032.100000,1,300,300,57.62,206.95,1,2455,300/300/300/254/300/246
1700000032.150000,1,250,300,58.63,72.48,0,2455,250/300/300/156/300/300
1700000032.200000,1,226,300,61.78,54.80,0,2455,226/300/300/213/247/133
1700000032.250000,1,253,300,67.38,220.89,1,2437,253/300/300/130/140/137
1700000032.300000,1,246,300,70.16,100.29,0,2437,246/300/300/128/124/124
1700000032.350000,1,225,285,71.63,85.97,0,2437,225/285/300/176/103/153
1700000032.400000,1,300,300,72.13,237.77,1,2375,300/300/300/141/300/201
1700000032.450000,1,276,225,71.91,112.82,0,2375,276/225/300/148/300/129
1700000032.500000,1,300,300,71.01,92.51,0,2375,300/300/300/137/187/142
1700000032.550000,1,300,253,70.35,238.82,1,2376,300/253/300/138/201/139
1700000032.600000,1,300,269,69.75,99.68,0,2376,300/269/300/143/249/130
1700000032.650000,1,300,300,69.24,73.18,0,2376,300/300/300/283/300/148
1700000032.700000,1,300,300,68.94,235.14,1,2377,300/300/300/260/300/173
1700000032.750000,1,300,300,68.64,123.10,0,2377,300/300/300/251/300/158
1700000032.800000,1,300,300,68.39,78.89,0,2377,300/300/300/269/254/159
1700000032.850000,1,300,300,68.16,244.67,1,2433,300/300/300/257/239/300
1700000032.900000,1,300,300,67.92,111.89,0,2433,300/300/300/254/300/235
1700000032.950000,1,300,300,67.65,70.53,0,2433,300/300/300/249/300/300
1700000033.000000,1,300,300,67.49,219.52,1,2480,300/300/300/271/276/300
1700000033.050000,1,300,300,67.27,69.71,0,2480,300/300/300/291/300/300
1700000033.100000,1,300,300,67.09,73.04,0,2480,300/300/300/300/300/290
1700000033.150000,1,300,300,66.90,203.70,1,2519,300/300/300/300/300/300
1700000033.200000,1,300,300,66.73,65.87,0,2519,300/300/300/300/300/300
1700000033.250000,1,300,300,66.63,62.10,0,2519,300/300/300/300/300/300
1700000033.300000,1,300,300,66.57,201.71,1,2553,300/300/300/300/300/300
1700000033.350000,1,300,300,66.28,69.00,0,2553,300/300/300/300/300/300
1700000033.400000,1,300,300,66.17,59.45,0,2553,300/300/300/300/300/300
1700000033.450000,1,300,300,66.17,205.40,1,2602,300/300/300/300/300/300
1700000033.500000,1,300,300,66.07,56.94,0,2602,300/300/300/300/288/300
1700000033.550000,1,300,300,66.00,59.63,0,2602,300/300/300/300/285/300
1700000033.600000,1,300,300,65.95,208.34,1,2603,300/300/300/300/300/265
1700000033.650000,1,300,300,65.90,59.58,0,2603,300/300/300/300/300/300
1700000033.700000,1,300,300,65.80,62.81,0,2603,300/300/300/300/300/300
1700000033.750000,1,300,300,65.79,227.31,1,2618,300/300/300/300/300/300
1700000033.800000,1,300,300,65.75,57.50,0,2618,300/300/300/300/300/300
1700000033.850000,1,300,300,65.79,57.56,0,2618,300/300/300/300/300/300
1700000033.900000,1,300,300,65.85,233.94,1,2654,300/300/300/300/300/300
1700000033.950000,1,300,300,65.84,56.39,0,2654,300/300/300/300/300/300
1700000034.000000,1,300,300,65.92,55.61,0,2654,300/300/300/300/300/300
1700000034.050000,1,300,300,65.98,262.23,1,2689,300/300/300/300/300/300
1700000034.100000,1,300,300,66.20,57.61,0,2689,300/300/300/300/300/300
1700000034.150000,1,300,300,66.52,55.46,0,2689,300/300/300/300/300/300
1700000034.200000,1,300,300,66.28,233.90,1,2727,300/300/300/300/300/300
1700000034.250000,1,300,300,66.23,56.03,0,2727,300/300/300/300/300/300
1700000034.300000,1,300,300,66.29,55.24,0,2727,300/300/300/300/300/300
1700000034.350000,1,300,300,66.41,187.49,1,2779,300/300/300/300/300/300
1700000034.400000,1,300,300,66.53,53.48,0,2779,300/300/300/300/300/300
1700000034.450000,1,300,300,66.68,52.12,0,2779,300/300/300/300/300/300
1700000034.500000,1,300,300,66.88,247.73,1,2818,300/300/300/300/300/300
1700000034.550000,1,300,300,67.13,51.75,0,2818,300/300/300/300/300/300
1700000034.600000,1,300,300,67.15,54.30,0,2818,300/300/300/300/300/300
1700000034.650000,1,300,300,67.39,247.62,1,2840,300/300/300/300/300/300
1700000034.700000,1,300,300,67.47,52.55,0,2840,300/300/300/300/300/300
1700000034.750000,1,300,300,67.63,48.61,0,2840,300/300/300/300/300/300
1700000034.800000,1,300,300,67.96,271.37,1,2891,300/300/300/300/300/300
1700000034.850000,1,300,300,68.07,51.74,0,2891,300/300/300/300/300/300
1700000034.900000,1,300,300,68.22,52.95,0,2891,300/300/300/300/300/300
1700000034.950000,1,300,300,68.52,327.50,1,2900,300/300/300/300/300/300
1700000035.000000,1,300,300,68.57,52.33,0,2900,300/300/300/300/300/300
1700000035.050000,1,300,300,68.76,50.27,0,2900,300/300/300/300/300/300
1700000035.100000,1,300,300,68.97,251.63,1,2949,300/300/300/300/300/300
1700000035.150000,1,300,300,69.16,50.62,0,2949,300/300/300/300/300/300
1700000035.200000,1,300,300,69.35,51.54,0,2949,300/300/300/300/300/300
1700000035.250000,1,300,300,69.55,357.27,1,2989,300/300/300/300/300/300
1700000035.300000,1,300,300,69.78,52.56,0,2989,300/300/300/300/300/300
1700000035.350000,1,300,300,70.03,51.70,0,2989,300/300/300/300/300/300
1700000035.400000,1,300,300,70.21,225.65,1,3017,300/300/300/300/300/300
1700000035.450000,1,300,300,70.38,51.94,0,3017,300/300/300/300/300/300
1700000035.500000,1,300,300,70.67,51.20,0,3017,300/300/300/300/300/300
1700000035.550000,1,300,300,71.04,332.16,1,3170,300/300/300/300/300/300
1700000035.600000,1,300,300,71.14,50.48,0,3170,300/300/300/300/300/300
1700000035.650000,1,300,300,71.25,51.59,0,3170,300/300/300/300/300/300
1700000035.700000,1,300,300,71.39,310.78,1,3161,300/300/300/300/300/300
1700000035.750000,1,300,300,71.56,52.09,0,3161,300/300/300/300/300/300
1700000035.800000,1,300,300,71.74,50.87,0,3161,300/300/300/300/300/300
1700000035.850000,1,300,300,72.39,318.65,1,3170,300/300/300/300/300/300
1700000035.900000,1,300,300,72.14,51.21,0,3170,300/300/300/300/300/300
1700000035.950000,1,300,300,72.24,49.84,0,3170,300/300/300/300/300/300
1700000036.000000,1,300,300,72.36,327.85,1,3224,300/300/300/300/300/300
1700000036.050000,1,300,300,72.56,50.45,0,3224,300/300/300/300/300/300
1700000036.100000,1,300,300,72.79,51.62,0,3224,300/300/300/300/300/300
1700000036.150000,1,300,300,72.83,331.50,1,3199,300/300/300/300/300/300
1700000036.200000,1,300,300,72.92,51.01,0,3199,300/300/300/300/300/300
1700000036.250000,1,300,300,73.08,49.42,0,3199,300/300/300/300/300/300
1700000036.300000,1,300,300,73.49,334.18,1,3255,300/300/300/300/300/300
1700000036.350000,1,300,300,73.61,53.43,0,3255,300/300/300/300/300/300
1700000036.400000,1,300,300,73.38,50.15,0,3255,300/300/300/300/300/300
1700000036.450000,1,300,300,73.45,333.58,1,3357,300/300/300/300/300/300
1700000036.500000,1,300,300,73.62,50.16,0,3357,300/300/300/300/300/300
1700000036.550000,1,300,300,73.72,48.66,0,3357,300/300/300/300/300/300
1700000036.600000,1,300,300,73.73,332.16,1,3357,300/300/300/300/300/300
1700000036.650000,1,300,300,74.13,48.59,0,3357,300/300/300/300/300/300
1700000036.700000,1,300,300,73.87,49.80,0,3357,300/300/300/300/300/300
1700000036.750000,1,300,300,73.98,308.94,1,3375,300/300/300/300/300/300
1700000036.800000,1,300,300,74.07,50.08,0,3375,300/300/300/300/300/300
1700000036.850000,1,300,300,74.25,51.82,0,3375,300/300/300/300/300/300
1700000036.900000,1,300,300,75.38,338.08,1,3347,300/300/300/300/300/300
1700000036.950000,1,300,300,74.52,49.83,0,3347,300/300/300/300/300/300
1700000037.000000,1,300,300,74.44,50.67,0,3347,300/300/300/300/300/300
1700000037.050000,1,300,300,74.54,381.61,1,3316,300/300/300/300/300/300
1700000037.100000,1,300,300,74.43,49.76,0,3316,300/300/300/300/300/300
1700000037.150000,1,300,300,74.39,50.50,0,3316,300/300/300/300/300/300
1700000037.200000,1,300,300,74.42,329.13,1,3307,300/300/300/300/300/300
1700000037.250000,1,300,300,74.46,52.36,0,3307,300/300/300/300/300/300
1700000037.300000,1,300,300,74.48,50.89,0,3307,300/300/300/300/300/300
1700000037.350000,1,300,300,74.47,368.73,1,3279,300/300/300/300/300/300
1700000037.400000,1,300,300,74.49,53.49,0,3279,300/300/300/300/300/300
1700000037.450000,1,300,300,74.50,54.44,0,3279,300/300/300/300/300/300
1700000037.500000,1,300,300,74.53,376.73,1,3276,300/300/300/300/300/300
1700000037.550000,1,300,300,74.52,50.13,0,3276,300/300/300/300/300/300
1700000037.600000,1,300,300,74.49,51.72,0,3276,300/300/300/300/300/300
1700000037.650000,1,300,300,74.56,327.86,1,3306,300/300/300/300/300/300
1700000037.700000,1,300,300,74.65,55.36,0,3306,300/300/300/300/300/300
1700000037.750000,1,300,300,74.53,51.24,0,3306,300/300/300/300/300/300
1700000037.800000,1,300,300,74.59,328.60,1,3289,300/300/300/300/300/300
1700000037.850000,1,300,300,74.38,54.44,0,3289,300/300/300/300/300/300
1700000037.900000,1,300,300,74.36,53.10,0,3289,300/300/300/300/300/300
1700000037.950000,1,300,300,74.29,330.98,1,3249,300/300/300/300/300/300
1700000038.000000,1,300,300,74.27,54.40,0,3249,300/300/300/300/300/300
1700000038.050000,1,300,300,74.25,54.02,0,3249,300/300/300/300/300/300
1700000038.100000,1,300,300,74.16,326.97,1,3227,300/300/300/300/300/300
1700000038.150000,1,300,300,74.05,55.01,0,3227,300/300/300/300/300/300
1700000038.200000,1,300,300,73.97,53.75,0,3227,300/300/300/300/300/300
1700000038.250000,1,300,300,73.91,329.28,1,3257,300/300/300/300/300/300
1700000038.300000,1,300,300,74.12,54.30,0,3257,300/300/300/300/300/300
1700000038.350000,1,300,300,73.82,52.76,0,3257,300/300/300/300/300/300
1700000038.400000,1,300,300,73.76,239.14,1,3237,300/300/300/300/300/300
1700000038.450000,1,300,300,73.88,54.84,0,3237,300/300/300/300/300/300
1700000038.500000,1,300,300,73.81,52.61,0,3237,300/300/300/300/300/300
1700000038.550000,1,300,300,73.98,330.61,1,3204,300/300/300/300/300/300
1700000038.600000,1,300,300,73.50,55.64,0,3204,300/300/300/300/300/300
1700000038.650000,1,300,300,73.43,54.39,0,3204,300/300/300/300/300/300
1700000038.700000,1,300,300,73.36,238.33,1,3221,300/300/300/300/300/300
1700000038.750000,1,300,300,73.27,52.61,0,3221,300/300/300/300/300/300
1700000038.800000,1,300,300,73.18,52.39,0,3221,300/300/300/300/300/300
1700000038.850000,1,300,300,73.09,334.83,1,3187,300/300/300/300/300/300
1700000038.900000,1,300,300,72.99,55.32,0,3187,300/300/300/300/300/300
1700000038.950000,1,300,300,72.97,54.82,0,3187,300/300/300/300/300/300
1700000039.000000,1,300,300,72.90,339.89,1,3209,300/300/300/300/300/300
1700000039.050000,1,300,300,72.93,56.00,0,3209,300/300/300/300/300/300
1700000039.100000,1,300,300,73.15,57.77,0,3209,300/300/300/300/300/300
1700000039.150000,1,300,300,73.08,339.81,1,3221,300/300/300/300/300/300
1700000039.200000,1,300,300,72.96,56.49,0,3221,300/300/300/300/300/300
1700000039.250000,1,300,300,73.93,57.64,0,3221,300/300/300/300/300/300
1700000039.300000,1,300,300,72.60,273.22,1,3215,300/300/300/300/300/300
1700000039.350000,1,300,300,72.48,52.62,0,3215,300/300/300/300/300/300
1700000039.400000,1,300,300,72.09,55.71,0,3215,300/300/300/300/300/300
1700000039.450000,1,300,300,71.99,323.86,1,3249,300/300/300/300/300/300
1700000039.500000,1,300,300,71.81,53.06,0,3249,300/300/300/300/300/300
1700000039.550000,1,300,300,71.64,55.54,0,3249,300/300/300/300/300/300
1700000039.600000,1,300,300,71.51,259.35,1,3201,300/300/300/300/300/300
1700000039.650000,1,300,300,71.38,51.89,0,3201,300/300/300/300/300/300
1700000039.700000,1,300,300,71.25,51.49,0,3201,300/300/300/300/300/300
1700000039.750000,1,300,300,71.14,332.95,1,3176,300/300/300/300/300/300
1700000039.800000,1,300,300,70.99,55.28,0,3176,300/300/300/300/300/300
1700000039.850000,1,300,300,70.86,53.38,0,3176,300/300/300/300/300/300
1700000039.900000,1,300,300,70.73,326.60,1,3149,300/300/300/300/300/300
1700000039.950000,1,300,300,70.56,53.79,0,3149,300/300/300/300/300/300
1700000040.000000,1,300,300,70.41,52.48,0,3149,300/300/300/300/300/300
1700000040.050000,1,300,300,70.24,334.86,1,3155,300/300/300/300/300/300
1700000040.100000,1,300,300,70.20,52.90,0,3155,300/300/300/300/300/300
1700000040.150000,1,300,300,69.95,55.64,0,3155,300/300/300/300/300/300
1700000040.200000,1,300,300,69.75,343.77,1,3144,300/300/300/300/300/300
1700000040.250000,1,300,300,69.55,53.09,0,3144,300/300/300/300/300/300
1700000040.300000,1,300,300,69.41,52.11,0,3144,300/300/300/300/300/300
1700000040.350000,1,300,300,69.21,377.41,1,3129,300/300/300/300/300/300
1700000040.400000,1,300,300,69.02,56.10,0,3129,300/300/300/300/300/300
1700000040.450000,1,300,300,68.82,53.68,0,3129,300/300/300/300/300/300
1700000040.500000,1,300,300,68.63,323.70,1,3125,300/300/300/300/300/300
1700000040.550000,1,300,300,68.46,55.97,0,3125,300/300/300/300/300/300
1700000040.600000,1,300,300,68.29,53.51,0,3125,300/300/300/300/300/300
1700000040.650000,1,300,300,68.15,300.20,1,3127,300/300/300/300/300/300
1700000040.700000,1,300,300,68.14,51.78,0,3127,300/300/300/300/300/300
1700000040.750000,1,300,300,67.89,52.83,0,3127,300/300/300/300/300/300
1700000040.800000,1,300,300,67.85,241.76,1,3113,300/300/300/300/300/300
1700000040.850000,1,300,300,67.66,54.06,0,3113,300/300/300/300/300/300
1700000040.900000,1,300,300,67.52,54.86,0,3113,300/300/300/300/300/300
1700000040.950000,1,300,300,67.36,228.55,1,3083,300/300/300/300/300/300
1700000041.000000,1,300,300,67.28,51.06,0,3083,300/300/300/300/300/300
1700000041.050000,1,300,300,67.17,57.29,0,3083,300/300/300/300/300/300
1700000041.100000,1,300,300,67.07,351.66,1,3105,300/300/300/300/300/300
1700000041.150000,1,300,300,67.01,55.38,0,3105,300/300/300/300/300/300
1700000041.200000,1,300,300,67.29,54.95,0,3105,300/300/300/300/300/300
1700000041.250000,1,300,300,66.96,315.97,1,3106,300/300/300/300/300/300
1700000041.300000,1,300,300,66.79,57.04,0,3106,300/300/300/300/300/300
1700000041.350000,1,300,300,66.76,59.08,0,3106,300/300/300/300/300/300
1700000041.400000,1,300,300,66.68,320.10,1,3127,300/300/300/300/300/300
1700000041.450000,1,300,300,66.60,57.33,0,3127,300/300/300/300/300/300
1700000041.500000,1,300,300,66.41,55.09,0,3127,300/300/300/300/300/300
1700000041.550000,1,300,300,66.35,319.05,1,3139,300/300/300/300/300/300
1700000041.600000,1,300,300,66.28,53.64,0,3139,300/300/300/300/300/300
1700000041.650000,1,300,300,66.22,56.07,0,3139,300/300/300/300/300/300
1700000041.700000,1,300,300,66.16,222.85,1,3118,300/300/300/300/300/300
1700000041.750000,1,300,300,66.11,57.15,0,3118,300/300/300/300/300/300
1700000041.800000,1,300,300,66.04,54.21,0,3118,300/300/300/300/300/300
1700000041.850000,1,300,300,65.98,304.94,1,3141,300/300/300/300/300/300
1700000041.900000,1,300,300,65.93,55.07,0,3141,300/300/300/300/300/300
1700000041.950000,1,300,300,65.84,58.04,0,3141,300/300/300/300/300/300
1700000042.000000,1,300,300,65.75,309.41,1,3168,300/300/300/300/300/300
1700000042.050000,1,300,300,65.69,57.45,0,3168,300/300/300/300/300/300
1700000042.100000,1,300,300,65.63,59.85,0,3168,300/300/300/300/300/300
1700000042.150000,1,300,300,65.56,315.30,1,3185,300/300/300/300/300/300
1700000042.200000,1,300,300,65.51,57.28,0,3185,300/300/300/300/300/300
1700000042.250000,1,300,300,65.58,58.79,0,3185,300/300/300/300/300/300
1700000042.300000,1,300,300,65.68,309.43,1,3160,300/300/300/300/300/300
1700000042.350000,1,300,300,65.79,58.43,0,3160,300/300/300/300/300/300
1700000042.400000,1,300,300,65.96,57.44,0,3160,300/300/300/300/300/300
1700000042.450000,1,300,300,65.36,314.10,1,3160,300/300/300/300/300/300
1700000042.500000,1,300,300,65.33,56.86,0,3160,300/300/300/300/300/300
1700000042.550000,1,300,300,65.45,56.68,0,3160,300/300/300/300/300/300
1700000042.600000,1,300,300,65.38,340.45,1,3220,300/300/300/300/300/300
1700000042.650000,1,300,300,65.54,56.59,0,3220,300/300/300/300/300/300
1700000042.700000,1,300,300,65.43,57.80,0,3220,300/300/300/300/300/300
1700000042.750000,1,300,300,65.32,317.80,1,3185,300/300/300/300/300/300
1700000042.800000,1,300,300,65.25,59.70,0,3185,300/300/300/300/300/300
1700000042.850000,1,282,300,65.24,59.04,0,3185,282/300/300/300/300/300
1700000042.900000,1,300,300,65.17,324.76,1,3177,300/300/300/300/300/300
1700000042.950000,1,286,300,65.16,56.74,0,3177,286/300/300/300/300/300
1700000043.000000,1,300,300,65.21,57.52,0,3177,300/300/300/300/300/300
1700000043.050000,1,300,300,65.33,331.21,1,3175,300/300/300/300/300/300
1700000043.100000,1,300,300,65.38,60.59,0,3175,300/300/300/300/300/300
1700000043.150000,1,300,300,65.44,60.74,0,3175,300/300/300/300/300/300
1700000043.200000,1,300,300,65.75,350.73,1,3164,300/300/300/300/300/300
1700000043.250000,1,300,300,65.85,61.17,0,3164,300/300/300/300/300/300
1700000043.300000,1,300,300,66.11,61.02,0,3164,300/300/300/300/300/300
1700000043.350000,1,300,300,66.40,314.88,1,3176,300/300/300/300/300/300
1700000043.400000,1,300,300,66.71,60.25,0,3176,300/300/300/300/300/300
1700000043.450000,1,300,300,67.02,71.83,0,3176,300/300/300/300/300/300
1700000043.500000,1,300,300,67.40,234.14,1,3178,300/300/300/300/300/300
1700000043.550000,1,300,300,67.81,64.51,0,3178,300/300/300/300/300/300
1700000043.600000,1,300,300,68.26,60.85,0,3178,300/300/300/300/300/300
1700000043.650000,1,300,300,68.70,451.89,1,3179,300/300/300/300/300/300
1700000043.700000,1,300,300,69.14,63.69,0,3179,300/300/300/300/300/300
1700000043.750000,1,300,300,69.57,70.29,0,3179,300/300/276/300/300/300
1700000043.800000,1,300,300,70.01,363.12,1,3152,300/300/250/300/265/300
1700000043.850000,1,300,300,70.43,64.01,0,3152,300/300/237/300/262/300
1700000043.900000,1,300,300,70.81,61.13,0,3152,300/300/221/300/253/300
1700000043.950000,1,300,300,71.18,234.50,1,3133,300/300/210/300/247/300
1700000044.000000,1,300,300,71.53,63.94,0,3133,300/300/211/280/240/300
1700000044.050000,1,300,300,71.90,65.38,0,3133,300/300/300/300/300/300
1700000044.100000,1,300,300,72.10,332.40,1,3084,300/300/256/300/300/300
1700000044.150000,1,300,300,72.30,65.75,0,3084,300/300/300/300/258/300
1700000044.200000,1,300,300,72.51,63.72,0,3084,300/300/300/300/249/300
1700000044.250000,1,300,300,72.68,311.44,1,3099,300/300/269/300/243/300
1700000044.300000,1,300,300,72.78,62.13,0,3099,300/300/269/300/246/300
1700000044.350000,1,300,300,72.87,60.50,0,3099,300/300/257/300/300/300
1700000044.400000,1,300,300,72.95,352.45,1,3051,300/300/247/300/300/300
1700000044.450000,1,300,300,72.89,60.86,0,3051,300/300/267/300/279/300
1700000044.500000,1,300,300,72.89,62.36,0,3051,300/300/300/300/300/300
1700000044.550000,1,300,300,72.83,200.77,1,2986,300/300/295/300/284/300
1700000044.600000,1,300,272,72.77,68.27,0,2986,300/272/282/300/271/300
1700000044.650000,1,300,300,72.69,62.85,0,2986,300/300/300/300/279/300
1700000044.700000,1,300,300,72.34,303.76,1,2958,300/300/300/300/300/300
1700000044.750000,1,300,300,72.61,65.53,0,2958,300/300/300/300/300/300
1700000044.800000,1,300,300,71.92,63.39,0,2958,300/300/296/300/289/300
1700000044.850000,1,300,300,71.73,304.68,1,2948,300/300/292/300/300/300
1700000044.900000,1,300,300,71.65,63.13,0,2948,300/300/300/300/300/300
1700000044.950000,1,300,300,71.37,60.56,0,2948,300/300/300/300/300/300
1700000045.000000,1,300,300,71.30,309.06,1,2970,300/300/300/300/300/300
1700000045.050000,1,300,300,71.08,63.02,0,2970,300/300/300/300/300/300
1700000045.100000,1,300,300,70.92,60.42,0,2970,300/300/300/300/300/300
1700000045.150000,1,300,300,70.86,335.37,1,2962,300/300/300/300/300/300
1700000045.200000,1,300,300,70.63,56.89,0,2962,300/300/300/300/300/300
1700000045.250000,1,300,300,70.30,58.49,0,2962,300/300/300/300/300/300
1700000045.300000,1,300,300,70.16,301.06,1,2953,300/300/300/300/300/300
1700000045.350000,1,300,300,69.99,55.47,0,2953,300/300/300/300/300/300
1700000045.400000,1,300,300,69.70,53.60,0,2953,300/300/300/300/300/300
1700000045.450000,1,300,300,69.45,298.56,1,2949,300/300/300/300/300/300
1700000045.500000,1,300,300,69.24,58.56,0,2949,300/300/300/300/300/300
1700000045.550000,1,300,300,69.06,55.76,0,2949,300/300/300/300/300/300
1700000045.600000,1,300,300,68.90,304.14,1,2892,300/300/300/300/300/300
1700000045.650000,1,300,300,68.67,64.28,0,2892,300/300/300/300/300/300
1700000045.700000,1,300,300,68.46,62.57,0,2892,300/300/300/300/300/300
1700000045.750000,1,300,300,68.28,300.88,1,2871,300/300/300/300/300/300
1700000045.800000,1,300,300,68.16,63.65,0,2871,300/300/300/300/300/300
1700000045.850000,1,300,300,68.16,62.67,0,2871,300/300/300/300/300/300
1700000045.900000,1,300,300,68.09,424.22,1,2862,300/300/300/300/300/300
1700000045.950000,1,300,300,68.03,58.58,0,2862,300/300/300/300/300/300
1700000046.000000,1,300,300,68.03,62.03,0,2862,300/300/300/300/300/300
1700000046.050000,1,300,300,68.06,376.73,1,2843,300/300/300/300/300/300
1700000046.100000,1,300,300,68.15,60.91,0,2843,300/300/300/300/300/300
1700000046.150000,1,300,300,68.19,60.69,0,2843,300/300/300/300/300/300
1700000046.200000,1,300,300,68.16,382.24,1,2825,300/300/300/300/300/300
1700000046.250000,1,300,300,68.15,61.59,0,2825,300/300/300/300/300/300
1700000046.300000,1,300,300,68.15,60.41,0,2825,300/300/300/300/300/300
1700000046.350000,1,300,300,68.13,356.30,1,2844,300/300/300/300/300/300
1700000046.400000,1,300,300,68.12,61.84,0,2844,300/300/300/300/300/300
1700000046.450000,1,300,300,68.07,62.22,0,2844,300/300/300/300/300/300
1700000046.500000,1,300,300,68.08,388.57,1,2846,300/300/300/300/300/300
1700000046.550000,1,300,300,67.86,59.86,0,2846,300/300/300/300/300/300
1700000046.600000,1,300,300,67.57,57.38,0,2846,300/300/300/300/300/300
1700000046.650000,1,300,300,67.33,490.31,1,2817,300/300/300/300/300/300
1700000046.700000,1,300,300,67.17,58.01,0,2817,300/300/300/300/300/300
1700000046.750000,1,300,300,66.97,61.51,0,2817,300/300/300/300/300/300
1700000046.800000,1,300,300,66.86,272.38,1,2874,300/300/300/300/300/300
1700000046.850000,1,300,300,66.73,60.11,0,2874,300/300/300/300/300/300
1700000046.900000,1,300,300,66.69,58.95,0,2874,300/300/300/300/300/300
1700000046.950000,1,300,300,66.77,322.07,1,2897,300/300/300/300/300/300
1700000047.000000,1,300,300,66.94,65.46,0,2897,300/300/300/300/300/300
1700000047.050000,1,300,300,66.96,60.33,0,2897,300/300/300/300/300/300
1700000047.100000,1,300,300,66.93,352.40,1,2900,300/300/300/300/300/300
1700000047.150000,1,300,300,66.91,65.64,0,2900,300/300/300/300/300/300
1700000047.200000,1,300,300,67.03,61.31,0,2900,300/300/300/300/300/300
1700000047.250000,1,300,300,67.14,316.29,1,2905,300/300/300/300/300/300
1700000047.300000,1,300,300,67.35,61.50,0,2905,300/300/300/300/300/300
1700000047.350000,1,300,300,67.46,62.09,0,2905,300/300/300/300/300/300
1700000047.400000,1,300,300,67.57,301.22,1,2937,300/300/300/300/300/300
1700000047.450000,1,300,300,67.62,58.07,0,2937,300/300/300/300/300/300
1700000047.500000,1,300,300,67.62,56.61,0,2937,300/300/300/300/300/300
1700000047.550000,1,300,300,67.61,299.80,1,2962,300/300/300/300/300/300
1700000047.600000,1,300,300,67.58,55.75,0,2962,300/300/300/300/300/300
1700000047.650000,1,300,300,67.57,56.97,0,2962,300/300/300/300/300/300
1700000047.700000,1,300,300,67.60,262.39,1,2988,300/300/300/300/300/300
1700000047.750000,1,300,300,67.52,54.45,0,2988,300/300/300/300/300/300
1700000047.800000,1,300,300,66.92,55.07,0,2988,300/300/300/300/300/300
1700000047.850000,1,300,300,66.72,299.33,1,3031,300/300/300/300/300/300
1700000047.900000,1,300,300,66.43,56.33,0,3031,300/300/300/300/300/300
1700000047.950000,1,300,300,66.17,56.28,0,3031,300/300/300/300/300/300
1700000048.000000,1,300,300,66.06,260.33,1,3079,300/300/300/300/300/300
1700000048.050000,1,300,300,65.52,54.63,0,3079,300/300/300/300/300/300
1700000048.100000,1,300,300,65.10,55.11,0,3079,300/300/300/300/300/300
1700000048.150000,1,300,300,64.86,265.63,1,3187,300/300/300/300/300/300
1700000048.200000,1,300,300,64.56,54.35,0,3187,300/300/300/300/300/300
1700000048.250000,1,300,300,64.35,51.15,0,3187,300/300/300/300/300/300
1700000048.300000,1,300,300,64.18,304.75,1,3179,300/300/300/300/300/300
1700000048.350000,1,300,300,64.04,49.72,0,3179,300/300/300/300/300/300
1700000048.400000,1,300,300,63.93,48.32,0,3179,300/300/300/300/300/300
1700000048.450000,1,300,300,63.87,260.91,1,3197,300/300/300/300/300/300
1700000048.500000,1,300,300,63.84,49.18,0,3197,300/300/300/300/300/300
1700000048.550000,1,300,300,63.83,47.97,0,3197,300/300/300/300/300/300
1700000048.600000,1,300,300,63.73,273.37,1,3210,300/300/300/300/300/300
1700000048.650000,1,300,300,63.79,48.07,0,3210,300/300/300/300/300/300
1700000048.700000,1,300,300,63.67,48.18,0,3210,300/300/300/300/300/300
1700000048.750000,1,300,300,63.73,273.31,1,3234,300/300/300/300/300/300
1700000048.800000,1,300,300,63.74,50.06,0,3234,300/300/300/300/300/300
1700000048.850000,1,300,300,63.92,47.87,0,3234,300/300/300/300/300/300
1700000048.900000,1,300,300,64.09,270.18,1,3269,300/300/300/300/300/300
1700000048.950000,1,300,300,63.87,48.12,0,3269,300/300/300/300/300/300
1700000049.000000,1,300,300,63.96,47.67,0,3269,300/300/300/300/300/300
1700000049.050000,1,300,300,64.05,280.10,1,3288,300/300/300/300/300/300
1700000049.100000,1,300,300,64.23,47.58,0,3288,300/300/300/300/300/300
1700000049.150000,1,300,300,64.31,48.74,0,3288,300/300/300/300/300/300
1700000049.200000,1,300,300,64.50,287.12,1,3279,300/300/300/300/300/300
1700000049.250000,1,300,300,64.70,51.37,0,3279,300/300/300/300/300/300
1700000049.300000,1,300,300,64.92,49.17,0,3279,300/300/300/300/300/300
1700000049.350000,1,300,300,64.88,282.74,1,3272,300/300/300/300/300/300
1700000049.400000,1,300,300,65.00,49.26,0,3272,300/300/300/300/300/300
1700000049.450000,1,300,300,65.08,51.21,0,3272,300/300/300/300/300/300
1700000049.500000,1,300,300,65.22,285.74,1,3272,300/300/300/300/300/300
1700000049.550000,1,300,300,65.51,50.34,0,3272,300/300/296/300/300/300
1700000049.600000,1,300,300,65.46,50.47,0,3272,300/300/300/300/300/300
1700000049.650000,1,300,300,65.62,290.66,1,3321,300/300/300/300/300/300
1700000049.700000,1,300,300,65.78,51.54,0,3321,300/300/300/300/300/300
1700000049.750000,1,300,300,65.94,46.13,0,3321,300/300/300/300/300/300
1700000049.800000,1,300,300,66.25,348.27,1,3374,300/300/300/300/300/300
1700000049.850000,1,300,300,66.86,47.26,0,3374,300/300/300/300/300/300
1700000049.900000,1,300,300,67.60,51.16,0,3374,300/300/300/300/300/300
1700000049.950000,1,300,300,66.75,306.14,1,3365,300/300/300/300/300/300
1700000050.000000,1,300,300,66.94,49.74,0,3365,300/300/300/300/300/300
1700000050.050000,1,300,300,67.16,46.93,0,3365,300/300/300/300/300/300
1700000050.100000,1,300,300,67.25,303.89,1,3362,300/300/300/300/300/300
1700000050.150000,1,300,300,67.52,49.32,0,3362,300/300/300/300/300/300
1700000050.200000,1,300,300,67.79,46.93,0,3362,300/300/300/300/300/300
1700000050.250000,1,300,300,68.07,309.24,1,3368,300/300/300/300/300/300
1700000050.300000,1,300,300,68.29,48.47,0,3368,300/300/300/300/300/300
1700000050.350000,1,300,300,68.63,48.56,0,3368,300/300/300/300/300/300
1700000050.400000,1,300,300,68.84,478.03,1,3346,300/300/300/300/300/300
1700000050.450000,1,300,300,68.94,50.42,0,3346,300/300/300/300/300/300
1700000050.500000,1,300,300,69.23,49.50,0,3346,300/300/300/300/300/300
1700000050.550000,1,300,300,69.49,358.08,1,3332,300/300/300/300/300/300
1700000050.600000,1,300,300,69.73,49.69,0,3332,300/300/300/300/300/300
1700000050.650000,1,300,300,70.12,49.99,0,3332,300/300/300/300/300/300
1700000050.700000,1,300,300,70.35,365.33,1,3336,300/300/300/300/300/300
1700000050.750000,1,300,300,70.75,48.57,0,3336,300/300/300/300/300/300
1700000050.800000,1,300,300,70.99,48.37,0,3336,300/300/300/300/300/300
1700000050.850000,1,300,300,71.31,435.64,1,3283,300/300/300/300/300/300
1700000050.900000,1,300,300,71.67,50.21,0,3283,300/300/300/300/300/300
1700000050.950000,1,300,300,72.67,53.39,0,3283,300/300/300/300/300/300
1700000051.000000,1,300,300,72.47,295.63,1,3266,300/300/300/300/300/300
1700000051.050000,1,300,300,72.88,51.81,0,3266,300/300/300/300/300/300
1700000051.100000,1,300,300,73.36,50.91,0,3266,300/300/300/300/300/300
1700000051.150000,1,300,300,73.76,387.36,1,3246,300/300/300/300/300/300
1700000051.200000,1,300,300,74.33,53.84,0,3246,300/300/300/300/300/300
1700000051.250000,1,300,300,74.80,54.21,0,3246,300/300/300/300/300/300
1700000051.300000,1,300,300,75.37,298.78,1,3261,300/300/300/300/300/300
1700000051.350000,1,300,300,75.91,53.25,0,3261,300/300/300/300/300/300
1700000051.400000,1,300,300,76.41,53.60,0,3261,300/300/300/300/300/300
1700000051.450000,1,300,300,77.06,317.90,1,3210,300/300/300/300/300/300
1700000051.500000,1,300,300,77.76,57.25,0,3210,300/300/300/300/300/300
1700000051.550000,1,300,300,78.49,54.66,0,3210,300/300/300/300/300/300
1700000051.600000,1,300,300,79.23,314.61,1,3175,300/300/300/300/300/300
1700000051.650000,1,300,300,80.07,55.86,0,3175,300/300/300/300/300/300
1700000051.700000,1,300,300,81.01,53.13,0,3175,300/300/300/300/300/300
1700000051.750000,1,300,300,81.87,312.94,1,3175,300/300/300/300/300/300
1700000051.800000,1,300,300,82.89,56.85,0,3175,300/300/300/300/300/300
1700000051.850000,1,300,300,84.04,56.96,0,3175,300/300/300/300/300/300
1700000051.900000,1,300,300,85.28,314.48,1,3121,300/300/300/300/300/300
1700000051.950000,1,300,300,86.72,59.72,0,3121,300/300/300/300/300/300
1700000052.000000,1,300,300,88.09,64.02,0,3121,300/300/300/300/300/300
1700000052.050000,1,300,300,89.74,309.99,1,3080,300/300/300/300/300/300
1700000052.100000,1,300,300,91.59,66.60,0,3080,300/300/300/300/300/300
1700000052.150000,1,300,300,93.28,65.77,0,3080,300/300/300/300/300/300
1700000052.200000,1,300,300,95.07,310.70,1,3013,300/300/300/300/300/300
1700000052.250000,1,300,300,96.94,66.44,0,3013,300/300/300/300/300/300
1700000052.300000,1,300,300,99.25,72.12,0,3013,300/300/300/300/300/300
1700000052.350000,1,300,300,101.50,298.41,1,2984,300/300/300/300/300/300
1700000052.400000,1,293,300,103.95,79.44,0,2984,293/300/300/300/300/297
1700000052.450000,1,300,300,106.26,72.29,0,2984,300/300/300/300/300/271
1700000052.500000,1,300,285,108.01,282.77,1,2966,300/285/300/300/300/300
1700000052.550000,1,265,300,108.97,71.42,0,2966,265/300/300/300/300/279
1700000052.600000,1,300,300,113.87,102.76,0,2966,300/300/300/248/300/300
1700000052.650000,1,300,300,118.58,320.83,1,2914,300/300/300/239/300/280
1700000052.700000,1,283,300,119.45,82.53,0,2914,283/300/300/177/300/298
1700000052.750000,1,237,300,116.56,96.27,0,2914,237/300/300/300/300/300
1700000052.800000,1,227,300,113.54,281.23,1,2855,227/300/300/263/300/258
1700000052.850000,1,187,300,108.56,116.69,0,2855,187/300/300/300/300/300
1700000052.900000,1,300,300,103.07,92.83,0,2855,300/300/300/300/300/300
1700000052.950000,1,300,300,98.57,350.71,1,2814,300/300/240/300/300/300
1700000053.000000,1,300,300,94.87,111.89,0,2814,300/300/213/161/300/300
1700000053.050000,1,300,300,91.66,83.18,0,2814,300/300/228/233/300/300
1700000053.100000,1,300,295,88.92,293.29,1,2728,300/295/238/209/292/287
1700000053.150000,1,300,273,86.58,89.20,0,2728,300/273/300/193/280/300
1700000053.200000,1,300,257,84.63,91.68,0,2728,300/257/300/211/254/300
1700000053.250000,1,300,262,82.94,252.33,1,2682,300/262/300/203/300/290
1700000053.300000,1,300,257,81.55,78.58,0,2682,300/257/300/300/264/272
1700000053.350000,1,300,255,80.34,85.22,0,2682,300/255/300/250/300/294
1700000053.400000,1,300,255,79.28,260.24,1,2659,300/255/300/242/278/258
1700000053.450000,1,300,276,78.27,71.09,0,2659,300/276/300/300/300/300
1700000053.500000,1,300,293,77.42,78.46,0,2659,300/293/300/270/278/300
1700000053.550000,1,300,296,76.71,240.44,1,2636,300/296/300/266/278/279
1700000053.600000,1,300,300,76.11,69.36,0,2636,300/300/300/256/300/275
1700000053.650000,1,300,300,75.60,72.40,0,2636,300/300/300/258/300/264
1700000053.700000,1,300,300,75.14,243.79,1,2653,300/300/300/259/300/264
1700000053.750000,1,300,300,74.79,66.68,0,2653,300/300/300/265/300/270
1700000053.800000,1,300,300,74.58,66.67,0,2653,300/300/300/258/300/263
1700000053.850000,1,300,300,74.40,355.92,1,2579,300/300/300/275/300/300
1700000053.900000,1,300,300,73.95,72.61,0,2579,300/300/300/268/300/300
1700000053.950000,1,300,300,73.72,71.51,0,2579,300/300/300/264/300/300
1700000054.000000,1,300,300,73.53,291.48,1,2582,300/300/300/265/300/300
1700000054.050000,1,300,300,73.33,73.36,0,2582,300/300/300/261/300/300
1700000054.100000,1,300,300,73.17,71.91,0,2582,300/300/300/268/300/300
1700000054.150000,1,300,300,73.03,240.06,1,2567,300/300/300/300/300/300
1700000054.200000,1,300,300,72.92,81.49,0,2567,300/300/300/300/300/300
1700000054.250000,1,300,300,72.97,76.32,0,2567,300/300/300/300/300/300
1700000054.300000,1,300,300,72.77,234.69,1,2566,300/300/300/300/300/300
1700000054.350000,1,300,300,72.74,78.97,0,2566,300/300/300/300/300/300
1700000054.400000,1,300,300,72.74,82.03,0,2566,300/300/300/300/300/300
1700000054.450000,1,300,300,72.76,287.07,1,2544,300/300/300/300/300/300
1700000054.500000,1,300,300,72.78,74.10,0,2544,300/300/300/300/300/300
1700000054.550000,1,300,300,72.84,72.68,0,2544,300/300/300/300/300/300
1700000054.600000,1,300,300,72.91,224.12,1,2549,300/300/300/300/300/300
1700000054.650000,1,300,300,73.01,67.27,0,2549,300/300/300/300/300/300
1700000054.700000,1,300,300,73.13,65.11,0,2549,300/300/300/300/300/300
1700000054.750000,1,300,300,73.36,218.32,1,2545,300/300/300/300/300/300
1700000054.800000,1,300,300,73.43,64.17,0,2545,300/300/300/300/300/298
1700000054.850000,1,300,300,73.49,66.66,0,2545,300/300/300/300/300/300
1700000054.900000,1,300,300,73.66,222.16,1,2573,300/300/300/300/293/300
1700000054.950000,1,300,300,73.57,66.86,0,2573,300/300/300/300/300/283
1700000055.000000,1,300,300,73.62,65.81,0,2573,300/300/300/271/300/300
1700000055.050000,1,300,300,73.72,248.07,1,2572,300/300/300/300/300/300
1700000055.100000,1,300,300,73.86,70.42,0,2572,300/300/300/300/300/300
1700000055.150000,1,300,300,74.03,64.89,0,2572,300/300/300/300/300/299
1700000055.200000,1,300,300,74.06,220.27,1,2604,300/300/300/300/300/294
1700000055.250000,1,300,300,74.17,62.52,0,2604,300/300/300/300/300/300
1700000055.300000,1,300,300,74.24,60.08,0,2604,300/300/300/300/292/300
1700000055.350000,1,300,300,74.31,257.46,1,2608,300/300/300/300/300/300
1700000055.400000,1,300,300,74.41,59.64,0,2608,300/300/300/300/300/300
1700000055.450000,1,300,300,74.42,58.20,0,2608,300/300/300/300/300/300
1700000055.500000,1,300,300,74.54,235.76,1,2636,300/300/300/300/300/300
1700000055.550000,1,300,300,74.57,56.94,0,2636,300/300/300/300/300/300
1700000055.600000,1,300,300,74.66,60.28,0,2636,300/300/300/300/300/300
1700000055.650000,1,300,300,74.88,236.51,1,2659,300/300/300/300/300/300
1700000055.700000,1,300,300,75.00,62.38,0,2659,300/300/300/300/300/300
1700000055.750000,1,300,300,74.99,61.76,0,2659,300/300/300/300/300/300
1700000055.800000,1,300,300,75.07,240.13,1,2657,300/300/300/300/300/300
1700000055.850000,1,300,300,76.55,58.18,0,2657,300/300/300/300/300/300
1700000055.900000,1,300,300,75.60,57.77,0,2657,300/300/300/300/300/300
1700000055.950000,1,300,300,75.15,246.43,1,2673,300/300/300/300/300/300
1700000056.000000,1,300,300,75.14,57.23,0,2673,300/300/300/300/300/300
1700000056.050000,1,300,300,75.19,57.93,0,2673,300/300/300/300/300/300
1700000056.100000,1,300,300,75.25,239.83,1,2700,300/300/300/300/300/300
1700000056.150000,1,300,300,75.29,55.61,0,2700,300/300/300/300/300/300
1700000056.200000,1,300,300,75.33,55.87,0,2700,300/300/300/300/300/300
1700000056.250000,1,300,300,75.35,252.76,1,2721,300/300/300/300/300/300
1700000056.300000,1,300,300,75.36,55.87,0,2721,300/300/300/300/300/300
1700000056.350000,1,300,300,75.38,58.76,0,2721,300/300/300/300/300/300
1700000056.400000,1,300,300,75.41,287.53,1,2747,300/300/300/300/300/300
1700000056.450000,1,300,300,75.46,57.00,0,2747,300/300/300/300/300/300
1700000056.500000,1,300,300,75.55,53.75,0,2747,300/300/300/300/300/300
1700000056.550000,1,300,300,75.66,239.63,1,2757,300/300/300/300/300/300
1700000056.600000,1,300,300,75.46,55.15,0,2757,300/300/300/300/300/300
1700000056.650000,1,300,300,75.50,53.84,0,2757,300/300/300/300/300/300
1700000056.700000,1,300,300,75.50,256.72,1,2839,300/300/300/300/300/300
1700000056.750000,1,300,300,75.54,54.19,0,2839,300/300/300/300/300/300
1700000056.800000,1,300,300,75.56,55.27,0,2839,300/300/300/300/300/300
1700000056.850000,1,300,300,75.53,280.71,1,2915,300/300/300/300/300/300
1700000056.900000,1,300,300,75.51,55.47,0,2915,300/300/300/300/300/300
1700000056.950000,1,300,300,75.57,56.72,0,2915,300/300/300/300/300/300
1700000057.000000,1,300,300,75.59,285.41,1,2926,300/300/300/300/300/300
1700000057.050000,1,300,300,75.49,53.57,0,2926,300/300/300/300/300/300
1700000057.100000,1,300,300,75.60,50.31,0,2926,300/300/300/300/300/300
1700000057.150000,1,300,300,75.68,287.38,1,2993,300/300/300/300/300/300
1700000057.200000,1,300,300,75.89,54.53,0,2993,300/300/300/300/300/300
1700000057.250000,1,300,300,75.35,52.61,0,2993,300/300/300/300/300/300
1700000057.300000,1,300,300,75.40,296.37,1,3055,300/300/300/300/300/300
1700000057.350000,1,300,300,75.30,53.22,0,3055,300/300/300/300/300/300
1700000057.400000,1,300,300,75.31,52.30,0,3055,300/300/300/300/300/300
1700000057.450000,1,300,300,75.16,300.43,1,3090,300/300/300/300/300/300
1700000057.500000,1,300,300,75.12,50.45,0,3090,300/300/300/300/300/300
1700000057.550000,1,300,300,75.07,51.52,0,3090,300/300/300/300/300/300
1700000057.600000,1,300,300,75.04,334.78,1,3105,300/300/300/300/300/300
1700000057.650000,1,300,300,74.99,53.06,0,3105,300/300/300/300/300/300
1700000057.700000,1,300,300,74.93,49.76,0,3105,300/300/300/300/300/300
1700000057.750000,1,300,300,74.87,305.68,1,3049,300/300/300/300/300/300
1700000057.800000,1,300,300,74.77,52.41,0,3049,300/300/300/300/300/300
1700000057.850000,1,300,300,74.72,50.99,0,3049,300/300/300/300/300/300
1700000057.900000,1,300,300,74.66,312.80,1,3057,300/300/300/300/300/300
1700000057.950000,1,300,300,74.57,52.35,0,3057,300/300/300/300/300/300
1700000058.000000,1,300,300,74.65,54.20,0,3057,300/300/300/300/300/300
1700000058.050000,1,300,300,74.53,317.43,1,3064,300/300/300/300/300/300
1700000058.100000,1,300,300,74.43,53.54,0,3064,300/300/300/300/300/300
1700000058.150000,1,300,300,74.38,49.91,0,3064,300/300/300/300/300/300
1700000058.200000,1,300,300,74.32,293.08,1,3074,300/300/300/300/300/300
1700000058.250000,1,300,300,74.30,52.93,0,3074,300/300/300/300/300/300
1700000058.300000,1,300,300,74.23,50.43,0,3074,300/300/300/300/300/300
1700000058.350000,1,300,300,74.17,330.11,1,3087,300/300/300/300/300/300
1700000058.400000,1,300,300,74.05,51.83,0,3087,300/300/300/300/300/300
1700000058.450000,1,300,300,73.98,51.29,0,3087,300/300/300/300/300/300
1700000058.500000,1,300,300,73.94,331.17,1,3099,300/300/300/300/300/300
1700000058.550000,1,300,300,73.88,50.64,0,3099,300/300/300/300/300/300
1700000058.600000,1,300,300,73.82,53.10,0,3099,300/300/300/300/300/300
1700000058.650000,1,300,300,73.70,336.06,1,3106,300/300/300/300/300/300
1700000058.700000,1,300,300,73.60,51.55,0,3106,300/300/300/300/300/300
1700000058.750000,1,300,300,73.53,55.46,0,3106,300/300/300/300/300/300
1700000058.800000,1,300,300,73.49,336.56,1,3098,300/300/300/300/300/300
1700000058.850000,1,300,300,73.40,55.18,0,3098,300/300/300/300/300/300
1700000058.900000,1,300,300,73.30,53.10,0,3098,300/300/300/300/300/300
1700000058.950000,1,300,300,73.20,345.35,1,3100,300/300/300/300/300/300
1700000059.000000,1,300,300,73.12,52.67,0,3100,300/300/300/300/300/300
1700000059.050000,1,300,300,72.84,54.63,0,3100,300/300/300/300/300/300
1700000059.100000,1,300,300,72.71,259.14,1,3128,300/300/300/300/300/300
1700000059.150000,1,300,300,72.57,53.91,0,3128,300/300/300/300/300/300
1700000059.200000,1,300,300,72.45,49.83,0,3128,300/300/300/300/300/300
1700000059.250000,1,300,300,72.34,283.59,1,3141,300/300/300/300/300/300
1700000059.300000,1,300,300,72.29,55.26,0,3141,300/300/300/300/300/300
1700000059.350000,1,300,300,72.11,50.93,0,3141,300/300/300/300/300/300
1700000059.400000,1,300,300,72.01,351.22,1,3122,300/300/300/300/300/300
1700000059.450000,1,300,300,71.98,51.35,0,3122,300/300/300/300/300/300
1700000059.500000,1,300,300,71.85,48.40,0,3122,300/300/300/300/300/300
1700000059.550000,1,300,300,71.65,345.76,1,3119,300/300/300/300/300/300
1700000059.600000,1,300,300,71.56,51.52,0,3119,300/300/300/300/300/300
1700000059.650000,1,300,300,71.44,50.81,0,3119,300/300/300/300/300/300
1700000059.700000,1,300,300,71.29,284.74,1,3079,300/300/300/300/300/300
1700000059.750000,1,300,300,71.20,53.08,0,3079,300/300/300/300/300/300
1700000059.800000,1,300,300,71.16,55.83,0,3079,300/300/300/300/300/300
1700000059.850000,1,300,300,71.05,343.54,1,3033,300/300/300/300/300/300
1700000059.900000,1,300,300,71.06,52.28,0,3033,300/300/300/300/300/300
1700000059.950000,1,300,300,70.81,53.81,0,3033,300/300/300/300/300/300
1700000060.000000,1,300,300,70.74,360.62,1,3049,300/300/300/300/300/300
1700000060.050000,1,300,300,70.35,52.56,0,3049,300/300/300/300/300/300
1700000060.100000,1,300,300,70.19,53.76,0,3049,300/300/300/300/300/300
1700000060.150000,1,300,300,70.09,347.04,1,3062,300/300/300/300/300/300
1700000060.200000,1,300,300,70.00,52.45,0,3062,300/300/300/300/300/300
1700000060.250000,1,300,300,69.94,50.40,0,3062,300/300/300/300/300/300
1700000060.300000,1,300,300,69.83,353.90,1,3058,300/300/300/300/300/300
1700000060.350000,1,300,300,69.61,51.25,0,3058,300/300/300/300/300/300
1700000060.400000,1,300,300,69.45,52.41,0,3058,300/300/300/300/300/300
1700000060.450000,1,300,300,69.34,346.65,1,3045,300/300/300/300/300/300
1700000060.500000,1,300,300,69.21,50.35,0,3045,300/300/300/300/300/300
1700000060.550000,1,300,300,69.11,50.69,0,3045,300/300/300/300/300/300
1700000060.600000,1,300,300,69.10,344.76,1,3025,300/300/300/300/300/300
1700000060.650000,1,300,300,68.89,54.34,0,3025,300/300/300/300/300/300
1700000060.700000,1,300,300,68.72,54.29,0,3025,300/300/300/300/300/300
1700000060.750000,1,300,300,68.65,343.65,1,2979,300/300/300/300/300/300
1700000060.800000,1,300,300,68.60,54.08,0,2979,300/300/300/300/300/300
1700000060.850000,1,300,300,68.38,54.15,0,2979,300/300/300/300/300/300
1700000060.900000,1,300,300,68.25,344.56,1,2963,300/300/300/300/300/300
1700000060.950000,1,300,300,68.13,53.78,0,2963,300/300/300/300/300/300
1700000061.000000,1,300,300,67.88,53.73,0,2963,300/300/300/300/300/300
1700000061.050000,1,300,300,67.72,349.40,1,2977,300/300/300/300/300/300
1700000061.100000,1,300,300,67.57,53.23,0,2977,300/300/300/300/300/300
1700000061.150000,1,300,300,67.41,53.37,0,2977,300/300/300/300/300/300
1700000061.200000,1,300,300,67.24,347.18,1,2977,300/300/300/300/300/300
1700000061.250000,1,300,300,67.10,52.70,0,2977,300/300/300/300/300/300
1700000061.300000,1,300,300,66.88,53.24,0,2977,300/300/300/300/300/300
1700000061.350000,1,300,300,66.70,278.22,1,2961,300/300/300/300/300/300
1700000061.400000,1,300,300,66.51,54.92,0,2961,300/300/300/300/300/300
1700000061.450000,1,300,300,66.32,55.81,0,2961,300/300/300/300/300/300
1700000061.500000,1,300,300,66.15,342.22,1,2912,300/300/300/300/300/300
1700000061.550000,1,300,300,65.98,56.79,0,2912,300/300/300/300/300/300
1700000061.600000,1,300,300,65.75,54.00,0,2912,300/300/300/300/300/300
1700000061.650000,1,300,300,65.58,428.47,1,2882,300/300/300/300/300/300
1700000061.700000,1,300,300,65.33,54.68,0,2882,300/300/300/300/300/300
1700000061.750000,1,300,300,65.12,58.63,0,2882,300/300/300/292/300/300
1700000061.800000,1,300,300,64.93,344.25,1,2882,300/300/300/279/300/300
1700000061.850000,1,300,300,64.74,57.81,0,2882,300/300/300/300/300/300
1700000061.900000,1,300,300,64.55,60.99,0,2882,300/300/300/300/300/300
1700000061.950000,1,300,300,64.36,389.01,1,2845,300/300/300/300/300/300
1700000062.000000,1,300,300,64.15,63.15,0,2845,300/300/300/300/300/300
1700000062.050000,1,300,300,63.90,62.91,0,2845,300/300/300/300/300/300
1700000062.100000,1,300,300,63.69,335.92,1,2850,300/300/300/300/300/300
1700000062.150000,1,300,300,63.48,61.77,0,2850,300/300/300/300/300/300
1700000062.200000,1,300,300,63.33,65.19,0,2850,300/300/300/300/300/300
1700000062.250000,1,300,300,63.15,344.89,1,2829,300/300/300/290/300/300
1700000062.300000,1,300,300,62.92,70.55,0,2829,300/300/300/300/300/300
1700000062.350000,1,300,300,62.70,102.08,0,2829,300/300/300/294/265/259
1700000062.400000,1,300,300,62.46,302.74,1,2768,300/300/228/287/183/228
1700000062.450000,1,300,300,62.26,67.69,0,2768,300/300/164/272/298/197
1700000062.500000,1,300,300,62.09,62.50,0,2768,300/300/198/227/164/213
1700000062.550000,1,300,300,61.89,280.06,1,2736,300/300/235/207/300/247
1700000062.600000,1,300,300,61.71,101.48,0,2736,300/300/300/300/300/196
1700000062.650000,1,300,300,61.52,59.97,0,2736,300/300/300/280/300/222
1700000062.700000,1,300,300,61.42,390.74,1,2747,300/300/300/273/300/300
1700000062.750000,1,300,300,61.34,64.51,0,2747,300/300/300/300/300/275
1700000062.800000,1,300,300,61.19,65.73,0,2747,300/300/300/300/300/300
1700000062.850000,1,300,300,60.96,325.01,1,2809,300/300/300/300/300/300
1700000062.900000,1,300,300,59.46,62.63,0,2809,300/300/300/300/300/300
1700000062.950000,1,271,300,54.70,83.01,0,2809,271/300/300/300/300/300
1700000063.000000,1,300,300,52.46,369.65,1,2840,300/300/300/300/300/300
1700000063.050000,1,300,300,52.02,66.25,0,2840,300/300/300/300/300/300
1700000063.100000,1,300,300,53.97,70.45,0,2840,300/300/298/300/300/300
1700000063.150000,1,300,300,57.31,315.73,1,2817,300/300/296/300/300/300
1700000063.200000,1,300,300,60.30,72.98,0,2817,300/300/296/300/300/300
1700000063.250000,1,300,300,62.55,67.92,0,2817,300/300/300/300/300/300
1700000063.300000,1,300,300,64.47,301.19,1,2803,300/300/300/300/300/300
1700000063.350000,1,300,300,66.25,63.65,0,2803,300/300/300/300/300/300
1700000063.400000,1,300,300,67.84,65.44,0,2803,300/300/300/300/300/300
1700000063.450000,1,300,300,69.24,296.23,1,2848,300/300/300/300/300/300
1700000063.500000,1,300,300,70.22,63.08,0,2848,300/300/300/300/300/300
1700000063.550000,1,300,300,70.16,63.99,0,2848,300/300/300/300/300/300
1700000063.600000,1,300,300,69.54,299.08,1,2860,300/300/300/300/300/300
1700000063.650000,1,300,300,69.43,68.49,0,2860,300/300/300/300/300/300
1700000063.700000,1,300,300,69.78,58.68,0,2860,300/300/300/300/300/300
1700000063.750000,1,300,300,70.17,304.78,1,2895,300/300/300/300/300/300
1700000063.800000,1,300,300,70.25,61.18,0,2895,300/300/300/300/300/300
1700000063.850000,1,300,300,69.94,65.18,0,2895,300/300/300/300/300/300
1700000063.900000,1,300,300,70.66,304.71,1,2929,300/300/300/300/300/300
1700000063.950000,1,300,300,71.67,79.40,0,2929,300/300/300/300/300/300
1700000064.000000,1,300,300,71.39,65.13,0,2929,300/300/300/300/300/300
1700000064.050000,1,300,300,71.20,306.79,1,2886,300/300/300/300/276/300
1700000064.100000,1,300,300,71.25,85.18,0,2886,300/300/288/300/300/300
1700000064.150000,1,300,300,70.58,80.63,0,2886,300/300/300/300/300/300
1700000064.200000,1,300,300,70.40,282.43,1,2818,300/300/272/300/262/300
1700000064.250000,1,300,300,70.56,102.30,0,2818,300/300/266/203/300/285
1700000064.300000,1,300,300,70.10,125.65,0,2818,300/300/261/300/300/300
1700000064.350000,1,300,300,69.91,313.74,1,2745,300/300/280/300/300/300
1700000064.400000,1,300,300,73.94,137.32,0,2745,300/300/300/300/300/300
1700000064.450000,1,300,300,82.98,132.70,0,2745,300/300/300/262/300/300
1700000064.500000,1,300,300,87.45,428.78,1,2741,300/300/270/278/300/300
1700000064.550000,1,300,300,89.63,104.01,0,2741,300/300/254/252/300/300
1700000064.600000,1,300,300,90.78,79.39,0,2741,300/300/247/221/300/300
1700000064.650000,1,263,300,91.42,231.40,1,2779,263/300/232/217/300/300
1700000064.700000,1,260,300,91.04,75.91,0,2779,260/300/254/207/300/300
1700000064.750000,1,248,300,89.98,76.91,0,2779,248/300/285/295/300/300
1700000064.800000,1,243,300,89.02,300.64,1,2821,243/300/300/242/300/300
1700000064.850000,1,240,300,88.09,82.23,0,2821,240/300/258/225/300/300
1700000064.900000,1,235,300,87.23,87.13,0,2821,235/300/235/217/300/300
1700000064.950000,1,300,300,86.44,282.76,1,2763,300/300/300/222/300/300
1700000065.000000,1,300,300,85.75,83.52,0,2763,300/300/300/213/300/300
1700000065.050000,1,285,300,85.09,77.30,0,2763,285/300/300/216/300/300
1700000065.100000,1,300,300,84.68,294.52,1,2729,300/300/300/218/300/300
1700000065.150000,1,300,300,84.46,97.85,0,2729,300/300/300/228/300/300
1700000065.200000,1,300,300,84.30,102.18,0,2729,300/300/300/212/300/300
1700000065.250000,1,275,300,84.49,260.81,1,2677,275/300/257/201/300/300
1700000065.300000,1,300,300,85.13,103.93,0,2677,300/300/226/169/291/300
1700000065.350000,1,282,300,85.80,78.84,0,2677,282/300/215/190/300/300
1700000065.400000,1,300,300,86.35,285.89,1,2649,300/300/300/182/300/300
1700000065.450000,1,262,300,87.01,86.93,0,2649,262/300/247/201/300/279
1700000065.500000,1,245,300,87.63,108.50,0,2649,245/300/263/300/300/269
1700000065.550000,1,300,300,88.83,327.25,1,2623,300/300/175/262/300/300
1700000065.600000,1,300,267,91.46,99.78,0,2623,300/267/181/247/300/300
1700000065.650000,1,241,300,94.88,100.34,0,2623,241/300/168/286/300/300
1700000065.700000,1,226,300,97.39,339.48,1,2579,226/300/166/300/300/300
1700000065.750000,1,220,300,98.86,137.55,0,2579,220/300/183/300/300/300
1700000065.800000,1,286,238,98.72,118.83,0,2579,286/238/200/214/300/300
1700000065.850000,1,300,300,97.57,197.04,1,2564,300/300/192/193/291/300
1700000065.900000,1,300,277,96.18,69.49,0,2564,300/277/216/185/300/300
1700000065.950000,1,300,300,94.63,67.64,0,2564,300/300/297/300/300/300
1700000066.000000,1,300,300,92.71,258.00,1,2611,300/300/300/300/300/300
1700000066.050000,1,300,300,90.76,78.80,0,2611,300/300/297/300/300/300
1700000066.100000,1,298,300,89.10,69.31,0,2611,298/300/300/300/300/300
1700000066.150000,1,300,300,87.34,191.34,1,2609,300/300/298/300/300/300
1700000066.200000,1,300,300,85.51,70.85,0,2609,300/300/300/300/300/300
1700000066.250000,1,300,300,83.88,62.26,0,2609,300/300/300/300/300/300
1700000066.300000,1,300,300,82.47,325.37,1,2624,300/300/300/300/300/300
1700000066.350000,1,300,300,81.07,63.90,0,2624,300/300/300/300/300/300
1700000066.400000,1,300,300,80.01,66.16,0,2624,300/300/300/300/300/300
1700000066.450000,1,300,300,78.27,195.26,1,2683,300/300/300/300/300/300
1700000066.500000,1,300,300,77.22,62.07,0,2683,300/300/300/300/300/300
1700000066.550000,1,300,300,76.06,60.35,0,2683,300/300/300/300/300/300
1700000066.600000,1,300,300,75.04,190.44,1,2763,300/300/300/300/300/300
1700000066.650000,1,300,300,74.06,57.18,0,2763,300/300/300/300/300/300
1700000066.700000,1,300,300,73.15,54.53,0,2763,300/300/300/300/300/300
1700000066.750000,1,300,300,72.29,189.59,1,2842,300/300/300/300/300/300
1700000066.800000,1,300,300,71.50,52.97,0,2842,300/300/300/300/300/300
1700000066.850000,1,300,300,70.74,53.92,0,2842,300/300/300/300/300/300
1700000066.900000,1,300,300,70.04,249.75,1,2823,300/300/300/300/300/300
1700000066.950000,1,300,300,69.44,53.61,0,2823,300/300/300/300/300/300
1700000067.000000,1,300,300,68.86,54.35,0,2823,300/300/300/300/300/300
1700000067.050000,1,300,300,68.20,249.60,1,2779,300/300/300/300/300/300
1700000067.100000,1,300,300,67.65,50.56,0,2779,300/300/300/300/300/300
1700000067.150000,1,300,300,67.20,54.03,0,2779,300/300/300/300/300/300
1700000067.200000,1,300,300,66.72,189.73,1,2835,300/300/300/300/300/300
1700000067.250000,1,300,300,66.21,52.45,0,2835,300/300/300/300/300/300
1700000067.300000,1,300,300,65.76,53.70,0,2835,300/300/300/300/300/300
1700000067.350000,1,300,300,65.40,188.84,1,2836,300/300/300/300/300/300
1700000067.400000,1,300,300,65.12,51.03,0,2836,300/300/300/300/300/300
1700000067.450000,1,300,300,64.85,51.22,0,2836,300/300/300/300/300/300
1700000067.500000,1,300,300,64.62,252.99,1,2810,300/300/300/300/300/300
1700000067.550000,1,300,300,64.44,50.71,0,2810,300/300/300/300/300/300
1700000067.600000,1,300,300,64.29,48.29,0,2810,300/300/300/300/300/300
1700000067.650000,1,300,300,64.15,192.41,1,2772,300/300/300/300/300/300
1700000067.700000,1,300,300,64.02,48.49,0,2772,300/300/300/300/300/300
1700000067.750000,1,300,300,64.02,48.35,0,2772,300/300/300/300/300/300
1700000067.800000,1,300,300,63.87,327.47,1,2764,300/300/300/300/300/300
1700000067.850000,1,300,300,63.87,48.92,0,2764,300/300/300/300/300/300
1700000067.900000,1,300,300,63.92,49.38,0,2764,300/300/300/300/300/300
1700000067.950000,1,300,300,63.86,201.58,1,2743,300/300/300/300/300/300
1700000068.000000,1,300,300,63.84,48.74,0,2743,300/300/300/300/300/300
1700000068.050000,1,300,300,63.85,47.46,0,2743,300/300/300/300/300/300
1700000068.100000,1,300,300,63.94,206.57,1,2770,300/300/300/300/300/300
1700000068.150000,1,300,300,63.98,49.79,0,2770,300/300/300/300/300/300
1700000068.200000,1,300,300,64.11,47.87,0,2770,300/300/300/300/300/300
1700000068.250000,1,300,300,64.27,212.10,1,2814,300/300/300/300/300/300
1700000068.300000,1,300,300,64.24,49.46,0,2814,300/300/300/300/300/300
1700000068.350000,1,300,300,64.24,47.39,0,2814,300/300/300/300/300/300
1700000068.400000,1,300,300,64.31,220.06,1,2875,300/300/300/300/300/300
1700000068.450000,1,300,300,64.45,47.36,0,2875,300/300/300/300/300/300
1700000068.500000,1,300,300,64.61,46.14,0,2875,300/300/300/300/300/300
1700000068.550000,1,300,300,64.73,316.06,1,2885,300/300/300/300/300/300
1700000068.600000,1,300,300,64.83,46.98,0,2885,300/300/300/300/300/300
1700000068.650000,1,300,300,65.05,46.24,0,2885,300/300/300/300/300/300
1700000068.700000,1,300,300,65.16,332.15,1,2841,300/300/300/300/300/300
1700000068.750000,1,300,300,65.29,46.55,0,2841,300/300/300/300/300/300
1700000068.800000,1,300,300,65.68,48.67,0,2841,300/300/300/300/300/300
1700000068.850000,1,300,300,65.64,327.38,1,2794,300/300/300/300/300/300
1700000068.900000,1,300,300,65.83,49.51,0,2794,300/300/300/300/300/300
1700000068.950000,1,300,300,66.11,46.17,0,2794,300/300/300/300/300/300
1700000069.000000,1,300,300,66.25,291.18,1,2838,300/300/300/300/300/300
1700000069.050000,1,300,300,66.43,46.92,0,2838,300/300/300/300/300/300
1700000069.100000,1,300,300,66.68,47.42,0,2838,300/300/300/300/300/300
1700000069.150000,1,300,300,66.94,281.27,1,2908,300/300/300/300/300/300
1700000069.200000,1,300,300,66.95,45.14,0,2908,300/300/300/300/300/300
1700000069.250000,1,300,300,67.17,45.88,0,2908,300/300/300/300/300/300
1700000069.300000,1,300,300,67.36,355.38,1,2909,300/300/300/300/300/300
1700000069.350000,1,300,300,67.57,46.69,0,2909,300/300/300/300/300/300
1700000069.400000,1,300,300,67.78,46.05,0,2909,300/300/300/300/300/300
1700000069.450000,1,300,300,68.27,373.56,1,2902,300/300/300/300/300/300
1700000069.500000,1,300,300,68.71,46.84,0,2902,300/300/300/300/300/300
1700000069.550000,1,300,300,68.90,45.38,0,2902,300/300/300/300/300/300
1700000069.600000,1,300,300,68.92,492.73,1,2934,300/300/300/300/300/300
1700000069.650000,1,300,300,69.13,47.43,0,2934,300/300/300/300/300/300
1700000069.700000,1,300,300,69.73,46.82,0,2934,300/300/300/300/300/300
1700000069.750000,1,300,300,69.87,397.79,1,2975,300/300/300/300/300/300
1700000069.800000,1,300,300,69.83,47.77,0,2975,300/300/300/300/300/300
1700000069.850000,1,300,300,70.22,46.39,0,2975,300/300/300/300/300/300
1700000069.900000,1,300,300,70.13,428.71,1,3034,300/300/300/300/300/300
1700000069.950000,1,300,300,70.15,47.56,0,3034,300/300/300/300/300/300
1700000070.000000,1,300,300,70.47,54.55,0,3034,300/300/300/300/300/300
1700000070.050000,1,300,300,70.72,336.48,1,3051,300/300/300/300/300/300
1700000070.100000,1,300,300,71.17,47.30,0,3051,300/300/300/300/300/300
1700000070.150000,1,300,300,71.20,42.58,0,3051,300/300/300/300/300/300
1700000070.200000,1,300,300,71.05,320.83,1,3089,300/300/300/300/300/300
1700000070.250000,1,300,300,71.20,43.07,0,3089,300/300/300/300/300/300
1700000070.300000,1,300,300,71.36,43.09,0,3089,300/300/300/300/300/300
1700000070.350000,1,300,300,71.70,381.84,1,3108,300/300/300/300/300/300
1700000070.400000,1,300,300,71.87,44.85,0,3108,300/300/300/300/300/300
1700000070.450000,1,300,300,71.93,42.52,0,3108,300/300/300/300/300/300
1700000070.500000,1,300,300,72.12,322.26,1,3052,300/300/300/300/300/300
1700000070.550000,1,300,300,72.16,43.55,0,3052,300/300/300/300/300/300
1700000070.600000,1,300,300,72.31,41.94,0,3052,300/300/300/300/300/300
1700000070.650000,1,300,300,72.46,323.31,1,2971,300/300/300/300/300/300
1700000070.700000,1,300,300,72.59,42.43,0,2971,300/300/300/300/300/300
1700000070.750000,1,300,300,72.73,42.10,0,2971,300/300/300/300/300/300
1700000070.800000,1,300,300,72.93,310.13,1,2850,300/300/300/300/300/300
1700000070.850000,1,300,300,73.12,42.75,0,2850,300/300/300/300/300/300
1700000070.900000,1,300,300,73.19,41.99,0,2850,300/300/300/300/300/300
1700000070.950000,1,300,300,73.29,303.37,1,2754,300/300/300/300/300/300
1700000071.000000,1,300,300,73.36,43.56,0,2754,300/300/300/300/300/300
1700000071.050000,1,300,300,73.45,43.10,0,2754,300/300/300/300/300/300
1700000071.100000,1,300,300,73.56,539.70,1,2746,300/300/300/300/300/300
1700000071.150000,1,300,300,73.63,43.14,0,2746,300/300/300/300/300/300
1700000071.200000,1,300,300,73.80,43.76,0,2746,300/300/300/300/300/300
1700000071.250000,1,300,300,73.88,245.90,1,2664,300/300/300/300/300/300
1700000071.300000,1,300,300,73.97,44.03,0,2664,300/300/300/300/300/300
1700000071.350000,1,300,300,74.44,44.77,0,2664,300/300/300/300/300/300
1700000071.400000,1,300,300,73.99,342.83,1,2617,300/300/300/300/300/300
1700000071.450000,1,300,300,74.07,42.56,0,2617,300/300/300/300/300/300
1700000071.500000,1,300,300,74.09,43.89,0,2617,300/300/300/300/300/300
1700000071.550000,1,300,300,74.14,338.62,1,2606,300/300/300/300/300/300
1700000071.600000,1,300,300,74.19,44.54,0,2606,300/300/300/300/300/300
1700000071.650000,1,300,300,74.24,45.00,0,2606,300/300/300/300/300/300
1700000071.700000,1,300,300,74.26,346.61,1,2556,300/300/300/300/300/300
1700000071.750000,1,300,300,75.33,46.52,0,2556,300/300/300/300/300/300
1700000071.800000,1,300,300,74.34,44.50,0,2556,300/300/300/300/300/300
1700000071.850000,1,300,300,74.39,343.76,1,2538,300/300/300/300/300/300
1700000071.900000,1,300,300,74.35,45.24,0,2538,300/300/300/300/300/300
1700000071.950000,1,300,300,74.33,44.38,0,2538,300/300/300/300/300/300
1700000072.000000,1,300,300,74.32,347.71,1,2552,300/300/300/300/300/300
1700000072.050000,1,300,300,74.31,45.98,0,2552,300/300/300/300/300/300
1700000072.100000,1,300,300,74.31,44.43,0,2552,300/300/300/300/300/300
1700000072.150000,1,300,300,74.30,349.28,1,2585,300/300/300/300/300/300
1700000072.200000,1,300,300,74.29,44.01,0,2585,300/300/300/300/300/300
1700000072.250000,1,300,300,74.27,44.60,0,2585,300/300/300/300/300/300
1700000072.300000,1,300,300,74.37,423.35,1,2569,300/300/300/300/300/300
1700000072.350000,1,300,300,74.43,45.48,0,2569,300/300/300/300/300/300
1700000072.400000,1,300,300,74.18,44.68,0,2569,300/300/300/300/300/300
1700000072.450000,1,300,300,74.18,383.28,1,2541,300/300/300/300/300/300
1700000072.500000,1,300,300,74.10,46.43,0,2541,300/300/300/300/300/300
1700000072.550000,1,300,300,74.28,46.35,0,2541,300/300/300/300/300/300
1700000072.600000,1,300,300,73.95,355.31,1,2520,300/300/300/300/300/300
1700000072.650000,1,300,300,73.86,49.70,0,2520,300/300/300/300/300/300
1700000072.700000,1,300,300,73.79,47.02,0,2520,300/300/300/300/300/300
1700000072.750000,1,300,300,73.72,380.95,1,2529,300/300/300/300/300/300
1700000072.800000,1,300,300,73.72,48.23,0,2529,300/300/300/300/300/300
1700000072.850000,1,300,300,74.34,50.20,0,2529,300/300/300/300/300/300
1700000072.900000,1,300,300,73.78,486.54,1,2494,300/300/300/300/300/300
1700000072.950000,1,300,300,73.53,49.36,0,2494,300/300/300/300/300/300
1700000073.000000,1,300,300,73.35,48.56,0,2494,300/300/300/300/300/300
1700000073.050000,1,300,300,73.20,294.01,1,2517,300/300/300/300/300/300
1700000073.100000,1,300,300,73.13,48.73,0,2517,300/300/300/300/300/300
1700000073.150000,1,300,300,73.11,47.86,0,2517,300/300/300/300/300/300
1700000073.200000,1,300,300,73.06,350.34,1,2473,300/300/300/300/300/300
1700000073.250000,1,300,300,72.96,48.44,0,2473,300/300/300/300/300/300
1700000073.300000,1,300,300,72.88,49.03,0,2473,300/300/300/300/300/300
1700000073.350000,1,300,300,72.68,317.20,1,2483,300/300/300/300/300/300
1700000073.400000,1,300,300,72.54,47.75,0,2483,300/300/300/300/300/300
1700000073.450000,1,300,300,72.46,49.34,0,2483,300/300/300/300/300/300
1700000073.500000,1,300,300,72.33,303.33,1,2536,300/300/300/300/300/300
1700000073.550000,1,300,300,72.22,50.41,0,2536,300/300/300/300/300/300
1700000073.600000,1,300,300,72.09,51.54,0,2536,300/300/300/300/300/300
1700000073.650000,1,300,300,71.99,363.37,1,2559,300/300/300/300/300/300
1700000073.700000,1,300,300,71.91,49.08,0,2559,300/300/300/300/300/300
1700000073.750000,1,300,300,71.91,49.18,0,2559,300/300/300/300/300/300
1700000073.800000,1,300,300,71.75,474.13,1,2563,300/300/300/300/300/300
1700000073.850000,1,300,300,71.69,48.29,0,2563,300/300/300/300/300/300
1700000073.900000,1,300,300,72.56,50.75,0,2563,300/300/300/300/300/300
1700000073.950000,1,300,300,72.01,241.25,1,2576,300/300/300/300/300/300
1700000074.000000,1,300,300,71.58,50.33,0,2576,300/300/300/300/300/300
1700000074.050000,1,300,300,71.38,50.06,0,2576,300/300/300/300/300/300
1700000074.100000,1,300,300,71.32,296.65,1,2544,300/300/300/300/300/300
1700000074.150000,1,300,300,71.28,51.78,0,2544,300/300/300/300/300/300
1700000074.200000,1,300,300,71.25,49.83,0,2544,300/300/300/300/300/300
1700000074.250000,1,300,300,71.24,323.38,1,2513,300/300/300/300/300/300
1700000074.300000,1,300,300,71.36,53.61,0,2513,300/300/300/300/300/300
1700000074.350000,1,300,300,71.24,49.18,0,2513,300/300/300/300/300/300
1700000074.400000,1,300,300,71.28,256.63,1,2513,300/300/300/300/300/300
1700000074.450000,1,300,300,71.34,55.04,0,2513,300/300/300/300/300/300
1700000074.500000,1,300,300,71.24,51.33,0,2513,300/300/300/300/300/300
1700000074.550000,1,300,300,71.27,406.53,1,2543,300/300/300/300/300/300
1700000074.600000,1,300,300,71.54,53.14,0,2543,300/300/300/300/300/300
1700000074.650000,1,300,300,71.37,52.68,0,2543,300/300/300/300/300/300
1700000074.700000,1,300,300,71.47,318.10,1,2588,300/300/300/300/300/300
1700000074.750000,1,300,300,71.62,52.97,0,2588,300/300/300/300/300/300
1700000074.800000,1,300,300,71.65,52.85,0,2588,300/300/300/300/300/300
1700000074.850000,1,300,300,71.76,325.17,1,2641,300/300/300/300/300/300
1700000074.900000,1,300,300,71.85,53.42,0,2641,300/300/300/300/300/300
1700000074.950000,1,300,300,72.01,54.64,0,2641,300/300/300/300/300/300
1700000075.000000,1,300,300,72.12,380.58,1,2726,300/300/300/300/300/300
1700000075.050000,1,300,300,72.16,52.09,0,2726,300/300/300/300/300/300
1700000075.100000,1,300,300,72.24,55.31,0,2726,300/300/300/300/300/300
1700000075.150000,1,300,300,72.34,324.96,1,2770,300/300/300/300/300/300
1700000075.200000,1,300,300,72.44,56.08,0,2770,300/300/300/300/300/300
1700000075.250000,1,300,300,72.54,52.57,0,2770,300/300/300/300/300/300
1700000075.300000,1,300,300,72.63,323.05,1,2825,300/300/300/300/300/300
1700000075.350000,1,300,300,72.73,52.96,0,2825,300/300/300/300/300/300
1700000075.400000,1,300,300,72.83,52.08,0,2825,300/300/300/300/300/300
1700000075.450000,1,300,300,72.88,327.13,1,2860,300/300/300/300/300/300
1700000075.500000,1,300,300,72.91,49.72,0,2860,300/300/300/300/300/300
1700000075.550000,1,300,300,72.95,52.18,0,2860,300/300/300/300/300/300
1700000075.600000,1,300,300,72.96,331.12,1,2850,300/300/300/300/300/300
1700000075.650000,1,300,300,72.93,51.64,0,2850,300/300/300/300/300/300
1700000075.700000,1,300,300,72.81,52.08,0,2850,300/300/300/300/300/300
1700000075.750000,1,300,300,72.69,336.01,1,2893,300/300/300/300/300/300
1700000075.800000,1,300,300,72.56,53.19,0,2893,300/300/300/300/300/300
1700000075.850000,1,300,300,72.42,52.66,0,2893,300/300/300/300/300/300
1700000075.900000,1,300,300,72.25,336.59,1,2893,300/300/300/300/300/300
1700000075.950000,1,300,300,72.07,55.61,0,2893,300/300/300/300/300/300
1700000076.000000,1,300,300,71.81,53.64,0,2893,300/300/300/300/300/300
1700000076.050000,1,300,300,71.58,331.02,1,2902,300/300/300/300/300/300
1700000076.100000,1,300,300,71.37,52.16,0,2902,300/300/300/300/300/300
1700000076.150000,1,300,300,71.08,52.18,0,2902,300/300/300/300/300/300
1700000076.200000,1,300,300,70.85,322.22,1,2893,300/300/300/300/300/300
1700000076.250000,1,300,300,70.59,53.80,0,2893,300/300/300/300/300/300
1700000076.300000,1,300,300,70.35,52.57,0,2893,300/300/300/300/300/300
1700000076.350000,1,300,300,70.10,314.92,1,2905,300/300/300/300/300/300
1700000076.400000,1,300,300,69.88,56.98,0,2905,300/300/300/300/300/300
1700000076.450000,1,300,300,69.78,54.07,0,2905,300/300/300/300/300/300
1700000076.500000,1,300,300,69.54,263.58,1,2942,300/300/300/300/300/300
1700000076.550000,1,300,300,69.37,55.14,0,2942,300/300/300/300/300/300
1700000076.600000,1,300,300,69.33,56.18,0,2942,300/300/300/300/300/300
1700000076.650000,1,300,300,68.97,234.50,1,2974,300/300/300/300/300/300
1700000076.700000,1,300,300,68.75,55.54,0,2974,300/300/300/300/300/300
1700000076.750000,1,300,300,68.53,53.10,0,2974,300/300/300/300/300/300
1700000076.800000,1,300,300,68.33,326.14,1,3023,300/300/300/300/300/300
1700000076.850000,1,300,300,68.08,56.73,0,3023,300/300/300/300/300/300
1700000076.900000,1,300,300,67.92,54.26,0,3023,300/300/300/300/300/300
1700000076.950000,1,300,299,67.74,328.36,1,3061,300/299/300/300/300/300
1700000077.000000,1,300,300,67.56,59.18,0,3061,300/300/300/300/296/300
1700000077.050000,1,300,300,67.41,54.31,0,3061,300/300/300/300/283/300
1700000077.100000,1,300,295,67.25,328.15,1,3036,300/295/300/300/300/300
1700000077.150000,1,300,300,67.09,61.21,0,3036,300/300/300/300/300/300
1700000077.200000,1,300,296,67.15,54.59,0,3036,300/296/300/300/300/300
1700000077.250000,1,300,299,66.99,424.11,1,3013,300/299/300/300/300/300
1700000077.300000,1,300,289,66.69,63.33,0,3013,300/289/300/300/288/300
1700000077.350000,1,300,280,66.55,60.33,0,3013,300/280/300/300/300/300
1700000077.400000,1,300,300,66.42,236.85,1,3027,300/300/300/300/300/300
1700000077.450000,1,300,300,66.29,67.96,0,3027,300/300/300/300/300/300
1700000077.500000,1,300,300,66.32,66.94,0,3027,300/300/300/300/300/300
1700000077.550000,1,300,300,66.04,341.87,1,2992,300/300/300/300/300/300
1700000077.600000,1,300,300,65.91,59.58,0,2992,300/300/300/300/300/300
1700000077.650000,1,300,300,65.98,60.37,0,2992,300/300/300/300/300/300
1700000077.700000,1,300,300,65.96,331.96,1,3003,300/300/300/300/300/280
1700000077.750000,1,300,300,65.62,69.26,0,3003,300/300/300/300/300/300
1700000077.800000,1,300,300,65.44,68.98,0,3003,300/300/300/300/300/300
1700000077.850000,1,300,300,65.89,334.99,1,2985,300/300/300/300/300/300
1700000077.900000,1,300,300,65.32,67.34,0,2985,300/300/300/300/300/300
1700000077.950000,1,300,300,65.21,66.27,0,2985,300/300/300/300/300/300
1700000078.000000,1,300,300,65.06,324.63,1,2938,300/300/300/300/300/300
1700000078.050000,1,300,300,65.01,82.94,0,2938,300/300/202/300/300/300
1700000078.100000,1,300,300,64.88,64.05,0,2938,300/300/197/300/300/300
1700000078.150000,1,300,300,64.78,321.48,1,2918,300/300/300/300/300/300
1700000078.200000,1,300,300,64.68,69.97,0,2918,300/300/300/300/300/300
1700000078.250000,1,300,300,64.55,66.28,0,2918,300/300/300/300/300/300
1700000078.300000,1,300,300,64.45,322.76,1,2924,300/300/300/300/300/300
1700000078.350000,1,288,300,64.31,65.07,0,2924,288/300/300/300/300/300
1700000078.400000,1,277,300,64.15,62.40,0,2924,277/300/300/260/300/300
1700000078.450000,1,300,300,64.00,310.87,1,2926,300/300/300/300/300/252
1700000078.500000,1,282,300,63.81,63.44,0,2926,282/300/295/256/300/300
1700000078.550000,1,271,300,63.63,61.14,0,2926,271/300/290/244/300/266
1700000078.600000,1,262,300,63.53,311.63,1,2948,262/300/269/247/300/248
1700000078.650000,1,261,300,63.46,57.83,0,2948,261/300/300/236/300/230
1700000078.700000,1,260,300,63.43,56.44,0,2948,260/300/286/300/300/222
1700000078.750000,1,262,300,63.41,320.24,1,2961,262/300/283/259/300/210
1700000078.800000,1,253,300,63.46,59.60,0,2961,253/300/260/243/300/200
1700000078.850000,1,246,300,63.52,53.32,0,2961,246/300/256/233/300/205
1700000078.900000,1,300,300,63.58,328.32,1,2915,300/300/250/224/300/192
1700000078.950000,1,275,300,63.65,60.17,0,2915,275/300/300/216/300/183
1700000079.000000,1,261,300,63.72,57.89,0,2915,261/300/280/300/300/300
1700000079.050000,1,300,300,63.79,225.19,1,2853,300/300/300/260/300/300
1700000079.100000,1,279,300,63.58,59.68,0,2853,279/300/300/300/300/260
1700000079.150000,1,274,300,63.40,59.40,0,2853,274/300/300/300/300/300
1700000079.200000,1,273,300,63.27,222.71,1,2881,273/300/289/275/300/300
1700000079.250000,1,296,300,63.18,60.67,0,2881,296/300/293/300/300/300
1700000079.300000,1,300,300,63.30,60.15,0,2881,300/300/300/300/300/300
1700000079.350000,1,300,300,62.98,266.24,1,2895,300/300/300/300/300/300
1700000079.400000,1,300,300,62.81,60.77,0,2895,300/300/300/296/300/300
1700000079.450000,1,295,300,62.67,60.93,0,2895,295/300/300/300/300/300
1700000079.500000,1,300,300,62.57,222.89,1,2902,300/300/300/300/300/300
1700000079.550000,1,300,300,62.54,62.93,0,2902,300/300/300/300/300/300
1700000079.600000,1,300,300,62.47,62.84,0,2902,300/300/300/300/300/300
1700000079.650000,1,300,300,62.58,195.66,1,2899,300/300/300/300/300/300
1700000079.700000,1,279,300,62.60,59.60,0,2899,279/300/300/300/300/300
1700000079.750000,1,283,300,62.45,57.94,0,2899,283/300/300/300/300/300
1700000079.800000,1,300,300,62.47,308.42,1,2909,300/300/300/300/300/300
1700000079.850000,1,300,300,62.54,62.15,0,2909,300/300/300/300/300/300
1700000079.900000,1,300,300,62.71,57.46,0,2909,300/300/300/300/300/300
1700000079.950000,1,300,300,62.77,236.96,1,2893,300/300/300/300/300/300
1700000080.000000,1,300,300,63.06,65.75,0,2893,300/300/300/300/300/300
1700000080.050000,1,300,300,62.96,61.88,0,2893,300/300/300/300/300/300
1700000080.100000,1,300,300,62.90,228.75,1,2846,300/300/300/300/300/300
1700000080.150000,1,300,300,63.23,68.30,0,2846,300/300/300/300/300/300
1700000080.200000,1,300,300,63.50,64.90,0,2846,300/300/300/300/300/300
1700000080.250000,1,300,300,63.52,310.98,1,2855,300/300/300/300/300/300
1700000080.300000,1,300,300,63.50,67.00,0,2855,300/300/300/300/300/300
1700000080.350000,1,300,300,63.59,65.45,0,2855,300/300/300/300/300/300
1700000080.400000,1,300,300,63.76,334.65,1,2891,300/300/300/300/300/300
1700000080.450000,1,300,300,64.60,66.37,0,2891,300/300/300/300/300/300
1700000080.500000,1,300,300,64.36,66.48,0,2891,300/300/300/300/300/300
1700000080.550000,1,300,300,64.45,219.79,1,2902,300/300/300/300/300/300
1700000080.600000,1,300,300,64.60,59.77,0,2902,300/300/300/300/300/300
1700000080.650000,1,300,300,64.82,64.28,0,2902,300/300/300/300/300/300
1700000080.700000,1,300,300,65.10,299.00,1,2932,300/300/300/300/300/300
1700000080.750000,1,300,300,65.43,59.57,0,2932,300/300/300/300/300/300
1700000080.800000,1,300,300,65.78,63.03,0,2932,300/300/300/300/300/300
1700000080.850000,1,300,300,66.17,295.41,1,2919,300/300/300/300/300/300
1700000080.900000,1,300,300,66.59,62.08,0,2919,300/300/300/300/300/300
1700000080.950000,1,300,300,67.02,65.85,0,2919,300/300/300/300/300/300
1700000081.000000,1,300,300,67.54,261.86,1,2948,300/300/300/300/300/300
1700000081.050000,1,300,300,68.01,65.53,0,2948,300/300/300/300/300/300
1700000081.100000,1,300,300,68.44,62.92,0,2948,300/300/300/300/300/300
1700000081.150000,1,300,300,69.07,329.20,1,2958,300/300/300/300/300/300
1700000081.200000,1,300,300,69.78,65.01,0,2958,300/300/300/300/300/300
1700000081.250000,1,300,300,69.95,63.37,0,2958,300/300/300/300/300/300
1700000081.300000,1,300,300,70.44,335.79,1,2987,300/300/300/300/300/300
1700000081.350000,1,300,300,71.01,69.44,0,2987,300/300/300/300/300/300
1700000081.400000,1,300,300,71.27,68.01,0,2987,300/300/300/300/300/300
1700000081.450000,1,300,300,71.62,305.80,1,2979,300/300/300/300/300/300
1700000081.500000,1,300,300,72.06,70.78,0,2979,300/300/300/300/300/300
1700000081.550000,1,300,300,72.61,77.97,0,2979,300/300/300/300/300/300
1700000081.600000,1,300,300,73.24,304.20,1,2986,300/300/300/300/300/300
1700000081.650000,1,300,300,73.99,77.15,0,2986,300/300/300/300/300/300
1700000081.700000,1,300,300,74.80,73.76,0,2986,300/300/300/300/300/300
1700000081.750000,1,300,300,75.62,343.97,1,2968,300/300/300/300/300/300
1700000081.800000,1,300,300,76.42,79.86,0,2968,300/300/300/300/300/300
1700000081.850000,1,300,300,77.16,82.33,0,2968,300/300/300/300/300/300
1700000081.900000,1,300,300,77.79,312.74,1,2982,300/300/300/300/300/300
1700000081.950000,1,300,300,78.30,76.14,0,2982,300/300/300/300/300/300
1700000082.000000,1,281,300,78.71,74.47,0,2982,281/300/300/300/300/300
1700000082.050000,1,276,300,78.79,386.38,1,2974,276/300/300/300/300/300
1700000082.100000,1,300,300,78.72,76.80,0,2974,300/300/268/300/300/300
1700000082.150000,1,283,300,78.42,79.16,0,2974,283/300/247/300/300/300
1700000082.200000,1,267,300,78.00,276.20,1,2945,267/300/241/268/300/300
1700000082.250000,1,300,300,77.25,77.71,0,2945,300/300/230/300/291/300
1700000082.300000,1,300,300,76.17,80.67,0,2945,300/300/211/300/300/300
1700000082.350000,1,300,300,75.00,269.16,1,2901,300/300/182/300/242/300
1700000082.400000,1,257,300,73.63,75.58,0,2901,257/300/257/300/206/300
1700000082.450000,1,277,300,72.04,73.63,0,2901,277/300/210/300/300/300
1700000082.500000,1,300,300,70.51,300.29,1,2846,300/300/178/300/272/300
1700000082.550000,1,300,300,69.15,78.57,0,2846,300/300/194/300/300/300
1700000082.600000,1,300,300,67.59,82.66,0,2846,300/300/174/300/300/300
1700000082.650000,1,300,300,66.38,254.74,1,2836,300/300/191/300/300/300
1700000082.700000,1,300,300,64.93,72.85,0,2836,300/300/167/300/256/300
1700000082.750000,1,300,300,63.73,68.84,0,2836,300/300/157/300/229/300
1700000082.800000,1,300,300,62.77,239.72,1,2834,300/300/151/300/221/300
1700000082.850000,1,300,300,61.93,63.79,0,2834,300/300/300/300/218/300
1700000082.900000,1,300,300,61.38,62.17,0,2834,300/300/300/300/219/300
1700000082.950000,1,300,300,60.66,248.90,1,2856,300/300/256/300/214/300
1700000083.000000,1,300,300,60.19,64.88,0,2856,300/300/250/300/300/300
1700000083.050000,1,300,300,60.08,64.88,0,2856,300/300/246/300/255/300
1700000083.100000,1,300,290,59.67,310.22,1,2909,300/290/251/300/300/300
1700000083.150000,1,300,300,59.43,65.24,0,2909,300/300/300/300/300/300
1700000083.200000,1,300,300,59.36,70.21,0,2909,300/300/300/300/300/300
1700000083.250000,1,300,300,59.33,232.19,1,2875,300/300/300/300/300/300
1700000083.300000,1,300,300,59.28,62.38,0,2875,300/300/300/300/293/300
1700000083.350000,1,300,300,59.24,62.83,0,2875,300/300/300/300/300/300
1700000083.400000,1,300,300,59.25,262.95,1,2858,300/300/300/300/300/300
1700000083.450000,1,300,274,59.32,62.00,0,2858,300/274/300/300/300/300
1700000083.500000,1,300,300,59.36,62.01,0,2858,300/300/300/300/300/300
1700000083.550000,1,300,300,59.55,255.16,1,2846,300/300/300/300/300/300
1700000083.600000,1,300,300,59.59,63.36,0,2846,300/300/300/300/300/300
1700000083.650000,1,300,300,59.70,55.67,0,2846,300/300/300/300/300/300
1700000083.700000,1,300,300,59.88,237.21,1,2854,300/300/300/300/300/300
1700000083.750000,1,300,300,60.33,61.76,0,2854,300/300/300/300/300/300
1700000083.800000,1,300,300,60.97,61.77,0,2854,300/300/300/300/300/300
1700000083.850000,1,300,300,60.22,310.12,1,2836,300/300/286/300/300/300
1700000083.900000,1,300,300,60.33,59.57,0,2836,300/300/300/300/300/300
1700000083.950000,1,300,300,60.46,63.10,0,2836,300/300/300/300/300/300
1700000084.000000,1,300,300,60.63,258.02,1,2857,300/300/300/300/300/300
1700000084.050000,1,300,300,60.94,59.02,0,2857,300/300/300/300/300/300
1700000084.100000,1,300,300,60.99,55.09,0,2857,300/300/300/300/300/300
1700000084.150000,1,300,300,61.20,265.66,1,2913,300/300/300/300/300/300
1700000084.200000,1,300,300,61.66,55.66,0,2913,300/300/300/300/300/300
1700000084.250000,1,300,300,61.78,53.05,0,2913,300/300/300/300/300/300
1700000084.300000,1,300,300,61.78,259.08,1,2929,300/300/300/300/300/300
1700000084.350000,1,300,300,61.97,54.31,0,2929,300/300/300/300/300/300
1700000084.400000,1,300,300,62.20,54.08,0,2929,300/300/300/300/300/300
1700000084.450000,1,300,300,62.43,263.12,1,2933,300/300/300/300/300/300
1700000084.500000,1,300,300,62.75,55.03,0,2933,300/300/300/300/300/300
1700000084.550000,1,300,300,62.95,52.84,0,2933,300/300/300/300/300/300
1700000084.600000,1,300,300,63.28,303.45,1,2939,300/300/300/300/300/300
1700000084.650000,1,300,300,63.92,55.91,0,2939,300/300/300/300/300/300
1700000084.700000,1,300,300,64.06,52.65,0,2939,300/300/300/300/300/300
1700000084.750000,1,300,300,64.09,236.51,1,2927,300/300/300/300/300/300
1700000084.800000,1,300,300,64.41,54.66,0,2927,300/300/300/300/300/300
1700000084.850000,1,300,300,64.72,49.30,0,2927,300/300/300/300/300/300
1700000084.900000,1,300,300,65.04,287.82,1,2910,300/300/300/300/300/300
1700000084.950000,1,300,300,65.41,52.50,0,2910,300/300/300/300/300/300
1700000085.000000,1,300,300,65.89,51.77,0,2910,300/300/300/300/300/300
1700000085.050000,1,300,300,66.30,269.26,1,2873,300/300/300/300/300/300
1700000085.100000,1,300,300,66.77,53.20,0,2873,300/300/300/300/300/300
1700000085.150000,1,300,300,66.77,50.73,0,2873,300/300/300/300/300/300
1700000085.200000,1,300,300,67.10,309.34,1,2843,300/300/300/300/300/300
1700000085.250000,1,300,300,67.42,53.52,0,2843,300/300/300/300/300/300
1700000085.300000,1,300,300,67.75,53.55,0,2843,300/300/300/300/300/300
1700000085.350000,1,300,300,68.08,257.75,1,2819,300/300/300/300/300/300
1700000085.400000,1,300,300,68.50,55.36,0,2819,300/300/300/300/300/300
1700000085.450000,1,300,300,68.62,51.76,0,2819,300/300/300/300/300/300
1700000085.500000,1,300,300,68.82,285.81,1,2829,300/300/300/300/300/300
1700000085.550000,1,300,300,69.07,52.81,0,2829,300/300/300/300/300/300
1700000085.600000,1,300,300,69.33,53.31,0,2829,300/300/300/300/300/300
1700000085.650000,1,300,300,69.51,299.59,1,2846,300/300/300/300/300/300
1700000085.700000,1,300,300,69.72,51.18,0,2846,300/300/300/300/300/300
1700000085.750000,1,300,300,69.79,55.19,0,2846,300/300/300/300/300/300
1700000085.800000,1,300,300,69.91,296.40,1,2857,300/300/300/300/300/300
1700000085.850000,1,300,300,69.91,52.55,0,2857,300/300/300/300/300/300
1700000085.900000,1,300,300,69.93,55.01,0,2857,300/300/300/300/300/300
1700000085.950000,1,300,300,69.97,293.14,1,2840,300/300/300/300/300/300
1700000086.000000,1,300,300,69.96,55.90,0,2840,300/300/300/300/300/300
1700000086.050000,1,300,300,69.88,54.12,0,2840,300/300/300/300/300/300
1700000086.100000,1,300,300,69.88,341.93,1,2855,300/300/300/300/300/300
1700000086.150000,1,300,300,69.80,54.72,0,2855,300/300/300/300/300/300
1700000086.200000,1,300,300,69.96,57.36,0,2855,300/300/300/300/300/300
1700000086.250000,1,300,300,70.17,360.55,1,2902,300/300/300/300/300/300
1700000086.300000,1,300,300,69.91,59.29,0,2902,300/300/300/300/300/300
1700000086.350000,1,300,300,69.96,59.90,0,2902,300/300/300/300/300/300
1700000086.400000,1,300,300,70.00,316.61,1,2924,300/300/300/300/300/300
1700000086.450000,1,300,300,69.80,57.98,0,2924,300/300/300/300/300/300
1700000086.500000,1,300,300,69.90,55.83,0,2924,300/300/300/300/300/300
1700000086.550000,1,300,300,69.87,195.05,1,2983,300/300/300/300/300/300
1700000086.600000,1,300,300,69.96,58.57,0,2983,300/300/300/300/300/300
1700000086.650000,1,300,300,70.05,54.53,0,2983,300/300/300/300/300/300
1700000086.700000,1,300,300,70.14,317.69,1,3012,300/300/300/300/300/300
1700000086.750000,1,300,300,70.26,55.02,0,3012,300/300/300/300/300/300
1700000086.800000,1,300,300,70.38,55.72,0,3012,300/300/300/300/300/300
1700000086.850000,1,300,300,70.50,326.40,1,3009,300/300/300/300/300/300
1700000086.900000,1,300,300,70.66,59.01,0,3009,300/300/300/300/300/300
1700000086.950000,1,300,300,70.79,58.24,0,3009,300/300/300/300/300/300
1700000087.000000,1,300,300,70.91,322.77,1,2992,300/300/300/300/300/300
1700000087.050000,1,300,300,71.07,58.25,0,2992,300/300/300/300/300/300
1700000087.100000,1,300,300,71.37,60.54,0,2992,300/300/300/300/300/300
1700000087.150000,1,300,300,71.41,361.27,1,2967,300/300/300/300/300/300
1700000087.200000,1,300,300,71.68,61.00,0,2967,300/300/300/300/300/300
1700000087.250000,1,300,300,71.94,62.80,0,2967,300/300/300/300/300/300
1700000087.300000,1,300,300,72.27,238.30,1,2917,300/300/300/300/300/300
1700000087.350000,1,300,300,72.65,65.49,0,2917,300/300/300/300/300/300
1700000087.400000,1,300,300,73.02,69.71,0,2917,300/300/300/300/300/300
1700000087.450000,1,300,300,73.50,375.64,1,2882,300/300/300/300/300/300
1700000087.500000,1,300,300,73.84,71.79,0,2882,300/300/300/300/300/300
1700000087.550000,1,300,300,74.33,63.70,0,2882,300/300/300/300/300/300
1700000087.600000,1,300,300,74.85,317.98,1,2898,300/300/300/300/300/300
1700000087.650000,1,300,300,75.37,71.37,0,2898,300/300/300/300/300/300
1700000087.700000,1,300,300,75.92,73.98,0,2898,300/300/300/300/300/300
1700000087.750000,1,300,300,76.57,281.98,1,2890,300/300/300/300/300/300
1700000087.800000,1,300,300,77.13,68.69,0,2890,300/300/300/300/295/300
1700000087.850000,1,300,300,77.40,68.87,0,2890,300/300/300/300/300/300
1700000087.900000,1,300,300,78.00,282.36,1,2889,300/300/300/300/300/300
1700000087.950000,1,300,300,78.61,64.97,0,2889,300/300/300/300/300/300
1700000088.000000,1,300,300,79.31,66.24,0,2889,300/300/300/300/300/300
1700000088.050000,1,300,300,80.19,330.18,1,2891,300/300/300/300/300/300
1700000088.100000,1,300,300,81.70,63.92,0,2891,300/300/300/300/300/300
1700000088.150000,1,300,300,81.18,62.53,0,2891,300/300/300/300/300/300
1700000088.200000,1,300,300,82.04,298.78,1,2860,300/300/300/300/300/300
1700000088.250000,1,300,300,83.05,70.24,0,2860,300/300/300/300/300/300
1700000088.300000,1,300,300,83.37,67.73,0,2860,300/300/300/300/300/300
1700000088.350000,1,300,300,84.06,250.33,1,2825,300/300/300/300/300/300
1700000088.400000,1,300,300,84.82,63.56,0,2825,300/300/300/296/299/295
1700000088.450000,1,300,300,85.60,64.80,0,2825,300/300/300/290/299/286
1700000088.500000,1,300,300,86.37,253.85,1,2799,300/300/300/300/294/289
1700000088.550000,1,300,300,87.26,70.73,0,2799,300/300/300/295/289/291
1700000088.600000,1,300,300,88.04,62.68,0,2799,300/300/300/300/290/300
1700000088.650000,1,300,300,88.69,314.64,1,2783,300/300/300/300/283/300
1700000088.700000,1,300,300,89.36,70.56,0,2783,300/300/300/300/300/300
1700000088.750000,1,300,300,90.12,65.58,0,2783,300/300/300/300/299/300
1700000088.800000,1,300,300,90.85,303.73,1,2761,300/300/300/300/300/300
1700000088.850000,1,300,300,91.51,66.79,0,2761,300/300/300/300/300/300
1700000088.900000,1,300,300,91.97,73.85,0,2761,300/300/300/281/300/300
1700000088.950000,1,300,300,92.48,296.20,1,2787,300/300/300/291/300/300
1700000089.000000,1,300,300,93.04,67.06,0,2787,300/300/300/300/300/300
1700000089.050000,1,300,300,93.54,68.53,0,2787,300/300/300/300/300/300
1700000089.100000,1,300,300,93.91,284.43,1,2796,300/300/300/300/300/300
1700000089.150000,1,300,300,93.83,75.45,0,2796,300/300/300/300/300/295
1700000089.200000,1,300,300,93.89,69.61,0,2796,300/300/300/300/300/300
1700000089.250000,1,300,300,93.89,292.81,1,2819,300/300/300/300/300/300
1700000089.300000,1,300,300,93.79,62.87,0,2819,300/300/300/300/300/300
1700000089.350000,1,300,300,93.59,66.74,0,2819,300/300/300/300/300/279
1700000089.400000,1,300,297,93.30,299.14,1,2863,300/297/300/300/300/300
1700000089.450000,1,300,300,92.95,66.12,0,2863,300/300/300/300/300/300
1700000089.500000,1,300,300,92.53,63.18,0,2863,300/300/300/300/300/300
1700000089.550000,1,300,300,92.08,219.89,1,2887,300/300/300/300/300/300
1700000089.600000,1,300,300,91.58,68.17,0,2887,300/300/300/300/300/300
1700000089.650000,1,300,300,91.05,66.44,0,2887,300/300/300/300/300/300
1700000089.700000,1,300,300,90.49,213.63,1,2875,300/300/300/300/300/300
1700000089.750000,1,300,300,89.88,63.99,0,2875,300/300/300/300/300/300
1700000089.800000,1,300,300,89.28,61.13,0,2875,300/300/300/300/300/300
1700000089.850000,1,300,300,88.67,219.48,1,2872,300/300/300/300/300/300
1700000089.900000,1,300,300,88.11,63.25,0,2872,300/300/300/300/300/300
1700000089.950000,1,300,300,87.52,61.10,0,2872,300/300/300/300/300/295
1700000090.000000,1,300,300,87.07,307.83,1,2915,300/300/300/300/300/300
1700000090.050000,1,300,300,86.43,64.27,0,2915,300/300/300/300/300/300
1700000090.100000,1,300,300,85.91,58.66,0,2915,300/300/300/300/300/300
1700000090.150000,1,300,300,85.42,306.24,1,2928,300/300/300/300/300/300
1700000090.200000,1,300,300,84.98,59.82,0,2928,300/300/300/300/300/300
1700000090.250000,1,300,300,84.56,58.31,0,2928,300/300/300/300/300/300
1700000090.300000,1,300,300,84.15,279.91,1,2929,300/300/300/300/300/300
1700000090.350000,1,300,300,83.77,56.02,0,2929,300/300/300/300/300/300
1700000090.400000,1,300,300,83.36,58.27,0,2929,300/300/300/300/300/300
1700000090.450000,1,300,300,82.98,295.72,1,2958,300/300/300/300/300/300
1700000090.500000,1,300,300,82.67,53.27,0,2958,300/300/300/300/300/300
1700000090.550000,1,300,300,82.35,57.51,0,2958,300/300/300/300/300/300
1700000090.600000,1,300,300,82.05,286.02,1,2958,300/300/300/300/300/300
1700000090.650000,1,300,300,81.71,54.82,0,2958,300/300/300/300/300/300
1700000090.700000,1,300,300,81.42,54.42,0,2958,300/300/300/300/300/300
1700000090.750000,1,300,300,81.18,297.86,1,2943,300/300/300/300/300/300
1700000090.800000,1,300,300,80.91,58.61,0,2943,300/300/300/300/300/300
1700000090.850000,1,300,300,80.89,51.91,0,2943,300/300/300/300/300/300
1700000090.900000,1,300,300,80.61,182.45,1,2953,300/300/300/300/300/300
1700000090.950000,1,300,300,80.20,53.43,0,2953,300/300/300/300/300/300
1700000091.000000,1,300,300,79.92,52.66,0,2953,300/300/300/300/300/300
1700000091.050000,1,300,300,79.71,213.05,1,2998,300/300/300/300/300/300
1700000091.100000,1,300,300,79.50,52.00,0,2998,300/300/300/300/300/300
1700000091.150000,1,300,300,79.31,49.31,0,2998,300/300/300/300/300/300
1700000091.200000,1,300,300,79.08,213.00,1,3024,300/300/300/300/300/300
1700000091.250000,1,300,300,78.93,50.69,0,3024,300/300/300/300/300/300
1700000091.300000,1,300,300,78.76,48.42,0,3024,300/300/300/300/300/300
1700000091.350000,1,300,300,78.59,286.97,1,3029,300/300/300/300/300/300
1700000091.400000,1,300,300,78.38,51.53,0,3029,300/300/300/300/300/300
1700000091.450000,1,300,300,78.20,49.78,0,3029,300/300/300/300/300/300
1700000091.500000,1,300,300,78.05,352.04,1,3022,300/300/300/300/300/300
1700000091.550000,1,300,300,77.90,53.54,0,3022,300/300/300/300/300/300
1700000091.600000,1,300,300,77.76,51.43,0,3022,300/300/300/300/300/300
1700000091.650000,1,300,300,77.61,300.72,1,3018,300/300/300/300/300/300
1700000091.700000,1,300,300,77.47,48.71,0,3018,300/300/300/300/300/300
1700000091.750000,1,300,300,77.34,46.14,0,3018,300/300/300/300/300/300
1700000091.800000,1,300,300,77.19,288.65,1,3021,300/300/300/300/300/300
1700000091.850000,1,300,300,77.09,46.73,0,3021,300/300/300/300/300/300
1700000091.900000,1,300,300,77.13,48.95,0,3021,300/300/300/300/300/300
1700000091.950000,1,300,300,76.98,305.52,1,3024,300/300/300/300/300/300
1700000092.000000,1,300,300,76.75,48.73,0,3024,300/300/300/300/300/300
1700000092.050000,1,300,300,76.57,47.70,0,3024,300/300/300/300/300/300
1700000092.100000,1,300,300,76.40,223.69,1,3001,300/300/300/300/300/300
1700000092.150000,1,300,300,76.25,48.80,0,3001,300/300/300/300/300/300
1700000092.200000,1,300,300,76.11,49.08,0,3001,300/300/300/300/300/300
1700000092.250000,1,300,300,75.96,321.43,1,3038,300/300/300/300/300/300
1700000092.300000,1,300,300,75.84,47.37,0,3038,300/300/300/300/300/300
1700000092.350000,1,300,300,75.69,47.27,0,3038,300/300/300/300/300/300
1700000092.400000,1,300,300,75.57,232.46,1,3010,300/300/300/300/300/300
1700000092.450000,1,300,300,75.45,48.72,0,3010,300/300/300/300/300/300
1700000092.500000,1,300,300,75.32,48.82,0,3010,300/300/300/300/300/300
1700000092.550000,1,300,300,75.21,233.33,1,2978,300/300/300/300/300/300
1700000092.600000,1,300,300,75.11,48.13,0,2978,300/300/300/300/300/300
1700000092.650000,1,300,300,75.54,47.08,0,2978,300/300/300/300/300/300
1700000092.700000,1,300,300,74.82,237.01,1,2968,300/300/300/300/300/300
1700000092.750000,1,300,300,74.57,47.60,0,2968,300/300/300/300/300/300
1700000092.800000,1,300,300,74.41,47.46,0,2968,300/300/300/300/300/300
1700000092.850000,1,300,300,74.26,237.37,1,2950,300/300/300/300/300/300
1700000092.900000,1,300,300,74.11,47.87,0,2950,300/300/300/300/300/300
1700000092.950000,1,300,300,73.95,45.33,0,2950,300/300/300/300/300/300
1700000093.000000,1,300,300,73.80,340.82,1,2918,300/300/300/300/300/300
1700000093.050000,1,300,300,73.65,46.05,0,2918,300/300/300/300/300/300
1700000093.100000,1,300,300,73.49,48.52,0,2918,300/300/300/300/300/300
1700000093.150000,1,300,300,73.40,371.43,1,2907,300/300/300/300/300/300
1700000093.200000,1,300,300,73.29,48.78,0,2907,300/300/300/300/300/300
1700000093.250000,1,300,300,73.37,48.95,0,2907,300/300/300/300/300/300
1700000093.300000,1,300,300,73.37,246.03,1,2909,300/300/300/300/300/300
1700000093.350000,1,300,300,72.95,47.06,0,2909,300/300/300/300/300/300
1700000093.400000,1,300,300,72.67,48.28,0,2909,300/300/300/300/300/300
1700000093.450000,1,300,300,72.36,245.78,1,2877,300/300/300/300/300/300
1700000093.500000,1,300,300,72.23,50.25,0,2877,300/300/300/300/300/300
1700000093.550000,1,300,300,72.20,47.58,0,2877,300/300/300/300/300/300
1700000093.600000,1,300,300,71.76,440.24,1,2864,300/300/300/300/300/300
1700000093.650000,1,300,300,71.57,49.93,0,2864,300/300/300/300/300/300
1700000093.700000,1,300,300,71.39,46.83,0,2864,300/300/300/300/300/300
1700000093.750000,1,300,300,71.23,384.01,1,2899,300/300/300/300/300/300
1700000093.800000,1,300,300,71.25,48.34,0,2899,300/300/300/300/300/300
1700000093.850000,1,300,300,70.78,45.04,0,2899,300/300/300/300/300/300
1700000093.900000,1,300,300,70.57,245.38,1,2899,300/300/300/300/300/300
1700000093.950000,1,300,300,70.38,47.77,0,2899,300/300/300/300/300/300
1700000094.000000,1,300,300,70.15,47.55,0,2899,300/300/300/300/300/300
1700000094.050000,1,300,300,69.94,346.40,1,2883,300/300/300/300/300/300
1700000094.100000,1,300,300,69.62,47.15,0,2883,300/300/300/300/300/300
1700000094.150000,1,300,300,69.38,49.05,0,2883,300/300/300/300/300/300
1700000094.200000,1,300,300,69.19,300.91,1,2866,300/300/300/300/300/300
1700000094.250000,1,300,300,69.03,51.03,0,2866,300/300/300/300/300/300
1700000094.300000,1,300,300,68.80,51.62,0,2866,300/300/300/300/300/300
1700000094.350000,1,300,300,68.57,457.08,1,2837,300/300/300/300/300/300
1700000094.400000,1,300,300,68.24,51.80,0,2837,300/300/300/300/300/300
1700000094.450000,1,300,300,68.01,49.95,0,2837,300/300/300/300/300/300
1700000094.500000,1,300,300,67.72,240.93,1,2849,300/300/300/300/300/300
1700000094.550000,1,300,300,67.46,50.55,0,2849,300/300/300/300/300/300
1700000094.600000,1,300,300,67.26,48.68,0,2849,300/300/300/300/300/300
1700000094.650000,1,300,300,67.03,336.98,1,2816,300/300/300/300/300/300
1700000094.700000,1,300,300,66.78,49.75,0,2816,300/300/300/300/300/300
1700000094.750000,1,300,300,66.51,50.78,0,2816,300/300/300/300/300/300
1700000094.800000,1,300,300,66.29,200.02,1,2782,300/300/300/300/300/300
1700000094.850000,1,300,300,66.04,51.49,0,2782,300/300/300/300/300/300
1700000094.900000,1,300,300,66.02,50.79,0,2782,300/300/300/300/300/300
1700000094.950000,1,300,300,65.52,346.33,1,2781,300/300/300/300/300/300
1700000095.000000,1,300,300,65.42,49.63,0,2781,300/300/300/300/300/300
1700000095.050000,1,300,300,65.88,52.26,0,2781,300/300/300/300/300/300
1700000095.100000,1,300,300,64.84,328.32,1,2740,300/300/300/300/300/300
1700000095.150000,1,300,300,64.81,57.06,0,2740,300/300/300/300/300/300
1700000095.200000,1,300,300,64.54,52.75,0,2740,300/300/300/300/300/300
1700000095.250000,1,300,300,64.13,323.16,1,2728,300/300/300/300/300/300
1700000095.300000,1,300,300,63.92,57.93,0,2728,300/300/300/300/300/300
1700000095.350000,1,300,300,63.68,51.55,0,2728,300/300/300/300/300/300
1700000095.400000,1,300,300,63.47,318.44,1,2786,300/300/300/300/300/300
1700000095.450000,1,300,300,63.24,53.43,0,2786,300/300/300/300/300/300
1700000095.500000,1,300,300,63.03,52.17,0,2786,300/300/300/300/300/300
1700000095.550000,1,300,300,62.82,331.09,1,2818,300/300/300/300/300/300
1700000095.600000,1,300,300,62.61,53.96,0,2818,300/300/300/300/300/300
1700000095.650000,1,300,300,62.44,49.75,0,2818,300/300/300/300/300/300
1700000095.700000,1,300,300,62.30,371.26,1,2797,300/300/300/300/300/300
1700000095.750000,1,300,300,62.14,53.31,0,2797,300/300/300/300/300/300
1700000095.800000,1,300,300,61.91,54.64,0,2797,300/300/300/300/300/300
1700000095.850000,1,300,300,61.69,317.43,1,2805,300/300/300/300/300/300
1700000095.900000,1,300,300,61.46,56.81,0,2805,300/300/300/300/300/300
1700000095.950000,1,300,300,61.23,54.05,0,2805,300/300/300/300/300/300
1700000096.000000,1,300,300,61.00,294.60,1,2842,300/300/300/300/300/300
1700000096.050000,1,300,300,60.81,54.94,0,2842,300/300/300/300/300/300
1700000096.100000,1,300,300,60.61,54.00,0,2842,300/300/300/300/300/300
1700000096.150000,1,300,300,60.41,316.81,1,2825,300/300/300/300/300/300
1700000096.200000,1,300,300,60.25,56.57,0,2825,300/300/300/300/300/300
1700000096.250000,1,300,300,60.11,55.69,0,2825,300/300/300/300/300/300
1700000096.300000,1,300,300,59.97,310.85,1,2768,300/300/300/300/300/300
1700000096.350000,1,300,300,59.85,55.79,0,2768,300/300/300/300/300/300
1700000096.400000,1,300,300,59.69,54.47,0,2768,300/300/300/300/300/300
1700000096.450000,1,300,300,59.49,367.47,1,2782,300/300/300/300/300/300
1700000096.500000,1,300,300,59.23,56.96,0,2782,300/300/300/300/300/300
1700000096.550000,1,300,300,59.09,56.01,0,2782,300/300/300/300/300/300
1700000096.600000,1,300,300,58.93,343.47,1,2775,300/300/300/300/300/300
1700000096.650000,1,300,300,58.79,58.69,0,2775,300/300/300/300/300/300
1700000096.700000,1,300,300,58.64,54.11,0,2775,300/300/300/300/300/300
1700000096.750000,1,300,300,58.49,227.66,1,2759,300/300/300/300/300/300
1700000096.800000,1,300,300,58.42,60.53,0,2759,300/300/300/300/300/300
1700000096.850000,1,300,300,58.25,63.60,0,2759,300/300/300/300/300/300
1700000096.900000,1,300,300,58.13,408.35,1,2736,300/300/300/300/300/300
1700000096.950000,1,300,300,58.04,57.63,0,2736,300/300/300/300/300/300
1700000097.000000,1,300,300,58.02,56.07,0,2736,300/300/300/300/300/300
1700000097.050000,1,300,300,58.13,306.16,1,2718,300/300/300/300/300/300
1700000097.100000,1,300,300,58.05,57.72,0,2718,300/300/300/300/300/300
1700000097.150000,1,300,300,57.69,54.84,0,2718,300/300/300/300/300/300
1700000097.200000,1,300,300,57.65,297.21,1,2731,300/300/300/300/300/300
1700000097.250000,1,300,300,57.70,59.42,0,2731,300/300/300/300/300/300
1700000097.300000,1,300,300,57.86,60.79,0,2731,300/300/300/300/300/300
1700000097.350000,1,300,300,57.73,227.67,1,2723,300/300/300/300/300/300
1700000097.400000,1,300,300,57.45,62.80,0,2723,300/300/300/300/300/300
1700000097.450000,1,300,300,57.44,61.78,0,2723,300/300/300/300/300/300
1700000097.500000,1,300,300,57.46,294.47,1,2764,300/300/300/300/300/300
1700000097.550000,1,300,300,57.37,58.02,0,2764,300/300/300/300/300/300
1700000097.600000,1,300,300,57.34,55.97,0,2764,300/300/300/300/300/300
1700000097.650000,1,300,300,57.39,227.76,1,2772,300/300/300/300/300/300
1700000097.700000,1,300,300,57.42,64.32,0,2772,300/300/300/300/300/300
1700000097.750000,1,300,300,57.46,63.59,0,2772,300/300/300/300/300/300
1700000097.800000,1,300,300,57.57,227.72,1,2724,300/300/300/300/300/300
1700000097.850000,1,300,300,57.65,63.44,0,2724,300/300/300/300/300/300
1700000097.900000,1,300,300,57.78,56.09,0,2724,300/300/300/300/300/300
1700000097.950000,1,300,300,57.83,290.08,1,2716,300/300/300/300/300/300
1700000098.000000,1,300,300,58.00,61.91,0,2716,300/300/300/300/300/300
1700000098.050000,1,300,300,58.20,60.37,0,2716,300/300/300/300/300/300
1700000098.100000,1,300,300,58.39,306.16,1,2700,300/300/300/300/300/300
1700000098.150000,1,300,300,58.51,66.42,0,2700,300/300/300/300/300/300
1700000098.200000,1,300,300,58.72,61.97,0,2700,300/300/300/300/300/300
1700000098.250000,1,300,300,59.03,361.15,1,2695,300/300/300/300/300/300
1700000098.300000,1,300,300,59.16,61.56,0,2695,300/300/300/300/300/300
1700000098.350000,1,300,300,59.42,63.48,0,2695,300/300/300/300/300/300
1700000098.400000,1,300,300,59.74,311.50,1,2701,300/300/300/300/300/300
1700000098.450000,1,300,300,60.21,62.03,0,2701,300/300/300/300/300/300
1700000098.500000,1,300,300,60.60,64.03,0,2701,300/300/300/300/300/300
1700000098.550000,1,300,300,61.01,309.37,1,2659,300/300/300/300/300/300
1700000098.600000,1,300,300,61.49,66.30,0,2659,300/300/300/300/300/300
1700000098.650000,1,296,300,61.99,66.21,0,2659,296/300/300/300/300/300
1700000098.700000,1,295,300,62.59,290.76,1,2633,295/300/300/300/300/300
1700000098.750000,1,287,300,63.32,64.54,0,2633,287/300/300/300/300/300
1700000098.800000,1,300,300,64.03,64.77,0,2633,300/300/300/300/300/297
1700000098.850000,1,289,300,64.84,340.61,1,2625,289/300/300/300/300/296
1700000098.900000,1,300,300,65.44,60.61,0,2625,300/300/300/300/300/298
1700000098.950000,1,300,300,66.19,61.67,0,2625,300/300/300/300/300/300
1700000099.000000,1,300,300,67.06,314.40,1,2615,300/300/300/300/300/300
1700000099.050000,1,300,300,68.07,64.20,0,2615,300/300/300/300/300/287
1700000099.100000,1,263,300,69.29,63.69,0,2615,263/300/300/300/300/261
1700000099.150000,1,241,300,70.65,267.39,1,2633,241/300/300/300/300/300
1700000099.200000,1,224,300,72.31,65.88,0,2633,224/300/300/300/300/300
1700000099.250000,1,214,300,74.41,64.40,0,2633,214/300/300/300/300/300
1700000099.300000,1,201,300,76.79,226.06,1,2642,201/300/300/300/300/247
1700000099.350000,1,185,300,79.44,68.14,0,2642,185/300/270/232/300/233
1700000099.400000,1,184,300,81.93,55.23,0,2642,184/300/265/197/300/287
1700000099.450000,1,182,300,83.79,420.35,1,2599,182/300/261/177/300/237
1700000099.500000,1,178,273,85.09,58.59,0,2599,178/273/245/171/300/229
1700000099.550000,1,169,260,85.14,57.55,0,2599,169/260/228/167/268/223
1700000099.600000,1,163,300,83.46,176.60,1,2544,163/300/210/162/248/220
1700000099.650000,1,154,300,78.98,61.85,0,2544,154/300/197/265/234/225
1700000099.700000,1,169,300,72.56,73.90,0,2544,169/300/200/300/237/282
1700000099.750000,1,249,300,67.08,224.83,1,2481,249/300/221/300/249/300
1700000099.800000,1,300,300,62.62,131.27,0,2481,300/300/300/207/300/300
1700000099.850000,1,280,300,57.92,86.91,0,2481,280/300/300/275/300/124
1700000099.900000,1,299,300,57.11,286.95,1,2404,299/300/277/300/284/106
1700000099.950000,1,283,300,57.28,95.83,0,2404,283/300/228/300/115/185
1700000100.000000,1,300,300,60.32,85.07,0,2404,300/300/300/300/111/114
1700000100.050000,1,232,300,62.41,254.82,1,2411,232/300/300/300/92/300
1700000100.100000,1,212,300,63.89,106.10,0,2411,212/300/300/264/300/300
1700000100.150000,1,300,300,64.72,162.44,0,2411,300/300/300/237/243/300
1700000100.200000,1,300,300,64.95,316.19,1,2385,300/300/300/300/236/300
1700000100.250000,1,300,300,64.93,126.41,0,2385,300/300/163/290/229/300
1700000100.300000,1,300,300,64.66,76.21,0,2385,300/300/300/275/214/300
1700000100.350000,1,278,300,64.25,267.67,1,2405,278/300/300/223/201/300
1700000100.400000,1,250,300,63.78,62.56,0,2405,250/300/300/218/193/300
1700000100.450000,1,300,300,63.37,60.52,0,2405,300/300/300/191/182/300
1700000100.500000,1,281,300,63.08,216.49,1,2479,281/300/300/300/300/300
1700000100.550000,1,251,300,62.97,76.06,0,2479,251/300/300/300/300/300
1700000100.600000,1,237,300,63.05,73.79,0,2479,237/300/300/300/300/300
1700000100.650000,1,300,300,63.43,188.22,1,2517,300/300/300/300/300/300
1700000100.700000,1,300,300,63.97,73.12,0,2517,300/300/300/235/300/300
1700000100.750000,1,300,300,64.47,65.96,0,2517,300/300/261/300/300/300
1700000100.800000,1,293,300,65.07,224.53,1,2548,293/300/255/257/259/300
1700000100.850000,1,283,300,65.60,60.56,0,2548,283/300/243/254/300/300
1700000100.900000,1,295,300,66.07,57.87,0,2548,295/300/300/300/300/300
1700000100.950000,1,300,300,66.71,188.24,1,2631,300/300/247/260/300/300
1700000101.000000,1,300,300,67.32,59.67,0,2631,300/300/224/251/300/300
1700000101.050000,1,300,300,68.11,57.80,0,2631,300/300/300/234/300/300
1700000101.100000,1,294,300,68.55,250.08,1,2668,294/300/251/300/300/300
1700000101.150000,1,300,300,68.59,55.44,0,2668,300/300/236/292/300/300
1700000101.200000,1,299,300,68.92,55.01,0,2668,299/300/248/300/300/300
1700000101.250000,1,300,300,69.28,268.96,1,2689,300/300/273/300/300/300
1700000101.300000,1,296,300,69.59,53.67,0,2689,296/300/282/300/300/300
1700000101.350000,1,300,300,69.85,52.63,0,2689,300/300/300/300/300/300
1700000101.400000,1,287,300,70.09,192.58,1,2737,287/300/300/300/300/300
1700000101.450000,1,300,300,70.31,55.84,0,2737,300/300/300/300/300/300
1700000101.500000,1,300,300,70.42,56.38,0,2737,300/300/300/300/300/300
1700000101.550000,1,300,300,70.50,300.13,1,2736,300/300/300/279/300/300
1700000101.600000,1,300,300,70.43,56.18,0,2736,300/300/300/300/300/300
1700000101.650000,1,266,300,70.38,55.02,0,2736,266/300/300/287/300/300
1700000101.700000,1,300,300,70.33,260.22,1,2754,300/300/300/283/300/300
1700000101.750000,1,300,300,70.24,59.42,0,2754,300/300/300/300/300/300
1700000101.800000,1,300,300,70.24,57.03,0,2754,300/300/300/300/300/300
1700000101.850000,1,300,300,70.39,189.50,1,2777,300/300/300/300/300/300
1700000101.900000,1,300,300,70.29,54.60,0,2777,300/300/300/300/288/300
1700000101.950000,1,300,300,70.06,54.41,0,2777,300/300/300/300/300/300
1700000102.000000,1,300,300,70.01,273.29,1,2804,300/300/300/300/298/300
1700000102.050000,1,300,300,69.95,50.77,0,2804,300/300/300/300/300/300
1700000102.100000,1,300,300,70.08,51.47,0,2804,300/300/300/300/295/300
1700000102.150000,1,300,300,70.04,199.96,1,2825,300/300/300/300/300/300
1700000102.200000,1,300,300,70.10,59.50,0,2825,300/300/300/300/300/300
1700000102.250000,1,300,300,70.26,65.36,0,2825,300/300/300/300/300/300
1700000102.300000,1,300,300,70.80,308.24,1,2808,300/300/300/300/300/300
1700000102.350000,1,300,300,71.31,59.29,0,2808,300/300/300/300/300/300
1700000102.400000,1,300,300,70.65,62.62,0,2808,300/300/300/300/274/300
1700000102.450000,1,300,300,70.79,267.44,1,2834,300/300/300/300/300/300
1700000102.500000,1,300,300,70.89,59.64,0,2834,300/300/300/300/300/300
1700000102.550000,1,300,300,70.91,55.49,0,2834,300/300/300/300/300/300
1700000102.600000,1,300,300,70.89,243.55,1,2862,300/300/300/300/300/300
1700000102.650000,1,300,300,70.97,57.17,0,2862,300/300/300/300/300/300
1700000102.700000,1,300,300,71.09,56.33,0,2862,300/300/300/300/300/300
1700000102.750000,1,300,300,71.28,252.40,1,2902,300/300/300/300/300/300
1700000102.800000,1,300,300,71.47,54.63,0,2902,300/300/300/300/300/300
1700000102.850000,1,300,300,71.55,53.88,0,2902,300/300/300/300/300/300
1700000102.900000,1,300,300,71.62,349.71,1,2931,300/300/300/300/300/300
1700000102.950000,1,300,300,71.76,53.15,0,2931,300/300/300/300/300/300
1700000103.000000,1,300,300,72.18,51.51,0,2931,300/300/300/300/300/300
1700000103.050000,1,300,300,72.14,254.68,1,2962,300/300/300/300/300/300
1700000103.100000,1,300,300,72.29,56.83,0,2962,300/300/300/300/300/300
1700000103.150000,1,300,300,72.45,57.81,0,2962,300/300/300/300/300/300
1700000103.200000,1,300,300,72.72,261.12,1,2978,300/300/300/300/300/300
1700000103.250000,1,300,300,73.00,56.53,0,2978,300/300/300/300/300/300
1700000103.300000,1,300,300,73.27,56.99,0,2978,300/300/300/300/300/300
1700000103.350000,1,300,300,73.54,384.23,1,3014,300/300/300/300/300/300
1700000103.400000,1,300,300,73.82,53.18,0,3014,300/300/300/293/300/300
1700000103.450000,1,300,300,74.11,50.64,0,3014,300/300/300/300/300/300
1700000103.500000,1,300,300,74.40,263.78,1,3029,300/300/300/300/300/299
1700000103.550000,1,300,300,74.80,51.55,0,3029,300/300/300/300/300/300
1700000103.600000,1,300,300,74.94,52.61,0,3029,300/300/300/300/300/300
1700000103.650000,1,300,300,75.44,376.00,1,3061,300/300/300/300/300/300
1700000103.700000,1,300,300,75.66,55.35,0,3061,300/300/300/300/300/300
1700000103.750000,1,300,300,75.84,51.07,0,3061,300/300/300/300/300/300
1700000103.800000,1,300,300,76.13,373.33,1,3151,300/300/300/300/300/300
1700000103.850000,1,300,300,76.37,49.95,0,3151,300/300/300/300/300/300
1700000103.900000,1,300,300,76.62,51.33,0,3151,300/300/300/300/300/300
1700000103.950000,1,300,300,76.86,413.06,1,3278,300/300/300/300/300/300
1700000104.000000,1,300,300,77.13,52.37,0,3278,300/300/300/300/300/300
1700000104.050000,1,300,300,77.38,52.09,0,3278,300/300/300/300/300/300
1700000104.100000,1,300,300,77.64,230.47,1,3273,300/300/300/300/300/300
1700000104.150000,1,300,300,77.90,55.25,0,3273,300/300/300/300/300/300
1700000104.200000,1,300,300,78.13,51.05,0,3273,300/300/300/300/300/300
1700000104.250000,1,300,300,78.49,393.39,1,3345,300/300/300/300/300/300
1700000104.300000,1,300,300,78.73,52.97,0,3345,300/300/300/300/300/300
1700000104.350000,1,300,300,78.92,51.29,0,3345,300/300/300/300/300/300
1700000104.400000,1,300,300,79.04,360.01,1,3370,300/300/300/300/300/300
1700000104.450000,1,300,300,79.20,52.11,0,3370,300/300/300/300/300/300
1700000104.500000,1,300,300,79.43,52.53,0,3370,300/300/300/300/300/300
1700000104.550000,1,300,300,79.67,281.67,1,3326,300/300/300/300/300/300
1700000104.600000,1,300,300,79.86,50.76,0,3326,300/300/300/300/300/300
1700000104.650000,1,300,300,79.98,49.20,0,3326,300/300/300/300/300/300
1700000104.700000,1,300,300,80.14,323.73,1,3305,300/300/300/300/300/300
1700000104.750000,1,300,300,80.32,48.76,0,3305,300/300/300/300/300/300
1700000104.800000,1,300,300,80.48,51.83,0,3305,300/300/300/300/300/300
1700000104.850000,1,300,300,80.65,322.99,1,3272,300/300/300/300/300/300
1700000104.900000,1,300,300,80.80,50.97,0,3272,300/300/300/300/300/300
1700000104.950000,1,300,300,81.17,50.75,0,3272,300/300/300/300/300/300
1700000105.000000,1,300,300,81.11,317.56,1,3229,300/300/300/300/300/300
1700000105.050000,1,300,300,81.33,49.18,0,3229,300/300/300/300/300/300
1700000105.100000,1,300,300,81.50,48.91,0,3229,300/300/300/300/300/300
1700000105.150000,1,300,300,81.50,356.05,1,3215,300/300/300/300/300/300
1700000105.200000,1,300,300,81.61,48.36,0,3215,300/300/300/300/300/300
1700000105.250000,1,300,300,81.77,47.56,0,3215,300/300/300/300/300/300
1700000105.300000,1,300,300,81.85,233.30,1,3196,300/300/300/300/300/300
1700000105.350000,1,300,300,81.97,49.92,0,3196,300/300/300/300/300/300
1700000105.400000,1,300,300,82.06,48.37,0,3196,300/300/300/300/300/300
1700000105.450000,1,300,300,82.17,326.89,1,3144,300/300/300/300/300/300
1700000105.500000,1,300,300,82.37,47.78,0,3144,300/300/300/300/300/300
1700000105.550000,1,300,300,82.34,47.66,0,3144,300/300/300/300/300/300
1700000105.600000,1,300,300,82.38,354.86,1,3095,300/300/300/300/300/300
1700000105.650000,1,300,300,82.51,48.32,0,3095,300/300/300/300/300/300
1700000105.700000,1,300,300,82.62,46.56,0,3095,300/300/300/300/300/300
1700000105.750000,1,300,300,82.65,421.10,1,3047,300/300/300/300/300/300
1700000105.800000,1,300,300,82.66,49.50,0,3047,300/300/300/300/300/300
1700000105.850000,1,300,300,82.66,49.68,0,3047,300/300/300/300/300/300
1700000105.900000,1,300,300,82.70,330.24,1,3031,300/300/300/300/300/300
1700000105.950000,1,300,300,82.93,49.34,0,3031,300/300/300/300/300/300
1700000106.000000,1,300,300,83.08,48.48,0,3031,300/300/300/300/300/300
1700000106.050000,1,300,300,82.86,231.59,1,3017,300/300/300/300/300/300
1700000106.100000,1,300,300,82.96,48.76,0,3017,300/300/300/300/300/300
1700000106.150000,1,300,300,83.07,48.51,0,3017,300/300/300/300/300/300
1700000106.200000,1,300,300,82.94,421.15,1,3008,300/300/300/300/300/300
1700000106.250000,1,300,300,82.96,50.35,0,3008,300/300/300/300/300/300
1700000106.300000,1,300,300,82.92,47.02,0,3008,300/300/300/300/300/300
1700000106.350000,1,300,300,82.88,385.50,1,3027,300/300/300/300/300/300
1700000106.400000,1,300,300,82.85,47.47,0,3027,300/300/300/300/300/300
1700000106.450000,1,300,300,82.95,49.31,0,3027,300/300/300/300/300/300
1700000106.500000,1,300,300,82.87,296.47,1,3001,300/300/300/300/300/300
1700000106.550000,1,300,300,82.87,48.23,0,3001,300/300/300/300/300/300
1700000106.600000,1,300,300,82.77,48.07,0,3001,300/300/300/300/300/300
1700000106.650000,1,300,300,82.76,383.23,1,2956,300/300/300/300/300/300
1700000106.700000,1,300,300,82.75,49.91,0,2956,300/300/300/300/300/300
1700000106.750000,1,300,300,82.71,48.25,0,2956,300/300/300/300/300/300
1700000106.800000,1,300,300,82.67,375.71,1,2932,300/300/300/300/300/300
1700000106.850000,1,300,300,82.68,51.43,0,2932,300/300/300/300/300/300
1700000106.900000,1,300,300,82.52,47.51,0,2932,300/300/300/300/300/300
1700000106.950000,1,300,300,82.60,335.45,1,2919,300/300/300/300/300/300
1700000107.000000,1,300,300,82.45,49.63,0,2919,300/300/300/300/300/300
1700000107.050000,1,300,300,82.33,50.09,0,2919,300/300/300/300/300/300
1700000107.100000,1,300,300,82.27,333.73,1,2917,300/300/300/300/300/300
1700000107.150000,1,300,300,82.17,50.95,0,2917,300/300/300/300/300/300
1700000107.200000,1,300,300,82.12,49.56,0,2917,300/300/300/300/300/300
1700000107.250000,1,300,300,82.04,289.69,1,2897,300/300/300/300/300/300
1700000107.300000,1,300,300,82.00,49.46,0,2897,300/300/300/300/300/300
1700000107.350000,1,300,300,82.05,47.58,0,2897,300/300/300/300/300/300
1700000107.400000,1,300,300,81.83,288.17,1,2864,300/300/300/300/300/300
1700000107.450000,1,300,300,81.70,54.32,0,2864,300/300/300/300/300/300
1700000107.500000,1,300,300,82.07,49.40,0,2864,300/300/300/300/300/300
1700000107.550000,1,300,300,81.93,336.10,1,2857,300/300/300/300/300/300
1700000107.600000,1,300,300,81.49,50.02,0,2857,300/300/300/300/300/300
1700000107.650000,1,300,300,81.28,50.23,0,2857,300/300/300/300/300/300
1700000107.700000,1,300,300,81.19,331.60,1,2865,300/300/300/300/300/300
1700000107.750000,1,300,300,81.09,52.07,0,2865,300/300/300/300/300/300
1700000107.800000,1,300,300,81.14,48.71,0,2865,300/300/300/300/300/300
1700000107.850000,1,300,300,81.03,366.69,1,2847,300/300/300/300/300/300
1700000107.900000,1,300,300,80.74,49.65,0,2847,300/300/300/300/300/300
1700000107.950000,1,300,300,80.62,47.59,0,2847,300/300/300/300/300/300
1700000108.000000,1,300,300,80.54,320.75,1,2812,300/300/300/300/300/300
1700000108.050000,1,300,300,80.38,49.55,0,2812,300/300/300/300/300/300
1700000108.100000,1,300,300,80.24,49.46,0,2812,300/300/300/300/300/300
1700000108.150000,1,300,300,80.17,328.67,1,2760,300/300/300/300/300/300
1700000108.200000,1,300,300,80.03,50.75,0,2760,300/300/300/300/300/300
1700000108.250000,1,300,300,79.90,49.04,0,2760,300/300/300/300/300/300
1700000108.300000,1,300,300,79.85,359.58,1,2730,300/300/300/300/300/300
1700000108.350000,1,300,300,79.73,50.73,0,2730,300/300/300/300/300/300
1700000108.400000,1,300,300,79.59,51.13,0,2730,300/300/300/300/300/300
1700000108.450000,1,300,300,79.43,231.15,1,2719,300/300/300/300/300/300
1700000108.500000,1,300,300,79.27,55.82,0,2719,300/300/300/300/300/300
1700000108.550000,1,300,300,79.11,54.02,0,2719,300/300/300/300/300/300
1700000108.600000,1,300,300,79.00,273.30,1,2694,300/300/300/300/300/300
1700000108.650000,1,300,300,78.87,54.25,0,2694,300/300/300/300/300/300
1700000108.700000,1,300,300,78.75,52.99,0,2694,300/300/300/300/300/300
1700000108.750000,1,300,300,78.62,274.65,1,2692,300/300/300/300/300/300
1700000108.800000,1,300,300,78.51,51.72,0,2692,300/300/300/300/300/300
1700000108.850000,1,300,300,78.39,52.95,0,2692,300/300/300/300/300/300
1700000108.900000,1,300,300,78.28,275.77,1,2715,300/300/300/300/300/300
1700000108.950000,1,300,300,78.17,57.31,0,2715,300/300/300/300/300/300
1700000109.000000,1,300,300,78.09,55.23,0,2715,300/300/300/300/300/300
1700000109.050000,1,300,300,77.99,274.95,1,2692,300/300/300/300/300/300
1700000109.100000,1,300,300,77.91,57.45,0,2692,300/300/300/300/300/300
1700000109.150000,1,300,300,77.84,58.69,0,2692,300/300/300/300/300/300
1700000109.200000,1,300,300,77.80,284.65,1,2697,300/300/300/300/300/300
1700000109.250000,1,300,300,77.75,57.61,0,2697,300/300/300/300/300/300
1700000109.300000,1,300,300,77.61,66.29,0,2697,300/300/300/300/300/300
1700000109.350000,1,300,300,77.52,364.95,1,2700,300/300/300/300/300/300
1700000109.400000,1,300,300,77.52,62.24,0,2700,300/300/300/300/300/284
1700000109.450000,1,300,300,77.55,59.15,0,2700,300/300/300/300/300/294
1700000109.500000,1,300,300,77.46,280.31,1,2725,300/300/300/300/300/300
1700000109.550000,1,300,300,77.41,66.58,0,2725,300/300/300/300/300/297
1700000109.600000,1,300,300,77.46,67.60,0,2725,300/300/300/276/300/287
1700000109.650000,1,300,300,77.35,268.71,1,2721,300/300/300/300/300/273
1700000109.700000,1,300,300,77.31,68.48,0,2721,300/300/300/300/300/300
1700000109.750000,1,300,300,77.29,72.29,0,2721,300/300/300/299/300/300
1700000109.800000,1,300,300,77.23,407.56,1,2708,300/300/300/300/300/300
1700000109.850000,1,300,300,77.22,75.09,0,2708,300/300/300/300/300/300
1700000109.900000,1,300,300,77.35,77.65,0,2708,300/300/300/300/300/300
1700000109.950000,1,300,300,77.35,317.19,1,2727,300/300/300/300/300/292
