t,tracked,n_obs0,n_obs1,mean0,ms,keyframe,n_landmarks
1520530308.199448,0,0,0,13.88,1.51,0,0
1520530308.249449,0,0,0,13.96,0.64,0,0
1520530308.299451,0,0,0,13.93,0.65,0,0
1520530308.349503,0,0,0,14.57,0.66,0,0
1520530308.399505,0,0,0,14.72,0.62,0,0
1520530308.449505,0,0,0,14.76,0.62,0,0
1520530308.499506,0,0,0,14.63,0.62,0,0
1520530308.549508,0,0,0,14.67,0.62,0,0
1520530308.599509,0,0,0,14.71,0.63,0,0
1520530308.649555,0,0,0,14.68,0.62,0,0
1520530308.699512,0,0,0,14.63,0.62,0,0
1520530308.749559,0,0,0,15.28,0.63,0,0
1520530308.799560,0,0,0,15.25,0.62,0,0
1520530308.849562,0,0,0,15.24,0.63,0,0
1520530308.899563,0,0,0,15.27,0.63,0,0
1520530308.949565,0,0,0,15.37,0.63,0,0
1520530308.999567,0,0,0,15.36,0.63,0,0
1520530309.049568,0,0,0,15.43,0.75,0,0
1520530309.099570,0,0,0,15.38,0.63,0,0
1520530309.149567,0,0,0,15.32,0.65,0,0
1520530309.199583,0,0,0,15.55,0.62,0,0
1520530309.249583,0,0,0,15.45,0.63,0,0
1520530309.299586,0,0,0,15.58,0.63,0,0
1520530309.349586,0,0,0,15.57,0.62,0,0
1520530309.399589,0,0,0,15.46,0.61,0,0
1520530309.449590,0,0,0,15.43,0.62,0,0
1520530309.499591,0,0,0,15.50,0.61,0,0
1520530309.549594,0,0,0,15.55,0.62,0,0
1520530309.599597,0,0,0,15.49,0.61,0,0
1520530309.649599,0,0,0,15.64,0.60,0,0
1520530309.699600,0,0,0,15.66,0.61,0,0
1520530309.749602,0,0,0,15.65,0.62,0,0
1520530309.799603,0,0,0,15.58,0.62,0,0
1520530309.849605,0,0,0,15.67,0.62,0,0
1520530309.899606,0,0,0,15.70,0.61,0,0
1520530309.949608,0,0,0,15.55,0.62,0,0
1520530309.999622,0,0,0,15.85,0.62,0,0
1520530310.049623,0,0,0,15.81,0.61,0,0
1520530310.099625,0,0,0,15.84,0.63,0,0
1520530310.149627,0,0,0,15.89,0.62,0,0
1520530310.199628,0,0,0,15.92,0.62,0,0
1520530310.249729,0,0,0,15.84,0.71,0,0
1520530310.299631,0,0,0,15.88,0.62,0,0
1520530310.349633,0,0,0,15.83,0.61,0,0
1520530310.399625,0,0,0,15.71,0.60,0,0
1520530310.449627,0,0,0,15.66,0.62,0,0
1520530310.499628,0,0,0,15.73,0.65,0,0
1520530310.549630,0,0,0,15.73,0.64,0,0
1520530310.599632,0,0,0,15.74,0.63,0,0
1520530310.649633,0,0,0,15.73,0.63,0,0
1520530310.699635,0,0,0,15.70,0.61,0,0
1520530310.749636,0,0,0,15.67,0.61,0,0
1520530310.799651,0,0,0,15.93,0.61,0,0
1520530310.849652,0,0,0,15.94,0.61,0,0
1520530310.899654,0,0,0,16.01,0.62,0,0
1520530310.949655,0,0,0,15.96,0.60,0,0
1520530310.999657,0,0,0,15.97,0.62,0,0
1520530311.049659,0,0,0,16.00,0.62,0,0
1520530311.099660,1,300,214,15.92,27.65,1,214
1520530311.149662,1,300,223,15.99,31.15,0,214
1520530311.199672,1,300,218,16.10,31.05,0,214
1520530311.249673,1,300,229,16.08,46.20,1,311
1520530311.299675,1,300,227,16.02,31.04,0,311
1520530311.349677,1,300,221,16.05,29.98,0,311
1520530311.399678,1,300,223,16.08,50.38,1,381
1520530311.449679,1,300,227,16.07,32.74,0,381
1520530311.499684,1,300,229,16.09,31.22,0,381
1520530311.549683,1,300,229,16.07,58.99,1,454
1520530311.599684,1,300,224,16.13,30.14,0,454
1520530311.649719,1,300,231,16.63,29.67,0,454
1520530311.699720,1,300,223,16.54,62.63,1,514
1520530311.749722,1,300,221,16.67,30.03,0,514
1520530311.799723,1,300,227,16.60,29.59,0,514
1520530311.849725,1,300,237,16.58,57.90,1,578
1520530311.899726,1,300,228,16.59,29.77,0,578
1520530311.949728,1,300,226,16.59,29.38,0,578
1520530311.999729,1,300,225,16.58,68.32,1,637
1520530312.049721,1,300,230,16.42,29.90,0,637
1520530312.099721,1,300,230,16.52,30.30,0,637
1520530312.149723,1,300,231,16.45,66.78,1,696
1520530312.199726,1,300,228,16.54,30.17,0,696
1520530312.249727,1,300,226,16.54,30.19,0,696
1520530312.299728,1,300,236,16.46,71.31,1,769
1520530312.349730,1,300,218,16.43,29.78,0,769
1520530312.399731,1,300,229,16.46,29.01,0,769
1520530312.449712,1,300,233,16.16,76.30,1,836
1520530312.499714,1,300,224,16.18,30.10,0,836
1520530312.549715,1,300,227,16.22,29.65,0,836
1520530312.599717,1,300,229,16.23,100.86,1,896
1520530312.649719,1,300,227,16.19,30.97,0,896
1520530312.699720,1,300,221,16.15,29.43,0,896
1520530312.749722,1,300,230,16.16,87.07,1,960
1520530312.799724,1,300,231,16.24,29.54,0,960
1520530312.849720,1,300,233,16.15,30.04,0,960
1520530312.899721,1,300,231,16.18,91.01,1,1015
1520530312.949723,1,300,226,16.12,29.77,0,1015
1520530312.999725,1,300,230,16.19,30.92,0,1015
1520530313.049726,1,300,243,16.15,98.59,1,1079
1520530313.099727,1,300,238,16.16,30.90,0,1079
1520530313.149729,1,300,241,16.16,30.01,0,1079
1520530313.199730,1,300,226,16.14,119.25,1,1125
1520530313.249736,1,300,229,16.17,30.97,0,1125
1520530313.299738,1,300,235,16.27,29.30,0,1125
1520530313.349739,1,300,227,16.26,108.41,1,1178
1520530313.399790,1,300,226,16.26,30.10,0,1178
1520530313.449743,1,300,221,16.23,29.59,0,1178
1520530313.499744,1,300,229,16.18,157.52,1,1237
1520530313.549746,1,300,230,16.22,30.65,0,1237
1520530313.599747,1,300,239,16.22,29.90,0,1237
1520530313.649745,1,300,228,16.18,87.04,1,1284
1520530313.699746,1,300,236,16.11,31.50,0,1284
1520530313.749748,1,300,236,16.19,30.04,0,1284
1520530313.799750,1,300,222,16.18,114.59,1,1341
1520530313.849751,1,300,232,16.25,30.52,0,1341
1520530313.899753,1,300,231,16.20,32.37,0,1341
1520530313.949754,1,300,232,16.11,137.37,1,1408
1520530313.999756,1,300,230,16.15,29.94,0,1408
1520530314.049757,1,300,236,16.30,31.96,0,1408
1520530314.099763,1,300,242,16.26,145.08,1,1471
1520530314.149765,1,300,239,16.26,31.28,0,1471
1520530314.199766,1,300,227,16.32,29.34,0,1471
1520530314.249768,1,300,226,16.38,152.54,1,1530
1520530314.299769,1,300,242,16.41,30.68,0,1530
1520530314.349771,1,300,235,16.34,30.47,0,1530
1520530314.399773,1,300,235,16.35,169.46,1,1597
1520530314.449774,1,300,239,16.33,31.30,0,1597
1520530314.499774,1,300,235,16.42,31.58,0,1597
1520530314.549776,1,300,234,16.33,176.96,1,1666
1520530314.599777,1,300,223,16.37,31.86,0,1666
1520530314.649779,1,300,224,16.46,31.79,0,1666
1520530314.699780,1,300,219,16.59,186.88,1,1738
1520530314.749782,1,300,218,16.57,34.49,0,1738
1520530314.799787,1,300,219,16.62,32.28,0,1738
1520530314.849784,1,300,228,16.77,247.43,1,1811
1520530314.899810,1,300,219,17.15,32.93,0,1811
1520530314.949812,1,300,218,17.35,32.73,0,1811
1520530314.999919,1,300,221,17.36,267.95,1,1891
1520530315.049815,1,300,215,17.41,34.51,0,1891
1520530315.099817,1,300,222,17.47,31.95,0,1891
1520530315.149818,1,300,218,17.53,208.92,1,1882
1520530315.199819,1,300,212,17.58,31.85,0,1882
1520530315.249821,1,300,218,17.67,30.89,0,1882
1520530315.299635,1,300,206,14.64,207.94,1,1857
1520530315.349637,1,300,218,14.56,33.70,0,1857
1520530315.399639,1,300,227,14.51,32.50,0,1857
1520530315.449640,1,300,224,14.51,209.64,1,1866
1520530315.499642,1,300,209,14.36,34.45,0,1866
1520530315.549643,1,300,199,14.41,32.12,0,1866
1520530315.599645,1,300,217,14.26,211.17,1,1866
1520530315.649646,1,300,216,14.14,36.87,0,1866
1520530315.699637,1,300,218,13.79,34.80,0,1866
1520530315.749639,1,300,207,13.72,205.73,1,1878
1520530315.799640,1,300,218,13.73,33.95,0,1878
1520530315.849642,1,300,212,13.66,33.11,0,1878
1520530315.899643,1,300,207,13.55,229.64,1,1876
1520530315.949645,1,300,217,13.38,34.44,0,1876
1520530315.999647,1,300,220,13.38,31.99,0,1876
1520530316.049648,1,300,210,13.35,247.81,1,1893
1520530316.100221,1,300,228,22.31,35.13,0,1893
1520530316.150223,1,300,224,22.44,31.89,0,1893
1520530316.200224,1,300,235,22.56,199.51,1,1914
1520530316.250226,1,300,233,22.70,32.45,0,1914
1520530316.300227,1,300,233,22.75,30.50,0,1914
1520530316.350229,1,300,228,22.96,177.66,1,1898
1520530316.400230,1,300,233,22.88,31.97,0,1898
1520530316.450231,1,300,241,22.91,30.97,0,1898
1520530316.500233,1,300,232,22.98,170.03,1,1899
1520530316.550276,1,300,242,23.58,31.79,0,1899
1520530316.600278,1,300,242,23.54,31.25,0,1899
1520530316.650280,1,300,239,23.55,172.60,1,1906
1520530316.700281,1,300,248,23.57,31.54,0,1906
1520530316.750283,1,300,253,23.51,30.89,0,1906
1520530316.800284,1,300,243,23.52,170.37,1,1918
1520530316.850286,1,300,242,23.41,30.10,0,1918
1520530316.900287,1,300,243,23.53,30.12,0,1918
1520530316.949773,1,300,228,15.62,171.86,1,1947
1520530316.999775,1,300,235,15.67,31.49,0,1947
1520530317.049776,1,300,228,15.56,31.16,0,1947
1520530317.099778,1,300,226,15.58,169.12,1,1951
1520530317.149779,1,300,220,15.59,30.86,0,1951
1520530317.199781,1,300,225,15.60,31.48,0,1951
1520530317.249782,1,300,222,15.57,168.19,1,1961
1520530317.299784,1,300,218,15.57,32.61,0,1961
1520530317.349743,1,300,212,14.85,32.28,0,1961
1520530317.399745,1,300,226,14.85,167.33,1,1986
1520530317.449748,1,300,212,14.84,34.49,0,1986
1520530317.499748,1,300,207,14.85,32.13,0,1986
1520530317.549752,1,300,206,14.79,163.95,1,2011
1520530317.599752,1,300,204,14.69,33.02,0,2011
1520530317.649754,1,300,204,14.70,32.55,0,2011
1520530317.699755,1,300,198,14.46,161.06,1,2015
1520530317.750237,1,300,203,21.66,31.99,0,2015
1520530317.800239,1,300,212,21.42,30.16,0,2015
1520530317.850240,1,300,212,21.18,159.11,1,2036
1520530317.900242,1,300,206,20.92,29.43,0,2036
1520530317.950243,1,300,208,20.71,29.77,0,2036
1520530318.000244,1,300,207,20.40,162.21,1,2060
1520530318.050247,1,300,207,20.12,29.77,0,2060
1520530318.100248,1,300,210,19.92,31.04,0,2060
1520530318.150816,1,300,232,26.92,162.96,1,2093
1520530318.200769,1,300,230,26.67,31.95,0,2093
1520530318.250771,1,300,226,26.47,31.97,0,2093
1520530318.300772,1,300,214,26.24,157.89,1,2119
1520530318.350774,1,300,222,26.24,32.50,0,2119
1520530318.400775,1,300,226,26.19,31.98,0,2119
1520530318.450777,1,300,232,26.21,156.28,1,2156
1520530318.500778,1,300,226,26.22,31.56,0,2156
1520530318.550780,1,300,220,26.27,31.02,0,2156
1520530318.600567,1,300,216,23.50,157.12,1,2138
1520530318.650568,1,300,227,23.56,30.59,0,2138
1520530318.700570,1,300,216,23.71,31.40,0,2138
1520530318.750571,1,300,214,23.89,151.45,1,2141
1520530318.800573,1,300,218,24.02,31.19,0,2141
1520530318.850574,1,300,221,24.19,29.19,0,2141
1520530318.900576,1,300,224,24.41,149.89,1,2129
1520530318.950577,1,300,210,24.61,32.36,0,2129
1520530318.999955,1,300,208,16.18,32.66,0,2129
1520530319.049957,1,300,203,16.29,151.66,1,2135
1520530319.099960,1,300,196,16.53,31.18,0,2135
1520530319.149961,1,300,203,16.56,30.03,0,2135
1520530319.199962,1,300,210,16.71,152.65,1,2154
1520530319.249964,1,300,207,16.74,32.09,0,2154
1520530319.299965,1,300,213,16.95,31.48,0,2154
1520530319.349967,1,300,222,16.97,152.89,1,2192
1520530319.399832,1,300,210,14.96,32.13,0,2192
1520530319.449833,1,300,233,15.00,33.36,0,2192
1520530319.499835,1,300,226,15.04,150.42,1,2189
1520530319.549837,1,300,223,14.98,33.52,0,2189
1520530319.599838,1,300,218,14.87,33.16,0,2189
1520530319.649840,1,300,214,14.82,150.77,1,2180
1520530319.699841,1,300,205,14.82,32.70,0,2180
1520530319.749942,1,300,209,14.73,33.33,0,2180
1520530319.800341,1,300,215,22.52,154.74,1,2191
1520530319.850343,1,300,217,22.63,31.50,0,2191
1520530319.900344,1,300,219,22.78,31.53,0,2191
1520530319.950346,1,300,228,22.94,153.20,1,2196
1520530320.000347,1,300,211,23.07,31.63,0,2196
1520530320.050349,1,300,220,23.15,31.73,0,2196
1520530320.100350,1,300,222,23.30,155.81,1,2202
1520530320.150352,1,300,220,23.38,32.95,0,2202
1520530320.200401,1,300,226,24.26,31.59,0,2202
1520530320.250402,1,300,233,24.32,151.58,1,2225
1520530320.300404,1,300,231,24.38,32.95,0,2225
1520530320.350405,1,300,227,24.45,31.49,0,2225
1520530320.400407,1,300,222,24.44,150.07,1,2232
1520530320.450408,1,300,221,24.47,32.53,0,2232
1520530320.500410,1,300,220,24.48,31.52,0,2232
1520530320.550412,1,300,222,24.59,152.18,1,2230
1520530320.599869,1,300,203,15.86,33.54,0,2230
1520530320.649871,1,300,207,15.86,32.00,0,2230
1520530320.699873,1,300,219,16.00,152.66,1,2256
1520530320.749874,1,300,212,15.87,32.72,0,2256
1520530320.799876,1,300,208,15.92,32.28,0,2256
1520530320.849877,1,300,213,15.88,152.91,1,2221
1520530320.899879,1,300,215,15.83,32.56,0,2221
1520530320.949880,1,300,205,15.81,32.86,0,2221
1520530320.999882,1,300,200,15.85,149.74,1,2204
1520530321.049740,1,300,197,13.43,34.33,0,2204
1520530321.099742,1,300,201,13.32,34.35,0,2204
1520530321.149743,1,300,204,13.20,153.15,1,2215
1520530321.199745,1,300,202,13.25,36.30,0,2215
1520530321.249747,1,300,206,13.21,35.46,0,2215
1520530321.299749,1,300,210,13.07,153.43,1,2217
1520530321.349750,1,300,193,13.01,34.29,0,2217
1520530321.399751,1,300,197,12.85,34.77,0,2217
1520530321.449856,1,300,197,14.52,148.81,1,2182
1520530321.499857,1,300,202,14.44,35.58,0,2182
1520530321.549859,1,300,204,14.33,34.10,0,2182
1520530321.599860,1,300,216,14.22,151.82,1,2182
1520530321.649862,1,300,200,14.10,33.54,0,2182
1520530321.699863,1,300,200,14.05,33.71,0,2182
1520530321.749866,1,300,209,14.00,151.02,1,2188
1520530321.799867,1,300,191,13.83,32.98,0,2188
1520530321.850152,1,300,209,18.35,32.45,0,2188
1520530321.900154,1,300,213,18.44,150.04,1,2181
1520530321.950155,1,300,202,18.45,32.09,0,2181
1520530322.000157,1,300,204,18.51,32.75,0,2181
1520530322.050158,1,300,207,18.52,151.53,1,2176
1520530322.100160,1,300,211,18.61,31.88,0,2176
1520530322.150162,1,300,206,18.60,32.12,0,2176
1520530322.200163,1,300,208,18.55,146.45,1,2141
1520530322.250207,1,300,222,19.25,32.22,0,2141
1520530322.300208,1,300,210,19.19,30.32,0,2141
1520530322.350209,1,300,215,19.20,146.93,1,2116
1520530322.400212,1,300,212,19.07,31.02,0,2116
1520530322.450214,1,300,215,19.05,30.16,0,2116
1520530322.500215,1,300,214,18.93,148.61,1,2088
1520530322.550216,1,300,222,18.97,31.32,0,2088
1520530322.600218,1,300,219,18.87,30.72,0,2088
1520530322.650023,1,300,217,15.87,156.83,1,2085
1520530322.700025,1,300,229,15.85,31.57,0,2085
1520530322.750027,1,300,223,15.84,30.50,0,2085
1520530322.800028,1,300,227,15.78,158.51,1,2087
1520530322.850031,1,300,231,15.79,31.95,0,2087
1520530322.900065,1,300,224,15.69,31.24,0,2087
1520530322.950033,1,300,225,15.68,158.23,1,2054
1520530323.000035,1,300,234,15.65,31.14,0,2054
1520530323.050036,1,300,231,15.56,31.52,0,2054
1520530323.100074,1,300,221,16.19,161.50,1,2043
1520530323.150076,1,300,228,16.07,32.25,0,2043
1520530323.200077,1,300,221,16.04,32.01,0,2043
1520530323.250079,1,300,228,16.08,158.47,1,2027
1520530323.300080,1,300,223,16.01,32.06,0,2027
1520530323.350082,1,300,214,15.94,31.96,0,2027
1520530323.400084,1,300,212,16.03,166.95,1,2004
1520530323.450085,1,300,224,16.13,34.81,0,2004
1520530323.500345,1,300,225,20.15,32.09,0,2004
1520530323.550346,1,300,231,20.22,168.22,1,1996
1520530323.600348,1,300,226,20.29,33.10,0,1996
1520530323.650349,1,300,232,20.32,31.02,0,1996
1520530323.700351,1,300,233,20.42,164.96,1,1989
1520530323.750353,1,300,223,20.42,31.66,0,1989
1520530323.800354,1,300,235,20.62,31.42,0,1989
1520530323.850356,1,300,237,20.43,165.75,1,1998
1520530323.900153,1,300,227,17.50,31.57,0,1998
1520530323.950154,1,300,236,17.55,31.01,0,1998
1520530324.000156,1,300,229,17.49,171.68,1,1986
1520530324.050157,1,300,229,17.59,30.96,0,1986
1520530324.100159,1,300,231,17.73,31.20,0,1986
1520530324.150160,1,300,235,17.82,171.90,1,1994
1520530324.200162,1,300,236,17.85,31.77,0,1994
1520530324.250163,1,300,223,17.75,31.55,0,1994
1520530324.299908,1,300,214,14.06,174.41,1,1994
1520530324.349910,1,300,210,14.05,32.40,0,1994
1520530324.399911,1,300,210,14.16,33.29,0,1994
1520530324.449913,1,300,219,14.14,175.14,1,2016
1520530324.499994,1,300,208,14.02,32.59,0,2016
1520530324.549915,1,300,211,14.15,33.52,0,2016
1520530324.599917,1,300,207,14.15,172.31,1,2013
1520530324.649919,1,300,209,14.13,30.76,0,2013
1520530324.700018,1,300,208,15.60,32.73,0,2013
1520530324.750020,1,300,210,15.55,175.27,1,2012
1520530324.800021,1,300,208,15.53,32.82,0,2012
1520530324.850023,1,300,204,15.47,30.92,0,2012
1520530324.900024,1,300,195,15.47,170.87,1,1993
1520530324.950026,1,300,195,15.35,31.71,0,1993
1520530325.000028,1,300,190,15.33,31.97,0,1993
1520530325.050029,1,300,200,15.34,170.66,1,1990
1520530325.100816,1,300,216,27.69,32.66,0,1990
1520530325.150817,1,300,205,27.72,29.31,0,1990
1520530325.200819,1,300,203,27.59,164.55,1,1985
1520530325.250820,1,300,217,27.55,30.49,0,1985
1520530325.300822,1,300,205,27.50,29.70,0,1985
1520530325.350824,1,300,209,27.46,162.43,1,1961
1520530325.400825,1,300,207,27.45,30.20,0,1961
1520530325.450827,1,300,216,27.44,29.91,0,1961
1520530325.500828,1,300,220,27.39,162.11,1,1988
1520530325.550913,1,300,209,28.57,29.71,0,1988
1520530325.600915,1,300,218,28.46,29.76,0,1988
1520530325.650917,1,300,214,28.23,161.72,1,1977
1520530325.700918,1,300,213,28.08,30.77,0,1977
1520530325.750919,1,300,214,27.83,30.45,0,1977
1520530325.800921,1,300,224,27.56,163.87,1,1996
1520530325.850922,1,300,222,27.38,29.73,0,1996
1520530325.900924,1,300,230,27.15,28.71,0,1996
1520530325.950541,1,300,212,21.55,161.02,1,1968
1520530326.000543,1,300,222,21.45,30.70,0,1968
1520530326.050549,1,300,222,21.32,31.78,0,1968
1520530326.100546,1,300,220,21.24,161.23,1,1954
1520530326.150548,1,300,215,21.15,29.33,0,1954
1520530326.200549,1,300,220,21.14,30.90,0,1954
1520530326.250551,1,300,227,21.02,159.49,1,1971
1520530326.300552,1,300,241,20.93,30.70,0,1971
1520530326.350204,1,300,233,15.96,30.73,0,1971
1520530326.400206,1,300,213,15.93,157.62,1,1958
1520530326.450207,1,300,222,15.86,29.84,0,1958
1520530326.500209,1,300,211,15.82,29.73,0,1958
1520530326.550210,1,300,229,15.72,159.84,1,1967
1520530326.600213,1,300,223,15.67,29.46,0,1967
1520530326.650214,1,300,228,15.63,29.56,0,1967
1520530326.700216,1,300,221,15.50,161.19,1,1976
1520530326.750426,1,300,224,18.33,30.54,0,1976
1520530326.800429,1,300,229,18.30,30.05,0,1976
1520530326.850430,1,300,215,18.39,163.86,1,1979
1520530326.900431,1,300,225,18.41,31.28,0,1979
1520530326.950433,1,300,227,18.42,29.93,0,1979
1520530327.000434,1,300,219,18.52,164.89,1,1987
1520530327.050437,1,300,229,18.55,32.68,0,1987
1520530327.100437,1,300,232,18.84,31.31,0,1987
1520530327.150430,1,300,228,18.85,161.25,1,2006
1520530327.200433,1,300,239,18.82,31.14,0,2006
1520530327.250435,1,300,227,18.98,30.03,0,2006
1520530327.300436,1,300,222,19.15,161.50,1,1994
1520530327.350437,1,300,223,19.28,31.25,0,1994
1520530327.400439,1,300,230,19.54,30.60,0,1994
1520530327.450440,1,300,227,19.71,164.54,1,1994
1520530327.500442,1,300,231,19.93,30.73,0,1994
1520530327.550090,1,300,219,14.78,32.65,0,1994
1520530327.600091,1,300,219,14.91,165.84,1,1999
1520530327.650103,1,300,222,15.04,32.06,0,1999
1520530327.700094,1,300,212,15.06,32.26,0,1999
1520530327.750096,1,300,209,15.10,165.76,1,2006
1520530327.800097,1,300,198,15.15,33.35,0,2006
1520530327.850099,1,300,188,15.26,33.28,0,2006
1520530327.900100,1,300,187,15.42,166.82,1,2002
1520530327.950102,1,300,186,15.34,37.98,0,2002
1520530328.000280,1,300,193,18.44,35.70,0,2002
1520530328.050282,1,300,196,18.58,171.82,1,2038
1520530328.100283,1,300,204,18.70,36.97,0,2038
1520530328.150285,1,300,202,18.66,35.11,0,2038
1520530328.200287,1,300,214,18.78,170.40,1,2056
1520530328.250288,1,300,210,18.79,36.42,0,2056
1520530328.300290,1,300,203,18.73,35.46,0,2056
1520530328.350291,1,300,214,18.69,169.04,1,2087
1520530328.400337,1,300,207,19.22,35.02,0,2087
1520530328.450338,1,300,209,19.21,33.28,0,2087
1520530328.500340,1,300,216,19.17,165.31,1,2111
1520530328.550342,1,300,216,19.09,34.62,0,2111
1520530328.600343,1,300,213,18.96,33.94,0,2111
1520530328.650346,1,300,218,18.85,161.18,1,2147
1520530328.700347,1,300,224,18.67,34.88,0,2147
1520530328.750348,1,300,228,18.48,32.78,0,2147
1520530328.800086,1,300,212,14.31,156.89,1,2180
1520530328.850087,1,300,210,14.38,34.17,0,2180
1520530328.900089,1,300,219,14.39,32.07,0,2180
1520530328.950091,1,300,221,14.50,156.96,1,2214
1520530329.000092,1,300,221,14.67,34.40,0,2214
1520530329.050093,1,300,222,14.75,34.05,0,2214
1520530329.100095,1,300,212,14.93,161.87,1,2238
1520530329.150097,1,300,220,14.96,34.36,0,2238
1520530329.200044,1,300,219,14.21,32.59,0,2238
1520530329.250095,1,300,223,14.36,157.41,1,2280
1520530329.300047,1,300,218,14.37,34.09,0,2280
1520530329.350049,1,300,207,14.43,34.34,0,2280
1520530329.400050,1,300,203,14.42,155.68,1,2290
1520530329.450052,1,300,198,14.39,35.76,0,2290
1520530329.500053,1,300,194,14.47,33.27,0,2290
1520530329.550055,1,300,197,14.39,151.64,1,2304
1520530329.600097,1,300,208,15.09,35.78,0,2304
1520530329.650099,1,300,207,15.13,33.74,0,2304
1520530329.700100,1,300,214,15.03,149.34,1,2332
1520530329.750102,1,300,213,15.03,34.79,0,2332
1520530329.800104,1,300,219,14.90,35.24,0,2332
1520530329.850105,1,300,222,14.86,149.94,1,2378
1520530329.900107,1,300,219,14.65,33.30,0,2378
1520530329.950109,1,300,221,14.34,32.37,0,2378
1520530330.000110,1,300,224,14.15,151.68,1,2419
1520530330.050161,1,300,221,14.71,32.51,0,2419
1520530330.100162,1,300,214,14.60,32.83,0,2419
1520530330.150164,1,300,211,14.51,151.48,1,2451
1520530330.200165,1,300,208,14.28,34.74,0,2451
1520530330.250167,1,300,194,14.25,35.49,0,2451
1520530330.300169,1,300,205,14.21,152.91,1,2503
1520530330.350170,1,300,203,14.23,38.46,0,2503
1520530330.400172,1,300,187,14.16,42.04,0,2503
1520530330.450787,1,300,231,22.84,145.76,1,2614
1520530330.500788,1,300,228,22.94,34.81,0,2614
1520530330.550790,1,300,234,23.18,32.18,0,2614
1520530330.600792,1,300,235,23.49,145.45,1,2660
1520530330.650793,1,300,232,23.95,35.76,0,2660
1520530330.700795,1,300,230,24.46,32.33,0,2660
1520530330.750797,1,300,219,24.97,143.76,1,2683
1520530330.800798,1,300,220,25.10,32.31,0,2683
1520530330.850367,1,300,215,16.67,33.07,0,2683
1520530330.900277,1,300,206,16.63,145.14,1,2700
1520530330.950279,1,300,209,16.45,35.51,0,2700
1520530331.000280,1,300,200,16.36,33.68,0,2700
1520530331.050282,1,300,194,16.34,144.51,1,2707
1520530331.100283,1,300,186,16.34,35.59,0,2707
1520530331.150285,1,300,193,16.41,36.89,0,2707
1520530331.200286,1,300,180,16.38,149.43,1,2729
1520530331.250735,1,300,168,23.77,34.28,0,2729
1520530331.300736,1,300,183,23.83,40.02,0,2729
1520530331.350739,1,300,199,23.86,146.54,1,2786
1520530331.400740,1,300,200,24.02,38.31,0,2786
1520530331.450741,1,300,197,24.19,36.79,0,2786
1520530331.500743,1,300,217,24.42,137.06,1,2830
1520530331.550744,1,300,212,24.42,35.79,0,2830
1520530331.600746,1,300,228,24.31,33.04,0,2830
1520530331.650479,1,300,223,19.92,131.54,1,2854
1520530331.700481,1,300,214,19.72,33.05,0,2854
1520530331.750483,1,300,226,19.49,32.53,0,2854
1520530331.800484,1,300,220,19.14,136.50,1,2845
1520530331.850486,1,300,231,18.78,33.27,0,2845
1520530331.900488,1,300,217,18.50,34.27,0,2845
1520530331.950489,1,300,216,18.35,138.02,1,2862
1520530332.000491,1,300,207,18.15,34.17,0,2862
1520530332.050387,1,300,206,16.52,34.73,0,2862
1520530332.100388,1,300,197,16.32,134.87,1,2875
1520530332.150390,1,300,207,16.22,35.21,0,2875
1520530332.200392,1,300,216,16.06,33.45,0,2875
1520530332.250393,1,300,208,15.96,139.81,1,2883
1520530332.300399,1,300,210,16.01,37.31,0,2883
1520530332.350396,1,300,210,16.03,37.55,0,2883
1520530332.400401,1,300,206,16.17,139.34,1,2896
1520530332.450399,1,300,217,16.46,37.07,0,2896
1520530332.500483,1,300,209,17.75,35.74,0,2896
1520530332.550483,1,300,218,18.08,140.01,1,2921
1520530332.600486,1,300,227,18.44,34.93,0,2921
1520530332.650488,1,300,231,18.76,34.24,0,2921
1520530332.700488,1,300,236,19.08,134.87,1,2937
1520530332.750491,1,300,248,19.30,33.10,0,2937
1520530332.800492,1,300,220,19.44,33.00,0,2937
1520530332.850493,1,300,226,19.37,133.39,1,2946
1520530332.900164,1,300,208,14.02,35.91,0,2946
1520530332.950166,1,300,196,13.93,36.44,0,2946
1520530333.000168,1,300,207,13.74,136.92,1,2953
1520530333.050169,1,300,201,13.62,35.66,0,2953
1520530333.100171,1,300,188,13.59,35.74,0,2953
1520530333.150173,1,300,168,13.56,135.91,1,2942
1520530333.200174,1,300,151,13.58,35.89,0,2942
1520530333.250175,1,300,164,13.74,37.80,0,2942
1520530333.300608,1,300,161,21.13,141.53,1,2925
1520530333.350610,1,300,178,21.36,40.78,0,2925
1520530333.400612,1,300,192,21.51,38.24,0,2925
1520530333.450613,1,300,188,21.65,137.02,1,2958
1520530333.500615,1,300,193,21.59,45.51,0,2958
1520530333.550616,1,300,193,21.62,36.64,0,2958
1520530333.600618,1,300,207,21.65,134.79,1,3008
1520530333.650619,1,300,200,21.52,37.48,0,3008
1520530333.700541,1,300,209,20.10,34.91,0,3008
1520530333.750542,1,300,202,20.11,132.18,1,3035
1520530333.800544,1,300,205,20.20,37.34,0,3035
1520530333.850545,1,300,205,20.18,35.48,0,3035
1520530333.900547,1,300,218,20.05,129.58,1,3080
1520530333.950549,1,300,220,19.80,36.23,0,3080
1520530334.000561,1,300,225,19.47,33.81,0,3080
1520530334.050551,1,300,220,19.26,131.53,1,3082
1520530334.100216,1,300,216,14.05,35.62,0,3082
1520530334.150218,1,300,204,13.99,32.12,0,3082
1520530334.200219,1,300,226,13.94,132.55,1,3103
1520530334.250221,1,300,225,14.00,33.27,0,3103
1520530334.300222,1,300,222,14.09,33.52,0,3103
1520530334.350224,1,300,226,14.24,136.25,1,3062
1520530334.400225,1,300,229,14.20,33.56,0,3062
1520530334.450227,1,300,231,14.14,34.87,0,3062
1520530334.500228,1,300,225,14.03,129.49,1,3036
1520530334.550086,1,300,220,11.81,34.05,0,3036
1520530334.600088,1,300,209,11.54,33.15,0,3036
1520530334.650089,1,300,197,11.21,127.02,1,2986
1520530334.700091,1,300,210,10.88,33.35,0,2986
1520530334.750092,1,300,188,10.64,33.50,0,2986
1520530334.800094,1,300,177,10.33,134.01,1,2953
1520530334.850095,1,300,179,10.12,39.37,0,2953
1520530334.900097,1,300,160,10.02,38.26,0,2953
1520530334.950928,1,300,195,22.86,136.58,1,2975
1520530335.000928,1,300,204,22.88,32.69,0,2975
1520530335.050931,1,300,207,23.23,32.99,0,2975
1520530335.100933,1,300,214,23.55,126.29,1,2987
1520530335.150934,1,300,220,23.79,32.91,0,2987
1520530335.200936,1,300,208,24.11,34.26,0,2987
1520530335.250937,1,300,219,24.55,123.91,1,2982
1520530335.300938,1,300,223,24.94,32.85,0,2982
1520530335.351457,1,300,233,32.93,32.01,0,2982
1520530335.401459,1,300,231,32.73,128.84,1,2970
1520530335.451459,1,300,230,32.61,30.83,0,2970
1520530335.501461,1,300,231,32.46,30.64,0,2970
1520530335.551462,1,300,232,32.13,127.92,1,2949
1520530335.601512,1,300,238,32.10,31.86,0,2949
1520530335.651465,1,300,232,31.92,29.86,0,2949
1520530335.701467,1,300,234,31.80,127.42,1,2927
1520530335.750223,1,300,204,13.56,41.41,0,2927
1520530335.800224,1,300,217,13.56,33.51,0,2927
1520530335.850226,1,300,213,13.50,128.50,1,2998
1520530335.900227,1,300,215,13.47,34.89,0,2998
1520530335.950228,1,300,220,13.72,35.82,0,2998
1520530336.000230,1,300,219,13.66,129.05,1,2982
1520530336.050231,1,300,217,13.65,34.70,0,2982
1520530336.100233,1,300,231,13.44,34.07,0,2982
1520530336.150177,1,300,215,12.56,127.31,1,2970
1520530336.200179,1,300,216,12.52,35.67,0,2970
1520530336.250180,1,300,202,12.55,34.24,0,2970
1520530336.300182,1,300,197,12.54,132.21,1,2921
1520530336.350183,1,300,204,12.59,34.88,0,2921
1520530336.400185,1,300,185,12.71,33.83,0,2921
1520530336.450186,1,300,183,12.79,130.46,1,2880
1520530336.500188,1,300,189,12.96,37.42,0,2880
1520530336.550582,1,300,210,19.39,40.27,0,2880
1520530336.600584,1,300,207,19.38,128.73,1,2897
1520530336.650586,1,300,215,19.46,37.14,0,2897
1520530336.700586,1,300,222,19.38,35.99,0,2897
1520530336.750588,1,300,217,19.27,131.80,1,2905
1520530336.800590,1,300,235,19.26,33.99,0,2905
1520530336.850591,1,300,223,19.16,34.79,0,2905
1520530336.900594,1,300,225,19.23,129.61,1,2883
1520530336.950594,1,300,227,19.20,34.62,0,2883
1520530337.000258,1,300,210,13.95,33.75,0,2883
1520530337.050259,1,300,215,13.84,129.35,1,2864
1520530337.100266,1,300,214,13.77,34.62,0,2864
1520530337.150262,1,300,223,13.73,33.68,0,2864
1520530337.200351,1,300,228,13.68,131.21,1,2867
1520530337.250265,1,300,228,13.58,35.04,0,2867
1520530337.300267,1,300,226,13.42,35.38,0,2867
1520530337.350269,1,300,227,13.22,130.62,1,2886
1520530337.400301,1,300,214,13.55,34.90,0,2886
1520530337.450303,1,300,211,13.43,32.49,0,2886
1520530337.500304,1,300,199,13.22,131.67,1,2871
1520530337.550306,1,300,201,12.96,34.12,0,2871
1520530337.600307,1,300,177,12.68,33.59,0,2871
1520530337.650309,1,300,189,12.62,130.34,1,2856
1520530337.700310,1,300,206,12.55,38.24,0,2856
1520530337.750312,1,300,195,12.47,40.84,0,2856
1520530337.800854,1,300,211,20.07,136.34,1,2876
1520530337.850855,1,300,204,20.01,33.39,0,2876
1520530337.900856,1,300,223,19.95,33.41,0,2876
1520530337.950858,1,300,206,19.75,133.56,1,2856
1520530338.000860,1,300,210,19.82,37.02,0,2856
1520530338.050862,1,300,203,19.88,36.94,0,2856
1520530338.100863,1,300,208,19.97,133.36,1,2830
1520530338.150864,1,300,208,20.13,33.84,0,2830
1520530338.200470,1,300,191,14.91,35.28,0,2830
1520530338.250473,1,300,197,15.16,134.80,1,2853
1520530338.300474,1,300,198,15.22,39.32,0,2853
1520530338.350476,1,300,219,15.51,31.91,0,2853
1520530338.400477,1,300,203,15.74,133.17,1,2857
1520530338.450478,1,300,218,15.94,35.97,0,2857
1520530338.500480,1,300,215,16.06,32.62,0,2857
1520530338.550481,1,300,215,16.15,134.62,1,2853
1520530338.600260,1,300,215,12.72,35.92,0,2853
1520530338.650261,1,300,215,12.54,34.05,0,2853
1520530338.700263,1,300,206,12.56,138.37,1,2863
1520530338.750266,1,300,203,12.24,34.70,0,2863
1520530338.800266,1,300,211,12.05,37.08,0,2863
1520530338.850267,1,300,204,11.91,134.10,1,2849
1520530338.900269,1,300,201,11.69,35.81,0,2849
1520530338.950270,1,300,181,11.41,36.97,0,2849
1520530339.000272,1,300,165,11.08,141.59,1,2827
1520530339.050959,1,300,184,21.76,38.03,0,2827
1520530339.100960,1,300,179,21.62,37.83,0,2827
1520530339.150962,1,300,186,21.41,141.67,1,2831
1520530339.200963,1,300,173,21.45,40.09,0,2831
1520530339.250965,1,300,163,21.32,39.16,0,2831
1520530339.300966,1,300,163,21.50,137.64,1,2853
1520530339.350968,1,300,151,21.69,46.31,0,2853
1520530339.400970,1,300,153,22.05,41.58,0,2853
1520530339.451687,1,300,158,33.95,140.09,1,2866
1520530339.501689,1,300,177,34.81,44.33,0,2866
1520530339.551691,1,300,173,35.52,43.50,0,2866
1520530339.601692,1,300,181,36.16,134.33,1,2912
1520530339.651693,1,300,191,36.46,47.44,0,2912
1520530339.701695,1,300,188,36.67,42.38,0,2912
1520530339.751697,1,300,200,36.73,140.86,1,2826
1520530339.801698,1,300,206,36.71,38.62,0,2826
1520530339.851056,1,300,209,25.92,36.99,0,2826
1520530339.901057,1,300,202,25.91,131.97,1,2835
1520530339.951059,1,300,215,25.82,39.25,0,2835
1520530340.001061,1,300,210,25.80,38.56,0,2835
1520530340.051062,1,300,227,25.75,129.61,1,2859
1520530340.101063,1,300,206,25.66,37.50,0,2859
1520530340.151065,1,300,212,25.66,34.15,0,2859
1520530340.201067,1,300,215,25.60,132.51,1,2856
1520530340.250395,1,300,208,14.74,37.53,0,2856
1520530340.300397,1,300,201,14.63,35.53,0,2856
1520530340.350399,1,300,209,14.58,129.14,1,2883
1520530340.400400,1,300,211,14.49,35.12,0,2883
1520530340.450401,1,300,220,14.41,35.46,0,2883
1520530340.500403,1,300,217,14.33,129.51,1,2892
1520530340.550404,1,300,208,14.20,35.14,0,2892
1520530340.600406,1,300,213,14.12,34.66,0,2892
1520530340.650347,1,300,218,13.05,126.56,1,2901
1520530340.700348,1,300,207,12.95,34.04,0,2901
1520530340.750350,1,300,218,12.86,34.40,0,2901
1520530340.800351,1,300,228,12.78,126.83,1,2898
1520530340.850353,1,300,217,12.63,33.72,0,2898
1520530340.900354,1,300,225,12.62,32.01,0,2898
1520530340.950356,1,300,215,12.62,125.02,1,2869
1520530341.000358,1,300,206,12.53,32.50,0,2869
1520530341.050774,1,300,212,19.07,32.52,0,2869
1520530341.100776,1,300,220,19.05,125.05,1,2877
1520530341.150777,1,300,220,18.99,31.41,0,2877
1520530341.200779,1,300,218,19.15,31.34,0,2877
1520530341.250780,1,300,226,19.23,128.09,1,2861
1520530341.300782,1,300,232,19.27,31.84,0,2861
1520530341.350784,1,300,226,19.41,31.30,0,2861
1520530341.400785,1,300,237,19.47,127.38,1,2823
1520530341.450787,1,300,228,19.50,31.49,0,2823
1520530341.500713,1,300,230,18.31,31.11,0,2823
1520530341.550714,1,300,236,18.40,128.23,1,2775
1520530341.600716,1,300,239,18.43,32.39,0,2775
1520530341.650717,1,300,229,18.44,32.21,0,2775
1520530341.700719,1,300,238,18.53,132.11,1,2721
1520530341.750720,1,300,237,18.50,31.02,0,2721
1520530341.800722,1,300,231,18.60,31.62,0,2721
1520530341.850723,1,300,228,18.56,133.36,1,2688
1520530341.900542,1,300,242,15.64,32.75,0,2688
1520530341.950578,1,300,232,15.58,32.58,0,2688
1520530342.000545,1,300,225,15.61,138.55,1,2650
1520530342.050546,1,300,229,15.57,33.07,0,2650
1520530342.100548,1,300,231,15.55,32.30,0,2650
1520530342.150549,1,300,230,15.57,143.30,1,2590
1520530342.200551,1,300,233,15.60,33.51,0,2590
1520530342.250553,1,300,234,15.51,32.18,0,2590
1520530342.300673,1,300,232,17.56,144.29,1,2579
1520530342.350675,1,300,222,17.42,31.12,0,2579
1520530342.400676,1,300,228,17.32,31.52,0,2579
1520530342.450678,1,300,232,17.29,140.90,1,2559
1520530342.500679,1,300,227,17.24,31.30,0,2559
1520530342.550681,1,300,228,17.23,30.50,0,2559
1520530342.600683,1,300,224,17.26,142.91,1,2509
1520530342.650684,1,300,213,17.23,30.32,0,2509
1520530342.700643,1,300,212,16.67,30.39,0,2509
1520530342.750644,1,300,215,16.61,145.47,1,2474
1520530342.800646,1,300,200,16.45,31.38,0,2474
1520530342.850648,1,300,204,16.33,32.11,0,2474
1520530342.900649,1,300,203,16.34,150.42,1,2449
1520530342.950651,1,300,205,16.32,32.82,0,2449
1520530343.000653,1,300,211,16.19,33.93,0,2449
1520530343.050654,1,300,199,16.16,149.65,1,2460
1520530343.101131,1,300,205,23.99,31.43,0,2460
1520530343.151133,1,300,207,24.05,32.14,0,2460
1520530343.201134,1,300,207,23.98,149.11,1,2448
1520530343.251136,1,300,202,23.81,33.56,0,2448
1520530343.301138,1,300,209,23.65,32.28,0,2448
1520530343.351140,1,300,209,23.43,149.75,1,2447
1520530343.401141,1,300,191,23.24,31.16,0,2447
1520530343.451144,1,300,206,22.91,30.83,0,2447
1520530343.501404,1,300,210,26.77,149.70,1,2451
1520530343.551476,1,300,212,26.48,31.43,0,2451
1520530343.601407,1,300,216,26.19,33.76,0,2451
1520530343.651408,1,300,210,25.80,151.69,1,2436
1520530343.701410,1,300,209,25.21,30.97,0,2436
1520530343.751410,1,300,205,24.48,32.09,0,2436
1520530343.801413,1,300,225,23.88,151.03,1,2440
1520530343.851414,1,300,229,23.27,31.79,0,2440
1520530343.901415,1,300,234,22.52,30.00,0,2440
1520530343.951402,1,300,230,21.72,147.34,1,2434
1520530344.001403,1,300,240,21.38,31.36,0,2434
1520530344.051405,1,300,221,21.14,30.76,0,2434
1520530344.101406,1,300,240,20.85,146.11,1,2422
1520530344.151408,1,300,237,20.63,32.01,0,2422
1520530344.201410,1,300,229,20.44,30.59,0,2422
1520530344.251411,1,300,222,20.14,145.90,1,2372
1520530344.301413,1,300,236,19.90,31.69,0,2372
1520530344.351409,1,300,238,19.43,31.36,0,2372
1520530344.401411,1,300,237,19.31,147.22,1,2346
1520530344.451412,1,300,225,19.20,31.82,0,2346
1520530344.501414,1,300,229,19.13,32.02,0,2346
1520530344.551415,1,300,224,19.19,142.11,1,2311
1520530344.601418,1,300,224,19.18,31.93,0,2311
1520530344.651419,1,300,230,19.32,30.65,0,2311
1520530344.701421,1,300,209,19.50,139.17,1,2282
1520530344.751636,1,300,224,21.90,31.02,0,2282
1520530344.801638,1,300,227,22.14,31.73,0,2282
1520530344.851639,1,300,219,22.34,136.37,1,2267
1520530344.901641,1,300,219,22.45,31.46,0,2267
1520530344.951642,1,300,218,22.76,31.68,0,2267
1520530345.001644,1,300,219,22.81,134.13,1,2251
1520530345.051645,1,300,200,22.70,29.55,0,2251
1520530345.101647,1,300,206,22.83,28.99,0,2251
1520530345.151845,1,300,207,23.87,133.72,1,2240
1520530345.201743,1,300,207,24.00,28.92,0,2240
1520530345.251745,1,300,210,24.16,29.81,0,2240
1520530345.301746,1,300,207,24.33,131.13,1,2260
1520530345.351748,1,300,209,24.37,29.83,0,2260
1520530345.401750,1,300,210,24.52,30.26,0,2260
1520530345.451751,1,300,207,24.72,133.43,1,2266
1520530345.501753,1,300,197,24.98,32.71,0,2266
1520530345.551195,1,300,183,18.55,35.82,0,2266
1520530345.601196,1,300,181,18.66,130.84,1,2288
1520530345.651198,1,300,186,18.80,33.01,0,2288
1520530345.701199,1,300,170,19.03,36.16,0,2288
1520530345.751201,1,300,177,19.17,136.41,1,2321
1520530345.801203,1,300,163,19.33,40.77,0,2321
1520530345.851204,1,300,167,19.71,40.44,0,2321
1520530345.901206,1,300,155,20.29,142.32,1,2343
1520530345.951161,1,300,138,20.15,48.46,0,2343
1520530346.001475,1,300,156,24.84,54.62,0,2343
1520530346.051476,1,300,161,25.33,144.07,1,2398
1520530346.101478,1,300,168,25.71,51.64,0,2398
1520530346.151479,1,300,155,26.05,49.96,0,2398
1520530346.201480,1,300,162,26.49,134.84,1,2415
1520530346.251484,1,300,165,26.79,38.15,0,2415
1520530346.301485,1,300,150,26.96,42.50,0,2415
1520530346.351486,1,300,146,27.03,128.81,1,2444
1520530346.401376,1,300,145,25.46,49.69,0,2444
1520530346.451378,1,300,144,25.59,42.93,0,2444
1520530346.501379,1,300,137,25.71,122.38,1,2461
1520530346.551380,1,300,136,25.78,43.32,0,2461
1520530346.601382,1,300,146,25.91,42.92,0,2461
1520530346.651383,1,300,155,25.97,112.13,1,2477
1520530346.701385,1,300,140,25.96,36.84,0,2477
1520530346.751386,1,300,166,25.98,44.56,0,2477
1520530346.801545,1,300,160,28.53,129.16,1,2487
1520530346.851546,1,300,161,28.54,40.30,0,2487
1520530346.901547,1,300,160,28.65,40.98,0,2487
1520530346.951549,1,300,155,28.80,154.81,1,2499
1520530347.001551,1,300,168,28.84,36.47,0,2499
1520530347.051553,1,300,173,28.92,31.98,0,2499
1520530347.101554,1,300,170,29.00,123.59,1,2510
1520530347.151556,1,300,169,29.00,32.08,0,2510
1520530347.201400,1,300,146,26.49,33.92,0,2510
1520530347.251402,1,300,162,26.55,120.46,1,2516
1520530347.301403,1,300,150,26.48,32.23,0,2516
1520530347.351405,1,300,170,26.48,35.01,0,2516
1520530347.401407,1,300,161,26.49,121.20,1,2518
1520530347.451408,1,300,170,26.37,33.84,0,2518
1520530347.501410,1,300,160,26.40,35.64,0,2518
1520530347.551411,1,300,143,26.51,120.15,1,2494
1520530347.601218,1,300,134,23.48,37.61,0,2494
1520530347.651220,1,300,156,23.63,35.29,0,2494
1520530347.701222,1,300,146,23.79,118.19,1,2476
1520530347.751223,1,300,148,24.00,37.28,0,2476
1520530347.801224,1,300,158,24.23,38.54,0,2476
1520530347.851226,1,300,148,24.30,132.98,1,2468
1520530347.901227,1,300,153,24.53,40.05,0,2468
1520530347.951229,1,300,151,24.56,36.84,0,2468
1520530348.001163,1,300,155,23.50,134.25,1,2478
1520530348.051164,1,300,154,23.53,41.08,0,2478
1520530348.101166,1,300,160,23.64,52.01,0,2478
1520530348.151168,1,300,172,23.71,132.75,1,2508
1520530348.201169,1,300,159,23.82,43.63,0,2508
1520530348.251170,1,300,148,23.88,47.71,0,2508
1520530348.301184,1,300,148,23.97,126.10,1,2548
1520530348.351173,1,300,147,24.00,37.49,0,2548
1520530348.401175,1,300,148,24.05,45.91,0,2548
1520530348.451416,1,300,152,28.48,125.46,1,2566
1520530348.501419,1,300,153,28.48,43.36,0,2566
1520530348.551420,1,300,168,28.48,41.68,0,2566
1520530348.601422,1,300,146,28.47,125.38,1,2583
1520530348.651423,1,300,146,28.46,41.90,0,2583
1520530348.701425,1,300,148,28.38,46.30,0,2583
1520530348.751426,1,300,142,28.41,124.97,1,2604
1520530348.801427,1,300,134,28.53,45.03,0,2604
1520530348.851315,1,300,140,26.29,40.56,0,2604
1520530348.901316,1,300,151,26.19,119.11,1,2630
1520530348.951318,1,300,147,26.01,44.89,0,2630
1520530349.001319,1,300,164,25.86,41.22,0,2630
1520530349.051321,1,300,165,25.65,145.01,1,2640
1520530349.101322,1,300,162,25.31,37.25,0,2640
1520530349.151325,1,300,164,25.03,36.93,0,2640
1520530349.201326,1,300,176,24.83,144.04,1,2655
1520530349.251106,1,300,176,20.82,35.03,0,2655
1520530349.301107,1,300,184,20.61,35.66,0,2655
1520530349.351109,1,300,190,20.57,174.05,1,2669
1520530349.401110,1,300,195,20.49,33.91,0,2669
1520530349.451112,1,300,204,20.37,32.90,0,2669
1520530349.501114,1,300,205,20.39,147.94,1,2637
1520530349.551115,1,300,219,20.44,33.52,0,2637
1520530349.601117,1,300,208,20.49,31.96,0,2637
1520530349.650935,1,300,216,17.32,170.49,1,2597
1520530349.700937,1,300,219,17.27,32.24,0,2597
1520530349.750943,1,300,214,17.24,31.77,0,2597
1520530349.800940,1,300,223,17.11,169.41,1,2556
1520530349.850941,1,300,229,17.07,33.82,0,2556
1520530349.900986,1,300,224,17.01,31.67,0,2556
1520530349.950944,1,300,227,16.94,150.14,1,2564
1520530350.000946,1,300,203,16.81,32.47,0,2564
1520530350.051376,1,300,202,24.11,32.60,0,2564
1520530350.101378,1,300,192,24.03,130.48,1,2557
1520530350.151379,1,300,180,23.88,32.69,0,2557
1520530350.201381,1,300,196,23.74,31.44,0,2557
1520530350.251384,1,300,197,23.38,128.97,1,2556
1520530350.301384,1,300,190,23.28,32.01,0,2556
1520530350.351386,1,300,208,23.08,32.58,0,2556
1520530350.401387,1,300,188,22.86,117.09,1,2550
1520530350.451515,1,300,189,24.52,30.82,0,2550
1520530350.501516,1,300,182,24.37,31.17,0,2550
1520530350.551518,1,300,181,24.12,99.37,1,2558
1520530350.601520,1,300,194,23.88,30.55,0,2558
1520530350.651521,1,300,189,23.80,30.57,0,2558
1520530350.701523,1,300,197,23.65,174.02,1,2552
1520530350.751523,1,300,197,23.44,29.78,0,2552
1520530350.801526,1,300,201,23.26,29.47,0,2552
1520530350.851527,1,300,207,22.94,115.67,1,2533
1520530350.901571,1,300,217,23.25,30.66,0,2533
1520530350.951573,1,300,203,22.89,30.55,0,2533
1520530351.001574,1,300,209,22.47,117.57,1,2521
1520530351.051576,1,300,225,21.96,30.92,0,2521
1520530351.101578,1,300,230,21.37,31.24,0,2521
1520530351.151579,1,300,237,20.84,116.60,1,2524
1520530351.201581,1,300,220,20.25,32.51,0,2524
1520530351.251582,1,300,214,19.96,32.27,0,2524
1520530351.301683,1,300,213,20.93,114.13,1,2504
1520530351.351680,1,300,203,20.60,30.26,0,2504
1520530351.401685,1,300,219,20.44,29.48,0,2504
1520530351.451683,1,300,215,20.38,115.92,1,2485
1520530351.501759,1,300,225,20.19,31.20,0,2485
1520530351.551686,1,300,225,20.14,30.49,0,2485
1520530351.601688,1,300,229,20.04,116.74,1,2469
1520530351.651689,1,300,225,20.08,29.87,0,2469
1520530351.701695,1,300,225,20.10,29.47,0,2469
1520530351.751696,1,300,223,20.04,117.63,1,2430
1520530351.801698,1,300,230,20.08,31.32,0,2430
1520530351.851700,1,300,229,20.08,30.42,0,2430
1520530351.901701,1,300,215,20.15,116.04,1,2389
1520530351.951703,1,300,218,20.26,30.50,0,2389
1520530352.001704,1,300,226,20.38,30.52,0,2389
1520530352.051706,1,300,217,20.47,119.15,1,2349
1520530352.101805,1,300,226,21.69,30.75,0,2349
1520530352.151806,1,300,212,21.68,29.39,0,2349
1520530352.201808,1,300,216,21.70,119.84,1,2289
1520530352.251809,1,300,208,21.77,31.77,0,2289
1520530352.301811,1,300,210,21.80,30.36,0,2289
1520530352.351812,1,300,209,21.73,123.71,1,2274
1520530352.401814,1,300,192,22.00,31.80,0,2274
1520530352.451817,1,300,208,22.29,32.30,0,2274
1520530352.501469,1,300,191,18.42,156.92,1,2253
1520530352.551471,1,300,188,18.50,33.20,0,2253
1520530352.601472,1,300,182,18.59,32.26,0,2253
1520530352.651474,1,300,193,18.61,157.57,1,2254
1520530352.701475,1,300,185,18.75,36.29,0,2254
1520530352.751477,1,300,183,18.76,35.64,0,2254
1520530352.801478,1,300,193,18.85,131.07,1,2276
1520530352.851480,1,300,183,18.96,35.29,0,2276
1520530352.901098,1,300,151,14.55,34.79,0,2276
1520530352.951099,1,300,160,14.64,135.78,1,2295
1520530353.001101,1,300,164,14.72,41.85,0,2295
1520530353.051102,1,300,156,14.88,51.97,0,2295
1520530353.101208,1,300,140,15.01,143.67,1,2290
1520530353.151105,1,300,156,15.23,60.66,0,2290
1520530353.201107,1,300,139,15.57,55.79,0,2290
1520530353.251108,1,300,131,15.95,150.97,1,2302
1520530353.301110,1,300,133,16.24,69.38,0,2302
1520530353.351398,1,300,146,20.68,58.52,0,2302
1520530353.401399,1,300,130,21.18,176.36,1,2333
1520530353.451401,1,300,133,21.47,49.98,0,2333
1520530353.501402,1,300,120,21.77,48.87,0,2333
1520530353.551404,1,300,128,22.04,134.06,1,2338
1520530353.601405,1,300,126,22.26,41.63,0,2338
1520530353.651407,1,300,138,22.28,38.57,0,2338
1520530353.701408,1,300,124,22.34,138.80,1,2334
1520530353.751736,1,300,130,27.66,42.88,0,2334
1520530353.801738,1,300,133,27.65,43.14,0,2334
1520530353.851739,1,300,140,27.63,131.58,1,2310
1520530353.901741,1,300,136,27.78,38.61,0,2310
1520530353.951742,1,300,137,27.88,40.75,0,2310
1520530354.001744,1,300,140,27.90,129.19,1,2263
1520530354.051745,1,300,139,27.91,37.60,0,2263
1520530354.101747,1,300,152,27.96,37.16,0,2263
1520530354.151896,1,300,142,30.45,134.47,1,2236
1520530354.201897,1,300,147,30.55,35.83,0,2236
1520530354.251899,1,300,157,30.56,34.63,0,2236
1520530354.301900,1,300,157,30.73,127.60,1,2245
1520530354.351902,1,300,156,30.73,34.80,0,2245
1520530354.401904,1,300,165,30.68,39.37,0,2245
1520530354.451905,1,300,150,30.55,123.59,1,2265
1520530354.501907,1,300,167,30.66,37.08,0,2265
1520530354.551594,1,300,164,25.40,35.09,0,2265
1520530354.601593,1,300,176,25.40,124.33,1,2311
1520530354.651595,1,300,176,25.53,34.32,0,2311
1520530354.701596,1,300,173,25.57,34.94,0,2311
1520530354.751597,1,300,168,25.73,122.12,1,2332
1520530354.801599,1,300,166,25.78,37.67,0,2332
1520530354.851600,1,300,151,25.94,36.15,0,2332
1520530354.901602,1,300,171,26.04,121.33,1,2356
1520530354.951359,1,300,154,22.03,35.12,0,2356
1520530355.001360,1,300,158,22.21,33.94,0,2356
1520530355.051362,1,300,157,22.21,124.51,1,2354
1520530355.101363,1,300,157,22.48,40.26,0,2354
1520530355.151365,1,300,151,22.72,40.16,0,2354
1520530355.201366,1,300,150,22.86,126.11,1,2330
1520530355.251368,1,300,146,22.84,50.27,0,2330
1520530355.301370,1,300,151,22.92,49.05,0,2330
1520530355.351371,1,300,157,22.96,126.98,1,2379
1520530355.401407,1,300,151,23.57,48.57,0,2379
1520530355.451408,1,300,148,23.55,47.90,0,2379
1520530355.501410,1,300,154,23.54,120.52,1,2425
1520530355.551411,1,300,156,23.59,47.86,0,2425
1520530355.601414,1,300,157,23.57,49.35,0,2425
1520530355.651416,1,300,156,23.68,99.93,1,2473
1520530355.701417,1,300,145,23.81,40.25,0,2473
1520530355.751418,1,300,161,23.80,47.27,0,2473
1520530355.801531,1,300,156,25.91,152.30,1,2508
1520530355.851533,1,300,149,25.91,38.08,0,2508
1520530355.901534,1,300,150,25.96,37.87,0,2508
1520530355.951536,1,300,143,25.89,154.66,1,2521
1520530356.001537,1,300,164,25.72,44.99,0,2521
1520530356.051539,1,300,157,25.67,39.43,0,2521
1520530356.101541,1,300,151,25.73,120.45,1,2531
1520530356.151542,1,300,155,25.61,39.16,0,2531
1520530356.201376,1,300,153,22.47,38.18,0,2531
1520530356.251380,1,300,157,22.30,120.48,1,2528
1520530356.301379,1,300,165,22.29,38.24,0,2528
1520530356.351380,1,300,171,22.15,37.97,0,2528
1520530356.401382,1,300,176,21.97,112.66,1,2531
1520530356.451383,1,300,167,21.74,36.24,0,2531
1520530356.501385,1,300,177,21.51,34.82,0,2531
1520530356.551386,1,300,186,21.39,124.82,1,2518
1520530356.601232,1,300,191,18.75,33.46,0,2518
1520530356.651235,1,300,197,18.61,34.59,0,2518
1520530356.701236,1,300,200,18.47,113.03,1,2498
1520530356.751237,1,300,208,18.55,34.03,0,2498
1520530356.801239,1,300,204,18.49,32.41,0,2498
1520530356.851240,1,300,202,18.44,108.09,1,2445
1520530356.901242,1,300,220,18.38,32.37,0,2445
1520530356.951244,1,300,223,18.46,32.51,0,2445
1520530357.001153,1,300,221,16.78,111.81,1,2415
1520530357.051154,1,300,225,16.79,32.66,0,2415
1520530357.101156,1,300,227,16.76,31.56,0,2415
1520530357.151156,1,300,227,16.65,118.35,1,2397
1520530357.201159,1,300,224,16.57,31.70,0,2397
1520530357.251160,1,300,220,16.53,33.72,0,2397
1520530357.301162,1,300,215,16.53,118.47,1,2392
1520530357.351164,1,300,209,16.37,34.22,0,2392
1520530357.401658,1,300,208,24.46,31.45,0,2392
1520530357.451660,1,300,194,24.36,165.72,1,2415
1520530357.501662,1,300,192,24.13,33.51,0,2415
1520530357.551663,1,300,199,24.06,32.80,0,2415
1520530357.601666,1,300,196,23.77,143.02,1,2438
1520530357.651666,1,300,207,23.65,35.34,0,2438
1520530357.701667,1,300,196,23.53,29.79,0,2438
1520530357.751669,1,300,208,23.39,121.74,1,2461
1520530357.801671,1,300,207,23.32,30.78,0,2461
1520530357.851585,1,300,198,21.46,29.77,0,2461
1520530357.901559,1,300,198,21.39,120.37,1,2458
1520530357.951560,1,300,195,21.28,31.76,0,2458
1520530358.001562,1,300,185,21.23,30.89,0,2458
1520530358.051563,1,300,191,21.06,122.70,1,2464
1520530358.101565,1,300,199,20.86,30.38,0,2464
1520530358.151567,1,300,209,20.72,30.55,0,2464
1520530358.201568,1,300,197,20.56,121.31,1,2452
1520530358.251625,1,300,198,21.26,29.55,0,2452
1520530358.301626,1,300,197,20.97,32.02,0,2452
1520530358.351628,1,300,208,20.71,154.52,1,2436
1520530358.401629,1,300,202,20.39,31.17,0,2436
1520530358.451631,1,300,212,20.01,31.60,0,2436
1520530358.501632,1,300,211,19.59,150.27,1,2424
1520530358.551634,1,300,220,19.20,31.62,0,2424
1520530358.601636,1,300,222,18.71,32.66,0,2424
1520530358.651798,1,300,219,20.34,120.24,1,2424
1520530358.701800,1,300,226,19.99,32.95,0,2424
1520530358.751801,1,300,223,19.78,30.49,0,2424
1520530358.801803,1,300,225,19.40,116.51,1,2416
1520530358.851805,1,300,230,19.15,31.97,0,2416
1520530358.901806,1,300,218,18.90,30.43,0,2416
1520530358.951808,1,300,229,18.60,120.40,1,2404
1520530359.001810,1,300,222,18.56,30.47,0,2404
1520530359.051806,1,300,228,18.37,30.17,0,2404
1520530359.101811,1,300,225,18.17,121.36,1,2376
1520530359.151809,1,300,215,18.18,32.28,0,2376
1520530359.201810,1,300,231,18.09,32.03,0,2376
1520530359.251812,1,300,228,18.02,120.83,1,2341
1520530359.301813,1,300,232,18.09,33.57,0,2341
1520530359.351815,1,300,221,18.23,30.75,0,2341
1520530359.401817,1,300,223,18.38,123.40,1,2310
1520530359.451919,1,300,229,18.95,32.57,0,2310
1520530359.501870,1,300,230,19.13,31.83,0,2310
1520530359.551871,1,300,219,19.18,123.04,1,2267
1520530359.601873,1,300,225,19.27,31.92,0,2267
1520530359.651874,1,300,230,19.51,31.99,0,2267
1520530359.701876,1,300,224,19.61,124.70,1,2249
1520530359.751878,1,300,225,19.67,32.56,0,2249
1520530359.801879,1,300,222,19.79,32.67,0,2249
1520530359.851881,1,300,216,19.88,125.06,1,2241
1520530359.901826,1,300,216,19.16,35.15,0,2241
1520530359.951828,1,300,213,19.10,34.36,0,2241
1520530360.001829,1,300,210,19.12,130.97,1,2273
1520530360.051831,1,300,208,19.17,37.54,0,2273
1520530360.101832,1,300,193,19.16,35.41,0,2273
1520530360.151834,1,300,187,19.18,131.80,1,2297
1520530360.201836,1,300,181,19.28,37.68,0,2297
1520530360.251837,1,300,166,19.40,37.61,0,2297
1520530360.301316,1,300,135,13.72,136.16,1,2312
1520530360.351317,1,300,144,13.70,42.07,0,2312
1520530360.401319,1,300,133,13.82,45.62,0,2312
1520530360.451321,1,300,128,13.81,166.54,1,2324
1520530360.501323,1,300,129,13.91,42.53,0,2324
1520530360.551324,1,300,129,14.01,53.53,0,2324
1520530360.601326,1,300,131,14.17,149.55,1,2341
1520530360.651327,1,300,128,14.39,55.60,0,2341
1520530360.700978,1,300,129,10.77,77.53,0,2341
1520530360.750980,1,300,127,10.79,191.86,1,2362
1520530360.800981,1,300,128,10.92,100.42,0,2362
1520530360.850983,1,300,131,11.00,101.26,0,2362
1520530360.900984,1,300,119,11.11,147.40,1,2391
1520530360.950988,1,300,131,11.18,69.19,0,2391
1520530361.000988,1,300,133,11.37,92.92,0,2391
1520530361.051064,1,300,151,11.51,174.12,1,2427
1520530361.101044,1,300,135,12.31,99.35,0,2427
1520530361.151045,1,300,131,12.37,76.06,0,2427
1520530361.201047,1,300,136,12.45,159.71,1,2421
1520530361.251048,1,300,143,12.56,51.31,0,2421
1520530361.301050,1,300,142,12.73,51.54,0,2421
1520530361.351051,1,300,145,12.79,134.66,1,2402
1520530361.401053,1,300,148,12.91,57.10,0,2402
1520530361.451055,1,300,149,12.91,50.70,0,2402
1520530361.501690,1,300,157,23.60,138.40,1,2423
1520530361.551692,1,300,142,23.64,38.11,0,2423
1520530361.601693,1,300,147,23.57,42.37,0,2423
1520530361.651695,1,300,144,23.50,123.94,1,2452
1520530361.701696,1,300,155,23.27,39.40,0,2452
1520530361.751698,1,300,175,23.08,41.95,0,2452
1520530361.801700,1,300,177,22.99,125.12,1,2496
1520530361.851701,1,300,165,22.98,45.83,0,2496
1520530361.901939,1,300,175,26.79,45.11,0,2496
1520530361.951941,1,300,172,26.87,122.39,1,2535
1520530362.001942,1,300,179,27.04,40.25,0,2535
1520530362.051944,1,300,201,27.12,38.53,0,2535
1520530362.101945,1,300,181,27.27,116.18,1,2587
1520530362.151947,1,300,193,27.37,35.60,0,2587
1520530362.201949,1,300,195,27.48,36.59,0,2587
1520530362.251950,1,300,185,27.51,116.46,1,2617
1520530362.301951,1,300,174,27.58,35.73,0,2617
1520530362.351623,1,300,176,22.21,37.17,0,2617
1520530362.401625,1,300,175,22.32,118.92,1,2641
1520530362.451626,1,300,186,22.41,33.23,0,2641
1520530362.501628,1,300,177,22.42,36.37,0,2641
1520530362.551629,1,300,178,22.64,131.91,1,2658
1520530362.601631,1,300,188,22.77,34.97,0,2658
1520530362.651727,1,300,172,22.81,39.83,0,2658
1520530362.701634,1,300,173,22.91,117.23,1,2669
1520530362.751364,1,300,168,18.28,39.49,0,2669
1520530362.801366,1,300,160,18.31,36.40,0,2669
1520530362.851367,1,300,147,18.13,114.75,1,2668
1520530362.901369,1,300,151,18.07,37.07,0,2668
1520530362.951370,1,300,156,18.06,40.25,0,2668
1520530363.001372,1,300,151,18.08,123.29,1,2696
1520530363.051374,1,300,133,18.35,37.13,0,2696
1520530363.101375,1,300,149,18.35,34.59,0,2696
1520530363.151650,1,300,140,23.50,120.32,1,2709
1520530363.201651,1,300,141,23.82,48.40,0,2709
1520530363.251653,1,300,122,24.09,48.32,0,2709
1520530363.301654,1,300,116,24.38,126.32,1,2699
1520530363.351656,1,300,125,24.49,50.80,0,2699
1520530363.401658,1,300,115,24.61,45.55,0,2699
1520530363.451659,1,300,125,24.72,127.02,1,2714
1520530363.501661,1,300,124,24.77,54.00,0,2714
1520530363.551745,1,300,127,26.30,49.34,0,2714
1520530363.601746,1,300,116,26.06,125.77,1,2702
1520530363.651748,1,300,134,25.71,43.28,0,2702
1520530363.701749,1,300,128,25.55,39.20,0,2702
1520530363.751751,1,300,132,25.28,115.38,1,2696
1520530363.801753,1,300,136,25.07,41.16,0,2696
1520530363.851754,1,300,142,24.89,47.08,0,2696
1520530363.901756,1,300,150,24.61,118.34,1,2686
1520530363.951780,1,300,165,24.71,53.82,0,2686
1520530364.001782,1,300,156,24.42,54.06,0,2686
1520530364.051784,1,300,162,23.99,121.58,1,2668
1520530364.101785,1,300,159,23.50,43.10,0,2668
1520530364.151786,1,300,174,22.93,38.81,0,2668
1520530364.201788,1,300,171,22.48,109.37,1,2630
1520530364.251789,1,300,180,21.82,37.69,0,2630
1520530364.301791,1,300,197,21.19,39.54,0,2630
1520530364.351792,1,300,202,20.96,108.53,1,2641
1520530364.401853,1,300,199,21.55,35.33,0,2641
1520530364.451854,1,300,192,21.36,32.30,0,2641
1520530364.501856,1,300,191,21.29,111.24,1,2644
1520530364.551858,1,300,189,21.12,34.86,0,2644
1520530364.601859,1,300,191,21.04,36.33,0,2644
1520530364.651861,1,300,190,20.88,113.65,1,2652
1520530364.701862,1,300,183,20.92,32.93,0,2652
1520530364.751864,1,300,187,20.95,36.53,0,2652
1520530364.802375,1,300,188,28.51,110.06,1,2665
1520530364.852378,1,300,189,28.52,31.94,0,2665
1520530364.902379,1,300,189,28.39,32.67,0,2665
1520530364.952380,1,300,195,28.28,113.53,1,2687
1520530365.002383,1,300,219,28.00,32.22,0,2687
1520530365.052383,1,300,207,27.76,33.51,0,2687
1520530365.102386,1,300,209,27.62,110.52,1,2673
1520530365.152387,1,300,208,27.64,29.85,0,2673
1520530365.201844,1,300,199,20.20,32.68,0,2673
1520530365.251846,1,300,216,20.19,115.34,1,2678
1520530365.301847,1,300,219,20.26,30.28,0,2678
1520530365.351849,1,300,216,20.36,29.23,0,2678
1520530365.401850,1,300,213,20.48,115.85,1,2663
1520530365.451852,1,300,219,20.66,30.21,0,2663
1520530365.501853,1,300,211,20.82,30.21,0,2663
1520530365.551855,1,300,209,21.21,117.24,1,2636
1520530365.601535,1,300,199,16.74,32.31,0,2636
1520530365.651537,1,300,199,17.02,33.64,0,2636
1520530365.701539,1,300,195,17.15,118.47,1,2612
1520530365.751540,1,300,192,17.35,30.53,0,2612
1520530365.801546,1,300,192,17.64,33.51,0,2612
1520530365.851543,1,300,192,17.72,113.11,1,2578
1520530365.901545,1,300,187,17.85,31.13,0,2578
1520530365.951546,1,300,193,18.03,31.57,0,2578
1520530366.001907,1,300,192,23.91,113.69,1,2545
1520530366.051908,1,300,195,23.93,33.04,0,2545
1520530366.101911,1,300,205,23.65,31.63,0,2545
1520530366.151911,1,300,203,23.30,118.95,1,2550
1520530366.201913,1,300,213,22.79,35.56,0,2550
1520530366.251915,1,300,211,22.35,31.98,0,2550
1520530366.301916,1,300,204,21.87,113.84,1,2535
1520530366.351918,1,300,223,21.51,31.92,0,2535
1520530366.402120,1,300,216,23.83,32.27,0,2535
1520530366.452121,1,300,212,23.46,117.93,1,2553
1520530366.502124,1,300,218,23.15,32.57,0,2553
1520530366.552125,1,300,214,22.57,33.48,0,2553
1520530366.602127,1,300,225,22.12,115.08,1,2551
1520530366.652128,1,300,226,21.52,31.76,0,2551
1520530366.702130,1,300,223,21.01,31.92,0,2551
1520530366.752132,1,300,222,20.72,123.19,1,2562
1520530366.802132,1,300,224,20.53,32.03,0,2562
1520530366.852166,1,300,210,20.80,35.10,0,2562
1520530366.902167,1,300,201,20.71,121.31,1,2555
1520530366.952169,1,300,204,20.60,35.82,0,2555
1520530367.002170,1,300,204,20.62,32.38,0,2555
1520530367.052171,1,300,189,20.78,116.69,1,2540
1520530367.102178,1,300,188,20.94,33.75,0,2540
1520530367.152174,1,300,174,21.01,32.41,0,2540
1520530367.202177,1,300,189,21.15,119.38,1,2528
1520530367.252540,1,300,183,25.49,35.74,0,2528
1520530367.302541,1,300,177,25.38,31.51,0,2528
1520530367.352542,1,300,174,25.51,120.20,1,2522
1520530367.402545,1,300,174,25.37,31.76,0,2522
1520530367.452546,1,300,174,25.16,31.90,0,2522
1520530367.502548,1,300,184,24.87,118.31,1,2532
1520530367.552549,1,300,180,24.66,30.92,0,2532
1520530367.602551,1,300,182,24.50,32.16,0,2532
1520530367.652264,1,300,193,21.00,119.64,1,2549
1520530367.702266,1,300,190,20.97,29.35,0,2549
1520530367.752267,1,300,191,20.81,31.29,0,2549
1520530367.802269,1,300,193,20.78,121.49,1,2555
1520530367.852271,1,300,204,20.83,32.13,0,2555
1520530367.902272,1,300,203,20.59,32.63,0,2555
1520530367.952274,1,300,212,20.51,123.78,1,2554
1520530368.002275,1,300,222,20.37,30.84,0,2554
1520530368.052124,1,300,218,18.70,30.81,0,2554
1520530368.102125,1,300,222,18.59,123.43,1,2540
1520530368.152127,1,300,229,18.45,30.88,0,2540
1520530368.202129,1,300,221,18.33,31.54,0,2540
1520530368.252130,1,300,222,18.38,126.35,1,2544
1520530368.302132,1,300,219,18.37,31.42,0,2544
1520530368.352134,1,300,219,18.31,31.32,0,2544
1520530368.402135,1,300,227,18.33,133.32,1,2555
1520530368.452048,1,300,218,17.38,37.40,0,2555
1520530368.502050,1,300,203,17.36,39.89,0,2555
1520530368.552051,1,300,201,17.51,137.72,1,2559
1520530368.602053,1,300,181,17.79,48.57,0,2559
1520530368.652054,1,300,149,18.09,52.56,0,2559
1520530368.702056,1,300,157,18.38,141.46,1,2554
1520530368.752057,1,300,147,18.63,43.02,0,2554
1520530368.802058,1,300,153,19.00,55.84,0,2554
1520530368.851389,1,300,137,12.02,142.66,1,2574
1520530368.901391,1,300,141,12.36,97.39,0,2574
1520530368.951392,1,300,142,12.87,62.57,0,2574
1520530369.001394,1,300,166,13.27,189.59,1,2629
1520530369.051395,1,300,153,13.58,70.74,0,2629
1520530369.101397,1,300,142,13.85,52.27,0,2629
1520530369.151398,1,300,152,14.04,146.49,1,2668
1520530369.201400,1,300,142,14.20,52.11,0,2668
1520530369.251401,1,300,147,14.41,52.31,0,2668
1520530369.301537,1,300,167,16.59,130.52,1,2714
1520530369.351538,1,300,188,16.63,43.78,0,2714
1520530369.401540,1,300,188,16.59,36.04,0,2714
1520530369.451542,1,300,200,16.58,122.43,1,2761
1520530369.501543,1,300,187,16.58,35.15,0,2761
1520530369.551545,1,300,183,16.57,35.68,0,2761
1520530369.601546,1,300,178,16.64,128.14,1,2772
1520530369.651548,1,300,176,16.53,34.70,0,2772
1520530369.701896,1,300,183,21.70,34.34,0,2772
1520530369.751898,1,300,184,21.56,119.56,1,2778
1520530369.801901,1,300,194,21.42,33.38,0,2778
1520530369.851902,1,300,193,21.34,31.30,0,2778
1520530369.901903,1,300,191,21.20,120.15,1,2792
1520530369.951905,1,300,192,21.16,34.13,0,2792
1520530370.001906,1,300,189,21.09,33.75,0,2792
1520530370.051908,1,300,186,21.02,116.70,1,2756
1520530370.101930,1,300,194,21.17,32.98,0,2756
1520530370.151931,1,300,190,21.17,31.11,0,2756
1520530370.201933,1,300,193,21.09,97.56,1,2731
1520530370.251934,1,300,207,21.06,32.70,0,2731
1520530370.301934,1,300,202,21.01,31.88,0,2731
1520530370.351937,1,300,183,20.93,102.95,1,2685
1520530370.401938,1,300,204,20.91,31.90,0,2685
1520530370.451940,1,300,202,20.78,33.03,0,2685
1520530370.501883,1,300,198,19.88,118.20,1,2655
1520530370.551883,1,300,204,19.82,31.69,0,2655
1520530370.601898,1,300,200,19.76,32.39,0,2655
1520530370.651887,1,300,206,19.74,99.38,1,2616
1520530370.701889,1,300,210,19.76,31.60,0,2616
1520530370.751890,1,300,205,19.73,31.17,0,2616
1520530370.801892,1,300,208,19.73,100.61,1,2563
1520530370.851892,1,300,210,19.72,30.74,0,2563
1520530370.901941,1,300,210,20.37,30.80,0,2563
1520530370.951942,1,300,224,20.43,117.02,1,2554
1520530371.001944,1,300,219,20.38,32.73,0,2554
1520530371.051946,1,300,215,20.42,31.93,0,2554
1520530371.101947,1,300,210,20.28,117.08,1,2555
1520530371.151949,1,300,199,20.41,32.91,0,2555
1520530371.201950,1,300,212,20.32,31.89,0,2555
1520530371.251952,1,300,207,20.21,121.02,1,2549
1520530371.301953,1,300,218,20.20,31.01,0,2549
1520530371.351951,1,300,208,20.12,30.58,0,2549
1520530371.401953,1,300,209,20.09,122.90,1,2551
1520530371.451954,1,300,207,20.27,33.14,0,2551
1520530371.501956,1,300,213,20.20,31.85,0,2551
1520530371.551958,1,300,214,20.19,122.69,1,2557
1520530371.601959,1,300,225,20.26,31.86,0,2557
1520530371.651961,1,300,212,20.36,30.66,0,2557
1520530371.701962,1,300,224,20.37,123.51,1,2539
1520530371.751959,1,300,215,20.21,31.58,0,2539
1520530371.801961,1,300,222,20.12,31.74,0,2539
1520530371.851963,1,300,207,19.89,122.27,1,2533
1520530371.901964,1,300,200,19.65,29.98,0,2533
1520530371.951966,1,300,210,19.49,30.40,0,2533
1520530372.001968,1,300,200,19.37,124.16,1,2553
1520530372.051969,1,300,195,19.15,29.95,0,2553
1520530372.101971,1,300,182,19.09,29.66,0,2553
1520530372.151955,1,300,199,18.78,130.76,1,2569
1520530372.201977,1,300,195,18.80,29.19,0,2569
1520530372.251958,1,300,194,18.84,28.69,0,2569
1520530372.301960,1,300,195,18.78,130.67,1,2539
1520530372.351961,1,300,197,18.71,28.40,0,2539
1520530372.401963,1,300,198,18.75,27.41,0,2539
1520530372.451964,1,300,189,18.86,135.55,1,2471
1520530372.501966,1,300,199,18.87,29.73,0,2471
1520530372.551956,1,300,191,18.87,27.95,0,2471
1520530372.601959,1,300,195,18.91,134.76,1,2387
1520530372.651960,1,300,202,19.08,28.99,0,2387
1520530372.701961,1,300,197,19.33,28.41,0,2387
1520530372.751963,1,300,208,19.53,134.82,1,2341
1520530372.801964,1,300,199,19.96,31.34,0,2341
1520530372.851966,1,300,213,20.25,29.36,0,2341
1520530372.901967,1,300,219,20.60,139.37,1,2305
1520530372.951617,1,300,217,15.73,31.77,0,2305
1520530373.001619,1,300,215,15.83,30.26,0,2305
1520530373.051620,1,300,216,15.97,146.16,1,2249
1520530373.101622,1,300,215,16.00,31.19,0,2249
1520530373.151624,1,300,217,16.02,30.53,0,2249
1520530373.201626,1,300,213,16.10,146.23,1,2202
1520530373.251627,1,300,218,16.03,30.61,0,2202
1520530373.301630,1,300,218,16.02,29.70,0,2202
1520530373.351457,1,300,218,13.47,149.18,1,2158
1520530373.401458,1,300,218,13.36,30.43,0,2158
1520530373.451460,1,300,215,13.41,30.64,0,2158
1520530373.501461,1,300,214,13.33,151.34,1,2093
1520530373.551463,1,300,202,13.39,31.54,0,2093
1520530373.601465,1,300,197,13.29,32.49,0,2093
1520530373.651466,1,300,191,13.04,155.52,1,2090
1520530373.701467,1,300,191,12.81,32.47,0,2090
1520530373.751469,1,300,187,12.51,30.75,0,2090
1520530373.801615,1,300,201,13.73,152.53,1,2111
1520530373.851583,1,300,192,13.62,34.33,0,2111
1520530373.901585,1,300,196,13.30,32.98,0,2111
1520530373.951586,1,300,201,13.29,157.03,1,2145
1520530374.001589,1,300,186,13.14,31.77,0,2145
1520530374.051589,1,300,196,12.98,33.47,0,2145
1520530374.101591,1,300,179,12.82,149.47,1,2158
1520530374.151592,1,300,171,12.71,31.74,0,2158
1520530374.201953,1,300,174,16.93,33.98,0,2158
1520530374.251955,1,300,160,16.73,149.41,1,2164
1520530374.301956,1,300,148,16.53,33.85,0,2164
1520530374.351958,1,300,145,16.32,34.60,0,2164
1520530374.401959,1,300,138,16.16,144.49,1,2175
1520530374.451961,1,300,136,16.16,30.75,0,2175
1520530374.501962,1,300,136,16.23,30.25,0,2175
1520530374.551964,1,300,129,16.22,138.64,1,2180
1520530374.602407,1,300,139,21.17,32.07,0,2180
1520530374.652408,1,300,131,21.15,30.37,0,2180
1520530374.702410,1,300,151,21.09,138.17,1,2195
1520530374.752412,1,300,153,20.97,29.42,0,2195
1520530374.802413,1,300,149,20.79,33.48,0,2195
1520530374.852415,1,300,159,20.66,138.59,1,2206
1520530374.902417,1,300,171,20.63,31.36,0,2206
1520530374.952418,1,300,179,20.60,31.87,0,2206
1520530375.002442,1,300,192,20.83,139.20,1,2196
1520530375.052444,1,300,188,20.81,31.32,0,2196
1520530375.102445,1,300,206,20.98,32.83,0,2196
1520530375.152447,1,300,213,21.12,134.88,1,2207
1520530375.202449,1,300,224,21.24,33.56,0,2207
1520530375.252454,1,300,229,21.23,30.95,0,2207
1520530375.302452,1,300,225,21.34,128.87,1,2211
1520530375.352453,1,300,234,21.39,31.74,0,2211
1520530375.402252,1,300,236,18.56,32.22,0,2211
1520530375.452214,1,300,234,18.38,131.33,1,2216
1520530375.502216,1,300,220,18.23,31.83,0,2216
1520530375.552217,1,300,216,18.08,31.36,0,2216
1520530375.602219,1,300,219,17.68,128.16,1,2236
1520530375.652220,1,300,218,17.51,32.37,0,2236
1520530375.702222,1,300,229,17.17,31.70,0,2236
1520530375.752223,1,300,229,17.07,132.03,1,2265
1520530375.802225,1,300,226,16.99,33.39,0,2265
1520530375.852258,1,300,210,17.19,33.92,0,2265
1520530375.902259,1,300,216,17.21,131.37,1,2278
1520530375.952261,1,300,217,17.25,34.01,0,2278
1520530376.002263,1,300,218,17.40,36.27,0,2278
1520530376.052264,1,300,221,17.40,130.08,1,2291
1520530376.102265,1,300,218,17.37,33.39,0,2291
1520530376.152267,1,300,211,17.41,35.04,0,2291
1520530376.202270,1,300,204,17.73,133.14,1,2317
1520530376.251950,1,300,204,14.59,33.42,0,2317
1520530376.301951,1,300,202,14.68,36.37,0,2317
1520530376.351954,1,300,199,14.79,130.37,1,2344
1520530376.401955,1,300,195,14.93,35.14,0,2344
1520530376.451957,1,300,192,15.02,33.97,0,2344
1520530376.501958,1,300,175,15.31,132.41,1,2354
1520530376.551960,1,300,171,15.65,41.63,0,2354
1520530376.601961,1,300,165,16.14,38.60,0,2354
1520530376.652663,1,300,172,25.24,131.89,1,2376
1520530376.702664,1,300,166,25.77,39.30,0,2376
1520530376.752666,1,300,151,26.43,41.24,0,2376
1520530376.802668,1,300,156,26.99,165.33,1,2424
1520530376.852669,1,300,141,27.65,49.03,0,2424
1520530376.902671,1,300,138,28.17,44.30,0,2424
1520530376.952672,1,300,162,28.67,166.57,1,2481
1520530377.002721,1,300,136,28.94,49.31,0,2481
1520530377.052897,1,300,145,32.37,56.63,0,2481
1520530377.102900,1,300,154,32.28,133.21,1,2534
1520530377.152901,1,300,152,32.20,44.66,0,2534
1520530377.202903,1,300,156,32.08,38.94,0,2534
1520530377.252904,1,300,157,31.76,166.57,1,2573
1520530377.302906,1,300,173,31.50,40.50,0,2573
1520530377.352906,1,300,166,31.15,38.00,0,2573
1520530377.402909,1,300,182,30.80,163.08,1,2602
1520530377.451720,1,300,149,14.98,52.45,0,2602
1520530377.501720,1,300,154,15.02,58.41,0,2602
1520530377.551722,1,300,148,14.95,176.87,1,2617
1520530377.601723,1,300,138,14.85,66.75,0,2617
1520530377.651725,1,300,133,14.88,61.82,0,2617
1520530377.701726,1,300,140,14.87,181.56,1,2621
1520530377.751728,1,300,126,14.89,102.29,0,2621
1520530377.801730,1,300,134,14.90,65.53,0,2621
1520530377.851407,1,300,145,10.76,192.92,1,2637
1520530377.901409,1,300,129,10.55,65.75,0,2637
1520530377.951411,1,300,124,10.50,84.31,0,2637
1520530378.001412,1,300,140,10.45,200.04,1,2642
1520530378.051414,1,300,143,10.34,91.49,0,2642
1520530378.101416,1,300,157,10.45,54.60,0,2642
1520530378.151417,1,300,150,10.57,144.67,1,2657
1520530378.201419,1,300,164,10.58,59.85,0,2657
1520530378.251420,1,300,175,10.65,64.22,0,2657
1520530378.301512,1,300,169,11.98,139.37,1,2688
1520530378.351513,1,300,156,12.10,48.60,0,2688
1520530378.401515,1,300,164,12.15,47.05,0,2688
1520530378.451516,1,300,167,12.23,168.47,1,2730
1520530378.501517,1,300,159,12.25,53.03,0,2730
1520530378.551519,1,300,169,12.25,58.32,0,2730
1520530378.601571,1,300,163,12.20,130.34,1,2796
1520530378.651522,1,300,162,12.13,50.64,0,2796
1520530378.702209,1,300,169,23.35,55.65,0,2796
1520530378.752210,1,300,182,23.44,224.36,1,2876
1520530378.802212,1,300,184,23.58,43.35,0,2876
1520530378.852213,1,300,187,23.79,45.15,0,2876
1520530378.902215,1,300,188,23.89,174.05,1,2950
1520530378.952216,1,300,196,23.90,43.10,0,2950
1520530379.002218,1,300,189,23.98,38.84,0,2950
1520530379.052220,1,300,189,24.02,185.07,1,2993
1520530379.102149,1,300,196,22.92,37.41,0,2993
1520530379.152151,1,300,192,22.85,36.35,0,2993
1520530379.202152,1,300,184,22.89,132.97,1,3034
1520530379.252154,1,300,198,22.93,36.54,0,3034
1520530379.302155,1,300,188,22.99,39.60,0,3034
1520530379.352157,1,300,195,23.06,181.43,1,3082
1520530379.402159,1,300,193,23.15,38.38,0,3082
1520530379.452160,1,300,203,23.27,41.21,0,3082
1520530379.501850,1,300,186,18.27,147.10,1,3093
1520530379.551852,1,300,181,18.39,42.00,0,3093
1520530379.601853,1,300,175,18.39,37.58,0,3093
1520530379.651855,1,300,163,18.54,132.73,1,3099
1520530379.701856,1,300,147,18.48,57.49,0,3099
1520530379.751858,1,300,142,18.54,47.70,0,3099
1520530379.801860,1,300,137,18.47,127.17,1,3082
1520530379.851861,1,300,136,18.42,40.49,0,3082
1520530379.901824,1,300,141,17.82,41.50,0,3082
1520530379.951826,1,300,141,17.99,124.32,1,3076
1520530380.001827,1,300,139,18.20,50.00,0,3076
1520530380.051829,1,300,143,18.50,64.31,0,3076
1520530380.101830,1,300,150,18.73,132.80,1,3079
1520530380.151832,1,300,144,18.78,89.45,0,3079
1520530380.201888,1,300,138,18.87,56.06,0,3079
1520530380.251835,1,300,147,18.89,139.62,1,3088
1520530380.301736,1,300,155,16.90,48.33,0,3088
1520530380.352160,1,300,141,24.42,47.86,0,3088
1520530380.402162,1,300,146,23.97,117.96,1,3090
1520530380.452163,1,300,145,23.60,38.89,0,3090
1520530380.502166,1,300,152,23.27,37.09,0,3090
1520530380.552166,1,300,164,22.98,121.31,1,3103
1520530380.602168,1,300,162,22.76,41.71,0,3103
1520530380.652170,1,300,178,22.58,42.17,0,3103
1520530380.702171,1,300,179,22.46,116.95,1,3098
1520530380.752135,1,300,184,21.64,40.92,0,3098
1520530380.802136,1,300,191,21.45,37.72,0,3098
1520530380.852138,1,300,188,21.09,111.91,1,3086
1520530380.902139,1,300,208,20.75,36.70,0,3086
1520530380.952141,1,300,217,20.44,36.12,0,3086
1520530381.002143,1,300,211,20.12,115.43,1,3074
1520530381.052144,1,300,214,19.89,34.36,0,3074
1520530381.102146,1,300,189,19.64,31.70,0,3074
1520530381.152048,1,300,193,17.92,109.15,1,3074
1520530381.202049,1,300,203,17.59,34.05,0,3074
1520530381.252051,1,300,181,17.28,33.63,0,3074
1520530381.302052,1,300,193,16.99,112.23,1,3118
1520530381.352053,1,300,195,16.86,36.12,0,3118
1520530381.402056,1,300,199,16.77,33.83,0,3118
1520530381.452057,1,300,206,16.64,109.26,1,3089
1520530381.502058,1,300,210,16.68,32.81,0,3089
1520530381.552262,1,300,207,19.14,33.31,0,3089
1520530381.602264,1,300,204,19.10,111.78,1,3075
1520530381.652266,1,300,205,19.03,31.31,0,3075
1520530381.702267,1,300,193,19.00,30.59,0,3075
1520530381.752268,1,300,218,18.95,112.62,1,3052
1520530381.802325,1,300,203,18.74,30.80,0,3052
1520530381.852271,1,300,208,18.79,31.72,0,3052
1520530381.902273,1,300,224,18.71,112.15,1,3016
1520530381.952332,1,300,221,19.49,30.98,0,3016
1520530382.002334,1,300,223,19.41,29.56,0,3016
1520530382.052335,1,300,228,19.46,116.86,1,3014
1520530382.102337,1,300,223,19.52,30.23,0,3014
1520530382.152339,1,300,218,19.55,31.36,0,3014
1520530382.202340,1,300,213,19.81,119.06,1,2994
1520530382.252342,1,300,212,19.94,31.26,0,2994
1520530382.302343,1,300,225,20.10,33.07,0,2994
1520530382.352159,1,300,222,17.78,119.87,1,2962
1520530382.402160,1,300,202,17.83,32.38,0,2962
1520530382.452162,1,300,214,18.04,32.05,0,2962
1520530382.502164,1,300,216,18.17,116.45,1,2924
1520530382.552165,1,300,216,18.36,32.57,0,2924
1520530382.602167,1,300,214,18.57,30.36,0,2924
1520530382.652168,1,300,215,18.92,118.14,1,2877
1520530382.702170,1,300,219,19.02,32.17,0,2877
1520530382.752171,1,300,219,19.16,32.54,0,2877
1520530382.802243,1,300,215,20.02,119.69,1,2848
1520530382.852246,1,300,229,19.99,31.41,0,2848
1520530382.902248,1,300,214,19.89,32.45,0,2848
1520530382.952249,1,300,221,19.75,119.63,1,2820
1520530383.002250,1,300,219,19.56,30.83,0,2820
1520530383.052252,1,300,231,19.33,32.86,0,2820
1520530383.102252,1,300,220,19.13,119.69,1,2795
1520530383.152255,1,300,221,18.85,32.79,0,2795
1520530383.202206,1,300,220,17.91,33.88,0,2795
1520530383.252208,1,300,222,17.47,122.88,1,2778
1520530383.302210,1,300,228,17.17,38.74,0,2778
1520530383.352211,1,300,233,16.83,37.48,0,2778
1520530383.402266,1,300,232,16.51,125.90,1,2776
1520530383.452214,1,300,219,16.33,34.07,0,2776
1520530383.502216,1,300,231,16.03,33.36,0,2776
1520530383.552217,1,300,217,15.82,123.19,1,2765
1520530383.602472,1,300,226,18.39,33.80,0,2765
1520530383.652472,1,300,221,18.19,32.91,0,2765
1520530383.702475,1,300,207,17.91,122.62,1,2719
1520530383.752476,1,300,216,17.78,31.60,0,2719
1520530383.802478,1,300,218,17.81,32.22,0,2719
1520530383.852479,1,300,221,17.92,129.02,1,2729
1520530383.902481,1,300,218,17.84,34.62,0,2729
1520530383.952482,1,300,218,17.89,33.90,0,2729
1520530384.002530,1,300,211,18.53,131.85,1,2713
1520530384.052531,1,300,202,18.59,34.70,0,2713
1520530384.102533,1,300,209,18.93,36.36,0,2713
1520530384.152534,1,300,219,19.42,134.46,1,2726
1520530384.202536,1,300,203,20.07,35.89,0,2726
1520530384.252537,1,300,211,20.61,35.82,0,2726
1520530384.302539,1,300,205,21.36,133.87,1,2743
1520530384.352541,1,300,202,22.10,36.84,0,2743
1520530384.402432,1,300,196,21.28,40.57,0,2743
1520530384.452435,1,300,193,22.11,136.09,1,2759
1520530384.502435,1,300,177,23.17,36.33,0,2759
1520530384.552437,1,300,180,24.02,33.86,0,2759
1520530384.602439,1,300,200,24.79,137.13,1,2754
1520530384.652440,1,300,200,25.52,34.35,0,2754
1520530384.702442,1,300,205,26.13,35.86,0,2754
1520530384.752443,1,300,200,26.62,138.26,1,2739
1520530384.802857,1,300,206,34.33,33.31,0,2739
1520530384.852858,1,300,209,34.71,32.59,0,2739
1520530384.902860,1,300,210,34.87,142.40,1,2746
1520530384.952861,1,300,202,35.00,39.94,0,2746
1520530385.002916,1,300,205,34.94,33.74,0,2746
1520530385.052864,1,300,209,35.08,141.45,1,2727
1520530385.102866,1,300,198,35.00,35.99,0,2727
1520530385.152867,1,300,207,34.89,34.19,0,2727
1520530385.202869,1,300,213,34.63,140.24,1,2725
1520530385.252705,1,300,215,31.64,36.35,0,2725
1520530385.302707,1,300,201,31.17,32.61,0,2725
1520530385.352709,1,300,199,30.81,135.42,1,2723
1520530385.402710,1,300,219,30.43,35.78,0,2723
1520530385.452712,1,300,216,29.93,34.47,0,2723
1520530385.502713,1,300,213,29.43,129.99,1,2752
1520530385.552715,1,300,200,29.16,34.39,0,2752
1520530385.602716,1,300,191,28.92,36.62,0,2752
1520530385.652486,1,300,187,24.88,135.14,1,2790
1520530385.702487,1,300,178,24.67,37.95,0,2790
1520530385.752490,1,300,182,24.38,41.31,0,2790
1520530385.802491,1,300,177,24.28,109.32,1,2823
1520530385.852493,1,300,162,24.05,41.65,0,2823
1520530385.902494,1,300,178,23.72,39.44,0,2823
1520530385.952496,1,300,171,23.60,168.25,1,2852
1520530386.002497,1,300,182,23.49,44.30,0,2852
1520530386.052544,1,300,174,24.00,44.15,0,2852
1520530386.102546,1,300,171,23.95,136.83,1,2874
1520530386.152547,1,300,184,23.93,47.02,0,2874
1520530386.202549,1,300,182,23.90,44.74,0,2874
1520530386.252550,1,300,186,23.92,124.82,1,2921
1520530386.302552,1,300,186,23.92,41.55,0,2921
1520530386.352553,1,300,186,24.02,37.65,0,2921
1520530386.402554,1,300,182,24.00,127.85,1,2935
1520530386.452758,1,300,178,27.27,36.78,0,2935
1520530386.502760,1,300,183,27.40,41.45,0,2935
1520530386.552761,1,300,182,27.49,126.91,1,2954
1520530386.602814,1,300,180,27.69,40.72,0,2954
1520530386.652764,1,300,186,27.82,57.08,0,2954
1520530386.702766,1,300,179,27.86,137.19,1,2967
1520530386.752767,1,300,171,28.07,42.36,0,2967
1520530386.802769,1,300,161,28.22,47.08,0,2967
1520530386.852674,1,300,168,26.79,132.20,1,2994
1520530386.902676,1,300,146,27.05,45.47,0,2994
1520530386.952678,1,300,151,27.27,37.09,0,2994
1520530387.002679,1,300,144,27.65,127.47,1,2998
1520530387.052681,1,300,143,27.84,39.11,0,2998
1520530387.102682,1,300,133,28.23,45.91,0,2998
1520530387.152684,1,300,139,28.54,132.23,1,2996
1520530387.202685,1,300,131,28.79,53.32,0,2996
1520530387.252606,1,300,139,27.67,56.15,0,2996
1520530387.302607,1,300,131,27.84,136.22,1,2971
1520530387.352609,1,300,138,27.88,52.19,0,2971
1520530387.402611,1,300,111,27.88,77.44,0,2971
1520530387.452612,1,300,117,27.87,164.38,1,2918
1520530387.502614,1,300,113,27.72,80.40,0,2918
1520530387.552615,1,300,104,27.71,45.95,0,2918
1520530387.602617,1,300,114,27.49,140.06,1,2900
1520530387.652619,1,300,116,27.24,53.78,0,2900
1520530387.702457,1,300,115,24.11,47.38,0,2900
1520530387.752459,1,300,132,23.70,142.52,1,2900
1520530387.802460,1,300,113,23.20,94.39,0,2900
1520530387.852464,1,300,121,22.80,107.18,0,2900
1520530387.902463,1,300,113,22.30,159.98,1,2863
1520530387.952464,1,300,124,21.73,75.93,0,2863
1520530388.002467,1,300,122,21.13,85.86,0,2863
1520530388.052467,1,300,130,20.49,154.90,1,2845
1520530388.102494,1,300,142,20.44,58.23,0,2845
1520530388.152496,1,300,126,20.25,48.65,0,2845
1520530388.202544,1,300,122,19.95,135.72,1,2799
1520530388.252499,1,300,126,19.76,50.50,0,2799
1520530388.302501,1,300,124,19.58,56.24,0,2799
1520530388.352502,1,300,131,19.46,125.09,1,2759
1520530388.402504,1,300,137,19.42,44.13,0,2759
1520530388.452505,1,300,141,19.15,44.79,0,2759
1520530388.502852,1,300,150,23.33,110.69,1,2767
1520530388.552854,1,300,149,23.16,34.28,0,2767
1520530388.602855,1,300,150,23.05,33.59,0,2767
1520530388.652857,1,300,154,23.05,105.75,1,2777
1520530388.702858,1,300,138,23.15,33.71,0,2777
1520530388.752860,1,300,146,23.17,31.10,0,2777
1520530388.802861,1,300,139,23.10,109.72,1,2761
1520530388.852863,1,300,136,23.15,39.94,0,2761
1520530388.902233,1,300,136,15.35,40.07,0,2761
1520530388.952235,1,300,138,15.34,114.90,1,2737
1520530389.002237,1,300,129,15.11,43.33,0,2737
1520530389.052238,1,300,117,14.97,55.07,0,2737
1520530389.102240,1,300,114,15.00,118.48,1,2678
1520530389.152242,1,300,128,14.85,38.36,0,2678
1520530389.202243,1,300,119,14.87,40.82,0,2678
1520530389.252245,1,300,115,14.85,110.70,1,2625
1520530389.302934,1,300,125,23.21,38.64,0,2625
1520530389.352936,1,300,118,22.84,37.60,0,2625
1520530389.402938,1,300,118,22.41,111.12,1,2581
1520530389.452939,1,300,112,21.90,48.56,0,2581
1520530389.502940,1,300,123,21.28,45.36,0,2581
1520530389.552942,1,300,126,20.77,139.55,1,2521
1520530389.602943,1,300,132,20.49,54.09,0,2521
1520530389.652948,1,300,131,20.47,44.35,0,2521
1520530389.702847,1,300,138,19.75,108.35,1,2489
1520530389.753403,1,300,130,25.87,39.03,0,2489
1520530389.803445,1,300,124,26.36,38.27,0,2489
1520530389.853406,1,300,116,27.22,105.72,1,2445
1520530389.903408,1,300,135,28.23,41.60,0,2445
1520530389.953409,1,300,153,29.06,38.65,0,2445
1520530390.003411,1,300,148,29.99,105.17,1,2442
1520530390.053412,1,300,161,30.72,35.63,0,2442
1520530390.103414,1,300,164,31.36,36.79,0,2442
1520530390.152569,1,300,144,20.17,104.21,1,2398
1520530390.202569,1,300,148,20.20,40.65,0,2398
1520530390.252571,1,300,141,20.02,40.75,0,2398
1520530390.302572,1,300,146,19.76,113.60,1,2353
1520530390.352574,1,300,141,19.50,51.19,0,2353
1520530390.402575,1,300,147,19.28,47.82,0,2353
1520530390.452578,1,300,157,19.06,108.85,1,2343
1520530390.502578,1,300,149,18.92,47.01,0,2343
1520530390.553324,1,300,166,28.77,57.44,0,2343
1520530390.603326,1,300,166,28.68,117.97,1,2323
1520530390.653327,1,300,185,28.64,40.51,0,2323
1520530390.703329,1,300,193,28.78,39.13,0,2323
1520530390.753331,1,300,201,28.76,106.02,1,2326
1520530390.803333,1,300,203,28.54,38.76,0,2326
1520530390.853334,1,300,215,28.22,35.00,0,2326
1520530390.903336,1,300,207,27.74,103.39,1,2337
1520530390.953379,1,300,225,28.04,33.23,0,2337
1520530391.003381,1,300,221,27.58,31.50,0,2337
1520530391.053383,1,300,230,27.42,99.95,1,2346
1520530391.103384,1,300,233,27.21,31.28,0,2346
1520530391.153385,1,300,223,27.15,31.26,0,2346
1520530391.203387,1,300,219,27.01,98.96,1,2341
1520530391.253388,1,300,218,26.96,30.71,0,2341
1520530391.303389,1,300,225,26.82,28.83,0,2341
1520530391.352333,1,300,211,15.01,106.18,1,2381
1520530391.402366,1,300,202,14.89,42.22,0,2381
1520530391.452336,1,300,212,14.89,36.95,0,2381
1520530391.502338,1,300,226,14.68,108.95,1,2432
1520530391.552339,1,300,233,14.60,35.84,0,2432
1520530391.602341,1,300,227,14.45,34.31,0,2432
1520530391.652342,1,300,233,14.32,104.93,1,2494
1520530391.702344,1,300,224,14.17,32.98,0,2494
1520530391.752424,1,300,224,14.85,31.44,0,2494
1520530391.802426,1,300,227,14.74,107.77,1,2507
1520530391.852427,1,300,220,14.67,31.89,0,2507
1520530391.902428,1,300,235,14.49,31.71,0,2507
1520530391.952430,1,300,226,14.44,109.60,1,2517
1520530392.002431,1,300,225,14.47,34.59,0,2517
1520530392.052433,1,300,232,14.58,36.02,0,2517
1520530392.102435,1,300,227,14.71,110.50,1,2547
1520530392.152436,1,300,223,14.83,35.39,0,2547
1520530392.203142,1,300,226,22.37,40.31,0,2547
1520530392.253143,1,300,232,22.59,118.38,1,2628
1520530392.303145,1,300,220,22.91,37.68,0,2628
1520530392.353147,1,300,218,23.17,40.23,0,2628
1520530392.403147,1,300,231,23.30,119.64,1,2699
1520530392.453150,1,300,212,23.38,40.08,0,2699
1520530392.503151,1,300,211,23.45,39.77,0,2699
1520530392.553153,1,300,204,23.57,116.74,1,2735
1520530392.602235,1,300,174,13.67,54.55,0,2735
1520530392.652236,1,300,153,13.57,38.84,0,2735
1520530392.702237,1,300,171,13.64,122.87,1,2768
1520530392.752239,1,300,185,13.60,64.84,0,2768
1520530392.802241,1,300,187,13.55,60.20,0,2768
1520530392.852242,1,300,217,13.47,163.31,1,2851
1520530392.902243,1,300,218,13.34,52.11,0,2851
1520530392.952245,1,300,224,13.16,39.10,0,2851
1520530393.002174,1,300,221,11.97,116.69,1,2915
1520530393.052154,1,300,217,11.64,35.06,0,2915
1520530393.102155,1,300,220,11.47,32.18,0,2915
1520530393.152157,1,300,232,11.31,103.81,1,2980
1520530393.202159,1,300,228,10.99,34.43,0,2980
1520530393.252160,1,300,239,10.72,36.99,0,2980
1520530393.302162,1,300,226,10.64,124.96,1,3035
1520530393.352164,1,300,235,10.47,34.04,0,3035
1520530393.402921,1,300,252,17.82,34.76,0,3035
1520530393.452923,1,300,253,17.77,161.54,1,3090
1520530393.502924,1,300,242,18.00,31.76,0,3090
1520530393.552926,1,300,250,18.29,31.19,0,3090
1520530393.602927,1,300,245,18.87,126.08,1,3114
1520530393.652929,1,300,234,19.43,33.85,0,3114
1520530393.702931,1,300,223,19.94,35.67,0,3114
1520530393.752932,1,300,223,20.05,128.63,1,3129
1520530393.802958,1,300,231,20.31,36.99,0,3129
1520530393.852959,1,300,237,20.18,36.19,0,3129
1520530393.902961,1,300,232,20.22,125.26,1,3175
1520530393.952963,1,300,224,20.10,31.02,0,3175
1520530394.002964,1,300,226,20.05,30.14,0,3175
1520530394.052965,1,300,231,20.02,124.64,1,3179
1520530394.102968,1,300,228,19.88,31.61,0,3179
1520530394.152969,1,300,237,19.69,35.19,0,3179
1520530394.202165,1,300,231,11.30,130.35,1,3231
1520530394.252167,1,300,229,11.04,35.61,0,3231
1520530394.302169,1,300,230,10.81,34.20,0,3231
1520530394.352170,1,300,230,10.62,108.63,1,3250
1520530394.402172,1,300,235,10.46,33.66,0,3250
1520530394.452173,1,300,230,10.34,33.60,0,3250
1520530394.502175,1,300,237,10.32,131.36,1,3251
1520530394.552176,1,300,233,10.40,35.05,0,3251
1520530394.602189,1,300,220,10.40,34.07,0,3251
1520530394.652877,1,300,228,18.50,131.82,1,3260
1520530394.702878,1,300,242,18.94,32.81,0,3260
1520530394.752879,1,300,228,19.36,32.60,0,3260
1520530394.802881,1,300,242,19.82,134.15,1,3245
1520530394.852882,1,300,243,20.16,32.26,0,3245
1520530394.902885,1,300,247,20.75,32.30,0,3245
1520530394.952885,1,300,237,21.17,133.58,1,3279
1520530395.002887,1,300,240,21.27,31.93,0,3279
1520530395.053731,1,300,231,32.20,32.02,0,3279
1520530395.103732,1,300,234,32.52,130.30,1,3276
1520530395.153734,1,300,225,32.93,30.56,0,3276
1520530395.203735,1,300,231,33.67,30.55,0,3276
1520530395.253737,1,300,223,34.48,134.86,1,3241
1520530395.303738,1,300,218,35.49,30.59,0,3241
1520530395.353740,1,300,221,36.34,30.10,0,3241
1520530395.403742,1,300,222,37.16,133.66,1,3209
1520530395.452705,1,300,220,22.31,31.38,0,3209
1520530395.502707,1,300,231,22.74,32.19,0,3209
1520530395.552709,1,300,222,22.99,131.22,1,3165
1520530395.602710,1,300,225,23.10,33.63,0,3165
1520530395.652712,1,300,229,23.22,30.86,0,3165
1520530395.702713,1,300,239,23.19,132.67,1,3143
1520530395.752715,1,300,226,22.97,30.58,0,3143
1520530395.802716,1,300,230,22.80,31.65,0,3143
1520530395.853078,1,300,229,28.30,131.74,1,3107
1520530395.903079,1,300,236,28.03,30.07,0,3107
1520530395.953081,1,300,236,27.48,30.15,0,3107
1520530396.003083,1,300,230,27.02,132.46,1,3058
1520530396.053084,1,300,243,26.53,31.46,0,3058
1520530396.103085,1,300,245,25.99,30.13,0,3058
1520530396.153087,1,300,244,25.40,136.40,1,3001
1520530396.203089,1,300,234,25.02,31.02,0,3001
1520530396.253235,1,300,237,26.74,30.27,0,3001
1520530396.303237,1,300,229,26.45,137.49,1,2920
1520530396.353238,1,300,237,26.15,31.25,0,2920
1520530396.403240,1,300,214,25.98,31.41,0,2920
1520530396.453241,1,300,201,25.91,136.06,1,2858
1520530396.503243,1,300,199,25.75,33.05,0,2858
1520530396.553244,1,300,173,25.67,33.58,0,2858
1520530396.603246,1,300,169,25.61,137.59,1,2788
1520530396.653248,1,300,160,25.57,33.70,0,2788
1520530396.703145,1,300,161,24.16,36.42,0,2788
1520530396.753147,1,300,149,24.12,135.61,1,2744
1520530396.803148,1,300,143,24.02,33.33,0,2744
1520530396.853149,1,300,145,23.94,32.34,0,2744
1520530396.903152,1,300,149,23.75,136.39,1,2672
1520530396.953152,1,300,133,23.63,33.20,0,2672
1520530397.003155,1,300,132,23.42,32.70,0,2672
1520530397.053156,1,300,129,23.23,132.84,1,2617
1520530397.102782,1,300,126,18.68,31.34,0,2617
1520530397.152784,1,300,124,18.51,30.12,0,2617
1520530397.202785,1,300,127,18.54,133.14,1,2566
1520530397.252787,1,300,148,18.53,35.66,0,2566
1520530397.302788,1,300,158,18.52,33.39,0,2566
1520530397.352790,1,300,160,18.50,127.09,1,2549
1520530397.402791,1,300,178,18.54,32.21,0,2549
1520530397.452793,1,300,180,18.60,33.89,0,2549
1520530397.502304,1,300,184,12.93,132.61,1,2533
1520530397.552306,1,300,187,12.83,38.49,0,2533
1520530397.602308,1,300,189,12.91,34.80,0,2533
1520530397.652309,1,300,202,13.00,132.84,1,2516
1520530397.702310,1,300,201,13.22,40.11,0,2516
1520530397.752312,1,300,187,13.27,36.60,0,2516
1520530397.802315,1,300,192,13.61,128.68,1,2531
1520530397.852315,1,300,177,13.69,38.46,0,2531
1520530397.902585,1,300,187,17.45,35.92,0,2531
1520530397.952586,1,300,179,17.53,135.60,1,2557
1520530398.002588,1,300,175,17.61,36.67,0,2557
1520530398.052589,1,300,161,17.78,35.66,0,2557
1520530398.102591,1,300,166,17.90,134.50,1,2532
1520530398.152592,1,300,173,18.09,35.72,0,2532
1520530398.202594,1,300,188,18.28,35.86,0,2532
1520530398.252596,1,300,207,18.58,127.31,1,2557
1520530398.303365,1,300,214,31.27,37.74,0,2557
1520530398.353367,1,300,216,31.94,35.69,0,2557
1520530398.403368,1,300,212,32.49,124.22,1,2581
1520530398.453370,1,300,229,32.86,34.62,0,2581
1520530398.503371,1,300,242,32.89,32.32,0,2581
1520530398.553373,1,300,231,32.65,122.47,1,2593
1520530398.603375,1,300,230,32.22,34.31,0,2593
1520530398.653376,1,300,222,31.65,32.74,0,2593
1520530398.703221,1,300,215,28.56,121.79,1,2616
1520530398.753223,1,300,201,27.98,33.66,0,2616
1520530398.803225,1,300,208,27.41,32.22,0,2616
1520530398.853226,1,300,206,27.07,120.78,1,2613
1520530398.903227,1,300,210,26.60,34.79,0,2613
1520530398.953229,1,300,196,26.20,33.51,0,2613
1520530399.003230,1,300,199,25.73,126.79,1,2616
1520530399.053232,1,300,209,25.38,44.42,0,2616
1520530399.103233,1,300,203,24.89,38.31,0,2616
1520530399.152330,1,300,209,12.95,127.92,1,2679
1520530399.202332,1,300,205,12.67,50.49,0,2679
1520530399.252333,1,300,198,12.22,38.42,0,2679
1520530399.302335,1,300,207,12.10,120.35,1,2712
1520530399.352336,1,300,185,12.01,39.07,0,2712
1520530399.402342,1,300,165,11.86,34.89,0,2712
1520530399.452339,1,300,153,11.87,117.66,1,2719
1520530399.502341,1,300,143,11.93,40.51,0,2719
1520530399.553006,1,300,155,20.52,36.28,0,2719
1520530399.603008,1,300,145,20.76,125.91,1,2727
1520530399.653009,1,300,139,21.16,44.43,0,2727
1520530399.703011,1,300,138,21.46,41.15,0,2727
1520530399.753012,1,300,127,21.72,123.62,1,2730
1520530399.803014,1,300,129,21.81,43.41,0,2730
1520530399.853016,1,300,127,21.92,41.33,0,2730
1520530399.903017,1,300,133,22.01,121.83,1,2738
1520530399.953275,1,300,121,25.00,47.24,0,2738
1520530400.003276,1,300,134,24.52,47.46,0,2738
1520530400.053278,1,300,144,23.90,132.77,1,2762
1520530400.103279,1,300,136,23.29,45.34,0,2762
1520530400.153281,1,300,152,22.72,60.10,0,2762
1520530400.203283,1,300,152,22.28,123.26,1,2775
1520530400.253284,1,300,153,22.01,39.66,0,2775
1520530400.303286,1,300,177,21.63,48.60,0,2775
1520530400.352494,1,300,162,13.36,124.76,1,2790
1520530400.402496,1,300,157,13.42,54.34,0,2790
1520530400.452498,1,300,169,13.41,39.73,0,2790
1520530400.502500,1,300,175,13.40,119.22,1,2801
1520530400.552501,1,300,180,13.26,43.21,0,2801
1520530400.602502,1,300,192,13.26,38.13,0,2801
1520530400.652504,1,300,205,13.09,115.42,1,2855
1520530400.702505,1,300,217,13.07,41.20,0,2855
1520530400.752291,1,300,215,10.76,38.43,0,2855
1520530400.802292,1,300,214,10.70,118.17,1,2919
1520530400.852294,1,300,229,10.54,43.38,0,2919
1520530400.902295,1,300,229,10.43,37.29,0,2919
1520530400.952297,1,300,223,10.36,115.24,1,2973
1520530401.002299,1,300,216,10.29,44.10,0,2973
1520530401.052300,1,300,212,10.32,37.99,0,2973
1520530401.102302,1,300,214,10.03,120.92,1,3040
1520530401.152303,1,300,196,10.04,40.23,0,3040
1520530401.202755,1,300,211,14.96,39.85,0,3040
1520530401.252756,1,300,205,15.18,124.18,1,3125
1520530401.302758,1,300,218,15.36,41.66,0,3125
1520530401.352759,1,300,216,15.97,46.22,0,3125
1520530401.402761,1,300,201,16.49,129.77,1,3191
1520530401.452763,1,300,195,17.05,46.43,0,3191
1520530401.502764,1,300,192,17.53,42.46,0,3191
1520530401.552766,1,300,195,18.11,119.78,1,3242
1520530401.603037,1,300,215,22.19,42.49,0,3242
1520530401.653039,1,300,212,22.85,38.27,0,3242
1520530401.703041,1,300,200,23.38,114.93,1,3243
1520530401.753042,1,300,207,23.96,35.07,0,3243
1520530401.803044,1,300,215,24.49,35.30,0,3243
1520530401.853045,1,300,217,25.02,116.65,1,3242
1520530401.903047,1,300,208,25.56,34.41,0,3242
1520530401.953048,1,300,213,25.85,35.28,0,3242
1520530402.002281,1,300,186,13.76,118.77,1,3236
1520530402.052283,1,300,186,13.72,40.43,0,3236
1520530402.102285,1,300,189,13.59,40.17,0,3236
1520530402.152286,1,300,182,13.38,132.09,1,3253
1520530402.202287,1,300,168,13.13,42.04,0,3253
1520530402.252289,1,300,159,13.04,42.75,0,3253
1520530402.302290,1,300,171,12.72,125.42,1,3261
1520530402.352292,1,300,158,12.62,39.32,0,3261
1520530402.402567,1,300,157,16.90,39.44,0,3261
1520530402.452569,1,300,123,16.84,136.22,1,3266
1520530402.502570,1,300,121,16.80,66.52,0,3266
1520530402.552572,1,300,118,16.93,78.43,0,3266
1520530402.602574,1,300,123,17.02,166.98,1,3239
1520530402.652672,1,300,123,17.30,62.03,0,3239
1520530402.702577,1,300,118,17.33,98.56,0,3239
1520530402.752578,1,300,125,17.37,208.23,1,3228
1520530402.803416,1,300,137,30.80,119.19,0,3228
1520530402.853417,1,300,135,30.07,55.43,0,3228
1520530402.903419,1,300,129,29.02,125.82,1,3207
1520530402.953420,1,300,138,27.80,48.93,0,3207
1520530403.003422,1,300,149,26.72,46.21,0,3207
1520530403.053424,1,300,151,25.74,127.77,1,3145
1520530403.103425,1,300,151,25.03,72.60,0,3145
1520530403.153427,1,300,164,24.55,51.72,0,3145
1520530403.202933,1,300,149,18.88,126.52,1,3120
1520530403.252935,1,300,150,19.19,40.70,0,3120
1520530403.302936,1,300,151,19.68,45.73,0,3120
1520530403.352938,1,300,149,20.14,154.75,1,3075
1520530403.402940,1,300,151,20.58,47.22,0,3075
1520530403.452941,1,300,157,21.11,56.52,0,3075
1520530403.502943,1,300,171,21.56,146.85,1,3101
1520530403.552945,1,300,175,22.09,48.98,0,3101
1520530403.602946,1,300,166,22.45,48.19,0,3101
1520530403.652254,1,300,156,12.15,133.90,1,3124
1520530403.702256,1,300,177,12.11,58.91,0,3124
1520530403.752257,1,300,176,11.98,50.89,0,3124
1520530403.802258,1,300,171,11.88,148.31,1,3184
1520530403.852261,1,300,172,11.78,54.28,0,3184
1520530403.902261,1,300,153,11.49,41.70,0,3184
1520530403.952263,1,300,155,11.38,140.28,1,3214
1520530404.002264,1,300,139,11.28,50.06,0,3214
1520530404.052744,1,300,176,19.14,45.63,0,3214
1520530404.102747,1,300,167,19.09,117.01,1,3247
1520530404.152748,1,300,149,19.13,35.61,0,3247
1520530404.202749,1,300,168,19.07,41.05,0,3247
1520530404.252828,1,300,178,19.23,113.59,1,3238
1520530404.302752,1,300,198,19.42,36.75,0,3238
1520530404.352753,1,300,204,19.81,35.96,0,3238
1520530404.402755,1,300,201,20.10,111.95,1,3240
1520530404.453112,1,300,214,26.54,35.28,0,3240
1520530404.503114,1,300,212,26.64,34.00,0,3240
1520530404.553115,1,300,225,26.74,113.88,1,3250
1520530404.603117,1,300,230,26.73,35.23,0,3250
1520530404.653119,1,300,235,26.63,35.04,0,3250
1520530404.703120,1,300,232,26.57,113.37,1,3218
1520530404.753122,1,300,231,26.52,35.02,0,3218
1520530404.803123,1,300,236,26.44,35.14,0,3218
1520530404.852642,1,300,212,18.61,117.13,1,3208
1520530404.902643,1,300,207,18.59,33.49,0,3208
1520530404.952645,1,300,194,18.80,33.57,0,3208
1520530405.002647,1,300,204,18.90,117.76,1,3163
1520530405.052648,1,300,204,19.02,36.43,0,3163
1520530405.102650,1,300,192,19.16,41.71,0,3163
1520530405.152651,1,300,192,19.29,115.63,1,3116
1520530405.202653,1,300,195,19.33,48.00,0,3116
1520530405.252327,1,300,169,13.51,70.00,0,3116
1520530405.302330,1,300,171,13.34,130.68,1,3074
1520530405.352331,1,300,159,13.32,63.86,0,3074
1520530405.402333,1,300,141,13.18,71.30,0,3074
1520530405.452334,1,300,149,13.11,156.26,1,3031
1520530405.502335,1,300,91,13.08,170.00,0,3031
1520530405.552337,1,300,97,12.76,120.91,0,3031
1520530405.602339,1,300,103,12.49,168.03,1,3000
1520530405.652792,1,300,105,20.39,141.72,0,3000
1520530405.702792,1,300,109,19.79,112.36,0,3000
1520530405.752795,1,300,105,19.23,212.36,1,2993
1520530405.802797,1,300,102,18.82,96.75,0,2993
1520530405.852855,1,300,103,18.38,107.73,0,2993
1520530405.902800,1,300,114,18.05,147.16,1,2934
1520530405.952801,1,300,132,17.85,82.33,0,2934
1520530406.002802,1,300,125,17.69,95.38,0,2934
1520530406.052804,1,300,137,17.68,138.45,1,2932
1520530406.103570,1,300,142,29.19,72.37,0,2932
1520530406.153571,1,300,151,29.07,153.81,0,2932
1520530406.203573,1,300,149,29.05,151.48,1,2922
1520530406.253574,1,300,160,29.16,58.19,0,2922
1520530406.303576,1,300,166,29.37,52.04,0,2922
1520530406.353577,1,300,163,29.65,123.68,1,2908
1520530406.403578,1,300,164,29.92,52.05,0,2908
1520530406.453581,1,300,161,30.32,53.06,0,2908
1520530406.503485,1,300,170,29.50,120.54,1,2925
1520530406.553487,1,300,171,30.32,50.62,0,2925
1520530406.603489,1,300,154,31.21,46.76,0,2925
1520530406.653490,1,300,171,32.31,126.70,1,2939
1520530406.703492,1,300,144,33.24,67.38,0,2939
1520530406.753493,1,300,151,34.14,69.78,0,2939
1520530406.803495,1,300,138,34.87,141.08,1,2928
1520530406.853497,1,300,118,35.33,88.34,0,2928
1520530406.902692,1,300,96,20.09,88.91,0,2928
1520530406.952693,1,300,95,19.99,214.03,1,2920
1520530407.002694,1,300,92,20.01,100.75,0,2920
1520530407.052696,1,300,80,19.95,142.95,0,2920
1520530407.102698,1,300,68,19.81,189.12,1,2865
1520530407.152699,1,300,82,19.47,151.63,0,2865
1520530407.202701,1,300,96,19.21,156.93,0,2865
1520530407.252702,1,300,118,18.63,168.44,1,2887
1520530407.303185,1,300,127,26.88,79.21,0,2887
1520530407.353185,1,300,139,26.02,63.14,0,2887
1520530407.403187,1,300,153,25.25,116.25,1,2929
1520530407.453221,1,300,157,24.71,67.00,0,2929
1520530407.503190,1,300,150,24.12,45.64,0,2929
1520530407.553191,1,300,173,23.82,110.33,1,2927
1520530407.603193,1,300,185,23.49,36.11,0,2927
1520530407.653194,1,300,208,23.33,36.45,0,2927
1520530407.703510,1,300,207,28.01,103.80,1,2928
1520530407.753511,1,300,205,27.94,36.05,0,2928
1520530407.803513,1,300,213,27.74,33.77,0,2928
1520530407.853514,1,300,200,27.48,103.07,1,2930
1520530407.903516,1,300,193,27.23,35.00,0,2930
1520530407.953518,1,300,213,26.85,35.82,0,2930
1520530408.003519,1,300,220,26.27,107.00,1,2961
1520530408.053521,1,300,220,25.63,37.14,0,2961
1520530408.103522,1,300,215,25.03,35.68,0,2961
1520530408.153603,1,300,208,25.46,106.95,1,2992
1520530408.203605,1,300,207,24.89,34.63,0,2992
1520530408.253606,1,300,222,24.43,33.26,0,2992
1520530408.303608,1,300,229,24.01,108.84,1,3031
1520530408.353609,1,300,238,23.64,33.64,0,3031
1520530408.403612,1,300,244,23.34,31.17,0,3031
1520530408.453613,1,300,241,23.09,103.58,1,3031
1520530408.503614,1,300,250,22.80,31.59,0,3031
1520530408.553374,1,300,245,19.96,33.28,0,3031
1520530408.603376,1,300,238,19.81,103.85,1,3037
1520530408.653377,1,300,246,19.71,32.60,0,3037
1520530408.703379,1,300,252,19.69,32.57,0,3037
1520530408.753380,1,300,253,19.65,102.88,1,3001
1520530408.803382,1,300,251,19.76,30.71,0,3001
1520530408.853383,1,300,249,19.74,31.42,0,3001
1520530408.903385,1,300,243,19.70,104.32,1,2985
1520530408.952878,1,300,236,14.31,40.61,0,2985
1520530409.002880,1,300,225,14.32,34.92,0,2985
1520530409.052890,1,300,234,14.31,113.40,1,3012
1520530409.102883,1,300,211,14.31,37.35,0,3012
1520530409.152884,1,300,201,14.42,38.32,0,3012
1520530409.202886,1,300,191,14.61,111.34,1,2996
1520530409.252887,1,300,183,14.64,43.73,0,2996
1520530409.302889,1,300,206,14.94,46.82,0,2996
1520530409.352902,1,300,183,15.32,117.00,1,2994
1520530409.402904,1,300,188,15.46,52.30,0,2994
1520530409.452906,1,300,200,15.61,42.23,0,2994
1520530409.502907,1,300,199,15.90,115.22,1,2988
1520530409.552909,1,300,207,16.19,40.28,0,2988
1520530409.602910,1,300,220,16.58,40.33,0,2988
1520530409.652912,1,300,223,17.02,114.74,1,3039
1520530409.702913,1,300,216,17.45,40.46,0,3039
1520530409.752654,1,300,210,14.06,39.18,0,3039
1520530409.802656,1,300,206,14.39,120.04,1,3077
1520530409.852657,1,300,195,14.54,41.60,0,3077
1520530409.902659,1,300,203,14.54,39.87,0,3077
1520530409.952660,1,300,191,14.24,114.70,1,3098
1520530410.002662,1,300,200,14.12,36.12,0,3098
1520530410.052664,1,300,191,14.08,36.95,0,3098
1520530410.102666,1,300,199,14.05,117.65,1,3093
1520530410.153222,1,300,179,22.62,34.85,0,3093
1520530410.203225,1,300,197,22.47,37.37,0,3093
1520530410.253226,1,300,192,22.35,121.51,1,3079
1520530410.303227,1,300,184,22.17,36.56,0,3079
1520530410.353231,1,300,182,21.98,38.06,0,3079
1520530410.403230,1,300,173,21.95,123.51,1,3044
1520530410.453231,1,300,174,21.99,40.67,0,3044
1520530410.503232,1,300,177,22.10,37.84,0,3044
1520530410.553234,1,300,169,22.38,129.31,1,3020
1520530410.603875,1,300,185,32.50,39.71,0,3020
1520530410.653876,1,300,172,33.03,36.10,0,3020
1520530410.703878,1,300,174,33.57,116.25,1,2983
1520530410.753879,1,300,177,33.91,37.60,0,2983
1520530410.803881,1,300,188,34.21,34.88,0,2983
1520530410.853882,1,300,188,34.52,121.24,1,2969
1520530410.903884,1,300,182,34.89,37.88,0,2969
1520530410.953885,1,300,190,35.08,36.88,0,2969
1520530411.003418,1,300,176,27.63,117.02,1,2964
1520530411.053420,1,300,191,27.62,37.29,0,2964
1520530411.103421,1,300,185,27.52,34.21,0,2964
1520530411.153423,1,300,202,27.36,117.78,1,3006
1520530411.203424,1,300,204,27.16,36.18,0,3006
1520530411.253426,1,300,207,26.96,32.07,0,3006
1520530411.303427,1,300,206,26.66,123.57,1,3012
1520530411.353429,1,300,211,26.42,34.24,0,3012
1520530411.403009,1,300,197,19.70,32.63,0,3012
1520530411.453010,1,300,206,19.55,124.20,1,2993
1520530411.503012,1,300,210,19.45,33.68,0,2993
1520530411.553013,1,300,217,19.34,34.94,0,2993
1520530411.603015,1,300,217,19.30,124.99,1,2981
1520530411.653017,1,300,223,19.21,33.21,0,2981
1520530411.703018,1,300,215,18.97,32.94,0,2981
1520530411.753020,1,300,208,18.63,163.07,1,2924
1520530411.802906,1,300,207,16.69,34.60,0,2924
1520530411.852907,1,300,193,16.40,36.79,0,2924
1520530411.902908,1,300,181,16.19,130.24,1,2902
1520530411.952911,1,300,191,15.88,44.23,0,2902
1520530412.002912,1,300,181,15.43,50.14,0,2902
1520530412.052913,1,300,180,15.17,139.19,1,2894
1520530412.102915,1,300,176,15.12,42.40,0,2894
1520530412.152916,1,300,178,14.90,45.83,0,2894
1520530412.203416,1,300,172,21.66,135.07,1,2905
1520530412.253417,1,300,170,21.68,39.71,0,2905
1520530412.303419,1,300,172,21.58,36.94,0,2905
1520530412.353420,1,300,187,21.34,128.22,1,2918
1520530412.403422,1,300,191,21.14,37.39,0,2918
1520530412.453423,1,300,189,20.64,34.09,0,2918
1520530412.503425,1,300,198,20.08,128.10,1,2920
1520530412.553426,1,300,191,19.64,36.25,0,2920
1520530412.603428,1,300,210,19.26,34.75,0,2920
1520530412.653630,1,300,221,21.34,124.62,1,2956
1520530412.703631,1,300,224,21.28,33.92,0,2956
1520530412.753633,1,300,221,21.31,35.07,0,2956
1520530412.803634,1,300,217,21.42,122.63,1,2962
1520530412.853636,1,300,233,21.49,37.39,0,2962
1520530412.903637,1,300,224,21.44,33.36,0,2962
1520530412.953639,1,300,220,21.41,124.54,1,2925
1520530413.003641,1,300,219,21.40,37.27,0,2925
1520530413.053009,1,300,205,14.67,48.87,0,2925
1520530413.103011,1,300,213,14.89,132.21,1,2928
1520530413.153012,1,300,207,15.23,42.98,0,2928
1520530413.203014,1,300,206,15.56,42.01,0,2928
1520530413.253016,1,300,199,16.07,133.87,1,2924
1520530413.303017,1,300,202,16.42,43.43,0,2924
1520530413.353019,1,300,211,16.73,47.00,0,2924
1520530413.403021,1,300,212,17.11,128.41,1,2948
1520530413.452940,1,300,204,16.12,42.46,0,2948
1520530413.502941,1,300,212,16.53,40.67,0,2948
1520530413.552943,1,300,216,16.72,127.40,1,2972
1520530413.602944,1,300,217,16.79,40.35,0,2972
1520530413.652946,1,300,210,16.70,36.10,0,2972
1520530413.702947,1,300,208,16.45,120.22,1,2942
1520530413.752949,1,300,216,16.41,35.86,0,2942
1520530413.802951,1,300,199,16.50,35.53,0,2942
1520530413.853107,1,300,206,18.91,124.96,1,2934
1520530413.903189,1,300,222,18.87,40.44,0,2934
1520530413.953110,1,300,215,18.80,34.42,0,2934
1520530414.003112,1,300,211,18.66,121.22,1,2949
1520530414.053113,1,300,216,18.42,39.03,0,2949
1520530414.103115,1,300,208,18.37,34.79,0,2949
1520530414.153116,1,300,209,18.25,123.54,1,2963
1520530414.203118,1,300,207,18.08,36.20,0,2963
1520530414.252894,1,300,200,15.07,36.22,0,2963
1520530414.302895,1,300,211,14.95,126.33,1,2978
1520530414.352898,1,300,196,14.87,34.30,0,2978
1520530414.402899,1,300,190,14.74,32.11,0,2978
1520530414.452900,1,300,207,14.64,125.88,1,2990
1520530414.502902,1,300,221,14.31,33.29,0,2990
1520530414.552903,1,300,214,14.14,31.69,0,2990
1520530414.602905,1,300,208,13.95,121.17,1,3000
1520530414.652705,1,300,206,11.17,38.02,0,3000
1520530414.702707,1,300,208,11.07,35.21,0,3000
1520530414.752708,1,300,211,10.90,124.16,1,3034
1520530414.802710,1,300,205,10.89,36.97,0,3034
1520530414.852712,1,300,204,10.89,34.54,0,3034
1520530414.902714,1,300,211,10.92,123.15,1,3054
1520530414.952715,1,300,203,10.96,37.36,0,3054
1520530415.002717,1,300,199,10.95,35.80,0,3054
1520530415.052718,1,300,201,11.08,122.70,1,3083
1520530415.103195,1,300,179,16.87,37.79,0,3083
1520530415.153197,1,300,180,16.94,34.39,0,3083
1520530415.203199,1,300,195,17.16,124.71,1,3111
1520530415.253200,1,300,165,17.20,33.16,0,3111
1520530415.303202,1,300,173,17.31,34.25,0,3111
1520530415.353203,1,300,174,17.51,122.38,1,3099
1520530415.403205,1,300,170,17.50,32.86,0,3099
1520530415.453206,1,300,170,17.59,33.18,0,3099
1520530415.503115,1,300,167,15.85,166.80,1,3093
1520530415.553069,1,300,156,15.81,34.07,0,3093
1520530415.603071,1,300,158,15.91,30.99,0,3093
1520530415.653072,1,300,151,15.85,154.88,1,3057
1520530415.703074,1,300,150,15.91,31.66,0,3057
1520530415.753075,1,300,139,15.86,32.41,0,3057
1520530415.803077,1,300,144,15.72,163.80,1,2974
1520530415.853079,1,300,135,15.74,32.18,0,2974
1520530415.903361,1,300,148,19.27,33.76,0,2974
1520530415.953363,1,300,138,19.21,177.40,1,2907
1520530416.003364,1,300,137,19.11,32.33,0,2907
1520530416.053366,1,300,147,19.03,30.05,0,2907
1520530416.103368,1,300,137,18.95,177.93,1,2849
1520530416.153369,1,300,136,18.97,29.04,0,2849
1520530416.203371,1,300,124,18.97,29.32,0,2849
1520530416.253372,1,300,142,18.99,149.61,1,2820
1520530416.303375,1,300,140,19.04,27.31,0,2820
1520530416.353376,1,300,141,19.04,27.10,0,2820
1520530416.403378,1,300,137,19.06,156.05,1,2787
1520530416.453380,1,300,146,19.20,28.15,0,2787
1520530416.503381,1,300,148,19.25,29.05,0,2787
1520530416.553383,1,300,141,19.28,123.23,1,2728
1520530416.603384,1,300,147,19.24,31.20,0,2728
1520530416.653386,1,300,157,19.29,31.69,0,2728
1520530416.703272,1,300,177,17.90,124.62,1,2680
1520530416.753274,1,300,168,17.90,33.04,0,2680
1520530416.803277,1,300,182,17.94,30.54,0,2680
1520530416.853277,1,300,193,17.97,129.70,1,2656
1520530416.903278,1,300,186,17.96,34.86,0,2656
1520530416.953280,1,300,194,18.06,31.68,0,2656
1520530417.003283,1,300,201,18.13,124.39,1,2588
1520530417.053283,1,300,193,18.45,30.54,0,2588
1520530417.103391,1,300,209,19.83,29.93,0,2588
1520530417.153371,1,300,214,20.05,173.81,1,2530
1520530417.203373,1,300,214,20.32,29.34,0,2530
1520530417.253374,1,300,208,20.64,30.14,0,2530
1520530417.303376,1,300,207,20.71,182.72,1,2472
1520530417.353378,1,300,208,20.82,29.09,0,2472
1520530417.403379,1,300,211,20.82,27.24,0,2472
1520530417.453381,1,300,214,20.75,190.73,1,2400
1520530417.503382,1,300,217,20.74,27.91,0,2400
1520530417.553464,1,300,207,21.87,27.05,0,2400
1520530417.603466,1,300,220,21.74,160.47,1,2334
1520530417.653467,1,300,218,21.51,28.84,0,2334
1520530417.703468,1,300,216,21.35,29.58,0,2334
1520530417.753470,1,300,224,21.12,134.60,1,2287
1520530417.803472,1,300,210,21.00,30.03,0,2287
1520530417.853473,1,300,225,20.87,31.48,0,2287
1520530417.903476,1,300,217,20.64,133.79,1,2236
1520530417.953456,1,300,226,20.12,33.14,0,2236
1520530418.003458,1,300,217,20.10,32.81,0,2236
1520530418.053458,1,300,218,19.97,137.62,1,2202
1520530418.103461,1,300,215,19.76,31.38,0,2202
1520530418.153462,1,300,219,19.69,33.46,0,2202
1520530418.203465,1,300,203,19.63,140.27,1,2155
1520530418.253466,1,300,208,19.57,33.01,0,2155
1520530418.303468,1,300,191,19.42,32.45,0,2155
1520530418.353431,1,300,205,19.04,141.39,1,2142
1520530418.403432,1,300,187,19.02,30.93,0,2142
1520530418.453434,1,300,199,19.02,29.81,0,2142
1520530418.503435,1,300,191,19.00,144.46,1,2097
1520530418.553437,1,300,196,19.02,30.19,0,2097
1520530418.603439,1,300,192,18.95,29.67,0,2097
1520530418.653440,1,300,198,18.97,148.18,1,2028
1520530418.703442,1,300,201,18.94,31.06,0,2028
1520530418.753343,1,300,185,17.67,33.02,0,2028
1520530418.803345,1,300,193,17.64,147.60,1,1969
1520530418.853346,1,300,196,17.63,33.09,0,1969
1520530418.903348,1,300,213,17.52,31.46,0,1969
1520530418.953350,1,300,212,17.62,149.31,1,1933
1520530419.003351,1,300,213,17.56,32.20,0,1933
1520530419.053353,1,300,218,17.61,32.67,0,1933
1520530419.103354,1,300,206,17.75,150.05,1,1904
1520530419.153533,1,300,224,20.20,33.35,0,1904
1520530419.203534,1,300,226,20.45,33.26,0,1904
1520530419.253536,1,300,213,20.60,148.90,1,1911
1520530419.303537,1,300,225,20.73,32.28,0,1911
1520530419.353539,1,300,220,20.83,33.33,0,1911
1520530419.403541,1,300,223,20.75,151.22,1,1931
1520530419.453542,1,300,210,20.75,29.89,0,1931
1520530419.503544,1,300,220,20.63,30.45,0,1931
1520530419.553545,1,300,218,20.69,147.35,1,1928
1520530419.603729,1,300,225,22.96,30.14,0,1928
1520530419.653731,1,300,222,22.89,28.64,0,1928
1520530419.703733,1,300,239,22.79,146.52,1,1936
1520530419.753734,1,300,229,22.85,29.20,0,1936
1520530419.803736,1,300,237,22.94,30.78,0,1936
1520530419.853739,1,300,232,22.67,149.55,1,1962
1520530419.903739,1,300,242,22.47,32.64,0,1962
1520530419.953740,1,300,237,22.21,32.06,0,1962
1520530420.003597,1,300,231,20.15,149.52,1,1980
1520530420.053598,1,300,230,19.92,31.08,0,1980
1520530420.103600,1,300,233,19.65,33.80,0,1980
1520530420.153602,1,300,215,19.42,155.54,1,2037
1520530420.203604,1,300,219,19.39,34.03,0,2037
1520530420.253605,1,300,205,19.42,35.24,0,2037
1520530420.303607,1,300,200,19.49,153.01,1,2064
1520530420.353608,1,300,205,19.59,33.08,0,2064
1520530420.403699,1,300,196,20.69,32.51,0,2064
1520530420.453700,1,300,195,20.80,151.98,1,2085
1520530420.503702,1,300,201,20.80,33.47,0,2085
1520530420.553704,1,300,201,20.73,31.67,0,2085
1520530420.603705,1,300,193,20.81,153.09,1,2093
1520530420.653707,1,300,184,20.81,29.80,0,2093
1520530420.703708,1,300,182,20.80,28.81,0,2093
1520530420.753710,1,300,176,20.83,152.55,1,2058
1520530420.803356,1,300,189,16.57,32.07,0,2058
1520530420.853358,1,300,187,16.61,36.03,0,2058
1520530420.903359,1,300,181,16.45,149.51,1,2046
1520530420.953361,1,300,191,16.39,33.67,0,2046
1520530421.003363,1,300,200,16.29,34.10,0,2046
1520530421.053364,1,300,197,16.09,154.23,1,2042
1520530421.103366,1,300,208,15.84,35.15,0,2042
1520530421.153367,1,300,212,15.72,32.31,0,2042
1520530421.203429,1,300,228,16.26,151.35,1,2079
1520530421.253431,1,300,224,16.20,33.02,0,2079
1520530421.303432,1,300,229,16.17,33.06,0,2079
1520530421.353434,1,300,219,16.12,147.83,1,2120
1520530421.403435,1,300,226,16.33,34.73,0,2120
1520530421.453437,1,300,235,16.47,36.93,0,2120
1520530421.503439,1,300,220,16.68,150.11,1,2185
1520530421.553440,1,300,230,16.96,37.40,0,2185
1520530421.603611,1,300,233,19.10,33.00,0,2185
1520530421.653613,1,300,241,19.20,154.10,1,2248
1520530421.703614,1,300,236,19.35,31.94,0,2248
1520530421.753616,1,300,228,19.29,33.56,0,2248
1520530421.803617,1,300,227,19.22,142.54,1,2265
1520530421.853618,1,300,226,19.13,30.40,0,2265
1520530421.903620,1,300,219,19.07,30.25,0,2265
1520530421.953693,1,300,227,18.94,142.23,1,2283
1520530422.003623,1,300,222,18.72,30.77,0,2283
1520530422.053472,1,300,233,16.87,32.62,0,2283
1520530422.103474,1,300,236,16.69,143.38,1,2301
1520530422.153476,1,300,224,16.52,32.89,0,2301
1520530422.203477,1,300,234,16.43,33.45,0,2301
1520530422.253479,1,300,226,16.18,146.70,1,2340
1520530422.303480,1,300,245,16.04,34.45,0,2340
1520530422.353482,1,300,218,15.91,33.99,0,2340
1520530422.403483,1,300,233,15.65,145.83,1,2410
1520530422.453394,1,300,215,14.68,37.62,0,2410
1520530422.503396,1,300,221,14.50,35.84,0,2410
1520530422.553397,1,300,233,14.56,141.33,1,2478
1520530422.603400,1,300,238,14.65,33.93,0,2478
1520530422.653401,1,300,233,14.82,32.72,0,2478
1520530422.703403,1,300,239,14.84,141.84,1,2532
1520530422.753404,1,300,241,15.04,32.53,0,2532
1520530422.803406,1,300,242,15.12,32.40,0,2532
1520530422.853580,1,300,235,17.11,138.77,1,2557
1520530422.903583,1,300,236,17.13,32.47,0,2557
1520530422.953585,1,300,229,17.13,29.99,0,2557
1520530423.003587,1,300,239,16.98,141.44,1,2552
1520530423.053587,1,300,232,16.97,32.66,0,2552
1520530423.103590,1,300,241,16.96,32.09,0,2552
1520530423.153590,1,300,235,17.04,139.40,1,2571
1520530423.203592,1,300,219,17.23,35.29,0,2571
1520530423.253316,1,300,227,14.36,40.77,0,2571
1520530423.303317,1,300,207,14.46,143.65,1,2607
1520530423.353319,1,300,208,14.62,41.76,0,2607
1520530423.403322,1,300,218,14.77,42.43,0,2607
1520530423.453322,1,300,190,14.86,144.80,1,2650
1520530423.503324,1,300,209,14.84,42.15,0,2650
1520530423.553359,1,300,215,14.86,36.44,0,2650
1520530423.603327,1,300,203,14.80,144.71,1,2727
1520530423.652983,1,300,197,11.04,39.71,0,2727
1520530423.702985,1,300,208,10.93,44.03,0,2727
1520530423.752986,1,300,218,10.66,141.66,1,2782
1520530423.802988,1,300,223,10.50,38.85,0,2782
1520530423.852990,1,300,211,10.28,41.56,0,2782
1520530423.902991,1,300,220,10.07,137.43,1,2825
1520530423.952993,1,300,230,9.92,35.38,0,2825
1520530424.002995,1,300,229,9.88,37.46,0,2825
1520530424.052950,1,300,208,9.47,141.50,1,2821
1520530424.103253,1,300,189,12.97,36.75,0,2821
1520530424.153255,1,300,184,13.05,41.13,0,2821
1520530424.203257,1,300,182,13.12,143.48,1,2810
1520530424.253258,1,300,186,13.17,35.61,0,2810
1520530424.303260,1,300,187,13.20,34.93,0,2810
1520530424.353261,1,300,208,13.21,135.87,1,2842
1520530424.403263,1,300,210,13.30,34.68,0,2842
1520530424.453264,1,300,215,13.13,36.22,0,2842
1520530424.504722,1,300,232,29.75,135.72,1,2915
1520530424.554724,1,300,236,29.71,31.80,0,2915
1520530424.604726,1,300,240,29.74,30.35,0,2915
1520530424.654727,1,300,241,29.77,133.19,1,2973
1520530424.704729,1,300,231,29.85,30.19,0,2973
1520530424.754730,1,300,254,29.89,28.89,0,2973
1520530424.804732,1,300,250,29.98,132.73,1,2975
1520530424.854733,1,300,241,30.10,29.80,0,2975
1520530424.903374,1,300,233,15.06,34.37,0,2975
1520530424.953377,1,300,222,15.07,137.30,1,3016
1520530425.003378,1,300,225,14.91,33.86,0,3016
1520530425.053379,1,300,214,14.93,32.89,0,3016
1520530425.103381,1,300,206,14.96,134.68,1,3018
1520530425.153383,1,300,210,15.01,32.73,0,3018
1520530425.203384,1,300,200,15.00,32.61,0,3018
1520530425.253385,1,300,197,14.95,140.22,1,2971
1520530425.303732,1,300,196,19.04,30.69,0,2971
1520530425.353734,1,300,194,19.03,30.51,0,2971
1520530425.403735,1,300,204,19.06,133.18,1,2926
1520530425.453737,1,300,202,19.20,30.56,0,2926
1520530425.503738,1,300,198,19.10,30.16,0,2926
1520530425.553740,1,300,191,19.17,132.01,1,2867
1520530425.603741,1,300,199,19.26,31.73,0,2867
1520530425.653743,1,300,201,19.33,31.57,0,2867
1520530425.703675,1,300,220,18.82,135.80,1,2855
1520530425.753677,1,300,224,19.14,32.44,0,2855
1520530425.803679,1,300,223,19.48,32.93,0,2855
1520530425.853680,1,300,215,20.07,137.13,1,2884
1520530425.903682,1,300,216,20.45,33.52,0,2884
1520530425.953682,1,300,219,20.75,31.14,0,2884
1520530426.003685,1,300,210,20.97,135.00,1,2888
1520530426.053685,1,300,207,20.88,29.06,0,2888
1520530426.103474,1,300,218,17.74,30.06,0,2888
1520530426.153475,1,300,224,17.40,133.79,1,2834
1520530426.203478,1,300,222,16.98,31.81,0,2834
1520530426.253478,1,300,221,16.61,31.48,0,2834
1520530426.303480,1,300,208,16.39,196.04,1,2802
1520530426.353482,1,300,184,16.25,31.11,0,2802
1520530426.403483,1,300,180,16.18,32.86,0,2802
1520530426.453484,1,300,171,16.08,137.10,1,2758
1520530426.503486,1,300,158,16.09,31.53,0,2758
1520530426.553551,1,300,149,16.69,30.97,0,2758
1520530426.603553,1,300,152,16.71,131.82,1,2715
1520530426.653554,1,300,173,16.72,30.04,0,2715
1520530426.703556,1,300,157,16.98,30.08,0,2715
1520530426.753558,1,300,186,17.01,140.49,1,2695
1520530426.803559,1,300,188,17.20,32.41,0,2695
1520530426.853560,1,300,195,17.37,31.53,0,2695
1520530426.903562,1,300,201,17.76,136.31,1,2737
1520530426.953598,1,300,194,18.58,32.61,0,2737
1520530427.003600,1,300,191,19.00,33.96,0,2737
1520530427.053602,1,300,198,19.22,138.80,1,2736
1520530427.103602,1,300,199,19.57,30.36,0,2736
1520530427.153605,1,300,192,19.82,28.93,0,2736
1520530427.203605,1,300,205,20.03,137.49,1,2699
1520530427.253608,1,300,211,20.36,30.71,0,2699
1520530427.303609,1,300,224,20.52,30.62,0,2699
1520530427.353592,1,300,226,20.34,142.33,1,2653
1520530427.403594,1,300,223,20.49,31.33,0,2653
1520530427.453595,1,300,227,20.62,31.17,0,2653
1520530427.503597,1,300,221,20.77,141.12,1,2608
1520530427.553598,1,300,222,20.75,30.30,0,2608
1520530427.603601,1,300,213,20.79,28.60,0,2608
1520530427.653601,1,300,229,20.72,158.77,1,2525
1520530427.703604,1,300,235,20.61,30.58,0,2525
1520530427.753678,1,300,243,21.63,31.24,0,2525
1520530427.803679,1,300,243,21.49,140.81,1,2460
1520530427.853681,1,300,244,21.37,30.88,0,2460
1520530427.903682,1,300,237,21.28,30.68,0,2460
1520530427.953684,1,300,216,20.98,135.38,1,2405
1520530428.003686,1,300,213,20.57,34.42,0,2405
1520530428.053687,1,300,186,20.19,35.51,0,2405
1520530428.103692,1,300,191,19.44,140.71,1,2415
1520530428.153535,1,300,189,17.01,39.27,0,2415
1520530428.203537,1,300,165,16.56,33.24,0,2415
1520530428.253538,1,300,161,16.36,136.70,1,2461
1520530428.303540,1,300,139,16.18,32.66,0,2461
1520530428.353542,1,300,132,16.14,33.42,0,2461
1520530428.403618,1,300,131,16.18,136.78,1,2453
1520530428.453544,1,300,115,16.17,34.86,0,2453
1520530428.503546,1,300,118,16.27,37.82,0,2453
1520530428.553451,1,300,141,14.97,141.81,1,2457
1520530428.603452,1,300,153,14.99,47.46,0,2457
1520530428.653454,1,300,148,15.02,52.29,0,2457
1520530428.703455,1,300,149,15.23,142.03,1,2494
1520530428.753457,1,300,140,15.53,49.53,0,2494
1520530428.803458,1,300,140,15.90,42.49,0,2494
1520530428.853460,1,300,132,16.25,148.20,1,2443
1520530428.903461,1,300,145,16.67,53.70,0,2443
1520530428.953463,1,300,143,17.26,62.62,0,2443
1520530429.003444,1,300,149,17.40,155.26,1,2459
1520530429.053445,1,300,150,17.91,49.18,0,2459
1520530429.103447,1,300,140,18.33,63.20,0,2459
1520530429.153448,1,300,144,18.91,167.08,1,2492
1520530429.203450,1,300,126,19.10,51.51,0,2492
1520530429.253451,1,300,136,19.43,42.02,0,2492
1520530429.303453,1,300,120,19.65,133.24,1,2514
1520530429.353455,1,300,110,19.69,54.31,0,2514
1520530429.403551,1,300,126,21.26,79.26,0,2514
1520530429.453553,1,300,138,21.07,194.51,1,2580
1520530429.503555,1,300,151,20.93,56.72,0,2580
1520530429.553556,1,300,160,20.88,48.94,0,2580
1520530429.603558,1,300,166,20.56,132.84,1,2647
1520530429.653558,1,300,176,20.34,52.02,0,2647
1520530429.703560,1,300,173,20.24,38.54,0,2647
1520530429.753561,1,300,186,20.17,125.94,1,2640
1520530429.803622,1,300,208,20.99,37.70,0,2640
1520530429.853626,1,300,196,20.97,36.48,0,2640
1520530429.903625,1,300,217,20.93,119.05,1,2679
1520530429.953626,1,300,228,20.82,34.00,0,2679
1520530430.003663,1,300,232,20.70,32.40,0,2679
1520530430.053629,1,300,222,20.58,116.82,1,2716
1520530430.103631,1,300,226,20.26,33.09,0,2716
1520530430.153632,1,300,194,19.87,32.80,0,2716
1520530430.203344,1,300,198,15.30,118.02,1,2739
1520530430.253346,1,300,208,14.92,36.94,0,2739
1520530430.303347,1,300,218,14.52,35.89,0,2739
1520530430.353349,1,300,212,14.12,118.83,1,2770
1520530430.403350,1,300,206,13.59,39.03,0,2770
1520530430.453352,1,300,207,13.07,39.36,0,2770
1520530430.503353,1,300,208,12.85,118.00,1,2842
1520530430.553355,1,300,215,12.35,38.24,0,2842
1520530430.603527,1,300,225,14.01,38.30,0,2842
1520530430.653528,1,300,215,13.73,113.79,1,2925
1520530430.703530,1,300,223,13.57,33.56,0,2925
1520530430.753532,1,300,228,13.50,33.01,0,2925
1520530430.803533,1,300,214,13.41,115.20,1,2943
1520530430.853534,1,300,214,13.42,35.65,0,2943
1520530430.903536,1,300,210,13.46,32.81,0,2943
1520530430.953538,1,300,207,13.65,110.43,1,2942
1520530431.003696,1,300,197,15.39,32.29,0,2942
1520530431.053698,1,300,184,15.43,34.21,0,2942
1520530431.103700,1,300,181,15.51,115.81,1,2911
1520530431.153701,1,300,163,15.63,41.63,0,2911
1520530431.203703,1,300,132,15.98,53.27,0,2911
1520530431.253704,1,300,128,16.30,138.00,1,2921
1520530431.303706,1,300,131,16.56,49.80,0,2921
1520530431.353708,1,300,108,16.84,65.32,0,2921
1520530431.403709,1,300,108,17.31,138.55,1,2932
1520530431.453562,1,300,114,15.85,51.87,0,2932
1520530431.503564,1,300,109,16.27,66.68,0,2932
1520530431.553565,1,300,127,16.79,150.36,1,2985
1520530431.603567,1,300,148,17.03,82.12,0,2985
1520530431.653568,1,300,165,17.43,63.25,0,2985
1520530431.703570,1,300,170,17.82,139.27,1,3065
1520530431.753571,1,300,182,17.95,48.54,0,3065
1520530431.803573,1,300,168,18.10,42.81,0,3065
1520530431.853524,1,300,178,17.45,123.16,1,3101
1520530431.903526,1,300,188,17.50,42.53,0,3101
1520530431.953527,1,300,194,17.75,49.74,0,3101
1520530432.003528,1,300,196,17.82,118.26,1,3102
1520530432.053531,1,300,189,17.99,40.06,0,3102
1520530432.103532,1,300,183,18.06,44.48,0,3102
1520530432.153533,1,300,189,18.22,114.58,1,3099
1520530432.203536,1,300,184,18.28,36.14,0,3099
1520530432.253696,1,300,191,21.15,38.44,0,3099
1520530432.303698,1,300,194,21.09,113.30,1,3098
1520530432.353700,1,300,200,20.83,34.15,0,3098
1520530432.403701,1,300,193,20.68,36.87,0,3098
1520530432.453702,1,300,203,20.34,108.77,1,3093
1520530432.503704,1,300,208,19.90,35.59,0,3093
1520530432.553705,1,300,207,19.27,34.28,0,3093
1520530432.603708,1,300,209,18.66,109.98,1,3116
1520530432.653548,1,300,196,15.76,35.55,0,3116
1520530432.703550,1,300,207,15.19,36.23,0,3116
1520530432.753551,1,300,191,14.58,117.24,1,3130
1520530432.803553,1,300,205,14.04,41.52,0,3130
1520530432.853554,1,300,188,13.75,42.45,0,3130
1520530432.903556,1,300,192,13.48,124.96,1,3184
1520530432.953557,1,300,201,13.17,51.45,0,3184
1520530433.003559,1,300,205,12.96,40.78,0,3184
1520530433.053690,1,300,210,14.24,114.75,1,3233
1520530433.103692,1,300,221,14.14,39.85,0,3233
1520530433.153693,1,300,220,13.99,37.58,0,3233
1520530433.203694,1,300,238,13.97,119.83,1,3280
1520530433.253695,1,300,237,13.94,35.25,0,3280
1520530433.303697,1,300,232,13.96,33.96,0,3280
1520530433.353699,1,300,224,14.03,116.48,1,3281
1520530433.403701,1,300,233,14.13,34.63,0,3281
1520530433.453702,1,300,234,14.31,34.21,0,3281
1520530433.503793,1,300,228,15.38,117.48,1,3275
1520530433.553795,1,300,223,15.61,33.01,0,3275
1520530433.603796,1,300,208,15.78,31.54,0,3275
1520530433.653798,1,300,199,16.01,119.54,1,3261
1520530433.703799,1,300,186,16.24,33.77,0,3261
1520530433.753802,1,300,179,16.52,33.88,0,3261
1520530433.803803,1,300,161,16.79,120.93,1,3234
1520530433.853804,1,300,159,16.84,35.78,0,3234
1520530433.903630,1,300,156,15.00,36.27,0,3234
1520530433.953632,1,300,147,15.27,113.57,1,3220
1520530434.003634,1,300,137,15.54,36.30,0,3220
1520530434.053635,1,300,135,15.75,41.61,0,3220
1520530434.103637,1,300,133,16.09,133.91,1,3167
1520530434.153638,1,300,152,16.26,45.04,0,3167
1520530434.203640,1,300,149,16.32,46.83,0,3167
1520530434.253642,1,300,180,16.49,134.65,1,3172
1520530434.303478,1,300,160,14.57,52.18,0,3172
1520530434.353481,1,300,142,14.75,47.68,0,3172
1520530434.403481,1,300,164,14.98,168.86,1,3159
1520530434.453483,1,300,165,15.28,69.16,0,3159
1520530434.503485,1,300,170,15.49,52.38,0,3159
1520530434.553486,1,300,146,15.65,120.20,1,3136
1520530434.603488,1,300,143,15.91,66.11,0,3136
1520530434.653489,1,300,159,16.02,90.79,0,3136
1520530434.703656,1,300,154,18.73,140.85,1,3157
1520530434.753658,1,300,163,18.84,54.94,0,3157
1520530434.803658,1,300,167,19.02,43.89,0,3157
1520530434.853723,1,300,167,18.99,119.64,1,3187
1520530434.903661,1,300,161,18.80,40.66,0,3187
1520530434.953662,1,300,155,18.60,44.38,0,3187
1520530435.003665,1,300,169,18.46,120.34,1,3188
1520530435.053667,1,300,174,18.42,39.89,0,3188
1520530435.103796,1,300,195,20.69,36.92,0,3188
1520530435.153798,1,300,208,20.70,115.52,1,3182
1520530435.203799,1,300,222,20.83,34.72,0,3182
1520530435.253802,1,300,232,20.66,32.54,0,3182
1520530435.303802,1,300,233,20.59,115.27,1,3188
1520530435.353804,1,300,223,20.49,32.05,0,3188
1520530435.403806,1,300,216,20.28,32.22,0,3188
1520530435.453807,1,300,214,19.95,115.07,1,3214
1520530435.504086,1,300,211,23.70,33.98,0,3214
1520530435.554088,1,300,211,23.18,34.38,0,3214
1520530435.604089,1,300,197,22.58,114.64,1,3246
1520530435.654091,1,300,211,21.87,33.68,0,3246
1520530435.704092,1,300,207,21.30,31.92,0,3246
1520530435.754094,1,300,218,20.80,116.23,1,3240
1520530435.804096,1,300,215,20.48,35.43,0,3240
1520530435.854097,1,300,210,20.17,33.31,0,3240
1520530435.904099,1,300,200,20.17,112.25,1,3211
1520530435.953835,1,300,189,16.72,35.45,0,3211
1520530436.003837,1,300,166,16.72,30.89,0,3211
1520530436.053838,1,300,156,16.65,119.75,1,3128
1520530436.103839,1,300,153,16.65,36.37,0,3128
1520530436.153841,1,300,129,16.68,36.47,0,3128
1520530436.203843,1,300,127,16.63,101.28,1,3085
1520530436.253844,1,300,114,16.63,34.64,0,3085
1520530436.303846,1,300,110,16.51,39.03,0,3085
1520530436.353955,1,300,113,17.96,113.95,1,3070
1520530436.403958,1,300,114,17.91,36.18,0,3070
1520530436.453978,1,300,104,17.85,33.37,0,3070
1520530436.503960,1,300,122,17.96,112.93,1,3037
1520530436.553962,1,300,115,18.01,32.79,0,3037
1520530436.603963,1,300,121,17.96,31.79,0,3037
1520530436.653965,1,300,122,18.04,116.57,1,2966
1520530436.703966,1,300,120,18.02,37.44,0,2966
1520530436.754031,1,300,118,18.69,43.03,0,2966
1520530436.804032,1,300,119,18.63,121.62,1,2888
1520530436.854034,1,300,123,18.48,49.48,0,2888
1520530436.904035,1,300,122,18.45,73.79,0,2888
1520530436.954037,1,300,116,18.43,135.58,1,2835
1520530437.004039,1,300,140,18.44,56.24,0,2835
1520530437.054040,1,300,146,18.42,46.49,0,2835
1520530437.104042,1,300,162,18.28,118.21,1,2833
1520530437.153533,1,300,168,12.41,36.58,0,2833
1520530437.203536,1,300,193,12.31,40.44,0,2833
1520530437.253536,1,300,202,12.25,114.21,1,2853
1520530437.303538,1,300,198,12.20,40.48,0,2853
1520530437.353539,1,300,211,12.13,36.72,0,2853
1520530437.403543,1,300,189,12.04,108.70,1,2874
1520530437.453544,1,300,184,12.25,42.41,0,2874
1520530437.503545,1,300,177,12.41,44.20,0,2874
1520530437.553870,1,300,198,17.05,119.63,1,2911
1520530437.603872,1,300,188,17.44,44.63,0,2911
1520530437.653873,1,300,197,17.84,37.61,0,2911
1520530437.703875,1,300,195,18.10,119.10,1,2947
1520530437.753876,1,300,193,18.42,39.45,0,2947
1520530437.803878,1,300,188,18.94,42.00,0,2947
1520530437.853879,1,300,199,19.58,114.66,1,2978
1520530437.903881,1,300,195,19.95,33.45,0,2978
1520530437.954482,1,300,223,29.28,32.96,0,2978
1520530438.004481,1,300,220,29.12,113.25,1,2973
1520530438.054484,1,300,217,29.10,31.21,0,2973
1520530438.104484,1,300,226,28.88,32.29,0,2973
1520530438.154486,1,300,221,28.31,110.71,1,2975
1520530438.204487,1,300,212,27.77,32.69,0,2975
1520530438.254489,1,300,212,27.26,31.70,0,2975
1520530438.304490,1,300,213,26.77,115.57,1,2942
1520530438.354492,1,300,219,26.18,33.74,0,2942
1520530438.403621,1,300,216,13.74,42.66,0,2942
1520530438.453623,1,300,212,13.24,125.43,1,2976
1520530438.503624,1,300,205,12.68,40.19,0,2976
1520530438.553626,1,300,203,12.19,45.19,0,2976
1520530438.603628,1,300,178,11.81,122.68,1,2989
1520530438.653629,1,300,196,11.56,47.85,0,2989
1520530438.703631,1,300,192,11.40,35.11,0,2989
1520530438.753632,1,300,190,11.36,115.10,1,2985
1520530438.804389,1,300,203,19.70,38.51,0,2985
1520530438.854392,1,300,223,19.66,32.47,0,2985
1520530438.904392,1,300,222,19.56,110.99,1,3000
1520530438.954394,1,300,226,19.59,33.09,0,3000
1520530439.004395,1,300,237,19.59,31.05,0,3000
1520530439.054397,1,300,229,19.70,107.67,1,3005
1520530439.104398,1,300,246,19.55,30.18,0,3005
1520530439.154401,1,300,239,19.52,29.51,0,3005
1520530439.204654,1,300,244,22.06,109.96,1,2978
1520530439.254655,1,300,249,21.86,30.07,0,2978
1520530439.304657,1,300,255,21.81,29.23,0,2978
1520530439.354659,1,300,253,21.82,111.20,1,2932
1520530439.404660,1,300,258,21.69,30.74,0,2932
1520530439.454661,1,300,250,21.64,29.10,0,2932
1520530439.504663,1,300,253,21.58,110.75,1,2860
1520530439.554665,1,300,261,21.49,29.34,0,2860
1520530439.604177,1,300,249,16.65,31.52,0,2860
1520530439.654178,1,300,244,16.68,110.60,1,2822
1520530439.704263,1,300,238,16.68,29.23,0,2822
1520530439.754182,1,300,248,16.75,29.77,0,2822
1520530439.804183,1,300,248,16.93,112.82,1,2764
1520530439.854185,1,300,239,16.89,30.23,0,2764
1520530439.904186,1,300,249,16.93,30.23,0,2764
1520530439.954188,1,300,235,17.04,112.58,1,2723
1520530440.004099,1,300,229,16.12,30.43,0,2723
1520530440.054101,1,300,213,16.25,30.46,0,2723
1520530440.104102,1,300,225,16.36,120.29,1,2713
1520530440.154104,1,300,205,16.40,30.72,0,2713
1520530440.204106,1,300,200,16.53,31.45,0,2713
1520530440.254107,1,300,202,16.59,119.30,1,2688
1520530440.304109,1,300,196,16.73,33.68,0,2688
1520530440.354110,1,300,184,16.81,30.59,0,2688
1520530440.404112,1,300,180,17.15,122.48,1,2714
1520530440.453977,1,300,174,15.73,34.16,0,2714
1520530440.503979,1,300,161,15.83,38.13,0,2714
1520530440.553980,1,300,161,16.00,125.26,1,2738
1520530440.603981,1,300,159,16.30,37.94,0,2738
1520530440.653984,1,300,153,16.52,38.14,0,2738
1520530440.703986,1,300,156,16.62,126.74,1,2753
1520530440.753987,1,300,155,16.90,35.77,0,2753
1520530440.803989,1,300,144,16.99,35.24,0,2753
1520530440.853871,1,300,148,15.68,124.18,1,2751
1520530440.903872,1,300,140,15.79,35.80,0,2751
1520530440.953874,1,300,156,15.79,34.68,0,2751
1520530441.003875,1,300,153,15.97,125.84,1,2771
1520530441.053876,1,300,142,16.13,40.29,0,2771
1520530441.103878,1,300,154,16.28,37.10,0,2771
1520530441.153883,1,300,148,16.36,151.68,1,2760
1520530441.203881,1,300,152,16.55,42.88,0,2760
1520530441.253889,1,300,161,16.77,49.56,0,2760
1520530441.303927,1,300,163,16.97,135.99,1,2726
1520530441.353892,1,300,162,17.16,43.13,0,2726
1520530441.403893,1,300,174,17.41,41.40,0,2726
1520530441.453895,1,300,161,17.36,135.29,1,2686
1520530441.503896,1,300,166,17.49,51.53,0,2686
1520530441.553898,1,300,168,17.50,42.16,0,2686
1520530441.603899,1,300,169,17.64,127.57,1,2646
1520530441.654083,1,300,173,20.37,35.34,0,2646
1520530441.704084,1,300,166,20.44,36.85,0,2646
1520530441.754086,1,300,173,20.59,126.75,1,2617
1520530441.804088,1,300,171,20.77,34.94,0,2617
1520530441.854089,1,300,183,20.81,36.65,0,2617
1520530441.904091,1,300,166,20.85,125.82,1,2650
1520530441.954092,1,300,170,20.88,41.12,0,2650
1520530442.004094,1,300,165,20.87,40.18,0,2650
1520530442.054029,1,300,162,19.88,126.55,1,2650
1520530442.104032,1,300,175,19.93,43.50,0,2650
1520530442.154034,1,300,161,19.75,46.39,0,2650
1520530442.204035,1,300,164,19.60,139.12,1,2631
1520530442.254038,1,300,172,19.42,42.24,0,2631
1520530442.304038,1,300,163,19.18,47.42,0,2631
1520530442.354040,1,300,160,18.83,139.79,1,2569
1520530442.404042,1,300,158,18.69,52.81,0,2569
1520530442.453714,1,300,135,14.12,57.90,0,2569
1520530442.503716,1,300,147,13.99,138.77,1,2509
1520530442.553716,1,300,134,13.79,62.99,0,2509
1520530442.603719,1,300,122,13.42,61.68,0,2509
1520530442.653721,1,300,111,13.20,125.39,1,2479
1520530442.703722,1,300,88,13.04,54.88,0,2479
1520530442.753723,1,300,93,12.84,55.93,0,2479
1520530442.803725,1,300,92,12.58,149.71,1,2457
1520530442.853726,1,300,115,12.51,56.76,0,2457
1520530442.904376,1,300,124,20.65,46.80,0,2457
1520530442.954377,1,300,150,20.38,132.27,1,2507
1520530443.004380,1,300,152,20.05,39.43,0,2507
1520530443.054381,1,300,154,19.79,41.93,0,2507
1520530443.104383,1,300,158,19.58,135.00,1,2562
1520530443.154384,1,300,172,19.43,34.13,0,2562
1520530443.204385,1,300,164,19.35,32.18,0,2562
1520530443.254387,1,300,174,19.21,115.22,1,2588
1520530443.304466,1,300,174,20.03,31.99,0,2588
1520530443.354468,1,300,183,19.97,31.39,0,2588
1520530443.404470,1,300,187,19.98,112.35,1,2582
1520530443.454471,1,300,177,20.09,32.39,0,2582
1520530443.504473,1,300,177,20.16,35.27,0,2582
1520530443.554475,1,300,176,20.28,116.29,1,2584
1520530443.604476,1,300,160,20.49,36.18,0,2584
1520530443.654478,1,300,168,20.70,36.52,0,2584
1520530443.704013,1,300,136,15.32,117.15,1,2584
1520530443.754014,1,300,140,15.53,39.42,0,2584
1520530443.804016,1,300,142,15.64,42.11,0,2584
1520530443.854018,1,300,122,15.77,156.30,1,2575
1520530443.904020,1,300,131,16.00,49.88,0,2575
1520530443.954022,1,300,122,16.17,52.80,0,2575
1520530444.004023,1,300,125,16.32,165.15,1,2589
1520530444.054024,1,300,126,16.34,53.33,0,2589
1520530444.104403,1,300,156,21.48,45.64,0,2589
1520530444.154404,1,300,143,21.48,160.47,1,2594
1520530444.204406,1,300,135,21.38,58.70,0,2594
1520530444.254406,1,300,126,21.46,46.22,0,2594
1520530444.304409,1,300,137,21.53,157.39,1,2587
1520530444.354410,1,300,124,21.57,49.68,0,2587
1520530444.404411,1,300,133,21.53,94.39,0,2587
1520530444.454414,1,300,115,21.60,188.28,1,2565
1520530444.505162,1,300,117,32.76,82.21,0,2565
1520530444.555264,1,300,122,32.93,110.59,0,2565
1520530444.605164,1,300,122,33.34,170.85,1,2570
1520530444.655166,1,300,117,33.60,73.78,0,2570
1520530444.705167,1,300,108,33.98,66.92,0,2570
1520530444.755169,1,300,103,34.41,185.08,1,2535
1520530444.805171,1,300,113,35.10,76.19,0,2535
1520530444.855172,1,300,106,35.85,60.74,0,2535
1520530444.905173,1,300,107,36.69,168.06,1,2530
1520530444.954962,1,300,122,33.90,66.11,0,2530
1520530445.004964,1,300,112,34.19,50.70,0,2530
1520530445.054965,1,300,124,34.28,158.86,1,2513
1520530445.104967,1,300,150,33.94,57.43,0,2513
1520530445.154968,1,300,152,33.43,56.19,0,2513
1520530445.204970,1,300,159,32.67,158.13,1,2535
1520530445.254972,1,300,160,31.91,66.59,0,2535
1520530445.304973,1,300,143,31.26,52.56,0,2535
1520530445.353892,1,300,150,15.27,145.02,1,2557
1520530445.403894,1,300,147,14.92,44.90,0,2557
1520530445.453896,1,300,151,14.55,38.53,0,2557
1520530445.503898,1,300,151,14.26,141.83,1,2558
1520530445.553899,1,300,145,14.02,45.13,0,2558
1520530445.603900,1,300,150,13.82,35.81,0,2558
1520530445.653902,1,300,128,13.64,146.05,1,2535
1520530445.703904,1,300,135,13.41,44.08,0,2535
1520530445.753751,1,300,118,11.34,44.50,0,2535
1520530445.803752,1,300,116,11.35,146.38,1,2508
1520530445.853755,1,300,118,11.15,56.58,0,2508
1520530445.903755,1,300,134,11.06,53.07,0,2508
1520530445.953756,1,300,127,10.97,145.55,1,2475
1520530446.003759,1,300,149,10.99,48.40,0,2475
1520530446.053761,1,300,147,11.09,44.91,0,2475
1520530446.103762,1,300,176,11.11,144.59,1,2481
1520530446.154954,1,300,198,26.29,43.00,0,2481
1520530446.204900,1,300,223,26.26,36.67,0,2481
1520530446.254902,1,300,233,26.18,134.51,1,2533
1520530446.304903,1,300,224,25.88,34.69,0,2533
1520530446.354905,1,300,223,25.46,30.35,0,2533
1520530446.404906,1,300,230,25.07,133.69,1,2516
1520530446.454908,1,300,233,24.72,32.87,0,2516
1520530446.504909,1,300,233,24.47,30.93,0,2516
1520530446.554783,1,300,233,22.65,139.26,1,2492
1520530446.604785,1,300,237,22.37,33.59,0,2492
1520530446.654786,1,300,246,22.19,33.67,0,2492
1520530446.704788,1,300,237,22.02,138.66,1,2511
1520530446.754789,1,300,219,21.94,33.60,0,2511
1520530446.804791,1,300,221,21.96,30.65,0,2511
1520530446.854792,1,300,225,21.92,102.81,1,2519
1520530446.904794,1,300,219,22.11,32.33,0,2519
1520530446.954330,1,300,195,17.11,35.16,0,2519
1520530447.004332,1,300,190,17.30,108.89,1,2505
1520530447.054334,1,300,181,17.42,34.26,0,2505
1520530447.104335,1,300,166,17.64,35.52,0,2505
1520530447.154337,1,300,155,17.89,104.59,1,2512
1520530447.204338,1,300,147,18.06,36.20,0,2512
1520530447.254340,1,300,149,18.17,35.73,0,2512
1520530447.304342,1,300,154,18.38,105.77,1,2551
1520530447.354343,1,300,158,18.59,38.35,0,2551
1520530447.404124,1,300,134,15.87,36.00,0,2551
1520530447.454125,1,300,163,15.97,106.04,1,2578
1520530447.504127,1,300,145,16.23,37.07,0,2578
1520530447.554128,1,300,142,16.31,38.80,0,2578
1520530447.604130,1,300,159,16.39,116.37,1,2571
1520530447.654131,1,300,154,16.47,45.90,0,2571
1520530447.704133,1,300,145,16.51,35.92,0,2571
1520530447.754142,1,300,147,16.57,115.45,1,2581
1520530447.804072,1,300,153,15.75,41.98,0,2581
1520530447.854074,1,300,156,15.87,38.63,0,2581
1520530447.904075,1,300,153,15.75,108.11,1,2586
1520530447.954077,1,300,149,15.76,39.37,0,2586
1520530448.004078,1,300,158,15.78,36.23,0,2586
1520530448.054080,1,300,150,15.80,107.65,1,2579
1520530448.104081,1,300,146,15.81,34.37,0,2579
1520530448.154083,1,300,142,15.87,37.86,0,2579
1520530448.203885,1,300,156,13.10,116.28,1,2573
1520530448.253886,1,300,146,13.25,43.38,0,2573
1520530448.303888,1,300,153,13.21,39.44,0,2573
1520530448.353889,1,300,147,13.20,109.11,1,2549
1520530448.403891,1,300,130,13.18,38.54,0,2549
1520530448.453892,1,300,154,13.14,38.50,0,2549
1520530448.503894,1,300,142,13.18,111.86,1,2533
1520530448.553895,1,300,153,13.11,39.76,0,2533
1520530448.603930,1,300,153,13.64,37.08,0,2533
1520530448.653932,1,300,158,13.58,110.12,1,2525
1520530448.703934,1,300,161,13.64,33.85,0,2525
1520530448.753935,1,300,155,13.64,34.26,0,2525
1520530448.803937,1,300,138,13.73,109.67,1,2509
1520530448.853939,1,300,151,13.70,34.80,0,2509
1520530448.903940,1,300,150,13.68,37.34,0,2509
1520530448.953942,1,300,150,13.69,110.56,1,2523
1520530449.003905,1,300,143,13.14,31.91,0,2523
1520530449.053906,1,300,146,13.21,36.74,0,2523
1520530449.103908,1,300,143,13.19,113.59,1,2518
1520530449.153910,1,300,166,13.13,35.50,0,2518
1520530449.203911,1,300,156,13.20,35.98,0,2518
