t,tracked,n_obs0,n_obs1,mean0,ms,keyframe,n_landmarks
1649764528.073054,0,0,0,60.45,2.91,0,0
1649764528.098053,0,0,0,60.45,2.54,0,0
1649764528.123050,0,0,0,60.56,2.49,0,0
1649764528.148048,0,0,0,60.57,2.73,0,0
1649764528.173045,0,0,0,60.47,2.49,0,0
1649764528.198042,0,0,0,60.46,2.43,0,0
1649764528.223039,0,0,0,60.56,2.46,0,0
1649764528.248037,0,0,0,60.58,2.47,0,0
1649764528.273034,0,0,0,60.45,2.46,0,0
1649764528.298031,0,0,0,60.46,2.58,0,0
1649764528.323029,0,0,0,60.54,2.46,0,0
1649764528.348026,0,0,0,60.55,2.48,0,0
1649764528.373023,0,0,0,60.43,2.50,0,0
1649764528.398021,0,0,0,60.43,2.42,0,0
1649764528.423018,0,0,0,60.53,2.44,0,0
1649764528.448015,0,0,0,60.54,2.46,0,0
1649764528.473012,0,0,0,60.41,2.47,0,0
1649764528.498010,0,0,0,60.43,2.41,0,0
1649764528.523007,0,0,0,60.53,2.53,0,0
1649764528.548005,0,0,0,60.55,2.63,0,0
1649764528.573002,0,0,0,60.41,2.71,0,0
1649764528.597999,0,0,0,60.42,2.44,0,0
1649764528.622997,0,0,0,60.51,2.54,0,0
1649764528.647994,0,0,0,60.53,2.46,0,0
1649764528.672991,0,0,0,60.42,2.46,0,0
1649764528.697988,0,0,0,60.42,2.48,0,0
1649764528.722986,0,0,0,60.50,2.46,0,0
1649764528.747983,0,0,0,60.53,2.49,0,0
1649764528.772980,0,0,0,60.42,2.44,0,0
1649764528.797978,0,0,0,60.43,2.42,0,0
1649764528.822975,0,0,0,60.51,2.46,0,0
1649764528.847972,0,0,0,60.55,2.48,0,0
1649764528.872969,0,0,0,60.42,2.48,0,0
1649764528.897967,0,0,0,60.45,2.44,0,0
1649764528.922964,0,0,0,60.51,2.48,0,0
1649764528.947961,0,0,0,60.52,2.45,0,0
1649764528.972959,1,177,89,60.41,40.22,1,88
1649764528.997956,1,300,108,60.46,49.05,0,88
1649764529.022953,1,300,111,60.54,51.08,0,88
1649764529.047951,1,300,113,60.55,51.40,0,88
1649764529.072948,1,300,114,60.43,51.17,0,88
1649764529.097945,1,300,111,60.46,46.39,0,88
1649764529.122942,1,300,113,60.54,54.57,1,179
1649764529.147940,1,300,116,60.55,51.39,0,179
1649764529.172937,1,300,116,60.44,47.06,0,179
1649764529.197934,1,300,112,60.48,46.84,0,179
1649764529.222932,1,300,114,60.53,46.75,0,179
1649764529.247929,1,300,112,60.54,51.36,0,179
1649764529.272927,1,300,113,60.42,60.82,1,190
1649764529.297924,1,300,115,60.49,47.16,0,190
1649764529.322921,1,300,113,60.53,46.97,0,190
1649764529.347918,1,300,114,60.55,46.96,0,190
1649764529.372916,1,300,114,60.46,46.89,0,190
1649764529.397913,1,300,115,60.50,46.90,0,190
1649764529.422910,1,300,116,60.56,64.16,1,195
1649764529.447908,1,300,112,60.56,47.19,0,195
1649764529.472905,1,300,113,60.43,47.00,0,195
1649764529.497902,1,300,116,60.48,47.38,0,195
1649764529.522899,1,300,113,60.56,46.80,0,195
1649764529.547897,1,300,113,60.56,46.67,0,195
1649764529.572894,1,300,113,60.44,64.51,1,193
1649764529.597891,1,300,113,60.50,46.93,0,193
1649764529.622889,1,300,115,60.55,46.89,0,193
1649764529.647886,1,300,113,60.56,46.88,0,193
1649764529.672883,1,300,112,60.42,46.83,0,193
1649764529.697881,1,300,114,60.48,46.93,0,193
1649764529.722878,1,300,112,60.54,63.17,1,184
1649764529.747875,1,300,113,60.54,46.40,0,184
1649764529.772872,1,300,114,60.43,47.18,0,184
1649764529.797870,1,300,113,60.48,46.86,0,184
1649764529.822867,1,300,114,60.53,47.15,0,184
1649764529.847864,1,300,117,60.52,46.99,0,184
1649764529.872862,1,300,113,60.40,64.38,1,217
1649764529.897859,1,300,115,60.48,46.98,0,217
1649764529.922856,1,300,114,60.53,46.79,0,217
1649764529.947854,1,300,115,60.54,47.44,0,217
1649764529.972851,1,300,116,60.40,46.91,0,217
1649764529.997848,1,300,115,60.48,46.94,0,217
1649764530.022846,1,300,115,60.53,76.04,1,251
1649764530.047843,1,300,113,60.53,47.25,0,251
1649764530.072840,1,300,115,60.40,47.13,0,251
1649764530.097838,1,300,115,60.48,46.82,0,251
1649764530.122835,1,300,114,60.53,46.84,0,251
1649764530.147832,1,300,115,60.53,46.51,0,251
1649764530.172829,1,300,115,60.39,80.98,1,247
1649764530.197827,1,300,113,60.50,46.78,0,247
1649764530.222824,1,300,113,60.54,46.78,0,247
1649764530.247821,1,300,115,60.51,47.21,0,247
1649764530.272819,1,300,116,60.40,46.47,0,247
1649764530.297816,1,300,114,60.47,46.96,0,247
1649764530.322814,1,300,113,60.49,78.77,1,249
1649764530.347811,1,300,116,60.48,47.47,0,249
1649764530.372808,1,300,115,60.35,46.77,0,249
1649764530.397805,1,300,115,60.46,47.37,0,249
1649764530.422802,1,300,115,60.47,47.09,0,249
1649764530.447800,1,300,113,60.47,46.93,0,249
1649764530.472797,1,300,116,60.35,76.28,1,249
1649764530.497794,1,300,115,60.45,47.19,0,249
1649764530.522792,1,300,115,60.49,47.08,0,249
1649764530.547789,1,300,113,60.49,47.15,0,249
1649764530.572786,1,300,112,60.36,47.01,0,249
1649764530.597784,1,300,116,60.46,47.11,0,249
1649764530.622781,1,300,116,60.49,78.80,1,262
1649764530.647778,1,300,116,60.50,47.25,0,262
1649764530.672776,1,300,114,60.37,47.17,0,262
1649764530.697773,1,300,115,60.47,47.52,0,262
1649764530.722770,1,300,115,60.51,47.24,0,262
1649764530.747767,1,300,114,60.50,47.33,0,262
1649764530.772765,1,300,114,60.38,83.34,1,240
1649764530.797762,1,300,114,60.49,47.20,0,240
1649764530.822759,1,300,116,60.51,47.54,0,240
1649764530.847757,1,300,114,60.48,46.97,0,240
1649764530.872754,1,300,114,60.36,47.34,0,240
1649764530.897751,1,300,113,60.49,47.07,0,240
1649764530.922749,1,300,118,60.51,86.61,1,228
1649764530.947746,1,300,116,60.48,46.95,0,228
1649764530.972743,1,300,120,60.36,47.17,0,228
1649764530.997741,1,300,117,60.48,47.19,0,228
1649764531.022738,1,300,117,60.51,47.81,0,228
1649764531.047735,1,300,114,60.48,46.85,0,228
1649764531.072732,1,300,114,60.37,91.57,1,224
1649764531.097730,1,300,115,60.48,47.18,0,224
1649764531.122727,1,300,115,60.51,47.01,0,224
1649764531.147724,1,300,116,60.48,46.90,0,224
1649764531.172722,1,300,117,60.37,47.07,0,224
1649764531.197719,1,300,114,60.48,47.06,0,224
1649764531.222716,1,300,115,60.50,95.36,1,222
1649764531.247714,1,300,113,60.46,47.38,0,222
1649764531.272711,1,300,113,60.37,47.19,0,222
1649764531.297708,1,300,114,60.47,47.01,0,222
1649764531.322706,1,300,116,60.51,48.08,0,222
1649764531.347703,1,300,115,60.46,46.85,0,222
1649764531.372700,1,300,114,60.35,100.75,1,211
1649764531.397697,1,300,115,60.46,47.41,0,211
1649764531.422695,1,300,113,60.49,47.55,0,211
1649764531.447692,1,300,114,60.45,46.82,0,211
1649764531.472689,1,300,115,60.34,47.25,0,211
1649764531.497687,1,300,113,60.46,46.85,0,211
1649764531.522684,1,300,115,60.51,108.76,1,217
1649764531.547681,1,300,114,60.45,47.06,0,217
1649764531.572679,1,300,115,60.34,47.43,0,217
1649764531.597676,1,300,115,60.46,46.98,0,217
1649764531.622673,1,300,117,60.49,47.56,0,217
1649764531.647671,1,300,113,60.44,46.95,0,217
1649764531.672668,1,300,116,60.34,109.53,1,213
1649764531.697665,1,300,115,60.47,47.39,0,213
1649764531.722662,1,300,115,60.50,47.19,0,213
1649764531.747659,1,300,115,60.44,47.10,0,213
1649764531.772657,1,300,117,60.34,47.31,0,213
1649764531.797654,1,300,113,60.45,47.26,0,213
1649764531.822652,1,300,114,60.49,114.39,1,215
1649764531.847649,1,300,117,60.42,47.36,0,215
1649764531.872646,1,300,117,60.34,47.40,0,215
1649764531.897644,1,300,117,60.45,47.00,0,215
1649764531.922641,1,300,115,60.48,47.40,0,215
1649764531.947638,1,300,114,60.41,46.93,0,215
1649764531.972636,1,300,115,60.32,122.59,1,213
1649764531.997633,1,300,117,60.45,47.42,0,213
1649764532.022630,1,300,115,60.49,47.25,0,213
1649764532.047627,1,300,115,60.41,47.17,0,213
1649764532.072625,1,300,117,60.32,47.84,0,213
1649764532.097619,1,300,117,60.44,47.37,0,213
1649764532.122616,1,300,115,60.48,130.55,1,219
1649764532.147614,1,300,114,60.42,47.47,0,219
1649764532.172611,1,300,116,60.31,47.48,0,219
1649764532.197608,1,300,117,60.42,47.62,0,219
1649764532.222605,1,300,116,60.49,47.30,0,219
1649764532.247603,1,300,117,60.40,47.63,0,219
1649764532.272600,1,300,116,60.31,139.26,1,226
1649764532.297597,1,300,115,60.41,47.97,0,226
1649764532.322595,1,300,114,60.47,51.90,0,226
1649764532.347592,1,300,116,60.40,47.56,0,226
1649764532.372589,1,300,116,60.31,47.58,0,226
1649764532.397587,1,300,117,60.44,47.45,0,226
1649764532.422584,1,300,117,60.52,183.16,1,265
1649764532.447581,1,300,118,60.45,47.38,0,265
1649764532.472578,1,300,118,60.39,47.94,0,265
1649764532.497576,1,300,113,60.50,47.28,0,265
1649764532.522573,1,300,119,60.54,47.11,0,265
1649764532.547570,1,300,117,60.48,47.33,0,265
1649764532.572568,1,300,116,60.39,186.15,1,230
1649764532.597565,1,300,117,60.51,47.25,0,230
1649764532.622562,1,300,115,60.54,48.08,0,230
1649764532.647559,1,300,116,60.45,47.09,0,230
1649764532.672557,1,300,114,60.35,47.40,0,230
1649764532.697554,1,300,117,60.49,47.45,0,230
1649764532.722551,1,300,115,60.51,153.50,1,228
1649764532.747549,1,300,117,60.42,47.16,0,228
1649764532.772546,1,300,115,60.32,47.07,0,228
1649764532.797544,1,300,116,60.44,47.01,0,228
1649764532.822541,1,300,116,60.44,47.36,0,228
1649764532.847538,1,300,116,60.32,47.23,0,228
1649764532.872535,1,300,117,60.23,212.18,1,244
1649764532.897532,1,300,117,60.32,48.13,0,244
1649764532.922530,1,300,115,60.36,47.53,0,244
1649764532.947527,1,300,116,60.26,47.44,0,244
1649764532.972524,1,300,117,60.21,47.75,0,244
1649764532.997521,1,300,115,60.33,46.71,0,244
1649764533.022519,1,300,115,60.36,207.63,1,251
1649764533.047516,1,300,115,60.25,46.94,0,251
1649764533.072514,1,300,117,60.18,47.01,0,251
1649764533.097511,1,300,118,60.26,47.25,0,251
1649764533.122508,1,300,117,60.28,46.76,0,251
1649764533.147506,1,300,116,60.14,46.95,0,251
1649764533.172503,1,300,116,60.11,124.45,1,199
1649764533.197500,1,300,115,60.18,47.18,0,199
1649764533.222497,1,300,114,60.23,47.03,0,199
1649764533.247494,1,300,120,60.13,47.17,0,199
1649764533.272492,1,300,116,60.10,47.14,0,199
1649764533.297489,1,300,115,60.20,46.57,0,199
1649764533.322486,1,300,114,60.27,86.14,1,174
1649764533.347484,1,300,115,60.17,47.34,0,174
1649764533.372481,1,300,115,60.12,47.28,0,174
1649764533.397478,1,300,117,60.23,47.62,0,174
1649764533.422476,1,300,115,60.27,47.14,0,174
1649764533.447473,1,300,114,60.14,47.25,0,174
1649764533.472470,1,300,115,60.10,100.78,1,193
1649764533.497467,1,300,116,60.19,47.62,0,193
1649764533.522465,1,300,116,60.22,47.54,0,193
1649764533.547462,1,300,115,60.11,47.70,0,193
1649764533.572459,1,300,117,60.07,48.54,0,193
1649764533.597457,1,300,113,60.17,52.94,0,193
1649764533.622454,1,300,114,60.19,80.56,1,175
1649764533.647451,1,300,113,60.07,47.21,0,175
1649764533.672448,1,300,115,60.05,47.71,0,175
1649764533.697446,1,300,116,60.14,47.16,0,175
1649764533.722443,1,300,117,60.16,47.33,0,175
1649764533.747440,1,300,114,60.06,47.08,0,175
1649764533.772438,1,300,115,60.01,87.81,1,199
1649764533.797435,1,300,114,60.10,47.05,0,199
1649764533.822432,1,300,114,60.14,47.47,0,199
1649764533.847429,1,300,114,60.02,47.28,0,199
1649764533.872427,1,300,115,60.00,47.20,0,199
1649764533.897424,1,300,117,60.09,47.00,0,199
1649764533.922421,1,300,117,60.10,91.72,1,207
1649764533.947419,1,300,117,59.98,47.36,0,207
1649764533.972416,1,300,116,59.93,52.45,0,207
1649764533.997413,1,300,110,59.67,53.29,0,207
1649764534.022410,1,300,113,59.02,53.19,0,207
1649764534.047408,1,300,112,58.40,53.92,0,207
1649764534.072405,1,300,114,58.26,84.60,1,224
1649764534.097402,1,273,119,58.46,51.02,0,224
1649764534.122400,1,255,113,58.74,47.91,0,224
1649764534.147397,1,266,112,58.93,47.94,0,224
1649764534.172394,1,255,114,59.24,48.83,0,224
1649764534.197391,1,263,122,59.57,48.93,0,224
1649764534.222389,1,300,136,59.65,103.35,1,278
1649764534.247386,1,300,135,59.35,54.75,0,278
1649764534.272383,1,300,138,59.20,55.01,0,278
1649764534.297381,1,300,149,59.23,55.25,0,278
1649764534.322378,1,300,146,59.31,56.18,0,278
1649764534.347375,1,300,147,59.38,54.50,0,278
1649764534.372372,1,250,127,59.82,112.49,1,306
1649764534.397370,1,238,135,60.37,45.20,0,306
1649764534.422367,1,235,135,60.96,43.57,0,306
1649764534.447364,1,289,161,61.48,50.70,0,306
1649764534.472362,1,289,165,62.20,52.23,0,306
1649764534.497359,1,300,168,63.04,53.45,0,306
1649764534.522356,1,300,155,63.91,91.20,1,384
1649764534.547354,1,300,155,64.60,53.92,0,384
1649764534.572351,1,300,153,65.53,51.52,0,384
1649764534.597348,1,300,147,66.52,52.83,0,384
1649764534.622345,1,300,146,67.43,51.35,0,384
1649764534.647343,1,300,158,68.05,51.95,0,384
1649764534.672340,1,295,155,68.79,126.24,1,435
1649764534.697337,1,295,162,69.30,49.81,0,435
1649764534.722334,1,300,165,69.67,51.05,0,435
1649764534.747332,1,300,171,69.96,51.19,0,435
1649764534.772329,1,300,180,70.60,50.23,0,435
1649764534.797326,1,300,179,71.46,50.46,0,435
1649764534.822324,1,300,183,72.57,132.66,1,478
1649764534.847321,1,300,184,73.74,50.96,0,478
1649764534.872318,1,297,176,75.43,53.41,0,478
1649764534.897316,1,300,194,77.30,53.72,0,478
1649764534.922313,1,300,190,79.18,52.95,0,478
1649764534.947310,1,300,186,81.10,51.57,0,478
1649764534.972307,1,300,183,83.32,105.32,1,500
1649764534.997305,1,300,181,85.20,52.02,0,500
1649764535.022302,1,300,174,86.74,54.41,0,500
1649764535.047299,1,300,171,87.83,54.42,0,500
1649764535.072296,1,300,160,89.01,55.31,0,500
1649764535.097294,1,300,149,90.10,55.40,0,500
1649764535.122291,1,300,143,91.15,139.50,1,532
1649764535.147288,1,300,141,92.00,56.26,0,532
1649764535.172286,1,300,155,88.47,56.12,0,532
1649764535.197283,1,300,157,88.62,56.60,0,532
1649764535.222280,1,300,155,89.78,55.67,0,532
1649764535.247277,1,300,154,89.31,56.01,0,532
1649764535.272275,1,300,157,90.31,128.37,1,569
1649764535.297272,1,300,163,85.17,57.08,0,569
1649764535.322269,1,300,163,86.95,56.75,0,569
1649764535.347267,1,300,151,86.15,56.99,0,569
1649764535.372264,1,300,157,88.42,59.07,0,569
1649764535.397261,1,300,146,82.45,60.65,0,569
1649764535.422258,1,300,152,85.25,137.08,1,591
1649764535.447256,1,300,150,79.05,60.25,0,591
1649764535.472253,1,300,145,82.33,61.07,0,591
1649764535.497250,1,300,139,80.25,59.75,0,591
1649764535.522248,1,300,140,83.05,60.33,0,591
1649764535.547245,1,300,138,75.69,60.24,0,591
1649764535.572242,1,300,140,78.56,160.56,1,606
1649764535.597239,1,300,138,74.96,60.07,0,606
1649764535.622237,1,300,139,77.36,60.51,0,606
1649764535.647234,1,300,150,73.51,58.80,0,606
1649764535.672231,1,300,148,76.28,60.59,0,606
1649764535.697229,1,300,153,72.76,59.15,0,606
1649764535.722226,1,300,149,75.67,149.97,1,629
1649764535.747223,1,300,147,72.17,58.95,0,629
1649764535.772221,1,300,151,75.53,60.52,0,629
1649764535.797218,1,300,154,72.35,60.18,0,629
1649764535.822215,1,300,159,75.85,60.57,0,629
1649764535.847212,1,300,162,72.63,60.74,0,629
1649764535.872210,1,300,166,76.50,131.49,1,657
1649764535.897207,1,300,164,73.41,60.96,0,657
1649764535.922204,1,300,160,77.21,60.35,0,657
1649764535.947201,1,293,154,73.99,58.28,0,657
1649764535.972199,1,284,156,78.21,56.76,0,657
1649764535.997196,1,282,154,74.83,55.26,0,657
1649764536.022193,1,278,160,78.13,115.46,1,691
1649764536.047191,1,300,160,73.60,58.49,0,691
1649764536.072188,1,300,162,76.64,57.45,0,691
1649764536.097185,1,300,158,72.16,56.71,0,691
1649764536.122183,1,300,155,75.41,55.28,0,691
1649764536.147180,1,300,164,71.21,56.68,0,691
1649764536.172177,1,300,168,74.87,132.68,1,733
1649764536.197175,1,300,156,70.61,57.84,0,733
1649764536.222172,1,300,152,73.91,56.61,0,733
1649764536.247169,1,282,147,69.62,55.62,0,733
1649764536.272166,1,256,133,73.59,49.93,0,733
1649764536.297163,1,248,130,69.75,49.45,0,733
1649764536.322161,1,247,128,73.65,127.65,1,752
1649764536.347158,1,235,118,69.84,48.17,0,752
1649764536.372155,1,227,112,74.70,47.36,0,752
1649764536.397153,1,214,111,71.71,44.22,0,752
1649764536.422150,1,217,108,76.25,43.20,0,752
1649764536.447147,1,197,98,71.74,39.94,0,752
1649764536.472145,1,189,93,75.17,116.26,1,760
1649764536.497142,1,171,97,70.70,38.60,0,760
1649764536.522139,1,168,99,74.09,37.48,0,760
1649764536.547137,1,160,92,69.74,36.41,0,760
1649764536.572134,1,258,129,73.28,47.30,0,760
1649764536.597131,1,206,111,69.30,48.70,0,760
1649764536.622128,1,192,109,72.68,161.07,1,802
1649764536.647125,1,182,108,68.81,42.18,0,802
1649764536.672123,1,185,106,72.78,40.88,0,802
1649764536.697120,1,185,109,69.35,42.82,0,802
1649764536.722118,1,185,109,72.93,43.50,0,802
1649764536.747115,1,181,102,65.30,39.94,0,802
1649764536.772112,1,188,105,69.54,122.79,1,827
1649764536.797110,1,181,105,65.95,40.81,0,827
1649764536.822107,1,175,104,70.00,39.96,0,827
1649764536.847104,1,171,101,66.24,38.36,0,827
1649764536.872101,1,166,87,70.58,39.09,0,827
1649764536.897099,1,146,83,66.63,36.09,0,827
1649764536.922096,1,146,79,70.21,113.31,1,841
1649764536.947093,1,156,81,65.85,35.82,0,841
1649764536.972090,1,139,75,69.55,35.30,0,841
1649764536.997087,1,138,75,62.07,34.93,0,841
1649764537.022085,1,141,78,65.63,35.54,0,841
1649764537.047082,1,147,73,61.93,36.29,0,841
1649764537.072080,1,137,68,65.94,112.77,1,876
1649764537.097080,1,129,69,62.54,33.21,0,876
1649764537.122077,1,122,66,66.27,31.85,0,876
1649764537.147074,1,119,61,62.75,30.99,0,876
1649764537.172071,1,115,64,66.87,31.19,0,876
1649764537.197069,1,105,57,63.76,30.40,0,876
1649764537.222066,1,107,60,67.68,118.86,1,905
1649764537.247063,1,105,54,64.63,31.38,0,905
1649764537.272061,1,108,54,68.84,30.87,0,905
1649764537.297058,1,106,50,65.70,30.97,0,905
1649764537.322055,1,143,66,68.89,34.20,0,905
1649764537.347052,1,94,42,65.34,31.04,0,905
1649764537.372050,1,92,40,68.12,65.27,1,840
1649764537.397047,1,86,41,64.87,28.19,0,840
1649764537.422044,1,96,43,66.79,26.72,0,840
1649764537.447042,1,78,35,64.11,25.43,0,840
1649764537.472039,1,120,52,66.51,29.38,0,840
1649764537.497036,1,251,114,64.42,46.03,0,840
1649764537.522033,1,145,74,66.54,74.00,1,860
1649764537.547031,1,300,118,64.49,51.56,0,860
1649764537.572028,1,114,51,67.00,38.56,0,860
1649764537.597025,1,94,47,64.94,29.24,0,860
1649764537.622023,1,85,46,66.71,66.05,1,880
1649764537.647020,1,79,43,64.44,26.00,0,880
1649764537.672017,1,70,40,66.20,22.67,0,880
1649764537.697014,1,65,36,64.44,24.89,0,880
1649764537.722012,1,64,35,65.76,22.86,0,880
1649764537.747009,1,158,82,63.96,36.84,0,880
1649764537.772007,1,64,35,65.82,62.76,1,895
1649764537.797004,1,64,38,64.27,23.32,0,895
1649764537.822001,1,241,75,65.35,43.33,0,895
1649764537.846998,1,77,46,64.00,29.75,0,895
1649764537.871995,1,300,93,65.14,46.54,0,895
1649764537.896993,1,82,45,64.64,31.36,0,895
1649764537.921990,1,134,66,65.02,76.70,1,942
1649764537.946987,1,300,101,64.65,52.90,0,942
1649764537.971985,1,300,101,65.25,57.80,0,942
1649764537.996982,1,96,49,65.37,32.75,0,942
1649764538.021979,1,128,67,65.17,33.29,0,942
1649764538.046977,1,83,47,65.18,27.35,0,942
1649764538.071974,1,91,54,65.12,93.32,1,968
1649764538.096971,1,70,43,65.64,25.43,0,968
1649764538.121968,1,92,54,64.78,27.70,0,968
1649764538.146966,1,73,38,65.24,25.48,0,968
1649764538.171963,1,96,48,64.53,28.43,0,968
1649764538.196960,1,76,48,65.28,26.38,0,968
1649764538.221957,1,97,56,63.23,80.32,1,999
1649764538.246955,1,78,44,63.99,28.67,0,999
1649764538.271952,1,300,105,61.91,52.81,0,999
1649764538.296949,1,100,49,63.70,37.70,0,999
1649764538.321947,1,300,97,60.96,52.40,0,999
1649764538.346944,1,118,58,62.85,40.09,0,999
1649764538.371941,1,300,111,60.46,124.04,1,1076
1649764538.396939,1,125,70,63.00,98.55,1,1050
1649764538.421936,1,126,63,59.75,34.97,0,1050
1649764538.446933,1,221,83,62.13,46.44,0,1050
1649764538.471930,1,300,105,59.03,58.24,0,1050
1649764538.496928,1,137,63,62.14,43.77,0,1050
1649764538.521925,1,293,96,58.08,55.42,0,1050
1649764538.546922,1,230,81,60.96,119.15,1,1062
1649764538.571920,1,300,99,57.17,60.07,0,1062
1649764538.596917,1,156,65,60.77,47.33,0,1062
1649764538.621914,1,300,108,56.10,57.25,0,1062
1649764538.646911,1,170,77,59.47,49.70,0,1062
1649764538.671909,1,143,72,55.23,38.62,0,1062
1649764538.696906,1,218,91,66.27,109.60,1,1057
1649764538.721903,1,300,115,61.74,60.33,0,1057
1649764538.746901,1,300,102,65.12,62.63,0,1057
1649764538.771898,1,300,112,61.19,61.76,0,1057
1649764538.796895,1,195,71,65.69,51.56,0,1057
1649764538.821892,1,300,103,61.06,57.90,0,1057
1649764538.846890,1,224,86,64.96,109.21,1,1080
1649764538.871887,1,300,102,61.25,58.96,0,1080
1649764538.896884,1,233,97,66.29,54.94,0,1080
1649764538.921882,1,300,101,61.87,61.37,0,1080
1649764538.946879,1,300,99,66.39,64.39,0,1080
1649764538.971876,1,300,98,62.69,63.57,0,1080
1649764538.996873,1,245,80,68.33,110.29,1,1089
1649764539.021871,1,300,101,63.36,60.65,0,1089
1649764539.046868,1,300,103,68.29,61.18,0,1089
1649764539.071865,1,161,74,64.47,47.00,0,1089
1649764539.096863,1,157,73,71.07,37.39,0,1089
1649764539.121860,1,140,73,65.71,82.96,1,1073
1649764539.146857,1,300,92,71.14,52.01,0,1073
1649764539.171854,1,300,88,66.53,59.13,0,1073
1649764539.196852,1,300,94,73.08,57.51,0,1073
1649764539.221849,1,175,81,67.09,45.17,0,1073
1649764539.246846,1,182,81,72.65,40.39,0,1073
1649764539.271844,1,300,106,68.31,104.17,1,1133
1649764539.296841,1,300,105,75.66,59.76,0,1133
1649764539.321838,1,278,111,70.01,57.21,0,1133
1649764539.346835,1,289,100,76.44,57.08,0,1133
1649764539.371833,1,262,104,72.27,53.96,0,1133
1649764539.396830,1,257,90,80.46,52.01,0,1133
1649764539.421827,1,274,79,74.79,108.11,1,1126
1649764539.446825,1,300,88,82.00,55.04,0,1126
1649764539.471822,1,191,72,77.99,46.05,0,1126
1649764539.496819,1,300,98,86.62,53.98,0,1126
1649764539.521816,1,300,92,74.31,58.56,0,1126
1649764539.546814,1,216,80,82.24,49.47,0,1126
1649764539.571811,1,300,97,76.71,106.77,1,1139
1649764539.596808,1,300,100,86.46,63.74,0,1139
1649764539.621806,1,300,90,73.40,60.21,0,1139
1649764539.646803,1,200,79,82.59,50.82,0,1139
1649764539.671800,1,132,67,72.41,87.34,1,1141
1649764539.696797,1,300,97,83.18,51.56,0,1141
1649764539.721795,1,300,81,70.39,58.44,0,1141
1649764539.746792,1,300,88,79.89,57.26,0,1141
1649764539.771790,1,172,69,73.09,44.70,0,1141
1649764539.796787,1,300,91,83.79,51.95,0,1141
1649764539.821784,1,282,75,70.61,100.21,1,1148
1649764539.846781,1,300,82,80.10,56.39,0,1148
1649764539.871778,1,300,74,73.85,57.73,0,1148
1649764539.896776,1,300,83,84.53,56.78,0,1148
1649764539.921773,1,300,70,71.07,56.67,0,1148
1649764539.946770,1,300,80,80.29,55.34,0,1148
1649764539.971768,1,300,73,74.57,118.38,1,1157
1649764539.996765,1,300,76,84.82,57.22,0,1157
1649764540.021762,1,233,59,72.41,50.69,0,1157
1649764540.046760,1,190,60,81.21,44.40,0,1157
1649764540.071757,1,300,56,76.15,52.88,0,1157
1649764540.096754,1,300,58,85.63,58.87,0,1157
1649764540.121752,1,300,55,72.72,106.57,1,1147
1649764540.146749,1,300,69,80.31,62.16,0,1147
1649764540.171746,1,300,58,75.83,58.67,0,1147
1649764540.196743,1,287,59,84.57,57.58,0,1147
1649764540.221740,1,300,57,73.26,62.37,0,1147
1649764540.246738,1,300,63,80.56,57.67,0,1147
1649764540.271735,1,227,54,77.24,120.62,1,1134
1649764540.296732,1,163,46,85.13,43.48,0,1134
1649764540.321730,1,120,36,74.48,80.34,1,1104
1649764540.346727,1,300,48,80.79,49.07,0,1104
1649764540.371724,1,300,52,78.36,61.20,0,1104
1649764540.396722,1,195,52,85.27,46.27,0,1104
1649764540.421719,1,300,47,80.23,52.65,0,1104
1649764540.446716,1,188,49,85.44,43.43,0,1104
1649764540.471714,1,134,39,83.90,103.23,1,1119
1649764540.496711,1,133,36,89.51,30.99,0,1119
1649764540.521708,1,112,34,81.63,30.60,0,1119
1649764540.546705,1,113,38,86.02,27.89,0,1119
1649764540.571703,1,300,41,86.70,43.35,0,1119
1649764540.596700,1,300,42,92.10,53.33,0,1119
1649764540.621697,1,300,40,91.15,121.85,1,1130
1649764540.646694,1,300,37,95.63,56.30,0,1130
1649764540.671692,1,300,35,98.36,55.49,0,1130
1649764540.696689,1,155,31,103.04,94.95,1,1133
1649764540.721686,1,101,37,98.13,30.36,0,1133
1649764540.746684,1,110,35,101.20,28.71,0,1133
1649764540.771681,1,133,55,99.07,35.01,0,1133
1649764540.796678,1,151,92,93.32,39.03,0,1133
1649764540.821676,1,165,118,84.31,42.33,0,1133
1649764540.846673,1,175,131,79.13,111.84,1,1157
1649764540.871670,1,172,134,79.42,41.88,0,1157
1649764540.896667,1,159,123,78.01,38.28,0,1157
1649764540.921665,1,159,121,76.31,36.71,0,1157
1649764540.946662,1,172,128,74.47,37.94,0,1157
1649764540.971659,1,300,173,75.24,50.24,0,1157
1649764540.996656,1,299,180,73.84,119.73,1,1223
1649764541.021654,1,259,153,73.38,49.17,0,1223
1649764541.046651,1,233,144,71.08,45.43,0,1223
1649764541.071648,1,300,162,72.35,52.82,0,1223
1649764541.096648,1,294,161,70.08,53.38,0,1223
1649764541.121645,1,233,148,69.99,46.70,0,1223
1649764541.146642,1,300,163,67.00,113.79,1,1268
1649764541.171639,1,300,172,69.00,60.39,0,1268
1649764541.196637,1,300,165,66.29,57.82,0,1268
1649764541.221634,1,300,157,67.22,56.55,0,1268
1649764541.246631,1,259,152,64.08,51.46,0,1268
1649764541.271629,1,177,118,76.69,100.37,1,1281
1649764541.296626,1,171,98,73.44,34.83,0,1281
1649764541.321623,1,144,96,76.03,30.82,0,1281
1649764541.346621,1,137,90,71.96,28.98,0,1281
1649764541.371618,1,122,89,77.20,27.35,0,1281
1649764541.396615,1,121,86,73.26,26.53,0,1281
1649764541.421613,1,116,81,76.39,74.86,1,1264
1649764541.446610,1,300,135,70.46,45.95,0,1264
1649764541.471607,1,300,124,74.90,56.91,0,1264
1649764541.496604,1,238,114,68.36,47.23,0,1264
1649764541.521602,1,111,62,71.03,31.95,0,1264
1649764541.546599,1,300,98,64.09,46.09,0,1264
1649764541.571596,1,96,52,69.71,100.04,1,1244
1649764541.596594,1,168,61,63.36,31.33,0,1244
1649764541.621591,1,300,82,67.45,49.36,0,1244
1649764541.646588,1,300,101,60.33,55.36,0,1244
1649764541.671586,1,300,83,76.17,62.60,0,1244
1649764541.696583,1,300,96,67.77,53.64,0,1244
1649764541.721580,1,300,94,73.17,129.97,1,1240
1649764541.746578,1,300,116,63.96,54.49,0,1240
1649764541.771575,1,300,111,71.78,57.60,0,1240
1649764541.796572,1,300,102,62.47,53.43,0,1240
1649764541.821569,1,300,88,68.41,54.79,0,1240
1649764541.846567,1,300,77,58.68,52.55,0,1240
1649764541.871564,1,300,68,67.27,96.76,1,1258
1649764541.896561,1,300,70,57.59,56.69,0,1258
1649764541.921559,1,300,54,64.40,60.36,0,1258
1649764541.946556,1,300,60,54.35,57.04,0,1258
1649764541.971553,1,300,60,72.37,55.16,0,1258
1649764541.996550,1,300,64,60.98,58.00,0,1258
1649764542.021548,1,300,68,69.69,99.02,1,1267
1649764542.046545,1,300,68,58.31,55.67,0,1267
1649764542.071543,1,300,78,70.00,56.76,0,1267
1649764542.096540,1,300,79,58.54,56.89,0,1267
1649764542.121537,1,300,76,68.42,59.67,0,1267
1649764542.146534,1,300,75,56.79,56.53,0,1267
1649764542.171531,1,300,84,69.26,100.20,1,1247
1649764542.196529,1,300,91,57.18,57.75,0,1247
1649764542.221526,1,300,94,67.60,56.84,0,1247
1649764542.246523,1,300,110,55.12,60.96,0,1247
1649764542.271521,1,300,117,68.00,57.09,0,1247
1649764542.296518,1,300,107,55.05,59.27,0,1247
1649764542.321516,1,300,103,65.88,102.83,1,1261
1649764542.346513,1,300,107,52.86,57.76,0,1261
1649764542.371510,1,300,109,75.35,58.04,0,1261
1649764542.396508,1,300,113,57.00,58.78,0,1261
1649764542.421504,1,300,113,69.24,58.98,0,1261
1649764542.446502,1,300,105,55.56,57.96,0,1261
1649764542.471499,1,300,114,70.58,104.85,1,1280
1649764542.496496,1,300,104,56.60,57.23,0,1280
1649764542.521494,1,300,101,69.60,58.63,0,1280
1649764542.546491,1,300,85,55.76,55.51,0,1280
1649764542.571489,1,297,95,71.17,56.12,0,1280
1649764542.596486,1,296,82,56.72,53.68,0,1280
1649764542.621483,1,300,87,70.13,127.92,1,1219
1649764542.646480,1,300,89,55.82,55.45,0,1219
1649764542.671478,1,270,85,71.61,51.82,0,1219
1649764542.696475,1,184,69,56.69,41.29,0,1219
1649764542.721472,1,234,82,70.48,42.88,0,1219
1649764542.746470,1,185,68,55.82,41.60,0,1219
1649764542.771467,1,178,70,71.73,109.42,1,1203
1649764542.796464,1,78,49,53.44,82.94,1,1156
1649764542.821461,1,75,49,66.90,24.50,0,1156
1649764542.846459,1,88,47,52.85,24.87,0,1156
1649764542.871456,1,80,45,77.49,24.02,0,1156
1649764542.896453,1,73,42,55.56,24.67,0,1156
1649764542.921451,1,81,43,69.31,24.12,0,1156
1649764542.946448,1,78,43,54.75,79.82,1,1167
1649764542.971445,1,300,64,70.23,44.23,0,1167
1649764542.996443,1,99,50,55.18,37.72,0,1167
1649764543.021440,1,300,72,68.82,47.00,0,1167
1649764543.046437,1,138,72,54.27,39.23,0,1167
1649764543.071434,1,171,66,79.05,37.44,0,1167
1649764543.096432,1,300,85,56.04,109.97,1,1182
1649764543.121429,1,164,71,69.74,105.54,1,1192
1649764543.146426,1,130,64,54.82,33.48,0,1192
1649764543.171424,1,153,74,70.27,37.64,0,1192
1649764543.196421,1,188,84,54.74,39.46,0,1192
1649764543.221418,1,300,103,68.67,57.11,0,1192
1649764543.246416,1,300,114,53.92,59.89,0,1192
1649764543.271413,1,145,88,78.85,99.49,1,1243
1649764543.296410,1,212,106,55.82,43.03,0,1243
1649764543.321408,1,300,124,69.80,56.98,0,1243
1649764543.346405,1,282,111,54.55,54.01,0,1243
1649764543.371402,1,147,86,79.38,39.98,0,1243
1649764543.396399,1,124,79,56.49,32.43,0,1243
1649764543.421397,1,300,113,70.44,127.75,1,1290
1649764543.446394,1,300,120,55.27,56.05,0,1290
1649764543.471391,1,300,125,70.75,60.54,0,1290
1649764543.496389,1,152,93,51.94,106.38,1,1270
1649764543.521386,1,300,137,74.49,55.51,0,1270
1649764543.546383,1,288,122,54.32,56.40,0,1270
1649764543.571381,1,300,124,70.11,62.19,0,1270
1649764543.596378,1,300,125,54.47,58.12,0,1270
1649764543.621375,1,300,132,68.95,63.39,0,1270
1649764543.646372,1,300,126,54.19,120.51,1,1312
1649764543.671370,1,244,129,70.05,58.40,0,1312
1649764543.696367,1,241,123,54.25,53.04,0,1312
1649764543.721364,1,226,122,68.46,51.99,0,1312
1649764543.746361,1,300,137,53.61,56.89,0,1312
1649764543.771359,1,300,149,68.58,63.36,0,1312
1649764543.796356,1,300,145,52.88,143.46,1,1353
1649764543.821354,1,212,146,66.17,49.94,0,1353
1649764543.846351,1,300,159,51.70,54.92,0,1353
1649764543.871348,1,290,185,75.37,54.83,0,1353
1649764543.896346,1,300,181,55.38,55.47,0,1353
1649764543.921343,1,300,204,78.09,54.60,0,1353
1649764543.946340,1,300,207,62.11,107.70,1,1481
1649764543.971337,1,300,220,77.68,52.55,0,1481
1649764543.996335,1,300,215,61.19,54.17,0,1481
1649764544.021332,1,300,217,75.44,51.13,0,1481
1649764544.046329,1,300,207,60.69,52.85,0,1481
1649764544.071327,1,300,228,76.13,52.60,0,1481
1649764544.096324,1,300,225,60.63,109.72,1,1579
1649764544.121321,1,300,223,74.65,51.12,0,1579
1649764544.146319,1,300,235,60.64,51.67,0,1579
1649764544.171316,1,300,218,75.75,50.91,0,1579
1649764544.196313,1,300,228,60.72,52.05,0,1579
1649764544.221310,1,300,229,74.17,51.61,0,1579
1649764544.246308,1,300,228,60.45,136.60,1,1654
1649764544.271305,1,274,198,84.17,48.66,0,1654
1649764544.296302,1,260,212,64.62,45.57,0,1654
1649764544.321300,1,240,192,77.04,44.42,0,1654
1649764544.346297,1,274,207,63.91,45.71,0,1654
1649764544.371294,1,252,192,77.14,45.58,0,1654
1649764544.396291,1,240,186,63.43,115.19,1,1680
1649764544.421289,1,300,215,75.59,49.40,0,1680
1649764544.446286,1,300,221,63.38,50.30,0,1680
1649764544.471283,1,300,217,76.74,51.21,0,1680
1649764544.496281,1,300,226,63.49,50.02,0,1680
1649764544.521278,1,300,211,75.96,50.40,0,1680
1649764544.546275,1,300,227,63.83,137.80,1,1749
1649764544.571273,1,300,219,77.45,51.97,0,1749
1649764544.596270,1,300,225,64.00,50.38,0,1749
1649764544.621267,1,300,215,76.47,51.47,0,1749
1649764544.646265,1,300,217,64.34,51.17,0,1749
1649764544.671262,1,300,215,77.73,50.12,0,1749
1649764544.696259,1,300,219,64.48,150.70,1,1826
1649764544.721256,1,300,210,76.78,52.17,0,1826
1649764544.746254,1,300,211,65.04,52.26,0,1826
1649764544.771251,1,254,183,78.14,45.72,0,1826
1649764544.796248,1,300,209,65.15,51.45,0,1826
1649764544.821246,1,300,202,77.05,52.44,0,1826
1649764544.846243,1,300,200,65.63,142.27,1,1881
1649764544.871240,1,300,206,78.29,54.21,0,1881
1649764544.896238,1,300,200,65.62,54.10,0,1881
1649764544.921235,1,300,214,77.14,55.31,0,1881
1649764544.946232,1,300,206,66.14,55.64,0,1881
1649764544.971230,1,294,215,78.37,54.37,0,1881
1649764544.996227,1,300,207,66.28,145.79,1,1985
1649764545.021224,1,300,211,77.43,55.10,0,1985
1649764545.046221,1,300,208,67.05,54.72,0,1985
1649764545.071219,1,300,205,78.87,54.07,0,1985
1649764545.096216,1,300,202,67.29,56.48,0,1985
1649764545.121213,1,300,203,78.12,56.68,0,1985
1649764545.146211,1,276,179,68.28,141.94,1,1981
1649764545.171208,1,300,195,79.99,57.23,0,1981
1649764545.196205,1,300,188,68.92,58.38,0,1981
1649764545.221202,1,300,198,79.81,59.22,0,1981
1649764545.246200,1,300,193,70.62,59.99,0,1981
1649764545.271197,1,300,194,82.40,59.09,0,1981
1649764545.296194,1,300,183,67.45,126.95,1,1995
1649764545.321192,1,300,193,78.15,56.09,0,1995
1649764545.346189,1,300,184,69.36,56.13,0,1995
1649764545.371186,1,300,176,80.67,55.22,0,1995
1649764545.396183,1,300,154,70.38,51.78,0,1995
1649764545.421181,1,300,162,80.86,50.42,0,1995
1649764545.446178,1,300,155,72.36,134.16,1,1948
1649764545.471175,1,300,165,83.36,51.02,0,1948
1649764545.496173,1,300,163,68.94,51.97,0,1948
1649764545.521170,1,300,169,78.66,50.50,0,1948
1649764545.546168,1,300,151,70.57,50.04,0,1948
1649764545.571165,1,300,152,80.38,51.46,0,1948
1649764545.596162,1,300,149,66.87,136.38,1,2002
1649764545.621159,1,300,145,75.27,50.54,0,2002
1649764545.646157,1,300,142,67.55,52.73,0,2002
1649764545.671154,1,300,131,76.22,50.96,0,2002
1649764545.696151,1,300,136,67.34,52.05,0,2002
1649764545.721148,1,300,123,75.13,51.44,0,2002
1649764545.746146,1,300,127,68.27,146.11,1,2027
1649764545.771143,1,300,121,76.46,51.57,0,2027
1649764545.796140,1,300,115,68.37,54.96,0,2027
1649764545.821138,1,300,115,75.63,54.19,0,2027
1649764545.846135,1,300,116,69.51,54.42,0,2027
1649764545.871132,1,300,119,77.04,54.62,0,2027
1649764545.896130,1,300,111,69.58,159.59,1,1994
1649764545.921127,1,300,115,76.10,58.69,0,1994
1649764545.946124,1,300,107,70.72,59.70,0,1994
1649764545.971121,1,300,105,77.56,60.40,0,1994
1649764545.996119,1,300,102,67.14,62.61,0,1994
1649764546.021116,1,300,103,72.88,59.60,0,1994
1649764546.046113,1,300,98,68.46,154.32,1,1994
1649764546.071111,1,300,94,74.12,61.13,0,1994
1649764546.096108,1,300,87,68.43,62.98,0,1994
1649764546.121105,1,300,81,73.18,60.40,0,1994
1649764546.146103,1,300,74,69.40,62.16,0,1994
1649764546.171100,1,300,77,74.25,62.26,0,1994
1649764546.196097,1,300,75,69.35,151.55,1,1991
1649764546.221095,1,300,76,73.23,60.19,0,1991
1649764546.246092,1,300,71,70.17,60.42,0,1991
1649764546.271089,1,300,71,73.85,59.66,0,1991
1649764546.296087,1,300,64,69.31,60.82,0,1991
1649764546.321084,1,300,68,71.86,58.83,0,1991
1649764546.346081,1,300,57,69.07,163.21,1,1990
1649764546.371078,1,300,59,71.47,61.92,0,1990
1649764546.396076,1,300,52,67.68,61.86,0,1990
1649764546.421073,1,300,53,69.55,59.90,0,1990
1649764546.446070,1,300,49,67.81,60.15,0,1990
1649764546.471068,1,300,44,69.85,59.83,0,1990
1649764546.496065,1,300,47,67.25,167.85,1,1976
1649764546.521062,1,300,41,68.58,60.12,0,1976
1649764546.546060,1,300,43,67.52,60.25,0,1976
1649764546.571057,1,300,39,68.64,60.17,0,1976
1649764546.596054,1,300,32,66.56,62.65,0,1976
1649764546.621051,1,300,31,67.05,60.15,0,1976
1649764546.646049,1,300,33,66.25,168.49,1,1953
1649764546.671046,1,300,33,66.54,63.52,0,1953
1649764546.696043,1,300,31,65.19,64.15,0,1953
1649764546.721041,1,300,29,65.07,64.09,0,1953
1649764546.746038,1,300,21,65.34,64.65,0,1953
1649764546.771035,1,300,17,65.10,64.47,0,1953
1649764546.796032,1,300,14,64.36,158.93,1,1964
1649764546.821030,1,300,14,63.61,66.91,0,1964
1649764546.846027,1,300,12,64.25,66.92,0,1964
1649764546.871024,1,300,16,63.48,67.50,0,1964
1649764546.896022,1,300,17,63.19,68.16,0,1964
1649764546.921019,1,300,16,61.92,67.95,0,1964
1649764546.946017,1,300,16,63.03,190.70,1,2002
1649764546.971014,1,300,18,61.82,68.97,0,2002
1649764546.996011,1,300,16,62.19,69.78,0,2002
1649764547.021008,1,300,15,60.59,69.93,0,2002
1649764547.046005,1,300,13,62.39,70.54,0,2002
1649764547.071003,1,300,11,60.89,71.35,0,2002
1649764547.096002,1,300,9,62.00,198.90,1,2016
1649764547.120999,1,300,7,60.38,70.15,0,2016
1649764547.145997,1,300,7,62.81,69.60,0,2016
1649764547.170994,1,300,5,61.26,69.24,0,2016
1649764547.195991,1,300,5,62.86,69.16,0,2016
1649764547.220989,1,300,5,60.94,69.21,0,2016
1649764547.245986,1,300,5,63.51,180.22,1,1999
1649764547.270983,1,300,4,61.64,69.89,0,1999
1649764547.295981,1,300,3,63.50,69.71,0,1999
1649764547.320978,1,300,7,61.38,69.54,0,1999
1649764547.345975,1,300,7,64.19,71.49,0,1999
1649764547.370972,1,300,6,62.19,70.46,0,1999
1649764547.395970,1,300,12,64.27,197.96,1,1897
1649764547.420967,1,300,10,62.15,71.62,0,1897
1649764547.445965,1,300,6,65.13,70.21,0,1897
1649764547.470962,1,300,6,63.11,71.22,0,1897
1649764547.495959,1,300,9,65.38,70.88,0,1897
1649764547.520957,1,300,7,63.17,71.38,0,1897
1649764547.545954,1,300,8,66.13,154.30,1,1875
1649764547.570951,1,300,8,63.92,72.32,0,1875
1649764547.595948,1,300,7,66.33,72.03,0,1875
1649764547.620946,1,300,8,64.06,72.64,0,1875
1649764547.645943,1,300,9,67.11,72.49,0,1875
1649764547.670940,1,300,9,64.98,72.81,0,1875
1649764547.695938,1,300,8,67.34,215.71,1,1732
1649764547.720935,1,300,8,65.07,73.32,0,1732
1649764547.745932,1,300,8,67.79,74.72,0,1732
1649764547.770929,1,300,8,65.51,75.58,0,1732
1649764547.795927,1,300,6,67.74,79.52,0,1732
1649764547.820924,1,300,6,65.73,76.10,0,1732
1649764547.845921,1,300,8,68.42,180.43,1,1633
1649764547.870919,1,300,14,66.81,78.76,0,1633
1649764547.895916,1,300,13,69.25,74.63,0,1633
1649764547.920913,1,300,12,68.06,72.64,0,1633
1649764547.945910,1,300,11,70.88,72.86,0,1633
1649764547.970908,1,300,9,70.05,70.41,0,1633
1649764547.995905,1,300,14,72.49,167.51,1,1555
1649764548.020902,1,300,17,71.63,68.20,0,1555
1649764548.045900,1,300,29,73.69,67.36,0,1555
1649764548.070897,1,300,33,72.99,64.66,0,1555
1649764548.095894,1,300,48,74.44,64.26,0,1555
1649764548.120892,1,300,52,73.98,61.69,0,1555
1649764548.145889,1,300,57,75.52,170.70,1,1492
1649764548.170886,1,300,65,75.23,59.43,0,1492
1649764548.195884,1,300,73,76.49,59.50,0,1492
1649764548.220881,1,300,82,76.40,55.76,0,1492
1649764548.245878,1,300,90,78.02,55.73,0,1492
1649764548.270875,1,300,96,78.54,53.61,0,1492
1649764548.295873,1,300,100,75.87,115.51,1,1454
1649764548.320870,1,300,105,75.94,53.35,0,1454
1649764548.345867,1,289,109,72.88,50.22,0,1454
1649764548.370865,1,300,114,72.92,52.37,0,1454
1649764548.395862,1,300,112,73.92,53.63,0,1454
1649764548.420859,1,300,111,74.07,55.11,0,1454
1649764548.445857,1,300,108,71.06,132.49,1,1419
1649764548.470854,1,300,105,71.18,56.58,0,1419
1649764548.495851,1,300,104,71.94,56.59,0,1419
1649764548.520849,1,300,104,71.98,55.92,0,1419
1649764548.545846,1,300,103,72.49,55.85,0,1419
1649764548.570843,1,300,100,72.32,54.66,0,1419
1649764548.595840,1,300,100,72.65,118.75,1,1392
1649764548.620838,1,300,102,72.41,53.87,0,1392
1649764548.645835,1,300,104,72.59,54.35,0,1392
1649764548.670832,1,300,102,72.29,55.32,0,1392
1649764548.695829,1,300,101,72.42,55.56,0,1392
1649764548.720827,1,300,107,72.11,55.51,0,1392
1649764548.745824,1,300,106,72.29,137.17,1,1295
1649764548.770822,1,300,105,72.02,54.76,0,1295
1649764548.795819,1,300,103,72.25,54.97,0,1295
1649764548.820816,1,300,106,72.02,54.15,0,1295
1649764548.845814,1,300,108,72.18,53.94,0,1295
1649764548.870811,1,300,105,71.85,54.22,0,1295
1649764548.895808,1,297,104,71.95,135.43,1,1205
1649764548.920805,1,300,109,71.65,56.71,0,1205
1649764548.945802,1,300,108,71.80,55.81,0,1205
1649764548.970800,1,300,113,71.59,55.86,0,1205
1649764548.995797,1,300,113,71.84,55.62,0,1205
1649764549.020795,1,300,113,71.68,55.20,0,1205
1649764549.045792,1,300,111,71.90,138.10,1,1126
1649764549.070789,1,300,110,71.76,56.05,0,1126
1649764549.095787,1,300,116,72.02,55.32,0,1126
1649764549.120784,1,300,111,71.90,50.93,0,1126
1649764549.145781,1,300,110,72.17,57.16,0,1126
1649764549.170778,1,300,112,72.17,55.37,0,1126
1649764549.195776,1,300,105,72.62,130.35,1,1028
1649764549.220773,1,300,103,72.69,54.91,0,1028
1649764549.245770,1,300,110,73.00,55.12,0,1028
1649764549.270768,1,300,111,72.86,56.78,0,1028
1649764549.295765,1,300,116,72.88,58.55,0,1028
1649764549.320762,1,300,115,72.43,58.13,0,1028
1649764549.345759,1,300,112,72.25,151.43,1,953
1649764549.370757,1,300,113,71.72,56.79,0,953
1649764549.395754,1,300,116,71.64,56.95,0,953
1649764549.420751,1,300,116,71.35,57.03,0,953
1649764549.445749,1,300,112,71.43,58.02,0,953
1649764549.470746,1,300,116,71.16,57.64,0,953
1649764549.495743,1,300,121,71.24,153.01,1,883
1649764549.520741,1,300,111,70.97,57.69,0,883
1649764549.545738,1,300,118,71.01,58.74,0,883
1649764549.570735,1,300,127,70.69,59.29,0,883
1649764549.595732,1,292,130,70.74,58.45,0,883
1649764549.620730,1,300,140,70.39,59.82,0,883
1649764549.645727,1,300,139,70.35,132.47,1,840
1649764549.670724,1,300,129,69.93,59.57,0,840
1649764549.695722,1,300,124,69.83,57.12,0,840
1649764549.720719,1,293,124,69.48,56.54,0,840
1649764549.745716,1,300,140,69.49,58.94,0,840
1649764549.770714,1,300,143,69.25,58.25,0,840
1649764549.795711,1,300,143,69.29,131.66,1,817
1649764549.820708,1,300,144,69.00,59.56,0,817
1649764549.845706,1,300,128,68.99,60.70,0,817
1649764549.870703,1,295,123,68.69,59.15,0,817
1649764549.895700,1,300,126,68.69,60.50,0,817
1649764549.920697,1,300,120,68.51,58.93,0,817
1649764549.945695,1,300,120,68.59,135.14,1,815
1649764549.970692,1,300,118,68.41,59.21,0,815
1649764549.995689,1,300,118,68.49,58.87,0,815
1649764550.020687,1,300,117,68.33,59.26,0,815
1649764550.045684,1,300,121,68.41,59.56,0,815
1649764550.070681,1,300,123,68.23,58.57,0,815
1649764550.095679,1,300,127,68.29,136.26,1,799
1649764550.120676,1,300,127,68.16,59.02,0,799
1649764550.145673,1,300,132,68.28,57.61,0,799
1649764550.170670,1,300,133,68.18,57.79,0,799
1649764550.195668,1,300,131,68.32,57.48,0,799
1649764550.220665,1,300,130,68.27,57.35,0,799
1649764550.245662,1,294,124,68.49,139.65,1,788
1649764550.270660,1,287,127,68.53,54.03,0,788
1649764550.295657,1,296,133,68.78,54.35,0,788
1649764550.320654,1,300,137,68.86,53.24,0,788
1649764550.345652,1,300,140,69.09,54.22,0,788
1649764550.370649,1,300,131,69.13,53.39,0,788
1649764550.395646,1,294,130,69.36,161.03,1,782
1649764550.420643,1,300,137,69.44,52.66,0,782
1649764550.445641,1,289,136,69.76,50.77,0,782
1649764550.470638,1,286,127,69.93,48.52,0,782
1649764550.495635,1,300,127,70.34,49.87,0,782
1649764550.520633,1,284,123,70.68,47.45,0,782
1649764550.545630,1,276,120,71.33,142.15,1,777
1649764550.570627,1,264,110,71.84,44.92,0,777
1649764550.595625,1,265,111,72.61,44.13,0,777
1649764550.620622,1,249,109,73.14,42.39,0,777
1649764550.645619,1,243,110,73.80,40.93,0,777
1649764550.670617,1,243,113,74.19,40.37,0,777
1649764550.695614,1,231,115,74.74,127.38,1,750
1649764550.720611,1,217,109,75.06,37.35,0,750
1649764550.745608,1,300,115,75.46,44.09,0,750
1649764550.770606,1,300,111,75.69,46.83,0,750
1649764550.795603,1,300,113,76.06,47.08,0,750
1649764550.820600,1,270,112,76.25,44.58,0,750
1649764550.845598,1,257,112,76.66,143.97,1,729
1649764550.870595,1,300,115,76.91,47.94,0,729
1649764550.895592,1,300,108,77.34,50.27,0,729
1649764550.920590,1,300,112,77.69,48.89,0,729
1649764550.945587,1,300,111,78.21,49.61,0,729
1649764550.970584,1,300,101,78.53,49.29,0,729
1649764550.995581,1,267,102,74.49,150.69,1,730
1649764551.020579,1,260,100,74.71,45.33,0,730
1649764551.045576,1,252,94,75.12,45.07,0,730
1649764551.070573,1,245,95,75.41,44.27,0,730
1649764551.095574,1,300,95,75.74,50.43,0,730
1649764551.120571,1,281,92,75.85,48.15,0,730
1649764551.145569,1,259,80,76.12,170.23,1,753
1649764551.170566,1,241,76,76.32,43.53,0,753
1649764551.195564,1,231,68,76.63,44.97,0,753
1649764551.220561,1,224,66,76.76,41.61,0,753
1649764551.245558,1,220,58,77.06,42.20,0,753
1649764551.270555,1,239,63,77.25,42.61,0,753
1649764551.295553,1,226,55,77.52,114.91,1,754
1649764551.320550,1,223,52,77.58,40.79,0,754
1649764551.345547,1,214,52,77.65,42.01,0,754
1649764551.370545,1,212,56,77.46,40.00,0,754
1649764551.395542,1,208,53,77.36,41.93,0,754
1649764551.420539,1,209,53,76.94,40.63,0,754
1649764551.445537,1,193,52,76.57,146.66,1,745
1649764551.470534,1,218,52,76.17,40.95,0,745
1649764551.495531,1,207,51,76.20,41.49,0,745
1649764551.520529,1,201,47,76.27,39.11,0,745
1649764551.545526,1,200,54,76.54,38.79,0,745
1649764551.570523,1,195,42,76.78,37.14,0,745
1649764551.595520,1,195,49,77.30,133.36,1,724
1649764551.620518,1,184,52,77.64,36.68,0,724
1649764551.645515,1,174,52,78.06,35.70,0,724
1649764551.670512,1,170,49,78.44,31.93,0,724
1649764551.695510,1,181,53,78.78,34.89,0,724
1649764551.720507,1,177,54,78.78,33.89,0,724
1649764551.745504,1,300,61,78.72,154.39,1,728
1649764551.770502,1,300,58,78.44,47.40,0,728
1649764551.795499,1,260,70,78.09,46.12,0,728
1649764551.820496,1,300,77,77.58,46.98,0,728
1649764551.845494,1,300,79,77.11,48.81,0,728
1649764551.870491,1,300,79,76.52,49.16,0,728
1649764551.895488,1,237,75,75.93,152.63,1,764
1649764551.920486,1,300,78,75.24,49.33,0,764
1649764551.945483,1,300,85,74.57,51.41,0,764
1649764551.970480,1,300,92,73.88,51.29,0,764
1649764551.995477,1,258,82,73.20,49.00,0,764
1649764552.020475,1,239,94,72.40,46.06,0,764
1649764552.045472,1,300,101,71.50,110.57,1,788
1649764552.070470,1,300,103,70.54,54.11,0,788
1649764552.095467,1,300,102,69.47,54.49,0,788
1649764552.120464,1,300,97,68.37,55.71,0,788
1649764552.145462,1,300,88,67.22,55.34,0,788
1649764552.170459,1,300,87,66.07,54.31,0,788
1649764552.195456,1,300,93,64.96,121.72,1,738
1649764552.220453,1,300,92,63.95,56.79,0,738
1649764552.245450,1,300,92,62.91,54.94,0,738
1649764552.270448,1,300,93,61.98,55.64,0,738
1649764552.295445,1,300,95,61.01,56.20,0,738
1649764552.320443,1,300,103,60.13,55.78,0,738
1649764552.345440,1,300,99,59.22,101.67,1,694
1649764552.370437,1,300,108,58.48,58.57,0,694
1649764552.395434,1,300,108,57.73,57.85,0,694
1649764552.420432,1,300,105,64.91,57.77,0,694
1649764552.445429,1,266,105,64.29,52.85,0,694
1649764552.470427,1,255,107,63.94,49.91,0,694
1649764552.495424,1,259,111,63.76,126.79,1,661
1649764552.520421,1,263,113,63.80,51.68,0,661
1649764552.545419,1,264,115,63.81,50.54,0,661
1649764552.570416,1,289,114,63.84,53.58,0,661
1649764552.595413,1,289,111,63.79,52.90,0,661
1649764552.620410,1,287,110,63.83,53.04,0,661
1649764552.645408,1,289,106,63.81,109.40,1,664
1649764552.670405,1,291,104,63.94,54.57,0,664
1649764552.695402,1,300,109,64.05,55.60,0,664
1649764552.720400,1,300,112,64.30,56.32,0,664
1649764552.745397,1,300,110,64.47,56.58,0,664
1649764552.770394,1,300,109,64.73,56.31,0,664
1649764552.795392,1,300,108,64.88,135.42,1,696
1649764552.820389,1,300,109,65.12,55.97,0,696
1649764552.845386,1,300,111,65.21,55.48,0,696
1649764552.870384,1,300,113,65.38,55.96,0,696
1649764552.895381,1,300,114,65.32,50.61,0,696
1649764552.920378,1,300,111,65.28,55.58,0,696
1649764552.945375,1,300,112,65.08,101.65,1,712
1649764552.970373,1,300,109,64.97,50.60,0,712
1649764552.995370,1,300,114,64.66,56.32,0,712
1649764553.020368,1,300,116,64.51,56.04,0,712
1649764553.045365,1,300,113,64.24,56.10,0,712
1649764553.070362,1,300,111,64.12,55.58,0,712
1649764553.095360,1,300,112,63.95,141.08,1,707
1649764553.120357,1,300,112,63.96,57.48,0,707
1649764553.145354,1,300,111,63.88,57.50,0,707
1649764553.170351,1,300,110,64.05,50.65,0,707
1649764553.195349,1,300,113,64.10,51.47,0,707
1649764553.220346,1,300,112,64.36,51.35,0,707
1649764553.245343,1,300,108,64.45,122.39,1,691
1649764553.270341,1,300,106,64.72,57.15,0,691
1649764553.295338,1,300,108,64.73,50.84,0,691
1649764553.320335,1,300,109,64.79,50.79,0,691
1649764553.345333,1,300,106,64.58,56.47,0,691
1649764553.370330,1,300,111,64.58,51.11,0,691
1649764553.395327,1,300,110,64.36,137.07,1,689
1649764553.420325,1,300,110,64.34,56.56,0,689
1649764553.445322,1,300,108,64.12,51.26,0,689
1649764553.470319,1,300,107,64.05,51.01,0,689
1649764553.495317,1,300,106,63.79,56.16,0,689
1649764553.520314,1,300,106,63.74,51.06,0,689
1649764553.545311,1,300,106,63.52,135.22,1,683
1649764553.570308,1,300,104,63.49,56.48,0,683
1649764553.595306,1,300,103,63.27,51.20,0,683
1649764553.620303,1,300,107,63.30,51.12,0,683
1649764553.645300,1,300,109,63.14,51.30,0,683
1649764553.670298,1,300,106,63.21,51.21,0,683
1649764553.695295,1,300,107,63.05,141.45,1,659
1649764553.720292,1,300,103,63.14,51.62,0,659
1649764553.745290,1,300,103,63.07,51.05,0,659
1649764553.770287,1,300,104,63.17,51.54,0,659
1649764553.795284,1,299,105,63.12,56.10,0,659
1649764553.820282,1,299,104,63.31,56.83,0,659
1649764553.845279,1,299,98,63.26,151.65,1,634
1649764553.870276,1,299,102,63.44,55.70,0,634
1649764553.895273,1,299,100,63.39,55.51,0,634
1649764553.920271,1,299,104,63.50,55.37,0,634
1649764553.945268,1,299,101,63.34,55.69,0,634
1649764553.970265,1,299,99,63.33,56.40,0,634
1649764553.995263,1,299,104,63.09,147.62,1,581
1649764554.020260,1,299,102,63.07,56.00,0,581
1649764554.045258,1,299,99,62.96,55.49,0,581
1649764554.070255,1,299,102,63.06,55.83,0,581
1649764554.095252,1,300,103,62.94,55.62,0,581
1649764554.120249,1,300,104,63.09,56.66,0,581
1649764554.145247,1,300,102,62.98,130.20,1,572
1649764554.170244,1,300,102,63.09,50.87,0,572
1649764554.195241,1,300,105,62.97,50.44,0,572
1649764554.220239,1,300,106,63.10,50.18,0,572
1649764554.245236,1,300,103,62.98,50.37,0,572
1649764554.270233,1,300,104,63.10,50.39,0,572
1649764554.295231,1,300,102,62.98,153.74,1,567
1649764554.320228,1,300,104,63.11,50.79,0,567
1649764554.345225,1,300,102,63.01,50.79,0,567
1649764554.370223,1,300,106,63.18,50.67,0,567
1649764554.395220,1,300,105,63.02,50.70,0,567
1649764554.420217,1,300,106,63.16,51.00,0,567
1649764554.445215,1,300,105,63.04,140.82,1,548
1649764554.470212,1,300,105,63.19,51.39,0,548
1649764554.495209,1,300,106,63.04,51.36,0,548
1649764554.520206,1,300,106,63.19,50.66,0,548
1649764554.545204,1,300,106,63.07,50.52,0,548
1649764554.570201,1,300,105,63.20,50.34,0,548
1649764554.595198,1,300,103,63.07,107.87,1,530
1649764554.620196,1,300,108,63.24,51.15,0,530
1649764554.645193,1,300,103,63.09,50.75,0,530
1649764554.670190,1,300,107,63.24,51.05,0,530
1649764554.695188,1,300,104,63.11,50.65,0,530
1649764554.720185,1,300,105,63.25,50.73,0,530
1649764554.745182,1,300,108,63.12,108.85,1,516
1649764554.770180,1,300,103,63.28,56.27,0,516
1649764554.795177,1,300,104,63.16,50.95,0,516
1649764554.820174,1,300,105,63.28,50.52,0,516
1649764554.845171,1,300,104,63.13,50.43,0,516
1649764554.870169,1,300,105,63.29,50.31,0,516
1649764554.895166,1,300,106,63.14,120.30,1,515
1649764554.920163,1,300,107,63.31,51.33,0,515
1649764554.945161,1,300,105,63.17,51.25,0,515
1649764554.970158,1,300,111,63.33,50.94,0,515
1649764554.995156,1,300,107,63.18,50.39,0,515
1649764555.020153,1,300,109,63.34,50.68,0,515
1649764555.045150,1,300,106,63.22,184.31,1,487
1649764555.070147,1,300,108,63.36,50.98,0,487
1649764555.095145,1,300,109,63.23,50.54,0,487
1649764555.120142,1,300,108,63.36,50.68,0,487
1649764555.145139,1,300,108,63.22,50.74,0,487
1649764555.170137,1,300,112,63.36,51.16,0,487
1649764555.195134,1,300,108,63.22,227.64,1,442
1649764555.220131,1,300,106,63.37,57.73,0,442
1649764555.245128,1,300,107,63.22,50.44,0,442
1649764555.270126,1,300,105,63.38,50.71,0,442
1649764555.295123,1,300,110,63.23,50.52,0,442
1649764555.320121,1,300,104,63.38,50.56,0,442
1649764555.345118,1,300,108,63.23,143.97,1,424
1649764555.370115,1,300,107,63.40,51.38,0,424
1649764555.395113,1,300,110,63.28,51.17,0,424
1649764555.420110,1,300,110,63.47,50.94,0,424
1649764555.445107,1,300,106,63.37,50.85,0,424
1649764555.470104,1,300,109,63.52,51.37,0,424
1649764555.495102,1,300,106,63.43,151.87,1,418
1649764555.520099,1,300,107,63.62,51.25,0,418
1649764555.545096,1,300,110,63.47,50.62,0,418
1649764555.570094,1,300,107,63.59,49.97,0,418
1649764555.595091,1,300,110,63.43,50.09,0,418
1649764555.620088,1,300,107,63.55,49.55,0,418
1649764555.645086,1,300,107,63.37,158.47,1,413
1649764555.670083,1,300,107,63.46,50.42,0,413
1649764555.695080,1,300,108,63.28,50.91,0,413
1649764555.720078,1,300,108,63.37,50.45,0,413
1649764555.745075,1,300,104,63.19,49.67,0,413
1649764555.770072,1,300,104,63.28,49.65,0,413
1649764555.795069,1,300,108,63.07,168.68,1,396
1649764555.820067,1,300,104,63.13,50.33,0,396
1649764555.845064,1,300,105,62.93,50.31,0,396
1649764555.870062,1,300,104,62.98,50.53,0,396
1649764555.895059,1,300,105,62.77,51.09,0,396
1649764555.920056,1,300,108,62.81,50.19,0,396
1649764555.945053,1,300,106,62.61,162.35,1,359
1649764555.970051,1,300,105,62.66,50.29,0,359
1649764555.995048,1,300,110,62.43,50.55,0,359
1649764556.020045,1,300,106,62.46,49.73,0,359
1649764556.045043,1,300,110,62.21,50.83,0,359
1649764556.070040,1,300,109,62.20,50.73,0,359
1649764556.095035,1,300,107,61.96,162.43,1,334
1649764556.120032,1,300,109,61.94,55.83,0,334
1649764556.145029,1,300,111,61.75,50.72,0,334
1649764556.170027,1,300,111,70.37,50.27,0,334
1649764556.195024,1,300,111,70.29,55.65,0,334
1649764556.220021,1,300,106,70.48,49.86,0,334
1649764556.245018,1,300,106,70.42,208.64,1,326
1649764556.270016,1,300,105,70.64,49.89,0,326
1649764556.295013,1,300,107,70.60,50.46,0,326
1649764556.320010,1,300,108,70.82,49.57,0,326
1649764556.345008,1,300,107,70.76,50.41,0,326
1649764556.370005,1,300,109,70.94,50.90,0,326
1649764556.395002,1,300,108,70.90,258.70,1,301
1649764556.420000,1,300,102,71.08,50.37,0,301
1649764556.444997,1,300,103,70.99,50.41,0,301
1649764556.469994,1,300,104,71.15,50.21,0,301
1649764556.494992,1,300,106,71.04,50.22,0,301
1649764556.519989,1,300,105,71.18,50.49,0,301
1649764556.544986,1,300,108,71.06,127.95,1,274
1649764556.569983,1,300,106,71.20,50.17,0,274
1649764556.594981,1,300,108,71.10,50.30,0,274
1649764556.619978,1,300,106,71.24,49.92,0,274
1649764556.644976,1,300,103,71.15,49.78,0,274
1649764556.669973,1,300,104,71.27,49.21,0,274
1649764556.694970,1,300,106,71.21,124.82,1,241
1649764556.719968,1,300,103,71.35,49.37,0,241
1649764556.744965,1,300,106,71.28,50.56,0,241
1649764556.769962,1,300,106,71.42,49.27,0,241
1649764556.794960,1,300,104,71.36,50.00,0,241
1649764556.819957,1,300,105,71.48,49.83,0,241
1649764556.844954,1,300,103,71.42,98.21,1,212
1649764556.869951,1,300,105,71.54,49.63,0,212
1649764556.894949,1,300,107,71.49,50.10,0,212
1649764556.919946,1,300,107,71.61,49.70,0,212
1649764556.944943,1,300,106,71.56,49.99,0,212
1649764556.969940,1,300,107,71.66,50.00,0,212
1649764556.994938,1,300,105,71.64,87.95,1,179
1649764557.019935,1,300,107,71.74,49.98,0,179
1649764557.044933,1,300,107,71.67,49.89,0,179
1649764557.069930,1,300,106,71.78,49.73,0,179
1649764557.094927,1,300,110,71.72,50.22,0,179
1649764557.119925,1,300,111,71.80,49.76,0,179
1649764557.144922,1,300,108,71.74,108.24,1,183
1649764557.169919,1,300,110,71.80,50.26,0,183
1649764557.194917,1,300,106,71.74,49.75,0,183
1649764557.219914,1,300,110,71.79,49.94,0,183
1649764557.244911,1,300,112,71.73,50.07,0,183
1649764557.269908,1,300,109,71.77,49.78,0,183
1649764557.294906,1,300,106,71.72,109.86,1,201
1649764557.319903,1,300,105,71.75,49.42,0,201
1649764557.344900,1,300,105,71.68,49.75,0,201
1649764557.369898,1,300,112,71.72,49.57,0,201
1649764557.394895,1,300,106,71.68,49.83,0,201
1649764557.419892,1,300,105,71.71,49.56,0,201
1649764557.444890,1,300,106,71.68,112.92,1,204
1649764557.469887,1,300,107,71.71,49.79,0,204
1649764557.494884,1,300,110,71.68,49.71,0,204
1649764557.519881,1,300,107,71.73,49.46,0,204
1649764557.544879,1,300,107,71.69,50.04,0,204
1649764557.569876,1,300,109,71.74,49.73,0,204
1649764557.594874,1,300,108,71.70,104.83,1,209
1649764557.619871,1,300,108,71.76,50.36,0,209
1649764557.644868,1,300,111,71.77,50.18,0,209
1649764557.669865,1,300,110,71.80,49.58,0,209
1649764557.694863,1,300,106,71.77,49.78,0,209
1649764557.719860,1,300,109,71.81,50.36,0,209
1649764557.744857,1,300,109,71.79,106.89,1,218
1649764557.769855,1,300,109,71.80,55.56,0,218
1649764557.794852,1,300,108,71.80,49.88,0,218
1649764557.819849,1,300,112,71.81,49.76,0,218
1649764557.844846,1,300,108,71.82,50.00,0,218
1649764557.869844,1,300,112,71.82,50.22,0,218
1649764557.894841,1,300,111,71.83,120.20,1,220
1649764557.919839,1,300,111,71.85,50.28,0,220
1649764557.944836,1,300,106,71.85,49.94,0,220
1649764557.969833,1,300,109,71.84,50.18,0,220
1649764557.994831,1,300,110,71.87,50.25,0,220
1649764558.019828,1,300,111,71.88,50.45,0,220
1649764558.044825,1,300,110,71.89,105.91,1,218
1649764558.069823,1,300,110,71.90,50.06,0,218
1649764558.094820,1,300,108,71.90,50.51,0,218
1649764558.119817,1,300,112,71.89,49.65,0,218
1649764558.144814,1,300,110,71.90,50.06,0,218
1649764558.169812,1,300,112,71.89,50.13,0,218
1649764558.194809,1,300,107,71.92,106.96,1,214
1649764558.219806,1,300,110,71.91,49.98,0,214
1649764558.244804,1,300,107,71.95,49.58,0,214
1649764558.269801,1,300,109,71.94,49.97,0,214
1649764558.294798,1,300,108,71.99,49.86,0,214
1649764558.319796,1,300,107,71.97,49.82,0,214
1649764558.344793,1,300,111,71.98,107.93,1,195
1649764558.369790,1,300,111,71.94,50.18,0,195
1649764558.394788,1,300,111,72.00,49.98,0,195
1649764558.419785,1,300,108,71.94,49.62,0,195
1649764558.444782,1,300,111,71.96,49.78,0,195
1649764558.469780,1,300,111,71.81,55.50,0,195
1649764558.494777,1,300,110,71.78,113.26,1,198
1649764558.519774,1,300,109,71.70,50.20,0,198
1649764558.544772,1,300,109,71.76,49.78,0,198
1649764558.569769,1,300,110,71.76,49.69,0,198
1649764558.594766,1,300,109,71.82,50.27,0,198
1649764558.619763,1,300,107,71.74,50.19,0,198
1649764558.644761,1,300,108,71.77,116.58,1,203
1649764558.669758,1,300,108,71.67,49.20,0,203
1649764558.694755,1,300,107,71.74,49.52,0,203
1649764558.719753,1,300,108,71.68,49.28,0,203
1649764558.744750,1,300,107,71.72,49.31,0,203
1649764558.769747,1,300,111,71.66,49.47,0,203
1649764558.794744,1,300,107,71.71,117.79,1,185
1649764558.819742,1,300,107,71.60,49.45,0,185
1649764558.844739,1,300,105,71.68,49.34,0,185
1649764558.869737,1,300,107,71.57,49.99,0,185
1649764558.894734,1,300,108,71.61,49.72,0,185
1649764558.919731,1,300,106,71.55,49.72,0,185
1649764558.944729,1,300,110,71.61,135.87,1,158
1649764558.969726,1,300,110,71.56,50.03,0,158
1649764558.994723,1,300,109,71.66,49.44,0,158
1649764559.019721,1,300,107,71.59,49.39,0,158
1649764559.044718,1,300,108,71.75,49.78,0,158
1649764559.069715,1,300,109,71.73,49.61,0,158
1649764559.094712,1,300,113,71.90,108.36,1,144
1649764559.119710,1,300,111,71.87,50.15,0,144
1649764559.144707,1,300,106,72.05,49.84,0,144
1649764559.169704,1,300,107,71.99,50.58,0,144
1649764559.194702,1,300,109,72.19,50.25,0,144
1649764559.219699,1,300,105,72.12,49.71,0,144
1649764559.244696,1,300,107,72.20,109.57,1,144
1649764559.269694,1,300,109,72.15,50.18,0,144
1649764559.294691,1,300,110,72.28,50.34,0,144
1649764559.319689,1,300,108,72.16,50.14,0,144
1649764559.344686,1,300,107,72.27,50.38,0,144
1649764559.369683,1,300,107,72.13,50.05,0,144
1649764559.394680,1,300,109,72.26,114.57,1,135
1649764559.419678,1,300,110,72.12,50.50,0,135
1649764559.444675,1,300,109,72.22,50.12,0,135
1649764559.469672,1,300,109,72.06,50.18,0,135
1649764559.494670,1,300,106,72.17,51.19,0,135
1649764559.519667,1,300,108,71.83,57.33,0,135
1649764559.544664,1,300,107,71.62,126.04,1,203
1649764559.569661,1,300,104,71.31,56.43,0,203
1649764559.594659,1,300,106,71.51,57.43,0,203
1649764559.619656,1,291,105,71.80,57.23,0,203
1649764559.644653,1,300,102,72.58,56.98,0,203
1649764559.669651,1,292,102,73.29,55.97,0,203
1649764559.694648,1,289,102,74.33,151.15,1,271
1649764559.719645,1,277,106,75.07,54.90,0,271
1649764559.744642,1,266,110,76.04,54.90,0,271
1649764559.769640,1,265,113,76.66,53.25,0,271
1649764559.794637,1,296,110,77.56,55.98,0,271
1649764559.819635,1,300,121,78.24,57.95,0,271
1649764559.844632,1,300,118,79.32,219.22,1,293
1649764559.869629,1,272,128,80.16,56.21,0,293
1649764559.894627,1,300,133,81.41,57.10,0,293
1649764559.919624,1,300,131,82.39,58.64,0,293
1649764559.944621,1,300,135,78.43,59.05,0,293
1649764559.969618,1,300,130,79.21,58.06,0,293
1649764559.994616,1,300,137,80.30,199.51,1,337
1649764560.019613,1,300,133,75.88,60.49,0,337
1649764560.044611,1,300,124,76.54,58.38,0,337
1649764560.069608,1,300,127,76.72,54.94,0,337
1649764560.094599,1,300,131,77.12,53.78,0,337
1649764560.119597,1,277,132,76.81,51.33,0,337
1649764560.144594,1,265,136,76.62,161.07,1,360
1649764560.169591,1,253,135,75.92,48.72,0,360
1649764560.194588,1,244,127,75.54,47.97,0,360
1649764560.219586,1,252,137,74.58,49.13,0,360
1649764560.244583,1,242,135,73.93,49.98,0,360
1649764560.269580,1,244,146,72.95,49.32,0,360
1649764560.294578,1,242,150,72.40,198.35,1,394
1649764560.319575,1,241,151,71.55,50.87,0,394
1649764560.344572,1,259,164,71.02,54.25,0,394
1649764560.369570,1,249,165,70.15,53.75,0,394
1649764560.394567,1,244,184,69.62,53.94,0,394
1649764560.419564,1,237,178,68.89,55.02,0,394
1649764560.444561,1,232,172,68.52,119.08,1,425
1649764560.469558,1,235,175,67.88,54.98,0,425
1649764560.494556,1,232,177,67.54,52.66,0,425
1649764560.519553,1,231,177,66.95,51.55,0,425
1649764560.544550,1,229,173,66.75,49.83,0,425
1649764560.569548,1,233,177,66.32,49.61,0,425
1649764560.594545,1,232,179,66.37,153.18,1,445
1649764560.619542,1,249,185,66.25,49.27,0,445
1649764560.644540,1,240,193,66.68,47.64,0,445
1649764560.669537,1,221,187,66.84,46.57,0,445
1649764560.694534,1,225,195,67.44,48.08,0,445
1649764560.719531,1,276,210,67.92,53.45,0,445
1649764560.744529,1,260,206,68.81,123.99,1,489
1649764560.769526,1,271,205,69.47,52.94,0,489
1649764560.794523,1,264,192,70.48,51.00,0,489
1649764560.819520,1,300,209,71.15,54.90,0,489
1649764560.844518,1,298,202,72.27,55.59,0,489
1649764560.869515,1,300,202,73.14,55.52,0,489
1649764560.894512,1,300,185,74.38,113.17,1,533
1649764560.919510,1,300,186,71.12,56.25,0,533
1649764560.944507,1,300,183,72.25,55.47,0,533
1649764560.969504,1,300,172,73.11,54.43,0,533
1649764560.994501,1,300,168,74.32,55.86,0,533
1649764561.019499,1,300,178,70.66,55.26,0,533
1649764561.044496,1,300,181,71.80,114.21,1,579
1649764561.069494,1,300,185,72.50,56.84,0,579
1649764561.094491,1,300,181,73.65,58.51,0,579
1649764561.119488,1,300,185,74.21,59.20,0,579
1649764561.144485,1,300,181,75.10,56.96,0,579
1649764561.169482,1,300,178,75.45,56.72,0,579
1649764561.194480,1,300,169,76.23,103.35,1,614
1649764561.219477,1,300,162,72.54,57.20,0,614
1649764561.244474,1,300,159,73.20,56.06,0,614
1649764561.269472,1,298,151,73.46,54.34,0,614
1649764561.294469,1,300,143,74.11,53.39,0,614
1649764561.319466,1,300,141,74.25,55.05,0,614
1649764561.344464,1,297,134,74.75,90.62,1,659
1649764561.369461,1,300,131,74.77,55.22,0,659
1649764561.394458,1,300,129,75.15,54.20,0,659
1649764561.419456,1,300,129,75.03,53.68,0,659
1649764561.444453,1,300,127,75.32,52.75,0,659
1649764561.469450,1,300,126,75.13,53.07,0,659
1649764561.494447,1,296,125,75.37,88.83,1,705
1649764561.519444,1,300,120,75.18,50.92,0,705
1649764561.544442,1,300,104,75.36,50.00,0,705
1649764561.569439,1,299,101,75.07,48.69,0,705
1649764561.594436,1,300,103,75.15,50.01,0,705
1649764561.619434,1,295,103,74.80,48.73,0,705
1649764561.644431,1,300,106,74.86,87.69,1,727
1649764561.669428,1,300,95,74.53,48.95,0,727
1649764561.694426,1,300,97,74.67,49.09,0,727
1649764561.719423,1,300,102,74.37,50.81,0,727
1649764561.744420,1,300,102,74.56,49.92,0,727
1649764561.769418,1,300,107,74.35,50.72,0,727
1649764561.794415,1,300,109,74.48,121.12,1,757
1649764561.819412,1,300,107,74.07,50.53,0,757
1649764561.844409,1,300,108,74.04,49.84,0,757
1649764561.869406,1,300,104,73.58,50.87,0,757
1649764561.894404,1,300,95,73.64,51.25,0,757
1649764561.919401,1,300,99,73.30,53.65,0,757
1649764561.944398,1,300,105,73.42,116.64,1,780
1649764561.969395,1,300,115,73.18,57.11,0,780
1649764561.994393,1,300,126,73.43,56.93,0,780
1649764562.019390,1,300,123,73.25,58.19,0,780
1649764562.044388,1,296,118,73.49,56.12,0,780
1649764562.069385,1,290,117,73.27,54.82,0,780
1649764562.094382,1,288,119,73.48,97.54,1,813
1649764562.119379,1,298,121,73.21,56.19,0,813
1649764562.144377,1,300,128,73.33,56.50,0,813
1649764562.169374,1,300,119,73.03,55.40,0,813
1649764562.194371,1,300,118,73.16,54.42,0,813
1649764562.219368,1,300,115,72.91,54.14,0,813
1649764562.244365,1,300,119,73.14,141.98,1,848
1649764562.269363,1,300,119,72.93,54.69,0,848
1649764562.294360,1,300,119,73.10,54.70,0,848
1649764562.319358,1,300,123,72.79,55.17,0,848
1649764562.344355,1,300,119,72.89,55.15,0,848
1649764562.369352,1,300,116,72.53,55.10,0,848
1649764562.394349,1,300,113,72.60,142.99,1,877
1649764562.419347,1,300,117,72.25,54.59,0,877
1649764562.444344,1,300,124,72.35,54.61,0,877
1649764562.469341,1,300,125,72.01,54.96,0,877
1649764562.494339,1,294,122,72.02,53.35,0,877
1649764562.519336,1,300,127,71.57,54.10,0,877
1649764562.544333,1,300,136,71.59,135.82,1,906
1649764562.569330,1,285,129,71.21,53.37,0,906
1649764562.594327,1,300,139,71.26,54.51,0,906
1649764562.619325,1,291,136,70.81,53.83,0,906
1649764562.644322,1,300,148,70.73,55.79,0,906
1649764562.669319,1,300,149,70.13,56.01,0,906
1649764562.694317,1,300,150,69.94,118.94,1,944
1649764562.719314,1,300,155,69.37,58.41,0,944
1649764562.744311,1,300,154,69.18,55.81,0,944
1649764562.769309,1,293,153,68.62,54.83,0,944
1649764562.794306,1,300,150,68.46,55.47,0,944
1649764562.819303,1,300,157,67.92,56.03,0,944
1649764562.844301,1,300,149,67.84,142.82,1,970
1649764562.869298,1,300,149,67.38,56.81,0,970
1649764562.894295,1,300,152,67.40,55.61,0,970
1649764562.919292,1,289,150,67.03,54.45,0,970
1649764562.944289,1,281,152,67.09,53.20,0,970
1649764562.969287,1,272,147,66.76,51.68,0,970
1649764562.994284,1,263,150,66.84,117.23,1,985
1649764563.019282,1,264,151,66.51,50.68,0,985
1649764563.044279,1,267,156,66.64,51.47,0,985
1649764563.069276,1,300,174,66.34,55.17,0,985
1649764563.094273,1,289,178,66.44,54.89,0,985
1649764563.119271,1,290,175,66.05,54.49,0,985
1649764563.144268,1,300,178,66.07,108.77,1,1016
1649764563.169265,1,300,178,65.68,57.32,0,1016
1649764563.194263,1,300,174,65.74,56.37,0,1016
1649764563.219260,1,300,165,65.32,54.26,0,1016
1649764563.244257,1,294,167,65.33,54.74,0,1016
1649764563.269254,1,282,162,64.91,53.63,0,1016
1649764563.294252,1,300,173,64.88,155.62,1,1055
1649764563.319249,1,300,175,64.49,57.84,0,1055
1649764563.344246,1,300,178,64.64,57.46,0,1055
1649764563.369243,1,300,177,64.38,56.20,0,1055
1649764563.394241,1,300,175,64.52,55.38,0,1055
1649764563.419238,1,300,171,64.16,57.49,0,1055
1649764563.444235,1,300,173,64.21,143.82,1,1073
1649764563.469233,1,295,175,63.69,56.16,0,1073
1649764563.494230,1,300,171,63.59,55.53,0,1073
1649764563.519227,1,300,166,63.08,55.81,0,1073
1649764563.544225,1,300,164,63.10,55.24,0,1073
1649764563.569222,1,300,162,62.66,56.17,0,1073
1649764563.594219,1,300,166,62.67,150.74,1,1104
1649764563.619216,1,300,173,62.05,56.36,0,1104
1649764563.644213,1,300,173,61.82,55.99,0,1104
1649764563.669211,1,300,171,61.08,55.78,0,1104
1649764563.694208,1,300,172,60.85,55.72,0,1104
1649764563.719205,1,300,182,60.22,56.38,0,1104
1649764563.744203,1,300,180,60.18,172.48,1,1143
1649764563.769200,1,289,181,59.73,55.57,0,1143
1649764563.794197,1,277,175,59.78,54.80,0,1143
1649764563.819195,1,300,196,59.43,57.12,0,1143
1649764563.844192,1,288,188,59.53,56.34,0,1143
1649764563.869189,1,298,199,59.18,57.33,0,1143
1649764563.894186,1,300,198,59.33,143.48,1,1186
1649764563.919184,1,285,205,59.02,57.26,0,1186
1649764563.944181,1,292,205,59.18,56.87,0,1186
1649764563.969178,1,293,209,58.91,57.04,0,1186
1649764563.994175,1,294,202,59.04,56.88,0,1186
1649764564.019173,1,293,201,58.76,56.55,0,1186
1649764564.044170,1,290,199,58.89,163.43,1,1178
1649764564.069167,1,288,201,58.55,55.95,0,1178
1649764564.094165,1,300,205,58.64,57.20,0,1178
1649764564.119162,1,300,207,58.24,57.52,0,1178
1649764564.144159,1,300,197,58.28,58.06,0,1178
1649764564.169156,1,300,206,57.86,57.34,0,1178
1649764564.194154,1,296,209,58.00,146.19,1,1164
1649764564.219151,1,300,216,57.70,57.57,0,1164
1649764564.244148,1,300,213,57.91,58.19,0,1164
1649764564.269145,1,300,217,57.65,57.18,0,1164
1649764564.294143,1,300,206,57.91,56.51,0,1164
1649764564.319140,1,300,213,57.70,56.04,0,1164
1649764564.344137,1,300,205,58.02,193.22,1,1147
1649764564.369135,1,300,219,57.84,57.77,0,1147
1649764564.394132,1,300,212,58.21,58.38,0,1147
1649764564.419129,1,300,215,57.97,58.04,0,1147
1649764564.444126,1,300,215,58.25,59.03,0,1147
1649764564.469124,1,300,227,57.99,58.98,0,1147
1649764564.494121,1,300,215,58.23,197.51,1,1128
1649764564.519119,1,300,236,57.92,59.92,0,1128
1649764564.544116,1,300,225,58.21,59.04,0,1128
1649764564.569113,1,300,229,57.96,59.07,0,1128
1649764564.594110,1,300,228,66.12,58.01,0,1128
1649764564.619107,1,300,236,65.76,58.90,0,1128
1649764564.644105,1,300,217,66.05,205.56,1,1102
1649764564.669102,1,300,228,65.67,58.67,0,1102
1649764564.694099,1,300,216,65.97,57.26,0,1102
1649764564.719097,1,300,226,65.63,58.27,0,1102
1649764564.744094,1,300,219,66.00,57.75,0,1102
1649764564.769091,1,300,236,65.71,58.04,0,1102
1649764564.794088,1,300,218,66.13,211.99,1,1079
1649764564.819086,1,300,217,65.89,57.37,0,1079
1649764564.844083,1,300,210,66.33,58.29,0,1079
1649764564.869081,1,300,215,66.08,57.80,0,1079
1649764564.894078,1,294,209,66.52,57.62,0,1079
1649764564.919075,1,297,212,66.23,57.75,0,1079
1649764564.944072,1,297,208,66.60,211.57,1,1019
1649764564.969069,1,285,197,66.23,58.80,0,1019
1649764564.994067,1,266,183,66.56,57.10,0,1019
1649764565.019064,1,268,176,66.17,56.83,0,1019
1649764565.044061,1,259,162,66.51,55.44,0,1019
1649764565.069059,1,252,162,66.04,53.94,0,1019
1649764565.094056,1,253,149,66.28,184.27,1,967
1649764565.119053,1,235,150,65.69,54.57,0,967
1649764565.144051,1,224,125,65.84,53.93,0,967
1649764565.169048,1,218,132,65.11,51.33,0,967
1649764565.194045,1,248,137,65.12,54.99,0,967
1649764565.219042,1,235,135,64.23,53.11,0,967
1649764565.244040,1,228,126,64.14,173.42,1,967
1649764565.269037,1,235,126,63.15,51.73,0,967
1649764565.294034,1,300,143,63.06,59.06,0,967
1649764565.319031,1,263,142,62.19,56.65,0,967
1649764565.344029,1,257,147,62.18,54.10,0,967
1649764565.369026,1,255,146,61.38,53.24,0,967
1649764565.394023,1,251,149,61.42,143.45,1,988
1649764565.419021,1,250,150,60.65,52.78,0,988
1649764565.444018,1,248,153,60.63,52.49,0,988
1649764565.469015,1,250,150,59.75,51.85,0,988
1649764565.494012,1,266,157,67.71,52.97,0,988
1649764565.519010,1,295,170,66.69,60.34,0,988
1649764565.544007,1,282,167,66.63,158.86,1,989
1649764565.569004,1,281,166,65.73,55.39,0,989
1649764565.594002,1,300,166,65.73,57.04,0,989
1649764565.618999,1,280,162,64.89,53.65,0,989
1649764565.643996,1,300,166,65.01,56.37,0,989
1649764565.668993,1,300,163,64.32,56.85,0,989
1649764565.693991,1,290,160,64.48,158.56,1,1021
1649764565.718988,1,278,155,63.95,53.34,0,1021
1649764565.743985,1,282,155,64.14,52.61,0,1021
1649764565.768983,1,275,153,63.68,51.78,0,1021
1649764565.793980,1,263,141,63.87,49.83,0,1021
1649764565.818977,1,272,142,63.49,50.17,0,1021
1649764565.843974,1,264,132,63.80,185.18,1,1018
1649764565.868972,1,262,130,63.65,47.77,0,1018
1649764565.893969,1,258,125,64.04,45.50,0,1018
1649764565.918966,1,268,126,64.07,48.34,0,1018
1649764565.943964,1,260,113,64.41,45.51,0,1018
1649764565.968961,1,253,99,64.45,44.53,0,1018
1649764565.993958,1,262,103,64.93,108.11,1,1012
1649764566.018955,1,268,95,65.23,45.65,0,1012
1649764566.043953,1,300,91,65.68,48.57,0,1012
1649764566.068950,1,300,91,65.91,50.37,0,1012
1649764566.093950,1,300,93,66.12,51.81,0,1012
1649764566.118947,1,300,85,66.31,50.23,0,1012
1649764566.143945,1,300,90,66.48,110.63,1,1007
1649764566.168942,1,300,88,66.71,51.64,0,1007
1649764566.193939,1,300,93,66.95,51.20,0,1007
1649764566.218936,1,300,93,67.25,52.02,0,1007
1649764566.243934,1,300,94,67.61,52.64,0,1007
1649764566.268931,1,300,91,68.06,52.35,0,1007
1649764566.293928,1,300,90,68.54,146.13,1,1048
1649764566.318926,1,300,89,69.09,54.51,0,1048
1649764566.343923,1,300,92,69.60,53.71,0,1048
1649764566.368920,1,300,91,70.25,54.84,0,1048
1649764566.393917,1,300,92,70.77,49.81,0,1048
1649764566.418915,1,300,92,71.29,55.72,0,1048
1649764566.443912,1,300,93,71.67,153.91,1,1025
1649764566.468909,1,300,92,72.16,57.59,0,1025
1649764566.493906,1,300,96,72.48,56.67,0,1025
1649764566.518904,1,300,96,72.79,56.25,0,1025
1649764566.543901,1,300,98,72.89,56.12,0,1025
1649764566.568898,1,300,96,73.06,51.63,0,1025
1649764566.593896,1,300,97,73.08,150.29,1,1013
1649764566.618893,1,300,95,73.18,52.41,0,1013
1649764566.643890,1,300,95,73.10,52.10,0,1013
1649764566.668888,1,300,93,73.20,57.37,0,1013
1649764566.693885,1,300,95,73.11,57.05,0,1013
1649764566.718882,1,300,95,73.28,58.08,0,1013
1649764566.743879,1,300,96,73.29,159.01,1,988
1649764566.768877,1,300,94,73.53,57.90,0,988
1649764566.793874,1,300,95,73.60,53.06,0,988
1649764566.818871,1,300,95,73.84,53.49,0,988
1649764566.843868,1,300,93,73.90,53.52,0,988
1649764566.868866,1,300,93,74.17,53.87,0,988
1649764566.893863,1,300,94,74.23,155.20,1,957
1649764566.918860,1,300,94,74.46,54.70,0,957
1649764566.943858,1,300,94,74.42,54.60,0,957
1649764566.968855,1,300,94,74.55,55.11,0,957
1649764566.993852,1,300,93,74.44,54.10,0,957
1649764567.018850,1,300,95,74.47,54.61,0,957
1649764567.043847,1,300,94,74.30,160.12,1,926
1649764567.068844,1,300,95,74.34,55.32,0,926
1649764567.093841,1,300,97,74.17,54.43,0,926
1649764567.118839,1,300,100,74.20,54.44,0,926
1649764567.143836,1,300,99,74.08,54.61,0,926
1649764567.168833,1,300,99,74.27,59.88,0,926
1649764567.193830,1,300,98,74.25,162.20,1,910
1649764567.218828,1,300,99,74.50,55.57,0,910
1649764567.243825,1,300,99,74.64,55.18,0,910
1649764567.268822,1,300,98,75.04,54.88,0,910
1649764567.293820,1,300,96,75.27,55.18,0,910
1649764567.318817,1,300,93,75.77,54.81,0,910
1649764567.343814,1,300,97,72.01,164.87,1,861
1649764567.368812,1,300,97,72.56,52.46,0,861
1649764567.393809,1,300,100,72.76,55.92,0,861
1649764567.418806,1,300,100,73.12,54.75,0,861
1649764567.443803,1,300,98,73.13,54.38,0,861
1649764567.468801,1,300,98,73.31,52.70,0,861
1649764567.493798,1,300,98,73.17,138.77,1,830
1649764567.518795,1,300,96,73.27,48.45,0,830
1649764567.543792,1,300,97,73.09,53.13,0,830
1649764567.568790,1,300,96,73.16,48.72,0,830
1649764567.593787,1,300,98,72.94,49.23,0,830
1649764567.618784,1,300,97,72.90,50.05,0,830
1649764567.643782,1,300,96,72.61,111.72,1,802
1649764567.668779,1,300,98,72.61,52.14,0,802
1649764567.693776,1,300,94,72.42,52.28,0,802
1649764567.718774,1,300,94,72.52,52.23,0,802
1649764567.743771,1,300,92,72.34,56.92,0,802
1649764567.768768,1,300,95,72.46,52.12,0,802
1649764567.793765,1,300,95,72.31,145.39,1,771
1649764567.818763,1,300,92,72.46,52.53,0,771
1649764567.843760,1,300,95,72.31,52.55,0,771
1649764567.868757,1,300,94,72.42,52.74,0,771
1649764567.893754,1,300,92,72.21,52.51,0,771
1649764567.918752,1,300,92,72.29,52.55,0,771
1649764567.943749,1,300,93,72.15,154.51,1,731
1649764567.968746,1,300,94,72.23,52.73,0,731
1649764567.993744,1,300,94,71.98,52.56,0,731
1649764568.018741,1,300,94,72.01,52.97,0,731
1649764568.043738,1,300,93,71.78,53.39,0,731
1649764568.068736,1,300,93,71.90,53.06,0,731
1649764568.093733,1,300,96,71.76,116.41,1,681
1649764568.118730,1,300,94,71.95,58.46,0,681
1649764568.143727,1,300,93,71.84,53.95,0,681
1649764568.168725,1,300,96,72.06,58.20,0,681
1649764568.193722,1,300,92,71.99,58.95,0,681
1649764568.218719,1,300,91,72.20,59.89,0,681
1649764568.243716,1,300,89,72.11,163.03,1,661
1649764568.268714,1,300,92,72.30,59.08,0,661
1649764568.293711,1,300,88,72.18,54.37,0,661
1649764568.318708,1,300,91,72.33,53.56,0,661
1649764568.343706,1,300,90,72.16,53.80,0,661
1649764568.368703,1,300,91,72.31,53.05,0,661
1649764568.393700,1,300,90,72.16,142.99,1,637
1649764568.418697,1,300,92,72.31,53.37,0,637
1649764568.443695,1,300,91,72.13,53.61,0,637
1649764568.468692,1,300,92,72.24,53.46,0,637
1649764568.493689,1,300,90,72.02,53.43,0,637
1649764568.518687,1,300,93,72.15,58.30,0,637
1649764568.543684,1,300,88,71.92,222.17,1,623
1649764568.568681,1,300,90,72.08,53.44,0,623
1649764568.593678,1,300,92,71.94,53.30,0,623
1649764568.618676,1,300,90,72.15,53.37,0,623
1649764568.643673,1,300,93,71.99,53.29,0,623
1649764568.668670,1,300,89,72.21,53.31,0,623
1649764568.693668,1,300,90,72.06,210.05,1,597
1649764568.718665,1,300,89,72.24,53.28,0,597
1649764568.743662,1,300,91,72.03,53.37,0,597
1649764568.768659,1,300,91,72.20,53.08,0,597
1649764568.793657,1,300,90,72.01,53.26,0,597
1649764568.818654,1,300,89,72.13,53.14,0,597
1649764568.843651,1,300,93,71.94,218.29,1,579
1649764568.868649,1,300,89,72.08,53.76,0,579
1649764568.893646,1,300,92,71.87,53.90,0,579
1649764568.918643,1,300,89,72.03,54.02,0,579
1649764568.943640,1,300,90,71.85,53.89,0,579
1649764568.968638,1,300,90,72.01,53.54,0,579
1649764568.993635,1,300,92,71.76,200.79,1,560
1649764569.018632,1,300,90,71.77,54.30,0,560
1649764569.043630,1,300,93,71.42,55.08,0,560
1649764569.068627,1,300,93,71.41,60.48,0,560
1649764569.093624,1,300,90,71.08,55.15,0,560
1649764569.118621,1,300,92,71.15,60.90,0,560
1649764569.143619,1,300,91,70.94,281.24,1,521
1649764569.168616,1,300,92,71.14,55.32,0,521
1649764569.193613,1,300,91,71.00,54.74,0,521
1649764569.218611,1,300,89,71.22,55.30,0,521
1649764569.243608,1,300,91,71.07,56.02,0,521
1649764569.268605,1,300,91,71.26,54.96,0,521
1649764569.293602,1,300,92,71.14,251.10,1,500
1649764569.318600,1,300,94,71.35,55.01,0,500
1649764569.343597,1,300,92,71.21,54.43,0,500
1649764569.368594,1,300,93,71.45,54.30,0,500
1649764569.393591,1,300,92,71.32,54.01,0,500
1649764569.418589,1,300,92,71.52,54.25,0,500
1649764569.443586,1,300,91,71.35,163.69,1,451
1649764569.468583,1,300,90,71.59,54.73,0,451
1649764569.493581,1,300,93,71.40,54.28,0,451
1649764569.518578,1,300,91,71.60,54.28,0,451
1649764569.543575,1,300,90,71.36,54.04,0,451
1649764569.568573,1,300,93,71.56,54.16,0,451
1649764569.593570,1,300,92,71.38,159.72,1,412
1649764569.618567,1,300,90,71.54,54.46,0,412
1649764569.643564,1,300,92,71.36,53.57,0,412
1649764569.668561,1,300,90,71.56,54.26,0,412
1649764569.693559,1,300,90,71.37,53.81,0,412
1649764569.718556,1,300,90,71.58,53.76,0,412
1649764569.743553,1,300,91,71.37,185.78,1,370
1649764569.768551,1,300,89,71.56,54.31,0,370
1649764569.793548,1,300,89,71.36,53.79,0,370
1649764569.818545,1,300,91,71.53,53.78,0,370
1649764569.843543,1,300,92,71.36,54.29,0,370
1649764569.868540,1,300,92,71.57,53.89,0,370
1649764569.893537,1,300,90,71.36,179.15,1,334
1649764569.918535,1,300,88,71.56,53.95,0,334
1649764569.943532,1,300,89,71.37,53.62,0,334
1649764569.968529,1,300,93,71.58,53.72,0,334
1649764569.993526,1,300,90,71.39,53.49,0,334
1649764570.018523,1,300,88,71.58,53.60,0,334
1649764570.043521,1,300,92,71.41,152.95,1,323
1649764570.068518,1,300,92,71.60,53.64,0,323
1649764570.093521,1,300,91,71.41,53.78,0,323
1649764570.118519,1,300,90,71.60,53.89,0,323
1649764570.143516,1,300,90,71.39,53.82,0,323
1649764570.168513,1,300,91,71.60,53.80,0,323
1649764570.193510,1,300,89,71.41,184.46,1,290
1649764570.218508,1,300,90,71.59,54.32,0,290
1649764570.243505,1,300,90,71.37,53.87,0,290
1649764570.268502,1,300,89,71.58,54.20,0,290
1649764570.293500,1,300,90,71.38,53.68,0,290
1649764570.318497,1,300,90,71.59,53.72,0,290
1649764570.343494,1,300,93,71.37,149.34,1,237
1649764570.368491,1,300,90,71.58,53.95,0,237
1649764570.393489,1,300,90,71.36,53.77,0,237
1649764570.418486,1,300,92,71.54,54.41,0,237
1649764570.443483,1,300,91,71.32,54.07,0,237
1649764570.468481,1,300,89,71.53,54.26,0,237
1649764570.493478,1,300,91,71.35,128.33,1,287
1649764570.518476,1,300,90,71.55,54.17,0,287
1649764570.543473,1,300,89,71.32,53.92,0,287
1649764570.568470,1,300,89,71.55,54.97,0,287
1649764570.593467,1,300,90,71.34,53.94,0,287
1649764570.618465,1,300,91,71.54,53.95,0,287
1649764570.643462,1,300,91,71.33,96.16,1,280
1649764570.668459,1,300,89,71.53,54.06,0,280
1649764570.693457,1,300,90,71.33,53.70,0,280
1649764570.718454,1,300,88,71.54,53.91,0,280
1649764570.743451,1,300,91,71.35,54.27,0,280
1649764570.768449,1,300,88,71.58,53.88,0,280
1649764570.793446,1,300,89,71.36,108.19,1,286
1649764570.818443,1,300,89,71.57,53.88,0,286
1649764570.843441,1,300,88,71.36,53.45,0,286
1649764570.868438,1,300,88,71.57,54.19,0,286
1649764570.893435,1,300,88,71.36,53.65,0,286
1649764570.918432,1,300,90,71.58,53.85,0,286
1649764570.943430,1,300,91,71.36,90.65,1,288
1649764570.968427,1,300,88,71.60,53.77,0,288
1649764570.993424,1,300,91,71.37,53.90,0,288
1649764571.018422,1,300,89,71.58,54.08,0,288
1649764571.043419,1,300,89,71.37,53.70,0,288
1649764571.068416,1,300,89,71.60,58.35,0,288
1649764571.093414,1,300,88,71.38,102.20,1,291
1649764571.118411,1,300,87,71.61,54.01,0,291
1649764571.143408,1,300,86,71.39,53.72,0,291
1649764571.168406,1,300,88,71.61,53.48,0,291
1649764571.193403,1,300,86,71.37,53.54,0,291
1649764571.218400,1,300,90,71.62,54.11,0,291
1649764571.243398,1,300,89,71.39,107.72,1,296
1649764571.268395,1,300,89,71.62,54.27,0,296
1649764571.293392,1,300,88,71.39,53.95,0,296
1649764571.318389,1,300,89,71.61,54.12,0,296
1649764571.343387,1,300,88,71.39,53.85,0,296
1649764571.368384,1,300,89,71.62,53.18,0,296
1649764571.393381,1,300,88,71.39,136.82,1,295
1649764571.418379,1,300,88,71.60,53.96,0,295
1649764571.443376,1,300,87,71.36,53.89,0,295
1649764571.468373,1,300,87,71.59,54.24,0,295
1649764571.493371,1,300,88,71.35,53.73,0,295
1649764571.518368,1,300,89,71.57,53.89,0,295
1649764571.543365,1,300,87,71.36,108.27,1,294
1649764571.568363,1,300,87,71.58,54.14,0,294
1649764571.593360,1,300,89,71.36,53.74,0,294
1649764571.618357,1,300,89,71.55,53.68,0,294
1649764571.643355,1,300,87,71.34,53.39,0,294
1649764571.668352,1,300,89,71.58,53.85,0,294
1649764571.693349,1,300,88,71.34,112.05,1,296
1649764571.718347,1,300,88,71.56,53.76,0,296
1649764571.743344,1,300,86,71.36,53.50,0,296
1649764571.768341,1,300,89,71.57,53.51,0,296
1649764571.793338,1,300,89,71.35,53.65,0,296
1649764571.818336,1,300,87,71.58,53.53,0,296
1649764571.843333,1,300,87,71.35,105.50,1,296
1649764571.868330,1,300,89,71.57,53.92,0,296
1649764571.893328,1,300,86,71.33,53.33,0,296
1649764571.918325,1,300,86,71.56,53.43,0,296
1649764571.943322,1,300,87,71.36,53.89,0,296
1649764571.968320,1,300,86,71.59,53.77,0,296
1649764571.993317,1,300,86,71.35,107.64,1,293
1649764572.018314,1,300,87,71.57,53.63,0,293
1649764572.043312,1,300,86,71.35,53.81,0,293
1649764572.068309,1,300,87,71.57,54.15,0,293
1649764572.093306,1,300,87,71.36,53.55,0,293
1649764572.118304,1,300,86,71.59,53.79,0,293
1649764572.143301,1,300,88,71.36,111.39,1,293
1649764572.168298,1,300,87,71.58,53.81,0,293
1649764572.193295,1,300,86,71.35,53.37,0,293
1649764572.218293,1,300,86,71.60,54.00,0,293
1649764572.243290,1,300,86,71.36,53.88,0,293
1649764572.268287,1,300,87,71.60,53.96,0,293
1649764572.293285,1,300,85,71.35,115.79,1,294
1649764572.318282,1,300,86,71.58,53.87,0,294
1649764572.343279,1,300,89,71.33,53.73,0,294
1649764572.368277,1,300,86,71.58,54.51,0,294
1649764572.393274,1,300,86,71.32,54.60,0,294
1649764572.418271,1,300,91,71.54,54.37,0,294
1649764572.443269,1,300,88,71.31,121.46,1,294
1649764572.468266,1,300,89,71.54,54.28,0,294
1649764572.493263,1,300,88,71.30,54.13,0,294
1649764572.518261,1,300,89,71.53,54.18,0,294
1649764572.543258,1,300,88,71.31,54.16,0,294
1649764572.568255,1,300,88,71.56,54.45,0,294
1649764572.593253,1,300,91,71.30,145.25,1,291
1649764572.618250,1,300,87,71.55,54.29,0,291
1649764572.643247,1,300,87,71.33,53.99,0,291
1649764572.668244,1,300,87,71.55,53.94,0,291
1649764572.693242,1,300,87,71.33,54.19,0,291
1649764572.718239,1,300,87,71.56,54.24,0,291
1649764572.743236,1,300,88,71.33,128.52,1,293
1649764572.768234,1,300,87,71.57,54.36,0,293
1649764572.793231,1,300,84,71.33,53.86,0,293
1649764572.818228,1,300,86,71.57,54.05,0,293
1649764572.843226,1,300,86,71.34,54.17,0,293
1649764572.868223,1,300,86,71.58,54.19,0,293
1649764572.893220,1,300,85,71.41,188.04,1,293
1649764572.918217,1,300,87,71.60,54.10,0,293
1649764572.943215,1,300,87,71.38,53.70,0,293
1649764572.968212,1,300,89,71.63,53.95,0,293
1649764572.993209,1,300,88,71.39,53.82,0,293
1649764573.018207,1,300,86,71.61,53.84,0,293
1649764573.043204,1,300,86,71.38,171.14,1,290
1649764573.068202,1,300,86,71.62,54.05,0,290
1649764573.093199,1,300,87,71.38,54.42,0,290
1649764573.118196,1,300,87,71.63,54.11,0,290
1649764573.143193,1,300,87,71.36,54.03,0,290
1649764573.168191,1,300,87,71.62,54.18,0,290
1649764573.193188,1,300,89,71.36,179.67,1,287
1649764573.218185,1,300,86,71.59,54.33,0,287
1649764573.243183,1,300,86,71.38,53.75,0,287
1649764573.268180,1,300,88,71.61,54.29,0,287
1649764573.293177,1,300,87,71.37,53.59,0,287
1649764573.318175,1,300,87,71.63,54.14,0,287
1649764573.343172,1,300,86,71.39,190.38,1,286
1649764573.368169,1,300,88,71.63,53.89,0,286
1649764573.393167,1,300,87,71.40,53.68,0,286
1649764573.418164,1,300,87,71.62,54.20,0,286
1649764573.443161,1,300,87,71.40,53.49,0,286
1649764573.468158,1,300,87,71.63,53.76,0,286
1649764573.493156,1,300,88,71.39,238.60,1,289
1649764573.518153,1,300,87,71.64,54.49,0,289
1649764573.543150,1,300,86,71.40,53.65,0,289
1649764573.568148,1,300,87,71.62,53.86,0,289
1649764573.593145,1,300,86,71.40,53.77,0,289
1649764573.618142,1,300,87,71.63,53.55,0,289
1649764573.643140,1,300,87,71.42,214.00,1,277
1649764573.668137,1,300,87,71.64,54.22,0,277
1649764573.693134,1,300,89,71.43,54.13,0,277
1649764573.718132,1,300,88,71.65,53.94,0,277
1649764573.743129,1,300,87,71.42,53.73,0,277
1649764573.768126,1,300,87,71.66,53.77,0,277
1649764573.793123,1,300,88,71.42,180.21,1,284
1649764573.818121,1,300,86,71.66,54.21,0,284
1649764573.843118,1,300,85,71.43,54.00,0,284
1649764573.868115,1,300,87,71.67,53.90,0,284
1649764573.893113,1,300,86,71.44,53.71,0,284
1649764573.918110,1,300,86,71.66,55.14,0,284
1649764573.943107,1,300,88,71.44,233.44,1,278
1649764573.968105,1,300,87,71.66,54.43,0,278
1649764573.993102,1,300,86,71.43,54.49,0,278
1649764574.018100,1,300,88,71.68,54.16,0,278
1649764574.043097,1,300,87,71.42,53.94,0,278
1649764574.068094,1,300,89,71.67,53.68,0,278
1649764574.093091,1,300,88,71.42,152.12,1,278
1649764574.118089,1,300,87,71.67,54.39,0,278
1649764574.143086,1,300,86,71.44,53.88,0,278
1649764574.168083,1,300,86,71.67,53.59,0,278
1649764574.193081,1,300,87,71.42,53.78,0,278
1649764574.218078,1,300,86,71.66,53.77,0,278
1649764574.243075,1,300,87,71.43,208.56,1,279
1649764574.268072,1,300,88,71.68,54.18,0,279
1649764574.293070,1,300,88,71.44,53.72,0,279
1649764574.318067,1,300,88,71.66,54.43,0,279
1649764574.343065,1,300,89,71.45,54.01,0,279
1649764574.368062,1,300,86,71.67,54.31,0,279
1649764574.393059,1,300,88,71.44,206.01,1,256
1649764574.418056,1,300,89,71.66,54.35,0,256
1649764574.443054,1,300,87,71.42,54.32,0,256
1649764574.468051,1,300,89,71.66,54.15,0,256
1649764574.493048,1,300,87,71.43,53.85,0,256
1649764574.518046,1,300,88,71.67,54.29,0,256
1649764574.543043,1,300,88,71.43,162.35,1,197
1649764574.568040,1,300,89,71.68,54.64,0,197
1649764574.593038,1,300,89,71.47,54.29,0,197
1649764574.618035,1,300,88,71.70,54.30,0,197
1649764574.643032,1,300,89,71.47,54.34,0,197
1649764574.668030,1,300,89,71.73,54.51,0,197
1649764574.693027,1,300,88,71.51,100.99,1,214
1649764574.718024,1,300,87,71.76,54.44,0,214
1649764574.743021,1,300,89,71.55,53.97,0,214
1649764574.768019,1,300,89,71.81,54.23,0,214
1649764574.793016,1,300,87,71.60,54.21,0,214
1649764574.818013,1,300,88,71.84,54.03,0,214
1649764574.843011,1,300,88,71.60,99.61,1,207
1649764574.868008,1,300,89,71.85,54.37,0,207
1649764574.893005,1,300,86,71.64,54.05,0,207
1649764574.918003,1,300,87,71.87,54.12,0,207
1649764574.943000,1,300,88,71.65,53.95,0,207
1649764574.967998,1,300,86,71.89,54.09,0,207
1649764574.992995,1,300,88,71.68,98.81,1,203
1649764575.017992,1,300,87,71.91,54.09,0,203
1649764575.042989,1,300,88,71.68,54.06,0,203
1649764575.067987,1,300,89,71.90,54.26,0,203
1649764575.092984,1,300,88,71.67,53.62,0,203
1649764575.117981,1,300,88,71.92,53.92,0,203
1649764575.142979,1,300,87,71.68,119.53,1,202
1649764575.167976,1,300,88,71.92,54.56,0,202
1649764575.192973,1,300,87,71.70,53.94,0,202
1649764575.217970,1,300,87,71.91,54.47,0,202
1649764575.242968,1,300,88,71.68,53.83,0,202
1649764575.267965,1,300,88,71.91,54.60,0,202
1649764575.292963,1,300,87,71.71,107.39,1,198
1649764575.317960,1,300,88,71.92,54.66,0,198
1649764575.342957,1,300,88,71.69,54.55,0,198
1649764575.367954,1,300,88,71.92,54.20,0,198
1649764575.392951,1,300,89,71.68,54.18,0,198
1649764575.417949,1,300,86,71.90,53.96,0,198
1649764575.442946,1,300,87,71.67,101.65,1,208
1649764575.467943,1,300,89,71.90,54.49,0,208
1649764575.492941,1,300,88,71.67,54.04,0,208
1649764575.517938,1,300,90,71.90,54.33,0,208
1649764575.542936,1,300,89,71.67,54.53,0,208
1649764575.567933,1,300,88,71.90,54.44,0,208
1649764575.592930,1,300,87,71.68,94.85,1,196
1649764575.617928,1,300,87,71.90,54.36,0,196
1649764575.642925,1,300,88,71.64,54.10,0,196
1649764575.667922,1,300,86,71.89,54.40,0,196
1649764575.692919,1,300,87,71.67,54.06,0,196
1649764575.717917,1,300,88,71.88,54.07,0,196
1649764575.742914,1,300,87,71.66,98.57,1,196
1649764575.767911,1,300,88,71.88,54.93,0,196
1649764575.792909,1,300,88,71.65,54.00,0,196
1649764575.817906,1,300,88,71.88,54.24,0,196
1649764575.842903,1,300,88,71.65,54.24,0,196
1649764575.867901,1,300,90,71.86,54.20,0,196
1649764575.892898,1,300,87,71.66,120.79,1,197
1649764575.917895,1,300,89,71.89,54.49,0,197
1649764575.942893,1,300,89,71.64,54.20,0,197
1649764575.967890,1,300,88,71.86,54.23,0,197
1649764575.992887,1,300,90,71.66,54.26,0,197
1649764576.017885,1,300,90,71.87,54.30,0,197
1649764576.042882,1,300,87,71.65,112.54,1,189
1649764576.067879,1,300,89,71.88,54.32,0,189
1649764576.092876,1,300,88,71.66,53.92,0,189
1649764576.117874,1,300,87,71.88,54.03,0,189
1649764576.142871,1,300,88,71.66,53.91,0,189
1649764576.167868,1,300,89,71.87,54.15,0,189
1649764576.192866,1,300,89,71.67,115.44,1,178
1649764576.217863,1,300,87,71.88,54.04,0,178
1649764576.242860,1,300,88,71.66,53.99,0,178
1649764576.267858,1,300,90,71.88,54.30,0,178
1649764576.292855,1,300,86,71.67,54.01,0,178
1649764576.317852,1,300,89,71.88,54.11,0,178
1649764576.342849,1,300,88,71.66,119.55,1,192
1649764576.367847,1,300,89,71.90,55.03,0,192
1649764576.392844,1,300,89,71.67,53.98,0,192
1649764576.417842,1,300,87,71.89,54.08,0,192
1649764576.442839,1,300,86,71.68,54.01,0,192
1649764576.467836,1,300,87,71.93,54.14,0,192
1649764576.492834,1,300,87,71.69,139.57,1,185
1649764576.517831,1,300,87,71.94,54.49,0,185
1649764576.542828,1,300,86,71.69,54.04,0,185
1649764576.567825,1,300,86,71.91,54.46,0,185
1649764576.592823,1,300,86,71.71,53.82,0,185
1649764576.617820,1,300,87,71.87,54.60,0,185
1649764576.642817,1,300,87,71.66,147.99,1,213
1649764576.667815,1,300,87,71.92,54.50,0,213
1649764576.692812,1,300,89,71.65,54.65,0,213
1649764576.717809,1,300,90,71.90,54.60,0,213
1649764576.742806,1,300,88,71.70,55.02,0,213
1649764576.767804,1,300,86,71.92,55.27,0,213
1649764576.792801,1,300,86,71.76,201.23,1,237
1649764576.817799,1,300,84,72.05,59.76,0,237
1649764576.842796,1,300,85,71.89,60.32,0,237
1649764576.867793,1,300,87,72.13,54.71,0,237
1649764576.892791,1,300,84,71.88,60.10,0,237
1649764576.917788,1,300,86,71.97,60.20,0,237
1649764576.942785,1,300,84,71.58,179.99,1,247
1649764576.967782,1,300,88,71.70,60.93,0,247
1649764576.992780,1,300,94,71.33,61.06,0,247
1649764577.017777,1,300,94,71.40,61.94,0,247
1649764577.042774,1,300,100,70.98,61.33,0,247
1649764577.067772,1,300,104,70.98,61.44,0,247
1649764577.092766,1,300,109,70.47,152.91,1,306
1649764577.117763,1,300,108,70.22,59.92,0,306
1649764577.142761,1,300,107,69.36,58.28,0,306
1649764577.167758,1,281,104,68.92,52.80,0,306
1649764577.192755,1,278,98,67.67,50.80,0,306
1649764577.217753,1,280,94,66.83,49.92,0,306
1649764577.242750,1,269,95,65.46,162.85,1,327
1649764577.267747,1,262,93,64.84,46.37,0,327
1649764577.292744,1,277,95,63.52,47.46,0,327
1649764577.317742,1,255,92,62.81,44.80,0,327
1649764577.342739,1,271,90,61.73,46.30,0,327
1649764577.367736,1,262,90,61.62,46.89,0,327
1649764577.392734,1,261,96,60.67,163.61,1,353
1649764577.417731,1,262,97,60.62,46.49,0,353
1649764577.442729,1,267,106,59.89,46.26,0,353
1649764577.467726,1,254,104,59.94,46.23,0,353
1649764577.492723,1,242,103,59.09,45.08,0,353
1649764577.517720,1,232,99,67.34,42.77,0,353
1649764577.542718,1,223,93,66.44,116.32,1,384
1649764577.567715,1,220,99,66.98,41.66,0,384
1649764577.592712,1,221,101,66.39,42.82,0,384
1649764577.617710,1,210,98,67.41,41.99,0,384
1649764577.642707,1,214,108,66.73,40.55,0,384
1649764577.667704,1,211,103,67.76,41.94,0,384
1649764577.692701,1,207,113,66.86,164.32,1,419
1649764577.717699,1,207,114,67.84,42.78,0,419
1649764577.742696,1,200,111,66.76,42.33,0,419
1649764577.767694,1,204,109,67.77,42.76,0,419
1649764577.792691,1,204,110,66.63,43.88,0,419
1649764577.817688,1,212,115,67.76,45.08,0,419
1649764577.842685,1,219,117,66.53,146.48,1,452
1649764577.867682,1,219,115,67.65,46.68,0,452
1649764577.892680,1,226,115,66.29,45.88,0,452
1649764577.917677,1,226,114,67.44,47.69,0,452
1649764577.942675,1,235,118,65.96,47.47,0,452
1649764577.967672,1,248,125,67.12,50.10,0,452
1649764577.992669,1,252,126,65.55,159.51,1,495
1649764578.017667,1,272,124,66.69,53.25,0,495
1649764578.042664,1,262,124,64.96,51.17,0,495
1649764578.067661,1,282,125,66.17,53.25,0,495
1649764578.092659,1,273,128,64.32,51.00,0,495
1649764578.117656,1,280,128,65.50,53.00,0,495
1649764578.142653,1,276,133,63.49,141.96,1,526
1649764578.167650,1,284,132,64.77,52.18,0,526
1649764578.192648,1,285,128,62.77,51.46,0,526
1649764578.217645,1,291,134,64.28,52.34,0,526
1649764578.242642,1,283,133,62.26,50.92,0,526
1649764578.267640,1,265,124,63.89,48.78,0,526
1649764578.292637,1,258,131,61.76,116.75,1,557
1649764578.317634,1,244,105,63.53,45.98,0,557
1649764578.342632,1,231,110,61.24,44.23,0,557
1649764578.367629,1,227,101,63.15,45.01,0,557
1649764578.392626,1,227,110,60.73,45.37,0,557
1649764578.417624,1,234,106,62.67,46.00,0,557
1649764578.442621,1,250,116,59.90,131.49,1,571
1649764578.467618,1,235,98,61.75,46.02,0,571
1649764578.492615,1,299,107,58.89,50.89,0,571
1649764578.517613,1,291,99,60.92,53.11,0,571
1649764578.542610,1,300,105,57.88,53.19,0,571
1649764578.567608,1,253,76,67.64,46.69,0,571
1649764578.592605,1,250,89,64.24,114.73,1,603
1649764578.617602,1,300,87,66.38,52.40,0,603
1649764578.642599,1,270,85,62.79,48.51,0,603
1649764578.667597,1,274,75,64.94,48.66,0,603
1649764578.692594,1,263,87,61.11,46.06,0,603
1649764578.717591,1,300,78,63.34,50.69,0,603
1649764578.742589,1,300,92,59.20,94.05,1,606
1649764578.767586,1,300,92,69.32,51.32,0,606
1649764578.792583,1,283,96,65.31,49.64,0,606
1649764578.817580,1,300,101,67.95,53.33,0,606
1649764578.842578,1,286,90,63.96,50.94,0,606
1649764578.867575,1,300,91,66.81,53.76,0,606
1649764578.892573,1,292,97,62.84,98.44,1,641
1649764578.917570,1,300,98,65.90,55.26,0,641
1649764578.942567,1,300,89,61.79,56.25,0,641
1649764578.967565,1,300,81,64.86,56.73,0,641
1649764578.992562,1,300,73,60.69,58.07,0,641
1649764579.017559,1,300,81,71.76,56.13,0,641
1649764579.042557,1,300,71,67.62,105.01,1,692
1649764579.067554,1,300,73,70.24,56.49,0,692
1649764579.092551,1,300,68,66.20,55.05,0,692
1649764579.117548,1,300,76,69.29,55.14,0,692
1649764579.142546,1,300,64,65.28,55.56,0,692
1649764579.167543,1,300,79,68.41,53.66,0,692
1649764579.192540,1,300,64,64.43,107.02,1,742
1649764579.217538,1,300,72,67.83,54.34,0,742
1649764579.242535,1,300,61,63.68,56.39,0,742
1649764579.267532,1,300,72,67.12,55.66,0,742
1649764579.292530,1,300,62,63.20,54.52,0,742
1649764579.317527,1,300,88,67.02,54.26,0,742
1649764579.342524,1,300,61,63.03,108.19,1,774
1649764579.367522,1,300,67,66.75,55.23,0,774
1649764579.392519,1,300,48,62.75,53.75,0,774
1649764579.417516,1,300,78,73.33,52.81,0,774
1649764579.442513,1,300,64,69.82,53.10,0,774
1649764579.467511,1,300,88,72.49,52.45,0,774
1649764579.492508,1,300,73,68.80,93.02,1,810
1649764579.517506,1,300,104,71.49,52.62,0,810
1649764579.542503,1,300,82,67.51,51.59,0,810
1649764579.567500,1,300,119,69.79,53.23,0,810
1649764579.592497,1,300,99,65.52,50.91,0,810
1649764579.617495,1,300,116,67.67,54.83,0,810
1649764579.642492,1,300,89,63.33,110.86,1,821
1649764579.667489,1,300,101,65.55,54.65,0,821
1649764579.692487,1,300,103,61.17,52.88,0,821
1649764579.717484,1,300,105,63.81,53.49,0,821
1649764579.742481,1,300,117,59.42,51.44,0,821
1649764579.767478,1,300,120,67.93,50.73,0,821
1649764579.792476,1,300,125,65.15,112.23,1,890
1649764579.817473,1,300,116,68.02,51.06,0,890
1649764579.842470,1,300,113,64.98,49.80,0,890
1649764579.867468,1,300,121,67.69,49.44,0,890
1649764579.892465,1,300,118,64.79,47.95,0,890
1649764579.917462,1,300,114,68.57,47.94,0,890
1649764579.942460,1,300,106,65.63,125.57,1,933
1649764579.967457,1,300,93,68.85,50.64,0,933
1649764579.992454,1,300,91,65.62,50.26,0,933
1649764580.017452,1,300,79,68.92,49.30,0,933
1649764580.042449,1,300,79,65.34,50.10,0,933
1649764580.067446,1,300,72,68.48,51.77,0,933
1649764580.092444,1,300,63,64.92,101.20,1,957
1649764580.117441,1,300,65,68.61,51.27,0,957
1649764580.142438,1,300,50,64.93,48.82,0,957
1649764580.167435,1,300,46,68.26,49.47,0,957
1649764580.192433,1,300,52,64.47,49.94,0,957
1649764580.217430,1,300,46,67.89,49.53,0,957
1649764580.242427,1,300,52,63.83,98.61,1,984
1649764580.267425,1,300,81,67.54,50.96,0,984
1649764580.292422,1,300,82,64.39,54.90,0,984
1649764580.317420,1,300,74,68.77,54.09,0,984
1649764580.342417,1,290,54,65.21,53.77,0,984
1649764580.367414,1,300,46,69.26,53.88,0,984
1649764580.392411,1,261,27,65.78,118.62,1,1017
1649764580.417409,1,299,35,70.22,50.46,0,1017
1649764580.442406,1,241,31,66.29,46.13,0,1017
1649764580.467403,1,225,29,69.89,41.96,0,1017
1649764580.492401,1,230,31,65.64,44.37,0,1017
1649764580.517398,1,300,34,69.11,53.63,0,1017
1649764580.542395,1,300,42,64.84,106.98,1,1068
1649764580.567393,1,300,44,68.17,55.79,0,1068
1649764580.592390,1,300,40,64.23,58.73,0,1068
1649764580.617387,1,300,44,67.92,61.05,0,1068
1649764580.642385,1,300,48,64.33,55.85,0,1068
1649764580.667382,1,300,48,68.11,57.12,0,1068
1649764580.692379,1,296,49,64.79,117.29,1,1119
1649764580.717376,1,300,51,69.23,54.24,0,1119
1649764580.742374,1,274,49,65.65,51.73,0,1119
1649764580.767371,1,275,48,69.72,49.62,0,1119
1649764580.792368,1,300,53,66.14,55.48,0,1119
1649764580.817366,1,300,50,70.90,54.04,0,1119
1649764580.842363,1,300,60,67.24,111.15,1,1170
1649764580.867360,1,300,66,71.74,54.11,0,1170
1649764580.892358,1,260,73,67.75,48.66,0,1170
1649764580.917355,1,300,79,72.30,50.04,0,1170
1649764580.942352,1,300,94,68.06,49.27,0,1170
1649764580.967350,1,244,102,72.45,46.99,0,1170
1649764580.992347,1,300,121,68.66,105.48,1,1235
1649764581.017344,1,238,121,73.85,47.02,0,1235
1649764581.042342,1,300,133,69.79,48.15,0,1235
1649764581.067339,1,300,145,74.61,50.71,0,1235
1649764581.092332,1,241,138,70.79,46.17,0,1235
1649764581.117330,1,239,138,76.54,44.19,0,1235
1649764581.142327,1,300,150,72.18,114.03,1,1242
1649764581.167324,1,300,159,77.20,52.26,0,1242
1649764581.192322,1,300,169,72.93,51.77,0,1242
1649764581.217319,1,300,184,78.84,53.49,0,1242
1649764581.242316,1,300,167,69.59,52.87,0,1242
1649764581.267314,1,300,200,76.47,54.70,0,1242
1649764581.292311,1,300,189,70.47,129.94,1,1282
1649764581.317308,1,300,217,78.13,57.91,0,1282
1649764581.342305,1,300,206,71.42,53.75,0,1282
1649764581.367303,1,300,193,78.06,53.47,0,1282
1649764581.392300,1,273,180,71.65,50.73,0,1282
1649764581.417297,1,228,168,79.27,47.13,0,1282
1649764581.442295,1,226,170,72.43,104.35,1,1288
1649764581.467292,1,240,174,79.25,46.53,0,1288
1649764581.492289,1,229,172,72.80,45.85,0,1288
1649764581.517287,1,231,175,80.71,46.53,0,1288
1649764581.542284,1,221,167,73.80,45.79,0,1288
1649764581.567281,1,217,163,80.84,45.08,0,1288
1649764581.592278,1,300,203,74.36,118.92,1,1301
1649764581.617276,1,300,216,82.47,58.86,0,1301
1649764581.642273,1,300,188,70.72,56.99,0,1301
1649764581.667270,1,300,214,79.13,58.01,0,1301
1649764581.692267,1,300,200,70.93,57.24,0,1301
1649764581.717265,1,300,213,80.41,59.10,0,1301
1649764581.742262,1,279,204,71.60,103.80,1,1327
1649764581.767260,1,300,225,80.03,59.64,0,1327
1649764581.792257,1,269,204,71.58,55.51,0,1327
1649764581.817254,1,300,217,81.16,57.67,0,1327
1649764581.842251,1,300,206,72.05,58.32,0,1327
1649764581.867249,1,300,229,80.54,58.53,0,1327
1649764581.892246,1,300,218,71.82,127.11,1,1346
1649764581.917243,1,278,209,81.47,55.55,0,1346
1649764581.942240,1,283,201,71.80,53.62,0,1346
1649764581.967238,1,281,199,80.10,55.09,0,1346
1649764581.992235,1,300,194,70.79,55.30,0,1346
1649764582.017233,1,300,195,80.22,55.93,0,1346
1649764582.042230,1,300,195,70.25,143.38,1,1332
1649764582.067227,1,233,167,78.47,46.49,0,1332
1649764582.092224,1,262,164,68.62,45.49,0,1332
1649764582.117222,1,300,169,77.70,53.56,0,1332
1649764582.142219,1,224,154,67.43,45.32,0,1332
1649764582.167216,1,300,163,75.81,50.43,0,1332
1649764582.192214,1,244,152,66.25,119.32,1,1318
1649764582.217211,1,300,148,75.95,51.90,0,1318
1649764582.242208,1,217,133,65.93,47.29,0,1318
1649764582.267206,1,197,124,74.71,43.55,0,1318
1649764582.292203,1,295,131,65.30,51.21,0,1318
1649764582.317200,1,202,119,75.54,47.90,0,1318
1649764582.342197,1,300,127,65.52,150.44,1,1295
1649764582.367195,1,300,132,74.90,58.10,0,1295
1649764582.392192,1,300,133,65.39,57.22,0,1295
1649764582.417189,1,228,129,76.28,50.82,0,1295
1649764582.442187,1,201,111,61.76,44.46,0,1295
1649764582.467184,1,183,116,72.73,41.69,0,1295
1649764582.492181,1,300,128,62.04,145.87,1,1305
1649764582.517179,1,300,127,74.65,58.94,0,1305
1649764582.542176,1,300,132,63.23,57.84,0,1305
1649764582.567173,1,204,130,74.72,47.61,0,1305
1649764582.592170,1,300,142,63.86,52.77,0,1305
1649764582.617168,1,208,144,77.16,46.80,0,1305
1649764582.642165,1,174,138,61.18,119.50,1,1296
1649764582.667162,1,175,141,74.17,39.15,0,1296
1649764582.692159,1,171,134,62.39,37.78,0,1296
1649764582.717157,1,185,147,77.06,39.15,0,1296
1649764582.742154,1,176,134,60.27,37.43,0,1296
1649764582.767152,1,183,139,74.08,38.33,0,1296
1649764582.792149,1,173,136,57.16,116.09,1,1284
1649764582.817146,1,175,133,72.70,37.29,0,1284
1649764582.842144,1,167,126,55.28,36.42,0,1284
1649764582.867141,1,239,163,69.20,45.94,0,1284
1649764582.892138,1,187,143,55.69,43.72,0,1284
1649764582.917135,1,235,164,70.62,48.53,0,1284
1649764582.942132,1,199,146,56.58,118.35,1,1307
1649764582.967130,1,214,155,78.11,47.91,0,1307
1649764582.992127,1,206,149,61.54,45.21,0,1307
1649764583.017125,1,217,152,75.52,47.43,0,1307
1649764583.042122,1,300,197,62.11,55.00,0,1307
1649764583.067119,1,300,202,74.56,58.08,0,1307
1649764583.092117,1,300,216,62.12,126.96,1,1359
1649764583.117114,1,300,213,75.14,60.58,0,1359
1649764583.142111,1,300,228,62.48,59.94,0,1359
1649764583.167108,1,300,222,74.22,65.15,0,1359
1649764583.192106,1,300,232,62.39,63.49,0,1359
1649764583.217103,1,300,231,74.61,64.73,0,1359
1649764583.242100,1,300,227,62.76,130.14,1,1410
1649764583.267098,1,300,232,74.16,61.40,0,1410
1649764583.292095,1,300,230,63.01,59.98,0,1410
1649764583.317092,1,300,236,74.90,60.67,0,1410
1649764583.342089,1,300,218,63.59,57.64,0,1410
1649764583.367087,1,300,232,74.94,60.00,0,1410
1649764583.392084,1,300,220,64.05,115.28,1,1475
1649764583.417081,1,300,220,75.82,58.75,0,1475
1649764583.442078,1,300,229,64.64,58.75,0,1475
1649764583.467076,1,300,232,76.20,59.40,0,1475
1649764583.492073,1,300,222,65.30,57.22,0,1475
1649764583.517071,1,300,220,77.55,61.25,0,1475
1649764583.542068,1,300,222,66.36,161.97,1,1553
1649764583.567065,1,177,158,78.71,139.66,1,1550
1649764583.592062,1,300,214,67.33,56.03,0,1550
1649764583.617059,1,300,207,80.24,60.89,0,1550
1649764583.642057,1,234,175,68.27,51.05,0,1550
1649764583.667054,1,273,179,81.05,55.67,0,1550
1649764583.692051,1,210,168,69.15,48.58,0,1550
1649764583.717049,1,233,172,82.44,114.90,1,1616
1649764583.742046,1,300,204,66.31,60.69,0,1616
1649764583.767044,1,300,212,79.81,64.97,0,1616
1649764583.792041,1,300,193,67.15,62.00,0,1616
1649764583.817038,1,179,144,80.84,47.93,0,1616
1649764583.842036,1,204,151,67.76,45.15,0,1616
1649764583.867033,1,161,129,81.25,105.38,1,1605
1649764583.892030,1,185,148,68.29,43.16,0,1605
1649764583.917027,1,155,121,81.77,40.96,0,1605
1649764583.942024,1,178,138,68.53,41.66,0,1605
1649764583.967022,1,202,142,81.95,45.88,0,1605
1649764583.992019,1,220,150,68.98,49.26,0,1605
1649764584.017017,1,152,120,82.55,106.25,1,1586
1649764584.042014,1,128,111,66.09,36.15,0,1586
1649764584.067011,1,128,106,80.18,35.84,0,1586
1649764584.092008,1,125,106,67.14,33.57,0,1586
1649764584.117006,1,121,102,81.52,34.53,0,1586
1649764584.142003,1,127,106,68.12,35.23,0,1586
1649764584.167000,1,141,108,82.86,102.24,1,1574
1649764584.191998,1,140,107,69.35,37.05,0,1574
1649764584.216995,1,147,110,84.30,38.26,0,1574
1649764584.241992,1,137,118,66.67,37.39,0,1574
1649764584.266989,1,115,95,90.50,34.89,0,1574
1649764584.291987,1,176,137,70.32,43.59,0,1574
1649764584.316984,1,140,115,85.55,133.31,1,1597
1649764584.341981,1,156,133,66.49,43.01,0,1597
1649764584.366979,1,131,102,90.37,37.43,0,1597
1649764584.391976,1,139,113,69.13,36.06,0,1597
1649764584.416973,1,161,125,84.55,42.56,0,1597
1649764584.441971,1,144,124,65.14,39.47,0,1597
1649764584.466968,1,174,126,89.30,151.20,1,1631
1649764584.491965,1,148,128,67.44,40.47,0,1631
1649764584.516963,1,151,121,83.32,40.35,0,1631
1649764584.541960,1,138,119,64.07,38.71,0,1631
1649764584.566957,1,218,118,89.11,47.68,0,1631
1649764584.591954,1,135,119,66.99,41.42,0,1631
1649764584.616951,1,208,127,83.67,161.34,1,1663
1649764584.641949,1,129,114,64.15,40.57,0,1663
1649764584.666946,1,195,108,89.53,44.16,0,1663
1649764584.691944,1,168,120,67.14,42.30,0,1663
1649764584.716941,1,300,126,83.39,57.75,0,1663
1649764584.741938,1,175,130,64.27,47.53,0,1663
1649764584.766936,1,115,94,90.64,142.94,1,1668
1649764584.791933,1,140,108,68.71,37.12,0,1668
1649764584.816930,1,110,91,92.89,34.07,0,1668
1649764584.841928,1,212,126,70.96,46.13,0,1668
1649764584.866925,1,117,104,95.09,37.34,0,1668
1649764584.891922,1,116,96,73.92,32.07,0,1668
1649764584.916919,1,109,92,97.08,108.06,1,1659
1649764584.941917,1,212,128,77.10,45.94,0,1659
1649764584.966914,1,220,112,99.97,46.71,0,1659
1649764584.991911,1,148,118,80.84,39.53,0,1659
1649764585.016909,1,231,150,95.31,44.60,0,1659
1649764585.041906,1,253,169,79.16,49.38,0,1659
1649764585.066903,1,76,38,101.02,94.17,1,1607
1649764585.091900,1,78,56,84.06,21.61,0,1607
1649764585.116898,1,196,99,98.39,35.34,0,1607
1649764585.141895,1,88,57,82.75,30.70,0,1607
1649764585.166892,1,79,66,97.69,25.73,0,1607
1649764585.191890,1,110,79,82.11,30.19,0,1607
1649764585.216887,1,120,53,104.99,81.96,1,1597
1649764585.241884,1,111,72,87.34,31.99,0,1597
1649764585.266881,1,160,94,102.94,35.70,0,1597
1649764585.291879,1,145,96,85.58,38.29,0,1597
1649764585.316876,1,193,111,101.69,45.17,0,1597
1649764585.341873,1,153,95,84.28,40.11,0,1597
1649764585.366871,1,122,72,109.69,110.77,1,1611
1649764585.391868,1,133,79,89.27,37.40,0,1611
1649764585.416865,1,227,103,105.69,48.02,0,1611
1649764585.441863,1,146,91,84.23,43.63,0,1611
1649764585.466860,1,243,130,92.82,50.52,0,1611
1649764585.491857,1,147,108,72.10,45.29,0,1611
1649764585.516855,1,137,96,84.73,123.15,1,1592
1649764585.541852,1,144,104,67.10,41.18,0,1592
1649764585.566849,1,139,99,78.89,41.75,0,1592
1649764585.591846,1,135,109,65.45,39.83,0,1592
1649764585.616844,1,144,100,76.91,41.74,0,1592
1649764585.641841,1,128,100,63.88,40.05,0,1592
1649764585.666838,1,138,101,75.23,119.33,1,1600
1649764585.691836,1,134,98,61.58,42.07,0,1600
1649764585.716833,1,151,95,72.01,43.36,0,1600
1649764585.741830,1,141,95,58.62,42.16,0,1600
1649764585.766828,1,139,87,78.80,42.74,0,1600
1649764585.791825,1,121,73,63.08,36.99,0,1600
1649764585.816822,1,120,75,82.74,120.04,1,1591
1649764585.841819,1,129,72,66.14,36.73,0,1591
1649764585.866817,1,121,65,77.86,35.31,0,1591
1649764585.891814,1,117,59,61.41,34.00,0,1591
1649764585.916811,1,105,55,71.48,30.55,0,1591
1649764585.941809,1,91,57,55.97,29.44,0,1591
1649764585.966806,1,89,41,64.97,120.89,1,1566
1649764585.991803,1,84,39,50.39,28.29,0,1566
1649764586.016800,1,66,22,66.86,23.89,0,1566
1649764586.041798,1,91,40,52.46,28.51,0,1566
1649764586.066795,1,300,70,59.94,46.85,0,1566
1649764586.091792,1,110,53,47.42,41.34,0,1566
1649764586.116790,1,300,80,63.60,114.06,1,1587
1649764586.141787,1,300,103,52.59,57.64,0,1587
1649764586.166784,1,300,96,66.93,53.37,0,1587
1649764586.191782,1,194,80,57.86,43.40,0,1587
1649764586.216779,1,300,101,64.86,50.42,0,1587
1649764586.241776,1,178,89,57.08,124.93,1,1594
1649764586.266773,1,300,106,63.95,50.58,0,1594
1649764586.291771,1,184,91,56.78,42.84,0,1594
1649764586.316768,1,226,100,69.80,43.77,0,1594
1649764586.341765,1,193,91,63.95,39.60,0,1594
1649764586.366763,1,215,97,69.35,42.53,0,1594
1649764586.391760,1,200,97,63.76,134.03,1,1607
1649764586.416757,1,197,97,68.97,38.91,0,1607
1649764586.441755,1,182,90,63.51,36.74,0,1607
1649764586.466752,1,178,90,68.37,35.33,0,1607
1649764586.491749,1,187,93,62.98,36.53,0,1607
1649764586.516747,1,175,91,67.77,33.40,0,1607
1649764586.541744,1,168,89,62.96,81.44,1,1595
1649764586.566741,1,171,86,67.95,31.87,0,1595
1649764586.591738,1,163,84,63.42,31.74,0,1595
1649764586.616736,1,164,80,68.31,31.54,0,1595
1649764586.641733,1,159,85,64.07,31.26,0,1595
1649764586.666730,1,160,84,69.02,31.17,0,1595
1649764586.691728,1,160,88,64.83,91.77,1,1566
1649764586.716725,1,155,74,69.46,31.03,0,1566
1649764586.741722,1,209,97,65.42,36.99,0,1566
1649764586.766720,1,300,117,69.82,47.01,0,1566
1649764586.791717,1,300,128,65.82,50.30,0,1566
1649764586.816714,1,268,123,69.92,46.66,0,1566
1649764586.841711,1,300,139,66.15,129.73,1,1597
1649764586.866709,1,300,125,70.23,50.40,0,1597
1649764586.891706,1,300,125,66.72,50.32,0,1597
1649764586.916703,1,257,121,70.59,45.94,0,1597
1649764586.941701,1,259,133,67.21,45.27,0,1597
1649764586.966698,1,300,134,70.70,49.10,0,1597
1649764586.991695,1,247,129,67.34,104.18,1,1612
1649764587.016692,1,300,135,70.60,49.58,0,1612
1649764587.041690,1,300,138,67.32,51.30,0,1612
1649764587.066687,1,263,127,69.90,47.20,0,1612
1649764587.091684,1,247,137,66.11,45.10,0,1612
1649764587.116682,1,300,153,68.14,50.00,0,1612
1649764587.141679,1,246,138,64.76,125.29,1,1585
1649764587.166676,1,231,137,67.21,43.39,0,1585
1649764587.191674,1,296,151,64.86,49.41,0,1585
1649764587.216671,1,268,138,67.73,47.78,0,1585
1649764587.241668,1,243,138,65.87,45.68,0,1585
1649764587.266665,1,235,126,68.55,43.63,0,1585
1649764587.291663,1,230,117,66.81,119.38,1,1478
1649764587.316660,1,230,118,69.20,42.25,0,1478
1649764587.341657,1,219,113,67.45,43.52,0,1478
1649764587.366655,1,212,116,69.51,42.09,0,1478
1649764587.391652,1,205,109,67.92,40.54,0,1478
1649764587.416649,1,295,129,70.07,47.45,0,1478
1649764587.441647,1,274,123,68.82,122.47,1,1404
1649764587.466644,1,300,113,70.91,51.18,0,1404
1649764587.491641,1,263,107,69.63,48.17,0,1404
1649764587.516639,1,255,104,71.50,45.90,0,1404
1649764587.541636,1,249,108,70.15,45.50,0,1404
1649764587.566633,1,244,109,71.80,44.08,0,1404
1649764587.591630,1,240,106,70.49,107.39,1,1355
1649764587.616628,1,234,111,72.23,43.81,0,1355
1649764587.641625,1,228,100,71.03,43.58,0,1355
1649764587.666622,1,216,110,72.23,42.47,0,1355
1649764587.691620,1,209,108,70.46,42.66,0,1355
1649764587.716617,1,206,111,71.50,42.39,0,1355
1649764587.741614,1,205,105,70.10,104.43,1,1246
1649764587.766611,1,190,109,71.58,41.66,0,1246
1649764587.791609,1,213,115,70.62,43.73,0,1246
1649764587.816606,1,207,113,72.35,43.76,0,1246
1649764587.841603,1,208,112,71.44,45.40,0,1246
1649764587.866601,1,200,108,73.03,43.50,0,1246
1649764587.891598,1,200,109,72.03,103.17,1,1190
1649764587.916595,1,192,108,73.82,42.68,0,1190
1649764587.941593,1,197,107,73.00,43.41,0,1190
1649764587.966590,1,192,108,74.87,42.93,0,1190
1649764587.991587,1,191,106,74.08,42.43,0,1190
1649764588.016584,1,300,133,76.05,55.06,0,1190
1649764588.041582,1,300,134,75.08,120.05,1,1197
1649764588.066579,1,300,146,76.79,59.97,0,1197
1649764588.091576,1,285,142,71.98,58.43,0,1197
1649764588.116574,1,300,146,73.93,59.92,0,1197
1649764588.141571,1,274,143,72.55,57.81,0,1197
1649764588.166568,1,267,139,74.18,55.34,0,1197
1649764588.191566,1,300,146,72.27,122.63,1,1201
1649764588.216563,1,280,141,73.08,58.36,0,1201
1649764588.241560,1,300,145,70.79,59.23,0,1201
1649764588.266557,1,300,146,71.88,58.81,0,1201
1649764588.291555,1,300,141,70.94,60.01,0,1201
1649764588.316552,1,300,145,73.54,59.67,0,1201
1649764588.341549,1,300,140,73.48,123.34,1,1205
1649764588.366547,1,282,126,75.96,57.99,0,1205
1649764588.391544,1,300,133,75.52,58.88,0,1205
1649764588.416541,1,300,127,77.75,59.76,0,1205
1649764588.441539,1,300,128,77.13,59.05,0,1205
1649764588.466536,1,300,129,79.00,59.58,0,1205
1649764588.491533,1,300,126,78.16,126.69,1,1195
1649764588.516531,1,300,121,79.90,59.47,0,1195
1649764588.541528,1,300,122,78.98,59.43,0,1195
1649764588.566525,1,300,115,80.62,59.45,0,1195
1649764588.591522,1,300,122,79.66,58.85,0,1195
1649764588.616520,1,300,120,81.36,58.38,0,1195
1649764588.641517,1,300,123,80.40,125.16,1,1159
1649764588.666514,1,300,123,82.00,59.47,0,1159
1649764588.691512,1,300,122,80.93,58.69,0,1159
1649764588.716509,1,248,117,82.51,54.11,0,1159
1649764588.741506,1,235,112,81.09,51.13,0,1159
1649764588.766503,1,221,107,82.01,49.67,0,1159
1649764588.791501,1,267,113,80.04,127.76,1,1108
1649764588.816498,1,277,131,81.13,59.16,0,1108
1649764588.841495,1,282,130,79.47,63.05,0,1108
1649764588.866493,1,292,124,80.90,62.00,0,1108
1649764588.891490,1,254,121,79.39,58.34,0,1108
1649764588.916487,1,294,143,81.21,61.22,0,1108
1649764588.941484,1,300,147,79.88,136.49,1,1111
1649764588.966482,1,300,141,81.98,65.31,0,1111
1649764588.991479,1,300,145,80.68,63.26,0,1111
1649764589.016476,1,300,143,82.98,63.71,0,1111
1649764589.041474,1,300,128,77.92,64.18,0,1111
1649764589.066471,1,276,142,80.30,59.89,0,1111
1649764589.091468,1,269,130,78.73,136.33,1,1088
1649764589.116466,1,285,134,81.51,60.30,0,1088
1649764589.141463,1,259,131,76.33,57.20,0,1088
1649764589.166460,1,300,141,79.13,60.95,0,1088
1649764589.191458,1,300,142,77.32,62.54,0,1088
1649764589.216455,1,300,144,80.06,62.65,0,1088
1649764589.241452,1,300,141,78.02,128.58,1,1112
1649764589.266449,1,300,140,80.47,62.71,0,1112
1649764589.291447,1,300,131,78.59,61.90,0,1112
1649764589.316444,1,300,134,81.42,62.26,0,1112
1649764589.341441,1,300,125,80.00,60.98,0,1112
1649764589.366439,1,300,129,83.02,61.21,0,1112
1649764589.391436,1,300,125,81.82,129.83,1,1116
1649764589.416433,1,291,131,84.90,59.40,0,1116
1649764589.441431,1,300,119,83.69,59.50,0,1116
1649764589.466428,1,300,125,86.63,60.51,0,1116
1649764589.491425,1,300,126,85.45,59.39,0,1116
1649764589.516423,1,300,125,88.42,60.12,0,1116
1649764589.541420,1,300,125,87.27,170.17,1,1121
1649764589.566417,1,300,128,90.08,61.21,0,1121
1649764589.591414,1,300,126,88.88,59.88,0,1121
1649764589.616412,1,300,125,91.54,61.06,0,1121
1649764589.641409,1,300,126,90.00,61.66,0,1121
1649764589.666406,1,300,129,92.27,61.29,0,1121
1649764589.691404,1,300,123,90.11,143.94,1,1091
1649764589.716401,1,300,123,91.80,61.10,0,1091
1649764589.741398,1,300,123,88.69,60.51,0,1091
1649764589.766395,1,300,124,89.63,61.31,0,1091
1649764589.791393,1,300,124,85.95,61.50,0,1091
1649764589.816390,1,300,126,86.70,62.00,0,1091
1649764589.841387,1,300,122,82.58,160.85,1,1079
1649764589.866385,1,300,124,83.16,61.68,0,1079
1649764589.891382,1,300,119,79.02,60.84,0,1079
1649764589.916379,1,300,117,80.14,63.74,0,1079
1649764589.941376,1,300,119,76.23,60.05,0,1079
1649764589.966374,1,300,122,77.81,62.56,0,1079
1649764589.991371,1,300,124,73.97,143.62,1,1081
1649764590.016368,1,300,130,76.11,60.72,0,1081
1649764590.041366,1,300,129,72.27,59.97,0,1081
1649764590.066363,1,300,131,74.56,59.57,0,1081
1649764590.091360,1,300,125,70.65,57.24,0,1081
1649764590.116358,1,300,123,73.27,58.64,0,1081
1649764590.141355,1,300,124,69.29,154.32,1,1104
1649764590.166352,1,300,124,72.08,57.15,0,1104
1649764590.191350,1,300,129,68.20,53.90,0,1104
1649764590.216347,1,300,126,71.43,54.99,0,1104
1649764590.241344,1,300,130,67.68,53.46,0,1104
1649764590.266341,1,300,133,71.01,54.25,0,1104
1649764590.291339,1,300,133,67.38,140.14,1,1087
1649764590.316336,1,300,136,70.76,53.96,0,1087
1649764590.341333,1,300,135,67.12,54.89,0,1087
1649764590.366331,1,300,138,70.35,54.33,0,1087
1649764590.391328,1,300,135,67.10,55.05,0,1087
1649764590.416325,1,300,133,70.77,54.78,0,1087
1649764590.441323,1,300,133,68.02,121.73,1,1059
1649764590.466320,1,300,137,71.60,54.95,0,1059
1649764590.491317,1,300,153,69.01,56.01,0,1059
1649764590.516314,1,300,160,72.52,54.82,0,1059
1649764590.541312,1,300,149,69.88,55.51,0,1059
1649764590.566309,1,300,161,80.23,55.48,0,1059
1649764590.591306,1,300,157,77.92,147.97,1,1068
1649764590.616304,1,300,160,80.68,56.29,0,1068
1649764590.641301,1,300,158,78.28,54.74,0,1068
1649764590.666298,1,300,164,80.79,54.09,0,1068
1649764590.691295,1,300,161,78.35,53.58,0,1068
1649764590.716293,1,300,164,80.80,54.57,0,1068
1649764590.741290,1,300,170,78.20,134.55,1,1120
1649764590.766287,1,300,165,80.46,55.14,0,1120
1649764590.791285,1,300,169,77.86,53.87,0,1120
1649764590.816282,1,272,158,80.37,50.08,0,1120
1649764590.841280,1,267,159,77.58,49.84,0,1120
1649764590.866277,1,255,155,79.84,48.16,0,1120
1649764590.891274,1,300,158,76.70,157.40,1,1149
1649764590.916271,1,261,146,78.82,49.20,0,1149
1649764590.941268,1,249,142,75.45,45.83,0,1149
1649764590.966266,1,239,136,77.68,44.85,0,1149
1649764590.991263,1,230,142,74.46,42.44,0,1149
1649764591.016260,1,300,163,77.17,50.49,0,1149
1649764591.041258,1,270,152,74.02,116.19,1,1105
1649764591.066255,1,245,149,76.85,46.11,0,1105
1649764591.091253,1,300,160,73.77,48.95,0,1105
1649764591.116250,1,254,149,76.88,46.69,0,1105
1649764591.141247,1,300,151,73.76,47.91,0,1105
1649764591.166244,1,300,149,76.96,52.31,0,1105
1649764591.191242,1,300,151,73.83,116.71,1,1111
1649764591.216239,1,300,150,77.15,51.51,0,1111
1649764591.241236,1,300,156,73.87,50.37,0,1111
1649764591.266234,1,300,154,77.08,51.24,0,1111
1649764591.291231,1,300,152,73.75,51.03,0,1111
1649764591.316228,1,300,155,77.09,52.17,0,1111
1649764591.341225,1,283,153,73.57,116.49,1,1125
1649764591.366223,1,300,151,76.56,50.68,0,1125
1649764591.391220,1,300,152,72.75,51.11,0,1125
1649764591.416217,1,290,151,75.45,49.95,0,1125
1649764591.441215,1,300,156,71.44,51.81,0,1125
1649764591.466212,1,300,157,73.83,52.07,0,1125
1649764591.491209,1,300,168,69.88,126.18,1,1129
1649764591.516207,1,300,155,72.36,51.66,0,1129
1649764591.541204,1,255,145,68.66,47.33,0,1129
1649764591.566201,1,288,156,71.24,47.87,0,1129
1649764591.591198,1,270,152,67.78,48.22,0,1129
1649764591.616196,1,252,153,70.46,45.82,0,1129
1649764591.641193,1,242,144,66.98,114.53,1,1100
1649764591.666190,1,300,175,75.69,51.43,0,1100
1649764591.691187,1,300,173,72.86,51.68,0,1100
1649764591.716185,1,300,182,74.59,52.03,0,1100
1649764591.741182,1,300,179,71.78,51.49,0,1100
1649764591.766180,1,300,165,73.50,51.26,0,1100
1649764591.791177,1,300,147,70.91,121.44,1,1125
1649764591.816174,1,300,150,72.86,51.36,0,1125
1649764591.841172,1,300,143,70.17,50.71,0,1125
1649764591.866168,1,300,151,77.17,52.59,0,1125
1649764591.891166,1,300,151,75.33,51.47,0,1125
1649764591.916163,1,300,161,76.63,52.18,0,1125
1649764591.941160,1,300,165,75.34,127.32,1,1164
1649764591.966158,1,300,160,77.16,52.51,0,1164
1649764591.991155,1,300,157,76.23,50.13,0,1164
1649764592.016153,1,286,156,78.05,49.34,0,1164
1649764592.041150,1,275,159,76.64,47.93,0,1164
1649764592.066147,1,300,157,78.29,51.01,0,1164
1649764592.091146,1,300,154,77.22,130.70,1,1175
1649764592.116144,1,300,151,79.42,51.47,0,1175
1649764592.141141,1,300,145,78.42,50.73,0,1175
1649764592.166138,1,300,142,80.55,50.69,0,1175
1649764592.191136,1,300,133,79.54,49.07,0,1175
1649764592.216133,1,300,135,81.76,48.49,0,1175
1649764592.241130,1,300,140,80.56,125.99,1,1180
1649764592.266128,1,300,129,82.59,49.24,0,1180
1649764592.291125,1,300,127,81.42,49.35,0,1180
1649764592.316122,1,300,126,83.58,47.70,0,1180
1649764592.341120,1,289,117,82.49,46.07,0,1180
1649764592.366117,1,264,109,84.73,43.05,0,1180
1649764592.391114,1,248,114,83.67,116.01,1,1174
1649764592.416111,1,300,122,85.85,46.36,0,1174
1649764592.441109,1,300,132,84.41,47.00,0,1174
1649764592.466106,1,300,124,86.07,46.91,0,1174
1649764592.491103,1,300,137,84.18,46.85,0,1174
1649764592.516101,1,276,122,85.38,44.34,0,1174
1649764592.541098,1,246,122,82.89,117.69,1,1149
1649764592.566095,1,300,130,83.57,46.17,0,1149
1649764592.591093,1,300,135,81.14,46.22,0,1149
1649764592.616090,1,300,124,81.88,46.54,0,1149
1649764592.641087,1,300,149,79.34,48.08,0,1149
1649764592.666084,1,300,140,80.00,47.44,0,1149
1649764592.691082,1,300,149,77.89,124.52,1,1163
1649764592.716079,1,300,144,79.06,47.74,0,1163
1649764592.741076,1,300,151,77.42,48.85,0,1163
1649764592.766074,1,300,149,78.89,48.86,0,1163
1649764592.791071,1,300,166,77.63,49.96,0,1163
1649764592.816068,1,300,150,79.13,48.38,0,1163
1649764592.841065,1,300,139,77.76,124.23,1,1154
1649764592.866063,1,300,144,79.12,47.70,0,1154
1649764592.891060,1,300,142,77.84,47.30,0,1154
1649764592.916057,1,300,150,79.30,48.21,0,1154
1649764592.941055,1,300,140,78.05,47.72,0,1154
1649764592.966052,1,300,160,84.03,51.28,0,1154
1649764592.991049,1,300,170,84.07,133.17,1,1202
1649764593.016047,1,300,168,85.10,50.57,0,1202
1649764593.041044,1,300,165,85.32,51.20,0,1202
1649764593.066041,1,300,169,86.59,51.78,0,1202
1649764593.091038,1,300,174,87.35,51.94,0,1202
1649764593.116036,1,300,178,89.13,51.91,0,1202
1649764593.141033,1,300,161,89.99,130.66,1,1196
1649764593.166030,1,300,163,91.72,57.55,0,1196
1649764593.191028,1,300,158,92.72,56.67,0,1196
1649764593.216025,1,300,143,94.81,59.65,0,1196
1649764593.241022,1,300,118,91.74,56.61,0,1196
1649764593.266020,1,300,111,94.67,55.88,0,1196
1649764593.291017,1,300,99,90.23,176.69,1,1203
1649764593.316014,1,300,96,93.95,56.33,0,1203
1649764593.341012,1,300,97,87.97,54.91,0,1203
1649764593.366009,1,206,88,92.13,44.82,0,1203
1649764593.391006,1,144,58,85.70,129.69,1,1189
1649764593.416003,1,109,46,90.25,30.79,0,1189
1649764593.441001,1,105,43,82.63,28.20,0,1189
1649764593.465998,1,300,85,87.16,47.10,0,1189
1649764593.490995,1,135,48,79.30,38.34,0,1189
1649764593.515993,1,96,41,83.86,27.34,0,1189
1649764593.540990,1,268,82,80.09,117.56,1,1248
1649764593.565987,1,169,65,84.66,38.98,0,1248
1649764593.590984,1,300,88,81.01,49.31,0,1248
1649764593.615982,1,186,64,85.94,40.33,0,1248
1649764593.640979,1,83,34,77.53,125.94,1,1223
1649764593.665976,1,70,21,82.37,22.71,0,1223
1649764593.690974,1,134,36,78.09,27.80,0,1223
1649764593.715971,1,97,33,82.70,27.05,0,1223
1649764593.740968,1,69,24,73.36,26.16,0,1223
1649764593.765965,1,300,51,77.58,46.58,0,1223
1649764593.790963,1,300,70,72.32,155.62,1,1246
1649764593.815960,1,300,44,76.23,56.86,0,1246
1649764593.840957,1,300,45,70.47,51.45,0,1246
1649764593.865955,1,300,43,73.91,59.25,0,1246
1649764593.890952,1,300,72,67.99,54.99,0,1246
1649764593.915949,1,300,57,71.18,59.11,0,1246
1649764593.940947,1,300,106,65.28,189.56,1,1332
1649764593.965944,1,300,84,68.38,58.56,0,1332
1649764593.990941,1,300,91,62.86,53.49,0,1332
1649764594.015939,1,300,68,66.02,58.53,0,1332
1649764594.040936,1,300,77,60.75,55.31,0,1332
1649764594.065933,1,300,65,63.90,58.28,0,1332
1649764594.090930,1,300,70,59.00,150.27,1,1373
1649764594.115928,1,300,50,62.27,59.23,0,1373
1649764594.140925,1,300,66,57.71,58.87,0,1373
1649764594.165922,1,300,55,61.05,61.62,0,1373
1649764594.190920,1,300,68,56.80,58.85,0,1373
1649764594.215917,1,300,49,60.25,60.10,0,1373
1649764594.240914,1,300,62,56.08,143.98,1,1397
1649764594.265912,1,300,39,59.35,55.63,0,1397
1649764594.290909,1,300,48,55.33,54.47,0,1397
1649764594.315906,1,300,42,58.66,59.08,0,1397
1649764594.340904,1,300,53,54.79,56.73,0,1397
1649764594.365901,1,300,42,58.19,55.72,0,1397
1649764594.390898,1,300,50,54.69,143.07,1,1411
1649764594.415895,1,300,44,58.29,58.64,0,1411
1649764594.440893,1,300,53,54.96,56.14,0,1411
1649764594.465890,1,300,31,58.66,57.58,0,1411
1649764594.490887,1,300,48,55.52,59.10,0,1411
1649764594.515885,1,300,41,59.35,58.47,0,1411
1649764594.540882,1,300,44,56.11,157.66,1,1423
1649764594.565879,1,300,33,59.70,58.04,0,1423
1649764594.590876,1,300,50,56.27,56.14,0,1423
1649764594.615874,1,300,42,59.53,56.56,0,1423
1649764594.640871,1,300,52,55.87,56.82,0,1423
1649764594.665869,1,300,42,58.84,57.19,0,1423
1649764594.690866,1,300,48,55.33,126.34,1,1441
1649764594.715863,1,300,37,58.40,57.47,0,1441
1649764594.740860,1,300,55,55.14,56.72,0,1441
1649764594.765857,1,300,41,58.32,56.78,0,1441
1649764594.790855,1,300,53,55.38,55.79,0,1441
1649764594.815852,1,300,43,58.64,56.56,0,1441
1649764594.840849,1,300,57,55.60,138.73,1,1422
1649764594.865847,1,300,42,58.65,55.07,0,1422
1649764594.890844,1,300,44,55.62,56.41,0,1422
1649764594.915842,1,300,44,58.56,56.00,0,1422
1649764594.940839,1,300,48,55.50,54.81,0,1422
1649764594.965836,1,300,35,58.32,55.14,0,1422
1649764594.990833,1,300,50,55.44,139.75,1,1426
1649764595.015831,1,300,38,58.25,54.25,0,1426
1649764595.040828,1,300,47,55.35,55.76,0,1426
1649764595.065825,1,300,36,57.97,55.27,0,1426
1649764595.090822,1,300,47,55.19,55.60,0,1426
1649764595.115820,1,300,38,57.79,56.07,0,1426
1649764595.140817,1,300,51,55.04,135.97,1,1454
1649764595.165815,1,300,31,57.53,57.19,0,1454
1649764595.190812,1,300,45,54.92,57.75,0,1454
1649764595.215809,1,300,41,57.41,54.89,0,1454
1649764595.240806,1,300,45,54.86,56.47,0,1454
1649764595.265804,1,300,40,57.27,54.44,0,1454
1649764595.290801,1,300,50,54.90,141.22,1,1458
1649764595.315798,1,300,36,57.27,58.42,0,1458
1649764595.340795,1,300,48,54.89,55.18,0,1458
1649764595.365793,1,300,47,57.10,54.13,0,1458
1649764595.390790,1,300,49,54.83,54.73,0,1458
1649764595.415787,1,300,38,57.03,55.63,0,1458
1649764595.440785,1,300,49,54.85,120.21,1,1446
1649764595.465782,1,300,50,56.95,57.89,0,1446
1649764595.490779,1,300,51,54.98,54.77,0,1446
1649764595.515776,1,300,34,57.08,53.80,0,1446
1649764595.540774,1,300,47,55.13,56.16,0,1446
1649764595.565771,1,300,39,57.09,54.31,0,1446
1649764595.590769,1,300,44,55.29,159.06,1,1452
1649764595.615766,1,300,44,57.17,55.35,0,1452
1649764595.640763,1,300,55,55.35,55.55,0,1452
1649764595.665761,1,300,43,57.10,54.30,0,1452
1649764595.690758,1,300,48,55.46,54.64,0,1452
1649764595.715755,1,300,43,57.17,54.25,0,1452
1649764595.740752,1,300,50,55.52,144.38,1,1451
1649764595.765749,1,300,47,57.09,55.19,0,1451
1649764595.790747,1,300,43,55.61,53.32,0,1451
1649764595.815744,1,300,42,57.14,52.87,0,1451
1649764595.840742,1,300,45,55.69,54.03,0,1451
1649764595.865739,1,300,45,57.08,54.05,0,1451
1649764595.890736,1,300,42,55.81,121.61,1,1459
1649764595.915734,1,300,38,57.14,53.03,0,1459
1649764595.940731,1,300,41,55.87,54.19,0,1459
1649764595.965728,1,300,42,57.05,52.11,0,1459
1649764595.990725,1,300,41,55.96,52.79,0,1459
1649764596.015723,1,300,43,57.10,52.15,0,1459
1649764596.040720,1,300,49,56.02,146.62,1,1436
1649764596.065717,1,300,44,57.02,53.40,0,1436
1649764596.090715,1,300,52,56.12,52.82,0,1436
1649764596.115713,1,300,42,57.06,52.49,0,1436
1649764596.140710,1,300,49,56.20,53.33,0,1436
1649764596.165707,1,300,53,57.01,53.73,0,1436
1649764596.190705,1,300,42,56.30,119.79,1,1402
1649764596.215702,1,300,46,57.09,51.77,0,1402
1649764596.240699,1,300,48,56.42,51.58,0,1402
1649764596.265697,1,300,45,57.08,51.27,0,1402
1649764596.290694,1,300,43,56.60,52.34,0,1402
1649764596.315691,1,300,51,57.17,52.98,0,1402
1649764596.340688,1,300,45,56.71,135.73,1,1389
1649764596.365686,1,300,45,57.12,53.47,0,1389
1649764596.390683,1,300,49,56.85,51.60,0,1389
1649764596.415680,1,300,52,57.20,51.44,0,1389
1649764596.440677,1,300,47,56.95,51.28,0,1389
1649764596.465675,1,300,48,57.15,45.24,0,1389
1649764596.490672,1,300,52,57.09,122.94,1,1341
1649764596.515670,1,300,48,57.24,45.65,0,1341
1649764596.540667,1,300,43,57.18,51.33,0,1341
1649764596.565664,1,300,46,57.18,51.39,0,1341
1649764596.590661,1,300,54,57.36,51.63,0,1341
1649764596.615659,1,300,44,57.39,51.03,0,1341
1649764596.640656,1,300,48,57.71,146.45,1,1348
1649764596.665653,1,300,49,57.69,51.88,0,1348
1649764596.690650,1,300,47,58.26,50.78,0,1348
1649764596.715648,1,300,59,58.08,51.53,0,1348
1649764596.740645,1,300,55,58.38,51.84,0,1348
1649764596.765642,1,300,52,57.97,49.60,0,1348
1649764596.790640,1,300,56,58.48,143.56,1,1333
1649764596.815637,1,300,50,57.96,50.89,0,1333
1649764596.840634,1,300,54,58.50,50.59,0,1333
1649764596.865632,1,300,49,57.85,51.10,0,1333
1649764596.890629,1,300,54,58.57,51.34,0,1333
1649764596.915626,1,300,57,57.85,50.60,0,1333
1649764596.940623,1,300,52,58.61,125.00,1,1286
1649764596.965621,1,300,50,57.76,50.66,0,1286
1649764596.990618,1,300,53,58.70,50.48,0,1286
1649764597.015615,1,300,46,57.79,50.83,0,1286
1649764597.040613,1,300,50,58.73,51.23,0,1286
1649764597.065610,1,300,54,57.67,51.29,0,1286
1649764597.090607,1,300,51,58.80,129.44,1,1259
1649764597.115604,1,300,53,57.67,50.82,0,1259
1649764597.140602,1,300,51,58.81,50.01,0,1259
1649764597.165599,1,300,50,57.54,50.16,0,1259
1649764597.190596,1,300,50,58.85,50.70,0,1259
1649764597.215594,1,300,58,57.53,50.59,0,1259
1649764597.240591,1,300,58,58.85,133.12,1,1200
1649764597.265589,1,300,51,57.43,51.34,0,1200
1649764597.290586,1,300,55,58.95,53.88,0,1200
1649764597.315583,1,300,50,57.48,51.40,0,1200
1649764597.340580,1,300,50,59.00,50.87,0,1200
1649764597.365577,1,300,60,57.41,51.53,0,1200
1649764597.390575,1,300,54,59.07,196.32,1,1171
1649764597.415572,1,300,56,57.39,51.18,0,1171
1649764597.440569,1,300,49,59.03,52.05,0,1171
1649764597.465567,1,300,59,57.23,52.54,0,1171
1649764597.490564,1,300,49,59.02,51.64,0,1171
1649764597.515562,1,300,62,57.15,52.42,0,1171
1649764597.540559,1,300,50,58.92,173.65,1,1118
1649764597.565556,1,300,59,56.95,53.16,0,1118
1649764597.590553,1,300,46,58.87,52.46,0,1118
1649764597.615551,1,300,57,56.83,51.98,0,1118
1649764597.640548,1,300,54,58.72,51.03,0,1118
1649764597.665545,1,300,58,56.58,52.76,0,1118
1649764597.690542,1,300,60,58.59,132.51,1,1143
1649764597.715540,1,300,68,56.40,53.27,0,1143
1649764597.740537,1,300,53,58.43,53.43,0,1143
1649764597.765534,1,300,65,56.21,52.78,0,1143
1649764597.790532,1,300,54,58.47,54.57,0,1143
1649764597.815529,1,300,63,56.25,52.88,0,1143
1649764597.840526,1,300,49,58.55,130.94,1,1091
1649764597.865523,1,300,64,56.30,53.58,0,1091
1649764597.890521,1,300,52,58.75,52.54,0,1091
1649764597.915518,1,300,60,56.47,54.45,0,1091
1649764597.940515,1,300,48,58.94,54.02,0,1091
1649764597.965513,1,300,61,56.57,53.42,0,1091
1649764597.990510,1,300,46,59.16,129.89,1,1037
1649764598.015507,1,300,58,56.73,55.19,0,1037
1649764598.040505,1,300,43,59.27,52.84,0,1037
1649764598.065502,1,300,55,56.74,54.21,0,1037
1649764598.090499,1,300,40,59.39,55.96,0,1037
1649764598.115496,1,300,54,56.74,57.79,0,1037
1649764598.140494,1,300,44,59.40,129.60,1,963
1649764598.165491,1,300,53,56.70,55.71,0,963
1649764598.190488,1,300,37,59.46,52.20,0,963
1649764598.215486,1,300,55,56.70,53.39,0,963
1649764598.240483,1,300,45,59.45,53.11,0,963
1649764598.265480,1,300,56,56.64,52.45,0,963
1649764598.290478,1,300,43,59.54,140.51,1,908
1649764598.315475,1,300,62,56.66,56.81,0,908
1649764598.340472,1,300,43,59.56,54.14,0,908
1649764598.365469,1,300,55,56.61,55.16,0,908
1649764598.390466,1,300,38,59.63,55.32,0,908
1649764598.415464,1,300,59,56.63,55.50,0,908
1649764598.440461,1,300,40,59.66,133.08,1,864
1649764598.465458,1,300,60,56.60,55.90,0,864
1649764598.490456,1,300,46,59.77,55.16,0,864
1649764598.515453,1,300,64,56.64,54.34,0,864
1649764598.540451,1,300,39,59.80,55.36,0,864
1649764598.565448,1,300,55,56.61,54.06,0,864
1649764598.590445,1,300,40,59.88,145.23,1,848
1649764598.615443,1,300,62,56.63,58.12,0,848
1649764598.640440,1,300,40,59.90,55.57,0,848
1649764598.665437,1,300,62,56.60,54.95,0,848
1649764598.690434,1,300,43,59.94,54.55,0,848
1649764598.715431,1,300,60,56.61,55.14,0,848
1649764598.740429,1,300,49,59.92,115.34,1,829
1649764598.765426,1,300,54,56.53,56.17,0,829
1649764598.790424,1,300,44,59.95,56.06,0,829
1649764598.815421,1,300,57,56.53,53.72,0,829
1649764598.840418,1,300,47,59.92,58.34,0,829
1649764598.865415,1,300,62,56.46,53.98,0,829
1649764598.890413,1,300,47,59.95,112.63,1,808
1649764598.915410,1,300,57,56.48,55.42,0,808
1649764598.940407,1,300,44,59.96,52.87,0,808
1649764598.965405,1,300,57,56.43,53.68,0,808
1649764598.990402,1,300,36,60.02,54.64,0,808
1649764599.015399,1,300,62,56.47,54.22,0,808
1649764599.040396,1,300,38,60.01,111.68,1,780
1649764599.065394,1,300,55,56.43,55.78,0,780
1649764599.090391,1,300,41,60.09,53.12,0,780
1649764599.115388,1,300,68,56.48,55.16,0,780
1649764599.140386,1,300,46,60.11,56.54,0,780
1649764599.165383,1,300,66,56.48,55.01,0,780
1649764599.190380,1,300,41,60.24,112.52,1,744
1649764599.215377,1,300,60,56.55,55.36,0,744
1649764599.240375,1,300,41,60.28,55.57,0,744
1649764599.265372,1,300,56,56.55,56.97,0,744
1649764599.290369,1,300,45,60.34,57.96,0,744
1649764599.315367,1,300,56,56.55,55.98,0,744
1649764599.340364,1,300,48,60.29,108.86,1,720
1649764599.365361,1,300,59,56.51,54.87,0,720
1649764599.390358,1,300,46,60.29,56.38,0,720
1649764599.415356,1,300,60,56.50,54.51,0,720
1649764599.440353,1,300,47,60.25,54.94,0,720
1649764599.465350,1,300,54,56.47,58.35,0,720
1649764599.490348,1,300,44,60.33,109.47,1,703
1649764599.515345,1,300,58,56.53,56.14,0,703
1649764599.540342,1,300,46,60.35,54.63,0,703
1649764599.565340,1,300,58,56.56,56.59,0,703
1649764599.590337,1,300,41,60.47,55.43,0,703
1649764599.615334,1,300,62,56.64,55.50,0,703
1649764599.640332,1,300,47,60.49,127.20,1,703
1649764599.665329,1,300,53,56.69,57.26,0,703
1649764599.690326,1,300,44,60.62,55.75,0,703
1649764599.715323,1,300,53,56.79,55.43,0,703
1649764599.740321,1,300,47,60.65,55.95,0,703
1649764599.765318,1,300,59,56.82,53.96,0,703
1649764599.790315,1,300,41,60.77,103.22,1,693
1649764599.815313,1,300,54,56.91,54.15,0,693
1649764599.840310,1,300,38,60.81,55.84,0,693
1649764599.865307,1,300,55,56.95,58.01,0,693
1649764599.890305,1,300,41,60.88,56.66,0,693
1649764599.915302,1,300,51,57.05,54.61,0,693
1649764599.940299,1,300,39,60.90,100.48,1,676
1649764599.965296,1,300,56,57.09,54.99,0,676
1649764599.990294,1,300,39,61.00,54.10,0,676
1649764600.015291,1,300,60,57.16,54.72,0,676
1649764600.040288,1,300,34,60.99,54.55,0,676
1649764600.065286,1,300,58,57.16,54.65,0,676
1649764600.090283,1,300,30,61.05,101.08,1,664
1649764600.115280,1,300,55,57.20,56.16,0,664
1649764600.140277,1,300,41,61.03,54.51,0,664
1649764600.165275,1,300,60,57.19,54.50,0,664
1649764600.190272,1,300,39,61.08,55.03,0,664
1649764600.215269,1,300,55,57.25,58.32,0,664
1649764600.240267,1,300,37,61.06,108.71,1,672
1649764600.265264,1,300,55,57.25,54.62,0,672
1649764600.290261,1,300,37,61.12,54.95,0,672
1649764600.315258,1,300,58,57.29,55.01,0,672
1649764600.340256,1,300,39,61.07,55.57,0,672
1649764600.365253,1,300,54,57.27,57.47,0,672
1649764600.390250,1,300,34,61.12,111.35,1,655
1649764600.415248,1,300,59,57.31,55.79,0,655
1649764600.440245,1,300,36,61.11,53.88,0,655
1649764600.465242,1,300,59,57.32,56.25,0,655
1649764600.490239,1,300,39,61.14,54.63,0,655
1649764600.515237,1,300,54,57.35,54.64,0,655
1649764600.540234,1,300,38,61.09,113.61,1,655
1649764600.565231,1,300,61,57.33,56.88,0,655
1649764600.590229,1,300,39,61.14,55.04,0,655
1649764600.615226,1,300,53,57.37,54.00,0,655
1649764600.640224,1,300,42,61.08,53.66,0,655
1649764600.665220,1,300,56,57.33,55.59,0,655
1649764600.690218,1,300,36,61.09,80.14,1,655
1649764600.715215,1,300,60,57.36,54.56,0,655
1649764600.740212,1,300,35,61.02,55.45,0,655
1649764600.765210,1,300,64,57.32,53.64,0,655
1649764600.790207,1,300,42,61.05,53.24,0,655
1649764600.815204,1,300,57,57.34,53.62,0,655
1649764600.840202,1,300,35,61.01,80.18,1,655
1649764600.865199,1,300,52,57.37,55.67,0,655
1649764600.890196,1,300,29,61.09,52.81,0,655
1649764600.915194,1,300,49,57.41,54.88,0,655
1649764600.940191,1,300,31,61.01,54.61,0,655
1649764600.965188,1,300,50,57.30,54.16,0,655
1649764600.990185,1,300,39,60.99,81.56,1,655
1649764601.015183,1,300,53,57.27,54.56,0,655
1649764601.040180,1,300,37,60.97,55.44,0,655
1649764601.065177,1,300,53,57.38,53.76,0,655
1649764601.090175,1,300,38,61.13,52.89,0,655
1649764601.115172,1,300,55,57.47,54.50,0,655
1649764601.140169,1,300,35,61.09,83.80,1,655
1649764601.165167,1,300,59,57.41,54.04,0,655
1649764601.190164,1,300,36,61.06,54.61,0,655
1649764601.215161,1,300,47,57.37,53.89,0,655
1649764601.240159,1,300,36,60.93,54.53,0,655
1649764601.265156,1,300,65,57.32,53.67,0,655
1649764601.290153,1,300,43,60.94,80.68,1,655
1649764601.315150,1,300,49,57.31,53.50,0,655
1649764601.340148,1,300,45,60.84,53.75,0,655
1649764601.365145,1,300,53,57.29,53.90,0,655
1649764601.390142,1,300,41,60.83,53.39,0,655
1649764601.415140,1,300,53,57.26,57.75,0,655
1649764601.440137,1,300,40,60.72,104.45,1,731
1649764601.465134,1,300,55,57.28,53.99,0,731
1649764601.490131,1,300,39,60.75,53.88,0,731
1649764601.515129,1,300,47,57.27,55.26,0,731
1649764601.540126,1,300,29,60.62,53.06,0,731
1649764601.565123,1,300,50,57.27,53.38,0,731
1649764601.590121,1,300,28,60.63,117.14,1,714
1649764601.615118,1,300,52,57.29,52.90,0,714
1649764601.640115,1,300,37,60.55,54.94,0,714
1649764601.665112,1,300,57,57.33,53.21,0,714
1649764601.690110,1,300,36,60.60,55.98,0,714
1649764601.715107,1,300,52,57.41,59.16,0,714
1649764601.740104,1,300,48,60.55,104.15,1,712
1649764601.765102,1,300,55,57.47,56.01,0,712
1649764601.790099,1,300,44,60.59,54.09,0,712
1649764601.815096,1,300,53,57.49,58.05,0,712
1649764601.840094,1,300,56,60.45,56.16,0,712
1649764601.865091,1,300,60,57.44,56.59,0,712
1649764601.890088,1,300,57,60.41,112.74,1,750
1649764601.915086,1,300,67,57.36,53.08,0,750
1649764601.940083,1,300,58,60.22,53.65,0,750
1649764601.965080,1,300,67,57.21,53.30,0,750
1649764601.990077,1,300,51,60.06,53.64,0,750
1649764602.015074,1,300,54,56.96,52.46,0,750
