t,tracked,n_obs0,n_obs1,mean0,ms,keyframe,n_landmarks,allobs
1700000000.000000,0,234,236,116.70,1625.92,0,0,234/236/227/265/269/269
1700000000.050000,0,300,300,116.71,69.43,0,0,300/300/300/300/300/300
1700000000.100000,0,300,300,116.71,86.97,0,0,300/300/300/300/300/300
1700000000.150000,0,300,300,116.70,38.40,0,0,300/300/300/300/300/300
1700000000.200000,0,300,300,116.72,85.25,0,0,300/300/300/300/300/300
1700000000.250000,0,300,300,116.71,37.98,0,0,300/300/300/300/300/300
1700000000.300000,0,300,300,116.71,90.49,0,0,300/300/300/300/300/300
1700000000.350000,0,300,300,116.72,38.02,0,0,300/300/300/300/300/300
1700000000.400000,0,300,300,116.71,85.70,0,0,300/300/300/300/300/300
1700000000.450000,0,300,300,116.71,38.06,0,0,300/300/300/300/300/300
1700000000.500000,0,300,300,116.71,85.40,0,0,300/300/300/300/300/300
1700000000.550000,0,300,300,116.70,37.69,0,0,300/300/300/300/300/300
1700000000.600000,0,300,300,116.71,86.20,0,0,300/300/300/300/300/300
1700000000.650000,0,300,300,116.70,38.20,0,0,300/300/300/300/300/300
1700000000.700000,0,300,300,116.71,84.29,0,0,300/300/300/300/300/300
1700000000.750000,0,300,300,116.70,37.52,0,0,300/300/300/300/300/300
1700000000.800000,0,300,300,116.71,84.11,0,0,300/300/300/300/300/300
1700000000.850000,0,300,300,116.71,38.43,0,0,300/300/300/300/300/300
1700000000.900000,1,300,300,116.70,43.71,1,0,300/300/300/300/300/300
1700000000.950000,1,300,300,116.71,52.01,1,177,300/300/300/300/300/300
1700000001.000000,1,300,300,116.71,61.95,1,243,300/300/300/300/300/300
1700000001.050000,1,300,300,116.70,68.10,1,162,300/300/300/300/300/300
1700000001.100000,1,300,300,116.70,65.37,1,159,300/300/300/300/300/300
1700000001.150000,1,300,300,116.71,81.17,1,225,300/300/300/300/300/300
1700000001.200000,1,300,300,116.71,73.92,1,201,300/300/300/300/300/300
1700000001.250000,1,300,300,116.71,65.36,1,193,300/300/300/300/300/300
1700000001.300000,1,300,300,116.71,69.53,1,193,300/300/300/300/300/300
1700000001.350000,1,300,300,116.71,70.65,1,233,300/300/300/300/300/300
1700000001.400000,1,300,300,116.71,70.66,1,217,300/300/300/300/300/300
1700000001.450000,1,300,300,116.71,83.40,1,224,300/300/300/300/300/300
1700000001.500000,1,300,300,116.70,83.65,1,221,300/300/300/300/300/300
1700000001.550000,1,300,300,116.71,76.89,1,337,300/300/300/300/300/300
1700000001.600000,1,300,300,116.71,73.66,1,201,300/300/300/300/300/300
1700000001.650000,1,300,300,116.72,66.00,1,240,300/300/300/300/300/300
1700000001.700000,1,300,300,116.72,77.15,1,360,300/300/300/300/300/300
1700000001.750000,1,300,300,116.70,82.72,1,503,300/300/300/300/300/300
1700000001.800000,1,300,300,116.70,95.51,1,624,300/300/300/300/300/300
1700000001.850000,1,300,300,116.70,93.59,1,727,300/300/300/300/300/300
1700000001.900000,1,300,300,116.71,99.85,1,820,300/300/300/300/300/300
1700000001.950000,1,300,300,116.70,121.34,1,878,300/300/300/300/300/300
1700000002.000000,1,300,300,116.72,112.28,1,898,300/300/300/300/300/300
1700000002.050000,1,300,300,116.71,119.09,1,915,300/300/300/300/300/300
1700000002.100000,1,300,300,116.71,131.93,1,926,300/300/300/300/300/300
1700000002.150000,1,300,300,116.72,142.86,1,940,300/300/300/300/300/300
1700000002.200000,1,300,300,116.73,177.10,1,955,300/300/300/300/300/300
1700000002.250000,1,300,300,116.73,166.85,1,971,300/300/300/300/300/300
1700000002.300000,1,300,300,116.73,184.30,1,989,300/300/300/300/300/300
1700000002.350000,1,300,300,116.73,199.45,1,1009,300/300/300/300/300/300
1700000002.400000,1,300,300,116.74,209.18,1,1030,300/300/300/300/300/300
1700000002.450000,1,300,300,116.75,224.13,1,1059,300/300/300/300/300/300
1700000002.500000,1,300,300,116.77,248.44,1,1082,300/300/300/300/300/300
1700000002.550000,1,300,300,116.76,252.33,1,1111,300/300/300/300/300/300
1700000002.600000,1,300,300,116.77,431.18,1,1138,300/300/300/300/300/300
1700000002.650000,1,300,300,116.78,279.64,1,1183,300/300/300/300/300/300
1700000002.700000,1,300,300,116.77,293.77,1,1204,300/300/300/300/300/300
1700000002.750000,1,300,300,116.81,375.00,1,1241,300/300/300/300/300/300
1700000002.800000,1,300,300,116.81,392.78,1,1267,300/300/300/300/300/300
1700000002.850000,1,300,300,116.82,409.25,1,1301,300/300/300/300/300/300
1700000002.900000,1,300,300,116.83,45.98,0,1301,300/300/300/300/300/300
1700000002.950000,1,300,300,116.85,46.05,0,1301,300/300/300/300/300/300
1700000003.000000,1,300,300,116.86,422.17,1,1321,300/300/300/300/300/300
1700000003.050000,1,300,300,116.87,45.09,0,1321,300/300/300/300/300/300
1700000003.100000,1,300,300,116.88,47.02,0,1321,300/300/300/300/300/300
1700000003.150000,1,300,300,116.91,440.20,1,1374,300/300/300/300/300/300
1700000003.200000,1,300,300,116.93,46.62,0,1374,300/300/300/300/300/300
1700000003.250000,1,300,300,116.95,46.54,0,1374,300/300/300/300/300/300
1700000003.300000,1,300,300,116.99,461.13,1,1419,300/300/300/300/300/300
1700000003.350000,1,300,300,117.00,46.33,0,1419,300/300/300/300/300/300
1700000003.400000,1,300,300,116.98,46.31,0,1419,300/300/300/300/300/300
1700000003.450000,1,300,300,116.98,475.29,1,1476,300/300/300/300/300/300
1700000003.500000,1,300,300,116.97,46.89,0,1476,300/300/300/300/300/300
1700000003.550000,1,300,300,116.97,46.55,0,1476,300/300/300/300/300/300
1700000003.600000,1,300,300,116.96,496.39,1,1532,300/300/300/300/300/300
1700000003.650000,1,300,300,116.96,48.53,0,1532,300/300/300/300/300/300
1700000003.700000,1,300,300,116.94,48.53,0,1532,300/300/300/300/300/300
1700000003.750000,1,300,300,116.94,499.03,1,1580,300/300/300/300/300/300
1700000003.800000,1,300,300,116.93,49.26,0,1580,300/300/300/300/300/300
1700000003.850000,1,300,300,116.91,49.12,0,1580,300/300/300/300/300/300
1700000003.900000,1,300,300,116.92,514.47,1,1613,300/300/300/300/300/300
1700000003.950000,1,300,300,116.90,48.64,0,1613,300/300/300/300/300/300
1700000004.000000,1,300,300,116.90,46.52,0,1613,300/300/300/300/300/300
1700000004.050000,1,300,300,116.88,329.33,1,1573,300/300/300/300/300/300
1700000004.100000,1,300,300,116.87,49.26,0,1573,300/300/300/300/300/300
1700000004.150000,1,300,300,116.90,46.03,0,1573,300/300/300/300/300/300
1700000004.200000,1,300,300,116.92,361.78,1,1436,300/300/300/300/300/300
1700000004.250000,1,300,300,116.96,46.19,0,1436,300/300/300/300/300/300
1700000004.300000,1,300,300,116.98,48.03,0,1436,300/300/300/300/300/300
1700000004.350000,1,300,300,116.98,296.57,1,1448,300/300/300/300/300/300
1700000004.400000,1,300,300,116.96,48.43,0,1448,300/300/300/300/300/300
1700000004.450000,1,300,300,116.94,47.29,0,1448,300/300/300/300/300/300
1700000004.500000,1,300,300,116.94,230.95,1,1436,300/300/300/300/300/300
1700000004.550000,1,300,300,116.92,49.00,0,1436,300/300/300/300/300/300
1700000004.600000,1,300,300,116.97,48.80,0,1436,300/300/300/300/300/300
1700000004.650000,1,300,300,116.97,210.19,1,1500,300/300/300/300/300/300
1700000004.700000,1,300,300,117.00,46.96,0,1500,300/300/300/300/300/300
1700000004.750000,1,300,300,117.03,49.60,0,1500,300/300/300/300/300/300
1700000004.800000,1,300,300,117.03,126.22,1,1526,300/300/300/300/300/300
1700000004.850000,1,300,300,117.03,48.05,0,1526,300/300/300/300/300/300
1700000004.900000,1,300,300,117.01,48.77,0,1526,300/300/300/300/300/300
1700000004.950000,1,300,300,117.01,175.08,1,1584,300/300/300/300/300/300
1700000005.000000,1,300,300,117.01,47.35,0,1584,300/300/300/300/300/300
1700000005.050000,1,300,300,116.99,47.86,0,1584,300/300/300/300/300/300
1700000005.100000,1,300,300,116.97,186.81,1,1637,300/300/300/300/300/300
1700000005.150000,1,300,300,116.95,48.10,0,1637,300/300/300/300/300/300
1700000005.200000,1,300,300,116.93,48.89,0,1637,300/300/300/300/300/300
1700000005.250000,1,300,300,116.89,189.98,1,1703,300/300/300/300/300/300
1700000005.300000,1,300,300,116.85,48.66,0,1703,300/300/300/300/300/300
1700000005.350000,1,300,300,116.80,48.37,0,1703,300/300/300/300/300/300
1700000005.400000,1,300,300,116.74,159.47,1,1771,300/300/300/300/300/300
1700000005.450000,1,300,300,116.67,48.27,0,1771,300/300/300/300/300/300
1700000005.500000,1,300,300,116.60,49.54,0,1771,300/300/300/300/300/300
1700000005.550000,1,300,300,116.53,165.58,1,1834,300/300/300/300/300/300
1700000005.600000,1,300,300,116.45,52.39,0,1834,300/300/300/300/300/300
1700000005.650000,1,300,300,116.36,50.58,0,1834,300/300/300/300/300/300
1700000005.700000,1,300,300,116.26,177.23,1,1883,300/300/300/300/300/300
1700000005.750000,1,300,300,116.18,47.54,0,1883,300/300/300/300/300/300
1700000005.800000,1,300,300,116.08,48.60,0,1883,300/300/300/300/300/300
1700000005.850000,1,300,300,115.95,146.04,1,1960,300/300/300/300/300/300
1700000005.900000,1,300,300,115.82,51.01,0,1960,300/300/300/300/300/300
1700000005.950000,1,300,300,115.65,47.85,0,1960,300/300/300/300/300/300
1700000006.000000,1,300,300,115.46,250.82,1,2010,300/300/300/300/300/300
1700000006.050000,1,300,300,115.22,50.55,0,2010,300/300/300/300/300/300
1700000006.100000,1,300,300,114.94,50.02,0,2010,300/300/300/300/300/300
1700000006.150000,1,300,300,114.61,272.59,1,2061,300/300/300/300/300/300
1700000006.200000,1,300,300,114.21,50.80,0,2061,300/300/300/300/300/300
1700000006.250000,1,300,300,113.74,59.53,0,2061,300/300/300/300/300/300
1700000006.300000,1,300,300,113.27,285.17,1,2087,300/300/300/300/300/300
1700000006.350000,1,300,300,112.77,48.98,0,2087,300/300/300/300/300/300
1700000006.400000,1,300,300,116.66,64.04,0,2087,300/300/300/300/300/300
1700000006.450000,1,300,300,116.63,267.49,1,2268,300/300/300/300/300/300
1700000006.500000,1,300,300,116.59,55.24,0,2268,300/300/300/300/300/300
1700000006.550000,1,300,300,116.59,46.64,0,2268,300/300/300/300/300/300
1700000006.600000,1,300,300,116.56,297.88,1,2385,300/300/300/300/300/300
1700000006.650000,1,300,300,116.53,46.83,0,2385,300/300/300/300/300/300
1700000006.700000,1,300,300,116.53,49.94,0,2385,300/300/300/300/300/300
1700000006.750000,1,300,300,116.52,279.52,1,2419,300/300/300/300/300/300
1700000006.800000,1,300,300,116.53,57.31,0,2419,300/300/300/300/300/300
1700000006.850000,1,300,300,110.65,59.38,0,2419,300/300/300/300/300/300
1700000006.900000,1,300,300,112.15,279.58,1,2358,300/300/300/300/300/300
1700000006.950000,1,300,300,113.35,50.07,0,2358,300/300/300/300/300/300
1700000007.000000,1,300,300,113.94,55.55,0,2358,300/300/300/300/300/300
1700000007.050000,1,300,300,114.26,242.62,1,2493,300/300/300/300/300/300
1700000007.100000,1,300,300,114.49,52.98,0,2493,300/300/300/300/300/300
1700000007.150000,1,300,300,114.63,50.27,0,2493,300/300/300/300/300/300
1700000007.200000,1,300,300,114.75,168.83,1,2650,300/300/300/300/300/300
1700000007.250000,1,300,300,114.89,51.16,0,2650,300/300/300/300/300/300
1700000007.300000,1,300,300,114.98,49.53,0,2650,300/300/300/300/300/300
1700000007.350000,1,300,300,115.08,228.15,1,2712,300/300/300/300/300/300
1700000007.400000,1,300,300,115.18,47.88,0,2712,300/300/300/300/300/300
1700000007.450000,1,300,300,115.27,47.75,0,2712,300/300/300/300/300/300
1700000007.500000,1,300,300,115.36,240.63,1,2734,300/300/300/300/300/300
1700000007.550000,1,300,300,115.45,49.60,0,2734,300/300/300/300/300/300
1700000007.600000,1,300,300,115.53,47.38,0,2734,300/300/300/300/300/300
1700000007.650000,1,300,300,115.62,326.81,1,2737,300/300/300/300/300/300
1700000007.700000,1,300,300,115.71,49.54,0,2737,300/300/300/300/300/300
1700000007.750000,1,300,300,115.80,48.58,0,2737,300/300/300/300/300/300
1700000007.800000,1,300,300,115.87,243.72,1,2745,300/300/300/300/300/300
1700000007.850000,1,300,300,115.94,49.30,0,2745,300/300/300/300/300/300
1700000007.900000,1,300,300,116.01,47.75,0,2745,300/300/300/300/300/300
1700000007.950000,1,300,300,116.07,267.58,1,2743,300/300/300/300/300/300
1700000008.000000,1,300,300,116.15,52.35,0,2743,300/300/300/300/300/300
1700000008.050000,1,300,300,116.22,47.94,0,2743,300/300/300/300/300/300
1700000008.100000,1,300,300,116.28,319.05,1,2728,300/300/300/300/300/300
1700000008.150000,1,300,300,116.36,48.92,0,2728,300/300/300/300/300/300
1700000008.200000,1,300,300,116.44,47.50,0,2728,300/300/300/300/300/300
1700000008.250000,1,300,300,116.53,324.46,1,2671,300/300/300/300/300/300
1700000008.300000,1,300,300,116.62,49.21,0,2671,300/300/300/300/300/300
1700000008.350000,1,300,300,116.69,46.72,0,2671,300/300/300/300/300/300
1700000008.400000,1,300,300,116.75,248.93,1,2595,300/300/300/300/300/300
1700000008.450000,1,300,300,116.83,47.29,0,2595,300/300/300/300/300/300
1700000008.500000,1,300,300,116.89,48.78,0,2595,300/300/300/300/300/300
1700000008.550000,1,300,300,116.98,297.24,1,2533,300/300/300/300/300/300
1700000008.600000,1,300,300,117.09,48.68,0,2533,300/300/300/300/300/300
1700000008.650000,1,300,300,117.22,47.57,0,2533,300/300/300/300/300/300
1700000008.700000,1,300,300,117.34,315.03,1,2477,300/300/300/300/300/300
1700000008.750000,1,300,300,117.49,50.23,0,2477,300/300/300/300/300/300
1700000008.800000,1,300,300,117.63,47.48,0,2477,300/300/300/300/300/300
1700000008.850000,1,300,300,117.73,268.24,1,2464,300/300/300/300/300/300
1700000008.900000,1,300,300,117.85,49.02,0,2464,300/300/300/300/300/300
1700000008.950000,1,300,300,117.95,47.15,0,2464,300/300/300/300/300/300
1700000009.000000,1,300,300,118.03,260.39,1,2423,300/300/300/300/300/300
1700000009.050000,1,300,300,118.08,47.85,0,2423,300/300/300/300/300/300
1700000009.100000,1,300,300,118.17,48.77,0,2423,300/300/300/300/300/300
1700000009.150000,1,300,300,118.25,266.51,1,2426,300/300/300/300/300/300
1700000009.200000,1,300,300,118.35,48.99,0,2426,300/300/300/300/300/300
1700000009.250000,1,300,300,118.40,51.27,0,2426,300/300/300/300/300/300
1700000009.300000,1,300,300,118.46,306.55,1,2415,300/300/300/300/300/300
1700000009.350000,1,300,300,118.53,49.13,0,2415,300/300/300/300/300/300
1700000009.400000,1,300,300,118.57,47.30,0,2415,300/300/300/300/300/300
1700000009.450000,1,300,300,118.58,283.92,1,2403,300/300/300/300/300/300
1700000009.500000,1,300,300,118.57,47.74,0,2403,300/300/300/300/300/300
1700000009.550000,1,300,300,118.55,47.81,0,2403,300/300/300/300/300/300
1700000009.600000,1,300,300,118.53,285.61,1,2374,300/300/300/300/300/300
1700000009.650000,1,300,300,118.53,46.31,0,2374,300/300/300/300/300/300
1700000009.700000,1,300,300,118.50,47.86,0,2374,300/300/300/300/300/300
1700000009.750000,1,300,300,118.47,285.73,1,2371,300/300/300/300/300/300
1700000009.800000,1,300,300,118.44,50.63,0,2371,300/300/300/300/300/300
1700000009.850000,1,300,300,118.44,47.16,0,2371,300/300/300/300/300/300
1700000009.900000,1,300,300,118.44,314.25,1,2336,300/300/300/300/300/300
1700000009.950000,1,300,300,118.45,47.82,0,2336,300/300/300/300/300/300
1700000010.000000,1,300,300,118.47,47.45,0,2336,300/300/300/300/300/300
1700000010.050000,1,300,300,118.48,250.93,1,2332,300/300/300/300/300/300
1700000010.100000,1,300,300,118.49,49.20,0,2332,300/300/300/300/300/300
1700000010.150000,1,300,300,118.49,49.16,0,2332,300/300/300/300/300/300
1700000010.200000,1,300,300,118.48,269.80,1,2303,300/300/300/300/300/300
1700000010.250000,1,300,300,118.48,47.67,0,2303,300/300/300/300/300/300
1700000010.300000,1,300,300,118.47,47.07,0,2303,300/300/300/300/300/300
1700000010.350000,1,300,300,118.46,327.02,1,2319,300/300/300/300/300/300
1700000010.400000,1,300,300,118.45,48.81,0,2319,300/300/300/300/300/300
1700000010.450000,1,300,300,118.43,47.65,0,2319,300/300/300/300/300/300
1700000010.500000,1,300,300,118.43,355.39,1,2163,300/300/300/300/300/300
1700000010.550000,1,300,300,118.41,48.44,0,2163,300/300/300/300/300/300
1700000010.600000,1,300,300,118.46,47.02,0,2163,300/300/300/300/300/300
1700000010.650000,1,300,300,118.46,271.36,1,2092,300/300/300/300/300/300
1700000010.700000,1,300,300,118.47,49.25,0,2092,300/300/300/300/300/300
1700000010.750000,1,300,300,118.49,47.88,0,2092,300/300/300/300/300/300
1700000010.800000,1,300,300,118.49,308.62,1,2067,300/300/300/300/300/300
1700000010.850000,1,300,300,118.50,49.93,0,2067,300/300/300/300/300/300
1700000010.900000,1,300,300,118.52,49.62,0,2067,300/300/300/300/300/300
1700000010.950000,1,300,300,118.52,202.64,1,2081,300/300/300/300/300/300
1700000011.000000,1,300,300,118.53,47.34,0,2081,300/300/300/300/300/300
1700000011.050000,1,300,300,118.51,47.09,0,2081,300/300/300/300/300/300
1700000011.100000,1,300,300,118.51,328.28,1,1930,300/300/300/300/300/300
1700000011.150000,1,300,300,118.47,48.40,0,1930,300/300/300/300/300/300
1700000011.200000,1,300,300,118.44,47.13,0,1930,300/300/300/300/300/300
1700000011.250000,1,300,300,118.40,241.65,1,1843,300/300/300/300/300/300
1700000011.300000,1,300,300,118.34,47.46,0,1843,300/300/300/300/300/300
1700000011.350000,1,300,300,118.30,46.53,0,1843,300/300/300/300/300/300
1700000011.400000,1,300,300,118.25,240.13,1,1844,300/300/300/300/300/300
1700000011.450000,1,300,300,118.19,45.74,0,1844,300/300/300/300/300/300
1700000011.500000,1,300,300,118.12,46.19,0,1844,300/300/300/300/300/300
1700000011.550000,1,300,300,118.04,243.15,1,1832,300/300/300/300/300/300
1700000011.600000,1,300,300,117.96,47.55,0,1832,300/300/300/300/300/300
1700000011.650000,1,300,300,117.87,45.16,0,1832,300/300/300/300/300/300
1700000011.700000,1,300,300,117.77,216.57,1,1815,300/300/300/300/300/300
1700000011.750000,1,300,300,117.67,46.76,0,1815,300/300/300/300/300/300
1700000011.800000,1,300,300,117.56,46.74,0,1815,300/300/300/300/300/300
1700000011.850000,1,300,300,117.46,246.96,1,1788,300/300/300/300/300/300
1700000011.900000,1,300,300,117.34,47.07,0,1788,300/300/300/300/300/300
1700000011.950000,1,300,300,117.23,45.46,0,1788,300/300/300/300/300/300
1700000012.000000,1,300,300,117.11,275.38,1,1780,300/300/300/300/300/300
1700000012.050000,1,300,300,117.00,46.97,0,1780,300/300/300/300/300/300
1700000012.100000,1,300,300,116.87,46.03,0,1780,300/300/300/300/300/300
1700000012.150000,1,300,300,116.75,256.50,1,1764,300/300/300/300/300/300
1700000012.200000,1,300,300,116.62,45.32,0,1764,300/300/300/300/300/300
1700000012.250000,1,300,300,116.48,45.13,0,1764,300/300/300/300/300/300
1700000012.300000,1,300,300,116.36,283.54,1,1742,300/300/300/300/300/300
1700000012.350000,1,300,300,116.24,45.76,0,1742,300/300/300/300/300/300
1700000012.400000,1,300,300,116.11,45.01,0,1742,300/300/300/300/300/300
1700000012.450000,1,300,300,116.01,216.86,1,1704,300/300/300/300/300/300
1700000012.500000,1,300,300,115.88,47.12,0,1704,300/300/300/300/300/300
1700000012.550000,1,300,300,115.77,45.75,0,1704,300/300/300/300/300/300
1700000012.600000,1,300,300,115.65,257.22,1,1693,300/300/300/300/300/300
1700000012.650000,1,300,300,115.55,44.23,0,1693,300/300/300/300/300/300
1700000012.700000,1,300,300,115.45,44.99,0,1693,300/300/300/300/300/300
1700000012.750000,1,300,300,115.33,205.46,1,1687,300/300/300/300/300/300
1700000012.800000,1,300,300,115.23,46.45,0,1687,300/300/300/300/300/300
1700000012.850000,1,300,300,115.13,46.85,0,1687,300/300/300/300/300/300
1700000012.900000,1,300,300,115.03,252.35,1,1662,300/300/300/300/300/300
1700000012.950000,1,300,300,114.92,46.81,0,1662,300/300/300/300/300/300
1700000013.000000,1,300,300,114.82,45.29,0,1662,300/300/300/300/300/300
1700000013.050000,1,300,300,114.72,205.68,1,1670,300/300/300/300/300/300
1700000013.100000,1,300,300,114.63,45.32,0,1670,300/300/300/300/300/300
1700000013.150000,1,300,300,114.54,44.47,0,1670,300/300/300/300/300/300
1700000013.200000,1,300,300,114.46,220.92,1,1663,300/300/300/300/300/300
1700000013.250000,1,300,300,114.39,46.55,0,1663,300/300/300/300/300/300
1700000013.300000,1,300,300,114.31,44.88,0,1663,300/300/300/300/300/300
1700000013.350000,1,300,300,114.25,221.25,1,1638,300/300/300/300/300/300
1700000013.400000,1,300,300,114.20,45.37,0,1638,300/300/300/300/300/300
1700000013.450000,1,300,300,114.14,45.48,0,1638,300/300/300/300/300/300
1700000013.500000,1,300,300,114.10,288.79,1,1645,300/300/300/300/300/300
1700000013.550000,1,300,300,114.08,48.34,0,1645,300/300/300/300/300/300
1700000013.600000,1,300,300,114.04,46.59,0,1645,300/300/300/300/300/300
1700000013.650000,1,300,300,114.03,158.84,1,1658,300/300/300/300/300/300
1700000013.700000,1,300,300,114.01,46.59,0,1658,300/300/300/300/300/300
1700000013.750000,1,300,300,114.01,45.24,0,1658,300/300/300/300/300/300
1700000013.800000,1,300,300,114.00,314.69,1,1658,300/300/300/300/300/300
1700000013.850000,1,300,300,114.02,44.61,0,1658,300/300/300/300/300/300
1700000013.900000,1,300,300,114.04,44.86,0,1658,300/300/300/300/300/300
1700000013.950000,1,300,300,114.05,233.03,1,1646,300/300/300/300/300/300
1700000014.000000,1,300,300,114.07,46.44,0,1646,300/300/300/300/300/300
1700000014.050000,1,300,300,114.10,46.30,0,1646,300/300/300/300/300/300
1700000014.100000,1,300,300,114.10,434.99,1,1626,300/300/300/300/300/300
1700000014.150000,1,300,300,114.12,47.26,0,1626,300/300/300/300/300/300
1700000014.200000,1,300,300,114.14,47.10,0,1626,300/300/300/300/300/300
1700000014.250000,1,300,300,114.17,277.60,1,1632,300/300/300/300/300/300
1700000014.300000,1,300,300,114.20,46.11,0,1632,300/300/300/300/300/300
1700000014.350000,1,300,300,114.21,49.03,0,1632,300/300/300/300/300/300
1700000014.400000,1,300,300,114.23,314.34,1,1623,300/300/300/300/300/300
1700000014.450000,1,300,300,114.26,49.33,0,1623,300/300/300/300/300/300
1700000014.500000,1,300,300,114.26,46.92,0,1623,300/300/300/300/300/300
1700000014.550000,1,300,300,114.28,336.97,1,1650,300/300/300/300/300/300
1700000014.600000,1,300,300,114.28,46.06,0,1650,300/300/300/300/300/300
1700000014.650000,1,300,300,114.28,47.28,0,1650,300/300/300/300/300/300
1700000014.700000,1,300,300,114.29,269.68,1,1621,300/300/300/300/300/300
1700000014.750000,1,300,300,114.31,48.16,0,1621,300/300/300/300/300/300
1700000014.800000,1,300,300,114.30,45.70,0,1621,300/300/300/300/300/300
1700000014.850000,1,300,300,114.31,243.60,1,1630,300/300/300/300/300/300
1700000014.900000,1,300,300,114.30,46.27,0,1630,300/300/300/300/300/300
1700000014.950000,1,300,300,114.32,46.91,0,1630,300/300/300/300/300/300
1700000015.000000,1,300,300,114.32,207.64,1,1624,300/300/300/300/300/300
1700000015.050000,1,300,300,114.32,46.96,0,1624,300/300/300/300/300/300
1700000015.100000,1,300,300,114.32,47.67,0,1624,300/300/300/300/300/300
1700000015.150000,1,300,300,114.32,235.90,1,1621,300/300/300/300/300/300
1700000015.200000,1,300,300,114.31,46.27,0,1621,300/300/300/300/300/300
1700000015.250000,1,300,300,114.32,45.94,0,1621,300/300/300/300/300/300
1700000015.300000,1,300,300,114.32,272.92,1,1546,300/300/300/300/300/300
1700000015.350000,1,300,300,114.31,47.46,0,1546,300/300/300/300/300/300
1700000015.400000,1,300,300,114.32,48.15,0,1546,300/300/300/300/300/300
1700000015.450000,1,300,300,114.32,247.48,1,1555,300/300/300/300/300/300
1700000015.500000,1,300,300,114.31,48.37,0,1555,300/300/300/300/300/300
1700000015.550000,1,300,300,114.32,46.72,0,1555,300/300/300/300/300/300
1700000015.600000,1,300,300,114.32,197.78,1,1599,300/300/300/300/300/300
1700000015.650000,1,300,300,114.33,48.71,0,1599,300/300/300/300/300/300
1700000015.700000,1,300,300,114.32,47.89,0,1599,300/300/300/300/300/300
1700000015.750000,1,300,300,114.31,149.54,1,1621,300/300/300/300/300/300
1700000015.800000,1,300,300,114.35,48.34,0,1621,300/300/300/300/300/300
1700000015.850000,1,300,300,114.35,47.76,0,1621,300/300/300/300/300/300
1700000015.900000,1,300,300,114.37,241.06,1,1636,300/300/300/300/300/300
1700000015.950000,1,300,300,114.38,49.52,0,1636,300/300/300/300/300/300
1700000016.000000,1,300,300,114.40,48.84,0,1636,300/300/300/300/300/300
1700000016.050000,1,300,300,114.42,246.23,1,1636,300/300/300/300/300/300
1700000016.100000,1,300,300,114.44,54.76,0,1636,300/300/300/300/300/300
1700000016.150000,1,300,300,114.45,46.38,0,1636,300/300/300/300/300/300
1700000016.200000,1,300,300,114.49,249.22,1,1656,300/300/300/300/300/300
1700000016.250000,1,300,300,114.49,47.70,0,1656,300/300/300/300/300/300
1700000016.300000,1,300,300,114.52,47.19,0,1656,300/300/300/300/300/300
1700000016.350000,1,300,300,114.53,153.16,1,1655,300/300/300/300/300/300
1700000016.400000,1,300,300,114.55,50.00,0,1655,300/300/300/300/300/300
1700000016.450000,1,300,300,114.55,48.86,0,1655,300/300/300/300/300/300
1700000016.500000,1,300,300,114.59,253.38,1,1655,300/300/300/300/300/300
1700000016.550000,1,300,300,114.58,48.23,0,1655,300/300/300/300/300/300
1700000016.600000,1,300,300,114.59,47.67,0,1655,300/300/300/300/300/300
1700000016.650000,1,300,300,114.62,249.48,1,1659,300/300/300/300/300/300
1700000016.700000,1,300,300,114.63,47.76,0,1659,300/300/300/300/300/300
1700000016.750000,1,300,300,114.63,50.26,0,1659,300/300/300/300/300/300
1700000016.800000,1,300,300,114.63,152.53,1,1653,300/300/300/300/300/300
1700000016.850000,1,300,300,114.64,48.33,0,1653,300/300/300/300/300/300
1700000016.900000,1,300,300,114.63,48.24,0,1653,300/300/300/300/300/300
1700000016.950000,1,300,300,114.62,257.36,1,1657,300/300/300/300/300/300
1700000017.000000,1,300,300,114.63,47.48,0,1657,300/300/300/300/300/300
1700000017.050000,1,300,300,114.65,49.62,0,1657,300/300/300/300/300/300
1700000017.100000,1,300,300,114.63,203.48,1,1666,300/300/300/300/300/300
1700000017.150000,1,300,300,114.64,49.10,0,1666,300/300/300/300/300/300
1700000017.200000,1,300,300,114.65,47.46,0,1666,300/300/300/300/300/300
1700000017.250000,1,300,300,114.66,246.95,1,1659,300/300/300/300/300/300
1700000017.300000,1,300,300,114.69,47.99,0,1659,300/300/300/300/300/300
1700000017.350000,1,300,300,114.71,46.82,0,1659,300/300/300/300/300/300
1700000017.400000,1,300,300,114.72,256.35,1,1685,300/300/300/300/300/300
1700000017.450000,1,300,300,114.75,46.14,0,1685,300/300/300/300/300/300
1700000017.500000,1,300,300,114.77,47.61,0,1685,300/300/300/300/300/300
1700000017.550000,1,300,300,114.79,264.74,1,1656,300/300/300/300/300/300
1700000017.600000,1,300,300,114.82,46.22,0,1656,300/300/300/300/300/300
1700000017.650000,1,300,300,114.87,46.33,0,1656,300/300/300/300/300/300
1700000017.700000,1,300,300,114.92,186.78,1,1655,300/300/300/300/300/300
1700000017.750000,1,300,300,114.97,47.85,0,1655,300/300/300/300/300/300
1700000017.800000,1,300,300,115.02,46.87,0,1655,300/300/300/300/300/300
1700000017.850000,1,300,300,115.06,163.28,1,1657,300/300/300/300/300/300
1700000017.900000,1,300,300,115.13,47.92,0,1657,300/300/300/300/300/300
1700000017.950000,1,300,300,115.19,45.81,0,1657,300/300/300/300/300/300
1700000018.000000,1,300,300,115.24,255.73,1,1679,300/300/300/300/300/300
1700000018.050000,1,300,300,115.31,48.64,0,1679,300/300/300/300/300/300
1700000018.100000,1,300,300,115.36,47.63,0,1679,300/300/300/300/300/300
1700000018.150000,1,300,300,115.39,160.16,1,1682,300/300/300/300/300/300
1700000018.200000,1,300,300,115.44,50.84,0,1682,300/300/300/300/300/300
1700000018.250000,1,300,300,115.46,48.48,0,1682,300/300/300/300/300/300
1700000018.300000,1,300,300,115.51,217.05,1,1687,300/300/300/300/300/300
1700000018.350000,1,300,300,115.52,45.70,0,1687,300/300/300/300/300/300
1700000018.400000,1,300,300,115.55,46.28,0,1687,300/300/300/300/300/300
1700000018.450000,1,300,300,115.58,275.81,1,1687,300/300/300/300/300/300
1700000018.500000,1,300,300,115.62,47.17,0,1687,300/300/300/300/300/300
1700000018.550000,1,300,300,115.62,46.71,0,1687,300/300/300/300/300/300
1700000018.600000,1,300,300,115.61,272.46,1,1656,300/300/300/300/300/300
1700000018.650000,1,300,300,115.65,47.02,0,1656,300/300/300/300/300/300
1700000018.700000,1,300,300,115.66,45.06,0,1656,300/300/300/300/300/300
1700000018.750000,1,300,300,115.68,280.99,1,1675,300/300/300/300/300/300
1700000018.800000,1,300,300,115.70,46.29,0,1675,300/300/300/300/300/300
1700000018.850000,1,300,300,115.70,46.94,0,1675,300/300/300/300/300/300
1700000018.900000,1,300,300,115.74,226.79,1,1663,300/300/300/300/300/300
1700000018.950000,1,300,300,115.77,45.01,0,1663,300/300/300/300/300/300
1700000019.000000,1,300,300,115.77,47.90,0,1663,300/300/300/300/300/300
1700000019.050000,1,300,300,115.79,165.07,1,1683,300/300/300/300/300/300
1700000019.100000,1,300,300,115.80,47.46,0,1683,300/300/300/300/300/300
1700000019.150000,1,300,300,115.81,45.07,0,1683,300/300/300/300/300/300
1700000019.200000,1,300,300,115.81,223.39,1,1675,300/300/300/300/300/300
1700000019.250000,1,300,300,115.82,47.12,0,1675,300/300/300/300/300/300
1700000019.300000,1,300,300,115.81,49.88,0,1675,300/300/300/300/300/300
1700000019.350000,1,300,300,115.82,352.55,1,1675,300/300/300/300/300/300
1700000019.400000,1,300,300,115.85,47.46,0,1675,300/300/300/300/300/300
1700000019.450000,1,300,300,115.86,46.41,0,1675,300/300/300/300/300/300
1700000019.500000,1,300,300,115.88,160.94,1,1633,300/300/300/300/300/300
1700000019.550000,1,300,300,115.90,45.79,0,1633,300/300/300/300/300/300
1700000019.600000,1,300,300,115.88,46.61,0,1633,300/300/300/300/300/300
1700000019.650000,1,300,300,115.90,215.81,1,1609,300/300/300/300/300/300
1700000019.700000,1,300,300,115.88,49.34,0,1609,300/300/300/300/300/300
1700000019.750000,1,300,300,115.86,45.89,0,1609,300/300/300/300/300/300
1700000019.800000,1,300,300,115.87,152.34,1,1614,300/300/300/300/300/300
1700000019.850000,1,300,300,115.86,47.50,0,1614,300/300/300/300/300/300
1700000019.900000,1,300,300,115.84,47.14,0,1614,300/300/300/300/300/300
1700000019.950000,1,300,300,115.82,223.25,1,1616,300/300/300/300/300/300
1700000020.000000,1,300,300,115.80,47.38,0,1616,300/300/300/300/300/300
1700000020.050000,1,300,300,115.75,48.84,0,1616,300/300/300/300/300/300
1700000020.100000,1,300,300,115.71,159.41,1,1615,300/300/300/300/300/300
1700000020.150000,1,300,300,115.67,51.65,0,1615,300/300/300/300/300/300
1700000020.200000,1,300,300,115.61,47.24,0,1615,300/300/300/300/300/300
1700000020.250000,1,300,300,115.58,250.89,1,1601,300/300/300/300/300/300
1700000020.300000,1,300,300,115.53,47.09,0,1601,300/300/300/300/300/300
1700000020.350000,1,300,300,115.48,45.00,0,1601,300/300/300/300/300/300
1700000020.400000,1,300,300,115.45,253.22,1,1620,300/300/300/300/300/300
1700000020.450000,1,300,300,115.40,50.80,0,1620,300/300/300/300/300/300
1700000020.500000,1,300,300,115.35,52.80,0,1620,300/300/300/300/300/300
1700000020.550000,1,300,300,115.30,242.56,1,1610,300/300/300/300/300/300
1700000020.600000,1,300,300,115.25,47.35,0,1610,300/300/300/300/300/300
1700000020.650000,1,300,300,115.21,49.02,0,1610,300/300/300/300/300/300
1700000020.700000,1,300,300,115.15,241.36,1,1613,300/300/300/300/300/300
1700000020.750000,1,300,300,115.11,47.38,0,1613,300/300/300/300/300/300
1700000020.800000,1,300,300,115.05,46.20,0,1613,300/300/300/300/300/300
1700000020.850000,1,300,300,114.98,248.66,1,1596,300/300/300/300/300/300
1700000020.900000,1,300,300,114.91,47.30,0,1596,300/300/300/300/300/300
1700000020.950000,1,300,300,114.83,47.11,0,1596,300/300/300/300/300/300
1700000021.000000,1,300,300,114.76,150.55,1,1604,300/300/300/300/300/300
1700000021.050000,1,300,300,114.71,45.99,0,1604,300/300/300/300/300/300
1700000021.100000,1,300,300,114.66,45.67,0,1604,300/300/300/300/300/300
1700000021.150000,1,300,300,114.61,309.67,1,1610,300/300/300/300/300/300
1700000021.200000,1,300,300,114.53,52.20,0,1610,300/300/300/300/300/300
1700000021.250000,1,300,300,114.45,46.63,0,1610,300/300/300/300/300/300
1700000021.300000,1,300,300,114.38,206.00,1,1601,300/300/300/300/300/300
1700000021.350000,1,300,300,114.31,45.83,0,1601,300/300/300/300/300/300
1700000021.400000,1,300,300,114.24,44.96,0,1601,300/300/300/300/300/300
1700000021.450000,1,300,300,114.14,150.09,1,1575,300/300/300/300/300/300
1700000021.500000,1,300,300,114.04,46.29,0,1575,300/300/300/300/300/300
1700000021.550000,1,300,300,113.94,44.79,0,1575,300/300/300/300/300/300
1700000021.600000,1,300,300,113.83,179.78,1,1579,300/300/300/300/300/300
1700000021.650000,1,300,300,113.70,46.54,0,1579,300/300/300/300/300/300
1700000021.700000,1,300,300,113.58,46.17,0,1579,300/300/300/300/300/300
1700000021.750000,1,300,300,113.47,316.66,1,1565,300/300/300/300/300/300
1700000021.800000,1,300,300,113.38,47.26,0,1565,300/300/300/300/300/300
1700000021.850000,1,300,300,113.28,46.20,0,1565,300/300/300/300/300/300
1700000021.900000,1,300,300,113.19,154.18,1,1552,300/300/300/300/300/300
1700000021.950000,1,300,300,113.12,46.21,0,1552,300/300/300/300/300/300
1700000022.000000,1,300,300,113.02,45.72,0,1552,300/300/300/300/300/300
1700000022.050000,1,300,300,112.94,202.67,1,1538,300/300/300/300/300/300
1700000022.100000,1,300,300,112.86,44.37,0,1538,300/300/300/300/300/300
1700000022.150000,1,300,300,112.79,46.30,0,1538,300/300/300/300/300/300
1700000022.200000,1,300,300,112.72,151.13,1,1529,300/300/300/300/300/300
1700000022.250000,1,300,300,112.66,44.18,0,1529,300/300/300/300/300/300
1700000022.300000,1,300,300,112.58,44.65,0,1529,300/300/300/300/300/300
1700000022.350000,1,300,300,112.53,287.87,1,1546,300/300/300/300/300/300
1700000022.400000,1,300,300,112.48,45.70,0,1546,300/300/300/300/300/300
1700000022.450000,1,300,300,112.45,43.82,0,1546,300/300/300/300/300/300
1700000022.500000,1,300,300,112.42,248.72,1,1530,300/300/300/300/300/300
1700000022.550000,1,300,300,112.39,46.68,0,1530,300/300/300/300/300/300
1700000022.600000,1,300,300,112.39,47.58,0,1530,300/300/300/300/300/300
1700000022.650000,1,300,300,112.38,317.86,1,1532,300/300/300/300/300/300
1700000022.700000,1,300,300,112.38,46.69,0,1532,300/300/300/300/300/300
1700000022.750000,1,300,300,112.39,44.00,0,1532,300/300/300/300/300/300
1700000022.800000,1,300,300,112.39,207.10,1,1498,300/300/300/300/300/300
1700000022.850000,1,300,300,112.43,49.32,0,1498,300/300/300/300/300/300
1700000022.900000,1,300,300,112.43,46.75,0,1498,300/300/300/300/300/300
1700000022.950000,1,300,300,112.45,153.36,1,1500,300/300/300/300/300/300
1700000023.000000,1,300,300,112.45,43.74,0,1500,300/300/300/300/300/300
1700000023.050000,1,300,300,112.48,44.74,0,1500,300/300/300/300/300/300
1700000023.100000,1,300,300,112.50,254.01,1,1479,300/300/300/300/300/300
1700000023.150000,1,300,300,112.53,47.19,0,1479,300/300/300/300/300/300
1700000023.200000,1,300,300,112.56,45.80,0,1479,300/300/300/300/300/300
1700000023.250000,1,300,300,112.60,253.60,1,1476,300/300/300/300/300/300
1700000023.300000,1,300,300,112.63,46.38,0,1476,300/300/300/300/300/300
1700000023.350000,1,300,300,112.66,45.23,0,1476,300/300/300/300/300/300
1700000023.400000,1,300,300,112.70,254.55,1,1457,300/300/300/300/300/300
1700000023.450000,1,300,300,112.73,46.29,0,1457,300/300/300/300/300/300
1700000023.500000,1,300,300,112.76,47.35,0,1457,300/300/300/300/300/300
1700000023.550000,1,300,300,112.79,259.86,1,1436,300/300/300/300/300/300
1700000023.600000,1,300,300,112.85,46.37,0,1436,300/300/300/300/300/300
1700000023.650000,1,300,300,112.88,44.54,0,1436,300/300/300/300/300/300
1700000023.700000,1,300,300,112.92,249.71,1,1413,300/300/300/300/300/300
1700000023.750000,1,300,300,112.96,49.39,0,1413,300/300/300/300/300/300
1700000023.800000,1,300,300,113.00,45.66,0,1413,300/300/300/300/300/300
1700000023.850000,1,300,300,113.04,239.95,1,1393,300/300/300/300/300/300
1700000023.900000,1,300,300,113.08,46.54,0,1393,300/300/300/300/300/300
1700000023.950000,1,300,300,113.13,46.48,0,1393,300/300/300/300/300/300
1700000024.000000,1,300,300,113.16,231.53,1,1396,300/300/300/300/300/300
1700000024.050000,1,300,300,113.21,46.85,0,1396,300/300/300/300/300/300
1700000024.100000,1,300,300,113.26,47.32,0,1396,300/300/300/300/300/300
1700000024.150000,1,300,300,113.29,174.22,1,1399,300/300/300/300/300/300
1700000024.200000,1,300,300,113.31,45.76,0,1399,300/300/300/300/300/300
1700000024.250000,1,300,300,113.33,46.75,0,1399,300/300/300/300/300/300
1700000024.300000,1,300,300,113.36,146.46,1,1411,300/300/300/300/300/300
1700000024.350000,1,300,300,113.38,45.06,0,1411,300/300/300/300/300/300
1700000024.400000,1,300,300,113.40,46.42,0,1411,300/300/300/300/300/300
1700000024.450000,1,300,300,113.43,250.76,1,1387,300/300/300/300/300/300
1700000024.500000,1,300,300,113.45,47.09,0,1387,300/300/300/300/300/300
1700000024.550000,1,300,300,113.46,46.18,0,1387,300/300/300/300/300/300
1700000024.600000,1,300,300,113.47,206.01,1,1391,300/300/300/300/300/300
1700000024.650000,1,300,300,113.49,47.77,0,1391,300/300/300/300/300/300
1700000024.700000,1,300,300,113.52,47.19,0,1391,300/300/300/300/300/300
1700000024.750000,1,300,300,113.54,164.99,1,1379,300/300/300/300/300/300
1700000024.800000,1,300,300,113.55,47.09,0,1379,300/300/300/300/300/300
1700000024.850000,1,300,300,113.56,45.22,0,1379,300/300/300/300/300/300
1700000024.900000,1,300,300,113.58,193.14,1,1395,300/300/300/300/300/300
1700000024.950000,1,300,300,113.58,45.62,0,1395,300/300/300/300/300/300
1700000025.000000,1,300,300,113.61,46.71,0,1395,300/300/300/300/300/300
1700000025.050000,1,300,300,113.61,245.10,1,1371,300/300/300/300/300/300
1700000025.100000,1,300,300,113.63,46.82,0,1371,300/300/300/300/300/300
1700000025.150000,1,300,300,113.64,45.93,0,1371,300/300/300/300/300/300
1700000025.200000,1,300,300,113.67,280.31,1,1352,300/300/300/300/300/300
1700000025.250000,1,300,300,113.70,48.68,0,1352,300/300/300/300/300/300
1700000025.300000,1,300,300,113.71,46.70,0,1352,300/300/300/300/300/300
1700000025.350000,1,300,300,113.74,248.39,1,1351,300/300/300/300/300/300
1700000025.400000,1,300,300,113.74,44.92,0,1351,300/300/300/300/300/300
1700000025.450000,1,300,300,113.77,45.42,0,1351,300/300/300/300/300/300
1700000025.500000,1,300,300,113.77,168.61,1,1351,300/300/300/300/300/300
1700000025.550000,1,300,300,113.79,46.04,0,1351,300/300/300/300/300/300
1700000025.600000,1,300,300,113.81,45.34,0,1351,300/300/300/300/300/300
1700000025.650000,1,300,300,113.82,259.27,1,1351,300/300/300/300/300/300
1700000025.700000,1,300,300,113.84,45.90,0,1351,300/300/300/300/300/300
1700000025.750000,1,300,300,113.86,45.95,0,1351,300/300/300/300/300/300
1700000025.800000,1,300,300,113.87,263.38,1,1351,300/300/300/300/300/300
1700000025.850000,1,300,300,113.90,47.72,0,1351,300/300/300/300/300/300
1700000025.900000,1,300,300,113.91,46.88,0,1351,300/300/300/300/300/300
1700000025.950000,1,300,300,113.91,242.45,1,1336,300/300/300/300/300/300
1700000026.000000,1,300,300,113.93,45.07,0,1336,300/300/300/300/300/300
1700000026.050000,1,300,300,113.94,46.09,0,1336,300/300/300/300/300/300
1700000026.100000,1,300,300,113.93,236.90,1,1327,300/300/300/300/300/300
1700000026.150000,1,300,300,113.94,47.24,0,1327,300/300/300/300/300/300
1700000026.200000,1,300,300,113.94,45.54,0,1327,300/300/300/300/300/300
1700000026.250000,1,300,300,113.94,173.68,1,1341,300/300/300/300/300/300
1700000026.300000,1,300,300,113.93,47.55,0,1341,300/300/300/300/300/300
1700000026.350000,1,300,300,113.93,49.04,0,1341,300/300/300/300/300/300
1700000026.400000,1,300,300,113.93,193.84,1,1310,300/300/300/300/300/300
1700000026.450000,1,300,300,113.92,45.84,0,1310,300/300/300/300/300/300
1700000026.500000,1,300,300,113.92,47.66,0,1310,300/300/300/300/300/300
1700000026.550000,1,300,300,113.92,172.48,1,1319,300/300/300/300/300/300
1700000026.600000,1,300,300,113.92,47.64,0,1319,300/300/300/300/300/300
1700000026.650000,1,300,300,113.91,48.00,0,1319,300/300/300/300/300/300
1700000026.700000,1,300,300,113.91,178.68,1,1315,300/300/300/300/300/300
1700000026.750000,1,300,300,113.91,46.41,0,1315,300/300/300/300/300/300
1700000026.800000,1,300,300,113.92,46.72,0,1315,300/300/300/300/300/300
1700000026.850000,1,300,300,113.93,322.95,1,1326,300/300/300/300/300/300
1700000026.900000,1,300,300,113.91,46.84,0,1326,300/300/300/300/300/300
1700000026.950000,1,300,300,113.91,47.54,0,1326,300/300/300/300/300/300
1700000027.000000,1,300,300,113.90,232.26,1,1307,300/300/300/300/300/300
1700000027.050000,1,300,300,113.91,47.76,0,1307,300/300/300/300/300/300
1700000027.100000,1,300,300,113.91,45.84,0,1307,300/300/300/300/300/300
1700000027.150000,1,300,300,113.91,174.37,1,1310,300/300/300/300/300/300
1700000027.200000,1,300,300,113.91,47.73,0,1310,300/300/300/300/300/300
1700000027.250000,1,300,300,113.92,47.06,0,1310,300/300/300/300/300/300
1700000027.300000,1,300,300,113.93,174.56,1,1319,300/300/300/300/300/300
1700000027.350000,1,300,300,113.94,48.54,0,1319,300/300/300/300/300/300
1700000027.400000,1,300,300,113.96,48.24,0,1319,300/300/300/300/300/300
1700000027.450000,1,300,300,113.97,257.34,1,1326,300/300/300/300/300/300
1700000027.500000,1,300,300,113.96,46.29,0,1326,300/300/300/300/300/300
1700000027.550000,1,300,300,113.98,45.88,0,1326,300/300/300/300/300/300
1700000027.600000,1,300,300,114.00,267.01,1,1329,300/300/300/300/300/300
1700000027.650000,1,300,300,113.99,48.75,0,1329,300/300/300/300/300/300
1700000027.700000,1,300,300,113.99,46.54,0,1329,300/300/300/300/300/300
1700000027.750000,1,300,300,113.99,178.14,1,1318,300/300/300/300/300/300
1700000027.800000,1,300,300,114.00,47.60,0,1318,300/300/300/300/300/300
1700000027.850000,1,300,300,114.00,48.01,0,1318,300/300/300/300/300/300
1700000027.900000,1,300,300,113.99,175.26,1,1302,300/300/300/300/300/300
1700000027.950000,1,300,300,113.98,48.67,0,1302,300/300/300/300/300/300
1700000028.000000,1,300,300,113.96,47.62,0,1302,300/300/300/300/300/300
1700000028.050000,1,300,300,113.98,170.32,1,1299,300/300/300/300/300/300
1700000028.100000,1,300,300,113.95,49.40,0,1299,300/300/300/300/300/300
1700000028.150000,1,300,300,113.95,46.63,0,1299,300/300/300/300/300/300
1700000028.200000,1,300,300,113.93,211.49,1,1297,300/300/300/300/300/300
1700000028.250000,1,300,300,113.90,49.18,0,1297,300/300/300/300/300/300
1700000028.300000,1,300,300,113.88,47.88,0,1297,300/300/300/300/300/300
1700000028.350000,1,300,300,113.86,163.09,1,1290,300/300/300/300/300/300
1700000028.400000,1,300,300,113.82,47.06,0,1290,300/300/300/300/300/300
1700000028.450000,1,300,300,113.80,48.47,0,1290,300/300/300/300/300/300
1700000028.500000,1,300,300,113.76,229.93,1,1303,300/300/300/300/300/300
1700000028.550000,1,300,300,113.74,48.38,0,1303,300/300/300/300/300/300
1700000028.600000,1,300,300,113.71,49.47,0,1303,300/300/300/300/300/300
1700000028.650000,1,300,300,113.67,223.08,1,1301,300/300/300/300/300/300
1700000028.700000,1,300,300,113.65,48.77,0,1301,300/300/300/300/300/300
1700000028.750000,1,300,300,113.60,49.03,0,1301,300/300/300/300/300/300
1700000028.800000,1,300,300,113.59,224.00,1,1304,300/300/300/300/300/300
1700000028.850000,1,300,300,113.56,46.90,0,1304,300/300/300/300/300/300
1700000028.900000,1,300,300,113.52,48.26,0,1304,300/300/300/300/300/300
1700000028.950000,1,300,300,113.50,219.67,1,1300,300/300/300/300/300/300
1700000029.000000,1,300,300,113.47,45.86,0,1300,300/300/300/300/300/300
1700000029.050000,1,300,300,113.44,48.82,0,1300,300/300/300/300/300/300
1700000029.100000,1,300,300,113.42,226.33,1,1323,300/300/300/300/300/300
1700000029.150000,1,300,300,113.39,50.55,0,1323,300/300/300/300/300/300
1700000029.200000,1,300,300,113.37,48.73,0,1323,300/300/300/300/300/300
1700000029.250000,1,300,300,113.34,224.87,1,1330,300/300/300/300/300/300
1700000029.300000,1,300,300,113.32,51.74,0,1330,300/300/300/300/300/300
1700000029.350000,1,300,300,113.32,48.54,0,1330,300/300/300/300/300/300
1700000029.400000,1,300,300,113.27,222.93,1,1351,300/300/300/300/300/300
1700000029.450000,1,300,300,113.25,51.81,0,1351,300/300/300/300/300/300
1700000029.500000,1,300,300,113.24,50.72,0,1351,300/300/300/300/300/300
1700000029.550000,1,300,300,113.23,165.81,1,1357,300/300/300/300/300/300
1700000029.600000,1,300,300,113.22,53.14,0,1357,300/300/300/300/300/300
1700000029.650000,1,300,300,113.20,50.03,0,1357,300/300/300/300/300/300
1700000029.700000,1,300,300,113.19,147.83,1,1374,300/300/300/300/300/300
1700000029.750000,1,300,300,113.19,50.71,0,1374,300/300/300/300/300/300
1700000029.800000,1,300,300,113.19,50.24,0,1374,300/300/300/300/300/300
1700000029.850000,1,300,300,113.17,263.13,1,1414,300/300/300/300/300/300
1700000029.900000,1,300,300,113.17,50.36,0,1414,300/300/300/300/300/300
1700000029.950000,1,300,300,113.16,49.58,0,1414,300/300/300/300/300/300
1700000030.000000,1,300,300,113.15,269.37,1,1433,300/300/300/300/300/300
1700000030.050000,1,300,300,113.07,52.44,0,1433,300/300/300/300/300/300
1700000030.100000,1,300,300,112.96,54.55,0,1433,300/300/300/300/300/300
1700000030.150000,1,300,300,112.86,265.51,1,1442,300/300/300/300/300/300
1700000030.200000,1,300,300,112.69,54.11,0,1442,300/300/300/300/300/300
1700000030.250000,1,300,300,112.48,50.99,0,1442,300/300/300/300/300/300
1700000030.300000,1,300,300,112.29,175.39,1,1454,300/300/300/300/300/300
1700000030.350000,1,300,300,112.07,53.26,0,1454,300/300/300/300/300/300
1700000030.400000,1,300,300,111.87,53.14,0,1454,300/300/300/300/300/300
1700000030.450000,1,300,300,111.68,246.48,1,1489,300/300/300/300/300/300
1700000030.500000,1,300,300,111.47,49.49,0,1489,300/300/300/300/300/300
1700000030.550000,1,300,300,111.29,63.68,0,1489,300/300/300/300/300/300
1700000030.600000,1,300,300,111.09,255.87,1,1510,300/300/300/300/300/300
1700000030.650000,1,300,300,110.83,57.23,0,1510,300/300/300/300/300/300
1700000030.700000,1,300,300,110.54,63.27,0,1510,300/300/300/300/300/300
1700000030.750000,1,300,300,110.19,226.76,1,1551,300/300/300/300/300/300
1700000030.800000,1,300,300,109.84,64.87,0,1551,300/300/300/300/300/300
1700000030.850000,1,300,300,109.53,64.60,0,1551,300/300/300/300/300/300
1700000030.900000,1,300,300,109.29,174.94,1,1600,300/300/300/300/300/300
1700000030.950000,1,300,300,109.26,62.23,0,1600,300/300/300/300/300/300
1700000031.000000,1,300,300,109.29,75.72,0,1600,300/300/300/300/300/300
1700000031.050000,1,300,300,109.29,156.30,1,1645,300/300/300/300/300/300
1700000031.100000,1,300,300,109.26,59.90,0,1645,300/300/300/300/300/300
1700000031.150000,1,300,300,109.19,62.49,0,1645,300/300/300/300/300/300
1700000031.200000,1,300,300,109.14,150.16,1,1679,300/300/300/300/300/300
1700000031.250000,1,300,300,108.99,65.07,0,1679,300/300/300/300/300/300
1700000031.300000,1,300,300,108.78,60.78,0,1679,300/300/300/300/300/300
1700000031.350000,1,300,300,108.46,238.63,1,1728,300/300/300/300/300/300
1700000031.400000,1,300,300,108.00,62.69,0,1728,300/300/211/300/300/300
1700000031.450000,1,300,300,106.89,69.85,0,1728,300/300/300/300/300/300
1700000031.500000,1,300,300,103.58,236.99,1,1725,300/300/300/300/300/300
1700000031.550000,1,300,300,113.47,83.77,0,1725,300/300/300/300/300/300
1700000031.600000,1,300,300,113.63,52.10,0,1725,300/300/300/300/300/300
1700000031.650000,1,300,300,113.77,246.19,1,1829,300/300/295/300/300/300
1700000031.700000,1,300,300,116.24,54.92,0,1829,300/300/300/300/300/300
1700000031.750000,1,300,291,115.64,53.10,0,1829,300/291/300/300/300/300
1700000031.800000,1,300,300,114.48,192.85,1,1943,300/300/300/300/300/300
1700000031.850000,1,300,300,113.40,50.31,0,1943,300/300/300/300/300/300
1700000031.900000,1,300,300,112.80,48.64,0,1943,300/300/300/300/300/300
1700000031.950000,1,300,300,112.58,267.19,1,2150,300/300/300/300/300/300
1700000032.000000,1,300,300,112.46,48.82,0,2150,300/300/300/300/300/300
1700000032.050000,1,300,300,112.45,51.45,0,2150,300/300/300/300/300/300
1700000032.100000,1,300,300,112.58,171.51,1,2281,300/300/300/280/300/300
1700000032.150000,1,300,300,112.79,63.63,0,2281,300/300/300/300/300/300
1700000032.200000,1,300,300,113.00,56.02,0,2281,300/300/300/300/238/249
1700000032.250000,1,300,300,113.25,216.79,1,2291,300/300/300/300/300/291
1700000032.300000,1,300,300,113.59,74.29,0,2291,300/300/300/300/300/292
1700000032.350000,1,300,300,114.00,62.09,0,2291,300/300/300/300/300/300
1700000032.400000,1,300,300,114.31,236.22,1,2343,300/300/300/300/300/300
1700000032.450000,1,300,300,114.59,69.74,0,2343,300/300/300/300/300/300
1700000032.500000,1,300,300,114.87,67.25,0,2343,300/300/300/300/300/300
1700000032.550000,1,300,300,115.05,226.61,1,2368,300/300/300/300/300/300
1700000032.600000,1,300,300,115.14,58.35,0,2368,300/300/300/300/300/300
1700000032.650000,1,300,300,115.22,56.71,0,2368,300/300/300/300/300/300
1700000032.700000,1,300,300,115.26,227.20,1,2441,300/300/300/300/300/300
1700000032.750000,1,300,300,115.31,54.37,0,2441,300/300/300/300/300/300
1700000032.800000,1,300,300,115.36,55.06,0,2441,300/300/300/300/300/300
1700000032.850000,1,300,300,115.40,229.79,1,2462,300/300/300/300/300/300
1700000032.900000,1,300,300,115.45,56.32,0,2462,300/300/300/300/300/300
1700000032.950000,1,300,300,115.49,52.32,0,2462,300/300/300/300/300/300
1700000033.000000,1,300,300,115.53,229.25,1,2475,300/300/300/300/300/300
1700000033.050000,1,300,300,115.55,51.21,0,2475,300/300/300/300/300/300
1700000033.100000,1,300,300,115.56,51.72,0,2475,300/300/300/300/300/300
1700000033.150000,1,300,300,115.58,232.21,1,2482,300/300/300/300/300/300
1700000033.200000,1,300,300,115.60,50.87,0,2482,300/300/300/300/300/300
1700000033.250000,1,300,300,115.60,51.23,0,2482,300/300/300/300/300/300
1700000033.300000,1,300,300,115.63,241.09,1,2500,300/300/300/300/300/300
1700000033.350000,1,300,300,115.64,49.80,0,2500,300/300/300/300/300/300
1700000033.400000,1,300,300,115.65,49.64,0,2500,300/300/300/300/300/300
1700000033.450000,1,300,300,115.67,241.65,1,2516,300/300/300/300/300/300
1700000033.500000,1,300,300,115.68,50.84,0,2516,300/300/300/300/300/300
1700000033.550000,1,300,300,115.69,48.47,0,2516,300/300/300/300/300/300
1700000033.600000,1,300,300,115.70,247.48,1,2519,300/300/300/300/300/300
1700000033.650000,1,300,300,115.69,48.92,0,2519,300/300/300/300/300/300
1700000033.700000,1,300,300,115.67,50.19,0,2519,300/300/300/300/300/300
1700000033.750000,1,300,300,115.66,257.31,1,2526,300/300/300/300/300/300
1700000033.800000,1,300,300,115.64,50.88,0,2526,300/300/300/300/300/300
1700000033.850000,1,300,300,115.66,49.01,0,2526,300/300/300/300/300/300
1700000033.900000,1,300,300,115.65,240.72,1,2508,300/300/300/300/300/300
1700000033.950000,1,300,300,115.67,49.15,0,2508,300/300/300/300/300/300
1700000034.000000,1,300,300,115.65,48.65,0,2508,300/300/300/300/300/300
1700000034.050000,1,300,300,115.66,240.47,1,2514,300/300/300/300/300/300
1700000034.100000,1,300,300,115.67,46.36,0,2514,300/300/300/300/300/300
1700000034.150000,1,300,300,115.66,49.07,0,2514,300/300/300/300/300/300
1700000034.200000,1,300,300,115.67,261.36,1,2541,300/300/300/300/300/300
1700000034.250000,1,300,300,115.68,50.70,0,2541,300/300/300/300/300/300
1700000034.300000,1,300,300,115.70,48.40,0,2541,300/300/300/300/300/300
1700000034.350000,1,300,300,115.71,272.51,1,2527,300/300/300/300/300/300
1700000034.400000,1,300,300,115.72,46.51,0,2527,300/300/300/300/300/300
1700000034.450000,1,300,300,115.76,47.44,0,2527,300/300/300/300/300/300
1700000034.500000,1,300,300,115.77,198.36,1,2510,300/300/300/300/300/300
1700000034.550000,1,300,300,115.79,49.97,0,2510,300/300/300/300/300/300
1700000034.600000,1,300,300,115.81,47.86,0,2510,300/300/300/300/300/300
1700000034.650000,1,300,300,115.84,289.41,1,2499,300/300/300/300/300/300
1700000034.700000,1,300,300,115.84,46.69,0,2499,300/300/300/300/300/300
1700000034.750000,1,300,300,115.88,46.42,0,2499,300/300/300/300/300/300
1700000034.800000,1,300,300,115.90,302.70,1,2475,300/300/300/300/300/300
1700000034.850000,1,300,300,115.94,49.58,0,2475,300/300/300/300/300/300
1700000034.900000,1,300,300,115.95,46.64,0,2475,300/300/300/300/300/300
1700000034.950000,1,300,300,115.98,291.26,1,2428,300/300/300/300/300/300
1700000035.000000,1,300,300,116.00,47.52,0,2428,300/300/300/300/300/300
1700000035.050000,1,300,300,116.03,47.43,0,2428,300/300/300/300/300/300
1700000035.100000,1,300,300,116.05,299.26,1,2390,300/300/300/300/300/300
1700000035.150000,1,300,300,116.07,47.28,0,2390,300/300/300/300/300/300
1700000035.200000,1,300,300,116.09,47.80,0,2390,300/300/300/300/300/300
1700000035.250000,1,300,300,116.12,312.85,1,2371,300/300/300/300/300/300
1700000035.300000,1,300,300,116.15,47.02,0,2371,300/300/300/300/300/300
1700000035.350000,1,300,300,116.19,46.01,0,2371,300/300/300/300/300/300
1700000035.400000,1,300,300,116.23,184.85,1,2316,300/300/300/300/300/300
1700000035.450000,1,300,300,116.28,47.62,0,2316,300/300/300/300/300/300
1700000035.500000,1,300,300,116.30,45.52,0,2316,300/300/300/300/300/300
1700000035.550000,1,300,300,116.34,332.07,1,2324,300/300/300/300/300/300
1700000035.600000,1,300,300,116.38,49.04,0,2324,300/300/300/300/300/300
1700000035.650000,1,300,300,116.43,47.92,0,2324,300/300/300/300/300/300
1700000035.700000,1,300,300,116.45,190.77,1,2220,300/300/300/300/300/300
1700000035.750000,1,300,300,116.49,46.78,0,2220,300/300/300/300/300/300
1700000035.800000,1,300,300,116.52,47.07,0,2220,300/300/300/300/300/300
1700000035.850000,1,300,300,116.55,185.78,1,2155,300/300/300/300/300/300
1700000035.900000,1,300,300,116.58,46.06,0,2155,300/300/300/300/300/300
1700000035.950000,1,300,300,116.63,46.28,0,2155,300/300/300/300/300/300
1700000036.000000,1,300,300,116.65,163.09,1,1979,300/300/300/300/300/300
1700000036.050000,1,300,300,116.68,47.66,0,1979,300/300/300/300/300/300
1700000036.100000,1,300,300,116.70,45.38,0,1979,300/300/300/300/300/300
1700000036.150000,1,300,300,116.74,274.14,1,1890,300/300/300/300/300/300
1700000036.200000,1,300,300,116.77,50.01,0,1890,300/300/300/300/300/300
1700000036.250000,1,300,300,116.79,45.92,0,1890,300/300/300/300/300/300
1700000036.300000,1,300,300,116.82,239.78,1,1890,300/300/300/300/300/300
1700000036.350000,1,300,300,116.84,45.83,0,1890,300/300/300/300/300/300
1700000036.400000,1,300,300,116.86,46.23,0,1890,300/300/300/300/300/300
1700000036.450000,1,300,300,116.89,196.31,1,1828,300/300/300/300/300/300
1700000036.500000,1,300,300,116.91,50.90,0,1828,300/300/300/300/300/300
1700000036.550000,1,300,300,116.93,45.90,0,1828,300/300/300/300/300/300
1700000036.600000,1,300,300,116.95,271.84,1,1791,300/300/300/300/300/300
1700000036.650000,1,300,300,116.96,45.91,0,1791,300/300/300/300/300/300
1700000036.700000,1,300,300,116.99,44.83,0,1791,300/300/300/300/300/300
1700000036.750000,1,300,300,117.00,178.38,1,1739,300/300/300/300/300/300
1700000036.800000,1,300,300,117.02,45.07,0,1739,300/300/300/300/300/300
1700000036.850000,1,300,300,117.04,47.13,0,1739,300/300/300/300/300/300
1700000036.900000,1,300,300,117.06,226.01,1,1766,300/300/300/300/300/300
1700000036.950000,1,300,300,117.08,45.24,0,1766,300/300/300/300/300/300
1700000037.000000,1,300,300,117.09,45.45,0,1766,300/300/300/300/300/300
1700000037.050000,1,300,300,117.11,173.11,1,1754,300/300/300/300/300/300
1700000037.100000,1,300,300,117.14,46.09,0,1754,300/300/300/300/300/300
1700000037.150000,1,300,300,117.13,44.30,0,1754,300/300/300/300/300/300
1700000037.200000,1,300,300,117.15,150.34,1,1738,300/300/300/300/300/300
1700000037.250000,1,300,300,117.15,47.26,0,1738,300/300/300/300/300/300
1700000037.300000,1,300,300,117.15,45.43,0,1738,300/300/300/300/300/300
1700000037.350000,1,300,300,117.15,177.66,1,1719,300/300/300/300/300/300
1700000037.400000,1,300,300,117.16,45.74,0,1719,300/300/300/300/300/300
1700000037.450000,1,300,300,117.15,44.33,0,1719,300/300/300/300/300/300
1700000037.500000,1,300,300,117.14,145.53,1,1681,300/300/300/300/300/300
1700000037.550000,1,300,300,117.14,46.04,0,1681,300/300/300/300/300/300
1700000037.600000,1,300,300,117.14,45.50,0,1681,300/300/300/300/300/300
1700000037.650000,1,300,300,117.13,174.39,1,1698,300/300/300/300/300/300
1700000037.700000,1,300,300,117.14,46.18,0,1698,300/300/300/300/300/300
1700000037.750000,1,300,300,117.12,43.22,0,1698,300/300/300/300/300/300
1700000037.800000,1,300,300,117.12,196.87,1,1662,300/300/300/300/300/300
1700000037.850000,1,300,300,117.10,45.32,0,1662,300/300/300/300/300/300
1700000037.900000,1,300,300,117.10,45.81,0,1662,300/300/300/300/300/300
1700000037.950000,1,300,300,117.07,253.21,1,1628,300/300/300/300/300/300
1700000038.000000,1,300,300,117.04,46.68,0,1628,300/300/300/300/300/300
1700000038.050000,1,300,300,117.04,47.21,0,1628,300/300/300/300/300/300
1700000038.100000,1,300,300,117.01,175.81,1,1622,300/300/300/300/300/300
1700000038.150000,1,300,300,117.00,46.71,0,1622,300/300/300/300/300/300
1700000038.200000,1,300,300,116.98,46.24,0,1622,300/300/300/300/300/300
1700000038.250000,1,300,300,116.97,243.22,1,1604,300/300/300/300/300/300
1700000038.300000,1,300,300,116.94,45.85,0,1604,300/300/300/300/300/300
1700000038.350000,1,300,300,116.91,44.84,0,1604,300/300/300/300/300/300
1700000038.400000,1,300,300,116.90,177.11,1,1609,300/300/300/300/300/300
1700000038.450000,1,300,300,116.87,45.46,0,1609,300/300/300/300/300/300
1700000038.500000,1,300,300,116.85,45.87,0,1609,300/300/300/300/300/300
1700000038.550000,1,300,300,116.84,251.05,1,1615,300/300/300/300/300/300
1700000038.600000,1,300,300,116.81,47.04,0,1615,300/300/300/300/300/300
1700000038.650000,1,300,300,116.77,44.67,0,1615,300/300/300/300/300/300
1700000038.700000,1,300,300,116.73,182.97,1,1588,300/300/300/300/300/300
1700000038.750000,1,300,300,116.70,45.35,0,1588,300/300/300/300/300/300
1700000038.800000,1,300,300,116.66,45.90,0,1588,300/300/300/300/300/300
1700000038.850000,1,300,300,116.63,249.52,1,1575,300/300/300/300/300/300
1700000038.900000,1,300,300,116.60,45.53,0,1575,300/300/300/300/300/300
1700000038.950000,1,300,300,116.57,43.88,0,1575,300/300/300/300/300/300
1700000039.000000,1,300,300,116.53,158.10,1,1584,300/300/300/300/300/300
1700000039.050000,1,300,300,116.51,46.74,0,1584,300/300/300/300/300/300
1700000039.100000,1,300,300,116.49,44.21,0,1584,300/300/300/300/300/300
1700000039.150000,1,300,300,116.45,193.89,1,1578,300/300/300/300/300/300
1700000039.200000,1,300,300,116.41,46.52,0,1578,300/300/300/300/300/300
1700000039.250000,1,300,300,116.38,46.29,0,1578,300/300/300/300/300/300
1700000039.300000,1,300,300,116.37,162.01,1,1552,300/300/300/300/300/300
1700000039.350000,1,300,300,116.36,44.85,0,1552,300/300/300/300/300/300
1700000039.400000,1,300,300,116.33,48.12,0,1552,300/300/300/300/300/300
1700000039.450000,1,300,300,116.32,270.60,1,1548,300/300/300/300/300/300
1700000039.500000,1,300,300,116.32,47.25,0,1548,300/300/300/300/300/300
1700000039.550000,1,300,300,116.29,47.00,0,1548,300/300/300/300/300/300
1700000039.600000,1,300,300,116.30,224.35,1,1561,300/300/300/300/300/300
1700000039.650000,1,300,300,116.30,46.80,0,1561,300/300/300/300/300/300
1700000039.700000,1,300,300,116.31,47.58,0,1561,300/300/300/300/300/300
1700000039.750000,1,300,300,116.33,289.98,1,1555,300/300/300/300/300/300
1700000039.800000,1,300,300,116.35,45.99,0,1555,300/300/300/300/300/300
1700000039.850000,1,300,300,116.39,49.78,0,1555,300/300/300/300/300/300
1700000039.900000,1,300,300,116.43,285.71,1,1503,300/300/300/300/300/300
1700000039.950000,1,300,300,116.47,46.57,0,1503,300/300/300/300/300/300
1700000040.000000,1,300,300,116.51,46.70,0,1503,300/300/300/300/300/300
1700000040.050000,1,300,300,116.52,176.04,1,1500,300/300/300/300/300/300
1700000040.100000,1,300,300,116.55,46.88,0,1500,300/300/300/300/300/300
1700000040.150000,1,300,300,116.54,46.80,0,1500,300/300/300/300/300/300
1700000040.200000,1,300,300,116.53,258.35,1,1474,300/300/300/300/300/300
1700000040.250000,1,300,300,116.53,47.98,0,1474,300/300/300/300/300/300
1700000040.300000,1,300,300,116.52,48.60,0,1474,300/300/300/300/300/300
1700000040.350000,1,300,300,116.50,212.58,1,1501,300/300/300/300/300/300
1700000040.400000,1,300,300,116.46,47.72,0,1501,300/300/300/300/300/300
1700000040.450000,1,300,300,116.45,46.01,0,1501,300/300/300/300/300/300
1700000040.500000,1,300,300,116.41,264.65,1,1538,300/300/300/300/300/300
1700000040.550000,1,300,300,116.35,47.11,0,1538,300/300/300/300/300/300
1700000040.600000,1,300,300,116.32,46.65,0,1538,300/300/300/300/300/300
1700000040.650000,1,300,300,116.28,160.77,1,1555,300/300/300/300/300/300
1700000040.700000,1,300,300,116.24,48.61,0,1555,300/300/300/300/300/300
1700000040.750000,1,300,300,116.18,48.10,0,1555,300/300/300/300/300/300
1700000040.800000,1,300,300,116.14,266.76,1,1541,300/300/300/300/300/300
1700000040.850000,1,300,300,116.10,47.24,0,1541,300/300/300/300/300/300
1700000040.900000,1,300,300,116.06,47.90,0,1541,300/300/300/300/300/300
1700000040.950000,1,300,300,116.03,234.88,1,1530,300/300/300/300/300/300
1700000041.000000,1,300,300,116.01,46.93,0,1530,300/300/300/300/300/300
1700000041.050000,1,300,300,115.97,48.02,0,1530,300/300/300/300/300/300
1700000041.100000,1,300,300,115.94,145.98,1,1575,300/300/300/300/300/300
1700000041.150000,1,300,300,115.91,48.15,0,1575,300/300/300/300/300/300
1700000041.200000,1,300,300,115.91,45.43,0,1575,300/300/300/300/300/300
1700000041.250000,1,300,300,115.90,166.96,1,1600,300/300/300/300/300/300
1700000041.300000,1,300,300,115.90,47.03,0,1600,300/300/300/300/300/300
1700000041.350000,1,300,300,115.92,48.86,0,1600,300/300/300/300/300/300
1700000041.400000,1,300,300,115.93,184.04,1,1610,300/300/300/300/300/300
1700000041.450000,1,300,300,115.94,45.86,0,1610,300/300/300/300/300/300
1700000041.500000,1,300,300,115.97,48.22,0,1610,300/300/300/300/300/300
1700000041.550000,1,300,300,115.99,152.19,1,1635,300/300/300/300/300/300
1700000041.600000,1,300,300,116.01,46.88,0,1635,300/300/300/300/300/300
1700000041.650000,1,300,300,116.06,46.34,0,1635,300/300/300/300/300/300
1700000041.700000,1,300,300,116.10,145.91,1,1644,300/300/300/300/300/300
1700000041.750000,1,300,300,116.15,47.29,0,1644,300/300/300/300/300/300
1700000041.800000,1,300,300,116.20,49.06,0,1644,300/300/300/300/300/300
1700000041.850000,1,300,300,116.24,242.51,1,1682,300/300/300/300/300/300
1700000041.900000,1,300,300,116.31,48.73,0,1682,300/300/300/300/300/300
1700000041.950000,1,300,300,116.36,48.80,0,1682,300/300/300/300/300/300
1700000042.000000,1,300,300,116.42,244.01,1,1722,300/300/300/300/300/300
1700000042.050000,1,300,300,116.48,48.27,0,1722,300/300/300/300/300/300
1700000042.100000,1,300,300,116.53,48.51,0,1722,300/300/300/300/300/300
1700000042.150000,1,300,300,116.56,252.52,1,1724,300/300/300/300/300/300
1700000042.200000,1,300,300,116.58,49.36,0,1724,300/300/300/300/300/300
1700000042.250000,1,300,300,116.64,47.03,0,1724,300/300/300/300/300/300
1700000042.300000,1,300,300,116.66,280.65,1,1747,300/300/300/300/300/300
1700000042.350000,1,300,300,116.69,47.92,0,1747,300/300/300/300/300/300
1700000042.400000,1,300,300,116.72,48.77,0,1747,300/300/300/300/300/300
1700000042.450000,1,300,300,116.76,250.28,1,1764,300/300/300/300/300/300
1700000042.500000,1,300,300,116.79,49.89,0,1764,300/300/300/300/300/300
1700000042.550000,1,300,300,116.83,49.67,0,1764,300/300/300/300/300/300
1700000042.600000,1,300,300,116.87,251.71,1,1773,300/300/300/300/300/300
1700000042.650000,1,300,300,116.90,51.35,0,1773,300/300/300/300/300/300
1700000042.700000,1,300,300,116.94,49.09,0,1773,300/300/300/300/300/300
1700000042.750000,1,300,300,116.99,310.34,1,1812,300/300/300/300/300/300
1700000042.800000,1,300,300,117.06,51.82,0,1812,300/300/300/300/300/300
1700000042.850000,1,300,300,117.13,48.19,0,1812,300/300/300/300/300/300
1700000042.900000,1,300,300,117.10,156.84,1,1833,300/300/300/300/300/300
1700000042.950000,1,300,300,117.07,49.95,0,1833,300/300/300/300/300/300
1700000043.000000,1,300,300,117.04,49.07,0,1833,300/300/300/300/300/300
1700000043.050000,1,300,300,116.98,162.08,1,1843,300/300/300/300/300/300
1700000043.100000,1,300,300,116.93,47.84,0,1843,300/300/300/300/300/300
1700000043.150000,1,300,300,116.88,48.68,0,1843,300/300/300/300/300/300
1700000043.200000,1,300,300,116.82,159.46,1,1889,300/300/300/300/300/300
1700000043.250000,1,300,300,116.79,49.23,0,1889,300/300/300/300/300/300
1700000043.300000,1,300,300,116.74,51.70,0,1889,300/300/300/300/300/300
1700000043.350000,1,300,300,116.71,165.34,1,1915,300/300/300/300/300/300
1700000043.400000,1,300,300,116.66,52.00,0,1915,300/300/300/300/300/300
1700000043.450000,1,300,300,116.63,50.06,0,1915,300/300/300/300/300/300
1700000043.500000,1,300,300,116.58,165.43,1,1935,300/300/300/300/300/300
1700000043.550000,1,300,300,116.54,49.60,0,1935,300/300/300/300/300/300
1700000043.600000,1,300,300,116.57,51.40,0,1935,300/300/300/300/300/300
1700000043.650000,1,300,300,116.61,170.60,1,1954,300/300/300/300/300/300
1700000043.700000,1,300,300,116.64,51.19,0,1954,300/300/300/300/300/300
1700000043.750000,1,300,300,116.70,52.46,0,1954,300/300/300/300/300/300
1700000043.800000,1,300,300,116.80,175.78,1,1971,300/300/300/300/300/300
1700000043.850000,1,300,300,116.87,53.07,0,1971,300/300/300/300/300/300
1700000043.900000,1,300,300,116.99,52.22,0,1971,300/300/300/300/300/300
1700000043.950000,1,300,300,117.10,288.36,1,1987,300/300/300/300/300/300
1700000044.000000,1,300,300,117.20,51.66,0,1987,300/300/300/300/300/300
1700000044.050000,1,300,300,117.31,52.21,0,1987,300/300/300/300/300/300
1700000044.100000,1,300,300,117.43,290.21,1,1984,300/300/300/300/300/300
1700000044.150000,1,300,300,117.57,51.75,0,1984,300/300/300/300/300/300
1700000044.200000,1,300,300,117.70,51.34,0,1984,300/300/300/300/300/300
1700000044.250000,1,300,300,117.86,223.12,1,1976,300/300/300/300/300/300
1700000044.300000,1,300,300,118.01,51.50,0,1976,300/300/300/300/300/300
1700000044.350000,1,300,300,118.16,52.54,0,1976,300/300/300/300/300/300
1700000044.400000,1,300,300,118.31,199.15,1,1963,300/300/300/300/300/300
1700000044.450000,1,300,300,118.46,50.87,0,1963,300/300/300/300/300/300
1700000044.500000,1,300,300,118.59,50.22,0,1963,300/300/300/300/300/300
1700000044.550000,1,300,300,118.71,256.26,1,1997,300/300/300/300/300/300
1700000044.600000,1,300,300,118.88,49.49,0,1997,300/300/300/300/300/300
1700000044.650000,1,300,300,119.05,50.96,0,1997,300/300/300/300/300/300
1700000044.700000,1,300,300,119.21,167.91,1,2012,300/300/300/300/300/300
1700000044.750000,1,300,300,119.39,52.98,0,2012,300/300/300/300/300/300
1700000044.800000,1,300,300,119.56,50.73,0,2012,300/300/300/300/300/300
1700000044.850000,1,300,300,119.67,221.49,1,2009,300/300/300/300/300/300
1700000044.900000,1,300,300,119.80,47.97,0,2009,300/300/300/300/300/300
1700000044.950000,1,300,300,119.92,48.45,0,2009,300/300/300/300/300/300
1700000045.000000,1,300,300,120.03,164.78,1,1983,300/300/300/300/300/300
1700000045.050000,1,300,300,120.13,48.29,0,1983,300/300/300/300/300/300
1700000045.100000,1,300,300,120.24,48.97,0,1983,300/300/300/300/300/300
1700000045.150000,1,300,300,120.36,314.48,1,1960,300/300/300/300/300/300
1700000045.200000,1,300,300,120.46,47.61,0,1960,300/300/300/300/300/300
1700000045.250000,1,300,300,120.55,48.26,0,1960,300/300/300/300/300/300
1700000045.300000,1,300,300,120.65,210.03,1,1956,300/300/300/300/300/300
1700000045.350000,1,300,300,120.75,48.47,0,1956,300/300/300/300/300/300
1700000045.400000,1,300,300,120.84,48.07,0,1956,300/300/300/300/300/300
1700000045.450000,1,300,300,120.92,191.08,1,1974,300/300/300/300/300/300
1700000045.500000,1,300,300,121.02,48.01,0,1974,300/300/300/300/300/300
1700000045.550000,1,300,300,121.08,48.42,0,1974,300/300/300/300/300/300
1700000045.600000,1,300,300,121.15,269.42,1,1963,300/300/300/300/300/300
1700000045.650000,1,300,300,121.21,49.25,0,1963,300/300/300/300/300/300
1700000045.700000,1,300,300,121.24,48.06,0,1963,300/300/300/300/300/300
1700000045.750000,1,300,300,121.25,256.34,1,1970,300/300/300/300/300/300
1700000045.800000,1,300,300,121.24,49.59,0,1970,300/300/300/300/300/300
1700000045.850000,1,300,300,121.24,50.13,0,1970,300/300/300/300/300/300
1700000045.900000,1,300,300,121.21,278.42,1,1998,300/300/300/300/300/300
1700000045.950000,1,300,300,121.17,54.11,0,1998,300/300/300/300/300/300
1700000046.000000,1,300,300,121.11,48.01,0,1998,300/300/300/300/300/300
1700000046.050000,1,300,300,121.06,302.33,1,2035,300/300/300/300/300/300
1700000046.100000,1,300,300,120.98,49.20,0,2035,300/300/300/300/300/300
1700000046.150000,1,300,300,120.82,49.35,0,2035,300/300/300/300/300/300
1700000046.200000,1,300,300,120.61,330.86,1,2066,300/300/300/300/300/300
1700000046.250000,1,300,300,120.46,53.02,0,2066,300/300/300/300/300/300
1700000046.300000,1,300,300,120.21,51.69,0,2066,300/300/300/300/300/300
1700000046.350000,1,300,300,119.96,285.41,1,2083,300/300/300/300/300/300
1700000046.400000,1,300,300,119.70,51.99,0,2083,300/300/300/300/300/300
1700000046.450000,1,300,300,119.46,49.32,0,2083,300/300/300/300/300/300
1700000046.500000,1,300,300,119.27,296.58,1,2118,300/300/300/300/300/300
1700000046.550000,1,300,300,119.01,50.55,0,2118,300/300/300/300/300/300
1700000046.600000,1,300,300,118.83,49.96,0,2118,300/300/300/300/300/300
1700000046.650000,1,300,300,118.76,271.53,1,2188,300/300/300/300/300/300
1700000046.700000,1,300,300,118.63,51.66,0,2188,300/300/300/300/300/300
1700000046.750000,1,300,300,118.52,54.11,0,2188,300/300/300/300/300/300
1700000046.800000,1,300,300,118.41,328.35,1,2220,300/300/300/300/300/300
1700000046.850000,1,300,300,118.29,49.70,0,2220,300/300/300/300/300/300
1700000046.900000,1,300,300,118.23,50.59,0,2220,300/300/300/300/300/300
1700000046.950000,1,300,300,118.20,248.93,1,2236,300/300/300/300/300/300
1700000047.000000,1,300,300,118.15,51.94,0,2236,300/300/300/300/300/300
1700000047.050000,1,300,300,118.08,50.15,0,2236,300/300/300/300/300/300
1700000047.100000,1,300,300,118.12,297.94,1,2283,300/300/300/300/300/300
1700000047.150000,1,300,300,118.19,51.53,0,2283,300/300/300/300/300/300
1700000047.200000,1,300,300,118.26,50.39,0,2283,300/300/300/300/300/300
1700000047.250000,1,300,300,118.29,257.69,1,2317,300/300/300/300/300/300
1700000047.300000,1,300,300,118.31,51.42,0,2317,300/300/300/300/300/300
1700000047.350000,1,300,300,118.35,48.51,0,2317,300/300/300/300/300/300
1700000047.400000,1,300,300,118.36,263.93,1,2362,300/300/300/300/300/300
1700000047.450000,1,300,300,118.33,51.60,0,2362,300/300/300/300/300/300
1700000047.500000,1,300,300,118.25,47.61,0,2362,300/300/300/300/300/300
1700000047.550000,1,300,300,118.17,267.09,1,2386,300/300/300/300/300/300
1700000047.600000,1,300,300,118.14,48.62,0,2386,300/300/300/300/300/300
1700000047.650000,1,300,300,118.12,49.85,0,2386,300/300/300/300/300/300
1700000047.700000,1,300,300,118.09,266.29,1,2395,300/300/300/300/300/300
1700000047.750000,1,300,300,118.07,50.81,0,2395,300/300/300/300/300/300
1700000047.800000,1,300,300,118.06,48.68,0,2395,300/300/300/300/300/300
1700000047.850000,1,300,300,118.07,339.49,1,2417,300/300/300/300/300/300
1700000047.900000,1,300,300,118.08,49.39,0,2417,300/300/300/300/300/300
1700000047.950000,1,300,300,118.10,49.69,0,2417,300/300/300/300/300/300
1700000048.000000,1,300,290,118.13,345.00,1,2443,300/290/300/300/300/300
1700000048.050000,1,300,300,118.15,49.77,0,2443,300/300/300/300/300/300
1700000048.100000,1,300,300,118.16,47.20,0,2443,300/300/300/300/300/300
1700000048.150000,1,300,300,118.19,306.01,1,2481,300/300/300/300/300/300
1700000048.200000,1,300,300,118.24,48.54,0,2481,300/300/300/300/300/300
1700000048.250000,1,300,300,118.27,48.70,0,2481,300/300/300/300/300/300
1700000048.300000,1,300,300,118.30,341.06,1,2509,300/300/300/300/300/300
1700000048.350000,1,300,300,118.36,49.81,0,2509,300/300/300/300/300/300
1700000048.400000,1,300,300,118.39,45.49,0,2509,300/300/300/300/300/300
1700000048.450000,1,300,300,118.40,309.92,1,2507,300/300/300/300/300/300
1700000048.500000,1,300,300,118.42,45.21,0,2507,300/300/300/300/300/300
1700000048.550000,1,300,300,118.43,43.79,0,2507,300/300/300/300/300/300
1700000048.600000,1,300,300,118.40,338.20,1,2479,300/300/300/300/300/300
1700000048.650000,1,300,300,118.37,46.37,0,2479,300/300/300/300/300/300
1700000048.700000,1,300,300,118.32,43.99,0,2479,300/300/300/300/300/300
1700000048.750000,1,300,300,118.26,332.71,1,2441,300/300/300/300/300/300
1700000048.800000,1,300,300,118.20,45.13,0,2441,300/300/300/300/300/300
1700000048.850000,1,300,300,118.12,43.47,0,2441,300/300/300/300/300/300
1700000048.900000,1,300,300,118.03,260.02,1,2428,300/300/300/300/300/300
1700000048.950000,1,300,300,117.94,45.29,0,2428,300/300/300/300/300/300
1700000049.000000,1,300,300,117.86,44.54,0,2428,300/300/300/300/300/300
1700000049.050000,1,300,300,117.75,372.28,1,2401,300/300/300/300/300/300
1700000049.100000,1,300,300,117.67,45.00,0,2401,300/300/300/300/300/300
1700000049.150000,1,300,300,117.59,44.99,0,2401,300/300/300/300/300/300
1700000049.200000,1,300,300,117.51,343.24,1,2370,300/300/300/300/300/300
1700000049.250000,1,300,300,117.43,46.22,0,2370,300/300/300/300/300/300
1700000049.300000,1,300,300,117.36,45.34,0,2370,300/300/300/300/300/300
1700000049.350000,1,300,300,117.28,348.48,1,2342,300/300/300/300/300/300
1700000049.400000,1,300,300,117.22,44.92,0,2342,300/300/300/300/300/300
1700000049.450000,1,300,300,117.15,43.45,0,2342,300/300/300/300/300/300
1700000049.500000,1,300,300,117.07,338.12,1,2312,300/300/300/300/300/300
1700000049.550000,1,300,300,117.02,47.04,0,2312,300/300/300/300/300/300
1700000049.600000,1,300,300,116.94,47.39,0,2312,300/300/300/300/300/300
1700000049.650000,1,300,300,116.87,404.41,1,2279,300/300/300/300/300/300
1700000049.700000,1,300,300,116.80,46.32,0,2279,300/300/300/300/300/300
1700000049.750000,1,300,300,116.72,44.43,0,2279,300/300/300/300/300/300
1700000049.800000,1,300,300,116.65,385.75,1,2238,300/300/300/300/300/300
1700000049.850000,1,300,300,116.58,45.01,0,2238,300/300/300/300/300/300
1700000049.900000,1,300,300,116.52,44.64,0,2238,300/300/300/300/300/300
1700000049.950000,1,300,300,116.47,341.89,1,2182,300/300/300/300/300/300
1700000050.000000,1,300,300,116.40,44.77,0,2182,300/300/300/300/300/300
1700000050.050000,1,300,300,116.34,47.00,0,2182,300/300/300/300/300/300
1700000050.100000,1,300,300,116.27,356.95,1,2116,300/300/300/300/300/300
1700000050.150000,1,300,300,116.23,45.53,0,2116,300/300/300/300/300/300
1700000050.200000,1,300,300,116.15,48.02,0,2116,300/300/300/300/300/300
1700000050.250000,1,300,300,116.09,542.67,1,2069,300/300/300/300/300/300
1700000050.300000,1,300,300,116.06,45.12,0,2069,300/300/300/300/300/300
1700000050.350000,1,300,300,116.01,45.85,0,2069,300/300/300/300/300/300
1700000050.400000,1,300,300,115.97,422.85,1,2009,300/300/300/300/300/300
1700000050.450000,1,300,300,115.92,44.89,0,2009,300/300/300/300/300/300
1700000050.500000,1,300,300,115.88,44.34,0,2009,300/300/300/300/300/300
1700000050.550000,1,300,300,115.84,433.84,1,1940,300/300/300/300/300/300
1700000050.600000,1,300,300,115.82,46.02,0,1940,300/300/300/300/300/300
1700000050.650000,1,300,300,115.77,44.82,0,1940,300/300/300/300/300/300
1700000050.700000,1,300,300,115.74,497.78,1,1863,300/300/300/300/300/300
1700000050.750000,1,300,300,115.72,46.06,0,1863,300/300/300/300/300/300
1700000050.800000,1,300,300,115.69,45.67,0,1863,300/300/300/300/300/300
1700000050.850000,1,300,300,115.66,545.60,1,1802,300/300/300/300/300/300
1700000050.900000,1,300,300,115.63,44.73,0,1802,300/300/300/300/300/300
1700000050.950000,1,300,300,115.61,44.42,0,1802,300/300/300/300/300/300
1700000051.000000,1,300,300,115.57,536.64,1,1782,300/300/300/300/300/300
1700000051.050000,1,300,300,115.54,46.58,0,1782,300/300/300/300/300/300
1700000051.100000,1,300,300,115.53,46.73,0,1782,300/300/300/300/300/300
1700000051.150000,1,300,300,115.50,377.12,1,1745,300/300/300/300/300/300
1700000051.200000,1,300,300,115.47,46.39,0,1745,300/300/300/300/300/300
1700000051.250000,1,300,300,115.42,46.48,0,1745,300/300/300/300/300/300
1700000051.300000,1,300,300,115.39,349.86,1,1701,300/300/300/300/300/300
1700000051.350000,1,300,300,115.35,46.85,0,1701,300/300/300/300/300/300
1700000051.400000,1,300,300,115.30,46.75,0,1701,300/300/300/300/300/300
1700000051.450000,1,300,300,115.21,364.40,1,1674,300/300/300/300/300/300
1700000051.500000,1,300,300,115.13,47.30,0,1674,300/300/300/300/300/300
1700000051.550000,1,300,300,115.04,46.64,0,1674,300/300/300/300/300/300
1700000051.600000,1,300,300,114.93,373.29,1,1649,300/300/300/300/300/300
1700000051.650000,1,300,300,114.83,47.06,0,1649,300/300/300/300/300/300
1700000051.700000,1,300,300,114.73,47.03,0,1649,300/300/300/300/300/300
1700000051.750000,1,300,300,114.58,326.79,1,1636,300/300/300/300/300/300
1700000051.800000,1,300,300,114.46,46.72,0,1636,300/300/300/300/300/300
1700000051.850000,1,300,300,114.33,46.62,0,1636,300/300/300/300/300/300
1700000051.900000,1,300,300,114.20,390.40,1,1634,300/300/300/300/300/300
1700000051.950000,1,300,300,114.05,50.48,0,1634,300/300/300/300/300/300
1700000052.000000,1,300,300,113.92,46.62,0,1634,300/300/300/300/300/300
1700000052.050000,1,300,300,113.84,289.44,1,1638,300/300/300/300/300/300
1700000052.100000,1,300,300,113.81,47.53,0,1638,300/300/300/300/300/300
1700000052.150000,1,300,300,113.73,47.70,0,1638,300/300/300/300/300/300
1700000052.200000,1,300,300,113.63,150.54,1,1625,300/300/300/300/300/300
1700000052.250000,1,300,300,113.34,47.77,0,1625,300/300/300/300/300/300
1700000052.300000,1,300,300,112.99,46.67,0,1625,300/300/300/300/300/300
1700000052.350000,1,300,300,112.52,223.46,1,1639,300/300/300/300/300/300
1700000052.400000,1,300,300,112.09,47.29,0,1639,300/300/300/300/300/300
1700000052.450000,1,300,300,111.36,51.12,0,1639,300/300/300/300/300/300
1700000052.500000,1,300,300,110.59,215.45,1,1644,300/300/300/300/300/300
1700000052.550000,1,300,300,109.47,50.61,0,1644,300/300/300/300/300/300
1700000052.600000,1,300,300,108.00,54.14,0,1644,300/300/300/300/300/300
1700000052.650000,1,300,300,106.82,143.01,1,1663,300/300/300/300/300/300
1700000052.700000,1,300,300,105.69,52.20,0,1663,300/300/300/300/300/300
1700000052.750000,1,300,300,105.75,57.34,0,1663,300/300/300/300/300/300
1700000052.800000,1,300,300,108.36,209.42,1,1700,300/300/300/293/300/300
1700000052.850000,1,300,300,110.18,50.79,0,1700,300/300/300/300/300/300
1700000052.900000,1,300,300,110.87,49.47,0,1700,300/300/300/300/300/300
1700000052.950000,1,300,300,111.84,218.80,1,1878,300/300/300/300/300/300
1700000053.000000,1,300,300,112.88,62.02,0,1878,300/300/300/300/300/300
1700000053.050000,1,300,300,113.52,66.51,0,1878,300/300/300/300/300/300
1700000053.100000,1,300,300,113.91,225.27,1,1931,300/300/300/300/300/300
1700000053.150000,1,300,300,114.04,49.40,0,1931,300/300/300/300/300/300
1700000053.200000,1,300,300,114.05,47.79,0,1931,300/300/300/300/300/300
1700000053.250000,1,300,300,114.00,228.49,1,2035,300/300/300/300/300/300
1700000053.300000,1,300,300,113.95,48.47,0,2035,300/300/300/300/300/300
1700000053.350000,1,300,300,113.85,47.93,0,2035,300/300/300/300/300/300
1700000053.400000,1,300,300,113.73,233.69,1,2093,300/300/300/300/300/300
1700000053.450000,1,300,300,113.62,49.94,0,2093,300/300/300/300/300/300
1700000053.500000,1,300,300,113.52,50.22,0,2093,300/300/300/300/300/300
1700000053.550000,1,300,300,113.44,191.90,1,2126,300/300/300/300/300/300
1700000053.600000,1,300,300,113.38,47.25,0,2126,300/300/300/300/300/300
1700000053.650000,1,300,300,113.34,47.37,0,2126,300/300/300/300/300/300
1700000053.700000,1,300,300,113.28,198.74,1,2189,300/300/300/300/300/300
1700000053.750000,1,300,300,113.23,48.02,0,2189,300/300/300/300/300/300
1700000053.800000,1,300,300,113.19,47.34,0,2189,300/300/300/300/300/300
1700000053.850000,1,300,300,113.14,252.24,1,2223,300/300/300/300/300/300
1700000053.900000,1,300,300,113.10,48.08,0,2223,300/300/300/300/300/300
1700000053.950000,1,300,300,113.06,47.50,0,2223,300/300/300/300/300/300
1700000054.000000,1,300,300,113.03,255.22,1,2237,300/300/300/300/300/300
1700000054.050000,1,300,300,112.98,47.93,0,2237,300/300/300/300/300/300
1700000054.100000,1,300,300,112.95,46.51,0,2237,300/300/300/300/300/300
1700000054.150000,1,300,300,112.91,259.58,1,2269,300/300/300/300/300/300
1700000054.200000,1,300,300,112.89,48.12,0,2269,300/300/300/300/300/300
1700000054.250000,1,300,300,112.86,49.26,0,2269,300/300/300/300/300/300
1700000054.300000,1,300,300,112.84,270.79,1,2281,300/300/300/300/300/300
1700000054.350000,1,300,300,112.82,46.98,0,2281,300/300/300/300/300/300
1700000054.400000,1,300,300,112.81,47.84,0,2281,300/300/300/300/300/300
1700000054.450000,1,300,300,112.80,272.77,1,2295,300/300/300/300/300/300
1700000054.500000,1,300,300,112.80,48.46,0,2295,300/300/300/300/300/300
1700000054.550000,1,300,300,112.82,46.27,0,2295,300/300/300/300/300/300
1700000054.600000,1,300,300,112.81,276.14,1,2309,300/300/300/300/300/300
1700000054.650000,1,300,300,112.84,46.28,0,2309,300/300/300/300/300/300
1700000054.700000,1,300,300,112.84,47.05,0,2309,300/300/300/300/300/300
1700000054.750000,1,300,300,112.85,281.52,1,2317,300/300/300/300/300/300
1700000054.800000,1,300,300,112.87,47.82,0,2317,300/300/300/300/300/300
1700000054.850000,1,300,300,112.88,49.14,0,2317,300/300/300/300/300/300
1700000054.900000,1,300,300,112.90,281.94,1,2334,300/300/300/300/300/300
1700000054.950000,1,300,300,112.94,49.24,0,2334,300/300/300/300/300/300
1700000055.000000,1,300,300,112.96,47.72,0,2334,300/300/300/300/300/300
1700000055.050000,1,300,300,113.00,291.92,1,2316,300/300/300/300/300/300
1700000055.100000,1,300,300,113.03,49.61,0,2316,300/300/300/300/300/300
1700000055.150000,1,300,300,113.06,49.50,0,2316,300/300/300/300/300/300
1700000055.200000,1,300,300,113.09,288.88,1,2309,300/300/300/300/300/300
1700000055.250000,1,300,300,113.14,47.56,0,2309,300/300/300/300/300/300
1700000055.300000,1,300,300,113.15,47.77,0,2309,300/300/300/300/300/300
1700000055.350000,1,300,300,113.19,294.74,1,2301,300/300/300/300/300/300
1700000055.400000,1,300,300,113.22,46.66,0,2301,300/300/300/300/300/300
1700000055.450000,1,300,300,113.26,47.21,0,2301,300/300/300/300/300/300
1700000055.500000,1,300,300,113.30,239.80,1,2300,300/300/300/300/300/300
1700000055.550000,1,300,300,113.35,49.06,0,2300,300/300/300/300/300/300
1700000055.600000,1,300,300,113.38,47.91,0,2300,300/300/300/300/300/300
1700000055.650000,1,300,300,113.40,179.76,1,2278,300/300/300/300/300/300
1700000055.700000,1,300,300,113.44,48.38,0,2278,300/300/300/300/300/300
1700000055.750000,1,300,300,113.46,45.51,0,2278,300/300/300/300/300/300
1700000055.800000,1,300,300,113.51,176.20,1,2269,300/300/300/300/300/300
1700000055.850000,1,300,300,113.54,46.72,0,2269,300/300/300/300/300/300
1700000055.900000,1,300,300,113.58,45.11,0,2269,300/300/300/300/300/300
1700000055.950000,1,300,300,113.61,177.36,1,2247,300/300/300/300/300/300
1700000056.000000,1,300,300,113.68,46.76,0,2247,300/300/300/300/300/300
1700000056.050000,1,300,300,113.69,45.28,0,2247,300/300/300/300/300/300
1700000056.100000,1,300,300,113.72,306.79,1,2206,300/300/300/300/300/300
1700000056.150000,1,300,300,113.76,47.81,0,2206,300/300/300/300/300/300
1700000056.200000,1,300,300,113.79,47.94,0,2206,300/300/300/300/300/300
1700000056.250000,1,300,300,113.80,174.66,1,2166,300/300/300/300/300/300
1700000056.300000,1,300,300,113.83,46.90,0,2166,300/300/300/300/300/300
1700000056.350000,1,300,300,113.85,46.93,0,2166,300/300/300/300/300/300
1700000056.400000,1,300,300,113.87,292.54,1,2127,300/300/300/300/300/300
1700000056.450000,1,300,300,113.88,46.12,0,2127,300/300/300/300/300/300
1700000056.500000,1,300,300,113.91,45.45,0,2127,300/300/300/300/300/300
1700000056.550000,1,300,300,113.92,238.22,1,2122,300/300/300/300/300/300
1700000056.600000,1,300,300,113.93,46.39,0,2122,300/300/300/300/300/300
1700000056.650000,1,300,300,113.95,47.09,0,2122,300/300/300/300/300/300
1700000056.700000,1,300,300,113.95,298.92,1,2084,300/300/300/300/300/300
1700000056.750000,1,300,300,113.95,48.23,0,2084,300/300/300/300/300/300
1700000056.800000,1,300,300,113.95,49.09,0,2084,300/300/300/300/300/300
1700000056.850000,1,300,300,113.92,304.08,1,2067,300/300/300/300/300/300
1700000056.900000,1,300,300,113.92,45.44,0,2067,300/300/300/300/300/300
1700000056.950000,1,300,300,113.90,45.87,0,2067,300/300/300/300/300/300
1700000057.000000,1,300,300,113.87,287.84,1,1924,300/300/300/300/300/300
1700000057.050000,1,300,300,113.85,45.83,0,1924,300/300/300/300/300/300
1700000057.100000,1,300,300,113.82,47.25,0,1924,300/300/300/300/300/300
1700000057.150000,1,300,300,113.79,318.47,1,1903,300/300/300/300/300/300
1700000057.200000,1,300,300,113.75,47.73,0,1903,300/300/300/300/300/300
1700000057.250000,1,300,300,113.72,47.37,0,1903,300/300/300/300/300/300
1700000057.300000,1,300,300,113.67,167.77,1,1840,300/300/300/300/300/300
1700000057.350000,1,300,300,113.62,46.26,0,1840,300/300/300/300/300/300
1700000057.400000,1,300,300,113.56,45.62,0,1840,300/300/300/300/300/300
1700000057.450000,1,300,300,113.51,278.05,1,1809,300/300/300/300/300/300
1700000057.500000,1,300,300,113.44,46.03,0,1809,300/300/300/300/300/300
1700000057.550000,1,300,300,113.41,47.01,0,1809,300/300/300/300/300/300
1700000057.600000,1,300,300,113.33,269.24,1,1807,300/300/300/300/300/300
1700000057.650000,1,300,300,113.27,46.87,0,1807,300/300/300/300/300/300
1700000057.700000,1,300,300,113.21,45.99,0,1807,300/300/300/300/300/300
1700000057.750000,1,300,300,113.13,260.46,1,1779,300/300/300/300/300/300
1700000057.800000,1,300,300,113.09,47.96,0,1779,300/300/300/300/300/300
1700000057.850000,1,300,300,113.02,45.76,0,1779,300/300/300/300/300/300
1700000057.900000,1,300,300,112.94,257.33,1,1788,300/300/300/300/300/300
1700000057.950000,1,300,300,112.90,46.52,0,1788,300/300/300/300/300/300
1700000058.000000,1,300,300,112.83,46.77,0,1788,300/300/300/300/300/300
1700000058.050000,1,300,300,112.78,207.58,1,1815,300/300/300/300/300/300
1700000058.100000,1,300,300,112.70,48.39,0,1815,300/300/300/300/300/300
1700000058.150000,1,300,300,112.64,46.50,0,1815,300/300/300/300/300/300
1700000058.200000,1,300,300,112.58,245.11,1,1788,300/300/300/300/300/300
1700000058.250000,1,300,300,112.53,49.70,0,1788,300/300/300/300/300/300
1700000058.300000,1,300,300,112.48,44.85,0,1788,300/300/300/300/300/300
1700000058.350000,1,300,300,112.43,259.12,1,1803,300/300/300/300/300/300
1700000058.400000,1,300,300,112.40,47.50,0,1803,300/300/300/300/300/300
1700000058.450000,1,300,300,112.38,46.02,0,1803,300/300/300/300/300/300
1700000058.500000,1,300,300,112.35,269.41,1,1805,300/300/300/300/300/300
1700000058.550000,1,300,300,112.33,48.33,0,1805,300/300/300/300/300/300
1700000058.600000,1,300,300,112.30,46.82,0,1805,300/300/300/300/300/300
1700000058.650000,1,300,300,112.27,275.94,1,1824,300/300/300/300/300/300
1700000058.700000,1,300,300,112.23,47.76,0,1824,300/300/300/300/300/300
1700000058.750000,1,300,300,112.20,47.52,0,1824,300/300/300/300/300/300
1700000058.800000,1,300,300,112.19,271.58,1,1819,300/300/300/300/300/300
1700000058.850000,1,300,300,112.14,48.50,0,1819,300/300/300/300/300/300
1700000058.900000,1,300,300,112.11,49.91,0,1819,300/300/300/300/300/300
1700000058.950000,1,300,300,112.06,275.57,1,1805,300/300/300/300/300/300
1700000059.000000,1,300,300,112.04,51.42,0,1805,300/300/300/300/300/300
1700000059.050000,1,300,300,111.98,47.17,0,1805,300/300/300/300/300/300
1700000059.100000,1,300,300,111.94,279.96,1,1800,300/300/300/300/300/300
1700000059.150000,1,300,300,111.90,50.22,0,1800,300/300/300/300/300/300
1700000059.200000,1,300,300,111.87,47.13,0,1800,300/300/300/300/300/300
1700000059.250000,1,300,300,111.84,220.02,1,1796,300/300/300/300/300/300
1700000059.300000,1,300,300,111.81,48.34,0,1796,300/300/300/300/300/300
1700000059.350000,1,300,300,111.78,47.38,0,1796,300/300/300/300/300/300
1700000059.400000,1,300,300,111.73,299.61,1,1798,300/300/300/300/300/300
1700000059.450000,1,300,300,111.72,49.34,0,1798,300/300/300/300/300/300
1700000059.500000,1,300,300,111.70,45.66,0,1798,300/300/300/300/300/300
1700000059.550000,1,300,300,111.68,279.41,1,1780,300/300/300/300/300/300
1700000059.600000,1,300,300,111.66,48.53,0,1780,300/300/300/300/300/300
1700000059.650000,1,300,300,111.64,45.49,0,1780,300/300/300/300/300/300
1700000059.700000,1,300,300,111.59,222.84,1,1794,300/300/300/300/300/300
1700000059.750000,1,300,300,111.56,48.12,0,1794,300/300/300/300/300/300
1700000059.800000,1,300,300,111.54,47.50,0,1794,300/300/300/300/300/300
1700000059.850000,1,300,300,111.51,297.07,1,1756,300/300/300/300/300/300
1700000059.900000,1,300,300,111.48,46.72,0,1756,300/300/300/300/300/300
1700000059.950000,1,300,300,111.46,51.55,0,1756,300/300/300/300/300/300
1700000060.000000,1,300,300,111.43,280.98,1,1748,300/300/300/300/300/300
1700000060.050000,1,300,300,111.41,48.19,0,1748,300/300/300/300/300/300
1700000060.100000,1,300,300,111.38,46.71,0,1748,300/300/300/300/300/300
1700000060.150000,1,300,300,111.35,199.63,1,1746,300/300/300/300/300/300
1700000060.200000,1,300,300,111.33,46.76,0,1746,300/300/300/300/300/300
1700000060.250000,1,300,300,111.32,46.36,0,1746,300/300/300/300/300/300
1700000060.300000,1,300,300,111.28,197.83,1,1736,300/300/300/300/300/300
1700000060.350000,1,300,300,111.27,47.74,0,1736,300/300/300/300/300/300
1700000060.400000,1,300,300,111.23,46.34,0,1736,300/300/300/300/300/300
1700000060.450000,1,300,300,111.20,337.10,1,1730,300/300/300/300/300/300
1700000060.500000,1,300,300,111.16,49.33,0,1730,300/300/300/300/300/300
1700000060.550000,1,300,300,111.13,49.23,0,1730,300/300/300/300/300/300
1700000060.600000,1,300,300,111.10,311.20,1,1705,300/300/300/300/300/300
1700000060.650000,1,300,300,111.07,47.77,0,1705,300/300/300/300/300/300
1700000060.700000,1,300,300,111.03,49.13,0,1705,300/300/300/300/300/300
1700000060.750000,1,300,300,111.00,326.38,1,1725,300/300/300/300/300/300
1700000060.800000,1,300,300,110.96,49.50,0,1725,300/300/300/300/300/300
1700000060.850000,1,300,300,110.92,47.80,0,1725,300/300/300/300/300/300
1700000060.900000,1,300,300,110.89,285.48,1,1731,300/300/300/300/300/300
1700000060.950000,1,300,300,110.84,48.17,0,1731,300/300/300/300/300/300
1700000061.000000,1,300,300,110.82,48.47,0,1731,300/300/300/300/300/300
1700000061.050000,1,300,300,110.79,202.88,1,1710,300/300/300/300/300/300
1700000061.100000,1,300,300,110.75,52.91,0,1710,300/300/300/300/300/300
1700000061.150000,1,300,300,110.74,49.06,0,1710,300/300/300/300/300/300
1700000061.200000,1,300,300,110.71,280.23,1,1712,300/300/300/300/300/300
1700000061.250000,1,300,300,110.69,52.33,0,1712,300/300/300/300/300/300
1700000061.300000,1,300,300,110.67,50.52,0,1712,300/300/300/300/300/300
1700000061.350000,1,300,300,110.66,199.86,1,1724,300/300/300/300/300/300
1700000061.400000,1,300,300,110.64,50.08,0,1724,300/300/300/300/300/300
1700000061.450000,1,300,300,110.64,48.83,0,1724,300/300/300/300/300/300
1700000061.500000,1,300,300,110.65,213.09,1,1720,300/300/300/300/300/300
1700000061.550000,1,300,300,110.66,47.15,0,1720,300/300/300/300/300/300
1700000061.600000,1,300,300,110.67,48.85,0,1720,300/300/300/300/300/300
1700000061.650000,1,300,300,110.68,226.98,1,1723,300/300/300/300/300/300
1700000061.700000,1,300,300,110.71,52.06,0,1723,300/300/300/300/300/300
1700000061.750000,1,300,300,110.73,50.11,0,1723,300/300/300/300/300/300
1700000061.800000,1,300,300,110.76,255.79,1,1722,300/300/300/300/300/300
1700000061.850000,1,300,300,110.79,47.78,0,1722,300/300/300/300/300/300
1700000061.900000,1,300,300,110.82,49.46,0,1722,300/300/300/300/300/300
1700000061.950000,1,300,300,110.86,255.92,1,1706,300/300/300/300/300/300
1700000062.000000,1,300,300,110.90,50.24,0,1706,300/300/300/300/300/300
1700000062.050000,1,300,300,110.98,47.76,0,1706,300/300/300/300/300/300
1700000062.100000,1,300,300,111.03,263.63,1,1690,300/300/300/300/300/300
1700000062.150000,1,300,300,111.08,49.36,0,1690,300/300/300/300/300/300
1700000062.200000,1,300,300,111.17,50.30,0,1690,300/300/300/300/300/300
1700000062.250000,1,300,300,111.24,258.15,1,1733,300/300/300/300/300/300
1700000062.300000,1,300,300,111.33,48.15,0,1733,300/300/300/300/300/300
1700000062.350000,1,300,300,111.45,49.36,0,1733,300/300/300/300/300/300
1700000062.400000,1,300,300,111.56,191.26,1,1735,300/300/300/300/300/300
1700000062.450000,1,300,300,111.72,55.22,0,1735,300/300/300/300/300/300
1700000062.500000,1,300,300,111.85,65.76,0,1735,300/300/300/300/276/300
1700000062.550000,1,300,300,112.02,178.95,1,1753,300/300/300/300/300/300
1700000062.600000,1,300,300,112.18,65.54,0,1753,300/300/300/300/300/300
1700000062.650000,1,300,300,112.37,50.06,0,1753,300/300/300/300/300/300
1700000062.700000,1,300,300,112.53,207.92,1,1768,300/300/300/300/300/300
1700000062.750000,1,300,300,112.71,58.00,0,1768,300/300/300/300/300/300
1700000062.800000,1,300,300,112.89,47.58,0,1768,300/300/300/300/300/300
1700000062.850000,1,300,300,113.03,269.14,1,1932,300/300/300/300/300/300
1700000062.900000,1,300,300,112.76,49.43,0,1932,300/300/300/300/300/300
1700000062.950000,1,300,300,112.05,47.70,0,1932,300/300/300/300/300/300
1700000063.000000,1,300,300,112.68,260.98,1,2037,300/300/300/300/300/300
1700000063.050000,1,300,300,113.54,51.49,0,2037,300/300/300/300/300/300
1700000063.100000,1,300,300,114.09,45.44,0,2037,300/300/300/300/300/300
1700000063.150000,1,300,300,114.87,162.85,1,2098,300/300/300/300/300/300
1700000063.200000,1,300,300,115.70,46.49,0,2098,300/300/300/300/300/300
1700000063.250000,1,300,300,116.02,48.95,0,2098,300/300/300/300/300/300
1700000063.300000,1,300,300,116.47,162.75,1,2109,300/300/300/300/300/300
1700000063.350000,1,300,300,117.17,49.92,0,2109,300/300/300/300/300/300
1700000063.400000,1,300,300,117.96,48.01,0,2109,300/300/300/300/300/300
1700000063.450000,1,300,300,118.82,163.55,1,2091,300/300/300/300/300/300
1700000063.500000,1,300,300,119.25,49.15,0,2091,300/300/300/300/300/300
1700000063.550000,1,300,300,118.30,47.93,0,2091,300/300/300/300/300/300
1700000063.600000,1,300,300,116.64,157.43,1,2111,300/300/300/300/300/300
1700000063.650000,1,300,300,115.90,47.82,0,2111,300/300/300/300/300/300
1700000063.700000,1,300,300,115.82,48.02,0,2111,300/300/300/300/300/300
1700000063.750000,1,300,300,115.86,255.50,1,2116,300/300/300/300/300/300
1700000063.800000,1,300,300,115.50,50.13,0,2116,300/300/300/300/300/300
1700000063.850000,1,300,300,114.57,47.41,0,2116,300/300/300/300/300/300
1700000063.900000,1,300,300,115.22,223.02,1,2122,300/300/300/300/300/300
1700000063.950000,1,300,300,116.28,46.96,0,2122,300/300/300/300/300/300
1700000064.000000,1,300,300,115.47,47.61,0,2122,300/300/300/300/300/300
1700000064.050000,1,300,300,114.85,278.70,1,2137,300/300/300/300/300/300
1700000064.100000,1,300,300,114.48,48.74,0,2137,300/300/300/300/300/300
1700000064.150000,1,300,300,113.36,49.20,0,2137,300/300/300/300/300/300
1700000064.200000,1,300,300,112.94,191.86,1,2246,300/300/300/300/300/300
1700000064.250000,1,300,300,113.11,53.93,0,2246,300/300/300/300/300/300
1700000064.300000,1,300,300,112.52,74.60,0,2246,300/300/300/300/300/300
1700000064.350000,1,300,300,111.10,235.85,1,2249,300/300/300/300/300/300
1700000064.400000,1,300,300,106.59,57.25,0,2249,300/300/300/300/300/300
1700000064.450000,1,300,300,105.49,50.85,0,2249,300/300/300/300/300/300
1700000064.500000,1,300,300,104.92,238.68,1,2384,300/300/300/300/300/300
1700000064.550000,1,300,300,104.48,54.90,0,2384,300/300/300/300/300/300
1700000064.600000,1,300,300,104.24,51.55,0,2384,300/300/300/300/300/300
1700000064.650000,1,300,300,104.16,175.13,1,2413,300/300/300/300/300/300
1700000064.700000,1,300,300,104.42,54.02,0,2413,300/300/300/300/300/300
1700000064.750000,1,300,300,104.69,54.71,0,2413,300/300/300/300/300/300
1700000064.800000,1,300,300,105.00,276.77,1,2407,300/300/300/300/300/300
1700000064.850000,1,300,300,105.28,57.04,0,2407,300/300/300/300/300/300
1700000064.900000,1,300,300,105.58,57.59,0,2407,300/300/300/300/300/300
1700000064.950000,1,300,300,105.83,176.85,1,2413,300/300/300/300/300/300
1700000065.000000,1,300,300,106.05,58.50,0,2413,300/300/300/300/300/300
1700000065.050000,1,300,300,106.18,54.04,0,2413,300/300/300/300/300/300
1700000065.100000,1,300,300,106.29,409.66,1,2428,300/300/300/300/300/300
1700000065.150000,1,300,300,106.40,56.51,0,2428,300/300/300/300/300/300
1700000065.200000,1,300,300,106.51,50.46,0,2428,300/300/300/300/300/300
1700000065.250000,1,300,300,106.68,208.13,1,2412,300/300/300/300/300/300
1700000065.300000,1,300,300,106.89,54.09,0,2412,300/300/300/300/300/300
1700000065.350000,1,300,300,107.26,54.50,0,2412,300/300/300/300/300/300
1700000065.400000,1,300,300,107.64,303.06,1,2423,300/300/300/300/300/300
1700000065.450000,1,300,300,108.11,56.39,0,2423,300/300/300/300/300/300
1700000065.500000,1,300,300,108.61,56.02,0,2423,300/300/300/300/300/300
1700000065.550000,1,300,300,109.31,174.90,1,2443,300/300/300/300/300/300
1700000065.600000,1,300,300,110.36,73.97,0,2443,300/300/300/300/300/300
1700000065.650000,1,300,300,111.28,51.66,0,2443,300/300/300/300/300/300
1700000065.700000,1,300,300,110.97,307.88,1,2453,300/300/300/300/300/300
1700000065.750000,1,300,300,110.20,50.73,0,2453,300/300/300/300/300/300
1700000065.800000,1,300,300,109.17,53.43,0,2453,300/300/300/300/300/300
1700000065.850000,1,300,300,108.36,258.68,1,2475,300/300/300/300/300/300
1700000065.900000,1,300,300,108.17,48.67,0,2475,300/300/300/300/300/300
1700000065.950000,1,300,300,108.30,51.61,0,2475,300/300/300/300/300/300
1700000066.000000,1,300,300,108.33,279.14,1,2518,300/300/300/300/300/300
1700000066.050000,1,300,300,108.40,49.13,0,2518,300/300/300/300/300/300
1700000066.100000,1,300,300,108.56,50.34,0,2518,300/300/300/300/300/300
1700000066.150000,1,300,300,108.74,274.09,1,2542,300/300/300/300/300/300
1700000066.200000,1,300,300,108.93,48.57,0,2542,300/300/300/300/300/300
1700000066.250000,1,300,300,109.13,48.00,0,2542,300/300/300/300/300/300
1700000066.300000,1,300,300,109.30,266.44,1,2505,300/300/300/300/300/300
1700000066.350000,1,300,300,109.48,48.22,0,2505,300/300/300/300/300/300
1700000066.400000,1,300,300,109.63,48.20,0,2505,300/300/300/300/300/300
1700000066.450000,1,300,300,109.76,267.29,1,2492,300/300/300/300/300/300
1700000066.500000,1,300,300,109.92,46.32,0,2492,300/300/300/300/300/300
1700000066.550000,1,300,300,110.07,45.62,0,2492,300/300/300/300/300/300
1700000066.600000,1,300,300,110.20,275.10,1,2478,300/300/300/300/300/300
1700000066.650000,1,300,300,110.35,47.85,0,2478,300/300/300/300/300/300
1700000066.700000,1,300,300,110.48,47.59,0,2478,300/300/300/300/300/300
1700000066.750000,1,300,300,110.60,277.15,1,2462,300/300/300/300/300/300
1700000066.800000,1,300,300,110.72,47.52,0,2462,300/300/300/300/300/300
1700000066.850000,1,300,300,110.84,47.12,0,2462,300/300/300/300/300/300
1700000066.900000,1,300,300,110.96,250.67,1,2299,300/300/300/300/300/300
1700000066.950000,1,300,300,111.07,45.90,0,2299,300/300/300/300/300/300
1700000067.000000,1,300,300,111.17,46.86,0,2299,300/300/300/300/300/300
1700000067.050000,1,300,300,111.26,210.76,1,2210,300/300/300/300/300/300
1700000067.100000,1,300,300,111.33,47.15,0,2210,300/300/300/300/300/300
1700000067.150000,1,300,300,111.42,46.58,0,2210,300/300/300/300/300/300
1700000067.200000,1,300,300,111.49,341.61,1,2158,300/300/300/300/300/300
1700000067.250000,1,300,300,111.55,46.20,0,2158,300/300/300/300/300/300
1700000067.300000,1,300,300,111.62,43.99,0,2158,300/300/300/300/300/300
1700000067.350000,1,300,300,111.68,207.24,1,2195,300/300/300/300/300/300
1700000067.400000,1,300,300,111.73,47.31,0,2195,300/300/300/300/300/300
1700000067.450000,1,300,300,111.77,46.78,0,2195,300/300/300/300/300/300
1700000067.500000,1,300,300,111.82,182.63,1,2195,300/300/300/300/300/300
1700000067.550000,1,300,300,111.84,46.05,0,2195,300/300/300/300/300/300
1700000067.600000,1,300,300,111.87,45.74,0,2195,300/300/300/300/300/300
1700000067.650000,1,300,300,111.90,301.16,1,2172,300/300/300/300/300/300
1700000067.700000,1,300,300,111.93,47.64,0,2172,300/300/300/300/300/300
1700000067.750000,1,300,300,111.95,44.44,0,2172,300/300/300/300/300/300
1700000067.800000,1,300,300,111.97,311.61,1,2147,300/300/300/300/300/300
1700000067.850000,1,300,300,111.99,46.26,0,2147,300/300/300/300/300/300
1700000067.900000,1,300,300,112.00,44.84,0,2147,300/300/300/300/300/300
1700000067.950000,1,300,300,112.01,315.44,1,2135,300/300/300/300/300/300
1700000068.000000,1,300,300,112.03,46.17,0,2135,300/300/300/300/300/300
1700000068.050000,1,300,300,112.03,45.04,0,2135,300/300/300/300/300/300
1700000068.100000,1,300,300,112.03,195.90,1,2109,300/300/300/300/300/300
1700000068.150000,1,300,300,112.04,45.02,0,2109,300/300/300/300/300/300
1700000068.200000,1,300,300,112.02,45.20,0,2109,300/300/300/300/300/300
1700000068.250000,1,300,300,112.03,311.18,1,2002,300/300/300/300/300/300
1700000068.300000,1,300,300,112.02,46.15,0,2002,300/300/300/300/300/300
1700000068.350000,1,300,300,112.02,45.40,0,2002,300/300/300/300/300/300
1700000068.400000,1,300,300,112.02,345.33,1,1992,300/300/300/300/300/300
1700000068.450000,1,300,300,112.01,45.26,0,1992,300/300/300/300/300/300
1700000068.500000,1,300,300,111.99,43.71,0,1992,300/300/300/300/300/300
1700000068.550000,1,300,300,111.98,307.28,1,1850,300/300/300/300/300/300
1700000068.600000,1,300,300,111.98,45.66,0,1850,300/300/300/300/300/300
1700000068.650000,1,300,300,111.96,45.33,0,1850,300/300/300/300/300/300
1700000068.700000,1,300,300,111.95,351.54,1,1870,300/300/300/300/300/300
1700000068.750000,1,300,300,111.93,44.35,0,1870,300/300/300/300/300/300
1700000068.800000,1,300,300,111.91,46.26,0,1870,300/300/300/300/300/300
1700000068.850000,1,300,300,111.92,233.11,1,1855,300/300/300/300/300/300
1700000068.900000,1,300,300,111.88,45.84,0,1855,300/300/300/300/300/300
1700000068.950000,1,300,300,111.86,44.96,0,1855,300/300/300/300/300/300
1700000069.000000,1,300,300,111.85,309.97,1,1823,300/300/300/300/300/300
1700000069.050000,1,300,300,111.83,44.93,0,1823,300/300/300/300/300/300
1700000069.100000,1,300,300,111.81,43.50,0,1823,300/300/300/300/300/300
1700000069.150000,1,300,300,111.79,323.16,1,1789,300/300/300/300/300/300
1700000069.200000,1,300,300,111.77,43.34,0,1789,300/300/300/300/300/300
1700000069.250000,1,300,300,111.76,44.42,0,1789,300/300/300/300/300/300
1700000069.300000,1,300,300,111.75,339.16,1,1769,300/300/300/300/300/300
1700000069.350000,1,300,300,111.73,45.84,0,1769,300/300/300/300/300/300
1700000069.400000,1,300,300,111.70,45.04,0,1769,300/300/300/300/300/300
1700000069.450000,1,300,300,111.68,205.11,1,1710,300/300/300/300/300/300
1700000069.500000,1,300,300,111.68,44.14,0,1710,300/300/300/300/300/300
1700000069.550000,1,300,300,111.66,44.31,0,1710,300/300/300/300/300/300
1700000069.600000,1,300,300,111.65,213.91,1,1687,300/300/300/300/300/300
1700000069.650000,1,300,300,111.64,43.68,0,1687,300/300/300/300/300/300
1700000069.700000,1,300,300,111.62,42.95,0,1687,300/300/300/300/300/300
1700000069.750000,1,300,300,111.60,331.28,1,1652,300/300/300/300/300/300
1700000069.800000,1,300,300,111.60,42.92,0,1652,300/300/300/300/300/300
1700000069.850000,1,300,300,111.59,42.69,0,1652,300/300/300/300/300/300
1700000069.900000,1,300,300,111.58,324.16,1,1604,300/300/300/300/300/300
1700000069.950000,1,300,300,111.57,43.36,0,1604,300/300/300/300/300/300
1700000070.000000,1,300,300,111.57,43.50,0,1604,300/300/300/300/300/300
1700000070.050000,1,300,300,111.57,225.46,1,1541,300/300/300/300/300/300
1700000070.100000,1,300,300,111.56,43.77,0,1541,300/300/300/300/300/300
1700000070.150000,1,300,300,111.55,43.42,0,1541,300/300/300/300/300/300
1700000070.200000,1,300,300,111.55,187.85,1,1526,300/300/300/300/300/300
1700000070.250000,1,300,300,111.55,43.76,0,1526,300/300/300/300/300/300
1700000070.300000,1,300,300,111.54,41.95,0,1526,300/300/300/300/300/300
1700000070.350000,1,300,300,111.55,230.13,1,1508,300/300/300/300/300/300
1700000070.400000,1,300,300,111.55,43.20,0,1508,300/300/300/300/300/300
1700000070.450000,1,300,300,111.54,41.97,0,1508,300/300/300/300/300/300
1700000070.500000,1,300,300,111.54,230.09,1,1469,300/300/300/300/300/300
1700000070.550000,1,300,300,111.55,41.62,0,1469,300/300/300/300/300/300
1700000070.600000,1,300,300,111.54,41.69,0,1469,300/300/300/300/300/300
1700000070.650000,1,300,300,111.54,233.29,1,1441,300/300/300/300/300/300
1700000070.700000,1,300,300,111.56,42.62,0,1441,300/300/300/300/300/300
1700000070.750000,1,300,300,111.56,43.64,0,1441,300/300/300/300/300/300
1700000070.800000,1,300,300,111.57,276.46,1,1400,300/300/300/300/300/300
1700000070.850000,1,300,300,111.58,44.52,0,1400,300/300/300/300/300/300
1700000070.900000,1,300,300,111.60,42.20,0,1400,300/300/300/300/300/300
1700000070.950000,1,300,300,111.59,243.96,1,1363,300/300/300/300/300/300
1700000071.000000,1,300,300,111.60,42.19,0,1363,300/300/300/300/300/300
1700000071.050000,1,300,300,111.61,41.93,0,1363,300/300/300/300/300/300
1700000071.100000,1,300,300,111.62,277.54,1,1322,300/300/300/300/300/300
1700000071.150000,1,300,300,111.62,43.14,0,1322,300/300/300/300/300/300
1700000071.200000,1,300,300,111.64,42.61,0,1322,300/300/300/300/300/300
1700000071.250000,1,300,300,111.63,279.04,1,1306,300/300/300/300/300/300
1700000071.300000,1,300,300,111.65,45.86,0,1306,300/300/300/300/300/300
1700000071.350000,1,300,300,111.66,44.56,0,1306,300/300/300/300/300/300
1700000071.400000,1,300,300,111.68,267.01,1,1229,300/300/300/300/300/300
1700000071.450000,1,300,300,111.68,42.90,0,1229,300/300/300/300/300/300
1700000071.500000,1,300,300,111.69,44.54,0,1229,300/300/300/300/300/300
1700000071.550000,1,300,300,111.70,266.55,1,1231,300/300/300/300/300/300
1700000071.600000,1,300,300,111.71,48.41,0,1231,300/300/300/300/300/300
1700000071.650000,1,300,300,111.71,43.77,0,1231,300/300/300/300/300/300
1700000071.700000,1,300,300,111.73,185.05,1,1205,300/300/300/300/300/300
1700000071.750000,1,300,300,111.74,41.81,0,1205,300/300/300/300/300/300
1700000071.800000,1,300,300,111.75,42.68,0,1205,300/300/300/300/300/300
1700000071.850000,1,300,300,111.76,260.89,1,1201,300/300/300/300/300/300
1700000071.900000,1,300,300,111.78,44.06,0,1201,300/300/300/300/300/300
1700000071.950000,1,300,300,111.80,45.95,0,1201,300/300/300/300/300/300
1700000072.000000,1,300,300,111.78,255.04,1,1207,300/300/300/300/300/300
1700000072.050000,1,300,300,111.80,44.86,0,1207,300/300/300/300/300/300
1700000072.100000,1,300,300,111.78,43.85,0,1207,300/300/300/300/300/300
1700000072.150000,1,300,300,111.80,215.57,1,1188,300/300/300/300/300/300
1700000072.200000,1,300,300,111.81,46.76,0,1188,300/300/300/300/300/300
1700000072.250000,1,300,300,111.82,44.07,0,1188,300/300/300/300/300/300
1700000072.300000,1,300,300,111.81,275.22,1,1166,300/300/300/300/300/300
1700000072.350000,1,300,300,111.82,44.64,0,1166,300/300/300/300/300/300
1700000072.400000,1,300,300,111.82,43.43,0,1166,300/300/300/300/300/300
1700000072.450000,1,300,300,111.83,285.28,1,1158,300/300/300/300/300/300
1700000072.500000,1,300,300,111.84,43.82,0,1158,300/300/300/300/300/300
1700000072.550000,1,300,300,111.82,43.58,0,1158,300/300/300/300/300/300
1700000072.600000,1,300,300,111.82,237.55,1,1156,300/300/300/300/300/300
1700000072.650000,1,300,300,111.81,44.45,0,1156,300/300/300/300/300/300
1700000072.700000,1,300,300,111.82,43.69,0,1156,300/300/300/300/300/300
1700000072.750000,1,300,300,111.81,245.26,1,1099,300/300/300/300/300/300
1700000072.800000,1,300,300,111.80,44.74,0,1099,300/300/300/300/300/300
1700000072.850000,1,300,300,111.78,46.32,0,1099,300/300/300/300/300/300
1700000072.900000,1,300,300,111.77,358.40,1,1153,300/300/300/300/300/300
1700000072.950000,1,300,300,111.76,44.00,0,1153,300/300/300/300/300/300
1700000073.000000,1,300,300,111.76,44.93,0,1153,300/300/300/300/300/300
1700000073.050000,1,300,300,111.75,149.77,1,1152,300/300/300/300/300/300
1700000073.100000,1,300,300,111.73,45.05,0,1152,300/300/300/300/300/300
1700000073.150000,1,300,300,111.71,44.10,0,1152,300/300/300/300/300/300
1700000073.200000,1,300,300,111.70,251.04,1,1163,300/300/300/300/300/300
1700000073.250000,1,300,300,111.68,46.35,0,1163,300/300/300/300/300/300
1700000073.300000,1,300,300,111.65,46.13,0,1163,300/300/300/300/300/300
1700000073.350000,1,300,300,111.63,289.15,1,1173,300/300/300/300/300/300
1700000073.400000,1,300,300,111.60,44.48,0,1173,300/300/300/300/300/300
1700000073.450000,1,300,300,111.57,44.89,0,1173,300/300/300/300/300/300
1700000073.500000,1,300,300,111.53,269.26,1,1191,300/300/300/300/300/300
1700000073.550000,1,300,300,111.50,44.59,0,1191,300/300/300/300/300/300
1700000073.600000,1,300,300,111.46,43.88,0,1191,300/300/300/300/300/300
1700000073.650000,1,300,300,111.43,222.95,1,1176,300/300/300/300/300/300
1700000073.700000,1,300,300,111.40,44.33,0,1176,300/300/300/300/300/300
1700000073.750000,1,300,300,111.35,44.62,0,1176,300/300/300/300/300/300
1700000073.800000,1,300,300,111.31,229.16,1,1192,300/300/300/300/300/300
1700000073.850000,1,300,300,111.26,44.78,0,1192,300/300/300/300/300/300
1700000073.900000,1,300,300,111.22,45.18,0,1192,300/300/300/300/300/300
1700000073.950000,1,300,300,111.17,227.82,1,1214,300/300/300/300/300/300
1700000074.000000,1,300,300,111.14,46.12,0,1214,300/300/300/300/300/300
1700000074.050000,1,300,300,111.10,44.87,0,1214,300/300/300/300/300/300
1700000074.100000,1,300,300,111.06,227.86,1,1211,300/300/300/300/300/300
1700000074.150000,1,300,300,111.00,45.44,0,1211,300/300/300/300/300/300
1700000074.200000,1,300,300,110.99,44.97,0,1211,300/300/300/300/300/300
1700000074.250000,1,300,300,110.93,215.06,1,1195,300/300/300/300/300/300
1700000074.300000,1,300,300,110.90,45.60,0,1195,300/300/300/300/300/300
1700000074.350000,1,300,300,110.83,45.17,0,1195,300/300/300/300/300/300
1700000074.400000,1,300,300,110.78,210.90,1,1239,300/300/300/300/300/300
1700000074.450000,1,300,300,110.74,47.40,0,1239,300/300/300/300/300/300
1700000074.500000,1,300,300,110.71,46.29,0,1239,300/300/300/300/300/300
1700000074.550000,1,300,300,110.65,245.13,1,1283,300/300/300/300/300/300
1700000074.600000,1,300,300,110.61,47.66,0,1283,300/300/300/300/300/300
1700000074.650000,1,300,300,110.56,46.84,0,1283,300/300/300/300/300/300
1700000074.700000,1,300,300,110.52,151.75,1,1315,300/300/300/300/300/300
1700000074.750000,1,300,300,110.47,46.06,0,1315,300/300/300/300/300/300
1700000074.800000,1,300,300,110.43,47.37,0,1315,300/300/300/300/300/300
1700000074.850000,1,300,300,110.36,156.28,1,1337,300/300/300/300/300/300
1700000074.900000,1,300,300,110.31,46.22,0,1337,300/300/300/300/300/300
1700000074.950000,1,300,300,110.27,49.24,0,1337,300/300/300/300/300/300
1700000075.000000,1,300,300,110.23,273.47,1,1380,300/300/300/300/300/300
1700000075.050000,1,300,300,110.18,48.82,0,1380,300/300/300/300/300/300
1700000075.100000,1,300,300,110.11,46.58,0,1380,300/300/300/300/300/300
1700000075.150000,1,300,300,109.99,269.46,1,1404,300/300/300/300/300/300
1700000075.200000,1,300,300,109.88,49.23,0,1404,300/300/300/300/300/300
1700000075.250000,1,300,300,109.79,47.81,0,1404,300/300/300/300/300/300
1700000075.300000,1,300,300,109.70,262.04,1,1403,300/300/300/300/300/300
1700000075.350000,1,300,300,109.65,45.61,0,1403,300/300/300/300/300/300
1700000075.400000,1,300,300,109.63,46.86,0,1403,300/300/300/300/300/300
1700000075.450000,1,300,300,109.63,164.37,1,1441,300/300/300/300/300/300
1700000075.500000,1,300,300,109.66,50.09,0,1441,300/300/300/300/300/300
1700000075.550000,1,300,300,109.67,47.50,0,1441,300/300/300/300/300/300
1700000075.600000,1,300,300,109.67,161.23,1,1450,300/300/300/300/300/300
1700000075.650000,1,300,300,109.68,46.85,0,1450,300/300/300/300/300/300
1700000075.700000,1,300,300,109.67,50.19,0,1450,300/300/300/300/300/300
1700000075.750000,1,300,300,109.68,322.79,1,1481,300/300/300/300/300/300
1700000075.800000,1,300,300,109.66,48.93,0,1481,300/300/300/300/300/300
1700000075.850000,1,300,300,109.66,47.16,0,1481,300/300/300/300/300/300
1700000075.900000,1,300,300,109.66,274.99,1,1508,300/300/300/300/300/300
1700000075.950000,1,300,300,109.65,48.00,0,1508,300/300/300/300/300/300
1700000076.000000,1,300,300,109.64,47.10,0,1508,300/300/300/300/300/300
1700000076.050000,1,300,300,109.64,310.06,1,1542,300/300/300/300/300/300
1700000076.100000,1,300,300,109.61,47.80,0,1542,300/300/300/300/300/300
1700000076.150000,1,300,300,109.60,50.05,0,1542,300/300/300/300/300/300
1700000076.200000,1,300,300,109.58,334.24,1,1567,300/300/300/300/300/300
1700000076.250000,1,300,300,109.54,48.83,0,1567,300/300/300/300/300/300
1700000076.300000,1,300,300,109.53,45.81,0,1567,300/300/300/300/300/300
1700000076.350000,1,300,300,109.52,300.32,1,1609,300/300/300/300/300/300
1700000076.400000,1,300,300,109.51,48.25,0,1609,300/300/300/300/300/300
1700000076.450000,1,300,300,109.53,51.19,0,1609,300/300/300/300/300/300
1700000076.500000,1,300,300,109.53,316.49,1,1638,300/300/300/300/300/300
1700000076.550000,1,300,300,109.55,48.23,0,1638,300/300/300/300/300/300
1700000076.600000,1,300,300,109.60,49.38,0,1638,300/300/300/300/300/300
1700000076.650000,1,300,300,109.62,314.58,1,1659,300/300/300/300/300/300
1700000076.700000,1,300,300,109.69,48.72,0,1659,300/300/300/300/300/300
1700000076.750000,1,300,300,109.78,48.72,0,1659,300/300/300/300/300/300
1700000076.800000,1,300,300,109.87,260.21,1,1690,300/300/300/300/300/300
1700000076.850000,1,300,300,110.01,51.81,0,1690,300/300/300/300/300/300
1700000076.900000,1,300,300,110.15,48.91,0,1690,300/300/300/300/300/300
1700000076.950000,1,300,300,110.28,193.69,1,1647,300/300/300/300/300/300
1700000077.000000,1,300,300,110.39,51.83,0,1647,300/300/300/300/300/300
1700000077.050000,1,300,300,110.52,48.03,0,1647,300/300/300/300/300/300
1700000077.100000,1,300,300,110.62,162.93,1,1713,300/300/300/300/300/300
1700000077.150000,1,300,300,110.72,49.28,0,1713,300/300/300/300/300/300
1700000077.200000,1,300,300,110.81,49.90,0,1713,300/300/300/300/300/300
1700000077.250000,1,300,300,110.88,296.10,1,1725,300/300/300/300/300/300
1700000077.300000,1,300,300,110.97,49.11,0,1725,300/300/300/300/300/300
1700000077.350000,1,300,300,111.04,47.54,0,1725,300/300/300/300/300/300
1700000077.400000,1,300,300,111.11,280.66,1,1770,300/300/300/300/300/300
1700000077.450000,1,300,300,111.20,50.49,0,1770,300/300/300/300/300/300
1700000077.500000,1,300,300,111.24,51.60,0,1770,300/300/300/300/300/300
1700000077.550000,1,300,300,111.30,269.63,1,1755,300/300/300/300/300/300
1700000077.600000,1,300,300,111.36,52.09,0,1755,300/300/300/300/300/300
1700000077.650000,1,300,300,111.41,51.96,0,1755,300/300/300/300/300/300
1700000077.700000,1,300,300,111.45,276.03,1,1767,300/300/300/300/300/300
1700000077.750000,1,300,300,111.51,51.97,0,1767,300/300/300/300/300/300
1700000077.800000,1,300,300,111.53,52.11,0,1767,300/300/300/300/300/300
1700000077.850000,1,300,300,111.54,162.12,1,1780,300/300/300/300/300/300
1700000077.900000,1,300,300,111.57,50.24,0,1780,300/300/300/300/300/300
1700000077.950000,1,300,300,111.57,51.04,0,1780,300/300/300/300/300/300
1700000078.000000,1,300,300,111.59,268.82,1,1811,300/300/300/300/300/300
1700000078.050000,1,300,300,111.58,49.84,0,1811,300/300/300/300/300/300
1700000078.100000,1,300,300,111.55,49.30,0,1811,300/300/300/300/300/300
1700000078.150000,1,300,300,111.53,168.67,1,1858,300/300/300/300/300/300
1700000078.200000,1,300,300,111.48,51.28,0,1858,300/300/300/300/300/300
1700000078.250000,1,300,300,111.44,50.16,0,1858,300/300/300/300/300/300
1700000078.300000,1,300,300,111.40,339.39,1,1863,300/300/300/300/300/300
1700000078.350000,1,300,300,111.36,49.05,0,1863,300/300/300/300/300/300
1700000078.400000,1,300,300,111.34,55.29,0,1863,300/300/300/300/300/300
1700000078.450000,1,300,300,111.33,268.30,1,1844,300/300/300/300/300/300
1700000078.500000,1,300,300,111.30,53.15,0,1844,300/300/300/300/300/300
1700000078.550000,1,300,300,111.30,51.13,0,1844,300/300/300/300/300/300
1700000078.600000,1,300,300,111.29,269.45,1,1842,300/300/300/300/300/300
1700000078.650000,1,300,300,111.30,50.84,0,1842,300/300/300/300/300/300
1700000078.700000,1,300,300,111.33,52.35,0,1842,300/300/300/300/300/300
1700000078.750000,1,300,300,111.37,270.16,1,1845,300/300/300/300/300/300
1700000078.800000,1,300,300,111.39,52.55,0,1845,300/300/300/300/300/300
1700000078.850000,1,300,300,111.46,50.51,0,1845,300/300/300/300/300/300
1700000078.900000,1,300,300,111.53,328.38,1,1886,300/300/300/300/300/300
1700000078.950000,1,300,300,111.61,49.81,0,1886,300/300/300/300/300/300
1700000079.000000,1,300,300,111.71,48.90,0,1886,300/300/300/300/300/300
1700000079.050000,1,300,300,111.78,222.90,1,1900,300/300/300/300/300/300
1700000079.100000,1,300,300,111.85,49.73,0,1900,300/300/300/300/300/300
1700000079.150000,1,300,300,111.92,48.96,0,1900,300/300/300/300/300/300
1700000079.200000,1,300,300,112.00,280.01,1,1906,300/300/300/300/300/300
1700000079.250000,1,300,300,112.09,49.98,0,1906,300/300/300/300/300/300
1700000079.300000,1,300,300,112.16,46.97,0,1906,300/300/300/300/300/300
1700000079.350000,1,300,300,112.23,284.00,1,1938,300/300/300/300/300/300
1700000079.400000,1,300,300,112.31,48.19,0,1938,300/300/300/300/300/300
1700000079.450000,1,300,300,112.34,49.56,0,1938,300/300/300/300/300/300
1700000079.500000,1,300,300,112.36,348.91,1,1942,300/300/300/300/300/300
1700000079.550000,1,300,300,112.39,48.07,0,1942,300/300/300/300/300/300
1700000079.600000,1,300,300,112.43,48.42,0,1942,300/300/300/300/300/300
1700000079.650000,1,300,300,112.45,214.47,1,1945,300/300/300/300/300/300
1700000079.700000,1,300,300,112.48,49.54,0,1945,300/300/300/300/300/300
1700000079.750000,1,300,300,112.52,50.30,0,1945,300/300/300/300/300/300
1700000079.800000,1,300,300,112.56,172.47,1,1948,300/300/300/300/300/300
1700000079.850000,1,300,300,112.58,48.53,0,1948,300/300/300/300/300/300
1700000079.900000,1,300,300,112.64,47.65,0,1948,300/300/300/300/300/300
1700000079.950000,1,300,300,112.66,356.38,1,1982,300/300/300/300/300/300
1700000080.000000,1,300,300,112.71,47.41,0,1982,300/300/300/300/300/300
1700000080.050000,1,300,300,112.75,47.18,0,1982,300/300/300/300/300/300
1700000080.100000,1,300,300,112.80,283.84,1,1961,300/300/300/300/300/300
1700000080.150000,1,300,300,112.84,48.99,0,1961,300/300/300/300/300/300
1700000080.200000,1,300,300,112.90,46.58,0,1961,300/300/300/300/300/300
1700000080.250000,1,300,300,112.94,173.83,1,1994,300/300/300/300/300/300
1700000080.300000,1,300,300,113.00,48.26,0,1994,300/300/300/300/300/300
1700000080.350000,1,300,300,113.07,47.20,0,1994,300/300/300/300/300/300
1700000080.400000,1,300,300,113.14,286.75,1,1985,300/300/300/300/300/300
1700000080.450000,1,300,300,113.20,47.02,0,1985,300/300/300/300/300/300
1700000080.500000,1,300,300,113.26,51.13,0,1985,300/300/300/300/300/300
1700000080.550000,1,300,300,113.33,281.74,1,2013,300/300/300/300/300/300
1700000080.600000,1,300,300,113.39,47.63,0,2013,300/300/300/300/300/300
1700000080.650000,1,300,300,113.42,47.93,0,2013,300/300/300/300/300/300
1700000080.700000,1,300,300,113.45,210.60,1,2030,300/300/300/300/300/300
1700000080.750000,1,300,300,113.47,49.48,0,2030,300/300/300/300/300/300
1700000080.800000,1,300,300,113.42,51.33,0,2030,300/300/300/300/300/300
1700000080.850000,1,300,300,113.36,204.02,1,2036,300/300/300/300/300/300
1700000080.900000,1,300,300,113.27,48.30,0,2036,300/300/300/300/300/300
1700000080.950000,1,300,300,113.15,48.39,0,2036,300/300/300/300/300/300
1700000081.000000,1,300,300,113.01,290.72,1,2065,300/300/300/300/300/300
1700000081.050000,1,300,300,112.87,52.89,0,2065,300/300/300/300/300/300
1700000081.100000,1,300,300,112.71,49.17,0,2065,300/300/300/300/300/300
1700000081.150000,1,300,300,112.57,279.71,1,2072,300/300/300/300/300/300
1700000081.200000,1,300,300,112.57,51.02,0,2072,300/300/300/300/300/300
1700000081.250000,1,300,300,112.60,49.57,0,2072,300/300/300/300/300/300
1700000081.300000,1,300,300,112.65,205.82,1,2110,300/300/300/300/300/300
1700000081.350000,1,300,300,112.76,50.54,0,2110,300/300/300/300/300/300
1700000081.400000,1,300,300,112.91,51.96,0,2110,300/300/300/300/300/300
1700000081.450000,1,300,300,113.06,344.99,1,2122,300/300/300/300/300/300
1700000081.500000,1,300,300,113.17,53.15,0,2122,300/300/300/300/300/300
1700000081.550000,1,300,300,113.25,52.60,0,2122,300/300/300/300/300/300
1700000081.600000,1,300,300,113.29,212.04,1,2185,300/300/300/300/300/300
1700000081.650000,1,300,300,113.32,51.97,0,2185,300/300/300/300/300/300
1700000081.700000,1,300,300,113.39,54.19,0,2185,300/300/300/300/300/300
1700000081.750000,1,300,300,113.44,240.81,1,2243,300/300/300/300/300/300
1700000081.800000,1,300,300,113.49,52.54,0,2243,300/300/300/300/300/300
1700000081.850000,1,300,300,113.56,54.28,0,2243,300/300/300/300/300/300
1700000081.900000,1,300,300,113.64,264.32,1,2288,300/300/300/300/300/300
1700000081.950000,1,300,300,113.78,55.56,0,2288,300/300/300/300/300/300
1700000082.000000,1,300,300,113.94,55.39,0,2288,300/300/300/300/300/300
1700000082.050000,1,300,300,114.08,256.66,1,2313,300/300/300/300/300/300
1700000082.100000,1,300,300,114.21,53.96,0,2313,300/300/300/300/300/300
1700000082.150000,1,300,300,114.45,54.61,0,2313,300/300/300/300/300/300
1700000082.200000,1,300,300,114.80,262.21,1,2354,300/300/300/300/300/300
1700000082.250000,1,300,300,115.21,56.31,0,2354,300/300/300/300/300/300
1700000082.300000,1,300,300,115.70,53.05,0,2354,300/300/300/300/300/300
1700000082.350000,1,300,300,116.18,428.48,1,2399,300/300/300/300/300/300
1700000082.400000,1,300,300,116.63,55.46,0,2399,300/300/300/300/300/300
1700000082.450000,1,300,300,116.98,53.60,0,2399,300/300/300/300/300/300
1700000082.500000,1,300,300,117.35,255.29,1,2465,300/300/300/300/300/300
1700000082.550000,1,300,300,117.65,55.87,0,2465,300/300/300/300/300/300
1700000082.600000,1,300,300,117.82,52.12,0,2465,300/300/300/300/300/300
1700000082.650000,1,300,300,117.91,207.26,1,2528,300/300/300/300/300/300
1700000082.700000,1,300,300,117.92,52.11,0,2528,300/300/300/300/300/300
1700000082.750000,1,300,300,117.88,50.13,0,2528,300/300/300/300/300/300
1700000082.800000,1,300,300,117.82,294.34,1,2579,300/300/300/300/300/300
1700000082.850000,1,300,300,117.79,50.61,0,2579,300/300/300/300/300/300
1700000082.900000,1,300,300,117.80,50.35,0,2579,300/300/300/300/300/300
1700000082.950000,1,300,300,117.82,348.78,1,2607,300/300/300/300/300/300
1700000083.000000,1,300,300,117.86,50.89,0,2607,300/300/300/300/300/300
1700000083.050000,1,300,300,117.83,51.77,0,2607,300/300/300/300/300/300
1700000083.100000,1,300,300,117.80,330.86,1,2638,300/300/300/300/300/300
1700000083.150000,1,300,300,117.78,49.85,0,2638,300/300/300/300/300/300
1700000083.200000,1,300,300,117.72,47.72,0,2638,300/300/300/300/300/300
1700000083.250000,1,300,300,117.65,287.74,1,2673,300/300/300/300/300/300
1700000083.300000,1,300,300,117.55,52.10,0,2673,300/300/300/300/300/300
1700000083.350000,1,300,300,117.45,47.67,0,2673,300/300/300/300/300/300
1700000083.400000,1,300,300,117.37,253.97,1,2697,300/300/300/300/300/300
1700000083.450000,1,300,300,117.30,48.62,0,2697,300/300/300/300/300/300
1700000083.500000,1,300,300,117.22,48.28,0,2697,300/300/300/300/300/300
1700000083.550000,1,300,300,117.14,209.99,1,2706,300/300/300/300/300/300
1700000083.600000,1,300,300,117.04,48.54,0,2706,300/300/300/300/300/300
1700000083.650000,1,300,300,116.97,45.41,0,2706,300/300/300/300/300/300
1700000083.700000,1,300,300,116.88,298.51,1,2687,300/300/300/300/300/300
1700000083.750000,1,300,300,116.80,47.27,0,2687,300/300/300/300/300/300
1700000083.800000,1,300,300,116.73,45.79,0,2687,300/300/300/300/300/300
1700000083.850000,1,300,300,116.64,180.10,1,2680,300/300/300/300/300/300
1700000083.900000,1,300,300,116.56,47.71,0,2680,300/300/300/300/300/300
1700000083.950000,1,300,300,116.48,48.37,0,2680,300/300/300/300/300/300
1700000084.000000,1,300,300,116.41,302.62,1,2615,300/300/300/300/300/300
1700000084.050000,1,300,300,116.33,47.19,0,2615,300/300/300/300/300/300
1700000084.100000,1,300,300,116.25,48.84,0,2615,300/300/300/300/300/300
1700000084.150000,1,300,300,116.16,301.51,1,2596,300/300/300/300/300/300
1700000084.200000,1,300,300,116.09,46.63,0,2596,300/300/300/300/300/300
1700000084.250000,1,300,300,115.98,46.53,0,2596,300/300/300/300/300/300
1700000084.300000,1,300,300,115.89,338.14,1,2553,300/300/300/300/300/300
1700000084.350000,1,300,300,115.81,48.48,0,2553,300/300/300/300/300/300
1700000084.400000,1,300,300,115.70,46.66,0,2553,300/300/300/300/300/300
1700000084.450000,1,300,300,115.62,225.39,1,2532,300/300/300/300/300/300
1700000084.500000,1,300,300,115.57,48.15,0,2532,300/300/300/300/300/300
1700000084.550000,1,300,300,115.54,47.98,0,2532,300/300/300/300/300/300
1700000084.600000,1,300,300,115.52,270.04,1,2472,300/300/300/300/300/300
1700000084.650000,1,300,300,115.52,50.79,0,2472,300/300/300/300/300/300
1700000084.700000,1,300,300,115.50,48.20,0,2472,300/300/300/300/300/300
1700000084.750000,1,300,300,115.51,363.06,1,2430,300/300/300/300/300/300
1700000084.800000,1,300,300,115.51,46.46,0,2430,300/300/300/300/300/300
1700000084.850000,1,300,300,115.53,48.60,0,2430,300/300/300/300/300/300
1700000084.900000,1,300,300,115.55,235.76,1,2374,300/300/300/300/300/300
1700000084.950000,1,300,300,115.58,49.21,0,2374,300/300/300/300/300/300
1700000085.000000,1,300,300,115.61,46.87,0,2374,300/300/300/300/300/300
1700000085.050000,1,300,300,115.63,339.58,1,2332,300/300/300/300/300/300
1700000085.100000,1,300,300,115.67,48.93,0,2332,300/300/300/300/300/300
1700000085.150000,1,300,300,115.68,45.19,0,2332,300/300/300/300/300/300
1700000085.200000,1,300,300,115.71,361.01,1,2278,300/300/300/300/300/300
1700000085.250000,1,300,300,115.72,46.83,0,2278,300/300/300/300/300/300
1700000085.300000,1,300,300,115.74,49.49,0,2278,300/300/300/300/300/300
1700000085.350000,1,300,300,115.72,410.03,1,2213,300/300/300/300/300/300
1700000085.400000,1,300,300,115.73,49.29,0,2213,300/300/300/300/300/300
1700000085.450000,1,300,300,115.72,49.68,0,2213,300/300/300/300/300/300
1700000085.500000,1,300,300,115.69,365.57,1,2179,300/300/300/300/300/300
1700000085.550000,1,300,300,115.71,48.41,0,2179,300/300/300/300/300/300
1700000085.600000,1,300,300,115.75,48.32,0,2179,300/300/300/300/300/300
1700000085.650000,1,300,300,115.77,248.08,1,2129,300/300/300/300/300/300
1700000085.700000,1,300,300,115.79,48.34,0,2129,300/300/300/300/300/300
1700000085.750000,1,300,300,115.84,47.21,0,2129,300/300/300/300/300/300
1700000085.800000,1,300,300,115.86,386.27,1,2074,300/300/300/300/300/300
1700000085.850000,1,300,300,115.91,47.20,0,2074,300/300/300/300/300/300
1700000085.900000,1,300,300,115.96,46.76,0,2074,300/300/300/300/300/300
1700000085.950000,1,300,300,116.04,280.50,1,2024,300/300/300/300/300/300
1700000086.000000,1,300,300,116.12,48.59,0,2024,300/300/300/300/300/300
1700000086.050000,1,300,300,116.20,47.55,0,2024,300/300/300/300/300/300
1700000086.100000,1,300,300,116.26,244.49,1,1977,300/300/300/300/300/300
1700000086.150000,1,300,300,116.19,47.78,0,1977,300/300/300/300/300/300
1700000086.200000,1,300,300,116.11,47.05,0,1977,300/300/300/300/300/300
1700000086.250000,1,300,300,116.01,291.01,1,1914,300/300/300/300/300/300
1700000086.300000,1,300,300,115.90,45.86,0,1914,300/300/300/300/300/300
1700000086.350000,1,300,300,115.78,47.80,0,1914,300/300/300/300/300/300
1700000086.400000,1,300,300,115.68,276.17,1,1879,300/300/300/300/300/300
1700000086.450000,1,300,300,115.58,46.55,0,1879,300/300/300/300/300/300
1700000086.500000,1,300,300,115.50,49.12,0,1879,300/300/300/300/300/300
1700000086.550000,1,300,300,115.42,278.76,1,1839,300/300/300/300/300/300
1700000086.600000,1,300,300,115.38,48.28,0,1839,300/300/300/300/300/300
1700000086.650000,1,300,300,115.34,50.60,0,1839,300/300/300/300/300/300
1700000086.700000,1,300,300,115.27,365.50,1,1794,300/300/300/300/300/300
1700000086.750000,1,300,300,115.22,47.78,0,1794,300/300/300/300/300/300
1700000086.800000,1,300,300,115.14,46.28,0,1794,300/300/300/300/300/300
1700000086.850000,1,300,300,115.05,173.19,1,1783,300/300/300/300/300/300
1700000086.900000,1,300,300,114.97,48.94,0,1783,300/300/300/300/300/300
1700000086.950000,1,300,300,114.89,47.10,0,1783,300/300/300/300/300/300
1700000087.000000,1,300,300,114.81,254.48,1,1750,300/300/300/300/300/300
1700000087.050000,1,300,300,114.73,48.19,0,1750,300/300/300/300/300/300
1700000087.100000,1,300,300,114.66,45.46,0,1750,300/300/300/300/300/300
1700000087.150000,1,300,300,114.58,283.97,1,1728,300/300/300/300/300/300
1700000087.200000,1,300,300,114.48,46.02,0,1728,300/300/300/300/300/300
1700000087.250000,1,300,300,114.43,46.36,0,1728,300/300/300/300/300/300
1700000087.300000,1,300,300,114.34,256.85,1,1727,300/300/300/300/300/300
1700000087.350000,1,300,300,114.29,47.98,0,1727,300/300/300/300/300/300
1700000087.400000,1,300,300,114.20,48.62,0,1727,300/300/300/300/300/300
1700000087.450000,1,300,300,114.13,142.37,1,1705,300/300/300/300/300/300
1700000087.500000,1,300,300,114.04,48.53,0,1705,300/300/300/300/300/300
1700000087.550000,1,300,300,113.96,47.85,0,1705,300/300/300/300/300/300
1700000087.600000,1,300,300,113.87,227.36,1,1692,300/300/300/300/300/300
1700000087.650000,1,300,300,113.79,47.91,0,1692,300/300/300/300/300/300
1700000087.700000,1,300,300,113.72,47.25,0,1692,300/300/300/300/300/300
1700000087.750000,1,300,300,113.64,231.61,1,1707,300/300/300/300/300/300
1700000087.800000,1,300,300,113.58,46.93,0,1707,300/300/300/300/300/300
1700000087.850000,1,300,300,113.52,48.59,0,1707,300/300/300/300/300/300
1700000087.900000,1,300,300,113.45,313.08,1,1701,300/300/300/300/300/300
1700000087.950000,1,300,300,113.39,49.33,0,1701,300/300/300/300/300/300
1700000088.000000,1,300,300,113.31,49.80,0,1701,300/300/300/300/300/300
1700000088.050000,1,300,300,113.24,247.31,1,1709,300/300/300/300/300/300
1700000088.100000,1,300,300,113.18,47.93,0,1709,300/300/300/300/300/300
1700000088.150000,1,300,300,113.09,47.41,0,1709,300/300/300/300/300/300
1700000088.200000,1,300,300,113.06,272.60,1,1728,300/300/300/300/300/300
1700000088.250000,1,300,300,112.98,53.91,0,1728,300/300/300/300/300/300
1700000088.300000,1,300,300,112.94,47.93,0,1728,300/300/300/300/300/300
1700000088.350000,1,300,300,112.89,229.27,1,1749,300/300/300/300/300/300
1700000088.400000,1,300,300,112.86,48.75,0,1749,300/300/300/300/300/300
1700000088.450000,1,300,300,112.84,46.30,0,1749,300/300/300/300/300/300
1700000088.500000,1,300,300,112.79,169.47,1,1762,300/300/300/300/300/300
1700000088.550000,1,300,300,112.72,50.37,0,1762,300/300/300/300/300/300
1700000088.600000,1,300,300,112.68,48.83,0,1762,300/300/300/300/300/300
1700000088.650000,1,300,300,112.65,245.32,1,1788,300/300/300/300/300/300
1700000088.700000,1,300,300,112.59,48.85,0,1788,300/300/300/300/300/300
1700000088.750000,1,300,300,112.58,49.60,0,1788,300/300/300/300/300/300
1700000088.800000,1,300,300,112.62,250.84,1,1816,300/300/300/300/300/300
1700000088.850000,1,300,300,112.69,46.56,0,1816,300/300/300/300/300/300
1700000088.900000,1,300,300,112.71,50.31,0,1816,300/300/300/300/300/300
1700000088.950000,1,300,300,112.75,185.05,1,1848,300/300/300/300/300/300
1700000089.000000,1,300,300,112.82,47.85,0,1848,300/300/300/300/300/300
1700000089.050000,1,300,300,112.90,48.16,0,1848,300/300/300/300/300/300
1700000089.100000,1,300,300,112.99,270.09,1,1887,300/300/300/300/300/300
1700000089.150000,1,300,300,113.14,48.85,0,1887,300/300/300/300/300/300
1700000089.200000,1,300,300,113.27,49.24,0,1887,300/300/300/300/300/300
1700000089.250000,1,300,300,113.45,272.03,1,1895,300/300/300/300/300/300
1700000089.300000,1,300,300,113.67,48.01,0,1895,300/300/300/300/300/300
1700000089.350000,1,300,300,113.85,48.25,0,1895,300/300/300/300/300/300
1700000089.400000,1,300,300,114.03,280.88,1,1955,300/300/300/300/300/300
1700000089.450000,1,300,300,114.12,49.83,0,1955,300/300/300/300/300/300
1700000089.500000,1,300,300,114.21,45.39,0,1955,300/300/300/300/300/300
1700000089.550000,1,300,300,114.30,218.71,1,1983,300/300/300/300/300/300
1700000089.600000,1,300,300,114.45,47.73,0,1983,300/300/300/300/300/300
1700000089.650000,1,300,300,114.59,50.67,0,1983,300/300/300/300/300/300
1700000089.700000,1,300,300,114.70,282.19,1,2002,300/300/300/300/300/300
1700000089.750000,1,300,300,114.79,48.71,0,2002,300/300/300/300/300/300
1700000089.800000,1,300,300,114.87,47.62,0,2002,300/300/300/300/300/300
1700000089.850000,1,300,300,114.94,176.24,1,2008,300/300/300/300/300/300
1700000089.900000,1,300,300,114.96,49.51,0,2008,300/300/300/300/300/300
1700000089.950000,1,300,300,114.98,47.87,0,2008,300/300/300/300/300/300
1700000090.000000,1,300,300,115.05,178.97,1,2016,300/300/300/300/300/300
1700000090.050000,1,300,300,115.08,54.65,0,2016,300/300/300/300/300/300
1700000090.100000,1,300,300,115.14,47.48,0,2016,300/300/300/300/300/300
1700000090.150000,1,300,300,115.22,177.66,1,2027,300/300/300/300/300/300
1700000090.200000,1,300,300,115.34,48.01,0,2027,300/300/300/300/300/300
1700000090.250000,1,300,300,115.44,45.83,0,2027,300/300/300/300/300/300
1700000090.300000,1,300,300,115.52,177.09,1,2016,300/300/300/300/300/300
1700000090.350000,1,300,300,115.59,46.82,0,2016,300/300/300/300/300/300
1700000090.400000,1,300,300,115.67,48.42,0,2016,300/300/300/300/300/300
1700000090.450000,1,300,300,115.74,295.61,1,2008,300/300/300/300/300/300
1700000090.500000,1,300,300,115.83,47.08,0,2008,300/300/300/300/300/300
1700000090.550000,1,300,300,115.89,46.30,0,2008,300/300/300/300/300/300
1700000090.600000,1,300,300,115.96,176.55,1,1982,300/300/300/300/300/300
1700000090.650000,1,300,300,116.04,45.71,0,1982,300/300/300/300/300/300
1700000090.700000,1,300,300,116.12,44.94,0,1982,300/300/300/300/300/300
1700000090.750000,1,300,300,116.19,296.44,1,1970,300/300/300/300/300/300
1700000090.800000,1,300,300,116.26,47.92,0,1970,300/300/300/300/300/300
1700000090.850000,1,300,300,116.35,45.76,0,1970,300/300/300/300/300/300
1700000090.900000,1,300,300,116.41,295.02,1,1907,300/300/300/300/300/300
1700000090.950000,1,300,300,116.49,51.19,0,1907,300/300/300/300/300/300
1700000091.000000,1,300,300,116.55,47.05,0,1907,300/300/300/300/300/300
1700000091.050000,1,300,300,116.63,303.14,1,1887,300/300/300/300/300/300
1700000091.100000,1,300,300,116.67,47.93,0,1887,300/300/300/300/300/300
1700000091.150000,1,300,300,116.72,46.42,0,1887,300/300/300/300/300/300
1700000091.200000,1,300,300,116.77,239.37,1,1868,300/300/300/300/300/300
1700000091.250000,1,300,300,116.83,45.10,0,1868,300/300/300/300/300/300
1700000091.300000,1,300,300,116.88,44.49,0,1868,300/300/300/300/300/300
1700000091.350000,1,300,300,116.92,321.53,1,1837,300/300/300/300/300/300
1700000091.400000,1,300,300,116.97,44.94,0,1837,300/300/300/300/300/300
1700000091.450000,1,300,300,117.00,44.21,0,1837,300/300/300/300/300/300
1700000091.500000,1,300,300,117.03,270.27,1,1817,300/300/300/300/300/300
1700000091.550000,1,300,300,117.05,45.44,0,1817,300/300/300/300/300/300
1700000091.600000,1,300,300,117.08,44.90,0,1817,300/300/300/300/300/300
1700000091.650000,1,300,300,117.10,270.32,1,1793,300/300/300/300/300/300
1700000091.700000,1,300,300,117.12,46.44,0,1793,300/300/300/300/300/300
1700000091.750000,1,300,300,117.14,45.31,0,1793,300/300/300/300/300/300
1700000091.800000,1,300,300,117.14,159.25,1,1785,300/300/300/300/300/300
1700000091.850000,1,300,300,117.14,48.12,0,1785,300/300/300/300/300/300
1700000091.900000,1,300,300,117.15,46.51,0,1785,300/300/300/300/300/300
1700000091.950000,1,300,300,117.16,189.62,1,1787,300/300/300/300/300/300
1700000092.000000,1,300,300,117.16,45.43,0,1787,300/300/300/300/300/300
1700000092.050000,1,300,300,117.16,45.38,0,1787,300/300/300/300/300/300
1700000092.100000,1,300,300,117.17,165.96,1,1794,300/300/300/300/300/300
1700000092.150000,1,300,300,117.15,48.05,0,1794,300/300/300/300/300/300
1700000092.200000,1,300,300,117.16,48.51,0,1794,300/300/300/300/300/300
1700000092.250000,1,300,300,117.15,297.55,1,1781,300/300/300/300/300/300
1700000092.300000,1,300,300,117.14,48.51,0,1781,300/300/300/300/300/300
1700000092.350000,1,300,300,117.13,45.23,0,1781,300/300/300/300/300/300
1700000092.400000,1,300,300,117.12,164.23,1,1792,300/300/300/300/300/300
1700000092.450000,1,300,300,117.10,54.45,0,1792,300/300/300/300/300/300
1700000092.500000,1,300,300,117.09,45.96,0,1792,300/300/300/300/300/300
1700000092.550000,1,300,300,117.07,166.30,1,1787,300/300/300/300/300/300
1700000092.600000,1,300,300,117.06,45.52,0,1787,300/300/300/300/300/300
1700000092.650000,1,300,300,117.04,45.77,0,1787,300/300/300/300/300/300
1700000092.700000,1,300,300,117.02,286.21,1,1788,300/300/300/300/300/300
1700000092.750000,1,300,300,117.00,46.28,0,1788,300/300/300/300/300/300
1700000092.800000,1,300,300,116.98,46.34,0,1788,300/300/300/300/300/300
1700000092.850000,1,300,300,116.96,315.33,1,1776,300/300/300/300/300/300
1700000092.900000,1,300,300,116.97,45.16,0,1776,300/300/300/300/300/300
1700000092.950000,1,300,300,116.97,45.02,0,1776,300/300/300/300/300/300
1700000093.000000,1,300,300,116.95,315.56,1,1769,300/300/300/300/300/300
1700000093.050000,1,300,300,116.94,44.46,0,1769,300/300/300/300/300/300
1700000093.100000,1,300,300,116.93,45.35,0,1769,300/300/300/300/300/300
1700000093.150000,1,300,300,116.92,387.83,1,1751,300/300/300/300/300/300
1700000093.200000,1,300,300,116.91,45.76,0,1751,300/300/300/300/300/300
1700000093.250000,1,300,300,116.89,45.92,0,1751,300/300/300/300/300/300
1700000093.300000,1,300,300,116.89,250.49,1,1748,300/300/300/300/300/300
1700000093.350000,1,300,300,116.88,46.93,0,1748,300/300/300/300/300/300
1700000093.400000,1,300,300,116.89,47.05,0,1748,300/300/300/300/300/300
1700000093.450000,1,300,300,116.88,284.45,1,1696,300/300/300/300/300/300
1700000093.500000,1,300,300,116.88,48.50,0,1696,300/300/300/300/300/300
1700000093.550000,1,300,300,116.88,47.59,0,1696,300/300/300/300/300/300
1700000093.600000,1,300,300,116.88,380.89,1,1676,300/300/300/300/300/300
1700000093.650000,1,300,300,116.89,45.47,0,1676,300/300/300/300/300/300
1700000093.700000,1,300,300,116.91,46.23,0,1676,300/300/300/300/300/300
1700000093.750000,1,300,300,116.92,219.63,1,1659,300/300/300/300/300/300
1700000093.800000,1,300,300,116.95,46.24,0,1659,300/300/300/300/300/300
1700000093.850000,1,300,300,116.96,46.54,0,1659,300/300/300/300/300/300
1700000093.900000,1,300,300,116.97,214.49,1,1662,300/300/300/300/300/300
1700000093.950000,1,300,300,116.99,46.72,0,1662,300/300/300/300/300/300
1700000094.000000,1,300,300,117.01,45.28,0,1662,300/300/300/300/300/300
1700000094.050000,1,300,300,117.03,268.82,1,1649,300/300/300/300/300/300
1700000094.100000,1,300,300,117.06,47.83,0,1649,300/300/300/300/300/300
1700000094.150000,1,300,300,117.09,46.82,0,1649,300/300/300/300/300/300
1700000094.200000,1,300,300,117.11,260.44,1,1629,300/300/300/300/300/300
1700000094.250000,1,300,300,117.13,46.53,0,1629,300/300/300/300/300/300
1700000094.300000,1,300,300,117.15,45.74,0,1629,300/300/300/300/300/300
1700000094.350000,1,300,300,117.16,311.38,1,1657,300/300/300/300/300/300
1700000094.400000,1,300,300,117.18,46.56,0,1657,300/300/300/300/300/300
1700000094.450000,1,300,300,117.20,46.30,0,1657,300/300/300/300/300/300
1700000094.500000,1,300,300,117.20,264.37,1,1652,300/300/300/300/300/300
1700000094.550000,1,300,300,117.23,46.68,0,1652,300/300/300/300/300/300
1700000094.600000,1,300,300,117.23,48.05,0,1652,300/300/300/300/300/300
1700000094.650000,1,300,300,117.26,268.53,1,1640,300/300/300/300/300/300
1700000094.700000,1,300,300,117.29,55.32,0,1640,300/300/300/300/300/300
1700000094.750000,1,300,300,117.29,46.16,0,1640,300/300/300/300/300/300
1700000094.800000,1,300,300,117.31,269.77,1,1644,300/300/300/300/300/300
1700000094.850000,1,300,300,117.33,50.30,0,1644,300/300/300/300/300/300
1700000094.900000,1,300,300,117.34,46.95,0,1644,300/300/300/300/300/300
1700000094.950000,1,300,300,117.37,183.86,1,1659,300/300/300/300/300/300
1700000095.000000,1,300,300,117.39,48.99,0,1659,300/300/300/300/300/300
1700000095.050000,1,300,300,117.42,45.77,0,1659,300/300/300/300/300/300
1700000095.100000,1,300,300,117.46,219.62,1,1661,300/300/300/300/300/300
1700000095.150000,1,300,300,117.48,45.57,0,1661,300/300/300/300/300/300
1700000095.200000,1,300,300,117.50,47.71,0,1661,300/300/300/300/300/300
1700000095.250000,1,300,300,117.51,211.68,1,1652,300/300/300/300/300/300
1700000095.300000,1,300,300,117.54,47.32,0,1652,300/300/300/300/300/300
1700000095.350000,1,300,300,117.56,46.95,0,1652,300/300/300/300/300/300
1700000095.400000,1,300,300,117.58,305.76,1,1657,300/300/300/300/300/300
1700000095.450000,1,300,300,117.59,49.49,0,1657,300/300/300/300/300/300
1700000095.500000,1,300,300,117.59,47.68,0,1657,300/300/300/300/300/300
1700000095.550000,1,300,300,117.61,178.78,1,1669,300/300/300/300/300/300
1700000095.600000,1,300,300,117.60,46.54,0,1669,300/300/300/300/300/300
1700000095.650000,1,300,300,117.60,46.97,0,1669,300/300/300/300/300/300
1700000095.700000,1,300,300,117.59,221.94,1,1686,300/300/300/300/300/300
1700000095.750000,1,300,300,117.60,46.18,0,1686,300/300/300/300/300/300
1700000095.800000,1,300,300,117.60,47.73,0,1686,300/300/300/300/300/300
1700000095.850000,1,300,300,117.60,241.23,1,1666,300/300/300/300/300/300
1700000095.900000,1,300,300,117.59,47.10,0,1666,300/300/300/300/300/300
1700000095.950000,1,300,300,117.61,47.79,0,1666,300/300/300/300/300/300
1700000096.000000,1,300,300,117.61,261.09,1,1660,300/300/300/300/300/300
1700000096.050000,1,300,300,117.61,45.56,0,1660,300/300/300/300/300/300
1700000096.100000,1,300,300,117.63,47.39,0,1660,300/300/300/300/300/300
1700000096.150000,1,300,300,117.63,217.88,1,1649,300/300/300/300/300/300
1700000096.200000,1,300,300,117.64,47.83,0,1649,300/300/300/300/300/300
1700000096.250000,1,300,300,117.64,45.74,0,1649,300/300/300/300/300/300
1700000096.300000,1,300,300,117.65,232.55,1,1644,300/300/300/300/300/300
1700000096.350000,1,300,300,117.64,47.33,0,1644,300/300/300/300/300/300
1700000096.400000,1,300,300,117.62,46.15,0,1644,300/300/300/300/300/300
1700000096.450000,1,300,300,117.62,283.70,1,1621,300/300/300/300/300/300
1700000096.500000,1,300,300,117.60,47.97,0,1621,300/300/300/300/300/300
1700000096.550000,1,300,300,117.59,47.62,0,1621,300/300/300/300/300/300
1700000096.600000,1,300,300,117.58,289.68,1,1618,300/300/300/300/300/300
1700000096.650000,1,300,300,117.56,48.21,0,1618,300/300/300/300/300/300
1700000096.700000,1,300,300,117.56,48.55,0,1618,300/300/300/300/300/300
1700000096.750000,1,300,300,117.54,268.59,1,1601,300/300/300/300/300/300
1700000096.800000,1,300,300,117.52,48.40,0,1601,300/300/300/300/300/300
1700000096.850000,1,300,300,117.50,46.31,0,1601,300/300/300/300/300/300
1700000096.900000,1,300,300,117.47,193.19,1,1618,300/300/300/300/300/300
1700000096.950000,1,300,300,117.43,49.68,0,1618,300/300/300/300/300/300
1700000097.000000,1,300,300,117.42,47.39,0,1618,300/300/300/300/300/300
1700000097.050000,1,300,300,117.39,163.83,1,1623,300/300/300/300/300/300
1700000097.100000,1,300,300,117.36,50.06,0,1623,300/300/300/300/300/300
1700000097.150000,1,300,300,117.31,49.09,0,1623,300/300/300/300/300/300
1700000097.200000,1,300,300,117.26,221.75,1,1622,300/300/300/300/300/300
1700000097.250000,1,300,300,117.24,51.02,0,1622,300/300/300/300/300/300
1700000097.300000,1,300,300,117.19,47.96,0,1622,300/300/300/300/300/300
1700000097.350000,1,300,300,117.14,162.29,1,1626,300/300/300/300/300/300
1700000097.400000,1,300,300,117.10,46.29,0,1626,300/300/300/300/300/300
1700000097.450000,1,300,300,117.07,47.54,0,1626,300/300/300/300/300/300
1700000097.500000,1,300,300,117.03,224.98,1,1646,300/300/300/300/300/300
1700000097.550000,1,300,300,116.99,49.27,0,1646,300/300/300/300/300/300
1700000097.600000,1,300,300,116.94,46.37,0,1646,300/300/300/300/300/300
1700000097.650000,1,300,300,116.91,274.68,1,1642,300/300/300/300/300/300
1700000097.700000,1,300,300,116.85,49.27,0,1642,300/300/300/300/300/300
1700000097.750000,1,300,300,116.83,46.93,0,1642,300/300/300/300/300/300
1700000097.800000,1,300,300,116.78,222.16,1,1670,300/300/300/300/300/300
1700000097.850000,1,300,300,116.75,47.61,0,1670,300/300/300/300/300/300
1700000097.900000,1,300,300,116.72,47.31,0,1670,300/300/300/300/300/300
1700000097.950000,1,300,300,116.68,224.60,1,1668,300/300/300/300/300/300
1700000098.000000,1,300,300,116.63,48.47,0,1668,300/300/300/300/300/300
1700000098.050000,1,300,300,116.60,46.69,0,1668,300/300/300/300/300/300
1700000098.100000,1,300,300,116.55,456.27,1,1663,300/300/300/300/300/300
1700000098.150000,1,300,300,116.48,47.29,0,1663,300/300/300/300/300/300
1700000098.200000,1,300,300,116.44,48.28,0,1663,300/300/300/300/300/300
1700000098.250000,1,300,300,116.36,197.19,1,1668,300/300/300/300/300/300
1700000098.300000,1,300,300,116.29,49.43,0,1668,300/300/300/300/300/300
1700000098.350000,1,300,300,116.24,47.50,0,1668,300/300/300/300/300/300
1700000098.400000,1,300,300,116.19,284.69,1,1650,300/300/300/300/300/300
1700000098.450000,1,300,300,116.11,49.42,0,1650,300/300/300/300/300/300
1700000098.500000,1,300,300,116.02,48.69,0,1650,300/300/300/300/300/300
1700000098.550000,1,300,300,115.99,272.10,1,1678,300/300/300/300/300/300
1700000098.600000,1,300,300,115.90,48.42,0,1678,300/300/300/300/300/300
1700000098.650000,1,300,300,115.82,49.76,0,1678,300/300/300/300/300/300
1700000098.700000,1,300,300,115.73,163.86,1,1686,300/300/300/300/300/300
1700000098.750000,1,300,300,115.66,49.26,0,1686,300/300/300/300/300/300
1700000098.800000,1,300,300,115.56,49.12,0,1686,300/300/300/300/300/300
1700000098.850000,1,300,300,115.49,160.83,1,1668,300/300/300/300/300/300
1700000098.900000,1,300,300,115.40,49.00,0,1668,300/300/300/300/300/300
1700000098.950000,1,300,300,115.30,47.18,0,1668,300/300/300/300/300/300
1700000099.000000,1,300,300,115.22,161.01,1,1690,300/300/300/300/300/300
1700000099.050000,1,300,300,115.12,48.58,0,1690,300/300/300/300/300/300
1700000099.100000,1,300,300,114.99,47.44,0,1690,300/300/300/300/300/300
1700000099.150000,1,300,300,114.83,251.91,1,1689,300/300/300/300/300/300
1700000099.200000,1,300,300,114.60,48.03,0,1689,300/300/300/300/300/300
1700000099.250000,1,300,300,114.09,47.23,0,1689,300/300/300/300/300/300
1700000099.300000,1,300,300,113.50,264.22,1,1703,300/300/300/300/300/300
1700000099.350000,1,300,300,112.77,48.57,0,1703,300/300/300/300/300/300
1700000099.400000,1,300,300,112.10,46.30,0,1703,300/300/300/300/300/300
1700000099.450000,1,300,300,111.16,214.76,1,1684,300/300/300/300/300/300
1700000099.500000,1,300,300,110.23,48.52,0,1684,300/300/300/300/300/300
1700000099.550000,1,300,300,109.48,52.30,0,1684,300/300/300/300/300/300
1700000099.600000,1,300,300,109.29,262.87,1,1691,300/300/300/300/300/300
1700000099.650000,1,300,300,110.37,49.29,0,1691,300/300/300/300/300/300
1700000099.700000,1,300,300,114.07,54.48,0,1691,300/300/300/300/300/300
1700000099.750000,1,300,300,119.24,213.43,1,1708,300/300/300/300/300/300
1700000099.800000,1,300,300,117.45,51.96,0,1708,300/300/300/300/300/300
1700000099.850000,1,300,300,116.32,50.27,0,1708,300/300/300/283/300/300
1700000099.900000,1,300,300,114.69,259.45,1,1752,300/300/300/300/300/300
1700000099.950000,1,300,300,113.98,48.71,0,1752,300/300/300/300/300/300
1700000100.000000,1,300,300,113.37,48.61,0,1752,300/300/300/300/300/300
1700000100.050000,1,300,300,113.03,267.13,1,1773,300/300/300/300/300/300
1700000100.100000,1,300,300,112.71,96.69,0,1773,300/300/300/300/300/300
1700000100.150000,1,300,300,112.49,56.63,0,1773,300/300/300/300/300/300
1700000100.200000,1,300,300,112.43,266.00,1,1826,300/300/300/300/300/300
1700000100.250000,1,300,300,112.52,58.81,0,1826,300/300/300/300/300/300
1700000100.300000,1,300,300,112.66,54.04,0,1826,300/300/300/300/300/300
1700000100.350000,1,300,300,112.74,166.49,1,1845,300/300/300/300/300/300
1700000100.400000,1,300,300,112.80,54.98,0,1845,300/300/300/300/300/300
1700000100.450000,1,300,300,112.89,49.38,0,1845,300/300/300/300/300/300
1700000100.500000,1,300,300,112.99,167.91,1,1865,300/300/300/300/300/300
1700000100.550000,1,300,300,113.02,49.83,0,1865,300/300/300/300/300/300
1700000100.600000,1,300,300,112.99,49.89,0,1865,300/300/300/300/300/300
1700000100.650000,1,300,300,112.92,269.76,1,1883,300/300/300/300/300/300
1700000100.700000,1,300,300,112.86,48.49,0,1883,300/300/300/300/300/300
1700000100.750000,1,300,300,112.81,49.39,0,1883,300/300/300/300/300/300
1700000100.800000,1,300,300,112.76,274.73,1,1903,300/300/300/300/300/300
1700000100.850000,1,300,300,112.73,51.29,0,1903,300/300/300/300/300/300
1700000100.900000,1,300,300,112.73,50.25,0,1903,300/300/300/300/300/300
1700000100.950000,1,300,300,112.75,268.82,1,1873,300/300/300/300/300/300
1700000101.000000,1,300,300,112.75,52.84,0,1873,300/300/300/300/300/300
1700000101.050000,1,300,300,112.74,48.69,0,1873,300/300/300/300/300/300
1700000101.100000,1,300,300,112.76,167.64,1,1879,300/300/300/300/300/300
1700000101.150000,1,300,300,112.78,48.50,0,1879,300/300/300/300/300/300
1700000101.200000,1,300,300,112.85,48.31,0,1879,300/300/300/300/300/300
1700000101.250000,1,300,300,112.92,166.32,1,1868,300/300/300/300/300/300
1700000101.300000,1,300,300,113.01,46.34,0,1868,300/300/300/300/300/300
1700000101.350000,1,300,300,113.15,47.17,0,1868,300/300/300/300/300/300
1700000101.400000,1,300,300,113.33,194.47,1,1873,300/300/300/300/300/300
1700000101.450000,1,300,300,113.45,48.31,0,1873,300/300/300/300/300/300
1700000101.500000,1,300,300,113.47,49.28,0,1873,300/300/300/300/300/300
1700000101.550000,1,300,300,113.45,281.32,1,1850,300/300/300/300/300/300
1700000101.600000,1,300,300,113.37,49.88,0,1850,300/300/300/300/300/300
1700000101.650000,1,300,300,113.25,49.63,0,1850,300/300/300/300/300/300
1700000101.700000,1,300,300,113.12,279.00,1,1839,300/300/300/300/300/300
1700000101.750000,1,300,300,113.06,50.76,0,1839,300/300/300/300/300/300
1700000101.800000,1,300,300,113.02,46.93,0,1839,300/300/300/300/300/300
1700000101.850000,1,300,300,112.99,279.52,1,1804,300/300/300/300/300/300
1700000101.900000,1,300,300,112.95,47.55,0,1804,300/300/300/300/300/300
1700000101.950000,1,300,300,112.90,46.64,0,1804,300/300/300/300/300/300
1700000102.000000,1,300,300,112.88,275.14,1,1795,300/300/300/300/300/300
1700000102.050000,1,300,300,112.87,48.32,0,1795,300/300/300/300/300/300
1700000102.100000,1,300,300,112.84,47.23,0,1795,300/300/300/300/300/300
1700000102.150000,1,300,300,112.85,198.75,1,1789,300/300/300/300/300/300
1700000102.200000,1,300,300,112.85,50.82,0,1789,300/300/300/300/300/300
1700000102.250000,1,300,300,112.88,47.26,0,1789,300/300/300/300/300/300
1700000102.300000,1,300,300,112.89,239.68,1,1778,300/300/300/300/300/300
1700000102.350000,1,300,300,112.88,47.21,0,1778,300/300/300/300/300/300
1700000102.400000,1,300,300,112.83,46.46,0,1778,300/300/300/300/300/300
1700000102.450000,1,300,300,112.77,242.17,1,1769,300/300/300/300/300/300
1700000102.500000,1,300,300,112.71,47.07,0,1769,300/300/300/300/300/300
1700000102.550000,1,300,300,112.62,48.34,0,1769,300/300/300/300/300/300
1700000102.600000,1,300,300,112.52,243.08,1,1741,300/300/300/300/300/300
1700000102.650000,1,300,300,112.42,48.21,0,1741,300/300/300/300/300/300
1700000102.700000,1,300,300,112.29,46.71,0,1741,300/300/300/300/300/300
1700000102.750000,1,300,300,112.17,276.59,1,1739,300/300/300/300/300/300
1700000102.800000,1,300,300,112.02,49.15,0,1739,300/300/300/300/300/300
1700000102.850000,1,300,300,111.87,46.78,0,1739,300/300/300/300/300/300
1700000102.900000,1,300,300,111.76,239.40,1,1732,300/300/300/300/300/300
1700000102.950000,1,300,300,111.61,48.48,0,1732,300/300/300/300/300/300
1700000103.000000,1,300,300,111.44,46.90,0,1732,300/300/300/300/300/300
1700000103.050000,1,300,300,111.28,237.59,1,1727,300/300/300/300/300/300
1700000103.100000,1,300,300,111.13,48.08,0,1727,300/300/300/300/300/300
1700000103.150000,1,300,300,111.02,45.00,0,1727,300/300/300/300/300/300
1700000103.200000,1,300,300,110.95,313.25,1,1719,300/300/300/300/300/300
1700000103.250000,1,300,300,110.91,47.93,0,1719,300/300/300/300/300/300
1700000103.300000,1,300,300,110.86,48.31,0,1719,300/300/300/300/300/300
1700000103.350000,1,300,300,110.84,277.77,1,1706,300/300/300/300/300/300
1700000103.400000,1,300,300,110.80,50.75,0,1706,300/300/300/300/300/300
1700000103.450000,1,300,300,110.76,47.59,0,1706,300/300/300/300/300/300
1700000103.500000,1,300,300,110.74,325.02,1,1697,300/300/300/300/300/300
1700000103.550000,1,300,300,110.73,49.03,0,1697,300/300/300/300/300/300
1700000103.600000,1,300,300,110.73,48.35,0,1697,300/300/300/300/300/300
1700000103.650000,1,300,300,110.74,240.01,1,1678,300/300/300/300/300/300
1700000103.700000,1,300,300,110.74,50.05,0,1678,300/300/300/300/300/300
1700000103.750000,1,300,300,110.76,47.60,0,1678,300/300/300/300/300/300
1700000103.800000,1,300,300,110.78,322.56,1,1646,300/300/300/300/300/300
1700000103.850000,1,300,300,110.80,46.88,0,1646,300/300/300/300/300/300
1700000103.900000,1,300,300,110.83,47.04,0,1646,300/300/300/300/300/300
1700000103.950000,1,300,300,110.86,238.54,1,1605,300/300/300/300/300/300
1700000104.000000,1,300,300,110.87,46.18,0,1605,300/300/300/300/300/300
1700000104.050000,1,300,300,110.87,46.68,0,1605,300/300/300/300/300/300
1700000104.100000,1,300,300,110.87,235.87,1,1577,300/300/300/300/300/300
1700000104.150000,1,300,300,110.87,47.21,0,1577,300/300/300/300/300/300
1700000104.200000,1,300,300,110.86,45.21,0,1577,300/300/300/300/300/300
1700000104.250000,1,300,300,110.86,270.76,1,1530,300/300/300/300/300/300
1700000104.300000,1,300,300,110.85,46.52,0,1530,300/300/300/300/300/300
1700000104.350000,1,300,300,110.85,47.08,0,1530,300/300/300/300/300/300
1700000104.400000,1,300,300,110.84,228.44,1,1514,300/300/300/300/300/300
1700000104.450000,1,300,300,110.84,45.86,0,1514,300/300/300/300/300/300
1700000104.500000,1,300,300,110.84,46.14,0,1514,300/300/300/300/300/300
1700000104.550000,1,300,300,110.85,223.33,1,1482,300/300/300/300/300/300
1700000104.600000,1,300,300,110.84,47.06,0,1482,300/300/300/300/300/300
1700000104.650000,1,300,300,110.83,46.30,0,1482,300/300/300/300/300/300
1700000104.700000,1,300,300,110.82,223.31,1,1467,300/300/300/300/300/300
1700000104.750000,1,300,300,110.82,45.75,0,1467,300/300/300/300/300/300
1700000104.800000,1,300,300,110.81,46.15,0,1467,300/300/300/300/300/300
1700000104.850000,1,300,300,110.81,219.13,1,1450,300/300/300/300/300/300
1700000104.900000,1,300,300,110.79,45.87,0,1450,300/300/300/300/300/300
1700000104.950000,1,300,300,110.80,46.82,0,1450,300/300/300/300/300/300
1700000105.000000,1,300,300,110.80,222.93,1,1462,300/300/300/300/300/300
1700000105.050000,1,300,300,110.79,45.88,0,1462,300/300/300/300/300/300
1700000105.100000,1,300,300,110.78,45.41,0,1462,300/300/300/300/300/300
1700000105.150000,1,300,300,110.78,220.75,1,1438,300/300/300/300/300/300
1700000105.200000,1,300,300,110.76,45.29,0,1438,300/300/300/300/300/300
1700000105.250000,1,300,300,110.76,45.89,0,1438,300/300/300/300/300/300
1700000105.300000,1,300,300,110.76,219.79,1,1442,300/300/300/300/300/300
1700000105.350000,1,300,300,110.76,46.52,0,1442,300/300/300/300/300/300
1700000105.400000,1,300,300,110.76,45.68,0,1442,300/300/300/300/300/300
1700000105.450000,1,300,300,110.76,217.67,1,1412,300/300/300/300/300/300
1700000105.500000,1,300,300,110.76,46.84,0,1412,300/300/300/300/300/300
1700000105.550000,1,300,300,110.78,45.37,0,1412,300/300/300/300/300/300
1700000105.600000,1,300,300,110.79,220.09,1,1419,300/300/300/300/300/300
1700000105.650000,1,300,300,110.81,46.73,0,1419,300/300/300/300/300/300
1700000105.700000,1,300,300,110.82,43.99,0,1419,300/300/300/300/300/300
1700000105.750000,1,300,300,110.83,221.65,1,1410,300/300/300/300/300/300
1700000105.800000,1,300,300,110.86,46.14,0,1410,300/300/300/300/300/300
1700000105.850000,1,300,300,110.88,49.62,0,1410,300/300/300/300/300/300
1700000105.900000,1,300,300,110.90,222.86,1,1383,300/300/300/300/300/300
1700000105.950000,1,300,300,110.92,46.72,0,1383,300/300/300/300/300/300
1700000106.000000,1,300,300,110.95,44.45,0,1383,300/300/300/300/300/300
1700000106.050000,1,300,300,110.95,362.15,1,1390,300/300/300/300/300/300
1700000106.100000,1,300,300,110.98,45.63,0,1390,300/300/300/300/300/300
1700000106.150000,1,300,300,111.02,44.57,0,1390,300/300/300/300/300/300
1700000106.200000,1,300,300,111.04,209.97,1,1363,300/300/300/300/300/300
1700000106.250000,1,300,300,111.07,45.96,0,1363,300/300/300/300/300/300
1700000106.300000,1,300,300,111.09,45.66,0,1363,300/300/300/300/300/300
1700000106.350000,1,300,300,111.12,223.62,1,1375,300/300/300/300/300/300
1700000106.400000,1,300,300,111.15,46.46,0,1375,300/300/300/300/300/300
1700000106.450000,1,300,300,111.17,46.11,0,1375,300/300/300/300/300/300
1700000106.500000,1,300,300,111.21,227.56,1,1367,300/300/300/300/300/300
1700000106.550000,1,300,300,111.22,45.64,0,1367,300/300/300/300/300/300
1700000106.600000,1,300,300,111.25,44.44,0,1367,300/300/300/300/300/300
1700000106.650000,1,300,300,111.27,227.45,1,1355,300/300/300/300/300/300
1700000106.700000,1,300,300,111.30,44.98,0,1355,300/300/300/300/300/300
1700000106.750000,1,300,300,111.31,46.88,0,1355,300/300/300/300/300/300
1700000106.800000,1,300,300,111.33,220.74,1,1353,300/300/300/300/300/300
1700000106.850000,1,300,300,111.35,45.99,0,1353,300/300/300/300/300/300
1700000106.900000,1,300,300,111.37,45.50,0,1353,300/300/300/300/300/300
1700000106.950000,1,300,300,111.39,215.13,1,1352,300/300/300/300/300/300
1700000107.000000,1,300,300,111.41,46.76,0,1352,300/300/300/300/300/300
1700000107.050000,1,300,300,111.42,46.53,0,1352,300/300/300/300/300/300
1700000107.100000,1,300,300,111.45,325.49,1,1339,300/300/300/300/300/300
1700000107.150000,1,300,300,111.46,45.47,0,1339,300/300/300/300/300/300
1700000107.200000,1,300,300,111.48,44.96,0,1339,300/300/300/300/300/300
1700000107.250000,1,300,300,111.50,278.94,1,1348,300/300/300/300/300/300
1700000107.300000,1,300,300,111.52,45.53,0,1348,300/300/300/300/300/300
1700000107.350000,1,300,300,111.54,46.34,0,1348,300/300/300/300/300/300
1700000107.400000,1,300,300,111.56,260.77,1,1345,300/300/300/300/300/300
1700000107.450000,1,300,300,111.59,45.82,0,1345,300/300/300/300/300/300
1700000107.500000,1,300,300,111.60,45.79,0,1345,300/300/300/300/300/300
1700000107.550000,1,300,300,111.65,220.92,1,1351,300/300/300/300/300/300
1700000107.600000,1,300,300,111.65,46.85,0,1351,300/300/300/300/300/300
1700000107.650000,1,300,300,111.70,46.87,0,1351,300/300/300/300/300/300
1700000107.700000,1,300,300,111.71,246.66,1,1360,300/300/300/300/300/300
1700000107.750000,1,300,300,111.74,47.77,0,1360,300/300/300/300/300/300
1700000107.800000,1,300,300,111.77,46.89,0,1360,300/300/300/300/300/300
1700000107.850000,1,300,300,111.80,220.20,1,1356,300/300/300/300/300/300
1700000107.900000,1,300,300,111.84,46.99,0,1356,300/300/300/300/300/300
1700000107.950000,1,300,300,111.86,47.67,0,1356,300/300/300/300/300/300
1700000108.000000,1,300,300,111.89,219.43,1,1349,300/300/300/300/300/300
1700000108.050000,1,300,300,111.91,46.69,0,1349,300/300/300/300/300/300
1700000108.100000,1,300,300,111.95,48.14,0,1349,300/300/300/300/300/300
1700000108.150000,1,300,300,111.98,219.33,1,1342,300/300/300/300/300/300
1700000108.200000,1,300,300,112.03,49.05,0,1342,300/300/300/300/300/300
1700000108.250000,1,300,300,112.05,47.84,0,1342,300/300/300/300/300/300
1700000108.300000,1,300,300,112.09,224.30,1,1359,300/300/300/300/300/300
1700000108.350000,1,300,300,112.14,47.70,0,1359,300/300/300/300/300/300
1700000108.400000,1,300,300,112.18,48.38,0,1359,300/300/300/300/300/300
1700000108.450000,1,300,300,112.21,218.84,1,1338,300/300/300/300/300/300
1700000108.500000,1,300,300,112.25,46.55,0,1338,300/300/300/300/300/300
1700000108.550000,1,300,300,112.28,46.26,0,1338,300/300/300/300/300/300
1700000108.600000,1,300,300,112.33,220.41,1,1361,300/300/300/300/300/300
1700000108.650000,1,300,300,112.37,46.02,0,1361,300/300/300/300/300/300
1700000108.700000,1,300,300,112.41,47.88,0,1361,300/300/300/300/300/300
1700000108.750000,1,300,300,112.44,219.70,1,1356,300/300/300/300/300/300
1700000108.800000,1,300,300,112.47,46.69,0,1356,300/300/300/300/300/300
1700000108.850000,1,300,300,112.50,46.88,0,1356,300/300/300/300/300/300
1700000108.900000,1,300,300,112.56,255.30,1,1366,300/300/300/300/300/300
1700000108.950000,1,300,300,112.59,47.83,0,1366,300/300/300/300/300/300
1700000109.000000,1,300,300,112.63,45.77,0,1366,300/300/300/300/300/300
1700000109.050000,1,300,300,112.66,244.97,1,1361,300/300/300/300/300/300
1700000109.100000,1,300,300,112.69,47.14,0,1361,300/300/300/300/300/300
1700000109.150000,1,300,300,112.73,47.30,0,1361,300/300/300/300/300/300
1700000109.200000,1,300,300,112.75,179.30,1,1373,300/300/300/300/300/300
1700000109.250000,1,300,300,112.79,46.63,0,1373,300/300/300/300/300/300
1700000109.300000,1,300,300,112.81,50.03,0,1373,300/300/300/300/300/300
1700000109.350000,1,300,300,112.86,172.30,1,1359,300/300/300/300/300/300
1700000109.400000,1,300,300,112.90,48.07,0,1359,300/300/300/300/300/300
1700000109.450000,1,300,300,112.93,48.50,0,1359,300/300/300/300/300/300
1700000109.500000,1,300,300,112.99,234.51,1,1377,300/300/300/300/300/300
1700000109.550000,1,300,300,113.03,47.60,0,1377,300/300/300/300/300/300
1700000109.600000,1,300,300,113.08,49.30,0,1377,300/300/300/300/300/300
1700000109.650000,1,300,300,113.13,220.19,1,1377,300/300/300/300/300/300
1700000109.700000,1,300,300,113.18,49.67,0,1377,300/300/300/300/300/300
1700000109.750000,1,300,300,113.23,50.40,0,1377,300/300/300/300/300/300
1700000109.800000,1,300,300,113.28,147.71,1,1392,300/300/300/300/300/300
1700000109.850000,1,300,300,113.36,50.45,0,1392,300/300/300/300/300/300
1700000109.900000,1,300,300,113.44,51.04,0,1392,300/300/300/300/300/300
1700000109.950000,1,300,300,113.55,241.40,1,1420,300/300/300/300/300/300
