ply
format ascii 1.0
element vertex 14366
property float x
property float y
property float z
property uchar red
property uchar green
property uchar blue
end_header
0.1960 0.1502 0.0311 80 200 120
0.1022 0.0387 0.0381 80 200 120
0.1909 0.2019 0.0323 80 200 120
0.1800 0.0102 0.0589 80 200 120
0.1461 0.0368 0.0290 80 200 120
0.1114 0.0603 0.0295 80 200 120
0.1095 0.0767 0.0427 80 200 120
0.1407 -0.0886 0.0320 80 200 120
0.1833 0.0343 0.0291 80 200 120
0.2268 -0.1147 0.0602 80 200 120
0.0858 -0.1194 0.1112 80 200 120
0.1271 0.0812 0.0491 80 200 120
0.1026 0.0828 0.0291 80 200 120
0.1623 0.1902 0.0296 80 200 120
0.0544 0.0906 0.0677 80 200 120
0.0748 -0.0029 0.0300 80 200 120
0.1558 -0.0873 0.0310 80 200 120
0.0912 0.0209 0.0466 80 200 120
0.1739 -0.0459 0.0574 80 200 120
0.1235 0.0111 0.0300 80 200 120
0.1271 0.0059 0.0298 80 200 120
0.2028 -0.0348 0.0280 80 200 120
0.1000 -0.0424 0.0325 80 200 120
0.1322 -0.0044 0.0303 80 200 120
0.0779 -0.0252 0.0394 80 200 120
0.0742 -0.0075 0.0319 80 200 120
0.0828 -0.0136 0.0365 80 200 120
0.1379 0.0546 0.0299 80 200 120
0.1297 -0.0664 0.0389 80 200 120
0.1160 -0.0435 0.0489 80 200 120
0.2554 -0.1357 0.0296 80 200 120
0.1838 0.0813 0.0919 80 200 120
0.0888 0.0103 0.0481 80 200 120
0.0987 -0.0048 0.0296 80 200 120
0.1821 0.0430 0.0288 80 200 120
0.0721 0.0004 0.0313 80 200 120
0.0883 -0.0419 0.0562 80 200 120
0.0846 -0.0136 0.0436 80 200 120
0.0694 -0.0019 0.0312 80 200 120
0.1202 0.0786 0.0410 80 200 120
0.1357 0.0530 0.0593 80 200 120
0.1030 -0.0825 0.0306 80 200 120
0.0924 0.0552 0.0974 80 200 120
0.0818 0.0038 0.0399 80 200 120
0.0899 0.0134 0.0300 80 200 120
0.0904 0.0187 0.0493 80 200 120
0.1515 -0.0713 0.0292 80 200 120
0.0758 -0.0192 0.0424 80 200 120
0.0706 -0.0005 0.0301 80 200 120
0.0978 0.0275 0.0472 80 200 120
0.0779 0.0049 0.0311 80 200 120
0.0758 0.0047 0.0338 80 200 120
0.1223 -0.0608 0.0466 80 200 120
0.0684 0.0342 0.0585 80 200 120
0.0586 -0.0557 0.0991 80 200 120
0.0697 -0.0057 0.0355 80 200 120
0.1155 -0.0751 0.0786 80 200 120
0.0761 0.0046 0.0356 80 200 120
0.0485 0.2149 0.1837 80 200 120
0.1072 -0.0369 0.0542 80 200 120
0.0747 0.0055 0.0349 80 200 120
0.1361 -0.0391 0.0449 80 200 120
0.0981 -0.0086 0.0833 80 200 120
0.1171 -0.0095 0.0537 80 200 120
0.0756 0.0068 0.0307 80 200 120
0.0894 0.0258 0.0551 80 200 120
0.0681 -0.0089 0.0361 80 200 120
0.0693 -0.0030 0.0324 80 200 120
0.1325 0.0911 0.0681 80 200 120
0.1608 -0.0463 0.0309 80 200 120
0.0808 -0.0280 0.0393 80 200 120
0.0891 -0.0316 0.0300 80 200 120
0.0705 0.0007 0.0306 80 200 120
0.0711 -0.0015 0.0306 80 200 120
0.0875 -0.0278 0.0434 80 200 120
0.1077 -0.0510 0.0936 80 200 120
0.1171 -0.0545 0.0754 80 200 120
0.0944 -0.0509 0.0297 80 200 120
0.0711 0.0005 0.0301 80 200 120
0.0783 -0.0294 0.0529 80 200 120
0.0742 0.0075 0.0333 80 200 120
0.0734 -0.0236 0.0522 80 200 120
0.1069 -0.0234 0.0594 80 200 120
0.0715 0.0019 0.0310 80 200 120
0.1031 0.0324 0.0303 80 200 120
0.0726 -0.0174 0.0328 80 200 120
0.1146 -0.0250 0.0847 80 200 120
0.1070 -0.0084 0.0372 80 200 120
0.1448 -0.0286 0.0293 80 200 120
0.0693 0.0034 0.0322 80 200 120
0.0733 -0.0070 0.0310 80 200 120
0.0695 -0.0291 0.0541 80 200 120
0.0808 0.0041 0.0312 80 200 120
0.0735 -0.0013 0.0324 80 200 120
0.0871 -0.0219 0.0529 80 200 120
0.0720 0.0184 0.0431 80 200 120
0.0698 0.0015 0.0309 80 200 120
0.0634 0.0057 0.0466 80 200 120
0.1883 0.0338 0.1064 80 200 120
0.1140 0.0096 0.0940 80 200 120
0.1254 -0.0424 0.0819 80 200 120
0.1090 0.0134 0.0715 80 200 120
0.0478 0.0111 0.0625 80 200 120
0.0765 0.1930 0.1460 80 200 120
0.0778 -0.0386 0.0495 80 200 120
0.1138 -0.0620 0.0420 80 200 120
0.1080 0.0435 0.0439 80 200 120
0.1193 -0.0020 0.0437 80 200 120
0.0657 0.0202 0.0483 80 200 120
0.0926 0.0018 0.0544 80 200 120
0.0970 0.0435 0.0824 80 200 120
0.0834 0.0286 0.0483 80 200 120
0.0718 -0.0077 0.0310 80 200 120
0.0715 -0.0055 0.0360 80 200 120
0.0704 0.0037 0.0319 80 200 120
0.0817 -0.0284 0.0806 80 200 120
0.1031 -0.1007 0.0492 80 200 120
0.0734 -0.0087 0.0367 80 200 120
0.0726 -0.0056 0.0371 80 200 120
0.0783 0.0263 0.0659 80 200 120
0.1119 0.0035 0.0513 80 200 120
0.0414 -0.0292 0.0850 80 200 120
0.0682 0.0162 0.0499 80 200 120
0.1495 0.0153 0.1248 80 200 120
0.0839 0.0397 0.0593 80 200 120
0.0734 0.0150 0.0408 80 200 120
0.0701 -0.0004 0.0335 80 200 120
0.0980 -0.0266 0.0383 80 200 120
0.0380 -0.0853 0.1495 80 200 120
0.0788 0.0019 0.0366 80 200 120
0.1181 -0.1846 0.1084 80 200 120
0.0733 0.0001 0.0326 80 200 120
0.0947 0.0081 0.0435 80 200 120
0.1259 -0.0067 0.1244 80 200 120
0.0805 0.0051 0.0333 80 200 120
0.0689 -0.0030 0.0326 80 200 120
0.0696 0.0039 0.0370 80 200 120
0.0770 0.0186 0.0466 80 200 120
0.0719 -0.0203 0.0341 80 200 120
0.0952 -0.0315 0.0509 80 200 120
0.0937 0.0195 0.0655 80 200 120
0.1340 0.0138 0.1491 80 200 120
0.0894 0.0145 0.0520 80 200 120
0.0799 -0.0028 0.0307 80 200 120
0.0690 -0.0182 0.0819 80 200 120
0.0832 -0.0064 0.0716 80 200 120
0.0793 0.0091 0.0341 80 200 120
0.0562 0.0006 0.0467 80 200 120
0.0797 0.0182 0.0405 80 200 120
0.0982 -0.0680 0.0622 80 200 120
0.0730 0.0099 0.0342 80 200 120
0.0722 -0.0128 0.0345 80 200 120
0.0897 -0.0352 0.0619 80 200 120
0.0953 -0.0213 0.0441 80 200 120
0.0954 -0.0014 0.0533 80 200 120
0.1182 -0.0143 0.0734 80 200 120
0.0900 -0.0022 0.0394 80 200 120
0.0700 0.0029 0.0312 80 200 120
0.1191 -0.0091 0.0708 80 200 120
0.0770 0.0509 0.1258 80 200 120
0.0629 0.0072 0.0412 80 200 120
0.0977 -0.0182 0.0331 80 200 120
0.0700 -0.0068 0.0326 80 200 120
0.0806 0.0131 0.0395 80 200 120
0.0703 0.0033 0.0313 80 200 120
-0.0603 0.0804 0.0296 80 200 120
0.5109 0.6567 0.0321 80 200 120
0.1444 0.2611 0.0729 80 200 120
-0.0445 0.1145 0.0301 80 200 120
-0.0355 0.0659 0.0300 80 200 120
0.0661 0.2126 0.0320 80 200 120
-0.0465 0.1011 0.0298 80 200 120
-0.0438 0.1266 0.0588 80 200 120
-0.1165 0.0691 0.0297 80 200 120
-0.0895 0.0373 0.0568 80 200 120
-0.0280 0.0740 0.0300 80 200 120
-0.0912 0.2117 0.0286 80 200 120
-0.0298 0.1195 0.0296 80 200 120
0.1443 0.3035 0.0888 80 200 120
-0.2580 0.1665 0.0259 80 200 120
0.0652 0.1623 0.1190 80 200 120
-0.0350 0.0619 0.0300 80 200 120
0.0212 0.2106 0.0290 80 200 120
-0.0368 0.0779 0.0351 80 200 120
0.0579 0.2239 0.0602 80 200 120
0.0757 0.1347 0.0895 80 200 120
-0.0542 0.2467 0.0447 80 200 120
-0.0186 0.1452 0.0301 80 200 120
-0.1507 0.0816 0.0287 80 200 120
-0.1303 0.0150 0.0644 80 200 120
-0.1188 0.1096 0.0288 80 200 120
-0.2234 0.0617 0.0269 80 200 120
-0.0307 0.0668 0.0309 80 200 120
-0.0179 0.0956 0.0748 80 200 120
-0.0480 0.0458 0.0419 80 200 120
-0.0367 0.0623 0.0300 80 200 120
-0.0122 0.0634 0.0441 80 200 120
0.0646 0.1356 0.0736 80 200 120
-0.0313 0.0743 0.0302 80 200 120
-0.0383 0.0769 0.0411 80 200 120
-0.0303 0.0649 0.0332 80 200 120
-0.0787 0.0764 0.0453 80 200 120
-0.0755 0.0346 0.0453 80 200 120
-0.0352 0.0636 0.0325 80 200 120
-0.0028 0.1019 0.0307 80 200 120
-0.0549 0.0760 0.0426 80 200 120
-0.0753 0.0127 0.1124 80 200 120
-0.0394 0.0780 0.0338 80 200 120
-0.0678 0.0665 0.0552 80 200 120
0.0295 0.0792 0.0826 80 200 120
-0.1738 0.0648 0.1621 80 200 120
-0.0385 0.0641 0.0335 80 200 120
-0.0313 0.0656 0.0336 80 200 120
-0.1257 0.0706 0.1277 80 200 120
-0.0026 0.0973 0.0340 80 200 120
-0.0546 0.0698 0.0480 80 200 120
0.0990 0.1532 0.1474 80 200 120
-0.0679 0.0650 0.0407 80 200 120
-0.0501 0.2083 0.0592 80 200 120
-0.0173 0.0802 0.0363 80 200 120
-0.0328 0.0636 0.0311 80 200 120
-0.0368 0.0651 0.0325 80 200 120
-0.0183 0.0939 0.0519 80 200 120
-0.0358 0.0610 0.0312 80 200 120
-0.0094 0.0518 0.0763 80 200 120
-0.1077 0.0631 0.1227 80 200 120
0.1139 0.0890 0.1363 80 200 120
-0.0312 0.1006 0.0690 80 200 120
-0.0381 0.0727 0.0356 80 200 120
-0.0400 0.0654 0.0384 80 200 120
-0.1246 0.0113 0.0798 80 200 120
-0.0201 0.0740 0.0473 80 200 120
-0.1539 0.0796 0.1417 80 200 120
-0.0350 0.0619 0.0307 80 200 120
-0.0308 0.1021 0.0470 80 200 120
-0.0129 0.1129 0.0781 80 200 120
-0.1276 -0.0328 0.1332 80 200 120
-0.1085 0.0842 0.0289 80 200 120
0.0147 0.1229 0.0639 80 200 120
-0.0115 0.1228 0.0763 80 200 120
0.0509 0.1437 0.0777 80 200 120
0.0265 0.1368 0.1069 80 200 120
-0.0262 0.0993 0.0452 80 200 120
-0.0661 0.0828 0.0402 80 200 120
-0.1052 -0.0046 0.0844 80 200 120
-0.0205 0.0711 0.0398 80 200 120
-0.1155 0.0523 0.0290 80 200 120
-0.0287 0.1070 0.0621 80 200 120
-0.0474 0.0682 0.0434 80 200 120
0.0642 0.1526 0.0704 80 200 120
-0.0395 -0.0008 0.1829 80 200 120
-0.0507 0.0473 0.0495 80 200 120
0.0256 0.1120 0.0846 80 200 120
-0.1163 0.0824 0.0576 80 200 120
-0.0132 0.1183 0.1131 80 200 120
-0.0487 0.0633 0.0384 80 200 120
-0.0371 0.0630 0.0331 80 200 120
0.0231 0.0692 0.0967 80 200 120
-0.0346 0.0839 0.0350 80 200 120
-0.0448 0.0593 0.0398 80 200 120
-0.0409 0.0626 0.0445 80 200 120
-0.0047 0.1017 0.0892 80 200 120
-0.0399 0.0530 0.0372 80 200 120
0.0000 0.1310 0.0569 80 200 120
-0.0348 0.0613 0.0304 80 200 120
-0.0537 0.0863 0.0734 80 200 120
-0.0420 0.0639 0.0325 80 200 120
-0.0343 0.0635 0.0360 80 200 120
-0.0506 0.0102 0.0981 80 200 120
-0.0325 0.0870 0.0512 80 200 120
-0.0386 0.0947 0.0506 80 200 120
0.0353 0.2150 0.0550 80 200 120
-0.0343 0.0568 0.0346 80 200 120
-0.0500 0.0511 0.0490 80 200 120
-0.1897 -0.0303 0.1549 80 200 120
-0.0376 0.0638 0.0299 80 200 120
-0.0753 0.0778 0.0378 80 200 120
-0.0361 0.0829 0.0536 80 200 120
-0.1076 0.0580 0.0441 80 200 120
-0.1143 0.1252 0.0375 80 200 120
-0.1544 0.0843 0.0849 80 200 120
0.0707 0.0649 0.1161 80 200 120
-0.0446 0.0692 0.0571 80 200 120
-0.0447 0.0679 0.0621 80 200 120
-0.0297 0.1094 0.0981 80 200 120
-0.0240 0.0663 0.0477 80 200 120
-0.0360 0.0946 0.0538 80 200 120
-0.1246 0.0529 0.0701 80 200 120
0.0672 0.2003 0.1484 80 200 120
-0.0236 0.1214 0.0361 80 200 120
-0.0493 0.0617 0.0371 80 200 120
0.0461 0.0485 0.1586 80 200 120
-0.0129 0.0188 0.1006 80 200 120
-0.0661 -0.0694 0.0305 80 200 120
-0.1275 -0.0455 0.0299 80 200 120
-0.1163 -0.0914 0.0308 80 200 120
-0.0571 -0.0977 0.0437 80 200 120
-0.1634 -0.2317 0.0319 80 200 120
-0.0556 -0.0913 0.0497 80 200 120
-0.0933 -0.1588 0.0316 80 200 120
-0.0757 -0.1063 0.0304 80 200 120
-0.0624 -0.0707 0.0436 80 200 120
-0.0957 -0.1034 0.0295 80 200 120
-0.0265 -0.0708 0.0302 80 200 120
-0.1335 -0.1131 0.0301 80 200 120
0.0181 -0.2191 0.0278 80 200 120
-0.0619 -0.1616 0.0284 80 200 120
-0.0933 -0.1113 0.0304 80 200 120
-0.0227 -0.1177 0.0303 80 200 120
-0.0837 -0.1423 0.0713 80 200 120
-0.0539 -0.1306 0.0740 80 200 120
-0.1031 -0.1555 0.0756 80 200 120
-0.0116 -0.0597 0.0506 80 200 120
-0.0141 -0.0959 0.0296 80 200 120
-0.0446 -0.0612 0.0299 80 200 120
-0.1187 -0.1529 0.0809 80 200 120
0.0247 -0.1867 0.1093 80 200 120
-0.0500 -0.0940 0.0301 80 200 120
-0.0321 -0.0645 0.0300 80 200 120
-0.0632 -0.0386 0.0617 80 200 120
0.0178 -0.1349 0.0781 80 200 120
-0.0475 -0.0740 0.0335 80 200 120
-0.0276 -0.0817 0.0340 80 200 120
0.0056 -0.1766 0.1167 80 200 120
-0.0078 -0.0849 0.0545 80 200 120
-0.0601 -0.1112 0.0513 80 200 120
-0.0087 -0.1452 0.1442 80 200 120
-0.0909 -0.1627 0.0964 80 200 120
-0.0368 -0.0919 0.0291 80 200 120
-0.0068 -0.0866 0.0464 80 200 120
-0.1848 -0.1218 0.0841 80 200 120
-0.0456 -0.0663 0.0335 80 200 120
-0.0871 -0.1114 0.0539 80 200 120
0.0016 -0.1448 0.0307 80 200 120
-0.0503 -0.1295 0.0859 80 200 120
-0.0016 -0.1055 0.0343 80 200 120
-0.1270 -0.1058 0.0734 80 200 120
-0.0392 -0.0698 0.0329 80 200 120
-0.0112 -0.0878 0.0407 80 200 120
-0.0394 -0.1148 0.0781 80 200 120
-0.0165 -0.0720 0.0440 80 200 120
-0.0219 -0.0721 0.0351 80 200 120
0.0170 -0.0875 0.0903 80 200 120
-0.0370 -0.0756 0.0384 80 200 120
-0.0431 -0.0590 0.0378 80 200 120
0.2275 0.0926 0.0293 80 200 120
0.0731 0.0045 0.0328 80 200 120
0.0707 -0.0006 0.0306 80 200 120
0.0775 0.0061 0.0359 80 200 120
0.0658 0.0032 0.0425 80 200 120
0.2197 -0.1810 0.1001 80 200 120
-0.1025 0.0207 0.0511 80 200 120
-0.0439 0.0604 0.0309 80 200 120
-0.0543 -0.0621 0.1762 80 200 120
-0.0897 0.0324 0.0816 80 200 120
-0.0494 0.1030 0.0676 80 200 120
-0.0393 0.0775 0.0363 80 200 120
-0.0978 0.1880 0.0289 80 200 120
-0.0353 0.0661 0.0406 80 200 120
-0.0343 0.0618 0.0305 80 200 120
-0.0039 0.0791 0.0524 80 200 120
-0.0333 0.0649 0.0325 80 200 120
-0.1495 0.0091 0.0579 80 200 120
-0.0340 0.0608 0.0317 80 200 120
0.0096 0.0924 0.0438 80 200 120
-0.0374 0.0631 0.0353 80 200 120
-0.0732 0.0338 0.0998 80 200 120
-0.1188 0.0345 0.1061 80 200 120
-0.1453 0.0714 0.0544 80 200 120
-0.1585 0.1330 0.0801 80 200 120
-0.0390 0.0747 0.0385 80 200 120
-0.0451 0.0824 0.0351 80 200 120
-0.0414 0.0683 0.0648 80 200 120
-0.0480 0.0414 0.0462 80 200 120
-0.1017 0.0766 0.1073 80 200 120
-0.0329 0.0657 0.0573 80 200 120
-0.0467 0.0680 0.0547 80 200 120
-0.0484 0.0765 0.0699 80 200 120
-0.0210 0.0683 0.0431 80 200 120
-0.1883 -0.0488 0.1496 80 200 120
-0.0345 0.0770 0.0972 80 200 120
0.0328 0.0534 0.0885 80 200 120
-0.0356 0.0691 0.0410 80 200 120
-0.0318 -0.0771 0.0445 80 200 120
-0.0590 -0.1254 0.0571 80 200 120
0.0160 -0.1659 0.0528 80 200 120
-0.0318 -0.0764 0.0413 80 200 120
-0.0471 -0.0759 0.0327 80 200 120
-0.0431 -0.0648 0.0319 80 200 120
-0.0198 -0.1038 0.0472 80 200 120
-0.0426 -0.0565 0.0416 80 200 120
-0.0608 -0.0503 0.0390 80 200 120
-0.0714 -0.0596 0.0297 80 200 120
-0.0442 -0.0694 0.0406 80 200 120
-0.0203 -0.0642 0.0554 80 200 120
-0.0573 -0.0557 0.0476 80 200 120
-0.0326 -0.0702 0.0311 80 200 120
-0.0695 -0.0574 0.0742 80 200 120
-0.0454 -0.0729 0.0525 80 200 120
-0.0287 -0.0700 0.0345 80 200 120
-0.0396 -0.0650 0.0342 80 200 120
-0.0238 -0.0731 0.0334 80 200 120
-0.0334 -0.0675 0.0325 80 200 120
0.0011 -0.1057 0.0836 80 200 120
-0.0145 -0.0956 0.0391 80 200 120
-0.0384 -0.0645 0.0326 80 200 120
-0.0362 -0.0666 0.0314 80 200 120
0.0048 -0.0751 0.0568 80 200 120
-0.0577 -0.0437 0.0786 80 200 120
-0.0152 -0.1144 0.0774 80 200 120
0.0584 -0.1609 0.0433 80 200 120
-0.0474 -0.0569 0.0343 80 200 120
-0.0336 -0.0845 0.0500 80 200 120
0.0708 -0.1489 0.0445 80 200 120
-0.1283 0.0120 0.1631 80 200 120
-0.0298 -0.0676 0.0315 80 200 120
-0.0581 -0.1182 0.0812 80 200 120
-0.0345 -0.0620 0.0314 80 200 120
-0.0419 -0.0618 0.0300 80 200 120
-0.0125 -0.0596 0.0596 80 200 120
-0.0337 -0.0629 0.0317 80 200 120
-0.0376 -0.0628 0.0319 80 200 120
-0.0566 -0.0568 0.0372 80 200 120
-0.0438 -0.0882 0.0315 80 200 120
-0.0586 -0.1361 0.1378 80 200 120
0.0153 -0.1005 0.0407 80 200 120
-0.0513 -0.0556 0.0484 80 200 120
-0.0350 -0.0734 0.0337 80 200 120
-0.0305 -0.0781 0.0336 80 200 120
-0.0357 -0.0609 0.0307 80 200 120
-0.0386 -0.0818 0.0570 80 200 120
0.1129 -0.1227 0.1594 80 200 120
-0.0391 -0.0640 0.0322 80 200 120
0.0016 -0.0814 0.0491 80 200 120
-0.0347 -0.0631 0.0305 80 200 120
0.0118 -0.0679 0.0713 80 200 120
-0.0269 -0.0603 0.0616 80 200 120
-0.0206 -0.0751 0.0415 80 200 120
-0.0506 -0.0876 0.0513 80 200 120
-0.0450 -0.0830 0.0416 80 200 120
-0.0389 -0.0645 0.0304 80 200 120
-0.0356 -0.0622 0.0303 80 200 120
-0.0016 -0.0591 0.0846 80 200 120
-0.0615 -0.1293 0.0468 80 200 120
-0.0763 -0.0572 0.0700 80 200 120
-0.0191 -0.0679 0.0720 80 200 120
-0.1150 -0.0197 0.0585 80 200 120
-0.0366 -0.0617 0.0331 80 200 120
-0.1022 -0.0837 0.0884 80 200 120
-0.0099 -0.0677 0.0473 80 200 120
-0.1019 -0.1008 0.0850 80 200 120
0.0913 -0.1826 0.1841 80 200 120
-0.0460 -0.0684 0.0337 80 200 120
-0.0940 -0.0233 0.0497 80 200 120
-0.0363 -0.0600 0.0303 80 200 120
0.0216 -0.1022 0.0804 80 200 120
-0.1234 -0.0917 0.0513 80 200 120
-0.0689 -0.0425 0.1246 80 200 120
-0.0273 -0.0791 0.0321 80 200 120
-0.0346 -0.0933 0.1309 80 200 120
-0.0350 -0.1137 0.0643 80 200 120
-0.0318 -0.0948 0.0295 80 200 120
-0.0898 -0.1415 0.0543 80 200 120
-0.0437 -0.0595 0.0345 80 200 120
-0.0868 -0.0350 0.0709 80 200 120
0.0009 -0.0826 0.0632 80 200 120
-0.0449 -0.0605 0.0308 80 200 120
0.0572 -0.1057 0.0861 80 200 120
-0.0285 -0.0759 0.0372 80 200 120
-0.0389 -0.0656 0.0338 80 200 120
-0.0398 -0.0713 0.0422 80 200 120
-0.0319 -0.0666 0.0379 80 200 120
-0.0829 -0.0988 0.0360 80 200 120
-0.0108 -0.1005 0.0666 80 200 120
-0.0371 -0.0638 0.0333 80 200 120
-0.0710 -0.0379 0.0589 80 200 120
-0.0613 -0.0660 0.0506 80 200 120
-0.0796 -0.0316 0.0834 80 200 120
-0.0325 -0.1091 0.0469 80 200 120
-0.0341 -0.0609 0.0307 80 200 120
-0.0305 -0.0697 0.0467 80 200 120
-0.1187 -0.0647 0.0673 80 200 120
-0.0629 -0.0603 0.0352 80 200 120
-0.0347 -0.0619 0.0315 80 200 120
-0.0475 -0.0588 0.1310 80 200 120
-0.0401 -0.0680 0.0562 80 200 120
-0.1704 -0.0096 0.1494 80 200 120
-0.0344 -0.0668 0.0334 80 200 120
-0.0552 -0.0557 0.0422 80 200 120
-0.0366 -0.0594 0.0310 80 200 120
-0.0399 -0.0694 0.0497 80 200 120
-0.0327 -0.1459 0.1168 80 200 120
-0.0421 -0.0822 0.0767 80 200 120
-0.0818 -0.1320 0.0399 80 200 120
-0.0453 -0.0919 0.1151 80 200 120
-0.0465 -0.1414 0.1166 80 200 120
-0.0483 -0.0606 0.0592 80 200 120
-0.0592 -0.0565 0.1170 80 200 120
-0.0692 -0.0981 0.0821 80 200 120
-0.1464 -0.0797 0.1396 80 200 120
-0.0366 -0.0735 0.0558 80 200 120
-0.0052 -0.0890 0.1016 80 200 120
-0.0187 -0.0791 0.0497 80 200 120
-0.0147 -0.0891 0.0392 80 200 120
-0.0216 -0.0618 0.0642 80 200 120
-0.0649 -0.0629 0.0486 80 200 120
-0.0088 -0.0758 0.0712 80 200 120
-0.0374 -0.0753 0.0401 80 200 120
-0.0564 -0.0603 0.0658 80 200 120
-0.0242 -0.0816 0.0388 80 200 120
-0.0504 -0.0635 0.0509 80 200 120
-0.0809 -0.0316 0.0765 80 200 120
0.0141 -0.0929 0.0498 80 200 120
-0.0284 -0.0688 0.0451 80 200 120
-0.0453 -0.0581 0.0346 80 200 120
-0.0209 -0.0800 0.0914 80 200 120
-0.0384 -0.0633 0.0389 80 200 120
-0.0365 -0.0722 0.0297 80 200 120
-0.1004 -0.0104 0.1469 80 200 120
-0.0536 -0.0688 0.0678 80 200 120
-0.0553 -0.0683 0.0528 80 200 120
-0.0409 -0.0641 0.0376 80 200 120
-0.0637 -0.0549 0.0755 80 200 120
-0.1002 -0.0423 0.0340 80 200 120
0.0203 -0.1059 0.0557 80 200 120
0.0439 -0.1102 -0.0287 80 200 120
0.1754 -0.1459 0.0001 80 200 120
0.0361 -0.0620 -0.0300 80 200 120
-0.1212 -0.2329 -0.0257 80 200 120
0.0328 -0.2282 -0.0280 80 200 120
0.0377 -0.0942 -0.0292 80 200 120
0.0770 -0.1020 -0.0287 80 200 120
-0.1491 -0.3068 -0.0265 80 200 120
0.0603 -0.0708 -0.0228 80 200 120
0.0412 -0.0816 -0.0294 80 200 120
0.2312 -0.0840 -0.0284 80 200 120
0.0424 -0.0676 -0.0254 80 200 120
0.0528 -0.1181 -0.0072 80 200 120
-0.0540 -0.1976 -0.0279 80 200 120
0.0412 -0.0674 -0.0291 80 200 120
0.2341 -0.2438 0.0557 80 200 120
0.0243 -0.1766 -0.0275 80 200 120
0.0556 -0.0925 -0.0142 80 200 120
0.1209 -0.2114 0.0121 80 200 120
0.0707 -0.1126 0.0032 80 200 120
0.0570 -0.0793 -0.0264 80 200 120
0.0880 -0.1316 0.0012 80 200 120
0.1037 -0.2225 0.0501 80 200 120
0.0831 -0.1605 -0.0138 80 200 120
0.0817 -0.3284 0.0429 80 200 120
0.0912 -0.1242 -0.0118 80 200 120
0.1041 -0.1410 0.0024 80 200 120
0.0427 -0.0779 -0.0286 80 200 120
0.1936 -0.1649 -0.0142 80 200 120
0.0426 -0.0794 -0.0231 80 200 120
0.0586 -0.0715 -0.0294 80 200 120
0.0475 -0.0635 -0.0298 80 200 120
0.0417 -0.0923 -0.0245 80 200 120
0.0533 -0.0761 -0.0296 80 200 120
0.0397 -0.0670 -0.0287 80 200 120
0.0360 -0.0612 -0.0300 80 200 120
0.0054 -0.1971 -0.0287 80 200 120
0.0957 -0.0728 -0.0165 80 200 120
0.0347 -0.0610 -0.0300 80 200 120
0.1227 -0.1059 -0.0048 80 200 120
0.0723 -0.2023 0.0404 80 200 120
0.0394 -0.0732 -0.0270 80 200 120
0.1019 -0.1053 0.0072 80 200 120
0.2465 -0.0686 -0.0242 80 200 120
0.1596 -0.1032 -0.0282 80 200 120
0.1263 -0.1475 -0.0041 80 200 120
0.0350 -0.0620 -0.0294 80 200 120
0.0347 -0.0611 -0.0299 80 200 120
0.1922 -0.1087 0.0140 80 200 120
0.0347 -0.0610 -0.0299 80 200 120
0.0123 -0.1584 -0.0130 80 200 120
0.0237 -0.0929 -0.0257 80 200 120
0.0564 -0.1478 -0.0078 80 200 120
0.0486 -0.1077 -0.0233 80 200 120
0.0444 -0.0800 -0.0247 80 200 120
0.0296 -0.1786 0.0076 80 200 120
0.0473 -0.1272 -0.0045 80 200 120
0.0461 -0.0680 -0.0256 80 200 120
0.0524 -0.0648 -0.0277 80 200 120
0.3090 -0.0394 0.0020 80 200 120
0.0185 -0.1092 -0.0195 80 200 120
0.0449 -0.0687 -0.0243 80 200 120
0.0432 -0.0736 -0.0298 80 200 120
0.0288 -0.0744 -0.0295 80 200 120
0.2406 -0.1722 0.0583 80 200 120
0.0364 -0.0610 -0.0298 80 200 120
0.0330 -0.0828 -0.0277 80 200 120
0.0639 -0.1113 -0.0216 80 200 120
0.1000 -0.1584 -0.0005 80 200 120
0.0408 -0.0768 -0.0287 80 200 120
0.1305 -0.1284 -0.0127 80 200 120
0.0353 -0.0641 -0.0291 80 200 120
0.0371 -0.0614 -0.0292 80 200 120
0.0529 -0.1129 -0.0026 80 200 120
0.0063 -0.1123 -0.0267 80 200 120
0.1506 -0.0551 -0.0274 80 200 120
0.0288 -0.0750 -0.0276 80 200 120
0.0924 -0.1061 -0.0062 80 200 120
0.0385 -0.0695 -0.0285 80 200 120
0.0414 -0.0949 -0.0121 80 200 120
0.1046 -0.0942 -0.0202 80 200 120
0.0415 -0.0651 -0.0280 80 200 120
0.0298 -0.1058 -0.0184 80 200 120
0.0351 -0.0642 -0.0294 80 200 120
0.0333 -0.0998 -0.0211 80 200 120
0.0350 -0.0606 -0.0300 80 200 120
0.0803 -0.0974 -0.0166 80 200 120
0.0281 -0.0750 -0.0283 80 200 120
0.0378 -0.0617 -0.0297 80 200 120
0.0678 -0.1062 -0.0256 80 200 120
0.1715 -0.1572 -0.0278 80 200 120
0.0348 -0.0610 -0.0299 80 200 120
0.0369 -0.0951 -0.0266 80 200 120
0.0381 -0.0610 -0.0298 80 200 120
0.0404 -0.0757 -0.0305 80 200 120
-0.2170 -0.0472 -0.0272 80 200 120
-0.1647 -0.0435 -0.0279 80 200 120
-0.0751 -0.0020 -0.0273 80 200 120
-0.0714 -0.0014 -0.0299 80 200 120
-0.1284 -0.0806 -0.0281 80 200 120
-0.0749 0.0040 -0.0300 80 200 120
-0.1715 -0.0816 -0.0272 80 200 120
-0.0967 0.0039 -0.0295 80 200 120
-0.1067 -0.0608 -0.0280 80 200 120
-0.1001 -0.0128 -0.0167 80 200 120
-0.0960 -0.0285 -0.0209 80 200 120
-0.1234 -0.0617 -0.0188 80 200 120
-0.1330 -0.0423 -0.0286 80 200 120
-0.1242 -0.0546 -0.0042 80 200 120
-0.1358 0.0251 -0.0052 80 200 120
-0.2690 -0.0473 -0.0277 80 200 120
-0.0813 -0.0064 -0.0297 80 200 120
-0.1030 -0.0271 -0.0251 80 200 120
-0.0765 0.0074 -0.0297 80 200 120
-0.2685 0.1409 -0.0262 80 200 120
-0.1414 0.0386 -0.0037 80 200 120
-0.0938 -0.0058 -0.0221 80 200 120
-0.0740 0.0112 -0.0298 80 200 120
-0.1692 0.0881 -0.0145 80 200 120
-0.1114 -0.0576 -0.0221 80 200 120
-0.0867 0.0087 -0.0296 80 200 120
-0.0802 -0.0044 -0.0274 80 200 120
-0.0902 0.0000 -0.0278 80 200 120
-0.0898 0.0050 -0.0297 80 200 120
-0.0916 -0.0094 -0.0276 80 200 120
-0.1637 0.0601 0.0056 80 200 120
-0.0978 0.0268 -0.0291 80 200 120
-0.1626 -0.0071 0.0182 80 200 120
-0.1107 -0.0099 -0.0254 80 200 120
-0.0918 0.0035 -0.0223 80 200 120
-0.1314 0.0282 -0.0163 80 200 120
-0.0981 -0.0044 -0.0246 80 200 120
-0.0751 -0.0001 -0.0289 80 200 120
-0.0854 -0.0208 -0.0251 80 200 120
-0.0776 0.0021 -0.0272 80 200 120
-0.1109 -0.0317 -0.0147 80 200 120
-0.0716 0.0035 -0.0299 80 200 120
-0.0797 0.0084 -0.0262 80 200 120
-0.0823 -0.0070 -0.0266 80 200 120
-0.0778 0.0128 -0.0298 80 200 120
-0.0847 -0.0257 -0.0267 80 200 120
-0.0957 -0.0064 -0.0164 80 200 120
-0.1142 0.0068 -0.0049 80 200 120
-0.0957 0.0105 -0.0292 80 200 120
-0.0891 -0.0016 -0.0253 80 200 120
-0.1000 0.0013 -0.0294 80 200 120
-0.1344 0.0351 -0.0221 80 200 120
-0.0832 -0.0092 -0.0272 80 200 120
-0.1446 0.0030 -0.0063 80 200 120
-0.1388 -0.0213 -0.0028 80 200 120
-0.0903 -0.0192 -0.0244 80 200 120
-0.1540 0.0006 0.0099 80 200 120
-0.2468 -0.1624 -0.0144 80 200 120
0.0410 -0.0610 -0.0292 80 200 120
0.0470 -0.1464 -0.0200 80 200 120
0.0633 -0.0571 -0.0296 80 200 120
0.0306 -0.0727 -0.0299 80 200 120
-0.1085 0.0078 -0.0268 80 200 120
-0.0948 -0.0078 -0.0225 80 200 120
-0.0752 0.0004 -0.0292 80 200 120
-0.0771 -0.0011 -0.0269 80 200 120
-0.0887 -0.0017 -0.0278 80 200 120
-0.0804 -0.0007 -0.0260 80 200 120
-0.1004 0.0401 -0.0297 80 200 120
-0.0929 0.0068 -0.0281 80 200 120
-0.1370 0.0308 0.0000 80 200 120
-0.0999 -0.0032 -0.0290 80 200 120
-0.1753 -0.1810 0.0074 80 200 120
-0.0773 0.0028 -0.0288 80 200 120
-0.1181 0.0198 -0.0044 80 200 120
-0.0723 -0.0007 -0.0288 80 200 120
-0.0747 0.0028 -0.0278 80 200 120
-0.0752 0.0009 -0.0276 80 200 120
-0.0760 0.0008 -0.0284 80 200 120
-0.0996 -0.0067 -0.0241 80 200 120
-0.1029 0.0234 -0.0240 80 200 120
-0.0961 -0.0120 -0.0202 80 200 120
-0.1841 -0.0595 0.0244 80 200 120
-0.0750 0.0017 -0.0275 80 200 120
-0.1356 0.0214 -0.0104 80 200 120
-0.1043 0.0279 -0.0210 80 200 120
-0.0944 -0.0043 -0.0272 80 200 120
-0.1109 0.0069 -0.0219 80 200 120
-0.1090 -0.0119 -0.0218 80 200 120
-0.0815 -0.0020 -0.0265 80 200 120
-0.0741 0.0010 -0.0288 80 200 120
-0.0879 -0.0096 -0.0278 80 200 120
-0.0949 0.0155 -0.0279 80 200 120
-0.0924 -0.0437 -0.0268 80 200 120
-0.0718 0.0002 -0.0290 80 200 120
-0.0734 0.0004 -0.0286 80 200 120
-0.0932 -0.0088 -0.0260 80 200 120
-0.1122 -0.0271 -0.0147 80 200 120
-0.0727 -0.0005 -0.0285 80 200 120
-0.1209 0.0169 -0.0307 80 200 120
-0.1119 0.0255 -0.0182 80 200 120
-0.1154 -0.0402 -0.0136 80 200 120
-0.1341 -0.0022 -0.0290 80 200 120
-0.1091 0.0093 -0.0122 80 200 120
-0.0709 0.0010 -0.0298 80 200 120
-0.1939 -0.1472 -0.0261 80 200 120
-0.0724 -0.0068 -0.0299 80 200 120
-0.1675 -0.0006 0.0076 80 200 120
-0.0961 -0.0191 -0.0180 80 200 120
0.0697 0.1006 -0.0290 80 200 120
0.0618 0.1041 -0.0279 80 200 120
0.0333 0.0752 -0.0297 80 200 120
0.0511 0.0918 -0.0292 80 200 120
0.0100 0.1820 -0.0262 80 200 120
0.0388 0.0621 -0.0297 80 200 120
0.0152 0.1219 -0.0240 80 200 120
0.0377 0.0713 -0.0298 80 200 120
0.0278 0.0772 -0.0295 80 200 120
0.0749 0.1152 -0.0284 80 200 120
0.0705 0.0637 -0.0297 80 200 120
0.0440 0.0661 -0.0299 80 200 120
0.0359 0.0688 -0.0299 80 200 120
0.1494 0.0432 -0.0293 80 200 120
0.1508 0.1273 -0.0182 80 200 120
0.0417 0.0620 -0.0299 80 200 120
0.0332 0.1359 -0.0282 80 200 120
0.1265 0.0920 -0.0281 80 200 120
0.0159 0.0968 -0.0291 80 200 120
0.0959 0.0701 -0.0252 80 200 120
0.0359 0.0633 -0.0299 80 200 120
0.0524 0.0739 -0.0298 80 200 120
0.0129 0.1110 -0.0231 80 200 120
0.0450 0.0701 -0.0298 80 200 120
0.0377 0.0606 -0.0300 80 200 120
0.1845 0.1614 -0.0156 80 200 120
0.0473 0.0665 -0.0300 80 200 120
0.0380 0.0678 -0.0300 80 200 120
0.0416 0.1021 -0.0276 80 200 120
0.2515 0.1158 -0.0079 80 200 120
0.1153 0.0587 -0.0227 80 200 120
0.1320 0.0685 -0.0192 80 200 120
0.0530 0.0793 -0.0270 80 200 120
0.0382 0.0732 -0.0285 80 200 120
0.0351 0.0610 -0.0300 80 200 120
0.0366 0.0620 -0.0297 80 200 120
0.0222 0.1421 -0.0210 80 200 120
0.0191 0.1096 -0.0289 80 200 120
0.0350 0.0607 -0.0300 80 200 120
-0.0014 0.1144 -0.0299 80 200 120
0.0320 0.0703 -0.0306 80 200 120
0.2441 0.1297 0.0001 80 200 120
0.0129 0.0962 -0.0276 80 200 120
0.0350 0.0607 -0.0300 80 200 120
0.0350 0.0606 -0.0300 80 200 120
0.0350 0.0606 -0.0300 80 200 120
0.0750 0.0059 0.0312 80 200 120
0.1914 0.2029 0.0323 80 200 120
0.1013 0.0029 0.0382 80 200 120
0.1176 0.0924 0.0453 80 200 120
0.1578 -0.1099 0.0325 80 200 120
0.2202 0.0454 0.0288 80 200 120
0.1008 -0.0226 0.0359 80 200 120
0.0896 0.0278 0.0366 80 200 120
0.0704 0.0010 0.0300 80 200 120
0.0704 0.0008 0.0300 80 200 120
0.0687 0.0077 0.0332 80 200 120
0.0998 -0.0132 0.0378 80 200 120
0.0928 -0.0729 0.0571 80 200 120
0.1565 -0.0634 0.0298 80 200 120
0.0858 0.0113 0.0386 80 200 120
0.1819 0.0429 0.0289 80 200 120
0.1026 0.0050 0.0506 80 200 120
0.0733 -0.0076 0.0347 80 200 120
0.1694 0.1557 0.0518 80 200 120
0.1144 0.0359 0.0499 80 200 120
0.0928 0.0562 0.0986 80 200 120
0.1066 0.0335 0.0646 80 200 120
0.1159 0.0282 0.0364 80 200 120
0.0670 0.0648 0.0841 80 200 120
0.0682 -0.0087 0.0408 80 200 120
0.0777 -0.0126 0.0381 80 200 120
0.0697 0.0026 0.0318 80 200 120
0.0725 -0.0024 0.0316 80 200 120
0.0864 -0.0097 0.0337 80 200 120
0.0728 -0.0008 0.0353 80 200 120
0.0403 -0.1387 0.1250 80 200 120
0.0823 -0.0320 0.0406 80 200 120
0.0913 -0.0352 0.0300 80 200 120
0.0817 -0.0186 0.0389 80 200 120
0.1192 -0.0665 0.1129 80 200 120
0.0881 -0.0209 0.0474 80 200 120
0.1269 -0.1187 0.0292 80 200 120
0.1074 -0.1319 0.1325 80 200 120
0.0760 -0.0419 0.0693 80 200 120
0.1077 -0.0240 0.0600 80 200 120
0.2616 0.1872 0.0317 80 200 120
0.1226 -0.0120 0.0402 80 200 120
0.2204 0.0568 0.0474 80 200 120
0.0911 0.1952 0.1692 80 200 120
0.0233 0.0404 0.1479 80 200 120
0.2009 0.0374 0.1146 80 200 120
0.1553 0.0185 0.1540 80 200 120
0.0803 -0.0078 0.0396 80 200 120
0.1547 0.0289 0.1201 80 200 120
0.0754 0.1623 0.1275 80 200 120
0.0709 -0.0039 0.0320 80 200 120
0.1390 0.0788 0.0553 80 200 120
0.1732 -0.0041 0.0589 80 200 120
0.0724 0.0039 0.0347 80 200 120
0.0732 -0.0076 0.0435 80 200 120
0.0747 -0.0119 0.0392 80 200 120
0.0756 -0.0118 0.0449 80 200 120
0.0918 0.0690 0.1245 80 200 120
0.0693 -0.0007 0.0314 80 200 120
0.1340 0.0122 0.1062 80 200 120
0.0870 0.0056 0.0393 80 200 120
0.1120 -0.0051 0.1008 80 200 120
0.0756 -0.0069 0.0346 80 200 120
0.0711 0.0002 0.0320 80 200 120
0.0744 -0.0021 0.0441 80 200 120
0.1626 0.0905 0.0712 80 200 120
0.0921 -0.0186 0.0423 80 200 120
0.1385 -0.0204 0.0918 80 200 120
0.1125 -0.0079 0.0654 80 200 120
0.0734 0.0247 0.0769 80 200 120
-0.0201 0.0772 0.0336 80 200 120
-0.0420 0.0852 0.0298 80 200 120
-0.0390 0.0911 0.0434 80 200 120
-0.0313 0.1021 0.0297 80 200 120
0.0563 0.1841 0.0601 80 200 120
-0.0980 0.0905 0.0288 80 200 120
0.0874 0.1846 0.1387 80 200 120
-0.0143 0.1157 0.0297 80 200 120
0.0287 0.1727 0.0508 80 200 120
-0.0298 0.0641 0.0328 80 200 120
-0.0518 0.2241 0.0430 80 200 120
-0.0801 0.0609 0.0293 80 200 120
0.0083 0.1493 0.1439 80 200 120
-0.0872 -0.0014 0.1364 80 200 120
-0.0361 0.0648 0.0309 80 200 120
-0.0935 0.0711 0.0751 80 200 120
0.0854 0.0952 0.1282 80 200 120
-0.1180 0.0630 0.1090 80 200 120
-0.1055 0.0683 0.1057 80 200 120
0.0222 0.1002 0.0801 80 200 120
-0.0392 0.1012 0.0380 80 200 120
-0.0265 0.0776 0.0412 80 200 120
-0.0116 0.0651 0.0468 80 200 120
-0.0348 0.0622 0.0316 80 200 120
-0.0497 0.0747 0.0547 80 200 120
-0.1316 0.0760 0.1206 80 200 120
-0.0322 0.0885 0.0414 80 200 120
-0.0261 0.0815 0.0494 80 200 120
-0.0063 0.1363 0.0864 80 200 120
-0.0231 0.0753 0.0449 80 200 120
-0.0323 0.0725 0.0346 80 200 120
-0.0397 0.0562 0.0336 80 200 120
-0.0305 0.0936 0.0528 80 200 120
-0.0301 0.0650 0.0320 80 200 120
0.1222 0.1938 0.1718 80 200 120
-0.1369 0.0878 0.0646 80 200 120
0.0465 0.0726 0.1235 80 200 120
-0.0350 0.0620 0.0303 80 200 120
0.0212 0.1365 0.1395 80 200 120
-0.0305 0.0695 0.0334 80 200 120
-0.0558 0.0890 0.0781 80 200 120
-0.0312 0.1006 0.0621 80 200 120
-0.0420 0.1275 0.0704 80 200 120
-0.0236 0.0857 0.0340 80 200 120
-0.0376 0.1137 0.0863 80 200 120
-0.0668 0.0865 0.0330 80 200 120
-0.1191 0.0773 0.0686 80 200 120
0.0105 0.0624 0.0670 80 200 120
-0.0358 0.0612 0.0328 80 200 120
-0.0333 0.0762 0.0517 80 200 120
-0.0350 0.0612 0.0305 80 200 120
0.0177 0.1327 0.0911 80 200 120
-0.0297 0.0888 0.0329 80 200 120
-0.0504 0.0617 0.0377 80 200 120
0.0381 0.0497 0.1459 80 200 120
-0.0692 -0.0703 0.0305 80 200 120
-0.0386 -0.0600 0.0300 80 200 120
-0.0520 -0.0671 0.0302 80 200 120
-0.0410 -0.0629 0.0330 80 200 120
-0.0299 -0.0757 0.0298 80 200 120
-0.0393 -0.0771 0.0298 80 200 120
-0.0751 -0.1167 0.0569 80 200 120
-0.1016 -0.1343 0.0705 80 200 120
-0.0045 -0.1250 0.0705 80 200 120
0.0657 -0.1990 0.0309 80 200 120
-0.1209 -0.1533 0.0541 80 200 120
-0.0343 -0.0625 0.0314 80 200 120
-0.0348 -0.0611 0.0307 80 200 120
-0.0380 -0.1123 0.0285 80 200 120
-0.0164 -0.0777 0.0408 80 200 120
-0.0693 -0.0746 0.0424 80 200 120
-0.1124 -0.1024 0.0556 80 200 120
0.0668 -0.2945 0.0321 80 200 120
-0.0415 -0.0898 0.0537 80 200 120
0.0643 -0.1942 0.0428 80 200 120
0.0057 -0.1072 0.0483 80 200 120
-0.0375 -0.0918 0.0577 80 200 120
-0.0298 -0.0638 0.0339 80 200 120
-0.0028 -0.1187 0.0383 80 200 120
-0.2215 -0.0973 0.0759 80 200 120
0.0273 -0.0708 -0.0288 80 200 120
0.0333 -0.0685 -0.0279 80 200 120
0.0140 -0.1398 -0.0210 80 200 120
0.0884 -0.1483 0.0033 80 200 120
-0.0952 0.0114 -0.0267 80 200 120
0.0337 0.0630 -0.0297 80 200 120
0.0336 0.0757 -0.0283 80 200 120
0.0470 0.0669 -0.0278 80 200 120
0.0355 0.0728 -0.0293 80 200 120
0.0480 0.0595 -0.0288 80 200 120
0.0175 0.1113 -0.0206 80 200 120
0.0680 0.1371 -0.0222 80 200 120
0.2045 0.0945 -0.0002 80 200 120
-0.1515 0.2969 -0.0121 80 200 120
0.0350 0.0606 -0.0300 80 200 120
0.1317 0.0299 0.0292 80 200 120
0.1543 0.1228 0.0288 80 200 120
0.0711 -0.0084 0.0357 80 200 120
0.0748 0.0047 0.0338 80 200 120
0.1982 0.0263 0.0301 80 200 120
0.2664 -0.0517 0.0271 80 200 120
0.0798 -0.0139 0.0308 80 200 120
0.1084 -0.0409 0.0496 80 200 120
0.1227 -0.0586 0.0378 80 200 120
0.2084 -0.1307 0.0867 80 200 120
0.0953 0.0139 0.0543 80 200 120
0.2038 -0.0224 0.0279 80 200 120
0.0770 -0.0062 0.0299 80 200 120
0.0759 0.0058 0.0336 80 200 120
0.1231 -0.0617 0.0468 80 200 120
0.0683 -0.0306 0.0593 80 200 120
0.1607 -0.0183 0.0758 80 200 120
0.1924 -0.0626 0.0313 80 200 120
0.1252 -0.0311 0.0975 80 200 120
0.0886 -0.0239 0.0550 80 200 120
0.0763 -0.0090 0.0317 80 200 120
0.1045 0.0027 0.0476 80 200 120
0.0696 0.0034 0.0342 80 200 120
0.0900 -0.0191 0.0360 80 200 120
0.0697 -0.0008 0.0311 80 200 120
0.1498 0.0379 0.0551 80 200 120
0.0693 0.0062 0.0413 80 200 120
0.0915 0.0177 0.0621 80 200 120
0.1054 -0.0102 0.0327 80 200 120
0.0697 -0.0045 0.0429 80 200 120
0.0853 -0.0370 0.0475 80 200 120
0.0983 0.0942 0.0701 80 200 120
0.0795 -0.0170 0.0454 80 200 120
0.0414 0.0835 0.1547 80 200 120
0.0679 0.0021 0.0333 80 200 120
0.0926 -0.0149 0.0325 80 200 120
0.2049 0.0793 0.0294 80 200 120
0.1135 -0.0527 0.0505 80 200 120
-0.0360 0.0634 0.0300 80 200 120
-0.0425 0.0570 0.0327 80 200 120
-0.0380 0.1011 0.0641 80 200 120
-0.0527 0.0630 0.0357 80 200 120
-0.0118 0.0527 0.0719 80 200 120
-0.1341 0.0640 0.1562 80 200 120
-0.0351 0.0710 0.0361 80 200 120
-0.1438 -0.0492 0.1512 80 200 120
-0.1848 0.1087 0.0276 80 200 120
-0.0209 0.0782 0.0396 80 200 120
-0.0039 0.0907 0.0472 80 200 120
-0.1309 0.1288 0.0614 80 200 120
0.1174 0.1710 0.1332 80 200 120
-0.1923 0.0442 0.0281 80 200 120
-0.0796 0.0878 0.0780 80 200 120
-0.0351 0.0593 0.0332 80 200 120
-0.0257 0.0848 0.0652 80 200 120
-0.0734 0.0680 0.0533 80 200 120
-0.0363 0.0621 0.0320 80 200 120
-0.1794 -0.0278 0.0985 80 200 120
-0.0394 0.0464 0.0492 80 200 120
-0.1465 -0.0053 0.1201 80 200 120
-0.0479 0.0660 0.0326 80 200 120
-0.0695 0.0594 0.0366 80 200 120
-0.0298 0.0633 0.0384 80 200 120
-0.0640 0.0581 0.0430 80 200 120
0.0021 -0.0096 0.1486 80 200 120
-0.0429 0.0105 0.0896 80 200 120
-0.0366 0.0598 0.0315 80 200 120
-0.0508 0.0926 0.0297 80 200 120
-0.0359 0.0798 0.0679 80 200 120
-0.1570 0.0055 0.0599 80 200 120
-0.0428 0.0582 0.0370 80 200 120
-0.1441 0.0713 0.0539 80 200 120
-0.1580 0.1325 0.0800 80 200 120
-0.0302 0.0724 0.0941 80 200 120
-0.0395 0.0574 0.0335 80 200 120
-0.0349 0.0637 0.0430 80 200 120
-0.0358 0.0747 0.0481 80 200 120
-0.0437 -0.0668 0.0300 80 200 120
-0.0170 -0.0823 0.0303 80 200 120
-0.0209 -0.1258 0.0304 80 200 120
-0.0499 -0.0855 0.0426 80 200 120
-0.0568 -0.1411 0.0806 80 200 120
-0.0385 -0.0682 0.0300 80 200 120
-0.1267 0.0109 0.1329 80 200 120
-0.0313 -0.0659 0.0334 80 200 120
-0.0366 -0.0638 0.0314 80 200 120
-0.0367 -0.0637 0.0320 80 200 120
-0.0433 -0.0687 0.0338 80 200 120
-0.1750 -0.1293 0.0960 80 200 120
-0.0341 -0.0614 0.0304 80 200 120
0.0408 -0.1001 0.1178 80 200 120
-0.0615 -0.1319 0.0597 80 200 120
-0.0192 -0.0931 0.0370 80 200 120
-0.0332 -0.0658 0.0321 80 200 120
-0.0504 -0.0573 0.0422 80 200 120
-0.0550 -0.0587 0.0555 80 200 120
-0.0853 -0.1206 0.1390 80 200 120
-0.0293 -0.0678 0.0385 80 200 120
-0.0481 -0.0509 0.0580 80 200 120
-0.0386 -0.0578 0.0352 80 200 120
-0.0351 -0.0608 0.0302 80 200 120
-0.0339 -0.0606 0.0314 80 200 120
-0.0430 -0.0867 0.0670 80 200 120
-0.0384 -0.0803 0.0551 80 200 120
0.0413 -0.0928 0.0968 80 200 120
0.0096 -0.0861 0.0534 80 200 120
-0.0308 -0.0613 0.0338 80 200 120
-0.0243 -0.0605 0.0714 80 200 120
-0.0354 -0.0616 0.0302 80 200 120
0.0103 -0.0815 0.1498 80 200 120
-0.0477 -0.0541 0.0345 80 200 120
-0.0361 -0.0610 0.0309 80 200 120
-0.0997 -0.0995 0.0832 80 200 120
-0.0216 -0.0735 0.0464 80 200 120
0.0011 -0.0873 0.0621 80 200 120
-0.1598 -0.1045 0.0600 80 200 120
-0.0459 -0.0549 0.0607 80 200 120
-0.0350 -0.0627 0.0367 80 200 120
-0.0350 -0.2002 0.1198 80 200 120
-0.0368 -0.0597 0.0315 80 200 120
-0.0277 -0.0650 0.0367 80 200 120
-0.0239 -0.0867 0.0422 80 200 120
-0.0456 -0.0843 0.0569 80 200 120
-0.0365 -0.0618 0.0302 80 200 120
-0.0232 -0.0800 0.0477 80 200 120
-0.0401 -0.0686 0.0379 80 200 120
-0.0982 -0.0208 0.0806 80 200 120
-0.0372 -0.0611 0.0318 80 200 120
-0.1359 0.0046 0.1508 80 200 120
-0.0345 -0.0679 0.0325 80 200 120
-0.1079 -0.0641 0.0624 80 200 120
-0.0430 -0.0606 0.0315 80 200 120
-0.0427 -0.0595 0.0914 80 200 120
-0.0933 -0.0386 0.0815 80 200 120
-0.0498 -0.0872 0.0895 80 200 120
-0.0349 -0.0640 0.0334 80 200 120
-0.0401 -0.0683 0.0311 80 200 120
-0.0375 -0.0679 0.0501 80 200 120
-0.0357 -0.0663 0.0360 80 200 120
-0.0650 -0.0558 0.1381 80 200 120
-0.0985 -0.1302 0.1268 80 200 120
-0.0694 -0.0664 0.0638 80 200 120
-0.0266 -0.0687 0.0504 80 200 120
-0.0529 -0.0620 0.0411 80 200 120
-0.0941 -0.0601 0.1290 80 200 120
-0.0248 -0.0806 0.0384 80 200 120
-0.0400 -0.0575 0.0350 80 200 120
-0.0612 -0.0542 0.0418 80 200 120
-0.0348 -0.0610 0.0311 80 200 120
-0.0358 -0.0600 0.0315 80 200 120
-0.0792 -0.0777 0.0796 80 200 120
-0.0449 -0.0586 0.0456 80 200 120
0.0679 -0.2434 -0.0255 80 200 120
0.1177 -0.1108 -0.0123 80 200 120
-0.0245 -0.1262 -0.0284 80 200 120
0.0337 -0.1658 -0.0287 80 200 120
0.0328 -0.0635 -0.0299 80 200 120
0.0446 -0.0932 -0.0291 80 200 120
0.1245 -0.0714 -0.0293 80 200 120
0.0324 -0.0647 -0.0299 80 200 120
0.0787 -0.1008 -0.0112 80 200 120
0.0226 -0.1964 -0.0270 80 200 120
0.0484 -0.0785 -0.0221 80 200 120
0.0448 -0.0837 -0.0186 80 200 120
0.0497 -0.0910 -0.0251 80 200 120
0.0402 -0.0908 -0.0218 80 200 120
0.0402 -0.0665 -0.0283 80 200 120
0.2363 -0.2951 0.0644 80 200 120
0.0527 -0.1003 -0.0269 80 200 120
0.1102 -0.1101 -0.0224 80 200 120
0.0367 -0.0681 -0.0287 80 200 120
0.0302 -0.0828 -0.0298 80 200 120
0.0893 -0.0888 -0.0144 80 200 120
0.0373 -0.0695 -0.0256 80 200 120
0.0408 -0.0645 -0.0268 80 200 120
0.0412 -0.0609 -0.0298 80 200 120
0.0737 -0.0738 -0.0295 80 200 120
0.0649 -0.0892 -0.0215 80 200 120
0.0431 -0.0631 -0.0277 80 200 120
0.0300 -0.0821 -0.0263 80 200 120
0.0389 -0.0767 -0.0259 80 200 120
0.0395 -0.0761 -0.0278 80 200 120
0.0291 -0.1913 0.0115 80 200 120
0.0398 -0.0867 -0.0200 80 200 120
0.1222 -0.0541 -0.0199 80 200 120
0.0057 -0.1476 -0.0113 80 200 120
0.0564 -0.0982 -0.0238 80 200 120
0.0678 -0.1101 -0.0151 80 200 120
0.0360 -0.0632 -0.0298 80 200 120
0.0636 -0.0810 -0.0248 80 200 120
0.0523 -0.1113 -0.0036 80 200 120
0.2929 -0.0491 -0.0241 80 200 120
0.0999 -0.1121 -0.0031 80 200 120
0.0534 -0.1074 -0.0224 80 200 120
0.0602 -0.1947 0.0394 80 200 120
0.1456 -0.1141 -0.0143 80 200 120
0.0344 -0.0654 -0.0288 80 200 120
0.0347 -0.0709 -0.0276 80 200 120
0.0478 -0.0710 -0.0262 80 200 120
0.0552 -0.0887 -0.0273 80 200 120
0.2082 -0.1828 -0.0272 80 200 120
0.0354 -0.0685 -0.0292 80 200 120
0.0377 -0.0682 -0.0303 80 200 120
-0.0811 -0.0035 -0.0298 80 200 120
-0.0852 -0.0070 -0.0297 80 200 120
-0.0788 -0.0121 -0.0297 80 200 120
-0.2073 -0.2280 -0.0224 80 200 120
-0.1026 -0.0376 -0.0232 80 200 120
-0.2643 -0.1604 -0.0017 80 200 120
-0.1376 0.0478 -0.0286 80 200 120
-0.3439 -0.0674 0.0605 80 200 120
-0.0719 0.0017 -0.0297 80 200 120
-0.1104 0.0298 -0.0158 80 200 120
-0.1631 0.0597 0.0052 80 200 120
-0.0757 -0.0005 -0.0270 80 200 120
-0.0702 -0.0003 -0.0299 80 200 120
-0.0845 -0.0036 -0.0224 80 200 120
-0.0707 0.0001 -0.0296 80 200 120
-0.0871 0.0093 -0.0280 80 200 120
-0.4278 -0.2520 0.0456 80 200 120
-0.0721 0.0000 -0.0293 80 200 120
-0.0862 -0.0050 -0.0236 80 200 120
-0.1813 -0.1058 0.0005 80 200 120
-0.0857 0.0002 -0.0226 80 200 120
-0.2356 0.1143 0.0547 80 200 120
0.0350 0.0607 -0.0301 80 200 120
0.0916 0.0671 -0.0341 80 200 120
0.0311 0.0621 -0.0366 80 200 120
0.0380 0.0693 -0.0289 80 200 120
0.0413 0.0683 -0.0288 80 200 120
0.0782 -0.0075 0.0376 80 200 120
0.0707 -0.0022 0.0314 80 200 120
0.0866 -0.0698 0.1219 80 200 120
0.0711 0.0010 0.0311 80 200 120
0.0759 0.0069 0.0361 80 200 120
0.0521 -0.0755 0.0903 80 200 120
0.0922 0.0107 0.0333 80 200 120
0.0716 0.0029 0.0313 80 200 120
0.0815 0.0152 0.0381 80 200 120
0.0616 0.0377 0.0548 80 200 120
0.0694 0.0055 0.0333 80 200 120
0.0749 0.0514 0.0570 80 200 120
0.0792 0.0410 0.0595 80 200 120
0.0696 0.0032 0.0332 80 200 120
0.1048 -0.0038 0.0465 80 200 120
0.0784 0.0102 0.0375 80 200 120
0.0755 0.0684 0.0575 80 200 120
0.0747 0.0068 0.0343 80 200 120
0.0710 -0.0008 0.0308 80 200 120
0.0656 0.0034 0.0430 80 200 120
0.1524 -0.0374 0.1040 80 200 120
0.0760 -0.0653 0.0438 80 200 120
0.1124 -0.1598 0.0991 80 200 120
0.0410 0.1686 0.1001 80 200 120
-0.1157 0.1237 0.0286 80 200 120
-0.0422 0.1396 0.0295 80 200 120
-0.0712 0.0644 0.0299 80 200 120
-0.0349 0.0695 0.0300 80 200 120
-0.0377 0.0861 0.0375 80 200 120
-0.2405 0.1807 0.0270 80 200 120
-0.1401 -0.0592 0.1257 80 200 120
0.0574 0.1456 0.0928 80 200 120
0.0766 0.2682 0.0504 80 200 120
-0.0316 0.0652 0.0317 80 200 120
-0.0528 0.1051 0.0548 80 200 120
0.0103 0.0719 0.0585 80 200 120
-0.0357 0.0632 0.0312 80 200 120
-0.0995 0.0251 0.0658 80 200 120
-0.1036 -0.0459 0.1311 80 200 120
-0.0316 0.0709 0.0349 80 200 120
-0.0274 0.0949 0.1000 80 200 120
-0.0360 0.0615 0.0329 80 200 120
-0.0589 0.0464 0.0375 80 200 120
-0.0299 0.0693 0.0340 80 200 120
-0.0346 0.0618 0.0306 80 200 120
0.0081 0.0673 0.1046 80 200 120
-0.0841 0.1093 0.1359 80 200 120
-0.0439 0.0919 0.0489 80 200 120
-0.0414 0.0683 0.0650 80 200 120
-0.0777 -0.0023 0.0828 80 200 120
-0.0631 0.0783 0.0887 80 200 120
-0.0397 -0.0685 0.0329 80 200 120
-0.0239 -0.0601 0.0398 80 200 120
-0.0619 -0.0622 0.0297 80 200 120
-0.0340 -0.0633 0.0305 80 200 120
0.0502 -0.1364 0.1068 80 200 120
-0.0353 -0.0613 0.0302 80 200 120
-0.0347 -0.0623 0.0315 80 200 120
-0.1045 -0.0329 0.0543 80 200 120
-0.1094 -0.0586 0.0295 80 200 120
-0.0268 -0.0626 0.0442 80 200 120
0.0490 -0.1544 0.0558 80 200 120
-0.0220 -0.1177 0.0505 80 200 120
-0.0248 -0.0780 0.0345 80 200 120
-0.0451 -0.1093 0.0415 80 200 120
-0.0166 -0.0672 0.0424 80 200 120
-0.0268 -0.0830 0.0498 80 200 120
-0.3242 0.0238 0.1305 80 200 120
-0.0349 -0.0616 0.0309 80 200 120
-0.2468 -0.0979 0.0312 80 200 120
-0.0932 -0.1103 0.0729 80 200 120
-0.0394 -0.0598 0.0315 80 200 120
-0.0236 -0.1046 0.0390 80 200 120
-0.0418 -0.0639 0.0365 80 200 120
-0.0359 -0.0622 0.0313 80 200 120
-0.0598 -0.1160 0.0586 80 200 120
-0.0574 -0.0826 0.0321 80 200 120
-0.0325 -0.0605 0.0341 80 200 120
-0.0195 -0.0649 0.0407 80 200 120
-0.1644 0.0210 0.0732 80 200 120
-0.0273 -0.0792 0.0322 80 200 120
-0.0310 -0.1031 0.0293 80 200 120
-0.0741 -0.0556 0.0502 80 200 120
-0.0103 -0.0726 0.0451 80 200 120
-0.0865 -0.1261 0.0807 80 200 120
-0.0373 -0.0601 0.0314 80 200 120
-0.0339 -0.0607 0.0329 80 200 120
-0.0155 -0.0714 0.0365 80 200 120
-0.0341 -0.0612 0.0315 80 200 120
-0.0329 -0.0632 0.0349 80 200 120
-0.0354 -0.0609 0.0310 80 200 120
-0.0358 -0.0611 0.0310 80 200 120
-0.0326 -0.0626 0.0311 80 200 120
-0.0232 -0.0731 0.0314 80 200 120
0.0412 -0.0808 -0.0220 80 200 120
0.0514 -0.0893 -0.0220 80 200 120
0.0398 -0.0672 -0.0286 80 200 120
0.1009 -0.1735 0.0434 80 200 120
0.0267 -0.0890 -0.0296 80 200 120
0.0532 -0.0982 -0.0198 80 200 120
-0.0101 -0.1609 -0.0264 80 200 120
0.0159 -0.1049 -0.0226 80 200 120
0.0351 -0.0693 -0.0285 80 200 120
0.0800 -0.0672 -0.0268 80 200 120
0.0466 -0.1439 -0.0204 80 200 120
0.0338 -0.0639 -0.0300 80 200 120
0.0555 -0.0813 -0.0193 80 200 120
0.0403 -0.0649 -0.0296 80 200 120
-0.0837 -0.0143 -0.0295 80 200 120
-0.0821 -0.0071 -0.0245 80 200 120
-0.1178 -0.0271 -0.0286 80 200 120
-0.1247 0.0137 -0.0293 80 200 120
-0.1518 0.0787 -0.0273 80 200 120
-0.1061 0.0072 -0.0270 80 200 120
-0.1181 -0.0032 -0.0117 80 200 120
-0.0816 0.0153 -0.0299 80 200 120
-0.1071 0.0111 -0.0269 80 200 120
-0.0883 0.0023 -0.0252 80 200 120
-0.0938 0.0080 -0.0183 80 200 120
-0.0748 0.0011 -0.0286 80 200 120
-0.2995 0.0194 0.0917 80 200 120
-0.0725 -0.0005 -0.0286 80 200 120
-0.1138 0.0146 -0.0307 80 200 120
-0.0713 -0.0035 -0.0300 80 200 120
-0.0813 0.0116 -0.0258 80 200 120
-0.1506 0.2247 -0.0245 80 200 120
-0.0882 0.0388 -0.0292 80 200 120
-0.0736 0.0021 -0.0283 80 200 120
0.0662 0.1111 -0.0276 80 200 120
0.0925 0.1719 -0.0275 80 200 120
0.0298 0.0857 -0.0292 80 200 120
0.0302 0.0753 -0.0286 80 200 120
0.0324 0.0664 -0.0298 80 200 120
0.1699 0.0723 -0.0288 80 200 120
0.0932 0.0956 -0.0294 80 200 120
0.0360 0.0702 -0.0299 80 200 120
0.1377 0.0520 -0.0281 80 200 120
0.0588 0.0657 -0.0298 80 200 120
0.0349 0.0650 -0.0299 80 200 120
0.0334 0.0636 -0.0299 80 200 120
0.0358 0.0628 -0.0300 80 200 120
0.0342 0.0624 -0.0298 80 200 120
0.0866 0.1091 -0.0291 80 200 120
0.0485 0.0671 -0.0300 80 200 120
0.0355 0.0618 -0.0300 80 200 120
0.0784 0.0596 -0.0261 80 200 120
0.0549 0.0812 -0.0267 80 200 120
0.0346 0.0629 -0.0298 80 200 120
-0.0071 0.1903 -0.0271 80 200 120
0.0221 0.0798 -0.0300 80 200 120
0.0335 0.0653 -0.0303 80 200 120
0.0303 0.0682 -0.0295 80 200 120
0.0489 0.0629 -0.0289 80 200 120
0.0425 0.0670 -0.0292 80 200 120
0.0310 0.0810 -0.0310 80 200 120
0.0689 0.0703 -0.0320 80 200 120
0.0720 -0.0024 0.0300 80 200 120
0.1004 -0.0134 0.0380 80 200 120
0.0730 0.0003 0.0300 80 200 120
0.0760 -0.0108 0.0328 80 200 120
0.2121 -0.1040 0.0297 80 200 120
0.0771 0.0011 0.0345 80 200 120
0.0813 -0.0258 0.0461 80 200 120
0.0723 0.0058 0.0371 80 200 120
0.0748 0.0016 0.0341 80 200 120
0.0747 -0.0078 0.0350 80 200 120
0.1273 -0.0568 0.0673 80 200 120
0.0668 -0.0150 0.0403 80 200 120
0.0746 -0.0121 0.0340 80 200 120
0.0719 -0.0022 0.0318 80 200 120
0.0904 -0.0427 0.0297 80 200 120
0.0904 0.0199 0.0302 80 200 120
0.1220 0.0196 0.0359 80 200 120
0.0707 0.0064 0.0346 80 200 120
0.0688 0.0011 0.0331 80 200 120
0.0863 0.0036 0.0537 80 200 120
0.0729 0.0010 0.0331 80 200 120
0.0704 0.0115 0.0369 80 200 120
0.0980 -0.0011 0.0379 80 200 120
0.0664 0.0169 0.0453 80 200 120
0.0813 0.0241 0.0454 80 200 120
0.0701 -0.0002 0.0303 80 200 120
0.0732 -0.0098 0.0319 80 200 120
0.0726 -0.0066 0.0351 80 200 120
0.0701 -0.0003 0.0304 80 200 120
0.0720 0.0004 0.0324 80 200 120
0.0764 0.0182 0.0434 80 200 120
0.0789 0.0020 0.0367 80 200 120
0.0765 0.0002 0.0352 80 200 120
0.0815 0.0308 0.0574 80 200 120
0.0857 -0.0196 0.0430 80 200 120
0.0771 0.0134 0.0377 80 200 120
0.0910 -0.0063 0.0490 80 200 120
0.0840 0.0290 0.0300 80 200 120
0.0686 -0.0041 0.0326 80 200 120
0.0800 0.0254 0.0297 80 200 120
0.0868 0.0524 0.0297 80 200 120
0.0752 -0.0054 0.0366 80 200 120
0.1236 0.2339 0.0306 80 200 120
0.0394 0.1437 0.0478 80 200 120
-0.0357 0.0661 0.0324 80 200 120
-0.0259 0.0698 0.0381 80 200 120
0.0189 0.2043 0.0290 80 200 120
-0.0365 0.0748 0.0311 80 200 120
-0.0545 0.0607 0.0297 80 200 120
-0.0301 0.0706 0.0429 80 200 120
-0.0509 0.0759 0.0297 80 200 120
-0.0173 0.0739 0.0378 80 200 120
-0.0487 0.0655 0.0348 80 200 120
-0.0371 0.0606 0.0320 80 200 120
-0.0147 0.0789 0.0536 80 200 120
-0.0329 0.0632 0.0326 80 200 120
-0.0127 0.0813 0.0391 80 200 120
-0.0312 0.0638 0.0334 80 200 120
-0.0409 0.0622 0.0320 80 200 120
-0.0428 0.0596 0.0378 80 200 120
-0.0419 0.0629 0.0467 80 200 120
-0.0332 0.0630 0.0336 80 200 120
-0.0285 0.0736 0.0350 80 200 120
-0.0576 0.0651 0.0404 80 200 120
-0.0333 0.0563 0.0599 80 200 120
-0.0655 0.0629 0.0450 80 200 120
-0.0346 0.0605 0.0306 80 200 120
-0.0794 0.0595 0.0342 80 200 120
-0.0356 0.0623 0.0315 80 200 120
-0.0359 0.0626 0.0305 80 200 120
-0.0428 0.0625 0.0390 80 200 120
-0.0334 0.0615 0.0315 80 200 120
0.1119 0.0452 0.1568 80 200 120
-0.0369 -0.0635 0.0319 80 200 120
-0.1913 -0.2359 0.0317 80 200 120
-0.0466 -0.0668 0.0301 80 200 120
-0.0473 -0.0778 0.0383 80 200 120
-0.0327 -0.0646 0.0300 80 200 120
0.0144 -0.1285 0.0305 80 200 120
-0.0483 -0.0678 0.0344 80 200 120
-0.0183 -0.0831 0.0322 80 200 120
-0.0192 -0.0786 0.0371 80 200 120
-0.0559 -0.0564 0.0500 80 200 120
-0.0799 -0.1175 0.0400 80 200 120
-0.1135 -0.1505 0.0910 80 200 120
-0.0291 -0.0712 0.0315 80 200 120
-0.0293 -0.0682 0.0317 80 200 120
-0.0466 -0.0970 0.0320 80 200 120
-0.0580 -0.0535 0.0560 80 200 120
-0.0439 -0.0624 0.0322 80 200 120
-0.0567 -0.0785 0.0416 80 200 120
-0.0549 -0.0748 0.0367 80 200 120
-0.0437 -0.0606 0.0491 80 200 120
-0.0351 -0.0618 0.0325 80 200 120
-0.0580 -0.0649 0.0611 80 200 120
-0.0296 -0.0680 0.0363 80 200 120
0.0487 -0.0756 -0.0279 80 200 120
0.0373 -0.0643 -0.0299 80 200 120
0.0399 -0.0614 -0.0290 80 200 120
0.1516 -0.1145 0.0123 80 200 120
0.0528 -0.0584 -0.0297 80 200 120
0.0004 -0.1058 -0.0248 80 200 120
0.0308 -0.0792 -0.0250 80 200 120
0.0437 -0.0750 -0.0246 80 200 120
0.0364 -0.0609 -0.0297 80 200 120
0.2241 -0.0704 0.0115 80 200 120
0.0343 -0.0639 -0.0288 80 200 120
0.0260 -0.0959 -0.0230 80 200 120
0.0350 -0.0695 -0.0265 80 200 120
0.0313 -0.1265 -0.0242 80 200 120
-0.0837 -0.0110 -0.0296 80 200 120
-0.0836 -0.0149 -0.0252 80 200 120
-0.1305 -0.0407 -0.0286 80 200 120
-0.2282 -0.1593 0.0455 80 200 120
-0.0843 0.0054 -0.0246 80 200 120
-0.0844 0.0161 -0.0293 80 200 120
-0.0867 0.0090 -0.0239 80 200 120
-0.0880 -0.0250 -0.0266 80 200 120
-0.0721 -0.0009 -0.0295 80 200 120
-0.0848 -0.0036 -0.0283 80 200 120
-0.0732 0.0005 -0.0289 80 200 120
-0.0995 -0.0046 -0.0244 80 200 120
-0.0901 -0.0004 -0.0257 80 200 120
-0.1355 -0.0369 -0.0124 80 200 120
-0.0911 -0.0066 -0.0236 80 200 120
-0.0791 -0.0009 -0.0289 80 200 120
-0.0714 -0.0002 -0.0300 80 200 120
-0.0886 -0.0320 -0.0234 80 200 120
-0.0715 0.0006 -0.0292 80 200 120
-0.0778 -0.0018 -0.0284 80 200 120
-0.0816 0.0082 -0.0279 80 200 120
-0.0852 -0.0079 -0.0228 80 200 120
-0.0732 0.0010 -0.0291 80 200 120
-0.0921 0.0180 -0.0242 80 200 120
-0.0741 -0.0013 -0.0291 80 200 120
-0.0706 -0.0003 -0.0299 80 200 120
-0.0757 -0.0022 -0.0290 80 200 120
-0.0793 -0.0060 -0.0266 80 200 120
-0.0709 -0.0008 -0.0297 80 200 120
-0.0711 0.0003 -0.0295 80 200 120
-0.0778 -0.0000 -0.0270 80 200 120
-0.0911 0.0027 -0.0275 80 200 120
-0.1476 -0.1048 -0.0056 80 200 120
-0.0907 -0.0016 -0.0194 80 200 120
-0.0916 -0.0353 -0.0256 80 200 120
0.0442 0.0712 -0.0297 80 200 120
0.0319 0.0867 -0.0295 80 200 120
0.0593 0.0569 -0.0298 80 200 120
0.0547 0.0720 -0.0280 80 200 120
0.0393 0.0635 -0.0296 80 200 120
0.0530 0.0620 -0.0280 80 200 120
0.0422 0.0630 -0.0290 80 200 120
0.0366 0.1024 -0.0276 80 200 120
0.0377 0.0669 -0.0294 80 200 120
0.0375 0.0632 -0.0302 80 200 120
0.0403 0.0646 -0.0305 80 200 120
0.0357 0.0618 -0.0301 80 200 120
0.0279 0.0750 -0.0267 80 200 120
0.0351 0.0633 -0.0301 80 200 120
0.0350 0.0607 -0.0300 80 200 120
0.0869 0.0035 0.0300 80 200 120
0.2264 -0.0411 0.0277 80 200 120
0.1507 0.0545 0.0300 80 200 120
0.0859 0.0232 0.0397 80 200 120
0.1053 -0.0180 0.0304 80 200 120
0.1309 -0.1007 0.0300 80 200 120
0.0984 -0.0450 0.0517 80 200 120
0.0708 -0.0011 0.0313 80 200 120
0.0751 -0.0178 0.0439 80 200 120
0.0922 -0.0141 0.0477 80 200 120
0.0770 -0.0039 0.0386 80 200 120
0.1272 -0.0219 0.0294 80 200 120
0.0703 -0.0013 0.0306 80 200 120
0.1599 0.1028 0.0629 80 200 120
0.0899 0.0631 0.1163 80 200 120
0.0755 0.0004 0.0328 80 200 120
0.0721 -0.0020 0.0306 80 200 120
0.0726 -0.0003 0.0344 80 200 120
0.0714 0.0006 0.0304 80 200 120
0.0958 -0.0073 0.0319 80 200 120
0.0772 -0.0004 0.0367 80 200 120
0.0655 0.0131 0.0496 80 200 120
0.0720 0.0148 0.0580 80 200 120
0.0693 -0.0033 0.0318 80 200 120
-0.0137 0.0894 0.0370 80 200 120
-0.0532 0.0639 0.0298 80 200 120
-0.0250 0.0734 0.0302 80 200 120
-0.0224 0.0642 0.0403 80 200 120
0.0383 0.1438 0.0391 80 200 120
-0.0263 0.0811 0.0489 80 200 120
-0.0305 0.0725 0.0388 80 200 120
-0.0529 0.0587 0.0298 80 200 120
-0.0555 0.0434 0.0553 80 200 120
-0.0326 0.0670 0.0392 80 200 120
-0.0303 0.0613 0.0355 80 200 120
-0.0396 0.0578 0.0322 80 200 120
-0.0497 0.0676 0.0351 80 200 120
-0.0471 0.0535 0.0398 80 200 120
-0.0466 0.0655 0.0322 80 200 120
-0.0350 0.0612 0.0313 80 200 120
-0.0468 0.0553 0.0329 80 200 120
-0.0105 0.0781 0.0376 80 200 120
-0.0473 0.0678 0.0350 80 200 120
-0.1099 -0.1604 0.0312 80 200 120
-0.0554 -0.1372 0.0289 80 200 120
-0.0317 -0.0760 0.0301 80 200 120
-0.0455 -0.0723 0.0365 80 200 120
-0.1635 -0.1990 0.0662 80 200 120
-0.0282 -0.0762 0.0302 80 200 120
-0.0310 -0.0627 0.0346 80 200 120
-0.0241 -0.0830 0.0349 80 200 120
-0.0349 -0.0611 0.0304 80 200 120
-0.0618 -0.0743 0.0361 80 200 120
-0.0338 -0.0655 0.0306 80 200 120
-0.0370 -0.0630 0.0344 80 200 120
-0.0406 -0.0784 0.0553 80 200 120
-0.0316 -0.0633 0.0307 80 200 120
-0.0022 -0.0744 0.0587 80 200 120
-0.0287 -0.0604 0.0545 80 200 120
-0.0307 -0.0638 0.0339 80 200 120
-0.0428 -0.0565 0.0519 80 200 120
-0.0702 -0.1124 0.0457 80 200 120
-0.0332 -0.0636 0.0327 80 200 120
-0.0494 -0.0513 0.0473 80 200 120
-0.0345 -0.0693 0.0330 80 200 120
-0.0343 -0.0678 0.0340 80 200 120
-0.0353 -0.0616 0.0322 80 200 120
-0.0363 -0.0700 0.0401 80 200 120
-0.0356 -0.0605 0.0321 80 200 120
0.0055 -0.1175 0.0485 80 200 120
-0.0398 -0.0606 0.0380 80 200 120
-0.0089 -0.0778 0.0405 80 200 120
-0.0406 -0.0628 0.0363 80 200 120
0.0431 -0.1057 -0.0289 80 200 120
0.0343 -0.1069 -0.0294 80 200 120
0.0370 -0.0853 -0.0294 80 200 120
0.0355 -0.0624 -0.0300 80 200 120
0.0872 -0.0668 -0.0295 80 200 120
0.0254 -0.1638 -0.0277 80 200 120
0.0497 -0.0912 -0.0251 80 200 120
0.0450 -0.0720 -0.0267 80 200 120
0.0499 -0.0704 -0.0285 80 200 120
0.0676 -0.0756 -0.0292 80 200 120
0.0575 -0.1671 -0.0117 80 200 120
0.0797 -0.0837 -0.0171 80 200 120
0.0501 -0.0750 -0.0257 80 200 120
0.0173 -0.1112 -0.0232 80 200 120
0.0579 -0.1401 -0.0188 80 200 120
0.0325 -0.1153 -0.0126 80 200 120
0.0358 -0.0612 -0.0297 80 200 120
0.0677 -0.0686 -0.0255 80 200 120
0.0573 -0.0858 -0.0142 80 200 120
0.0571 -0.0994 -0.0236 80 200 120
0.0528 -0.0875 -0.0219 80 200 120
0.0362 -0.0641 -0.0297 80 200 120
0.1810 -0.1645 -0.0035 80 200 120
0.0280 -0.0732 -0.0292 80 200 120
0.0473 -0.0601 -0.0297 80 200 120
0.1083 -0.1187 0.0003 80 200 120
0.0864 -0.1916 -0.0089 80 200 120
0.0646 -0.0749 -0.0259 80 200 120
0.0344 -0.0745 -0.0268 80 200 120
0.0553 -0.0889 -0.0272 80 200 120
0.0545 -0.0743 -0.0297 80 200 120
0.0496 -0.0595 -0.0283 80 200 120
-0.0820 -0.0047 -0.0237 80 200 120
-0.1267 -0.0135 -0.0293 80 200 120
-0.1035 -0.0277 -0.0251 80 200 120
-0.1365 0.0471 -0.0287 80 200 120
-0.1204 -0.0124 -0.0133 80 200 120
-0.1208 0.0375 -0.0122 80 200 120
-0.0885 0.0096 -0.0295 80 200 120
-0.0886 0.0076 -0.0294 80 200 120
-0.1080 -0.0361 -0.0196 80 200 120
-0.2617 -0.0314 0.0539 80 200 120
-0.0718 0.0007 -0.0297 80 200 120
-0.0848 -0.0026 -0.0283 80 200 120
-0.1014 -0.0011 -0.0295 80 200 120
-0.1046 -0.0411 -0.0289 80 200 120
-0.1154 0.0536 -0.0155 80 200 120
-0.0895 0.0031 -0.0262 80 200 120
0.0581 0.1542 -0.0289 80 200 120
0.1394 0.0964 -0.0279 80 200 120
0.0879 0.0741 -0.0246 80 200 120
-0.0669 0.1897 -0.0203 80 200 120
0.0351 0.0630 -0.0296 80 200 120
0.0344 0.0613 -0.0300 80 200 120
0.0350 0.0606 -0.0300 80 200 120
0.0350 0.0606 -0.0301 80 200 120
0.0350 0.0606 -0.0300 80 200 120
0.1348 0.1082 0.0312 80 200 120
0.2682 0.0958 0.0274 80 200 120
0.1269 0.0828 0.0292 80 200 120
0.0754 0.0104 0.0317 80 200 120
0.2418 0.0518 0.0286 80 200 120
0.1606 -0.0065 0.0305 80 200 120
0.0710 -0.0034 0.0313 80 200 120
0.1002 -0.0322 0.0454 80 200 120
0.1180 0.0385 0.0300 80 200 120
0.0920 -0.0208 0.0390 80 200 120
0.0816 0.0062 0.0411 80 200 120
0.1632 -0.0157 0.0285 80 200 120
0.2883 0.0835 0.0278 80 200 120
0.0799 -0.0092 0.0392 80 200 120
0.0778 0.0062 0.0335 80 200 120
0.1690 0.0901 0.1234 80 200 120
0.0739 -0.0162 0.0513 80 200 120
0.0840 0.0085 0.0320 80 200 120
0.1356 -0.0763 0.0508 80 200 120
0.0662 0.0838 0.1000 80 200 120
0.0695 -0.0026 0.0332 80 200 120
0.0846 0.0109 0.0433 80 200 120
0.0817 -0.0024 0.0359 80 200 120
0.1300 0.0726 0.0377 80 200 120
0.0705 0.0006 0.0307 80 200 120
0.0711 -0.0078 0.0372 80 200 120
0.1023 0.0422 0.0528 80 200 120
0.1029 -0.0075 0.0364 80 200 120
0.0724 -0.0030 0.0331 80 200 120
0.0893 0.0055 0.0425 80 200 120
0.0748 -0.0037 0.0345 80 200 120
0.0682 0.0009 0.0327 80 200 120
0.1073 0.0029 0.0705 80 200 120
0.0704 -0.0176 0.0422 80 200 120
0.1132 -0.1797 0.0543 80 200 120
0.0563 -0.0217 0.0778 80 200 120
0.0705 0.0023 0.0317 80 200 120
0.1145 0.0145 0.0544 80 200 120
0.0703 0.0002 0.0304 80 200 120
0.0737 0.0027 0.0342 80 200 120
0.0700 -0.0002 0.0305 80 200 120
0.0927 -0.0112 0.1018 80 200 120
0.0952 0.0246 0.0412 80 200 120
0.0710 -0.0025 0.0312 80 200 120
0.0716 0.0055 0.0323 80 200 120
0.0882 -0.0154 0.0402 80 200 120
0.0683 0.0154 0.0459 80 200 120
0.0705 -0.0001 0.0304 80 200 120
0.1443 -0.0490 0.0382 80 200 120
0.0737 -0.0068 0.0371 80 200 120
0.0702 0.0022 0.0309 80 200 120
0.0900 0.0161 0.0454 80 200 120
0.0644 0.0041 0.0466 80 200 120
0.1285 -0.0709 0.0575 80 200 120
0.0961 -0.0119 0.0535 80 200 120
0.1384 0.0458 0.0828 80 200 120
0.0795 -0.0032 0.0324 80 200 120
-0.0477 0.0705 0.0298 80 200 120
-0.0581 0.3142 0.0283 80 200 120
-0.0308 0.0669 0.0301 80 200 120
-0.0411 0.0820 0.0299 80 200 120
-0.0415 0.0578 0.0332 80 200 120
-0.0231 0.0832 0.0300 80 200 120
-0.0330 0.0827 0.0299 80 200 120
-0.0864 0.0849 0.0291 80 200 120
-0.0308 0.0680 0.0314 80 200 120
-0.0304 0.0845 0.0301 80 200 120
-0.0388 0.0628 0.0300 80 200 120
-0.0286 0.0698 0.0313 80 200 120
-0.0439 0.0504 0.0381 80 200 120
-0.0285 0.0845 0.0303 80 200 120
-0.0372 0.0717 0.0376 80 200 120
0.0649 0.1524 0.0979 80 200 120
-0.0377 0.0976 0.0612 80 200 120
-0.0433 0.0670 0.0353 80 200 120
-0.0272 0.0751 0.0315 80 200 120
-0.0358 0.0596 0.0316 80 200 120
-0.0441 0.0615 0.0398 80 200 120
-0.0636 0.0740 0.0563 80 200 120
0.1246 0.1710 0.1700 80 200 120
-0.0652 0.0645 0.0399 80 200 120
-0.0364 0.0739 0.0326 80 200 120
-0.0315 0.0645 0.0313 80 200 120
-0.0362 0.0636 0.0316 80 200 120
-0.0058 0.0506 0.0827 80 200 120
-0.0434 0.0608 0.0408 80 200 120
-0.0397 0.0651 0.0379 80 200 120
-0.0412 0.0571 0.0335 80 200 120
-0.0407 0.0615 0.0354 80 200 120
-0.0351 0.0999 0.0532 80 200 120
-0.0309 0.1013 0.0468 80 200 120
-0.0907 0.0042 0.0922 80 200 120
-0.0673 0.0710 0.0295 80 200 120
-0.0343 0.0638 0.0313 80 200 120
-0.1863 0.1682 0.0796 80 200 120
-0.0275 0.0660 0.0351 80 200 120
-0.0344 0.0648 0.0329 80 200 120
-0.0451 0.0667 0.0410 80 200 120
-0.1168 0.0762 0.0799 80 200 120
-0.0349 0.0672 0.0314 80 200 120
-0.0367 0.0579 0.0326 80 200 120
-0.0335 0.0651 0.0322 80 200 120
-0.0696 0.1079 0.1104 80 200 120
-0.0340 0.0650 0.0391 80 200 120
-0.0347 0.0638 0.0326 80 200 120
-0.0450 0.1561 0.0877 80 200 120
-0.0173 0.0994 0.0363 80 200 120
-0.3105 -0.1155 0.3802 80 200 120
-0.0351 0.0631 0.0327 80 200 120
-0.0568 0.0597 0.0342 80 200 120
-0.0705 0.0895 0.0333 80 200 120
-0.0201 0.0612 0.0421 80 200 120
-0.0337 0.0726 0.0469 80 200 120
-0.0125 0.0720 0.0660 80 200 120
-0.0326 0.0638 0.0328 80 200 120
-0.0321 0.0552 0.0392 80 200 120
-0.0381 0.0410 0.0533 80 200 120
-0.1140 0.2200 0.0286 80 200 120
0.0211 0.0939 0.0704 80 200 120
-0.0322 0.0678 0.0341 80 200 120
-0.0313 0.0612 0.0364 80 200 120
-0.0437 0.0692 0.0488 80 200 120
-0.0359 0.0600 0.0317 80 200 120
-0.0361 0.0602 0.0310 80 200 120
-0.0865 0.0656 0.0414 80 200 120
-0.0414 0.0831 0.0437 80 200 120
-0.0358 0.0616 0.0344 80 200 120
-0.0394 0.0540 0.0355 80 200 120
-0.0344 0.0621 0.0385 80 200 120
-0.0632 0.0782 0.0892 80 200 120
-0.0587 0.0887 0.1008 80 200 120
-0.0519 -0.0890 0.0305 80 200 120
0.0577 -0.1723 0.0318 80 200 120
-0.0061 -0.1465 0.0289 80 200 120
-0.0687 -0.0899 0.0303 80 200 120
-0.0584 -0.1474 0.0846 80 200 120
0.0677 -0.0567 0.1204 80 200 120
-0.0292 -0.0728 0.0376 80 200 120
-0.0351 -0.0608 0.0300 80 200 120
-0.0390 -0.0575 0.0345 80 200 120
-0.0334 -0.0620 0.0315 80 200 120
-0.0436 -0.2123 0.0256 80 200 120
-0.0302 -0.0650 0.0328 80 200 120
-0.0609 -0.0712 0.0394 80 200 120
-0.0402 -0.0842 0.0491 80 200 120
-0.0446 -0.0653 0.0345 80 200 120
-0.0423 -0.1526 0.1114 80 200 120
-0.0064 -0.0783 0.0516 80 200 120
-0.0353 -0.0633 0.0315 80 200 120
-0.0530 -0.1092 0.0503 80 200 120
-0.0839 -0.0412 0.0471 80 200 120
-0.0445 -0.0604 0.0299 80 200 120
-0.0386 -0.0603 0.0346 80 200 120
-0.0387 -0.0642 0.0334 80 200 120
0.0066 -0.1071 0.0428 80 200 120
-0.0303 -0.0809 0.0373 80 200 120
-0.0339 -0.0619 0.0316 80 200 120
-0.0360 -0.0656 0.0312 80 200 120
-0.0253 -0.0642 0.0366 80 200 120
-0.0326 -0.0672 0.0358 80 200 120
-0.0421 -0.0585 0.0325 80 200 120
-0.0284 -0.0798 0.0496 80 200 120
-0.0391 -0.0641 0.0330 80 200 120
-0.0350 -0.0644 0.0311 80 200 120
-0.0262 -0.0948 0.0371 80 200 120
-0.0360 -0.0663 0.0372 80 200 120
0.0071 -0.1031 0.0635 80 200 120
-0.0382 -0.0638 0.0303 80 200 120
-0.0351 -0.0609 0.0301 80 200 120
-0.0422 -0.0600 0.0370 80 200 120
-0.0339 -0.0611 0.0328 80 200 120
-0.0310 -0.0617 0.0328 80 200 120
-0.0523 -0.0711 0.0443 80 200 120
-0.0298 -0.0656 0.0364 80 200 120
-0.0392 -0.0621 0.0310 80 200 120
-0.0343 -0.0623 0.0302 80 200 120
-0.0349 -0.0679 0.0523 80 200 120
-0.0346 -0.0653 0.0300 80 200 120
-0.0358 -0.0605 0.0304 80 200 120
-0.0315 -0.0628 0.0333 80 200 120
0.0424 -0.0984 0.0772 80 200 120
-0.0939 -0.1358 0.0882 80 200 120
-0.0366 -0.0642 0.0340 80 200 120
-0.0250 -0.0797 0.0548 80 200 120
-0.0446 -0.0546 0.0377 80 200 120
-0.0321 -0.0664 0.0406 80 200 120
-0.1881 -0.0683 0.0981 80 200 120
-0.1043 -0.0344 0.0911 80 200 120
-0.0435 -0.0759 0.0643 80 200 120
-0.0667 -0.1091 0.0368 80 200 120
-0.0381 -0.0702 0.0560 80 200 120
-0.0357 -0.0615 0.0312 80 200 120
-0.0558 -0.0642 0.0506 80 200 120
-0.0309 -0.0645 0.0398 80 200 120
-0.0176 -0.0804 0.0510 80 200 120
0.0415 -0.1033 0.0557 80 200 120
-0.0393 -0.0868 0.0480 80 200 120
-0.0328 -0.0648 0.0318 80 200 120
-0.0183 -0.0813 0.0683 80 200 120
-0.0387 -0.0597 0.0317 80 200 120
-0.0512 -0.1854 0.0272 80 200 120
-0.0387 -0.0623 0.0377 80 200 120
-0.0630 -0.0551 0.0744 80 200 120
0.1317 -0.2371 0.0502 80 200 120
0.0644 -0.0785 -0.0237 80 200 120
-0.0060 -0.1060 -0.0288 80 200 120
0.0367 -0.0623 -0.0299 80 200 120
0.0590 -0.0703 -0.0232 80 200 120
0.1005 -0.1209 -0.0019 80 200 120
0.1476 -0.2346 0.0566 80 200 120
0.1167 -0.2042 0.0100 80 200 120
0.0376 -0.0629 -0.0296 80 200 120
0.1008 -0.1487 0.0087 80 200 120
0.0484 -0.0921 -0.0144 80 200 120
0.0413 -0.0966 -0.0202 80 200 120
0.0478 -0.0755 -0.0240 80 200 120
0.0754 -0.1513 -0.0228 80 200 120
0.0622 -0.1275 -0.0055 80 200 120
0.0455 -0.0631 -0.0298 80 200 120
0.0728 -0.1252 0.0120 80 200 120
0.0364 -0.0645 -0.0291 80 200 120
0.0766 -0.1416 0.0066 80 200 120
0.0442 -0.0978 -0.0205 80 200 120
0.0402 -0.0714 -0.0271 80 200 120
0.0444 -0.1115 -0.0105 80 200 120
0.0474 -0.0967 -0.0112 80 200 120
0.0351 -0.0664 -0.0290 80 200 120
0.1253 -0.1340 -0.0034 80 200 120
0.0363 -0.0840 -0.0277 80 200 120
0.0541 -0.1143 -0.0318 80 200 120
0.0501 -0.1683 -0.0176 80 200 120
0.0879 -0.0535 -0.0287 80 200 120
0.0345 -0.0648 -0.0287 80 200 120
0.0277 -0.0751 -0.0275 80 200 120
0.0348 -0.0627 -0.0296 80 200 120
-0.0793 -0.0030 -0.0298 80 200 120
-0.1135 0.0062 -0.0291 80 200 120
-0.1496 -0.1322 -0.0256 80 200 120
-0.1345 -0.0275 -0.0013 80 200 120
-0.1005 -0.0353 -0.0236 80 200 120
-0.0789 -0.0053 -0.0259 80 200 120
-0.0894 -0.0110 -0.0294 80 200 120
-0.1835 -0.0001 -0.0174 80 200 120
-0.1556 -0.0373 -0.0203 80 200 120
-0.0973 0.0174 -0.0196 80 200 120
-0.1748 0.1008 -0.0265 80 200 120
-0.1987 0.0361 0.0178 80 200 120
-0.0884 -0.0142 -0.0231 80 200 120
-0.1502 0.0698 0.0016 80 200 120
-0.1645 0.1555 -0.0280 80 200 120
-0.1028 -0.0082 -0.0127 80 200 120
-0.2532 0.0073 -0.0260 80 200 120
-0.0995 0.0160 -0.0264 80 200 120
-0.2077 -0.0972 -0.0006 80 200 120
-0.1444 -0.0232 -0.0004 80 200 120
-0.1726 0.0006 0.0187 80 200 120
-0.1589 0.0067 -0.0154 80 200 120
-0.2955 -0.0155 0.0557 80 200 120
-0.0755 0.0016 -0.0296 80 200 120
-0.1175 0.0217 -0.0086 80 200 120
-0.1057 0.0042 -0.0205 80 200 120
-0.1435 0.0245 0.0063 80 200 120
-0.1918 -0.0219 0.0069 80 200 120
-0.1048 0.0216 -0.0270 80 200 120
-0.0903 -0.0398 -0.0271 80 200 120
-0.1068 0.0035 -0.0150 80 200 120
-0.0787 0.0028 -0.0301 80 200 120
-0.1209 0.0310 -0.0157 80 200 120
-0.1522 0.0371 -0.0191 80 200 120
-0.0733 0.0033 -0.0287 80 200 120
-0.0725 0.0052 -0.0299 80 200 120
-0.1167 0.1335 -0.0268 80 200 120
0.0415 0.0732 -0.0297 80 200 120
0.0295 0.0775 -0.0283 80 200 120
0.0523 0.0710 -0.0298 80 200 120
0.0414 0.0600 -0.0299 80 200 120
0.2006 0.0952 -0.0285 80 200 120
0.0437 0.0687 -0.0298 80 200 120
0.0995 0.0915 -0.0298 80 200 120
0.0398 0.0909 -0.0282 80 200 120
0.3091 0.0534 -0.0050 80 200 120
0.0381 0.0728 -0.0285 80 200 120
0.0319 0.0702 -0.0298 80 200 120
0.0345 0.0613 -0.0300 80 200 120
0.0229 0.0801 -0.0287 80 200 120
0.0274 0.1424 -0.0205 80 200 120
0.0320 0.0692 -0.0284 80 200 120
0.0391 0.0610 -0.0303 80 200 120
0.0408 0.0769 -0.0279 80 200 120
0.0564 0.0864 -0.0260 80 200 120
0.1160 0.0732 -0.0235 80 200 120
0.0238 0.1181 -0.0329 80 200 120
0.0434 0.0630 -0.0305 80 200 120
0.0190 0.3124 -0.0428 80 200 120
0.0899 0.0652 -0.0244 80 200 120
0.0350 0.0610 -0.0307 80 200 120
0.0776 -0.0056 0.0314 80 200 120
0.1011 -0.0138 0.0382 80 200 120
0.0743 0.0030 0.0323 80 200 120
0.0850 -0.0344 0.0515 80 200 120
0.0929 -0.0205 0.0337 80 200 120
0.0782 -0.0081 0.0353 80 200 120
0.0778 -0.0046 0.0317 80 200 120
0.0717 -0.0006 0.0333 80 200 120
0.0896 -0.0511 0.0470 80 200 120
0.0748 -0.0066 0.0328 80 200 120
0.0834 -0.0154 0.0428 80 200 120
0.0916 -0.0461 0.0367 80 200 120
0.0698 -0.0152 0.0426 80 200 120
0.1037 0.0127 0.0339 80 200 120
0.0722 -0.0009 0.0316 80 200 120
0.0702 0.0000 0.0303 80 200 120
0.0701 0.0023 0.0313 80 200 120
0.0955 -0.0361 0.0370 80 200 120
0.0664 0.0169 0.0455 80 200 120
0.0789 0.0142 0.0471 80 200 120
0.0790 0.0192 0.0423 80 200 120
0.0769 -0.0250 0.0575 80 200 120
0.0721 0.0215 0.0413 80 200 120
0.0930 -0.0699 0.0434 80 200 120
0.0672 -0.0076 0.0407 80 200 120
0.0736 0.0001 0.0329 80 200 120
0.0705 0.0013 0.0311 80 200 120
0.0738 -0.0048 0.0332 80 200 120
0.0750 0.0010 0.0393 80 200 120
0.0779 -0.0141 0.0428 80 200 120
0.0841 -0.0016 0.0367 80 200 120
0.0698 -0.0006 0.0303 80 200 120
0.1323 0.1934 0.0288 80 200 120
-0.0118 0.0859 0.0301 80 200 120
-0.0065 0.1365 0.0295 80 200 120
-0.0938 0.0818 0.0505 80 200 120
-0.0742 0.0995 0.0695 80 200 120
-0.0331 0.0644 0.0325 80 200 120
-0.0085 0.0656 0.0490 80 200 120
-0.0304 0.0617 0.0329 80 200 120
-0.0338 0.0617 0.0314 80 200 120
-0.0324 0.0631 0.0315 80 200 120
-0.0322 0.0632 0.0312 80 200 120
-0.0316 0.0634 0.0331 80 200 120
-0.0422 0.0625 0.0325 80 200 120
-0.0374 0.0602 0.0324 80 200 120
-0.0379 0.0616 0.0372 80 200 120
-0.0404 0.0431 0.0536 80 200 120
-0.0457 0.0739 0.0296 80 200 120
-0.0323 0.0537 0.0771 80 200 120
-0.0370 0.1260 0.0758 80 200 120
-0.0326 0.0732 0.0313 80 200 120
-0.0622 0.0626 0.0434 80 200 120
-0.0451 0.0603 0.0309 80 200 120
-0.0382 0.0698 0.0382 80 200 120
-0.0286 0.0715 0.0350 80 200 120
-0.0401 0.0618 0.0360 80 200 120
-0.0302 0.0601 0.0341 80 200 120
-0.0379 -0.0614 0.0300 80 200 120
-0.2378 -0.0277 0.0298 80 200 120
-0.0674 -0.0729 0.0303 80 200 120
-0.0354 -0.0612 0.0303 80 200 120
-0.0400 -0.0662 0.0301 80 200 120
-0.0479 -0.0823 0.0409 80 200 120
-0.0373 -0.0638 0.0316 80 200 120
-0.0180 -0.0893 0.0297 80 200 120
-0.0946 -0.0642 0.0293 80 200 120
-0.0318 -0.0651 0.0329 80 200 120
-0.0422 -0.0645 0.0324 80 200 120
-0.0365 -0.0621 0.0307 80 200 120
-0.0205 -0.0735 0.0356 80 200 120
-0.0390 -0.0585 0.0362 80 200 120
-0.0312 -0.0615 0.0365 80 200 120
-0.0050 -0.1117 0.0432 80 200 120
-0.0493 -0.0769 0.0411 80 200 120
-0.0604 -0.0418 0.0843 80 200 120
-0.0315 -0.0670 0.0309 80 200 120
-0.0176 -0.0841 0.0351 80 200 120
-0.1143 -0.0746 0.0305 80 200 120
-0.0291 -0.0604 0.0377 80 200 120
-0.0335 -0.0633 0.0320 80 200 120
-0.0722 -0.0541 0.0424 80 200 120
-0.0373 -0.0678 0.0304 80 200 120
-0.0615 -0.0525 0.0599 80 200 120
-0.0442 -0.0682 0.0349 80 200 120
-0.0367 -0.0637 0.0324 80 200 120
-0.0316 -0.0605 0.0356 80 200 120
-0.0528 -0.0732 0.0360 80 200 120
-0.0367 -0.0620 0.0302 80 200 120
-0.0747 -0.0689 0.0612 80 200 120
-0.0389 -0.0606 0.0385 80 200 120
-0.0322 -0.0609 0.0373 80 200 120
-0.0422 -0.0612 0.0345 80 200 120
-0.0585 -0.0650 0.0618 80 200 120
-0.0434 -0.0553 0.0385 80 200 120
-0.0298 -0.0678 0.0361 80 200 120
-0.0358 -0.0613 0.0322 80 200 120
-0.0354 -0.0608 0.0305 80 200 120
-0.0288 -0.0657 0.0329 80 200 120
0.1490 -0.1685 0.0411 80 200 120
0.0555 -0.0831 -0.0269 80 200 120
0.0354 -0.0611 -0.0299 80 200 120
0.0030 -0.2096 -0.0284 80 200 120
0.0356 -0.0629 -0.0289 80 200 120
0.0520 -0.0720 -0.0205 80 200 120
0.0534 -0.0670 -0.0297 80 200 120
0.0794 -0.0969 -0.0045 80 200 120
0.0448 -0.0764 -0.0297 80 200 120
0.0354 -0.0662 -0.0286 80 200 120
0.0462 -0.0658 -0.0259 80 200 120
0.0156 -0.0860 -0.0270 80 200 120
0.0338 -0.0662 -0.0285 80 200 120
0.0377 -0.0651 -0.0283 80 200 120
0.0504 -0.0761 -0.0219 80 200 120
0.0325 -0.0706 -0.0280 80 200 120
0.0294 -0.1611 -0.0211 80 200 120
0.0389 -0.0609 -0.0295 80 200 120
-0.0735 -0.0028 -0.0299 80 200 120
-0.0786 0.0032 -0.0267 80 200 120
-0.0743 0.0048 -0.0298 80 200 120
-0.1797 0.0592 0.0103 80 200 120
-0.0736 -0.0015 -0.0291 80 200 120
-0.0788 -0.0022 -0.0290 80 200 120
-0.0902 0.0031 -0.0229 80 200 120
-0.0773 -0.0006 -0.0282 80 200 120
-0.0905 -0.0065 -0.0238 80 200 120
-0.0919 0.0288 -0.0298 80 200 120
-0.0751 -0.0012 -0.0290 80 200 120
-0.0802 0.0033 -0.0269 80 200 120
-0.0787 0.0070 -0.0277 80 200 120
-0.0794 0.0022 -0.0272 80 200 120
-0.1877 -0.0631 -0.0160 80 200 120
-0.0817 -0.0045 -0.0280 80 200 120
-0.0770 -0.0062 -0.0275 80 200 120
-0.0918 0.0051 -0.0201 80 200 120
-0.0830 -0.0001 -0.0250 80 200 120
-0.1039 -0.0553 -0.0231 80 200 120
-0.0716 -0.0036 -0.0298 80 200 120
0.0826 0.1154 -0.0288 80 200 120
0.0058 0.3090 -0.0253 80 200 120
0.0066 0.1987 -0.0257 80 200 120
0.0127 0.1119 -0.0286 80 200 120
0.0297 0.0706 -0.0298 80 200 120
0.0399 0.0643 -0.0300 80 200 120
0.0043 0.1306 -0.0205 80 200 120
0.0655 0.0605 -0.0297 80 200 120
0.0293 0.0968 -0.0260 80 200 120
0.0326 0.0682 -0.0304 80 200 120
0.0093 0.1094 -0.0232 80 200 120
0.0351 0.0609 -0.0300 80 200 120
0.0348 0.0610 -0.0300 80 200 120
0.0350 0.0607 -0.0300 80 200 120
0.0350 0.0606 -0.0300 80 200 120
0.0308 0.0780 -0.0280 80 200 120
0.0355 0.0608 -0.0303 80 200 120
0.0703 -0.0023 0.0316 80 200 120
0.1932 -0.1255 0.0316 80 200 120
0.0760 0.0012 0.0300 80 200 120
0.1157 0.0047 0.0299 80 200 120
0.2970 -0.0595 0.0267 80 200 120
0.0878 -0.0251 0.0314 80 200 120
0.1071 -0.0272 0.0300 80 200 120
0.1760 0.0160 0.0970 80 200 120
0.0825 0.0308 0.0674 80 200 120
0.0799 0.0032 0.0382 80 200 120
0.1586 0.0721 0.0877 80 200 120
0.0667 0.0325 0.0533 80 200 120
0.0687 -0.0062 0.0342 80 200 120
0.0796 0.0137 0.0355 80 200 120
0.1745 -0.0534 0.0311 80 200 120
0.1006 -0.0507 0.0300 80 200 120
0.1024 0.0460 0.0654 80 200 120
0.0736 0.0017 0.0305 80 200 120
0.0718 -0.0062 0.0348 80 200 120
0.0870 0.0165 0.0301 80 200 120
0.0940 -0.0135 0.0595 80 200 120
0.2118 -0.0543 0.0286 80 200 120
0.0707 -0.0018 0.0314 80 200 120
0.0758 -0.0123 0.0456 80 200 120
0.0952 0.0797 0.1390 80 200 120
0.0696 0.0034 0.0341 80 200 120
0.0711 0.0031 0.0323 80 200 120
0.0928 -0.0013 0.0510 80 200 120
0.0711 0.0084 0.0459 80 200 120
0.1225 0.1081 0.0297 80 200 120
0.0704 -0.0022 0.0304 80 200 120
-0.0459 0.0617 0.0299 80 200 120
-0.0386 0.0701 0.0299 80 200 120
-0.0349 0.0763 0.0299 80 200 120
-0.0192 0.0712 0.0385 80 200 120
-0.1225 0.0765 0.0290 80 200 120
-0.0290 0.0730 0.0458 80 200 120
-0.0492 0.0742 0.0298 80 200 120
-0.1644 0.0837 0.1297 80 200 120
0.0868 0.0958 0.1293 80 200 120
-0.0370 0.0607 0.0319 80 200 120
-0.0221 0.0910 0.0579 80 200 120
-0.0279 0.0793 0.0440 80 200 120
-0.0354 0.0555 0.0426 80 200 120
-0.0629 0.0371 0.0645 80 200 120
-0.0559 0.0706 0.0373 80 200 120
-0.0396 0.0626 0.0309 80 200 120
-0.0335 0.0604 0.0324 80 200 120
-0.0518 0.0704 0.0369 80 200 120
-0.0715 0.1394 0.0483 80 200 120
-0.0363 -0.0611 0.0306 80 200 120
-0.0493 -0.0707 0.0299 80 200 120
-0.0504 -0.0916 0.0430 80 200 120
-0.0346 -0.0619 0.0317 80 200 120
0.2167 -0.6384 0.0353 80 200 120
-0.0014 -0.0780 0.0689 80 200 120
-0.0482 -0.0580 0.0427 80 200 120
-0.0389 -0.0626 0.0309 80 200 120
-0.0127 -0.1239 0.0551 80 200 120
-0.0374 -0.0635 0.0352 80 200 120
-0.0332 -0.0633 0.0313 80 200 120
-0.1357 0.0178 0.1736 80 200 120
-0.0367 -0.0661 0.0379 80 200 120
-0.0802 -0.0823 0.0731 80 200 120
-0.0993 -0.0732 0.0456 80 200 120
0.0880 -0.0799 0.1386 80 200 120
-0.0279 -0.0604 0.0577 80 200 120
-0.1220 -0.0161 0.0610 80 200 120
0.0495 -0.1230 0.1053 80 200 120
-0.0394 -0.0582 0.0424 80 200 120
-0.0662 -0.0453 0.0546 80 200 120
-0.0386 -0.0605 0.0303 80 200 120
-0.0133 -0.0966 0.0630 80 200 120
-0.0592 -0.0449 0.0588 80 200 120
-0.0333 -0.0611 0.0314 80 200 120
-0.0340 -0.0650 0.0349 80 200 120
-0.0291 -0.1253 0.0651 80 200 120
-0.1192 -0.0596 0.1709 80 200 120
0.0684 -0.1286 0.0717 80 200 120
0.0663 -0.2350 -0.0256 80 200 120
0.0348 -0.0766 -0.0298 80 200 120
0.0870 -0.1364 0.0185 80 200 120
0.0541 -0.1004 -0.0235 80 200 120
0.1911 -0.2376 0.0206 80 200 120
0.0399 -0.0638 -0.0295 80 200 120
0.1556 -0.1163 -0.0270 80 200 120
0.0360 -0.0619 -0.0291 80 200 120
0.1822 -0.1369 0.0126 80 200 120
0.0355 -0.0608 -0.0299 80 200 120
0.0072 -0.1401 -0.0194 80 200 120
0.0318 -0.1296 -0.0081 80 200 120
0.0343 -0.0628 -0.0295 80 200 120
0.0538 -0.0938 -0.0244 80 200 120
0.0782 -0.1259 -0.0103 80 200 120
0.0332 -0.0639 -0.0298 80 200 120
0.0353 -0.0606 -0.0300 80 200 120
0.0448 -0.0653 -0.0286 80 200 120
0.0345 -0.0730 -0.0272 80 200 120
0.0388 -0.0633 -0.0299 80 200 120
0.0270 -0.0828 -0.0298 80 200 120
0.0689 -0.1252 -0.0290 80 200 120
0.0364 -0.0618 -0.0299 80 200 120
0.0350 -0.0669 -0.0275 80 200 120
0.0044 -0.1278 -0.0273 80 200 120
0.0776 -0.2957 0.0909 80 200 120
-0.0823 -0.0057 -0.0297 80 200 120
-0.0737 -0.0041 -0.0287 80 200 120
-0.0726 -0.0026 -0.0288 80 200 120
-0.1165 -0.0111 -0.0294 80 200 120
-0.1485 -0.1090 -0.0151 80 200 120
-0.1183 0.0356 -0.0131 80 200 120
-0.0773 -0.0001 -0.0284 80 200 120
-0.0716 -0.0009 -0.0296 80 200 120
-0.2662 -0.1864 0.0232 80 200 120
-0.1386 -0.0064 -0.0222 80 200 120
-0.0718 -0.0012 -0.0293 80 200 120
-0.0715 -0.0001 -0.0300 80 200 120
-0.1406 -0.0517 0.0023 80 200 120
-0.0753 0.0007 -0.0294 80 200 120
-0.1462 -0.0060 0.0089 80 200 120
-0.0730 0.0005 -0.0294 80 200 120
-0.0703 -0.0001 -0.0300 80 200 120
-0.0906 0.0033 -0.0191 80 200 120
-0.0975 0.0013 -0.0214 80 200 120
0.0364 0.0663 -0.0300 80 200 120
0.0353 0.0633 -0.0299 80 200 120
0.1467 0.0436 -0.0293 80 200 120
0.0360 0.0635 -0.0300 80 200 120
0.0352 0.0607 -0.0300 80 200 120
0.0600 0.0688 -0.0264 80 200 120
0.0353 0.0607 -0.0299 80 200 120
0.0204 0.0790 -0.0286 80 200 120
0.0375 0.0631 -0.0303 80 200 120
-0.0053 0.1433 -0.0108 80 200 120
0.0415 0.2266 -0.0376 80 200 120
0.0355 0.0615 -0.0299 80 200 120
0.0350 0.0608 -0.0300 80 200 120
0.0350 0.0611 -0.0299 80 200 120
0.0350 0.0606 -0.0300 80 200 120
0.0350 0.0606 -0.0300 80 200 120
0.0350 0.0606 -0.0301 80 200 120
0.0977 0.0329 0.0302 80 200 120
0.2078 0.0127 0.0663 80 200 120
0.2258 0.0752 0.0279 80 200 120
0.1445 0.0225 0.0294 80 200 120
0.1200 0.0712 0.0467 80 200 120
0.0778 -0.0047 0.0299 80 200 120
0.0899 -0.0014 0.0301 80 200 120
0.1368 -0.0712 0.0639 80 200 120
0.0743 -0.0048 0.0306 80 200 120
0.0791 -0.0085 0.0336 80 200 120
0.0845 -0.0024 0.0297 80 200 120
0.1159 0.0175 0.0295 80 200 120
0.1850 0.1801 0.0552 80 200 120
0.0882 0.0122 0.0299 80 200 120
0.0723 0.0021 0.0321 80 200 120
0.0994 -0.0257 0.0297 80 200 120
0.0783 -0.0097 0.0326 80 200 120
0.0694 -0.0112 0.0406 80 200 120
0.0746 -0.0009 0.0322 80 200 120
0.0685 -0.0062 0.0349 80 200 120
0.0838 -0.0219 0.0405 80 200 120
0.0773 -0.0046 0.0356 80 200 120
0.0688 0.0055 0.0336 80 200 120
0.0705 0.0042 0.0330 80 200 120
0.0708 0.0009 0.0303 80 200 120
0.0970 -0.0011 0.0375 80 200 120
0.0750 0.0004 0.0354 80 200 120
0.1070 0.0121 0.0502 80 200 120
0.0695 0.0041 0.0375 80 200 120
0.0730 -0.0015 0.0395 80 200 120
0.0928 -0.0193 0.0426 80 200 120
0.0702 -0.0001 0.0301 80 200 120
0.1600 -0.0593 0.0399 80 200 120
0.0796 0.0056 0.0299 80 200 120
0.0723 0.0034 0.0321 80 200 120
0.0656 0.0033 0.0430 80 200 120
0.1376 -0.0818 0.0617 80 200 120
0.1399 -0.0317 0.0926 80 200 120
0.0693 0.0042 0.0317 80 200 120
0.0760 0.0040 0.0346 80 200 120
0.0696 -0.0006 0.0305 80 200 120
0.0696 -0.0011 0.0306 80 200 120
-0.0143 0.0837 0.0349 80 200 120
-0.0395 0.0627 0.0299 80 200 120
-0.0042 0.0918 0.0573 80 200 120
-0.0382 0.0915 0.0390 80 200 120
-0.0480 0.0607 0.0298 80 200 120
-0.0169 0.0772 0.0423 80 200 120
0.0109 0.1459 0.0384 80 200 120
-0.0263 0.0725 0.0384 80 200 120
-0.0251 0.0718 0.0312 80 200 120
-0.0765 0.0802 0.0682 80 200 120
0.0135 0.0942 0.0725 80 200 120
-0.0422 0.0615 0.0323 80 200 120
0.0920 0.2014 0.0755 80 200 120
0.0020 0.0480 0.0966 80 200 120
-0.0385 0.0607 0.0344 80 200 120
-0.0350 0.0719 0.0365 80 200 120
-0.0382 0.0573 0.0336 80 200 120
-0.0454 0.0680 0.0334 80 200 120
-0.0365 0.0615 0.0316 80 200 120
-0.0384 0.0612 0.0320 80 200 120
-0.0020 0.0656 0.0677 80 200 120
-0.0363 0.0624 0.0331 80 200 120
-0.0378 0.0882 0.0466 80 200 120
-0.0454 0.0545 0.0384 80 200 120
-0.0377 0.0605 0.0305 80 200 120
-0.0354 0.0607 0.0302 80 200 120
-0.0331 0.0779 0.0541 80 200 120
-0.0251 0.0656 0.0459 80 200 120
-0.0362 0.0605 0.0305 80 200 120
0.0167 0.1313 0.0898 80 200 120
-0.0368 0.0676 0.0326 80 200 120
-0.0380 0.0666 0.0300 80 200 120
-0.0270 0.0653 0.0357 80 200 120
-0.0389 0.0610 0.0308 80 200 120
-0.0387 0.0552 0.0345 80 200 120
-0.0367 0.0616 0.0335 80 200 120
-0.0358 0.0616 0.0325 80 200 120
-0.0349 0.0638 0.0433 80 200 120
0.1870 -0.3278 0.0342 80 200 120
-0.0359 -0.0611 0.0300 80 200 120
-0.0257 -0.0883 0.0296 80 200 120
-0.0380 -0.0721 0.0298 80 200 120
-0.0352 -0.0614 0.0305 80 200 120
-0.0244 -0.0602 0.0393 80 200 120
-0.1041 -0.1369 0.0720 80 200 120
0.0545 -0.1835 0.0308 80 200 120
-0.0434 -0.0696 0.0324 80 200 120
-0.0383 -0.1198 0.0282 80 200 120
-0.0242 -0.0673 0.0382 80 200 120
-0.0291 -0.0728 0.0326 80 200 120
-5.9040 -5.6639 6.7724 80 200 120
-0.0377 -0.0600 0.0322 80 200 120
-0.0296 -0.0828 0.0326 80 200 120
-0.0335 -0.0670 0.0323 80 200 120
0.0089 -0.0790 0.0684 80 200 120
-0.0407 -0.0734 0.0365 80 200 120
-0.0304 -0.0651 0.0356 80 200 120
-0.0896 -0.0261 0.0482 80 200 120
-0.0350 -0.0611 0.0316 80 200 120
-0.1208 -0.1870 0.0681 80 200 120
-0.0011 -0.0772 0.0507 80 200 120
-0.0408 -0.0680 0.0357 80 200 120
-0.0226 -0.0845 0.0609 80 200 120
-0.0383 -0.0658 0.0351 80 200 120
-0.0324 -0.0659 0.0398 80 200 120
-0.0482 -0.0613 0.0358 80 200 120
-0.0364 -0.0631 0.0356 80 200 120
-0.0457 -0.0724 0.0464 80 200 120
-0.0384 -0.0612 0.0334 80 200 120
-0.0288 -0.0676 0.0374 80 200 120
-0.0288 -0.0693 0.0328 80 200 120
-0.0279 -0.0646 0.0324 80 200 120
-0.0299 -0.0670 0.0418 80 200 120
-0.0365 -0.0718 0.0297 80 200 120
-0.0421 -0.0592 0.0413 80 200 120
0.0022 -0.1000 0.0345 80 200 120
-0.0392 -0.0661 0.0300 80 200 120
-0.0451 -0.0718 0.0302 80 200 120
-0.0609 -0.1665 -0.0274 80 200 120
0.1901 -0.0789 -0.0288 80 200 120
0.0676 -0.1109 -0.0050 80 200 120
0.0430 -0.0714 -0.0253 80 200 120
0.0460 -0.0864 -0.0173 80 200 120
0.0363 -0.0678 -0.0281 80 200 120
0.0902 -0.1846 -0.0203 80 200 120
0.0451 -0.0856 -0.0209 80 200 120
0.0590 -0.0664 -0.0296 80 200 120
0.0625 -0.1912 -0.0079 80 200 120
0.0486 -0.0838 -0.0149 80 200 120
0.0428 -0.0609 -0.0298 80 200 120
0.0440 -0.0781 -0.0221 80 200 120
0.0509 -0.1254 -0.0137 80 200 120
0.0369 -0.0670 -0.0291 80 200 120
0.0357 -0.0645 -0.0285 80 200 120
0.0664 -0.0682 -0.0258 80 200 120
0.0526 -0.0805 -0.0176 80 200 120
0.0392 -0.0636 -0.0292 80 200 120
0.0386 -0.0711 -0.0246 80 200 120
0.0447 -0.0683 -0.0259 80 200 120
0.0964 -0.1025 -0.0113 80 200 120
0.0353 -0.0728 -0.0280 80 200 120
0.1356 -0.1424 -0.0005 80 200 120
0.0370 -0.0971 -0.0265 80 200 120
0.0554 -0.0636 -0.0286 80 200 120
0.0377 -0.0682 -0.0303 80 200 120
0.0434 -0.1207 -0.0231 80 200 120
0.1591 -0.0439 -0.0270 80 200 120
0.0356 -0.0687 -0.0281 80 200 120
-0.0719 -0.0020 -0.0299 80 200 120
-0.0768 -0.0029 -0.0270 80 200 120
-0.1738 -0.0698 -0.0277 80 200 120
-0.0945 0.0174 -0.0296 80 200 120
-0.0716 -0.0004 -0.0295 80 200 120
-0.0728 0.0014 -0.0299 80 200 120
-0.0842 -0.0000 -0.0285 80 200 120
-0.0789 -0.0039 -0.0290 80 200 120
-0.0738 0.0036 -0.0299 80 200 120
-0.0705 0.0004 -0.0298 80 200 120
-0.0868 0.0277 -0.0297 80 200 120
-0.0741 0.0017 -0.0299 80 200 120
-0.0915 0.0009 -0.0296 80 200 120
-0.0756 0.0030 -0.0293 80 200 120
-0.0867 -0.0119 -0.0266 80 200 120
-0.0726 -0.0008 -0.0290 80 200 120
-0.0754 -0.0000 -0.0274 80 200 120
-0.0710 -0.0001 -0.0296 80 200 120
-0.0733 0.0015 -0.0286 80 200 120
-0.0827 0.0015 -0.0267 80 200 120
-0.0741 0.0014 -0.0280 80 200 120
-0.0714 -0.0003 -0.0296 80 200 120
-0.1067 0.0229 -0.0269 80 200 120
-0.0725 0.0011 -0.0297 80 200 120
-0.0705 0.0002 -0.0297 80 200 120
0.0420 0.0719 -0.0295 80 200 120
0.0864 0.1599 -0.0278 80 200 120
0.0614 0.0967 -0.0290 80 200 120
0.0556 0.0676 -0.0296 80 200 120
0.0407 0.0633 -0.0300 80 200 120
0.0515 0.0602 -0.0285 80 200 120
0.0662 0.0927 -0.0250 80 200 120
0.0340 0.0716 -0.0287 80 200 120
0.0369 0.0660 -0.0293 80 200 120
0.0422 0.0617 -0.0295 80 200 120
0.0314 0.0794 -0.0310 80 200 120
0.0303 0.1362 -0.0339 80 200 120
0.0896 0.0833 -0.0251 80 200 120
0.0355 0.0634 -0.0302 80 200 120
0.0721 0.0577 -0.0283 80 200 120
0.0464 0.0635 -0.0289 80 200 120
0.0351 0.0606 -0.0301 80 200 120
0.0351 0.0605 -0.0301 80 200 120
0.1122 0.0705 0.0308 80 200 120
0.0737 0.0053 0.0299 80 200 120
0.0734 0.0033 0.0327 80 200 120
0.1252 -0.0244 0.0444 80 200 120
0.0783 -0.0265 0.0398 80 200 120
0.2459 0.1412 0.0297 80 200 120
0.0766 0.0047 0.0337 80 200 120
0.1356 0.0355 0.0929 80 200 120
0.0995 -0.0674 0.0721 80 200 120
0.2011 0.1056 0.0887 80 200 120
0.0774 -0.0311 0.0709 80 200 120
0.1050 0.0214 0.0348 80 200 120
0.0580 -0.0590 0.1028 80 200 120
0.1379 0.0506 0.0918 80 200 120
0.1302 -0.0597 0.0690 80 200 120
0.0905 0.0238 0.0510 80 200 120
0.2340 0.1982 0.0510 80 200 120
0.0761 0.0080 0.0378 80 200 120
0.1121 -0.0580 0.0546 80 200 120
0.1034 -0.0712 0.0403 80 200 120
0.0694 -0.0367 0.0603 80 200 120
0.1067 -0.0139 0.0553 80 200 120
0.1088 0.0133 0.0713 80 200 120
0.0836 -0.0191 0.0337 80 200 120
0.1306 -3.4476 2.4960 80 200 120
0.0737 0.0079 0.0350 80 200 120
0.1071 -0.0890 0.1882 80 200 120
0.0488 -0.0569 0.1096 80 200 120
0.1402 0.0157 0.0826 80 200 120
0.1037 -0.0041 0.0867 80 200 120
0.0995 0.0141 0.0392 80 200 120
0.0820 -0.0150 0.0398 80 200 120
0.0905 0.0167 0.0605 80 200 120
0.1252 0.0408 0.0924 80 200 120
0.0995 0.0287 0.0430 80 200 120
0.0684 0.0155 0.0459 80 200 120
0.0987 -0.0032 0.0434 80 200 120
0.1322 -0.0116 0.0817 80 200 120
0.1017 0.0388 0.0582 80 200 120
0.1027 0.1015 0.0293 80 200 120
0.1087 -0.0395 0.0789 80 200 120
0.1066 -0.0123 0.0393 80 200 120
0.0901 0.1971 0.0306 80 200 120
0.1428 0.3274 0.0335 80 200 120
-0.0383 0.0719 0.0300 80 200 120
-0.1088 0.0290 0.0663 80 200 120
-0.0302 0.0690 0.0316 80 200 120
-0.0705 0.0200 0.0623 80 200 120
-0.0655 0.0417 0.0403 80 200 120
-0.0377 0.0982 0.0618 80 200 120
-0.0165 0.0844 0.0304 80 200 120
-0.0699 0.1974 0.0597 80 200 120
-0.0587 0.0841 0.0539 80 200 120
0.0385 0.1268 0.1151 80 200 120
0.1064 0.1974 0.1084 80 200 120
0.0251 0.1351 0.1052 80 200 120
-0.0887 0.0106 0.0716 80 200 120
-0.0281 0.1114 0.0650 80 200 120
0.0591 0.1478 0.0682 80 200 120
0.0795 0.1578 0.1332 80 200 120
-0.0298 0.0742 0.0496 80 200 120
-0.0453 0.0641 0.0551 80 200 120
0.0313 0.1505 0.1595 80 200 120
-0.0342 0.0642 0.0375 80 200 120
-0.0571 -0.0110 0.1267 80 200 120
-0.0302 0.1096 0.0694 80 200 120
-0.0238 0.1198 0.0360 80 200 120
-0.0702 0.0632 0.0473 80 200 120
-0.0994 0.0271 0.0908 80 200 120
-0.0491 0.1017 0.0664 80 200 120
-0.0373 0.0628 0.0349 80 200 120
-0.0336 0.0639 0.0480 80 200 120
-0.0580 0.0442 0.0480 80 200 120
-0.0871 -0.0804 0.0305 80 200 120
-0.0665 -0.1135 0.0495 80 200 120
-0.0466 -0.0779 0.0411 80 200 120
-0.1466 -0.2490 0.0331 80 200 120
-0.1094 -0.1253 0.0305 80 200 120
0.0302 -0.3644 0.0316 80 200 120
-0.0798 -0.1231 0.0600 80 200 120
0.0714 -0.2405 0.0280 80 200 120
-0.0891 -0.0639 0.0293 80 200 120
0.0921 -0.2394 0.1458 80 200 120
0.0403 -0.1300 0.0736 80 200 120
-0.0507 -0.0670 0.0357 80 200 120
-0.0870 -0.0888 0.0471 80 200 120
-0.0513 -0.1342 0.0896 80 200 120
-0.0389 -0.0625 0.0319 80 200 120
0.1335 -0.2534 0.1057 80 200 120
0.1635 -0.2365 0.1064 80 200 120
-0.0702 -0.1557 0.0696 80 200 120
-0.0447 -0.0553 0.0449 80 200 120
-0.0541 -0.0789 0.0472 80 200 120
0.0595 -0.2211 0.0713 80 200 120
-0.0437 -0.0706 0.0368 80 200 120
-0.0363 -0.0674 0.0315 80 200 120
131.2706 -47.0724 90.5304 80 200 120
-0.0698 -0.0504 0.0421 80 200 120
0.0078 -0.0588 0.0861 80 200 120
-0.0436 -0.0878 0.0315 80 200 120
-0.0350 -0.0696 0.0326 80 200 120
-0.0315 -0.0743 0.0328 80 200 120
-0.0365 -0.0698 0.0415 80 200 120
-0.0461 -0.0698 0.0359 80 200 120
-0.0297 -0.1013 0.0384 80 200 120
-0.0716 -0.0969 0.0331 80 200 120
-0.0456 -0.0598 0.0402 80 200 120
0.0105 -0.0816 0.1499 80 200 120
-0.0517 -0.0718 0.0623 80 200 120
-0.0417 -0.0654 0.0323 80 200 120
-0.0566 -0.0682 0.0351 80 200 120
-0.0326 -0.0866 0.0297 80 200 120
-0.0478 -0.0590 0.0366 80 200 120
0.0306 -0.1009 0.0906 80 200 120
-0.0321 -0.1154 0.0492 80 200 120
-0.0638 -0.0604 0.0352 80 200 120
-0.0633 -0.0537 0.0472 80 200 120
-0.0595 -0.0981 0.0352 80 200 120
0.0242 -0.1178 0.1729 80 200 120
-0.0421 -0.0612 0.0344 80 200 120
-0.0331 -0.0618 0.0331 80 200 120
-0.0368 -0.0715 0.0375 80 200 120
-0.0450 -0.0625 0.0436 80 200 120
-0.0366 -0.0596 0.0316 80 200 120
-0.0292 -0.0687 0.0554 80 200 120
-0.0528 -0.0749 0.0763 80 200 120
-0.0715 -0.0769 0.1047 80 200 120
0.0399 -0.1225 -0.0287 80 200 120
-0.1009 -0.2425 -0.0273 80 200 120
-0.0089 -0.1289 -0.0273 80 200 120
0.0768 -0.1093 -0.0105 80 200 120
0.0754 -0.0843 -0.0289 80 200 120
0.0543 -0.0914 -0.0295 80 200 120
0.2612 -0.1650 0.0520 80 200 120
0.1010 -0.2292 -0.0029 80 200 120
0.0514 -0.0772 -0.0215 80 200 120
0.0298 -0.0808 -0.0259 80 200 120
0.1019 -0.0553 -0.0223 80 200 120
0.1118 -0.0647 -0.0133 80 200 120
-0.0750 -0.0070 -0.0299 80 200 120
-0.2124 -0.1146 -0.0261 80 200 120
-0.1354 0.0094 -0.0287 80 200 120
-0.1251 -0.0641 -0.0187 80 200 120
-0.1051 -0.0210 -0.0139 80 200 120
-0.0832 0.0050 -0.0250 80 200 120
-0.1104 -0.0231 -0.0289 80 200 120
-0.1329 -0.0152 -0.0230 80 200 120
-0.1102 0.0063 -0.0160 80 200 120
-0.1842 -0.0884 0.0129 80 200 120
-0.3146 0.0185 0.0101 80 200 120
-0.0769 0.0090 -0.0299 80 200 120
-0.2002 -0.0295 -0.0041 80 200 120
-0.1105 -0.0211 -0.0108 80 200 120
-0.1264 0.0458 -0.0153 80 200 120
-0.0890 -0.0034 -0.0279 80 200 120
-0.0734 -0.0011 -0.0293 80 200 120
-0.0853 0.0035 -0.0256 80 200 120
-0.0830 0.0011 -0.0231 80 200 120
-0.0816 0.0011 -0.0253 80 200 120
-0.0977 0.0169 -0.0222 80 200 120
-0.0862 -0.0144 -0.0242 80 200 120
-0.1153 -0.0539 -0.0286 80 200 120
-0.0900 0.0041 -0.0210 80 200 120
0.0222 0.1003 -0.0262 80 200 120
-0.0188 0.1840 -0.0267 80 200 120
0.0478 0.0683 -0.0299 80 200 120
-0.0035 0.1794 -0.0274 80 200 120
0.0311 0.0732 -0.0309 80 200 120
0.1925 0.2505 -0.0009 80 200 120
0.0402 0.0621 -0.0304 80 200 120
-0.0128 0.2611 -0.0071 80 200 120
0.1440 0.0681 -0.0194 80 200 120
0.1397 0.1311 -0.0207 80 200 120
0.0779 0.1234 -0.0216 80 200 120
0.0342 0.0615 -0.0317 80 200 120
0.0338 0.0617 -0.0326 80 200 120
0.1565 -0.0881 0.0310 80 200 120
0.1830 0.0117 0.0295 80 200 120
0.2877 -0.0570 0.0267 80 200 120
0.1287 -0.0429 0.0298 80 200 120
0.1639 0.0142 0.0892 80 200 120
0.0713 -0.0012 0.0303 80 200 120
0.1714 0.0824 0.0958 80 200 120
0.0676 0.0252 0.0479 80 200 120
0.1062 -0.0184 0.0303 80 200 120
0.0798 -0.0254 0.0383 80 200 120
0.1317 -0.1021 0.0299 80 200 120
0.1135 -0.0909 0.0294 80 200 120
0.1032 -0.0186 0.0706 80 200 120
0.2489 -0.0682 0.0281 80 200 120
0.1288 0.0222 0.0367 80 200 120
0.0689 0.0101 0.0359 80 200 120
0.0849 0.0042 0.0396 80 200 120
0.0392 0.1436 0.1606 80 200 120
0.0901 -0.0719 0.1091 80 200 120
0.0887 -0.0567 0.0407 80 200 120
0.0740 -0.0083 0.0405 80 200 120
0.0907 0.0651 0.1187 80 200 120
0.1027 0.0070 0.0905 80 200 120
0.0700 -0.0030 0.0384 80 200 120
0.0850 -0.0008 0.0436 80 200 120
0.0568 0.0391 0.0879 80 200 120
0.0728 0.0205 0.0686 80 200 120
0.0947 -0.1069 0.1245 80 200 120
0.0743 -0.0209 0.0343 80 200 120
-0.0559 0.0770 0.0295 80 200 120
-0.0458 0.1217 0.0301 80 200 120
-0.0401 0.1166 0.0296 80 200 120
-0.0150 0.2860 0.0283 80 200 120
-0.1015 0.0727 0.0293 80 200 120
1.7352 1.3935 0.8078 80 200 120
-0.0366 0.0692 0.0357 80 200 120
-0.0549 0.0642 0.0452 80 200 120
-0.0556 0.0628 0.0521 80 200 120
-0.0447 0.0621 0.0391 80 200 120
-0.0246 0.1632 0.0721 80 200 120
0.0015 0.1061 0.0546 80 200 120
-0.0317 0.0694 0.0366 80 200 120
-0.0406 -0.0149 0.2184 80 200 120
-0.0361 0.0609 0.0304 80 200 120
-0.1146 0.0498 0.1094 80 200 120
0.0215 0.1738 0.0732 80 200 120
-0.0013 0.1347 0.0418 80 200 120
-0.0381 0.0646 0.0298 80 200 120
-0.1547 0.1582 0.0409 80 200 120
-0.0369 0.1245 0.0746 80 200 120
-0.1341 0.0019 0.0608 80 200 120
-0.0363 0.0523 0.0399 80 200 120
-0.0378 0.1163 0.1385 80 200 120
0.0468 0.1192 0.0554 80 200 120
-0.0416 0.0644 0.0327 80 200 120
-0.0427 0.0881 0.0468 80 200 120
-0.1115 0.2264 0.0684 80 200 120
-0.1112 0.0790 0.1184 80 200 120
0.0618 0.1139 0.1201 80 200 120
-0.0286 0.0646 0.0317 80 200 120
-0.2548 -0.0249 0.0296 80 200 120
-0.0277 -0.0704 0.0310 80 200 120
0.0269 -0.0926 0.1013 80 200 120
-0.0390 -0.0597 0.0339 80 200 120
-0.0244 -0.1160 0.0785 80 200 120
-0.0406 -0.0677 0.0313 80 200 120
-0.0327 -0.0670 0.0326 80 200 120
-0.0976 -0.0355 0.0517 80 200 120
0.1076 -0.2198 0.0736 80 200 120
-0.0365 -0.0594 0.0334 80 200 120
0.0051 -0.1692 0.1257 80 200 120
-0.0848 -0.0217 0.1011 80 200 120
-0.1407 -0.0421 0.0653 80 200 120
-0.0473 -0.0997 0.0857 80 200 120
-0.0559 -0.0542 0.0536 80 200 120
-0.0409 -0.0635 0.0358 80 200 120
-0.1262 -0.0785 0.0520 80 200 120
0.0142 -0.0683 0.0732 80 200 120
-0.0336 -0.0606 0.0350 80 200 120
0.0360 -0.1322 0.0864 80 200 120
-0.0774 -0.1338 0.0877 80 200 120
-0.1753 0.0114 0.0798 80 200 120
-0.0365 -0.0617 0.0313 80 200 120
0.0170 -0.0988 0.0760 80 200 120
-0.0499 -0.0532 0.0417 80 200 120
-0.0253 -0.0766 0.0447 80 200 120
-0.0382 -0.0613 0.0325 80 200 120
-0.0337 -0.0723 0.0362 80 200 120
-0.0338 -0.1025 0.0725 80 200 120
-0.0365 -0.0606 0.0335 80 200 120
-0.0479 -0.0585 0.0765 80 200 120
-0.0679 -0.0602 0.0850 80 200 120
0.0033 -0.1129 0.0738 80 200 120
0.0488 -0.1154 0.0660 80 200 120
-0.0379 -0.0618 0.0333 80 200 120
0.0568 -0.1817 -0.0271 80 200 120
0.0931 -0.1154 0.0060 80 200 120
0.1589 -0.1747 0.0231 80 200 120
0.0117 -0.3133 -0.0244 80 200 120
0.0427 -0.0762 -0.0276 80 200 120
0.0759 -0.1069 -0.0168 80 200 120
0.1287 -0.1038 -0.0277 80 200 120
-0.0385 -0.3132 -0.0269 80 200 120
0.2823 -0.1885 0.0413 80 200 120
0.2675 -0.1401 -0.0267 80 200 120
0.0286 -0.2007 0.0144 80 200 120
0.0803 -0.1400 -0.0170 80 200 120
0.1432 -0.2238 0.0190 80 200 120
0.1379 -0.0991 -0.0205 80 200 120
0.0687 -0.1074 -0.0256 80 200 120
-0.0307 -0.2436 -0.0293 80 200 120
0.0541 -0.0970 -0.0295 80 200 120
-0.0235 -0.1891 -0.0251 80 200 120
0.0395 -0.0853 -0.0175 80 200 120
0.0574 -0.0678 -0.0220 80 200 120
0.2600 -0.0478 -0.0294 80 200 120
0.0171 -0.1079 -0.0190 80 200 120
-0.0818 -0.0196 -0.0293 80 200 120
-0.0797 -0.0024 -0.0299 80 200 120
-0.1767 -0.0882 -0.0147 80 200 120
-0.0718 0.0020 -0.0299 80 200 120
-0.1725 0.0555 0.0075 80 200 120
-0.1833 -0.1575 -0.0087 80 200 120
-0.0942 0.0155 -0.0209 80 200 120
-0.1106 -0.0063 -0.0225 80 200 120
-0.0939 -0.0226 -0.0235 80 200 120
-0.0854 -0.0142 -0.0287 80 200 120
-0.1459 0.0153 -0.0238 80 200 120
-0.1049 -0.0033 -0.0261 80 200 120
-0.1179 0.0341 -0.0214 80 200 120
-0.2366 -0.0895 -0.0108 80 200 120
-0.0860 -0.0321 -0.0280 80 200 120
-0.1283 -0.0223 -0.0203 80 200 120
-0.1683 -0.0076 0.0201 80 200 120
-0.3329 0.7522 -0.0124 80 200 120
-0.1763 0.0053 0.0031 80 200 120
-0.2188 0.1313 0.0289 80 200 120
-0.0746 -0.0134 -0.0303 80 200 120
-0.1558 0.0373 -0.0089 80 200 120
0.0099 0.2752 -0.0261 80 200 120
0.0109 0.1776 -0.0264 80 200 120
0.2432 0.0782 -0.0282 80 200 120
0.0718 0.4212 -0.0266 80 200 120
0.0996 0.0977 -0.0236 80 200 120
0.0316 0.2126 -0.0266 80 200 120
-0.0452 0.2435 -0.0053 80 200 120
0.0816 0.1043 -0.0293 80 200 120
0.0043 0.2571 -0.0086 80 200 120
0.2056 0.1164 -0.0057 80 200 120
-0.1147 0.3021 -0.0137 80 200 120
0.0410 0.2188 -0.0212 80 200 120
0.0104 0.1116 -0.0184 80 200 120
0.0432 0.2715 -0.0398 80 200 120
0.0666 0.2393 -0.0206 80 200 120
0.0478 0.0899 -0.0301 80 200 120
0.0344 0.0835 -0.0269 80 200 120
0.0953 0.1861 -0.0156 80 200 120
-0.0196 0.1404 -0.0296 80 200 120
0.0920 0.0577 -0.0317 80 200 120
0.0780 0.0540 -0.0299 80 200 120
0.0643 0.1091 -0.0332 80 200 120
0.0363 0.0601 -0.0320 80 200 120
0.0292 0.0726 -0.0315 80 200 120
0.0364 0.0672 -0.0336 80 200 120
0.2235 0.1841 0.0684 80 200 120
0.0944 0.0473 0.0379 80 200 120
0.1842 -0.0835 0.0520 80 200 120
0.0739 -0.0293 0.0500 80 200 120
0.0790 -0.0053 0.0297 80 200 120
0.1634 0.0193 0.0299 80 200 120
0.0887 -0.0331 0.0383 80 200 120
0.1052 -0.0390 0.0352 80 200 120
0.0777 0.0069 0.0370 80 200 120
0.6667 -1.9878 1.3122 80 200 120
0.0834 -0.0154 0.0341 80 200 120
0.0699 0.0058 0.0347 80 200 120
0.0633 -0.1259 0.1502 80 200 120
0.1762 -0.0628 0.0540 80 200 120
0.1142 -0.0133 0.1132 80 200 120
0.1203 -0.0678 0.1145 80 200 120
0.1640 0.0453 0.0435 80 200 120
0.0962 -0.0920 0.1015 80 200 120
0.0713 0.0107 0.0375 80 200 120
0.0468 0.0202 0.0890 80 200 120
0.1242 0.0116 0.1084 80 200 120
0.0724 -0.0114 0.0356 80 200 120
0.1980 0.1463 0.0766 80 200 120
0.1725 -0.0042 0.0585 80 200 120
0.1402 0.0055 0.1054 80 200 120
0.1318 0.0050 0.0611 80 200 120
0.0575 0.1100 0.1661 80 200 120
0.1562 0.0164 0.1323 80 200 120
0.0877 0.0778 0.0860 80 200 120
0.1665 -0.0918 0.0585 80 200 120
0.0795 0.0003 0.0376 80 200 120
0.0697 0.0026 0.0349 80 200 120
0.0873 0.0458 0.0706 80 200 120
0.0968 0.0505 0.0589 80 200 120
0.0884 -0.0438 0.0506 80 200 120
0.0988 0.0954 0.0706 80 200 120
0.1494 -0.0670 0.0742 80 200 120
2.1059 -0.5847 1.9068 80 200 120
0.0799 0.0142 0.0387 80 200 120
0.1543 -0.0662 0.0962 80 200 120
0.0564 0.0105 0.0712 80 200 120
0.0631 0.0409 0.0469 80 200 120
0.0787 0.0058 0.0368 80 200 120
-0.0194 -0.1306 0.1575 80 200 120
-0.0178 -0.2636 0.1924 80 200 120
-0.0259 0.0708 0.0322 80 200 120
-0.0353 0.0627 0.0309 80 200 120
-0.0587 0.0631 0.0297 80 200 120
-0.0323 0.0642 0.0309 80 200 120
-0.1921 0.1352 0.0268 80 200 120
0.1105 0.2080 0.1590 80 200 120
-0.0350 0.0693 0.0300 80 200 120
-0.0433 0.1417 0.0536 80 200 120
-0.0039 0.0815 0.0466 80 200 120
-0.0498 0.2056 0.0414 80 200 120
-0.0332 0.0632 0.0304 80 200 120
-0.0311 0.0687 0.0404 80 200 120
-0.0228 0.1048 0.0303 80 200 120
0.0848 0.1705 0.1112 80 200 120
-0.0406 0.0649 0.0336 80 200 120
0.0993 0.3101 0.0542 80 200 120
-0.0441 0.0496 0.0487 80 200 120
-0.0679 0.0615 0.0611 80 200 120
-0.0046 0.1018 0.0594 80 200 120
-0.0660 0.0647 0.0399 80 200 120
-0.0368 0.0779 0.0334 80 200 120
0.1890 0.3090 0.1101 80 200 120
0.0714 0.2061 0.0829 80 200 120
-0.0632 0.0742 0.0729 80 200 120
-0.0348 0.0626 0.0321 80 200 120
-0.0389 0.0755 0.0369 80 200 120
-0.0959 0.1193 0.1321 80 200 120
-0.1608 -0.0091 0.0999 80 200 120
-0.0566 0.0387 0.0540 80 200 120
-0.0473 0.0646 0.0296 80 200 120
-0.0036 0.1987 0.0842 80 200 120
-0.0442 0.0671 0.0330 80 200 120
0.0749 0.1399 0.1040 80 200 120
-0.0655 0.0792 0.0628 80 200 120
-0.0443 0.0624 0.0355 80 200 120
-0.0503 0.0777 0.0524 80 200 120
-0.0323 0.2315 0.0661 80 200 120
-0.0058 0.1470 0.0720 80 200 120
-0.0562 0.0475 0.0399 80 200 120
-0.0387 0.0662 0.0392 80 200 120
-0.0363 0.0612 0.0305 80 200 120
-0.1119 0.0936 0.0446 80 200 120
-0.0353 0.0658 0.0356 80 200 120
-0.0525 0.0642 0.0379 80 200 120
0.1291 0.0669 0.1638 80 200 120
-0.0826 0.1030 0.1644 80 200 120
-0.0377 0.0626 0.0389 80 200 120
-0.0308 0.0998 0.0844 80 200 120
0.0498 0.1036 0.1657 80 200 120
-0.0487 0.0594 0.0360 80 200 120
-0.0294 0.0597 0.0389 80 200 120
-0.0723 0.0596 0.0333 80 200 120
0.0699 0.2391 0.1117 80 200 120
0.0088 0.1724 0.0943 80 200 120
-0.0532 0.0549 0.0464 80 200 120
-0.0550 0.0625 0.0342 80 200 120
-0.0538 0.0834 0.1344 80 200 120
-0.0479 0.0687 0.0571 80 200 120
-0.2877 -0.1327 0.0338 80 200 120
-0.0477 -0.0654 0.0362 80 200 120
-4.2625 -3.0412 -0.0030 80 200 120
-0.0542 -0.0710 0.0298 80 200 120
-0.0261 -0.0871 0.0297 80 200 120
-0.0384 -0.0738 0.0382 80 200 120
-0.1177 -0.2446 0.0308 80 200 120
-0.0677 -0.0350 0.0669 80 200 120
-0.0592 -0.0869 0.0367 80 200 120
0.1018 -0.4484 0.1031 80 200 120
-0.0164 -0.1132 0.0693 80 200 120
-0.0085 -0.0842 0.0539 80 200 120
-0.0329 -0.0675 0.0394 80 200 120
-0.1122 -0.1362 0.0655 80 200 120
-0.0605 -0.1169 0.0475 80 200 120
0.1173 -0.1546 0.1442 80 200 120
0.0277 -0.1895 0.0578 80 200 120
-0.0149 -0.1598 0.1011 80 200 120
-0.0509 -0.0688 0.0335 80 200 120
-0.0565 -0.0601 0.0299 80 200 120
0.0087 -0.0714 0.1050 80 200 120
-0.0443 -0.0598 0.0420 80 200 120
0.0460 -0.1820 0.0873 80 200 120
0.0006 -0.2165 0.0860 80 200 120
0.0438 -0.1594 0.1467 80 200 120
-0.0318 -0.1115 0.0724 80 200 120
0.0794 -0.2669 0.0598 80 200 120
-0.0621 -0.1284 0.0902 80 200 120
-0.1905 -0.0882 0.0307 80 200 120
-0.0129 -0.1001 0.0585 80 200 120
-0.0211 -0.0715 0.0339 80 200 120
-0.0727 -0.1589 0.0452 80 200 120
-0.0119 -0.0596 0.0677 80 200 120
-1.8164 -4.6599 1.2095 80 200 120
-0.0432 -0.0635 0.0371 80 200 120
0.0647 -0.1569 0.1516 80 200 120
0.0105 -0.1696 0.0425 80 200 120
-0.0345 -0.1175 0.2052 80 200 120
-0.0473 -0.0601 0.0315 80 200 120
0.0346 -0.2235 0.1059 80 200 120
-0.1034 -0.1477 0.0974 80 200 120
-0.0124 -0.1038 0.0858 80 200 120
-0.0509 -0.0737 0.0317 80 200 120
-0.0498 -0.0840 0.0530 80 200 120
0.1118 -0.1037 0.1563 80 200 120
-0.0156 -0.0996 0.1018 80 200 120
-0.0623 -0.1102 0.1411 80 200 120
0.0236 -0.1270 0.1005 80 200 120
0.0372 -0.0676 0.2148 80 200 120
0.1462 -0.1618 0.0903 80 200 120
0.0175 -0.1628 0.0728 80 200 120
-0.0073 -0.0949 0.0932 80 200 120
-0.1075 -0.0431 0.0627 80 200 120
-0.0372 -0.0796 0.0294 80 200 120
-0.0452 -0.0667 0.0431 80 200 120
0.1917 -0.2458 0.1354 80 200 120
-0.0561 -0.0887 0.0299 80 200 120
-0.0399 -0.0661 0.0302 80 200 120
-0.0558 -0.1112 0.0617 80 200 120
0.0777 -0.1129 -0.0285 80 200 120
0.0348 -0.0729 -0.0298 80 200 120
0.2119 -0.2354 -0.0242 80 200 120
0.0471 -0.1013 -0.0290 80 200 120
0.1054 -0.1205 -0.0185 80 200 120
0.0887 -0.1324 0.0014 80 200 120
0.0544 -0.0733 -0.0282 80 200 120
0.0637 -0.1308 -0.0045 80 200 120
0.0965 -0.0753 -0.0292 80 200 120
0.1312 -0.1932 -0.0024 80 200 120
0.0359 -0.0632 -0.0293 80 200 120
0.1075 -0.0634 -0.0282 80 200 120
0.0493 -0.1094 -0.0233 80 200 120
0.0362 -0.0665 -0.0267 80 200 120
0.0512 -0.0714 -0.0237 80 200 120
0.0552 -0.0715 -0.0215 80 200 120
0.0584 -0.0681 -0.0260 80 200 120
0.0558 -0.1190 -0.0256 80 200 120
0.1230 -0.1231 -0.0142 80 200 120
0.0470 -0.0952 -0.0121 80 200 120
-0.0160 -0.1523 -0.0242 80 200 120
0.0785 -0.0958 -0.0174 80 200 120
0.0556 -0.0637 -0.0287 80 200 120
0.0609 -0.1322 -0.0328 80 200 120
0.0365 -0.0718 -0.0287 80 200 120
0.1730 -0.2875 0.0557 80 200 120
0.2096 -0.2001 -0.0186 80 200 120
0.1486 -0.0837 -0.0049 80 200 120
0.0323 -0.1125 -0.0255 80 200 120
0.0437 -0.1754 -0.0031 80 200 120
0.0943 -0.1947 -0.0306 80 200 120
0.0512 -0.0717 -0.0208 80 200 120
-0.1125 -0.0137 -0.0292 80 200 120
-0.0752 -0.0054 -0.0298 80 200 120
-0.1430 -0.0735 0.0045 80 200 120
-0.0901 -0.0050 -0.0235 80 200 120
-0.0746 0.0040 -0.0292 80 200 120
-0.1573 0.0456 -0.0282 80 200 120
-0.0762 -0.0027 -0.0284 80 200 120
-0.1925 0.1180 -0.0262 80 200 120
-0.1213 -0.0008 -0.0191 80 200 120
-0.0844 -0.0082 -0.0263 80 200 120
-0.0958 0.0427 -0.0296 80 200 120
-0.0971 0.0111 -0.0293 80 200 120
-0.0874 -0.0015 -0.0258 80 200 120
-0.1276 0.0313 -0.0233 80 200 120
-0.3360 -0.0827 0.0751 80 200 120
-0.0962 -0.0028 -0.0294 80 200 120
-0.1055 0.0135 -0.0241 80 200 120
-0.0780 -0.0037 -0.0270 80 200 120
-0.0827 -0.0023 -0.0263 80 200 120
-0.0896 -0.0127 -0.0230 80 200 120
-0.2291 -0.0054 -0.0280 80 200 120
-0.1273 0.0073 -0.0234 80 200 120
-0.0857 0.0071 -0.0281 80 200 120
-0.0713 0.0029 -0.0305 80 200 120
-0.0800 -0.0142 -0.0272 80 200 120
-0.0856 0.0026 -0.0270 80 200 120
-0.1222 -0.0168 -0.0247 80 200 120
-0.0754 0.0024 -0.0275 80 200 120
-0.1138 0.0166 -0.0084 80 200 120
-0.0711 0.0011 -0.0298 80 200 120
0.0384 0.0617 -0.0299 80 200 120
0.0099 0.1087 -0.0286 80 200 120
0.0397 0.0743 -0.0297 80 200 120
0.1846 0.1747 -0.0280 80 200 120
0.0622 0.0734 -0.0301 80 200 120
0.1398 0.0577 -0.0206 80 200 120
0.0149 0.2752 -0.0053 80 200 120
0.1558 0.0793 -0.0205 80 200 120
0.0501 0.1430 -0.0355 80 200 120
0.0782 0.0716 -0.0257 80 200 120
-0.3972 0.8837 0.1086 80 200 120
0.0446 0.0582 -0.0303 80 200 120
-0.0047 0.1105 -0.0312 80 200 120
0.1956 0.0116 0.0631 80 200 120
0.2734 -0.2540 0.0354 80 200 120
0.1562 0.0259 0.0291 80 200 120
0.1915 -0.0537 0.0615 80 200 120
0.1616 -0.0065 0.0303 80 200 120
0.0726 0.0014 0.0326 80 200 120
0.2054 -0.0229 0.0277 80 200 120
0.2855 0.0823 0.0279 80 200 120
0.1165 -0.1063 0.0964 80 200 120
0.1462 0.0248 0.0935 80 200 120
0.1083 0.0378 0.0536 80 200 120
0.0768 0.0041 0.0310 80 200 120
0.1043 -0.0561 0.0661 80 200 120
0.0766 0.0047 0.0355 80 200 120
0.1410 -0.0703 0.0760 80 200 120
0.0778 0.0103 0.0401 80 200 120
0.0538 -0.0763 0.0820 80 200 120
0.0440 -0.1109 0.1183 80 200 120
0.0967 -0.0302 0.0549 80 200 120
0.0335 0.1651 0.1387 80 200 120
0.0676 -0.1592 0.1617 80 200 120
0.1784 -0.0412 0.1051 80 200 120
0.1461 -0.0973 0.1318 80 200 120
0.1536 -0.0637 0.1082 80 200 120
0.1320 0.0211 0.0956 80 200 120
0.0857 0.0323 0.0503 80 200 120
0.1569 -0.2232 0.2019 80 200 120
0.0937 0.0053 0.0479 80 200 120
0.0747 0.0015 0.0326 80 200 120
0.1407 -0.0085 0.1488 80 200 120
0.0735 0.0017 0.0312 80 200 120
0.0892 0.0157 0.0584 80 200 120
0.7548 -0.3153 2.2753 80 200 120
0.1928 0.1195 0.0842 80 200 120
0.1302 -0.1067 0.1263 80 200 120
0.0655 0.0451 0.0761 80 200 120
0.0747 -0.0009 0.0340 80 200 120
0.1297 -0.1091 0.1443 80 200 120
0.1050 -0.0158 0.0609 80 200 120
0.0704 -0.0004 0.0306 80 200 120
-0.0201 0.0829 0.0303 80 200 120
-2.9495 -1.1624 1.4516 80 200 120
-0.0358 0.0710 0.0388 80 200 120
-0.0057 0.0692 0.0537 80 200 120
-0.0625 0.0880 0.0576 80 200 120
-0.0447 0.0850 0.0435 80 200 120
-0.0293 0.0720 0.0376 80 200 120
-0.0317 0.0638 0.0319 80 200 120
0.0430 0.1574 0.1275 80 200 120
-0.4085 -0.2876 0.3192 80 200 120
-0.0275 0.1152 0.0675 80 200 120
-0.0192 0.0753 0.0365 80 200 120
-0.0309 0.0612 0.0348 80 200 120
-0.0332 0.0784 0.0442 80 200 120
-0.0494 0.0522 0.0416 80 200 120
-0.0512 0.0618 0.0378 80 200 120
-0.0640 0.0952 0.1171 80 200 120
-0.1173 0.0019 0.0942 80 200 120
-0.0673 -0.0729 0.0304 80 200 120
-0.0362 -0.0626 0.0308 80 200 120
-0.1231 -0.2093 0.0324 80 200 120
-0.0177 -0.1404 0.0306 80 200 120
-0.0319 -0.0601 0.0336 80 200 120
-0.0193 -0.0871 0.0297 80 200 120
0.0085 -0.1524 0.0877 80 200 120
0.0270 -0.1457 0.0307 80 200 120
-0.0198 -0.0820 0.0439 80 200 120
-0.0673 -0.1201 0.0684 80 200 120
-0.0441 -0.1017 0.0633 80 200 120
-0.0773 -0.0816 0.0499 80 200 120
0.0923 -0.2059 0.0869 80 200 120
-0.0447 -0.0871 0.0413 80 200 120
-0.0386 -0.0587 0.0356 80 200 120
-0.0354 -0.0611 0.0310 80 200 120
-0.1105 -0.1333 0.0980 80 200 120
-0.1959 -0.0133 0.0861 80 200 120
-0.0814 -0.1005 0.0641 80 200 120
-0.0347 -0.2362 0.0799 80 200 120
0.0411 -0.0924 0.0965 80 200 120
-0.0718 -0.0913 0.0495 80 200 120
-0.0337 -0.0711 0.0322 80 200 120
-0.0654 -0.0581 0.0595 80 200 120
-0.0871 -0.0951 0.1300 80 200 120
-0.0471 -0.0649 0.0329 80 200 120
-0.0490 -0.0530 0.0692 80 200 120
-0.1093 -0.0512 0.0685 80 200 120
-0.0363 -0.0635 0.0334 80 200 120
-0.0253 -0.2375 0.0919 80 200 120
-0.0614 -0.0542 0.0460 80 200 120
-0.0479 -0.1007 0.1169 80 200 120
-0.0875 -0.1413 0.0410 80 200 120
-0.0394 -0.0654 0.0367 80 200 120
-0.0418 -0.1172 0.1429 80 200 120
0.0648 -0.2005 0.0755 80 200 120
-0.0309 -0.0664 0.0484 80 200 120
-0.0623 -0.0827 0.1015 80 200 120
-0.0404 -0.0630 0.0410 80 200 120
-0.0517 -0.0572 0.0568 80 200 120
-0.0322 -0.0635 0.0310 80 200 120
-0.0414 -0.0781 0.0298 80 200 120
0.0089 -0.1891 0.1119 80 200 120
0.0736 -0.0841 -0.0217 80 200 120
0.0258 -0.0715 -0.0285 80 200 120
0.0389 -0.1099 -0.0289 80 200 120
-0.1039 -0.2467 -0.0273 80 200 120
0.1928 -0.1246 0.0147 80 200 120
0.0364 -0.0641 -0.0282 80 200 120
0.1194 -0.1405 -0.0064 80 200 120
0.1524 -0.3037 0.0358 80 200 120
0.1613 -0.2032 0.0588 80 200 120
0.1223 -0.1008 0.0018 80 200 120
0.0723 -0.0787 -0.0247 80 200 120
0.2458 -0.2042 0.0340 80 200 120
0.0387 -0.1257 -0.0237 80 200 120
0.1522 -0.0449 -0.0274 80 200 120
0.0501 -0.0599 -0.0270 80 200 120
0.0281 -0.1423 -0.0137 80 200 120
0.0556 -0.0620 -0.0272 80 200 120
-0.0427 -0.3031 0.0444 80 200 120
-0.1824 -0.1557 -0.0266 80 200 120
-0.2438 0.0249 -0.0267 80 200 120
-0.0711 -0.0019 -0.0301 80 200 120
-0.1184 -0.0000 -0.0249 80 200 120
-0.1293 -0.0145 -0.0238 80 200 120
-0.1059 0.0058 -0.0174 80 200 120
-0.1138 0.0017 -0.0293 80 200 120
-0.0932 -0.0074 -0.0232 80 200 120
-0.0946 0.0030 -0.0236 80 200 120
-0.1425 -0.0165 -0.0158 80 200 120
-0.1596 0.0729 -0.0069 80 200 120
-0.0892 -0.0035 -0.0281 80 200 120
-0.0717 -0.0003 -0.0295 80 200 120
-0.1758 0.0647 -0.0005 80 200 120
-0.1334 0.0743 -0.0104 80 200 120
-0.0707 -0.0032 -0.0304 80 200 120
0.0362 0.0625 -0.0299 80 200 120
0.0389 0.0763 -0.0298 80 200 120
0.0186 0.0982 -0.0289 80 200 120
0.0500 0.0811 -0.0294 80 200 120
0.1054 0.0753 -0.0297 80 200 120
0.1772 0.2320 -0.0037 80 200 120
0.1088 0.1242 -0.0220 80 200 120
0.1463 0.0682 -0.0194 80 200 120
0.2489 0.2044 -0.0113 80 200 120
0.0912 0.1429 -0.0190 80 200 120
0.0354 0.0617 -0.0302 80 200 120
0.1374 0.1354 -0.0111 80 200 120
0.0359 0.0645 -0.0296 80 200 120
0.0422 0.0777 -0.0263 80 200 120
0.0355 0.0620 -0.0313 80 200 120
0.0359 0.0620 -0.0299 80 200 120
0.1753 0.1256 0.0309 80 200 120
0.2503 0.2618 0.0272 80 200 120
0.1270 0.0805 0.0486 80 200 120
0.1168 -0.0471 0.0302 80 200 120
0.2219 0.0158 0.0294 80 200 120
0.1440 -0.1042 0.0357 80 200 120
0.1527 -0.2623 0.1271 80 200 120
0.0900 0.0161 0.0300 80 200 120
0.0736 0.0056 0.0308 80 200 120
0.2215 0.1218 0.0973 80 200 120
0.0695 -0.0028 0.0334 80 200 120
0.1185 0.0564 0.0797 80 200 120
0.3565 -0.0576 0.1740 80 200 120
0.0745 -0.0118 0.0339 80 200 120
0.1392 -0.1135 0.0296 80 200 120
0.1383 0.0963 0.1037 80 200 120
0.0716 -0.0099 0.0393 80 200 120
0.1435 0.0953 0.0810 80 200 120
0.2603 0.1855 0.0313 80 200 120
0.1623 -0.0208 0.0474 80 200 120
0.1025 -0.0124 0.0297 80 200 120
0.1103 -0.0846 0.0419 80 200 120
0.0728 0.0010 0.0304 80 200 120
0.0675 0.0277 0.0461 80 200 120
0.0478 0.1042 0.1246 80 200 120
0.0752 -0.0182 0.0501 80 200 120
0.0867 0.1670 0.1167 80 200 120
0.0946 -0.0744 0.0441 80 200 120
0.0706 -0.0012 0.0316 80 200 120
0.1657 -0.1189 0.1084 80 200 120
0.0831 -0.0037 0.0310 80 200 120
0.1225 -0.0028 0.0783 80 200 120
0.0721 0.0119 0.0520 80 200 120
0.1435 0.0902 0.0958 80 200 120
0.0762 0.0760 0.0606 80 200 120
0.1004 0.0178 0.0298 80 200 120
0.0739 -0.0045 0.0317 80 200 120
0.1421 -0.0238 0.0480 80 200 120
-0.0523 0.1479 0.0892 80 200 120
-0.1188 0.0698 0.1202 80 200 120
0.0261 0.0401 0.1389 80 200 120
-0.0452 0.0609 0.0430 80 200 120
-0.0247 0.0698 0.0416 80 200 120
-0.1284 0.0755 0.1177 80 200 120
-0.0338 0.0634 0.0326 80 200 120
0.0444 0.1281 0.1015 80 200 120
-0.0598 0.0573 0.0547 80 200 120
-0.0726 0.0738 0.1227 80 200 120
-0.0390 0.1008 0.0541 80 200 120
-0.0399 0.0670 0.0297 80 200 120
-0.0302 0.0496 0.1049 80 200 120
-0.0374 0.1428 0.0873 80 200 120
-0.0227 0.1261 0.0367 80 200 120
-0.0368 0.0657 0.0346 80 200 120
0.0403 0.0721 0.1602 80 200 120
-0.0412 0.0741 0.0332 80 200 120
-0.0238 0.0871 0.1736 80 200 120
-0.0341 0.0875 0.1400 80 200 120
0.1082 -0.2328 0.0329 80 200 120
-0.0956 -0.2885 0.0263 80 200 120
-0.0842 -0.1432 0.0717 80 200 120
-0.1568 -0.1957 0.1042 80 200 120
-0.0362 -0.0631 0.0311 80 200 120
-0.0419 -0.0643 0.0323 80 200 120
-0.0182 -0.0993 0.0304 80 200 120
0.0805 -0.1204 0.1635 80 200 120
-0.0353 -0.0631 0.0314 80 200 120
0.0140 -0.2621 0.0536 80 200 120
-0.0188 -0.0787 0.0350 80 200 120
-0.0775 -0.1099 0.0631 80 200 120
-0.0479 -0.1235 0.0446 80 200 120
-0.1044 -0.0088 0.1783 80 200 120
-0.0332 -0.0656 0.0344 80 200 120
0.0039 -0.1730 0.1447 80 200 120
-0.2446 -0.0237 0.0999 80 200 120
-0.0558 -0.1283 0.1262 80 200 120
-0.2255 -0.0979 0.0762 80 200 120
0.1222 -0.0850 0.1685 80 200 120
-0.0110 -0.0598 0.1229 80 200 120
0.0042 -0.1000 0.0610 80 200 120
-0.0356 -0.0619 0.0307 80 200 120
-0.0555 -0.0505 0.0462 80 200 120
-0.0592 -0.0657 0.0491 80 200 120
-0.1189 -0.0599 0.0451 80 200 120
-0.0161 -0.1411 0.1198 80 200 120
-0.0729 -0.0603 0.1135 80 200 120
-0.0471 -0.0585 0.0737 80 200 120
-0.0639 -0.0655 0.0586 80 200 120
1.0853 -1.1336 2.8211 80 200 120
-0.1202 -0.0595 0.1729 80 200 120
-0.0697 -0.0672 0.0775 80 200 120
0.2412 -0.2963 0.0572 80 200 120
-0.0303 -0.0604 0.0361 80 200 120
0.0453 -0.1171 -0.0286 80 200 120
0.1242 -0.0710 -0.0296 80 200 120
0.0403 -0.0664 -0.0292 80 200 120
0.0690 -0.0917 -0.0156 80 200 120
0.0125 -0.3052 -0.0246 80 200 120
0.0645 -0.1265 -0.0249 80 200 120
0.2581 -0.1632 -0.0248 80 200 120
0.2053 -0.1605 -0.0251 80 200 120
0.2061 -0.1491 0.0194 80 200 120
0.0404 -0.0625 -0.0299 80 200 120
0.0360 -0.0646 -0.0289 80 200 120
0.0400 -0.0619 -0.0293 80 200 120
0.0445 -0.0746 -0.0302 80 200 120
0.1252 -0.1966 0.0109 80 200 120
0.0947 -0.2125 -0.0056 80 200 120
0.0873 -0.0799 -0.0256 80 200 120
0.0735 -0.1139 -0.0249 80 200 120
0.0484 -0.0850 -0.0301 80 200 120
0.1279 -0.1541 0.0185 80 200 120
0.0363 -0.0626 -0.0289 80 200 120
0.1657 -0.1477 0.0421 80 200 120
0.1417 -0.1474 0.0339 80 200 120
-0.2758 -0.1658 -0.0247 80 200 120
-0.0838 -0.0093 -0.0296 80 200 120
-0.1978 -0.1059 -0.0118 80 200 120
-0.0816 0.0082 -0.0297 80 200 120
-0.0747 -0.0066 -0.0291 80 200 120
-0.1037 0.0068 -0.0271 80 200 120
-0.1263 0.0043 -0.0211 80 200 120
-0.1553 -0.0081 -0.0207 80 200 120
-0.0757 0.0016 -0.0295 80 200 120
-0.0991 0.0209 -0.0249 80 200 120
-0.1765 -0.0559 0.0205 80 200 120
-0.1889 0.0278 0.0041 80 200 120
-0.0752 0.0032 -0.0295 80 200 120
-0.0982 -0.0255 -0.0201 80 200 120
-0.0782 0.0004 -0.0274 80 200 120
-0.0726 0.0021 -0.0294 80 200 120
-0.1186 0.0214 -0.0183 80 200 120
0.0300 0.1029 -0.0292 80 200 120
0.0405 0.0712 -0.0297 80 200 120
0.0226 0.0991 -0.0261 80 200 120
0.1604 0.0713 -0.0290 80 200 120
0.0345 0.0834 -0.0295 80 200 120
-0.0576 0.2723 -0.0015 80 200 120
0.0723 0.0951 -0.0298 80 200 120
0.1721 0.0603 -0.0287 80 200 120
-0.0028 0.3024 -0.0037 80 200 120
0.1437 0.0958 -0.0150 80 200 120
-0.1158 0.3047 -0.0140 80 200 120
0.0437 0.2785 -0.0182 80 200 120
0.0339 0.0658 -0.0302 80 200 120
-0.0346 0.2045 0.0027 80 200 120
0.0364 0.0933 -0.0314 80 200 120
0.0348 0.0636 -0.0301 80 200 120
0.0337 0.0659 -0.0294 80 200 120
0.1080 0.0909 -0.0235 80 200 120
0.0352 0.0621 -0.0302 80 200 120
-0.0817 0.2312 -0.0293 80 200 120
0.1323 0.0557 -0.0331 80 200 120
0.2922 0.0211 -0.0289 80 200 120
0.0404 0.0694 -0.0307 80 200 120
0.0974 0.2031 -0.0211 80 200 120
0.0354 0.0613 -0.0303 80 200 120
0.0832 0.0940 -0.0329 80 200 120
0.0355 0.0612 -0.0304 80 200 120
0.0764 0.0739 -0.0331 80 200 120
0.1752 0.1261 0.0562 80 200 120
0.0749 0.0010 0.0300 80 200 120
0.1018 -0.0083 0.0296 80 200 120
0.1401 -0.0512 0.0298 80 200 120
0.0988 0.0045 0.0480 80 200 120
0.0731 0.0021 0.0300 80 200 120
0.1049 0.0318 0.0630 80 200 120
0.1154 0.0370 0.0596 80 200 120
0.0838 -0.0151 0.0337 80 200 120
0.0698 0.0034 0.0329 80 200 120
0.0684 0.0156 0.0412 80 200 120
0.1231 -0.0160 0.1300 80 200 120
0.2464 -0.0898 0.0317 80 200 120
0.1536 -0.1117 0.1690 80 200 120
0.0741 0.0025 0.0313 80 200 120
0.0743 -0.0151 0.0418 80 200 120
0.0717 0.0159 0.0414 80 200 120
0.0933 0.0050 0.0624 80 200 120
0.0782 -0.0369 0.0484 80 200 120
0.2068 0.1563 0.0798 80 200 120
0.0584 0.1079 0.1629 80 200 120
0.0725 0.0112 0.0381 80 200 120
0.1106 -0.0378 0.0413 80 200 120
0.0421 -0.0762 0.1364 80 200 120
0.0763 0.0013 0.0400 80 200 120
0.2340 -0.0181 0.1071 80 200 120
0.0900 0.0292 0.0482 80 200 120
0.0659 0.0238 0.0399 80 200 120
0.0800 -0.0495 0.0405 80 200 120
-0.0864 0.1010 0.0289 80 200 120
-0.0775 0.0650 0.0299 80 200 120
-0.0218 0.0855 0.0299 80 200 120
-0.0345 0.0669 0.0300 80 200 120
-0.0388 0.0623 0.0300 80 200 120
-0.0151 0.0808 0.0477 80 200 120
-0.0376 0.0850 0.0372 80 200 120
-0.0352 0.0623 0.0302 80 200 120
-0.0301 0.0651 0.0334 80 200 120
0.0768 0.2682 0.0500 80 200 120
-0.0601 0.0300 0.0822 80 200 120
-0.0566 0.0646 0.0466 80 200 120
-0.0803 0.0620 0.0731 80 200 120
-0.0660 0.0649 0.0396 80 200 120
0.0142 0.1151 0.0474 80 200 120
0.0810 0.2186 0.0872 80 200 120
-0.0973 0.0906 0.1246 80 200 120
-0.0938 0.1173 0.1286 80 200 120
-0.1314 0.0070 0.0834 80 200 120
-0.0350 0.0915 0.0482 80 200 120
-0.0729 0.0218 0.0724 80 200 120
-0.0610 0.0691 0.0294 80 200 120
-0.0125 0.1598 0.0689 80 200 120
0.0549 0.1257 0.0905 80 200 120
-0.0391 0.0058 0.1670 80 200 120
-0.0461 0.0508 0.0440 80 200 120
-0.0301 0.0736 0.0488 80 200 120
-0.1570 0.0840 0.1043 80 200 120
-0.0371 0.0629 0.0331 80 200 120
-0.0870 0.0284 0.0545 80 200 120
-0.0222 0.0671 0.0501 80 200 120
-0.0530 0.0592 0.0379 80 200 120
-0.1670 -0.0179 0.0710 80 200 120
-0.1578 0.0576 0.0411 80 200 120
-0.0939 0.0187 0.1384 80 200 120
-0.0894 0.0436 0.0794 80 200 120
-0.0550 0.0848 0.1400 80 200 120
-0.0371 0.0619 0.0344 80 200 120
-0.0062 0.0766 0.0566 80 200 120
-0.0219 -0.0120 0.1169 80 200 120
-0.0546 0.1516 0.0429 80 200 120
-0.0385 -0.0616 0.0301 80 200 120
-0.0380 -0.0617 0.0315 80 200 120
-0.0613 -0.1606 0.0924 80 200 120
-0.0097 -0.1325 0.0838 80 200 120
0.0195 -0.1108 0.0618 80 200 120
-0.1041 -0.1288 0.0617 80 200 120
-0.0171 -0.0717 0.0436 80 200 120
-0.0116 -0.1790 0.1336 80 200 120
0.0097 -0.1522 0.0499 80 200 120
-0.0254 -0.1072 0.0634 80 200 120
-0.0693 -0.0780 0.0377 80 200 120
0.0722 -0.0869 0.2135 80 200 120
-0.0800 -0.0564 0.0879 80 200 120
-0.0316 -0.0648 0.0350 80 200 120
-0.0864 -0.0203 0.1035 80 200 120
-0.0390 -0.0708 0.0391 80 200 120
-0.0252 -0.0777 0.0424 80 200 120
-0.0791 -0.1985 0.0377 80 200 120
-0.1115 -0.0368 0.1165 80 200 120
-0.0418 -0.1036 0.0843 80 200 120
0.0029 -0.0780 0.1298 80 200 120
-0.0641 -0.0458 0.0403 80 200 120
-0.0578 -0.0687 0.0500 80 200 120
0.0471 -0.1205 0.1021 80 200 120
-0.0307 -0.0709 0.0313 80 200 120
-0.0402 -0.0683 0.0324 80 200 120
0.0832 -0.1332 0.1393 80 200 120
0.0313 -0.2156 0.1023 80 200 120
0.0194 -0.1646 0.1647 80 200 120
-0.0508 -0.0855 0.0546 80 200 120
0.7163 -1.5911 2.9544 80 200 120
-0.0315 -0.1638 0.1346 80 200 120
-0.0391 -0.0902 0.0617 80 200 120
0.0706 -0.1798 0.1564 80 200 120
0.0098 -0.0649 0.1449 80 200 120
0.0041 -0.1084 0.1181 80 200 120
-0.0398 -0.0595 0.0322 80 200 120
-0.0390 -0.0576 0.0372 80 200 120
-0.0676 -0.0733 0.0667 80 200 120
-0.0353 -0.0612 0.0309 80 200 120
-1.7625 -4.1489 2.6599 80 200 120
0.0891 -0.2426 -0.0256 80 200 120
0.0374 -0.0630 -0.0274 80 200 120
0.0588 -0.1020 -0.0185 80 200 120
0.1067 -0.1209 -0.0186 80 200 120
0.1839 -0.2594 0.0569 80 200 120
0.0663 -0.2361 0.0172 80 200 120
0.2463 -0.2992 0.0384 80 200 120
0.0379 -0.0625 -0.0297 80 200 120
0.0525 -0.0645 -0.0302 80 200 120
0.0863 -0.3037 0.0115 80 200 120
0.2569 -0.2089 0.0588 80 200 120
0.1514 -0.1232 0.0192 80 200 120
0.1089 -0.0841 -0.0176 80 200 120
0.0929 -0.2238 -0.0172 80 200 120
0.1025 -0.2554 0.0710 80 200 120
0.0775 -0.0667 -0.0275 80 200 120
0.0344 -0.0742 -0.0289 80 200 120
0.0989 -0.2055 -0.0305 80 200 120
-0.0231 -0.2928 0.0174 80 200 120
0.0353 -0.1311 -0.0027 80 200 120
0.0344 -0.0632 -0.0296 80 200 120
0.0354 -0.0629 -0.0280 80 200 120
0.0257 -0.1039 -0.0180 80 200 120
-0.1496 0.0658 -0.0296 80 200 120
-0.0835 -0.0086 -0.0242 80 200 120
-0.2012 -0.0323 0.0131 80 200 120
-0.0929 0.0119 -0.0294 80 200 120
-0.2236 0.1478 -0.0249 80 200 120
-0.2764 -0.0033 0.0140 80 200 120
-0.0764 0.0017 -0.0276 80 200 120
-0.1155 -0.0257 -0.0179 80 200 120
-0.2200 0.0618 -0.0255 80 200 120
-0.2770 -0.0176 0.0208 80 200 120
-0.1319 0.0338 -0.0228 80 200 120
-0.1543 -0.0263 0.0030 80 200 120
-0.0792 -0.0015 -0.0259 80 200 120
-0.3260 -0.0460 0.0472 80 200 120
-0.1073 -0.0244 -0.0168 80 200 120
-0.0830 0.0042 -0.0302 80 200 120
-0.2375 0.0636 0.0525 80 200 120
-0.1184 0.1371 -0.0273 80 200 120
-0.0750 -0.0068 -0.0284 80 200 120
-0.0889 0.0200 -0.0227 80 200 120
-0.1425 -0.1421 -0.0195 80 200 120
-0.1275 0.0333 -0.0024 80 200 120
-0.0726 0.0008 -0.0294 80 200 120
0.0449 0.0663 -0.0290 80 200 120
0.0314 0.0722 -0.0307 80 200 120
0.0346 0.0650 -0.0295 80 200 120
-0.0057 0.1119 -0.0261 80 200 120
0.0702 0.2497 -0.0428 80 200 120
0.0279 0.0693 -0.0308 80 200 120
0.2770 0.0976 -0.0139 80 200 120
0.2041 0.1034 -0.0142 80 200 120
0.0930 0.0069 0.0299 80 200 120
0.1490 -0.0474 0.0292 80 200 120
0.2244 -0.0109 0.0302 80 200 120
0.0868 -0.0284 0.0367 80 200 120
0.1051 -0.0328 0.0442 80 200 120
0.1176 -0.0081 0.0293 80 200 120
0.1142 0.1079 0.1604 80 200 120
0.1185 0.0158 0.0708 80 200 120
0.0761 -0.0101 0.0366 80 200 120
0.0822 0.0091 0.0411 80 200 120
0.1568 0.1048 0.0412 80 200 120
0.0636 -0.0300 0.0506 80 200 120
0.0618 -0.0378 0.0597 80 200 120
0.1392 -0.0436 0.0850 80 200 120
0.0409 0.1318 0.1166 80 200 120
0.0689 -0.1073 0.1185 80 200 120
0.0566 0.0124 0.0651 80 200 120
0.0709 0.0003 0.0311 80 200 120
0.1842 -0.0046 0.0619 80 200 120
0.1065 0.1139 0.1843 80 200 120
0.0843 0.0013 0.0362 80 200 120
0.0769 0.0185 0.0466 80 200 120
0.0999 0.0218 0.0625 80 200 120
0.0682 -0.0399 0.1431 80 200 120
0.1944 0.1214 0.0851 80 200 120
0.1013 -0.0732 0.0643 80 200 120
0.0778 0.0260 0.0411 80 200 120
0.0853 -0.0118 0.0418 80 200 120
2.3879 -1.0340 2.1607 80 200 120
0.0806 0.0219 0.0300 80 200 120
-0.1134 -0.0293 0.1012 80 200 120
-0.0102 0.1513 0.0309 80 200 120
-0.0407 0.0834 0.0347 80 200 120
-0.0249 0.1597 0.0707 80 200 120
-0.0241 0.0742 0.0371 80 200 120
-2.7181 1.7199 2.8455 80 200 120
-0.0344 0.0614 0.0313 80 200 120
-0.0336 0.0648 0.0321 80 200 120
-0.2175 0.2091 0.0470 80 200 120
-0.0812 0.0642 0.0526 80 200 120
-0.0467 0.0620 0.0321 80 200 120
-0.0749 0.1082 0.1493 80 200 120
-0.1264 -0.0043 0.1013 80 200 120
-0.1480 -0.0423 0.0300 80 200 120
-0.0394 -0.0630 0.0301 80 200 120
-0.0465 -0.0731 0.0333 80 200 120
-0.0997 -0.1799 0.1071 80 200 120
-0.0831 -0.1657 0.0631 80 200 120
-0.0323 -0.0638 0.0313 80 200 120
-0.0367 -0.0906 0.0561 80 200 120
-0.0234 -0.0709 0.0345 80 200 120
-0.0154 -0.0899 0.0440 80 200 120
-0.0341 -0.0754 0.0424 80 200 120
-0.5727 -0.1558 0.0322 80 200 120
-0.0884 -0.1067 0.0693 80 200 120
-0.1120 -0.1248 0.0707 80 200 120
-0.0508 -0.0881 0.0517 80 200 120
-0.0919 -0.0951 0.0768 80 200 120
-0.0311 -0.0944 0.0480 80 200 120
-0.0372 -0.0640 0.0305 80 200 120
0.0587 -0.1129 0.0613 80 200 120
0.0130 -0.1542 0.0721 80 200 120
-0.0352 -0.0619 0.0300 80 200 120
-0.0721 -0.1094 0.0302 80 200 120
0.1932 -0.1243 0.0143 80 200 120
0.0405 -0.0720 -0.0281 80 200 120
0.0688 -0.1434 0.0001 80 200 120
0.1905 -0.2741 0.0144 80 200 120
-0.0040 -0.1971 -0.0288 80 200 120
0.1407 -0.0642 -0.0277 80 200 120
-0.0327 -0.2560 -0.0041 80 200 120
0.0938 -0.2612 -0.0020 80 200 120
0.0447 -0.0802 -0.0248 80 200 120
0.1890 -0.2337 0.0779 80 200 120
0.1282 -0.2244 -0.0028 80 200 120
0.1449 -0.1380 -0.0106 80 200 120
0.1673 -0.1499 0.0097 80 200 120
0.2553 -0.1051 0.0182 80 200 120
0.0459 -0.0600 -0.0299 80 200 120
-0.0172 -0.1511 -0.0231 80 200 120
0.2912 -0.1945 0.0128 80 200 120
-0.1091 -0.0540 -0.0287 80 200 120
-0.0900 -0.0114 -0.0294 80 200 120
-0.2089 0.0001 -0.0155 80 200 120
-0.2233 0.0062 -0.0270 80 200 120
-0.2756 -0.1455 0.0133 80 200 120
-0.2024 -0.0417 0.0097 80 200 120
-0.8525 -0.0831 -0.0060 80 200 120
-0.1079 0.0149 -0.0241 80 200 120
-0.2181 -0.0335 -0.0009 80 200 120
-0.2835 0.1305 0.0295 80 200 120
-0.1331 0.0290 -0.0222 80 200 120
-0.0735 -0.0011 -0.0296 80 200 120
-0.2580 0.0148 0.0692 80 200 120
0.0420 0.0687 -0.0298 80 200 120
0.1032 0.1126 -0.0289 80 200 120
0.2885 0.1815 -0.0297 80 200 120
0.2835 0.0534 -0.0075 80 200 120
0.1047 0.1326 -0.0184 80 200 120
0.0441 0.0684 -0.0289 80 200 120
0.1188 0.1169 -0.0224 80 200 120
0.0379 0.0768 -0.0291 80 200 120
0.2536 0.2200 0.0103 80 200 120
0.0354 0.0606 -0.0308 80 200 120
0.2406 -0.1488 0.0285 80 200 120
0.0706 0.0190 0.0414 80 200 120
-0.0564 -0.0090 0.1241 80 200 120
-0.0448 0.0604 0.0317 80 200 120
-0.0353 -0.0609 0.0302 80 200 120
-0.0106 -0.0783 0.0482 80 200 120
0.0412 -0.0835 -0.0187 80 200 120
0.0299 -0.0728 -0.0281 80 200 120
0.1288 -0.1268 -0.0285 80 200 120
0.0573 -0.0620 -0.0275 80 200 120
-0.0726 -0.0043 -0.0294 80 200 120
-0.1901 -0.1153 0.0034 80 200 120
-2.4219 -1.0081 0.6140 80 200 120
-0.0752 0.0005 -0.0278 80 200 120
-0.0759 -0.0068 -0.0280 80 200 120
-0.0978 0.0245 -0.0187 80 200 120
-0.0773 -0.0018 -0.0262 80 200 120
-0.3863 -0.1034 0.1307 80 200 120
-0.0920 -0.0154 -0.0186 80 200 120
0.1614 0.0697 -0.0171 80 200 120
0.1698 0.1452 0.0287 80 200 120
0.0748 -0.0049 0.0301 80 200 120
0.0732 -0.0014 0.0309 80 200 120
0.1915 -0.1720 0.0399 80 200 120
0.2568 0.1508 0.1136 80 200 120
0.0718 -0.0017 0.0303 80 200 120
0.0663 -0.0664 0.0936 80 200 120
0.1678 0.1430 0.0892 80 200 120
0.0775 -0.0125 0.0300 80 200 120
0.0815 0.0164 0.0426 80 200 120
0.1423 -0.0830 0.0993 80 200 120
0.1834 0.1483 0.1096 80 200 120
0.0905 0.0201 0.0302 80 200 120
0.0758 -0.0125 0.0319 80 200 120
0.0668 0.0287 0.0471 80 200 120
1.4453 0.3299 2.0633 80 200 120
0.0711 -0.0028 0.0349 80 200 120
0.0679 -0.0056 0.0380 80 200 120
0.0738 -0.0047 0.0331 80 200 120
0.0831 0.0031 0.0540 80 200 120
0.0706 -0.0012 0.0311 80 200 120
0.0697 0.0006 0.0309 80 200 120
0.0772 -0.0008 0.0335 80 200 120
0.0728 0.0215 0.0706 80 200 120
0.0958 0.0209 0.0503 80 200 120
0.0841 -0.0047 0.0336 80 200 120
0.1079 -0.1638 0.1752 80 200 120
0.0178 -0.1565 0.1277 80 200 120
0.0925 0.0105 0.0339 80 200 120
0.0664 0.0021 0.0355 80 200 120
-0.1368 0.0639 0.1262 80 200 120
-0.0442 0.0616 0.0399 80 200 120
-0.0015 0.1067 0.0464 80 200 120
-0.0431 0.0561 0.0345 80 200 120
-0.0527 0.0428 0.0497 80 200 120
-0.0443 0.0528 0.0415 80 200 120
-0.0420 0.0563 0.0334 80 200 120
-0.0440 0.0729 0.0509 80 200 120
-0.0367 0.0609 0.0308 80 200 120
-0.0323 0.0539 0.0775 80 200 120
-0.0848 0.0349 0.0769 80 200 120
-0.0656 0.0679 0.0655 80 200 120
-0.0336 0.0642 0.0497 80 200 120
-0.0353 0.0660 0.0370 80 200 120
-0.0455 0.0539 0.0339 80 200 120
-0.0196 0.0644 0.0397 80 200 120
-0.0378 -0.0635 0.0315 80 200 120
-0.0449 -0.0703 0.0346 80 200 120
-0.0508 -0.0684 0.0375 80 200 120
-0.1468 -0.0380 0.1366 80 200 120
-0.0409 -0.0583 0.0321 80 200 120
-0.0303 -0.0686 0.0321 80 200 120
-0.1498 -0.0401 0.0682 80 200 120
-0.0350 -0.0652 0.0314 80 200 120
-0.0605 -0.0586 0.0550 80 200 120
-0.1538 -0.1018 0.1337 80 200 120
2.4546 -1.8767 2.3158 80 200 120
-0.0350 -0.0609 0.0302 80 200 120
-0.0550 -0.0581 0.0404 80 200 120
-0.0763 -0.0692 0.0627 80 200 120
-0.0344 -0.0731 0.0344 80 200 120
-0.0882 -0.0633 0.0536 80 200 120
-0.0383 -0.0706 0.0519 80 200 120
-0.0353 -0.0626 0.0340 80 200 120
-0.0306 -0.0656 0.0353 80 200 120
-0.0379 -0.0612 0.0339 80 200 120
-0.0240 -0.0743 0.0554 80 200 120
-0.0382 -0.0632 0.0385 80 200 120
-0.0486 -0.0687 0.0476 80 200 120
-0.0380 -0.0600 0.0348 80 200 120
-0.0247 -0.0602 0.0391 80 200 120
-0.0194 -0.0780 0.0366 80 200 120
0.0696 -0.1709 0.0424 80 200 120
-0.0260 -0.0695 0.0341 80 200 120
0.1667 -0.0756 -0.0291 80 200 120
0.0974 -0.1439 0.0065 80 200 120
0.0406 -0.0666 -0.0284 80 200 120
0.2779 -0.1724 -0.0241 80 200 120
0.0512 -0.0760 -0.0254 80 200 120
0.0619 -0.0783 -0.0194 80 200 120
0.0374 -0.0614 -0.0295 80 200 120
0.0397 -0.0624 -0.0295 80 200 120
0.2546 -0.0923 -0.0147 80 200 120
0.0378 -0.0653 -0.0282 80 200 120
0.3504 -0.0179 -0.0226 80 200 120
0.0353 -0.0645 -0.0290 80 200 120
0.0550 -0.0766 -0.0182 80 200 120
0.0315 -0.0746 -0.0273 80 200 120
0.0355 -0.1078 -0.0118 80 200 120
0.1575 -0.1776 0.0507 80 200 120
0.0154 -0.0910 -0.0293 80 200 120
0.1706 -0.1021 0.0082 80 200 120
-0.2686 -0.1591 -0.0247 80 200 120
-0.1223 -0.0605 -0.0190 80 200 120
-0.2673 -0.1623 -0.0016 80 200 120
-0.0953 0.0136 -0.0206 80 200 120
-0.0890 -0.0047 -0.0237 80 200 120
-0.0816 -0.0029 -0.0287 80 200 120
-0.0752 -0.0009 -0.0290 80 200 120
-0.0732 -0.0001 -0.0293 80 200 120
-0.1692 0.0078 -0.0139 80 200 120
-0.0887 -0.0018 -0.0279 80 200 120
-0.2316 -0.0843 0.0469 80 200 120
-0.0877 -0.0031 -0.0280 80 200 120
-0.0911 -0.0038 -0.0236 80 200 120
-0.1595 0.0211 -0.0044 80 200 120
-0.0745 -0.0017 -0.0292 80 200 120
-0.0802 -0.0091 -0.0263 80 200 120
-1.9864 0.2462 0.1810 80 200 120
-0.0954 0.0096 -0.0174 80 200 120
-0.0774 0.0208 -0.0304 80 200 120
-0.0927 0.0129 -0.0189 80 200 120
-0.0714 -0.0033 -0.0298 80 200 120
0.0581 0.0654 -0.0298 80 200 120
0.2475 0.1296 -0.0000 80 200 120
0.0213 0.0828 -0.0285 80 200 120
0.0339 0.0629 -0.0298 80 200 120
0.0552 0.0590 -0.0290 80 200 120
-0.0935 0.2483 -0.0291 80 200 120
0.0528 0.0597 -0.0305 80 200 120
0.0419 0.0595 -0.0299 80 200 120
0.0592 0.0643 -0.0283 80 200 120
0.0554 0.0658 -0.0280 80 200 120
0.0360 0.0644 -0.0293 80 200 120
0.0352 0.0602 -0.0305 80 200 120
0.0767 0.1657 -0.0365 80 200 120
0.0906 -0.0258 0.0306 80 200 120
0.1073 -0.0027 0.0302 80 200 120
0.0835 -0.0430 0.0460 80 200 120
0.0736 -0.0066 0.0317 80 200 120
0.0735 0.0083 0.0403 80 200 120
0.0474 -0.0953 0.1060 80 200 120
0.0696 -0.0210 0.0474 80 200 120
0.0608 0.0079 0.0532 80 200 120
0.0707 -0.0036 0.0319 80 200 120
0.0865 0.0014 0.0479 80 200 120
0.1060 0.0767 0.0793 80 200 120
0.0828 0.1332 0.0996 80 200 120
0.0852 0.0485 0.0962 80 200 120
0.2072 0.0111 0.0996 80 200 120
0.0717 0.0003 0.0321 80 200 120
0.0703 -0.0003 0.0301 80 200 120
0.0727 0.0020 0.0331 80 200 120
0.0695 -0.0079 0.0525 80 200 120
0.0708 -0.0020 0.0310 80 200 120
0.0717 -0.0033 0.0335 80 200 120
0.0582 0.0087 0.0647 80 200 120
-0.0374 0.0578 0.0322 80 200 120
-0.0440 0.0499 0.0483 80 200 120
-1.3037 0.5228 3.0469 80 200 120
-0.0555 0.0462 0.0674 80 200 120
-0.0358 0.0603 0.0307 80 200 120
-0.0469 0.0617 0.0326 80 200 120
-0.0409 0.0600 0.0299 80 200 120
-0.0245 0.0626 0.0376 80 200 120
-0.0367 -0.0669 0.0340 80 200 120
-0.0300 -0.0747 0.0327 80 200 120
-0.0432 -0.0756 0.0398 80 200 120
-0.0352 -0.0633 0.0324 80 200 120
-0.0337 -0.0677 0.0363 80 200 120
-0.0230 -0.0636 0.0507 80 200 120
-0.0512 -0.0761 0.0446 80 200 120
-0.1028 -0.1382 0.0831 80 200 120
-0.0348 -0.0612 0.0306 80 200 120
-0.1685 -0.0843 0.0308 80 200 120
-0.0785 -0.0979 0.0621 80 200 120
-0.0390 -0.0731 0.0478 80 200 120
-0.0431 -0.0582 0.0392 80 200 120
-0.0387 -0.0821 0.0573 80 200 120
-0.0407 -0.0653 0.0331 80 200 120
-0.0809 -0.1059 0.0343 80 200 120
-0.0556 -0.0731 0.0470 80 200 120
-0.0500 -0.0726 0.0320 80 200 120
-0.0832 -0.0602 0.0389 80 200 120
-0.0346 -0.0649 0.0324 80 200 120
-0.0353 -0.0611 0.0313 80 200 120
-0.0348 -0.0665 0.0360 80 200 120
-0.0493 -0.0631 0.0441 80 200 120
-0.0362 -0.0606 0.0321 80 200 120
-0.0519 -0.0671 0.0489 80 200 120
0.0472 -0.1022 -0.0289 80 200 120
0.0379 -0.0631 -0.0295 80 200 120
0.0368 -0.0709 -0.0271 80 200 120
0.0442 -0.0628 -0.0298 80 200 120
0.0639 -0.1004 -0.0216 80 200 120
0.0233 -0.1007 -0.0295 80 200 120
-1.0553 -3.1527 0.4187 80 200 120
0.0374 -0.0690 -0.0288 80 200 120
0.0365 -0.0624 -0.0289 80 200 120
0.0459 -0.0780 -0.0296 80 200 120
0.0402 -0.0634 -0.0277 80 200 120
0.0430 -0.0663 -0.0285 80 200 120
0.0395 -0.0739 -0.0230 80 200 120
0.0390 -0.0633 -0.0288 80 200 120
0.0434 -0.0768 -0.0297 80 200 120
0.0457 -0.0790 -0.0178 80 200 120
0.0427 -0.0719 -0.0230 80 200 120
0.0370 -0.0620 -0.0288 80 200 120
0.0337 -0.0640 -0.0291 80 200 120
0.0398 -0.0632 -0.0291 80 200 120
0.0359 -0.0652 -0.0282 80 200 120
0.0408 -0.0622 -0.0275 80 200 120
0.0334 -0.0634 -0.0297 80 200 120
0.0342 -0.0631 -0.0291 80 200 120
-0.0866 0.0122 -0.0242 80 200 120
-0.0782 0.0000 -0.0291 80 200 120
-0.1669 0.0240 -0.0287 80 200 120
-0.0773 -0.0007 -0.0281 80 200 120
-0.0982 -0.0199 -0.0239 80 200 120
-0.0973 -0.0085 -0.0191 80 200 120
-0.0938 -0.0075 -0.0227 80 200 120
-0.1323 -0.0043 -0.0063 80 200 120
-0.0812 0.0042 -0.0280 80 200 120
-0.1191 -0.0111 -0.0202 80 200 120
-0.0921 -0.0119 -0.0274 80 200 120
-1.7304 -1.0575 0.5642 80 200 120
-0.0776 -0.0003 -0.0299 80 200 120
-0.0961 0.0117 -0.0265 80 200 120
-0.0960 0.0112 -0.0235 80 200 120
-0.0854 -0.0299 -0.0276 80 200 120
-0.0797 0.0112 -0.0269 80 200 120
0.0593 0.0836 -0.0296 80 200 120
0.0364 0.0685 -0.0305 80 200 120
0.0391 0.1017 -0.0262 80 200 120
0.0515 0.0729 -0.0272 80 200 120
0.0579 0.0643 -0.0266 80 200 120
0.1313 0.0737 0.0454 80 200 120
0.1563 0.1443 0.0317 80 200 120
0.0878 0.0086 0.0299 80 200 120
0.1279 -0.0423 0.0411 80 200 120
0.1210 0.0053 0.0299 80 200 120
3.2924 -3.4413 1.7601 80 200 120
0.1188 -0.0460 0.0501 80 200 120
0.0758 -0.0042 0.0300 80 200 120
0.6564 -1.3487 0.9022 80 200 120
0.1022 -0.0298 0.0599 80 200 120
0.1160 -0.1533 0.1289 80 200 120
0.1873 -0.1163 0.1060 80 200 120
0.1455 0.0875 0.1077 80 200 120
7.2773 -4.2578 1.7896 80 200 120
0.1049 -0.0106 0.0960 80 200 120
0.0912 -0.0333 0.0463 80 200 120
0.7549 -0.9261 1.2222 80 200 120
0.1027 -0.0682 0.0296 80 200 120
0.1188 -0.0309 0.0690 80 200 120
0.0718 -0.0010 0.0323 80 200 120
0.0682 0.0082 0.0353 80 200 120
0.0811 -0.0042 0.0378 80 200 120
0.0877 -0.0224 0.0537 80 200 120
0.0996 -0.0226 0.0578 80 200 120
0.0936 -0.0334 0.0365 80 200 120
0.1416 0.0820 0.0562 80 200 120
3.5609 -0.1289 1.0491 80 200 120
0.0587 -0.0181 0.0697 80 200 120
0.0783 -0.0251 0.0348 80 200 120
0.0993 -0.0035 0.0793 80 200 120
1.2730 -1.0137 0.7290 80 200 120
0.1501 -0.0528 0.0389 80 200 120
0.0841 0.1736 0.0999 80 200 120
0.0761 0.0036 0.0300 80 200 120
1.4814 -1.1080 1.1811 80 200 120
0.2071 -0.1661 0.0945 80 200 120
0.0797 0.0248 0.0297 80 200 120
0.0729 0.0090 0.0300 80 200 120
0.0811 -0.0558 0.0419 80 200 120
0.1034 -0.0792 0.0359 80 200 120
0.0774 -0.0799 0.0470 80 200 120
0.0649 -0.0720 0.0754 80 200 120
0.0669 0.2540 0.0302 80 200 120
-0.0263 0.0926 0.0304 80 200 120
-0.0447 0.1104 0.0640 80 200 120
-0.0147 0.0981 0.0338 80 200 120
-0.0500 0.0633 0.0416 80 200 120
0.0012 0.0857 0.0619 80 200 120
-0.0436 0.0647 0.0431 80 200 120
-0.0686 0.0929 0.0863 80 200 120
-0.0283 0.0666 0.0377 80 200 120
-0.0312 0.0986 0.0458 80 200 120
-0.3178 0.1513 0.0255 80 200 120
0.0070 0.1131 0.0585 80 200 120
-0.0167 0.1416 0.0619 80 200 120
0.0473 0.1305 0.1043 80 200 120
-0.0337 0.1304 0.0449 80 200 120
-0.0154 0.0997 0.0450 80 200 120
-0.0372 0.0533 0.0398 80 200 120
-0.0293 0.1193 0.0773 80 200 120
-0.0370 0.0804 0.0420 80 200 120
-0.0537 0.0496 0.0451 80 200 120
-0.1190 0.1654 0.0263 80 200 120
-0.1160 0.0575 0.0455 80 200 120
-0.0071 0.0746 0.0748 80 200 120
-0.0375 0.1408 0.0861 80 200 120
-0.0282 0.0721 0.0353 80 200 120
-0.0195 0.1002 0.0528 80 200 120
-0.0062 0.0651 0.0801 80 200 120
-0.0328 0.1376 0.3457 80 200 120
-0.0479 0.1199 0.0386 80 200 120
-0.0301 0.0358 0.0601 80 200 120
-0.0407 -0.0692 0.0355 80 200 120
-0.0565 -0.0971 0.0307 80 200 120
-0.0486 -0.1117 0.0292 80 200 120
-0.0552 -0.0946 0.0472 80 200 120
-2.5217 -3.5169 1.7025 80 200 120
0.0183 -0.1732 0.1008 80 200 120
0.7429 -2.3235 1.7880 80 200 120
-0.8158 -3.4702 2.8437 80 200 120
0.0956 -0.1284 0.1814 80 200 120
-0.0058 -0.1204 0.0432 80 200 120
-0.0280 -0.0954 0.0550 80 200 120
-0.0308 -0.0777 0.0320 80 200 120
-0.0427 -0.0599 0.0400 80 200 120
-0.0308 -0.0789 0.0366 80 200 120
-0.0420 -0.0949 0.0381 80 200 120
-0.0541 -0.0464 0.0709 80 200 120
-0.2640 0.0063 0.1099 80 200 120
-0.0668 -0.0358 0.0754 80 200 120
0.0581 -0.2286 0.0543 80 200 120
-0.0428 -0.0801 0.0474 80 200 120
-0.0534 -0.1180 0.0333 80 200 120
-0.0172 -0.0680 0.0456 80 200 120
0.0003 -0.0596 0.1672 80 200 120
0.0536 -0.0567 0.1748 80 200 120
0.0172 -0.0850 0.1679 80 200 120
-0.0742 -0.0866 0.1053 80 200 120
-0.0684 -0.0427 0.1236 80 200 120
0.0190 -0.0938 0.0799 80 200 120
-0.0396 -0.0665 0.0346 80 200 120
-0.0255 -0.0783 0.0532 80 200 120
-0.0394 -0.0675 0.0369 80 200 120
-0.0850 -0.0283 0.0896 80 200 120
0.1260 -0.1078 0.1687 80 200 120
-0.0191 -0.1283 0.1055 80 200 120
-0.0369 -0.0741 0.0445 80 200 120
-0.0504 -0.0581 0.0857 80 200 120
2.6968 -3.8909 1.3573 80 200 120
-0.0135 -0.0626 0.0850 80 200 120
-0.0397 -0.0897 0.0501 80 200 120
0.0408 -0.2824 0.1716 80 200 120
0.0414 -0.0961 -0.0291 80 200 120
0.0864 -0.1234 -0.0281 80 200 120
0.2021 -0.2256 -0.0243 80 200 120
-0.0797 -0.2142 -0.0277 80 200 120
0.0412 -0.0758 -0.0244 80 200 120
0.1322 -0.1177 -0.0271 80 200 120
0.1057 -0.0972 -0.0096 80 200 120
0.0390 -0.0756 -0.0225 80 200 120
0.0439 -0.0762 -0.0274 80 200 120
0.0374 -0.0641 -0.0289 80 200 120
0.0824 -0.0827 -0.0108 80 200 120
0.0186 -0.0988 -0.0235 80 200 120
0.0408 -0.0754 -0.0276 80 200 120
0.0778 -0.1200 -0.0242 80 200 120
0.0362 -0.0813 -0.0279 80 200 120
0.0845 -0.1104 -0.0040 80 200 120
0.1123 -0.1223 -0.0249 80 200 120
0.0310 -0.0695 -0.0296 80 200 120
0.0186 -0.0788 -0.0295 80 200 120
-0.1657 0.0611 0.0063 80 200 120
-0.0741 0.0007 -0.0285 80 200 120
-0.0717 -0.0010 -0.0295 80 200 120
-0.1748 0.1732 -0.0277 80 200 120
-0.1087 0.0015 -0.0292 80 200 120
-0.1407 -0.0649 -0.0236 80 200 120
-0.1786 0.0353 0.0024 80 200 120
-0.1838 -0.1354 -0.0262 80 200 120
-0.0884 -0.0014 -0.0206 80 200 120
-0.0730 0.0005 -0.0294 80 200 120
-0.1257 -0.0537 -0.0142 80 200 120
-0.0733 0.0033 -0.0292 80 200 120
-0.1400 0.0055 0.0070 80 200 120
-0.0826 0.0358 -0.0304 80 200 120
-0.1095 -0.0418 -0.0139 80 200 120
-0.0718 0.0037 -0.0299 80 200 120
0.0707 0.0637 -0.0295 80 200 120
0.0148 0.1066 -0.0237 80 200 120
0.1752 0.0565 -0.0172 80 200 120
0.0243 0.1293 -0.0225 80 200 120
0.0437 0.0710 -0.0284 80 200 120
0.3026 0.1712 -0.0057 80 200 120
0.0490 0.0813 -0.0272 80 200 120
0.0432 0.0742 -0.0309 80 200 120
0.0183 0.0923 -0.0246 80 200 120
0.0575 0.1120 -0.0267 80 200 120
0.0691 0.0769 -0.0244 80 200 120
0.0356 0.0607 -0.0307 80 200 120
0.2284 -0.0956 0.0287 80 200 120
0.1569 -0.1233 0.0373 80 200 120
0.1165 -0.0517 0.0369 80 200 120
0.0958 0.0039 0.0463 80 200 120
0.1138 0.0353 0.0497 80 200 120
0.0791 -0.0382 0.0802 80 200 120
0.1728 -0.1193 0.0627 80 200 120
-0.0961 -2.5045 2.4866 80 200 120
0.1224 -0.0105 0.0564 80 200 120
0.1098 0.0578 0.0544 80 200 120
1.6221 -0.8016 0.0719 80 200 120
0.1195 -0.0680 0.0590 80 200 120
0.0806 -0.0120 0.0402 80 200 120
0.3137 -1.7775 1.7391 80 200 120
0.0744 0.0057 0.0331 80 200 120
0.2559 -0.0422 0.0660 80 200 120
0.0770 -0.0248 0.0573 80 200 120
0.7136 -1.6716 1.3591 80 200 120
0.0400 -0.0798 0.1420 80 200 120
0.1099 0.0323 0.0889 80 200 120
0.0801 0.0022 0.0488 80 200 120
0.0734 0.0033 0.0315 80 200 120
0.0765 0.0122 0.0370 80 200 120
0.0871 -0.0742 0.0958 80 200 120
0.0396 -0.0878 0.0870 80 200 120
0.0865 -0.0412 0.0313 80 200 120
-0.2322 0.2148 0.0266 80 200 120
-0.1308 0.1167 0.0286 80 200 120
-0.1270 0.0614 0.0266 80 200 120
-0.0029 0.0847 0.0441 80 200 120
-0.0535 0.0673 0.0365 80 200 120
-0.0090 0.0681 0.0512 80 200 120
-0.0517 0.0611 0.0459 80 200 120
-0.0400 0.0656 0.0351 80 200 120
-0.0168 0.0812 0.0323 80 200 120
0.0160 0.1171 0.0483 80 200 120
-0.0467 0.0897 0.0463 80 200 120
-0.0755 0.0670 0.0682 80 200 120
-0.0148 0.0856 0.0553 80 200 120
-0.0275 0.0660 0.0351 80 200 120
-0.0316 0.0841 0.0464 80 200 120
-0.0365 0.0391 0.0840 80 200 120
-0.1690 0.0861 0.1116 80 200 120
-0.0515 0.0753 0.0767 80 200 120
-0.0346 0.0596 0.0369 80 200 120
-0.0340 0.0694 0.0423 80 200 120
-0.0742 0.0573 0.0475 80 200 120
-0.1100 0.0664 0.0673 80 200 120
-0.1353 1.5970 2.9486 80 200 120
-0.0158 0.0720 0.0438 80 200 120
-0.0373 0.0633 0.0425 80 200 120
-0.0523 0.0811 0.0819 80 200 120
-0.0080 0.0755 0.0552 80 200 120
-0.0525 0.0482 0.0437 80 200 120
-0.0535 -0.0811 0.0414 80 200 120
-0.0352 -0.0648 0.0299 80 200 120
-0.0495 -0.0680 0.0333 80 200 120
-0.0297 -0.0700 0.0369 80 200 120
-0.0967 -0.0727 0.0451 80 200 120
0.0192 -0.1153 0.0731 80 200 120
-0.0971 -0.2230 0.0553 80 200 120
0.0715 -0.1636 0.1600 80 200 120
-0.0347 -0.0794 0.0878 80 200 120
-0.0431 -0.0789 0.0508 80 200 120
-0.0718 -0.0517 0.0523 80 200 120
-0.0561 -0.0605 0.0767 80 200 120
0.0375 -0.1143 0.0851 80 200 120
0.1830 -0.3094 0.1257 80 200 120
0.0742 -0.1761 0.0434 80 200 120
-0.0106 -0.0856 0.0421 80 200 120
0.1925 -0.0788 -0.0287 80 200 120
0.0417 -0.0667 -0.0271 80 200 120
0.0164 -0.2644 -0.0253 80 200 120
0.0431 -0.0748 -0.0260 80 200 120
0.0537 -0.0856 -0.0190 80 200 120
0.2150 -0.2645 0.0285 80 200 120
2.0116 -4.4823 0.4002 80 200 120
0.1768 -0.1260 -0.0265 80 200 120
0.0160 -0.1500 -0.0290 80 200 120
0.0412 -0.0726 -0.0246 80 200 120
0.0549 -0.1019 -0.0187 80 200 120
0.0555 -0.0743 -0.0217 80 200 120
0.0715 -0.0658 -0.0273 80 200 120
0.0289 -0.0776 -0.0299 80 200 120
0.0331 -0.0988 -0.0265 80 200 120
0.2856 -0.0270 -0.0238 80 200 120
0.0520 -0.0987 -0.0299 80 200 120
0.0389 -0.0637 -0.0277 80 200 120
0.0294 -0.0840 -0.0238 80 200 120
0.0353 -0.0804 -0.0210 80 200 120
0.1417 -0.1628 0.0405 80 200 120
1.5520 -0.1035 0.0461 80 200 120
0.0326 -0.0850 -0.0255 80 200 120
-0.1088 0.0319 -0.0297 80 200 120
-0.1118 -0.0335 -0.0288 80 200 120
-2.2148 0.3088 -0.0098 80 200 120
-0.0713 -0.0011 -0.0298 80 200 120
-0.1293 0.0322 -0.0228 80 200 120
-0.0796 0.0007 -0.0284 80 200 120
-0.1453 0.0538 -0.0161 80 200 120
-0.1846 0.0930 -0.0002 80 200 120
-0.1520 0.0504 -0.0067 80 200 120
0.2490 0.1623 -0.0295 80 200 120
0.0141 0.0911 -0.0298 80 200 120
0.2178 0.1869 -0.0404 80 200 120
0.0386 0.0695 -0.0305 80 200 120
0.0448 0.0776 -0.0276 80 200 120
0.0347 0.0604 -0.0313 80 200 120
0.1520 -0.1025 0.0324 80 200 120
0.1986 0.0388 0.0291 80 200 120
0.0945 0.0348 0.0382 80 200 120
0.1363 -0.0675 0.0309 80 200 120
0.1431 0.0716 0.0872 80 200 120
0.0898 -0.0087 0.0352 80 200 120
0.1141 0.0091 0.0300 80 200 120
0.2536 -0.0135 0.0310 80 200 120
0.1292 -0.1057 0.0574 80 200 120
0.1996 -0.1153 0.0505 80 200 120
0.1275 0.0468 0.0675 80 200 120
0.0682 0.0393 0.0627 80 200 120
0.0789 0.0066 0.0382 80 200 120
0.0661 0.0395 0.0583 80 200 120
3.7672 -6.1080 0.0309 80 200 120
0.0877 0.0251 0.0493 80 200 120
0.0832 0.0234 0.0404 80 200 120
0.1391 -0.1472 0.0516 80 200 120
0.0696 -0.0268 0.0523 80 200 120
0.0739 0.0347 0.0548 80 200 120
0.0615 0.0762 0.0755 80 200 120
1.9588 0.6752 2.0719 80 200 120
0.0962 -0.1278 0.0950 80 200 120
0.0882 0.0386 0.0549 80 200 120
0.0835 0.1388 0.1025 80 200 120
0.0862 -0.0387 0.0994 80 200 120
0.0827 -0.0261 0.0637 80 200 120
0.0880 0.0567 0.1074 80 200 120
0.1099 0.0076 0.0774 80 200 120
0.0913 0.0608 0.0748 80 200 120
0.0772 -0.0068 0.0322 80 200 120
0.0680 0.0187 0.0643 80 200 120
0.0966 -0.0633 0.0603 80 200 120
0.0808 0.0358 0.0453 80 200 120
0.0848 -0.0263 0.0539 80 200 120
0.0891 -0.0021 0.0391 80 200 120
0.1273 -0.1057 0.1411 80 200 120
0.0735 0.0027 0.0328 80 200 120
-0.7184 0.5960 2.2824 80 200 120
-0.0172 0.5095 0.2416 80 200 120
0.1068 0.0759 0.0299 80 200 120
0.0864 0.0110 0.0426 80 200 120
2.7898 -0.9009 0.7672 80 200 120
0.0060 -0.0739 0.1616 80 200 120
0.0567 0.1630 0.0520 80 200 120
-0.0463 0.1460 0.0673 80 200 120
-0.0385 0.0696 0.0288 80 200 120
-0.0156 0.2789 0.0285 80 200 120
-0.1333 0.1073 0.0281 80 200 120
-0.0397 0.1060 0.0433 80 200 120
-0.0356 0.0668 0.0305 80 200 120
0.0074 0.2770 0.0305 80 200 120
-0.0760 0.0410 0.0449 80 200 120
0.0054 0.1429 0.1354 80 200 120
-0.0380 0.1029 0.0657 80 200 120
0.0392 0.1557 0.0314 80 200 120
-0.0496 0.0432 0.0600 80 200 120
-0.1583 0.0739 0.1628 80 200 120
-0.1859 0.0805 0.0784 80 200 120
-0.0627 0.0616 0.0653 80 200 120
-0.0344 0.0657 0.0350 80 200 120
-0.1598 -0.0083 0.1002 80 200 120
-0.0184 0.0999 0.0662 80 200 120
-0.0558 0.0396 0.0533 80 200 120
-0.0310 0.0710 0.0377 80 200 120
-0.0018 0.0927 0.0484 80 200 120
-0.0248 0.0701 0.0342 80 200 120
-0.1244 -0.0147 0.1409 80 200 120
-0.1699 0.0972 0.0760 80 200 120
-0.0303 0.0730 0.0479 80 200 120
2.6434 0.5030 3.1392 80 200 120
-0.0213 0.0789 0.0563 80 200 120
-0.0888 0.0277 0.0557 80 200 120
0.2672 1.5654 3.0027 80 200 120
-0.0394 0.1588 0.1345 80 200 120
-0.0396 0.0616 0.0321 80 200 120
-0.9719 0.7788 3.0233 80 200 120
0.0188 0.1341 0.0923 80 200 120
0.0042 0.0549 0.0920 80 200 120
-0.2570 -1.2442 1.6135 80 200 120
-0.1171 0.2269 0.0286 80 200 120
-0.0700 0.0953 0.1054 80 200 120
-0.0514 0.0491 0.0601 80 200 120
-0.0709 0.0493 0.0626 80 200 120
-3.1170 0.3683 0.6686 80 200 120
-0.0682 0.0801 0.0435 80 200 120
-0.0404 0.0620 0.0365 80 200 120
-0.0310 0.0703 0.0829 80 200 120
-0.0382 0.0628 0.0373 80 200 120
-0.2234 0.0426 0.0276 80 200 120
-0.0197 0.0644 0.0397 80 200 120
-0.0025 0.0670 0.0533 80 200 120
-0.0524 0.0408 0.0459 80 200 120
-0.1257 -0.0864 0.0314 80 200 120
-0.0799 -0.0532 0.0300 80 200 120
-0.2732 -0.1508 0.0324 80 200 120
-0.0905 -0.1539 0.0645 80 200 120
-0.1581 -0.1063 0.0911 80 200 120
-0.0656 -0.0769 0.0301 80 200 120
0.0372 -0.2750 0.0271 80 200 120
-0.0607 -0.1560 0.0900 80 200 120
-0.2437 -0.0727 0.0276 80 200 120
-0.0324 -0.0641 0.0324 80 200 120
-0.0466 -0.0731 0.0333 80 200 120
1.5535 -4.6745 0.9818 80 200 120
-0.0414 -0.0737 0.0355 80 200 120
-0.0282 -0.0821 0.0593 80 200 120
-0.0748 -0.1334 0.0774 80 200 120
-0.1113 -0.0918 0.0575 80 200 120
-0.0686 -0.0788 0.0411 80 200 120
-0.1497 -0.1728 0.0831 80 200 120
-0.0177 -0.1000 0.0304 80 200 120
0.0297 -0.1471 0.0388 80 200 120
-0.1100 -0.0974 0.0655 80 200 120
-0.0368 -0.0838 0.0506 80 200 120
-0.0098 -0.0761 0.0490 80 200 120
-0.0278 -0.0983 0.0632 80 200 120
-0.1345 -0.1869 0.0523 80 200 120
-0.1270 -0.0104 0.1719 80 200 120
-0.0638 -0.0490 0.0404 80 200 120
-0.3374 -0.0523 0.0284 80 200 120
-0.0634 -0.0544 0.0525 80 200 120
-0.0532 -0.0822 0.0697 80 200 120
-0.0481 -0.0731 0.0419 80 200 120
2.4227 -4.2447 1.1876 80 200 120
0.1415 -3.4083 2.8833 80 200 120
0.0043 -0.1128 0.0417 80 200 120
-0.0026 -0.1551 0.1270 80 200 120
-0.2397 -0.0968 0.0314 80 200 120
-0.0464 -0.0704 0.0385 80 200 120
-0.6920 -2.0063 2.8846 80 200 120
-0.0541 -0.0547 0.0516 80 200 120
-0.0111 -0.1522 0.0492 80 200 120
-0.0534 -0.0924 0.0552 80 200 120
-0.0435 -0.0690 0.0308 80 200 120
-0.0500 -0.0713 0.0351 80 200 120
-0.0440 -0.0637 0.0322 80 200 120
-0.0140 -0.1109 0.0358 80 200 120
-0.0351 -0.1374 0.0796 80 200 120
-2.4829 -3.6360 1.1389 80 200 120
-0.0436 -0.0594 0.0348 80 200 120
-0.0356 -0.0611 0.0301 80 200 120
-0.0548 -0.0481 0.0458 80 200 120
-0.0325 -0.0866 0.0443 80 200 120
0.0241 -3.0933 3.1973 80 200 120
-0.0440 -0.0621 0.0389 80 200 120
-0.0361 -0.0698 0.0485 80 200 120
-0.0202 -0.0773 0.0478 80 200 120
-0.0646 -0.0629 0.0485 80 200 120
-0.0003 -0.0805 0.0844 80 200 120
-0.0513 -0.0604 0.0573 80 200 120
-0.1311 -0.0784 0.1601 80 200 120
-0.0600 -0.0447 0.0553 80 200 120
-0.0505 -0.0568 0.0371 80 200 120
-0.0598 -0.2513 0.0258 80 200 120
-0.0573 -0.0433 0.0690 80 200 120
-0.0529 -0.0676 0.0504 80 200 120
-0.1050 -0.0468 0.1411 80 200 120
-0.0479 -0.0776 0.0301 80 200 120
-2.0346 -2.2954 0.0723 80 200 120
-0.0004 -0.0592 0.0749 80 200 120
-2.2655 -2.6978 0.9767 80 200 120
0.0202 -0.0584 0.0786 80 200 120
0.0349 -0.0731 -0.0298 80 200 120
0.6949 -2.3028 0.0652 80 200 120
0.0696 -0.1721 0.0141 80 200 120
0.0362 -0.0674 -0.0281 80 200 120
0.0824 -0.1156 -0.0077 80 200 120
0.0666 -0.0813 -0.0268 80 200 120
0.3189 -0.1285 -0.0255 80 200 120
0.0990 -0.2439 0.0138 80 200 120
0.0361 -0.0640 -0.0295 80 200 120
0.0642 -0.0676 -0.0259 80 200 120
0.0415 -0.0679 -0.0254 80 200 120
0.0356 -0.0615 -0.0299 80 200 120
0.0512 -0.0694 -0.0230 80 200 120
1.7319 -0.6117 0.2706 80 200 120
3.5961 -2.5889 0.6897 80 200 120
0.0388 -0.0717 -0.0242 80 200 120
0.0471 -0.0701 -0.0250 80 200 120
0.2919 -0.1566 -0.0064 80 200 120
0.0729 -0.3299 0.0009 80 200 120
0.0667 -0.1208 -0.0288 80 200 120
0.0895 -0.1505 0.0044 80 200 120
0.0346 -0.0614 -0.0298 80 200 120
0.0353 -0.0640 -0.0291 80 200 120
0.0534 -0.0925 -0.0074 80 200 120
0.0555 -0.0904 -0.0114 80 200 120
0.0229 -0.1158 -0.0228 80 200 120
0.1590 -0.1257 -0.0089 80 200 120
-0.0758 -0.2622 -0.0084 80 200 120
0.1510 -0.0516 -0.0165 80 200 120
0.0414 -0.0649 -0.0264 80 200 120
-3.8537 -3.9300 0.1175 80 200 120
-0.1053 -0.0150 -0.0144 80 200 120
-0.0868 -0.0195 -0.0265 80 200 120
-0.1040 0.0131 -0.0171 80 200 120
-2.7848 -1.5397 0.0450 80 200 120
-0.2305 0.1803 -0.0228 80 200 120
-0.2838 0.1519 -0.0260 80 200 120
-0.2446 0.0940 0.0343 80 200 120
-2.9014 -0.6807 0.8860 80 200 120
-0.0964 0.0235 -0.0258 80 200 120
-0.0988 0.0150 -0.0293 80 200 120
-0.0853 -0.0067 -0.0283 80 200 120
-0.1575 -0.0212 -0.0202 80 200 120
-0.1876 -0.0181 -0.0078 80 200 120
-0.0955 -0.0003 -0.0245 80 200 120
-0.1446 0.0209 -0.0021 80 200 120
-0.1083 0.0158 -0.0288 80 200 120
-0.0922 -0.0162 -0.0257 80 200 120
-0.1414 0.0005 0.0038 80 200 120
-0.0757 -0.0018 -0.0282 80 200 120
-3.0100 -0.2732 0.2776 80 200 120
-0.1388 -0.0046 -0.0038 80 200 120
-0.1326 0.0186 -0.0247 80 200 120
-0.0872 0.0066 -0.0270 80 200 120
-0.0830 0.0016 -0.0266 80 200 120
-2.4708 -1.0925 0.8589 80 200 120
-0.3253 -0.0775 0.0237 80 200 120
-0.1726 -0.0184 0.0013 80 200 120
-0.2043 -0.0720 -0.0140 80 200 120
-0.2899 0.1374 -0.0111 80 200 120
-0.1121 0.0140 -0.0306 80 200 120
-0.1018 -0.0287 -0.0191 80 200 120
-0.0728 0.0000 -0.0289 80 200 120
-0.0862 0.0074 -0.0278 80 200 120
-0.1231 0.0026 -0.0134 80 200 120
-0.0889 0.0083 -0.0223 80 200 120
-0.2180 0.0560 0.0431 80 200 120
-0.1053 -0.0482 -0.0190 80 200 120
-0.1050 -0.0680 -0.0246 80 200 120
-0.1373 -0.0771 -0.0074 80 200 120
-0.1110 0.0479 -0.0174 80 200 120
0.0901 0.1242 -0.0284 80 200 120
0.0589 0.1567 -0.0288 80 200 120
0.0153 0.1069 -0.0285 80 200 120
0.0403 0.0677 -0.0298 80 200 120
0.0689 0.0677 -0.0297 80 200 120
0.0964 0.0817 -0.0287 80 200 120
0.1283 0.1482 -0.0283 80 200 120
0.0380 0.0687 -0.0289 80 200 120
-0.0147 0.3164 -0.0427 80 200 120
0.0304 0.1374 -0.0339 80 200 120
0.0165 0.1381 -0.0211 80 200 120
0.1086 0.0569 -0.0320 80 200 120
0.0578 0.0571 -0.0298 80 200 120
0.0492 0.0628 -0.0290 80 200 120
0.0358 0.0845 -0.0272 80 200 120
0.0417 0.0656 -0.0289 80 200 120
0.0388 0.0694 -0.0284 80 200 120
0.0420 0.2427 -0.0186 80 200 120
0.0970 0.0815 -0.0233 80 200 120
0.0544 0.0620 -0.0281 80 200 120
0.0353 0.0625 -0.0314 80 200 120
0.0197 0.0893 -0.0266 80 200 120
0.0338 0.0578 -0.0350 80 200 120
0.0416 0.0621 -0.0304 80 200 120
0.0366 0.0650 -0.0343 80 200 120
0.2393 0.2030 0.0726 80 200 120
2.8727 -2.0507 0.6262 80 200 120
1.8767 -0.4775 0.0261 80 200 120
0.1234 -0.1703 0.0935 80 200 120
3.6318 -3.3691 1.5852 80 200 120
0.6556 -1.9803 1.3495 80 200 120
0.4551 -0.6352 0.4567 80 200 120
1.2595 -0.3424 2.3408 80 200 120
3.3837 -1.2657 -0.0029 80 200 120
0.0396 0.1368 0.1201 80 200 120
3.9539 1.4760 0.5008 80 200 120
-0.8141 0.7678 2.1816 80 200 120
0.0725 0.0708 0.0725 80 200 120
0.2261 0.1784 0.0873 80 200 120
0.1719 0.0082 0.0816 80 200 120
0.1118 0.1839 0.1631 80 200 120
0.0929 -0.0025 0.0682 80 200 120
0.1171 -0.0586 0.0689 80 200 120
0.1533 0.1214 0.1056 80 200 120
2.2501 -2.6456 1.0542 80 200 120
0.1334 0.1607 0.0283 80 200 120
0.1638 0.2907 0.0283 80 200 120
0.7029 -3.1903 0.7097 80 200 120
0.2366 0.0772 0.0594 80 200 120
0.5323 -1.0994 0.1125 80 200 120
0.0821 -0.1303 0.0577 80 200 120
-0.2213 -3.8393 2.5163 80 200 120
-0.0631 0.1593 0.0294 80 200 120
-0.0882 0.0664 0.0282 80 200 120
0.0051 0.1012 0.0656 80 200 120
-0.0338 0.2006 0.0295 80 200 120
-0.0034 0.1159 0.0403 80 200 120
-0.2675 0.1030 0.0275 80 200 120
-0.1511 0.1726 0.0282 80 200 120
-0.1332 0.1365 0.0925 80 200 120
-0.0270 0.0662 0.0370 80 200 120
-0.0237 0.0825 0.0446 80 200 120
-0.1179 0.1009 0.1571 80 200 120
-0.0602 0.1573 0.0749 80 200 120
-1.8559 1.8135 2.9973 80 200 120
-0.0270 0.0933 0.0432 80 200 120
-0.1077 0.1124 0.0538 80 200 120
-0.0002 0.0899 0.0613 80 200 120
-0.0901 0.1230 0.1119 80 200 120
-0.1450 0.0462 0.1403 80 200 120
-0.1087 0.1526 0.0269 80 200 120
-0.2900 0.0507 0.0788 80 200 120
-0.0360 0.1005 0.0581 80 200 120
-0.0826 0.0359 0.0754 80 200 120
-0.0448 0.0894 0.0556 80 200 120
-0.0603 0.1618 0.0674 80 200 120
0.0035 0.1582 0.0865 80 200 120
-0.0208 0.0628 0.0546 80 200 120
-0.0517 0.1380 0.0412 80 200 120
-0.0370 0.0597 0.0296 80 200 120
0.4367 -2.4962 1.8217 80 200 120
0.0761 -0.0879 0.2214 80 200 120
-0.1703 -0.0204 0.0779 80 200 120
-0.0350 -0.1059 0.0430 80 200 120
-0.4817 -2.4343 3.1103 80 200 120
0.0148 -0.0593 0.2233 80 200 120
-0.0240 -0.0599 0.0479 80 200 120
0.0317 -0.0912 0.2052 80 200 120
-0.0786 -0.0367 0.1539 80 200 120
-0.0118 -0.3136 0.0265 80 200 120
-0.0815 -0.0375 0.0667 80 200 120
0.0746 -0.1280 0.1315 80 200 120
-0.1551 -0.0853 0.1255 80 200 120
-0.0573 -0.0460 0.0568 80 200 120
-0.0334 -0.0855 0.0391 80 200 120
0.0101 -0.0737 0.0688 80 200 120
-3.1251 -0.2052 1.3626 80 200 120
-0.1374 -0.0594 0.0494 80 200 120
-0.7670 -1.2621 2.8672 80 200 120
-0.0442 -0.0588 0.0646 80 200 120
-0.1043 -0.1370 0.1361 80 200 120
0.1285 -0.1517 0.0847 80 200 120
0.0274 -0.1380 0.1734 80 200 120
-0.0116 -0.0925 0.1320 80 200 120
-0.0798 -0.0963 0.1483 80 200 120
-1.5048 -0.6623 2.9676 80 200 120
-0.0686 -0.1524 0.0288 80 200 120
2.2626 -4.6916 0.7994 80 200 120
6.1621 -3.6609 0.2559 80 200 120
0.0021 -0.1738 -0.0284 80 200 120
2.7834 -1.4874 0.8157 80 200 120
0.1547 -0.2713 0.0055 80 200 120
-0.9212 -2.2844 0.3695 80 200 120
1.8928 -4.7858 0.8149 80 200 120
4.4364 -2.4872 2.4182 80 200 120
0.1090 -0.1352 0.0088 80 200 120
-0.1457 -0.3405 -0.0240 80 200 120
0.1654 -0.0529 -0.0282 80 200 120
-0.0089 -0.2380 0.0198 80 200 120
-0.1546 -0.0273 -0.0282 80 200 120
-2.8380 -3.8140 0.0808 80 200 120
-1.8403 -2.9325 0.0880 80 200 120
-0.2742 -0.1371 -0.0253 80 200 120
-0.2077 -0.0326 -0.0282 80 200 120
-0.1487 0.0579 -0.0045 80 200 120
-0.2219 0.0970 0.0277 80 200 120
-0.1396 0.0028 -0.0284 80 200 120
-0.8561 -0.1271 0.3151 80 200 120
-1.3309 0.4093 0.3450 80 200 120
-0.2262 -0.0274 -0.0124 80 200 120
-0.2070 -0.0044 -0.0273 80 200 120
-2.7876 0.2144 1.4088 80 200 120
-0.0873 -0.0139 -0.0240 80 200 120
-0.1016 -0.0231 -0.0145 80 200 120
-0.1020 0.0701 -0.0308 80 200 120
0.0187 0.1998 -0.0274 80 200 120
0.0340 0.1097 -0.0287 80 200 120
0.0657 0.1503 -0.0281 80 200 120
0.1871 0.0562 -0.0159 80 200 120
0.0189 0.0811 -0.0284 80 200 120
0.0496 0.1398 -0.0351 80 200 120
0.0594 0.0960 -0.0250 80 200 120
0.0617 0.1047 -0.0327 80 200 120
0.0424 0.0768 -0.0287 80 200 120
0.0405 0.1140 -0.0250 80 200 120
0.0737 0.0790 -0.0235 80 200 120
0.0479 0.0587 -0.0296 80 200 120
-0.0559 0.1427 0.0480 80 200 120
0.0889 0.2292 0.0920 80 200 120
-0.2235 0.1418 0.0668 80 200 120
0.9969 -3.1814 2.1061 80 200 120
0.1134 -0.3793 0.0512 80 200 120
3.1777 -2.6035 0.9547 80 200 120
0.0358 -0.1979 0.0239 80 200 120
-0.0713 -0.3302 0.0381 80 200 120
-0.2015 -0.0112 0.0031 80 200 120
-1.2811 0.2857 0.3188 80 200 120
-0.4535 -0.5171 0.0945 80 200 120
0.0902 0.2597 -0.0097 80 200 120
0.0137 0.0866 -0.0306 80 200 120
0.0340 0.0720 -0.0527 80 200 120
5.5462 -6.8550 0.3192 80 200 120
0.3513 -2.2293 1.5917 80 200 120
0.2069 0.1951 0.0762 80 200 120
1.9334 -1.9002 0.0941 80 200 120
0.2191 -0.0654 0.0695 80 200 120
0.5327 0.0955 0.0305 80 200 120
0.1808 0.0115 0.0298 80 200 120
8.3838 -11.8142 0.9455 80 200 120
3.4555 -3.7644 0.6146 80 200 120
4.5447 -3.2855 0.0210 80 200 120
0.9084 -0.1423 0.0169 80 200 120
1.3487 -1.1812 1.2557 80 200 120
0.2500 0.2815 0.0699 80 200 120
0.0803 0.0082 0.0348 80 200 120
0.0891 0.0063 0.0460 80 200 120
0.1160 0.0310 0.0303 80 200 120
0.4108 -1.4832 2.0326 80 200 120
0.0634 0.1517 0.1565 80 200 120
0.0530 -0.0856 0.1364 80 200 120
0.0570 0.1309 0.1238 80 200 120
0.1556 -0.0849 0.0853 80 200 120
2.0488 -0.3889 1.0556 80 200 120
-1.4248 -6.0477 4.9719 80 200 120
0.4166 -0.9007 0.3278 80 200 120
0.1432 -0.1555 0.0323 80 200 120
0.1181 -0.1687 0.1617 80 200 120
0.0814 0.0201 0.0390 80 200 120
0.0842 -0.0088 0.0414 80 200 120
0.2555 0.1814 0.0318 80 200 120
1.5750 -0.8320 1.9184 80 200 120
0.1549 -0.0318 0.0892 80 200 120
0.0568 0.1213 0.1026 80 200 120
0.1079 -0.0285 0.0656 80 200 120
0.9141 -1.1944 0.2590 80 200 120
0.0557 -0.0233 0.0817 80 200 120
0.0940 -0.0853 0.1240 80 200 120
1.3422 -3.8786 0.7692 80 200 120
0.0869 0.0034 0.0499 80 200 120
0.0975 -0.0259 0.0383 80 200 120
-0.5659 -1.6102 2.3437 80 200 120
0.0685 0.0156 0.0584 80 200 120
0.0799 0.0261 0.0533 80 200 120
0.1170 0.0345 0.0832 80 200 120
0.2413 -0.0484 0.0432 80 200 120
0.0701 -0.0025 0.0375 80 200 120
0.0909 0.0203 0.0395 80 200 120
0.1385 0.1272 0.1038 80 200 120
0.0901 0.0666 0.0585 80 200 120
0.1498 -0.1427 0.1596 80 200 120
2.0045 -0.3450 1.6688 80 200 120
0.0363 0.0973 0.1756 80 200 120
0.0728 0.0199 0.0675 80 200 120
0.1747 0.0615 0.0298 80 200 120
0.1451 0.1547 0.0299 80 200 120
0.1117 -0.1800 0.1896 80 200 120
-0.0021 -0.0834 0.1785 80 200 120
0.0110 0.1117 0.0412 80 200 120
-0.0491 0.1412 0.0303 80 200 120
-0.0447 0.1683 0.0294 80 200 120
-0.1454 0.1124 0.0251 80 200 120
0.0372 0.2521 0.0289 80 200 120
-0.0386 0.0975 0.0410 80 200 120
-0.0078 0.0787 0.0448 80 200 120
-0.0442 0.1530 0.0377 80 200 120
-0.1996 -0.0182 0.0900 80 200 120
-0.1545 0.1305 0.0284 80 200 120
-0.0007 0.1085 0.0378 80 200 120
-0.0018 0.0854 0.0449 80 200 120
-0.0093 0.1548 0.0312 80 200 120
-0.1922 0.1175 0.0849 80 200 120
-0.1169 -0.0373 0.2001 80 200 120
-0.1064 0.0734 0.0851 80 200 120
2.8896 0.9447 2.4502 80 200 120
-0.1532 0.0641 0.1426 80 200 120
-0.1226 0.1475 0.1185 80 200 120
-0.1157 0.0699 0.1184 80 200 120
0.2076 0.3354 0.0603 80 200 120
0.0200 0.1213 0.0500 80 200 120
-0.0368 0.0660 0.0332 80 200 120
-2.3904 0.1780 2.9659 80 200 120
-0.0726 0.0671 0.0669 80 200 120
-0.0339 0.0693 0.0337 80 200 120
0.0182 0.1861 0.1457 80 200 120
-0.0916 0.0033 0.0935 80 200 120
0.0163 0.1099 0.0586 80 200 120
0.0179 0.0986 0.0658 80 200 120
-0.1367 -0.0253 0.1577 80 200 120
-1.2898 1.7787 2.8423 80 200 120
-0.9021 0.4781 0.3335 80 200 120
-0.0500 0.0103 0.0985 80 200 120
-0.0224 0.1891 0.1334 80 200 120
-0.0163 0.1001 0.0370 80 200 120
-0.1116 0.0152 0.0922 80 200 120
-0.0528 0.0644 0.0387 80 200 120
-0.0373 0.0629 0.0374 80 200 120
-0.0326 0.0574 0.0556 80 200 120
-0.0340 0.0670 0.0390 80 200 120
-0.0782 0.0570 0.0497 80 200 120
0.0526 0.0477 0.1692 80 200 120
-0.4111 0.0517 0.0652 80 200 120
0.0533 0.2097 0.0990 80 200 120
0.1192 0.1518 0.1409 80 200 120
-0.1245 -0.0022 0.1961 80 200 120
-0.1417 0.0269 0.1271 80 200 120
-0.0836 0.0892 0.0499 80 200 120
-0.6110 0.7558 3.0333 80 200 120
-1.0375 1.2486 2.9142 80 200 120
0.1145 0.1429 0.1695 80 200 120
-0.1629 -0.0307 0.1306 80 200 120
-2.0524 -2.1947 1.8608 80 200 120
-0.2160 -0.0545 0.0987 80 200 120
-0.1380 0.0514 0.0271 80 200 120
-0.3216 -0.1422 0.0347 80 200 120
-0.0647 -0.1109 0.0489 80 200 120
-3.2211 -4.7569 3.0911 80 200 120
-0.0432 -0.0650 0.0302 80 200 120
-0.0109 -0.1315 0.0292 80 200 120
-0.2360 -0.8132 0.0193 80 200 120
-0.0990 -0.1684 0.0846 80 200 120
-0.7966 -2.7037 1.7446 80 200 120
0.0579 -0.2172 0.0285 80 200 120
-0.1422 -0.1790 0.0957 80 200 120
0.0945 -0.2425 0.1479 80 200 120
-2.3656 -2.5469 0.6918 80 200 120
0.1075 -0.1865 0.1586 80 200 120
-0.1048 -0.2016 0.0896 80 200 120
-2.5897 -4.6760 3.0786 80 200 120
-0.0387 -0.1090 0.0296 80 200 120
-0.1375 -0.1026 0.0673 80 200 120
-0.0760 -0.0827 0.0446 80 200 120
0.0490 -0.2527 0.0320 80 200 120
-0.1728 -0.1283 0.0952 80 200 120
-0.3246 -3.2213 2.8832 80 200 120
2.4940 -1.3530 3.0261 80 200 120
-0.0499 -0.1770 0.0953 80 200 120
-0.0200 -0.1371 0.0977 80 200 120
-2.3844 -1.2357 0.5583 80 200 120
-0.1574 -0.0333 0.1279 80 200 120
-0.1042 -0.0540 0.1196 80 200 120
-0.0655 -0.0900 0.0579 80 200 120
0.1445 -0.2597 0.0857 80 200 120
-0.0319 -0.0720 0.0346 80 200 120
-0.0573 -0.0428 0.0805 80 200 120
0.8606 -2.5725 2.3320 80 200 120
-0.3407 0.1790 0.4681 80 200 120
-0.0718 -0.1532 0.1128 80 200 120
-0.0161 -0.0938 0.0544 80 200 120
-3.4608 -2.9397 2.5374 80 200 120
-0.0783 -0.1974 0.0386 80 200 120
-0.0677 -0.0499 0.0686 80 200 120
2.9368 -1.2829 2.6961 80 200 120
-0.1227 -0.1334 0.0768 80 200 120
-0.0295 -0.1008 0.0386 80 200 120
0.0455 -0.1409 0.0943 80 200 120
-2.3141 -3.8945 3.1219 80 200 120
-0.0893 -0.1821 0.0929 80 200 120
-0.1500 -0.1742 0.0411 80 200 120
-0.1637 -0.1520 0.0735 80 200 120
-0.0424 -0.0632 0.0320 80 200 120
-0.0010 -0.1402 0.0400 80 200 120
-0.0522 -1.0016 3.0636 80 200 120
-0.0611 -2.0775 1.3649 80 200 120
-0.0870 -0.1272 0.0818 80 200 120
-1.1613 -2.4775 2.8383 80 200 120
-0.0783 -0.0954 0.0358 80 200 120
-0.0309 -0.0979 0.0512 80 200 120
-0.1158 -0.0409 0.0794 80 200 120
-0.0376 -0.0692 0.0490 80 200 120
-0.0463 -0.0782 0.0326 80 200 120
-0.0478 -0.1015 0.1415 80 200 120
-0.0374 -0.0786 0.0495 80 200 120
-0.1453 -0.0793 0.1388 80 200 120
-0.0384 -0.0914 0.0922 80 200 120
2.3558 -2.7820 3.0156 80 200 120
2.5776 -1.5352 4.2229 80 200 120
-0.0491 -0.1475 0.0899 80 200 120
-0.0603 -0.0602 0.0733 80 200 120
-0.0937 -0.0223 0.0911 80 200 120
-2.0970 0.3666 3.2232 80 200 120
-2.0815 -2.7798 0.0456 80 200 120
0.0807 -0.0557 0.1801 80 200 120
0.0003 -0.0865 0.0568 80 200 120
0.0505 -0.0570 0.1053 80 200 120
-0.0180 -0.0795 0.0376 80 200 120
0.3991 -2.0906 0.0525 80 200 120
2.6812 -1.6782 0.5899 80 200 120
0.0320 -0.3075 -0.0262 80 200 120
0.0421 -0.1468 -0.0278 80 200 120
3.5846 -1.4933 1.0364 80 200 120
0.1032 -0.0688 -0.0277 80 200 120
0.0760 -0.1049 -0.0235 80 200 120
0.2120 -0.2225 0.0462 80 200 120
2.4877 -4.3510 1.2590 80 200 120
3.6119 -3.1005 0.6376 80 200 120
0.0442 -0.1118 -0.0158 80 200 120
2.9699 -1.9893 0.3187 80 200 120
0.1181 -0.2639 0.0445 80 200 120
0.0181 -0.1424 -0.0285 80 200 120
0.8091 -0.3262 -0.0083 80 200 120
0.0457 -0.0808 -0.0206 80 200 120
0.1152 -0.3379 0.0096 80 200 120
0.4467 -0.5262 0.2625 80 200 120
0.0515 -0.0851 -0.0223 80 200 120
0.1351 -0.1392 0.0116 80 200 120
0.9871 -0.7093 0.2808 80 200 120
0.0556 -0.4636 0.0175 80 200 120
0.0826 -0.1935 -0.0345 80 200 120
-0.0070 -0.1785 -0.0286 80 200 120
0.0320 -0.0836 -0.0218 80 200 120
0.0494 -0.2469 0.0156 80 200 120
0.1361 -0.2160 0.0480 80 200 120
0.0756 -0.0939 -0.0036 80 200 120
2.7525 -1.4990 0.4826 80 200 120
-0.0015 -0.1013 -0.0286 80 200 120
-3.5502 -1.5957 0.0311 80 200 120
-0.2238 0.1266 -0.0287 80 200 120
-0.0977 -0.0224 -0.0290 80 200 120
-2.4799 -1.0089 1.0167 80 200 120
-2.0901 -2.3266 0.4007 80 200 120
-0.2920 -0.1831 0.0027 80 200 120
-1.3631 1.1476 0.1468 80 200 120
-0.1826 -0.1565 -0.0086 80 200 120
-0.2475 0.0934 -0.0253 80 200 120
-0.0836 -0.0060 -0.0283 80 200 120
-0.1209 0.0083 -0.0116 80 200 120
-2.6706 -0.0304 0.5041 80 200 120
-0.1141 -0.0250 -0.0177 80 200 120
-0.1351 0.0272 -0.0276 80 200 120
-0.1837 0.0010 0.0243 80 200 120
-2.5375 -0.7636 0.7009 80 200 120
-0.1203 0.0043 -0.0209 80 200 120
-0.0899 -0.0021 -0.0234 80 200 120
-0.1919 0.0369 -0.0188 80 200 120
-0.0901 0.0078 -0.0263 80 200 120
-2.4891 0.2962 0.5753 80 200 120
-0.2620 0.1562 0.0203 80 200 120
-0.2752 -0.0776 0.0057 80 200 120
-0.2781 0.0696 -0.0324 80 200 120
-0.1686 -0.0005 0.0084 80 200 120
-0.2231 0.0695 -0.0095 80 200 120
-2.9826 -0.2192 1.4567 80 200 120
-0.7378 -1.0877 0.1075 80 200 120
-0.2531 0.0303 0.0067 80 200 120
-0.1673 -0.0312 -0.0196 80 200 120
-0.7762 0.0352 0.1916 80 200 120
-0.2908 0.0960 0.0254 80 200 120
-0.2767 0.1182 0.0702 80 200 120
-2.5100 -2.7739 0.8012 80 200 120
-0.2786 -0.0678 0.0774 80 200 120
-3.9885 -8.8376 0.5168 80 200 120
-0.4382 0.3149 0.1141 80 200 120
0.0745 0.1244 -0.0268 80 200 120
0.0589 0.1061 -0.0286 80 200 120
0.0772 0.2298 -0.0277 80 200 120
0.0806 0.1225 -0.0279 80 200 120
0.1549 0.1325 -0.0285 80 200 120
0.0524 0.2274 -0.0281 80 200 120
0.2279 0.1009 -0.0279 80 200 120
0.0403 0.0624 -0.0297 80 200 120
0.0245 0.0866 -0.0258 80 200 120
0.0335 0.0716 -0.0286 80 200 120
0.0148 0.1282 -0.0333 80 200 120
0.0326 0.0949 -0.0254 80 200 120
0.0894 0.1262 -0.0198 80 200 120
0.0703 0.0968 -0.0338 80 200 120
0.0226 0.1144 -0.0235 80 200 120
0.0755 0.2907 -0.0174 80 200 120
0.3866 0.0427 -0.0394 80 200 120
0.1817 0.0832 -0.0192 80 200 120
0.0423 0.0779 -0.0306 80 200 120
0.1672 0.2893 0.0027 80 200 120
0.0719 0.0633 -0.0261 80 200 120
0.0898 0.0564 -0.0271 80 200 120
0.2263 0.3025 0.0804 80 200 120
0.2289 0.0480 0.0295 80 200 120
0.1092 -0.0234 0.0299 80 200 120
0.0752 0.0045 0.0341 80 200 120
0.2696 0.1604 0.0301 80 200 120
0.1768 0.0163 0.0974 80 200 120
0.0766 -0.0056 0.0312 80 200 120
0.1964 0.0770 0.0480 80 200 120
0.0830 0.0180 0.0441 80 200 120
3.1269 -3.5176 3.0741 80 200 120
0.0964 0.0340 0.0486 80 200 120
0.0993 -0.0620 0.0393 80 200 120
-0.0223 -3.6957 3.1720 80 200 120
0.0778 0.0770 0.0705 80 200 120
0.0764 0.0193 0.0566 80 200 120
0.1126 0.0038 0.0518 80 200 120
0.1051 0.1004 0.1038 80 200 120
0.1271 0.0274 0.0480 80 200 120
0.0828 0.0028 0.0536 80 200 120
0.1274 -0.0062 0.0574 80 200 120
0.2243 -0.1013 0.0474 80 200 120
0.1629 0.1351 0.1144 80 200 120
0.1178 0.1476 0.0293 80 200 120
0.1797 0.0732 0.1147 80 200 120
-0.0231 0.0782 0.0304 80 200 120
0.0373 0.1586 0.0538 80 200 120
0.0946 0.1916 0.1451 80 200 120
-0.0345 0.0945 0.0301 80 200 120
0.0339 0.1812 0.0527 80 200 120
-0.1323 0.1361 0.0924 80 200 120
0.0583 0.1249 0.1120 80 200 120
-0.2157 0.0844 0.0882 80 200 120
-0.0269 0.1416 0.1091 80 200 120
-0.0007 0.0911 0.0695 80 200 120
-0.1048 0.0831 0.0291 80 200 120
-0.0163 0.1089 0.0661 80 200 120
-0.0693 0.0853 0.0416 80 200 120
-0.0218 0.0725 0.0356 80 200 120
-0.0230 0.0926 0.0760 80 200 120
-0.0665 0.0668 0.0499 80 200 120
0.0016 0.1699 0.0839 80 200 120
-0.0802 0.0328 0.0521 80 200 120
-0.0416 0.1250 0.0690 80 200 120
-0.1098 0.2232 0.0681 80 200 120
-0.0402 0.0620 0.0365 80 200 120
-0.0220 0.0925 0.2041 80 200 120
-0.0455 0.8076 2.9326 80 200 120
-0.0380 0.1060 0.0889 80 200 120
-0.0454 0.0402 0.0717 80 200 120
-0.2252 -0.0294 0.0302 80 200 120
-0.0913 -0.0820 0.0308 80 200 120
-0.0326 -0.0651 0.0331 80 200 120
-0.0660 -0.1288 0.0517 80 200 120
0.0385 -0.1253 0.0584 80 200 120
0.0253 -0.2305 0.0977 80 200 120
-0.0403 -0.0671 0.0422 80 200 120
0.0147 -0.1222 0.1034 80 200 120
-0.0463 -0.1197 0.0449 80 200 120
-0.0768 -0.0533 0.0436 80 200 120
-0.0348 -0.0709 0.0332 80 200 120
-0.0455 -0.0627 0.0329 80 200 120
-0.1006 -0.2338 0.0581 80 200 120
-0.0670 -0.0820 0.0928 80 200 120
-3.4112 -2.0639 2.7574 80 200 120
-0.0111 -0.3146 0.0271 80 200 120
-0.0477 -0.0541 0.0406 80 200 120
2.0466 -3.4790 3.2761 80 200 120
-0.0385 -0.0671 0.0379 80 200 120
-0.1573 0.0197 0.1777 80 200 120
2.7020 -0.8431 2.4406 80 200 120
-1.4194 -0.0114 3.0258 80 200 120
-0.2028 -0.0738 0.1349 80 200 120
-2.3433 -0.4445 3.1049 80 200 120
-0.0539 -0.0557 0.0391 80 200 120
-0.0581 -0.0744 0.0600 80 200 120
0.1302 -0.1764 -0.0263 80 200 120
0.1053 -0.2844 0.0593 80 200 120
3.4813 -4.6825 2.1003 80 200 120
3.3924 -3.8681 1.1443 80 200 120
4.5699 -2.1458 0.1535 80 200 120
-0.0202 -0.2525 -0.0265 80 200 120
0.0769 -0.1779 -0.0010 80 200 120
0.1737 -0.1923 0.0092 80 200 120
2.6092 -4.5659 0.8058 80 200 120
0.6149 -0.2774 0.0320 80 200 120
0.1659 -0.2422 -0.0126 80 200 120
8.7703 -6.2210 0.2610 80 200 120
0.0495 -0.1599 -0.0183 80 200 120
0.1356 -0.2249 0.0339 80 200 120
3.1755 -2.5736 0.2384 80 200 120
0.0225 -0.1211 -0.0213 80 200 120
-0.0375 -0.1739 -0.0267 80 200 120
0.0473 -0.0844 -0.0164 80 200 120
0.2525 -0.3807 0.1778 80 200 120
0.2083 -0.0942 0.0094 80 200 120
0.0719 -0.0778 -0.0143 80 200 120
0.1681 -0.0695 -0.0104 80 200 120
-0.1263 0.0215 -0.0086 80 200 120
-0.0984 0.0205 -0.0292 80 200 120
-2.8527 0.0037 0.2489 80 200 120
-0.1149 0.0102 -0.0306 80 200 120
-2.5438 -0.5994 0.2297 80 200 120
-0.0897 -0.0030 -0.0260 80 200 120
-0.1086 0.0016 -0.0290 80 200 120
-3.5808 -3.2141 0.2972 80 200 120
-2.3365 -0.5059 0.4076 80 200 120
-2.3168 -1.1575 1.0277 80 200 120
-2.9721 -0.5102 0.2810 80 200 120
-2.6677 -1.3863 0.2757 80 200 120
-0.1506 0.0309 0.0105 80 200 120
-0.1604 -0.1764 -0.0158 80 200 120
-0.2101 -0.1097 0.0247 80 200 120
-0.0970 -0.0176 -0.0249 80 200 120
0.0861 0.1195 -0.0285 80 200 120
0.2036 0.1574 -0.0129 80 200 120
0.1054 0.1264 -0.0284 80 200 120
0.0861 0.2024 -0.0112 80 200 120
0.0881 0.1063 -0.0237 80 200 120
0.0736 0.2680 -0.0432 80 200 120
0.0438 0.0629 -0.0288 80 200 120
0.1257 0.0360 -0.0314 80 200 120
0.0645 0.0745 -0.0250 80 200 120
0.0377 0.1277 -0.0257 80 200 120
0.0502 0.0657 -0.0281 80 200 120
0.1434 0.0856 -0.0373 80 200 120
0.0384 0.0789 -0.0393 80 200 120
0.0480 0.1227 -0.0210 80 200 120
0.1334 0.0059 0.0468 80 200 120
0.1756 0.0754 0.0877 80 200 120
0.1027 0.0125 0.0299 80 200 120
0.2083 0.1668 0.0480 80 200 120
0.1078 0.0500 0.0789 80 200 120
0.9617 -1.1430 1.2648 80 200 120
0.1188 0.0139 0.0616 80 200 120
0.4705 -0.9960 1.8645 80 200 120
0.0850 -0.0307 0.0695 80 200 120
0.1418 0.0161 0.0839 80 200 120
0.0828 0.0005 0.0401 80 200 120
0.1117 0.0137 0.0529 80 200 120
0.1338 -0.0034 0.0886 80 200 120
0.0632 0.1678 0.0306 80 200 120
0.0071 0.1404 0.0303 80 200 120
-0.0150 0.1629 0.0302 80 200 120
-0.0266 0.0681 0.0357 80 200 120
0.0360 0.1926 0.0429 80 200 120
-0.0307 0.0681 0.0353 80 200 120
-0.0535 0.0698 0.0590 80 200 120
-0.0340 0.1180 0.0422 80 200 120
-0.0535 0.0582 0.0489 80 200 120
-2.4512 1.0932 0.4579 80 200 120
0.0218 0.2048 0.1136 80 200 120
-0.0292 0.0343 0.0625 80 200 120
0.1288 -0.2571 0.0334 80 200 120
-0.0701 -0.0626 0.0299 80 200 120
0.1352 -0.2934 0.0318 80 200 120
3.5354 -3.3366 2.1963 80 200 120
-0.0293 -0.0716 0.0326 80 200 120
-0.0194 -0.0643 0.0567 80 200 120
-0.0073 -0.1017 0.0496 80 200 120
0.0552 -0.2221 0.0537 80 200 120
0.5102 -2.2014 0.5038 80 200 120
0.0391 -0.0559 0.1559 80 200 120
0.0405 -0.2358 0.1120 80 200 120
-3.4835 -0.7316 2.7216 80 200 120
-0.9295 0.1136 3.1420 80 200 120
0.1672 -0.1731 0.0975 80 200 120
0.0334 -0.1160 0.0619 80 200 120
0.0273 -0.1256 0.0380 80 200 120
0.0290 -0.1260 0.0613 80 200 120
0.0489 -0.0987 -0.0268 80 200 120
0.0553 -0.1050 -0.0297 80 200 120
0.0198 -0.0887 -0.0268 80 200 120
0.1564 -0.0448 -0.0271 80 200 120
-0.1465 -0.0237 0.0009 80 200 120
-0.1194 0.0302 -0.0160 80 200 120
-0.1049 0.0030 -0.0108 80 200 120
-0.1113 -0.1153 -0.0263 80 200 120
-0.0936 0.0642 -0.0305 80 200 120
-0.1477 0.1028 -0.0267 80 200 120
-0.1321 -0.1437 -0.0235 80 200 120
-0.1107 0.0091 -0.0099 80 200 120
-0.0136 0.1726 -0.0268 80 200 120
0.1724 0.0725 -0.0283 80 200 120
0.0893 0.0864 -0.0296 80 200 120
0.4137 0.0492 0.0079 80 200 120
0.0842 0.1115 -0.0217 80 200 120
0.0424 0.0636 -0.0291 80 200 120
0.0350 0.0952 -0.0249 80 200 120
0.0387 0.0581 -0.0363 80 200 120
0.0774 0.0024 0.0361 80 200 120
0.1300 -0.0225 0.0718 80 200 120
0.1471 0.0062 0.1135 80 200 120
0.1036 0.0542 0.0949 80 200 120
0.0986 0.0055 0.0639 80 200 120
0.1203 -0.0059 0.1142 80 200 120
-0.0106 0.0768 0.0431 80 200 120
-0.0101 0.1110 0.0946 80 200 120
-0.0033 0.0843 0.0440 80 200 120
-0.0999 0.0678 0.1003 80 200 120
0.0439 0.1502 0.0398 80 200 120
-0.0438 0.0622 0.0390 80 200 120
-0.0066 0.0879 0.0458 80 200 120
-0.0642 0.0358 0.0670 80 200 120
-0.0113 0.0804 0.0513 80 200 120
0.0063 0.1161 0.1101 80 200 120
-0.0916 0.0648 0.0581 80 200 120
0.0499 0.2054 0.0964 80 200 120
-0.0278 0.0620 0.0351 80 200 120
-0.1585 -0.0183 0.0768 80 200 120
0.0040 -0.1123 0.0354 80 200 120
-0.0598 -0.0598 0.0301 80 200 120
-0.1757 -0.0297 0.1418 80 200 120
-0.0586 -0.0534 0.0387 80 200 120
-0.0366 -0.0588 0.0334 80 200 120
0.0259 -0.1417 0.0479 80 200 120
0.0422 -0.1379 0.0914 80 200 120
-0.0800 -0.0363 0.1576 80 200 120
-0.0229 -0.0883 0.0336 80 200 120
-0.0891 -0.0600 0.0403 80 200 120
-0.0340 -0.0658 0.0332 80 200 120
-0.0068 -0.0594 0.0664 80 200 120
0.2769 -0.0484 0.3048 80 200 120
0.0327 -0.2448 -0.0275 80 200 120
1.9133 -4.7196 1.7441 80 200 120
0.0886 -0.3140 0.0126 80 200 120
0.0189 -0.1381 -0.0289 80 200 120
0.0367 -0.0767 -0.0258 80 200 120
0.7496 -1.1660 0.5175 80 200 120
0.0356 -0.0891 -0.0187 80 200 120
-0.0846 0.0078 -0.0294 80 200 120
-0.1390 0.0053 -0.0185 80 200 120
-0.0974 0.0083 -0.0274 80 200 120
-0.1182 -0.0147 -0.0195 80 200 120
-0.1438 0.0247 -0.0308 80 200 120
-0.1127 -0.0014 -0.0290 80 200 120
-0.1179 0.0080 -0.0202 80 200 120
-0.0969 -0.0089 -0.0157 80 200 120
-0.1664 0.0738 0.0095 80 200 120
-0.0788 0.0114 -0.0263 80 200 120
-0.1158 -0.0098 -0.0053 80 200 120
-0.1534 -0.0068 0.0029 80 200 120
0.0115 0.1152 -0.0223 80 200 120
0.0206 0.1081 -0.0325 80 200 120
0.0264 0.1593 -0.0183 80 200 120
0.0994 0.0574 -0.0315 80 200 120
0.0403 0.0615 -0.0293 80 200 120
-0.0779 0.2128 -0.0276 80 200 120
0.0372 0.0621 -0.0298 80 200 120
0.0521 0.0690 -0.0274 80 200 120
0.0169 0.1042 -0.0206 80 200 120
0.0375 0.0628 -0.0317 80 200 120
0.0913 0.0066 0.0301 80 200 120
0.0776 0.0073 0.0360 80 200 120
2.0738 -0.8833 0.5870 80 200 120
2.6610 0.4113 1.6931 80 200 120
0.1182 0.0295 0.0368 80 200 120
0.0817 0.0011 0.0360 80 200 120
0.0856 0.0126 0.0530 80 200 120
0.0800 0.0073 0.0412 80 200 120
0.0726 0.0045 0.0327 80 200 120
0.0407 0.1685 0.0461 80 200 120
-0.0690 0.0199 0.1004 80 200 120
-0.0496 0.2043 0.0582 80 200 120
0.0273 0.1459 0.0611 80 200 120
0.0113 0.0451 0.1133 80 200 120
-0.1090 0.0196 0.0716 80 200 120
-0.0304 0.0795 0.0376 80 200 120
-0.0634 0.0925 0.0718 80 200 120
-0.0211 0.0907 0.0350 80 200 120
0.1035 -0.3248 2.9482 80 200 120
-0.0412 0.0561 0.0422 80 200 120
-0.2124 0.0637 0.0286 80 200 120
-0.0026 -0.0891 0.0592 80 200 120
-0.0412 -0.0640 0.0324 80 200 120
-1.1441 -3.1377 1.3819 80 200 120
-0.0319 -0.0720 0.0316 80 200 120
-0.0214 -0.0753 0.0343 80 200 120
-0.3714 -1.6619 0.4247 80 200 120
-0.0568 -0.0440 0.0774 80 200 120
-0.8932 -2.7211 0.2063 80 200 120
-0.0883 -0.0442 0.0907 80 200 120
-0.0454 -0.0884 0.0346 80 200 120
-0.0265 -0.0642 0.0520 80 200 120
-0.0297 -0.1158 0.0294 80 200 120
-0.0606 -0.1012 0.0706 80 200 120
-0.0626 -0.0429 0.0526 80 200 120
-0.0718 -0.0365 0.0744 80 200 120
-0.1172 -0.0082 0.1136 80 200 120
-0.0403 -0.0649 0.0448 80 200 120
0.2693 -0.8170 0.2673 80 200 120
3.4377 -3.1757 1.5022 80 200 120
0.0159 -0.1273 -0.0289 80 200 120
0.0921 -0.2233 0.0091 80 200 120
0.1639 -0.1022 -0.0070 80 200 120
0.0421 -0.0717 -0.0255 80 200 120
-0.6851 -3.2888 0.4213 80 200 120
-0.0606 -0.2091 -0.0266 80 200 120
0.0303 -0.1068 -0.0168 80 200 120
-2.1933 -3.0408 0.0294 80 200 120
0.0827 -0.1415 0.0237 80 200 120
-4.1714 0.2115 1.2134 80 200 120
-3.1489 0.3161 1.1821 80 200 120
-0.1137 -0.0283 -0.0231 80 200 120
0.0430 0.0652 -0.0291 80 200 120
-0.6155 1.2901 -0.0215 80 200 120
0.0447 0.0679 -0.0297 80 200 120
0.0319 0.0712 -0.0296 80 200 120
0.0590 0.1296 -0.0212 80 200 120
0.0745 0.0871 -0.0263 80 200 120
0.0388 0.0615 -0.0300 80 200 120
0.0372 0.0677 -0.0291 80 200 120
0.0443 0.1074 -0.0236 80 200 120
0.1238 0.1045 0.0473 80 200 120
0.1709 0.0209 0.0303 80 200 120
2.7858 1.9740 1.5188 80 200 120
0.0759 0.0089 0.0315 80 200 120
-0.0231 1.7394 1.4445 80 200 120
-0.4970 -2.6032 3.3277 80 200 120
2.1257 2.4350 2.1523 80 200 120
0.1498 0.1166 0.0787 80 200 120
0.0960 0.0336 0.0483 80 200 120
1.9966 -0.4344 0.4279 80 200 120
0.1293 0.0170 0.0683 80 200 120
0.0900 -0.0149 0.0487 80 200 120
0.0893 0.0842 0.0909 80 200 120
0.1670 0.0220 0.1029 80 200 120
2.1627 -0.2243 1.0513 80 200 120
0.1460 0.0936 0.0980 80 200 120
0.0767 0.0044 0.0352 80 200 120
0.1139 0.0205 0.0379 80 200 120
0.2441 3.2385 -0.0316 80 200 120
-1.2621 -0.5188 0.4648 80 200 120
-0.0530 0.1521 0.0922 80 200 120
-0.0607 0.0730 0.0540 80 200 120
0.0555 0.1234 0.1096 80 200 120
0.0327 0.1355 0.0544 80 200 120
0.0025 0.1349 0.0791 80 200 120
0.0461 0.1337 0.1240 80 200 120
0.0130 0.1876 0.1240 80 200 120
0.1489 0.1938 0.1544 80 200 120
0.0404 0.1306 0.0608 80 200 120
-0.0447 0.0626 0.0363 80 200 120
-0.1970 -0.0386 0.1074 80 200 120
-0.0712 -0.0587 0.1918 80 200 120
-0.0364 0.0611 0.0310 80 200 120
-0.0728 0.0598 0.0337 80 200 120
-0.0731 0.0409 0.0664 80 200 120
0.0474 0.1097 0.0894 80 200 120
0.0114 0.1787 0.0983 80 200 120
-0.0434 0.0914 0.0488 80 200 120
0.0649 0.1159 0.1232 80 200 120
-0.3731 -0.0057 0.0263 80 200 120
-0.0197 -0.1302 0.0306 80 200 120
-0.0685 -0.0341 0.0682 80 200 120
0.4754 -2.9580 2.6479 80 200 120
-0.0512 -0.0515 0.0556 80 200 120
-0.0259 -0.0989 0.0442 80 200 120
2.4159 -4.4862 0.7447 80 200 120
-1.4219 -3.3921 3.0567 80 200 120
0.7773 -2.5699 2.6939 80 200 120
2.0597 -0.3665 1.9164 80 200 120
-0.0368 -0.0625 0.0305 80 200 120
-0.0380 -0.0627 0.0367 80 200 120
-3.3365 -1.1380 2.8656 80 200 120
-0.0154 -0.1057 0.0513 80 200 120
-0.0111 -0.1056 0.0888 80 200 120
-0.0439 -0.0889 0.1072 80 200 120
-0.1743 -0.0840 0.1671 80 200 120
-0.2404 -1.5720 3.1587 80 200 120
1.0209 -0.1244 2.8454 80 200 120
1.0941 -0.6903 0.4253 80 200 120
-0.0562 -0.0622 0.0436 80 200 120
-0.0598 -0.0602 0.0722 80 200 120
-0.0930 -0.0464 0.0564 80 200 120
4.0460 -4.3806 0.6201 80 200 120
0.1742 -0.2766 0.1322 80 200 120
0.1037 -0.1442 -0.0274 80 200 120
0.0679 -0.0962 -0.0248 80 200 120
3.4965 -4.8092 1.0539 80 200 120
0.0529 -0.0971 -0.0198 80 200 120
-0.8203 -2.4346 0.0093 80 200 120
-0.0181 -0.1774 -0.0251 80 200 120
1.3689 -3.0559 0.0142 80 200 120
-0.0192 -0.2810 0.0315 80 200 120
0.0522 -0.0685 -0.0219 80 200 120
-0.1672 -0.0801 -0.0157 80 200 120
-0.0817 0.0020 -0.0256 80 200 120
-2.3408 -1.2701 0.5667 80 200 120
-0.2134 0.0595 -0.0253 80 200 120
-0.0888 0.0002 -0.0207 80 200 120
-0.0778 0.0021 -0.0283 80 200 120
-0.0735 0.0032 -0.0288 80 200 120
-3.7870 -0.6495 1.0698 80 200 120
-3.7384 -0.0078 1.3402 80 200 120
-0.0911 0.0098 -0.0269 80 200 120
-0.0979 -0.0458 -0.0239 80 200 120
-0.0723 0.0013 -0.0291 80 200 120
-2.1441 0.7916 0.9612 80 200 120
-1.0853 -1.9637 0.1385 80 200 120
-0.1107 -0.0940 -0.0258 80 200 120
0.0680 0.1239 -0.0283 80 200 120
-0.0053 0.1859 -0.0175 80 200 120
4.0102 0.4024 0.0412 80 200 120
0.0419 0.0648 -0.0298 80 200 120
0.0598 0.0659 -0.0296 80 200 120
0.0554 0.0797 -0.0294 80 200 120
0.0533 0.0763 -0.0277 80 200 120
0.0030 0.2245 -0.0380 80 200 120
0.0247 0.1049 -0.0247 80 200 120
0.1028 0.1599 -0.0164 80 200 120
0.0871 0.1791 -0.0222 80 200 120
0.3134 0.1318 -0.0030 80 200 120
0.0545 0.1094 -0.0338 80 200 120
0.0803 0.1393 -0.0188 80 200 120
0.1293 0.0530 -0.0254 80 200 120
0.0351 0.0741 -0.0280 80 200 120
0.0275 0.0736 -0.0299 80 200 120
0.0402 0.0611 -0.0293 80 200 120
-0.0153 0.1563 -0.0148 80 200 120
0.0493 0.0581 -0.0297 80 200 120
0.0585 0.0603 -0.0277 80 200 120
0.1071 0.0299 0.0302 80 200 120
0.1268 0.0460 0.0557 80 200 120
0.1138 0.1087 0.1619 80 200 120
2.3952 0.7883 2.0101 80 200 120
0.0981 0.0192 0.0303 80 200 120
0.1440 0.0896 0.0397 80 200 120
1.7608 2.3092 2.2448 80 200 120
2.1806 3.0572 2.3466 80 200 120
1.5825 -0.9552 1.2748 80 200 120
0.1463 0.0747 0.0308 80 200 120
2.4140 -0.8796 1.7015 80 200 120
0.0672 0.0267 0.0461 80 200 120
0.1779 0.1238 0.0696 80 200 120
0.1392 0.0058 0.1053 80 200 120
-0.5771 -0.9739 2.2389 80 200 120
0.0792 0.0951 0.0795 80 200 120
0.6779 -1.3027 1.7340 80 200 120
0.5756 1.7003 2.2977 80 200 120
1.2889 -0.1248 2.1306 80 200 120
0.8679 -0.9988 0.7136 80 200 120
1.1061 0.2508 2.0097 80 200 120
0.1068 -0.0655 0.0899 80 200 120
0.0780 -0.0002 0.0376 80 200 120
0.0396 0.0869 0.1595 80 200 120
2.6952 -1.7380 0.3865 80 200 120
0.6562 -1.0941 1.2108 80 200 120
0.0911 0.0126 0.0302 80 200 120
0.1468 0.1123 0.0998 80 200 120
3.0318 2.2884 2.8307 80 200 120
0.0970 -0.0389 0.0378 80 200 120
0.0308 0.1342 0.0458 80 200 120
0.0609 0.1579 0.1151 80 200 120
0.0081 0.1755 0.0292 80 200 120
0.0270 0.1696 0.0502 80 200 120
-0.0532 0.2377 0.0442 80 200 120
0.0159 0.1658 0.1643 80 200 120
-0.0749 0.0917 0.0556 80 200 120
-0.0834 0.0622 0.0762 80 200 120
-0.0744 0.0999 0.0699 80 200 120
-0.0808 0.0668 0.0449 80 200 120
-0.0802 0.1735 0.0932 80 200 120
-0.0826 0.0838 0.1025 80 200 120
-0.0795 0.0679 0.0722 80 200 120
0.0166 0.1831 0.1424 80 200 120
-1.8891 -1.7626 2.0752 80 200 120
-0.0840 0.0956 0.0462 80 200 120
-0.0212 0.1614 0.0994 80 200 120
-1.7194 -1.3174 2.0948 80 200 120
0.0519 0.1346 0.1084 80 200 120
0.0381 0.1600 0.1726 80 200 120
-0.0381 0.1282 0.1016 80 200 120
-0.0431 0.0604 0.0318 80 200 120
-0.0264 0.1418 0.1427 80 200 120
-0.0388 0.1893 0.1198 80 200 120
-0.0699 0.0578 0.0458 80 200 120
-0.0783 0.1483 0.0293 80 200 120
-0.0537 0.0548 0.0472 80 200 120
-0.0880 0.1755 0.0570 80 200 120
-0.0276 0.0795 0.1316 80 200 120
-0.0713 0.0837 0.1066 80 200 120
-2.3964 -1.5909 1.8604 80 200 120
0.1274 0.1014 0.1326 80 200 120
0.0235 0.0720 0.0720 80 200 120
-1.5483 -0.8926 0.5911 80 200 120
-2.2691 -3.7765 1.4392 80 200 120
-2.6552 -1.1012 0.9386 80 200 120
4.2646 -5.8539 0.7023 80 200 120
3.5225 -3.1998 1.4858 80 200 120
1.2917 -4.1008 1.7071 80 200 120
-0.1209 -0.0261 0.0604 80 200 120
-0.0433 -0.0586 0.0371 80 200 120
-0.0909 -0.0551 0.1023 80 200 120
1.9802 -2.5709 3.1266 80 200 120
-0.0889 -0.0446 0.0493 80 200 120
-0.1182 0.0046 0.1493 80 200 120
3.3064 -4.5633 1.0929 80 200 120
2.2671 -4.2341 3.1537 80 200 120
-3.4526 -0.7289 0.8369 80 200 120
0.0507 -0.7529 0.1811 80 200 120
3.4751 -3.6253 2.9297 80 200 120
-0.0655 -0.0580 0.0600 80 200 120
2.3515 -2.4053 3.0823 80 200 120
-0.0507 -0.0720 0.0355 80 200 120
-1.2239 0.5752 3.2162 80 200 120
1.8111 -4.4493 0.6106 80 200 120
-0.0928 -0.0319 0.0757 80 200 120
2.4633 -1.5648 2.3949 80 200 120
-2.3384 -1.9050 0.3296 80 200 120
-0.6380 -0.8530 2.9929 80 200 120
0.0914 -1.5547 0.8671 80 200 120
-0.0910 -0.0468 0.0645 80 200 120
1.2671 -1.6686 3.0955 80 200 120
-0.0534 -0.1917 0.0289 80 200 120
-2.8273 -1.1398 3.1118 80 200 120
0.0671 -0.0549 0.1669 80 200 120
3.4122 -4.0275 1.6506 80 200 120
0.1496 -1.5310 0.0245 80 200 120
2.6989 -2.6977 0.1176 80 200 120
0.4178 -2.2819 0.6087 80 200 120
3.3915 -3.9787 1.6327 80 200 120
3.3183 -3.1752 0.9579 80 200 120
3.0002 -4.4890 1.3861 80 200 120
0.7278 -2.0045 -0.0484 80 200 120
0.0880 -0.8295 0.1657 80 200 120
-0.0601 -0.9180 0.1327 80 200 120
-1.3222 -2.7108 0.4922 80 200 120
0.0782 -0.0889 -0.0057 80 200 120
-3.1391 -2.4620 0.0571 80 200 120
-2.8254 -1.8447 0.0296 80 200 120
-4.9184 -1.1376 0.0022 80 200 120
-0.1727 0.0730 -0.0279 80 200 120
-0.0795 -0.0008 -0.0273 80 200 120
-0.1005 -0.0094 -0.0175 80 200 120
-0.1575 0.0333 -0.0150 80 200 120
-2.3999 -0.7047 0.4413 80 200 120
-0.1116 0.0260 -0.0262 80 200 120
-0.0925 0.0076 -0.0300 80 200 120
-4.3711 -0.1431 0.0020 80 200 120
-1.3513 0.2072 0.2087 80 200 120
-9.5691 -3.0252 0.9040 80 200 120
-0.0828 -0.0124 -0.0261 80 200 120
-0.1086 0.0222 -0.0110 80 200 120
-0.0918 -0.0296 -0.0225 80 200 120
-2.2661 1.6734 0.8157 80 200 120
-0.0765 -0.0005 -0.0271 80 200 120
-0.1341 -0.0136 0.0052 80 200 120
-1.9807 1.3238 0.2583 80 200 120
-0.1181 0.1353 -0.0273 80 200 120
-0.1178 0.1093 -0.0268 80 200 120
-0.5935 -0.4688 0.2076 80 200 120
0.0627 0.0984 -0.0287 80 200 120
0.0430 0.1386 -0.0292 80 200 120
-0.0429 0.2377 -0.0059 80 200 120
0.0391 0.0626 -0.0298 80 200 120
0.0250 0.1698 -0.0174 80 200 120
0.3117 0.1757 -0.0046 80 200 120
0.0460 0.1202 -0.0338 80 200 120
0.0511 0.1530 -0.0250 80 200 120
1.0143 0.0074 -0.0485 80 200 120
10.8733 7.6066 -0.6474 80 200 120
0.8839 0.1912 0.0345 80 200 120
0.3014 0.1506 -0.0013 80 200 120
-0.0027 0.1665 -0.0096 80 200 120
0.0104 0.1136 -0.0345 80 200 120
0.1522 0.1174 0.0578 80 200 120
0.6495 0.0598 0.0284 80 200 120
1.5589 -1.2985 0.0459 80 200 120
0.0874 0.0108 0.0327 80 200 120
-0.1544 2.0913 1.4888 80 200 120
0.5039 -1.5529 1.2757 80 200 120
0.4418 -1.3640 1.5684 80 200 120
1.6734 0.3331 1.9752 80 200 120
0.1870 0.0045 0.1230 80 200 120
0.1547 0.0281 0.0765 80 200 120
0.1304 0.1633 0.1749 80 200 120
0.1058 0.0295 0.0834 80 200 120
2.4757 1.8274 2.7915 80 200 120
2.4130 -0.6619 0.2414 80 200 120
0.1485 0.1478 0.1153 80 200 120
0.1180 0.6412 0.2792 80 200 120
0.1524 0.1703 0.0297 80 200 120
0.1729 0.3200 0.0278 80 200 120
0.3855 -1.4064 1.3076 80 200 120
0.7737 -2.7126 1.2516 80 200 120
0.0122 0.1123 0.0303 80 200 120
-0.0556 0.1775 0.0302 80 200 120
0.0123 0.1317 0.0310 80 200 120
0.0178 0.1613 0.0301 80 200 120
0.0497 11.2953 -0.1596 80 200 120
-0.0535 0.2384 0.0820 80 200 120
0.0185 0.0966 0.0588 80 200 120
-0.1691 0.1899 0.0278 80 200 120
0.0697 0.1397 0.0760 80 200 120
0.0652 0.1529 0.0979 80 200 120
-0.0722 0.0742 0.0431 80 200 120
-0.0997 -0.0172 0.1644 80 200 120
-0.0782 0.0655 0.0767 80 200 120
0.0234 0.0405 0.1364 80 200 120
-2.3992 -1.2245 1.3338 80 200 120
-0.0164 0.2479 0.1075 80 200 120
-0.5668 0.2305 0.0133 80 200 120
0.0302 0.1239 0.0663 80 200 120
-0.0098 0.1715 0.0734 80 200 120
-0.0644 0.0687 0.0402 80 200 120
-3.0555 -0.3077 2.9847 80 200 120
0.0036 0.1456 0.0436 80 200 120
-0.0454 0.0546 0.0387 80 200 120
-0.0826 0.1201 0.0280 80 200 120
-0.0460 0.0706 0.0614 80 200 120
-0.0880 0.0646 0.0563 80 200 120
0.0389 0.0722 0.1583 80 200 120
-0.0416 0.1537 0.1501 80 200 120
0.0463 0.0754 0.1429 80 200 120
-0.3261 -0.1710 0.0331 80 200 120
-2.0741 -3.5175 0.0915 80 200 120
-2.7946 -1.0490 1.3850 80 200 120
2.0190 -2.5315 0.1197 80 200 120
-0.4986 -1.8101 0.0189 80 200 120
-2.9529 -4.9283 2.5239 80 200 120
1.2684 -2.2582 0.0459 80 200 120
1.9254 -2.7548 0.1007 80 200 120
3.1243 -4.5221 3.0034 80 200 120
-2.3037 -1.2778 0.7713 80 200 120
-2.5101 -2.4391 1.1635 80 200 120
1.7268 -4.1059 0.1315 80 200 120
-2.1461 -4.6577 1.5219 80 200 120
3.4777 -2.1944 2.7696 80 200 120
-0.2348 -1.6019 0.9112 80 200 120
-2.3115 -2.9062 0.5350 80 200 120
-0.0990 -0.0587 0.0300 80 200 120
0.0166 -0.2694 0.0552 80 200 120
-3.2640 -3.0959 2.9211 80 200 120
-3.5214 -3.9903 2.7611 80 200 120
-0.0685 -0.0502 0.0682 80 200 120
-0.0432 -1.6507 0.5065 80 200 120
-2.4940 -2.0632 1.3097 80 200 120
-1.9536 -4.2978 2.2666 80 200 120
-0.0275 -0.1569 0.0304 80 200 120
-3.1039 -3.9295 3.0742 80 200 120
-2.0118 -3.0749 3.0832 80 200 120
-0.1195 -0.0072 0.0979 80 200 120
-0.1523 0.0157 0.1701 80 200 120
-0.0271 -0.2148 0.0849 80 200 120
0.4898 -2.3714 2.6498 80 200 120
-0.5146 -1.4017 3.0792 80 200 120
-0.4573 -2.8377 3.0782 80 200 120
-2.0767 -2.2907 3.1442 80 200 120
-0.7115 -3.4674 2.3793 80 200 120
-2.8104 1.7111 2.7626 80 200 120
-2.4122 -1.4240 3.0151 80 200 120
-0.0034 -2.5893 0.0337 80 200 120
-1.2632 -13.9764 0.4450 80 200 120
-0.5293 -2.0011 0.0188 80 200 120
1.7563 -5.2561 1.2981 80 200 120
0.0459 -0.0641 -0.0276 80 200 120
3.1445 -4.3579 0.4614 80 200 120
2.4824 -4.2310 2.8276 80 200 120
-2.7962 -3.7674 0.5042 80 200 120
-1.7801 0.4810 0.5806 80 200 120
-4.3787 0.1776 0.0221 80 200 120
-0.0891 0.0039 -0.0281 80 200 120
-0.0799 0.0008 -0.0280 80 200 120
-0.0800 0.0030 -0.0288 80 200 120
-3.0463 -1.1219 0.4602 80 200 120
-3.4861 -4.0418 0.1045 80 200 120
-2.1819 -1.6361 0.7873 80 200 120
-2.6479 -1.6555 0.3627 80 200 120
-2.3565 0.5140 1.0430 80 200 120
-0.1222 0.0251 -0.0059 80 200 120
-0.1427 0.0115 0.0089 80 200 120
0.0662 0.1112 -0.0275 80 200 120
0.0524 0.1306 -0.0291 80 200 120
0.0312 0.2320 -0.0261 80 200 120
0.0410 0.0652 -0.0297 80 200 120
1.0517 0.0540 -0.0106 80 200 120
0.0161 0.1812 -0.0168 80 200 120
-0.0024 0.1761 -0.0274 80 200 120
0.5842 0.4297 0.0182 80 200 120
0.0544 0.1322 -0.0228 80 200 120
0.0384 0.0788 -0.0274 80 200 120
0.3827 0.1802 0.0373 80 200 120
0.0368 0.0628 -0.0488 80 200 120
2.1004 2.4426 0.5249 80 200 120
2.3789 0.2220 0.6605 80 200 120
1.7250 -1.0061 0.0421 80 200 120
2.4264 2.3417 1.8857 80 200 120
2.9648 1.0843 0.0101 80 200 120
0.1484 0.1222 0.0473 80 200 120
2.3264 2.9841 1.6134 80 200 120
2.8661 0.8211 1.8638 80 200 120
1.2381 -0.8912 1.1582 80 200 120
2.8433 0.2418 1.4644 80 200 120
0.6197 2.5026 1.8021 80 200 120
3.3750 -3.1412 1.0919 80 200 120
0.0055 -0.6873 2.0482 80 200 120
2.6968 2.1658 2.1087 80 200 120
2.9876 1.9935 2.3039 80 200 120
-1.0766 -1.2683 2.3454 80 200 120
-3.1377 1.5439 2.7947 80 200 120
2.9777 3.4235 1.0977 80 200 120
2.1169 4.4244 2.8512 80 200 120
-3.2548 0.6882 1.9335 80 200 120
-3.1096 0.6820 1.3986 80 200 120
-3.3047 -0.0153 0.2999 80 200 120
-0.1971 -0.0241 0.1849 80 200 120
1.7023 4.6026 2.5948 80 200 120
-1.6968 -1.0619 3.0283 80 200 120
-0.8193 2.7742 1.6186 80 200 120
-2.4941 0.6815 2.8256 80 200 120
-0.0556 0.0200 0.1130 80 200 120
-0.0635 -0.0750 0.0306 80 200 120
0.0518 -0.4666 0.0383 80 200 120
2.1369 -4.6692 3.0198 80 200 120
-0.0592 -0.0426 0.0557 80 200 120
-2.3167 -4.6400 1.9948 80 200 120
0.6098 -2.1931 2.9841 80 200 120
-2.4126 -1.2043 1.1487 80 200 120
2.0748 -4.3921 1.0433 80 200 120
-2.0769 1.0649 3.0733 80 200 120
1.7524 -0.4893 3.2211 80 200 120
-1.4493 -1.6694 3.0523 80 200 120
3.6027 -4.1446 1.2365 80 200 120
0.5341 -2.8360 1.1014 80 200 120
-3.2296 -1.5288 3.0569 80 200 120
-2.3809 -2.3777 0.2428 80 200 120
-1.2680 -3.2348 0.5623 80 200 120
-1.6322 -1.0646 3.0334 80 200 120
-0.0746 -0.0750 0.0396 80 200 120
1.1651 -2.3615 3.0858 80 200 120
-2.3131 -3.5511 0.5215 80 200 120
-0.4262 -1.1253 3.1164 80 200 120
-3.6461 -0.3211 2.2705 80 200 120
-1.9324 0.0004 3.1492 80 200 120
-1.2269 -0.9470 3.0676 80 200 120
3.4750 -2.6502 2.7744 80 200 120
3.3896 -3.6226 1.7913 80 200 120
2.4552 -2.9774 0.1087 80 200 120
3.4243 -3.7674 0.5620 80 200 120
2.2430 -4.6482 1.2978 80 200 120
2.2205 -0.5932 0.2976 80 200 120
1.5722 -4.5634 0.3709 80 200 120
1.7768 -0.3133 0.1119 80 200 120
-1.2741 -2.9276 0.1075 80 200 120
-2.2016 -1.7474 0.2824 80 200 120
-2.4359 0.9773 0.0146 80 200 120
-1.5782 1.2236 0.3373 80 200 120
-1.8966 0.8238 0.1850 80 200 120
-1.8626 0.7776 0.3886 80 200 120
-0.3289 -0.5893 0.0008 80 200 120
-0.8366 1.2513 -0.0398 80 200 120
0.7957 1.5268 0.0074 80 200 120
-0.0699 0.3792 -0.0028 80 200 120
0.8994 0.8677 -0.0218 80 200 120
0.3461 0.3286 0.0046 80 200 120
-0.0560 0.4401 0.0091 80 200 120
0.4043 0.5882 0.0367 80 200 120
0.5493 1.2365 0.0362 80 200 120
0.0271 0.6841 0.0464 80 200 120
0.4311 0.0910 0.0105 80 200 120
0.5991 0.0487 0.0246 80 200 120
-0.0952 0.2953 0.0015 80 200 120
1.6112 -5.5844 0.0853 80 200 120
2.1056 1.1245 2.0066 80 200 120
1.5295 0.0901 0.0427 80 200 120
2.6050 -4.2020 0.0613 80 200 120
-0.2958 -1.9562 1.1333 80 200 120
1.5978 0.7316 0.0171 80 200 120
2.1855 0.4400 0.0384 80 200 120
2.0509 -0.6641 0.0217 80 200 120
0.2457 -0.8969 1.1586 80 200 120
-2.9049 1.4454 0.9832 80 200 120
-1.7973 -2.3609 1.8036 80 200 120
0.1476 -0.9723 1.2963 80 200 120
-0.0307 1.4462 0.0081 80 200 120
1.0030 -0.0454 0.9791 80 200 120
-3.2489 0.6002 3.0254 80 200 120
0.1540 -0.0488 0.7850 80 200 120
-3.2258 1.1794 2.7872 80 200 120
-1.8562 0.2227 0.0176 80 200 120
-0.4028 -1.4749 0.2822 80 200 120
0.0137 -0.5019 0.0174 80 200 120
0.8169 -0.1652 0.1189 80 200 120
0.8745 -0.1026 0.0860 80 200 120
-0.5718 1.7908 -0.0124 80 200 120
-1.5434 0.7872 0.7853 80 200 120
-1.3494 1.0377 0.6573 80 200 120
-1.9357 0.5412 1.0559 80 200 120
-2.7822 -1.9440 1.4300 80 200 120
-1.6395 0.2604 0.5283 80 200 120
-0.5441 0.4900 0.1471 80 200 120
-1.3277 0.2860 -0.0303 80 200 120
-2.3521 -1.3456 0.9523 80 200 120
-1.3418 0.3956 0.3012 80 200 120
-0.0667 1.5697 -0.1190 80 200 120
1.9484 2.2462 0.0388 80 200 120
1.5766 2.1965 0.0063 80 200 120
1.2579 2.2823 0.4137 80 200 120
1.9133 2.6189 0.6536 80 200 120
2.1711 1.7093 0.0256 80 200 120
2.5805 2.0217 1.1651 80 200 120
0.7628 1.7136 2.1210 80 200 120
2.4268 1.5907 0.0276 80 200 120
2.5877 2.2849 2.4048 80 200 120
2.2516 2.1424 1.3724 80 200 120
2.9063 1.7272 0.4169 80 200 120
2.5334 2.0004 1.6341 80 200 120
1.7623 2.0369 0.2479 80 200 120
2.8474 4.0557 1.7177 80 200 120
1.6160 2.7375 1.2448 80 200 120
1.8089 1.6833 0.0430 80 200 120
-0.5063 2.5833 1.7388 80 200 120
0.3262 2.2775 1.6590 80 200 120
0.1480 2.2248 1.3719 80 200 120
2.4150 2.6822 0.8865 80 200 120
2.0748 0.1575 2.2051 80 200 120
1.1366 1.7277 2.1053 80 200 120
1.3586 2.7377 1.7972 80 200 120
0.3220 2.5527 1.3653 80 200 120
0.9779 2.5885 1.9430 80 200 120
2.7690 0.5980 2.0563 80 200 120
2.7705 0.0920 2.1801 80 200 120
3.3050 1.0712 1.8015 80 200 120
3.1130 1.4535 0.9888 80 200 120
-0.0559 1.1548 2.1509 80 200 120
0.9540 2.3815 2.1519 80 200 120
1.7461 1.3681 2.5221 80 200 120
2.3918 2.2628 1.0642 80 200 120
1.5589 2.7903 1.6475 80 200 120
1.0748 3.3509 1.4627 80 200 120
0.5713 -0.8963 0.8359 80 200 120
1.9125 -0.1087 1.7304 80 200 120
-0.3499 1.1935 1.8212 80 200 120
0.2255 1.1910 2.2919 80 200 120
1.9632 2.3122 1.7175 80 200 120
2.1271 1.1965 0.0143 80 200 120
1.8645 2.5951 1.6594 80 200 120
2.9961 1.3556 0.5430 80 200 120
-1.0152 -3.2452 2.0446 80 200 120
1.8711 -0.4056 1.9112 80 200 120
-1.2750 0.6571 1.9903 80 200 120
1.4285 -0.8461 1.3165 80 200 120
0.2357 1.3973 2.0683 80 200 120
-0.0918 1.5157 1.9099 80 200 120
1.0084 2.1243 0.0055 80 200 120
2.2523 -0.4525 0.6759 80 200 120
2.4832 -15.0368 5.4242 80 200 120
3.4612 -2.3556 1.9254 80 200 120
1.2619 2.1453 0.0096 80 200 120
-1.8223 1.4663 -0.0092 80 200 120
2.0720 2.4016 0.5244 80 200 120
-0.4273 2.2558 0.0292 80 200 120
-0.2306 2.1058 0.0118 80 200 120
-0.3921 2.7846 1.2122 80 200 120
2.7793 3.8661 0.9401 80 200 120
3.2551 3.3915 2.9488 80 200 120
1.6848 3.0733 0.5940 80 200 120
3.4426 2.3968 1.8982 80 200 120
-0.3539 3.1378 0.2768 80 200 120
0.6135 3.3436 0.0273 80 200 120
1.8954 2.8166 0.4349 80 200 120
1.1844 2.5866 3.2540 80 200 120
3.6611 2.8489 1.6514 80 200 120
-0.9318 4.5826 3.0932 80 200 120
3.5791 3.3869 2.4837 80 200 120
-3.0739 1.1549 1.0763 80 200 120
-0.2670 3.1415 2.6247 80 200 120
-2.4620 1.9413 1.5681 80 200 120
1.6864 3.2653 0.3462 80 200 120
-0.6188 2.3285 0.5229 80 200 120
-3.5332 0.6810 2.7052 80 200 120
-3.6251 0.1706 3.4152 80 200 120
-2.6275 2.6426 2.6274 80 200 120
3.3906 4.7021 3.3250 80 200 120
-2.9825 0.3828 3.1886 80 200 120
3.3397 2.3913 3.0009 80 200 120
-2.8143 0.4231 0.9184 80 200 120
2.8349 3.9847 1.4736 80 200 120
-0.6469 1.5816 0.8794 80 200 120
-2.1769 1.0968 3.2706 80 200 120
0.2527 3.0756 2.9790 80 200 120
-0.7023 2.5857 1.1986 80 200 120
2.8329 2.6416 3.3538 80 200 120
-3.4786 0.6096 3.2594 80 200 120
-0.0432 2.6183 1.5329 80 200 120
1.5144 3.7509 3.4143 80 200 120
3.7131 4.7678 2.5726 80 200 120
1.5917 4.3571 3.2131 80 200 120
3.5322 3.5164 2.0058 80 200 120
2.5591 3.2848 3.2781 80 200 120
1.1293 5.1999 2.0433 80 200 120
-2.9145 2.1134 0.9725 80 200 120
3.5266 2.6367 2.4414 80 200 120
0.5311 4.2827 2.9373 80 200 120
-0.0658 -1.5100 1.4841 80 200 120
4.0319 3.8489 1.6818 80 200 120
3.3127 2.9052 3.0485 80 200 120
-3.3648 0.9622 1.1454 80 200 120
0.8164 2.3445 3.3160 80 200 120
-2.2169 2.4991 3.2108 80 200 120
-0.0007 2.3408 0.5061 80 200 120
1.6061 2.2969 3.2412 80 200 120
2.1824 4.4826 1.7063 80 200 120
1.4891 4.6191 2.2834 80 200 120
0.2630 3.2493 2.6002 80 200 120
-0.4500 3.9145 2.3606 80 200 120
1.9383 4.4041 0.7275 80 200 120
-2.5321 -1.5280 3.1914 80 200 120
-2.3739 -1.3268 1.9238 80 200 120
-0.1633 2.6870 2.8124 80 200 120
-3.0596 -0.0597 0.5974 80 200 120
-3.1980 2.6625 0.3165 80 200 120
-1.1860 1.0807 3.2651 80 200 120
0.2013 2.3162 3.1625 80 200 120
-0.1455 3.2866 2.2789 80 200 120
-3.8093 -0.2523 1.7019 80 200 120
2.8323 3.9806 3.3506 80 200 120
0.9516 5.3388 0.5564 80 200 120
-3.6995 0.3313 1.8221 80 200 120
-1.2624 3.6233 3.1804 80 200 120
-0.5123 1.9642 0.7359 80 200 120
2.9034 5.0698 2.3200 80 200 120
3.6749 2.2699 2.7124 80 200 120
1.8187 0.3507 3.2524 80 200 120
-1.5486 1.5494 3.2576 80 200 120
-3.2830 -0.9660 2.9699 80 200 120
-3.2117 1.9180 1.3055 80 200 120
-0.5776 1.2338 0.3054 80 200 120
0.1925 0.6666 3.2936 80 200 120
-1.5679 1.0301 3.2384 80 200 120
0.5672 -1.1110 1.4268 80 200 120
3.2312 1.8614 3.0801 80 200 120
-0.1913 2.3042 2.9251 80 200 120
-0.5718 2.5300 0.3786 80 200 120
3.1703 0.8536 2.0591 80 200 120
3.3894 0.7124 2.4841 80 200 120
-2.5541 1.7412 0.0667 80 200 120
3.1406 3.6449 0.4345 80 200 120
0.1607 2.3942 0.0148 80 200 120
-3.5719 0.6879 2.8011 80 200 120
-2.5452 0.1852 3.2526 80 200 120
-2.7899 0.8036 3.1532 80 200 120
-3.2481 0.1913 3.1158 80 200 120
1.0782 -0.5929 3.0165 80 200 120
-3.4206 0.3769 1.7895 80 200 120
-3.6460 1.7249 2.8647 80 200 120
-3.0433 1.8235 2.4344 80 200 120
-2.6077 1.6233 3.0918 80 200 120
0.0473 -1.6994 0.6052 80 200 120
-3.5233 -0.0246 0.6655 80 200 120
-3.6893 0.8321 2.2590 80 200 120
-2.3047 -1.1177 0.0182 80 200 120
-2.0574 -1.8587 -0.0115 80 200 120
-1.8615 -0.8382 0.1898 80 200 120
-2.0297 -4.0410 -0.0186 80 200 120
-2.3543 -0.5121 0.0258 80 200 120
-2.5721 -2.4211 0.6987 80 200 120
-2.9381 -0.2011 0.0147 80 200 120
-3.3220 0.1655 1.5113 80 200 120
1.9670 -0.2650 3.5919 80 200 120
-3.3808 -2.6136 3.1084 80 200 120
3.8640 -3.3014 0.5897 80 200 120
3.6420 -4.4316 2.7677 80 200 120
3.4291 -3.1667 1.0429 80 200 120
-2.9827 -5.0063 1.1732 80 200 120
1.5283 -2.3640 0.0272 80 200 120
-2.5009 -4.6442 0.2730 80 200 120
2.6998 -1.2501 0.2870 80 200 120
3.3216 -0.7607 0.1403 80 200 120
-0.5485 -3.1619 0.0394 80 200 120
-1.4632 1.1497 -0.0113 80 200 120
-1.6886 0.6135 0.5831 80 200 120
-1.1642 1.2281 0.0238 80 200 120
-3.1788 2.2120 0.0299 80 200 120
-1.9000 0.9801 0.6406 80 200 120
-2.7698 1.4163 0.0298 80 200 120
-1.7029 1.0337 0.5940 80 200 120
-1.1571 1.0509 0.0130 80 200 120
-2.8862 -0.4264 0.4899 80 200 120
-3.3661 -0.2878 0.7754 80 200 120
-1.6649 0.8615 0.1660 80 200 120
-3.0182 -0.9175 1.1308 80 200 120
-2.4619 0.4830 0.1686 80 200 120
-2.0844 0.1453 0.3012 80 200 120
-1.6518 1.1216 0.9719 80 200 120
-2.1395 0.6121 0.1493 80 200 120
-1.7484 0.6358 0.2568 80 200 120
-2.0670 -0.2646 1.2360 80 200 120
-2.0061 1.2043 0.1405 80 200 120
-0.4423 1.6601 -0.0183 80 200 120
-1.6723 0.9693 0.4204 80 200 120
-1.7960 0.2432 1.0700 80 200 120
-3.8691 -6.1464 0.7161 80 200 120
-2.7143 -2.5403 0.7098 80 200 120
-1.6690 0.9079 0.7459 80 200 120
-3.4257 -4.4951 1.0438 80 200 120
-2.2271 -1.5380 0.4745 80 200 120
-1.0397 1.2778 0.0144 80 200 120
-3.4710 -0.2818 1.2869 80 200 120
-0.8487 1.7788 0.0228 80 200 120
-1.8969 0.8676 0.8036 80 200 120
-1.9799 0.1533 0.9852 80 200 120
-2.9403 -0.1264 1.3695 80 200 120
-3.7029 -8.1494 0.2815 80 200 120
-2.7898 -0.3765 1.3965 80 200 120
-2.7876 -2.8528 1.0863 80 200 120
-2.5021 0.7693 -0.0083 80 200 120
-2.3421 -1.0195 0.2237 80 200 120
0.4356 1.6993 -0.0136 80 200 120
0.7422 1.0032 -0.0100 80 200 120
0.3797 1.0555 -0.0063 80 200 120
1.0131 0.7923 -0.0286 80 200 120
1.9837 0.9869 -0.0181 80 200 120
0.2050 0.6185 0.0171 80 200 120
-0.0939 0.6937 -0.0047 80 200 120
-2.4722 -2.7639 4.9319 80 200 120
2.1880 -0.6815 4.0844 80 200 120
0.3417 3.9937 1.6541 80 200 120
-0.2089 -1.7757 4.6940 80 200 120
-1.1081 -3.3266 4.6402 80 200 120
2.2743 1.2668 3.7490 80 200 120
2.6095 -0.3005 4.2585 80 200 120
-4.0385 -1.9855 3.7678 80 200 120
-1.3694 -2.3748 5.0290 80 200 120
2.7809 0.6154 3.9270 80 200 120
1.2485 3.8233 0.0169 80 200 120
1.1482 4.5221 0.0735 80 200 120
1.9122 3.0811 0.0710 80 200 120
-3.0215 -0.9097 0.0609 80 200 120
-2.4746 -0.9854 0.0397 80 200 120
-2.6084 -2.8940 1.5971 80 200 120
3.3961 -3.1180 3.1367 80 200 120
3.1652 -4.8514 2.3225 80 200 120
-2.4063 -1.7517 0.8424 80 200 120
-2.5133 -0.9349 0.6156 80 200 120
2.0651 -5.0153 2.3347 80 200 120
-3.2986 -0.5894 3.1468 80 200 120
2.7286 -3.8053 3.2140 80 200 120
3.3780 -2.8347 1.6354 80 200 120
-5.2860 4.1964 3.2473 80 200 120
2.3811 -1.7257 0.5203 80 200 120
2.7713 -0.2292 2.5307 80 200 120
0.4094 -0.0188 1.7414 80 200 120
0.5911 -2.1825 0.5321 80 200 120
3.0273 -4.9522 1.8657 80 200 120
2.7925 -1.2073 0.7513 80 200 120
2.5873 -0.1253 0.0390 80 200 120
0.6201 -3.5188 1.3504 80 200 120
1.8829 -0.6684 0.3007 80 200 120
2.4111 -4.8496 1.9308 80 200 120
2.8627 -0.9879 0.2066 80 200 120
-3.1018 -0.9241 1.5393 80 200 120
1.9842 -2.3972 0.0724 80 200 120
0.5770 -2.3695 3.1919 80 200 120
3.0078 -4.8515 3.1576 80 200 120
3.1670 -4.3573 0.2824 80 200 120
1.6646 -1.6333 0.0482 80 200 120
1.8386 -1.4462 0.0462 80 200 120
0.3955 -2.8826 2.0614 80 200 120
2.7435 -1.1825 0.7186 80 200 120
3.3809 -3.1007 3.1291 80 200 120
1.0709 -3.8562 2.5659 80 200 120
3.4745 -4.1780 1.5719 80 200 120
1.5095 -4.6528 1.7850 80 200 120
3.4156 -0.5971 1.7416 80 200 120
2.8537 -5.0014 1.2663 80 200 120
2.3270 -4.9466 3.0865 80 200 120
3.4808 -3.3137 2.1594 80 200 120
3.1717 -4.9394 2.4220 80 200 120
3.4819 -1.5222 3.1050 80 200 120
-0.9463 -4.2122 3.3822 80 200 120
1.1648 -3.6681 2.9479 80 200 120
2.4547 -4.9684 0.7627 80 200 120
-0.4270 -2.5698 3.1909 80 200 120
-0.1214 -3.3755 3.2639 80 200 120
1.6267 -2.6125 0.0570 80 200 120
3.6140 -5.0453 1.2041 80 200 120
0.4684 -2.9197 2.8193 80 200 120
3.4123 -1.3273 2.3849 80 200 120
3.5057 -4.2833 2.8459 80 200 120
3.6576 -0.6231 3.0371 80 200 120
3.3307 -2.0670 3.1294 80 200 120
1.7158 -0.5549 3.1706 80 200 120
1.9217 -5.7262 1.1303 80 200 120
3.6076 -4.1936 1.1461 80 200 120
-0.0068 -3.9083 3.1856 80 200 120
2.6526 -1.4583 3.1885 80 200 120
2.8923 -1.4925 0.6489 80 200 120
3.3727 -2.8889 0.5742 80 200 120
3.4138 -2.1088 2.7238 80 200 120
2.5629 -0.8353 0.7247 80 200 120
1.8875 -6.4569 1.6069 80 200 120
0.6440 -3.6085 1.3402 80 200 120
-0.1714 -1.1442 3.2438 80 200 120
1.9740 -4.9537 1.7282 80 200 120
2.4781 -2.6207 3.2167 80 200 120
2.1174 -5.0568 2.4189 80 200 120
2.4992 -0.6399 0.3171 80 200 120
0.5214 -2.3215 1.2070 80 200 120
0.6301 -2.6050 2.3201 80 200 120
-0.8047 -2.2429 3.1827 80 200 120
0.3370 -3.6313 3.0132 80 200 120
-1.2729 -3.3866 2.9160 80 200 120
1.3500 -1.7414 3.1780 80 200 120
-1.6619 -1.7122 3.2368 80 200 120
-1.3006 -1.7671 3.1133 80 200 120
2.6724 -0.5492 0.5478 80 200 120
1.2820 -2.5069 3.1737 80 200 120
1.9335 -2.5003 3.2089 80 200 120
3.4186 -4.6077 1.9146 80 200 120
3.4381 -1.1983 1.6426 80 200 120
2.1376 -0.9716 3.1420 80 200 120
0.1332 -1.9535 1.3776 80 200 120
2.0261 -3.4011 3.1556 80 200 120
3.4299 -0.6552 1.0363 80 200 120
0.8032 -1.8090 3.2152 80 200 120
-1.7316 -1.1352 3.0585 80 200 120
-0.4846 -3.0430 3.2165 80 200 120
2.1992 -1.4255 3.2292 80 200 120
1.6255 -2.9734 3.1631 80 200 120
2.4032 -3.0457 3.2124 80 200 120
3.4498 -1.7038 1.4751 80 200 120
1.2462 -1.3188 3.1933 80 200 120
3.5265 -2.8833 1.8969 80 200 120
-0.1230 -2.5759 3.1950 80 200 120
0.8918 -1.4166 3.1775 80 200 120
-0.6887 -0.9230 3.1892 80 200 120
-1.6678 -1.4903 3.6024 80 200 120
1.8712 -1.2480 0.0776 80 200 120
1.0942 -0.5976 3.1972 80 200 120
2.8610 -0.7924 3.2167 80 200 120
0.8345 -2.4973 3.0041 80 200 120
3.1128 -0.3466 3.1905 80 200 120
0.6177 -0.9983 3.1765 80 200 120
2.5902 -3.6725 3.2377 80 200 120
3.5211 -0.9582 2.4219 80 200 120
2.1316 -2.1437 3.2018 80 200 120
3.5134 -2.8810 2.5093 80 200 120
-0.8064 -1.8942 3.2029 80 200 120
2.5679 -2.0191 3.1753 80 200 120
-0.3818 -1.5926 3.6961 80 200 120
3.4939 -1.3820 1.3054 80 200 120
1.6105 -1.6741 3.1838 80 200 120
0.7600 -0.7924 3.2792 80 200 120
-1.5089 -0.8605 3.6396 80 200 120
0.3756 -2.5872 3.0514 80 200 120
0.1510 -0.4988 3.2343 80 200 120
-1.5932 -0.4977 3.1645 80 200 120
1.2478 -2.8954 3.1741 80 200 120
-0.5253 -3.7069 3.1896 80 200 120
-1.0703 -0.4445 3.4253 80 200 120
3.5404 -2.4678 1.4476 80 200 120
0.9679 -0.9185 3.1527 80 200 120
2.7621 -1.3695 0.3005 80 200 120
1.3770 -0.7857 3.2006 80 200 120
2.6018 -4.8450 1.8539 80 200 120
3.5635 -2.7955 1.3502 80 200 120
3.5153 -2.0046 1.1705 80 200 120
3.4712 -0.9958 1.2917 80 200 120
0.4894 -1.5221 3.2483 80 200 120
0.7377 -0.4627 3.1565 80 200 120
-1.8436 -1.2503 2.8142 80 200 120
0.2676 -1.7142 3.1713 80 200 120
0.2029 -2.0766 3.1974 80 200 120
-0.5571 -2.5646 1.7277 80 200 120
2.7475 -5.1073 2.7933 80 200 120
-1.5113 -1.1317 3.6904 80 200 120
3.4828 -0.4470 1.3354 80 200 120
0.6981 0.0451 3.0219 80 200 120
2.5105 -0.1975 0.5939 80 200 120
0.2408 0.0765 3.1403 80 200 120
1.4727 -1.1657 3.1449 80 200 120
2.3517 -4.9804 1.3341 80 200 120
1.7554 -0.8799 3.1510 80 200 120
1.1634 -0.2858 3.1003 80 200 120
1.8274 -0.1365 0.0500 80 200 120
3.3530 -1.7154 2.2030 80 200 120
-0.2973 -2.4468 1.6577 80 200 120
-0.1380 -1.8878 0.9850 80 200 120
0.1008 -1.3718 3.2319 80 200 120
1.8682 -0.2206 3.1494 80 200 120
0.9349 -3.1814 1.7189 80 200 120
-0.4827 -1.1503 3.1880 80 200 120
3.0443 -1.2279 3.1892 80 200 120
-0.6249 2.0494 0.0295 80 200 120
-1.7757 2.2682 2.1753 80 200 120
-1.1884 2.3950 1.9286 80 200 120
2.5597 2.9347 0.6694 80 200 120
-1.6817 0.9127 0.0011 80 200 120
-0.2228 1.8898 0.6719 80 200 120
3.4621 4.9173 1.7560 80 200 120
2.8658 3.3617 1.1053 80 200 120
-2.8210 -2.7202 3.2131 80 200 120
0.4111 -1.9044 0.2542 80 200 120
-0.5738 -2.1719 0.7006 80 200 120
1.2253 -2.6702 0.0135 80 200 120
-2.8670 0.4556 0.9487 80 200 120
-3.2888 -0.5623 0.0082 80 200 120
1.1358 -2.0507 0.0513 80 200 120
0.5501 -2.4717 0.3842 80 200 120
0.8487 -3.1386 0.4276 80 200 120
1.7765 -1.2523 0.6927 80 200 120
3.5572 -4.0721 2.4918 80 200 120
1.6894 -4.9954 2.5324 80 200 120
3.5927 -2.8813 1.4591 80 200 120
3.2483 -5.0265 2.4624 80 200 120
3.5357 -4.7536 2.7254 80 200 120
2.0716 -1.3521 0.6416 80 200 120
1.2665 -2.2801 0.0153 80 200 120
0.1337 -1.5469 0.2652 80 200 120
-0.3499 -1.5834 0.1250 80 200 120
-0.3409 -1.5915 0.3904 80 200 120
-0.3797 -1.7080 0.2911 80 200 120
2.6402 -1.4620 1.0097 80 200 120
3.5580 -1.5102 1.3671 80 200 120
-0.1242 -1.7689 0.6439 80 200 120
-2.3633 -1.0675 0.0153 80 200 120
-2.2372 0.2832 0.0097 80 200 120
-2.0579 -2.3074 0.0406 80 200 120
-2.2667 -3.0772 0.0768 80 200 120
-2.6126 -2.7378 0.8122 80 200 120
-2.8923 0.1261 -0.0004 80 200 120
-2.3719 -2.5920 0.4010 80 200 120
-3.1465 -1.3682 1.6950 80 200 120
-2.8901 0.4483 0.9631 80 200 120
-3.7743 0.3333 1.9179 80 200 120
-2.2744 -2.9010 0.5061 80 200 120
-2.4314 -1.0009 0.6102 80 200 120
-3.5921 -0.0426 0.6559 80 200 120
-3.3233 -0.8128 1.0064 80 200 120
-2.9110 -0.8726 1.0583 80 200 120
-4.5113 -0.6913 0.4643 80 200 120
-1.6552 -0.7673 0.2374 80 200 120
-2.6234 -1.9994 0.9178 80 200 120
-4.3162 0.6873 2.2765 80 200 120
-2.9588 0.8359 1.0405 80 200 120
-3.0995 -0.0835 0.0313 80 200 120
-2.5858 -2.0860 0.3531 80 200 120
-3.2752 -0.2240 0.7656 80 200 120
-2.4452 -0.2410 0.8907 80 200 120
-2.1917 -1.8872 0.5234 80 200 120
-5.0760 -1.1936 0.7624 80 200 120
-3.3019 -0.4479 1.5867 80 200 120
-2.8668 -1.0455 0.4097 80 200 120
-3.6959 -0.9814 0.8440 80 200 120
-3.3907 0.7129 1.5393 80 200 120
-2.8102 -1.0347 0.1741 80 200 120
-2.9391 -0.0915 0.9226 80 200 120
-4.4836 -0.3478 0.4558 80 200 120
-4.8114 0.1045 2.5173 80 200 120
-2.4929 -2.3694 0.3593 80 200 120
-4.1910 0.6730 0.6650 80 200 120
-3.2874 0.3717 0.7682 80 200 120
-2.9266 1.0398 1.0256 80 200 120
-3.1804 1.6647 1.1711 80 200 120
-2.4157 1.0720 0.4858 80 200 120
-2.4783 1.2606 0.2256 80 200 120
-2.4086 -4.5059 0.3782 80 200 120
3.3247 0.0768 2.6752 80 200 120
-0.1786 -1.9962 3.2941 80 200 120
1.7277 -0.5737 0.0435 80 200 120
2.1510 -5.4137 0.6429 80 200 120
-1.0077 -2.5508 2.7721 80 200 120
-0.4628 0.0094 2.0952 80 200 120
-2.6623 0.3246 3.7073 80 200 120
2.4969 -0.0973 0.8146 80 200 120
2.4384 0.2303 0.6460 80 200 120
1.5360 -2.8681 0.0449 80 200 120
3.4396 0.3621 1.9219 80 200 120
1.7658 -4.1863 0.0783 80 200 120
2.2256 0.2364 0.0352 80 200 120
3.3138 0.5553 0.2550 80 200 120
3.4993 0.6793 2.3126 80 200 120
3.0114 0.2124 3.1805 80 200 120
2.4375 -0.1073 3.2516 80 200 120
3.4538 0.6023 1.7007 80 200 120
-2.8678 -1.1250 1.3713 80 200 120
-2.3730 -1.2203 1.1041 80 200 120
-2.6437 -2.8816 3.1376 80 200 120
-2.2349 -3.3464 3.2069 80 200 120
4.1126 -1.6018 2.8264 80 200 120
2.4038 -4.7931 2.0715 80 200 120
1.9800 -4.8413 1.6512 80 200 120
0.6967 -2.3457 0.0076 80 200 120
-0.6550 -2.1523 0.0264 80 200 120
0.4061 -2.1062 0.0455 80 200 120
1.7062 -3.9987 3.1882 80 200 120
3.5083 -3.5725 1.7841 80 200 120
-0.5444 -1.8782 -0.0177 80 200 120
1.2580 -4.1480 1.5865 80 200 120
-0.2091 -1.8785 0.5230 80 200 120
-0.1412 -1.9666 0.1451 80 200 120
3.4757 -3.3737 2.2255 80 200 120
3.4158 -2.8526 2.0279 80 200 120
1.8366 -0.9961 0.0348 80 200 120
2.0435 -1.3707 0.0210 80 200 120
2.0573 -4.9193 2.3389 80 200 120
0.7616 -2.8775 1.3170 80 200 120
-1.2026 0.5454 0.0145 80 200 120
-2.6009 -2.5351 1.1626 80 200 120
-2.2035 -1.8833 1.1159 80 200 120
-2.4178 1.4842 0.2903 80 200 120
-2.4554 -2.9768 0.7892 80 200 120
-2.4538 -1.5727 0.7849 80 200 120
-2.4241 -1.6333 0.1838 80 200 120
-2.8564 0.5075 0.7497 80 200 120
-1.3791 0.7924 0.0243 80 200 120
-1.6913 -3.3094 -0.0357 80 200 120
-1.8755 -1.8427 0.0080 80 200 120
-2.1985 -0.2742 0.0256 80 200 120
-2.4263 -1.6745 0.4225 80 200 120
-3.3821 -0.7534 1.7154 80 200 120
-2.2090 -3.2301 0.4157 80 200 120
-2.9880 -0.1631 1.3575 80 200 120
-2.3079 -1.2055 0.2651 80 200 120
-2.9107 0.0048 1.1879 80 200 120
-2.5399 0.9053 0.6878 80 200 120
-3.2075 2.1666 0.8094 80 200 120
-3.0395 -0.8821 0.0505 80 200 120
-2.0715 -1.7735 0.0091 80 200 120
-1.8882 -3.1643 -0.1596 80 200 120
-2.9045 2.2178 0.2543 80 200 120
-3.1761 0.0667 0.8441 80 200 120
-2.4183 0.9346 0.1364 80 200 120
-3.2541 -0.5697 0.7654 80 200 120
2.0329 -0.1450 0.0665 80 200 120
3.2932 -2.4504 3.0587 80 200 120
3.4513 1.0739 1.9545 80 200 120
3.4373 1.2624 0.6099 80 200 120
2.4910 0.5526 0.0444 80 200 120
3.5615 1.1416 2.9695 80 200 120
2.0293 -0.4756 0.0632 80 200 120
2.6806 0.8842 3.1503 80 200 120
3.4633 1.2065 2.4523 80 200 120
-2.4561 -1.1007 0.8757 80 200 120
2.1037 -0.6617 3.9100 80 200 120
-3.3957 -2.7906 3.4646 80 200 120
-2.5635 0.1712 2.8572 80 200 120
-3.3952 -3.2658 3.0148 80 200 120
-3.0400 -0.1453 1.3848 80 200 120
-3.3890 -2.3479 2.6540 80 200 120
-3.5003 -1.2590 3.0111 80 200 120
-3.3004 -1.4167 1.8494 80 200 120
-2.3263 -1.4055 2.9448 80 200 120
-0.5214 -2.8340 3.4597 80 200 120
-3.4059 -2.9931 2.6162 80 200 120
1.2376 -1.3170 3.1265 80 200 120
0.9017 -0.4820 2.5032 80 200 120
-4.0156 -0.8488 3.1338 80 200 120
-1.0472 -1.7137 3.6950 80 200 120
-0.1639 -1.1925 3.2459 80 200 120
-1.6564 -1.7621 3.2284 80 200 120
-1.3102 -1.7986 3.1874 80 200 120
-3.8063 -1.8620 3.5309 80 200 120
-2.0130 -2.5619 2.9827 80 200 120
-1.4606 -1.2993 3.1664 80 200 120
-3.0095 -2.3460 3.5904 80 200 120
-3.4283 -0.3039 0.7542 80 200 120
-1.9318 -2.1504 3.0282 80 200 120
0.0100 -0.5256 2.9641 80 200 120
-0.8171 -2.4295 3.3436 80 200 120
-2.0388 -1.3087 3.1295 80 200 120
-0.6142 -1.4422 3.6508 80 200 120
-2.5339 -1.0765 3.0435 80 200 120
-0.5977 -0.8657 3.1810 80 200 120
0.0007 -0.9781 3.1621 80 200 120
1.0712 -0.2009 2.7448 80 200 120
-2.6854 -0.8904 0.7773 80 200 120
-1.6956 -0.7874 3.2957 80 200 120
-1.5318 -2.2754 2.7995 80 200 120
0.9142 -1.7721 3.5030 80 200 120
-0.1419 -2.3297 3.9871 80 200 120
-0.8283 -0.7374 3.3481 80 200 120
0.5399 -1.6056 2.8099 80 200 120
-0.3287 -1.7918 3.1123 80 200 120
-3.7647 -0.1752 2.0373 80 200 120
-3.1790 -2.5047 2.8403 80 200 120
-3.3473 -1.8997 2.6193 80 200 120
-3.9722 -0.8806 2.6713 80 200 120
0.7096 -0.6854 3.0490 80 200 120
-0.1357 -0.2789 2.5942 80 200 120
0.2071 -2.0871 3.0804 80 200 120
-2.7722 -0.7759 1.2165 80 200 120
-2.8221 -1.8988 1.6412 80 200 120
-1.4484 -1.0118 3.3591 80 200 120
-1.2014 -0.6846 3.5594 80 200 120
-2.3763 -0.5646 3.1828 80 200 120
-3.4595 -1.0697 1.8697 80 200 120
1.0236 -0.7899 2.1033 80 200 120
0.6780 -0.4367 3.0778 80 200 120
0.8748 -0.2874 2.8103 80 200 120
4.1466 -2.2091 7.2043 80 200 120
1.0710 -1.4756 2.6303 80 200 120
-0.2559 -1.8126 3.9572 80 200 120
-3.2412 -0.7001 1.6973 80 200 120
-2.3231 -0.3879 3.5643 80 200 120
-0.2682 -2.2301 3.3317 80 200 120
-1.2903 -1.5699 3.6190 80 200 120
0.8645 -2.0393 3.1102 80 200 120
-1.3305 -2.1248 3.0077 80 200 120
0.3017 -0.6116 3.5168 80 200 120
-3.0357 -1.0133 0.6171 80 200 120
-1.8859 -3.1784 3.4427 80 200 120
-0.4946 -0.1254 2.9864 80 200 120
1.0090 -0.7148 1.5725 80 200 120
-0.6095 -1.7539 3.1129 80 200 120
0.8323 -1.3098 3.9927 80 200 120
-2.8928 -0.5298 1.2759 80 200 120
-1.3088 -0.5472 3.0850 80 200 120
-1.0504 -1.0614 3.4120 80 200 120
-4.6953 0.4708 2.7312 80 200 120
-5.9817 -0.4245 0.4480 80 200 120
-2.7545 -0.4611 2.9188 80 200 120
-4.5547 -0.2907 3.0732 80 200 120
-2.3344 -0.0283 3.1920 80 200 120
-2.8724 0.0791 1.3104 80 200 120
-3.6041 -0.8578 0.4149 80 200 120
27.1652 -5.9267 37.0437 80 200 120
-2.9979 -0.7605 1.0257 80 200 120
-0.9821 -2.9359 3.1536 80 200 120
-3.6763 -0.0202 0.3567 80 200 120
1.8746 -0.3163 3.4083 80 200 120
-1.0201 -2.6070 2.6331 80 200 120
0.2445 -0.0382 2.5032 80 200 120
-0.6308 -0.0085 2.7193 80 200 120
-4.0931 -0.0425 0.7574 80 200 120
-3.6369 0.1311 2.8224 80 200 120
1.9948 -0.7194 3.0508 80 200 120
-0.7098 0.6164 2.4781 80 200 120
-2.4446 -0.9817 0.0488 80 200 120
-2.0472 -1.6624 0.0324 80 200 120
-2.9202 -0.6421 0.0381 80 200 120
-3.9148 3.0636 2.4187 80 200 120
-3.2250 1.2161 1.0967 80 200 120
2.2371 -4.9014 3.0670 80 200 120
3.3826 -4.1787 2.9748 80 200 120
3.2546 -4.7902 3.0129 80 200 120
2.1135 -0.6463 0.0656 80 200 120
2.5477 -0.8201 0.6920 80 200 120
2.4844 -0.5275 0.5162 80 200 120
2.3663 -0.6292 0.3187 80 200 120
3.4813 -2.3936 1.3350 80 200 120
3.4495 -1.9834 1.2234 80 200 120
2.8348 -1.9159 0.7699 80 200 120
0.4505 -2.2980 0.0114 80 200 120
0.1178 -1.2583 0.0376 80 200 120
1.8174 -0.4534 0.0309 80 200 120
-1.7616 -3.7161 0.6987 80 200 120
-4.8389 1.8853 2.8781 80 200 120
-3.8879 -0.0091 0.3720 80 200 120
-2.3719 -4.0154 0.4156 80 200 120
-3.3944 1.1304 1.6682 80 200 120
-3.1588 -0.5826 1.2612 80 200 120
-3.7305 -0.4655 0.6606 80 200 120
-3.8093 0.2387 0.5328 80 200 120
-3.6063 0.9102 0.3365 80 200 120
-2.5100 -0.9066 0.8106 80 200 120
-2.3786 -1.7241 1.1473 80 200 120
-2.0245 -1.1618 0.0272 80 200 120
-0.2269 0.0980 0.0131 80 200 120
-3.1161 1.8955 1.0372 80 200 120
-3.1550 1.5338 1.1311 80 200 120
-0.8813 -2.3505 0.0400 80 200 120
-3.9899 -0.4086 2.3091 80 200 120
-2.7743 0.2217 1.0680 80 200 120
-1.5709 -3.5340 0.2306 80 200 120
-4.0985 0.9876 2.4631 80 200 120
-3.2002 -0.2436 1.1819 80 200 120
-4.2192 2.8665 2.0139 80 200 120
-4.6618 2.4710 2.1206 80 200 120
0.0379 -0.0341 -0.0152 80 200 120
0.0727 -0.0390 -0.0120 80 200 120
0.3391 -0.0367 0.0059 80 200 120
2.1388 0.1861 0.0530 80 200 120
2.2135 -1.3205 0.0635 80 200 120
2.9361 1.1625 0.0834 80 200 120
3.5055 1.6637 0.5760 80 200 120
1.3500 -4.2336 1.2796 80 200 120
3.4150 0.7443 2.8471 80 200 120
1.6857 -3.9518 3.1897 80 200 120
0.5568 -3.0962 1.1125 80 200 120
3.4156 1.9362 3.2138 80 200 120
-3.0202 -0.1919 1.1154 80 200 120
-2.6559 0.4281 0.9125 80 200 120
-2.6182 0.3932 2.3296 80 200 120
-1.9728 0.3027 2.8338 80 200 120
-2.9320 0.1701 2.7572 80 200 120
-3.6966 0.7294 2.7651 80 200 120
-3.7540 0.3851 1.8776 80 200 120
-1.9227 -0.0781 3.1374 80 200 120
-1.3679 -3.5203 0.8770 80 200 120
-2.1457 -1.4067 0.0396 80 200 120
3.1557 -4.3605 0.4555 80 200 120
-1.5413 0.8879 3.2529 80 200 120
-1.0809 -2.7621 0.0330 80 200 120
1.6289 -3.7770 0.1026 80 200 120
-0.0885 -1.4911 0.0219 80 200 120
3.6475 -3.9104 2.9824 80 200 120
3.4230 -1.5961 1.6397 80 200 120
3.4463 -2.3760 1.9297 80 200 120
3.3052 -1.4708 1.3235 80 200 120
0.4602 -2.4831 0.6873 80 200 120
-1.0511 -2.9673 0.3903 80 200 120
2.1708 -0.8688 0.0243 80 200 120
-0.5810 -1.7650 -0.0354 80 200 120
-1.4563 -4.1184 0.5453 80 200 120
-2.2568 -3.8351 0.0818 80 200 120
-2.4658 -2.0464 1.2747 80 200 120
-2.5240 -2.8610 1.2382 80 200 120
-3.6481 -5.9954 1.2068 80 200 120
-2.5441 0.8474 0.3609 80 200 120
-0.8631 0.0342 -0.0199 80 200 120
-2.7204 0.3630 0.0501 80 200 120
-2.7784 -1.2734 1.5123 80 200 120
-2.3765 -3.4833 1.1653 80 200 120
-0.9678 0.2990 -0.0285 80 200 120
-1.3536 -1.0499 -0.0510 80 200 120
-0.3281 -0.8204 -0.0085 80 200 120
-0.6480 -0.3850 -0.0079 80 200 120
-3.8863 0.4310 0.3051 80 200 120
-0.7432 -0.2777 -0.0023 80 200 120
-0.5476 -1.8591 0.0334 80 200 120
-2.6735 -0.3766 0.0100 80 200 120
0.0154 -0.0395 -0.0013 80 200 120
-0.0111 -0.0430 0.0055 80 200 120
-0.5410 -0.5616 -0.0194 80 200 120
0.0442 -0.0450 0.0270 80 200 120
0.3187 -0.0405 0.0027 80 200 120
0.9055 -0.0356 -0.0078 80 200 120
0.2833 -0.0376 -0.0034 80 200 120
0.0970 -0.0261 -0.0429 80 200 120
1.7893 -0.2002 0.0451 80 200 120
1.0793 -0.2430 -0.0172 80 200 120
3.5047 -0.4841 0.3241 80 200 120
0.4647 -0.0392 -0.0049 80 200 120
0.3135 -0.0523 -0.0162 80 200 120
2.6787 1.4861 0.0607 80 200 120
3.5032 2.4504 1.9424 80 200 120
3.4634 2.1021 0.5398 80 200 120
2.8258 -2.8134 0.0904 80 200 120
3.2007 2.1738 0.0457 80 200 120
3.5167 2.8268 1.5830 80 200 120
1.7472 -5.1085 1.0171 80 200 120
3.3271 2.4681 3.1211 80 200 120
3.4328 2.5952 2.4020 80 200 120
2.9633 -3.5873 0.0755 80 200 120
2.5096 -1.7661 0.0391 80 200 120
-2.4877 -1.1192 0.8961 80 200 120
0.8143 0.0270 3.0883 80 200 120
-2.4000 -1.0610 0.6444 80 200 120
-4.0331 -0.0098 0.3725 80 200 120
-4.9364 1.0832 2.9670 80 200 120
-2.1349 0.3748 2.3653 80 200 120
-1.2046 -0.1462 2.7490 80 200 120
-2.7072 0.3326 0.0336 80 200 120
2.8438 -0.7559 3.1615 80 200 120
-6.4585 -1.5981 0.5425 80 200 120
-3.6144 -0.0469 0.6661 80 200 120
-4.8438 0.7004 0.4509 80 200 120
0.2637 -1.9052 0.4076 80 200 120
-2.5595 -1.0182 0.0465 80 200 120
-2.9715 -0.8964 0.0683 80 200 120
0.4526 -3.8053 2.1838 80 200 120
3.2635 -3.5453 0.4255 80 200 120
1.7038 -2.6541 0.1398 80 200 120
-3.4890 0.3614 1.8304 80 200 120
5.3503 -2.0041 3.5332 80 200 120
-3.0783 -1.2633 0.6491 80 200 120
2.1378 -2.1359 0.0720 80 200 120
0.3131 -2.0325 0.4694 80 200 120
2.1957 -3.3552 0.0964 80 200 120
2.3673 -0.8179 0.3916 80 200 120
-0.0437 -1.5393 0.0077 80 200 120
2.0034 -1.4394 0.0651 80 200 120
2.0563 -1.2677 0.0732 80 200 120
-1.2707 -2.8940 0.0401 80 200 120
-1.1172 -1.8140 -0.0520 80 200 120
-3.7529 -0.1440 2.0491 80 200 120
-0.8047 -0.3788 -0.0107 80 200 120
-2.6739 -1.8174 1.5261 80 200 120
-1.2348 -2.4207 -0.0051 80 200 120
-0.6271 -0.9378 0.0018 80 200 120
-2.7390 -1.5267 1.4668 80 200 120
-4.3609 -0.9915 0.3663 80 200 120
-0.0427 -0.6674 0.0009 80 200 120
-3.1007 -1.1576 1.7195 80 200 120
0.1153 -0.0249 -0.0528 80 200 120
0.1535 -0.0323 -0.0219 80 200 120
2.1346 -0.4125 0.1892 80 200 120
2.2200 0.1979 0.0241 80 200 120
3.4795 0.5842 0.2706 80 200 120
2.6762 0.2960 0.4610 80 200 120
-0.1565 -0.0168 -0.0887 80 200 120
2.5375 0.1245 0.2375 80 200 120
0.1009 -0.0385 0.0046 80 200 120
2.0947 0.0420 0.0276 80 200 120
1.0949 0.0483 0.0037 80 200 120
2.5011 -1.2227 0.0368 80 200 120
3.4249 3.3021 2.6891 80 200 120
2.2856 -0.2352 0.0145 80 200 120
2.8230 -2.4573 0.0835 80 200 120
2.2974 2.6796 0.6058 80 200 120
2.5363 3.2304 0.2897 80 200 120
0.5863 -1.2854 3.1227 80 200 120
1.2225 -1.2937 3.1198 80 200 120
-2.1770 -0.5212 0.1058 80 200 120
0.3612 -1.9382 0.3132 80 200 120
3.5426 -3.2246 1.4291 80 200 120
3.6231 -2.3142 2.8217 80 200 120
-3.3123 -1.4479 1.9475 80 200 120
-3.2323 0.5288 1.0125 80 200 120
0.6022 -2.3329 1.1412 80 200 120
1.5860 -5.4957 2.8499 80 200 120
0.1364 -1.4856 0.0353 80 200 120
2.8885 -0.7098 0.8489 80 200 120
-0.3135 -1.6250 0.2550 80 200 120
2.8243 -2.0088 0.5049 80 200 120
-3.2521 -0.9338 2.1382 80 200 120
-2.1873 -2.9768 0.0569 80 200 120
-2.2461 -2.5739 0.0561 80 200 120
-2.0021 -1.9862 0.0690 80 200 120
-3.4813 -0.5941 0.0037 80 200 120
-2.2038 -3.2120 0.4629 80 200 120
-1.5800 0.0268 -0.0374 80 200 120
-1.0245 0.1676 -0.0301 80 200 120
-3.4644 -0.3500 0.0816 80 200 120
-2.4724 -4.0367 0.4329 80 200 120
-0.9945 -0.2309 0.0142 80 200 120
-0.1963 -0.4685 -0.0019 80 200 120
-2.2911 -3.4240 1.1559 80 200 120
-0.3953 -1.8855 0.1689 80 200 120
-0.0530 -0.0453 0.0122 80 200 120
-0.2575 -0.9963 0.0056 80 200 120
-0.2992 -0.7609 -0.0050 80 200 120
-3.3269 0.7832 2.0018 80 200 120
2.9284 0.5552 0.0336 80 200 120
0.1951 -0.0358 -0.0032 80 200 120
3.4501 0.6982 0.5142 80 200 120
2.1515 -0.1313 0.1191 80 200 120
3.3559 0.7899 1.0126 80 200 120
0.2139 -0.0456 0.0174 80 200 120
3.5378 0.9659 0.7415 80 200 120
3.4621 1.1920 0.3276 80 200 120
3.3626 0.9056 0.1538 80 200 120
1.1191 -0.2486 -0.0126 80 200 120
1.2256 -0.0585 0.0133 80 200 120
2.9836 0.4638 0.6965 80 200 120
0.6761 -0.0911 -0.0078 80 200 120
0.5478 0.0065 0.0085 80 200 120
3.4420 1.2648 0.6042 80 200 120
1.3936 -0.2097 -0.0088 80 200 120
1.9744 -0.1378 -0.0137 80 200 120
0.4949 -0.0780 0.0014 80 200 120
3.2310 1.0305 0.8949 80 200 120
0.6674 0.0532 -0.0115 80 200 120
0.8976 -0.0496 0.0062 80 200 120
0.8552 -0.1901 -0.0069 80 200 120
2.2923 2.6533 0.0293 80 200 120
1.7911 2.3034 0.0792 80 200 120
3.1068 2.8981 0.0686 80 200 120
3.1738 3.5094 3.1999 80 200 120
2.9927 2.3926 0.0799 80 200 120
1.7910 -3.2530 0.0747 80 200 120
-2.4684 -1.4520 1.1629 80 200 120
-1.9201 -0.2862 0.1217 80 200 120
20.7657 1.3407 15.7347 80 200 120
-0.1511 -0.0062 2.5213 80 200 120
0.8039 -1.7425 3.1650 80 200 120
-2.0800 -4.7194 2.9161 80 200 120
-0.7770 -2.3139 0.0230 80 200 120
3.1985 -3.4908 0.4316 80 200 120
0.4283 -2.6798 0.7463 80 200 120
-2.1656 -1.9481 0.0653 80 200 120
-1.5445 -3.4700 0.1145 80 200 120
3.9265 -1.3366 2.7168 80 200 120
3.4467 -1.4789 1.3303 80 200 120
0.8524 -2.9539 0.8863 80 200 120
-1.0903 -2.9062 0.0564 80 200 120
-0.4571 -1.7155 -0.0007 80 200 120
-0.4198 -1.8124 0.4286 80 200 120
0.3252 -3.0136 0.2669 80 200 120
-1.2293 -3.2664 0.8453 80 200 120
-0.0249 -1.6031 0.4749 80 200 120
0.0740 -1.4930 0.5502 80 200 120
-2.8615 -2.5043 1.8487 80 200 120
-2.5240 -2.8935 1.5944 80 200 120
-0.7001 -2.1424 0.0435 80 200 120
-2.0404 -4.3141 0.2723 80 200 120
-3.1327 1.3200 1.2933 80 200 120
-1.9518 -4.4342 0.6333 80 200 120
-3.6056 1.4421 2.1504 80 200 120
-0.9385 -2.4032 0.1078 80 200 120
-2.7079 -1.4915 1.5223 80 200 120
-0.4706 -0.4918 0.0001 80 200 120
-2.6807 -5.2668 1.1744 80 200 120
0.7279 0.0707 0.0207 80 200 120
2.2925 -0.4146 0.0033 80 200 120
3.4432 1.5346 1.1468 80 200 120
1.8691 0.5805 0.0224 80 200 120
3.4640 1.5740 0.7256 80 200 120
0.9339 0.1852 0.0280 80 200 120
0.5878 -0.1829 0.0173 80 200 120
0.4625 -0.0493 -0.0142 80 200 120
3.2204 1.3243 1.4689 80 200 120
1.5321 0.2901 -0.0134 80 200 120
0.9221 0.0996 0.0058 80 200 120
0.5893 -0.1096 0.0041 80 200 120
0.7767 -0.0962 -0.0024 80 200 120
0.3854 -0.1736 -0.0456 80 200 120
1.7412 2.7761 0.0724 80 200 120
1.7857 3.3895 0.5972 80 200 120
1.7710 2.8193 0.4185 80 200 120
-0.4693 -4.6421 2.9854 80 200 120
1.7708 3.7370 0.0639 80 200 120
1.7127 -0.5185 3.2052 80 200 120
1.1982 -0.6388 3.3730 80 200 120
2.2857 0.1726 2.9005 80 200 120
-2.5629 -0.1743 0.0721 80 200 120
1.6687 0.4234 1.8181 80 200 120
0.2086 -0.0695 0.3422 80 200 120
0.4612 -2.4536 0.0301 80 200 120
2.2023 -3.0756 0.1300 80 200 120
1.1080 -3.3166 0.1197 80 200 120
0.6714 -2.1426 0.0521 80 200 120
3.4240 -4.5488 1.9782 80 200 120
2.6239 -1.6002 0.0421 80 200 120
0.8453 -1.3209 0.0028 80 200 120
0.6047 -1.1846 -0.0135 80 200 120
2.7171 -1.9424 0.0117 80 200 120
2.0682 -0.2323 0.0439 80 200 120
2.9856 -2.5166 0.0445 80 200 120
1.9306 -4.1853 2.6417 80 200 120
3.4109 -1.7095 1.5561 80 200 120
2.0569 -0.4674 0.0510 80 200 120
3.3693 -1.2301 1.0249 80 200 120
2.6872 -4.7948 0.2182 80 200 120
-0.3731 -1.7234 0.3358 80 200 120
-3.0890 -1.9374 2.0798 80 200 120
-0.4524 -1.4809 -0.0032 80 200 120
-0.1928 -1.2047 0.0224 80 200 120
-0.2826 -0.7314 0.0055 80 200 120
-2.8771 0.3497 0.0341 80 200 120
-1.4152 -0.0085 -0.0155 80 200 120
-1.5536 -0.1498 -0.0093 80 200 120
-0.7136 -2.2125 0.3915 80 200 120
-2.4661 -3.3478 1.1171 80 200 120
-0.3463 -1.7252 0.1811 80 200 120
-0.0661 -0.7922 0.0001 80 200 120
-0.1995 -0.8602 0.0160 80 200 120
-4.7377 -7.4689 1.8085 80 200 120
-0.1111 -0.0169 0.0847 80 200 120
0.0241 -0.0305 -0.0151 80 200 120
-1.1769 0.0687 -0.0032 80 200 120
-1.3737 -1.4630 -0.0234 80 200 120
-2.0557 -0.8365 -0.1100 80 200 120
-0.5781 -0.2634 0.0102 80 200 120
-0.7125 -1.3950 0.0015 80 200 120
-0.4814 -0.2016 -0.0002 80 200 120
-0.5151 -0.7098 0.0112 80 200 120
-0.9631 -1.0010 -0.0188 80 200 120
2.1879 -0.5575 0.0254 80 200 120
3.4633 1.5390 0.3553 80 200 120
0.7171 0.1425 0.0036 80 200 120
1.1280 0.3491 -0.0161 80 200 120
0.8622 0.0152 0.0040 80 200 120
1.5261 0.5849 0.0189 80 200 120
0.8646 0.2138 0.0075 80 200 120
1.4973 0.1767 -0.0306 80 200 120
3.4198 1.8796 1.0920 80 200 120
0.8689 -0.2759 -0.0083 80 200 120
3.4329 1.3685 0.9492 80 200 120
1.4461 0.0471 -0.0025 80 200 120
3.3031 1.1530 1.2913 80 200 120
3.0398 0.9277 2.6268 80 200 120
3.2330 0.6680 2.3909 80 200 120
1.0539 0.2058 1.3329 80 200 120
-0.4545 0.0041 1.6667 80 200 120
2.4124 0.4948 2.2300 80 200 120
2.9292 0.7744 1.9264 80 200 120
2.6771 0.1849 2.8602 80 200 120
2.3616 0.0388 3.3428 80 200 120
-2.3189 -1.1798 1.1143 80 200 120
-0.5108 -2.7593 3.3679 80 200 120
2.6021 0.2668 2.4777 80 200 120
3.9813 0.1666 3.1412 80 200 120
-2.0684 -0.9758 0.0675 80 200 120
2.9888 -2.9207 0.0543 80 200 120
-1.5537 -2.8032 0.0985 80 200 120
-1.9634 -3.8715 0.0277 80 200 120
2.5428 -1.2490 0.0189 80 200 120
1.6715 -4.1160 0.0699 80 200 120
2.6296 -3.7545 0.0493 80 200 120
0.3935 -1.4890 0.0003 80 200 120
0.5557 -2.0124 1.0258 80 200 120
-0.4767 -1.8676 0.5891 80 200 120
-2.6157 -3.4339 1.7134 80 200 120
-1.8163 -1.4765 0.0883 80 200 120
-4.0998 0.5416 2.4619 80 200 120
-0.1318 -1.6013 0.0374 80 200 120
-2.2331 -3.8064 1.4186 80 200 120
-2.4994 -3.6692 1.5721 80 200 120
-0.0707 -0.0370 0.0514 80 200 120
-3.5861 0.7675 2.1443 80 200 120
0.0222 -1.5372 0.0397 80 200 120
3.2739 0.7318 1.2644 80 200 120
2.9277 1.6335 0.0506 80 200 120
3.4082 2.0518 0.5196 80 200 120
1.9116 1.0003 -0.0232 80 200 120
2.6184 0.6567 -0.0340 80 200 120
1.1017 -0.2234 -0.0082 80 200 120
1.0853 -0.0882 -0.0192 80 200 120
0.5715 0.1016 0.0007 80 200 120
0.7636 0.1063 0.0030 80 200 120
2.5804 0.1038 0.6740 80 200 120
3.4507 1.9755 1.4285 80 200 120
2.2155 -0.2482 -0.0287 80 200 120
3.4389 2.3268 1.3274 80 200 120
3.3901 2.2435 0.7923 80 200 120
1.0554 0.1732 0.0174 80 200 120
3.0890 1.3919 -0.0010 80 200 120
3.5453 2.4606 0.3054 80 200 120
2.8628 1.9206 -0.0618 80 200 120
3.4382 2.8016 1.9175 80 200 120
0.9115 -0.1316 -0.0088 80 200 120
1.1637 0.5367 0.0000 80 200 120
3.4241 1.6897 1.5507 80 200 120
0.6488 0.1079 -0.0008 80 200 120
0.2619 -0.0405 0.0084 80 200 120
1.6400 2.5647 0.0950 80 200 120
1.9482 2.5392 0.0577 80 200 120
3.3110 -0.2821 3.0221 80 200 120
-3.2709 -0.0323 0.3317 80 200 120
2.7104 0.7756 1.5555 80 200 120
-3.3486 -4.8944 4.5848 80 200 120
3.4061 -2.5544 3.0875 80 200 120
1.2420 -4.2193 2.2684 80 200 120
0.6334 -2.4581 1.1730 80 200 120
0.3613 -2.9950 0.2220 80 200 120
-2.2948 -1.2433 0.0362 80 200 120
0.3355 -1.8402 0.0104 80 200 120
2.3729 -0.5695 0.0115 80 200 120
0.3436 -2.1078 0.4356 80 200 120
-2.4114 -2.7772 0.0397 80 200 120
2.7968 -4.7553 3.0248 80 200 120
3.5816 -3.7628 2.9590 80 200 120
-3.5736 -1.4897 2.5046 80 200 120
-0.7625 -1.2702 0.0019 80 200 120
-2.3956 -3.5229 0.8404 80 200 120
-0.5353 -0.3815 -0.0051 80 200 120
-2.3053 -1.3321 0.0490 80 200 120
-1.1912 -2.8558 0.1054 80 200 120
-1.2753 -0.6972 -0.0137 80 200 120
-1.2732 -0.4759 -0.0443 80 200 120
0.1870 -1.1848 -0.0039 80 200 120
-3.3487 -0.4118 0.0214 80 200 120
-0.1294 -1.2090 -0.0439 80 200 120
-0.4246 -1.5954 -0.0325 80 200 120
-0.2924 -0.7444 0.0036 80 200 120
-0.4633 -1.0125 -0.0080 80 200 120
-0.7163 -2.2822 0.4478 80 200 120
-0.2040 -1.2728 0.0146 80 200 120
-0.9089 -0.7983 -0.0179 80 200 120
4.7357 2.6395 2.6238 80 200 120
3.5092 2.4604 1.9440 80 200 120
1.2865 0.7639 0.0095 80 200 120
3.4773 3.2987 2.5673 80 200 120
3.4888 2.5865 1.0374 80 200 120
3.1146 2.4194 0.0117 80 200 120
3.4553 2.7571 1.5346 80 200 120
3.3883 3.4421 1.9448 80 200 120
3.4878 2.9215 0.7158 80 200 120
2.2896 -0.5066 0.1359 80 200 120
1.5734 1.2758 0.0136 80 200 120
3.1964 3.0447 0.0879 80 200 120
3.4926 3.8997 1.2135 80 200 120
3.4267 3.2980 1.4625 80 200 120
3.3223 1.1740 0.0169 80 200 120
3.4320 3.6065 0.6308 80 200 120
2.6438 0.3089 0.0098 80 200 120
2.9554 -2.1929 0.0517 80 200 120
3.2484 1.3007 0.0183 80 200 120
3.5678 3.4795 2.2376 80 200 120
1.8875 -4.8095 3.1348 80 200 120
2.9722 0.5829 0.0908 80 200 120
2.6646 -1.5397 0.0661 80 200 120
1.5112 -0.2418 2.7572 80 200 120
-3.3036 -0.7289 0.8379 80 200 120
-2.4071 -3.1482 2.8512 80 200 120
-2.3462 -0.9836 1.0016 80 200 120
-2.4441 -1.2209 1.1504 80 200 120
-0.5203 -0.0251 2.6109 80 200 120
0.1235 -0.4065 3.3275 80 200 120
-2.5853 -1.4322 1.3921 80 200 120
2.5764 -0.2023 2.7644 80 200 120
3.0961 0.0058 2.7909 80 200 120
-0.7642 -0.1479 2.7256 80 200 120
2.1382 -0.1355 2.7024 80 200 120
-2.5551 -1.1078 0.0487 80 200 120
-2.9548 -1.2620 0.4541 80 200 120
1.2072 -4.1699 0.0836 80 200 120
0.5659 -2.6883 0.3550 80 200 120
0.3406 -1.9592 0.5002 80 200 120
0.3599 -2.5615 1.2832 80 200 120
0.4709 -2.3264 0.0388 80 200 120
0.7115 -2.2811 0.0489 80 200 120
3.4251 -4.8800 0.9746 80 200 120
0.2156 -4.6117 3.2116 80 200 120
2.3466 -5.0614 0.8931 80 200 120
-3.5058 0.3658 1.8327 80 200 120
2.2536 0.1411 0.4299 80 200 120
2.3525 -0.7287 0.0236 80 200 120
2.9773 0.5690 0.0983 80 200 120
0.3345 -2.5463 0.8917 80 200 120
1.2360 -3.9882 -0.0006 80 200 120
2.4800 0.2500 0.0375 80 200 120
2.2365 -4.8217 3.0400 80 200 120
1.6563 -4.9193 1.8891 80 200 120
1.4444 -4.7565 2.4738 80 200 120
-2.2096 -3.3697 0.6152 80 200 120
3.4890 -0.6340 1.1150 80 200 120
2.8094 0.6839 0.0217 80 200 120
-0.9190 -2.4452 0.0012 80 200 120
-1.0447 -2.8374 0.7620 80 200 120
0.0232 -0.0459 0.0164 80 200 120
-2.3778 -3.1478 1.6179 80 200 120
-0.4663 -0.5100 -0.0036 80 200 120
-1.6352 -2.5156 -0.0297 80 200 120
-0.6925 -0.3794 -0.0003 80 200 120
-3.6912 -0.7648 2.4335 80 200 120
-2.3691 -3.9390 1.5107 80 200 120
-1.1894 -0.2470 -0.0101 80 200 120
-2.1209 -0.8191 -0.0588 80 200 120
-2.2239 -1.7653 0.0485 80 200 120
0.1298 -0.0569 0.0649 80 200 120
-0.0332 -0.0489 0.1169 80 200 120
-0.2723 -1.0194 0.0088 80 200 120
-0.0126 -0.0521 0.0297 80 200 120
-0.3600 -1.7767 0.1644 80 200 120
-0.5452 -1.4419 -0.0056 80 200 120
2.3235 2.7001 0.0541 80 200 120
2.3454 2.7326 0.5984 80 200 120
3.3387 4.7313 2.3039 80 200 120
3.3430 4.7175 3.0212 80 200 120
3.4304 4.3317 2.5552 80 200 120
2.8663 0.3482 0.0982 80 200 120
3.4259 0.9073 1.3193 80 200 120
3.4371 4.1299 1.8045 80 200 120
1.3153 1.1885 -0.0006 80 200 120
3.5453 3.0593 1.1893 80 200 120
1.7731 2.7005 0.0306 80 200 120
1.7812 3.2115 0.6000 80 200 120
1.9611 2.8321 0.6830 80 200 120
1.7701 2.7741 0.3885 80 200 120
0.3183 -0.0380 0.0404 80 200 120
3.3743 4.5893 1.4333 80 200 120
2.4064 4.9388 1.9007 80 200 120
2.7034 5.0554 2.9513 80 200 120
1.9528 2.6412 0.1659 80 200 120
2.0527 -0.0738 -0.0346 80 200 120
1.8347 4.0712 0.0410 80 200 120
1.4969 4.4186 0.0012 80 200 120
3.5582 2.5854 2.4199 80 200 120
1.5696 4.9247 0.4760 80 200 120
1.2916 -0.0655 0.0026 80 200 120
3.1721 0.3941 1.0601 80 200 120
1.8735 4.9823 1.5985 80 200 120
1.9297 1.2915 0.0263 80 200 120
3.4834 -3.6351 1.7628 80 200 120
2.3746 -0.5729 0.0316 80 200 120
2.5985 -1.2732 0.0190 80 200 120
2.0851 2.7444 0.6839 80 200 120
3.2982 2.6043 0.0479 80 200 120
2.6006 3.3526 3.3437 80 200 120
1.7279 2.7079 3.2376 80 200 120
3.7213 5.1448 3.1312 80 200 120
0.4540 5.0016 2.0528 80 200 120
-2.1885 -3.3503 3.2511 80 200 120
-2.4784 -3.6284 1.6730 80 200 120
1.0667 -3.9933 2.9301 80 200 120
-0.9133 -4.0962 3.2236 80 200 120
3.3766 -4.8186 1.5403 80 200 120
-0.4383 -1.6916 0.0085 80 200 120
1.1021 -4.2615 0.4362 80 200 120
-3.3634 -1.0132 0.0942 80 200 120
1.6978 -3.8925 0.1109 80 200 120
3.6765 -3.3329 1.4846 80 200 120
2.2614 -4.8593 0.3787 80 200 120
3.4478 -2.1934 2.6781 80 200 120
3.0280 -4.0870 0.3871 80 200 120
2.4092 -3.4759 0.1089 80 200 120
0.4335 -2.4486 3.0776 80 200 120
2.2757 -4.2211 3.0143 80 200 120
2.6953 -3.9935 3.0341 80 200 120
3.4858 -2.9786 2.6599 80 200 120
-2.5327 -4.1013 0.8875 80 200 120
-2.4011 -3.4032 -0.0231 80 200 120
-0.7926 -0.5560 0.0014 80 200 120
-2.1938 -1.5559 -0.0973 80 200 120
-3.2108 -2.1710 1.8509 80 200 120
-0.4429 -1.6477 0.0065 80 200 120
-0.7230 -2.5288 0.3015 80 200 120
-1.0060 -2.0665 -0.0191 80 200 120
-0.1053 -1.0721 -0.0113 80 200 120
-1.9810 -2.5538 -0.1243 80 200 120
0.1559 -1.5915 0.0385 80 200 120
-2.7850 -4.5953 0.8832 80 200 120
2.8336 3.2645 0.3393 80 200 120
1.1362 4.8794 1.9119 80 200 120
0.6222 5.0172 0.9545 80 200 120
0.9045 2.0525 0.0275 80 200 120
0.5624 1.7386 0.0187 80 200 120
0.8703 1.3151 0.0188 80 200 120
0.4096 1.0296 0.0023 80 200 120
0.7754 4.6246 1.9374 80 200 120
2.8286 4.8815 2.2517 80 200 120
1.6504 5.1621 2.5238 80 200 120
3.4308 1.4372 1.5484 80 200 120
0.8847 5.0158 0.5339 80 200 120
1.4483 4.8920 1.9579 80 200 120
0.5244 1.2799 -0.0046 80 200 120
0.8818 1.0316 0.0067 80 200 120
1.3245 1.6622 -0.0156 80 200 120
1.7864 3.2916 0.6018 80 200 120
1.7332 2.7363 0.4154 80 200 120
3.1263 0.9676 0.0968 80 200 120
3.3088 1.7401 0.0528 80 200 120
-3.5263 -2.7635 2.4177 80 200 120
0.2111 -0.9217 3.1872 80 200 120
-0.6506 2.4201 0.0197 80 200 120
1.9713 4.3118 0.0338 80 200 120
-0.2361 2.7484 0.1060 80 200 120
0.0800 4.4988 0.0286 80 200 120
-2.4584 1.8181 0.1241 80 200 120
-1.2402 1.0506 0.0338 80 200 120
-2.9853 0.3634 0.0637 80 200 120
2.4900 2.8604 0.6251 80 200 120
-0.4761 2.5298 0.0546 80 200 120
-0.3884 2.6746 1.1541 80 200 120
1.7192 2.9710 0.6070 80 200 120
-1.0823 1.0764 0.0096 80 200 120
-0.1923 2.4202 0.6357 80 200 120
-0.5812 1.5045 0.0336 80 200 120
-0.6715 2.3187 1.0818 80 200 120
3.3265 3.4627 3.0972 80 200 120
-3.2784 3.6082 3.2434 80 200 120
-0.6382 2.3594 0.8288 80 200 120
-2.4842 1.4600 0.0254 80 200 120
-0.6091 1.7268 0.9971 80 200 120
-3.3754 4.3759 3.1561 80 200 120
-3.0995 1.8582 1.0277 80 200 120
-3.0133 0.4572 0.9190 80 200 120
1.1685 2.5379 3.2094 80 200 120
-0.6198 2.6509 0.4177 80 200 120
-2.5794 -1.0626 1.0015 80 200 120
-1.2819 4.6231 3.1699 80 200 120
-2.1714 1.0980 3.2987 80 200 120
2.5517 3.2400 3.2369 80 200 120
-3.1558 0.4060 3.3292 80 200 120
1.9953 3.9703 0.3537 80 200 120
-3.5995 0.7889 2.1224 80 200 120
-2.8136 2.0409 1.0289 80 200 120
-3.5444 2.7504 2.2468 80 200 120
-0.4641 2.9439 0.2193 80 200 120
3.4540 3.4605 2.0288 80 200 120
-3.7245 0.7172 2.8738 80 200 120
-2.9114 0.9110 0.9785 80 200 120
1.5694 4.2588 3.1545 80 200 120
-0.6172 1.7557 0.5824 80 200 120
3.4405 4.7856 2.2382 80 200 120
-2.6069 5.0390 3.1437 80 200 120
-0.0306 2.7975 2.2811 80 200 120
-2.8418 -3.1301 3.3663 80 200 120
1.0852 -3.4546 0.8018 80 200 120
3.4156 -4.1918 3.0727 80 200 120
-0.2301 -4.8381 3.0838 80 200 120
-3.8246 -0.8343 0.0226 80 200 120
-0.7782 -3.5923 1.9482 80 200 120
1.7594 -5.0241 0.4494 80 200 120
0.3440 -2.8196 0.0240 80 200 120
0.0899 -4.1698 2.2334 80 200 120
2.2770 -4.9639 0.3259 80 200 120
1.5940 -4.9875 1.1694 80 200 120
3.5279 -2.6159 2.6012 80 200 120
-2.3426 -2.7134 0.0395 80 200 120
-2.4370 -3.5251 0.2843 80 200 120
2.5182 -0.8028 0.6555 80 200 120
-2.3942 -3.5923 0.5728 80 200 120
-0.1071 -1.6178 0.0259 80 200 120
0.1222 -1.6221 0.0199 80 200 120
0.6211 -2.0537 0.9442 80 200 120
-0.4488 -1.6964 0.0146 80 200 120
0.3153 -2.4576 0.6023 80 200 120
0.4185 -1.4769 0.0067 80 200 120
0.0571 -1.4215 -0.0062 80 200 120
-0.1081 -1.7523 0.2904 80 200 120
0.3694 -0.9421 -0.0041 80 200 120
0.2212 -1.1555 -0.0018 80 200 120
-0.1787 -0.8354 0.0070 80 200 120
0.0075 -1.1469 -0.0204 80 200 120
-2.3819 -3.9548 1.4812 80 200 120
-2.6741 -3.8403 1.6852 80 200 120
-0.5892 -2.0520 0.5811 80 200 120
-1.8356 -3.8050 0.0824 80 200 120
-2.7271 -3.1340 1.7872 80 200 120
-0.0584 -0.0379 0.0441 80 200 120
-1.3280 -1.6327 -0.0211 80 200 120
2.2114 0.7431 0.0055 80 200 120
3.4761 4.2468 3.1107 80 200 120
1.1210 2.1559 0.0006 80 200 120
0.6696 1.6399 0.0033 80 200 120
2.3281 0.2210 0.6268 80 200 120
2.4081 -0.6223 -0.0046 80 200 120
4.0819 0.5768 1.2697 80 200 120
0.4027 1.7983 0.0142 80 200 120
2.2105 5.0800 3.2650 80 200 120
2.2719 -0.1211 0.1018 80 200 120
3.2556 0.3053 0.2864 80 200 120
1.0597 4.5282 0.0942 80 200 120
0.3229 0.5382 0.0352 80 200 120
0.6432 4.6520 0.0899 80 200 120
2.4313 -0.4414 -0.0126 80 200 120
0.4494 4.6945 2.0010 80 200 120
1.6462 4.6004 2.8355 80 200 120
1.7645 -0.2442 -0.0175 80 200 120
0.5350 4.4895 2.4181 80 200 120
0.4043 -4.2624 2.9298 80 200 120
3.2853 -3.2496 0.0798 80 200 120
1.1998 2.6941 3.2973 80 200 120
2.6292 -1.2872 0.0065 80 200 120
2.4511 0.0714 0.6759 80 200 120
2.9431 0.6464 0.1215 80 200 120
0.9851 -4.0378 2.1995 80 200 120
2.7144 -1.5034 0.0658 80 200 120
2.8245 4.9368 2.2263 80 200 120
-0.6223 1.9712 0.0003 80 200 120
3.5137 2.4524 1.9341 80 200 120
3.4510 3.3220 2.6745 80 200 120
1.6608 2.4360 0.4391 80 200 120
3.4707 2.7148 1.5756 80 200 120
-2.7009 0.5006 0.0236 80 200 120
0.1438 2.2675 0.0624 80 200 120
-2.2857 0.6506 0.0767 80 200 120
2.8065 -4.8827 1.2646 80 200 120
0.1856 -3.9214 3.2118 80 200 120
-0.7282 -2.2215 3.1541 80 200 120
-2.5621 -3.8323 1.1580 80 200 120
0.0695 -3.1339 3.1863 80 200 120
-2.2709 -2.5724 0.0394 80 200 120
-2.3869 -2.8603 1.0350 80 200 120
1.1791 -4.2603 0.0830 80 200 120
3.3876 -3.1894 2.0747 80 200 120
2.0585 -4.8683 0.0966 80 200 120
3.7444 -5.1638 1.1387 80 200 120
0.4623 -2.3442 0.5580 80 200 120
3.5997 -3.2952 1.4360 80 200 120
-1.5685 -3.8608 0.1232 80 200 120
3.4147 -2.5259 3.1553 80 200 120
3.4295 -3.5885 1.7260 80 200 120
2.8078 -1.5356 3.3172 80 200 120
0.7268 -2.3569 0.0381 80 200 120
-2.1961 -1.8473 -0.0850 80 200 120
0.3227 -2.1052 0.9662 80 200 120
0.2989 -2.1464 0.8330 80 200 120
0.5031 -2.9783 1.0042 80 200 120
0.5753 -2.4168 1.2346 80 200 120
0.3016 -2.0192 -0.0317 80 200 120
-0.4595 -1.9380 0.3070 80 200 120
2.4698 0.2440 0.0334 80 200 120
3.0814 0.8329 0.0846 80 200 120
2.2891 -0.1733 0.0607 80 200 120
-0.5165 -1.9197 0.5649 80 200 120
2.0555 -1.8531 -0.0239 80 200 120
-1.8382 -0.8678 0.7905 80 200 120
-2.0599 -5.0162 1.2073 80 200 120
-0.8360 -0.2317 0.0089 80 200 120
-0.1049 -1.6240 0.0266 80 200 120
-2.8473 -0.7027 0.3600 80 200 120
-1.9377 -0.5811 -0.0129 80 200 120
0.2880 -1.0515 0.0303 80 200 120
-3.5738 -1.5714 2.2392 80 200 120
-0.0550 -0.0468 0.1417 80 200 120
-2.7903 -3.5415 1.7686 80 200 120
0.1341 -1.2371 -0.0076 80 200 120
-0.0250 -0.5451 0.0215 80 200 120
-2.5570 -0.9879 1.2949 80 200 120
-1.6894 -1.3044 -0.0196 80 200 120
3.4438 3.6172 3.0052 80 200 120
1.3912 4.9748 1.4715 80 200 120
1.7007 -0.1163 0.0259 80 200 120
1.3611 0.4376 -0.0114 80 200 120
1.3714 0.7032 0.0128 80 200 120
0.3165 0.3591 -0.0095 80 200 120
2.1163 0.8938 -0.0082 80 200 120
0.3179 0.4154 0.0071 80 200 120
0.9597 0.6345 -0.0001 80 200 120
1.5837 0.4426 0.0095 80 200 120
1.7457 -0.7837 -0.0124 80 200 120
0.2606 0.9705 -0.0549 80 200 120
1.3726 0.6059 0.0050 80 200 120
0.3234 0.2911 -0.0078 80 200 120
2.7570 -1.9310 0.5689 80 200 120
3.4215 -3.1594 1.4520 80 200 120
2.6055 0.2890 0.0342 80 200 120
-0.4469 -4.6481 3.0109 80 200 120
1.8468 5.2350 0.0021 80 200 120
0.8836 4.3240 0.0905 80 200 120
1.3055 4.9304 0.0748 80 200 120
3.4410 4.6169 2.9175 80 200 120
2.3237 4.7331 3.0793 80 200 120
0.5594 -4.1239 2.8250 80 200 120
-0.4536 -2.5373 3.1812 80 200 120
-0.7864 -1.3743 3.1079 80 200 120
-1.5696 -0.7313 3.1830 80 200 120
0.2926 -2.3366 0.9153 80 200 120
0.3055 -2.7416 0.5472 80 200 120
3.4576 -3.9705 1.0982 80 200 120
-1.7980 -2.6079 3.2465 80 200 120
0.4539 -2.2928 0.0716 80 200 120
-2.3663 -1.0804 0.0426 80 200 120
-0.4314 -1.6709 0.0346 80 200 120
-0.8053 -2.3166 0.0543 80 200 120
-3.3178 0.2559 1.7732 80 200 120
3.5892 -2.1200 1.8765 80 200 120
2.3756 -4.8468 0.7550 80 200 120
3.4111 -1.8151 0.8605 80 200 120
1.9907 -4.9282 0.7652 80 200 120
-1.1269 -3.0844 1.2790 80 200 120
-2.3978 -2.7398 0.0450 80 200 120
-2.2232 -3.6653 0.0196 80 200 120
2.1538 -0.3118 0.0782 80 200 120
0.3011 -2.1020 1.1748 80 200 120
-2.4209 -5.1840 1.6587 80 200 120
-2.1279 -1.7223 0.1015 80 200 120
-0.2167 -1.5292 0.0456 80 200 120
0.2286 -1.4186 0.0163 80 200 120
-1.9482 -0.8075 -0.0607 80 200 120
0.2747 0.8438 -0.0758 80 200 120
1.5196 2.5983 -0.0627 80 200 120
0.3533 2.8850 -0.0272 80 200 120
1.8643 0.0502 0.0117 80 200 120
-0.0917 4.8561 -0.0214 80 200 120
2.1562 1.9992 0.0027 80 200 120
0.8545 2.9850 -0.0310 80 200 120
2.6917 4.9846 1.0619 80 200 120
2.7750 5.6263 3.8536 80 200 120
3.4748 2.6022 2.2993 80 200 120
1.7603 0.4201 0.0113 80 200 120
3.3304 1.8423 0.0279 80 200 120
3.1360 0.5696 0.0515 80 200 120
3.1600 -2.6671 0.1128 80 200 120
3.3706 3.4078 0.0287 80 200 120
2.4033 2.7889 0.6162 80 200 120
2.0477 2.7268 0.6444 80 200 120
3.4479 2.4220 1.9499 80 200 120
3.3067 0.7922 2.7003 80 200 120
1.6959 -0.5037 3.1185 80 200 120
3.4310 3.8098 1.2265 80 200 120
3.3933 2.4663 3.1232 80 200 120
1.1614 5.1899 2.0109 80 200 120
0.5646 4.3721 3.1538 80 200 120
3.5180 3.3843 1.4967 80 200 120
1.3850 3.4843 3.2044 80 200 120
1.6620 4.7750 1.2508 80 200 120
2.9216 4.3024 3.1517 80 200 120
3.3059 1.9176 3.0298 80 200 120
0.2598 2.6835 3.1373 80 200 120
3.3123 4.3460 1.2742 80 200 120
3.2664 4.4988 1.6914 80 200 120
0.5282 4.9882 2.6457 80 200 120
0.8140 2.3539 3.2542 80 200 120
2.3321 4.1062 0.9285 80 200 120
2.9168 5.0862 2.3273 80 200 120
2.6913 2.5386 3.2272 80 200 120
3.4129 3.0014 3.1317 80 200 120
3.0884 0.3584 2.8541 80 200 120
3.4345 2.5936 2.4760 80 200 120
0.4553 3.4492 3.1599 80 200 120
2.6659 0.8419 3.1823 80 200 120
1.5634 4.9184 2.4083 80 200 120
3.1486 0.6779 2.8645 80 200 120
2.0030 2.9261 3.1653 80 200 120
1.9091 4.9488 2.8580 80 200 120
1.5536 1.6112 3.2202 80 200 120
1.8940 4.0363 3.1948 80 200 120
1.6282 0.9704 3.2252 80 200 120
3.4111 0.8777 2.4848 80 200 120
1.8226 3.9258 0.7990 80 200 120
1.1607 -0.5799 3.1754 80 200 120
0.9120 5.0594 0.5202 80 200 120
1.6431 5.2273 1.9404 80 200 120
3.3600 2.1003 2.2114 80 200 120
2.9942 0.2364 3.1716 80 200 120
1.4832 4.9272 0.5497 80 200 120
1.9017 3.4587 3.2215 80 200 120
3.0122 0.6735 3.1285 80 200 120
2.4886 5.1039 1.9293 80 200 120
3.3621 1.1938 3.0462 80 200 120
1.4359 2.4304 3.2521 80 200 120
1.7373 0.0955 3.0962 80 200 120
0.6685 0.8858 3.1583 80 200 120
0.6201 5.0417 0.9414 80 200 120
2.0139 1.7348 3.1542 80 200 120
2.2301 0.4582 3.1339 80 200 120
3.5045 1.5580 2.3506 80 200 120
2.1754 0.1536 3.1063 80 200 120
0.8644 3.4325 -0.0485 80 200 120
2.6849 -0.3836 3.0292 80 200 120
2.3978 3.6284 3.2143 80 200 120
3.3416 1.6295 2.6046 80 200 120
1.7550 -0.2918 3.2160 80 200 120
3.4812 1.6285 3.0158 80 200 120
2.2066 -0.1808 3.1225 80 200 120
0.8902 -0.0039 3.1566 80 200 120
2.8929 1.2133 3.1485 80 200 120
1.8932 0.8679 3.1844 80 200 120
1.1399 1.7171 3.2023 80 200 120
1.1368 5.1139 1.2969 80 200 120
2.8134 4.9256 2.8415 80 200 120
2.8512 2.2181 3.1490 80 200 120
1.0203 -1.1004 3.0318 80 200 120
1.3075 0.1926 3.1062 80 200 120
3.4222 3.9374 1.9657 80 200 120
2.6074 1.3772 3.2053 80 200 120
1.1993 -0.1811 3.1168 80 200 120
0.7013 -0.7718 3.1227 80 200 120
2.3045 4.9138 1.2593 80 200 120
2.2321 2.6678 3.2208 80 200 120
0.6121 0.4353 3.1490 80 200 120
1.4145 2.0180 3.2231 80 200 120
0.9019 3.2225 3.1350 80 200 120
1.0821 4.1646 3.1772 80 200 120
1.2568 0.7711 3.2303 80 200 120
1.1654 1.4042 3.2966 80 200 120
1.4230 1.3639 3.2543 80 200 120
2.6106 0.4557 3.1005 80 200 120
1.3202 0.5579 3.1042 80 200 120
1.4587 -0.7487 3.1283 80 200 120
0.6634 2.6494 3.1916 80 200 120
2.4880 -0.4797 3.1138 80 200 120
1.7177 0.3202 3.1626 80 200 120
0.5201 -1.6782 3.1713 80 200 120
3.2766 4.0010 3.0936 80 200 120
3.4462 2.2219 2.6465 80 200 120
1.1083 2.5369 -0.0320 80 200 120
3.5165 1.1796 2.4614 80 200 120
0.8597 2.2195 0.0060 80 200 120
1.2042 -4.5383 2.8533 80 200 120
-2.3554 -3.2648 0.0652 80 200 120
1.8490 -4.9818 1.0455 80 200 120
1.0798 -4.2332 0.0620 80 200 120
-1.5130 -4.4364 2.0427 80 200 120
1.9373 -4.4727 0.1615 80 200 120
3.1930 -4.3772 0.5099 80 200 120
3.2367 -4.3310 1.0092 80 200 120
-1.3511 -2.5858 0.0259 80 200 120
2.6841 -1.4777 3.1815 80 200 120
1.6336 -0.4665 3.0010 80 200 120
2.6915 -4.8032 0.6660 80 200 120
-0.0296 -1.6884 1.0979 80 200 120
-2.1823 -4.5395 1.6360 80 200 120
-2.3904 -2.6837 0.4459 80 200 120
-2.2392 -2.9648 0.7150 80 200 120
3.3202 -1.7162 2.2156 80 200 120
3.5515 -2.9060 0.9691 80 200 120
3.4529 -3.2480 3.1293 80 200 120
-2.4294 -2.3239 0.0058 80 200 120
3.6743 -3.8942 3.0038 80 200 120
1.1274 -2.4877 -0.0118 80 200 120
-2.1144 -3.2672 0.6256 80 200 120
3.2652 0.6755 0.0686 80 200 120
-0.8708 -2.1108 -0.0106 80 200 120
0.4418 -2.2674 0.0477 80 200 120
-0.6411 2.3564 0.0276 80 200 120
-2.8819 0.4404 -0.0118 80 200 120
-2.3954 1.5232 0.0977 80 200 120
-1.2049 1.0077 0.0361 80 200 120
-2.2578 -3.8261 0.0830 80 200 120
-0.8362 -2.4107 0.0385 80 200 120
0.3314 -2.8641 0.0440 80 200 120
-2.2404 1.6649 0.0166 80 200 120
-0.4524 1.3715 0.1173 80 200 120
-0.4525 -1.6740 0.0148 80 200 120
-2.9072 0.7240 -0.0742 80 200 120
-2.9924 0.4490 0.8991 80 200 120
-1.0736 1.1097 0.0030 80 200 120
-3.3334 -0.5393 0.0121 80 200 120
-2.5066 -2.6471 0.7527 80 200 120
-2.6407 1.9538 1.0604 80 200 120
-1.8175 1.6580 1.2488 80 200 120
-2.3795 -1.4432 0.9056 80 200 120
-3.0822 1.9254 1.1106 80 200 120
-2.8301 0.9060 0.9528 80 200 120
-0.6057 1.6549 0.5697 80 200 120
-0.6154 1.7755 0.3309 80 200 120
-0.5974 1.5254 0.8349 80 200 120
-0.6837 -1.3868 0.0008 80 200 120
-0.5872 2.5762 0.3817 80 200 120
-1.0779 0.3530 0.0031 80 200 120
-1.2949 0.6439 0.0358 80 200 120
-0.4642 2.6790 0.2428 80 200 120
-1.0056 0.0713 0.0022 80 200 120
-3.2262 1.6015 1.2166 80 200 120
-2.6823 1.3214 0.0466 80 200 120
-2.4892 -4.2639 1.1554 80 200 120
-0.2529 -1.0348 0.0051 80 200 120
-3.3991 -0.0012 0.3849 80 200 120
-0.5164 1.1800 0.0488 80 200 120
0.2007 -1.1821 -0.0082 80 200 120
-0.0840 -1.0671 0.0081 80 200 120
-0.8827 1.0982 -0.0118 80 200 120
-0.2091 -1.2860 0.0050 80 200 120
-2.5020 -1.6423 0.1913 80 200 120
-0.7378 -0.7708 -0.0163 80 200 120
-0.5895 1.1953 0.2810 80 200 120
-0.5674 1.0362 0.0078 80 200 120
-0.2427 1.6312 -0.0017 80 200 120
-0.6863 -0.1768 0.0086 80 200 120
-2.6437 1.1950 0.5649 80 200 120
-1.2959 -1.3786 -0.0250 80 200 120
-1.0385 0.8930 -0.0545 80 200 120
-0.4554 -0.4631 0.0093 80 200 120
0.0146 -1.4260 -0.0082 80 200 120
0.3285 -1.8483 0.0122 80 200 120
0.0245 0.0000 0.0449 80 200 120
-1.3860 0.1560 0.0113 80 200 120
-0.9955 0.2071 -0.0114 80 200 120
-0.2866 -0.7448 0.0048 80 200 120
-1.4675 -0.1146 -0.0060 80 200 120
0.1062 -1.2171 -0.0026 80 200 120
-1.0679 0.7193 0.0261 80 200 120
-2.4205 -1.7079 0.7989 80 200 120
-3.4356 -0.8094 0.4406 80 200 120
-1.8162 -0.2261 0.0326 80 200 120
0.0377 -1.0161 0.0167 80 200 120
-0.7061 -0.3675 0.0063 80 200 120
0.4498 5.0527 2.0729 80 200 120
0.7812 4.9349 2.0528 80 200 120
0.4043 1.2761 0.0020 80 200 120
3.2759 2.1610 0.0748 80 200 120
2.0938 4.9715 1.2395 80 200 120
2.1807 0.9116 -0.0001 80 200 120
1.4707 4.6185 0.0869 80 200 120
1.8560 -0.0894 0.0207 80 200 120
2.2493 2.7788 0.8264 80 200 120
1.7407 0.2209 0.0053 80 200 120
3.7271 -4.0847 0.5451 80 200 120
2.1225 2.4005 0.0894 80 200 120
1.8271 3.5306 0.5668 80 200 120
3.3902 1.1855 0.0796 80 200 120
2.4221 -0.5534 0.6595 80 200 120
1.7737 2.6764 0.3955 80 200 120
3.0129 3.4999 0.1161 80 200 120
3.3518 -4.0328 0.1328 80 200 120
3.4885 -4.7412 0.3247 80 200 120
2.0561 4.0507 0.3084 80 200 120
0.4614 5.1728 2.0574 80 200 120
1.9469 4.8515 0.5219 80 200 120
0.3085 1.0459 3.1769 80 200 120
-3.3450 -5.0816 3.1989 80 200 120
-1.7633 -4.9708 2.9017 80 200 120
-2.6557 -2.8495 0.7229 80 200 120
-2.6753 -4.9932 3.1762 80 200 120
-0.3439 -3.6659 3.1950 80 200 120
-2.4135 -1.2602 0.5912 80 200 120
1.0400 -3.5533 3.0761 80 200 120
-3.4691 -3.0329 2.5964 80 200 120
-2.4021 -4.1445 3.2575 80 200 120
-0.4597 -4.5296 2.1856 80 200 120
-1.2888 -2.8127 3.1775 80 200 120
2.5649 -3.0650 3.2117 80 200 120
0.4725 -2.4611 0.0281 80 200 120
-0.4442 -1.7025 0.0245 80 200 120
-0.0484 -4.3474 1.8972 80 200 120
2.1785 -4.9137 0.5245 80 200 120
2.8749 -1.8091 0.5697 80 200 120
2.8995 -5.0347 1.3312 80 200 120
3.3070 -2.8119 0.5894 80 200 120
2.9455 -1.9797 0.3189 80 200 120
2.8665 -1.5921 0.4626 80 200 120
2.9255 0.3325 0.1349 80 200 120
-0.2604 -1.6848 0.9499 80 200 120
-0.2690 -2.0711 1.3265 80 200 120
-2.2854 -0.9520 0.9794 80 200 120
-0.6610 2.4034 0.8174 80 200 120
-2.3795 -1.3687 0.0307 80 200 120
-3.4169 0.2820 1.7806 80 200 120
-3.4941 -0.7461 1.8471 80 200 120
-0.2452 2.7627 0.0930 80 200 120
-3.0780 -0.1406 0.1059 80 200 120
-3.3738 0.2117 0.0348 80 200 120
-2.6733 1.4808 0.8407 80 200 120
-0.5880 2.4082 0.5880 80 200 120
-0.0576 2.3102 0.0214 80 200 120
-1.6095 0.9369 0.0107 80 200 120
-3.5153 2.7175 2.1899 80 200 120
-0.6427 1.3232 0.1066 80 200 120
-2.5185 0.9103 0.0370 80 200 120
-1.3437 -3.8093 0.4126 80 200 120
0.2036 1.6855 0.0118 80 200 120
0.3685 1.8295 0.0131 80 200 120
2.9333 0.3144 0.1431 80 200 120
1.5438 4.7661 2.4296 80 200 120
2.5886 4.1586 3.1600 80 200 120
0.3430 -0.0171 0.1545 80 200 120
2.0869 4.7845 3.0891 80 200 120
1.0718 0.5849 0.0288 80 200 120
3.3411 1.8484 0.0465 80 200 120
0.5478 4.3203 0.1321 80 200 120
3.3563 2.4205 2.2658 80 200 120
1.4627 0.0066 0.0101 80 200 120
0.3314 0.4393 0.0491 80 200 120
1.7656 -0.2409 -0.0027 80 200 120
1.1600 -0.1612 0.0504 80 200 120
0.2965 1.4361 0.0096 80 200 120
0.3325 0.3380 0.0491 80 200 120
3.3083 -3.7052 3.1479 80 200 120
3.3279 -3.3024 0.1210 80 200 120
-0.5838 -5.3264 3.3400 80 200 120
1.8061 2.6830 0.4273 80 200 120
0.2764 0.8956 1.7349 80 200 120
0.3027 1.6056 3.1953 80 200 120
3.0123 0.9708 3.1619 80 200 120
2.0275 2.6754 0.6750 80 200 120
3.3777 0.7321 3.0643 80 200 120
2.3528 2.9553 0.8569 80 200 120
-3.4543 -2.1598 2.8482 80 200 120
2.1389 -3.6738 3.2999 80 200 120
0.2923 -2.2468 1.1620 80 200 120
-0.2417 -1.6354 0.9650 80 200 120
0.5671 -2.3178 1.2206 80 200 120
0.4452 -2.1545 0.6980 80 200 120
-0.6239 -4.9477 2.9051 80 200 120
1.5262 -4.7839 0.1530 80 200 120
0.1374 -1.6987 0.8577 80 200 120
-2.1719 -3.0084 0.8825 80 200 120
0.6914 -2.0623 1.0014 80 200 120
-2.4719 -2.8400 0.0506 80 200 120
-0.0972 -1.9643 1.2570 80 200 120
3.4554 -4.6052 2.0088 80 200 120
3.4451 -3.8880 1.1113 80 200 120
2.7470 -4.7094 0.7823 80 200 120
-2.1616 -2.1295 0.0489 80 200 120
-0.0082 -1.7689 1.2406 80 200 120
0.3077 -2.2907 0.1990 80 200 120
2.1639 -1.3961 -0.0045 80 200 120
1.0435 -4.2433 2.2414 80 200 120
2.4350 0.2500 0.6545 80 200 120
0.4547 -2.5567 -0.0038 80 200 120
3.2443 3.0548 3.0222 80 200 120
0.1534 2.3979 0.0294 80 200 120
2.4107 0.3824 0.0361 80 200 120
0.1746 1.1166 0.0479 80 200 120
3.4636 0.6299 1.1158 80 200 120
1.3399 0.4201 -0.0158 80 200 120
3.5015 1.4991 1.5540 80 200 120
0.2376 0.8746 0.0605 80 200 120
3.2664 2.5795 2.5986 80 200 120
2.3930 -4.9049 0.7337 80 200 120
2.8515 -1.7223 0.5884 80 200 120
1.8821 3.1319 0.5593 80 200 120
2.3308 -0.5572 0.0421 80 200 120
2.5870 -0.9243 0.6395 80 200 120
2.6852 -0.1792 0.5939 80 200 120
2.7887 4.8775 2.2043 80 200 120
3.2690 4.3554 1.3685 80 200 120
1.4900 4.6041 -0.1742 80 200 120
3.5060 3.2959 2.2786 80 200 120
0.1017 3.6538 -0.1467 80 200 120
3.4288 1.1219 2.7060 80 200 120
3.2886 3.1427 1.5678 80 200 120
-0.0466 5.0820 -0.0392 80 200 120
1.9370 5.1052 1.6111 80 200 120
-0.0981 -1.1204 3.1139 80 200 120
3.8432 -5.2943 0.9281 80 200 120
2.2592 -4.0854 0.0787 80 200 120
-4.2554 -5.5811 3.0026 80 200 120
0.7393 -2.3090 0.0676 80 200 120
0.3431 -2.2911 -0.0253 80 200 120
0.8565 -2.8965 0.1150 80 200 120
1.9540 -4.5584 0.1568 80 200 120
-2.0382 -2.2980 -0.0880 80 200 120
3.2107 -3.6557 1.0816 80 200 120
-2.2798 -4.3686 0.2492 80 200 120
-2.9155 -2.3819 3.3523 80 200 120
4.2304 -0.3745 3.5441 80 200 120
3.4829 -2.2365 3.2740 80 200 120
3.2280 -0.9061 2.2776 80 200 120
2.4645 -3.2605 3.0523 80 200 120
2.1994 -3.6404 3.1347 80 200 120
2.4598 -0.3894 0.6775 80 200 120
1.8813 0.0371 0.0303 80 200 120
0.3463 -0.0362 0.2001 80 200 120
2.6029 -0.0950 0.6473 80 200 120
1.3103 -4.7162 3.0047 80 200 120
3.2023 -3.0059 2.9743 80 200 120
1.8597 -0.1034 0.0331 80 200 120
0.8493 -2.9119 0.7054 80 200 120
-0.8701 -2.0595 -0.0016 80 200 120
0.6906 -2.3201 -0.0006 80 200 120
0.3168 0.8230 -0.0521 80 200 120
0.3100 0.9782 0.0198 80 200 120
0.3256 0.2207 0.1266 80 200 120
0.5949 -1.1241 0.0215 80 200 120
0.4390 1.3094 0.0096 80 200 120
0.3331 0.1632 0.1051 80 200 120
0.4169 0.9783 0.0045 80 200 120
0.4876 -1.1922 -0.0066 80 200 120
0.4418 -0.3940 0.0148 80 200 120
0.5149 -1.7213 0.0160 80 200 120
0.8616 -0.6917 0.0558 80 200 120
0.7080 -1.5665 0.0338 80 200 120
0.3047 1.1256 0.0152 80 200 120
0.5397 1.1072 -0.0177 80 200 120
0.7558 -0.8221 0.0248 80 200 120
0.5810 1.3520 -0.0373 80 200 120
0.6563 -0.8898 -0.0137 80 200 120
0.5736 -0.7187 0.0159 80 200 120
0.7947 -1.4447 0.0368 80 200 120
0.5005 0.8510 0.0466 80 200 120
0.4945 -0.5953 -0.0000 80 200 120
0.6970 1.2547 0.0069 80 200 120
0.5244 -0.2474 0.0063 80 200 120
0.5972 -1.2711 0.0469 80 200 120
0.6161 -1.0130 -0.0192 80 200 120
0.5372 0.3220 0.0369 80 200 120
0.6801 0.0317 0.0231 80 200 120
0.7638 -0.2033 0.0021 80 200 120
0.4147 0.2826 0.0639 80 200 120
0.9672 -0.4236 0.0086 80 200 120
0.3351 0.1080 0.0638 80 200 120
0.4926 -0.9373 -0.0183 80 200 120
0.8874 0.0282 0.0254 80 200 120
0.5612 0.7922 0.0485 80 200 120
0.4371 -1.4555 -0.0173 80 200 120
0.7749 -0.7173 0.0582 80 200 120
0.2918 -0.0129 0.6489 80 200 120
0.6650 -0.5842 0.0408 80 200 120
0.4895 -0.0866 -0.0245 80 200 120
0.6012 0.2749 0.0292 80 200 120
0.5800 0.0431 0.0273 80 200 120
0.5094 -0.0120 0.0190 80 200 120
0.4117 -0.7059 -0.0066 80 200 120
0.4337 0.0024 -0.0416 80 200 120
0.2941 0.0166 0.6560 80 200 120
0.8576 -0.1511 0.0112 80 200 120
0.6420 0.7175 0.0376 80 200 120
0.5114 -0.3446 -0.0377 80 200 120
0.5210 -0.1642 0.0872 80 200 120
0.7469 -1.0634 0.0284 80 200 120
0.3946 0.0638 -0.0288 80 200 120
0.7190 0.1084 0.0118 80 200 120
0.6339 -0.6746 0.0165 80 200 120
0.4647 0.4691 0.0510 80 200 120
0.8357 -0.0747 0.0023 80 200 120
0.4398 0.2182 0.0705 80 200 120
0.5261 0.6969 -0.0020 80 200 120
0.6254 1.0577 -0.0255 80 200 120
0.4786 0.3914 -0.0174 80 200 120
0.5172 0.0922 0.0193 80 200 120
0.6739 -0.0864 -0.0458 80 200 120
0.3991 -0.5165 0.0576 80 200 120
0.5908 -0.3847 0.0031 80 200 120
0.3083 0.5576 0.0316 80 200 120
2.4556 -0.1606 -0.0103 80 200 120
2.3571 0.2194 0.0344 80 200 120
2.4393 0.1531 0.6716 80 200 120
2.3708 -0.3697 0.0023 80 200 120
2.1735 0.4865 -0.0232 80 200 120
-0.0717 2.6741 0.4394 80 200 120
0.2279 1.6315 0.0654 80 200 120
0.5502 1.0818 0.0061 80 200 120
1.3156 -0.3021 0.0096 80 200 120
1.8843 4.0906 0.8084 80 200 120
2.6439 -1.3314 0.0281 80 200 120
0.2509 0.7789 0.0176 80 200 120
1.5334 1.7673 0.0050 80 200 120
2.5218 0.2361 0.5967 80 200 120
3.3067 2.5648 0.0716 80 200 120
2.5364 3.2759 3.2370 80 200 120
1.5063 4.0837 3.0774 80 200 120
2.2692 4.5494 3.0246 80 200 120
3.2404 -3.9194 0.1227 80 200 120
3.2009 4.5363 2.9191 80 200 120
3.2269 4.2742 0.9261 80 200 120
0.3223 2.1857 3.1906 80 200 120
3.2902 0.4394 3.0910 80 200 120
1.7082 0.5239 3.1903 80 200 120
0.0491 -1.6537 0.6304 80 200 120
0.4741 -2.3453 0.0655 80 200 120
3.2035 -2.1680 1.8326 80 200 120
0.6095 -2.3128 0.2566 80 200 120
2.6030 -4.6854 0.6775 80 200 120
0.2628 -2.0908 0.2659 80 200 120
-0.7027 -2.1215 0.1260 80 200 120
3.2458 -4.3698 0.4291 80 200 120
-1.2121 -2.6681 0.0591 80 200 120
0.1535 -0.3718 3.1523 80 200 120
-2.1433 -3.2338 1.1310 80 200 120
1.9362 -4.6677 1.7027 80 200 120
0.6015 -2.4114 2.0552 80 200 120
3.3121 -2.3639 2.9195 80 200 120
3.1879 -2.6239 3.0075 80 200 120
3.4149 1.0616 0.0698 80 200 120
2.2380 -4.0592 -0.0389 80 200 120
-1.3818 -2.6067 -0.0065 80 200 120
0.0416 -4.6094 2.3382 80 200 120
1.0155 -4.0125 2.1473 80 200 120
1.4533 0.2604 0.0264 80 200 120
-0.8093 -1.6831 0.0299 80 200 120
-2.1652 -3.1432 0.0614 80 200 120
2.5153 -0.1747 -0.0391 80 200 120
2.3766 -0.3573 0.0052 80 200 120
0.9847 -0.5307 0.0678 80 200 120
1.0408 0.0339 0.0058 80 200 120
0.9839 -0.9060 -0.0020 80 200 120
0.8524 1.5424 -0.0450 80 200 120
0.3117 -1.9921 -0.0181 80 200 120
0.7334 -1.2557 -0.0041 80 200 120
0.7710 -0.3897 0.0069 80 200 120
0.8473 -0.4800 0.0294 80 200 120
0.3249 0.0240 0.1061 80 200 120
0.8492 0.6061 -0.0099 80 200 120
0.5301 -0.4927 0.0620 80 200 120
0.5241 0.4516 0.0356 80 200 120
0.2967 -0.2562 0.3918 80 200 120
0.3053 -0.1634 0.4559 80 200 120
0.5051 1.6018 0.0459 80 200 120
0.6890 1.6129 -0.0302 80 200 120
0.3928 -1.2511 -0.0348 80 200 120
0.3080 0.6620 -0.1089 80 200 120
0.3318 0.3345 0.2132 80 200 120
0.3522 -0.9707 -0.0473 80 200 120
0.5891 2.5010 -0.0703 80 200 120
0.5783 0.1354 0.0515 80 200 120
0.3260 -0.0438 0.0966 80 200 120
0.4180 0.7385 0.0449 80 200 120
0.6689 0.2350 -0.0105 80 200 120
2.3732 -0.6521 0.2975 80 200 120
0.2063 0.9180 -0.3789 80 200 120
0.2612 0.7293 0.1906 80 200 120
2.3753 -0.6346 -0.0088 80 200 120
0.0199 1.7006 0.8046 80 200 120
1.9356 0.5743 0.0060 80 200 120
2.1565 -0.9037 -0.0668 80 200 120
-0.2945 2.8478 1.1099 80 200 120
1.5909 4.6826 0.0590 80 200 120
3.3500 2.6571 2.6865 80 200 120
3.4064 2.4644 2.3127 80 200 120
1.5072 0.8212 0.0570 80 200 120
3.4201 2.3700 0.0546 80 200 120
3.0758 0.3106 0.0969 80 200 120
3.4118 -3.4104 0.1046 80 200 120
3.3682 -2.8980 0.0504 80 200 120
3.6439 4.0682 1.2121 80 200 120
2.4902 0.2308 -0.0268 80 200 120
3.3142 1.8411 0.0715 80 200 120
1.1772 2.5800 3.1877 80 200 120
0.0790 3.7010 -0.0602 80 200 120
0.8470 4.4112 -0.0211 80 200 120
3.3654 2.6952 2.1804 80 200 120
-0.1630 2.6601 3.0864 80 200 120
-0.1141 1.6738 3.1628 80 200 120
0.0004 5.1466 2.1722 80 200 120
0.0489 3.1635 2.3019 80 200 120
0.4014 3.3863 -0.0677 80 200 120
-0.6990 -2.3554 1.1518 80 200 120
3.4409 -2.1880 2.7125 80 200 120
2.7103 -1.4980 3.2123 80 200 120
3.5867 -1.3654 2.7347 80 200 120
-0.0416 -1.9591 3.1646 80 200 120
0.8326 -2.6680 0.1846 80 200 120
3.2160 -2.9246 1.0866 80 200 120
3.2033 -0.5372 2.9376 80 200 120
1.7599 -0.2454 3.2020 80 200 120
3.1944 -1.8751 3.0217 80 200 120
3.7528 -1.4128 2.4610 80 200 120
1.7341 -4.9282 3.1579 80 200 120
0.3302 1.6097 3.1634 80 200 120
0.0257 -3.4693 1.4075 80 200 120
-1.2972 -2.4075 0.0110 80 200 120
0.1860 -1.6545 0.3713 80 200 120
1.7718 -3.2070 3.3538 80 200 120
1.8819 -0.5708 3.3301 80 200 120
3.5012 -3.2207 1.4713 80 200 120
-2.1064 -2.8872 0.9684 80 200 120
-1.9758 -4.4557 0.0838 80 200 120
-2.1550 -2.1120 0.0256 80 200 120
3.1890 1.2839 0.0713 80 200 120
-0.0300 -2.7078 1.3347 80 200 120
2.0720 -0.2593 0.0196 80 200 120
-2.1814 -2.5254 0.4652 80 200 120
1.3160 -0.3162 0.0226 80 200 120
-2.1455 -3.6616 1.2691 80 200 120
0.9417 -3.4357 -0.0653 80 200 120
2.0862 0.8672 0.0430 80 200 120
1.0277 0.6523 0.0283 80 200 120
0.2911 -0.2742 0.4728 80 200 120
0.7280 0.9207 0.0543 80 200 120
0.6707 0.3357 0.0215 80 200 120
0.9260 0.2715 0.0216 80 200 120
0.3145 1.2461 0.0789 80 200 120
0.3024 1.5308 0.0615 80 200 120
0.7271 0.6946 -0.0038 80 200 120
0.2983 0.9802 0.1654 80 200 120
0.7355 -1.1031 -0.0138 80 200 120
0.6051 0.3855 0.0691 80 200 120
0.3294 0.4590 0.0484 80 200 120
-0.0065 3.8292 0.7052 80 200 120
-0.1389 2.3137 0.2655 80 200 120
0.0671 1.7141 0.3352 80 200 120
3.2578 3.3913 3.0081 80 200 120
2.6324 -1.3121 -0.0993 80 200 120
0.2001 0.8735 0.3389 80 200 120
2.5121 -0.4372 -0.0791 80 200 120
0.0409 1.4572 0.0911 80 200 120
2.2865 2.6454 0.6430 80 200 120
2.6653 -0.7259 0.7670 80 200 120
3.2308 4.6289 2.5068 80 200 120
3.4420 0.7502 0.1359 80 200 120
2.8225 -1.4531 0.0123 80 200 120
2.6375 -1.1211 0.6851 80 200 120
2.5579 -0.8746 0.6389 80 200 120
0.4422 5.2340 0.0365 80 200 120
0.4757 -3.4415 2.9668 80 200 120
1.4499 -5.3020 1.9161 80 200 120
-1.5422 -3.7363 3.2362 80 200 120
0.8541 -3.1648 3.1093 80 200 120
-0.2696 -1.7166 3.2837 80 200 120
-0.8590 -2.4409 -0.0276 80 200 120
2.4750 -4.1686 0.2894 80 200 120
-0.0426 -1.7247 1.0925 80 200 120
3.4151 -1.4174 3.1194 80 200 120
0.7454 -2.4340 0.0282 80 200 120
3.6406 -5.0118 0.3449 80 200 120
-0.3572 -1.7078 0.4236 80 200 120
3.8554 -4.4361 1.1521 80 200 120
-2.3985 -3.5833 3.3503 80 200 120
3.1373 -4.4579 0.0485 80 200 120
-0.0495 -1.7894 0.4756 80 200 120
-0.1226 -1.7182 0.9037 80 200 120
3.5802 -4.8285 1.0161 80 200 120
2.8992 -1.1062 0.7440 80 200 120
2.8322 -1.3363 0.5694 80 200 120
2.9592 -0.8959 0.7242 80 200 120
2.1983 0.4659 -0.0032 80 200 120
2.5251 0.2551 0.6995 80 200 120
2.2733 -2.8913 -0.0738 80 200 120
0.7990 -0.5280 0.0158 80 200 120
0.5006 0.7050 -0.0600 80 200 120
0.8709 -1.4992 0.0236 80 200 120
0.5534 -0.5412 -0.0218 80 200 120
0.9495 -0.7515 -0.0433 80 200 120
1.0347 -0.9148 -0.0020 80 200 120
0.7883 -0.8588 -0.0374 80 200 120
0.5971 -0.1328 -0.0297 80 200 120
0.9484 -0.4828 -0.0379 80 200 120
0.9814 -0.3276 0.0515 80 200 120
0.3270 0.6413 -0.2389 80 200 120
0.3307 0.4117 0.0248 80 200 120
0.2769 -0.6236 0.4220 80 200 120
0.9472 -1.0762 -0.0097 80 200 120
0.3653 -1.6838 -0.0302 80 200 120
0.7146 0.7665 0.0757 80 200 120
1.7373 1.0738 0.0353 80 200 120
1.7156 3.2529 0.0779 80 200 120
0.6095 4.5641 0.1873 80 200 120
0.0408 3.6739 -0.0590 80 200 120
0.1860 0.9465 0.1647 80 200 120
1.8775 1.5308 0.0495 80 200 120
1.2397 -5.3240 3.2108 80 200 120
2.4273 -0.6196 0.0643 80 200 120
-0.1370 -3.4526 3.2411 80 200 120
2.6570 3.0416 0.3545 80 200 120
3.1586 -2.3660 0.0585 80 200 120
2.3655 0.2243 0.1140 80 200 120
2.6155 -0.3314 0.7751 80 200 120
1.7178 -5.3083 1.9815 80 200 120
2.9896 -0.0088 0.7339 80 200 120
-1.1390 4.4370 3.2960 80 200 120
-1.2967 1.0909 3.3362 80 200 120
-0.6327 4.2343 3.3228 80 200 120
-0.0307 3.4865 1.6077 80 200 120
0.0553 3.5981 2.9407 80 200 120
-0.1614 6.1190 -0.2189 80 200 120
-0.0640 5.4510 -0.6817 80 200 120
-2.9293 0.0647 3.4349 80 200 120
-2.4335 1.1276 3.4461 80 200 120
1.6586 4.5969 0.2009 80 200 120
3.2694 0.8226 3.1328 80 200 120
-2.7592 3.6612 3.4231 80 200 120
-2.5482 -4.2820 1.4640 80 200 120
2.1342 -2.8455 3.3203 80 200 120
2.3487 -4.4483 3.2346 80 200 120
3.8399 -4.0941 3.1418 80 200 120
2.6255 -2.7862 3.3826 80 200 120
1.3760 -1.8852 3.3267 80 200 120
3.7708 -4.4827 1.6790 80 200 120
0.3884 -1.1758 0.7500 80 200 120
1.5060 -3.1089 -0.1264 80 200 120
1.3405 -3.5615 3.2962 80 200 120
0.3388 -2.7700 -0.3288 80 200 120
-1.8282 -1.9869 3.3950 80 200 120
-0.0262 -2.5090 1.2529 80 200 120
3.7870 -3.4801 1.4815 80 200 120
3.2074 -2.9958 1.0971 80 200 120
-1.7877 -0.8404 3.3718 80 200 120
-2.2204 -4.7309 1.6150 80 200 120
3.4687 -4.0397 1.6429 80 200 120
3.4787 -3.3062 0.9922 80 200 120
3.3296 -4.9240 1.4343 80 200 120
0.7460 -1.9798 -0.0438 80 200 120
2.4693 -0.1776 0.0440 80 200 120
-2.8192 -3.1293 0.2859 80 200 120
2.9259 -0.1769 0.7717 80 200 120
3.1384 -1.1536 2.2816 80 200 120
2.1716 0.9122 0.0701 80 200 120
2.1395 -4.3841 2.8878 80 200 120
3.2460 -2.9642 3.0716 80 200 120
0.3104 0.6125 -0.0142 80 200 120
2.5613 -0.5673 0.7048 80 200 120
2.8374 1.2614 0.0824 80 200 120
1.0798 -4.5832 2.9662 80 200 120
0.3272 -0.0408 0.4245 80 200 120
0.3207 0.6866 0.2418 80 200 120
0.3283 0.5992 0.1453 80 200 120
0.3289 0.4933 0.7073 80 200 120
0.3013 -0.1891 0.7190 80 200 120
0.7660 -2.5320 -0.0118 80 200 120
0.3152 -3.5982 -0.2137 80 200 120
0.2978 1.3392 0.4393 80 200 120
0.3140 0.6108 0.6803 80 200 120
0.3601 1.3759 0.3201 80 200 120
0.5849 -1.9363 -0.0945 80 200 120
0.5095 2.1493 0.0751 80 200 120
0.6506 -0.5079 -0.0022 80 200 120
0.7875 1.9497 0.1247 80 200 120
0.7513 1.7789 -0.0135 80 200 120
0.2973 -0.2017 0.7662 80 200 120
0.6481 2.0224 0.1577 80 200 120
0.7060 1.4216 0.0366 80 200 120
0.9979 1.1049 0.1146 80 200 120
0.7359 -1.6079 0.0073 80 200 120
0.4350 1.0733 -0.0472 80 200 120
2.3025 3.3257 3.3056 80 200 120
1.3693 3.8555 3.0432 80 200 120
1.3240 3.3756 0.0957 80 200 120
0.2737 0.6705 0.7784 80 200 120
-0.2866 2.8660 1.0019 80 200 120
0.2793 2.3173 -0.0573 80 200 120
2.5426 0.0834 0.6463 80 200 120
-0.9178 4.2246 1.2451 80 200 120
2.6804 0.2441 0.6771 80 200 120
2.5466 -0.4310 -0.0330 80 200 120
0.5155 2.5967 0.4040 80 200 120
-0.4915 -2.5791 3.2687 80 200 120
3.7146 2.0913 0.0068 80 200 120
2.8642 -0.8464 0.7977 80 200 120
0.0332 3.0688 2.5903 80 200 120
3.6519 1.0651 0.0887 80 200 120
2.5209 0.2742 0.4160 80 200 120
2.7445 3.8533 0.5784 80 200 120
3.0155 -0.6343 0.6368 80 200 120
1.4258 -5.3580 2.9587 80 200 120
5.0303 -5.2559 -0.3041 80 200 120
1.1388 1.8071 0.8893 80 200 120
-3.7262 3.9249 3.4294 80 200 120
-3.7675 4.9070 3.2505 80 200 120
1.2133 4.1440 0.3381 80 200 120
-3.4249 -5.5614 -0.4239 80 200 120
-3.7149 -6.2207 2.9173 80 200 120
3.5698 -5.2159 3.4018 80 200 120
-2.6373 -5.7261 1.6347 80 200 120
-2.6405 -5.6465 2.6998 80 200 120
-3.9030 -4.9851 3.5838 80 200 120
0.5321 -2.8096 3.0449 80 200 120
-0.6178 -1.6025 3.4156 80 200 120
-0.6676 -3.6303 3.6880 80 200 120
-1.3875 -5.5827 3.4044 80 200 120
4.1783 -4.5437 0.4534 80 200 120
-1.3508 -2.6469 0.0368 80 200 120
-3.4921 0.2175 3.2817 80 200 120
-4.0835 -3.8639 2.9389 80 200 120
-4.5729 -5.1091 3.2126 80 200 120
1.0457 -4.6611 0.3309 80 200 120
4.1687 -5.8340 0.3751 80 200 120
-2.5457 -4.5080 0.0556 80 200 120
-3.0320 -3.3810 -0.1998 80 200 120
-2.4487 -3.4672 -0.0586 80 200 120
-0.9658 -2.4900 0.2679 80 200 120
2.7724 0.5751 0.1038 80 200 120
4.0075 2.2548 -0.0160 80 200 120
0.2855 -1.1498 -0.0116 80 200 120
1.1674 -5.2432 2.7665 80 200 120
3.3845 -3.8851 1.2575 80 200 120
0.9439 -1.7644 0.1112 80 200 120
0.3250 -0.0524 0.6399 80 200 120
0.6701 -2.4529 0.2325 80 200 120
1.1771 -0.4514 0.0951 80 200 120
0.3371 -2.9490 -0.3094 80 200 120
0.4734 -2.5344 0.0917 80 200 120
0.4428 2.6133 0.2103 80 200 120
0.8899 1.8631 0.0956 80 200 120
0.6018 1.1757 -0.0680 80 200 120
1.9346 2.4004 -1.8055 80 200 120
0.5281 1.2831 -0.0435 80 200 120
0.8806 1.5644 -0.0674 80 200 120
1.2208 -0.6541 -0.1147 80 200 120
1.0471 0.6427 0.0901 80 200 120
0.4372 0.5448 0.1190 80 200 120
1.6674 3.0517 3.0689 80 200 120
0.4083 0.2828 0.8831 80 200 120
2.1329 -0.2669 0.0575 80 200 120
2.0802 -0.7882 0.0714 80 200 120
1.3638 -0.3113 0.0469 80 200 120
3.0702 2.6971 2.9714 80 200 120
0.2346 0.8115 0.5310 80 200 120
3.5311 -3.2839 1.2507 80 200 120
2.3820 -5.3781 3.4237 80 200 120
-2.9616 -5.8515 2.2347 80 200 120
0.5801 -2.1229 3.0204 80 200 120
0.5649 -3.7969 1.1874 80 200 120
1.2426 -2.6636 3.4447 80 200 120
-2.1762 -3.4125 0.5925 80 200 120
3.6052 -2.7805 2.9943 80 200 120
-2.8268 -3.2306 1.5407 80 200 120
-2.5171 -2.9053 0.9747 80 200 120
2.8672 -3.4013 0.1129 80 200 120
3.9026 -4.2779 0.6313 80 200 120
2.7050 -5.7052 1.4660 80 200 120
1.7826 -5.2479 0.3956 80 200 120
-0.0519 -16.4483 -3.4609 80 200 120
0.1820 -7.7093 -1.7629 80 200 120
-1.5809 -2.8686 1.2463 80 200 120
-0.3472 -1.1429 -0.0735 80 200 120
-0.1916 -6.0790 -1.4120 80 200 120
0.2563 -1.2518 0.0263 80 200 120
0.3389 0.3711 0.0855 80 200 120
0.3365 0.3280 0.9352 80 200 120
0.3037 -0.0845 0.8530 80 200 120
0.0711 -1.7679 0.6922 80 200 120
-0.6677 3.3479 -0.2497 80 200 120
0.2144 1.3567 0.3652 80 200 120
3.1077 -0.3677 0.7677 80 200 120
3.4806 -2.6492 -0.0119 80 200 120
3.2779 0.3556 0.1383 80 200 120
2.6315 -1.3171 0.1646 80 200 120
3.4733 -2.9738 0.1657 80 200 120
-2.2738 29.5974 -10.1156 80 200 120
-2.8993 -3.0339 0.6239 80 200 120
-2.8617 -2.7448 1.2211 80 200 120
-0.5242 -1.8980 -0.0706 80 200 120
0.2822 -2.7968 0.7149 80 200 120
1.5488 -1.1512 1.9169 80 200 120
0.7920 -2.5672 2.2168 80 200 120
1.0494 -1.2925 0.1216 80 200 120
0.3430 2.6813 0.1848 80 200 120
0.9810 -0.8643 0.0863 80 200 120
0.6267 -0.2210 -0.0024 80 200 120
-0.1378 7.3628 -1.1875 80 200 120
0.3251 -2.5272 -0.1485 80 200 120
0.1637 -1.6975 0.0544 80 200 120
0.3625 0.7934 0.5786 80 200 120
0.7872 -1.8426 0.0945 80 200 120
0.0807 3.5956 0.2931 80 200 120
0.3401 -3.8447 -0.1764 80 200 120
0.1833 -1.9316 0.3054 80 200 120
0.0713 -1.4748 0.0027 80 200 120
-0.0356 -1.7178 0.5595 80 200 120
-0.1136 -1.7674 0.2999 80 200 120
0.2067 -0.8921 -0.0254 80 200 120
2.8941 -0.7866 0.7270 80 200 120
0.7325 6.2116 -0.1605 80 200 120
0.1907 0.8987 0.2089 80 200 120
3.6675 3.0578 3.0153 80 200 120
3.6750 -2.5220 2.0662 80 200 120
2.5041 -2.2908 0.4791 80 200 120
2.8102 -3.6348 0.5937 80 200 120
3.6827 4.4761 -0.0206 80 200 120
2.4550 -2.7521 0.5302 80 200 120
3.6809 3.6162 0.0082 80 200 120
3.6118 -0.2832 0.6275 80 200 120
3.3231 2.6793 2.7692 80 200 120
2.9205 3.6398 0.5392 80 200 120
2.9351 -0.8488 0.7572 80 200 120
3.4781 2.1311 0.6035 80 200 120
3.4301 1.4645 0.0278 80 200 120
3.2514 -1.2039 0.6743 80 200 120
2.3069 4.5865 0.4002 80 200 120
-0.2202 6.4652 -0.3954 80 200 120
4.2477 -5.2480 3.1711 80 200 120
-2.2793 -3.9612 1.1900 80 200 120
-2.3185 -2.2729 0.0752 80 200 120
-1.9485 -3.4016 0.2011 80 200 120
-2.3753 -2.7850 0.0611 80 200 120
-2.0705 -1.5532 0.1657 80 200 120
-2.4179 -3.2201 -0.0169 80 200 120
0.3627 -1.0841 1.0524 80 200 120
-3.0362 -1.1668 1.3471 80 200 120
0.3235 -2.7698 -0.2264 80 200 120
-2.5357 -1.4007 0.7823 80 200 120
-2.7600 -5.7712 1.6532 80 200 120
-2.7811 -2.2696 1.3084 80 200 120
-3.2791 -3.6539 2.0856 80 200 120
-2.5743 -1.2865 1.1495 80 200 120
-2.4839 -2.7450 0.4044 80 200 120
-3.0983 -4.3494 0.0989 80 200 120
2.7059 -1.2561 0.3589 80 200 120
0.9573 -6.4022 0.5549 80 200 120
0.2063 -4.8090 0.7992 80 200 120
-1.8017 -2.1941 0.2529 80 200 120
0.8485 -1.9750 0.2223 80 200 120
0.9830 2.6435 -0.2961 80 200 120
1.1280 1.6472 -0.2702 80 200 120
0.2137 -1.0791 -0.0060 80 200 120
1.2290 1.4373 -0.5763 80 200 120
-0.1177 -1.7135 0.9179 80 200 120
0.3351 0.3926 0.1293 80 200 120
-0.0520 -1.7444 -0.0122 80 200 120
-0.3235 -1.6440 0.2387 80 200 120
0.2868 -0.4330 0.0136 80 200 120
0.0474 -1.0720 0.0267 80 200 120
0.3725 2.3969 0.0407 80 200 120
2.4626 -1.2020 0.1878 80 200 120
-0.4084 2.5571 1.1563 80 200 120
0.2065 6.9459 -0.4198 80 200 120
-1.3726 5.6119 2.2512 80 200 120
-2.0038 6.0396 2.6439 80 200 120
0.3692 0.3866 0.5543 80 200 120
3.0954 0.3488 0.1732 80 200 120
2.9292 -0.5454 0.7168 80 200 120
3.7633 -2.9446 -0.1091 80 200 120
3.1178 2.5360 0.2222 80 200 120
2.9452 -1.3613 0.4905 80 200 120
3.0500 -1.8036 -0.0687 80 200 120
4.2127 -1.0780 0.2332 80 200 120
0.2412 1.5154 0.4891 80 200 120
0.2800 0.5545 1.1581 80 200 120
-0.3667 1.0352 1.1336 80 200 120
3.5368 -3.2700 3.2773 80 200 120
3.5896 -5.5692 2.5456 80 200 120
2.1666 -5.2943 2.4179 80 200 120
2.8181 -3.9489 3.3278 80 200 120
0.3306 -3.1250 0.1124 80 200 120
0.4714 -2.5100 0.0121 80 200 120
-5.7514 -2.2473 0.4568 80 200 120
-0.7266 -5.5234 1.8136 80 200 120
-3.4684 -1.0549 0.0722 80 200 120
-0.8470 -2.3603 -0.0372 80 200 120
0.6640 -2.9210 0.4470 80 200 120
2.9701 -4.8270 1.8863 80 200 120
3.0506 -1.3820 0.7408 80 200 120
2.4276 -4.8702 1.9559 80 200 120
-4.3220 -7.0630 -0.6164 80 200 120
3.3539 -3.0562 3.1201 80 200 120
2.6224 0.2482 0.6094 80 200 120
1.2885 -0.3956 0.0462 80 200 120
0.4744 -4.1032 0.0240 80 200 120
-0.2603 -1.6511 0.9979 80 200 120
0.5218 1.3338 0.4314 80 200 120
0.0756 -0.7501 0.0156 80 200 120
-0.2100 -1.5041 0.0136 80 200 120
0.2917 0.7838 -0.0209 80 200 120
-0.4528 -1.6846 0.0243 80 200 120
-0.8346 -2.4298 0.3586 80 200 120
-0.6588 -2.0125 0.2042 80 200 120
0.3206 0.7516 -0.4350 80 200 120
0.2711 1.0304 -0.0343 80 200 120
0.0683 3.6255 0.2808 80 200 120
-3.0003 -4.8490 1.5313 80 200 120
0.2486 1.4504 0.4526 80 200 120
-2.8867 -6.0307 1.7306 80 200 120
2.8856 -1.4099 0.2135 80 200 120
3.1680 0.2952 1.7079 80 200 120
0.2749 0.6819 0.4178 80 200 120
-0.8304 4.3636 2.3518 80 200 120
0.5816 -2.3075 3.1488 80 200 120
2.9793 -4.7934 3.1590 80 200 120
3.0592 -2.7467 2.9346 80 200 120
4.1527 -5.0987 1.6765 80 200 120
3.6490 -0.6475 1.7961 80 200 120
2.8108 -4.9176 1.2937 80 200 120
2.1917 -4.5735 2.9732 80 200 120
3.4440 -3.2754 2.1716 80 200 120
3.5521 -5.5910 2.6105 80 200 120
3.4715 -1.5134 3.1269 80 200 120
1.1526 -3.9001 3.1269 80 200 120
3.4114 -4.7034 1.2222 80 200 120
0.4455 -3.2668 3.0582 80 200 120
3.9083 -1.5343 2.5988 80 200 120
3.4111 -4.1271 2.8384 80 200 120
3.4136 -0.5743 2.9225 80 200 120
3.4867 -2.1865 3.2687 80 200 120
1.8159 -0.5743 3.3409 80 200 120
3.5344 -4.0604 1.1741 80 200 120
-0.0318 -4.0257 3.2759 80 200 120
2.6850 -1.4911 3.2485 80 200 120
3.0468 -1.5554 0.6039 80 200 120
3.6299 -3.1379 0.5345 80 200 120
3.1335 -1.9106 2.6000 80 200 120
2.5265 -2.6469 3.2614 80 200 120
2.4043 -5.9488 2.6698 80 200 120
0.6355 -3.0206 2.5456 80 200 120
0.2991 -3.8767 3.1912 80 200 120
1.3198 -1.7010 3.1455 80 200 120
1.2739 -2.4967 3.1867 80 200 120
1.8724 -2.3922 3.1381 80 200 120
3.7368 -5.0790 2.0305 80 200 120
3.3162 -1.1507 1.6359 80 200 120
2.2705 -1.0443 3.3259 80 200 120
2.0359 -3.4354 3.2004 80 200 120
3.2488 -0.6190 1.0620 80 200 120
2.1159 -1.3294 3.1316 80 200 120
1.7199 -3.1947 3.3357 80 200 120
2.3827 -2.9977 3.2077 80 200 120
3.4762 -1.7189 1.4963 80 200 120
1.2699 -1.3550 3.2632 80 200 120
3.5034 -2.8687 1.9182 80 200 120
-0.1389 -2.6236 3.2581 80 200 120
0.8696 -1.3440 3.0781 80 200 120
1.0783 -0.5651 3.1213 80 200 120
2.8284 -0.7631 3.1993 80 200 120
0.8346 -2.6384 3.1499 80 200 120
3.3416 -0.3560 3.3855 80 200 120
0.6104 -0.9836 3.1649 80 200 120
2.7409 -3.9213 3.4012 80 200 120
3.2248 -0.8780 2.3233 80 200 120
2.1418 -2.1332 3.2121 80 200 120
3.6117 -2.9640 2.5856 80 200 120
2.6900 -2.1336 3.3041 80 200 120
3.3336 -1.3162 1.3140 80 200 120
1.6488 -1.7178 3.2806 80 200 120
0.7494 -0.7653 3.2496 80 200 120
1.2968 -3.0971 3.3291 80 200 120
3.4605 -2.3948 1.4689 80 200 120
1.0008 -0.9594 3.2668 80 200 120
1.3666 -0.7809 3.2127 80 200 120
2.5627 -4.7230 1.8534 80 200 120
3.2635 -2.5244 1.3546 80 200 120
3.4770 -1.9700 1.1909 80 200 120
3.7776 -1.0899 1.3229 80 200 120
0.4936 -1.5081 3.2322 80 200 120
0.7344 -0.4507 3.1552 80 200 120
0.2554 -1.7775 3.2497 80 200 120
0.1998 -2.0162 3.1527 80 200 120
2.7542 -5.1492 2.8470 80 200 120
3.3594 -0.4363 1.3519 80 200 120
0.7126 0.0322 3.1760 80 200 120
1.5259 -1.2207 3.2724 80 200 120
2.3087 -4.8410 1.3490 80 200 120
1.7129 -0.8481 3.1021 80 200 120
1.2044 -0.3013 3.2334 80 200 120
3.4084 -1.7463 2.2298 80 200 120
1.9145 -0.2281 3.2424 80 200 120
3.2232 -1.3263 3.3619 80 200 120
3.9624 0.8803 -0.1255 80 200 120
4.1815 1.4998 -0.2016 80 200 120
0.8111 -3.0022 3.0760 80 200 120
2.4450 -6.5798 1.9220 80 200 120
4.1709 4.1916 1.5811 80 200 120
-0.4488 -2.5457 3.1890 80 200 120
-0.9536 1.4876 1.0963 80 200 120
0.7864 2.1433 0.7022 80 200 120
0.0822 0.7717 1.1773 80 200 120
-2.5604 1.6730 1.1707 80 200 120
-4.0223 3.0505 2.2793 80 200 120
-3.3229 4.4898 1.8454 80 200 120
0.6504 -4.1894 -0.1379 80 200 120
0.1197 -8.1049 -0.8972 80 200 120
0.1242 -7.7545 0.1945 80 200 120
0.7386 -5.1605 -0.2171 80 200 120
3.6387 -4.1489 2.5431 80 200 120
4.1301 -3.3455 1.5281 80 200 120
3.0639 -4.6829 2.3985 80 200 120
-1.7402 -2.1455 0.2776 80 200 120
0.3578 0.3884 0.2495 80 200 120
-2.3980 -2.3057 -0.0088 80 200 120
3.4020 -4.9966 3.1903 80 200 120
-2.0647 -3.5730 0.1635 80 200 120
-1.4522 -2.7201 -0.0056 80 200 120
-2.5911 -2.9804 1.5226 80 200 120
-1.1010 -1.7760 0.5417 80 200 120
-3.4236 -4.5957 1.5710 80 200 120
-2.4495 -2.7154 0.7857 80 200 120
-2.1817 -2.5441 0.1220 80 200 120
4.0487 -0.9424 0.8752 80 200 120
2.4755 -1.2368 0.0446 80 200 120
2.2321 -0.4829 0.7002 80 200 120
0.2108 0.9352 0.3591 80 200 120
2.2605 -1.0695 -0.0224 80 200 120
-0.1501 1.9864 1.1620 80 200 120
2.6223 -0.7161 0.7495 80 200 120
3.3128 0.3598 1.8984 80 200 120
3.4654 0.6892 2.3028 80 200 120
3.1052 0.2496 3.2674 80 200 120
2.3720 -0.0847 3.1962 80 200 120
3.4305 0.6045 1.6974 80 200 120
3.4020 -1.0304 0.6164 80 200 120
3.1714 -2.3938 0.1135 80 200 120
4.2274 -5.1749 -0.0908 80 200 120
3.9121 -5.4006 0.2207 80 200 120
3.4898 -3.4821 0.0654 80 200 120
3.6019 3.8016 0.5902 80 200 120
1.7252 3.0903 0.5973 80 200 120
3.5455 2.4961 1.9826 80 200 120
0.2829 0.4943 1.1524 80 200 120
0.0956 0.6399 1.1462 80 200 120
-0.7711 1.0727 1.1146 80 200 120
-3.9322 0.8622 0.7890 80 200 120
0.8188 2.6584 0.3912 80 200 120
-14.9312 7.1095 -0.0851 80 200 120
2.7095 -5.4720 2.2672 80 200 120
2.1208 -5.2234 1.7436 80 200 120
1.7834 -4.2042 3.3449 80 200 120
-2.5120 -4.1810 -0.0089 80 200 120
-3.6057 -1.0734 0.0240 80 200 120
-2.3421 -2.2187 0.1025 80 200 120
-2.4597 -1.3757 0.7982 80 200 120
-3.6708 -1.3838 1.0549 80 200 120
1.2882 -5.6095 -0.9736 80 200 120
3.3224 -3.3464 1.7687 80 200 120
3.4955 -2.9005 2.0848 80 200 120
0.2369 -2.8002 1.2049 80 200 120
-2.2447 -4.7200 1.6913 80 200 120
3.3442 -3.2263 2.2240 80 200 120
-2.1347 -2.3359 -0.1119 80 200 120
-2.6134 -2.6063 1.4106 80 200 120
-2.5321 -1.8832 0.0017 80 200 120
-2.5998 -2.4128 -0.0555 80 200 120
-0.9940 -2.1520 -0.0753 80 200 120
-2.5724 -1.5233 0.8909 80 200 120
-0.6979 -1.4080 -0.0439 80 200 120
-2.6058 -1.0129 1.3277 80 200 120
-2.7853 -2.9512 0.3894 80 200 120
0.2450 0.7860 0.0086 80 200 120
-1.1836 4.1934 1.3594 80 200 120
-0.3529 6.5468 3.8974 80 200 120
1.5521 4.3264 0.2054 80 200 120
0.5583 4.0032 0.0099 80 200 120
-4.2026 6.2975 1.9460 80 200 120
4.5245 3.1060 3.2737 80 200 120
3.0550 -0.5513 0.6401 80 200 120
0.3401 0.1924 0.0643 80 200 120
3.4954 -2.6003 3.2180 80 200 120
3.4694 1.0888 1.9506 80 200 120
3.4521 1.2775 0.6043 80 200 120
3.3354 1.0595 2.8347 80 200 120
2.7427 0.9106 3.2077 80 200 120
3.4577 1.2073 2.4406 80 200 120
2.5044 0.2299 0.6626 80 200 120
2.2848 2.6941 0.6783 80 200 120
2.4808 -1.0845 0.6165 80 200 120
1.9607 2.6658 0.6580 80 200 120
2.4577 -0.8160 0.6381 80 200 120
2.1228 2.2866 0.5306 80 200 120
0.3718 -4.0804 2.8665 80 200 120
2.7613 4.8559 2.2160 80 200 120
3.4690 -3.0509 -0.0158 80 200 120
2.9676 -4.2001 2.7456 80 200 120
0.2099 2.1705 0.4543 80 200 120
-2.8075 1.1748 0.8936 80 200 120
-0.7958 -2.2302 0.4257 80 200 120
-0.7963 -1.9887 0.0560 80 200 120
3.3794 -4.1665 3.0115 80 200 120
2.2212 -0.5988 0.3908 80 200 120
3.2440 -2.2073 1.3320 80 200 120
3.1594 -1.8100 1.2289 80 200 120
2.8444 -1.9306 0.7857 80 200 120
0.4757 -2.0611 0.1954 80 200 120
-1.1654 -2.8882 0.4888 80 200 120
-2.8741 -4.6488 -0.1909 80 200 120
-2.1999 -2.5823 0.0989 80 200 120
-2.4034 -1.8346 0.0068 80 200 120
-2.2153 -3.7704 1.3032 80 200 120
0.3019 1.0138 0.2499 80 200 120
-0.0645 5.2857 -0.1363 80 200 120
-2.6529 -1.1758 -0.0472 80 200 120
-3.7602 -1.1157 -0.1503 80 200 120
0.1685 2.6999 0.2280 80 200 120
-2.6048 -1.4145 -0.0522 80 200 120
-2.3183 -1.0116 0.8655 80 200 120
-1.2371 -3.0768 0.4312 80 200 120
0.2742 0.9962 -0.2350 80 200 120
0.3041 0.7364 -0.1032 80 200 120
-3.5179 -0.7087 0.0319 80 200 120
-3.5199 -0.3756 -0.0279 80 200 120
-2.3965 -1.2412 0.5353 80 200 120
0.3334 0.3541 0.0611 80 200 120
-2.0721 -0.5486 -0.0400 80 200 120
0.2738 0.6887 -0.0240 80 200 120
0.1118 1.4279 0.2901 80 200 120
2.8649 -0.6269 0.5693 80 200 120
0.1266 1.3595 0.9243 80 200 120
1.8752 0.6867 -0.0859 80 200 120
3.0222 -0.8699 0.6749 80 200 120
3.6603 1.7474 0.5292 80 200 120
3.4671 0.7660 2.8704 80 200 120
1.7324 -4.0898 3.2980 80 200 120
3.2662 1.8340 3.0989 80 200 120
3.4058 1.8346 0.0458 80 200 120
3.4232 2.8045 0.0933 80 200 120
2.8332 0.3379 0.2465 80 200 120
3.5488 3.3800 -0.0182 80 200 120
0.3031 0.5728 1.1320 80 200 120
-0.6017 -2.0379 1.0240 80 200 120
-0.5182 -1.7697 0.7844 80 200 120
-0.6510 -0.7902 0.7411 80 200 120
-1.2518 -1.0036 0.5142 80 200 120
-0.4631 -2.7076 1.2285 80 200 120
3.6635 -2.2927 2.8377 80 200 120
-3.2756 -3.6603 3.1386 80 200 120
3.3295 -2.2884 1.9087 80 200 120
0.4770 -0.4022 1.0608 80 200 120
1.9443 -0.7806 0.1859 80 200 120
-2.0238 -2.7834 0.1155 80 200 120
0.2883 0.7034 0.1668 80 200 120
1.3355 -4.7596 3.0702 80 200 120
0.3312 -0.0439 0.0632 80 200 120
0.2927 0.6726 -0.0132 80 200 120
0.3351 0.4912 0.0691 80 200 120
-2.5046 -4.1585 1.5228 80 200 120
-0.0208 -0.0533 0.0825 80 200 120
-2.9999 -4.0199 1.5324 80 200 120
0.1595 -0.0574 0.1139 80 200 120
-2.4569 -2.8344 1.5171 80 200 120
0.3734 -0.2478 1.0776 80 200 120
-2.7581 -5.7474 1.7184 80 200 120
-0.0623 -0.0496 0.5841 80 200 120
0.2523 5.0402 0.0184 80 200 120
2.0791 -0.6321 0.7292 80 200 120
3.5180 2.4642 1.9381 80 200 120
3.6045 2.9163 1.5804 80 200 120
3.4104 2.5417 3.1699 80 200 120
3.4614 2.6219 2.4065 80 200 120
2.3695 2.6316 0.4466 80 200 120
3.6542 -3.1676 0.5200 80 200 120
2.8750 -0.9050 0.6844 80 200 120
3.4487 0.9525 0.0551 80 200 120
2.5907 -1.0716 0.6874 80 200 120
3.4103 1.1766 0.0769 80 200 120
4.1846 -5.9180 0.1028 80 200 120
3.4389 1.4392 0.0774 80 200 120
4.6362 1.0947 -0.3930 80 200 120
0.1478 2.8393 0.4913 80 200 120
1.8424 3.4774 0.5447 80 200 120
0.2515 1.7037 0.4795 80 200 120
0.4472 -3.6832 2.1882 80 200 120
-0.3209 -1.4137 0.5705 80 200 120
3.3499 -4.5299 0.4000 80 200 120
-2.6320 -2.4566 0.6368 80 200 120
2.2899 -0.7924 0.4297 80 200 120
-0.9235 -2.3845 0.3663 80 200 120
2.6096 0.2728 0.6078 80 200 120
-2.1929 -4.6185 1.4140 80 200 120
0.0648 -0.0573 0.1104 80 200 120
-2.2124 -2.5544 0.1053 80 200 120
0.3282 0.4197 0.0040 80 200 120
0.2773 1.2719 0.2116 80 200 120
-1.2690 -2.4988 1.7828 80 200 120
0.3027 0.7856 -0.1873 80 200 120
-2.4883 -2.4017 1.2094 80 200 120
-2.1702 -0.9182 1.1055 80 200 120
-1.2482 0.1173 0.6269 80 200 120
-0.1540 -0.0288 0.7565 80 200 120
-0.1274 -0.0365 0.8587 80 200 120
-2.5003 -0.0642 0.2764 80 200 120
-0.0395 -0.0530 0.5065 80 200 120
3.4140 0.5751 0.2879 80 200 120
2.9309 0.3174 0.3820 80 200 120
2.1704 -1.4071 0.1643 80 200 120
0.3159 0.5436 0.0050 80 200 120
0.3218 -0.0248 0.0316 80 200 120
0.4580 6.5627 2.3430 80 200 120
3.3645 3.2305 2.6294 80 200 120
2.8849 1.3236 0.0020 80 200 120
3.3223 2.1641 2.5977 80 200 120
3.3763 0.1728 2.7458 80 200 120
2.8199 4.4283 3.3460 80 200 120
-1.5061 0.8517 1.0814 80 200 120
0.1883 0.6521 1.1619 80 200 120
0.0815 0.6009 1.1532 80 200 120
1.0290 3.8262 0.0291 80 200 120
-0.5035 1.2425 1.1351 80 200 120
1.2731 -1.3405 3.2277 80 200 120
-1.5679 -3.5072 0.1310 80 200 120
3.7092 -3.5032 2.1977 80 200 120
2.6691 -1.9012 0.5611 80 200 120
-2.1946 -2.1604 0.1083 80 200 120
-0.8485 -0.9384 0.5958 80 200 120
2.4346 -1.7175 2.4590 80 200 120
3.0188 1.6281 0.1956 80 200 120
-2.3166 -3.9107 1.3071 80 200 120
2.9633 1.3234 -0.0300 80 200 120
-0.2176 -0.0178 0.6286 80 200 120
-0.2898 -0.0040 1.0699 80 200 120
0.4465 -2.4072 0.0592 80 200 120
-0.2493 -0.0106 0.8606 80 200 120
-2.3263 -3.2402 1.4488 80 200 120
0.3249 -2.5646 -0.2070 80 200 120
-2.4303 -3.0810 0.5414 80 200 120
0.3347 0.2847 0.6200 80 200 120
0.2681 1.4780 -0.4029 80 200 120
-2.6890 -2.2212 1.3371 80 200 120
2.8798 0.5486 0.0640 80 200 120
3.7236 0.7507 0.4623 80 200 120
3.6359 1.2520 0.2802 80 200 120
3.4994 0.9588 0.1143 80 200 120
3.4102 1.2454 0.6170 80 200 120
0.1098 -0.0501 -0.0496 80 200 120
1.4147 -0.5715 0.0804 80 200 120
3.1198 -0.8993 0.6511 80 200 120
0.3364 0.2073 -0.0189 80 200 120
3.0257 3.3009 3.0754 80 200 120
3.1573 -4.2565 0.4700 80 200 120
2.6493 -4.5675 1.3187 80 200 120
0.8506 -3.2070 3.2199 80 200 120
1.6008 1.4861 0.7267 80 200 120
0.1929 0.5062 1.1383 80 200 120
1.3136 4.5104 0.0982 80 200 120
0.8311 -1.8160 3.2890 80 200 120
-2.6631 -5.8441 3.3995 80 200 120
-3.4161 -4.3967 -0.3481 80 200 120
-0.7813 -2.1835 0.2201 80 200 120
-5.7201 -2.0584 0.5713 80 200 120
-2.9454 -6.8405 2.6419 80 200 120
0.0101 -8.1819 -0.4285 80 200 120
2.1518 -4.5979 3.0091 80 200 120
-0.3175 -2.7864 1.2445 80 200 120
-1.3668 -2.5877 0.0123 80 200 120
2.1613 -3.3636 -0.0508 80 200 120
-1.7537 -2.0737 0.6076 80 200 120
0.6986 -2.3391 0.0640 80 200 120
-0.2667 -0.0042 0.1855 80 200 120
0.2468 2.0189 -0.0011 80 200 120
-5.4463 -8.4019 3.6064 80 200 120
-0.3758 -1.1939 -0.1730 80 200 120
0.3163 -3.8262 -0.3556 80 200 120
-0.1615 -0.0181 0.5859 80 200 120
-2.3486 -4.7405 2.1009 80 200 120
-2.3429 -2.3773 2.5044 80 200 120
-2.5686 -3.8063 0.5800 80 200 120
3.5050 1.5477 1.1499 80 200 120
3.5680 1.6273 0.7174 80 200 120
1.4712 0.2650 0.0579 80 200 120
0.1148 0.8984 1.1976 80 200 120
3.4374 3.6191 3.1424 80 200 120
-0.1534 2.5578 0.7360 80 200 120
0.3052 0.5314 -0.1855 80 200 120
3.4328 3.1656 3.1146 80 200 120
-0.1500 -3.6148 3.3955 80 200 120
3.5720 -4.2446 1.5777 80 200 120
3.2430 2.6300 0.1119 80 200 120
2.3691 3.2340 0.6421 80 200 120
3.5877 -4.7605 2.0779 80 200 120
-2.3735 -3.1806 1.0053 80 200 120
1.4783 -3.4731 3.1003 80 200 120
0.5217 -5.2616 0.2562 80 200 120
2.7948 -1.7210 -0.0233 80 200 120
2.6326 -1.8929 0.0774 80 200 120
3.1921 -2.7760 -0.0230 80 200 120
3.4835 -1.2733 1.0537 80 200 120
2.6738 -4.7773 0.2347 80 200 120
-0.7500 -4.9105 2.8179 80 200 120
3.4133 -3.2302 3.1327 80 200 120
4.1281 2.4048 -0.2316 80 200 120
3.5039 1.2147 0.0529 80 200 120
3.2916 -2.5647 3.0581 80 200 120
3.2259 -3.9603 0.2011 80 200 120
-2.5288 -3.0498 2.7673 80 200 120
-2.2422 0.5166 0.9273 80 200 120
-2.7271 0.2832 0.1948 80 200 120
-2.8786 0.3778 0.8515 80 200 120
3.6465 1.6413 0.3076 80 200 120
1.6727 0.6483 -0.1153 80 200 120
3.5798 1.9859 1.0868 80 200 120
3.3786 1.3252 0.9639 80 200 120
-0.2425 -0.0331 -0.4019 80 200 120
2.1656 -1.3991 -0.0021 80 200 120
-0.8438 0.0264 -0.5601 80 200 120
3.4618 2.3957 0.0383 80 200 120
2.7013 3.1469 0.2868 80 200 120
3.1448 0.4151 0.1308 80 200 120
3.8685 2.3957 0.4199 80 200 120
2.0506 -6.5901 2.1558 80 200 120
3.2980 3.0992 0.0655 80 200 120
3.2842 3.4336 0.6339 80 200 120
-0.4798 2.1158 1.1747 80 200 120
0.4283 2.5891 0.5854 80 200 120
-0.5933 1.1310 1.0962 80 200 120
3.3759 2.3504 1.8710 80 200 120
-2.7017 -1.9401 -0.1051 80 200 120
-2.5764 -3.3691 -0.0514 80 200 120
3.3311 -3.3116 -0.0819 80 200 120
2.5935 -1.2785 0.0091 80 200 120
2.0461 -5.3544 -0.2391 80 200 120
2.8165 -4.1045 -0.0289 80 200 120
0.3852 -1.5979 -0.0755 80 200 120
-2.0994 -2.4907 0.1682 80 200 120
0.3329 0.3070 0.0478 80 200 120
-2.4461 -2.3344 -0.0053 80 200 120
2.0298 0.6329 0.1700 80 200 120
0.0165 -0.0494 0.0052 80 200 120
-2.2636 -3.8349 1.2079 80 200 120
1.7278 0.1803 0.0724 80 200 120
-3.9965 3.0852 2.2642 80 200 120
0.3464 -3.2173 0.4390 80 200 120
4.1406 -2.8461 -0.5263 80 200 120
3.3336 1.9622 0.5440 80 200 120
1.8853 1.0059 0.0007 80 200 120
2.6908 0.6701 -0.0596 80 200 120
3.3842 1.9337 1.4243 80 200 120
3.5966 2.4446 1.3218 80 200 120
3.6550 2.4152 0.7687 80 200 120
3.2703 1.4492 -0.0739 80 200 120
3.6174 2.5251 0.2921 80 200 120
3.4185 2.7881 1.9080 80 200 120
1.2731 0.6628 -0.2043 80 200 120
0.1681 1.3044 0.1933 80 200 120
0.2719 0.7524 0.0950 80 200 120
3.2162 0.6510 0.1640 80 200 120
0.3845 -5.0948 3.3304 80 200 120
0.5227 -2.2294 3.0776 80 200 120
1.9935 -4.9196 2.7370 80 200 120
-3.1766 0.8005 0.8516 80 200 120
-0.5478 1.3114 1.1103 80 200 120
-3.3883 2.0981 0.7771 80 200 120
-0.4961 0.7753 1.1170 80 200 120
-0.3394 0.4562 1.1145 80 200 120
2.0555 4.4955 0.1022 80 200 120
-0.3290 2.2893 1.1422 80 200 120
1.2427 -4.2189 2.3332 80 200 120
-2.2994 -3.0624 0.9585 80 200 120
2.4991 -2.7861 3.1518 80 200 120
2.4710 -0.5792 -0.0394 80 200 120
0.3448 -1.8072 0.6313 80 200 120
-1.8997 -3.3909 2.1001 80 200 120
-0.0718 -0.6139 -0.0878 80 200 120
-1.4690 -2.2014 -0.1817 80 200 120
-2.3411 0.2253 -0.0572 80 200 120
-0.4501 -0.4712 -0.0274 80 200 120
0.3189 -1.8589 0.0280 80 200 120
4.3471 3.1633 2.1659 80 200 120
1.3714 0.8601 -0.0949 80 200 120
3.7171 3.5713 2.6770 80 200 120
3.5017 2.6179 1.0253 80 200 120
2.9723 2.1974 0.0928 80 200 120
3.9917 3.2354 1.5848 80 200 120
3.6917 3.7903 2.0111 80 200 120
3.6751 3.1284 0.6839 80 200 120
1.6459 1.3754 -0.0452 80 200 120
2.9600 2.7724 0.1972 80 200 120
3.9122 4.4552 1.1590 80 200 120
3.4167 3.2820 1.4257 80 200 120
3.2859 1.1019 0.0294 80 200 120
3.1998 3.3254 0.6794 80 200 120
0.1893 -0.0537 0.2163 80 200 120
2.4661 -0.7154 0.7665 80 200 120
3.7235 3.6723 2.2770 80 200 120
1.8832 -4.7690 3.1595 80 200 120
3.5499 -1.4434 0.9400 80 200 120
3.8128 2.1493 1.1115 80 200 120
1.3662 -3.9550 3.2299 80 200 120
-2.4841 1.2157 0.8791 80 200 120
0.2442 0.5627 1.1484 80 200 120
0.1124 0.5782 1.1468 80 200 120
0.0948 3.6046 -0.2856 80 200 120
0.2087 -4.8847 3.3618 80 200 120
2.8396 -6.3053 0.8337 80 200 120
0.1162 -8.4050 -0.2766 80 200 120
-2.9532 -3.6547 0.3607 80 200 120
0.5077 -2.1462 0.4085 80 200 120
1.7591 -0.5498 0.3949 80 200 120
1.1559 -3.4921 0.2050 80 200 120
1.7188 -5.1989 1.9534 80 200 120
1.6266 -5.5944 2.7395 80 200 120
-0.7732 -2.2514 0.1544 80 200 120
0.4369 -3.8963 2.7256 80 200 120
3.0952 -2.9778 -0.3005 80 200 120
2.9249 1.3385 -0.0487 80 200 120
0.6114 -3.0912 0.5368 80 200 120
1.0648 -0.5151 0.3565 80 200 120
-1.5850 -3.4588 2.1538 80 200 120
0.6968 -2.0459 0.4250 80 200 120
-3.3162 -0.0208 0.0155 80 200 120
2.1187 2.4120 0.1833 80 200 120
2.4104 2.8330 0.5889 80 200 120
5.0144 7.5462 2.9269 80 200 120
3.8612 5.5920 3.3314 80 200 120
3.2152 4.0417 2.4436 80 200 120
3.1757 3.7960 1.7252 80 200 120
1.2764 1.0913 0.0857 80 200 120
3.6036 3.1261 1.1473 80 200 120
1.8116 2.7471 0.0087 80 200 120
1.7746 3.1809 0.6150 80 200 120
1.9985 2.9170 0.6722 80 200 120
1.8267 2.8488 0.3688 80 200 120
3.1894 4.2978 1.3808 80 200 120
2.1971 4.3849 1.8149 80 200 120
2.7922 5.2767 3.0022 80 200 120
1.9150 2.5438 0.2145 80 200 120
1.7975 4.0396 0.0556 80 200 120
1.5707 4.8310 0.4914 80 200 120
1.9313 5.1646 1.5982 80 200 120
2.0580 1.3596 -0.0410 80 200 120
1.4109 -0.9598 0.5713 80 200 120
2.2279 -1.2426 0.3133 80 200 120
3.7056 3.9136 3.3030 80 200 120
3.3791 -3.5281 1.7787 80 200 120
2.4795 -0.1197 0.6247 80 200 120
3.0275 -5.3552 1.3441 80 200 120
2.6907 0.3169 0.3330 80 200 120
3.2926 0.8467 0.1237 80 200 120
0.8696 5.3349 3.3980 80 200 120
1.5627 4.3710 3.2124 80 200 120
-0.4660 3.7079 1.1480 80 200 120
-0.3615 0.4538 1.0925 80 200 120
0.2968 0.6636 1.1130 80 200 120
-3.3918 -4.7245 1.8214 80 200 120
1.1217 -4.3272 3.1182 80 200 120
-1.0810 -4.6009 3.5026 80 200 120
0.4440 -2.6620 3.2787 80 200 120
0.6507 -8.0362 -0.6180 80 200 120
-2.7407 -2.7679 3.1368 80 200 120
-3.1176 -5.0207 -0.2764 80 200 120
3.2961 -2.8097 2.5989 80 200 120
-2.4342 -3.2377 -0.0451 80 200 120
-2.3121 -4.1549 1.6376 80 200 120
0.3061 0.7918 0.1096 80 200 120
-0.2717 0.5897 1.1238 80 200 120
-0.9357 0.5320 1.0854 80 200 120
0.2841 2.2594 -0.7312 80 200 120
0.2408 2.6072 -1.4866 80 200 120
2.4234 2.7068 0.4828 80 200 120
1.1684 5.1350 1.9405 80 200 120
0.6172 4.7937 0.9655 80 200 120
0.9303 2.0415 0.0481 80 200 120
0.5640 1.8732 -0.0654 80 200 120
0.8981 1.3964 -0.0608 80 200 120
0.4235 0.9703 0.0782 80 200 120
2.5167 4.2516 2.1098 80 200 120
0.8821 4.8356 0.5593 80 200 120
1.3743 4.5000 1.8909 80 200 120
0.5300 1.2642 0.0126 80 200 120
0.9030 1.0292 0.0098 80 200 120
1.2998 1.5993 0.0356 80 200 120
0.2546 0.8345 -0.0165 80 200 120
0.2331 1.0020 0.1157 80 200 120
0.5624 -2.5618 3.3633 80 200 120
3.0228 -0.2300 0.6808 80 200 120
2.9369 -0.8242 0.6740 80 200 120
1.5523 1.7903 0.8619 80 200 120
3.0024 -1.2725 0.5754 80 200 120
3.7198 3.6605 1.8235 80 200 120
3.3582 3.5479 3.1114 80 200 120
1.1791 2.5729 3.2266 80 200 120
2.5088 3.1747 3.1667 80 200 120
3.2984 3.3226 1.9663 80 200 120
1.4775 3.9906 2.9858 80 200 120
4.2345 6.0419 2.4320 80 200 120
0.1927 2.4810 0.3534 80 200 120
-1.1004 1.1295 0.9971 80 200 120
3.9187 -4.8695 3.4029 80 200 120
-0.2196 -4.7891 3.1096 80 200 120
-1.4553 -5.5386 2.4258 80 200 120
2.4783 -7.6092 0.0582 80 200 120
-0.0298 -5.7683 2.6899 80 200 120
2.8120 -4.8195 0.1045 80 200 120
-3.0785 -3.4015 -0.2228 80 200 120
0.3497 -1.9499 0.4082 80 200 120
-2.7089 -2.1291 -0.0714 80 200 120
-2.2436 -1.3578 0.9427 80 200 120
3.7350 -3.9236 1.7554 80 200 120
1.1205 -4.6138 0.6800 80 200 120
-1.9599 1.0160 3.1026 80 200 120
-1.7498 -0.7938 1.1434 80 200 120
-3.3376 -1.6898 1.8728 80 200 120
2.3863 -5.2969 0.2966 80 200 120
1.4442 -4.4315 1.2060 80 200 120
0.1003 -1.7266 -0.0292 80 200 120
-0.4139 -1.6724 0.0812 80 200 120
2.8355 0.3199 0.1981 80 200 120
-2.1369 -1.6885 0.1111 80 200 120
3.3339 1.7832 0.0200 80 200 120
-0.6087 -2.8203 1.1736 80 200 120
0.3222 -0.0439 0.0320 80 200 120
-2.4449 -2.6843 1.4824 80 200 120
-2.1288 -3.0057 1.4355 80 200 120
-2.1195 -4.6325 1.5461 80 200 120
-3.2131 -1.5422 1.3013 80 200 120
-0.5372 0.4411 1.0937 80 200 120
-0.4255 0.1893 1.1031 80 200 120
-0.2993 0.3767 1.1093 80 200 120
0.1362 -0.0617 0.1305 80 200 120
2.2405 0.7323 -0.0098 80 200 120
1.0236 1.8320 0.1869 80 200 120
0.7129 1.8930 -0.1828 80 200 120
0.4073 1.7536 0.0477 80 200 120
1.1032 4.4536 0.0934 80 200 120
3.2399 2.2058 1.8206 80 200 120
2.3138 -0.8369 -0.0008 80 200 120
0.4316 5.3796 2.1208 80 200 120
0.3433 -0.0270 0.3376 80 200 120
3.1295 -0.1976 0.6844 80 200 120
0.3333 0.4257 0.0292 80 200 120
3.6874 -0.8696 0.9157 80 200 120
2.3111 2.5541 0.4605 80 200 120
4.4124 -3.4676 -0.3524 80 200 120
3.3456 -2.0658 0.4314 80 200 120
2.6737 -1.3529 0.5953 80 200 120
4.7048 -5.3362 0.3005 80 200 120
3.7483 3.7017 -0.0923 80 200 120
3.6769 -1.3206 0.5237 80 200 120
1.8590 -9.4749 3.6799 80 200 120
2.5812 1.1358 0.1600 80 200 120
2.5400 -0.8162 0.6239 80 200 120
3.9483 -3.4195 -0.1394 80 200 120
2.8868 1.9350 0.2702 80 200 120
4.0994 -4.1421 -0.1509 80 200 120
1.1416 2.5905 3.1933 80 200 120
3.0744 1.6815 0.1651 80 200 120
3.1897 -4.3506 1.2006 80 200 120
1.3352 3.5106 3.2176 80 200 120
3.5009 3.3903 2.6973 80 200 120
-0.7402 2.3477 1.0194 80 200 120
-2.9671 0.4030 0.8670 80 200 120
-1.4233 1.1821 0.9775 80 200 120
-2.6241 0.6386 0.9569 80 200 120
-2.4530 0.9593 0.9492 80 200 120
4.1711 -7.5620 1.2650 80 200 120
0.1430 -4.5702 3.5575 80 200 120
-0.7285 -2.2016 3.1660 80 200 120
-2.7273 -4.0181 1.1646 80 200 120
0.1136 -2.5222 2.8282 80 200 120
3.9562 -2.9709 3.4984 80 200 120
-2.6623 -4.4577 -0.0770 80 200 120
4.8674 -6.6508 2.2895 80 200 120
-3.6497 -4.6134 -0.5516 80 200 120
0.7103 -2.2511 0.1168 80 200 120
0.5651 -5.2829 0.9312 80 200 120
0.6256 -3.3193 1.2826 80 200 120
0.3293 -1.7880 0.2144 80 200 120
2.6389 0.2714 -0.0511 80 200 120
2.0708 -1.9025 -0.0579 80 200 120
2.9684 1.1797 0.1684 80 200 120
2.8109 -4.7961 3.1071 80 200 120
0.3071 0.6139 0.1296 80 200 120
0.3302 0.4913 0.1160 80 200 120
0.0307 -0.0627 0.0814 80 200 120
-2.1106 -3.6041 1.4550 80 200 120
-4.3341 0.6237 0.6946 80 200 120
-3.2445 1.6228 0.8131 80 200 120
-0.3292 1.4139 1.1651 80 200 120
-3.1131 -5.2172 2.5360 80 200 120
1.4863 5.3325 1.4910 80 200 120
1.4502 0.7625 -0.0530 80 200 120
0.9887 0.6532 -0.0327 80 200 120
1.5956 0.4482 0.0104 80 200 120
1.4730 0.6607 -0.0787 80 200 120
0.2098 1.0287 -0.2127 80 200 120
0.3486 3.3232 0.4339 80 200 120
2.5131 -0.5715 0.6118 80 200 120
-0.4067 2.7204 1.1399 80 200 120
0.2353 0.9505 -0.4449 80 200 120
3.3684 4.7380 3.0760 80 200 120
-0.5777 2.0756 1.1582 80 200 120
3.0942 -1.3330 0.4531 80 200 120
2.4891 -0.7926 0.6133 80 200 120
8.0258 -2.6159 -0.5038 80 200 120
3.6557 -2.6769 0.3231 80 200 120
3.3796 -3.1142 1.4704 80 200 120
2.6967 3.2732 0.5434 80 200 120
3.0999 -0.7260 0.4486 80 200 120
3.1417 4.2194 2.7524 80 200 120
2.2215 4.5132 2.9800 80 200 120
2.3445 5.1453 -0.0529 80 200 120
2.1186 4.1074 0.4094 80 200 120
-0.8763 2.1825 0.9923 80 200 120
1.0372 4.0757 0.0310 80 200 120
0.5074 -2.8492 2.3614 80 200 120
-0.4742 -2.5510 3.2187 80 200 120
-0.9163 -2.5132 0.6580 80 200 120
3.0125 -2.8005 1.9978 80 200 120
-3.3391 -3.0166 -0.3270 80 200 120
2.3435 -2.5684 1.1618 80 200 120
4.1893 -53.4333 -20.8841 80 200 120
3.6237 -2.3076 2.7957 80 200 120
3.0563 -2.7579 1.4195 80 200 120
2.7370 -5.7579 0.6864 80 200 120
2.8911 -1.5237 0.9451 80 200 120
2.3154 -5.9947 0.6898 80 200 120
-1.8448 -1.3315 0.2609 80 200 120
-2.4198 -4.1005 1.2607 80 200 120
0.4563 -3.4477 2.5608 80 200 120
0.6547 -2.0726 0.2125 80 200 120
0.6787 -1.9539 0.4999 80 200 120
-2.9018 0.9514 0.8976 80 200 120
-2.6566 1.6339 0.9214 80 200 120
-1.5192 2.1153 1.0184 80 200 120
-1.3306 1.5573 1.0381 80 200 120
-0.8799 -2.6033 1.1798 80 200 120
-1.1828 1.1969 0.9653 80 200 120
1.8793 3.3762 -0.4552 80 200 120
0.3723 2.6485 0.0909 80 200 120
1.8226 0.0484 0.0561 80 200 120
0.0268 4.1268 0.1693 80 200 120
2.2823 2.1141 -0.0570 80 200 120
0.8408 2.8414 0.0510 80 200 120
2.4506 4.4420 1.0885 80 200 120
1.8285 0.4238 -0.0199 80 200 120
3.4179 -1.7982 -0.3574 80 200 120
2.6406 2.6596 2.6393 80 200 120
3.3640 3.2382 2.6394 80 200 120
2.1990 -1.4115 -0.0104 80 200 120
1.3881 0.2656 0.0677 80 200 120
1.9599 -3.8652 1.1803 80 200 120
3.4829 0.7617 0.0386 80 200 120
2.1791 2.9253 0.7069 80 200 120
6.9053 4.7471 -1.2831 80 200 120
2.3252 0.2087 0.7290 80 200 120
2.0241 -6.4484 2.0998 80 200 120
5.2991 -5.3767 -0.6291 80 200 120
0.3414 -9.5144 4.9292 80 200 120
3.4646 2.5692 3.1692 80 200 120
1.1380 5.1090 1.9944 80 200 120
0.5742 4.2848 3.1167 80 200 120
1.3675 3.4507 3.1775 80 200 120
2.7532 4.1668 3.0176 80 200 120
3.2762 1.9063 3.0193 80 200 120
0.2955 2.7790 3.1729 80 200 120
3.1690 4.3537 1.6546 80 200 120
0.5070 4.9291 2.6367 80 200 120
0.7960 2.3354 3.2231 80 200 120
2.8466 4.9686 2.3116 80 200 120
2.7272 2.5764 3.2701 80 200 120
3.4238 3.0584 3.1490 80 200 120
3.5626 2.7256 2.5300 80 200 120
0.4586 3.4480 3.1466 80 200 120
2.7909 0.9334 3.2996 80 200 120
1.5699 5.0360 2.4234 80 200 120
2.0510 2.9625 3.1940 80 200 120
1.8606 4.7524 2.7997 80 200 120
1.5210 1.5874 3.1775 80 200 120
1.9368 4.0429 3.2126 80 200 120
1.5863 0.9831 3.1762 80 200 120
0.9170 4.8832 0.5542 80 200 120
1.6224 5.0303 1.9278 80 200 120
1.8978 3.4600 3.1856 80 200 120
2.5195 5.1775 1.9649 80 200 120
3.7133 1.3446 3.2624 80 200 120
1.3987 2.4029 3.2236 80 200 120
0.6829 0.9307 3.2707 80 200 120
2.0285 1.7564 3.1500 80 200 120
2.4808 0.5305 3.3994 80 200 120
2.3725 3.6932 3.2246 80 200 120
3.3798 1.4485 3.5129 80 200 120
1.8786 0.8529 3.1693 80 200 120
2.7420 4.7698 2.7958 80 200 120
3.0212 2.4051 3.2880 80 200 120
2.5982 1.3839 3.1980 80 200 120
2.2751 2.7264 3.2598 80 200 120
0.6210 0.4541 3.1721 80 200 120
1.4007 1.9998 3.1894 80 200 120
0.9566 3.3402 3.2218 80 200 120
1.0367 4.1924 3.1620 80 200 120
1.2685 0.7795 3.2690 80 200 120
1.1016 1.3594 3.2213 80 200 120
1.3997 1.3425 3.2065 80 200 120
3.2308 0.5904 3.6111 80 200 120
1.3333 0.6025 3.1680 80 200 120
0.6622 2.3823 3.0105 80 200 120
1.4522 0.2724 2.8234 80 200 120
3.3766 4.2584 3.1682 80 200 120
3.6043 2.3203 2.7348 80 200 120
-0.0111 0.5650 1.1387 80 200 120
-2.8742 1.5417 0.9659 80 200 120
0.1592 0.5811 1.1293 80 200 120
0.2264 1.7286 0.8365 80 200 120
-0.8345 0.7031 0.8812 80 200 120
-0.4992 2.8159 1.1622 80 200 120
0.0625 0.5611 1.1359 80 200 120
1.3386 -5.0896 3.0835 80 200 120
2.8879 -8.3854 0.8966 80 200 120
0.8880 -3.0400 0.4538 80 200 120
-1.5228 -4.3605 2.0656 80 200 120
-1.7519 -2.7303 0.2981 80 200 120
-2.1661 -1.7819 0.4500 80 200 120
4.2502 -3.5469 0.9294 80 200 120
-2.4895 -2.2151 0.4987 80 200 120
1.1263 -2.6013 -0.0702 80 200 120
2.5163 0.4771 0.3927 80 200 120
-1.8580 -2.5950 0.1958 80 200 120
0.3559 -2.2594 0.4536 80 200 120
0.3267 -3.9171 0.2586 80 200 120
0.2943 0.6998 -0.1103 80 200 120
0.5111 -33.3992 -13.4329 80 200 120
-4.6751 -7.3596 -0.9683 80 200 120
0.0233 0.4609 1.1638 80 200 120
-7.0267 -9.3087 -2.2117 80 200 120
-0.4548 -0.0722 0.7077 80 200 120
-2.1153 1.6968 0.8554 80 200 120
0.6528 -1.4454 -0.1246 80 200 120
-3.9485 4.7277 2.8664 80 200 120
-1.7339 -3.6050 1.8897 80 200 120
-1.4776 -2.3220 1.1824 80 200 120
-3.5715 2.3095 1.1972 80 200 120
-3.0968 4.9046 1.8701 80 200 120
-0.1279 -1.8042 1.2421 80 200 120
-4.9787 4.0760 2.8150 80 200 120
0.4073 1.1531 0.1452 80 200 120
3.4211 2.3333 0.0252 80 200 120
1.9039 4.3529 1.2398 80 200 120
2.0836 0.8915 0.0807 80 200 120
2.7201 3.5515 0.7486 80 200 120
1.7807 0.2286 0.0018 80 200 120
3.6967 2.9239 2.2931 80 200 120
-0.1058 2.3513 1.0752 80 200 120
208.2053 -104.6816 -57.3983 80 200 120
0.3042 0.4155 1.1346 80 200 120
2.8294 -0.4140 0.6808 80 200 120
0.3050 0.5286 1.1336 80 200 120
-0.3594 0.7417 1.1495 80 200 120
4.0042 -1.1556 0.4239 80 200 120
5.0435 10.3879 4.5051 80 200 120
151.5891 60.6059 -61.8005 80 200 120
5.6201 -8.0845 -0.3143 80 200 120
0.4756 4.5143 1.9749 80 200 120
0.3025 1.0585 3.1814 80 200 120
1.3371 4.7187 0.1672 80 200 120
-3.7690 5.5227 1.3017 80 200 120
0.2965 1.1063 0.9099 80 200 120
0.7616 3.4549 0.2736 80 200 120
-0.8477 1.8595 0.9332 80 200 120
-2.7703 -4.3197 2.9598 80 200 120
-2.4942 -6.7177 3.5145 80 200 120
-2.2214 -4.2393 2.9131 80 200 120
-0.6725 -5.2678 4.0433 80 200 120
1.1744 -4.0471 3.3782 80 200 120
-1.9879 -3.5299 2.9916 80 200 120
-0.7799 -6.1756 2.5526 80 200 120
-1.5611 -3.2099 3.4909 80 200 120
2.5861 -3.0986 3.2522 80 200 120
0.3005 -3.2650 0.4966 80 200 120
-0.3748 -7.7278 2.4258 80 200 120
4.6915 -11.5638 -0.5273 80 200 120
0.2534 -4.4115 0.7147 80 200 120
0.5267 -4.7376 -0.1981 80 200 120
-2.9026 -1.4690 2.9349 80 200 120
-2.4063 -2.2884 0.0601 80 200 120
-2.8444 -1.1260 1.1029 80 200 120
2.8321 -1.8133 0.5910 80 200 120
2.8431 -5.0190 1.3358 80 200 120
3.6525 -3.1430 0.5251 80 200 120
3.6959 -2.5564 0.0626 80 200 120
3.1959 -1.8245 0.3672 80 200 120
-3.8763 -3.4570 0.3403 80 200 120
2.9476 -8.4055 -2.9940 80 200 120
-7.8852 1.4554 4.3599 80 200 120
-2.2732 3.8807 0.9283 80 200 120
-3.5398 3.2806 1.7053 80 200 120
-1.4691 -2.1350 1.9660 80 200 120
-4.4552 1.0706 2.7214 80 200 120
-0.9540 -0.1003 0.8578 80 200 120
-0.0418 0.4603 1.1452 80 200 120
-3.6458 5.3101 1.2331 80 200 120
-0.5252 -0.1479 0.4797 80 200 120
2.5367 0.2499 0.3245 80 200 120
1.3935 4.1014 2.2649 80 200 120
1.1033 0.6304 -0.0163 80 200 120
3.2995 1.8574 0.0648 80 200 120
1.5070 0.0169 0.0099 80 200 120
1.7539 -0.2505 0.0033 80 200 120
0.3705 0.6889 0.7088 80 200 120
0.3247 0.5279 0.1119 80 200 120
-0.3104 1.3719 1.0747 80 200 120
0.2828 0.7143 -0.0058 80 200 120
3.1390 -3.4148 3.0475 80 200 120
4.4546 0.5387 -0.4203 80 200 120
2.8770 -4.9814 1.3525 80 200 120
0.0443 -3.9061 3.2893 80 200 120
0.3204 1.5225 3.0902 80 200 120
3.0648 0.9766 3.2249 80 200 120
-3.1682 3.6594 3.0625 80 200 120
-1.0590 0.9394 1.0394 80 200 120
-4.2506 2.6777 -0.3109 80 200 120
0.0143 0.5327 1.1473 80 200 120
-1.9348 0.3106 1.0048 80 200 120
2.5899 -4.6597 3.8340 80 200 120
0.2360 -4.6983 1.0858 80 200 120
0.6882 -3.6285 1.2037 80 200 120
-0.6427 -4.9127 2.9159 80 200 120
1.8469 -6.0456 -0.1359 80 200 120
-0.9278 -5.1768 1.2605 80 200 120
-6.5956 -10.6079 -1.6133 80 200 120
-1.9121 -4.5528 0.1058 80 200 120
-2.8261 -1.1732 0.8392 80 200 120
-1.3495 -3.3896 0.0329 80 200 120
-0.8897 -2.4836 0.0611 80 200 120
-0.8627 -1.1800 0.6107 80 200 120
-1.8581 -3.3444 -0.3707 80 200 120
0.5252 -2.2853 0.3496 80 200 120
2.8531 -3.7706 1.8746 80 200 120
3.7180 -6.6055 0.6278 80 200 120
2.4776 -1.6339 -0.2145 80 200 120
-0.4636 -4.8396 1.4250 80 200 120
3.0144 2.0125 0.2301 80 200 120
2.4376 -5.4199 3.3043 80 200 120
-2.0100 1.5796 0.4902 80 200 120
-1.6832 4.7235 0.7310 80 200 120
-0.4965 0.1058 1.0078 80 200 120
0.2304 1.8391 0.3380 80 200 120
2.4151 0.4089 0.0923 80 200 120
1.2980 0.3935 0.0231 80 200 120
3.3120 -1.7251 -0.2749 80 200 120
3.1769 3.2850 2.9519 80 200 120
-0.2823 2.1806 1.1853 80 200 120
1.9312 3.7162 2.7256 80 200 120
-1.0445 -7.5789 4.1400 80 200 120
2.8827 -3.0922 0.7377 80 200 120
1.5951 -4.7179 1.8984 80 200 120
0.4059 -3.7730 2.7875 80 200 120
0.8462 -3.0192 2.1594 80 200 120
2.5726 0.0205 0.8160 80 200 120
1.7650 -0.1021 0.8656 80 200 120
2.4534 -6.5936 1.8748 80 200 120
2.5661 -0.1833 0.7976 80 200 120
3.1859 0.9086 2.2050 80 200 120
-0.0679 -1.4275 2.3921 80 200 120
-0.1254 -3.3472 3.2021 80 200 120
2.9633 -1.1922 2.8533 80 200 120
-0.2535 -8.2159 3.7109 80 200 120
3.6109 0.9153 2.0377 80 200 120
0.3777 -3.9548 3.2735 80 200 120
1.9309 4.9776 1.5837 80 200 120
-1.4624 1.4688 0.8954 80 200 120
0.4087 3.8718 0.3004 80 200 120
-10.0003 3.4746 -0.1373 80 200 120
-37.1338 3.9765 22.3157 80 200 120
-3.4865 4.3690 2.4497 80 200 120
-1.5190 1.7211 1.0072 80 200 120
-3.2093 2.8293 1.5648 80 200 120
-4.4189 2.7218 1.1219 80 200 120
-2.2338 2.6073 1.1150 80 200 120
-27.0584 18.2825 0.0294 80 200 120
0.1457 3.5278 0.3756 80 200 120
-3.5905 5.7061 2.0145 80 200 120
-0.6369 2.5717 0.6204 80 200 120
-1.6045 5.2103 2.4709 80 200 120
-1.0084 4.6977 2.0965 80 200 120
-13.2247 2.3356 6.1921 80 200 120
1.5500 4.3559 0.3123 80 200 120
-0.1189 -1.1346 3.1969 80 200 120
-3.3439 -4.4081 2.7268 80 200 120
-8.8408 -1.7076 -1.7818 80 200 120
-10.2537 -3.3560 -3.2370 80 200 120
-2.9025 -1.4207 -0.2013 80 200 120
-2.7381 -2.5041 0.5897 80 200 120
-2.4664 0.1194 3.1702 80 200 120
-3.2701 0.6152 3.1266 80 200 120
-3.6223 0.7584 2.8280 80 200 120
-2.4803 -1.2648 0.5459 80 200 120
-40.4060 -22.1456 1.3783 80 200 120
-0.5850 -2.4522 0.8067 80 200 120
-2.4755 -1.2061 1.2732 80 200 120
-1.8146 0.9624 3.0039 80 200 120
0.5972 -0.0561 1.1491 80 200 120
5.2585 -0.2154 -2.8207 80 200 120
0.8848 -3.0082 0.7777 80 200 120
-1.1219 -2.4740 -0.2370 80 200 120
1.0283 0.0436 1.0143 80 200 120
-2.6504 -2.4042 -0.0970 80 200 120
-2.2337 -2.9407 0.0760 80 200 120
0.5417 -1.1049 -0.2706 80 200 120
0.4736 -0.9630 -0.4920 80 200 120
1.1700 1.2477 0.1772 80 200 120
2.1460 1.4059 -0.7075 80 200 120
1.2598 1.0179 0.1207 80 200 120
1.0757 0.5351 0.3797 80 200 120
-0.2827 -0.7297 0.0149 80 200 120
-0.0222 0.6017 1.1322 80 200 120
-0.2659 0.9324 1.1092 80 200 120
0.5925 -0.7661 0.7466 80 200 120
-0.2097 -1.2617 -0.2756 80 200 120
-1.3322 -1.0521 -0.0553 80 200 120
-0.1732 0.6450 1.0931 80 200 120
-4.4413 0.1204 -0.3761 80 200 120
-3.7300 0.3435 1.8349 80 200 120
-3.7170 1.9086 1.2645 80 200 120
-2.7850 1.2739 0.5556 80 200 120
-1.2473 -1.5494 -0.0861 80 200 120
0.7681 1.4271 0.3529 80 200 120
0.8301 2.0893 0.0302 80 200 120
-3.8043 -0.8489 1.1252 80 200 120
-3.3885 0.0528 0.4028 80 200 120
-5.2530 -0.1948 1.7452 80 200 120
-1.0453 1.3827 0.9481 80 200 120
3.8142 -0.3991 1.6523 80 200 120
2.4762 -1.2279 0.6273 80 200 120
3.4483 0.3998 2.0842 80 200 120
2.4706 -0.1945 0.0760 80 200 120
2.3373 0.2510 0.0933 80 200 120
2.0838 0.4463 0.0381 80 200 120
0.3529 0.7785 0.7585 80 200 120
3.5931 1.3642 2.9631 80 200 120
2.5596 5.7413 0.6256 80 200 120
1.1844 1.2202 0.4332 80 200 120
-0.3619 1.5493 1.0602 80 200 120
1.3393 -0.3197 -0.0050 80 200 120
2.5047 -1.0198 0.6654 80 200 120
-0.4486 2.1602 1.2089 80 200 120
3.3659 -0.7829 0.9406 80 200 120
-0.4494 2.8149 1.7499 80 200 120
0.4961 0.7241 0.4702 80 200 120
-0.1889 2.5739 0.7486 80 200 120
2.2247 2.9359 2.3638 80 200 120
3.3680 -2.9716 0.5776 80 200 120
1.4924 1.5815 3.1493 80 200 120
3.1587 -3.0573 0.2516 80 200 120
1.2130 -2.4627 3.1836 80 200 120
2.8853 -1.3938 0.5661 80 200 120
2.5524 -0.5714 0.6168 80 200 120
2.6236 -0.9410 0.6030 80 200 120
4.1603 0.9430 2.8140 80 200 120
3.0892 0.4331 2.9306 80 200 120
3.2715 -0.1470 3.0493 80 200 120
2.8845 -0.3777 0.7110 80 200 120
0.2749 2.2309 3.2215 80 200 120
1.6096 0.4893 3.0670 80 200 120
1.8763 2.8533 0.6782 80 200 120
3.3709 2.6119 1.5322 80 200 120
3.6949 2.5073 2.2322 80 200 120
3.3996 3.7050 1.1884 80 200 120
-2.7011 5.0917 2.6976 80 200 120
-0.6891 2.1036 0.8168 80 200 120
-1.3326 5.3659 1.7736 80 200 120
3.5238 4.9385 2.4090 80 200 120
-0.6753 2.4455 1.1924 80 200 120
-2.6280 3.7105 3.2665 80 200 120
0.2368 3.9991 -0.1227 80 200 120
-2.3014 4.0417 3.1455 80 200 120
-0.7972 2.9940 0.7747 80 200 120
-0.8943 4.7463 2.4974 80 200 120
3.0926 5.1293 0.9836 80 200 120
-2.8912 0.5775 2.9613 80 200 120
-9.1245 1.2786 2.7698 80 200 120
0.7777 3.6168 -0.0958 80 200 120
2.5271 4.8434 0.6960 80 200 120
-1.2026 1.3930 2.9648 80 200 120
-2.1525 4.7208 1.2345 80 200 120
3.3006 4.3254 0.9480 80 200 120
-4.7682 1.2401 4.4352 80 200 120
-2.4357 -1.4889 0.0232 80 200 120
-1.1088 -3.5505 3.2036 80 200 120
-3.4226 -1.3850 1.9679 80 200 120
-1.9730 -2.1813 -0.0181 80 200 120
-2.6875 -1.8238 0.7760 80 200 120
-3.2356 -0.7372 1.1167 80 200 120
-0.6466 -2.8421 1.1339 80 200 120
-2.4755 -1.0079 0.5888 80 200 120
-3.2608 0.2647 3.2055 80 200 120
-2.7428 1.6672 3.2582 80 200 120
-3.3998 2.1107 2.6911 80 200 120
-2.3995 -3.5085 1.5697 80 200 120
-2.3762 -2.7091 1.0801 80 200 120
2.1452 -5.4303 1.8193 80 200 120
-2.4474 -4.8631 2.4015 80 200 120
-2.0939 -4.7723 2.6815 80 200 120
0.2172 -4.9671 3.5791 80 200 120
-0.6140 -5.3212 3.4061 80 200 120
-1.6335 -4.9390 2.8878 80 200 120
-2.4178 -3.2268 1.4445 80 200 120
2.5080 -4.7703 -0.2397 80 200 120
-0.0534 -5.0488 2.4666 80 200 120
-2.3704 -3.9718 1.2713 80 200 120
-2.3284 -3.4614 1.1577 80 200 120
-2.4550 -2.3796 0.3428 80 200 120
-1.9310 -4.9434 2.2659 80 200 120
1.7413 -3.9130 -0.1839 80 200 120
0.7773 -2.5021 0.0228 80 200 120
-3.1150 -1.6537 -0.3156 80 200 120
0.9312 -1.5986 0.1235 80 200 120
2.7276 -0.1822 0.5600 80 200 120
0.1534 -1.6651 0.3823 80 200 120
-2.3761 -1.6510 0.0543 80 200 120
0.0365 -0.0412 0.1228 80 200 120
0.1735 -0.0460 0.3286 80 200 120
0.9754 -3.4680 2.5993 80 200 120
0.2971 -2.0501 0.3381 80 200 120
-2.3346 -2.5266 0.7529 80 200 120
-1.2382 -4.8402 2.2260 80 200 120
3.1123 -0.2467 0.6849 80 200 120
-2.4837 -4.4034 1.7054 80 200 120
-0.4248 -0.4399 0.0459 80 200 120
2.0207 -4.9656 2.7321 80 200 120
-0.6087 -1.2787 0.0585 80 200 120
0.4069 -1.3938 -0.1723 80 200 120
-2.1870 -1.5108 0.8609 80 200 120
-3.7396 4.1960 1.1812 80 200 120
-2.8003 1.5788 0.0201 80 200 120
2.0203 1.6249 -0.3415 80 200 120
-0.6806 -1.0487 0.0019 80 200 120
-3.4661 -0.7664 0.4518 80 200 120
-1.5776 -1.4080 -0.0988 80 200 120
-2.2846 -1.8165 0.3804 80 200 120
2.9572 -1.9495 0.3474 80 200 120
2.3925 -1.8944 0.0073 80 200 120
2.2970 -0.6133 0.0590 80 200 120
1.9259 0.5538 0.0359 80 200 120
1.5903 0.8870 0.0227 80 200 120
2.5920 -2.5735 -0.1180 80 200 120
3.0316 -0.9075 0.6565 80 200 120
0.5160 5.8359 2.1709 80 200 120
2.0852 -0.9542 0.0796 80 200 120
3.7697 5.4025 2.2073 80 200 120
2.0525 -1.3255 -0.1421 80 200 120
2.5533 -1.7787 0.1549 80 200 120
2.7474 -0.2012 0.5690 80 200 120
1.6421 4.4734 2.9811 80 200 120
0.7585 2.0373 -0.0358 80 200 120
0.4536 -0.3970 -0.0599 80 200 120
3.6770 2.6923 3.2510 80 200 120
2.1645 -0.3868 0.0999 80 200 120
3.4839 2.2369 2.6801 80 200 120
1.9902 -1.6345 0.0260 80 200 120
3.0216 -1.9052 0.6415 80 200 120
3.1750 0.6533 2.4471 80 200 120
2.0398 2.7198 -0.2311 80 200 120
2.7931 -1.6762 -0.0029 80 200 120
3.1581 -3.9179 0.2181 80 200 120
1.2012 -3.9121 2.8254 80 200 120
3.0512 -4.5275 0.1777 80 200 120
0.5187 -1.7986 2.8256 80 200 120
-0.5025 -4.9457 2.3373 80 200 120
2.8442 1.4779 2.7769 80 200 120
2.5170 -1.4369 0.6998 80 200 120
3.7574 0.5457 2.2727 80 200 120
3.3587 -3.6875 0.5675 80 200 120
-0.5841 -4.9541 1.7501 80 200 120
1.6303 -4.6021 1.0684 80 200 120
0.4432 -2.8652 2.9876 80 200 120
1.8705 -4.7651 1.7055 80 200 120
0.1375 -3.3930 3.1934 80 200 120
0.5361 -3.5094 2.6998 80 200 120
3.3493 -1.9782 3.1190 80 200 120
2.6576 -0.7730 0.7667 80 200 120
2.0923 -4.9379 2.7765 80 200 120
3.3379 -1.0038 3.1133 80 200 120
-0.1537 -4.8579 3.0879 80 200 120
0.0007 -4.8178 2.4726 80 200 120
3.4855 1.9689 1.4723 80 200 120
3.4163 2.7147 2.1580 80 200 120
-0.1397 2.7030 3.1280 80 200 120
-0.0968 1.7195 3.1875 80 200 120
0.1867 3.3887 1.8850 80 200 120
0.1139 2.6819 2.1664 80 200 120
2.2277 2.9932 0.6780 80 200 120
1.4669 3.8190 -0.2536 80 200 120
2.8111 3.1231 0.1689 80 200 120
-0.5828 2.7623 0.3572 80 200 120
-2.8539 2.3858 2.9496 80 200 120
0.6476 4.8172 0.9547 80 200 120
3.2024 4.6598 0.7778 80 200 120
0.0350 2.5814 2.7823 80 200 120
-2.9585 1.8684 2.5886 80 200 120
-3.4758 3.3948 2.8949 80 200 120
-1.3067 0.8724 3.2279 80 200 120
3.4545 3.5465 1.6439 80 200 120
3.6391 2.5248 1.9268 80 200 120
0.5977 3.8724 0.0341 80 200 120
-2.4571 1.6071 2.9156 80 200 120
3.6793 3.8956 0.5956 80 200 120
3.5177 1.1207 2.9573 80 200 120
-1.0322 1.0199 3.0317 80 200 120
3.3884 1.4120 3.1267 80 200 120
0.4944 3.2714 -0.0555 80 200 120
-1.6594 1.6678 2.9792 80 200 120
3.3695 0.9316 3.1386 80 200 120
1.8258 4.4992 -0.1550 80 200 120
-1.2147 3.3917 3.1253 80 200 120
3.4599 -0.1556 3.1201 80 200 120
-1.5135 1.1769 3.0058 80 200 120
-1.0983 1.4070 3.2464 80 200 120
-0.0432 -1.8549 3.1099 80 200 120
-0.1445 -4.7045 1.4899 80 200 120
-2.7832 -1.0459 0.0201 80 200 120
-2.6496 -0.7783 0.3957 80 200 120
-3.3149 3.4730 3.0642 80 200 120
-3.3136 -2.7308 2.9313 80 200 120
-0.9911 0.8766 3.3234 80 200 120
-1.9331 1.9792 3.2503 80 200 120
-3.3658 -0.1842 1.8549 80 200 120
-3.5880 1.5107 3.1406 80 200 120
-1.8230 -3.0637 0.3658 80 200 120
-3.4751 -0.5487 0.0383 80 200 120
-2.9431 -1.1490 -0.4447 80 200 120
-3.3966 1.7212 1.2129 80 200 120
-3.2037 -2.4132 1.7338 80 200 120
-2.8682 0.0335 0.5498 80 200 120
-3.5074 0.3522 1.9158 80 200 120
-2.0277 -3.9698 0.2066 80 200 120
-3.2412 -2.2667 2.7040 80 200 120
-3.6103 0.4780 -0.0356 80 200 120
-2.2213 0.3729 1.0339 80 200 120
-2.7771 1.1500 0.9073 80 200 120
-3.5467 3.0608 1.5548 80 200 120
-3.2903 4.4170 3.0711 80 200 120
-2.3871 -2.2863 0.4038 80 200 120
-3.4441 0.7780 2.3659 80 200 120
-3.5435 2.2344 1.2815 80 200 120
-3.5410 2.7506 2.1636 80 200 120
-1.0718 1.3654 3.2444 80 200 120
-1.5473 -4.4588 1.6831 80 200 120
-2.7992 -2.7434 1.5963 80 200 120
-1.5511 -3.6702 3.1582 80 200 120
-2.7803 0.8100 3.2474 80 200 120
-1.1182 -1.1070 3.0006 80 200 120
3.3829 -3.1599 1.5018 80 200 120
-2.8422 -4.9161 2.7333 80 200 120
-2.2933 -4.8304 2.8603 80 200 120
-1.4789 -5.0570 3.2464 80 200 120
-2.5283 -2.8056 1.5021 80 200 120
-2.4201 -2.3692 1.2222 80 200 120
-2.6108 -2.6793 1.3920 80 200 120
-0.7672 -4.6957 2.8028 80 200 120
0.8703 -2.8530 0.1711 80 200 120
-3.4480 -3.7562 2.1609 80 200 120
-2.3318 -1.2886 0.8073 80 200 120
-2.3773 -1.3919 0.9650 80 200 120
-0.0720 -1.6748 0.5171 80 200 120
-1.9841 -2.1924 -0.0081 80 200 120
1.3467 -1.9831 -0.0517 80 200 120
0.5262 -2.3866 0.3524 80 200 120
-0.4093 -2.0167 1.1916 80 200 120
-2.3367 -0.9834 1.1281 80 200 120
4.5469 -6.8527 3.6549 80 200 120
-1.9137 -4.5368 3.0134 80 200 120
-0.2026 -1.2453 0.0294 80 200 120
-2.4475 -1.0736 0.8534 80 200 120
0.0273 -2.2657 1.2008 80 200 120
0.2777 -2.7255 1.1903 80 200 120
-2.7261 -1.4509 1.3415 80 200 120
-3.0002 -2.1378 1.3559 80 200 120
1.0100 -3.3921 2.2946 80 200 120
-2.2932 -3.0631 0.9103 80 200 120
-2.3758 -1.0264 0.6681 80 200 120
-2.4210 -4.4377 0.2460 80 200 120
-0.1188 -1.0382 0.0253 80 200 120
-0.5035 -1.0928 0.0313 80 200 120
-2.2588 -2.9240 0.5742 80 200 120
1.4284 0.2627 0.0608 80 200 120
-2.8203 0.4665 0.2650 80 200 120
-3.2949 -0.3444 0.0688 80 200 120
-0.2766 -0.7462 0.2722 80 200 120
-0.4397 -0.6571 0.1964 80 200 120
-1.5493 -0.9313 0.1837 80 200 120
-3.8361 0.0368 -0.0706 80 200 120
-2.5958 1.1137 0.0735 80 200 120
-2.0991 0.2530 0.0537 80 200 120
-1.0638 -0.6539 0.1287 80 200 120
-3.9434 0.5873 -0.5115 80 200 120
-0.5247 2.0726 1.0222 80 200 120
-1.8301 -2.4514 0.3104 80 200 120
-0.2269 2.5099 1.1702 80 200 120
1.9399 3.0174 0.3089 80 200 120
0.8428 1.9784 -0.0950 80 200 120
-0.6283 1.1988 1.0252 80 200 120
-3.4652 4.2896 2.7725 80 200 120
-0.5983 2.9703 1.1721 80 200 120
-2.1489 1.2530 0.0073 80 200 120
-0.9593 3.0803 1.1940 80 200 120
-1.1351 2.0291 1.0331 80 200 120
-1.2162 4.8801 1.6615 80 200 120
0.9886 1.7805 0.0484 80 200 120
-2.4177 -1.4290 -0.0006 80 200 120
-3.5780 3.4650 2.9238 80 200 120
-2.9158 2.5150 2.2480 80 200 120
-0.2072 -0.8758 0.0874 80 200 120
2.0406 2.4064 -0.5018 80 200 120
-3.3460 4.8451 3.0686 80 200 120
-1.6038 5.0466 1.9063 80 200 120
-0.2839 -1.1818 0.1340 80 200 120
-1.1655 5.0752 2.1464 80 200 120
-2.6325 -5.0399 2.2926 80 200 120
-0.5334 -4.7398 3.1271 80 200 120
-3.1228 -5.0459 2.5645 80 200 120
-0.4343 -2.5852 3.2038 80 200 120
-2.7921 -6.5774 1.0648 80 200 120
-0.8686 -3.9537 3.2303 80 200 120
-0.4215 -3.2544 3.2212 80 200 120
0.4025 -2.5056 3.1602 80 200 120
1.2928 -3.9497 2.1691 80 200 120
-0.6341 -1.9973 3.0310 80 200 120
-1.5223 -4.8872 3.0633 80 200 120
2.2996 -4.7424 0.8046 80 200 120
-2.1082 -5.0039 2.2708 80 200 120
3.3244 -4.6383 1.1987 80 200 120
3.5343 0.9498 3.1844 80 200 120
0.3617 -3.4895 2.9855 80 200 120
1.9464 -4.7444 2.3213 80 200 120
0.5531 -2.1200 1.1995 80 200 120
2.8058 -3.8533 0.0089 80 200 120
1.9107 -4.7971 0.6879 80 200 120
0.5511 -3.6112 2.3632 80 200 120
2.6730 -1.9721 0.3645 80 200 120
3.1866 -2.2982 0.4640 80 200 120
2.1547 -2.6742 0.0391 80 200 120
3.0049 -1.2741 0.7529 80 200 120
2.4801 -4.5068 0.0262 80 200 120
-1.4082 -4.9968 2.7594 80 200 120
-1.2579 -4.9003 2.2354 80 200 120
3.4026 -2.4935 0.8055 80 200 120
2.9129 -3.1567 0.0668 80 200 120
2.7030 -1.5830 3.5290 80 200 120
3.3969 3.1196 0.1080 80 200 120
3.6937 2.8906 0.0257 80 200 120
3.4650 1.9184 1.1066 80 200 120
3.4234 0.2042 2.8017 80 200 120
3.5030 0.7469 2.6385 80 200 120
-0.0954 3.0964 1.3442 80 200 120
3.4587 2.5325 1.1331 80 200 120
0.9296 4.5835 -0.0759 80 200 120
3.5002 0.4745 2.1795 80 200 120
1.1418 3.7585 0.0277 80 200 120
1.7285 -0.5045 3.2507 80 200 120
-0.8215 0.7138 2.9905 80 200 120
-0.2383 -1.5793 3.1583 80 200 120
-2.0389 -3.0117 3.1029 80 200 120
-3.9397 3.0131 -0.1691 80 200 120
-3.4889 5.1524 1.2065 80 200 120
-2.5909 3.6935 3.2817 80 200 120
-0.8431 4.2831 3.0680 80 200 120
-3.4492 0.1815 1.6122 80 200 120
-3.2650 1.7748 3.1096 80 200 120
-3.1934 -0.0815 0.1494 80 200 120
-3.5955 4.4994 2.7388 80 200 120
-2.6604 5.0656 2.9578 80 200 120
-3.5660 3.9138 1.0028 80 200 120
-3.0777 -0.5443 3.1564 80 200 120
-3.2015 -0.7181 2.7486 80 200 120
-0.1827 2.5834 3.2206 80 200 120
-1.1988 1.1842 3.2324 80 200 120
-1.4493 1.5697 3.1937 80 200 120
-0.4926 2.1510 3.2363 80 200 120
-3.5906 2.6649 1.1751 80 200 120
-3.6882 5.1051 1.9255 80 200 120
-2.1181 -1.3177 0.6721 80 200 120
-2.0793 -0.4780 3.2255 80 200 120
-3.7016 1.7771 2.8545 80 200 120
4.1285 -5.7117 0.9839 80 200 120
1.7789 -2.1995 0.2656 80 200 120
-2.5940 -1.1181 1.2711 80 200 120
-3.2055 -0.9076 0.1923 80 200 120
-3.0993 -4.5251 3.0281 80 200 120
-3.4324 -4.3403 2.8016 80 200 120
-0.7390 -1.8371 0.2709 80 200 120
0.5195 -1.7247 0.0281 80 200 120
-0.4505 -4.3431 2.1710 80 200 120
-2.5578 -3.8058 0.4978 80 200 120
-2.3125 -1.1070 0.0995 80 200 120
-0.4211 -3.0447 1.2485 80 200 120
-0.1686 -1.6166 0.0496 80 200 120
-2.1937 0.1127 0.0186 80 200 120
0.0510 -0.4412 0.0353 80 200 120
1.8638 0.4103 0.1707 80 200 120
-0.4255 4.5023 0.0724 80 200 120
-4.8301 -1.3486 -0.4963 80 200 120
-1.4628 1.2142 0.3297 80 200 120
-2.8679 1.1839 0.9029 80 200 120
-0.4865 1.3880 0.9002 80 200 120
0.7772 2.6985 0.0041 80 200 120
0.5690 4.2706 -0.1344 80 200 120
-2.2959 0.6681 0.1920 80 200 120
-1.9428 0.5308 0.0120 80 200 120
-0.5540 2.2704 0.7231 80 200 120
-2.0070 0.9702 -0.0276 80 200 120
-3.4895 2.6119 1.1407 80 200 120
1.2410 1.7763 0.0597 80 200 120
-1.6320 0.9834 -0.0012 80 200 120
-3.4593 -0.0364 -0.3193 80 200 120
-2.7850 3.6130 0.7303 80 200 120
1.3626 3.9549 0.0266 80 200 120
-1.1929 1.4323 1.0824 80 200 120
-2.3895 5.1388 2.3043 80 200 120
-1.9159 -0.1683 -0.0214 80 200 120
-3.3271 2.8188 3.1120 80 200 120
-2.6082 4.7968 2.9591 80 200 120
1.1911 1.5177 0.0253 80 200 120
-0.7629 -0.4898 0.0300 80 200 120
1.0047 3.2849 0.0030 80 200 120
-3.1483 3.6024 3.0590 80 200 120
1.2719 2.3042 0.0355 80 200 120
-1.9277 -0.4866 0.0381 80 200 120
-1.6124 1.3149 -0.3811 80 200 120
-0.2292 2.6046 0.3310 80 200 120
0.1545 3.3282 0.2379 80 200 120
1.6436 3.4375 0.1013 80 200 120
-0.3622 3.5356 0.7028 80 200 120
-1.6426 1.3594 0.4393 80 200 120
-0.6005 1.5615 1.0221 80 200 120
-0.8781 1.1060 1.0156 80 200 120
-0.5292 -1.1081 0.3084 80 200 120
-0.5483 2.4900 0.4457 80 200 120
-1.6350 0.6005 0.0433 80 200 120
-0.0428 -0.5236 0.0677 80 200 120
-0.4206 2.5373 0.0214 80 200 120
1.9200 2.7148 0.8116 80 200 120
-1.3262 0.5016 0.0041 80 200 120
1.4952 1.2558 0.0366 80 200 120
1.6181 4.1830 0.4490 80 200 120
2.4720 4.7156 0.6592 80 200 120
-1.5746 5.0202 2.4040 80 200 120
-1.4149 0.2767 0.0225 80 200 120
2.3385 -2.4653 0.0367 80 200 120
1.7363 1.0705 0.0131 80 200 120
2.5950 5.2924 -0.7743 80 200 120
1.8997 1.5532 0.0344 80 200 120
3.1599 -3.2345 0.2165 80 200 120
3.6969 0.4878 3.2623 80 200 120
3.4509 0.7233 3.1437 80 200 120
1.2938 -1.8559 0.0682 80 200 120
3.0914 -2.2967 0.4647 80 200 120
2.9697 -4.1014 0.0518 80 200 120
3.2241 -4.3953 0.4457 80 200 120
1.4367 -1.2858 0.0238 80 200 120
2.5486 -0.0252 0.7211 80 200 120
3.3729 -3.4917 1.6724 80 200 120
2.5897 -4.6895 0.0241 80 200 120
3.2657 -0.6289 1.6840 80 200 120
1.4847 2.8786 0.5824 80 200 120
2.7244 2.9722 0.3459 80 200 120
2.7243 -1.8613 0.1229 80 200 120
2.4765 -2.9878 0.0511 80 200 120
3.5506 -3.4080 2.1628 80 200 120
3.2019 -2.6975 0.1867 80 200 120
3.3858 -3.6679 0.5291 80 200 120
2.0750 -2.6521 0.0257 80 200 120
0.4428 3.3213 -0.0576 80 200 120
2.1067 -3.3348 0.0790 80 200 120
3.4064 -4.7447 1.1875 80 200 120
0.7154 4.7259 -0.3074 80 200 120
3.4237 -2.9619 0.5915 80 200 120
-2.0122 -4.5790 3.1209 80 200 120
-0.1492 -4.8342 1.5155 80 200 120
-2.2174 -4.8857 2.7512 80 200 120
-3.0999 -4.6339 3.0937 80 200 120
2.0598 -4.8815 0.1325 80 200 120
-2.5519 -4.7173 3.1102 80 200 120
-0.4729 -2.9920 1.3221 80 200 120
0.4274 -4.8124 1.3106 80 200 120
-3.1560 -3.6016 3.1482 80 200 120
-5.2353 -7.1523 2.5385 80 200 120
-4.0295 -3.7515 3.3612 80 200 120
-3.5166 -4.4661 2.9280 80 200 120
-0.8577 -5.0192 2.9270 80 200 120
3.1410 -4.1182 0.6140 80 200 120
-1.4786 -3.4342 3.1434 80 200 120
1.5946 -3.1046 0.1189 80 200 120
2.1736 -3.3526 0.0481 80 200 120
-2.0502 -3.1030 3.1952 80 200 120
-0.4991 4.4282 3.4018 80 200 120
0.1178 3.3497 2.7831 80 200 120
3.5034 1.2637 0.5437 80 200 120
2.3872 2.8581 0.7753 80 200 120
3.4309 -0.6473 3.1489 80 200 120
1.3960 2.7791 0.3657 80 200 120
1.5076 2.5440 0.2810 80 200 120
1.7204 2.6598 0.4487 80 200 120
3.5169 2.1109 0.5191 80 200 120
3.6276 2.5132 0.2678 80 200 120
3.4428 0.3673 1.8773 80 200 120
3.4265 -0.3769 2.6859 80 200 120
3.2003 1.4957 0.6252 80 200 120
3.4526 1.1794 2.4210 80 200 120
2.9247 0.2350 3.1855 80 200 120
-1.5263 -1.6189 3.1079 80 200 120
-1.4168 -0.6973 3.1315 80 200 120
-2.5681 0.4204 0.9753 80 200 120
-2.8338 1.4900 0.9202 80 200 120
-1.1676 5.2994 2.1285 80 200 120
-2.5356 -2.0808 3.1264 80 200 120
-2.3234 5.1741 2.1317 80 200 120
-1.5466 5.0357 2.1055 80 200 120
-2.6202 1.2176 0.5823 80 200 120
-3.1569 2.5743 3.0578 80 200 120
-3.3649 -0.0343 0.7369 80 200 120
-3.6515 4.7152 0.7497 80 200 120
-0.9488 3.6322 3.2760 80 200 120
-2.7060 -0.7890 0.6629 80 200 120
-3.1314 0.0340 0.5237 80 200 120
-2.5044 -1.6746 1.3771 80 200 120
-0.0534 2.9198 3.0415 80 200 120
-0.3193 3.6720 3.2504 80 200 120
-1.5663 2.4106 3.2104 80 200 120
0.7093 -1.8753 0.0441 80 200 120
-0.6145 -4.8975 1.7518 80 200 120
-3.1858 -0.5461 0.1310 80 200 120
-0.0246 -1.3396 0.0420 80 200 120
-2.3726 -1.2590 0.5308 80 200 120
-1.2387 -1.0076 0.0250 80 200 120
-2.9438 0.4592 0.9421 80 200 120
-2.1140 1.1566 0.0316 80 200 120
-2.7421 0.6499 0.9489 80 200 120
-3.2252 -0.0536 0.0722 80 200 120
-1.0093 0.0586 -0.0176 80 200 120
2.3902 -2.2789 0.0610 80 200 120
-1.9685 0.5360 0.0031 80 200 120
-1.1268 0.2796 0.0193 80 200 120
-3.1995 0.4255 0.1492 80 200 120
-2.0921 -0.8857 0.0401 80 200 120
-3.1573 -3.3958 3.1033 80 200 120
-0.9605 -1.3144 0.0424 80 200 120
-1.7412 -1.0962 0.0405 80 200 120
-1.9650 -0.5144 0.0270 80 200 120
2.7036 0.4771 0.2832 80 200 120
2.8310 4.9047 2.2330 80 200 120
-0.6353 2.5745 0.0162 80 200 120
1.6758 3.4599 0.4450 80 200 120
-0.1847 2.7459 -0.2277 80 200 120
0.0896 2.4476 -0.0376 80 200 120
1.9384 3.2041 0.5682 80 200 120
1.2519 4.6880 0.1656 80 200 120
1.9222 2.9749 0.2696 80 200 120
3.2672 2.7247 0.0642 80 200 120
-0.8525 0.9915 0.1769 80 200 120
2.1191 2.7732 0.6393 80 200 120
-0.9573 0.9212 -0.0401 80 200 120
-0.7043 1.9653 0.3988 80 200 120
1.5104 0.8608 0.0386 80 200 120
1.4017 0.5964 0.0512 80 200 120
0.4549 4.7870 2.0441 80 200 120
2.9329 4.7610 1.0050 80 200 120
-0.9957 4.9791 2.5508 80 200 120
0.3987 3.0540 0.0900 80 200 120
1.2644 0.6973 -0.0054 80 200 120
1.6911 1.0516 0.0322 80 200 120
3.5215 3.7406 0.5514 80 200 120
1.6430 0.7178 0.0289 80 200 120
1.7936 0.5632 0.0551 80 200 120
1.5495 1.7741 0.0136 80 200 120
-1.1155 0.5407 0.0084 80 200 120
-2.5650 0.7393 0.9828 80 200 120
3.2749 1.7602 0.0725 80 200 120
-1.0109 0.0757 0.0080 80 200 120
0.7676 1.9495 0.1034 80 200 120
2.6956 1.3802 0.0175 80 200 120
0.7023 5.0422 0.0947 80 200 120
0.0013 2.3991 2.0273 80 200 120
-0.1211 2.6000 1.8359 80 200 120
-0.7726 -0.1813 0.0053 80 200 120
-1.0325 2.4274 0.9451 80 200 120
-2.3159 -1.7678 0.1264 80 200 120
0.2125 -1.1280 -0.0095 80 200 120
1.4377 0.2925 0.0075 80 200 120
-0.3174 3.0994 1.3034 80 200 120
3.3999 4.5339 1.4144 80 200 120
0.1044 -0.1405 0.5706 80 200 120
-2.5374 5.2340 1.0878 80 200 120
-1.4919 0.0612 -0.0002 80 200 120
2.4688 2.2845 0.0317 80 200 120
-0.1292 -1.1803 -0.1557 80 200 120
1.2770 3.0386 0.1602 80 200 120
2.7678 0.2029 0.6620 80 200 120
1.8688 -4.6107 0.0799 80 200 120
3.4445 -1.1885 2.4638 80 200 120
0.8029 -2.5116 0.1818 80 200 120
1.7653 -1.6829 0.0574 80 200 120
3.4351 0.8871 2.0006 80 200 120
1.5795 1.7719 0.0078 80 200 120
3.3735 1.0381 2.8668 80 200 120
1.3819 2.4042 -0.0099 80 200 120
2.1829 2.7109 0.6098 80 200 120
0.3139 -1.9091 0.2325 80 200 120
3.3725 -3.0855 1.4588 80 200 120
0.4586 -2.3478 0.0678 80 200 120
1.8215 3.1616 0.6302 80 200 120
1.0209 -3.2243 0.1732 80 200 120
1.0553 -2.4278 0.0511 80 200 120
1.5782 -3.3144 0.0354 80 200 120
-0.1802 -1.2380 0.0348 80 200 120
-0.2725 -0.9974 0.0169 80 200 120
-0.8800 -1.9888 0.0073 80 200 120
2.1631 -4.7758 0.8851 80 200 120
-2.4575 -2.8042 0.9426 80 200 120
-2.5644 -2.6211 1.0483 80 200 120
0.6216 -2.2577 3.1280 80 200 120
-3.3685 -3.7527 2.1578 80 200 120
-2.3090 -3.4664 0.5739 80 200 120
-2.2836 -3.8388 1.4528 80 200 120
-2.6822 -3.7319 1.5279 80 200 120
-2.3855 -5.0856 1.5937 80 200 120
-2.1821 -4.4880 0.0769 80 200 120
0.2677 -5.1856 2.1789 80 200 120
-0.0829 -4.9872 2.0218 80 200 120
-1.8910 -5.0123 1.8993 80 200 120
-2.3433 -3.4185 1.1643 80 200 120
3.4833 -2.7279 2.8054 80 200 120
3.5544 -0.8225 0.9876 80 200 120
3.3807 -0.6761 1.7374 80 200 120
3.4293 -1.2865 2.6917 80 200 120
2.5643 -1.4344 3.1765 80 200 120
3.4259 -0.1304 1.0328 80 200 120
3.4580 -1.1810 2.4627 80 200 120
-1.6785 3.8327 3.0849 80 200 120
-2.6653 4.9637 2.6689 80 200 120
3.4869 0.9531 2.2742 80 200 120
3.5105 -0.6031 2.9026 80 200 120
0.6781 4.9183 0.0796 80 200 120
3.4835 0.6267 1.6301 80 200 120
3.4314 -1.5941 3.2193 80 200 120
-0.7542 4.0455 2.9844 80 200 120
-0.5158 -1.4616 3.1307 80 200 120
-2.9374 -2.8529 2.5124 80 200 120
-3.2360 -3.7745 2.7988 80 200 120
-0.7812 2.4029 1.1534 80 200 120
-0.4966 4.5101 1.2186 80 200 120
0.5687 4.7900 2.5653 80 200 120
-2.8202 1.7715 0.9198 80 200 120
-2.8852 -4.7766 2.4690 80 200 120
-0.9318 5.1347 2.4637 80 200 120
0.3245 1.6488 3.2128 80 200 120
-2.4639 4.1849 3.2503 80 200 120
0.4854 4.6596 1.9761 80 200 120
-0.9618 0.7737 3.1698 80 200 120
-0.0196 0.8279 3.1845 80 200 120
-0.6241 -1.9547 3.0192 80 200 120
-3.4239 -0.7299 1.9074 80 200 120
-1.2979 5.1025 1.7593 80 200 120
0.9480 2.5246 3.2142 80 200 120
-2.3839 2.7360 3.2829 80 200 120
-3.3821 3.9997 0.1362 80 200 120
-3.0492 3.0738 0.2498 80 200 120
0.0169 2.4802 2.0182 80 200 120
-0.3962 -2.3575 3.1038 80 200 120
-3.3308 -1.0228 1.3363 80 200 120
-3.8344 3.9835 0.4122 80 200 120
0.2224 2.3858 3.1944 80 200 120
-3.2383 -0.9188 3.1025 80 200 120
0.2239 3.7641 2.7325 80 200 120
-2.4502 5.2130 0.9404 80 200 120
-1.7019 3.8529 3.1069 80 200 120
-0.3490 4.2886 2.8013 80 200 120
-0.7547 2.8645 1.1852 80 200 120
1.4747 4.0361 3.1087 80 200 120
-2.7045 0.6430 1.0393 80 200 120
0.5762 4.4859 3.1291 80 200 120
-0.9220 -4.0635 3.2072 80 200 120
-3.3566 -1.9449 2.7420 80 200 120
0.2619 -1.0525 0.0307 80 200 120
-2.8575 3.4011 0.3879 80 200 120
-1.0081 -2.2731 0.7118 80 200 120
2.8785 -1.8394 -0.6115 80 200 120
-2.8840 -5.2757 3.3104 80 200 120
1.9047 -4.9443 -0.2420 80 200 120
-1.1587 0.4595 0.0120 80 200 120
0.4082 -1.3188 0.0412 80 200 120
-2.7059 -0.7414 0.0866 80 200 120
-2.9470 -0.9575 1.3766 80 200 120
-2.3972 -4.2127 0.2621 80 200 120
-1.5058 1.2739 -0.2528 80 200 120
-2.6658 1.6817 0.9049 80 200 120
-2.9612 0.9860 0.8519 80 200 120
-1.3527 1.1048 0.1908 80 200 120
-1.3385 1.1179 0.5099 80 200 120
-1.0296 0.5684 -0.0208 80 200 120
-1.8479 -0.1986 0.0335 80 200 120
-2.1077 -4.7878 1.9369 80 200 120
-1.7180 1.0005 -0.0886 80 200 120
-3.2040 0.5472 -0.2493 80 200 120
-2.6743 -2.2354 1.3548 80 200 120
-0.2993 0.0619 0.0830 80 200 120
-2.1905 -3.4674 0.1598 80 200 120
0.2749 -2.1718 1.1933 80 200 120
-1.5672 -4.8677 3.0805 80 200 120
-2.7103 1.3338 0.8570 80 200 120
-0.4771 -4.7155 2.2557 80 200 120
-0.2507 -1.6063 0.9782 80 200 120
-0.2894 -0.7248 0.0304 80 200 120
-0.1149 -2.3843 1.1847 80 200 120
-0.8325 -0.1991 0.0115 80 200 120
-1.9097 -4.9214 1.2263 80 200 120
-0.7458 -0.6855 0.0343 80 200 120
0.6030 -1.1128 0.0301 80 200 120
-1.4468 -2.0656 0.0159 80 200 120
3.2930 0.7448 0.1679 80 200 120
3.2026 -0.1827 -0.4812 80 200 120
2.7035 0.2423 0.6067 80 200 120
3.5077 3.4663 1.8346 80 200 120
3.4394 3.2798 2.6648 80 200 120
2.3960 2.8550 -0.1339 80 200 120
2.3649 0.2368 0.0285 80 200 120
2.1383 0.9341 -0.0393 80 200 120
2.5163 0.5544 0.1239 80 200 120
1.5497 0.4276 0.0151 80 200 120
3.3847 2.6376 2.1744 80 200 120
-1.1239 0.2845 0.0417 80 200 120
3.5087 3.3793 2.1722 80 200 120
3.5111 4.9686 2.1179 80 200 120
-1.0669 0.7601 0.0060 80 200 120
0.3645 0.2482 1.0532 80 200 120
-0.0827 1.8278 0.0948 80 200 120
3.4380 2.9716 2.4592 80 200 120
2.5526 2.8298 0.4958 80 200 120
3.1183 3.0363 0.1483 80 200 120
3.4872 2.2330 0.0739 80 200 120
3.4027 2.0752 0.5677 80 200 120
2.2496 3.0349 -0.4890 80 200 120
0.1851 1.1273 0.5846 80 200 120
1.6061 4.9895 2.1942 80 200 120
1.9298 3.2109 -0.2305 80 200 120
-0.2799 1.1989 0.5306 80 200 120
-2.9445 2.9768 0.2549 80 200 120
3.1650 4.4176 2.9838 80 200 120
3.3768 1.2384 0.0944 80 200 120
3.0953 1.0901 -0.0418 80 200 120
-0.2893 3.6475 3.1354 80 200 120
0.5786 1.6128 -0.0157 80 200 120
2.0432 -0.2360 0.0269 80 200 120
1.9260 1.0651 0.1142 80 200 120
1.7462 0.2355 0.0458 80 200 120
-0.2569 -0.9512 0.1012 80 200 120
-1.3841 0.7237 0.0426 80 200 120
-0.5270 1.8961 0.1741 80 200 120
1.3044 -0.3025 0.0537 80 200 120
2.1065 0.4533 -0.0137 80 200 120
3.3970 1.5167 0.6175 80 200 120
2.0892 -0.2405 0.0110 80 200 120
2.0425 -0.7605 0.0124 80 200 120
-0.3983 -1.6024 0.1300 80 200 120
0.4248 -2.4284 0.8379 80 200 120
1.1831 -3.9610 0.2835 80 200 120
2.0596 3.6902 -0.4278 80 200 120
-0.1970 2.9972 -0.3640 80 200 120
2.4312 -0.1761 0.6205 80 200 120
0.2076 3.3026 -0.1182 80 200 120
3.4977 -3.1722 3.1854 80 200 120
2.4281 -1.1718 0.0645 80 200 120
3.3542 -3.8169 1.1421 80 200 120
3.0361 -4.6731 2.3472 80 200 120
3.0340 -4.4482 2.9794 80 200 120
3.3601 -4.0879 2.8016 80 200 120
3.3686 -3.2134 2.1409 80 200 120
3.4406 -3.1807 1.0467 80 200 120
-2.5447 -3.2074 0.4659 80 200 120
-3.2083 -4.2832 -0.2003 80 200 120
-2.4921 -2.8744 1.4372 80 200 120
-0.9039 -4.9003 1.1666 80 200 120
-1.8498 -4.7681 0.8689 80 200 120
1.8537 -3.3864 0.0507 80 200 120
-2.2211 -3.7835 1.0981 80 200 120
3.1554 -0.4728 2.9890 80 200 120
-2.2642 -3.0868 0.9240 80 200 120
-2.4541 -4.2970 0.2262 80 200 120
-2.3617 -2.1911 1.3392 80 200 120
0.9324 -2.9315 2.7092 80 200 120
-2.5570 -2.0996 1.4094 80 200 120
3.4819 -1.5494 2.9950 80 200 120
-2.3190 -3.6042 0.0833 80 200 120
-2.6494 -2.7124 1.5439 80 200 120
2.6593 -3.2609 0.0810 80 200 120
-3.3950 -2.9533 2.7332 80 200 120
-3.2665 -3.1404 3.0708 80 200 120
1.7557 -0.2201 3.1839 80 200 120
2.4454 0.0123 0.6773 80 200 120
3.4522 -3.1414 3.1499 80 200 120
3.5893 -2.6319 3.1818 80 200 120
3.4385 2.0655 0.5571 80 200 120
3.4278 2.7425 0.0775 80 200 120
3.1382 0.6922 0.2499 80 200 120
3.4473 1.5779 0.5360 80 200 120
2.8004 0.1126 0.7726 80 200 120
3.4926 0.9372 2.0048 80 200 120
3.4862 -1.5053 2.9618 80 200 120
3.3338 1.8516 0.0602 80 200 120
3.0272 1.0688 0.0354 80 200 120
3.3397 0.5752 1.0564 80 200 120
3.2718 -1.9656 3.1478 80 200 120
-0.4231 3.0893 1.1518 80 200 120
1.1999 5.2922 1.9659 80 200 120
-1.9320 5.0431 2.7460 80 200 120
-3.1910 3.1362 1.5541 80 200 120
-0.1022 2.6588 1.7789 80 200 120
-3.6442 1.4569 1.1528 80 200 120
-1.3137 -1.8065 3.1206 80 200 120
1.1718 2.5150 3.1887 80 200 120
1.7096 5.1957 2.1993 80 200 120
-3.4311 0.4074 1.6502 80 200 120
-2.4942 -1.0171 1.1290 80 200 120
2.3439 4.7772 3.1357 80 200 120
1.5783 2.6454 3.3472 80 200 120
-2.6921 5.1338 0.6119 80 200 120
-3.5133 -0.1439 1.5942 80 200 120
-3.6327 0.0166 0.3111 80 200 120
-1.8125 1.3300 3.2194 80 200 120
-0.3132 -1.0224 0.0056 80 200 120
-2.5777 -0.9992 0.1339 80 200 120
-2.2432 1.4333 0.3497 80 200 120
-0.5081 -2.8120 1.0516 80 200 120
-0.8572 -4.7996 1.1661 80 200 120
-2.4858 0.6759 0.0938 80 200 120
0.1111 -0.0583 0.4359 80 200 120
-0.8907 0.7508 0.0124 80 200 120
1.0896 -2.4670 0.0132 80 200 120
-3.6891 2.5318 -0.1595 80 200 120
-2.0839 1.7652 0.5698 80 200 120
-0.5877 1.7140 -0.0209 80 200 120
-2.7245 1.0619 0.0166 80 200 120
-3.3408 2.1175 1.2499 80 200 120
-0.1170 -1.6738 0.3336 80 200 120
-0.6461 -2.0355 0.9939 80 200 120
-0.5165 -1.7517 0.9628 80 200 120
-0.9235 0.9811 0.1748 80 200 120
-0.8175 -2.9868 0.7541 80 200 120
-0.6914 1.2477 -0.2278 80 200 120
0.0629 -0.2769 0.0393 80 200 120
1.5469 -1.0874 0.1378 80 200 120
2.8270 2.8848 2.8695 80 200 120
-3.0498 3.6064 0.2507 80 200 120
2.2100 -0.6047 0.1007 80 200 120
-0.6131 1.3337 1.0125 80 200 120
1.0261 4.6036 -0.2317 80 200 120
-2.4396 3.6709 0.4091 80 200 120
3.4645 2.7422 1.5184 80 200 120
-0.5083 0.9012 0.3448 80 200 120
0.2846 4.8751 0.0246 80 200 120
-1.5913 2.9727 0.7565 80 200 120
2.4454 0.2975 0.2427 80 200 120
-2.2644 -3.6815 0.0836 80 200 120
-2.0738 -2.4196 0.2246 80 200 120
0.9753 -3.1383 2.3007 80 200 120
2.3440 2.6890 -0.0002 80 200 120
0.4294 -2.3121 0.5974 80 200 120
1.0681 -3.5447 2.7528 80 200 120
0.2046 -1.5239 0.0995 80 200 120
2.8946 -5.0297 1.3358 80 200 120
-0.7928 -1.9380 0.1123 80 200 120
0.9653 -1.6785 0.0334 80 200 120
-0.7187 -2.2964 0.2291 80 200 120
-1.1000 -3.1640 0.1117 80 200 120
3.3036 -4.3599 1.9750 80 200 120
2.6031 2.9399 0.4754 80 200 120
3.4183 2.8267 0.0822 80 200 120
2.0441 4.1691 -0.2142 80 200 120
-0.4029 -0.4278 0.0817 80 200 120
0.4443 -2.5407 0.2115 80 200 120
0.6230 -4.4157 1.2755 80 200 120
1.1390 -3.6884 1.7149 80 200 120
1.6884 -4.2025 0.0112 80 200 120
3.4027 -0.1523 3.1283 80 200 120
-2.6156 -2.3573 1.0309 80 200 120
-2.0091 -2.2623 3.2361 80 200 120
-1.1411 -4.5572 1.2370 80 200 120
-3.5345 -2.1122 2.8905 80 200 120
2.4762 -4.9513 2.1440 80 200 120
1.0489 -3.2531 0.1435 80 200 120
-1.6978 -4.6403 0.1568 80 200 120
3.1211 -3.8795 3.0751 80 200 120
3.4930 1.4623 0.0825 80 200 120
3.5489 -3.7931 2.8738 80 200 120
3.4670 1.5954 1.1088 80 200 120
3.4335 -2.3609 2.1371 80 200 120
3.3914 1.3652 0.9116 80 200 120
-0.3342 3.6637 2.9909 80 200 120
3.4925 2.2447 0.0779 80 200 120
3.1899 -4.7095 2.9657 80 200 120
3.4639 1.4398 1.5537 80 200 120
3.3980 -3.3332 2.2188 80 200 120
3.6107 -1.0159 3.1969 80 200 120
-3.4916 2.7600 0.0513 80 200 120
-1.6640 3.5989 0.5742 80 200 120
-2.6178 3.6516 0.2806 80 200 120
0.1727 2.6982 -0.0805 80 200 120
-3.4072 4.7084 0.9555 80 200 120
-2.4577 0.3941 0.1682 80 200 120
-0.5552 2.1068 0.3078 80 200 120
0.3167 -1.7936 1.1502 80 200 120
0.0203 1.7890 0.1944 80 200 120
0.3007 -2.3471 1.0709 80 200 120
-3.2760 -0.6051 0.1261 80 200 120
-0.0256 -0.0489 0.7896 80 200 120
0.1932 -0.1884 -0.0693 80 200 120
-0.2705 -1.6684 0.9577 80 200 120
-0.1224 2.2531 0.1117 80 200 120
-1.5524 1.2954 0.6130 80 200 120
-3.1688 3.2189 0.0959 80 200 120
-1.7849 1.2887 0.3720 80 200 120
-1.7959 -4.2903 0.1437 80 200 120
-0.3050 2.0709 0.3719 80 200 120
-0.9607 1.0245 1.0585 80 200 120
-2.9267 -1.9035 1.2960 80 200 120
0.7091 -2.3126 0.2255 80 200 120
1.9956 -4.7964 0.1280 80 200 120
0.1507 1.2043 0.5037 80 200 120
-0.5838 1.0767 1.0493 80 200 120
0.1865 2.3807 0.3234 80 200 120
0.2610 0.9495 0.6600 80 200 120
-0.9764 1.5711 1.0060 80 200 120
-0.4056 -0.4185 0.0653 80 200 120
-0.4812 1.1486 0.4945 80 200 120
-3.3939 2.6207 2.1780 80 200 120
3.4717 2.4511 1.9511 80 200 120
-2.3291 0.3956 0.2739 80 200 120
-3.0195 0.4634 0.9028 80 200 120
-0.0760 0.7263 0.8929 80 200 120
2.1675 -0.3502 0.1376 80 200 120
2.9215 -0.2077 0.6993 80 200 120
2.7417 0.1035 0.7890 80 200 120
1.8861 0.0705 0.0453 80 200 120
-2.1496 -2.4299 0.5600 80 200 120
-2.3801 -1.3999 -0.0001 80 200 120
0.3125 -2.3455 1.1424 80 200 120
0.0738 -0.0067 0.1863 80 200 120
0.3462 -0.0150 0.9869 80 200 120
0.6207 1.6038 -0.0481 80 200 120
-2.1141 -2.8382 0.1466 80 200 120
-1.3137 -2.5630 0.0327 80 200 120
-1.4297 -3.2758 0.0269 80 200 120
3.4584 -2.3436 1.9585 80 200 120
-1.9880 -4.8947 1.2448 80 200 120
-0.3958 -2.8758 1.2303 80 200 120
-0.0384 -2.8861 1.2415 80 200 120
1.1602 -3.8343 1.0222 80 200 120
-0.1208 -2.3986 1.2002 80 200 120
-1.3597 -1.2576 3.1650 80 200 120
-2.2572 -4.6730 0.9185 80 200 120
1.3077 -4.0877 0.3408 80 200 120
-0.4950 -2.7464 1.0570 80 200 120
-3.0909 -4.4903 2.2733 80 200 120
-2.2116 -2.8615 0.6126 80 200 120
-2.1309 -3.3919 0.2166 80 200 120
0.5575 -2.2916 1.2226 80 200 120
-0.1993 2.5387 3.1705 80 200 120
0.4970 -2.0780 3.0406 80 200 120
2.2078 5.7658 2.9702 80 200 120
-2.7831 -3.6993 2.9862 80 200 120
-2.6348 0.1277 3.2707 80 200 120
-1.5213 5.2217 1.3730 80 200 120
0.0055 2.3763 2.0186 80 200 120
0.2263 3.6377 3.3425 80 200 120
2.5586 3.8561 3.2889 80 200 120
-2.1542 1.1210 3.2478 80 200 120
-1.2660 4.5200 3.0683 80 200 120
-3.7596 2.5395 -0.1765 80 200 120
-0.8912 2.6467 0.9437 80 200 120
-3.7086 3.1966 0.5257 80 200 120
-0.5454 -1.7318 0.7296 80 200 120
-1.2303 1.0742 0.0142 80 200 120
-0.4846 0.9042 0.3082 80 200 120
-0.1023 0.1202 0.7136 80 200 120
-1.2780 -1.5949 0.0619 80 200 120
-0.5731 1.0194 1.0638 80 200 120
-1.5618 -4.9453 3.0774 80 200 120
-2.2421 0.5702 0.3294 80 200 120
-0.5930 2.3009 0.6705 80 200 120
-1.9512 -4.9788 3.2367 80 200 120
2.1152 -6.4223 -0.5627 80 200 120
0.4218 -0.0077 0.8681 80 200 120
-0.0705 -0.0050 0.9598 80 200 120
-0.0527 0.3156 1.2844 80 200 120
2.0448 -1.2988 0.0945 80 200 120
2.4780 -1.2159 0.1782 80 200 120
-0.1815 2.2220 0.7991 80 200 120
-3.5896 0.1683 0.0052 80 200 120
-3.2936 0.9830 0.7803 80 200 120
2.0510 -0.7703 -0.0373 80 200 120
-2.9539 1.9608 0.2208 80 200 120
0.0396 -0.0350 1.0629 80 200 120
-0.3392 4.1149 3.1040 80 200 120
2.7817 -0.4094 0.6947 80 200 120
2.4124 -0.5199 0.6414 80 200 120
-0.9133 1.8151 0.9986 80 200 120
-2.3614 -2.2629 0.5232 80 200 120
2.5611 3.0081 0.4830 80 200 120
-0.8840 -2.8353 0.7149 80 200 120
-3.0833 -5.2249 -0.0880 80 200 120
-0.1444 0.0094 0.7201 80 200 120
1.2332 -3.9762 2.9127 80 200 120
1.9840 2.8044 0.6204 80 200 120
0.6221 -3.7901 2.8997 80 200 120
-0.2651 -1.6943 0.9252 80 200 120
3.5220 2.7851 1.5654 80 200 120
3.3835 3.3658 -0.0002 80 200 120
3.4494 -3.2276 3.1876 80 200 120
-0.4234 1.1623 0.3824 80 200 120
1.7810 -4.3408 -0.0343 80 200 120
-0.5694 -2.1074 0.9446 80 200 120
0.1462 -2.0552 1.1891 80 200 120
0.6874 -4.1803 0.9125 80 200 120
0.3144 -2.5604 1.1039 80 200 120
3.0295 4.4516 0.2283 80 200 120
3.8284 -5.1838 2.5745 80 200 120
-3.3232 1.5408 2.7418 80 200 120
-3.1295 0.2205 3.1847 80 200 120
-2.9513 1.3521 0.4157 80 200 120
0.5881 -2.4433 0.6228 80 200 120
-0.5477 3.7634 -0.8148 80 200 120
-0.6202 2.2752 0.9694 80 200 120
-0.5759 8.5916 -3.5285 80 200 120
-7.2407 25.4500 -20.9949 80 200 120
-0.8915 2.5894 0.9089 80 200 120
-0.6719 1.6528 0.9239 80 200 120
1.0454 -3.3705 0.2657 80 200 120
-0.0636 0.7277 0.8728 80 200 120
-2.2569 3.1109 0.6880 80 200 120
-1.9749 2.5074 0.4817 80 200 120
-2.5301 0.8202 0.1434 80 200 120
1.7495 3.1007 0.6194 80 200 120
2.3363 2.6303 0.3378 80 200 120
0.1540 3.0300 -0.4490 80 200 120
2.9478 -4.7096 3.1167 80 200 120
3.6044 -3.1920 3.1154 80 200 120
2.4374 -4.9468 3.0910 80 200 120
3.5025 -3.3301 2.1494 80 200 120
2.9978 -4.6063 2.5021 80 200 120
3.2205 -1.2704 2.4650 80 200 120
3.7378 -4.4451 2.9211 80 200 120
1.6035 -0.4897 3.1463 80 200 120
3.4320 -3.9014 1.2004 80 200 120
2.6105 -1.4448 3.1787 80 200 120
3.5871 -2.1469 2.6917 80 200 120
2.4409 -2.5393 3.1860 80 200 120
1.3889 -1.7816 3.1897 80 200 120
2.0191 -2.5144 3.2197 80 200 120
3.1424 -4.2507 2.0094 80 200 120
2.1313 -0.9499 3.2006 80 200 120
2.2954 -1.3845 3.2260 80 200 120
1.7252 -3.1508 3.2984 80 200 120
2.3498 -2.9032 3.1720 80 200 120
3.4566 -2.8238 1.9018 80 200 120
0.8267 -2.5894 3.0978 80 200 120
2.0717 -2.9888 3.0090 80 200 120
2.2464 -2.1852 3.2418 80 200 120
3.3745 -2.7372 2.5249 80 200 120
2.5529 -2.0444 3.1842 80 200 120
1.6183 -1.6240 3.2017 80 200 120
3.6309 -2.7916 1.2743 80 200 120
3.0213 -5.5986 2.9557 80 200 120
1.9818 -0.9376 3.2616 80 200 120
3.7460 -1.8914 2.2245 80 200 120
3.3453 -4.1190 0.1574 80 200 120
3.3015 -4.6258 0.5330 80 200 120
-2.6151 -4.3336 -0.1601 80 200 120
-0.8029 -3.2891 0.6650 80 200 120
-1.8124 -4.2032 -0.0229 80 200 120
-2.2943 -4.1993 0.4080 80 200 120
3.4865 1.4020 0.0724 80 200 120
2.6718 3.1325 0.3567 80 200 120
2.1836 4.6945 0.0877 80 200 120
1.8359 3.1154 0.4936 80 200 120
2.9664 3.7679 0.5604 80 200 120
-3.0773 2.7752 0.2450 80 200 120
-2.9935 3.0586 0.2802 80 200 120
-3.3398 1.2247 3.0122 80 200 120
-0.5810 1.0685 1.0592 80 200 120
1.3698 -4.1305 0.3523 80 200 120
-2.5210 -1.3368 1.3381 80 200 120
-3.0508 5.2936 -0.1465 80 200 120
-2.6337 0.4033 0.9730 80 200 120
-2.7856 -1.0530 -0.0168 80 200 120
2.4919 0.0269 0.7360 80 200 120
2.4413 -1.1919 0.2093 80 200 120
-2.8797 -0.8912 0.2766 80 200 120
3.3304 3.4952 3.0777 80 200 120
0.2352 -0.0184 1.0415 80 200 120
-3.2521 -0.0811 0.1243 80 200 120
2.3406 -0.6351 -0.0069 80 200 120
-3.1825 -0.6459 0.1973 80 200 120
0.0565 -0.0418 1.0472 80 200 120
2.1916 -0.1457 0.1637 80 200 120
3.1650 -5.3532 3.2976 80 200 120
2.4233 -5.2177 3.1996 80 200 120
-0.0710 -0.0035 0.8638 80 200 120
-0.5519 -2.8136 1.0018 80 200 120
-2.5361 -4.4185 1.7922 80 200 120
-2.2734 -4.6699 0.0011 80 200 120
-0.7081 -2.1996 3.1936 80 200 120
0.6798 -2.6205 1.0306 80 200 120
2.4694 3.6804 0.4809 80 200 120
-0.8665 4.5471 3.1508 80 200 120
3.3735 3.2166 0.0192 80 200 120
2.3450 3.2101 0.3729 80 200 120
-0.1410 2.4480 3.1928 80 200 120
-2.3358 1.2476 1.0309 80 200 120
-4.5470 5.6150 1.5853 80 200 120
-2.8230 1.2876 1.0539 80 200 120
-2.8018 4.4762 1.9314 80 200 120
-2.5055 3.4074 0.5885 80 200 120
-2.3014 4.7705 1.1905 80 200 120
-1.8984 -1.2335 3.1853 80 200 120
0.7909 2.2620 -1.0253 80 200 120
0.1168 -0.0579 0.0278 80 200 120
-0.3319 5.2109 -1.4879 80 200 120
-2.3863 -1.0642 0.0697 80 200 120
-1.1902 1.0430 0.0951 80 200 120
2.5069 -0.5599 0.5762 80 200 120
2.2684 3.7589 -0.5477 80 200 120
1.4812 2.9415 0.3029 80 200 120
-1.8300 -3.1862 0.4344 80 200 120
-1.8051 -1.8119 0.4764 80 200 120
-0.4088 -1.6071 0.6536 80 200 120
-2.5491 -2.8791 -0.1532 80 200 120
3.4502 -2.5219 3.1794 80 200 120
3.6753 -5.1719 2.9753 80 200 120
1.5419 -3.3772 0.0250 80 200 120
-0.1253 -3.9477 3.2314 80 200 120
0.3811 -2.2203 0.9542 80 200 120
-2.8332 -2.7636 1.2318 80 200 120
-1.5599 -4.7768 0.1057 80 200 120
0.3140 -3.1336 1.1426 80 200 120
0.0643 -2.2566 1.1253 80 200 120
1.9067 4.0245 0.3501 80 200 120
3.0249 2.5476 -0.1076 80 200 120
2.4180 -3.2103 3.2335 80 200 120
-3.2959 -3.6452 3.1255 80 200 120
-2.8279 -2.2697 3.2431 80 200 120
-3.1902 -1.2147 3.1288 80 200 120
-3.5485 -4.1404 2.7637 80 200 120
-7.7433 6.2133 -2.4597 80 200 120
-0.7942 2.3119 1.4717 80 200 120
-2.6485 -0.8345 1.4694 80 200 120
0.5021 -2.2878 0.0524 80 200 120
0.3703 -2.1541 0.9078 80 200 120
1.9982 -1.2879 0.1178 80 200 120
-0.6275 1.4070 -0.0668 80 200 120
-0.6171 4.1038 -1.0919 80 200 120
-0.3402 1.3441 0.8887 80 200 120
-0.7368 1.8634 0.8473 80 200 120
2.4700 -0.1495 0.6241 80 200 120
-0.1652 0.4723 0.8147 80 200 120
1.7579 0.6165 0.0494 80 200 120
-0.1685 3.1951 -0.5942 80 200 120
2.9044 2.8202 0.3548 80 200 120
2.5441 3.4964 0.5607 80 200 120
2.0324 2.8841 0.5706 80 200 120
0.8402 6.3873 -1.2053 80 200 120
3.0156 -4.4051 3.0378 80 200 120
-0.1553 -2.5758 1.1838 80 200 120
0.9616 -3.0842 1.5524 80 200 120
2.5980 -3.2514 0.1113 80 200 120
0.4658 4.9567 2.0310 80 200 120
2.3924 -2.5939 2.7420 80 200 120
1.8101 5.3621 -0.1246 80 200 120
2.8838 1.1691 0.4764 80 200 120
2.5107 4.7466 0.6851 80 200 120
-3.0342 -4.6744 3.0775 80 200 120
-2.5383 -2.8345 2.2054 80 200 120
-2.4989 -4.6435 3.1208 80 200 120
-3.4588 -2.9443 2.9633 80 200 120
-3.2296 -4.2036 3.1851 80 200 120
-4.0200 8.3287 0.4635 80 200 120
0.5622 4.5802 2.5678 80 200 120
-1.3999 -1.7602 3.2063 80 200 120
-2.9863 3.5082 2.1488 80 200 120
-3.4442 -0.1475 2.2468 80 200 120
-1.5765 -3.6463 3.1961 80 200 120
-2.0426 -3.1251 3.2389 80 200 120
-2.1381 4.2578 0.7975 80 200 120
-1.4758 5.1096 1.4176 80 200 120
-0.5493 1.5183 0.1306 80 200 120
-0.8340 1.0860 1.0161 80 200 120
-0.0518 -0.0107 0.9954 80 200 120
-2.5858 -1.0705 0.8311 80 200 120
-2.3862 -1.0797 0.0703 80 200 120
0.1479 2.8903 0.7701 80 200 120
-1.9821 -1.1734 0.3408 80 200 120
2.1367 -0.2345 0.2184 80 200 120
-1.9695 -2.9713 0.2527 80 200 120
0.4625 0.8245 0.3975 80 200 120
1.9870 3.1344 -0.2405 80 200 120
1.7502 3.5556 -0.1369 80 200 120
1.9203 3.3812 0.4583 80 200 120
-2.3573 -3.9693 -0.0030 80 200 120
2.9872 -3.5137 1.6776 80 200 120
-0.5131 1.1171 0.1403 80 200 120
0.3302 -0.0069 0.9663 80 200 120
-0.0706 -0.0029 0.9881 80 200 120
0.3129 0.2821 1.1146 80 200 120
-0.5695 -2.2555 0.9987 80 200 120
-0.1307 -2.6168 1.1457 80 200 120
-0.0805 0.3982 1.0013 80 200 120
2.6527 -3.5734 2.4271 80 200 120
-0.0682 0.1789 1.0523 80 200 120
3.0658 -2.9602 0.3448 80 200 120
1.8154 -0.5109 3.2252 80 200 120
3.5098 -0.8267 3.2020 80 200 120
-3.0123 5.8183 3.1951 80 200 120
-1.8345 5.7153 2.3387 80 200 120
-0.2754 3.0818 2.8320 80 200 120
3.8045 0.5041 1.0559 80 200 120
-0.5734 3.5861 2.9758 80 200 120
3.4701 1.8927 2.4840 80 200 120
3.4875 1.5078 2.7777 80 200 120
-0.0717 2.6089 2.0384 80 200 120
3.4777 1.9299 1.1065 80 200 120
-0.1558 2.4263 3.1362 80 200 120
-2.6885 0.9889 1.0366 80 200 120
-0.9984 0.7957 3.2260 80 200 120
-2.5345 -1.1977 1.3672 80 200 120
-1.6395 -3.8229 2.9338 80 200 120
-0.2420 2.6871 2.5894 80 200 120
-2.9536 -2.8874 3.2172 80 200 120
-2.7789 1.4646 0.9908 80 200 120
-3.4060 2.6292 0.1658 80 200 120
-2.2379 0.9772 1.1255 80 200 120
0.2572 2.5100 3.2489 80 200 120
-2.4018 -5.0252 1.3789 80 200 120
-1.0454 1.4972 1.0913 80 200 120
-0.0581 -0.0066 0.0044 80 200 120
-2.9872 2.4454 0.3290 80 200 120
-0.4276 -1.6853 0.5619 80 200 120
1.3736 -3.4750 0.4001 80 200 120
-3.6172 0.5232 -0.0032 80 200 120
0.3392 0.0422 0.8104 80 200 120
3.1498 0.5175 0.4409 80 200 120
2.6236 0.2573 0.5493 80 200 120
1.7460 3.5812 0.3024 80 200 120
1.1283 4.3024 -0.1114 80 200 120
2.5451 -1.3120 0.2947 80 200 120
2.9031 -1.5369 0.6214 80 200 120
-0.6106 1.6229 -0.1291 80 200 120
-0.7836 0.8705 0.3670 80 200 120
-2.4109 -4.0016 1.4449 80 200 120
-2.0647 -4.8655 2.2954 80 200 120
1.1321 -4.0947 2.6401 80 200 120
1.7389 -4.2679 -0.0323 80 200 120
3.5652 -1.1968 2.4386 80 200 120
0.5664 -2.5416 2.2335 80 200 120
-0.1152 -2.3790 1.2496 80 200 120
-0.2724 -3.2514 1.1427 80 200 120
3.5777 -0.2715 3.1597 80 200 120
-0.6418 -3.5721 1.0028 80 200 120
2.6842 3.2049 0.3072 80 200 120
2.3130 3.3437 0.3887 80 200 120
3.4492 1.1236 1.8568 80 200 120
3.3956 -0.3930 3.1800 80 200 120
2.0219 3.5198 0.3056 80 200 120
-1.0334 4.5826 2.1329 80 200 120
3.6114 -0.4708 1.6691 80 200 120
-2.3982 -1.4830 1.4200 80 200 120
-2.9798 4.1533 0.2623 80 200 120
-0.9019 4.9400 2.4654 80 200 120
-2.1185 5.5800 2.7842 80 200 120
0.1890 2.4718 2.8773 80 200 120
-3.2066 3.1944 0.3698 80 200 120
-3.6908 2.7576 1.1208 80 200 120
-3.4206 -1.5540 3.0440 80 200 120
-1.1298 5.0687 2.1117 80 200 120
1.1176 2.3639 3.1363 80 200 120
-3.4276 -0.7387 2.8653 80 200 120
-3.3965 -1.4419 2.4341 80 200 120
0.9327 2.4659 3.2098 80 200 120
-3.5375 0.1924 1.5977 80 200 120
-2.8814 -3.2880 2.1600 80 200 120
1.0145 2.7922 3.0640 80 200 120
0.5123 -4.0172 0.4635 80 200 120
3.1745 -2.3239 0.0164 80 200 120
2.9156 -4.2033 0.3058 80 200 120
2.6598 -1.9214 0.1135 80 200 120
3.8568 -4.7822 -0.1915 80 200 120
3.3007 -3.3752 0.1402 80 200 120
2.0279 -1.7646 0.0486 80 200 120
2.7154 -1.3316 -0.0033 80 200 120
-0.5345 1.8757 0.1617 80 200 120
2.9089 -2.5412 0.4235 80 200 120
-0.0684 -0.0002 0.9800 80 200 120
-0.0082 -0.0233 0.0087 80 200 120
-2.4258 -1.0687 0.0720 80 200 120
-1.9299 -1.3622 0.4108 80 200 120
2.3763 0.4055 0.4550 80 200 120
3.4430 0.6637 0.5757 80 200 120
3.5478 1.2214 0.3016 80 200 120
3.3016 0.8796 0.2417 80 200 120
3.5199 1.2993 0.5730 80 200 120
1.4563 -0.5838 0.0094 80 200 120
0.3198 -0.0175 0.2113 80 200 120
1.2013 4.6111 0.1932 80 200 120
-0.0285 -1.6445 0.5172 80 200 120
3.3882 -3.0971 3.1449 80 200 120
0.2865 -2.7011 0.9319 80 200 120
-1.0284 -2.1618 0.4110 80 200 120
3.3924 -4.9388 3.1276 80 200 120
0.1949 2.3725 0.1321 80 200 120
0.6691 -2.2419 0.1311 80 200 120
0.7827 -2.9508 3.0866 80 200 120
0.4452 -3.0950 1.3776 80 200 120
0.6448 -2.4675 1.9872 80 200 120
2.4074 -4.9823 0.7333 80 200 120
1.7185 -4.9260 1.0213 80 200 120
0.4569 -2.9978 2.0996 80 200 120
1.9263 -4.9575 0.5915 80 200 120
3.5703 1.7066 0.4612 80 200 120
3.4333 1.2397 0.5461 80 200 120
3.5260 1.3952 1.5371 80 200 120
2.8938 3.9442 0.4830 80 200 120
1.6345 3.3706 0.6303 80 200 120
1.6300 5.2182 -0.1414 80 200 120
1.3209 5.1507 0.1331 80 200 120
0.8250 7.1709 0.5935 80 200 120
-2.9058 2.7266 0.2108 80 200 120
-2.5305 0.3587 1.0647 80 200 120
-2.8404 -0.9126 1.3929 80 200 120
-2.5455 -2.0079 1.3834 80 200 120
-2.5013 -1.7707 1.2841 80 200 120
-2.4465 -1.2079 1.5123 80 200 120
-2.8268 4.8391 0.5471 80 200 120
-2.5992 -1.7742 1.5264 80 200 120
-2.9788 0.6753 0.9953 80 200 120
-0.9860 -1.9662 0.6226 80 200 120
2.4355 -3.0015 -0.0159 80 200 120
1.3969 -4.7980 0.1208 80 200 120
-0.4086 1.2319 0.4270 80 200 120
-2.8083 3.2979 0.4794 80 200 120
0.3100 -0.0400 0.1729 80 200 120
2.3917 -0.5686 -0.0610 80 200 120
2.5299 -0.0128 0.7045 80 200 120
3.4089 2.6558 2.1588 80 200 120
2.0103 -0.7595 0.0010 80 200 120
-2.3028 -1.3682 0.9507 80 200 120
3.4902 3.3425 2.6590 80 200 120
0.3578 1.3708 0.4764 80 200 120
-2.8851 3.8816 3.0179 80 200 120
2.9655 3.7472 0.5547 80 200 120
2.4565 -0.1635 0.6299 80 200 120
0.3140 0.4514 0.8067 80 200 120
3.4640 1.5157 1.1540 80 200 120
3.4200 1.5442 0.7662 80 200 120
0.2853 -2.2914 0.7369 80 200 120
-0.4438 1.4015 0.2599 80 200 120
0.6327 3.9731 -0.1042 80 200 120
3.4005 2.6690 1.5669 80 200 120
1.4997 3.7910 0.5189 80 200 120
3.3712 4.2101 0.4198 80 200 120
3.4469 -4.1027 1.5886 80 200 120
-0.1409 -2.4931 1.1941 80 200 120
-1.0976 -3.4408 3.1632 80 200 120
1.7527 -0.4989 3.1760 80 200 120
2.6777 -2.4942 2.9339 80 200 120
-2.2902 4.4675 3.0119 80 200 120
2.2563 0.4294 3.1898 80 200 120
1.8063 3.1534 0.5621 80 200 120
3.6112 3.5562 -0.0709 80 200 120
-3.4572 -3.8081 2.1280 80 200 120
-0.3908 -2.4777 3.1692 80 200 120
0.6019 4.9954 2.6316 80 200 120
-2.4957 -1.0525 1.3157 80 200 120
-1.4103 -4.6126 3.0076 80 200 120
-3.0060 -4.9691 2.4451 80 200 120
-2.3440 -1.2813 1.2953 80 200 120
-2.8361 -2.6633 1.4530 80 200 120
-0.0624 -0.0064 1.0546 80 200 120
2.6036 -1.8693 0.1858 80 200 120
-0.6147 1.0981 1.0129 80 200 120
3.0195 -4.3888 0.2666 80 200 120
3.0793 -3.8155 0.3034 80 200 120
-0.0802 0.0116 0.3824 80 200 120
-2.7094 -0.8512 0.1200 80 200 120
3.0896 3.1699 2.9947 80 200 120
0.3079 0.0026 0.1111 80 200 120
2.4338 -0.1649 -0.0678 80 200 120
3.4194 1.5270 0.4012 80 200 120
1.5661 0.5828 0.0156 80 200 120
3.4005 1.8600 1.1296 80 200 120
3.5135 1.3831 0.9380 80 200 120
2.1974 2.4734 0.7672 80 200 120
-0.1325 2.6886 -0.1830 80 200 120
0.8116 -2.5155 0.8736 80 200 120
0.7968 -2.4329 1.1560 80 200 120
0.3437 0.3947 0.8776 80 200 120
-0.1493 0.0678 0.2552 80 200 120
3.4438 0.4884 2.1025 80 200 120
0.3251 0.0893 0.8684 80 200 120
0.3266 0.3118 0.8314 80 200 120
0.2844 -2.7693 1.1233 80 200 120
-0.1031 0.0337 0.9554 80 200 120
-0.4627 -1.7253 0.5073 80 200 120
0.2378 -2.5296 0.8065 80 200 120
3.4103 2.3567 1.9078 80 200 120
-0.2469 0.6979 0.6941 80 200 120
0.5347 -2.1223 1.3220 80 200 120
0.3188 -4.1395 1.4547 80 200 120
2.3513 -4.9696 1.3348 80 200 120
3.3724 -0.6025 3.1249 80 200 120
-1.9621 -3.0003 3.2177 80 200 120
3.5056 -4.6638 2.0069 80 200 120
-3.1117 -5.2830 1.7780 80 200 120
-2.5878 -4.2075 1.4108 80 200 120
0.2514 -2.9755 0.7934 80 200 120
-2.5770 -3.2407 1.4687 80 200 120
3.5011 2.4173 1.8602 80 200 120
3.5645 3.9403 0.4254 80 200 120
3.5807 1.3024 0.4401 80 200 120
3.5075 4.4387 2.5566 80 200 120
3.4107 4.8813 2.0896 80 200 120
-0.4230 -4.2005 3.3977 80 200 120
-2.5156 -4.8961 2.2039 80 200 120
-2.2142 0.5713 1.1512 80 200 120
-1.9884 -4.8218 3.1276 80 200 120
-3.4336 -1.7326 1.9138 80 200 120
-3.2453 4.4308 0.1857 80 200 120
0.3668 -1.4975 0.0489 80 200 120
-2.1881 -2.5959 0.1175 80 200 120
-0.1421 0.5901 1.0731 80 200 120
1.9974 -4.8446 0.1399 80 200 120
2.7998 -2.1017 0.3068 80 200 120
-0.6264 2.2153 -0.1126 80 200 120
2.7127 -1.2853 0.0234 80 200 120
2.0575 -1.3242 0.0710 80 200 120
-3.0620 -1.0638 1.2179 80 200 120
-3.1634 -2.3121 -0.5348 80 200 120
-2.6413 -1.1591 1.2235 80 200 120
0.0296 1.3645 1.2914 80 200 120
3.5135 2.0639 0.4430 80 200 120
1.8925 1.0333 -0.0465 80 200 120
2.3085 0.5014 0.2662 80 200 120
3.4001 2.2082 0.8352 80 200 120
2.9755 1.2519 0.1497 80 200 120
3.2174 2.1669 0.5387 80 200 120
1.1829 0.6377 -0.1035 80 200 120
1.2687 4.8698 0.0987 80 200 120
-0.4722 -1.7109 1.1306 80 200 120
0.2418 2.4189 0.3931 80 200 120
0.3353 0.6054 0.9004 80 200 120
-0.8742 0.9686 0.1561 80 200 120
3.4299 -3.9229 1.1096 80 200 120
-0.1128 -2.5129 1.1347 80 200 120
0.3833 0.2859 -0.0536 80 200 120
3.4540 -3.6412 1.7318 80 200 120
-0.5850 -1.6357 0.4296 80 200 120
0.8544 -2.8436 0.3166 80 200 120
-0.0864 -2.8976 1.2110 80 200 120
3.5464 -2.6616 2.7833 80 200 120
3.1984 -1.4840 1.6387 80 200 120
-1.3946 -1.9014 3.2460 80 200 120
3.4689 -3.1607 3.1595 80 200 120
1.5780 3.2038 0.6683 80 200 120
1.7762 2.9089 0.5767 80 200 120
1.1079 3.4503 0.6132 80 200 120
2.3526 5.5642 0.6579 80 200 120
0.3107 1.6772 3.2061 80 200 120
-2.3793 -2.2126 1.3657 80 200 120
-1.5080 6.4988 2.0866 80 200 120
-0.6819 3.9787 2.4143 80 200 120
-1.5642 5.2127 2.3688 80 200 120
-0.3200 3.4200 2.9186 80 200 120
-3.6817 1.8754 1.2355 80 200 120
0.2010 2.7437 2.9073 80 200 120
-3.4709 -3.3342 2.8154 80 200 120
2.6014 -1.7646 0.7985 80 200 120
2.8038 -1.7026 0.5657 80 200 120
-3.0923 0.5688 0.8291 80 200 120
-1.0434 1.1431 0.9943 80 200 120
-2.3982 -1.7509 1.4484 80 200 120
-1.6355 -5.0791 3.0999 80 200 120
2.5844 -1.5389 0.1765 80 200 120
2.4729 -0.7181 -0.0197 80 200 120
1.2725 0.7708 0.0680 80 200 120
3.6474 2.7987 0.9381 80 200 120
3.1593 2.3045 -0.0206 80 200 120
3.5502 3.0167 0.7133 80 200 120
1.5697 1.2951 0.0372 80 200 120
2.8704 0.8162 0.3569 80 200 120
3.4227 3.5494 0.6177 80 200 120
1.0803 -3.9557 0.0468 80 200 120
0.4429 -2.5908 1.1119 80 200 120
0.8417 -2.7674 1.0408 80 200 120
3.4662 2.3973 1.8661 80 200 120
3.4004 -4.0448 0.1341 80 200 120
2.8017 -2.5235 2.9331 80 200 120
1.9169 -4.7916 3.1747 80 200 120
1.1721 -3.3846 3.0418 80 200 120
2.0620 -4.9014 1.0650 80 200 120
1.7211 -4.2861 -0.0492 80 200 120
-2.5992 -4.7501 1.7149 80 200 120
-0.6750 -5.0356 0.8975 80 200 120
1.5332 -5.0221 -0.4113 80 200 120
1.2027 -4.6138 0.1814 80 200 120
0.4384 -3.4713 0.7256 80 200 120
0.2374 -3.6272 0.8338 80 200 120
0.9846 -3.8771 1.7536 80 200 120
0.0484 2.3382 1.9324 80 200 120
3.6410 1.7008 0.5349 80 200 120
-0.9781 5.0315 2.5474 80 200 120
2.3422 3.4018 0.3621 80 200 120
-2.7400 -3.7960 1.4346 80 200 120
-3.0550 0.5086 0.8955 80 200 120
-2.4673 -2.7214 1.4340 80 200 120
-2.6964 -3.2862 1.5065 80 200 120
-3.3276 1.0190 0.6822 80 200 120
-2.4350 -5.0335 2.5506 80 200 120
-2.2606 -1.3730 0.9754 80 200 120
-1.7394 -4.5563 2.4849 80 200 120
0.2403 2.6170 3.2915 80 200 120
0.7782 1.9815 3.0637 80 200 120
-0.0832 0.0327 0.9962 80 200 120
-3.8583 -5.5728 3.3048 80 200 120
-0.0869 -0.0164 0.7061 80 200 120
2.8095 -2.4948 0.4674 80 200 120
1.5500 -3.8202 0.2270 80 200 120
0.2339 -3.8863 0.7325 80 200 120
-3.2785 2.0759 1.2032 80 200 120
2.0099 -4.8574 0.1282 80 200 120
1.5392 -2.6824 1.7492 80 200 120
0.3473 -0.0387 1.3883 80 200 120
0.2920 0.5915 0.8576 80 200 120
-2.9478 -1.0151 1.2678 80 200 120
-2.3493 -1.8912 0.0395 80 200 120
-2.2808 -2.1530 0.1406 80 200 120
-2.3618 -1.3953 0.0200 80 200 120
2.3436 -0.6262 0.0091 80 200 120
3.2372 3.2535 3.0614 80 200 120
1.2928 1.0812 0.0818 80 200 120
2.0454 3.3090 0.0832 80 200 120
1.9344 1.2349 0.0827 80 200 120
0.3144 0.0202 1.0772 80 200 120
0.3868 0.2027 0.8294 80 200 120
0.2810 -1.7383 1.1393 80 200 120
-0.1099 0.0392 0.9750 80 200 120
0.3160 -2.6162 0.2340 80 200 120
9.8570 -14.7138 5.3859 80 200 120
-0.3366 -1.4660 0.8737 80 200 120
0.3837 -2.6465 0.4448 80 200 120
3.4228 -3.5991 1.7551 80 200 120
2.3845 -4.6108 0.1710 80 200 120
4.2085 -3.5678 0.1373 80 200 120
2.6758 -4.5180 0.2254 80 200 120
2.7058 -1.5081 3.1953 80 200 120
3.4629 -3.1246 1.0788 80 200 120
2.7002 -1.5095 3.2248 80 200 120
2.1680 3.9113 0.1607 80 200 120
3.4354 4.9457 0.0787 80 200 120
3.4475 0.6119 1.6354 80 200 120
-4.0780 -5.5246 1.5708 80 200 120
-3.7077 1.9065 1.2180 80 200 120
0.3202 -0.0266 1.1317 80 200 120
0.2913 -1.7663 1.1124 80 200 120
-0.1186 0.7232 0.9830 80 200 120
2.3791 -1.1649 0.3215 80 200 120
-3.1550 1.8817 0.8801 80 200 120
2.6026 -1.3666 0.6571 80 200 120
0.3567 0.1974 0.0845 80 200 120
0.8958 1.8292 0.2147 80 200 120
0.9420 1.1292 -0.1143 80 200 120
1.3307 1.6783 -0.0568 80 200 120
-0.3719 -1.5897 0.1906 80 200 120
2.3225 -0.3646 0.0358 80 200 120
0.2047 -2.4319 0.8678 80 200 120
0.2058 2.5392 0.3350 80 200 120
1.1140 3.9156 0.4385 80 200 120
3.4258 2.3596 1.8869 80 200 120
1.4228 3.7369 0.4678 80 200 120
0.5090 4.1118 -0.0653 80 200 120
3.0495 -4.7052 0.1774 80 200 120
-2.5501 -3.6573 1.5635 80 200 120
2.5714 -4.6911 -0.3335 80 200 120
3.2146 3.3750 3.0355 80 200 120
1.1375 2.4187 3.1502 80 200 120
2.7576 3.5730 3.2779 80 200 120
3.5814 3.7376 1.9541 80 200 120
1.5708 4.0466 2.9769 80 200 120
-0.8110 3.1608 1.6588 80 200 120
3.2370 -3.0324 3.1057 80 200 120
-2.8277 3.7254 3.0425 80 200 120
3.4441 1.2312 0.5338 80 200 120
1.8857 4.1955 0.2347 80 200 120
3.4331 1.5280 0.6468 80 200 120
-2.2359 -4.8517 2.6116 80 200 120
-1.8978 -0.9684 1.1523 80 200 120
-2.8185 -0.2104 0.4356 80 200 120
-4.6688 6.8875 0.9947 80 200 120
-2.5024 -4.9981 2.1409 80 200 120
-0.8514 4.7584 2.4463 80 200 120
-2.6000 1.2117 0.5851 80 200 120
-3.4748 -0.0469 0.7156 80 200 120
0.1402 -1.5511 0.3129 80 200 120
-0.3187 -1.5615 0.3456 80 200 120
-0.5536 1.0338 1.0627 80 200 120
-3.2446 -2.1965 1.1435 80 200 120
-0.2460 0.7760 0.6896 80 200 120
2.2222 0.7199 0.0103 80 200 120
2.2486 -0.8240 0.0614 80 200 120
3.1770 -0.1858 0.6201 80 200 120
1.1599 -5.0550 -0.1260 80 200 120
0.3749 -3.9995 0.4344 80 200 120
1.5630 -4.2098 -0.0159 80 200 120
2.7673 -2.1706 0.1084 80 200 120
0.3101 0.0097 1.1036 80 200 120
0.3159 0.7303 0.1343 80 200 120
3.4599 -0.6102 3.1622 80 200 120
-1.9681 -4.7129 1.2650 80 200 120
3.2701 -2.8273 0.6374 80 200 120
3.6342 3.6134 2.7134 80 200 120
1.3348 3.4022 0.6837 80 200 120
-0.5220 -4.4962 3.0586 80 200 120
-2.7925 -4.8457 1.7715 80 200 120
-2.2765 2.0116 0.7033 80 200 120
-0.9565 4.4570 2.1134 80 200 120
-7.6514 8.7591 -0.2135 80 200 120
-3.2058 2.4017 1.2402 80 200 120
0.3341 -1.6737 0.4870 80 200 120
0.7998 -2.5346 0.3894 80 200 120
0.3220 -0.0206 1.1335 80 200 120
-0.1584 0.8392 0.8787 80 200 120
-2.9213 -1.6752 1.2815 80 200 120
-3.2307 1.6321 0.7773 80 200 120
-2.6353 -1.1496 1.2407 80 200 120
1.3954 0.7301 0.0015 80 200 120
1.6420 0.5098 -0.0890 80 200 120
1.4225 0.6526 -0.0472 80 200 120
2.5175 -0.5816 0.5725 80 200 120
2.4897 -0.8046 0.5883 80 200 120
0.1981 2.0801 0.2873 80 200 120
-0.4477 -1.6861 0.5175 80 200 120
-0.2890 3.4890 -0.7402 80 200 120
-0.2142 7.3511 -2.3215 80 200 120
0.3514 0.5038 0.1927 80 200 120
0.6281 5.2559 -0.7361 80 200 120
0.2269 1.0426 0.6703 80 200 120
0.3005 -2.7139 1.2482 80 200 120
0.3520 -2.0359 1.2850 80 200 120
1.2996 5.2413 -0.0387 80 200 120
0.2740 -1.9969 1.1731 80 200 120
3.4674 -3.2007 1.4483 80 200 120
3.3786 -2.3130 1.3330 80 200 120
1.4734 -4.8449 -0.2811 80 200 120
-2.2457 -3.7846 1.4942 80 200 120
2.1553 4.2934 2.9344 80 200 120
3.6204 -3.3333 3.2356 80 200 120
2.9805 3.1032 1.3882 80 200 120
2.4835 3.0316 0.3930 80 200 120
3.8057 22.3914 -6.6573 80 200 120
-1.5753 -4.3997 2.1568 80 200 120
-2.7204 -5.4366 1.6969 80 200 120
-6.7139 10.0664 0.4785 80 200 120
-0.4379 -2.5873 3.2270 80 200 120
-2.4302 4.1932 0.7507 80 200 120
-2.3889 -3.9603 1.4229 80 200 120
-2.3590 -1.1643 1.1605 80 200 120
0.2127 2.3555 3.1604 80 200 120
3.1203 -4.5576 0.2050 80 200 120
3.1733 -2.6363 0.1849 80 200 120
3.4317 -4.2585 0.0701 80 200 120
-3.1915 -4.7167 3.1248 80 200 120
0.3226 0.6114 0.7881 80 200 120
-3.9731 1.8805 0.3653 80 200 120
-3.2301 2.0111 0.7038 80 200 120
-1.2201 1.2637 0.9077 80 200 120
-2.8612 -1.5964 1.2963 80 200 120
-2.5818 -2.3565 0.5168 80 200 120
-2.4201 -2.6369 0.0695 80 200 120
-0.4071 -1.5480 0.2278 80 200 120
0.3702 0.2340 0.0044 80 200 120
1.8446 0.0601 0.0203 80 200 120
2.3815 2.3008 -0.1973 80 200 120
1.8417 0.4623 -0.0852 80 200 120
2.2014 -1.3973 -0.0415 80 200 120
1.4337 0.3045 -0.0255 80 200 120
0.3704 1.2253 0.2232 80 200 120
2.8787 -0.6311 0.6512 80 200 120
0.3304 -0.0520 1.2077 80 200 120
0.2658 0.5566 0.8479 80 200 120
3.5287 2.8409 1.5182 80 200 120
-0.0782 0.0272 1.0391 80 200 120
0.3901 -4.3723 0.2898 80 200 120
0.2352 -3.4693 0.9342 80 200 120
3.2612 2.4004 3.0913 80 200 120
1.0874 4.7921 2.0081 80 200 120
0.5641 3.5203 2.9587 80 200 120
1.2542 2.9800 3.0656 80 200 120
2.8472 4.2824 3.0375 80 200 120
3.5200 2.0910 3.0851 80 200 120
0.3080 2.6600 3.1601 80 200 120
3.6721 5.2727 1.5750 80 200 120
0.5101 5.0350 2.6407 80 200 120
0.8187 2.5292 3.2910 80 200 120
2.7617 4.7754 2.2989 80 200 120
2.7255 2.6443 3.2669 80 200 120
3.2689 2.8611 3.0700 80 200 120
3.5313 2.7468 2.5319 80 200 120
0.4607 3.2763 3.1068 80 200 120
2.4351 0.7941 3.1683 80 200 120
1.5648 5.1540 2.4244 80 200 120
2.2402 3.2261 3.2538 80 200 120
1.5607 1.6820 3.2132 80 200 120
1.8884 3.7005 3.1228 80 200 120
1.6006 0.9940 3.1869 80 200 120
1.5825 4.8311 1.9323 80 200 120
1.9413 3.3432 3.1521 80 200 120
2.2757 4.5370 1.9702 80 200 120
1.3317 2.2554 3.1727 80 200 120
2.1782 1.9577 3.2415 80 200 120
2.2278 3.3397 3.1235 80 200 120
1.8015 0.7766 3.1413 80 200 120
2.7981 4.8713 2.8005 80 200 120
2.8457 2.2782 3.1947 80 200 120
2.7582 1.5583 3.2525 80 200 120
2.3208 2.8064 3.2761 80 200 120
1.4379 2.0968 3.2330 80 200 120
0.9625 3.4579 3.0134 80 200 120
1.0720 1.3105 3.1823 80 200 120
1.4497 1.4592 3.2680 80 200 120
3.3164 4.1623 3.1132 80 200 120
3.5881 2.3446 2.7232 80 200 120
-2.6883 3.5384 3.0184 80 200 120
3.5429 1.6246 1.1172 80 200 120
3.0543 0.9717 0.7627 80 200 120
-2.6844 -2.7835 0.8812 80 200 120
-2.8934 1.6993 0.8924 80 200 120
-3.2404 0.4662 0.1190 80 200 120
-2.7512 -2.4032 1.2101 80 200 120
-3.0712 3.7006 0.3902 80 200 120
-2.5052 2.1848 0.5664 80 200 120
-3.6698 1.5280 0.9397 80 200 120
-1.0739 -4.5054 3.0895 80 200 120
-3.4851 3.5253 0.2078 80 200 120
0.3596 -2.1588 0.5876 80 200 120
-2.3279 -2.1746 0.0674 80 200 120
-2.4658 -1.0495 1.0488 80 200 120
1.0751 -3.6691 2.8954 80 200 120
2.8054 -1.9956 0.0122 80 200 120
-0.9864 1.0583 1.0320 80 200 120
1.3610 -4.0032 0.2309 80 200 120
-3.0045 2.3766 0.4330 80 200 120
-3.4221 2.2027 1.2134 80 200 120
-3.4861 5.5682 1.8865 80 200 120
3.4913 2.4046 -0.0350 80 200 120
2.1944 0.9840 -0.0457 80 200 120
1.8127 0.2725 -0.0693 80 200 120
2.8504 -0.4192 0.6563 80 200 120
0.2635 -3.2490 1.0269 80 200 120
0.2777 -3.0845 0.7580 80 200 120
-1.1566 0.4417 -0.1357 80 200 120
3.0561 -4.2122 -0.0743 80 200 120
0.8882 -3.2797 1.3098 80 200 120
3.4556 -1.1759 2.4191 80 200 120
0.0070 -4.8504 1.1912 80 200 120
2.9418 3.9953 0.4470 80 200 120
2.0080 2.6639 0.6580 80 200 120
3.8275 4.4061 1.0287 80 200 120
-0.5423 -6.7825 3.5533 80 200 120
-2.5548 -4.4977 1.7758 80 200 120
-0.2591 -3.3091 3.1010 80 200 120
-2.8406 -4.4696 1.2951 80 200 120
-2.2765 -1.3910 0.9765 80 200 120
0.2297 -2.0952 2.7325 80 200 120
-0.1050 2.2135 3.0948 80 200 120
0.4282 -1.7502 2.5266 80 200 120
0.3208 -0.0690 1.2083 80 200 120
0.2631 2.2658 -0.9382 80 200 120
0.2627 0.5314 0.6596 80 200 120
0.3312 -2.4960 0.7758 80 200 120
-3.4052 3.1811 1.7496 80 200 120
-3.3303 4.8438 1.2731 80 200 120
-2.0981 -2.8124 0.2210 80 200 120
0.3341 0.2745 0.8069 80 200 120
0.3053 0.3423 0.9355 80 200 120
-0.6911 -1.8581 0.4187 80 200 120
-3.4518 -2.9262 0.0483 80 200 120
2.5499 0.2898 0.2768 80 200 120
1.1133 0.6764 -0.0957 80 200 120
3.4281 1.9485 -0.0316 80 200 120
1.5127 0.0397 -0.0383 80 200 120
1.8192 -0.2199 -0.1289 80 200 120
0.3854 0.7603 1.4441 80 200 120
2.2867 12.0643 -2.6147 80 200 120
1.0346 3.7085 0.1121 80 200 120
0.3214 -1.6761 0.2247 80 200 120
0.2140 2.4438 0.3410 80 200 120
0.2981 -1.6300 1.1787 80 200 120
0.3757 -0.0432 1.4808 80 200 120
3.4592 -3.7394 3.1564 80 200 120
2.8667 -4.9683 1.3485 80 200 120
3.5609 -3.0376 0.4767 80 200 120
2.8398 -4.9155 0.1206 80 200 120
2.4331 -4.7501 0.1004 80 200 120
3.4476 -2.4398 1.9954 80 200 120
2.4778 -4.4618 -0.1971 80 200 120
0.2558 -10.3696 3.5658 80 200 120
-3.4703 -3.2329 3.1026 80 200 120
3.6451 -3.7700 2.8225 80 200 120
3.4176 -0.1446 3.1148 80 200 120
3.2683 0.3559 3.0581 80 200 120
3.0237 1.0043 3.2030 80 200 120
0.0839 1.2009 1.7047 80 200 120
2.1031 3.7468 0.1588 80 200 120
0.6263 5.1756 0.9624 80 200 120
-1.5548 3.2652 1.4662 80 200 120
-5.0816 -1.3870 -0.4307 80 200 120
-3.3678 3.5029 0.5954 80 200 120
-3.6012 4.0251 0.9789 80 200 120
-2.8605 4.3089 1.2736 80 200 120
-0.7425 -2.2655 3.2070 80 200 120
-1.4594 -3.5313 3.1614 80 200 120
-3.8198 5.0419 0.6179 80 200 120
-2.1390 -1.1427 1.2549 80 200 120
-0.4599 -4.8680 1.4210 80 200 120
2.8511 -2.0894 0.4279 80 200 120
0.4567 -3.5701 2.8369 80 200 120
3.3095 -3.6243 0.0938 80 200 120
-5.6971 5.4221 -1.2748 80 200 120
0.3459 0.1605 0.6756 80 200 120
-1.7302 1.3722 0.6592 80 200 120
3.4279 3.6160 3.0943 80 200 120
2.3718 -0.7510 0.6242 80 200 120
2.5041 -0.1511 0.5851 80 200 120
2.3953 0.4463 0.0729 80 200 120
1.3476 0.4681 -0.1185 80 200 120
-0.0826 0.6968 1.0343 80 200 120
-0.1231 4.1852 -4.3210 80 200 120
-0.3861 -1.5890 0.0931 80 200 120
0.2869 -2.3085 1.1094 80 200 120
1.6178 -4.9423 1.8816 80 200 120
0.4458 -3.5257 2.8470 80 200 120
1.0688 -4.0852 0.8931 80 200 120
3.3715 -3.7436 0.0357 80 200 120
3.3117 -1.5126 1.6115 80 200 120
1.9540 5.1724 1.5670 80 200 120
1.5323 5.2852 -0.1656 80 200 120
3.2100 1.0953 0.6427 80 200 120
1.8234 1.7622 1.0358 80 200 120
1.4587 2.7113 0.8697 80 200 120
3.1209 2.9260 0.2836 80 200 120
-1.2506 4.8962 1.6621 80 200 120
3.3083 -1.4791 2.9167 80 200 120
-3.3184 0.6249 3.0829 80 200 120
-3.4353 0.6842 2.7569 80 200 120
-2.2467 -3.0048 1.0730 80 200 120
0.4258 -1.9897 2.6807 80 200 120
-3.1828 -4.8661 1.2168 80 200 120
-3.3058 -1.4726 1.0820 80 200 120
-2.6062 -1.1675 1.5266 80 200 120
-1.9704 -4.8436 2.2822 80 200 120
0.4122 -1.8145 2.8166 80 200 120
-2.9672 -2.9179 1.0240 80 200 120
-3.2846 0.6010 0.7909 80 200 120
-2.4671 -5.0315 1.7508 80 200 120
-2.2378 -2.8913 0.0915 80 200 120
-2.8787 -1.1338 0.2591 80 200 120
2.5963 -0.5545 -0.2892 80 200 120
3.1017 -3.0437 0.3087 80 200 120
-3.5558 1.8350 1.2468 80 200 120
0.3886 -2.8675 -0.4423 80 200 120
2.2714 -1.1348 0.3933 80 200 120
-2.4520 -1.4925 1.4170 80 200 120
-0.5928 -1.8167 1.0332 80 200 120
-2.8325 -2.5176 0.3921 80 200 120
2.6821 -1.2851 0.4675 80 200 120
2.3820 -0.1776 0.1374 80 200 120
2.4559 0.3375 -0.0786 80 200 120
2.1823 0.5175 -0.0769 80 200 120
1.3275 -0.3011 0.0047 80 200 120
2.5989 -1.0276 0.5948 80 200 120
3.5627 -0.7882 0.8476 80 200 120
0.3273 -0.1478 1.3057 80 200 120
-0.5970 -1.7714 0.3120 80 200 120
0.2658 0.5200 0.8953 80 200 120
0.3046 -1.7740 1.2185 80 200 120
3.3517 2.2700 1.9214 80 200 120
0.0721 1.6206 0.5716 80 200 120
0.3435 -0.0217 1.3141 80 200 120
0.9035 2.5946 0.6621 80 200 120
1.2661 -2.5819 3.2411 80 200 120
3.4546 0.1950 2.7232 80 200 120
3.5559 -3.3504 2.4705 80 200 120
-0.7359 -2.3757 3.1318 80 200 120
3.2306 2.3969 1.5938 80 200 120
3.4988 2.3776 2.2256 80 200 120
3.2706 5.6495 0.8590 80 200 120
3.5921 2.2143 0.4634 80 200 120
-1.5838 4.9748 2.3813 80 200 120
-0.0218 1.6474 1.5933 80 200 120
-6.0795 7.5677 2.9789 80 200 120
-2.8772 1.7569 3.2381 80 200 120
-3.3321 2.0341 2.6870 80 200 120
-2.2937 -3.3790 1.0569 80 200 120
-2.7348 -2.1655 1.3927 80 200 120
-2.4163 -1.4249 0.9066 80 200 120
-3.2702 1.5582 0.8847 80 200 120
0.5360 -1.5332 2.6944 80 200 120
-1.6866 -0.9917 1.2659 80 200 120
-3.6305 -0.2122 1.7046 80 200 120
-2.9589 1.7875 0.8245 80 200 120
-3.2237 -0.7436 0.9409 80 200 120
-2.7774 -4.0564 1.4140 80 200 120
-2.3765 -2.6947 1.0570 80 200 120
-2.4887 -4.9530 2.3929 80 200 120
-2.6118 -3.4534 1.3602 80 200 120
-2.5170 -4.0822 1.2239 80 200 120
-2.3880 -3.5443 1.1111 80 200 120
-2.5644 -2.4387 0.2710 80 200 120
-1.9408 -4.9617 2.2479 80 200 120
0.2154 -1.5769 0.7356 80 200 120
-2.4912 -1.6212 -0.0765 80 200 120
-2.5297 -2.6990 0.5635 80 200 120
-1.1800 -4.7439 2.2025 80 200 120
-2.2232 -4.1108 1.6572 80 200 120
-0.4366 -0.4210 -0.0249 80 200 120
-0.5818 -1.2978 0.1230 80 200 120
-3.3981 0.6439 0.6990 80 200 120
-3.9346 2.8387 -0.3221 80 200 120
-2.2338 1.3710 0.3189 80 200 120
-2.8077 1.7631 0.8350 80 200 120
0.3280 0.8621 0.5128 80 200 120
1.7223 -6.5347 3.5338 80 200 120
-2.8698 0.7831 0.8689 80 200 120
0.2870 -3.1441 0.8347 80 200 120
-2.2043 1.2717 -0.1039 80 200 120
-0.7791 0.4779 1.0508 80 200 120
-0.4462 1.5124 0.3175 80 200 120
-4.2179 4.7556 1.0822 80 200 120
-2.7833 1.5593 0.0542 80 200 120
-3.7578 -2.5129 1.2031 80 200 120
2.8611 -1.8805 0.3850 80 200 120
2.4838 -1.9310 -0.0857 80 200 120
2.3140 -0.6079 0.0276 80 200 120
2.0002 0.6415 -0.1107 80 200 120
1.6239 0.9437 -0.0572 80 200 120
2.5044 -2.5036 -0.0774 80 200 120
2.9510 -0.9199 0.6761 80 200 120
2.1887 -0.9607 -0.0251 80 200 120
2.0276 -1.6502 -0.0541 80 200 120
3.1303 -1.9369 0.5380 80 200 120
1.5538 3.0170 0.2129 80 200 120
0.2590 -2.9250 1.1621 80 200 120
0.3612 0.8332 1.5651 80 200 120
-0.0699 0.0153 1.0475 80 200 120
1.6073 3.3907 0.5646 80 200 120
3.1638 -4.6676 0.0982 80 200 120
-0.4584 -4.7649 2.3216 80 200 120
3.5164 -3.8447 0.4755 80 200 120
-0.5607 -4.8898 1.7536 80 200 120
0.4324 -2.8781 2.9889 80 200 120
1.9560 -5.0041 1.6782 80 200 120
0.1195 -3.6475 3.2562 80 200 120
3.4722 -2.0368 3.1580 80 200 120
2.0968 -4.9359 2.7712 80 200 120
-0.1761 -4.8961 3.1197 80 200 120
0.0268 -4.6362 2.4617 80 200 120
3.4455 1.9388 1.4683 80 200 120
3.4984 2.8057 2.1656 80 200 120
2.9202 2.7378 1.8257 80 200 120
3.5733 1.1733 2.9258 80 200 120
3.5936 1.5719 3.1478 80 200 120
3.4197 0.9791 3.1115 80 200 120
3.4566 -0.1483 3.1133 80 200 120
1.7013 3.5500 0.5361 80 200 120
1.9229 3.3203 0.3693 80 200 120
-3.4816 3.6581 3.0933 80 200 120
-1.8963 1.9902 3.2282 80 200 120
-3.4960 0.3503 1.9108 80 200 120
-3.4608 2.9796 1.5594 80 200 120
-3.1194 4.1463 2.9856 80 200 120
-3.4623 0.7914 2.3645 80 200 120
-3.4524 2.1799 1.2997 80 200 120
-3.2510 2.4787 2.1638 80 200 120
-3.3727 1.0783 0.6524 80 200 120
-1.3831 -4.6326 3.0155 80 200 120
-0.8039 -5.1627 3.1995 80 200 120
-2.4051 -3.7686 1.8181 80 200 120
-2.8027 1.0467 0.8864 80 200 120
-2.3111 -4.7912 1.4324 80 200 120
0.4530 -3.4088 3.6185 80 200 120
-3.4009 -1.8680 1.6521 80 200 120
-3.2513 -2.5574 1.7764 80 200 120
-2.8344 -4.9023 2.7168 80 200 120
-2.7690 -2.9842 1.4331 80 200 120
-2.6089 -2.4974 1.0689 80 200 120
-2.6404 -2.6926 1.4149 80 200 120
-3.5358 -3.8478 2.1394 80 200 120
-2.4230 -1.3090 0.7412 80 200 120
-2.4965 -1.4113 0.8558 80 200 120
-0.0831 -1.6759 0.5118 80 200 120
-1.9277 -2.1526 0.0065 80 200 120
0.5229 -2.4658 0.2701 80 200 120
-0.1640 -1.2572 0.1439 80 200 120
-2.6150 -1.1027 0.7531 80 200 120
-2.2959 -3.0859 0.8652 80 200 120
-0.1207 -1.0348 -0.0347 80 200 120
-0.5035 -1.1066 -0.0145 80 200 120
-2.3056 -2.9589 0.5352 80 200 120
-8.4061 4.9489 -1.5759 80 200 120
-2.7748 1.2295 -0.0206 80 200 120
-2.1871 0.2956 -0.0513 80 200 120
-0.6766 2.5881 0.8079 80 200 120
-0.4267 3.3115 0.8829 80 200 120
-3.2619 4.0544 2.7203 80 200 120
-0.7213 3.2408 1.0801 80 200 120
-2.2487 1.3497 -0.1134 80 200 120
-1.3323 3.9718 0.9007 80 200 120
-1.2756 5.0602 1.6551 80 200 120
1.0308 2.0154 -0.1549 80 200 120
-1.7426 5.3508 1.8460 80 200 120
2.4750 -1.1725 0.2231 80 200 120
-2.3685 -3.0517 -0.0199 80 200 120
0.3985 -0.2738 1.6003 80 200 120
0.4295 -0.4182 1.9954 80 200 120
0.4039 0.1656 0.9872 80 200 120
-0.8556 0.9876 0.1856 80 200 120
-2.5337 -4.8993 2.2931 80 200 120
-0.5876 -4.8855 3.1854 80 200 120
-3.2698 -5.1943 2.5782 80 200 120
-0.4262 -2.5801 3.1965 80 200 120
-0.8751 -3.9590 3.2183 80 200 120
-0.4265 -3.2971 3.2112 80 200 120
0.4056 -2.6320 3.2303 80 200 120
1.4856 -4.8598 2.1817 80 200 120
-1.5581 -4.9115 3.0874 80 200 120
3.4833 -4.8505 1.1433 80 200 120
0.3166 -3.8028 3.0993 80 200 120
1.9018 -4.6141 2.3290 80 200 120
-1.5318 -5.2299 2.8127 80 200 120
-1.2655 -4.9437 2.2254 80 200 120
-2.0366 -5.0489 1.2568 80 200 120
3.4618 0.2102 2.8024 80 200 120
3.5856 0.8083 2.6237 80 200 120
3.1100 2.0878 1.3025 80 200 120
3.5093 0.4908 2.1698 80 200 120
2.0325 2.1356 0.8587 80 200 120
3.3567 2.0968 0.1956 80 200 120
-2.6960 3.5102 3.0119 80 200 120
-2.1948 2.6515 2.5597 80 200 120
2.9676 3.1185 0.9220 80 200 120
3.4413 1.5676 1.1185 80 200 120
-2.5986 3.6685 3.2296 80 200 120
-3.3378 1.7970 3.0993 80 200 120
-4.5834 5.8546 2.8566 80 200 120
-2.5221 4.8023 2.9051 80 200 120
-3.2114 -0.5247 3.1703 80 200 120
-1.2958 1.3788 3.1194 80 200 120
-2.0492 -0.4630 3.2200 80 200 120
-0.8916 1.0946 3.1088 80 200 120
-0.8371 -5.0701 2.8848 80 200 120
-2.4222 -1.5489 1.4148 80 200 120
-1.8204 -1.2291 1.6009 80 200 120
-2.9935 1.7240 0.9161 80 200 120
-2.7880 4.0854 1.4249 80 200 120
-2.7919 -3.4232 0.6755 80 200 120
-1.1759 0.5036 3.1570 80 200 120
-2.6822 -1.1279 1.2515 80 200 120
-2.8757 -0.8952 0.3414 80 200 120
-0.5696 -1.6523 0.6982 80 200 120
0.5224 -1.7361 0.0244 80 200 120
-2.5789 -3.7977 0.5091 80 200 120
-2.3825 -1.1109 0.0958 80 200 120
-0.0723 -1.5439 0.3969 80 200 120
-2.2402 0.1430 -0.0571 80 200 120
0.0524 -0.4152 -0.0505 80 200 120
-3.0514 -1.7233 1.2225 80 200 120
2.1896 -1.3572 -0.1011 80 200 120
0.2975 -1.6592 1.0628 80 200 120
0.3220 -0.0686 1.1937 80 200 120
2.9162 -2.1060 0.4034 80 200 120
2.8254 -1.7197 0.5407 80 200 120
-1.4080 1.2009 0.3961 80 200 120
-3.1511 1.3153 0.7505 80 200 120
-0.8697 2.2709 0.1808 80 200 120
0.7595 2.5959 0.0181 80 200 120
0.5864 3.5351 0.1227 80 200 120
-1.9993 0.5672 -0.0765 80 200 120
-0.6985 2.8392 0.3581 80 200 120
-2.0308 0.9877 -0.0771 80 200 120
-3.4804 2.5950 1.1606 80 200 120
1.3302 2.1276 -0.2482 80 200 120
-1.6886 1.0326 -0.0800 80 200 120
-3.7551 4.8124 0.3084 80 200 120
1.4899 4.7603 -0.3879 80 200 120
-2.3276 4.9830 2.2907 80 200 120
-2.5724 4.7062 2.9264 80 200 120
1.2353 1.7333 -0.1827 80 200 120
-0.8126 -0.4733 -0.0662 80 200 120
1.0316 3.4581 -0.1153 80 200 120
-3.1590 3.5512 2.9914 80 200 120
1.3727 2.6881 -0.2688 80 200 120
-0.2862 2.8366 0.3060 80 200 120
0.1673 3.3785 0.1382 80 200 120
1.7664 3.9108 -0.1903 80 200 120
-0.4127 3.5529 0.6152 80 200 120
-1.4756 1.2364 0.5781 80 200 120
-0.7384 1.8351 0.8393 80 200 120
-0.9169 1.2063 0.9281 80 200 120
-0.6688 2.8160 0.2862 80 200 120
-1.7095 0.6669 -0.0571 80 200 120
-0.3493 2.2879 0.1904 80 200 120
-1.3373 0.5171 -0.0297 80 200 120
1.5654 1.4199 -0.1462 80 200 120
1.8300 5.5917 -0.0552 80 200 120
2.4164 4.4985 0.7398 80 200 120
-1.5965 5.0269 2.4071 80 200 120
-1.4859 0.3159 -0.0778 80 200 120
2.4270 -2.5711 -0.1004 80 200 120
1.8008 1.2014 -0.1443 80 200 120
1.9197 1.6188 -0.0274 80 200 120
3.3444 -3.3933 0.0619 80 200 120
1.3322 -1.8621 -0.0187 80 200 120
3.0374 -2.1856 0.5181 80 200 120
3.1987 -4.4341 -0.1469 80 200 120
3.4157 -4.6495 0.3084 80 200 120
1.4696 -1.2826 -0.0315 80 200 120
2.7986 0.0995 0.5284 80 200 120
2.5819 -4.6655 0.0277 80 200 120
2.8209 -1.9060 0.0137 80 200 120
2.5966 -3.1043 -0.0461 80 200 120
3.3624 -2.7998 0.0455 80 200 120
3.5814 -3.8776 0.4006 80 200 120
2.1473 -2.7451 -0.0880 80 200 120
2.1675 -3.4176 0.0079 80 200 120
3.5278 -3.0378 0.5233 80 200 120
0.3558 -3.8716 0.5575 80 200 120
0.2916 -1.8486 1.1442 80 200 120
2.2785 -4.1686 -0.0404 80 200 120
1.0757 4.3040 -0.0999 80 200 120
0.9354 -3.3270 0.2350 80 200 120
0.2257 -3.1668 1.0552 80 200 120
0.6057 3.1592 0.3100 80 200 120
-2.0144 -4.5767 3.1174 80 200 120
-0.1907 -5.0304 1.4871 80 200 120
-2.0606 -4.6661 2.7156 80 200 120
-3.1821 -4.7208 3.1036 80 200 120
2.0881 -4.8783 0.1397 80 200 120
-2.6511 -4.8063 3.1719 80 200 120
-0.9428 -5.1972 2.9869 80 200 120
3.2550 -2.8324 0.6301 80 200 120
-3.0755 -3.5146 3.1194 80 200 120
3.5321 -1.5808 2.7269 80 200 120
0.3588 -4.2674 0.9121 80 200 120
0.1294 3.0040 2.7731 80 200 120
3.4267 -0.6455 3.1452 80 200 120
3.3829 0.3399 1.8895 80 200 120
3.5735 1.2615 2.4221 80 200 120
2.9224 0.2488 3.2036 80 200 120
3.3056 2.6505 0.2271 80 200 120
-3.2739 3.3856 3.1833 80 200 120
-2.6194 4.1588 1.9096 80 200 120
-3.4169 2.8349 3.1078 80 200 120
-1.7411 2.7495 3.2866 80 200 120
-2.6019 -2.6491 1.1537 80 200 120
-3.1910 -4.7411 2.7251 80 200 120
-2.7912 -4.8279 1.7679 80 200 120
-0.4213 -2.5284 3.1807 80 200 120
-2.8194 0.7631 0.9966 80 200 120
0.4349 -2.5049 2.8611 80 200 120
-2.4701 -3.2913 1.2373 80 200 120
-2.6144 -4.1513 1.3962 80 200 120
-3.4007 -2.1974 1.0861 80 200 120
0.4367 -2.5766 3.1957 80 200 120
-2.8262 -0.9426 1.4372 80 200 120
-5.0317 6.7644 0.4462 80 200 120
-3.3927 -0.0700 0.7340 80 200 120
0.7187 -1.9046 -0.0384 80 200 120
-0.7117 -1.7532 0.7525 80 200 120
-0.6413 -5.0133 1.7391 80 200 120
-0.0031 -1.3462 0.1324 80 200 120
-2.4814 -1.2883 0.4299 80 200 120
-1.2806 -1.0047 -0.0681 80 200 120
-3.1748 -0.0352 0.0701 80 200 120
-1.0124 0.0843 -0.0855 80 200 120
-2.0535 0.6143 -0.1266 80 200 120
-1.1065 0.2948 -0.0104 80 200 120
-3.4045 0.4717 0.0814 80 200 120
-2.2379 -0.8803 -0.0732 80 200 120
-0.8387 -1.3282 0.2663 80 200 120
-1.8671 -1.1058 -0.0642 80 200 120
-2.0631 -0.4890 -0.0940 80 200 120
-3.6246 2.6286 -0.1663 80 200 120
2.6695 -1.6045 0.1204 80 200 120
-0.5191 -4.2737 0.3721 80 200 120
0.3276 -2.2815 0.7168 80 200 120
2.3433 0.3075 0.5777 80 200 120
-0.6715 2.6151 -0.0723 80 200 120
1.9300 4.6080 -0.0232 80 200 120
-0.0086 1.7444 0.4968 80 200 120
0.1846 1.5968 0.5955 80 200 120
2.0881 3.5393 0.4221 80 200 120
1.3407 5.4537 -0.1397 80 200 120
1.9070 2.7878 0.3400 80 200 120
3.3471 2.8449 -0.0053 80 200 120
-0.9103 1.0734 0.0978 80 200 120
2.5686 3.9431 0.1168 80 200 120
-0.9677 0.9256 -0.0631 80 200 120
-0.8915 2.3868 0.0490 80 200 120
1.5689 0.9726 -0.1238 80 200 120
1.4632 0.7144 -0.1510 80 200 120
2.9089 4.6949 1.0300 80 200 120
-1.0418 5.0387 2.5558 80 200 120
0.4707 2.6475 0.2634 80 200 120
1.3021 0.7882 -0.1672 80 200 120
1.7904 1.2480 -0.2063 80 200 120
3.7868 4.1503 0.4176 80 200 120
1.7051 0.8038 -0.1085 80 200 120
1.8543 0.6298 -0.0862 80 200 120
1.6272 1.8792 -0.1176 80 200 120
-1.1485 0.5897 -0.0840 80 200 120
3.4151 1.8875 -0.0255 80 200 120
-1.0394 0.1028 -0.0841 80 200 120
0.7285 1.8378 0.1533 80 200 120
2.7595 1.4474 -0.0897 80 200 120
0.6817 4.9280 0.1079 80 200 120
0.0180 2.2652 2.0140 80 200 120
-0.2057 3.1728 1.7277 80 200 120
-0.8075 -0.1590 -0.0560 80 200 120
-1.4124 3.1013 0.6530 80 200 120
1.5039 0.3826 -0.1480 80 200 120
-0.4148 3.2385 1.3515 80 200 120
-2.4946 5.1035 1.1203 80 200 120
-1.5647 0.0880 -0.1036 80 200 120
2.6160 2.5071 -0.1743 80 200 120
-0.5597 -1.7622 1.0466 80 200 120
-0.4893 -1.6545 0.9640 80 200 120
-2.9272 -1.6909 1.2683 80 200 120
-0.5442 -1.6873 0.5411 80 200 120
2.8271 0.2151 0.6161 80 200 120
1.9142 -4.7474 0.0014 80 200 120
0.8374 -2.6843 -0.0165 80 200 120
1.8365 -1.7210 -0.0912 80 200 120
1.7079 2.0299 -0.2156 80 200 120
1.4352 2.6860 -0.2192 80 200 120
0.4243 -2.4691 -0.0420 80 200 120
1.0235 -2.3440 0.2766 80 200 120
1.5681 -3.2732 0.1016 80 200 120
-0.1871 -1.2409 -0.0066 80 200 120
-0.2771 -0.9994 -0.0327 80 200 120
1.1283 -4.4720 0.3345 80 200 120
0.3348 -3.2548 0.4636 80 200 120
3.8413 2.8463 1.8002 80 200 120
2.0256 3.4503 -0.3967 80 200 120
0.3720 0.3204 0.7194 80 200 120
1.8899 4.1371 -0.2924 80 200 120
0.0269 -0.1565 0.9996 80 200 120
0.6243 -2.3240 3.1752 80 200 120
-0.0748 -4.9884 2.0202 80 200 120
-1.8652 -4.9640 1.9147 80 200 120
0.7633 -2.4281 1.6620 80 200 120
0.9061 -3.1340 1.6165 80 200 120
0.8004 -2.5599 3.0644 80 200 120
0.6404 -2.2592 2.7880 80 200 120
3.6957 1.1002 2.2459 80 200 120
3.4969 -0.5981 2.9011 80 200 120
0.4427 4.3081 2.1085 80 200 120
30.5920 159.0702 -52.9579 80 200 120
-2.6162 3.0319 3.3308 80 200 120
-3.4248 -0.9131 3.1335 80 200 120
-2.3330 -2.8404 0.7251 80 200 120
-2.4387 -2.8568 1.5454 80 200 120
-2.3563 -3.0892 0.8635 80 200 120
0.4832 -4.3100 3.0138 80 200 120
-0.6066 -4.5717 3.0742 80 200 120
-1.1966 -4.7298 2.1904 80 200 120
0.2610 -1.0541 -0.0582 80 200 120
-1.6460 -2.9428 -0.0230 80 200 120
-1.1910 0.5197 -0.0909 80 200 120
0.4136 -1.3333 0.0512 80 200 120
-2.6798 -0.7401 0.1418 80 200 120
-2.5444 -4.2950 0.2732 80 200 120
-1.1030 0.6646 -0.1741 80 200 120
-1.9283 -0.1684 -0.0572 80 200 120
-2.1574 -4.8878 1.9114 80 200 120
-1.7626 1.0480 -0.1545 80 200 120
-2.7648 -2.3134 1.2601 80 200 120
-0.2704 0.1440 -0.0873 80 200 120
-2.1241 -3.4088 0.1739 80 200 120
-0.3186 -0.7085 -0.0703 80 200 120
-0.1312 -2.4162 1.1469 80 200 120
-0.8718 -0.1604 -0.0849 80 200 120
-1.8645 -4.8960 1.2260 80 200 120
-0.7804 -0.6758 -0.0512 80 200 120
0.6133 -1.1193 -0.0829 80 200 120
-1.4164 -1.9504 0.1094 80 200 120
0.3174 -0.0247 1.1486 80 200 120
0.3203 0.5617 0.1619 80 200 120
2.7214 -1.1775 -0.0448 80 200 120
2.7801 0.2807 0.5490 80 200 120
3.9321 4.0994 1.8048 80 200 120
2.5223 3.0746 -0.2032 80 200 120
2.3664 0.2328 0.0136 80 200 120
2.1662 0.9491 -0.0648 80 200 120
2.3454 0.4834 0.2315 80 200 120
1.6251 0.5064 -0.1354 80 200 120
-1.1548 0.3267 -0.0423 80 200 120
3.7890 3.7736 2.1695 80 200 120
3.3779 4.7269 2.1664 80 200 120
-1.2120 0.8855 -0.2110 80 200 120
0.0392 1.0540 0.7241 80 200 120
2.3866 2.6109 0.6550 80 200 120
3.3243 3.3778 -0.0106 80 200 120
3.5892 2.3410 0.0103 80 200 120
3.3382 2.0081 0.5984 80 200 120
2.3844 3.2288 -0.6034 80 200 120
0.2084 0.8391 0.8379 80 200 120
1.8672 2.8369 -0.0593 80 200 120
-0.3484 1.7208 0.1825 80 200 120
-3.2274 3.2588 0.0522 80 200 120
3.0476 4.1706 2.9326 80 200 120
3.4632 1.3022 0.0307 80 200 120
2.7984 0.8666 0.2046 80 200 120
0.5506 0.9458 0.4958 80 200 120
2.0142 -0.2635 0.0295 80 200 120
2.0697 1.2955 -0.1606 80 200 120
1.8438 0.3325 -0.1390 80 200 120
-1.5170 0.8157 -0.0935 80 200 120
-0.6120 2.1805 -0.0925 80 200 120
1.3446 -0.2546 -0.0734 80 200 120
2.1866 0.5165 -0.1127 80 200 120
3.4302 1.5377 0.5937 80 200 120
-2.1573 -3.6494 0.1919 80 200 120
0.2748 -1.6532 1.1881 80 200 120
0.4254 -2.4599 0.0129 80 200 120
0.6914 -2.3183 0.1875 80 200 120
2.3178 -0.3355 0.0155 80 200 120
0.2711 -1.9371 1.0413 80 200 120
2.1631 -0.1713 -0.1628 80 200 120
2.0754 -0.7457 -0.0540 80 200 120
2.5775 -0.1213 0.4629 80 200 120
2.5923 -1.1649 -0.1501 80 200 120
0.2873 -1.6580 1.1866 80 200 120
0.2250 -3.0892 0.7975 80 200 120
0.3219 -2.1032 0.0994 80 200 120
0.0976 3.6010 0.4708 80 200 120
-0.4681 1.7177 0.2122 80 200 120
3.6434 3.6094 2.6877 80 200 120
-1.0084 -5.2050 1.0679 80 200 120
0.8847 -2.8584 2.7406 80 200 120
0.3515 -4.3978 2.6117 80 200 120
-1.0604 -4.7474 3.1839 80 200 120
3.6085 -4.2837 1.9245 80 200 120
3.4949 -2.9933 0.5127 80 200 120
3.5337 -0.4775 3.1459 80 200 120
1.7941 -0.4815 3.1787 80 200 120
-3.0460 -4.5987 3.0899 80 200 120
3.5567 0.9807 1.9910 80 200 120
-0.2539 2.8952 1.6147 80 200 120
-0.1773 2.4263 1.3792 80 200 120
2.7215 2.9964 0.2841 80 200 120
-2.1874 4.7706 2.2869 80 200 120
3.5663 0.4141 1.8630 80 200 120
-3.2522 3.1897 1.5143 80 200 120
-2.0342 1.5152 3.2579 80 200 120
0.7305 -2.3067 2.8609 80 200 120
-1.3024 -4.2260 1.8493 80 200 120
-3.3415 -4.3101 2.7098 80 200 120
-3.2929 -4.6375 0.4711 80 200 120
-2.8012 -2.4240 1.0021 80 200 120
-1.3624 -5.2245 2.7191 80 200 120
-0.3144 -5.3419 3.1964 80 200 120
-3.4439 -2.3343 2.7696 80 200 120
-3.3988 -3.7740 2.1404 80 200 120
-3.6086 -1.4801 2.0254 80 200 120
0.0748 -4.7342 2.7350 80 200 120
0.4408 -2.5775 3.1598 80 200 120
-3.3683 -2.9620 2.2288 80 200 120
-0.3177 -1.0233 -0.0585 80 200 120
-2.6288 -0.9953 0.0986 80 200 120
-0.6218 -3.2271 0.8600 80 200 120
-0.8747 -4.8713 1.1299 80 200 120
-0.9043 0.7863 -0.0473 80 200 120
-2.7746 1.0712 0.0199 80 200 120
-0.0322 -1.5946 0.7383 80 200 120
-1.2023 -2.6984 0.2035 80 200 120
-0.7627 -1.8287 0.7228 80 200 120
-0.9014 0.9455 0.2118 80 200 120
-0.8680 -3.2676 0.6348 80 200 120
0.0535 -0.2189 -0.1499 80 200 120
2.8091 -2.0499 0.4909 80 200 120
3.1902 -4.6445 0.1141 80 200 120
-1.2590 -3.1186 0.1426 80 200 120
3.4789 -3.4123 0.0406 80 200 120
3.4797 -3.0174 -0.0383 80 200 120
2.3140 -3.3416 -0.0834 80 200 120
2.5569 -1.1206 0.5163 80 200 120
2.7046 -1.4810 0.6591 80 200 120
0.3626 0.2790 0.0181 80 200 120
2.4083 -0.6228 -0.0751 80 200 120
2.1174 -0.2944 0.3056 80 200 120
-2.1721 -5.0855 3.1745 80 200 120
-1.5075 -4.8516 3.0503 80 200 120
-3.3752 4.0184 0.0532 80 200 120
-0.6943 1.5155 0.9149 80 200 120
0.9957 4.2293 -0.1005 80 200 120
-2.8484 4.2891 0.0847 80 200 120
3.6192 2.9223 1.4647 80 200 120
-0.4919 0.8887 0.4223 80 200 120
-1.8854 3.4188 0.5356 80 200 120
2.5738 0.3929 0.1253 80 200 120
0.3090 -1.9271 0.4636 80 200 120
-0.5851 -1.7750 1.0059 80 200 120
2.5154 -0.0954 0.5872 80 200 120
-2.5032 -2.2519 1.3018 80 200 120
2.4103 -1.1556 0.2896 80 200 120
-2.9788 -2.7483 1.4284 80 200 120
2.2508 2.3643 0.2718 80 200 120
0.9774 -1.7170 -0.1017 80 200 120
3.2539 2.6122 0.2282 80 200 120
-0.1101 0.1181 0.9423 80 200 120
0.3605 -2.4961 0.7450 80 200 120
-0.9633 3.4929 -0.5895 80 200 120
-0.0392 0.0432 -0.0891 80 200 120
0.2690 -3.3543 0.9276 80 200 120
1.1224 -4.2976 0.4544 80 200 120
0.6193 13.7000 -4.7596 80 200 120
0.6139 4.3049 0.2751 80 200 120
-0.0857 0.4158 0.9872 80 200 120
2.4887 -5.0188 2.1264 80 200 120
3.5243 -3.4891 0.5818 80 200 120
2.7999 -4.7712 0.0703 80 200 120
3.4503 -1.0172 3.1563 80 200 120
0.7456 -2.3618 3.1810 80 200 120
3.5394 -3.5191 0.9949 80 200 120
3.1714 3.0614 0.3263 80 200 120
-0.6697 3.2959 1.1369 80 200 120
2.4173 6.3492 -0.6272 80 200 120
2.0502 3.7317 0.1602 80 200 120
2.6876 15.2079 -3.8615 80 200 120
0.6538 5.8113 -0.2866 80 200 120
3.4348 1.6001 0.5462 80 200 120
-2.6842 4.9527 2.6895 80 200 120
-4.0744 5.1922 2.4682 80 200 120
-2.6568 -1.9337 1.2677 80 200 120
-3.9723 -5.5209 2.2820 80 200 120
-2.6847 -1.8322 1.5709 80 200 120
-3.0759 -2.5632 1.6011 80 200 120
-1.1223 1.4106 3.2305 80 200 120
-1.0378 -4.4466 2.2327 80 200 120
-2.4167 0.4113 0.1421 80 200 120
0.3048 -2.6645 0.7899 80 200 120
-3.1142 -0.6082 0.2247 80 200 120
0.1942 -0.1580 -0.1802 80 200 120
-2.1080 -4.7708 -0.1826 80 200 120
0.6886 -2.3198 0.2852 80 200 120
-3.7470 0.8295 0.5524 80 200 120
-2.7451 1.7903 -0.0467 80 200 120
-3.6607 1.3958 0.4538 80 200 120
-0.1457 0.2300 0.8161 80 200 120
-1.4646 1.3586 -0.2623 80 200 120
-0.6780 1.2884 0.9211 80 200 120
0.2055 2.1468 0.4812 80 200 120
0.2727 0.6593 0.9238 80 200 120
-1.0090 1.6641 0.9543 80 200 120
-0.4454 -0.3861 -0.0583 80 200 120
-0.6575 1.7086 0.1144 80 200 120
-3.5489 2.7618 2.1735 80 200 120
-2.5730 0.5219 0.0501 80 200 120
-0.1909 1.3702 0.4423 80 200 120
1.9711 0.1414 -0.0658 80 200 120
0.6287 1.1909 0.2552 80 200 120
0.3420 0.5070 0.6131 80 200 120
0.3208 -2.1763 -0.0347 80 200 120
-0.3915 -1.6017 0.0224 80 200 120
0.4236 -3.3509 -0.5390 80 200 120
1.3793 5.0045 0.0547 80 200 120
3.4437 0.2277 3.1567 80 200 120
3.5135 -3.4694 3.1257 80 200 120
3.5706 -1.3096 2.6628 80 200 120
2.8624 -5.0956 0.6082 80 200 120
3.2595 -4.0811 0.2251 80 200 120
2.4340 -5.3267 0.1745 80 200 120
-3.1968 4.2175 3.1118 80 200 120
-1.2170 3.5416 1.1767 80 200 120
-3.4121 5.3834 1.8110 80 200 120
-2.6571 0.1427 3.2578 80 200 120
-2.1628 1.1590 3.2380 80 200 120
-2.3116 -2.8106 1.4990 80 200 120
-0.5357 -4.4319 3.0748 80 200 120
-2.3183 -0.8916 1.4941 80 200 120
0.0517 -5.1436 2.7629 80 200 120
-3.2742 -0.2863 0.9433 80 200 120
-3.3299 -4.3601 2.7361 80 200 120
0.4366 -2.4552 2.8527 80 200 120
-0.9737 -4.1762 3.2392 80 200 120
-2.2000 0.2410 3.2231 80 200 120
-1.2168 0.5541 3.1939 80 200 120
-0.7288 0.9178 3.2495 80 200 120
-3.4497 -3.9750 2.7693 80 200 120
-1.2479 -1.5885 0.0614 80 200 120
-3.0677 -4.6672 3.1066 80 200 120
-0.1345 0.1298 0.5438 80 200 120
0.4594 -3.2735 0.5938 80 200 120
-0.1722 -4.7802 0.0273 80 200 120
2.6238 -2.2818 -0.0966 80 200 120
-3.0336 -4.9349 2.5316 80 200 120
-3.0788 0.9269 0.8861 80 200 120
-2.8376 1.8591 0.2031 80 200 120
-0.9800 1.8615 0.9337 80 200 120
2.4604 0.3007 -0.1060 80 200 120
2.8879 -0.4618 0.6608 80 200 120
2.9036 0.4160 0.4619 80 200 120
-0.5928 2.3599 0.1240 80 200 120
-0.8651 0.6465 0.5163 80 200 120
-3.9875 22.5926 -10.0293 80 200 120
0.1858 -3.6612 0.7139 80 200 120
0.3147 -3.0607 0.7101 80 200 120
0.6760 -2.3234 0.0186 80 200 120
-0.1036 0.4525 0.9560 80 200 120
2.2740 -5.5017 -0.2951 80 200 120
2.5739 -5.0229 0.0642 80 200 120
-2.1206 -5.3444 2.0975 80 200 120
2.9858 -2.6146 3.2510 80 200 120
3.4799 -3.6584 2.2267 80 200 120
3.5616 -4.4319 0.6231 80 200 120
-0.9616 -4.8785 1.6427 80 200 120
0.3433 -4.0459 1.7455 80 200 120
3.2319 -1.5772 3.1383 80 200 120
-3.0623 17.5547 -3.1861 80 200 120
-0.5426 2.7891 1.2937 80 200 120
-0.1721 2.5223 3.1408 80 200 120
0.8124 4.8182 -0.0116 80 200 120
-3.4505 3.6610 3.1266 80 200 120
-3.0702 4.3533 1.4240 80 200 120
4.1440 6.5235 -1.3196 80 200 120
1.2409 4.7633 0.1038 80 200 120
-2.6727 5.6824 1.0498 80 200 120
0.1378 3.3385 2.2703 80 200 120
-3.3742 1.5793 2.7400 80 200 120
-3.5210 0.3618 3.2425 80 200 120
-3.0297 -5.1684 1.6404 80 200 120
-4.2225 -5.5945 1.6278 80 200 120
-3.5001 -3.8267 2.1258 80 200 120
0.4897 -3.4304 2.8769 80 200 120
-2.4383 -3.1601 0.7876 80 200 120
-3.5271 1.2154 0.9419 80 200 120
-4.8911 6.9225 1.6562 80 200 120
-3.3324 0.6588 0.7346 80 200 120
-2.5176 -1.4196 0.8140 80 200 120
-2.4131 -5.0119 1.6426 80 200 120
-3.4585 -0.8563 0.4872 80 200 120
-2.2800 4.2839 2.9099 80 200 120
0.5736 -2.4341 0.5407 80 200 120
1.0478 -3.2286 0.4636 80 200 120
0.3447 -2.4447 0.5171 80 200 120
-3.0527 1.1108 0.6571 80 200 120
-3.3758 0.5213 0.0658 80 200 120
3.0464 -2.0762 0.2504 80 200 120
2.9007 -1.7435 0.4697 80 200 120
-3.1028 -1.6871 1.1854 80 200 120
2.3767 -0.6427 0.0549 80 200 120
-2.7574 -4.8439 3.1419 80 200 120
0.3372 -2.3974 0.2332 80 200 120
-2.8518 0.9859 -0.0062 80 200 120
2.5888 -1.1702 0.1125 80 200 120
-3.1052 -2.8087 1.3854 80 200 120
-2.7577 -4.4041 0.1320 80 200 120
-2.7746 -2.8637 1.2882 80 200 120
-2.9263 -2.2374 1.3078 80 200 120
2.5236 -0.1169 0.5625 80 200 120
2.7258 3.4279 2.9184 80 200 120
2.3003 -0.6232 0.0345 80 200 120
-3.0210 -1.3434 1.4162 80 200 120
2.4709 2.9257 0.1961 80 200 120
-0.7250 1.6885 0.8818 80 200 120
-0.6548 1.2287 0.9540 80 200 120
0.4441 -2.5097 0.3064 80 200 120
0.3408 1.1619 -0.5019 80 200 120
-0.3355 -1.5742 0.1589 80 200 120
0.3907 -2.4426 1.0596 80 200 120
1.1185 -4.0965 0.5234 80 200 120
0.3937 -2.2426 1.0815 80 200 120
3.1240 -4.9935 3.1731 80 200 120
3.5523 -3.1573 3.1118 80 200 120
2.2032 -4.5807 3.0366 80 200 120
3.5862 -3.3837 2.1445 80 200 120
3.3165 -5.0773 2.5094 80 200 120
3.5231 -4.2143 2.8993 80 200 120
3.3845 -3.8647 1.2178 80 200 120
3.5746 -2.1449 2.6727 80 200 120
2.5243 -2.6112 3.1989 80 200 120
1.3353 -1.7525 3.1415 80 200 120
2.3906 -1.3647 3.2701 80 200 120
1.6847 -3.0768 3.2324 80 200 120
2.4489 -3.0054 3.2147 80 200 120
3.5883 -2.9022 1.8825 80 200 120
3.5502 -2.8323 2.5330 80 200 120
2.5706 -2.0553 3.1915 80 200 120
1.6083 -1.6216 3.1856 80 200 120
2.7760 -5.1401 2.9151 80 200 120
3.3338 -4.6983 0.5087 80 200 120
3.4785 -0.9777 2.4822 80 200 120
-2.2919 -4.9495 2.6515 80 200 120
3.3642 -3.8602 3.1935 80 200 120
2.0775 2.8991 0.6982 80 200 120
-3.5016 4.2900 2.4044 80 200 120
1.5378 4.2352 -0.1864 80 200 120
-0.9920 1.2239 3.1756 80 200 120
-3.4911 1.3223 3.0285 80 200 120
-2.4650 -3.4805 0.5234 80 200 120
-3.3401 -4.9644 0.3773 80 200 120
-2.6294 -5.7796 0.9113 80 200 120
-1.9567 -4.7578 3.0747 80 200 120
-2.9684 -1.8740 0.5349 80 200 120
-2.0565 -3.4008 0.8919 80 200 120
-3.1265 -1.5180 1.0794 80 200 120
-1.2039 0.5423 3.1940 80 200 120
-3.9709 2.1711 1.1305 80 200 120
2.7483 -1.0995 0.4001 80 200 120
2.8633 -1.4402 0.4619 80 200 120
2.6938 -1.4726 0.1125 80 200 120
-3.3827 0.7012 0.6913 80 200 120
-1.4330 -4.7984 0.0646 80 200 120
2.6342 -0.7085 0.4137 80 200 120
-3.0203 0.5774 0.6988 80 200 120
-2.6924 -0.9328 0.3651 80 200 120
-3.6851 0.1029 -0.1877 80 200 120
-2.8470 -0.6978 0.4394 80 200 120
-2.5497 -2.2948 1.2388 80 200 120
-2.5690 -4.0663 -0.1261 80 200 120
-0.4227 2.3943 0.1897 80 200 120
2.7901 2.2559 2.6113 80 200 120
4.0171 4.7110 3.2808 80 200 120
2.1837 -4.7593 0.5077 80 200 120
3.5120 -1.1739 2.4109 80 200 120
3.4707 -1.5385 2.9497 80 200 120
3.7028 -0.3236 2.7775 80 200 120
-2.7678 2.3814 1.8512 80 200 120
3.4069 0.3505 1.8874 80 200 120
-1.4058 4.8623 1.4604 80 200 120
3.4781 0.5441 2.1591 80 200 120
1.9014 3.2434 0.3934 80 200 120
-2.1500 4.4367 1.2898 80 200 120
3.4653 0.6262 1.6367 80 200 120
-1.4563 4.0429 1.0527 80 200 120
-1.9192 -1.2253 3.1949 80 200 120
-2.5952 -2.5694 1.4825 80 200 120
-2.7255 -2.1985 1.3904 80 200 120
-2.8804 -1.2921 1.2669 80 200 120
-2.1305 -3.3589 1.5582 80 200 120
-1.3748 -5.1577 2.1739 80 200 120
-3.5807 -1.8728 1.6662 80 200 120
-0.0472 -3.1282 3.1012 80 200 120
0.0211 -4.8012 3.6156 80 200 120
-3.3124 1.5230 2.7524 80 200 120
-0.5236 -4.6864 3.1267 80 200 120
-0.1456 -4.0591 2.9733 80 200 120
-1.7119 -5.1381 1.0177 80 200 120
-3.2447 -2.4851 3.1719 80 200 120
-0.5582 -4.3138 2.7968 80 200 120
-2.4980 -1.7324 1.3062 80 200 120
-3.3380 -2.1143 3.2055 80 200 120
-1.7093 -5.0070 1.7239 80 200 120
0.1126 -0.0246 -0.0507 80 200 120
-2.7130 -1.0114 1.2744 80 200 120
-3.0506 -4.7410 3.1080 80 200 120
-3.3581 -1.6918 1.0895 80 200 120
-2.6752 -1.2761 1.3490 80 200 120
2.0360 -0.5431 0.3777 80 200 120
-1.1354 1.0373 0.0544 80 200 120
0.2765 -1.6859 1.1075 80 200 120
0.4314 -2.4506 0.0120 80 200 120
-0.9715 -1.8649 0.4042 80 200 120
-2.4633 -2.6980 1.3958 80 200 120
-3.1434 -2.8058 1.3668 80 200 120
3.1422 -0.3316 0.4962 80 200 120
3.4387 0.0484 0.3366 80 200 120
0.2448 -3.3951 0.8750 80 200 120
0.2700 -3.2737 0.7275 80 200 120
0.3579 -2.6545 0.9097 80 200 120
0.3234 -4.0464 0.5378 80 200 120
0.8941 -2.9614 0.9161 80 200 120
-0.0523 0.0572 1.0258 80 200 120
0.2818 -1.6644 1.1703 80 200 120
0.3629 -2.5166 0.5751 80 200 120
4.7661 4.6024 1.1050 80 200 120
0.2686 -1.8445 1.0343 80 200 120
0.3147 -1.8459 0.3234 80 200 120
3.4994 -2.5550 3.1797 80 200 120
3.5418 -4.9931 2.9853 80 200 120
-0.0791 -3.8322 3.1792 80 200 120
0.8199 -2.6706 2.8441 80 200 120
-0.2562 -4.3520 2.1106 80 200 120
3.4861 -3.9576 0.8225 80 200 120
3.4770 -1.2488 2.9138 80 200 120
3.6768 -3.9698 0.3686 80 200 120
-0.6939 -5.3619 1.6543 80 200 120
-1.8114 -4.5500 3.0910 80 200 120
3.6013 -4.8718 2.4813 80 200 120
0.4354 -2.4973 2.4671 80 200 120
0.6062 6.7037 -1.4049 80 200 120
-0.4956 3.5194 0.8344 80 200 120
3.5432 -0.2251 3.1359 80 200 120
3.6210 1.6308 1.3995 80 200 120
-3.3960 -3.7061 3.1059 80 200 120
-3.4057 -1.1938 3.1744 80 200 120
-2.5523 -1.0158 1.3503 80 200 120
-1.3878 -4.9377 2.7705 80 200 120
-0.5754 -12.3217 3.3807 80 200 120
-1.7533 -3.4158 1.2712 80 200 120
0.4191 -2.1237 2.6254 80 200 120
-1.6293 -3.7254 3.2219 80 200 120
-2.3766 -2.6797 0.9485 80 200 120
-2.4335 -1.1733 1.1390 80 200 120
0.4726 -2.3071 0.1225 80 200 120
-2.1760 -3.8373 0.1406 80 200 120
2.5561 -1.0838 0.4984 80 200 120
-3.0726 -3.4263 1.4013 80 200 120
-2.7634 1.1823 -0.0651 80 200 120
-0.3102 1.2425 0.3628 80 200 120
-2.5875 -4.0958 -0.1609 80 200 120
0.6818 -2.3226 0.0400 80 200 120
0.4340 -2.4518 0.4581 80 200 120
-0.1229 0.1871 0.3635 80 200 120
-0.8483 -2.2871 0.5145 80 200 120
1.7914 0.6471 -0.0294 80 200 120
3.3512 3.4950 0.0308 80 200 120
2.4080 3.4448 0.6022 80 200 120
2.1796 3.3363 0.3619 80 200 120
-0.8358 2.1026 0.7454 80 200 120
-0.0534 -0.0651 0.5105 80 200 120
0.3520 -2.7057 0.5710 80 200 120
-1.3305 1.5104 -0.7609 80 200 120
-1.1067 0.9163 0.1525 80 200 120
-0.1901 2.6599 0.3202 80 200 120
-0.7658 4.5256 0.6054 80 200 120
3.5759 -4.3159 0.0437 80 200 120
-0.1117 -6.3539 2.8640 80 200 120
3.4810 -2.2775 3.1327 80 200 120
2.4215 4.5142 0.7392 80 200 120
0.0121 4.4611 -0.3147 80 200 120
-1.8369 4.0135 0.3810 80 200 120
-2.5124 2.5174 1.4272 80 200 120
2.8380 2.7661 1.4589 80 200 120
-3.3248 2.5308 2.1984 80 200 120
3.2538 0.2573 1.9217 80 200 120
-2.9423 -4.5993 3.0588 80 200 120
-2.4001 -4.5289 3.1219 80 200 120
-3.5478 -2.9888 2.9653 80 200 120
-3.0402 -4.0602 3.1313 80 200 120
-3.4180 -0.1596 2.2150 80 200 120
-0.3813 -4.0582 1.9286 80 200 120
-2.4074 -1.2246 1.4453 80 200 120
-2.6818 -3.8238 1.4909 80 200 120
-2.6625 -3.5060 1.3231 80 200 120
-2.5691 -2.9335 1.4098 80 200 120
-3.1236 -4.6672 2.3457 80 200 120
-3.2817 -4.6942 1.6833 80 200 120
-3.4467 -3.8599 2.1644 80 200 120
-0.9974 -4.8641 1.7251 80 200 120
-3.5065 -1.8165 2.0152 80 200 120
-2.6919 -3.3519 1.0954 80 200 120
2.3415 -0.3725 0.0004 80 200 120
-2.6961 -0.9874 1.3027 80 200 120
2.7612 -1.1494 0.5851 80 200 120
-2.9111 -1.5430 1.2051 80 200 120
0.3337 -1.9830 0.8693 80 200 120
-2.8183 -1.2158 1.2721 80 200 120
0.8568 -2.6196 1.1538 80 200 120
-2.5901 -1.8369 1.2562 80 200 120
3.5392 -3.8994 0.4994 80 200 120
1.9238 -0.0518 0.0227 80 200 120
0.3633 0.4628 0.0291 80 200 120
0.4563 -3.4061 2.8333 80 200 120
0.1524 3.0466 0.5244 80 200 120
0.2557 -1.6950 1.0051 80 200 120
0.2751 -2.0179 0.5458 80 200 120
0.3234 -1.6311 0.5676 80 200 120
2.6868 -1.5863 0.0400 80 200 120
0.3845 -3.3552 1.0756 80 200 120
0.7873 -2.5399 0.3636 80 200 120
2.8533 -1.2029 0.6823 80 200 120
3.6966 0.9451 3.1666 80 200 120
3.5687 -3.3271 1.8313 80 200 120
3.5716 -3.2156 1.0493 80 200 120
3.5183 0.5171 3.1309 80 200 120
0.7325 -2.3612 3.1786 80 200 120
-1.1469 -4.4163 3.3450 80 200 120
2.2914 -0.9082 3.1653 80 200 120
3.7101 -5.1382 0.2434 80 200 120
1.7954 -4.0915 0.8986 80 200 120
-0.1384 -3.4134 3.2436 80 200 120
3.4714 -1.2749 2.3132 80 200 120
3.4441 -1.0009 2.4400 80 200 120
3.7463 -2.2347 1.8797 80 200 120
-0.2961 3.1681 2.8423 80 200 120
-0.6856 4.1187 3.0037 80 200 120
3.2828 1.6756 2.4850 80 200 120
3.2281 1.2185 2.7151 80 200 120
-2.4265 4.5225 0.1403 80 200 120
0.2787 3.9021 0.4421 80 200 120
1.7311 3.7189 0.4488 80 200 120
-3.4572 4.2469 2.6506 80 200 120
-1.3488 4.9351 3.2265 80 200 120
0.6870 5.0106 0.8984 80 200 120
1.6454 2.4504 0.7544 80 200 120
-2.9024 -2.8759 3.2025 80 200 120
-2.2972 -5.2833 1.0475 80 200 120
-0.6526 -5.5125 2.1208 80 200 120
-1.2946 -5.0176 3.1721 80 200 120
-2.7157 -3.2452 1.4845 80 200 120
-3.4354 2.6516 2.1792 80 200 120
-2.3893 -3.0873 0.7857 80 200 120
-2.1045 -3.7111 1.2031 80 200 120
-3.3036 -1.3949 1.3338 80 200 120
-2.4701 -5.0745 1.3573 80 200 120
-0.0569 0.0479 -0.1027 80 200 120
-0.2688 -1.6315 0.7606 80 200 120
0.8105 -2.5170 1.0500 80 200 120
3.5178 -2.5318 -0.0216 80 200 120
-2.9968 -4.5096 0.5943 80 200 120
-0.1634 0.2185 0.4890 80 200 120
-3.3911 0.4040 0.1787 80 200 120
0.3445 0.1585 0.3445 80 200 120
-2.6254 -2.7519 1.3290 80 200 120
-2.2720 -3.7916 0.1251 80 200 120
-3.1062 -2.7701 1.3983 80 200 120
-1.5735 -4.9365 -0.0352 80 200 120
-3.2331 -1.9932 1.1239 80 200 120
0.2568 -2.3249 1.0216 80 200 120
0.2871 -2.8030 0.6168 80 200 120
2.6472 -0.0120 0.4100 80 200 120
-2.5434 -3.3676 1.3784 80 200 120
2.7382 0.2021 0.7546 80 200 120
2.7082 0.3329 0.4509 80 200 120
2.7531 -1.3032 0.0859 80 200 120
2.9292 -1.5385 0.5842 80 200 120
-0.1396 0.2605 0.8767 80 200 120
3.2594 2.4172 2.2388 80 200 120
-0.6764 2.4998 0.8887 80 200 120
-1.3167 3.2762 0.6189 80 200 120
0.2273 -3.8913 -0.3164 80 200 120
0.2576 -1.6868 0.9748 80 200 120
0.3569 -2.0993 0.3307 80 200 120
2.2385 -0.1990 3.1542 80 200 120
3.5987 -3.0723 2.1366 80 200 120
1.3378 -2.9384 3.0043 80 200 120
3.0625 -4.5156 0.2372 80 200 120
-1.4979 -4.7682 3.0532 80 200 120
0.3511 -1.9271 2.4681 80 200 120
3.5210 -4.0017 2.3059 80 200 120
-1.1836 5.1416 2.0717 80 200 120
-2.2406 2.3963 1.1148 80 200 120
-0.9027 3.2018 0.5223 80 200 120
3.6288 0.4950 1.8430 80 200 120
-3.5619 -1.5436 3.0636 80 200 120
-3.4586 -0.7317 2.8312 80 200 120
-3.6916 0.2679 1.5524 80 200 120
-1.2094 -4.7748 1.2140 80 200 120
-2.0321 -5.1223 0.7118 80 200 120
-2.8803 -4.1858 0.5226 80 200 120
-1.2490 -5.5071 1.5669 80 200 120
-0.6089 -5.0795 3.2284 80 200 120
-0.8061 -5.0576 2.8706 80 200 120
-1.3299 -1.8455 3.2181 80 200 120
-1.1305 0.4642 3.1823 80 200 120
-3.1677 -3.5906 1.6808 80 200 120
0.0564 -5.1658 2.7567 80 200 120
-1.1868 1.5820 3.2520 80 200 120
-0.6168 -4.9842 1.8360 80 200 120
0.4790 -3.0572 1.3111 80 200 120
2.1022 -1.7735 -0.0628 80 200 120
-2.7025 -1.0019 1.3024 80 200 120
-2.8261 0.3835 0.0203 80 200 120
2.3598 -0.3539 -0.0216 80 200 120
0.2749 -1.8526 0.9554 80 200 120
-2.4648 -1.8994 -0.0747 80 200 120
-0.1402 0.3721 0.5482 80 200 120
-0.0019 -0.0463 -0.0212 80 200 120
-2.4225 -1.0694 0.1546 80 200 120
-2.2490 -1.7688 0.1370 80 200 120
4.1224 2.8737 -0.5372 80 200 120
-2.3082 -1.3533 0.0944 80 200 120
-0.7006 -3.1723 0.7395 80 200 120
2.7988 0.3425 0.5592 80 200 120
2.3269 -0.6526 0.0251 80 200 120
2.6386 0.7249 0.0944 80 200 120
2.8538 0.1965 0.9630 80 200 120
2.8462 0.5644 0.7962 80 200 120
2.7116 0.3696 0.7100 80 200 120
3.3666 1.1247 0.7011 80 200 120
1.4585 -0.5805 -0.0170 80 200 120
0.3279 -0.0176 0.1476 80 200 120
-0.0732 0.0201 0.2912 80 200 120
-0.3652 3.6678 0.5140 80 200 120
-0.7670 3.9713 0.8010 80 200 120
-0.7135 1.9669 0.8263 80 200 120
-0.4672 -0.3886 -0.0430 80 200 120
2.6800 -5.4250 0.4969 80 200 120
0.7770 -2.4940 2.7897 80 200 120
3.6466 -0.5817 2.8831 80 200 120
3.1306 -0.0293 2.6954 80 200 120
3.5372 -2.4695 1.9681 80 200 120
0.2221 -4.9042 3.1884 80 200 120
3.9168 -1.5783 1.4506 80 200 120
-0.6168 2.9470 0.3869 80 200 120
0.2027 2.7978 0.3294 80 200 120
1.4318 6.0017 -0.3350 80 200 120
-3.0727 4.8534 1.9351 80 200 120
-3.8865 -5.4019 -0.6117 80 200 120
-2.5967 -1.8635 1.2867 80 200 120
-3.5077 -3.3721 1.8580 80 200 120
-4.9863 -1.3266 0.8351 80 200 120
-3.0741 -4.5353 1.8538 80 200 120
-3.3919 -1.1616 1.3208 80 200 120
-3.5851 -1.8819 1.6699 80 200 120
-3.0425 -1.7961 1.3602 80 200 120
-0.0854 -3.2862 3.1554 80 200 120
-1.5946 -2.2130 -0.0324 80 200 120
2.4922 -3.0361 -0.0823 80 200 120
0.3000 -2.8607 0.9004 80 200 120
2.9789 -0.8229 0.6017 80 200 120
2.5055 -0.7189 0.5203 80 200 120
0.7761 -2.4623 1.2570 80 200 120
2.2803 -4.2126 -0.0741 80 200 120
2.0663 -0.7389 -0.0999 80 200 120
0.3671 0.6964 0.9109 80 200 120
2.9670 3.8040 0.5517 80 200 120
-2.6700 -2.7725 1.3169 80 200 120
-3.1144 -2.7721 1.3746 80 200 120
-2.5582 -3.6894 1.5416 80 200 120
-2.8380 -3.2560 1.4735 80 200 120
2.2569 2.5524 0.1134 80 200 120
-2.8193 -4.3907 0.4192 80 200 120
-2.3529 -1.9989 1.3133 80 200 120
3.5838 1.6235 1.0975 80 200 120
3.4632 1.5804 0.7343 80 200 120
2.9780 3.4571 0.7017 80 200 120
-0.6843 5.7623 -1.1159 80 200 120
0.7548 -2.4228 0.5993 80 200 120
0.3655 -1.8200 0.7766 80 200 120
0.3355 -2.8213 0.6236 80 200 120
-1.3348 1.1432 0.4600 80 200 120
-0.0744 0.1192 0.4807 80 200 120
0.4900 2.2837 0.6088 80 200 120
3.5667 -4.2051 1.5487 80 200 120
3.5451 -3.9059 0.4454 80 200 120
3.2694 -3.3566 0.7455 80 200 120
3.3011 -5.0803 1.4265 80 200 120
3.5638 -3.2456 0.9912 80 200 120
-0.3608 -5.0264 3.1841 80 200 120
0.9053 -2.5754 2.7547 80 200 120
0.4519 -2.7804 2.7629 80 200 120
3.1911 0.1194 3.0704 80 200 120
3.5592 -2.8420 1.3135 80 200 120
0.7978 -2.4974 2.6342 80 200 120
2.5962 0.9158 3.3477 80 200 120
1.9187 4.3460 0.1542 80 200 120
1.9035 2.8406 0.5035 80 200 120
-3.0150 3.6132 0.8753 80 200 120
-3.2030 2.5442 3.0911 80 200 120
-3.0086 -4.9536 2.4678 80 200 120
-2.8563 -1.6235 1.2744 80 200 120
-3.3261 -0.7482 1.3343 80 200 120
-3.8362 -0.0344 1.5266 80 200 120
-2.5055 -1.1575 1.0999 80 200 120
-0.8241 -4.9365 3.1333 80 200 120
-0.5368 -4.9034 1.6166 80 200 120
-1.2794 0.6759 3.2090 80 200 120
0.3421 0.2184 0.0021 80 200 120
-2.8889 -4.6114 3.0531 80 200 120
0.4832 -3.0663 1.9251 80 200 120
0.7522 -2.4078 1.7641 80 200 120
-2.9197 -4.8980 2.4468 80 200 120
-1.3469 0.4376 -0.2131 80 200 120
2.5662 -1.8173 -0.0443 80 200 120
-0.8861 -2.3899 0.4820 80 200 120
3.0638 -3.0930 -0.0487 80 200 120
0.7492 -2.3819 1.6088 80 200 120
-2.7900 -1.2992 1.2709 80 200 120
-1.0246 -4.8266 -0.0165 80 200 120
-0.0440 0.1056 0.1856 80 200 120
-2.4597 -0.9141 0.3367 80 200 120
0.3235 -0.0171 0.0848 80 200 120
-2.3462 -3.9096 1.4538 80 200 120
0.2811 -1.6721 0.9869 80 200 120
2.6599 -1.0678 0.5153 80 200 120
-2.3661 -3.1393 0.0023 80 200 120
2.9768 -0.4354 0.5852 80 200 120
2.7052 0.3074 0.5677 80 200 120
-3.6357 4.2768 3.2614 80 200 120
0.2914 -1.8091 0.8749 80 200 120
3.1701 1.2499 0.5866 80 200 120
1.5478 0.5563 -0.0060 80 200 120
3.7026 2.2256 0.9615 80 200 120
3.5388 1.3711 0.9363 80 200 120
2.4745 3.2470 0.4428 80 200 120
-0.6328 1.1997 0.9832 80 200 120
-0.1296 0.3242 0.8204 80 200 120
0.1564 -4.9545 -0.0002 80 200 120
-1.1255 0.4956 -0.0381 80 200 120
3.5623 -4.7205 1.9957 80 200 120
-1.5906 -5.0222 3.1223 80 200 120
0.0116 -5.0044 2.7484 80 200 120
-1.4656 -5.4692 3.2671 80 200 120
-1.0336 -7.3858 2.3038 80 200 120
0.7877 -2.4788 2.5520 80 200 120
1.9200 -0.4064 3.2202 80 200 120
2.1783 -0.2706 3.1713 80 200 120
0.7058 -2.3366 3.1600 80 200 120
0.4416 -2.5669 3.1735 80 200 120
0.4455 -2.5084 3.2379 80 200 120
-0.0164 -5.2922 2.5002 80 200 120
1.0598 -2.5633 2.9965 80 200 120
-0.1424 -3.3365 3.1787 80 200 120
0.4743 -3.9356 2.6328 80 200 120
3.5484 2.4712 1.8408 80 200 120
3.2693 4.0310 2.6040 80 200 120
3.3424 4.8353 2.1417 80 200 120
1.7067 3.3837 -0.1294 80 200 120
-2.5358 -2.8869 1.4159 80 200 120
-3.2470 -2.3858 0.9970 80 200 120
-2.8173 -4.4204 0.3852 80 200 120
-2.9934 -2.2385 1.4003 80 200 120
-2.3925 -3.7559 0.8272 80 200 120
-2.5501 -2.5914 1.5369 80 200 120
0.0566 -5.2982 2.8105 80 200 120
-2.1663 -3.1444 3.2019 80 200 120
-2.5662 -3.5322 0.9067 80 200 120
0.3380 -1.5732 0.7559 80 200 120
0.7072 -2.3682 1.2018 80 200 120
-1.2637 -4.8525 3.1255 80 200 120
2.0573 -0.8038 -0.0408 80 200 120
-2.9867 -1.5957 1.2750 80 200 120
-2.5997 -2.7199 0.8258 80 200 120
-2.2176 -3.7645 1.2670 80 200 120
0.1105 0.0548 1.0518 80 200 120
2.3170 -0.3420 -0.0847 80 200 120
3.2567 1.7561 0.5830 80 200 120
1.8298 0.9394 -0.0067 80 200 120
2.4643 0.7365 -0.0167 80 200 120
3.6214 2.5149 0.6311 80 200 120
3.0323 1.4012 0.0399 80 200 120
3.1740 2.1315 0.6020 80 200 120
1.1793 0.6125 -0.0702 80 200 120
0.4202 0.0025 0.1988 80 200 120
-0.8568 -2.0718 0.6906 80 200 120
0.3563 0.2616 0.5919 80 200 120
0.3452 -2.5709 0.4822 80 200 120
0.1030 0.2898 1.0772 80 200 120
-1.4009 3.1475 0.6618 80 200 120
3.7067 1.2075 3.1101 80 200 120
3.5719 -2.6674 2.7846 80 200 120
0.4625 -2.7985 2.6722 80 200 120
0.7481 -2.3819 2.8094 80 200 120
3.4714 -3.4949 0.6162 80 200 120
3.6294 -0.4050 3.1652 80 200 120
3.3798 -1.0007 3.1213 80 200 120
3.5154 -1.1712 2.4160 80 200 120
3.4516 -0.7821 2.7917 80 200 120
3.6133 -4.6849 1.6579 80 200 120
0.7486 -2.4017 2.9469 80 200 120
3.6018 -3.2223 1.2945 80 200 120
3.5429 -3.1179 1.6415 80 200 120
0.7609 -2.4202 3.0658 80 200 120
3.6012 -3.2786 0.9642 80 200 120
2.0957 4.7782 0.8882 80 200 120
-2.9751 3.5216 0.2639 80 200 120
-3.1647 2.7434 1.5898 80 200 120
-2.9503 4.9684 0.4990 80 200 120
-3.5423 -3.3413 2.8377 80 200 120
-2.5259 -3.1860 1.5396 80 200 120
-2.6743 -3.1814 0.7111 80 200 120
-3.3111 -0.8566 1.8102 80 200 120
-3.3762 -1.8520 1.0067 80 200 120
-2.9659 -2.0296 1.4412 80 200 120
-3.4925 -4.2448 1.8179 80 200 120
-0.2904 -5.0326 3.1827 80 200 120
2.4437 -1.1215 -0.0512 80 200 120
-1.4538 -4.7866 3.0467 80 200 120
-1.2259 0.3454 -0.0997 80 200 120
-2.3629 -2.6362 0.0470 80 200 120
2.8444 -1.2161 0.6830 80 200 120
-2.9375 -2.3707 0.3569 80 200 120
-2.1947 -3.4837 0.1205 80 200 120
-2.3431 -3.0249 -0.0665 80 200 120
2.3753 -0.7834 0.6222 80 200 120
-2.6147 -2.3739 0.0344 80 200 120
2.5603 -1.0496 0.4690 80 200 120
0.0916 -3.7442 0.1944 80 200 120
2.8122 0.5937 0.2190 80 200 120
3.4866 3.0194 -0.1105 80 200 120
3.3151 1.8539 0.0272 80 200 120
-2.6052 -2.7223 1.3978 80 200 120
-2.9407 -2.2443 1.3983 80 200 120
-2.7997 -3.9011 1.4575 80 200 120
-2.4395 -3.5683 -0.0947 80 200 120
3.5614 1.7603 -0.3679 80 200 120
-2.6147 -2.9770 1.4994 80 200 120
2.5351 0.0213 0.7689 80 200 120
2.3596 -0.6420 0.0627 80 200 120
-2.4000 -3.2741 1.4018 80 200 120
2.6219 -1.0625 0.4672 80 200 120
2.7848 -1.1444 -0.0593 80 200 120
-2.7087 -4.2882 0.1821 80 200 120
2.5237 -1.0756 -0.2104 80 200 120
1.2860 0.8836 -0.0459 80 200 120
3.5213 2.5870 0.9042 80 200 120
3.2093 2.4686 -0.0981 80 200 120
3.5729 3.0288 0.6425 80 200 120
1.5537 1.2577 0.0194 80 200 120
2.9037 0.9643 0.2849 80 200 120
3.4196 3.5455 0.6283 80 200 120
3.4724 -4.1194 0.0416 80 200 120
0.1067 3.8943 0.2570 80 200 120
-0.7568 1.6354 0.8364 80 200 120
0.7470 -2.4011 0.3328 80 200 120
0.7519 -2.4029 0.8472 80 200 120
0.1159 -5.2943 -0.2924 80 200 120
3.7309 0.3288 2.8598 80 200 120
3.5533 -2.0614 2.4200 80 200 120
1.9677 -2.4934 3.1890 80 200 120
1.9064 -0.0107 3.0444 80 200 120
-0.4565 -3.9090 3.3156 80 200 120
-0.7284 -4.7955 2.8527 80 200 120
-2.3733 -6.2168 3.3575 80 200 120
0.5277 -4.8266 3.2231 80 200 120
3.4103 -0.4289 2.7396 80 200 120
-0.8758 -5.3473 2.1768 80 200 120
0.0141 2.9982 1.8391 80 200 120
-0.9409 5.0031 2.5484 80 200 120
-3.3226 2.2066 1.0290 80 200 120
-3.2443 1.6327 1.4845 80 200 120
0.2036 3.0408 0.1921 80 200 120
1.2080 4.5753 0.2215 80 200 120
3.3057 3.1065 0.2355 80 200 120
-1.5110 -0.0011 3.2304 80 200 120
-2.5529 -1.0353 1.3542 80 200 120
-4.2443 -5.5319 0.1504 80 200 120
-3.5348 -2.9981 2.6042 80 200 120
-3.6081 -2.2164 2.0198 80 200 120
-2.8430 -2.2799 1.1864 80 200 120
-2.1456 -1.3526 1.5388 80 200 120
-3.3652 -1.3402 1.3137 80 200 120
-2.4644 -2.5479 1.2745 80 200 120
-3.5730 -0.1377 1.5700 80 200 120
-3.5420 -0.1990 2.6958 80 200 120
0.1966 -4.9285 -0.0336 80 200 120
2.2638 -0.4172 0.0734 80 200 120
0.7165 -2.3633 1.9025 80 200 120
-1.9876 -1.5741 1.5601 80 200 120
0.6121 -4.9428 -0.0267 80 200 120
-0.0552 -1.6246 0.9816 80 200 120
0.6953 -2.3532 1.4787 80 200 120
-0.9080 -4.2395 -0.0357 80 200 120
-1.9466 -1.9296 -0.0359 80 200 120
-3.4472 -2.3080 1.2284 80 200 120
0.1755 0.0025 -0.0036 80 200 120
1.6332 -1.2314 -0.0341 80 200 120
-1.9737 -1.4029 1.5675 80 200 120
0.4658 -2.6271 1.5044 80 200 120
-3.6136 0.1003 -0.1335 80 200 120
0.2994 0.5658 0.9389 80 200 120
-2.7320 -1.0313 1.3582 80 200 120
-2.4381 -2.1893 -0.0735 80 200 120
-3.0145 0.4405 0.0366 80 200 120
-2.1694 -1.5190 1.5055 80 200 120
-1.7104 -5.1174 -0.2046 80 200 120
-0.2682 -1.1099 0.3251 80 200 120
1.2857 1.2088 -0.0319 80 200 120
1.8981 1.2223 0.0562 80 200 120
-0.2860 1.3883 0.2168 80 200 120
0.2571 -1.6476 0.9098 80 200 120
-0.4684 3.6358 1.0436 80 200 120
-1.2877 1.0872 0.3765 80 200 120
0.3129 -3.0340 0.8093 80 200 120
0.7628 -2.4179 1.2427 80 200 120
-2.0418 0.7387 -0.1241 80 200 120
-1.6937 2.7298 0.7365 80 200 120
3.5874 -3.7064 1.7067 80 200 120
2.4511 -1.5516 3.1263 80 200 120
0.2377 -3.8500 3.2293 80 200 120
-0.6039 -5.0104 3.2029 80 200 120
3.5089 -4.4244 2.2931 80 200 120
-0.8265 -4.8882 3.1572 80 200 120
1.5210 2.2265 0.4435 80 200 120
-3.2210 3.7026 0.3127 80 200 120
-0.6375 2.4025 0.8566 80 200 120
-0.4000 3.0051 1.0842 80 200 120
-0.9623 2.2836 0.9778 80 200 120
-2.1581 3.9049 0.2778 80 200 120
-2.8501 -4.3902 0.3929 80 200 120
-0.5656 -5.1742 2.2717 80 200 120
-3.1284 -1.6872 1.4320 80 200 120
-2.8017 -3.2468 0.5167 80 200 120
-2.8606 -2.9725 0.5516 80 200 120
0.0741 -2.0988 2.4341 80 200 120
-3.4924 -0.6327 2.1129 80 200 120
0.4672 -2.6111 1.2816 80 200 120
-2.2906 -1.6834 1.5362 80 200 120
2.7218 -1.1468 0.5599 80 200 120
2.7956 -0.6570 0.3453 80 200 120
2.7135 -1.6091 0.1055 80 200 120
-2.2824 -1.7311 1.3896 80 200 120
0.6870 0.9735 0.6324 80 200 120
0.8021 0.4649 0.3454 80 200 120
1.2031 1.2824 0.1583 80 200 120
2.2260 -0.4136 0.1196 80 200 120
-0.4174 4.1381 0.2734 80 200 120
3.2786 0.5858 2.5389 80 200 120
0.2772 -3.1413 0.9737 80 200 120
-1.3465 1.2642 0.9073 80 200 120
0.2960 -1.9323 1.0219 80 200 120
0.7260 -2.3670 1.9532 80 200 120
-1.3076 1.1038 0.6829 80 200 120
6.1322 3.1352 3.0229 80 200 120
0.4505 -2.5136 3.2388 80 200 120
0.4559 -2.5642 2.9867 80 200 120
3.5757 -3.4689 1.2540 80 200 120
3.4941 -2.7800 3.1198 80 200 120
0.8284 -5.0102 3.0631 80 200 120
3.5242 -2.4870 1.9084 80 200 120
3.4777 -1.0071 2.7120 80 200 120
3.2418 -1.7680 2.0912 80 200 120
3.4023 -3.9653 1.1455 80 200 120
-1.5068 -5.1320 2.8664 80 200 120
1.2309 -5.0289 2.4906 80 200 120
4.4700 1.9009 3.3420 80 200 120
3.2842 -0.9858 2.2868 80 200 120
3.5407 -2.8014 1.2870 80 200 120
-0.1119 -3.5611 3.2586 80 200 120
3.3981 -3.6525 1.0342 80 200 120
2.0683 0.2117 3.3457 80 200 120
0.6902 -2.3468 3.0674 80 200 120
3.5272 3.9860 3.0532 80 200 120
1.5365 4.4278 3.3827 80 200 120
3.4743 5.1835 3.4654 80 200 120
3.4165 3.5266 2.0181 80 200 120
1.8292 5.4466 3.0323 80 200 120
-0.6650 1.5534 0.7453 80 200 120
-1.3374 1.3851 0.9400 80 200 120
1.7896 3.9343 0.2897 80 200 120
-0.1647 1.8817 1.0736 80 200 120
0.1818 1.9910 0.6740 80 200 120
-3.6187 3.2078 1.3930 80 200 120
3.4891 0.3343 1.8716 80 200 120
1.0876 2.4708 0.5832 80 200 120
-2.3370 -4.9496 2.5757 80 200 120
-2.5949 -5.0711 2.1434 80 200 120
-0.9794 -4.7663 1.6749 80 200 120
-1.0733 -3.8121 3.2211 80 200 120
-3.1033 -2.4140 1.6059 80 200 120
-4.0291 -1.8310 0.7378 80 200 120
-3.7560 -2.0456 1.2238 80 200 120
-3.5057 1.8372 3.2175 80 200 120
-0.4040 -3.8680 3.2900 80 200 120
-3.2261 -3.2538 3.1545 80 200 120
-2.5551 -1.3722 1.3573 80 200 120
-3.0651 -1.3327 1.4488 80 200 120
-1.3795 -4.4055 1.3489 80 200 120
0.2524 -3.9822 3.2573 80 200 120
-2.2614 -3.6739 0.8648 80 200 120
-0.3748 -3.1689 0.7611 80 200 120
2.7169 -2.3075 0.1502 80 200 120
1.2118 -0.5368 0.2681 80 200 120
2.5412 -1.0555 0.5278 80 200 120
-3.0042 -4.7066 3.0765 80 200 120
-2.9155 -3.8067 1.4419 80 200 120
-0.8588 -1.9926 0.4422 80 200 120
-0.4901 -4.9688 0.0647 80 200 120
1.1630 -0.2488 0.1317 80 200 120
-3.1930 -6.4790 2.2340 80 200 120
-0.6637 -3.3583 0.7367 80 200 120
2.2574 -0.6858 0.1136 80 200 120
-3.5366 3.1765 1.5876 80 200 120
0.0827 -1.6106 1.0001 80 200 120
2.2069 0.7119 0.0173 80 200 120
2.2724 -0.7928 0.0152 80 200 120
2.6878 -0.4707 0.9076 80 200 120
2.1028 -2.1411 0.5936 80 200 120
-0.1079 -4.5424 0.2747 80 200 120
0.1229 -4.8427 0.0584 80 200 120
-1.6513 0.9488 -0.0047 80 200 120
3.0013 0.9486 2.9876 80 200 120
2.8491 -0.2460 2.6920 80 200 120
3.5547 -2.5847 2.3961 80 200 120
1.0676 -4.9802 3.1554 80 200 120
-0.4354 -5.0697 2.8626 80 200 120
3.1665 -0.7878 2.8202 80 200 120
-0.9522 -5.1710 2.6203 80 200 120
0.5525 -5.0239 2.6520 80 200 120
-0.8921 -5.0858 2.8831 80 200 120
3.4898 -0.4277 2.4698 80 200 120
3.6372 -3.2708 0.9543 80 200 120
0.9946 -5.0282 2.4850 80 200 120
0.0550 -4.9852 2.7564 80 200 120
0.4660 -4.9937 2.9672 80 200 120
3.4614 3.3863 2.6967 80 200 120
1.2517 2.7227 -0.1288 80 200 120
0.8821 2.9998 -0.2308 80 200 120
-2.6276 2.1106 0.4967 80 200 120
-0.5995 2.5419 -0.0000 80 200 120
-3.3601 1.6097 0.9608 80 200 120
-3.3635 1.6352 3.1441 80 200 120
-3.8217 2.6404 1.0124 80 200 120
-4.8127 5.8882 0.4577 80 200 120
3.0644 4.2940 -0.0989 80 200 120
-2.5377 -2.8005 0.8642 80 200 120
-3.6712 -1.8522 1.6647 80 200 120
-2.5513 -3.5491 0.9860 80 200 120
-2.7871 -1.5988 1.2869 80 200 120
-1.0350 -5.4520 1.2152 80 200 120
-3.4998 0.3451 1.8835 80 200 120
-1.3567 0.8330 3.2408 80 200 120
-2.6239 -2.6871 1.5957 80 200 120
-3.0183 -5.1305 2.0548 80 200 120
0.3182 -1.7056 0.9349 80 200 120
0.6804 -2.3390 0.9139 80 200 120
-3.3166 -2.2850 1.2789 80 200 120
-2.3581 -2.8068 0.7951 80 200 120
-0.5316 -2.8351 0.9673 80 200 120
1.0898 -4.8333 -0.0486 80 200 120
0.0593 -1.6507 1.0709 80 200 120
-2.6833 -2.2634 1.2280 80 200 120
-2.5423 -1.8943 -0.1536 80 200 120
0.4631 -2.6085 1.6802 80 200 120
-2.5600 -2.0066 1.2284 80 200 120
-2.2991 -1.8226 1.3490 80 200 120
3.5029 -3.0519 0.5074 80 200 120
-2.7448 -4.9941 0.0528 80 200 120
2.8852 -2.8212 -0.0708 80 200 120
1.3023 -4.9504 3.1328 80 200 120
-2.9953 1.3869 0.8341 80 200 120
2.2997 -0.3561 -0.0044 80 200 120
3.2217 1.0486 -0.0920 80 200 120
2.5768 -0.0465 0.4937 80 200 120
2.3758 -1.1233 -0.0756 80 200 120
-1.5879 -4.9685 -0.0913 80 200 120
-1.0605 -4.8513 -0.0612 80 200 120
2.6170 -0.4484 0.5022 80 200 120
-2.9582 -5.0193 -0.1247 80 200 120
1.3644 0.7329 -0.0064 80 200 120
1.5933 0.4030 -0.0023 80 200 120
1.3643 0.5698 0.0145 80 200 120
2.5240 -0.5752 0.5557 80 200 120
2.5284 -0.7751 0.5467 80 200 120
0.2155 0.9270 0.8663 80 200 120
-1.0865 1.3287 0.9050 80 200 120
-0.1085 1.8693 0.2459 80 200 120
3.4765 3.8825 1.1885 80 200 120
-0.3418 3.8214 0.3573 80 200 120
-0.1506 0.3149 0.5632 80 200 120
0.6754 -2.3259 0.8310 80 200 120
-0.2906 -1.0076 0.0128 80 200 120
1.2883 -4.9148 3.1245 80 200 120
-0.4765 -5.1751 2.3517 80 200 120
-1.1985 -4.7034 3.0831 80 200 120
3.6839 0.7966 2.8956 80 200 120
0.8719 -5.0187 2.7248 80 200 120
3.3887 0.8411 3.0894 80 200 120
1.1229 -5.0289 2.1248 80 200 120
0.6459 -2.3095 2.7692 80 200 120
1.0450 -1.0010 2.7465 80 200 120
1.3701 -0.6779 3.0037 80 200 120
0.5930 -5.2124 2.0121 80 200 120
2.2992 5.1521 2.9405 80 200 120
-0.2029 2.0438 0.5514 80 200 120
-3.5748 2.8814 2.1918 80 200 120
-2.3871 2.2503 0.3803 80 200 120
-0.6588 1.2653 0.9708 80 200 120
-3.1029 2.2013 0.6802 80 200 120
-3.3322 -4.7421 1.7316 80 200 120
-3.5251 -0.1928 1.5580 80 200 120
-2.6018 -2.6717 1.3499 80 200 120
-3.4731 0.7489 2.3389 80 200 120
-3.7461 -4.1245 0.9282 80 200 120
-3.2748 -4.3885 0.9040 80 200 120
-3.5551 0.2224 1.6330 80 200 120
0.4387 -4.4574 3.2156 80 200 120
0.4558 -2.6149 0.4598 80 200 120
-2.9062 -4.0579 2.6342 80 200 120
-2.8418 -4.3804 0.1183 80 200 120
0.4796 -2.6175 1.4918 80 200 120
-3.1095 -4.6131 1.2558 80 200 120
-1.4445 -4.7271 3.0207 80 200 120
1.5354 -4.9499 0.0842 80 200 120
1.2985 -0.3507 -0.0090 80 200 120
-2.9916 1.7324 0.8183 80 200 120
-1.1751 1.1169 0.9348 80 200 120
-2.3852 -2.6043 0.1321 80 200 120
-0.3419 -1.5187 0.7750 80 200 120
0.3940 0.0112 0.1674 80 200 120
3.3089 1.7846 -0.0229 80 200 120
3.2195 2.9883 0.1184 80 200 120
-0.6678 1.2440 -0.1292 80 200 120
0.2623 -1.5510 0.7597 80 200 120
-0.6184 -1.5966 0.8428 80 200 120
-2.6057 -1.0247 1.3149 80 200 120
-2.7757 -2.6532 1.4804 80 200 120
-2.2252 -3.8370 1.5116 80 200 120
-2.4538 -2.6798 1.3964 80 200 120
-3.2497 -1.1251 1.1066 80 200 120
-2.6936 -3.8207 1.4729 80 200 120
-2.7899 -3.3130 1.4870 80 200 120
-2.4926 -3.3039 1.4068 80 200 120
3.2100 2.3727 0.1876 80 200 120
-2.7779 -4.3253 0.8809 80 200 120
1.8397 0.0678 -0.0071 80 200 120
2.3061 2.0325 -0.0299 80 200 120
1.7604 0.3094 0.0379 80 200 120
2.1420 -1.4205 0.0083 80 200 120
1.4173 0.3084 -0.0384 80 200 120
0.3630 0.2486 0.9102 80 200 120
2.6058 -0.7623 0.8093 80 200 120
-4.5193 5.9406 -0.4605 80 200 120
-2.0745 2.9487 0.6416 80 200 120
-1.1942 0.8702 0.5173 80 200 120
3.5268 5.0013 3.1312 80 200 120
0.6326 -2.3045 2.0283 80 200 120
0.6547 -2.3268 1.7789 80 200 120
-0.7336 -2.2144 0.7079 80 200 120
3.4825 0.3710 1.8511 80 200 120
1.1194 4.8721 1.9529 80 200 120
1.4767 -5.0184 2.1712 80 200 120
-0.6114 -4.9798 2.4394 80 200 120
1.3992 -4.9951 2.7017 80 200 120
0.7627 -3.4542 3.2120 80 200 120
0.8836 -4.9043 1.6039 80 200 120
3.5419 -1.6833 1.9308 80 200 120
5.2186 0.1828 2.3938 80 200 120
3.3275 2.5525 3.0735 80 200 120
1.0501 4.7290 2.0131 80 200 120
0.4777 3.3613 2.8993 80 200 120
1.5386 4.6911 3.1589 80 200 120
3.1374 5.1366 3.0658 80 200 120
3.1402 1.6858 2.9987 80 200 120
0.3181 2.7559 3.1519 80 200 120
3.3973 4.7689 1.6781 80 200 120
0.4334 3.5049 2.6153 80 200 120
2.8192 4.9694 2.3004 80 200 120
3.4723 4.2430 3.4379 80 200 120
3.3267 3.0005 3.0322 80 200 120
3.7495 3.0298 2.5433 80 200 120
0.4130 3.0845 3.0396 80 200 120
2.8155 1.4364 3.3096 80 200 120
1.5296 5.0559 2.4553 80 200 120
2.2068 5.1436 3.1980 80 200 120
2.0181 1.9879 3.4028 80 200 120
1.5530 4.7706 1.9438 80 200 120
2.5114 5.3193 3.3220 80 200 120
2.3603 4.8390 1.9179 80 200 120
1.8185 4.4621 3.4450 80 200 120
2.8216 5.1022 3.2550 80 200 120
2.9465 5.3744 2.8262 80 200 120
3.4640 3.3775 3.3116 80 200 120
2.9879 1.9847 3.2787 80 200 120
3.0023 4.7201 3.5090 80 200 120
1.0399 4.3857 3.0213 80 200 120
3.4187 4.4361 3.0861 80 200 120
3.9107 2.7351 2.7364 80 200 120
-1.3779 1.3846 0.8699 80 200 120
-1.0558 1.2616 0.9538 80 200 120
-0.7318 2.5687 1.2477 80 200 120
-2.7405 3.0293 1.1404 80 200 120
2.9355 4.0627 0.0187 80 200 120
1.5643 2.4461 0.2539 80 200 120
1.7177 1.7691 0.5321 80 200 120
1.3954 5.5800 -0.1879 80 200 120
-3.4773 0.3732 1.8705 80 200 120
-1.9038 -4.9529 2.4838 80 200 120
-2.3911 -3.7356 0.9990 80 200 120
-1.0836 -4.5048 1.3637 80 200 120
-3.3862 -1.5459 2.5933 80 200 120
-2.3987 -2.1637 -0.0668 80 200 120
2.7974 -1.9925 0.0081 80 200 120
1.4105 -4.3427 -0.0712 80 200 120
-1.9499 -4.1659 -0.0205 80 200 120
-0.4404 -0.4511 -0.0189 80 200 120
-2.0165 -4.8746 3.1299 80 200 120
1.5701 -1.9047 -0.0062 80 200 120
0.5669 -0.3202 -0.0643 80 200 120
-1.9975 -5.1053 2.1265 80 200 120
0.4978 -2.6408 0.9442 80 200 120
-2.5456 -4.6510 3.0680 80 200 120
1.0931 -3.8562 -0.0289 80 200 120
2.9538 -1.9996 0.6127 80 200 120
-2.9902 2.3715 0.4912 80 200 120
-3.4800 2.2786 1.1841 80 200 120
2.7016 0.5302 0.3250 80 200 120
2.5176 -0.0719 0.5688 80 200 120
2.3560 -0.6164 -0.0449 80 200 120
3.2755 2.1348 0.1378 80 200 120
2.1082 0.8667 0.0608 80 200 120
1.7144 0.1289 0.0474 80 200 120
2.5227 -0.5846 0.8401 80 200 120
1.6611 -5.0213 1.8665 80 200 120
0.4780 -2.6041 2.6506 80 200 120
1.7561 -4.9053 3.1484 80 200 120
0.5226 -1.7697 2.4854 80 200 120
1.8865 -4.9992 1.6900 80 200 120
3.6886 -1.7716 2.3702 80 200 120
-0.0170 -4.9629 2.4741 80 200 120
-0.1766 -5.0186 2.7391 80 200 120
0.4675 -2.5831 2.7491 80 200 120
2.0779 -5.0836 2.7424 80 200 120
2.1307 -5.0704 2.3351 80 200 120
-4.3248 2.9249 -0.0339 80 200 120
-3.1806 1.8372 1.2549 80 200 120
-3.5040 2.8529 3.0964 80 200 120
-0.1318 0.8819 1.3711 80 200 120
-3.1962 1.3528 2.7073 80 200 120
0.0545 -4.7301 3.1114 80 200 120
0.0515 -4.9316 2.7459 80 200 120
0.7202 -5.1442 3.1941 80 200 120
-3.3204 -4.6806 1.7817 80 200 120
-2.6187 -1.6516 1.3799 80 200 120
-2.5708 -4.3766 2.9687 80 200 120
2.0351 -4.9424 0.0900 80 200 120
-1.0798 -3.3920 2.2842 80 200 120
1.4841 -1.0114 -0.1568 80 200 120
-0.0457 -0.7208 -0.0789 80 200 120
1.5516 -0.3763 -0.2012 80 200 120
-2.4690 -2.2412 1.3220 80 200 120
-2.8824 -2.2741 1.4213 80 200 120
0.4849 -2.6030 1.7669 80 200 120
1.2385 -4.7762 3.0792 80 200 120
1.8020 -4.6108 -0.0587 80 200 120
3.2913 -1.0772 0.3896 80 200 120
0.5006 -2.6313 1.9139 80 200 120
2.5533 -1.0412 0.5270 80 200 120
-2.7311 -1.2853 -0.3766 80 200 120
0.6891 -2.3074 1.0245 80 200 120
0.8352 -3.3118 0.4596 80 200 120
3.0405 -1.4333 0.3836 80 200 120
2.2151 -2.5559 0.4240 80 200 120
3.1356 -1.0968 0.0411 80 200 120
-3.3463 4.8815 1.2411 80 200 120
0.3264 0.2053 0.8035 80 200 120
0.3260 0.5610 0.8573 80 200 120
-2.8876 -4.2833 1.2503 80 200 120
-2.3846 -1.5225 0.0923 80 200 120
-2.5347 -2.0715 1.3765 80 200 120
-2.3914 -1.8173 0.0877 80 200 120
-0.1421 -1.5672 0.9105 80 200 120
-2.4430 -1.3992 0.8980 80 200 120
0.1832 -1.2162 0.4194 80 200 120
-2.7471 -0.4444 0.5601 80 200 120
-2.4653 -2.9312 1.5160 80 200 120
2.5096 0.2361 0.2769 80 200 120
1.0856 0.6010 -0.0160 80 200 120
3.3241 1.8712 0.0652 80 200 120
1.5035 0.0624 -0.0546 80 200 120
1.7148 -0.3616 0.0233 80 200 120
0.2150 1.7226 0.7208 80 200 120
-0.2612 3.2078 0.5538 80 200 120
-2.6329 1.6875 0.0895 80 200 120
3.3988 0.2800 1.8704 80 200 120
-3.2786 3.7639 0.0768 80 200 120
-1.4684 1.1649 0.2169 80 200 120
-1.3732 1.1244 0.8584 80 200 120
-2.7821 1.9486 0.3541 80 200 120
-2.5773 1.0490 0.1235 80 200 120
-2.9665 0.9431 -0.2394 80 200 120
3.3289 0.4389 2.1717 80 200 120
-1.9658 0.5531 0.0324 80 200 120
2.1653 -0.9187 2.8402 80 200 120
0.4394 -2.4726 3.1975 80 200 120
0.6161 -2.3270 3.1183 80 200 120
-0.1174 -3.4322 3.1864 80 200 120
13.3369 9.4829 3.9407 80 200 120
0.4720 -2.5814 3.1490 80 200 120
3.6069 -1.2529 2.3284 80 200 120
1.6479 -0.5374 3.1405 80 200 120
2.2945 -4.9123 3.1040 80 200 120
-1.5105 -4.8372 3.0725 80 200 120
2.6273 -5.2998 0.8947 80 200 120
1.4999 -4.6325 1.1967 80 200 120
3.3718 -1.0369 2.4335 80 200 120
-0.9694 -4.0527 3.2601 80 200 120
1.4450 -5.0312 1.6676 80 200 120
-1.2671 -4.9857 3.1879 80 200 120
2.4757 -4.9989 2.1235 80 200 120
3.3635 1.4376 3.2918 80 200 120
-2.2672 2.2397 0.1824 80 200 120
-3.3688 0.8074 3.1630 80 200 120
-1.5280 4.0577 0.9797 80 200 120
-0.6866 1.4325 0.8876 80 200 120
3.1597 0.1197 1.9089 80 200 120
-3.3308 3.4869 1.1130 80 200 120
-2.5496 -2.2438 1.2859 80 200 120
-2.1391 -2.0796 1.5489 80 200 120
-2.5835 -1.8429 1.3448 80 200 120
-2.5543 -5.1095 1.2906 80 200 120
1.3004 -4.7999 3.1074 80 200 120
-3.0034 -4.8226 0.0452 80 200 120
0.9149 -4.7056 3.0976 80 200 120
-3.5458 -2.7229 1.5582 80 200 120
-0.5082 -5.0255 1.3355 80 200 120
2.2882 -0.7608 0.1209 80 200 120
3.3165 -4.8375 0.0727 80 200 120
2.2924 -4.9207 3.1328 80 200 120
-2.4489 -5.0400 2.5174 80 200 120
1.6279 -4.1620 -0.0049 80 200 120
-3.3007 -4.8532 2.6418 80 200 120
2.8822 -5.0477 1.2948 80 200 120
2.4188 -5.0462 0.7122 80 200 120
-0.7387 -4.9184 3.1410 80 200 120
-1.7608 -3.3855 -0.0334 80 200 120
-1.6305 1.2267 0.6920 80 200 120
-2.3320 -1.4255 1.4615 80 200 120
0.3634 0.0754 0.5886 80 200 120
-2.0192 -1.7632 1.5936 80 200 120
2.3676 0.4473 0.0212 80 200 120
1.2997 0.4059 -0.0597 80 200 120
0.6290 -2.3209 1.7438 80 200 120
2.2062 -5.3127 1.0098 80 200 120
1.1134 -5.0191 2.7331 80 200 120
0.9862 -5.0989 1.8714 80 200 120
2.2170 -4.9852 1.4866 80 200 120
0.4918 -2.5986 3.0272 80 200 120
5.7567 4.4813 4.2795 80 200 120
0.4964 -4.9064 2.0186 80 200 120
1.5696 -4.9858 2.4662 80 200 120
2.8955 -5.0470 1.2659 80 200 120
-0.4035 -4.8064 2.3688 80 200 120
1.6205 -5.0024 1.4419 80 200 120
3.3868 -1.2818 1.5002 80 200 120
1.9972 -5.0123 1.9629 80 200 120
0.4455 -2.3924 3.1647 80 200 120
-1.4074 -4.4807 3.2576 80 200 120
1.8896 5.0018 1.6111 80 200 120
1.3366 2.4980 -0.1285 80 200 120
-0.1429 0.7412 0.8043 80 200 120
-1.3427 2.3724 0.9117 80 200 120
-3.9164 1.8848 0.5574 80 200 120
1.8319 2.5961 0.6043 80 200 120
-3.6211 0.9515 2.3906 80 200 120
2.5983 3.3157 0.2868 80 200 120
-1.9791 3.0999 0.6642 80 200 120
-3.5337 0.7962 3.1190 80 200 120
-3.5854 0.8012 2.7408 80 200 120
-2.1363 -5.0453 2.2921 80 200 120
-2.6679 -4.2789 0.9955 80 200 120
-3.7242 0.9948 2.3228 80 200 120
-1.3447 -5.0710 2.1718 80 200 120
0.0622 -5.0108 2.7681 80 200 120
0.3135 -4.6747 3.0600 80 200 120
-1.5235 -4.9682 2.4286 80 200 120
-2.5543 -2.2659 1.5493 80 200 120
-2.6071 -3.9409 1.2464 80 200 120
-3.5888 -0.1300 1.5579 80 200 120
-3.6444 0.4600 1.8635 80 200 120
-3.5480 1.3397 3.0514 80 200 120
-3.5640 -1.7776 2.5933 80 200 120
-2.3586 -3.2732 0.0124 80 200 120
0.7085 -2.2977 0.8331 80 200 120
0.3865 -2.5476 0.8999 80 200 120
0.3639 -2.3329 0.9471 80 200 120
-3.0799 -1.6715 -0.6966 80 200 120
-0.5681 -2.9200 0.9508 80 200 120
-0.8630 -1.9676 0.0917 80 200 120
-1.4272 -3.5551 -0.0491 80 200 120
-1.4462 -1.4456 0.0839 80 200 120
-3.4926 1.7705 1.2442 80 200 120
-3.2756 -2.4919 0.1587 80 200 120
-2.9245 3.5095 3.0355 80 200 120
2.5313 0.4582 0.0199 80 200 120
2.4079 -0.1597 0.6416 80 200 120
2.1055 -0.4994 0.1567 80 200 120
2.1466 -0.7666 0.2469 80 200 120
0.7415 -2.3547 0.4266 80 200 120
-2.7763 -1.4874 1.5208 80 200 120
0.2973 -1.8187 1.0660 80 200 120
2.9030 -1.2209 0.2836 80 200 120
2.1660 -0.3249 0.3113 80 200 120
2.3019 0.1797 0.0515 80 200 120
2.1207 0.4587 -0.0109 80 200 120
1.2895 -0.3200 0.0211 80 200 120
2.7303 -0.9389 0.4977 80 200 120
3.4711 -0.8260 0.8796 80 200 120
0.0332 2.4250 0.3870 80 200 120
-0.6426 1.2470 -0.0825 80 200 120
0.6645 -2.3290 1.5458 80 200 120
-0.9632 0.1480 -0.0615 80 200 120
-1.4131 1.2487 0.8285 80 200 120
-2.6075 1.6244 0.1002 80 200 120
-0.6334 -2.0526 0.8635 80 200 120
2.9509 -5.0469 3.1765 80 200 120
3.9352 -2.1070 1.8502 80 200 120
3.2878 -5.0234 2.3176 80 200 120
3.2614 -4.8983 3.1210 80 200 120
2.4870 -5.1202 0.9949 80 200 120
3.4275 -4.9041 0.8623 80 200 120
-0.0405 -4.8646 3.1664 80 200 120
1.3500 -4.0027 3.2272 80 200 120
3.6706 -5.1160 2.7552 80 200 120
0.5638 -2.6616 2.6573 80 200 120
3.5893 2.8400 1.5062 80 200 120
3.1145 5.3166 0.9280 80 200 120
-1.5876 4.9454 2.3977 80 200 120
3.1181 3.2675 0.3029 80 200 120
-1.2924 1.2028 0.9410 80 200 120
-0.5132 2.5015 0.1428 80 200 120
-0.8726 1.0354 1.0667 80 200 120
3.2461 1.6713 1.1796 80 200 120
4.7693 0.5307 3.4345 80 200 120
-3.5404 0.6667 2.7386 80 200 120
-0.2712 3.9652 0.3005 80 200 120
-3.1365 2.3675 0.5584 80 200 120
-4.5195 2.9243 -0.1734 80 200 120
-3.1241 2.0618 3.2778 80 200 120
-2.5195 -2.6472 1.3569 80 200 120
-2.3052 -2.7996 1.6087 80 200 120
-1.0520 -4.9307 1.6123 80 200 120
-2.2206 -5.1472 1.0932 80 200 120
-1.5171 -5.1587 1.7596 80 200 120
-2.5123 -4.1677 1.5015 80 200 120
-2.5441 -2.1204 1.5955 80 200 120
-2.7450 -3.6005 1.5687 80 200 120
-2.5582 -3.9192 1.4559 80 200 120
-2.7721 -3.5207 1.2933 80 200 120
-2.4891 -4.0477 1.2428 80 200 120
-2.7832 -2.7226 0.3733 80 200 120
0.3334 -3.0729 0.9241 80 200 120
1.3048 -1.6400 0.0054 80 200 120
-2.3208 -3.0156 -0.0162 80 200 120
2.7588 -4.9508 0.0075 80 200 120
2.0261 -0.7939 -0.0053 80 200 120
2.2591 -5.0269 0.3958 80 200 120
-0.0314 -3.5031 0.1503 80 200 120
0.5262 -2.6344 1.1383 80 200 120
2.2665 -4.1874 -0.0787 80 200 120
2.7607 -1.7488 0.5445 80 200 120
-2.7262 1.4923 0.0954 80 200 120
2.3960 2.9967 0.6002 80 200 120
-0.1559 -1.3868 0.6334 80 200 120
-3.4382 -4.8363 -0.0018 80 200 120
-2.4075 -3.9783 1.4331 80 200 120
-2.9803 -4.4739 -0.0758 80 200 120
2.3751 -1.8872 0.6186 80 200 120
2.0748 -1.8840 0.2032 80 200 120
2.3253 -0.5693 -0.0015 80 200 120
1.8975 0.4678 0.0256 80 200 120
1.5325 0.7842 0.0656 80 200 120
0.9854 -2.3288 1.3146 80 200 120
2.6091 -1.0284 0.8792 80 200 120
2.3334 -0.8349 -0.1982 80 200 120
2.0438 -1.6412 -0.0836 80 200 120
2.2269 -1.9967 0.9927 80 200 120
1.5161 3.3860 0.5349 80 200 120
-3.0233 3.5483 -0.5251 80 200 120
0.0766 -1.4011 0.7329 80 200 120
-1.5626 2.0463 0.9584 80 200 120
0.3361 -2.2865 1.0111 80 200 120
0.3597 -2.4951 0.9279 80 200 120
-0.4948 -3.0482 1.0774 80 200 120
0.4667 -2.6021 1.9216 80 200 120
0.8398 -2.2926 0.7708 80 200 120
1.4217 -2.1915 2.7236 80 200 120
0.4645 -2.5702 3.1671 80 200 120
3.2748 -0.7587 2.8406 80 200 120
1.9170 -0.9478 2.5914 80 200 120
2.6855 -1.8170 1.7575 80 200 120
0.6980 -4.6849 3.2128 80 200 120
1.6079 -3.8451 3.2099 80 200 120
2.0347 -5.0909 1.0886 80 200 120
2.1794 -1.9404 2.1079 80 200 120
2.1384 -1.4583 2.0339 80 200 120
-0.7724 -4.9903 2.8804 80 200 120
3.4379 0.2200 3.1337 80 200 120
1.8768 -1.2074 3.1821 80 200 120
3.7137 3.0621 2.1655 80 200 120
3.6023 3.8165 1.7460 80 200 120
3.4782 1.0962 2.8866 80 200 120
3.2898 1.2893 3.0633 80 200 120
3.4261 1.0226 3.0908 80 200 120
6.2143 10.7284 -2.3349 80 200 120
-3.6793 1.7805 2.7266 80 200 120
-3.4770 1.8371 1.4565 80 200 120
-3.0036 3.1302 0.5075 80 200 120
-3.4549 2.2222 0.7483 80 200 120
-2.4826 2.5348 -0.0263 80 200 120
-1.5623 -4.9480 3.1106 80 200 120
-2.4227 -3.7726 0.8102 80 200 120
-2.4441 -3.2209 1.1964 80 200 120
-2.5644 -4.0533 1.3328 80 200 120
-2.5936 -3.5724 1.1333 80 200 120
-0.9883 -5.0303 2.3716 80 200 120
-1.6990 -5.0531 1.0989 80 200 120
-3.5203 -3.4170 1.8410 80 200 120
-0.5418 -5.1643 2.1289 80 200 120
-3.2509 -1.5685 1.4240 80 200 120
0.6802 -5.0067 3.1574 80 200 120
-2.6290 -2.9389 1.4463 80 200 120
-2.3524 -3.0975 0.7955 80 200 120
-2.3672 -2.9700 0.4915 80 200 120
3.4982 -0.9936 0.2937 80 200 120
3.2998 -4.3991 0.0414 80 200 120
-2.3687 -3.6133 -0.0638 80 200 120
-0.7011 -2.9116 0.2429 80 200 120
-2.7471 -5.1182 2.1665 80 200 120
0.3194 -2.2001 1.0279 80 200 120
2.9121 -1.2921 -0.2003 80 200 120
3.5422 -4.9901 0.8573 80 200 120
2.5959 -4.6507 -0.1429 80 200 120
-1.0776 -5.0534 1.6237 80 200 120
-2.6998 1.1686 0.0450 80 200 120
-2.1851 0.3063 -0.0550 80 200 120
-0.6271 2.1501 0.9434 80 200 120
-0.4165 2.2853 1.1783 80 200 120
-0.6756 2.7730 1.2199 80 200 120
-2.1510 1.2176 -0.0175 80 200 120
-1.2471 3.4249 1.0761 80 200 120
-1.2723 4.9710 1.6762 80 200 120
0.7201 0.7157 0.5602 80 200 120
-1.6698 5.0359 1.8548 80 200 120
2.4010 -0.1851 0.6238 80 200 120
-2.5443 -4.0435 1.1200 80 200 120
-4.6215 7.0895 3.5120 80 200 120
-3.0766 -5.0594 -0.1430 80 200 120
-4.1865 -1.1385 0.6937 80 200 120
3.5366 2.7986 -0.0172 80 200 120
-2.3679 -1.8965 1.4441 80 200 120
0.3419 -0.0366 0.4535 80 200 120
1.0665 -2.3418 1.5527 80 200 120
0.5185 -2.6308 1.6046 80 200 120
0.3422 -3.1585 0.8742 80 200 120
0.5311 -2.6335 1.4707 80 200 120
1.4679 -4.4689 -0.2089 80 200 120
3.2576 -4.7620 0.0866 80 200 120
-0.1358 -1.3350 0.6509 80 200 120
-1.9888 0.6832 -0.0415 80 200 120
-2.7848 0.8606 -0.1065 80 200 120
-3.0986 1.7636 -0.3792 80 200 120
1.6128 -4.8485 1.0933 80 200 120
3.2028 -4.2819 3.0523 80 200 120
3.5071 -4.6466 1.9966 80 200 120
2.6800 -5.1071 2.1024 80 200 120
-1.3727 -4.8614 2.8209 80 200 120
0.8828 -4.9265 1.6056 80 200 120
-0.7660 -5.0314 2.6383 80 200 120
0.5225 -5.0357 2.0106 80 200 120
-0.4051 -4.7321 2.3591 80 200 120
1.5121 -5.0113 1.2079 80 200 120
1.2502 -4.9925 1.4851 80 200 120
0.6906 -2.2941 2.9855 80 200 120
3.8043 0.9751 2.6587 80 200 120
3.5095 4.1167 0.6292 80 200 120
1.0746 4.0205 0.3653 80 200 120
-3.6036 3.2650 0.3012 80 200 120
-0.4206 3.7567 2.7559 80 200 120
2.0161 6.2751 -0.9847 80 200 120
-3.5678 0.4262 1.8004 80 200 120
-3.2571 -0.5076 3.1850 80 200 120
-2.2036 -0.3292 3.2689 80 200 120
-3.3751 0.6602 2.3536 80 200 120
1.1821 -5.0265 3.2251 80 200 120
-2.3934 -2.9725 1.4204 80 200 120
-3.1016 -1.2880 1.4157 80 200 120
-3.0667 -2.2685 1.3833 80 200 120
-2.7389 -2.0943 1.5208 80 200 120
-2.8602 -3.5577 1.2588 80 200 120
-2.7822 -1.8800 1.4959 80 200 120
-3.3137 -5.5334 -0.3894 80 200 120
-2.3826 -3.7003 0.6267 80 200 120
2.1238 -1.3720 -0.0298 80 200 120
-0.9555 -2.4316 -0.0368 80 200 120
2.7735 -0.9727 0.4440 80 200 120
-2.6518 -2.6509 1.3413 80 200 120
2.7132 -0.5104 -0.2626 80 200 120
3.5454 -3.8756 0.4691 80 200 120
0.3606 -2.3675 1.0100 80 200 120
-2.6953 -2.5772 0.0845 80 200 120
0.0583 -4.1421 -0.0641 80 200 120
-1.3539 1.1151 0.3908 80 200 120
-3.0509 1.1989 0.7686 80 200 120
-0.7636 1.8766 0.3222 80 200 120
0.7222 1.6853 0.4764 80 200 120
0.3418 1.4773 0.8688 80 200 120
-1.9972 0.5940 -0.1003 80 200 120
-0.6308 2.2812 0.5785 80 200 120
-1.9790 0.9105 -0.0196 80 200 120
-3.4779 2.5286 1.1379 80 200 120
0.9863 1.0866 0.3372 80 200 120
-1.6603 0.9878 -0.0511 80 200 120
-3.1814 3.6398 0.6397 80 200 120
0.8654 0.6817 0.4328 80 200 120
-0.8017 -0.4880 -0.0321 80 200 120
0.7958 2.1307 0.4570 80 200 120
0.9296 1.2474 0.3990 80 200 120
-0.3029 2.4166 0.4880 80 200 120
0.1584 1.9500 0.6822 80 200 120
1.5133 3.0791 0.1555 80 200 120
-0.3859 2.2387 1.0249 80 200 120
-1.4072 1.1322 0.5939 80 200 120
-0.7605 2.1372 0.7254 80 200 120
-0.9306 1.3408 0.8704 80 200 120
-0.6210 2.3196 0.5006 80 200 120
-1.6865 0.6304 -0.0348 80 200 120
-0.3829 2.3850 0.1634 80 200 120
-1.3773 0.6702 -0.1396 80 200 120
1.3964 1.0664 0.0802 80 200 120
-1.4532 0.2891 -0.0345 80 200 120
-2.3877 -3.5199 0.5690 80 200 120
-2.6964 -2.3110 0.0509 80 200 120
0.9127 -2.3255 1.3069 80 200 120
1.6212 0.8446 0.1048 80 200 120
2.0899 1.8893 -0.1847 80 200 120
0.8754 -2.0462 0.6546 80 200 120
1.7070 -2.2082 1.1731 80 200 120
0.8781 -1.6790 0.7690 80 200 120
2.4480 -0.2105 0.7828 80 200 120
2.1957 -1.9326 0.4557 80 200 120
0.8355 2.8618 0.4395 80 200 120
-0.5721 2.2367 0.1672 80 200 120
-1.3128 1.1490 0.3678 80 200 120
-3.9017 6.0196 -0.3896 80 200 120
-2.4472 2.4558 0.0319 80 200 120
-0.2153 2.5719 0.7687 80 200 120
0.5316 -2.6429 1.8483 80 200 120
-0.6531 1.8497 -0.0489 80 200 120
2.1720 -3.6060 0.8446 80 200 120
1.8319 -1.9564 2.5857 80 200 120
2.4958 -0.5520 2.7217 80 200 120
3.2687 -4.3577 2.3299 80 200 120
-0.0121 -4.9953 2.4603 80 200 120
3.4057 -4.0771 1.5740 80 200 120
3.3346 -4.9093 1.0078 80 200 120
2.0093 -5.0487 1.6684 80 200 120
3.6253 -4.2524 1.9462 80 200 120
2.8511 -5.1243 0.5874 80 200 120
2.9178 -0.1766 3.0276 80 200 120
0.1274 2.9408 2.7817 80 200 120
3.3144 1.0285 2.4111 80 200 120
2.9232 0.2960 3.2190 80 200 120
2.8884 0.9163 1.5918 80 200 120
-3.4039 -4.9106 2.7736 80 200 120
-2.4052 -2.6569 1.4052 80 200 120
-2.6048 -4.9608 2.4368 80 200 120
-2.4431 -2.8396 1.5679 80 200 120
-0.6597 -4.7448 -0.0322 80 200 120
-2.4425 -3.6909 -0.0768 80 200 120
0.5480 -1.0772 0.4645 80 200 120
-1.4272 -4.6769 2.9838 80 200 120
-2.3891 -3.6203 1.3946 80 200 120
-1.6300 -1.3155 -0.0170 80 200 120
-2.3821 -4.7215 -0.0556 80 200 120
-2.7025 -2.3046 1.4935 80 200 120
-2.6268 -3.1431 -0.3541 80 200 120
-2.3422 -3.2944 0.0500 80 200 120
-0.6016 2.0984 0.1814 80 200 120
-0.0438 2.3261 0.3447 80 200 120
0.1019 1.2917 0.8142 80 200 120
1.8709 2.9583 0.6135 80 200 120
1.0913 4.2549 0.2566 80 200 120
1.8530 2.6852 0.3913 80 200 120
-0.9279 1.1245 0.0709 80 200 120
-0.9496 0.8622 -0.0328 80 200 120
-0.7606 1.7235 0.3369 80 200 120
1.5204 0.9110 -0.0532 80 200 120
1.3846 0.5808 -0.0173 80 200 120
0.2855 1.0884 0.9289 80 200 120
1.2692 0.7575 -0.1078 80 200 120
1.5834 0.8793 0.0644 80 200 120
1.5983 0.6239 0.0346 80 200 120
1.7440 0.4350 0.0587 80 200 120
1.2892 1.0522 0.3167 80 200 120
-1.1176 0.5338 -0.0357 80 200 120
-1.0390 0.1354 -0.1247 80 200 120
0.6256 0.9521 0.6086 80 200 120
0.4411 2.7254 0.8016 80 200 120
-0.8007 -0.2013 -0.0095 80 200 120
-1.1551 2.0856 0.9976 80 200 120
1.4419 0.3123 -0.0779 80 200 120
-0.4790 3.9308 1.2793 80 200 120
-2.4751 5.0493 1.1318 80 200 120
-1.5018 0.0192 -0.0129 80 200 120
2.4499 2.2003 -0.0162 80 200 120
2.2763 -0.3576 -0.0312 80 200 120
-2.6478 -1.5977 1.5801 80 200 120
2.8883 2.5252 0.3981 80 200 120
2.5110 -0.0613 0.8498 80 200 120
1.5201 -1.8508 0.2519 80 200 120
1.3743 1.1360 0.2703 80 200 120
0.8007 0.9019 0.6134 80 200 120
0.7407 -2.1574 0.7110 80 200 120
3.0935 1.8674 1.8853 80 200 120
1.8928 2.9224 -0.1063 80 200 120
1.5546 2.9480 0.2070 80 200 120
0.3016 -1.6344 1.0228 80 200 120
-3.1855 0.6310 -0.1278 80 200 120
-2.6344 1.6415 0.0917 80 200 120
0.5099 -2.6244 1.7157 80 200 120
0.2788 -2.2186 1.1323 80 200 120
3.4084 -4.0297 1.1306 80 200 120
2.7435 -4.9279 1.3239 80 200 120
3.5260 -4.7741 1.3687 80 200 120
1.9674 -5.0105 1.1804 80 200 120
1.1944 -4.9867 1.8436 80 200 120
3.2844 -4.9478 1.7965 80 200 120
2.3286 -4.9676 1.0686 80 200 120
3.1178 -3.6060 2.9289 80 200 120
2.8953 -4.5459 0.6537 80 200 120
0.7697 -2.2746 2.5228 80 200 120
0.6425 -2.6758 2.7632 80 200 120
3.6463 -3.7835 1.7174 80 200 120
-1.2438 -4.9990 2.7432 80 200 120
3.5354 -4.3466 2.8088 80 200 120
3.4084 -4.4518 0.5010 80 200 120
0.6874 -5.0304 2.0992 80 200 120
2.7628 -0.6850 3.3529 80 200 120
0.2796 -5.0112 2.5392 80 200 120
3.6232 -4.0674 2.3769 80 200 120
3.1441 0.6387 2.2590 80 200 120
0.3140 3.1449 2.1692 80 200 120
-2.3928 3.7977 3.2476 80 200 120
-1.1134 4.9781 2.1599 80 200 120
0.9023 0.8902 3.1857 80 200 120
-2.9098 3.9454 0.2397 80 200 120
-3.4683 0.7817 2.3885 80 200 120
-3.6013 0.7364 2.7664 80 200 120
-1.5753 4.3402 0.8702 80 200 120
-3.6483 1.7752 2.7327 80 200 120
-2.3704 4.9047 1.1693 80 200 120
1.7609 1.6536 0.9471 80 200 120
-3.3927 -0.9181 3.1609 80 200 120
-1.6273 -2.9550 -0.0470 80 200 120
-1.9781 -5.0411 1.1655 80 200 120
-1.5273 -1.9441 -0.0386 80 200 120
0.3820 -2.6025 0.9982 80 200 120
-2.5766 -2.6518 1.3849 80 200 120
-3.3508 -2.3384 0.0420 80 200 120
-2.0624 -1.3274 0.3951 80 200 120
-2.2962 -1.9043 0.1270 80 200 120
3.5196 -4.6335 2.0476 80 200 120
0.3540 -2.3987 1.0513 80 200 120
0.3657 -1.7834 1.0128 80 200 120
2.3330 -1.4384 0.2837 80 200 120
-0.5554 -1.3742 0.6715 80 200 120
2.0951 0.8562 0.0106 80 200 120
1.5915 0.4368 -0.0806 80 200 120
-1.1748 0.4167 -0.1142 80 200 120
-1.1245 0.6750 -0.0515 80 200 120
0.0126 1.8180 0.4679 80 200 120
0.1428 0.5187 1.0428 80 200 120
1.6926 2.4201 0.1228 80 200 120
-0.3740 2.0085 0.0204 80 200 120
-2.8080 2.5033 0.4067 80 200 120
0.4561 0.2514 0.8044 80 200 120
1.8340 0.9469 0.0919 80 200 120
1.6802 0.1135 0.0574 80 200 120
-1.5054 0.8601 -0.1234 80 200 120
-0.5539 1.8475 0.0720 80 200 120
1.2806 -0.3124 0.0053 80 200 120
2.0718 0.3939 0.0002 80 200 120
2.2700 2.6304 0.5436 80 200 120
1.9248 -0.0403 -0.0800 80 200 120
-2.9081 -4.4468 0.4135 80 200 120
-2.2779 -3.8377 1.4906 80 200 120
-2.9372 -4.5130 0.0053 80 200 120
-2.5767 -4.0960 1.0921 80 200 120
-2.4375 -4.0346 -0.0407 80 200 120
2.1405 -0.1301 -0.1806 80 200 120
2.1994 -0.6259 -0.2273 80 200 120
2.5081 -0.1849 0.5305 80 200 120
2.4243 -1.2115 0.0118 80 200 120
-2.8097 1.2402 -0.0881 80 200 120
-2.7472 0.7022 -0.0411 80 200 120
-1.2168 2.5561 0.9331 80 200 120
2.8747 2.4111 2.6451 80 200 120
3.5590 -3.7180 2.2171 80 200 120
-0.5338 -4.9780 2.3632 80 200 120
0.6903 -2.6797 2.6375 80 200 120
3.5044 -3.5109 0.5954 80 200 120
0.9422 -2.2455 2.6677 80 200 120
3.2971 -3.3797 1.0657 80 200 120
2.3537 -0.5731 2.9219 80 200 120
3.3713 -3.3397 2.2676 80 200 120
2.8836 0.3448 3.0201 80 200 120
-2.2470 4.9281 2.2875 80 200 120
-3.0996 2.3814 0.5975 80 200 120
3.7100 8.3967 -2.3043 80 200 120
0.2213 2.7466 0.6755 80 200 120
-1.3123 1.3347 0.9342 80 200 120
-3.0689 1.6648 0.9032 80 200 120
-2.3274 3.7619 0.3985 80 200 120
9.8749 4.9369 0.9499 80 200 120
-2.4561 2.6932 -0.0088 80 200 120
0.0042 1.0081 0.9055 80 200 120
-1.1454 1.7337 0.7686 80 200 120
-3.5826 -2.3289 2.7824 80 200 120
-3.4947 -1.5174 2.0281 80 200 120
-3.3948 -2.0427 1.3283 80 200 120
-2.4133 -1.6577 3.2039 80 200 120
-1.8171 -4.9762 1.6268 80 200 120
-1.8530 -4.8793 1.9002 80 200 120
-2.5504 -3.5822 1.3965 80 200 120
-2.3888 -3.4879 1.2267 80 200 120
-1.7767 -5.4273 1.9724 80 200 120
-0.6640 -3.5663 0.0530 80 200 120
-0.9106 -5.0031 1.0787 80 200 120
-1.2858 -2.7492 -0.0317 80 200 120
-0.8445 -3.5996 -0.0078 80 200 120
-1.3417 -3.1951 -0.0158 80 200 120
-2.8945 -2.6076 0.4195 80 200 120
-2.6163 -2.9520 1.4051 80 200 120
-2.6648 -4.4747 0.5420 80 200 120
-2.2886 -2.4996 -0.1406 80 200 120
0.6229 -2.2936 0.7814 80 200 120
3.5018 -4.1174 1.5623 80 200 120
2.3123 -1.0415 -0.0229 80 200 120
3.3238 -3.4825 0.6960 80 200 120
-0.5304 -3.9507 -0.0394 80 200 120
-2.9442 -4.6695 3.0440 80 200 120
-2.3172 -3.6264 0.0479 80 200 120
0.7016 -2.6831 0.8573 80 200 120
2.6244 -1.6249 0.6930 80 200 120
0.3582 -1.3693 0.8274 80 200 120
2.7452 -3.2835 -0.0790 80 200 120
1.2978 -4.9544 3.1321 80 200 120
3.4103 -5.0509 2.6164 80 200 120
-2.8510 2.8803 0.4784 80 200 120
-0.7723 2.0891 0.6936 80 200 120
0.5770 2.0976 0.6998 80 200 120
-2.7194 4.0573 0.1394 80 200 120
-0.6274 1.3618 0.1556 80 200 120
-1.2709 1.5440 1.1454 80 200 120
-2.4200 -1.4232 1.4379 80 200 120
-3.0291 -5.0445 -0.1368 80 200 120
-3.2194 -1.3954 1.3724 80 200 120
-4.0279 5.9547 3.3153 80 200 120
-2.0163 -1.9628 -0.0285 80 200 120
-0.0125 0.4291 0.8162 80 200 120
2.3806 2.6224 0.1365 80 200 120
3.3558 2.7811 0.1649 80 200 120
-0.0151 -0.0334 0.0032 80 200 120
0.4878 2.9049 0.6904 80 200 120
3.5589 4.9858 3.1322 80 200 120
-3.6995 5.6187 -0.2537 80 200 120
3.3541 -3.7927 0.5301 80 200 120
3.1229 1.4434 3.0313 80 200 120
0.9544 -5.0218 1.8937 80 200 120
0.7503 -2.6714 2.7995 80 200 120
3.4477 -4.9746 0.8890 80 200 120
1.3486 -4.8002 1.2821 80 200 120
0.5679 -5.0538 2.0382 80 200 120
3.0981 -3.7026 0.6578 80 200 120
3.5670 -4.0889 1.0864 80 200 120
3.1939 -4.7665 0.4696 80 200 120
-1.2296 -4.9019 3.1724 80 200 120
3.8018 -3.8353 0.7805 80 200 120
1.8835 -5.0905 1.0528 80 200 120
0.9109 -5.0069 1.5919 80 200 120
-2.6791 4.8507 2.6815 80 200 120
-1.8860 1.8240 0.2283 80 200 120
2.9475 4.0184 0.0630 80 200 120
-0.1406 5.0692 -0.8060 80 200 120
1.1088 2.7370 0.2650 80 200 120
-2.5234 -3.8816 1.3565 80 200 120
-2.4831 -3.3441 1.3678 80 200 120
-1.8635 -4.9341 2.1292 80 200 120
-2.6425 -3.0696 1.5323 80 200 120
-3.1074 -1.8444 1.3935 80 200 120
-2.3574 -3.1998 1.2498 80 200 120
-3.5795 -1.3454 1.7909 80 200 120
-3.5843 -1.8926 2.9150 80 200 120
-1.9783 -4.6418 -0.0405 80 200 120
-2.6475 -3.2326 1.5330 80 200 120
3.5662 -3.5109 -0.0152 80 200 120
2.6276 -5.2462 3.2480 80 200 120
3.3440 -4.0412 0.1305 80 200 120
-2.6755 -1.8299 -0.3076 80 200 120
2.2114 -0.6831 -0.2078 80 200 120
-2.5610 -1.0044 -0.1597 80 200 120
2.5587 -1.2352 0.0024 80 200 120
0.3639 -1.5990 1.0198 80 200 120
3.2123 -5.1266 3.2234 80 200 120
-2.6289 -3.5283 1.3824 80 200 120
3.5726 -3.2588 1.4610 80 200 120
-2.8119 -4.8062 2.4583 80 200 120
-0.7762 1.9891 0.6489 80 200 120
0.1529 1.5713 0.7558 80 200 120
-1.0276 1.9569 0.8607 80 200 120
-0.4461 -0.4197 -0.0108 80 200 120
-0.6598 1.5528 0.2091 80 200 120
-2.7112 0.7060 -0.0877 80 200 120
-0.2180 2.1876 0.0352 80 200 120
-2.5121 -3.5429 1.4071 80 200 120
-3.0308 -4.5686 0.3358 80 200 120
-2.5331 -3.8679 1.3733 80 200 120
2.9265 2.6106 0.2868 80 200 120
-2.7162 -4.1677 1.0458 80 200 120
2.2650 -0.6950 0.0408 80 200 120
2.3834 -1.1156 0.0184 80 200 120
0.4434 0.0458 0.8210 80 200 120
1.2076 4.2980 0.2938 80 200 120
0.3160 -1.9358 1.0993 80 200 120
-1.2677 1.0186 1.0166 80 200 120
1.0028 -2.7478 1.2694 80 200 120
1.1922 -2.7117 0.7407 80 200 120
-0.6017 0.3736 -0.0031 80 200 120
-2.1708 1.3435 -0.0537 80 200 120
1.5873 -2.0895 0.3157 80 200 120
3.4110 1.2226 2.8728 80 200 120
-3.1554 0.6236 -0.0963 80 200 120
-2.6573 1.7277 0.0792 80 200 120
-2.7025 0.8149 -0.0413 80 200 120
-0.5816 -1.1787 0.3907 80 200 120
0.3694 -2.3776 1.0349 80 200 120
0.7609 -2.6975 0.7741 80 200 120
0.3743 -2.1809 0.9526 80 200 120
2.5757 -1.6163 2.6210 80 200 120
0.8048 -2.6715 2.6776 80 200 120
3.4001 -4.5979 2.0379 80 200 120
-1.5517 -4.9022 3.0834 80 200 120
2.8672 -3.2597 3.0465 80 200 120
1.0591 -2.1856 2.7100 80 200 120
1.0567 -2.1808 2.8829 80 200 120
3.4109 -3.3442 1.8872 80 200 120
2.3458 -5.0665 0.7933 80 200 120
1.4253 -5.0080 1.6662 80 200 120
3.9246 -5.4088 2.3166 80 200 120
2.4195 -4.7645 0.8123 80 200 120
-1.9918 -4.9484 3.1514 80 200 120
3.7917 -4.6720 0.3074 80 200 120
3.6784 2.4554 0.0604 80 200 120
-3.1397 4.0098 3.0504 80 200 120
-3.0509 0.8621 0.9719 80 200 120
4.0317 0.7317 1.7938 80 200 120
-0.8246 1.8911 0.7210 80 200 120
3.5068 0.7296 2.2043 80 200 120
1.6015 3.3545 0.4546 80 200 120
-1.0554 2.3747 0.9975 80 200 120
-1.2614 0.6159 3.2056 80 200 120
-3.4606 -0.1685 1.6136 80 200 120
-2.7263 0.2312 3.2832 80 200 120
-3.5617 -4.5089 2.7660 80 200 120
-0.9581 -4.0887 3.2062 80 200 120
-3.5091 -4.0043 2.7776 80 200 120
-1.6264 -0.6546 3.2427 80 200 120
-0.9980 -5.0665 2.3875 80 200 120
-3.0747 -2.1049 1.4428 80 200 120
-2.7125 -2.6499 1.5026 80 200 120
-2.6153 -2.6591 1.3418 80 200 120
-2.5312 -2.9145 1.4397 80 200 120
-3.4830 -1.4039 1.3268 80 200 120
-1.2906 -1.5565 -0.0385 80 200 120
0.8926 -3.6145 -0.0950 80 200 120
-0.1910 -4.8369 0.0030 80 200 120
-3.1465 -2.3516 0.2577 80 200 120
-2.3640 -3.2529 1.4202 80 200 120
-2.3925 -3.5182 0.5207 80 200 120
-3.1641 0.9942 0.8378 80 200 120
-2.7557 1.7320 0.3008 80 200 120
-0.9681 1.8867 0.9373 80 200 120
-2.5988 -1.0860 1.3454 80 200 120
-2.6247 -1.2779 1.3524 80 200 120
-2.7078 -2.6341 1.4937 80 200 120
-2.4855 -1.7252 1.4314 80 200 120
-2.9409 -4.9529 -0.0539 80 200 120
-2.5739 -1.8818 1.3601 80 200 120
-2.4968 -1.5195 1.2979 80 200 120
3.4883 2.7887 -0.0797 80 200 120
1.5209 3.7131 0.4765 80 200 120
0.3886 -2.5925 0.9951 80 200 120
0.7594 -2.6881 1.6661 80 200 120
-2.7708 2.0153 0.4968 80 200 120
3.3104 -4.8846 0.0382 80 200 120
-1.0001 1.1551 0.9905 80 200 120
3.2941 -4.2005 0.1602 80 200 120
0.7855 -2.6442 3.1430 80 200 120
0.7702 -2.6546 2.9859 80 200 120
3.4990 0.1577 2.7263 80 200 120
3.0962 -3.1882 1.1602 80 200 120
3.1627 -3.0842 2.9063 80 200 120
3.5959 -3.2491 1.4009 80 200 120
3.8746 -3.5960 0.3974 80 200 120
3.3768 2.6314 -0.2497 80 200 120
-0.2017 2.5899 3.1033 80 200 120
-3.3876 3.4549 3.0903 80 200 120
-3.1586 4.3920 1.4205 80 200 120
0.0510 2.7541 2.2572 80 200 120
-2.2863 1.3640 0.4155 80 200 120
1.8172 3.1274 0.0380 80 200 120
2.3725 1.7926 0.7539 80 200 120
-1.9555 2.1772 0.0972 80 200 120
3.5435 4.6745 1.4074 80 200 120
3.2518 3.8924 0.6431 80 200 120
-3.5251 1.6215 2.7464 80 200 120
-1.6027 4.1415 0.9698 80 200 120
-3.2632 0.1356 3.1987 80 200 120
-2.8735 -4.9960 1.6942 80 200 120
-3.4182 0.5847 2.7763 80 200 120
-1.6856 -1.6702 3.2281 80 200 120
-3.4433 -1.7470 1.8954 80 200 120
-3.3982 -2.4797 1.5796 80 200 120
-2.3487 -4.9530 1.6367 80 200 120
-2.3618 -3.4933 1.2399 80 200 120
-3.0873 -4.4305 1.5456 80 200 120
-2.0064 -4.9234 1.2607 80 200 120
-2.6795 -2.8156 1.5564 80 200 120
-1.2214 -5.0310 2.4098 80 200 120
-3.2289 -4.8077 2.0286 80 200 120
-2.1871 -4.9221 1.8510 80 200 120
-2.8549 -2.6562 1.4147 80 200 120
3.5761 -3.0719 0.4570 80 200 120
-2.3719 -2.9519 1.4274 80 200 120
1.1375 -2.6915 0.8515 80 200 120
-2.3405 -3.0846 -0.0288 80 200 120
1.7695 -1.9447 0.4391 80 200 120
2.1185 -1.8664 0.4812 80 200 120
-2.7116 -2.8810 1.4359 80 200 120
1.4692 -1.0406 -0.0966 80 200 120
-0.4971 -2.4495 0.4997 80 200 120
0.9144 -2.6620 0.7263 80 200 120
-0.4814 -1.8783 0.6981 80 200 120
-2.6883 0.8186 0.1378 80 200 120
2.4770 0.4163 0.0495 80 200 120
2.3049 -0.3745 -0.0744 80 200 120
3.3537 1.9680 0.1251 80 200 120
3.0757 1.5668 -0.2526 80 200 120
2.3427 2.6957 0.2654 80 200 120
0.3842 0.1275 0.5571 80 200 120
-0.6004 1.8894 0.3495 80 200 120
-2.5966 0.5110 0.1175 80 200 120
-1.6290 1.2659 0.8694 80 200 120
3.5791 -3.5465 -0.0547 80 200 120
4.0004 4.1474 2.7149 80 200 120
3.3755 -3.7988 0.5017 80 200 120
-3.2338 4.4467 0.1090 80 200 120
4.0836 3.2065 1.8714 80 200 120
2.7152 -1.6611 3.0982 80 200 120
-0.5143 -5.0001 2.1556 80 200 120
2.9168 -3.8765 0.8709 80 200 120
0.0040 -4.9598 2.4382 80 200 120
0.7071 -5.0553 2.1267 80 200 120
-0.1545 -5.0161 1.9765 80 200 120
1.7648 -4.8529 1.7353 80 200 120
3.3609 -2.9595 2.1238 80 200 120
3.6236 -3.6558 1.1393 80 200 120
-1.5842 -4.9530 3.0654 80 200 120
-1.4324 -4.9943 2.8222 80 200 120
-0.2785 -5.0617 2.5253 80 200 120
2.8738 0.9112 0.5319 80 200 120
3.3116 1.7560 0.0576 80 200 120
0.5591 0.1306 0.9202 80 200 120
-0.3857 3.0300 -0.1243 80 200 120
-0.3580 1.6354 1.0333 80 200 120
1.6353 -1.5143 2.6726 80 200 120
-0.4278 0.3144 0.8149 80 200 120
-2.1179 -4.9528 3.1523 80 200 120
-2.3053 -3.2532 1.4804 80 200 120
-2.5070 -5.0833 1.3483 80 200 120
-2.4458 -4.1045 1.5492 80 200 120
-2.7192 -3.4312 1.5654 80 200 120
-3.5079 0.1892 2.7629 80 200 120
-3.5383 -4.0438 2.5090 80 200 120
-2.6375 -5.0117 0.8824 80 200 120
-2.3404 -3.9005 1.2718 80 200 120
-2.3631 -2.8222 1.4475 80 200 120
-2.9912 -1.9484 1.4589 80 200 120
-2.6761 -3.0633 1.5368 80 200 120
-1.4484 -4.8959 -0.0038 80 200 120
-2.3296 -2.3204 -0.1064 80 200 120
1.3742 -5.0332 3.1641 80 200 120
-2.4156 -3.4647 1.4880 80 200 120
2.8529 -3.7329 -0.1532 80 200 120
0.4691 -2.3555 0.9352 80 200 120
3.5719 -4.8255 2.5237 80 200 120
0.1141 -3.3055 0.2313 80 200 120
1.1458 -2.1206 0.4047 80 200 120
-1.0443 -2.0426 -0.0263 80 200 120
-2.0065 -2.9122 -0.0380 80 200 120
-2.3610 -3.0222 1.6388 80 200 120
-2.4824 -2.0895 -0.0610 80 200 120
0.2725 -2.0197 1.1676 80 200 120
-3.1638 0.7745 0.5969 80 200 120
-2.5885 -0.8951 0.5460 80 200 120
-2.8272 -0.4919 0.6273 80 200 120
-2.6007 -2.3052 1.2094 80 200 120
2.5482 0.3677 0.5020 80 200 120
-2.7309 -1.5299 1.2905 80 200 120
2.2847 -0.2303 0.6810 80 200 120
-2.5123 2.5046 -0.0024 80 200 120
0.3249 -1.2715 0.6353 80 200 120
0.9922 -2.3214 1.0228 80 200 120
-2.4083 -2.2744 0.1207 80 200 120
-2.2619 -2.6362 0.2391 80 200 120
-0.4963 -2.5754 0.5003 80 200 120
-1.3653 -4.9313 2.3812 80 200 120
0.6032 -5.0345 1.2422 80 200 120
-1.9251 -4.8645 3.1518 80 200 120
-1.3526 -4.9219 3.1642 80 200 120
3.7819 -4.6355 0.2760 80 200 120
0.8375 -4.9022 1.5938 80 200 120
2.4968 -1.6164 2.7958 80 200 120
-2.0499 -4.6255 3.0708 80 200 120
1.7647 -5.0349 1.0035 80 200 120
0.7826 -2.6638 2.5655 80 200 120
0.4456 -2.4766 2.6434 80 200 120
-1.2916 -5.0412 2.7657 80 200 120
-1.4279 4.8290 1.4694 80 200 120
3.5504 0.3785 1.8796 80 200 120
3.1300 -0.4320 3.0580 80 200 120
3.8555 -1.0721 2.4642 80 200 120
-2.1024 3.8942 0.2808 80 200 120
-3.3416 5.2777 -0.0843 80 200 120
1.8723 2.9903 -0.0629 80 200 120
-3.2315 -2.4918 3.2061 80 200 120
-3.2156 -2.1516 3.2122 80 200 120
-2.1270 -0.1666 3.2121 80 200 120
-3.5556 -3.2417 2.6396 80 200 120
-3.4980 -4.2135 2.9564 80 200 120
-2.2578 -5.0083 2.1671 80 200 120
-2.4678 -1.1388 3.1984 80 200 120
-0.5960 -4.9285 3.1635 80 200 120
-3.4438 0.6300 2.7977 80 200 120
-0.3811 -4.9293 3.1326 80 200 120
-1.0154 -4.8325 3.1461 80 200 120
-2.3587 -2.9344 1.5513 80 200 120
0.2496 -4.9597 3.1535 80 200 120
-2.4832 0.1038 3.1814 80 200 120
-3.5301 -1.7418 1.8670 80 200 120
-0.7526 -5.0441 2.6254 80 200 120
1.6332 -2.6501 0.4084 80 200 120
0.4382 -2.1585 0.9216 80 200 120
-1.9960 -1.9922 -0.0172 80 200 120
0.3406 -3.2973 0.2508 80 200 120
-3.0610 -2.3403 -0.0017 80 200 120
-0.4791 -2.9649 0.1043 80 200 120
-3.3563 -2.2793 1.2895 80 200 120
3.2752 -1.4438 -0.7553 80 200 120
0.9322 -2.6669 0.6970 80 200 120
-2.8201 -3.3058 1.4328 80 200 120
1.7827 -2.6272 0.6368 80 200 120
-2.8702 -4.5858 3.0254 80 200 120
4.1778 -3.0669 -0.3713 80 200 120
2.3988 -1.2458 -0.2596 80 200 120
-1.1364 1.0998 0.0110 80 200 120
-1.1071 -1.7831 -0.0709 80 200 120
2.5662 -0.0087 -0.1999 80 200 120
-0.3635 0.7287 -0.0813 80 200 120
0.8295 -2.3434 1.1073 80 200 120
-0.3065 -1.4922 0.9394 80 200 120
1.7339 -2.6991 1.0133 80 200 120
-2.7445 0.6557 -0.0714 80 200 120
-2.8328 2.4691 0.5045 80 200 120
1.2306 -2.1433 2.7164 80 200 120
-3.0470 0.4894 0.0061 80 200 120
1.9002 -4.9982 0.5868 80 200 120
3.0982 -0.8071 2.8152 80 200 120
3.0938 -1.1952 2.4416 80 200 120
0.8271 -2.3318 2.8510 80 200 120
1.5659 -4.9725 1.4516 80 200 120
3.0213 -3.7084 0.6752 80 200 120
3.0376 -4.7070 0.5684 80 200 120
2.8758 -5.0264 1.2828 80 200 120
3.4258 -4.0433 1.1171 80 200 120
-3.3140 2.7037 1.6625 80 200 120
-1.7061 4.6811 0.8131 80 200 120
1.2420 -2.1051 2.6825 80 200 120
-2.9144 1.8149 0.7342 80 200 120
2.2338 3.2964 -0.8888 80 200 120
-3.5901 0.4198 1.7811 80 200 120
3.5658 1.5817 0.7732 80 200 120
-2.5917 1.8403 0.1971 80 200 120
-3.1706 3.4326 0.9791 80 200 120
-0.3625 1.8461 0.9519 80 200 120
-1.3644 1.8441 0.6771 80 200 120
4.1245 4.3087 -0.3058 80 200 120
-3.1684 1.0588 0.9066 80 200 120
-3.3129 1.9065 0.7933 80 200 120
-3.5399 -3.7666 3.1587 80 200 120
-3.4266 -1.1839 3.1970 80 200 120
-1.4041 -4.9570 2.7776 80 200 120
-1.6187 -3.6963 3.2031 80 200 120
-2.7897 -3.9327 1.4512 80 200 120
-2.4055 -3.2489 1.4180 80 200 120
-1.7084 -5.0827 2.9543 80 200 120
-3.4849 -2.2906 1.9669 80 200 120
-3.4960 -1.5462 2.6119 80 200 120
-2.3566 -3.9891 -0.0593 80 200 120
-3.2827 -2.5252 0.1831 80 200 120
-2.6995 -2.2400 1.2855 80 200 120
0.4075 -2.6991 1.0348 80 200 120
-2.3715 -2.6499 1.4606 80 200 120
-2.8038 -3.1052 1.4550 80 200 120
-2.6607 -2.6655 1.4892 80 200 120
-2.7778 -2.8850 1.4241 80 200 120
-3.0586 -4.9768 2.5132 80 200 120
-0.3431 1.8997 0.0286 80 200 120
-0.0835 0.3852 0.1660 80 200 120
3.5226 2.9939 -0.1284 80 200 120
2.1827 -0.7452 0.1112 80 200 120
1.8303 0.6488 -0.0419 80 200 120
2.8364 2.5245 0.3616 80 200 120
2.1771 3.0374 0.7523 80 200 120
2.1227 3.1699 0.4335 80 200 120
-1.1569 1.1811 -0.0323 80 200 120
0.3286 -2.6146 1.1217 80 200 120
0.4363 -1.7492 1.0020 80 200 120
0.4180 -1.8930 0.9612 80 200 120
3.7867 3.6957 2.7197 80 200 120
-0.5094 -2.5772 0.2686 80 200 120
0.4991 -3.0904 0.8674 80 200 120
-2.2996 3.3012 0.0942 80 200 120
-2.4263 -1.6411 -0.0383 80 200 120
-1.3708 1.1941 1.1423 80 200 120
-2.1977 -1.2280 0.5925 80 200 120
2.3361 -2.5699 2.9722 80 200 120
1.8599 -2.6114 3.1299 80 200 120
0.9343 -2.1902 3.2525 80 200 120
-1.5987 -5.0500 3.1357 80 200 120
3.3508 -2.6935 2.7358 80 200 120
3.1683 -3.0253 2.1473 80 200 120
2.5994 -1.6626 2.5728 80 200 120
0.5656 -2.6430 3.2070 80 200 120
1.1817 -2.6229 3.1359 80 200 120
3.6162 0.3118 3.1061 80 200 120
0.6924 -5.0830 1.8392 80 200 120
3.3905 -4.9680 1.0024 80 200 120
0.4215 -2.5283 2.9846 80 200 120
0.7583 -5.1067 1.5062 80 200 120
0.9085 -4.9978 1.4496 80 200 120
-2.2811 -4.8420 3.1225 80 200 120
3.5201 -4.3852 0.6842 80 200 120
-2.1671 2.9741 -0.2864 80 200 120
0.8353 3.3033 0.5871 80 200 120
-2.9001 0.9660 0.7632 80 200 120
-2.4197 3.4146 0.2250 80 200 120
0.0475 -0.1585 1.3820 80 200 120
-3.3358 -4.9342 3.1787 80 200 120
-2.6750 -4.7799 3.2043 80 200 120
-3.5244 -2.9711 2.9663 80 200 120
-3.2516 -4.1836 3.2139 80 200 120
-3.1725 -4.6441 2.3334 80 200 120
-3.4702 -3.8634 2.1583 80 200 120
-3.8786 3.0870 3.3102 80 200 120
-2.4902 -4.9978 1.6805 80 200 120
-3.4567 1.4164 3.1136 80 200 120
-1.8616 -4.8765 3.1987 80 200 120
-1.8466 -1.1053 3.2060 80 200 120
-1.3461 -5.0445 2.1568 80 200 120
-3.2879 -2.2697 1.3193 80 200 120
-2.5319 -3.7207 1.3728 80 200 120
-2.8038 -3.8868 1.4836 80 200 120
0.4199 -2.9441 1.0246 80 200 120
-3.3881 -2.2823 1.2651 80 200 120
2.0847 -2.5769 -0.0388 80 200 120
-2.4475 -4.0969 0.2637 80 200 120
1.3499 -4.6617 0.0154 80 200 120
1.9660 -3.6905 -0.0938 80 200 120
0.3160 3.2001 0.4501 80 200 120
-2.7585 -3.2627 1.4892 80 200 120
1.7690 -1.8674 0.6522 80 200 120
2.5406 -1.3468 0.8313 80 200 120
0.0887 -1.1378 0.4855 80 200 120
-2.3058 -2.6334 0.1004 80 200 120
-3.0396 2.8604 0.1079 80 200 120
-1.3198 1.2781 0.7160 80 200 120
0.0704 -3.2807 0.3728 80 200 120
0.5687 -2.6653 1.0740 80 200 120
-2.4466 -2.2547 -0.0219 80 200 120
-0.8372 -4.9139 3.1554 80 200 120
8.1620 -4.3613 -1.3664 80 200 120
3.1842 -3.1927 1.4856 80 200 120
5.2811 -4.3108 -0.3987 80 200 120
3.9816 -5.2101 0.1353 80 200 120
3.8285 -3.2724 0.9483 80 200 120
-0.4433 -4.9907 2.3616 80 200 120
3.8136 2.2308 2.5561 80 200 120
3.4782 1.4801 2.6987 80 200 120
-3.6518 4.8438 2.6334 80 200 120
0.4615 3.5130 1.1711 80 200 120
2.7898 -1.8260 3.1216 80 200 120
-1.2776 1.3782 0.8647 80 200 120
0.1081 1.2298 0.8164 80 200 120
0.0601 6.1310 -2.4226 80 200 120
0.0952 2.4957 -0.0147 80 200 120
-3.6843 2.8756 1.0188 80 200 120
0.9129 -0.9902 2.0182 80 200 120
-2.9419 -2.8902 3.2183 80 200 120
-1.2916 -4.9981 3.1834 80 200 120
-2.8363 -3.9054 1.5050 80 200 120
-2.5046 -5.0604 1.3203 80 200 120
-3.0222 -3.5641 1.3896 80 200 120
-0.3905 -4.9822 3.1523 80 200 120
-2.5684 -3.6024 1.3638 80 200 120
-3.4816 -2.1738 2.4213 80 200 120
-2.3975 -4.9974 1.3985 80 200 120
-2.4326 -4.0638 1.1061 80 200 120
-2.6400 -2.2511 1.3165 80 200 120
-3.5437 -2.1479 0.9892 80 200 120
2.8863 -2.5151 0.2969 80 200 120
2.7476 -2.5119 0.0675 80 200 120
-3.1571 0.2135 0.4072 80 200 120
0.3529 0.0488 0.3932 80 200 120
-2.5211 -1.7150 1.2873 80 200 120
-0.5088 -2.7642 0.0348 80 200 120
-0.3671 -1.4184 0.8424 80 200 120
-0.5065 -2.5871 0.0209 80 200 120
-2.6565 -1.4947 1.3094 80 200 120
3.0135 0.4235 0.6713 80 200 120
2.7576 0.3264 0.4537 80 200 120
2.6524 -1.3749 0.1818 80 200 120
2.2036 -1.7357 0.9354 80 200 120
-0.6255 2.2760 0.9665 80 200 120
3.0040 -4.7938 3.0843 80 200 120
-0.5069 -2.9572 0.0574 80 200 120
2.8384 -3.1439 -0.0355 80 200 120
2.3468 -4.7149 0.2039 80 200 120
0.4762 -3.3220 3.1825 80 200 120
-1.6791 -4.9503 2.9291 80 200 120
3.0998 -3.5891 1.3146 80 200 120
2.0776 -2.5452 2.4264 80 200 120
-2.4527 -4.6474 3.0732 80 200 120
0.9242 -2.1951 3.2308 80 200 120
2.7268 -3.8435 3.1147 80 200 120
-0.6354 -4.8811 2.4956 80 200 120
2.4313 -2.7828 3.1581 80 200 120
-0.1733 2.7897 0.6455 80 200 120
-1.7889 3.6365 0.3777 80 200 120
1.2112 4.6500 0.1707 80 200 120
-0.7917 1.2725 0.8736 80 200 120
-0.3784 2.8517 -0.0466 80 200 120
0.0738 1.9402 0.9104 80 200 120
3.3039 4.3899 1.5032 80 200 120
5.9243 0.3772 1.4830 80 200 120
2.6820 3.3505 -0.2556 80 200 120
-2.2570 3.3627 0.4409 80 200 120
-3.0286 2.1166 1.7153 80 200 120
-3.4839 -1.5702 3.0732 80 200 120
-3.5186 -0.7100 2.8151 80 200 120
-3.5257 -3.7625 1.5636 80 200 120
-2.7908 -4.9574 1.3764 80 200 120
-2.7445 -3.6947 1.5285 80 200 120
-2.2223 -1.3276 0.3219 80 200 120
-1.7821 -2.0721 0.9913 80 200 120
-0.8297 -1.9803 -0.0104 80 200 120
0.2421 -2.6629 1.2189 80 200 120
-2.3794 -3.7097 -0.0217 80 200 120
-2.8022 -4.9278 -0.0047 80 200 120
-0.0837 0.5120 0.4012 80 200 120
0.0416 0.0494 -0.0969 80 200 120
-2.3578 -1.1524 0.2636 80 200 120
-0.4054 -1.3909 0.5320 80 200 120
2.1563 2.5047 0.6154 80 200 120
-2.5689 -4.0587 1.0745 80 200 120
-0.5086 -1.7451 0.0729 80 200 120
4.8414 3.6286 -0.6324 80 200 120
-3.3681 2.7642 1.5243 80 200 120
-2.4092 -3.4777 1.4626 80 200 120
-2.3210 -2.9114 0.0135 80 200 120
-0.5274 -2.3457 0.1344 80 200 120
-3.1152 -2.3448 -0.0293 80 200 120
2.6044 0.6530 0.1190 80 200 120
3.5608 0.7617 0.7411 80 200 120
3.4833 1.1966 0.5332 80 200 120
3.2243 0.8281 0.4931 80 200 120
4.2563 1.9159 0.4049 80 200 120
1.1773 -0.9034 0.3806 80 200 120
0.3677 0.0229 0.0734 80 200 120
-0.0381 0.2531 0.0881 80 200 120
-0.7459 1.8957 0.8352 80 200 120
-0.4715 -0.4090 -0.0103 80 200 120
-2.8477 2.2755 0.4619 80 200 120
-3.0842 0.5419 -0.0482 80 200 120
0.1589 -4.7281 3.1342 80 200 120
0.5047 -2.6571 3.1653 80 200 120
2.2333 -3.5824 1.0393 80 200 120
1.4164 -3.2086 1.4755 80 200 120
2.9040 -4.6814 0.6100 80 200 120
-1.5531 -4.9324 3.1142 80 200 120
0.3509 -3.5864 3.1809 80 200 120
2.6006 -0.7964 3.2464 80 200 120
0.8165 -4.8779 1.6373 80 200 120
-0.4767 -5.0400 2.1544 80 200 120
2.4934 0.9752 0.1968 80 200 120
3.1455 0.4104 0.5174 80 200 120
11.5543 16.3749 -9.3392 80 200 120
-2.8955 4.8704 0.4806 80 200 120
2.8201 4.1173 -1.3951 80 200 120
3.6297 0.2210 2.7507 80 200 120
-3.5782 0.4306 1.7861 80 200 120
-3.5084 5.4077 1.1883 80 200 120
4.1836 -0.9743 2.4372 80 200 120
0.9749 2.8016 0.3920 80 200 120
6.0262 0.8782 1.1314 80 200 120
-2.4252 -4.9533 3.1827 80 200 120
-3.5472 -4.7805 1.3716 80 200 120
-0.8216 -5.0063 2.8656 80 200 120
-3.0103 -4.8582 1.7211 80 200 120
-3.4469 -2.1624 2.8541 80 200 120
-3.4201 -3.9728 3.1448 80 200 120
-0.4154 -4.9260 3.1409 80 200 120
-2.1704 -4.9502 1.8962 80 200 120
-1.6026 -2.2068 -0.0859 80 200 120
-0.5259 -2.5871 0.1439 80 200 120
-0.4711 -1.6422 0.1937 80 200 120
-0.4985 -2.6824 1.1776 80 200 120
-2.3332 -2.6518 1.4477 80 200 120
-2.8439 -4.8057 2.4600 80 200 120
-2.7816 -2.6705 1.4512 80 200 120
-2.7337 -2.2528 1.2675 80 200 120
0.4177 1.0192 0.7652 80 200 120
-0.4209 -3.0589 -0.3171 80 200 120
-0.5369 -2.5982 0.1493 80 200 120
0.4023 -2.1719 0.9970 80 200 120
-2.0592 3.9286 0.1761 80 200 120
-3.2855 -1.3774 1.3645 80 200 120
1.6512 -0.3538 0.6645 80 200 120
-2.6370 1.6685 0.0757 80 200 120
-2.5743 0.7744 0.0857 80 200 120
-2.6533 -2.6304 0.1751 80 200 120
-4.0188 4.0678 3.3062 80 200 120
-2.4112 -2.0259 1.2825 80 200 120
1.6556 3.5319 0.3294 80 200 120
-2.6055 -3.7450 1.5861 80 200 120
-2.8660 -4.9660 -0.0710 80 200 120
2.1750 -0.7790 0.1712 80 200 120
0.3745 -1.9236 1.0220 80 200 120
5.0232 2.9406 0.7980 80 200 120
4.3890 2.4554 0.4327 80 200 120
3.2716 3.9005 0.5993 80 200 120
-0.0317 0.3529 0.2580 80 200 120
0.6557 2.4743 0.5281 80 200 120
-2.4955 -0.9279 0.2505 80 200 120
-2.3981 -1.3480 0.0048 80 200 120
-0.3507 -3.1211 0.6886 80 200 120
-0.5218 -2.7653 0.1284 80 200 120
-0.3703 -4.9077 3.1454 80 200 120
1.8228 -0.9050 2.8412 80 200 120
-0.6125 -4.9915 3.1766 80 200 120
0.2977 -2.5566 2.9379 80 200 120
2.3048 -1.8255 3.2964 80 200 120
0.2964 -2.5097 2.6153 80 200 120
2.9541 -4.2912 0.7105 80 200 120
2.2668 -4.9392 1.3408 80 200 120
0.7430 -2.2503 3.1487 80 200 120
-0.1071 1.5314 0.4627 80 200 120
-0.7814 2.8299 1.4895 80 200 120
-3.4607 3.0428 1.4873 80 200 120
0.5332 3.8370 0.3161 80 200 120
-1.2777 1.4743 0.8116 80 200 120
-1.6409 3.9894 -0.8538 80 200 120
-1.9563 2.0412 0.2374 80 200 120
2.4513 -1.9335 3.0704 80 200 120
-3.0560 -5.0057 2.4756 80 200 120
-0.8166 -4.8994 3.1295 80 200 120
-2.8902 -3.8144 1.4423 80 200 120
-2.9612 -3.3236 1.3909 80 200 120
-3.3275 1.2021 3.0852 80 200 120
-2.7624 -3.9268 1.4569 80 200 120
-2.8519 -3.0960 1.4406 80 200 120
-3.6314 0.8845 2.8092 80 200 120
-2.4294 0.0114 3.2049 80 200 120
-3.3549 -1.9416 3.1378 80 200 120
-1.0112 -4.8732 -0.0435 80 200 120
-2.1130 -1.4729 0.5190 80 200 120
-2.2828 -1.6782 0.2355 80 200 120
-0.6377 -2.4901 0.7523 80 200 120
0.5126 -2.3785 0.9619 80 200 120
-0.4712 -1.9023 -0.0864 80 200 120
3.0417 -2.4873 0.1813 80 200 120
-2.5178 -2.2492 1.2540 80 200 120
-3.1325 -2.2380 1.1817 80 200 120
0.4306 -2.1677 0.9918 80 200 120
-2.3371 -3.3785 0.0236 80 200 120
-0.0263 0.1787 0.1222 80 200 120
0.3523 0.0320 0.0079 80 200 120
-2.3426 -3.1347 0.0499 80 200 120
2.8359 2.7332 0.3725 80 200 120
-2.8274 -3.1021 1.4643 80 200 120
-2.7305 -2.1787 1.2869 80 200 120
-4.5199 7.2283 3.4514 80 200 120
3.6600 2.3092 -0.0563 80 200 120
-0.8530 -1.9643 0.0049 80 200 120
3.3851 1.5776 -0.1141 80 200 120
3.7542 1.8455 0.3469 80 200 120
1.6304 0.6410 -0.0810 80 200 120
5.7933 4.3625 0.4897 80 200 120
4.5635 2.2613 0.6643 80 200 120
2.2414 2.7890 0.5752 80 200 120
-1.1203 0.4850 -0.0243 80 200 120
1.7947 -2.7599 0.6659 80 200 120
-2.3270 -2.6470 0.0465 80 200 120
0.0750 1.2905 0.4490 80 200 120
-2.4710 -2.2617 -0.0778 80 200 120
-2.7388 -2.2644 -0.0341 80 200 120
-3.2009 0.7049 -0.1769 80 200 120
2.9165 3.9437 3.0816 80 200 120
-0.5000 -1.7211 0.0788 80 200 120
-2.1145 -4.8970 3.1538 80 200 120
2.1889 -5.5483 0.6646 80 200 120
2.9511 -2.5161 1.9998 80 200 120
0.2567 -4.4329 1.5266 80 200 120
0.3155 -5.1349 1.4324 80 200 120
3.2181 4.6601 2.1641 80 200 120
-0.7874 3.1831 3.0599 80 200 120
3.3833 -1.2135 2.4519 80 200 120
3.5962 -0.5606 1.8982 80 200 120
3.4165 -0.6733 2.8733 80 200 120
0.2936 0.0125 1.0757 80 200 120
-0.3702 2.0579 0.8911 80 200 120
2.3504 5.0775 -0.1303 80 200 120
2.3838 2.8292 -0.0032 80 200 120
2.1165 2.7233 0.6678 80 200 120
1.8704 2.9181 0.2920 80 200 120
3.4932 3.3349 0.0734 80 200 120
2.3282 1.6341 0.1722 80 200 120
3.3856 1.4309 1.4860 80 200 120
2.5863 -1.7997 2.8646 80 200 120
-2.1965 -3.1681 3.2086 80 200 120
-2.7571 -5.0322 2.7777 80 200 120
-3.4505 -1.3532 2.1516 80 200 120
-2.1498 -5.0203 2.5338 80 200 120
-2.2017 -2.6093 3.1743 80 200 120
-3.2389 -3.0449 1.6780 80 200 120
-2.8481 -3.5770 1.5310 80 200 120
-3.4726 -2.4302 2.2381 80 200 120
-0.5249 -1.6657 0.8484 80 200 120
1.6975 -2.7436 0.6348 80 200 120
-0.4403 -3.0909 0.3824 80 200 120
-0.4909 -2.7866 -0.0252 80 200 120
-2.3602 -3.0772 -0.0637 80 200 120
-2.1279 -1.8325 0.0828 80 200 120
-2.4350 -3.7952 1.4283 80 200 120
-2.3662 -1.8945 0.0719 80 200 120
-2.8024 -3.9471 1.4180 80 200 120
-2.7691 -2.6938 0.8465 80 200 120
3.1255 0.9443 -0.2990 80 200 120
-2.4865 -4.1432 0.4263 80 200 120
1.7059 -0.6662 0.4327 80 200 120
2.8797 -0.9142 -0.4121 80 200 120
3.8622 2.4105 0.3383 80 200 120
1.9242 1.0084 -0.0658 80 200 120
2.5518 0.8036 -0.0766 80 200 120
5.6203 4.6770 0.0273 80 200 120
3.3481 1.7506 -0.1619 80 200 120
3.9243 3.0437 0.2996 80 200 120
1.0772 0.4785 0.0395 80 200 120
0.5349 0.1299 0.0280 80 200 120
-2.3956 -1.5556 0.0000 80 200 120
-0.5013 -2.2272 0.0358 80 200 120
-2.2720 -1.2369 0.2588 80 200 120
-0.5366 -2.5618 0.1948 80 200 120
1.2749 -5.4345 1.3743 80 200 120
2.8741 -1.5537 2.5983 80 200 120
0.3633 -2.4904 3.1525 80 200 120
0.9582 -2.1789 3.2501 80 200 120
1.8392 -2.5569 2.3775 80 200 120
0.3873 -2.5358 2.9764 80 200 120
0.3465 -2.5055 2.6336 80 200 120
2.1122 4.8816 0.8605 80 200 120
-3.3386 5.5715 1.8631 80 200 120
1.3055 4.9914 0.0721 80 200 120
-1.4923 2.8163 -0.3123 80 200 120
-1.2112 0.2098 2.8329 80 200 120
-3.4786 -3.3185 2.8054 80 200 120
-3.5759 -3.8022 2.6158 80 200 120
-3.3396 -2.6129 3.1464 80 200 120
-3.4250 -2.9602 3.1596 80 200 120
-2.1079 -0.2449 3.1680 80 200 120
-2.3337 -2.6510 0.1161 80 200 120
-2.6176 -2.3878 0.0399 80 200 120
0.1709 -3.8576 -0.0733 80 200 120
0.6611 -2.6765 1.4709 80 200 120
1.7333 -1.6331 -0.2315 80 200 120
-0.5402 -2.7028 1.2583 80 200 120
-3.2914 -2.1959 1.2146 80 200 120
-2.3624 -3.5582 0.0080 80 200 120
-2.4754 -4.0924 0.9287 80 200 120
-2.5735 -2.6342 1.2525 80 200 120
1.1383 -1.9486 0.3205 80 200 120
-2.6257 -2.6708 0.6204 80 200 120
-2.4075 -2.8963 1.5117 80 200 120
0.4210 -2.3745 1.0363 80 200 120
-3.6641 5.7583 1.1047 80 200 120
1.9688 2.2857 0.6692 80 200 120
-0.5271 -2.7930 0.0828 80 200 120
1.0358 0.4882 0.2353 80 200 120
5.2962 4.6014 0.4472 80 200 120
3.4232 2.7760 -0.2453 80 200 120
4.9703 4.7126 0.2167 80 200 120
1.4678 1.0888 0.1100 80 200 120
2.8995 0.9270 0.2936 80 200 120
3.9662 4.3249 0.4066 80 200 120
-0.7939 1.6009 0.8447 80 200 120
-1.6394 2.4711 0.8036 80 200 120
-0.4526 -1.9564 -0.0343 80 200 120
0.3890 -4.6209 3.1602 80 200 120
0.4954 -2.6451 3.1728 80 200 120
4.0098 -3.9940 0.2298 80 200 120
3.5873 -3.3890 0.7914 80 200 120
-0.4110 -5.1275 2.3504 80 200 120
5.0500 -5.6951 -0.2884 80 200 120
3.2356 -0.7579 2.8358 80 200 120
2.5750 -0.0949 0.6989 80 200 120
0.0153 3.0471 1.8030 80 200 120
-0.5831 1.0914 0.7249 80 200 120
-2.0329 2.3340 0.1142 80 200 120
-4.7760 6.3527 0.8222 80 200 120
-0.9490 1.8309 0.6420 80 200 120
3.6400 -0.0165 0.9132 80 200 120
0.0754 2.3528 0.0603 80 200 120
-2.9950 1.7749 0.9883 80 200 120
-3.5679 -3.0132 2.6224 80 200 120
-3.4883 -2.6630 2.2569 80 200 120
-1.3284 -4.1283 3.1840 80 200 120
-3.5327 -4.2641 1.7746 80 200 120
-3.6346 0.2160 2.1562 80 200 120
-3.5309 -2.7373 1.4905 80 200 120
-1.4312 -5.0408 2.8164 80 200 120
-3.4506 -2.1115 2.1786 80 200 120
-2.9502 1.2325 3.1951 80 200 120
-3.1728 -4.6614 1.2540 80 200 120
-3.6589 1.0907 2.4785 80 200 120
0.0499 -4.6924 0.2806 80 200 120
0.4140 -4.7103 0.2759 80 200 120
-0.9155 -4.2149 0.0213 80 200 120
-0.4442 -1.7260 -0.1607 80 200 120
-2.2272 -1.3972 0.3973 80 200 120
-2.3998 -1.8579 0.0751 80 200 120
-2.3966 -1.5956 0.0326 80 200 120
-0.5998 -2.4162 0.4955 80 200 120
-2.2820 -2.6510 1.5231 80 200 120
3.5423 -3.5316 0.0118 80 200 120
0.3075 0.7537 0.8604 80 200 120
-2.5017 -2.1885 -0.1747 80 200 120
-3.2016 0.7081 -0.1496 80 200 120
-4.0087 6.4571 3.3560 80 200 120
-0.5412 -0.7527 -0.0268 80 200 120
-0.2311 -3.1549 0.6028 80 200 120
-2.6598 -3.7614 1.5837 80 200 120
2.7251 -0.4957 -0.2171 80 200 120
5.1987 1.6380 -2.1116 80 200 120
0.9139 0.4262 0.4359 80 200 120
2.0369 1.3901 -0.0532 80 200 120
-0.1892 2.0920 -0.1407 80 200 120
-0.5330 2.4497 1.3049 80 200 120
2.0939 -4.9482 0.0348 80 200 120
-2.4438 -1.7284 -0.0679 80 200 120
-2.5785 1.7051 0.1303 80 200 120
2.7736 -0.5884 3.0525 80 200 120
1.6318 -0.9710 2.8617 80 200 120
1.3838 -4.7685 1.1070 80 200 120
0.9671 -2.1986 3.2465 80 200 120
-0.0194 -4.8313 3.1496 80 200 120
-0.4815 -5.0213 2.1817 80 200 120
-0.3856 3.0080 1.0711 80 200 120
-0.7895 1.8649 1.0056 80 200 120
-2.8865 6.1800 -0.4667 80 200 120
-3.6865 -2.9163 1.2714 80 200 120
-3.5226 -3.6024 2.0911 80 200 120
-1.0505 -4.9195 3.1584 80 200 120
-1.2041 -3.7373 3.2192 80 200 120
-2.3015 -5.0195 2.7562 80 200 120
-0.5273 -2.1201 0.1856 80 200 120
0.4906 -4.2845 0.1435 80 200 120
-2.5257 -2.2522 1.2745 80 200 120
-2.3642 -3.2556 1.4234 80 200 120
-2.3985 -2.9957 0.6728 80 200 120
-2.4671 -0.9738 0.4252 80 200 120
-0.4490 -1.8830 -0.1591 80 200 120
0.3650 -1.5959 1.6589 80 200 120
0.3514 0.1772 0.9766 80 200 120
0.8562 0.3608 0.3381 80 200 120
0.9863 0.6668 0.4677 80 200 120
2.4380 -0.2617 -0.0259 80 200 120
-1.2191 1.8651 1.1005 80 200 120
-2.2771 -1.2436 0.2234 80 200 120
0.8095 -4.9901 3.0569 80 200 120
1.1434 -4.9496 2.4872 80 200 120
-0.8232 -5.0172 2.8893 80 200 120
3.1399 -1.1275 2.4077 80 200 120
-1.5539 -4.9385 3.1567 80 200 120
2.8987 3.1504 2.9614 80 200 120
0.6739 2.1918 3.0749 80 200 120
1.8250 2.4796 3.0684 80 200 120
3.0188 3.0214 2.0644 80 200 120
1.1471 3.5851 2.8859 80 200 120
-1.2672 1.8163 0.6907 80 200 120
-5.3013 6.9952 1.8775 80 200 120
-0.2463 2.8742 0.6493 80 200 120
2.8892 0.6422 0.6182 80 200 120
-1.3303 2.3192 3.0972 80 200 120
1.7234 3.6742 0.3282 80 200 120
-0.9781 1.1105 0.9416 80 200 120
-2.3472 -4.9596 2.5725 80 200 120
-2.5307 -4.9858 2.1644 80 200 120
-3.3400 -3.2947 3.1893 80 200 120
-0.2388 -3.2414 0.3375 80 200 120
-0.4747 -5.0411 0.0094 80 200 120
-0.7520 -2.6470 0.9165 80 200 120
-0.5772 -2.7770 0.3815 80 200 120
-2.5746 -2.6269 1.2393 80 200 120
-3.3728 -5.0540 3.1775 80 200 120
-2.3300 -2.1750 1.3794 80 200 120
-2.5518 -2.6586 0.6784 80 200 120
2.2992 0.1519 0.0460 80 200 120
-0.5278 -2.2080 0.0592 80 200 120
2.1085 -1.6955 -0.5642 80 200 120
1.8605 -1.4322 -0.2564 80 200 120
2.3168 2.7045 0.5187 80 200 120
-2.3939 -4.0329 0.6046 80 200 120
-2.7205 -1.6646 1.3575 80 200 120
0.7035 -1.3600 0.7322 80 200 120
2.9705 1.3390 -0.0837 80 200 120
2.3636 0.8687 -0.1078 80 200 120
2.2766 -0.7863 -0.0029 80 200 120
3.2310 -0.1240 0.6894 80 200 120
1.3387 -2.2756 1.0315 80 200 120
-1.6610 0.9253 -0.0102 80 200 120
-0.4746 -2.5346 -0.0713 80 200 120
0.7921 -4.7093 3.0698 80 200 120
0.5049 -4.9610 2.6580 80 200 120
0.7280 -4.7518 2.5036 80 200 120
-0.1459 -4.6052 2.7242 80 200 120
0.4687 -5.0017 2.9747 80 200 120
-0.8769 -5.1716 2.6314 80 200 120
0.5878 -4.9161 1.2450 80 200 120
1.3651 -4.7970 1.1314 80 200 120
1.1168 -5.2033 1.4880 80 200 120
-0.4776 -5.0172 2.1806 80 200 120
3.0063 -5.3269 2.6928 80 200 120
-2.1293 -4.9629 3.1614 80 200 120
3.2338 3.1250 2.7188 80 200 120
-2.9874 0.8471 3.0347 80 200 120
2.1623 2.4710 0.1442 80 200 120
0.2445 1.2877 0.6758 80 200 120
0.8129 1.3710 0.7367 80 200 120
0.6289 -2.3135 3.1377 80 200 120
0.3840 2.3857 -0.2623 80 200 120
-0.0681 0.0766 1.0185 80 200 120
1.7385 1.4042 0.0405 80 200 120
2.2084 -2.6971 2.7300 80 200 120
-1.8862 -4.9738 3.2265 80 200 120
-3.7534 2.1366 2.7860 80 200 120
-3.1782 1.5748 3.0672 80 200 120
-1.9301 -4.9533 2.4303 80 200 120
-1.4213 -5.0207 2.7402 80 200 120
-3.4886 -4.5974 1.5961 80 200 120
-3.4414 -1.2915 2.7582 80 200 120
-3.5815 -3.8518 1.6216 80 200 120
-2.1450 -4.7278 2.1903 80 200 120
-3.1594 -5.0075 2.9414 80 200 120
-1.2743 -4.7944 2.7810 80 200 120
-2.3356 -2.8129 0.8547 80 200 120
1.0648 -4.8221 -0.0056 80 200 120
-0.6694 -2.4625 0.6463 80 200 120
0.5741 -2.3560 0.9074 80 200 120
-0.3414 -1.1748 0.1959 80 200 120
-2.9004 1.1649 0.8943 80 200 120
3.3817 2.0814 0.0641 80 200 120
0.5451 -0.9312 0.2050 80 200 120
-2.3325 -3.6407 0.1356 80 200 120
-0.6227 -2.6364 0.3924 80 200 120
2.3099 -0.2870 -0.0356 80 200 120
-3.3958 4.0471 3.0915 80 200 120
-2.3806 -3.2598 1.4331 80 200 120
1.4253 0.8375 -0.0817 80 200 120
1.7151 0.5440 -0.1315 80 200 120
1.4668 0.7202 -0.1002 80 200 120
2.5575 -0.5609 0.5219 80 200 120
2.6282 -0.7148 0.4728 80 200 120
0.2496 0.9087 0.9136 80 200 120
-0.0697 0.6198 0.3428 80 200 120
0.5294 -2.3445 0.9691 80 200 120
-3.3982 1.0276 -0.4134 80 200 120
-1.2748 2.1402 0.9690 80 200 120
1.2009 -4.8243 3.0920 80 200 120
0.9735 -5.1165 2.7334 80 200 120
1.0145 -2.2026 3.2260 80 200 120
0.3682 -2.4670 3.1299 80 200 120
4.9189 -5.6094 -0.2250 80 200 120
0.4168 -2.5194 2.9918 80 200 120
-1.4117 -4.9797 2.8249 80 200 120
3.3021 -0.4253 3.1290 80 200 120
0.5119 -4.9946 1.9646 80 200 120
1.8094 4.0286 2.8382 80 200 120
-0.2953 2.2693 0.4213 80 200 120
1.5872 -2.7049 3.0719 80 200 120
-2.4280 4.9259 -0.0339 80 200 120
1.5836 4.6732 0.0417 80 200 120
-1.2572 1.7566 0.7458 80 200 120
-1.3006 0.4777 0.9651 80 200 120
-3.2670 3.0032 3.1127 80 200 120
-3.0286 -4.9976 1.7443 80 200 120
-2.9012 -4.9513 2.0869 80 200 120
-1.4163 -5.0435 2.9209 80 200 120
-2.4783 -1.5965 1.4653 80 200 120
-2.9092 -1.6322 1.5043 80 200 120
-2.4837 -4.1667 0.6458 80 200 120
-3.5489 -4.9633 1.0508 80 200 120
1.8625 -5.2020 -0.1687 80 200 120
1.1608 -2.6656 0.6618 80 200 120
-2.4369 -2.0056 1.2864 80 200 120
-2.6228 -1.7162 1.3538 80 200 120
-0.8256 -2.6792 1.0624 80 200 120
0.3879 -2.1650 1.0256 80 200 120
-2.4187 -1.0453 0.2481 80 200 120
-2.2871 -1.6491 1.4496 80 200 120
-3.0075 1.7684 0.7786 80 200 120
-1.1713 1.2277 0.9018 80 200 120
-2.3693 -2.6282 0.1756 80 200 120
0.5142 0.1821 0.0078 80 200 120
-0.7112 1.0742 -0.0287 80 200 120
-0.2712 -3.1408 -0.8092 80 200 120
2.8953 0.6208 0.3041 80 200 120
-2.3576 -3.9598 0.0682 80 200 120
-2.3478 -3.2895 0.0394 80 200 120
-2.4238 -4.0428 0.7273 80 200 120
2.2029 -0.7444 0.1392 80 200 120
3.9131 1.5921 0.2508 80 200 120
-2.4762 -1.4583 1.2783 80 200 120
-0.6290 -2.4453 0.4180 80 200 120
-0.1784 -3.1590 0.5236 80 200 120
0.6864 -1.8873 0.7759 80 200 120
-2.8367 -3.2922 1.4650 80 200 120
1.9191 0.1300 -0.0817 80 200 120
2.4803 2.3465 -0.2075 80 200 120
1.9114 0.4799 -0.1168 80 200 120
2.6243 -1.2422 -0.3504 80 200 120
1.4165 0.3018 -0.0463 80 200 120
0.2618 0.0221 1.0016 80 200 120
2.7882 -0.6564 0.7245 80 200 120
-0.7002 -2.7185 0.8490 80 200 120
-2.2566 -2.6538 0.2387 80 200 120
-2.6593 -2.3017 0.0595 80 200 120
-2.4472 -2.2601 -0.0402 80 200 120
-0.8782 -2.6086 1.4682 80 200 120
-2.4514 -4.0558 -0.1345 80 200 120
2.7988 3.7437 3.0288 80 200 120
1.3041 -2.6476 3.1965 80 200 120
1.5000 -5.0335 2.1844 80 200 120
1.3467 -4.9412 2.7030 80 200 120
0.5166 -2.4658 2.6415 80 200 120
1.7179 -3.3119 3.1654 80 200 120
-0.5689 -5.3365 1.8087 80 200 120
1.5361 -4.8804 1.0229 80 200 120
2.4981 -1.3709 3.0759 80 200 120
-0.1709 -5.0384 1.5697 80 200 120
2.6453 1.8480 2.9848 80 200 120
0.8317 3.9937 2.0654 80 200 120
0.2812 2.6708 2.8586 80 200 120
0.7700 2.6297 2.9622 80 200 120
1.9908 3.1477 2.9035 80 200 120
2.9369 1.5680 2.9473 80 200 120
0.0623 1.9619 3.0489 80 200 120
0.4288 3.4166 2.6244 80 200 120
2.8980 5.1348 2.3030 80 200 120
2.0764 2.2761 3.0911 80 200 120
2.6651 2.2499 2.9420 80 200 120
3.2875 2.5094 2.5924 80 200 120
0.1830 2.3389 2.9566 80 200 120
2.3415 1.0654 3.1676 80 200 120
1.3778 4.6628 2.4818 80 200 120
1.3745 3.2238 3.0049 80 200 120
1.5215 4.7370 1.9532 80 200 120
1.4668 3.0650 3.0421 80 200 120
2.3871 4.9364 1.9165 80 200 120
0.6517 1.7533 3.0655 80 200 120
1.6225 2.8352 2.9909 80 200 120
2.6996 4.8869 2.8071 80 200 120
2.2521 1.8948 3.0660 80 200 120
2.4024 1.4393 3.1289 80 200 120
1.5149 2.2163 3.0934 80 200 120
0.5829 2.9972 2.8843 80 200 120
2.5055 3.1252 2.9483 80 200 120
2.9876 1.7568 2.7433 80 200 120
0.0721 0.2652 1.0174 80 200 120
-2.7718 1.2568 1.0808 80 200 120
-0.1799 4.8086 1.6462 80 200 120
0.8815 1.0281 0.5103 80 200 120
-2.0567 6.4071 -0.4183 80 200 120
1.8964 4.0570 0.2010 80 200 120
1.8561 2.6128 0.6791 80 200 120
3.2949 -0.2275 1.0158 80 200 120
-3.5106 -2.7124 1.5520 80 200 120
-1.5849 -0.8070 3.1968 80 200 120
-3.4335 -1.0959 2.9488 80 200 120
-2.8297 -5.0135 2.3566 80 200 120
-3.3593 -0.4193 2.7185 80 200 120
-2.6769 -4.3416 3.2289 80 200 120
0.9641 -4.0883 0.3631 80 200 120
-1.9336 -4.1525 0.0405 80 200 120
1.0270 -3.8352 0.0423 80 200 120
-2.5712 -4.0785 1.3933 80 200 120
-2.9621 -1.8565 1.3240 80 200 120
-3.2581 -1.7850 1.3322 80 200 120
-2.1520 -1.4180 1.0927 80 200 120
-3.1362 -2.2766 1.2457 80 200 120
-2.9572 2.2871 0.5181 80 200 120
-3.5161 2.3217 1.1100 80 200 120
2.3426 -0.2194 0.7133 80 200 120
2.1193 -1.2431 0.1399 80 200 120
3.1901 -1.4471 -0.3755 80 200 120
-2.9935 -1.8341 1.3391 80 200 120
-2.5038 -2.9445 1.4862 80 200 120
3.4309 2.3443 0.0411 80 200 120
2.2163 1.0137 -0.0440 80 200 120
1.9080 0.3225 -0.1398 80 200 120
2.8910 -0.3391 0.6687 80 200 120
-2.3920 -1.3774 0.0456 80 200 120
-3.2807 0.8416 -0.2832 80 200 120
-2.3428 -1.1682 0.1528 80 200 120
-2.7908 0.6369 -0.1509 80 200 120
1.7077 -5.0536 1.8549 80 200 120
1.5034 -4.7149 3.0997 80 200 120
2.0833 -5.0891 2.7689 80 200 120
2.2677 -5.1671 2.3502 80 200 120
3.7056 -2.7824 2.7826 80 200 120
2.1510 -4.8921 0.8859 80 200 120
-1.9845 -4.9640 3.1792 80 200 120
3.1699 -4.7798 0.5641 80 200 120
2.7520 -1.4908 2.8407 80 200 120
2.0790 -2.6156 2.4595 80 200 120
-1.5775 -4.9853 3.0935 80 200 120
-1.3211 -5.1684 2.1613 80 200 120
-3.2710 2.2760 3.0021 80 200 120
-3.4139 -4.7401 1.7362 80 200 120
-3.5507 -1.0635 2.1225 80 200 120
-3.3516 -4.7896 2.5316 80 200 120
-3.6026 -2.1831 1.4693 80 200 120
-1.3583 -4.8305 3.1181 80 200 120
-1.6745 -4.9651 2.9319 80 200 120
1.7101 -4.7318 0.3480 80 200 120
1.3317 -4.3512 0.3487 80 200 120
0.5734 -3.2460 0.7129 80 200 120
-2.5221 -1.6422 1.2195 80 200 120
-2.5357 -3.2989 1.4675 80 200 120
-3.2571 -4.9015 3.1382 80 200 120
0.3651 -2.2005 1.0524 80 200 120
-0.2908 -1.0525 0.0194 80 200 120
0.2691 0.0715 0.8535 80 200 120
0.2034 0.3653 0.9473 80 200 120
-2.4282 -1.4902 0.0699 80 200 120
-2.6774 -1.9946 1.2843 80 200 120
-2.5550 -1.6612 -0.1981 80 200 120
-2.4295 -1.4108 0.9435 80 200 120
-3.1700 0.2302 0.1855 80 200 120
-2.8911 -3.9121 1.4656 80 200 120
-0.7208 -2.6586 0.7045 80 200 120
2.6225 0.3014 0.2039 80 200 120
0.9105 0.2937 0.2246 80 200 120
3.3703 1.9667 0.0313 80 200 120
1.5062 0.0758 -0.0724 80 200 120
1.8192 -0.3046 -0.0736 80 200 120
0.6786 3.0486 0.2568 80 200 120
3.5071 0.3733 1.8531 80 200 120
3.3647 0.4756 2.1772 80 200 120
-1.2638 2.0085 1.0309 80 200 120
-2.3500 -2.6438 0.0359 80 200 120
-2.6325 1.8938 0.0221 80 200 120
-4.3617 1.5886 -2.7263 80 200 120
-2.6888 -2.2844 0.0233 80 200 120
2.0774 -4.7772 3.0722 80 200 120
2.6203 -1.8436 3.2746 80 200 120
-2.1496 -4.8904 3.1786 80 200 120
-0.9067 -4.9721 3.1847 80 200 120
-1.7409 -4.9311 3.1762 80 200 120
-1.9584 -4.9955 2.4511 80 200 120
2.6158 0.8824 3.1475 80 200 120
1.9323 2.1639 0.3198 80 200 120
0.6250 -2.6382 3.2225 80 200 120
2.5246 -2.0235 3.0664 80 200 120
1.6685 -2.7131 3.0949 80 200 120
0.5252 -2.4255 2.7361 80 200 120
1.0111 -2.2414 3.1539 80 200 120
0.2841 2.0904 -0.1475 80 200 120
2.3358 -2.6914 2.4560 80 200 120
-3.5344 -4.2150 2.2950 80 200 120
-3.4605 -0.2167 2.2760 80 200 120
-3.5074 -0.8415 2.1050 80 200 120
-3.5312 -0.7266 1.7855 80 200 120
-3.7046 1.1772 2.4949 80 200 120
-0.5515 -4.9052 1.4084 80 200 120
3.3012 -4.8381 0.0834 80 200 120
1.9109 -4.3066 -0.2360 80 200 120
-1.7459 -3.3731 0.0481 80 200 120
2.2664 -2.6754 -0.1295 80 200 120
-2.6904 -2.0144 1.3088 80 200 120
-2.4985 -2.9550 1.4806 80 200 120
-1.7567 2.6175 0.0953 80 200 120
1.5869 1.9367 -0.8231 80 200 120
0.0936 -3.3184 -1.9309 80 200 120
0.2437 -3.3829 -0.2456 80 200 120
0.1640 -2.6233 1.2806 80 200 120
0.2693 -2.2207 1.1289 80 200 120
-2.3695 -3.9494 0.5062 80 200 120
2.3410 -0.5511 0.5397 80 200 120
2.4980 0.5648 -0.0911 80 200 120
1.2499 0.3517 -0.0177 80 200 120
-2.2508 -1.2983 0.3538 80 200 120
-2.3514 -1.1090 1.0157 80 200 120
-2.3567 -3.3216 0.0187 80 200 120
1.1243 -5.0243 2.7380 80 200 120
1.3773 -4.8360 2.4599 80 200 120
1.8983 -4.7337 1.0124 80 200 120
2.3214 -2.6237 2.1588 80 200 120
0.3538 -2.4711 3.1486 80 200 120
2.8020 -1.4487 2.8674 80 200 120
-2.5713 -4.4601 3.0705 80 200 120
1.9502 -5.3032 0.9003 80 200 120
1.8995 5.0297 1.6146 80 200 120
0.3861 1.5972 0.4741 80 200 120
3.0978 1.8411 0.2823 80 200 120
0.1057 0.3210 0.8862 80 200 120
1.4137 4.9893 0.0270 80 200 120
-3.2651 0.3664 3.0519 80 200 120
-3.5379 -1.7925 2.5946 80 200 120
-3.9844 2.2724 2.0945 80 200 120
-3.7359 1.1788 2.0848 80 200 120
-3.4957 -1.8682 1.6450 80 200 120
-3.6479 -3.9560 1.8344 80 200 120
-3.0524 2.1010 3.0985 80 200 120
-3.1931 -3.4140 1.7102 80 200 120
-2.4509 -5.1232 2.4972 80 200 120
-2.9290 0.1946 3.2548 80 200 120
-3.5037 -2.9400 2.2930 80 200 120
-3.5882 -3.2892 1.6814 80 200 120
-3.4277 -1.6144 1.8250 80 200 120
-2.5805 -1.1943 1.3538 80 200 120
-1.4319 -3.5570 -0.0142 80 200 120
0.5076 -2.3613 0.9453 80 200 120
-3.2564 -1.2918 1.3491 80 200 120
-3.8976 2.5740 0.9754 80 200 120
-3.0799 -2.4986 0.4899 80 200 120
-2.5124 -3.5847 1.7770 80 200 120
-2.7116 -3.0468 1.5755 80 200 120
-2.4892 -2.9272 1.5073 80 200 120
0.6187 -1.4400 0.7615 80 200 120
-2.3831 -4.2442 0.7605 80 200 120
-2.3125 -3.2054 1.5128 80 200 120
0.4556 -1.9375 0.9564 80 200 120
2.7816 -1.2888 0.3449 80 200 120
2.6982 0.0549 -0.0293 80 200 120
2.5160 0.3520 -0.1158 80 200 120
2.2617 0.6014 -0.1412 80 200 120
1.2497 -0.3771 0.0600 80 200 120
2.8174 -0.8664 0.4201 80 200 120
3.4575 -0.8320 0.8815 80 200 120
0.1333 2.8032 0.2760 80 200 120
-0.6381 1.3462 -0.1577 80 200 120
-0.9848 0.0872 -0.0363 80 200 120
-3.3315 0.9629 -0.4175 80 200 120
-0.5235 -2.5948 0.0756 80 200 120
-1.3175 1.3784 0.2998 80 200 120
-2.3205 -1.5984 0.1373 80 200 120
-2.0906 -2.8981 0.5588 80 200 120
2.4070 -4.7577 3.0980 80 200 120
2.6474 -4.6266 3.0370 80 200 120
1.2573 -3.9386 3.2221 80 200 120
3.4039 -4.9762 2.8085 80 200 120
-0.4342 -4.8568 3.1505 80 200 120
3.2356 -4.8622 0.9487 80 200 120
-1.5219 -4.9159 3.1611 80 200 120
0.0730 -5.0564 2.7623 80 200 120
0.5388 -5.0656 1.5194 80 200 120
2.6917 1.8323 1.7190 80 200 120
3.2547 5.5853 0.8668 80 200 120
-1.5647 4.2158 2.4238 80 200 120
0.5445 -2.6377 3.2023 80 200 120
3.5812 -1.2402 2.3397 80 200 120
2.3684 0.2066 0.5875 80 200 120
2.5411 2.2297 0.5895 80 200 120
2.5451 -3.0971 3.0828 80 200 120
2.7704 1.0179 0.2984 80 200 120
2.8053 -1.7172 2.9603 80 200 120
1.9739 2.2382 0.2823 80 200 120
1.7507 3.7416 0.3407 80 200 120
1.2526 2.1354 0.4093 80 200 120
-0.4323 2.8009 1.1837 80 200 120
-1.4860 5.0900 -0.0060 80 200 120
-3.6486 -3.8930 1.5632 80 200 120
-3.6906 -4.3571 1.7289 80 200 120
-2.8117 -4.9790 2.5854 80 200 120
-3.5671 -1.8744 2.8517 80 200 120
-2.3766 -3.9295 1.3517 80 200 120
0.1536 -3.0243 1.0829 80 200 120
1.7426 -4.4011 0.6654 80 200 120
2.4831 -5.1929 0.2977 80 200 120
-0.3763 -3.2973 0.7559 80 200 120
1.9627 -4.0621 0.1698 80 200 120
0.4089 -2.6406 1.0643 80 200 120
0.0867 -2.2823 1.3121 80 200 120
-3.0134 -0.1096 -0.5277 80 200 120
3.1398 -3.4566 0.1865 80 200 120
2.3506 -1.5743 0.6932 80 200 120
2.5152 -1.2507 0.0760 80 200 120
2.1020 -1.1807 0.7445 80 200 120
-0.4176 -2.5907 1.8229 80 200 120
-0.6197 -2.2108 0.3336 80 200 120
2.9056 -0.3577 -0.3603 80 200 120
1.8586 -2.0239 0.8978 80 200 120
1.4527 -2.0554 0.6445 80 200 120
1.8153 -0.8584 0.3825 80 200 120
1.8334 0.4267 0.0579 80 200 120
1.5474 0.8183 0.0555 80 200 120
2.7108 -0.9505 0.8302 80 200 120
1.9098 -1.0339 0.1256 80 200 120
1.9703 -1.6724 -0.0188 80 200 120
1.5804 -2.1594 1.2980 80 200 120
1.7108 3.7731 0.4236 80 200 120
0.7554 -2.3098 0.8523 80 200 120
-2.3289 -2.6544 0.0778 80 200 120
-2.7724 0.6976 -0.1636 80 200 120
-2.2439 2.8342 0.3099 80 200 120
0.5846 -4.5473 3.1729 80 200 120
1.6359 -3.8551 3.2308 80 200 120
0.4732 -2.5088 2.9972 80 200 120
-1.4156 -5.0473 2.8198 80 200 120
0.4699 -2.4704 2.6305 80 200 120
0.6624 -4.9548 1.2082 80 200 120
-0.1383 -4.8813 2.2869 80 200 120
-2.5848 -4.8347 3.1558 80 200 120
-2.1198 -4.8841 3.1662 80 200 120
3.5927 2.9152 2.1751 80 200 120
3.7072 3.9394 1.7122 80 200 120
3.4104 1.0756 2.8745 80 200 120
2.7186 0.8806 3.0027 80 200 120
3.0340 0.7716 3.0409 80 200 120
-0.6133 1.3351 0.8333 80 200 120
2.0377 8.5414 -2.0313 80 200 120
2.0701 1.3274 -0.1156 80 200 120
-2.1817 6.7105 -0.5870 80 200 120
0.2014 2.8524 -0.2234 80 200 120
1.0110 1.2918 0.4224 80 200 120
-3.5655 -3.4336 1.8237 80 200 120
-3.2250 -2.7835 3.1827 80 200 120
-3.2727 -5.0654 2.0574 80 200 120
-1.8802 -4.7358 3.1558 80 200 120
-2.4025 -3.1190 0.7152 80 200 120
-2.5061 -3.0153 0.2494 80 200 120
2.5403 -4.1130 0.4935 80 200 120
-0.7354 -2.9538 0.1370 80 200 120
1.8315 -4.2752 0.3945 80 200 120
-3.3034 -4.9364 3.1501 80 200 120
-0.2043 -0.8842 -0.2254 80 200 120
-0.0182 -2.7111 1.1017 80 200 120
-2.6325 -1.5558 1.3679 80 200 120
-3.3883 -1.7374 1.2302 80 200 120
-2.4055 -1.0631 1.0570 80 200 120
-0.5165 -2.4233 0.0840 80 200 120
-2.2275 0.4221 -0.1575 80 200 120
-0.6242 2.2432 0.9043 80 200 120
-0.3320 2.6341 1.0775 80 200 120
-0.6837 2.8256 1.2070 80 200 120
-2.2115 1.4020 -0.1476 80 200 120
-1.2537 3.7327 1.0206 80 200 120
-2.4343 -3.1987 -0.1410 80 200 120
-2.5755 -4.1808 1.1890 80 200 120
2.4488 0.2800 -0.1055 80 200 120
-2.3770 -4.0258 1.0976 80 200 120
0.3867 0.0511 0.4310 80 200 120
-1.9916 0.6507 -0.0039 80 200 120
-2.2999 -1.6436 0.1964 80 200 120
-2.2054 -1.3540 0.6244 80 200 120
-3.1804 0.6773 -0.1784 80 200 120
