t,tracked,n_obs0,n_obs1,mean0,ms,keyframe,n_landmarks,allobs
1700000000.000000,0,0,0,115.31,2.56,0,0,0/0/0/0/0/0
1700000000.050000,0,0,0,115.25,1.86,0,0,0/0/0/0/0/0
1700000000.100000,0,0,0,115.18,2.08,0,0,0/0/0/0/0/0
1700000000.150000,0,0,0,115.14,1.85,0,0,0/0/0/0/0/0
1700000000.200000,0,0,0,115.10,1.82,0,0,0/0/0/0/0/0
1700000000.250000,0,0,0,115.04,1.76,0,0,0/0/0/0/0/0
1700000000.300000,0,0,0,115.01,1.81,0,0,0/0/0/0/0/0
1700000000.350000,0,0,0,114.99,1.74,0,0,0/0/0/0/0/0
1700000000.400000,0,0,0,114.98,1.76,0,0,0/0/0/0/0/0
1700000000.450000,0,0,0,114.96,1.76,0,0,0/0/0/0/0/0
1700000000.500000,0,0,0,114.96,1.76,0,0,0/0/0/0/0/0
1700000000.550000,0,0,0,114.97,1.76,0,0,0/0/0/0/0/0
1700000000.600000,0,0,0,114.95,1.81,0,0,0/0/0/0/0/0
1700000000.650000,0,0,0,114.96,1.83,0,0,0/0/0/0/0/0
1700000000.700000,0,0,0,114.93,1.79,0,0,0/0/0/0/0/0
1700000000.750000,0,0,0,114.93,1.75,0,0,0/0/0/0/0/0
1700000000.800000,0,0,0,114.91,1.75,0,0,0/0/0/0/0/0
1700000000.850000,0,0,0,114.88,1.78,0,0,0/0/0/0/0/0
1700000000.900000,1,300,300,114.86,29.93,1,0,300/300/300/300/300/300
1700000000.950000,1,300,300,114.83,39.86,0,0,300/300/300/300/300/300
1700000001.000000,1,300,300,114.79,39.45,0,0,300/300/300/300/300/300
1700000001.050000,1,300,300,114.75,58.36,1,187,300/300/300/300/300/300
1700000001.100000,1,300,300,114.65,40.09,0,187,300/300/300/300/300/300
1700000001.150000,1,300,300,114.57,40.30,0,187,300/300/300/300/300/300
1700000001.200000,1,300,300,114.49,64.83,1,340,300/300/300/300/300/300
1700000001.250000,1,300,300,114.37,45.11,0,340,300/300/300/300/300/300
1700000001.300000,1,300,300,114.26,43.47,0,340,300/300/300/300/300/300
1700000001.350000,1,300,300,114.15,78.94,1,439,300/300/300/300/300/300
1700000001.400000,1,300,300,114.03,42.88,0,439,300/300/300/300/300/300
1700000001.450000,1,300,300,113.93,42.18,0,439,300/300/300/300/300/300
1700000001.500000,1,300,300,113.83,88.43,1,468,300/300/300/300/300/300
1700000001.550000,1,300,300,113.74,41.48,0,468,300/300/300/300/300/300
1700000001.600000,1,300,300,113.69,41.88,0,468,300/300/300/300/300/300
1700000001.650000,1,300,300,113.62,86.02,1,470,300/300/300/300/300/300
1700000001.700000,1,300,300,113.58,39.49,0,470,300/300/300/300/300/300
1700000001.750000,1,300,300,113.56,39.20,0,470,300/300/300/300/300/300
1700000001.800000,1,300,300,113.55,90.35,1,515,300/300/300/300/300/300
1700000001.850000,1,300,300,113.58,40.68,0,515,300/300/300/300/300/300
1700000001.900000,1,300,300,113.62,40.00,0,515,300/300/300/300/300/300
1700000001.950000,1,300,300,113.67,109.14,1,550,300/300/300/300/300/300
1700000002.000000,1,300,300,113.72,42.10,0,550,300/300/300/300/300/300
1700000002.050000,1,300,300,113.81,40.80,0,550,300/300/300/300/300/300
1700000002.100000,1,300,300,113.90,98.86,1,476,300/300/300/300/300/300
1700000002.150000,1,300,300,113.98,42.38,0,476,300/300/300/300/300/300
1700000002.200000,1,300,300,114.07,43.90,0,476,300/300/300/300/300/300
1700000002.250000,1,300,300,114.16,99.39,1,537,300/300/300/300/300/300
1700000002.300000,1,300,300,114.23,43.22,0,537,300/300/300/300/300/300
1700000002.350000,1,300,300,114.25,43.86,0,537,300/300/300/300/300/300
1700000002.400000,1,300,300,114.30,109.01,1,753,300/300/300/300/300/300
1700000002.450000,1,300,300,114.30,45.36,0,753,300/300/300/300/300/300
1700000002.500000,1,300,300,114.28,48.58,0,753,300/300/300/300/300/300
1700000002.550000,1,300,300,114.25,120.60,1,816,300/300/300/300/300/300
1700000002.600000,1,300,300,114.14,50.18,0,816,300/300/300/300/300/300
1700000002.650000,1,300,300,114.08,49.41,0,816,300/300/300/300/300/300
1700000002.700000,1,300,300,113.91,145.11,1,900,300/300/300/300/300/300
1700000002.750000,1,300,300,113.72,51.67,0,900,300/300/300/300/300/300
1700000002.800000,1,300,300,113.52,51.96,0,900,300/300/300/300/300/300
1700000002.850000,1,300,300,113.23,141.95,1,969,300/300/300/300/300/300
1700000002.900000,1,300,300,112.91,52.73,0,969,300/300/300/300/300/300
1700000002.950000,1,300,300,112.55,52.37,0,969,300/300/300/300/300/300
1700000003.000000,1,300,300,112.28,151.29,1,1041,300/300/300/300/300/300
1700000003.050000,1,300,300,111.85,55.47,0,1041,300/300/300/300/300/300
1700000003.100000,1,300,300,111.24,51.07,0,1041,300/300/300/300/300/300
1700000003.150000,1,300,300,110.41,161.03,1,1127,300/300/300/300/300/300
1700000003.200000,1,300,300,109.52,52.95,0,1127,300/300/300/300/300/300
1700000003.250000,1,300,300,107.72,54.21,0,1127,300/300/300/300/300/300
1700000003.300000,1,300,300,103.90,176.14,1,1208,300/300/300/300/300/300
1700000003.350000,1,300,300,101.86,56.26,0,1208,300/300/300/300/300/300
1700000003.400000,1,300,300,118.86,63.62,0,1208,300/300/300/300/300/300
1700000003.450000,1,300,300,118.85,179.18,1,1288,300/300/300/300/300/300
1700000003.500000,1,300,300,118.90,53.66,0,1288,300/300/300/300/300/300
1700000003.550000,1,300,300,118.95,51.83,0,1288,300/300/300/300/300/300
1700000003.600000,1,300,300,118.98,200.05,1,1474,300/300/300/300/300/300
1700000003.650000,1,300,300,119.02,52.71,0,1474,300/300/300/300/300/300
1700000003.700000,1,300,300,119.03,51.95,0,1474,300/300/300/300/300/300
1700000003.750000,1,300,300,119.09,238.23,1,1607,300/300/300/300/300/300
1700000003.800000,1,300,300,109.16,61.40,0,1607,300/300/300/300/300/300
1700000003.850000,1,300,300,110.72,65.02,0,1607,300/300/300/300/300/300
1700000003.900000,1,300,300,113.15,220.82,1,1702,300/300/243/300/300/300
1700000003.950000,1,300,300,114.48,58.78,0,1702,300/300/300/300/300/300
1700000004.000000,1,300,300,115.15,64.30,0,1702,300/300/300/300/300/300
1700000004.050000,1,300,300,115.68,217.96,1,1860,300/300/300/300/300/300
1700000004.100000,1,300,300,116.09,55.18,0,1860,300/300/300/300/300/300
1700000004.150000,1,300,300,116.49,53.18,0,1860,300/300/300/300/300/300
1700000004.200000,1,300,300,116.93,231.45,1,2035,300/300/300/300/300/300
1700000004.250000,1,300,300,117.32,52.49,0,2035,300/300/300/300/300/300
1700000004.300000,1,300,300,117.64,55.71,0,2035,300/300/300/300/300/300
1700000004.350000,1,300,300,117.84,242.40,1,2215,300/300/300/300/300/300
1700000004.400000,1,300,300,118.07,54.94,0,2215,300/300/300/300/300/300
1700000004.450000,1,300,300,118.23,58.72,0,2215,300/300/300/300/300/300
1700000004.500000,1,300,300,118.41,255.41,1,2337,300/300/300/300/300/300
1700000004.550000,1,300,300,118.55,55.04,0,2337,300/300/300/300/300/300
1700000004.600000,1,300,300,118.68,57.08,0,2337,300/300/300/300/300/300
1700000004.650000,1,300,300,118.81,304.61,1,2429,300/300/300/300/300/300
1700000004.700000,1,300,300,118.88,55.45,0,2429,300/300/300/300/300/300
1700000004.750000,1,300,300,118.95,54.54,0,2429,300/300/300/300/300/300
1700000004.800000,1,300,300,119.02,278.51,1,2517,300/300/300/300/300/300
1700000004.850000,1,300,300,119.05,56.97,0,2517,300/300/300/300/300/300
1700000004.900000,1,300,300,119.05,55.85,0,2517,300/300/300/300/300/300
1700000004.950000,1,300,300,119.09,287.21,1,2603,300/300/300/300/300/300
1700000005.000000,1,300,300,119.18,53.78,0,2603,300/300/300/300/300/300
1700000005.050000,1,300,300,119.24,60.43,0,2603,300/300/300/300/300/300
1700000005.100000,1,300,300,119.28,275.04,1,2595,300/300/300/300/300/300
1700000005.150000,1,300,300,119.30,54.70,0,2595,300/300/300/300/300/300
1700000005.200000,1,300,300,119.37,55.28,0,2595,300/300/300/300/300/300
1700000005.250000,1,300,300,119.42,268.03,1,2547,300/300/300/300/300/300
1700000005.300000,1,300,300,119.47,53.30,0,2547,300/300/300/300/300/300
1700000005.350000,1,300,300,119.43,56.84,0,2547,300/300/300/300/300/300
1700000005.400000,1,300,300,119.37,231.17,1,2467,300/300/300/300/300/300
1700000005.450000,1,300,300,119.27,55.24,0,2467,300/300/300/300/300/300
1700000005.500000,1,300,300,119.10,61.77,0,2467,300/300/300/300/300/300
1700000005.550000,1,300,300,118.88,236.67,1,2540,300/300/300/300/300/300
1700000005.600000,1,300,300,118.60,55.23,0,2540,300/300/300/300/300/300
1700000005.650000,1,300,300,118.40,55.76,0,2540,300/300/300/300/300/300
1700000005.700000,1,300,300,118.27,241.42,1,2608,300/300/300/300/300/300
1700000005.750000,1,300,300,117.89,57.10,0,2608,300/300/300/300/300/300
1700000005.800000,1,300,300,117.42,54.35,0,2608,300/300/300/300/300/300
1700000005.850000,1,300,300,117.21,228.09,1,2665,300/300/300/300/300/300
1700000005.900000,1,300,300,116.99,55.73,0,2665,300/300/300/300/300/300
1700000005.950000,1,300,300,116.98,58.22,0,2665,300/300/300/300/300/300
1700000006.000000,1,300,300,116.84,272.27,1,2693,300/300/300/300/300/300
1700000006.050000,1,300,300,116.74,58.55,0,2693,300/300/300/300/300/300
1700000006.100000,1,300,300,116.89,59.61,0,2693,300/300/300/300/300/300
1700000006.150000,1,300,300,117.03,285.25,1,2737,300/300/300/300/300/300
1700000006.200000,1,300,300,117.29,57.91,0,2737,300/300/300/300/300/300
1700000006.250000,1,300,300,117.35,52.57,0,2737,300/300/300/300/300/300
1700000006.300000,1,300,300,117.42,209.80,1,2788,300/300/300/300/300/300
1700000006.350000,1,300,300,117.51,51.76,0,2788,300/300/300/300/300/300
1700000006.400000,1,300,300,117.50,52.59,0,2788,300/300/300/300/300/300
1700000006.450000,1,300,300,117.60,212.20,1,2682,300/300/300/300/300/300
1700000006.500000,1,300,300,117.80,52.65,0,2682,300/300/300/300/300/300
1700000006.550000,1,300,300,117.96,53.77,0,2682,300/300/300/300/300/300
1700000006.600000,1,300,300,118.16,279.43,1,2748,300/300/300/300/300/300
1700000006.650000,1,300,300,118.22,53.57,0,2748,300/300/300/300/300/300
1700000006.700000,1,300,300,118.38,53.75,0,2748,300/300/300/300/300/300
1700000006.750000,1,300,300,118.42,356.23,1,2783,300/300/300/300/300/300
1700000006.800000,1,300,300,118.56,58.65,0,2783,300/300/300/300/300/300
1700000006.850000,1,300,300,118.63,53.92,0,2783,300/300/300/300/300/300
1700000006.900000,1,300,300,118.83,179.19,1,2818,300/300/300/300/300/300
1700000006.950000,1,300,300,118.97,55.05,0,2818,300/300/300/300/300/300
1700000007.000000,1,300,300,119.07,49.66,0,2818,300/300/300/300/300/300
1700000007.050000,1,300,300,119.18,217.94,1,2852,300/300/300/300/300/300
1700000007.100000,1,300,300,119.23,55.55,0,2852,300/300/300/300/300/300
1700000007.150000,1,300,300,119.22,56.78,0,2852,300/300/300/300/300/300
1700000007.200000,1,300,300,119.26,313.94,1,2852,300/300/300/300/300/300
1700000007.250000,1,300,300,119.27,55.06,0,2852,300/300/300/300/300/300
1700000007.300000,1,300,300,119.27,52.96,0,2852,300/300/300/300/300/300
1700000007.350000,1,300,300,119.28,370.56,1,2865,300/300/300/300/300/300
1700000007.400000,1,300,300,119.25,54.69,0,2865,300/300/300/300/300/300
1700000007.450000,1,300,300,119.29,54.26,0,2865,300/300/300/300/300/300
1700000007.500000,1,300,300,119.28,353.65,1,2887,300/300/300/300/300/300
1700000007.550000,1,300,300,119.36,58.84,0,2887,300/300/300/300/300/300
1700000007.600000,1,300,300,119.42,54.17,0,2887,300/300/300/300/300/300
1700000007.650000,1,300,300,119.47,296.40,1,2806,300/300/300/300/300/300
1700000007.700000,1,300,300,119.56,54.85,0,2806,300/300/300/300/300/300
1700000007.750000,1,300,300,119.63,55.29,0,2806,300/300/300/300/300/300
1700000007.800000,1,300,300,119.71,296.22,1,2772,300/300/300/300/300/300
1700000007.850000,1,300,300,119.75,52.31,0,2772,300/300/300/300/300/300
1700000007.900000,1,300,300,119.83,51.96,0,2772,300/300/300/300/300/300
1700000007.950000,1,300,300,119.84,330.82,1,2796,300/300/300/300/300/300
1700000008.000000,1,300,300,119.88,54.18,0,2796,300/300/300/300/300/300
1700000008.050000,1,300,300,119.93,51.08,0,2796,300/300/300/300/300/300
1700000008.100000,1,300,300,119.92,276.15,1,2728,300/300/300/300/300/300
1700000008.150000,1,300,300,119.95,55.60,0,2728,300/300/300/300/300/300
1700000008.200000,1,300,300,119.97,51.72,0,2728,300/300/300/300/300/300
1700000008.250000,1,300,300,119.96,318.65,1,2678,300/300/300/300/300/300
1700000008.300000,1,300,300,119.96,52.54,0,2678,300/300/300/300/300/300
1700000008.350000,1,300,300,119.93,53.11,0,2678,300/300/300/300/300/300
1700000008.400000,1,300,300,119.92,231.89,1,2578,300/300/300/300/300/300
1700000008.450000,1,300,300,119.96,54.18,0,2578,300/300/300/300/300/300
1700000008.500000,1,300,300,119.96,52.34,0,2578,300/300/300/300/300/300
1700000008.550000,1,300,300,119.97,304.26,1,2612,300/300/300/300/300/300
1700000008.600000,1,300,300,119.99,53.60,0,2612,300/300/300/300/300/300
1700000008.650000,1,300,300,120.04,53.18,0,2612,300/300/300/300/300/300
1700000008.700000,1,300,300,120.10,229.00,1,2606,300/300/300/300/300/300
1700000008.750000,1,300,300,120.12,56.67,0,2606,300/300/300/300/300/300
1700000008.800000,1,300,300,120.18,56.37,0,2606,300/300/300/300/300/300
1700000008.850000,1,300,300,120.23,229.61,1,2600,300/300/300/300/300/300
1700000008.900000,1,300,300,120.24,54.03,0,2600,300/300/300/300/300/300
1700000008.950000,1,300,300,120.26,52.45,0,2600,300/300/300/300/300/300
1700000009.000000,1,300,300,120.24,229.24,1,2610,300/300/300/300/300/300
1700000009.050000,1,300,300,120.26,53.65,0,2610,300/300/300/300/300/300
1700000009.100000,1,300,300,120.27,52.10,0,2610,300/300/300/300/300/300
1700000009.150000,1,300,300,120.27,233.98,1,2598,300/300/300/300/300/300
1700000009.200000,1,300,300,120.26,51.94,0,2598,300/300/300/300/300/300
1700000009.250000,1,300,300,120.24,53.72,0,2598,300/300/300/300/300/300
1700000009.300000,1,300,300,120.27,239.34,1,2584,300/300/300/300/300/300
1700000009.350000,1,300,300,120.33,53.25,0,2584,300/300/300/300/300/300
1700000009.400000,1,300,300,120.39,52.88,0,2584,300/300/300/300/300/300
1700000009.450000,1,300,300,120.45,241.83,1,2615,300/300/300/300/300/300
1700000009.500000,1,300,300,120.49,54.51,0,2615,300/300/300/300/300/300
1700000009.550000,1,300,300,120.57,51.81,0,2615,300/300/300/300/300/300
1700000009.600000,1,300,300,120.65,272.10,1,2599,300/300/300/300/300/300
1700000009.650000,1,300,300,120.71,51.88,0,2599,300/300/300/300/300/300
1700000009.700000,1,300,300,120.79,53.09,0,2599,300/300/300/300/300/300
1700000009.750000,1,300,300,120.90,267.17,1,2602,300/300/300/300/300/300
1700000009.800000,1,300,300,120.94,51.58,0,2602,300/300/300/300/300/300
1700000009.850000,1,300,300,120.96,49.25,0,2602,300/300/300/300/300/300
1700000009.900000,1,300,300,120.98,264.33,1,2568,300/300/300/300/300/300
1700000009.950000,1,300,300,120.94,49.95,0,2568,300/300/300/300/300/300
1700000010.000000,1,300,300,120.96,49.59,0,2568,300/300/300/300/300/300
1700000010.050000,1,300,300,120.95,279.05,1,2571,300/300/300/300/300/300
1700000010.100000,1,300,300,120.96,49.42,0,2571,300/300/300/300/300/300
1700000010.150000,1,300,300,120.96,49.57,0,2571,300/300/300/300/300/300
1700000010.200000,1,300,300,120.94,242.81,1,2538,300/300/300/300/300/300
1700000010.250000,1,300,300,120.93,51.48,0,2538,300/300/300/300/300/300
1700000010.300000,1,300,300,120.93,51.23,0,2538,300/300/300/300/300/300
1700000010.350000,1,300,300,120.96,245.92,1,2500,300/300/300/300/300/300
1700000010.400000,1,300,300,120.97,51.02,0,2500,300/300/300/300/300/300
1700000010.450000,1,300,300,120.96,51.04,0,2500,300/300/300/300/300/300
1700000010.500000,1,300,300,120.98,244.88,1,2482,300/300/300/300/300/300
1700000010.550000,1,300,300,121.01,52.74,0,2482,300/300/300/300/300/300
1700000010.600000,1,300,300,121.06,49.72,0,2482,300/300/300/300/300/300
1700000010.650000,1,300,300,121.15,284.03,1,2459,300/300/300/300/300/300
1700000010.700000,1,300,300,121.18,53.24,0,2459,300/300/300/300/300/300
1700000010.750000,1,300,300,121.24,50.69,0,2459,300/300/300/300/300/300
1700000010.800000,1,300,300,121.25,287.85,1,2459,300/300/300/300/300/300
1700000010.850000,1,300,300,121.26,51.40,0,2459,300/300/300/300/300/300
1700000010.900000,1,300,300,121.32,51.88,0,2459,300/300/300/300/300/300
1700000010.950000,1,300,300,121.37,232.64,1,2449,300/300/300/300/300/300
1700000011.000000,1,300,300,121.40,50.21,0,2449,300/300/300/300/300/300
1700000011.050000,1,300,300,121.43,50.20,0,2449,300/300/300/300/300/300
1700000011.100000,1,300,300,121.44,306.47,1,2440,300/300/300/300/300/300
1700000011.150000,1,300,300,121.46,52.56,0,2440,300/300/300/300/300/300
1700000011.200000,1,300,300,121.48,50.77,0,2440,300/300/300/300/300/300
1700000011.250000,1,300,300,121.48,306.22,1,2442,300/300/300/300/300/300
1700000011.300000,1,300,300,121.48,51.97,0,2442,300/300/300/300/300/300
1700000011.350000,1,300,300,121.47,52.73,0,2442,300/300/300/300/300/300
1700000011.400000,1,300,300,121.51,303.58,1,2435,300/300/300/300/300/300
1700000011.450000,1,300,300,121.52,53.87,0,2435,300/300/300/300/300/300
1700000011.500000,1,300,300,121.54,51.56,0,2435,300/300/300/300/300/300
1700000011.550000,1,300,300,121.55,272.32,1,2407,300/300/300/300/300/300
1700000011.600000,1,300,300,121.54,53.30,0,2407,300/300/300/300/300/300
1700000011.650000,1,300,300,121.56,53.08,0,2407,300/300/300/300/300/300
1700000011.700000,1,300,300,121.57,270.98,1,2393,300/300/300/300/300/300
1700000011.750000,1,300,300,121.59,53.25,0,2393,300/300/300/300/300/300
1700000011.800000,1,300,300,121.59,54.37,0,2393,300/300/300/300/300/300
1700000011.850000,1,300,300,121.62,347.01,1,2384,300/300/300/300/300/300
1700000011.900000,1,300,300,121.65,55.25,0,2384,300/300/300/300/300/300
1700000011.950000,1,300,300,121.66,51.56,0,2384,300/300/300/300/300/300
1700000012.000000,1,300,300,121.66,279.93,1,2344,300/300/300/300/300/300
1700000012.050000,1,300,300,121.68,50.55,0,2344,300/300/300/300/300/300
1700000012.100000,1,300,300,121.69,52.68,0,2344,300/300/300/300/300/300
1700000012.150000,1,300,300,121.67,372.60,1,2374,300/300/300/300/300/300
1700000012.200000,1,300,300,121.68,53.30,0,2374,300/300/300/300/300/300
1700000012.250000,1,300,300,121.73,50.85,0,2374,300/300/300/300/300/300
1700000012.300000,1,300,300,121.76,305.98,1,2331,300/300/300/300/300/300
1700000012.350000,1,300,300,121.74,54.80,0,2331,300/300/300/300/300/300
1700000012.400000,1,300,300,121.78,50.02,0,2331,300/300/300/300/300/300
1700000012.450000,1,300,300,121.77,185.42,1,2356,300/300/300/300/300/300
1700000012.500000,1,300,300,121.77,51.29,0,2356,300/300/300/300/300/300
1700000012.550000,1,300,300,121.77,48.90,0,2356,300/300/300/300/300/300
1700000012.600000,1,300,300,121.77,235.80,1,2295,300/300/300/300/300/300
1700000012.650000,1,300,300,121.78,51.44,0,2295,300/300/300/300/300/300
1700000012.700000,1,300,300,121.76,48.85,0,2295,300/300/300/300/300/300
1700000012.750000,1,300,300,121.77,242.60,1,2350,300/300/300/300/300/300
1700000012.800000,1,300,300,121.73,50.69,0,2350,300/300/300/300/300/300
1700000012.850000,1,300,300,121.72,49.29,0,2350,300/300/300/300/300/300
1700000012.900000,1,300,300,121.71,269.39,1,2364,300/300/300/300/300/300
1700000012.950000,1,300,300,121.70,53.19,0,2364,300/300/300/300/300/300
1700000013.000000,1,300,300,121.70,54.12,0,2364,300/300/300/300/300/300
1700000013.050000,1,300,300,121.69,235.66,1,2337,300/300/300/300/300/300
1700000013.100000,1,300,300,121.71,54.15,0,2337,300/300/300/300/300/300
1700000013.150000,1,300,300,121.71,49.59,0,2337,300/300/300/300/300/300
1700000013.200000,1,300,300,121.71,264.84,1,2335,300/300/300/300/300/300
1700000013.250000,1,300,300,121.71,50.62,0,2335,300/300/300/300/300/300
1700000013.300000,1,300,300,121.70,49.70,0,2335,300/300/300/300/300/300
1700000013.350000,1,300,300,121.73,236.09,1,2335,300/300/300/300/300/300
1700000013.400000,1,300,300,121.71,49.63,0,2335,300/300/300/300/300/300
1700000013.450000,1,300,300,121.75,48.53,0,2335,300/300/300/300/300/300
1700000013.500000,1,300,300,121.73,234.40,1,2301,300/300/300/300/300/300
1700000013.550000,1,300,300,121.74,48.36,0,2301,300/300/300/300/300/300
1700000013.600000,1,300,300,121.77,51.04,0,2301,300/300/300/300/300/300
1700000013.650000,1,300,300,121.78,266.69,1,2297,300/300/300/300/300/300
1700000013.700000,1,300,300,121.79,48.20,0,2297,300/300/300/300/300/300
1700000013.750000,1,300,300,121.76,47.86,0,2297,300/300/300/300/300/300
1700000013.800000,1,300,300,121.79,230.80,1,2283,300/300/300/300/300/300
1700000013.850000,1,300,300,121.82,47.27,0,2283,300/300/300/300/300/300
1700000013.900000,1,300,300,121.83,49.05,0,2283,300/300/300/300/300/300
1700000013.950000,1,300,300,121.84,236.74,1,2285,300/300/300/300/300/300
1700000014.000000,1,300,300,121.86,49.31,0,2285,300/300/300/300/300/300
1700000014.050000,1,300,300,121.83,48.47,0,2285,300/300/300/300/300/300
1700000014.100000,1,300,300,121.82,315.34,1,2265,300/300/300/300/300/300
1700000014.150000,1,300,300,121.82,48.91,0,2265,300/300/300/300/300/300
1700000014.200000,1,300,300,121.85,50.70,0,2265,300/300/300/300/300/300
1700000014.250000,1,300,300,121.79,283.55,1,2264,300/300/300/300/300/300
1700000014.300000,1,300,300,121.82,51.02,0,2264,300/300/300/300/300/300
1700000014.350000,1,300,300,121.79,48.49,0,2264,300/300/300/300/300/300
1700000014.400000,1,300,300,121.79,238.54,1,2267,300/300/300/300/300/300
1700000014.450000,1,300,300,121.77,49.82,0,2267,300/300/300/300/300/300
1700000014.500000,1,300,300,121.76,47.70,0,2267,300/300/300/300/300/300
1700000014.550000,1,300,300,121.72,246.47,1,2254,300/300/300/300/300/300
1700000014.600000,1,300,300,121.72,51.38,0,2254,300/300/300/300/300/300
1700000014.650000,1,300,300,121.73,49.66,0,2254,300/300/300/300/300/300
1700000014.700000,1,300,300,121.73,251.48,1,2245,300/300/300/300/300/300
1700000014.750000,1,300,300,121.73,51.21,0,2245,300/300/300/300/300/300
1700000014.800000,1,300,300,121.69,53.12,0,2245,300/300/300/300/300/300
1700000014.850000,1,300,300,121.74,257.75,1,2221,300/300/300/300/300/300
1700000014.900000,1,300,300,121.71,52.31,0,2221,300/300/300/300/300/300
1700000014.950000,1,300,300,121.71,51.59,0,2221,300/300/300/300/300/300
1700000015.000000,1,300,300,121.71,253.90,1,2191,300/300/300/300/300/300
1700000015.050000,1,300,300,121.73,49.55,0,2191,300/300/300/300/300/300
1700000015.100000,1,300,300,121.74,51.57,0,2191,300/300/300/300/300/300
1700000015.150000,1,300,300,121.74,293.74,1,2175,300/300/300/300/300/300
1700000015.200000,1,300,300,121.76,48.01,0,2175,300/300/300/300/300/300
1700000015.250000,1,300,300,121.75,52.20,0,2175,300/300/300/300/300/300
1700000015.300000,1,300,300,121.73,297.29,1,2184,300/300/300/300/300/300
1700000015.350000,1,300,300,121.73,50.23,0,2184,300/300/300/300/300/300
1700000015.400000,1,300,300,121.75,52.64,0,2184,300/300/300/300/300/300
1700000015.450000,1,300,300,121.79,257.77,1,2170,300/300/300/300/300/300
1700000015.500000,1,300,300,121.79,52.22,0,2170,300/300/300/300/300/300
1700000015.550000,1,300,300,121.83,50.53,0,2170,300/300/300/300/300/300
1700000015.600000,1,300,300,121.85,441.23,1,2168,300/300/300/300/300/300
1700000015.650000,1,300,300,121.88,52.10,0,2168,300/300/300/300/300/300
1700000015.700000,1,300,300,121.93,50.73,0,2168,300/300/300/300/300/300
1700000015.750000,1,300,300,121.98,293.42,1,2145,300/300/300/300/300/300
1700000015.800000,1,300,300,122.01,52.13,0,2145,300/300/300/300/300/300
1700000015.850000,1,300,300,122.06,56.09,0,2145,300/300/300/300/300/300
1700000015.900000,1,300,300,122.09,258.23,1,2171,300/300/300/300/300/300
1700000015.950000,1,300,300,122.17,52.68,0,2171,300/300/300/300/300/300
1700000016.000000,1,300,300,122.18,53.19,0,2171,300/300/300/300/300/300
1700000016.050000,1,300,300,122.28,356.78,1,2172,300/300/300/300/300/300
1700000016.100000,1,300,300,122.36,51.24,0,2172,300/300/300/300/300/300
1700000016.150000,1,300,300,122.41,55.26,0,2172,300/300/300/300/300/300
1700000016.200000,1,300,300,122.50,310.42,1,2148,300/300/300/300/300/300
1700000016.250000,1,300,300,122.54,50.17,0,2148,300/300/300/300/300/300
1700000016.300000,1,300,300,122.65,55.89,0,2148,300/300/300/300/300/300
1700000016.350000,1,300,300,122.70,303.76,1,2141,300/300/300/300/300/300
1700000016.400000,1,300,300,122.75,51.36,0,2141,300/300/300/300/300/300
1700000016.450000,1,300,300,122.77,54.45,0,2141,300/300/300/300/300/300
1700000016.500000,1,300,300,122.82,336.38,1,2110,300/300/300/300/300/300
1700000016.550000,1,300,300,122.87,53.64,0,2110,300/300/300/300/300/300
1700000016.600000,1,300,300,122.89,58.16,0,2110,300/300/300/300/300/300
1700000016.650000,1,300,300,122.90,310.91,1,2097,300/300/300/300/300/300
1700000016.700000,1,300,300,122.90,56.96,0,2097,300/300/300/300/300/300
1700000016.750000,1,300,300,122.88,52.59,0,2097,300/300/300/300/300/300
1700000016.800000,1,300,300,122.85,235.05,1,2029,300/300/300/300/300/300
1700000016.850000,1,300,300,122.83,58.19,0,2029,300/300/300/300/300/300
1700000016.900000,1,300,300,122.80,55.99,0,2029,300/300/300/300/300/300
1700000016.950000,1,300,300,122.79,267.10,1,2073,300/300/300/300/300/300
1700000017.000000,1,300,300,122.79,55.69,0,2073,300/300/300/300/300/300
1700000017.050000,1,300,300,122.75,52.17,0,2073,300/300/300/300/300/300
1700000017.100000,1,300,300,122.76,308.62,1,2080,300/300/300/300/300/300
1700000017.150000,1,300,300,122.70,54.37,0,2080,300/300/300/300/300/300
1700000017.200000,1,300,300,122.71,53.54,0,2080,300/300/300/300/300/300
1700000017.250000,1,300,300,122.68,255.59,1,2080,300/300/300/300/300/300
1700000017.300000,1,300,300,122.64,55.25,0,2080,300/300/300/300/300/300
1700000017.350000,1,300,300,122.63,49.22,0,2080,300/300/300/300/300/300
1700000017.400000,1,300,300,122.61,225.95,1,2096,300/300/300/300/300/300
1700000017.450000,1,300,300,122.59,52.56,0,2096,300/300/300/300/300/300
1700000017.500000,1,300,300,122.58,53.00,0,2096,300/300/300/300/300/300
1700000017.550000,1,300,300,122.56,261.82,1,2091,300/300/300/300/300/300
1700000017.600000,1,300,300,122.56,52.18,0,2091,300/300/300/300/300/300
1700000017.650000,1,300,300,122.55,48.86,0,2091,300/300/300/300/300/300
1700000017.700000,1,300,300,122.59,284.52,1,2092,300/300/300/300/300/300
1700000017.750000,1,300,300,122.58,51.98,0,2092,300/300/300/300/300/300
1700000017.800000,1,300,300,122.53,49.56,0,2092,300/300/300/300/300/300
1700000017.850000,1,300,300,122.53,220.88,1,2082,300/300/300/300/300/300
1700000017.900000,1,300,300,122.56,52.39,0,2082,300/300/300/300/300/300
1700000017.950000,1,300,300,122.57,48.53,0,2082,300/300/300/300/300/300
1700000018.000000,1,300,300,122.55,254.38,1,2100,300/300/300/300/300/300
1700000018.050000,1,300,300,122.55,51.99,0,2100,300/300/300/300/300/300
1700000018.100000,1,300,300,122.58,49.54,0,2100,300/300/300/300/300/300
1700000018.150000,1,300,300,122.58,404.91,1,2122,300/300/300/300/300/300
1700000018.200000,1,300,300,122.56,50.34,0,2122,300/300/300/300/300/300
1700000018.250000,1,300,300,122.55,50.20,0,2122,300/300/300/300/300/300
1700000018.300000,1,300,300,122.59,182.24,1,2112,300/300/300/300/300/300
1700000018.350000,1,300,300,122.59,54.59,0,2112,300/300/300/300/300/300
1700000018.400000,1,300,300,122.58,52.49,0,2112,300/300/300/300/300/300
1700000018.450000,1,300,300,122.61,399.90,1,2104,300/300/300/300/300/300
1700000018.500000,1,300,300,122.62,53.16,0,2104,300/300/300/300/300/300
1700000018.550000,1,300,300,122.62,55.47,0,2104,300/300/300/300/300/300
1700000018.600000,1,300,300,122.63,376.13,1,2103,300/300/300/300/300/300
1700000018.650000,1,300,300,122.66,49.86,0,2103,300/300/300/300/300/300
1700000018.700000,1,300,300,122.64,51.96,0,2103,300/300/300/300/300/300
1700000018.750000,1,300,300,122.68,229.03,1,2113,300/300/300/300/300/300
1700000018.800000,1,300,300,122.67,50.68,0,2113,300/300/300/300/300/300
1700000018.850000,1,300,300,122.70,50.77,0,2113,300/300/300/300/300/300
1700000018.900000,1,300,300,122.68,267.52,1,2124,300/300/300/300/300/300
1700000018.950000,1,300,300,122.68,52.43,0,2124,300/300/300/300/300/300
1700000019.000000,1,300,300,122.68,52.03,0,2124,300/300/300/300/300/300
1700000019.050000,1,300,300,122.69,272.86,1,2133,300/300/300/300/300/300
1700000019.100000,1,300,300,122.73,51.51,0,2133,300/300/300/300/300/300
1700000019.150000,1,300,300,122.73,53.01,0,2133,300/300/300/300/300/300
1700000019.200000,1,300,300,122.75,303.32,1,2118,300/300/300/300/300/300
1700000019.250000,1,300,300,122.78,53.34,0,2118,300/300/300/300/300/300
1700000019.300000,1,300,300,122.79,52.68,0,2118,300/300/300/300/300/300
1700000019.350000,1,300,300,122.83,274.95,1,2100,300/300/300/300/300/300
1700000019.400000,1,300,300,122.89,51.29,0,2100,300/300/300/300/300/300
1700000019.450000,1,300,300,122.89,50.66,0,2100,300/300/300/300/300/300
1700000019.500000,1,300,300,122.91,383.30,1,2099,300/300/300/300/300/300
1700000019.550000,1,300,300,122.89,53.80,0,2099,300/300/300/300/300/300
1700000019.600000,1,300,300,122.87,51.16,0,2099,300/300/300/300/300/300
1700000019.650000,1,300,300,122.86,273.96,1,2120,300/300/300/300/300/300
1700000019.700000,1,300,300,122.89,56.08,0,2120,300/300/300/300/300/300
1700000019.750000,1,300,300,122.88,51.87,0,2120,300/300/300/300/300/300
1700000019.800000,1,300,300,122.92,266.01,1,2107,300/300/300/300/300/300
1700000019.850000,1,300,300,122.90,53.78,0,2107,300/300/300/300/300/300
1700000019.900000,1,300,300,122.87,52.84,0,2107,300/300/300/300/300/300
1700000019.950000,1,300,300,122.93,279.28,1,2085,300/300/300/300/300/300
1700000020.000000,1,300,300,122.92,51.89,0,2085,300/300/300/300/300/300
1700000020.050000,1,300,300,122.93,53.06,0,2085,300/300/300/300/300/300
1700000020.100000,1,300,300,122.95,441.11,1,2063,300/300/300/300/300/300
1700000020.150000,1,300,300,122.91,49.96,0,2063,300/300/300/300/300/300
1700000020.200000,1,300,300,122.89,51.49,0,2063,300/300/300/300/300/300
1700000020.250000,1,300,300,122.89,354.66,1,2049,300/300/300/300/300/300
1700000020.300000,1,300,300,122.87,52.41,0,2049,300/300/300/300/300/300
1700000020.350000,1,300,300,122.86,52.20,0,2049,300/300/300/300/300/300
1700000020.400000,1,300,300,122.84,301.37,1,2068,300/300/300/300/300/300
1700000020.450000,1,300,300,122.81,53.99,0,2068,300/300/300/300/300/300
1700000020.500000,1,300,300,122.81,50.57,0,2068,300/300/300/300/300/300
1700000020.550000,1,300,300,122.80,388.97,1,2061,300/300/300/300/300/300
1700000020.600000,1,300,300,122.79,54.51,0,2061,300/300/300/300/300/300
1700000020.650000,1,300,300,122.76,52.76,0,2061,300/300/300/300/300/300
1700000020.700000,1,300,300,122.75,236.72,1,2037,300/300/300/300/300/300
1700000020.750000,1,300,300,122.78,52.02,0,2037,300/300/300/300/300/300
1700000020.800000,1,300,300,122.75,51.07,0,2037,300/300/300/300/300/300
1700000020.850000,1,300,300,122.73,334.96,1,2034,300/300/300/300/300/300
1700000020.900000,1,300,300,122.73,52.61,0,2034,300/300/300/300/300/300
1700000020.950000,1,300,300,122.72,51.56,0,2034,300/300/300/300/300/300
1700000021.000000,1,300,300,122.69,220.97,1,1990,300/300/300/300/300/300
1700000021.050000,1,300,300,122.70,54.76,0,1990,300/300/300/300/300/300
1700000021.100000,1,300,300,122.69,54.34,0,1990,300/300/300/300/300/300
1700000021.150000,1,300,300,122.67,213.89,1,1993,300/300/300/300/300/300
1700000021.200000,1,300,300,122.68,52.01,0,1993,300/300/300/300/300/300
1700000021.250000,1,300,300,122.67,55.00,0,1993,300/300/300/300/300/300
1700000021.300000,1,300,300,122.65,208.54,1,1980,300/300/300/300/300/300
1700000021.350000,1,300,300,122.61,50.81,0,1980,300/300/300/300/300/300
1700000021.400000,1,300,300,122.57,51.33,0,1980,300/300/300/300/300/300
1700000021.450000,1,300,300,122.52,206.80,1,1974,300/300/300/300/300/300
1700000021.500000,1,300,300,122.49,49.98,0,1974,300/300/300/300/300/300
1700000021.550000,1,300,300,122.46,52.42,0,1974,300/300/300/300/300/300
1700000021.600000,1,300,300,122.38,260.93,1,1964,300/300/300/300/300/300
1700000021.650000,1,300,300,122.30,54.17,0,1964,300/300/300/300/300/300
1700000021.700000,1,300,300,122.19,51.27,0,1964,300/300/300/300/300/300
1700000021.750000,1,300,300,122.14,329.93,1,1960,300/300/300/300/300/300
1700000021.800000,1,300,300,122.11,55.84,0,1960,300/300/300/300/300/300
1700000021.850000,1,300,300,122.04,54.12,0,1960,300/300/300/300/300/300
1700000021.900000,1,300,300,122.01,300.88,1,1997,300/300/300/300/300/300
1700000021.950000,1,300,300,121.94,53.84,0,1997,300/300/300/300/300/300
1700000022.000000,1,300,300,121.95,52.40,0,1997,300/300/300/300/300/300
1700000022.050000,1,300,300,121.95,275.25,1,1997,300/300/300/300/300/300
1700000022.100000,1,300,300,121.92,51.28,0,1997,300/300/300/300/300/300
1700000022.150000,1,300,300,121.93,52.16,0,1997,300/300/300/300/300/300
1700000022.200000,1,300,300,121.89,254.36,1,2013,300/300/300/300/300/300
1700000022.250000,1,300,300,121.89,53.56,0,2013,300/300/300/300/300/300
1700000022.300000,1,300,300,121.88,50.80,0,2013,300/300/300/300/300/300
1700000022.350000,1,300,300,121.91,228.02,1,2034,300/300/300/300/300/300
1700000022.400000,1,300,300,121.92,53.41,0,2034,300/300/300/300/300/300
1700000022.450000,1,300,300,121.92,52.76,0,2034,300/300/300/300/300/300
1700000022.500000,1,300,300,121.97,283.46,1,2032,300/300/300/300/300/300
1700000022.550000,1,300,300,121.99,51.31,0,2032,300/300/300/300/300/300
1700000022.600000,1,300,300,122.05,52.45,0,2032,300/300/300/300/300/300
1700000022.650000,1,300,300,122.13,250.11,1,2053,300/300/300/300/300/300
1700000022.700000,1,300,300,122.21,55.80,0,2053,300/300/300/300/300/300
1700000022.750000,1,300,300,122.28,52.19,0,2053,300/300/300/300/300/300
1700000022.800000,1,300,300,122.36,220.08,1,2054,300/300/300/300/300/300
1700000022.850000,1,300,300,122.36,53.50,0,2054,300/300/300/300/300/300
1700000022.900000,1,300,300,122.38,55.02,0,2054,300/300/300/300/300/300
1700000022.950000,1,300,300,122.43,224.64,1,2075,300/300/300/300/300/300
1700000023.000000,1,300,300,122.44,53.90,0,2075,300/300/300/300/300/300
1700000023.050000,1,300,300,122.46,53.22,0,2075,300/300/300/300/300/300
1700000023.100000,1,300,300,122.42,226.68,1,2067,300/300/300/300/300/300
1700000023.150000,1,300,300,122.39,53.10,0,2067,300/300/300/300/300/300
1700000023.200000,1,300,300,122.39,55.06,0,2067,300/300/300/300/300/300
1700000023.250000,1,300,300,122.36,258.99,1,2073,300/300/300/300/300/300
1700000023.300000,1,300,300,122.34,56.99,0,2073,300/300/300/300/300/300
1700000023.350000,1,300,300,122.31,56.58,0,2073,300/300/300/300/300/300
1700000023.400000,1,300,300,122.27,343.99,1,2098,300/300/300/300/300/300
1700000023.450000,1,300,300,122.25,53.89,0,2098,300/300/300/300/300/300
1700000023.500000,1,300,300,122.19,51.47,0,2098,300/300/300/300/300/300
1700000023.550000,1,300,300,122.17,233.89,1,2093,300/300/300/300/300/300
1700000023.600000,1,300,300,122.18,52.73,0,2093,300/300/300/300/300/300
1700000023.650000,1,300,300,122.17,51.12,0,2093,300/300/300/300/300/300
1700000023.700000,1,300,300,122.24,234.04,1,2091,300/300/300/300/300/300
1700000023.750000,1,300,300,122.25,54.28,0,2091,300/300/300/300/300/300
1700000023.800000,1,300,300,122.26,54.44,0,2091,300/300/300/300/300/300
1700000023.850000,1,300,300,122.31,243.30,1,2095,300/300/300/300/300/300
1700000023.900000,1,300,300,122.33,54.57,0,2095,300/300/300/300/300/300
1700000023.950000,1,300,300,122.33,52.92,0,2095,300/300/300/300/300/300
1700000024.000000,1,300,300,122.32,241.40,1,2105,300/300/300/300/300/300
1700000024.050000,1,300,300,122.31,53.75,0,2105,300/300/300/300/300/300
1700000024.100000,1,300,300,122.29,54.17,0,2105,300/300/300/300/300/300
1700000024.150000,1,300,300,122.21,242.14,1,2097,300/300/300/300/300/300
1700000024.200000,1,300,300,122.16,54.81,0,2097,300/300/300/300/300/300
1700000024.250000,1,300,300,122.14,51.04,0,2097,300/300/300/300/300/300
1700000024.300000,1,300,300,122.11,391.99,1,2096,300/300/300/300/300/300
1700000024.350000,1,300,300,122.08,51.69,0,2096,300/300/300/300/300/300
1700000024.400000,1,300,300,122.09,53.64,0,2096,300/300/300/300/300/300
1700000024.450000,1,300,300,122.06,282.12,1,2108,300/300/300/300/300/300
1700000024.500000,1,300,300,122.06,53.77,0,2108,300/300/300/300/300/300
1700000024.550000,1,300,300,122.02,52.73,0,2108,300/300/300/300/300/300
1700000024.600000,1,300,300,122.04,277.76,1,2125,300/300/300/300/300/300
1700000024.650000,1,300,300,122.03,54.01,0,2125,300/300/300/300/300/300
1700000024.700000,1,300,300,122.02,53.23,0,2125,300/300/300/300/300/300
1700000024.750000,1,300,300,122.02,248.36,1,2133,300/300/300/300/300/300
1700000024.800000,1,300,300,122.01,52.54,0,2133,300/300/300/300/300/300
1700000024.850000,1,300,300,121.98,51.13,0,2133,300/300/300/300/300/300
1700000024.900000,1,300,300,121.96,246.98,1,2141,300/300/300/300/300/300
1700000024.950000,1,300,300,121.96,53.88,0,2141,300/300/300/300/300/300
1700000025.000000,1,300,300,121.93,51.72,0,2141,300/300/300/300/300/300
1700000025.050000,1,300,300,121.91,252.42,1,2119,300/300/300/300/300/300
1700000025.100000,1,300,300,121.92,54.58,0,2119,300/300/300/300/300/300
1700000025.150000,1,300,300,121.91,54.30,0,2119,300/300/300/300/300/300
1700000025.200000,1,300,300,121.93,315.83,1,2101,300/300/300/300/300/300
1700000025.250000,1,300,300,121.90,50.89,0,2101,300/300/300/300/300/300
1700000025.300000,1,300,300,121.88,53.06,0,2101,300/300/300/300/300/300
1700000025.350000,1,300,300,121.91,288.13,1,2114,300/300/300/300/300/300
1700000025.400000,1,300,300,121.95,53.47,0,2114,300/300/300/300/300/300
1700000025.450000,1,300,300,121.95,53.84,0,2114,300/300/300/300/300/300
1700000025.500000,1,300,300,122.00,322.53,1,2124,300/300/300/300/300/300
1700000025.550000,1,300,300,122.04,52.36,0,2124,300/300/300/300/300/300
1700000025.600000,1,300,300,122.09,51.39,0,2124,300/300/300/300/300/300
1700000025.650000,1,300,300,122.15,276.81,1,2118,300/300/300/300/300/300
1700000025.700000,1,300,300,122.20,52.19,0,2118,300/300/300/300/300/300
1700000025.750000,1,300,300,122.20,50.47,0,2118,300/300/300/300/300/300
1700000025.800000,1,300,300,122.24,321.83,1,2149,300/300/300/300/300/300
1700000025.850000,1,300,300,122.25,51.25,0,2149,300/300/300/300/300/300
1700000025.900000,1,300,300,122.26,48.87,0,2149,300/300/300/300/300/300
1700000025.950000,1,300,300,122.30,270.70,1,2117,300/300/300/300/300/300
1700000026.000000,1,300,300,122.28,49.31,0,2117,300/300/300/300/300/300
1700000026.050000,1,300,300,122.28,48.05,0,2117,300/300/300/300/300/300
1700000026.100000,1,300,300,122.27,273.80,1,2143,300/300/300/300/300/300
1700000026.150000,1,300,300,122.29,52.25,0,2143,300/300/300/300/300/300
1700000026.200000,1,300,300,122.24,51.01,0,2143,300/300/300/300/300/300
1700000026.250000,1,300,300,122.25,323.01,1,2136,300/300/300/300/300/300
1700000026.300000,1,300,300,122.22,50.86,0,2136,300/300/300/300/300/300
1700000026.350000,1,300,300,122.19,52.05,0,2136,300/300/300/300/300/300
1700000026.400000,1,300,300,122.20,241.94,1,2122,300/300/300/300/300/300
1700000026.450000,1,300,300,122.15,52.05,0,2122,300/300/300/300/300/300
1700000026.500000,1,300,300,122.17,52.17,0,2122,300/300/300/300/300/300
1700000026.550000,1,300,300,122.18,277.44,1,2144,300/300/300/300/300/300
1700000026.600000,1,300,300,122.16,54.49,0,2144,300/300/300/300/300/300
1700000026.650000,1,300,300,122.15,53.43,0,2144,300/300/300/300/300/300
1700000026.700000,1,300,300,122.17,241.58,1,2148,300/300/300/300/300/300
1700000026.750000,1,300,300,122.16,51.60,0,2148,300/300/300/300/300/300
1700000026.800000,1,300,300,122.16,51.27,0,2148,300/300/300/300/300/300
1700000026.850000,1,300,300,122.16,244.80,1,2154,300/300/300/300/300/300
1700000026.900000,1,300,300,122.12,49.39,0,2154,300/300/300/300/300/300
1700000026.950000,1,300,300,122.08,51.46,0,2154,300/300/300/300/300/300
1700000027.000000,1,300,300,122.06,243.52,1,2137,300/300/300/300/300/300
1700000027.050000,1,300,300,122.04,51.48,0,2137,300/300/300/300/300/300
1700000027.100000,1,300,300,122.05,51.58,0,2137,300/300/300/300/300/300
1700000027.150000,1,300,300,122.05,402.11,1,2133,300/300/300/300/300/300
1700000027.200000,1,300,300,122.02,54.95,0,2133,300/300/300/300/300/300
1700000027.250000,1,300,300,122.00,55.36,0,2133,300/300/300/300/300/300
1700000027.300000,1,300,300,122.00,397.93,1,2136,300/300/300/300/300/300
1700000027.350000,1,300,300,122.01,53.70,0,2136,300/300/300/300/300/300
1700000027.400000,1,300,300,122.01,53.78,0,2136,300/300/300/300/300/300
1700000027.450000,1,300,300,122.00,279.86,1,2136,300/300/300/300/300/300
1700000027.500000,1,300,300,121.98,55.48,0,2136,300/300/300/300/300/300
1700000027.550000,1,300,300,121.95,55.28,0,2136,300/300/300/300/300/300
1700000027.600000,1,300,300,121.93,286.45,1,2152,300/300/300/300/300/300
1700000027.650000,1,300,300,121.90,54.66,0,2152,300/300/300/300/300/300
1700000027.700000,1,300,300,121.88,51.47,0,2152,300/300/300/300/300/300
1700000027.750000,1,300,300,121.83,226.83,1,2134,300/300/300/300/300/300
1700000027.800000,1,300,300,121.84,54.10,0,2134,300/300/300/300/300/300
1700000027.850000,1,300,300,121.77,52.24,0,2134,300/300/300/300/300/300
1700000027.900000,1,300,300,121.74,280.15,1,2139,300/300/300/300/300/300
1700000027.950000,1,300,300,121.74,54.20,0,2139,300/300/300/300/300/300
1700000028.000000,1,300,300,121.73,60.16,0,2139,300/300/300/300/300/300
1700000028.050000,1,300,300,121.74,317.24,1,2129,300/300/300/300/300/300
1700000028.100000,1,300,300,121.77,53.07,0,2129,300/300/300/300/300/300
1700000028.150000,1,300,300,121.76,52.81,0,2129,300/300/300/300/300/300
1700000028.200000,1,300,300,121.76,286.21,1,2139,300/300/300/300/300/300
1700000028.250000,1,300,300,121.77,53.05,0,2139,300/300/300/300/300/300
1700000028.300000,1,300,300,121.83,48.69,0,2139,300/300/300/300/300/300
1700000028.350000,1,300,300,121.83,248.18,1,2146,300/300/300/300/300/300
1700000028.400000,1,300,300,121.87,51.74,0,2146,300/300/300/300/300/300
1700000028.450000,1,300,300,121.90,51.87,0,2146,300/300/300/300/300/300
1700000028.500000,1,300,300,121.92,276.16,1,2125,300/300/300/300/300/300
1700000028.550000,1,300,300,121.93,52.74,0,2125,300/300/300/300/300/300
1700000028.600000,1,300,300,121.94,53.56,0,2125,300/300/300/300/300/300
1700000028.650000,1,300,300,121.94,231.43,1,2103,300/300/300/300/300/300
1700000028.700000,1,300,300,121.92,52.83,0,2103,300/300/300/300/300/300
1700000028.750000,1,300,300,121.91,55.63,0,2103,300/300/300/300/300/300
1700000028.800000,1,300,300,121.84,236.68,1,2122,300/300/300/300/300/300
1700000028.850000,1,300,300,121.82,54.71,0,2122,300/300/300/300/300/300
1700000028.900000,1,300,300,121.77,52.67,0,2122,300/300/300/300/300/300
1700000028.950000,1,300,300,121.73,232.86,1,2091,300/300/300/300/300/300
1700000029.000000,1,300,300,121.71,53.38,0,2091,300/300/300/300/300/300
1700000029.050000,1,300,300,121.68,51.98,0,2091,300/300/300/300/300/300
1700000029.100000,1,300,300,121.66,228.29,1,2118,300/300/300/300/300/300
1700000029.150000,1,300,300,121.62,52.39,0,2118,300/300/300/300/300/300
1700000029.200000,1,300,300,121.63,52.64,0,2118,300/300/300/300/300/300
1700000029.250000,1,300,300,121.65,309.45,1,2055,300/300/300/300/300/300
1700000029.300000,1,300,300,121.65,50.46,0,2055,300/300/300/300/300/300
1700000029.350000,1,300,300,121.67,50.35,0,2055,300/300/300/300/300/300
1700000029.400000,1,300,300,121.71,235.53,1,2035,300/300/300/300/300/300
1700000029.450000,1,300,300,121.78,52.03,0,2035,300/300/300/300/300/300
1700000029.500000,1,300,300,121.86,51.64,0,2035,300/300/300/300/300/300
1700000029.550000,1,300,300,121.92,386.69,1,2056,300/300/300/300/300/300
1700000029.600000,1,300,300,121.99,52.13,0,2056,300/300/300/300/300/300
1700000029.650000,1,300,300,122.05,53.41,0,2056,300/300/300/300/300/300
1700000029.700000,1,300,300,122.09,232.25,1,2038,300/300/300/300/300/300
1700000029.750000,1,300,300,122.12,52.46,0,2038,300/300/300/300/300/300
1700000029.800000,1,300,300,122.15,52.09,0,2038,300/300/300/300/300/300
1700000029.850000,1,300,300,122.18,228.28,1,2010,300/300/300/300/300/300
1700000029.900000,1,300,300,122.15,51.31,0,2010,300/300/300/300/300/300
1700000029.950000,1,300,300,122.15,51.41,0,2010,300/300/300/300/300/300
1700000030.000000,1,300,300,122.13,235.41,1,1979,300/300/300/300/300/300
1700000030.050000,1,300,300,122.10,49.15,0,1979,300/300/300/300/300/300
1700000030.100000,1,300,300,122.12,49.21,0,1979,300/300/300/300/300/300
1700000030.150000,1,300,300,122.11,263.35,1,1985,300/300/300/300/300/300
1700000030.200000,1,300,300,122.12,52.11,0,1985,300/300/300/300/300/300
1700000030.250000,1,300,300,122.14,50.44,0,1985,300/300/300/300/300/300
1700000030.300000,1,300,300,122.17,237.35,1,2005,300/300/300/300/300/300
1700000030.350000,1,300,300,122.18,52.78,0,2005,300/300/300/300/300/300
1700000030.400000,1,300,300,122.22,51.21,0,2005,300/300/300/300/300/300
1700000030.450000,1,300,300,122.29,272.13,1,2011,300/300/300/300/300/300
1700000030.500000,1,300,300,122.33,56.48,0,2011,300/300/300/300/300/300
1700000030.550000,1,300,300,122.39,53.89,0,2011,300/300/300/300/300/300
1700000030.600000,1,300,300,122.42,236.31,1,2001,300/300/300/300/300/300
1700000030.650000,1,300,300,122.46,55.54,0,2001,300/300/300/300/300/300
1700000030.700000,1,300,300,122.50,54.13,0,2001,300/300/300/300/300/300
1700000030.750000,1,300,300,122.50,344.79,1,1972,300/300/300/300/300/300
1700000030.800000,1,300,300,122.47,52.46,0,1972,300/300/300/300/300/300
1700000030.850000,1,300,300,122.45,52.04,0,1972,300/300/300/300/300/300
1700000030.900000,1,300,300,122.47,267.32,1,1984,300/300/300/300/300/300
1700000030.950000,1,300,300,122.44,54.20,0,1984,300/300/300/300/300/300
1700000031.000000,1,300,300,122.41,58.08,0,1984,300/300/300/300/300/300
1700000031.050000,1,300,300,122.37,230.78,1,2010,300/300/300/300/300/300
1700000031.100000,1,300,300,122.31,53.97,0,2010,300/300/300/300/300/300
1700000031.150000,1,300,300,122.23,55.13,0,2010,300/300/300/300/300/300
1700000031.200000,1,300,300,122.19,372.45,1,2026,300/300/300/300/300/300
1700000031.250000,1,300,300,122.16,57.79,0,2026,300/300/300/300/300/300
1700000031.300000,1,300,300,122.10,61.88,0,2026,300/300/300/300/300/300
1700000031.350000,1,300,300,122.03,314.81,1,2022,300/300/300/300/300/300
1700000031.400000,1,300,300,121.98,63.70,0,2022,300/300/300/300/300/300
1700000031.450000,1,300,300,121.88,59.23,0,2022,300/300/300/300/300/300
1700000031.500000,1,300,300,121.81,240.03,1,2035,300/300/300/300/300/300
1700000031.550000,1,300,300,121.74,63.00,0,2035,300/300/300/300/300/300
1700000031.600000,1,300,300,121.59,61.75,0,2035,300/300/300/300/300/300
1700000031.650000,1,300,300,121.45,240.52,1,2046,300/300/300/300/300/300
1700000031.700000,1,300,300,121.33,56.68,0,2046,300/300/300/300/300/300
1700000031.750000,1,300,300,121.24,58.41,0,2046,300/300/300/300/300/300
1700000031.800000,1,300,300,121.12,278.52,1,2088,300/300/300/300/300/300
1700000031.850000,1,300,300,121.01,57.75,0,2088,300/300/300/300/300/300
1700000031.900000,1,300,300,120.89,56.62,0,2088,300/300/300/300/300/300
1700000031.950000,1,300,300,120.79,239.07,1,2119,300/300/300/300/300/300
1700000032.000000,1,300,300,120.70,59.06,0,2119,300/300/300/300/300/300
1700000032.050000,1,300,300,120.61,58.40,0,2119,300/300/300/300/300/300
1700000032.100000,1,300,300,120.59,241.97,1,2148,300/300/300/300/300/300
1700000032.150000,1,300,300,120.52,56.52,0,2148,300/300/300/300/300/300
1700000032.200000,1,300,300,120.46,59.90,0,2148,300/300/300/300/300/300
1700000032.250000,1,300,300,120.44,242.50,1,2156,300/300/300/300/300/300
1700000032.300000,1,300,300,120.37,53.86,0,2156,300/300/300/300/300/300
1700000032.350000,1,300,300,120.31,55.87,0,2156,300/300/300/300/300/300
1700000032.400000,1,300,300,120.29,240.02,1,2189,300/300/300/300/300/300
1700000032.450000,1,300,300,120.25,55.52,0,2189,300/300/300/300/300/300
1700000032.500000,1,300,300,120.22,55.94,0,2189,300/300/300/300/300/300
1700000032.550000,1,300,300,120.19,245.71,1,2217,300/300/300/300/300/300
1700000032.600000,1,300,300,120.13,55.89,0,2217,300/300/300/300/300/300
1700000032.650000,1,300,300,120.09,56.96,0,2217,300/300/300/300/300/300
1700000032.700000,1,300,300,120.02,237.75,1,2228,300/300/300/300/300/300
1700000032.750000,1,300,300,120.04,60.82,0,2228,300/300/300/300/300/300
1700000032.800000,1,300,300,119.99,56.98,0,2228,300/300/300/300/300/300
1700000032.850000,1,300,300,119.95,239.93,1,2247,300/300/300/300/300/300
1700000032.900000,1,300,300,119.94,55.72,0,2247,300/300/300/300/300/300
1700000032.950000,1,300,300,119.93,59.95,0,2247,300/300/300/300/300/300
1700000033.000000,1,300,300,119.92,243.31,1,2294,300/300/300/300/300/300
1700000033.050000,1,300,300,119.97,63.17,0,2294,300/300/300/300/300/300
1700000033.100000,1,300,300,120.04,60.93,0,2294,300/300/300/300/300/300
1700000033.150000,1,300,300,120.11,240.32,1,2276,300/300/300/300/300/300
1700000033.200000,1,300,300,120.20,66.01,0,2276,300/300/300/300/300/300
1700000033.250000,1,300,300,120.32,61.46,0,2276,300/300/300/300/300/300
1700000033.300000,1,300,300,120.46,243.13,1,2301,300/300/300/300/300/300
1700000033.350000,1,300,300,120.54,62.78,0,2301,300/300/300/300/300/300
1700000033.400000,1,300,300,120.49,63.43,0,2301,300/300/300/300/300/300
1700000033.450000,1,300,300,120.44,242.36,1,2324,300/300/300/300/300/300
1700000033.500000,1,300,300,120.26,62.44,0,2324,300/300/300/300/300/300
1700000033.550000,1,300,300,120.14,56.93,0,2324,300/300/300/300/300/300
1700000033.600000,1,300,300,120.02,240.89,1,2320,300/300/300/300/300/300
1700000033.650000,1,300,300,119.91,54.42,0,2320,300/300/300/300/300/300
1700000033.700000,1,300,300,119.78,54.85,0,2320,300/300/300/300/300/300
1700000033.750000,1,300,300,119.71,251.51,1,2345,300/300/300/300/300/300
1700000033.800000,1,300,300,119.61,57.36,0,2345,300/300/300/300/300/300
1700000033.850000,1,300,300,119.55,54.27,0,2345,300/300/300/300/300/300
1700000033.900000,1,300,300,119.50,246.22,1,2366,300/300/300/300/300/300
1700000033.950000,1,300,300,119.44,53.29,0,2366,300/300/300/300/300/300
1700000034.000000,1,300,300,119.41,53.64,0,2366,300/300/300/300/300/300
1700000034.050000,1,300,300,119.40,250.12,1,2373,300/300/300/300/300/300
1700000034.100000,1,300,300,119.44,55.46,0,2373,300/300/300/300/300/300
1700000034.150000,1,300,300,119.40,56.01,0,2373,300/300/300/300/300/300
1700000034.200000,1,300,300,119.36,246.46,1,2361,300/300/300/300/300/300
1700000034.250000,1,300,300,119.34,54.36,0,2361,300/300/300/300/300/300
1700000034.300000,1,300,300,119.27,53.70,0,2361,300/300/300/300/300/300
1700000034.350000,1,300,300,119.20,250.20,1,2359,300/300/300/300/300/300
1700000034.400000,1,300,300,119.15,51.39,0,2359,300/300/300/300/300/300
1700000034.450000,1,300,300,119.07,50.18,0,2359,300/300/300/300/300/300
1700000034.500000,1,300,300,119.09,247.75,1,2370,300/300/300/300/300/300
1700000034.550000,1,300,300,119.10,51.94,0,2370,300/300/300/300/300/300
1700000034.600000,1,300,300,119.12,51.23,0,2370,300/300/300/300/300/300
1700000034.650000,1,300,300,119.08,249.71,1,2385,300/300/300/300/300/300
1700000034.700000,1,300,300,119.17,53.70,0,2385,300/300/300/300/300/300
1700000034.750000,1,300,300,119.16,52.68,0,2385,300/300/300/300/300/300
1700000034.800000,1,300,300,119.15,256.54,1,2373,300/300/300/300/300/300
1700000034.850000,1,300,300,119.19,52.51,0,2373,300/300/300/300/300/300
1700000034.900000,1,300,300,119.16,54.44,0,2373,300/300/300/300/300/300
1700000034.950000,1,300,300,119.11,255.10,1,2395,300/300/300/300/300/300
1700000035.000000,1,300,300,119.04,50.68,0,2395,300/300/300/300/300/300
1700000035.050000,1,300,300,118.96,52.23,0,2395,300/300/300/300/300/300
1700000035.100000,1,300,300,118.81,258.14,1,2377,300/300/300/300/300/300
1700000035.150000,1,300,300,118.59,54.32,0,2377,300/300/300/300/300/300
1700000035.200000,1,300,300,118.47,55.06,0,2377,300/300/300/300/300/300
1700000035.250000,1,300,300,118.30,263.05,1,2368,300/300/300/300/300/300
1700000035.300000,1,300,300,118.21,53.61,0,2368,300/300/300/300/300/300
1700000035.350000,1,300,300,118.15,54.00,0,2368,300/300/300/300/300/300
1700000035.400000,1,300,300,118.05,257.75,1,2386,300/300/300/300/300/300
1700000035.450000,1,300,300,118.01,53.26,0,2386,300/300/300/300/300/300
1700000035.500000,1,300,300,117.98,51.43,0,2386,300/300/300/300/300/300
1700000035.550000,1,300,300,117.98,261.53,1,2388,300/300/300/300/300/300
1700000035.600000,1,300,300,118.03,53.69,0,2388,300/300/300/300/300/300
1700000035.650000,1,300,300,118.04,52.40,0,2388,300/300/300/300/300/300
1700000035.700000,1,300,300,118.12,266.21,1,2382,300/300/300/300/300/300
1700000035.750000,1,300,300,118.30,58.98,0,2382,300/300/300/300/300/300
1700000035.800000,1,300,300,118.35,54.55,0,2382,300/300/300/300/300/300
1700000035.850000,1,300,300,118.44,267.06,1,2361,300/300/300/300/300/300
1700000035.900000,1,300,300,118.53,53.75,0,2361,300/300/300/300/300/300
1700000035.950000,1,300,300,118.70,55.57,0,2361,300/300/300/300/300/300
1700000036.000000,1,300,300,118.78,265.31,1,2382,300/300/300/300/300/300
1700000036.050000,1,300,300,118.70,53.91,0,2382,300/300/300/300/300/300
1700000036.100000,1,300,300,118.76,56.03,0,2382,300/300/300/300/300/300
1700000036.150000,1,300,300,118.79,264.44,1,2376,300/300/300/300/300/300
1700000036.200000,1,300,300,118.78,56.94,0,2376,300/300/300/300/300/300
1700000036.250000,1,300,300,118.78,54.46,0,2376,300/300/300/300/300/300
1700000036.300000,1,300,300,118.74,260.90,1,2386,300/300/300/300/300/300
1700000036.350000,1,300,300,118.71,55.33,0,2386,300/300/300/300/300/300
1700000036.400000,1,300,300,118.62,56.59,0,2386,300/300/300/300/300/300
1700000036.450000,1,300,300,118.48,258.09,1,2342,300/300/300/300/300/300
1700000036.500000,1,300,300,118.43,59.01,0,2342,300/300/300/300/300/300
1700000036.550000,1,300,300,118.51,58.35,0,2342,300/300/300/300/300/300
1700000036.600000,1,300,300,118.58,257.31,1,2334,300/300/300/300/300/300
1700000036.650000,1,300,300,118.62,58.12,0,2334,300/300/300/300/300/300
1700000036.700000,1,300,300,118.69,56.72,0,2334,300/300/300/300/300/300
1700000036.750000,1,300,300,118.76,255.59,1,2363,300/300/300/300/300/300
1700000036.800000,1,300,300,118.84,55.42,0,2363,300/300/300/300/300/300
1700000036.850000,1,300,300,118.82,72.52,0,2363,300/300/300/300/300/300
1700000036.900000,1,300,300,118.86,259.50,1,2359,300/300/300/300/300/300
1700000036.950000,1,300,300,118.91,57.50,0,2359,300/300/300/300/300/300
1700000037.000000,1,300,300,118.95,59.13,0,2359,300/300/300/300/300/300
1700000037.050000,1,300,300,119.00,255.52,1,2337,300/300/300/300/300/300
1700000037.100000,1,300,300,119.07,56.90,0,2337,300/300/300/300/300/300
1700000037.150000,1,300,300,119.09,55.86,0,2337,300/300/300/300/300/300
1700000037.200000,1,300,300,119.14,255.14,1,2347,300/300/300/300/300/300
1700000037.250000,1,300,300,119.16,54.28,0,2347,300/300/300/300/300/300
1700000037.300000,1,300,300,119.21,53.59,0,2347,300/300/300/300/300/300
1700000037.350000,1,300,300,119.25,257.83,1,2360,300/300/300/300/300/300
1700000037.400000,1,300,300,119.26,55.19,0,2360,300/300/300/300/300/300
1700000037.450000,1,300,300,119.25,58.58,0,2360,300/300/300/300/300/300
1700000037.500000,1,300,300,119.33,250.39,1,2343,300/300/300/300/300/300
1700000037.550000,1,300,300,119.34,57.51,0,2343,300/300/300/300/300/300
1700000037.600000,1,300,300,119.36,57.91,0,2343,300/300/300/300/300/300
1700000037.650000,1,300,300,119.39,256.14,1,2348,300/300/300/300/300/300
1700000037.700000,1,300,300,119.40,61.48,0,2348,300/300/300/300/300/300
1700000037.750000,1,300,300,119.42,56.84,0,2348,300/300/300/300/300/300
1700000037.800000,1,300,300,119.45,257.77,1,2355,300/300/300/300/300/300
1700000037.850000,1,300,300,119.44,53.15,0,2355,300/300/300/300/300/300
1700000037.900000,1,300,300,119.46,57.83,0,2355,300/300/300/300/300/300
1700000037.950000,1,300,300,119.45,254.84,1,2384,300/300/300/300/300/300
1700000038.000000,1,300,300,119.45,52.23,0,2384,300/300/300/300/300/300
1700000038.050000,1,300,300,119.46,55.55,0,2384,300/300/300/300/300/300
1700000038.100000,1,300,300,119.47,265.38,1,2406,300/300/300/300/300/300
1700000038.150000,1,300,300,119.52,54.63,0,2406,300/300/300/300/300/300
1700000038.200000,1,300,300,119.56,60.53,0,2406,300/300/300/300/300/300
1700000038.250000,1,300,300,119.58,262.50,1,2392,300/300/300/300/300/300
1700000038.300000,1,300,300,119.58,59.92,0,2392,300/300/300/300/300/300
1700000038.350000,1,300,300,119.60,58.59,0,2392,300/300/300/300/300/300
1700000038.400000,1,300,300,119.65,266.31,1,2412,300/300/300/300/300/300
1700000038.450000,1,300,300,119.66,61.34,0,2412,300/300/300/300/300/300
1700000038.500000,1,300,300,119.67,61.45,0,2412,300/300/300/300/300/300
1700000038.550000,1,300,300,119.69,270.46,1,2429,300/300/300/300/300/300
1700000038.600000,1,300,300,119.70,58.50,0,2429,300/300/300/300/300/300
1700000038.650000,1,300,300,119.72,55.73,0,2429,300/300/300/300/300/300
1700000038.700000,1,300,300,119.71,267.21,1,2425,300/300/300/300/300/300
1700000038.750000,1,300,300,119.74,59.21,0,2425,300/300/300/300/300/300
1700000038.800000,1,300,300,119.75,57.49,0,2425,300/300/300/300/300/300
1700000038.850000,1,300,300,119.74,273.10,1,2438,300/300/300/300/300/300
1700000038.900000,1,300,300,119.77,60.44,0,2438,300/300/300/300/300/300
1700000038.950000,1,300,300,119.78,58.12,0,2438,300/300/300/300/300/300
1700000039.000000,1,300,300,119.78,488.68,1,2416,300/300/300/300/300/300
1700000039.050000,1,300,300,119.82,59.55,0,2416,300/300/300/300/300/300
1700000039.100000,1,300,300,119.82,60.64,0,2416,300/300/300/300/300/300
1700000039.150000,1,300,300,119.83,271.77,1,2458,300/300/300/300/300/300
1700000039.200000,1,300,300,119.85,61.27,0,2458,300/300/300/300/300/300
1700000039.250000,1,300,300,119.84,60.19,0,2458,300/300/300/300/300/300
1700000039.300000,1,300,300,119.88,276.56,1,2459,300/300/300/300/300/300
1700000039.350000,1,300,300,119.92,60.38,0,2459,300/300/300/300/300/300
1700000039.400000,1,300,300,119.94,67.24,0,2459,300/300/300/300/300/300
1700000039.450000,1,300,300,119.97,274.25,1,2449,300/300/300/300/300/300
1700000039.500000,1,300,300,120.03,60.28,0,2449,300/300/300/300/300/300
1700000039.550000,1,300,300,120.06,62.88,0,2449,300/300/300/300/300/300
1700000039.600000,1,300,300,120.16,278.69,1,2441,300/300/300/300/300/300
1700000039.650000,1,300,300,120.22,67.66,0,2441,300/300/300/300/300/300
1700000039.700000,1,300,300,120.26,58.92,0,2441,300/300/300/300/300/300
1700000039.750000,1,300,300,120.34,275.45,1,2458,300/300/300/300/300/300
1700000039.800000,1,300,300,120.41,57.26,0,2458,300/300/300/300/300/300
1700000039.850000,1,300,300,120.51,57.27,0,2458,300/300/300/300/300/300
1700000039.900000,1,300,300,120.56,304.13,1,2477,300/300/300/300/300/300
1700000039.950000,1,300,300,120.62,63.82,0,2477,300/300/300/300/300/300
1700000040.000000,1,300,300,120.64,59.62,0,2477,300/300/300/300/300/300
1700000040.050000,1,300,300,120.69,264.54,1,2479,300/300/300/300/300/300
1700000040.100000,1,300,300,120.74,54.91,0,2479,300/300/300/300/300/300
1700000040.150000,1,300,300,120.76,52.74,0,2479,300/300/300/300/300/300
1700000040.200000,1,300,300,120.76,317.81,1,2494,300/300/300/300/300/300
1700000040.250000,1,300,300,120.79,55.92,0,2494,300/300/300/300/300/300
1700000040.300000,1,300,300,120.81,59.60,0,2494,300/300/300/300/300/300
1700000040.350000,1,300,300,120.78,329.00,1,2483,300/300/300/300/300/300
1700000040.400000,1,300,300,120.78,56.74,0,2483,300/300/300/300/300/300
1700000040.450000,1,300,300,120.74,56.91,0,2483,300/300/300/300/300/300
1700000040.500000,1,300,300,120.73,253.30,1,2482,300/300/300/300/300/300
1700000040.550000,1,300,300,120.71,54.40,0,2482,300/300/300/300/300/300
1700000040.600000,1,300,300,120.74,57.53,0,2482,300/300/300/300/300/300
1700000040.650000,1,300,300,120.70,248.58,1,2484,300/300/300/300/300/300
1700000040.700000,1,300,300,120.68,54.49,0,2484,300/300/300/300/300/300
1700000040.750000,1,300,300,120.66,58.44,0,2484,300/300/300/300/300/300
1700000040.800000,1,300,300,120.64,268.72,1,2482,300/300/300/300/300/300
1700000040.850000,1,300,300,120.61,51.82,0,2482,300/300/300/300/300/300
1700000040.900000,1,300,300,120.63,52.31,0,2482,300/300/300/300/300/300
1700000040.950000,1,300,300,120.64,310.91,1,2474,300/300/300/300/300/300
1700000041.000000,1,300,300,120.60,55.32,0,2474,300/300/300/300/300/300
1700000041.050000,1,300,300,120.62,52.72,0,2474,300/300/300/300/300/300
1700000041.100000,1,300,300,120.60,299.31,1,2475,300/300/300/300/300/300
1700000041.150000,1,300,300,120.54,52.88,0,2475,300/300/300/300/300/300
1700000041.200000,1,300,300,120.50,56.23,0,2475,300/300/300/300/300/300
1700000041.250000,1,300,300,120.45,312.41,1,2486,300/300/300/300/300/300
1700000041.300000,1,300,300,120.43,57.92,0,2486,300/300/300/300/300/300
1700000041.350000,1,300,300,120.41,54.72,0,2486,300/300/300/300/300/300
1700000041.400000,1,300,300,120.40,245.63,1,2477,300/300/300/300/300/300
1700000041.450000,1,300,300,120.42,56.12,0,2477,300/300/300/300/300/300
1700000041.500000,1,300,300,120.40,58.76,0,2477,300/300/300/300/300/300
1700000041.550000,1,300,300,120.38,281.30,1,2506,300/300/300/300/300/300
1700000041.600000,1,300,300,120.35,60.32,0,2506,300/300/300/300/300/300
1700000041.650000,1,300,300,120.27,59.10,0,2506,300/300/300/300/300/300
1700000041.700000,1,300,300,120.26,340.17,1,2515,300/300/300/300/300/300
1700000041.750000,1,300,300,120.21,57.69,0,2515,300/300/300/300/300/300
1700000041.800000,1,300,300,120.17,56.28,0,2515,300/300/300/300/300/300
1700000041.850000,1,300,300,120.12,248.11,1,2516,300/300/300/300/300/300
1700000041.900000,1,300,300,120.09,54.92,0,2516,300/300/300/300/300/300
1700000041.950000,1,300,300,120.04,53.83,0,2516,300/300/300/300/300/300
1700000042.000000,1,300,300,120.03,246.96,1,2514,300/300/300/300/300/300
1700000042.050000,1,300,300,119.96,57.23,0,2514,300/300/300/300/300/300
1700000042.100000,1,300,300,119.96,54.20,0,2514,300/300/300/300/300/300
1700000042.150000,1,300,300,119.90,286.79,1,2530,300/300/300/300/300/300
1700000042.200000,1,300,300,119.88,57.59,0,2530,300/300/300/300/300/300
1700000042.250000,1,300,300,119.84,55.27,0,2530,300/300/300/300/300/300
1700000042.300000,1,300,300,119.84,249.68,1,2520,300/300/300/300/300/300
1700000042.350000,1,300,300,119.78,56.75,0,2520,300/300/300/300/300/300
1700000042.400000,1,300,300,119.77,54.22,0,2520,300/300/300/300/300/300
1700000042.450000,1,300,300,119.72,290.84,1,2531,300/300/300/300/300/300
1700000042.500000,1,300,300,119.67,53.13,0,2531,300/300/300/300/300/300
1700000042.550000,1,300,300,119.63,51.77,0,2531,300/300/300/300/300/300
1700000042.600000,1,300,300,119.52,414.29,1,2539,300/300/300/300/300/300
1700000042.650000,1,300,300,119.51,54.04,0,2539,300/300/300/300/300/300
1700000042.700000,1,300,300,119.46,52.65,0,2539,300/300/300/300/300/300
1700000042.750000,1,300,300,119.48,251.52,1,2556,300/300/300/300/300/300
1700000042.800000,1,300,300,119.48,53.45,0,2556,300/300/300/300/300/300
1700000042.850000,1,300,300,119.43,51.26,0,2556,300/300/300/300/300/300
1700000042.900000,1,300,300,119.42,256.19,1,2578,300/300/300/300/300/300
1700000042.950000,1,300,300,119.37,56.28,0,2578,300/300/300/300/300/300
1700000043.000000,1,300,300,119.31,54.56,0,2578,300/300/300/300/300/300
1700000043.050000,1,300,300,119.29,265.22,1,2580,300/300/300/300/300/300
1700000043.100000,1,300,300,119.30,54.43,0,2580,300/300/300/300/300/300
1700000043.150000,1,300,300,119.25,55.64,0,2580,300/300/300/300/300/300
1700000043.200000,1,300,300,119.22,267.36,1,2553,300/300/300/300/300/300
1700000043.250000,1,300,300,119.23,55.77,0,2553,300/300/300/300/300/300
1700000043.300000,1,300,300,119.12,57.81,0,2553,300/300/300/300/300/300
1700000043.350000,1,300,300,119.05,270.80,1,2554,300/300/300/300/300/300
1700000043.400000,1,300,300,118.94,56.75,0,2554,300/300/300/300/300/300
1700000043.450000,1,300,300,118.85,53.96,0,2554,300/300/300/300/300/300
1700000043.500000,1,300,300,118.78,267.61,1,2554,300/300/300/300/300/300
1700000043.550000,1,300,300,118.70,58.36,0,2554,300/300/300/300/300/300
1700000043.600000,1,300,300,118.65,55.83,0,2554,300/300/300/300/300/300
1700000043.650000,1,300,300,118.60,272.84,1,2545,300/300/300/300/300/300
1700000043.700000,1,300,300,118.55,61.01,0,2545,300/300/300/300/300/300
1700000043.750000,1,300,300,118.48,61.54,0,2545,300/300/300/300/300/300
1700000043.800000,1,300,300,118.41,263.93,1,2537,300/300/300/300/300/300
1700000043.850000,1,300,300,118.38,58.50,0,2537,300/300/300/300/300/300
1700000043.900000,1,300,300,118.30,55.82,0,2537,300/300/300/300/300/300
1700000043.950000,1,300,300,118.25,260.89,1,2520,300/300/300/300/300/300
1700000044.000000,1,300,300,118.12,54.10,0,2520,300/300/300/300/300/300
1700000044.050000,1,300,300,118.03,54.67,0,2520,300/300/300/300/300/300
1700000044.100000,1,300,300,117.90,254.91,1,2500,300/300/300/300/300/300
1700000044.150000,1,300,300,117.76,56.36,0,2500,300/300/300/300/300/300
1700000044.200000,1,300,300,117.65,59.54,0,2500,300/300/300/300/300/300
1700000044.250000,1,300,300,117.51,257.71,1,2459,300/300/300/300/300/300
1700000044.300000,1,300,300,117.39,56.55,0,2459,300/300/300/300/300/300
1700000044.350000,1,300,300,117.27,56.33,0,2459,300/300/300/300/300/300
1700000044.400000,1,300,300,117.15,250.95,1,2457,300/300/300/300/300/300
1700000044.450000,1,300,300,117.01,58.10,0,2457,300/300/300/300/300/300
1700000044.500000,1,300,300,116.85,58.22,0,2457,300/300/300/300/300/300
1700000044.550000,1,300,300,116.70,254.95,1,2446,300/300/300/300/300/300
1700000044.600000,1,300,300,116.60,57.25,0,2446,300/300/300/300/300/300
1700000044.650000,1,300,300,116.50,57.59,0,2446,300/300/300/300/300/300
1700000044.700000,1,300,300,116.41,254.55,1,2436,300/300/300/300/300/300
1700000044.750000,1,300,300,116.31,65.21,0,2436,300/300/300/300/300/300
1700000044.800000,1,300,300,116.27,64.04,0,2436,300/300/300/300/300/300
1700000044.850000,1,300,300,116.20,249.71,1,2417,300/300/300/300/300/300
1700000044.900000,1,300,300,116.10,59.97,0,2417,300/300/300/300/300/300
1700000044.950000,1,300,300,116.00,56.88,0,2417,300/300/300/300/300/300
1700000045.000000,1,300,300,115.95,255.01,1,2404,300/300/300/300/300/300
1700000045.050000,1,300,300,115.90,56.12,0,2404,300/300/300/300/300/300
1700000045.100000,1,300,300,115.81,58.87,0,2404,300/300/300/300/300/300
1700000045.150000,1,300,300,115.73,251.96,1,2390,300/300/300/300/300/300
1700000045.200000,1,300,300,115.69,59.21,0,2390,300/300/300/300/300/300
1700000045.250000,1,300,300,115.58,59.03,0,2390,300/300/300/300/300/300
1700000045.300000,1,300,300,115.51,250.63,1,2357,300/300/300/300/300/300
1700000045.350000,1,300,300,115.53,57.90,0,2357,300/300/300/300/300/300
1700000045.400000,1,300,300,115.54,58.66,0,2357,300/300/300/300/300/300
1700000045.450000,1,300,300,115.55,249.99,1,2371,300/300/300/300/300/300
1700000045.500000,1,300,300,115.54,60.35,0,2371,300/300/300/300/300/300
1700000045.550000,1,300,300,115.56,59.49,0,2371,300/300/300/300/300/300
1700000045.600000,1,300,300,115.57,248.53,1,2380,300/300/300/300/300/300
1700000045.650000,1,300,300,115.51,57.33,0,2380,300/300/300/300/300/300
1700000045.700000,1,300,300,115.42,54.19,0,2380,300/300/300/300/300/300
1700000045.750000,1,300,300,115.23,248.86,1,2379,300/300/300/300/300/300
1700000045.800000,1,300,300,115.07,52.81,0,2379,300/300/300/300/300/300
1700000045.850000,1,300,300,114.92,59.52,0,2379,300/300/300/300/300/300
1700000045.900000,1,300,300,114.82,252.81,1,2368,300/300/300/300/300/300
1700000045.950000,1,300,300,114.68,61.48,0,2368,300/300/300/300/300/300
1700000046.000000,1,300,300,114.50,56.98,0,2368,300/300/300/300/300/300
1700000046.050000,1,300,300,114.26,245.71,1,2350,300/300/300/300/300/300
1700000046.100000,1,300,300,114.13,54.28,0,2350,300/300/300/300/300/300
1700000046.150000,1,300,300,114.01,53.37,0,2350,300/300/300/300/300/300
1700000046.200000,1,300,300,113.92,247.18,1,2358,300/300/300/300/300/300
1700000046.250000,1,300,300,113.87,57.76,0,2358,300/300/300/300/300/300
1700000046.300000,1,300,300,113.83,59.77,0,2358,300/300/300/300/300/300
1700000046.350000,1,300,300,113.63,252.73,1,2365,300/300/300/300/300/300
1700000046.400000,1,300,300,113.54,55.35,0,2365,300/300/300/300/300/300
1700000046.450000,1,300,300,113.60,58.50,0,2365,300/300/300/300/300/300
1700000046.500000,1,300,300,113.53,251.42,1,2360,300/300/300/300/300/300
1700000046.550000,1,300,300,113.36,64.71,0,2360,300/300/300/300/300/300
1700000046.600000,1,300,300,113.17,54.91,0,2360,300/300/300/300/300/300
1700000046.650000,1,300,300,112.90,253.35,1,2357,300/300/300/300/300/300
1700000046.700000,1,300,300,112.68,56.00,0,2357,300/300/300/300/300/300
1700000046.750000,1,300,300,112.43,60.69,0,2357,300/300/300/300/300/300
1700000046.800000,1,300,300,112.30,256.30,1,2371,300/300/300/300/300/300
1700000046.850000,1,300,300,112.28,55.91,0,2371,300/300/300/300/300/300
1700000046.900000,1,300,300,112.27,58.96,0,2371,300/300/300/300/300/300
1700000046.950000,1,300,300,112.14,254.29,1,2359,300/300/300/300/300/300
1700000047.000000,1,300,300,111.73,62.09,0,2359,300/300/300/300/300/300
1700000047.050000,1,300,300,111.50,59.84,0,2359,300/300/300/300/300/300
1700000047.100000,1,300,300,111.67,257.79,1,2372,300/300/300/300/300/300
1700000047.150000,1,300,300,111.81,59.27,0,2372,300/300/300/300/300/300
1700000047.200000,1,300,300,112.03,62.42,0,2372,300/300/300/300/300/300
1700000047.250000,1,300,300,112.23,302.24,1,2401,300/300/300/300/300/300
1700000047.300000,1,300,300,112.62,61.10,0,2401,300/300/300/300/300/300
1700000047.350000,1,300,300,112.79,60.50,0,2401,300/300/300/300/300/300
1700000047.400000,1,300,300,113.16,266.81,1,2411,300/300/300/300/300/300
1700000047.450000,1,300,300,113.54,64.48,0,2411,300/300/300/300/300/300
1700000047.500000,1,300,300,113.96,61.56,0,2411,300/300/300/300/300/300
1700000047.550000,1,300,300,114.35,269.80,1,2417,300/300/300/300/300/300
1700000047.600000,1,300,300,114.73,61.09,0,2417,300/300/300/300/300/300
1700000047.650000,1,300,300,114.90,59.10,0,2417,300/300/300/300/300/300
1700000047.700000,1,300,300,115.10,267.67,1,2413,300/300/300/300/300/300
1700000047.750000,1,300,300,115.42,59.11,0,2413,300/300/300/300/300/300
1700000047.800000,1,300,300,115.62,60.03,0,2413,300/300/300/300/300/300
1700000047.850000,1,300,300,115.84,265.59,1,2406,300/300/300/300/300/300
1700000047.900000,1,300,300,116.04,59.69,0,2406,300/300/300/300/300/300
1700000047.950000,1,300,300,116.30,62.14,0,2406,300/300/300/300/300/300
1700000048.000000,1,300,300,116.54,266.22,1,2401,300/300/300/300/300/300
1700000048.050000,1,300,300,116.76,60.33,0,2401,300/300/300/300/300/300
1700000048.100000,1,300,300,116.94,60.42,0,2401,300/300/300/300/300/300
1700000048.150000,1,300,300,117.15,271.60,1,2398,300/300/300/300/300/300
1700000048.200000,1,300,300,117.28,63.38,0,2398,300/300/300/300/300/300
1700000048.250000,1,300,300,117.46,60.02,0,2398,300/300/300/300/300/300
1700000048.300000,1,300,300,117.59,354.99,1,2396,300/300/300/300/300/300
1700000048.350000,1,300,300,117.69,62.92,0,2396,300/300/300/300/300/300
1700000048.400000,1,300,300,117.78,56.49,0,2396,300/300/300/300/300/300
1700000048.450000,1,300,300,117.89,383.01,1,2391,300/300/300/300/300/300
1700000048.500000,1,300,300,117.93,59.84,0,2391,300/300/300/300/300/300
1700000048.550000,1,300,300,117.97,59.46,0,2391,300/300/300/300/300/300
1700000048.600000,1,300,300,118.02,350.09,1,2421,300/300/300/300/300/300
1700000048.650000,1,300,300,118.05,60.65,0,2421,300/300/300/300/300/300
1700000048.700000,1,300,300,118.08,64.35,0,2421,300/300/300/300/300/300
1700000048.750000,1,300,300,118.13,309.03,1,2397,300/300/300/300/300/300
1700000048.800000,1,300,300,118.15,66.27,0,2397,300/300/300/300/300/300
1700000048.850000,1,300,300,118.22,62.30,0,2397,300/300/300/300/300/300
1700000048.900000,1,300,300,118.26,269.20,1,2386,300/300/300/300/300/300
1700000048.950000,1,300,300,118.34,59.80,0,2386,300/300/300/300/300/300
1700000049.000000,1,300,300,118.40,67.84,0,2386,300/300/300/300/300/300
1700000049.050000,1,300,300,118.46,257.62,1,2398,300/300/300/300/300/300
1700000049.100000,1,300,300,118.52,59.65,0,2398,300/300/300/300/300/300
1700000049.150000,1,300,300,118.62,63.33,0,2398,300/300/300/300/300/300
1700000049.200000,1,300,300,118.63,262.21,1,2415,300/300/300/300/300/300
1700000049.250000,1,300,300,118.68,59.67,0,2415,300/300/300/300/300/300
1700000049.300000,1,300,300,118.77,60.59,0,2415,300/300/300/300/300/300
1700000049.350000,1,300,300,118.78,262.81,1,2451,300/300/300/300/300/300
1700000049.400000,1,300,300,118.87,57.26,0,2451,300/300/300/300/300/300
1700000049.450000,1,300,300,118.87,59.43,0,2451,300/300/300/300/300/300
1700000049.500000,1,300,300,118.92,266.39,1,2438,300/300/300/300/300/300
1700000049.550000,1,300,300,118.97,59.89,0,2438,300/300/300/300/300/300
1700000049.600000,1,300,300,119.00,63.58,0,2438,300/300/300/300/300/300
1700000049.650000,1,300,300,119.03,262.92,1,2402,300/300/300/300/300/300
1700000049.700000,1,300,300,119.08,60.82,0,2402,300/300/300/300/300/300
1700000049.750000,1,300,300,119.13,59.57,0,2402,300/300/300/300/300/300
1700000049.800000,1,300,300,119.14,255.24,1,2398,300/300/300/300/300/300
1700000049.850000,1,300,300,119.19,61.81,0,2398,300/300/300/300/300/300
1700000049.900000,1,300,300,119.24,64.08,0,2398,300/300/300/300/300/300
1700000049.950000,1,300,300,119.26,264.52,1,2398,300/300/300/300/300/300
1700000050.000000,1,300,300,119.27,57.56,0,2398,300/300/300/300/300/300
1700000050.050000,1,300,300,119.30,56.96,0,2398,300/300/300/300/300/300
1700000050.100000,1,300,300,119.30,258.76,1,2440,300/300/300/300/300/300
1700000050.150000,1,300,300,119.33,55.23,0,2440,300/300/300/300/300/300
1700000050.200000,1,300,300,119.36,56.36,0,2440,300/300/300/300/300/300
1700000050.250000,1,300,300,119.37,330.90,1,2432,300/300/300/300/300/300
1700000050.300000,1,300,300,119.40,58.73,0,2432,300/300/300/300/300/300
1700000050.350000,1,300,300,119.44,58.50,0,2432,300/300/300/300/300/300
1700000050.400000,1,300,300,119.45,286.79,1,2412,300/300/300/300/300/300
1700000050.450000,1,300,300,119.44,58.57,0,2412,300/300/300/300/300/300
1700000050.500000,1,300,300,119.45,54.57,0,2412,300/300/300/300/300/300
1700000050.550000,1,300,300,119.53,250.48,1,2415,300/300/300/300/300/300
1700000050.600000,1,300,300,119.55,52.90,0,2415,300/300/300/300/300/300
1700000050.650000,1,300,300,119.59,53.32,0,2415,300/300/300/300/300/300
1700000050.700000,1,300,300,119.65,248.22,1,2411,300/300/300/300/300/300
1700000050.750000,1,300,300,119.63,59.67,0,2411,300/300/300/300/300/300
1700000050.800000,1,300,300,119.64,58.99,0,2411,300/300/300/300/300/300
1700000050.850000,1,300,300,119.67,379.84,1,2393,300/300/300/300/300/300
1700000050.900000,1,300,300,119.72,54.88,0,2393,300/300/300/300/300/300
1700000050.950000,1,300,300,119.73,56.21,0,2393,300/300/300/300/300/300
1700000051.000000,1,300,300,119.79,295.62,1,2400,300/300/300/300/300/300
1700000051.050000,1,300,300,119.85,54.41,0,2400,300/300/300/300/300/300
1700000051.100000,1,300,300,119.88,66.56,0,2400,300/300/300/300/300/300
1700000051.150000,1,300,300,119.93,263.54,1,2415,300/300/300/300/300/300
1700000051.200000,1,300,300,120.00,53.72,0,2415,300/300/300/300/300/300
1700000051.250000,1,300,300,120.03,56.72,0,2415,300/300/300/300/300/300
1700000051.300000,1,300,300,120.08,449.98,1,2428,300/300/300/300/300/300
1700000051.350000,1,300,300,120.12,54.13,0,2428,300/300/300/300/300/300
1700000051.400000,1,300,300,120.19,51.67,0,2428,300/300/300/300/300/300
1700000051.450000,1,300,300,120.18,245.68,1,2444,300/300/300/300/300/300
1700000051.500000,1,300,300,120.25,55.38,0,2444,300/300/300/300/300/300
1700000051.550000,1,300,300,120.27,53.26,0,2444,300/300/300/300/300/300
1700000051.600000,1,300,300,120.27,248.03,1,2454,300/300/300/300/300/300
1700000051.650000,1,300,300,120.32,58.04,0,2454,300/300/300/300/300/300
1700000051.700000,1,300,300,120.32,54.87,0,2454,300/300/300/300/300/300
1700000051.750000,1,300,300,120.34,253.56,1,2450,300/300/300/300/300/300
1700000051.800000,1,300,300,120.35,54.77,0,2450,300/300/300/300/300/300
1700000051.850000,1,300,300,120.37,56.50,0,2450,300/300/300/300/300/300
1700000051.900000,1,300,300,120.40,246.10,1,2470,300/300/300/300/300/300
1700000051.950000,1,300,300,120.42,55.33,0,2470,300/300/300/300/300/300
1700000052.000000,1,300,300,120.43,58.01,0,2470,300/300/300/300/300/300
1700000052.050000,1,300,300,120.42,248.57,1,2453,300/300/300/300/300/300
1700000052.100000,1,300,300,120.39,53.59,0,2453,300/300/300/300/300/300
1700000052.150000,1,300,300,120.37,52.82,0,2453,300/300/300/300/300/300
1700000052.200000,1,300,300,120.37,246.41,1,2474,300/300/300/300/300/300
1700000052.250000,1,300,300,120.33,54.54,0,2474,300/300/300/300/300/300
1700000052.300000,1,300,300,120.31,52.80,0,2474,300/300/300/300/300/300
1700000052.350000,1,300,300,120.31,248.83,1,2485,300/300/300/300/300/300
1700000052.400000,1,300,300,120.29,53.09,0,2485,300/300/300/300/300/300
1700000052.450000,1,300,300,120.33,54.74,0,2485,300/300/300/300/300/300
1700000052.500000,1,300,300,120.35,329.50,1,2508,300/300/300/300/300/300
1700000052.550000,1,300,300,120.38,50.96,0,2508,300/300/300/300/300/300
1700000052.600000,1,300,300,120.38,53.41,0,2508,300/300/300/300/300/300
1700000052.650000,1,300,300,120.38,320.65,1,2500,300/300/300/300/300/300
1700000052.700000,1,300,300,120.38,51.59,0,2500,300/300/300/300/300/300
1700000052.750000,1,300,300,120.40,53.92,0,2500,300/300/300/300/300/300
1700000052.800000,1,300,300,120.39,288.85,1,2533,300/300/300/300/300/300
1700000052.850000,1,300,300,120.43,53.60,0,2533,300/300/300/300/300/300
1700000052.900000,1,300,300,120.46,55.52,0,2533,300/300/300/300/300/300
1700000052.950000,1,300,300,120.48,243.98,1,2529,300/300/300/300/300/300
1700000053.000000,1,300,300,120.55,55.32,0,2529,300/300/300/300/300/300
1700000053.050000,1,300,300,120.60,52.48,0,2529,300/300/300/300/300/300
1700000053.100000,1,300,300,120.66,362.15,1,2520,300/300/300/300/300/300
1700000053.150000,1,300,300,120.70,56.31,0,2520,300/300/300/300/300/300
1700000053.200000,1,300,300,120.76,53.03,0,2520,300/300/300/300/300/300
1700000053.250000,1,300,300,120.80,284.81,1,2506,300/300/300/300/300/300
1700000053.300000,1,300,300,120.82,51.65,0,2506,300/300/300/300/300/300
1700000053.350000,1,300,300,120.82,53.54,0,2506,300/300/300/300/300/300
1700000053.400000,1,300,300,120.82,221.78,1,2492,300/300/300/300/300/300
1700000053.450000,1,300,300,120.86,52.80,0,2492,300/300/300/300/300/300
1700000053.500000,1,300,300,120.87,52.64,0,2492,300/300/300/300/300/300
1700000053.550000,1,300,300,120.90,246.23,1,2482,300/300/300/300/300/300
1700000053.600000,1,300,300,120.97,68.78,0,2482,300/300/300/300/300/300
1700000053.650000,1,300,300,120.96,56.50,0,2482,300/300/300/300/300/300
1700000053.700000,1,300,300,120.99,287.50,1,2467,300/300/300/300/300/300
1700000053.750000,1,300,300,120.98,54.87,0,2467,300/300/300/300/300/300
1700000053.800000,1,300,300,120.98,54.18,0,2467,300/300/300/300/300/300
1700000053.850000,1,300,300,120.96,294.90,1,2475,300/300/300/300/300/300
1700000053.900000,1,300,300,120.96,54.17,0,2475,300/300/300/300/300/300
1700000053.950000,1,300,300,120.97,50.82,0,2475,300/300/300/300/300/300
1700000054.000000,1,300,300,120.96,256.75,1,2484,300/300/300/300/300/300
1700000054.050000,1,300,300,121.00,55.37,0,2484,300/300/300/300/300/300
1700000054.100000,1,300,300,121.01,52.26,0,2484,300/300/300/300/300/300
1700000054.150000,1,300,300,121.00,291.36,1,2448,300/300/300/300/300/300
1700000054.200000,1,300,300,120.95,55.61,0,2448,300/300/300/300/300/300
1700000054.250000,1,300,300,120.94,57.63,0,2448,300/300/300/300/300/300
1700000054.300000,1,300,300,120.90,298.63,1,2441,300/300/300/300/300/300
1700000054.350000,1,300,300,120.88,52.92,0,2441,300/300/300/300/300/300
1700000054.400000,1,300,300,120.85,53.07,0,2441,300/300/300/300/300/300
1700000054.450000,1,300,300,120.85,262.36,1,2486,300/300/300/300/300/300
1700000054.500000,1,300,300,120.80,52.90,0,2486,300/300/300/300/300/300
1700000054.550000,1,300,300,120.79,50.78,0,2486,300/300/300/300/300/300
1700000054.600000,1,300,300,120.79,348.38,1,2477,300/300/300/300/300/300
1700000054.650000,1,300,300,120.70,51.91,0,2477,300/300/300/300/300/300
1700000054.700000,1,300,300,120.64,54.17,0,2477,300/300/300/300/300/300
1700000054.750000,1,300,300,120.55,302.40,1,2459,300/300/300/300/300/300
1700000054.800000,1,300,300,120.47,54.18,0,2459,300/300/300/300/300/300
1700000054.850000,1,300,300,120.36,57.44,0,2459,300/300/300/300/300/300
1700000054.900000,1,300,300,120.30,286.40,1,2463,300/300/300/300/300/300
1700000054.950000,1,300,300,120.20,56.49,0,2463,300/300/300/300/300/300
1700000055.000000,1,300,300,120.14,55.78,0,2463,300/300/300/300/300/300
1700000055.050000,1,300,300,120.00,345.38,1,2449,300/300/300/300/300/300
1700000055.100000,1,300,300,119.91,54.32,0,2449,300/300/300/300/300/300
1700000055.150000,1,300,300,119.82,54.22,0,2449,300/300/300/300/300/300
1700000055.200000,1,300,300,119.74,323.08,1,2440,300/300/300/300/300/300
1700000055.250000,1,300,300,119.62,55.42,0,2440,300/300/300/300/300/300
1700000055.300000,1,300,300,119.51,52.14,0,2440,300/300/300/300/300/300
1700000055.350000,1,300,300,119.41,273.88,1,2397,300/300/300/300/300/300
1700000055.400000,1,300,300,119.30,54.53,0,2397,300/300/300/300/300/300
1700000055.450000,1,300,300,119.18,52.83,0,2397,300/300/300/300/300/300
1700000055.500000,1,300,300,119.10,266.85,1,2378,300/300/300/300/300/300
1700000055.550000,1,300,300,119.00,55.98,0,2378,300/300/300/300/300/300
1700000055.600000,1,300,300,118.91,61.76,0,2378,300/300/300/300/300/300
1700000055.650000,1,300,300,118.83,338.00,1,2355,300/300/300/300/300/300
1700000055.700000,1,300,300,118.74,57.67,0,2355,300/300/300/300/300/300
1700000055.750000,1,300,300,118.69,55.22,0,2355,300/300/300/300/300/300
1700000055.800000,1,300,300,118.60,255.24,1,2382,300/300/300/300/300/300
1700000055.850000,1,300,300,118.54,57.10,0,2382,300/300/300/300/300/300
1700000055.900000,1,300,300,118.49,53.49,0,2382,300/300/300/300/300/300
1700000055.950000,1,300,300,118.44,289.37,1,2379,300/300/300/300/300/300
1700000056.000000,1,300,300,118.37,55.84,0,2379,300/300/300/300/300/300
1700000056.050000,1,300,300,118.29,54.78,0,2379,300/300/300/300/300/300
1700000056.100000,1,300,300,118.24,312.18,1,2391,300/300/300/300/300/300
1700000056.150000,1,300,300,118.21,55.93,0,2391,300/300/300/300/300/300
1700000056.200000,1,300,300,118.16,65.49,0,2391,300/300/300/300/300/300
1700000056.250000,1,300,300,118.12,294.96,1,2373,300/300/300/300/300/300
1700000056.300000,1,300,300,118.07,61.98,0,2373,300/300/300/300/300/300
1700000056.350000,1,300,300,117.99,55.67,0,2373,300/300/300/300/300/300
1700000056.400000,1,300,300,117.96,256.39,1,2365,300/300/300/300/300/300
1700000056.450000,1,300,300,117.92,58.32,0,2365,300/300/300/300/300/300
1700000056.500000,1,300,300,117.94,54.55,0,2365,300/300/300/300/300/300
1700000056.550000,1,300,300,117.93,243.10,1,2314,300/300/300/300/300/300
1700000056.600000,1,300,300,117.97,54.64,0,2314,300/300/300/300/300/300
1700000056.650000,1,300,300,117.97,53.12,0,2314,300/300/300/300/300/300
1700000056.700000,1,300,300,117.97,314.84,1,2313,300/300/300/300/300/300
1700000056.750000,1,300,300,117.97,53.01,0,2313,300/300/300/300/300/300
1700000056.800000,1,300,300,117.94,50.29,0,2313,300/300/300/300/300/300
1700000056.850000,1,300,300,117.95,300.02,1,2314,300/300/300/300/300/300
1700000056.900000,1,300,300,117.92,52.15,0,2314,300/300/300/300/300/300
1700000056.950000,1,300,300,117.90,54.91,0,2314,300/300/300/300/300/300
1700000057.000000,1,300,300,117.93,250.68,1,2318,300/300/300/300/300/300
1700000057.050000,1,300,300,117.90,52.14,0,2318,300/300/300/300/300/300
1700000057.100000,1,300,300,117.95,51.89,0,2318,300/300/300/300/300/300
1700000057.150000,1,300,300,117.90,253.99,1,2306,300/300/300/300/300/300
1700000057.200000,1,300,300,117.90,55.28,0,2306,300/300/300/300/300/300
1700000057.250000,1,300,300,117.89,53.19,0,2306,300/300/300/300/300/300
1700000057.300000,1,300,300,117.91,292.58,1,2293,300/300/300/300/300/300
1700000057.350000,1,300,300,117.90,54.39,0,2293,300/300/300/300/300/300
1700000057.400000,1,300,300,117.92,52.53,0,2293,300/300/300/300/300/300
1700000057.450000,1,300,300,117.96,253.85,1,2285,300/300/300/300/300/300
1700000057.500000,1,300,300,118.02,53.27,0,2285,300/300/300/300/300/300
1700000057.550000,1,300,300,118.09,54.30,0,2285,300/300/300/300/300/300
1700000057.600000,1,300,300,118.12,396.70,1,2291,300/300/300/300/300/300
1700000057.650000,1,300,300,118.09,52.99,0,2291,300/300/300/300/300/300
1700000057.700000,1,300,300,118.07,56.11,0,2291,300/300/300/300/300/300
1700000057.750000,1,300,300,118.02,346.86,1,2294,300/300/300/300/300/300
1700000057.800000,1,300,300,118.05,58.26,0,2294,300/300/300/300/300/300
1700000057.850000,1,300,300,117.95,57.15,0,2294,300/300/300/300/300/300
1700000057.900000,1,300,300,117.97,270.29,1,2269,300/300/300/300/300/300
1700000057.950000,1,300,300,118.03,58.87,0,2269,300/300/300/300/300/300
1700000058.000000,1,300,300,118.04,60.43,0,2269,300/300/300/300/300/300
1700000058.050000,1,300,300,117.97,261.94,1,2253,300/300/300/300/300/300
1700000058.100000,1,300,300,117.88,52.16,0,2253,300/300/300/300/300/300
1700000058.150000,1,300,300,117.82,55.57,0,2253,300/300/300/300/300/300
1700000058.200000,1,300,300,117.79,258.24,1,2255,300/300/300/300/300/300
1700000058.250000,1,300,300,117.80,53.90,0,2255,300/300/300/300/300/300
1700000058.300000,1,300,300,117.82,57.71,0,2255,300/300/300/300/300/300
1700000058.350000,1,300,300,117.82,356.39,1,2239,300/300/300/300/300/300
1700000058.400000,1,300,300,117.84,54.04,0,2239,300/300/300/300/300/300
1700000058.450000,1,300,300,117.88,53.65,0,2239,300/300/300/300/300/300
1700000058.500000,1,300,300,117.97,380.50,1,2216,300/300/300/300/300/300
1700000058.550000,1,300,300,117.97,58.24,0,2216,300/300/300/300/300/300
1700000058.600000,1,300,300,117.96,57.05,0,2216,300/300/300/300/300/300
1700000058.650000,1,300,300,117.90,292.54,1,2183,300/300/300/300/300/300
1700000058.700000,1,300,300,117.84,60.16,0,2183,300/300/300/300/300/300
1700000058.750000,1,300,300,117.88,62.40,0,2183,300/300/300/300/300/300
1700000058.800000,1,300,300,117.91,258.80,1,2201,300/300/300/300/300/300
1700000058.850000,1,300,300,117.93,60.64,0,2201,300/300/300/300/300/300
1700000058.900000,1,300,300,117.96,62.27,0,2201,300/300/300/300/300/300
1700000058.950000,1,300,300,117.99,253.89,1,2208,300/300/300/300/300/300
1700000059.000000,1,300,300,118.05,62.81,0,2208,300/300/300/300/300/300
1700000059.050000,1,300,300,118.08,60.86,0,2208,300/300/300/300/300/300
1700000059.100000,1,300,300,118.11,257.73,1,2212,300/300/300/300/300/300
1700000059.150000,1,300,300,118.13,59.15,0,2212,300/300/300/300/300/300
1700000059.200000,1,300,300,118.19,59.36,0,2212,300/300/300/300/300/300
1700000059.250000,1,300,300,118.25,250.37,1,2206,300/300/300/300/300/300
1700000059.300000,1,300,300,118.32,58.45,0,2206,300/300/300/300/300/300
1700000059.350000,1,300,300,118.34,56.03,0,2206,300/300/300/300/300/300
1700000059.400000,1,300,300,118.42,295.16,1,2236,300/300/300/300/300/300
1700000059.450000,1,300,300,118.48,64.96,0,2236,300/300/300/300/300/300
1700000059.500000,1,300,300,118.53,60.18,0,2236,300/300/300/300/300/300
1700000059.550000,1,300,300,118.55,262.29,1,2228,300/300/300/300/300/300
1700000059.600000,1,300,300,118.58,63.08,0,2228,300/300/300/300/300/300
1700000059.650000,1,300,300,118.64,60.16,0,2228,300/300/300/300/300/300
1700000059.700000,1,300,300,118.85,261.08,1,2237,300/300/300/300/300/300
1700000059.750000,1,300,300,119.05,63.02,0,2237,300/300/300/300/300/300
1700000059.800000,1,300,300,119.29,63.90,0,2237,300/300/300/300/300/300
1700000059.850000,1,300,300,119.45,249.22,1,2228,300/300/300/300/300/300
1700000059.900000,1,300,300,119.58,61.89,0,2228,300/300/300/300/300/300
1700000059.950000,1,300,300,119.70,61.07,0,2228,300/300/300/300/300/300
1700000060.000000,1,300,300,119.82,251.90,1,2241,300/300/300/300/300/300
1700000060.050000,1,300,300,119.98,58.35,0,2241,300/300/300/300/300/300
1700000060.100000,1,300,300,120.13,58.67,0,2241,300/300/300/300/300/300
1700000060.150000,1,300,300,120.28,243.67,1,2248,300/300/300/300/300/300
1700000060.200000,1,300,300,120.39,55.77,0,2248,300/300/300/300/300/300
1700000060.250000,1,300,300,120.54,58.87,0,2248,300/300/300/300/300/300
1700000060.300000,1,300,300,120.68,244.37,1,2258,300/300/300/300/300/300
1700000060.350000,1,300,300,120.79,57.23,0,2258,300/300/300/300/300/300
1700000060.400000,1,300,300,120.85,57.59,0,2258,300/300/300/300/300/300
1700000060.450000,1,300,300,120.90,244.74,1,2274,300/300/300/300/300/300
1700000060.500000,1,300,300,120.89,55.90,0,2274,300/300/300/300/300/300
1700000060.550000,1,300,300,120.99,60.80,0,2274,300/300/300/300/300/300
1700000060.600000,1,300,300,121.08,251.12,1,2282,300/300/300/300/300/300
1700000060.650000,1,300,300,121.16,62.91,0,2282,300/300/300/300/300/300
1700000060.700000,1,300,300,121.26,59.79,0,2282,300/300/300/300/300/300
1700000060.750000,1,300,300,121.33,247.72,1,2296,300/300/300/300/300/300
1700000060.800000,1,300,300,121.39,62.39,0,2296,300/300/300/300/300/300
1700000060.850000,1,300,300,121.44,53.59,0,2296,300/300/300/300/300/300
1700000060.900000,1,300,300,121.52,239.34,1,2327,300/300/300/300/300/300
1700000060.950000,1,300,300,121.58,56.26,0,2327,300/300/300/300/300/300
1700000061.000000,1,300,300,121.63,55.41,0,2327,300/300/300/300/300/300
1700000061.050000,1,300,300,121.64,268.31,1,2328,300/300/300/300/300/300
1700000061.100000,1,300,300,121.65,54.59,0,2328,300/300/300/300/300/300
1700000061.150000,1,300,300,121.71,56.79,0,2328,300/300/300/300/300/300
1700000061.200000,1,300,300,121.71,270.70,1,2346,300/300/300/300/300/300
1700000061.250000,1,300,300,121.73,56.25,0,2346,300/300/300/300/300/300
1700000061.300000,1,300,300,121.74,52.36,0,2346,300/300/300/300/300/300
1700000061.350000,1,300,300,121.73,241.59,1,2387,300/300/300/300/300/300
1700000061.400000,1,300,300,121.73,55.09,0,2387,300/300/300/300/300/300
1700000061.450000,1,300,300,121.73,52.05,0,2387,300/300/300/300/300/300
1700000061.500000,1,300,300,121.76,236.91,1,2411,300/300/300/300/300/300
1700000061.550000,1,300,300,121.74,58.87,0,2411,300/300/300/300/300/300
1700000061.600000,1,300,300,121.77,55.93,0,2411,300/300/300/300/300/300
1700000061.650000,1,300,300,121.75,277.82,1,2403,300/300/300/300/300/300
1700000061.700000,1,300,300,121.78,52.85,0,2403,300/300/300/300/300/300
1700000061.750000,1,300,300,121.79,54.11,0,2403,300/300/300/300/300/300
1700000061.800000,1,300,300,121.77,289.99,1,2431,300/300/300/300/300/300
1700000061.850000,1,300,300,121.79,54.51,0,2431,300/300/300/300/300/300
1700000061.900000,1,300,300,121.78,53.65,0,2431,300/300/300/300/300/300
1700000061.950000,1,300,300,121.78,336.72,1,2449,300/300/300/300/300/300
1700000062.000000,1,300,300,121.76,54.74,0,2449,300/300/300/300/300/300
1700000062.050000,1,300,300,121.78,53.42,0,2449,300/300/300/300/300/300
1700000062.100000,1,300,300,121.72,252.32,1,2441,300/300/300/300/300/300
1700000062.150000,1,300,300,121.73,54.21,0,2441,300/300/300/300/300/300
1700000062.200000,1,300,300,121.72,54.18,0,2441,300/300/300/300/300/300
1700000062.250000,1,300,300,121.68,334.02,1,2453,300/300/300/300/300/300
1700000062.300000,1,300,300,121.70,53.85,0,2453,300/300/300/300/300/300
1700000062.350000,1,300,300,121.70,58.50,0,2453,300/300/300/300/300/300
1700000062.400000,1,300,300,121.66,249.70,1,2471,300/300/300/300/300/300
1700000062.450000,1,300,300,121.70,59.33,0,2471,300/300/300/300/300/300
1700000062.500000,1,300,300,121.70,52.84,0,2471,300/300/300/300/300/300
1700000062.550000,1,300,300,121.74,292.93,1,2500,300/300/300/300/300/300
1700000062.600000,1,300,300,121.75,52.68,0,2500,300/300/300/300/300/300
1700000062.650000,1,300,300,121.78,53.74,0,2500,300/300/300/300/300/300
1700000062.700000,1,300,300,121.80,305.90,1,2520,300/300/300/300/300/300
1700000062.750000,1,300,300,121.78,53.83,0,2520,300/300/300/300/300/300
1700000062.800000,1,300,300,121.74,55.20,0,2520,300/300/300/300/300/300
1700000062.850000,1,300,300,121.71,238.33,1,2550,300/300/300/300/300/300
1700000062.900000,1,300,300,121.66,55.69,0,2550,300/300/300/300/300/300
1700000062.950000,1,300,300,121.64,52.61,0,2550,300/300/300/300/300/300
1700000063.000000,1,300,300,121.58,264.26,1,2581,300/300/300/300/300/300
1700000063.050000,1,300,300,121.56,53.70,0,2581,300/300/300/300/300/300
1700000063.100000,1,300,300,121.53,54.37,0,2581,300/300/300/300/300/300
1700000063.150000,1,300,300,121.50,264.37,1,2580,300/300/300/300/300/300
1700000063.200000,1,300,300,121.49,53.15,0,2580,300/300/300/300/300/300
1700000063.250000,1,300,300,121.44,53.47,0,2580,300/300/300/300/300/300
1700000063.300000,1,300,300,121.44,267.74,1,2591,300/300/300/300/300/300
1700000063.350000,1,300,300,121.38,52.19,0,2591,300/300/300/300/300/300
1700000063.400000,1,300,300,121.33,55.07,0,2591,300/300/300/300/300/300
1700000063.450000,1,300,300,121.28,267.39,1,2579,300/300/300/300/300/300
1700000063.500000,1,300,300,121.21,52.74,0,2579,300/300/300/300/300/300
1700000063.550000,1,300,300,121.14,54.02,0,2579,300/300/300/300/300/300
1700000063.600000,1,300,300,121.09,266.18,1,2583,300/300/300/300/300/300
1700000063.650000,1,300,300,121.06,50.98,0,2583,300/300/300/300/300/300
1700000063.700000,1,300,300,121.05,54.22,0,2583,300/300/300/300/300/300
1700000063.750000,1,300,300,121.01,269.74,1,2586,300/300/300/300/300/300
1700000063.800000,1,300,300,121.00,53.51,0,2586,300/300/300/300/300/300
1700000063.850000,1,300,300,121.00,52.74,0,2586,300/300/300/300/300/300
1700000063.900000,1,300,300,120.98,267.16,1,2565,300/300/300/300/300/300
1700000063.950000,1,300,300,120.96,53.66,0,2565,300/300/300/300/300/300
1700000064.000000,1,300,300,120.96,54.39,0,2565,300/300/300/300/300/300
1700000064.050000,1,300,300,120.93,264.96,1,2556,300/300/300/300/300/300
1700000064.100000,1,300,300,120.95,58.18,0,2556,300/300/300/300/300/300
1700000064.150000,1,300,300,120.91,51.87,0,2556,300/300/300/300/300/300
1700000064.200000,1,300,300,120.90,265.69,1,2524,300/300/300/300/300/300
1700000064.250000,1,300,300,120.92,54.59,0,2524,300/300/300/300/300/300
1700000064.300000,1,300,300,120.88,56.08,0,2524,300/300/300/300/300/300
1700000064.350000,1,300,300,120.81,264.58,1,2536,300/300/300/300/300/300
1700000064.400000,1,300,300,120.77,55.01,0,2536,300/300/300/300/300/300
1700000064.450000,1,300,300,120.70,54.34,0,2536,300/300/300/300/300/300
1700000064.500000,1,300,300,120.65,269.31,1,2511,300/300/300/300/300/300
1700000064.550000,1,300,300,120.61,54.29,0,2511,300/300/300/300/300/300
1700000064.600000,1,300,300,120.60,51.80,0,2511,300/300/300/300/300/300
1700000064.650000,1,300,300,120.57,273.22,1,2532,300/300/300/300/300/300
1700000064.700000,1,300,300,120.51,54.37,0,2532,300/300/300/300/300/300
1700000064.750000,1,300,300,120.51,55.48,0,2532,300/300/300/300/300/300
1700000064.800000,1,300,300,120.49,269.18,1,2500,300/300/300/300/300/300
1700000064.850000,1,300,300,120.47,55.06,0,2500,300/300/300/300/300/300
1700000064.900000,1,300,300,120.46,51.71,0,2500,300/300/300/300/300/300
1700000064.950000,1,300,300,120.43,264.44,1,2463,300/300/300/300/300/300
1700000065.000000,1,300,300,120.40,55.82,0,2463,300/300/300/300/300/300
1700000065.050000,1,300,300,120.35,55.11,0,2463,300/300/300/300/300/300
1700000065.100000,1,300,300,120.38,264.29,1,2442,300/300/300/300/300/300
1700000065.150000,1,300,300,120.36,57.26,0,2442,300/300/300/300/300/300
1700000065.200000,1,300,300,120.34,55.12,0,2442,300/300/300/300/300/300
1700000065.250000,1,300,300,120.36,264.14,1,2427,300/300/300/300/300/300
1700000065.300000,1,300,300,120.34,59.21,0,2427,300/300/300/300/300/300
1700000065.350000,1,300,300,120.35,57.42,0,2427,300/300/300/300/300/300
1700000065.400000,1,300,300,120.36,267.20,1,2412,300/300/300/300/300/300
1700000065.450000,1,300,300,120.36,54.76,0,2412,300/300/300/300/300/300
1700000065.500000,1,300,300,120.33,55.84,0,2412,300/300/300/300/300/300
1700000065.550000,1,300,300,120.31,350.22,1,2405,300/300/300/300/300/300
1700000065.600000,1,300,300,120.24,56.49,0,2405,300/300/300/300/300/300
1700000065.650000,1,300,300,120.24,52.76,0,2405,300/300/300/300/300/300
1700000065.700000,1,300,300,120.19,263.81,1,2405,300/300/300/300/300/300
1700000065.750000,1,300,300,120.13,57.41,0,2405,300/300/300/300/300/300
1700000065.800000,1,300,300,120.11,56.86,0,2405,300/300/300/300/300/300
1700000065.850000,1,300,300,120.11,260.85,1,2385,300/300/300/300/300/300
1700000065.900000,1,300,300,120.06,55.06,0,2385,300/300/300/300/300/300
1700000065.950000,1,300,300,120.01,51.22,0,2385,300/300/300/300/300/300
1700000066.000000,1,300,300,119.97,259.82,1,2390,300/300/300/300/300/300
1700000066.050000,1,300,300,119.94,54.23,0,2390,300/300/300/300/300/300
1700000066.100000,1,300,300,119.89,51.21,0,2390,300/300/300/300/300/300
1700000066.150000,1,300,300,119.82,262.30,1,2413,300/300/300/300/300/300
1700000066.200000,1,300,300,119.82,52.39,0,2413,300/300/300/300/300/300
1700000066.250000,1,300,300,119.77,50.25,0,2413,300/300/300/300/300/300
1700000066.300000,1,300,300,119.73,263.80,1,2409,300/300/300/300/300/300
1700000066.350000,1,300,300,119.72,52.00,0,2409,300/300/300/300/300/300
1700000066.400000,1,300,300,119.73,54.68,0,2409,300/300/300/300/300/300
1700000066.450000,1,300,300,119.72,265.30,1,2379,300/300/300/300/300/300
1700000066.500000,1,300,300,119.69,51.21,0,2379,300/300/300/300/300/300
1700000066.550000,1,300,300,119.68,50.74,0,2379,300/300/300/300/300/300
1700000066.600000,1,300,300,119.65,264.18,1,2356,300/300/300/300/300/300
1700000066.650000,1,300,300,119.61,53.24,0,2356,300/300/300/300/300/300
1700000066.700000,1,300,300,119.62,52.38,0,2356,300/300/300/300/300/300
1700000066.750000,1,300,300,119.56,350.97,1,2343,300/300/300/300/300/300
1700000066.800000,1,300,300,119.56,56.86,0,2343,300/300/300/300/300/300
1700000066.850000,1,300,300,119.52,50.85,0,2343,300/300/300/300/300/300
1700000066.900000,1,300,300,119.49,260.65,1,2317,300/300/300/300/300/300
1700000066.950000,1,300,300,119.47,52.72,0,2317,300/300/300/300/300/300
1700000067.000000,1,300,300,119.45,50.87,0,2317,300/300/300/300/300/300
1700000067.050000,1,300,300,119.46,262.90,1,2294,300/300/300/300/300/300
1700000067.100000,1,300,300,119.45,56.03,0,2294,300/300/300/300/300/300
1700000067.150000,1,300,300,119.45,59.04,0,2294,300/300/300/300/300/300
1700000067.200000,1,300,300,119.44,264.98,1,2255,300/300/300/300/300/300
1700000067.250000,1,300,300,119.40,53.63,0,2255,300/300/300/300/300/300
1700000067.300000,1,300,300,119.39,58.95,0,2255,300/300/300/300/300/300
1700000067.350000,1,300,300,119.38,266.41,1,2230,300/300/300/300/300/300
1700000067.400000,1,300,300,119.41,60.35,0,2230,300/300/300/300/300/300
1700000067.450000,1,300,300,119.41,57.34,0,2230,300/300/300/300/300/300
1700000067.500000,1,300,300,119.40,265.01,1,2222,300/300/300/300/300/300
1700000067.550000,1,300,300,119.38,54.73,0,2222,300/300/300/300/300/300
1700000067.600000,1,300,300,119.42,54.14,0,2222,300/300/300/300/300/300
1700000067.650000,1,300,300,119.35,250.36,1,2230,300/300/300/300/300/300
1700000067.700000,1,300,300,119.30,52.64,0,2230,300/300/300/300/300/300
1700000067.750000,1,300,300,119.26,53.88,0,2230,300/300/300/300/300/300
1700000067.800000,1,300,300,119.22,255.49,1,2224,300/300/300/300/300/300
1700000067.850000,1,300,300,119.23,52.62,0,2224,300/300/300/300/300/300
1700000067.900000,1,300,300,119.18,53.35,0,2224,300/300/300/300/300/300
1700000067.950000,1,300,300,119.18,253.48,1,2197,300/300/300/300/300/300
1700000068.000000,1,300,300,119.19,53.43,0,2197,300/300/300/300/300/300
1700000068.050000,1,300,300,119.15,53.34,0,2197,300/300/300/300/300/300
1700000068.100000,1,300,300,119.20,254.31,1,2189,300/300/300/300/300/300
1700000068.150000,1,300,300,119.18,58.58,0,2189,300/300/300/300/300/300
1700000068.200000,1,300,300,119.23,55.98,0,2189,300/300/300/300/300/300
1700000068.250000,1,300,300,119.24,248.50,1,2198,300/300/300/300/300/300
1700000068.300000,1,300,300,119.29,53.67,0,2198,300/300/300/300/300/300
1700000068.350000,1,300,300,119.30,50.35,0,2198,300/300/300/300/300/300
1700000068.400000,1,300,300,119.33,361.43,1,2171,300/300/300/300/300/300
1700000068.450000,1,300,300,119.31,51.45,0,2171,300/300/300/300/300/300
1700000068.500000,1,300,300,119.37,51.80,0,2171,300/300/300/300/300/300
1700000068.550000,1,300,300,119.37,249.03,1,2193,300/300/300/300/300/300
1700000068.600000,1,300,300,119.34,49.44,0,2193,300/300/300/300/300/300
1700000068.650000,1,300,300,119.39,50.95,0,2193,300/300/300/300/300/300
1700000068.700000,1,300,300,119.35,293.00,1,2173,300/300/300/300/300/300
1700000068.750000,1,300,300,119.34,51.18,0,2173,300/300/300/300/300/300
1700000068.800000,1,300,300,119.35,51.70,0,2173,300/300/300/300/300/300
1700000068.850000,1,300,300,119.29,255.12,1,2155,300/300/300/300/300/300
1700000068.900000,1,300,300,119.37,51.75,0,2155,300/300/300/300/300/300
1700000068.950000,1,300,300,119.34,51.04,0,2155,300/300/300/300/300/300
1700000069.000000,1,300,300,119.36,381.11,1,2124,300/300/300/300/300/300
1700000069.050000,1,300,300,119.44,52.31,0,2124,300/300/300/300/300/300
1700000069.100000,1,300,300,119.47,49.02,0,2124,300/300/300/300/300/300
1700000069.150000,1,300,300,119.52,340.36,1,2128,300/300/300/300/300/300
1700000069.200000,1,300,300,119.55,51.90,0,2128,300/300/300/300/300/300
1700000069.250000,1,300,300,119.57,50.24,0,2128,300/300/300/300/300/300
1700000069.300000,1,300,300,119.57,263.94,1,2104,300/300/300/300/300/300
1700000069.350000,1,300,300,119.57,50.76,0,2104,300/300/300/300/300/300
1700000069.400000,1,300,300,119.56,49.19,0,2104,300/300/300/300/300/300
1700000069.450000,1,300,300,119.57,257.92,1,2095,300/300/300/300/300/300
1700000069.500000,1,300,300,119.53,51.51,0,2095,300/300/300/300/300/300
1700000069.550000,1,300,300,119.52,49.50,0,2095,300/300/300/300/300/300
1700000069.600000,1,300,300,119.50,256.03,1,2093,300/300/300/300/300/300
1700000069.650000,1,300,300,119.51,50.94,0,2093,300/300/300/300/300/300
1700000069.700000,1,300,300,119.44,50.24,0,2093,300/300/300/300/300/300
1700000069.750000,1,300,300,119.44,253.57,1,2093,300/300/300/300/300/300
1700000069.800000,1,300,300,119.45,48.35,0,2093,300/300/300/300/300/300
1700000069.850000,1,300,300,119.46,50.23,0,2093,300/300/300/300/300/300
1700000069.900000,1,300,300,119.44,255.96,1,2107,300/300/300/300/300/300
1700000069.950000,1,300,300,119.45,52.01,0,2107,300/300/300/300/300/300
1700000070.000000,1,300,300,119.44,54.47,0,2107,300/300/300/300/300/300
1700000070.050000,1,300,300,119.44,377.00,1,2075,300/300/300/300/300/300
1700000070.100000,1,300,300,119.43,56.32,0,2075,300/300/300/300/300/300
1700000070.150000,1,300,300,119.43,54.82,0,2075,300/300/300/300/300/300
1700000070.200000,1,300,300,119.41,251.37,1,2043,300/300/300/300/300/300
1700000070.250000,1,300,300,119.38,51.36,0,2043,300/300/300/300/300/300
1700000070.300000,1,300,300,119.38,48.79,0,2043,300/300/300/300/300/300
1700000070.350000,1,300,300,119.39,254.87,1,2060,300/300/300/300/300/300
1700000070.400000,1,300,300,119.33,52.69,0,2060,300/300/300/300/300/300
1700000070.450000,1,300,300,119.31,48.72,0,2060,300/300/300/300/300/300
1700000070.500000,1,300,300,119.27,256.75,1,2091,300/300/300/300/300/300
1700000070.550000,1,300,300,119.21,50.43,0,2091,300/300/300/300/300/300
1700000070.600000,1,300,300,119.20,51.94,0,2091,300/300/300/300/300/300
1700000070.650000,1,300,300,119.16,261.47,1,2080,300/300/300/300/300/300
1700000070.700000,1,300,300,119.13,54.25,0,2080,300/300/300/300/300/300
1700000070.750000,1,300,300,119.08,52.11,0,2080,300/300/300/300/300/300
1700000070.800000,1,300,300,119.06,257.64,1,2097,300/300/300/300/300/300
1700000070.850000,1,300,300,119.06,53.60,0,2097,300/300/300/300/300/300
1700000070.900000,1,300,300,119.01,53.83,0,2097,300/300/300/300/300/300
1700000070.950000,1,300,300,118.96,264.31,1,2112,300/300/300/300/300/300
1700000071.000000,1,300,300,118.93,54.65,0,2112,300/300/300/300/300/300
1700000071.050000,1,300,300,118.92,53.17,0,2112,300/300/300/300/300/300
1700000071.100000,1,300,300,118.86,259.39,1,2096,300/300/300/300/300/300
1700000071.150000,1,300,300,118.80,55.30,0,2096,300/300/300/300/300/300
1700000071.200000,1,300,300,118.72,54.29,0,2096,300/300/300/300/300/300
1700000071.250000,1,300,300,118.67,358.50,1,2103,300/300/300/300/300/300
1700000071.300000,1,300,300,118.59,57.14,0,2103,300/300/300/300/300/300
1700000071.350000,1,300,300,118.52,59.06,0,2103,300/300/300/300/300/300
1700000071.400000,1,300,300,118.47,234.96,1,2110,300/300/300/300/300/300
1700000071.450000,1,300,300,118.39,57.76,0,2110,300/300/300/300/300/300
1700000071.500000,1,300,300,118.32,55.95,0,2110,300/300/300/300/300/300
1700000071.550000,1,300,300,118.28,408.44,1,2123,300/300/300/300/300/300
1700000071.600000,1,300,300,118.28,54.11,0,2123,300/300/300/300/300/300
1700000071.650000,1,300,300,118.24,55.41,0,2123,300/300/300/300/300/300
1700000071.700000,1,300,300,118.20,287.51,1,2134,300/300/300/300/300/300
1700000071.750000,1,300,300,118.15,60.58,0,2134,300/300/300/300/300/300
1700000071.800000,1,300,300,118.10,58.88,0,2134,300/300/300/300/300/300
1700000071.850000,1,300,300,118.04,287.05,1,2128,300/300/300/300/300/300
1700000071.900000,1,300,300,117.97,57.25,0,2128,300/300/300/300/300/300
1700000071.950000,1,300,300,117.91,57.66,0,2128,300/300/300/300/300/300
1700000072.000000,1,300,300,117.85,251.44,1,2154,300/300/300/300/300/300
1700000072.050000,1,300,300,117.76,60.19,0,2154,300/300/300/300/300/300
1700000072.100000,1,300,300,117.69,55.36,0,2154,300/300/300/300/300/300
1700000072.150000,1,300,300,117.62,247.58,1,2151,300/300/300/300/300/300
1700000072.200000,1,300,300,117.57,56.16,0,2151,300/300/300/300/300/300
1700000072.250000,1,300,300,117.53,59.46,0,2151,300/300/300/300/300/300
1700000072.300000,1,300,300,117.44,248.75,1,2181,300/300/300/300/300/300
1700000072.350000,1,300,300,117.40,57.35,0,2181,300/300/300/300/300/300
1700000072.400000,1,300,300,117.36,58.14,0,2181,300/300/300/300/300/300
1700000072.450000,1,300,300,117.35,256.03,1,2191,300/300/300/300/300/300
1700000072.500000,1,300,300,117.30,61.15,0,2191,300/300/300/300/300/300
1700000072.550000,1,300,300,117.26,58.85,0,2191,300/300/300/300/300/300
1700000072.600000,1,300,300,117.22,285.53,1,2195,300/300/300/300/300/300
1700000072.650000,1,300,300,117.19,58.77,0,2195,300/300/300/300/300/300
1700000072.700000,1,300,300,117.17,58.47,0,2195,300/300/300/300/300/300
1700000072.750000,1,300,300,117.14,250.86,1,2195,300/300/300/300/300/300
1700000072.800000,1,300,300,117.10,59.27,0,2195,300/300/300/300/300/300
1700000072.850000,1,300,300,117.09,56.93,0,2195,300/300/300/300/300/300
1700000072.900000,1,300,300,117.06,251.91,1,2224,300/300/300/300/300/300
1700000072.950000,1,300,300,117.03,54.87,0,2224,300/300/300/300/300/300
1700000073.000000,1,300,300,116.99,57.48,0,2224,300/300/300/300/300/300
1700000073.050000,1,300,300,116.95,291.93,1,2230,300/300/300/300/300/300
1700000073.100000,1,300,300,116.95,55.75,0,2230,300/300/300/300/300/300
1700000073.150000,1,300,300,116.92,55.22,0,2230,300/300/300/300/300/300
1700000073.200000,1,300,300,116.89,282.93,1,2228,300/300/300/300/300/300
1700000073.250000,1,300,300,116.86,55.77,0,2228,300/300/300/300/300/300
1700000073.300000,1,300,300,116.87,55.13,0,2228,300/300/300/300/300/300
1700000073.350000,1,300,300,116.80,252.68,1,2256,300/300/300/300/300/300
1700000073.400000,1,300,300,116.79,54.10,0,2256,300/300/300/300/300/300
1700000073.450000,1,300,300,116.76,54.17,0,2256,300/300/300/300/300/300
1700000073.500000,1,300,300,116.72,283.25,1,2250,300/300/300/300/300/300
1700000073.550000,1,300,300,116.67,51.28,0,2250,300/300/300/300/300/300
1700000073.600000,1,300,300,116.66,52.56,0,2250,300/300/300/300/300/300
1700000073.650000,1,300,300,116.64,277.80,1,2250,300/300/300/300/300/300
1700000073.700000,1,300,300,116.57,51.71,0,2250,300/300/300/300/300/300
1700000073.750000,1,300,300,116.57,53.42,0,2250,300/300/300/300/300/300
1700000073.800000,1,300,300,116.53,250.75,1,2259,300/300/300/300/300/300
1700000073.850000,1,300,300,116.48,52.28,0,2259,300/300/300/300/300/300
1700000073.900000,1,300,300,116.43,51.46,0,2259,300/300/300/300/300/300
1700000073.950000,1,300,300,116.37,246.22,1,2246,300/300/300/300/300/300
1700000074.000000,1,300,300,116.38,48.78,0,2246,300/300/300/300/300/300
1700000074.050000,1,300,300,116.35,52.50,0,2246,300/300/300/300/300/300
1700000074.100000,1,300,300,116.34,247.25,1,2262,300/300/300/300/300/300
1700000074.150000,1,300,300,116.34,53.12,0,2262,300/300/300/300/300/300
1700000074.200000,1,300,300,116.28,51.54,0,2262,300/300/300/300/300/300
1700000074.250000,1,300,300,116.29,420.13,1,2252,300/300/300/300/300/300
1700000074.300000,1,300,300,116.26,51.89,0,2252,300/300/300/300/300/300
1700000074.350000,1,300,300,116.22,54.34,0,2252,300/300/300/300/300/300
1700000074.400000,1,300,300,116.22,411.63,1,2218,300/300/300/300/300/300
1700000074.450000,1,300,300,116.14,51.81,0,2218,300/300/300/300/300/300
1700000074.500000,1,300,300,116.09,49.39,0,2218,300/300/300/300/300/300
1700000074.550000,1,300,300,116.09,290.96,1,2213,300/300/300/300/300/300
1700000074.600000,1,300,300,116.09,50.76,0,2213,300/300/300/300/300/300
1700000074.650000,1,300,300,116.13,49.55,0,2213,300/300/300/300/300/300
1700000074.700000,1,300,300,116.13,318.61,1,2204,300/300/300/300/300/300
1700000074.750000,1,300,300,116.16,52.40,0,2204,300/300/300/300/300/300
1700000074.800000,1,300,300,116.12,49.79,0,2204,300/300/300/300/300/300
1700000074.850000,1,300,300,116.11,373.34,1,2184,300/300/300/300/300/300
1700000074.900000,1,300,300,116.08,52.21,0,2184,300/300/300/300/300/300
1700000074.950000,1,300,300,116.03,49.70,0,2184,300/300/300/300/300/300
1700000075.000000,1,300,300,115.98,290.59,1,2144,300/300/300/300/300/300
1700000075.050000,1,300,300,115.94,51.41,0,2144,300/300/300/300/300/300
1700000075.100000,1,300,300,115.90,50.08,0,2144,300/300/300/300/300/300
1700000075.150000,1,300,300,115.85,337.72,1,2144,300/300/300/300/300/300
1700000075.200000,1,300,300,115.79,53.61,0,2144,300/300/300/300/300/300
1700000075.250000,1,300,300,115.69,51.59,0,2144,300/300/300/300/300/300
1700000075.300000,1,300,300,115.64,319.76,1,2153,300/300/300/300/300/300
1700000075.350000,1,300,300,115.59,50.40,0,2153,300/300/300/300/300/300
1700000075.400000,1,300,300,115.54,52.78,0,2153,300/300/300/300/300/300
1700000075.450000,1,300,300,115.45,377.83,1,2161,300/300/300/300/300/300
1700000075.500000,1,300,300,115.42,54.92,0,2161,300/300/300/300/300/300
1700000075.550000,1,300,300,115.36,53.22,0,2161,300/300/300/300/300/300
1700000075.600000,1,300,300,115.26,252.93,1,2150,300/300/300/300/300/300
1700000075.650000,1,300,300,115.18,52.81,0,2150,300/300/300/300/300/300
1700000075.700000,1,300,300,115.10,53.13,0,2150,300/300/300/300/300/300
1700000075.750000,1,300,300,114.99,242.39,1,2144,300/300/300/300/300/300
1700000075.800000,1,300,300,114.85,55.28,0,2144,300/300/300/300/300/300
1700000075.850000,1,300,300,114.78,54.96,0,2144,300/300/300/300/300/300
1700000075.900000,1,300,300,114.71,254.64,1,2136,300/300/300/300/300/300
1700000075.950000,1,300,300,114.63,55.86,0,2136,300/300/300/300/300/300
1700000076.000000,1,300,300,114.52,58.88,0,2136,300/300/300/300/300/300
1700000076.050000,1,300,300,114.49,251.72,1,2131,300/300/300/300/300/300
1700000076.100000,1,300,300,114.49,55.63,0,2131,300/300/300/300/300/300
1700000076.150000,1,300,300,114.48,54.63,0,2131,300/300/300/300/300/300
1700000076.200000,1,300,300,114.47,250.25,1,2121,300/300/300/300/300/300
1700000076.250000,1,300,300,114.43,54.09,0,2121,300/300/300/300/300/300
1700000076.300000,1,300,300,114.30,59.17,0,2121,300/300/300/300/300/300
1700000076.350000,1,300,300,114.28,351.27,1,2103,300/300/300/300/300/300
1700000076.400000,1,300,300,114.22,54.51,0,2103,300/300/300/300/300/300
1700000076.450000,1,300,300,114.14,54.02,0,2103,300/300/300/300/300/300
1700000076.500000,1,300,300,114.11,285.72,1,2070,300/300/300/300/300/300
1700000076.550000,1,300,300,114.09,54.09,0,2070,300/300/300/300/300/300
1700000076.600000,1,300,300,114.05,51.98,0,2070,300/300/300/300/300/300
1700000076.650000,1,300,300,114.03,317.30,1,2090,300/300/300/300/300/300
1700000076.700000,1,300,300,113.99,55.17,0,2090,300/300/300/300/300/300
1700000076.750000,1,300,300,113.98,52.49,0,2090,300/300/300/300/300/300
1700000076.800000,1,300,300,113.97,220.50,1,2087,300/300/300/300/300/300
1700000076.850000,1,300,300,113.96,55.22,0,2087,300/300/300/300/300/300
1700000076.900000,1,300,300,113.92,53.57,0,2087,300/300/300/300/300/300
1700000076.950000,1,300,300,113.91,272.95,1,2086,300/300/300/300/300/300
1700000077.000000,1,300,300,113.88,52.40,0,2086,300/300/300/300/300/300
1700000077.050000,1,300,300,113.89,53.87,0,2086,300/300/300/300/300/300
1700000077.100000,1,300,300,113.88,346.52,1,2096,300/300/300/300/300/300
1700000077.150000,1,300,300,113.86,54.22,0,2096,300/300/300/300/300/300
1700000077.200000,1,300,300,113.86,53.47,0,2096,300/300/300/300/300/300
1700000077.250000,1,300,300,113.82,240.39,1,2097,300/300/300/300/300/300
1700000077.300000,1,300,300,113.77,55.40,0,2097,300/300/300/300/300/300
1700000077.350000,1,300,300,113.76,52.38,0,2097,300/300/300/300/300/300
1700000077.400000,1,300,300,113.76,283.14,1,2065,300/300/300/300/300/300
1700000077.450000,1,300,300,113.75,52.43,0,2065,300/300/300/300/300/300
1700000077.500000,1,300,300,113.74,50.91,0,2065,300/300/300/300/300/300
1700000077.550000,1,300,300,113.73,302.46,1,2073,300/300/300/300/300/300
1700000077.600000,1,300,300,113.73,50.72,0,2073,300/300/300/300/300/300
1700000077.650000,1,300,300,113.74,49.06,0,2073,300/300/300/300/300/300
1700000077.700000,1,300,300,113.76,292.40,1,2086,300/300/300/300/300/300
1700000077.750000,1,300,300,113.79,50.19,0,2086,300/300/300/300/300/300
1700000077.800000,1,300,300,113.82,50.96,0,2086,300/300/300/300/300/300
1700000077.850000,1,300,300,113.87,232.28,1,2056,300/300/300/300/300/300
1700000077.900000,1,300,300,113.93,55.29,0,2056,300/300/300/300/300/300
1700000077.950000,1,300,300,113.97,53.96,0,2056,300/300/300/300/300/300
1700000078.000000,1,300,300,114.04,239.46,1,2038,300/300/300/300/300/300
1700000078.050000,1,300,300,114.05,55.09,0,2038,300/300/300/300/300/300
1700000078.100000,1,300,300,114.05,54.51,0,2038,300/300/300/300/300/300
1700000078.150000,1,300,300,114.02,273.95,1,2063,300/300/300/300/300/300
1700000078.200000,1,300,300,114.03,55.39,0,2063,300/300/300/300/300/300
1700000078.250000,1,300,300,113.99,51.42,0,2063,300/300/300/300/300/300
1700000078.300000,1,300,300,113.93,242.51,1,2075,300/300/300/300/300/300
1700000078.350000,1,300,300,113.83,51.43,0,2075,300/300/300/300/300/300
1700000078.400000,1,300,300,113.75,55.95,0,2075,300/300/300/300/300/300
1700000078.450000,1,300,300,113.66,248.12,1,2087,300/300/300/300/300/300
1700000078.500000,1,300,300,113.67,50.15,0,2087,300/300/300/300/300/300
1700000078.550000,1,300,300,113.63,56.35,0,2087,300/300/300/300/300/300
1700000078.600000,1,300,300,113.51,242.13,1,2078,300/300/300/300/300/300
1700000078.650000,1,300,300,113.36,55.24,0,2078,300/300/300/300/300/300
1700000078.700000,1,300,300,113.26,57.67,0,2078,300/300/300/300/300/300
1700000078.750000,1,300,300,113.18,245.28,1,2093,300/300/300/300/300/300
1700000078.800000,1,300,300,113.13,59.74,0,2093,300/300/300/300/300/300
1700000078.850000,1,300,300,113.06,57.10,0,2093,300/300/300/300/300/300
1700000078.900000,1,300,300,113.05,243.99,1,2114,300/300/300/300/300/300
1700000078.950000,1,300,300,113.00,56.17,0,2114,300/300/300/300/300/300
1700000079.000000,1,300,300,112.98,57.28,0,2114,300/300/300/300/300/300
1700000079.050000,1,300,300,112.99,330.90,1,2136,300/300/300/300/300/300
1700000079.100000,1,300,300,112.96,54.15,0,2136,300/300/300/300/300/300
1700000079.150000,1,300,300,112.99,50.89,0,2136,300/300/300/300/300/300
1700000079.200000,1,300,300,113.06,165.28,1,2134,300/300/300/300/300/300
1700000079.250000,1,300,300,113.07,54.44,0,2134,300/300/300/300/300/300
1700000079.300000,1,300,300,113.04,55.24,0,2134,300/300/300/300/300/300
1700000079.350000,1,300,300,112.99,258.06,1,2122,300/300/300/300/300/300
1700000079.400000,1,300,300,113.07,62.81,0,2122,300/300/300/300/300/300
1700000079.450000,1,300,300,113.22,53.45,0,2122,300/300/300/300/300/300
1700000079.500000,1,300,300,113.22,295.31,1,2105,300/300/300/300/300/300
1700000079.550000,1,300,300,113.19,54.34,0,2105,300/300/300/300/300/300
1700000079.600000,1,300,300,113.04,58.74,0,2105,300/300/300/300/300/300
1700000079.650000,1,300,300,112.92,257.27,1,2130,300/300/300/300/300/300
1700000079.700000,1,300,300,112.93,59.01,0,2130,300/300/300/300/300/300
1700000079.750000,1,300,300,112.99,57.97,0,2130,300/300/300/300/300/300
1700000079.800000,1,300,300,113.03,251.96,1,2105,300/300/300/300/300/300
1700000079.850000,1,300,300,113.08,56.66,0,2105,300/300/300/300/300/300
1700000079.900000,1,300,300,113.22,57.91,0,2105,300/300/300/300/300/300
1700000079.950000,1,300,300,113.38,251.02,1,2112,300/300/300/300/300/300
1700000080.000000,1,300,300,113.58,57.42,0,2112,300/300/300/300/300/300
1700000080.050000,1,300,300,113.65,55.04,0,2112,300/300/300/300/300/300
1700000080.100000,1,300,300,113.85,250.41,1,2100,300/300/300/300/300/300
1700000080.150000,1,300,300,114.00,55.16,0,2100,300/300/300/300/300/300
1700000080.200000,1,300,300,114.16,52.43,0,2100,300/300/300/300/300/300
1700000080.250000,1,300,300,114.33,252.91,1,2095,300/300/300/300/300/300
1700000080.300000,1,300,300,114.44,54.28,0,2095,300/300/300/300/300/300
1700000080.350000,1,300,300,114.60,52.89,0,2095,300/300/300/300/300/300
1700000080.400000,1,300,300,114.75,255.54,1,2080,300/300/300/300/300/300
1700000080.450000,1,300,300,114.94,55.77,0,2080,300/300/300/300/300/300
1700000080.500000,1,300,300,115.06,53.55,0,2080,300/300/300/300/300/300
1700000080.550000,1,300,300,115.17,253.40,1,2093,300/300/300/300/300/300
1700000080.600000,1,300,300,115.29,54.53,0,2093,300/300/300/300/300/300
1700000080.650000,1,300,300,115.41,53.90,0,2093,300/300/300/300/300/300
1700000080.700000,1,300,300,115.46,249.42,1,2055,300/300/300/300/300/300
1700000080.750000,1,300,300,115.56,54.13,0,2055,300/300/300/300/300/300
1700000080.800000,1,300,300,115.70,51.97,0,2055,300/300/300/300/300/300
1700000080.850000,1,300,300,115.80,250.26,1,2053,300/300/300/300/300/300
1700000080.900000,1,300,300,115.99,57.14,0,2053,300/300/300/300/300/300
1700000080.950000,1,300,300,116.12,58.91,0,2053,300/300/300/300/300/300
1700000081.000000,1,300,300,116.31,248.12,1,2037,300/300/300/300/300/300
1700000081.050000,1,300,300,116.47,54.76,0,2037,300/300/300/300/300/300
1700000081.100000,1,300,300,116.59,56.35,0,2037,300/300/300/300/300/300
1700000081.150000,1,300,300,116.65,284.97,1,2041,300/300/300/300/300/300
1700000081.200000,1,300,300,116.75,51.95,0,2041,300/300/300/300/300/300
1700000081.250000,1,300,300,116.79,56.28,0,2041,300/300/300/300/300/300
1700000081.300000,1,300,300,116.81,282.39,1,2041,300/300/300/300/300/300
1700000081.350000,1,300,300,116.84,52.25,0,2041,300/300/300/300/300/300
1700000081.400000,1,300,300,116.86,51.06,0,2041,300/300/300/300/300/300
1700000081.450000,1,300,300,116.89,247.70,1,2070,300/300/300/300/300/300
1700000081.500000,1,300,300,116.93,54.59,0,2070,300/300/300/300/300/300
1700000081.550000,1,300,300,116.99,51.52,0,2070,300/300/300/300/300/300
1700000081.600000,1,300,300,117.04,287.70,1,2075,300/300/300/300/300/300
1700000081.650000,1,300,300,117.10,51.95,0,2075,300/300/300/300/300/300
1700000081.700000,1,300,300,117.19,50.37,0,2075,300/300/300/300/300/300
1700000081.750000,1,300,300,117.25,287.91,1,2055,300/300/300/300/300/300
1700000081.800000,1,300,300,117.33,55.40,0,2055,300/300/300/300/300/300
1700000081.850000,1,300,300,117.32,54.59,0,2055,300/300/300/300/300/300
1700000081.900000,1,300,300,117.37,251.32,1,2079,300/300/300/300/300/300
1700000081.950000,1,300,300,117.39,56.48,0,2079,300/300/300/300/300/300
1700000082.000000,1,300,300,117.42,52.28,0,2079,300/300/300/300/300/300
1700000082.050000,1,300,300,117.47,331.18,1,1978,300/300/300/300/300/300
1700000082.100000,1,300,300,117.48,54.14,0,1978,300/300/300/300/300/300
1700000082.150000,1,300,300,117.52,52.46,0,1978,300/300/300/300/300/300
1700000082.200000,1,300,300,117.56,320.57,1,2027,300/300/300/300/300/300
1700000082.250000,1,300,300,117.60,56.85,0,2027,300/300/300/300/300/300
1700000082.300000,1,300,300,117.67,53.59,0,2027,300/300/300/300/300/300
1700000082.350000,1,300,300,117.66,249.54,1,2066,300/300/300/300/300/300
1700000082.400000,1,300,300,117.70,53.90,0,2066,300/300/300/300/300/300
1700000082.450000,1,300,300,117.68,57.22,0,2066,300/300/300/300/300/300
1700000082.500000,1,300,300,117.67,323.74,1,2090,300/300/300/300/300/300
1700000082.550000,1,300,300,117.73,58.09,0,2090,300/300/300/300/300/300
1700000082.600000,1,300,300,117.71,53.38,0,2090,300/300/300/300/300/300
1700000082.650000,1,300,300,117.69,347.16,1,2132,300/300/300/300/300/300
1700000082.700000,1,300,300,117.72,50.77,0,2132,300/300/300/300/300/300
1700000082.750000,1,300,300,117.76,57.07,0,2132,300/300/300/300/300/300
1700000082.800000,1,300,300,117.74,274.44,1,2118,300/300/300/300/300/300
1700000082.850000,1,300,300,117.75,54.31,0,2118,300/300/300/300/300/300
1700000082.900000,1,300,300,117.77,55.20,0,2118,300/300/300/300/300/300
1700000082.950000,1,300,300,117.79,244.67,1,2121,300/300/300/300/300/300
1700000083.000000,1,300,300,117.80,51.56,0,2121,300/300/300/300/300/300
1700000083.050000,1,300,300,117.83,54.11,0,2121,300/300/300/300/300/300
1700000083.100000,1,300,300,117.87,326.54,1,2139,300/300/300/300/300/300
1700000083.150000,1,300,300,117.89,53.58,0,2139,300/300/300/300/300/300
1700000083.200000,1,300,300,117.89,53.32,0,2139,300/300/300/300/300/300
1700000083.250000,1,300,300,117.94,351.18,1,2157,300/300/300/300/300/300
1700000083.300000,1,300,300,117.99,53.45,0,2157,300/300/300/300/300/300
1700000083.350000,1,300,300,118.02,52.05,0,2157,300/300/300/300/300/300
1700000083.400000,1,300,300,118.04,250.81,1,2197,300/300/300/300/300/300
1700000083.450000,1,300,300,118.06,53.97,0,2197,300/300/300/300/300/300
1700000083.500000,1,300,300,118.03,53.87,0,2197,300/300/300/300/300/300
1700000083.550000,1,300,300,118.05,282.39,1,2205,300/300/300/300/300/300
1700000083.600000,1,300,300,118.06,51.94,0,2205,300/300/300/300/300/300
1700000083.650000,1,300,300,118.09,52.81,0,2205,300/300/300/300/300/300
1700000083.700000,1,300,300,118.05,287.01,1,2197,300/300/300/300/300/300
1700000083.750000,1,300,300,118.09,55.90,0,2197,300/300/300/300/300/300
1700000083.800000,1,300,300,118.09,56.87,0,2197,300/300/300/300/300/300
1700000083.850000,1,300,300,118.07,319.15,1,2191,300/300/300/300/300/300
1700000083.900000,1,300,300,118.05,55.89,0,2191,300/300/300/300/300/300
1700000083.950000,1,300,300,118.07,59.86,0,2191,300/300/300/300/300/300
1700000084.000000,1,300,300,118.11,279.98,1,2183,300/300/300/300/300/300
1700000084.050000,1,300,300,118.12,57.70,0,2183,300/300/300/300/300/300
1700000084.100000,1,300,300,118.19,54.11,0,2183,300/300/300/300/300/300
1700000084.150000,1,300,300,118.25,285.30,1,2190,300/300/300/300/300/300
1700000084.200000,1,300,300,118.32,55.07,0,2190,300/300/300/300/300/300
1700000084.250000,1,300,300,118.40,54.40,0,2190,300/300/300/300/300/300
1700000084.300000,1,300,300,118.45,279.88,1,2202,300/300/300/300/300/300
1700000084.350000,1,300,300,118.51,51.87,0,2202,300/300/300/300/300/300
1700000084.400000,1,300,300,118.56,54.12,0,2202,300/300/300/300/300/300
1700000084.450000,1,300,300,118.68,274.23,1,2197,300/300/300/300/300/300
1700000084.500000,1,300,300,118.71,58.13,0,2197,300/300/300/300/300/300
1700000084.550000,1,300,300,118.69,55.22,0,2197,300/300/300/300/300/300
1700000084.600000,1,300,300,118.70,237.07,1,2203,300/300/300/300/300/300
1700000084.650000,1,300,300,118.72,53.87,0,2203,300/300/300/300/300/300
1700000084.700000,1,300,300,118.65,54.82,0,2203,300/300/300/300/300/300
1700000084.750000,1,300,300,118.62,303.61,1,2237,300/300/300/300/300/300
1700000084.800000,1,300,300,118.58,50.40,0,2237,300/300/300/300/300/300
1700000084.850000,1,300,300,118.50,50.17,0,2237,300/300/300/300/300/300
1700000084.900000,1,300,300,118.51,270.57,1,2238,300/300/300/300/300/300
1700000084.950000,1,300,300,118.46,50.77,0,2238,300/300/300/300/300/300
1700000085.000000,1,300,300,118.43,47.47,0,2238,300/300/300/300/300/300
1700000085.050000,1,300,300,118.41,268.65,1,2274,300/300/300/300/300/300
1700000085.100000,1,300,300,118.44,49.02,0,2274,300/300/300/300/300/300
1700000085.150000,1,300,300,118.43,49.87,0,2274,300/300/300/300/300/300
1700000085.200000,1,300,300,118.54,274.28,1,2275,300/300/300/300/300/300
1700000085.250000,1,300,300,118.53,49.99,0,2275,300/300/300/300/300/300
1700000085.300000,1,300,300,118.62,47.88,0,2275,300/300/300/300/300/300
1700000085.350000,1,300,300,118.65,306.76,1,2269,300/300/300/300/300/300
1700000085.400000,1,300,300,118.68,53.21,0,2269,300/300/300/300/300/300
1700000085.450000,1,300,300,118.76,50.96,0,2269,300/300/300/300/300/300
1700000085.500000,1,300,300,118.79,277.06,1,2236,300/300/300/300/300/300
1700000085.550000,1,300,300,118.88,50.54,0,2236,300/300/300/300/300/300
1700000085.600000,1,300,300,118.93,51.86,0,2236,300/300/300/300/300/300
1700000085.650000,1,300,300,118.99,278.18,1,2263,300/300/300/300/300/300
1700000085.700000,1,300,300,119.03,53.01,0,2263,300/300/300/300/300/300
1700000085.750000,1,300,300,119.09,53.12,0,2263,300/300/300/300/300/300
1700000085.800000,1,300,300,119.14,278.44,1,2261,300/300/300/300/300/300
1700000085.850000,1,300,300,119.17,56.06,0,2261,300/300/300/300/300/300
1700000085.900000,1,300,300,119.20,50.99,0,2261,300/300/300/300/300/300
1700000085.950000,1,300,300,119.24,347.74,1,2263,300/300/300/300/300/300
1700000086.000000,1,300,300,119.30,50.40,0,2263,300/300/300/300/300/300
1700000086.050000,1,300,300,119.31,48.86,0,2263,300/300/300/300/300/300
1700000086.100000,1,300,300,119.32,311.58,1,2285,300/300/300/300/300/300
1700000086.150000,1,300,300,119.35,50.22,0,2285,300/300/300/300/300/300
1700000086.200000,1,300,300,119.38,54.34,0,2285,300/300/300/300/300/300
1700000086.250000,1,300,300,119.37,282.17,1,2262,300/300/300/300/300/300
1700000086.300000,1,300,300,119.40,51.77,0,2262,300/300/300/300/300/300
1700000086.350000,1,300,300,119.37,55.47,0,2262,300/300/300/300/300/300
1700000086.400000,1,300,300,119.42,279.78,1,2210,300/300/300/300/300/300
1700000086.450000,1,300,300,119.45,54.13,0,2210,300/300/300/300/300/300
1700000086.500000,1,300,300,119.43,54.97,0,2210,300/300/300/300/300/300
1700000086.550000,1,300,300,119.41,243.04,1,2194,300/300/300/300/300/300
1700000086.600000,1,300,300,119.38,56.21,0,2194,300/300/300/300/300/300
1700000086.650000,1,300,300,119.37,52.88,0,2194,300/300/300/300/300/300
1700000086.700000,1,300,300,119.30,241.86,1,2182,300/300/300/300/300/300
1700000086.750000,1,300,300,119.27,53.03,0,2182,300/300/300/300/300/300
1700000086.800000,1,300,300,119.21,53.68,0,2182,300/300/300/300/300/300
1700000086.850000,1,300,300,119.19,243.87,1,2220,300/300/300/300/300/300
1700000086.900000,1,300,300,119.13,55.27,0,2220,300/300/300/300/300/300
1700000086.950000,1,300,300,119.07,51.88,0,2220,300/300/300/300/300/300
1700000087.000000,1,300,300,119.02,287.25,1,2210,300/300/300/300/300/300
1700000087.050000,1,300,300,118.95,54.94,0,2210,300/300/300/300/300/300
1700000087.100000,1,300,300,118.86,51.18,0,2210,300/300/300/300/300/300
1700000087.150000,1,300,300,118.82,249.79,1,2185,300/300/300/300/300/300
1700000087.200000,1,300,300,118.76,53.03,0,2185,300/300/300/300/300/300
1700000087.250000,1,300,300,118.69,55.72,0,2185,300/300/300/300/300/300
1700000087.300000,1,300,300,118.66,369.47,1,2182,300/300/300/300/300/300
1700000087.350000,1,300,300,118.62,55.98,0,2182,300/300/300/300/300/300
1700000087.400000,1,300,300,118.53,53.69,0,2182,300/300/300/300/300/300
1700000087.450000,1,300,300,118.55,247.63,1,2189,300/300/300/300/300/300
1700000087.500000,1,300,300,118.56,53.78,0,2189,300/300/300/300/300/300
1700000087.550000,1,300,300,118.55,58.18,0,2189,300/300/300/300/300/300
1700000087.600000,1,300,300,118.55,408.81,1,2203,300/300/300/300/300/300
1700000087.650000,1,300,300,118.56,53.74,0,2203,300/300/300/300/300/300
1700000087.700000,1,300,300,118.56,54.82,0,2203,300/300/300/300/300/300
1700000087.750000,1,300,300,118.52,247.14,1,2225,300/300/300/300/300/300
1700000087.800000,1,300,300,118.50,54.82,0,2225,300/300/300/300/300/300
1700000087.850000,1,300,300,118.47,54.93,0,2225,300/300/300/300/300/300
1700000087.900000,1,300,300,118.44,287.95,1,2282,300/300/300/300/300/300
1700000087.950000,1,300,300,118.40,58.44,0,2282,300/300/300/300/300/300
1700000088.000000,1,300,300,118.40,56.53,0,2282,300/300/300/300/300/300
1700000088.050000,1,300,300,118.36,252.80,1,2292,300/300/300/300/300/300
1700000088.100000,1,300,300,118.38,55.34,0,2292,300/300/300/300/300/300
1700000088.150000,1,300,300,118.36,49.33,0,2292,300/300/300/300/300/300
1700000088.200000,1,300,300,118.36,285.90,1,2337,300/300/300/300/300/300
1700000088.250000,1,300,300,118.39,55.98,0,2337,300/300/300/300/300/300
1700000088.300000,1,300,300,118.40,53.93,0,2337,300/300/300/300/300/300
1700000088.350000,1,300,300,118.39,245.52,1,2339,300/300/300/300/300/300
1700000088.400000,1,300,300,118.38,57.43,0,2339,300/300/300/300/300/300
1700000088.450000,1,300,300,118.39,53.74,0,2339,300/300/300/300/300/300
1700000088.500000,1,300,300,118.39,249.18,1,2383,300/300/300/300/300/300
1700000088.550000,1,300,300,118.40,54.33,0,2383,300/300/300/300/300/300
1700000088.600000,1,300,300,118.40,53.50,0,2383,300/300/300/300/300/300
1700000088.650000,1,300,300,118.45,242.49,1,2398,300/300/300/300/300/300
1700000088.700000,1,300,300,118.46,54.40,0,2398,300/300/300/300/300/300
1700000088.750000,1,300,300,118.43,50.78,0,2398,300/300/300/300/300/300
1700000088.800000,1,300,300,118.44,277.50,1,2384,300/300/300/300/300/300
1700000088.850000,1,300,300,118.46,49.81,0,2384,300/300/300/300/300/300
1700000088.900000,1,300,300,118.45,51.64,0,2384,300/300/300/300/300/300
1700000088.950000,1,300,300,118.46,427.56,1,2398,300/300/300/300/300/300
1700000089.000000,1,300,300,118.47,52.06,0,2398,300/300/300/300/300/300
1700000089.050000,1,300,300,118.44,53.13,0,2398,300/300/300/300/300/300
1700000089.100000,1,300,300,118.46,241.29,1,2396,300/300/300/300/300/300
1700000089.150000,1,300,300,118.46,54.10,0,2396,300/300/300/300/300/300
1700000089.200000,1,300,300,118.45,49.53,0,2396,300/300/300/300/300/300
1700000089.250000,1,300,300,118.47,244.65,1,2394,300/300/300/300/300/300
1700000089.300000,1,300,300,118.47,52.80,0,2394,300/300/300/300/300/300
1700000089.350000,1,300,300,118.46,49.64,0,2394,300/300/300/300/300/300
1700000089.400000,1,300,300,118.47,326.15,1,2388,300/300/300/300/300/300
1700000089.450000,1,300,300,118.45,51.35,0,2388,300/300/300/300/300/300
1700000089.500000,1,300,300,118.45,46.70,0,2388,300/300/300/300/300/300
1700000089.550000,1,300,300,118.42,292.62,1,2442,300/300/300/300/300/300
1700000089.600000,1,300,300,118.44,48.01,0,2442,300/300/300/300/300/300
1700000089.650000,1,300,300,118.45,49.14,0,2442,300/300/300/300/300/300
1700000089.700000,1,300,300,118.45,252.69,1,2420,300/300/300/300/300/300
1700000089.750000,1,300,300,118.44,52.03,0,2420,300/300/300/300/300/300
1700000089.800000,1,300,300,118.44,50.59,0,2420,300/300/300/300/300/300
1700000089.850000,1,300,300,118.44,302.08,1,2415,300/300/300/300/300/300
1700000089.900000,1,300,300,118.39,52.92,0,2415,300/300/300/300/300/300
1700000089.950000,1,300,300,118.35,48.06,0,2415,300/300/300/300/300/300
1700000090.000000,1,300,300,118.36,267.46,1,2407,300/300/300/300/300/300
1700000090.050000,1,300,300,118.33,52.99,0,2407,300/300/300/300/300/300
1700000090.100000,1,300,300,118.32,49.29,0,2407,300/300/300/300/300/300
1700000090.150000,1,300,300,118.33,335.99,1,2390,300/300/300/300/300/300
1700000090.200000,1,300,300,118.28,48.08,0,2390,300/300/300/300/300/300
1700000090.250000,1,300,300,118.27,46.18,0,2390,300/300/300/300/300/300
1700000090.300000,1,300,300,118.26,240.74,1,2396,300/300/300/300/300/300
1700000090.350000,1,300,300,118.24,49.34,0,2396,300/300/300/300/300/300
1700000090.400000,1,300,300,118.23,51.30,0,2396,300/300/300/300/300/300
1700000090.450000,1,300,300,118.20,265.84,1,2373,300/300/300/300/300/300
1700000090.500000,1,300,300,118.17,50.52,0,2373,300/300/300/300/300/300
1700000090.550000,1,300,300,118.15,48.91,0,2373,300/300/300/300/300/300
1700000090.600000,1,300,300,118.11,474.08,1,2401,300/300/300/300/300/300
1700000090.650000,1,300,300,118.13,48.09,0,2401,300/300/300/300/300/300
1700000090.700000,1,300,300,118.11,46.44,0,2401,300/300/300/300/300/300
1700000090.750000,1,300,300,118.07,267.48,1,2404,300/300/300/300/300/300
1700000090.800000,1,300,300,118.06,51.30,0,2404,300/300/300/300/300/300
1700000090.850000,1,300,300,118.04,51.12,0,2404,300/300/300/300/300/300
1700000090.900000,1,300,300,118.02,355.73,1,2380,300/300/300/300/300/300
1700000090.950000,1,300,300,117.99,51.56,0,2380,300/300/300/300/300/300
1700000091.000000,1,300,300,117.93,51.89,0,2380,300/300/300/300/300/300
1700000091.050000,1,300,300,117.89,268.40,1,2382,300/300/300/300/300/300
1700000091.100000,1,300,300,117.86,52.53,0,2382,300/300/300/300/300/300
1700000091.150000,1,300,300,117.83,52.45,0,2382,300/300/300/300/300/300
1700000091.200000,1,300,300,117.80,273.52,1,2395,300/300/300/300/300/300
1700000091.250000,1,300,300,117.78,47.67,0,2395,300/300/300/300/300/300
1700000091.300000,1,300,300,117.74,51.04,0,2395,300/300/300/300/300/300
1700000091.350000,1,300,300,117.67,276.24,1,2416,300/300/300/300/300/300
1700000091.400000,1,300,300,117.62,49.14,0,2416,300/300/300/300/300/300
1700000091.450000,1,300,300,117.59,48.38,0,2416,300/300/300/300/300/300
1700000091.500000,1,300,300,117.57,275.17,1,2376,300/300/300/300/300/300
1700000091.550000,1,300,300,117.53,50.22,0,2376,300/300/300/300/300/300
1700000091.600000,1,300,300,117.50,54.17,0,2376,300/300/300/300/300/300
1700000091.650000,1,300,300,117.47,274.99,1,2350,300/300/300/300/300/300
1700000091.700000,1,300,300,117.40,50.23,0,2350,300/300/300/300/300/300
1700000091.750000,1,300,300,117.41,52.00,0,2350,300/300/300/300/300/300
1700000091.800000,1,300,300,117.38,347.46,1,2325,300/300/300/300/300/300
1700000091.850000,1,300,300,117.38,52.97,0,2325,300/300/300/300/300/300
1700000091.900000,1,300,300,117.34,50.29,0,2325,300/300/300/300/300/300
1700000091.950000,1,300,300,117.28,263.56,1,2296,300/300/300/300/300/300
1700000092.000000,1,300,300,117.25,51.81,0,2296,300/300/300/300/300/300
1700000092.050000,1,300,300,117.23,49.51,0,2296,300/300/300/300/300/300
1700000092.100000,1,300,300,117.16,268.25,1,2298,300/300/300/300/300/300
1700000092.150000,1,300,300,117.14,54.81,0,2298,300/300/300/300/300/300
1700000092.200000,1,300,300,117.12,52.06,0,2298,300/300/300/300/300/300
1700000092.250000,1,300,300,117.05,260.18,1,2266,300/300/300/300/300/300
1700000092.300000,1,300,300,117.01,53.90,0,2266,300/300/300/300/300/300
1700000092.350000,1,300,300,116.98,53.02,0,2266,300/300/300/300/300/300
1700000092.400000,1,300,300,116.91,259.95,1,2271,300/300/300/300/300/300
1700000092.450000,1,300,300,116.91,54.67,0,2271,300/300/300/300/300/300
1700000092.500000,1,300,300,116.84,53.93,0,2271,300/300/300/300/300/300
1700000092.550000,1,300,300,116.81,250.53,1,2248,300/300/300/300/300/300
1700000092.600000,1,300,300,116.79,53.78,0,2248,300/300/300/300/300/300
1700000092.650000,1,300,300,116.72,51.53,0,2248,300/300/300/300/300/300
1700000092.700000,1,300,300,116.68,247.70,1,2250,300/300/300/300/300/300
1700000092.750000,1,300,300,116.63,52.45,0,2250,300/300/300/300/300/300
1700000092.800000,1,300,300,116.56,55.11,0,2250,300/300/300/300/300/300
1700000092.850000,1,300,300,116.50,243.87,1,2238,300/300/300/300/300/300
1700000092.900000,1,300,300,116.42,55.63,0,2238,300/300/300/300/300/300
1700000092.950000,1,300,300,116.36,49.66,0,2238,300/300/300/300/300/300
1700000093.000000,1,300,300,116.23,243.48,1,2208,300/300/300/300/300/300
1700000093.050000,1,300,300,116.14,53.24,0,2208,300/300/300/300/300/300
1700000093.100000,1,300,300,116.04,52.82,0,2208,300/300/300/300/300/300
1700000093.150000,1,300,300,115.95,246.65,1,2200,300/300/300/300/300/300
1700000093.200000,1,300,300,115.87,54.12,0,2200,300/300/300/300/300/300
1700000093.250000,1,300,300,115.74,53.52,0,2200,300/300/300/300/300/300
1700000093.300000,1,300,300,115.67,321.41,1,2197,300/300/300/300/300/300
1700000093.350000,1,300,300,115.60,56.07,0,2197,300/300/300/300/300/300
1700000093.400000,1,300,300,115.55,53.91,0,2197,300/300/300/300/300/300
1700000093.450000,1,300,300,115.46,247.80,1,2204,300/300/300/300/300/300
1700000093.500000,1,300,300,115.36,55.10,0,2204,300/300/300/300/300/300
1700000093.550000,1,300,300,115.25,55.51,0,2204,300/300/300/300/300/300
1700000093.600000,1,300,300,115.15,246.16,1,2173,300/300/300/300/300/300
1700000093.650000,1,300,300,115.12,55.92,0,2173,300/300/300/300/300/300
1700000093.700000,1,300,300,115.05,54.90,0,2173,300/300/300/300/300/300
1700000093.750000,1,300,300,114.99,249.10,1,2201,300/300/300/300/300/300
1700000093.800000,1,300,300,114.88,53.08,0,2201,300/300/300/300/300/300
1700000093.850000,1,300,300,114.82,51.95,0,2201,300/300/300/300/300/300
1700000093.900000,1,300,300,114.72,248.28,1,2248,300/300/300/300/300/300
1700000093.950000,1,300,300,114.66,55.63,0,2248,300/300/300/300/300/300
1700000094.000000,1,300,300,114.61,54.03,0,2248,300/300/300/300/300/300
1700000094.050000,1,300,300,114.55,247.26,1,2261,300/300/300/300/300/300
1700000094.100000,1,300,300,114.50,56.91,0,2261,300/300/300/300/300/300
1700000094.150000,1,300,300,114.44,58.53,0,2261,300/300/300/300/300/300
1700000094.200000,1,300,300,114.38,253.13,1,2277,300/300/300/300/300/300
1700000094.250000,1,300,300,114.30,55.89,0,2277,300/300/300/300/300/300
1700000094.300000,1,300,300,114.23,55.46,0,2277,300/300/300/300/300/300
1700000094.350000,1,300,300,114.26,251.86,1,2274,300/300/300/300/300/300
1700000094.400000,1,300,300,114.18,55.71,0,2274,300/300/300/300/300/300
1700000094.450000,1,300,300,114.12,56.33,0,2274,300/300/300/300/300/300
1700000094.500000,1,300,300,114.04,257.93,1,2296,300/300/300/300/300/300
1700000094.550000,1,300,300,114.03,56.49,0,2296,300/300/300/300/300/300
1700000094.600000,1,300,300,114.08,56.62,0,2296,300/300/300/300/300/300
1700000094.650000,1,300,300,114.15,262.78,1,2287,300/300/300/300/300/300
1700000094.700000,1,300,300,114.14,58.78,0,2287,300/300/300/300/300/300
1700000094.750000,1,300,300,114.13,57.21,0,2287,300/300/300/300/300/300
1700000094.800000,1,300,300,114.09,257.58,1,2309,300/300/300/300/300/300
1700000094.850000,1,300,300,114.05,56.48,0,2309,300/300/300/300/300/300
1700000094.900000,1,300,300,114.01,55.53,0,2309,300/300/300/300/300/300
1700000094.950000,1,300,300,113.99,258.15,1,2348,300/300/300/300/300/300
1700000095.000000,1,300,300,113.95,54.48,0,2348,300/300/300/300/300/300
1700000095.050000,1,300,300,113.98,54.32,0,2348,300/300/300/300/300/300
1700000095.100000,1,300,300,114.05,281.94,1,2357,300/300/300/300/300/300
1700000095.150000,1,300,300,114.17,57.41,0,2357,300/300/300/300/300/300
1700000095.200000,1,300,300,114.17,50.44,0,2357,300/300/300/300/300/300
1700000095.250000,1,300,300,114.19,245.59,1,2374,300/300/300/300/300/300
1700000095.300000,1,300,300,114.15,51.85,0,2374,300/300/300/300/300/300
1700000095.350000,1,300,300,114.15,55.86,0,2374,300/300/300/300/300/300
1700000095.400000,1,300,300,114.19,257.88,1,2372,300/300/300/300/300/300
1700000095.450000,1,300,300,114.21,56.89,0,2372,300/300/300/300/300/300
1700000095.500000,1,300,300,114.26,53.55,0,2372,300/300/300/300/300/300
1700000095.550000,1,300,300,114.28,318.41,1,2395,300/300/300/300/300/300
1700000095.600000,1,300,300,114.38,50.68,0,2395,300/300/300/300/300/300
1700000095.650000,1,300,300,114.49,54.50,0,2395,300/300/300/300/300/300
1700000095.700000,1,300,300,114.62,245.76,1,2420,300/300/300/300/300/300
1700000095.750000,1,300,300,114.77,58.08,0,2420,300/300/300/300/300/300
1700000095.800000,1,300,300,114.91,54.59,0,2420,300/300/300/300/300/300
1700000095.850000,1,300,300,114.96,250.54,1,2427,300/300/300/300/300/300
1700000095.900000,1,300,300,114.94,57.39,0,2427,300/300/300/300/300/300
1700000095.950000,1,300,300,114.99,55.31,0,2427,300/300/300/300/300/300
1700000096.000000,1,300,300,114.99,249.24,1,2438,300/300/300/300/300/300
1700000096.050000,1,300,300,115.06,54.18,0,2438,300/300/300/300/300/300
1700000096.100000,1,300,300,115.18,55.42,0,2438,300/300/300/300/300/300
1700000096.150000,1,300,300,115.28,248.05,1,2480,300/300/300/300/300/300
1700000096.200000,1,300,300,115.45,53.88,0,2480,300/300/300/300/300/300
1700000096.250000,1,300,300,115.54,53.98,0,2480,300/300/300/300/300/300
1700000096.300000,1,300,300,115.61,246.49,1,2508,300/300/300/300/300/300
1700000096.350000,1,300,300,115.69,54.02,0,2508,300/300/300/300/300/300
1700000096.400000,1,300,300,115.73,53.07,0,2508,300/300/300/300/300/300
1700000096.450000,1,300,300,115.73,246.65,1,2501,300/300/300/300/300/300
1700000096.500000,1,300,300,115.77,53.13,0,2501,300/300/300/300/300/300
1700000096.550000,1,300,300,115.82,54.24,0,2501,300/300/300/300/300/300
1700000096.600000,1,300,300,115.94,247.93,1,2490,300/300/300/300/300/300
1700000096.650000,1,300,300,116.01,55.11,0,2490,300/300/300/300/300/300
1700000096.700000,1,300,300,116.11,52.96,0,2490,300/300/300/300/300/300
1700000096.750000,1,300,300,116.19,245.81,1,2486,300/300/300/300/300/300
1700000096.800000,1,300,300,116.27,56.11,0,2486,300/300/300/300/300/300
1700000096.850000,1,300,300,116.37,50.46,0,2486,300/300/300/300/300/300
1700000096.900000,1,300,300,116.51,247.28,1,2494,300/300/300/300/300/300
1700000096.950000,1,300,300,116.67,58.58,0,2494,300/300/300/300/300/300
1700000097.000000,1,300,300,116.79,55.21,0,2494,300/300/300/300/300/300
1700000097.050000,1,300,300,116.92,251.13,1,2515,300/300/300/300/300/300
1700000097.100000,1,300,300,117.02,56.88,0,2515,300/300/300/300/300/300
1700000097.150000,1,300,300,117.06,55.04,0,2515,300/300/300/300/300/300
1700000097.200000,1,300,300,117.09,253.84,1,2503,300/300/300/300/300/300
1700000097.250000,1,300,300,117.18,54.27,0,2503,300/300/300/300/300/300
1700000097.300000,1,300,300,117.26,56.44,0,2503,300/300/300/300/300/300
1700000097.350000,1,300,300,117.30,250.16,1,2527,300/300/300/300/300/300
1700000097.400000,1,300,300,117.38,55.79,0,2527,300/300/300/300/300/300
1700000097.450000,1,300,300,117.42,53.45,0,2527,300/300/300/300/300/300
1700000097.500000,1,300,300,117.50,258.38,1,2526,300/300/300/300/300/300
1700000097.550000,1,300,300,117.49,52.83,0,2526,300/300/300/300/300/300
1700000097.600000,1,300,300,117.55,53.42,0,2526,300/300/300/300/300/300
1700000097.650000,1,300,300,117.60,261.10,1,2550,300/300/300/300/300/300
1700000097.700000,1,300,300,117.59,60.77,0,2550,300/300/300/300/300/300
1700000097.750000,1,300,300,117.65,60.62,0,2550,300/300/300/300/300/300
1700000097.800000,1,300,300,117.64,263.11,1,2528,300/300/300/300/300/300
1700000097.850000,1,300,300,117.66,55.10,0,2528,300/300/300/300/300/300
1700000097.900000,1,300,300,117.72,55.67,0,2528,300/300/300/300/300/300
1700000097.950000,1,300,300,117.73,309.72,1,2507,300/300/300/300/300/300
1700000098.000000,1,300,300,117.73,55.77,0,2507,300/300/300/300/300/300
1700000098.050000,1,300,300,117.81,53.97,0,2507,300/300/300/300/300/300
1700000098.100000,1,300,300,117.91,328.11,1,2493,300/300/300/300/300/300
1700000098.150000,1,300,300,117.94,59.54,0,2493,300/300/300/300/300/300
1700000098.200000,1,300,300,117.97,55.99,0,2493,300/300/300/300/300/300
1700000098.250000,1,300,300,117.98,303.53,1,2490,300/300/300/300/300/300
1700000098.300000,1,300,300,117.94,60.54,0,2490,300/300/300/300/300/300
1700000098.350000,1,300,300,117.86,57.63,0,2490,300/300/300/300/300/300
1700000098.400000,1,300,300,117.75,375.72,1,2487,300/300/300/300/300/300
1700000098.450000,1,300,300,117.67,55.23,0,2487,300/300/300/300/300/300
1700000098.500000,1,300,300,117.63,54.08,0,2487,300/300/300/300/300/300
1700000098.550000,1,300,300,117.57,466.63,1,2500,300/300/300/300/300/300
1700000098.600000,1,300,300,117.64,55.45,0,2500,300/300/300/300/300/300
1700000098.650000,1,300,300,117.70,56.35,0,2500,300/300/300/300/300/300
1700000098.700000,1,300,300,117.73,234.04,1,2506,300/300/300/300/300/300
1700000098.750000,1,300,300,117.74,53.45,0,2506,300/300/300/300/300/300
1700000098.800000,1,300,300,117.73,56.70,0,2506,300/300/300/300/300/300
1700000098.850000,1,300,300,117.72,290.83,1,2486,300/300/300/300/300/300
1700000098.900000,1,300,300,117.73,53.64,0,2486,300/300/300/300/300/300
1700000098.950000,1,300,300,117.72,51.83,0,2486,300/300/300/300/300/300
1700000099.000000,1,300,300,117.72,265.42,1,2456,300/300/300/300/300/300
1700000099.050000,1,300,300,117.69,57.72,0,2456,300/300/300/300/300/300
1700000099.100000,1,300,300,117.71,52.83,0,2456,300/300/300/300/300/300
1700000099.150000,1,300,300,117.73,286.01,1,2449,300/300/300/300/300/300
1700000099.200000,1,300,300,117.75,54.74,0,2449,300/300/300/300/300/300
1700000099.250000,1,300,300,117.73,56.09,0,2449,300/300/300/300/300/300
1700000099.300000,1,300,300,117.76,203.08,1,2420,300/300/300/300/300/300
1700000099.350000,1,300,300,117.76,53.12,0,2420,300/300/300/300/300/300
1700000099.400000,1,300,300,117.75,53.67,0,2420,300/300/300/300/300/300
1700000099.450000,1,300,300,117.74,283.07,1,2405,300/300/300/300/300/300
1700000099.500000,1,300,300,117.78,59.71,0,2405,300/300/300/300/300/300
1700000099.550000,1,300,300,117.73,57.43,0,2405,300/300/300/300/300/300
1700000099.600000,1,300,300,117.67,299.02,1,2394,300/300/300/300/300/300
1700000099.650000,1,300,300,117.56,56.79,0,2394,300/300/300/300/300/300
1700000099.700000,1,300,300,117.33,57.56,0,2394,300/300/300/300/300/300
1700000099.750000,1,300,300,117.23,249.81,1,2364,300/300/300/300/300/300
1700000099.800000,1,300,300,117.17,55.38,0,2364,300/300/300/300/300/300
1700000099.850000,1,300,300,117.18,54.90,0,2364,300/300/300/300/300/300
1700000099.900000,1,300,300,117.18,281.91,1,2361,300/300/300/300/300/300
1700000099.950000,1,300,300,117.18,54.51,0,2361,300/300/300/300/300/300
1700000100.000000,1,300,300,117.10,56.98,0,2361,300/300/300/300/300/300
1700000100.050000,1,300,300,117.03,297.06,1,2337,300/300/300/300/300/300
1700000100.100000,1,300,300,117.00,50.70,0,2337,300/300/300/300/300/300
1700000100.150000,1,300,300,116.98,53.88,0,2337,300/300/300/300/300/300
1700000100.200000,1,300,300,116.96,287.07,1,2307,300/300/300/300/300/300
1700000100.250000,1,300,300,116.92,55.62,0,2307,300/300/300/300/300/300
1700000100.300000,1,300,300,116.91,53.27,0,2307,300/300/300/300/300/300
1700000100.350000,1,300,300,116.92,281.60,1,2277,300/300/300/300/300/300
1700000100.400000,1,300,300,116.86,53.15,0,2277,300/300/300/300/300/300
1700000100.450000,1,300,300,116.81,54.05,0,2277,300/300/300/300/300/300
1700000100.500000,1,300,300,116.74,278.42,1,2264,300/300/300/300/300/300
1700000100.550000,1,300,300,116.74,53.32,0,2264,300/300/300/300/300/300
1700000100.600000,1,300,300,116.66,54.24,0,2264,300/300/300/300/300/300
1700000100.650000,1,300,300,116.59,272.27,1,2260,300/300/300/300/300/300
1700000100.700000,1,300,300,116.60,54.16,0,2260,300/300/300/300/300/300
1700000100.750000,1,300,300,116.50,52.12,0,2260,300/300/300/300/300/300
1700000100.800000,1,300,300,116.54,284.28,1,2257,300/300/300/300/300/300
1700000100.850000,1,300,300,116.51,56.27,0,2257,300/300/300/300/300/300
1700000100.900000,1,300,300,116.43,53.40,0,2257,300/300/300/300/300/300
1700000100.950000,1,300,300,116.44,286.69,1,2242,300/300/300/300/300/300
1700000101.000000,1,300,300,116.46,58.10,0,2242,300/300/300/300/300/300
1700000101.050000,1,300,300,116.51,54.84,0,2242,300/300/300/300/300/300
1700000101.100000,1,300,300,116.52,262.90,1,2247,300/300/300/300/300/300
1700000101.150000,1,300,300,116.52,52.10,0,2247,300/300/300/300/300/300
1700000101.200000,1,300,300,116.47,52.58,0,2247,300/300/300/300/300/300
1700000101.250000,1,300,300,116.52,297.31,1,2285,300/300/300/300/300/300
1700000101.300000,1,300,300,116.56,55.41,0,2285,300/300/300/300/300/300
1700000101.350000,1,300,300,116.60,51.96,0,2285,300/300/300/300/300/300
1700000101.400000,1,300,300,116.70,278.45,1,2281,300/300/300/300/300/300
1700000101.450000,1,300,300,116.77,52.60,0,2281,300/300/300/300/300/300
1700000101.500000,1,300,300,116.75,51.62,0,2281,300/300/300/300/300/300
1700000101.550000,1,300,300,116.78,284.50,1,2296,300/300/300/300/300/300
1700000101.600000,1,300,300,116.80,52.33,0,2296,300/300/300/300/300/300
1700000101.650000,1,300,300,116.84,50.60,0,2296,300/300/300/300/300/300
1700000101.700000,1,300,300,116.84,287.55,1,2288,300/300/300/300/300/300
1700000101.750000,1,300,300,116.87,51.58,0,2288,300/300/300/300/300/300
1700000101.800000,1,300,300,116.93,49.05,0,2288,300/300/300/300/300/300
1700000101.850000,1,300,300,116.91,284.60,1,2293,300/300/300/300/300/300
1700000101.900000,1,300,300,116.89,51.07,0,2293,300/300/300/300/300/300
1700000101.950000,1,300,300,116.90,50.20,0,2293,300/300/300/300/300/300
1700000102.000000,1,300,300,116.88,295.35,1,2279,300/300/300/300/300/300
1700000102.050000,1,300,300,116.87,53.04,0,2279,300/300/300/300/300/300
1700000102.100000,1,300,300,116.82,50.52,0,2279,300/300/300/300/300/300
1700000102.150000,1,300,300,116.78,345.85,1,2263,300/300/300/300/300/300
1700000102.200000,1,300,300,116.77,51.04,0,2263,300/300/300/300/300/300
1700000102.250000,1,300,300,116.74,50.65,0,2263,300/300/300/300/300/300
1700000102.300000,1,300,300,116.74,254.06,1,2240,300/300/300/300/300/300
1700000102.350000,1,300,300,116.78,49.98,0,2240,300/300/300/300/300/300
1700000102.400000,1,300,300,116.95,49.34,0,2240,300/300/300/300/300/300
1700000102.450000,1,300,300,117.07,296.28,1,2243,300/300/300/300/300/300
1700000102.500000,1,300,300,117.12,51.38,0,2243,300/300/300/300/300/300
1700000102.550000,1,300,300,117.12,49.92,0,2243,300/300/300/300/300/300
1700000102.600000,1,300,300,117.18,208.29,1,2236,300/300/300/300/300/300
1700000102.650000,1,300,300,117.26,55.76,0,2236,300/300/300/300/300/300
1700000102.700000,1,300,300,117.23,54.39,0,2236,300/300/300/300/300/300
1700000102.750000,1,300,300,117.19,299.59,1,2204,300/300/300/300/300/300
1700000102.800000,1,300,300,117.25,54.99,0,2204,300/300/300/300/300/300
1700000102.850000,1,300,300,117.29,54.44,0,2204,300/300/300/300/300/300
1700000102.900000,1,300,300,117.35,207.40,1,2196,300/300/300/300/300/300
1700000102.950000,1,300,300,117.36,53.39,0,2196,300/300/300/300/300/300
1700000103.000000,1,300,300,117.37,56.58,0,2196,300/300/300/300/300/300
1700000103.050000,1,300,300,117.38,323.78,1,2204,300/300/300/300/300/300
1700000103.100000,1,300,300,117.42,61.85,0,2204,300/300/300/300/300/300
1700000103.150000,1,300,300,117.42,60.37,0,2204,300/300/300/300/300/300
1700000103.200000,1,300,300,117.40,290.13,1,2213,300/300/300/300/300/300
1700000103.250000,1,300,300,117.33,58.55,0,2213,300/300/300/300/300/300
1700000103.300000,1,300,300,117.33,57.59,0,2213,300/300/300/300/300/300
1700000103.350000,1,300,300,117.20,261.15,1,2230,300/300/300/300/300/300
1700000103.400000,1,300,300,117.00,53.28,0,2230,300/300/300/300/300/300
1700000103.450000,1,300,300,116.97,56.21,0,2230,300/300/300/300/300/300
1700000103.500000,1,300,300,116.97,297.50,1,2253,300/300/300/300/300/300
1700000103.550000,1,300,300,116.97,57.06,0,2253,300/300/300/300/300/300
1700000103.600000,1,300,300,117.03,51.66,0,2253,300/300/300/300/300/300
1700000103.650000,1,300,300,117.14,254.99,1,2261,300/300/300/300/300/300
1700000103.700000,1,300,300,117.25,51.37,0,2261,300/300/300/300/300/300
1700000103.750000,1,300,300,117.33,54.19,0,2261,300/300/300/300/300/300
1700000103.800000,1,300,300,117.42,328.53,1,2262,300/300/300/300/300/300
1700000103.850000,1,300,300,117.48,57.00,0,2262,300/300/300/300/300/300
1700000103.900000,1,300,300,117.51,57.43,0,2262,300/300/300/300/300/300
1700000103.950000,1,300,300,117.54,293.21,1,2256,300/300/300/300/300/300
1700000104.000000,1,300,300,117.59,55.49,0,2256,300/300/300/300/300/300
1700000104.050000,1,300,300,117.59,53.73,0,2256,300/300/300/300/300/300
1700000104.100000,1,300,300,117.67,291.82,1,2285,300/300/300/300/300/300
1700000104.150000,1,300,300,117.70,58.86,0,2285,300/300/300/300/300/300
1700000104.200000,1,300,300,117.74,56.73,0,2285,300/300/300/300/300/300
1700000104.250000,1,300,300,117.77,295.79,1,2285,300/300/300/300/300/300
1700000104.300000,1,300,300,117.85,57.60,0,2285,300/300/300/300/300/300
1700000104.350000,1,300,300,117.89,55.91,0,2285,300/300/300/300/300/300
1700000104.400000,1,300,300,117.93,257.97,1,2277,300/300/300/300/300/300
1700000104.450000,1,300,300,117.91,63.89,0,2277,300/300/300/300/300/300
1700000104.500000,1,300,300,117.92,58.48,0,2277,300/300/300/300/300/300
1700000104.550000,1,300,300,117.94,252.36,1,2289,300/300/300/300/300/300
1700000104.600000,1,300,300,117.90,61.72,0,2289,300/300/300/300/300/300
1700000104.650000,1,300,300,117.96,60.56,0,2289,300/300/300/300/300/300
1700000104.700000,1,300,300,117.97,293.46,1,2309,300/300/300/300/300/300
1700000104.750000,1,300,300,117.95,58.15,0,2309,300/300/300/300/300/300
1700000104.800000,1,300,300,117.94,61.02,0,2309,300/300/300/300/300/300
1700000104.850000,1,300,300,117.96,236.98,1,2312,300/300/300/300/300/300
1700000104.900000,1,300,300,117.97,55.38,0,2312,300/300/300/300/300/300
1700000104.950000,1,300,300,117.82,56.50,0,2312,300/300/300/300/300/300
1700000105.000000,1,300,300,117.66,278.11,1,2379,300/300/300/300/300/300
1700000105.050000,1,300,300,117.46,59.49,0,2379,300/300/300/300/300/300
1700000105.100000,1,300,300,117.30,56.70,0,2379,300/300/300/300/300/300
1700000105.150000,1,300,300,117.10,275.92,1,2411,300/300/300/300/300/300
1700000105.200000,1,300,300,116.83,55.26,0,2411,300/300/300/300/300/300
1700000105.250000,1,300,300,116.50,56.69,0,2411,300/300/300/300/300/300
1700000105.300000,1,300,300,116.34,279.91,1,2414,300/300/300/300/300/300
1700000105.350000,1,300,300,115.97,60.41,0,2414,300/300/300/300/300/300
1700000105.400000,1,300,300,115.99,54.97,0,2414,300/300/300/300/300/300
1700000105.450000,1,300,300,116.48,244.87,1,2432,300/300/300/300/300/300
1700000105.500000,1,300,300,116.28,58.76,0,2432,300/300/300/300/300/300
1700000105.550000,1,300,300,115.15,55.40,0,2432,300/300/300/300/300/300
1700000105.600000,1,300,300,112.28,285.16,1,2448,300/300/300/300/300/300
1700000105.650000,1,300,300,117.32,54.62,0,2448,300/300/300/300/300/300
1700000105.700000,1,300,300,114.60,54.20,0,2448,300/300/300/300/300/300
1700000105.750000,1,300,300,113.12,276.84,1,2489,300/300/300/300/300/300
1700000105.800000,1,300,300,113.73,57.10,0,2489,300/300/300/300/300/300
1700000105.850000,1,300,300,113.01,55.31,0,2489,300/300/300/300/300/300
1700000105.900000,1,300,300,112.97,274.09,1,2513,300/300/300/300/300/300
1700000105.950000,1,300,300,113.17,55.55,0,2513,300/300/300/300/300/300
1700000106.000000,1,300,276,113.03,55.87,0,2513,300/276/300/300/300/300
1700000106.050000,1,300,300,113.47,240.99,1,2520,300/300/300/300/300/300
1700000106.100000,1,300,300,113.82,60.46,0,2520,300/300/300/300/300/300
1700000106.150000,1,300,300,114.40,58.37,0,2520,300/300/300/300/300/300
1700000106.200000,1,300,300,115.12,244.45,1,2586,300/300/300/300/300/300
1700000106.250000,1,300,300,115.76,55.57,0,2586,300/300/300/300/300/300
1700000106.300000,1,300,300,116.23,56.23,0,2586,300/300/300/300/300/300
1700000106.350000,1,300,300,116.87,320.45,1,2675,300/300/300/300/300/300
1700000106.400000,1,300,300,117.33,57.07,0,2675,300/300/300/300/300/300
1700000106.450000,1,300,300,117.72,54.13,0,2675,300/300/300/300/300/300
1700000106.500000,1,300,300,118.02,220.66,1,2702,300/300/300/300/300/300
1700000106.550000,1,300,300,118.26,53.18,0,2702,300/300/300/300/300/300
1700000106.600000,1,300,300,118.40,54.79,0,2702,300/300/300/300/300/300
1700000106.650000,1,300,300,118.52,200.61,1,2715,300/300/300/300/300/300
1700000106.700000,1,300,300,118.63,57.00,0,2715,300/300/300/300/300/300
1700000106.750000,1,300,300,118.66,52.91,0,2715,300/300/300/300/300/300
1700000106.800000,1,300,300,118.68,323.23,1,2757,300/300/300/300/300/300
1700000106.850000,1,300,300,118.68,54.07,0,2757,300/300/300/300/300/300
1700000106.900000,1,300,300,118.67,54.35,0,2757,300/300/300/300/300/300
1700000106.950000,1,300,300,118.66,233.52,1,2787,300/300/300/300/300/300
1700000107.000000,1,300,300,118.59,56.15,0,2787,300/300/300/300/300/300
1700000107.050000,1,300,300,118.55,57.37,0,2787,300/300/300/300/300/300
1700000107.100000,1,300,300,118.45,311.08,1,2775,300/300/300/300/300/300
1700000107.150000,1,300,300,118.42,55.59,0,2775,300/300/300/300/300/300
1700000107.200000,1,300,300,118.36,54.79,0,2775,300/300/300/300/300/300
1700000107.250000,1,300,300,118.29,272.35,1,2773,300/300/300/300/300/300
1700000107.300000,1,300,300,118.26,52.98,0,2773,300/300/300/300/300/300
1700000107.350000,1,300,300,118.18,54.88,0,2773,300/300/300/300/300/300
1700000107.400000,1,300,300,118.18,308.96,1,2782,300/300/300/300/300/300
1700000107.450000,1,300,300,118.16,59.92,0,2782,300/300/300/300/300/300
1700000107.500000,1,300,300,118.16,56.77,0,2782,300/300/300/300/300/300
1700000107.550000,1,300,300,118.17,296.15,1,2770,300/300/300/300/300/300
1700000107.600000,1,300,300,118.15,58.46,0,2770,300/300/300/300/300/300
1700000107.650000,1,300,300,118.11,56.14,0,2770,300/300/300/300/300/300
1700000107.700000,1,300,300,118.10,343.84,1,2776,300/300/300/300/300/300
1700000107.750000,1,300,300,118.07,54.39,0,2776,300/300/300/300/300/300
1700000107.800000,1,300,300,118.03,56.42,0,2776,300/300/300/300/300/300
1700000107.850000,1,300,300,117.99,337.27,1,2785,300/300/300/300/300/300
1700000107.900000,1,300,300,117.96,55.92,0,2785,300/300/300/300/300/300
1700000107.950000,1,300,300,117.95,53.65,0,2785,300/300/300/300/300/300
1700000108.000000,1,300,300,117.94,271.60,1,2775,300/300/300/300/300/300
1700000108.050000,1,300,300,117.96,55.43,0,2775,300/300/300/300/300/300
1700000108.100000,1,300,300,117.96,54.31,0,2775,300/300/300/300/300/300
1700000108.150000,1,300,300,118.01,346.16,1,2747,300/300/300/300/300/300
1700000108.200000,1,300,300,118.02,56.59,0,2747,300/300/300/300/300/300
1700000108.250000,1,300,300,118.06,53.44,0,2747,300/300/300/300/300/300
1700000108.300000,1,300,300,118.09,277.96,1,2742,300/300/300/300/300/300
1700000108.350000,1,300,300,118.12,56.32,0,2742,300/300/300/300/300/300
1700000108.400000,1,300,300,118.15,54.47,0,2742,300/300/300/300/300/300
1700000108.450000,1,300,300,118.18,352.23,1,2731,300/300/300/300/300/300
1700000108.500000,1,300,300,118.25,56.05,0,2731,300/300/300/300/300/300
1700000108.550000,1,300,300,118.27,54.94,0,2731,300/300/300/300/300/300
1700000108.600000,1,300,300,118.25,217.45,1,2706,300/300/300/300/300/300
1700000108.650000,1,300,300,118.22,54.83,0,2706,300/300/300/300/300/300
1700000108.700000,1,300,300,118.19,57.82,0,2706,300/300/300/300/300/300
1700000108.750000,1,300,300,118.09,343.21,1,2705,300/300/300/300/300/300
1700000108.800000,1,300,300,118.04,55.04,0,2705,300/300/300/300/300/300
1700000108.850000,1,300,300,117.98,56.51,0,2705,300/300/300/300/300/300
1700000108.900000,1,300,300,118.02,315.69,1,2692,300/300/300/300/300/300
1700000108.950000,1,300,300,118.03,54.13,0,2692,300/300/300/300/300/300
1700000109.000000,1,300,300,118.04,53.54,0,2692,300/300/300/300/300/300
1700000109.050000,1,300,300,118.04,313.74,1,2653,300/300/300/300/300/300
1700000109.100000,1,300,300,118.01,53.23,0,2653,300/300/300/300/300/300
1700000109.150000,1,300,300,117.96,53.75,0,2653,300/300/300/300/300/300
1700000109.200000,1,300,300,117.86,269.82,1,2628,300/300/300/300/300/300
1700000109.250000,1,300,300,117.77,58.04,0,2628,300/300/300/300/300/300
1700000109.300000,1,300,300,117.71,59.60,0,2628,300/300/300/300/300/300
1700000109.350000,1,300,300,117.65,316.85,1,2583,300/300/300/300/300/300
1700000109.400000,1,300,300,117.60,60.29,0,2583,300/300/300/300/300/300
1700000109.450000,1,300,300,117.51,56.37,0,2583,300/300/300/300/300/300
1700000109.500000,1,300,300,117.38,324.95,1,2555,300/300/300/300/300/300
1700000109.550000,1,300,300,117.20,57.07,0,2555,300/300/300/300/300/300
1700000109.600000,1,300,300,117.05,54.75,0,2555,300/300/300/300/300/300
1700000109.650000,1,300,300,116.86,225.78,1,2532,300/300/300/300/300/300
1700000109.700000,1,300,300,116.71,56.97,0,2532,300/300/300/300/300/300
1700000109.750000,1,300,300,116.53,55.62,0,2532,300/300/300/300/300/300
1700000109.800000,1,300,300,116.36,337.05,1,2466,300/300/300/300/300/300
1700000109.850000,1,300,300,116.08,53.65,0,2466,300/300/300/300/300/300
1700000109.900000,1,300,300,115.75,59.47,0,2466,300/300/300/300/300/300
1700000109.950000,1,300,300,115.36,215.68,1,2434,300/300/300/300/300/300
