ply
format ascii 1.0
element vertex 12862
property float x
property float y
property float z
property uchar red
property uchar green
property uchar blue
end_header
48.6595 -19.9520 -0.5107 80 200 120
11.6767 -6.6196 0.0928 80 200 120
6.5040 0.4254 -2.9885 80 200 120
5.8368 -7.7139 -0.9353 80 200 120
8.6794 -5.8441 0.0037 80 200 120
19.7408 -5.1421 -0.2044 80 200 120
8.9674 -2.4143 -1.3058 80 200 120
7.8766 -1.5469 -2.1105 80 200 120
9.0221 -4.1698 -3.3691 80 200 120
9.0488 -1.4117 -3.9312 80 200 120
8.9227 -4.2121 -2.2424 80 200 120
8.6255 -4.9085 -3.3427 80 200 120
7.2733 -0.2420 -1.3455 80 200 120
7.3495 -5.8671 0.1850 80 200 120
8.5996 -1.6140 -0.8249 80 200 120
5.9201 1.0360 -0.9268 80 200 120
7.8169 -5.7345 -1.7632 80 200 120
8.4404 -5.3588 -2.6010 80 200 120
7.1373 -0.2332 -2.4303 80 200 120
9.6348 -4.5907 -1.4760 80 200 120
4.4801 2.5794 -0.7052 80 200 120
23.3203 -11.1833 -0.2467 80 200 120
6.7397 -5.9099 -1.8546 80 200 120
6.5393 -6.9706 -0.3847 80 200 120
6.3591 0.6279 -1.1781 80 200 120
7.4357 -0.7489 -1.3603 80 200 120
5.7093 1.4313 -0.4285 80 200 120
8.2162 -5.9686 -0.9243 80 200 120
5.5489 1.4439 -1.3672 80 200 120
4.7626 2.2833 -0.8608 80 200 120
6.1915 0.9190 -1.9242 80 200 120
6.2846 0.0948 -2.5260 80 200 120
7.5938 -0.5410 -0.7394 80 200 120
6.6953 -6.6673 -1.0729 80 200 120
9.5690 -5.8928 -1.9321 80 200 120
5.3870 1.7645 -0.6298 80 200 120
6.1029 0.7413 -0.6323 80 200 120
6.3429 0.8570 -2.9140 80 200 120
10.8398 -3.6839 -2.4460 80 200 120
4.9515 2.0706 -1.1324 80 200 120
6.5792 0.4235 -2.3901 80 200 120
6.8523 -6.3533 0.0812 80 200 120
7.2923 -0.6997 -2.0819 80 200 120
10.0489 -3.6204 -1.2611 80 200 120
5.0840 1.7057 -1.9528 80 200 120
7.8807 -1.4315 -1.3566 80 200 120
6.6458 0.2749 -1.8503 80 200 120
5.0081 2.1329 -0.4238 80 200 120
4.1641 2.7422 -1.0158 80 200 120
6.4350 0.2298 -0.5123 80 200 120
8.0863 -1.5626 -2.9736 80 200 120
9.2546 -4.9067 -0.8305 80 200 120
4.5981 2.4165 -1.2770 80 200 120
5.6697 1.3992 -0.8953 80 200 120
5.7161 1.1430 -1.3891 80 200 120
6.2298 -4.6908 -2.3203 80 200 120
10.0950 -3.0559 -3.7782 80 200 120
9.9548 -4.0531 -1.9243 80 200 120
9.6443 -3.5822 -3.1859 80 200 120
5.1606 -8.2632 -0.7717 80 200 120
5.3223 1.7409 -1.0185 80 200 120
4.4474 2.5936 -1.0637 80 200 120
7.4346 -6.2155 -1.0624 80 200 120
7.1518 0.1175 0.1841 80 200 120
6.6252 0.5899 0.1893 80 200 120
7.5920 -0.4935 -3.4237 80 200 120
5.7697 -3.6324 -2.3573 80 200 120
9.9132 -3.5283 -4.7844 80 200 120
8.2237 -0.6693 0.1638 80 200 120
7.1672 -3.3173 -3.6967 80 200 120
3.7073 -6.5278 -0.3296 80 200 120
9.2297 -3.7602 -3.8918 80 200 120
6.8587 3.2002 0.1879 80 200 120
7.7902 -1.5979 -4.0595 80 200 120
6.5164 -8.1887 -1.9372 80 200 120
5.9492 3.4828 0.1643 80 200 120
5.0683 1.9923 -0.7551 80 200 120
7.8824 -3.1015 -4.0583 80 200 120
5.0951 3.3818 0.1490 80 200 120
0.4978 1.6285 0.1854 80 200 120
1.0751 2.0646 0.1655 80 200 120
0.5858 1.6859 0.2270 80 200 120
0.9360 1.9793 0.0333 80 200 120
0.8681 1.9539 -0.3214 80 200 120
0.2592 1.5756 0.1773 80 200 120
0.8648 1.9036 -0.4637 80 200 120
2.0173 2.9006 -0.3853 80 200 120
0.7722 1.7552 -0.1126 80 200 120
3.1362 3.6655 0.2223 80 200 120
2.3013 3.0848 0.2032 80 200 120
3.2795 3.0387 0.1843 80 200 120
1.9235 2.7064 0.2076 80 200 120
0.6108 1.6872 -0.2161 80 200 120
-0.0997 1.2043 0.2138 80 200 120
1.7416 2.7013 0.1290 80 200 120
3.5169 2.9619 0.2492 80 200 120
0.1648 1.3568 0.2283 80 200 120
1.3566 2.3259 -0.1799 80 200 120
-0.9250 0.9950 0.2359 80 200 120
1.6932 2.6143 -0.0263 80 200 120
1.5365 2.5024 -0.0145 80 200 120
3.1219 2.2680 0.2377 80 200 120
2.1887 3.0843 -0.2112 80 200 120
3.2312 2.0368 0.2051 80 200 120
3.6147 3.6165 -0.1549 80 200 120
0.4310 1.4722 -0.2015 80 200 120
1.5746 2.4816 0.2211 80 200 120
1.1566 2.1467 -0.0684 80 200 120
1.9345 2.8791 -0.0783 80 200 120
0.3425 1.4298 -0.1395 80 200 120
1.3698 2.3307 0.1816 80 200 120
0.6257 1.7042 0.0795 80 200 120
3.2670 2.5165 0.0399 80 200 120
0.3279 1.5026 0.0286 80 200 120
1.7532 -4.8662 -0.1974 80 200 120
0.1535 -2.8914 -0.2979 80 200 120
1.3406 -4.3820 -0.2531 80 200 120
-0.5577 -2.2628 -0.1326 80 200 120
-0.4819 -2.1359 -0.6738 80 200 120
-0.8756 -1.7114 -0.3426 80 200 120
0.0199 -2.9538 0.0711 80 200 120
-0.7441 -1.8853 -0.2734 80 200 120
-0.9585 -1.6772 -0.6947 80 200 120
-1.0074 -1.6177 0.1257 80 200 120
-0.5040 -2.1915 -0.3960 80 200 120
0.7577 -3.6167 -0.3735 80 200 120
-1.2683 -1.4216 -0.1958 80 200 120
-0.6651 -2.1059 -0.1808 80 200 120
-0.8203 -1.8252 -0.7028 80 200 120
-0.9104 -1.7001 -1.3071 80 200 120
-0.6686 -1.9354 -1.3230 80 200 120
-0.6589 -1.9835 -0.5548 80 200 120
-1.1169 -1.4958 0.1389 80 200 120
-1.7625 -1.7451 -1.5558 80 200 120
-1.0525 -1.6115 -0.3738 80 200 120
-1.0585 -1.5184 -0.7748 80 200 120
-0.8057 -1.9445 -0.1093 80 200 120
-0.1753 -2.4646 -0.2467 80 200 120
-0.2871 -2.5589 0.0104 80 200 120
-1.6300 -0.6959 -1.0202 80 200 120
-2.0725 -0.6230 -1.0345 80 200 120
0.9032 -3.6676 -0.7139 80 200 120
-1.2033 -1.5712 -0.2169 80 200 120
-0.7512 -1.8705 -0.4666 80 200 120
0.6524 -3.5193 -0.8902 80 200 120
-1.0388 -1.5468 -0.5449 80 200 120
-0.3813 -2.3630 -0.3124 80 200 120
-1.1267 -1.4176 -0.4039 80 200 120
0.3527 -3.1484 -0.1974 80 200 120
-1.6473 -0.8543 -0.3238 80 200 120
-1.2398 -1.1633 0.2063 80 200 120
-1.6891 -0.8423 -0.0923 80 200 120
0.0179 -2.7314 -0.9959 80 200 120
-0.0349 -2.7155 -0.2663 80 200 120
0.3035 -3.1137 -0.6005 80 200 120
-0.3229 -2.3198 -0.9745 80 200 120
-1.2390 -1.2687 -0.2541 80 200 120
2.1025 -5.0493 -0.7263 80 200 120
-1.1347 -0.3482 0.1161 80 200 120
-0.2113 -2.5484 -0.8844 80 200 120
-2.7945 -1.7331 0.0744 80 200 120
-1.3179 -1.1805 -0.1658 80 200 120
-0.2278 -2.4939 -0.5148 80 200 120
-1.5617 -1.0152 -0.3632 80 200 120
-1.6693 -0.7504 0.0985 80 200 120
-1.4059 -1.1088 -0.3778 80 200 120
-0.9532 -1.7641 -0.1458 80 200 120
0.5332 -3.3812 -1.1153 80 200 120
-0.5168 -2.0720 -0.9565 80 200 120
-1.6172 -0.6548 -0.4161 80 200 120
-26.3913 -7.5330 -1.4719 80 200 120
-1.7416 -0.4309 -0.2048 80 200 120
-0.7823 -1.8077 -1.0504 80 200 120
-0.6924 -1.9421 -0.8284 80 200 120
-1.3681 -1.1904 -0.5611 80 200 120
-0.3665 -2.3652 -0.6844 80 200 120
2.6908 -5.7626 -0.7270 80 200 120
-1.6996 -0.4828 -0.5039 80 200 120
4.9334 -7.1824 -0.0527 80 200 120
-1.1549 -1.3298 -0.6253 80 200 120
-0.8993 -1.6197 -0.9687 80 200 120
-0.4779 -2.1382 -1.2941 80 200 120
0.9846 -3.9853 -0.1266 80 200 120
-0.7951 -1.7587 0.1774 80 200 120
4.5644 -7.6593 -0.6997 80 200 120
-1.6175 -1.4407 -0.9197 80 200 120
4.5214 -7.8642 0.2502 80 200 120
3.0055 -6.3054 0.2775 80 200 120
2.1655 -5.1605 -0.0136 80 200 120
0.3646 -3.4048 0.0666 80 200 120
1.6046 -4.7920 0.2054 80 200 120
-0.6169 0.3584 0.1174 80 200 120
0.9647 -3.8686 0.2421 80 200 120
2.3166 -5.4024 -1.3215 80 200 120
-1.7447 -0.0028 -0.4023 80 200 120
1.1856 -4.1409 -0.8696 80 200 120
3.2594 -5.5999 -0.1796 80 200 120
3.5398 -6.6193 -0.8367 80 200 120
-4.6937 -0.6511 0.1617 80 200 120
0.6372 -3.6733 0.1817 80 200 120
-1.3063 -0.0155 -0.0188 80 200 120
-0.2190 -2.4963 -1.2404 80 200 120
4.6452 -5.4334 -4.6342 80 200 120
5.7063 -3.2451 -4.2826 80 200 120
6.2460 -4.8171 -3.7159 80 200 120
4.8982 -1.7778 -4.7007 80 200 120
1.7982 0.1692 -3.9366 80 200 120
2.6581 0.4939 -4.2184 80 200 120
6.7981 -0.2945 -4.4563 80 200 120
5.1198 -6.2679 -4.2600 80 200 120
6.6942 -3.8727 -3.7464 80 200 120
5.5060 -2.0106 -4.7207 80 200 120
4.6245 1.4001 -3.5064 80 200 120
5.8874 -2.1974 -3.8046 80 200 120
0.8780 -1.8287 -3.7513 80 200 120
4.7409 -2.4408 -4.1794 80 200 120
7.7839 -1.7209 -4.1013 80 200 120
4.8962 0.4321 -4.3289 80 200 120
6.6305 -0.4437 -3.6725 80 200 120
1.7962 -0.2908 -3.8434 80 200 120
2.0836 0.0977 -3.7081 80 200 120
2.1259 -3.8154 -4.2433 80 200 120
1.1272 -2.7479 -4.4110 80 200 120
4.0272 -2.4291 -3.6571 80 200 120
3.6850 1.7335 -4.4204 80 200 120
5.4650 0.3143 -3.7415 80 200 120
1.0782 -3.1047 -4.1493 80 200 120
1.7933 -3.0871 -4.4194 80 200 120
4.3651 -7.7238 -4.3766 80 200 120
6.9916 -1.5666 -4.5429 80 200 120
-1.6739 -0.4709 -4.4987 80 200 120
0.6118 -2.9577 -4.1627 80 200 120
4.3235 1.5615 -4.2017 80 200 120
2.5332 -5.4103 -4.4530 80 200 120
3.3227 -4.1620 -4.5776 80 200 120
4.2359 -3.3639 -4.2930 80 200 120
3.3716 -3.4214 -4.6508 80 200 120
2.1573 0.5679 -4.0226 80 200 120
3.3601 -6.3311 -4.4904 80 200 120
1.5391 -3.3092 -4.0442 80 200 120
2.4954 -0.2588 -3.5073 80 200 120
-1.2838 -1.0007 -4.3143 80 200 120
0.1046 -2.4778 -4.4360 80 200 120
6.8552 -3.2139 -3.8282 80 200 120
0.1443 -1.8371 -4.2172 80 200 120
4.2306 0.9012 -4.6083 80 200 120
1.4312 -1.6948 -4.0214 80 200 120
1.6509 -4.0185 -4.1292 80 200 120
3.9087 -0.2899 -4.6508 80 200 120
1.8213 -0.4442 -3.1371 80 200 120
0.8901 -0.0634 -4.7192 80 200 120
5.2443 -8.0121 0.0318 80 200 120
2.6933 -3.3775 -4.7014 80 200 120
2.8992 1.3375 -4.7190 80 200 120
-0.1743 -1.4824 -4.6693 80 200 120
2.1545 -0.5134 -3.9250 80 200 120
-1.7231 -0.4390 -3.5156 80 200 120
6.5633 0.4404 -3.0761 80 200 120
5.8221 -7.6302 -1.0460 80 200 120
4.9978 -7.1786 -4.1420 80 200 120
-0.5442 -1.8968 -4.4745 80 200 120
2.4829 -4.5709 -4.3696 80 200 120
0.6928 -1.9027 -4.6356 80 200 120
0.5577 -1.3108 -3.7522 80 200 120
0.0641 0.0066 -4.6798 80 200 120
7.7830 -1.1253 -3.0175 80 200 120
-0.8095 -1.6451 -4.4015 80 200 120
-0.8407 -0.2763 -4.8059 80 200 120
1.9766 1.9508 -4.7257 80 200 120
0.1836 -0.8539 -4.4387 80 200 120
1.8058 -2.2688 -4.0495 80 200 120
-0.3732 -0.4077 -4.7794 80 200 120
-0.0658 0.9464 -4.7126 80 200 120
1.8555 0.9859 -4.6557 80 200 120
3.1519 -6.4534 -2.8179 80 200 120
-0.4201 0.7131 -4.6665 80 200 120
-1.3216 -0.5655 -4.7806 80 200 120
0.1296 -2.9029 -3.9615 80 200 120
5.8623 -9.4302 -2.9695 80 200 120
6.7672 -7.0494 -2.9108 80 200 120
3.7656 3.2167 -0.1908 80 200 120
4.7358 3.5761 0.1480 80 200 120
13.4749 3.7334 0.0322 80 200 120
5.8531 1.1001 -0.5539 80 200 120
4.5189 -6.9056 0.1603 80 200 120
5.5594 1.2858 0.1653 80 200 120
6.6472 2.4080 0.1188 80 200 120
5.0587 -6.4703 0.1228 80 200 120
7.1125 -0.1968 -1.9418 80 200 120
6.5897 -7.6985 -2.7541 80 200 120
4.2891 2.7985 -0.7148 80 200 120
1.3081 2.2765 -0.0138 80 200 120
0.4640 1.5616 -0.0313 80 200 120
-1.7109 0.8327 0.2474 80 200 120
1.2428 2.2150 0.2552 80 200 120
0.8013 1.8867 -0.0125 80 200 120
-0.1386 -2.6437 -1.5330 80 200 120
-1.7719 -0.9337 -1.2546 80 200 120
-1.1623 0.2866 -0.4041 80 200 120
5.2799 -6.3580 0.1978 80 200 120
1.9561 -4.4058 -1.4396 80 200 120
2.9820 -6.1467 -0.3184 80 200 120
1.0654 -4.1287 -1.2319 80 200 120
1.5633 -4.5897 -1.2675 80 200 120
-1.4677 -0.9860 -0.8596 80 200 120
-3.5609 0.2400 0.2803 80 200 120
-0.5617 -2.0077 0.1891 80 200 120
-0.7634 0.5095 -4.6156 80 200 120
-1.0464 -1.2409 -4.5229 80 200 120
0.8314 -0.9635 -3.6337 80 200 120
3.7604 -7.2515 -1.7172 80 200 120
2.3855 0.1215 -3.5544 80 200 120
1.9903 -5.0845 -2.2580 80 200 120
9.8314 -3.6903 -0.0840 80 200 120
10.2152 -4.6382 -1.9394 80 200 120
-1.3739 -1.2044 -3.0536 80 200 120
6.5622 -6.7130 -2.8180 80 200 120
7.8724 -1.4057 -0.7268 80 200 120
5.7325 0.8164 -3.3142 80 200 120
0.6627 -0.3595 -4.4278 80 200 120
-0.7614 -1.9623 -3.3988 80 200 120
3.4921 0.8240 -4.7384 80 200 120
1.6961 -4.6930 -2.8335 80 200 120
3.8066 1.8387 -4.0097 80 200 120
8.2702 -1.7513 -2.4313 80 200 120
1.2092 -0.5831 -3.1388 80 200 120
7.2360 -0.8433 -3.5765 80 200 120
8.6654 -5.4414 -2.7558 80 200 120
3.5926 0.1810 -4.6984 80 200 120
0.4771 0.2783 -4.7140 80 200 120
6.8031 0.0658 -2.8781 80 200 120
-1.7270 -0.8508 -2.6409 80 200 120
-1.1620 -1.4647 -2.9293 80 200 120
5.3155 -7.6862 -1.7855 80 200 120
7.6022 -6.0035 -1.2403 80 200 120
8.0845 -5.9548 -1.9542 80 200 120
2.2009 1.0760 -4.5973 80 200 120
-0.8876 -1.7085 -2.3868 80 200 120
1.8830 1.4670 -4.7240 80 200 120
5.1371 -7.8570 -3.7356 80 200 120
2.2501 -5.4062 -1.7710 80 200 120
-0.6062 -1.3521 -4.6148 80 200 120
0.6652 0.8453 -4.7332 80 200 120
6.5861 -5.0182 -2.4129 80 200 120
7.6258 -0.3294 -2.6623 80 200 120
1.3636 1.7222 -4.7786 80 200 120
1.2407 0.7774 -4.7199 80 200 120
0.1715 -3.0744 -2.6569 80 200 120
7.8081 -0.9285 -1.6464 80 200 120
5.0177 -1.0309 -4.8300 80 200 120
4.5497 -7.9557 -1.4495 80 200 120
4.4366 -7.6999 -2.6050 80 200 120
0.5281 -3.3846 -2.1376 80 200 120
-0.8534 -0.9025 -4.7529 80 200 120
9.4468 -4.7489 -2.8700 80 200 120
5.8632 -7.2312 -3.2185 80 200 120
-1.3453 -1.3240 -4.0928 80 200 120
7.1519 -7.0020 -0.0818 80 200 120
0.2740 -0.4095 -4.4190 80 200 120
1.2950 0.3482 -4.5198 80 200 120
6.9175 -6.9623 -1.2076 80 200 120
0.8505 -3.8079 -2.9417 80 200 120
1.3741 -0.1524 -4.4093 80 200 120
9.5293 -4.6004 -1.0531 80 200 120
2.2994 1.6624 -4.7282 80 200 120
1.2237 -0.4608 -3.6266 80 200 120
-1.1113 -1.5725 -3.7563 80 200 120
-1.2854 -1.3433 -1.9287 80 200 120
-1.1186 0.2746 -4.4021 80 200 120
-0.9631 -1.7010 -2.8229 80 200 120
3.9427 1.4365 -4.6280 80 200 120
10.3976 -3.9297 -3.7344 80 200 120
0.1394 0.3980 -4.7225 80 200 120
6.4393 -0.2197 -5.0318 80 200 120
1.1482 -3.7172 -4.1357 80 200 120
1.5165 -0.6557 -2.6486 80 200 120
1.0529 1.1584 -4.7190 80 200 120
3.5065 1.3477 -4.7490 80 200 120
3.9173 -3.8443 -4.6750 80 200 120
-1.7974 -0.6731 -2.1188 80 200 120
1.1536 -2.2811 -4.5190 80 200 120
2.2843 0.3413 -3.6888 80 200 120
3.5715 2.1539 -3.9977 80 200 120
-0.4109 0.2996 -4.8111 80 200 120
6.3535 -0.7460 -4.7123 80 200 120
9.5091 -3.3939 -4.6326 80 200 120
6.8862 -4.7415 -3.0671 80 200 120
1.5791 2.3276 -4.7374 80 200 120
8.9518 -5.1885 -3.6038 80 200 120
5.7763 -1.5767 -4.7559 80 200 120
5.6490 -3.9561 -4.7463 80 200 120
5.8675 -5.5867 -4.5197 80 200 120
-0.2439 -2.6969 -4.1767 80 200 120
4.1371 -5.8123 -4.2701 80 200 120
3.8296 -1.3866 -4.6730 80 200 120
5.9727 -3.9745 -3.9622 80 200 120
7.8758 -2.4657 -4.7531 80 200 120
4.6462 -0.1077 -4.7664 80 200 120
3.6927 -2.2596 -4.0711 80 200 120
4.1585 -0.9259 -4.7040 80 200 120
4.1961 -1.9906 -4.4077 80 200 120
3.4006 2.1242 -3.0072 80 200 120
9.4842 -4.3449 -4.7786 80 200 120
4.4456 0.7612 -4.2034 80 200 120
2.3397 2.9032 -4.7920 80 200 120
8.8557 -4.6071 0.0093 80 200 120
8.4966 -5.5823 0.0407 80 200 120
2.9593 -0.1478 -3.8859 80 200 120
9.4028 -2.7706 -0.0125 80 200 120
3.1045 2.4057 -4.1892 80 200 120
3.8421 -2.0201 -4.7574 80 200 120
1.8905 2.7122 -4.6492 80 200 120
3.8067 -5.5043 -4.9662 80 200 120
3.3889 2.8587 -3.6904 80 200 120
2.3201 -0.6294 -3.7366 80 200 120
3.7143 1.9241 -3.1788 80 200 120
0.7012 1.7234 -4.6701 80 200 120
5.1566 -8.1120 -0.8127 80 200 120
1.8106 -0.6386 -1.7550 80 200 120
2.0597 -4.9859 -0.0249 80 200 120
-0.0189 -2.7866 -1.1126 80 200 120
1.0626 1.9617 -4.7430 80 200 120
5.9292 -1.8908 -4.2753 80 200 120
2.0879 -0.5263 -1.7882 80 200 120
2.0709 -0.4143 -2.0688 80 200 120
3.1104 -0.8849 -3.9496 80 200 120
1.7411 -0.5545 -2.0266 80 200 120
9.5903 -2.1072 0.0778 80 200 120
2.5953 0.5607 -4.2223 80 200 120
0.8400 -1.6694 -3.5784 80 200 120
1.7377 0.1895 -3.9673 80 200 120
3.8859 1.5175 -4.4879 80 200 120
2.0548 -3.8070 -4.3092 80 200 120
1.8725 -0.2570 -4.0548 80 200 120
0.3740 -2.6690 -4.4384 80 200 120
1.1160 -3.5050 -4.0889 80 200 120
1.0223 -2.7422 -4.4749 80 200 120
1.1000 -2.9975 -4.2041 80 200 120
1.5785 -2.9766 -4.3187 80 200 120
2.0257 0.5089 -4.1126 80 200 120
2.0066 0.1230 -3.7368 80 200 120
1.6537 -0.5465 -4.1857 80 200 120
0.5312 -3.0263 -4.2148 80 200 120
-1.7551 -0.4776 -4.4821 80 200 120
-1.5401 -0.9417 -4.4663 80 200 120
1.6035 -4.1432 -4.2293 80 200 120
2.2809 0.6229 -4.1038 80 200 120
2.2132 0.3144 -3.7153 80 200 120
1.8813 0.7613 -4.5241 80 200 120
1.4763 -3.3371 -4.0576 80 200 120
1.8810 2.7668 -4.6691 80 200 120
0.8423 1.9125 -4.6386 80 200 120
1.7384 -1.6783 -3.1312 80 200 120
2.5697 -3.4141 -4.7871 80 200 120
1.5285 2.3932 -4.6895 80 200 120
2.5256 3.2982 -4.7002 80 200 120
1.4250 -1.8582 -3.8684 80 200 120
0.7143 -1.5578 -4.1055 80 200 120
-1.7877 -0.4909 -3.6569 80 200 120
0.1414 -1.1837 -3.8657 80 200 120
0.7842 0.0151 -4.7249 80 200 120
-0.8216 -1.9451 -3.3197 80 200 120
0.7802 -0.8844 -3.5774 80 200 120
-0.1892 -2.2763 -4.4019 80 200 120
-0.4676 -1.3807 -3.8623 80 200 120
2.8221 1.3695 -4.7634 80 200 120
0.3272 -0.6346 -4.0237 80 200 120
-1.3729 -0.5449 -4.7118 80 200 120
0.0474 -2.8555 -3.9570 80 200 120
0.6751 -0.5357 -3.9587 80 200 120
-0.8745 0.3285 -4.5576 80 200 120
-0.5144 0.7717 -4.5807 80 200 120
-0.9463 -0.1015 -4.7524 80 200 120
2.1043 -4.3016 -4.2598 80 200 120
1.3994 -0.1416 -4.2733 80 200 120
1.8663 1.9457 -4.7165 80 200 120
0.0482 0.1046 -4.6622 80 200 120
-1.2493 -1.3273 -4.0713 80 200 120
1.4185 1.9699 -4.7664 80 200 120
1.4548 -1.9425 -4.7235 80 200 120
2.4193 2.7976 -4.7957 80 200 120
-1.1367 -0.8859 -4.7958 80 200 120
0.2527 -1.8422 -4.5112 80 200 120
0.1480 -0.4122 -4.5521 80 200 120
-1.8232 -0.7064 -2.0890 80 200 120
0.4483 1.5519 -4.6340 80 200 120
-0.2043 1.0072 -2.1162 80 200 120
1.2068 0.7794 -4.7037 80 200 120
-1.0497 -1.6072 -2.9941 80 200 120
1.6581 0.4602 -4.3690 80 200 120
1.7502 1.0526 -4.6844 80 200 120
1.7416 1.4857 -4.7331 80 200 120
0.0623 0.8137 -4.7921 80 200 120
1.5562 -0.3996 -3.3873 80 200 120
-0.8841 0.4191 -2.2289 80 200 120
1.3921 2.3948 -3.6343 80 200 120
-0.4461 -1.7833 -3.8679 80 200 120
-0.5161 -0.3443 -4.7757 80 200 120
-1.7225 -0.7849 -2.6778 80 200 120
-0.9429 -1.7273 -2.3825 80 200 120
2.2724 1.6542 -4.7276 80 200 120
-1.3829 -1.2050 -3.0625 80 200 120
0.9116 1.4763 -4.7748 80 200 120
-1.5742 -0.0381 -4.1757 80 200 120
2.1990 -0.1189 -3.7496 80 200 120
0.9748 1.0541 -4.7086 80 200 120
-0.7776 0.4956 -2.8594 80 200 120
1.2960 -0.2974 -4.0294 80 200 120
-0.2804 -0.8111 -4.0244 80 200 120
2.6523 2.1518 -4.7242 80 200 120
-0.4070 0.3522 -4.7642 80 200 120
1.4201 -1.3883 -4.4139 80 200 120
3.5860 1.4247 -4.8343 80 200 120
0.1178 -1.4803 -3.8253 80 200 120
0.8850 -1.0312 -4.4015 80 200 120
-0.5453 0.7351 -2.8969 80 200 120
-1.7427 -0.7517 -1.6687 80 200 120
-0.7190 -0.7162 -4.7064 80 200 120
-0.0787 -2.7548 -2.7720 80 200 120
0.9073 0.4498 -4.7025 80 200 120
-0.7291 -2.0207 -2.5738 80 200 120
0.0271 1.2090 -3.2378 80 200 120
0.7677 1.8730 -2.7199 80 200 120
0.3685 -3.2670 -3.8236 80 200 120
-0.9468 0.2986 -1.3462 80 200 120
1.1518 2.2023 -2.7481 80 200 120
1.3586 0.1827 -4.4462 80 200 120
-1.0740 0.2629 -3.4397 80 200 120
-0.9151 -1.7125 -3.7055 80 200 120
2.1624 1.2814 -4.7176 80 200 120
0.1712 1.3638 -2.6761 80 200 120
2.2447 2.3173 -4.7351 80 200 120
-1.7700 -0.5021 -1.7974 80 200 120
4.4964 1.4350 -4.4303 80 200 120
-1.7443 -0.3204 -2.2775 80 200 120
2.2891 0.9569 -4.6003 80 200 120
0.4475 0.4282 -4.7110 80 200 120
-1.1118 -1.4923 -2.3663 80 200 120
-0.2577 0.9952 -2.8712 80 200 120
-0.1794 -2.6749 -4.2461 80 200 120
3.1504 1.7613 -4.7684 80 200 120
0.6004 -0.3798 -4.5100 80 200 120
3.5654 0.8709 -4.7118 80 200 120
3.0705 2.5402 -4.4317 80 200 120
0.9687 -2.2971 -4.6018 80 200 120
1.0590 -1.5574 -4.0852 80 200 120
0.8138 -3.7345 -3.4450 80 200 120
-0.3680 0.7775 -1.9622 80 200 120
-0.9047 -1.1468 -4.2512 80 200 120
2.3041 -0.5931 -3.7362 80 200 120
2.8355 2.7596 -4.0631 80 200 120
3.2189 3.9646 -4.6092 80 200 120
3.6548 0.5228 -4.7064 80 200 120
3.0515 0.0971 -4.4606 80 200 120
3.6425 1.7896 -4.5619 80 200 120
1.7873 -0.4551 -3.4218 80 200 120
2.4256 -0.0471 -3.5356 80 200 120
3.1124 -0.4161 -3.7613 80 200 120
2.0536 -0.4777 -3.9459 80 200 120
2.8177 -4.1460 -4.5640 80 200 120
3.2693 2.7698 -3.4942 80 200 120
3.5681 2.8489 -3.2917 80 200 120
3.1288 -0.8415 -3.9344 80 200 120
3.2100 3.2205 -3.8257 80 200 120
3.4842 2.2131 -4.1021 80 200 120
1.2096 2.2009 -1.2714 80 200 120
3.8610 0.0575 -4.7464 80 200 120
3.1703 -3.4062 -4.7863 80 200 120
4.3583 1.0786 -4.7594 80 200 120
3.8981 -1.6053 -4.7038 80 200 120
4.3111 -0.6779 -4.6912 80 200 120
4.3619 -7.8795 -1.0797 80 200 120
3.8188 -6.8534 -0.2713 80 200 120
7.5201 -1.0582 -3.3849 80 200 120
8.6973 -2.3793 -4.1061 80 200 120
8.4942 -4.4463 -4.5940 80 200 120
7.9320 -5.7055 -3.6767 80 200 120
2.5815 3.5737 -0.7286 80 200 120
0.4249 1.5489 0.2703 80 200 120
2.7022 3.4504 -0.0315 80 200 120
1.7477 2.6293 -0.4863 80 200 120
1.6760 2.5451 -0.2935 80 200 120
0.7031 1.7146 -0.0195 80 200 120
0.9785 1.9299 0.2470 80 200 120
1.4669 2.3730 0.1130 80 200 120
2.2029 3.0602 -0.3078 80 200 120
0.2099 1.3618 0.2489 80 200 120
3.1887 3.7739 -0.2289 80 200 120
-0.3188 1.0177 0.1242 80 200 120
1.9548 2.9348 -0.6941 80 200 120
1.4740 2.4043 -0.3201 80 200 120
0.2337 1.2295 0.1175 80 200 120
2.6944 3.4997 -0.5341 80 200 120
1.4184 2.3628 -0.1511 80 200 120
2.1668 3.0110 -0.5561 80 200 120
0.2996 1.4299 0.1310 80 200 120
2.9460 3.6901 -0.3699 80 200 120
1.2266 2.1838 -0.1634 80 200 120
3.5071 3.0513 0.1352 80 200 120
3.4304 3.3196 0.1414 80 200 120
3.2024 3.4600 -0.4176 80 200 120
1.5927 2.4229 -0.5491 80 200 120
1.3629 2.3957 0.0358 80 200 120
1.0021 1.9642 0.0714 80 200 120
-0.9830 -1.9659 -1.5222 80 200 120
-0.2470 -2.4454 -1.4971 80 200 120
-0.0261 -2.8960 -1.6364 80 200 120
-1.1123 -1.0983 -1.1698 80 200 120
5.6873 -7.2053 -0.5623 80 200 120
4.8295 -6.5935 -0.8702 80 200 120
-1.1628 -1.5714 -1.1015 80 200 120
4.2218 -7.0865 -1.5819 80 200 120
3.6308 -6.6056 -0.1588 80 200 120
-1.5591 -0.3381 0.3525 80 200 120
0.5593 -3.2751 -1.4860 80 200 120
4.2673 1.6289 -3.8325 80 200 120
4.5833 0.8403 -3.3555 80 200 120
5.0819 0.6291 -3.4595 80 200 120
3.9923 2.0422 -3.2284 80 200 120
3.6150 -6.6251 0.2186 80 200 120
2.8762 2.6029 -3.7514 80 200 120
3.1280 -0.3119 -4.3100 80 200 120
-5.6605 -0.0786 0.3675 80 200 120
3.1496 3.8126 -3.4715 80 200 120
2.9933 2.4877 -3.9056 80 200 120
3.7489 1.8451 -4.3362 80 200 120
3.4688 -2.2336 -4.1599 80 200 120
4.6093 0.6796 -4.8772 80 200 120
3.2578 -4.0410 -4.4001 80 200 120
3.8590 -1.2913 -4.6800 80 200 120
1.9209 -3.4226 -4.4960 80 200 120
3.6532 -1.9582 -4.4117 80 200 120
2.4031 -5.4420 -4.3477 80 200 120
6.1453 -0.6109 -4.7239 80 200 120
3.0748 2.5935 -3.4564 80 200 120
2.4095 0.4817 -4.2203 80 200 120
1.6179 0.1136 -4.0599 80 200 120
2.9524 2.3742 -4.3319 80 200 120
1.5609 -0.4854 -4.2171 80 200 120
5.6187 -2.0712 -3.6994 80 200 120
4.6972 0.3927 -4.4695 80 200 120
5.4364 -2.5955 -3.9150 80 200 120
2.9263 3.4179 -3.9459 80 200 120
4.4317 1.3073 -3.6743 80 200 120
1.9123 0.1109 -3.6048 80 200 120
6.2982 -0.4203 -3.7316 80 200 120
5.1923 0.3244 -3.7331 80 200 120
8.0455 -1.9203 -4.6858 80 200 120
4.6997 0.9420 -3.3552 80 200 120
3.7960 1.4623 -4.5424 80 200 120
5.3232 -1.9745 -4.5696 80 200 120
4.7222 1.7799 -3.3843 80 200 120
5.2483 0.5849 -3.4784 80 200 120
0.9386 -2.9458 -4.5762 80 200 120
6.9110 -1.6018 -4.7231 80 200 120
2.0157 0.5033 -3.9610 80 200 120
3.5165 2.7578 -3.2963 80 200 120
3.5749 1.9836 -3.3432 80 200 120
2.1496 -0.5361 -3.6289 80 200 120
1.7032 2.6197 -4.6134 80 200 120
3.9221 -3.2154 -4.1505 80 200 120
-0.4460 -1.6374 -4.7860 80 200 120
2.3216 -0.1038 -3.5001 80 200 120
1.3800 2.1638 -4.6114 80 200 120
4.1879 1.0775 -4.7314 80 200 120
-0.4235 -2.4477 -4.5305 80 200 120
4.2316 -0.0268 -4.7510 80 200 120
0.2206 -2.1525 -4.4788 80 200 120
2.7079 1.3213 -4.7236 80 200 120
0.4992 1.5406 -4.5400 80 200 120
3.7802 3.5092 -1.2028 80 200 120
6.3819 0.3802 -3.1923 80 200 120
1.7205 1.8353 -4.6526 80 200 120
3.0981 3.8330 -3.3199 80 200 120
2.4279 3.1361 -4.5777 80 200 120
0.9773 1.8978 -4.5618 80 200 120
2.7857 2.6283 -3.7407 80 200 120
1.8042 0.6663 -4.3601 80 200 120
-0.6265 -0.3927 -4.7255 80 200 120
0.4938 -1.8454 -4.5648 80 200 120
3.4381 0.8042 -4.7244 80 200 120
0.6660 -2.5321 -4.7370 80 200 120
4.1557 2.1014 -3.3358 80 200 120
3.9325 -0.6494 -4.7148 80 200 120
2.5447 2.3145 -4.7378 80 200 120
-1.4938 -0.7032 -4.6335 80 200 120
4.0250 3.1297 -1.5709 80 200 120
1.1774 -0.8444 -3.9537 80 200 120
-0.8606 -1.7338 -4.8427 80 200 120
7.5723 -1.0888 -3.3841 80 200 120
5.5401 0.8843 -3.3630 80 200 120
0.7187 -0.0831 -4.5060 80 200 120
3.6169 3.6448 -1.9074 80 200 120
0.3418 0.2518 -4.5665 80 200 120
1.0761 0.6744 -4.6091 80 200 120
1.3675 1.0865 -4.6068 80 200 120
1.3034 -0.2093 -4.1241 80 200 120
3.2224 3.1641 -3.5441 80 200 120
-0.0963 -1.0906 -4.5000 80 200 120
0.4432 -0.4875 -4.5292 80 200 120
-1.3784 -0.0710 -4.3528 80 200 120
5.1114 1.3461 -3.2860 80 200 120
3.4154 2.0014 -3.9350 80 200 120
-0.2752 0.8816 -4.4368 80 200 120
4.0141 3.1442 -2.6846 80 200 120
-0.0166 0.0839 -4.5826 80 200 120
3.1741 0.0304 -4.6683 80 200 120
-0.8716 -0.2547 -4.4254 80 200 120
4.8651 -0.3790 -4.8006 80 200 120
0.4052 -1.4059 -4.5583 80 200 120
1.4004 -0.6632 -3.3177 80 200 120
2.1149 1.5517 -4.6629 80 200 120
1.8604 -0.4106 -3.6786 80 200 120
-0.3880 0.2380 -4.4933 80 200 120
3.2933 3.8959 -2.9705 80 200 120
-0.0186 -1.8432 -4.5823 80 200 120
4.3632 2.7740 -2.0155 80 200 120
5.5209 1.4402 -1.6005 80 200 120
1.3379 0.2447 -4.2371 80 200 120
0.6546 1.1451 -4.6041 80 200 120
4.5655 0.7880 -3.9637 80 200 120
-0.1436 -0.7060 -4.4216 80 200 120
6.7651 0.0180 -2.6459 80 200 120
3.1075 3.8914 -1.9771 80 200 120
0.7277 -0.7398 -4.5977 80 200 120
5.1061 1.8423 -1.9029 80 200 120
3.3515 1.2995 -4.7488 80 200 120
-0.0245 0.7449 -4.6864 80 200 120
3.3327 2.3699 -3.3207 80 200 120
5.7108 -1.3030 -4.8417 80 200 120
4.0632 1.5623 -4.2236 80 200 120
2.4502 3.3055 -3.0003 80 200 120
-0.5336 -1.0417 -4.4993 80 200 120
0.6869 0.3554 -4.6047 80 200 120
0.7223 -1.2158 -4.6358 80 200 120
1.3570 1.5573 -4.6892 80 200 120
5.5475 1.3555 -2.7265 80 200 120
2.0779 1.0061 -4.6619 80 200 120
4.2397 1.6418 -3.7664 80 200 120
-0.5498 -2.1357 -4.8437 80 200 120
4.1257 -1.8896 -4.4598 80 200 120
-1.9425 -0.5370 -4.4766 80 200 120
-0.9663 0.3188 -4.4204 80 200 120
4.8599 -1.0374 -4.8022 80 200 120
6.1716 -1.9629 -4.6569 80 200 120
3.9142 2.5039 -3.4112 80 200 120
1.6327 -0.6123 -3.1929 80 200 120
4.9314 -2.4201 -4.4828 80 200 120
2.0879 0.2228 -3.5386 80 200 120
0.3357 -0.8788 -4.5920 80 200 120
4.0028 -1.0739 -4.6369 80 200 120
3.0480 -0.4684 -4.0122 80 200 120
4.8034 -1.6363 -4.7712 80 200 120
3.4482 -2.2379 -3.9757 80 200 120
3.3884 -3.6137 -4.6364 80 200 120
-0.5072 0.6119 -4.4203 80 200 120
3.7405 -1.7284 -4.6710 80 200 120
2.1908 2.7221 -4.7102 80 200 120
6.6640 -0.1614 -4.6386 80 200 120
5.9887 -3.3049 -3.7935 80 200 120
3.3677 1.7800 -4.3874 80 200 120
3.1016 3.8652 -2.4023 80 200 120
4.7202 -4.7635 -4.8258 80 200 120
1.4567 -3.3032 -4.2854 80 200 120
8.1192 -3.3189 -5.1249 80 200 120
2.7883 -3.4592 -4.6372 80 200 120
0.0641 1.2786 -3.7149 80 200 120
1.7014 1.3527 -4.6519 80 200 120
4.0050 -2.2282 -3.9106 80 200 120
2.9739 1.6673 -4.6687 80 200 120
4.0588 -5.9582 -5.4035 80 200 120
2.5336 -0.3706 -3.4514 80 200 120
5.2973 -3.8922 -4.6502 80 200 120
3.0312 -4.3409 -4.7393 80 200 120
-1.7155 -1.0205 -4.3773 80 200 120
2.3297 -3.1998 -4.5088 80 200 120
5.4631 -3.2930 -4.1725 80 200 120
4.3071 -2.8642 -4.0323 80 200 120
6.2246 -4.2400 -3.8170 80 200 120
7.2879 -3.4658 -4.1652 80 200 120
-1.4368 -1.2444 -4.4434 80 200 120
-1.9781 -0.5474 -3.5094 80 200 120
6.7539 -1.0001 -0.7643 80 200 120
5.9224 -4.7518 -3.9012 80 200 120
3.1386 -1.0106 -4.1841 80 200 120
3.9107 0.7386 -4.7471 80 200 120
4.8806 -3.9011 -3.5337 80 200 120
2.6064 3.4778 -2.3865 80 200 120
5.1043 3.0190 0.1683 80 200 120
4.2268 3.2179 0.2180 80 200 120
9.0280 -3.9434 -4.9820 80 200 120
11.3059 -7.4742 -0.6247 80 200 120
4.6336 2.7309 -0.8041 80 200 120
11.0589 -5.0584 -0.9368 80 200 120
2.9198 -6.0329 0.1629 80 200 120
7.0677 0.3023 0.0858 80 200 120
4.7296 2.1412 0.1614 80 200 120
6.5211 -1.3980 -0.3305 80 200 120
2.0922 2.9362 0.2168 80 200 120
-0.1384 1.1539 0.0871 80 200 120
-1.0767 1.2444 0.2806 80 200 120
1.0738 2.0978 -0.3429 80 200 120
0.3870 1.4261 0.2614 80 200 120
-0.3673 1.2726 0.2585 80 200 120
0.7523 1.7910 -0.0900 80 200 120
2.3264 3.1577 0.0290 80 200 120
1.3375 2.3416 -0.1870 80 200 120
0.8432 1.8911 -0.1677 80 200 120
0.9691 1.9926 -0.1992 80 200 120
0.9868 2.0253 -0.3398 80 200 120
0.8936 1.8577 0.0857 80 200 120
0.6464 1.8022 0.1022 80 200 120
1.1920 2.1529 -0.3766 80 200 120
0.1963 1.3280 0.0163 80 200 120
1.1692 2.0685 0.2503 80 200 120
1.1363 2.1247 0.1012 80 200 120
2.0328 -5.1815 -1.7030 80 200 120
0.9401 -3.8492 -1.7530 80 200 120
-1.6774 0.3649 0.2709 80 200 120
1.5210 -4.6599 -1.9466 80 200 120
-1.2433 0.0537 0.2717 80 200 120
1.9080 -5.1111 -1.1837 80 200 120
2.4807 -5.7344 -1.3529 80 200 120
2.8664 3.5074 -4.6804 80 200 120
5.1919 1.4530 -3.3313 80 200 120
2.1140 -0.6380 -1.8649 80 200 120
1.8117 -0.8725 -2.0857 80 200 120
3.5772 2.2509 -3.2673 80 200 120
2.0959 -0.4814 -2.1785 80 200 120
-0.9810 -1.9254 -0.4725 80 200 120
6.1690 -0.2211 0.1450 80 200 120
2.5412 2.4197 -4.7477 80 200 120
0.1396 1.3340 -3.7009 80 200 120
2.0677 -4.9487 0.0063 80 200 120
3.3304 2.7990 -3.4493 80 200 120
3.3226 3.8608 -4.2500 80 200 120
3.2044 3.6369 -3.1436 80 200 120
3.1505 -5.1623 -4.2675 80 200 120
3.6978 2.0462 -3.3585 80 200 120
4.1249 1.6703 -4.1769 80 200 120
3.4731 2.3271 -3.3307 80 200 120
2.0854 -0.6036 -1.7988 80 200 120
2.9462 -1.3068 -4.2841 80 200 120
3.5483 -3.3932 -4.2415 80 200 120
1.5649 -4.3726 -2.6476 80 200 120
0.1352 -2.6959 -4.5725 80 200 120
2.5732 -0.7942 -3.8375 80 200 120
2.2968 -3.9788 -4.3614 80 200 120
9.5867 -3.3363 -4.6812 80 200 120
0.5331 -3.0490 -4.8812 80 200 120
2.9300 -1.1569 -4.1887 80 200 120
3.5908 3.7815 -1.0272 80 200 120
-0.5832 0.8104 -2.7632 80 200 120
9.4157 -3.4014 -3.2561 80 200 120
3.3240 -2.7482 -4.7375 80 200 120
5.0857 -6.6025 -5.8067 80 200 120
3.6625 -6.6896 0.1826 80 200 120
5.5322 -8.0675 -1.4031 80 200 120
10.6778 -4.3161 -3.1308 80 200 120
7.7486 -5.3262 -3.4411 80 200 120
5.7040 -7.1945 -0.5502 80 200 120
5.1567 1.9695 0.2639 80 200 120
5.0945 1.9770 -0.0749 80 200 120
6.6935 0.2348 -1.1415 80 200 120
5.7205 1.0158 0.1486 80 200 120
10.5404 -3.9766 -3.9311 80 200 120
6.7794 -8.8394 -2.2188 80 200 120
5.4866 1.6824 0.2272 80 200 120
12.6741 -4.8619 -6.4859 80 200 120
6.6232 -6.8174 -2.8152 80 200 120
3.4293 4.1170 0.2826 80 200 120
3.7449 3.7479 -0.0214 80 200 120
4.2188 3.8673 0.3048 80 200 120
3.8293 3.8199 0.2852 80 200 120
1.8582 2.8047 0.2355 80 200 120
2.7098 3.5388 0.2876 80 200 120
1.8381 2.7862 -0.2673 80 200 120
1.0584 1.9956 -0.1041 80 200 120
0.8336 1.8447 -0.0171 80 200 120
3.6080 3.9193 -0.2804 80 200 120
2.5639 3.3517 -0.0581 80 200 120
0.6102 1.6132 -0.1204 80 200 120
0.5341 1.6277 0.2490 80 200 120
1.3963 2.5023 -0.4549 80 200 120
1.9391 2.8696 0.1057 80 200 120
3.8611 3.6354 -0.3208 80 200 120
1.1656 2.1304 -0.1211 80 200 120
-0.5577 -1.7659 -1.5594 80 200 120
-0.6243 -1.4095 -1.4152 80 200 120
-0.9091 -1.2778 -1.4674 80 200 120
0.3433 -3.1152 -1.6956 80 200 120
-1.0665 -1.1881 -1.1966 80 200 120
-0.4767 -2.4475 0.1890 80 200 120
-1.5160 0.0738 -0.3371 80 200 120
3.7874 1.9431 -4.8301 80 200 120
3.6576 2.8762 -3.2134 80 200 120
4.8946 1.7630 -3.2084 80 200 120
4.6437 -7.8367 0.0317 80 200 120
2.9572 -1.9068 -4.7040 80 200 120
4.4674 1.2412 -3.4125 80 200 120
1.8112 -0.6800 -1.8707 80 200 120
2.1159 -0.5297 -2.0775 80 200 120
2.1982 -0.4996 -2.5155 80 200 120
4.3703 1.7268 -3.6700 80 200 120
4.8327 0.7433 -4.5650 80 200 120
-0.9085 0.4198 0.1956 80 200 120
4.0961 2.2070 -3.2045 80 200 120
3.6559 2.0193 -4.5837 80 200 120
3.6572 2.9575 -3.3403 80 200 120
1.7413 -0.4934 -1.9635 80 200 120
8.1594 -1.7804 -4.3501 80 200 120
7.6613 -2.3158 -4.5454 80 200 120
10.0010 -4.3625 -5.2215 80 200 120
3.9337 0.0859 -4.7686 80 200 120
2.9206 -1.8827 -4.7074 80 200 120
5.2084 0.4244 -4.1194 80 200 120
4.4626 2.5028 0.2044 80 200 120
4.8225 2.3093 -0.8895 80 200 120
4.0797 2.9755 0.2274 80 200 120
3.8956 3.0833 0.2628 80 200 120
6.8642 0.0549 -2.8372 80 200 120
8.8571 -3.5079 -3.7486 80 200 120
6.8214 -3.8040 -3.3139 80 200 120
3.6477 3.1158 0.2679 80 200 120
2.2079 3.0856 -0.4821 80 200 120
1.5789 2.5037 -0.2807 80 200 120
3.2189 3.6969 0.0162 80 200 120
1.7655 2.8999 -0.0507 80 200 120
2.9441 3.6698 0.0109 80 200 120
-1.0149 1.3910 0.2442 80 200 120
2.3131 3.2446 0.2121 80 200 120
-0.0389 1.2798 0.0862 80 200 120
-17.0085 7.7693 0.3613 80 200 120
1.2767 2.3462 -0.0282 80 200 120
1.2845 2.2010 0.2505 80 200 120
2.8852 4.0362 -0.4897 80 200 120
2.1302 2.9693 -0.1150 80 200 120
0.8951 2.0107 0.0511 80 200 120
2.4813 3.3066 -0.3750 80 200 120
1.2240 2.2703 0.0837 80 200 120
-4.0011 1.2298 0.2222 80 200 120
1.9969 3.0474 -0.2320 80 200 120
1.5075 2.4542 0.0637 80 200 120
1.4654 2.4621 -0.2784 80 200 120
1.7206 2.9564 -0.5977 80 200 120
0.5474 -3.1382 -1.9902 80 200 120
-1.7708 0.0484 -0.7369 80 200 120
-1.3123 1.1424 0.2617 80 200 120
-0.0299 1.1876 0.2592 80 200 120
1.1931 -4.0333 -1.6384 80 200 120
3.6709 -7.3208 -2.2889 80 200 120
5.4963 -9.1396 -1.0342 80 200 120
8.4978 -3.4469 -4.8918 80 200 120
3.1224 3.5018 -3.8222 80 200 120
3.5496 2.2354 -3.2304 80 200 120
3.2884 3.7954 -3.2674 80 200 120
3.1651 0.2347 -4.6470 80 200 120
3.3681 -0.4566 -4.2047 80 200 120
3.5971 -2.0485 -4.0854 80 200 120
4.1048 -1.9677 -4.4416 80 200 120
3.2941 -3.8888 -4.6389 80 200 120
4.2918 1.8777 -3.1771 80 200 120
6.2744 -3.3024 -3.2444 80 200 120
3.3377 3.9445 -0.7598 80 200 120
3.8531 3.5841 -1.0838 80 200 120
4.6341 0.8569 -4.7040 80 200 120
3.5796 -2.0235 -4.8139 80 200 120
3.6241 3.8100 -0.9661 80 200 120
2.0704 -0.6427 -1.8827 80 200 120
0.6507 -2.6434 -4.4055 80 200 120
3.5949 -4.6028 -4.4599 80 200 120
1.1498 2.1599 -2.8351 80 200 120
0.1685 1.3905 -3.5947 80 200 120
4.7599 -4.1290 -4.6412 80 200 120
5.1450 -5.1027 -4.4196 80 200 120
6.7029 -5.0025 -2.6354 80 200 120
6.9095 -6.1341 -2.8637 80 200 120
3.8792 -6.9948 -0.4486 80 200 120
2.9238 -5.9864 0.1138 80 200 120
9.4116 -3.2417 -4.5309 80 200 120
1.9951 2.9125 -0.6875 80 200 120
1.0365 2.0634 0.2543 80 200 120
3.1119 4.1486 0.2792 80 200 120
0.1161 1.8384 0.1319 80 200 120
1.9997 2.9647 -0.3974 80 200 120
2.5663 3.3402 -0.1036 80 200 120
2.3098 3.3677 -0.1204 80 200 120
1.8023 2.8113 -0.3996 80 200 120
3.3905 4.0277 -0.6538 80 200 120
3.6234 4.3170 0.2698 80 200 120
3.8239 3.8709 -0.0423 80 200 120
1.2282 2.2690 -0.1961 80 200 120
1.6562 2.7597 -0.2820 80 200 120
5.6615 -7.0099 0.0621 80 200 120
5.4581 -6.7024 -0.5563 80 200 120
1.8550 -4.8814 -1.1709 80 200 120
3.8119 -7.9226 -0.2872 80 200 120
-0.5088 0.4551 0.2490 80 200 120
6.3176 -6.6241 -0.0045 80 200 120
4.7843 -8.4492 -0.0576 80 200 120
2.7277 -0.9815 -3.9642 80 200 120
4.8861 1.7991 -3.2781 80 200 120
3.7397 -7.0267 0.0402 80 200 120
2.4991 -1.4959 -4.5884 80 200 120
2.8653 -2.6943 -4.7319 80 200 120
2.0309 -0.5357 -2.4419 80 200 120
97.2671 -33.5446 -1.7413 80 200 120
5.0795 0.4055 -3.9780 80 200 120
2.0234 -0.5925 -1.8977 80 200 120
3.9241 2.3647 -3.3048 80 200 120
2.8792 -2.7094 -4.8104 80 200 120
3.0667 -0.4343 -3.9476 80 200 120
-0.4907 -0.2681 -4.7083 80 200 120
2.7728 -1.7991 -4.7166 80 200 120
4.3279 0.0960 -4.7400 80 200 120
6.1969 -3.3617 -3.8570 80 200 120
0.0517 -2.6949 -4.6958 80 200 120
3.1820 -0.7241 -4.0402 80 200 120
-1.3638 -0.4311 -4.6706 80 200 120
4.4092 -5.1380 -4.7017 80 200 120
4.1323 -2.1253 -4.0272 80 200 120
3.6516 -2.1370 -4.2357 80 200 120
2.9009 -4.1869 -4.7941 80 200 120
-0.2953 -1.4329 -4.6704 80 200 120
5.3236 -0.0193 0.0892 80 200 120
2.9069 -2.6798 -4.7505 80 200 120
2.5129 -1.4158 -4.4691 80 200 120
5.2745 0.3295 0.1199 80 200 120
6.1090 -6.8484 -2.4471 80 200 120
7.3338 -7.7491 -1.3805 80 200 120
9.0152 -4.6447 -4.8483 80 200 120
5.3096 1.7079 -1.0414 80 200 120
5.4227 -6.2064 -1.5600 80 200 120
5.5516 1.4870 -1.6250 80 200 120
5.0521 1.8948 -0.2521 80 200 120
4.9485 1.9295 -0.0450 80 200 120
6.0621 0.9023 -1.7640 80 200 120
7.8968 -0.1640 0.1342 80 200 120
1.4804 2.6011 -0.3593 80 200 120
1.3578 2.3528 0.2388 80 200 120
3.9609 4.0193 0.2255 80 200 120
2.8840 3.5377 -0.6520 80 200 120
1.6839 2.5780 -0.0124 80 200 120
0.5618 1.9532 -0.1083 80 200 120
1.3225 2.1809 -0.3987 80 200 120
3.3156 3.9031 -0.3160 80 200 120
2.4205 3.2473 -0.5735 80 200 120
0.8468 1.5894 -0.0531 80 200 120
2.7588 3.5704 -0.3917 80 200 120
0.7182 1.5523 -0.1059 80 200 120
2.5899 3.2059 -0.7367 80 200 120
-0.0477 2.1102 0.2215 80 200 120
1.1275 2.1300 -0.3918 80 200 120
4.1134 3.8488 0.0293 80 200 120
0.8237 2.0112 -0.2406 80 200 120
0.5269 1.5599 -0.0565 80 200 120
2.0132 -4.6955 -2.1747 80 200 120
1.3183 -4.0341 -2.1626 80 200 120
-0.3664 -2.2322 -1.5538 80 200 120
2.0496 -4.9732 -1.6655 80 200 120
-1.0815 0.1464 -0.2317 80 200 120
3.9501 -8.9410 -2.8016 80 200 120
2.8414 -6.8313 -1.0500 80 200 120
1.3945 -4.3527 -0.6784 80 200 120
4.2138 -9.2873 -2.2266 80 200 120
-1.2718 -1.4482 -1.6623 80 200 120
-1.1645 0.2245 -0.7032 80 200 120
1.1035 -4.6983 0.1130 80 200 120
5.5363 -11.4845 -1.9703 80 200 120
-0.0537 -3.1444 -0.3207 80 200 120
-0.2120 -2.2328 -1.9380 80 200 120
2.0478 -0.6913 -2.0001 80 200 120
4.6516 2.0815 -3.6149 80 200 120
3.2764 2.7087 -3.1922 80 200 120
3.2089 3.7030 -4.0699 80 200 120
4.0749 2.4403 -3.3814 80 200 120
3.5634 2.2359 -3.2395 80 200 120
3.6132 2.8651 -3.2613 80 200 120
3.1066 2.4707 -3.4800 80 200 120
1.7969 -0.3944 -2.1039 80 200 120
3.7986 2.0267 -3.3385 80 200 120
4.2569 -3.3659 -4.4926 80 200 120
5.1278 -1.5511 -4.7716 80 200 120
3.6031 -2.1787 -4.2188 80 200 120
4.3474 -2.3072 -5.0748 80 200 120
3.7528 -3.7663 -4.6568 80 200 120
1.7778 -0.4799 -1.7229 80 200 120
3.1247 -4.1584 -4.7234 80 200 120
1.9122 -1.4954 -2.8852 80 200 120
3.3434 3.9635 -3.4456 80 200 120
2.5707 -5.6224 -4.7484 80 200 120
2.5889 -4.3117 -4.3968 80 200 120
1.5782 -4.6138 -2.8076 80 200 120
4.0336 0.7308 -4.7194 80 200 120
6.6861 -4.6888 -4.1086 80 200 120
7.2288 -4.1813 -4.0756 80 200 120
6.3174 -4.2336 -4.4530 80 200 120
8.7298 -2.7314 -4.0562 80 200 120
7.6666 -3.3370 -4.1845 80 200 120
6.0763 -0.6612 -5.0253 80 200 120
5.4501 -4.2996 -3.9517 80 200 120
8.6385 -3.3730 -4.3430 80 200 120
7.0621 -1.3181 -3.5752 80 200 120
1.4086 -2.7889 -4.1259 80 200 120
1.7436 -0.4362 -3.6928 80 200 120
4.4704 -7.9629 -1.2873 80 200 120
9.0950 -4.2317 -3.3796 80 200 120
9.1183 -4.3647 -2.3406 80 200 120
7.9536 -1.9845 -2.7356 80 200 120
5.6224 -5.6255 0.0379 80 200 120
6.2820 -6.3684 -0.3912 80 200 120
10.2203 -3.6283 -4.8296 80 200 120
8.9698 -2.3523 -3.9494 80 200 120
8.1277 -5.6225 -3.4743 80 200 120
1.0366 1.9344 -0.4777 80 200 120
0.8078 1.8415 -0.4512 80 200 120
1.9746 2.9089 -0.5954 80 200 120
1.0783 2.1055 -0.2590 80 200 120
3.8499 3.9795 -0.0340 80 200 120
-0.6346 1.3330 0.2032 80 200 120
0.0694 1.3674 0.0005 80 200 120
3.5592 4.4590 0.2659 80 200 120
4.6600 4.2730 0.2823 80 200 120
2.6811 3.7082 0.1719 80 200 120
2.4369 3.5395 0.0045 80 200 120
2.9456 3.6470 -0.0501 80 200 120
0.3319 1.3719 -0.1173 80 200 120
1.6273 2.6577 -0.5798 80 200 120
3.1761 -7.1112 -1.6742 80 200 120
-0.1950 -2.7383 -2.0279 80 200 120
5.7886 -9.4762 -0.2917 80 200 120
0.8021 0.7140 0.2213 80 200 120
0.7928 -3.5910 -2.0666 80 200 120
4.8871 -8.8100 -0.6930 80 200 120
6.2630 -8.3750 -0.6283 80 200 120
4.4944 -10.6859 -1.4199 80 200 120
5.8336 -2.6561 -3.5922 80 200 120
6.2003 -6.5782 -4.3592 80 200 120
10.2419 -5.8950 -0.7232 80 200 120
3.4613 2.2048 -4.4777 80 200 120
3.8876 -8.0884 0.0247 80 200 120
10.2856 -3.6898 -4.8875 80 200 120
5.0707 -2.2238 -4.8238 80 200 120
4.6973 1.4775 -3.4895 80 200 120
4.6955 1.1378 -3.3570 80 200 120
3.9983 2.3953 -3.3172 80 200 120
4.2251 1.9540 -3.2938 80 200 120
3.6218 -2.1282 -4.9165 80 200 120
6.6177 -2.4460 -3.7412 80 200 120
2.0747 -3.2018 -4.6831 80 200 120
6.9225 -0.7034 -3.4076 80 200 120
5.7314 -4.2868 -3.4496 80 200 120
-1.4774 -0.9892 -4.7834 80 200 120
4.1398 -4.3193 -4.6296 80 200 120
4.8481 1.4127 -3.1762 80 200 120
1.2153 -2.7756 -4.6554 80 200 120
7.6593 -1.0036 -3.1278 80 200 120
6.4405 0.4582 -0.7842 80 200 120
3.5354 -5.9622 0.2155 80 200 120
6.3762 -8.1278 -1.9516 80 200 120
4.2244 2.2605 0.1375 80 200 120
3.6865 4.0542 -1.0751 80 200 120
3.8672 3.7018 -0.7371 80 200 120
3.7237 3.9540 -0.6904 80 200 120
4.0398 3.5023 -0.3763 80 200 120
1.5374 2.8762 -0.0951 80 200 120
2.5773 3.4000 -0.1456 80 200 120
2.9974 3.5735 -0.3120 80 200 120
3.1633 4.1656 0.1780 80 200 120
-0.5877 -1.8731 -1.6851 80 200 120
0.0892 -2.8584 -0.6915 80 200 120
-1.5091 -1.1048 -1.4771 80 200 120
-1.5789 0.1934 -0.8493 80 200 120
0.3993 -3.4384 -2.2009 80 200 120
-1.2116 0.1159 -0.2797 80 200 120
6.6814 -9.2176 0.2133 80 200 120
1.8014 -0.5070 -1.8199 80 200 120
-1.6075 -0.8044 -2.6199 80 200 120
3.9723 -7.2839 -3.3037 80 200 120
2.0481 -0.6357 -1.8348 80 200 120
2.3406 -2.5029 -4.6936 80 200 120
4.8482 0.8821 -3.2878 80 200 120
4.1945 -2.0556 -4.5037 80 200 120
0.8742 -3.8943 -3.0087 80 200 120
3.8955 -2.3669 -3.8047 80 200 120
2.7519 -5.8304 -4.5382 80 200 120
1.7159 -0.4331 -2.8491 80 200 120
5.0831 0.6063 -3.9373 80 200 120
-0.8895 -1.8254 -0.5629 80 200 120
1.8030 -0.4929 -1.7758 80 200 120
2.0525 -0.5594 -2.3667 80 200 120
1.5986 -3.0214 -4.1462 80 200 120
0.7363 -2.5687 -4.2052 80 200 120
5.8876 -0.0622 0.1388 80 200 120
3.7805 -5.1148 -4.8382 80 200 120
4.2195 3.2573 -1.4812 80 200 120
8.6521 -4.3374 -4.5443 80 200 120
3.7675 0.5370 -4.5823 80 200 120
8.5026 -1.5794 -0.8395 80 200 120
12.4540 -4.0358 -2.0672 80 200 120
4.0174 2.3594 0.1227 80 200 120
8.2696 -9.3611 -1.6990 80 200 120
4.8757 1.7191 0.1246 80 200 120
6.0727 1.2673 -1.6744 80 200 120
7.1628 -0.5913 -2.0463 80 200 120
5.8503 1.5522 -1.5799 80 200 120
3.8700 -6.7185 -0.4560 80 200 120
7.8946 -1.0721 -3.3586 80 200 120
6.5071 0.7411 0.1359 80 200 120
7.9389 -1.1318 -2.3433 80 200 120
0.7500 2.3602 -0.8059 80 200 120
0.5343 1.6886 -0.4703 80 200 120
2.1440 3.0104 -0.7173 80 200 120
0.7254 2.3962 0.0490 80 200 120
2.3589 3.1946 -0.8254 80 200 120
2.3087 3.4101 -0.3445 80 200 120
2.6498 3.5300 -0.7400 80 200 120
0.4641 1.6540 -0.2446 80 200 120
3.4680 4.5303 0.1016 80 200 120
0.6467 1.8126 -0.3713 80 200 120
-0.0821 2.1650 -0.1613 80 200 120
3.8282 3.7490 -0.3826 80 200 120
1.3536 2.4765 -0.4588 80 200 120
4.2546 3.2995 -0.3834 80 200 120
0.8301 1.9490 -0.4815 80 200 120
0.1686 1.5004 -0.1435 80 200 120
1.9342 3.1889 -0.0336 80 200 120
0.3674 0.4188 0.1795 80 200 120
0.1334 0.7279 0.0968 80 200 120
-1.0976 -1.2323 -1.1603 80 200 120
-1.8542 -0.5690 -0.6769 80 200 120
3.9383 -7.8655 0.0546 80 200 120
5.7968 -7.3138 -0.5827 80 200 120
4.5572 -7.7487 -1.2930 80 200 120
3.6479 -7.8707 -0.6031 80 200 120
3.1442 -6.3680 -0.8040 80 200 120
2.9198 -7.4479 0.2147 80 200 120
3.7054 1.8196 -4.4755 80 200 120
1.7805 -0.3970 -2.3309 80 200 120
9.2670 -2.7594 -4.8211 80 200 120
3.9703 3.4954 -4.1008 80 200 120
1.9246 -1.9371 -4.6552 80 200 120
3.8334 1.8787 -3.9099 80 200 120
1.8580 -2.6135 -4.6756 80 200 120
5.0839 -2.7770 -4.7368 80 200 120
4.7370 -4.5114 -5.0941 80 200 120
4.5967 -2.6809 -4.0673 80 200 120
3.3777 4.0135 -3.4847 80 200 120
2.3102 -2.4768 -4.7090 80 200 120
-1.6191 0.4477 0.0983 80 200 120
5.5004 -1.8708 -4.3888 80 200 120
4.4100 -4.4892 -4.1068 80 200 120
3.6993 -2.2082 -4.0858 80 200 120
3.1248 -3.9529 -4.5133 80 200 120
11.0258 -2.4017 0.0722 80 200 120
6.3670 -4.1354 -3.6493 80 200 120
5.5696 -4.0903 -3.3449 80 200 120
7.7028 -1.5809 -3.9686 80 200 120
9.1104 -2.6292 -4.3401 80 200 120
3.1267 -3.4622 -4.7417 80 200 120
5.1460 1.5436 0.0811 80 200 120
6.8271 0.1737 -0.6386 80 200 120
7.7511 -2.8321 -3.1006 80 200 120
9.2159 -3.2423 -3.1767 80 200 120
6.1808 -4.2065 -2.2588 80 200 120
6.6454 -4.9343 -2.0211 80 200 120
1.9525 2.8547 -0.9977 80 200 120
0.9873 1.8948 -0.5944 80 200 120
-0.0619 1.1997 -0.2294 80 200 120
-0.6293 0.6264 0.1387 80 200 120
-0.7606 0.8721 0.0143 80 200 120
2.0978 3.0109 -1.0494 80 200 120
-0.0880 1.0113 0.0446 80 200 120
1.7619 2.7512 -0.7838 80 200 120
1.1847 2.3022 -0.4330 80 200 120
1.1774 2.5512 -0.2318 80 200 120
0.0177 1.3950 -0.0172 80 200 120
2.7047 3.4289 -1.0095 80 200 120
2.9253 3.7604 -0.7560 80 200 120
2.9643 3.8355 -0.2511 80 200 120
2.3809 3.5029 -0.5909 80 200 120
1.6555 2.6125 -0.8567 80 200 120
0.9273 2.2960 -0.5130 80 200 120
3.3736 4.0244 -1.1978 80 200 120
2.1208 3.2598 -0.5418 80 200 120
-0.8616 0.0405 0.1885 80 200 120
-1.4412 -0.5752 0.1759 80 200 120
2.8132 -7.7079 -2.5999 80 200 120
0.2704 -3.2070 -1.6449 80 200 120
3.6989 -7.7277 -2.3337 80 200 120
3.7315 -6.9676 -1.5276 80 200 120
-1.3118 -1.1085 0.0214 80 200 120
6.9734 -1.0775 -4.0626 80 200 120
4.9475 -9.1195 -0.0032 80 200 120
14.9132 -3.9212 -0.1856 80 200 120
14.2975 -4.8333 -0.1555 80 200 120
32.3334 -28.1839 -0.2982 80 200 120
49.0652 -34.2846 -0.6596 80 200 120
4.0262 -7.4502 -0.4690 80 200 120
2.9126 3.3002 -4.2943 80 200 120
5.5651 -4.2480 -4.1655 80 200 120
3.5774 -7.0628 -2.1194 80 200 120
4.8473 -3.2098 -4.3303 80 200 120
1.4028 -4.0787 -0.5931 80 200 120
4.8604 0.3586 -4.2922 80 200 120
2.7259 -5.7525 -4.4956 80 200 120
5.2573 -2.8734 -4.3511 80 200 120
4.5320 -3.8222 -3.2071 80 200 120
3.9636 1.8137 -3.3427 80 200 120
3.7076 -0.8764 -4.6502 80 200 120
1.7866 -2.8860 -4.3584 80 200 120
-2.0397 -0.4525 -4.6527 80 200 120
-1.7371 -1.0880 -4.9166 80 200 120
0.6192 -3.2127 -4.7635 80 200 120
8.5740 -3.5969 -4.1151 80 200 120
6.5219 -5.7764 -0.0815 80 200 120
4.4381 2.0836 0.1347 80 200 120
48.8797 -5.1585 -0.9928 80 200 120
5.6477 -6.5801 -1.7035 80 200 120
21.8890 -7.4662 -1.6680 80 200 120
17.7086 -7.8073 -1.4404 80 200 120
5.6225 1.4781 -1.3065 80 200 120
8.1572 -1.5065 -3.2064 80 200 120
7.5698 0.5244 -0.6711 80 200 120
8.6462 -3.8711 -3.5080 80 200 120
8.3969 -4.5253 -2.4463 80 200 120
6.0196 -5.5813 -1.0026 80 200 120
8.6256 -2.3394 -2.2989 80 200 120
1.3022 2.0793 -0.8301 80 200 120
0.7501 1.8579 -0.6408 80 200 120
1.7615 2.6164 -1.0373 80 200 120
1.4067 2.4107 -0.9778 80 200 120
2.6899 3.2840 -0.3262 80 200 120
1.3172 2.7620 -0.0589 80 200 120
3.8988 4.3347 0.0271 80 200 120
4.5152 3.8263 0.1006 80 200 120
0.1754 1.8256 -0.2851 80 200 120
3.4175 4.4027 -0.1412 80 200 120
4.2207 4.1341 0.1355 80 200 120
4.7308 3.2185 0.1740 80 200 120
4.7344 2.7499 0.1570 80 200 120
4.4679 3.1029 -0.1286 80 200 120
4.0465 3.0714 -0.6893 80 200 120
2.7462 -5.9764 -0.9966 80 200 120
5.2091 -10.2577 -0.0734 80 200 120
5.2649 -7.1987 -1.2960 80 200 120
7.5206 -9.0557 -0.0972 80 200 120
-3.6519 -0.6087 -0.3850 80 200 120
3.2229 -7.7671 -1.9222 80 200 120
2.3242 -6.1000 -0.6543 80 200 120
6.2515 -8.4143 0.0724 80 200 120
-5.8818 -0.1446 -2.1520 80 200 120
-2.3367 0.1154 -0.7672 80 200 120
0.8700 -4.3537 -0.5881 80 200 120
3.2960 2.7286 -3.2174 80 200 120
4.5018 1.9742 -3.4056 80 200 120
3.7569 1.8074 -4.5852 80 200 120
4.0704 2.5128 -3.4103 80 200 120
4.0010 1.8205 -3.3378 80 200 120
3.7428 2.0928 -3.3591 80 200 120
3.5903 2.8302 -3.2885 80 200 120
3.5227 2.3510 -3.3109 80 200 120
3.3857 3.8899 -3.9534 80 200 120
-1.7528 -0.4964 -3.6357 80 200 120
3.1924 2.4118 -3.2782 80 200 120
6.2251 -0.2534 -5.0134 80 200 120
1.7854 -0.4411 -1.7620 80 200 120
4.1265 -2.0748 -3.8777 80 200 120
4.5274 -2.6075 -3.9879 80 200 120
1.8622 -2.7627 -4.7307 80 200 120
4.3115 1.4269 -4.3248 80 200 120
2.1307 -5.3730 -4.3322 80 200 120
2.0863 -0.5540 -2.3569 80 200 120
1.7101 -5.3938 -6.1941 80 200 120
1.5265 -2.6460 -3.9235 80 200 120
2.9433 -0.0338 -4.2201 80 200 120
4.5371 -4.0190 -4.6456 80 200 120
2.0647 -1.8509 -4.5497 80 200 120
2.6423 0.3012 -4.4399 80 200 120
4.8695 -6.2470 -5.6319 80 200 120
6.2673 -2.7612 -3.6292 80 200 120
3.9298 -2.5166 -3.7480 80 200 120
4.1406 2.0564 0.0997 80 200 120
5.3794 -7.4457 -1.2424 80 200 120
7.2099 -0.2965 -2.5792 80 200 120
5.9809 1.0693 -0.2178 80 200 120
17.4133 -0.4578 -1.3375 80 200 120
3.9015 -6.6130 0.0724 80 200 120
5.9909 -11.3211 -1.2728 80 200 120
5.3997 1.7760 -0.5179 80 200 120
2.3037 3.2889 -1.3879 80 200 120
0.0202 1.4119 -0.5413 80 200 120
-0.0586 0.9466 -0.2566 80 200 120
2.0375 2.8739 -1.1906 80 200 120
3.6601 3.9511 -1.0320 80 200 120
3.8960 3.6797 -1.1330 80 200 120
4.2257 3.7279 -0.1820 80 200 120
4.6993 2.9482 -0.2653 80 200 120
-1.2208 1.3505 0.0206 80 200 120
-3.1846 3.1237 0.1193 80 200 120
-12.4111 9.1593 0.0523 80 200 120
4.1344 3.7586 -0.7615 80 200 120
-16.5189 13.5163 -0.1482 80 200 120
2.4694 3.2867 -1.1836 80 200 120
-0.2175 2.9098 0.1240 80 200 120
0.1923 1.1300 -0.2154 80 200 120
3.4961 4.4273 -1.4489 80 200 120
-1.6483 1.8274 0.1256 80 200 120
1.0596 2.2545 -0.6818 80 200 120
0.4229 1.6106 -0.5363 80 200 120
1.0941 -3.4702 -1.6434 80 200 120
0.0288 -2.5379 -1.8075 80 200 120
5.7836 -9.6152 -0.0249 80 200 120
0.3763 -3.0579 -1.0301 80 200 120
5.9787 -7.7997 -0.6115 80 200 120
-1.9996 -0.0327 0.1204 80 200 120
4.8524 -7.2772 -0.7362 80 200 120
-0.2530 -2.2104 -1.4051 80 200 120
-1.1045 -1.2354 -1.1605 80 200 120
4.3921 -10.3620 0.0371 80 200 120
4.2514 -6.6302 -1.0986 80 200 120
1.1768 -4.0196 -1.6074 80 200 120
-1.3575 -0.9548 -0.8864 80 200 120
0.0125 -2.6878 -1.3518 80 200 120
0.6263 -3.3023 -1.6212 80 200 120
36.9180 -15.0573 -0.3227 80 200 120
5.9691 -1.2520 -4.8298 80 200 120
5.6714 -2.2394 -4.7793 80 200 120
5.7160 -1.5974 -4.6667 80 200 120
5.4402 0.3994 -3.6588 80 200 120
4.7618 -4.0078 -4.9600 80 200 120
4.9647 0.9002 -3.3963 80 200 120
2.8695 3.6340 -4.6545 80 200 120
1.9773 -1.9920 -4.7039 80 200 120
3.3884 4.0695 -4.1317 80 200 120
5.4354 -3.8941 -3.1216 80 200 120
5.3027 -3.4927 -4.2749 80 200 120
1.2573 -2.6131 -4.3650 80 200 120
5.5477 -4.1086 -3.9030 80 200 120
2.9689 -3.9167 -4.4930 80 200 120
2.5425 -3.1278 -4.5591 80 200 120
0.2644 1.3494 -3.4385 80 200 120
5.6005 1.2180 -1.3896 80 200 120
13.3098 -2.2629 -0.0946 80 200 120
8.1397 -3.0627 -3.3264 80 200 120
6.8251 0.6227 0.0083 80 200 120
7.2906 -0.8163 -1.7778 80 200 120
46.5155 -0.8644 -1.0666 80 200 120
0.2235 1.2102 -0.4589 80 200 120
-0.6453 0.7940 -0.2068 80 200 120
-0.6277 0.8698 -0.2848 80 200 120
-0.7143 0.6556 -0.0629 80 200 120
0.0584 1.2145 -0.4331 80 200 120
-0.7233 0.7511 -0.1306 80 200 120
0.5951 2.3332 -0.4034 80 200 120
-197.8222 60.5618 -1.8211 80 200 120
3.5081 -6.6093 -2.0373 80 200 120
2.8303 -7.2407 -2.3798 80 200 120
-1.3145 0.3905 -0.6227 80 200 120
-2.7932 0.0925 -0.3014 80 200 120
-1.4634 0.0935 -0.8944 80 200 120
-0.2374 -2.3522 -1.0551 80 200 120
6.3998 -1.5500 -4.7111 80 200 120
2.2121 -3.1648 -4.7623 80 200 120
1.7475 -0.8601 -3.6161 80 200 120
4.9470 1.8510 -3.3738 80 200 120
5.2288 1.5625 -3.3843 80 200 120
3.9790 -5.7317 -4.7813 80 200 120
1.3681 -0.5371 -2.8975 80 200 120
3.5123 -6.8626 -4.6761 80 200 120
5.1757 -6.1030 -5.1532 80 200 120
-1.7908 -1.0844 -4.9347 80 200 120
4.3580 -4.9966 -4.5162 80 200 120
5.8536 -5.5405 -4.3349 80 200 120
1.4747 -2.3128 -4.6739 80 200 120
10.5709 -2.3011 -1.2226 80 200 120
5.7654 -3.7070 -1.6155 80 200 120
4.7037 1.9399 0.0645 80 200 120
7.0225 -0.2058 -1.9200 80 200 120
27.8973 -16.5317 -0.6900 80 200 120
8.2817 -1.9332 -2.8894 80 200 120
1.8824 2.7958 -1.3049 80 200 120
-0.6264 0.9219 -0.3505 80 200 120
-0.2622 1.0335 -0.4251 80 200 120
-0.1168 1.1287 -0.4595 80 200 120
1.4726 2.5585 -0.9658 80 200 120
-0.8459 1.7429 -0.0514 80 200 120
2.4763 4.1683 -0.4122 80 200 120
2.6739 3.9658 -0.5237 80 200 120
0.2659 2.0532 -0.3922 80 200 120
-1.6961 1.1585 0.0777 80 200 120
3.3334 3.8500 -0.3053 80 200 120
3.2040 3.8704 -1.4041 80 200 120
2.8611 4.4195 -0.3690 80 200 120
-3.9281 1.4681 0.0716 80 200 120
-0.6432 0.5540 -0.3157 80 200 120
-2.0481 -0.5058 -0.8199 80 200 120
4.2838 -6.9275 -0.6176 80 200 120
8.1578 -4.4604 -4.4013 80 200 120
5.5000 1.1785 -3.3213 80 200 120
2.7797 0.1443 -3.8871 80 200 120
5.0077 0.4150 -4.5378 80 200 120
4.5534 -3.5009 -4.4315 80 200 120
5.5609 -1.9615 -4.5537 80 200 120
5.2870 0.4370 -3.7359 80 200 120
4.9137 0.9314 -3.3456 80 200 120
5.2806 0.7063 -3.4285 80 200 120
1.2681 -1.9009 -4.5308 80 200 120
0.8392 -2.7008 -4.1852 80 200 120
-0.0786 -2.0732 -4.3553 80 200 120
2.2951 -3.9407 -4.4311 80 200 120
9.9856 -3.5405 -4.9530 80 200 120
1.5431 -2.6409 -3.8138 80 200 120
1.6490 -0.3964 -3.8088 80 200 120
6.8295 -1.0845 -3.7860 80 200 120
2.4750 -0.6949 -3.6407 80 200 120
3.4585 -4.1022 -4.7345 80 200 120
7.8647 -1.7335 -2.7262 80 200 120
3.4743 -3.2080 -4.6525 80 200 120
3.7637 -5.4991 0.0443 80 200 120
8.8474 -4.5757 -1.9247 80 200 120
5.2428 1.9824 -0.2768 80 200 120
6.5435 -6.6053 -1.1476 80 200 120
7.3925 -4.8654 -2.0997 80 200 120
4.3613 2.1450 0.0555 80 200 120
5.9503 0.9671 -0.9805 80 200 120
1.8534 3.8377 0.0598 80 200 120
1.8521 3.0235 0.1523 80 200 120
4.3696 3.8058 0.0770 80 200 120
3.3809 3.9898 -0.9373 80 200 120
3.6475 3.8631 -1.0167 80 200 120
3.9011 3.6712 -1.1359 80 200 120
4.9539 3.7386 0.0834 80 200 120
2.8696 3.6175 -1.2437 80 200 120
3.9265 3.4896 -0.6588 80 200 120
-1.0940 1.4696 -0.3142 80 200 120
3.7120 3.9321 -0.6643 80 200 120
0.5463 2.0061 -0.5479 80 200 120
4.1388 3.1481 -0.3958 80 200 120
0.7641 -3.3633 -2.1371 80 200 120
3.8530 -6.9658 -1.6752 80 200 120
-0.2004 0.6576 -0.1758 80 200 120
7.2368 -8.4935 -0.1167 80 200 120
3.2259 -6.4813 -1.4542 80 200 120
0.3561 -2.9941 -1.3646 80 200 120
0.2703 -3.0125 -1.7740 80 200 120
0.8334 -3.7986 -1.7308 80 200 120
1.4746 -2.3781 -4.7850 80 200 120
4.9808 -9.5058 -0.1578 80 200 120
6.9505 -0.2921 -4.8094 80 200 120
19.3681 -12.4174 -0.2406 80 200 120
6.5688 0.2823 -4.5832 80 200 120
0.9328 -2.2984 -4.6827 80 200 120
4.3731 -4.9156 -4.3028 80 200 120
0.8048 -2.1070 -4.4773 80 200 120
2.4511 -3.7296 -4.4755 80 200 120
5.3518 -2.6601 -4.6438 80 200 120
5.1005 1.3626 -3.0821 80 200 120
3.3350 2.2734 -4.5823 80 200 120
7.0904 -2.3820 -4.7581 80 200 120
-1.5050 -0.4105 -4.4191 80 200 120
1.7687 -0.7827 -3.9271 80 200 120
5.3034 1.3509 -0.0302 80 200 120
5.5095 -6.5451 -0.5040 80 200 120
-0.6136 0.7199 -0.3385 80 200 120
1.7561 2.7844 -1.4309 80 200 120
1.1525 1.8370 -0.9699 80 200 120
0.5810 2.0715 -1.1678 80 200 120
0.3046 1.4770 -0.7290 80 200 120
1.5568 2.0788 -0.6506 80 200 120
2.3693 3.1367 -1.3745 80 200 120
5.3002 -7.9151 -1.8930 80 200 120
5.4018 -7.4401 -1.3018 80 200 120
1.5245 -4.2572 -1.7170 80 200 120
2.9213 -6.1763 -2.0669 80 200 120
3.9923 2.3398 -3.1428 80 200 120
5.4429 -2.2788 -3.8203 80 200 120
3.6206 -1.0471 -4.7124 80 200 120
11.9385 -2.4973 -0.1253 80 200 120
1.9031 -0.7568 -3.8476 80 200 120
4.0214 -7.9105 -0.0789 80 200 120
5.9039 0.3199 -3.7940 80 200 120
1.7956 -0.6029 -1.9272 80 200 120
4.4144 -2.4792 -3.8225 80 200 120
6.4104 -0.5440 -4.6671 80 200 120
5.1678 0.7312 -3.7808 80 200 120
7.5006 -7.3963 -5.7360 80 200 120
0.9085 -1.9466 -3.9887 80 200 120
6.5822 -7.2454 -5.1695 80 200 120
7.9478 -1.6905 -4.2559 80 200 120
10.1770 -5.0963 -6.3281 80 200 120
5.1032 0.5614 -4.8737 80 200 120
5.8692 1.0463 -0.0147 80 200 120
4.8602 1.6055 0.0032 80 200 120
7.2078 -5.6644 -0.1131 80 200 120
1.1711 3.1297 0.1527 80 200 120
-39.5204 11.6913 0.0804 80 200 120
0.9729 1.9075 -0.7586 80 200 120
3.3900 3.9762 -0.2959 80 200 120
4.2707 3.3791 -0.4743 80 200 120
0.0192 3.3927 -0.2840 80 200 120
-1.1546 -1.9275 0.0390 80 200 120
8.2783 -8.8186 -0.6101 80 200 120
4.1098 -5.5033 -1.6777 80 200 120
0.5805 -2.0619 -1.4701 80 200 120
1.5182 -5.3129 -0.8459 80 200 120
-0.6859 -2.2913 -1.9858 80 200 120
-1.3767 -0.9969 -1.7788 80 200 120
5.8671 -0.6500 -4.7056 80 200 120
11.6153 -8.1856 -0.1871 80 200 120
4.4982 -4.4505 -4.6367 80 200 120
1.6728 -0.4457 -1.8970 80 200 120
3.1718 2.4651 -3.2333 80 200 120
3.5085 2.3641 -3.3199 80 200 120
3.1359 -1.4671 -4.6998 80 200 120
4.7587 1.1840 -3.4252 80 200 120
2.6551 -0.9355 -3.8747 80 200 120
4.4574 -1.4409 -4.6704 80 200 120
1.8380 -1.7621 -3.0506 80 200 120
4.5589 -2.3587 -2.3189 80 200 120
4.6693 -4.7573 0.0307 80 200 120
4.8030 1.7049 -0.1077 80 200 120
7.6964 -0.2612 -2.2068 80 200 120
4.1505 -5.3109 -0.0416 80 200 120
5.2791 -6.3099 -0.9906 80 200 120
6.1169 -4.0967 -1.7734 80 200 120
5.1320 -5.4798 -0.4179 80 200 120
9.1736 -1.5301 -1.4978 80 200 120
-0.0165 1.0873 -0.6452 80 200 120
0.0271 1.2564 -0.7387 80 200 120
3.6481 3.9178 -1.0144 80 200 120
-12.7549 12.9210 0.3178 80 200 120
3.5192 4.1008 -1.3368 80 200 120
2.6207 3.4291 -1.5422 80 200 120
1.6339 2.5176 -1.3710 80 200 120
3.1556 3.8932 -1.5114 80 200 120
-3.4017 0.7020 0.0481 80 200 120
1.1575 2.5589 -0.7780 80 200 120
3.8729 3.5667 -1.0880 80 200 120
4.6133 5.2412 -0.1083 80 200 120
-3.0001 1.0310 -0.0416 80 200 120
2.8307 3.6064 -1.4176 80 200 120
3.7899 3.6029 -0.6370 80 200 120
3.9804 3.4868 -0.7926 80 200 120
2.5203 -6.0415 -2.5258 80 200 120
1.7403 -5.4428 -2.4219 80 200 120
0.7117 -4.2105 -2.5176 80 200 120
4.5083 -8.6831 -1.3204 80 200 120
-0.5545 0.7344 -0.1722 80 200 120
-0.4265 0.3824 -0.3596 80 200 120
5.0054 0.9937 -3.3666 80 200 120
4.0078 2.4309 -3.2747 80 200 120
4.8359 1.1886 -3.4884 80 200 120
0.3957 -0.3698 -4.1024 80 200 120
6.7084 -0.8067 -5.0029 80 200 120
5.3655 0.4829 -3.8487 80 200 120
2.6948 0.2557 -4.1901 80 200 120
3.5806 2.8910 -3.2613 80 200 120
1.7414 -4.6684 -2.4937 80 200 120
4.4074 1.8357 -3.6258 80 200 120
5.2021 0.4613 -4.8123 80 200 120
4.7924 0.7449 -4.5178 80 200 120
6.0303 -1.1951 -4.9631 80 200 120
4.3689 -5.0108 -4.5304 80 200 120
2.7376 0.2532 -4.0683 80 200 120
8.6538 -2.3875 -4.4657 80 200 120
1.9686 -2.9288 -4.3023 80 200 120
7.9217 -2.4239 -3.4224 80 200 120
-1.3240 -0.8020 -4.6980 80 200 120
13.7006 -6.8422 -8.1386 80 200 120
1.5657 -0.3829 -3.9437 80 200 120
0.9038 -2.1878 -4.6276 80 200 120
4.4929 1.6930 0.0022 80 200 120
6.2536 1.0956 -1.0774 80 200 120
8.0639 -2.9740 -3.2004 80 200 120
-0.4185 0.7321 -0.4430 80 200 120
-0.1997 0.9636 -0.5930 80 200 120
2.0031 5.1349 -0.2161 80 200 120
0.3549 1.4856 -0.9844 80 200 120
2.0489 2.8722 -1.5429 80 200 120
1.4278 4.1858 -0.1597 80 200 120
3.1711 3.8802 -1.8791 80 200 120
1.3123 2.2556 -1.3913 80 200 120
1.8887 2.7741 -1.6089 80 200 120
3.2033 4.2412 -1.0558 80 200 120
2.3737 3.0233 -1.3478 80 200 120
2.1587 3.2474 -1.0611 80 200 120
0.3796 1.8585 -0.7009 80 200 120
0.8629 2.1231 -1.1649 80 200 120
3.5365 7.4854 -0.1285 80 200 120
4.6988 3.9289 0.0017 80 200 120
3.7099 3.7265 -1.3033 80 200 120
1.1252 2.2160 -1.1642 80 200 120
1.0132 1.6183 -0.7979 80 200 120
3.5530 -6.7048 -2.0133 80 200 120
2.9569 -7.4627 -0.8846 80 200 120
1.9494 -5.0965 -1.1679 80 200 120
0.4059 -3.3169 -2.1760 80 200 120
-1.2207 -1.3022 -1.7200 80 200 120
-1.9083 0.1162 -0.9681 80 200 120
-1.4014 -0.4889 -1.1607 80 200 120
3.5484 -7.3623 -1.1938 80 200 120
-1.0376 -1.4127 -1.2434 80 200 120
5.5259 -10.1820 -1.0454 80 200 120
-0.9732 -1.7691 -1.5293 80 200 120
2.2818 2.8917 -4.6500 80 200 120
1.4292 -2.3686 -4.7497 80 200 120
4.5089 -4.6323 -4.6764 80 200 120
3.3578 3.7446 -3.7613 80 200 120
5.0058 1.9156 -3.4607 80 200 120
5.1411 -3.5265 -4.0029 80 200 120
0.4398 -2.4132 -4.2730 80 200 120
7.5449 -5.8379 -4.9795 80 200 120
6.3608 -3.2822 -3.1925 80 200 120
6.7699 -1.1964 -5.1402 80 200 120
1.3684 -2.4992 -4.2245 80 200 120
1.5069 -2.7385 -4.0225 80 200 120
5.9119 -4.8171 -4.7371 80 200 120
0.8785 -1.4050 -4.7781 80 200 120
31.1425 2.8987 -0.4519 80 200 120
6.5114 0.4504 -0.9272 80 200 120
6.3914 -6.3575 -1.1536 80 200 120
28.0212 -5.7040 -0.4711 80 200 120
5.9626 1.1113 -0.5692 80 200 120
6.3498 0.3190 -1.3282 80 200 120
2.3994 3.4291 -1.9150 80 200 120
2.9267 3.7431 -1.9679 80 200 120
4.1741 3.2488 -1.0041 80 200 120
-17.3834 -10.7908 0.5747 80 200 120
5.8992 -14.4824 -0.3643 80 200 120
-3.9829 1.5623 -0.0417 80 200 120
-11.4472 1.7705 -0.0739 80 200 120
-10.6991 -3.3501 0.1635 80 200 120
0.1986 -2.6708 -1.4031 80 200 120
27.1821 -23.6801 -0.5457 80 200 120
1.9958 -0.3192 -1.6351 80 200 120
7.0825 -2.3628 -4.7396 80 200 120
4.4294 -1.4529 -4.6117 80 200 120
7.3941 -3.0441 -4.5774 80 200 120
1.5873 -0.8480 -2.0832 80 200 120
3.6932 2.0083 -3.2277 80 200 120
3.5003 2.3463 -3.2781 80 200 120
5.0315 0.6615 -3.5895 80 200 120
4.6637 1.0657 -3.3268 80 200 120
5.5382 -2.8024 -4.3112 80 200 120
4.4485 -2.5240 -3.9187 80 200 120
4.9162 -2.2036 -3.9528 80 200 120
-6.0474 1.8390 -0.0833 80 200 120
5.4385 -1.8243 -4.3002 80 200 120
-0.9823 -1.8277 -0.4932 80 200 120
6.6727 -0.8202 -4.9846 80 200 120
3.9713 -2.4054 -3.6911 80 200 120
6.7576 0.3215 -4.9081 80 200 120
-0.7607 0.3408 -4.3368 80 200 120
4.6541 -3.1065 -0.0459 80 200 120
7.6827 -1.6575 -2.5092 80 200 120
8.2233 -1.1732 -1.2871 80 200 120
6.2501 0.7712 -0.7407 80 200 120
5.4685 -6.3222 -0.3974 80 200 120
8.1065 -0.3005 -2.4392 80 200 120
7.0382 2.1046 -0.1503 80 200 120
7.9919 -5.1280 -1.7078 80 200 120
8.1785 -1.3448 -1.8924 80 200 120
2.1497 6.3481 0.0151 80 200 120
4.2135 7.1294 -0.1544 80 200 120
0.8203 1.6226 -1.1141 80 200 120
0.1900 1.3335 -1.0052 80 200 120
4.4354 3.0125 -0.6645 80 200 120
0.9465 2.0420 -1.2509 80 200 120
1.8639 -4.9606 -2.1017 80 200 120
-1.4934 0.4896 -0.4570 80 200 120
5.2042 -7.4594 -1.8278 80 200 120
5.1568 -2.2883 -4.4018 80 200 120
1.9592 2.7217 -4.6888 80 200 120
3.2351 2.4058 -3.1066 80 200 120
961.0814 -417.9806 -11.7759 80 200 120
5.8236 -1.1188 -4.6673 80 200 120
1.5772 -4.5196 -2.6876 80 200 120
6.0935 0.2922 -4.0335 80 200 120
3.5674 -1.0626 -4.6889 80 200 120
4.5915 -6.8014 -4.4803 80 200 120
5.4563 -3.7387 -4.5262 80 200 120
6.3683 -3.4980 -3.9839 80 200 120
6.5330 -4.4485 -3.8135 80 200 120
7.1916 -4.2709 -3.9679 80 200 120
5.8394 -3.4967 -3.7245 80 200 120
7.2518 2.6511 -0.1542 80 200 120
6.9985 -0.7485 -1.9874 80 200 120
6.5038 0.6231 -1.2691 80 200 120
-0.6554 0.6982 -0.6269 80 200 120
1.6807 2.7220 -1.7046 80 200 120
-8.8200 1.3671 -0.2322 80 200 120
2.3674 3.1375 -1.3837 80 200 120
-1.3147 -6.0166 -0.0179 80 200 120
-6.2158 -5.9241 0.2171 80 200 120
0.8024 -3.4272 -2.1623 80 200 120
4.4822 -8.0233 -1.8812 80 200 120
2.6093 -5.8607 -2.3172 80 200 120
1.8281 -4.4387 -2.3928 80 200 120
7.3024 -15.0418 -0.5245 80 200 120
0.5529 -3.1433 -2.0625 80 200 120
7.3669 -17.4767 -0.4529 80 200 120
1.2241 -0.9978 -3.7038 80 200 120
0.6315 -0.5770 -3.2826 80 200 120
1.6862 -0.5212 -2.5603 80 200 120
3.5517 -7.3797 -5.1173 80 200 120
1.1407 -1.0243 -4.0125 80 200 120
5.4240 -3.7957 -4.5808 80 200 120
4.5828 -4.9206 -4.9518 80 200 120
5.0408 -2.3290 -4.4769 80 200 120
0.7099 -2.1973 -4.4482 80 200 120
10.7776 -3.9287 -5.4095 80 200 120
1.2349 -2.7330 -4.5503 80 200 120
8.7142 -3.5446 -4.2920 80 200 120
4.6424 -2.1440 -4.5327 80 200 120
0.5597 -0.5150 -4.5828 80 200 120
5.3571 -7.0134 -0.0492 80 200 120
28.7454 4.9501 -0.1676 80 200 120
7.0669 -0.2183 -1.8513 80 200 120
10.4532 -10.7170 -0.3164 80 200 120
13.7517 3.0618 -0.4079 80 200 120
10.1504 2.6790 -0.2360 80 200 120
6.1016 1.0263 -0.9935 80 200 120
6.9282 0.2184 -1.9546 80 200 120
-1.1794 0.4665 -0.5198 80 200 120
-5.7385 1.7207 -0.4788 80 200 120
-2.4717 0.3334 -0.4828 80 200 120
1.1395 3.8410 -0.0703 80 200 120
1.7538 4.5977 -0.2923 80 200 120
-2.8404 4.1251 -0.2725 80 200 120
5.1243 -7.6280 -2.4596 80 200 120
5.5911 -7.1335 -2.0569 80 200 120
0.0891 -2.7401 -2.2582 80 200 120
3.1481 -6.1333 -2.7027 80 200 120
5.5508 -8.3567 -1.4986 80 200 120
7.2433 -11.1162 -0.9167 80 200 120
5.2284 -7.6396 -1.8558 80 200 120
-0.4399 -2.1586 -1.8233 80 200 120
-0.3740 -1.8411 -1.6115 80 200 120
-0.0112 -2.5404 -1.8371 80 200 120
8.6838 -9.9043 -0.3844 80 200 120
5.8730 -16.0206 -0.4634 80 200 120
4.0212 2.4502 -3.2676 80 200 120
989.8969 -523.8663 -3.4863 80 200 120
1.5108 -0.7951 -3.7161 80 200 120
4.4209 -5.0435 -4.4235 80 200 120
2.1997 -5.2260 -4.1843 80 200 120
1.1294 -1.1273 -2.6940 80 200 120
6.3023 -4.1535 -3.5823 80 200 120
-1.3335 -0.3839 -4.2963 80 200 120
10.0025 -5.5775 -5.7603 80 200 120
1.9347 -2.5912 -4.5892 80 200 120
7.8261 -2.9270 -4.5634 80 200 120
5.8243 -5.9041 -0.1677 80 200 120
3.7302 3.6692 -1.8142 80 200 120
-3.4149 4.0462 -0.2501 80 200 120
-9.0073 7.8786 0.1138 80 200 120
0.7973 1.7039 -1.3550 80 200 120
3.3351 3.7478 -1.8778 80 200 120
5.1708 2.4389 -0.4431 80 200 120
4.6073 2.6767 -0.7553 80 200 120
4.0899 3.2340 -1.3012 80 200 120
4.2571 3.0935 -1.2289 80 200 120
0.3830 1.2871 -0.9141 80 200 120
0.3613 1.5119 -1.0466 80 200 120
1.0696 1.9795 -1.4691 80 200 120
-28.0066 -10.5223 0.6015 80 200 120
5.6394 0.6180 -3.5491 80 200 120
0.4663 -1.2424 -3.4709 80 200 120
3.4953 2.2971 -3.2235 80 200 120
1.9680 -4.6021 -4.3672 80 200 120
2.8884 0.2192 -3.8783 80 200 120
3.8119 -10.5339 -0.3691 80 200 120
0.2170 -0.5864 -3.4173 80 200 120
5.6725 -3.0367 -4.6384 80 200 120
5.7316 -1.0818 -4.6173 80 200 120
6.0331 -0.6184 -4.0894 80 200 120
5.1142 1.4243 -3.4627 80 200 120
4.3906 1.3473 -3.6156 80 200 120
5.4515 -13.9701 -7.7475 80 200 120
0.8743 -2.0310 -4.2262 80 200 120
0.8430 -1.1951 -4.3177 80 200 120
2.6012 -0.9302 -3.9157 80 200 120
17.8111 -16.4483 -0.0931 80 200 120
7.2374 -8.8928 -0.5476 80 200 120
8.5372 -9.6813 -0.4160 80 200 120
9.7603 2.7015 -0.4297 80 200 120
9.2786 -4.4705 -3.4490 80 200 120
2.1645 2.9307 -1.8602 80 200 120
2.5812 3.2466 -1.9169 80 200 120
4.7431 6.8240 -0.2071 80 200 120
4.3000 7.0050 -0.2321 80 200 120
3.9947 4.2741 -0.5007 80 200 120
3.7661 6.7607 -0.2262 80 200 120
4.4433 2.4643 -0.8949 80 200 120
5.2934 5.9133 -0.2188 80 200 120
3.8273 3.3332 -1.4961 80 200 120
4.1154 3.2138 -0.6539 80 200 120
-27.4368 -8.3711 -1.1540 80 200 120
4.3745 -7.0768 -2.6280 80 200 120
-15.2949 -6.8548 -0.5789 80 200 120
-0.9746 -1.3836 -1.7144 80 200 120
6.4071 -6.3257 -0.9656 80 200 120
-0.6438 -2.1954 -1.8966 80 200 120
9.6089 -12.0214 -0.1171 80 200 120
4.0665 -1.9908 -3.5984 80 200 120
7.5177 -14.7259 -0.3638 80 200 120
-0.2288 -1.6672 -3.7168 80 200 120
5.0933 -2.6149 -3.8734 80 200 120
1.8700 -0.4653 -1.5065 80 200 120
0.4026 -1.1777 -3.5330 80 200 120
5.1781 0.4497 -3.4952 80 200 120
4.9324 1.9088 -3.3210 80 200 120
4.7692 0.9652 -2.9786 80 200 120
5.1504 0.7231 -3.2152 80 200 120
3.6093 -1.9539 -3.5705 80 200 120
6.0575 -3.8724 -3.2273 80 200 120
4.9839 -2.3047 -3.8858 80 200 120
8.6915 -8.1116 -0.4657 80 200 120
9.4934 -8.0643 -0.2875 80 200 120
6.7013 0.9196 -0.7668 80 200 120
7.7043 -0.7981 -2.2844 80 200 120
-2.7723 4.4560 -0.3819 80 200 120
-0.9697 6.0181 0.0137 80 200 120
-0.3876 2.0781 -0.3838 80 200 120
1.8794 2.6944 -1.8920 80 200 120
1.4684 2.1715 -1.7069 80 200 120
3.5970 3.8826 -2.1209 80 200 120
-0.9910 1.3962 -0.8240 80 200 120
0.2074 1.8966 -1.0963 80 200 120
-0.6992 1.9029 -0.2679 80 200 120
3.3017 4.9048 -0.8751 80 200 120
1.7824 2.5223 -1.5700 80 200 120
-6.2654 -4.0945 -0.2370 80 200 120
-46.6883 -14.9748 -1.4082 80 200 120
-4.4615 -8.3125 -0.0661 80 200 120
-1.4809 -0.4926 -0.7103 80 200 120
1.7589 -4.5316 -2.3516 80 200 120
-5.2969 1.2150 -0.3378 80 200 120
115.2706 -50.3341 0.0856 80 200 120
6.1209 -13.8244 -0.4136 80 200 120
4.1456 1.8261 -3.0620 80 200 120
43.4189 -22.7319 -0.1389 80 200 120
5.1460 -1.4088 -4.4436 80 200 120
4.7243 -16.9187 -0.4438 80 200 120
334.8467 -105.6188 1.4852 80 200 120
1.5643 -0.2076 -3.7537 80 200 120
5.6333 -3.0469 -4.4499 80 200 120
5.6724 -2.3941 -3.8371 80 200 120
4.8650 0.7029 -3.3457 80 200 120
-5.1421 -3.4159 -0.6395 80 200 120
6.2581 -0.5944 -4.4227 80 200 120
2.6880 0.2803 -4.3541 80 200 120
2.0031 -1.5378 -4.5167 80 200 120
0.6326 -2.2295 -4.5468 80 200 120
6.6160 -0.7766 -3.8763 80 200 120
23.8360 -9.8059 -0.8302 80 200 120
12.3720 -7.5784 -0.3157 80 200 120
23.5849 -6.7910 -0.5324 80 200 120
8.8668 -2.3678 -1.3718 80 200 120
9.0243 -1.9880 -2.6734 80 200 120
7.0495 -0.2191 -1.2849 80 200 120
11.3499 -2.5990 -1.1057 80 200 120
7.1498 -4.8930 -1.6161 80 200 120
7.1879 -4.0101 -2.0690 80 200 120
9.2904 -4.3980 -1.4621 80 200 120
7.6479 -0.8077 -1.4703 80 200 120
8.8855 -7.0067 -1.0961 80 200 120
14.8870 -1.5578 -1.4719 80 200 120
8.3490 -4.8307 -1.6338 80 200 120
8.2484 -2.3446 -1.6929 80 200 120
8.7023 -2.8397 -1.1252 80 200 120
11.4060 -6.9648 -1.1186 80 200 120
8.8763 -3.3380 -1.6873 80 200 120
6.9135 -5.4904 -1.0535 80 200 120
12.6850 -10.4523 -0.5942 80 200 120
9.0306 -2.1682 -3.3583 80 200 120
7.5662 -4.0334 -2.7187 80 200 120
6.9483 -0.1542 -0.9575 80 200 120
6.3789 -0.2101 -1.8586 80 200 120
7.5658 -1.0536 -2.1340 80 200 120
-27.5303 31.2768 -0.9389 80 200 120
2.3442 3.1274 -2.0559 80 200 120
-31.8722 9.5262 -0.4354 80 200 120
2.4471 3.1541 -1.7055 80 200 120
3.2033 6.7848 -0.4667 80 200 120
3.1873 3.8374 -1.8253 80 200 120
4.7461 6.5407 -0.5348 80 200 120
3.7364 3.5182 -1.7240 80 200 120
3.4169 3.8278 -1.6891 80 200 120
4.2478 6.2136 -0.3641 80 200 120
-0.1423 1.4920 -1.0203 80 200 120
1.0037 -6.4088 -0.4663 80 200 120
0.6556 -5.3119 -0.4228 80 200 120
0.6379 -3.1618 -2.4627 80 200 120
-8.0355 -6.0017 -0.3011 80 200 120
-2.8868 -3.2787 -0.8411 80 200 120
-13.5544 -6.0847 -0.7721 80 200 120
3.7493 -6.8265 -3.0365 80 200 120
-5.8928 -3.8816 -0.2744 80 200 120
-5.0731 -2.9705 -0.9943 80 200 120
-4.5524 -4.1786 -0.6486 80 200 120
-0.0047 -4.3284 -0.4765 80 200 120
-3.6198 -3.3279 -0.3720 80 200 120
-3.7914 -2.8887 -0.8959 80 200 120
-0.5967 -1.8651 -1.3065 80 200 120
-3.1089 -2.9929 -0.6990 80 200 120
-37.7360 -13.0290 -1.4652 80 200 120
-8.7992 -7.6673 -0.3118 80 200 120
-59.8188 -38.8317 2.6972 80 200 120
0.6931 -3.7261 -2.7524 80 200 120
0.3670 -4.2904 -0.8293 80 200 120
-4.6669 -3.3551 -0.6012 80 200 120
0.3352 -3.7597 -0.9893 80 200 120
-9.7244 -7.4177 -0.7158 80 200 120
0.5433 -2.7300 -2.3418 80 200 120
-2.4876 -5.5829 -0.4068 80 200 120
-6.2088 -1.3442 -0.1200 80 200 120
-0.2976 -2.8834 -1.0673 80 200 120
-4.8317 -5.9906 -0.3498 80 200 120
-1.7979 -4.8915 -0.7679 80 200 120
1.6806 -6.0602 -0.9670 80 200 120
-5.4737 -5.6082 -0.8804 80 200 120
-9.7042 -2.3509 -0.5197 80 200 120
2.1615 -5.1372 -2.9387 80 200 120
0.4049 -3.3779 -1.1462 80 200 120
-1.2890 -2.4221 -1.0281 80 200 120
-1.5226 -2.0617 -1.1357 80 200 120
-1.8988 -2.4248 -0.9205 80 200 120
-3.8520 -4.2095 -0.9905 80 200 120
-11.4296 -3.8797 -1.1753 80 200 120
-1.1192 -1.6485 -0.9944 80 200 120
0.8853 -3.9557 -0.2633 80 200 120
1.4464 -7.1441 -0.1286 80 200 120
-0.6899 -9.6352 0.2168 80 200 120
0.8126 -4.6202 -1.0124 80 200 120
1.4719 -4.4373 -2.8240 80 200 120
2.6132 -5.4611 -2.9594 80 200 120
3.1480 -6.0433 -2.7337 80 200 120
0.6026 -3.1826 -2.0517 80 200 120
0.3755 -2.9531 -1.8371 80 200 120
4.4810 -5.0109 -4.4707 80 200 120
5.4833 -2.9319 -4.0420 80 200 120
5.7261 -4.0280 -3.3024 80 200 120
4.8239 -1.7276 -4.6968 80 200 120
1.8814 0.2155 -3.6342 80 200 120
2.6348 0.5293 -4.1483 80 200 120
5.0131 -6.0690 -4.2415 80 200 120
6.8207 -4.0736 -4.0329 80 200 120
5.3426 -1.8542 -4.5118 80 200 120
4.5147 1.3647 -3.3632 80 200 120
5.9424 -2.2289 -4.1029 80 200 120
0.2815 -2.0739 -4.5876 80 200 120
4.5698 -2.3049 -4.0715 80 200 120
7.6737 -1.6285 -4.0839 80 200 120
4.9626 0.5346 -4.6248 80 200 120
6.4727 -0.3637 -3.5979 80 200 120
1.8180 -0.2218 -3.6907 80 200 120
2.0845 0.1424 -3.5158 80 200 120
2.0857 -3.7086 -4.1909 80 200 120
1.0682 -2.6871 -4.4471 80 200 120
3.9316 -2.2338 -3.5431 80 200 120
5.4864 0.4776 -3.9328 80 200 120
1.1589 -2.8911 -3.9728 80 200 120
1.7912 -2.9568 -4.3260 80 200 120
4.2491 -7.1940 -4.1956 80 200 120
6.9942 -1.5233 -4.6563 80 200 120
-1.7718 -0.4041 -4.5077 80 200 120
0.6285 -2.8389 -4.0687 80 200 120
4.1916 1.5316 -4.0852 80 200 120
2.4615 -5.2930 -4.4989 80 200 120
3.2570 -4.0792 -4.6230 80 200 120
4.1251 -2.8968 -3.8857 80 200 120
3.4028 -2.7714 -4.0068 80 200 120
3.3221 -6.0555 -4.4347 80 200 120
1.5135 -3.2078 -3.9863 80 200 120
2.4462 -0.2098 -3.4655 80 200 120
1.6991 -0.3586 -1.7181 80 200 120
-0.0005 -2.4005 -4.5233 80 200 120
6.7892 -3.2732 -3.9347 80 200 120
4.2090 0.9953 -4.5915 80 200 120
1.6773 -3.7922 -3.9795 80 200 120
3.8529 -0.2251 -4.6574 80 200 120
1.1180 -0.0163 -4.2565 80 200 120
2.6546 -3.2050 -4.5798 80 200 120
2.8760 1.3755 -4.5942 80 200 120
2.2295 -0.4578 -3.4674 80 200 120
6.4607 0.4662 -3.0419 80 200 120
4.9470 -7.2183 -4.3099 80 200 120
2.3333 -4.7956 -4.7186 80 200 120
0.0753 0.0950 -4.6164 80 200 120
6.8188 -0.8445 -2.5009 80 200 120
-0.7320 -0.2227 -4.6123 80 200 120
0.0305 0.9664 -4.5040 80 200 120
3.1025 -6.3603 -2.8468 80 200 120
-0.2908 0.7347 -4.4438 80 200 120
-0.7143 -0.3479 -4.1787 80 200 120
0.2657 -2.6785 -3.7922 80 200 120
4.3369 -2.4370 -3.7985 80 200 120
6.5788 -1.0070 -4.4995 80 200 120
1.2499 -0.3784 -3.9336 80 200 120
4.5131 -9.2744 -1.3084 80 200 120
4.3445 1.9120 -3.1487 80 200 120
3.6233 2.0494 -3.2556 80 200 120
5.5212 -1.9129 -4.4234 80 200 120
4.8545 1.7695 -3.1848 80 200 120
5.1147 0.7192 -3.2764 80 200 120
3.8830 1.7965 -3.1721 80 200 120
4.3322 -4.8855 -4.3455 80 200 120
4.5154 -6.6843 -4.3942 80 200 120
5.8294 -4.8781 -4.5886 80 200 120
5.3505 -2.9505 -3.3281 80 200 120
4.2927 1.8888 -3.2123 80 200 120
6.8105 -1.7627 -4.7883 80 200 120
6.7885 -4.0148 -4.1686 80 200 120
7.2870 -3.2102 -3.4957 80 200 120
-1.2711 -0.3379 -4.2770 80 200 120
5.5883 -2.4716 -3.3754 80 200 120
-0.6016 0.3086 -4.1905 80 200 120
4.3326 -1.9908 -3.5977 80 200 120
6.4738 0.4373 -0.7952 80 200 120
6.4373 0.6544 -1.2407 80 200 120
6.4177 -6.1360 -1.2424 80 200 120
5.8924 1.8520 -0.4089 80 200 120
6.3400 0.3212 -1.2926 80 200 120
11.7177 -3.7648 -4.3520 80 200 120
6.8128 1.0211 -0.7697 80 200 120
6.3568 0.1963 -1.6972 80 200 120
6.5909 0.1404 -1.3608 80 200 120
6.0317 1.0139 -0.9939 80 200 120
1.7140 5.0691 -0.3764 80 200 120
-7.1879 9.0525 -0.4617 80 200 120
4.2309 3.1281 -1.2296 80 200 120
0.1707 1.5812 -1.3639 80 200 120
4.5982 2.7481 -0.7136 80 200 120
-4.7326 1.1361 -0.3402 80 200 120
-3.9652 0.2055 -0.3418 80 200 120
-1.7005 0.4009 -0.6687 80 200 120
2.9218 3.8600 -1.1865 80 200 120
0.6167 1.8107 -1.3887 80 200 120
1.3425 2.3030 -1.7498 80 200 120
-0.2241 0.9253 -1.2149 80 200 120
7.3209 -5.5916 -1.1586 80 200 120
1.1358 -3.9027 -1.2022 80 200 120
-6.8150 -4.6878 0.0429 80 200 120
-3.5701 -0.6978 -0.8028 80 200 120
-0.2964 -2.0588 -1.7787 80 200 120
6.3032 -6.0166 -1.0985 80 200 120
2.4097 0.1445 -3.4131 80 200 120
1.9812 -5.0232 -2.2220 80 200 120
5.6617 -4.6642 -2.0689 80 200 120
5.7290 0.8565 -3.2688 80 200 120
-0.5049 -1.8016 -3.2100 80 200 120
3.4893 0.8589 -4.6274 80 200 120
1.6991 -4.5595 -2.7859 80 200 120
6.9808 -0.7517 -3.3545 80 200 120
8.1048 -4.9075 -2.4441 80 200 120
3.5781 0.2146 -4.6023 80 200 120
0.9414 0.2656 -4.1017 80 200 120
-0.8649 -1.3389 -2.7735 80 200 120
5.1703 -7.2064 -1.6708 80 200 120
7.4239 -5.8327 -1.1595 80 200 120
7.5931 -5.3971 -1.7375 80 200 120
1.9149 1.4664 -4.5855 80 200 120
5.0645 -7.6077 -3.6317 80 200 120
2.2489 -5.2768 -1.7389 80 200 120
0.7954 0.8393 -4.5193 80 200 120
6.4417 -5.0441 -2.3149 80 200 120
1.7091 0.6725 -3.9136 80 200 120
0.2683 -2.9392 -2.5958 80 200 120
4.9281 -0.9406 -4.5300 80 200 120
4.4108 -7.4980 -2.5543 80 200 120
0.6041 -3.2433 -2.0834 80 200 120
8.8807 -4.3464 -2.5825 80 200 120
5.5465 -6.1856 -2.8330 80 200 120
1.7356 0.3000 -3.6902 80 200 120
0.9972 -3.5446 -2.7895 80 200 120
1.6854 -0.1011 -3.8004 80 200 120
2.2860 1.6771 -4.6643 80 200 120
-0.9638 0.2893 -4.2626 80 200 120
-0.7909 -1.5941 -2.7343 80 200 120
3.9708 1.4891 -4.5897 80 200 120
9.3123 -3.2973 -3.1622 80 200 120
0.3561 0.4032 -4.4485 80 200 120
6.5961 -0.1988 -5.2135 80 200 120
1.3272 -3.4270 -3.8113 80 200 120
1.2265 1.1214 -4.4396 80 200 120
3.4812 1.3382 -4.6233 80 200 120
3.8983 -3.2992 -4.1368 80 200 120
2.3150 0.3794 -3.5313 80 200 120
-0.3299 0.3067 -4.6804 80 200 120
7.5457 -5.6790 -3.6229 80 200 120
1.6726 2.2440 -4.4949 80 200 120
8.4744 -4.7859 -3.3207 80 200 120
5.5949 -1.4631 -4.3907 80 200 120
5.4361 -3.5309 -4.3092 80 200 120
5.3734 -4.5405 -3.7435 80 200 120
-0.1182 -2.5509 -4.1050 80 200 120
4.1184 -5.7635 -4.2511 80 200 120
3.8162 -1.3856 -4.6511 80 200 120
5.8269 -3.7734 -3.7956 80 200 120
7.6823 -2.3151 -4.5286 80 200 120
4.6573 -0.0427 -4.6911 80 200 120
3.6557 -2.1523 -3.8635 80 200 120
4.1255 -0.8923 -4.6180 80 200 120
4.1828 -1.9404 -4.4555 80 200 120
9.0283 -3.9990 -4.4223 80 200 120
4.5904 0.8936 -4.5725 80 200 120
2.3490 2.8308 -4.6134 80 200 120
2.8908 -0.0299 -4.3469 80 200 120
3.1178 2.5074 -4.2654 80 200 120
3.8130 -1.8947 -4.5390 80 200 120
3.7761 -5.2482 -4.6668 80 200 120
2.3401 -0.6296 -3.5837 80 200 120
0.7485 1.7165 -4.5634 80 200 120
5.8681 -1.8899 -4.2449 80 200 120
3.0110 -0.8765 -4.5304 80 200 120
4.3228 -13.8144 -0.6483 80 200 120
24.2589 -6.9009 -1.8498 80 200 120
3.3786 -11.5035 -0.5772 80 200 120
4.2926 1.2800 -4.4191 80 200 120
2.5644 0.5755 -4.4676 80 200 120
0.0360 -1.9843 -4.6312 80 200 120
1.8745 0.2140 -3.6058 80 200 120
3.9307 1.6117 -4.4810 80 200 120
2.0376 -3.7529 -4.2416 80 200 120
2.0174 -0.1874 -3.5257 80 200 120
0.4609 -2.5376 -4.3351 80 200 120
1.2069 -3.3772 -3.8837 80 200 120
1.0917 -2.6247 -4.3861 80 200 120
1.2164 -2.8436 -4.0141 80 200 120
1.6147 -2.8752 -4.2238 80 200 120
2.1559 0.4963 -3.6389 80 200 120
2.0557 0.1568 -3.5106 80 200 120
0.7027 -2.8462 -3.9530 80 200 120
0.3909 -0.3724 -3.0289 80 200 120
1.6582 -3.9490 -4.0278 80 200 120
2.2097 0.6503 -4.0312 80 200 120
2.2454 0.3380 -3.5169 80 200 120
2.0909 0.6412 -3.8057 80 200 120
1.5103 -3.2483 -3.9422 80 200 120
0.9063 1.8675 -4.4931 80 200 120
2.5694 -3.3068 -4.6464 80 200 120
1.5987 2.3444 -4.5049 80 200 120
-0.1716 -0.2154 -2.8545 80 200 120
1.3586 0.0188 -3.8620 80 200 120
-0.1582 -1.4608 -2.7400 80 200 120
1.8025 -0.5085 -1.5818 80 200 120
2.8396 1.3976 -4.6526 80 200 120
0.3734 -0.1395 -4.1181 80 200 120
-0.5348 -0.1893 -4.0902 80 200 120
0.2725 -2.6420 -3.7254 80 200 120
0.7536 -0.1291 -4.0395 80 200 120
-0.7791 0.3363 -4.4504 80 200 120
-0.3503 0.7663 -4.4028 80 200 120
2.0689 -4.3734 -4.3521 80 200 120
1.7423 -0.0614 -3.6645 80 200 120
1.8876 1.9548 -4.6203 80 200 120
0.3551 0.1591 -4.3350 80 200 120
1.7630 -0.4651 -1.5985 80 200 120
1.4485 1.9618 -4.6593 80 200 120
0.6346 -0.0965 -4.0829 80 200 120
0.6461 -0.4440 -1.4767 80 200 120
0.5617 1.4884 -4.4511 80 200 120
1.6803 0.6612 -3.8790 80 200 120
1.4224 -0.7442 -1.6623 80 200 120
1.9607 0.4480 -3.6463 80 200 120
1.8895 0.9476 -4.2219 80 200 120
1.7694 1.4790 -4.6103 80 200 120
0.3519 0.7910 -4.4480 80 200 120
-0.5074 0.4100 -2.0923 80 200 120
1.4032 2.3964 -3.5804 80 200 120
0.8171 -0.9210 -2.3272 80 200 120
1.2499 -0.3771 -1.5074 80 200 120
-0.3586 -1.4914 -2.1093 80 200 120
2.2794 1.6542 -4.6219 80 200 120
1.7046 -0.4921 -1.4409 80 200 120
1.0190 1.4536 -4.5926 80 200 120
2.2638 -0.0934 -3.4362 80 200 120
1.3467 0.9502 -4.1422 80 200 120
-0.6752 0.4864 -2.7920 80 200 120
1.5891 -0.0902 -3.7290 80 200 120
-0.2599 -0.2526 -4.1235 80 200 120
2.6513 2.2024 -4.7031 80 200 120
-0.2440 0.3255 -4.5600 80 200 120
3.6006 1.4584 -4.6481 80 200 120
-1.0525 -0.6535 -1.5336 80 200 120
1.4545 0.3954 -3.8304 80 200 120
-0.7593 -1.9812 -2.5904 80 200 120
0.1254 1.1933 -3.1360 80 200 120
0.7907 1.8724 -2.6641 80 200 120
0.4558 -3.1130 -3.7543 80 200 120
1.0888 2.2639 -2.7611 80 200 120
1.7164 0.1715 -3.6822 80 200 120
-0.8194 0.2690 -3.2606 80 200 120
1.6456 -0.6458 -1.7030 80 200 120
2.1684 1.3148 -4.6708 80 200 120
0.3239 1.3176 -2.5437 80 200 120
-0.4799 -0.3908 -1.5200 80 200 120
0.1782 -0.1820 -1.7613 80 200 120
2.2188 0.9852 -4.6025 80 200 120
0.9001 0.4125 -4.1120 80 200 120
0.9635 -0.8744 -1.5765 80 200 120
0.0167 0.9395 -2.6873 80 200 120
-0.0484 -2.5388 -4.1322 80 200 120
3.1545 1.7381 -4.5549 80 200 120
1.1317 -0.0981 -3.9029 80 200 120
3.5656 0.9054 -4.6478 80 200 120
3.0499 2.5255 -4.3689 80 200 120
1.1104 -0.4257 -2.4108 80 200 120
2.3477 -0.5928 -3.5191 80 200 120
2.7277 2.7859 -4.2852 80 200 120
3.6382 0.5406 -4.5763 80 200 120
3.0225 0.1073 -4.6290 80 200 120
1.7982 -0.3582 -3.5479 80 200 120
2.4376 -0.0129 -3.4354 80 200 120
2.2112 -0.4389 -3.3792 80 200 120
3.2690 2.5589 -3.1394 80 200 120
3.0889 -0.8835 -4.5678 80 200 120
3.4846 2.2196 -3.9574 80 200 120
3.8505 0.0626 -4.6425 80 200 120
3.2540 -2.8927 -4.1871 80 200 120
4.3011 1.0726 -4.4688 80 200 120
3.8939 -1.6164 -4.6975 80 200 120
4.2961 -0.6425 -4.6196 80 200 120
5.4167 0.5464 -3.4084 80 200 120
4.5841 -6.0580 -4.5593 80 200 120
6.2714 -0.2954 -4.2350 80 200 120
0.9175 -1.0587 -4.1276 80 200 120
2.9227 -0.0236 -4.4973 80 200 120
2.3050 -2.6001 -3.9156 80 200 120
5.1796 -2.3585 -3.7255 80 200 120
10.9347 1.2481 -0.9521 80 200 120
7.1666 -0.3018 -2.2083 80 200 120
10.4374 -5.3271 -4.1245 80 200 120
6.2332 0.7987 -1.0221 80 200 120
5.9568 1.7104 -0.4620 80 200 120
7.0473 1.9809 -0.5048 80 200 120
7.0147 -0.1682 -1.2592 80 200 120
7.7233 -5.4281 -0.6494 80 200 120
9.5227 -5.2949 -3.3918 80 200 120
7.6279 -5.2363 -1.0634 80 200 120
11.2678 1.7631 -0.7055 80 200 120
8.1904 -1.6473 -1.3274 80 200 120
-0.6146 4.8972 -0.5793 80 200 120
-2.1517 5.9906 -0.8667 80 200 120
-3.5354 6.3607 -0.8079 80 200 120
0.3329 1.2477 -1.4520 80 200 120
2.1868 4.6326 -0.4920 80 200 120
2.6424 4.7627 -0.4118 80 200 120
0.6320 1.6340 -1.6978 80 200 120
5.5065 2.2074 -0.6865 80 200 120
-0.4121 0.2681 -0.9569 80 200 120
3.6796 3.6428 -1.7212 80 200 120
3.6036 3.7113 -2.0534 80 200 120
4.0939 3.2046 -1.6587 80 200 120
4.9491 2.8243 -0.7232 80 200 120
4.5967 2.6410 -1.0454 80 200 120
-9.1973 3.5099 -0.4934 80 200 120
4.9273 2.3213 -0.7131 80 200 120
-0.2393 0.8080 -0.9546 80 200 120
1.6215 2.6080 -1.9008 80 200 120
1.5166 2.4258 -1.7567 80 200 120
4.8405 2.3091 -0.8613 80 200 120
-0.0249 0.4929 -0.9366 80 200 120
2.6298 -7.5130 -0.2355 80 200 120
4.2296 -13.6247 -0.4045 80 200 120
3.4227 -6.5205 -2.4564 80 200 120
-0.0619 -2.5241 -1.8590 80 200 120
1.3220 -3.8390 -1.9257 80 200 120
1.4980 -4.2502 -1.8532 80 200 120
4.3645 1.6553 -3.5367 80 200 120
5.2156 0.6753 -3.4176 80 200 120
4.8389 1.7019 -3.0592 80 200 120
4.0485 1.6055 -3.3294 80 200 120
4.1124 1.8072 -3.0102 80 200 120
6.1713 -3.9497 -3.4294 80 200 120
4.7062 0.9055 -3.2571 80 200 120
4.7613 1.2738 -3.3126 80 200 120
2.0695 2.5092 -4.3359 80 200 120
7.4123 -1.7533 -4.4478 80 200 120
5.5881 -1.6451 -3.3547 80 200 120
3.2664 -0.2143 -4.5751 80 200 120
4.0275 -1.1957 -4.6498 80 200 120
2.0903 -3.2445 -4.5450 80 200 120
5.4621 -3.4672 -4.2591 80 200 120
5.3580 -2.7031 -4.0819 80 200 120
4.8588 0.9867 -3.1477 80 200 120
3.2189 2.5215 -3.1866 80 200 120
2.6125 0.5426 -4.0581 80 200 120
3.0811 2.4974 -4.3115 80 200 120
5.9490 -2.1770 -3.9326 80 200 120
3.2524 2.8241 -2.9873 80 200 120
4.4773 1.3165 -3.3626 80 200 120
2.1487 0.1920 -3.4153 80 200 120
6.4569 -0.3055 -3.5958 80 200 120
5.4639 0.5227 -3.8705 80 200 120
4.8269 1.0400 -3.2543 80 200 120
4.0041 1.6261 -4.4519 80 200 120
4.8609 1.8669 -3.2238 80 200 120
5.4410 0.6932 -3.4612 80 200 120
7.0199 -1.4742 -4.5068 80 200 120
3.6830 3.0771 -3.3371 80 200 120
3.6815 2.1049 -3.2880 80 200 120
2.4146 -0.4391 -3.3238 80 200 120
1.8949 2.7182 -4.5287 80 200 120
2.4554 -0.0101 -3.4503 80 200 120
1.6468 2.1848 -4.4018 80 200 120
4.3139 1.1299 -4.4355 80 200 120
4.3979 0.1090 -4.5537 80 200 120
2.8865 1.4708 -4.6543 80 200 120
0.7959 1.5552 -4.3911 80 200 120
6.4885 0.4363 -3.0269 80 200 120
1.9083 1.9405 -4.5670 80 200 120
3.2539 3.8938 -3.1612 80 200 120
2.6173 2.8198 -4.1489 80 200 120
1.2180 1.9422 -4.4263 80 200 120
2.7981 2.7872 -3.9888 80 200 120
3.6057 0.9360 -4.6429 80 200 120
4.3000 2.1969 -3.1381 80 200 120
4.1001 -0.5493 -4.6222 80 200 120
2.7385 2.4259 -4.5976 80 200 120
5.7591 1.0076 -3.3191 80 200 120
1.3882 0.0111 -3.8241 80 200 120
0.9779 0.3528 -4.0472 80 200 120
1.8145 0.6412 -3.7472 80 200 120
1.8298 1.0233 -4.0919 80 200 120
1.6238 -0.0753 -3.8280 80 200 120
3.4616 3.2169 -3.2793 80 200 120
5.3154 1.5055 -3.2743 80 200 120
3.5807 2.1115 -3.7453 80 200 120
0.0928 0.9102 -4.2916 80 200 120
4.1235 3.2546 -2.5466 80 200 120
0.5204 0.2223 -4.2366 80 200 120
3.3349 0.1307 -4.5873 80 200 120
-0.5782 -0.1403 -4.4038 80 200 120
5.0012 -0.2507 -4.5952 80 200 120
2.2856 1.6499 -4.5817 80 200 120
2.0947 -0.3117 -3.4318 80 200 120
0.0444 0.2736 -4.3278 80 200 120
3.4391 3.8753 -2.7465 80 200 120
1.8031 0.3126 -3.6306 80 200 120
0.9088 1.2431 -4.4944 80 200 120
4.7045 0.8706 -3.7803 80 200 120
7.0719 0.0392 -2.6184 80 200 120
3.2096 3.8753 -1.7974 80 200 120
3.5198 1.3842 -4.5988 80 200 120
0.2939 0.8542 -4.5284 80 200 120
3.4570 2.4675 -3.1874 80 200 120
5.8181 -1.1817 -4.6438 80 200 120
4.1683 1.4633 -3.6556 80 200 120
2.5923 3.3681 -2.8691 80 200 120
1.4275 0.4276 -3.8467 80 200 120
1.5419 1.6546 -4.6303 80 200 120
5.6145 1.3782 -2.5258 80 200 120
2.2327 1.1346 -4.6713 80 200 120
4.3627 1.6397 -3.3877 80 200 120
4.2626 -1.7712 -4.4109 80 200 120
4.9841 -0.9084 -4.6031 80 200 120
6.2967 -1.8884 -4.5371 80 200 120
4.0733 2.6064 -3.1986 80 200 120
2.2742 0.2751 -3.3996 80 200 120
4.1489 -0.9437 -4.5459 80 200 120
3.1200 -0.3933 -4.5965 80 200 120
4.9245 -1.4887 -4.5555 80 200 120
-0.1474 0.6441 -4.3178 80 200 120
3.8905 -1.5859 -4.4988 80 200 120
2.3755 2.7649 -4.5569 80 200 120
6.7856 -0.0842 -4.3482 80 200 120
3.5598 1.9694 -4.3587 80 200 120
3.2606 3.7916 -2.1416 80 200 120
1.9146 1.4211 -4.5029 80 200 120
3.1458 1.7648 -4.5236 80 200 120
2.6341 -0.2701 -3.4669 80 200 120
4.4100 -2.7021 -3.9552 80 200 120
4.0735 0.8445 -4.6517 80 200 120
2.7386 3.4683 -2.1968 80 200 120
5.5828 -1.9033 -3.9097 80 200 120
3.0683 -0.2599 -3.4507 80 200 120
5.7197 -2.4468 -4.0750 80 200 120
5.0121 -3.4422 -4.7351 80 200 120
11.7181 -5.7162 -0.9922 80 200 120
9.9792 2.1685 -0.4423 80 200 120
7.3232 -5.6099 -1.1181 80 200 120
7.4295 -4.2298 -0.5474 80 200 120
1.4682 4.8755 -0.5418 80 200 120
2.0297 2.8460 -2.1891 80 200 120
0.7629 1.7667 -1.8734 80 200 120
4.3927 2.7941 -1.2183 80 200 120
3.9963 4.9269 -0.5329 80 200 120
2.3119 -5.9131 -1.3143 80 200 120
-8.4741 -1.1201 -1.0460 80 200 120
7.3869 -5.6908 -1.1597 80 200 120
5.2246 1.4883 -3.3131 80 200 120
3.1647 -0.4777 -3.7374 80 200 120
6.3735 -0.5843 -4.6480 80 200 120
-0.2846 -0.5379 -3.3311 80 200 120
3.0112 -0.2994 -3.4731 80 200 120
0.0782 -1.5017 -2.7357 80 200 120
4.1126 1.6322 -4.0084 80 200 120
3.4752 2.3423 -3.2832 80 200 120
2.9331 -1.4164 -4.6817 80 200 120
4.3519 -2.4925 -3.7921 80 200 120
3.5023 -6.6817 -4.6464 80 200 120
5.0804 -6.5413 -4.5308 80 200 120
4.7162 -4.4687 -3.7234 80 200 120
4.6188 -8.5392 -4.8230 80 200 120
5.5700 -2.2591 -3.8146 80 200 120
5.2682 -3.6618 -3.8034 80 200 120
4.0397 1.6191 -3.3455 80 200 120
2.8734 -1.2270 -4.5766 80 200 120
3.3590 -2.4690 -4.3105 80 200 120
-1.4165 -0.8934 -4.8632 80 200 120
2.1520 -3.2704 -4.9187 80 200 120
2.2584 0.6198 -3.7537 80 200 120
5.6798 -3.1633 -4.0245 80 200 120
3.8454 -2.2525 -3.5252 80 200 120
6.9331 -3.5174 -4.4337 80 200 120
3.1086 -1.3406 -4.6382 80 200 120
8.9373 -3.2669 -2.4417 80 200 120
6.9497 0.2595 -1.2273 80 200 120
6.0335 -3.5922 -0.5440 80 200 120
5.1231 -3.1412 -0.5529 80 200 120
4.0430 -0.0150 -0.6005 80 200 120
6.0490 0.9751 -0.7290 80 200 120
8.0103 -6.0411 -2.0591 80 200 120
12.8531 -7.4337 -0.6223 80 200 120
6.5233 1.3035 -0.5232 80 200 120
8.5251 -2.3318 -3.0995 80 200 120
8.3235 -4.1524 -2.7887 80 200 120
5.2480 1.2294 -0.5240 80 200 120
1.2082 4.1977 -0.3031 80 200 120
-11.1241 9.3867 -0.4425 80 200 120
-13.9412 2.3057 -0.6692 80 200 120
4.1166 3.1374 -1.6517 80 200 120
5.5741 -6.5829 -2.8382 80 200 120
3.3285 -8.9469 -0.9808 80 200 120
-0.5781 -2.2231 -1.9279 80 200 120
3.9950 -9.9043 -0.8199 80 200 120
7.3444 -11.5986 -0.7892 80 200 120
2.9146 -1.8869 -4.6510 80 200 120
3.4837 5.2346 -11.6896 80 200 120
46.5120 -24.8762 -0.7307 80 200 120
2.4131 -5.4356 -1.2654 80 200 120
4.0613 1.6032 -3.3343 80 200 120
2.0232 2.6130 -4.4838 80 200 120
0.8975 -0.3753 -3.8412 80 200 120
-0.1997 -1.9574 -4.4647 80 200 120
5.0329 2.0046 -3.4877 80 200 120
4.4046 2.0062 -3.2531 80 200 120
4.1293 1.8829 -3.1373 80 200 120
83.8012 -38.1913 -1.5175 80 200 120
3.6344 1.8683 -4.1502 80 200 120
5.1026 0.4342 -4.6006 80 200 120
4.0283 -6.3916 -4.5635 80 200 120
6.0593 -0.2903 -3.9402 80 200 120
5.1926 0.4596 -3.6037 80 200 120
5.4458 -1.7907 -3.3715 80 200 120
5.3516 -2.9565 -3.3335 80 200 120
5.3697 0.5469 -3.4274 80 200 120
4.4342 1.8107 -3.5363 80 200 120
4.6931 0.9350 -3.3182 80 200 120
4.8504 1.7497 -3.1497 80 200 120
4.4109 1.9977 -3.2897 80 200 120
4.7044 -7.7010 -4.9574 80 200 120
6.7926 -0.9127 -5.2053 80 200 120
4.9070 0.9833 -3.1754 80 200 120
4.5231 1.1338 -3.3806 80 200 120
5.2057 1.4661 -3.2254 80 200 120
7.5326 -2.2494 -4.4351 80 200 120
3.8741 0.0236 -4.6167 80 200 120
2.8950 -1.8405 -4.5941 80 200 120
5.2457 0.4698 -4.3080 80 200 120
3.8286 -1.9001 -4.4089 80 200 120
5.2708 -1.6939 -4.6277 80 200 120
-0.9766 -0.3323 -4.1087 80 200 120
10.5186 -6.9058 -0.7228 80 200 120
5.9780 -4.4724 -0.6220 80 200 120
-4.7940 6.0562 -0.8748 80 200 120
4.7340 2.5707 -0.8576 80 200 120
1.0056 2.0348 -1.5735 80 200 120
4.8376 -5.6821 -2.9070 80 200 120
1.6079 -3.3338 -2.7960 80 200 120
0.5933 -3.1931 -2.9593 80 200 120
0.1951 -2.7455 -2.7387 80 200 120
0.3356 -2.3358 -2.4310 80 200 120
5.6201 -4.5373 -2.0400 80 200 120
3.6713 -6.1943 -3.6484 80 200 120
-2.0717 -0.4878 -0.8862 80 200 120
8.2150 -7.0748 -1.3505 80 200 120
7.3190 -8.6966 -0.6275 80 200 120
5.7611 -6.0032 -2.0291 80 200 120
8.2997 -3.3583 -4.6728 80 200 120
3.0897 0.2022 -4.6776 80 200 120
3.3191 -0.5118 -4.6159 80 200 120
3.1153 -0.1989 -4.5688 80 200 120
2.1395 0.7297 -3.9468 80 200 120
3.6553 2.1401 -3.3522 80 200 120
3.9139 1.7365 -3.1362 80 200 120
1.1585 -0.3705 -3.8179 80 200 120
4.5707 0.8311 -4.4508 80 200 120
8.6256 -4.3434 -4.9637 80 200 120
2.9555 -0.6724 -3.6366 80 200 120
4.6404 1.7673 -3.4395 80 200 120
8.3500 -6.3815 -0.7155 80 200 120
9.9021 -3.8574 -2.7922 80 200 120
6.3322 1.0679 -0.6149 80 200 120
6.6386 0.1423 -1.7438 80 200 120
6.5608 -0.0760 -1.9132 80 200 120
1.8486 3.1363 -0.4620 80 200 120
1.1805 5.1618 -0.4896 80 200 120
-0.4509 5.3695 -0.4549 80 200 120
-1.0841 5.6576 -0.3074 80 200 120
-15.8113 12.0811 -0.3124 80 200 120
-0.4915 4.9237 -0.2332 80 200 120
1.7178 2.8013 -2.3191 80 200 120
1.1008 2.2528 -2.2088 80 200 120
-6.3880 1.3314 -0.6220 80 200 120
-1.1594 1.1359 -1.3301 80 200 120
0.7760 1.7054 -1.8650 80 200 120
-2.1025 0.1389 -0.8674 80 200 120
-0.0362 1.3376 -1.4031 80 200 120
-1.3679 0.4248 -1.1959 80 200 120
2.7409 3.4497 -1.7717 80 200 120
0.3460 1.2983 -1.8346 80 200 120
-1.7861 -4.2312 -0.5073 80 200 120
2.7921 -0.9194 -3.8519 80 200 120
2.5145 -1.5305 -4.6135 80 200 120
2.9521 -2.6045 -4.5550 80 200 120
5.2053 0.4452 -4.1727 80 200 120
3.7913 1.7140 -4.4193 80 200 120
0.5778 -1.0793 -3.8141 80 200 120
0.1666 -0.4786 -3.1042 80 200 120
6.4145 -2.7403 -4.0138 80 200 120
4.9207 1.8081 -3.2126 80 200 120
4.3714 1.8676 -3.1118 80 200 120
0.7565 1.6505 -4.4841 80 200 120
4.6266 1.7242 -3.4605 80 200 120
3.0123 -2.5097 -4.4594 80 200 120
3.1692 -0.4018 -3.7437 80 200 120
0.2796 -0.0476 -4.1415 80 200 120
2.8027 -1.7876 -4.6433 80 200 120
4.3463 0.1013 -4.6018 80 200 120
6.4360 -0.6102 -4.8611 80 200 120
6.2765 -0.3080 -4.1484 80 200 120
4.8491 -5.0802 -4.1853 80 200 120
3.1138 -0.8288 -4.5690 80 200 120
4.1416 -2.1362 -4.0197 80 200 120
2.9624 -2.6149 -4.5855 80 200 120
2.5606 -1.4843 -4.4754 80 200 120
5.0875 1.7392 -3.2530 80 200 120
28.0210 -5.2814 -0.9452 80 200 120
8.0824 -1.8769 -1.5311 80 200 120
7.3254 -0.3699 -2.2631 80 200 120
9.4293 -6.0972 -1.3052 80 200 120
6.5569 0.5477 -1.2243 80 200 120
8.3288 -4.8709 -1.6589 80 200 120
8.0077 -6.1251 -1.4803 80 200 120
6.4282 0.3902 -1.0252 80 200 120
-10.2832 7.8289 -0.8923 80 200 120
3.9903 3.1720 -1.8999 80 200 120
3.8075 5.2692 -0.6678 80 200 120
4.3384 5.6453 -0.6244 80 200 120
4.5136 2.6157 -1.2649 80 200 120
3.0505 3.7665 -2.2393 80 200 120
4.4656 2.7611 -1.5307 80 200 120
-2.9787 1.3245 -0.9587 80 200 120
2.0437 -4.9880 -1.6255 80 200 120
0.5347 -5.6173 -0.8141 80 200 120
3.6456 -7.6723 -4.3527 80 200 120
5.9029 -5.1246 -2.2354 80 200 120
2.6437 -5.6642 -3.4382 80 200 120
-0.6005 -0.5336 -4.1779 80 200 120
3.0820 2.5793 -4.7029 80 200 120
0.3663 -1.1675 -3.5642 80 200 120
6.5113 -0.7218 -3.8218 80 200 120
2.0904 0.7807 -4.4964 80 200 120
-0.7824 -1.8293 -3.2352 80 200 120
8.4532 -4.1440 -4.6937 80 200 120
5.0758 -1.5098 -4.6069 80 200 120
3.5942 -2.0986 -4.1754 80 200 120
3.8202 -3.3148 -4.1342 80 200 120
3.1655 -4.0323 -4.5384 80 200 120
2.4680 -4.7180 -4.7630 80 200 120
4.0374 0.7333 -4.7434 80 200 120
5.9176 -2.3028 -4.2423 80 200 120
6.1264 -0.6862 -5.0272 80 200 120
5.5374 -1.8197 -4.3416 80 200 120
5.4774 -2.6627 -3.5230 80 200 120
5.0432 0.8911 -3.3099 80 200 120
5.4588 -2.0849 -3.5590 80 200 120
5.5390 1.2033 -3.2596 80 200 120
-1.6716 -0.4332 -4.5754 80 200 120
4.0465 -1.2893 -4.6104 80 200 120
4.1536 -3.0027 -4.1633 80 200 120
5.0175 -3.6262 -4.9284 80 200 120
9.2263 -4.5674 -2.4466 80 200 120
5.8844 -3.2061 -0.7183 80 200 120
6.9709 -0.0103 -1.6238 80 200 120
6.4069 -4.0487 -1.0081 80 200 120
6.0114 -0.8415 -1.6776 80 200 120
9.1478 -2.8781 -2.4737 80 200 120
8.4098 -4.6743 -2.2018 80 200 120
6.4514 1.3448 -0.7884 80 200 120
8.7619 -3.5288 -2.3657 80 200 120
-11.1367 5.2607 -0.3022 80 200 120
0.0371 5.1673 -0.5749 80 200 120
-1.7310 5.7825 -0.7405 80 200 120
-2.3398 4.4674 -1.0076 80 200 120
0.4178 1.5454 -2.0698 80 200 120
-1.0148 0.4694 -1.6937 80 200 120
2.8711 6.7467 -0.7040 80 200 120
2.1670 2.9748 -2.4827 80 200 120
1.8030 2.5287 -2.3265 80 200 120
1.4649 2.4279 -2.2856 80 200 120
2.6155 3.3918 -2.5062 80 200 120
-89.2773 -28.5677 1.3071 80 200 120
5.1954 -7.4300 -3.6300 80 200 120
5.6318 -6.1053 -1.6715 80 200 120
1.4173 -3.6560 -2.7999 80 200 120
5.7508 -2.6553 -3.6218 80 200 120
5.4830 -4.7763 -3.4123 80 200 120
3.4088 2.2388 -4.5964 80 200 120
11.5673 -4.4555 -5.9432 80 200 120
0.8171 1.6486 -4.4160 80 200 120
1.2974 1.8656 -4.4138 80 200 120
4.4068 1.9500 -3.1718 80 200 120
3.9032 1.7711 -3.2193 80 200 120
4.1383 1.8678 -3.1274 80 200 120
1.8811 2.7678 -4.7784 80 200 120
4.9997 1.3395 -3.2920 80 200 120
7.4556 -0.1081 -5.3219 80 200 120
4.5359 1.3902 -3.2658 80 200 120
3.9174 2.3650 -3.2468 80 200 120
3.5461 -2.0249 -4.6307 80 200 120
6.4706 -0.6516 -4.0227 80 200 120
0.6405 -0.8801 -3.9321 80 200 120
4.6595 -5.9272 -4.2900 80 200 120
4.5336 -7.6213 -4.4109 80 200 120
5.3554 -3.8625 -3.9704 80 200 120
5.5575 -5.3954 -3.8475 80 200 120
4.4747 -4.3836 -4.3979 80 200 120
6.2273 -2.6666 -4.2068 80 200 120
7.1646 -3.0289 -4.4944 80 200 120
6.5425 -0.5967 -3.1552 80 200 120
4.7864 1.4878 -3.3322 80 200 120
6.8801 -0.7925 -2.6905 80 200 120
6.4412 -0.3221 -4.4706 80 200 120
6.3798 -2.8669 -4.5500 80 200 120
5.8950 -2.1977 -4.4113 80 200 120
5.1731 -2.3985 -3.7307 80 200 120
65.3746 -30.6985 -1.2953 80 200 120
11.8416 -6.6145 -0.7992 80 200 120
10.6472 0.5580 -0.9727 80 200 120
6.2962 -3.1887 -0.8176 80 200 120
6.6939 -3.2698 -0.7383 80 200 120
11.5419 -7.3866 -0.8304 80 200 120
7.3067 -1.5444 -2.1492 80 200 120
-3.1285 6.0462 -0.9106 80 200 120
-10.5023 6.3467 -0.2997 80 200 120
1.6214 5.9648 -0.6461 80 200 120
-8.7696 9.1779 -0.4220 80 200 120
0.7289 1.7646 -2.2360 80 200 120
4.1977 5.1061 -0.7565 80 200 120
4.6140 2.7549 -1.0693 80 200 120
4.1232 3.3178 -1.7023 80 200 120
3.1573 3.8256 -1.8183 80 200 120
-16.1371 -6.2828 -0.5283 80 200 120
-47.2536 -14.1229 -0.9127 80 200 120
-2.5438 -4.0628 -0.4629 80 200 120
-0.6904 -3.3030 -0.7731 80 200 120
5.3145 -12.2789 -1.5752 80 200 120
5.8440 -6.2671 -3.2903 80 200 120
11.6432 -6.1914 -0.8657 80 200 120
6.1610 -4.5621 -2.1696 80 200 120
11.7127 -11.0653 -0.8198 80 200 120
3.8687 -7.1897 -3.3106 80 200 120
2.2793 -2.4411 -4.6656 80 200 120
-1.1990 -0.5378 -4.5806 80 200 120
4.9323 1.8062 -3.2359 80 200 120
2.8583 -5.9376 -4.5164 80 200 120
3.1149 -3.3600 -4.2926 80 200 120
4.3587 -7.3688 -1.6499 80 200 120
4.1175 -1.9905 -4.5088 80 200 120
0.9458 -3.7043 -2.8652 80 200 120
3.8173 -2.2987 -3.6780 80 200 120
4.7141 0.9745 -3.4535 80 200 120
4.9992 1.0882 -3.4227 80 200 120
5.2652 0.8316 -3.5705 80 200 120
4.0213 -6.6158 -4.7034 80 200 120
3.6820 0.5429 -4.5753 80 200 120
5.9824 0.6638 -4.1135 80 200 120
0.2919 -0.4850 -4.9389 80 200 120
3.7520 -1.8180 -3.6274 80 200 120
8.7957 0.7300 -0.8546 80 200 120
6.2454 1.0683 -0.8391 80 200 120
9.9175 -3.8463 -2.7750 80 200 120
6.6895 0.1694 -1.3432 80 200 120
9.3863 -4.2447 -1.8499 80 200 120
7.3692 -0.5647 -1.5806 80 200 120
-6.8218 10.0149 -0.5984 80 200 120
-0.2360 0.9116 -2.0458 80 200 120
1.1540 4.2567 -0.7998 80 200 120
1.3164 4.6904 -1.0218 80 200 120
1.6305 5.3654 -0.9370 80 200 120
0.7686 5.9710 -0.8057 80 200 120
0.3461 5.6016 -0.5905 80 200 120
-2.7028 5.3882 -1.1263 80 200 120
0.9563 2.0872 -2.3870 80 200 120
1.7572 2.5805 -2.3642 80 200 120
-0.9944 0.3225 -1.4071 80 200 120
2.1465 3.0000 -2.5052 80 200 120
-3.8658 0.3300 -0.9185 80 200 120
1.2097 2.1625 -2.1214 80 200 120
1.7082 2.5402 -1.9081 80 200 120
-2.6903 0.6815 -0.9073 80 200 120
2.0663 2.7646 -2.1729 80 200 120
3.4865 3.5577 -2.0116 80 200 120
-15.3948 -9.3873 -0.4575 80 200 120
7.6043 -4.8222 -2.0042 80 200 120
2.4059 -5.2843 -3.1047 80 200 120
7.3185 -6.7717 -1.6603 80 200 120
6.5879 -5.8028 -1.9046 80 200 120
3.1980 -6.2512 -3.4429 80 200 120
2.0959 -5.0610 -2.7154 80 200 120
4.3622 -7.1610 -3.3967 80 200 120
2.5512 -5.6709 -2.7523 80 200 120
7.7328 -10.7149 -1.0864 80 200 120
5.4254 -7.3249 -2.4939 80 200 120
8.4358 -2.2769 -4.1623 80 200 120
1.8568 -1.9596 -4.6941 80 200 120
1.8661 -2.5594 -4.5696 80 200 120
2.4780 -3.7964 -4.5315 80 200 120
2.4865 -0.9559 -3.8784 80 200 120
2.8592 0.0550 -3.5889 80 200 120
3.2837 -8.2259 -0.8899 80 200 120
26.8452 -4.9097 -0.9783 80 200 120
6.2963 -11.7611 -1.3731 80 200 120
5.8159 -3.3670 -3.8412 80 200 120
-0.6832 -1.9972 -4.2277 80 200 120
0.9904 -3.6776 -2.8682 80 200 120
2.2824 -2.4636 -4.6491 80 200 120
5.2727 -2.6012 -3.8714 80 200 120
4.4697 1.9081 -3.6526 80 200 120
3.1680 -6.2866 -4.5297 80 200 120
4.5426 1.5095 -3.5107 80 200 120
2.8396 -0.8360 -3.9699 80 200 120
5.1392 -2.4964 -4.2268 80 200 120
3.5151 3.2236 -3.4382 80 200 120
6.1892 -3.7939 -4.1407 80 200 120
5.5002 -3.4667 -4.2488 80 200 120
4.5454 -8.1064 -4.6052 80 200 120
8.7588 -2.3429 -4.5320 80 200 120
2.1335 -1.8524 -4.5520 80 200 120
3.8026 -1.9442 -3.3268 80 200 120
4.3774 -2.4047 -3.6922 80 200 120
5.1320 -2.2939 -3.6052 80 200 120
6.0602 1.1203 -0.8752 80 200 120
6.7165 0.2989 -1.1830 80 200 120
10.3913 -2.7573 -2.6792 80 200 120
8.4461 -2.6333 -2.6713 80 200 120
6.2439 -3.5104 -1.0524 80 200 120
7.4052 -1.2871 -2.4735 80 200 120
7.1323 -0.2477 -1.2066 80 200 120
9.3160 -2.9917 -3.4863 80 200 120
6.6541 0.5754 -1.1918 80 200 120
1.1832 3.6616 -1.0727 80 200 120
0.5461 3.9502 -0.8994 80 200 120
-4.7828 6.7098 -0.8841 80 200 120
1.9603 4.7831 -1.1328 80 200 120
2.9544 3.3904 -2.4670 80 200 120
1.9018 6.1046 -0.8640 80 200 120
-0.3222 4.3847 -0.9763 80 200 120
1.8807 2.8310 -2.6125 80 200 120
0.3092 1.4121 -1.9409 80 200 120
3.2147 4.4232 -1.5379 80 200 120
-3.1250 -0.5960 -0.9681 80 200 120
0.8432 1.9637 -1.9996 80 200 120
-6.0212 2.6932 -0.9082 80 200 120
3.6972 3.7311 -1.7661 80 200 120
-1.9342 -4.5871 -0.9585 80 200 120
15.2019 -12.4813 -0.8970 80 200 120
6.2687 -11.0938 -1.1938 80 200 120
5.6668 -4.9893 -2.1744 80 200 120
2.0181 -4.3962 -2.7991 80 200 120
-22.1055 -1.6174 -1.0487 80 200 120
6.7639 -5.8421 -2.4750 80 200 120
8.1296 -7.3735 -2.9399 80 200 120
6.8798 -1.0590 -3.8993 80 200 120
5.4851 -4.0368 -4.0958 80 200 120
3.5676 -6.7797 -2.0617 80 200 120
4.8856 -3.0937 -4.3035 80 200 120
6.3675 -1.5320 -4.5999 80 200 120
4.6005 -3.9178 -4.7050 80 200 120
5.2880 1.5020 -3.2616 80 200 120
2.7193 -5.6633 -4.4757 80 200 120
0.5968 -0.3093 -3.8803 80 200 120
6.2128 -0.3133 -4.0650 80 200 120
5.4278 -4.0550 -3.3666 80 200 120
2.8773 -6.2850 -2.7418 80 200 120
3.2115 2.4941 -3.1791 80 200 120
3.1696 -6.4498 -3.1200 80 200 120
3.9400 1.8453 -3.2589 80 200 120
3.7022 -0.8436 -4.5593 80 200 120
7.9269 -4.7668 -6.3019 80 200 120
8.6942 -4.1130 -5.0933 80 200 120
0.5862 -1.0002 -4.4851 80 200 120
13.5651 -0.7546 -1.0522 80 200 120
7.5182 0.7091 -1.0042 80 200 120
13.1930 -5.5496 -1.7294 80 200 120
8.5623 -3.0931 -2.7435 80 200 120
7.0659 0.9706 -0.8806 80 200 120
7.1983 0.5641 -1.1438 80 200 120
19.2962 -3.2337 -1.1734 80 200 120
7.1112 1.2356 -0.9592 80 200 120
6.7272 0.3701 -1.4132 80 200 120
6.9814 0.1133 -1.2261 80 200 120
1.1752 3.1779 -1.0938 80 200 120
-0.2061 7.8008 -0.4332 80 200 120
-0.3011 1.0799 -2.1249 80 200 120
4.1289 3.1793 -1.4361 80 200 120
1.2479 2.4047 -2.4536 80 200 120
-15.3652 -5.5291 -1.0168 80 200 120
-48.7899 -23.9125 -1.4886 80 200 120
2.4216 -6.4804 -1.1702 80 200 120
1.9504 -6.5756 -0.8374 80 200 120
0.5826 -4.5182 -0.8369 80 200 120
0.3379 -3.0946 -1.6149 80 200 120
4.5493 -6.7650 -3.9067 80 200 120
2.2749 -4.9478 -2.0732 80 200 120
4.8982 -7.4719 -3.5546 80 200 120
2.8703 -0.8503 -4.0525 80 200 120
4.4588 -10.4653 -0.9894 80 200 120
5.6248 -1.9325 -4.4634 80 200 120
5.2714 0.4976 -4.4801 80 200 120
2.4967 -0.9281 -3.7894 80 200 120
4.0839 1.4893 -4.4931 80 200 120
4.5825 0.9224 -4.5406 80 200 120
6.2455 0.6211 -4.4899 80 200 120
3.0970 -9.2851 -0.9649 80 200 120
8.2470 -4.8444 -4.5742 80 200 120
8.6003 -2.0541 -2.9997 80 200 120
4.1608 -2.1760 -3.9162 80 200 120
1.9481 -2.6875 -4.5633 80 200 120
4.2742 1.3959 -4.2447 80 200 120
5.3515 0.5980 -3.4972 80 200 120
5.2497 0.4929 -3.7525 80 200 120
4.4630 1.8878 -3.5870 80 200 120
4.8889 1.7163 -3.1049 80 200 120
4.5513 1.4334 -3.3907 80 200 120
4.4092 2.0290 -3.3091 80 200 120
4.9654 0.8678 -3.2800 80 200 120
5.1955 0.7271 -3.3957 80 200 120
4.6964 0.9700 -3.3933 80 200 120
3.9358 2.4249 -3.2201 80 200 120
4.7155 1.2223 -3.2751 80 200 120
6.3274 -3.3210 -3.7862 80 200 120
5.4166 -3.9671 -4.1403 80 200 120
5.9371 -2.3214 -3.7814 80 200 120
6.4478 -2.8848 -4.0032 80 200 120
5.7795 -3.0358 -3.9047 80 200 120
3.8172 -1.7699 -4.0098 80 200 120
2.4130 -0.6840 -3.5938 80 200 120
5.0197 1.3800 -3.3297 80 200 120
24.2080 -12.4382 -14.7602 80 200 120
-3.6686 -0.7715 -6.0758 80 200 120
-1.2734 -1.4848 -5.4787 80 200 120
6.3286 -1.5155 -4.7648 80 200 120
4.3479 -2.1908 -4.3911 80 200 120
7.4043 -1.7575 -4.4661 80 200 120
5.9086 -1.5950 -4.6814 80 200 120
9.0728 -0.0323 -1.2130 80 200 120
6.1370 1.0461 -0.9237 80 200 120
8.2380 -1.8843 -2.7388 80 200 120
6.4299 -0.5789 -1.9885 80 200 120
7.3323 -0.3366 -1.5391 80 200 120
7.9931 -1.9502 -2.3103 80 200 120
125.8817 -57.8073 -1.1350 80 200 120
6.9670 -0.3068 -2.0598 80 200 120
1.8857 4.1621 -1.2686 80 200 120
2.3131 7.9204 -1.1736 80 200 120
-0.7783 0.4172 -1.8450 80 200 120
4.4405 2.8665 -1.4745 80 200 120
4.0226 3.3008 -1.8574 80 200 120
3.1881 3.8919 -2.6140 80 200 120
3.4482 6.3905 -0.9838 80 200 120
-0.6439 -0.1597 -1.3958 80 200 120
2.7695 3.5038 -2.2704 80 200 120
0.3857 1.2820 -2.3716 80 200 120
4.7314 2.5325 -1.3406 80 200 120
3.2707 4.3682 -2.3075 80 200 120
2.7669 -4.7136 -3.7547 80 200 120
-0.2508 -3.4597 -1.1663 80 200 120
1.2987 -3.8496 -1.5577 80 200 120
0.6473 -3.2635 -1.5910 80 200 120
4.1604 -5.8847 -4.0707 80 200 120
10.8718 -9.7469 -1.0235 80 200 120
6.8452 -4.6772 -2.6317 80 200 120
4.7148 0.9316 -3.3663 80 200 120
7.0982 -4.6321 -3.8615 80 200 120
5.5597 1.1779 -3.3060 80 200 120
3.2007 1.6423 -4.6127 80 200 120
1.9275 -2.0196 -4.6920 80 200 120
6.2356 -4.3065 -3.8761 80 200 120
6.0943 -4.5949 -3.7040 80 200 120
6.4087 -0.3300 -4.3809 80 200 120
0.3273 1.2681 -3.3940 80 200 120
5.0568 -2.0832 -4.0900 80 200 120
6.7067 -3.1282 -4.4344 80 200 120
2.8426 7.3083 -1.0049 80 200 120
6.6276 -0.9599 -4.5934 80 200 120
7.5915 -0.8787 -1.8171 80 200 120
9.4604 0.0578 -1.0301 80 200 120
6.6532 0.2945 -1.6779 80 200 120
6.8766 -0.0571 -1.8610 80 200 120
25.8844 -6.9800 -1.2772 80 200 120
7.9594 -0.5919 -2.2028 80 200 120
8.4210 -1.4431 -1.9519 80 200 120
9.2414 -2.7943 -1.8337 80 200 120
6.6885 0.6216 -1.2124 80 200 120
7.0388 1.0105 -1.0054 80 200 120
7.1872 -0.1765 -1.3232 80 200 120
-2.5643 10.3469 -0.3709 80 200 120
2.4126 3.2127 -2.7794 80 200 120
1.6241 2.5224 -2.7621 80 200 120
1.4734 2.3617 -2.7498 80 200 120
1.7801 2.6503 -2.7805 80 200 120
-0.2716 0.5946 -2.4082 80 200 120
1.2005 2.1741 -2.6991 80 200 120
-1.4281 -1.4520 -1.6151 80 200 120
1.4941 -0.6032 -1.3554 80 200 120
-0.5219 0.1556 -2.2392 80 200 120
2.9563 3.6195 -2.5072 80 200 120
-1.4851 -1.1519 -1.2466 80 200 120
-3.8016 -3.9159 -1.2360 80 200 120
2.9285 -6.0691 -4.5794 80 200 120
7.8974 -5.8367 -1.7104 80 200 120
8.0939 -5.1840 -2.1343 80 200 120
6.9729 -6.3205 -2.6798 80 200 120
7.1587 -5.5590 -2.4266 80 200 120
2.2399 -3.0856 -4.6917 80 200 120
5.3158 -1.7500 -4.6748 80 200 120
6.8801 -0.6324 -3.7790 80 200 120
4.9444 -5.5640 -4.6179 80 200 120
-0.5582 -1.5171 -4.3871 80 200 120
1.7561 -0.7782 -3.7591 80 200 120
3.0409 -0.2908 -3.4774 80 200 120
6.3647 -0.5941 -4.7117 80 200 120
4.0134 -6.1237 -4.3254 80 200 120
4.4639 1.5733 -3.4567 80 200 120
3.2908 2.5456 -3.1716 80 200 120
3.4050 2.4594 -3.3981 80 200 120
4.0642 2.2349 -3.1967 80 200 120
4.7047 0.9295 -3.3446 80 200 120
4.7468 1.2577 -3.3417 80 200 120
1.9637 -1.5805 -4.6235 80 200 120
3.9870 -2.0613 -4.4968 80 200 120
7.3100 -1.2893 -3.6316 80 200 120
2.0410 -0.2865 -3.5292 80 200 120
5.9472 -2.1963 -3.9322 80 200 120
5.9731 -2.3026 -4.5235 80 200 120
1.7972 -1.6075 -4.7933 80 200 120
5.1793 0.7312 -3.3473 80 200 120
3.7179 -2.0401 -3.9698 80 200 120
6.7855 0.4061 -0.9504 80 200 120
10.5481 -7.0574 -1.6081 80 200 120
8.1760 -0.9362 -2.5480 80 200 120
10.5655 -0.3109 -1.4905 80 200 120
6.6744 0.3821 -1.3914 80 200 120
23.6309 -14.9799 -1.1988 80 200 120
9.8244 -3.6200 -3.1814 80 200 120
8.2571 -3.0811 -2.0685 80 200 120
8.9106 -3.0250 -1.8995 80 200 120
1.6443 3.0327 -1.2878 80 200 120
-2.0316 5.4233 -1.1996 80 200 120
-0.2286 8.4161 -0.4787 80 200 120
1.9815 3.0879 -2.9786 80 200 120
0.8522 1.7675 -2.8386 80 200 120
0.9901 2.0219 -2.8753 80 200 120
-3.9414 0.9045 -0.9603 80 200 120
0.8347 1.6220 -2.2720 80 200 120
-0.1027 0.8755 -1.6228 80 200 120
1.5111 -5.0281 -0.7931 80 200 120
2.8238 -6.0520 -1.9671 80 200 120
0.3894 -3.3304 -2.0975 80 200 120
8.4477 -4.7103 -2.2703 80 200 120
4.6283 -8.1466 -4.5090 80 200 120
0.9854 -4.2010 -1.4859 80 200 120
1.1400 -3.6573 -2.6357 80 200 120
-0.6102 -2.2480 -1.8677 80 200 120
2.6267 -5.0940 -3.9077 80 200 120
11.9230 -6.6863 -1.5862 80 200 120
6.5606 -3.7811 -4.3291 80 200 120
1.9398 -1.5485 -4.6406 80 200 120
3.8501 1.5465 -4.1772 80 200 120
4.4203 1.8017 -3.4288 80 200 120
5.6420 -2.1628 -3.5805 80 200 120
4.3439 1.3751 -3.4396 80 200 120
4.9396 1.7777 -3.2175 80 200 120
5.1017 0.8396 -3.3751 80 200 120
1.1557 -1.9832 -4.6904 80 200 120
1.5919 -0.3333 -1.9759 80 200 120
4.3761 -2.2242 -4.4690 80 200 120
4.0792 -2.5963 -3.6995 80 200 120
5.1067 -2.2732 -4.4019 80 200 120
6.3946 -1.5772 -4.6449 80 200 120
6.2991 -3.2176 -3.7499 80 200 120
6.0323 -3.5797 -3.9365 80 200 120
6.2477 -0.3188 -4.0816 80 200 120
5.4423 0.6138 -3.6640 80 200 120
5.2369 0.5603 -3.8701 80 200 120
5.4337 -3.9555 -3.1561 80 200 120
5.9744 -2.2314 -3.2989 80 200 120
7.0979 -1.2687 -4.0434 80 200 120
6.8663 -0.5812 -3.8225 80 200 120
-0.6439 0.3029 -4.3022 80 200 120
7.3197 0.7736 -1.0950 80 200 120
8.1911 0.4856 -1.1259 80 200 120
6.5647 0.1032 -1.7096 80 200 120
7.3175 -0.1658 -1.6473 80 200 120
8.3785 -1.9270 -1.6205 80 200 120
6.7301 0.3182 -1.6960 80 200 120
6.6279 0.7069 -1.3546 80 200 120
-2.7184 7.1887 -0.4557 80 200 120
-17.8250 8.5627 -0.2148 80 200 120
-21.5550 -15.2851 0.8955 80 200 120
3.9876 -6.3881 -1.5672 80 200 120
3.0210 -7.1070 -1.4960 80 200 120
6.6447 -5.8598 -3.5327 80 200 120
5.7253 -5.2949 -2.8221 80 200 120
5.6598 -4.1871 -2.8178 80 200 120
7.3704 -5.6622 -3.0173 80 200 120
1.4675 -2.3223 -4.7546 80 200 120
6.5621 -0.2400 -4.1254 80 200 120
6.5296 0.2907 -4.5010 80 200 120
0.8821 -2.2813 -4.6930 80 200 120
2.6964 0.3222 -4.2913 80 200 120
4.8683 0.8304 -3.5480 80 200 120
4.4236 1.9291 -3.2240 80 200 120
3.7533 -10.4670 -1.1625 80 200 120
0.5886 -2.1503 -4.6669 80 200 120
2.3821 -3.7880 -4.5402 80 200 120
6.2171 -2.7828 -4.3298 80 200 120
3.2815 2.2639 -4.5837 80 200 120
1.9347 -0.7149 -3.6569 80 200 120
8.0622 -1.9313 -4.0153 80 200 120
5.1754 -2.4196 -3.7473 80 200 120
3.9632 2.2614 -3.1058 80 200 120
5.0740 -2.0846 -4.1763 80 200 120
4.9776 0.5665 -4.6299 80 200 120
7.1841 -0.3230 -2.1605 80 200 120
7.3934 -0.4408 -2.0739 80 200 120
6.1355 1.2274 -1.1121 80 200 120
7.2124 -0.1066 -2.2710 80 200 120
7.0056 0.1727 -1.3841 80 200 120
12.3300 -3.5828 -3.1366 80 200 120
-2.7248 10.3310 -0.2905 80 200 120
2.6275 3.4288 -3.0840 80 200 120
-7.1910 5.3307 -1.5528 80 200 120
2.1190 8.2420 -0.8974 80 200 120
3.2852 4.5753 -3.2624 80 200 120
1.8296 -0.6422 -1.6058 80 200 120
-0.8964 0.3213 -2.9630 80 200 120
0.0680 0.3544 -1.8070 80 200 120
1.3854 -0.3857 -1.5601 80 200 120
3.7987 4.1389 -1.4993 80 200 120
3.7263 3.7927 -1.8108 80 200 120
3.0855 4.1964 -2.7366 80 200 120
-0.5255 0.7926 -2.8648 80 200 120
-1.0932 -1.3789 -1.6232 80 200 120
0.9833 -3.7320 -1.7617 80 200 120
2.3684 -5.5772 -2.3081 80 200 120
2.3926 -5.3252 -3.8690 80 200 120
2.4781 -6.5177 -4.4679 80 200 120
4.0624 -8.0523 -4.2706 80 200 120
5.2423 -6.0336 -3.8298 80 200 120
3.3591 -8.5222 -4.6722 80 200 120
5.4047 -2.2574 -3.7624 80 200 120
3.6002 -1.0346 -4.6149 80 200 120
2.1738 -0.6934 -3.5084 80 200 120
4.5455 -6.6278 -4.2951 80 200 120
4.7601 1.1929 -3.2057 80 200 120
4.4037 -2.2408 -4.5709 80 200 120
14.9540 -2.1244 -1.3192 80 200 120
5.9109 -1.6567 -4.6633 80 200 120
4.9897 -5.1904 -4.3501 80 200 120
4.3427 1.3813 -3.4476 80 200 120
3.2395 2.5446 -3.2801 80 200 120
5.2145 0.5217 -3.7694 80 200 120
3.5249 2.2927 -3.4831 80 200 120
4.0764 2.3001 -3.2482 80 200 120
4.6939 -3.0050 -4.3155 80 200 120
5.2890 -5.3115 -3.7440 80 200 120
3.9093 1.8394 -3.2888 80 200 120
-11.7848 5.2453 -1.2088 80 200 120
6.0967 -4.0091 -3.6787 80 200 120
5.9611 -3.4361 -3.7954 80 200 120
6.6446 -0.2903 -4.0285 80 200 120
5.9639 -4.3718 -3.5723 80 200 120
5.3619 0.6418 -3.5929 80 200 120
4.9968 0.9468 -3.4537 80 200 120
6.3813 -0.6338 -4.7185 80 200 120
5.0335 0.5797 -3.3784 80 200 120
6.9013 -0.8843 -3.5774 80 200 120
4.4434 -2.0798 -3.6851 80 200 120
4.0020 -2.0188 -4.5988 80 200 120
7.6887 -0.8399 -1.5599 80 200 120
7.5383 -0.3489 -1.5562 80 200 120
7.5833 -0.8938 -2.4124 80 200 120
7.5038 -0.7090 -2.1137 80 200 120
7.0767 -0.1522 -1.5822 80 200 120
7.0299 0.3898 -1.2532 80 200 120
10.4848 -2.5733 -3.3038 80 200 120
-8.9675 4.6624 -1.2026 80 200 120
0.2026 1.2072 -3.1419 80 200 120
2.2114 3.1920 -3.2801 80 200 120
-1.2165 -1.7977 -1.9285 80 200 120
2.2421 2.8882 -2.4585 80 200 120
-0.5670 0.2452 -2.3012 80 200 120
4.4690 3.0109 -1.5484 80 200 120
1.7295 2.8800 -2.9840 80 200 120
2.0450 2.9499 -2.9843 80 200 120
2.8099 3.5729 -2.9550 80 200 120
2.9440 3.6325 -2.5667 80 200 120
3.0996 -1.8365 -1.1153 80 200 120
1.3961 -3.7908 -1.1386 80 200 120
1.5542 -4.1176 -1.0448 80 200 120
1.6578 -4.7919 -1.0250 80 200 120
17.5278 -8.1595 -2.1838 80 200 120
4.5953 -7.2971 -4.2309 80 200 120
5.5386 -4.4816 -2.6479 80 200 120
12.0619 -7.1464 -1.2834 80 200 120
8.5297 -4.8089 -2.2950 80 200 120
1.3900 -4.6141 -2.8790 80 200 120
5.8203 -0.6634 -4.6687 80 200 120
4.4797 -4.5799 -4.6780 80 200 120
3.1153 -1.4382 -4.6645 80 200 120
5.3115 1.5211 -3.3128 80 200 120
5.2581 0.4931 -3.6414 80 200 120
3.8343 1.6250 -4.1828 80 200 120
2.8293 0.2989 -4.3462 80 200 120
2.4948 -0.9135 -3.9859 80 200 120
5.4676 -4.1561 -3.2714 80 200 120
5.4301 -3.8929 -3.5966 80 200 120
6.5992 -4.0198 -3.4461 80 200 120
4.7325 0.9543 -3.4017 80 200 120
-13.2902 -4.7719 -1.4546 80 200 120
-0.6618 -1.6704 -4.8669 80 200 120
-3.0137 -0.3169 -6.2499 80 200 120
-0.0351 -0.9846 -4.6187 80 200 120
2.5431 -0.5685 -3.2863 80 200 120
-4.9710 -0.3907 -6.3148 80 200 120
1.8420 -1.5753 -4.7146 80 200 120
5.2955 -1.7180 -4.6371 80 200 120
2.8905 -1.9569 -4.7015 80 200 120
5.7261 -1.7853 -4.0836 80 200 120
9.4855 0.2283 -1.3516 80 200 120
9.3335 0.2909 -1.2008 80 200 120
7.2124 0.6677 -1.2418 80 200 120
12.5742 -6.5184 -1.5878 80 200 120
7.0660 1.0829 -1.2513 80 200 120
8.1496 -1.4910 -1.5965 80 200 120
6.5012 0.8828 -1.3419 80 200 120
18.2066 -14.3905 -1.2078 80 200 120
5.6321 1.3570 -1.2890 80 200 120
2.3123 3.8786 -1.5663 80 200 120
-0.0908 3.9252 -1.4991 80 200 120
3.0897 3.9593 -1.5558 80 200 120
1.7526 5.4623 -1.5710 80 200 120
3.8364 3.6283 -2.7444 80 200 120
0.1238 -0.3228 -2.2177 80 200 120
-8.0257 -3.6480 -1.3164 80 200 120
-2.8223 -3.1013 -1.2375 80 200 120
-6.8006 -2.2254 -1.2170 80 200 120
4.4947 2.7859 -1.8214 80 200 120
3.1828 -7.9670 -1.1937 80 200 120
-7.4644 -5.1259 -1.2665 80 200 120
2.9193 -6.7708 -1.0805 80 200 120
3.6445 -9.4858 -1.0818 80 200 120
4.8561 -5.7045 -3.9574 80 200 120
6.7370 -8.9495 -1.2941 80 200 120
9.9537 -9.3056 -1.3859 80 200 120
2.4974 -6.3369 -4.3649 80 200 120
7.3622 -5.6321 -3.0173 80 200 120
7.5765 -6.5082 -2.7119 80 200 120
9.0265 -3.9931 -1.6152 80 200 120
5.1801 -7.8076 -3.6975 80 200 120
4.0357 -5.9606 -4.2273 80 200 120
8.3212 -5.0082 -3.0679 80 200 120
-1.4237 -2.4626 -1.8713 80 200 120
6.6009 -5.6428 -3.4641 80 200 120
4.9812 1.0466 -3.4035 80 200 120
53.1574 -26.3387 -1.9894 80 200 120
4.9530 1.8665 -3.3000 80 200 120
4.5527 -3.1533 -4.5082 80 200 120
2.6981 0.1365 -4.1423 80 200 120
4.6338 1.7366 -3.3997 80 200 120
0.4882 -2.6784 -4.2517 80 200 120
1.5604 -0.1723 -3.5903 80 200 120
2.6080 0.3000 -4.3192 80 200 120
4.7545 0.7505 -4.3905 80 200 120
4.3983 1.9954 -3.3283 80 200 120
5.6999 0.7752 -3.9650 80 200 120
4.4686 1.2084 -3.4917 80 200 120
3.9014 1.8292 -3.2584 80 200 120
3.9183 2.5476 -3.3011 80 200 120
4.9976 0.8457 -3.2730 80 200 120
6.6891 -3.2375 -4.4230 80 200 120
7.2560 -1.6965 -4.4804 80 200 120
1.6990 9.1537 -1.3057 80 200 120
5.0339 -1.4701 -4.6431 80 200 120
7.6141 -1.7316 -4.2763 80 200 120
2.0792 -0.3308 -3.5074 80 200 120
4.9937 0.5413 -4.5981 80 200 120
3.9812 -1.3170 -4.6454 80 200 120
3.9363 -1.8923 -4.5598 80 200 120
3.1137 -0.3832 -3.5562 80 200 120
24.3695 -10.7687 -2.5326 80 200 120
8.6987 -3.2504 -1.8325 80 200 120
8.1864 -1.6220 -2.3898 80 200 120
7.2845 -0.4107 -1.6855 80 200 120
7.2477 0.9520 -1.2698 80 200 120
141.5516 -83.1200 -2.6595 80 200 120
28.9264 -17.0296 -1.4402 80 200 120
17.2839 -11.9236 -1.5508 80 200 120
1.7739 3.1768 -1.5585 80 200 120
1.6432 1.9909 -1.4397 80 200 120
1.9115 2.6908 -1.5840 80 200 120
1.8997 4.9617 -0.8786 80 200 120
1.7658 3.6364 -1.1963 80 200 120
2.2792 1.4127 -1.3396 80 200 120
2.5927 3.1227 -3.1945 80 200 120
1.6460 2.8118 -3.4709 80 200 120
-0.7167 0.8490 -3.5865 80 200 120
0.4492 -0.3499 -1.7892 80 200 120
4.0350 3.5698 -1.9092 80 200 120
1.8372 -0.6428 -1.4731 80 200 120
0.3649 1.5512 -3.3095 80 200 120
0.1304 1.1110 -3.1523 80 200 120
3.2628 4.3367 -3.1501 80 200 120
1.8320 -5.3543 -1.1521 80 200 120
1.8268 -3.1986 -1.0677 80 200 120
3.5019 -6.8658 -1.9919 80 200 120
1.6022 -5.4674 -1.2542 80 200 120
3.1849 -8.2249 -1.3831 80 200 120
4.8978 -12.7299 -1.8508 80 200 120
5.6565 -13.0205 -2.0288 80 200 120
93.4779 -52.7362 -2.9046 80 200 120
7.7248 -5.3202 -3.5350 80 200 120
3.9427 -6.6965 -2.2876 80 200 120
0.8142 -3.9533 -2.7581 80 200 120
5.8300 -4.1660 -2.2213 80 200 120
1.4498 -3.6109 -2.8665 80 200 120
2.8803 -0.0318 -3.5916 80 200 120
4.4529 -7.3424 -3.1211 80 200 120
4.9615 1.4738 -3.3504 80 200 120
4.0482 0.8277 -4.7579 80 200 120
5.0417 -4.4252 -4.6245 80 200 120
5.3946 0.5291 -3.4168 80 200 120
3.6225 -6.5394 -2.1244 80 200 120
3.2499 -6.1851 -3.0601 80 200 120
3.8017 -2.0329 -4.2911 80 200 120
4.3232 -8.4201 -1.7821 80 200 120
4.2086 1.4247 -3.8625 80 200 120
4.8110 0.7266 -4.5146 80 200 120
2.1017 2.9923 -4.7791 80 200 120
1.8547 -2.1207 -4.3926 80 200 120
5.3184 0.4901 -4.4479 80 200 120
5.8746 -3.6758 -3.9310 80 200 120
7.4621 -1.7104 -4.2292 80 200 120
6.8760 -4.1689 -4.6486 80 200 120
-3.5474 -0.2241 -5.5212 80 200 120
2.4374 -0.5887 -3.3632 80 200 120
8.1142 -1.9408 -4.0887 80 200 120
0.0610 -0.9214 -4.6339 80 200 120
5.5688 -1.7861 -4.2488 80 200 120
-2.4799 -0.2699 -5.8031 80 200 120
4.3796 -2.2822 -4.6231 80 200 120
5.1458 0.4850 -3.4986 80 200 120
9.9209 -0.6856 -1.4990 80 200 120
24.2394 -11.3268 -5.9030 80 200 120
7.5558 -0.9026 -1.8353 80 200 120
7.3792 -0.9189 -2.0668 80 200 120
3.0582 3.4295 -1.8879 80 200 120
1.2271 1.8283 -1.4503 80 200 120
-1.5218 -0.0889 -3.6520 80 200 120
-0.3495 -2.5378 -2.0428 80 200 120
-0.8900 -1.3631 -2.7794 80 200 120
-0.6559 -1.6637 -2.3359 80 200 120
-1.2791 -1.4147 -1.7672 80 200 120
-4.6482 -1.8756 -1.2955 80 200 120
-2.1039 -2.7047 -1.8883 80 200 120
2.3623 8.1196 -1.3827 80 200 120
3.7220 6.6156 -1.2874 80 200 120
-0.4297 -1.0675 -2.1234 80 200 120
-0.4776 0.8973 -2.9762 80 200 120
4.0557 3.5906 -2.5652 80 200 120
0.0701 -3.7111 -2.2865 80 200 120
12.0542 -6.9801 -1.3678 80 200 120
9.7840 -4.3767 -1.6898 80 200 120
12.4081 -9.9510 -1.4539 80 200 120
7.0105 -2.3351 -4.6575 80 200 120
7.4897 -3.1341 -4.6500 80 200 120
4.9936 0.5450 -3.3713 80 200 120
5.5279 -11.4138 -1.4897 80 200 120
7.1132 -0.9837 -3.7834 80 200 120
5.3997 -2.1059 -4.5849 80 200 120
1.0881 -2.0117 -4.7652 80 200 120
4.5026 1.6713 -3.3857 80 200 120
4.6008 1.4959 -3.4740 80 200 120
6.5471 0.2604 -4.5535 80 200 120
5.5617 -1.7085 -3.3276 80 200 120
7.8511 -2.5456 -5.1915 80 200 120
5.9281 -2.2065 -4.5879 80 200 120
5.1040 -1.9397 -3.9345 80 200 120
4.9678 0.9322 -3.3442 80 200 120
2.3041 -0.9133 -3.8169 80 200 120
4.6900 0.9894 -3.4217 80 200 120
5.1952 0.6796 -3.3080 80 200 120
5.9025 -1.6694 -4.7393 80 200 120
7.7407 -2.7249 -4.6451 80 200 120
16.1839 -3.1760 -1.7423 80 200 120
72.7182 -31.4698 -16.8397 80 200 120
6.8914 -0.0327 -1.8622 80 200 120
33.1857 -11.6819 -1.8694 80 200 120
22.9902 -9.2144 -3.8753 80 200 120
0.8449 6.1845 -1.0011 80 200 120
2.1911 2.8657 -3.4261 80 200 120
1.9981 2.9912 -2.9880 80 200 120
-9.1882 -3.7708 -1.4850 80 200 120
0.0525 -0.8717 -2.5640 80 200 120
-0.5254 0.2544 -3.6039 80 200 120
1.5639 2.3495 -3.4447 80 200 120
-0.5212 0.2794 -2.9094 80 200 120
2.7179 -4.7328 -1.1701 80 200 120
1.8060 -4.9679 -2.0964 80 200 120
8.6494 -8.4798 -1.5914 80 200 120
19.4908 -9.5941 -1.8606 80 200 120
5.3883 -5.0369 -3.0311 80 200 120
8.5063 -3.7291 -2.1961 80 200 120
1.6801 -4.1467 -1.3319 80 200 120
27.0865 -11.7879 -1.7511 80 200 120
6.9997 -7.0084 -4.0650 80 200 120
3.7628 -6.4798 -4.5869 80 200 120
4.5586 -5.1721 -3.9758 80 200 120
5.1050 -2.2867 -4.3947 80 200 120
5.7695 -1.1241 -4.6588 80 200 120
4.9851 1.9049 -3.3249 80 200 120
1.3835 -2.6438 -4.4640 80 200 120
1.3186 -2.8053 -4.0623 80 200 120
6.3092 -2.6003 -4.3382 80 200 120
1.2196 -2.3270 -4.3966 80 200 120
4.3155 1.4031 -3.4459 80 200 120
1.5662 -4.4964 -2.6406 80 200 120
3.5085 -1.0522 -4.6915 80 200 120
6.4665 -2.9987 -4.0866 80 200 120
6.5155 -3.3878 -4.0101 80 200 120
7.2541 -4.6311 -4.1672 80 200 120
6.0239 -3.9342 -3.6348 80 200 120
6.1657 -3.4715 -3.9389 80 200 120
6.7152 -4.4035 -4.1029 80 200 120
2.3678 -0.6004 -3.4336 80 200 120
-2.4476 -0.1129 -5.4372 80 200 120
-0.7756 -0.9664 -4.6951 80 200 120
2.0643 -0.2989 -3.5122 80 200 120
5.8054 0.9663 -4.4815 80 200 120
2.3114 -0.0668 -3.5181 80 200 120
5.9664 -2.0271 -3.6322 80 200 120
6.9915 -0.1434 -1.6267 80 200 120
9.9938 -1.2658 -1.7541 80 200 120
12.6064 -6.8286 -1.8435 80 200 120
14.2421 -5.8366 -2.4198 80 200 120
2.9619 2.3565 -1.4309 80 200 120
-5.2673 3.7381 -1.6844 80 200 120
0.2492 -3.0390 -1.8710 80 200 120
-0.7587 -2.3972 -1.4046 80 200 120
0.9232 1.9623 -3.0350 80 200 120
1.7889 -0.4496 -1.4050 80 200 120
0.7839 -0.3454 -2.2255 80 200 120
-0.2484 0.7101 -3.4012 80 200 120
4.3384 -8.9995 -1.9503 80 200 120
8.0105 -4.8010 -2.5008 80 200 120
1.6546 -4.3035 -2.7889 80 200 120
12.1455 -11.3468 -1.4421 80 200 120
3.9699 -7.7101 -4.3626 80 200 120
5.3641 -5.6149 -3.7657 80 200 120
4.6904 -7.1895 -2.7157 80 200 120
0.9289 -3.8620 -2.7141 80 200 120
5.5822 -3.9663 -2.7070 80 200 120
2.7703 0.0095 -4.5712 80 200 120
4.7697 1.0791 -3.1147 80 200 120
6.9888 -3.6560 -3.6105 80 200 120
6.5678 -3.2129 -4.1750 80 200 120
5.8387 -3.9001 -3.8027 80 200 120
1.5110 -0.7886 -3.8784 80 200 120
6.4155 -0.3416 -4.3407 80 200 120
6.2586 -0.5506 -4.5005 80 200 120
6.5173 -0.2918 -3.7862 80 200 120
5.3467 0.5120 -4.5653 80 200 120
7.2521 -1.6042 -4.0082 80 200 120
5.1202 0.4733 -3.4894 80 200 120
6.7006 -4.2665 -3.5692 80 200 120
6.8123 -1.1100 -3.7437 80 200 120
6.7406 -0.9071 -3.9473 80 200 120
4.9745 0.9176 -3.3632 80 200 120
4.6655 1.3466 -3.3605 80 200 120
7.1257 -1.6283 -4.3980 80 200 120
5.3767 0.5560 -3.4316 80 200 120
5.7732 0.8178 -4.1569 80 200 120
6.4599 -0.7726 -4.5922 80 200 120
6.0287 -2.7108 -4.1738 80 200 120
0.8892 -2.0076 -4.3173 80 200 120
2.7063 -0.8902 -4.2096 80 200 120
6.9798 -0.8055 -3.7153 80 200 120
6.1602 0.4230 -4.0555 80 200 120
7.3825 -1.6992 -5.1006 80 200 120
6.4194 -0.5894 -3.9539 80 200 120
7.0071 -0.9582 -3.5103 80 200 120
7.6842 -0.1516 -2.0060 80 200 120
10.3943 -0.0996 -1.6505 80 200 120
7.1921 -0.5026 -1.8574 80 200 120
11.8577 -1.0791 -1.3893 80 200 120
7.0039 -0.2128 -1.9738 80 200 120
7.5301 -0.8377 -2.1099 80 200 120
-0.1567 0.4456 -3.7813 80 200 120
1.6521 -0.5839 -2.6355 80 200 120
-6.8738 -3.1875 -1.4939 80 200 120
0.2923 -0.2950 -1.7782 80 200 120
-0.0801 -0.2201 -2.8429 80 200 120
-0.0915 1.4441 -3.9631 80 200 120
3.4732 7.0929 -1.4961 80 200 120
5.2742 -5.4180 -1.7476 80 200 120
3.3367 -5.7100 -4.2081 80 200 120
4.5254 -6.0921 -4.4753 80 200 120
4.5134 -6.5227 -3.2894 80 200 120
6.2343 -5.5056 -3.6506 80 200 120
78.9201 -36.4719 -2.7208 80 200 120
468.7657 -179.4019 -4.8763 80 200 120
3.6339 -6.5700 -2.1628 80 200 120
7.9182 -2.9516 -4.7732 80 200 120
6.3129 -3.5995 -3.6577 80 200 120
2.1460 -5.2694 -4.1989 80 200 120
4.5272 1.4871 -3.1372 80 200 120
4.8779 0.9872 -3.2615 80 200 120
6.3319 -2.6646 -4.2895 80 200 120
0.0349 -1.1636 -4.5197 80 200 120
7.3903 -1.6087 -4.0395 80 200 120
7.1764 -1.3473 -3.2815 80 200 120
2.6031 3.4618 -3.0990 80 200 120
1.4848 -3.7256 -1.9095 80 200 120
4.9628 -5.7359 -4.0468 80 200 120
7.7225 -5.4702 -3.5408 80 200 120
8.5730 -4.9496 -2.3179 80 200 120
4.9497 -5.5038 -4.4376 80 200 120
4.0867 -6.9048 -4.4464 80 200 120
0.1416 -3.5600 -2.3118 80 200 120
3.7987 -6.8757 -3.9429 80 200 120
0.4570 -3.3067 -1.7392 80 200 120
5.7796 0.9670 -4.2710 80 200 120
1.9017 -4.6131 -4.3986 80 200 120
4.0222 1.7425 -4.2537 80 200 120
3.0881 -1.3646 -4.7146 80 200 120
7.0395 -1.2425 -3.7959 80 200 120
4.0507 -4.3965 -4.7108 80 200 120
2.9974 -0.4242 -4.4578 80 200 120
5.9406 0.6784 -4.6333 80 200 120
4.8489 -5.3449 -1.5271 80 200 120
2.4310 -2.9925 -4.5190 80 200 120
3.9970 -7.1642 -4.1221 80 200 120
3.4095 -6.1357 -4.5409 80 200 120
0.8170 -0.0627 -2.6515 80 200 120
1.4420 -0.3522 -2.9446 80 200 120
-0.3722 0.0133 -1.7163 80 200 120
4.7139 0.9634 -3.4223 80 200 120
6.2107 -2.5507 -4.5604 80 200 120
5.1275 0.4811 -3.4830 80 200 120
2.2376 0.2275 -1.4794 80 200 120
5.2659 0.4940 -3.8720 80 200 120
5.3416 -1.7056 -4.5515 80 200 120
6.4067 -0.5750 -4.8976 80 200 120
6.3696 -0.5781 -3.8703 80 200 120
4.8559 0.6277 -4.6493 80 200 120
5.8527 0.9403 -4.4571 80 200 120
4.4923 1.0489 -4.6259 80 200 120
5.7676 -2.7263 -3.6197 80 200 120
7.2212 -1.2518 -3.5449 80 200 120
4.4591 -2.0880 -4.2655 80 200 120
4.2405 2.0203 -1.4600 80 200 120
6.7403 -0.9069 -3.9722 80 200 120
2.5984 0.1538 -4.1022 80 200 120
2.6652 0.4353 -4.4099 80 200 120
6.1545 0.8891 -4.6719 80 200 120
6.3282 0.5608 -4.5746 80 200 120
1.1921 2.1983 -2.8910 80 200 120
8.8839 -3.4842 -6.7080 80 200 120
4.2771 -1.9285 -4.5579 80 200 120
0.5506 -1.6719 -4.4706 80 200 120
7.8681 -2.3145 -4.6287 80 200 120
2.6752 2.1141 -1.5251 80 200 120
5.9588 -2.3166 -4.9097 80 200 120
5.6320 -1.9335 -4.5225 80 200 120
6.5697 -0.2914 -4.1929 80 200 120
5.4594 -2.2913 -4.8551 80 200 120
5.3265 -1.7190 -4.6242 80 200 120
7.2728 -0.2340 -2.4881 80 200 120
8.6008 -2.4093 -2.0511 80 200 120
8.0923 -1.3563 -1.8582 80 200 120
5.8883 0.8394 -1.4667 80 200 120
8.4936 -1.5143 -2.4047 80 200 120
7.6950 -0.8821 -1.6994 80 200 120
5.8941 1.1151 -1.6325 80 200 120
7.0595 -0.2185 -2.0346 80 200 120
7.5399 -0.6980 -2.1226 80 200 120
7.4628 -0.6396 -1.7191 80 200 120
7.0646 -0.1506 -1.6094 80 200 120
7.7193 -0.9593 -1.9975 80 200 120
7.4680 -0.5412 -2.5008 80 200 120
6.0346 0.4629 -1.4445 80 200 120
6.3330 0.7574 -1.8310 80 200 120
6.8867 0.0342 -1.6059 80 200 120
8.5765 -1.8794 -2.0861 80 200 120
6.9612 -0.0274 -1.9681 80 200 120
7.3715 -0.4719 -1.9741 80 200 120
6.7719 0.2052 -1.8640 80 200 120
7.0713 0.0232 -2.1589 80 200 120
7.3174 -0.4064 -2.1012 80 200 120
7.2756 -0.3295 -2.2140 80 200 120
6.8568 0.0733 -1.7204 80 200 120
8.0592 -1.5432 -1.7413 80 200 120
7.9288 -1.0586 -2.2789 80 200 120
6.6338 0.5459 -2.1261 80 200 120
6.5674 0.4357 -1.7257 80 200 120
6.7058 0.2257 -1.5714 80 200 120
6.1987 -0.3265 -1.4647 80 200 120
6.3061 -0.0637 -1.4578 80 200 120
8.8146 -2.2633 -1.7621 80 200 120
7.3156 -0.4217 -1.6308 80 200 120
6.7680 -0.6745 -1.4441 80 200 120
6.1785 0.9977 -1.8610 80 200 120
6.1070 0.2625 -1.4599 80 200 120
6.5786 0.2809 -1.8612 80 200 120
2.6068 3.4341 -2.0424 80 200 120
1.4371 2.0844 -3.6438 80 200 120
-1.5070 -1.1158 -3.0802 80 200 120
2.4049 0.7082 -1.4631 80 200 120
-0.4351 -2.1987 -1.8445 80 200 120
-0.9206 -1.7244 -2.3972 80 200 120
1.7107 2.6233 -2.4299 80 200 120
1.0248 2.3250 -2.9330 80 200 120
1.4622 2.3920 -3.4624 80 200 120
0.2297 1.3803 -3.4486 80 200 120
0.6498 -0.6147 -1.8880 80 200 120
0.8784 -2.8474 -1.4851 80 200 120
-1.0786 -1.5869 -2.9716 80 200 120
4.9059 1.4303 -1.4519 80 200 120
2.9089 3.8116 -2.9261 80 200 120
2.0780 0.5790 -1.4884 80 200 120
0.1769 1.4715 -2.6466 80 200 120
-0.4073 -2.0924 -2.6527 80 200 120
-0.6755 -1.3322 -1.5886 80 200 120
2.1252 3.1104 -3.4067 80 200 120
0.3475 -2.5527 -1.4238 80 200 120
0.0214 1.1158 -2.9563 80 200 120
1.9543 3.1090 -3.0255 80 200 120
1.4078 -3.1158 -1.4613 80 200 120
3.6717 2.0882 -1.4708 80 200 120
-0.2068 -2.5202 -2.7395 80 200 120
1.3732 2.5964 -2.9894 80 200 120
3.0153 3.9313 -2.2784 80 200 120
3.7691 3.0626 -2.4174 80 200 120
4.4184 2.9756 -1.8713 80 200 120
3.7178 3.2657 -2.0946 80 200 120
0.8197 1.9468 -3.1975 80 200 120
1.5330 2.8261 -3.5414 80 200 120
4.8433 2.2741 -1.6935 80 200 120
0.7939 1.8047 -2.7085 80 200 120
0.9266 1.3045 -3.7957 80 200 120
0.5296 1.6971 -3.5517 80 200 120
-1.4549 -1.2578 -2.5800 80 200 120
0.9221 1.8761 -3.6929 80 200 120
0.1319 -2.9294 -1.8237 80 200 120
1.8457 -0.4168 -2.7843 80 200 120
3.9935 3.7293 -2.6102 80 200 120
1.5456 -3.7518 -1.5293 80 200 120
0.4586 1.6422 -3.0557 80 200 120
0.6213 1.7170 -2.3084 80 200 120
6.3611 -6.5394 -2.7516 80 200 120
7.0419 -4.7114 -3.5293 80 200 120
3.9934 -6.6464 -2.2261 80 200 120
2.1598 -5.0457 -3.4387 80 200 120
4.9958 -4.5475 -1.4327 80 200 120
4.1133 -6.4663 -3.1530 80 200 120
4.2109 -8.3365 -2.2285 80 200 120
2.7503 -6.2160 -1.9684 80 200 120
2.8801 -5.2569 -3.2999 80 200 120
3.1696 -3.2084 -1.4349 80 200 120
2.0509 -5.1241 -2.7299 80 200 120
7.3243 -5.4781 -2.9700 80 200 120
5.4780 -4.6031 -2.9094 80 200 120
1.8572 -4.6723 -2.8989 80 200 120
3.1940 -6.2487 -1.8973 80 200 120
2.3238 -5.8898 -2.5070 80 200 120
4.4361 -7.5559 -3.7381 80 200 120
1.9921 -2.8396 -1.4392 80 200 120
1.1960 -4.5836 -1.9168 80 200 120
4.8092 -9.7104 -4.2821 80 200 120
3.2841 -5.7283 -3.3919 80 200 120
7.5900 -5.4901 -1.9489 80 200 120
4.1053 -7.3600 -2.7704 80 200 120
1.2588 -4.5152 -3.1579 80 200 120
0.7039 -3.5785 -2.5657 80 200 120
4.2652 -3.2109 -1.4400 80 200 120
2.2509 -4.8984 -1.6709 80 200 120
6.6020 -2.0104 -1.4647 80 200 120
8.6894 -4.4451 -1.9012 80 200 120
8.4089 -4.6474 -2.7524 80 200 120
4.1802 -2.0359 -3.7072 80 200 120
5.2154 -2.5055 -3.8905 80 200 120
6.3329 -0.4420 -4.1120 80 200 120
4.9968 0.9360 -3.3430 80 200 120
4.8666 0.7599 -3.4039 80 200 120
4.6928 0.9858 -3.4458 80 200 120
5.1501 1.3907 -3.3349 80 200 120
6.8424 -1.7457 -4.6840 80 200 120
7.7046 -5.3107 -3.5336 80 200 120
3.8974 1.6917 -4.5976 80 200 120
2.9761 -0.8872 -4.0240 80 200 120
4.9819 1.3512 -3.2725 80 200 120
5.1985 -2.0028 -4.6768 80 200 120
3.5281 -7.0146 -2.2454 80 200 120
7.3461 -2.1428 -4.7359 80 200 120
5.9348 -2.3721 -3.7553 80 200 120
4.7722 -1.4180 -4.6830 80 200 120
-1.0608 -1.2181 -4.5016 80 200 120
6.5848 -3.9306 -3.4135 80 200 120
3.3980 -7.2498 -1.9600 80 200 120
7.4887 -1.8215 -4.8606 80 200 120
4.4511 -4.2147 -4.6950 80 200 120
7.1507 -2.0714 -4.1755 80 200 120
4.3381 1.3619 -3.4304 80 200 120
4.6061 1.5037 -3.2321 80 200 120
3.0551 2.7949 -3.3829 80 200 120
4.2500 1.9026 -2.8926 80 200 120
4.7419 1.2062 -3.2682 80 200 120
3.8235 1.9381 -3.3507 80 200 120
2.3284 -0.9310 -3.7568 80 200 120
5.7520 -1.4972 -3.1611 80 200 120
5.9033 -1.6568 -4.6788 80 200 120
4.7717 1.2051 -3.3657 80 200 120
-0.5585 -1.8965 -4.5907 80 200 120
7.9949 -1.7474 -4.0185 80 200 120
5.6721 1.1762 -1.4471 80 200 120
7.0872 -0.1151 -2.1813 80 200 120
7.8693 -1.0951 -1.6835 80 200 120
6.6179 0.2522 -1.6741 80 200 120
6.9321 -0.0678 -1.6549 80 200 120
6.7331 -0.4299 -1.4343 80 200 120
7.5902 -1.4868 -1.4514 80 200 120
7.1591 -0.9592 -1.4213 80 200 120
6.6671 -0.1706 -1.4485 80 200 120
7.1306 -0.3485 -2.3210 80 200 120
8.2223 -1.7958 -2.2716 80 200 120
8.2176 -2.2691 -1.4414 80 200 120
8.3209 -1.5451 -2.1392 80 200 120
6.9285 -0.5926 -1.4674 80 200 120
7.1823 0.4680 -2.5411 80 200 120
1.7866 2.5401 -1.5843 80 200 120
3.6477 3.4170 -1.5979 80 200 120
-0.1420 -2.4783 -3.1489 80 200 120
-0.7146 0.7922 -3.5663 80 200 120
1.0139 -3.7953 -1.7859 80 200 120
0.2323 -2.9357 -2.4172 80 200 120
-0.5094 -1.8949 -3.2555 80 200 120
0.5685 -3.3734 -2.1951 80 200 120
-1.1306 -1.3442 -3.5506 80 200 120
1.5177 -0.2790 -2.5317 80 200 120
3.3960 -2.2220 -1.4127 80 200 120
2.9035 -4.8731 -1.5126 80 200 120
1.5404 -4.8224 -2.4991 80 200 120
3.6754 -6.5018 -3.0080 80 200 120
3.1154 -7.2564 -4.3268 80 200 120
5.9154 -5.3129 -2.7945 80 200 120
4.4035 -5.5914 -4.3629 80 200 120
5.8011 -4.2207 -2.7831 80 200 120
4.0798 -4.8205 -1.4475 80 200 120
5.5782 -4.2235 -1.9699 80 200 120
6.1178 -2.2389 -1.4627 80 200 120
6.5800 -4.0991 -3.5193 80 200 120
2.9176 -5.4440 -3.9301 80 200 120
2.9001 -6.9884 -4.8300 80 200 120
2.1430 -3.6139 -1.4883 80 200 120
5.1258 -1.4447 -4.6699 80 200 120
6.4465 -0.5998 -3.9292 80 200 120
2.6460 0.1449 -4.8051 80 200 120
5.2942 1.5095 -3.3037 80 200 120
4.1831 -2.3948 -3.6873 80 200 120
8.1480 -2.2179 -1.5238 80 200 120
7.5010 -1.6255 -1.4924 80 200 120
6.5257 -3.0640 -4.3629 80 200 120
2.0252 -0.1985 -3.5401 80 200 120
7.1734 -4.5257 -4.0811 80 200 120
5.3179 0.5718 -3.4157 80 200 120
5.1165 0.4574 -3.4389 80 200 120
5.8463 0.9298 -4.4254 80 200 120
3.4341 2.4159 -3.4187 80 200 120
6.3500 -2.7374 -4.4948 80 200 120
5.3461 0.5760 -3.4466 80 200 120
7.5856 -0.9872 -4.3946 80 200 120
4.7546 0.7432 -4.6384 80 200 120
0.2301 -0.7849 -4.0524 80 200 120
2.5009 -0.9421 -3.9914 80 200 120
2.8735 -0.2580 -3.5700 80 200 120
2.1498 -0.6425 -3.6287 80 200 120
1.8283 -1.9970 -4.8370 80 200 120
7.6051 -2.3803 -4.8481 80 200 120
6.8395 -0.2732 -1.4476 80 200 120
7.7760 -2.2343 -1.4607 80 200 120
7.7874 -0.8916 -2.3755 80 200 120
6.4423 0.5989 -2.1372 80 200 120
8.8547 -2.2777 -1.7169 80 200 120
7.6371 -1.3321 -1.4503 80 200 120
5.8898 0.9284 -1.4486 80 200 120
5.9984 0.7073 -1.4441 80 200 120
7.5065 -0.6392 -1.6819 80 200 120
9.3922 -2.8971 -1.9366 80 200 120
7.0813 0.0856 -2.3261 80 200 120
6.2815 0.2742 -1.4702 80 200 120
6.2733 0.4061 -1.4669 80 200 120
7.3223 -0.4259 -2.3225 80 200 120
7.1605 -0.2410 -1.5772 80 200 120
2.3238 3.2668 -2.1281 80 200 120
-0.8351 -1.6058 -3.9624 80 200 120
0.1100 -3.1124 -3.0901 80 200 120
1.1860 2.2655 -3.7922 80 200 120
-0.3037 0.4229 -3.8507 80 200 120
2.1001 -0.4256 -1.9596 80 200 120
-0.5300 -0.2078 -4.0090 80 200 120
1.6719 -0.2768 -1.7299 80 200 120
0.4867 0.1778 -2.7567 80 200 120
4.2254 2.9972 -2.4203 80 200 120
1.8952 -0.7035 -1.4560 80 200 120
4.5238 2.0909 -1.4740 80 200 120
2.1856 -1.1766 -1.4844 80 200 120
2.6345 -0.4763 -1.4221 80 200 120
1.7768 -0.6880 -2.6342 80 200 120
3.2113 -6.1955 -2.7141 80 200 120
8.4986 -3.7292 -3.5215 80 200 120
3.5200 -6.7936 -1.9403 80 200 120
2.7870 -4.9136 -3.8065 80 200 120
9.4850 -3.5461 -2.7229 80 200 120
8.2777 -4.9148 -3.0154 80 200 120
9.4489 -4.1252 -2.0131 80 200 120
8.3400 -4.3551 -3.7329 80 200 120
8.2948 -4.6728 -3.4445 80 200 120
8.2086 -2.2977 -1.5149 80 200 120
7.5337 -1.4734 -1.5335 80 200 120
6.7473 -2.1805 -1.4725 80 200 120
8.8368 -4.2316 -2.7114 80 200 120
7.8370 -1.8307 -1.4914 80 200 120
6.6163 -4.5803 -1.4915 80 200 120
5.1785 -6.2880 -2.2314 80 200 120
4.5075 -4.9419 -4.4540 80 200 120
5.5194 -2.6160 -3.6862 80 200 120
5.7464 -4.0406 -3.3080 80 200 120
5.0873 -5.4550 -3.9304 80 200 120
6.9583 -4.3095 -4.0368 80 200 120
4.5863 -2.3875 -4.2204 80 200 120
7.6338 -1.5939 -4.0981 80 200 120
5.0196 0.5625 -4.7206 80 200 120
6.6062 -0.3720 -3.8129 80 200 120
3.9141 -2.2719 -3.6349 80 200 120
5.5866 0.6770 -4.6807 80 200 120
7.0304 -1.5009 -4.6544 80 200 120
3.2696 -4.0905 -4.6477 80 200 120
4.1888 -2.7347 -3.8302 80 200 120
3.5625 -2.5802 -3.8390 80 200 120
6.8110 -3.3965 -4.1725 80 200 120
4.2619 0.9660 -4.6207 80 200 120
3.8658 -0.2228 -4.7601 80 200 120
5.0366 -6.2653 -3.9595 80 200 120
7.9464 -1.1478 -3.3138 80 200 120
4.3577 -2.4428 -3.8599 80 200 120
6.6716 -1.0174 -4.6194 80 200 120
3.8582 1.7723 -4.6933 80 200 120
3.1915 -0.4763 -4.7645 80 200 120
5.6727 0.9507 -3.2517 80 200 120
5.7895 0.8098 -4.5317 80 200 120
6.1059 -3.2116 -3.7092 80 200 120
6.0417 -2.0757 -4.0012 80 200 120
6.6987 -0.8860 -3.8066 80 200 120
6.9105 -0.8431 -3.7813 80 200 120
2.7442 -5.3083 -4.5547 80 200 120
2.2333 -3.2344 -4.5391 80 200 120
1.3621 -0.2766 -2.7659 80 200 120
2.3234 3.2141 -4.8083 80 200 120
5.6078 -1.9826 -4.5083 80 200 120
4.2843 -5.2971 -4.5828 80 200 120
5.2094 0.7301 -3.3424 80 200 120
6.3508 -0.5779 -3.8061 80 200 120
7.6550 -1.8015 -4.4590 80 200 120
6.0111 -2.1453 -4.1109 80 200 120
6.3735 -0.6982 -3.6254 80 200 120
6.8950 -0.9557 -4.2164 80 200 120
7.0435 -1.2294 -4.0368 80 200 120
7.2199 -1.6780 -4.4469 80 200 120
4.2497 -2.5705 -4.5244 80 200 120
4.4116 1.7017 -3.1624 80 200 120
6.8410 -1.7326 -4.7079 80 200 120
2.1693 -0.9150 -3.9167 80 200 120
6.1235 -2.4530 -4.5882 80 200 120
3.7266 2.9967 -1.5004 80 200 120
1.9177 2.8032 -1.5477 80 200 120
5.5751 0.9364 -3.2786 80 200 120
2.1400 1.5000 -1.4824 80 200 120
4.7118 1.8854 -1.4865 80 200 120
7.1523 -0.2432 -1.9209 80 200 120
7.5652 -0.7971 -1.4982 80 200 120
5.3692 0.9505 -1.4910 80 200 120
5.4906 1.3944 -1.4753 80 200 120
5.7968 1.1520 -1.4897 80 200 120
8.7683 -2.0135 -1.8486 80 200 120
7.8215 -0.8810 -2.1852 80 200 120
7.1013 -0.1627 -2.0014 80 200 120
5.2249 1.1106 -1.5228 80 200 120
9.1396 -2.4501 -2.1526 80 200 120
8.0673 -1.9458 -1.4852 80 200 120
6.5821 0.4134 -1.7528 80 200 120
5.9981 1.1638 -1.7241 80 200 120
1.1182 2.5442 -1.8744 80 200 120
1.0767 1.8768 -4.1810 80 200 120
1.2747 0.3973 -3.7475 80 200 120
-0.5258 -1.9995 -3.9397 80 200 120
0.0591 -2.7499 -3.3652 80 200 120
0.8880 -3.8285 -2.5961 80 200 120
2.2418 0.3351 -1.4192 80 200 120
0.8527 -2.3073 -1.3594 80 200 120
-0.4102 -0.6813 -2.4004 80 200 120
-1.4448 -1.2083 -4.1434 80 200 120
2.6999 -3.8370 -1.4643 80 200 120
4.9872 1.9636 -1.4795 80 200 120
1.2384 -4.0498 -1.5669 80 200 120
3.7398 -6.5218 -4.5531 80 200 120
4.4994 -6.1963 -4.5004 80 200 120
7.8849 -2.7057 -1.5518 80 200 120
6.6054 -2.9196 -1.5113 80 200 120
7.4465 -3.5098 -1.5286 80 200 120
7.0844 -4.6905 -1.4141 80 200 120
8.7427 -3.8924 -3.2696 80 200 120
5.4646 -4.8572 -3.5481 80 200 120
2.7566 -7.3163 -5.0307 80 200 120
2.9114 -10.4262 -5.3403 80 200 120
5.8085 -4.6974 -2.2655 80 200 120
7.6778 -2.8554 -1.5341 80 200 120
9.0935 -4.3769 -2.2628 80 200 120
2.2198 -5.4953 -3.7615 80 200 120
7.5478 -0.8794 -3.9640 80 200 120
3.5778 0.2449 -4.7530 80 200 120
9.8431 -3.5957 -3.3803 80 200 120
3.9864 -3.0647 -4.0530 80 200 120
8.7614 -5.1519 -3.4956 80 200 120
5.4921 -3.4305 -4.1458 80 200 120
5.3738 -4.8543 -3.9976 80 200 120
4.1856 -5.6868 -4.2294 80 200 120
7.8531 -2.4068 -4.7014 80 200 120
4.7376 -0.0163 -4.7464 80 200 120
3.8612 -2.0566 -3.7256 80 200 120
4.1694 -0.9197 -4.6988 80 200 120
4.1652 -2.0196 -4.6734 80 200 120
9.2311 -4.1869 -4.6110 80 200 120
3.8352 -1.9496 -4.6395 80 200 120
3.9471 -5.1397 -4.4875 80 200 120
5.9494 -2.1123 -4.6855 80 200 120
2.9801 -0.9161 -4.6876 80 200 120
4.3383 1.2778 -4.4906 80 200 120
9.5601 -3.7136 -4.6649 80 200 120
4.0836 -1.2404 -4.6855 80 200 120
3.9581 -7.3630 -4.2160 80 200 120
4.1856 0.1152 -4.6960 80 200 120
2.6238 -4.9592 -4.7756 80 200 120
5.4556 -4.7115 -3.0040 80 200 120
4.3374 -2.9950 -4.5861 80 200 120
8.6603 -2.0942 -4.6712 80 200 120
2.5040 0.6045 -4.5756 80 200 120
0.0737 -1.9794 -4.6782 80 200 120
2.0779 0.0759 -3.5455 80 200 120
3.9455 1.7157 -4.6031 80 200 120
1.9770 -3.8887 -4.3412 80 200 120
2.1373 -0.2253 -3.5512 80 200 120
0.4634 -2.5498 -4.4566 80 200 120
1.0687 -3.5288 -3.9915 80 200 120
1.0271 -2.6585 -4.5267 80 200 120
1.1979 -2.8987 -4.0524 80 200 120
1.5125 -2.9737 -4.3376 80 200 120
2.4085 0.3480 -3.5594 80 200 120
2.0416 0.0879 -3.5277 80 200 120
0.7058 -2.8954 -3.9771 80 200 120
1.7044 -3.9842 -4.0702 80 200 120
2.0047 0.7442 -4.4307 80 200 120
2.3229 0.2444 -3.5171 80 200 120
2.2132 0.5434 -3.8368 80 200 120
1.3655 -3.4103 -4.0424 80 200 120
1.2207 1.7109 -4.4333 80 200 120
3.6101 -2.4830 -3.7608 80 200 120
1.6291 2.3200 -4.5574 80 200 120
1.9758 -0.0846 -3.5739 80 200 120
-1.1854 -1.6564 -3.0408 80 200 120
2.8650 1.4157 -4.7483 80 200 120
1.8661 -0.2154 -3.5517 80 200 120
1.4186 -0.2140 -3.5389 80 200 120
0.0611 -2.7954 -3.8256 80 200 120
1.9214 -0.1980 -3.5579 80 200 120
1.4275 -0.0260 -3.5746 80 200 120
1.3965 0.2655 -3.5693 80 200 120
1.9018 -4.6038 -4.5827 80 200 120
2.0350 -0.1159 -3.5717 80 200 120
1.6879 2.0774 -4.8644 80 200 120
1.8817 -0.0787 -3.5654 80 200 120
1.3020 2.0488 -4.8496 80 200 120
1.9013 -0.1737 -3.5578 80 200 120
1.7444 0.9423 -3.8176 80 200 120
2.3155 0.3826 -3.5300 80 200 120
2.3048 0.2764 -3.4952 80 200 120
1.8029 1.0316 -4.5245 80 200 120
1.6326 1.5728 -4.8363 80 200 120
1.8611 0.2975 -3.5213 80 200 120
0.1182 0.2924 -2.0761 80 200 120
1.3621 2.4678 -3.6959 80 200 120
-1.3955 -1.0564 -2.9187 80 200 120
-1.2685 -1.6986 -2.2452 80 200 120
2.1271 1.7544 -4.8564 80 200 120
1.3979 1.3741 -4.4966 80 200 120
2.1920 -0.1167 -3.5657 80 200 120
2.1119 0.6066 -3.7225 80 200 120
0.2229 0.2878 -2.7385 80 200 120
2.0297 -0.1475 -3.5615 80 200 120
1.6540 -0.2680 -3.5319 80 200 120
2.6212 2.2648 -4.8471 80 200 120
1.7640 -0.0400 -3.5651 80 200 120
3.6128 1.5444 -4.7818 80 200 120
1.9486 0.1759 -3.5162 80 200 120
-1.2096 -2.0466 -2.7572 80 200 120
-0.1225 1.2980 -3.2661 80 200 120
0.4682 -3.1101 -3.7672 80 200 120
1.9479 0.0519 -3.5863 80 200 120
0.6687 0.0523 -2.9826 80 200 120
2.0921 1.3748 -4.8484 80 200 120
2.2373 1.0110 -4.7227 80 200 120
1.8282 0.1096 -3.5845 80 200 120
-0.0657 0.9566 -2.7323 80 200 120
0.1708 -2.5329 -4.1092 80 200 120
3.0960 1.8348 -4.7551 80 200 120
1.9697 -0.1684 -3.5564 80 200 120
3.6638 0.8930 -4.6867 80 200 120
2.8618 2.7659 -4.6987 80 200 120
1.4503 -0.3486 -2.4102 80 200 120
2.0775 -0.6165 -3.7053 80 200 120
2.9672 0.1395 -4.8117 80 200 120
2.0300 -0.3891 -3.5480 80 200 120
2.3614 0.0010 -3.5484 80 200 120
1.9105 -0.4724 -3.6158 80 200 120
3.0619 -0.9350 -4.7318 80 200 120
3.8612 0.0476 -4.7547 80 200 120
3.8122 -2.3744 -3.6596 80 200 120
3.9586 -1.6512 -4.7019 80 200 120
4.3233 -0.6744 -4.7478 80 200 120
5.3920 0.5297 -4.6602 80 200 120
6.5433 -0.3422 -4.4568 80 200 120
5.9183 -4.2963 -3.4816 80 200 120
6.7552 -4.3323 -3.6366 80 200 120
7.1068 -4.5786 -4.5164 80 200 120
1.6373 -4.5369 -2.7239 80 200 120
1.8938 -0.3226 -1.5181 80 200 120
1.4353 -0.7285 -1.5495 80 200 120
6.7764 -3.0245 -3.2561 80 200 120
6.5954 -3.2834 -4.2594 80 200 120
5.7633 -2.0362 -3.5902 80 200 120
6.4106 -0.5660 -4.8281 80 200 120
4.6349 1.4564 -3.2196 80 200 120
4.5100 1.7230 -3.1348 80 200 120
4.2386 1.9746 -3.0590 80 200 120
3.6043 -6.7194 -1.9219 80 200 120
4.7321 1.3182 -3.3805 80 200 120
4.8012 -6.3819 -1.5482 80 200 120
3.1025 -6.4913 -2.4102 80 200 120
1.5796 -2.5060 -4.3337 80 200 120
0.1431 -0.1450 -4.0446 80 200 120
8.2729 -1.9199 -4.2509 80 200 120
7.0559 -0.8592 -3.7813 80 200 120
7.4501 -1.2777 -3.8543 80 200 120
7.5491 -1.7289 -4.2360 80 200 120
-0.9854 -1.3755 -3.9979 80 200 120
5.1416 -2.0830 -4.8263 80 200 120
0.3759 -2.2883 -4.4117 80 200 120
-0.0749 -1.2063 -4.5911 80 200 120
5.3103 0.4695 -3.8262 80 200 120
3.0939 -1.3812 -4.6148 80 200 120
4.5256 2.6602 -1.5768 80 200 120
4.6346 1.6833 -1.4882 80 200 120
4.8309 1.3227 -1.5372 80 200 120
4.7287 1.7279 -1.5409 80 200 120
4.9924 2.6172 -1.9676 80 200 120
4.8194 2.1625 -1.7021 80 200 120
7.0878 -0.3658 -1.4550 80 200 120
7.3571 -0.5376 -1.5211 80 200 120
6.5884 0.1185 -1.4949 80 200 120
6.5588 -0.0783 -1.4462 80 200 120
5.4831 1.9186 -1.5063 80 200 120
7.2701 -0.4259 -2.0855 80 200 120
8.0661 -1.2008 -1.9491 80 200 120
5.3747 1.6218 -1.7613 80 200 120
7.0023 0.0531 -2.1155 80 200 120
7.0532 -0.1717 -2.1239 80 200 120
6.9573 0.0692 -2.2615 80 200 120
6.6877 0.4419 -1.8877 80 200 120
7.1268 -0.2487 -2.2923 80 200 120
6.9878 -0.0744 -2.1760 80 200 120
6.5157 0.4742 -1.9005 80 200 120
7.2151 -0.3693 -2.1923 80 200 120
6.8959 0.0409 -1.5852 80 200 120
-0.8132 -1.3373 -4.4870 80 200 120
2.0640 -4.9974 -1.7128 80 200 120
0.4916 -3.3902 -3.0283 80 200 120
0.3016 -1.6215 -1.3714 80 200 120
3.6094 3.6213 -2.9104 80 200 120
3.3892 -6.7791 -2.4378 80 200 120
2.8440 -5.3136 -3.3335 80 200 120
8.5296 -4.3498 -2.9390 80 200 120
5.7729 -3.6100 -1.4539 80 200 120
5.4052 -5.1412 -3.1847 80 200 120
9.5713 -7.5676 -5.8666 80 200 120
9.8066 -3.1965 -1.9000 80 200 120
8.4443 -4.7857 -1.8387 80 200 120
8.7619 -4.5316 -1.9290 80 200 120
7.1278 -4.7787 -3.6266 80 200 120
7.8330 -5.2343 -2.3669 80 200 120
8.2266 -2.6164 -1.5090 80 200 120
8.9156 -2.7852 -2.6864 80 200 120
7.5401 -3.0656 -1.5311 80 200 120
5.2450 0.5748 -3.2922 80 200 120
6.3118 -4.6085 -3.8164 80 200 120
7.2828 -1.5997 -4.1556 80 200 120
4.5320 -8.5095 -2.6046 80 200 120
6.6385 -4.4171 -3.6477 80 200 120
3.2277 -0.1473 -4.6794 80 200 120
4.0424 -1.2163 -4.6646 80 200 120
2.8219 -2.7153 -4.0544 80 200 120
3.1759 2.5130 -3.2649 80 200 120
2.3746 0.6373 -4.3616 80 200 120
2.9118 2.6044 -4.5662 80 200 120
3.4287 2.5161 -2.8743 80 200 120
4.5815 1.2437 -3.3546 80 200 120
1.8544 0.1390 -3.5319 80 200 120
4.0217 1.6814 -4.4053 80 200 120
4.9378 1.6166 -3.1361 80 200 120
4.1424 2.1160 -2.8936 80 200 120
3.7774 2.0256 -3.2534 80 200 120
2.0096 2.5862 -4.4717 80 200 120
1.5274 2.1906 -4.4988 80 200 120
4.1719 1.1984 -4.6578 80 200 120
4.3602 0.1252 -4.6638 80 200 120
2.8885 1.4796 -4.6953 80 200 120
1.7239 1.1566 -4.0640 80 200 120
1.6599 2.0562 -4.7919 80 200 120
3.8999 2.4843 -2.8078 80 200 120
2.4556 2.8519 -4.3669 80 200 120
1.6993 1.6080 -4.2661 80 200 120
2.6899 2.7107 -4.1567 80 200 120
3.6803 0.9171 -4.6234 80 200 120
4.6006 1.6651 -2.8799 80 200 120
4.0979 -0.5916 -4.6382 80 200 120
2.6357 2.5726 -4.7758 80 200 120
1.8764 -0.0538 -3.5168 80 200 120
1.7383 0.1132 -3.5266 80 200 120
2.1273 0.4352 -3.5042 80 200 120
1.8043 1.0997 -4.3607 80 200 120
3.8959 2.4210 -2.9239 80 200 120
5.3609 1.2627 -3.1674 80 200 120
3.8661 1.7043 -3.4468 80 200 120
1.8976 0.2991 -3.3754 80 200 120
4.3107 2.7814 -2.5155 80 200 120
1.7761 -0.0088 -3.5110 80 200 120
3.2703 0.1140 -4.7225 80 200 120
4.9980 -0.2758 -4.6751 80 200 120
2.1047 1.7304 -4.7916 80 200 120
3.7407 3.2268 -2.6456 80 200 120
1.8979 0.1838 -3.5352 80 200 120
4.7838 0.7297 -3.6052 80 200 120
3.4821 1.3998 -4.6687 80 200 120
3.6257 2.2381 -3.1253 80 200 120
5.8286 -1.2030 -4.6624 80 200 120
4.2055 1.4435 -3.5879 80 200 120
2.7779 3.1549 -2.8298 80 200 120
1.9480 0.2014 -3.4905 80 200 120
1.8943 1.4282 -4.5459 80 200 120
2.4008 1.0757 -4.6256 80 200 120
4.5267 1.4129 -3.1992 80 200 120
6.3909 -2.0257 -4.8258 80 200 120
4.5192 1.7557 -2.8619 80 200 120
1.9883 0.2285 -3.5492 80 200 120
3.2572 -0.3524 -4.4774 80 200 120
1.5586 0.1594 -3.4984 80 200 120
2.3383 2.7458 -4.6477 80 200 120
6.5396 -0.1937 -3.9583 80 200 120
3.3871 2.1967 -4.6011 80 200 120
1.9835 1.3696 -4.6085 80 200 120
2.9731 1.9133 -4.7438 80 200 120
2.6618 -0.2778 -3.4624 80 200 120
4.0750 0.8395 -4.7302 80 200 120
2.8955 0.0485 -4.5236 80 200 120
6.6334 -0.8691 -3.7830 80 200 120
6.4308 -0.3953 -3.9235 80 200 120
0.3289 -1.7310 -3.7012 80 200 120
6.6281 -0.3747 -3.7950 80 200 120
2.6279 3.6202 -2.4131 80 200 120
5.7952 1.2034 -1.4918 80 200 120
7.6519 -0.8393 -1.8366 80 200 120
7.6850 -1.0380 -1.4428 80 200 120
6.5783 0.4035 -1.5971 80 200 120
8.3462 -1.7755 -1.5990 80 200 120
4.3947 2.4458 -1.4855 80 200 120
1.0615 1.0955 -1.5106 80 200 120
6.2441 -2.7212 -3.0066 80 200 120
3.9349 -4.2052 -1.3705 80 200 120
4.9929 -5.4575 -3.8686 80 200 120
4.6763 -5.1295 -3.9409 80 200 120
4.3012 -7.6023 -4.2994 80 200 120
2.4437 -5.5295 -4.1331 80 200 120
3.9566 -6.3883 -3.7276 80 200 120
4.4390 -7.3130 -3.2403 80 200 120
2.0804 -5.6218 -3.9248 80 200 120
5.0791 -6.2657 -3.1381 80 200 120
5.1037 -4.5552 -3.8782 80 200 120
2.7860 -5.7401 -4.0476 80 200 120
3.3831 -5.8274 -3.2778 80 200 120
3.4147 -6.3052 -3.8922 80 200 120
8.9766 -2.9977 -3.0189 80 200 120
6.7661 -6.3181 -3.7138 80 200 120
1.5080 -4.5740 -2.7221 80 200 120
3.4783 -5.4806 -4.1278 80 200 120
2.0089 -4.0985 -1.5207 80 200 120
0.9675 -3.8723 -1.6545 80 200 120
8.4523 -3.6793 -3.5189 80 200 120
1.4715 -3.9896 -1.4073 80 200 120
6.3783 -0.5973 -4.7709 80 200 120
8.4404 -2.3179 -1.5647 80 200 120
5.1522 -2.3196 -4.0179 80 200 120
3.2828 0.0674 -4.7657 80 200 120
3.9508 -2.0099 -3.6475 80 200 120
7.3091 -1.2671 -3.7801 80 200 120
3.0775 -1.4004 -4.6081 80 200 120
4.1055 -2.6947 -4.1605 80 200 120
5.5274 -2.0876 -3.5984 80 200 120
3.0003 2.8352 -3.3614 80 200 120
5.3508 0.5648 -4.7264 80 200 120
5.2651 0.5890 -3.3764 80 200 120
5.8569 0.9607 -4.4802 80 200 120
8.1406 -1.5905 -4.4373 80 200 120
6.6145 -0.8868 -3.7768 80 200 120
7.6597 -3.2235 -3.6396 80 200 120
6.2669 0.5709 -4.5390 80 200 120
4.9851 0.9217 -3.3969 80 200 120
6.8719 -1.1557 -3.8251 80 200 120
4.7156 1.8741 -3.3435 80 200 120
2.7242 0.0490 -3.5715 80 200 120
5.2845 0.4983 -3.5444 80 200 120
3.5828 -6.6959 -1.9468 80 200 120
4.8420 -5.9773 -1.5733 80 200 120
-0.1117 -1.4310 -4.6483 80 200 120
6.9453 -0.8414 -3.8295 80 200 120
6.5426 -0.6260 -4.0880 80 200 120
2.0791 0.6545 -4.0678 80 200 120
3.2814 -1.3758 -4.4925 80 200 120
4.3042 -1.9374 -4.5182 80 200 120
5.1414 1.2859 -3.2643 80 200 120
5.7990 0.7888 -4.7626 80 200 120
7.3439 -1.6315 -4.0508 80 200 120
3.6531 3.3634 -1.4953 80 200 120
7.6095 -1.8962 -5.1336 80 200 120
6.8817 -0.9913 -3.7890 80 200 120
7.1333 -0.9970 -3.8095 80 200 120
4.4126 2.4369 -1.5170 80 200 120
1.5783 -2.5146 -4.4535 80 200 120
8.1763 -1.4393 -2.3391 80 200 120
10.0535 -3.4239 -1.8710 80 200 120
6.1683 0.6364 -1.5353 80 200 120
7.6584 -0.8506 -2.3322 80 200 120
8.1721 -1.5098 -2.1869 80 200 120
8.5077 -2.8371 -1.4551 80 200 120
8.2386 -1.5485 -1.6469 80 200 120
6.3250 0.4344 -1.5426 80 200 120
7.8615 -1.0277 -2.2401 80 200 120
8.1429 -1.6383 -2.0053 80 200 120
4.8218 2.5720 -1.4078 80 200 120
7.7318 -0.9232 -2.0168 80 200 120
7.4953 -0.6593 -1.8054 80 200 120
5.0877 2.1352 -1.8765 80 200 120
6.1810 0.8574 -1.9885 80 200 120
5.3802 1.7187 -1.8301 80 200 120
6.6542 -0.0536 -1.5039 80 200 120
7.3280 -0.4434 -2.3865 80 200 120
5.5718 1.6205 -1.7396 80 200 120
-0.4410 -1.8374 -4.3991 80 200 120
1.4752 -0.6243 -2.7517 80 200 120
2.1600 -4.7066 -1.4688 80 200 120
1.9899 -3.0558 -1.4325 80 200 120
1.7610 -4.8726 -2.1036 80 200 120
5.4494 -5.0134 -2.5538 80 200 120
5.5408 -3.8815 -1.5573 80 200 120
7.2943 -4.4384 -1.3963 80 200 120
6.1135 -5.2523 -1.5012 80 200 120
5.4082 -4.3270 -3.5568 80 200 120
6.2580 -3.9159 -3.4572 80 200 120
8.5009 -3.6336 -1.4108 80 200 120
5.6368 -3.9824 -2.9761 80 200 120
8.7200 -3.8802 -3.2635 80 200 120
2.9330 -1.8865 -4.6502 80 200 120
5.2805 1.5554 -3.3110 80 200 120
4.9850 0.9649 -3.3772 80 200 120
6.7516 -0.5222 -3.7217 80 200 120
5.9791 -2.5475 -3.6765 80 200 120
3.4202 2.2278 -4.5068 80 200 120
4.4243 1.8661 -3.2067 80 200 120
6.8102 -0.6598 -3.7390 80 200 120
3.8120 0.0025 -4.7160 80 200 120
5.2709 0.5090 -4.5387 80 200 120
2.5104 0.1294 -3.6437 80 200 120
2.0031 -1.3071 -4.5877 80 200 120
2.9909 -1.5075 -4.4127 80 200 120
4.3833 -2.2691 -4.5615 80 200 120
3.2071 0.9305 -4.6404 80 200 120
4.6710 2.5894 -1.9696 80 200 120
9.0936 -2.8337 -1.4972 80 200 120
8.7748 -2.3812 -1.4029 80 200 120
5.4822 1.6198 -1.9871 80 200 120
6.8630 -0.1454 -1.4933 80 200 120
9.4042 -2.9704 -2.1644 80 200 120
5.9607 1.1013 -1.7014 80 200 120
2.4007 3.0313 -3.3895 80 200 120
1.8677 -4.2095 -1.5199 80 200 120
1.6939 -4.7242 -2.4943 80 200 120
2.8358 -5.2506 -1.5867 80 200 120
3.1643 2.5206 -2.8922 80 200 120
-0.3079 -0.6839 -3.8710 80 200 120
1.1381 1.4845 -4.2460 80 200 120
0.0670 -2.4919 -3.8757 80 200 120
6.2250 -5.2252 -3.9422 80 200 120
4.2255 -7.9056 -4.4136 80 200 120
2.7194 -4.0137 -1.4715 80 200 120
9.0333 -4.2679 -3.8567 80 200 120
5.7110 -4.6796 -1.6651 80 200 120
2.9421 -6.1639 -2.3558 80 200 120
3.8399 -7.3345 -4.1767 80 200 120
3.5227 -5.1820 -1.4945 80 200 120
8.2949 -4.3283 -3.7053 80 200 120
6.8937 -3.9273 -3.6937 80 200 120
4.8863 -6.1004 -4.1611 80 200 120
8.3005 -6.2024 -5.3270 80 200 120
2.7349 -5.5146 -3.4174 80 200 120
2.2336 -4.9222 -2.6372 80 200 120
9.3411 -4.0394 -1.9380 80 200 120
9.6453 -3.7085 -2.7808 80 200 120
7.7201 -4.3173 -1.4262 80 200 120
8.0628 -4.1635 -1.4442 80 200 120
2.2938 -5.2099 -3.0425 80 200 120
8.2709 -3.3373 -4.6459 80 200 120
5.8173 0.8834 -3.2978 80 200 120
8.5070 -2.2138 -1.5201 80 200 120
4.2851 -2.1329 -3.6585 80 200 120
6.8240 -3.8589 -4.2451 80 200 120
8.8837 -3.4115 -4.6786 80 200 120
3.1192 -5.8567 -4.8452 80 200 120
5.9043 0.7100 -4.7857 80 200 120
4.6827 -1.8693 -4.6792 80 200 120
3.8286 0.5439 -4.5354 80 200 120
2.0051 -0.3932 -3.5056 80 200 120
6.3349 -0.5738 -4.6839 80 200 120
5.0859 0.4488 -4.7232 80 200 120
5.3483 0.5149 -4.6533 80 200 120
4.0898 -2.0235 -4.5603 80 200 120
6.7568 -1.1337 -4.7139 80 200 120
8.7320 -6.7399 -5.6247 80 200 120
3.8291 1.8724 -3.2846 80 200 120
6.6286 -0.8959 -3.7908 80 200 120
-0.6033 -0.5650 -3.9639 80 200 120
4.4356 0.9620 -4.7215 80 200 120
4.9751 1.2387 -3.1719 80 200 120
2.0819 -0.3915 -3.5026 80 200 120
5.6500 -1.9381 -4.5245 80 200 120
2.0222 -0.6269 -3.7047 80 200 120
7.2298 -1.5842 -4.7473 80 200 120
6.9966 -0.8483 -3.7598 80 200 120
4.0683 -1.3676 -4.6284 80 200 120
6.7695 0.1780 -2.6170 80 200 120
4.3054 3.1936 -1.9130 80 200 120
4.6444 3.3024 -2.2645 80 200 120
6.4052 -1.8748 -1.4857 80 200 120
6.1940 -0.0269 -1.4605 80 200 120
8.9894 -2.3411 -1.7084 80 200 120
6.4232 0.6000 -2.4595 80 200 120
7.8267 -1.0027 -2.4027 80 200 120
6.5113 0.4934 -2.4668 80 200 120
9.4947 -3.0536 -1.8547 80 200 120
7.8713 -1.0749 -1.6238 80 200 120
6.3168 0.7441 -1.8235 80 200 120
0.6460 1.7833 -1.9129 80 200 120
0.0173 -2.1249 -4.4312 80 200 120
2.0365 -0.2311 -3.6853 80 200 120
3.3908 -5.4596 -1.5049 80 200 120
0.5963 -3.7347 -3.7847 80 200 120
1.1020 -0.1662 -3.7137 80 200 120
0.7643 -0.5693 -2.7386 80 200 120
2.2771 -5.2839 -1.6840 80 200 120
1.4712 -4.6034 -2.7505 80 200 120
0.2884 -3.2011 -3.6875 80 200 120
8.5491 -2.2298 -1.5231 80 200 120
8.6689 -2.6558 -1.5600 80 200 120
5.7591 -4.1687 -2.7931 80 200 120
7.9945 -1.6903 -1.5550 80 200 120
5.6641 -4.2465 -3.1886 80 200 120
5.8533 -4.3275 -3.4848 80 200 120
4.9667 -5.8837 -1.6367 80 200 120
1.8458 -4.7851 -2.3717 80 200 120
9.6475 -3.1921 -1.8400 80 200 120
3.5993 -6.2646 -1.3758 80 200 120
7.6532 -4.2272 -3.8143 80 200 120
7.9933 -3.5691 -1.4111 80 200 120
9.7933 -3.4924 -3.2254 80 200 120
5.0194 -3.3419 -1.4325 80 200 120
5.7053 -1.9598 -3.6222 80 200 120
6.0179 -4.2595 -3.5728 80 200 120
5.1107 -2.5058 -4.2232 80 200 120
8.7121 -2.5958 -1.5655 80 200 120
6.5596 -0.8406 -4.6274 80 200 120
6.6967 -0.7138 -3.7738 80 200 120
3.7982 -1.9609 -3.7507 80 200 120
3.0994 -0.3923 -3.7991 80 200 120
1.8631 -0.2177 -3.5296 80 200 120
3.3550 -1.6826 -4.2290 80 200 120
4.3247 0.1160 -4.7146 80 200 120
5.1114 0.4673 -3.4292 80 200 120
6.4663 -0.5338 -4.1026 80 200 120
5.0189 0.9005 -3.3807 80 200 120
5.2225 0.6872 -3.3298 80 200 120
4.8331 0.7903 -3.4416 80 200 120
0.2105 -0.5615 -3.2549 80 200 120
4.6664 1.0186 -3.4425 80 200 120
1.2556 -0.1759 -1.5804 80 200 120
5.3071 0.4783 -3.6052 80 200 120
4.3111 -3.1035 -4.6644 80 200 120
6.1082 -2.3785 -4.3717 80 200 120
6.6112 -3.9186 -3.4466 80 200 120
5.8615 1.1474 -4.5998 80 200 120
6.3134 -3.0386 -3.6403 80 200 120
7.1734 -1.4548 -3.8461 80 200 120
5.4598 -2.2107 -3.7077 80 200 120
1.0540 -0.5923 -1.6657 80 200 120
6.4310 -4.3312 -3.5716 80 200 120
5.1998 1.3411 -3.1509 80 200 120
5.7507 0.9313 -3.3557 80 200 120
7.0028 -1.2073 -3.8289 80 200 120
2.3666 2.7476 -1.4383 80 200 120
2.9285 -0.4995 -3.6116 80 200 120
1.0448 2.1720 -1.4324 80 200 120
3.6112 4.3499 -1.9513 80 200 120
8.5220 -1.9337 -2.4381 80 200 120
5.5887 1.6351 -2.0049 80 200 120
4.8587 2.2501 -1.7126 80 200 120
6.0974 0.9373 -1.8057 80 200 120
8.0568 -1.2393 -2.2259 80 200 120
5.8913 1.1367 -1.9709 80 200 120
6.5296 0.3406 -2.2161 80 200 120
5.8752 1.2986 -1.6360 80 200 120
7.3790 -0.5021 -2.2296 80 200 120
7.1095 -1.4738 -1.4355 80 200 120
6.9835 -0.1169 -2.1135 80 200 120
6.5530 0.3448 -2.3457 80 200 120
3.5242 -5.9789 -1.5586 80 200 120
1.9423 -5.2355 -2.7534 80 200 120
0.6806 -0.5837 -3.9335 80 200 120
1.1027 1.4408 -4.2641 80 200 120
3.2795 -6.2411 -3.0952 80 200 120
6.9722 -2.7523 -3.1744 80 200 120
6.3681 -4.4603 -3.6436 80 200 120
4.1649 -5.8758 -4.2313 80 200 120
4.9936 -5.3727 -4.3676 80 200 120
2.7487 -6.9921 -4.9204 80 200 120
7.4095 -2.9314 -3.4448 80 200 120
6.0984 -1.7007 -2.3613 80 200 120
6.5244 -0.7206 -3.8340 80 200 120
8.5825 -4.3031 -4.7643 80 200 120
4.5588 -5.6827 -4.3605 80 200 120
5.2740 0.6103 -3.3390 80 200 120
5.0748 0.5055 -3.3848 80 200 120
5.2737 0.5657 -3.5882 80 200 120
8.3876 -2.9973 -4.7049 80 200 120
5.2764 0.5075 -3.9711 80 200 120
6.7433 -1.4285 -4.6487 80 200 120
3.6691 -5.9391 -4.5750 80 200 120
5.0962 -1.5330 -4.6108 80 200 120
3.8571 -1.8567 -4.0552 80 200 120
3.2494 -3.6749 -4.6534 80 200 120
2.9519 -4.1743 -4.6649 80 200 120
2.6008 -4.4918 -4.6290 80 200 120
4.0373 0.7529 -4.7280 80 200 120
5.2695 0.5877 -3.3561 80 200 120
5.7630 0.8757 -4.5910 80 200 120
5.8374 -2.2379 -3.6530 80 200 120
4.8622 -5.8818 -3.7863 80 200 120
6.0862 -3.2071 -3.7224 80 200 120
6.4793 -3.0823 -3.9465 80 200 120
9.4492 -3.2380 -4.3729 80 200 120
2.9045 -6.1047 -2.7352 80 200 120
6.5575 -0.8753 -3.6867 80 200 120
6.9211 -4.1636 -4.2428 80 200 120
6.2576 0.6273 -4.5858 80 200 120
8.4401 -2.9639 -3.9213 80 200 120
5.4592 1.0457 -3.1812 80 200 120
7.2899 -1.5918 -4.0360 80 200 120
-0.7227 1.0902 -1.4072 80 200 120
7.0172 -0.8457 -3.7866 80 200 120
3.0789 3.6482 -2.1827 80 200 120
5.6015 -1.9608 -4.6412 80 200 120
0.0622 -2.2950 -4.5300 80 200 120
3.4044 -1.1218 -4.6655 80 200 120
-0.4516 0.7708 -2.6828 80 200 120
0.0960 -1.3548 -4.5323 80 200 120
7.9694 -1.3189 -1.4829 80 200 120
9.2766 -2.9706 -1.4642 80 200 120
8.3107 -1.7940 -1.4475 80 200 120
7.4615 -0.6578 -1.5273 80 200 120
6.7287 -0.7135 -1.4023 80 200 120
4.8536 0.9889 -1.4086 80 200 120
2.5187 3.5952 -2.5506 80 200 120
1.7219 -0.0448 -1.5231 80 200 120
-0.1683 -1.5800 -4.8102 80 200 120
0.5924 -2.4797 -4.2756 80 200 120
2.5113 -6.0935 -2.5290 80 200 120
-1.3307 -1.1354 -4.4435 80 200 120
-0.2703 -1.2195 -4.7702 80 200 120
3.6529 -6.2142 -4.4088 80 200 120
4.6772 -5.9943 -4.2788 80 200 120
5.3547 -4.6662 -3.4326 80 200 120
2.7572 -5.3340 -1.5394 80 200 120
3.2003 -5.7447 -1.4466 80 200 120
2.2633 -5.2083 -1.6971 80 200 120
4.3934 -6.6711 -1.5911 80 200 120
5.5186 -4.1474 -3.4943 80 200 120
5.8177 -3.9163 -3.2942 80 200 120
1.8998 -5.0929 -1.9145 80 200 120
5.7482 -3.9214 -2.7301 80 200 120
5.7535 -2.6814 -3.6454 80 200 120
4.0079 -1.3712 -4.7237 80 200 120
4.2409 -2.5220 -4.5023 80 200 120
5.8552 -2.2321 -3.7575 80 200 120
7.2118 -1.5611 -4.4661 80 200 120
8.0397 -3.8983 -4.7082 80 200 120
5.3949 -4.4406 -3.8095 80 200 120
4.3780 -6.4069 -4.2418 80 200 120
3.8767 -1.8085 -4.2569 80 200 120
0.7714 -0.6403 -4.0625 80 200 120
4.9513 -4.9485 -3.8477 80 200 120
9.0480 -4.7607 -4.8836 80 200 120
8.2290 -7.2530 -5.6736 80 200 120
2.0475 2.4525 -4.5147 80 200 120
3.4239 -7.0818 -1.9159 80 200 120
1.4746 -0.1913 -1.5901 80 200 120
5.0722 1.0523 -3.2079 80 200 120
6.3120 -0.3933 -4.2531 80 200 120
0.9267 -0.6541 -3.7510 80 200 120
4.9812 0.6018 -3.9571 80 200 120
3.1890 -0.3704 -4.6240 80 200 120
6.0920 -2.4501 -4.6107 80 200 120
7.1801 -1.0018 -3.7956 80 200 120
5.5943 0.5984 -4.5880 80 200 120
1.3744 -2.5419 -4.4410 80 200 120
-1.1925 -1.3857 -4.0803 80 200 120
4.5553 2.4173 -1.4341 80 200 120
6.8196 -1.0275 -1.4482 80 200 120
8.8514 -2.1268 -1.9023 80 200 120
3.2090 3.9968 -1.5346 80 200 120
3.9868 3.1646 -1.8486 80 200 120
5.0362 0.0625 -1.2655 80 200 120
6.9487 -0.0677 -1.9289 80 200 120
6.8518 -0.0793 -1.6412 80 200 120
6.6371 -0.2844 -1.3764 80 200 120
6.3159 0.9234 -1.7764 80 200 120
5.9744 0.9374 -1.7548 80 200 120
7.7683 -0.9417 -2.5080 80 200 120
7.2995 -1.1484 -1.4456 80 200 120
7.7629 -1.0158 -2.1538 80 200 120
8.7723 -2.9397 -1.4103 80 200 120
8.4186 -3.0094 -1.4047 80 200 120
7.9249 -1.1409 -1.8627 80 200 120
1.8545 -3.9426 -3.7120 80 200 120
1.0460 -2.9686 -4.1508 80 200 120
1.3951 -3.1822 -3.8690 80 200 120
-1.6666 -0.5603 -3.6005 80 200 120
1.3621 1.2013 -4.1513 80 200 120
1.7260 -0.2866 -3.5612 80 200 120
2.3468 0.3332 -3.6181 80 200 120
4.6354 -6.7052 -3.1145 80 200 120
6.5672 -5.9475 -1.4964 80 200 120
6.4675 -3.9587 -3.8366 80 200 120
9.2480 -2.9905 -1.8188 80 200 120
8.7411 -2.3398 -1.4985 80 200 120
9.3593 -3.0797 -1.4445 80 200 120
6.0283 -4.6941 -4.0731 80 200 120
6.1982 -4.0801 -3.7520 80 200 120
1.8807 -5.1579 -2.3361 80 200 120
2.3527 -6.0746 -3.5854 80 200 120
2.5704 -6.8996 -3.8004 80 200 120
4.8439 -4.5226 -1.4197 80 200 120
5.7569 -4.8244 -1.9799 80 200 120
4.3166 1.2205 -4.5773 80 200 120
5.7925 -3.9054 -3.5135 80 200 120
4.0718 -1.6100 -4.6596 80 200 120
6.1325 -1.5886 -4.6819 80 200 120
5.2828 0.5589 -3.6280 80 200 120
5.4682 -2.1645 -3.6881 80 200 120
5.5715 -2.2737 -3.6726 80 200 120
9.3884 -2.9464 -4.4909 80 200 120
5.3668 0.7331 -3.2824 80 200 120
6.2408 -2.7199 -3.7590 80 200 120
8.9613 -2.9421 -4.6987 80 200 120
8.9426 -2.3777 -4.5233 80 200 120
5.7465 0.3441 -4.7332 80 200 120
7.9323 -4.6692 -4.7572 80 200 120
5.3863 -0.5669 -4.6369 80 200 120
8.2492 -5.0110 -2.9541 80 200 120
5.9338 -2.7873 -3.5844 80 200 120
0.9112 -3.7453 -2.8581 80 200 120
3.9518 -2.2343 -3.5834 80 200 120
5.7403 -4.2826 -3.6834 80 200 120
-0.6541 1.0214 -1.4532 80 200 120
4.0113 -1.8914 -4.0595 80 200 120
4.3737 -2.4190 -3.6581 80 200 120
2.0880 -1.8622 -4.2212 80 200 120
3.3741 3.7557 -2.1025 80 200 120
6.0016 0.9585 -2.7786 80 200 120
5.7326 1.4551 -2.7901 80 200 120
5.4797 1.4917 -2.6267 80 200 120
4.7011 1.8993 -2.3441 80 200 120
3.9102 2.2416 -1.3506 80 200 120
5.0569 0.5155 -1.4105 80 200 120
5.1661 0.8382 -1.4058 80 200 120
7.2575 -0.4095 -2.2773 80 200 120
6.5167 0.3922 -2.6975 80 200 120
7.6250 -2.5346 -1.4211 80 200 120
6.1845 0.8308 -2.7704 80 200 120
3.0631 3.4107 -1.5302 80 200 120
6.1783 -0.0117 -1.4360 80 200 120
4.0968 2.4448 -1.3050 80 200 120
0.9753 2.0916 -2.4056 80 200 120
1.3177 2.0704 -2.1626 80 200 120
2.0083 2.8391 -2.2053 80 200 120
1.3106 1.7570 -4.4981 80 200 120
1.4741 1.9727 -4.3909 80 200 120
0.7892 -2.5277 -4.6891 80 200 120
3.7355 3.2891 -1.5557 80 200 120
-0.5612 -1.5882 -4.4718 80 200 120
3.3201 4.0555 -1.9554 80 200 120
3.1267 3.7064 -2.1003 80 200 120
2.5173 2.9082 -1.5437 80 200 120
4.3547 2.5690 -1.5487 80 200 120
-0.3249 -0.6524 -4.1330 80 200 120
2.2259 3.1761 -3.4619 80 200 120
3.0340 3.2656 -2.9225 80 200 120
6.6969 -6.3852 -1.9791 80 200 120
9.0498 -2.5919 -3.4820 80 200 120
2.2834 -4.6415 -1.5496 80 200 120
5.4206 -4.5377 -2.7628 80 200 120
4.9728 -6.2311 -2.5228 80 200 120
5.1726 -5.1885 -3.1929 80 200 120
7.7044 -4.8770 -4.8187 80 200 120
9.1438 -4.3822 -3.9238 80 200 120
4.0445 -7.1371 -3.2570 80 200 120
6.7704 -6.2054 -3.7238 80 200 120
6.7625 -3.9187 -3.2557 80 200 120
9.5858 -3.7438 -3.1971 80 200 120
6.0461 -7.0159 -4.2228 80 200 120
4.8635 -3.3327 -1.4278 80 200 120
2.4710 -5.4756 -2.6597 80 200 120
2.7923 -5.7121 -2.4205 80 200 120
8.2896 -2.0101 -2.8285 80 200 120
5.8500 -3.7681 -4.0727 80 200 120
4.5062 -6.0766 -4.5608 80 200 120
5.0155 0.5986 -4.0102 80 200 120
5.3300 0.5845 -3.3527 80 200 120
4.4281 -5.1991 -4.6186 80 200 120
4.6434 -5.7944 -4.8749 80 200 120
5.8170 1.0261 -3.7879 80 200 120
3.9727 -4.4585 -4.7490 80 200 120
3.6717 -1.9350 -3.7162 80 200 120
5.3112 -2.3649 -3.6436 80 200 120
3.3703 -5.9451 -4.3779 80 200 120
2.4294 -0.7599 -4.2725 80 200 120
5.2983 -2.1948 -3.9328 80 200 120
5.5158 -3.3573 -4.1658 80 200 120
5.1306 0.3597 -4.5893 80 200 120
4.9181 0.4521 -4.3611 80 200 120
3.7762 -6.9852 -1.5148 80 200 120
5.7995 -2.7726 -3.6644 80 200 120
6.3074 -0.5788 -4.5985 80 200 120
6.8566 -3.9685 -4.3601 80 200 120
-1.3265 -0.9905 -4.5225 80 200 120
3.8112 -2.0470 -3.6858 80 200 120
7.0757 -0.8502 -3.8482 80 200 120
0.6503 -2.2046 -4.2805 80 200 120
5.1180 -2.5311 -3.7474 80 200 120
5.4308 -2.1937 -3.6678 80 200 120
3.0114 3.7168 -1.9874 80 200 120
2.4151 3.1052 -1.4878 80 200 120
3.7402 3.3346 -2.3335 80 200 120
3.0076 3.1063 -1.9374 80 200 120
6.7656 0.1477 -2.9232 80 200 120
6.3736 0.5297 -2.9359 80 200 120
6.4706 0.3999 -2.9066 80 200 120
9.0502 -3.4454 -1.4901 80 200 120
6.8488 0.0285 -2.9567 80 200 120
6.0879 -0.4188 -1.3877 80 200 120
7.0163 -0.1632 -2.1488 80 200 120
5.4941 0.1708 -1.4327 80 200 120
4.0382 3.4064 -1.4526 80 200 120
4.7653 1.9635 -1.9126 80 200 120
6.5716 0.3399 -2.8097 80 200 120
5.0470 1.8997 -2.4294 80 200 120
4.6546 0.7926 -1.4671 80 200 120
7.6124 -0.8891 -2.2851 80 200 120
3.8661 0.6450 -1.3291 80 200 120
8.1051 -1.4579 -2.1209 80 200 120
8.3737 -1.7142 -2.0319 80 200 120
6.1204 1.0048 -2.5375 80 200 120
0.9815 1.8738 -2.0106 80 200 120
1.1759 -2.7518 -4.5816 80 200 120
2.8727 -6.3099 -2.8423 80 200 120
3.5023 -6.8260 -2.4578 80 200 120
5.7744 -3.8783 -1.4968 80 200 120
3.5796 -6.7011 -1.9554 80 200 120
3.1749 -6.3144 -2.4140 80 200 120
0.0899 -1.7737 -4.7984 80 200 120
2.8036 -5.5938 -1.6227 80 200 120
-0.4542 -2.0758 -3.8888 80 200 120
-0.7839 -1.2340 -5.0073 80 200 120
1.8980 -0.6219 -3.6960 80 200 120
0.6804 -2.9817 -4.2784 80 200 120
1.3919 -3.4415 -4.1036 80 200 120
5.4655 -3.9518 -1.5129 80 200 120
7.1046 -5.5474 -4.6612 80 200 120
6.1188 -7.1469 -2.4789 80 200 120
9.2278 -4.1364 -1.5117 80 200 120
9.7855 -3.4829 -3.4137 80 200 120
7.1758 -6.0815 -2.0193 80 200 120
5.9965 -7.0231 -4.9228 80 200 120
7.6580 -2.3405 -1.4322 80 200 120
8.7404 -4.6244 -3.7380 80 200 120
7.7092 -6.0804 -4.9955 80 200 120
4.6284 -5.7659 -4.1233 80 200 120
3.1397 -6.7194 -3.1475 80 200 120
3.6099 -6.7735 -2.9219 80 200 120
7.7857 -4.8674 -1.4681 80 200 120
8.3967 -4.5928 -2.7311 80 200 120
9.2185 -3.5100 -1.4263 80 200 120
6.8568 -1.0587 -3.8292 80 200 120
5.5062 -3.8502 -3.9804 80 200 120
6.3823 -1.5597 -4.6845 80 200 120
4.5260 -4.0610 -4.8508 80 200 120
5.1429 -5.0230 -4.2497 80 200 120
5.9959 -2.2537 -4.4216 80 200 120
3.9927 -2.0647 -4.7365 80 200 120
5.3010 0.4974 -3.5994 80 200 120
4.2331 -2.5431 -4.5983 80 200 120
4.0414 -1.3654 -4.7391 80 200 120
8.4874 -2.3383 -4.6257 80 200 120
6.9369 -1.2142 -3.9069 80 200 120
5.6634 -2.0051 -3.7119 80 200 120
6.5222 -3.4890 -3.7171 80 200 120
7.1584 -1.4157 -3.8173 80 200 120
6.5713 -3.7363 -3.6085 80 200 120
5.5855 -2.5633 -3.6727 80 200 120
5.1328 -4.4435 -4.6141 80 200 120
5.5604 -2.3116 -3.7247 80 200 120
2.6865 -5.7261 -4.5299 80 200 120
1.8487 -0.3949 -3.5087 80 200 120
7.1294 -3.6561 -3.6795 80 200 120
1.8512 2.6861 -4.6801 80 200 120
8.0128 -3.8397 -4.3375 80 200 120
9.5297 -3.3326 -4.4723 80 200 120
5.7961 0.8542 -4.6302 80 200 120
3.9724 1.8475 -3.2727 80 200 120
3.5727 -0.8788 -4.7197 80 200 120
5.6543 -2.0308 -3.7411 80 200 120
2.9650 -2.6843 -4.0322 80 200 120
1.4527 -2.5760 -4.4246 80 200 120
1.1299 -1.8533 -4.3781 80 200 120
0.8786 -2.6491 -3.9662 80 200 120
4.1710 -3.1988 -4.8432 80 200 120
0.7027 2.7881 -1.6939 80 200 120
5.7855 -2.0690 -4.5536 80 200 120
4.0878 -2.2108 -3.6191 80 200 120
1.5323 -2.7840 -3.9002 80 200 120
7.1710 -1.5639 -4.6232 80 200 120
6.0524 -2.4780 -4.8308 80 200 120
4.8221 2.8232 -3.0253 80 200 120
2.2292 2.8577 -1.5098 80 200 120
3.4249 0.6353 -1.3256 80 200 120
8.9783 -2.3708 -1.7363 80 200 120
6.5361 0.4620 -2.3848 80 200 120
5.4730 1.7590 -2.8146 80 200 120
9.2245 -2.7049 -1.5829 80 200 120
-0.3447 1.1042 -2.1679 80 200 120
1.2973 2.4019 -2.4891 80 200 120
0.6014 -2.1257 -4.5638 80 200 120
3.9010 -6.6341 -1.5841 80 200 120
1.8985 -3.9763 -3.9237 80 200 120
2.1013 -5.1481 -2.7148 80 200 120
0.1018 2.0320 -4.7193 80 200 120
-1.8655 -0.5861 -4.3646 80 200 120
2.4753 0.1045 -3.7359 80 200 120
10.1589 -5.3587 -5.4857 80 200 120
8.6790 -4.8257 -4.0208 80 200 120
5.7134 -3.9164 -2.6208 80 200 120
2.8457 -5.9986 -1.9860 80 200 120
3.0557 -6.1055 -2.2990 80 200 120
4.8948 -5.3287 -2.1550 80 200 120
5.9619 -6.7962 -3.3596 80 200 120
7.0875 -5.4096 -1.4749 80 200 120
9.7261 -3.2547 -1.8506 80 200 120
2.9751 -3.5659 -1.4085 80 200 120
5.3221 -4.0337 -1.4143 80 200 120
7.2793 -5.8474 -2.4646 80 200 120
4.2296 -7.2833 -3.0265 80 200 120
6.7407 -3.1987 -1.4102 80 200 120
5.5895 -2.0281 -4.7295 80 200 120
5.2707 0.5017 -4.5409 80 200 120
4.4742 1.0445 -4.7360 80 200 120
6.2646 0.7189 -4.6594 80 200 120
8.2797 -4.9205 -4.6579 80 200 120
8.7526 -2.1034 -3.0969 80 200 120
6.1291 -3.3100 -3.3348 80 200 120
6.3439 -0.4227 -4.5844 80 200 120
6.4192 -2.8030 -4.3297 80 200 120
8.4101 -1.7509 -4.5828 80 200 120
5.5809 -3.6850 -4.1713 80 200 120
6.3684 -0.3515 -3.9915 80 200 120
6.1697 -2.5179 -4.5585 80 200 120
5.9407 -3.6221 -3.5126 80 200 120
5.8115 1.2509 -4.6011 80 200 120
6.1989 -2.8511 -3.3318 80 200 120
4.1382 -2.1659 -3.8924 80 200 120
3.1574 -2.3309 -3.8650 80 200 120
5.3915 -4.0430 -4.2139 80 200 120
5.4075 -4.0771 -3.8448 80 200 120
7.2890 -1.5805 -3.9399 80 200 120
3.4627 2.1536 -4.5514 80 200 120
6.3056 -1.5214 -4.6944 80 200 120
7.5497 -1.4542 -3.9872 80 200 120
6.2709 -2.7022 -4.7601 80 200 120
2.7569 2.7833 -1.9721 80 200 120
3.8325 1.5020 -1.4861 80 200 120
4.2656 0.9659 -1.3609 80 200 120
7.9577 -2.2270 -1.4375 80 200 120
4.7341 -0.0429 -1.5039 80 200 120
9.5305 -3.4018 -1.5397 80 200 120
8.2020 -3.1291 -1.4444 80 200 120
4.3523 -7.3454 -2.2496 80 200 120
2.1771 -0.4150 -3.4238 80 200 120
2.9305 3.6430 -1.4761 80 200 120
1.8158 2.4965 -2.4164 80 200 120
3.4911 3.7607 -1.5165 80 200 120
4.9653 -6.2440 -1.7066 80 200 120
1.5262 2.2956 -3.5094 80 200 120
1.9431 -0.0678 -3.4449 80 200 120
2.2694 -5.4589 -3.2278 80 200 120
3.1548 -5.8834 -1.5018 80 200 120
4.8690 -4.4961 -1.4580 80 200 120
1.2504 -3.1573 -3.9388 80 200 120
9.7787 -3.7389 -2.8943 80 200 120
8.4878 -5.5100 -4.8764 80 200 120
3.6993 -7.6919 -3.5069 80 200 120
5.7665 -4.3951 -3.0008 80 200 120
9.2985 -4.3348 -3.6180 80 200 120
5.8367 -3.8796 -3.5274 80 200 120
6.1169 -3.8341 -3.5935 80 200 120
5.7132 -4.4614 -1.4551 80 200 120
8.6724 -4.8093 -4.7679 80 200 120
9.2969 -4.1102 -4.0212 80 200 120
6.8906 -4.0084 -3.5796 80 200 120
7.8238 -5.0986 -4.5603 80 200 120
6.8837 -3.3455 -4.6936 80 200 120
6.2676 -0.1903 -4.1136 80 200 120
5.6432 -2.0394 -3.7846 80 200 120
5.7817 0.8882 -3.3054 80 200 120
4.7156 -3.7221 -4.6177 80 200 120
7.3237 -4.0581 -4.6331 80 200 120
9.4712 -3.2148 -1.5822 80 200 120
8.8203 -2.4206 -1.5272 80 200 120
5.9483 -3.8057 -3.8756 80 200 120
6.0627 -2.3867 -4.6067 80 200 120
7.3809 -1.8310 -4.6744 80 200 120
6.8171 -1.3091 -4.5125 80 200 120
5.5720 -1.5670 -4.6773 80 200 120
3.6737 -1.8311 -3.7444 80 200 120
7.2416 -4.8910 -4.6621 80 200 120
5.0730 -2.5253 -3.9553 80 200 120
5.1019 0.4634 -4.7441 80 200 120
5.3988 -4.1717 -3.2910 80 200 120
5.8019 1.0347 -4.8022 80 200 120
4.6142 0.8926 -4.6967 80 200 120
7.9102 -5.2642 -4.6366 80 200 120
4.9646 0.4395 -4.4752 80 200 120
6.4068 -4.3097 -3.5776 80 200 120
8.3564 -5.2969 -4.8273 80 200 120
5.2306 -2.3607 -3.9739 80 200 120
0.4618 1.1026 -3.4195 80 200 120
6.6698 -0.9636 -4.6791 80 200 120
6.4226 -2.8445 -4.4682 80 200 120
5.6361 -2.0774 -3.8679 80 200 120
1.3779 -2.6330 -4.4913 80 200 120
3.8809 -2.0100 -3.6647 80 200 120
0.7696 -2.9962 -4.1903 80 200 120
0.2140 -2.5928 -4.2613 80 200 120
4.9474 -2.6876 -3.9789 80 200 120
2.9188 -2.7892 -4.0777 80 200 120
4.3455 2.6200 -1.5818 80 200 120
4.0924 -2.2052 -3.6161 80 200 120
2.3249 -2.7610 -4.2120 80 200 120
1.7604 -0.5965 -1.4313 80 200 120
4.0677 0.4796 -1.4050 80 200 120
5.1474 -0.2623 -1.4808 80 200 120
6.7082 -0.1878 -2.4174 80 200 120
2.5281 1.2806 -1.3390 80 200 120
8.2902 -1.5613 -2.2889 80 200 120
1.3074 0.0820 -2.4321 80 200 120
3.5108 -6.9193 -3.2077 80 200 120
3.4601 1.9946 -2.8298 80 200 120
3.3377 3.2639 -2.1008 80 200 120
-1.2825 -0.7885 -1.5576 80 200 120
4.2642 2.7783 -1.5087 80 200 120
1.0617 -0.5250 -3.8947 80 200 120
0.8394 -2.9758 -4.2517 80 200 120
0.0945 -1.2741 -4.6370 80 200 120
2.6062 -0.0608 -3.3586 80 200 120
-0.1081 -0.8203 -4.7384 80 200 120
8.0596 -5.1589 -2.1597 80 200 120
6.9135 -6.1746 -2.6452 80 200 120
9.4754 -2.9995 -2.2088 80 200 120
6.5159 -6.3238 -3.9820 80 200 120
8.1671 -3.0863 -1.4575 80 200 120
8.2365 -4.7312 -1.4668 80 200 120
3.1503 -6.0203 -3.4995 80 200 120
6.0137 -6.2064 -3.9762 80 200 120
5.7189 -4.2485 -2.7200 80 200 120
5.3750 -4.1156 -1.7158 80 200 120
8.9233 -2.4130 -1.4645 80 200 120
9.7568 -3.3205 -2.7550 80 200 120
4.3884 -6.4826 -3.6715 80 200 120
5.3366 -1.7183 -4.6489 80 200 120
6.8721 -0.6946 -3.7111 80 200 120
6.3524 -3.4538 -3.5135 80 200 120
5.5958 0.6748 -3.8003 80 200 120
8.2332 -3.6861 -4.5820 80 200 120
7.1859 -4.6783 -4.5824 80 200 120
4.5537 -3.3061 -4.5623 80 200 120
4.6319 -4.1209 -4.6732 80 200 120
1.4118 -0.5985 -3.9875 80 200 120
2.8923 -0.2266 -3.5554 80 200 120
4.2536 -5.5145 -4.0837 80 200 120
3.2175 -1.6230 -3.9762 80 200 120
3.2336 -3.2716 -4.6530 80 200 120
2.9046 -2.9574 -4.1079 80 200 120
3.9513 1.4799 -4.7002 80 200 120
8.2888 -4.1553 -4.5953 80 200 120
6.4099 -2.8114 -3.9039 80 200 120
5.8202 -2.1946 -4.7185 80 200 120
2.5574 -0.9616 -4.0869 80 200 120
4.1041 -2.4948 -3.6877 80 200 120
7.1169 -1.5618 -4.5650 80 200 120
7.1017 -1.4140 -3.8349 80 200 120
3.9768 -2.8515 -4.0083 80 200 120
5.5300 -2.0446 -4.3502 80 200 120
1.7627 2.7307 -1.6512 80 200 120
2.4782 3.3526 -1.9704 80 200 120
3.0226 1.2761 -1.3604 80 200 120
2.6167 3.6768 -2.3975 80 200 120
7.1681 -0.2218 -2.2931 80 200 120
6.8373 -0.1450 -2.7546 80 200 120
6.5217 0.4602 -2.7352 80 200 120
6.5610 0.2526 -2.8538 80 200 120
5.1550 1.5831 -2.9947 80 200 120
5.4752 -3.8943 -1.5224 80 200 120
3.8748 -6.6290 -1.5481 80 200 120
1.4654 -2.6458 -4.4331 80 200 120
1.3782 -3.8502 -4.3382 80 200 120
1.7755 -4.6956 -4.3204 80 200 120
1.0908 -0.0316 -3.2620 80 200 120
8.0027 -4.6084 -4.4154 80 200 120
9.6842 -3.4341 -1.5275 80 200 120
9.0490 -2.6461 -1.5039 80 200 120
6.1224 -4.2116 -1.3815 80 200 120
2.9964 -6.0212 -2.7065 80 200 120
3.1229 -6.4860 -2.4044 80 200 120
4.5416 -5.6237 -3.1025 80 200 120
9.7934 -3.5187 -3.3312 80 200 120
5.9385 -5.9938 -1.5613 80 200 120
7.8576 -4.6554 -4.0655 80 200 120
3.0170 -6.5467 -3.0960 80 200 120
6.2293 -3.7174 -3.4989 80 200 120
2.6761 -5.4732 -1.5761 80 200 120
4.6368 -4.3520 -1.4422 80 200 120
7.4794 -5.9467 -3.7104 80 200 120
5.7060 -1.9633 -4.3939 80 200 120
6.0135 -3.2385 -3.6580 80 200 120
5.2409 0.6972 -3.7053 80 200 120
5.7654 1.0036 -3.3258 80 200 120
5.8122 -3.4720 -3.8400 80 200 120
8.1447 -1.3850 -3.4217 80 200 120
3.5164 -1.9106 -3.6242 80 200 120
4.4284 -2.2636 -4.4944 80 200 120
3.9492 -2.6547 -3.8066 80 200 120
5.3502 -2.1597 -3.8068 80 200 120
7.1699 -1.6120 -4.6106 80 200 120
5.6878 -4.4879 -4.1718 80 200 120
5.6373 -3.4487 -4.0119 80 200 120
5.3253 0.5281 -4.6686 80 200 120
6.7564 -1.0938 -4.7075 80 200 120
6.3463 -0.2790 -4.5876 80 200 120
3.6325 -6.6527 -1.9238 80 200 120
4.9439 -3.0078 -4.2580 80 200 120
1.5555 0.0299 -3.4177 80 200 120
6.8828 -0.5974 -3.7953 80 200 120
1.5170 -2.5449 -4.3896 80 200 120
6.7407 -1.1352 -4.6558 80 200 120
6.2784 -0.5668 -4.4377 80 200 120
2.7069 -2.6536 -4.0689 80 200 120
0.9807 2.1751 -1.5292 80 200 120
7.2266 -1.5617 -3.8941 80 200 120
1.9679 -4.0687 -4.3472 80 200 120
2.2596 -3.8440 -4.5906 80 200 120
1.0112 -2.8853 -4.0714 80 200 120
1.6105 -4.7508 -4.7165 80 200 120
3.8190 -2.6147 -3.6209 80 200 120
0.3706 -2.5539 -4.1559 80 200 120
1.9993 -3.4934 -4.0141 80 200 120
8.0042 -1.6179 -4.3956 80 200 120
2.5108 2.5636 -2.2149 80 200 120
3.2421 2.8475 -2.7689 80 200 120
2.7860 3.8298 -1.4678 80 200 120
8.8415 -2.6921 -1.4073 80 200 120
6.3596 0.3405 -2.1592 80 200 120
5.8035 1.0587 -2.6555 80 200 120
3.4733 2.0710 -1.3484 80 200 120
4.6896 -0.3675 -1.5028 80 200 120
3.9377 -7.0013 -3.3561 80 200 120
0.8623 -2.4204 -4.1755 80 200 120
4.1220 2.2910 -1.7302 80 200 120
1.4161 2.3947 -3.5041 80 200 120
2.9505 3.1625 -2.3229 80 200 120
2.0770 -3.9322 -3.9435 80 200 120
2.0182 -0.6514 -1.4934 80 200 120
4.5919 0.8359 -2.2438 80 200 120
-0.0755 -1.2675 -4.7168 80 200 120
2.2630 -5.1159 -4.0526 80 200 120
3.1954 -6.3345 -3.1901 80 200 120
1.1835 0.6409 -1.6028 80 200 120
0.4848 -1.7708 -4.6248 80 200 120
1.7680 -0.2183 -1.5831 80 200 120
2.5886 2.9935 -2.7274 80 200 120
0.7070 -0.9271 -4.4518 80 200 120
4.0414 -6.3282 -1.5362 80 200 120
6.6819 -3.7294 -3.1822 80 200 120
7.6770 -4.9044 -4.3778 80 200 120
6.7227 -3.9642 -3.6119 80 200 120
8.7924 -4.5880 -3.0320 80 200 120
5.7442 -4.6706 -2.5323 80 200 120
7.3463 -5.0912 -4.3827 80 200 120
6.2612 -5.7866 -4.2062 80 200 120
6.6233 -3.9922 -3.7907 80 200 120
5.9222 -7.0489 -4.9376 80 200 120
3.5651 -6.7436 -2.8058 80 200 120
6.4563 -4.0187 -3.6279 80 200 120
7.4283 -1.4008 -4.0006 80 200 120
5.8531 -0.9508 -4.6409 80 200 120
8.5875 -2.3764 -4.7319 80 200 120
1.3571 -2.0759 -4.3808 80 200 120
2.2301 -3.8412 -4.6226 80 200 120
6.2508 -5.2670 -4.0084 80 200 120
4.6002 0.9172 -4.7394 80 200 120
6.0004 -3.2581 -3.6583 80 200 120
5.6210 -2.0174 -3.8104 80 200 120
6.2025 -3.2857 -3.8439 80 200 120
6.3518 -3.4592 -3.4966 80 200 120
2.4363 -0.9164 -4.5870 80 200 120
5.9199 -3.8614 -3.9177 80 200 120
1.1483 0.4323 -3.4494 80 200 120
3.2301 2.2770 -4.6509 80 200 120
3.9153 2.1424 -3.0201 80 200 120
1.2847 0.2679 -1.7090 80 200 120
1.9276 -4.0346 -3.9957 80 200 120
6.4216 -0.9497 -4.3693 80 200 120
4.0027 -1.8822 -3.7789 80 200 120
5.6836 -1.9776 -4.4198 80 200 120
4.5546 -2.3174 -4.3773 80 200 120
3.9817 -2.6772 -3.7826 80 200 120
7.4429 -1.3418 -3.7858 80 200 120
4.2511 -2.3654 -3.5521 80 200 120
6.0022 -2.4549 -4.8795 80 200 120
2.0453 -0.4198 -1.4529 80 200 120
-1.8557 -0.3564 -1.4648 80 200 120
4.2428 -2.5604 -4.5298 80 200 120
3.2427 -3.3573 -4.6652 80 200 120
7.1838 -0.9043 -3.8777 80 200 120
4.1572 -2.1836 -3.5682 80 200 120
1.4489 2.3751 -3.4983 80 200 120
-0.9303 -1.8810 -3.1418 80 200 120
4.8165 1.6671 -3.1149 80 200 120
1.5757 1.5121 -1.3502 80 200 120
1.3173 2.4333 -1.6401 80 200 120
6.1262 1.0522 -3.4484 80 200 120
2.2674 3.4705 -2.5662 80 200 120
9.5097 -3.0024 -1.8520 80 200 120
6.5329 0.2739 -2.3119 80 200 120
9.4895 -2.9820 -2.1997 80 200 120
7.0171 -0.1380 -2.7791 80 200 120
1.4705 -0.0078 -1.9582 80 200 120
5.0428 -4.8356 -2.2952 80 200 120
-1.3226 -0.1334 -3.3056 80 200 120
1.8945 -0.7127 -1.8057 80 200 120
-1.5360 -0.9910 -4.5348 80 200 120
-1.6786 -0.4506 -4.5333 80 200 120
-1.6733 -0.6169 -3.6515 80 200 120
2.6504 -5.9753 -4.1768 80 200 120
5.2537 -4.6144 -2.0000 80 200 120
-1.5920 -0.6949 -2.1480 80 200 120
8.3928 -5.0107 -4.7575 80 200 120
9.1173 -4.3853 -3.4321 80 200 120
5.8519 -3.7309 -1.5570 80 200 120
5.7474 -3.8752 -2.6678 80 200 120
9.8961 -3.5805 -3.3725 80 200 120
8.5293 -4.5418 -4.5961 80 200 120
5.8894 -1.6616 -4.6425 80 200 120
6.6560 -4.0482 -3.5001 80 200 120
6.3632 -3.5008 -3.5587 80 200 120
6.9404 -4.2590 -3.6837 80 200 120
6.5614 -3.6896 -3.8555 80 200 120
6.4287 -3.7279 -3.4761 80 200 120
6.4393 -1.1174 -4.6990 80 200 120
4.4720 1.2147 -4.9263 80 200 120
6.6360 -3.8609 -4.3214 80 200 120
6.2002 -3.0424 -3.5776 80 200 120
6.2606 -3.5052 -3.8203 80 200 120
5.2095 -4.3095 -3.8844 80 200 120
4.4586 -3.1479 -4.6658 80 200 120
5.5534 -2.8835 -3.7203 80 200 120
6.3158 -0.5952 -4.6237 80 200 120
-1.2987 -1.0131 -4.5487 80 200 120
-0.8311 -1.6280 -4.6177 80 200 120
-1.3504 -1.3566 -4.1832 80 200 120
0.6108 -1.4426 -4.4618 80 200 120
7.6567 -4.7861 -4.3074 80 200 120
3.0788 -6.4744 -2.3963 80 200 120
6.2215 -3.5953 -3.4294 80 200 120
3.1155 -6.4886 -3.0973 80 200 120
5.5042 -2.0705 -3.7693 80 200 120
3.0768 -0.4245 -4.3410 80 200 120
7.1447 -4.5407 -4.0299 80 200 120
6.4718 -0.8525 -4.6159 80 200 120
6.7400 -1.1080 -4.6601 80 200 120
6.9310 -4.0434 -3.9646 80 200 120
2.9621 -6.0943 -2.6910 80 200 120
3.8857 -6.6165 -1.5432 80 200 120
6.3646 -0.2574 -3.9505 80 200 120
6.3569 -0.6444 -4.6926 80 200 120
4.9053 0.9446 -3.5533 80 200 120
1.8888 -0.7131 -1.8895 80 200 120
1.1394 -3.2988 -3.9852 80 200 120
1.9926 -4.4753 -4.5544 80 200 120
-1.5838 -0.0363 -3.3007 80 200 120
3.0162 4.3414 -1.4683 80 200 120
4.1797 -2.5831 -4.2313 80 200 120
1.8515 2.9501 -1.5439 80 200 120
3.7878 2.0981 -2.9896 80 200 120
2.4755 3.3991 -2.9033 80 200 120
5.3908 1.4808 -1.8485 80 200 120
9.7155 -3.4087 -1.5250 80 200 120
4.6521 -0.3650 -1.4246 80 200 120
7.8568 -1.0610 -2.1290 80 200 120
7.0176 0.1850 -3.0438 80 200 120
2.8568 4.2503 -2.0944 80 200 120
3.5068 -6.8647 -3.0416 80 200 120
1.3766 -0.5175 -3.0680 80 200 120
1.8105 -4.1191 -4.0271 80 200 120
1.2264 -3.4123 -4.1616 80 200 120
2.0115 -5.3707 -4.2152 80 200 120
0.4163 -2.2553 -4.3952 80 200 120
0.7341 2.5888 -2.9562 80 200 120
0.0804 -2.5373 -3.9414 80 200 120
-0.2068 -1.2497 -4.7562 80 200 120
2.4689 -5.4698 -4.0943 80 200 120
9.2668 -4.1131 -4.0011 80 200 120
5.6528 -6.8621 -4.7747 80 200 120
6.7177 -3.9851 -3.3572 80 200 120
5.8308 -6.9792 -1.7760 80 200 120
5.6557 -4.8429 -2.1213 80 200 120
6.1964 -6.4524 -4.5314 80 200 120
6.0449 -6.8324 -2.1159 80 200 120
5.5866 -7.2852 -3.8109 80 200 120
5.9919 -6.3919 -3.2802 80 200 120
5.7025 -4.4320 -2.4299 80 200 120
9.4803 -2.9743 -2.2137 80 200 120
5.5852 -6.6872 -3.1973 80 200 120
6.0548 -7.2224 -2.4710 80 200 120
5.8010 -0.6884 -4.6596 80 200 120
5.7357 0.8530 -3.2962 80 200 120
4.9909 0.3139 -4.8588 80 200 120
7.5006 -2.3019 -4.6988 80 200 120
5.5729 -1.2477 -4.6609 80 200 120
8.3500 -2.5586 -4.6556 80 200 120
5.8138 -0.2256 -4.6316 80 200 120
9.6266 -3.1337 -3.9021 80 200 120
1.7840 -0.6236 -4.3535 80 200 120
2.6555 -5.9538 -4.1396 80 200 120
6.5980 -3.8161 -3.5868 80 200 120
3.5289 -6.8819 -2.1916 80 200 120
4.5693 -2.6447 -4.4241 80 200 120
-0.8844 -1.7202 -2.4298 80 200 120
-2.1639 -0.5200 -3.5877 80 200 120
6.7159 -3.8416 -4.5707 80 200 120
4.4417 -3.4674 -4.6774 80 200 120
6.4040 -2.8063 -4.4500 80 200 120
3.7564 -6.8082 -2.6489 80 200 120
5.7534 -4.3601 -3.3711 80 200 120
6.4585 -2.9501 -3.7993 80 200 120
5.8328 -3.5123 -3.9026 80 200 120
5.6106 -1.9733 -3.9244 80 200 120
7.1549 -1.5682 -4.6507 80 200 120
6.4640 -0.8443 -4.6370 80 200 120
3.8961 -2.7192 -3.7829 80 200 120
2.8246 -4.1532 -4.7284 80 200 120
0.2650 1.9992 -1.3086 80 200 120
5.1938 1.0229 -3.2272 80 200 120
4.7108 1.3620 -3.1924 80 200 120
4.2521 -0.1744 -1.4853 80 200 120
1.5863 3.0277 -1.9202 80 200 120
2.2013 2.9321 -2.2200 80 200 120
5.1675 1.3891 -2.8486 80 200 120
9.2315 -2.9566 -2.2152 80 200 120
7.0255 -0.1014 -2.7883 80 200 120
4.1607 2.1975 -2.8641 80 200 120
9.5102 -2.9893 -1.8588 80 200 120
1.7747 -3.5859 -4.1468 80 200 120
1.5478 -0.6740 -3.4040 80 200 120
3.2523 -6.6898 -2.1428 80 200 120
1.0537 -4.0055 -2.9923 80 200 120
1.7968 -4.2296 -4.5626 80 200 120
2.0213 -4.6995 -4.4483 80 200 120
2.3884 -4.9716 -4.4233 80 200 120
2.0708 -0.6922 -1.5129 80 200 120
-1.2493 -0.8564 -4.1977 80 200 120
2.2036 2.5435 -1.5997 80 200 120
-0.6494 -1.7716 -4.4680 80 200 120
1.3706 -0.5181 -1.7745 80 200 120
2.8202 2.4855 -1.6444 80 200 120
1.4918 2.1633 -1.5064 80 200 120
3.5498 -6.2663 -1.5403 80 200 120
5.4491 -3.9050 -1.6096 80 200 120
3.2692 -6.1148 -1.5370 80 200 120
3.8369 -6.5827 -2.6436 80 200 120
5.4265 -7.1400 -1.4054 80 200 120
3.2569 -7.3694 -3.1760 80 200 120
2.7688 -6.1029 -1.9546 80 200 120
5.4659 -3.8906 -1.9661 80 200 120
7.4978 -5.4066 -1.4541 80 200 120
3.4906 -6.6273 -1.6161 80 200 120
6.0113 -4.4613 -1.4261 80 200 120
5.8295 -4.8404 -1.4569 80 200 120
5.5258 -7.0775 -2.5566 80 200 120
9.3685 -3.8659 -1.4798 80 200 120
7.2252 -4.7320 -4.1446 80 200 120
6.7589 -3.9024 -4.7373 80 200 120
5.2367 0.7099 -4.1408 80 200 120
7.1584 -1.3931 -3.7945 80 200 120
8.5746 -4.6652 -4.6477 80 200 120
5.4782 1.0455 -3.9453 80 200 120
9.5936 -3.3533 -4.5363 80 200 120
5.2085 0.8169 -3.7552 80 200 120
9.0526 -2.6769 -4.5916 80 200 120
4.8389 -0.9297 -4.6731 80 200 120
6.4490 -2.8949 -3.7065 80 200 120
6.9415 -4.2119 -3.5871 80 200 120
6.1559 0.4011 -4.3446 80 200 120
8.0731 -1.5573 -4.5413 80 200 120
6.3110 -3.4984 -4.0660 80 200 120
2.6064 0.2939 -4.3357 80 200 120
2.2105 -5.1249 -4.5680 80 200 120
-1.1496 -1.8728 -3.2363 80 200 120
3.4487 -5.4564 -4.5285 80 200 120
6.8798 -4.0740 -3.4875 80 200 120
8.7847 -4.5255 -4.6475 80 200 120
5.0021 0.5587 -4.6293 80 200 120
3.9955 -1.9036 -4.4985 80 200 120
2.1234 -3.8879 -4.0434 80 200 120
1.8609 -3.5328 -4.0745 80 200 120
1.3611 0.1530 -1.7228 80 200 120
-1.6447 -0.5862 -1.4396 80 200 120
-1.2729 -0.3701 -4.5760 80 200 120
0.6078 -0.2836 -3.6205 80 200 120
4.2696 -3.2008 -4.7153 80 200 120
4.0206 -2.6578 -4.2794 80 200 120
4.0772 1.6539 -3.2230 80 200 120
1.9082 2.7501 -2.6237 80 200 120
3.2504 2.2385 -2.9987 80 200 120
2.0419 3.0193 -2.7978 80 200 120
8.1864 -3.0572 -1.4419 80 200 120
5.5790 1.2023 -3.3651 80 200 120
5.1719 0.8379 -2.4823 80 200 120
2.8633 -6.1031 -2.6220 80 200 120
2.5626 -5.7725 -2.1674 80 200 120
1.1257 -2.9031 -4.0262 80 200 120
1.5225 1.8580 -2.9189 80 200 120
2.5836 -4.1175 -4.5000 80 200 120
6.1151 -6.8356 -4.7012 80 200 120
7.7620 -5.4447 -3.5177 80 200 120
9.7971 -3.5974 -3.2465 80 200 120
6.6782 -6.4024 -2.5640 80 200 120
8.5039 -4.6435 -3.8790 80 200 120
4.7838 -4.6658 -1.4138 80 200 120
8.1836 -3.0561 -1.4406 80 200 120
9.4019 -2.9496 -2.2061 80 200 120
8.8615 -2.6616 -1.4356 80 200 120
3.6101 -4.9780 -1.4557 80 200 120
5.8220 -3.8073 -1.5030 80 200 120
5.3422 -6.9281 -1.9121 80 200 120
5.3896 -4.0054 -1.7586 80 200 120
9.1265 -3.0333 -1.4566 80 200 120
9.8453 -3.6296 -3.5344 80 200 120
9.7443 -3.3127 -2.7749 80 200 120
4.8005 0.7827 -4.7505 80 200 120
6.6986 -3.8664 -3.5741 80 200 120
6.4090 -3.5366 -3.8740 80 200 120
6.3539 -3.4606 -3.5401 80 200 120
7.8310 -5.0253 -4.5019 80 200 120
3.6695 -2.0298 -3.6236 80 200 120
5.7258 -4.4432 -3.8276 80 200 120
8.3791 -4.2310 -4.6660 80 200 120
3.1500 -6.4392 -3.0971 80 200 120
4.7990 -4.1643 -4.6473 80 200 120
1.6190 -4.7146 -2.5163 80 200 120
5.9215 -3.8477 -4.2158 80 200 120
5.7095 -3.4688 -4.0198 80 200 120
2.5354 -3.3785 -4.7125 80 200 120
5.4662 -3.8862 -2.8298 80 200 120
5.0650 0.8722 -3.6662 80 200 120
6.7975 -0.6514 -3.7746 80 200 120
6.8740 -1.0198 -3.7744 80 200 120
0.3435 -0.2471 -1.7508 80 200 120
7.2383 -0.9370 -3.8456 80 200 120
-1.7091 -0.6413 -3.5928 80 200 120
7.0143 -1.2930 -3.8333 80 200 120
6.3880 -2.8006 -4.4186 80 200 120
7.3660 -1.4163 -3.7018 80 200 120
4.2129 -2.3253 -3.5841 80 200 120
5.7690 -2.0726 -4.0326 80 200 120
7.3251 -1.1917 -3.7819 80 200 120
2.1401 -3.3749 -4.5830 80 200 120
0.7536 0.8317 -1.6287 80 200 120
5.6446 1.3091 -3.6905 80 200 120
5.2387 1.0262 -3.4588 80 200 120
1.6220 1.7027 -2.2945 80 200 120
8.4285 -3.6153 -1.3921 80 200 120
3.6989 -0.3729 -1.4214 80 200 120
1.0647 1.5175 -1.4557 80 200 120
1.4056 1.6835 -1.6343 80 200 120
1.3862 1.6374 -1.5019 80 200 120
-0.2246 -2.5104 -2.0306 80 200 120
1.2936 -3.3287 -3.9669 80 200 120
3.1947 -6.3560 -3.0863 80 200 120
2.8639 -2.3220 -1.4353 80 200 120
1.7989 -0.6416 -2.4546 80 200 120
1.8979 -0.3113 -2.4711 80 200 120
0.7141 -1.4816 -4.4486 80 200 120
2.3567 -5.1183 -4.4648 80 200 120
1.8671 -2.9297 -4.4974 80 200 120
-1.7486 0.0052 -3.3410 80 200 120
2.1079 -5.2602 -4.1279 80 200 120
0.8404 -3.7525 -3.4932 80 200 120
2.1766 -5.1803 -2.1764 80 200 120
2.7130 -6.1850 -1.9517 80 200 120
3.3725 -6.1861 -1.8500 80 200 120
8.3006 -3.9234 -1.4263 80 200 120
9.0447 -4.3118 -3.8695 80 200 120
5.7622 -4.0940 -1.5122 80 200 120
3.1157 -6.0515 -2.2927 80 200 120
6.1290 -7.0308 -2.6537 80 200 120
5.1848 -3.8285 -1.4706 80 200 120
5.5809 -6.3591 -4.0688 80 200 120
7.3648 -4.1165 -1.4338 80 200 120
4.5142 -5.0471 -1.4826 80 200 120
5.4728 -7.1149 -2.6663 80 200 120
6.9638 -3.9197 -4.7525 80 200 120
7.0011 -2.3619 -4.6636 80 200 120
7.5387 -3.1714 -4.6750 80 200 120
7.1013 -1.2045 -3.6581 80 200 120
6.2070 -3.4217 -4.3541 80 200 120
6.6311 -3.7854 -4.8601 80 200 120
5.8544 -4.2068 -4.7334 80 200 120
6.1642 -2.5007 -4.5700 80 200 120
7.0775 -4.3775 -4.5543 80 200 120
0.9084 -0.4466 -4.2181 80 200 120
5.6195 -7.1770 -4.5935 80 200 120
-1.7991 -0.2805 -4.7226 80 200 120
6.4375 -3.9731 -3.5387 80 200 120
6.6466 -4.0759 -3.5230 80 200 120
6.5806 -3.6621 -4.6207 80 200 120
6.2342 -3.6509 -3.4515 80 200 120
6.2911 -4.1489 -3.5665 80 200 120
9.0262 -4.3128 -4.6276 80 200 120
3.0187 -6.0856 -2.7253 80 200 120
6.0894 -6.7128 -4.5985 80 200 120
6.5999 -3.8144 -3.5988 80 200 120
3.9925 -5.5274 -4.3956 80 200 120
6.1055 -3.6794 -3.5051 80 200 120
0.9009 -3.8013 -2.9003 80 200 120
6.8740 -4.0080 -4.1297 80 200 120
3.9496 -4.4692 -4.6922 80 200 120
5.0506 0.9102 -3.3732 80 200 120
4.7413 1.0899 -3.5172 80 200 120
5.1778 0.8036 -3.4011 80 200 120
1.8733 -0.2654 -1.7971 80 200 120
1.7611 -0.6610 -2.7813 80 200 120
1.7805 -4.1829 -4.4917 80 200 120
2.2938 -3.7456 -4.6206 80 200 120
1.9869 -4.0036 -3.9870 80 200 120
5.6220 -1.9597 -3.8468 80 200 120
1.9493 -4.5606 -4.6448 80 200 120
0.1967 -2.3305 -4.1835 80 200 120
1.7148 -3.0730 -4.6007 80 200 120
2.9068 -4.1385 -4.6941 80 200 120
3.9469 -2.5388 -3.6817 80 200 120
2.3983 -5.7105 -4.7029 80 200 120
1.8430 -3.5478 -4.1139 80 200 120
6.8095 -1.5334 -4.7161 80 200 120
1.5786 -0.4903 -1.3817 80 200 120
3.9962 -2.6339 -3.9565 80 200 120
4.6455 -3.3014 -4.6944 80 200 120
2.3623 -4.8307 -4.6955 80 200 120
2.1613 3.0495 -3.4245 80 200 120
6.0877 1.2411 -3.9806 80 200 120
4.5842 1.2673 -3.2639 80 200 120
5.1292 0.7161 -3.2552 80 200 120
0.2834 2.0786 -1.8961 80 200 120
5.9417 1.3262 -3.6206 80 200 120
9.4606 -2.9689 -1.9885 80 200 120
1.6521 -4.1253 -4.0618 80 200 120
3.1891 -6.3062 -2.3994 80 200 120
3.5916 -6.7358 -2.4555 80 200 120
1.1289 -2.6617 -4.5900 80 200 120
3.2076 -6.1426 -4.5089 80 200 120
0.1003 -2.5467 -3.9386 80 200 120
1.4250 -4.3696 -1.9025 80 200 120
1.5444 2.8854 -2.4147 80 200 120
1.7720 -4.2256 -4.5710 80 200 120
2.7133 -1.1457 -3.6170 80 200 120
2.7716 -5.4634 -4.5309 80 200 120
-1.2402 0.3011 -3.8950 80 200 120
4.9946 -6.7642 -1.6950 80 200 120
4.5428 -8.0472 -2.2123 80 200 120
4.5179 -8.2975 -2.6941 80 200 120
8.4602 -4.8194 -2.8811 80 200 120
7.7781 -5.4187 -1.7121 80 200 120
9.7236 -3.7357 -2.7728 80 200 120
7.4709 -5.6533 -2.7198 80 200 120
5.0987 -7.5458 -2.3522 80 200 120
8.4180 -4.8176 -3.1811 80 200 120
9.2032 -2.7283 -2.1947 80 200 120
7.9362 -5.2648 -3.6059 80 200 120
9.4678 -2.9588 -2.2341 80 200 120
8.3761 -4.8758 -3.4778 80 200 120
6.4325 -6.9122 -2.6926 80 200 120
8.7569 -2.3382 -1.5419 80 200 120
9.6511 -3.8215 -3.1888 80 200 120
5.7635 -1.1283 -4.7008 80 200 120
6.2466 -3.7878 -3.5893 80 200 120
6.5100 -4.1918 -3.4635 80 200 120
5.0065 0.7892 -4.8530 80 200 120
5.8455 0.8817 -4.5318 80 200 120
4.6081 0.9727 -4.7336 80 200 120
5.8148 -4.1885 -4.4048 80 200 120
6.4109 -3.9341 -3.5422 80 200 120
6.2472 -4.2659 -3.6723 80 200 120
6.3972 -3.5155 -4.6105 80 200 120
4.9112 0.3544 -4.8573 80 200 120
3.7010 -1.6617 -4.1251 80 200 120
3.4099 -0.9972 -4.8003 80 200 120
6.0112 -3.8429 -3.5173 80 200 120
6.3447 -3.4434 -4.5953 80 200 120
5.9356 -3.7851 -4.7065 80 200 120
8.0666 -4.8981 -4.5033 80 200 120
5.4789 -3.8193 -4.2893 80 200 120
6.2354 -3.5629 -3.5133 80 200 120
6.4371 -2.8708 -3.6566 80 200 120
4.6566 -3.2963 -4.6905 80 200 120
5.5147 -5.9173 -4.6950 80 200 120
2.3793 -4.2314 -4.6847 80 200 120
6.5416 -4.1758 -3.4964 80 200 120
9.3272 -3.7638 -4.5130 80 200 120
2.5045 0.7206 -4.3206 80 200 120
1.4012 0.3365 -3.4965 80 200 120
5.6813 1.0525 -4.5747 80 200 120
1.8027 0.1420 -3.5762 80 200 120
3.4459 -1.8840 -3.6764 80 200 120
3.0469 -5.6354 -4.4330 80 200 120
7.5498 -1.3097 -4.3761 80 200 120
7.4385 -1.3444 -3.7730 80 200 120
7.3299 -1.4316 -3.9196 80 200 120
6.8897 -1.0559 -3.8354 80 200 120
7.1008 -1.3716 -3.8257 80 200 120
4.8634 0.3529 -4.8504 80 200 120
6.8846 -0.8854 -3.7456 80 200 120
3.3130 3.9472 -1.5503 80 200 120
5.8957 -4.0645 -4.3002 80 200 120
1.9755 2.7670 -1.6233 80 200 120
4.7606 1.1185 -3.6121 80 200 120
1.0103 2.4236 -2.9583 80 200 120
6.4532 0.3347 -3.7963 80 200 120
5.2390 0.8977 -3.6947 80 200 120
0.7218 1.1173 -2.0634 80 200 120
1.1813 2.2275 -1.4930 80 200 120
2.2057 -0.8244 -1.5693 80 200 120
-1.2759 -0.0997 -1.8507 80 200 120
2.2110 -4.2711 -4.7138 80 200 120
-0.6354 -1.7105 -4.5062 80 200 120
2.1323 2.6398 -1.5820 80 200 120
-1.5789 -0.6198 -4.5021 80 200 120
-1.4990 -0.1463 -3.3676 80 200 120
2.5778 2.8137 -1.5785 80 200 120
1.8728 0.4452 -1.4262 80 200 120
5.8180 -3.8698 -1.4873 80 200 120
1.7877 2.7412 -1.8908 80 200 120
5.4603 -3.8387 -1.6298 80 200 120
-1.5937 -0.6701 -3.6800 80 200 120
2.2097 -2.7459 -1.4141 80 200 120
5.0290 -4.3009 -1.6549 80 200 120
5.6915 -6.6626 -1.5870 80 200 120
8.1673 -5.0559 -2.4955 80 200 120
8.6480 -3.1141 -1.4084 80 200 120
9.1873 -4.0820 -3.9568 80 200 120
4.5742 -7.1221 -1.8661 80 200 120
5.2622 -7.2354 -3.5410 80 200 120
9.4758 -2.9379 -1.8639 80 200 120
7.1871 -5.3525 -3.9127 80 200 120
7.0221 -3.8982 -1.4364 80 200 120
6.0657 -6.4796 -4.1547 80 200 120
7.0276 -6.1011 -2.3344 80 200 120
7.6142 -5.6748 -4.1737 80 200 120
8.4843 -2.8664 -1.4196 80 200 120
6.2258 -3.5136 -4.6169 80 200 120
8.8662 -4.2817 -4.5486 80 200 120
5.8251 -3.8488 -4.5824 80 200 120
7.2867 -3.0013 -4.6631 80 200 120
5.6453 -3.6924 -4.4322 80 200 120
6.1471 -4.2515 -3.6633 80 200 120
5.8070 -3.7798 -4.4813 80 200 120
4.9631 -3.4458 -4.6826 80 200 120
3.3055 -0.6086 -4.6250 80 200 120
5.1678 -7.5174 -4.5706 80 200 120
4.1824 -2.0282 -4.5770 80 200 120
6.3995 -6.5392 -4.6503 80 200 120
8.5195 -4.7037 -4.6168 80 200 120
3.4384 -1.3734 -3.9425 80 200 120
6.5043 -0.5259 -3.9584 80 200 120
6.5441 -0.7408 -4.7950 80 200 120
2.7896 2.6515 -1.6190 80 200 120
-1.7393 -0.5808 -2.0619 80 200 120
6.3429 -3.4600 -4.6715 80 200 120
6.4224 -2.8637 -3.6894 80 200 120
1.6738 2.2363 -3.2717 80 200 120
2.0149 3.7085 -4.0723 80 200 120
4.1242 1.7112 -3.9937 80 200 120
5.5379 0.6896 -3.7904 80 200 120
1.5192 2.9300 -3.4689 80 200 120
4.7368 0.8013 -3.1987 80 200 120
1.7884 -4.0281 -4.0216 80 200 120
4.9591 -6.7280 -1.7249 80 200 120
1.5880 -2.9631 -4.6192 80 200 120
-1.2005 -0.0354 -4.4753 80 200 120
1.7557 -3.6327 -3.9663 80 200 120
1.7789 -4.7995 -2.5328 80 200 120
4.5861 -8.0113 -2.5089 80 200 120
2.8827 -6.0041 -1.9615 80 200 120
0.6629 -0.6320 -1.3458 80 200 120
1.2401 -2.2759 -4.6990 80 200 120
2.2384 -3.1986 -4.5921 80 200 120
1.9212 -0.6817 -2.6774 80 200 120
6.0199 -7.0492 -2.1388 80 200 120
4.4509 -7.6609 -3.2817 80 200 120
5.2073 -7.5949 -1.7981 80 200 120
8.4921 -4.7685 -2.5417 80 200 120
5.0254 -6.9078 -3.6555 80 200 120
5.9028 -6.3508 -2.9655 80 200 120
7.4846 -4.7416 -1.3985 80 200 120
7.1180 -6.2157 -4.2306 80 200 120
4.3448 -7.4536 -2.2298 80 200 120
5.7087 -4.1033 -1.6202 80 200 120
5.8882 -6.9526 -1.3887 80 200 120
5.8007 -4.8837 -1.4082 80 200 120
5.2356 -5.7849 -1.3750 80 200 120
7.8388 -2.9280 -4.6585 80 200 120
6.8473 -3.9481 -4.2961 80 200 120
7.9404 -1.2601 -4.6129 80 200 120
6.5558 -4.2614 -3.5692 80 200 120
6.5858 -3.7038 -4.6749 80 200 120
5.9283 -3.8618 -4.9815 80 200 120
6.0894 -3.6670 -3.5245 80 200 120
6.9145 -4.0522 -3.7273 80 200 120
6.2183 -3.5806 -3.5652 80 200 120
7.0307 -1.9879 -4.6899 80 200 120
2.2039 -5.2471 -4.1870 80 200 120
6.4403 -2.8626 -3.7025 80 200 120
5.8648 -3.8382 -3.6385 80 200 120
1.5939 -4.3533 -4.2760 80 200 120
6.1114 -4.0044 -3.5839 80 200 120
3.7526 -2.7622 -4.1462 80 200 120
1.6095 -4.7506 -2.4737 80 200 120
6.6474 -3.9058 -3.5267 80 200 120
4.7286 -3.7630 -4.6374 80 200 120
6.8439 -3.9907 -3.6149 80 200 120
9.7352 -3.4819 -4.5409 80 200 120
9.2205 -3.8661 -4.5521 80 200 120
3.7387 -3.7834 -4.7015 80 200 120
1.8063 -4.1960 -4.5019 80 200 120
1.8997 -4.0248 -4.0002 80 200 120
1.9546 -4.5144 -4.6136 80 200 120
5.6564 -1.9565 -3.7536 80 200 120
1.8579 -0.6282 -1.4514 80 200 120
2.6825 -3.3263 -4.6782 80 200 120
6.9063 -1.3902 -4.5917 80 200 120
2.4623 -5.0687 -4.6999 80 200 120
-1.1416 -1.5559 -2.9629 80 200 120
7.1199 -1.4028 -3.7935 80 200 120
6.6908 -0.5610 -3.9577 80 200 120
-1.6602 -1.5063 -1.3056 80 200 120
8.4632 -1.8284 -4.6513 80 200 120
0.7575 1.0458 -2.6676 80 200 120
5.6066 0.8795 -4.0468 80 200 120
0.9177 2.1149 -2.2981 80 200 120
2.0443 -0.7447 -1.5324 80 200 120
2.1133 -0.4270 -1.8823 80 200 120
0.0123 -0.0966 -1.6619 80 200 120
2.3459 -0.9223 -3.4871 80 200 120
2.1512 -5.1319 -4.5491 80 200 120
-0.3953 -1.7182 -4.4562 80 200 120
0.4321 -1.0074 -4.4508 80 200 120
2.0937 -4.1498 -4.4030 80 200 120
2.8243 -5.8299 -4.0904 80 200 120
1.5522 -0.6027 -3.2146 80 200 120
4.7497 -6.8561 -1.9727 80 200 120
1.3747 -4.2179 -3.6279 80 200 120
8.4679 -4.8237 -2.3114 80 200 120
4.6162 -8.0334 -1.3420 80 200 120
6.7705 -6.1489 -3.1127 80 200 120
8.7266 -4.2872 -1.4086 80 200 120
4.6029 -7.0818 -1.4485 80 200 120
9.0802 -2.7572 -1.5335 80 200 120
7.8458 -5.3284 -2.8686 80 200 120
7.0532 -1.3617 -3.7376 80 200 120
5.9588 -3.7411 -3.6191 80 200 120
8.0205 -3.1668 -4.6751 80 200 120
5.1024 0.4335 -4.6280 80 200 120
6.3849 -2.9658 -3.8852 80 200 120
4.7972 -6.2312 -4.0525 80 200 120
4.6084 -7.9975 -4.5704 80 200 120
4.9570 -5.9529 -4.2301 80 200 120
4.3120 -8.0412 -3.3362 80 200 120
4.9400 -5.7380 -4.6785 80 200 120
2.4517 -5.4785 -4.0327 80 200 120
5.4893 -3.8195 -3.9747 80 200 120
5.4813 -5.2676 -4.6784 80 200 120
8.3500 -3.9037 -4.6635 80 200 120
9.2011 -2.6214 -4.6778 80 200 120
4.2238 -2.2868 -3.5812 80 200 120
4.3518 -2.3642 -4.6597 80 200 120
3.4738 -4.3436 -4.6657 80 200 120
4.3304 -7.4126 -2.2681 80 200 120
6.0488 -3.7118 -4.8562 80 200 120
6.0406 -5.7741 -4.6988 80 200 120
5.8833 -3.3333 -4.1640 80 200 120
3.0155 -2.1651 -3.8019 80 200 120
6.3831 -2.9315 -4.0141 80 200 120
6.3438 -1.5515 -4.6346 80 200 120
9.0952 -2.9120 -4.7754 80 200 120
7.4396 -2.3059 -4.7145 80 200 120
9.4938 -2.9355 -4.6876 80 200 120
1.7465 -3.1263 -4.1115 80 200 120
6.3948 -4.1171 -3.5362 80 200 120
5.3573 -3.5701 -4.5315 80 200 120
0.2389 -2.5347 -3.9803 80 200 120
2.7319 -4.8853 -4.7015 80 200 120
2.3665 0.7963 -4.0553 80 200 120
1.4108 0.3342 -3.5053 80 200 120
2.4090 0.2224 -4.2189 80 200 120
2.7606 0.2960 -4.4377 80 200 120
6.1027 0.8248 -4.5999 80 200 120
6.1933 0.6289 -4.5526 80 200 120
1.0823 2.2346 -2.8832 80 200 120
3.9346 -1.7552 -3.9751 80 200 120
6.3277 -3.4545 -4.6552 80 200 120
7.6168 -1.2002 -4.5427 80 200 120
5.9678 -3.7428 -4.6077 80 200 120
6.4512 -2.8404 -3.7876 80 200 120
5.9302 -3.8008 -4.2846 80 200 120
3.9823 -2.6456 -3.8559 80 200 120
1.4633 -0.4896 -2.8090 80 200 120
5.7610 -3.7919 -4.6515 80 200 120
7.3326 -1.4070 -3.9176 80 200 120
5.4743 -3.8289 -4.2772 80 200 120
1.6923 -0.1319 -2.2547 80 200 120
8.1206 -1.2749 -1.8084 80 200 120
7.4768 -1.2646 -1.8069 80 200 120
7.6379 -0.3843 -2.0403 80 200 120
6.8292 -0.9308 -1.8376 80 200 120
6.6764 -0.2027 -1.9587 80 200 120
6.7279 -0.4284 -1.8409 80 200 120
6.9977 -1.2919 -1.8714 80 200 120
6.3643 -0.7392 -3.6387 80 200 120
5.2427 0.6050 -4.0811 80 200 120
4.6684 0.9251 -3.1993 80 200 120
6.7584 -0.8236 -3.6805 80 200 120
-1.4252 -1.1283 -3.0519 80 200 120
-0.3744 -2.2111 -1.8833 80 200 120
0.5989 -2.8928 -1.4288 80 200 120
-0.9998 -1.3317 -1.5283 80 200 120
1.3078 -3.1426 -1.3827 80 200 120
-0.1992 -2.5198 -2.7086 80 200 120
0.6655 1.8991 -2.6815 80 200 120
-1.1763 -1.3200 -2.6202 80 200 120
0.1674 -2.9221 -1.8257 80 200 120
0.5593 1.7535 -2.2670 80 200 120
-2.6410 -0.5065 -4.7296 80 200 120
-0.6885 -1.9158 -3.1346 80 200 120
2.4085 -4.6937 -4.7451 80 200 120
2.4703 -3.7297 -4.5332 80 200 120
-0.0900 -1.2853 -4.7173 80 200 120
1.5596 -2.5919 -4.9001 80 200 120
-0.7867 0.1230 -3.1417 80 200 120
-0.0995 0.0525 -1.9679 80 200 120
7.4147 -5.7591 -2.9937 80 200 120
7.5959 -5.5584 -1.9212 80 200 120
8.3057 -2.2847 -1.4349 80 200 120
4.2504 -7.3524 -3.0351 80 200 120
6.1774 -5.3028 -1.4285 80 200 120
4.1631 -8.4286 -3.3873 80 200 120
6.2262 -6.6535 -1.4733 80 200 120
5.4772 -7.0346 -2.6970 80 200 120
5.7117 -4.0820 -1.7088 80 200 120
8.4543 -4.4697 -3.5959 80 200 120
9.3688 -2.9624 -2.2412 80 200 120
6.3071 0.4975 -4.7605 80 200 120
6.6776 -2.2607 -4.1721 80 200 120
7.3274 -2.1407 -4.6849 80 200 120
6.0770 -5.7962 -4.7731 80 200 120
5.6587 -5.0895 -4.6939 80 200 120
6.6482 -4.0622 -3.5250 80 200 120
6.4109 -4.1676 -3.6001 80 200 120
6.4042 -2.9304 -4.5120 80 200 120
5.7810 -3.7839 -4.7209 80 200 120
6.1867 -3.1036 -4.6241 80 200 120
6.5586 -4.1773 -3.5188 80 200 120
7.0057 -4.9626 -4.0641 80 200 120
9.3897 -2.9679 -1.9166 80 200 120
1.6697 -3.0422 -4.6541 80 200 120
4.0308 -2.6184 -4.0040 80 200 120
7.4205 -1.8168 -4.7187 80 200 120
4.3163 -7.6292 -4.2725 80 200 120
6.0481 -3.2267 -4.5373 80 200 120
8.0735 -4.5471 -4.5559 80 200 120
2.5000 -3.0473 -4.6817 80 200 120
6.0409 -5.3617 -4.6882 80 200 120
9.7568 -3.2701 -4.7202 80 200 120
1.9594 -5.1027 -2.3708 80 200 120
6.6404 -3.8830 -3.5027 80 200 120
2.1702 -3.5347 -4.5913 80 200 120
3.9670 -4.1470 -4.7112 80 200 120
3.3994 -3.0805 -4.7187 80 200 120
6.3561 -3.4680 -3.6356 80 200 120
4.5437 -8.2133 -1.4715 80 200 120
6.1825 -3.1109 -4.6273 80 200 120
3.9279 -7.2530 -4.3251 80 200 120
4.7447 -7.6083 -2.5148 80 200 120
4.0703 -2.6113 -4.5104 80 200 120
7.8458 -3.1448 -4.6492 80 200 120
-0.0379 -2.1071 -4.5878 80 200 120
4.8053 -5.8453 -4.0929 80 200 120
6.6869 -4.5644 -3.6542 80 200 120
4.0183 -2.6047 -4.2582 80 200 120
6.8041 -6.2092 -4.6265 80 200 120
2.7558 -2.6623 -4.7413 80 200 120
1.2714 -3.7600 -2.8963 80 200 120
4.1384 -2.4948 -3.6075 80 200 120
5.7310 -6.7935 -4.7070 80 200 120
5.3285 -7.5059 -3.9590 80 200 120
-0.2552 -2.0657 -4.1075 80 200 120
4.8881 1.1084 -3.3366 80 200 120
4.3328 -2.3523 -4.6682 80 200 120
5.9161 -3.3039 -4.1390 80 200 120
5.7853 0.2382 -4.0955 80 200 120
6.5108 -1.1843 -1.7635 80 200 120
2.1028 3.2266 -4.6375 80 200 120
2.1186 -0.4782 -1.8418 80 200 120
1.0834 2.2243 -2.2947 80 200 120
0.0884 -2.5360 -3.1164 80 200 120
1.3932 -3.7731 -1.8430 80 200 120
0.1616 -2.9631 -2.3981 80 200 120
0.5237 -3.3684 -2.1740 80 200 120
2.0398 -4.4990 -4.5579 80 200 120
2.8384 2.4245 -1.6770 80 200 120
4.5324 -8.2514 -2.5129 80 200 120
1.9113 -3.2020 -4.2092 80 200 120
2.0509 -0.4034 -2.9336 80 200 120
2.6252 -4.1413 -4.4933 80 200 120
1.5562 -0.1171 -1.9191 80 200 120
4.3945 -7.8438 -1.7827 80 200 120
4.2202 -7.7922 -2.2430 80 200 120
4.3617 -8.7411 -2.9335 80 200 120
0.7079 1.3219 -3.3442 80 200 120
1.7820 -4.7446 -3.5280 80 200 120
2.3559 -3.6668 -1.4077 80 200 120
4.8445 -7.2771 -1.8989 80 200 120
4.1529 -7.0071 -1.4915 80 200 120
4.8062 -6.1430 -1.4200 80 200 120
4.3032 -6.0960 -1.8963 80 200 120
9.4204 -3.1771 -1.5681 80 200 120
7.2908 -4.9670 -1.4010 80 200 120
8.2488 -4.9601 -2.2278 80 200 120
4.0279 -6.6926 -2.1364 80 200 120
8.7875 -2.2603 -1.7355 80 200 120
6.8489 -6.2914 -3.1398 80 200 120
4.1423 -6.9822 -2.6674 80 200 120
7.8122 -5.4188 -3.7518 80 200 120
6.8859 -6.1590 -2.0187 80 200 120
7.5101 -5.6735 -3.1364 80 200 120
6.3836 -4.2381 -3.5089 80 200 120
6.1368 -6.1081 -4.6384 80 200 120
6.6401 -3.7706 -3.5362 80 200 120
5.1301 0.5826 -4.2953 80 200 120
8.0954 -4.0748 -4.6188 80 200 120
5.8806 -5.5814 -4.6295 80 200 120
6.8239 -3.9655 -3.5382 80 200 120
6.1507 -4.7787 -4.0986 80 200 120
5.6414 -2.1942 -3.6324 80 200 120
5.2552 0.4938 -3.8805 80 200 120
5.5907 0.5792 -3.8106 80 200 120
5.8661 -3.2976 -3.8354 80 200 120
1.2383 -3.0337 -4.0714 80 200 120
5.1690 -3.0876 -4.7207 80 200 120
6.1889 -4.0453 -3.5266 80 200 120
5.5402 -2.8236 -3.7221 80 200 120
5.5920 -4.5512 -4.6882 80 200 120
6.2815 -3.0082 -4.6188 80 200 120
6.4304 -2.8823 -4.4270 80 200 120
6.6035 -3.7262 -3.5263 80 200 120
8.8634 -3.3899 -4.6220 80 200 120
7.7496 -2.8876 -4.6235 80 200 120
2.0691 -2.2495 -4.8114 80 200 120
5.3852 -3.1019 -4.6704 80 200 120
0.2787 -3.1672 -3.7727 80 200 120
5.3220 0.7397 -3.5273 80 200 120
4.7173 0.7926 -4.6785 80 200 120
2.3723 0.1388 -3.7235 80 200 120
2.2258 -1.0206 -3.9672 80 200 120
5.6894 -1.9257 -3.7594 80 200 120
4.1552 -2.1106 -4.5587 80 200 120
-0.7067 0.1519 -4.4157 80 200 120
6.7561 -0.6333 -1.5660 80 200 120
7.4826 -1.5513 -1.5042 80 200 120
5.9865 0.4006 -1.5992 80 200 120
7.1188 -1.4978 -1.9352 80 200 120
6.9503 -0.7738 -1.7852 80 200 120
1.2078 0.5750 -3.3293 80 200 120
3.5591 2.0383 -4.5615 80 200 120
4.1919 1.5038 -3.9370 80 200 120
1.7252 -0.5732 -1.4409 80 200 120
1.3265 -0.4122 -2.7015 80 200 120
-0.8695 0.3621 -1.5327 80 200 120
-2.1877 -1.2520 -4.1374 80 200 120
-0.8116 0.3674 -4.5045 80 200 120
5.6478 -6.8703 -1.5254 80 200 120
-1.4238 -0.7357 -4.2500 80 200 120
0.5879 -3.3918 -1.7067 80 200 120
1.9721 -0.4709 -2.4516 80 200 120
4.9483 -8.2353 -2.3199 80 200 120
0.8485 -2.1802 -4.8619 80 200 120
0.7905 -1.6708 -4.9533 80 200 120
8.2973 -4.9504 -3.0112 80 200 120
9.4224 -2.9974 -2.2435 80 200 120
9.6397 -3.8173 -3.1626 80 200 120
5.1409 -6.0942 -1.3632 80 200 120
9.7917 -3.3950 -2.7557 80 200 120
5.8286 -4.8715 -1.3937 80 200 120
9.0313 -4.2934 -3.8788 80 200 120
8.1137 -3.0322 -1.3874 80 200 120
5.9277 -6.8297 -3.4298 80 200 120
8.4775 -4.8156 -2.0621 80 200 120
3.5969 -6.7172 -1.5191 80 200 120
9.2176 -2.7377 -2.2010 80 200 120
8.8339 -2.4986 -1.7682 80 200 120
6.2118 -4.7104 -1.4020 80 200 120
8.2512 -2.2883 -1.4347 80 200 120
6.0349 -7.2756 -2.4158 80 200 120
4.0361 -7.1761 -2.1043 80 200 120
6.5298 -0.8840 -3.5966 80 200 120
5.6637 0.3259 -4.4775 80 200 120
6.6768 -2.3596 -3.9974 80 200 120
6.6062 -1.3942 -3.6429 80 200 120
6.6223 -1.8701 -3.4142 80 200 120
6.3588 -0.2861 -3.9099 80 200 120
8.1385 -1.3668 -3.4113 80 200 120
5.2343 0.0166 -4.4299 80 200 120
5.0842 1.6254 -3.5290 80 200 120
7.0203 -4.1696 -3.6480 80 200 120
4.3681 1.4782 -4.9441 80 200 120
6.7118 -3.8425 -3.5246 80 200 120
6.0675 -3.2026 -4.5241 80 200 120
4.2872 -2.5738 -4.5396 80 200 120
6.3628 -4.2279 -3.5383 80 200 120
4.4591 -5.8188 -4.0876 80 200 120
5.9252 -3.3106 -4.6500 80 200 120
4.5919 -8.0651 -2.4873 80 200 120
4.7564 -5.6946 -4.4441 80 200 120
4.3539 -7.8783 -3.7431 80 200 120
6.3463 -3.4349 -3.5262 80 200 120
5.8225 -3.2198 -4.5996 80 200 120
5.6537 -5.0872 -4.6695 80 200 120
7.0852 -5.9071 -4.6466 80 200 120
6.0253 -3.2361 -3.9209 80 200 120
5.1034 -5.3435 -4.6952 80 200 120
3.6565 -6.6923 -3.1128 80 200 120
4.0965 2.2931 -3.1322 80 200 120
5.4535 0.9340 -3.2600 80 200 120
-1.9494 0.0685 -1.4351 80 200 120
6.4256 -2.8195 -4.5908 80 200 120
7.0687 -0.3111 -1.9252 80 200 120
7.1531 -1.5802 -1.7251 80 200 120
5.4471 1.2875 -1.5446 80 200 120
6.4782 -0.0258 -1.8122 80 200 120
-2.2936 -0.2570 -1.8389 80 200 120
2.2065 0.4790 -3.8250 80 200 120
-1.2450 -1.7039 -1.4094 80 200 120
4.7327 0.7523 -4.4454 80 200 120
3.8447 1.7697 -4.7368 80 200 120
1.8417 0.4840 -3.5226 80 200 120
5.8152 0.8176 -4.5501 80 200 120
4.9693 1.6879 -2.8913 80 200 120
1.0716 -0.2003 -1.7574 80 200 120
5.5372 1.1638 -3.1822 80 200 120
3.2125 2.5216 -4.1724 80 200 120
1.9754 1.6440 -3.4282 80 200 120
5.7988 -3.9038 -1.4718 80 200 120
5.7574 -3.8117 -1.4909 80 200 120
-1.7995 -0.8380 -1.5170 80 200 120
3.7285 -6.9438 -1.5068 80 200 120
4.6016 -7.9982 -1.4818 80 200 120
3.8717 -7.1706 -3.4118 80 200 120
3.4779 -6.9412 -3.1786 80 200 120
3.5427 -6.7925 -2.1652 80 200 120
3.3731 -6.5948 -2.5881 80 200 120
4.2083 -8.3280 -3.3933 80 200 120
3.6846 -7.1317 -2.5719 80 200 120
2.9852 -2.0164 -1.4443 80 200 120
3.9384 -7.2331 -1.5023 80 200 120
3.5505 -6.8718 -2.7415 80 200 120
4.1393 -7.6218 -3.3846 80 200 120
3.5703 -6.6875 -1.6329 80 200 120
7.1167 -4.6865 -1.4326 80 200 120
9.0145 -4.3245 -2.2521 80 200 120
4.1261 -6.6709 -1.8227 80 200 120
4.3194 -6.2559 -1.6828 80 200 120
3.9171 -6.2181 -1.3967 80 200 120
8.3643 -3.4139 -1.4277 80 200 120
6.1291 -6.5266 -2.6841 80 200 120
9.8407 -3.5645 -3.4512 80 200 120
9.7573 -3.6790 -2.8370 80 200 120
6.9744 -6.1233 -1.7875 80 200 120
7.7762 -2.4101 -4.6148 80 200 120
9.0660 -4.1469 -4.4829 80 200 120
9.4524 -3.6975 -4.6006 80 200 120
7.8983 -2.7184 -4.0841 80 200 120
5.5818 -1.6400 -3.8759 80 200 120
7.8653 -5.2284 -4.6375 80 200 120
7.3709 -5.6387 -4.6008 80 200 120
8.1695 -4.5660 -4.6717 80 200 120
6.3441 -3.3531 -3.6107 80 200 120
6.5350 -4.4057 -3.5111 80 200 120
6.4239 -2.7379 -3.8638 80 200 120
6.4720 -4.3429 -3.5473 80 200 120
7.0775 -5.9282 -4.6300 80 200 120
6.6306 -3.7763 -3.5320 80 200 120
6.6079 -4.0292 -3.5234 80 200 120
7.6944 -1.2327 -3.4337 80 200 120
5.9299 -3.3021 -4.5587 80 200 120
7.6917 -5.4051 -4.6126 80 200 120
6.5880 -2.4943 -4.4526 80 200 120
6.0788 -5.3589 -4.6760 80 200 120
6.8863 -6.1165 -4.6409 80 200 120
5.2777 -3.3756 -4.7288 80 200 120
6.7035 -3.7955 -3.5446 80 200 120
6.1513 -6.1788 -4.6682 80 200 120
5.6357 -4.0494 -4.5307 80 200 120
8.1574 -5.0141 -4.6043 80 200 120
4.6184 -5.4465 -4.6446 80 200 120
4.5412 -5.4721 -4.0842 80 200 120
8.3759 -4.2541 -4.6542 80 200 120
7.9141 -5.2476 -4.6234 80 200 120
8.6967 -4.4890 -4.5674 80 200 120
7.4216 -2.3098 -4.6680 80 200 120
4.5249 -2.0850 -4.6787 80 200 120
4.7017 -2.4237 -4.6973 80 200 120
4.4499 -5.1959 -4.5434 80 200 120
3.0945 -6.0443 -4.5818 80 200 120
4.3629 -5.3182 -4.1483 80 200 120
3.8122 -6.8932 -1.5425 80 200 120
3.1717 -6.3673 -2.4425 80 200 120
8.3535 -3.9102 -4.6693 80 200 120
4.1405 -7.9182 -2.2197 80 200 120
3.4482 -6.8969 -2.1590 80 200 120
5.6551 -3.0596 -4.7170 80 200 120
3.5160 -6.7398 -1.4996 80 200 120
5.0671 -7.7149 -2.3139 80 200 120
1.3803 0.5368 -3.5447 80 200 120
5.2697 0.5171 -3.7974 80 200 120
5.8977 -3.2961 -4.6433 80 200 120
6.4787 -2.7238 -3.8444 80 200 120
7.1763 -1.3118 -3.8398 80 200 120
1.4938 -0.4640 -1.8806 80 200 120
6.8093 -1.3875 -1.7731 80 200 120
7.0027 -1.5449 -1.7929 80 200 120
6.5076 -0.1645 -1.6637 80 200 120
5.5304 1.3456 -1.6914 80 200 120
6.1497 0.2029 -1.7266 80 200 120
2.8992 0.2518 -3.9058 80 200 120
4.2987 1.4713 -3.3019 80 200 120
6.2064 0.8085 -4.6430 80 200 120
6.8446 -1.1898 -3.7300 80 200 120
2.0950 2.0226 -4.4073 80 200 120
6.3427 -0.2564 -3.9189 80 200 120
0.5635 -0.0260 -2.6412 80 200 120
4.3852 -7.7468 -3.6949 80 200 120
3.8784 -7.3111 -4.1584 80 200 120
5.1214 -7.9306 -3.7104 80 200 120
4.5820 -7.1262 -1.3990 80 200 120
5.6490 -6.9683 -1.5421 80 200 120
2.6843 0.2434 -1.4164 80 200 120
3.7747 -7.2055 -2.9798 80 200 120
3.0577 -6.4319 -2.4219 80 200 120
2.9566 -6.3815 -3.1265 80 200 120
3.0669 -6.4500 -1.8763 80 200 120
3.9816 -6.1963 -1.4404 80 200 120
4.0177 -7.5325 -2.7201 80 200 120
4.4332 -8.2355 -3.0622 80 200 120
5.3087 -7.2482 -1.5483 80 200 120
3.1030 -6.5397 -3.4581 80 200 120
3.7564 -2.0639 -1.4352 80 200 120
4.6283 -7.9593 -4.0161 80 200 120
3.0509 -6.1827 -1.4767 80 200 120
3.3183 -6.5716 -2.1484 80 200 120
3.3032 -6.4454 -1.3896 80 200 120
4.3126 -2.5698 -1.3797 80 200 120
5.2252 -7.1286 -2.3832 80 200 120
3.0463 -6.0204 -4.2405 80 200 120
4.8832 -7.2953 -2.2523 80 200 120
3.0763 1.2047 -1.4303 80 200 120
3.0508 -6.2503 -3.5894 80 200 120
8.5045 -4.7946 -1.8017 80 200 120
8.7243 -4.5371 -1.9647 80 200 120
7.9187 -5.3104 -2.3558 80 200 120
9.6569 -3.3168 -3.2987 80 200 120
4.1275 -8.3283 -1.6404 80 200 120
8.3717 -4.8770 -1.6496 80 200 120
8.3997 -4.7776 -3.2094 80 200 120
9.1994 -4.3067 -3.9217 80 200 120
5.6749 -6.3690 -1.4302 80 200 120
7.0226 -2.3041 -4.0092 80 200 120
4.7109 2.1289 -3.2141 80 200 120
4.7926 2.0445 -3.1245 80 200 120
4.7464 1.3615 -3.3391 80 200 120
5.3038 0.7430 -3.4059 80 200 120
3.8488 1.9382 -4.7409 80 200 120
6.4155 -4.3054 -3.6118 80 200 120
6.2240 -6.5529 -4.5614 80 200 120
6.0563 -5.7848 -4.7615 80 200 120
6.7353 -4.2446 -3.5163 80 200 120
5.9990 -2.2331 -3.7578 80 200 120
6.3458 -4.1795 -3.5332 80 200 120
5.6538 -5.1523 -4.6950 80 200 120
6.5271 0.3458 -3.0666 80 200 120
6.3060 -6.3842 -4.7764 80 200 120
5.6510 -4.0484 -4.5209 80 200 120
6.2689 -3.2707 -3.6489 80 200 120
4.3799 1.5525 -4.9267 80 200 120
6.5855 -3.6838 -3.5466 80 200 120
6.6327 -4.3373 -3.5235 80 200 120
5.9747 -3.2378 -3.8892 80 200 120
8.1241 -4.9919 -4.5946 80 200 120
4.7277 0.1001 -4.6402 80 200 120
4.2998 -5.2288 -4.3465 80 200 120
7.3058 -5.7513 -4.6061 80 200 120
5.2448 -5.5533 -4.6886 80 200 120
6.1955 -4.9839 -4.6977 80 200 120
3.6206 -7.0472 -2.5782 80 200 120
5.8148 -3.8977 -4.5383 80 200 120
4.6626 -7.1938 -1.8811 80 200 120
2.5738 -5.9912 -4.1871 80 200 120
6.5012 -5.7866 -4.6727 80 200 120
5.3416 -7.0106 -4.6572 80 200 120
4.8203 -5.0531 -4.6711 80 200 120
9.8476 -3.5220 -4.6604 80 200 120
8.8149 -4.2505 -4.4337 80 200 120
2.7674 -5.9417 -4.5577 80 200 120
4.6690 -5.5919 -4.2403 80 200 120
5.5992 -4.7596 -4.6932 80 200 120
9.5439 -2.9348 -4.6990 80 200 120
2.9254 -6.1799 -2.6858 80 200 120
9.0038 -4.0388 -4.6591 80 200 120
4.2688 -5.0586 -4.6658 80 200 120
3.1019 -6.4246 -3.2160 80 200 120
5.9431 -4.2426 -4.6641 80 200 120
3.1348 2.5801 -3.2771 80 200 120
3.1186 -0.1335 -4.1851 80 200 120
2.9262 2.5663 -4.5413 80 200 120
3.1419 2.9518 -2.8258 80 200 120
4.6025 1.4475 -3.4100 80 200 120
1.6124 0.1568 -3.5017 80 200 120
3.9953 1.7406 -4.4494 80 200 120
4.8938 1.6644 -3.0618 80 200 120
3.6431 2.9605 -2.7801 80 200 120
3.6324 2.3133 -3.2652 80 200 120
1.9694 2.5974 -4.4687 80 200 120
2.8723 0.4929 -4.0150 80 200 120
3.8865 1.6570 -4.8575 80 200 120
4.2652 0.2769 -4.7687 80 200 120
2.7002 1.7424 -4.8163 80 200 120
3.1008 0.2665 -4.1834 80 200 120
2.4546 2.7927 -4.3232 80 200 120
2.6093 0.7047 -4.0519 80 200 120
2.8146 2.4300 -4.0317 80 200 120
3.2399 1.7041 -4.9912 80 200 120
5.0162 -2.0928 -3.7470 80 200 120
2.5824 2.6787 -4.8347 80 200 120
1.8035 -0.1081 -3.4804 80 200 120
1.7279 -0.0301 -3.4592 80 200 120
1.1619 1.2497 -3.6352 80 200 120
5.2961 1.2938 -3.1114 80 200 120
3.6486 2.0425 -3.4941 80 200 120
1.7794 -0.1133 -3.4565 80 200 120
3.4662 -0.1237 -4.6334 80 200 120
2.4991 1.2335 -4.6243 80 200 120
4.6382 1.2182 -3.7841 80 200 120
2.8947 2.3148 -5.0698 80 200 120
3.5048 2.4513 -3.1079 80 200 120
4.1268 1.7267 -3.6983 80 200 120
2.7047 3.2548 -2.8314 80 200 120
3.1875 0.0762 -4.1452 80 200 120
3.3432 -0.0405 -4.2386 80 200 120
4.1902 2.4070 -3.2739 80 200 120
2.5406 2.3875 -4.5462 80 200 120
3.3337 2.3091 -4.6434 80 200 120
3.2570 0.0086 -4.1769 80 200 120
3.0148 1.8488 -4.7536 80 200 120
3.7194 1.6113 -5.1068 80 200 120
3.0814 -0.2269 -4.4472 80 200 120
6.4424 -0.3678 -3.9526 80 200 120
2.7438 3.3856 -2.4271 80 200 120
5.1929 -2.5174 -3.7700 80 200 120
5.3163 -2.6611 -3.7813 80 200 120
5.3585 -2.6981 -4.1451 80 200 120
8.4706 -1.1786 -4.9819 80 200 120
4.4116 -5.2091 -4.5694 80 200 120
5.8906 -3.2708 -3.6829 80 200 120
4.3679 -5.2812 -4.1342 80 200 120
5.7844 0.7364 -1.6603 80 200 120
7.3050 -1.7822 -1.6749 80 200 120
5.4515 -0.4850 -4.1452 80 200 120
2.9164 1.4082 -4.6232 80 200 120
6.5081 -0.7251 -3.7884 80 200 120
5.8213 0.6849 -4.4826 80 200 120
4.8419 0.3297 -4.3021 80 200 120
5.7889 -3.8913 -1.4754 80 200 120
6.6702 -1.0066 -3.6474 80 200 120
3.1163 1.8940 -4.2528 80 200 120
2.9517 -6.1479 -2.6475 80 200 120
4.0237 -7.4443 -3.9426 80 200 120
2.7112 -5.9617 -2.3832 80 200 120
5.2619 -5.9099 -1.4643 80 200 120
3.7349 -7.0839 -2.1965 80 200 120
2.7186 -6.0817 -1.9293 80 200 120
3.7002 -0.5351 -1.3043 80 200 120
5.1697 -7.5915 -1.7756 80 200 120
2.6473 -5.9270 -4.1653 80 200 120
2.5579 -5.8168 -3.1774 80 200 120
2.5857 -5.7629 -3.5265 80 200 120
4.7880 -4.6849 -1.4167 80 200 120
4.3133 -5.6715 -1.3818 80 200 120
2.5941 -5.7381 -2.1874 80 200 120
4.0507 -5.1221 -1.4131 80 200 120
2.4984 -5.7007 -2.8065 80 200 120
2.2000 -5.2232 -1.4901 80 200 120
2.2090 -5.2694 -4.0262 80 200 120
2.3251 -5.5130 -4.0606 80 200 120
2.5995 -5.7072 -1.5603 80 200 120
2.2282 -5.4211 -3.0796 80 200 120
2.3427 -5.5341 -3.5244 80 200 120
4.1415 -7.6454 -3.0581 80 200 120
2.7204 -6.0577 -3.8338 80 200 120
3.4986 -6.8487 -3.6631 80 200 120
3.6547 -10.4153 -2.4442 80 200 120
3.7947 -6.8743 -1.5134 80 200 120
3.4597 -6.8594 -1.3973 80 200 120
3.8771 -6.2375 -1.3724 80 200 120
5.8501 -4.8155 -1.3943 80 200 120
5.3400 -5.5207 -1.5106 80 200 120
5.7970 -3.8924 -1.5254 80 200 120
4.2891 -7.9607 -1.2225 80 200 120
4.7078 -7.9633 -1.8680 80 200 120
4.2568 -7.1937 -1.5835 80 200 120
5.3939 -6.0935 -1.4146 80 200 120
6.3668 -1.2274 -4.3712 80 200 120
6.9708 -1.8884 -3.5181 80 200 120
5.5853 -5.8842 -4.6839 80 200 120
5.9285 -3.7322 -3.6160 80 200 120
6.5542 -6.4260 -4.6567 80 200 120
5.7865 -2.7637 -3.6329 80 200 120
5.5877 2.2253 -3.4495 80 200 120
8.3302 -4.8119 -4.5922 80 200 120
5.5678 0.5160 -3.7416 80 200 120
5.0880 0.7996 -4.3304 80 200 120
5.2613 -3.2581 -4.7552 80 200 120
5.8019 -2.0611 -3.7223 80 200 120
5.4048 -2.7439 -4.7087 80 200 120
5.2381 -2.5826 -4.4816 80 200 120
6.2199 -3.4831 -3.4790 80 200 120
6.6702 -3.7253 -3.5762 80 200 120
2.3244 -5.4244 -4.3000 80 200 120
3.2798 -5.6179 -4.6185 80 200 120
5.7515 -3.7805 -4.3758 80 200 120
2.8571 -6.5589 -2.8528 80 200 120
2.4557 -5.6995 -4.6353 80 200 120
4.6867 -7.5953 -2.8531 80 200 120
5.1909 -4.8033 -4.6865 80 200 120
5.7629 -4.6346 -4.6444 80 200 120
4.8045 -4.7877 -4.6743 80 200 120
3.4440 -6.4027 -2.1859 80 200 120
7.2669 -5.5375 -4.6830 80 200 120
6.5272 -4.3796 -3.8137 80 200 120
5.8492 -3.0338 -4.6148 80 200 120
5.8868 -3.2793 -3.6809 80 200 120
5.9720 -3.2339 -3.8899 80 200 120
5.3489 -6.2239 -4.6524 80 200 120
7.5378 -5.4850 -4.5782 80 200 120
5.3666 -4.5518 -4.6912 80 200 120
5.6404 -5.4996 -4.6781 80 200 120
2.0640 -5.2355 -4.1118 80 200 120
3.7756 -4.9069 -4.6988 80 200 120
8.1387 -4.5867 -4.6660 80 200 120
6.1858 -3.5147 -3.5659 80 200 120
2.0256 -5.1835 -4.6301 80 200 120
6.3542 -4.6803 -4.6764 80 200 120
3.0327 -4.9971 -4.6740 80 200 120
3.5263 -6.8140 -3.1386 80 200 120
3.3129 -6.2727 -4.5620 80 200 120
4.4974 -4.8155 -4.6836 80 200 120
5.7704 -5.7423 -4.6858 80 200 120
2.7940 -0.0123 -3.9492 80 200 120
4.1256 -1.7614 -4.6355 80 200 120
5.1874 1.0900 -3.2130 80 200 120
5.8044 -0.5661 -4.1830 80 200 120
4.9327 -5.8222 -4.6261 80 200 120
4.6090 -5.4019 -4.5906 80 200 120
4.2949 -5.1724 -4.2828 80 200 120
5.8102 -3.9081 -4.7259 80 200 120
4.6763 -5.6433 -4.1257 80 200 120
4.5385 -5.4928 -4.0865 80 200 120
5.7079 -3.0728 -3.6626 80 200 120
5.9353 -3.7228 -3.6543 80 200 120
4.8570 -5.9765 -4.1388 80 200 120
3.3374 -5.9873 -4.4600 80 200 120
4.6044 -5.5250 -4.3055 80 200 120
5.5546 -2.8423 -3.6504 80 200 120
8.0647 -1.7539 -1.7167 80 200 120
6.2637 0.0299 -1.7188 80 200 120
4.9911 1.6040 -1.6609 80 200 120
7.2565 -1.8236 -2.1448 80 200 120
6.4454 -1.1471 -1.8229 80 200 120
9.6251 -3.1785 -1.4395 80 200 120
4.0022 1.8042 -4.6698 80 200 120
3.3654 2.0497 -3.5368 80 200 120
6.8455 -1.0785 -3.7746 80 200 120
3.5387 1.7199 -4.4384 80 200 120
7.7469 -1.1599 -3.4223 80 200 120
9.3879 -2.9901 -2.0113 80 200 120
6.2900 -1.3550 -3.3269 80 200 120
1.7780 -4.9266 -1.9609 80 200 120
1.8996 -5.0686 -2.3085 80 200 120
2.3361 -5.4025 -4.5185 80 200 120
4.4650 -7.3157 -4.0742 80 200 120
2.4752 -5.5136 -4.7829 80 200 120
1.9816 -4.9692 -1.4632 80 200 120
3.5830 -5.2331 -1.4294 80 200 120
2.3379 -5.5203 -2.3457 80 200 120
3.3274 -6.6418 -3.8011 80 200 120
3.7352 -6.9948 -3.9911 80 200 120
3.6440 -6.9881 -1.7912 80 200 120
4.7926 -8.0310 -3.7501 80 200 120
4.4451 -6.5083 -1.3984 80 200 120
3.4881 -5.6882 -1.4142 80 200 120
2.0628 -4.8309 -4.4643 80 200 120
1.5094 -4.5873 -2.7544 80 200 120
2.1194 -5.1942 -4.5382 80 200 120
1.6164 -4.8427 -4.2172 80 200 120
2.6810 -5.9748 -4.5903 80 200 120
2.3444 -4.9882 -4.7958 80 200 120
3.4081 -4.7526 -1.4427 80 200 120
3.8908 -7.1633 -3.4334 80 200 120
2.7338 -6.1447 -3.3345 80 200 120
1.6947 -4.7944 -3.5598 80 200 120
1.9769 -5.1668 -2.7699 80 200 120
4.3118 -6.0706 -4.0464 80 200 120
1.5747 -4.5848 -4.8634 80 200 120
1.4516 -4.4108 -1.4296 80 200 120
1.3537 -4.4645 -4.3190 80 200 120
1.3713 -4.3961 -1.8866 80 200 120
1.9716 -5.1949 -3.4742 80 200 120
1.5732 -4.7797 -2.9978 80 200 120
3.2719 -6.5288 -3.1324 80 200 120
3.2141 -6.3513 -2.7121 80 200 120
2.2089 -4.5734 -1.4152 80 200 120
3.7355 -5.9551 -4.0383 80 200 120
7.2600 -4.4179 -1.4357 80 200 120
8.3971 -3.6506 -1.4569 80 200 120
6.7815 -6.2669 -3.1218 80 200 120
4.6699 -7.0295 -1.2586 80 200 120
8.3964 -1.9320 -1.5173 80 200 120
4.1882 -7.1894 -1.2325 80 200 120
4.0382 -8.4128 -2.4166 80 200 120
4.5705 -7.3690 -1.8467 80 200 120
9.5658 -3.7173 -2.8382 80 200 120
9.8216 -3.4824 -3.4457 80 200 120
7.1331 -5.2268 -1.4167 80 200 120
4.0650 -6.9431 -1.5557 80 200 120
4.9541 0.8368 -3.4723 80 200 120
6.0815 -3.5870 -3.5932 80 200 120
6.2148 -3.4721 -3.5808 80 200 120
5.0790 0.5702 -3.8005 80 200 120
5.9805 -3.4254 -3.6676 80 200 120
5.7890 -3.7994 -4.7008 80 200 120
5.8021 -3.9231 -4.5634 80 200 120
6.2136 -2.6816 -3.7315 80 200 120
3.9655 2.0003 -3.9543 80 200 120
5.4418 -5.2275 -4.6826 80 200 120
7.0237 -2.7031 -3.7695 80 200 120
5.9458 -3.2348 -3.5559 80 200 120
4.6474 -0.4873 -4.4473 80 200 120
5.6269 -2.7407 -3.6358 80 200 120
6.1756 -4.5344 -4.6778 80 200 120
6.4664 -4.3561 -4.4399 80 200 120
6.8944 -4.0110 -3.5422 80 200 120
5.7362 -3.0907 -3.6674 80 200 120
5.6233 -4.0755 -3.8560 80 200 120
6.4750 -5.7535 -4.6572 80 200 120
6.5551 -4.4305 -3.5932 80 200 120
1.6732 -4.9022 -4.7118 80 200 120
2.4233 -4.9253 -4.7620 80 200 120
4.6102 -7.1594 -4.6847 80 200 120
5.0614 -4.6190 -4.6854 80 200 120
3.5385 -5.3217 -4.6458 80 200 120
2.1956 -5.5610 -3.5712 80 200 120
5.9718 -3.7413 -4.8243 80 200 120
1.9561 -4.5066 -4.7310 80 200 120
2.6967 -4.2944 -4.7385 80 200 120
6.3370 -4.1711 -3.5039 80 200 120
3.5602 -4.2996 -4.6654 80 200 120
5.4842 -6.5967 -4.6772 80 200 120
6.0580 -4.4358 -4.6765 80 200 120
6.0820 -3.9305 -4.6455 80 200 120
3.0661 -4.0626 -4.6653 80 200 120
9.7265 -3.5278 -4.5728 80 200 120
8.3680 -4.2050 -4.6370 80 200 120
4.7272 -4.1808 -4.6824 80 200 120
6.0459 -3.8446 -3.5176 80 200 120
8.6000 -2.8680 -4.6918 80 200 120
3.9031 -4.4571 -4.6749 80 200 120
6.0927 -3.8948 -3.5206 80 200 120
3.2717 -6.7080 -1.7548 80 200 120
6.8166 -3.9732 -3.5076 80 200 120
4.3217 -4.4530 -4.6834 80 200 120
7.7373 -2.8133 -4.6248 80 200 120
4.9128 -6.6553 -4.6860 80 200 120
5.4343 -0.3292 -4.1611 80 200 120
7.1105 -1.6763 -4.5569 80 200 120
6.5215 -2.5189 -4.0583 80 200 120
5.6398 -5.0941 -4.6820 80 200 120
7.2719 -1.0327 -3.9397 80 200 120
6.9132 -1.1820 -3.8543 80 200 120
5.8978 -3.4669 -3.8204 80 200 120
4.2156 -5.5198 -4.0653 80 200 120
2.7198 -5.9417 -4.5952 80 200 120
6.3677 -2.9693 -3.8345 80 200 120
5.7803 -2.7215 -3.6493 80 200 120
2.4851 -5.6455 -4.6513 80 200 120
5.9516 -3.4233 -3.6588 80 200 120
5.6595 -4.0261 -4.6097 80 200 120
7.3332 -1.8277 -4.6544 80 200 120
6.3505 -3.3812 -3.5796 80 200 120
5.5085 -2.8901 -4.7148 80 200 120
6.2028 -3.4280 -3.6149 80 200 120
2.6439 -5.9421 -4.1750 80 200 120
2.5623 4.1010 -1.3662 80 200 120
2.1768 2.9935 -2.5777 80 200 120
7.3786 -2.2930 -4.6949 80 200 120
6.5288 -1.6010 -4.2660 80 200 120
5.3942 -4.5388 -4.6857 80 200 120
2.0953 -5.2674 -4.1274 80 200 120
8.6584 -2.4399 -1.4535 80 200 120
6.5151 -1.6104 -1.8821 80 200 120
4.8843 0.5440 -4.7880 80 200 120
6.2400 -0.4613 -4.4234 80 200 120
7.4073 -1.3723 -3.7645 80 200 120
7.9474 -1.3088 -3.8212 80 200 120
8.6541 -2.1308 -3.1651 80 200 120
8.3723 -1.7994 -2.4806 80 200 120
8.3241 -1.2327 -3.5768 80 200 120
6.2019 -1.6961 -1.3658 80 200 120
7.0407 -1.2704 -3.8041 80 200 120
6.1799 1.1344 -4.7008 80 200 120
8.0385 -3.0653 -1.4129 80 200 120
9.6488 -3.5957 -1.5090 80 200 120
8.5329 -3.6876 -1.5346 80 200 120
6.8234 -1.8867 -3.3042 80 200 120
1.7607 -4.1717 -4.3900 80 200 120
1.1419 -4.2285 -3.6825 80 200 120
2.4395 -3.9250 -1.3973 80 200 120
0.8085 -3.7534 -3.5103 80 200 120
3.2535 -6.6149 -1.7136 80 200 120
1.7182 -4.7991 -2.4142 80 200 120
1.1695 -4.0229 -1.4166 80 200 120
4.2750 -3.9917 -1.4084 80 200 120
2.2413 -5.3796 -1.8185 80 200 120
2.9279 -6.2024 -2.3170 80 200 120
1.3518 -4.0595 -4.1182 80 200 120
0.9059 -3.8119 -2.8883 80 200 120
0.1780 -3.2263 -2.0267 80 200 120
2.9634 -6.3088 -3.5325 80 200 120
2.7612 -5.9423 -1.4406 80 200 120
0.7492 -3.7778 -1.7011 80 200 120
1.1464 -3.5610 -3.9954 80 200 120
4.1022 -7.5550 -1.4440 80 200 120
0.5047 -3.3392 -3.0033 80 200 120
9.4320 -4.0249 -1.8991 80 200 120
7.7987 -4.3344 -1.3492 80 200 120
8.1438 -4.1511 -1.3811 80 200 120
10.1137 -3.7232 -3.2467 80 200 120
7.5107 -2.4716 -1.5066 80 200 120
7.5784 -5.5442 -2.6164 80 200 120
8.3155 -4.9250 -3.0918 80 200 120
8.5563 -2.0406 -1.7615 80 200 120
7.6668 -3.2360 -1.4188 80 200 120
4.5519 -8.1148 -2.5038 80 200 120
5.4889 -7.1039 -2.6531 80 200 120
6.0639 -6.8234 -2.4119 80 200 120
7.3017 -5.7891 -1.8408 80 200 120
6.0355 -6.9242 -2.1547 80 200 120
8.1675 -3.3755 -4.5597 80 200 120
4.1421 2.6012 -3.3566 80 200 120
8.8912 -3.3784 -4.6998 80 200 120
5.8944 -3.2717 -3.6505 80 200 120
5.2134 -2.5926 -3.9901 80 200 120
5.9320 -3.4448 -3.8536 80 200 120
5.3866 -2.7807 -4.6179 80 200 120
5.9205 -2.9421 -3.5923 80 200 120
5.6217 -4.7203 -4.6732 80 200 120
6.1234 0.0979 -4.3236 80 200 120
6.3238 -4.1430 -3.5235 80 200 120
5.0575 -4.5910 -4.6798 80 200 120
5.6361 -5.4561 -4.6926 80 200 120
6.9352 -2.2032 -3.8504 80 200 120
4.9579 0.1695 -4.7907 80 200 120
6.0822 -3.8859 -3.5150 80 200 120
4.6605 -4.1630 -4.5979 80 200 120
6.0491 -4.3960 -4.6581 80 200 120
5.6697 -2.3794 -3.7044 80 200 120
9.7667 -3.4180 -2.7168 80 200 120
6.8102 -0.1495 -2.8352 80 200 120
7.2678 -2.9019 -4.3402 80 200 120
2.3377 -3.7476 -4.6261 80 200 120
4.9708 -5.8662 -4.3958 80 200 120
6.4049 -4.2619 -3.5284 80 200 120
4.4818 -4.0954 -4.6943 80 200 120
1.8881 -4.2114 -4.5275 80 200 120
4.2857 -6.2106 -4.1087 80 200 120
1.9534 -3.2798 -4.7224 80 200 120
6.4728 -4.3932 -4.5226 80 200 120
6.3585 -4.2483 -4.5991 80 200 120
5.9593 -3.6222 -4.5751 80 200 120
2.6424 -3.3276 -4.6791 80 200 120
4.7315 -3.9571 -4.6456 80 200 120
4.1139 -7.0686 -4.7266 80 200 120
2.7922 -3.7695 -4.6781 80 200 120
6.3706 -4.2309 -3.8853 80 200 120
4.5859 -4.4466 -4.6799 80 200 120
4.9489 1.3938 -3.1572 80 200 120
6.1998 -1.0812 -4.0661 80 200 120
7.8278 -0.7493 -4.8300 80 200 120
4.9411 -5.8463 -4.6408 80 200 120
5.9833 -3.8145 -4.6321 80 200 120
4.8721 -5.9428 -4.1056 80 200 120
6.1117 -3.5543 -3.5880 80 200 120
1.4719 -4.5636 -2.7427 80 200 120
4.9581 -5.8809 -4.3129 80 200 120
6.0886 -5.3792 -4.7008 80 200 120
4.7948 -5.7003 -4.4688 80 200 120
2.0712 -5.1934 -4.6100 80 200 120
3.1615 -6.3581 -3.0743 80 200 120
6.0188 -3.3029 -3.6046 80 200 120
6.0062 -3.6298 -3.5681 80 200 120
7.2232 -1.6797 -3.6625 80 200 120
5.9622 -3.6489 -4.4168 80 200 120
1.8484 -4.4845 -4.7219 80 200 120
5.5067 -4.0028 -4.5877 80 200 120
6.0160 -5.7597 -4.7077 80 200 120
5.9112 -1.5356 -3.9780 80 200 120
0.7860 -3.7930 -2.8637 80 200 120
5.4186 -5.2473 -4.6876 80 200 120
2.5020 -4.9278 -4.7194 80 200 120
4.5218 -4.1191 -4.6796 80 200 120
2.1234 -4.0154 -4.6066 80 200 120
1.3083 -3.9783 -4.1722 80 200 120
4.1872 -6.2110 -4.1702 80 200 120
1.4366 -4.1762 -4.4422 80 200 120
4.2208 -5.0077 -4.5531 80 200 120
5.8551 -4.1957 -4.6813 80 200 120
4.9051 -4.6374 -4.6858 80 200 120
4.2010 -5.8507 -4.1536 80 200 120
2.9194 -4.3580 -4.6734 80 200 120
7.1498 -2.1679 -1.8885 80 200 120
8.5402 -1.9140 -2.6274 80 200 120
5.6988 -0.5362 -1.3208 80 200 120
5.7225 -1.7930 -1.4850 80 200 120
0.9113 -2.6632 -1.3364 80 200 120
-0.5817 -1.8434 -1.4656 80 200 120
9.6014 -3.1611 -1.4128 80 200 120
0.5000 -2.7450 -4.0628 80 200 120
-1.1195 -1.4624 -1.4584 80 200 120
-0.2233 -2.3967 -1.4334 80 200 120
0.3777 -3.2239 -3.7486 80 200 120
0.5876 -3.3862 -1.4795 80 200 120
3.6018 -6.7571 -2.4500 80 200 120
4.3075 -7.6481 -4.2373 80 200 120
-0.8786 -1.7362 -2.5534 80 200 120
3.4574 -3.3524 -1.3929 80 200 120
-0.2820 -1.5859 -4.2227 80 200 120
-1.5294 -0.7106 -3.6042 80 200 120
2.3567 -2.7681 -1.4265 80 200 120
-1.7980 -0.3316 -2.0965 80 200 120
1.6089 -4.8398 -4.2034 80 200 120
-0.7307 -2.0275 -3.9815 80 200 120
-1.4034 -0.2863 -1.4367 80 200 120
2.7474 -5.5785 -4.5157 80 200 120
2.7164 -5.9675 -4.5781 80 200 120
-0.7614 -0.8544 -4.2960 80 200 120
2.8076 -6.1467 -4.3540 80 200 120
2.6118 -2.2251 -1.3873 80 200 120
-0.2702 -2.5543 -1.8302 80 200 120
5.0672 -7.5676 -2.3126 80 200 120
8.3907 -4.8548 -3.4864 80 200 120
9.9453 -3.3600 -2.7608 80 200 120
6.3994 -6.5549 -2.8694 80 200 120
3.9263 2.5095 -3.2436 80 200 120
4.7490 -5.0681 -4.6828 80 200 120
6.5077 -3.5877 -3.5107 80 200 120
9.4108 -2.9732 -1.9746 80 200 120
6.8745 -5.6027 -4.6332 80 200 120
5.9684 -4.1818 -4.6617 80 200 120
6.5146 -4.4007 -3.7811 80 200 120
6.4555 -4.3120 -3.5295 80 200 120
9.4971 -3.5938 -1.5752 80 200 120
6.4544 -4.3409 -4.5667 80 200 120
6.5538 -4.3775 -4.2404 80 200 120
6.1938 -6.6436 -4.6312 80 200 120
6.3853 -4.2683 -4.6528 80 200 120
6.4047 -4.2254 -3.5588 80 200 120
6.4167 -6.4644 -4.6210 80 200 120
5.6560 -5.0989 -4.6515 80 200 120
6.9909 -3.9200 -3.6613 80 200 120
6.0489 -5.6199 -4.6606 80 200 120
7.1009 -2.1683 -3.4037 80 200 120
5.4020 -4.4976 -4.6651 80 200 120
6.3855 -4.6357 -4.6888 80 200 120
6.2615 -6.2293 -4.6613 80 200 120
6.3468 -4.2176 -3.8637 80 200 120
6.4666 -5.7455 -4.6544 80 200 120
6.5111 -4.3973 -4.1089 80 200 120
6.5483 -4.3572 -3.4704 80 200 120
4.9392 -7.0097 -2.5405 80 200 120
4.1917 -5.5435 -4.0716 80 200 120
3.0226 -6.4535 -2.4284 80 200 120
4.1287 -7.5431 -4.5885 80 200 120
2.0115 -5.2487 -4.1218 80 200 120
3.4243 -6.8643 -2.0558 80 200 120
3.4669 -3.2277 -4.5996 80 200 120
4.3850 -7.8378 -1.7156 80 200 120
2.1715 -3.9745 -4.5415 80 200 120
3.1691 -3.3941 -4.6560 80 200 120
1.2980 -4.4008 -4.3939 80 200 120
2.9136 -4.3477 -4.7083 80 200 120
4.1448 -4.2498 -4.6969 80 200 120
4.7170 -3.7528 -4.6461 80 200 120
3.6665 -3.7178 -4.7229 80 200 120
3.3127 -3.9431 -4.7051 80 200 120
5.6873 0.2064 -3.2114 80 200 120
2.8614 -6.1982 -2.6845 80 200 120
5.9015 -3.5768 -4.1938 80 200 120
0.8712 -3.2696 -4.1003 80 200 120
1.9781 -3.7148 -4.0980 80 200 120
3.0127 -4.0717 -4.6482 80 200 120
3.8854 -4.4246 -4.6783 80 200 120
5.9178 -3.0381 -3.6602 80 200 120
4.8925 -5.5238 -4.5902 80 200 120
5.3122 -6.1959 -4.6481 80 200 120
2.3424 -5.5658 -4.1764 80 200 120
5.6843 1.7615 -3.9148 80 200 120
0.2392 -3.3975 -2.1330 80 200 120
2.8677 -3.7508 -4.6489 80 200 120
4.7201 -4.1610 -4.6835 80 200 120
1.6977 -4.9114 -2.0658 80 200 120
3.1928 -5.2237 -4.6748 80 200 120
1.0353 -2.7216 -4.1192 80 200 120
1.8926 -3.2049 -4.6253 80 200 120
3.1429 -3.3750 -4.6703 80 200 120
6.3086 -4.1558 -3.4898 80 200 120
1.7937 -4.8566 -4.5972 80 200 120
3.6981 -3.7287 -4.6680 80 200 120
6.3384 -4.2086 -3.8493 80 200 120
6.3660 -2.7838 -3.6683 80 200 120
4.8998 -6.2185 -4.2642 80 200 120
5.9474 -2.1584 -3.8619 80 200 120
1.5772 -5.0364 -1.3700 80 200 120
-0.3602 -1.5714 -4.2526 80 200 120
1.5115 -2.7086 -4.3822 80 200 120
5.4538 -4.0168 -3.7978 80 200 120
0.3114 -3.1874 -1.5128 80 200 120
4.6533 -3.7252 -4.6927 80 200 120
-1.1026 -1.5716 -2.8334 80 200 120
-1.4984 -0.8663 -2.1868 80 200 120
3.7831 -4.8985 -4.6838 80 200 120
3.2008 -5.6161 -4.6612 80 200 120
5.6082 1.5779 -2.0059 80 200 120
6.0109 -0.9883 -2.0774 80 200 120
2.2270 -2.7161 -1.4184 80 200 120
7.9128 -1.0828 -3.3458 80 200 120
-0.2206 -2.6104 -1.9118 80 200 120
6.6999 -2.6892 -1.6251 80 200 120
8.3189 -1.6667 -3.4652 80 200 120
-1.2843 -0.8309 -1.5769 80 200 120
-1.6940 -0.3390 -2.2535 80 200 120
2.5389 -3.8850 -1.4027 80 200 120
8.7149 -1.6714 -3.3698 80 200 120
6.4361 -0.5770 -3.7321 80 200 120
5.8355 -0.6258 -4.0393 80 200 120
0.0739 -2.1396 -2.5492 80 200 120
7.1792 -1.3252 -3.8071 80 200 120
-1.1979 -0.1660 -3.2771 80 200 120
-1.6960 -0.9843 -3.0413 80 200 120
5.7761 -3.8849 -1.4840 80 200 120
-0.9113 -1.6130 -4.7295 80 200 120
1.0156 -3.0158 -4.2555 80 200 120
-1.7228 0.0388 -3.3399 80 200 120
-0.5900 -0.0490 -1.6381 80 200 120
-2.6148 1.2112 -4.0801 80 200 120
-1.0694 0.4867 -2.2677 80 200 120
-1.5341 1.3276 -3.5849 80 200 120
1.5399 -4.9057 -4.7210 80 200 120
-1.8415 1.7307 -2.8900 80 200 120
1.4447 -3.7386 -4.3045 80 200 120
0.2850 0.3411 -1.6299 80 200 120
1.4468 -0.0662 -1.4559 80 200 120
-1.1254 -1.7775 -3.1818 80 200 120
0.9429 0.1143 -2.2556 80 200 120
3.3878 -2.4859 -1.4234 80 200 120
8.8541 -4.3343 -2.8135 80 200 120
5.0428 -6.7404 -2.5285 80 200 120
4.5143 -8.0854 -2.1821 80 200 120
6.2303 -5.9501 -1.3945 80 200 120
8.1067 -5.0386 -2.5156 80 200 120
5.2246 -5.7939 -2.4286 80 200 120
6.4135 -6.1743 -1.3995 80 200 120
5.3989 -7.4626 -2.6633 80 200 120
6.4307 -1.5592 -3.5960 80 200 120
8.3644 -4.2845 -4.5126 80 200 120
8.0722 -3.1727 -4.3772 80 200 120
5.3500 -6.1942 -4.7001 80 200 120
6.7061 -4.3081 -3.8580 80 200 120
5.9618 -3.7312 -4.6672 80 200 120
6.4256 -3.4158 -3.5452 80 200 120
6.6697 -6.2425 -4.6112 80 200 120
5.1719 -5.2935 -4.6630 80 200 120
4.5662 -4.1486 -4.7084 80 200 120
6.8768 -4.2331 -3.7374 80 200 120
6.0449 -3.2764 -3.5393 80 200 120
6.9834 -4.1189 -3.8253 80 200 120
6.9968 -0.4921 -1.8802 80 200 120
7.1647 -5.4348 -4.6774 80 200 120
5.2073 -5.0775 -4.6660 80 200 120
8.7322 -2.0238 -3.1801 80 200 120
4.6824 -3.8491 -4.6744 80 200 120
8.6802 -2.6493 -1.5799 80 200 120
6.6165 -3.7244 -3.5385 80 200 120
5.7610 -1.8094 -3.7440 80 200 120
5.9745 -3.7392 -4.3961 80 200 120
5.4617 1.4087 -3.3331 80 200 120
8.4132 -1.5325 -3.5174 80 200 120
4.8872 1.3983 -3.1266 80 200 120
6.1872 -4.8238 -4.6656 80 200 120
6.2186 -4.0287 -4.0281 80 200 120
6.1700 -3.9308 -3.5365 80 200 120
6.2310 -3.6624 -3.4986 80 200 120
8.9072 -1.1952 -2.4087 80 200 120
7.6714 -1.7548 -3.6158 80 200 120
5.4670 -3.9990 -4.3709 80 200 120
4.3903 -3.4178 -4.6807 80 200 120
5.4364 -3.9816 -3.6762 80 200 120
5.6285 -2.7812 -3.5995 80 200 120
6.4640 -4.3936 -4.5514 80 200 120
8.3738 -4.2212 -4.6447 80 200 120
4.7592 -5.2945 -4.5971 80 200 120
4.2962 -3.2014 -4.6750 80 200 120
2.0390 -4.5226 -4.6567 80 200 120
8.3147 -3.8768 -4.6558 80 200 120
3.8425 -4.2387 -4.6896 80 200 120
5.9787 -3.7296 -4.7350 80 200 120
5.4617 -3.9466 -4.6524 80 200 120
4.6735 -7.8625 -1.5215 80 200 120
6.3779 -4.2438 -3.5172 80 200 120
0.5852 -1.4153 -4.6126 80 200 120
-1.6943 -0.0234 -3.4226 80 200 120
2.2024 -2.4059 -4.6510 80 200 120
-1.4530 -0.7852 -3.6100 80 200 120
4.6313 -6.1908 -4.1244 80 200 120
3.2536 -6.4000 -4.6250 80 200 120
3.0138 -4.9764 -4.6821 80 200 120
5.7804 -3.8302 -4.0812 80 200 120
4.7504 -5.2892 -4.5954 80 200 120
3.3536 -3.1775 -4.6622 80 200 120
6.1497 -2.9902 -3.6862 80 200 120
-0.9216 -1.8102 -3.7016 80 200 120
4.3031 -6.4479 -4.1664 80 200 120
-0.9188 0.2639 -4.5089 80 200 120
5.9665 -3.7025 -3.6032 80 200 120
0.1572 0.4548 -3.4317 80 200 120
-0.6621 0.0728 -1.5866 80 200 120
2.5632 -2.8797 -4.6756 80 200 120
2.8185 -2.6121 -4.6846 80 200 120
-1.2791 0.3384 -3.8525 80 200 120
4.4095 -3.4299 -4.6754 80 200 120
-0.9637 0.5969 -2.8852 80 200 120
1.6993 -1.4729 -4.6849 80 200 120
-1.6295 -1.0100 -1.4583 80 200 120
2.1602 -0.6827 -4.6117 80 200 120
1.5593 -0.5075 -4.0599 80 200 120
3.8676 -2.4601 -4.5690 80 200 120
2.5131 -3.3044 -4.6781 80 200 120
3.3596 -1.9538 -4.3240 80 200 120
6.0370 -3.8394 -3.5066 80 200 120
2.1810 -2.6852 -1.3534 80 200 120
3.4012 -4.3041 -4.6831 80 200 120
0.2056 -3.7046 -1.6090 80 200 120
7.8166 -1.4317 -1.5865 80 200 120
7.9593 -2.1040 -1.6148 80 200 120
6.7860 -2.1923 -1.9062 80 200 120
6.4328 -1.9190 -1.7111 80 200 120
-1.6010 -0.7426 -3.5371 80 200 120
-0.9788 0.2678 -1.4905 80 200 120
0.3757 -3.0758 -1.5471 80 200 120
3.3539 -2.4084 -1.4217 80 200 120
-0.6349 0.8477 -2.6038 80 200 120
6.7245 -1.4552 -3.5680 80 200 120
-0.8827 0.2292 -3.0022 80 200 120
3.5587 -1.8802 -1.4097 80 200 120
1.9201 -0.6910 -1.4714 80 200 120
1.2888 -0.2690 -2.1539 80 200 120
-0.2627 0.7143 -1.5707 80 200 120
9.5150 -3.2032 -1.4567 80 200 120
1.8137 -0.4574 -3.5385 80 200 120
2.5939 -2.2646 -1.4086 80 200 120
1.2514 -4.0662 -1.5256 80 200 120
5.7511 -3.7922 -1.7708 80 200 120
9.7500 -2.8825 -2.1561 80 200 120
9.5788 -2.8720 -1.8184 80 200 120
1.6271 -0.4673 -2.9548 80 200 120
2.7637 -5.6935 -4.4700 80 200 120
9.9774 -3.2906 -2.7223 80 200 120
8.4065 -4.8552 -3.4660 80 200 120
7.4765 -5.6437 -2.1195 80 200 120
7.5048 -3.9433 -1.3813 80 200 120
5.5655 -7.1512 -1.4444 80 200 120
9.2219 -3.0182 -2.2315 80 200 120
9.9031 -3.4465 -3.4402 80 200 120
7.5096 -2.6470 -1.4905 80 200 120
8.3394 -2.0367 -1.5649 80 200 120
7.2747 -3.3805 -1.4637 80 200 120
9.9776 -3.5989 -2.7694 80 200 120
6.8835 -3.5589 -1.4324 80 200 120
7.4649 -5.5741 -1.4573 80 200 120
6.0427 -6.8949 -2.3875 80 200 120
6.5642 -2.8557 -3.6810 80 200 120
5.9240 -3.5479 -4.3010 80 200 120
4.6082 -3.5491 -4.6589 80 200 120
6.3324 -4.0366 -3.4527 80 200 120
6.7863 -3.8884 -3.5213 80 200 120
5.9292 -3.5866 -3.6611 80 200 120
6.3582 -3.8560 -3.4726 80 200 120
5.8969 -1.9699 -3.8341 80 200 120
6.0651 -3.7810 -3.4777 80 200 120
6.5083 -4.1274 -3.4792 80 200 120
9.1591 -2.6768 -1.4797 80 200 120
5.5669 -4.5440 -4.6626 80 200 120
4.5994 -4.3547 -4.6402 80 200 120
4.6500 -3.2902 -4.6569 80 200 120
4.5126 -6.1753 -4.1369 80 200 120
4.5042 -3.7381 -4.6677 80 200 120
4.9275 -7.0310 -2.5230 80 200 120
3.6095 -5.0725 -4.6355 80 200 120
6.3838 -4.4239 -3.8620 80 200 120
4.0143 -6.1310 -4.1958 80 200 120
6.4220 -4.2212 -4.4277 80 200 120
4.8812 -3.6651 -4.6827 80 200 120
6.2320 -4.0592 -4.2443 80 200 120
2.4394 -0.7545 -3.9604 80 200 120
2.1603 -3.6683 -4.6658 80 200 120
1.5756 -0.5069 -2.2091 80 200 120
4.7440 -5.7964 -4.0497 80 200 120
-0.2399 0.7856 -1.5358 80 200 120
4.2484 -3.0178 -4.6495 80 200 120
2.9914 -2.3337 -4.6719 80 200 120
5.4255 -3.8248 -4.4200 80 200 120
4.3183 -4.4180 -4.6591 80 200 120
6.0547 -5.3376 -4.6611 80 200 120
4.6383 -3.2893 -4.6423 80 200 120
1.9791 -0.1214 -3.5176 80 200 120
-0.0807 -2.6014 -1.8532 80 200 120
1.8837 -0.2487 -1.7864 80 200 120
1.7031 -0.4661 -1.4182 80 200 120
1.1298 2.3137 -2.8511 80 200 120
1.7198 -2.6821 -4.6946 80 200 120
0.9084 -3.7099 -3.5838 80 200 120
4.4785 -5.7291 -4.0443 80 200 120
1.4097 0.9340 -1.9849 80 200 120
6.8014 -0.8620 -1.3473 80 200 120
6.4259 -1.5351 -1.9363 80 200 120
6.2161 -2.2387 -1.8854 80 200 120
6.0845 -1.2448 -2.0711 80 200 120
5.8067 -2.6337 -2.2659 80 200 120
6.8936 -1.9091 -1.6399 80 200 120
7.8300 -0.6519 -4.4081 80 200 120
1.6651 -0.6284 -4.0258 80 200 120
6.2644 -0.7709 -3.6763 80 200 120
1.9351 -0.2658 -1.7169 80 200 120
6.1061 -1.0751 -3.9056 80 200 120
1.6082 0.6350 -2.0417 80 200 120
-2.0960 1.4059 -2.1370 80 200 120
-1.1414 0.2443 -3.8542 80 200 120
2.4262 -0.1683 -3.3881 80 200 120
3.2170 -1.0380 -3.5796 80 200 120
1.7499 0.0304 -2.9893 80 200 120
1.7152 -0.1663 -2.4204 80 200 120
3.6294 -1.3000 -3.8890 80 200 120
6.5176 -0.9932 -3.7241 80 200 120
1.5120 1.9419 -1.1015 80 200 120
0.8425 -2.9214 -3.9216 80 200 120
2.1351 -5.2520 -4.1213 80 200 120
4.3434 -7.8840 -3.2873 80 200 120
5.3332 -7.3078 -1.3916 80 200 120
1.7279 -4.7938 -4.1774 80 200 120
0.2142 -2.3886 -3.7557 80 200 120
3.4486 -6.1507 -4.1560 80 200 120
-0.5598 -1.5198 -4.2760 80 200 120
1.3428 -3.9369 -4.1283 80 200 120
-0.8279 0.5779 -2.8736 80 200 120
2.3907 -5.3682 -4.4534 80 200 120
2.3080 -5.3523 -3.7317 80 200 120
6.5572 -6.0263 -1.4234 80 200 120
8.0528 -5.0825 -1.7820 80 200 120
4.1932 -8.0822 -1.6823 80 200 120
9.2018 -2.6871 -2.1669 80 200 120
9.8199 -2.9921 -2.9415 80 200 120
5.1847 -7.4582 -1.4324 80 200 120
5.9814 -6.0496 -1.3981 80 200 120
3.7638 -6.8352 -1.4990 80 200 120
8.9745 -3.0938 -4.2957 80 200 120
8.7170 -2.9955 -4.6323 80 200 120
7.6132 -3.3710 -3.7445 80 200 120
6.5024 -3.6571 -3.5041 80 200 120
4.6362 -3.2489 -4.6427 80 200 120
4.0367 -2.5255 -4.6408 80 200 120
5.4427 -3.9490 -4.5597 80 200 120
5.6657 0.0912 -3.1648 80 200 120
6.2506 -1.3767 -2.9099 80 200 120
4.2529 -3.0129 -4.6447 80 200 120
6.1483 -2.6597 -3.6444 80 200 120
5.9953 -7.0614 -4.7956 80 200 120
5.3986 -3.8208 -4.4137 80 200 120
7.4201 -3.1983 -3.5929 80 200 120
6.3696 -4.2415 -3.5082 80 200 120
6.3262 -4.1967 -3.7971 80 200 120
5.8340 -6.9405 -4.5465 80 200 120
4.9219 -3.4143 -4.6832 80 200 120
5.7861 -3.7521 -4.3730 80 200 120
3.0528 -3.3122 -4.7216 80 200 120
6.3446 -4.1803 -4.7091 80 200 120
3.6427 -7.0612 -4.0395 80 200 120
7.0580 -2.0646 -4.0870 80 200 120
6.6499 -2.5533 -3.9534 80 200 120
4.3701 -2.2547 -4.6387 80 200 120
3.7708 -1.4634 -3.7219 80 200 120
6.0426 -3.8654 -3.4827 80 200 120
2.4781 0.3859 -3.5574 80 200 120
0.5102 -0.5496 -4.6501 80 200 120
4.9213 -3.4134 -4.6411 80 200 120
1.5491 -0.3543 -2.9961 80 200 120
0.3290 -3.1888 -2.0017 80 200 120
4.2346 -2.0887 -3.8171 80 200 120
3.3841 1.2130 -4.1023 80 200 120
3.5981 -1.8347 -3.7547 80 200 120
4.1464 -2.4771 -4.5958 80 200 120
1.0312 2.6980 -1.7508 80 200 120
-0.9027 0.2151 -1.5698 80 200 120
3.1067 -6.2864 -3.1245 80 200 120
2.5591 -4.5873 -4.6533 80 200 120
6.4591 -4.3710 -4.5839 80 200 120
3.7758 -2.3008 -4.3306 80 200 120
6.5160 -4.3797 -4.1648 80 200 120
4.2854 -2.0844 -4.0432 80 200 120
5.4252 -3.9285 -3.4579 80 200 120
1.2420 2.4123 -1.7494 80 200 120
3.0747 0.0723 -3.7895 80 200 120
1.1831 2.1336 -2.9260 80 200 120
-0.0961 0.4069 -4.3690 80 200 120
9.2472 -3.2758 -1.5321 80 200 120
8.9406 -3.1735 -2.0205 80 200 120
-0.6886 0.8312 -3.6562 80 200 120
3.1065 2.1522 -3.0030 80 200 120
1.6813 3.2126 -1.5042 80 200 120
3.5754 -0.3460 -4.4561 80 200 120
2.3165 3.2893 -2.3955 80 200 120
1.6276 1.9859 -3.4241 80 200 120
1.2167 -4.0872 -1.5118 80 200 120
5.0370 -7.7150 -2.3263 80 200 120
1.6694 -0.5184 -1.5399 80 200 120
0.9351 -0.0700 -2.1572 80 200 120
1.7210 0.5235 -1.4687 80 200 120
-0.5882 0.9230 -2.5549 80 200 120
3.6837 -2.7456 -1.3911 80 200 120
2.3360 -3.1519 -1.3839 80 200 120
3.1546 -2.0604 -1.4700 80 200 120
6.6466 -6.2874 -1.9628 80 200 120
7.9225 -4.5085 -1.4623 80 200 120
5.2093 -7.3994 -1.8177 80 200 120
5.5151 -6.2237 -1.4223 80 200 120
4.2503 -4.9866 -4.6050 80 200 120
3.7578 -2.2323 -4.3685 80 200 120
6.7919 -4.1648 -3.7083 80 200 120
4.9505 -3.7832 -4.6889 80 200 120
4.3583 -2.3387 -4.5941 80 200 120
4.9470 -3.4331 -4.6400 80 200 120
4.5410 -4.1020 -4.6438 80 200 120
4.4575 -3.6968 -4.6861 80 200 120
5.8865 -5.7453 -4.6661 80 200 120
4.5852 -4.5053 -4.6580 80 200 120
4.1262 -1.8401 -3.8090 80 200 120
3.6595 -2.1808 -4.1185 80 200 120
5.7818 -3.6794 -4.3466 80 200 120
6.0743 -3.8784 -3.4996 80 200 120
3.6876 -3.6557 -4.6681 80 200 120
3.9921 -4.1456 -4.6572 80 200 120
5.9675 -3.5012 -4.5712 80 200 120
3.6657 -6.8049 -2.8310 80 200 120
2.2711 -3.8261 -4.7144 80 200 120
5.9617 -3.4746 -4.2974 80 200 120
6.5191 -4.3732 -4.1001 80 200 120
4.2937 -3.1812 -4.6726 80 200 120
4.8604 -7.5516 -4.6159 80 200 120
4.6067 -7.8515 -4.4716 80 200 120
1.5285 3.4787 -1.4735 80 200 120
3.2665 -0.0359 -3.7655 80 200 120
-0.3551 -2.0266 -1.5106 80 200 120
4.0811 -1.3014 -3.8184 80 200 120
4.6073 -2.3047 -4.7254 80 200 120
6.6294 -2.9445 -3.8353 80 200 120
1.9999 4.2403 -1.3695 80 200 120
6.6472 -1.1826 -2.1914 80 200 120
1.5756 2.8625 -2.3583 80 200 120
2.1245 2.6497 -3.6468 80 200 120
3.1982 1.9882 -4.3262 80 200 120
6.5890 -0.7808 -3.6956 80 200 120
2.1623 3.7529 -1.4614 80 200 120
2.9371 1.3621 -4.1148 80 200 120
6.2351 -1.4032 -3.2920 80 200 120
1.5620 -4.4429 -1.5189 80 200 120
3.2745 3.8377 -1.5732 80 200 120
2.9226 4.0159 -2.2744 80 200 120
-0.8021 -1.7524 -2.4607 80 200 120
-2.0793 -0.9326 -3.8560 80 200 120
1.6660 -4.8140 -4.2422 80 200 120
2.1544 -5.3848 -3.0847 80 200 120
4.5734 -7.4694 -1.3717 80 200 120
9.0389 -4.1491 -1.5240 80 200 120
7.7781 -4.8431 -1.3998 80 200 120
9.1381 -3.5015 -1.3935 80 200 120
4.1655 -8.1056 -1.6709 80 200 120
4.6539 -7.6547 -1.7799 80 200 120
7.7822 -5.1466 -1.4949 80 200 120
4.2445 -7.1902 -1.3318 80 200 120
8.9963 -2.9617 -2.8930 80 200 120
6.2627 -2.9917 -3.2746 80 200 120
6.2473 -3.0421 -3.3307 80 200 120
2.6057 -1.5742 -4.8424 80 200 120
5.9646 -2.9122 -3.4035 80 200 120
9.2656 -3.2684 -1.5528 80 200 120
6.7080 -4.2609 -4.2411 80 200 120
5.8594 -3.5340 -3.8185 80 200 120
2.8290 1.6650 -4.6694 80 200 120
6.0058 -3.8813 -4.5522 80 200 120
6.1555 -3.9856 -4.5976 80 200 120
3.5438 -0.9113 -3.6839 80 200 120
5.7283 -6.7230 -4.3090 80 200 120
6.3792 -4.2477 -4.2320 80 200 120
3.6629 -7.0429 -4.5946 80 200 120
6.1891 -4.1416 -4.5049 80 200 120
4.6494 -5.6694 -4.0541 80 200 120
5.4445 -5.0530 -4.6505 80 200 120
1.7515 -4.5366 -4.7525 80 200 120
4.6353 -7.8002 -1.5291 80 200 120
4.5691 -5.8839 -4.0296 80 200 120
2.3189 -4.2090 -4.6847 80 200 120
7.3870 -1.2668 -3.7868 80 200 120
3.8952 2.0788 -3.2008 80 200 120
4.2257 -0.5733 -3.9424 80 200 120
1.7938 4.2326 -2.3662 80 200 120
5.0840 -2.3486 -4.0648 80 200 120
4.4507 -1.7620 -4.4750 80 200 120
4.4885 -1.4592 -4.2907 80 200 120
4.5664 -5.8715 -4.0109 80 200 120
3.3473 -4.0182 -4.6718 80 200 120
2.9109 3.3707 -3.2882 80 200 120
4.7996 -0.5133 -3.1156 80 200 120
2.9389 5.0036 -1.3761 80 200 120
4.3742 -6.3074 -4.1018 80 200 120
2.3079 5.7139 -2.2006 80 200 120
-2.8530 -0.0112 -1.2476 80 200 120
6.2662 -3.5521 -3.5696 80 200 120
3.6324 2.4725 -3.9572 80 200 120
0.2249 -3.1262 -3.7823 80 200 120
8.6974 -2.4884 -1.7740 80 200 120
-0.9818 -1.0740 -4.1146 80 200 120
1.7394 -0.7602 -4.1699 80 200 120
-1.7777 -1.1784 -3.0990 80 200 120
-0.8118 -1.1798 -3.5207 80 200 120
3.7230 2.2126 -3.3152 80 200 120
4.4949 0.9189 -3.3115 80 200 120
4.1296 1.4922 -3.9091 80 200 120
-1.2251 -0.2885 -3.2592 80 200 120
4.1012 -2.1585 -3.4822 80 200 120
5.3585 -3.4987 -1.9476 80 200 120
8.3898 -2.2855 -3.0999 80 200 120
9.6582 -2.8249 -1.9025 80 200 120
-0.9510 0.4173 -2.1894 80 200 120
3.6735 -7.1806 -4.2112 80 200 120
-0.5773 -0.1392 -1.5692 80 200 120
3.7057 -2.0693 -1.4436 80 200 120
3.8678 -7.2843 -2.6084 80 200 120
9.5016 -3.2774 -1.8459 80 200 120
7.2119 -5.7751 -2.4292 80 200 120
3.8406 -7.0724 -1.3350 80 200 120
3.8144 -7.3576 -1.3956 80 200 120
4.0752 -7.4961 -1.4558 80 200 120
5.1781 -7.5506 -1.7581 80 200 120
6.8148 -3.4194 -3.4662 80 200 120
6.1230 -3.3947 -3.5295 80 200 120
5.7716 -3.6481 -3.3885 80 200 120
2.9148 2.9342 -4.5463 80 200 120
3.3480 3.3310 -3.1736 80 200 120
4.3651 -2.2115 -4.0068 80 200 120
6.0098 -6.9297 -4.7210 80 200 120
4.9830 -5.7788 -4.4945 80 200 120
5.0352 -2.3038 -4.1349 80 200 120
5.3937 -3.8944 -3.6694 80 200 120
6.2245 -4.0550 -4.2364 80 200 120
4.8186 -5.6395 -4.1928 80 200 120
1.7546 -4.8798 -4.6197 80 200 120
8.6028 -4.5167 -4.5788 80 200 120
5.9597 -3.5927 -4.5721 80 200 120
8.3512 -4.2144 -4.5964 80 200 120
9.6912 -3.6223 -4.5880 80 200 120
6.0224 -3.7549 -4.7467 80 200 120
4.6204 -7.8511 -2.4772 80 200 120
6.3204 -4.1795 -3.8063 80 200 120
6.1258 -5.5662 -4.6012 80 200 120
8.6680 -4.3028 -4.3874 80 200 120
5.8811 -3.8184 -4.1811 80 200 120
5.3956 -3.7338 -4.0370 80 200 120
6.1156 -3.9999 -4.5942 80 200 120
4.7382 0.5499 -4.3922 80 200 120
5.1997 -7.5578 -4.6623 80 200 120
-0.5253 -0.8552 -4.3502 80 200 120
3.6897 -6.9780 -4.5660 80 200 120
7.8549 -2.1925 -1.4490 80 200 120
-0.3810 -0.1957 -4.3309 80 200 120
4.3110 2.5058 -1.4542 80 200 120
3.8900 -2.4251 -3.4314 80 200 120
5.7600 -3.8765 -1.4616 80 200 120
5.0419 -0.0313 -3.1706 80 200 120
3.7944 2.1568 -4.7386 80 200 120
4.7275 -0.0896 -4.2335 80 200 120
2.6734 -5.8869 -4.1230 80 200 120
3.7179 -7.1706 -1.6555 80 200 120
-0.9537 -1.7294 -3.1926 80 200 120
2.8765 -6.0972 -4.2917 80 200 120
-2.2129 -0.3223 -3.4717 80 200 120
1.5570 -4.7346 -4.3075 80 200 120
3.7624 -3.1464 -1.3845 80 200 120
4.4619 -7.4662 -1.3537 80 200 120
8.5165 -2.9325 -2.7355 80 200 120
8.7367 -4.4002 -2.4829 80 200 120
5.0197 -6.7690 -1.3916 80 200 120
4.3446 -6.6409 -1.4074 80 200 120
6.7784 -4.1601 -1.3531 80 200 120
6.1236 -4.1332 -1.4163 80 200 120
6.4154 -3.4496 -3.4808 80 200 120
6.1133 -3.2249 -3.4040 80 200 120
3.5762 -2.0627 -4.1905 80 200 120
4.5397 -5.3080 -4.6310 80 200 120
4.6227 -2.2645 -4.7251 80 200 120
5.0314 -2.5915 -3.5145 80 200 120
6.4697 -4.4075 -4.0171 80 200 120
6.3071 -4.5041 -3.9945 80 200 120
6.4537 -4.3814 -3.4530 80 200 120
8.3727 -3.8321 -4.6929 80 200 120
3.4647 -7.1123 -2.6285 80 200 120
6.1423 -3.9195 -4.4615 80 200 120
4.2219 -5.6776 -4.0226 80 200 120
7.6447 -4.3430 -4.6501 80 200 120
2.0931 -5.2475 -4.6587 80 200 120
3.7914 -6.6689 -2.8038 80 200 120
3.0047 -6.3687 -3.1518 80 200 120
4.2792 -5.2701 -4.0591 80 200 120
4.4789 -5.0064 -4.5858 80 200 120
6.4631 -4.3588 -4.6069 80 200 120
2.6841 -1.6220 -4.7333 80 200 120
-0.9371 -1.7182 -1.4494 80 200 120
6.2871 -4.1266 -3.4853 80 200 120
6.4077 -4.2140 -3.5252 80 200 120
-1.7666 -0.4866 -1.4825 80 200 120
6.5703 -3.8583 -3.5832 80 200 120
6.0831 -3.8520 -3.5321 80 200 120
5.0679 -1.8704 -3.9174 80 200 120
5.1358 1.5665 -1.3555 80 200 120
8.1068 -0.5166 -3.8431 80 200 120
2.4060 -1.0432 -4.2863 80 200 120
1.5788 -1.0295 -4.5765 80 200 120
0.2481 -0.3157 -4.7286 80 200 120
4.6793 2.5765 -1.9084 80 200 120
-0.2565 0.5250 -4.3920 80 200 120
12.5875 2.9295 -2.3324 80 200 120
-1.6327 -0.7556 -3.6340 80 200 120
5.6195 -4.0616 -1.4739 80 200 120
7.8762 -2.6542 -2.9111 80 200 120
2.2080 -5.2130 -4.0422 80 200 120
2.0114 -5.0881 -1.7142 80 200 120
3.7765 -7.1839 -3.4001 80 200 120
2.7091 -5.9385 -3.0277 80 200 120
3.8383 -7.4221 -3.4332 80 200 120
-1.2317 -1.5406 -2.3456 80 200 120
4.3276 -7.7528 -3.6928 80 200 120
3.7767 -4.2088 -1.3810 80 200 120
4.5301 -8.0775 -2.1969 80 200 120
1.9032 -1.9821 -1.4184 80 200 120
7.9352 -5.1055 -2.1649 80 200 120
7.8324 -4.7400 -1.5810 80 200 120
3.9892 -7.1058 -1.5164 80 200 120
4.0701 -7.4955 -1.4395 80 200 120
7.4673 -5.6354 -2.7402 80 200 120
8.2528 -5.0066 -2.4941 80 200 120
8.1123 -2.1705 -1.5713 80 200 120
4.3199 -7.7722 -1.7271 80 200 120
8.3059 -4.9156 -2.9413 80 200 120
8.9400 -3.9261 -2.8146 80 200 120
7.5112 -3.8834 -4.1495 80 200 120
2.7780 -2.5564 -4.6769 80 200 120
4.3233 -5.1706 -4.1973 80 200 120
4.7717 -5.7495 -3.9874 80 200 120
4.1473 -1.9955 -3.6121 80 200 120
3.7275 -2.2279 -4.4140 80 200 120
4.7473 -5.4966 -4.4452 80 200 120
4.8037 -5.6484 -4.2162 80 200 120
4.2156 -2.3906 -3.7097 80 200 120
2.5161 -1.3831 -4.6740 80 200 120
5.2860 -2.0183 -2.9729 80 200 120
3.7397 -2.0441 -3.6141 80 200 120
5.4159 -3.6944 -4.3066 80 200 120
4.7135 -5.5684 -4.0690 80 200 120
4.9106 -5.8206 -4.0887 80 200 120
3.8365 2.3935 -4.8316 80 200 120
4.6963 -6.0049 -4.1282 80 200 120
3.6544 -3.9668 -4.6524 80 200 120
3.4362 -6.7802 -4.6207 80 200 120
5.7328 -3.9845 -4.5753 80 200 120
2.1184 -5.2132 -4.1014 80 200 120
2.2614 -5.4415 -4.3084 80 200 120
6.3101 -4.1889 -3.7870 80 200 120
6.0450 -6.4956 -4.6663 80 200 120
5.7865 -3.7244 -4.6289 80 200 120
3.0290 3.0034 -3.3118 80 200 120
3.8222 2.3381 -3.2164 80 200 120
4.5712 1.5603 -3.4149 80 200 120
1.8212 -0.5711 -1.4458 80 200 120
1.7469 3.1949 -1.5067 80 200 120
5.1610 0.6542 -3.8392 80 200 120
1.4278 -0.3586 -1.9625 80 200 120
3.4711 -6.7456 -4.5699 80 200 120
5.4375 -2.1780 -2.9364 80 200 120
7.1476 -1.6880 -3.6613 80 200 120
3.7408 -5.6216 -4.2229 80 200 120
-0.8280 -0.0573 -1.6083 80 200 120
5.1028 -2.4627 -4.6035 80 200 120
-0.6883 0.0557 -4.4159 80 200 120
3.2323 1.7944 -4.3256 80 200 120
3.9578 1.4653 -4.5616 80 200 120
2.6923 2.6975 -3.0741 80 200 120
4.3285 -2.2028 -3.6335 80 200 120
-0.1736 -0.3800 -1.5817 80 200 120
2.9909 -6.3022 -2.1401 80 200 120
3.4738 -6.9086 -2.9231 80 200 120
3.5120 -4.3636 -1.3919 80 200 120
4.1201 -5.6523 -1.4218 80 200 120
4.5515 -7.9954 -2.4657 80 200 120
5.1960 -7.5055 -1.4285 80 200 120
9.3313 -3.5544 -1.6135 80 200 120
9.4433 -3.3810 -2.8062 80 200 120
9.7054 -2.7032 -2.9771 80 200 120
3.0072 3.0019 -4.6841 80 200 120
6.2373 -4.0945 -4.5999 80 200 120
2.3114 -0.3515 -4.4336 80 200 120
5.0687 -1.3668 -3.9056 80 200 120
3.2239 -3.4288 -4.5639 80 200 120
5.1162 -2.4680 -4.5869 80 200 120
5.9413 -6.8719 -4.6096 80 200 120
5.1125 0.5001 -3.8254 80 200 120
5.0502 -2.3030 -3.9055 80 200 120
5.8364 -3.5908 -3.1806 80 200 120
4.3442 -6.6585 -4.6148 80 200 120
7.2377 -4.1795 -4.5767 80 200 120
4.5122 -3.6839 -4.6673 80 200 120
5.9020 -5.5066 -4.6502 80 200 120
8.4401 -4.5278 -4.4613 80 200 120
5.4262 -3.8177 -4.4946 80 200 120
8.4984 -4.2871 -4.2339 80 200 120
8.1847 -3.9217 -4.5527 80 200 120
5.4631 -3.9676 -4.6256 80 200 120
3.9273 -5.6806 -4.1287 80 200 120
4.4997 -5.2052 -4.5694 80 200 120
5.2866 -1.2130 -3.8851 80 200 120
4.5662 -7.9540 -4.5186 80 200 120
5.4618 -3.2903 -3.1908 80 200 120
5.0374 0.8887 -3.4396 80 200 120
1.4696 -0.3771 -3.4980 80 200 120
1.1152 2.6151 -1.7622 80 200 120
4.8284 -8.0561 -4.7882 80 200 120
2.1472 3.4621 -2.3901 80 200 120
5.3009 -2.7597 -4.6504 80 200 120
3.8097 1.7827 -3.7934 80 200 120
5.5115 -2.8992 -3.8081 80 200 120
5.1236 -3.0610 -4.6790 80 200 120
0.3518 -1.7644 -4.1845 80 200 120
1.9745 -0.2239 -3.9148 80 200 120
5.1196 0.7671 -3.9209 80 200 120
8.7027 -1.4093 -2.4432 80 200 120
8.0276 -2.6557 -3.0417 80 200 120
9.5948 -0.2011 -3.9175 80 200 120
7.7753 -0.9771 -3.3991 80 200 120
5.9081 -3.5827 -2.0153 80 200 120
0.5930 -3.4522 -2.1556 80 200 120
5.4598 -3.0550 -1.7676 80 200 120
2.6136 -0.9325 -4.7104 80 200 120
5.4676 -3.2529 -2.0307 80 200 120
5.7395 1.1455 -2.5394 80 200 120
1.8404 -0.8325 -3.3833 80 200 120
-1.6762 -1.3634 -3.1717 80 200 120
3.5625 -6.9682 -2.1630 80 200 120
0.2731 -3.5196 -3.6587 80 200 120
3.7607 -6.0884 -1.3726 80 200 120
7.0149 -3.6016 -1.3781 80 200 120
4.3587 -7.7842 -1.4504 80 200 120
7.3475 -3.3576 -1.4023 80 200 120
8.6341 -3.8342 -3.0943 80 200 120
6.7200 -6.1849 -1.5877 80 200 120
7.4995 -5.4890 -1.4568 80 200 120
4.1940 -7.4158 -1.8216 80 200 120
9.7299 -3.5778 -3.5201 80 200 120
6.3072 -3.2714 -3.3327 80 200 120
6.7646 -3.9276 -3.4520 80 200 120
3.1431 2.7221 -3.2601 80 200 120
4.4874 1.8247 -3.3896 80 200 120
5.5220 -7.1234 -4.5325 80 200 120
4.7360 -5.9768 -4.1545 80 200 120
5.4387 -2.8518 -3.8434 80 200 120
4.8561 -5.6195 -4.3682 80 200 120
5.1349 -3.0485 -4.6671 80 200 120
5.4226 -3.6751 -3.9163 80 200 120
3.7467 2.6588 -3.2396 80 200 120
4.3218 -5.9827 -4.0820 80 200 120
4.5039 -5.3453 -4.0849 80 200 120
3.5638 -6.8995 -2.8350 80 200 120
6.5759 -6.3724 -4.6176 80 200 120
4.5987 -5.4604 -4.0646 80 200 120
4.3458 -7.8971 -3.3084 80 200 120
8.2718 -4.2425 -4.5274 80 200 120
1.5668 -4.5507 -4.7140 80 200 120
8.0839 -5.0120 -4.4555 80 200 120
2.8697 -4.2972 -4.7039 80 200 120
4.9212 -5.4922 -4.4233 80 200 120
3.2110 4.2025 -1.4904 80 200 120
6.1013 -4.6328 -3.7563 80 200 120
5.5281 -3.3010 -3.8433 80 200 120
6.3941 -3.9921 -3.4947 80 200 120
3.0105 3.6279 -2.2210 80 200 120
-1.6691 -0.7436 -1.4830 80 200 120
3.7713 2.3195 -4.7738 80 200 120
5.5726 0.7818 -3.3564 80 200 120
9.0697 -2.6894 -1.4852 80 200 120
4.1422 3.2348 -2.5142 80 200 120
3.9383 2.0466 -3.8761 80 200 120
9.3080 -3.2694 -1.4887 80 200 120
9.7386 -2.7370 -1.8845 80 200 120
8.0372 -1.2384 -3.1791 80 200 120
7.0648 -1.8402 -3.5829 80 200 120
3.4629 1.2910 -4.1976 80 200 120
4.1475 0.1111 -4.7182 80 200 120
-0.8256 -1.6653 -4.0633 80 200 120
-4.5326 -0.5740 -2.3015 80 200 120
3.8040 -3.1734 -1.3896 80 200 120
-0.6103 1.2180 -1.3231 80 200 120
2.9827 -6.1617 -2.9364 80 200 120
2.8035 -2.4869 -1.3604 80 200 120
4.5681 -7.9834 -2.1353 80 200 120
4.2213 -2.0951 -3.6718 80 200 120
4.2966 -2.2129 -4.3161 80 200 120
4.4270 -5.1724 -4.5117 80 200 120
5.4338 -3.5114 -3.3443 80 200 120
4.3179 -5.2061 -4.1914 80 200 120
4.3957 -0.9334 -3.8937 80 200 120
5.4280 -3.4063 -2.7747 80 200 120
3.4399 -0.5864 -3.8058 80 200 120
3.1152 -3.2943 -4.6567 80 200 120
2.0572 -0.3525 -4.6098 80 200 120
5.6956 -1.4267 -3.7624 80 200 120
4.6960 -5.6064 -4.2634 80 200 120
3.3447 -3.9932 -4.6256 80 200 120
4.4362 -3.6361 -4.7564 80 200 120
5.5559 -4.0561 -4.6181 80 200 120
6.2656 -3.8744 -4.8471 80 200 120
3.8681 -5.4548 -4.2126 80 200 120
2.4840 -4.8953 -4.6154 80 200 120
6.0466 -3.4995 -4.9167 80 200 120
6.3829 -4.4595 -4.0020 80 200 120
5.4328 -3.8596 -4.7000 80 200 120
5.6528 -4.1659 -4.3415 80 200 120
8.4396 -3.7930 -4.7287 80 200 120
6.2547 -4.0552 -4.2662 80 200 120
2.0126 -0.3658 -4.1442 80 200 120
5.4252 -2.6976 -3.6281 80 200 120
2.7821 -6.1883 -2.7584 80 200 120
5.9235 -3.7260 -4.3950 80 200 120
1.5176 -0.3917 -1.5829 80 200 120
6.2237 -4.0419 -4.1143 80 200 120
7.6768 -1.2528 -2.1241 80 200 120
5.1236 -1.3905 -3.9050 80 200 120
4.8170 2.2258 -2.8358 80 200 120
1.2205 0.6598 -5.0689 80 200 120
1.9460 -0.1297 -3.5284 80 200 120
5.6572 0.1486 -4.2697 80 200 120
2.1995 -0.0862 -4.5825 80 200 120
7.3518 -3.2576 -2.9043 80 200 120
-1.0466 -1.5641 -2.9691 80 200 120
5.7628 -2.4996 -1.9129 80 200 120
5.3088 -2.4594 -3.6943 80 200 120
3.9214 -7.3722 -2.1033 80 200 120
3.2979 -2.5107 -1.3848 80 200 120
-1.7995 -0.4199 -1.9688 80 200 120
-1.3370 -0.4409 -1.4351 80 200 120
2.5738 -5.7629 -3.5387 80 200 120
2.3650 -4.8504 -1.3716 80 200 120
5.8126 -7.0420 -1.6915 80 200 120
4.5514 -7.9083 -1.7162 80 200 120
6.6192 -6.1194 -1.4434 80 200 120
8.7237 -2.7290 -2.5933 80 200 120
6.7490 -3.9382 -3.4555 80 200 120
9.2244 -3.2616 -3.7625 80 200 120
5.8689 -3.5335 -3.4253 80 200 120
2.8054 -1.6901 -4.7124 80 200 120
6.2499 -4.1154 -4.5988 80 200 120
5.3579 -2.8227 -4.6157 80 200 120
5.3237 -2.3737 -3.7424 80 200 120
4.6734 2.2871 -3.4008 80 200 120
4.3426 -4.9694 -4.5377 80 200 120
6.9599 -5.6120 -4.6325 80 200 120
4.3536 -7.0609 -4.6443 80 200 120
2.2843 -5.4583 -4.2863 80 200 120
3.1090 -4.1130 -4.5825 80 200 120
5.4127 -7.3001 -4.5678 80 200 120
5.9976 -4.7779 -3.7068 80 200 120
6.1984 -4.5687 -3.7504 80 200 120
6.2218 -3.9542 -3.5116 80 200 120
5.5824 -1.0383 -3.8957 80 200 120
3.3039 2.1000 -2.2788 80 200 120
5.5864 -2.9836 -4.3065 80 200 120
1.3649 1.8556 -2.8812 80 200 120
6.3006 -4.1405 -3.8196 80 200 120
5.7992 -3.7439 -2.1569 80 200 120
4.6314 0.4075 -4.4108 80 200 120
0.5815 -1.3649 -4.5481 80 200 120
3.6261 2.4647 -3.9671 80 200 120
0.7653 -3.7447 -2.9204 80 200 120
0.1183 -1.6956 -4.1976 80 200 120
3.3726 -6.6752 -2.3353 80 200 120
4.0694 -7.6064 -3.6638 80 200 120
-0.7974 0.3495 -1.5014 80 200 120
3.2417 -6.5679 -1.4673 80 200 120
2.0552 -5.4292 -3.3465 80 200 120
4.3993 -7.8742 -1.4361 80 200 120
5.3770 -7.0333 -1.3886 80 200 120
9.2318 -3.8232 -1.4727 80 200 120
3.7862 -7.3443 -1.3942 80 200 120
5.9361 -3.6170 -3.0840 80 200 120
8.3515 -4.6329 -4.4771 80 200 120
9.4560 -3.2999 -4.4798 80 200 120
6.9709 -4.1159 -3.5510 80 200 120
2.3639 -0.0234 -3.4191 80 200 120
3.2018 1.9816 -4.1935 80 200 120
3.2179 -1.1045 -3.8481 80 200 120
2.7114 0.4602 -3.5972 80 200 120
3.1638 -3.3626 -4.6262 80 200 120
10.0123 -2.5856 -1.8012 80 200 120
5.7857 1.1788 -3.3257 80 200 120
6.3285 -4.6014 -3.9470 80 200 120
4.3830 -5.2033 -4.3412 80 200 120
2.0784 -5.1983 -4.6147 80 200 120
8.3399 -3.8713 -4.6713 80 200 120
5.9304 -4.7415 -3.4098 80 200 120
4.4781 -5.4339 -4.3588 80 200 120
5.4330 -3.8854 -4.6524 80 200 120
2.6688 -5.8886 -4.1524 80 200 120
4.1181 -5.8305 -4.1088 80 200 120
6.2286 -3.0495 -3.4977 80 200 120
5.5462 -3.3130 -3.2508 80 200 120
3.4300 -6.7995 -4.6434 80 200 120
5.5173 -3.4877 -4.2853 80 200 120
5.7752 -3.7631 -2.1784 80 200 120
1.6175 -4.5480 -2.7239 80 200 120
4.1744 -0.1461 -4.0494 80 200 120
1.8774 -1.1297 -3.3439 80 200 120
4.2946 -0.7565 -4.3517 80 200 120
5.9894 0.3296 -4.0028 80 200 120
1.8200 -4.8876 -2.0727 80 200 120
3.7430 -2.1103 -3.5442 80 200 120
3.5527 -1.9863 -4.0370 80 200 120
5.6601 -0.0133 -4.1714 80 200 120
4.1185 -2.6686 -3.6642 80 200 120
5.1301 -2.1305 -3.7562 80 200 120
1.6148 -0.5896 -4.0389 80 200 120
-1.5021 -0.8634 -3.6267 80 200 120
2.8352 -1.3059 -4.4970 80 200 120
0.6758 -0.6573 -4.6261 80 200 120
6.4581 0.1064 -3.0178 80 200 120
2.0978 -4.9047 -1.5207 80 200 120
4.3562 -7.8503 -2.7825 80 200 120
3.8324 -7.4776 -2.7872 80 200 120
2.5895 -5.8764 -3.7067 80 200 120
3.7068 -7.3108 -3.4954 80 200 120
-1.7030 -0.3192 -2.2339 80 200 120
8.9991 -2.4528 -1.3970 80 200 120
9.1356 -2.9324 -1.4544 80 200 120
8.3787 -4.7485 -2.8081 80 200 120
4.6825 -6.9498 -1.3805 80 200 120
8.2380 -4.2166 -2.6366 80 200 120
4.3564 -7.0336 -1.4238 80 200 120
6.6376 -4.3200 -2.5891 80 200 120
7.5133 -5.5922 -2.7174 80 200 120
5.1866 1.1601 -3.3018 80 200 120
4.9040 -5.8601 -4.1907 80 200 120
1.4280 -0.2856 -4.5968 80 200 120
6.5688 -4.3643 -3.9930 80 200 120
5.5633 -3.0791 -4.1967 80 200 120
5.9574 -6.8881 -4.6606 80 200 120
5.4181 -7.3882 -4.6495 80 200 120
1.7204 -1.4278 -4.6618 80 200 120
3.7948 1.9538 -3.7948 80 200 120
3.0130 -4.0076 -4.6299 80 200 120
2.7307 -3.3369 -4.6039 80 200 120
5.7145 -7.2799 -4.8251 80 200 120
6.0259 -3.5434 -4.8346 80 200 120
5.6338 -4.1086 -4.5170 80 200 120
3.8885 -5.5408 -4.1595 80 200 120
4.7275 -7.3277 -4.6428 80 200 120
3.6850 -6.8636 -4.7196 80 200 120
8.4478 -4.5507 -4.5018 80 200 120
6.1114 -3.0939 -3.6600 80 200 120
4.4131 -6.2381 -4.1068 80 200 120
-0.0254 -3.0435 -1.3837 80 200 120
4.7477 -1.4871 -4.6470 80 200 120
4.5593 -5.2316 -4.2506 80 200 120
0.0199 0.7956 -2.0942 80 200 120
5.8774 -3.5696 -2.1901 80 200 120
5.8692 -3.7191 -2.1392 80 200 120
2.1951 -3.1211 -3.8180 80 200 120
8.3814 -2.2899 -3.0944 80 200 120
5.5808 -4.1294 -1.5067 80 200 120
-0.8971 0.3759 -2.2490 80 200 120
1.8456 -0.6996 -4.5574 80 200 120
5.0946 0.7556 -3.9002 80 200 120
4.3351 -2.2718 -3.9422 80 200 120
3.7967 -7.5106 -3.4759 80 200 120
3.5259 -7.0372 -2.6373 80 200 120
3.8516 -6.7934 -1.3729 80 200 120
0.7146 -3.7442 -2.8648 80 200 120
4.3251 -7.9691 -3.3337 80 200 120
2.6856 -6.1614 -3.7788 80 200 120
8.4324 -3.7625 -1.3194 80 200 120
7.8313 -5.0322 -2.8696 80 200 120
10.1343 -2.7555 -2.9643 80 200 120
7.4548 -1.6509 -1.5564 80 200 120
8.5441 -5.3283 -3.8677 80 200 120
8.1563 -1.3534 -1.4812 80 200 120
8.0343 -4.8796 -3.3691 80 200 120
7.6990 -2.2949 -1.3926 80 200 120
5.7923 -3.7421 -3.0485 80 200 120
5.8516 -3.6745 -2.9524 80 200 120
4.3903 -6.2887 -4.2236 80 200 120
5.8653 -3.7738 -3.9650 80 200 120
3.0678 3.0348 -3.2391 80 200 120
1.9753 -0.2659 -4.6654 80 200 120
5.6166 -7.1406 -4.5942 80 200 120
6.1292 -6.7154 -4.6508 80 200 120
2.0646 -5.1638 -4.5806 80 200 120
2.3923 -4.6506 -4.4024 80 200 120
2.8605 -4.2667 -4.7146 80 200 120
7.9776 -4.0099 -4.7486 80 200 120
6.3709 -4.4307 -4.2372 80 200 120
1.9737 2.6699 -1.5592 80 200 120
2.6431 3.2958 -2.3319 80 200 120
5.6640 -3.0387 -3.1503 80 200 120
5.5496 -3.4675 -3.4287 80 200 120
4.3822 -5.2021 -4.2414 80 200 120
5.5833 -3.2428 -3.3015 80 200 120
1.2497 -3.3270 -1.7504 80 200 120
2.6234 -0.6481 -4.4303 80 200 120
5.5120 1.1207 -3.3070 80 200 120
1.0320 -0.7080 -1.6733 80 200 120
-0.3644 -1.6899 -1.6757 80 200 120
9.0557 -2.7211 -1.4891 80 200 120
9.9695 -2.9779 -1.3672 80 200 120
7.7071 -1.6757 -3.1296 80 200 120
6.0841 0.9697 -3.4896 80 200 120
6.2373 -3.2132 -3.1676 80 200 120
11.3565 -2.9316 -1.0506 80 200 120
5.9587 -2.4070 -1.5459 80 200 120
5.1471 -1.9355 -3.8010 80 200 120
3.5517 -1.9884 -4.0765 80 200 120
3.5726 -1.3846 -3.8001 80 200 120
6.0934 -3.6011 -2.8655 80 200 120
0.5334 -2.0218 -4.0076 80 200 120
5.7167 -2.8393 -2.4614 80 200 120
2.9952 -6.4384 -2.8877 80 200 120
-1.1895 -1.4904 -2.1354 80 200 120
2.2840 -5.4227 -1.4324 80 200 120
1.8644 -4.9627 -2.6272 80 200 120
2.8174 -6.1428 -2.8177 80 200 120
3.1614 -6.5165 -2.4094 80 200 120
2.4003 -5.3618 -3.0378 80 200 120
7.7859 -5.3467 -1.6768 80 200 120
8.9920 -2.0390 -1.4951 80 200 120
7.0676 -5.1391 -3.2971 80 200 120
6.9276 -6.0352 -2.5464 80 200 120
8.5182 -5.0375 -2.0345 80 200 120
5.7733 -3.7234 -2.9533 80 200 120
6.3438 -4.4869 -4.0577 80 200 120
4.6348 -0.6566 -4.1271 80 200 120
3.1174 -3.3220 -4.6711 80 200 120
2.5280 -0.4704 -4.3590 80 200 120
2.6596 -0.9263 -4.7657 80 200 120
5.8296 -3.8995 -3.6482 80 200 120
6.1689 -1.4772 -3.5266 80 200 120
5.4853 -5.8634 -4.6518 80 200 120
8.1118 -4.6630 -4.3005 80 200 120
5.4669 -3.8354 -4.7603 80 200 120
4.3024 -7.6928 -4.5649 80 200 120
6.2836 -4.3392 -4.1622 80 200 120
5.5639 -4.2084 -4.4369 80 200 120
4.6329 -6.6982 -4.6606 80 200 120
5.8098 -4.3116 -4.4833 80 200 120
6.8776 -4.7460 -4.7291 80 200 120
4.2179 -5.4265 -4.0181 80 200 120
2.9916 5.0739 -1.3684 80 200 120
4.3674 1.7401 -3.2983 80 200 120
4.9037 0.5442 -3.2587 80 200 120
2.1546 -4.2375 -4.7306 80 200 120
5.4695 -3.6869 -4.1590 80 200 120
1.9092 -0.2290 -1.7574 80 200 120
1.2868 2.3134 -1.7762 80 200 120
5.8135 -3.8585 -3.8547 80 200 120
5.7394 -3.9804 -4.0218 80 200 120
5.8826 -3.7606 -3.5669 80 200 120
6.2551 -4.1907 -3.7604 80 200 120
5.2734 -3.2811 -4.6998 80 200 120
3.8856 4.6756 -1.2610 80 200 120
4.9090 -7.8165 -4.6262 80 200 120
5.8464 -3.7668 -2.1983 80 200 120
5.9548 -3.6939 -2.1219 80 200 120
4.3317 -2.1004 -3.7750 80 200 120
4.9598 0.6881 -3.2405 80 200 120
4.3403 -1.2638 -3.6749 80 200 120
4.7196 -1.8054 -4.4562 80 200 120
3.5955 0.6344 -4.0797 80 200 120
5.3301 -2.7569 -3.7853 80 200 120
5.6483 -4.0558 -1.4622 80 200 120
1.5760 -3.4045 -2.4895 80 200 120
11.9910 -1.4972 -1.6114 80 200 120
2.7156 0.4171 -3.5761 80 200 120
2.6616 -0.8092 -4.2946 80 200 120
0.5169 -0.5266 -4.6677 80 200 120
6.0656 -0.7057 -3.9924 80 200 120
1.6248 -4.8573 -2.0623 80 200 120
2.1053 -0.9008 -3.4373 80 200 120
0.1327 -2.1664 -3.6785 80 200 120
3.2866 -6.6580 -1.8166 80 200 120
3.1697 -6.5291 -1.9378 80 200 120
3.5379 -6.9242 -2.3028 80 200 120
3.5118 -6.9570 -1.5589 80 200 120
4.3392 -7.8352 -2.1597 80 200 120
1.3017 -4.0202 -2.8154 80 200 120
3.9877 -7.4851 -1.7272 80 200 120
3.8091 -7.3147 -2.4015 80 200 120
1.4803 -2.9476 -1.3770 80 200 120
2.3727 -4.2414 -1.3834 80 200 120
3.3115 -6.0040 -1.3700 80 200 120
2.3796 -3.7679 -1.3668 80 200 120
1.5986 -3.8285 -1.3982 80 200 120
4.4045 -7.9059 -2.7363 80 200 120
3.8745 -7.1990 -3.0654 80 200 120
8.5955 -1.5306 -2.5343 80 200 120
9.1154 -2.7430 -1.2710 80 200 120
8.2748 -2.4655 -2.7595 80 200 120
8.8740 -2.5000 -1.2802 80 200 120
7.8732 -4.5498 -3.4888 80 200 120
9.5313 -4.3702 -4.2407 80 200 120
3.8321 -7.3064 -1.3979 80 200 120
8.4503 -1.8540 -1.4804 80 200 120
7.6502 -5.3632 -3.4138 80 200 120
9.1207 -4.0970 -4.6090 80 200 120
0.5979 0.2129 -4.3484 80 200 120
2.0910 -3.8769 -4.5848 80 200 120
2.2611 5.1702 -2.1912 80 200 120
5.5454 -3.4080 -3.6332 80 200 120
3.1613 4.4609 -1.4501 80 200 120
3.7788 -5.5905 -4.2495 80 200 120
4.7709 -5.9773 -4.1748 80 200 120
5.1858 -7.4887 -4.5814 80 200 120
6.3728 -6.4732 -4.6050 80 200 120
6.2694 -4.6374 -3.9336 80 200 120
6.2078 -4.3029 -4.4835 80 200 120
4.2007 -5.5662 -4.0458 80 200 120
2.7550 -5.8293 -4.1090 80 200 120
4.2085 -5.1967 -4.3128 80 200 120
2.2765 -5.4573 -4.3194 80 200 120
5.2297 -5.1159 -4.6817 80 200 120
2.7605 -6.1233 -4.4297 80 200 120
6.0542 -1.0481 -3.9169 80 200 120
3.6793 -7.0438 -4.5734 80 200 120
4.7696 -5.9841 -4.1956 80 200 120
5.6628 -3.1985 -3.1122 80 200 120
5.5314 -3.4892 -3.2992 80 200 120
1.8008 -0.8917 -1.8530 80 200 120
-0.8583 1.4505 -1.3050 80 200 120
-0.6147 -1.5581 -1.6232 80 200 120
-0.3080 -2.4365 -1.4173 80 200 120
1.8217 -0.7767 -2.4185 80 200 120
4.2727 -5.6510 -4.0740 80 200 120
2.3663 -2.7358 -1.3913 80 200 120
5.9743 -3.6851 -2.1059 80 200 120
4.0068 1.4233 -3.7297 80 200 120
-0.6100 -1.5760 -3.3309 80 200 120
7.9940 -1.4361 -3.4455 80 200 120
2.3168 -0.9850 -4.3320 80 200 120
2.2856 -1.0839 -4.8628 80 200 120
1.1772 -0.4625 -4.8382 80 200 120
2.9169 -0.6171 -4.0408 80 200 120
4.6816 2.8745 -2.0417 80 200 120
3.9572 1.7060 -1.1541 80 200 120
4.9195 -0.0738 -4.3405 80 200 120
4.5697 -0.7572 -4.0326 80 200 120
5.1157 0.3035 -3.7218 80 200 120
4.0373 -1.9150 -3.7450 80 200 120
0.5726 -1.3820 -4.5386 80 200 120
4.3596 -7.9065 -3.2866 80 200 120
3.7335 -7.2792 -3.4643 80 200 120
3.3281 -6.6956 -1.6278 80 200 120
7.8499 -4.8616 -2.4525 80 200 120
7.5006 -4.6777 -1.3430 80 200 120
5.7955 -6.8145 -1.4267 80 200 120
8.7385 -3.9026 -3.2025 80 200 120
6.4055 -3.2030 -1.9027 80 200 120
7.6201 -3.5433 -2.5995 80 200 120
4.3257 -7.7922 -1.7428 80 200 120
9.7298 1.1402 -1.5761 80 200 120
6.1201 -4.1328 -1.3942 80 200 120
5.8848 -3.7607 -3.3560 80 200 120
5.4452 -7.4521 -4.7695 80 200 120
4.3377 -4.9736 -4.4978 80 200 120
3.8223 -4.9354 -4.6164 80 200 120
3.0369 -4.9644 -4.6521 80 200 120
1.9247 -5.0268 -4.6510 80 200 120
8.0378 -4.3293 -4.4474 80 200 120
8.1917 -4.5957 -4.6671 80 200 120
4.6077 -5.3141 -4.2271 80 200 120
5.0872 0.2714 -3.7711 80 200 120
4.8684 -5.7143 -4.0757 80 200 120
-0.5302 0.7915 -4.4775 80 200 120
6.5235 -4.3169 -4.6688 80 200 120
5.8764 -3.8294 -4.5381 80 200 120
5.5651 -3.4549 -4.4011 80 200 120
6.2199 -4.0683 -4.1043 80 200 120
2.7909 -6.1035 -4.6859 80 200 120
4.8669 0.4487 -3.2932 80 200 120
1.9775 2.6301 -1.5736 80 200 120
1.7129 -4.1341 -4.6068 80 200 120
2.6039 3.5582 -2.3154 80 200 120
3.3346 -2.1329 -4.7194 80 200 120
4.6656 -4.8073 -4.7129 80 200 120
1.3159 -4.4001 -1.4433 80 200 120
5.9821 -3.6362 -2.1959 80 200 120
5.9839 -3.7000 -2.0689 80 200 120
3.4644 -1.5941 -4.2290 80 200 120
5.6242 -4.2398 -2.6777 80 200 120
2.9737 -2.3303 -3.4002 80 200 120
4.7630 -1.2682 -4.7216 80 200 120
9.0148 -1.5719 -3.0846 80 200 120
5.8504 -3.8945 -2.9058 80 200 120
-0.2901 1.1620 -2.0648 80 200 120
-0.3908 -0.3465 -4.2696 80 200 120
2.5726 -0.5922 -4.3952 80 200 120
0.0513 0.3259 -4.3584 80 200 120
1.5100 -4.4872 -1.4790 80 200 120
-0.1999 1.3202 -3.2189 80 200 120
1.1546 -1.6465 -4.7230 80 200 120
1.8126 -4.9109 -2.1152 80 200 120
1.0617 -4.0473 -1.4467 80 200 120
4.5215 -8.0825 -1.6388 80 200 120
0.9116 -3.6008 -2.1361 80 200 120
2.6848 -5.9267 -3.1049 80 200 120
3.2602 -6.6262 -2.4107 80 200 120
2.9445 -6.2363 -2.9375 80 200 120
4.5881 -7.9235 -1.3561 80 200 120
9.1813 -4.0949 -1.3379 80 200 120
9.2371 -2.5968 -1.5169 80 200 120
5.6204 -4.1725 -2.1902 80 200 120
5.8236 -4.0565 -1.9016 80 200 120
7.6807 -5.0076 -3.0965 80 200 120
9.2649 -2.4471 -3.0892 80 200 120
6.9281 -6.1035 -2.6629 80 200 120
6.1896 -5.2415 -1.3558 80 200 120
7.5278 -5.7151 -3.7026 80 200 120
7.7386 -5.3789 -3.5425 80 200 120
7.4882 -5.6014 -2.6972 80 200 120
5.7257 -3.8626 -2.9735 80 200 120
0.8004 -0.8706 -4.4664 80 200 120
1.3273 -0.0976 -4.1512 80 200 120
4.5600 -5.2700 -4.2665 80 200 120
1.8989 0.0425 -3.5551 80 200 120
3.1704 4.5559 -1.4208 80 200 120
2.1583 -3.6266 -4.7052 80 200 120
2.6723 -3.2875 -4.6547 80 200 120
2.6171 -0.4707 -3.5629 80 200 120
4.5900 -7.8773 -4.4658 80 200 120
4.9218 -5.8938 -4.1013 80 200 120
4.9291 -5.6296 -4.2517 80 200 120
5.5042 -5.2093 -4.7218 80 200 120
6.0493 -5.7120 -4.6820 80 200 120
4.3314 -7.8383 -4.6696 80 200 120
4.6778 -5.5190 -4.1426 80 200 120
3.1872 -6.5136 -4.6457 80 200 120
4.5511 -4.0077 -4.7908 80 200 120
3.3944 -6.2712 -2.7747 80 200 120
2.5998 -5.9015 -4.2005 80 200 120
7.3023 -4.9594 -4.7110 80 200 120
6.1139 -4.6432 -3.9594 80 200 120
3.7085 2.1994 -3.0834 80 200 120
1.4941 -0.4452 -4.5889 80 200 120
1.9483 -0.2242 -1.7490 80 200 120
0.1520 0.1433 -1.5946 80 200 120
-1.3822 -1.1390 -1.5303 80 200 120
5.9040 -3.7726 -2.1909 80 200 120
0.4508 -2.8798 -4.0543 80 200 120
1.9981 -4.3014 -3.1685 80 200 120
4.3007 -2.4031 -3.5209 80 200 120
6.7223 0.5400 -3.9566 80 200 120
1.0959 -2.9152 -3.9846 80 200 120
1.9232 5.8454 -3.2724 80 200 120
3.1090 -1.6660 -4.5247 80 200 120
5.6262 -4.0464 -1.4465 80 200 120
5.5722 -0.5296 -3.9766 80 200 120
3.4217 -6.7192 -2.7487 80 200 120
-1.6650 -1.0861 -2.3680 80 200 120
-1.3324 -0.8175 -2.0335 80 200 120
4.5480 -8.2157 -2.4467 80 200 120
3.0802 -6.3369 -1.4398 80 200 120
2.7444 -6.0664 -1.6915 80 200 120
-1.1030 -0.4257 -1.4543 80 200 120
-0.4136 -2.3168 -1.8069 80 200 120
7.6195 -5.4956 -1.8717 80 200 120
6.1961 -6.6054 -1.4379 80 200 120
3.8212 -7.3222 -1.3964 80 200 120
5.7613 -4.7765 -1.3944 80 200 120
3.7443 -7.0643 -1.6637 80 200 120
5.1294 -4.9440 -2.9663 80 200 120
1.8940 -0.1534 -4.1034 80 200 120
6.0243 -5.3130 -4.6817 80 200 120
3.8313 -7.3062 -4.3785 80 200 120
4.7972 -5.8163 -4.0950 80 200 120
6.9388 -6.1869 -4.7373 80 200 120
5.8169 -6.7920 -4.7827 80 200 120
5.9279 -4.1358 -4.7331 80 200 120
2.8348 -5.4907 -4.7270 80 200 120
8.6422 -4.0558 -4.7206 80 200 120
4.2014 -5.3982 -4.1026 80 200 120
3.9043 -4.2441 -4.7906 80 200 120
4.0916 -5.4935 -4.1060 80 200 120
1.5321 -0.4177 -1.7830 80 200 120
4.2782 2.5928 -3.4019 80 200 120
4.5982 -0.9715 -4.0425 80 200 120
3.2669 3.0646 -1.5977 80 200 120
3.4191 -6.8000 -4.6517 80 200 120
5.1568 0.7561 -3.8387 80 200 120
5.5561 -4.2237 -3.5894 80 200 120
5.6440 -4.1030 -3.8896 80 200 120
6.5316 0.1265 -3.9088 80 200 120
5.5944 -4.1576 -3.4130 80 200 120
5.5087 -2.7540 -3.6294 80 200 120
4.0759 -5.8568 -4.3460 80 200 120
2.1818 -2.0678 -3.8354 80 200 120
2.4494 -2.5532 -4.0755 80 200 120
2.7020 -1.7363 -4.5215 80 200 120
1.7020 -0.7291 -4.5516 80 200 120
-0.9347 -1.4073 -4.0045 80 200 120
6.3782 -1.8402 -2.0672 80 200 120
7.8296 -3.2562 -1.6904 80 200 120
2.3131 -2.7072 -1.3610 80 200 120
4.7556 -1.3304 -4.7043 80 200 120
4.3538 -7.9470 -1.7085 80 200 120
3.6489 -7.0682 -2.0199 80 200 120
2.4065 -5.7470 -3.2713 80 200 120
3.0005 -6.3479 -3.1264 80 200 120
9.7407 -2.9336 -1.5117 80 200 120
7.2372 -4.9487 -1.3557 80 200 120
6.7912 -6.0922 -2.0102 80 200 120
9.2151 -0.0219 -2.2927 80 200 120
3.6870 -6.8472 -1.5014 80 200 120
10.9959 -3.9738 -4.8000 80 200 120
3.5246 -6.8317 -1.4360 80 200 120
4.8713 -7.1629 -1.3665 80 200 120
5.8086 -3.8169 -3.2850 80 200 120
7.6457 -4.2201 -4.4139 80 200 120
5.5822 -4.4699 -4.7274 80 200 120
4.5703 -8.1399 -4.6763 80 200 120
4.4886 -5.1722 -4.3462 80 200 120
4.1230 -7.5781 -4.5713 80 200 120
3.0533 -6.3998 -2.8332 80 200 120
3.4785 -6.2191 -4.6860 80 200 120
3.0474 3.3562 -3.2788 80 200 120
4.9538 0.9293 -3.3528 80 200 120
5.5323 0.5108 -3.2854 80 200 120
4.2385 -6.0896 -4.3628 80 200 120
0.9637 -3.2846 -1.6980 80 200 120
6.3132 -3.9624 -4.3411 80 200 120
4.1220 1.4454 -1.6782 80 200 120
1.7893 0.6695 -2.8322 80 200 120
1.3498 -1.8591 -4.6435 80 200 120
5.9431 -3.7897 -1.9980 80 200 120
5.4887 -3.6244 -2.9738 80 200 120
3.4531 -1.4895 -4.1515 80 200 120
5.5503 -1.8113 -3.8662 80 200 120
1.9736 -0.4274 -4.5700 80 200 120
1.0457 0.5538 -4.3628 80 200 120
2.8598 -1.9801 -3.5530 80 200 120
4.9716 -2.8191 -3.6801 80 200 120
-0.4963 -1.6901 -4.4153 80 200 120
2.2860 -1.8762 -3.1687 80 200 120
2.5469 3.0756 -3.0857 80 200 120
4.1325 3.4212 -2.4063 80 200 120
0.9697 -4.3356 -2.8017 80 200 120
0.4490 -3.6134 -2.9667 80 200 120
5.9346 -3.6865 -3.0955 80 200 120
5.1973 -3.7110 -3.2850 80 200 120
6.3721 -1.9570 -2.4036 80 200 120
6.9046 0.2546 -2.7831 80 200 120
2.0318 -5.3481 -3.1005 80 200 120
0.4878 -3.6828 -3.0365 80 200 120
2.8535 -6.1294 -1.5439 80 200 120
2.1181 -2.9433 -1.3328 80 200 120
0.7794 -3.5042 -2.0932 80 200 120
3.1914 -6.4771 -2.6393 80 200 120
1.6381 -4.8746 -2.6030 80 200 120
13.7251 -0.7491 -5.0423 80 200 120
8.3012 -2.7742 -1.2806 80 200 120
7.9756 -4.8796 -2.0479 80 200 120
9.0145 -2.2709 -1.7335 80 200 120
8.5307 -1.6059 -2.4170 80 200 120
5.4543 -4.4062 -2.0684 80 200 120
5.8528 -6.9949 -1.4769 80 200 120
6.6749 -6.1940 -3.0415 80 200 120
7.2930 -5.7781 -2.8243 80 200 120
3.8641 -6.8211 -1.3740 80 200 120
7.4605 -3.1274 -3.6530 80 200 120
6.3438 -3.4702 -2.9411 80 200 120
1.8607 -3.3495 -4.2128 80 200 120
1.5067 -0.4296 -4.5393 80 200 120
5.6792 -4.0296 -3.7031 80 200 120
1.5284 -0.4377 -4.0473 80 200 120
3.0248 -4.0246 -4.6162 80 200 120
2.0831 -3.8765 -4.5787 80 200 120
2.0531 -0.2731 -3.4753 80 200 120
4.4545 -5.7650 -4.0693 80 200 120
4.7227 -5.6437 -4.0832 80 200 120
4.3189 -7.8667 -3.7405 80 200 120
5.6300 -5.0172 -4.6686 80 200 120
7.2321 -5.8591 -4.7533 80 200 120
5.0968 -5.2780 -4.6947 80 200 120
4.2893 -5.6432 -4.0720 80 200 120
5.3196 -7.0959 -4.7399 80 200 120
6.4734 -4.0377 -4.7947 80 200 120
3.1437 -6.0548 -4.7059 80 200 120
2.2570 -5.4792 -4.3293 80 200 120
2.3909 -4.8635 -4.7265 80 200 120
4.7152 -4.1380 -4.6659 80 200 120
5.6628 -4.0885 -4.5383 80 200 120
4.3598 -7.9203 -3.3161 80 200 120
5.5668 -3.5368 -3.2945 80 200 120
4.4402 -6.2340 -4.1180 80 200 120
2.0121 -0.4040 -4.6579 80 200 120
5.6501 -3.3461 -3.6825 80 200 120
5.8997 -3.8200 -2.0406 80 200 120
6.0246 -3.7158 -1.8398 80 200 120
-0.3958 -0.4315 -4.2447 80 200 120
1.4373 -0.4699 -1.8145 80 200 120
1.4223 -2.4693 -4.1101 80 200 120
2.0635 -0.6756 -3.3083 80 200 120
0.6877 -0.7572 -4.5744 80 200 120
4.1735 -1.6568 -3.6122 80 200 120
4.3625 -2.6193 -3.6343 80 200 120
3.7480 -2.5347 -4.0224 80 200 120
7.0336 -3.0153 -2.4285 80 200 120
5.6894 -4.0042 -1.4379 80 200 120
3.6355 -6.9524 -1.4400 80 200 120
4.5646 -7.9739 -1.4440 80 200 120
3.4546 -6.8800 -3.1523 80 200 120
3.4185 -6.8251 -2.0901 80 200 120
3.2342 -6.6136 -2.5631 80 200 120
3.7057 -6.9883 -2.5467 80 200 120
3.8573 -7.2343 -1.4355 80 200 120
3.5477 -6.7841 -2.7091 80 200 120
3.3930 -6.7855 -1.4862 80 200 120
2.6659 -5.9139 -2.5144 80 200 120
3.3032 -6.7239 -2.3380 80 200 120
2.9022 -4.6737 -1.3574 80 200 120
3.6056 -6.8626 -2.7977 80 200 120
4.7336 -8.0061 -1.8667 80 200 120
4.1927 -7.7481 -2.2875 80 200 120
7.3516 -4.4881 -1.2916 80 200 120
6.4930 -5.1334 -2.3491 80 200 120
8.9671 -1.9678 -3.1703 80 200 120
8.9108 -3.0110 -1.2476 80 200 120
6.9979 -6.0814 -1.7541 80 200 120
5.8204 -4.7671 -1.3727 80 200 120
7.9758 -5.3254 -3.6342 80 200 120
3.8625 -7.3339 -1.4066 80 200 120
9.1287 -4.0677 -4.4954 80 200 120
9.2671 -3.7049 -4.5451 80 200 120
7.9368 -5.1680 -4.6904 80 200 120
8.6376 -4.3152 -4.9860 80 200 120
5.9097 -3.8186 -3.3343 80 200 120
5.7500 -3.8528 -3.3203 80 200 120
6.7787 -3.7893 -3.5796 80 200 120
6.0851 -3.6259 -2.9003 80 200 120
7.7764 -5.3344 -4.6510 80 200 120
6.0741 -5.3182 -4.6628 80 200 120
0.9537 -1.8754 -4.3325 80 200 120
1.8971 -3.1814 -4.5898 80 200 120
5.4969 -8.1143 -5.3894 80 200 120
3.3413 -0.8138 -4.1316 80 200 120
3.0536 5.1098 -1.3705 80 200 120
4.7822 -1.3478 -4.7106 80 200 120
2.4043 4.4558 -2.2898 80 200 120
3.8373 -5.5612 -4.2148 80 200 120
1.8770 -4.1051 -4.5638 80 200 120
1.9237 -2.7417 -4.6446 80 200 120
7.1431 -5.8960 -4.7324 80 200 120
6.4331 0.2154 -3.0046 80 200 120
6.1715 -6.1469 -4.7083 80 200 120
2.8327 -6.0562 -4.7913 80 200 120
8.3551 -5.0804 -4.8803 80 200 120
4.8266 -7.9298 -4.6486 80 200 120
3.1164 -6.3892 -2.8240 80 200 120
2.3995 -5.6513 -4.7085 80 200 120
2.5338 -5.9057 -4.2749 80 200 120
4.2985 -5.0565 -4.4065 80 200 120
6.2206 -3.8292 -5.1616 80 200 120
4.5459 -8.2104 -4.7378 80 200 120
5.5873 -2.1332 -3.8276 80 200 120
0.1501 0.0481 -1.5826 80 200 120
-0.3408 1.2508 -2.0615 80 200 120
-0.9653 -1.3655 -1.5835 80 200 120
-0.5596 -1.5796 -2.1425 80 200 120
1.7625 0.0510 -1.6170 80 200 120
1.5553 -3.7773 -4.1106 80 200 120
5.7729 -3.8893 -2.3214 80 200 120
5.6813 -3.3285 -3.3409 80 200 120
4.3315 0.7392 -3.1383 80 200 120
5.5717 -2.6671 -3.7509 80 200 120
4.0905 -2.7817 -3.9560 80 200 120
2.9940 -1.2211 -4.7391 80 200 120
6.5039 -0.2178 -3.7828 80 200 120
5.0889 0.2638 -3.7867 80 200 120
1.6547 -1.4171 -4.6777 80 200 120
4.3900 -2.0338 -4.2773 80 200 120
2.4846 -1.3938 -4.7243 80 200 120
1.8414 -1.6405 -4.0223 80 200 120
8.8415 -2.5444 -1.4537 80 200 120
8.8426 -3.5413 -1.5681 80 200 120
-1.3304 -0.2640 -3.3210 80 200 120
1.8232 -4.9016 -1.4801 80 200 120
4.5619 -7.0766 -1.4121 80 200 120
3.0194 -6.4034 -2.4048 80 200 120
3.0462 -6.4173 -1.8557 80 200 120
3.9410 -6.1500 -1.3798 80 200 120
2.9662 -6.1880 -1.4079 80 200 120
3.2019 -6.5871 -2.0959 80 200 120
3.2063 -6.4541 -1.3220 80 200 120
4.0723 -7.5085 -1.8991 80 200 120
3.4462 -6.8924 -1.9738 80 200 120
2.6822 -2.9682 -1.2650 80 200 120
1.3925 -3.4737 -1.5337 80 200 120
3.5202 -6.8718 -1.4328 80 200 120
0.0235 -2.9050 -1.6862 80 200 120
4.5295 -7.9697 -2.4471 80 200 120
541.3254 135.2064 88.1439 80 200 120
7.8741 -5.2819 -2.3153 80 200 120
15.9436 -2.9373 -0.0366 80 200 120
5.7008 -6.3394 -1.3731 80 200 120
8.1297 -5.1583 -4.1559 80 200 120
3.5595 -7.0275 -1.3741 80 200 120
3.4140 -6.9174 -1.3702 80 200 120
8.7717 -1.6444 -2.7083 80 200 120
4.5556 -8.0769 -2.0994 80 200 120
6.8401 -6.0886 -2.6101 80 200 120
6.3272 -3.9920 -1.2785 80 200 120
5.4093 -4.4614 -2.0698 80 200 120
8.8839 -3.4605 -3.6469 80 200 120
4.3221 -7.8532 -1.6683 80 200 120
5.5460 -4.1673 -1.5038 80 200 120
5.3332 -4.0235 -1.7403 80 200 120
7.6541 -5.6910 -3.7450 80 200 120
6.3479 -6.7302 -2.6958 80 200 120
6.3573 -3.4870 -1.6945 80 200 120
4.2664 -7.0950 -1.3886 80 200 120
5.9617 -3.7993 -3.2910 80 200 120
5.6536 -3.9452 -4.5844 80 200 120
5.8337 -3.8452 -3.3465 80 200 120
8.3422 -4.8856 -4.6950 80 200 120
6.1929 -2.1883 -2.1069 80 200 120
4.4594 -6.2303 -4.0651 80 200 120
7.7091 -5.7023 -4.8815 80 200 120
5.2069 -5.5180 -4.6209 80 200 120
6.2070 -4.9382 -4.7152 80 200 120
6.5551 -5.7445 -4.7373 80 200 120
4.8005 -5.0007 -4.6831 80 200 120
2.7263 -5.9122 -4.5182 80 200 120
5.6230 -4.6953 -4.7433 80 200 120
8.3623 -4.6135 -4.4282 80 200 120
4.2107 -5.4226 -4.0941 80 200 120
3.9166 -4.2902 -4.7262 80 200 120
4.1697 -5.6047 -4.0752 80 200 120
2.1556 -5.0320 -4.3643 80 200 120
8.3624 -4.5267 -4.7762 80 200 120
2.2536 -5.2400 -4.4775 80 200 120
2.5770 -5.5256 -4.7331 80 200 120
4.5716 -4.0533 -4.7225 80 200 120
2.9535 -4.3396 -4.6332 80 200 120
6.0817 -4.2068 -3.9809 80 200 120
0.1569 -2.6720 -1.5262 80 200 120
0.5954 -3.4237 -1.4931 80 200 120
3.1324 2.6034 -3.2443 80 200 120
2.0540 5.2370 -3.2169 80 200 120
2.8925 4.0912 -2.2171 80 200 120
6.1606 -4.5737 -4.2867 80 200 120
3.7291 -6.9502 -4.4330 80 200 120
5.1583 -2.2130 -3.7355 80 200 120
6.1971 -2.3147 -3.3812 80 200 120
4.9069 -0.6787 -4.1223 80 200 120
3.2410 1.2593 -3.9919 80 200 120
3.5417 2.4205 -3.0368 80 200 120
2.7632 -2.0866 -3.4354 80 200 120
2.6052 -1.0037 -4.5139 80 200 120
3.9871 -2.1252 -3.7060 80 200 120
6.0885 -3.5333 -2.8507 80 200 120
3.4224 -1.1816 -4.8178 80 200 120
2.2823 -4.0437 -2.7932 80 200 120
3.7060 1.5646 -3.8030 80 200 120
5.1082 -3.4349 -3.5511 80 200 120
2.8450 -6.1561 -2.6622 80 200 120
2.6605 -5.9584 -2.3923 80 200 120
3.6751 -7.1032 -2.1593 80 200 120
2.7518 -6.0564 -1.9485 80 200 120
2.4505 -5.7343 -2.2170 80 200 120
1.9965 -5.1609 -1.4093 80 200 120
2.5079 -5.6990 -1.4940 80 200 120
0.6197 -3.4542 -2.2082 80 200 120
4.6769 -6.9450 -1.3803 80 200 120
31.9738 13.2664 -9.5974 80 200 120
8.7947 -2.0933 -2.9217 80 200 120
5.7177 -3.8994 -2.9210 80 200 120
4.8186 -5.2485 -2.8438 80 200 120
3.6764 2.7289 -3.1636 80 200 120
3.1954 -5.6077 -4.7246 80 200 120
5.2095 -4.7519 -4.7391 80 200 120
5.7993 -4.5680 -4.7112 80 200 120
4.7949 -4.7503 -4.6830 80 200 120
7.4415 -5.4816 -4.8289 80 200 120
5.2302 -6.1692 -4.4285 80 200 120
7.4144 -5.4876 -4.5188 80 200 120
5.3970 -4.4878 -4.7557 80 200 120
5.6663 -5.4734 -4.7261 80 200 120
3.1708 -6.3006 -4.6639 80 200 120
4.4947 -4.7709 -4.7175 80 200 120
5.7530 -5.7266 -4.6742 80 200 120
8.7286 -4.0631 -4.7603 80 200 120
7.4874 -3.6733 -5.6124 80 200 120
4.6318 -5.4173 -4.1927 80 200 120
5.7021 -4.0397 -4.5905 80 200 120
4.6523 -5.6403 -4.0795 80 200 120
4.5202 -5.4826 -4.1065 80 200 120
4.6010 -5.5355 -4.1118 80 200 120
4.9964 0.0768 -4.5259 80 200 120
2.8330 7.0494 -1.1132 80 200 120
2.4880 2.0914 -2.4057 80 200 120
6.0254 2.9731 -3.5507 80 200 120
4.4603 -6.2758 -4.1907 80 200 120
5.3836 -4.4243 -3.4789 80 200 120
5.5222 -4.2597 -3.8537 80 200 120
4.8332 3.4318 -3.5929 80 200 120
5.4617 4.0989 -3.9004 80 200 120
5.2915 -4.0574 -3.0838 80 200 120
3.3980 -3.9150 -2.3983 80 200 120
5.7323 -0.3790 -3.8597 80 200 120
8.6970 -1.8545 -3.0618 80 200 120
4.7085 -1.6320 -4.5291 80 200 120
1.7283 -4.9032 -1.9609 80 200 120
2.4352 -5.2201 -2.3094 80 200 120
1.8866 -4.9308 -1.4139 80 200 120
2.2944 -5.5025 -2.3474 80 200 120
3.6053 -6.9945 -1.7727 80 200 120
4.4322 -6.4671 -1.4047 80 200 120
3.4431 -5.6660 -1.3872 80 200 120
1.7555 -4.6878 -2.7057 80 200 120
1.4301 -4.3878 -1.4010 80 200 120
1.3573 -4.4030 -1.8989 80 200 120
3.3758 -6.2541 -2.6634 80 200 120
2.1501 -4.5311 -1.3947 80 200 120
7.3673 -4.3057 -1.3570 80 200 120
8.9846 -3.2561 -1.2888 80 200 120
7.3078 -5.0008 -3.4511 80 200 120
6.1700 -5.2631 -1.3720 80 200 120
7.0624 -6.2238 -3.1400 80 200 120
5.5464 -3.5786 -1.8029 80 200 120
4.3321 -7.9188 -1.6592 80 200 120
5.6404 -4.0059 -1.4036 80 200 120
3.7023 -7.2074 -1.6088 80 200 120
6.1441 -4.1808 -1.4046 80 200 120
5.8918 -3.8506 -3.3681 80 200 120
5.6572 -3.8920 -3.4405 80 200 120
5.6943 -3.9820 -4.5291 80 200 120
5.4768 -5.1788 -4.7699 80 200 120
6.1172 -3.7389 -3.2713 80 200 120
6.2351 -4.4878 -4.7384 80 200 120
2.1439 -3.8676 -4.0374 80 200 120
5.9609 -6.7884 -4.5909 80 200 120
3.4866 2.0693 -1.7153 80 200 120
4.4682 -6.2636 -4.1572 80 200 120
2.8910 2.1846 -2.2880 80 200 120
5.0687 -4.5724 -4.7196 80 200 120
3.4863 -5.2872 -4.6947 80 200 120
5.4841 -6.5851 -4.6859 80 200 120
6.0622 -4.4063 -4.7038 80 200 120
4.8360 -6.5418 -4.4413 80 200 120
6.0625 -4.4146 -4.3572 80 200 120
5.7374 -4.0070 -4.6214 80 200 120
5.6463 -5.0658 -4.6991 80 200 120
4.1929 -5.4737 -4.1315 80 200 120
2.7166 -5.9326 -4.5579 80 200 120
2.3977 -5.6212 -4.7106 80 200 120
5.6864 -3.9329 -4.6877 80 200 120
5.4106 -4.4760 -4.7470 80 200 120
2.1152 -5.2520 -4.0910 80 200 120
4.5491 -8.3388 -4.8458 80 200 120
5.2622 0.9398 -3.8967 80 200 120
3.3125 1.4869 -3.1508 80 200 120
3.8485 3.4132 -3.3650 80 200 120
3.0381 -3.3125 -2.4331 80 200 120
3.5448 -1.7130 -4.4408 80 200 120
5.8128 -3.8582 -2.7686 80 200 120
4.3558 -2.3761 -4.1756 80 200 120
2.2425 -5.3207 -1.4585 80 200 120
1.7890 -4.6637 -2.7147 80 200 120
3.2304 -6.5970 -1.6865 80 200 120
1.7982 -4.8159 -2.4071 80 200 120
1.1839 -4.0171 -1.4035 80 200 120
2.1383 -5.3295 -1.7811 80 200 120
2.8574 -6.1832 -2.2844 80 200 120
2.7256 -5.9260 -1.4047 80 200 120
0.8285 -3.7857 -1.6792 80 200 120
4.0902 -7.3996 -1.4827 80 200 120
3.6452 -7.0173 -2.6599 80 200 120
2.0009 -5.2052 -2.8023 80 200 120
4.8713 -7.1377 -1.4259 80 200 120
7.6885 -4.3655 -1.3766 80 200 120
8.1511 -4.1328 -1.3608 80 200 120
7.3852 -5.7449 -1.7941 80 200 120
5.8120 -3.8408 -1.8436 80 200 120
4.5261 -8.0497 -2.4352 80 200 120
6.7496 -4.4674 -3.7202 80 200 120
5.6386 -4.6624 -4.7292 80 200 120
6.4027 -3.9982 -3.5873 80 200 120
5.0619 -4.5238 -4.7336 80 200 120
5.6357 -5.4130 -4.7020 80 200 120
5.8348 -3.8262 -3.1981 80 200 120
6.0554 -4.3513 -4.6670 80 200 120
6.1467 -2.4209 -3.3714 80 200 120
4.1821 -6.2034 -4.4927 80 200 120
4.0970 -7.0403 -4.7245 80 200 120
1.6616 -5.0636 -5.0197 80 200 120
3.2205 -5.2421 -4.7228 80 200 120
2.9959 -6.4423 -2.8590 80 200 120
1.6723 -4.6229 -2.7051 80 200 120
4.7308 -5.6696 -4.0610 80 200 120
2.0298 -5.1629 -4.6122 80 200 120
1.8074 -4.4518 -4.6976 80 200 120
5.5563 -3.8449 -4.6973 80 200 120
3.4633 -5.3041 -2.5553 80 200 120
5.4356 -5.1866 -4.7515 80 200 120
2.4598 -4.8858 -4.7235 80 200 120
4.5102 -4.0108 -4.7606 80 200 120
2.0558 -3.9427 -4.6451 80 200 120
0.8789 -3.7112 -4.3253 80 200 120
1.3137 -4.0658 -4.4013 80 200 120
4.1779 -4.9008 -4.7034 80 200 120
4.9035 -4.5677 -4.7338 80 200 120
2.8462 -4.2844 -4.7158 80 200 120
6.6107 -3.7261 -4.4277 80 200 120
3.8603 -5.5665 -4.3924 80 200 120
7.0723 -3.9758 -5.2048 80 200 120
5.1315 1.0587 -3.3960 80 200 120
3.3970 2.0672 -1.6883 80 200 120
6.7980 -3.7857 -5.1748 80 200 120
1.8905 2.7097 -1.5904 80 200 120
1.6786 1.1272 -1.8697 80 200 120
3.1144 2.3120 -2.3056 80 200 120
5.2873 -2.8933 -4.5206 80 200 120
4.0310 -5.3996 -4.1662 80 200 120
5.8227 -3.8705 -2.1438 80 200 120
1.4048 -3.0762 -1.4731 80 200 120
-0.2652 -2.1131 -1.5099 80 200 120
4.3544 -2.2357 -3.5768 80 200 120
4.3656 -2.2950 -3.8694 80 200 120
4.0709 -0.1400 -3.7921 80 200 120
6.5035 -0.1474 -3.8293 80 200 120
5.0277 -2.5297 -3.9071 80 200 120
4.6508 -2.1310 -4.2850 80 200 120
-0.6980 -1.7527 -1.4961 80 200 120
0.7631 -3.4904 -1.5060 80 200 120
3.4449 -6.8979 -2.4484 80 200 120
4.2070 -7.1376 -1.3655 80 200 120
1.8288 -3.4095 -1.9836 80 200 120
4.4609 -7.5501 -2.4784 80 200 120
3.5017 -6.8897 -2.9803 80 200 120
3.7519 -7.1207 -2.0641 80 200 120
9.4830 -3.1438 -3.7848 80 200 120
4.7280 -4.6118 -1.3758 80 200 120
7.9480 -4.7927 -3.6854 80 200 120
8.0502 -1.4902 -2.1040 80 200 120
5.6919 -3.9818 -1.4454 80 200 120
5.4550 -3.7409 -1.6154 80 200 120
7.1935 -5.5421 -4.9056 80 200 120
5.8652 -4.1899 -4.5960 80 200 120
6.4832 -4.2611 -4.5996 80 200 120
6.1737 -6.6333 -4.6350 80 200 120
6.4488 -4.1518 -3.5994 80 200 120
6.4738 -6.4671 -4.6860 80 200 120
5.6428 -5.0752 -4.6477 80 200 120
6.5871 -4.1727 -3.4816 80 200 120
6.1030 -5.5889 -4.7097 80 200 120
6.0012 -3.6995 -2.9688 80 200 120
5.4082 -4.4360 -4.7078 80 200 120
6.4793 -4.5806 -4.8191 80 200 120
6.4002 -4.1379 -3.8954 80 200 120
6.5581 -5.7012 -4.7689 80 200 120
3.0545 5.3364 -1.2666 80 200 120
2.2681 -5.2839 -3.9727 80 200 120
2.3575 -4.9955 -4.6049 80 200 120
4.3927 -6.2820 -4.2964 80 200 120
4.0912 -5.3519 -4.3661 80 200 120
6.7481 -5.5099 -3.1573 80 200 120
4.5170 -4.0904 -4.6751 80 200 120
3.4556 -6.5855 -4.7025 80 200 120
0.3477 -2.9261 -4.3203 80 200 120
1.9284 -3.6573 -4.0925 80 200 120
2.9607 -3.9847 -4.7110 80 200 120
3.8678 -4.3913 -4.6884 80 200 120
4.9125 -5.4293 -4.4553 80 200 120
2.2459 -5.5353 -4.2210 80 200 120
2.8146 -3.6753 -4.6947 80 200 120
4.7178 -4.1132 -4.7073 80 200 120
3.1497 -5.1845 -4.7263 80 200 120
0.8836 -2.5506 -4.1850 80 200 120
1.8898 -3.1877 -4.5955 80 200 120
3.1096 -3.3224 -4.6933 80 200 120
1.6963 -4.7975 -4.6376 80 200 120
3.6573 -3.6319 -4.7279 80 200 120
-0.2912 -1.6042 -4.2445 80 200 120
1.5354 -2.7180 -4.3274 80 200 120
4.6424 -3.7044 -4.6811 80 200 120
3.7503 -4.8485 -4.7325 80 200 120
3.1525 -5.5966 -4.7025 80 200 120
2.9261 -3.2697 -2.6386 80 200 120
4.9282 -5.8210 -4.0827 80 200 120
3.3992 -0.8258 -4.4739 80 200 120
2.9649 0.9451 -2.7921 80 200 120
5.5560 -3.5649 -4.3779 80 200 120
5.3595 -1.9529 -3.7720 80 200 120
-1.0728 -1.0278 -1.5865 80 200 120
2.4596 -4.1013 -2.3587 80 200 120
4.9459 -2.5551 -4.2527 80 200 120
1.3244 -3.1553 -4.0131 80 200 120
3.6229 -2.1417 -4.3059 80 200 120
2.8253 -1.4109 -4.0090 80 200 120
0.9054 -1.8585 -4.3513 80 200 120
5.5869 -2.6269 -3.7672 80 200 120
5.5352 -3.1914 -3.4185 80 200 120
1.2156 0.0266 -5.4561 80 200 120
4.9509 -1.3842 -4.3360 80 200 120
5.3147 -3.9758 -3.1039 80 200 120
2.3004 -4.5936 -2.2844 80 200 120
3.8378 -7.2163 -2.4108 80 200 120
2.9695 -6.2839 -1.5236 80 200 120
2.4166 -5.1716 -2.5679 80 200 120
3.6691 -7.0422 -2.3718 80 200 120
3.3165 -5.3902 -2.5426 80 200 120
3.0535 -6.4119 -2.8498 80 200 120
-1.7403 1.9402 -0.2603 80 200 120
3.8912 -7.3168 -2.2636 80 200 120
2.3419 -4.3281 -1.3752 80 200 120
2.8443 -6.1468 -2.1156 80 200 120
2.5429 -5.7980 -1.7914 80 200 120
3.5474 -6.8920 -2.8185 80 200 120
6.2182 -5.9293 -1.3685 80 200 120
6.5101 -6.1539 -1.3266 80 200 120
5.6527 -3.3922 -1.7212 80 200 120
4.1252 -7.4075 -1.4807 80 200 120
5.5612 -4.0554 -2.1703 80 200 120
4.5240 -8.1056 -1.6644 80 200 120
7.7450 -4.3882 -4.2887 80 200 120
6.5842 -4.3621 -3.8520 80 200 120
6.6637 -6.2352 -4.6286 80 200 120
5.1774 -5.2698 -4.6972 80 200 120
5.6416 -3.8797 -3.2815 80 200 120
6.6049 -4.3523 -3.6874 80 200 120
7.3090 -5.3586 -4.8413 80 200 120
5.2119 -5.0382 -4.6993 80 200 120
8.8142 -1.9188 -3.1914 80 200 120
4.6690 -3.8179 -4.6684 80 200 120
6.5459 -3.6753 -3.4890 80 200 120
5.8376 -3.9515 -4.1901 80 200 120
6.3878 -3.5279 -3.0390 80 200 120
6.2113 -4.7960 -4.6986 80 200 120
6.2351 -3.9676 -4.0404 80 200 120
6.1353 -3.8884 -3.5324 80 200 120
6.0123 -3.8377 -3.3726 80 200 120
6.1459 -3.6685 -3.0424 80 200 120
4.3833 -3.3656 -4.6930 80 200 120
4.9254 -5.7400 -4.1172 80 200 120
5.4748 -3.6019 -4.4768 80 200 120
4.8510 -6.6857 -3.6690 80 200 120
4.4726 -6.2543 -4.2114 80 200 120
4.7532 -5.2715 -4.3842 80 200 120
7.0337 -5.0027 -3.8199 80 200 120
0.6121 -1.3831 -4.5798 80 200 120
-2.0169 0.3404 -3.4522 80 200 120
2.0210 -2.1333 -4.7772 80 200 120
3.5747 -5.1926 -2.5986 80 200 120
3.1770 -6.4146 -4.7028 80 200 120
2.9703 -4.9501 -4.7026 80 200 120
4.7707 -5.2628 -4.4276 80 200 120
3.3236 -3.0524 -4.7358 80 200 120
-0.9113 0.2904 -4.5121 80 200 120
-0.4775 1.3301 -3.5349 80 200 120
2.5409 -2.8540 -4.6715 80 200 120
2.7536 -2.4841 -4.7409 80 200 120
-1.1582 0.2227 -3.7949 80 200 120
4.4033 -3.3392 -4.7319 80 200 120
-1.0232 0.7089 -2.8723 80 200 120
1.6155 -1.2925 -4.7657 80 200 120
1.2614 0.0710 -4.1669 80 200 120
3.8523 -2.4020 -4.5901 80 200 120
2.4300 -3.1871 -4.7460 80 200 120
3.0786 -0.9802 -4.7741 80 200 120
3.3790 -4.2699 -4.6961 80 200 120
4.9839 0.0369 -3.2684 80 200 120
3.9882 0.4434 -3.0689 80 200 120
4.9747 -7.7500 -4.6505 80 200 120
4.4704 -7.7116 -4.2758 80 200 120
0.4966 -3.3586 -1.4870 80 200 120
6.1771 -3.7231 -2.0246 80 200 120
-3.4984 3.1750 -1.0369 80 200 120
0.6325 -3.2666 -1.6028 80 200 120
-0.4398 0.5742 -2.5898 80 200 120
-0.0760 -0.7277 -2.8832 80 200 120
2.0674 -1.1037 -1.5689 80 200 120
-0.2094 0.6005 -1.5646 80 200 120
3.5131 -4.2552 -2.5528 80 200 120
4.0190 -2.1542 -4.2898 80 200 120
1.7641 -1.6088 -4.4628 80 200 120
5.2402 1.2764 -4.0144 80 200 120
3.2307 1.8911 -3.4309 80 200 120
3.4276 -6.7797 -1.6797 80 200 120
3.0452 -6.2256 -2.9110 80 200 120
7.4576 -5.6308 -2.1023 80 200 120
7.4952 -3.9496 -1.3741 80 200 120
5.5486 -7.1284 -1.4585 80 200 120
9.4384 -2.8605 -2.2273 80 200 120
4.5294 -8.1327 -2.4364 80 200 120
6.4301 -6.5374 -2.8423 80 200 120
5.8483 -3.8321 -3.2536 80 200 120
4.6013 -3.5161 -4.6758 80 200 120
6.5161 -3.7819 -3.5619 80 200 120
6.9102 -3.7684 -3.5436 80 200 120
5.7139 -3.8782 -3.5218 80 200 120
6.3211 -3.7727 -3.4625 80 200 120
5.9616 -3.8772 -3.4253 80 200 120
6.6724 -3.9490 -3.5608 80 200 120
5.5856 -4.5068 -4.7091 80 200 120
1.6350 -3.0700 -4.2100 80 200 120
3.1273 4.5812 -1.4330 80 200 120
2.2081 -1.7186 -3.6750 80 200 120
4.5268 -7.8251 -4.4392 80 200 120
1.8214 -3.5270 -4.2664 80 200 120
4.5245 -6.1699 -4.1290 80 200 120
3.8593 -6.2069 -4.6415 80 200 120
4.6439 -4.1197 -4.6252 80 200 120
2.5547 -4.8282 -4.7049 80 200 120
2.1990 -3.7304 -4.5935 80 200 120
4.2405 -2.8941 -4.7400 80 200 120
2.9699 -2.3605 -4.6416 80 200 120
5.5112 -3.6720 -4.5832 80 200 120
4.3099 -4.3612 -4.7347 80 200 120
4.6444 -3.1929 -4.7157 80 200 120
1.7314 0.5076 -3.5679 80 200 120
1.7106 -2.6904 -4.6712 80 200 120
4.4788 -5.7204 -4.0743 80 200 120
5.5928 -2.1138 -3.8132 80 200 120
6.6080 -4.2561 -4.7417 80 200 120
5.6928 -2.4515 -3.8206 80 200 120
3.4338 -6.8238 -4.7062 80 200 120
2.1591 -0.8909 -1.8082 80 200 120
2.3454 -1.1765 -2.1547 80 200 120
2.8329 -4.1666 -2.7787 80 200 120
2.5556 -0.6413 -3.2903 80 200 120
4.9738 0.1600 -4.4699 80 200 120
1.6247 -0.6161 -4.4827 80 200 120
1.1944 -1.4647 -4.2491 80 200 120
4.3705 -1.7462 -4.4941 80 200 120
3.4214 -4.7573 -2.8925 80 200 120
8.9114 -3.4543 -1.5151 80 200 120
0.9333 -0.2198 -4.5398 80 200 120
6.2328 -3.4109 -2.9185 80 200 120
4.8608 -0.6519 -5.0428 80 200 120
4.2363 -7.6549 -2.3082 80 200 120
2.8952 -6.1666 -1.9362 80 200 120
1.2305 -2.7005 -1.3026 80 200 120
1.5310 -4.6110 -2.4704 80 200 120
5.1776 -7.4376 -1.4430 80 200 120
6.0091 -6.0505 -1.3572 80 200 120
7.8845 -4.8561 -2.6838 80 200 120
3.6332 -6.9538 -1.4493 80 200 120
3.7418 -7.1547 -1.4223 80 200 120
3.8862 -7.2595 -1.4525 80 200 120
3.7460 -7.0050 -1.6864 80 200 120
5.8788 -3.7650 -1.7314 80 200 120
8.2465 -5.3094 -3.7317 80 200 120
4.2533 -7.8686 -2.2279 80 200 120
5.4080 -3.7506 -1.3596 80 200 120
9.4603 -3.9020 -1.9646 80 200 120
6.8143 -4.3622 -3.4843 80 200 120
7.2598 -3.6385 -3.5697 80 200 120
6.2535 -3.7672 -3.3855 80 200 120
4.6293 -3.1946 -4.6706 80 200 120
4.0046 -2.4026 -4.7299 80 200 120
5.5199 -3.7986 -4.7252 80 200 120
4.2528 -2.9323 -4.7027 80 200 120
5.4800 -3.6699 -4.5756 80 200 120
8.1487 -2.5155 -3.7721 80 200 120
5.7610 -3.9057 -3.9487 80 200 120
1.4686 0.8346 -3.6373 80 200 120
5.2426 -7.5809 -4.7338 80 200 120
5.8762 -6.9606 -4.6176 80 200 120
3.6452 -7.0347 -4.0175 80 200 120
9.8926 -4.1168 -5.2025 80 200 120
1.9276 -5.0501 -4.6425 80 200 120
5.7858 -4.6010 -4.0541 80 200 120
4.9065 -4.0839 -4.7839 80 200 120
6.0768 -4.6173 -4.2239 80 200 120
4.3997 -2.0961 -4.7411 80 200 120
3.6726 -0.6607 -3.9413 80 200 120
2.6558 -0.2974 -3.4216 80 200 120
-0.0131 0.1741 -4.9119 80 200 120
4.9468 -3.2826 -4.7439 80 200 120
4.2837 -1.9749 -3.9148 80 200 120
3.4619 0.8140 -3.9939 80 200 120
3.2072 0.4406 -4.4197 80 200 120
4.1084 -2.5233 -4.5568 80 200 120
2.5258 -4.5458 -4.7084 80 200 120
3.7469 -2.1181 -4.4318 80 200 120
4.3905 -1.3286 -4.3755 80 200 120
4.4464 1.2455 -3.2866 80 200 120
3.2343 1.0659 -2.3347 80 200 120
3.5803 -0.9426 -2.8976 80 200 120
4.5749 -8.4795 -4.9822 80 200 120
4.7814 -5.9341 -4.1147 80 200 120
5.7111 -3.9893 -3.8561 80 200 120
1.4457 1.8767 -1.7665 80 200 120
1.4797 1.4536 -2.8812 80 200 120
-0.8909 1.1237 -3.6883 80 200 120
1.8849 2.6007 -1.5547 80 200 120
2.3638 2.9667 -2.3875 80 200 120
2.0237 -0.5315 -4.5127 80 200 120
4.3435 -2.0127 -3.9829 80 200 120
5.8454 0.2012 -3.9763 80 200 120
8.7317 -3.3054 -1.9511 80 200 120
4.7662 0.1530 -3.2403 80 200 120
5.1982 -2.9902 -3.6807 80 200 120
5.6740 -1.3711 -3.8462 80 200 120
5.5289 -3.5891 -3.2596 80 200 120
0.0849 -2.3404 -3.9813 80 200 120
8.6544 -2.0329 -3.1197 80 200 120
6.3474 -2.4486 -1.8346 80 200 120
5.8651 1.9831 -1.4736 80 200 120
2.0403 -4.7927 -2.6903 80 200 120
2.5824 -5.3361 -2.6739 80 200 120
3.1459 -6.4691 -1.4160 80 200 120
2.9650 -6.2557 -1.6668 80 200 120
3.7677 -5.6989 -2.4311 80 200 120
3.9219 -6.9866 -1.4100 80 200 120
2.2115 -5.3680 -3.1159 80 200 120
8.6283 -4.2597 -1.3007 80 200 120
7.9711 -4.9984 -2.8477 80 200 120
8.7658 -3.9209 -3.1657 80 200 120
9.6970 -3.9639 -2.3622 80 200 120
4.5498 -7.9847 -2.1820 80 200 120
3.4980 -6.7915 -1.4522 80 200 120
7.0583 -6.3676 -3.4628 80 200 120
9.4054 -3.5329 -2.7201 80 200 120
6.5833 -4.2994 -3.6565 80 200 120
4.9499 -3.7416 -4.7252 80 200 120
4.3637 -2.1634 -4.6963 80 200 120
4.9626 -3.3092 -4.7304 80 200 120
4.5383 -4.0215 -4.7329 80 200 120
4.4675 -3.6691 -4.7076 80 200 120
5.9072 -5.7414 -4.6977 80 200 120
4.5897 -4.4635 -4.7094 80 200 120
4.7618 -5.5112 -4.2429 80 200 120
5.4272 -7.3545 -4.6536 80 200 120
-0.1294 2.8044 -4.9981 80 200 120
5.1707 -8.7511 -5.6176 80 200 120
2.1273 -3.5770 -4.7227 80 200 120
4.8775 -7.6828 -4.7869 80 200 120
5.7738 -4.3206 -4.5179 80 200 120
3.9609 -4.4516 -4.4963 80 200 120
2.1377 -5.2496 -4.0711 80 200 120
3.0835 -5.7474 -4.6763 80 200 120
2.8412 2.4353 -4.2773 80 200 120
4.1655 -1.7377 -3.7374 80 200 120
4.6079 -2.2465 -4.7551 80 200 120
4.8195 -0.0735 -3.2006 80 200 120
3.4571 1.3806 -1.7585 80 200 120
4.0001 0.3937 -3.0806 80 200 120
1.7951 2.1166 -2.3735 80 200 120
2.2758 3.6537 -1.4740 80 200 120
3.2097 4.3230 -1.5767 80 200 120
2.9698 3.5386 -2.2636 80 200 120
6.0078 -3.6581 -2.8279 80 200 120
3.0159 -3.3639 -2.5596 80 200 120
5.6385 -2.7495 -3.1709 80 200 120
3.6018 -2.0205 -4.3804 80 200 120
1.9175 -3.0205 -3.8139 80 200 120
4.5761 -7.4527 -1.3840 80 200 120
3.2952 -6.6000 -1.8238 80 200 120
0.9122 -3.1328 -2.0830 80 200 120
2.5548 -4.2560 -1.3799 80 200 120
0.8255 -3.7954 -2.6604 80 200 120
2.8561 -4.5069 -2.1916 80 200 120
0.7140 -3.4650 -2.0726 80 200 120
5.1495 -7.5934 -1.3537 80 200 120
3.6387 -6.9748 -2.6386 80 200 120
9.4865 -3.9799 -1.4409 80 200 120
7.9427 -4.7991 -1.3622 80 200 120
9.3290 -3.3469 -1.3410 80 200 120
7.9153 -5.1098 -1.4553 80 200 120
9.4308 -3.1682 -3.7875 80 200 120
8.4245 -4.6623 -3.8570 80 200 120
9.9414 -3.8693 -4.1726 80 200 120
5.3087 -3.1156 -1.3453 80 200 120
3.8776 -6.8056 -1.3736 80 200 120
5.5186 -3.6612 -1.5823 80 200 120
5.7062 -3.8497 -3.0134 80 200 120
5.8838 -4.0511 -4.3672 80 200 120
3.8487 -1.4245 -3.8169 80 200 120
2.2190 -0.7001 -3.8586 80 200 120
5.6252 -3.0030 -4.6235 80 200 120
3.6510 -7.0352 -4.5856 80 200 120
4.6288 -5.6658 -4.0533 80 200 120
5.4941 -5.0143 -4.7319 80 200 120
4.5591 -5.8781 -4.0584 80 200 120
6.9761 -4.6914 -4.7725 80 200 120
4.7016 -4.1451 -4.6319 80 200 120
2.4105 -5.2885 -4.7422 80 200 120
6.2316 -5.8795 -4.6806 80 200 120
4.3299 -5.0064 -4.5192 80 200 120
5.8543 -4.6793 -4.3571 80 200 120
4.2697 -1.6370 -3.6897 80 200 120
5.1446 -2.1302 -4.1536 80 200 120
4.5508 -1.1810 -4.7513 80 200 120
4.6589 -0.6670 -4.6371 80 200 120
3.3340 -4.0073 -4.6733 80 200 120
1.2340 -3.7731 -3.3757 80 200 120
4.4886 -6.3076 -4.2929 80 200 120
2.3498 3.9921 -3.0022 80 200 120
8.5310 -1.7408 -4.1474 80 200 120
6.5218 -3.2765 -3.5717 80 200 120
5.5371 -2.7482 -4.0645 80 200 120
5.7760 -3.2421 -3.1436 80 200 120
5.3104 8.7755 -3.2158 80 200 120
5.3659 -3.8498 -3.1506 80 200 120
5.4679 -2.3122 -3.9859 80 200 120
9.5845 -2.8407 -1.8525 80 200 120
4.3583 -2.1622 -3.6337 80 200 120
4.2635 0.1457 -3.0751 80 200 120
6.0881 -2.2173 -3.7057 80 200 120
4.9995 -1.2291 -4.7018 80 200 120
0.8991 -2.4122 -1.5059 80 200 120
1.3108 -4.3518 -1.7909 80 200 120
9.4623 -3.2577 -1.8364 80 200 120
9.0586 -2.6118 -3.6372 80 200 120
3.0496 -6.5217 -1.3213 80 200 120
9.7322 -3.5204 -3.3138 80 200 120
6.9108 -6.0841 -2.5934 80 200 120
6.3647 -1.4654 -1.3071 80 200 120
4.5170 -7.7860 -2.2221 80 200 120
5.9362 -3.5921 -2.1038 80 200 120
3.2159 -6.5218 -1.4697 80 200 120
6.8176 -4.0718 -1.3625 80 200 120
6.1909 -3.7848 -3.2420 80 200 120
5.7621 -3.8771 -3.3018 80 200 120
4.4479 -1.0385 -4.5291 80 200 120
5.1120 -2.0265 -4.2611 80 200 120
6.2555 -4.0161 -4.2724 80 200 120
1.9331 0.5764 -3.7298 80 200 120
2.2894 -1.8480 -3.6206 80 200 120
3.8879 -5.5556 -4.1744 80 200 120
1.2744 0.0348 -4.7338 80 200 120
6.2718 -5.5587 -4.7233 80 200 120
13.2932 -3.1716 -6.7563 80 200 120
1.4462 -4.5865 -4.6705 80 200 120
2.8230 -6.0399 -4.6971 80 200 120
6.4255 -4.3905 -4.5481 80 200 120
4.5856 -3.9418 -4.8667 80 200 120
-1.4425 -0.7863 -3.4384 80 200 120
-0.1510 -1.2376 -4.1978 80 200 120
2.9267 4.5491 -3.3441 80 200 120
2.9343 6.9572 -1.2178 80 200 120
3.9072 6.3252 -3.6975 80 200 120
5.7996 1.9367 -3.4126 80 200 120
1.6151 10.4202 -2.1898 80 200 120
5.6015 -3.0810 -4.5969 80 200 120
5.5144 -2.7101 -4.1271 80 200 120
6.1604 -5.5890 -4.7735 80 200 120
8.3172 -2.2772 -6.8310 80 200 120
5.7393 -1.0474 -3.9115 80 200 120
4.2353 3.1134 -1.4654 80 200 120
5.1601 -2.1978 -3.7128 80 200 120
1.7405 -2.8339 -3.7854 80 200 120
2.5762 -1.6455 -4.5629 80 200 120
9.7545 -3.4812 -1.3960 80 200 120
2.7129 2.3780 -5.7710 80 200 120
-1.0048 0.0746 -3.8058 80 200 120
3.7383 -7.1102 -1.6958 80 200 120
2.2924 -5.3612 -2.4549 80 200 120
2.2760 -3.2708 -1.4287 80 200 120
-0.8069 -1.3327 -2.1109 80 200 120
1.6753 -4.6180 -2.7308 80 200 120
3.6456 -7.1176 -2.3722 80 200 120
4.5038 -7.6095 -1.2814 80 200 120
4.1734 -4.1461 -1.4482 80 200 120
4.8090 -3.2824 -1.4125 80 200 120
7.0544 -5.2314 -1.3659 80 200 120
8.9414 -2.6441 -2.7123 80 200 120
8.8863 -4.2326 -3.8301 80 200 120
9.0510 -4.0325 -1.9175 80 200 120
9.6102 -3.0699 -3.8428 80 200 120
9.5619 -3.4344 -2.6818 80 200 120
5.8360 -3.1174 -1.9920 80 200 120
4.5253 -7.5856 -1.9641 80 200 120
5.9439 -3.8628 -3.2587 80 200 120
5.6784 -3.8600 -3.1739 80 200 120
3.3264 -0.7501 -4.8088 80 200 120
4.6157 -2.3110 -4.6967 80 200 120
2.3227 -3.7824 -4.5146 80 200 120
2.2174 -3.5282 -4.2684 80 200 120
2.3492 -3.7957 -3.7232 80 200 120
5.6024 -2.5838 -3.6600 80 200 120
1.2268 -3.0532 -4.6945 80 200 120
6.3392 -4.1612 -4.6616 80 200 120
2.1509 -4.4820 -4.6334 80 200 120
0.6837 -3.6920 -2.7934 80 200 120
2.6848 -1.6143 -4.7492 80 200 120
4.9061 -2.4379 -3.6934 80 200 120
6.1307 -2.1734 -3.7578 80 200 120
5.7115 -2.3760 -3.8787 80 200 120
6.5373 -4.2949 -4.6737 80 200 120
1.4818 -4.5147 -2.7517 80 200 120
2.6334 -3.8763 -4.6988 80 200 120
4.8995 1.1134 -1.4641 80 200 120
3.8619 -0.9853 -3.8044 80 200 120
4.9826 -2.5390 -4.0170 80 200 120
-0.1210 1.4871 -5.2141 80 200 120
6.8092 -0.3870 -3.8266 80 200 120
4.0353 -1.7757 -3.7894 80 200 120
-0.8527 -0.0766 -1.4981 80 200 120
1.1789 -3.2149 -3.5538 80 200 120
-0.1651 1.6714 -3.8935 80 200 120
5.4026 -4.2418 -2.5279 80 200 120
1.9119 -5.0628 -1.6765 80 200 120
-1.2606 -0.3908 -1.4426 80 200 120
-1.3322 -1.2062 -1.5388 80 200 120
-0.0412 -2.6419 -1.3742 80 200 120
4.9143 -7.2195 -1.3409 80 200 120
2.7438 -6.0335 -2.5801 80 200 120
3.2067 -6.5948 -2.5208 80 200 120
4.4470 -6.8424 -1.3583 80 200 120
8.4147 -4.5187 -1.4427 80 200 120
4.4746 -8.0805 -2.9087 80 200 120
3.6441 -6.8975 -1.4824 80 200 120
7.1727 -5.6724 -2.9620 80 200 120
8.4222 -4.7667 -1.6271 80 200 120
8.6946 -1.7088 -2.7095 80 200 120
9.6000 -2.9682 -2.9263 80 200 120
7.4279 -5.3860 -3.4623 80 200 120
6.1582 -6.7077 -3.0973 80 200 120
4.4847 -7.6074 -2.2343 80 200 120
5.5761 -3.9559 -2.8231 80 200 120
6.5912 -4.4415 -3.7579 80 200 120
3.7080 -2.1606 -4.4608 80 200 120
4.2238 -1.8684 -3.9116 80 200 120
2.0091 -1.3468 -3.7640 80 200 120
2.3167 -4.0862 -4.3425 80 200 120
4.5466 -8.0759 -4.6800 80 200 120
4.6564 -5.4231 -4.2946 80 200 120
2.1811 -4.3313 -4.0827 80 200 120
4.6913 -6.0095 -4.0891 80 200 120
3.4449 -6.8018 -4.6426 80 200 120
6.0832 -6.4989 -4.7481 80 200 120
2.2329 -4.1511 -4.7891 80 200 120
5.0380 -4.5225 -4.6447 80 200 120
3.6377 -5.5727 -4.6756 80 200 120
1.7617 -3.0085 -2.0956 80 200 120
5.1554 -2.2837 -4.7220 80 200 120
4.5268 -8.1027 -4.6478 80 200 120
3.0792 4.7296 -1.4731 80 200 120
4.4592 0.8931 -3.2624 80 200 120
5.7676 -3.9451 -3.2938 80 200 120
5.7463 -3.3234 -3.1225 80 200 120
2.2845 -3.0728 -3.5427 80 200 120
5.5917 -2.5776 -4.1435 80 200 120
3.8593 -3.9827 -2.8519 80 200 120
3.3921 -0.6098 -4.1565 80 200 120
4.5708 7.0852 -3.8702 80 200 120
4.3325 -2.3518 -4.2211 80 200 120
4.0349 -1.6440 -4.6524 80 200 120
5.0822 -0.9944 -4.8256 80 200 120
-7.6889 19.8550 -15.5658 80 200 120
2.9929 -6.2874 -2.1531 80 200 120
-0.6617 -1.6720 -2.6650 80 200 120
2.6635 -3.2702 -1.5569 80 200 120
2.3615 -3.7257 -1.3666 80 200 120
1.7385 -4.8962 -2.1433 80 200 120
2.5402 -3.4213 -1.7861 80 200 120
9.6290 -3.3835 -1.5481 80 200 120
6.5025 -6.4785 -3.8321 80 200 120
5.6948 -3.3753 -1.7027 80 200 120
5.8944 -3.7529 -2.0115 80 200 120
10.1293 -4.2423 -4.4142 80 200 120
3.8974 -7.3831 -2.1249 80 200 120
3.6939 -7.1446 -1.6283 80 200 120
6.7216 -6.1390 -3.1008 80 200 120
5.4706 0.7730 -4.6346 80 200 120
5.1896 -2.1769 -4.7826 80 200 120
5.2783 1.5872 -4.0607 80 200 120
5.2600 -1.6935 -4.1272 80 200 120
5.6310 -3.8766 -3.0315 80 200 120
2.6679 -4.2672 -3.6325 80 200 120
4.2329 -6.4468 -4.2992 80 200 120
5.9055 -5.4910 -4.6843 80 200 120
3.8522 -5.6371 -4.2387 80 200 120
1.6140 -4.2607 -4.7560 80 200 120
4.6493 -3.9761 -4.7996 80 200 120
1.0345 -4.2945 -5.2425 80 200 120
4.5390 -7.9965 -2.4249 80 200 120
5.7980 -4.3443 -4.9451 80 200 120
2.6220 -4.5644 -4.6893 80 200 120
2.2712 -5.3917 -4.5621 80 200 120
3.4456 -3.8778 -4.9844 80 200 120
2.2041 -4.7690 -4.7521 80 200 120
5.7846 0.6688 -4.4751 80 200 120
5.1655 -2.9425 -4.7623 80 200 120
1.3120 -4.2601 -4.5923 80 200 120
2.2959 -1.0522 -3.9222 80 200 120
5.9413 2.1236 -2.5607 80 200 120
0.4243 -2.0209 -3.8620 80 200 120
6.9745 3.8405 -4.8529 80 200 120
4.4410 -1.1748 -4.0115 80 200 120
5.1706 -2.1941 -3.7143 80 200 120
5.8307 1.3764 -4.6504 80 200 120
5.8207 -2.8806 -3.7397 80 200 120
5.2339 -1.7549 -4.5169 80 200 120
5.4353 -2.0027 -3.6298 80 200 120
1.6059 -1.2944 -4.6256 80 200 120
3.5562 -6.9559 -2.1537 80 200 120
0.3443 -3.5853 -3.1660 80 200 120
0.3956 -3.5817 -2.2986 80 200 120
1.8043 -4.9924 -2.3288 80 200 120
0.7132 -1.6555 -1.3981 80 200 120
2.8446 -5.9795 -1.4709 80 200 120
2.7856 -6.0646 -1.6974 80 200 120
2.5810 -5.8503 -2.6789 80 200 120
7.4273 -3.2925 -1.3753 80 200 120
6.8310 -6.1877 -1.5836 80 200 120
7.5483 -5.4585 -1.4303 80 200 120
12.0984 -3.2352 -4.7992 80 200 120
3.7277 -7.1110 -2.1949 80 200 120
3.4937 -6.8051 -1.4398 80 200 120
3.6459 -6.8847 -1.5020 80 200 120
3.7766 -6.9563 -2.0930 80 200 120
5.8662 -3.8065 -3.1202 80 200 120
6.5662 -3.8986 -3.3891 80 200 120
5.5044 -2.6406 -3.9379 80 200 120
4.8371 -5.6349 -4.1956 80 200 120
5.1527 -2.9562 -4.7162 80 200 120
3.9927 -4.6067 -2.5898 80 200 120
1.4124 -0.1521 -4.1009 80 200 120
4.3098 -5.9639 -4.1260 80 200 120
6.5269 -6.3329 -4.5867 80 200 120
4.0268 -7.4358 -4.7115 80 200 120
5.1920 -4.7154 -4.6853 80 200 120
8.4574 -4.8993 -4.7391 80 200 120
4.7232 -0.4649 -3.1526 80 200 120
5.4186 -2.6599 -3.6258 80 200 120
-1.4296 -0.5923 -2.2283 80 200 120
5.7617 1.9168 -3.5105 80 200 120
6.8410 -0.0980 -1.4871 80 200 120
3.4520 -4.2543 -2.5453 80 200 120
3.4427 -0.7513 -4.5401 80 200 120
7.1938 -1.0597 -3.7749 80 200 120
-20.4769 28.0482 -17.4403 80 200 120
5.5750 -3.5529 -3.3038 80 200 120
2.6161 -0.8299 -4.2551 80 200 120
4.0359 -2.5122 -4.1052 80 200 120
-0.4022 1.0712 -1.3416 80 200 120
1.4048 -3.9189 -2.9158 80 200 120
1.8253 -4.9619 -2.5701 80 200 120
0.5057 -2.3011 -1.3607 80 200 120
2.0108 -5.1822 -2.1528 80 200 120
1.5717 -4.6739 -2.0486 80 200 120
2.0653 -5.2397 -1.9856 80 200 120
3.8375 -7.0735 -2.4132 80 200 120
5.0162 -3.2007 -1.6007 80 200 120
3.6767 -6.9313 -2.0443 80 200 120
3.8677 -7.1430 -2.1886 80 200 120
5.3631 -4.7939 -1.3791 80 200 120
7.1522 -5.7553 -3.5632 80 200 120
6.8702 -5.9280 -3.5527 80 200 120
5.1109 -3.3417 -1.4257 80 200 120
4.6557 -6.9329 -1.3378 80 200 120
5.6570 -3.8961 -2.8607 80 200 120
4.2737 -1.4767 -3.8843 80 200 120
4.3326 -1.7810 -4.5476 80 200 120
5.7431 -3.0611 -3.5649 80 200 120
4.3458 -5.1701 -4.4088 80 200 120
4.4338 -1.1345 -3.8533 80 200 120
3.3980 -0.0323 -3.9240 80 200 120
5.6191 -1.4388 -3.7760 80 200 120
4.6949 -5.6443 -4.1136 80 200 120
4.0902 -5.3862 -4.1232 80 200 120
1.8287 -0.7080 -4.5308 80 200 120
2.0128 -0.0264 -4.6948 80 200 120
3.7833 -4.3073 -2.7079 80 200 120
5.6275 -4.4752 -4.7202 80 200 120
3.9138 -4.3550 -4.6618 80 200 120
2.3000 -5.0534 -4.6856 80 200 120
7.3628 -3.5028 -5.6274 80 200 120
5.6039 -3.1814 -3.6121 80 200 120
1.6337 -3.9831 -4.3618 80 200 120
9.2399 -3.3253 -3.1175 80 200 120
5.8517 -3.8620 -3.3655 80 200 120
3.2354 0.8126 -4.1047 80 200 120
-0.8245 -1.5942 -4.3627 80 200 120
5.0088 -1.2560 -4.6943 80 200 120
0.7110 -2.4450 -3.8489 80 200 120
4.3723 -2.0159 -4.4182 80 200 120
-1.4948 -1.0066 -3.4415 80 200 120
5.6812 -2.8620 -3.9361 80 200 120
3.9206 -7.2102 -2.1453 80 200 120
2.3297 -4.8384 -1.3640 80 200 120
1.4113 -4.5113 -2.7846 80 200 120
0.2049 -3.0135 -1.7154 80 200 120
-1.9826 0.1012 -2.5764 80 200 120
4.3767 -7.2756 -2.2849 80 200 120
0.4017 -3.5874 -2.7962 80 200 120
0.1330 -3.0916 -2.0551 80 200 120
4.2089 -7.6442 -2.2026 80 200 120
5.8600 -7.0788 -1.6675 80 200 120
6.7275 -6.1123 -1.3988 80 200 120
8.8022 -4.5452 -3.9738 80 200 120
6.6704 -0.7582 -1.1962 80 200 120
5.7941 -3.2582 -1.9771 80 200 120
4.6086 -8.4697 -2.1504 80 200 120
5.5251 -3.8843 -2.2853 80 200 120
4.3765 -7.8402 -1.3932 80 200 120
6.5442 -3.9290 -3.3942 80 200 120
9.8638 -2.9499 -3.9160 80 200 120
5.6135 -3.8912 -3.2596 80 200 120
2.9408 -2.0376 -4.5038 80 200 120
5.7328 -4.4603 -4.0968 80 200 120
5.4135 -2.8162 -4.6264 80 200 120
5.3959 -2.1114 -3.8351 80 200 120
4.5624 0.6629 -3.2058 80 200 120
3.1395 -2.4969 -3.1182 80 200 120
1.9215 -3.2852 -4.5252 80 200 120
7.3073 -5.9072 -4.8115 80 200 120
4.5041 -6.2991 -4.2371 80 200 120
7.1216 -5.5849 -4.7775 80 200 120
4.2448 -6.8189 -4.4129 80 200 120
5.3923 -7.2799 -4.5903 80 200 120
2.0796 -4.1617 -4.8329 80 200 120
1.5641 -4.5415 -4.7637 80 200 120
7.8689 -4.9985 -4.4501 80 200 120
6.9253 -4.7205 -4.7130 80 200 120
5.6447 -2.8752 -4.3843 80 200 120
-0.1206 1.4236 -4.6796 80 200 120
3.4364 -6.7747 -4.6814 80 200 120
5.4768 -3.1258 -3.4075 80 200 120
5.2544 -3.9536 -4.0335 80 200 120
4.7728 -5.9167 -4.0262 80 200 120
1.8067 -4.0841 -4.5804 80 200 120
5.6418 -3.9256 -2.1745 80 200 120
1.3571 -4.4490 -1.4537 80 200 120
7.1680 0.4483 -2.1843 80 200 120
0.9945 -2.0053 -4.1553 80 200 120
11.3851 64.9383 -5.6333 80 200 120
0.0458 0.0409 -4.9192 80 200 120
0.2778 -1.0258 -2.2286 80 200 120
-0.6724 0.1768 -1.4817 80 200 120
3.2509 -6.5606 -1.4751 80 200 120
1.6571 -1.2814 -1.5375 80 200 120
2.3886 -2.7755 -1.3693 80 200 120
-1.8700 -0.6440 -2.1040 80 200 120
2.2800 -5.4990 -1.5983 80 200 120
5.4610 -7.1104 -1.3378 80 200 120
9.0996 -3.7946 -1.4692 80 200 120
4.3345 -7.0227 -2.4524 80 200 120
5.3948 -3.7860 -1.3614 80 200 120
5.7100 -5.8761 -1.3595 80 200 120
8.4824 -5.3306 -3.7628 80 200 120
3.7179 -7.1384 -1.6426 80 200 120
4.9105 -7.2241 -1.3679 80 200 120
3.7665 -7.3173 -1.3488 80 200 120
5.5305 -4.2534 -1.3805 80 200 120
5.7524 -3.8380 -2.9830 80 200 120
8.6084 -4.5370 -4.6067 80 200 120
6.6629 -4.4379 -3.5370 80 200 120
6.6264 -4.2933 -3.5017 80 200 120
3.3352 1.0114 -3.9835 80 200 120
5.6504 0.6667 -3.2733 80 200 120
6.4142 -2.5284 -3.6619 80 200 120
4.0308 -1.5119 -3.5748 80 200 120
3.1278 -1.5995 -3.1224 80 200 120
4.5589 -8.1425 -4.7020 80 200 120
4.0821 -5.7989 -4.1655 80 200 120
1.1376 -4.1722 -4.7733 80 200 120
2.4842 -4.0649 -4.6931 80 200 120
1.6588 -4.3117 -4.6732 80 200 120
5.4119 1.2404 -3.4467 80 200 120
4.9873 -5.8416 -4.1657 80 200 120
4.7203 -5.5578 -4.1772 80 200 120
2.7345 -2.7895 -2.3654 80 200 120
5.6114 -3.9534 -2.2115 80 200 120
6.6985 0.7112 -3.0989 80 200 120
3.4647 -1.2821 -1.3675 80 200 120
2.9071 -0.7181 -4.0622 80 200 120
2.3955 -1.2139 -4.7802 80 200 120
7.7616 -1.1119 -3.3711 80 200 120
4.4916 -1.1482 -4.4518 80 200 120
-0.7138 1.1902 -1.8264 80 200 120
2.7746 -6.0122 -1.4515 80 200 120
3.6585 -6.8464 -2.6350 80 200 120
-0.1329 -2.2320 -2.8861 80 200 120
2.1683 -5.3752 -2.4325 80 200 120
8.7929 -2.5785 -1.4526 80 200 120
8.7054 -3.0754 -1.5274 80 200 120
7.7655 -2.5267 -2.2785 80 200 120
5.5254 -15.7335 -4.4353 80 200 120
8.9869 -3.7931 -3.2218 80 200 120
5.1276 -3.4692 -1.4903 80 200 120
9.5039 -4.0587 -4.0609 80 200 120
5.0503 0.2470 -3.1980 80 200 120
4.8619 -5.8681 -4.1060 80 200 120
5.6510 -2.9198 -4.3370 80 200 120
3.7787 2.2615 -3.8316 80 200 120
5.4879 -7.1149 -4.5707 80 200 120
2.8497 6.0755 -3.4407 80 200 120
3.9135 1.5365 -3.1772 80 200 120
4.8299 2.6433 -3.4434 80 200 120
1.4919 2.5427 -4.0987 80 200 120
4.4701 -6.2574 -4.1472 80 200 120
5.1079 -8.2411 -5.0765 80 200 120
2.2598 -3.7312 -4.5858 80 200 120
3.8644 -5.6043 -4.3634 80 200 120
1.1656 -4.3225 -4.4687 80 200 120
2.1945 -5.3585 -3.1123 80 200 120
3.8504 -5.5921 -4.7192 80 200 120
4.5664 -7.0002 -4.3828 80 200 120
3.7207 -6.8474 -4.6981 80 200 120
6.5406 -4.3168 -5.0663 80 200 120
3.0825 -4.8411 -4.7029 80 200 120
4.7265 -5.4881 -4.3379 80 200 120
6.6709 -4.2681 -4.7645 80 200 120
4.7829 -1.2643 -4.7584 80 200 120
4.5216 -5.1923 -4.2138 80 200 120
5.5345 -3.6084 -3.4851 80 200 120
4.7974 -5.9523 -4.1366 80 200 120
5.5966 -3.5547 -4.3387 80 200 120
4.2223 -5.2959 -4.4038 80 200 120
5.4598 -3.7503 -4.6844 80 200 120
5.6798 -3.9141 -2.1805 80 200 120
-1.1470 0.6588 -2.2118 80 200 120
5.5557 -2.6615 -4.0952 80 200 120
5.5512 -3.6229 -1.8605 80 200 120
-0.1710 -2.4700 -1.4441 80 200 120
5.9417 -3.1711 -3.4466 80 200 120
5.2223 -1.8483 -4.4674 80 200 120
5.7289 -3.3705 -3.5917 80 200 120
4.3621 -2.0986 -4.3789 80 200 120
3.0725 2.9904 -3.5748 80 200 120
2.9584 -1.0094 -4.3644 80 200 120
5.6753 0.7217 -4.4622 80 200 120
-0.8347 -0.4098 -4.5489 80 200 120
3.8392 -6.9299 -1.2866 80 200 120
2.1337 -2.9323 -1.3381 80 200 120
0.2892 -0.2995 -1.2654 80 200 120
1.9152 -5.0463 -2.3248 80 200 120
2.6737 -6.0121 -1.9692 80 200 120
1.8311 -2.3598 -1.4029 80 200 120
4.2773 -7.7630 -2.2431 80 200 120
3.2725 -6.5738 -2.4210 80 200 120
0.6988 -3.7326 -2.8621 80 200 120
2.4278 -1.9199 -1.3478 80 200 120
2.8330 -3.2624 -1.3816 80 200 120
8.3181 -3.7656 -1.3439 80 200 120
6.2713 -3.5929 -1.8314 80 200 120
5.8633 -3.2141 -1.8495 80 200 120
7.8380 -4.8111 -2.7149 80 200 120
4.9339 -7.4842 -1.4102 80 200 120
3.6281 -6.9283 -1.4567 80 200 120
3.6377 -7.0916 -2.0142 80 200 120
3.5374 -6.9825 -2.1116 80 200 120
5.7032 -3.8498 -2.9722 80 200 120
4.2156 -5.2864 -4.7154 80 200 120
4.0460 -5.4430 -4.4669 80 200 120
6.4716 -4.3614 -4.0978 80 200 120
7.1000 -5.8648 -4.6729 80 200 120
2.5115 -0.2172 -4.4745 80 200 120
5.5235 -7.0491 -4.5386 80 200 120
6.0245 -6.6682 -4.5946 80 200 120
3.0017 -4.0267 -4.6886 80 200 120
2.7789 -4.1584 -4.7142 80 200 120
1.3118 -0.0876 -3.4850 80 200 120
2.6241 -0.7435 -4.4240 80 200 120
4.4078 -5.1476 -4.3789 80 200 120
3.9772 -5.5025 -4.4298 80 200 120
5.3029 -2.1485 -3.6886 80 200 120
4.7888 -5.5561 -4.2652 80 200 120
5.5705 -2.6575 -3.7749 80 200 120
5.1960 0.9965 -3.8994 80 200 120
5.4871 -3.9169 -4.7743 80 200 120
6.1486 1.2988 -3.5449 80 200 120
6.2507 -1.8797 -1.3983 80 200 120
4.3280 1.4297 -3.2777 80 200 120
4.0427 -2.4552 -4.1556 80 200 120
3.3681 -0.3399 -4.2745 80 200 120
5.2853 -1.9108 -3.8364 80 200 120
3.3340 -0.0751 -4.8882 80 200 120
5.3982 -2.2004 -3.5832 80 200 120
5.3729 -2.5731 -3.8650 80 200 120
-1.4821 1.0457 -4.7512 80 200 120
4.5563 -0.7568 -4.6333 80 200 120
0.6386 -3.4391 -1.5218 80 200 120
2.5354 -2.1852 -1.4333 80 200 120
-5.2279 2.1277 -4.3016 80 200 120
-1.5068 -0.1022 -3.3171 80 200 120
1.9796 -0.8798 -1.5378 80 200 120
2.2724 -5.4306 -1.4195 80 200 120
3.1595 -6.5227 -2.4044 80 200 120
0.1153 1.2384 -1.6271 80 200 120
2.9575 -2.8125 -1.4723 80 200 120
1.6083 -4.7421 -1.6432 80 200 120
-1.0507 -1.4812 -2.9920 80 200 120
-1.4398 0.9835 -2.2073 80 200 120
2.9953 -6.3858 -1.9464 80 200 120
3.4050 -6.9085 -2.3703 80 200 120
2.9685 -4.7210 -1.3797 80 200 120
3.9907 -7.5534 -1.6526 80 200 120
3.5856 -6.9645 -2.5990 80 200 120
7.8274 -5.3466 -1.6673 80 200 120
4.2064 -7.8303 -2.2253 80 200 120
5.1154 -11.0778 -2.4219 80 200 120
7.0565 -6.0577 -2.5319 80 200 120
3.7227 -7.0678 -1.6531 80 200 120
4.1823 -7.7585 -1.9366 80 200 120
8.6346 -4.8716 -3.0222 80 200 120
4.8344 -4.6702 -1.3659 80 200 120
3.8719 -6.8737 -1.3325 80 200 120
8.8619 -4.2449 -2.7944 80 200 120
6.8531 -6.1855 -3.0648 80 200 120
5.3788 -3.7750 -1.3642 80 200 120
4.7836 -3.3180 -1.3802 80 200 120
4.6140 -8.3743 -2.1219 80 200 120
4.7244 -0.1973 -4.2889 80 200 120
3.0976 -3.3042 -4.6929 80 200 120
2.7160 -1.1694 -4.6438 80 200 120
6.4442 -0.7409 -3.7004 80 200 120
6.8872 1.4530 -3.1253 80 200 120
5.9896 -3.1026 -4.1796 80 200 120
4.0043 -2.3294 -4.2297 80 200 120
5.4909 -5.9171 -4.6411 80 200 120
4.3528 -6.2767 -4.0742 80 200 120
4.3147 -5.2164 -4.4317 80 200 120
4.2105 -5.3800 -4.1170 80 200 120
4.6207 -4.0466 -4.7162 80 200 120
5.3833 -4.4767 -4.7352 80 200 120
4.9703 -4.4715 -4.7262 80 200 120
7.4140 -5.2122 -4.3962 80 200 120
2.1449 -4.2352 -4.7187 80 200 120
5.2905 -3.2430 -4.7295 80 200 120
0.1067 -2.3913 -4.2036 80 200 120
6.2014 -2.4005 -4.0014 80 200 120
9.5445 2.7414 -5.6421 80 200 120
5.0931 0.5217 -3.3306 80 200 120
7.0433 0.7576 -4.0297 80 200 120
4.0837 -5.3647 -4.4317 80 200 120
1.3673 4.7665 -1.2935 80 200 120
1.4698 -3.3623 -4.0646 80 200 120
5.7465 -4.9994 -4.8894 80 200 120
3.0063 -6.2546 -4.5763 80 200 120
2.5246 1.2837 -3.7647 80 200 120
0.1435 1.0567 -5.0570 80 200 120
6.0860 -3.7143 -3.3194 80 200 120
0.2964 -1.2521 -2.9305 80 200 120
-2.2402 -0.7330 -4.2357 80 200 120
3.1649 -6.5341 -1.9447 80 200 120
3.5151 -6.8968 -1.5978 80 200 120
3.3121 -6.0166 -1.3659 80 200 120
1.4987 -3.7608 -1.3392 80 200 120
2.9203 -6.1698 -1.4487 80 200 120
2.8312 -6.1219 -1.5502 80 200 120
1.7799 -4.9505 -2.5808 80 200 120
3.9298 -7.5996 -2.1221 80 200 120
1.6971 -1.4625 -1.3719 80 200 120
8.3050 -3.1130 -1.4546 80 200 120
8.5271 -2.7032 -1.3743 80 200 120
3.5295 -7.0066 -1.7031 80 200 120
8.2727 -4.9915 -2.4864 80 200 120
9.8550 -2.8906 -2.9172 80 200 120
5.8243 -3.3392 -1.7680 80 200 120
3.4755 -6.7913 -1.4465 80 200 120
3.2540 -6.4715 -1.4850 80 200 120
9.7391 -3.9743 -4.1068 80 200 120
9.8460 -3.4633 -3.3137 80 200 120
9.2782 -3.9275 -1.9105 80 200 120
6.7968 -4.5097 -3.7528 80 200 120
5.7847 -3.0716 -3.8018 80 200 120
4.7175 -5.9264 -4.0678 80 200 120
6.2914 -4.4040 -3.9195 80 200 120
5.8982 -3.3167 -4.4540 80 200 120
7.1529 -1.9057 -3.1615 80 200 120
1.6076 -0.2609 -4.7510 80 200 120
5.3047 -2.4426 -4.4488 80 200 120
6.8202 -6.0720 -4.6640 80 200 120
5.1760 -7.4871 -4.6117 80 200 120
6.4113 -6.4662 -4.6570 80 200 120
1.5389 -4.0903 -4.3652 80 200 120
2.1290 -3.9727 -4.5114 80 200 120
5.2580 -5.1088 -4.7261 80 200 120
2.8117 -6.1191 -4.3758 80 200 120
2.1411 -4.2142 -4.7421 80 200 120
1.8362 -4.1155 -4.6200 80 200 120
4.2638 -5.6503 -4.0644 80 200 120
5.6799 -2.9798 -4.6724 80 200 120
2.9920 -2.9332 -2.1059 80 200 120
5.1863 -1.4659 -4.7812 80 200 120
3.5343 -0.1838 -1.9578 80 200 120
-1.2809 0.5286 -1.4812 80 200 120
5.8674 1.5315 -4.7446 80 200 120
4.1853 -5.2709 -4.4917 80 200 120
3.7438 -1.0737 -2.2356 80 200 120
3.5745 -3.8691 -4.7075 80 200 120
2.7659 -6.0991 -4.7273 80 200 120
5.8381 -3.8398 -2.1454 80 200 120
4.6288 2.6855 -2.0613 80 200 120
3.9929 0.8774 -1.3524 80 200 120
5.4906 -1.4239 -4.0482 80 200 120
1.8515 0.1637 -4.2746 80 200 120
-1.1416 0.6351 -4.6751 80 200 120
6.3783 -2.2114 -3.7658 80 200 120
-0.6027 -0.1403 -2.9834 80 200 120
5.4694 -1.9500 -3.6619 80 200 120
4.0411 -2.5612 -4.0966 80 200 120
2.6579 -0.5735 -3.7686 80 200 120
3.4248 -0.4250 -4.8698 80 200 120
4.0530 -2.0934 -3.7136 80 200 120
7.6405 -1.1221 -3.9513 80 200 120
4.3823 -2.0037 -4.4008 80 200 120
3.3413 -6.6827 -1.6270 80 200 120
4.3651 -7.7401 -1.5084 80 200 120
-1.4328 0.0397 -2.1481 80 200 120
2.0628 -3.3931 -1.3801 80 200 120
2.3964 -3.5079 -1.3614 80 200 120
2.7573 -6.0006 -1.4140 80 200 120
4.4353 -8.4116 -1.5187 80 200 120
2.8915 -6.2175 -2.9510 80 200 120
1.5072 -4.6974 -3.0758 80 200 120
2.6413 -2.3949 -1.5039 80 200 120
7.4400 -4.6720 -1.3810 80 200 120
5.9276 -6.8809 -1.3940 80 200 120
4.3101 -6.8585 -2.6411 80 200 120
7.2959 -5.7986 -2.4145 80 200 120
8.5309 -4.7032 -2.2139 80 200 120
7.2212 -5.6649 -3.5890 80 200 120
4.3623 -7.2094 -2.4609 80 200 120
7.4540 -5.3444 -3.4596 80 200 120
4.7136 -7.5742 -1.3164 80 200 120
9.1432 -4.1567 -2.3634 80 200 120
5.7091 -3.9149 -3.2412 80 200 120
2.1972 12.2752 -3.9746 80 200 120
2.6229 -3.2472 -4.6891 80 200 120
6.3631 -2.9198 -3.8083 80 200 120
2.2811 -3.8606 -4.5475 80 200 120
4.7186 -5.3500 -4.5666 80 200 120
3.0871 -4.1841 -4.6717 80 200 120
3.5666 -6.7663 -2.8026 80 200 120
8.4505 -4.9217 -4.7432 80 200 120
-0.3932 0.6319 -4.4110 80 200 120
3.3289 -2.1145 -4.7019 80 200 120
5.4393 -3.7931 -4.6826 80 200 120
5.4268 -3.3301 -3.5113 80 200 120
3.4343 -6.7683 -4.6192 80 200 120
2.6362 -2.4437 -2.3971 80 200 120
3.2778 -2.6435 -4.7015 80 200 120
5.6099 -3.4561 -4.3669 80 200 120
5.5173 -2.9856 -3.3846 80 200 120
3.9855 -2.3625 -4.2095 80 200 120
3.2256 -6.4015 -4.5142 80 200 120
4.6769 -5.6679 -4.0965 80 200 120
5.9394 -3.7836 -2.0991 80 200 120
5.9583 -3.7355 -2.3550 80 200 120
-0.1155 0.9163 -2.0702 80 200 120
-0.9035 1.6760 -4.8363 80 200 120
-0.2365 1.3936 -3.2305 80 200 120
1.2167 0.1964 -3.4786 80 200 120
4.5606 -0.4241 -4.2290 80 200 120
5.0149 1.0806 -3.3512 80 200 120
6.4163 -0.2451 -3.8210 80 200 120
6.4711 0.4637 -3.0137 80 200 120
4.3439 -1.4792 -2.6537 80 200 120
7.5586 -4.6461 -1.3656 80 200 120
5.1254 0.5609 -4.5806 80 200 120
-0.8713 1.2253 -5.4818 80 200 120
5.2931 -1.7307 -4.5457 80 200 120
0.4432 0.5978 -4.8454 80 200 120
0.7364 -3.7047 -2.7927 80 200 120
-2.2233 -0.3099 -3.5050 80 200 120
2.8533 -6.1512 -1.9456 80 200 120
1.4622 -0.2656 -1.4561 80 200 120
-8.2850 3.3108 -2.4450 80 200 120
0.2807 0.6319 -1.5824 80 200 120
2.3577 -5.6150 -2.8429 80 200 120
1.5817 -2.5439 -1.3341 80 200 120
4.6668 -7.9709 -1.4060 80 200 120
9.2304 -4.0661 -1.3391 80 200 120
9.1285 -2.6411 -1.5302 80 200 120
5.3707 -3.8102 -1.3857 80 200 120
6.0945 -6.9208 -2.3047 80 200 120
6.6976 -6.3076 -2.5722 80 200 120
3.6305 -7.0939 -1.3721 80 200 120
3.4969 -6.7660 -1.4480 80 200 120
5.6896 -3.8634 -2.9437 80 200 120
4.5114 -5.2211 -4.1772 80 200 120
4.1966 -5.2478 -4.4078 80 200 120
5.8633 -3.3388 -3.9104 80 200 120
2.3013 -0.7535 -4.3998 80 200 120
4.4718 -6.2537 -4.1282 80 200 120
6.2247 -2.0608 -3.8169 80 200 120
4.9376 -5.9029 -4.1314 80 200 120
4.9654 -5.6705 -4.4452 80 200 120
5.4578 -5.1923 -4.6980 80 200 120
6.0528 -5.7038 -4.6900 80 200 120
4.6969 -3.6971 -4.6858 80 200 120
4.2794 -7.5250 -4.4888 80 200 120
3.2228 -6.5042 -4.6238 80 200 120
4.2063 -5.6100 -4.0797 80 200 120
5.7409 -4.5327 -4.7341 80 200 120
1.7968 -4.0863 -4.3225 80 200 120
2.0210 -5.2316 -4.1623 80 200 120
6.0568 -4.3934 -4.7444 80 200 120
3.9956 -3.8962 -4.6809 80 200 120
1.4699 -0.4356 -4.5414 80 200 120
5.2345 0.5434 -3.3613 80 200 120
3.9592 1.6093 -3.2177 80 200 120
5.7515 -2.1187 -5.2235 80 200 120
4.2082 -2.2235 -2.8395 80 200 120
5.0650 0.5309 -3.8379 80 200 120
5.4846 -2.2824 -3.7071 80 200 120
6.1358 0.8679 -4.5175 80 200 120
1.9456 -0.3328 -1.6295 80 200 120
7.0223 -0.0034 -3.9726 80 200 120
5.5002 -3.1456 -4.4676 80 200 120
4.6952 -1.4461 -4.6052 80 200 120
8.3305 -1.2894 -3.4828 80 200 120
6.0804 1.1675 -3.8610 80 200 120
1.6520 -0.4631 -2.6855 80 200 120
-1.3425 -0.1643 -3.2460 80 200 120
6.1545 -3.0334 -3.5771 80 200 120
3.3695 -0.2435 -4.8576 80 200 120
1.8433 0.0173 -1.5440 80 200 120
3.0738 -6.3444 -1.4274 80 200 120
1.2975 -4.3711 -1.7519 80 200 120
2.4028 -1.8855 -1.3456 80 200 120
2.5139 -5.8522 -1.3564 80 200 120
0.7354 -3.8327 -3.0429 80 200 120
7.6411 -5.4859 -1.8697 80 200 120
6.2300 -6.5975 -1.4364 80 200 120
3.6403 -7.1330 -2.0014 80 200 120
3.3002 -7.3942 -1.8456 80 200 120
8.1561 -4.6587 -3.7678 80 200 120
4.5069 -7.9085 -4.5316 80 200 120
7.6612 -0.8793 -3.8916 80 200 120
6.6367 -1.1441 -3.6696 80 200 120
6.0765 -5.3154 -4.7256 80 200 120
3.8434 -7.2624 -4.3406 80 200 120
4.7592 -5.7975 -4.0975 80 200 120
5.6795 -6.6651 -4.7357 80 200 120
2.8458 -5.4867 -4.6830 80 200 120
1.6072 -3.9243 -4.1487 80 200 120
1.7833 -4.8542 -4.6296 80 200 120
2.1152 -3.9045 -4.6530 80 200 120
1.6830 -4.3031 -4.6754 80 200 120
2.8481 -3.6095 -4.7139 80 200 120
3.5947 -3.8976 -4.6988 80 200 120
6.1437 -4.1724 -4.5142 80 200 120
5.5903 -4.0570 -4.6024 80 200 120
3.0622 -6.4075 -2.8380 80 200 120
4.4930 -3.6633 -4.7538 80 200 120
1.6403 -0.5920 -1.8378 80 200 120
4.8301 0.2757 -4.4816 80 200 120
4.0285 -5.7857 -4.2122 80 200 120
1.6086 -0.5336 -2.7560 80 200 120
4.2862 -5.2199 -4.6774 80 200 120
5.2800 -1.9915 -3.7850 80 200 120
5.3973 -2.6483 -3.8063 80 200 120
4.1325 0.8118 -4.4295 80 200 120
5.7472 -3.3825 -3.8576 80 200 120
4.1935 -5.9574 -4.1155 80 200 120
-1.5155 -0.9858 -1.4507 80 200 120
5.6086 -5.0397 -4.6786 80 200 120
5.5848 -1.7610 -3.4607 80 200 120
-0.9108 0.8918 -3.6105 80 200 120
7.4760 -0.1562 -1.8703 80 200 120
2.3423 -2.7572 -1.3770 80 200 120
5.7087 -2.2714 -3.6154 80 200 120
5.8728 -0.2340 -4.1833 80 200 120
-1.9376 -0.1612 -2.2371 80 200 120
5.9020 -2.8518 -3.8125 80 200 120
2.0988 -0.4484 -4.0353 80 200 120
5.3298 -2.1531 -3.5634 80 200 120
5.4586 -2.4104 -3.9718 80 200 120
4.2511 -1.9341 -3.9048 80 200 120
5.2071 -1.9498 -4.4085 80 200 120
3.6280 -7.2353 -1.9871 80 200 120
-1.6961 0.0512 -3.3267 80 200 120
3.3944 -7.1485 -2.4144 80 200 120
4.3640 -7.9801 -1.6430 80 200 120
1.1008 -0.0298 -1.7869 80 200 120
-1.6017 1.4575 -2.9254 80 200 120
9.0024 -3.1869 -1.6431 80 200 120
7.1283 -4.9173 -1.4005 80 200 120
9.9239 -3.3131 -2.6780 80 200 120
8.6380 -4.5098 -2.9962 80 200 120
5.4757 -3.9458 -1.4188 80 200 120
6.0737 -3.7435 -2.0407 80 200 120
5.9602 -3.8262 -1.7023 80 200 120
5.7461 -3.4340 -1.9378 80 200 120
3.5280 -7.0919 -1.6593 80 200 120
2.6333 -6.0807 -1.3141 80 200 120
4.6450 -9.7009 -3.3089 80 200 120
5.6729 -3.9146 -3.1951 80 200 120
6.5784 -4.5076 -3.9579 80 200 120
4.5079 -5.2704 -4.6260 80 200 120
3.3096 0.3675 -4.9708 80 200 120
4.3097 -5.2445 -4.7137 80 200 120
4.4498 -6.1972 -4.0527 80 200 120
3.8726 -5.6387 -4.7734 80 200 120
6.4207 -4.3296 -4.1252 80 200 120
5.8632 0.0539 -4.3003 80 200 120
4.1225 -5.3494 -4.6086 80 200 120
2.0117 -3.3677 -4.5446 80 200 120
3.0931 -3.3054 -4.7186 80 200 120
3.8932 -3.4464 -4.7178 80 200 120
5.5336 -3.7360 -4.7457 80 200 120
4.4714 -7.7672 -4.4632 80 200 120
4.1300 -7.3175 -4.3937 80 200 120
3.4234 -6.2807 -4.7645 80 200 120
4.5976 -5.2811 -4.5696 80 200 120
7.0807 -5.8695 -4.6440 80 200 120
7.3737 -5.4985 -4.6300 80 200 120
2.6705 -3.8674 -4.7110 80 200 120
2.2055 -3.6913 -4.6568 80 200 120
1.0012 2.6048 -2.9120 80 200 120
1.2855 -1.8099 -4.6879 80 200 120
1.7429 -3.2674 -4.1572 80 200 120
5.6753 -3.5420 -3.9827 80 200 120
6.3792 -1.8983 -3.8691 80 200 120
6.0055 -2.6850 -3.8555 80 200 120
5.2907 -2.4864 -4.4342 80 200 120
5.1100 -2.2810 -4.6785 80 200 120
4.4066 -5.1861 -4.3031 80 200 120
5.1195 -3.1305 -4.2796 80 200 120
5.4033 -4.3282 -3.9144 80 200 120
4.1311 -5.3682 -4.6986 80 200 120
4.0980 2.4011 -2.3978 80 200 120
7.4638 -0.3668 -2.4092 80 200 120
6.8099 0.1067 -2.7656 80 200 120
5.5497 -1.4367 -4.0964 80 200 120
4.1134 -3.2295 -2.7467 80 200 120
7.7769 -3.6020 -1.7297 80 200 120
-0.3911 -2.0875 -1.5355 80 200 120
7.8004 -0.7124 -1.7880 80 200 120
4.1605 -1.2620 -3.7239 80 200 120
3.5190 -0.7388 -4.0474 80 200 120
6.5834 -2.5522 -3.7727 80 200 120
3.4270 -0.6894 -4.6271 80 200 120
1.7363 0.0320 -2.4234 80 200 120
5.9935 0.9099 -1.8667 80 200 120
1.5611 -0.4218 -2.0726 80 200 120
0.1358 0.6436 -4.3318 80 200 120
5.3382 1.0445 -5.3313 80 200 120
1.9762 -0.4142 -4.5791 80 200 120
1.3726 -0.1382 -4.0671 80 200 120
2.5721 2.6627 -3.0753 80 200 120
2.5673 -0.6908 -4.3356 80 200 120
0.5294 -3.3927 -1.4800 80 200 120
-0.7505 -1.8658 -3.8878 80 200 120
4.5206 -8.2336 -1.3544 80 200 120
2.8392 -2.5250 -1.3457 80 200 120
-0.6738 1.1528 -2.3370 80 200 120
2.5499 -5.5851 -1.5096 80 200 120
7.6629 -3.1178 -1.4638 80 200 120
8.2392 -4.9116 -2.9391 80 200 120
3.5983 -7.1005 -2.6334 80 200 120
8.6503 -4.8147 -3.5329 80 200 120
7.7862 -5.3257 -3.4508 80 200 120
4.5211 -8.1037 -2.4106 80 200 120
5.8751 -3.9333 -3.1321 80 200 120
4.2586 -0.1589 -3.0617 80 200 120
3.5004 -0.3170 -4.2071 80 200 120
2.7632 1.2602 -4.9592 80 200 120
3.1817 -2.8659 -3.4452 80 200 120
4.4468 -5.7751 -4.0954 80 200 120
5.6596 -5.0281 -4.6904 80 200 120
5.0770 -5.2792 -4.7006 80 200 120
4.3065 -5.6654 -4.0824 80 200 120
5.0497 -6.6177 -4.3639 80 200 120
3.1398 -6.1008 -4.7683 80 200 120
2.2863 -5.4828 -4.3253 80 200 120
2.9004 -3.2406 -4.7435 80 200 120
6.7981 -4.3250 -4.5903 80 200 120
1.7356 -4.0579 -4.5306 80 200 120
4.3175 -5.2277 -4.6570 80 200 120
1.9941 -0.4128 -4.6475 80 200 120
5.5444 -3.9058 -4.8231 80 200 120
5.5115 -3.7259 -4.7251 80 200 120
6.2002 -1.3204 -3.5620 80 200 120
2.8185 -0.0762 -3.8091 80 200 120
6.9785 -0.9715 -3.7718 80 200 120
2.6859 -0.5538 -4.0618 80 200 120
3.0203 -6.5335 -4.7515 80 200 120
6.3476 -4.2728 -4.5918 80 200 120
2.1052 -0.3622 -3.9735 80 200 120
4.1419 -6.0094 -4.2748 80 200 120
3.9724 -5.5454 -4.0945 80 200 120
2.8069 -6.0243 -4.5938 80 200 120
5.8267 -3.0033 -3.7006 80 200 120
5.5260 -2.6673 -3.7198 80 200 120
5.1463 -0.7690 -4.9872 80 200 120
4.5829 -0.9358 -4.6945 80 200 120
5.5121 -2.2347 -3.7100 80 200 120
4.7499 0.4922 -4.6627 80 200 120
5.1891 0.4428 -4.4648 80 200 120
5.3329 -1.7237 -4.5655 80 200 120
4.0290 -2.2783 -3.6362 80 200 120
7.9917 0.5975 -4.2476 80 200 120
1.2713 -0.0058 -3.1304 80 200 120
3.6455 -6.9800 -1.4174 80 200 120
3.3957 -6.9665 -2.0512 80 200 120
3.8710 -7.2376 -1.4328 80 200 120
3.4033 -6.7026 -1.5355 80 200 120
-0.7362 -1.6430 -2.8783 80 200 120
-1.3113 0.7506 -2.2718 80 200 120
-0.4209 -2.0381 -2.4123 80 200 120
1.5847 -4.6175 -1.4859 80 200 120
2.2556 -5.5771 -2.1243 80 200 120
-0.8456 0.5757 -2.8574 80 200 120
3.0376 -6.4665 -2.8559 80 200 120
-1.0581 -1.2161 -3.8908 80 200 120
2.8870 -6.1626 -2.7307 80 200 120
-0.9733 0.2346 -3.1468 80 200 120
6.9315 -4.5369 -1.4420 80 200 120
7.2987 -3.6056 -1.6446 80 200 120
5.8630 -4.7610 -1.3622 80 200 120
5.3713 -7.3551 -1.4177 80 200 120
6.2797 -6.7650 -2.6366 80 200 120
6.9688 -6.0980 -2.5899 80 200 120
8.8469 -4.1970 -3.7912 80 200 120
5.2406 -5.9737 -1.3513 80 200 120
7.6558 -5.1451 -4.5680 80 200 120
5.7161 -3.9291 -3.2189 80 200 120
5.6564 -3.9179 -3.2293 80 200 120
6.0642 -4.0039 -3.3162 80 200 120
7.7024 -5.3442 -4.6372 80 200 120
6.1366 -5.3262 -4.7101 80 200 120
4.8213 -1.1512 -4.8283 80 200 120
3.8992 -5.6086 -4.7521 80 200 120
4.5312 -8.0524 -4.6358 80 200 120
4.4450 -6.2638 -4.1232 80 200 120
2.7477 -1.5863 -4.7784 80 200 120
4.4702 -5.6822 -4.0768 80 200 120
2.9848 -1.4019 -4.6738 80 200 120
6.0323 -6.0586 -4.6364 80 200 120
4.8396 -7.9474 -4.6626 80 200 120
2.4009 -5.6338 -4.6735 80 200 120
2.5433 -5.8931 -4.2023 80 200 120
1.9330 -3.7354 -4.0800 80 200 120
2.5950 -3.1755 -4.7501 80 200 120
4.1057 -5.4991 -4.1686 80 200 120
6.5903 -4.3145 -4.7127 80 200 120
6.4422 -4.1358 -4.7351 80 200 120
5.7433 -3.9563 -4.7843 80 200 120
6.7689 -6.0866 -4.6171 80 200 120
-0.2683 1.1067 -2.0656 80 200 120
-1.8027 -0.5504 -2.0047 80 200 120
1.6488 -3.8179 -4.0701 80 200 120
1.7892 -0.0785 -2.4306 80 200 120
3.3785 -7.1074 -4.9966 80 200 120
-0.0937 1.4602 -1.4488 80 200 120
3.9751 -4.0735 -2.6094 80 200 120
4.3588 2.1669 -3.4197 80 200 120
6.0455 -1.1849 -3.9440 80 200 120
3.5145 -1.9082 -4.1664 80 200 120
6.0235 -3.8714 -2.0357 80 200 120
2.9339 -0.1933 -3.7828 80 200 120
4.6734 -1.4973 -4.5629 80 200 120
5.5962 -2.9461 -3.7234 80 200 120
8.5418 -1.6301 -2.4378 80 200 120
2.0736 -0.2592 -3.5181 80 200 120
2.4305 -0.2809 -4.5006 80 200 120
0.9039 -0.0284 -1.7842 80 200 120
2.8916 -6.6371 -2.3790 80 200 120
3.0023 -6.4638 -1.8390 80 200 120
3.2206 -6.5271 -2.0984 80 200 120
3.4390 -6.9291 -1.9278 80 200 120
3.5213 -6.8313 -1.4473 80 200 120
0.8037 -3.7498 -1.6824 80 200 120
0.3551 -3.1831 -3.6986 80 200 120
-1.3062 -1.5020 -4.1271 80 200 120
1.7093 -0.0330 -1.6016 80 200 120
1.5509 -0.4518 -1.5416 80 200 120
0.7868 -3.7324 -2.8863 80 200 120
2.2542 -2.6441 -1.3755 80 200 120
2.2371 0.5109 -1.5248 80 200 120
2.6496 -5.7904 -1.4313 80 200 120
7.9286 -5.2634 -2.2912 80 200 120
5.6454 -6.3040 -1.3911 80 200 120
9.2204 -4.6018 -4.0900 80 200 120
3.8560 -6.9681 -1.2681 80 200 120
3.6325 -7.4566 -2.1476 80 200 120
5.7327 -3.9120 -3.1844 80 200 120
5.5503 -3.9800 -4.4015 80 200 120
5.6833 -3.9227 -3.2293 80 200 120
7.4393 -4.8045 -4.2585 80 200 120
4.2197 -3.1108 -2.7284 80 200 120
6.8984 -0.1797 -3.8816 80 200 120
3.8965 -2.1641 -3.5960 80 200 120
6.8856 -0.9687 -3.7746 80 200 120
3.5727 -1.4189 -3.7767 80 200 120
3.3186 -1.1026 -4.2524 80 200 120
6.8557 0.6121 -4.0038 80 200 120
5.1888 -5.5217 -4.6801 80 200 120
6.2008 -4.9335 -4.7014 80 200 120
6.4734 -5.7108 -4.6918 80 200 120
4.7989 -4.9938 -4.6818 80 200 120
2.7267 -5.9080 -4.5275 80 200 120
2.5747 -5.5434 -4.7865 80 200 120
1.7442 -3.8866 -4.0848 80 200 120
0.7142 -3.4423 -4.4832 80 200 120
6.3769 -0.3409 -3.7995 80 200 120
2.8984 -1.4611 -4.3859 80 200 120
-1.9585 0.0749 -1.2705 80 200 120
-0.5687 1.0703 -1.4802 80 200 120
6.5011 -0.8011 -3.6906 80 200 120
3.5348 2.6244 -3.0753 80 200 120
3.6577 2.2218 -3.9319 80 200 120
-0.4257 -2.3719 -1.3874 80 200 120
6.3157 -3.1916 -1.8815 80 200 120
4.6321 0.1115 -4.5998 80 200 120
5.3154 -2.1430 -3.5704 80 200 120
3.1613 2.0412 -4.4233 80 200 120
4.2003 -1.2373 -3.8150 80 200 120
3.2844 -1.0049 -4.2206 80 200 120
4.5554 -0.8575 -4.7046 80 200 120
5.0404 -1.0720 -4.5389 80 200 120
-1.7676 -0.4344 -2.0220 80 200 120
-0.3809 0.5610 -3.4476 80 200 120
2.3380 -5.8274 -2.1555 80 200 120
2.0581 -5.1227 -1.4233 80 200 120
2.3729 -1.8664 -1.2905 80 200 120
0.9431 -3.1027 -1.3399 80 200 120
-0.5088 0.6679 -2.7405 80 200 120
-1.5200 0.7641 -3.0390 80 200 120
2.8200 -6.2293 -2.7678 80 200 120
-1.9491 0.3644 -4.0513 80 200 120
5.6785 -6.7812 -3.8756 80 200 120
3.5325 -6.9907 -2.8411 80 200 120
5.6224 -3.5741 -1.5370 80 200 120
4.3639 -8.0753 -3.3375 80 200 120
4.5514 -8.2765 -2.4194 80 200 120
3.2777 -6.6101 -1.7402 80 200 120
5.4494 -7.1940 -3.7097 80 200 120
2.9995 -6.3856 -1.7767 80 200 120
4.5157 -7.9495 -4.5949 80 200 120
4.2433 -6.0570 -4.0693 80 200 120
5.1545 -1.7567 -4.7263 80 200 120
3.8957 -5.5711 -4.6701 80 200 120
4.5053 -5.2847 -4.2930 80 200 120
6.8879 1.3960 -3.0861 80 200 120
3.1938 -5.5851 -4.7275 80 200 120
4.7702 -4.7320 -4.6910 80 200 120
5.0756 -6.0147 -4.2162 80 200 120
5.6897 -5.4836 -4.7347 80 200 120
3.2114 -6.3365 -4.7417 80 200 120
4.4731 -4.7554 -4.7148 80 200 120
5.8039 -5.7479 -4.7089 80 200 120
2.9947 -4.0046 -4.6919 80 200 120
6.3869 -4.0147 -4.7853 80 200 120
1.4409 -3.4250 -4.0682 80 200 120
2.6191 -3.2351 -4.6975 80 200 120
1.2633 -4.0391 -4.2378 80 200 120
2.0244 -3.0521 -4.7353 80 200 120
1.4672 -4.3202 -4.3882 80 200 120
4.5564 -4.1140 -4.7097 80 200 120
5.0357 0.4522 -4.6519 80 200 120
3.8430 -2.2231 -3.5464 80 200 120
3.1765 4.0866 -1.4458 80 200 120
5.6241 -2.3875 -5.0305 80 200 120
2.1096 -1.2614 -1.6315 80 200 120
5.1431 2.1939 -3.5365 80 200 120
1.7986 -0.0238 -1.5763 80 200 120
4.2847 -5.2498 -4.0793 80 200 120
0.1159 0.2228 -4.2435 80 200 120
-0.5241 -2.2629 -1.3414 80 200 120
3.4129 -6.8071 -4.7241 80 200 120
5.9585 -2.8981 -3.7901 80 200 120
6.9063 -2.4561 -3.9791 80 200 120
5.2828 -1.8375 -4.1171 80 200 120
6.2136 -0.5129 -3.7198 80 200 120
6.9029 -0.7639 -3.7678 80 200 120
8.7890 -1.9218 -3.1432 80 200 120
3.2826 -0.7662 -3.9268 80 200 120
1.6933 -4.9089 -1.9248 80 200 120
1.9603 -4.8789 -1.4518 80 200 120
1.4328 -4.3716 -1.3974 80 200 120
2.0958 -4.5067 -1.3469 80 200 120
1.7801 1.7400 -1.8285 80 200 120
-1.5887 -1.2811 -2.3952 80 200 120
-0.6499 0.0327 -3.6625 80 200 120
0.1168 -2.8584 -3.6665 80 200 120
1.8919 -0.7410 -1.2665 80 200 120
-1.6777 -0.7852 -4.0699 80 200 120
2.4505 -6.0705 -1.7891 80 200 120
3.3418 -6.5652 -2.3467 80 200 120
0.4728 0.2649 -1.6337 80 200 120
-1.7165 -0.8627 -3.0424 80 200 120
-0.3067 1.1996 -3.0770 80 200 120
-0.4671 -2.2247 -1.5942 80 200 120
6.8560 -4.3000 -1.5196 80 200 120
8.1934 -3.4446 -1.4670 80 200 120
6.0313 -5.1884 -1.4089 80 200 120
4.3042 -7.5746 -1.7403 80 200 120
6.1680 -4.1551 -1.3836 80 200 120
3.1327 -6.7819 -2.0749 80 200 120
3.1604 -6.4102 -1.4039 80 200 120
5.6940 -3.9265 -3.2272 80 200 120
5.6394 -3.8990 -3.3522 80 200 120
5.7569 -3.9488 -4.4636 80 200 120
5.4156 -5.1465 -4.7157 80 200 120
6.0175 -3.8024 -3.2287 80 200 120
5.8486 -4.3860 -4.3098 80 200 120
5.8887 -6.7784 -4.6168 80 200 120
3.9956 -2.5687 -3.1953 80 200 120
4.2405 -0.5705 -3.0574 80 200 120
4.3225 -5.2922 -4.2129 80 200 120
6.2616 -0.8095 -2.7165 80 200 120
4.8689 -7.6232 -4.5811 80 200 120
4.1220 -7.6015 -4.6616 80 200 120
5.9587 10.9623 -4.6288 80 200 120
5.7767 -3.5019 -3.9930 80 200 120
3.4582 -5.2592 -4.6449 80 200 120
5.0863 -6.0787 -4.2081 80 200 120
4.7532 -6.2116 -4.1359 80 200 120
1.7843 -3.1259 -4.6885 80 200 120
4.2809 -1.8759 -3.7683 80 200 120
1.5657 1.9169 -3.3975 80 200 120
5.5729 -2.8405 -4.3724 80 200 120
-0.9829 -0.2903 -4.7112 80 200 120
2.7204 -6.1705 -4.7881 80 200 120
2.0813 3.7395 -2.3249 80 200 120
5.8148 -3.2040 -4.6049 80 200 120
5.5366 -3.0590 -4.5201 80 200 120
3.7483 -2.1980 -3.4930 80 200 120
4.2247 -2.1253 -3.8152 80 200 120
4.0930 1.7250 -3.7713 80 200 120
5.6835 -1.0144 -4.1842 80 200 120
3.2172 -6.6224 -1.6538 80 200 120
1.0996 -3.9765 -1.3934 80 200 120
2.1964 -5.2705 -1.8089 80 200 120
2.9134 -6.0913 -2.2671 80 200 120
4.1752 -8.2647 -1.1612 80 200 120
2.4455 1.3504 -1.5353 80 200 120
1.4988 -4.6996 -3.6523 80 200 120
1.4757 -0.1789 -2.1506 80 200 120
2.8632 -5.9408 -1.7581 80 200 120
1.6600 -4.7965 -2.4813 80 200 120
0.2081 -3.0095 -1.6866 80 200 120
-0.1239 -3.0089 -3.8622 80 200 120
1.6091 -4.7153 -2.9954 80 200 120
-2.0884 -0.4560 -3.6333 80 200 120
2.9922 -6.5370 -2.4147 80 200 120
-1.4114 -1.4694 -3.2162 80 200 120
7.2229 -4.3464 -1.5370 80 200 120
7.8309 -4.1088 -1.4601 80 200 120
7.3701 -5.7329 -1.7822 80 200 120
10.1756 -3.4116 -3.4078 80 200 120
7.8013 -5.3434 -3.5513 80 200 120
8.3557 -4.8999 -2.9437 80 200 120
3.6272 -7.4466 -2.3848 80 200 120
5.0291 -7.8358 -2.2948 80 200 120
4.1459 -7.5956 -3.0514 80 200 120
8.3620 -4.5723 -3.8589 80 200 120
5.9965 -3.3758 -1.9096 80 200 120
4.1966 -7.9282 -2.1477 80 200 120
6.5595 -4.4650 -3.8376 80 200 120
5.5452 -4.6078 -4.6239 80 200 120
6.0479 -4.0459 -3.4035 80 200 120
5.0305 -4.5151 -4.7186 80 200 120
5.6748 -5.4295 -4.7325 80 200 120
5.6678 -4.2499 -4.1815 80 200 120
3.9017 -5.6056 -4.1485 80 200 120
3.9015 -5.6134 -4.8046 80 200 120
6.2242 -3.3130 -3.7995 80 200 120
4.2024 -5.4025 -4.0686 80 200 120
7.5116 -1.0637 -3.8189 80 200 120
6.5982 -0.6788 -3.6980 80 200 120
6.5140 -3.1995 -3.5971 80 200 120
5.7402 -1.7137 -3.6826 80 200 120
7.1230 -2.7582 -2.9376 80 200 120
-0.1177 -2.3968 -4.3635 80 200 120
4.0536 -5.8873 -4.0813 80 200 120
4.0342 -6.2208 -4.1269 80 200 120
3.1882 -5.2437 -4.7395 80 200 120
4.3651 -5.2403 -4.1157 80 200 120
1.9133 -3.4151 -4.0577 80 200 120
5.4950 -3.7498 -4.7700 80 200 120
1.9026 -3.7643 -4.0681 80 200 120
1.3199 -2.5743 -4.4924 80 200 120
6.3177 -4.1747 -4.6235 80 200 120
1.7342 -3.8733 -4.0726 80 200 120
1.2641 -3.0734 -4.0223 80 200 120
0.5746 -3.2191 -4.3316 80 200 120
5.5637 -4.0239 -4.5986 80 200 120
7.3675 -5.4823 -4.6009 80 200 120
1.9839 -5.1549 -4.6438 80 200 120
1.7533 -4.4471 -4.7295 80 200 120
4.4799 -4.0163 -4.7370 80 200 120
2.0282 -3.9253 -4.6327 80 200 120
1.2324 -3.7723 -4.0324 80 200 120
1.5462 -4.0854 -4.2144 80 200 120
4.1654 -4.8905 -4.7225 80 200 120
2.8179 -4.2749 -4.6745 80 200 120
1.1282 2.5851 -1.6585 80 200 120
5.4874 -2.0441 -3.5780 80 200 120
2.8481 4.5732 -2.1234 80 200 120
5.5751 -2.6930 -3.6684 80 200 120
2.3062 -5.5073 -4.6680 80 200 120
3.7033 2.4008 -1.9501 80 200 120
6.0184 -2.8083 -3.8361 80 200 120
5.4301 -2.5471 -3.5618 80 200 120
6.1851 -0.5537 -3.7472 80 200 120
6.6400 -0.6454 -3.7506 80 200 120
4.3895 -5.0923 -4.3285 80 200 120
5.2730 -2.5490 -4.6804 80 200 120
2.9986 -6.2111 -4.6070 80 200 120
4.0827 1.5491 -4.2794 80 200 120
2.0140 -0.3653 -3.3977 80 200 120
5.5887 -3.6183 -1.4220 80 200 120
5.1796 0.6534 -5.1234 80 200 120
-1.1366 -0.6285 -4.3976 80 200 120
-0.5362 -1.5323 -4.2626 80 200 120
3.6933 -7.2781 -1.5366 80 200 120
-0.9881 0.1069 -3.4265 80 200 120
0.7411 -3.5951 -3.6488 80 200 120
1.2346 2.3611 -1.7417 80 200 120
-0.5663 0.7951 -3.4761 80 200 120
2.8010 -6.0678 -2.7576 80 200 120
-1.1106 0.7256 -4.0656 80 200 120
3.0536 -6.3655 -2.4164 80 200 120
3.1833 -6.3356 -1.9033 80 200 120
4.5625 -8.2232 -2.7108 80 200 120
8.0970 -5.0610 -2.0656 80 200 120
5.7846 -3.5088 -1.7148 80 200 120
3.8500 -7.2186 -2.6215 80 200 120
2.9307 -6.3135 -2.1136 80 200 120
5.5205 -4.1259 -4.1671 80 200 120
6.2849 -4.2310 -4.4559 80 200 120
6.0842 -6.5585 -4.5878 80 200 120
6.3608 -4.1410 -3.5637 80 200 120
6.2161 -6.1647 -4.4595 80 200 120
5.6163 -5.0447 -4.6177 80 200 120
6.4248 -4.1738 -3.4624 80 200 120
5.9312 -5.4140 -4.5289 80 200 120
5.3997 -4.4218 -4.7026 80 200 120
6.3815 -4.1178 -3.9621 80 200 120
6.4545 -5.6616 -4.6988 80 200 120
3.5240 -1.2200 -3.8859 80 200 120
5.7440 -3.2909 -4.0349 80 200 120
3.6455 -2.2669 -3.6362 80 200 120
2.6885 -1.1172 -4.4757 80 200 120
5.5754 -3.6314 -4.2480 80 200 120
4.2029 -6.0602 -4.0862 80 200 120
4.0994 -5.3855 -4.6197 80 200 120
3.5854 -6.2625 -4.4475 80 200 120
2.8423 -2.5685 -4.7235 80 200 120
7.5101 -5.1053 -4.4685 80 200 120
2.0769 -3.6487 -4.1344 80 200 120
0.7207 -3.0649 -4.0729 80 200 120
2.9320 -3.9758 -4.7375 80 200 120
3.8522 -4.3800 -4.6857 80 200 120
2.7712 -3.6597 -4.7074 80 200 120
4.6985 -4.1037 -4.6812 80 200 120
3.1366 -5.1806 -4.7268 80 200 120
0.6182 -2.4490 -4.2951 80 200 120
1.7907 -3.1102 -4.6674 80 200 120
3.0785 -3.3062 -4.7001 80 200 120
3.6185 -3.6342 -4.7251 80 200 120
-1.2948 -0.9819 -4.6555 80 200 120
1.0609 -2.4552 -4.4933 80 200 120
4.6401 -3.6814 -4.6954 80 200 120
3.7164 -4.8494 -4.7187 80 200 120
3.5586 -2.0061 -3.7738 80 200 120
3.8769 -5.5263 -4.6525 80 200 120
4.1314 -5.4178 -4.7740 80 200 120
5.5333 -4.0141 -4.1183 80 200 120
4.0658 2.6467 -1.4937 80 200 120
2.7580 -5.9914 -4.6420 80 200 120
10.3466 1.4898 -4.8830 80 200 120
2.3283 -0.3251 -3.5779 80 200 120
1.0705 -3.4360 -4.0649 80 200 120
-1.3814 -0.7635 -1.5481 80 200 120
5.2897 -1.8245 -4.1124 80 200 120
6.9459 -0.2103 -4.0042 80 200 120
1.9794 -1.1937 -1.3940 80 200 120
3.2227 -0.3852 -3.7990 80 200 120
5.4045 -2.6126 -3.6242 80 200 120
4.3307 1.7378 -3.3607 80 200 120
4.0204 -2.3915 -3.5432 80 200 120
3.7248 -2.1196 -3.5238 80 200 120
2.2475 -2.6563 -1.3951 80 200 120
3.4064 -0.7312 -3.9191 80 200 120
1.6342 -0.3698 -2.7652 80 200 120
5.2086 2.1467 -1.7381 80 200 120
4.1699 -2.1556 -3.6874 80 200 120
3.0424 -6.1199 -1.6122 80 200 120
2.3068 -4.3350 -1.3480 80 200 120
2.6401 -6.4474 -2.0370 80 200 120
2.4702 0.6603 -1.3598 80 200 120
-0.1401 -2.7878 -2.2967 80 200 120
1.9260 2.6707 -1.5282 80 200 120
0.8438 -4.0887 -3.7092 80 200 120
3.4897 -6.6726 -2.4060 80 200 120
-1.6750 -1.2376 -2.4862 80 200 120
2.7134 -2.3225 -1.3428 80 200 120
-0.8015 -2.1270 -2.7433 80 200 120
2.8205 -3.2112 -1.3690 80 200 120
0.3202 -3.2589 -2.9783 80 200 120
3.2568 -6.6238 -2.4079 80 200 120
6.0615 -5.7309 -1.4378 80 200 120
6.1824 -5.8003 -1.4993 80 200 120
4.2232 -7.6462 -1.4006 80 200 120
9.8899 -3.2796 -2.7486 80 200 120
8.4499 -3.9346 -2.0235 80 200 120
4.2935 -8.0352 -3.8148 80 200 120
4.3280 -7.9673 -3.3135 80 200 120
3.4744 -6.7518 -2.4067 80 200 120
3.6503 -6.7421 -2.5818 80 200 120
5.4688 -7.4864 -2.6442 80 200 120
4.4609 -8.0956 -2.9878 80 200 120
6.4468 -4.4599 -3.8275 80 200 120
5.1961 -5.2884 -4.7379 80 200 120
5.6029 -3.8984 -3.1952 80 200 120
6.5098 -4.3336 -3.8013 80 200 120
7.1410 -5.3313 -4.7533 80 200 120
5.2450 -5.0423 -4.7394 80 200 120
4.6813 -3.8110 -4.7005 80 200 120
5.7741 -3.9451 -3.1856 80 200 120
5.9897 -3.8975 -4.2181 80 200 120
6.0363 -4.6970 -4.5075 80 200 120
5.9923 -4.0038 -3.8406 80 200 120
5.8379 -3.9760 -3.3515 80 200 120
5.7170 -3.9352 -3.2058 80 200 120
4.3786 -3.3338 -4.7095 80 200 120
4.9935 -5.9411 -4.3636 80 200 120
3.9092 -5.5550 -4.0902 80 200 120
3.8980 2.7056 -4.8703 80 200 120
4.2026 -5.4227 -4.0954 80 200 120
3.8758 -5.4975 -4.2548 80 200 120
5.2841 -3.2072 -4.7087 80 200 120
4.9432 0.1745 -4.4408 80 200 120
6.3808 -4.3136 -4.2479 80 200 120
4.1305 -5.2807 -4.5156 80 200 120
4.4202 -5.2928 -4.3251 80 200 120
4.1660 -2.4226 -4.5650 80 200 120
4.7199 -1.3068 -4.7003 80 200 120
5.1129 0.7123 -3.8320 80 200 120
0.9277 -2.5500 -4.2847 80 200 120
1.7982 -3.1813 -4.7142 80 200 120
1.3745 -2.6475 -4.6089 80 200 120
0.5314 -3.0366 -4.2630 80 200 120
0.3066 -1.0834 -4.7665 80 200 120
-1.9218 0.2625 -3.4178 80 200 120
2.1118 -2.2291 -4.6377 80 200 120
2.9450 -4.9419 -4.7034 80 200 120
3.3294 -3.0614 -4.7135 80 200 120
-0.8091 0.2911 -4.4984 80 200 120
0.8736 -0.1389 -3.2008 80 200 120
2.5119 -2.8193 -4.7003 80 200 120
2.7521 -2.5081 -4.6923 80 200 120
-1.3546 0.4262 -3.8084 80 200 120
4.3854 -3.3355 -4.7077 80 200 120
-1.0358 0.7383 -2.8174 80 200 120
1.7015 -1.3694 -4.7034 80 200 120
1.4916 -0.3504 -4.0127 80 200 120
3.8640 -2.4179 -4.4840 80 200 120
2.4130 -3.1947 -4.6920 80 200 120
3.4064 -1.9778 -4.0030 80 200 120
3.3716 -4.2540 -4.6893 80 200 120
5.8197 -3.2239 -4.0898 80 200 120
5.4650 -3.7290 -4.7105 80 200 120
1.8506 -3.3620 -4.0422 80 200 120
2.0868 -3.6216 -4.0664 80 200 120
5.8523 -3.1869 -4.6513 80 200 120
3.1779 4.1358 -1.3888 80 200 120
4.0280 -2.4273 -3.5573 80 200 120
1.7770 -4.8007 -4.6078 80 200 120
1.9242 2.5676 -1.5278 80 200 120
1.5150 -3.0469 -4.0458 80 200 120
1.7838 -0.5575 -1.4850 80 200 120
-0.3286 0.7600 -1.4916 80 200 120
5.0766 0.4262 -3.7418 80 200 120
3.8879 2.5390 -3.2665 80 200 120
6.3491 -2.1430 -3.7184 80 200 120
5.5308 -1.7385 -3.8152 80 200 120
6.9537 -2.4231 -3.9529 80 200 120
4.8281 0.6047 -4.5525 80 200 120
1.5220 0.4825 -3.0285 80 200 120
8.3703 -1.9672 -4.4923 80 200 120
5.7934 -2.1949 -3.5562 80 200 120
5.5922 -2.6508 -3.6916 80 200 120
1.0753 0.0887 -3.2322 80 200 120
1.6461 1.4087 -2.6517 80 200 120
2.6992 3.4041 -1.4275 80 200 120
3.0774 3.5068 -1.2217 80 200 120
-1.2419 -1.1907 -4.4639 80 200 120
0.0164 -3.0811 -3.8123 80 200 120
1.4710 -0.2448 -2.1533 80 200 120
-0.8348 0.4862 -2.9886 80 200 120
-1.3983 0.4217 -3.3581 80 200 120
7.4959 -5.6156 -2.0692 80 200 120
6.0782 -4.0636 -1.8717 80 200 120
5.5674 -7.0985 -1.5136 80 200 120
8.4648 -1.7718 -1.4530 80 200 120
4.6046 -3.4994 -4.7132 80 200 120
5.8149 -3.9772 -3.2460 80 200 120
5.9193 -3.9773 -3.1994 80 200 120
5.6181 -3.9046 -3.4020 80 200 120
5.7584 -3.9514 -3.2067 80 200 120
5.7090 -3.9455 -3.2466 80 200 120
6.0049 -4.0333 -3.2924 80 200 120
5.4907 -4.4229 -4.5642 80 200 120
5.7172 -2.8058 -3.6301 80 200 120
7.3050 -1.2538 -3.7511 80 200 120
6.0342 -3.3496 -4.3058 80 200 120
6.2949 -1.1379 -3.5465 80 200 120
7.1922 -0.7378 -3.9118 80 200 120
0.6295 -1.8524 -4.4166 80 200 120
4.4636 -6.1561 -4.1381 80 200 120
3.7773 -5.9744 -4.3213 80 200 120
2.5259 -4.8196 -4.6927 80 200 120
5.7576 -3.9875 -4.5766 80 200 120
2.1394 -3.6945 -4.6510 80 200 120
4.2286 -2.9103 -4.7158 80 200 120
2.9523 -2.3283 -4.6347 80 200 120
4.2808 -4.3561 -4.7072 80 200 120
4.6151 -3.1919 -4.7064 80 200 120
2.0927 -0.2767 -3.3777 80 200 120
1.5863 -2.5981 -4.7577 80 200 120
1.4365 -0.2793 -1.8154 80 200 120
-1.6491 -0.6918 -1.5098 80 200 120
5.4960 -3.8951 -4.7816 80 200 120
-0.3836 0.9319 -1.4857 80 200 120
5.2708 0.7325 -3.3484 80 200 120
2.0301 -0.4986 -1.8371 80 200 120
2.5597 -0.5347 -3.3182 80 200 120
7.8543 -0.9626 -1.4120 80 200 120
5.6522 -2.8142 -3.5358 80 200 120
9.2458 -2.4036 -2.5132 80 200 120
3.1675 -0.2094 -3.8302 80 200 120
4.8741 1.5672 -3.8362 80 200 120
9.1297 -2.6070 -1.4119 80 200 120
-0.9272 1.1903 -2.5588 80 200 120
2.4883 0.4131 -1.4231 80 200 120
3.5989 2.3171 -4.7283 80 200 120
6.2284 0.9518 -4.7435 80 200 120
6.3658 0.2116 -4.4215 80 200 120
0.8904 2.4248 -2.2593 80 200 120
1.1241 -2.6862 -1.3120 80 200 120
1.3920 -4.6342 -2.4335 80 200 120
-0.6615 -1.1423 -4.7050 80 200 120
-1.5899 -0.3600 -4.4995 80 200 120
1.7640 0.4772 -2.2596 80 200 120
-1.9472 0.4039 -3.9865 80 200 120
-0.5702 -1.9772 -4.0635 80 200 120
0.5296 -2.8192 -4.0624 80 200 120
-0.1062 -2.1292 -3.0305 80 200 120
1.7549 2.3413 -2.3755 80 200 120
1.8976 -0.5301 -2.4919 80 200 120
-0.2212 -2.4090 -2.6928 80 200 120
5.8937 -5.8995 -1.4211 80 200 120
3.9797 -7.0967 -1.5238 80 200 120
3.4820 -6.9911 -2.8861 80 200 120
3.3620 -6.3417 -1.5610 80 200 120
2.9162 -6.2225 -1.3884 80 200 120
5.8008 -3.9601 -3.1004 80 200 120
5.7047 -3.9331 -3.1493 80 200 120
4.6431 -3.1669 -4.7189 80 200 120
5.5153 -3.7831 -4.7567 80 200 120
4.2580 -2.9199 -4.6983 80 200 120
5.5931 -3.6446 -4.6730 80 200 120
5.7321 -3.8990 -3.8088 80 200 120
4.0112 -2.4974 -4.6192 80 200 120
3.8850 -5.6584 -4.1990 80 200 120
4.4431 -5.2339 -4.1461 80 200 120
3.8338 -5.7092 -4.8708 80 200 120
3.8103 -2.2786 -4.6741 80 200 120
4.2044 -5.4761 -4.1325 80 200 120
4.0799 -5.3770 -4.7184 80 200 120
5.0024 -1.2199 -4.6749 80 200 120
3.6541 -2.1699 -4.3873 80 200 120
5.7140 0.8879 -4.4048 80 200 120
3.6225 -2.0417 -3.7260 80 200 120
4.0285 -2.4747 -4.1067 80 200 120
3.4267 -6.8355 -4.7292 80 200 120
5.8659 -6.9865 -4.6378 80 200 120
3.6359 -7.0783 -4.0555 80 200 120
1.9904 -5.0165 -4.5819 80 200 120
1.7953 -2.6274 -4.6890 80 200 120
7.0749 -5.8742 -4.6398 80 200 120
2.9234 -6.0904 -4.6105 80 200 120
2.3887 -3.1924 -4.6496 80 200 120
4.3775 -2.1596 -4.6131 80 200 120
3.4315 2.3143 -5.0866 80 200 120
2.4487 0.4342 -3.5866 80 200 120
0.5416 -0.3378 -4.5490 80 200 120
4.9166 -3.2978 -4.7106 80 200 120
3.3237 2.4449 -4.3931 80 200 120
3.1686 0.0204 -4.2477 80 200 120
4.0661 -2.4863 -4.5422 80 200 120
2.5151 -4.5486 -4.7346 80 200 120
3.7328 -2.1767 -4.3252 80 200 120
4.2585 -2.0970 -3.7798 80 200 120
1.7241 -0.5289 -1.4383 80 200 120
1.8099 -0.0401 -1.7281 80 200 120
1.2199 -2.1667 -4.7061 80 200 120
0.3525 -1.7997 -4.6658 80 200 120
6.2292 -0.4996 -4.6190 80 200 120
3.8568 -5.5724 -4.7122 80 200 120
5.3046 -1.8375 -4.1086 80 200 120
2.3838 3.0142 -1.4846 80 200 120
5.5540 -1.9390 -3.6068 80 200 120
1.4970 2.0554 -3.4256 80 200 120
5.2800 -1.9441 -4.2866 80 200 120
-1.4854 -1.2659 -4.1900 80 200 120
1.2352 2.3854 -1.6665 80 200 120
1.1723 2.1363 -2.8929 80 200 120
1.8558 2.7157 -1.4928 80 200 120
2.2957 3.2163 -2.4077 80 200 120
5.6061 1.1846 -1.5192 80 200 120
6.8311 -0.9149 -3.7082 80 200 120
5.4540 -2.1087 -3.5079 80 200 120
5.7559 -3.5655 -2.0240 80 200 120
3.0373 2.3953 -4.3344 80 200 120
5.5860 -3.9701 -1.9956 80 200 120
1.3579 2.5477 -3.4631 80 200 120
7.2393 0.0130 -2.4893 80 200 120
7.0680 -0.0064 -1.8370 80 200 120
2.4655 -5.8555 -3.1056 80 200 120
1.8145 0.0399 -2.7564 80 200 120
3.6175 -7.0774 -1.3929 80 200 120
3.4757 -6.7477 -2.0813 80 200 120
3.3580 -6.3965 -1.8872 80 200 120
0.8828 -2.6551 -4.0399 80 200 120
-1.1224 -0.0974 -4.6067 80 200 120
3.1728 -5.9067 -2.2009 80 200 120
-0.9683 0.6694 -4.0447 80 200 120
-0.4207 0.8035 -4.4189 80 200 120
8.4223 -4.2609 -1.3570 80 200 120
4.3269 -8.2201 -3.3638 80 200 120
3.2198 -6.5895 -2.4174 80 200 120
5.1383 -7.3387 -1.7955 80 200 120
3.2063 -6.5219 -2.1002 80 200 120
4.6732 -5.8400 -1.3158 80 200 120
8.7770 -2.3312 -1.4742 80 200 120
3.8974 -7.0748 -2.5992 80 200 120
6.5478 -4.4000 -3.6400 80 200 120
6.4597 -4.2731 -3.7003 80 200 120
4.9110 -3.7437 -4.6649 80 200 120
4.3382 -2.3435 -4.4728 80 200 120
4.9493 -3.3116 -4.7034 80 200 120
4.5132 -4.0227 -4.7360 80 200 120
4.4684 -3.6553 -4.6734 80 200 120
5.7378 -5.4941 -4.5060 80 200 120
4.5960 -4.4703 -4.7190 80 200 120
4.8972 -5.6408 -4.4367 80 200 120
5.3285 -7.0534 -4.4857 80 200 120
4.4945 -5.3334 -4.0409 80 200 120
4.6558 -5.4345 -4.6128 80 200 120
6.1165 -1.7646 -3.7894 80 200 120
3.7955 3.3247 -5.0829 80 200 120
4.5433 -6.7044 -4.2190 80 200 120
3.0512 -5.7989 -4.7386 80 200 120
-1.4322 -0.7888 -4.7141 80 200 120
4.7270 -4.0894 -4.6522 80 200 120
6.0283 -5.2861 -4.6689 80 200 120
6.4852 -4.3053 -4.6082 80 200 120
0.8354 -3.1618 -4.0570 80 200 120
1.9262 -3.2236 -4.6128 80 200 120
0.4277 -2.4272 -4.1937 80 200 120
0.9024 -2.3854 -4.5753 80 200 120
2.6600 3.1905 -4.4390 80 200 120
4.2140 -1.8219 -3.5980 80 200 120
4.5916 -2.2646 -4.7269 80 200 120
5.8240 -3.1825 -4.6153 80 200 120
5.3041 0.9018 -3.3952 80 200 120
6.7644 0.3398 -4.0110 80 200 120
5.8697 -2.0227 -3.6653 80 200 120
4.7808 2.3060 -3.3615 80 200 120
5.4766 -3.9465 -4.6319 80 200 120
6.0834 1.0310 -4.6760 80 200 120
5.4320 -3.7349 -4.6684 80 200 120
6.4923 -0.8321 -3.6756 80 200 120
5.4059 -2.6913 -4.6548 80 200 120
6.2345 -0.0596 -4.4017 80 200 120
1.4880 3.0131 -2.4221 80 200 120
2.4033 3.1880 -1.4549 80 200 120
3.2182 3.8222 -1.5980 80 200 120
2.8519 4.2736 -2.2503 80 200 120
5.7443 -1.3429 -4.0306 80 200 120
4.6392 0.6318 -4.3903 80 200 120
3.2619 0.7468 -4.5301 80 200 120
4.2656 1.0486 -4.4972 80 200 120
4.1321 2.4312 -2.5114 80 200 120
4.7074 0.8274 -2.8019 80 200 120
-0.5245 0.9841 -1.4955 80 200 120
1.4250 -0.2621 -1.7589 80 200 120
-1.5122 0.9198 -1.8598 80 200 120
5.0518 0.6935 -4.6299 80 200 120
7.5987 -2.0954 -4.3104 80 200 120
8.8075 -2.1963 -4.6485 80 200 120
1.8739 -0.1727 -2.0829 80 200 120
2.5327 -4.2514 -1.3310 80 200 120
3.0504 4.9374 -1.6909 80 200 120
0.7211 -3.0820 -4.0939 80 200 120
-0.6017 -1.8771 -3.0703 80 200 120
2.8723 -6.7400 -2.4021 80 200 120
-0.1427 -2.4826 -3.9951 80 200 120
1.2346 -3.5187 -3.9335 80 200 120
1.7515 -0.6620 -3.0115 80 200 120
2.3650 2.8588 -1.5165 80 200 120
1.4050 0.5922 -2.0532 80 200 120
2.2055 3.3567 -2.3490 80 200 120
2.5673 -5.9827 -2.5187 80 200 120
7.8250 -4.7691 -1.3767 80 200 120
7.8889 -5.0902 -1.4392 80 200 120
2.9927 -6.2070 -2.1258 80 200 120
6.0356 -6.8433 -2.3509 80 200 120
3.5517 -6.7293 -2.8363 80 200 120
3.0579 -5.9235 -1.5137 80 200 120
3.9093 -7.0286 -3.2903 80 200 120
5.8582 -4.0433 -4.0912 80 200 120
5.6489 -2.9670 -4.6045 80 200 120
5.9827 -3.1440 -3.7754 80 200 120
3.6451 -2.1778 -4.3501 80 200 120
6.1777 -4.0787 -3.6937 80 200 120
8.8834 -1.8309 -3.1586 80 200 120
4.0250 -5.7186 -4.0173 80 200 120
6.3305 -2.9846 -4.4936 80 200 120
5.7406 1.0304 -4.4522 80 200 120
6.4912 -0.1936 -3.7879 80 200 120
6.0869 -1.3926 -3.4339 80 200 120
6.3460 -3.4223 -3.5431 80 200 120
4.2356 -6.0592 -4.0428 80 200 120
5.2786 1.4055 -4.0247 80 200 120
3.8597 -6.0442 -4.0020 80 200 120
4.5481 -5.6344 -4.0716 80 200 120
5.4374 -4.9626 -4.6814 80 200 120
4.4626 -5.8328 -4.0674 80 200 120
2.5402 -5.2047 -4.6873 80 200 120
6.1639 -5.8302 -4.6406 80 200 120
4.4179 -5.0923 -4.8386 80 200 120
5.4548 -3.8847 -4.7117 80 200 120
0.7610 -3.4842 -4.1866 80 200 120
0.3392 -1.7847 -4.6745 80 200 120
4.5030 -5.3511 -4.0475 80 200 120
4.3803 -1.7396 -4.2163 80 200 120
4.3448 -1.7440 -3.9223 80 200 120
3.3001 -3.9825 -4.6815 80 200 120
2.3633 3.7695 -2.9285 80 200 120
1.4666 0.4732 -3.5429 80 200 120
3.2110 3.7357 -1.5221 80 200 120
2.0156 -3.3595 -4.5819 80 200 120
4.3515 -5.1944 -4.7165 80 200 120
7.1710 -1.0408 -3.7591 80 200 120
6.2031 0.1716 -3.6883 80 200 120
2.5418 0.2640 -3.4485 80 200 120
5.6796 -3.6018 -1.9367 80 200 120
2.4250 -0.3980 -3.3102 80 200 120
-0.5215 0.3604 -1.2660 80 200 120
4.6256 0.5578 -3.1109 80 200 120
6.3934 -3.4931 -2.0538 80 200 120
2.9695 3.3236 -2.2523 80 200 120
0.4760 -1.6768 -4.6103 80 200 120
-0.9905 0.3002 -4.4151 80 200 120
1.0235 2.1340 -1.4767 80 200 120
-0.9395 0.7883 -4.8304 80 200 120
1.0894 2.3300 -2.8870 80 200 120
1.0064 2.3422 -2.2668 80 200 120
-1.0514 -1.6253 -2.2937 80 200 120
0.7430 1.8056 -2.5591 80 200 120
3.0159 -6.4659 -1.8204 80 200 120
1.5078 2.9188 -2.3469 80 200 120
3.1663 -6.3970 -1.4258 80 200 120
2.7977 3.1575 -1.4904 80 200 120
-0.5514 0.9748 -4.4968 80 200 120
2.8089 -6.1926 -2.7480 80 200 120
3.3011 -6.5087 -1.8420 80 200 120
3.5461 -6.2054 -1.6176 80 200 120
5.7172 -4.0318 -1.8839 80 200 120
8.7106 -2.7427 -1.4992 80 200 120
5.7539 -7.4352 -2.7484 80 200 120
4.1712 -7.2350 -2.9768 80 200 120
5.8511 -3.5583 -1.8957 80 200 120
5.5529 -3.9050 -3.0164 80 200 120
6.2099 -4.3130 -3.7091 80 200 120
5.5729 -3.8985 -3.1323 80 200 120
5.2490 -1.7635 -4.3760 80 200 120
6.0332 -4.0089 -3.9799 80 200 120
6.3529 -3.2651 -4.1676 80 200 120
8.3979 -1.8011 -4.5781 80 200 120
3.7716 -5.8076 -4.7078 80 200 120
5.7935 -3.1192 -4.6585 80 200 120
4.3182 -6.8781 -4.2186 80 200 120
6.2047 -5.5141 -4.6364 80 200 120
3.5364 -2.0022 -4.5697 80 200 120
7.2947 -5.9922 -4.7826 80 200 120
7.4837 -5.0546 -4.3952 80 200 120
6.0517 -5.2829 -4.6759 80 200 120
5.6195 -3.9918 -4.6012 80 200 120
7.1907 -5.4578 -4.4903 80 200 120
6.9019 -6.1303 -4.6909 80 200 120
4.0002 -2.4571 -4.6570 80 200 120
5.5040 -3.6840 -4.6662 80 200 120
2.7268 -2.5251 -4.5986 80 200 120
-1.8844 -0.4901 -3.4651 80 200 120
3.0073 3.5251 -3.1676 80 200 120
3.8438 -5.5743 -4.6421 80 200 120
4.2336 2.6342 -1.4713 80 200 120
8.4680 -2.2797 -1.2542 80 200 120
9.5805 -2.8258 -1.8608 80 200 120
9.4243 -3.0315 -3.8041 80 200 120
7.8993 -1.1943 -3.7453 80 200 120
8.5235 -2.6074 -3.4912 80 200 120
4.0403 1.9836 -3.8962 80 200 120
5.0343 0.0629 -4.8351 80 200 120
2.6814 2.0595 -4.2340 80 200 120
6.7413 -1.7911 -4.0210 80 200 120
5.6910 -1.7064 -3.6850 80 200 120
0.9553 2.5411 -2.8732 80 200 120
5.1420 0.6384 -4.1718 80 200 120
3.2700 1.7854 -2.8329 80 200 120
0.8224 -1.4058 -4.5001 80 200 120
3.6202 -6.9999 -1.4094 80 200 120
-0.1002 -0.5359 -4.7048 80 200 120
1.4673 2.2102 -3.4238 80 200 120
1.6427 -3.1007 -3.8300 80 200 120
0.6294 -3.5488 -3.6744 80 200 120
4.5903 -7.6025 -1.3005 80 200 120
6.4683 -4.8584 -1.6363 80 200 120
2.6867 -5.7777 -2.4717 80 200 120
4.2861 -7.9409 -3.7658 80 200 120
8.2093 -4.9679 -2.4751 80 200 120
7.8420 -5.3526 -3.5399 80 200 120
5.6076 -3.9043 -3.0737 80 200 120
4.6126 -2.2834 -4.7045 80 200 120
5.4939 -2.6691 -3.6097 80 200 120
6.6600 0.1032 -3.8854 80 200 120
6.6762 -0.5108 -3.7473 80 200 120
8.6945 -2.0773 -4.5955 80 200 120
5.3331 -2.5550 -3.8662 80 200 120
6.9906 -0.9777 -3.8299 80 200 120
3.8406 -5.7459 -4.2472 80 200 120
6.3968 -3.2852 -3.7707 80 200 120
3.9337 -6.0998 -4.3177 80 200 120
5.7648 -1.6087 -3.7944 80 200 120
4.2165 -6.1809 -4.1726 80 200 120
7.3384 -1.2173 -3.7677 80 200 120
9.2530 -2.8185 -4.4959 80 200 120
4.9816 -1.2627 -4.6703 80 200 120
2.9558 -5.8780 -4.4685 80 200 120
4.6941 -4.0697 -4.6507 80 200 120
4.3400 -5.5541 -4.0212 80 200 120
2.1137 -4.4706 -4.6414 80 200 120
2.4998 -5.9851 -4.2109 80 200 120
3.7732 -2.2655 -4.6836 80 200 120
1.8491 -1.8671 -4.6661 80 200 120
1.1839 -2.1568 -4.7199 80 200 120
3.0172 -1.9416 -4.3668 80 200 120
2.6200 -3.8590 -4.6837 80 200 120
4.5038 1.2476 -4.7122 80 200 120
3.5833 -1.7600 -3.7321 80 200 120
4.5762 -5.4739 -4.8006 80 200 120
1.8285 -0.6119 -1.4467 80 200 120
4.1712 -5.3657 -4.7674 80 200 120
4.9194 1.2069 -1.4097 80 200 120
2.6775 0.1186 -3.4074 80 200 120
1.5362 1.0147 -1.3940 80 200 120
5.3529 0.6236 -4.6341 80 200 120
3.8064 1.9723 -5.0714 80 200 120
5.3810 1.6702 -2.8192 80 200 120
9.0408 -2.1306 -1.6369 80 200 120
6.5108 0.2956 -4.5040 80 200 120
9.6845 -3.0201 -1.3622 80 200 120
5.8667 -0.3516 -1.2836 80 200 120
1.9851 -5.0126 -1.6715 80 200 120
-1.6655 -0.1441 -1.3856 80 200 120
-1.4435 -1.1348 -1.6094 80 200 120
0.2007 -2.6628 -1.4156 80 200 120
0.8964 -2.6770 -4.0199 80 200 120
0.9339 -3.4137 -4.0832 80 200 120
-1.8167 -0.5552 -3.5509 80 200 120
2.3937 2.9067 -1.5040 80 200 120
1.8065 -0.6749 -3.3018 80 200 120
5.7979 -4.0308 -2.0857 80 200 120
5.7657 -4.1773 -1.8630 80 200 120
3.4619 -7.1163 -2.8958 80 200 120
5.9084 -6.0218 -2.6210 80 200 120
2.8108 -6.1680 -2.7387 80 200 120
6.8981 -4.4615 -2.7832 80 200 120
2.5880 -6.0513 -1.9027 80 200 120
4.7216 -5.4719 -4.4448 80 200 120
6.4106 -4.2846 -4.2561 80 200 120
4.2993 -2.3527 -4.4897 80 200 120
5.5792 -2.3706 -3.6457 80 200 120
4.7369 -1.2396 -4.7551 80 200 120
4.9614 0.1060 -4.3784 80 200 120
5.6894 0.7983 -4.4189 80 200 120
5.8122 -3.6452 -4.6048 80 200 120
5.3919 -2.5858 -3.6511 80 200 120
6.4325 -4.1903 -3.9930 80 200 120
5.4666 -5.7152 -4.5988 80 200 120
6.1016 0.8643 -4.5843 80 200 120
4.5568 -5.9716 -4.0967 80 200 120
3.6033 -6.1430 -4.2274 80 200 120
6.0032 -6.3945 -4.7127 80 200 120
4.1692 -5.6357 -3.8733 80 200 120
-0.9050 0.0101 -4.7975 80 200 120
4.6051 -3.1668 -4.6951 80 200 120
2.8145 -1.8093 -4.6415 80 200 120
7.0656 -5.8559 -4.6301 80 200 120
6.7831 -6.0205 -4.5890 80 200 120
2.6250 1.0234 -3.9963 80 200 120
5.7544 -3.1910 -4.4993 80 200 120
6.9153 -1.6302 -4.1374 80 200 120
6.7999 -0.8130 -3.7665 80 200 120
1.5583 -0.4050 -3.4490 80 200 120
5.4543 -3.9293 -4.5703 80 200 120
5.5319 -3.6293 -4.6662 80 200 120
1.8294 2.6964 -4.0964 80 200 120
7.7772 -2.0447 -4.2861 80 200 120
8.4985 -1.7357 -1.3593 80 200 120
9.7547 -3.2825 -2.7000 80 200 120
5.5155 -1.9135 -1.3472 80 200 120
8.1665 -2.8452 -1.3246 80 200 120
8.1347 -1.1238 -1.8297 80 200 120
7.5184 -0.0625 -4.0395 80 200 120
9.5495 -3.4657 -3.2560 80 200 120
7.1182 -0.2207 -1.3771 80 200 120
5.9936 0.0377 -4.6800 80 200 120
6.6900 -1.8149 -3.9699 80 200 120
4.3104 1.1576 -3.2569 80 200 120
6.5159 0.2002 -1.3330 80 200 120
6.7090 -1.0805 -4.0254 80 200 120
2.8826 0.6932 -1.3135 80 200 120
1.7434 -4.8765 -2.1225 80 200 120
2.9756 3.8253 -2.0590 80 200 120
-0.7469 -1.8591 -3.0803 80 200 120
3.6876 -5.8972 -2.0916 80 200 120
1.4092 -4.5156 -2.7343 80 200 120
0.6474 2.2757 -3.1680 80 200 120
-0.9554 -1.6992 -3.6340 80 200 120
1.5120 1.6604 -3.6365 80 200 120
2.8153 -6.3679 -2.9425 80 200 120
2.9221 -6.5540 -3.0669 80 200 120
4.0190 -7.2270 -3.8753 80 200 120
5.2471 -7.5294 -3.9985 80 200 120
3.7412 -7.3629 -3.4467 80 200 120
3.1174 -6.5387 -3.1323 80 200 120
9.7634 -3.0816 -1.3939 80 200 120
2.0527 -5.1846 -1.3841 80 200 120
5.1169 -2.2465 -4.6618 80 200 120
6.0160 -0.8715 -4.3298 80 200 120
5.9046 -3.1683 -4.1349 80 200 120
5.1615 -2.1566 -3.7372 80 200 120
5.9985 -3.4563 -4.5206 80 200 120
5.8072 -2.5636 -3.6329 80 200 120
5.3489 -6.2112 -4.7257 80 200 120
6.7368 -3.6408 -3.5412 80 200 120
5.6922 -3.6243 -3.3511 80 200 120
9.4857 -2.8225 -1.8492 80 200 120
9.1390 -3.2650 -4.4576 80 200 120
5.2904 -2.5702 -4.5601 80 200 120
8.7492 -1.9095 -3.1465 80 200 120
5.0657 -0.9347 -4.6106 80 200 120
4.9899 -5.6328 -4.8153 80 200 120
5.3674 -5.4449 -4.6770 80 200 120
9.5396 -3.5711 -2.8193 80 200 120
1.6614 -0.7912 -4.6950 80 200 120
5.8731 -5.4315 -4.6536 80 200 120
3.6761 -6.0206 -4.5739 80 200 120
2.7293 -4.4873 -4.5975 80 200 120
2.3626 -5.3227 -4.4988 80 200 120
2.2865 -4.6995 -4.6813 80 200 120
0.0508 -0.1737 -4.8679 80 200 120
0.0561 -1.2415 -4.6725 80 200 120
1.8437 -2.9817 -4.5217 80 200 120
1.6552 -3.0877 -4.0873 80 200 120
3.6746 -6.7570 -1.4936 80 200 120
3.2111 -3.3204 -4.5032 80 200 120
7.1963 -5.5724 -4.5797 80 200 120
5.4628 -3.9148 -4.6387 80 200 120
3.3471 -7.3518 -1.7772 80 200 120
1.0374 -3.4659 -3.9834 80 200 120
1.4421 -4.2425 -4.5234 80 200 120
2.0307 -0.3322 -3.8636 80 200 120
6.3795 -2.8449 -3.7740 80 200 120
5.5000 -2.7026 -3.6254 80 200 120
5.7006 -3.6356 -4.4087 80 200 120
3.2965 3.2929 -1.5996 80 200 120
6.1929 -3.3584 -4.6144 80 200 120
1.8769 2.7738 -1.5682 80 200 120
4.7954 0.4092 -3.1890 80 200 120
6.0292 -3.5057 -4.6231 80 200 120
3.0060 3.0975 -3.2302 80 200 120
5.8840 -3.1649 -3.6388 80 200 120
7.2363 -1.2834 -3.7532 80 200 120
-0.4112 -1.8541 -4.3730 80 200 120
3.8327 2.2276 -3.2646 80 200 120
4.8373 1.2965 -3.7141 80 200 120
6.5803 -0.5301 -3.7300 80 200 120
5.9140 2.1926 -2.5515 80 200 120
3.1181 2.2819 -4.4556 80 200 120
3.6605 1.9177 -4.5864 80 200 120
5.0547 0.3647 -4.0845 80 200 120
5.8722 1.1785 -3.3148 80 200 120
9.6439 -2.9394 -3.8694 80 200 120
4.5549 0.9203 -4.5556 80 200 120
7.7226 -1.7494 -4.2880 80 200 120
6.9033 0.0887 -3.9636 80 200 120
0.9660 2.4712 -2.9001 80 200 120
4.6921 2.2210 -1.6154 80 200 120
2.5290 -0.2652 -1.3404 80 200 120
2.2055 -0.5892 -1.9887 80 200 120
1.7743 0.2830 -2.0858 80 200 120
6.3243 -1.2251 -1.3543 80 200 120
2.2934 2.8823 -3.7947 80 200 120
0.5425 -1.4815 -1.3243 80 200 120
2.7977 -0.4316 -3.5974 80 200 120
3.3580 3.5601 -1.4895 80 200 120
0.8480 -2.4105 -4.4939 80 200 120
2.6307 3.7640 -2.3022 80 200 120
2.0945 -0.1534 -3.5320 80 200 120
-0.1712 -1.9267 -4.4833 80 200 120
1.7430 -3.1087 -3.9513 80 200 120
2.6238 2.6191 -2.9842 80 200 120
-0.0566 -2.4930 -3.9512 80 200 120
5.5561 -3.9596 -2.0802 80 200 120
6.1149 -5.2370 -1.9134 80 200 120
6.2923 -4.6297 -1.9124 80 200 120
9.4908 -2.8404 -1.9046 80 200 120
7.8140 -5.3605 -3.5393 80 200 120
4.9099 -7.7247 -3.5893 80 200 120
2.9605 -5.8675 -2.4735 80 200 120
5.5019 -7.2504 -3.7383 80 200 120
5.5626 -3.9644 -1.7504 80 200 120
5.4507 -2.6664 -3.9191 80 200 120
4.8974 -5.8787 -4.4025 80 200 120
5.1098 -2.9415 -4.6236 80 200 120
4.2087 -3.0496 -4.7392 80 200 120
5.5071 -2.7289 -4.0738 80 200 120
9.3779 -3.0880 -1.4585 80 200 120
6.2844 -3.3115 -4.0198 80 200 120
9.8272 -3.4944 -3.5340 80 200 120
6.1642 2.6256 -5.1819 80 200 120
8.9261 -4.1006 -3.9396 80 200 120
9.0309 -2.3571 -4.6772 80 200 120
2.9369 -6.3507 -4.9682 80 200 120
4.3641 -5.5392 -3.9210 80 200 120
6.5732 -6.4046 -4.6309 80 200 120
4.1529 -5.7790 -3.8513 80 200 120
5.1943 -4.7047 -4.6877 80 200 120
-0.0065 -1.9591 -4.4319 80 200 120
5.5230 -3.9864 -4.1505 80 200 120
5.5515 -3.6591 -4.6794 80 200 120
-1.7058 0.3441 -4.8684 80 200 120
-1.9390 -0.5219 -4.3174 80 200 120
1.5342 -1.2156 -4.6960 80 200 120
1.1683 -1.8241 -4.7271 80 200 120
4.6020 -3.1793 -4.6942 80 200 120
6.0597 -3.0520 -3.6560 80 200 120
1.6359 0.1007 -1.8122 80 200 120
8.0816 -1.9314 -4.4533 80 200 120
4.0170 -1.8898 -3.5463 80 200 120
1.5553 -0.4155 -1.5319 80 200 120
-1.4056 -1.3112 -4.1134 80 200 120
7.6024 -2.4963 -4.1168 80 200 120
7.0829 -1.0397 -3.7997 80 200 120
5.6407 -2.9882 -4.5619 80 200 120
5.4004 -2.5849 -3.6602 80 200 120
8.7294 -2.5540 -4.4284 80 200 120
1.4025 -0.7309 -4.6421 80 200 120
-1.4382 0.5109 -1.4072 80 200 120
5.7207 -2.9935 -3.6440 80 200 120
5.4976 1.2161 -3.3245 80 200 120
6.8723 -0.0020 -1.3694 80 200 120
6.2258 -0.4851 -4.5530 80 200 120
6.8982 -0.6857 -3.7865 80 200 120
1.7774 2.9148 -1.5790 80 200 120
1.2293 2.3905 -1.7570 80 200 120
10.0600 -3.4729 -3.3455 80 200 120
6.5865 0.8910 -5.1721 80 200 120
0.9329 2.2083 -1.4860 80 200 120
0.5544 -2.3085 -1.3197 80 200 120
2.1074 -5.0815 -2.1696 80 200 120
1.3948 -4.7440 -1.9623 80 200 120
2.1379 -5.1711 -2.0024 80 200 120
0.0230 -1.2245 -4.5902 80 200 120
4.0333 2.8152 -1.4488 80 200 120
2.7209 3.7876 -1.4241 80 200 120
4.6183 2.5514 -1.9172 80 200 120
3.1575 3.9204 -1.9131 80 200 120
-1.2955 -1.2627 -3.4727 80 200 120
1.6514 0.7431 -1.3471 80 200 120
5.5658 -3.9723 -2.0558 80 200 120
4.7522 -7.0962 -1.2864 80 200 120
9.6736 -3.2859 -2.7197 80 200 120
4.5779 -7.6991 -3.4451 80 200 120
9.4411 -3.5794 -2.7266 80 200 120
4.4434 -6.4450 -1.2516 80 200 120
9.2320 -3.9017 -1.9363 80 200 120
6.3238 -0.2128 -4.3643 80 200 120
4.6501 -5.5638 -4.0968 80 200 120
4.3641 -7.4979 -3.2569 80 200 120
6.1800 -3.8113 -3.6200 80 200 120
4.3318 -2.3416 -4.4378 80 200 120
4.1732 -2.3570 -4.6131 80 200 120
6.2135 -3.5655 -3.5419 80 200 120
8.3845 -1.6150 -2.4365 80 200 120
6.0956 -3.4825 -4.3321 80 200 120
4.2641 -1.9408 -4.6684 80 200 120
3.9913 -2.4390 -4.6825 80 200 120
6.2953 -3.8457 -3.4927 80 200 120
7.4894 -1.4486 -4.3033 80 200 120
6.6062 -3.9431 -3.4199 80 200 120
3.9071 -4.2877 -4.5848 80 200 120
3.8413 -4.3457 -4.6751 80 200 120
2.4322 -4.9570 -4.6490 80 200 120
3.9319 -2.2740 -4.4218 80 200 120
3.6648 -6.8096 -1.4544 80 200 120
5.7090 -3.6277 -4.3863 80 200 120
1.5240 -4.0144 -4.5079 80 200 120
7.4581 -1.1391 -3.8834 80 200 120
1.8016 -4.7674 -4.5734 80 200 120
2.2560 -0.5585 -4.0855 80 200 120
3.0914 4.6235 -1.4314 80 200 120
5.3867 0.3949 -3.6335 80 200 120
4.2320 1.4862 -2.4921 80 200 120
3.9117 3.6148 -1.8716 80 200 120
6.3775 1.0759 -4.8162 80 200 120
7.0110 -4.1988 -1.4428 80 200 120
5.9215 0.6842 -4.0762 80 200 120
1.7975 2.1096 -1.3468 80 200 120
0.0588 -3.1132 -2.0064 80 200 120
0.9511 -3.4128 -4.0269 80 200 120
1.0836 -3.1639 -3.9542 80 200 120
1.8128 -0.4332 -2.5056 80 200 120
0.3353 -3.1152 -3.6965 80 200 120
1.8878 5.0288 -3.1648 80 200 120
0.5910 -1.8123 -4.5685 80 200 120
1.2217 -1.9345 -4.6668 80 200 120
5.6792 -6.4607 -1.8117 80 200 120
5.9006 -4.9282 -1.8390 80 200 120
4.4542 -7.0315 -1.6413 80 200 120
7.2564 -4.0942 -1.3689 80 200 120
9.4574 -4.0421 -1.4637 80 200 120
5.4633 -2.7611 -4.5948 80 200 120
5.5494 -2.1047 -3.6525 80 200 120
5.5656 -4.0465 -3.8241 80 200 120
6.9150 -0.6745 -3.7647 80 200 120
6.1391 2.4565 -5.1474 80 200 120
4.2483 -5.4566 -4.0973 80 200 120
6.4676 -3.1495 -3.9126 80 200 120
9.7689 -3.0822 -1.3707 80 200 120
3.1954 -3.8475 -4.7257 80 200 120
4.1113 -6.4083 -4.1873 80 200 120
5.0787 -6.3894 -4.1870 80 200 120
1.7697 -4.4086 -4.5848 80 200 120
-1.5456 -1.2375 -4.2374 80 200 120
1.5641 -0.8172 -4.5979 80 200 120
2.8002 -5.7791 -4.4569 80 200 120
4.3143 -2.3053 -4.5513 80 200 120
1.6679 -4.1262 -4.7118 80 200 120
6.5605 -0.0388 -3.8541 80 200 120
5.4482 -3.7995 -4.7379 80 200 120
4.0066 1.8097 -4.3037 80 200 120
1.8551 2.9097 -1.5476 80 200 120
5.5858 -2.8387 -4.3476 80 200 120
2.6830 1.9142 -4.6761 80 200 120
3.0500 -0.2261 -4.6033 80 200 120
7.0312 0.2083 -2.2134 80 200 120
9.7192 -3.8431 -1.8689 80 200 120
3.7624 1.5203 -4.0452 80 200 120
9.8557 -3.2059 -1.7328 80 200 120
6.4611 -0.8641 -3.6123 80 200 120
7.1818 -4.3481 -1.6100 80 200 120
8.8430 -2.0305 -4.4768 80 200 120
9.9106 -3.2604 -2.6992 80 200 120
3.6322 2.1039 -3.7626 80 200 120
9.9312 -3.4813 -3.4403 80 200 120
4.4294 0.2183 -1.3517 80 200 120
3.0736 2.6617 -3.9678 80 200 120
7.1508 -0.8417 -3.9626 80 200 120
9.5211 -3.9772 -1.5758 80 200 120
0.5036 -0.3202 -1.7233 80 200 120
-1.8510 -0.6621 -2.2656 80 200 120
2.3207 -5.4326 -1.6576 80 200 120
-0.6207 -1.9216 -4.0381 80 200 120
0.6788 -2.9042 -4.0350 80 200 120
1.3693 -4.5400 -2.7489 80 200 120
1.7834 -0.6370 -3.8388 80 200 120
2.0249 -0.2550 -3.8084 80 200 120
0.8925 -2.6234 -4.1888 80 200 120
0.2804 -2.4420 -4.0368 80 200 120
-0.8033 -1.7286 -1.4674 80 200 120
4.0411 3.2872 -1.8730 80 200 120
5.5806 -3.9935 -2.0014 80 200 120
5.4545 -6.8163 -1.4759 80 200 120
5.5737 -3.9874 -2.0875 80 200 120
5.5835 -5.5632 -1.4536 80 200 120
4.9640 -6.9587 -1.5002 80 200 120
3.9812 -6.6674 -1.5695 80 200 120
1.8080 -4.9288 -1.4079 80 200 120
8.4308 -4.6406 -1.3316 80 200 120
2.7339 -5.3474 -1.5711 80 200 120
1.9690 -5.0202 -1.6974 80 200 120
9.5141 -3.2519 -2.7101 80 200 120
7.9494 -1.5735 -4.4754 80 200 120
6.8698 -3.4080 -3.6328 80 200 120
5.5359 0.7412 -4.6971 80 200 120
7.1184 -2.9725 -4.0639 80 200 120
4.3626 -1.1941 -4.7969 80 200 120
5.0170 0.2236 -4.4503 80 200 120
5.8809 -3.1667 -3.8967 80 200 120
5.9575 -1.0863 -4.6638 80 200 120
4.2944 -5.3411 -3.9181 80 200 120
-0.1519 0.5563 -4.4595 80 200 120
-1.2620 0.5079 -3.8247 80 200 120
-1.9834 -0.4503 -3.6607 80 200 120
-1.4006 -1.6349 -3.2413 80 200 120
-0.4422 -0.3441 -4.5419 80 200 120
6.1775 -1.3026 -4.0854 80 200 120
4.9375 1.2544 -3.3530 80 200 120
5.9898 -1.2213 -4.7207 80 200 120
6.0603 -3.5864 -4.7298 80 200 120
1.4952 -2.9051 -4.6519 80 200 120
6.1454 -3.4607 -4.6816 80 200 120
5.8328 -2.6205 -3.6674 80 200 120
2.4056 3.7217 -2.8571 80 200 120
3.2333 0.3718 -4.7478 80 200 120
1.0289 0.0365 -2.2421 80 200 120
8.0270 -0.9026 -3.4241 80 200 120
8.0002 -1.6009 -4.4063 80 200 120
8.1982 -1.8465 -4.4840 80 200 120
6.2378 -1.6644 -1.3651 80 200 120
5.2022 -1.7861 -1.3316 80 200 120
1.8811 0.3371 -1.5460 80 200 120
6.4341 0.3848 -4.9719 80 200 120
5.7632 1.0481 -4.5750 80 200 120
6.0797 0.9852 -4.5864 80 200 120
9.5639 -2.9914 -3.8594 80 200 120
7.3414 -2.3896 -1.2998 80 200 120
0.9577 -0.1697 -2.1400 80 200 120
-1.6144 -0.9171 -4.5968 80 200 120
-0.1457 -1.7884 -4.2643 80 200 120
1.5017 -0.3278 -3.0794 80 200 120
1.3141 2.5452 -3.4809 80 200 120
-1.1599 -0.3347 -2.2299 80 200 120
1.7745 2.4300 -2.4580 80 200 120
1.9473 -0.4686 -1.4476 80 200 120
2.0735 0.5754 -3.6071 80 200 120
2.3896 0.7301 -3.5857 80 200 120
0.5760 -1.8589 -4.5411 80 200 120
9.6305 -2.8290 -2.1800 80 200 120
2.4804 -5.0627 -1.5642 80 200 120
5.2441 -7.4402 -3.9556 80 200 120
4.7424 -4.6243 -1.3642 80 200 120
2.7401 -5.7176 -2.3534 80 200 120
9.7686 -2.8226 -1.7977 80 200 120
4.3109 -8.1857 -3.3399 80 200 120
9.1162 -2.3492 -1.4444 80 200 120
9.8047 -3.5925 -2.8505 80 200 120
8.3560 -2.8487 -1.3188 80 200 120
8.5393 -4.7234 -2.2680 80 200 120
6.3068 -5.2345 -2.5802 80 200 120
3.8509 -7.8255 -3.4519 80 200 120
4.7681 -6.0275 -4.2622 80 200 120
5.6884 -2.8878 -4.3232 80 200 120
5.4452 -7.0393 -4.5510 80 200 120
9.1327 -3.3743 -4.6106 80 200 120
5.3734 -1.9163 -4.6623 80 200 120
6.0499 -3.2637 -3.7577 80 200 120
6.0249 -2.3562 -3.7063 80 200 120
5.8871 1.3781 -4.7069 80 200 120
4.3407 -2.3201 -4.4782 80 200 120
4.4469 -3.1307 -4.7355 80 200 120
5.1389 -2.2460 -3.7213 80 200 120
8.8518 -1.8781 -3.1613 80 200 120
5.9110 -1.4161 -4.1620 80 200 120
3.8506 -5.6197 -4.7710 80 200 120
4.4646 -6.0917 -4.0305 80 200 120
3.9778 -5.7069 -4.0152 80 200 120
3.2261 -4.6618 -4.5802 80 200 120
4.7894 -5.5505 -4.4415 80 200 120
2.0337 -0.4628 -4.5780 80 200 120
4.0549 -2.5346 -4.4725 80 200 120
1.5465 -0.3905 -4.2367 80 200 120
3.9167 -2.4343 -4.3138 80 200 120
0.7595 -2.8150 -4.0271 80 200 120
3.9310 -2.3604 -3.7086 80 200 120
1.6828 -0.5221 -4.5823 80 200 120
4.7597 -1.2515 -4.7549 80 200 120
2.2894 -0.4942 -3.7016 80 200 120
5.8276 -3.1731 -4.6346 80 200 120
7.2394 -1.4198 -4.2906 80 200 120
6.5187 -0.1009 -3.8672 80 200 120
4.2909 -2.2505 -4.6302 80 200 120
3.2793 -0.3915 -4.7147 80 200 120
6.7267 -0.5724 -3.7761 80 200 120
-2.0917 -0.4507 -4.3630 80 200 120
8.2733 -1.6086 -4.5907 80 200 120
3.9749 -2.4230 -3.6442 80 200 120
3.2468 2.3856 -3.4855 80 200 120
4.6688 1.2410 -3.3233 80 200 120
6.5637 0.9514 -4.8672 80 200 120
5.2503 0.4564 -3.5162 80 200 120
1.7763 3.0988 -1.5832 80 200 120
4.9406 0.7671 -4.1298 80 200 120
0.9567 3.0327 -1.6771 80 200 120
4.5134 2.7455 -4.0871 80 200 120
6.8058 0.4177 -4.7854 80 200 120
6.4953 -0.1989 -3.8346 80 200 120
6.3941 0.0234 -4.1155 80 200 120
8.2229 -1.0949 -3.2503 80 200 120
2.2016 -2.9591 -1.4012 80 200 120
0.8530 -0.5874 -1.4381 80 200 120
2.0039 -5.0020 -2.3844 80 200 120
1.5873 -2.3370 -1.3342 80 200 120
1.7874 0.2133 -3.5876 80 200 120
0.7415 -3.5801 -3.6652 80 200 120
0.3032 -3.1311 -3.7528 80 200 120
3.1880 2.5958 -3.2137 80 200 120
-0.3149 -1.1043 -4.7839 80 200 120
1.4412 -0.4268 -4.3365 80 200 120
0.5688 -3.7448 -2.8681 80 200 120
2.3773 3.8172 -2.8547 80 200 120
5.5987 -4.0475 -1.9900 80 200 120
5.0072 -7.2411 -1.5697 80 200 120
3.7807 -6.1461 -4.4298 80 200 120
3.7756 -6.0025 -5.0179 80 200 120
3.6184 -6.2957 -4.8615 80 200 120
9.8660 -3.0179 -3.9554 80 200 120
8.0309 -0.7922 -3.4783 80 200 120
5.9326 -0.4138 -4.7774 80 200 120
5.4852 -6.9172 -4.5357 80 200 120
6.0875 -6.8059 -4.7044 80 200 120
3.0824 -3.8973 -4.4224 80 200 120
3.6002 -1.9546 -3.7550 80 200 120
5.5988 -3.7155 -4.7470 80 200 120
4.3409 -2.2825 -4.6462 80 200 120
5.5181 -3.9263 -4.7930 80 200 120
3.7415 -2.1754 -3.7276 80 200 120
2.1452 -0.4188 -4.2532 80 200 120
3.0134 -1.1967 -4.2013 80 200 120
2.1771 -0.4153 -4.0989 80 200 120
7.0311 -0.6964 -3.9028 80 200 120
5.7556 -1.7096 -4.0239 80 200 120
1.4215 0.2566 -1.8064 80 200 120
5.7532 -3.6990 -4.6720 80 200 120
0.4953 3.0633 -1.2815 80 200 120
6.3967 -1.8898 -1.3383 80 200 120
2.7412 4.6460 -2.1537 80 200 120
7.3430 -0.7828 -4.0615 80 200 120
2.6053 4.1948 -1.4501 80 200 120
2.4071 3.6071 -3.1075 80 200 120
2.8822 3.6991 -2.8881 80 200 120
4.5390 1.6557 -1.3319 80 200 120
8.6643 -1.7499 -4.7431 80 200 120
7.2817 -0.9348 -3.5514 80 200 120
2.3345 -5.4184 -1.4755 80 200 120
1.5060 -4.8466 -1.6159 80 200 120
-1.2521 -1.4594 -4.0730 80 200 120
-2.0145 -0.4560 -3.4860 80 200 120
1.4535 3.1902 -2.4359 80 200 120
-1.7125 -0.9398 -4.6290 80 200 120
1.1052 2.9872 -3.6116 80 200 120
-1.3473 0.4055 -3.9405 80 200 120
-1.1126 0.8504 -5.0272 80 200 120
0.4502 -1.8107 -4.6555 80 200 120
5.6761 -4.1688 -2.0754 80 200 120
3.8453 -6.8900 -1.7704 80 200 120
4.1758 -8.0700 -1.8877 80 200 120
4.5988 -9.0908 -2.0300 80 200 120
7.7502 -5.0517 -1.3615 80 200 120
4.3086 -8.1399 -3.8067 80 200 120
4.0583 -7.3252 -3.9580 80 200 120
2.8224 -5.8034 -1.4872 80 200 120
8.4680 -5.1251 -2.5079 80 200 120
3.2037 -8.1528 -3.4380 80 200 120
6.4983 -4.2224 -3.5957 80 200 120
5.8097 -2.9899 -3.7906 80 200 120
4.2730 -10.1282 -3.6058 80 200 120
4.0765 -5.9757 -4.1545 80 200 120
6.2198 -4.0646 -4.0849 80 200 120
6.5749 -0.1589 -3.8698 80 200 120
6.7976 -3.8441 -3.5728 80 200 120
2.3721 -5.9974 -4.8688 80 200 120
5.3315 -1.5771 -4.7910 80 200 120
6.4280 0.3779 -4.6211 80 200 120
5.5762 -6.0207 -4.7315 80 200 120
4.4218 -5.6404 -3.9142 80 200 120
4.3076 -5.3684 -4.1154 80 200 120
5.0075 -4.5670 -4.8494 80 200 120
1.0816 -0.4887 -4.1313 80 200 120
2.9701 -6.6495 -2.3927 80 200 120
2.7919 -6.3478 -2.6877 80 200 120
3.0763 -6.3813 -3.0982 80 200 120
4.3004 -2.1491 -3.7218 80 200 120
-1.5005 0.8633 -4.8491 80 200 120
3.2924 -0.5667 -4.4899 80 200 120
1.3610 -0.2449 -3.9904 80 200 120
4.2475 -1.9953 -4.7466 80 200 120
6.4402 -5.4930 -4.3050 80 200 120
2.1271 -4.2913 -4.8011 80 200 120
0.1060 -2.4468 -4.2642 80 200 120
0.7922 0.0835 -1.8202 80 200 120
4.2216 -2.0949 -3.6793 80 200 120
1.7631 -4.8327 -4.6785 80 200 120
1.5903 -4.5720 -4.7947 80 200 120
5.6573 -3.7468 -4.8699 80 200 120
5.7260 -2.4062 -3.7317 80 200 120
5.5001 0.8506 -4.7783 80 200 120
3.2174 2.4373 -3.2384 80 200 120
6.5547 -0.7820 -3.6337 80 200 120
1.1699 1.9697 -1.5767 80 200 120
7.4886 -1.0371 -3.7634 80 200 120
10.0724 -3.0363 -4.0238 80 200 120
1.4312 -3.7751 -1.2911 80 200 120
1.5515 -1.3935 -1.3273 80 200 120
0.7496 -2.1826 -4.1665 80 200 120
-1.0820 -1.4858 -4.6271 80 200 120
0.2485 -3.1026 -3.7211 80 200 120
1.1800 2.6838 -1.6811 80 200 120
0.4295 -2.2143 -4.6542 80 200 120
0.6333 1.0626 -3.4016 80 200 120
5.5546 -4.0309 -1.9549 80 200 120
8.2264 -4.8740 -2.9376 80 200 120
5.5090 -7.1640 -4.5873 80 200 120
5.4434 -4.2415 -4.1296 80 200 120
4.6139 -5.6945 -4.0535 80 200 120
5.8737 -3.3155 -4.5584 80 200 120
5.2926 -2.4769 -4.3212 80 200 120
6.1975 -4.0665 -3.8869 80 200 120
5.8882 1.3182 -4.6963 80 200 120
4.5190 -5.0677 -4.8038 80 200 120
6.1224 -1.4217 -4.0886 80 200 120
6.4265 -0.2281 -4.7891 80 200 120
6.0752 -3.9510 -4.2219 80 200 120
6.3952 -6.4428 -4.6527 80 200 120
1.8199 -4.0042 -4.3035 80 200 120
5.2653 -5.0951 -4.7193 80 200 120
3.0022 -5.7397 -4.1897 80 200 120
2.4638 -3.9569 -4.4611 80 200 120
5.5168 -3.8216 -4.7649 80 200 120
5.6608 -3.6819 -4.7203 80 200 120
5.5062 -3.9445 -4.3502 80 200 120
4.3144 -2.2492 -4.6502 80 200 120
2.1094 -0.4878 -4.5337 80 200 120
3.9799 -2.4457 -3.6495 80 200 120
1.4198 -4.6606 -2.4712 80 200 120
-0.4239 -2.4641 -4.0303 80 200 120
5.2412 -1.5114 -4.8045 80 200 120
5.9147 1.3915 -4.7060 80 200 120
3.5648 -3.8915 -4.7493 80 200 120
7.4987 -1.2335 -3.9138 80 200 120
2.4394 0.7765 -4.2970 80 200 120
7.5108 -1.0031 -3.8312 80 200 120
5.5774 -1.8960 -3.9133 80 200 120
4.6631 2.6463 -2.1198 80 200 120
4.0423 0.9119 -1.3548 80 200 120
9.3409 -2.5008 -3.6889 80 200 120
7.7989 -0.5464 -1.4059 80 200 120
7.0081 0.3985 -3.3348 80 200 120
2.2555 3.7144 -1.9103 80 200 120
6.2625 1.5544 -2.8246 80 200 120
10.1180 -3.3268 -2.7051 80 200 120
10.3283 -3.5431 -3.5131 80 200 120
6.5838 0.6474 -3.7653 80 200 120
1.8765 -3.4440 -1.2902 80 200 120
2.0241 0.4026 -3.6242 80 200 120
2.3622 0.6936 -3.6032 80 200 120
1.5056 -0.3958 -4.2756 80 200 120
2.9997 3.0813 -3.2653 80 200 120
1.5244 -0.4070 -3.9065 80 200 120
3.9237 1.9231 -3.2623 80 200 120
-2.2765 -0.2571 -4.9187 80 200 120
1.7451 -0.3260 -1.3893 80 200 120
-1.4702 0.4776 -3.9430 80 200 120
4.6285 2.5390 -1.9438 80 200 120
1.5767 -0.2415 -2.5400 80 200 120
2.4899 2.4416 -3.3750 80 200 120
0.4018 -3.4040 -2.1828 80 200 120
5.6424 -5.8035 -1.7312 80 200 120
4.8256 -7.8365 -1.3433 80 200 120
6.6056 -4.6699 -1.7240 80 200 120
6.3934 -4.4106 -1.4958 80 200 120
1.8682 -4.6981 -2.0649 80 200 120
1.7800 -4.4772 -2.4252 80 200 120
1.8510 -5.0951 -1.5957 80 200 120
6.4682 -2.7583 -3.8327 80 200 120
7.1710 -1.3991 -4.7723 80 200 120
6.0702 -3.6844 -4.5478 80 200 120
7.0472 -0.6688 -3.8025 80 200 120
5.7830 -0.9696 -4.8242 80 200 120
5.6490 -4.3539 -3.7456 80 200 120
6.5492 -0.1396 -3.8527 80 200 120
6.7571 -0.5339 -3.7915 80 200 120
6.4103 1.7412 -5.0141 80 200 120
6.4465 -0.1240 -4.3196 80 200 120
6.4513 0.8441 -4.7293 80 200 120
7.3700 -1.6600 -4.7321 80 200 120
5.9436 -3.3193 -3.9007 80 200 120
4.8511 -5.3987 -4.6284 80 200 120
3.4339 -3.7457 -4.3047 80 200 120
2.9068 0.1866 -4.3159 80 200 120
3.7196 -2.1435 -3.6080 80 200 120
3.0855 -8.3471 -1.6110 80 200 120
6.1836 -4.0544 -3.7229 80 200 120
1.9160 -0.6538 -4.0591 80 200 120
3.1447 -0.3012 -4.6613 80 200 120
1.5287 -0.4170 -3.9049 80 200 120
5.4554 -3.9626 -4.1224 80 200 120
2.0334 -0.2981 -3.8510 80 200 120
2.9778 -0.0955 -4.4772 80 200 120
-2.4212 -0.1269 -1.4217 80 200 120
1.6293 -0.4883 -4.6066 80 200 120
3.3406 -0.9194 -4.7492 80 200 120
3.9739 -2.5140 -3.6835 80 200 120
3.7637 -2.6213 -4.0069 80 200 120
4.0036 -2.4151 -4.0050 80 200 120
7.1923 -1.4625 -4.2222 80 200 120
5.3341 1.0799 -3.4193 80 200 120
4.9267 0.4904 -3.2124 80 200 120
8.6716 -1.6202 -4.7804 80 200 120
3.0465 -0.7240 -4.7811 80 200 120
-1.2444 0.5531 -1.4323 80 200 120
1.1737 2.8407 -3.5667 80 200 120
7.9811 -1.4949 -4.6145 80 200 120
8.8338 -1.9626 -4.7475 80 200 120
3.3664 -0.8315 -4.7924 80 200 120
6.5112 0.8238 -4.7826 80 200 120
5.8353 -3.1483 -4.6645 80 200 120
1.8124 3.1359 -1.4992 80 200 120
5.7597 -3.7210 -4.7114 80 200 120
5.5747 -3.6878 -4.7486 80 200 120
6.6069 -0.2926 -3.8901 80 200 120
5.6090 1.0033 -3.2956 80 200 120
5.8948 -0.9974 -4.8299 80 200 120
2.3003 3.2138 -1.4845 80 200 120
2.5512 4.0278 -2.4015 80 200 120
2.1627 3.6086 -2.3760 80 200 120
5.6532 -2.9370 -4.7469 80 200 120
5.1053 1.5294 -3.4620 80 200 120
6.6747 0.8056 -3.0943 80 200 120
5.8281 1.1698 -4.5519 80 200 120
5.1201 0.9255 -3.8957 80 200 120
6.0446 0.7284 -1.4014 80 200 120
8.7151 -1.7531 -4.7756 80 200 120
5.9072 -3.8952 -1.5365 80 200 120
8.6488 -1.3724 -4.8062 80 200 120
3.3582 2.1641 -2.8573 80 200 120
7.0801 -0.6425 -3.8869 80 200 120
8.8826 -4.9791 -2.2254 80 200 120
7.7358 -4.8781 -1.3105 80 200 120
4.5446 1.4920 -3.7844 80 200 120
1.6085 -2.5783 -1.3070 80 200 120
4.3583 0.0345 -3.2180 80 200 120
2.2781 -0.4997 -3.6344 80 200 120
2.4187 3.5709 -3.1525 80 200 120
1.3987 -0.2235 -3.0255 80 200 120
0.4205 2.2149 -1.7917 80 200 120
3.1866 -0.2358 -3.6156 80 200 120
2.8571 -6.2274 -1.4237 80 200 120
1.6838 2.2992 -1.3245 80 200 120
0.6509 1.1631 -2.6358 80 200 120
4.7355 -7.1559 -1.6929 80 200 120
5.8909 -4.8244 -2.5952 80 200 120
3.7359 -6.9563 -1.4707 80 200 120
3.5678 -6.6627 -1.5319 80 200 120
5.5757 -4.0812 -1.8175 80 200 120
4.6329 -6.0585 -4.2598 80 200 120
4.6123 -6.1247 -3.9095 80 200 120
9.5673 -3.5717 -2.7714 80 200 120
5.8250 -6.4472 -4.3761 80 200 120
6.0185 -3.9327 -2.2389 80 200 120
4.3709 -6.3325 -3.9146 80 200 120
5.4501 -4.2483 -4.2777 80 200 120
5.8586 -3.8563 -4.4493 80 200 120
5.3946 -3.5613 -4.2729 80 200 120
9.4126 -3.8636 -4.7349 80 200 120
5.5294 -2.6568 -3.8404 80 200 120
3.9517 -5.4442 -4.0523 80 200 120
4.0210 -2.4787 -4.2752 80 200 120
5.2853 -2.1989 -4.6429 80 200 120
5.3624 -2.5019 -3.7628 80 200 120
3.8556 -5.8303 -4.8374 80 200 120
4.3365 -2.2344 -4.6512 80 200 120
4.9220 -6.4602 -4.4515 80 200 120
5.0235 -5.7896 -4.5423 80 200 120
5.4308 -5.1703 -4.6932 80 200 120
6.1270 -5.8447 -4.7755 80 200 120
4.3810 -5.6980 -3.8310 80 200 120
3.1765 -6.5651 -4.6329 80 200 120
4.3665 -5.2692 -3.9297 80 200 120
3.2868 -1.8678 -3.8583 80 200 120
-1.7295 -0.4864 -4.2655 80 200 120
4.0818 -0.8736 -4.7982 80 200 120
1.5002 -0.4450 -4.5308 80 200 120
5.1540 0.8409 -3.9644 80 200 120
3.6634 -2.1115 -3.6087 80 200 120
3.2912 3.5292 -1.6285 80 200 120
5.6551 -1.8372 -3.8720 80 200 120
6.0621 -3.7413 -4.8452 80 200 120
2.1390 -3.2797 -4.5167 80 200 120
5.4748 -3.8765 -4.7062 80 200 120
5.2865 0.8726 -3.6926 80 200 120
3.0886 1.3403 -4.8177 80 200 120
7.0914 -0.6030 -3.8468 80 200 120
8.5134 -1.2650 -3.5156 80 200 120
6.0057 0.9837 -3.7849 80 200 120
9.3597 -2.4213 -4.8019 80 200 120
8.5135 -5.4277 -1.9937 80 200 120
5.7760 -3.7478 -1.4066 80 200 120
3.2948 4.8670 -2.4817 80 200 120
9.7818 -2.7466 -4.6933 80 200 120
3.9687 4.2565 -2.4173 80 200 120
7.5190 -1.2518 -3.9087 80 200 120
3.7615 2.7916 -3.3431 80 200 120
7.3045 -0.8489 -4.0196 80 200 120
4.8942 1.0784 -3.1790 80 200 120
2.2860 3.0992 -2.4448 80 200 120
6.9670 -0.9039 -4.2462 80 200 120
1.2491 -4.4024 -1.7277 80 200 120
1.5604 0.0320 -1.7504 80 200 120
0.3154 -2.3051 -4.1313 80 200 120
2.2622 -0.2431 -3.5480 80 200 120
2.2065 3.4200 -3.5220 80 200 120
0.8702 -2.2277 -4.4215 80 200 120
-2.0791 -0.7889 -4.7192 80 200 120
0.3356 -2.0518 -4.2607 80 200 120
-1.3639 -1.4176 -4.6786 80 200 120
-2.0056 -0.1112 -4.7105 80 200 120
0.2752 -1.1511 -4.7119 80 200 120
-1.4219 -1.5756 -2.7395 80 200 120
-0.9069 -1.7069 -3.2035 80 200 120
0.4962 -0.2810 -4.6848 80 200 120
5.6234 -4.9695 -1.9119 80 200 120
3.3540 -8.7812 -1.8605 80 200 120
3.3480 -7.3045 -1.8316 80 200 120
1.7683 -4.7219 -2.0213 80 200 120
1.5034 -4.7540 -2.4732 80 200 120
1.8523 -4.8420 -1.4127 80 200 120
1.7368 -5.0651 -2.3382 80 200 120
5.2807 -7.5691 -4.0536 80 200 120
5.7245 -3.7087 -1.3604 80 200 120
8.6421 -4.7615 -2.2525 80 200 120
6.5371 -0.6782 -4.7094 80 200 120
6.6047 0.7113 -4.7892 80 200 120
4.4831 -5.4398 -5.0235 80 200 120
7.2238 -2.4776 -4.4076 80 200 120
8.5987 -3.9394 -4.7733 80 200 120
5.9730 -3.6685 -4.2056 80 200 120
5.1605 -2.2728 -3.7478 80 200 120
4.2951 -5.1913 -4.6471 80 200 120
5.9505 -3.9829 -3.6147 80 200 120
8.8471 -1.8122 -3.0870 80 200 120
3.9599 -4.2630 -4.6437 80 200 120
5.8569 -3.8825 -3.9457 80 200 120
4.1855 -5.3207 -3.6967 80 200 120
4.6752 -6.0372 -4.2561 80 200 120
5.4851 -6.2300 -4.6101 80 200 120
2.9727 -5.4191 -4.7154 80 200 120
1.8553 -4.7573 -4.5448 80 200 120
2.5494 -3.5495 -4.2943 80 200 120
2.1789 -3.9814 -4.4297 80 200 120
3.4728 -3.0551 -4.0013 80 200 120
3.8046 -3.6663 -4.5006 80 200 120
3.9979 -2.4878 -4.3160 80 200 120
6.0611 -6.0883 -4.4681 80 200 120
-1.5800 -0.4450 -3.6067 80 200 120
1.0540 -0.5109 -3.8808 80 200 120
3.0301 -0.1017 -4.8136 80 200 120
1.9278 -0.5821 -3.7705 80 200 120
3.0250 0.0034 -4.3058 80 200 120
2.1630 -0.7235 -4.4115 80 200 120
-2.5413 -0.1008 -1.3473 80 200 120
-1.2740 -1.7158 -1.3587 80 200 120
2.3516 -0.6114 -4.4241 80 200 120
3.9013 -0.9518 -4.7960 80 200 120
4.8969 0.8836 -4.7958 80 200 120
4.1014 1.6531 -4.8539 80 200 120
0.3644 0.0717 -3.4178 80 200 120
0.9059 -2.7434 -4.2184 80 200 120
5.6409 -1.8282 -4.7109 80 200 120
-2.3262 -0.9531 -3.6362 80 200 120
4.0474 -1.9313 -4.6529 80 200 120
-1.6715 -1.1704 -4.2302 80 200 120
1.3455 0.9388 -1.3061 80 200 120
1.8518 -3.0849 -4.7376 80 200 120
0.1929 -2.0945 -4.4959 80 200 120
7.1992 -1.4018 -4.6953 80 200 120
4.6926 1.2543 -3.3099 80 200 120
7.5078 -0.1760 -1.9195 80 200 120
1.8608 4.2111 -1.2811 80 200 120
4.2819 1.6634 -3.3616 80 200 120
6.6902 -0.2210 -3.9755 80 200 120
8.7355 -1.7492 -4.7883 80 200 120
7.2140 -1.1370 -3.8998 80 200 120
2.1780 4.4806 -2.5127 80 200 120
6.8616 -0.5000 -3.9302 80 200 120
9.2444 -4.1836 -3.6778 80 200 120
8.3453 -4.8133 -1.3425 80 200 120
-1.7131 0.0726 -3.3494 80 200 120
1.4851 -0.3024 -1.9202 80 200 120
2.4277 0.5689 -3.5385 80 200 120
-0.6123 -2.8101 -3.8330 80 200 120
-1.5032 0.2387 -4.7869 80 200 120
1.3073 -4.7970 -2.4158 80 200 120
1.1448 -0.1857 -3.3433 80 200 120
0.3727 -3.8115 -2.9168 80 200 120
-1.0572 0.6008 -4.5931 80 200 120
0.0066 -3.1513 -3.8315 80 200 120
3.2539 4.7780 -3.0469 80 200 120
-0.8043 -2.3644 -2.6761 80 200 120
-2.0318 -0.4650 -3.5077 80 200 120
2.5875 -5.8650 -1.3916 80 200 120
5.6885 -4.2699 -1.8446 80 200 120
3.4881 -7.3173 -1.6195 80 200 120
5.5090 -7.1050 -4.5584 80 200 120
1.2697 -4.6085 -2.7560 80 200 120
2.5165 -5.6950 -3.5381 80 200 120
2.5628 -5.6844 -3.1562 80 200 120
5.9521 -3.9701 -1.4651 80 200 120
9.6462 -4.0209 -1.8955 80 200 120
9.9266 -3.0946 -1.3482 80 200 120
1.8297 -4.5126 -2.9364 80 200 120
4.5819 -5.3360 -4.6234 80 200 120
3.9497 -5.4766 -4.0736 80 200 120
3.3118 -5.9839 -4.4176 80 200 120
6.5428 -0.0723 -3.9499 80 200 120
5.6106 -1.8417 -4.6305 80 200 120
6.7980 -0.8258 -4.7546 80 200 120
8.1761 -2.9383 -4.6704 80 200 120
6.7156 -0.2245 -3.9467 80 200 120
6.6182 -2.0994 -4.1377 80 200 120
4.5448 -5.6613 -3.7925 80 200 120
4.3417 -5.5717 -3.7769 80 200 120
3.2053 -6.5795 -4.9658 80 200 120
4.7058 -5.2930 -4.5954 80 200 120
3.2518 -3.3054 -4.1226 80 200 120
2.8395 -3.1972 -4.1451 80 200 120
2.6828 -1.0893 -4.7354 80 200 120
-1.1722 -1.4367 -4.6289 80 200 120
0.9292 2.7379 -2.9673 80 200 120
1.0998 -1.7594 -4.8076 80 200 120
5.1398 -2.2830 -4.7023 80 200 120
7.2875 -1.4226 -4.2602 80 200 120
8.6086 -1.6960 -4.7429 80 200 120
1.5072 -0.3722 -2.7364 80 200 120
4.0533 1.9604 -4.0048 80 200 120
5.7041 -1.7853 -4.3497 80 200 120
-2.4363 -0.2278 -3.7425 80 200 120
1.8718 3.0977 -4.7012 80 200 120
6.5664 -0.6340 -4.7674 80 200 120
3.8844 -1.7149 -3.6937 80 200 120
3.1220 -1.9310 -3.9378 80 200 120
7.0394 -0.8421 -3.8480 80 200 120
4.2854 -2.2288 -3.5806 80 200 120
7.6264 -0.2952 -2.4189 80 200 120
7.0297 0.3403 -2.7933 80 200 120
7.8949 -0.6672 -1.7421 80 200 120
6.1552 1.3594 -1.7631 80 200 120
9.3673 -2.7982 -4.4808 80 200 120
5.8206 1.2271 -3.3258 80 200 120
6.0212 0.9561 -3.4485 80 200 120
5.5042 0.8729 -3.7829 80 200 120
8.7124 -3.4741 -1.3045 80 200 120
3.7089 2.9553 -3.1408 80 200 120
10.1495 -3.5108 -3.3529 80 200 120
7.9632 -1.0975 -3.7913 80 200 120
0.4168 -3.4160 -1.4578 80 200 120
3.1550 2.7206 -3.2138 80 200 120
1.5013 -0.3672 -3.8712 80 200 120
1.4710 -0.3823 -4.2177 80 200 120
-0.2576 1.2675 -3.0541 80 200 120
2.0906 -0.4107 -3.6668 80 200 120
5.6930 -4.3125 -1.8250 80 200 120
2.5964 -5.9010 -4.1634 80 200 120
4.8632 -6.4814 -4.1615 80 200 120
9.2162 -2.3397 -1.4097 80 200 120
7.9011 -5.4496 -3.5540 80 200 120
9.7395 -2.8161 -1.8030 80 200 120
5.7648 -6.1670 -3.2601 80 200 120
9.7662 -2.8401 -2.1837 80 200 120
5.9339 -1.5653 -4.7296 80 200 120
4.4726 -5.2506 -3.8991 80 200 120
5.1002 -5.3838 -4.7861 80 200 120
4.4458 -5.1213 -3.8620 80 200 120
4.8760 -6.1243 -4.2073 80 200 120
3.2451 -6.1397 -4.8065 80 200 120
2.4370 -5.2589 -4.1964 80 200 120
2.2846 -3.6835 -4.3139 80 200 120
4.3613 -5.1311 -4.6117 80 200 120
4.3076 -2.2406 -4.7595 80 200 120
5.3974 -3.7321 -3.5955 80 200 120
4.2821 -2.2239 -3.5971 80 200 120
4.0211 -1.9119 -4.6671 80 200 120
4.0147 -2.4767 -4.3063 80 200 120
2.2829 -0.6001 -4.4862 80 200 120
2.4134 0.3408 -4.0083 80 200 120
2.6343 -0.4827 -4.0889 80 200 120
7.2627 -1.3836 -4.7709 80 200 120
5.1684 -2.2986 -3.7476 80 200 120
8.6831 -2.0506 -4.6530 80 200 120
9.5566 -2.4134 -4.9104 80 200 120
1.0327 -2.5469 -4.6092 80 200 120
5.7217 -1.8067 -3.7651 80 200 120
3.1315 4.2427 -1.5072 80 200 120
6.4991 -0.1672 -4.6767 80 200 120
1.6755 -3.1606 -4.7948 80 200 120
1.8586 -1.1333 -4.7840 80 200 120
2.4628 3.5059 -3.1026 80 200 120
3.4956 -1.3904 -4.8026 80 200 120
6.5256 -0.7035 -3.6086 80 200 120
4.7085 1.1803 -3.2442 80 200 120
4.8535 1.9662 -2.9329 80 200 120
2.7216 2.0190 -1.4661 80 200 120
8.8027 -4.9027 -2.1844 80 200 120
3.0557 5.1965 -1.8388 80 200 120
5.8997 -3.9349 -1.4978 80 200 120
5.7907 -3.8094 -1.2919 80 200 120
8.4356 -1.2371 -3.5277 80 200 120
10.2105 -3.3469 -2.7172 80 200 120
6.6986 0.5546 -3.2439 80 200 120
8.4012 -5.3318 -2.0127 80 200 120
7.8789 -4.8572 -1.3519 80 200 120
7.5831 -0.6755 -3.7808 80 200 120
5.9841 1.2974 -1.3983 80 200 120
6.9767 -0.8287 -3.7016 80 200 120
5.8293 1.2488 -3.7973 80 200 120
8.5564 -1.4656 -3.5174 80 200 120
1.4654 -0.5490 -2.5071 80 200 120
1.5478 -4.6055 -1.5228 80 200 120
-1.0226 -1.4897 -4.0258 80 200 120
0.7023 -2.0856 -4.2596 80 200 120
-0.0756 1.7301 -3.5221 80 200 120
-0.3970 -2.4231 -4.0697 80 200 120
0.2167 -3.0892 -3.7367 80 200 120
1.7146 -0.2518 -2.4423 80 200 120
1.7243 -0.0168 -1.4355 80 200 120
3.8937 1.4121 -3.7135 80 200 120
4.3081 1.8842 -3.3998 80 200 120
3.7612 2.6830 -3.3425 80 200 120
4.6064 1.4369 -3.2695 80 200 120
2.0457 -0.1538 -3.4962 80 200 120
0.4183 1.4495 -1.3547 80 200 120
2.6140 4.5896 -2.8661 80 200 120
5.6923 -4.3796 -1.8449 80 200 120
5.5630 -4.5616 -1.4606 80 200 120
5.3555 -7.0797 -1.5286 80 200 120
5.2665 -6.2110 -1.2776 80 200 120
4.6589 -5.7200 -4.3546 80 200 120
2.3472 -5.3560 -3.9307 80 200 120
4.4950 -5.3979 -3.9540 80 200 120
1.2905 -4.5836 -2.7114 80 200 120
8.4378 -5.0242 -2.9509 80 200 120
4.4676 -5.2230 -3.9202 80 200 120
3.6930 -5.9685 -4.5986 80 200 120
4.2602 -8.9438 -3.4079 80 200 120
5.7525 -1.8079 -3.7793 80 200 120
5.8396 1.1567 -4.6174 80 200 120
3.1098 -6.1610 -4.6075 80 200 120
5.7729 -1.8167 -4.4699 80 200 120
3.8908 -4.3162 -4.7136 80 200 120
7.6170 -0.8818 -3.8038 80 200 120
2.6147 -5.3194 -4.5182 80 200 120
4.2179 -5.3955 -4.1271 80 200 120
5.1627 -2.2932 -3.7224 80 200 120
5.5070 -3.7967 -4.7295 80 200 120
5.4953 -4.0380 -4.0615 80 200 120
4.4349 1.6550 -3.3353 80 200 120
5.6870 -1.8008 -4.0426 80 200 120
0.6591 2.7086 -1.3034 80 200 120
7.4537 -1.3024 -3.9041 80 200 120
9.2097 -2.6727 -4.4946 80 200 120
4.1180 -2.4242 -4.3068 80 200 120
1.7975 -3.3650 -4.7491 80 200 120
4.0710 3.3880 -1.4523 80 200 120
7.0012 -1.3157 -4.8758 80 200 120
8.7892 -1.6194 -2.4315 80 200 120
6.5017 -0.1822 -3.8704 80 200 120
3.7417 3.6409 -1.5127 80 200 120
7.4475 -1.2904 -3.8675 80 200 120
5.7910 1.3084 -3.3771 80 200 120
8.5438 -1.4071 -4.7143 80 200 120
10.2603 -3.1153 -4.0797 80 200 120
6.9442 -0.6318 -3.7946 80 200 120
5.1742 1.0419 -3.3664 80 200 120
9.9797 -3.7118 -2.7131 80 200 120
7.4837 -3.6979 -1.3024 80 200 120
6.6587 -0.4781 -1.2974 80 200 120
0.6618 -3.7928 -1.6806 80 200 120
1.5130 -0.4188 -1.5602 80 200 120
2.1734 -2.6575 -1.3092 80 200 120
2.6539 0.4257 -3.8191 80 200 120
3.6470 3.8966 -1.8367 80 200 120
1.7873 3.6445 -4.2580 80 200 120
1.2077 2.9334 -2.9588 80 200 120
3.0945 2.5651 -4.2599 80 200 120
-0.2463 -1.6284 -4.3654 80 200 120
0.1778 -1.1600 -4.7429 80 200 120
1.2682 -0.4776 -3.7830 80 200 120
4.2497 1.3930 -3.5203 80 200 120
0.0484 -1.3868 -4.4655 80 200 120
1.9381 -4.9569 -1.9100 80 200 120
1.9711 1.7785 -4.6368 80 200 120
5.5897 -5.9113 -1.5147 80 200 120
3.9243 -6.9866 -1.2863 80 200 120
3.6567 -7.6065 -2.1812 80 200 120
5.7844 -5.6298 -4.3739 80 200 120
5.2880 -6.3242 -4.7463 80 200 120
3.2457 -6.1704 -4.5532 80 200 120
4.3567 -5.4125 -4.2165 80 200 120
4.8053 -5.2305 -4.2761 80 200 120
10.0602 -3.6949 -2.7888 80 200 120
1.0007 -4.1033 -1.3615 80 200 120
5.6243 -3.9251 -2.6155 80 200 120
5.3819 -3.4088 -4.0338 80 200 120
9.0238 -4.5710 -4.7967 80 200 120
9.7086 -3.9018 -4.8205 80 200 120
6.7068 -2.8974 -3.8681 80 200 120
5.8723 -2.6700 -3.7218 80 200 120
9.5634 -4.3775 -4.8022 80 200 120
6.4339 -1.2979 -4.8183 80 200 120
5.1662 -2.4278 -4.4971 80 200 120
5.2278 -5.6227 -4.7329 80 200 120
4.8577 -5.3343 -4.9103 80 200 120
3.0099 -4.9288 -4.5157 80 200 120
4.0408 -2.4873 -3.9510 80 200 120
-1.4781 -0.3757 -1.5625 80 200 120
2.3967 0.5910 -4.7578 80 200 120
4.1802 -2.3706 -4.1090 80 200 120
5.7115 -1.5898 -4.8263 80 200 120
3.8836 -1.8410 -3.5370 80 200 120
2.4934 0.6436 -3.8764 80 200 120
0.8047 3.0695 -1.6256 80 200 120
2.8822 -1.1599 -4.7940 80 200 120
6.4372 -1.2949 -4.8279 80 200 120
7.2397 -1.4146 -4.1727 80 200 120
5.0818 1.1304 -3.4631 80 200 120
3.1926 4.5314 -1.4421 80 200 120
3.9008 -1.1449 -4.7866 80 200 120
5.6872 -1.7924 -4.3316 80 200 120
7.6672 -2.1628 -4.8188 80 200 120
1.5459 0.9396 -3.6085 80 200 120
1.6659 2.9811 -1.8613 80 200 120
3.0332 4.4249 -1.4450 80 200 120
7.0912 -0.7141 -3.9133 80 200 120
3.9133 4.2877 -2.4794 80 200 120
9.1958 -2.6515 -4.4830 80 200 120
8.5857 -4.7677 -2.2045 80 200 120
0.7573 -3.1307 -1.2969 80 200 120
1.4797 -0.4574 -2.7715 80 200 120
3.0709 2.9283 -3.2675 80 200 120
3.9874 1.6184 -3.1863 80 200 120
4.6029 0.9014 -3.1662 80 200 120
1.5329 3.2002 -1.8431 80 200 120
3.7676 2.2687 -3.8927 80 200 120
4.7647 0.9407 -3.0868 80 200 120
-0.0156 -0.1986 -4.8990 80 200 120
1.2767 -4.8282 -2.4802 80 200 120
1.2047 -5.2822 -1.8920 80 200 120
4.4351 3.1892 -1.4522 80 200 120
-0.7068 -2.8687 -3.8293 80 200 120
-1.9508 -0.7357 -4.6744 80 200 120
-2.5394 -0.2031 -3.7674 80 200 120
0.1758 1.5260 -3.4414 80 200 120
1.1260 2.8574 -3.5684 80 200 120
1.8424 0.6445 -3.5851 80 200 120
0.0996 -0.3147 -3.1627 80 200 120
-0.9869 -0.5523 -5.0541 80 200 120
0.4488 2.3172 -2.5936 80 200 120
-1.4215 -1.9995 -4.0303 80 200 120
2.0636 -5.2680 -1.6539 80 200 120
5.7151 -4.6360 -1.6733 80 200 120
5.6463 -4.5365 -2.0860 80 200 120
3.2870 -6.6232 -1.7229 80 200 120
6.2166 -3.8565 -3.5366 80 200 120
3.2870 -6.7353 -4.9741 80 200 120
3.0225 -5.6908 -4.4222 80 200 120
2.1108 -5.1916 -4.0677 80 200 120
6.5799 -4.0381 -3.4897 80 200 120
5.5309 -4.2779 -1.3234 80 200 120
5.3777 -4.0667 -4.3132 80 200 120
5.1937 -1.7534 -4.8378 80 200 120
5.1535 -2.2963 -3.7489 80 200 120
6.9862 -1.3304 -4.8566 80 200 120
5.4605 -2.0339 -3.7102 80 200 120
7.6583 -4.0721 -4.2111 80 200 120
4.3325 -2.1884 -4.6524 80 200 120
4.0081 -1.8676 -4.7061 80 200 120
6.6724 0.7951 -4.8597 80 200 120
3.2431 -5.5726 -4.7555 80 200 120
4.7648 -4.8460 -4.7887 80 200 120
5.1348 -7.1967 -4.7834 80 200 120
3.1957 -6.4158 -4.7852 80 200 120
4.4394 -5.3449 -5.1430 80 200 120
5.1284 -7.2202 -4.7419 80 200 120
3.8173 -2.9390 -3.8784 80 200 120
3.4963 -2.3400 -3.7267 80 200 120
1.7880 -4.1649 -4.2520 80 200 120
5.4619 -3.8086 -4.6781 80 200 120
3.8917 -5.8584 -1.7103 80 200 120
4.9758 -3.4636 -4.8122 80 200 120
5.0593 0.8046 -4.8891 80 200 120
1.5208 -0.4828 -3.8160 80 200 120
6.9149 -0.8956 -4.7063 80 200 120
5.7224 -1.8181 -3.7453 80 200 120
1.0767 -2.5752 -4.5942 80 200 120
2.5311 0.3156 -4.6403 80 200 120
7.4495 -1.6406 -4.7516 80 200 120
1.5382 -2.9317 -4.7048 80 200 120
-0.8228 -1.4737 -4.5925 80 200 120
5.1415 -2.2948 -3.7225 80 200 120
0.7756 -2.3468 -4.5745 80 200 120
-0.0909 1.7774 -3.4960 80 200 120
2.4343 -1.2559 -4.7836 80 200 120
8.9762 -1.9259 -3.1759 80 200 120
6.6905 0.7808 -2.8098 80 200 120
5.4343 1.6731 -3.5976 80 200 120
2.1352 3.9858 -1.3587 80 200 120
1.8119 -5.0421 -1.3882 80 200 120
1.4856 -4.3008 -1.4558 80 200 120
2.0210 -4.5987 -1.2906 80 200 120
1.9650 -0.7416 -1.3035 80 200 120
1.4354 -0.3203 -1.8777 80 200 120
-1.8593 -0.7984 -3.0140 80 200 120
-0.7198 -2.2114 -1.5105 80 200 120
3.3205 2.2549 -4.4153 80 200 120
-0.4943 1.3338 -2.0448 80 200 120
2.0583 3.7546 -3.5352 80 200 120
-1.3852 -0.2166 -4.5840 80 200 120
2.7126 4.3758 -2.8769 80 200 120
0.3373 -0.1794 -3.4265 80 200 120
1.9724 -0.1989 -3.5566 80 200 120
1.8255 -0.3738 -3.7100 80 200 120
-0.9025 -2.4912 -4.1966 80 200 120
2.9112 -0.2853 -3.7737 80 200 120
2.7546 0.0397 -3.5273 80 200 120
1.9730 0.1141 -1.2622 80 200 120
0.0316 1.7892 -2.6360 80 200 120
2.2534 0.0240 -3.5608 80 200 120
5.6258 -4.9891 -1.4888 80 200 120
4.2807 -7.4891 -1.7997 80 200 120
3.1571 -6.3623 -1.4267 80 200 120
5.5778 -5.8442 -4.6246 80 200 120
4.4856 -5.0817 -4.3271 80 200 120
2.7576 -5.6323 -4.5006 80 200 120
3.8638 -5.7993 -4.2086 80 200 120
5.7084 -6.3709 -4.3908 80 200 120
5.2815 -4.5053 -4.4145 80 200 120
5.4553 -4.7225 -3.9613 80 200 120
5.5313 -4.1541 -4.0897 80 200 120
6.7315 -4.0313 -3.4875 80 200 120
6.4309 -1.5832 -4.8198 80 200 120
4.4495 -7.0282 -3.2304 80 200 120
5.9527 -1.9245 -3.8315 80 200 120
8.8677 -1.8256 -3.0623 80 200 120
4.6226 -7.2646 -2.5451 80 200 120
6.2311 -2.2257 -4.0095 80 200 120
3.9473 -5.4612 -4.0948 80 200 120
5.6829 -1.7963 -4.0137 80 200 120
5.3953 -2.1454 -3.7823 80 200 120
3.2078 -4.0063 -4.5828 80 200 120
4.2019 -3.1188 -4.7965 80 200 120
5.9506 0.7356 -4.4647 80 200 120
3.6008 -5.0824 -4.7501 80 200 120
10.1266 -3.4992 -3.3669 80 200 120
3.4184 -5.2950 -4.6949 80 200 120
4.6742 -5.5642 -3.9641 80 200 120
5.5043 -4.2000 -4.4527 80 200 120
-0.3423 -0.4072 -4.4694 80 200 120
5.4770 -1.8985 -4.7829 80 200 120
7.4745 -1.3096 -3.9127 80 200 120
-1.3544 -0.8916 -4.5086 80 200 120
8.8647 -2.1494 -4.6966 80 200 120
-2.4619 -0.3512 -4.4440 80 200 120
5.8454 -0.3344 -4.8451 80 200 120
4.9341 1.0150 -3.2790 80 200 120
3.1418 4.8089 -1.3497 80 200 120
7.6356 -1.0667 -3.8506 80 200 120
2.8662 -0.2946 -3.7610 80 200 120
1.0699 2.6968 -1.7111 80 200 120
-2.0226 0.2254 -3.3471 80 200 120
2.0473 3.7237 -3.5524 80 200 120
6.9513 -1.5770 -4.8299 80 200 120
3.9154 -1.7497 -3.6729 80 200 120
0.8008 2.3492 -1.4127 80 200 120
6.8969 -0.2466 -3.8342 80 200 120
6.5470 -0.5859 -3.6245 80 200 120
6.4385 0.4338 -3.6732 80 200 120
6.6522 -0.0726 -3.8334 80 200 120
9.6047 -2.7256 -4.6169 80 200 120
5.1689 -0.3236 -2.9706 80 200 120
7.3114 -0.5907 -3.8900 80 200 120
5.8857 1.8131 -3.4549 80 200 120
7.7795 -4.9026 -1.2960 80 200 120
10.3271 -3.1662 -4.0835 80 200 120
5.0491 1.2706 -3.2662 80 200 120
7.9271 -5.6138 -1.5950 80 200 120
5.0236 2.5208 -1.8344 80 200 120
7.6043 -0.2229 -3.5467 80 200 120
0.9128 -4.0643 -1.3648 80 200 120
-0.1238 -3.0823 -1.6308 80 200 120
-1.7317 -1.1856 -4.2645 80 200 120
3.8536 2.1028 -3.2665 80 200 120
3.8904 3.0765 -3.2719 80 200 120
4.2418 1.5316 -3.5422 80 200 120
-0.5980 1.4015 -1.4023 80 200 120
4.1927 2.7433 -2.5507 80 200 120
-0.9053 -1.4642 -4.5588 80 200 120
2.6854 0.4205 -4.0556 80 200 120
-2.1588 -0.3704 -4.2318 80 200 120
4.4511 2.9864 -1.8551 80 200 120
-0.2580 -0.2589 -4.5829 80 200 120
3.9525 0.7310 -1.3306 80 200 120
3.1279 -10.2338 -2.2581 80 200 120
5.0180 -7.2367 -2.3327 80 200 120
4.2438 -7.3319 -2.1539 80 200 120
2.3337 -5.0643 -4.3177 80 200 120
2.4667 -5.7304 -4.7355 80 200 120
5.0568 -6.9028 -4.6879 80 200 120
5.3071 -6.4966 -4.3170 80 200 120
5.2759 -3.9276 -4.2792 80 200 120
5.0391 -4.5820 -4.7857 80 200 120
5.3561 -4.3408 -4.2072 80 200 120
5.3920 -4.2591 -4.0616 80 200 120
2.8236 -4.0426 -4.8055 80 200 120
7.7453 -2.2042 -4.8452 80 200 120
6.3934 0.5785 -4.5954 80 200 120
5.2979 -2.2142 -3.7724 80 200 120
4.3240 -4.8404 -3.7470 80 200 120
4.3375 -4.7307 -3.6572 80 200 120
3.5746 -4.3597 -4.3593 80 200 120
4.3707 -5.3667 -4.1686 80 200 120
1.6668 -3.5402 -4.2086 80 200 120
1.6715 -3.8741 -4.1674 80 200 120
1.6599 -3.8799 -4.0462 80 200 120
1.3440 -2.9941 -3.9657 80 200 120
2.6630 -6.5357 -2.7137 80 200 120
2.1035 1.0603 -4.1120 80 200 120
2.6457 0.4384 -4.6782 80 200 120
4.1632 -2.4394 -3.8219 80 200 120
3.6919 -1.8573 -3.7895 80 200 120
3.8792 1.9787 -4.8046 80 200 120
4.1666 -2.4838 -4.1509 80 200 120
2.6473 5.3457 -2.0856 80 200 120
6.7023 0.1872 -4.5794 80 200 120
5.6881 -1.8244 -3.7263 80 200 120
5.1496 -2.3458 -3.7761 80 200 120
9.3490 -2.7354 -4.5184 80 200 120
8.1407 -1.1682 -3.4912 80 200 120
4.3356 -2.1904 -3.6403 80 200 120
0.5039 -2.1059 -4.7682 80 200 120
8.1327 -3.0736 -4.8106 80 200 120
8.7416 -4.9078 -2.1918 80 200 120
8.9883 -4.5572 -1.8402 80 200 120
9.8200 -4.5483 -3.7786 80 200 120
6.8065 -2.0747 -1.2883 80 200 120
6.8082 -0.6089 -3.8944 80 200 120
8.1376 -5.2637 -2.1011 80 200 120
3.8889 2.0307 -3.7643 80 200 120
-1.2466 -0.4554 -3.3298 80 200 120
0.4261 -3.8319 -2.9491 80 200 120
0.2411 1.3420 -3.7551 80 200 120
0.0054 1.9992 -3.4093 80 200 120
-0.1720 1.8983 -1.7307 80 200 120
-0.3881 -3.0558 -3.0399 80 200 120
-1.4813 -1.7464 -3.1996 80 200 120
-0.8555 -1.8425 -4.1539 80 200 120
-0.3710 -2.4063 -4.0332 80 200 120
2.2855 1.0310 -4.0158 80 200 120
5.7331 -4.9799 -1.8146 80 200 120
2.6661 -7.4648 -2.3664 80 200 120
3.2307 -6.1779 -1.9186 80 200 120
3.2871 -5.9649 -4.3972 80 200 120
9.7099 -3.1195 -1.4891 80 200 120
5.3901 -4.0952 -3.7254 80 200 120
5.4443 -4.1297 -3.7363 80 200 120
5.3313 -4.3326 -4.2906 80 200 120
5.2371 -3.7599 -4.3156 80 200 120
4.3536 -2.1639 -4.5844 80 200 120
3.1440 -4.0405 -4.6018 80 200 120
6.2456 1.2984 -4.8034 80 200 120
5.2602 -2.3553 -3.8751 80 200 120
6.5203 -0.1558 -3.8905 80 200 120
6.9724 -0.6039 -3.7928 80 200 120
7.0474 -0.9146 -3.8325 80 200 120
3.9932 -1.8626 -4.7273 80 200 120
2.5201 -5.6820 -4.7124 80 200 120
6.7362 -0.1538 -3.7970 80 200 120
4.3821 -3.3715 -4.7489 80 200 120
9.9070 -3.0406 -4.0285 80 200 120
5.2310 -2.8666 -4.0978 80 200 120
6.8554 -0.4232 -3.7856 80 200 120
1.8977 -4.3570 -4.6298 80 200 120
6.6455 -0.3027 -3.9107 80 200 120
10.0180 -2.9403 -1.8060 80 200 120
8.9374 -1.8895 -3.1763 80 200 120
4.8348 -1.8818 -2.7745 80 200 120
4.3847 -5.0569 -3.7731 80 200 120
4.2953 -4.4345 -4.2054 80 200 120
3.6376 -5.9944 -4.3545 80 200 120
1.8524 -3.7366 -4.2819 80 200 120
2.9784 2.9670 -4.4263 80 200 120
2.5218 0.3183 -3.7003 80 200 120
4.6222 1.2315 -4.7848 80 200 120
2.6445 2.0339 -4.8114 80 200 120
2.2483 0.7647 -3.5799 80 200 120
1.9002 -0.1443 -3.5853 80 200 120
3.7340 -1.8310 -4.3659 80 200 120
-1.6528 -1.6909 -1.2641 80 200 120
2.2380 -0.2626 -3.6071 80 200 120
-1.8885 -0.7722 -4.6487 80 200 120
3.7646 -1.7798 -4.5499 80 200 120
0.7529 2.6283 -2.3104 80 200 120
7.9114 -2.1991 -4.6652 80 200 120
7.3737 -1.4071 -4.5240 80 200 120
5.1622 -2.4155 -4.5392 80 200 120
7.4375 -1.3060 -3.8638 80 200 120
4.0304 3.8683 -2.4159 80 200 120
6.0147 -0.1338 -1.3347 80 200 120
6.8298 -0.4245 -3.7865 80 200 120
9.6837 -2.9651 -3.9514 80 200 120
4.5856 3.0362 -1.8935 80 200 120
3.8350 3.8947 -1.8271 80 200 120
3.9438 2.4842 -1.3138 80 200 120
5.0968 0.8112 -1.3044 80 200 120
7.1116 -0.9868 -3.9150 80 200 120
2.5344 4.2298 -1.3626 80 200 120
9.4975 -3.4979 -1.2859 80 200 120
9.4037 -2.4862 -3.6514 80 200 120
2.1622 -4.5407 -1.2348 80 200 120
2.2611 0.8925 -1.2634 80 200 120
1.5478 3.2821 -1.3790 80 200 120
2.5839 -2.3651 -1.2641 80 200 120
1.1160 -0.3495 -2.9420 80 200 120
1.3628 -0.3134 -2.5013 80 200 120
1.0058 -4.4394 -1.7067 80 200 120
2.3198 3.0900 -4.8519 80 200 120
3.0518 2.9426 -4.1656 80 200 120
-0.1766 0.6288 -2.6254 80 200 120
1.4095 3.4064 -4.9104 80 200 120
1.7423 1.2683 -1.3513 80 200 120
1.4794 2.3782 -4.9422 80 200 120
-0.5465 -2.7210 -2.0226 80 200 120
2.6585 0.4599 -4.1421 80 200 120
5.7545 -4.9125 -1.6630 80 200 120
5.7087 -5.6658 -1.4564 80 200 120
5.7674 -5.5884 -1.5858 80 200 120
4.2490 -7.4279 -1.4768 80 200 120
3.2813 -7.4329 -2.3732 80 200 120
3.0822 -9.5783 -2.5367 80 200 120
5.4872 -7.5472 -2.6236 80 200 120
4.6403 -5.6607 -4.7877 80 200 120
0.3748 -3.8454 -3.6917 80 200 120
2.6088 -5.3765 -4.5765 80 200 120
5.2236 -5.7370 -4.9806 80 200 120
5.2308 -4.8083 -4.6632 80 200 120
4.6817 -4.0959 -4.9373 80 200 120
4.9781 -7.1176 -4.8848 80 200 120
5.1973 -2.6350 -4.0317 80 200 120
6.3369 -2.4254 -3.9598 80 200 120
5.3186 -2.0417 -3.6085 80 200 120
5.8031 -3.1681 -3.8708 80 200 120
5.6670 -2.9777 -3.9011 80 200 120
3.3588 -3.4020 -4.2893 80 200 120
3.3300 -3.4608 -4.0464 80 200 120
7.7208 -0.7740 -3.9128 80 200 120
6.7561 -0.6112 -3.8541 80 200 120
2.8307 -6.0604 -4.6374 80 200 120
8.7834 -3.6207 -4.8570 80 200 120
0.6889 -2.5662 -4.3973 80 200 120
1.1826 -2.6880 -4.7172 80 200 120
3.1345 2.8712 -4.7797 80 200 120
5.4405 -3.9280 -4.3332 80 200 120
3.6799 -1.8832 -4.2827 80 200 120
5.3580 -3.5125 -3.5737 80 200 120
5.1728 -2.3631 -3.7898 80 200 120
5.5214 -3.8625 -4.7705 80 200 120
1.0363 0.2700 -1.8799 80 200 120
1.3200 -0.3104 -2.0109 80 200 120
3.4528 2.4391 -4.8291 80 200 120
2.0529 1.0837 -4.3646 80 200 120
0.0827 -1.0641 -4.9041 80 200 120
1.7332 -0.5966 -3.7636 80 200 120
1.5953 -1.3699 -4.8122 80 200 120
2.7963 0.2455 -4.7072 80 200 120
2.6171 0.1327 -4.5343 80 200 120
7.0057 -1.0111 -3.8770 80 200 120
3.4567 2.4700 -4.7337 80 200 120
3.0458 4.5753 -1.4217 80 200 120
6.9503 -0.8502 -3.8511 80 200 120
5.4938 2.0179 -1.3151 80 200 120
9.3472 -3.5784 -4.1229 80 200 120
9.8501 -2.8608 -4.6801 80 200 120
7.4638 -0.7488 -3.8597 80 200 120
7.1977 -0.5923 -3.7913 80 200 120
4.2351 1.9923 -3.4087 80 200 120
-2.9885 -0.7348 -4.9615 80 200 120
-2.7123 -0.2853 -4.3451 80 200 120
-0.6354 -2.5004 -4.0909 80 200 120
0.8372 2.6655 -4.7778 80 200 120
4.9526 -6.0581 -4.9969 80 200 120
2.0269 -5.1826 -4.1509 80 200 120
-0.7511 -2.1616 -1.3609 80 200 120
5.7379 -5.2024 -4.1536 80 200 120
6.0282 -10.5783 -5.7259 80 200 120
4.5933 -3.6786 -4.8785 80 200 120
5.2561 -3.5627 -4.1542 80 200 120
5.9392 -3.1053 -3.8507 80 200 120
5.9156 -3.6081 -3.7800 80 200 120
6.1228 0.6636 -4.4769 80 200 120
7.3931 -1.4150 -4.5135 80 200 120
6.6390 -0.0520 -4.7167 80 200 120
6.5146 -0.4173 -4.8323 80 200 120
3.1663 -6.3445 -4.6115 80 200 120
4.1307 -2.4545 -4.6368 80 200 120
3.8518 -3.3202 -4.3120 80 200 120
5.5521 -4.4899 -3.1492 80 200 120
5.7166 -1.8067 -3.8972 80 200 120
7.2155 -0.5505 -3.9021 80 200 120
6.2836 -1.9451 -4.8308 80 200 120
3.1060 -3.9984 -4.1639 80 200 120
5.6034 -1.9188 -3.7237 80 200 120
4.4219 -6.0838 -4.0661 80 200 120
4.1225 -4.5062 -3.8843 80 200 120
3.8131 -2.9068 -3.7338 80 200 120
5.0875 0.7250 -4.7547 80 200 120
5.4412 -3.7734 -3.8490 80 200 120
4.5351 1.4001 -4.8525 80 200 120
2.6690 0.1617 -3.6357 80 200 120
5.6228 -3.2681 -3.5667 80 200 120
5.6306 1.2982 -3.3220 80 200 120
1.5617 0.1753 -3.5782 80 200 120
6.2721 -0.8631 -4.8512 80 200 120
3.0225 3.1049 -3.2355 80 200 120
3.2178 4.4805 -1.4584 80 200 120
2.8918 4.1758 -2.2059 80 200 120
5.8709 1.2287 -4.8989 80 200 120
0.7013 2.7555 -2.9528 80 200 120
7.4500 -1.3621 -3.9001 80 200 120
8.8856 -2.1238 -4.7169 80 200 120
9.6507 -2.6988 -4.7036 80 200 120
7.7230 -2.1804 -4.8468 80 200 120
3.0145 2.9631 -3.6195 80 200 120
1.2164 2.1424 -4.5973 80 200 120
4.1383 -1.8133 -4.8546 80 200 120
2.4525 4.1710 -2.3420 80 200 120
8.5569 -3.1096 -4.8529 80 200 120
2.3695 3.0096 -4.8185 80 200 120
3.2226 4.6916 -3.0649 80 200 120
2.8518 -0.3735 -4.7325 80 200 120
2.0027 1.0562 -3.5610 80 200 120
8.0993 -0.9371 -1.2871 80 200 120
9.2539 -2.3793 -2.5735 80 200 120
9.5297 -2.6917 -1.2854 80 200 120
7.4774 -1.1478 -3.8205 80 200 120
7.0743 -1.0566 -3.8151 80 200 120
8.2224 -5.3494 -2.1259 80 200 120
3.6092 4.1952 -1.3714 80 200 120
5.8721 1.6421 -3.4356 80 200 120
6.7000 0.7748 -2.8324 80 200 120
7.1292 -0.4489 -3.8278 80 200 120
1.1130 -2.6852 -1.3003 80 200 120
3.7627 2.3359 -3.2917 80 200 120
1.9930 1.1251 -4.4586 80 200 120
-0.5832 0.7569 -3.6489 80 200 120
2.3701 2.1809 -4.9939 80 200 120
1.9985 1.1073 -4.0620 80 200 120
1.3592 0.0374 -3.6663 80 200 120
1.9116 0.9534 -3.6834 80 200 120
2.7552 0.1095 -3.5636 80 200 120
5.7014 -6.0509 -1.3882 80 200 120
3.9662 -7.5811 -1.4559 80 200 120
3.2501 -6.6668 -1.5028 80 200 120
-1.3182 -1.4329 -1.3407 80 200 120
-1.5671 -0.7181 -1.4453 80 200 120
0.7225 -3.6157 -2.8294 80 200 120
4.6564 -3.4499 -5.0190 80 200 120
5.3218 -2.6050 -3.7532 80 200 120
4.3963 -5.8375 -4.3491 80 200 120
5.6846 -4.9646 -4.0889 80 200 120
4.2694 -2.2772 -4.8561 80 200 120
6.7605 -0.0874 -3.8322 80 200 120
7.2206 -1.0755 -3.8877 80 200 120
5.8453 -3.8935 -3.7295 80 200 120
8.9718 -1.8404 -3.0892 80 200 120
4.0289 -1.8985 -4.7151 80 200 120
4.1950 -2.3932 -4.2069 80 200 120
4.6790 -2.1819 -3.0037 80 200 120
2.2753 -4.5936 -4.3899 80 200 120
1.9030 -2.7073 -4.7309 80 200 120
3.3822 -4.9403 -4.1961 80 200 120
3.5292 -2.3655 -3.7130 80 200 120
2.3709 -2.3244 -4.7630 80 200 120
1.8405 1.2101 -4.1097 80 200 120
4.7315 1.1613 -4.8324 80 200 120
2.8375 3.2408 -4.5791 80 200 120
2.1284 0.7829 -3.6409 80 200 120
3.5538 -1.9831 -4.2061 80 200 120
-1.4411 -1.5879 -2.4711 80 200 120
4.9153 0.9493 -4.8351 80 200 120
3.6712 1.9352 -4.8902 80 200 120
2.3521 0.5336 -3.6504 80 200 120
3.1060 2.9989 -4.5966 80 200 120
2.5638 0.7459 -4.7707 80 200 120
6.3322 -0.3539 -4.7251 80 200 120
5.8566 1.4352 -3.3897 80 200 120
8.1500 -2.2305 -4.8026 80 200 120
4.6937 1.4478 -3.2504 80 200 120
2.8960 -0.0373 -3.5521 80 200 120
5.7314 1.5891 -1.3680 80 200 120
7.3521 0.0611 -2.4807 80 200 120
7.2236 0.0920 -1.8046 80 200 120
5.1937 1.4248 -2.0265 80 200 120
7.2699 -0.7433 -3.7881 80 200 120
6.7439 -0.0138 -3.8859 80 200 120
7.7660 -5.6067 -1.8205 80 200 120
7.1902 -3.9596 -1.2378 80 200 120
6.3621 1.1251 -1.7044 80 200 120
8.3679 -5.1896 -2.4958 80 200 120
4.4870 2.7259 -1.9254 80 200 120
-1.6945 -0.8227 -4.6148 80 200 120
-1.0781 -0.4334 -4.1110 80 200 120
-1.2588 -1.3765 -4.6461 80 200 120
-1.7829 -1.1661 -4.2166 80 200 120
2.5129 0.4848 -4.2997 80 200 120
4.3347 1.5631 -3.3228 80 200 120
2.0513 4.0218 -4.9100 80 200 120
2.9724 2.8974 -4.6368 80 200 120
4.0111 1.9005 -4.2257 80 200 120
1.6749 3.7702 -4.9429 80 200 120
4.1112 1.9542 -3.9390 80 200 120
4.0109 1.7222 -3.4386 80 200 120
2.1249 -2.6160 -1.3598 80 200 120
3.8941 1.8549 -3.7441 80 200 120
3.2000 -6.6356 -2.4225 80 200 120
3.3024 -6.2144 -2.1192 80 200 120
4.6341 -6.1369 -1.2279 80 200 120
5.4919 -4.7150 -4.3166 80 200 120
1.8805 -4.5682 -4.5029 80 200 120
-0.4057 -3.3286 -3.8636 80 200 120
2.6591 -5.3993 -4.5223 80 200 120
6.3086 -5.2084 -1.5742 80 200 120
5.7090 -5.1896 -4.1609 80 200 120
6.2058 -4.1145 -3.6898 80 200 120
2.4913 -4.8185 -4.3651 80 200 120
4.8986 -3.5072 -4.5476 80 200 120
4.9623 -3.4288 -4.8571 80 200 120
4.4968 -4.2218 -4.8971 80 200 120
4.4603 -3.6729 -4.7221 80 200 120
5.3510 -4.2801 -4.0764 80 200 120
4.4763 -5.8819 -5.5539 80 200 120
4.8929 -7.5002 -5.1289 80 200 120
5.3419 -7.8973 -4.7331 80 200 120
4.4333 -5.8454 -4.2177 80 200 120
4.6864 -5.7157 -4.7245 80 200 120
1.9043 -6.7782 -5.1087 80 200 120
1.9054 -7.2548 -4.5479 80 200 120
2.1879 -5.5046 -4.1125 80 200 120
4.5290 -7.9248 -1.4603 80 200 120
6.3351 0.9124 -4.7033 80 200 120
3.5237 -6.5265 -2.4358 80 200 120
3.7831 -6.5594 -1.5314 80 200 120
3.4608 -6.8158 -1.8726 80 200 120
3.1086 -6.1708 -3.1881 80 200 120
4.2027 -2.4161 -3.5972 80 200 120
4.7370 -1.2026 -4.8097 80 200 120
3.8228 -14.9705 -6.1476 80 200 120
3.4905 -4.8084 -4.3806 80 200 120
0.8353 -0.8567 -4.0215 80 200 120
4.7084 -5.0703 -5.2825 80 200 120
1.5372 -2.8144 -3.7876 80 200 120
3.3799 -2.3115 -3.6648 80 200 120
0.5913 -2.3031 -4.1605 80 200 120
0.6517 -2.4081 -4.7089 80 200 120
4.0682 -2.4171 -3.6398 80 200 120
5.1467 -2.6309 -4.8064 80 200 120
5.6318 -1.7983 -4.6504 80 200 120
5.3274 0.7980 -4.7200 80 200 120
2.7741 0.0874 -3.5637 80 200 120
1.9856 1.0039 -4.8315 80 200 120
2.6352 3.2815 -4.4875 80 200 120
6.2445 1.2018 -4.8427 80 200 120
5.8093 -1.9163 -4.6801 80 200 120
2.9655 -0.1332 -4.2411 80 200 120
3.8047 -1.8031 -4.6536 80 200 120
3.2463 4.4730 -1.4301 80 200 120
1.8321 -0.1140 -3.4993 80 200 120
2.9977 3.5343 -1.5847 80 200 120
2.0741 -0.2945 -3.6315 80 200 120
6.8036 -0.0742 -3.8624 80 200 120
7.2691 -2.3321 -4.9208 80 200 120
6.4205 -1.9882 -4.9203 80 200 120
3.2361 4.4342 -1.9136 80 200 120
5.6890 -1.8045 -4.1503 80 200 120
2.6300 4.7397 -2.0900 80 200 120
7.6273 -1.3840 -3.9705 80 200 120
5.8032 -3.9015 -1.2499 80 200 120
5.9059 -4.0079 -1.3991 80 200 120
10.0314 -3.2143 -2.6939 80 200 120
7.2158 0.2458 -2.7556 80 200 120
7.0272 0.3940 -2.7842 80 200 120
7.9325 -1.0414 -3.7688 80 200 120
7.9827 -1.2231 -1.1904 80 200 120
8.3802 -3.7398 -1.2943 80 200 120
6.7757 0.8420 -2.8314 80 200 120
8.4944 -4.3864 -1.2540 80 200 120
6.3155 -4.4846 -1.2039 80 200 120
2.0285 3.7883 -2.3373 80 200 120
3.5107 2.5608 -3.1608 80 200 120
1.3257 0.3247 -3.6269 80 200 120
2.1387 1.4944 -4.6618 80 200 120
2.5798 2.3415 -1.3724 80 200 120
2.7933 0.0682 -3.5787 80 200 120
2.4945 -0.4212 -3.5404 80 200 120
2.8165 -0.3226 -3.5418 80 200 120
1.7646 3.6055 -4.3287 80 200 120
4.4658 1.7772 -3.3171 80 200 120
1.0450 2.4134 -4.6730 80 200 120
5.5719 2.1270 -1.2134 80 200 120
2.6950 -7.0188 -2.0360 80 200 120
2.9535 -6.1607 -1.4716 80 200 120
1.8994 -2.9427 -3.7784 80 200 120
3.0412 -3.6780 -4.1321 80 200 120
1.5653 -4.1418 -4.2303 80 200 120
4.6962 -5.0862 -4.1554 80 200 120
3.7866 -5.7009 -4.3275 80 200 120
5.9618 -3.1129 -3.7980 80 200 120
6.7368 -3.9557 -3.8076 80 200 120
6.7327 -2.8255 -4.0060 80 200 120
4.2914 -2.2633 -3.7049 80 200 120
4.2441 -2.4320 -4.6500 80 200 120
2.0396 -3.8230 -4.4204 80 200 120
6.6687 -0.0210 -4.8038 80 200 120
4.1622 -2.2583 -3.6121 80 200 120
-0.1519 -6.8093 -5.6252 80 200 120
4.0334 -1.8808 -4.6932 80 200 120
5.3614 -2.1038 -3.6944 80 200 120
6.4465 -0.3852 -3.7983 80 200 120
2.6169 -7.3700 -2.3183 80 200 120
4.8434 -1.4730 -2.8927 80 200 120
4.4649 -6.2565 -4.2553 80 200 120
3.5182 -14.4119 -6.2906 80 200 120
3.9241 -2.8660 -3.6624 80 200 120
4.5628 -4.3653 -4.5412 80 200 120
0.2046 -1.7479 -4.7639 80 200 120
4.6174 -4.4319 -3.7965 80 200 120
4.0674 -2.3990 -3.6385 80 200 120
5.4273 -3.7984 -3.7004 80 200 120
3.6268 2.1525 -4.7239 80 200 120
5.4234 -3.7544 -4.0888 80 200 120
5.8030 -3.7475 -3.7895 80 200 120
1.4118 2.6078 -4.6885 80 200 120
9.5867 -2.7065 -4.6595 80 200 120
5.2798 -1.9168 -4.8872 80 200 120
7.5915 -1.3956 -3.9748 80 200 120
4.2966 -2.1847 -4.7047 80 200 120
5.4581 -1.9540 -4.7536 80 200 120
7.8241 -2.2322 -4.9224 80 200 120
9.8282 -2.6241 -3.7558 80 200 120
5.4325 1.9599 -2.6578 80 200 120
7.9229 -0.5428 -3.7703 80 200 120
7.5666 -0.2438 -3.5083 80 200 120
8.3943 -4.9662 -2.8715 80 200 120
9.9605 -3.0347 -4.0000 80 200 120
4.8624 1.2200 -1.3108 80 200 120
9.5358 -4.3870 -2.2358 80 200 120
4.0614 3.5484 -1.4575 80 200 120
3.9638 2.4655 -1.3235 80 200 120
0.5580 2.6077 -1.3388 80 200 120
0.8681 2.6523 -2.9128 80 200 120
0.8183 2.6277 -2.2709 80 200 120
-1.7118 -1.6737 -2.2399 80 200 120
2.4132 0.6085 -4.3689 80 200 120
2.2673 0.2030 -3.5392 80 200 120
0.4530 2.3951 -3.1477 80 200 120
2.2893 2.1197 -1.2734 80 200 120
2.6696 2.1818 -4.8352 80 200 120
1.9241 1.1445 -4.5606 80 200 120
2.3226 3.7994 -2.0077 80 200 120
0.9923 -0.2915 -2.1279 80 200 120
3.8159 2.9181 -3.1828 80 200 120
1.5511 -0.0451 -3.6310 80 200 120
1.6385 3.1053 -4.7423 80 200 120
2.5386 1.9149 -4.8138 80 200 120
1.0589 0.1137 -2.0298 80 200 120
5.5140 -5.7000 -2.7394 80 200 120
2.2082 -3.6530 -4.2659 80 200 120
3.7375 -6.3382 -5.0254 80 200 120
-1.2086 -1.6240 -1.3140 80 200 120
2.9502 -4.3881 -3.7868 80 200 120
4.4250 -4.7192 -4.1293 80 200 120
-2.3839 -0.6475 -1.2812 80 200 120
1.5299 -19.6272 -8.2698 80 200 120
0.1465 -3.2271 -2.2063 80 200 120
-2.1953 -1.1070 -1.5494 80 200 120
5.4998 -6.6568 -4.9626 80 200 120
8.1503 -1.7213 -4.4124 80 200 120
6.3165 0.8891 -4.6292 80 200 120
6.7667 0.7700 -4.8722 80 200 120
3.9231 -1.7946 -4.2333 80 200 120
2.8779 -5.2902 -3.9912 80 200 120
2.1173 -0.7511 -3.7827 80 200 120
5.8553 1.4220 -5.0061 80 200 120
5.6022 -1.7356 -4.5868 80 200 120
4.6815 1.1926 -4.7997 80 200 120
1.5837 -0.3624 -1.3261 80 200 120
5.0893 0.8348 -4.8529 80 200 120
2.8779 3.0443 -4.7451 80 200 120
1.0010 -0.3016 -1.9724 80 200 120
4.9195 0.9000 -4.7865 80 200 120
2.5978 0.3402 -3.5983 80 200 120
8.2064 -2.9236 -4.9418 80 200 120
3.8120 0.4079 -4.7799 80 200 120
2.4690 0.4882 -4.3054 80 200 120
4.8899 0.9770 -3.9776 80 200 120
5.1252 -2.5423 -4.7619 80 200 120
4.0021 2.8253 -3.2392 80 200 120
3.6018 0.9129 -4.7375 80 200 120
3.6974 2.5135 -5.0899 80 200 120
0.8901 2.6455 -2.9127 80 200 120
8.6721 -2.3667 -1.1985 80 200 120
10.0594 -2.9894 -1.8556 80 200 120
7.5071 -0.9387 -3.8315 80 200 120
7.2887 -0.7254 -3.8350 80 200 120
7.1826 -0.4655 -3.8575 80 200 120
4.1924 2.6123 -1.2665 80 200 120
3.8151 2.4323 -4.5047 80 200 120
0.8874 0.9878 -3.6532 80 200 120
0.0077 0.2707 -3.2157 80 200 120
1.6802 1.2913 -4.2091 80 200 120
1.6408 -0.6142 -3.7866 80 200 120
-1.8749 -1.7888 -3.7172 80 200 120
3.0176 3.7384 -2.8774 80 200 120
1.6360 -0.3675 -3.7040 80 200 120
1.7387 1.1512 -3.6691 80 200 120
4.6041 1.6897 -3.5095 80 200 120
2.6292 0.3098 -3.5947 80 200 120
4.7518 2.2161 -3.3306 80 200 120
1.2734 2.7506 -4.9714 80 200 120
4.2115 2.3880 -3.1868 80 200 120
4.5412 -8.9531 -1.0780 80 200 120
2.2153 -3.5422 -3.9210 80 200 120
0.5657 -3.7179 -2.8734 80 200 120
5.0083 -4.8331 -3.8718 80 200 120
5.0305 -4.9143 -4.2551 80 200 120
2.2518 -6.4870 -4.3374 80 200 120
5.3466 -3.8502 -4.0917 80 200 120
8.4230 -1.9391 -4.3783 80 200 120
6.7437 -3.5760 -3.9676 80 200 120
7.5211 -1.2022 -3.8920 80 200 120
10.4563 -3.2845 -5.0155 80 200 120
4.5312 -5.8203 -5.7520 80 200 120
1.6607 -22.9837 -8.6631 80 200 120
6.3420 -0.2726 -3.7986 80 200 120
6.0305 -2.1816 -4.7239 80 200 120
2.2024 -3.6799 -4.3189 80 200 120
3.9071 -1.7647 -3.5959 80 200 120
4.0900 -2.3690 -3.6899 80 200 120
3.9492 -1.9370 -4.8230 80 200 120
6.9096 -0.7688 -3.8903 80 200 120
1.8260 -3.9492 -4.1598 80 200 120
2.0969 -2.6142 -4.4147 80 200 120
1.7568 -4.7552 -4.6106 80 200 120
6.8646 0.4794 -4.7883 80 200 120
6.3517 -5.6876 -1.2244 80 200 120
2.4936 -3.9786 -4.3368 80 200 120
2.9250 -5.0680 -3.9533 80 200 120
1.9382 -1.7907 -4.6503 80 200 120
1.1504 -2.1400 -4.7820 80 200 120
5.8800 -3.9524 -3.8918 80 200 120
3.0864 -6.3445 -3.0601 80 200 120
5.2646 0.8443 -4.7175 80 200 120
-0.6010 1.2235 -1.4174 80 200 120
5.1829 -2.6362 -3.9365 80 200 120
4.5554 1.2569 -4.7308 80 200 120
4.9458 1.3381 -3.3318 80 200 120
2.8976 -0.0166 -3.5311 80 200 120
4.6475 1.4765 -3.4361 80 200 120
7.4696 -1.4482 -4.1839 80 200 120
2.9390 4.0533 -2.2069 80 200 120
9.4584 -2.2310 -1.5627 80 200 120
9.7052 -3.0018 -1.3962 80 200 120
5.9520 -0.3024 -1.2803 80 200 120
4.5123 3.3732 -1.8179 80 200 120
7.3470 -4.1927 -1.1750 80 200 120
7.6224 -0.0522 -1.4146 80 200 120
7.6797 -0.4304 -3.1237 80 200 120
0.6334 -0.4343 -1.8236 80 200 120
-1.9611 -1.0991 -1.5511 80 200 120
-0.1086 -2.7494 -1.3387 80 200 120
1.8822 3.8319 -1.2580 80 200 120
4.8241 1.8583 -3.4929 80 200 120
0.6417 2.5282 -4.9001 80 200 120
4.2242 1.8536 -3.4116 80 200 120
2.5263 3.7263 -4.7128 80 200 120
3.8388 2.7351 -3.2770 80 200 120
3.7509 2.2530 -3.9251 80 200 120
3.7576 2.3952 -3.6410 80 200 120
1.7087 3.8268 -5.2019 80 200 120
3.8669 2.7565 -2.9136 80 200 120
3.2007 -8.3782 -2.9944 80 200 120
5.5986 -4.9767 -2.6299 80 200 120
3.0859 -5.4392 -2.7419 80 200 120
2.5122 -6.2434 -1.8205 80 200 120
2.7905 -3.9364 -4.3085 80 200 120
-1.8915 -0.6823 -1.3826 80 200 120
4.0854 -4.9132 -4.4181 80 200 120
6.2276 -4.2312 -3.7210 80 200 120
4.7862 -1.8787 -2.9775 80 200 120
6.5004 -4.4525 -3.6322 80 200 120
6.8998 -4.6241 -3.6902 80 200 120
-0.1253 -3.0651 -1.3627 80 200 120
4.5143 -8.2869 -5.5026 80 200 120
5.6397 -2.3868 -3.7096 80 200 120
5.3282 -6.1350 -4.8278 80 200 120
3.2157 -5.7897 -2.4440 80 200 120
2.8886 -5.9969 -2.6567 80 200 120
8.3091 -2.2928 -4.8879 80 200 120
4.7274 -5.9267 -1.7983 80 200 120
6.3785 -0.1252 -4.4781 80 200 120
4.1092 -10.5983 -5.3043 80 200 120
4.7591 -1.5984 -2.9415 80 200 120
-0.9844 -39.9749 -12.0986 80 200 120
1.8586 -0.7572 -3.7723 80 200 120
3.6423 -7.0969 -1.3988 80 200 120
2.6151 3.5513 -4.5844 80 200 120
1.2545 0.1104 -1.9149 80 200 120
5.0086 -2.1669 -3.3004 80 200 120
5.3078 -2.8899 -3.6974 80 200 120
4.5122 1.3236 -4.7480 80 200 120
3.3642 2.6304 -4.9435 80 200 120
4.6994 1.1946 -4.8737 80 200 120
-0.8195 -1.6106 -3.1788 80 200 120
2.2043 -7.6783 -2.6688 80 200 120
1.6948 -0.0060 -1.5743 80 200 120
4.5742 -3.4359 -4.9693 80 200 120
3.1518 -8.1462 -1.6848 80 200 120
-1.0804 -0.6675 -1.5612 80 200 120
1.6819 3.0377 -4.2576 80 200 120
5.2259 1.9465 -3.3089 80 200 120
4.8922 0.9805 -3.3940 80 200 120
8.7250 -2.9644 -4.8944 80 200 120
3.9653 -1.9000 -4.7542 80 200 120
4.5637 1.7809 -3.2257 80 200 120
4.8475 2.1145 -3.2681 80 200 120
2.8765 -1.2645 -4.8049 80 200 120
6.0355 -1.5357 -5.0415 80 200 120
6.7165 0.6690 -4.9452 80 200 120
4.7297 1.0703 -4.7536 80 200 120
5.1105 -2.7831 -5.1056 80 200 120
8.4683 -2.9928 -5.1280 80 200 120
5.4580 1.6239 -3.3389 80 200 120
6.2259 -1.4461 -4.9005 80 200 120
3.5630 -1.9963 -4.9628 80 200 120
6.5178 -0.4822 -3.8010 80 200 120
8.7950 -1.7992 -1.2502 80 200 120
8.5719 -3.1045 -1.1834 80 200 120
8.3909 -1.1109 -1.8051 80 200 120
7.2857 -0.1330 -1.2847 80 200 120
6.6721 0.3253 -1.2510 80 200 120
6.3098 0.3989 -1.2182 80 200 120
7.6411 -5.3849 -1.4086 80 200 120
8.6550 -1.4566 -1.9535 80 200 120
5.4538 2.2433 -2.6320 80 200 120
10.4029 -3.6224 -3.4894 80 200 120
6.9020 0.5768 -1.7121 80 200 120
7.7288 -0.7240 -3.8008 80 200 120
5.4697 2.2308 -1.9207 80 200 120
7.8303 -0.4167 -1.9130 80 200 120
1.5776 0.7757 -3.5450 80 200 120
-0.7061 -0.8894 -4.3194 80 200 120
4.6019 1.8880 -3.4291 80 200 120
-1.3129 -1.8930 -4.2622 80 200 120
5.9196 -6.4871 -1.3047 80 200 120
2.8439 -6.2417 -2.9586 80 200 120
1.3032 -11.1502 -3.4612 80 200 120
8.3852 -5.5900 -4.1239 80 200 120
5.8987 -4.0777 -4.0374 80 200 120
2.2268 -3.4947 -3.8523 80 200 120
1.7786 -4.6499 -2.0469 80 200 120
5.3230 -9.3217 -4.4023 80 200 120
1.8867 -4.7030 -4.5023 80 200 120
-0.9949 -2.0724 -1.7749 80 200 120
4.9509 -4.0448 -3.5815 80 200 120
4.2444 -6.2572 -4.6294 80 200 120
5.3164 -4.4982 -3.7344 80 200 120
2.0185 -0.4206 -2.0967 80 200 120
-1.0214 -1.5952 -1.3550 80 200 120
2.2794 -2.9342 -3.6180 80 200 120
5.1310 -1.9491 -4.3800 80 200 120
5.3032 -6.1026 -4.7509 80 200 120
5.0310 -9.4173 -6.4728 80 200 120
5.3552 -7.9821 -5.8167 80 200 120
4.0699 -2.3898 -3.5491 80 200 120
7.1146 0.2169 -4.7787 80 200 120
6.4991 1.2360 -4.9694 80 200 120
7.2203 -0.2947 -3.9981 80 200 120
3.8495 -6.3950 -1.5668 80 200 120
2.4143 -5.2416 -4.0723 80 200 120
7.4502 -1.4417 -4.2002 80 200 120
5.8501 -2.0612 -3.8293 80 200 120
6.9111 0.3884 -4.7450 80 200 120
3.9625 -1.6746 -3.7896 80 200 120
3.7034 -1.9445 -3.7248 80 200 120
3.6476 -1.9408 -4.8810 80 200 120
4.2545 -3.6853 -3.7794 80 200 120
4.1232 -2.3058 -3.4927 80 200 120
2.9259 -4.3604 -4.1238 80 200 120
3.1955 -3.4881 -4.0643 80 200 120
6.4237 -3.2363 -3.8234 80 200 120
1.5927 -1.0198 -4.0644 80 200 120
0.7512 -3.9533 -5.2295 80 200 120
1.4213 -3.2446 -4.2441 80 200 120
1.1492 -3.3684 -3.8841 80 200 120
3.6116 -1.9714 -4.8887 80 200 120
1.7788 3.1754 -4.6985 80 200 120
5.7746 -10.4490 -5.5249 80 200 120
-0.8251 -1.6138 -1.4076 80 200 120
3.3300 -5.5851 -3.0280 80 200 120
5.4535 -1.9176 -4.6219 80 200 120
4.2430 -2.4816 -4.6500 80 200 120
5.5327 -4.4069 -3.9203 80 200 120
3.7786 2.4277 -3.3110 80 200 120
4.8657 0.9658 -3.6081 80 200 120
6.4953 -0.0909 -4.5889 80 200 120
2.5898 -1.3091 -4.6332 80 200 120
3.4876 2.2382 -3.1087 80 200 120
5.8309 -1.9530 -4.8539 80 200 120
5.2463 0.9587 -4.2987 80 200 120
5.4509 1.0599 -3.4307 80 200 120
2.5536 -0.4129 -4.3092 80 200 120
4.8433 1.8989 -1.7907 80 200 120
6.4881 -1.2376 -1.2468 80 200 120
10.2351 -3.8171 -2.7279 80 200 120
5.5740 1.9411 -1.5528 80 200 120
7.2501 0.2552 -1.4750 80 200 120
6.4396 -0.6368 -1.2559 80 200 120
10.2268 -3.2487 -3.7318 80 200 120
6.7018 0.7777 -2.8304 80 200 120
4.0079 2.3057 -1.3860 80 200 120
6.6694 0.8905 -2.7144 80 200 120
7.1190 -2.5339 -1.3037 80 200 120
4.3274 2.2075 -1.3515 80 200 120
6.1959 1.3082 -2.8166 80 200 120
4.7224 2.0291 -1.2713 80 200 120
-0.3474 -1.6131 -1.0629 80 200 120
2.5074 6.1594 -0.8334 80 200 120
2.6039 4.0103 -2.3007 80 200 120
2.6372 3.4834 -4.5972 80 200 120
1.7284 1.1316 -3.6293 80 200 120
0.1664 -0.4184 -3.8027 80 200 120
3.7030 2.4519 -3.3399 80 200 120
2.5399 0.3767 -3.5808 80 200 120
1.9189 3.5287 -5.0670 80 200 120
2.5478 0.4667 -4.0735 80 200 120
0.9732 2.9145 -4.0948 80 200 120
1.4509 -0.1051 -2.6360 80 200 120
4.0627 2.1959 -2.9321 80 200 120
4.8151 2.8365 -2.9619 80 200 120
2.9447 -5.8905 -2.4655 80 200 120
4.4561 -5.4200 -4.9966 80 200 120
3.4405 -7.6925 -5.5679 80 200 120
6.4838 -3.4841 -3.5633 80 200 120
1.7854 -0.3529 -1.4527 80 200 120
0.3063 -2.5133 -1.1770 80 200 120
6.0418 -4.5443 -3.6120 80 200 120
4.8926 -3.2786 -3.7117 80 200 120
5.3391 -2.8838 -3.4374 80 200 120
9.5515 -4.0556 -1.4741 80 200 120
9.1997 -2.6752 -1.4785 80 200 120
0.4320 -5.4170 -1.0884 80 200 120
8.7274 -5.5685 -2.4398 80 200 120
3.6327 -35.3518 -14.4186 80 200 120
4.9751 -3.6355 -5.3199 80 200 120
8.7658 -2.1948 -4.4885 80 200 120
3.9597 -1.1519 -4.7355 80 200 120
6.2280 1.2334 -4.7702 80 200 120
7.1941 -2.3219 -4.8978 80 200 120
5.0974 0.8194 -4.8081 80 200 120
5.2084 -4.5513 -4.6564 80 200 120
0.5403 -1.7675 -4.2617 80 200 120
1.6521 -1.1558 -4.6532 80 200 120
1.5081 -1.6717 -4.5876 80 200 120
7.2071 -6.1221 -4.1060 80 200 120
2.2227 -0.7182 -3.9774 80 200 120
6.6743 -2.8207 -3.9392 80 200 120
5.2521 -2.2232 -3.5225 80 200 120
6.5620 -4.3191 -4.1598 80 200 120
0.8561 2.2678 -4.7939 80 200 120
-0.1039 1.0033 -1.5256 80 200 120
1.1946 0.0818 -1.8435 80 200 120
3.5508 2.6785 -5.3934 80 200 120
4.6831 1.2902 -4.9742 80 200 120
4.9379 0.8856 -4.8001 80 200 120
3.7518 2.4642 -4.6001 80 200 120
6.1839 -4.3449 -4.1705 80 200 120
6.5733 -6.8411 -4.8438 80 200 120
1.8624 3.1337 -1.5426 80 200 120
3.8974 2.9415 -3.1806 80 200 120
7.3821 -0.3178 -4.1131 80 200 120
2.1986 0.7029 -3.6111 80 200 120
2.4407 4.1313 -2.3495 80 200 120
4.0700 -1.8631 -4.9371 80 200 120
2.9352 3.9737 -2.1635 80 200 120
6.7791 -0.6188 -3.8887 80 200 120
7.1674 -1.3180 -4.6995 80 200 120
2.0014 3.8430 -1.3324 80 200 120
3.3735 -0.1534 -4.7965 80 200 120
2.3424 3.4157 -2.3510 80 200 120
3.9989 1.1500 -4.6718 80 200 120
2.7475 0.0534 -3.5698 80 200 120
5.5817 -1.3973 -4.8972 80 200 120
2.0195 1.0863 -3.9639 80 200 120
6.2667 -2.4995 -4.9761 80 200 120
2.3119 0.8499 -3.4944 80 200 120
2.4101 -0.6471 -4.3832 80 200 120
2.8753 3.2628 -3.6561 80 200 120
2.8783 -0.2661 -3.7813 80 200 120
0.9243 2.5971 -2.8985 80 200 120
1.7894 -1.1729 -4.6036 80 200 120
6.7803 -1.9289 -4.9027 80 200 120
2.7123 0.2267 -4.2456 80 200 120
6.9963 0.0858 -1.2928 80 200 120
3.5078 3.7675 -2.0158 80 200 120
6.6861 0.9736 -2.9784 80 200 120
4.7822 1.4931 -1.7669 80 200 120
6.3971 0.8545 -1.1953 80 200 120
4.8816 1.0819 -1.4634 80 200 120
6.6827 0.9699 -2.3849 80 200 120
7.1716 0.2388 -2.7693 80 200 120
2.8797 3.4037 -1.2829 80 200 120
3.9237 4.0977 -2.5076 80 200 120
5.7692 1.9168 -2.8098 80 200 120
6.9276 -0.6355 -1.2859 80 200 120
6.8916 0.5343 -3.0723 80 200 120
5.6673 2.2022 -1.8347 80 200 120
6.1162 0.2251 -1.2354 80 200 120
7.9675 -0.6136 -2.7538 80 200 120
4.5640 0.6371 -1.3357 80 200 120
7.4089 0.0071 -2.1049 80 200 120
-0.0831 -2.5433 -1.1009 80 200 120
3.9367 3.6214 -1.2328 80 200 120
2.0108 5.2600 -1.0459 80 200 120
2.7575 5.2183 -1.7260 80 200 120
-3.8188 -1.5249 -3.7972 80 200 120
1.3019 0.9975 -1.2071 80 200 120
-2.3506 -2.1070 -5.1236 80 200 120
2.3571 -0.4381 -3.6150 80 200 120
-1.8762 1.0410 -1.2229 80 200 120
-1.0540 -1.4226 -4.6412 80 200 120
1.0351 1.7176 -4.3394 80 200 120
3.0183 3.9063 -2.1925 80 200 120
4.2017 3.0839 -2.5066 80 200 120
4.6967 -8.8413 -0.9511 80 200 120
4.4631 -6.0082 -1.3214 80 200 120
6.9679 -5.1110 -1.5982 80 200 120
5.0515 -3.7062 -3.5380 80 200 120
8.2181 -9.7467 -2.5255 80 200 120
0.0518 -3.2220 -1.8381 80 200 120
6.0459 -4.8248 -2.5903 80 200 120
4.7938 -2.4889 -3.3034 80 200 120
4.9916 -2.3754 -3.1990 80 200 120
10.4845 -4.6173 -1.7877 80 200 120
8.1672 -5.9355 -3.6342 80 200 120
8.5669 -5.6377 -1.9370 80 200 120
9.1749 -5.3374 -2.1914 80 200 120
5.6844 -4.3421 -3.4003 80 200 120
0.8838 -4.6160 -1.7545 80 200 120
6.2922 -3.9789 -3.6948 80 200 120
6.3651 -3.8417 -3.6675 80 200 120
6.8351 -5.0626 -3.8316 80 200 120
5.3740 0.9709 -4.8954 80 200 120
5.8644 1.3283 -4.5313 80 200 120
6.2438 -5.7801 -2.6129 80 200 120
6.5022 -2.7327 -4.7898 80 200 120
4.2637 -2.4082 -4.1603 80 200 120
4.1875 -3.1924 -4.0898 80 200 120
3.9848 -2.4691 -3.5169 80 200 120
6.5573 -3.6542 -3.4261 80 200 120
8.5821 -9.0469 -4.4219 80 200 120
1.4968 -0.5787 -3.7772 80 200 120
7.9015 -5.6572 -4.4662 80 200 120
8.0235 -4.7553 -4.4935 80 200 120
6.5997 -2.8137 -4.3638 80 200 120
2.6526 0.1586 -4.9407 80 200 120
0.1004 -5.9125 -2.6875 80 200 120
-1.1519 -0.9939 -3.4891 80 200 120
4.5177 -2.6001 -4.2135 80 200 120
5.4396 -3.6372 -3.6793 80 200 120
5.4945 -2.2457 -3.8273 80 200 120
6.0312 -2.3080 -3.8485 80 200 120
6.6522 -2.9482 -4.7887 80 200 120
4.0463 -2.6662 -5.3298 80 200 120
5.1849 1.1821 -3.4186 80 200 120
6.8076 0.0526 -4.7025 80 200 120
4.1013 3.4034 -1.4660 80 200 120
5.8725 1.3820 -4.2633 80 200 120
3.7194 -1.7383 -4.9923 80 200 120
5.0645 -1.5546 -4.6799 80 200 120
2.6631 -0.8045 -4.6733 80 200 120
2.4271 -1.3522 -4.7812 80 200 120
-1.2982 1.0556 -3.7724 80 200 120
2.7656 -0.1730 -3.6253 80 200 120
6.5265 -1.5945 -5.0013 80 200 120
0.2894 1.6240 -3.4464 80 200 120
1.8987 1.6941 -4.7850 80 200 120
5.9262 -0.6864 -4.9666 80 200 120
3.6793 -1.2578 -4.5259 80 200 120
6.3857 -0.1387 -4.5798 80 200 120
2.6054 0.3447 -3.5485 80 200 120
5.4150 -1.6888 -4.3920 80 200 120
4.2751 -1.7874 -4.4982 80 200 120
2.8227 4.1353 -2.8991 80 200 120
3.9970 0.4346 -4.8962 80 200 120
4.9429 2.6490 -3.1256 80 200 120
8.9379 -1.8591 -2.8401 80 200 120
4.7858 3.0747 -2.9923 80 200 120
6.0376 1.7256 -1.5124 80 200 120
7.0860 0.3201 -2.9296 80 200 120
7.8976 -2.2450 -1.2387 80 200 120
2.6416 5.5418 -1.2055 80 200 120
7.1963 -1.2099 -1.3457 80 200 120
7.9276 -0.4751 -2.5054 80 200 120
6.9880 0.3872 -2.7714 80 200 120
6.3192 -1.8724 -1.1364 80 200 120
8.8458 -1.6168 -2.4692 80 200 120
8.5972 -1.6640 -2.2644 80 200 120
5.5345 2.0544 -2.7646 80 200 120
6.7822 -0.1179 -1.2578 80 200 120
5.4374 1.7585 -1.4094 80 200 120
3.3085 3.3746 -1.3425 80 200 120
7.6462 0.1509 -2.2188 80 200 120
7.1854 0.2950 -2.4720 80 200 120
0.2744 -2.9700 -2.0348 80 200 120
-0.6295 -3.4976 -3.8936 80 200 120
-0.1009 -4.3435 -1.5242 80 200 120
2.2271 0.6820 -3.5748 80 200 120
0.9407 4.1615 -5.2554 80 200 120
3.7597 2.5800 -3.1226 80 200 120
0.6002 -3.6913 -2.9072 80 200 120
1.5521 3.9592 -4.2030 80 200 120
1.1739 2.8877 -4.7888 80 200 120
1.3624 -5.5310 -1.2304 80 200 120
4.1469 2.1628 -3.0429 80 200 120
4.3106 2.2229 -3.1592 80 200 120
-2.3807 -1.8803 -3.8663 80 200 120
1.1299 -0.3817 -2.8500 80 200 120
0.5076 2.3790 -5.4070 80 200 120
-2.4179 -2.3543 -2.6899 80 200 120
5.7601 -8.4639 -1.5706 80 200 120
4.0343 -11.1068 -1.0032 80 200 120
9.5392 -3.1083 -3.3291 80 200 120
7.7548 -4.7640 -1.0741 80 200 120
7.6127 -3.8629 -4.1825 80 200 120
4.9507 -5.4083 -3.3108 80 200 120
0.5265 -3.8856 -2.7020 80 200 120
8.9034 -2.1527 -1.4304 80 200 120
5.1856 -5.1826 -4.5640 80 200 120
5.8012 -3.5950 -3.7062 80 200 120
3.7739 -6.0835 -4.2807 80 200 120
0.3139 -4.0419 -1.4883 80 200 120
8.4393 -4.9693 -2.8956 80 200 120
8.0405 -6.8418 -3.1306 80 200 120
5.7581 -4.1142 -2.8629 80 200 120
4.6586 -3.3351 -3.4774 80 200 120
6.3113 -2.7195 -3.7874 80 200 120
4.5893 -1.6312 -3.2580 80 200 120
6.0355 1.9024 -3.5885 80 200 120
8.2736 -6.1678 -3.6396 80 200 120
4.7469 1.0454 -4.6727 80 200 120
6.0416 1.3139 -5.0447 80 200 120
4.9430 0.8540 -4.6280 80 200 120
6.6482 1.3452 -5.2763 80 200 120
3.7658 -1.4604 -4.7676 80 200 120
2.6416 -3.4214 -4.0703 80 200 120
-2.5673 -1.3199 -4.4710 80 200 120
2.1397 -0.9089 -4.3109 80 200 120
1.8149 -8.0550 -5.2064 80 200 120
7.1089 -4.5603 -3.5286 80 200 120
5.6237 -1.6728 -3.5736 80 200 120
2.1582 0.9941 -3.9091 80 200 120
2.9586 2.8687 -4.7113 80 200 120
0.7589 -0.4209 -2.3415 80 200 120
5.5420 -2.8224 -3.7459 80 200 120
4.4967 1.3941 -4.8210 80 200 120
3.5238 -2.0414 -3.7092 80 200 120
6.1452 -2.2972 -4.7876 80 200 120
-0.6803 1.4821 -2.0524 80 200 120
3.6748 2.6208 -4.7754 80 200 120
2.4589 2.1646 -4.8239 80 200 120
2.5445 -0.1197 -5.1689 80 200 120
5.0782 0.9429 -3.5062 80 200 120
3.0503 3.9454 -2.1019 80 200 120
5.0325 -1.2221 -4.5976 80 200 120
0.5484 -0.3764 -3.9554 80 200 120
2.4623 3.1918 -1.5671 80 200 120
2.1460 4.2402 -2.9297 80 200 120
-1.2106 0.5875 -3.7698 80 200 120
1.3783 0.0415 -3.6070 80 200 120
1.9961 3.4449 -2.5097 80 200 120
2.9369 2.1991 -4.7947 80 200 120
7.2364 0.3141 -2.1546 80 200 120
2.3604 5.1654 -2.0787 80 200 120
1.6206 3.8384 -1.2004 80 200 120
1.9117 4.7711 -2.0701 80 200 120
2.6275 4.2055 -2.6220 80 200 120
2.3052 4.3160 -2.4309 80 200 120
4.0678 1.4750 -1.4013 80 200 120
1.2777 5.1696 -1.0319 80 200 120
4.5490 0.6418 -1.3475 80 200 120
6.2464 1.3263 -1.8828 80 200 120
3.7792 1.8389 -1.3901 80 200 120
6.9854 0.5468 -2.3924 80 200 120
4.4628 1.8257 -1.2635 80 200 120
4.5819 0.8956 -1.3278 80 200 120
5.3816 1.7796 -3.1338 80 200 120
7.4862 -0.8899 -1.2339 80 200 120
7.6606 -0.2786 -1.3780 80 200 120
5.1758 5.4088 -1.8202 80 200 120
6.6644 0.9982 -1.7791 80 200 120
4.3785 0.2354 -1.2450 80 200 120
6.2483 1.6513 -1.3606 80 200 120
3.6760 4.8157 -2.4819 80 200 120
5.9504 1.9928 -1.6561 80 200 120
7.4093 0.0891 -3.1180 80 200 120
6.1492 1.8167 -2.8419 80 200 120
4.5203 3.2016 -2.4576 80 200 120
8.0054 -0.6132 -2.0342 80 200 120
6.2529 1.3429 -3.0085 80 200 120
4.9469 2.9888 -2.3338 80 200 120
1.1312 -0.3748 -1.8232 80 200 120
-2.6088 -2.0774 -1.1302 80 200 120
1.2977 -2.4165 -3.9176 80 200 120
-1.2392 -4.3568 -4.5980 80 200 120
0.6031 -5.4064 -2.7644 80 200 120
-0.4447 -2.6753 -4.5757 80 200 120
-0.4445 -0.7095 -4.2024 80 200 120
-4.5184 -1.5673 -4.9919 80 200 120
-3.1317 -2.4139 -4.7668 80 200 120
-1.6608 -2.1681 -5.0028 80 200 120
0.8058 -5.0436 -0.9959 80 200 120
2.1851 4.0122 -2.7746 80 200 120
-2.3057 0.2339 -4.0473 80 200 120
0.7207 0.4218 -1.3336 80 200 120
-0.2914 2.0663 -4.8655 80 200 120
1.2736 -0.2847 -3.7080 80 200 120
-1.8537 -14.1513 0.2639 80 200 120
0.1578 -0.5018 -3.5946 80 200 120
-1.8973 -3.6953 -4.6110 80 200 120
0.7833 -4.1693 -1.3355 80 200 120
-1.0986 -3.8292 -3.2645 80 200 120
5.5205 -8.4356 -1.2062 80 200 120
5.5918 -7.2882 -0.9805 80 200 120
4.8779 -11.7474 -0.7138 80 200 120
3.7205 -8.2064 -1.2738 80 200 120
-3.3274 -17.4578 1.0280 80 200 120
8.9317 -4.0092 -4.5225 80 200 120
6.6978 -3.4499 -3.9216 80 200 120
5.0795 -3.8457 -3.5806 80 200 120
7.0376 -4.4836 -3.7238 80 200 120
7.0356 -6.6354 -1.8687 80 200 120
2.3139 -5.6053 -2.3324 80 200 120
10.4404 -3.9553 -2.7821 80 200 120
1.1874 -23.4613 -5.1399 80 200 120
2.7649 -3.6793 -1.1377 80 200 120
6.4593 -4.0349 -4.2957 80 200 120
7.8974 -2.6607 -1.2183 80 200 120
8.2752 -4.4674 -1.4515 80 200 120
10.5820 -3.2704 -1.6847 80 200 120
6.1320 -1.1204 -5.0944 80 200 120
6.2157 -1.4214 -4.8720 80 200 120
9.3456 -2.0550 -3.2119 80 200 120
6.5689 0.0018 -4.4749 80 200 120
5.0160 -0.0569 -4.8991 80 200 120
9.0033 -5.1445 -2.1542 80 200 120
-41.8172 -232.4246 -49.3057 80 200 120
4.1779 -6.3926 -4.1812 80 200 120
10.4766 -4.8750 -5.2603 80 200 120
6.8308 -3.1322 -4.5782 80 200 120
6.1459 -0.2885 -4.3792 80 200 120
3.3813 3.0064 -5.7498 80 200 120
10.8305 -6.3257 -5.6738 80 200 120
2.5513 0.2929 -3.6311 80 200 120
6.0792 -1.2505 -4.9101 80 200 120
3.1321 0.4557 -4.8423 80 200 120
2.3687 -2.7498 -5.2863 80 200 120
2.2218 0.9113 -3.4637 80 200 120
3.7621 -2.1883 -5.1302 80 200 120
5.3472 -2.0135 -5.6103 80 200 120
2.5134 0.0062 -3.7155 80 200 120
2.8004 -0.1629 -4.5023 80 200 120
-1.1827 0.9031 -2.9007 80 200 120
2.7366 -0.2695 -3.8508 80 200 120
5.0016 2.3497 -3.3697 80 200 120
2.1556 -1.0338 -4.4145 80 200 120
2.5133 -1.9232 -4.9473 80 200 120
6.2018 -0.3750 -3.5793 80 200 120
0.5974 -1.5143 -4.2046 80 200 120
6.8364 0.3950 -4.6969 80 200 120
4.1704 -1.9678 -4.7489 80 200 120
-0.6949 1.0590 -2.5296 80 200 120
1.9997 3.7375 -1.9921 80 200 120
3.9372 -0.7166 -4.7614 80 200 120
4.8890 -1.3256 -4.6180 80 200 120
3.3738 -2.1080 -5.5976 80 200 120
3.6216 -3.7486 -6.5121 80 200 120
3.9399 -1.7201 -4.1674 80 200 120
4.7079 1.7041 -3.4210 80 200 120
5.5279 0.7696 -4.9527 80 200 120
1.8778 2.0397 -1.3479 80 200 120
4.0296 2.6027 -3.2274 80 200 120
0.8622 3.2967 -1.2317 80 200 120
3.7067 3.2956 -3.0837 80 200 120
1.7947 4.3309 -2.4349 80 200 120
2.3505 3.9371 -2.9585 80 200 120
0.3104 3.1656 -1.2217 80 200 120
1.7811 4.1831 -2.8385 80 200 120
1.8136 7.9047 -2.7402 80 200 120
5.8019 1.8078 -3.2275 80 200 120
3.5115 0.6189 -1.1470 80 200 120
1.8911 2.2702 -0.7992 80 200 120
2.0651 2.7456 -1.2131 80 200 120
3.9676 0.7372 -1.3476 80 200 120
7.1006 0.3048 -1.1784 80 200 120
6.9097 -0.2551 -1.3402 80 200 120
5.1747 1.8386 -1.5967 80 200 120
5.2363 1.9688 -3.3435 80 200 120
-0.3192 4.8094 -0.8924 80 200 120
2.6365 2.3360 -1.0706 80 200 120
0.0323 5.6690 -1.8324 80 200 120
6.7360 0.9038 -2.7102 80 200 120
5.0857 3.7167 -2.7530 80 200 120
6.3186 1.1048 -3.2083 80 200 120
2.9645 3.6984 -2.9551 80 200 120
5.3983 2.5594 -3.0731 80 200 120
5.0265 2.2507 -3.2775 80 200 120
5.9346 0.4736 -1.2007 80 200 120
5.1779 2.5920 -2.4286 80 200 120
0.7290 -0.4364 -2.2981 80 200 120
0.2964 -3.5732 -4.5769 80 200 120
-1.9945 -3.4444 -5.7761 80 200 120
1.4342 -5.8560 -2.7574 80 200 120
2.0270 -6.5630 -1.9876 80 200 120
-1.0879 -1.9317 -5.2968 80 200 120
1.0219 0.3658 -3.7403 80 200 120
0.8338 3.3205 -2.9754 80 200 120
1.8480 -3.3175 -1.0585 80 200 120
0.2619 -3.6734 -3.7520 80 200 120
-2.3236 -3.9006 -3.2410 80 200 120
-1.9397 -5.0308 -1.9307 80 200 120
-1.2283 -2.4414 -5.3168 80 200 120
-0.4299 1.7900 -3.9400 80 200 120
1.2110 -5.5192 -1.9957 80 200 120
2.3115 -7.1995 -1.7936 80 200 120
0.1380 -5.4457 -1.6004 80 200 120
1.9374 -4.9369 -0.7052 80 200 120
4.0534 2.8164 -2.0693 80 200 120
6.3245 -10.8756 -0.0305 80 200 120
4.7548 -4.7125 -1.3286 80 200 120
3.0373 -5.0256 -2.3333 80 200 120
4.2607 -8.7499 -3.3813 80 200 120
6.8302 -4.4249 -2.4575 80 200 120
10.1404 -3.4765 -3.5725 80 200 120
3.1737 -31.1531 -3.2178 80 200 120
6.4621 -5.1929 -4.4404 80 200 120
4.5411 -5.1181 -3.6811 80 200 120
5.3911 -3.0853 -1.0635 80 200 120
8.6503 -4.5541 -4.7141 80 200 120
8.9630 -2.1052 -1.3592 80 200 120
9.3173 -2.7046 -1.4476 80 200 120
8.2546 -7.3963 -3.1499 80 200 120
5.3965 -8.0397 -3.8452 80 200 120
5.3481 -1.6419 -4.3945 80 200 120
5.8168 -2.3640 -3.3867 80 200 120
6.1147 -2.4386 -3.7982 80 200 120
3.9118 -1.1590 -4.8436 80 200 120
5.5180 1.0172 -4.7379 80 200 120
10.2748 -3.5025 -3.4066 80 200 120
4.6003 -1.7123 -4.8079 80 200 120
7.6501 -3.0538 -4.4318 80 200 120
7.0888 0.1363 -4.6906 80 200 120
8.5328 -4.9606 -3.0141 80 200 120
8.8084 -1.5334 -3.5528 80 200 120
4.9632 -1.0266 -4.5990 80 200 120
6.5113 0.5291 -4.8622 80 200 120
5.0079 -0.5770 -4.6532 80 200 120
4.0187 -10.6774 -5.0735 80 200 120
4.6060 -1.6079 -3.1723 80 200 120
-0.1370 -3.3123 -4.2751 80 200 120
7.6969 -1.5666 -5.1718 80 200 120
2.4750 -0.0376 -3.7738 80 200 120
5.3475 -2.8016 -3.3852 80 200 120
8.3722 -5.5926 -4.9152 80 200 120
-1.7712 -0.9224 -2.9953 80 200 120
4.7409 -6.0875 -1.6483 80 200 120
7.8477 -2.2820 -4.9412 80 200 120
4.6538 1.4789 -5.2942 80 200 120
4.7944 -1.1240 -4.5238 80 200 120
3.2469 -0.3315 -4.7249 80 200 120
1.3627 -2.1633 -3.8318 80 200 120
2.0408 -2.7989 -4.5013 80 200 120
-1.0074 -1.2630 -2.9197 80 200 120
2.4241 -1.4418 -4.2984 80 200 120
0.1895 0.9359 -3.8714 80 200 120
4.7499 1.2261 -3.4278 80 200 120
2.6065 -0.6390 -3.9597 80 200 120
0.6339 2.0656 -4.5012 80 200 120
3.2950 3.1671 -3.1692 80 200 120
0.7001 -2.3403 -4.6127 80 200 120
-1.2358 -1.0293 -4.0211 80 200 120
3.2310 4.1413 -1.5243 80 200 120
2.7550 4.4135 -2.1707 80 200 120
1.8388 3.1487 -1.5158 80 200 120
-1.8295 0.8519 -1.7409 80 200 120
3.5593 5.3835 -0.8716 80 200 120
4.2977 1.5812 -3.1724 80 200 120
2.8868 -0.9675 -4.6906 80 200 120
