t,tracked,n_obs0,n_obs1,mean0,ms,keyframe,n_landmarks,allobs
1700000000.000000,0,0,0,116.70,2.78,0,0,0/0/0/0/0/0
1700000000.050000,0,0,0,116.70,1.95,0,0,0/0/0/0/0/0
1700000000.100000,0,0,0,116.71,1.87,0,0,0/0/0/0/0/0
1700000000.150000,0,0,0,116.71,1.93,0,0,0/0/0/0/0/0
1700000000.200000,0,0,0,116.71,1.87,0,0,0/0/0/0/0/0
1700000000.250000,0,0,0,116.71,1.82,0,0,0/0/0/0/0/0
1700000000.300000,0,0,0,116.71,1.84,0,0,0/0/0/0/0/0
1700000000.350000,0,0,0,116.71,1.80,0,0,0/0/0/0/0/0
1700000000.400000,0,0,0,116.71,1.92,0,0,0/0/0/0/0/0
1700000000.450000,0,0,0,116.71,1.91,0,0,0/0/0/0/0/0
1700000000.500000,0,0,0,116.71,1.85,0,0,0/0/0/0/0/0
1700000000.550000,0,0,0,116.70,1.78,0,0,0/0/0/0/0/0
1700000000.600000,0,0,0,116.71,1.77,0,0,0/0/0/0/0/0
1700000000.650000,0,0,0,116.72,1.76,0,0,0/0/0/0/0/0
1700000000.700000,0,0,0,116.71,2.04,0,0,0/0/0/0/0/0
1700000000.750000,0,0,0,116.72,1.86,0,0,0/0/0/0/0/0
1700000000.800000,0,0,0,116.71,1.80,0,0,0/0/0/0/0/0
1700000000.850000,0,0,0,116.71,1.83,0,0,0/0/0/0/0/0
1700000000.900000,1,244,238,116.71,30.79,1,0,244/238/235/272/261/272
1700000000.950000,1,300,300,116.71,38.02,0,0,300/300/300/300/300/300
1700000001.000000,1,300,300,116.71,47.55,0,0,300/300/300/300/300/300
1700000001.050000,1,300,300,116.72,68.93,1,180,300/300/300/300/300/300
1700000001.100000,1,300,300,116.72,48.97,0,180,300/300/300/300/300/300
1700000001.150000,1,300,300,116.71,49.55,0,180,300/300/300/300/300/300
1700000001.200000,1,300,300,116.70,68.00,1,282,300/300/300/300/300/300
1700000001.250000,1,300,300,116.72,38.66,0,282,300/300/300/300/300/300
1700000001.300000,1,300,300,116.72,39.13,0,282,300/300/300/300/300/300
1700000001.350000,1,300,300,116.72,71.64,1,295,300/300/300/300/300/300
1700000001.400000,1,300,300,116.71,40.81,0,295,300/300/300/300/300/300
1700000001.450000,1,300,300,116.71,38.85,0,295,300/300/300/300/300/300
1700000001.500000,1,300,300,116.71,63.34,1,165,300/300/300/300/300/300
1700000001.550000,1,300,300,116.70,39.25,0,165,300/300/300/300/300/300
1700000001.600000,1,300,300,116.71,38.67,0,165,300/300/300/300/300/300
1700000001.650000,1,300,300,116.70,61.48,1,234,300/300/300/300/300/300
1700000001.700000,1,300,300,116.70,48.89,0,234,300/300/300/300/300/300
1700000001.750000,1,300,300,116.71,48.08,0,234,300/300/300/300/300/300
1700000001.800000,1,300,300,116.70,77.85,1,512,300/300/300/300/300/300
1700000001.850000,1,300,300,116.72,41.36,0,512,300/300/300/300/300/300
1700000001.900000,1,300,300,116.71,41.46,0,512,300/300/300/300/300/300
1700000001.950000,1,300,300,116.71,80.88,1,737,300/300/300/300/300/300
1700000002.000000,1,300,300,116.71,39.91,0,737,300/300/300/300/300/300
1700000002.050000,1,300,300,116.72,40.72,0,737,300/300/300/300/300/300
1700000002.100000,1,300,300,116.72,90.13,1,864,300/300/300/300/300/300
1700000002.150000,1,300,300,116.73,42.00,0,864,300/300/300/300/300/300
1700000002.200000,1,300,300,116.73,41.94,0,864,300/300/300/300/300/300
1700000002.250000,1,300,300,116.72,101.30,1,893,300/300/300/300/300/300
1700000002.300000,1,300,300,116.73,43.89,0,893,300/300/300/300/300/300
1700000002.350000,1,300,300,116.73,42.61,0,893,300/300/300/300/300/300
1700000002.400000,1,300,300,116.75,102.25,1,910,300/300/300/300/300/300
1700000002.450000,1,300,300,116.76,44.15,0,910,300/300/300/300/300/300
1700000002.500000,1,300,300,116.76,46.50,0,910,300/300/300/300/300/300
1700000002.550000,1,300,300,116.77,108.92,1,951,300/300/300/300/300/300
1700000002.600000,1,300,300,116.77,46.78,0,951,300/300/300/300/300/300
1700000002.650000,1,300,300,116.78,43.15,0,951,300/300/300/300/300/300
1700000002.700000,1,300,300,116.79,116.72,1,1000,300/300/300/300/300/300
1700000002.750000,1,300,300,116.80,45.81,0,1000,300/300/300/300/300/300
1700000002.800000,1,300,300,116.80,46.97,0,1000,300/300/300/300/300/300
1700000002.850000,1,300,300,116.82,127.84,1,1060,300/300/300/300/300/300
1700000002.900000,1,300,300,116.83,45.98,0,1060,300/300/300/300/300/300
1700000002.950000,1,300,300,116.84,46.34,0,1060,300/300/300/300/300/300
1700000003.000000,1,300,300,116.87,157.84,1,1101,300/300/300/300/300/300
1700000003.050000,1,300,300,116.87,48.05,0,1101,300/300/300/300/300/300
1700000003.100000,1,300,300,116.88,46.45,0,1101,300/300/300/300/300/300
1700000003.150000,1,300,300,116.91,149.08,1,1157,300/300/300/300/300/300
1700000003.200000,1,300,300,116.95,45.45,0,1157,300/300/300/300/300/300
1700000003.250000,1,300,300,116.96,45.80,0,1157,300/300/300/300/300/300
1700000003.300000,1,300,300,116.98,158.64,1,1224,300/300/300/300/300/300
1700000003.350000,1,300,300,116.99,46.88,0,1224,300/300/300/300/300/300
1700000003.400000,1,300,300,116.98,46.67,0,1224,300/300/300/300/300/300
1700000003.450000,1,300,300,116.97,169.62,1,1277,300/300/300/300/300/300
1700000003.500000,1,300,300,116.97,46.82,0,1277,300/300/300/300/300/300
1700000003.550000,1,300,300,116.95,46.50,0,1277,300/300/300/300/300/300
1700000003.600000,1,300,300,116.96,181.96,1,1323,300/300/300/300/300/300
1700000003.650000,1,300,300,116.95,47.99,0,1323,300/300/300/300/300/300
1700000003.700000,1,300,300,116.94,46.21,0,1323,300/300/300/300/300/300
1700000003.750000,1,300,300,116.94,222.14,1,1382,300/300/300/300/300/300
1700000003.800000,1,300,300,116.93,48.89,0,1382,300/300/300/300/300/300
1700000003.850000,1,300,300,116.92,46.64,0,1382,300/300/300/300/300/300
1700000003.900000,1,300,300,116.91,201.98,1,1442,300/300/300/300/300/300
1700000003.950000,1,300,300,116.90,48.21,0,1442,300/300/300/300/300/300
1700000004.000000,1,300,300,116.90,46.60,0,1442,300/300/300/300/300/300
1700000004.050000,1,300,300,116.89,215.84,1,1497,300/300/300/300/300/300
1700000004.100000,1,300,300,116.87,51.96,0,1497,300/300/300/300/300/300
1700000004.150000,1,300,300,116.88,50.11,0,1497,300/300/300/300/300/300
1700000004.200000,1,300,300,116.92,233.23,1,1542,300/300/300/300/300/300
1700000004.250000,1,300,300,116.95,47.38,0,1542,300/300/300/300/300/300
1700000004.300000,1,300,300,116.99,47.48,0,1542,300/300/300/300/300/300
1700000004.350000,1,300,300,116.98,243.18,1,1601,300/300/300/300/300/300
1700000004.400000,1,300,300,116.96,52.32,0,1601,300/300/300/300/300/300
1700000004.450000,1,300,300,116.93,46.45,0,1601,300/300/300/300/300/300
1700000004.500000,1,300,300,116.93,253.52,1,1670,300/300/300/300/300/300
1700000004.550000,1,300,300,116.94,50.62,0,1670,300/300/300/300/300/300
1700000004.600000,1,300,300,116.94,47.46,0,1670,300/300/300/300/300/300
1700000004.650000,1,300,300,116.97,447.67,1,1718,300/300/300/300/300/300
1700000004.700000,1,300,300,117.01,49.18,0,1718,300/300/300/300/300/300
1700000004.750000,1,300,300,117.03,48.08,0,1718,300/300/300/300/300/300
1700000004.800000,1,300,300,117.03,361.10,1,1787,300/300/300/300/300/300
1700000004.850000,1,300,300,117.02,48.66,0,1787,300/300/300/300/300/300
1700000004.900000,1,300,300,117.02,47.25,0,1787,300/300/300/300/300/300
1700000004.950000,1,300,300,117.01,386.15,1,1839,300/300/300/300/300/300
1700000005.000000,1,300,300,117.01,47.80,0,1839,300/300/300/300/300/300
1700000005.050000,1,300,300,116.99,46.33,0,1839,300/300/300/300/300/300
1700000005.100000,1,300,300,116.97,339.34,1,1876,300/300/300/300/300/300
1700000005.150000,1,300,300,116.96,49.68,0,1876,300/300/300/300/300/300
1700000005.200000,1,300,300,116.92,49.67,0,1876,300/300/300/300/300/300
1700000005.250000,1,300,300,116.89,460.21,1,1924,300/300/300/300/300/300
1700000005.300000,1,300,300,116.85,48.12,0,1924,300/300/300/300/300/300
1700000005.350000,1,300,300,116.80,48.99,0,1924,300/300/300/300/300/300
1700000005.400000,1,300,300,116.74,315.04,1,1952,300/300/300/300/300/300
1700000005.450000,1,300,300,116.67,63.35,0,1952,300/300/300/300/300/300
1700000005.500000,1,300,300,116.59,61.85,0,1952,300/300/300/300/300/300
1700000005.550000,1,300,300,116.53,362.08,1,1994,300/300/300/300/300/300
1700000005.600000,1,300,300,116.44,51.21,0,1994,300/300/300/300/300/300
1700000005.650000,1,300,300,116.36,49.95,0,1994,300/300/300/300/300/300
1700000005.700000,1,300,300,116.26,233.78,1,1905,300/300/300/300/300/300
1700000005.750000,1,300,300,116.18,49.60,0,1905,300/300/300/300/300/300
1700000005.800000,1,300,300,116.08,48.56,0,1905,300/300/300/300/300/300
1700000005.850000,1,300,300,115.94,247.09,1,1767,300/300/300/300/300/300
1700000005.900000,1,300,300,115.83,52.29,0,1767,300/300/300/300/300/300
1700000005.950000,1,300,300,115.66,48.28,0,1767,300/300/300/300/300/300
1700000006.000000,1,300,300,115.46,145.55,1,1764,300/300/300/300/300/300
1700000006.050000,1,300,300,115.22,51.41,0,1764,300/300/300/300/300/300
1700000006.100000,1,300,300,114.94,54.30,0,1764,300/300/300/300/300/300
1700000006.150000,1,300,300,114.61,195.71,1,1763,300/300/300/300/300/300
1700000006.200000,1,300,300,114.20,57.14,0,1763,300/300/300/300/300/300
1700000006.250000,1,300,300,113.75,57.42,0,1763,300/300/300/300/300/300
1700000006.300000,1,300,300,113.27,211.91,1,1817,300/300/300/300/300/300
1700000006.350000,1,300,300,112.79,53.09,0,1817,300/300/300/300/300/300
1700000006.400000,1,300,300,116.65,61.25,0,1817,300/300/300/300/300/300
1700000006.450000,1,300,300,116.64,154.59,1,1969,300/300/300/300/300/300
1700000006.500000,1,300,300,116.59,52.20,0,1969,300/300/300/300/300/300
1700000006.550000,1,300,300,116.58,49.01,0,1969,300/300/300/300/300/300
1700000006.600000,1,300,300,116.57,219.63,1,2062,300/300/300/300/300/300
1700000006.650000,1,300,300,116.55,46.43,0,2062,300/300/300/300/300/300
1700000006.700000,1,300,300,116.53,46.36,0,2062,300/300/300/300/300/300
1700000006.750000,1,300,300,116.53,186.02,1,2134,300/300/300/300/300/300
1700000006.800000,1,300,300,116.52,58.31,0,2134,300/300/300/300/300/300
1700000006.850000,1,300,300,110.64,62.80,0,2134,300/300/300/300/300/300
1700000006.900000,1,300,300,112.15,170.01,1,2113,300/300/300/300/300/300
1700000006.950000,1,300,300,113.36,49.63,0,2113,300/300/300/300/300/300
1700000007.000000,1,300,300,113.95,54.95,0,2113,300/300/300/300/300/300
1700000007.050000,1,300,300,114.25,233.05,1,2305,300/300/300/300/300/300
1700000007.100000,1,300,300,114.49,54.82,0,2305,300/300/300/300/300/300
1700000007.150000,1,300,300,114.63,51.88,0,2305,300/300/300/300/300/300
1700000007.200000,1,300,300,114.76,151.23,1,2444,300/300/300/300/300/300
1700000007.250000,1,300,300,114.87,50.15,0,2444,300/300/300/300/300/300
1700000007.300000,1,300,300,114.98,48.98,0,2444,300/300/300/300/300/300
1700000007.350000,1,300,300,115.08,235.82,1,2478,300/300/300/300/300/300
1700000007.400000,1,300,300,115.18,51.33,0,2478,300/300/300/300/300/300
1700000007.450000,1,300,300,115.27,47.27,0,2478,300/300/300/300/300/300
1700000007.500000,1,300,300,115.36,216.42,1,2503,300/300/300/300/300/300
1700000007.550000,1,300,300,115.44,49.73,0,2503,300/300/300/300/300/300
1700000007.600000,1,300,300,115.55,51.82,0,2503,300/300/300/300/300/300
1700000007.650000,1,300,300,115.62,233.07,1,2519,300/300/300/300/300/300
1700000007.700000,1,300,300,115.70,51.90,0,2519,300/300/300/300/300/300
1700000007.750000,1,300,300,115.78,50.88,0,2519,300/300/300/300/300/300
1700000007.800000,1,300,300,115.87,151.89,1,2528,300/300/300/300/300/300
1700000007.850000,1,300,300,115.94,49.84,0,2528,300/300/300/300/300/300
1700000007.900000,1,300,300,116.01,48.90,0,2528,300/300/300/300/300/300
1700000007.950000,1,300,300,116.08,211.12,1,2534,300/300/300/300/300/300
1700000008.000000,1,300,300,116.14,48.48,0,2534,300/300/300/300/300/300
1700000008.050000,1,300,300,116.22,49.39,0,2534,300/300/300/300/300/300
1700000008.100000,1,300,300,116.28,215.78,1,2558,300/300/300/300/300/300
1700000008.150000,1,300,300,116.37,50.98,0,2558,300/300/300/300/300/300
1700000008.200000,1,300,300,116.45,49.03,0,2558,300/300/300/300/300/300
1700000008.250000,1,300,300,116.53,259.89,1,2574,300/300/300/300/300/300
1700000008.300000,1,300,300,116.61,48.83,0,2574,300/300/300/300/300/300
1700000008.350000,1,300,300,116.70,49.13,0,2574,300/300/300/300/300/300
1700000008.400000,1,300,300,116.76,256.84,1,2577,300/300/300/300/300/300
1700000008.450000,1,300,300,116.83,46.40,0,2577,300/300/300/300/300/300
1700000008.500000,1,300,300,116.89,46.11,0,2577,300/300/300/300/300/300
1700000008.550000,1,300,300,116.99,260.14,1,2582,300/300/300/300/300/300
1700000008.600000,1,300,300,117.09,49.25,0,2582,300/300/300/300/300/300
1700000008.650000,1,300,300,117.22,48.37,0,2582,300/300/300/300/300/300
1700000008.700000,1,300,300,117.35,259.69,1,2599,300/300/300/300/300/300
1700000008.750000,1,300,300,117.49,50.49,0,2599,300/300/300/300/300/300
1700000008.800000,1,300,300,117.62,49.22,0,2599,300/300/300/300/300/300
1700000008.850000,1,300,300,117.74,271.36,1,2599,300/300/300/300/300/300
1700000008.900000,1,300,300,117.86,48.64,0,2599,300/300/300/300/300/300
1700000008.950000,1,300,300,117.96,48.24,0,2599,300/300/300/300/300/300
1700000009.000000,1,300,300,118.03,172.86,1,2613,300/300/300/300/300/300
1700000009.050000,1,300,300,118.10,49.11,0,2613,300/300/300/300/300/300
1700000009.100000,1,300,300,118.17,50.42,0,2613,300/300/300/300/300/300
1700000009.150000,1,300,300,118.26,206.02,1,2592,300/300/300/300/300/300
1700000009.200000,1,300,300,118.35,50.66,0,2592,300/300/300/300/300/300
1700000009.250000,1,300,300,118.40,49.64,0,2592,300/300/300/300/300/300
1700000009.300000,1,300,300,118.46,278.41,1,2572,300/300/300/300/300/300
1700000009.350000,1,300,300,118.52,47.61,0,2572,300/300/300/300/300/300
1700000009.400000,1,300,300,118.56,48.35,0,2572,300/300/300/300/300/300
1700000009.450000,1,300,300,118.57,297.81,1,2563,300/300/300/300/300/300
1700000009.500000,1,300,300,118.57,47.64,0,2563,300/300/300/300/300/300
1700000009.550000,1,300,300,118.54,50.93,0,2563,300/300/300/300/300/300
1700000009.600000,1,300,300,118.53,179.86,1,2540,300/300/300/300/300/300
1700000009.650000,1,300,300,118.52,48.31,0,2540,300/300/300/300/300/300
1700000009.700000,1,300,300,118.51,47.89,0,2540,300/300/300/300/300/300
1700000009.750000,1,300,300,118.48,311.63,1,2492,300/300/300/300/300/300
1700000009.800000,1,300,300,118.45,49.10,0,2492,300/300/300/300/300/300
1700000009.850000,1,300,300,118.45,46.40,0,2492,300/300/300/300/300/300
1700000009.900000,1,300,300,118.44,249.63,1,2406,300/300/300/300/300/300
1700000009.950000,1,300,300,118.46,49.98,0,2406,300/300/300/300/300/300
1700000010.000000,1,300,300,118.47,47.74,0,2406,300/300/300/300/300/300
1700000010.050000,1,300,300,118.49,303.76,1,2329,300/300/300/300/300/300
1700000010.100000,1,300,300,118.49,48.59,0,2329,300/300/300/300/300/300
1700000010.150000,1,300,300,118.49,48.87,0,2329,300/300/300/300/300/300
1700000010.200000,1,300,300,118.49,314.11,1,2269,300/300/300/300/300/300
1700000010.250000,1,300,300,118.48,48.48,0,2269,300/300/300/300/300/300
1700000010.300000,1,300,300,118.47,48.58,0,2269,300/300/300/300/300/300
1700000010.350000,1,300,300,118.46,322.00,1,2259,300/300/300/300/300/300
1700000010.400000,1,300,300,118.43,48.60,0,2259,300/300/300/300/300/300
1700000010.450000,1,300,300,118.44,48.57,0,2259,300/300/300/300/300/300
1700000010.500000,1,300,300,118.43,180.04,1,2147,300/300/300/300/300/300
1700000010.550000,1,300,300,118.43,47.91,0,2147,300/300/300/300/300/300
1700000010.600000,1,300,300,118.45,47.71,0,2147,300/300/300/300/300/300
1700000010.650000,1,300,300,118.45,381.96,1,2076,300/300/300/300/300/300
1700000010.700000,1,300,300,118.47,49.05,0,2076,300/300/300/300/300/300
1700000010.750000,1,300,300,118.48,48.11,0,2076,300/300/300/300/300/300
1700000010.800000,1,300,300,118.50,213.10,1,2026,300/300/300/300/300/300
1700000010.850000,1,300,300,118.51,48.94,0,2026,300/300/300/300/300/300
1700000010.900000,1,300,300,118.51,49.25,0,2026,300/300/300/300/300/300
1700000010.950000,1,300,300,118.53,319.07,1,2041,300/300/300/300/300/300
1700000011.000000,1,300,300,118.54,50.49,0,2041,300/300/300/300/300/300
1700000011.050000,1,300,300,118.51,47.78,0,2041,300/300/300/300/300/300
1700000011.100000,1,300,300,118.49,283.66,1,1862,300/300/300/300/300/300
1700000011.150000,1,300,300,118.47,48.56,0,1862,300/300/300/300/300/300
1700000011.200000,1,300,300,118.44,48.48,0,1862,300/300/300/300/300/300
1700000011.250000,1,300,300,118.40,205.55,1,1787,300/300/300/300/300/300
1700000011.300000,1,300,300,118.35,48.17,0,1787,300/300/300/300/300/300
1700000011.350000,1,300,300,118.29,51.18,0,1787,300/300/300/300/300/300
1700000011.400000,1,300,300,118.24,212.45,1,1805,300/300/300/300/300/300
1700000011.450000,1,300,300,118.18,48.44,0,1805,300/300/300/300/300/300
1700000011.500000,1,300,300,118.11,49.46,0,1805,300/300/300/300/300/300
1700000011.550000,1,300,300,118.03,284.47,1,1784,300/300/300/300/300/300
1700000011.600000,1,300,300,117.94,49.82,0,1784,300/300/300/300/300/300
1700000011.650000,1,300,300,117.85,47.60,0,1784,300/300/300/300/300/300
1700000011.700000,1,300,300,117.77,149.37,1,1790,300/300/300/300/300/300
1700000011.750000,1,300,300,117.67,48.14,0,1790,300/300/300/300/300/300
1700000011.800000,1,300,300,117.57,49.39,0,1790,300/300/300/300/300/300
1700000011.850000,1,300,300,117.47,239.71,1,1789,300/300/300/300/300/300
1700000011.900000,1,300,300,117.34,48.82,0,1789,300/300/300/300/300/300
1700000011.950000,1,300,300,117.24,47.10,0,1789,300/300/300/300/300/300
1700000012.000000,1,300,300,117.11,174.73,1,1779,300/300/300/300/300/300
1700000012.050000,1,300,300,116.99,47.68,0,1779,300/300/300/300/300/300
1700000012.100000,1,300,300,116.88,48.53,0,1779,300/300/300/300/300/300
1700000012.150000,1,300,300,116.75,197.01,1,1768,300/300/300/300/300/300
1700000012.200000,1,300,300,116.61,47.07,0,1768,300/300/300/300/300/300
1700000012.250000,1,300,300,116.48,47.58,0,1768,300/300/300/300/300/300
1700000012.300000,1,300,300,116.36,275.37,1,1743,300/300/300/300/300/300
1700000012.350000,1,300,300,116.24,47.38,0,1743,300/300/300/300/300/300
1700000012.400000,1,300,300,116.11,45.81,0,1743,300/300/300/300/300/300
1700000012.450000,1,300,300,116.00,259.25,1,1732,300/300/300/300/300/300
1700000012.500000,1,300,300,115.89,48.61,0,1732,300/300/300/300/300/300
1700000012.550000,1,300,300,115.78,47.89,0,1732,300/300/300/300/300/300
1700000012.600000,1,300,300,115.66,241.85,1,1717,300/300/300/300/300/300
1700000012.650000,1,300,300,115.56,47.36,0,1717,300/300/300/300/300/300
1700000012.700000,1,300,300,115.44,46.52,0,1717,300/300/300/300/300/300
1700000012.750000,1,300,300,115.33,269.02,1,1703,300/300/300/300/300/300
1700000012.800000,1,300,300,115.23,47.14,0,1703,300/300/300/300/300/300
1700000012.850000,1,300,300,115.12,47.96,0,1703,300/300/300/300/300/300
1700000012.900000,1,300,300,115.02,296.93,1,1698,300/300/300/300/300/300
1700000012.950000,1,300,300,114.91,46.35,0,1698,300/300/300/300/300/300
1700000013.000000,1,300,300,114.82,45.50,0,1698,300/300/300/300/300/300
1700000013.050000,1,300,300,114.73,225.19,1,1689,300/300/300/300/300/300
1700000013.100000,1,300,300,114.64,46.19,0,1689,300/300/300/300/300/300
1700000013.150000,1,300,300,114.54,46.57,0,1689,300/300/300/300/300/300
1700000013.200000,1,300,300,114.46,228.77,1,1669,300/300/300/300/300/300
1700000013.250000,1,300,300,114.39,46.11,0,1669,300/300/300/300/300/300
1700000013.300000,1,300,300,114.32,45.85,0,1669,300/300/300/300/300/300
1700000013.350000,1,300,300,114.25,224.24,1,1674,300/300/300/300/300/300
1700000013.400000,1,300,300,114.18,49.88,0,1674,300/300/300/300/300/300
1700000013.450000,1,300,300,114.14,46.98,0,1674,300/300/300/300/300/300
1700000013.500000,1,300,300,114.09,231.67,1,1662,300/300/300/300/300/300
1700000013.550000,1,300,300,114.06,47.18,0,1662,300/300/300/300/300/300
1700000013.600000,1,300,300,114.04,45.73,0,1662,300/300/300/300/300/300
1700000013.650000,1,300,300,114.03,351.33,1,1671,300/300/300/300/300/300
1700000013.700000,1,300,300,114.01,46.90,0,1671,300/300/300/300/300/300
1700000013.750000,1,300,300,114.02,46.15,0,1671,300/300/300/300/300/300
1700000013.800000,1,300,300,114.01,331.24,1,1678,300/300/300/300/300/300
1700000013.850000,1,300,300,114.03,46.25,0,1678,300/300/300/300/300/300
1700000013.900000,1,300,300,114.03,47.53,0,1678,300/300/300/300/300/300
1700000013.950000,1,300,300,114.06,239.10,1,1684,300/300/300/300/300/300
1700000014.000000,1,300,300,114.07,47.44,0,1684,300/300/300/300/300/300
1700000014.050000,1,300,300,114.08,46.60,0,1684,300/300/300/300/300/300
1700000014.100000,1,300,300,114.11,317.37,1,1677,300/300/300/300/300/300
1700000014.150000,1,300,300,114.12,47.13,0,1677,300/300/300/300/300/300
1700000014.200000,1,300,300,114.14,46.25,0,1677,300/300/300/300/300/300
1700000014.250000,1,300,300,114.16,247.46,1,1687,300/300/300/300/300/300
1700000014.300000,1,300,300,114.19,47.02,0,1687,300/300/300/300/300/300
1700000014.350000,1,300,300,114.22,47.96,0,1687,300/300/300/300/300/300
1700000014.400000,1,300,300,114.24,288.84,1,1675,300/300/300/300/300/300
1700000014.450000,1,300,300,114.27,47.03,0,1675,300/300/300/300/300/300
1700000014.500000,1,300,300,114.26,48.00,0,1675,300/300/300/300/300/300
1700000014.550000,1,300,300,114.28,202.73,1,1661,300/300/300/300/300/300
1700000014.600000,1,300,300,114.28,47.44,0,1661,300/300/300/300/300/300
1700000014.650000,1,300,300,114.28,47.18,0,1661,300/300/300/300/300/300
1700000014.700000,1,300,300,114.28,370.00,1,1649,300/300/300/300/300/300
1700000014.750000,1,300,300,114.29,48.67,0,1649,300/300/300/300/300/300
1700000014.800000,1,300,300,114.30,46.68,0,1649,300/300/300/300/300/300
1700000014.850000,1,300,300,114.31,201.31,1,1642,300/300/300/300/300/300
1700000014.900000,1,300,300,114.30,47.48,0,1642,300/300/300/300/300/300
1700000014.950000,1,300,300,114.31,47.60,0,1642,300/300/300/300/300/300
1700000015.000000,1,300,300,114.31,168.94,1,1662,300/300/300/300/300/300
1700000015.050000,1,300,300,114.32,49.77,0,1662,300/300/300/300/300/300
1700000015.100000,1,300,300,114.33,48.57,0,1662,300/300/300/300/300/300
1700000015.150000,1,300,300,114.31,297.27,1,1665,300/300/300/300/300/300
1700000015.200000,1,300,300,114.31,47.43,0,1665,300/300/300/300/300/300
1700000015.250000,1,300,300,114.32,49.01,0,1665,300/300/300/300/300/300
1700000015.300000,1,300,300,114.32,200.75,1,1592,300/300/300/300/300/300
1700000015.350000,1,300,300,114.31,48.23,0,1592,300/300/300/300/300/300
1700000015.400000,1,300,300,114.32,48.00,0,1592,300/300/300/300/300/300
1700000015.450000,1,300,300,114.32,233.13,1,1596,300/300/300/300/300/300
1700000015.500000,1,300,300,114.32,47.53,0,1596,300/300/300/300/300/300
1700000015.550000,1,300,300,114.33,47.45,0,1596,300/300/300/300/300/300
1700000015.600000,1,300,300,114.32,183.53,1,1610,300/300/300/300/300/300
1700000015.650000,1,300,300,114.32,48.08,0,1610,300/300/300/300/300/300
1700000015.700000,1,300,300,114.34,49.50,0,1610,300/300/300/300/300/300
1700000015.750000,1,300,300,114.33,188.44,1,1583,300/300/300/300/300/300
1700000015.800000,1,300,300,114.33,49.02,0,1583,300/300/300/300/300/300
1700000015.850000,1,300,300,114.35,47.34,0,1583,300/300/300/300/300/300
1700000015.900000,1,300,300,114.36,273.15,1,1574,300/300/300/300/300/300
1700000015.950000,1,300,300,114.38,51.56,0,1574,300/300/300/300/300/300
1700000016.000000,1,300,300,114.40,48.81,0,1574,300/300/300/300/300/300
1700000016.050000,1,300,300,114.42,182.31,1,1578,300/300/300/300/300/300
1700000016.100000,1,300,300,114.44,49.06,0,1578,300/300/300/300/300/300
1700000016.150000,1,300,300,114.46,46.73,0,1578,300/300/300/300/300/300
1700000016.200000,1,300,300,114.49,155.45,1,1577,300/300/300/300/300/300
1700000016.250000,1,300,300,114.50,49.64,0,1577,300/300/300/300/300/300
1700000016.300000,1,300,300,114.51,49.74,0,1577,300/300/300/300/300/300
1700000016.350000,1,300,300,114.53,155.77,1,1597,300/300/300/300/300/300
1700000016.400000,1,300,300,114.54,51.92,0,1597,300/300/300/300/300/300
1700000016.450000,1,300,300,114.55,48.24,0,1597,300/300/300/300/300/300
1700000016.500000,1,300,300,114.58,280.63,1,1609,300/300/300/300/300/300
1700000016.550000,1,300,300,114.59,48.07,0,1609,300/300/300/300/300/300
1700000016.600000,1,300,300,114.60,49.41,0,1609,300/300/300/300/300/300
1700000016.650000,1,300,300,114.61,263.92,1,1623,300/300/300/300/300/300
1700000016.700000,1,300,300,114.62,51.11,0,1623,300/300/300/300/300/300
1700000016.750000,1,300,300,114.63,49.44,0,1623,300/300/300/300/300/300
1700000016.800000,1,300,300,114.63,160.87,1,1630,300/300/300/300/300/300
1700000016.850000,1,300,300,114.63,48.21,0,1630,300/300/300/300/300/300
1700000016.900000,1,300,300,114.63,48.74,0,1630,300/300/300/300/300/300
1700000016.950000,1,300,300,114.64,161.24,1,1626,300/300/300/300/300/300
1700000017.000000,1,300,300,114.64,47.57,0,1626,300/300/300/300/300/300
1700000017.050000,1,300,300,114.65,49.45,0,1626,300/300/300/300/300/300
1700000017.100000,1,300,300,114.63,160.60,1,1637,300/300/300/300/300/300
1700000017.150000,1,300,300,114.65,50.52,0,1637,300/300/300/300/300/300
1700000017.200000,1,300,300,114.64,49.44,0,1637,300/300/300/300/300/300
1700000017.250000,1,300,300,114.65,285.69,1,1666,300/300/300/300/300/300
1700000017.300000,1,300,300,114.69,48.33,0,1666,300/300/300/300/300/300
1700000017.350000,1,300,300,114.70,46.32,0,1666,300/300/300/300/300/300
1700000017.400000,1,300,300,114.73,246.18,1,1651,300/300/300/300/300/300
1700000017.450000,1,300,300,114.75,49.57,0,1651,300/300/300/300/300/300
1700000017.500000,1,300,300,114.78,48.46,0,1651,300/300/300/300/300/300
1700000017.550000,1,300,300,114.79,293.00,1,1664,300/300/300/300/300/300
1700000017.600000,1,300,300,114.82,48.47,0,1664,300/300/300/300/300/300
1700000017.650000,1,300,300,114.87,47.60,0,1664,300/300/300/300/300/300
1700000017.700000,1,300,300,114.91,188.84,1,1660,300/300/300/300/300/300
1700000017.750000,1,300,300,114.97,47.11,0,1660,300/300/300/300/300/300
1700000017.800000,1,300,300,115.02,48.44,0,1660,300/300/300/300/300/300
1700000017.850000,1,300,300,115.07,279.02,1,1667,300/300/300/300/300/300
1700000017.900000,1,300,300,115.14,48.69,0,1667,300/300/300/300/300/300
1700000017.950000,1,300,300,115.19,48.12,0,1667,300/300/300/300/300/300
1700000018.000000,1,300,300,115.24,162.07,1,1677,300/300/300/300/300/300
1700000018.050000,1,300,300,115.30,49.92,0,1677,300/300/300/300/300/300
1700000018.100000,1,300,300,115.35,47.35,0,1677,300/300/300/300/300/300
1700000018.150000,1,300,300,115.39,264.15,1,1670,300/300/300/300/300/300
1700000018.200000,1,300,300,115.43,47.74,0,1670,300/300/300/300/300/300
1700000018.250000,1,300,300,115.45,47.13,0,1670,300/300/300/300/300/300
1700000018.300000,1,300,300,115.50,265.96,1,1681,300/300/300/300/300/300
1700000018.350000,1,300,300,115.52,46.83,0,1681,300/300/300/300/300/300
1700000018.400000,1,300,300,115.55,48.31,0,1681,300/300/300/300/300/300
1700000018.450000,1,300,300,115.59,190.24,1,1689,300/300/300/300/300/300
1700000018.500000,1,300,300,115.61,47.69,0,1689,300/300/300/300/300/300
1700000018.550000,1,300,300,115.62,46.33,0,1689,300/300/300/300/300/300
1700000018.600000,1,300,300,115.62,223.10,1,1707,300/300/300/300/300/300
1700000018.650000,1,300,300,115.63,48.59,0,1707,300/300/300/300/300/300
1700000018.700000,1,300,300,115.65,46.47,0,1707,300/300/300/300/300/300
1700000018.750000,1,300,300,115.67,368.08,1,1704,300/300/300/300/300/300
1700000018.800000,1,300,300,115.70,48.28,0,1704,300/300/300/300/300/300
1700000018.850000,1,300,300,115.71,46.36,0,1704,300/300/300/300/300/300
1700000018.900000,1,300,300,115.74,292.59,1,1697,300/300/300/300/300/300
1700000018.950000,1,300,300,115.76,47.84,0,1697,300/300/300/300/300/300
1700000019.000000,1,300,300,115.78,47.90,0,1697,300/300/300/300/300/300
1700000019.050000,1,300,300,115.78,217.50,1,1675,300/300/300/300/300/300
1700000019.100000,1,300,300,115.80,47.62,0,1675,300/300/300/300/300/300
1700000019.150000,1,300,300,115.82,46.54,0,1675,300/300/300/300/300/300
1700000019.200000,1,300,300,115.81,331.64,1,1688,300/300/300/300/300/300
1700000019.250000,1,300,300,115.82,48.10,0,1688,300/300/300/300/300/300
1700000019.300000,1,300,300,115.82,48.88,0,1688,300/300/300/300/300/300
1700000019.350000,1,300,300,115.82,281.87,1,1687,300/300/300/300/300/300
1700000019.400000,1,300,300,115.84,49.48,0,1687,300/300/300/300/300/300
1700000019.450000,1,300,300,115.86,47.56,0,1687,300/300/300/300/300/300
1700000019.500000,1,300,300,115.87,251.92,1,1659,300/300/300/300/300/300
1700000019.550000,1,300,300,115.88,47.24,0,1659,300/300/300/300/300/300
1700000019.600000,1,300,300,115.89,47.20,0,1659,300/300/300/300/300/300
1700000019.650000,1,300,300,115.89,179.59,1,1680,300/300/300/300/300/300
1700000019.700000,1,300,300,115.88,48.88,0,1680,300/300/300/300/300/300
1700000019.750000,1,300,300,115.87,47.30,0,1680,300/300/300/300/300/300
1700000019.800000,1,300,300,115.86,277.84,1,1701,300/300/300/300/300/300
1700000019.850000,1,300,300,115.85,47.95,0,1701,300/300/300/300/300/300
1700000019.900000,1,300,300,115.83,46.67,0,1701,300/300/300/300/300/300
1700000019.950000,1,300,300,115.82,159.51,1,1695,300/300/300/300/300/300
1700000020.000000,1,300,300,115.80,47.14,0,1695,300/300/300/300/300/300
1700000020.050000,1,300,300,115.76,45.92,0,1695,300/300/300/300/300/300
1700000020.100000,1,300,300,115.71,180.47,1,1694,300/300/300/300/300/300
1700000020.150000,1,300,300,115.67,50.67,0,1694,300/300/300/300/300/300
1700000020.200000,1,300,300,115.63,47.80,0,1694,300/300/300/300/300/300
1700000020.250000,1,300,300,115.58,184.55,1,1681,300/300/300/300/300/300
1700000020.300000,1,300,300,115.53,47.95,0,1681,300/300/300/300/300/300
1700000020.350000,1,300,300,115.48,46.00,0,1681,300/300/300/300/300/300
1700000020.400000,1,300,300,115.44,202.80,1,1664,300/300/300/300/300/300
1700000020.450000,1,300,300,115.39,46.09,0,1664,300/300/300/300/300/300
1700000020.500000,1,300,300,115.35,47.19,0,1664,300/300/300/300/300/300
1700000020.550000,1,300,300,115.31,247.99,1,1667,300/300/300/300/300/300
1700000020.600000,1,300,300,115.25,48.58,0,1667,300/300/300/300/300/300
1700000020.650000,1,300,300,115.21,47.59,0,1667,300/300/300/300/300/300
1700000020.700000,1,300,300,115.16,250.23,1,1651,300/300/300/300/300/300
1700000020.750000,1,300,300,115.11,49.49,0,1651,300/300/300/300/300/300
1700000020.800000,1,300,300,115.03,47.22,0,1651,300/300/300/300/300/300
1700000020.850000,1,300,300,114.98,250.31,1,1640,300/300/300/300/300/300
1700000020.900000,1,300,300,114.91,47.68,0,1640,300/300/300/300/300/300
1700000020.950000,1,300,300,114.82,47.90,0,1640,300/300/300/300/300/300
1700000021.000000,1,300,300,114.77,253.31,1,1637,300/300/300/300/300/300
1700000021.050000,1,300,300,114.72,47.74,0,1637,300/300/300/300/300/300
1700000021.100000,1,300,300,114.65,46.77,0,1637,300/300/300/300/300/300
1700000021.150000,1,300,300,114.60,254.33,1,1620,300/300/300/300/300/300
1700000021.200000,1,300,300,114.52,47.52,0,1620,300/300/300/300/300/300
1700000021.250000,1,300,300,114.46,46.03,0,1620,300/300/300/300/300/300
1700000021.300000,1,300,300,114.38,250.62,1,1586,300/300/300/300/300/300
1700000021.350000,1,300,300,114.30,46.93,0,1586,300/300/300/300/300/300
1700000021.400000,1,300,300,114.22,46.02,0,1586,300/300/300/300/300/300
1700000021.450000,1,300,300,114.13,248.92,1,1592,300/300/300/300/300/300
1700000021.500000,1,300,300,114.04,46.58,0,1592,300/300/300/300/300/300
1700000021.550000,1,300,300,113.93,47.92,0,1592,300/300/300/300/300/300
1700000021.600000,1,300,300,113.82,256.22,1,1576,300/300/300/300/300/300
1700000021.650000,1,300,300,113.70,45.89,0,1576,300/300/300/300/300/300
1700000021.700000,1,300,300,113.59,46.91,0,1576,300/300/300/300/300/300
1700000021.750000,1,300,300,113.47,252.46,1,1564,300/300/300/300/300/300
1700000021.800000,1,300,300,113.37,48.47,0,1564,300/300/300/300/300/300
1700000021.850000,1,300,300,113.27,46.96,0,1564,300/300/300/300/300/300
1700000021.900000,1,300,300,113.18,153.50,1,1542,300/300/300/300/300/300
1700000021.950000,1,300,300,113.11,46.94,0,1542,300/300/300/300/300/300
1700000022.000000,1,300,300,113.01,47.10,0,1542,300/300/300/300/300/300
1700000022.050000,1,300,300,112.95,310.86,1,1526,300/300/300/300/300/300
1700000022.100000,1,300,300,112.87,46.34,0,1526,300/300/300/300/300/300
1700000022.150000,1,300,300,112.79,45.85,0,1526,300/300/300/300/300/300
1700000022.200000,1,300,300,112.72,258.69,1,1528,300/300/300/300/300/300
1700000022.250000,1,300,300,112.65,47.37,0,1528,300/300/300/300/300/300
1700000022.300000,1,300,300,112.59,47.01,0,1528,300/300/300/300/300/300
1700000022.350000,1,300,300,112.53,151.33,1,1519,300/300/300/300/300/300
1700000022.400000,1,300,300,112.49,48.06,0,1519,300/300/300/300/300/300
1700000022.450000,1,300,300,112.43,45.64,0,1519,300/300/300/300/300/300
1700000022.500000,1,300,300,112.41,153.30,1,1519,300/300/300/300/300/300
1700000022.550000,1,300,300,112.38,47.81,0,1519,300/300/300/300/300/300
1700000022.600000,1,300,300,112.38,48.69,0,1519,300/300/300/300/300/300
1700000022.650000,1,300,300,112.38,176.82,1,1494,300/300/300/300/300/300
1700000022.700000,1,300,300,112.36,45.61,0,1494,300/300/300/300/300/300
1700000022.750000,1,300,300,112.40,46.88,0,1494,300/300/300/300/300/300
1700000022.800000,1,300,300,112.40,152.67,1,1496,300/300/300/300/300/300
1700000022.850000,1,300,300,112.42,48.54,0,1496,300/300/300/300/300/300
1700000022.900000,1,300,300,112.44,47.29,0,1496,300/300/300/300/300/300
1700000022.950000,1,300,300,112.46,272.33,1,1496,300/300/300/300/300/300
1700000023.000000,1,300,300,112.47,47.14,0,1496,300/300/300/300/300/300
1700000023.050000,1,300,300,112.47,48.05,0,1496,300/300/300/300/300/300
1700000023.100000,1,300,300,112.52,273.62,1,1496,300/300/300/300/300/300
1700000023.150000,1,300,300,112.54,46.95,0,1496,300/300/300/300/300/300
1700000023.200000,1,300,300,112.57,47.74,0,1496,300/300/300/300/300/300
1700000023.250000,1,300,300,112.59,276.92,1,1477,300/300/300/300/300/300
1700000023.300000,1,300,300,112.63,46.74,0,1477,300/300/300/300/300/300
1700000023.350000,1,300,300,112.66,48.18,0,1477,300/300/300/300/300/300
1700000023.400000,1,300,300,112.70,258.78,1,1474,300/300/300/300/300/300
1700000023.450000,1,300,300,112.72,48.66,0,1474,300/300/300/300/300/300
1700000023.500000,1,300,300,112.76,48.06,0,1474,300/300/300/300/300/300
1700000023.550000,1,300,300,112.80,153.69,1,1437,300/300/300/300/300/300
1700000023.600000,1,300,300,112.84,47.68,0,1437,300/300/300/300/300/300
1700000023.650000,1,300,300,112.88,45.62,0,1437,300/300/300/300/300/300
1700000023.700000,1,300,300,112.93,147.50,1,1407,300/300/300/300/300/300
1700000023.750000,1,300,300,112.96,47.49,0,1407,300/300/300/300/300/300
1700000023.800000,1,300,300,113.00,48.75,0,1407,300/300/300/300/300/300
1700000023.850000,1,300,300,113.04,195.67,1,1410,300/300/300/300/300/300
1700000023.900000,1,300,300,113.09,48.07,0,1410,300/300/300/300/300/300
1700000023.950000,1,300,300,113.12,48.44,0,1410,300/300/300/300/300/300
1700000024.000000,1,300,300,113.17,177.17,1,1403,300/300/300/300/300/300
1700000024.050000,1,300,300,113.21,49.36,0,1403,300/300/300/300/300/300
1700000024.100000,1,300,300,113.24,47.59,0,1403,300/300/300/300/300/300
1700000024.150000,1,300,300,113.29,239.23,1,1388,300/300/300/300/300/300
1700000024.200000,1,300,300,113.32,48.13,0,1388,300/300/300/300/300/300
1700000024.250000,1,300,300,113.34,47.51,0,1388,300/300/300/300/300/300
1700000024.300000,1,300,300,113.37,237.02,1,1375,300/300/300/300/300/300
1700000024.350000,1,300,300,113.37,48.86,0,1375,300/300/300/300/300/300
1700000024.400000,1,300,300,113.40,49.37,0,1375,300/300/300/300/300/300
1700000024.450000,1,300,300,113.41,147.09,1,1381,300/300/300/300/300/300
1700000024.500000,1,300,300,113.44,47.38,0,1381,300/300/300/300/300/300
1700000024.550000,1,300,300,113.46,47.40,0,1381,300/300/300/300/300/300
1700000024.600000,1,300,300,113.47,170.94,1,1355,300/300/300/300/300/300
1700000024.650000,1,300,300,113.49,49.18,0,1355,300/300/300/300/300/300
1700000024.700000,1,300,300,113.51,49.08,0,1355,300/300/300/300/300/300
1700000024.750000,1,300,300,113.52,144.21,1,1359,300/300/300/300/300/300
1700000024.800000,1,300,300,113.54,47.86,0,1359,300/300/300/300/300/300
1700000024.850000,1,300,300,113.56,46.46,0,1359,300/300/300/300/300/300
1700000024.900000,1,300,300,113.58,250.28,1,1368,300/300/300/300/300/300
1700000024.950000,1,300,300,113.58,48.47,0,1368,300/300/300/300/300/300
1700000025.000000,1,300,300,113.60,46.55,0,1368,300/300/300/300/300/300
1700000025.050000,1,300,300,113.62,191.57,1,1358,300/300/300/300/300/300
1700000025.100000,1,300,300,113.63,49.15,0,1358,300/300/300/300/300/300
1700000025.150000,1,300,300,113.65,47.53,0,1358,300/300/300/300/300/300
1700000025.200000,1,300,300,113.67,253.54,1,1348,300/300/300/300/300/300
1700000025.250000,1,300,300,113.70,46.77,0,1348,300/300/300/300/300/300
1700000025.300000,1,300,300,113.72,49.18,0,1348,300/300/300/300/300/300
1700000025.350000,1,300,300,113.73,172.23,1,1351,300/300/300/300/300/300
1700000025.400000,1,300,300,113.74,46.74,0,1351,300/300/300/300/300/300
1700000025.450000,1,300,300,113.76,47.99,0,1351,300/300/300/300/300/300
1700000025.500000,1,300,300,113.77,252.01,1,1328,300/300/300/300/300/300
1700000025.550000,1,300,300,113.79,47.21,0,1328,300/300/300/300/300/300
1700000025.600000,1,300,300,113.81,45.22,0,1328,300/300/300/300/300/300
1700000025.650000,1,300,300,113.83,174.17,1,1335,300/300/300/300/300/300
1700000025.700000,1,300,300,113.84,48.17,0,1335,300/300/300/300/300/300
1700000025.750000,1,300,300,113.87,46.25,0,1335,300/300/300/300/300/300
1700000025.800000,1,300,300,113.88,232.97,1,1311,300/300/300/300/300/300
1700000025.850000,1,300,300,113.90,47.81,0,1311,300/300/300/300/300/300
1700000025.900000,1,300,300,113.90,47.10,0,1311,300/300/300/300/300/300
1700000025.950000,1,300,300,113.93,170.68,1,1335,300/300/300/300/300/300
1700000026.000000,1,300,300,113.93,48.55,0,1335,300/300/300/300/300/300
1700000026.050000,1,300,300,113.95,49.21,0,1335,300/300/300/300/300/300
1700000026.100000,1,300,300,113.95,146.38,1,1334,300/300/300/300/300/300
1700000026.150000,1,300,300,113.95,48.75,0,1334,300/300/300/300/300/300
1700000026.200000,1,300,300,113.94,45.78,0,1334,300/300/300/300/300/300
1700000026.250000,1,300,300,113.95,172.95,1,1326,300/300/300/300/300/300
1700000026.300000,1,300,300,113.92,49.32,0,1326,300/300/300/300/300/300
1700000026.350000,1,300,300,113.92,47.28,0,1326,300/300/300/300/300/300
1700000026.400000,1,300,300,113.93,173.58,1,1337,300/300/300/300/300/300
1700000026.450000,1,300,300,113.91,50.46,0,1337,300/300/300/300/300/300
1700000026.500000,1,300,300,113.91,48.86,0,1337,300/300/300/300/300/300
1700000026.550000,1,300,300,113.92,236.24,1,1309,300/300/300/300/300/300
1700000026.600000,1,300,300,113.91,50.81,0,1309,300/300/300/300/300/300
1700000026.650000,1,300,300,113.91,49.05,0,1309,300/300/300/300/300/300
1700000026.700000,1,300,300,113.90,192.73,1,1311,300/300/300/300/300/300
1700000026.750000,1,300,300,113.92,49.34,0,1311,300/300/300/300/300/300
1700000026.800000,1,300,300,113.93,49.19,0,1311,300/300/300/300/300/300
1700000026.850000,1,300,300,113.93,252.77,1,1297,300/300/300/300/300/300
1700000026.900000,1,300,300,113.91,50.40,0,1297,300/300/300/300/300/300
1700000026.950000,1,300,300,113.93,49.12,0,1297,300/300/300/300/300/300
1700000027.000000,1,300,300,113.90,196.76,1,1290,300/300/300/300/300/300
1700000027.050000,1,300,300,113.92,50.46,0,1290,300/300/300/300/300/300
1700000027.100000,1,300,300,113.91,47.46,0,1290,300/300/300/300/300/300
1700000027.150000,1,300,300,113.92,168.84,1,1298,300/300/300/300/300/300
1700000027.200000,1,300,300,113.91,49.64,0,1298,300/300/300/300/300/300
1700000027.250000,1,300,300,113.93,50.75,0,1298,300/300/300/300/300/300
1700000027.300000,1,300,300,113.94,217.98,1,1310,300/300/300/300/300/300
1700000027.350000,1,300,300,113.94,50.42,0,1310,300/300/300/300/300/300
1700000027.400000,1,300,300,113.96,47.78,0,1310,300/300/300/300/300/300
1700000027.450000,1,300,300,113.96,233.14,1,1305,300/300/300/300/300/300
1700000027.500000,1,300,300,113.96,51.87,0,1305,300/300/300/300/300/300
1700000027.550000,1,300,300,113.99,50.60,0,1305,300/300/300/300/300/300
1700000027.600000,1,300,300,113.99,237.89,1,1328,300/300/300/300/300/300
1700000027.650000,1,300,300,113.98,49.51,0,1328,300/300/300/300/300/300
1700000027.700000,1,300,300,113.99,48.49,0,1328,300/300/300/300/300/300
1700000027.750000,1,300,300,114.00,171.93,1,1312,300/300/300/300/300/300
1700000027.800000,1,300,300,114.00,47.70,0,1312,300/300/300/300/300/300
1700000027.850000,1,300,300,114.00,48.44,0,1312,300/300/300/300/300/300
1700000027.900000,1,300,300,113.99,199.25,1,1314,300/300/300/300/300/300
1700000027.950000,1,300,300,113.98,50.12,0,1314,300/300/300/300/300/300
1700000028.000000,1,300,300,113.96,48.97,0,1314,300/300/300/300/300/300
1700000028.050000,1,300,300,113.97,306.52,1,1324,300/300/300/300/300/300
1700000028.100000,1,300,300,113.97,49.95,0,1324,300/300/300/300/300/300
1700000028.150000,1,300,300,113.94,49.28,0,1324,300/300/300/300/300/300
1700000028.200000,1,300,300,113.92,166.02,1,1340,300/300/300/300/300/300
1700000028.250000,1,300,300,113.91,49.58,0,1340,300/300/300/300/300/300
1700000028.300000,1,300,300,113.89,50.40,0,1340,300/300/300/300/300/300
1700000028.350000,1,300,300,113.87,230.18,1,1343,300/300/300/300/300/300
1700000028.400000,1,300,300,113.83,50.03,0,1343,300/300/300/300/300/300
1700000028.450000,1,300,300,113.80,50.88,0,1343,300/300/300/300/300/300
1700000028.500000,1,300,300,113.77,214.76,1,1354,300/300/300/300/300/300
1700000028.550000,1,300,300,113.74,53.58,0,1354,300/300/300/300/300/300
1700000028.600000,1,300,300,113.70,51.60,0,1354,300/300/300/300/300/300
1700000028.650000,1,300,300,113.67,167.19,1,1351,300/300/300/300/300/300
1700000028.700000,1,300,300,113.63,48.86,0,1351,300/300/300/300/300/300
1700000028.750000,1,300,300,113.62,49.78,0,1351,300/300/300/300/300/300
1700000028.800000,1,300,300,113.59,233.80,1,1354,300/300/300/300/300/300
1700000028.850000,1,300,300,113.57,50.69,0,1354,300/300/300/300/300/300
1700000028.900000,1,300,300,113.52,47.88,0,1354,300/300/300/300/300/300
1700000028.950000,1,300,300,113.51,288.99,1,1330,300/300/300/300/300/300
1700000029.000000,1,300,300,113.47,50.99,0,1330,300/300/300/300/300/300
1700000029.050000,1,300,300,113.44,50.87,0,1330,300/300/300/300/300/300
1700000029.100000,1,300,300,113.40,262.89,1,1336,300/300/300/300/300/300
1700000029.150000,1,300,300,113.38,50.79,0,1336,300/300/300/300/300/300
1700000029.200000,1,300,300,113.37,55.40,0,1336,300/300/300/300/300/300
1700000029.250000,1,300,300,113.34,161.17,1,1357,300/300/300/300/300/300
1700000029.300000,1,300,300,113.32,53.94,0,1357,300/300/300/300/300/300
1700000029.350000,1,300,300,113.30,50.25,0,1357,300/300/300/300/300/300
1700000029.400000,1,300,300,113.30,161.44,1,1362,300/300/300/300/300/300
1700000029.450000,1,300,300,113.26,51.18,0,1362,300/300/300/300/300/300
1700000029.500000,1,300,300,113.24,51.39,0,1362,300/300/300/300/300/300
1700000029.550000,1,300,300,113.23,274.05,1,1387,300/300/300/300/300/300
1700000029.600000,1,300,300,113.22,53.23,0,1387,300/300/300/300/300/300
1700000029.650000,1,300,300,113.21,52.10,0,1387,300/300/300/300/300/300
1700000029.700000,1,300,300,113.20,273.39,1,1393,300/300/300/300/300/300
1700000029.750000,1,300,300,113.18,57.15,0,1393,300/300/300/300/300/300
1700000029.800000,1,300,300,113.17,53.76,0,1393,300/300/300/300/300/300
1700000029.850000,1,300,300,113.18,145.54,1,1411,300/300/300/300/300/300
1700000029.900000,1,300,300,113.18,56.23,0,1411,300/300/300/300/300/300
1700000029.950000,1,300,300,113.16,52.78,0,1411,300/300/300/300/300/300
1700000030.000000,1,300,300,113.14,259.58,1,1419,300/300/300/300/300/300
1700000030.050000,1,300,300,113.06,56.24,0,1419,300/300/300/300/300/300
1700000030.100000,1,300,300,112.98,57.84,0,1419,300/300/300/300/300/300
1700000030.150000,1,300,300,112.85,254.27,1,1428,300/300/300/300/300/300
1700000030.200000,1,300,300,112.68,63.26,0,1428,300/300/300/300/300/300
1700000030.250000,1,300,300,112.49,57.79,0,1428,300/300/300/300/300/300
1700000030.300000,1,300,300,112.29,254.57,1,1448,300/300/300/300/300/300
1700000030.350000,1,300,300,112.07,55.96,0,1448,300/300/300/300/300/300
1700000030.400000,1,300,300,111.86,56.47,0,1448,300/300/300/300/300/300
1700000030.450000,1,300,300,111.69,168.29,1,1479,300/300/300/300/300/300
1700000030.500000,1,300,300,111.48,64.74,0,1479,300/300/300/300/300/300
1700000030.550000,1,300,300,111.28,61.22,0,1479,300/300/300/300/300/300
1700000030.600000,1,300,300,111.10,259.61,1,1501,300/300/300/300/300/300
1700000030.650000,1,300,300,110.84,65.14,0,1501,300/300/300/300/300/300
1700000030.700000,1,300,300,110.54,62.38,0,1501,300/300/300/300/300/300
1700000030.750000,1,300,300,110.20,151.72,1,1536,300/300/300/300/300/300
1700000030.800000,1,300,300,109.85,66.92,0,1536,300/300/300/300/300/300
1700000030.850000,1,300,300,109.53,55.56,0,1536,300/300/300/300/300/300
1700000030.900000,1,300,300,109.28,219.82,1,1619,300/300/300/300/300/300
1700000030.950000,1,300,300,109.26,69.48,0,1619,300/300/300/300/300/300
1700000031.000000,1,300,300,109.28,68.76,0,1619,300/300/300/300/300/300
1700000031.050000,1,300,300,109.29,200.75,1,1639,300/300/300/300/300/300
1700000031.100000,1,300,300,109.25,65.27,0,1639,300/300/300/300/300/300
1700000031.150000,1,300,300,109.19,61.55,0,1639,300/300/300/300/300/300
1700000031.200000,1,300,300,109.14,239.08,1,1685,300/300/300/300/300/300
1700000031.250000,1,300,300,109.00,66.17,0,1685,300/300/300/300/300/300
1700000031.300000,1,300,300,108.79,61.04,0,1685,300/300/300/300/300/300
1700000031.350000,1,300,300,108.46,166.97,1,1721,300/300/300/300/300/300
1700000031.400000,1,300,300,108.00,64.92,0,1721,300/300/208/300/300/300
1700000031.450000,1,300,300,106.87,69.91,0,1721,300/300/278/300/300/300
1700000031.500000,1,300,300,103.57,175.47,1,1702,300/300/300/300/300/300
1700000031.550000,1,300,300,113.48,79.45,0,1702,300/300/300/300/275/300
1700000031.600000,1,300,300,113.63,56.88,0,1702,300/300/300/300/300/300
1700000031.650000,1,300,300,113.77,252.42,1,1806,300/300/297/300/300/300
1700000031.700000,1,300,300,116.24,60.30,0,1806,300/300/300/300/300/300
1700000031.750000,1,300,300,115.62,55.38,0,1806,300/300/300/300/300/300
1700000031.800000,1,300,300,114.50,256.90,1,1933,300/300/300/300/300/300
1700000031.850000,1,300,300,113.39,53.86,0,1933,300/300/300/300/300/300
1700000031.900000,1,300,300,112.81,52.19,0,1933,300/300/300/300/300/300
1700000031.950000,1,300,300,112.58,211.18,1,2100,300/300/300/300/300/300
1700000032.000000,1,300,300,112.46,53.43,0,2100,300/300/300/300/300/300
1700000032.050000,1,300,300,112.45,52.04,0,2100,300/300/300/300/300/300
1700000032.100000,1,300,300,112.57,213.34,1,2223,300/300/300/276/300/300
1700000032.150000,1,300,300,112.80,59.18,0,2223,300/300/300/300/300/300
1700000032.200000,1,300,300,112.99,63.85,0,2223,300/300/300/300/225/249
1700000032.250000,1,300,300,113.27,218.52,1,2219,300/300/300/300/300/276
1700000032.300000,1,300,300,113.59,79.78,0,2219,300/300/300/300/300/298
1700000032.350000,1,300,300,113.98,66.92,0,2219,300/300/300/300/300/300
1700000032.400000,1,300,300,114.31,217.20,1,2264,300/300/300/300/300/300
1700000032.450000,1,300,300,114.60,76.19,0,2264,300/300/300/300/300/300
1700000032.500000,1,300,300,114.86,67.66,0,2264,300/300/300/300/300/300
1700000032.550000,1,300,300,115.05,148.11,1,2285,300/300/300/300/300/300
1700000032.600000,1,300,300,115.15,58.44,0,2285,300/300/300/300/300/300
1700000032.650000,1,300,300,115.23,53.85,0,2285,300/300/300/300/300/300
1700000032.700000,1,300,300,115.27,219.20,1,2375,300/300/300/300/300/300
1700000032.750000,1,300,300,115.31,56.58,0,2375,300/300/300/300/300/300
1700000032.800000,1,300,300,115.35,54.02,0,2375,300/300/300/300/300/300
1700000032.850000,1,300,300,115.41,225.94,1,2396,300/300/300/300/300/300
1700000032.900000,1,300,300,115.44,51.90,0,2396,300/300/300/300/300/300
1700000032.950000,1,300,300,115.48,52.52,0,2396,300/300/300/300/300/300
1700000033.000000,1,300,300,115.52,224.97,1,2427,300/300/300/300/300/300
1700000033.050000,1,300,300,115.54,54.96,0,2427,300/300/300/300/300/300
1700000033.100000,1,300,300,115.57,54.33,0,2427,300/300/300/300/300/300
1700000033.150000,1,300,300,115.59,224.84,1,2436,300/300/300/300/300/300
1700000033.200000,1,300,300,115.59,51.84,0,2436,300/300/300/300/300/300
1700000033.250000,1,300,300,115.61,51.91,0,2436,300/300/300/300/300/300
1700000033.300000,1,300,300,115.64,185.74,1,2438,300/300/300/300/300/300
1700000033.350000,1,300,300,115.63,50.43,0,2438,300/300/300/300/300/300
1700000033.400000,1,300,300,115.65,52.52,0,2438,300/300/300/300/300/300
1700000033.450000,1,300,300,115.67,235.01,1,2468,300/300/300/300/300/300
1700000033.500000,1,300,300,115.67,51.47,0,2468,300/300/300/300/300/300
1700000033.550000,1,300,300,115.68,52.04,0,2468,300/300/300/300/300/300
1700000033.600000,1,300,300,115.69,229.50,1,2458,300/300/300/300/300/300
1700000033.650000,1,300,300,115.69,50.80,0,2458,300/300/300/300/300/300
1700000033.700000,1,300,300,115.67,49.73,0,2458,300/300/300/300/300/300
1700000033.750000,1,300,300,115.67,244.51,1,2463,300/300/300/300/300/300
1700000033.800000,1,300,300,115.64,53.69,0,2463,300/300/300/300/300/300
1700000033.850000,1,300,300,115.66,49.43,0,2463,300/300/300/300/300/300
1700000033.900000,1,300,300,115.65,249.47,1,2473,300/300/300/300/300/300
1700000033.950000,1,300,300,115.66,50.35,0,2473,300/300/300/300/300/300
1700000034.000000,1,300,300,115.66,48.06,0,2473,300/300/300/300/300/300
1700000034.050000,1,300,300,115.66,257.65,1,2457,300/300/300/300/300/300
1700000034.100000,1,300,300,115.67,49.94,0,2457,300/300/300/300/300/300
1700000034.150000,1,300,300,115.66,48.87,0,2457,300/300/300/300/300/300
1700000034.200000,1,300,300,115.67,276.06,1,2444,300/300/300/300/300/300
1700000034.250000,1,300,300,115.69,49.92,0,2444,300/300/300/300/300/300
1700000034.300000,1,300,300,115.69,50.00,0,2444,300/300/300/300/300/300
1700000034.350000,1,300,300,115.72,201.69,1,2432,300/300/300/300/300/300
1700000034.400000,1,300,300,115.73,50.62,0,2432,300/300/300/300/300/300
1700000034.450000,1,300,300,115.76,48.41,0,2432,300/300/300/300/300/300
1700000034.500000,1,300,300,115.76,175.54,1,2403,300/300/300/300/300/300
1700000034.550000,1,300,300,115.79,48.71,0,2403,300/300/300/300/300/300
1700000034.600000,1,300,300,115.82,49.79,0,2403,300/300/300/300/300/300
1700000034.650000,1,300,300,115.83,290.95,1,2390,300/300/300/300/300/300
1700000034.700000,1,300,300,115.84,50.06,0,2390,300/300/300/300/300/300
1700000034.750000,1,300,300,115.88,48.25,0,2390,300/300/300/300/300/300
1700000034.800000,1,300,300,115.89,183.14,1,2357,300/300/300/300/300/300
1700000034.850000,1,300,300,115.93,48.99,0,2357,300/300/300/300/300/300
1700000034.900000,1,300,300,115.96,47.67,0,2357,300/300/300/300/300/300
1700000034.950000,1,300,300,115.97,304.58,1,2289,300/300/300/300/300/300
1700000035.000000,1,300,300,116.01,49.43,0,2289,300/300/300/300/300/300
1700000035.050000,1,300,300,116.04,47.97,0,2289,300/300/300/300/300/300
1700000035.100000,1,300,300,116.05,314.85,1,2264,300/300/300/300/300/300
1700000035.150000,1,300,300,116.07,49.10,0,2264,300/300/300/300/300/300
1700000035.200000,1,300,300,116.10,48.82,0,2264,300/300/300/300/300/300
1700000035.250000,1,300,300,116.13,323.33,1,2191,300/300/300/300/300/300
1700000035.300000,1,300,300,116.16,47.73,0,2191,300/300/300/300/300/300
1700000035.350000,1,300,300,116.20,47.35,0,2191,300/300/300/300/300/300
1700000035.400000,1,300,300,116.23,332.15,1,2153,300/300/300/300/300/300
1700000035.450000,1,300,300,116.27,47.94,0,2153,300/300/300/300/300/300
1700000035.500000,1,300,300,116.31,48.89,0,2153,300/300/300/300/300/300
1700000035.550000,1,300,300,116.34,348.01,1,2172,300/300/300/300/300/300
1700000035.600000,1,300,300,116.37,49.76,0,2172,300/300/300/300/300/300
1700000035.650000,1,300,300,116.42,47.37,0,2172,300/300/300/300/300/300
1700000035.700000,1,300,300,116.46,348.38,1,2058,300/300/300/300/300/300
1700000035.750000,1,300,300,116.50,49.68,0,2058,300/300/300/300/300/300
1700000035.800000,1,300,300,116.52,48.74,0,2058,300/300/300/300/300/300
1700000035.850000,1,300,300,116.54,349.03,1,1985,300/300/300/300/300/300
1700000035.900000,1,300,300,116.57,49.07,0,1985,300/300/300/300/300/300
1700000035.950000,1,300,300,116.61,47.12,0,1985,300/300/300/300/300/300
1700000036.000000,1,300,300,116.64,265.40,1,1860,300/300/300/300/300/300
1700000036.050000,1,300,300,116.67,48.16,0,1860,300/300/300/300/300/300
1700000036.100000,1,300,300,116.70,51.02,0,1860,300/300/300/300/300/300
1700000036.150000,1,300,300,116.74,290.49,1,1793,300/300/300/300/300/300
1700000036.200000,1,300,300,116.77,47.57,0,1793,300/300/300/300/300/300
1700000036.250000,1,300,300,116.77,47.21,0,1793,300/300/300/300/300/300
1700000036.300000,1,300,300,116.83,294.35,1,1802,300/300/300/300/300/300
1700000036.350000,1,300,300,116.84,47.09,0,1802,300/300/300/300/300/300
1700000036.400000,1,300,300,116.87,47.39,0,1802,300/300/300/300/300/300
1700000036.450000,1,300,300,116.89,301.32,1,1775,300/300/300/300/300/300
1700000036.500000,1,300,300,116.91,49.45,0,1775,300/300/300/300/300/300
1700000036.550000,1,300,300,116.94,49.41,0,1775,300/300/300/300/300/300
1700000036.600000,1,300,300,116.95,298.35,1,1747,300/300/300/300/300/300
1700000036.650000,1,300,300,116.95,46.89,0,1747,300/300/300/300/300/300
1700000036.700000,1,300,300,116.99,47.08,0,1747,300/300/300/300/300/300
1700000036.750000,1,300,300,117.01,254.92,1,1677,300/300/300/300/300/300
1700000036.800000,1,300,300,117.02,47.84,0,1677,300/300/300/300/300/300
1700000036.850000,1,300,300,117.04,47.34,0,1677,300/300/300/300/300/300
1700000036.900000,1,300,300,117.05,234.80,1,1723,300/300/300/300/300/300
1700000036.950000,1,300,300,117.08,48.84,0,1723,300/300/300/300/300/300
1700000037.000000,1,300,300,117.12,46.34,0,1723,300/300/300/300/300/300
1700000037.050000,1,300,300,117.12,253.87,1,1695,300/300/300/300/300/300
1700000037.100000,1,300,300,117.12,48.30,0,1695,300/300/300/300/300/300
1700000037.150000,1,300,300,117.14,47.22,0,1695,300/300/300/300/300/300
1700000037.200000,1,300,300,117.14,226.97,1,1683,300/300/300/300/300/300
1700000037.250000,1,300,300,117.16,47.74,0,1683,300/300/300/300/300/300
1700000037.300000,1,300,300,117.15,48.45,0,1683,300/300/300/300/300/300
1700000037.350000,1,300,300,117.15,258.24,1,1680,300/300/300/300/300/300
1700000037.400000,1,300,300,117.15,47.59,0,1680,300/300/300/300/300/300
1700000037.450000,1,300,300,117.16,47.44,0,1680,300/300/300/300/300/300
1700000037.500000,1,300,300,117.15,173.95,1,1662,300/300/300/300/300/300
1700000037.550000,1,300,300,117.14,48.43,0,1662,300/300/300/300/300/300
1700000037.600000,1,300,300,117.14,45.81,0,1662,300/300/300/300/300/300
1700000037.650000,1,300,300,117.14,173.43,1,1661,300/300/300/300/300/300
1700000037.700000,1,300,300,117.13,46.95,0,1661,300/300/300/300/300/300
1700000037.750000,1,300,300,117.12,47.95,0,1661,300/300/300/300/300/300
1700000037.800000,1,300,300,117.11,174.75,1,1642,300/300/300/300/300/300
1700000037.850000,1,300,300,117.10,48.66,0,1642,300/300/300/300/300/300
1700000037.900000,1,300,300,117.09,50.37,0,1642,300/300/300/300/300/300
1700000037.950000,1,300,300,117.07,256.70,1,1618,300/300/300/300/300/300
1700000038.000000,1,300,300,117.05,48.47,0,1618,300/300/300/300/300/300
1700000038.050000,1,300,300,117.04,46.38,0,1618,300/300/300/300/300/300
1700000038.100000,1,300,300,117.02,260.73,1,1622,300/300/300/300/300/300
1700000038.150000,1,300,300,117.00,49.82,0,1622,300/300/300/300/300/300
1700000038.200000,1,300,300,116.97,48.03,0,1622,300/300/300/300/300/300
1700000038.250000,1,300,300,116.96,272.78,1,1631,300/300/300/300/300/300
1700000038.300000,1,300,300,116.93,49.35,0,1631,300/300/300/300/300/300
1700000038.350000,1,300,300,116.92,48.54,0,1631,300/300/300/300/300/300
1700000038.400000,1,300,300,116.89,155.83,1,1649,300/300/300/300/300/300
1700000038.450000,1,300,300,116.87,48.38,0,1649,300/300/300/300/300/300
1700000038.500000,1,300,300,116.84,48.22,0,1649,300/300/300/300/300/300
1700000038.550000,1,300,300,116.82,158.55,1,1641,300/300/300/300/300/300
1700000038.600000,1,300,300,116.80,47.74,0,1641,300/300/300/300/300/300
1700000038.650000,1,300,300,116.77,47.71,0,1641,300/300/300/300/300/300
1700000038.700000,1,300,300,116.73,261.70,1,1646,300/300/300/300/300/300
1700000038.750000,1,300,300,116.71,49.47,0,1646,300/300/300/300/300/300
1700000038.800000,1,300,300,116.68,47.84,0,1646,300/300/300/300/300/300
1700000038.850000,1,300,300,116.63,264.89,1,1645,300/300/300/300/300/300
1700000038.900000,1,300,300,116.60,50.27,0,1645,300/300/300/300/300/300
1700000038.950000,1,300,300,116.55,48.76,0,1645,300/300/300/300/300/300
1700000039.000000,1,300,300,116.54,288.65,1,1632,300/300/300/300/300/300
1700000039.050000,1,300,300,116.50,47.93,0,1632,300/300/300/300/300/300
1700000039.100000,1,300,300,116.48,47.88,0,1632,300/300/300/300/300/300
1700000039.150000,1,300,300,116.45,261.53,1,1648,300/300/300/300/300/300
1700000039.200000,1,300,300,116.42,48.40,0,1648,300/300/300/300/300/300
1700000039.250000,1,300,300,116.39,47.70,0,1648,300/300/300/300/300/300
1700000039.300000,1,300,300,116.37,286.83,1,1657,300/300/300/300/300/300
1700000039.350000,1,300,300,116.35,50.39,0,1657,300/300/300/300/300/300
1700000039.400000,1,300,300,116.34,48.67,0,1657,300/300/300/300/300/300
1700000039.450000,1,300,300,116.32,287.53,1,1673,300/300/300/300/300/300
1700000039.500000,1,300,300,116.31,48.17,0,1673,300/300/300/300/300/300
1700000039.550000,1,300,300,116.30,50.03,0,1673,300/300/300/300/300/300
1700000039.600000,1,300,300,116.31,239.11,1,1681,300/300/300/300/300/300
1700000039.650000,1,300,300,116.30,48.69,0,1681,300/300/300/300/300/300
1700000039.700000,1,300,300,116.31,46.84,0,1681,300/300/300/300/300/300
1700000039.750000,1,300,300,116.31,242.38,1,1665,300/300/300/300/300/300
1700000039.800000,1,300,300,116.35,48.34,0,1665,300/300/300/300/300/300
1700000039.850000,1,300,300,116.40,46.86,0,1665,300/300/300/300/300/300
1700000039.900000,1,300,300,116.42,291.62,1,1656,300/300/300/300/300/300
1700000039.950000,1,300,300,116.45,49.23,0,1656,300/300/300/300/300/300
1700000040.000000,1,300,300,116.50,49.14,0,1656,300/300/300/300/300/300
1700000040.050000,1,300,300,116.52,178.04,1,1611,300/300/300/300/300/300
1700000040.100000,1,300,300,116.54,49.55,0,1611,300/300/300/300/300/300
1700000040.150000,1,300,300,116.54,47.99,0,1611,300/300/300/300/300/300
1700000040.200000,1,300,300,116.55,158.53,1,1562,300/300/300/300/300/300
1700000040.250000,1,300,300,116.54,49.31,0,1562,300/300/300/300/300/300
1700000040.300000,1,300,300,116.53,47.42,0,1562,300/300/300/300/300/300
1700000040.350000,1,300,300,116.50,157.24,1,1588,300/300/300/300/300/300
1700000040.400000,1,300,300,116.48,47.86,0,1588,300/300/300/300/300/300
1700000040.450000,1,300,300,116.44,50.25,0,1588,300/300/300/300/300/300
1700000040.500000,1,300,300,116.41,259.53,1,1595,300/300/300/300/300/300
1700000040.550000,1,300,300,116.36,49.63,0,1595,300/300/300/300/300/300
1700000040.600000,1,300,300,116.32,50.61,0,1595,300/300/300/300/300/300
1700000040.650000,1,300,300,116.28,190.52,1,1608,300/300/300/300/300/300
1700000040.700000,1,300,300,116.23,49.50,0,1608,300/300/300/300/300/300
1700000040.750000,1,300,300,116.18,48.42,0,1608,300/300/300/300/300/300
1700000040.800000,1,300,300,116.15,167.04,1,1619,300/300/300/300/300/300
1700000040.850000,1,300,300,116.10,48.65,0,1619,300/300/300/300/300/300
1700000040.900000,1,300,300,116.08,50.43,0,1619,300/300/300/300/300/300
1700000040.950000,1,300,300,116.03,146.46,1,1567,300/300/300/300/300/300
1700000041.000000,1,300,300,115.99,53.23,0,1567,300/300/300/300/300/300
1700000041.050000,1,300,300,115.96,48.60,0,1567,300/300/300/300/300/300
1700000041.100000,1,300,300,115.94,171.58,1,1616,300/300/300/300/300/300
1700000041.150000,1,300,300,115.91,48.72,0,1616,300/300/300/300/300/300
1700000041.200000,1,300,300,115.91,48.03,0,1616,300/300/300/300/300/300
1700000041.250000,1,300,300,115.90,174.15,1,1639,300/300/300/300/300/300
1700000041.300000,1,300,300,115.90,50.86,0,1639,300/300/300/300/300/300
1700000041.350000,1,300,300,115.91,49.78,0,1639,300/300/300/300/300/300
1700000041.400000,1,300,300,115.91,174.34,1,1631,300/300/300/300/300/300
1700000041.450000,1,300,300,115.95,48.94,0,1631,300/300/300/300/300/300
1700000041.500000,1,300,300,115.97,49.54,0,1631,300/300/300/300/300/300
1700000041.550000,1,300,300,116.00,225.40,1,1663,300/300/300/300/300/300
1700000041.600000,1,300,300,116.02,50.67,0,1663,300/300/300/300/300/300
1700000041.650000,1,300,300,116.07,50.41,0,1663,300/300/300/300/300/300
1700000041.700000,1,300,300,116.10,227.36,1,1686,300/300/300/300/300/300
1700000041.750000,1,300,300,116.15,49.81,0,1686,300/300/300/300/300/300
1700000041.800000,1,300,300,116.20,50.19,0,1686,300/300/300/300/300/300
1700000041.850000,1,300,300,116.25,150.04,1,1742,300/300/300/300/300/300
1700000041.900000,1,300,300,116.30,49.44,0,1742,300/300/300/300/300/300
1700000041.950000,1,300,300,116.37,50.67,0,1742,300/300/300/300/300/300
1700000042.000000,1,300,300,116.42,152.19,1,1755,300/300/300/300/300/300
1700000042.050000,1,300,300,116.48,50.12,0,1755,300/300/300/300/300/300
1700000042.100000,1,300,300,116.53,49.55,0,1755,300/300/300/300/300/300
1700000042.150000,1,300,300,116.57,159.20,1,1776,300/300/300/300/300/300
1700000042.200000,1,300,300,116.59,49.90,0,1776,300/300/300/300/300/300
1700000042.250000,1,300,300,116.63,50.06,0,1776,300/300/300/300/300/300
1700000042.300000,1,300,300,116.67,155.18,1,1779,300/300/300/300/300/300
1700000042.350000,1,300,300,116.69,54.02,0,1779,300/300/300/300/300/300
1700000042.400000,1,300,300,116.73,53.40,0,1779,300/300/300/300/300/300
1700000042.450000,1,300,300,116.76,280.06,1,1742,300/300/300/300/300/300
1700000042.500000,1,300,300,116.81,52.19,0,1742,300/300/300/300/300/300
1700000042.550000,1,300,300,116.83,52.82,0,1742,300/300/300/300/300/300
1700000042.600000,1,300,300,116.86,248.47,1,1770,300/300/300/300/300/300
1700000042.650000,1,300,300,116.90,50.52,0,1770,300/300/300/300/300/300
1700000042.700000,1,300,300,116.93,50.76,0,1770,300/300/300/300/300/300
1700000042.750000,1,300,300,116.99,235.06,1,1802,300/300/300/300/300/300
1700000042.800000,1,300,300,117.06,50.80,0,1802,300/300/300/300/300/300
1700000042.850000,1,300,300,117.13,51.83,0,1802,300/300/300/300/300/300
1700000042.900000,1,300,300,117.09,217.88,1,1834,300/300/300/300/300/300
1700000042.950000,1,300,300,117.07,52.27,0,1834,300/300/300/300/300/300
1700000043.000000,1,300,300,117.03,52.64,0,1834,300/300/300/300/300/300
1700000043.050000,1,300,300,116.99,255.69,1,1849,300/300/300/300/300/300
1700000043.100000,1,300,300,116.93,54.78,0,1849,300/300/300/300/300/300
1700000043.150000,1,300,300,116.87,51.64,0,1849,300/300/300/300/300/300
1700000043.200000,1,300,300,116.83,162.02,1,1848,300/300/300/300/300/300
1700000043.250000,1,300,300,116.78,54.97,0,1848,300/300/300/300/300/300
1700000043.300000,1,300,300,116.75,50.94,0,1848,300/300/300/300/300/300
1700000043.350000,1,300,300,116.71,251.86,1,1871,300/300/300/300/300/300
1700000043.400000,1,300,300,116.66,53.88,0,1871,300/300/300/300/300/300
1700000043.450000,1,300,300,116.63,52.30,0,1871,300/300/300/300/300/300
1700000043.500000,1,300,300,116.58,313.59,1,1907,300/300/300/300/300/300
1700000043.550000,1,300,300,116.54,51.31,0,1907,300/300/300/300/300/300
1700000043.600000,1,300,300,116.57,50.81,0,1907,300/300/300/300/300/300
1700000043.650000,1,300,300,116.59,265.05,1,1930,300/300/300/300/300/300
1700000043.700000,1,300,300,116.65,52.70,0,1930,300/300/300/300/300/300
1700000043.750000,1,300,300,116.71,53.61,0,1930,300/300/300/300/300/300
1700000043.800000,1,300,300,116.79,323.61,1,1945,300/300/300/300/300/300
1700000043.850000,1,300,300,116.87,57.29,0,1945,300/300/300/300/300/300
1700000043.900000,1,300,300,116.99,52.89,0,1945,300/300/300/300/300/300
1700000043.950000,1,300,300,117.08,202.83,1,1924,300/300/300/300/300/300
1700000044.000000,1,300,300,117.20,52.61,0,1924,300/300/300/300/300/300
1700000044.050000,1,300,300,117.31,53.68,0,1924,300/300/300/300/300/300
1700000044.100000,1,300,300,117.43,220.62,1,1925,300/300/300/300/300/300
1700000044.150000,1,300,300,117.57,53.41,0,1925,300/300/300/300/300/300
1700000044.200000,1,300,300,117.71,51.97,0,1925,300/300/300/300/300/300
1700000044.250000,1,300,300,117.85,206.31,1,1915,300/300/300/300/300/300
1700000044.300000,1,300,300,118.00,49.28,0,1915,300/300/300/300/300/300
1700000044.350000,1,300,300,118.16,54.37,0,1915,300/300/300/300/300/300
1700000044.400000,1,300,300,118.31,198.36,1,1906,300/300/300/300/300/300
1700000044.450000,1,300,300,118.45,50.75,0,1906,300/300/300/300/300/300
1700000044.500000,1,300,300,118.59,52.26,0,1906,300/300/300/300/300/300
1700000044.550000,1,300,300,118.72,200.29,1,1922,300/300/300/300/300/300
1700000044.600000,1,300,300,118.87,49.88,0,1922,300/300/300/300/300/300
1700000044.650000,1,300,300,119.05,48.44,0,1922,300/300/300/300/300/300
1700000044.700000,1,300,300,119.22,277.80,1,1955,300/300/300/300/300/300
1700000044.750000,1,300,300,119.39,51.13,0,1955,300/300/300/300/300/300
1700000044.800000,1,300,300,119.56,51.53,0,1955,300/300/300/300/300/300
1700000044.850000,1,300,300,119.68,254.36,1,1954,300/300/300/300/300/300
1700000044.900000,1,300,300,119.79,50.40,0,1954,300/300/300/300/300/300
1700000044.950000,1,300,300,119.92,51.05,0,1954,300/300/300/300/300/300
1700000045.000000,1,300,300,120.02,283.78,1,1960,300/300/300/300/300/300
1700000045.050000,1,300,300,120.13,49.80,0,1960,300/300/300/300/300/300
1700000045.100000,1,300,300,120.24,47.51,0,1960,300/300/300/300/300/300
1700000045.150000,1,300,300,120.35,270.53,1,1945,300/300/300/300/300/300
1700000045.200000,1,300,300,120.45,47.88,0,1945,300/300/300/300/300/300
1700000045.250000,1,300,300,120.55,47.89,0,1945,300/300/300/300/300/300
1700000045.300000,1,300,300,120.65,165.94,1,1957,300/300/300/300/300/300
1700000045.350000,1,300,300,120.74,48.01,0,1957,300/300/300/300/300/300
1700000045.400000,1,300,300,120.84,47.53,0,1957,300/300/300/300/300/300
1700000045.450000,1,300,300,120.92,167.36,1,1975,300/300/300/300/300/300
1700000045.500000,1,300,300,121.00,50.40,0,1975,300/300/300/300/300/300
1700000045.550000,1,300,300,121.07,49.54,0,1975,300/300/300/300/300/300
1700000045.600000,1,300,300,121.14,165.50,1,1950,300/300/300/300/300/300
1700000045.650000,1,300,300,121.21,49.45,0,1950,300/300/300/300/300/300
1700000045.700000,1,300,300,121.23,51.33,0,1950,300/300/300/300/300/300
1700000045.750000,1,300,300,121.24,251.14,1,1968,300/300/300/300/300/300
1700000045.800000,1,300,300,121.23,50.30,0,1968,300/300/300/300/300/300
1700000045.850000,1,300,300,121.24,50.10,0,1968,300/300/300/300/300/300
1700000045.900000,1,300,300,121.21,269.05,1,1977,300/300/300/300/300/300
1700000045.950000,1,300,300,121.16,52.72,0,1977,300/300/300/300/300/300
1700000046.000000,1,300,300,121.11,49.59,0,1977,300/300/300/300/300/300
1700000046.050000,1,300,300,121.07,199.88,1,2019,300/300/300/300/300/300
1700000046.100000,1,300,300,120.97,53.77,0,2019,300/300/300/300/300/300
1700000046.150000,1,300,300,120.81,49.50,0,2019,300/300/300/300/300/300
1700000046.200000,1,300,300,120.62,250.52,1,2041,300/300/300/300/300/300
1700000046.250000,1,300,300,120.45,51.99,0,2041,300/300/300/300/300/300
1700000046.300000,1,300,300,120.22,50.80,0,2041,300/300/300/300/300/300
1700000046.350000,1,300,300,119.97,299.55,1,2092,300/300/300/300/300/300
1700000046.400000,1,300,300,119.70,53.03,0,2092,300/300/300/300/300/300
1700000046.450000,1,300,300,119.46,50.99,0,2092,300/300/300/300/300/300
1700000046.500000,1,300,300,119.26,393.91,1,2139,300/300/300/300/300/300
1700000046.550000,1,300,300,119.01,50.81,0,2139,300/300/300/300/300/300
1700000046.600000,1,300,300,118.83,52.72,0,2139,300/300/300/300/300/300
1700000046.650000,1,300,300,118.74,257.19,1,2172,300/300/300/300/300/300
1700000046.700000,1,300,300,118.64,52.71,0,2172,300/300/300/300/300/300
1700000046.750000,1,300,300,118.53,51.13,0,2172,300/300/300/300/300/300
1700000046.800000,1,300,300,118.42,254.88,1,2187,300/300/300/300/300/300
1700000046.850000,1,300,300,118.29,51.03,0,2187,300/300/300/300/300/300
1700000046.900000,1,300,300,118.24,52.21,0,2187,300/300/300/300/300/300
1700000046.950000,1,300,300,118.19,260.42,1,2224,300/300/300/300/300/300
1700000047.000000,1,300,300,118.15,52.63,0,2224,300/300/300/300/300/300
1700000047.050000,1,300,300,118.07,53.08,0,2224,300/300/300/300/300/300
1700000047.100000,1,300,300,118.11,297.42,1,2252,300/300/300/300/300/300
1700000047.150000,1,300,300,118.19,60.55,0,2252,300/300/298/300/300/300
1700000047.200000,1,300,300,118.26,57.38,0,2252,300/300/300/300/300/300
1700000047.250000,1,300,300,118.29,262.98,1,2333,300/300/300/300/300/300
1700000047.300000,1,300,300,118.31,51.83,0,2333,300/300/300/300/300/300
1700000047.350000,1,300,300,118.33,51.21,0,2333,300/300/300/300/300/300
1700000047.400000,1,300,300,118.36,307.98,1,2382,300/300/300/300/300/300
1700000047.450000,1,300,300,118.33,52.26,0,2382,300/300/300/300/300/300
1700000047.500000,1,300,300,118.26,49.15,0,2382,300/300/300/300/300/300
1700000047.550000,1,300,300,118.17,446.48,1,2394,300/300/300/300/300/300
1700000047.600000,1,300,300,118.14,63.86,0,2394,300/300/300/300/300/300
1700000047.650000,1,300,300,118.11,64.12,0,2394,300/300/300/300/300/300
1700000047.700000,1,300,300,118.10,171.04,1,2398,300/300/300/300/300/300
1700000047.750000,1,300,300,118.08,49.28,0,2398,300/300/300/300/300/300
1700000047.800000,1,300,300,118.07,50.24,0,2398,300/300/300/300/300/300
1700000047.850000,1,300,300,118.07,336.91,1,2431,300/300/300/300/300/300
1700000047.900000,1,300,300,118.06,48.84,0,2431,300/300/300/300/300/300
1700000047.950000,1,300,300,118.11,48.73,0,2431,300/300/300/300/300/300
1700000048.000000,1,300,300,118.13,260.97,1,2486,300/300/300/300/300/300
1700000048.050000,1,300,300,118.15,51.10,0,2486,300/300/300/300/300/300
1700000048.100000,1,300,300,118.16,49.40,0,2486,300/300/300/300/300/300
1700000048.150000,1,300,300,118.20,301.91,1,2534,300/300/300/300/300/300
1700000048.200000,1,300,300,118.23,48.34,0,2534,300/300/300/300/300/300
1700000048.250000,1,300,300,118.27,47.60,0,2534,300/300/300/300/300/300
1700000048.300000,1,300,300,118.30,306.67,1,2565,300/300/300/300/300/300
1700000048.350000,1,300,300,118.33,48.80,0,2565,300/300/300/300/300/300
1700000048.400000,1,300,300,118.40,47.91,0,2565,300/300/300/300/300/300
1700000048.450000,1,300,300,118.41,310.18,1,2549,300/300/300/300/300/300
1700000048.500000,1,300,300,118.42,47.87,0,2549,300/300/300/300/300/300
1700000048.550000,1,300,300,118.44,48.11,0,2549,300/300/300/300/300/300
1700000048.600000,1,300,300,118.40,341.96,1,2549,300/300/300/300/300/300
1700000048.650000,1,300,300,118.37,46.92,0,2549,300/300/300/300/300/300
1700000048.700000,1,300,300,118.33,46.02,0,2549,300/300/300/300/300/300
1700000048.750000,1,300,300,118.26,266.77,1,2505,300/300/300/300/300/300
1700000048.800000,1,300,300,118.21,47.69,0,2505,300/300/300/300/300/300
1700000048.850000,1,300,300,118.12,44.68,0,2505,300/300/300/300/300/300
1700000048.900000,1,300,300,118.03,346.57,1,2482,300/300/300/300/300/300
1700000048.950000,1,300,300,117.94,46.42,0,2482,300/300/300/300/300/300
1700000049.000000,1,300,300,117.85,44.84,0,2482,300/300/300/300/300/300
1700000049.050000,1,300,300,117.74,415.71,1,2449,300/300/300/300/300/300
1700000049.100000,1,300,300,117.66,47.37,0,2449,300/300/300/300/300/300
1700000049.150000,1,300,300,117.57,45.97,0,2449,300/300/300/300/300/300
1700000049.200000,1,300,300,117.51,240.57,1,2401,300/300/300/300/300/300
1700000049.250000,1,300,300,117.42,47.31,0,2401,300/300/300/300/300/300
1700000049.300000,1,300,300,117.35,45.44,0,2401,300/300/300/300/300/300
1700000049.350000,1,300,300,117.27,342.98,1,2352,300/300/300/300/300/300
1700000049.400000,1,300,300,117.22,46.28,0,2352,300/300/300/300/300/300
1700000049.450000,1,300,300,117.15,48.07,0,2352,300/300/300/300/300/300
1700000049.500000,1,300,300,117.07,399.07,1,2310,300/300/300/300/300/300
1700000049.550000,1,300,300,117.02,47.34,0,2310,300/300/300/300/300/300
1700000049.600000,1,300,300,116.93,47.42,0,2310,300/300/300/300/300/300
1700000049.650000,1,300,300,116.87,455.58,1,2288,300/300/300/300/300/300
1700000049.700000,1,300,300,116.79,45.92,0,2288,300/300/300/300/300/300
1700000049.750000,1,300,300,116.72,46.43,0,2288,300/300/300/300/300/300
1700000049.800000,1,300,300,116.65,367.49,1,2238,300/300/300/300/300/300
1700000049.850000,1,300,300,116.58,47.34,0,2238,300/300/300/300/300/300
1700000049.900000,1,300,300,116.53,46.43,0,2238,300/300/300/300/300/300
1700000049.950000,1,300,300,116.46,400.58,1,2161,300/300/300/300/300/300
1700000050.000000,1,300,300,116.41,45.11,0,2161,300/300/300/300/300/300
1700000050.050000,1,300,300,116.34,45.66,0,2161,300/300/300/300/300/300
1700000050.100000,1,300,300,116.27,251.37,1,2123,300/300/300/300/300/300
1700000050.150000,1,300,300,116.21,47.73,0,2123,300/300/300/300/300/300
1700000050.200000,1,300,300,116.15,44.55,0,2123,300/300/300/300/300/300
1700000050.250000,1,300,300,116.11,442.37,1,2059,300/300/300/300/300/300
1700000050.300000,1,300,300,116.06,46.07,0,2059,300/300/300/300/300/300
1700000050.350000,1,300,300,116.00,45.46,0,2059,300/300/300/300/300/300
1700000050.400000,1,300,300,115.96,312.53,1,2002,300/300/300/300/300/300
1700000050.450000,1,300,300,115.93,46.68,0,2002,300/300/300/300/300/300
1700000050.500000,1,300,300,115.87,44.60,0,2002,300/300/300/300/300/300
1700000050.550000,1,300,300,115.84,349.90,1,1952,300/300/300/300/300/300
1700000050.600000,1,300,300,115.82,48.35,0,1952,300/300/300/300/300/300
1700000050.650000,1,300,300,115.78,44.90,0,1952,300/300/300/300/300/300
1700000050.700000,1,300,300,115.75,334.56,1,1884,300/300/300/300/300/300
1700000050.750000,1,300,300,115.72,47.04,0,1884,300/300/300/300/300/300
1700000050.800000,1,300,300,115.68,48.30,0,1884,300/300/300/300/300/300
1700000050.850000,1,300,300,115.65,265.40,1,1823,300/300/300/300/300/300
1700000050.900000,1,300,300,115.63,46.71,0,1823,300/300/300/300/300/300
1700000050.950000,1,300,300,115.60,46.58,0,1823,300/300/300/300/300/300
1700000051.000000,1,300,300,115.58,373.88,1,1798,300/300/300/300/300/300
1700000051.050000,1,300,300,115.55,48.12,0,1798,300/300/300/300/300/300
1700000051.100000,1,300,300,115.53,47.58,0,1798,300/300/300/300/300/300
1700000051.150000,1,300,300,115.50,301.22,1,1765,300/300/300/300/300/300
1700000051.200000,1,300,300,115.47,46.22,0,1765,300/300/300/300/300/300
1700000051.250000,1,300,300,115.44,47.71,0,1765,300/300/300/300/300/300
1700000051.300000,1,300,300,115.39,351.79,1,1710,300/300/300/300/300/300
1700000051.350000,1,300,300,115.35,49.93,0,1710,300/300/300/300/300/300
1700000051.400000,1,300,300,115.29,46.18,0,1710,300/300/300/300/300/300
1700000051.450000,1,300,300,115.23,335.89,1,1674,300/300/300/300/300/300
1700000051.500000,1,300,300,115.13,46.93,0,1674,300/300/300/300/300/300
1700000051.550000,1,300,300,115.04,50.26,0,1674,300/300/300/300/300/300
1700000051.600000,1,300,300,114.94,182.92,1,1631,300/300/300/300/300/300
1700000051.650000,1,300,300,114.83,48.06,0,1631,300/300/300/300/300/300
1700000051.700000,1,300,300,114.73,48.83,0,1631,300/300/300/300/300/300
1700000051.750000,1,300,300,114.59,268.17,1,1633,300/300/300/300/300/300
1700000051.800000,1,300,300,114.46,47.29,0,1633,300/300/300/300/300/300
1700000051.850000,1,300,300,114.33,49.87,0,1633,300/300/300/300/300/300
1700000051.900000,1,300,300,114.20,285.06,1,1610,300/300/300/300/300/300
1700000051.950000,1,300,300,114.05,48.85,0,1610,300/300/300/300/300/300
1700000052.000000,1,300,300,113.92,48.19,0,1610,300/300/300/300/300/300
1700000052.050000,1,300,300,113.83,264.83,1,1609,300/300/300/300/300/300
1700000052.100000,1,300,300,113.81,48.69,0,1609,300/300/300/300/300/300
1700000052.150000,1,300,300,113.72,47.58,0,1609,300/300/300/300/300/300
1700000052.200000,1,300,300,113.64,201.91,1,1585,300/300/300/300/300/300
1700000052.250000,1,300,300,113.35,50.98,0,1585,300/300/300/300/300/300
1700000052.300000,1,300,300,112.99,48.94,0,1585,300/300/300/300/300/300
1700000052.350000,1,300,300,112.52,193.50,1,1584,300/300/300/300/300/300
1700000052.400000,1,300,300,112.07,50.34,0,1584,300/300/300/300/300/300
1700000052.450000,1,300,300,111.37,48.41,0,1584,300/300/300/300/300/300
1700000052.500000,1,300,300,110.59,261.78,1,1613,300/300/300/300/300/300
1700000052.550000,1,300,300,109.47,50.89,0,1613,300/300/300/300/300/300
1700000052.600000,1,300,300,108.00,54.09,0,1613,300/300/300/300/300/300
1700000052.650000,1,300,300,106.82,145.47,1,1630,300/300/300/300/300/300
1700000052.700000,1,300,300,105.70,53.59,0,1630,300/300/300/300/300/300
1700000052.750000,1,300,300,105.74,55.45,0,1630,300/300/300/300/300/300
1700000052.800000,1,300,300,108.36,223.23,1,1663,300/300/300/271/300/300
1700000052.850000,1,300,300,110.18,48.52,0,1663,300/300/300/300/300/300
1700000052.900000,1,300,300,110.87,49.87,0,1663,300/300/300/300/300/300
1700000052.950000,1,300,300,111.83,254.60,1,1844,300/300/300/300/300/300
1700000053.000000,1,300,300,112.87,62.37,0,1844,300/300/300/300/300/300
1700000053.050000,1,300,300,113.52,58.47,0,1844,300/300/300/300/300/300
1700000053.100000,1,300,300,113.93,215.47,1,1884,300/300/300/300/300/300
1700000053.150000,1,300,300,114.03,50.35,0,1884,300/300/300/300/300/300
1700000053.200000,1,300,300,114.04,49.05,0,1884,300/300/300/300/300/300
1700000053.250000,1,300,300,114.00,216.28,1,1974,300/300/300/300/300/300
1700000053.300000,1,300,300,113.95,50.76,0,1974,300/300/300/300/300/300
1700000053.350000,1,300,300,113.85,48.32,0,1974,300/300/300/300/300/300
1700000053.400000,1,300,300,113.73,243.09,1,2051,300/300/300/300/300/300
1700000053.450000,1,300,300,113.62,52.08,0,2051,300/300/300/300/300/300
1700000053.500000,1,300,300,113.52,47.84,0,2051,300/300/300/300/300/300
1700000053.550000,1,300,300,113.44,207.69,1,2077,300/300/300/300/300/300
1700000053.600000,1,300,300,113.37,49.39,0,2077,300/300/300/300/300/300
1700000053.650000,1,300,300,113.32,48.30,0,2077,300/300/300/300/300/300
1700000053.700000,1,300,300,113.29,179.73,1,2113,300/300/300/300/300/300
1700000053.750000,1,300,300,113.23,50.15,0,2113,300/300/300/300/300/300
1700000053.800000,1,300,300,113.18,47.57,0,2113,300/300/300/300/300/300
1700000053.850000,1,300,300,113.14,247.91,1,2142,300/300/300/300/300/300
1700000053.900000,1,300,300,113.09,48.20,0,2142,300/300/300/300/300/300
1700000053.950000,1,300,300,113.05,46.74,0,2142,300/300/300/300/300/300
1700000054.000000,1,300,300,113.01,209.51,1,2183,300/300/300/300/300/300
1700000054.050000,1,300,300,112.97,50.20,0,2183,300/300/300/300/300/300
1700000054.100000,1,300,300,112.94,46.06,0,2183,300/300/300/300/300/300
1700000054.150000,1,300,300,112.92,276.79,1,2200,300/300/300/300/300/300
1700000054.200000,1,300,300,112.90,48.99,0,2200,300/300/300/300/300/300
1700000054.250000,1,300,300,112.86,48.63,0,2200,300/300/300/300/300/300
1700000054.300000,1,300,300,112.84,215.02,1,2250,300/300/300/300/300/300
1700000054.350000,1,300,300,112.81,52.44,0,2250,300/300/300/300/300/300
1700000054.400000,1,300,300,112.81,48.15,0,2250,300/300/300/300/300/300
1700000054.450000,1,300,300,112.81,222.06,1,2248,300/300/300/300/300/300
1700000054.500000,1,300,300,112.80,50.22,0,2248,300/300/300/300/300/300
1700000054.550000,1,300,300,112.82,49.53,0,2248,300/300/300/300/300/300
1700000054.600000,1,300,300,112.82,171.57,1,2272,300/300/300/300/300/300
1700000054.650000,1,300,300,112.84,47.91,0,2272,300/300/300/300/300/300
1700000054.700000,1,300,300,112.82,47.61,0,2272,300/300/300/300/300/300
1700000054.750000,1,300,300,112.86,232.80,1,2302,300/300/300/300/300/300
1700000054.800000,1,300,300,112.87,47.58,0,2302,300/300/300/300/300/300
1700000054.850000,1,300,300,112.89,48.57,0,2302,300/300/300/300/300/300
1700000054.900000,1,300,300,112.91,316.94,1,2314,300/300/300/300/300/300
1700000054.950000,1,300,300,112.95,48.64,0,2314,300/300/300/300/300/300
1700000055.000000,1,300,300,112.96,48.20,0,2314,300/300/300/300/300/300
1700000055.050000,1,300,300,113.00,293.57,1,2283,300/300/300/300/300/300
1700000055.100000,1,300,300,113.02,48.86,0,2283,300/300/300/300/300/300
1700000055.150000,1,300,300,113.07,47.59,0,2283,300/300/300/300/300/300
1700000055.200000,1,300,300,113.09,286.54,1,2281,300/300/300/300/300/300
1700000055.250000,1,300,300,113.12,48.46,0,2281,300/300/300/300/300/300
1700000055.300000,1,300,300,113.15,45.52,0,2281,300/300/300/300/300/300
1700000055.350000,1,300,300,113.19,319.20,1,2269,300/300/300/300/300/300
1700000055.400000,1,300,300,113.21,49.00,0,2269,300/300/300/300/300/300
1700000055.450000,1,300,300,113.26,48.17,0,2269,300/300/300/300/300/300
1700000055.500000,1,300,300,113.30,317.07,1,2250,300/300/300/300/300/300
1700000055.550000,1,300,300,113.35,50.61,0,2250,300/300/300/300/300/300
1700000055.600000,1,300,300,113.38,48.98,0,2250,300/300/300/300/300/300
1700000055.650000,1,300,300,113.40,271.92,1,2236,300/300/300/300/300/300
1700000055.700000,1,300,300,113.45,48.72,0,2236,300/300/300/300/300/300
1700000055.750000,1,300,300,113.48,48.93,0,2236,300/300/300/300/300/300
1700000055.800000,1,300,300,113.51,284.10,1,2202,300/300/300/300/300/300
1700000055.850000,1,300,300,113.55,47.12,0,2202,300/300/300/300/300/300
1700000055.900000,1,300,300,113.58,46.57,0,2202,300/300/300/300/300/300
1700000055.950000,1,300,300,113.61,279.54,1,2190,300/300/300/300/300/300
1700000056.000000,1,300,300,113.66,46.45,0,2190,300/300/300/300/300/300
1700000056.050000,1,300,300,113.69,47.48,0,2190,300/300/300/300/300/300
1700000056.100000,1,300,300,113.74,284.54,1,2149,300/300/300/300/300/300
1700000056.150000,1,300,300,113.76,51.21,0,2149,300/300/300/300/300/300
1700000056.200000,1,300,300,113.79,47.01,0,2149,300/300/300/300/300/300
1700000056.250000,1,300,300,113.81,288.12,1,2115,300/300/300/300/300/300
1700000056.300000,1,300,300,113.83,47.79,0,2115,300/300/300/300/300/300
1700000056.350000,1,300,300,113.85,49.29,0,2115,300/300/300/300/300/300
1700000056.400000,1,300,300,113.88,288.05,1,2080,300/300/300/300/300/300
1700000056.450000,1,300,300,113.89,47.29,0,2080,300/300/300/300/300/300
1700000056.500000,1,300,300,113.90,46.53,0,2080,300/300/300/300/300/300
1700000056.550000,1,300,300,113.92,295.85,1,2050,300/300/300/300/300/300
1700000056.600000,1,300,300,113.93,48.47,0,2050,300/300/300/300/300/300
1700000056.650000,1,300,300,113.96,49.47,0,2050,300/300/300/300/300/300
1700000056.700000,1,300,300,113.96,252.55,1,2003,300/300/300/300/300/300
1700000056.750000,1,300,300,113.95,46.07,0,2003,300/300/300/300/300/300
1700000056.800000,1,300,300,113.95,48.26,0,2003,300/300/300/300/300/300
1700000056.850000,1,300,300,113.93,294.66,1,1978,300/300/300/300/300/300
1700000056.900000,1,300,300,113.92,48.56,0,1978,300/300/300/300/300/300
1700000056.950000,1,300,300,113.90,52.37,0,1978,300/300/300/300/300/300
1700000057.000000,1,300,300,113.88,226.38,1,1823,300/300/300/300/300/300
1700000057.050000,1,300,300,113.85,48.13,0,1823,300/300/300/300/300/300
1700000057.100000,1,300,300,113.81,48.17,0,1823,300/300/300/300/300/300
1700000057.150000,1,300,300,113.78,285.33,1,1830,300/300/300/300/300/300
1700000057.200000,1,300,300,113.75,48.91,0,1830,300/300/300/300/300/300
1700000057.250000,1,300,300,113.72,45.37,0,1830,300/300/300/300/300/300
1700000057.300000,1,300,300,113.67,277.12,1,1768,300/300/300/300/300/300
1700000057.350000,1,300,300,113.61,47.49,0,1768,300/300/300/300/300/300
1700000057.400000,1,300,300,113.57,49.98,0,1768,300/300/300/300/300/300
1700000057.450000,1,300,300,113.49,162.01,1,1736,300/300/300/300/300/300
1700000057.500000,1,300,300,113.45,49.89,0,1736,300/300/300/300/300/300
1700000057.550000,1,300,300,113.39,47.08,0,1736,300/300/300/300/300/300
1700000057.600000,1,300,300,113.33,271.62,1,1748,300/300/300/300/300/300
1700000057.650000,1,300,300,113.28,47.00,0,1748,300/300/300/300/300/300
1700000057.700000,1,300,300,113.20,47.24,0,1748,300/300/300/300/300/300
1700000057.750000,1,300,300,113.14,275.97,1,1729,300/300/300/300/300/300
1700000057.800000,1,300,300,113.07,47.21,0,1729,300/300/300/300/300/300
1700000057.850000,1,300,300,113.02,49.37,0,1729,300/300/300/300/300/300
1700000057.900000,1,300,300,112.95,302.14,1,1734,300/300/300/300/300/300
1700000057.950000,1,300,300,112.90,47.47,0,1734,300/300/300/300/300/300
1700000058.000000,1,300,300,112.83,47.10,0,1734,300/300/300/300/300/300
1700000058.050000,1,300,300,112.77,313.65,1,1745,300/300/300/300/300/300
1700000058.100000,1,300,300,112.71,49.02,0,1745,300/300/300/300/300/300
1700000058.150000,1,300,300,112.64,47.21,0,1745,300/300/300/300/300/300
1700000058.200000,1,300,300,112.59,198.11,1,1762,300/300/300/300/300/300
1700000058.250000,1,300,300,112.53,47.99,0,1762,300/300/300/300/300/300
1700000058.300000,1,300,300,112.48,48.31,0,1762,300/300/300/300/300/300
1700000058.350000,1,300,300,112.44,217.67,1,1746,300/300/300/300/300/300
1700000058.400000,1,300,300,112.40,48.92,0,1746,300/300/300/300/300/300
1700000058.450000,1,300,300,112.38,48.04,0,1746,300/300/300/300/300/300
1700000058.500000,1,300,300,112.35,220.60,1,1772,300/300/300/300/300/300
1700000058.550000,1,300,300,112.33,48.46,0,1772,300/300/300/300/300/300
1700000058.600000,1,300,300,112.29,48.34,0,1772,300/300/300/300/300/300
1700000058.650000,1,300,300,112.27,167.30,1,1778,300/300/300/300/300/300
1700000058.700000,1,300,300,112.24,52.06,0,1778,300/300/300/300/300/300
1700000058.750000,1,300,300,112.21,48.83,0,1778,300/300/300/300/300/300
1700000058.800000,1,300,300,112.19,211.09,1,1772,300/300/300/300/300/300
1700000058.850000,1,300,300,112.13,49.38,0,1772,300/300/300/300/300/300
1700000058.900000,1,300,300,112.09,47.17,0,1772,300/300/300/300/300/300
1700000058.950000,1,300,300,112.07,292.74,1,1808,300/300/300/300/300/300
1700000059.000000,1,300,300,112.02,48.07,0,1808,300/300/300/300/300/300
1700000059.050000,1,300,300,111.97,49.22,0,1808,300/300/300/300/300/300
1700000059.100000,1,300,300,111.94,307.43,1,1805,300/300/300/300/300/300
1700000059.150000,1,300,300,111.90,49.00,0,1805,300/300/300/300/300/300
1700000059.200000,1,300,300,111.87,49.48,0,1805,300/300/300/300/300/300
1700000059.250000,1,300,300,111.82,264.83,1,1811,300/300/300/300/300/300
1700000059.300000,1,300,300,111.81,48.23,0,1811,300/300/300/300/300/300
1700000059.350000,1,300,300,111.76,48.66,0,1811,300/300/300/300/300/300
1700000059.400000,1,300,300,111.73,265.25,1,1810,300/300/300/300/300/300
1700000059.450000,1,300,300,111.72,49.07,0,1810,300/300/300/300/300/300
1700000059.500000,1,300,300,111.71,47.64,0,1810,300/300/300/300/300/300
1700000059.550000,1,300,300,111.67,268.50,1,1805,300/300/300/300/300/300
1700000059.600000,1,300,300,111.66,49.00,0,1805,300/300/300/300/300/300
1700000059.650000,1,300,300,111.64,49.12,0,1805,300/300/300/300/300/300
1700000059.700000,1,300,300,111.60,261.38,1,1786,300/300/300/300/300/300
1700000059.750000,1,300,300,111.57,49.67,0,1786,300/300/300/300/300/300
1700000059.800000,1,300,300,111.53,47.29,0,1786,300/300/300/300/300/300
1700000059.850000,1,300,300,111.50,266.12,1,1778,300/300/300/300/300/300
1700000059.900000,1,300,300,111.48,48.97,0,1778,300/300/300/300/300/300
1700000059.950000,1,300,300,111.45,50.07,0,1778,300/300/300/300/300/300
1700000060.000000,1,300,300,111.44,292.87,1,1783,300/300/300/300/300/300
1700000060.050000,1,300,300,111.41,47.55,0,1783,300/300/300/300/300/300
1700000060.100000,1,300,300,111.38,45.63,0,1783,300/300/300/300/300/300
1700000060.150000,1,300,300,111.36,245.74,1,1800,300/300/300/300/300/300
1700000060.200000,1,300,300,111.34,47.85,0,1800,300/300/300/300/300/300
1700000060.250000,1,300,300,111.30,48.40,0,1800,300/300/300/300/300/300
1700000060.300000,1,300,300,111.29,277.57,1,1787,300/300/300/300/300/300
1700000060.350000,1,300,300,111.27,48.50,0,1787,300/300/300/300/300/300
1700000060.400000,1,300,300,111.24,48.04,0,1787,300/300/300/300/300/300
1700000060.450000,1,300,300,111.19,261.71,1,1787,300/300/300/300/300/300
1700000060.500000,1,300,300,111.17,48.80,0,1787,300/300/300/300/300/300
1700000060.550000,1,300,300,111.15,50.37,0,1787,300/300/300/300/300/300
1700000060.600000,1,300,300,111.10,348.54,1,1777,300/300/300/300/300/300
1700000060.650000,1,300,300,111.06,47.53,0,1777,300/300/300/300/300/300
1700000060.700000,1,300,300,111.04,49.79,0,1777,300/300/300/300/300/300
1700000060.750000,1,300,300,111.01,295.29,1,1775,300/300/300/300/300/300
1700000060.800000,1,300,300,110.95,49.74,0,1775,300/300/300/300/300/300
1700000060.850000,1,300,300,110.93,49.42,0,1775,300/300/300/300/300/300
1700000060.900000,1,300,300,110.90,295.89,1,1783,300/300/300/300/300/300
1700000060.950000,1,300,300,110.85,50.32,0,1783,300/300/300/300/300/300
1700000061.000000,1,300,300,110.81,48.35,0,1783,300/300/300/300/300/300
1700000061.050000,1,300,300,110.78,263.87,1,1757,300/300/300/300/300/300
1700000061.100000,1,300,300,110.76,49.91,0,1757,300/300/300/300/300/300
1700000061.150000,1,300,300,110.74,48.61,0,1757,300/300/300/300/300/300
1700000061.200000,1,300,300,110.71,279.11,1,1760,300/300/300/300/300/300
1700000061.250000,1,300,300,110.69,50.45,0,1760,300/300/300/300/300/300
1700000061.300000,1,300,300,110.66,54.24,0,1760,300/300/300/300/300/300
1700000061.350000,1,300,300,110.66,311.46,1,1783,300/300/300/300/300/300
1700000061.400000,1,300,300,110.65,51.00,0,1783,300/300/300/300/300/300
1700000061.450000,1,300,300,110.65,48.36,0,1783,300/300/300/300/300/300
1700000061.500000,1,300,300,110.65,262.07,1,1779,300/300/300/300/300/300
1700000061.550000,1,300,300,110.66,49.95,0,1779,300/300/300/300/300/300
1700000061.600000,1,300,300,110.68,51.95,0,1779,300/300/300/300/300/300
1700000061.650000,1,300,300,110.68,165.41,1,1795,300/300/300/300/300/300
1700000061.700000,1,300,300,110.70,48.93,0,1795,300/300/300/300/300/300
1700000061.750000,1,300,300,110.72,50.65,0,1795,300/300/300/300/300/300
1700000061.800000,1,300,300,110.76,297.77,1,1826,300/300/300/300/300/300
1700000061.850000,1,300,300,110.78,53.22,0,1826,300/300/300/300/300/300
1700000061.900000,1,300,300,110.81,52.28,0,1826,300/300/300/300/300/300
1700000061.950000,1,300,300,110.87,276.61,1,1808,300/300/300/300/300/300
1700000062.000000,1,300,300,110.92,50.38,0,1808,300/300/300/300/300/300
1700000062.050000,1,300,300,110.96,49.35,0,1808,300/300/300/300/300/300
1700000062.100000,1,300,300,111.03,229.37,1,1813,300/300/300/300/300/300
1700000062.150000,1,300,300,111.09,48.96,0,1813,300/300/300/300/300/300
1700000062.200000,1,300,300,111.16,48.14,0,1813,300/300/300/300/300/300
1700000062.250000,1,300,300,111.24,269.41,1,1791,300/300/300/300/300/300
1700000062.300000,1,300,300,111.33,52.32,0,1791,300/300/300/300/300/300
1700000062.350000,1,300,300,111.43,49.12,0,1791,300/300/300/300/300/300
1700000062.400000,1,300,300,111.58,282.95,1,1804,300/300/300/300/300/300
1700000062.450000,1,300,300,111.71,54.64,0,1804,300/300/300/300/300/300
1700000062.500000,1,300,300,111.85,71.96,0,1804,300/300/300/300/278/300
1700000062.550000,1,300,300,112.03,187.87,1,1803,300/300/300/300/300/300
1700000062.600000,1,300,300,112.18,70.69,0,1803,300/300/300/300/300/300
1700000062.650000,1,300,300,112.36,50.41,0,1803,300/300/300/300/300/300
1700000062.700000,1,300,300,112.52,175.97,1,1809,300/300/300/300/300/300
1700000062.750000,1,300,300,112.71,60.58,0,1809,300/300/300/300/300/300
1700000062.800000,1,300,300,112.90,63.27,0,1809,300/300/300/300/300/300
1700000062.850000,1,300,300,113.03,253.44,1,1978,300/300/300/300/300/300
1700000062.900000,1,300,300,112.77,49.07,0,1978,300/300/300/300/300/300
1700000062.950000,1,300,300,112.05,49.07,0,1978,300/300/300/300/300/300
1700000063.000000,1,300,300,112.67,189.59,1,2036,300/300/300/300/300/300
1700000063.050000,1,300,300,113.54,50.28,0,2036,300/300/300/300/300/300
1700000063.100000,1,300,300,114.09,49.32,0,2036,300/300/300/300/300/300
1700000063.150000,1,300,300,114.88,202.64,1,2093,300/300/300/300/300/300
1700000063.200000,1,300,300,115.69,48.26,0,2093,300/300/300/300/300/300
1700000063.250000,1,300,300,116.02,51.39,0,2093,300/300/300/300/300/300
1700000063.300000,1,300,300,116.47,162.29,1,2104,300/300/300/300/300/300
1700000063.350000,1,300,300,117.17,51.26,0,2104,300/300/300/300/300/300
1700000063.400000,1,300,300,117.96,50.14,0,2104,300/300/300/300/300/300
1700000063.450000,1,300,300,118.82,162.38,1,2104,300/300/300/300/300/300
1700000063.500000,1,300,300,119.25,50.99,0,2104,300/300/300/300/300/300
1700000063.550000,1,300,300,118.30,48.32,0,2104,300/300/300/300/300/300
1700000063.600000,1,300,300,116.65,253.29,1,2134,300/300/300/300/300/300
1700000063.650000,1,300,300,115.90,47.83,0,2134,300/300/300/300/300/300
1700000063.700000,1,300,300,115.81,48.21,0,2134,300/300/300/300/300/300
1700000063.750000,1,300,300,115.86,164.33,1,2163,300/300/300/300/300/300
1700000063.800000,1,300,300,115.49,50.72,0,2163,300/300/300/300/300/300
1700000063.850000,1,300,300,114.56,48.55,0,2163,300/300/300/300/300/300
1700000063.900000,1,300,300,115.22,190.55,1,2189,300/300/300/300/300/300
1700000063.950000,1,300,300,116.27,52.17,0,2189,300/300/300/300/300/300
1700000064.000000,1,300,300,115.48,48.31,0,2189,300/300/300/300/300/300
1700000064.050000,1,300,300,114.84,176.63,1,2192,300/300/300/300/300/300
1700000064.100000,1,300,300,114.47,48.74,0,2192,300/300/300/300/300/300
1700000064.150000,1,300,300,113.35,50.17,0,2192,300/300/300/300/300/300
1700000064.200000,1,300,300,112.95,163.98,1,2279,300/300/300/300/300/300
1700000064.250000,1,300,300,113.10,56.76,0,2279,300/300/300/300/300/300
1700000064.300000,1,300,300,112.53,73.49,0,2279,300/300/300/300/300/300
1700000064.350000,1,300,300,111.10,219.38,1,2293,300/300/300/300/300/300
1700000064.400000,1,300,300,106.60,55.52,0,2293,300/300/300/300/300/300
1700000064.450000,1,300,300,105.48,53.81,0,2293,300/300/300/300/300/300
1700000064.500000,1,300,300,104.91,171.75,1,2439,300/300/300/300/300/300
1700000064.550000,1,300,300,104.48,54.30,0,2439,300/300/300/300/300/300
1700000064.600000,1,300,300,104.25,54.75,0,2439,300/300/300/300/300/300
1700000064.650000,1,300,300,104.16,282.58,1,2482,300/300/300/300/300/300
1700000064.700000,1,300,300,104.42,56.62,0,2482,300/300/300/300/300/300
1700000064.750000,1,300,300,104.68,60.13,0,2482,300/300/300/300/300/300
1700000064.800000,1,300,300,105.00,288.62,1,2497,300/300/300/300/300/300
1700000064.850000,1,300,300,105.27,56.12,0,2497,300/300/300/300/300/300
1700000064.900000,1,300,300,105.59,54.78,0,2497,300/300/300/300/300/300
1700000064.950000,1,300,300,105.83,180.39,1,2486,300/300/300/300/300/300
1700000065.000000,1,300,300,106.05,60.70,0,2486,300/300/300/300/300/300
1700000065.050000,1,300,300,106.18,54.10,0,2486,300/300/300/300/300/300
1700000065.100000,1,300,300,106.29,301.20,1,2490,300/300/300/300/300/300
1700000065.150000,1,300,300,106.41,53.32,0,2490,300/300/300/300/300/300
1700000065.200000,1,300,300,106.52,55.43,0,2490,300/300/300/300/300/300
1700000065.250000,1,300,300,106.67,296.84,1,2458,300/300/300/300/300/300
1700000065.300000,1,300,300,106.90,57.49,0,2458,300/300/300/300/300/300
1700000065.350000,1,300,300,107.26,55.29,0,2458,300/300/300/300/300/300
1700000065.400000,1,300,300,107.64,291.26,1,2471,300/300/300/300/300/300
1700000065.450000,1,300,300,108.12,52.91,0,2471,300/300/300/300/300/300
1700000065.500000,1,300,300,108.60,58.73,0,2471,300/300/300/300/300/300
1700000065.550000,1,300,300,109.31,294.87,1,2484,300/300/300/300/300/300
1700000065.600000,1,300,300,110.35,67.73,0,2484,300/300/300/300/300/300
1700000065.650000,1,300,300,111.27,48.58,0,2484,300/300/300/300/300/300
1700000065.700000,1,300,300,110.96,179.79,1,2506,300/300/300/300/300/300
1700000065.750000,1,300,300,110.22,52.74,0,2506,300/300/300/300/300/300
1700000065.800000,1,300,300,109.17,51.32,0,2506,300/300/300/300/300/300
1700000065.850000,1,300,300,108.36,300.54,1,2522,300/300/300/300/300/300
1700000065.900000,1,300,300,108.19,50.63,0,2522,300/300/300/300/300/300
1700000065.950000,1,300,300,108.30,49.17,0,2522,300/300/300/300/300/300
1700000066.000000,1,300,300,108.33,296.37,1,2582,300/300/300/300/300/300
1700000066.050000,1,300,300,108.39,50.63,0,2582,300/300/300/300/300/300
1700000066.100000,1,300,300,108.56,47.60,0,2582,300/300/300/300/300/300
1700000066.150000,1,300,300,108.74,184.05,1,2577,300/300/300/300/300/300
1700000066.200000,1,300,300,108.93,50.17,0,2577,300/300/300/300/300/300
1700000066.250000,1,300,300,109.13,48.02,0,2577,300/300/300/300/300/300
1700000066.300000,1,300,300,109.31,266.22,1,2570,300/300/300/300/300/300
1700000066.350000,1,300,300,109.47,48.03,0,2570,300/300/300/300/300/300
1700000066.400000,1,300,300,109.63,48.44,0,2570,300/300/300/300/300/300
1700000066.450000,1,300,300,109.77,185.84,1,2558,300/300/300/300/300/300
1700000066.500000,1,300,300,109.92,47.48,0,2558,300/300/300/300/300/300
1700000066.550000,1,300,300,110.06,46.93,0,2558,300/300/300/300/300/300
1700000066.600000,1,300,300,110.21,189.57,1,2567,300/300/300/300/300/300
1700000066.650000,1,300,300,110.35,47.82,0,2567,300/300/300/300/300/300
1700000066.700000,1,300,300,110.48,45.51,0,2567,300/300/300/300/300/300
1700000066.750000,1,300,300,110.61,194.63,1,2555,300/300/300/300/300/300
1700000066.800000,1,300,300,110.73,48.83,0,2555,300/300/300/300/300/300
1700000066.850000,1,300,300,110.85,49.17,0,2555,300/300/300/300/300/300
1700000066.900000,1,300,300,110.96,185.13,1,2392,300/300/300/300/300/300
1700000066.950000,1,300,300,111.07,47.91,0,2392,300/300/300/300/300/300
1700000067.000000,1,300,300,111.16,47.34,0,2392,300/300/300/300/300/300
1700000067.050000,1,300,300,111.26,307.81,1,2301,300/300/300/300/300/300
1700000067.100000,1,300,300,111.34,47.26,0,2301,300/300/300/300/300/300
1700000067.150000,1,300,300,111.42,46.32,0,2301,300/300/300/300/300/300
1700000067.200000,1,300,300,111.49,181.61,1,2262,300/300/300/300/300/300
1700000067.250000,1,300,300,111.56,46.23,0,2262,300/300/300/300/300/300
1700000067.300000,1,300,300,111.62,47.30,0,2262,300/300/300/300/300/300
1700000067.350000,1,300,300,111.69,300.58,1,2272,300/300/300/300/300/300
1700000067.400000,1,300,300,111.73,47.41,0,2272,300/300/300/300/300/300
1700000067.450000,1,300,300,111.78,45.87,0,2272,300/300/300/300/300/300
1700000067.500000,1,300,300,111.81,303.93,1,2250,300/300/300/300/300/300
1700000067.550000,1,300,300,111.85,46.11,0,2250,300/300/300/300/300/300
1700000067.600000,1,300,300,111.88,45.63,0,2250,300/300/300/300/300/300
1700000067.650000,1,300,300,111.90,255.76,1,2211,300/300/300/300/300/300
1700000067.700000,1,300,300,111.93,48.12,0,2211,300/300/300/300/300/300
1700000067.750000,1,300,300,111.95,46.99,0,2211,300/300/300/300/300/300
1700000067.800000,1,300,300,111.98,302.87,1,2190,300/300/300/300/300/300
1700000067.850000,1,300,300,111.98,46.78,0,2190,300/300/300/300/300/300
1700000067.900000,1,300,300,112.00,46.00,0,2190,300/300/300/300/300/300
1700000067.950000,1,300,300,112.00,221.89,1,2156,300/300/300/300/300/300
1700000068.000000,1,300,300,112.03,45.83,0,2156,300/300/300/300/300/300
1700000068.050000,1,300,300,112.01,46.29,0,2156,300/300/300/300/300/300
1700000068.100000,1,300,300,112.04,319.72,1,2125,300/300/300/300/300/300
1700000068.150000,1,300,300,112.04,46.84,0,2125,300/300/300/300/300/300
1700000068.200000,1,300,300,112.03,45.45,0,2125,300/300/300/300/300/300
1700000068.250000,1,300,300,112.03,248.03,1,1992,300/300/300/300/300/300
1700000068.300000,1,300,300,112.01,46.44,0,1992,300/300/300/300/300/300
1700000068.350000,1,300,300,112.02,45.63,0,1992,300/300/300/300/300/300
1700000068.400000,1,300,300,112.02,327.55,1,1994,300/300/300/300/300/300
1700000068.450000,1,300,300,112.01,46.07,0,1994,300/300/300/300/300/300
1700000068.500000,1,300,300,111.99,45.67,0,1994,300/300/300/300/300/300
1700000068.550000,1,300,300,111.97,283.11,1,1838,300/300/300/300/300/300
1700000068.600000,1,300,300,111.97,45.34,0,1838,300/300/300/300/300/300
1700000068.650000,1,300,300,111.96,45.68,0,1838,300/300/300/300/300/300
1700000068.700000,1,300,300,111.95,276.94,1,1862,300/300/300/300/300/300
1700000068.750000,1,300,300,111.93,45.48,0,1862,300/300/300/300/300/300
1700000068.800000,1,300,300,111.90,45.89,0,1862,300/300/300/300/300/300
1700000068.850000,1,300,300,111.91,232.49,1,1847,300/300/300/300/300/300
1700000068.900000,1,300,300,111.88,45.15,0,1847,300/300/300/300/300/300
1700000068.950000,1,300,300,111.86,45.42,0,1847,300/300/300/300/300/300
1700000069.000000,1,300,300,111.85,293.90,1,1826,300/300/300/300/300/300
1700000069.050000,1,300,300,111.83,46.40,0,1826,300/300/300/300/300/300
1700000069.100000,1,300,300,111.82,44.76,0,1826,300/300/300/300/300/300
1700000069.150000,1,300,300,111.80,299.90,1,1793,300/300/300/300/300/300
1700000069.200000,1,300,300,111.79,44.44,0,1793,300/300/300/300/300/300
1700000069.250000,1,300,300,111.75,45.30,0,1793,300/300/300/300/300/300
1700000069.300000,1,300,300,111.74,304.61,1,1773,300/300/300/300/300/300
1700000069.350000,1,300,300,111.72,46.01,0,1773,300/300/300/300/300/300
1700000069.400000,1,300,300,111.71,45.34,0,1773,300/300/300/300/300/300
1700000069.450000,1,300,300,111.70,304.04,1,1712,300/300/300/300/300/300
1700000069.500000,1,300,300,111.67,45.44,0,1712,300/300/300/300/300/300
1700000069.550000,1,300,300,111.66,44.78,0,1712,300/300/300/300/300/300
1700000069.600000,1,300,300,111.65,304.32,1,1671,300/300/300/300/300/300
1700000069.650000,1,300,300,111.63,45.39,0,1671,300/300/300/300/300/300
1700000069.700000,1,300,300,111.62,43.66,0,1671,300/300/300/300/300/300
1700000069.750000,1,300,300,111.61,305.44,1,1625,300/300/300/300/300/300
1700000069.800000,1,300,300,111.60,44.18,0,1625,300/300/300/300/300/300
1700000069.850000,1,300,300,111.60,43.60,0,1625,300/300/300/300/300/300
1700000069.900000,1,300,300,111.57,366.54,1,1566,300/300/300/300/300/300
1700000069.950000,1,300,300,111.57,44.04,0,1566,300/300/300/300/300/300
1700000070.000000,1,300,300,111.57,45.44,0,1566,300/300/300/300/300/300
1700000070.050000,1,300,300,111.56,223.65,1,1507,300/300/300/300/300/300
1700000070.100000,1,300,300,111.56,44.15,0,1507,300/300/300/300/300/300
1700000070.150000,1,300,300,111.56,43.30,0,1507,300/300/300/300/300/300
1700000070.200000,1,300,300,111.56,315.69,1,1510,300/300/300/300/300/300
1700000070.250000,1,300,300,111.54,44.42,0,1510,300/300/300/300/300/300
1700000070.300000,1,300,300,111.54,42.48,0,1510,300/300/300/300/300/300
1700000070.350000,1,300,300,111.54,234.47,1,1482,300/300/300/300/300/300
1700000070.400000,1,300,300,111.55,44.75,0,1482,300/300/300/300/300/300
1700000070.450000,1,300,300,111.53,43.74,0,1482,300/300/300/300/300/300
1700000070.500000,1,300,300,111.54,220.39,1,1440,300/300/300/300/300/300
1700000070.550000,1,300,300,111.54,43.59,0,1440,300/300/300/300/300/300
1700000070.600000,1,300,300,111.54,42.90,0,1440,300/300/300/300/300/300
1700000070.650000,1,300,300,111.55,261.83,1,1397,300/300/300/300/300/300
1700000070.700000,1,300,300,111.56,44.62,0,1397,300/300/300/300/300/300
1700000070.750000,1,300,300,111.56,43.22,0,1397,300/300/300/300/300/300
1700000070.800000,1,300,300,111.57,266.81,1,1365,300/300/300/300/300/300
1700000070.850000,1,300,300,111.58,44.10,0,1365,300/300/300/300/300/300
1700000070.900000,1,300,300,111.59,43.64,0,1365,300/300/300/300/300/300
1700000070.950000,1,300,300,111.59,276.79,1,1319,300/300/300/300/300/300
1700000071.000000,1,300,300,111.61,44.18,0,1319,300/300/300/300/300/300
1700000071.050000,1,300,300,111.63,43.77,0,1319,300/300/300/300/300/300
1700000071.100000,1,300,300,111.61,296.47,1,1282,300/300/300/300/300/300
1700000071.150000,1,300,300,111.64,44.25,0,1282,300/300/300/300/300/300
1700000071.200000,1,300,300,111.64,43.33,0,1282,300/300/300/300/300/300
1700000071.250000,1,300,300,111.65,311.91,1,1241,300/300/300/300/300/300
1700000071.300000,1,300,300,111.66,43.93,0,1241,300/300/300/300/300/300
1700000071.350000,1,300,300,111.66,43.90,0,1241,300/300/300/300/300/300
1700000071.400000,1,300,300,111.67,192.64,1,1198,300/300/300/300/300/300
1700000071.450000,1,300,300,111.68,44.81,0,1198,300/300/300/300/300/300
1700000071.500000,1,300,300,111.69,43.15,0,1198,300/300/300/300/300/300
1700000071.550000,1,300,300,111.70,268.19,1,1208,300/300/300/300/300/300
1700000071.600000,1,300,300,111.71,46.82,0,1208,300/300/300/300/300/300
1700000071.650000,1,300,300,111.71,43.95,0,1208,300/300/300/300/300/300
1700000071.700000,1,300,300,111.74,298.18,1,1185,300/300/300/300/300/300
1700000071.750000,1,300,300,111.74,44.76,0,1185,300/300/300/300/300/300
1700000071.800000,1,300,300,111.75,44.26,0,1185,300/300/300/300/300/300
1700000071.850000,1,300,300,111.77,222.48,1,1168,300/300/300/300/300/300
1700000071.900000,1,300,300,111.77,42.96,0,1168,300/300/300/300/300/300
1700000071.950000,1,300,300,111.78,44.66,0,1168,300/300/300/300/300/300
1700000072.000000,1,300,300,111.79,363.16,1,1170,300/300/300/300/300/300
1700000072.050000,1,300,300,111.79,45.01,0,1170,300/300/300/300/300/300
1700000072.100000,1,300,300,111.80,44.86,0,1170,300/300/300/300/300/300
1700000072.150000,1,300,300,111.79,155.75,1,1168,300/300/300/300/300/300
1700000072.200000,1,300,300,111.81,46.77,0,1168,300/300/300/300/300/300
1700000072.250000,1,300,300,111.82,44.29,0,1168,300/300/300/300/300/300
1700000072.300000,1,300,300,111.82,159.57,1,1163,300/300/300/300/300/300
1700000072.350000,1,300,300,111.83,44.63,0,1163,300/300/300/300/300/300
1700000072.400000,1,300,300,111.82,45.37,0,1163,300/300/300/300/300/300
1700000072.450000,1,300,300,111.83,190.15,1,1154,300/300/300/300/300/300
1700000072.500000,1,300,300,111.83,44.47,0,1154,300/300/300/300/300/300
1700000072.550000,1,300,300,111.82,44.73,0,1154,300/300/300/300/300/300
1700000072.600000,1,300,300,111.83,291.30,1,1161,300/300/300/300/300/300
1700000072.650000,1,300,300,111.82,46.29,0,1161,300/300/300/300/300/300
1700000072.700000,1,300,300,111.82,44.82,0,1161,300/300/300/300/300/300
1700000072.750000,1,300,300,111.81,244.47,1,1079,300/300/300/300/300/300
1700000072.800000,1,300,300,111.80,45.75,0,1079,300/300/300/300/300/300
1700000072.850000,1,300,300,111.79,44.35,0,1079,300/300/300/300/300/300
1700000072.900000,1,300,300,111.78,146.84,1,1149,300/300/300/300/300/300
1700000072.950000,1,300,300,111.77,45.27,0,1149,300/300/300/300/300/300
1700000073.000000,1,300,300,111.75,45.40,0,1149,300/300/300/300/300/300
1700000073.050000,1,300,300,111.75,148.98,1,1158,300/300/300/300/300/300
1700000073.100000,1,300,300,111.73,46.70,0,1158,300/300/300/300/300/300
1700000073.150000,1,300,300,111.70,46.76,0,1158,300/300/300/300/300/300
1700000073.200000,1,300,300,111.69,153.91,1,1177,300/300/300/300/300/300
1700000073.250000,1,300,300,111.67,45.37,0,1177,300/300/300/300/300/300
1700000073.300000,1,300,300,111.64,43.60,0,1177,300/300/300/300/300/300
1700000073.350000,1,300,300,111.61,222.64,1,1181,300/300/300/300/300/300
1700000073.400000,1,300,300,111.59,46.22,0,1181,300/300/300/300/300/300
1700000073.450000,1,300,300,111.56,45.07,0,1181,300/300/300/300/300/300
1700000073.500000,1,300,300,111.54,265.34,1,1174,300/300/300/300/300/300
1700000073.550000,1,300,300,111.51,45.16,0,1174,300/300/300/300/300/300
1700000073.600000,1,300,300,111.47,46.42,0,1174,300/300/300/300/300/300
1700000073.650000,1,300,300,111.44,233.76,1,1185,300/300/300/300/300/300
1700000073.700000,1,300,300,111.39,46.10,0,1185,300/300/300/300/300/300
1700000073.750000,1,300,300,111.34,45.04,0,1185,300/300/300/300/300/300
1700000073.800000,1,300,300,111.30,208.24,1,1173,300/300/300/300/300/300
1700000073.850000,1,300,300,111.26,47.17,0,1173,300/300/300/300/300/300
1700000073.900000,1,300,300,111.23,45.27,0,1173,300/300/300/300/300/300
1700000073.950000,1,300,300,111.18,294.97,1,1189,300/300/300/300/300/300
1700000074.000000,1,300,300,111.14,47.91,0,1189,300/300/300/300/300/300
1700000074.050000,1,300,300,111.09,58.69,0,1189,300/300/300/300/300/300
1700000074.100000,1,300,300,111.05,269.33,1,1188,300/300/300/300/300/300
1700000074.150000,1,300,300,111.02,46.38,0,1188,300/300/300/300/300/300
1700000074.200000,1,300,300,110.99,45.00,0,1188,300/300/300/300/300/300
1700000074.250000,1,300,300,110.93,218.72,1,1178,300/300/300/300/300/300
1700000074.300000,1,300,300,110.89,46.65,0,1178,300/300/300/300/300/300
1700000074.350000,1,300,300,110.83,46.56,0,1178,300/300/300/300/300/300
1700000074.400000,1,300,300,110.80,211.91,1,1212,300/300/300/300/300/300
1700000074.450000,1,300,300,110.73,47.73,0,1212,300/300/300/300/300/300
1700000074.500000,1,300,300,110.69,48.67,0,1212,300/300/300/300/300/300
1700000074.550000,1,300,300,110.64,215.92,1,1242,300/300/300/300/300/300
1700000074.600000,1,300,300,110.61,47.53,0,1242,300/300/300/300/300/300
1700000074.650000,1,300,300,110.56,47.78,0,1242,300/300/300/300/300/300
1700000074.700000,1,300,300,110.50,220.61,1,1280,300/300/300/300/300/300
1700000074.750000,1,300,300,110.46,48.99,0,1280,300/300/300/300/300/300
1700000074.800000,1,300,300,110.42,47.56,0,1280,300/300/300/300/300/300
1700000074.850000,1,300,300,110.37,222.82,1,1293,300/300/300/300/300/300
1700000074.900000,1,300,300,110.32,46.82,0,1293,300/300/300/300/300/300
1700000074.950000,1,300,300,110.27,48.26,0,1293,300/300/300/300/300/300
1700000075.000000,1,300,300,110.23,228.19,1,1331,300/300/300/300/300/300
1700000075.050000,1,300,300,110.18,46.28,0,1331,300/300/300/300/300/300
1700000075.100000,1,300,300,110.11,45.51,0,1331,300/300/300/300/300/300
1700000075.150000,1,300,300,109.99,226.54,1,1364,300/300/300/300/300/300
1700000075.200000,1,300,300,109.87,47.23,0,1364,300/300/300/300/300/300
1700000075.250000,1,300,300,109.78,47.52,0,1364,300/300/300/300/300/300
1700000075.300000,1,300,300,109.71,239.37,1,1407,300/300/300/300/300/300
1700000075.350000,1,300,300,109.65,48.51,0,1407,300/300/300/300/300/300
1700000075.400000,1,300,300,109.63,47.91,0,1407,300/300/300/300/300/300
1700000075.450000,1,300,300,109.62,239.12,1,1425,300/300/300/300/300/300
1700000075.500000,1,300,300,109.64,48.36,0,1425,300/300/300/300/300/300
1700000075.550000,1,300,300,109.66,47.00,0,1425,300/300/300/300/300/300
1700000075.600000,1,300,300,109.67,236.89,1,1441,300/300/300/300/300/300
1700000075.650000,1,300,300,109.68,50.51,0,1441,300/300/300/300/300/300
1700000075.700000,1,300,300,109.67,49.77,0,1441,300/300/300/300/300/300
1700000075.750000,1,300,300,109.66,240.56,1,1485,300/300/300/300/300/300
1700000075.800000,1,300,300,109.66,50.17,0,1485,300/300/300/300/300/300
1700000075.850000,1,300,300,109.66,49.98,0,1485,300/300/300/300/300/300
1700000075.900000,1,300,300,109.66,244.12,1,1508,300/300/300/300/300/300
1700000075.950000,1,300,300,109.66,48.29,0,1508,300/300/300/300/300/300
1700000076.000000,1,300,300,109.64,49.46,0,1508,300/300/300/300/300/300
1700000076.050000,1,300,300,109.63,244.75,1,1541,300/300/300/300/300/300
1700000076.100000,1,300,300,109.61,50.21,0,1541,300/300/300/300/300/300
1700000076.150000,1,300,300,109.59,49.07,0,1541,300/300/300/300/300/300
1700000076.200000,1,300,300,109.57,244.47,1,1580,300/300/300/300/300/300
1700000076.250000,1,300,300,109.54,48.73,0,1580,300/300/300/300/300/300
1700000076.300000,1,300,300,109.53,46.68,0,1580,300/300/300/300/300/300
1700000076.350000,1,300,300,109.52,252.50,1,1617,300/300/300/300/300/300
1700000076.400000,1,300,300,109.52,51.24,0,1617,300/300/300/300/300/300
1700000076.450000,1,300,300,109.52,49.96,0,1617,300/300/300/300/300/300
1700000076.500000,1,300,300,109.54,256.17,1,1642,300/300/300/300/300/300
1700000076.550000,1,300,300,109.55,48.95,0,1642,300/300/300/300/300/300
1700000076.600000,1,300,300,109.58,48.18,0,1642,300/300/300/300/300/300
1700000076.650000,1,300,300,109.62,254.17,1,1666,300/300/300/300/300/300
1700000076.700000,1,300,300,109.69,51.16,0,1666,300/300/300/300/300/300
1700000076.750000,1,300,300,109.78,52.05,0,1666,300/300/300/300/300/300
1700000076.800000,1,300,300,109.86,271.79,1,1701,300/300/300/300/300/300
1700000076.850000,1,300,300,110.01,50.87,0,1701,300/300/300/300/300/300
1700000076.900000,1,300,300,110.15,52.87,0,1701,300/300/300/300/300/300
1700000076.950000,1,300,300,110.27,235.76,1,1664,300/300/300/300/300/300
1700000077.000000,1,300,300,110.39,50.79,0,1664,300/300/300/300/300/300
1700000077.050000,1,300,300,110.52,51.74,0,1664,300/300/300/300/300/300
1700000077.100000,1,300,300,110.63,238.11,1,1716,300/300/300/300/300/300
1700000077.150000,1,300,300,110.73,50.36,0,1716,300/300/300/300/300/300
1700000077.200000,1,300,300,110.81,51.15,0,1716,300/300/300/300/300/300
1700000077.250000,1,300,300,110.89,238.95,1,1731,300/300/300/300/300/300
1700000077.300000,1,300,300,110.97,51.60,0,1731,300/300/300/300/300/300
1700000077.350000,1,300,300,111.03,49.77,0,1731,300/300/300/300/300/300
1700000077.400000,1,300,300,111.12,282.19,1,1749,300/300/300/300/300/300
1700000077.450000,1,300,300,111.18,51.60,0,1749,300/300/300/300/300/300
1700000077.500000,1,300,300,111.23,51.62,0,1749,300/300/300/300/300/300
1700000077.550000,1,300,300,111.30,172.24,1,1774,300/300/300/300/300/300
1700000077.600000,1,300,300,111.36,56.80,0,1774,300/300/300/300/300/300
1700000077.650000,1,300,300,111.40,53.32,0,1774,300/300/300/300/300/300
1700000077.700000,1,300,300,111.46,171.18,1,1785,300/300/300/300/300/300
1700000077.750000,1,300,300,111.50,55.05,0,1785,300/300/300/300/300/300
1700000077.800000,1,300,300,111.52,51.38,0,1785,300/300/300/300/300/300
1700000077.850000,1,300,300,111.55,285.56,1,1808,300/300/300/300/300/300
1700000077.900000,1,300,300,111.57,51.92,0,1808,300/300/300/300/300/300
1700000077.950000,1,300,300,111.57,50.72,0,1808,300/300/300/300/300/300
1700000078.000000,1,300,300,111.59,326.30,1,1819,300/300/300/300/300/300
1700000078.050000,1,300,300,111.58,53.49,0,1819,300/300/300/300/300/300
1700000078.100000,1,300,300,111.55,53.17,0,1819,300/300/300/300/300/300
1700000078.150000,1,300,300,111.53,271.62,1,1842,300/300/300/300/300/300
1700000078.200000,1,300,300,111.49,53.54,0,1842,300/300/300/300/300/300
1700000078.250000,1,300,300,111.45,51.42,0,1842,300/300/300/300/300/300
1700000078.300000,1,300,300,111.41,275.43,1,1852,300/300/300/300/300/300
1700000078.350000,1,300,300,111.35,54.13,0,1852,300/300/300/300/300/300
1700000078.400000,1,300,300,111.36,52.84,0,1852,300/300/300/300/300/300
1700000078.450000,1,300,300,111.33,215.62,1,1867,300/300/300/300/300/300
1700000078.500000,1,300,300,111.30,51.69,0,1867,300/300/300/300/300/300
1700000078.550000,1,300,300,111.29,51.12,0,1867,300/300/300/300/300/300
1700000078.600000,1,300,300,111.29,213.50,1,1892,300/300/300/300/300/300
1700000078.650000,1,300,300,111.32,50.92,0,1892,300/300/300/300/300/300
1700000078.700000,1,300,300,111.32,49.50,0,1892,300/300/300/300/300/300
1700000078.750000,1,300,300,111.36,265.31,1,1890,300/300/300/300/300/300
1700000078.800000,1,300,300,111.41,54.00,0,1890,300/300/300/300/300/300
1700000078.850000,1,300,300,111.46,55.63,0,1890,300/300/300/300/300/300
1700000078.900000,1,300,300,111.53,269.73,1,1914,300/300/300/300/300/300
1700000078.950000,1,300,300,111.61,52.41,0,1914,300/300/300/300/300/300
1700000079.000000,1,300,300,111.70,49.02,0,1914,300/300/300/300/300/300
1700000079.050000,1,300,300,111.78,201.27,1,1932,300/300/300/300/300/300
1700000079.100000,1,300,300,111.85,51.94,0,1932,300/300/300/300/300/300
1700000079.150000,1,300,300,111.94,53.23,0,1932,300/300/300/300/300/300
1700000079.200000,1,300,300,112.03,305.43,1,1932,300/300/300/300/300/300
1700000079.250000,1,300,300,112.10,51.17,0,1932,300/300/300/300/300/300
1700000079.300000,1,300,300,112.16,49.11,0,1932,300/300/300/300/300/300
1700000079.350000,1,300,300,112.24,277.65,1,1949,300/300/300/300/300/300
1700000079.400000,1,300,300,112.32,52.60,0,1949,300/300/300/300/300/300
1700000079.450000,1,300,300,112.35,52.82,0,1949,300/300/300/300/300/300
1700000079.500000,1,300,300,112.37,338.98,1,1969,300/300/300/300/300/300
1700000079.550000,1,300,300,112.39,49.82,0,1969,300/300/300/300/300/300
1700000079.600000,1,300,300,112.43,49.89,0,1969,300/300/300/300/300/300
1700000079.650000,1,300,300,112.46,285.89,1,1962,300/300/300/300/300/300
1700000079.700000,1,300,300,112.48,49.44,0,1962,300/300/300/300/300/300
1700000079.750000,1,300,300,112.52,47.59,0,1962,300/300/300/300/300/300
1700000079.800000,1,300,300,112.56,201.48,1,1949,300/300/300/300/300/300
1700000079.850000,1,300,300,112.59,46.10,0,1949,300/300/300/300/300/300
1700000079.900000,1,300,300,112.64,47.36,0,1949,300/300/300/300/300/300
1700000079.950000,1,300,300,112.66,315.82,1,1971,300/300/300/300/300/300
1700000080.000000,1,300,300,112.70,49.25,0,1971,300/300/300/300/300/300
1700000080.050000,1,300,300,112.74,48.82,0,1971,300/300/300/300/300/300
1700000080.100000,1,300,300,112.80,304.89,1,1949,300/300/300/300/300/300
1700000080.150000,1,300,300,112.85,46.14,0,1949,300/300/300/300/300/300
1700000080.200000,1,300,300,112.89,48.41,0,1949,300/300/300/300/300/300
1700000080.250000,1,300,300,112.95,286.13,1,1950,300/300/300/300/300/300
1700000080.300000,1,300,300,113.00,49.43,0,1950,300/300/300/300/300/300
1700000080.350000,1,300,300,113.07,49.53,0,1950,300/300/300/300/300/300
1700000080.400000,1,300,300,113.13,277.73,1,1968,300/300/300/300/300/300
1700000080.450000,1,300,300,113.20,48.04,0,1968,300/300/300/300/300/300
1700000080.500000,1,300,300,113.27,46.56,0,1968,300/300/300/300/300/300
1700000080.550000,1,300,300,113.33,175.42,1,1983,300/300/300/300/300/300
1700000080.600000,1,300,300,113.40,51.37,0,1983,300/300/300/300/300/300
1700000080.650000,1,300,300,113.42,50.24,0,1983,300/300/300/300/300/300
1700000080.700000,1,300,300,113.44,297.27,1,1991,300/300/300/300/300/300
1700000080.750000,1,300,300,113.45,51.25,0,1991,300/300/300/300/300/300
1700000080.800000,1,300,300,113.44,49.08,0,1991,300/300/300/300/300/300
1700000080.850000,1,300,300,113.37,291.35,1,2020,300/300/300/300/300/300
1700000080.900000,1,300,300,113.27,50.92,0,2020,300/300/300/300/300/300
1700000080.950000,1,300,300,113.15,49.88,0,2020,300/300/300/300/300/300
1700000081.000000,1,300,300,113.01,180.60,1,2038,300/300/300/300/300/300
1700000081.050000,1,300,300,112.87,51.77,0,2038,300/300/300/300/300/300
1700000081.100000,1,300,300,112.71,51.14,0,2038,300/300/300/300/300/300
1700000081.150000,1,300,300,112.57,251.58,1,2051,300/300/300/300/300/300
1700000081.200000,1,300,300,112.56,53.70,0,2051,300/300/300/300/300/300
1700000081.250000,1,300,300,112.59,49.94,0,2051,300/300/300/300/300/300
1700000081.300000,1,300,300,112.65,193.80,1,2081,300/300/300/300/300/300
1700000081.350000,1,300,300,112.75,59.80,0,2081,300/300/300/300/300/300
1700000081.400000,1,300,300,112.91,53.20,0,2081,300/300/300/300/300/300
1700000081.450000,1,300,300,113.07,297.58,1,2114,300/300/300/300/300/300
1700000081.500000,1,300,300,113.17,53.98,0,2114,300/300/300/300/300/300
1700000081.550000,1,300,300,113.24,52.56,0,2114,300/300/300/300/300/300
1700000081.600000,1,300,300,113.30,219.65,1,2154,300/300/300/300/300/300
1700000081.650000,1,300,300,113.33,58.01,0,2154,300/300/300/300/300/300
1700000081.700000,1,300,300,113.40,55.14,0,2154,300/300/300/300/300/300
1700000081.750000,1,300,300,113.44,274.46,1,2191,300/300/300/300/300/300
1700000081.800000,1,300,300,113.49,58.00,0,2191,300/300/300/300/300/300
1700000081.850000,1,300,300,113.57,52.66,0,2191,300/300/300/300/300/300
1700000081.900000,1,300,300,113.66,337.88,1,2243,300/300/300/300/300/300
1700000081.950000,1,300,300,113.77,58.85,0,2243,300/300/300/300/300/300
1700000082.000000,1,300,300,113.93,53.28,0,2243,300/300/300/300/300/300
1700000082.050000,1,300,300,114.07,304.48,1,2292,300/300/300/300/300/300
1700000082.100000,1,300,300,114.21,55.66,0,2292,300/300/300/300/300/300
1700000082.150000,1,300,300,114.45,54.43,0,2292,300/300/300/300/300/300
1700000082.200000,1,300,300,114.81,334.68,1,2336,300/300/300/300/300/300
1700000082.250000,1,300,300,115.21,57.07,0,2336,300/300/300/300/300/300
1700000082.300000,1,300,300,115.69,54.89,0,2336,300/300/300/300/300/300
1700000082.350000,1,300,300,116.17,345.94,1,2366,300/300/300/300/300/300
1700000082.400000,1,300,300,116.61,55.31,0,2366,300/300/300/300/300/300
1700000082.450000,1,300,300,116.97,52.44,0,2366,300/300/300/300/300/300
1700000082.500000,1,300,300,117.35,291.16,1,2405,300/300/300/300/300/300
1700000082.550000,1,300,300,117.65,56.60,0,2405,300/300/300/300/300/300
1700000082.600000,1,300,300,117.82,53.09,0,2405,300/300/300/300/300/300
1700000082.650000,1,300,300,117.91,254.08,1,2437,300/300/300/300/300/300
1700000082.700000,1,300,300,117.92,57.57,0,2437,300/300/300/300/300/300
1700000082.750000,1,300,300,117.88,53.98,0,2437,300/300/300/300/300/300
1700000082.800000,1,300,300,117.82,208.71,1,2513,300/300/300/300/300/300
1700000082.850000,1,300,300,117.79,52.79,0,2513,300/300/300/300/300/300
1700000082.900000,1,300,300,117.80,51.63,0,2513,300/300/300/300/300/300
1700000082.950000,1,300,300,117.81,249.58,1,2542,300/300/300/300/300/300
1700000083.000000,1,300,300,117.85,51.63,0,2542,300/300/300/300/300/300
1700000083.050000,1,300,300,117.83,52.54,0,2542,300/300/300/300/300/300
1700000083.100000,1,300,300,117.80,324.69,1,2573,300/300/300/300/300/300
1700000083.150000,1,300,300,117.78,53.48,0,2573,300/300/300/300/300/300
1700000083.200000,1,300,300,117.72,49.99,0,2573,300/300/300/300/300/300
1700000083.250000,1,300,300,117.65,306.78,1,2621,300/300/300/300/300/300
1700000083.300000,1,300,300,117.55,52.56,0,2621,300/300/300/300/300/300
1700000083.350000,1,300,300,117.46,50.93,0,2621,300/300/300/300/300/300
1700000083.400000,1,300,300,117.38,206.93,1,2624,300/300/300/300/300/300
1700000083.450000,1,300,300,117.29,49.84,0,2624,300/300/300/300/300/300
1700000083.500000,1,300,300,117.22,48.43,0,2624,300/300/300/300/300/300
1700000083.550000,1,300,300,117.14,253.93,1,2643,300/300/300/300/300/300
1700000083.600000,1,300,300,117.04,51.33,0,2643,300/300/300/300/300/300
1700000083.650000,1,300,300,116.96,49.39,0,2643,300/300/300/300/300/300
1700000083.700000,1,300,300,116.88,256.81,1,2661,300/300/300/300/300/300
1700000083.750000,1,300,300,116.80,47.64,0,2661,300/300/300/300/300/300
1700000083.800000,1,300,300,116.72,48.35,0,2661,300/300/300/300/300/300
1700000083.850000,1,300,300,116.64,214.44,1,2670,300/300/300/300/300/300
1700000083.900000,1,300,300,116.57,47.95,0,2670,300/300/300/300/300/300
1700000083.950000,1,300,300,116.48,47.46,0,2670,300/300/300/300/300/300
1700000084.000000,1,300,300,116.40,355.90,1,2633,300/300/300/300/300/300
1700000084.050000,1,300,300,116.34,51.12,0,2633,300/300/300/300/300/300
1700000084.100000,1,300,300,116.25,50.04,0,2633,300/300/300/300/300/300
1700000084.150000,1,300,300,116.17,245.82,1,2596,300/300/300/300/300/300
1700000084.200000,1,300,300,116.08,48.85,0,2596,300/300/300/300/300/300
1700000084.250000,1,300,300,115.98,49.74,0,2596,300/300/300/300/300/300
1700000084.300000,1,300,300,115.89,310.32,1,2585,300/300/300/300/300/300
1700000084.350000,1,300,300,115.81,50.78,0,2585,300/300/300/300/300/300
1700000084.400000,1,300,300,115.72,48.08,0,2585,300/300/300/300/300/300
1700000084.450000,1,300,300,115.62,331.89,1,2542,300/300/300/300/300/300
1700000084.500000,1,300,300,115.58,49.51,0,2542,300/300/300/300/300/300
1700000084.550000,1,300,300,115.53,47.36,0,2542,300/300/300/300/300/300
1700000084.600000,1,300,300,115.52,322.49,1,2518,300/300/300/300/300/300
1700000084.650000,1,300,300,115.51,47.97,0,2518,300/300/300/300/300/300
1700000084.700000,1,300,300,115.51,48.28,0,2518,300/300/300/300/300/300
1700000084.750000,1,300,300,115.52,365.45,1,2499,300/300/300/300/300/300
1700000084.800000,1,300,300,115.52,47.92,0,2499,300/300/300/300/300/300
1700000084.850000,1,300,300,115.53,47.54,0,2499,300/300/300/300/300/300
1700000084.900000,1,300,300,115.54,282.60,1,2441,300/300/300/300/300/300
1700000084.950000,1,300,300,115.58,47.71,0,2441,300/300/300/300/300/300
1700000085.000000,1,300,300,115.60,49.28,0,2441,300/300/300/300/300/300
1700000085.050000,1,300,300,115.62,239.88,1,2401,300/300/300/300/300/300
1700000085.100000,1,300,300,115.68,48.45,0,2401,300/300/300/300/300/300
1700000085.150000,1,300,300,115.69,48.28,0,2401,300/300/300/300/300/300
1700000085.200000,1,300,300,115.72,337.72,1,2336,300/300/300/300/300/300
1700000085.250000,1,300,300,115.73,48.62,0,2336,300/300/300/300/300/300
1700000085.300000,1,300,300,115.74,47.39,0,2336,300/300/300/300/300/300
1700000085.350000,1,300,300,115.73,331.38,1,2290,300/300/300/300/300/300
1700000085.400000,1,300,300,115.71,49.31,0,2290,300/300/300/300/300/300
1700000085.450000,1,300,300,115.71,48.27,0,2290,300/300/300/300/300/300
1700000085.500000,1,300,300,115.71,316.44,1,2252,300/300/300/300/300/300
1700000085.550000,1,300,300,115.71,48.22,0,2252,300/300/300/300/300/300
1700000085.600000,1,300,300,115.73,50.43,0,2252,300/300/300/300/300/300
1700000085.650000,1,300,300,115.77,389.45,1,2207,300/300/300/300/300/300
1700000085.700000,1,300,300,115.80,48.13,0,2207,300/300/300/300/300/300
1700000085.750000,1,300,300,115.83,48.42,0,2207,300/300/300/300/300/300
1700000085.800000,1,300,300,115.87,404.94,1,2167,300/300/300/300/300/300
1700000085.850000,1,300,300,115.91,49.60,0,2167,300/300/300/300/300/300
1700000085.900000,1,300,300,115.96,46.46,0,2167,300/300/300/300/300/300
1700000085.950000,1,300,300,116.03,389.30,1,2109,300/300/300/300/300/300
1700000086.000000,1,300,300,116.12,49.70,0,2109,300/300/300/300/300/300
1700000086.050000,1,300,300,116.19,49.12,0,2109,300/300/300/300/300/300
1700000086.100000,1,300,300,116.26,366.60,1,2043,300/300/300/300/300/300
1700000086.150000,1,300,300,116.18,48.98,0,2043,300/300/300/300/300/300
1700000086.200000,1,300,300,116.11,49.33,0,2043,300/300/300/300/300/300
1700000086.250000,1,300,300,116.01,384.34,1,2000,300/300/300/300/300/300
1700000086.300000,1,300,300,115.89,50.41,0,2000,300/300/300/300/300/300
1700000086.350000,1,300,300,115.78,48.97,0,2000,300/300/300/300/300/300
1700000086.400000,1,300,300,115.66,363.21,1,1964,300/300/300/300/300/300
1700000086.450000,1,300,300,115.57,51.66,0,1964,300/300/300/300/300/300
1700000086.500000,1,300,300,115.50,48.53,0,1964,300/300/300/300/300/300
1700000086.550000,1,300,300,115.43,318.15,1,1917,300/300/300/300/300/300
1700000086.600000,1,300,300,115.38,50.64,0,1917,300/300/300/300/300/300
1700000086.650000,1,300,300,115.32,48.88,0,1917,300/300/300/300/300/300
1700000086.700000,1,300,300,115.28,363.98,1,1879,300/300/300/300/300/300
1700000086.750000,1,300,300,115.21,49.49,0,1879,300/300/300/300/300/300
1700000086.800000,1,300,300,115.15,49.32,0,1879,300/300/300/300/300/300
1700000086.850000,1,300,300,115.05,304.84,1,1828,300/300/300/300/300/300
1700000086.900000,1,300,300,114.97,48.62,0,1828,300/300/300/300/300/300
1700000086.950000,1,300,300,114.90,48.98,0,1828,300/300/300/300/300/300
1700000087.000000,1,300,300,114.82,169.20,1,1827,300/300/300/300/300/300
1700000087.050000,1,300,300,114.74,48.62,0,1827,300/300/300/300/300/300
1700000087.100000,1,300,300,114.65,49.31,0,1827,300/300/300/300/300/300
1700000087.150000,1,300,300,114.58,254.41,1,1807,300/300/300/300/300/300
1700000087.200000,1,300,300,114.49,48.45,0,1807,300/300/300/300/300/300
1700000087.250000,1,300,300,114.42,47.40,0,1807,300/300/300/300/300/300
1700000087.300000,1,300,300,114.36,261.94,1,1783,300/300/300/300/300/300
1700000087.350000,1,300,300,114.28,47.46,0,1783,300/300/300/300/300/300
1700000087.400000,1,300,300,114.21,48.12,0,1783,300/300/300/300/300/300
1700000087.450000,1,300,300,114.11,208.13,1,1753,300/300/300/300/300/300
1700000087.500000,1,300,300,114.04,49.08,0,1753,300/300/300/300/300/300
1700000087.550000,1,300,300,113.96,46.75,0,1753,300/300/300/300/300/300
1700000087.600000,1,300,300,113.88,231.26,1,1711,300/300/300/300/300/300
1700000087.650000,1,300,300,113.79,48.26,0,1711,300/300/300/300/300/300
1700000087.700000,1,300,300,113.72,48.16,0,1711,300/300/300/300/300/300
1700000087.750000,1,300,300,113.64,225.50,1,1703,300/300/300/300/300/300
1700000087.800000,1,300,300,113.57,49.79,0,1703,300/300/300/300/300/300
1700000087.850000,1,300,300,113.52,47.87,0,1703,300/300/300/300/300/300
1700000087.900000,1,300,300,113.44,183.86,1,1700,300/300/300/300/300/300
1700000087.950000,1,300,300,113.39,47.64,0,1700,300/300/300/300/300/300
1700000088.000000,1,300,300,113.32,48.37,0,1700,300/300/300/300/300/300
1700000088.050000,1,300,300,113.25,241.50,1,1711,300/300/300/300/300/300
1700000088.100000,1,300,300,113.16,48.14,0,1711,300/300/300/300/300/300
1700000088.150000,1,300,300,113.10,47.41,0,1711,300/300/300/300/300/300
1700000088.200000,1,300,300,113.05,232.37,1,1746,300/300/300/300/300/300
1700000088.250000,1,300,300,112.99,49.44,0,1746,300/300/300/300/300/300
1700000088.300000,1,300,300,112.93,48.20,0,1746,300/300/300/300/300/300
1700000088.350000,1,300,300,112.90,195.29,1,1731,300/300/300/300/300/300
1700000088.400000,1,300,300,112.86,47.32,0,1731,300/300/300/300/300/300
1700000088.450000,1,300,300,112.85,49.54,0,1731,300/300/300/300/300/300
1700000088.500000,1,300,300,112.78,153.71,1,1754,300/300/300/300/300/300
1700000088.550000,1,300,300,112.73,50.65,0,1754,300/300/300/300/300/300
1700000088.600000,1,300,300,112.69,49.30,0,1754,300/300/300/300/300/300
1700000088.650000,1,300,300,112.64,205.01,1,1767,300/300/300/300/300/300
1700000088.700000,1,300,300,112.60,50.71,0,1767,300/300/300/300/300/300
1700000088.750000,1,300,300,112.59,49.56,0,1767,300/300/300/300/300/300
1700000088.800000,1,300,300,112.63,305.69,1,1764,300/300/300/300/300/300
1700000088.850000,1,300,300,112.68,49.71,0,1764,300/300/300/300/300/300
1700000088.900000,1,300,300,112.71,48.60,0,1764,300/300/300/300/300/300
1700000088.950000,1,300,300,112.76,213.21,1,1830,300/300/300/300/300/300
1700000089.000000,1,300,300,112.82,49.23,0,1830,300/300/300/300/300/300
1700000089.050000,1,300,300,112.91,49.86,0,1830,300/300/300/300/300/300
1700000089.100000,1,300,300,112.99,188.70,1,1840,300/300/300/300/300/300
1700000089.150000,1,300,300,113.13,49.61,0,1840,300/300/300/300/300/300
1700000089.200000,1,300,300,113.28,49.14,0,1840,300/300/300/300/300/300
1700000089.250000,1,300,300,113.44,192.61,1,1860,300/300/300/300/300/300
1700000089.300000,1,300,300,113.67,50.20,0,1860,300/300/300/300/300/300
1700000089.350000,1,300,300,113.84,48.47,0,1860,300/300/300/300/300/300
1700000089.400000,1,300,300,114.02,201.99,1,1907,300/300/300/300/300/300
1700000089.450000,1,300,300,114.12,48.32,0,1907,300/300/300/300/300/300
1700000089.500000,1,300,300,114.21,47.84,0,1907,300/300/300/300/300/300
1700000089.550000,1,300,300,114.30,240.66,1,1949,300/300/300/300/300/300
1700000089.600000,1,300,300,114.45,53.17,0,1949,300/300/300/300/300/300
1700000089.650000,1,300,300,114.59,49.77,0,1949,300/300/300/300/300/300
1700000089.700000,1,300,300,114.70,339.65,1,1973,300/300/300/300/300/300
1700000089.750000,1,300,300,114.79,49.82,0,1973,300/300/300/300/300/300
1700000089.800000,1,300,300,114.87,49.42,0,1973,300/300/300/300/300/300
1700000089.850000,1,300,300,114.94,177.97,1,1996,300/300/300/300/300/300
1700000089.900000,1,300,300,114.96,50.80,0,1996,300/300/300/300/300/300
1700000089.950000,1,300,300,114.99,49.57,0,1996,300/300/300/300/300/300
1700000090.000000,1,300,300,115.04,304.07,1,1992,300/300/300/300/300/300
1700000090.050000,1,300,300,115.08,49.42,0,1992,300/300/300/300/300/300
1700000090.100000,1,300,300,115.13,51.15,0,1992,300/300/300/300/300/300
1700000090.150000,1,300,300,115.22,296.99,1,2002,300/300/300/300/300/300
1700000090.200000,1,300,300,115.33,47.05,0,2002,300/300/300/300/300/300
1700000090.250000,1,300,300,115.43,47.33,0,2002,300/300/300/300/300/300
1700000090.300000,1,300,300,115.52,183.47,1,1983,300/300/300/300/300/300
1700000090.350000,1,300,300,115.60,47.66,0,1983,300/300/300/300/300/300
1700000090.400000,1,300,300,115.66,46.96,0,1983,300/300/300/300/300/300
1700000090.450000,1,300,300,115.75,179.51,1,1982,300/300/300/300/300/300
1700000090.500000,1,300,300,115.82,46.66,0,1982,300/300/300/300/300/300
1700000090.550000,1,300,300,115.89,45.98,0,1982,300/300/300/300/300/300
1700000090.600000,1,300,300,115.96,180.41,1,1950,300/300/300/300/300/300
1700000090.650000,1,300,300,116.03,48.10,0,1950,300/300/300/300/300/300
1700000090.700000,1,300,300,116.11,45.45,0,1950,300/300/300/300/300/300
1700000090.750000,1,300,300,116.19,176.70,1,1938,300/300/300/300/300/300
1700000090.800000,1,300,300,116.26,48.29,0,1938,300/300/300/300/300/300
1700000090.850000,1,300,300,116.34,47.46,0,1938,300/300/300/300/300/300
1700000090.900000,1,300,300,116.41,249.83,1,1904,300/300/300/300/300/300
1700000090.950000,1,300,300,116.49,46.89,0,1904,300/300/300/300/300/300
1700000091.000000,1,300,300,116.55,47.68,0,1904,300/300/300/300/300/300
1700000091.050000,1,300,300,116.62,213.69,1,1869,300/300/300/300/300/300
1700000091.100000,1,300,300,116.68,47.07,0,1869,300/300/300/300/300/300
1700000091.150000,1,300,300,116.72,46.11,0,1869,300/300/300/300/300/300
1700000091.200000,1,300,300,116.77,168.39,1,1864,300/300/300/300/300/300
1700000091.250000,1,300,300,116.83,47.42,0,1864,300/300/300/300/300/300
1700000091.300000,1,300,300,116.87,46.78,0,1864,300/300/300/300/300/300
1700000091.350000,1,300,300,116.91,293.41,1,1839,300/300/300/300/300/300
1700000091.400000,1,300,300,116.97,47.46,0,1839,300/300/300/300/300/300
1700000091.450000,1,300,300,117.00,46.12,0,1839,300/300/300/300/300/300
1700000091.500000,1,300,300,117.03,168.51,1,1822,300/300/300/300/300/300
1700000091.550000,1,300,300,117.06,47.33,0,1822,300/300/300/300/300/300
1700000091.600000,1,300,300,117.08,47.24,0,1822,300/300/300/300/300/300
1700000091.650000,1,300,300,117.11,293.53,1,1810,300/300/300/300/300/300
1700000091.700000,1,300,300,117.12,46.91,0,1810,300/300/300/300/300/300
1700000091.750000,1,300,300,117.13,46.57,0,1810,300/300/300/300/300/300
1700000091.800000,1,300,300,117.14,168.02,1,1797,300/300/300/300/300/300
1700000091.850000,1,300,300,117.14,46.66,0,1797,300/300/300/300/300/300
1700000091.900000,1,300,300,117.16,46.77,0,1797,300/300/300/300/300/300
1700000091.950000,1,300,300,117.17,210.45,1,1786,300/300/300/300/300/300
1700000092.000000,1,300,300,117.16,48.27,0,1786,300/300/300/300/300/300
1700000092.050000,1,300,300,117.17,46.96,0,1786,300/300/300/300/300/300
1700000092.100000,1,300,300,117.16,197.50,1,1786,300/300/300/300/300/300
1700000092.150000,1,300,300,117.16,47.27,0,1786,300/300/300/300/300/300
1700000092.200000,1,300,300,117.17,46.65,0,1786,300/300/300/300/300/300
1700000092.250000,1,300,300,117.14,196.69,1,1780,300/300/300/300/300/300
1700000092.300000,1,300,300,117.14,46.68,0,1780,300/300/300/300/300/300
1700000092.350000,1,300,300,117.12,45.70,0,1780,300/300/300/300/300/300
1700000092.400000,1,300,300,117.12,219.64,1,1786,300/300/300/300/300/300
1700000092.450000,1,300,300,117.11,47.17,0,1786,300/300/300/300/300/300
1700000092.500000,1,300,300,117.09,45.55,0,1786,300/300/300/300/300/300
1700000092.550000,1,300,300,117.08,172.06,1,1772,300/300/300/300/300/300
1700000092.600000,1,300,300,117.06,48.06,0,1772,300/300/300/300/300/300
1700000092.650000,1,300,300,117.05,45.60,0,1772,300/300/300/300/300/300
1700000092.700000,1,300,300,117.01,295.52,1,1765,300/300/300/300/300/300
1700000092.750000,1,300,300,116.99,48.74,0,1765,300/300/300/300/300/300
1700000092.800000,1,300,300,117.01,47.06,0,1765,300/300/300/300/300/300
1700000092.850000,1,300,300,116.96,299.16,1,1758,300/300/300/300/300/300
1700000092.900000,1,300,300,116.97,45.68,0,1758,300/300/300/300/300/300
1700000092.950000,1,300,300,116.97,45.83,0,1758,300/300/300/300/300/300
1700000093.000000,1,300,300,116.97,173.83,1,1695,300/300/300/300/300/300
1700000093.050000,1,300,300,116.95,45.83,0,1695,300/300/300/300/300/300
1700000093.100000,1,300,300,116.92,47.14,0,1695,300/300/300/300/300/300
1700000093.150000,1,300,300,116.93,298.40,1,1698,300/300/300/300/300/300
1700000093.200000,1,300,300,116.92,46.92,0,1698,300/300/300/300/300/300
1700000093.250000,1,300,300,116.89,47.06,0,1698,300/300/300/300/300/300
1700000093.300000,1,300,300,116.89,293.59,1,1688,300/300/300/300/300/300
1700000093.350000,1,300,300,116.88,49.23,0,1688,300/300/300/300/300/300
1700000093.400000,1,300,300,116.88,47.37,0,1688,300/300/300/300/300/300
1700000093.450000,1,300,300,116.87,245.63,1,1648,300/300/300/300/300/300
1700000093.500000,1,300,300,116.89,48.22,0,1648,300/300/300/300/300/300
1700000093.550000,1,300,300,116.88,47.70,0,1648,300/300/300/300/300/300
1700000093.600000,1,300,300,116.89,388.56,1,1621,300/300/300/300/300/300
1700000093.650000,1,300,300,116.89,48.94,0,1621,300/300/300/300/300/300
1700000093.700000,1,300,300,116.91,46.41,0,1621,300/300/300/300/300/300
1700000093.750000,1,300,300,116.91,225.08,1,1624,300/300/300/300/300/300
1700000093.800000,1,300,300,116.93,47.97,0,1624,300/300/300/300/300/300
1700000093.850000,1,300,300,116.96,46.28,0,1624,300/300/300/300/300/300
1700000093.900000,1,300,300,116.96,271.21,1,1608,300/300/300/300/300/300
1700000093.950000,1,300,300,116.99,47.63,0,1608,300/300/300/300/300/300
1700000094.000000,1,300,300,117.01,45.67,0,1608,300/300/300/300/300/300
1700000094.050000,1,300,300,117.04,270.79,1,1606,300/300/300/300/300/300
1700000094.100000,1,300,300,117.06,48.82,0,1606,300/300/300/300/300/300
1700000094.150000,1,300,300,117.08,46.75,0,1606,300/300/300/300/300/300
1700000094.200000,1,300,300,117.10,266.10,1,1603,300/300/300/300/300/300
1700000094.250000,1,300,300,117.12,52.78,0,1603,300/300/300/300/300/300
1700000094.300000,1,300,300,117.14,47.31,0,1603,300/300/300/300/300/300
1700000094.350000,1,300,300,117.17,264.79,1,1610,300/300/300/300/300/300
1700000094.400000,1,300,300,117.18,51.26,0,1610,300/300/300/300/300/300
1700000094.450000,1,300,300,117.20,48.67,0,1610,300/300/300/300/300/300
1700000094.500000,1,300,300,117.21,257.94,1,1605,300/300/300/300/300/300
1700000094.550000,1,300,300,117.22,49.11,0,1605,300/300/300/300/300/300
1700000094.600000,1,300,300,117.24,45.83,0,1605,300/300/300/300/300/300
1700000094.650000,1,300,300,117.26,261.07,1,1629,300/300/300/300/300/300
1700000094.700000,1,300,300,117.28,47.78,0,1629,300/300/300/300/300/300
1700000094.750000,1,300,300,117.30,47.93,0,1629,300/300/300/300/300/300
1700000094.800000,1,300,300,117.31,228.71,1,1621,300/300/300/300/300/300
1700000094.850000,1,300,300,117.32,49.03,0,1621,300/300/300/300/300/300
1700000094.900000,1,300,300,117.34,48.27,0,1621,300/300/300/300/300/300
1700000094.950000,1,300,300,117.37,275.31,1,1621,300/300/300/300/300/300
1700000095.000000,1,300,300,117.40,46.53,0,1621,300/300/300/300/300/300
1700000095.050000,1,300,300,117.42,47.97,0,1621,300/300/300/300/300/300
1700000095.100000,1,300,300,117.45,220.20,1,1613,300/300/300/300/300/300
1700000095.150000,1,300,300,117.50,49.23,0,1613,300/300/300/300/300/300
1700000095.200000,1,300,300,117.48,46.24,0,1613,300/300/300/300/300/300
1700000095.250000,1,300,300,117.52,247.32,1,1598,300/300/300/300/300/300
1700000095.300000,1,300,300,117.53,47.31,0,1598,300/300/300/300/300/300
1700000095.350000,1,300,300,117.55,46.66,0,1598,300/300/300/300/300/300
1700000095.400000,1,300,300,117.58,276.20,1,1601,300/300/300/300/300/300
1700000095.450000,1,300,300,117.58,49.25,0,1601,300/300/300/300/300/300
1700000095.500000,1,300,300,117.60,46.20,0,1601,300/300/300/300/300/300
1700000095.550000,1,300,300,117.60,279.23,1,1600,300/300/300/300/300/300
1700000095.600000,1,300,300,117.60,49.57,0,1600,300/300/300/300/300/300
1700000095.650000,1,300,300,117.59,47.18,0,1600,300/300/300/300/300/300
1700000095.700000,1,300,300,117.60,192.67,1,1601,300/300/300/300/300/300
1700000095.750000,1,300,300,117.60,47.79,0,1601,300/300/300/300/300/300
1700000095.800000,1,300,300,117.60,48.40,0,1601,300/300/300/300/300/300
1700000095.850000,1,300,300,117.60,187.25,1,1613,300/300/300/300/300/300
1700000095.900000,1,300,300,117.61,50.54,0,1613,300/300/300/300/300/300
1700000095.950000,1,300,300,117.62,46.94,0,1613,300/300/300/300/300/300
1700000096.000000,1,300,300,117.61,192.52,1,1609,300/300/300/300/300/300
1700000096.050000,1,300,300,117.61,46.65,0,1609,300/300/300/300/300/300
1700000096.100000,1,300,300,117.63,47.05,0,1609,300/300/300/300/300/300
1700000096.150000,1,300,300,117.63,215.80,1,1614,300/300/300/300/300/300
1700000096.200000,1,300,300,117.63,48.51,0,1614,300/300/300/300/300/300
1700000096.250000,1,300,300,117.64,46.17,0,1614,300/300/300/300/300/300
1700000096.300000,1,300,300,117.64,243.69,1,1619,300/300/300/300/300/300
1700000096.350000,1,300,300,117.62,48.23,0,1619,300/300/300/300/300/300
1700000096.400000,1,300,300,117.62,46.75,0,1619,300/300/300/300/300/300
1700000096.450000,1,300,300,117.60,277.25,1,1634,300/300/300/300/300/300
1700000096.500000,1,300,300,117.61,46.72,0,1634,300/300/300/300/300/300
1700000096.550000,1,300,300,117.59,47.51,0,1634,300/300/300/300/300/300
1700000096.600000,1,300,300,117.58,270.82,1,1628,300/300/300/300/300/300
1700000096.650000,1,300,300,117.57,48.06,0,1628,300/300/300/300/300/300
1700000096.700000,1,300,300,117.55,48.24,0,1628,300/300/300/300/300/300
1700000096.750000,1,300,300,117.54,279.15,1,1633,300/300/300/300/300/300
1700000096.800000,1,300,300,117.53,47.36,0,1633,300/300/300/300/300/300
1700000096.850000,1,300,300,117.50,46.68,0,1633,300/300/300/300/300/300
1700000096.900000,1,300,300,117.47,278.82,1,1657,300/300/300/300/300/300
1700000096.950000,1,300,300,117.44,48.04,0,1657,300/300/300/300/300/300
1700000097.000000,1,300,300,117.41,47.41,0,1657,300/300/300/300/300/300
1700000097.050000,1,300,300,117.40,199.37,1,1670,300/300/300/300/300/300
1700000097.100000,1,300,300,117.36,47.20,0,1670,300/300/300/300/300/300
1700000097.150000,1,300,300,117.31,47.60,0,1670,300/300/300/300/300/300
1700000097.200000,1,300,300,117.27,341.84,1,1665,300/300/300/300/300/300
1700000097.250000,1,300,300,117.24,46.60,0,1665,300/300/300/300/300/300
1700000097.300000,1,300,300,117.19,46.78,0,1665,300/300/300/300/300/300
1700000097.350000,1,300,300,117.14,305.65,1,1670,300/300/300/300/300/300
1700000097.400000,1,300,300,117.10,49.44,0,1670,300/300/300/300/300/300
1700000097.450000,1,300,300,117.06,49.14,0,1670,300/300/300/300/300/300
1700000097.500000,1,300,300,117.03,294.67,1,1693,300/300/300/300/300/300
1700000097.550000,1,300,300,116.97,49.22,0,1693,300/300/300/300/300/300
1700000097.600000,1,300,300,116.94,47.96,0,1693,300/300/300/300/300/300
1700000097.650000,1,300,300,116.91,168.18,1,1687,300/300/300/300/300/300
1700000097.700000,1,300,300,116.87,48.29,0,1687,300/300/300/300/300/300
1700000097.750000,1,300,300,116.83,46.41,0,1687,300/300/300/300/300/300
1700000097.800000,1,300,300,116.77,276.12,1,1688,300/300/300/300/300/300
1700000097.850000,1,300,300,116.76,49.11,0,1688,300/300/300/300/300/300
1700000097.900000,1,300,300,116.73,50.01,0,1688,300/300/300/300/300/300
1700000097.950000,1,300,300,116.68,167.17,1,1687,300/300/300/300/300/300
1700000098.000000,1,300,300,116.63,50.21,0,1687,300/300/300/300/300/300
1700000098.050000,1,300,300,116.58,49.34,0,1687,300/300/300/300/300/300
1700000098.100000,1,300,300,116.54,273.39,1,1674,300/300/300/300/300/300
1700000098.150000,1,300,300,116.49,49.12,0,1674,300/300/300/300/300/300
1700000098.200000,1,300,300,116.44,50.28,0,1674,300/300/300/300/300/300
1700000098.250000,1,300,300,116.37,269.85,1,1678,300/300/300/300/300/300
1700000098.300000,1,300,300,116.31,47.57,0,1678,300/300/300/300/300/300
1700000098.350000,1,300,300,116.24,49.64,0,1678,300/300/300/300/300/300
1700000098.400000,1,300,300,116.18,162.19,1,1686,300/300/300/300/300/300
1700000098.450000,1,300,300,116.11,47.45,0,1686,300/300/300/300/300/300
1700000098.500000,1,300,300,116.05,47.83,0,1686,300/300/300/300/300/300
1700000098.550000,1,300,300,115.98,166.61,1,1696,300/300/300/300/300/300
1700000098.600000,1,300,300,115.90,48.94,0,1696,300/300/300/300/300/300
1700000098.650000,1,300,300,115.83,49.09,0,1696,300/300/300/300/300/300
1700000098.700000,1,300,300,115.75,262.22,1,1681,300/300/300/300/300/300
1700000098.750000,1,300,300,115.66,47.08,0,1681,300/300/300/300/300/300
1700000098.800000,1,300,300,115.57,46.59,0,1681,300/300/300/300/300/300
1700000098.850000,1,300,300,115.49,268.81,1,1706,300/300/300/300/300/300
1700000098.900000,1,300,300,115.40,46.88,0,1706,300/300/300/300/300/300
1700000098.950000,1,300,300,115.32,47.79,0,1706,300/300/300/300/300/300
1700000099.000000,1,300,300,115.23,270.92,1,1706,300/300/300/300/300/300
1700000099.050000,1,300,300,115.12,48.93,0,1706,300/300/300/300/300/300
1700000099.100000,1,300,300,114.99,48.57,0,1706,300/300/300/300/300/300
1700000099.150000,1,300,300,114.82,194.40,1,1695,300/300/300/300/300/300
1700000099.200000,1,300,300,114.60,50.81,0,1695,300/300/300/300/300/300
1700000099.250000,1,300,300,114.09,47.11,0,1695,300/300/300/300/300/300
1700000099.300000,1,300,300,113.50,271.98,1,1706,300/300/300/300/300/300
1700000099.350000,1,300,300,112.76,48.86,0,1706,300/300/300/300/300/300
1700000099.400000,1,300,300,112.10,46.77,0,1706,300/300/300/300/300/300
1700000099.450000,1,300,300,111.17,295.66,1,1707,300/300/300/300/300/300
1700000099.500000,1,300,300,110.23,51.91,0,1707,300/300/300/300/300/300
1700000099.550000,1,300,300,109.49,50.31,0,1707,300/300/300/300/300/300
1700000099.600000,1,300,300,109.29,280.57,1,1753,300/300/300/300/300/300
1700000099.650000,1,300,300,110.37,51.26,0,1753,300/300/300/300/300/300
1700000099.700000,1,300,300,114.08,54.23,0,1753,300/300/300/300/300/300
1700000099.750000,1,300,300,119.26,176.09,1,1759,300/300/300/300/300/300
1700000099.800000,1,300,300,117.47,52.44,0,1759,300/300/300/300/300/300
1700000099.850000,1,300,300,116.31,51.11,0,1759,300/300/300/285/300/300
1700000099.900000,1,300,300,114.68,275.66,1,1772,300/300/300/300/300/300
1700000099.950000,1,300,300,113.99,50.01,0,1772,300/300/300/300/300/300
1700000100.000000,1,300,300,113.37,49.33,0,1772,300/300/300/300/300/300
1700000100.050000,1,300,300,113.03,258.73,1,1790,300/300/300/300/300/300
1700000100.100000,1,300,300,112.69,94.29,0,1790,300/300/300/300/300/300
1700000100.150000,1,300,300,112.49,67.96,0,1790,300/300/300/300/300/300
1700000100.200000,1,300,300,112.44,168.71,1,1809,300/300/300/300/300/300
1700000100.250000,1,300,300,112.50,53.89,0,1809,300/300/300/300/300/300
1700000100.300000,1,300,300,112.67,53.58,0,1809,300/300/300/300/300/300
1700000100.350000,1,300,300,112.75,171.35,1,1840,300/300/300/300/300/300
1700000100.400000,1,300,300,112.79,55.64,0,1840,300/300/300/300/300/300
1700000100.450000,1,300,300,112.88,54.61,0,1840,300/300/300/300/300/300
1700000100.500000,1,300,300,113.00,168.04,1,1836,300/300/300/300/300/300
1700000100.550000,1,300,300,113.02,51.28,0,1836,300/300/300/300/300/300
1700000100.600000,1,300,300,112.99,48.66,0,1836,300/300/300/300/300/300
1700000100.650000,1,300,300,112.92,272.61,1,1859,300/300/300/300/300/300
1700000100.700000,1,300,300,112.86,50.61,0,1859,300/300/300/300/300/300
1700000100.750000,1,300,300,112.80,49.18,0,1859,300/300/300/300/300/300
1700000100.800000,1,300,300,112.76,276.01,1,1848,300/300/300/300/300/300
1700000100.850000,1,300,300,112.73,50.33,0,1848,300/300/300/300/300/300
1700000100.900000,1,300,300,112.74,48.45,0,1848,300/300/300/300/300/300
1700000100.950000,1,300,300,112.75,265.16,1,1818,300/300/300/300/300/300
1700000101.000000,1,300,300,112.75,49.96,0,1818,300/300/300/300/300/300
1700000101.050000,1,300,300,112.74,49.85,0,1818,300/300/300/300/300/300
1700000101.100000,1,300,300,112.75,165.87,1,1821,300/300/300/300/300/300
1700000101.150000,1,300,300,112.78,49.72,0,1821,300/300/300/300/300/300
1700000101.200000,1,300,300,112.84,48.18,0,1821,300/300/300/300/300/300
1700000101.250000,1,300,300,112.92,223.97,1,1816,300/300/300/300/300/300
1700000101.300000,1,300,300,113.00,50.40,0,1816,300/300/300/300/300/300
1700000101.350000,1,300,300,113.15,50.64,0,1816,300/300/300/300/300/300
1700000101.400000,1,300,300,113.32,269.02,1,1802,300/300/300/300/300/300
1700000101.450000,1,300,300,113.44,50.04,0,1802,300/300/300/300/300/300
1700000101.500000,1,300,300,113.47,49.48,0,1802,300/300/300/300/300/300
1700000101.550000,1,300,300,113.45,281.15,1,1787,300/300/300/300/300/300
1700000101.600000,1,300,300,113.37,49.09,0,1787,300/300/300/300/300/300
1700000101.650000,1,300,300,113.24,50.95,0,1787,300/300/300/300/300/300
1700000101.700000,1,300,300,113.12,272.64,1,1784,300/300/300/300/300/300
1700000101.750000,1,300,300,113.07,48.79,0,1784,300/300/300/300/300/300
1700000101.800000,1,300,300,113.02,48.82,0,1784,300/300/300/300/300/300
1700000101.850000,1,300,300,112.99,168.49,1,1754,300/300/300/300/300/300
1700000101.900000,1,300,300,112.95,51.18,0,1754,300/300/300/300/300/300
1700000101.950000,1,300,300,112.90,48.82,0,1754,300/300/300/300/300/300
1700000102.000000,1,300,300,112.88,271.08,1,1746,300/300/300/300/300/300
1700000102.050000,1,300,300,112.86,50.68,0,1746,300/300/300/300/300/300
1700000102.100000,1,300,300,112.85,51.81,0,1746,300/300/300/300/300/300
1700000102.150000,1,300,300,112.86,282.66,1,1746,300/300/300/300/300/300
1700000102.200000,1,300,300,112.85,48.13,0,1746,300/300/300/300/300/300
1700000102.250000,1,300,300,112.89,49.33,0,1746,300/300/300/300/300/300
1700000102.300000,1,300,300,112.89,283.47,1,1739,300/300/300/300/300/300
1700000102.350000,1,300,300,112.86,49.51,0,1739,300/300/300/300/300/300
1700000102.400000,1,300,300,112.82,47.39,0,1739,300/300/300/300/300/300
1700000102.450000,1,300,300,112.76,278.99,1,1729,300/300/300/300/300/300
1700000102.500000,1,300,300,112.72,50.75,0,1729,300/300/300/300/300/300
1700000102.550000,1,300,300,112.62,47.82,0,1729,300/300/300/300/300/300
1700000102.600000,1,300,300,112.52,268.78,1,1708,300/300/300/300/300/300
1700000102.650000,1,300,300,112.41,49.86,0,1708,300/300/300/300/300/300
1700000102.700000,1,300,300,112.30,47.91,0,1708,300/300/300/300/300/300
1700000102.750000,1,300,300,112.16,242.82,1,1711,300/300/300/300/300/300
1700000102.800000,1,300,300,112.02,46.90,0,1711,300/300/300/300/300/300
1700000102.850000,1,300,300,111.88,49.77,0,1711,300/300/300/300/300/300
1700000102.900000,1,300,300,111.74,307.55,1,1684,300/300/300/300/300/300
1700000102.950000,1,300,300,111.60,50.70,0,1684,300/300/300/300/300/300
1700000103.000000,1,300,300,111.45,49.47,0,1684,300/300/300/300/300/300
1700000103.050000,1,300,300,111.29,305.03,1,1682,300/300/300/300/300/300
1700000103.100000,1,300,300,111.13,50.83,0,1682,300/300/300/300/300/300
1700000103.150000,1,300,300,111.03,47.76,0,1682,300/300/300/300/300/300
1700000103.200000,1,300,300,110.95,240.52,1,1688,300/300/300/300/300/300
1700000103.250000,1,300,300,110.90,49.39,0,1688,300/300/300/300/300/300
1700000103.300000,1,300,300,110.86,52.43,0,1688,300/300/300/300/300/300
1700000103.350000,1,300,300,110.83,240.75,1,1689,300/300/300/300/300/300
1700000103.400000,1,300,300,110.78,49.70,0,1689,300/300/300/300/300/300
1700000103.450000,1,300,300,110.76,47.83,0,1689,300/300/300/300/300/300
1700000103.500000,1,300,300,110.75,411.70,1,1705,300/300/300/300/300/300
1700000103.550000,1,300,300,110.73,49.30,0,1705,300/300/300/300/300/300
1700000103.600000,1,300,300,110.74,49.69,0,1705,300/300/300/300/300/300
1700000103.650000,1,300,300,110.74,196.78,1,1665,300/300/300/300/300/300
1700000103.700000,1,300,300,110.76,50.00,0,1665,300/300/300/300/300/300
1700000103.750000,1,300,300,110.76,48.44,0,1665,300/300/300/300/300/300
1700000103.800000,1,300,300,110.78,280.05,1,1665,300/300/300/300/300/300
1700000103.850000,1,300,300,110.80,47.96,0,1665,300/300/300/300/300/300
1700000103.900000,1,300,300,110.83,47.17,0,1665,300/300/300/300/300/300
1700000103.950000,1,300,300,110.86,218.56,1,1629,300/300/300/300/300/300
1700000104.000000,1,300,300,110.87,48.48,0,1629,300/300/300/300/300/300
1700000104.050000,1,300,300,110.86,48.76,0,1629,300/300/300/300/300/300
1700000104.100000,1,300,300,110.87,192.87,1,1609,300/300/300/300/300/300
1700000104.150000,1,300,300,110.86,48.18,0,1609,300/300/300/300/300/300
1700000104.200000,1,300,300,110.86,48.86,0,1609,300/300/300/300/300/300
1700000104.250000,1,300,300,110.86,191.37,1,1568,300/300/300/300/300/300
1700000104.300000,1,300,300,110.86,47.35,0,1568,300/300/300/300/300/300
1700000104.350000,1,300,300,110.87,46.91,0,1568,300/300/300/300/300/300
1700000104.400000,1,300,300,110.84,184.52,1,1533,300/300/300/300/300/300
1700000104.450000,1,300,300,110.84,49.86,0,1533,300/300/300/300/300/300
1700000104.500000,1,300,300,110.84,48.24,0,1533,300/300/300/300/300/300
1700000104.550000,1,300,300,110.84,226.77,1,1522,300/300/300/300/300/300
1700000104.600000,1,300,300,110.83,47.89,0,1522,300/300/300/300/300/300
1700000104.650000,1,300,300,110.83,47.38,0,1522,300/300/300/300/300/300
1700000104.700000,1,300,300,110.83,219.76,1,1512,300/300/300/300/300/300
1700000104.750000,1,300,300,110.82,47.07,0,1512,300/300/300/300/300/300
1700000104.800000,1,300,300,110.80,45.18,0,1512,300/300/300/300/300/300
1700000104.850000,1,300,300,110.80,226.10,1,1524,300/300/300/300/300/300
1700000104.900000,1,300,300,110.80,47.79,0,1524,300/300/300/300/300/300
1700000104.950000,1,300,300,110.80,45.21,0,1524,300/300/300/300/300/300
1700000105.000000,1,300,300,110.79,225.32,1,1537,300/300/300/300/300/300
1700000105.050000,1,300,300,110.80,46.03,0,1537,300/300/300/300/300/300
1700000105.100000,1,300,300,110.79,44.82,0,1537,300/300/300/300/300/300
1700000105.150000,1,300,300,110.78,226.33,1,1513,300/300/300/300/300/300
1700000105.200000,1,300,300,110.78,45.08,0,1513,300/300/300/300/300/300
1700000105.250000,1,300,300,110.77,47.45,0,1513,300/300/300/300/300/300
1700000105.300000,1,300,300,110.76,181.69,1,1508,300/300/300/300/300/300
1700000105.350000,1,300,300,110.76,47.30,0,1508,300/300/300/300/300/300
1700000105.400000,1,300,300,110.76,46.15,0,1508,300/300/300/300/300/300
1700000105.450000,1,300,300,110.78,209.35,1,1501,300/300/300/300/300/300
1700000105.500000,1,300,300,110.77,48.04,0,1501,300/300/300/300/300/300
1700000105.550000,1,300,300,110.78,46.89,0,1501,300/300/300/300/300/300
1700000105.600000,1,300,300,110.79,312.12,1,1486,300/300/300/300/300/300
1700000105.650000,1,300,300,110.81,48.02,0,1486,300/300/300/300/300/300
1700000105.700000,1,300,300,110.80,46.42,0,1486,300/300/300/300/300/300
1700000105.750000,1,300,300,110.84,185.12,1,1471,300/300/300/300/300/300
1700000105.800000,1,300,300,110.86,46.23,0,1471,300/300/300/300/300/300
1700000105.850000,1,300,300,110.87,46.62,0,1471,300/300/300/300/300/300
1700000105.900000,1,300,300,110.90,319.62,1,1476,300/300/300/300/300/300
1700000105.950000,1,300,300,110.91,48.10,0,1476,300/300/300/300/300/300
1700000106.000000,1,300,300,110.95,46.09,0,1476,300/300/300/300/300/300
1700000106.050000,1,300,300,110.97,227.50,1,1451,300/300/300/300/300/300
1700000106.100000,1,300,300,111.00,48.63,0,1451,300/300/300/300/300/300
1700000106.150000,1,300,300,111.02,46.78,0,1451,300/300/300/300/300/300
1700000106.200000,1,300,300,111.05,267.79,1,1447,300/300/300/300/300/300
1700000106.250000,1,300,300,111.07,48.95,0,1447,300/300/300/300/300/300
1700000106.300000,1,300,300,111.10,45.82,0,1447,300/300/300/300/300/300
1700000106.350000,1,300,300,111.13,267.60,1,1440,300/300/300/300/300/300
1700000106.400000,1,300,300,111.15,46.70,0,1440,300/300/300/300/300/300
1700000106.450000,1,300,300,111.16,46.79,0,1440,300/300/300/300/300/300
1700000106.500000,1,300,300,111.20,193.17,1,1420,300/300/300/300/300/300
1700000106.550000,1,300,300,111.22,48.35,0,1420,300/300/300/300/300/300
1700000106.600000,1,300,300,111.25,45.09,0,1420,300/300/300/300/300/300
1700000106.650000,1,300,300,111.27,300.00,1,1431,300/300/300/300/300/300
1700000106.700000,1,300,300,111.29,46.60,0,1431,300/300/300/300/300/300
1700000106.750000,1,300,300,111.32,46.67,0,1431,300/300/300/300/300/300
1700000106.800000,1,300,300,111.34,245.71,1,1422,300/300/300/300/300/300
1700000106.850000,1,300,300,111.37,48.01,0,1422,300/300/300/300/300/300
1700000106.900000,1,300,300,111.37,46.24,0,1422,300/300/300/300/300/300
1700000106.950000,1,300,300,111.38,273.46,1,1424,300/300/300/300/300/300
1700000107.000000,1,300,300,111.41,47.82,0,1424,300/300/300/300/300/300
1700000107.050000,1,300,300,111.42,47.43,0,1424,300/300/300/300/300/300
1700000107.100000,1,300,300,111.43,267.10,1,1407,300/300/300/300/300/300
1700000107.150000,1,300,300,111.46,46.44,0,1407,300/300/300/300/300/300
1700000107.200000,1,300,300,111.49,47.00,0,1407,300/300/300/300/300/300
1700000107.250000,1,300,300,111.49,209.30,1,1402,300/300/300/300/300/300
1700000107.300000,1,300,300,111.51,46.99,0,1402,300/300/300/300/300/300
1700000107.350000,1,300,300,111.54,48.01,0,1402,300/300/300/300/300/300
1700000107.400000,1,300,300,111.57,269.08,1,1390,300/300/300/300/300/300
1700000107.450000,1,300,300,111.58,47.32,0,1390,300/300/300/300/300/300
1700000107.500000,1,300,300,111.62,47.00,0,1390,300/300/300/300/300/300
1700000107.550000,1,300,300,111.64,187.60,1,1378,300/300/300/300/300/300
1700000107.600000,1,300,300,111.67,49.71,0,1378,300/300/300/300/300/300
1700000107.650000,1,300,300,111.69,48.38,0,1378,300/300/300/300/300/300
1700000107.700000,1,300,300,111.72,237.77,1,1378,300/300/300/300/300/300
1700000107.750000,1,300,300,111.74,47.79,0,1378,300/300/300/300/300/300
1700000107.800000,1,300,300,111.77,47.22,0,1378,300/300/300/300/300/300
1700000107.850000,1,300,300,111.80,190.30,1,1366,300/300/300/300/300/300
1700000107.900000,1,300,300,111.82,47.77,0,1366,300/300/300/300/300/300
1700000107.950000,1,300,300,111.85,47.24,0,1366,300/300/300/300/300/300
1700000108.000000,1,300,300,111.90,187.01,1,1362,300/300/300/300/300/300
1700000108.050000,1,300,300,111.92,47.62,0,1362,300/300/300/300/300/300
1700000108.100000,1,300,300,111.95,47.57,0,1362,300/300/300/300/300/300
1700000108.150000,1,300,300,111.98,267.48,1,1356,300/300/300/300/300/300
1700000108.200000,1,300,300,112.03,49.48,0,1356,300/300/300/300/300/300
1700000108.250000,1,300,300,112.06,46.62,0,1356,300/300/300/300/300/300
1700000108.300000,1,300,300,112.08,189.30,1,1355,300/300/300/300/300/300
1700000108.350000,1,300,300,112.13,50.31,0,1355,300/300/300/300/300/300
1700000108.400000,1,300,300,112.17,48.22,0,1355,300/300/300/300/300/300
1700000108.450000,1,300,300,112.21,221.55,1,1358,300/300/300/300/300/300
1700000108.500000,1,300,300,112.26,48.35,0,1358,300/300/300/300/300/300
1700000108.550000,1,300,300,112.29,47.41,0,1358,300/300/300/300/300/300
1700000108.600000,1,300,300,112.32,259.46,1,1346,300/300/300/300/300/300
1700000108.650000,1,300,300,112.37,47.64,0,1346,300/300/300/300/300/300
1700000108.700000,1,300,300,112.42,47.12,0,1346,300/300/300/300/300/300
1700000108.750000,1,300,300,112.43,159.37,1,1342,300/300/300/300/300/300
1700000108.800000,1,300,300,112.48,48.17,0,1342,300/300/300/300/300/300
1700000108.850000,1,300,300,112.52,49.58,0,1342,300/300/300/300/300/300
1700000108.900000,1,300,300,112.55,280.22,1,1327,300/300/300/300/300/300
1700000108.950000,1,300,300,112.60,49.46,0,1327,300/300/300/300/300/300
1700000109.000000,1,300,300,112.63,48.86,0,1327,300/300/300/300/300/300
1700000109.050000,1,300,300,112.65,210.57,1,1323,300/300/300/300/300/300
1700000109.100000,1,300,300,112.70,50.13,0,1323,300/300/300/300/300/300
1700000109.150000,1,300,300,112.72,48.93,0,1323,300/300/300/300/300/300
1700000109.200000,1,300,300,112.73,249.85,1,1338,300/300/300/300/300/300
1700000109.250000,1,300,300,112.79,48.75,0,1338,300/300/300/300/300/300
1700000109.300000,1,300,300,112.82,50.13,0,1338,300/300/300/300/300/300
1700000109.350000,1,300,300,112.86,176.30,1,1340,300/300/300/300/300/300
1700000109.400000,1,300,300,112.90,49.12,0,1340,300/300/300/300/300/300
1700000109.450000,1,300,300,112.93,47.82,0,1340,300/300/300/300/300/300
1700000109.500000,1,300,300,112.99,242.68,1,1379,300/300/300/300/300/300
1700000109.550000,1,300,300,113.03,47.72,0,1379,300/300/300/300/300/300
1700000109.600000,1,300,300,113.08,50.62,0,1379,300/300/300/300/300/300
1700000109.650000,1,300,300,113.13,295.95,1,1404,300/300/300/300/300/300
1700000109.700000,1,300,300,113.18,51.96,0,1404,300/300/300/300/300/300
1700000109.750000,1,300,300,113.23,49.16,0,1404,300/300/300/300/300/300
1700000109.800000,1,300,300,113.28,175.39,1,1415,300/300/300/300/300/300
1700000109.850000,1,300,300,113.35,51.80,0,1415,300/300/300/300/300/300
1700000109.900000,1,300,300,113.44,50.44,0,1415,300/300/300/300/300/300
1700000109.950000,1,300,300,113.54,254.02,1,1436,300/300/300/300/300/300
