t,tracked,n_obs0,n_obs1,mean0,ms,keyframe,n_landmarks
1520530308.199448,0,0,0,32.81,1.50,0,0
1520530308.249449,0,0,0,32.97,0.62,0,0
1520530308.299451,0,0,0,32.88,0.64,0,0
1520530308.349503,0,0,0,34.46,0.63,0,0
1520530308.399505,0,0,0,34.83,0.63,0,0
1520530308.449505,0,0,0,34.94,0.62,0,0
1520530308.499506,0,0,0,34.57,0.63,0,0
1520530308.549508,0,0,0,34.72,0.62,0,0
1520530308.599509,0,0,0,34.80,0.62,0,0
1520530308.649555,0,0,0,34.70,0.62,0,0
1520530308.699512,0,0,0,34.58,0.62,0,0
1520530308.749559,0,0,0,36.16,0.63,0,0
1520530308.799560,0,0,0,36.06,0.61,0,0
1520530308.849562,0,0,0,36.08,0.61,0,0
1520530308.899563,0,0,0,36.16,0.61,0,0
1520530308.949565,0,0,0,36.42,0.61,0,0
1520530308.999567,0,0,0,36.31,0.61,0,0
1520530309.049568,0,0,0,36.56,0.73,0,0
1520530309.099570,0,0,0,36.48,0.61,0,0
1520530309.149567,0,0,0,36.26,0.62,0,0
1520530309.199583,0,0,0,36.84,0.61,0,0
1520530309.249583,0,0,0,36.56,0.61,0,0
1520530309.299586,0,0,0,36.86,0.61,0,0
1520530309.349586,0,0,0,36.84,0.60,0,0
1520530309.399589,0,0,0,36.56,0.61,0,0
1520530309.449590,0,0,0,36.54,0.61,0,0
1520530309.499591,0,0,0,36.69,0.61,0,0
1520530309.549594,0,0,0,36.90,0.62,0,0
1520530309.599597,0,0,0,36.75,0.62,0,0
1520530309.649599,0,0,0,37.06,0.61,0,0
1520530309.699600,0,0,0,37.13,0.62,0,0
1520530309.749602,0,0,0,37.06,0.61,0,0
1520530309.799603,0,0,0,36.94,0.62,0,0
1520530309.849605,0,0,0,37.12,0.62,0,0
1520530309.899606,0,0,0,37.19,0.61,0,0
1520530309.949608,0,0,0,36.80,0.62,0,0
1520530309.999622,0,0,0,37.51,0.62,0,0
1520530310.049623,0,0,0,37.44,0.62,0,0
1520530310.099625,0,0,0,37.51,0.64,0,0
1520530310.149627,0,0,0,37.62,0.62,0,0
1520530310.199628,0,0,0,37.76,0.62,0,0
1520530310.249729,0,0,0,37.48,0.63,0,0
1520530310.299631,0,0,0,37.60,0.62,0,0
1520530310.349633,0,0,0,37.51,0.71,0,0
1520530310.399625,0,0,0,37.22,0.61,0,0
1520530310.449627,0,0,0,37.11,0.60,0,0
1520530310.499628,0,0,0,37.30,0.62,0,0
1520530310.549630,0,0,0,37.27,0.62,0,0
1520530310.599632,0,0,0,37.29,0.62,0,0
1520530310.649633,0,0,0,37.27,0.62,0,0
1520530310.699635,0,0,0,37.18,0.62,0,0
1520530310.749636,0,0,0,37.14,0.62,0,0
1520530310.799651,0,0,0,37.75,0.62,0,0
1520530310.849652,0,0,0,37.79,0.62,0,0
1520530310.899654,0,0,0,38.00,0.63,0,0
1520530310.949655,0,0,0,37.84,0.61,0,0
1520530310.999657,0,0,0,37.81,0.62,0,0
1520530311.049659,0,0,0,37.88,0.61,0,0
1520530311.099660,1,115,99,37.72,13.14,1,99
1520530311.149662,1,220,172,38.00,18.51,0,99
1520530311.199672,1,225,177,38.23,20.94,0,99
1520530311.249673,1,219,175,38.21,29.80,1,185
1520530311.299675,1,216,177,38.06,20.58,0,185
1520530311.349677,1,216,175,38.18,19.36,0,185
1520530311.399678,1,214,175,38.19,31.18,1,218
1520530311.449679,1,217,176,38.15,20.72,0,218
1520530311.499684,1,227,180,38.18,20.44,0,218
1520530311.549683,1,229,181,38.12,31.86,1,238
1520530311.599684,1,230,179,38.31,20.31,0,238
1520530311.649719,1,228,180,39.47,20.34,0,238
1520530311.699720,1,225,178,39.30,38.15,1,244
1520530311.749722,1,225,179,39.57,19.81,0,244
1520530311.799723,1,225,180,39.43,19.87,0,244
1520530311.849725,1,225,178,39.32,46.38,1,249
1520530311.899726,1,246,196,39.37,21.42,0,249
1520530311.949728,1,244,195,39.37,21.51,0,249
1520530311.999729,1,244,194,39.33,50.16,1,268
1520530312.049721,1,244,196,38.87,22.25,0,268
1520530312.099721,1,243,195,39.11,22.01,0,268
1520530312.149723,1,248,195,38.97,54.59,1,286
1520530312.199726,1,257,202,39.22,22.34,0,286
1520530312.249727,1,258,202,39.22,22.05,0,286
1520530312.299728,1,262,206,38.95,49.64,1,306
1520530312.349730,1,263,207,38.93,22.98,0,306
1520530312.399731,1,263,206,38.95,22.70,0,306
1520530312.449712,1,264,206,38.31,69.95,1,323
1520530312.499714,1,264,207,38.34,23.78,0,323
1520530312.549715,1,261,204,38.47,22.33,0,323
1520530312.599717,1,263,207,38.40,50.54,1,324
1520530312.649719,1,256,201,38.30,22.99,0,324
1520530312.699720,1,264,208,38.24,22.94,0,324
1520530312.749722,1,262,208,38.27,53.97,1,340
1520530312.799724,1,264,209,38.44,22.51,0,340
1520530312.849720,1,265,209,38.28,23.30,0,340
1520530312.899721,1,265,207,38.35,57.81,1,344
1520530312.949723,1,264,207,38.23,23.23,0,344
1520530312.999725,1,253,202,38.41,22.51,0,344
1520530313.049726,1,260,206,38.29,60.57,1,356
1520530313.099727,1,268,208,38.34,23.55,0,356
1520530313.149729,1,268,213,38.34,23.50,0,356
1520530313.199730,1,269,211,38.21,73.17,1,373
1520530313.249736,1,269,216,38.34,23.55,0,373
1520530313.299738,1,268,213,38.64,23.57,0,373
1520530313.349739,1,267,212,38.59,76.70,1,382
1520530313.399790,1,264,209,38.60,23.37,0,382
1520530313.449743,1,263,211,38.43,22.82,0,382
1520530313.499744,1,263,213,38.29,120.92,1,386
1520530313.549746,1,262,208,38.47,23.26,0,386
1520530313.599747,1,261,207,38.46,22.52,0,386
1520530313.649745,1,261,209,38.30,97.57,1,386
1520530313.699746,1,261,208,38.16,23.68,0,386
1520530313.749748,1,261,213,38.33,23.75,0,386
1520530313.799750,1,262,211,38.35,84.58,1,397
1520530313.849751,1,261,212,38.56,23.11,0,397
1520530313.899753,1,258,208,38.43,22.80,0,397
1520530313.949754,1,260,206,38.19,112.66,1,413
1520530313.999756,1,263,209,38.23,23.28,0,413
1520530314.049757,1,262,209,38.63,23.44,0,413
1520530314.099763,1,260,207,38.57,126.75,1,429
1520530314.149765,1,260,209,38.61,23.21,0,429
1520530314.199766,1,256,206,38.71,22.93,0,429
1520530314.249768,1,256,206,38.92,138.25,1,438
1520530314.299769,1,256,211,38.97,23.07,0,438
1520530314.349771,1,257,206,38.77,23.28,0,438
1520530314.399773,1,259,208,38.90,152.28,1,448
1520530314.449774,1,240,203,38.84,24.52,0,448
1520530314.499774,1,237,202,39.13,22.54,0,448
1520530314.549776,1,237,201,38.97,190.23,1,462
1520530314.599777,1,237,204,39.12,22.86,0,462
1520530314.649779,1,236,203,39.45,22.59,0,462
1520530314.699780,1,229,199,39.77,159.03,1,479
1520530314.749782,1,234,203,39.80,22.47,0,479
1520530314.799787,1,231,199,40.00,22.82,0,479
1520530314.849784,1,224,196,40.42,128.08,1,497
1520530314.899810,1,253,214,41.22,24.02,0,497
1520530314.949812,1,257,220,41.66,25.14,0,497
1520530314.999919,1,241,207,41.68,138.01,1,522
1520530315.049815,1,260,221,41.70,24.44,0,522
1520530315.099817,1,260,223,41.89,24.78,0,522
1520530315.149818,1,264,224,41.99,155.25,1,564
1520530315.199819,1,265,225,42.16,24.51,0,564
1520530315.249821,1,267,231,42.37,24.79,0,564
1520530315.299635,1,214,182,35.04,159.10,1,559
1520530315.349637,1,211,179,34.89,20.52,0,559
1520530315.399639,1,211,181,34.76,20.97,0,559
1520530315.449640,1,198,178,34.76,123.77,1,506
1520530315.499642,1,211,184,34.61,20.68,0,506
1520530315.549643,1,209,182,34.78,21.15,0,506
1520530315.599645,1,202,180,34.53,160.67,1,503
1520530315.649646,1,196,174,34.36,20.73,0,503
1520530315.699637,1,194,176,33.55,19.99,0,503
1520530315.749639,1,192,175,33.52,168.29,1,493
1520530315.799640,1,224,189,33.62,21.38,0,493
1520530315.849642,1,205,184,33.53,21.31,0,493
1520530315.899643,1,208,180,33.29,121.77,1,500
1520530315.949645,1,202,174,32.86,20.71,0,500
1520530315.999647,1,198,169,32.87,20.46,0,500
1520530316.049648,1,201,174,32.67,170.47,1,506
1520530316.100221,1,187,159,53.46,22.58,0,506
1520530316.150223,1,208,175,53.66,20.24,0,506
1520530316.200224,1,196,175,54.00,127.61,1,522
1520530316.250226,1,192,174,54.22,20.10,0,522
1520530316.300227,1,204,177,54.27,19.76,0,522
1520530316.350229,1,199,178,54.59,146.08,1,510
1520530316.400230,1,217,184,54.29,21.00,0,510
1520530316.450231,1,215,183,54.30,21.96,0,510
1520530316.500233,1,209,182,54.43,141.60,1,507
1520530316.550276,1,200,180,55.71,20.78,0,507
1520530316.600278,1,202,180,55.64,19.99,0,507
1520530316.650280,1,300,254,55.65,180.93,1,589
1520530316.700281,1,291,249,55.63,27.46,0,589
1520530316.750283,1,284,246,55.50,26.93,0,589
1520530316.800284,1,279,247,55.53,115.66,1,613
1520530316.850286,1,274,242,55.31,25.77,0,613
1520530316.900287,1,272,244,55.56,26.18,0,613
1520530316.949773,1,186,167,37.26,113.57,1,615
1520530316.999775,1,189,166,37.40,19.30,0,615
1520530317.049776,1,190,171,37.18,19.73,0,615
1520530317.099778,1,188,170,37.26,103.78,1,625
1520530317.149779,1,212,182,37.34,20.09,0,625
1520530317.199781,1,200,168,37.32,20.41,0,625
1520530317.249782,1,197,167,37.36,105.71,1,630
1520530317.299784,1,196,161,37.31,19.23,0,630
1520530317.349743,1,189,158,35.72,19.88,0,630
1520530317.399745,1,191,157,35.72,104.29,1,623
1520530317.449748,1,191,156,35.60,19.53,0,623
1520530317.499748,1,191,154,35.65,19.01,0,623
1520530317.549752,1,191,149,35.41,101.97,1,631
1520530317.599752,1,189,146,35.16,19.67,0,631
1520530317.649754,1,198,148,35.17,19.25,0,631
1520530317.699755,1,194,144,34.48,103.95,1,645
1520530317.750237,1,197,137,50.63,21.07,0,645
1520530317.800239,1,217,149,49.92,19.75,0,645
1520530317.850240,1,234,161,49.24,106.25,1,693
1520530317.900242,1,237,163,48.60,21.12,0,693
1520530317.950243,1,300,211,48.25,24.88,0,693
1520530318.000244,1,300,215,47.68,112.76,1,746
1520530318.050247,1,293,213,47.23,26.17,0,746
1520530318.100248,1,293,208,47.07,25.38,0,746
1520530318.150816,1,249,183,63.41,114.13,1,773
1520530318.200769,1,254,186,63.21,23.60,0,773
1520530318.250771,1,255,186,63.22,23.90,0,773
1520530318.300772,1,271,197,63.11,99.57,1,781
1520530318.350774,1,258,195,63.43,24.86,0,781
1520530318.400775,1,253,191,63.61,23.37,0,781
1520530318.450777,1,242,188,63.88,92.12,1,790
1520530318.500778,1,244,187,63.82,22.95,0,790
1520530318.550780,1,300,227,64.03,25.93,0,790
1520530318.600567,1,257,198,57.46,91.67,1,821
1520530318.650568,1,300,223,57.57,25.80,0,821
1520530318.700570,1,285,219,57.73,26.14,0,821
1520530318.750571,1,276,218,58.06,120.97,1,847
1520530318.800573,1,300,225,58.25,25.95,0,847
1520530318.850574,1,300,232,58.43,26.61,0,847
1520530318.900576,1,285,214,58.80,124.90,1,849
1520530318.950577,1,275,207,59.02,26.34,0,849
1520530318.999955,1,201,149,38.95,25.08,0,849
1520530319.049957,1,199,145,39.01,118.76,1,854
1520530319.099960,1,197,147,39.47,19.13,0,854
1520530319.149961,1,200,151,39.41,19.46,0,854
1520530319.199962,1,193,151,39.65,87.54,1,858
1520530319.249964,1,207,159,39.73,19.21,0,858
1520530319.299965,1,203,157,40.21,20.92,0,858
1520530319.349967,1,194,149,40.21,114.04,1,826
1520530319.399832,1,184,148,35.62,18.74,0,826
1520530319.449833,1,191,158,35.64,18.62,0,826
1520530319.499835,1,182,156,35.80,113.38,1,832
1520530319.549837,1,178,152,35.76,18.81,0,832
1520530319.599838,1,174,149,35.52,19.68,0,832
1520530319.649840,1,173,144,35.31,140.61,1,834
1520530319.699841,1,175,143,35.35,18.42,0,834
1520530319.749942,1,171,141,35.21,17.49,0,834
1520530319.800341,1,177,153,53.11,89.53,1,853
1520530319.850343,1,172,153,53.50,18.25,0,853
1520530319.900344,1,173,151,54.04,18.88,0,853
1520530319.950346,1,179,154,54.57,156.52,1,863
1520530320.000347,1,166,150,54.93,19.23,0,863
1520530320.050349,1,163,149,55.13,17.70,0,863
1520530320.100350,1,157,144,55.48,90.52,1,865
1520530320.150352,1,159,145,55.63,17.50,0,865
1520530320.200401,1,186,168,57.84,18.59,0,865
1520530320.250402,1,184,166,58.04,125.05,1,895
1520530320.300404,1,190,166,58.24,20.16,0,895
1520530320.350405,1,192,168,58.49,19.33,0,895
1520530320.400407,1,196,171,58.48,148.62,1,880
1520530320.450408,1,191,169,58.62,19.99,0,880
1520530320.500410,1,226,192,58.62,21.61,0,880
1520530320.550412,1,221,190,58.87,154.86,1,903
1520530320.599869,1,162,140,38.01,22.05,0,903
1520530320.649871,1,218,179,37.99,19.97,0,903
1520530320.699873,1,223,186,38.25,100.84,1,937
1520530320.749874,1,224,182,37.95,22.73,0,937
1520530320.799876,1,225,187,38.17,22.24,0,937
1520530320.849877,1,233,192,38.06,131.16,1,878
1520530320.899879,1,242,196,38.01,23.78,0,878
1520530320.949880,1,228,190,38.08,22.37,0,878
1520530320.999882,1,224,191,38.18,127.59,1,874
1520530321.049740,1,204,178,32.32,23.12,0,874
1520530321.099742,1,204,178,31.98,20.60,0,874
1520530321.149743,1,200,178,31.64,126.14,1,857
1520530321.199745,1,300,258,31.80,26.66,0,857
1520530321.249747,1,300,258,31.69,28.94,0,857
1520530321.299749,1,280,253,31.33,136.69,1,927
1520530321.349750,1,273,240,31.22,27.01,0,927
1520530321.399751,1,265,236,30.84,26.00,0,927
1520530321.449856,1,300,267,34.85,140.80,1,992
1520530321.499857,1,300,265,34.75,29.31,0,992
1520530321.549859,1,296,266,34.46,28.37,0,992
1520530321.599860,1,300,268,34.27,144.63,1,1002
1520530321.649862,1,291,262,34.12,28.22,0,1002
1520530321.699863,1,294,260,34.08,27.85,0,1002
1520530321.749866,1,300,269,33.89,150.52,1,1006
1520530321.799867,1,295,264,33.47,29.01,0,1006
1520530321.850152,1,300,261,44.22,31.76,0,1006
1520530321.900154,1,300,262,44.27,116.94,1,1069
1520530321.950155,1,300,258,44.04,28.35,0,1069
1520530322.000157,1,286,254,44.01,28.28,0,1069
1520530322.050158,1,300,257,43.77,185.48,1,1054
1520530322.100160,1,300,262,43.77,28.39,0,1054
1520530322.150162,1,292,253,43.53,28.82,0,1054
1520530322.200163,1,300,264,43.30,148.99,1,1013
1520530322.250207,1,294,261,44.96,27.53,0,1013
1520530322.300208,1,300,265,44.81,27.89,0,1013
1520530322.350209,1,279,252,44.73,157.52,1,992
1520530322.400212,1,300,262,44.49,27.66,0,992
1520530322.450214,1,300,264,44.39,27.95,0,992
1520530322.500215,1,300,266,44.14,190.64,1,968
1520530322.550216,1,291,258,44.19,27.43,0,968
1520530322.600218,1,300,262,43.96,27.14,0,968
1520530322.650023,1,286,248,36.87,165.15,1,994
1520530322.700025,1,291,250,36.88,27.07,0,994
1520530322.750027,1,278,246,36.84,26.73,0,994
1520530322.800028,1,269,245,36.73,123.29,1,967
1520530322.850031,1,277,245,36.88,25.83,0,967
1520530322.900065,1,273,241,36.64,25.64,0,967
1520530322.950033,1,300,259,36.58,208.18,1,971
1520530323.000035,1,278,242,36.63,27.39,0,971
1520530323.050036,1,270,239,36.47,25.93,0,971
1520530323.100074,1,263,234,38.09,213.74,1,975
1520530323.150076,1,272,241,37.95,25.60,0,975
1520530323.200077,1,266,234,38.01,25.44,0,975
1520530323.250079,1,259,231,38.24,219.63,1,962
1520530323.300080,1,271,236,38.18,25.70,0,962
1520530323.350082,1,269,234,37.96,25.57,0,962
1520530323.400084,1,275,234,38.16,175.44,1,967
1520530323.450085,1,265,230,38.25,25.51,0,967
1520530323.500345,1,229,200,47.47,24.20,0,967
1520530323.550346,1,229,206,47.49,135.42,1,978
1520530323.600348,1,243,213,47.48,23.33,0,978
1520530323.650349,1,246,212,47.47,23.45,0,978
1520530323.700351,1,250,215,47.71,188.34,1,997
1520530323.750353,1,251,216,47.63,24.09,0,997
1520530323.800354,1,248,213,48.06,23.15,0,997
1520530323.850356,1,249,215,47.61,142.04,1,1008
1520530323.900153,1,224,198,40.82,24.27,0,1008
1520530323.950154,1,226,201,40.87,22.16,0,1008
1520530324.000156,1,267,232,40.76,189.25,1,1029
1520530324.050157,1,266,229,41.03,25.19,0,1029
1520530324.100159,1,262,229,41.40,24.74,0,1029
1520530324.150160,1,254,222,41.68,145.92,1,1033
1520530324.200162,1,250,214,41.94,23.71,0,1033
1520530324.250163,1,240,206,41.65,23.43,0,1033
1520530324.299908,1,201,166,33.07,209.73,1,1025
1520530324.349910,1,215,175,33.20,20.78,0,1025
1520530324.399911,1,241,182,33.61,22.66,0,1025
1520530324.449913,1,232,181,33.77,149.81,1,1021
1520530324.499994,1,228,175,33.62,21.94,0,1021
1520530324.549915,1,226,167,34.05,21.50,0,1021
1520530324.599917,1,233,173,34.10,151.56,1,1021
1520530324.649919,1,231,166,33.97,21.79,0,1021
1520530324.700018,1,222,158,37.13,21.80,0,1021
1520530324.750020,1,227,153,36.77,200.84,1,996
1520530324.800021,1,220,150,36.59,20.59,0,996
1520530324.850023,1,220,154,36.31,20.17,0,996
1520530324.900024,1,215,147,36.34,201.64,1,944
1520530324.950026,1,221,153,36.03,19.99,0,944
1520530325.000028,1,224,152,35.94,20.64,0,944
1520530325.050029,1,218,151,36.03,141.95,1,939
1520530325.100816,1,202,150,64.07,23.49,0,939
1520530325.150817,1,207,157,64.13,19.38,0,939
1520530325.200819,1,212,160,63.68,182.08,1,955
1520530325.250820,1,212,162,63.41,21.14,0,955
1520530325.300822,1,214,166,63.02,20.23,0,955
1520530325.350824,1,257,205,62.76,170.99,1,978
1520530325.400825,1,300,241,62.79,26.84,0,978
1520530325.450827,1,293,230,63.01,27.10,0,978
1520530325.500828,1,299,232,63.09,175.18,1,944
1520530325.550913,1,294,222,66.03,26.94,0,944
1520530325.600915,1,293,229,66.13,26.68,0,944
1520530325.650917,1,294,235,65.97,171.97,1,884
1520530325.700918,1,285,230,65.78,26.75,0,884
1520530325.750919,1,284,231,65.38,25.77,0,884
1520530325.800921,1,291,237,64.82,157.41,1,903
1520530325.850922,1,296,238,64.47,27.20,0,903
1520530325.900924,1,300,240,63.91,26.61,0,903
1520530325.950541,1,276,204,51.05,126.98,1,920
1520530326.000543,1,300,224,50.85,25.78,0,920
1520530326.050549,1,300,227,50.50,26.34,0,920
1520530326.100546,1,300,226,50.27,196.01,1,871
1520530326.150548,1,290,223,50.10,26.91,0,871
1520530326.200549,1,300,229,50.04,26.20,0,871
1520530326.250551,1,300,230,49.79,158.32,1,865
1520530326.300552,1,300,234,49.67,26.93,0,865
1520530326.350204,1,264,199,38.13,26.38,0,865
1520530326.400206,1,300,228,38.08,120.83,1,878
1520530326.450207,1,300,225,37.90,27.13,0,878
1520530326.500209,1,300,225,37.88,26.37,0,878
1520530326.550210,1,300,228,37.75,123.00,1,884
1520530326.600213,1,300,227,37.71,26.49,0,884
1520530326.650214,1,300,225,37.81,26.39,0,884
1520530326.700216,1,300,227,37.68,168.42,1,881
1520530326.750426,1,300,232,44.48,28.15,0,881
1520530326.800429,1,300,228,44.42,26.16,0,881
1520530326.850430,1,298,231,44.48,124.27,1,856
1520530326.900431,1,300,230,44.38,26.67,0,856
1520530326.950433,1,297,230,44.19,26.69,0,856
1520530327.000434,1,295,230,44.19,159.65,1,859
1520530327.050437,1,299,235,43.97,26.64,0,859
1520530327.100437,1,287,233,44.45,28.20,0,859
1520530327.150430,1,287,236,44.20,161.76,1,837
1520530327.200433,1,284,237,43.97,26.58,0,837
1520530327.250435,1,282,237,44.11,25.78,0,837
1520530327.300436,1,279,237,44.43,162.02,1,839
1520530327.350437,1,281,238,44.55,25.94,0,839
1520530327.400439,1,300,252,45.08,26.89,0,839
1520530327.450440,1,300,261,45.38,131.13,1,860
1520530327.500442,1,276,243,45.88,26.35,0,860
1520530327.550090,1,229,196,33.99,24.84,0,860
1520530327.600091,1,221,190,34.51,162.85,1,859
1520530327.650103,1,220,193,35.14,22.15,0,859
1520530327.700094,1,211,188,35.54,21.19,0,859
1520530327.750096,1,203,187,36.16,179.74,1,851
1520530327.800097,1,194,176,36.82,21.12,0,851
1520530327.850099,1,184,158,37.49,19.71,0,851
1520530327.900100,1,193,162,38.22,182.80,1,833
1520530327.950102,1,201,167,38.02,20.91,0,833
1520530328.000280,1,209,169,45.31,22.27,0,833
1520530328.050282,1,187,153,45.44,172.21,1,847
1520530328.100283,1,187,145,45.52,19.37,0,847
1520530328.150285,1,300,228,45.36,26.34,0,847
1520530328.200287,1,288,221,45.58,196.37,1,875
1520530328.250288,1,288,231,45.67,27.72,0,875
1520530328.300290,1,259,221,45.58,26.21,0,875
1520530328.350291,1,241,215,45.39,139.84,1,877
1520530328.400337,1,203,184,46.06,22.35,0,877
1520530328.450338,1,194,180,45.71,20.29,0,877
1520530328.500340,1,195,182,45.45,185.49,1,892
1520530328.550342,1,209,187,45.06,20.81,0,892
1520530328.600343,1,198,184,44.61,20.82,0,892
1520530328.650346,1,199,179,44.34,181.75,1,886
1520530328.700347,1,200,178,43.95,20.65,0,886
1520530328.750348,1,186,163,43.68,19.97,0,886
1520530328.800086,1,179,153,33.83,179.99,1,895
1520530328.850087,1,183,150,34.07,18.30,0,895
1520530328.900089,1,204,161,34.12,19.14,0,895
1520530328.950091,1,227,179,34.39,184.16,1,922
1520530329.000092,1,215,176,34.92,21.77,0,922
1520530329.050093,1,200,170,35.07,20.51,0,922
1520530329.100095,1,198,171,35.55,154.94,1,933
1520530329.150097,1,184,168,35.72,19.91,0,933
1520530329.200044,1,183,170,34.01,19.58,0,933
1520530329.250095,1,178,164,34.56,170.08,1,933
1520530329.300047,1,174,160,34.75,18.89,0,933
1520530329.350049,1,150,142,35.00,17.37,0,933
1520530329.400050,1,149,141,34.87,176.27,1,896
1520530329.450052,1,162,146,34.72,17.36,0,896
1520530329.500053,1,159,141,34.88,17.06,0,896
1520530329.550055,1,180,150,34.71,142.58,1,876
1520530329.600097,1,166,154,36.49,18.98,0,876
1520530329.650099,1,164,151,36.65,17.33,0,876
1520530329.700100,1,300,244,36.39,140.05,1,926
1520530329.750102,1,258,223,36.51,27.28,0,926
1520530329.800104,1,235,218,36.20,24.56,0,926
1520530329.850105,1,241,225,36.10,138.14,1,934
1520530329.900107,1,248,221,35.70,24.46,0,934
1520530329.950109,1,231,204,34.65,23.65,0,934
1520530330.000110,1,216,194,33.95,135.49,1,914
1520530330.050161,1,222,196,35.13,22.65,0,914
1520530330.100162,1,224,189,34.79,22.86,0,914
1520530330.150164,1,211,170,34.79,158.69,1,884
1520530330.200165,1,198,160,34.27,20.45,0,884
1520530330.250167,1,178,141,34.47,19.86,0,884
1520530330.300169,1,171,132,34.72,166.25,1,873
1520530330.350170,1,159,124,35.09,18.74,0,873
1520530330.400172,1,156,124,34.83,18.44,0,873
1520530330.450787,1,199,159,55.06,97.26,1,939
1520530330.500788,1,208,175,54.91,22.88,0,939
1520530330.550790,1,254,211,55.27,24.00,0,939
1520530330.600792,1,300,257,55.95,115.48,1,1006
1520530330.650793,1,278,246,56.90,27.36,0,1006
1520530330.700795,1,243,211,58.05,25.39,0,1006
1520530330.750797,1,241,208,59.22,93.95,1,1027
1520530330.800798,1,219,191,59.46,22.56,0,1027
1520530330.850367,1,166,147,40.00,20.93,0,1027
1520530330.900277,1,148,135,39.91,82.72,1,1019
1520530330.950279,1,148,134,39.59,16.75,0,1019
1520530331.000280,1,145,136,39.67,17.16,0,1019
1520530331.050282,1,143,129,39.85,104.76,1,1020
1520530331.100283,1,152,131,40.16,16.14,0,1020
1520530331.150285,1,146,125,40.59,15.98,0,1020
1520530331.200286,1,140,120,40.67,69.16,1,1020
1520530331.250735,1,147,127,57.91,19.74,0,1020
1520530331.300736,1,131,114,57.42,17.51,0,1020
1520530331.350739,1,128,113,56.91,104.83,1,1026
1520530331.400740,1,153,133,56.86,18.28,0,1026
1520530331.450741,1,161,137,57.30,18.46,0,1026
1520530331.500743,1,158,144,58.01,92.28,1,1058
1520530331.550744,1,155,142,58.18,17.95,0,1058
1520530331.600746,1,170,151,58.12,18.14,0,1058
1520530331.650479,1,160,148,47.76,98.48,1,1052
1520530331.700481,1,171,153,47.33,17.92,0,1052
1520530331.750483,1,173,154,46.81,18.21,0,1052
1520530331.800484,1,175,153,45.68,66.09,1,1050
1520530331.850486,1,189,161,44.68,19.60,0,1050
1520530331.900488,1,197,161,43.84,20.32,0,1050
1520530331.950489,1,205,160,43.53,92.81,1,1066
1520530332.000491,1,191,145,43.29,20.17,0,1066
1520530332.050387,1,182,137,39.89,18.71,0,1066
1520530332.100388,1,174,134,39.72,81.27,1,1081
1520530332.150390,1,175,132,39.80,17.34,0,1081
1520530332.200392,1,176,132,39.69,17.33,0,1081
1520530332.250393,1,168,127,39.69,105.95,1,1082
1520530332.300399,1,155,112,39.75,17.76,0,1082
1520530332.350396,1,155,119,39.56,16.56,0,1082
1520530332.400401,1,153,119,39.59,99.60,1,1019
1520530332.450399,1,162,130,40.07,17.19,0,1019
1520530332.500483,1,171,138,43.02,17.96,0,1019
1520530332.550483,1,171,147,43.50,79.68,1,1053
1520530332.600486,1,167,151,44.15,18.90,0,1053
1520530332.650488,1,159,144,44.73,17.49,0,1053
1520530332.700488,1,262,228,45.39,97.23,1,1132
1520530332.750491,1,233,205,45.91,24.76,0,1132
1520530332.800492,1,224,198,46.34,22.90,0,1132
1520530332.850493,1,200,181,46.09,99.12,1,1121
1520530332.900164,1,156,144,33.57,19.94,0,1121
1520530332.950166,1,146,135,33.39,16.82,0,1121
1520530333.000168,1,139,128,33.16,90.33,1,1117
1520530333.050169,1,141,127,33.15,16.11,0,1117
1520530333.100171,1,138,119,33.33,15.25,0,1117
1520530333.150173,1,135,120,33.51,88.64,1,1097
1520530333.200174,1,129,113,33.60,15.50,0,1097
1520530333.250175,1,123,109,34.12,14.87,0,1097
1520530333.300608,1,130,115,51.75,77.30,1,1109
1520530333.350610,1,153,130,52.02,17.40,0,1109
1520530333.400612,1,132,115,51.82,17.13,0,1109
1520530333.450613,1,134,116,51.52,102.82,1,1135
1520530333.500615,1,131,114,51.01,16.43,0,1135
1520530333.550616,1,145,125,50.96,15.64,0,1135
1520530333.600618,1,143,129,51.05,88.95,1,1155
1520530333.650619,1,145,128,50.71,16.18,0,1155
1520530333.700541,1,147,128,47.50,16.65,0,1155
1520530333.750542,1,139,125,48.01,96.73,1,1152
1520530333.800544,1,151,138,48.25,16.51,0,1152
1520530333.850545,1,156,144,48.14,17.22,0,1152
1520530333.900547,1,157,146,47.68,96.94,1,1087
1520530333.950549,1,158,148,46.87,17.54,0,1087
1520530334.000561,1,173,154,46.01,18.65,0,1087
1520530334.050551,1,167,150,45.64,98.91,1,1097
1520530334.100216,1,154,140,32.81,18.43,0,1097
1520530334.150218,1,196,161,32.71,17.94,0,1097
1520530334.200219,1,182,159,32.59,102.97,1,1112
1520530334.250221,1,300,233,32.65,24.92,0,1112
1520530334.300222,1,232,201,32.86,25.71,0,1112
1520530334.350224,1,221,193,33.37,102.73,1,1149
1520530334.400225,1,215,193,33.46,22.44,0,1149
1520530334.450227,1,217,194,33.48,21.82,0,1149
1520530334.500228,1,215,193,33.49,103.52,1,1129
1520530334.550086,1,186,165,28.61,21.87,0,1129
1520530334.600088,1,183,162,28.14,20.04,0,1129
1520530334.650089,1,169,153,27.10,122.49,1,1030
1520530334.700091,1,173,155,26.02,18.71,0,1030
1520530334.750092,1,163,144,25.24,17.91,0,1030
1520530334.800094,1,166,151,24.39,64.65,1,926
1520530334.850095,1,212,185,23.97,21.21,0,926
1520530334.900097,1,209,181,23.95,21.34,0,926
1520530334.950928,1,300,258,55.06,91.16,1,1020
1520530335.000928,1,300,257,55.01,27.53,0,1020
1520530335.050931,1,284,250,55.53,28.39,0,1020
1520530335.100933,1,265,240,55.66,108.49,1,1013
1520530335.150934,1,270,238,55.68,26.93,0,1013
1520530335.200936,1,233,203,56.42,25.47,0,1013
1520530335.250937,1,211,188,57.83,117.95,1,1011
1520530335.300938,1,255,215,58.90,23.77,0,1011
1520530335.351457,1,219,188,76.98,23.75,0,1011
1520530335.401459,1,207,182,76.52,121.39,1,1024
1520530335.451459,1,210,183,76.62,21.27,0,1024
1520530335.501461,1,280,239,76.51,25.28,0,1024
1520530335.551462,1,251,222,76.06,132.33,1,1046
1520530335.601512,1,245,218,76.37,24.93,0,1046
1520530335.651465,1,235,205,76.24,23.52,0,1046
1520530335.701467,1,294,234,76.22,115.81,1,1045
1520530335.750223,1,171,142,31.49,111.23,1,1084
1520530335.800224,1,204,169,31.46,19.38,0,1084
1520530335.850226,1,190,167,31.25,19.46,0,1084
1520530335.900227,1,182,162,31.14,119.22,1,1121
1520530335.950228,1,176,159,31.99,19.69,0,1121
1520530336.000230,1,169,159,32.08,19.03,0,1121
1520530336.050231,1,168,157,32.44,133.37,1,1110
1520530336.100233,1,174,165,32.17,18.84,0,1110
1520530336.150177,1,167,155,30.43,17.80,0,1110
1520530336.200179,1,174,159,30.40,105.89,1,1082
1520530336.250180,1,266,227,30.62,23.74,0,1082
1520530336.300182,1,248,203,30.69,24.58,0,1082
1520530336.350183,1,220,190,30.88,145.08,1,1099
1520530336.400185,1,202,180,30.97,21.54,0,1099
1520530336.450186,1,184,165,30.79,20.19,0,1099
1520530336.500188,1,182,162,30.94,124.91,1,1082
1520530336.550582,1,149,131,46.10,20.38,0,1082
1520530336.600584,1,154,133,46.05,17.72,0,1082
1520530336.650586,1,143,128,46.25,119.59,1,1080
1520530336.700586,1,167,144,46.11,17.03,0,1080
1520530336.750588,1,161,140,45.96,17.52,0,1080
1520530336.800590,1,169,145,45.96,118.86,1,1075
1520530336.850591,1,168,149,45.79,18.08,0,1075
1520530336.900594,1,173,154,46.00,17.98,0,1075
1520530336.950594,1,172,156,45.81,102.05,1,984
1520530337.000258,1,162,148,32.99,20.04,0,984
1520530337.050259,1,161,146,32.77,17.69,0,984
1520530337.100266,1,168,152,32.62,103.65,1,997
1520530337.150262,1,159,146,32.64,20.83,0,997
1520530337.200351,1,169,153,32.64,18.52,0,997
1520530337.250265,1,169,154,32.51,113.99,1,1002
1520530337.300267,1,169,150,32.21,18.50,0,1002
1520530337.350269,1,175,151,31.68,18.22,0,1002
1520530337.400301,1,169,146,32.47,121.25,1,1008
1520530337.450303,1,175,138,32.24,17.66,0,1008
1520530337.500304,1,186,132,31.80,17.69,0,1008
1520530337.550306,1,192,128,31.25,120.39,1,997
1520530337.600307,1,187,126,30.61,18.61,0,997
1520530337.650309,1,172,126,30.58,18.23,0,997
1520530337.700310,1,175,128,30.67,118.49,1,989
1520530337.750312,1,170,129,30.57,18.31,0,989
1520530337.800854,1,207,158,49.14,22.90,0,989
1520530337.850855,1,220,161,49.03,119.04,1,1014
1520530337.900856,1,224,165,48.79,21.51,0,1014
1520530337.950858,1,224,163,48.20,20.84,0,1014
1520530338.000860,1,224,165,48.24,106.87,1,1016
1520530338.050862,1,222,165,48.19,21.39,0,1016
1520530338.100863,1,215,160,48.08,19.92,0,1016
1520530338.150864,1,275,204,48.09,113.08,1,1044
1520530338.200470,1,205,156,35.04,24.88,0,1044
1520530338.250473,1,200,149,35.46,19.17,0,1044
1520530338.300474,1,219,157,35.49,119.97,1,1049
1520530338.350476,1,243,177,36.19,22.69,0,1049
1520530338.400477,1,240,180,36.88,22.07,0,1049
1520530338.450478,1,215,169,37.43,110.25,1,1063
1520530338.500480,1,200,168,37.89,21.45,0,1063
1520530338.550481,1,202,166,38.27,20.35,0,1063
1520530338.600260,1,170,145,30.44,105.66,1,1021
1520530338.650261,1,168,143,30.25,19.71,0,1021
1520530338.700263,1,159,138,30.54,18.37,0,1021
1520530338.750266,1,159,135,29.68,103.83,1,1016
1520530338.800266,1,154,136,29.15,17.35,0,1016
1520530338.850267,1,174,144,28.66,18.04,0,1016
1520530338.900269,1,158,143,28.05,110.89,1,1033
1520530338.950270,1,153,141,27.25,17.95,0,1033
1520530339.000272,1,232,184,26.47,22.03,0,1033
1520530339.050959,1,248,218,52.61,137.27,1,1110
1520530339.100960,1,258,227,52.77,26.55,0,1110
1520530339.150962,1,236,215,52.82,24.70,0,1110
1520530339.200963,1,259,232,53.26,131.33,1,1033
1520530339.250965,1,251,223,52.91,26.33,0,1033
1520530339.300966,1,254,229,53.25,26.25,0,1033
1520530339.350968,1,238,212,53.37,133.20,1,1069
1520530339.400970,1,199,180,53.81,24.79,0,1069
1520530339.451687,1,199,178,81.57,22.23,0,1069
1520530339.501689,1,184,171,82.65,126.74,1,1095
1520530339.551691,1,198,186,83.57,21.81,0,1095
1520530339.601692,1,202,192,84.54,22.98,0,1095
1520530339.651693,1,196,181,84.78,112.06,1,1105
1520530339.701695,1,185,172,85.14,21.04,0,1105
1520530339.751697,1,186,167,85.43,19.60,0,1105
1520530339.801698,1,235,198,85.80,119.19,1,1108
1520530339.851056,1,182,159,61.16,21.97,0,1108
1520530339.901057,1,222,187,61.13,22.17,0,1108
1520530339.951059,1,231,187,60.96,72.74,1,1023
1520530340.001061,1,213,182,61.03,22.69,0,1023
1520530340.051062,1,218,178,60.88,22.50,0,1023
1520530340.101063,1,206,178,60.75,91.56,1,1023
1520530340.151065,1,300,247,61.04,26.85,0,1023
1520530340.201067,1,273,241,60.94,27.38,0,1023
1520530340.250395,1,152,137,34.73,99.62,1,1045
1520530340.300397,1,151,138,34.61,16.90,0,1045
1520530340.350399,1,161,147,34.60,17.26,0,1045
1520530340.400400,1,161,147,34.41,66.44,1,1047
1520530340.450401,1,164,149,34.34,17.58,0,1047
1520530340.500403,1,180,160,34.11,18.45,0,1047
1520530340.550404,1,173,155,33.87,91.82,1,1006
1520530340.600406,1,165,153,33.78,19.05,0,1006
1520530340.650347,1,163,151,31.23,17.98,0,1006
1520530340.700348,1,163,152,31.07,92.22,1,1010
1520530340.750350,1,166,153,30.80,18.25,0,1010
1520530340.800351,1,172,154,30.62,18.32,0,1010
1520530340.850353,1,172,154,30.22,107.20,1,996
1520530340.900354,1,185,157,30.25,18.53,0,996
1520530340.950356,1,180,151,30.22,19.10,0,996
1520530341.000358,1,203,152,30.00,110.80,1,994
1520530341.050774,1,213,156,45.16,22.12,0,994
1520530341.100776,1,212,160,44.99,20.19,0,994
1520530341.150777,1,211,163,44.84,90.57,1,1028
1520530341.200779,1,208,165,45.16,20.72,0,1028
1520530341.250780,1,241,193,45.37,22.05,0,1028
1520530341.300782,1,221,189,45.42,79.46,1,1036
1520530341.350784,1,214,181,45.68,21.31,0,1036
1520530341.400785,1,206,176,45.81,20.60,0,1036
1520530341.450787,1,258,210,45.87,97.76,1,1059
1520530341.500713,1,247,198,43.10,23.33,0,1059
1520530341.550714,1,240,196,43.28,22.36,0,1059
1520530341.600716,1,243,201,43.36,132.32,1,1068
1520530341.650717,1,238,200,43.37,22.59,0,1068
1520530341.700719,1,236,199,43.57,21.99,0,1068
1520530341.750720,1,234,199,43.57,87.89,1,1044
1520530341.800722,1,231,201,43.79,22.47,0,1044
1520530341.850723,1,231,200,43.81,21.85,0,1044
1520530341.900542,1,200,176,37.04,90.63,1,1033
1520530341.950578,1,209,182,37.09,21.13,0,1033
1520530342.000545,1,205,183,37.23,20.62,0,1033
1520530342.050546,1,203,178,37.26,117.10,1,968
1520530342.100548,1,208,180,37.23,21.14,0,968
1520530342.150549,1,210,178,37.23,21.13,0,968
1520530342.200551,1,214,182,37.23,118.79,1,964
1520530342.250553,1,208,179,37.01,21.00,0,964
1520530342.300673,1,196,172,41.80,20.11,0,964
1520530342.350675,1,191,168,41.42,154.43,1,901
1520530342.400676,1,193,170,41.17,19.77,0,901
1520530342.450678,1,300,237,41.17,25.36,0,901
1520530342.500679,1,299,233,41.06,163.20,1,944
1520530342.550681,1,300,233,41.12,27.47,0,944
1520530342.600683,1,300,224,41.38,26.55,0,944
1520530342.650684,1,300,226,41.29,133.21,1,945
1520530342.700643,1,300,223,40.15,27.86,0,945
1520530342.750644,1,286,218,40.14,26.15,0,945
1520530342.800646,1,263,207,39.56,145.79,1,944
1520530342.850648,1,268,202,38.89,24.46,0,944
1520530342.900649,1,282,207,38.72,24.96,0,944
1520530342.950651,1,271,204,38.53,111.94,1,950
1520530343.000653,1,255,201,37.99,24.49,0,950
1520530343.050654,1,300,226,37.50,26.04,0,950
1520530343.101131,1,300,239,55.10,115.93,1,998
1520530343.151133,1,290,231,55.43,26.57,0,998
1520530343.201134,1,300,237,55.66,27.24,0,998
1520530343.251136,1,268,205,55.83,155.93,1,926
1520530343.301138,1,251,189,55.81,23.73,0,926
1520530343.351140,1,300,215,55.49,25.22,0,926
1520530343.401141,1,271,210,55.37,118.68,1,932
1520530343.451144,1,261,202,54.77,24.77,0,932
1520530343.501404,1,300,229,64.31,26.13,0,932
1520530343.551476,1,300,229,63.99,133.95,1,949
1520530343.601407,1,300,230,63.75,27.99,0,949
1520530343.651408,1,300,216,63.13,26.91,0,949
1520530343.701410,1,259,197,62.33,115.63,1,941
1520530343.751410,1,253,196,61.10,23.92,0,941
1520530343.801413,1,281,218,60.38,24.90,0,941
1520530343.851414,1,261,211,59.28,122.00,1,941
1520530343.901415,1,259,215,57.67,25.03,0,941
1520530343.951402,1,259,214,55.70,24.76,0,941
1520530344.001403,1,252,208,54.94,124.09,1,914
1520530344.051405,1,300,244,54.35,27.06,0,914
1520530344.101406,1,300,246,53.79,27.96,0,914
1520530344.151408,1,295,246,53.28,127.69,1,925
1520530344.201410,1,282,238,52.85,27.57,0,925
1520530344.251411,1,264,231,52.07,25.19,0,925
1520530344.301413,1,258,228,51.31,119.83,1,914
1520530344.351409,1,249,221,49.82,24.60,0,914
1520530344.401411,1,246,221,49.16,24.18,0,914
1520530344.451412,1,267,234,48.61,128.86,1,913
1520530344.501414,1,249,224,48.24,25.15,0,913
1520530344.551415,1,268,233,48.23,24.43,0,913
1520530344.601418,1,264,231,48.10,112.12,1,925
1520530344.651419,1,262,229,48.51,26.39,0,925
1520530344.701421,1,276,236,49.09,25.38,0,925
1520530344.751636,1,270,237,55.28,124.81,1,941
1520530344.801638,1,257,231,56.08,25.35,0,941
1520530344.851639,1,255,226,56.74,24.60,0,941
1520530344.901641,1,262,228,57.12,113.92,1,942
1520530344.951642,1,261,225,58.00,24.65,0,942
1520530345.001644,1,264,219,57.83,24.50,0,942
1520530345.051645,1,259,217,57.11,113.11,1,943
1520530345.101647,1,283,231,56.97,26.36,0,943
1520530345.151845,1,300,242,59.28,27.01,0,943
1520530345.201743,1,300,237,59.53,133.16,1,975
1520530345.251745,1,300,235,59.91,27.79,0,975
1520530345.301746,1,300,238,60.46,27.54,0,975
1520530345.351748,1,300,233,60.60,125.39,1,979
1520530345.401750,1,300,231,61.06,27.51,0,979
1520530345.451751,1,300,230,61.70,26.98,0,979
1520530345.501753,1,300,233,62.34,125.69,1,990
1520530345.551195,1,300,231,46.52,29.20,0,990
1520530345.601196,1,300,232,46.83,27.41,0,990
1520530345.651198,1,300,226,47.31,122.03,1,1009
1520530345.701199,1,270,207,47.92,26.64,0,1009
1520530345.751201,1,264,188,48.16,24.02,0,1009
1520530345.801203,1,241,175,48.22,118.40,1,1028
1520530345.851204,1,193,155,48.84,23.01,0,1028
1520530345.901206,1,150,127,49.90,17.00,0,1028
1520530345.951161,1,139,105,49.31,101.24,1,1044
1520530346.001475,1,138,107,60.06,15.67,0,1044
1520530346.051476,1,127,100,60.72,14.68,0,1044
1520530346.101478,1,114,91,61.28,98.28,1,1053
1520530346.151479,1,300,237,61.70,25.09,0,1053
1520530346.201480,1,300,252,62.60,30.12,0,1053
1520530346.251484,1,231,196,63.09,129.04,1,1161
1520530346.301485,1,300,254,63.28,27.73,0,1161
1520530346.351486,1,293,248,63.35,29.86,0,1161
1520530346.401376,1,216,174,59.80,119.01,1,1216
1520530346.451378,1,234,183,60.19,23.33,0,1216
1520530346.501379,1,188,153,60.74,22.18,0,1216
1520530346.551380,1,179,143,61.01,142.35,1,1241
1520530346.601382,1,197,165,61.51,21.19,0,1241
1520530346.651383,1,198,168,61.70,22.10,0,1241
1520530346.701385,1,174,146,61.87,109.29,1,1201
1520530346.751386,1,188,153,61.87,20.97,0,1201
1520530346.801545,1,194,145,67.87,21.35,0,1201
1520530346.851546,1,168,133,67.86,118.58,1,1224
1520530346.901547,1,181,138,67.78,18.97,0,1224
1520530346.951549,1,176,137,67.77,19.30,0,1224
1520530347.001551,1,178,135,67.52,121.10,1,1261
1520530347.051553,1,229,158,67.48,21.55,0,1261
1520530347.101554,1,203,137,67.68,21.90,0,1261
1520530347.151556,1,213,142,67.69,142.11,1,1299
1520530347.201400,1,300,177,61.75,26.84,0,1299
1520530347.251402,1,300,173,61.89,27.96,0,1299
1520530347.301403,1,300,177,61.61,117.12,1,1306
1520530347.351405,1,299,180,61.39,28.98,0,1306
1520530347.401407,1,227,155,61.10,24.92,0,1306
1520530347.451408,1,244,145,60.58,109.10,1,1281
1520530347.501410,1,230,137,60.36,23.17,0,1281
1520530347.551411,1,207,118,60.50,20.81,0,1281
1520530347.601218,1,192,110,53.65,112.73,1,1244
1520530347.651220,1,183,112,53.98,18.78,0,1244
1520530347.701222,1,157,107,54.38,17.77,0,1244
1520530347.751223,1,153,109,54.89,68.36,1,1188
1520530347.801224,1,169,107,55.42,16.88,0,1188
1520530347.851226,1,177,111,55.60,19.05,0,1188
1520530347.901227,1,197,124,56.33,101.61,1,1189
1520530347.951229,1,139,111,56.54,20.56,0,1189
1520530348.001163,1,169,113,54.39,16.73,0,1189
1520530348.051164,1,163,130,54.61,98.18,1,1195
1520530348.101166,1,127,109,55.01,15.82,0,1195
1520530348.151168,1,170,126,55.36,16.17,0,1195
1520530348.201169,1,149,116,55.98,103.82,1,1207
1520530348.251170,1,146,113,56.38,17.00,0,1207
1520530348.301184,1,121,98,56.81,14.71,0,1207
1520530348.351173,1,136,105,57.02,97.74,1,1170
1520530348.401175,1,134,105,57.10,15.25,0,1170
1520530348.451416,1,131,101,67.32,14.67,0,1170
1520530348.501419,1,127,103,67.14,98.34,1,1178
1520530348.551420,1,129,103,67.18,14.35,0,1178
1520530348.601422,1,121,98,67.07,14.57,0,1178
1520530348.651423,1,127,103,67.00,84.79,1,1165
1520530348.701425,1,129,102,66.74,14.25,0,1165
1520530348.751426,1,122,92,66.79,13.92,0,1165
1520530348.801427,1,127,95,67.26,94.91,1,1147
1520530348.851315,1,128,96,61.99,14.61,0,1147
1520530348.901316,1,132,99,61.67,15.18,0,1147
1520530348.951318,1,131,99,61.38,70.08,1,1131
1520530349.001319,1,140,115,61.14,16.35,0,1131
1520530349.051321,1,138,115,60.87,15.17,0,1131
1520530349.101322,1,132,114,60.33,76.80,1,1135
1520530349.151325,1,133,111,59.67,15.06,0,1135
1520530349.201326,1,133,116,59.32,14.64,0,1135
1520530349.251106,1,156,132,49.97,94.73,1,1140
1520530349.301107,1,149,129,49.56,17.63,0,1140
1520530349.351109,1,151,129,49.63,16.66,0,1140
1520530349.401110,1,193,157,49.45,97.45,1,1118
1520530349.451112,1,189,154,49.11,20.22,0,1118
1520530349.501114,1,192,157,49.11,20.08,0,1118
1520530349.551115,1,207,166,49.40,101.88,1,1121
1520530349.601117,1,205,169,49.60,20.95,0,1121
1520530349.650935,1,231,181,42.02,22.73,0,1121
1520530349.700937,1,215,178,41.96,81.24,1,1113
1520530349.750943,1,218,174,41.84,21.24,0,1113
1520530349.800940,1,231,181,41.20,21.29,0,1113
1520530349.850941,1,227,183,40.76,104.98,1,1053
1520530349.900986,1,220,177,40.32,21.54,0,1053
1520530349.950944,1,212,164,39.70,19.95,0,1053
1520530350.000946,1,300,232,38.99,104.48,1,1110
1520530350.051376,1,255,194,55.47,25.97,0,1110
1520530350.101378,1,255,191,55.45,23.77,0,1110
1520530350.151379,1,285,217,55.39,115.37,1,1182
1520530350.201381,1,259,199,55.26,25.78,0,1182
1520530350.251384,1,245,188,54.72,24.16,0,1182
1520530350.301384,1,223,173,54.87,111.91,1,1206
1520530350.351386,1,230,177,54.79,21.79,0,1206
1520530350.401387,1,281,211,54.48,24.59,0,1206
1520530350.451515,1,300,227,58.64,76.34,1,1177
1520530350.501516,1,300,218,58.59,27.91,0,1177
1520530350.551518,1,300,221,58.30,27.48,0,1177
1520530350.601520,1,300,221,57.95,101.37,1,1184
1520530350.651521,1,300,225,57.94,28.38,0,1184
1520530350.701523,1,300,225,57.85,27.40,0,1184
1520530350.751523,1,273,201,57.62,88.82,1,1197
1520530350.801526,1,300,221,57.47,26.72,0,1197
1520530350.851527,1,300,224,57.16,27.44,0,1197
1520530350.901571,1,300,221,58.28,99.52,1,1229
1520530350.951573,1,277,217,57.83,27.17,0,1229
1520530351.001574,1,262,203,57.21,24.68,0,1229
1520530351.051576,1,242,196,56.30,88.30,1,1217
1520530351.101578,1,275,226,54.99,25.20,0,1217
1520530351.151579,1,224,200,53.69,24.20,0,1217
1520530351.201581,1,215,195,52.20,91.52,1,1213
1520530351.251582,1,206,191,51.33,21.25,0,1213
1520530351.301683,1,203,187,53.61,20.05,0,1213
1520530351.351680,1,206,183,52.46,94.86,1,1174
1520530351.401685,1,202,181,51.65,20.13,0,1174
1520530351.451683,1,234,196,51.25,21.74,0,1174
1520530351.501759,1,222,198,50.60,100.86,1,1126
1520530351.551686,1,235,203,50.30,22.17,0,1126
1520530351.601688,1,234,207,49.91,22.17,0,1126
1520530351.651689,1,232,208,50.08,76.76,1,1131
1520530351.701695,1,237,213,50.18,22.93,0,1131
1520530351.751696,1,234,208,50.05,22.68,0,1131
1520530351.801698,1,245,215,50.28,106.39,1,1137
1520530351.851700,1,264,229,50.48,24.72,0,1137
1520530351.901701,1,300,256,50.79,27.97,0,1137
1520530351.951703,1,271,246,51.33,129.81,1,1182
1520530352.001704,1,300,254,51.81,27.38,0,1182
1520530352.051706,1,293,258,52.21,28.53,0,1182
1520530352.101805,1,264,230,55.41,88.12,1,1174
1520530352.151806,1,287,245,55.44,27.10,0,1174
1520530352.201808,1,277,242,55.56,26.69,0,1174
1520530352.251809,1,272,237,55.80,109.78,1,1157
1520530352.301811,1,268,235,55.22,27.28,0,1157
1520530352.351812,1,263,225,54.38,24.64,0,1157
1520530352.401814,1,250,208,54.92,118.48,1,1167
1520530352.451817,1,265,214,55.85,24.34,0,1167
1520530352.501469,1,279,220,46.23,25.71,0,1167
1520530352.551471,1,300,229,46.53,125.55,1,1226
1520530352.601472,1,265,213,46.96,26.76,0,1226
1520530352.651474,1,255,202,47.15,23.87,0,1226
1520530352.701475,1,272,211,47.61,137.15,1,1232
1520530352.751477,1,300,228,47.85,26.57,0,1232
1520530352.801478,1,300,224,48.29,27.13,0,1232
1520530352.851480,1,299,227,48.68,127.37,1,1276
1520530352.901098,1,199,144,37.51,24.62,0,1276
1520530352.951099,1,188,135,37.78,18.75,0,1276
1520530353.001101,1,201,136,37.93,118.58,1,1296
1520530353.051102,1,210,151,38.17,20.57,0,1296
1520530353.101208,1,188,140,38.08,18.87,0,1296
1520530353.151105,1,170,127,38.18,101.20,1,1304
1520530353.201107,1,159,110,38.61,16.86,0,1304
1520530353.251108,1,195,140,39.19,19.69,0,1304
1520530353.301110,1,271,213,39.58,142.21,1,1407
1520530353.351398,1,137,112,49.61,119.94,1,1399
1520530353.401399,1,126,105,50.65,15.13,0,1399
1520530353.451401,1,300,245,51.11,25.03,0,1399
1520530353.501402,1,212,178,51.57,144.47,1,1502
1520530353.551404,1,300,237,52.04,27.02,0,1502
1520530353.601405,1,300,236,52.41,29.24,0,1502
1520530353.651407,1,300,229,52.44,142.67,1,1549
1520530353.701408,1,300,225,52.64,30.84,0,1549
1520530353.751736,1,239,185,65.24,27.34,0,1549
1520530353.801738,1,300,218,65.40,117.76,1,1643
1520530353.851739,1,221,174,65.31,28.61,0,1643
1520530353.901741,1,205,152,65.58,21.82,0,1643
1520530353.951742,1,202,148,65.65,121.50,1,1631
1520530354.001744,1,205,145,65.59,22.15,0,1631
1520530354.051745,1,234,156,65.59,23.53,0,1631
1520530354.101747,1,177,135,65.76,156.65,1,1639
1520530354.151896,1,254,167,71.56,24.02,0,1639
1520530354.201897,1,277,176,71.69,27.81,0,1639
1520530354.251899,1,296,186,71.36,137.25,1,1643
1520530354.301900,1,297,197,71.79,31.44,0,1643
1520530354.351902,1,236,154,71.82,26.60,0,1643
1520530354.401904,1,206,151,71.66,126.64,1,1601
1520530354.451905,1,263,164,71.16,24.44,0,1601
1520530354.501907,1,233,164,71.25,24.16,0,1601
1520530354.551594,1,247,176,58.93,119.07,1,1632
1520530354.601593,1,300,192,58.75,27.55,0,1632
1520530354.651595,1,229,162,58.74,25.20,0,1632
1520530354.701596,1,205,144,58.60,111.60,1,1568
1520530354.751597,1,188,131,58.86,21.03,0,1568
1520530354.801599,1,174,123,59.04,18.20,0,1568
1520530354.851600,1,171,122,59.37,93.09,1,1515
1520530354.901602,1,172,118,59.68,17.73,0,1515
1520530354.951359,1,186,115,50.74,18.74,0,1515
1520530355.001360,1,156,111,51.22,134.33,1,1500
1520530355.051362,1,138,105,51.18,16.46,0,1500
1520530355.101363,1,137,107,51.83,14.66,0,1500
1520530355.151365,1,188,136,52.55,74.04,1,1467
1520530355.201366,1,146,119,52.98,18.25,0,1467
1520530355.251368,1,136,107,52.99,14.88,0,1467
1520530355.301370,1,154,124,53.28,101.06,1,1479
1520530355.351371,1,208,152,53.67,20.38,0,1479
1520530355.401407,1,201,143,55.47,21.26,0,1479
1520530355.451408,1,298,210,55.83,122.98,1,1562
1520530355.501410,1,220,161,56.12,24.41,0,1562
1520530355.551411,1,233,175,56.38,22.15,0,1562
1520530355.601414,1,224,167,56.31,80.33,1,1585
1520530355.651416,1,213,164,56.60,21.86,0,1585
1520530355.701417,1,192,150,56.89,19.94,0,1585
1520530355.751418,1,184,139,56.86,117.65,1,1564
1520530355.801531,1,213,156,61.63,20.51,0,1564
1520530355.851533,1,204,153,61.56,20.34,0,1564
1520530355.901534,1,194,146,61.70,95.32,1,1562
1520530355.951536,1,184,138,61.35,19.50,0,1562
1520530356.001537,1,176,138,60.93,19.65,0,1562
1520530356.051539,1,172,133,60.90,77.75,1,1548
1520530356.101541,1,172,137,60.99,18.37,0,1548
1520530356.151542,1,175,137,60.49,17.87,0,1548
1520530356.201376,1,174,137,53.06,104.49,1,1506
1520530356.251380,1,173,138,52.63,18.99,0,1506
1520530356.301379,1,171,146,52.84,18.88,0,1506
1520530356.351380,1,175,152,52.61,105.12,1,1508
1520530356.401382,1,170,151,52.40,18.74,0,1508
1520530356.451383,1,165,150,52.02,18.08,0,1508
1520530356.501385,1,190,162,51.47,92.22,1,1493
1520530356.551386,1,190,166,51.28,20.56,0,1493
1520530356.601232,1,179,157,45.15,19.13,0,1493
1520530356.651235,1,173,153,44.84,79.41,1,1458
1520530356.701236,1,178,157,44.55,19.44,0,1458
1520530356.751237,1,208,176,44.74,20.68,0,1458
1520530356.801239,1,206,175,44.61,99.45,1,1408
1520530356.851240,1,199,171,44.60,20.78,0,1408
1520530356.901242,1,284,234,44.56,25.14,0,1408
1520530356.951244,1,284,238,44.77,131.64,1,1441
1520530357.001153,1,249,205,40.76,25.91,0,1441
1520530357.051154,1,239,202,40.78,23.32,0,1441
1520530357.101156,1,246,204,40.58,114.03,1,1399
1520530357.151156,1,248,204,39.94,24.18,0,1399
1520530357.201159,1,244,197,39.47,23.70,0,1399
1520530357.251160,1,224,179,38.95,118.91,1,1386
1520530357.301162,1,208,164,38.59,20.89,0,1386
1520530357.351164,1,238,184,38.04,21.86,0,1386
1520530357.401658,1,230,174,56.82,123.61,1,1403
1520530357.451660,1,270,203,56.68,24.43,0,1403
1520530357.501662,1,300,221,56.48,28.42,0,1403
1520530357.551663,1,300,225,56.43,122.14,1,1366
1520530357.601666,1,259,193,55.96,25.00,0,1366
1520530357.651666,1,300,232,55.95,26.55,0,1366
1520530357.701667,1,300,227,55.98,119.57,1,1341
1520530357.751669,1,300,222,55.88,28.64,0,1341
1520530357.801671,1,300,215,55.95,27.39,0,1341
1520530357.851585,1,263,196,51.64,115.57,1,1283
1520530357.901559,1,300,221,51.67,26.58,0,1283
1520530357.951560,1,300,221,51.35,27.15,0,1283
1520530358.001562,1,300,212,51.39,122.54,1,1227
1520530358.051563,1,300,216,51.17,28.02,0,1227
1520530358.101565,1,300,221,50.85,26.79,0,1227
1520530358.151567,1,300,222,50.79,119.88,1,1259
1520530358.201568,1,300,202,50.65,26.62,0,1259
1520530358.251625,1,300,207,52.68,26.39,0,1259
1520530358.301626,1,300,212,52.23,152.94,1,1271
1520530358.351628,1,300,229,51.90,27.73,0,1271
1520530358.401629,1,300,231,51.40,28.67,0,1271
1520530358.451631,1,284,220,50.90,121.46,1,1233
1520530358.501632,1,247,200,50.16,25.01,0,1233
1520530358.551634,1,236,201,49.29,23.54,0,1233
1520530358.601636,1,242,204,48.08,120.43,1,1221
1520530358.651798,1,249,206,52.35,23.59,0,1221
1520530358.701800,1,281,225,51.49,25.75,0,1221
1520530358.751801,1,281,228,50.98,122.27,1,1214
1520530358.801803,1,255,216,50.03,25.47,0,1214
1520530358.851805,1,245,208,49.26,23.43,0,1214
1520530358.901806,1,258,214,48.57,129.98,1,1219
1520530358.951808,1,252,212,47.71,24.59,0,1219
1520530359.001810,1,249,209,47.52,24.15,0,1219
1520530359.051806,1,248,207,46.88,133.17,1,1234
1520530359.101811,1,225,195,46.26,22.98,0,1234
1520530359.151809,1,221,197,46.17,22.21,0,1234
1520530359.201810,1,221,202,45.77,119.12,1,1235
1520530359.251812,1,215,197,45.27,21.99,0,1235
1520530359.301813,1,209,193,45.21,21.17,0,1235
1520530359.351815,1,220,197,45.59,124.06,1,1228
1520530359.401817,1,226,199,46.05,22.51,0,1228
1520530359.451919,1,219,192,47.64,21.97,0,1228
1520530359.501870,1,300,253,48.34,132.61,1,1266
1520530359.551871,1,284,246,48.58,28.20,0,1266
1520530359.601873,1,266,237,48.95,25.89,0,1266
1520530359.651874,1,266,235,49.58,131.23,1,1168
1520530359.701876,1,258,226,49.93,25.93,0,1168
1520530359.751878,1,259,224,50.22,25.13,0,1168
1520530359.801879,1,245,218,50.62,129.00,1,1175
1520530359.851881,1,254,222,50.94,24.98,0,1175
1520530359.901826,1,257,225,48.82,24.86,0,1175
1520530359.951828,1,258,230,48.18,122.80,1,1238
1520530360.001829,1,256,222,48.11,27.35,0,1238
1520530360.051831,1,275,233,48.38,25.48,0,1238
1520530360.101832,1,266,224,48.70,141.01,1,1282
1520530360.151834,1,252,210,49.08,25.22,0,1282
1520530360.201836,1,241,189,49.75,24.18,0,1282
1520530360.251837,1,229,182,50.37,140.59,1,1308
1520530360.301316,1,170,123,35.46,21.13,0,1308
1520530360.351317,1,162,112,35.36,18.59,0,1308
1520530360.401319,1,166,116,35.50,153.28,1,1325
1520530360.451321,1,145,97,35.35,16.59,0,1325
1520530360.501323,1,126,93,35.39,15.16,0,1325
1520530360.551324,1,125,84,35.36,96.75,1,1315
1520530360.601326,1,119,80,35.76,13.32,0,1315
1520530360.651327,1,115,83,36.28,12.25,0,1315
1520530360.700978,1,102,75,26.81,125.87,1,1309
1520530360.750980,1,262,151,27.08,21.02,0,1309
1520530360.800981,1,151,110,27.63,26.59,0,1309
1520530360.850983,1,134,99,28.03,95.86,1,1335
1520530360.900984,1,111,86,28.47,14.32,0,1335
1520530360.950988,1,107,82,28.67,12.31,0,1335
1520530361.000988,1,120,86,29.21,124.49,1,1311
1520530361.051064,1,114,82,29.57,13.12,0,1311
1520530361.101044,1,93,67,31.09,12.61,0,1311
1520530361.151045,1,107,76,30.70,118.69,1,1251
1520530361.201047,1,211,162,30.35,20.19,0,1251
1520530361.251048,1,140,124,30.18,19.18,0,1251
1520530361.301050,1,290,246,30.39,130.31,1,1418
1520530361.351051,1,202,175,30.32,25.80,0,1418
1520530361.401053,1,192,164,30.39,20.00,0,1418
1520530361.451055,1,182,159,30.28,146.35,1,1410
1520530361.501690,1,158,133,55.23,21.54,0,1410
1520530361.551692,1,175,135,55.26,18.46,0,1410
1520530361.601693,1,300,211,55.32,127.07,1,1491
1520530361.651695,1,280,182,55.49,29.45,0,1491
1520530361.701696,1,205,137,55.33,23.87,0,1491
1520530361.751698,1,254,183,55.21,112.03,1,1447
1520530361.801700,1,212,164,55.25,24.05,0,1447
1520530361.851701,1,184,147,55.20,20.56,0,1447
1520530361.901939,1,163,129,63.98,96.88,1,1398
1520530361.951941,1,171,136,64.00,18.02,0,1398
1520530362.001942,1,158,129,64.10,19.65,0,1398
1520530362.051944,1,175,142,64.17,97.83,1,1413
1520530362.101945,1,173,131,64.28,18.29,0,1413
1520530362.151947,1,178,135,64.27,18.80,0,1413
1520530362.201949,1,202,142,64.43,90.77,1,1395
1520530362.251950,1,199,141,64.39,19.75,0,1395
1520530362.301951,1,218,146,64.27,19.74,0,1395
1520530362.351623,1,240,160,51.85,93.90,1,1384
1520530362.401625,1,228,161,52.09,22.83,0,1384
1520530362.451626,1,225,153,52.11,21.76,0,1384
1520530362.501628,1,209,138,51.93,93.79,1,1356
1520530362.551629,1,224,138,52.15,20.77,0,1356
1520530362.601631,1,200,141,52.28,20.32,0,1356
1520530362.651727,1,180,134,52.30,93.64,1,1335
1520530362.701634,1,167,122,52.52,17.03,0,1335
1520530362.751364,1,140,91,42.16,15.40,0,1335
1520530362.801366,1,137,87,42.31,88.66,1,1319
1520530362.851367,1,130,82,42.03,13.90,0,1319
1520530362.901369,1,134,86,41.95,13.64,0,1319
1520530362.951370,1,148,99,41.87,83.70,1,1284
1520530363.001372,1,183,121,41.86,16.94,0,1284
1520530363.051374,1,179,120,42.43,18.07,0,1284
1520530363.101375,1,159,111,42.37,92.21,1,1294
1520530363.151650,1,157,112,53.75,16.99,0,1294
1520530363.201651,1,161,113,54.44,17.26,0,1294
1520530363.251653,1,187,125,55.10,94.14,1,1313
1520530363.301654,1,210,135,55.76,21.31,0,1313
1520530363.351656,1,218,145,56.21,21.74,0,1313
1520530363.401658,1,230,143,56.79,109.40,1,1346
1520530363.451659,1,220,140,57.38,22.74,0,1346
1520530363.501661,1,204,133,57.99,23.95,0,1346
1520530363.551745,1,163,118,62.03,99.37,1,1344
1520530363.601746,1,156,117,61.80,17.55,0,1344
1520530363.651748,1,136,106,60.93,16.03,0,1344
1520530363.701749,1,120,98,60.54,98.62,1,1280
1520530363.751751,1,119,93,59.87,13.67,0,1280
1520530363.801753,1,115,88,59.26,13.32,0,1280
1520530363.851754,1,104,78,58.78,74.18,1,1251
1520530363.901756,1,102,78,57.99,13.59,0,1251
1520530363.951780,1,131,96,58.34,13.92,0,1251
1520530364.001782,1,136,111,57.98,80.40,1,1258
1520530364.051784,1,145,117,57.29,18.58,0,1258
1520530364.101785,1,127,110,56.59,15.93,0,1258
1520530364.151786,1,131,114,55.64,77.88,1,1223
1520530364.201788,1,132,111,54.89,15.13,0,1223
1520530364.251789,1,141,116,53.24,15.74,0,1223
1520530364.301791,1,156,124,51.48,91.64,1,1174
1520530364.351792,1,169,133,50.78,18.51,0,1174
1520530364.401853,1,202,153,52.02,19.88,0,1174
1520530364.451854,1,202,151,51.24,117.87,1,1177
1520530364.501856,1,200,156,51.05,20.87,0,1177
1520530364.551858,1,208,166,50.19,20.26,0,1177
1520530364.601859,1,208,158,49.69,68.23,1,1175
1520530364.651861,1,213,153,49.13,20.51,0,1175
1520530364.701862,1,198,151,49.42,19.93,0,1175
1520530364.751864,1,192,143,49.78,84.20,1,1208
1520530364.802375,1,195,145,68.13,18.80,0,1208
1520530364.852378,1,192,142,68.68,18.23,0,1208
1520530364.902379,1,185,145,68.79,83.97,1,1220
1520530364.952380,1,190,156,68.66,19.08,0,1220
1520530365.002383,1,194,159,68.24,19.24,0,1220
1520530365.052383,1,200,162,67.88,101.81,1,1223
1520530365.102386,1,199,161,67.61,19.49,0,1223
1520530365.152387,1,196,155,67.64,18.36,0,1223
1520530365.201844,1,185,149,49.69,104.83,1,1240
1520530365.251846,1,184,144,49.64,18.18,0,1240
1520530365.301847,1,184,144,49.77,17.58,0,1240
1520530365.351849,1,188,145,49.85,70.51,1,1243
1520530365.401850,1,195,152,50.04,18.65,0,1243
1520530365.451852,1,208,161,50.31,19.52,0,1243
1520530365.501853,1,222,166,50.53,95.49,1,1096
1520530365.551855,1,223,171,51.24,20.73,0,1096
1520530365.601535,1,219,168,40.17,21.54,0,1096
1520530365.651537,1,227,168,40.66,72.54,1,1117
1520530365.701539,1,233,172,40.73,21.22,0,1117
1520530365.751540,1,229,170,41.02,21.56,0,1117
1520530365.801546,1,300,226,41.61,102.95,1,1045
1520530365.851543,1,299,224,41.63,27.34,0,1045
1520530365.901545,1,300,230,41.85,26.81,0,1045
1520530365.951546,1,300,229,42.33,99.20,1,1017
1520530366.001907,1,300,228,56.17,27.78,0,1017
1520530366.051908,1,300,225,56.36,27.49,0,1017
1520530366.101911,1,300,232,55.94,77.05,1,1055
1520530366.151911,1,262,203,55.36,26.48,0,1055
1520530366.201913,1,300,235,54.48,27.29,0,1055
1520530366.251915,1,253,192,53.69,125.03,1,1053
1520530366.301916,1,242,191,52.88,23.62,0,1053
1520530366.351918,1,246,190,52.34,22.66,0,1053
1520530366.402120,1,245,184,58.30,73.81,1,1058
1520530366.452121,1,289,219,57.95,25.46,0,1058
1520530366.502124,1,258,203,57.65,24.68,0,1058
1520530366.552125,1,262,204,56.82,112.95,1,1069
1520530366.602127,1,228,189,56.26,25.35,0,1069
1520530366.652128,1,227,198,55.10,23.44,0,1069
1520530366.702130,1,222,197,53.81,117.46,1,1090
1520530366.752132,1,220,197,53.17,22.56,0,1090
1520530366.802132,1,214,192,52.75,22.69,0,1090
1520530366.852166,1,218,183,53.49,119.59,1,1099
1520530366.902167,1,198,174,53.03,22.05,0,1099
1520530366.952169,1,191,165,52.54,20.00,0,1099
1520530367.002170,1,187,166,52.28,120.24,1,1115
1520530367.052171,1,175,156,52.42,18.65,0,1115
1520530367.102178,1,196,169,52.61,19.01,0,1115
1520530367.152174,1,191,166,52.55,122.25,1,1121
1520530367.202177,1,193,159,52.63,20.46,0,1121
1520530367.252540,1,202,167,63.11,20.39,0,1121
1520530367.302541,1,208,164,62.80,81.48,1,1134
1520530367.352542,1,213,153,63.17,20.85,0,1134
1520530367.402545,1,204,151,62.95,19.77,0,1134
1520530367.452546,1,211,155,62.61,81.03,1,1110
1520530367.502548,1,238,176,62.05,21.39,0,1110
1520530367.552549,1,226,170,61.79,20.97,0,1110
1520530367.602551,1,235,171,61.53,119.29,1,1105
1520530367.652264,1,218,161,52.83,21.49,0,1105
1520530367.702266,1,217,162,52.90,19.84,0,1105
1520530367.752267,1,274,221,52.58,125.03,1,1136
1520530367.802269,1,300,247,52.52,27.45,0,1136
1520530367.852271,1,283,236,52.73,27.14,0,1136
1520530367.902272,1,261,224,52.28,144.77,1,1164
1520530367.952274,1,244,218,52.24,26.50,0,1164
1520530368.002275,1,261,224,52.04,25.75,0,1164
1520530368.052124,1,241,211,48.02,127.10,1,1203
1520530368.102125,1,256,221,47.87,24.68,0,1203
1520530368.152127,1,271,237,47.53,25.63,0,1203
1520530368.202129,1,273,235,47.30,154.53,1,1217
1520530368.252130,1,285,245,47.33,26.59,0,1217
1520530368.302132,1,300,258,47.19,28.01,0,1217
1520530368.352134,1,300,260,46.98,156.92,1,1255
1520530368.402135,1,284,247,47.10,27.90,0,1255
1520530368.452048,1,256,229,44.49,26.41,0,1255
1520530368.502050,1,233,210,44.42,128.90,1,1255
1520530368.552051,1,297,237,45.24,27.88,0,1255
1520530368.602053,1,221,179,46.38,25.77,0,1255
1520530368.652054,1,275,190,47.36,109.14,1,1283
1520530368.702056,1,300,204,48.04,31.38,0,1283
1520530368.752057,1,207,150,48.42,26.66,0,1283
1520530368.802058,1,197,145,48.84,111.41,1,1285
1520530368.851389,1,116,90,29.92,107.53,1,1280
1520530368.901391,1,98,79,30.45,15.64,0,1280
1520530368.951392,1,89,68,31.62,13.59,0,1280
1520530369.001394,1,94,70,32.45,105.64,1,1305
1520530369.051395,1,82,63,33.22,12.42,0,1305
1520530369.101397,1,74,56,33.69,10.86,0,1305
1520530369.151398,1,76,52,33.54,80.28,1,1293
1520530369.201400,1,86,58,34.24,10.98,0,1293
1520530369.251401,1,82,52,34.94,10.34,0,1293
1520530369.301537,1,88,57,40.13,77.51,1,1280
1520530369.351538,1,103,77,40.14,11.74,0,1280
1520530369.401540,1,151,116,40.00,15.33,0,1280
1520530369.451542,1,147,120,39.84,95.42,1,1315
1520530369.501543,1,151,125,39.85,16.88,0,1315
1520530369.551545,1,141,118,39.81,15.71,0,1315
1520530369.601546,1,192,143,39.95,71.48,1,1363
1520530369.651548,1,179,131,39.58,18.71,0,1363
1520530369.701896,1,157,127,51.72,18.04,0,1363
1520530369.751898,1,206,154,51.24,100.15,1,1376
1520530369.801901,1,184,147,50.68,19.00,0,1376
1520530369.851902,1,181,145,50.35,17.80,0,1376
1520530369.901903,1,196,160,49.82,97.18,1,1373
1520530369.951905,1,204,160,49.74,19.88,0,1373
1520530370.001906,1,213,162,49.48,20.31,0,1373
1520530370.051908,1,205,165,49.28,96.02,1,1319
1520530370.101930,1,202,162,49.63,20.01,0,1319
1520530370.151931,1,231,170,49.61,20.41,0,1319
1520530370.201933,1,246,180,49.61,113.07,1,1312
1520530370.251934,1,231,177,49.57,23.41,0,1312
1520530370.301934,1,217,173,49.54,21.48,0,1312
1520530370.351937,1,211,169,49.41,84.89,1,1257
1520530370.401938,1,260,184,49.29,22.27,0,1257
1520530370.451940,1,272,192,48.96,24.33,0,1257
1520530370.501883,1,256,189,46.75,113.33,1,1232
1520530370.551883,1,288,197,46.57,24.90,0,1232
1520530370.601898,1,280,199,46.45,25.53,0,1232
1520530370.651887,1,258,191,46.44,98.12,1,1221
1520530370.701889,1,293,204,46.48,25.59,0,1221
1520530370.751890,1,284,196,46.36,25.47,0,1221
1520530370.801892,1,277,194,46.47,113.73,1,1172
1520530370.851892,1,275,192,46.51,25.11,0,1172
1520530370.901941,1,260,183,48.31,24.10,0,1172
1520530370.951942,1,253,176,48.54,108.82,1,1161
1520530371.001944,1,242,169,48.49,22.73,0,1161
1520530371.051946,1,293,197,48.53,25.25,0,1161
1520530371.101947,1,277,196,48.16,129.29,1,1175
1520530371.151949,1,300,192,48.53,26.48,0,1175
1520530371.201950,1,242,168,47.99,24.42,0,1175
1520530371.251952,1,220,157,47.38,103.36,1,1178
1520530371.301953,1,227,162,47.17,21.58,0,1178
1520530371.351951,1,216,160,47.15,20.65,0,1178
1520530371.401953,1,213,163,47.22,94.49,1,1173
1520530371.451954,1,216,163,47.75,20.35,0,1173
1520530371.501956,1,215,161,47.74,19.84,0,1173
1520530371.551958,1,300,205,47.87,83.14,1,1175
1520530371.601959,1,300,206,48.05,26.33,0,1175
1520530371.651961,1,297,207,48.36,25.48,0,1175
1520530371.701962,1,290,204,48.39,108.48,1,1178
1520530371.751959,1,288,203,48.16,24.89,0,1178
1520530371.801961,1,273,196,48.04,24.32,0,1178
1520530371.851963,1,272,197,47.49,103.99,1,1158
1520530371.901964,1,276,199,46.95,24.45,0,1158
1520530371.951966,1,262,182,46.79,24.13,0,1158
1520530372.001968,1,255,176,46.95,120.50,1,1130
1520530372.051969,1,260,181,46.84,22.95,0,1130
1520530372.101971,1,281,192,47.08,23.59,0,1130
1520530372.151955,1,274,187,46.65,122.80,1,1128
1520530372.201977,1,257,185,46.93,23.28,0,1128
1520530372.251958,1,256,183,47.10,22.42,0,1128
1520530372.301960,1,257,188,46.89,122.14,1,1097
1520530372.351961,1,253,183,46.79,22.58,0,1097
1520530372.401963,1,252,179,46.90,22.23,0,1097
1520530372.451964,1,257,177,47.07,91.80,1,1055
1520530372.501966,1,257,175,46.88,23.18,0,1055
1520530372.551956,1,261,181,46.73,22.48,0,1055
1520530372.601959,1,260,181,46.57,126.77,1,997
1520530372.651960,1,260,182,46.64,22.83,0,997
1520530372.701961,1,266,191,46.89,23.78,0,997
1520530372.751963,1,262,190,47.23,137.31,1,989
1520530372.801964,1,265,190,48.26,24.30,0,989
1520530372.851966,1,260,188,48.96,23.50,0,989
1520530372.901967,1,251,182,49.55,99.60,1,902
1520530372.951617,1,235,165,37.44,22.51,0,902
1520530373.001619,1,249,172,37.66,21.87,0,902
1520530373.051620,1,243,173,38.08,161.81,1,874
1520530373.101622,1,243,172,38.19,22.39,0,874
1520530373.151624,1,242,172,38.37,21.66,0,874
1520530373.201626,1,243,177,38.78,152.21,1,865
1520530373.251627,1,239,173,38.66,21.90,0,865
1520530373.301630,1,240,177,38.80,21.70,0,865
1520530373.351457,1,227,168,32.52,103.09,1,852
1520530373.401458,1,263,180,32.21,22.78,0,852
1520530373.451460,1,247,175,32.56,22.36,0,852
1520530373.501461,1,276,184,32.63,147.00,1,860
1520530373.551463,1,246,169,33.26,22.83,0,860
1520530373.601465,1,265,172,33.16,22.87,0,860
1520530373.651466,1,246,162,32.41,151.60,1,838
1520530373.701467,1,242,170,31.44,22.43,0,838
1520530373.751469,1,221,163,30.51,20.78,0,838
1520530373.801615,1,199,149,33.41,149.86,1,815
1520530373.851583,1,197,153,33.15,19.10,0,815
1520530373.901585,1,195,155,32.24,18.67,0,815
1520530373.951586,1,300,230,32.23,150.24,1,861
1520530374.001589,1,236,192,32.18,26.03,0,861
1520530374.051589,1,248,194,31.96,22.94,0,861
1520530374.101591,1,235,197,31.83,153.13,1,880
1520530374.151592,1,211,176,31.73,21.71,0,880
1520530374.201953,1,198,150,42.84,19.74,0,880
1520530374.251955,1,189,120,42.34,136.14,1,871
1520530374.301956,1,188,114,41.67,17.63,0,871
1520530374.351958,1,188,115,40.94,17.40,0,871
1520530374.401959,1,181,104,40.50,113.73,1,854
1520530374.451961,1,189,110,40.66,16.98,0,854
1520530374.501962,1,197,110,40.85,16.93,0,854
1520530374.551964,1,188,105,41.00,103.29,1,850
1520530374.602407,1,201,115,53.65,18.33,0,850
1520530374.652408,1,204,111,53.65,17.62,0,850
1520530374.702410,1,204,117,53.57,102.48,1,864
1520530374.752412,1,211,128,53.26,18.79,0,864
1520530374.802413,1,207,132,52.69,18.38,0,864
1520530374.852415,1,203,132,52.30,86.55,1,864
1520530374.902417,1,219,147,52.20,19.35,0,864
1520530374.952418,1,209,154,52.12,20.53,0,864
1520530375.002442,1,211,166,52.79,90.31,1,881
1520530375.052444,1,209,175,53.09,22.08,0,881
1520530375.102445,1,206,180,53.78,21.12,0,881
1520530375.152447,1,208,181,54.38,78.67,1,899
1520530375.202449,1,249,208,54.96,23.05,0,899
1520530375.252454,1,238,199,55.01,24.73,0,899
1520530375.302452,1,257,214,55.51,123.83,1,890
1520530375.352453,1,260,227,55.60,25.12,0,890
1520530375.402252,1,289,252,48.22,26.69,0,890
1520530375.452214,1,257,228,47.70,85.46,1,915
1520530375.502216,1,252,217,47.28,23.92,0,915
1520530375.552217,1,245,206,46.71,24.15,0,915
1520530375.602219,1,241,202,45.49,114.65,1,915
1520530375.652220,1,223,195,44.70,24.14,0,915
1520530375.702222,1,222,194,43.43,22.45,0,915
1520530375.752223,1,218,194,42.64,111.02,1,893
1520530375.802225,1,214,195,41.67,22.38,0,893
1520530375.852258,1,217,193,41.45,21.52,0,893
1520530375.902259,1,210,193,40.89,115.58,1,893
1520530375.952261,1,214,190,40.87,21.46,0,893
1520530376.002263,1,216,182,41.40,20.94,0,893
1520530376.052264,1,226,195,41.69,117.92,1,918
1520530376.102265,1,231,201,42.08,23.07,0,918
1520530376.152267,1,223,197,42.94,22.99,0,918
1520530376.202270,1,222,186,44.50,121.13,1,913
1520530376.251950,1,203,165,37.27,21.67,0,913
1520530376.301951,1,204,160,37.92,20.27,0,913
1520530376.351954,1,205,165,38.05,112.70,1,896
1520530376.401955,1,202,168,38.04,21.37,0,896
1520530376.451957,1,198,165,37.13,20.61,0,896
1520530376.501958,1,198,151,37.45,77.27,1,922
1520530376.551960,1,230,161,38.19,22.37,0,922
1520530376.601961,1,194,139,39.22,22.92,0,922
1520530376.652663,1,202,137,60.23,137.92,1,955
1520530376.702664,1,231,172,60.24,22.42,0,955
1520530376.752666,1,207,161,61.11,21.53,0,955
1520530376.802668,1,169,135,62.03,102.61,1,997
1520530376.852669,1,127,104,63.58,18.61,0,997
1520530376.902671,1,129,107,65.20,15.74,0,997
1520530376.952672,1,123,96,66.88,75.61,1,1008
1520530377.002721,1,133,105,67.87,16.39,0,1008
1520530377.052897,1,139,99,76.18,16.37,0,1008
1520530377.102900,1,133,98,76.35,78.81,1,1036
1520530377.152901,1,146,104,76.26,16.38,0,1036
1520530377.202903,1,129,95,76.14,15.52,0,1036
1520530377.252904,1,151,106,75.53,79.68,1,1054
1520530377.302906,1,159,107,75.22,17.73,0,1054
1520530377.352906,1,166,113,74.75,17.07,0,1054
1520530377.402909,1,174,112,74.37,89.61,1,1067
1520530377.451720,1,113,77,35.77,23.73,0,1067
1520530377.501720,1,140,91,36.27,15.88,0,1067
1520530377.551722,1,90,75,36.43,99.09,1,1092
1520530377.601723,1,76,65,36.43,13.20,0,1092
1520530377.651725,1,83,69,36.81,10.97,0,1092
1520530377.701726,1,92,73,37.09,100.72,1,1078
1520530377.751728,1,79,68,37.48,14.20,0,1078
1520530377.801730,1,83,66,37.83,11.14,0,1078
1520530377.851407,1,73,53,26.75,88.09,1,1079
1520530377.901409,1,77,49,25.96,12.66,0,1079
1520530377.951411,1,73,49,25.62,11.68,0,1079
1520530378.001412,1,71,53,25.34,65.49,1,1065
1520530378.051414,1,77,57,25.04,11.23,0,1065
1520530378.101416,1,78,56,25.68,10.66,0,1065
1520530378.151417,1,87,57,26.24,67.47,1,968
1520530378.201419,1,88,60,26.38,10.90,0,968
1520530378.251420,1,286,206,26.33,22.36,0,968
1520530378.301512,1,227,190,29.33,67.23,1,1058
1520530378.351513,1,185,162,29.34,21.59,0,1058
1520530378.401515,1,172,156,29.39,19.86,0,1058
1520530378.451516,1,175,154,29.47,72.20,1,1068
1520530378.501517,1,163,145,29.56,19.43,0,1068
1520530378.551519,1,150,140,29.60,17.90,0,1068
1520530378.601571,1,159,140,29.56,80.83,1,1079
1520530378.651522,1,154,133,29.44,17.80,0,1079
1520530378.702209,1,163,145,56.33,20.41,0,1079
1520530378.752210,1,143,122,56.71,71.54,1,1101
1520530378.802212,1,143,118,57.20,16.32,0,1101
1520530378.852213,1,136,108,57.75,15.59,0,1101
1520530378.902215,1,136,114,57.91,83.21,1,1091
1520530378.952216,1,145,115,57.91,16.44,0,1091
1520530379.002218,1,147,120,57.91,16.49,0,1091
1520530379.052220,1,156,120,57.83,81.84,1,1101
1520530379.102149,1,141,114,55.15,17.00,0,1101
1520530379.152151,1,138,117,54.70,16.39,0,1101
1520530379.202152,1,137,115,54.57,53.81,1,1100
1520530379.252154,1,176,124,54.45,17.51,0,1100
1520530379.302155,1,188,129,54.21,20.05,0,1100
1520530379.352157,1,231,155,54.00,95.32,1,1127
1520530379.402159,1,260,174,53.74,23.22,0,1127
1520530379.452160,1,225,157,53.60,23.27,0,1127
1520530379.501850,1,161,129,41.82,83.40,1,1109
1520530379.551852,1,208,137,41.98,20.17,0,1109
1520530379.601853,1,177,116,41.87,24.90,0,1109
1520530379.651855,1,142,101,42.32,92.83,1,1103
1520530379.701856,1,136,89,42.11,15.69,0,1103
1520530379.751858,1,113,78,42.29,14.32,0,1103
1520530379.801860,1,120,81,42.14,50.52,1,1111
1520530379.851861,1,146,98,42.14,14.78,0,1111
1520530379.901824,1,149,97,40.87,15.59,0,1111
1520530379.951826,1,130,92,41.46,89.34,1,1098
1520530380.001827,1,173,120,42.11,17.28,0,1098
1520530380.051829,1,164,117,43.00,19.96,0,1098
1520530380.101830,1,154,115,44.01,72.96,1,1100
1520530380.151832,1,187,137,44.45,20.05,0,1100
1520530380.201888,1,300,212,44.99,25.75,0,1100
1520530380.251835,1,286,181,45.48,75.70,1,1141
1520530380.301736,1,277,192,41.05,28.55,0,1141
1520530380.352160,1,164,125,58.12,89.93,1,1123
1520530380.402162,1,195,133,56.60,19.12,0,1123
1520530380.452163,1,176,123,55.51,17.16,0,1123
1520530380.502166,1,179,129,54.77,80.75,1,1134
1520530380.552166,1,135,116,53.96,16.61,0,1134
1520530380.602168,1,128,118,53.28,15.08,0,1134
1520530380.652170,1,126,116,52.91,76.31,1,1120
1520530380.702171,1,121,113,52.77,14.46,0,1120
1520530380.752135,1,130,111,51.12,14.74,0,1120
1520530380.802136,1,151,127,50.94,82.23,1,1163
1520530380.852138,1,147,127,50.37,16.66,0,1163
1520530380.902139,1,147,127,49.63,16.97,0,1163
1520530380.952141,1,146,126,49.12,85.89,1,1137
1520530381.002143,1,160,132,48.32,17.17,0,1137
1520530381.052144,1,190,141,47.86,17.69,0,1137
1520530381.102146,1,183,135,47.29,69.67,1,1116
1520530381.152048,1,197,129,43.07,18.70,0,1116
1520530381.202049,1,214,145,42.21,19.43,0,1116
1520530381.252051,1,201,138,41.69,87.82,1,1125
1520530381.302052,1,193,135,41.38,19.36,0,1125
1520530381.352053,1,185,138,41.44,17.83,0,1125
1520530381.402056,1,188,147,41.58,81.79,1,1116
1520530381.452057,1,179,140,41.70,18.15,0,1116
1520530381.502058,1,179,143,42.09,17.84,0,1116
1520530381.552262,1,189,152,48.43,61.51,1,1105
1520530381.602264,1,184,149,48.71,19.16,0,1105
1520530381.652266,1,242,197,48.84,21.80,0,1105
1520530381.702267,1,255,205,48.99,77.65,1,1116
1520530381.752268,1,235,193,48.97,22.85,0,1116
1520530381.802325,1,214,180,48.74,21.36,0,1116
1520530381.852271,1,212,181,48.89,86.00,1,1120
1520530381.902273,1,206,180,48.70,21.44,0,1120
1520530381.952332,1,214,185,50.52,21.12,0,1120
1520530382.002334,1,229,189,49.74,97.21,1,1138
1520530382.052335,1,240,197,49.45,22.55,0,1138
1520530382.102337,1,249,194,49.27,22.26,0,1138
1520530382.152339,1,277,217,49.12,123.09,1,1176
1520530382.202340,1,272,212,49.66,25.11,0,1176
1520530382.252342,1,293,229,49.80,25.46,0,1176
1520530382.302343,1,287,226,49.80,133.62,1,1201
1520530382.352159,1,300,237,43.76,27.31,0,1201
1520530382.402160,1,286,229,43.67,26.67,0,1201
1520530382.452162,1,279,221,44.01,112.50,1,1109
1520530382.502164,1,271,210,44.19,25.63,0,1109
1520530382.552165,1,256,191,44.95,23.14,0,1109
1520530382.602167,1,237,184,45.86,122.13,1,1095
1520530382.652168,1,267,196,47.19,24.72,0,1095
1520530382.702170,1,244,188,47.31,23.49,0,1095
1520530382.752171,1,227,174,47.47,83.61,1,1099
1520530382.802243,1,235,178,49.47,21.41,0,1099
1520530382.852246,1,258,197,49.55,23.91,0,1099
1520530382.902248,1,258,203,49.46,118.17,1,1142
1520530382.952249,1,259,205,49.37,24.21,0,1142
1520530383.002250,1,257,206,49.04,23.92,0,1142
1520530383.052252,1,260,207,48.57,92.55,1,1077
1520530383.102252,1,253,209,48.23,23.96,0,1077
1520530383.152255,1,251,210,47.68,23.42,0,1077
1520530383.202206,1,263,213,45.72,121.67,1,1076
1520530383.252208,1,257,211,44.91,24.08,0,1076
1520530383.302210,1,300,241,44.65,27.87,0,1076
1520530383.352211,1,300,237,44.20,146.04,1,1110
1520530383.402266,1,300,237,43.75,28.22,0,1110
1520530383.452214,1,274,223,43.48,27.45,0,1110
1520530383.502216,1,267,225,42.60,84.85,1,1092
1520530383.552217,1,300,245,41.87,28.45,0,1092
1520530383.602472,1,282,234,48.32,27.73,0,1092
1520530383.652472,1,272,222,47.67,122.71,1,1128
1520530383.702475,1,300,241,46.73,27.73,0,1128
1520530383.752476,1,295,240,46.23,26.80,0,1128
1520530383.802478,1,292,233,46.24,127.10,1,1141
1520530383.852479,1,300,240,46.54,27.20,0,1141
1520530383.902481,1,298,239,46.16,27.14,0,1141
1520530383.952482,1,297,245,46.05,111.88,1,1164
1520530384.002530,1,300,245,47.47,28.24,0,1164
1520530384.052531,1,300,242,47.34,28.27,0,1164
1520530384.102533,1,252,219,48.14,134.79,1,1174
1520530384.152534,1,239,205,49.26,24.54,0,1174
1520530384.202536,1,220,190,50.94,22.59,0,1174
1520530384.252537,1,209,171,52.09,144.25,1,1159
1520530384.302539,1,182,135,53.33,20.28,0,1159
1520530384.352541,1,174,132,53.93,19.16,0,1159
1520530384.402432,1,163,124,50.47,135.99,1,1102
1520530384.452435,1,161,135,51.06,17.52,0,1102
1520530384.502435,1,142,119,52.97,16.49,0,1102
1520530384.552437,1,141,118,54.46,136.33,1,1114
1520530384.602439,1,168,147,55.98,18.62,0,1114
1520530384.652440,1,158,139,57.72,17.49,0,1114
1520530384.702442,1,154,133,59.24,84.52,1,1102
1520530384.752443,1,172,149,60.55,17.82,0,1102
1520530384.802857,1,208,184,77.79,21.32,0,1102
1520530384.852858,1,203,184,78.83,145.99,1,1145
1520530384.902860,1,180,166,79.37,20.50,0,1145
1520530384.952861,1,178,167,79.40,20.78,0,1145
1520530385.002916,1,252,238,79.50,167.18,1,1210
1520530385.052864,1,204,194,80.30,25.03,0,1210
1520530385.102866,1,205,195,80.66,22.45,0,1210
1520530385.152867,1,214,203,80.86,182.69,1,1245
1520530385.202869,1,195,183,80.70,22.94,0,1245
1520530385.252705,1,300,268,74.32,26.95,0,1245
1520530385.302707,1,300,258,73.50,109.61,1,1317
1520530385.352709,1,264,224,72.92,26.99,0,1317
1520530385.402710,1,234,201,72.11,24.20,0,1317
1520530385.452712,1,215,195,70.72,118.33,1,1293
1520530385.502713,1,207,186,69.07,21.83,0,1293
1520530385.552715,1,214,191,68.17,21.47,0,1293
1520530385.602716,1,196,176,67.60,108.04,1,1309
1520530385.652486,1,192,168,58.36,20.97,0,1309
1520530385.702487,1,173,152,58.08,18.61,0,1309
1520530385.752490,1,185,158,57.97,113.50,1,1336
1520530385.802491,1,172,151,58.18,19.01,0,1336
1520530385.852493,1,158,140,58.03,17.92,0,1336
1520530385.902494,1,159,145,57.54,69.43,1,1297
1520530385.952496,1,211,182,57.31,21.14,0,1297
1520530386.002497,1,188,167,57.05,20.50,0,1297
1520530386.052544,1,181,156,58.21,99.44,1,1341
1520530386.102546,1,224,185,57.83,23.36,0,1341
1520530386.152547,1,189,155,57.57,20.96,0,1341
1520530386.202549,1,187,149,57.26,71.80,1,1332
1520530386.252550,1,177,143,57.11,19.67,0,1332
1520530386.302552,1,166,136,56.91,17.79,0,1332
1520530386.352553,1,167,140,57.06,105.09,1,1296
1520530386.402554,1,158,127,56.84,16.75,0,1296
1520530386.452758,1,145,123,64.30,17.47,0,1296
1520530386.502760,1,141,118,64.37,100.43,1,1272
1520530386.552761,1,134,114,64.46,15.32,0,1272
1520530386.602814,1,136,109,64.79,15.64,0,1272
1520530386.652764,1,129,105,65.05,76.93,1,1273
1520530386.702766,1,140,116,65.05,15.40,0,1273
1520530386.752767,1,132,115,65.41,16.57,0,1273
1520530386.802769,1,142,113,65.68,78.94,1,1279
1520530386.852674,1,139,116,62.33,16.28,0,1279
1520530386.902676,1,134,113,62.74,15.96,0,1279
1520530386.952678,1,135,113,63.10,101.48,1,1275
1520530387.002679,1,136,110,63.68,15.35,0,1275
1520530387.052681,1,136,109,63.76,15.83,0,1275
1520530387.102682,1,141,119,64.35,107.75,1,1268
1520530387.152684,1,159,130,64.90,17.23,0,1268
1520530387.202685,1,151,123,65.31,18.32,0,1268
1520530387.252606,1,162,126,62.97,103.49,1,1278
1520530387.302607,1,161,128,63.45,17.63,0,1278
1520530387.352609,1,143,116,63.76,15.79,0,1278
1520530387.402611,1,174,140,64.08,104.50,1,1295
1520530387.452612,1,157,133,64.50,19.63,0,1295
1520530387.502614,1,140,118,64.43,15.98,0,1295
1520530387.552615,1,120,102,64.71,100.53,1,1227
1520530387.602617,1,110,101,64.25,14.00,0,1227
1520530387.652619,1,109,95,63.64,14.31,0,1227
1520530387.702457,1,91,80,56.37,86.63,1,1188
1520530387.752459,1,95,74,55.24,13.34,0,1188
1520530387.802460,1,130,93,54.07,14.09,0,1188
1520530387.852464,1,101,84,53.80,75.14,1,1149
1520530387.902463,1,108,89,53.41,13.50,0,1149
1520530387.952464,1,97,80,52.88,13.45,0,1149
1520530388.002467,1,107,86,51.97,78.19,1,1139
1520530388.052467,1,87,67,50.84,15.34,0,1139
1520530388.102494,1,88,65,50.91,11.43,0,1139
1520530388.152496,1,97,65,50.74,72.02,1,1101
1520530388.202544,1,106,69,50.05,12.03,0,1101
1520530388.252499,1,115,79,49.53,12.74,0,1101
1520530388.302501,1,118,76,49.06,83.87,1,1073
1520530388.352502,1,121,77,48.75,13.95,0,1073
1520530388.402504,1,120,78,48.63,13.48,0,1073
1520530388.452505,1,133,87,48.15,105.60,1,1084
1520530388.502852,1,267,174,58.73,21.58,0,1084
1520530388.552854,1,234,151,58.66,21.78,0,1084
1520530388.602855,1,231,150,58.70,98.00,1,1142
1520530388.652857,1,227,142,59.00,20.11,0,1142
1520530388.702858,1,232,147,59.51,19.80,0,1142
1520530388.752860,1,300,193,59.85,105.25,1,1199
1520530388.802861,1,257,160,59.82,23.32,0,1199
1520530388.852863,1,232,133,60.01,21.07,0,1199
1520530388.902233,1,141,85,40.16,66.19,1,1180
1520530388.952235,1,138,76,39.96,13.99,0,1180
1520530389.002237,1,137,76,38.95,12.97,0,1180
1520530389.052238,1,132,76,38.20,85.87,1,1126
1520530389.102240,1,151,90,38.06,15.26,0,1126
1520530389.152242,1,152,90,37.47,15.02,0,1126
1520530389.202243,1,209,106,37.23,63.53,1,1052
1520530389.252245,1,214,108,37.11,19.78,0,1052
1520530389.302934,1,200,128,57.91,22.67,0,1052
1520530389.352936,1,182,122,57.83,64.23,1,1025
1520530389.402938,1,165,105,58.00,18.21,0,1025
1520530389.452939,1,154,99,58.15,15.97,0,1025
1520530389.502940,1,143,99,57.83,83.11,1,925
1520530389.552942,1,189,100,57.18,17.57,0,925
1520530389.602943,1,219,112,56.67,19.65,0,925
1520530389.652948,1,182,105,56.41,78.07,1,923
1520530389.702847,1,175,89,53.76,16.75,0,923
1520530389.753403,1,160,79,68.80,16.92,0,923
1520530389.803445,1,158,74,68.52,78.53,1,900
1520530389.853406,1,142,76,68.87,14.64,0,900
1520530389.903408,1,136,88,69.73,14.90,0,900
1520530389.953409,1,182,112,70.60,73.49,1,908
1520530390.003411,1,215,134,71.88,20.59,0,908
1520530390.053412,1,300,207,72.79,26.63,0,908
1520530390.103414,1,231,166,73.73,94.61,1,980
1520530390.152569,1,183,141,47.59,24.55,0,980
1520530390.202569,1,202,161,48.19,20.47,0,980
1520530390.252571,1,244,170,48.42,61.17,1,994
1520530390.302572,1,241,175,48.24,24.55,0,994
1520530390.352574,1,216,162,47.98,23.71,0,994
1520530390.402575,1,206,167,47.43,83.12,1,1019
1520530390.452578,1,214,177,46.84,22.43,0,1019
1520530390.502578,1,218,190,46.42,23.96,0,1019
1520530390.553324,1,218,174,70.54,93.88,1,1076
1520530390.603326,1,202,162,70.54,23.71,0,1076
1520530390.653327,1,284,225,70.81,26.00,0,1076
1520530390.703329,1,235,189,71.86,100.37,1,1148
1520530390.753331,1,219,180,72.36,22.79,0,1148
1520530390.803333,1,252,189,71.81,24.32,0,1148
1520530390.853334,1,239,188,70.91,93.41,1,1176
1520530390.903336,1,226,177,69.59,23.42,0,1176
1520530390.953379,1,229,180,70.20,23.01,0,1176
1520530391.003381,1,223,175,69.09,92.73,1,1195
1520530391.053383,1,252,189,68.71,22.39,0,1195
1520530391.103384,1,249,186,68.26,23.59,0,1195
1520530391.153385,1,300,216,68.15,72.20,1,1232
1520530391.203387,1,300,229,67.74,26.56,0,1232
1520530391.253388,1,300,222,67.60,28.36,0,1232
1520530391.303389,1,300,216,67.18,104.79,1,1244
1520530391.352333,1,229,177,37.43,31.33,0,1244
1520530391.402366,1,245,193,37.23,23.55,0,1244
1520530391.452336,1,227,183,37.67,88.42,1,1282
1520530391.502338,1,254,196,37.59,25.15,0,1282
1520530391.552339,1,225,181,37.85,23.94,0,1282
1520530391.602341,1,219,179,37.95,106.82,1,1289
1520530391.652342,1,213,174,37.70,21.78,0,1289
1520530391.702344,1,213,174,37.27,21.19,0,1289
1520530391.752424,1,217,180,39.12,85.24,1,1315
1520530391.802426,1,288,231,38.67,24.98,0,1315
1520530391.852427,1,300,241,38.37,26.87,0,1315
1520530391.902428,1,300,236,37.83,96.30,1,1379
1520530391.952430,1,300,241,37.76,27.87,0,1379
1520530392.002431,1,279,227,37.66,26.99,0,1379
1520530392.052433,1,267,221,37.66,112.79,1,1395
1520530392.102435,1,300,254,37.44,27.88,0,1395
1520530392.152436,1,300,247,37.12,28.62,0,1395
1520530392.203142,1,260,219,54.19,130.03,1,1484
1520530392.253143,1,246,204,53.49,24.87,0,1484
1520530392.303145,1,246,210,53.58,24.95,0,1484
1520530392.353147,1,258,216,54.00,111.55,1,1544
1520530392.403147,1,288,236,54.51,27.93,0,1544
1520530392.453150,1,281,232,55.08,29.76,0,1544
1520530392.503151,1,300,234,55.63,122.60,1,1598
1520530392.553153,1,300,240,56.18,29.36,0,1598
1520530392.602235,1,293,214,32.59,36.72,0,1598
1520530392.652236,1,256,184,32.28,119.87,1,1659
1520530392.702237,1,274,193,32.50,25.98,0,1659
1520530392.752239,1,229,179,32.19,26.70,0,1659
1520530392.802241,1,207,172,31.75,140.08,1,1632
1520530392.852242,1,218,179,31.61,25.65,0,1632
1520530392.902243,1,212,171,31.63,24.30,0,1632
1520530392.952245,1,189,159,31.75,93.05,1,1641
1520530393.002174,1,183,155,29.18,20.60,0,1641
1520530393.052154,1,202,172,28.44,20.54,0,1641
1520530393.102155,1,198,172,28.04,80.57,1,1684
1520530393.152157,1,206,182,27.80,21.59,0,1684
1520530393.202159,1,204,181,27.14,22.16,0,1684
1520530393.252160,1,219,192,26.60,126.91,1,1742
1520530393.302162,1,233,204,26.51,24.34,0,1742
1520530393.352164,1,230,200,26.27,23.10,0,1742
1520530393.402921,1,300,269,44.69,130.91,1,1835
1520530393.452923,1,300,269,44.48,29.89,0,1835
1520530393.502924,1,300,263,44.53,29.17,0,1835
1520530393.552926,1,300,264,44.53,135.74,1,1841
1520530393.602927,1,300,264,45.48,30.29,0,1841
1520530393.652929,1,300,252,46.61,29.19,0,1841
1520530393.702931,1,266,226,47.73,134.60,1,1890
1520530393.752932,1,260,216,47.68,26.83,0,1890
1520530393.802958,1,255,214,48.07,25.18,0,1890
1520530393.852959,1,296,242,47.59,138.83,1,1958
1520530393.902961,1,292,249,47.55,28.01,0,1958
1520530393.952963,1,293,253,47.22,27.57,0,1958
1520530394.002964,1,300,254,47.00,116.29,1,1968
1520530394.052965,1,296,257,46.84,28.33,0,1968
1520530394.102968,1,300,256,46.55,28.21,0,1968
1520530394.152969,1,290,258,46.16,147.29,1,1960
1520530394.202165,1,202,184,26.33,28.52,0,1960
1520530394.252167,1,222,201,26.13,21.99,0,1960
1520530394.302169,1,210,196,26.04,105.68,1,1934
1520530394.352170,1,231,209,26.13,23.05,0,1934
1520530394.402172,1,214,200,26.06,22.36,0,1934
1520530394.452173,1,218,206,26.06,128.83,1,1891
1520530394.502175,1,222,204,26.25,22.18,0,1891
1520530394.552176,1,232,210,26.61,23.47,0,1891
1520530394.602189,1,232,202,26.58,133.57,1,1884
1520530394.652877,1,298,255,47.71,29.84,0,1884
1520530394.702878,1,299,256,48.94,29.32,0,1884
1520530394.752879,1,300,255,50.01,147.47,1,1902
1520530394.802881,1,300,250,51.08,28.08,0,1902
1520530394.852882,1,300,265,51.82,28.18,0,1902
1520530394.902885,1,285,249,53.20,150.50,1,1877
1520530394.952885,1,300,252,53.78,27.78,0,1877
1520530395.002887,1,297,234,53.54,27.26,0,1877
1520530395.053731,1,300,229,80.74,175.21,1,1878
1520530395.103732,1,300,225,81.49,26.73,0,1878
1520530395.153734,1,300,218,82.19,25.68,0,1878
1520530395.203735,1,300,220,83.48,181.08,1,1882
1520530395.253737,1,300,207,84.74,26.36,0,1882
1520530395.303738,1,300,204,86.37,25.25,0,1882
1520530395.353740,1,300,198,87.49,145.35,1,1837
1520530395.403742,1,300,200,88.31,26.38,0,1837
1520530395.452705,1,295,205,52.65,26.81,0,1837
1520530395.502707,1,297,212,52.90,186.17,1,1879
1520530395.552709,1,277,212,52.90,27.24,0,1879
1520530395.602710,1,300,232,52.59,26.81,0,1879
1520530395.652712,1,300,235,52.41,151.68,1,1863
1520530395.702713,1,300,239,52.19,28.01,0,1863
1520530395.752715,1,298,241,51.60,27.64,0,1863
1520530395.802716,1,291,243,51.37,151.50,1,1837
1520530395.853078,1,300,245,63.89,27.88,0,1837
1520530395.903079,1,300,248,63.66,27.41,0,1837
1520530395.953081,1,300,249,63.01,162.61,1,1826
1520530396.003083,1,300,251,62.48,27.99,0,1826
1520530396.053084,1,300,258,61.73,28.13,0,1826
1520530396.103085,1,300,264,60.83,154.12,1,1771
1520530396.153087,1,300,265,60.04,28.72,0,1771
1520530396.203089,1,299,252,59.90,28.08,0,1771
1520530396.253235,1,281,241,64.77,169.50,1,1780
1520530396.303237,1,300,256,64.75,28.83,0,1780
1520530396.353238,1,300,251,64.52,27.97,0,1780
1520530396.403240,1,260,231,64.39,168.66,1,1723
1520530396.453241,1,263,220,64.34,26.04,0,1723
1520530396.503243,1,246,197,63.87,23.98,0,1723
1520530396.553244,1,260,191,63.38,169.38,1,1702
1520530396.603246,1,239,165,62.81,24.00,0,1702
1520530396.653248,1,241,166,62.15,22.37,0,1702
1520530396.703145,1,231,150,58.37,166.33,1,1652
1520530396.753147,1,225,136,57.99,21.15,0,1652
1520530396.803148,1,223,134,57.61,20.28,0,1652
1520530396.853149,1,219,128,57.36,143.40,1,1593
1520530396.903152,1,234,137,57.01,20.46,0,1593
1520530396.953152,1,213,117,57.37,20.56,0,1593
1520530397.003155,1,202,107,57.90,149.85,1,1541
1520530397.053156,1,184,100,58.47,17.83,0,1541
1520530397.102782,1,151,86,47.85,16.52,0,1541
1520530397.152784,1,155,88,47.56,115.37,1,1483
1520530397.202785,1,247,136,47.56,19.39,0,1483
1520530397.252787,1,206,127,47.33,20.07,0,1483
1520530397.302788,1,246,151,47.24,166.29,1,1477
1520530397.352790,1,212,144,47.14,22.08,0,1477
1520530397.402791,1,199,150,47.30,19.84,0,1477
1520530397.452793,1,258,180,47.57,133.94,1,1468
1520530397.502304,1,173,131,33.13,23.16,0,1468
1520530397.552306,1,176,141,32.95,18.03,0,1468
1520530397.602308,1,172,145,33.02,106.32,1,1392
1520530397.652309,1,170,143,32.95,18.39,0,1392
1520530397.702310,1,193,158,33.33,19.82,0,1392
1520530397.752312,1,199,153,33.19,88.07,1,1392
1520530397.802315,1,204,159,33.70,20.23,0,1392
1520530397.852315,1,198,156,33.59,21.48,0,1392
1520530397.902585,1,192,141,41.89,107.97,1,1366
1520530397.952586,1,192,135,41.32,19.88,0,1366
1520530398.002588,1,231,156,41.15,21.24,0,1366
1520530398.052589,1,266,189,41.46,142.37,1,1366
1520530398.102591,1,262,195,41.72,25.75,0,1366
1520530398.152592,1,294,227,42.12,25.90,0,1366
1520530398.202594,1,292,230,42.31,139.81,1,1428
1520530398.252596,1,300,246,42.66,28.09,0,1428
1520530398.303365,1,290,245,71.02,27.97,0,1428
1520530398.353367,1,279,233,71.97,141.97,1,1455
1520530398.403368,1,252,213,73.25,26.83,0,1455
1520530398.453370,1,203,178,74.85,23.79,0,1455
1520530398.503371,1,199,179,75.79,140.65,1,1437
1520530398.553373,1,209,189,76.48,21.54,0,1437
1520530398.603375,1,203,183,77.15,21.36,0,1437
1520530398.653376,1,218,185,77.25,89.66,1,1449
1520530398.703221,1,194,165,70.95,22.10,0,1449
1520530398.753223,1,197,160,70.07,19.32,0,1449
1520530398.803225,1,241,181,68.88,141.56,1,1449
1520530398.853226,1,212,165,68.08,22.33,0,1449
1520530398.903227,1,201,155,66.83,20.24,0,1449
1520530398.953229,1,206,151,65.58,135.22,1,1394
1520530399.003230,1,195,151,64.21,19.50,0,1394
1520530399.053232,1,187,139,63.47,18.90,0,1394
1520530399.103233,1,193,149,62.73,116.52,1,1396
1520530399.152330,1,161,131,33.01,21.37,0,1396
1520530399.202332,1,151,132,32.60,16.35,0,1396
1520530399.252333,1,148,131,31.63,118.88,1,1381
1520530399.302335,1,144,132,31.27,17.25,0,1381
1520530399.352336,1,150,126,30.90,16.71,0,1381
1520530399.402342,1,138,120,30.08,117.44,1,1371
1520530399.452339,1,141,118,29.61,16.12,0,1371
1520530399.502341,1,155,123,29.19,16.56,0,1371
1520530399.553006,1,170,136,49.52,77.26,1,1402
1520530399.603008,1,151,120,49.54,18.73,0,1402
1520530399.653009,1,172,124,50.17,16.81,0,1402
1520530399.703011,1,165,121,50.64,107.26,1,1366
1520530399.753012,1,163,104,51.15,17.13,0,1366
1520530399.803014,1,157,91,51.70,16.97,0,1366
1520530399.853016,1,153,85,52.50,101.68,1,1316
1520530399.903017,1,143,94,53.46,15.91,0,1316
1520530399.953275,1,204,117,61.78,18.19,0,1316
1520530400.003276,1,175,112,61.78,103.20,1,1327
1520530400.053278,1,175,118,61.53,17.82,0,1327
1520530400.103279,1,149,101,61.12,17.36,0,1327
1520530400.153281,1,254,172,60.49,93.57,1,1375
1520530400.203283,1,210,151,59.90,24.25,0,1375
1520530400.253284,1,251,181,59.51,23.40,0,1375
1520530400.303286,1,228,170,58.57,94.68,1,1401
1520530400.352494,1,128,99,35.62,100.18,1,1370
1520530400.402496,1,197,143,35.35,18.74,0,1370
1520530400.452498,1,200,140,34.97,20.53,0,1370
1520530400.502500,1,166,128,34.63,71.28,1,1416
1520530400.552501,1,153,128,34.00,17.93,0,1416
1520530400.602502,1,145,129,33.74,16.71,0,1416
1520530400.652504,1,145,135,32.82,82.38,1,1408
1520530400.702505,1,145,131,32.44,17.96,0,1408
1520530400.752291,1,181,162,26.26,18.64,0,1408
1520530400.802292,1,167,154,25.86,99.27,1,1415
1520530400.852294,1,165,155,25.26,19.73,0,1415
1520530400.902295,1,201,179,24.98,19.88,0,1415
1520530400.952297,1,229,196,25.23,106.49,1,1456
1520530401.002299,1,265,232,25.51,28.09,0,1456
1520530401.052300,1,229,192,26.16,24.62,0,1456
1520530401.102302,1,300,239,25.84,83.21,1,1536
1520530401.152303,1,235,196,26.13,26.27,0,1536
1520530401.202755,1,230,194,39.36,26.36,0,1536
1520530401.252756,1,300,237,39.98,119.65,1,1648
1520530401.302758,1,243,203,40.49,25.67,0,1648
1520530401.352759,1,218,185,41.90,22.27,0,1648
1520530401.402761,1,211,170,42.70,112.21,1,1660
1520530401.452763,1,195,160,43.53,22.17,0,1660
1520530401.502764,1,187,143,44.17,19.37,0,1660
1520530401.552766,1,179,133,45.04,91.45,1,1646
1520530401.603037,1,156,114,54.45,18.69,0,1646
1520530401.653039,1,171,122,55.48,16.94,0,1646
1520530401.703041,1,163,124,56.33,108.80,1,1632
1520530401.753042,1,154,131,57.33,17.39,0,1632
1520530401.803044,1,152,131,58.10,15.81,0,1632
1520530401.853045,1,155,130,59.17,123.70,1,1633
1520530401.903047,1,144,121,60.79,16.89,0,1633
1520530401.953048,1,145,128,61.76,16.35,0,1633
1520530402.002281,1,115,104,33.15,93.28,1,1628
1520530402.052283,1,118,106,33.20,14.66,0,1628
1520530402.102285,1,121,101,32.99,14.20,0,1628
1520530402.152286,1,124,104,32.52,105.35,1,1610
1520530402.202287,1,119,101,31.82,15.09,0,1610
1520530402.252289,1,116,97,31.57,13.49,0,1610
1520530402.302290,1,110,97,30.92,66.21,1,1526
1520530402.352292,1,99,80,30.59,13.36,0,1526
1520530402.402567,1,103,79,40.62,12.61,0,1526
1520530402.452569,1,134,96,40.16,100.34,1,1490
1520530402.502570,1,110,76,39.56,16.69,0,1490
1520530402.552572,1,184,136,39.57,17.80,0,1490
1520530402.602574,1,126,99,39.33,83.03,1,1459
1520530402.652672,1,128,106,39.72,16.88,0,1459
1520530402.702577,1,124,106,39.44,14.11,0,1459
1520530402.752578,1,122,102,39.59,88.97,1,1462
1520530402.803416,1,275,224,70.88,25.65,0,1462
1520530402.853417,1,262,199,70.43,28.28,0,1462
1520530402.903419,1,165,131,69.49,74.41,1,1490
1520530402.953420,1,139,105,68.51,17.71,0,1490
1520530403.003422,1,125,99,67.88,15.17,0,1490
1520530403.053424,1,112,89,67.07,63.10,1,1453
1520530403.103425,1,131,89,66.06,15.64,0,1453
1520530403.153427,1,113,91,64.92,15.39,0,1453
1520530403.202933,1,220,117,49.61,94.28,1,1457
1520530403.252935,1,130,98,49.89,84.91,1,1433
1520530403.302936,1,110,91,50.53,15.65,0,1433
1520530403.352938,1,102,81,50.98,12.90,0,1433
1520530403.402940,1,160,94,51.54,87.21,1,1397
1520530403.452941,1,108,84,52.37,19.50,0,1397
1520530403.502943,1,137,91,52.91,15.23,0,1397
1520530403.552945,1,149,97,53.99,113.16,1,1407
1520530403.602946,1,121,84,54.68,20.72,0,1407
1520530403.652254,1,113,70,29.90,16.95,0,1407
1520530403.702256,1,95,69,29.61,59.48,1,1452
1520530403.752257,1,90,76,28.94,12.94,0,1452
1520530403.802258,1,93,78,28.55,11.54,0,1452
1520530403.852261,1,106,88,28.37,77.31,1,1424
1520530403.902261,1,103,79,27.80,12.78,0,1424
1520530403.952263,1,106,82,27.54,12.38,0,1424
1520530404.002264,1,93,77,27.58,74.05,1,1402
1520530404.052744,1,108,98,46.90,16.69,0,1402
1520530404.102747,1,143,126,46.60,16.73,0,1402
1520530404.152748,1,139,114,46.31,78.53,1,1445
1520530404.202749,1,146,125,45.61,16.86,0,1445
1520530404.252828,1,145,132,45.66,17.13,0,1445
1520530404.302752,1,145,132,45.77,113.89,1,1434
1520530404.352753,1,145,125,46.75,16.46,0,1434
1520530404.402755,1,144,118,47.77,16.02,0,1434
1520530404.453112,1,144,130,62.99,105.42,1,1386
1520530404.503114,1,152,136,63.63,16.62,0,1386
1520530404.553115,1,171,157,64.16,17.80,0,1386
1520530404.603117,1,185,171,64.54,63.46,1,1364
1520530404.653119,1,188,172,64.90,20.57,0,1364
1520530404.703120,1,187,175,65.25,20.03,0,1364
1520530404.753122,1,184,167,65.48,93.76,1,1331
1520530404.803123,1,173,159,65.32,19.68,0,1331
1520530404.852642,1,136,127,46.11,18.79,0,1331
1520530404.902643,1,136,124,45.80,79.43,1,1326
1520530404.952645,1,145,132,46.01,16.16,0,1326
1520530405.002647,1,142,127,45.95,15.68,0,1326
1520530405.052648,1,131,124,46.01,61.15,1,1283
1520530405.102650,1,129,114,46.27,15.19,0,1283
1520530405.152651,1,122,111,46.24,14.27,0,1283
1520530405.202653,1,108,100,46.25,83.77,1,1211
1520530405.252327,1,91,84,32.33,13.59,0,1211
1520530405.302330,1,89,79,31.76,11.30,0,1211
1520530405.352331,1,81,70,31.92,77.00,1,1104
1520530405.402333,1,76,65,31.56,11.12,0,1104
1520530405.452334,1,72,55,31.37,9.81,0,1104
1520530405.502335,1,68,50,31.21,76.20,1,982
1520530405.552337,1,102,73,30.26,11.16,0,982
1520530405.602339,1,96,73,29.35,13.15,0,982
1520530405.652792,1,66,58,47.38,71.19,1,990
1520530405.702792,1,60,49,46.03,10.51,0,990
1520530405.752795,1,72,56,44.68,10.92,0,990
1520530405.802797,1,93,73,43.97,50.99,1,977
1520530405.852855,1,90,73,43.11,14.37,0,977
1520530405.902800,1,148,118,42.44,16.93,0,977
1520530405.952801,1,300,248,42.15,96.98,1,1127
1520530406.002802,1,300,248,41.92,29.81,0,1127
1520530406.052804,1,258,224,42.07,27.08,0,1127
1520530406.103570,1,244,216,69.98,97.96,1,1162
1520530406.153571,1,205,181,70.34,23.53,0,1162
1520530406.203573,1,157,135,70.88,20.45,0,1162
1520530406.253574,1,125,109,71.82,58.75,1,1155
1520530406.303576,1,113,104,73.07,15.95,0,1155
1520530406.353577,1,106,96,73.94,12.96,0,1155
1520530406.403578,1,112,98,74.33,82.33,1,1152
1520530406.453581,1,114,98,74.62,14.90,0,1152
1520530406.503485,1,117,95,71.86,13.75,0,1152
1520530406.553487,1,147,106,72.93,65.83,1,1151
1520530406.603489,1,142,99,74.02,17.99,0,1151
1520530406.653490,1,139,97,75.76,16.89,0,1151
1520530406.703492,1,99,87,77.03,56.59,1,1109
1520530406.753493,1,91,82,78.28,12.92,0,1109
1520530406.803495,1,124,102,79.49,13.80,0,1109
1520530406.853497,1,88,81,80.28,81.27,1,1084
1520530406.902692,1,71,66,46.22,12.17,0,1084
1520530406.952693,1,73,48,46.11,10.29,0,1084
1520530407.002694,1,63,50,46.17,77.95,1,1055
1520530407.052696,1,54,38,46.08,12.16,0,1055
1520530407.102698,1,79,44,45.93,11.79,0,1055
1520530407.152699,1,72,49,45.40,84.14,1,1010
1520530407.202701,1,76,61,45.13,11.52,0,1010
1520530407.252702,1,86,70,43.94,11.26,0,1010
1520530407.303185,1,89,73,63.22,72.78,1,1053
1520530407.353185,1,91,75,61.73,13.22,0,1053
1520530407.403187,1,133,94,60.51,13.62,0,1053
1520530407.453221,1,172,115,60.01,88.09,1,1052
1520530407.503190,1,128,111,59.03,17.92,0,1052
1520530407.553191,1,160,128,58.11,17.76,0,1052
1520530407.603193,1,146,128,56.79,73.57,1,1080
1520530407.653194,1,155,132,56.06,17.88,0,1080
1520530407.703510,1,171,139,66.35,18.23,0,1080
1520530407.753511,1,181,143,66.05,93.81,1,1088
1520530407.803513,1,230,166,65.42,22.91,0,1088
1520530407.853514,1,220,148,65.14,21.79,0,1088
1520530407.903516,1,214,154,65.23,79.48,1,1114
1520530407.953518,1,210,160,65.25,20.89,0,1114
1520530408.003519,1,204,159,64.46,20.16,0,1114
1520530408.053521,1,222,175,63.25,93.57,1,1144
1520530408.103522,1,205,166,62.13,21.49,0,1144
1520530408.153603,1,221,170,63.76,21.56,0,1144
1520530408.203605,1,228,182,62.93,73.02,1,1189
1520530408.253606,1,227,180,62.14,22.64,0,1189
1520530408.303608,1,244,206,61.36,24.12,0,1189
1520530408.353609,1,296,255,60.29,89.22,1,1242
1520530408.403612,1,298,252,59.27,27.71,0,1242
1520530408.453613,1,300,258,58.48,29.38,0,1242
1520530408.503614,1,300,269,57.50,94.39,1,1270
1520530408.553374,1,278,256,50.23,28.44,0,1270
1520530408.603376,1,284,254,49.60,27.44,0,1270
1520530408.653377,1,300,261,49.13,108.19,1,1307
1520530408.703379,1,299,263,48.85,28.75,0,1307
1520530408.753380,1,300,264,48.54,27.76,0,1307
1520530408.803382,1,300,265,48.58,97.90,1,1291
1520530408.853383,1,300,259,48.20,28.20,0,1291
1520530408.903385,1,300,266,47.78,28.38,0,1291
1520530408.952878,1,286,238,34.63,81.94,1,1355
1520530409.002880,1,300,236,34.55,27.70,0,1355
1520530409.052890,1,257,206,34.54,26.64,0,1355
1520530409.102883,1,300,216,34.58,133.33,1,1387
1520530409.152884,1,256,191,34.98,26.53,0,1387
1520530409.202886,1,227,172,35.72,25.01,0,1387
1520530409.252887,1,231,168,35.96,85.99,1,1406
1520530409.302889,1,244,183,36.99,24.07,0,1406
1520530409.352902,1,214,166,38.11,24.42,0,1406
1520530409.402904,1,180,143,38.50,71.08,1,1433
1520530409.452906,1,172,140,38.54,18.98,0,1433
1520530409.502907,1,300,222,39.21,25.29,0,1433
1520530409.552909,1,212,182,39.92,110.39,1,1493
1520530409.602910,1,199,165,40.77,21.32,0,1493
1520530409.652912,1,216,177,41.61,21.72,0,1493
1520530409.702913,1,202,158,42.30,114.44,1,1508
1520530409.752654,1,183,138,33.91,21.81,0,1508
1520530409.802656,1,183,133,34.61,18.32,0,1508
1520530409.852657,1,180,134,34.80,106.23,1,1499
1520530409.902659,1,178,134,34.65,18.83,0,1499
1520530409.952660,1,181,128,33.50,17.51,0,1499
1520530410.002662,1,175,134,33.05,86.62,1,1503
1520530410.052664,1,178,145,33.05,20.02,0,1503
1520530410.102666,1,201,170,33.19,20.71,0,1503
1520530410.153222,1,198,167,53.32,94.75,1,1361
1520530410.203225,1,183,156,53.52,20.42,0,1361
1520530410.253226,1,175,156,53.58,19.96,0,1361
1520530410.303227,1,199,174,53.42,103.99,1,1350
1520530410.353231,1,185,165,53.14,21.31,0,1350
1520530410.403230,1,225,194,53.16,22.49,0,1350
1520530410.453231,1,222,190,53.45,101.60,1,1372
1520530410.503232,1,236,205,53.85,24.90,0,1372
1520530410.553234,1,205,186,54.57,22.16,0,1372
1520530410.603875,1,202,179,78.95,85.55,1,1390
1520530410.653876,1,186,165,80.37,21.06,0,1390
1520530410.703878,1,187,163,81.45,19.43,0,1390
1520530410.753879,1,230,197,82.02,90.42,1,1408
1520530410.803881,1,248,212,82.48,24.46,0,1408
1520530410.853882,1,232,203,83.02,24.04,0,1408
1520530410.903884,1,235,199,83.67,118.50,1,1429
1520530410.953885,1,271,227,83.94,25.87,0,1429
1520530411.003418,1,198,176,66.50,23.48,0,1429
1520530411.053420,1,187,167,66.48,78.81,1,1429
1520530411.103421,1,184,164,66.31,20.19,0,1429
1520530411.153423,1,269,206,65.94,24.24,0,1429
1520530411.203424,1,295,229,65.49,106.24,1,1492
1520530411.253426,1,300,224,64.76,27.26,0,1492
1520530411.303427,1,261,211,63.53,26.62,0,1492
1520530411.353429,1,236,200,62.57,148.22,1,1487
1520530411.403009,1,224,182,46.29,23.15,0,1487
1520530411.453010,1,208,182,45.67,20.95,0,1487
1520530411.503012,1,218,188,45.37,130.40,1,1471
1520530411.553013,1,214,192,45.05,22.20,0,1471
1520530411.603015,1,203,184,45.08,22.06,0,1471
1520530411.653017,1,206,182,44.91,134.19,1,1430
1520530411.703018,1,214,182,44.54,22.25,0,1430
1520530411.753020,1,230,189,43.90,22.05,0,1430
1520530411.802906,1,216,165,39.83,103.68,1,1413
1520530411.852907,1,223,158,39.80,21.44,0,1413
1520530411.902908,1,225,155,39.57,21.34,0,1413
1520530411.952911,1,214,150,39.18,127.88,1,1403
1520530412.002912,1,202,151,38.45,19.94,0,1403
1520530412.052913,1,188,137,38.19,18.40,0,1403
1520530412.102915,1,168,129,38.50,143.08,1,1372
1520530412.152916,1,182,136,38.32,18.52,0,1372
1520530412.203416,1,225,175,55.44,21.95,0,1372
1520530412.253417,1,188,153,55.34,116.52,1,1395
1520530412.303419,1,191,151,54.78,20.12,0,1395
1520530412.353420,1,189,159,53.88,19.11,0,1395
1520530412.403422,1,181,154,53.09,111.65,1,1363
1520530412.453423,1,189,164,51.65,20.31,0,1363
1520530412.503425,1,195,168,50.30,21.00,0,1363
1520530412.553426,1,182,148,49.50,112.67,1,1295
1520530412.603428,1,182,157,48.92,20.78,0,1295
1520530412.653630,1,184,164,54.18,18.51,0,1295
1520530412.703631,1,210,173,53.92,94.03,1,1292
1520530412.753633,1,205,171,53.76,25.10,0,1292
1520530412.803634,1,283,216,53.62,24.60,0,1292
1520530412.853636,1,300,228,53.66,90.81,1,1323
1520530412.903637,1,300,228,53.51,31.40,0,1323
1520530412.953639,1,300,225,53.49,28.81,0,1323
1520530413.003641,1,268,206,53.63,88.63,1,1352
1520530413.053009,1,251,177,37.01,33.62,0,1352
1520530413.103011,1,244,179,37.64,24.62,0,1352
1520530413.153012,1,193,158,38.52,118.37,1,1339
1520530413.203014,1,184,145,39.36,21.38,0,1339
1520530413.253016,1,180,141,40.64,21.88,0,1339
1520530413.303017,1,179,139,41.65,124.39,1,1331
1520530413.353019,1,169,126,42.50,19.18,0,1331
1520530413.403021,1,187,150,43.14,19.61,0,1331
1520530413.452940,1,173,134,40.42,115.31,1,1339
1520530413.502941,1,176,134,41.07,18.55,0,1339
1520530413.552943,1,210,151,41.19,19.86,0,1339
1520530413.602944,1,203,147,41.09,114.73,1,1341
1520530413.652946,1,189,139,40.34,19.94,0,1341
1520530413.702947,1,186,135,39.12,18.41,0,1341
1520530413.752949,1,184,137,38.84,108.29,1,1296
1520530413.802951,1,176,135,39.32,18.66,0,1296
1520530413.853107,1,180,141,45.47,18.29,0,1296
1520530413.903189,1,187,143,46.03,105.95,1,1291
1520530413.953110,1,180,139,46.55,18.28,0,1291
1520530414.003112,1,197,153,46.70,18.91,0,1291
1520530414.053113,1,189,150,46.29,100.53,1,1274
1520530414.103115,1,188,155,46.25,19.31,0,1274
1520530414.153116,1,200,157,45.93,19.73,0,1274
1520530414.203118,1,192,156,45.45,75.55,1,1280
1520530414.252894,1,175,150,37.66,19.92,0,1280
1520530414.302895,1,185,151,37.25,18.20,0,1280
1520530414.352898,1,192,153,36.89,94.51,1,1242
1520530414.402899,1,206,157,36.56,20.02,0,1242
1520530414.452900,1,202,159,36.29,19.92,0,1242
1520530414.502902,1,202,164,35.49,101.02,1,1219
1520530414.552903,1,200,169,35.21,20.33,0,1219
1520530414.602905,1,201,169,34.94,19.80,0,1219
1520530414.652705,1,191,157,28.01,96.36,1,1183
1520530414.702707,1,186,154,28.05,19.20,0,1183
1520530414.752708,1,185,153,28.00,18.96,0,1183
1520530414.802710,1,187,151,28.41,89.42,1,1162
1520530414.852712,1,170,146,28.75,18.56,0,1162
1520530414.902714,1,157,142,28.81,17.73,0,1162
1520530414.952715,1,172,145,28.95,100.50,1,1137
1520530415.002717,1,181,147,28.77,18.43,0,1137
1520530415.052718,1,167,134,28.72,17.77,0,1137
1520530415.103195,1,170,137,43.61,102.36,1,1143
1520530415.153197,1,207,154,43.49,19.54,0,1143
1520530415.203199,1,193,145,43.77,19.51,0,1143
1520530415.253200,1,191,148,43.64,103.67,1,1152
1520530415.303202,1,222,156,43.61,19.80,0,1152
1520530415.353203,1,300,201,43.87,24.38,0,1152
1520530415.403205,1,262,179,43.54,81.10,1,1131
1520530415.453206,1,300,199,43.46,25.24,0,1131
1520530415.503115,1,266,193,38.83,24.94,0,1131
1520530415.553069,1,246,179,38.55,123.07,1,1140
1520530415.603071,1,260,174,38.67,22.67,0,1140
1520530415.653072,1,278,185,38.31,23.61,0,1140
1520530415.703074,1,274,170,38.30,129.25,1,1144
1520530415.753075,1,300,182,38.05,24.83,0,1144
1520530415.803077,1,280,173,37.51,24.14,0,1144
1520530415.853079,1,275,166,37.50,132.97,1,1148
1520530415.903361,1,225,136,45.72,23.43,0,1148
1520530415.953363,1,215,132,45.56,20.05,0,1148
1520530416.003364,1,211,127,45.51,82.21,1,1127
1520530416.053366,1,207,123,45.56,21.50,0,1127
1520530416.103368,1,215,118,45.69,18.12,0,1127
1520530416.153369,1,215,116,46.10,150.18,1,1105
1520530416.203371,1,222,118,46.47,19.31,0,1105
1520530416.253372,1,225,120,46.54,18.31,0,1105
1520530416.303375,1,300,135,46.81,118.94,1,1115
1520530416.353376,1,300,133,46.77,23.26,0,1115
1520530416.403378,1,300,133,46.91,22.90,0,1115
1520530416.453380,1,297,141,47.45,139.95,1,1094
1520530416.503381,1,288,146,47.68,24.40,0,1094
1520530416.553383,1,268,144,47.81,23.50,0,1094
1520530416.603384,1,255,155,47.82,122.11,1,1063
1520530416.653386,1,239,158,48.04,21.75,0,1063
1520530416.703272,1,211,147,44.72,20.28,0,1063
1520530416.753274,1,238,167,44.81,122.15,1,1066
1520530416.803277,1,225,173,44.81,22.39,0,1066
1520530416.853277,1,257,204,44.95,23.37,0,1066
1520530416.903278,1,258,209,44.81,95.63,1,1066
1520530416.953280,1,240,201,44.87,24.56,0,1066
1520530417.003283,1,243,199,44.76,24.01,0,1066
1520530417.053283,1,230,188,45.32,153.07,1,1007
1520530417.103391,1,242,193,48.24,22.66,0,1007
1520530417.153371,1,244,196,48.46,23.09,0,1007
1520530417.203373,1,256,195,48.89,118.61,1,994
1520530417.253374,1,274,197,49.49,23.60,0,994
1520530417.303376,1,275,204,49.43,24.26,0,994
1520530417.353378,1,292,216,49.61,120.61,1,966
1520530417.403379,1,300,227,49.63,26.30,0,966
1520530417.453381,1,300,224,49.50,25.80,0,966
1520530417.503382,1,291,221,49.48,139.37,1,936
1520530417.553464,1,286,211,52.30,24.99,0,936
1520530417.603466,1,280,210,52.14,24.58,0,936
1520530417.653467,1,274,211,51.84,137.30,1,902
1520530417.703468,1,263,201,51.66,25.18,0,902
1520530417.753470,1,250,205,51.48,23.70,0,902
1520530417.803472,1,246,204,51.38,129.87,1,876
1520530417.853473,1,243,200,51.44,23.41,0,876
1520530417.903476,1,237,194,51.02,22.63,0,876
1520530417.953456,1,230,193,49.99,139.88,1,870
1520530418.003458,1,229,195,50.16,22.94,0,870
1520530418.053458,1,233,198,50.06,23.09,0,870
1520530418.103461,1,233,192,49.69,124.87,1,868
1520530418.153462,1,251,206,49.84,24.83,0,868
1520530418.203465,1,300,237,49.83,26.71,0,868
1520530418.253466,1,261,219,49.88,108.12,1,910
1520530418.303468,1,300,238,49.59,26.31,0,910
1520530418.353431,1,299,236,48.70,26.73,0,910
1520530418.403432,1,282,230,48.62,214.65,1,926
1520530418.453434,1,290,230,48.68,26.05,0,926
1520530418.503435,1,288,228,48.51,25.51,0,926
1520530418.553437,1,300,233,48.54,162.89,1,931
1520530418.603439,1,300,230,48.22,26.67,0,931
1520530418.653440,1,300,231,48.22,27.61,0,931
1520530418.703442,1,273,210,48.16,164.84,1,943
1520530418.753343,1,249,196,44.98,23.91,0,943
1520530418.803345,1,262,199,44.95,24.07,0,943
1520530418.853346,1,256,212,44.94,116.83,1,958
1520530418.903348,1,248,216,44.78,24.31,0,958
1520530418.953350,1,224,201,44.98,23.73,0,958
1520530419.003351,1,216,193,44.84,118.68,1,965
1520530419.053353,1,216,190,45.03,21.42,0,965
1520530419.103354,1,222,195,45.47,23.20,0,965
1520530419.153533,1,300,247,51.51,125.92,1,1046
1520530419.203534,1,255,221,51.93,27.23,0,1046
1520530419.253536,1,271,223,52.09,25.12,0,1046
1520530419.303537,1,260,218,52.13,121.29,1,1067
1520530419.353539,1,266,215,52.33,24.87,0,1067
1520530419.403541,1,263,209,51.90,24.16,0,1067
1520530419.453542,1,267,216,51.84,149.15,1,1065
1520530419.503544,1,269,216,51.64,24.81,0,1065
1520530419.553545,1,300,237,51.87,26.07,0,1065
1520530419.603729,1,290,231,57.59,120.14,1,1034
1520530419.653731,1,300,238,57.50,26.79,0,1034
1520530419.703733,1,295,242,57.26,26.74,0,1034
1520530419.753734,1,290,238,57.43,146.44,1,1020
1520530419.803736,1,291,243,57.72,27.11,0,1020
1520530419.853739,1,282,241,57.19,26.06,0,1020
1520530419.903739,1,275,238,56.88,145.76,1,1014
1520530419.953740,1,263,230,56.43,26.38,0,1014
1520530420.003597,1,242,203,51.40,24.82,0,1014
1520530420.053598,1,226,204,50.72,123.67,1,1028
1520530420.103600,1,227,201,49.99,23.73,0,1028
1520530420.153602,1,202,180,49.37,23.48,0,1028
1520530420.203604,1,199,176,49.35,143.81,1,1042
1520530420.253605,1,216,181,49.68,22.95,0,1042
1520530420.303607,1,201,175,50.05,21.41,0,1042
1520530420.353608,1,201,176,50.39,166.50,1,1054
1520530420.403699,1,194,173,53.14,21.09,0,1054
1520530420.453700,1,199,176,53.39,20.07,0,1054
1520530420.503702,1,202,177,53.42,114.87,1,1016
1520530420.553704,1,204,172,53.24,19.92,0,1016
1520530420.603705,1,201,173,53.54,19.44,0,1016
1520530420.653707,1,260,210,53.54,171.43,1,1066
1520530420.703708,1,264,215,53.57,24.11,0,1066
1520530420.753710,1,245,207,53.58,24.32,0,1066
1520530420.803356,1,210,174,42.59,189.29,1,1090
1520530420.853358,1,202,175,42.69,20.61,0,1090
1520530420.903359,1,208,179,42.20,20.28,0,1090
1520530420.953361,1,198,179,41.93,150.69,1,1053
1520530421.003363,1,184,170,41.59,22.05,0,1053
1520530421.053364,1,211,184,41.03,20.81,0,1053
1520530421.103366,1,192,178,40.42,205.61,1,1027
1520530421.153367,1,184,172,40.01,19.54,0,1027
1520530421.203429,1,181,168,41.30,19.71,0,1027
1520530421.253431,1,190,174,41.11,100.16,1,1016
1520530421.303432,1,200,183,41.11,20.34,0,1016
1520530421.353434,1,199,177,40.97,20.92,0,1016
1520530421.403435,1,264,221,41.60,146.65,1,1066
1520530421.453437,1,281,229,41.97,26.56,0,1066
1520530421.503439,1,296,246,42.53,29.67,0,1066
1520530421.553440,1,271,230,43.36,153.34,1,1129
1520530421.603611,1,248,212,48.79,26.50,0,1129
1520530421.653613,1,257,215,49.15,23.83,0,1129
1520530421.703614,1,254,209,49.45,110.16,1,1168
1520530421.753616,1,260,205,49.34,24.17,0,1168
1520530421.803617,1,266,218,49.13,24.29,0,1168
1520530421.853618,1,282,231,48.96,155.11,1,1210
1520530421.903620,1,300,238,48.80,26.38,0,1210
1520530421.953693,1,300,242,48.50,26.78,0,1210
1520530422.003623,1,292,236,47.97,110.48,1,1208
1520530422.053472,1,268,228,43.30,27.02,0,1208
1520530422.103474,1,271,230,42.82,25.48,0,1208
1520530422.153476,1,270,226,42.38,142.74,1,1221
1520530422.203477,1,270,226,42.12,25.93,0,1221
1520530422.253479,1,252,216,41.43,25.99,0,1221
1520530422.303480,1,246,212,41.04,131.01,1,1227
1520530422.353482,1,248,217,40.54,24.86,0,1227
1520530422.403483,1,237,206,39.56,23.53,0,1227
1520530422.453394,1,247,218,36.66,106.33,1,1217
1520530422.503396,1,245,217,35.82,24.24,0,1217
1520530422.553397,1,241,213,35.88,24.21,0,1217
1520530422.603400,1,238,218,36.14,148.19,1,1229
1520530422.653401,1,222,209,36.88,23.25,0,1229
1520530422.703403,1,216,204,37.32,23.30,0,1229
1520530422.753404,1,216,203,38.07,148.52,1,1251
1520530422.803406,1,290,249,38.62,26.43,0,1251
1520530422.853580,1,281,237,44.01,26.33,0,1251
1520530422.903583,1,286,236,44.16,142.21,1,1281
1520530422.953585,1,281,238,44.36,26.80,0,1281
1520530423.003587,1,276,235,43.82,25.73,0,1281
1520530423.053587,1,267,230,43.61,138.49,1,1288
1520530423.103590,1,300,253,43.27,27.35,0,1288
1520530423.153590,1,300,259,42.97,28.46,0,1288
1520530423.203592,1,271,234,42.86,139.76,1,1325
1520530423.253316,1,203,173,35.19,24.54,0,1325
1520530423.303317,1,231,194,34.96,22.84,0,1325
1520530423.353319,1,229,190,34.98,145.52,1,1290
1520530423.403322,1,269,219,35.09,26.91,0,1290
1520530423.453322,1,230,198,35.22,24.29,0,1290
1520530423.503324,1,257,214,35.04,136.79,1,1298
1520530423.553359,1,232,206,35.12,24.99,0,1298
1520530423.603327,1,216,190,35.12,22.70,0,1298
1520530423.652983,1,162,144,26.21,146.97,1,1280
1520530423.702985,1,160,146,26.22,18.73,0,1280
1520530423.752986,1,237,204,25.69,21.93,0,1280
1520530423.802988,1,204,182,25.68,147.30,1,1312
1520530423.852990,1,214,190,25.46,22.25,0,1312
1520530423.902991,1,213,187,25.12,21.35,0,1312
1520530423.952993,1,205,180,24.81,129.90,1,1325
1520530424.002995,1,198,172,24.79,20.80,0,1325
1520530424.052950,1,184,160,24.04,21.78,0,1325
1520530424.103253,1,171,150,33.17,113.14,1,1348
1520530424.153255,1,201,172,33.15,21.31,0,1348
1520530424.203257,1,215,180,33.10,21.30,0,1348
1520530424.253258,1,230,188,33.28,171.57,1,1359
1520530424.303260,1,233,196,33.45,22.30,0,1359
1520530424.353261,1,221,194,33.63,22.16,0,1359
1520530424.403263,1,215,185,33.93,132.17,1,1353
1520530424.453264,1,219,190,33.48,22.42,0,1353
1520530424.504722,1,230,204,75.84,24.40,0,1353
1520530424.554724,1,256,227,75.85,110.45,1,1407
1520530424.604726,1,283,253,75.78,26.79,0,1407
1520530424.654727,1,286,263,75.50,27.92,0,1407
1520530424.704729,1,296,265,75.41,158.29,1,1446
1520530424.754730,1,300,269,75.43,28.05,0,1446
1520530424.804732,1,300,270,75.83,26.94,0,1446
1520530424.854733,1,300,269,76.68,125.57,1,1416
1520530424.903374,1,204,179,39.17,31.07,0,1416
1520530424.953377,1,209,188,39.69,21.62,0,1416
1520530425.003378,1,208,186,39.20,112.69,1,1439
1520530425.053379,1,216,192,38.94,22.61,0,1439
1520530425.103381,1,210,189,38.75,21.29,0,1439
1520530425.153383,1,262,220,38.77,145.20,1,1477
1520530425.203384,1,250,209,38.59,24.14,0,1477
1520530425.253385,1,245,200,38.17,23.29,0,1477
1520530425.303732,1,239,202,48.11,159.09,1,1478
1520530425.353734,1,242,205,47.82,23.49,0,1478
1520530425.403735,1,245,200,47.50,22.47,0,1478
1520530425.453737,1,248,200,47.64,126.79,1,1475
1520530425.503738,1,244,195,47.44,22.90,0,1475
1520530425.553740,1,244,202,47.91,22.81,0,1475
1520530425.603741,1,239,202,48.76,187.86,1,1393
1520530425.653743,1,241,211,49.48,23.81,0,1393
1520530425.703675,1,232,211,48.58,23.19,0,1393
1520530425.753677,1,233,211,49.03,128.34,1,1332
1520530425.803679,1,300,245,49.56,26.86,0,1332
1520530425.853680,1,284,220,50.81,26.63,0,1332
1520530425.903682,1,279,199,51.20,162.72,1,1344
1520530425.953682,1,300,206,51.54,25.57,0,1344
1520530426.003685,1,291,203,52.04,24.71,0,1344
1520530426.053685,1,297,209,51.91,149.20,1,1324
1520530426.103474,1,278,199,44.63,25.35,0,1324
1520530426.153475,1,277,211,44.07,24.83,0,1324
1520530426.203478,1,263,221,42.76,174.35,1,1332
1520530426.253478,1,253,215,41.59,25.09,0,1332
1520530426.303480,1,272,229,41.14,24.63,0,1332
1520530426.353482,1,251,219,41.22,134.92,1,1352
1520530426.403483,1,255,200,41.16,24.68,0,1352
1520530426.453484,1,230,166,40.88,21.72,0,1352
1520530426.503486,1,214,135,40.77,151.86,1,1349
1520530426.553551,1,224,135,42.04,19.54,0,1349
1520530426.603553,1,225,137,42.16,19.25,0,1349
1520530426.653554,1,237,155,42.25,203.29,1,1325
1520530426.703556,1,255,180,43.04,22.89,0,1325
1520530426.753558,1,238,191,43.06,23.32,0,1325
1520530426.803559,1,262,216,43.26,182.78,1,1336
1520530426.853560,1,257,211,43.30,25.09,0,1336
1520530426.903562,1,252,200,43.94,23.15,0,1336
1520530426.953598,1,257,195,45.73,182.35,1,1352
1520530427.003600,1,262,182,46.70,22.85,0,1352
1520530427.053602,1,272,178,47.25,22.82,0,1352
1520530427.103602,1,274,169,47.86,193.18,1,1328
1520530427.153605,1,278,154,48.32,22.51,0,1328
1520530427.203605,1,276,153,48.47,22.80,0,1328
1520530427.253608,1,252,153,49.20,147.16,1,1342
1520530427.303609,1,258,159,49.46,21.56,0,1342
1520530427.353592,1,237,153,49.02,21.77,0,1342
1520530427.403594,1,207,153,49.50,156.58,1,1283
1520530427.453595,1,208,157,49.90,20.64,0,1283
1520530427.503597,1,200,154,50.39,19.96,0,1283
1520530427.553598,1,204,156,50.44,141.23,1,1216
1520530427.603601,1,300,235,50.58,25.08,0,1216
1520530427.653601,1,300,236,50.38,27.15,0,1216
1520530427.703604,1,300,239,49.97,167.29,1,1231
1520530427.753678,1,286,234,52.17,27.25,0,1231
1520530427.803679,1,278,228,51.58,25.83,0,1231
1520530427.853681,1,281,233,51.25,135.20,1,1216
1520530427.903682,1,279,221,51.19,26.35,0,1216
1520530427.953684,1,255,203,50.61,25.57,0,1216
1520530428.003686,1,225,167,50.12,118.16,1,1182
1520530428.053687,1,207,154,49.87,20.71,0,1182
1520530428.103692,1,190,149,48.68,19.00,0,1182
1520530428.153535,1,172,141,42.97,110.29,1,1182
1520530428.203537,1,159,131,41.82,17.69,0,1182
1520530428.253538,1,166,127,41.11,17.19,0,1182
1520530428.303540,1,148,94,40.53,91.23,1,1183
1520530428.353542,1,129,78,40.08,15.12,0,1183
1520530428.403618,1,117,65,40.58,13.59,0,1183
1520530428.453544,1,118,66,41.32,101.03,1,1142
1520530428.503546,1,130,69,42.29,13.31,0,1142
1520530428.553451,1,118,70,39.24,14.37,0,1142
1520530428.603452,1,111,75,39.73,111.57,1,1159
1520530428.653454,1,103,75,40.26,12.94,0,1159
1520530428.703455,1,93,71,40.92,11.92,0,1159
1520530428.753457,1,96,74,41.59,76.30,1,1078
1520530428.803458,1,86,72,42.41,12.36,0,1078
1520530428.853460,1,74,66,42.74,10.98,0,1078
1520530428.903461,1,67,64,43.15,107.88,1,1016
1520530428.953463,1,63,60,43.96,10.92,0,1016
1520530429.003444,1,73,60,43.24,9.76,0,1016
1520530429.053445,1,70,60,43.61,60.64,1,1018
1520530429.103447,1,67,55,43.84,11.63,0,1018
1520530429.153448,1,70,61,44.83,9.82,0,1018
1520530429.203450,1,68,61,44.76,52.86,1,967
1520530429.253451,1,65,62,45.39,10.30,0,967
1520530429.303453,1,83,66,45.81,10.75,0,967
1520530429.353455,1,88,63,46.05,94.42,1,948
1520530429.403551,1,84,61,49.82,12.22,0,948
1520530429.453553,1,91,75,49.61,11.85,0,948
1520530429.503555,1,100,83,49.58,52.05,1,981
1520530429.553556,1,107,95,49.81,13.19,0,981
1520530429.603558,1,119,101,49.34,14.58,0,981
1520530429.653558,1,117,106,49.20,55.93,1,993
1520530429.703560,1,167,142,49.15,16.99,0,993
1520530429.753561,1,150,138,49.00,17.12,0,993
1520530429.803622,1,159,145,50.58,60.80,1,1031
1520530429.853626,1,166,151,50.29,18.24,0,1031
1520530429.903625,1,169,159,50.11,18.81,0,1031
1520530429.953626,1,171,156,49.45,86.02,1,1025
1520530430.003663,1,173,159,49.00,18.49,0,1025
1520530430.053629,1,177,158,48.44,18.44,0,1025
1520530430.103631,1,178,155,47.72,83.91,1,979
1520530430.153632,1,188,138,46.81,18.39,0,979
1520530430.203344,1,161,110,36.57,17.72,0,979
1520530430.253346,1,153,108,36.39,100.66,1,977
1520530430.303347,1,145,103,36.13,15.87,0,977
1520530430.353349,1,147,106,35.63,14.46,0,977
1520530430.403350,1,144,106,34.50,55.52,1,982
1520530430.453352,1,157,118,33.46,16.33,0,982
1520530430.503353,1,157,128,33.01,16.49,0,982
1520530430.553355,1,149,123,31.90,73.57,1,980
1520530430.603527,1,147,125,36.06,16.48,0,980
1520530430.653528,1,194,167,35.01,19.31,0,980
1520530430.703530,1,221,194,34.39,79.99,1,1063
1520530430.753532,1,229,195,33.84,23.00,0,1063
1520530430.803533,1,300,245,33.22,25.86,0,1063
1520530430.853534,1,267,221,33.16,90.40,1,1100
1520530430.903536,1,245,216,33.13,24.19,0,1100
1520530430.953538,1,230,198,33.90,22.74,0,1100
1520530431.003696,1,219,183,38.71,75.23,1,1067
1520530431.053698,1,207,174,39.05,21.33,0,1067
1520530431.103700,1,200,160,39.20,19.32,0,1067
1520530431.153701,1,206,154,39.76,59.83,1,1040
1520530431.203703,1,185,135,41.22,21.42,0,1040
1520530431.253704,1,166,127,42.57,18.52,0,1040
1520530431.303706,1,148,110,43.31,63.11,1,1014
1520530431.353708,1,134,90,44.00,16.21,0,1014
1520530431.403709,1,119,74,45.00,12.92,0,1014
1520530431.453562,1,98,63,40.87,73.96,1,998
1520530431.503564,1,79,62,41.49,12.27,0,998
1520530431.553565,1,85,60,42.53,11.24,0,998
1520530431.603567,1,78,64,42.78,68.09,1,1004
1520530431.653568,1,68,55,43.83,11.26,0,1004
1520530431.703570,1,69,52,44.46,10.48,0,1004
1520530431.753571,1,80,65,44.36,57.67,1,1001
1520530431.803573,1,102,78,44.23,11.98,0,1001
1520530431.853524,1,103,75,42.46,12.02,0,1001
1520530431.903526,1,117,97,42.50,53.59,1,963
1520530431.953527,1,127,109,43.24,14.58,0,963
1520530432.003528,1,118,104,43.55,15.22,0,963
1520530432.053531,1,131,103,44.07,82.06,1,994
1520530432.103532,1,136,107,44.26,15.38,0,994
1520530432.153533,1,141,111,44.39,16.88,0,994
1520530432.203536,1,129,115,44.54,82.88,1,994
1520530432.253696,1,135,107,51.09,14.59,0,994
1520530432.303698,1,134,114,50.45,15.42,0,994
1520530432.353700,1,139,120,48.94,65.77,1,993
1520530432.403701,1,147,125,48.18,16.16,0,993
1520530432.453702,1,151,126,47.26,16.46,0,993
1520530432.503704,1,151,124,46.38,60.77,1,988
1520530432.553705,1,155,124,45.46,17.01,0,988
1520530432.603708,1,168,119,44.57,16.01,0,988
1520530432.653548,1,159,107,38.50,73.90,1,989
1520530432.703550,1,152,110,37.73,16.41,0,989
1520530432.753551,1,159,121,36.80,15.93,0,989
1520530432.803553,1,162,124,35.99,76.18,1,999
1520530432.853554,1,173,131,36.00,17.77,0,999
1520530432.903556,1,167,135,35.87,17.32,0,999
1520530432.953557,1,164,139,35.08,81.58,1,1027
1520530433.003559,1,168,136,33.99,18.72,0,1027
1520530433.053690,1,210,172,36.68,20.35,0,1027
1520530433.103692,1,225,187,35.70,79.50,1,1123
1520530433.153693,1,231,194,34.54,23.17,0,1123
1520530433.203694,1,300,261,33.87,26.75,0,1123
1520530433.253695,1,300,267,33.59,102.57,1,1235
1520530433.303697,1,300,270,33.72,28.81,0,1235
1520530433.353699,1,298,269,34.09,27.86,0,1235
1520530433.403701,1,271,251,34.67,91.11,1,1275
1520530433.453702,1,255,233,35.61,24.89,0,1275
1520530433.503793,1,252,228,38.85,24.26,0,1275
1520530433.553795,1,246,213,39.96,93.31,1,1252
1520530433.603796,1,257,220,40.74,24.21,0,1252
1520530433.653798,1,239,203,41.46,23.34,0,1252
1520530433.703799,1,227,185,42.10,70.77,1,1214
1520530433.753802,1,218,171,42.75,21.63,0,1214
1520530433.803803,1,227,177,43.03,21.08,0,1214
1520530433.853804,1,204,149,42.44,107.66,1,1201
1520530433.903630,1,169,122,37.64,18.87,0,1201
1520530433.953632,1,175,120,38.21,16.77,0,1201
1520530434.003634,1,161,108,38.87,94.98,1,1170
1520530434.053635,1,152,93,39.29,16.11,0,1170
1520530434.103637,1,135,84,40.08,14.07,0,1170
1520530434.153638,1,115,77,40.27,83.57,1,1158
1520530434.203640,1,94,77,40.12,14.34,0,1158
1520530434.253642,1,95,77,40.52,11.28,0,1158
1520530434.303478,1,82,63,35.79,96.25,1,1143
1520530434.353481,1,69,57,36.53,10.50,0,1143
1520530434.403481,1,67,59,36.96,9.32,0,1143
1520530434.453483,1,73,56,37.47,63.86,1,1129
1520530434.503485,1,78,64,37.65,10.89,0,1129
1520530434.553486,1,78,56,37.42,12.23,0,1129
1520530434.603488,1,84,68,37.62,72.95,1,1127
1520530434.653489,1,102,79,37.63,13.26,0,1127
1520530434.703656,1,144,109,43.68,15.55,0,1127
1520530434.753658,1,141,105,43.95,89.93,1,1153
1520530434.803658,1,112,102,44.72,15.62,0,1153
1520530434.853723,1,100,97,45.01,12.76,0,1153
1520530434.903661,1,162,133,44.51,67.44,1,1119
1520530434.953662,1,127,121,43.77,17.68,0,1119
1520530435.003665,1,216,198,43.49,21.47,0,1119
1520530435.053667,1,201,190,43.55,81.17,1,1158
1520530435.103796,1,196,189,49.16,21.82,0,1158
1520530435.153798,1,204,188,49.61,20.98,0,1158
1520530435.203799,1,204,192,50.15,65.38,1,1166
1520530435.253802,1,202,188,49.52,21.41,0,1166
1520530435.303802,1,210,193,49.17,21.45,0,1166
1520530435.353804,1,210,192,48.84,66.81,1,1174
1520530435.403806,1,208,182,48.30,21.26,0,1174
1520530435.453807,1,217,175,47.76,20.75,0,1174
1520530435.504086,1,221,172,56.90,82.89,1,1187
1520530435.554088,1,204,149,56.29,20.34,0,1187
1520530435.604089,1,193,148,55.14,19.39,0,1187
1520530435.654091,1,215,168,53.71,87.16,1,1222
1520530435.704092,1,216,163,52.83,21.59,0,1222
1520530435.754094,1,215,169,52.03,20.55,0,1222
1520530435.804096,1,224,181,51.66,89.15,1,1273
1520530435.854097,1,300,241,51.15,27.21,0,1273
1520530435.904099,1,254,214,51.25,25.24,0,1273
1520530435.953835,1,232,189,42.61,85.70,1,1322
1520530436.003837,1,222,165,42.28,21.58,0,1322
1520530436.053838,1,200,150,41.54,19.62,0,1322
1520530436.103839,1,187,130,41.05,82.79,1,1292
1520530436.153841,1,173,110,40.58,16.67,0,1292
1520530436.203843,1,193,117,40.19,17.65,0,1292
1520530436.253844,1,187,101,40.18,79.23,1,1275
1520530436.303846,1,196,99,40.05,17.81,0,1275
1520530436.353955,1,179,91,43.99,16.70,0,1275
1520530436.403958,1,202,97,44.16,80.37,1,1269
1520530436.453978,1,194,97,44.34,18.34,0,1269
1520530436.503960,1,245,120,44.84,19.82,0,1269
1520530436.553962,1,235,117,45.33,96.02,1,1284
1520530436.603963,1,300,133,45.40,23.05,0,1284
1520530436.653965,1,275,134,45.88,22.86,0,1284
1520530436.703966,1,300,144,46.01,106.43,1,1298
1520530436.754031,1,300,158,47.85,25.80,0,1298
1520530436.804032,1,235,160,47.92,24.02,0,1298
1520530436.854034,1,198,122,47.81,82.00,1,1290
1520530436.904035,1,171,99,48.10,18.28,0,1290
1520530436.954037,1,138,84,48.09,16.10,0,1290
1520530437.004039,1,140,93,47.49,69.75,1,1279
1520530437.054040,1,155,116,46.97,17.15,0,1279
1520530437.104042,1,157,118,46.41,17.23,0,1279
1520530437.153533,1,125,102,31.02,97.37,1,1271
1520530437.203536,1,134,115,31.24,14.71,0,1271
1520530437.253536,1,146,118,31.68,15.06,0,1271
1520530437.303538,1,143,125,31.99,94.06,1,1200
1520530437.353539,1,148,132,31.65,16.78,0,1200
1520530437.403543,1,158,133,30.91,18.03,0,1200
1520530437.453544,1,163,127,30.78,102.90,1,1144
1520530437.503545,1,169,131,30.57,18.53,0,1144
1520530437.553870,1,205,154,41.24,19.90,0,1144
1520530437.603872,1,202,151,41.41,65.65,1,1168
1520530437.653873,1,194,148,42.29,20.22,0,1168
1520530437.703875,1,194,138,42.68,20.06,0,1168
1520530437.753876,1,196,135,42.92,76.55,1,1189
1520530437.803878,1,179,125,44.40,19.24,0,1189
1520530437.853879,1,158,126,46.46,18.38,0,1189
1520530437.903881,1,159,136,47.31,98.97,1,1217
1520530437.954482,1,151,134,68.48,17.89,0,1217
1520530438.004481,1,148,132,68.08,17.12,0,1217
1520530438.054484,1,176,147,68.18,110.69,1,1235
1520530438.104484,1,180,152,67.93,19.74,0,1235
1520530438.154486,1,184,152,66.71,18.60,0,1235
1520530438.204487,1,188,148,65.86,98.19,1,1230
1520530438.254489,1,189,147,65.06,18.90,0,1230
1520530438.304490,1,192,148,64.69,18.41,0,1230
1520530438.354492,1,196,160,64.34,96.43,1,1255
1520530438.403621,1,169,146,34.42,22.93,0,1255
1520530438.453623,1,157,139,33.56,17.01,0,1255
1520530438.503624,1,161,141,32.32,95.72,1,1303
1520530438.553626,1,154,123,31.33,17.79,0,1303
1520530438.603628,1,163,129,30.19,17.53,0,1303
1520530438.653629,1,196,161,29.36,110.57,1,1367
1520530438.703631,1,186,155,29.02,19.36,0,1367
1520530438.753632,1,180,154,28.98,19.09,0,1367
1520530438.804389,1,190,173,49.80,111.71,1,1386
1520530438.854392,1,212,192,49.64,21.39,0,1386
1520530438.904392,1,217,195,49.26,21.94,0,1386
1520530438.954394,1,224,203,49.42,156.02,1,1376
1520530439.004395,1,264,236,49.45,24.65,0,1376
1520530439.054397,1,283,255,49.72,26.21,0,1376
1520530439.104398,1,300,270,49.38,128.79,1,1391
1520530439.154401,1,300,265,49.15,28.05,0,1391
1520530439.204654,1,298,265,55.34,27.97,0,1391
1520530439.254655,1,294,271,54.53,111.87,1,1322
1520530439.304657,1,300,275,54.22,28.31,0,1322
1520530439.354659,1,300,277,54.09,27.96,0,1322
1520530439.404660,1,300,274,53.67,117.77,1,1313
1520530439.454661,1,300,279,53.40,28.07,0,1313
1520530439.504663,1,300,279,53.12,27.84,0,1313
1520530439.554665,1,300,279,52.80,117.73,1,1282
1520530439.604177,1,300,272,41.14,29.47,0,1282
1520530439.654178,1,300,271,41.26,27.25,0,1282
1520530439.704263,1,300,272,41.41,121.74,1,1280
1520530439.754182,1,298,271,41.85,28.72,0,1280
1520530439.804183,1,282,262,42.72,27.46,0,1280
1520530439.854185,1,271,245,42.90,114.52,1,1249
1520530439.904186,1,267,238,43.31,26.10,0,1249
1520530439.954188,1,300,260,43.94,27.73,0,1249
1520530440.004099,1,266,234,41.78,108.26,1,1221
1520530440.054101,1,264,228,42.16,25.05,0,1221
1520530440.104102,1,249,219,42.39,24.09,0,1221
1520530440.154104,1,257,222,42.43,115.62,1,1181
1520530440.204106,1,261,221,42.52,24.42,0,1181
1520530440.254107,1,260,222,42.43,24.62,0,1181
1520530440.304109,1,249,208,42.30,119.66,1,1178
1520530440.354110,1,259,213,42.31,23.83,0,1178
1520530440.404112,1,244,197,43.14,22.89,0,1178
1520530440.453977,1,213,166,39.40,114.04,1,1176
1520530440.503979,1,283,198,39.61,24.39,0,1176
1520530440.553980,1,256,183,39.92,23.82,0,1176
1520530440.603981,1,256,187,40.49,131.03,1,1193
1520530440.653984,1,251,178,41.09,22.85,0,1193
1520530440.703986,1,238,171,41.23,21.65,0,1193
1520530440.753987,1,300,208,41.77,123.06,1,1221
1520530440.803989,1,300,209,41.94,26.47,0,1221
1520530440.853871,1,237,168,38.51,23.85,0,1221
1520530440.903872,1,216,162,38.64,135.73,1,1212
1520530440.953874,1,207,156,38.60,19.79,0,1212
1520530441.003875,1,197,150,38.83,19.01,0,1212
1520530441.053876,1,181,140,39.12,158.78,1,1214
1520530441.103878,1,164,133,39.36,17.03,0,1214
1520530441.153883,1,152,133,39.58,16.46,0,1214
1520530441.203881,1,147,123,40.07,121.05,1,1180
1520530441.253889,1,139,120,40.75,15.29,0,1180
1520530441.303927,1,122,101,41.58,14.36,0,1180
1520530441.353892,1,121,100,42.21,122.15,1,1146
1520530441.403893,1,105,91,42.81,13.84,0,1146
1520530441.453895,1,100,87,42.57,12.85,0,1146
1520530441.503896,1,105,83,42.70,117.30,1,1123
1520530441.553898,1,118,91,42.58,13.18,0,1123
1520530441.603899,1,124,90,42.81,13.64,0,1123
1520530441.654083,1,137,99,49.05,134.32,1,1102
1520530441.704084,1,165,121,48.97,15.94,0,1102
1520530441.754086,1,160,125,49.14,18.14,0,1102
1520530441.804088,1,150,120,49.54,133.62,1,1067
1520530441.854089,1,157,122,49.43,16.42,0,1067
1520530441.904091,1,149,113,49.49,15.66,0,1067
1520530441.954092,1,139,101,49.58,116.21,1,1029
1520530442.004094,1,140,103,49.60,14.82,0,1029
1520530442.054029,1,127,98,47.32,15.06,0,1029
1520530442.104032,1,126,100,47.61,118.27,1,1006
1520530442.154034,1,159,122,47.35,16.30,0,1006
1520530442.204035,1,143,118,47.33,16.07,0,1006
1520530442.254038,1,125,110,47.07,100.09,1,987
1520530442.304038,1,104,94,46.82,14.60,0,987
1520530442.354040,1,94,89,46.26,12.43,0,987
1520530442.404042,1,98,89,46.34,125.20,1,966
1520530442.453714,1,74,61,35.37,12.47,0,966
1520530442.503716,1,84,62,35.05,10.85,0,966
1520530442.553716,1,78,60,34.21,74.10,1,939
1520530442.603719,1,74,54,32.81,11.46,0,939
1520530442.653721,1,79,55,31.90,9.69,0,939
1520530442.703722,1,89,60,31.06,112.73,1,898
1520530442.753723,1,130,84,30.23,14.20,0,898
1520530442.803725,1,118,84,29.34,13.28,0,898
1520530442.853726,1,122,84,29.08,76.73,1,862
1520530442.904376,1,152,112,47.78,15.70,0,862
1520530442.954377,1,164,127,47.47,17.46,0,862
1520530443.004380,1,171,132,47.25,73.04,1,896
1520530443.054381,1,300,221,46.95,25.23,0,896
1520530443.104383,1,232,175,47.07,24.39,0,896
1520530443.154384,1,221,180,47.13,68.60,1,922
1520530443.204385,1,219,183,47.31,22.55,0,922
1520530443.254387,1,212,177,47.07,21.29,0,922
1520530443.304466,1,211,177,49.19,92.14,1,880
1520530443.354468,1,229,186,49.01,22.19,0,880
1520530443.404470,1,234,187,49.02,21.75,0,880
1520530443.454471,1,232,187,49.29,92.74,1,862
1520530443.504473,1,225,179,49.46,21.94,0,862
1520530443.554475,1,214,177,49.73,20.77,0,862
1520530443.604476,1,299,204,50.13,97.49,1,889
1520530443.654478,1,286,193,50.52,26.57,0,889
1520530443.704013,1,185,135,37.15,23.05,0,889
1520530443.754014,1,275,172,37.59,108.77,1,943
1520530443.804016,1,232,158,37.61,23.60,0,943
1520530443.854018,1,209,148,37.91,21.50,0,943
1520530443.904020,1,199,132,38.67,104.32,1,931
1520530443.954022,1,189,112,39.20,18.29,0,931
1520530444.004023,1,178,108,39.58,18.05,0,931
1520530444.054024,1,165,98,39.45,92.73,1,923
1520530444.104403,1,159,104,51.43,17.94,0,923
1520530444.154404,1,130,102,51.20,14.90,0,923
1520530444.204406,1,129,102,50.73,91.59,1,915
1520530444.254406,1,119,96,51.04,14.64,0,915
1520530444.304409,1,300,263,51.28,25.54,0,915
1520530444.354410,1,252,221,51.72,73.08,1,1048
1520530444.404411,1,221,203,51.60,24.72,0,1048
1520530444.454414,1,207,188,51.77,22.38,0,1048
1520530444.505162,1,184,173,78.34,86.07,1,1051
1520530444.555264,1,196,172,78.53,20.87,0,1051
1520530444.605164,1,198,169,79.30,21.64,0,1051
1520530444.655166,1,184,159,79.67,89.43,1,1062
1520530444.705167,1,177,151,80.35,19.66,0,1062
1520530444.755169,1,160,132,80.91,18.94,0,1062
1520530444.805171,1,146,113,81.76,93.25,1,1016
1520530444.855172,1,135,113,82.79,17.88,0,1016
1520530444.905173,1,123,103,84.13,15.65,0,1016
1520530444.954962,1,100,88,77.68,85.39,1,984
1520530445.004964,1,93,80,78.63,12.51,0,984
1520530445.054965,1,89,73,79.41,12.07,0,984
1520530445.104967,1,134,100,78.93,52.04,1,994
1520530445.154968,1,114,98,78.35,14.66,0,994
1520530445.204970,1,190,138,77.31,18.44,0,994
1520530445.254972,1,136,122,76.33,75.90,1,1033
1520530445.304973,1,127,117,75.68,16.10,0,1033
1520530445.353892,1,82,70,36.92,13.75,0,1033
1520530445.403894,1,82,68,36.46,69.63,1,1041
1520530445.453896,1,88,68,35.93,11.45,0,1041
1520530445.503898,1,96,71,35.48,11.27,0,1041
1520530445.553899,1,110,75,34.99,74.12,1,1056
1520530445.603900,1,113,75,34.53,12.53,0,1056
1520530445.653902,1,135,79,33.94,13.92,0,1056
1520530445.703904,1,125,80,33.12,79.29,1,1080
1520530445.753751,1,125,74,27.72,14.75,0,1080
1520530445.803752,1,111,76,27.84,13.52,0,1080
1520530445.853755,1,123,84,27.17,77.64,1,1068
1520530445.903755,1,129,94,26.80,14.78,0,1068
1520530445.953756,1,136,110,26.70,15.33,0,1068
1520530446.003759,1,138,106,26.90,84.93,1,1085
1520530446.053761,1,150,127,27.19,16.03,0,1085
1520530446.103762,1,168,146,27.33,17.79,0,1085
1520530446.154954,1,173,150,65.49,89.97,1,1152
1520530446.204900,1,257,235,65.77,23.99,0,1152
1520530446.254902,1,216,199,65.97,23.17,0,1152
1520530446.304903,1,223,193,65.74,67.52,1,1218
1520530446.354905,1,201,174,65.24,20.94,0,1218
1520530446.404906,1,198,174,64.62,19.43,0,1218
1520530446.454908,1,218,193,64.05,93.57,1,1225
1520530446.504909,1,214,190,63.58,21.93,0,1225
1520530446.554783,1,208,188,58.92,21.69,0,1225
1520530446.604785,1,212,193,58.19,95.77,1,1237
1520530446.654786,1,207,190,57.59,21.32,0,1237
1520530446.704788,1,207,184,57.06,20.97,0,1237
1520530446.754789,1,235,196,56.68,100.12,1,1269
1520530446.804791,1,223,188,56.59,21.90,0,1269
1520530446.854792,1,217,185,56.24,22.13,0,1269
1520530446.904794,1,215,180,56.63,101.36,1,1278
1520530446.954330,1,219,169,43.80,22.90,0,1278
1520530447.004332,1,198,158,44.29,21.11,0,1278
1520530447.054334,1,200,158,44.35,70.23,1,1265
1520530447.104335,1,211,159,44.76,21.12,0,1265
1520530447.154337,1,201,135,45.06,19.16,0,1265
1520530447.204338,1,187,120,44.96,99.79,1,1212
1520530447.254340,1,185,123,44.85,17.34,0,1212
1520530447.304342,1,176,118,45.26,17.68,0,1212
1520530447.354343,1,160,112,45.65,95.95,1,1159
1520530447.404124,1,151,107,39.02,16.31,0,1159
1520530447.454125,1,144,100,39.33,14.46,0,1159
1520530447.504127,1,145,98,40.00,92.78,1,1153
1520530447.554128,1,198,137,40.18,17.65,0,1153
1520530447.604130,1,182,129,40.40,18.77,0,1153
1520530447.654131,1,171,121,40.59,90.37,1,1189
1520530447.704133,1,170,118,40.65,16.77,0,1189
1520530447.754142,1,151,110,40.72,16.46,0,1189
1520530447.804072,1,155,109,38.71,92.29,1,1163
1520530447.854074,1,150,106,38.95,15.41,0,1163
1520530447.904075,1,164,111,38.58,15.96,0,1163
1520530447.954077,1,157,107,38.53,76.08,1,1107
1520530448.004078,1,154,107,38.56,15.91,0,1107
1520530448.054080,1,171,115,38.66,15.28,0,1107
1520530448.104081,1,170,114,38.66,87.82,1,1100
1520530448.154083,1,189,123,38.78,16.44,0,1100
1520530448.203885,1,146,103,31.86,16.00,0,1100
1520530448.253886,1,148,103,32.24,87.73,1,1105
1520530448.303888,1,168,118,32.26,15.33,0,1105
1520530448.353889,1,168,118,32.21,15.10,0,1105
1520530448.403891,1,164,111,32.07,78.38,1,1092
1520530448.453892,1,158,110,31.96,15.71,0,1092
1520530448.503894,1,164,115,32.04,14.74,0,1092
1520530448.553895,1,165,116,31.85,62.57,1,957
1520530448.603930,1,178,123,33.22,17.02,0,957
1520530448.653932,1,192,127,33.05,16.97,0,957
1520530448.703934,1,192,134,33.12,85.36,1,957
1520530448.753935,1,202,134,33.15,18.28,0,957
1520530448.803937,1,203,132,33.38,17.78,0,957
1520530448.853939,1,204,133,33.25,105.39,1,938
1520530448.903940,1,206,136,33.21,18.81,0,938
1520530448.953942,1,203,137,33.28,18.04,0,938
1520530449.003905,1,198,131,31.84,127.01,1,918
1520530449.053906,1,197,135,32.07,17.61,0,918
1520530449.103908,1,204,134,32.05,17.91,0,918
1520530449.153910,1,205,137,31.81,114.46,1,909
1520530449.203911,1,203,141,32.05,20.75,0,909
