ply
format ascii 1.0
element vertex 8512
property float x
property float y
property float z
property uchar red
property uchar green
property uchar blue
end_header
0.0866 -0.0101 0.0296 80 200 120
0.1387 0.0223 0.0080 80 200 120
0.0900 -0.0115 0.0235 80 200 120
0.1748 0.0350 -0.0147 80 200 120
0.0848 -0.0107 0.0299 80 200 120
0.0831 -0.0227 0.0287 80 200 120
0.0979 -0.0245 0.0289 80 200 120
0.6523 -0.1691 -0.1738 80 200 120
4.6136 -3.1516 1.5801 80 200 120
0.1195 -0.0148 0.0018 80 200 120
0.0852 -0.0350 0.0269 80 200 120
0.0967 -0.0177 0.0187 80 200 120
0.0749 -0.0054 0.0295 80 200 120
3.6571 2.9281 -1.1614 80 200 120
0.0833 -0.0181 0.0286 80 200 120
2.3254 0.3285 -0.3408 80 200 120
0.2983 0.0750 0.0477 80 200 120
2.4886 0.7724 1.0941 80 200 120
0.1093 -0.0106 0.0218 80 200 120
2.9140 3.1425 1.5666 80 200 120
4.7533 -2.8581 0.9360 80 200 120
2.5109 0.4244 1.1951 80 200 120
4.3921 3.0276 1.4961 80 200 120
0.1000 -0.0230 0.0156 80 200 120
4.8023 -1.5262 1.5476 80 200 120
0.1408 0.0708 -0.0001 80 200 120
4.8066 2.1598 1.6333 80 200 120
0.0887 -0.0089 0.0302 80 200 120
2.0333 -0.3712 -0.2688 80 200 120
4.9213 -0.7617 1.4464 80 200 120
0.0912 -0.0064 0.0203 80 200 120
0.0822 -0.0118 0.0264 80 200 120
3.3536 3.1869 0.2465 80 200 120
0.0909 -0.0093 0.0204 80 200 120
3.0262 3.3260 -0.0178 80 200 120
0.0811 0.0047 0.0267 80 200 120
3.9583 3.3446 0.1170 80 200 120
4.7186 -0.5710 0.2574 80 200 120
3.0924 3.1887 0.6863 80 200 120
2.5373 0.4388 0.7811 80 200 120
0.0821 0.0111 0.0267 80 200 120
3.3912 0.2133 -0.2874 80 200 120
0.0754 -0.0020 0.0283 80 200 120
0.2531 0.0247 0.0174 80 200 120
2.2574 0.5688 1.6326 80 200 120
0.2671 0.1137 0.0204 80 200 120
0.0852 -0.0040 0.0320 80 200 120
0.0923 0.0107 0.0265 80 200 120
0.2175 0.1117 0.0445 80 200 120
4.8922 3.3808 -0.5542 80 200 120
4.7975 -2.0398 0.7682 80 200 120
0.5310 0.3110 -0.1890 80 200 120
0.0800 -0.0085 0.0277 80 200 120
0.0849 -0.0068 0.0255 80 200 120
4.3923 -0.2586 1.4655 80 200 120
0.0751 0.0010 0.0285 80 200 120
4.6031 2.9852 0.8771 80 200 120
3.1685 2.0115 -0.8599 80 200 120
4.7343 -1.1024 1.5658 80 200 120
2.5073 0.7149 1.4670 80 200 120
0.0975 -0.0201 0.0207 80 200 120
0.1458 -0.0609 0.0527 80 200 120
0.0835 -0.0079 0.0278 80 200 120
3.1206 0.1096 1.6065 80 200 120
0.0934 0.0066 0.0178 80 200 120
4.6987 -0.4728 0.7433 80 200 120
0.0986 -0.0268 0.0183 80 200 120
0.0844 -0.0257 0.0253 80 200 120
2.9632 2.4622 1.7141 80 200 120
2.5753 0.7729 0.6589 80 200 120
3.7087 -1.0038 1.7084 80 200 120
0.0882 0.0161 0.0279 80 200 120
0.0961 -0.0179 0.0268 80 200 120
0.4192 -0.3830 -0.1051 80 200 120
2.1176 3.3912 1.2467 80 200 120
4.8953 2.0425 0.9086 80 200 120
3.8609 3.1024 1.4601 80 200 120
2.4083 1.3430 -1.0118 80 200 120
2.9276 0.9709 -0.2668 80 200 120
3.1397 -0.3313 -0.2818 80 200 120
0.2133 -0.1546 0.0988 80 200 120
0.0928 0.0718 0.0501 80 200 120
2.0492 3.1169 1.5804 80 200 120
0.0925 0.0036 0.0440 80 200 120
4.6148 -0.2210 0.1220 80 200 120
1.4735 2.6149 1.7052 80 200 120
0.2025 -0.1392 0.1133 80 200 120
3.8726 1.6205 1.7367 80 200 120
0.2609 0.1081 -0.0327 80 200 120
3.5147 -0.3383 1.6942 80 200 120
0.0952 -0.0113 0.0381 80 200 120
2.5021 -0.4265 1.6860 80 200 120
0.0809 0.0027 0.0285 80 200 120
0.4616 1.6175 1.5757 80 200 120
0.0771 0.0084 0.0275 80 200 120
3.0303 3.2826 -0.3442 80 200 120
0.0801 -0.0046 0.0344 80 200 120
0.1501 0.0004 0.0500 80 200 120
1.5009 -0.2333 -0.4731 80 200 120
0.1072 0.0075 0.0151 80 200 120
0.1244 -0.0831 0.0594 80 200 120
0.0602 0.1310 0.0761 80 200 120
2.1371 1.5884 -0.4123 80 200 120
0.2885 3.1408 1.4167 80 200 120
2.6103 0.7744 -0.4788 80 200 120
7.6040 3.8027 -4.0991 80 200 120
0.1123 -0.0281 0.0519 80 200 120
0.1376 0.0308 0.0295 80 200 120
0.0755 0.0104 0.0297 80 200 120
4.7639 -2.5986 1.6462 80 200 120
0.0739 -0.0080 0.0308 80 200 120
0.1062 -0.0017 0.0224 80 200 120
3.1401 -1.1135 -0.5100 80 200 120
0.1118 0.0210 0.0346 80 200 120
0.1690 -0.0914 0.0354 80 200 120
0.2081 1.4643 1.4222 80 200 120
4.7432 -1.9580 -0.2649 80 200 120
0.0744 -0.0108 0.0315 80 200 120
0.0577 -0.0786 0.0642 80 200 120
3.1480 0.4157 0.3158 80 200 120
0.5235 3.0092 1.4193 80 200 120
0.1302 -0.0587 0.0215 80 200 120
0.1771 -0.0020 0.0182 80 200 120
3.4159 3.2116 1.2958 80 200 120
0.1808 -0.0982 0.0788 80 200 120
4.9600 -1.8746 0.4408 80 200 120
2.6215 3.3584 1.2704 80 200 120
0.1009 0.0020 0.0233 80 200 120
2.1804 -0.7405 1.6829 80 200 120
0.1638 -0.1067 0.0092 80 200 120
2.8421 0.2859 0.9703 80 200 120
0.1303 -0.2218 0.1363 80 200 120
0.0758 -0.0048 0.0336 80 200 120
2.5833 3.3161 1.6278 80 200 120
1.0957 -0.1343 1.6439 80 200 120
4.7169 -0.0915 0.5500 80 200 120
0.0789 -0.0106 0.0332 80 200 120
0.1115 -0.0306 0.0681 80 200 120
1.3749 3.4091 1.6012 80 200 120
0.1775 -0.0987 0.1323 80 200 120
2.6075 2.5720 1.7462 80 200 120
0.1308 -0.0642 0.0004 80 200 120
-0.1537 -1.8848 1.2485 80 200 120
0.1118 -0.0703 0.0649 80 200 120
0.4839 1.0870 1.5864 80 200 120
0.0980 -0.0804 0.0771 80 200 120
0.0429 0.3030 0.1737 80 200 120
1.7384 3.2691 1.5858 80 200 120
2.1633 -0.5584 -0.3986 80 200 120
6.2882 2.6429 -1.7828 80 200 120
0.3202 0.0511 -0.0408 80 200 120
3.8112 3.3283 -0.3697 80 200 120
3.2743 1.8172 -0.9988 80 200 120
0.3362 0.0655 -0.0070 80 200 120
0.3500 0.3382 -0.0631 80 200 120
2.2862 -3.4142 1.2390 80 200 120
0.1110 -0.0272 0.0505 80 200 120
0.4423 -0.4114 -0.1166 80 200 120
2.3199 0.7347 -0.6817 80 200 120
3.5602 -2.0020 -1.0964 80 200 120
1.5499 0.4989 -0.5940 80 200 120
24.2793 -42.1131 -2.3552 80 200 120
1.3760 -3.0179 -0.2398 80 200 120
2.4591 -1.5764 -0.9858 80 200 120
2.5249 -2.6975 -0.2064 80 200 120
31.1005 -42.2567 -3.2398 80 200 120
1.1334 -0.8090 -0.4788 80 200 120
20.2850 20.1818 -8.4820 80 200 120
1.9712 -0.5647 -0.8328 80 200 120
4.1175 -3.9319 -1.1605 80 200 120
3.2298 -1.3953 -1.4186 80 200 120
2.6654 -0.9247 -0.7821 80 200 120
5.1534 2.4658 -0.7464 80 200 120
2.7117 -2.2487 -0.5698 80 200 120
6.0331 -2.6881 -1.7517 80 200 120
3.0580 -2.1857 -0.9781 80 200 120
0.3632 -0.2750 -0.0897 80 200 120
0.3297 0.0510 -0.0734 80 200 120
1.6833 -3.3352 0.3622 80 200 120
0.3605 -0.0147 -0.0305 80 200 120
1.4260 -3.3662 0.5103 80 200 120
2.7111 -0.0378 -0.2570 80 200 120
2.6950 0.1796 -0.5294 80 200 120
2.1574 -2.3765 -0.4305 80 200 120
2.6898 -2.1716 1.7107 80 200 120
0.1898 -0.1427 0.0734 80 200 120
1.9528 -3.1949 1.6164 80 200 120
1.0126 -2.7404 1.6328 80 200 120
4.9151 -2.5388 0.7083 80 200 120
4.0138 -2.4232 -0.0389 80 200 120
3.8909 -2.7307 0.0156 80 200 120
2.7170 -2.3143 -0.0744 80 200 120
4.8971 -1.2588 0.7217 80 200 120
4.3866 -3.4919 1.3467 80 200 120
3.1853 -3.3898 1.5369 80 200 120
2.4532 0.3947 1.5470 80 200 120
4.7792 -2.1043 1.5763 80 200 120
3.7027 -1.6405 1.6842 80 200 120
4.2733 0.0349 1.0999 80 200 120
3.2704 -2.9426 0.2003 80 200 120
2.5316 -2.4089 -0.3116 80 200 120
3.6483 -3.1777 1.6075 80 200 120
1.8720 -1.3480 1.7101 80 200 120
2.7066 -2.7946 1.7049 80 200 120
0.9260 -3.2015 1.5582 80 200 120
1.2305 3.5587 0.9951 80 200 120
3.3047 3.0339 -0.8350 80 200 120
1.7942 1.7186 -0.6712 80 200 120
2.8408 3.2976 -0.8712 80 200 120
-0.4630 -2.7321 1.3584 80 200 120
3.7550 -3.4912 0.7478 80 200 120
5.0108 -2.3596 0.1323 80 200 120
3.4355 -2.3193 -0.3673 80 200 120
3.2983 -2.1571 1.7135 80 200 120
1.5066 -0.0660 -0.2649 80 200 120
2.9469 -3.4477 1.0892 80 200 120
1.7852 -1.5885 1.6852 80 200 120
3.2780 -2.9620 -1.3054 80 200 120
2.6559 -3.3933 0.2173 80 200 120
3.2741 0.4543 -0.1792 80 200 120
4.9378 2.7979 -0.2043 80 200 120
4.7586 3.5675 0.4856 80 200 120
2.2192 0.5421 -0.2708 80 200 120
4.9113 2.2266 0.0169 80 200 120
4.9345 2.4930 0.6000 80 200 120
3.2655 0.9740 1.1033 80 200 120
2.3445 -0.6871 -0.7897 80 200 120
2.2711 -0.6717 -0.9806 80 200 120
1.6067 -1.1712 -0.7151 80 200 120
2.2041 0.5166 -0.9324 80 200 120
3.4255 2.7995 -1.1158 80 200 120
1.8522 1.8596 -0.7272 80 200 120
3.9791 3.4903 0.8148 80 200 120
5.0467 2.1137 -1.4262 80 200 120
4.1713 2.9372 -1.2457 80 200 120
4.4261 2.3811 -1.2958 80 200 120
4.8664 -0.9681 0.1004 80 200 120
2.9880 0.9074 0.2765 80 200 120
2.3228 -2.1830 -0.6306 80 200 120
3.9888 1.2509 -1.1938 80 200 120
2.2153 -1.6283 -1.0362 80 200 120
4.6577 2.7630 1.5741 80 200 120
3.4149 1.0889 -1.4537 80 200 120
6.4091 -8.9227 -0.7188 80 200 120
3.4213 -1.4802 -1.5341 80 200 120
4.7325 3.5482 -1.0126 80 200 120
4.9146 -3.3664 0.5663 80 200 120
5.8307 -2.8684 -1.9096 80 200 120
4.1823 1.2536 -1.2483 80 200 120
3.7183 3.7643 -1.5505 80 200 120
2.4159 -2.2509 -0.6685 80 200 120
2.8972 -2.2464 -0.9177 80 200 120
4.3374 -0.8008 -0.3075 80 200 120
3.3552 2.1968 -1.4799 80 200 120
4.4094 2.8292 -1.2537 80 200 120
1.7578 -3.1488 -0.1754 80 200 120
3.8066 -2.2822 -1.4276 80 200 120
3.6754 1.1034 -1.4761 80 200 120
3.7308 3.4104 -0.9770 80 200 120
3.3916 3.3837 -1.4092 80 200 120
2.6399 3.0680 -0.8216 80 200 120
3.4125 -2.3700 -1.1958 80 200 120
5.1724 1.9306 0.2856 80 200 120
1.9294 2.9636 -0.7038 80 200 120
2.6159 1.3864 1.7284 80 200 120
4.0669 3.3140 -1.3284 80 200 120
4.6096 2.9524 -1.3248 80 200 120
1.9587 -0.5782 -0.3772 80 200 120
5.1268 2.4568 -0.7627 80 200 120
4.0589 3.2023 -1.6682 80 200 120
4.2866 1.7076 -1.5427 80 200 120
3.4425 1.6476 -1.5590 80 200 120
2.8694 0.1647 -0.2798 80 200 120
4.6565 2.4458 -1.3682 80 200 120
0.1505 3.5281 1.6880 80 200 120
-0.4160 3.2105 1.5203 80 200 120
1.7839 -3.5420 0.4011 80 200 120
3.0041 -0.8407 -0.4896 80 200 120
3.1776 -0.6943 -0.4757 80 200 120
4.9393 3.1652 0.8349 80 200 120
4.7878 3.4957 1.0912 80 200 120
4.8328 2.1460 -1.3915 80 200 120
2.9788 3.4858 -0.9647 80 200 120
3.5622 -2.3812 -0.9038 80 200 120
2.7623 3.1940 -1.2860 80 200 120
3.1968 3.2083 -1.3121 80 200 120
2.6359 0.2741 -0.4115 80 200 120
4.7153 3.4117 -1.1349 80 200 120
1.9871 0.1388 -0.3123 80 200 120
2.6000 -2.3460 -0.3632 80 200 120
2.1539 3.2785 -0.8180 80 200 120
0.5449 1.8101 1.6973 80 200 120
0.6480 3.4539 1.6169 80 200 120
5.0108 1.8477 -0.4746 80 200 120
2.9932 0.3111 -1.3008 80 200 120
2.6236 -2.6993 -0.2480 80 200 120
1.7394 -0.2978 -0.3330 80 200 120
2.4977 1.9328 1.6909 80 200 120
0.7866 3.4804 1.3426 80 200 120
2.4330 3.4285 0.4435 80 200 120
1.5930 -0.2781 1.7188 80 200 120
1.9696 0.2516 -0.4121 80 200 120
2.4917 -0.1046 -0.3416 80 200 120
3.3748 2.1750 -1.4768 80 200 120
1.8690 3.4338 -0.1640 80 200 120
4.9457 1.5997 0.5479 80 200 120
4.1606 3.3970 -1.3750 80 200 120
4.4144 1.5987 -1.5892 80 200 120
5.0386 1.9681 -0.9171 80 200 120
4.6176 -0.7890 -0.3871 80 200 120
4.4232 3.2414 -1.6017 80 200 120
3.3885 1.5188 -1.4562 80 200 120
4.7078 1.4930 -1.3051 80 200 120
2.9206 -0.0386 -0.3236 80 200 120
2.1931 -2.2421 1.7198 80 200 120
2.3816 0.5869 0.5668 80 200 120
3.0999 -2.3240 -0.0244 80 200 120
3.1153 0.1050 -0.2987 80 200 120
0.2881 3.3971 1.6374 80 200 120
1.9433 3.5199 -0.5180 80 200 120
4.6425 -3.1454 1.0806 80 200 120
-0.6147 3.4522 1.6437 80 200 120
5.0013 2.2562 -0.0498 80 200 120
3.4187 -2.3563 -0.3649 80 200 120
3.3376 3.0075 -1.4356 80 200 120
5.1008 1.4990 1.1244 80 200 120
2.3504 0.6321 -0.4983 80 200 120
3.4925 0.2056 -0.4602 80 200 120
3.8225 -3.4777 0.6108 80 200 120
4.0984 1.3866 1.7310 80 200 120
4.8336 3.5769 -0.0745 80 200 120
4.8483 1.8225 1.5621 80 200 120
1.2376 3.5319 0.9947 80 200 120
3.8613 -3.4876 0.2391 80 200 120
3.4085 -3.6467 1.2914 80 200 120
4.3851 -3.1325 0.1502 80 200 120
1.0047 3.5130 0.9813 80 200 120
4.9703 -2.0214 -0.3253 80 200 120
1.8917 3.4870 -0.1988 80 200 120
4.2199 -2.5016 1.7887 80 200 120
1.6956 -1.6238 1.7251 80 200 120
3.3412 3.2833 -1.3247 80 200 120
4.9584 1.8716 -1.6415 80 200 120
5.1753 -1.5199 1.3011 80 200 120
2.9141 3.5457 0.4868 80 200 120
3.7323 3.2956 -1.5047 80 200 120
5.1331 2.8103 -0.8495 80 200 120
3.3749 3.5270 0.3975 80 200 120
4.4034 2.4364 -1.6390 80 200 120
4.9164 -2.7736 0.1449 80 200 120
4.9383 1.4338 0.1946 80 200 120
0.4744 3.4697 1.6417 80 200 120
5.0150 2.1203 1.2568 80 200 120
4.3951 1.3886 -1.5428 80 200 120
-0.4743 3.5214 1.6771 80 200 120
4.7092 1.5267 -0.3017 80 200 120
5.0407 1.1843 1.0255 80 200 120
4.3259 3.4509 -0.7877 80 200 120
2.8113 0.3857 0.5953 80 200 120
4.8523 -2.2549 1.0544 80 200 120
2.6127 0.7495 0.8295 80 200 120
0.8537 2.4181 1.6835 80 200 120
4.9706 3.2246 -0.1201 80 200 120
3.4625 3.4697 -1.4057 80 200 120
3.5125 3.5359 -0.9078 80 200 120
4.9359 -0.8975 -0.3959 80 200 120
1.5895 3.5024 0.0924 80 200 120
2.8065 3.4213 -0.6590 80 200 120
4.8124 -1.2147 -0.3512 80 200 120
4.9535 1.4014 1.6765 80 200 120
2.5994 0.3838 1.0405 80 200 120
0.2984 3.4419 1.6139 80 200 120
-0.1354 3.3869 1.2133 80 200 120
2.3449 0.7747 1.5520 80 200 120
3.7474 3.3236 -1.5348 80 200 120
2.2996 -0.7979 1.7298 80 200 120
5.0368 1.7241 -1.0581 80 200 120
4.1015 2.6970 -1.5747 80 200 120
4.4666 2.3836 -1.6509 80 200 120
2.3339 0.6416 1.3097 80 200 120
4.6907 0.7919 1.4432 80 200 120
3.0767 0.6831 1.5920 80 200 120
1.3665 3.4253 -0.0516 80 200 120
4.7595 2.4502 1.8030 80 200 120
4.8804 -3.2172 1.2746 80 200 120
5.0377 0.9391 -0.0598 80 200 120
0.8214 3.4858 1.6562 80 200 120
3.0672 -0.2130 1.5263 80 200 120
3.4265 3.3619 1.6224 80 200 120
2.4978 0.7590 1.5214 80 200 120
4.2209 -3.0664 1.6156 80 200 120
5.1112 -1.9594 0.3982 80 200 120
3.7769 3.4581 -0.9828 80 200 120
4.7566 3.2477 -1.4164 80 200 120
4.8358 2.8999 -1.4668 80 200 120
4.9356 2.0926 -1.4363 80 200 120
3.4458 3.4566 -0.8830 80 200 120
4.9722 2.2805 -1.1243 80 200 120
4.8546 2.5853 -1.3886 80 200 120
3.1600 3.4256 1.6861 80 200 120
4.8395 3.3521 1.6593 80 200 120
4.4369 -1.2153 1.3971 80 200 120
4.9158 2.2100 1.6449 80 200 120
3.6507 3.4827 0.1881 80 200 120
3.1510 3.4748 -0.0718 80 200 120
3.3511 3.4835 0.6926 80 200 120
4.8411 3.3686 -0.5829 80 200 120
4.7861 -1.9917 0.7529 80 200 120
3.7511 -0.4549 1.1817 80 200 120
2.9125 0.6407 1.6846 80 200 120
2.9902 2.4960 1.6763 80 200 120
3.7023 -0.9522 1.6510 80 200 120
2.1841 3.4924 1.2309 80 200 120
4.8880 2.0597 0.8405 80 200 120
4.3248 3.4643 1.6218 80 200 120
2.1849 3.4249 1.6978 80 200 120
1.5238 2.6595 1.6707 80 200 120
3.9567 1.6780 1.6876 80 200 120
3.1408 3.4049 -0.4118 80 200 120
4.8746 -2.7039 1.7103 80 200 120
3.3420 3.4747 0.9633 80 200 120
4.1649 3.5106 1.2574 80 200 120
4.8978 0.6574 -0.3045 80 200 120
0.2291 2.8180 1.6917 80 200 120
3.0965 1.7493 1.7379 80 200 120
0.3397 3.3905 1.6582 80 200 120
0.7774 3.4456 1.2288 80 200 120
-0.5459 3.5811 1.6839 80 200 120
3.3077 1.6467 1.6798 80 200 120
1.3359 3.4488 1.1427 80 200 120
2.4944 0.7704 0.3001 80 200 120
4.4791 0.9623 0.2437 80 200 120
3.7378 3.5083 1.4229 80 200 120
2.7043 3.4935 1.2778 80 200 120
2.6783 3.4652 1.6548 80 200 120
1.4042 3.4095 1.5804 80 200 120
2.6072 2.5956 1.6712 80 200 120
1.8029 3.4835 1.6555 80 200 120
1.6012 3.4628 1.2560 80 200 120
3.1400 3.4908 1.4007 80 200 120
3.7384 3.4345 -0.0644 80 200 120
4.9456 0.6647 1.8367 80 200 120
3.2583 0.6221 1.4884 80 200 120
-0.1657 3.4476 1.2179 80 200 120
1.2251 3.4987 1.4042 80 200 120
4.7843 2.0436 -0.4240 80 200 120
4.7698 3.3274 -1.4618 80 200 120
4.0735 3.4681 0.0477 80 200 120
4.7766 3.4209 -1.0535 80 200 120
0.6745 3.0872 1.6703 80 200 120
2.8218 1.3121 1.6734 80 200 120
3.0585 3.4668 0.1632 80 200 120
0.9723 3.4825 0.8963 80 200 120
4.9027 0.6255 0.4426 80 200 120
5.3513 1.2358 0.3291 80 200 120
0.3973 3.5146 1.2690 80 200 120
4.8625 1.0740 1.2758 80 200 120
4.4843 3.5437 0.8455 80 200 120
3.7644 3.2309 1.6105 80 200 120
3.4421 3.5302 -0.4904 80 200 120
2.2726 0.5836 1.6271 80 200 120
4.1523 3.4968 0.4447 80 200 120
4.9832 2.7010 -0.7659 80 200 120
4.9338 3.3550 1.3437 80 200 120
3.3420 0.7452 1.6821 80 200 120
3.8202 3.3352 -0.4017 80 200 120
3.3652 3.4373 0.0850 80 200 120
2.3876 0.7704 1.5596 80 200 120
0.4151 1.7584 1.7116 80 200 120
0.3613 2.8832 1.5355 80 200 120
1.8805 3.4289 1.3793 80 200 120
-1.0018 3.5156 1.6253 80 200 120
5.0035 1.6328 -0.0726 80 200 120
1.1943 3.4832 0.9363 80 200 120
3.5264 3.3934 -0.2587 80 200 120
3.5444 3.4836 0.4997 80 200 120
-0.0045 3.3043 1.1434 80 200 120
4.9216 3.0789 0.4456 80 200 120
0.0876 2.3626 1.6733 80 200 120
4.8766 2.3167 -0.3990 80 200 120
-0.3420 3.3262 1.5261 80 200 120
3.5374 3.4712 -0.9985 80 200 120
2.4011 3.4771 0.4484 80 200 120
4.9849 1.1176 0.6244 80 200 120
4.8248 1.0662 1.6567 80 200 120
5.0651 2.4772 -0.8244 80 200 120
4.9563 2.7348 -0.8167 80 200 120
4.1838 0.4654 1.6584 80 200 120
2.2876 3.4253 0.7987 80 200 120
5.6691 -0.2961 2.0106 80 200 120
3.7872 3.4963 -1.0452 80 200 120
4.7846 3.3794 -1.1048 80 200 120
5.0546 0.9652 0.4084 80 200 120
4.9321 3.4386 -0.6621 80 200 120
4.8940 0.6340 0.4305 80 200 120
4.7754 0.3946 1.6010 80 200 120
5.8190 0.1153 0.7216 80 200 120
4.9677 2.3036 0.0815 80 200 120
2.5401 3.4550 0.9006 80 200 120
1.1831 3.3938 0.8841 80 200 120
5.0514 0.5523 1.1956 80 200 120
4.8918 2.1798 0.5127 80 200 120
3.1368 3.5583 0.8207 80 200 120
2.4408 3.3839 1.3607 80 200 120
3.8747 3.4153 -0.3917 80 200 120
4.6188 3.5382 -1.2748 80 200 120
4.7748 0.9383 0.3934 80 200 120
4.8694 1.6098 0.3114 80 200 120
2.3864 2.8715 1.6029 80 200 120
2.4527 0.7394 1.4558 80 200 120
2.3164 0.7086 1.5596 80 200 120
5.0836 0.9647 1.0157 80 200 120
1.5993 2.7631 1.5824 80 200 120
1.0873 3.2252 1.1279 80 200 120
2.9419 3.3292 0.5688 80 200 120
5.0106 1.3833 0.5540 80 200 120
4.7238 3.3672 0.7189 80 200 120
1.2660 2.5129 1.5566 80 200 120
0.1214 3.1836 1.1671 80 200 120
2.4778 3.3278 0.4186 80 200 120
4.5952 3.5044 0.4684 80 200 120
4.8859 2.4860 0.5657 80 200 120
4.5513 3.2356 -0.7452 80 200 120
4.8301 3.3785 -0.4617 80 200 120
3.9570 3.5950 -0.4269 80 200 120
4.6323 3.2069 -1.0267 80 200 120
4.7648 2.4254 1.5262 80 200 120
4.8910 2.7927 1.3708 80 200 120
4.8134 2.3646 1.1114 80 200 120
3.8844 3.4131 0.7716 80 200 120
4.6105 3.4133 -0.0903 80 200 120
1.3053 3.1220 0.8268 80 200 120
1.0923 1.4444 1.5534 80 200 120
4.8305 2.6068 0.2947 80 200 120
1.0635 1.9587 1.6828 80 200 120
0.9567 2.2190 1.4959 80 200 120
3.3343 2.0412 1.6312 80 200 120
4.9506 -1.6468 1.6375 80 200 120
4.7886 1.2902 1.5660 80 200 120
3.1008 3.3685 -0.1462 80 200 120
4.9009 2.0871 0.8095 80 200 120
4.9544 -2.2679 1.7297 80 200 120
3.3831 3.4498 -0.4167 80 200 120
4.8438 -0.3811 1.6167 80 200 120
4.8829 1.1457 1.0370 80 200 120
4.8657 1.5487 0.3046 80 200 120
4.8985 2.0509 1.3022 80 200 120
4.8667 3.1118 0.7904 80 200 120
4.8200 -0.6859 1.6523 80 200 120
3.0061 3.4338 0.1319 80 200 120
4.8416 1.4049 1.1097 80 200 120
4.7778 0.5315 1.5860 80 200 120
4.7892 -1.1479 1.6389 80 200 120
4.6933 3.3138 1.6381 80 200 120
0.7976 3.1425 1.2145 80 200 120
3.3574 -0.0852 1.6583 80 200 120
4.8929 1.9869 0.4717 80 200 120
4.8165 0.8797 0.8557 80 200 120
2.3445 3.4012 1.0779 80 200 120
4.7987 0.2953 1.6424 80 200 120
4.8620 0.0261 1.2245 80 200 120
4.0095 3.4449 0.0356 80 200 120
4.8489 1.9511 0.1671 80 200 120
4.7693 0.7452 1.6263 80 200 120
4.7551 -0.7203 1.1047 80 200 120
3.8292 1.3044 1.6447 80 200 120
4.7766 1.5383 1.5557 80 200 120
4.4671 1.5448 1.6728 80 200 120
3.9233 -0.9442 1.8009 80 200 120
4.3973 2.3740 1.6740 80 200 120
4.8774 1.1029 0.6150 80 200 120
3.7953 3.2961 -0.3515 80 200 120
4.7851 1.8941 1.6164 80 200 120
3.2254 3.3831 0.3494 80 200 120
2.1142 3.3636 1.2157 80 200 120
4.8642 2.7726 -0.2205 80 200 120
3.6138 -0.3652 1.7249 80 200 120
4.7789 1.0365 1.5833 80 200 120
4.7518 2.8758 1.6358 80 200 120
4.8463 0.8044 1.4321 80 200 120
4.8604 1.5143 0.9013 80 200 120
4.8274 -1.5381 1.6060 80 200 120
4.8169 -0.7267 1.6132 80 200 120
4.8313 -1.2225 1.6630 80 200 120
4.8708 -2.1445 1.6819 80 200 120
4.5973 3.3239 0.9774 80 200 120
4.8425 1.3844 0.1548 80 200 120
4.2365 3.2808 0.7921 80 200 120
4.9112 1.9100 0.1754 80 200 120
4.8291 1.0469 1.6237 80 200 120
4.8913 1.5818 0.3005 80 200 120
4.9040 0.4842 1.4563 80 200 120
4.8675 0.6468 0.4333 80 200 120
4.5961 3.3982 -0.0985 80 200 120
4.8497 0.9313 0.3858 80 200 120
4.8679 2.2166 0.1218 80 200 120
3.8020 1.2831 1.6837 80 200 120
4.8287 -0.5358 0.8168 80 200 120
3.6025 3.4045 -0.4524 80 200 120
4.8290 1.4489 0.6407 80 200 120
4.8634 0.0397 1.2165 80 200 120
4.4283 3.2126 1.5093 80 200 120
4.8486 0.2706 1.6230 80 200 120
4.6569 3.2653 0.6846 80 200 120
4.8217 0.8540 1.2140 80 200 120
4.4296 0.1994 1.7160 80 200 120
4.8550 1.8471 0.4497 80 200 120
4.8655 0.9596 0.9997 80 200 120
4.9022 -0.3664 0.6898 80 200 120
4.5368 0.5948 1.6890 80 200 120
4.1203 2.4378 1.6096 80 200 120
4.8274 1.3718 1.3354 80 200 120
5.1448 3.5737 -0.8337 80 200 120
4.8806 0.4464 0.9216 80 200 120
3.6939 3.4893 0.4478 80 200 120
4.9214 3.1480 0.4448 80 200 120
3.3398 0.6996 1.6911 80 200 120
4.5303 0.9896 1.7021 80 200 120
3.7921 3.1864 1.5951 80 200 120
4.7394 -0.7112 0.7292 80 200 120
4.8129 -0.2594 1.0108 80 200 120
3.5410 1.0148 1.6962 80 200 120
4.7592 -0.3542 0.2981 80 200 120
4.8292 0.8293 0.6000 80 200 120
4.8136 -0.1546 1.5780 80 200 120
5.4273 2.8395 -1.0478 80 200 120
4.8738 2.8559 -0.1200 80 200 120
3.1927 3.2737 1.5671 80 200 120
2.5091 2.4869 1.6294 80 200 120
3.5104 3.3853 1.6545 80 200 120
4.9002 2.4740 -0.4384 80 200 120
3.6048 3.2359 1.3153 80 200 120
4.8696 -0.1554 0.4801 80 200 120
3.7098 0.2353 1.6729 80 200 120
3.5922 3.5571 0.7141 80 200 120
3.2572 2.4206 1.6164 80 200 120
4.8756 3.7707 -0.8121 80 200 120
4.8512 -0.7298 1.1271 80 200 120
5.0065 0.0693 0.4627 80 200 120
4.8648 0.6445 0.9380 80 200 120
4.8830 1.1029 -0.5284 80 200 120
4.7744 3.1873 1.3400 80 200 120
2.4237 0.4408 1.5618 80 200 120
4.8236 -0.7907 1.3541 80 200 120
4.7889 -1.3506 1.2225 80 200 120
2.8412 3.2133 1.5652 80 200 120
4.8618 0.5493 1.1289 80 200 120
3.9774 3.5845 0.8541 80 200 120
4.8173 -0.1388 1.1995 80 200 120
4.8485 -0.0371 0.9749 80 200 120
4.8340 -1.6524 1.4012 80 200 120
4.9365 2.0061 -0.3822 80 200 120
3.0061 3.4036 0.1582 80 200 120
3.1853 3.3431 0.3235 80 200 120
4.8429 1.1805 0.3397 80 200 120
2.4855 2.9932 1.4150 80 200 120
2.5472 0.5467 1.5057 80 200 120
3.1442 3.4352 0.6195 80 200 120
2.6592 3.3124 1.2741 80 200 120
3.3697 3.8197 -0.6602 80 200 120
2.9944 3.2819 1.3310 80 200 120
2.0797 3.1342 1.5601 80 200 120
2.4615 3.4330 1.0837 80 200 120
4.0033 3.4810 0.0511 80 200 120
4.8359 1.6435 -0.2973 80 200 120
2.1177 3.2807 1.1838 80 200 120
2.7292 1.2510 1.6119 80 200 120
2.7448 3.2557 -0.1478 80 200 120
3.8088 -0.8569 1.7070 80 200 120
4.9261 3.4436 -0.3011 80 200 120
2.5042 0.7841 1.2878 80 200 120
4.5162 3.6108 0.1714 80 200 120
4.6350 3.5385 -0.2489 80 200 120
4.9423 3.5880 -0.6774 80 200 120
4.9164 -1.3108 0.6877 80 200 120
3.1819 3.1467 0.9389 80 200 120
2.2943 3.6613 -0.2209 80 200 120
3.6111 -1.1140 1.7259 80 200 120
4.9312 0.9198 -0.0262 80 200 120
4.8972 -2.1135 1.0675 80 200 120
2.4817 0.8564 0.4042 80 200 120
4.9041 -0.4589 0.6725 80 200 120
4.8713 -0.2772 0.8365 80 200 120
4.8926 1.4892 -0.3133 80 200 120
3.2280 3.4766 0.3900 80 200 120
3.3946 3.6937 0.0026 80 200 120
4.8533 2.2937 -0.4260 80 200 120
4.8871 -1.3754 1.2926 80 200 120
4.8631 -1.0749 0.3740 80 200 120
2.4909 0.4616 1.6049 80 200 120
4.7551 -2.0910 1.6185 80 200 120
4.8785 3.4785 -0.6563 80 200 120
3.4686 3.2333 0.2510 80 200 120
2.5607 0.6637 1.4721 80 200 120
4.8122 3.2973 -0.2519 80 200 120
2.5562 0.6732 0.3495 80 200 120
4.8268 -2.6622 1.6259 80 200 120
4.0373 3.4815 0.0635 80 200 120
3.1258 3.5010 -0.1079 80 200 120
3.4723 3.9095 -0.5704 80 200 120
3.9316 3.3099 -0.8224 80 200 120
2.3592 3.5332 0.4618 80 200 120
2.4173 2.1375 1.6334 80 200 120
4.7894 -1.4804 0.4734 80 200 120
2.3421 2.3863 0.9060 80 200 120
3.7615 3.9881 -0.5251 80 200 120
4.9117 -1.3152 0.7006 80 200 120
4.8820 1.6960 -0.4631 80 200 120
4.8842 0.9032 -0.0150 80 200 120
3.1169 3.2184 -0.4289 80 200 120
4.9255 2.7494 -0.8753 80 200 120
3.7148 3.3599 -1.0224 80 200 120
4.7722 3.1992 -1.3122 80 200 120
3.8917 3.4418 -0.3714 80 200 120
4.9833 2.4467 -0.4172 80 200 120
2.4164 1.0476 0.9943 80 200 120
3.6699 3.1546 0.4353 80 200 120
1.9751 2.4006 0.0894 80 200 120
4.1305 3.3265 -1.3627 80 200 120
4.8428 -1.8463 0.6277 80 200 120
2.6754 0.3336 0.2858 80 200 120
4.6628 3.5280 -1.1729 80 200 120
3.0711 2.7820 -0.1025 80 200 120
4.8894 2.3497 -0.7455 80 200 120
4.8772 -1.8945 0.9401 80 200 120
4.2545 -2.6909 1.6837 80 200 120
3.3043 3.3825 -0.5412 80 200 120
3.4456 3.3080 -0.8376 80 200 120
4.1734 3.4088 -0.9802 80 200 120
4.7889 2.0565 -1.0330 80 200 120
4.7561 -3.1641 1.5850 80 200 120
2.3820 0.4671 1.1767 80 200 120
3.7364 3.3684 -1.0064 80 200 120
2.5688 0.4930 1.6279 80 200 120
4.8823 -2.3666 1.0111 80 200 120
2.4004 1.2045 0.2878 80 200 120
4.9014 1.5832 -0.0345 80 200 120
2.3643 1.2455 0.9140 80 200 120
4.9005 -1.9830 0.9574 80 200 120
2.6177 0.8392 0.5611 80 200 120
2.6465 0.8915 0.4022 80 200 120
2.6411 0.4580 0.3523 80 200 120
4.7506 2.7705 -1.4570 80 200 120
4.2482 3.3769 -1.3707 80 200 120
4.8915 3.5192 -0.6844 80 200 120
2.5990 0.5187 1.5950 80 200 120
2.4299 0.4694 1.5331 80 200 120
3.7600 3.4452 -1.0405 80 200 120
2.3002 0.4668 0.4689 80 200 120
5.0291 2.4031 -0.6632 80 200 120
4.9187 1.7180 -0.5794 80 200 120
-0.3460 2.4694 2.1770 80 200 120
2.3068 0.4576 0.6004 80 200 120
2.3769 0.4735 1.1755 80 200 120
3.4610 3.6445 -0.9461 80 200 120
-1.1102 3.6560 1.7398 80 200 120
2.9799 3.0971 -1.0584 80 200 120
2.0977 2.2059 0.0078 80 200 120
2.4099 1.2017 0.2587 80 200 120
2.8166 3.2031 -0.7027 80 200 120
4.9271 -1.8909 0.6516 80 200 120
4.9160 -2.6012 0.7609 80 200 120
4.0091 -3.1577 1.6865 80 200 120
1.9411 2.7642 -0.4576 80 200 120
2.0963 2.8777 -0.5998 80 200 120
5.1214 2.5535 -1.5465 80 200 120
4.8570 -3.2689 1.6484 80 200 120
4.9666 -3.3037 1.3270 80 200 120
2.5669 0.6779 0.9939 80 200 120
4.8925 1.5070 -1.4670 80 200 120
2.5936 1.0382 0.3042 80 200 120
4.9591 -0.5137 0.0938 80 200 120
-0.3870 1.5919 1.6825 80 200 120
4.0942 2.9325 -1.2208 80 200 120
-0.0778 3.4185 1.2515 80 200 120
4.4584 2.9897 -1.5086 80 200 120
0.1648 2.0371 1.8164 80 200 120
4.9492 -1.9057 0.6342 80 200 120
2.8473 3.1606 0.3871 80 200 120
-0.2229 1.9590 1.9140 80 200 120
3.4650 3.3846 -1.4232 80 200 120
2.8192 3.2481 -0.6582 80 200 120
2.4262 2.9316 0.4794 80 200 120
4.8233 2.6171 -1.5033 80 200 120
4.9847 -3.0760 0.9939 80 200 120
4.9250 -2.2116 0.3635 80 200 120
3.8341 3.3381 -1.4640 80 200 120
1.7804 1.3290 0.7985 80 200 120
4.9007 2.0357 -1.4139 80 200 120
2.4817 1.0071 0.4290 80 200 120
3.6485 2.1893 -1.4647 80 200 120
4.8695 0.7961 -1.4320 80 200 120
4.8729 1.2186 -1.4850 80 200 120
4.8933 -1.1853 0.9099 80 200 120
1.0442 2.0520 1.8204 80 200 120
-0.8431 3.5073 1.6780 80 200 120
3.4486 3.4682 -1.4501 80 200 120
2.3640 0.4317 0.4775 80 200 120
3.4900 0.3070 1.6324 80 200 120
-0.0849 1.3159 1.7943 80 200 120
4.5646 1.7480 1.3310 80 200 120
3.9348 2.4782 1.1855 80 200 120
3.8466 1.5284 1.5779 80 200 120
4.1066 3.3830 1.2243 80 200 120
-1.5166 3.6458 1.4360 80 200 120
4.4352 2.8602 -1.4616 80 200 120
4.9781 1.6025 -1.4647 80 200 120
4.8252 1.6069 -1.7365 80 200 120
4.8609 -3.2614 1.6295 80 200 120
4.9099 -3.0576 1.0138 80 200 120
4.7430 2.4164 -1.4314 80 200 120
4.3999 1.3975 -1.5429 80 200 120
4.9104 -3.2127 1.2924 80 200 120
4.9283 -1.0633 0.1432 80 200 120
4.8817 1.9644 -1.4518 80 200 120
0.7497 3.1913 0.3917 80 200 120
-0.6005 3.9881 1.4135 80 200 120
2.3753 0.5376 1.2412 80 200 120
2.5793 0.5627 1.6802 80 200 120
2.3983 0.4880 1.6931 80 200 120
-0.4306 1.7005 1.7124 80 200 120
4.9876 0.6266 -0.2912 80 200 120
3.3589 2.9852 -1.3435 80 200 120
3.9902 1.4493 -1.4074 80 200 120
4.1780 3.0710 -1.3326 80 200 120
4.1843 3.8389 0.5325 80 200 120
-0.7017 3.5913 0.6293 80 200 120
2.0281 0.9562 0.8826 80 200 120
4.9193 -0.5762 0.3067 80 200 120
-0.1149 3.8336 1.8389 80 200 120
4.9753 -2.3032 0.6465 80 200 120
3.8827 1.1748 -1.5041 80 200 120
4.2468 0.5287 -1.4416 80 200 120
3.7624 3.2226 -1.4527 80 200 120
4.6351 0.1998 -1.2822 80 200 120
4.8832 1.2202 -1.4730 80 200 120
4.4069 1.5291 -1.5596 80 200 120
4.9568 0.7915 -1.4983 80 200 120
4.7522 1.5442 -1.6753 80 200 120
-0.8361 2.7327 1.6504 80 200 120
2.5441 0.5386 1.3682 80 200 120
4.1078 1.7166 -1.5484 80 200 120
3.2603 2.9124 -1.6552 80 200 120
0.0348 1.5533 1.5229 80 200 120
1.7639 0.7484 1.6451 80 200 120
0.4692 3.7375 1.4102 80 200 120
5.0052 -0.4951 0.0760 80 200 120
3.0279 1.7886 1.6009 80 200 120
-0.4272 1.3406 1.6535 80 200 120
4.9068 0.0952 0.4341 80 200 120
4.9512 -2.9998 0.9949 80 200 120
4.1663 2.9495 -1.3090 80 200 120
3.2486 2.9502 -1.6894 80 200 120
4.8388 0.8359 -0.0432 80 200 120
3.5752 0.4561 1.5499 80 200 120
2.9571 3.5545 -1.5850 80 200 120
0.0512 1.2435 1.7034 80 200 120
-0.5517 3.5110 0.2421 80 200 120
-0.9451 3.6062 1.0471 80 200 120
4.4175 1.5557 -1.5903 80 200 120
4.8766 1.2553 -1.4858 80 200 120
4.0367 1.4893 -1.4590 80 200 120
4.8600 0.8014 -1.4222 80 200 120
4.9688 -2.5094 0.0213 80 200 120
-0.6330 3.4381 0.6026 80 200 120
4.9339 -2.2569 0.6231 80 200 120
2.9694 2.2177 -1.4709 80 200 120
2.9513 1.6810 -0.6575 80 200 120
4.7935 1.6902 -1.6544 80 200 120
4.9599 -2.6476 0.7326 80 200 120
2.1856 0.6402 0.9229 80 200 120
4.2279 3.3379 -1.4180 80 200 120
3.5849 2.1640 -1.1908 80 200 120
4.8831 -3.1577 1.2576 80 200 120
-0.4928 3.8996 1.3717 80 200 120
4.8870 -2.0645 0.7781 80 200 120
3.3785 2.4188 -1.5260 80 200 120
4.5649 3.3745 0.4107 80 200 120
3.5849 -0.0409 -0.1108 80 200 120
4.8035 2.5439 1.5135 80 200 120
4.7872 2.5641 1.2074 80 200 120
4.4852 1.7095 0.6836 80 200 120
2.9424 0.2563 -0.3379 80 200 120
-0.9802 3.5342 1.6930 80 200 120
1.1288 3.3644 0.9087 80 200 120
2.5401 -0.2573 -0.3187 80 200 120
2.6260 0.2799 -0.2925 80 200 120
2.1101 0.7815 1.3109 80 200 120
4.9421 -1.3128 0.6872 80 200 120
2.7427 0.1328 -0.3023 80 200 120
4.7969 1.3095 1.5284 80 200 120
4.5167 1.3754 0.5431 80 200 120
4.6928 -0.4579 1.4058 80 200 120
4.9864 1.2191 1.1060 80 200 120
4.9687 2.1367 1.2880 80 200 120
4.7447 2.7882 0.7045 80 200 120
4.9479 1.5210 1.1384 80 200 120
4.7394 0.7015 1.5718 80 200 120
4.7996 1.5994 1.5275 80 200 120
4.4594 1.5269 1.6714 80 200 120
4.3495 2.2138 1.6051 80 200 120
5.0077 1.2082 0.7018 80 200 120
-0.7551 3.5843 0.6532 80 200 120
-1.3239 3.7427 1.2422 80 200 120
2.9755 2.7618 -1.3727 80 200 120
2.9782 2.2787 -1.5884 80 200 120
3.8029 3.3372 -1.4898 80 200 120
-0.8962 1.6221 1.8750 80 200 120
4.8329 1.9855 1.6485 80 200 120
4.4253 2.6012 -1.5657 80 200 120
1.6293 1.5047 1.8158 80 200 120
4.7120 2.7535 1.5653 80 200 120
4.8550 0.7919 1.3492 80 200 120
4.9122 1.5120 0.8661 80 200 120
2.9625 0.3093 -1.1948 80 200 120
2.2788 0.6575 0.5900 80 200 120
2.9965 1.7413 -1.1519 80 200 120
4.8640 -3.2816 1.6333 80 200 120
3.0025 0.7961 -1.1944 80 200 120
-0.7589 3.6010 0.6767 80 200 120
-1.0538 3.5318 1.2239 80 200 120
4.7620 -1.5389 1.4647 80 200 120
4.7267 -0.7750 1.4627 80 200 120
4.7122 -1.2279 1.4819 80 200 120
4.6322 3.4013 0.9455 80 200 120
4.8475 1.2975 0.1982 80 200 120
4.4839 4.1595 0.9699 80 200 120
4.8003 1.6735 0.1410 80 200 120
4.8208 1.0014 1.5658 80 200 120
4.8477 1.4483 0.2919 80 200 120
4.8709 0.4306 1.3350 80 200 120
4.8358 0.5650 0.3924 80 200 120
4.8437 0.8757 0.4038 80 200 120
3.7934 0.2066 -0.1876 80 200 120
3.7992 1.1938 1.6642 80 200 120
4.7707 -0.5998 0.7698 80 200 120
4.9021 1.4588 0.7045 80 200 120
4.7349 -0.0821 1.0509 80 200 120
4.4926 3.4211 1.5620 80 200 120
4.6826 0.1338 1.3842 80 200 120
4.6630 3.2451 0.6792 80 200 120
4.9110 0.9043 1.2244 80 200 120
4.3449 0.0819 1.5674 80 200 120
4.8050 1.7444 0.3863 80 200 120
4.9586 0.9962 1.0500 80 200 120
4.5304 0.5775 1.6645 80 200 120
4.1426 2.4216 1.6299 80 200 120
4.9147 1.4521 1.3563 80 200 120
4.7724 0.2844 0.8229 80 200 120
3.8465 0.7368 -0.0883 80 200 120
3.3563 0.5987 1.5945 80 200 120
4.5159 0.9317 1.6487 80 200 120
3.8511 3.4902 1.7169 80 200 120
4.7865 -0.3063 0.9801 80 200 120
3.5352 0.8614 1.5912 80 200 120
4.9007 0.8711 0.6351 80 200 120
4.7311 -0.2151 1.4098 80 200 120
4.0575 1.1371 -0.2591 80 200 120
3.2105 3.3248 1.5469 80 200 120
3.6584 3.5291 1.3749 80 200 120
4.6911 -0.3434 0.3716 80 200 120
3.7120 0.1498 1.5784 80 200 120
3.5884 3.2939 0.6951 80 200 120
3.2794 2.4249 1.6422 80 200 120
4.7656 -0.7902 1.0061 80 200 120
4.8356 0.5593 0.9068 80 200 120
2.5661 0.6232 0.7964 80 200 120
4.8728 0.1046 -1.4578 80 200 120
4.8530 -3.1508 1.2370 80 200 120
4.7313 2.9766 1.2376 80 200 120
4.7826 -0.8349 1.2451 80 200 120
4.8311 0.4701 1.0415 80 200 120
4.0034 3.5872 0.8160 80 200 120
4.8230 -0.1699 1.1583 80 200 120
4.7239 -0.1793 0.8677 80 200 120
4.8692 -1.6876 1.3987 80 200 120
4.9241 1.2096 0.3870 80 200 120
3.1659 3.4518 0.5947 80 200 120
2.7293 1.4700 0.6502 80 200 120
4.9248 -0.4461 -1.4617 80 200 120
3.4859 1.1726 -1.5298 80 200 120
3.8873 -2.4194 0.0229 80 200 120
3.7790 -0.8808 1.6024 80 200 120
2.5691 0.5489 1.1295 80 200 120
4.0258 2.1454 -0.0230 80 200 120
4.4856 3.1679 -0.2987 80 200 120
3.1093 2.5840 0.7941 80 200 120
3.9248 -2.3886 -0.0566 80 200 120
-0.1272 3.4151 1.2472 80 200 120
-0.0528 1.3056 1.7380 80 200 120
4.9120 -3.0153 1.7543 80 200 120
0.1804 2.6853 0.1817 80 200 120
4.8932 -0.2096 -1.4791 80 200 120
3.8220 0.8645 -1.5831 80 200 120
0.1690 0.1871 1.6296 80 200 120
4.7555 -0.5659 0.5624 80 200 120
4.7347 -0.3844 0.7054 80 200 120
3.2399 3.2650 0.3375 80 200 120
4.7390 -1.4116 1.1102 80 200 120
3.0351 0.6105 -1.1379 80 200 120
-0.2535 2.0176 1.5693 80 200 120
4.8202 -2.1213 1.6604 80 200 120
3.0528 1.3349 -0.1585 80 200 120
3.2292 -0.1913 1.5952 80 200 120
0.9940 -0.0935 1.7525 80 200 120
4.8423 -0.4241 -1.6645 80 200 120
3.6087 -0.0713 -0.1530 80 200 120
3.3118 2.0311 0.0650 80 200 120
4.4157 2.3659 -0.2906 80 200 120
4.7897 -2.6810 1.5489 80 200 120
3.5110 1.3112 -0.1587 80 200 120
4.7777 -1.0804 0.0773 80 200 120
5.1259 -0.6306 -1.5908 80 200 120
0.1507 0.1559 1.6196 80 200 120
0.3560 2.3798 0.1680 80 200 120
4.8395 3.3172 -1.3155 80 200 120
3.3224 0.8193 -0.4380 80 200 120
3.8695 0.3300 -0.4409 80 200 120
3.7520 3.5539 0.5007 80 200 120
3.8004 -2.4507 0.0343 80 200 120
3.0436 0.3674 -0.9141 80 200 120
3.8695 -2.3395 -0.0347 80 200 120
2.6660 0.8984 -0.2137 80 200 120
3.0383 0.1567 -1.0334 80 200 120
3.8575 -2.4631 0.0541 80 200 120
3.8401 -2.5928 0.1522 80 200 120
3.9783 0.5264 -0.7802 80 200 120
4.8165 -2.3473 0.9358 80 200 120
4.8688 1.4832 0.0063 80 200 120
4.8222 -1.9673 0.8747 80 200 120
3.6674 -3.4376 1.5899 80 200 120
4.9954 2.8800 -1.9715 80 200 120
4.5219 -1.2975 -1.3062 80 200 120
3.8568 -2.3339 -0.0359 80 200 120
2.5806 1.0186 0.6807 80 200 120
2.6158 0.8769 0.4289 80 200 120
4.3945 2.3374 -0.6246 80 200 120
2.2095 0.5967 0.5517 80 200 120
1.4188 1.4275 -0.0719 80 200 120
3.8595 -2.4481 0.0447 80 200 120
3.8394 -2.5856 0.1580 80 200 120
3.9876 -2.7871 0.3796 80 200 120
4.6669 -1.0691 -1.4470 80 200 120
3.3629 1.4283 -0.8351 80 200 120
4.3868 1.2337 -0.5764 80 200 120
4.7752 1.4703 -0.5282 80 200 120
1.0526 3.3426 1.6690 80 200 120
2.0371 1.5840 -0.0917 80 200 120
4.8510 -3.0545 0.9894 80 200 120
4.5967 -1.0949 -0.4386 80 200 120
-0.1122 3.3491 1.1852 80 200 120
2.5757 0.5551 0.9463 80 200 120
2.5784 1.0774 0.3164 80 200 120
3.7625 -2.3845 -0.0181 80 200 120
3.8351 -2.5485 0.1404 80 200 120
4.5768 2.9221 -1.8705 80 200 120
4.5061 -3.5752 1.4262 80 200 120
3.7657 1.2488 -1.6447 80 200 120
4.1674 -2.9267 0.5502 80 200 120
3.3975 -3.0639 0.6475 80 200 120
-0.1106 2.4865 2.0534 80 200 120
4.7818 -1.8858 0.5357 80 200 120
2.8535 3.4140 0.4209 80 200 120
1.6033 3.1952 1.2045 80 200 120
4.8121 -0.7198 -1.4584 80 200 120
3.1199 0.2237 -0.6512 80 200 120
4.6988 -2.3978 -0.0350 80 200 120
3.6089 -3.3317 1.4359 80 200 120
5.6134 -1.8282 -1.7515 80 200 120
5.5999 -2.0802 -1.8262 80 200 120
3.8425 -2.3366 -0.2563 80 200 120
3.8583 -2.3346 -0.1351 80 200 120
5.1686 -0.3458 -1.8241 80 200 120
4.9147 -1.1616 0.9042 80 200 120
0.7420 2.8122 2.2367 80 200 120
3.5278 0.4510 1.7311 80 200 120
5.2172 1.9018 -1.5573 80 200 120
2.0250 1.7109 0.2830 80 200 120
4.7639 -0.5312 -1.3196 80 200 120
4.9209 2.4280 1.6504 80 200 120
4.2389 3.6409 1.5876 80 200 120
3.8685 1.6055 1.6014 80 200 120
4.1513 3.5675 1.2692 80 200 120
5.0498 3.0609 -1.5716 80 200 120
5.1768 2.4427 -1.5761 80 200 120
0.1927 1.3955 1.8464 80 200 120
0.0998 2.4364 2.0001 80 200 120
4.4110 1.3148 -0.9237 80 200 120
2.3786 0.5380 1.2374 80 200 120
2.5620 0.5627 1.6667 80 200 120
2.3817 0.5511 1.6776 80 200 120
4.8991 0.5469 -0.3232 80 200 120
4.8026 -1.8516 1.7744 80 200 120
3.5939 -2.2574 -0.3061 80 200 120
4.0572 -2.4108 -0.1057 80 200 120
3.6937 -3.4710 1.5989 80 200 120
4.9055 0.4462 -1.5544 80 200 120
4.1653 3.7035 0.4641 80 200 120
1.6724 3.0216 1.8551 80 200 120
4.9474 -0.5625 0.2799 80 200 120
3.8106 -2.4961 0.0633 80 200 120
4.5161 -2.3835 -0.0785 80 200 120
5.2230 -0.1748 -1.8248 80 200 120
4.5916 1.7803 -0.6895 80 200 120
4.8684 -0.8953 -0.1303 80 200 120
2.5275 0.5282 1.3528 80 200 120
1.7657 0.6787 1.5825 80 200 120
4.8515 -0.5675 -0.0007 80 200 120
2.7976 0.7510 1.0470 80 200 120
4.9032 0.1060 0.4156 80 200 120
5.2162 -0.8825 -1.7265 80 200 120
2.0158 1.3999 0.2351 80 200 120
5.4603 -1.5618 -1.7090 80 200 120
1.5813 3.1665 1.0686 80 200 120
4.8550 -0.2183 -1.4478 80 200 120
4.9150 2.2562 -1.1187 80 200 120
4.7677 -0.0308 -1.3963 80 200 120
0.2183 2.2155 1.8924 80 200 120
1.2792 4.2913 1.8756 80 200 120
4.9105 -0.9867 -0.4400 80 200 120
0.9973 2.0656 1.5703 80 200 120
4.7483 -1.9961 -0.3256 80 200 120
2.7809 0.9345 -0.2661 80 200 120
0.7424 4.2217 1.8598 80 200 120
4.7940 -2.4063 -0.1892 80 200 120
3.7152 -3.4955 1.6366 80 200 120
4.7604 -1.8179 0.1044 80 200 120
3.2084 -3.5322 1.6149 80 200 120
3.6254 -1.1409 1.7073 80 200 120
4.9587 0.9716 -0.0063 80 200 120
3.6155 0.6047 1.6548 80 200 120
3.6791 -2.2960 -0.1151 80 200 120
3.5977 -2.3811 -0.0451 80 200 120
4.7749 1.3084 -1.3791 80 200 120
3.4098 -2.2055 -0.3195 80 200 120
4.9533 -1.5760 -1.5673 80 200 120
4.9549 1.2161 -1.5722 80 200 120
4.8581 -2.2430 0.5615 80 200 120
2.2233 0.5549 0.5425 80 200 120
2.2082 1.1205 0.4956 80 200 120
4.7673 -0.6173 -1.4731 80 200 120
4.7572 -0.0528 -1.4070 80 200 120
4.6603 -0.4492 -1.4662 80 200 120
3.2196 -2.1413 -0.4128 80 200 120
4.8720 -2.3261 0.0777 80 200 120
4.6080 1.8729 -0.4674 80 200 120
4.9000 -2.6592 0.6842 80 200 120
4.9634 -2.0816 0.8095 80 200 120
4.9887 -2.1806 -1.5289 80 200 120
4.3673 -1.9469 -1.3268 80 200 120
1.3223 4.6949 1.8573 80 200 120
3.1927 -3.5080 1.5760 80 200 120
4.6594 3.5198 0.4299 80 200 120
4.5567 2.2253 1.4005 80 200 120
4.8178 2.6319 1.3087 80 200 120
4.9311 2.0299 0.8709 80 200 120
4.8600 -1.3485 0.6347 80 200 120
4.6324 -2.6253 -0.2742 80 200 120
5.3197 2.2847 -0.5593 80 200 120
4.3169 -2.4845 -0.4948 80 200 120
4.0385 0.9743 -0.6043 80 200 120
3.5692 -2.2418 -0.6004 80 200 120
4.8710 1.4173 1.6008 80 200 120
4.8749 -0.2995 1.5498 80 200 120
4.9913 1.1723 1.1029 80 200 120
4.7626 1.8596 1.2369 80 200 120
4.9301 1.4227 1.0840 80 200 120
4.8310 0.8124 1.6448 80 200 120
4.7048 1.5198 1.5026 80 200 120
4.3266 1.4598 1.6210 80 200 120
4.4156 2.4336 1.6732 80 200 120
4.9731 1.1090 0.6774 80 200 120
4.6089 1.7546 1.5358 80 200 120
1.6724 1.3501 1.6956 80 200 120
3.5499 -2.2232 -0.1295 80 200 120
4.4744 -1.9928 -1.3327 80 200 120
4.9734 0.9914 -0.1059 80 200 120
3.5900 -2.2372 -0.9619 80 200 120
4.8840 3.0087 1.6603 80 200 120
5.0251 0.9463 1.4418 80 200 120
4.8957 1.4678 0.8628 80 200 120
4.9271 -3.3135 1.6358 80 200 120
3.1098 -2.4072 -0.0283 80 200 120
3.1494 -2.3173 -0.0969 80 200 120
1.4774 2.0812 1.3728 80 200 120
3.4772 -2.3661 -0.0818 80 200 120
3.7279 -3.5413 1.7484 80 200 120
4.8833 -1.5373 1.5485 80 200 120
4.8544 -0.7015 1.5658 80 200 120
4.8450 -1.1861 1.5946 80 200 120
4.8912 3.8372 1.0285 80 200 120
4.8696 1.0727 1.5988 80 200 120
4.9601 0.5107 1.3730 80 200 120
4.8670 0.5963 0.3947 80 200 120
4.8667 0.8840 0.3998 80 200 120
3.5696 0.9146 1.5145 80 200 120
5.0480 -0.4980 0.8860 80 200 120
4.8962 1.4422 0.7279 80 200 120
5.0213 0.0973 1.1807 80 200 120
4.9119 0.3851 1.5271 80 200 120
5.0262 0.9912 1.2746 80 200 120
4.4173 0.1748 1.6845 80 200 120
5.0199 1.0108 1.0807 80 200 120
4.5770 0.6518 1.7222 80 200 120
3.9038 2.0177 1.4312 80 200 120
4.7255 1.2617 1.3104 80 200 120
4.9808 0.4392 0.8895 80 200 120
3.3771 0.6855 1.6439 80 200 120
4.6344 1.1182 1.7497 80 200 120
3.7117 3.0615 1.5330 80 200 120
5.0303 -0.1945 1.1163 80 200 120
3.4323 0.8068 1.5537 80 200 120
5.0011 0.9152 0.6500 80 200 120
4.8894 -0.0341 1.5417 80 200 120
3.0704 1.7207 0.8021 80 200 120
4.9614 -0.1982 0.4393 80 200 120
3.8304 0.2634 1.7046 80 200 120
3.3798 2.6147 0.5671 80 200 120
2.8023 0.7921 0.8812 80 200 120
4.9915 -0.7255 1.1109 80 200 120
5.0089 0.6834 0.9723 80 200 120
5.0672 -3.2824 1.3319 80 200 120
4.9483 -2.9106 0.5801 80 200 120
4.7946 -1.0106 -0.4507 80 200 120
4.9766 1.8762 0.1548 80 200 120
3.6859 -0.3088 1.7255 80 200 120
5.3423 -3.7466 1.3682 80 200 120
4.9590 3.3462 1.3706 80 200 120
4.9476 -0.7782 1.3305 80 200 120
5.0030 0.5954 1.1020 80 200 120
5.0207 -0.0716 1.2652 80 200 120
5.0303 -0.0155 0.9984 80 200 120
4.8483 -1.7209 1.4026 80 200 120
4.9821 1.2416 0.4169 80 200 120
4.6545 3.7948 0.5322 80 200 120
4.2744 3.9142 0.1034 80 200 120
2.2701 0.5694 1.5624 80 200 120
2.2440 0.6159 0.7330 80 200 120
2.2290 0.6309 1.0218 80 200 120
4.9383 0.6756 -0.3466 80 200 120
4.7742 1.9342 0.7504 80 200 120
5.0129 -0.1377 -0.0900 80 200 120
3.9894 -0.7880 1.7703 80 200 120
2.5498 0.5372 1.1741 80 200 120
2.2360 0.6762 0.4493 80 200 120
4.8929 -0.9946 -0.4428 80 200 120
3.1832 -3.4933 1.5624 80 200 120
5.0093 -0.4664 0.6306 80 200 120
4.9823 -0.2676 0.7852 80 200 120
4.8655 -1.3836 1.1607 80 200 120
3.0830 0.7992 1.3295 80 200 120
4.7180 -2.3737 -0.1776 80 200 120
4.7496 -2.0354 -0.3326 80 200 120
3.3558 -2.4067 -0.4041 80 200 120
3.0196 -2.0191 -0.4168 80 200 120
4.7634 -2.1209 1.6534 80 200 120
3.3484 -0.0838 1.6860 80 200 120
4.4142 3.1046 0.4186 80 200 120
3.4791 1.8999 1.0349 80 200 120
3.2328 -2.0941 -0.2638 80 200 120
2.1919 2.9845 1.4096 80 200 120
3.0184 -2.2596 -0.1759 80 200 120
4.6982 -2.6457 1.4958 80 200 120
4.9405 -1.0368 0.0795 80 200 120
3.3039 -2.5075 -0.0255 80 200 120
4.7121 -2.1556 -1.4079 80 200 120
3.8518 -2.3093 -1.0544 80 200 120
2.5008 0.4706 1.6012 80 200 120
5.7059 -2.0426 -1.9164 80 200 120
2.2777 0.6404 1.6926 80 200 120
4.8986 0.9575 -0.0693 80 200 120
4.9231 0.5769 0.4677 80 200 120
3.0955 -2.3463 -0.0391 80 200 120
3.5677 -2.4706 -0.0545 80 200 120
2.7198 3.5489 1.2288 80 200 120
2.7510 -1.8585 -0.3938 80 200 120
3.6331 1.9855 0.3112 80 200 120
1.5751 2.9463 1.8004 80 200 120
4.9952 -1.3406 0.6986 80 200 120
4.9518 -1.7335 0.1732 80 200 120
3.1185 -3.4117 1.5023 80 200 120
4.9796 -2.4000 0.9746 80 200 120
5.0256 -1.9999 0.9145 80 200 120
4.9518 1.6330 0.3668 80 200 120
4.6784 -2.8354 0.1918 80 200 120
3.3179 -2.2778 -0.8947 80 200 120
4.3342 -3.1330 0.5511 80 200 120
2.9652 0.8979 0.4224 80 200 120
2.6226 -2.7270 -0.1864 80 200 120
2.2613 0.6688 0.9157 80 200 120
4.8105 -0.9842 -0.4390 80 200 120
3.0141 -3.5125 -0.0892 80 200 120
2.9141 -2.8978 -0.0498 80 200 120
4.9474 -1.5533 -0.8199 80 200 120
4.6557 -2.9331 0.9209 80 200 120
2.9357 -2.6667 -0.0955 80 200 120
2.2493 0.6228 0.6424 80 200 120
3.1198 3.5218 1.5840 80 200 120
3.5805 -2.2051 -0.3366 80 200 120
4.9468 0.6640 -0.3541 80 200 120
4.3055 -3.4227 1.3720 80 200 120
4.9115 1.5119 -0.3878 80 200 120
4.1063 -3.9050 -0.8081 80 200 120
2.5901 0.5105 0.4235 80 200 120
2.2745 0.6883 1.3292 80 200 120
2.5506 -2.5995 -0.5064 80 200 120
4.9487 -1.9102 0.5027 80 200 120
2.9479 -3.3952 -0.1192 80 200 120
4.6158 -1.4232 -1.4262 80 200 120
4.6423 -1.0453 -1.4596 80 200 120
4.5682 -0.7877 -1.3756 80 200 120
4.9804 -1.0005 -0.4549 80 200 120
3.5087 -2.3758 -0.9832 80 200 120
3.0720 -2.4126 -0.7275 80 200 120
4.8649 0.9110 -0.1100 80 200 120
1.6760 -1.4369 -0.1690 80 200 120
3.6007 -2.5113 -0.5287 80 200 120
2.6226 -2.2092 -0.0297 80 200 120
2.1714 -3.0384 -0.2319 80 200 120
4.9668 1.9750 0.1157 80 200 120
3.3602 3.5200 1.5992 80 200 120
5.1209 -1.1864 0.9145 80 200 120
3.2701 0.3154 1.5669 80 200 120
3.9518 -2.4018 -1.5701 80 200 120
4.1232 -2.4452 -1.2334 80 200 120
2.5274 -2.2922 -0.0845 80 200 120
2.2321 -1.9671 -0.4542 80 200 120
2.4004 0.9035 1.1797 80 200 120
3.6760 3.4777 1.2526 80 200 120
3.7001 -2.5489 -1.1194 80 200 120
4.9546 -2.1184 -0.3977 80 200 120
2.5371 0.4757 1.4383 80 200 120
2.8671 -2.8452 -0.0213 80 200 120
2.8392 0.6830 0.8789 80 200 120
2.6889 0.5448 1.0590 80 200 120
2.6162 0.5898 0.9022 80 200 120
2.6681 -2.8915 -0.0699 80 200 120
4.8704 -1.5410 -1.5456 80 200 120
2.4814 0.4587 1.6242 80 200 120
4.7568 -0.5813 -1.4814 80 200 120
4.4268 -2.3079 -1.3538 80 200 120
2.5509 3.5363 1.6055 80 200 120
4.4060 3.2166 1.5178 80 200 120
2.6256 0.5848 0.9029 80 200 120
2.5790 0.5279 1.0899 80 200 120
4.4627 -1.7874 1.6115 80 200 120
3.9111 3.4646 0.2033 80 200 120
4.8461 -1.2536 -1.4609 80 200 120
1.5152 -1.4058 0.0148 80 200 120
4.8006 -6.9355 -1.0629 80 200 120
5.0509 -0.5897 0.2601 80 200 120
2.2786 -1.8382 -0.0481 80 200 120
4.5800 3.2200 0.4514 80 200 120
2.4521 -2.7672 -0.2874 80 200 120
4.9347 -2.0676 -1.9111 80 200 120
3.5152 -3.7547 -0.9301 80 200 120
2.5228 0.4665 0.7044 80 200 120
4.6311 0.0708 0.3602 80 200 120
3.1787 -2.1549 1.6483 80 200 120
2.5225 0.9913 0.8998 80 200 120
4.6225 -2.0529 -1.4019 80 200 120
2.9276 -2.6384 -0.7084 80 200 120
2.5561 -2.7180 1.5550 80 200 120
1.7893 -1.1549 -0.0421 80 200 120
3.7270 -1.1367 1.7113 80 200 120
4.3684 -3.2213 0.2054 80 200 120
4.7214 3.3592 0.9633 80 200 120
4.1895 -2.6001 1.6919 80 200 120
3.6554 -2.2279 -1.4185 80 200 120
3.2516 -2.3065 -1.5394 80 200 120
2.8174 -2.8084 -0.9180 80 200 120
3.1582 -2.5406 -1.1726 80 200 120
2.8762 0.3579 1.3557 80 200 120
2.4955 -2.8005 -1.2901 80 200 120
2.5917 -2.6774 -1.3517 80 200 120
2.2465 -2.0202 -0.8446 80 200 120
3.6171 -3.2384 1.1166 80 200 120
4.0846 -1.2500 -1.2044 80 200 120
3.0989 3.2887 1.5304 80 200 120
5.1083 -1.1405 -1.6249 80 200 120
5.0642 -2.3118 0.4764 80 200 120
5.2320 -2.4850 0.0271 80 200 120
2.6637 0.4415 1.2431 80 200 120
3.0506 -2.4181 -1.6278 80 200 120
3.6416 -2.1757 -0.5891 80 200 120
2.5868 -6.9062 -1.1393 80 200 120
3.1015 -2.1454 -1.3697 80 200 120
2.5820 -5.0988 -0.7426 80 200 120
4.9594 3.1200 0.8041 80 200 120
4.9827 0.6208 -0.3840 80 200 120
4.8157 -1.2316 -1.8604 80 200 120
3.9508 1.9984 -0.0986 80 200 120
2.6994 0.5410 0.7371 80 200 120
2.6187 0.4807 0.8708 80 200 120
5.0065 -2.7001 0.6119 80 200 120
5.0044 -2.1017 0.7211 80 200 120
2.8931 -9.5699 -1.2706 80 200 120
2.4035 0.7390 1.3884 80 200 120
3.4852 -4.0931 -0.6206 80 200 120
5.0760 2.9783 1.5661 80 200 120
2.6480 0.4892 1.1032 80 200 120
2.5527 0.4774 0.9042 80 200 120
2.6142 0.4620 1.3072 80 200 120
2.3119 -2.3329 -1.3281 80 200 120
2.4779 -2.1867 -1.3749 80 200 120
1.3091 -1.5112 0.0106 80 200 120
2.7144 -2.0886 -1.3513 80 200 120
1.0493 -3.2901 -0.3987 80 200 120
3.0268 3.1839 1.4742 80 200 120
4.0990 3.2332 1.1254 80 200 120
1.3151 -2.3073 -0.4764 80 200 120
4.4461 -2.2132 -1.5832 80 200 120
1.7160 -2.5902 -0.8839 80 200 120
2.9050 -3.4333 1.1036 80 200 120
2.6019 0.4137 0.8701 80 200 120
4.4233 -0.2880 1.3154 80 200 120
2.8016 0.4440 0.7053 80 200 120
2.8157 0.3653 1.0613 80 200 120
2.5551 0.4379 0.8376 80 200 120
2.6488 0.4994 0.9980 80 200 120
2.8593 0.4375 0.4857 80 200 120
5.4415 -3.4399 -0.7310 80 200 120
1.0576 -2.3408 -0.0942 80 200 120
4.0960 -0.0175 -0.6330 80 200 120
1.7256 -1.4311 0.1123 80 200 120
1.7808 -3.6810 0.2450 80 200 120
3.4108 -3.1523 0.4838 80 200 120
2.3998 -0.5639 -0.5743 80 200 120
2.9198 -0.4688 -0.4495 80 200 120
2.6494 -0.1564 -0.4478 80 200 120
3.5421 0.3721 -0.5624 80 200 120
2.4180 0.7438 0.4687 80 200 120
2.6730 0.4310 1.1535 80 200 120
2.6810 0.4052 1.2287 80 200 120
2.1358 -2.2818 -1.4320 80 200 120
0.9921 -2.7621 -0.3024 80 200 120
1.4781 -2.6684 -0.6718 80 200 120
2.0109 -2.7143 -0.9057 80 200 120
5.5040 2.4532 -0.8098 80 200 120
4.7846 3.3309 0.9546 80 200 120
3.4249 -1.9127 -1.6286 80 200 120
4.9815 3.0951 0.7634 80 200 120
2.6803 -2.2943 -1.5098 80 200 120
2.7540 -2.0737 -1.3640 80 200 120
2.4734 0.6888 1.5977 80 200 120
2.6286 0.7839 1.4706 80 200 120
3.3842 -1.5458 -1.5924 80 200 120
1.3976 -2.6200 -0.9259 80 200 120
2.9196 0.3822 0.8866 80 200 120
2.7090 0.3731 1.2992 80 200 120
3.7879 -2.3883 1.1766 80 200 120
2.8464 -2.5424 1.2895 80 200 120
5.0935 1.9564 1.5168 80 200 120
2.5028 -0.4406 1.5805 80 200 120
1.0969 -1.4279 -0.0054 80 200 120
1.0641 -2.3280 -0.2906 80 200 120
2.2416 0.2678 -0.3790 80 200 120
2.8450 0.8945 -0.2048 80 200 120
2.4740 -0.1015 -0.4573 80 200 120
1.3484 -1.6800 0.0578 80 200 120
3.2134 -2.1272 -1.4403 80 200 120
2.4829 0.4346 1.5411 80 200 120
5.1356 2.0227 0.7775 80 200 120
2.7075 0.8622 0.1952 80 200 120
3.8239 -0.3836 -0.5627 80 200 120
1.0187 -2.5004 -0.5197 80 200 120
0.8263 -3.7428 -0.6089 80 200 120
4.0640 0.4381 -0.5628 80 200 120
4.3968 -1.3829 1.3051 80 200 120
4.7283 -0.7397 1.4042 80 200 120
4.7041 -1.1767 1.4185 80 200 120
2.7780 0.3759 1.0008 80 200 120
3.0113 0.2868 0.8670 80 200 120
5.0423 -0.5770 0.8102 80 200 120
4.5378 0.0268 1.0228 80 200 120
3.0423 0.2333 0.9636 80 200 120
2.8310 0.4025 0.7924 80 200 120
3.2482 0.1133 1.2884 80 200 120
2.7754 0.3395 1.1579 80 200 120
3.6571 0.2835 0.6899 80 200 120
2.7355 0.3387 1.3688 80 200 120
2.7179 0.3998 1.1312 80 200 120
4.5553 -0.2305 0.9548 80 200 120
3.5936 0.0075 1.1082 80 200 120
4.5954 -0.2411 0.3403 80 200 120
2.9697 0.1827 1.3634 80 200 120
5.0825 -0.8158 1.0071 80 200 120
3.3004 0.3856 0.6998 80 200 120
2.6606 0.4265 1.1809 80 200 120
4.4530 -2.7751 1.0442 80 200 120
4.7660 -2.7878 0.4762 80 200 120
3.3722 -0.3183 1.4872 80 200 120
4.0271 -2.7199 0.9536 80 200 120
1.8262 -2.2044 -1.3856 80 200 120
2.6016 -1.3766 -1.5940 80 200 120
1.2402 -2.3927 -1.0680 80 200 120
2.7411 -0.5348 -0.5513 80 200 120
3.6462 -4.9032 -0.8942 80 200 120
3.1690 0.8898 1.2598 80 200 120
0.7493 -1.2132 0.1100 80 200 120
3.8035 0.4608 -0.2220 80 200 120
5.0859 -0.8799 1.1743 80 200 120
3.0761 0.3258 0.7426 80 200 120
4.0540 -0.0668 0.9949 80 200 120
4.2377 -0.0447 0.7889 80 200 120
4.5862 -1.6264 1.2101 80 200 120
4.5420 -0.1632 -0.1273 80 200 120
3.4774 1.0518 1.5385 80 200 120
2.3303 -2.0708 -1.7774 80 200 120
3.2998 3.5103 1.5815 80 200 120
4.6600 3.3164 0.4324 80 200 120
5.1342 2.2048 -0.7690 80 200 120
1.1939 -2.9256 -0.9007 80 200 120
3.2764 -0.5856 1.4467 80 200 120
0.9844 -3.1423 -1.3623 80 200 120
4.9071 2.6561 -0.2432 80 200 120
2.5833 -0.8454 -0.8970 80 200 120
4.8672 -0.5267 0.4990 80 200 120
4.6662 -0.3109 0.6909 80 200 120
5.1991 -1.5443 1.0354 80 200 120
4.3785 -2.6184 -1.3829 80 200 120
2.9834 0.8736 0.7725 80 200 120
2.3650 -2.6801 -0.3672 80 200 120
2.4780 -0.6742 -0.5810 80 200 120
3.1198 -2.1931 -1.4474 80 200 120
3.5850 -1.4701 1.2117 80 200 120
3.0781 -0.0978 1.4527 80 200 120
0.8293 -1.2020 0.0087 80 200 120
0.9147 -1.7767 -0.0863 80 200 120
2.6793 0.2272 -0.5293 80 200 120
1.2632 -2.3466 -1.0743 80 200 120
2.8884 -1.0560 -0.9908 80 200 120
1.0863 -2.0265 -1.2933 80 200 120
5.0854 1.5169 0.3210 80 200 120
1.2478 -2.9341 -0.6493 80 200 120
4.7238 3.1652 1.4821 80 200 120
0.8046 -3.7544 -1.8680 80 200 120
3.7203 -1.9177 1.1123 80 200 120
5.1310 -1.1888 -0.0196 80 200 120
3.0454 0.7604 0.6998 80 200 120
2.6344 -3.6838 -0.4962 80 200 120
3.7420 -0.5454 -0.5631 80 200 120
1.1440 -2.6592 -0.8147 80 200 120
2.5493 -2.4746 -0.3715 80 200 120
-0.7625 -3.0058 -0.6675 80 200 120
2.5960 0.2215 -0.5137 80 200 120
1.0541 -2.5221 -0.1071 80 200 120
0.9336 -2.9122 -0.2471 80 200 120
3.9682 -1.6116 -0.2931 80 200 120
1.0692 -2.2660 -1.4800 80 200 120
2.3526 -4.1437 -0.6213 80 200 120
3.2791 3.3586 1.5019 80 200 120
2.6638 -1.4153 -1.6228 80 200 120
4.8442 2.9526 0.7304 80 200 120
2.8897 -2.0585 -0.0596 80 200 120
3.1888 -2.1406 -0.0770 80 200 120
4.9534 -1.3948 0.6154 80 200 120
4.9737 -1.8021 0.0627 80 200 120
0.9642 -3.2011 -1.5262 80 200 120
3.7331 -2.2771 -1.4874 80 200 120
-0.4269 -3.0493 -0.7879 80 200 120
3.0149 -1.2820 -1.1092 80 200 120
2.6233 -1.0614 -1.2340 80 200 120
2.7356 -2.8583 1.1988 80 200 120
3.0741 0.7284 0.0591 80 200 120
4.0675 -2.3526 -1.1625 80 200 120
3.2462 3.2734 1.4715 80 200 120
4.5712 -2.1617 0.8346 80 200 120
5.0960 -2.0685 0.8198 80 200 120
9.5310 -6.3721 -0.0568 80 200 120
10.4515 -8.3101 0.4889 80 200 120
2.0984 -0.9317 -1.6231 80 200 120
-0.4489 -3.2237 -0.8737 80 200 120
2.4195 0.2244 -0.4966 80 200 120
0.9325 -3.0819 -1.4402 80 200 120
2.5231 0.2966 -0.3255 80 200 120
4.7102 2.6932 1.4354 80 200 120
-0.3023 -3.3507 0.1723 80 200 120
-0.0554 -3.2664 -1.4634 80 200 120
0.7324 -3.6313 -1.6615 80 200 120
0.4277 -3.7966 -1.7063 80 200 120
1.2504 -2.6140 -1.7103 80 200 120
3.8955 -1.9791 -1.5801 80 200 120
1.6327 -2.7426 -1.7649 80 200 120
-0.9100 -3.3513 -0.9100 80 200 120
2.0454 0.2053 -0.5331 80 200 120
2.1507 -0.7852 -1.3595 80 200 120
-2.7307 -3.4705 0.5402 80 200 120
-3.5814 -3.2585 1.5210 80 200 120
-1.3766 -3.1948 -0.9393 80 200 120
1.9567 -2.7012 -1.8001 80 200 120
5.8142 -3.7642 0.8798 80 200 120
5.2596 1.1857 1.4930 80 200 120
2.8431 -0.6543 -0.4705 80 200 120
2.5193 0.7158 -0.3370 80 200 120
2.1986 -1.0741 -1.7382 80 200 120
2.2820 0.4347 -0.6009 80 200 120
3.0845 0.2556 1.1381 80 200 120
4.5916 -3.6938 1.2634 80 200 120
1.5171 -2.7057 -0.2316 80 200 120
2.5663 -0.1583 -0.4467 80 200 120
5.4726 -0.9374 0.0772 80 200 120
2.6206 -1.0488 -1.5898 80 200 120
2.8017 0.2955 -0.3677 80 200 120
0.9710 -2.3929 -1.4255 80 200 120
5.6411 -2.3498 0.4323 80 200 120
3.7285 -0.5714 -0.2430 80 200 120
3.0951 -2.3721 -0.7323 80 200 120
2.6660 0.0380 -0.2902 80 200 120
4.9816 1.0075 0.8666 80 200 120
2.4461 0.2244 -0.5069 80 200 120
1.8596 -0.3057 -0.7258 80 200 120
0.0565 -3.5626 -1.6329 80 200 120
4.8808 3.0818 1.4332 80 200 120
-0.2998 -2.9003 -1.4166 80 200 120
-0.4002 -2.8020 -0.7270 80 200 120
1.2300 -1.6274 -1.1605 80 200 120
-0.7605 -2.2919 -0.6003 80 200 120
1.2899 -2.2839 -1.4551 80 200 120
6.0522 -1.7235 0.8712 80 200 120
2.6419 0.2738 1.3188 80 200 120
3.2457 -2.2302 -0.9891 80 200 120
2.6783 0.3342 1.4414 80 200 120
-1.7024 -2.9393 -0.7867 80 200 120
-1.2013 -2.6751 -0.7709 80 200 120
3.4596 -5.2420 -0.6769 80 200 120
1.4703 -1.3734 0.1057 80 200 120
2.4104 -2.8869 -0.3355 80 200 120
4.1470 -2.6263 -0.2368 80 200 120
2.2084 0.1436 -0.5732 80 200 120
1.7019 0.6134 -0.4807 80 200 120
3.3307 3.3090 1.4604 80 200 120
-0.3515 -2.6911 1.4313 80 200 120
2.0587 0.0438 -0.3145 80 200 120
4.9396 -2.1700 1.5936 80 200 120
-1.6572 -2.7241 -0.7602 80 200 120
-1.1741 -2.4192 -0.7251 80 200 120
-0.3548 -2.7458 -1.6357 80 200 120
-3.1007 -3.3991 -0.1618 80 200 120
4.8482 1.4720 0.2869 80 200 120
-4.4699 -3.1547 1.5205 80 200 120
1.9705 -0.2011 -0.2608 80 200 120
-2.6662 -3.3916 0.5462 80 200 120
4.7830 -0.3854 0.1990 80 200 120
4.0716 -2.9234 1.8106 80 200 120
2.0401 -1.6450 -0.4871 80 200 120
2.6084 -2.6479 1.4343 80 200 120
-0.9407 -1.0784 -0.5972 80 200 120
2.5806 -1.1269 -1.4782 80 200 120
1.9822 -0.3785 -0.7268 80 200 120
2.3020 0.4766 -0.8015 80 200 120
0.4423 -3.3361 -1.6296 80 200 120
1.7673 -0.0681 -1.0776 80 200 120
0.7444 -1.3662 -1.0100 80 200 120
-3.6344 -2.4138 0.9221 80 200 120
11.1360 -5.7907 3.7352 80 200 120
4.9315 -3.2060 1.7202 80 200 120
2.2799 -2.1289 -0.7129 80 200 120
2.5001 -1.8332 -0.8669 80 200 120
4.1815 -2.3321 -1.6884 80 200 120
0.9433 -2.3683 -1.3758 80 200 120
1.8358 -2.1593 -0.1487 80 200 120
-3.2042 -2.0432 1.1769 80 200 120
3.1050 0.1232 1.3842 80 200 120
1.2305 -1.0497 -0.6667 80 200 120
3.4665 -3.0631 1.0007 80 200 120
0.8497 -2.8074 -1.3626 80 200 120
3.5614 -2.1516 -0.3362 80 200 120
3.1320 -2.0839 -1.3890 80 200 120
-0.1528 -2.2665 -1.1112 80 200 120
4.5596 0.5391 -0.4218 80 200 120
0.1410 -3.2918 -0.0097 80 200 120
4.9786 -2.3245 0.4035 80 200 120
4.7321 -2.2676 0.0374 80 200 120
3.3211 0.0989 1.3792 80 200 120
0.3552 0.1727 -0.7038 80 200 120
-0.4194 -2.1580 -0.6184 80 200 120
-0.6957 -3.1633 1.1165 80 200 120
1.7512 -0.0798 -1.0947 80 200 120
0.7377 -0.3529 -0.7366 80 200 120
0.7553 -1.9614 -0.7666 80 200 120
-2.6685 -0.6750 0.8934 80 200 120
4.8741 -2.6561 0.5572 80 200 120
5.1404 -2.2073 0.6641 80 200 120
2.2115 -1.5859 -1.2435 80 200 120
0.6568 -3.1402 -1.4250 80 200 120
2.3746 -0.6458 -0.8693 80 200 120
2.4750 -3.1956 1.4557 80 200 120
3.1990 3.2019 1.4214 80 200 120
2.6578 0.1928 -1.0502 80 200 120
4.7575 3.0612 1.3545 80 200 120
-0.7993 -1.7047 -0.5014 80 200 120
1.9037 -3.0194 -0.2867 80 200 120
2.7347 3.2912 1.4588 80 200 120
4.1202 -0.1336 0.8560 80 200 120
3.1500 0.1642 1.4205 80 200 120
0.6612 -0.4027 -0.5266 80 200 120
3.1536 -3.6856 1.0597 80 200 120
-0.4012 -2.2935 -1.4017 80 200 120
-1.5731 -2.2915 -0.6307 80 200 120
0.0565 -0.4378 -0.6619 80 200 120
-0.9320 -0.9857 -0.5617 80 200 120
-1.0661 -1.7186 -0.4967 80 200 120
0.3198 -0.1495 -0.5226 80 200 120
3.9043 0.3144 -1.0627 80 200 120
0.2319 -2.8617 -1.3615 80 200 120
14.8156 -2.5738 1.4156 80 200 120
-2.9008 -3.3118 -0.0640 80 200 120
-1.2063 -0.9618 -0.5655 80 200 120
-2.0610 -3.1340 -0.4135 80 200 120
4.8854 -0.6112 1.2342 80 200 120
4.3292 -0.2500 1.2519 80 200 120
4.5677 -0.2454 1.2335 80 200 120
1.5537 -3.1097 0.2037 80 200 120
4.5400 -4.3316 0.4867 80 200 120
3.8733 2.9501 0.2975 80 200 120
4.9244 0.5125 -0.4600 80 200 120
4.3626 2.7909 0.6853 80 200 120
3.3091 -1.9631 -0.3683 80 200 120
3.6926 -0.0005 1.3183 80 200 120
3.4532 0.0356 1.3728 80 200 120
1.7036 -2.1230 -0.7280 80 200 120
2.8221 0.5211 1.5984 80 200 120
2.9725 0.6308 1.4725 80 200 120
1.3198 -2.2455 -0.7920 80 200 120
2.4324 -0.6298 -0.8168 80 200 120
2.3213 -0.2645 -0.6292 80 200 120
13.5379 -2.1636 -2.1164 80 200 120
1.2297 -0.5404 -1.0944 80 200 120
24.1471 -4.9399 -0.2182 80 200 120
0.7592 -0.3523 -0.8375 80 200 120
3.3574 0.0373 1.4324 80 200 120
5.5096 -3.7420 1.4146 80 200 120
4.0449 -3.6767 1.5184 80 200 120
4.6896 1.7224 1.3519 80 200 120
3.3593 -0.9231 1.8439 80 200 120
3.0864 0.1540 1.6817 80 200 120
0.6800 -3.0363 -0.4886 80 200 120
0.7903 -3.5039 -1.5469 80 200 120
1.5619 -1.7791 -0.1645 80 200 120
-0.7925 -1.1865 -0.8142 80 200 120
-0.2847 0.3046 -0.5323 80 200 120
3.9160 -0.0558 -1.0627 80 200 120
-1.2662 -1.3729 -0.5015 80 200 120
2.1494 -3.5164 1.2300 80 200 120
6.3022 -2.4642 1.6142 80 200 120
5.8221 -1.2702 1.5347 80 200 120
6.1788 -1.9335 1.6462 80 200 120
4.2565 -0.2094 1.1391 80 200 120
4.1145 -0.2157 0.9725 80 200 120
3.9989 -0.2736 1.3789 80 200 120
3.7024 -0.0642 1.2864 80 200 120
3.3048 0.0262 1.4951 80 200 120
3.6471 0.0052 1.2532 80 200 120
4.3518 -0.3620 1.0816 80 200 120
4.2274 -0.3019 0.2344 80 200 120
3.7521 -0.2211 1.5295 80 200 120
5.1179 -0.9289 0.9354 80 200 120
3.5377 0.0440 1.3219 80 200 120
5.3774 -3.4935 1.0874 80 200 120
4.8777 -2.9183 0.4552 80 200 120
5.6190 -1.3836 2.0822 80 200 120
5.2040 -3.7147 0.9949 80 200 120
4.4774 0.5707 1.4811 80 200 120
3.9503 0.9675 -1.1519 80 200 120
-2.5057 -3.0415 0.5210 80 200 120
4.3929 0.3094 -1.1555 80 200 120
3.6079 3.2012 1.4100 80 200 120
5.6112 -1.1894 1.1301 80 200 120
6.0919 -2.5120 1.4099 80 200 120
3.1610 0.1375 -0.1100 80 200 120
4.4616 0.7775 1.7574 80 200 120
3.6699 0.4071 -1.4354 80 200 120
4.6652 2.0019 -0.7192 80 200 120
-0.0290 0.2740 -0.4953 80 200 120
4.6106 2.8438 0.6848 80 200 120
3.0680 -1.4839 -1.4627 80 200 120
5.7856 -1.9053 2.1505 80 200 120
1.2179 0.4181 -0.9697 80 200 120
3.7905 2.8946 1.1682 80 200 120
54.4683 -14.2923 1.7845 80 200 120
0.5016 -3.7850 -1.7283 80 200 120
2.2623 3.1446 1.3922 80 200 120
-2.5230 -0.0757 0.8643 80 200 120
0.8650 -2.7716 -1.2994 80 200 120
-2.1215 -0.1502 0.8415 80 200 120
4.1247 -0.3733 0.3996 80 200 120
5.4319 -1.7213 1.0081 80 200 120
2.2510 0.5218 -1.1696 80 200 120
0.6553 -1.4594 -1.0135 80 200 120
-2.8439 -0.6304 0.8495 80 200 120
2.6315 2.9969 1.2517 80 200 120
-2.8421 -2.9199 -0.1393 80 200 120
0.3140 1.7185 1.2458 80 200 120
-1.6076 -3.0043 -0.3540 80 200 120
-1.2564 -0.7105 -0.6532 80 200 120
-0.8934 -1.0606 -0.5860 80 200 120
3.5453 2.3852 -0.2094 80 200 120
-1.1612 -3.4050 -0.6865 80 200 120
6.4438 -3.3143 1.7898 80 200 120
4.9633 -0.9770 1.9998 80 200 120
1.5823 -0.3236 -1.4060 80 200 120
-2.1160 -0.0824 0.6313 80 200 120
-1.5589 -2.1200 -0.5741 80 200 120
-2.0884 -0.1443 0.8254 80 200 120
1.7141 0.2336 -1.1611 80 200 120
0.5536 0.0646 -0.5892 80 200 120
0.6836 -3.1675 -1.4356 80 200 120
-0.1854 0.3882 -0.4558 80 200 120
5.4426 -3.1552 1.3853 80 200 120
4.7663 -1.1610 0.0394 80 200 120
3.2241 0.5510 -1.4682 80 200 120
-0.8105 -0.7140 -0.6194 80 200 120
3.5481 2.8467 1.1400 80 200 120
2.5806 0.6501 0.2993 80 200 120
-3.9773 -2.5831 1.3458 80 200 120
-2.0227 0.0370 1.0041 80 200 120
4.3934 2.0700 -0.7340 80 200 120
4.2317 2.4521 -0.2260 80 200 120
2.0807 3.0853 1.3633 80 200 120
-0.9992 -1.9867 -0.5464 80 200 120
-0.2583 0.1373 -0.4006 80 200 120
1.3928 -2.7684 -0.8223 80 200 120
-1.3194 -1.9957 -0.5840 80 200 120
-1.3806 -0.5081 -0.5981 80 200 120
-1.0624 -0.5785 -0.5895 80 200 120
2.5217 2.9432 1.2360 80 200 120
-2.3834 -1.5363 0.0142 80 200 120
2.4357 -2.4323 -0.3585 80 200 120
3.8606 1.7549 -1.1715 80 200 120
2.2124 -4.3359 -0.0982 80 200 120
1.3420 -3.5138 -0.2150 80 200 120
3.2934 -1.3075 -0.1999 80 200 120
4.3177 2.8164 0.6314 80 200 120
-2.3610 -2.3650 0.4508 80 200 120
3.9911 -1.9906 -1.5747 80 200 120
1.1720 -0.3502 -1.0880 80 200 120
-0.3661 0.4323 -0.4518 80 200 120
3.8728 -2.9595 -0.0848 80 200 120
5.2114 -1.5608 0.6221 80 200 120
4.7593 -1.7795 0.0689 80 200 120
4.6950 1.2262 -1.6843 80 200 120
0.0531 0.2479 -0.4801 80 200 120
-3.9987 -3.0490 1.0459 80 200 120
2.3248 0.7597 -0.2665 80 200 120
4.5399 0.8145 0.0283 80 200 120
1.9799 -0.1281 -1.0923 80 200 120
3.5879 -3.7462 1.3547 80 200 120
1.4726 -3.1737 -0.3619 80 200 120
5.9283 -3.0038 1.0167 80 200 120
5.7363 -2.4165 0.9003 80 200 120
2.4923 0.4856 -1.6546 80 200 120
-0.1073 -3.6481 0.2136 80 200 120
-0.8000 -1.5945 -0.5096 80 200 120
4.9607 3.1064 1.4136 80 200 120
4.2037 0.8802 -1.3827 80 200 120
-0.6307 -0.9902 -0.8746 80 200 120
-2.8215 -1.3479 0.9375 80 200 120
-1.1843 -0.5105 -0.8016 80 200 120
-0.6608 -3.5552 0.4954 80 200 120
4.1997 1.9543 -1.5422 80 200 120
-0.1282 0.1628 -0.5388 80 200 120
1.5272 -2.1976 -0.7770 80 200 120
5.3257 2.9725 0.7891 80 200 120
3.5744 2.9367 -0.4996 80 200 120
-2.1065 -0.4284 0.8215 80 200 120
-1.6184 -2.0528 -0.5895 80 200 120
-1.4021 -0.4780 -0.7442 80 200 120
-4.0627 -3.0983 1.0417 80 200 120
-4.1885 -2.8831 1.4444 80 200 120
5.9670 -3.7909 0.8920 80 200 120
2.4775 2.5268 -0.9227 80 200 120
3.3542 2.4760 -1.2471 80 200 120
6.1244 1.0154 1.6949 80 200 120
3.6602 1.6330 -1.6972 80 200 120
-2.0729 -0.8312 -0.5597 80 200 120
3.8633 3.4000 1.6978 80 200 120
1.9766 2.9535 -0.0316 80 200 120
1.2339 -2.7735 -1.4972 80 200 120
-0.5648 -1.3587 -0.7264 80 200 120
2.7152 0.1570 -1.5961 80 200 120
0.4936 -0.8162 -0.9317 80 200 120
4.5529 2.5133 -0.2599 80 200 120
3.2781 0.1480 1.1030 80 200 120
5.2726 -4.2427 1.3522 80 200 120
2.0640 2.9612 -0.7153 80 200 120
1.9635 2.6476 -0.8068 80 200 120
2.6743 0.3038 -0.3071 80 200 120
-0.2480 0.2843 -1.0663 80 200 120
0.9459 -0.2532 -0.5379 80 200 120
0.4491 -0.1324 -0.5228 80 200 120
0.2094 -0.1037 -0.6078 80 200 120
5.5172 1.3591 -0.4841 80 200 120
-4.3785 -3.0948 1.5172 80 200 120
-2.5764 -0.5539 0.9347 80 200 120
-2.0285 -2.6279 -0.3935 80 200 120
-4.2263 -3.4530 1.1647 80 200 120
2.5336 1.0399 -1.5692 80 200 120
-1.7134 -3.7587 -0.1640 80 200 120
-2.0759 -0.2899 0.9881 80 200 120
4.3788 -4.0948 0.6938 80 200 120
5.6539 -2.3457 0.4858 80 200 120
3.8817 2.0958 -1.7624 80 200 120
-0.1659 -1.3661 -1.6406 80 200 120
5.0972 0.9311 0.9045 80 200 120
1.8481 -3.6199 -0.3836 80 200 120
1.2406 -3.4867 -1.4994 80 200 120
-0.2770 -1.3877 1.5963 80 200 120
-2.5391 -0.3396 1.0853 80 200 120
1.2080 -2.0206 -0.2432 80 200 120
-0.5615 -1.3639 -0.7172 80 200 120
-1.1389 -0.6702 -0.8716 80 200 120
1.8669 2.8928 -0.8804 80 200 120
1.8215 -0.1868 -1.6387 80 200 120
-2.0002 -1.3704 -0.6553 80 200 120
-1.4133 -1.5016 -0.5906 80 200 120
-1.1474 -1.0114 -0.5196 80 200 120
-0.9002 -1.1203 -0.5323 80 200 120
-0.5855 -1.0328 -1.2454 80 200 120
-1.3023 -0.9210 -0.7234 80 200 120
-1.6925 -1.9676 -0.6390 80 200 120
5.0405 -2.8190 -1.8741 80 200 120
0.3028 -1.2014 -1.7352 80 200 120
5.5826 -1.5044 0.8517 80 200 120
3.3100 -0.0175 1.5101 80 200 120
3.1606 0.1185 1.6055 80 200 120
1.3909 0.7360 -0.6002 80 200 120
-1.3857 -0.7595 -1.0820 80 200 120
-0.6808 -1.1055 -0.6336 80 200 120
2.1618 0.1652 -1.6724 80 200 120
-1.6939 -0.8220 -0.6842 80 200 120
1.3904 -2.9633 -0.3623 80 200 120
-0.0809 -1.8383 -1.1447 80 200 120
3.1857 -2.5809 -0.2928 80 200 120
2.8293 -0.1590 -0.6471 80 200 120
-0.3072 -2.8420 1.4504 80 200 120
2.1846 -0.2020 -0.3962 80 200 120
-4.5366 -3.4078 1.6384 80 200 120
5.7785 1.8439 0.9675 80 200 120
0.6852 -1.0587 -1.2250 80 200 120
3.1528 -1.3941 -1.2638 80 200 120
0.5808 -0.7596 -0.8670 80 200 120
-3.9804 -3.8150 1.7026 80 200 120
5.5323 -2.5933 1.7507 80 200 120
5.8621 1.4160 0.4000 80 200 120
2.1619 1.9471 -1.6875 80 200 120
2.0478 2.9102 0.3244 80 200 120
1.9964 -3.0338 -0.2778 80 200 120
5.0705 2.4312 -1.6657 80 200 120
5.0303 2.2049 -2.0978 80 200 120
5.2413 2.1753 -0.8321 80 200 120
1.8586 -0.2791 -1.3063 80 200 120
7.0464 1.9411 -1.8642 80 200 120
2.1102 1.2288 -1.8547 80 200 120
-0.0817 -1.8884 -1.2511 80 200 120
1.8296 2.6029 -0.9738 80 200 120
1.3897 -0.3006 -1.4298 80 200 120
0.0901 -0.4664 -1.5817 80 200 120
2.2295 3.2845 1.4638 80 200 120
0.2154 -1.5909 -1.8140 80 200 120
1.0120 2.5712 -0.0734 80 200 120
1.7610 -0.3121 -0.3492 80 200 120
0.3369 0.1662 -1.8119 80 200 120
-2.5659 -0.3233 -0.5857 80 200 120
-2.0545 -0.6314 -0.5806 80 200 120
-1.8633 -0.8367 -0.5612 80 200 120
1.1159 -0.1227 -1.7182 80 200 120
-2.0704 -0.4692 1.0129 80 200 120
-2.8436 -2.2630 -0.0758 80 200 120
0.3543 -0.4821 -0.8168 80 200 120
2.0864 4.0602 0.1843 80 200 120
-1.2535 -1.4527 1.4589 80 200 120
-2.0448 -1.1163 0.9033 80 200 120
-0.4579 -1.2102 -1.5304 80 200 120
-2.0352 -1.1418 -0.2835 80 200 120
-1.0176 -0.7858 -1.4478 80 200 120
4.3508 -0.1672 0.1985 80 200 120
3.6812 -2.7203 1.7355 80 200 120
3.6120 -3.7248 1.8588 80 200 120
0.4879 -0.8240 -1.4891 80 200 120
1.5171 2.5589 -1.2221 80 200 120
0.3751 -0.1783 -1.3686 80 200 120
1.6404 0.1635 -1.7549 80 200 120
-4.5080 -3.8462 1.2623 80 200 120
3.0557 3.2360 1.4554 80 200 120
0.6601 1.7566 1.5236 80 200 120
6.2363 2.0693 -1.6279 80 200 120
5.4046 2.5894 -1.7180 80 200 120
-1.4083 -0.7855 -1.1147 80 200 120
3.6877 2.0893 -1.7181 80 200 120
5.1219 -3.3976 1.8801 80 200 120
1.0997 -2.6360 -1.5357 80 200 120
-2.5286 -0.2413 -0.4966 80 200 120
-2.0866 -0.3779 0.9588 80 200 120
-2.0489 -0.7080 0.6459 80 200 120
-3.5973 -3.4438 1.6305 80 200 120
-4.8625 -3.9104 1.8119 80 200 120
-1.6240 -0.9569 -0.5764 80 200 120
-1.4168 -0.6086 -0.8214 80 200 120
2.7017 1.1887 -1.7223 80 200 120
3.4413 -0.0017 1.4952 80 200 120
0.1882 -3.5496 -0.0170 80 200 120
1.3277 -2.2423 -1.2615 80 200 120
0.1987 -2.2002 -1.3697 80 200 120
4.4033 1.9190 -1.4477 80 200 120
0.1110 -1.4157 -1.7574 80 200 120
2.6176 2.7727 -0.5633 80 200 120
6.0494 2.2678 -0.9283 80 200 120
6.4086 2.7636 -0.1949 80 200 120
1.8111 -4.0006 0.5325 80 200 120
6.3471 2.1161 -0.0324 80 200 120
1.6332 -0.3160 1.6242 80 200 120
0.1411 -0.4855 -1.7286 80 200 120
-1.0022 -0.8381 -1.4720 80 200 120
-1.4184 -0.7358 -1.1047 80 200 120
5.7694 -2.8024 0.4764 80 200 120
6.3615 -3.2160 0.1595 80 200 120
3.3145 0.1047 1.3883 80 200 120
-0.7212 -3.3422 1.1165 80 200 120
-1.5844 -0.7349 -1.4875 80 200 120
1.4326 -3.1110 -0.3166 80 200 120
1.0126 2.7040 -0.8810 80 200 120
1.7099 2.5605 -1.2171 80 200 120
3.1327 -3.2308 -0.2798 80 200 120
2.3492 -3.4296 -0.2907 80 200 120
-1.2170 -2.2467 1.0919 80 200 120
0.9508 -3.7107 1.2294 80 200 120
-2.6389 -1.3043 0.2328 80 200 120
2.8990 4.5290 0.2764 80 200 120
-0.3216 -1.3350 -1.6847 80 200 120
0.1757 -0.4929 -1.2287 80 200 120
-2.7981 -1.8454 -0.1708 80 200 120
0.5627 3.5193 1.5037 80 200 120
-1.9875 -0.9565 0.4443 80 200 120
5.9955 1.4447 -0.6174 80 200 120
5.9162 -3.3333 0.6817 80 200 120
6.2405 -2.8110 0.8275 80 200 120
3.1687 -4.0379 1.7698 80 200 120
-3.6671 -3.7234 1.7403 80 200 120
3.4792 0.9205 -1.8491 80 200 120
-2.0616 -0.3840 0.7535 80 200 120
0.6835 -2.1829 -1.4231 80 200 120
3.8565 2.6937 -2.0337 80 200 120
1.4700 -2.9263 -0.9034 80 200 120
-0.0297 -1.2493 -1.6765 80 200 120
-2.5508 -0.9783 0.9665 80 200 120
-1.2826 2.6715 0.0431 80 200 120
3.6988 0.0676 0.7979 80 200 120
3.1629 0.1742 1.4344 80 200 120
3.8309 -4.3558 1.2038 80 200 120
-3.0866 -3.1354 -0.1604 80 200 120
-1.3404 -1.0624 -0.6363 80 200 120
1.2563 -1.7567 -1.4358 80 200 120
6.0500 -0.9116 1.5153 80 200 120
3.7195 0.0025 1.0936 80 200 120
3.4205 0.1655 0.9366 80 200 120
3.4084 0.8420 -0.4844 80 200 120
3.2424 -1.9931 -0.2152 80 200 120
2.8629 0.3371 -1.6457 80 200 120
0.0354 -2.4302 1.7915 80 200 120
-1.7011 -0.5050 -0.7584 80 200 120
5.8211 3.5928 -0.5735 80 200 120
0.7464 1.2116 1.4877 80 200 120
-1.8993 -0.5621 -0.8169 80 200 120
-0.3720 -1.1716 -1.3763 80 200 120
-0.9891 -0.7932 -1.4527 80 200 120
1.3827 3.4699 1.4493 80 200 120
3.3837 0.1279 1.2381 80 200 120
3.4163 0.0770 1.3862 80 200 120
3.0538 0.4700 1.7101 80 200 120
3.0397 0.6581 1.4637 80 200 120
1.1502 0.0623 -0.7820 80 200 120
1.4687 0.0754 -0.6655 80 200 120
-0.8498 -1.5428 -0.5471 80 200 120
0.2161 -0.4668 -1.3046 80 200 120
-0.8072 -0.6499 -1.4702 80 200 120
-0.3225 0.3390 -1.1197 80 200 120
1.6655 2.3906 -1.2574 80 200 120
1.2782 2.5196 -1.0081 80 200 120
1.4598 2.3905 -1.6602 80 200 120
0.7951 2.8152 -0.9203 80 200 120
0.9296 0.3885 -1.6103 80 200 120
2.0085 -3.0027 -0.3379 80 200 120
-0.0924 -1.6386 -1.1732 80 200 120
-2.0080 -0.3802 0.4802 80 200 120
-1.9783 -0.5937 0.3240 80 200 120
3.3857 0.0547 1.4715 80 200 120
6.0705 -4.1248 1.5962 80 200 120
4.5925 -4.2002 1.7549 80 200 120
5.3866 1.7345 1.5223 80 200 120
3.0054 -0.7424 1.7515 80 200 120
3.1833 0.1195 1.7624 80 200 120
2.6872 -4.1654 1.4258 80 200 120
-2.4989 -0.9586 0.9356 80 200 120
-2.0770 -0.2461 0.8121 80 200 120
-2.6505 -2.1318 0.2619 80 200 120
8.9145 5.1669 0.0704 80 200 120
0.8219 -0.9089 -0.6783 80 200 120
0.5947 1.7406 1.4820 80 200 120
6.0633 -2.3558 1.5343 80 200 120
6.3113 -1.4735 1.6852 80 200 120
5.9482 -1.8581 1.5939 80 200 120
3.8527 -0.0131 1.0351 80 200 120
4.8195 -0.3188 1.1428 80 200 120
4.4613 -0.3462 1.5171 80 200 120
3.6838 -0.0106 1.2916 80 200 120
3.3576 0.0418 1.5369 80 200 120
3.4548 0.1064 1.2067 80 200 120
5.7774 -0.6961 1.4284 80 200 120
5.6588 -0.6068 0.3542 80 200 120
4.3093 -0.3535 1.7479 80 200 120
6.0477 -1.2227 1.1049 80 200 120
3.3412 0.1396 1.2815 80 200 120
6.3281 -4.1105 1.2438 80 200 120
5.6755 -3.4734 0.6020 80 200 120
4.9596 -1.1409 1.9428 80 200 120
6.1891 -4.3879 1.1175 80 200 120
3.7225 0.7980 1.1768 80 200 120
3.1264 0.6511 -1.1528 80 200 120
-1.0088 -0.7351 -1.4454 80 200 120
0.8071 -0.8135 -1.0402 80 200 120
1.8731 3.2873 1.5212 80 200 120
0.6782 -0.6882 -1.3272 80 200 120
-0.2061 -0.0787 -1.7003 80 200 120
-0.1105 -0.2147 -1.4729 80 200 120
-0.2015 0.2733 -1.1584 80 200 120
-3.6711 -3.7566 1.7374 80 200 120
2.8249 0.3600 -1.6484 80 200 120
0.3647 0.3385 -1.3808 80 200 120
0.1852 0.3977 -1.5877 80 200 120
0.4392 3.2305 -0.0365 80 200 120
3.1777 1.5053 -1.9550 80 200 120
6.1177 -1.3398 1.2327 80 200 120
6.1489 -2.5288 1.3954 80 200 120
3.7652 -0.0477 -0.0653 80 200 120
3.4018 0.9359 1.4176 80 200 120
-3.0501 -2.5162 -0.2177 80 200 120
0.8999 1.1887 1.5755 80 200 120
-2.0271 -0.2570 0.7149 80 200 120
-4.9068 -4.0713 1.9254 80 200 120
-4.9333 -4.8529 1.6175 80 200 120
2.5208 2.8424 -1.0840 80 200 120
-0.1159 0.2840 -1.7343 80 200 120
1.2725 2.3840 -1.6227 80 200 120
1.6172 3.1015 -0.9657 80 200 120
2.4321 -2.5306 -1.5642 80 200 120
8.9755 0.6048 -2.9440 80 200 120
4.8083 -1.4959 1.8922 80 200 120
1.1770 2.2808 -1.2231 80 200 120
-1.5406 -0.7537 -1.4668 80 200 120
1.7500 0.5027 -1.8411 80 200 120
0.4091 0.2308 1.6554 80 200 120
5.1368 -4.6416 0.6795 80 200 120
-2.1308 0.0393 0.9966 80 200 120
-0.3954 1.6329 -1.5421 80 200 120
0.0039 -1.2471 -1.2801 80 200 120
5.9400 -0.8525 0.6246 80 200 120
5.8954 -1.8909 1.1145 80 200 120
0.2729 2.3782 -1.6456 80 200 120
2.2991 3.3135 -0.9901 80 200 120
-1.9646 -0.3990 -0.1528 80 200 120
1.0767 3.6021 0.0581 80 200 120
-2.4427 -0.8082 0.4835 80 200 120
2.3786 0.1911 -0.5567 80 200 120
3.0525 -2.7640 -1.6125 80 200 120
0.1978 2.8798 -0.9420 80 200 120
2.0616 -1.1489 -0.8352 80 200 120
0.9259 3.5026 1.5252 80 200 120
0.5262 1.7461 1.4644 80 200 120
4.5082 2.0035 -1.3938 80 200 120
1.5504 1.7935 -1.4358 80 200 120
-0.4279 3.4054 0.4367 80 200 120
4.6892 1.3240 -1.4202 80 200 120
5.9053 -3.0508 1.6503 80 200 120
4.3375 -0.7923 1.8415 80 200 120
0.5426 0.2815 -1.1592 80 200 120
2.5247 1.0233 -1.6956 80 200 120
-0.7832 -0.7123 -1.7436 80 200 120
4.0894 3.4000 -1.1879 80 200 120
-0.7158 -0.6851 -1.4375 80 200 120
8.8132 5.3420 0.2280 80 200 120
-1.6033 -0.7459 -0.7781 80 200 120
1.0526 1.4291 -1.6238 80 200 120
5.6499 -3.3289 1.4948 80 200 120
2.8182 -0.5985 -0.1334 80 200 120
3.3438 0.5759 0.4706 80 200 120
4.3022 -3.2364 -1.0338 80 200 120
1.2787 2.2788 -1.2572 80 200 120
0.2200 2.3055 -1.5433 80 200 120
0.1617 2.3832 -0.9942 80 200 120
1.0462 2.9679 -0.9517 80 200 120
3.2231 0.1109 -1.1550 80 200 120
-0.2074 0.3307 -1.6858 80 200 120
2.2421 3.2213 1.4679 80 200 120
1.7228 2.1938 -1.8788 80 200 120
-0.0110 0.2293 -1.2080 80 200 120
1.0894 3.6070 0.0856 80 200 120
2.7107 -0.9986 -0.2434 80 200 120
-1.9902 -0.1938 -0.6138 80 200 120
0.1538 3.6882 0.2903 80 200 120
-2.3265 -0.9278 0.4257 80 200 120
-0.1346 0.2075 -0.7282 80 200 120
4.9515 -2.5499 -0.1341 80 200 120
-0.3478 0.0048 -1.6283 80 200 120
-0.7720 -0.6251 -1.4085 80 200 120
0.1100 0.3991 -1.5732 80 200 120
-2.4284 -0.4196 -0.4947 80 200 120
-0.0893 -0.1809 -1.5006 80 200 120
2.3527 -2.9460 -1.5635 80 200 120
-0.4949 -0.2703 -1.7034 80 200 120
5.6992 -1.7757 0.7141 80 200 120
3.9937 -1.4686 0.0031 80 200 120
3.7455 0.8894 -0.0470 80 200 120
1.0190 0.2171 -1.0333 80 200 120
-0.8011 -1.1018 -0.6336 80 200 120
0.7527 1.7736 1.5809 80 200 120
-0.9451 -1.2193 -0.6101 80 200 120
3.6433 3.3958 1.6057 80 200 120
-3.5408 -2.9876 1.4129 80 200 120
0.9290 1.1893 1.5974 80 200 120
2.4056 3.5622 1.7789 80 200 120
-0.3581 3.3988 0.4028 80 200 120
2.5428 2.6697 -1.4198 80 200 120
3.2343 2.4156 -1.3443 80 200 120
1.7922 3.9116 -0.7770 80 200 120
1.5476 0.5630 -1.7663 80 200 120
-4.6482 -4.1318 1.4421 80 200 120
1.5506 2.4284 -1.6628 80 200 120
1.9416 3.0774 -0.9404 80 200 120
0.1855 2.6324 -1.0411 80 200 120
0.5239 3.2070 -1.0655 80 200 120
4.0366 -4.1784 1.5274 80 200 120
2.8964 -2.4999 -1.6063 80 200 120
-0.1199 0.3031 -1.7199 80 200 120
-0.2161 -0.0665 -1.6905 80 200 120
4.8186 3.5715 0.2299 80 200 120
-1.0312 -0.6297 -1.3977 80 200 120
-0.0265 -0.9182 -1.6449 80 200 120
2.9104 0.2527 -1.3878 80 200 120
0.2974 0.8027 1.6100 80 200 120
-0.6736 -0.7274 -1.1595 80 200 120
3.0161 0.5974 -1.6764 80 200 120
-2.0337 -0.0219 -0.6318 80 200 120
0.3817 2.2736 -1.6049 80 200 120
-1.5776 -0.4496 -1.0514 80 200 120
-1.3279 -0.4094 -1.6028 80 200 120
0.5327 2.0141 -1.8029 80 200 120
0.1565 3.6977 0.2939 80 200 120
5.8020 -2.9907 0.9786 80 200 120
5.7494 -2.4594 0.9028 80 200 120
4.9352 3.1406 1.4554 80 200 120
0.5813 -0.2264 -0.7245 80 200 120
-0.9170 -0.5628 -1.6645 80 200 120
-0.0809 -0.9548 -1.1238 80 200 120
-2.3147 -0.6908 -0.6877 80 200 120
-3.5772 -3.1415 1.4788 80 200 120
-4.4565 -3.6087 1.2303 80 200 120
0.6336 1.6856 -1.6426 80 200 120
0.3634 3.7960 1.6563 80 200 120
-2.7089 -4.2523 0.7719 80 200 120
1.4823 -1.8591 1.7784 80 200 120
0.6296 -0.8614 -1.7941 80 200 120
1.0873 -1.9376 -0.7705 80 200 120
5.5310 3.0126 0.9167 80 200 120
1.4233 2.0326 -1.5208 80 200 120
3.9522 2.4953 1.6362 80 200 120
-1.8244 -3.3924 1.5684 80 200 120
-0.9941 -0.4646 -1.1134 80 200 120
2.6106 3.9513 -0.7157 80 200 120
-0.0481 2.4732 1.7188 80 200 120
5.7237 -3.6657 0.7777 80 200 120
4.0831 1.0174 1.1692 80 200 120
0.0612 1.6897 -1.7344 80 200 120
2.3139 0.8145 1.7899 80 200 120
0.1477 2.6010 -1.0425 80 200 120
0.2464 3.1673 -1.2977 80 200 120
0.3105 1.9513 -1.7208 80 200 120
0.1036 2.3185 -1.0468 80 200 120
-1.9120 -0.0645 0.3877 80 200 120
-1.0755 -0.5939 -1.3799 80 200 120
3.4231 0.1432 1.1471 80 200 120
4.7342 -3.9171 1.1528 80 200 120
1.9223 1.3209 -1.4290 80 200 120
-0.3973 3.6481 0.9327 80 200 120
0.4539 3.1104 -0.9982 80 200 120
0.1776 -0.2325 -1.1541 80 200 120
0.4878 2.6733 -1.7579 80 200 120
5.5408 -2.3621 0.5222 80 200 120
3.9394 0.9438 0.6797 80 200 120
-0.0584 3.7226 0.5354 80 200 120
1.8393 4.0675 -0.4163 80 200 120
4.8566 -2.8921 -1.6570 80 200 120
0.4804 3.0681 -1.7337 80 200 120
2.3798 0.1775 -1.4179 80 200 120
3.8109 3.6714 1.0185 80 200 120
1.9498 3.6738 0.9883 80 200 120
0.5628 3.9201 -1.4607 80 200 120
0.3784 3.3943 -1.7521 80 200 120
0.6077 3.7882 -1.7276 80 200 120
-0.0598 0.3297 -1.7626 80 200 120
1.7428 -0.5954 -1.2955 80 200 120
0.9370 0.3049 -1.5503 80 200 120
-0.3840 0.0141 -1.6356 80 200 120
1.2313 -0.4561 -1.5746 80 200 120
-3.5997 -3.1153 1.4425 80 200 120
1.3566 3.7865 0.1459 80 200 120
-2.8523 -0.0891 -0.5137 80 200 120
-0.3045 -0.3510 -1.7546 80 200 120
-0.8510 3.8787 1.4710 80 200 120
-0.2918 0.1210 -1.3815 80 200 120
3.5846 -0.0527 1.6200 80 200 120
3.1832 0.1109 1.6316 80 200 120
-0.1327 1.6586 -1.7440 80 200 120
0.2882 2.8877 -1.6930 80 200 120
-0.7693 -0.1488 0.3775 80 200 120
-2.4132 -0.0509 1.5119 80 200 120
1.1340 3.9740 1.8215 80 200 120
-2.7512 -5.0227 1.0226 80 200 120
-0.7108 3.4861 1.8544 80 200 120
-1.4814 0.4224 1.5868 80 200 120
2.8926 3.9616 0.1853 80 200 120
-0.6315 -3.8235 0.8475 80 200 120
0.1337 1.9413 1.7457 80 200 120
0.1364 2.3454 -1.8251 80 200 120
-1.2689 4.0610 1.8566 80 200 120
-0.1695 1.3012 -1.7200 80 200 120
3.9894 3.6325 -0.3341 80 200 120
-2.3543 1.3309 1.6122 80 200 120
2.0799 1.6046 1.6823 80 200 120
5.8761 1.8586 1.0934 80 200 120
-0.7163 0.3970 -1.2532 80 200 120
0.9122 3.8455 -0.8593 80 200 120
1.9839 4.0677 -0.6811 80 200 120
-0.5718 -3.8724 1.3434 80 200 120
1.4466 0.7970 1.9247 80 200 120
-1.6172 -3.7207 1.7333 80 200 120
-2.2814 3.6049 1.4538 80 200 120
0.5779 0.5971 -1.6600 80 200 120
0.3027 3.6566 1.1631 80 200 120
-2.2667 0.2894 0.0962 80 200 120
-0.4783 -3.6605 1.7697 80 200 120
-1.1221 -1.8534 -0.2423 80 200 120
-1.9526 -0.9723 -0.6355 80 200 120
-0.6931 3.8603 0.9490 80 200 120
-2.3303 0.3132 0.9742 80 200 120
-1.6871 3.9459 1.7861 80 200 120
-3.4720 -2.9038 1.4575 80 200 120
-0.3474 3.7139 1.6177 80 200 120
1.4334 3.9127 1.4690 80 200 120
-1.0024 -2.0474 1.6001 80 200 120
1.3268 2.8030 -1.6308 80 200 120
-2.7476 -4.3674 0.8111 80 200 120
3.0822 3.7459 1.3363 80 200 120
-1.6125 -3.6524 1.2317 80 200 120
0.5198 3.5331 -1.6205 80 200 120
0.3262 2.5854 -1.6716 80 200 120
-0.0730 1.6500 -1.7478 80 200 120
0.8856 4.2620 -1.5435 80 200 120
0.1865 1.9459 -1.6704 80 200 120
0.7435 3.3157 -1.7171 80 200 120
0.2681 3.6442 -1.0630 80 200 120
-3.9349 -2.8030 1.7684 80 200 120
-0.1886 -3.2123 1.7407 80 200 120
-0.2520 1.2571 -1.6780 80 200 120
0.1615 3.6283 -0.0855 80 200 120
-2.3854 4.1578 0.7423 80 200 120
-3.0410 3.8624 1.5795 80 200 120
-2.6542 3.9641 0.9484 80 200 120
-2.1390 3.7964 1.5858 80 200 120
-2.7432 3.7361 1.5340 80 200 120
0.9111 2.4204 -1.1772 80 200 120
-2.3954 3.7099 1.2013 80 200 120
1.3810 -4.8696 0.8697 80 200 120
1.2187 3.2592 1.9580 80 200 120
-2.4666 0.2115 0.9066 80 200 120
-0.6950 3.6814 0.2603 80 200 120
-0.3886 3.1050 1.7867 80 200 120
0.2316 -2.9021 1.8746 80 200 120
-1.2692 1.7711 1.6741 80 200 120
1.2990 -3.6518 1.6575 80 200 120
-2.7536 3.6073 1.1307 80 200 120
-1.7772 -1.8363 1.6492 80 200 120
-2.4538 2.0116 1.6884 80 200 120
-2.1466 2.2040 1.7480 80 200 120
-0.5163 1.3428 1.5793 80 200 120
-1.9867 3.6321 0.9912 80 200 120
-1.6340 3.6817 0.4685 80 200 120
-2.4695 3.3144 1.7882 80 200 120
1.2250 -3.4303 0.3841 80 200 120
-1.3232 2.5758 1.7712 80 200 120
0.7692 -3.6419 1.1649 80 200 120
-2.4357 -0.0203 -0.2942 80 200 120
1.7974 2.7285 1.9617 80 200 120
1.4727 -3.5390 1.2105 80 200 120
-2.6241 0.3886 1.6153 80 200 120
-0.8729 -1.6109 1.7181 80 200 120
-2.5790 2.4114 1.6789 80 200 120
1.0677 -2.5041 1.8414 80 200 120
-0.2286 2.0492 -1.7057 80 200 120
2.8057 -3.6954 1.6149 80 200 120
1.5094 -3.0614 -0.2939 80 200 120
0.4659 4.2152 -1.8510 80 200 120
2.5962 -3.5195 0.9903 80 200 120
1.3385 -2.4505 1.5398 80 200 120
-3.3041 3.6992 1.7570 80 200 120
-1.9674 3.8272 0.4107 80 200 120
-1.5683 -2.8416 1.7255 80 200 120
3.1085 -3.1610 1.7500 80 200 120
3.5323 -3.5673 -0.2231 80 200 120
0.0067 -2.2510 1.8053 80 200 120
-1.4590 3.9066 0.9397 80 200 120
0.4289 -3.3162 1.6617 80 200 120
5.3524 -3.8748 1.5854 80 200 120
3.1611 -2.7188 -0.1622 80 200 120
0.4500 3.1265 -1.7938 80 200 120
0.8427 -1.5990 1.5531 80 200 120
5.7796 -3.9620 0.8711 80 200 120
-0.3838 -1.4306 1.6348 80 200 120
-1.0782 -1.1601 1.8278 80 200 120
-1.5836 -1.2633 1.6881 80 200 120
0.0167 3.8426 -0.5742 80 200 120
1.4591 3.8722 0.1710 80 200 120
2.0447 4.3403 -0.5659 80 200 120
-3.4932 -2.3815 1.6489 80 200 120
4.7830 -4.4083 0.7421 80 200 120
-2.9815 2.9600 1.7312 80 200 120
-1.4989 3.7667 0.2530 80 200 120
-2.9594 -0.0773 1.7966 80 200 120
-3.2923 -2.7651 1.6163 80 200 120
-0.9263 3.9280 -0.1259 80 200 120
-2.4034 -3.2380 0.8244 80 200 120
-1.5489 3.7320 -0.2527 80 200 120
-1.1096 3.9397 -0.5513 80 200 120
-0.7271 2.1384 1.6555 80 200 120
-1.9127 -3.2259 1.9830 80 200 120
4.9163 -2.5623 -0.0256 80 200 120
3.2237 -2.4483 1.6351 80 200 120
0.1983 -1.5615 1.6105 80 200 120
5.7765 -2.5960 0.8427 80 200 120
-0.5286 -1.0386 1.7374 80 200 120
-3.9166 3.5688 1.7757 80 200 120
-2.1707 2.8442 1.5598 80 200 120
-1.7649 -0.2062 -0.7280 80 200 120
4.6317 -2.3491 1.4027 80 200 120
0.1418 3.5216 -1.4959 80 200 120
3.8600 -1.6786 -0.6774 80 200 120
-2.3254 4.8731 0.9136 80 200 120
-2.3893 4.0805 0.2196 80 200 120
-3.4589 3.7325 1.2877 80 200 120
-2.6623 4.3132 1.0754 80 200 120
1.2445 -0.4650 1.5527 80 200 120
1.4079 -0.8197 -1.5925 80 200 120
-1.9726 -2.0795 1.8147 80 200 120
-3.2169 0.6301 1.6590 80 200 120
-3.0570 -3.1963 1.8177 80 200 120
-2.7206 -2.6610 1.7781 80 200 120
-2.1167 1.2897 1.5972 80 200 120
5.1169 -1.2114 -0.4954 80 200 120
5.4624 -1.8051 1.1528 80 200 120
0.6546 -0.9938 1.8443 80 200 120
-1.3963 -0.5567 -0.8535 80 200 120
-1.4947 3.9203 -0.2246 80 200 120
-1.1558 3.9024 -0.5555 80 200 120
-2.1004 1.6863 1.4567 80 200 120
3.0532 -1.6061 1.6448 80 200 120
3.8819 -0.0170 1.8658 80 200 120
2.1587 -0.5992 -1.7936 80 200 120
5.5612 -0.7759 1.5447 80 200 120
1.5986 0.0087 1.7080 80 200 120
1.0510 -0.2853 -0.6805 80 200 120
5.7525 -0.9517 0.7370 80 200 120
5.1324 -1.3356 1.8395 80 200 120
0.4127 -0.3136 -1.7768 80 200 120
-3.3288 3.8783 1.8157 80 200 120
4.7062 -0.5568 -0.0893 80 200 120
2.9483 -0.5982 1.7493 80 200 120
-2.0988 -0.0477 0.3834 80 200 120
-1.8788 2.7110 1.7010 80 200 120
1.4101 -0.0869 -1.5368 80 200 120
0.6102 -0.0731 -1.8822 80 200 120
-3.1714 4.1026 1.5601 80 200 120
-0.3132 -0.3473 1.2500 80 200 120
2.8904 0.5514 1.6162 80 200 120
3.6938 0.3387 1.3055 80 200 120
-3.1117 3.6801 0.8173 80 200 120
-3.1299 4.7727 0.8785 80 200 120
-0.4303 -0.0961 1.6828 80 200 120
-3.3378 2.6916 2.0977 80 200 120
3.1763 0.7976 0.9730 80 200 120
2.7485 0.9413 1.9330 80 200 120
-0.6642 0.2087 1.3885 80 200 120
0.9290 12.1407 -0.5376 80 200 120
1.5353 -0.8333 1.2504 80 200 120
-3.4013 2.8285 1.7694 80 200 120
-3.7795 3.3158 1.6242 80 200 120
-1.5888 0.0694 1.6641 80 200 120
1.3916 0.0301 -0.5569 80 200 120
4.4615 -0.7297 1.2613 80 200 120
5.4866 1.6495 0.1075 80 200 120
4.8996 1.6566 1.0295 80 200 120
5.6482 -0.6439 0.7108 80 200 120
-2.4690 0.3446 1.1736 80 200 120
4.1102 0.4865 0.8654 80 200 120
3.2351 0.6502 -0.0029 80 200 120
-2.0015 3.8174 0.2947 80 200 120
-2.9814 2.4767 1.4222 80 200 120
-4.1804 3.5663 1.9786 80 200 120
3.9536 1.4603 1.7741 80 200 120
-3.2054 0.6630 1.7587 80 200 120
7.3269 0.3210 0.6472 80 200 120
-0.2190 -0.4054 1.7190 80 200 120
-2.1436 3.8687 0.6059 80 200 120
-2.8239 3.5283 1.7983 80 200 120
-2.5557 1.5675 1.6647 80 200 120
-2.4605 0.7037 1.1956 80 200 120
5.5071 -3.9511 1.6326 80 200 120
5.9920 -2.1092 1.6506 80 200 120
-2.4037 4.1942 0.2606 80 200 120
6.1201 -3.4038 1.8166 80 200 120
-0.1122 -2.6183 1.5911 80 200 120
-0.4550 -3.1162 1.6294 80 200 120
1.6584 -3.9619 1.6961 80 200 120
1.1990 1.2669 1.7785 80 200 120
-2.4137 3.8975 1.2203 80 200 120
4.4964 -4.0706 1.8260 80 200 120
-3.3277 3.7998 1.7603 80 200 120
3.1639 -0.6239 1.8443 80 200 120
4.9128 -1.8795 2.0441 80 200 120
-0.6522 -3.7019 1.2369 80 200 120
-0.5840 -1.0315 1.6949 80 200 120
0.6361 0.8859 1.7643 80 200 120
-2.2137 3.4816 1.4534 80 200 120
-0.4281 -3.5287 0.1691 80 200 120
-1.1638 -1.8443 1.7168 80 200 120
-0.1249 -2.1558 1.6886 80 200 120
1.8403 -0.3499 1.7200 80 200 120
-2.4339 4.2170 0.8234 80 200 120
-2.6490 4.0726 0.9725 80 200 120
2.6209 -4.0420 1.4809 80 200 120
3.3911 -2.9934 1.8668 80 200 120
0.1286 0.8817 1.8390 80 200 120
1.6620 -2.7827 1.7440 80 200 120
-1.6042 -2.7706 1.6657 80 200 120
1.4013 -1.8452 1.7259 80 200 120
-0.8586 -3.4755 1.5390 80 200 120
0.4871 0.2035 1.6998 80 200 120
-2.2116 3.0644 1.6728 80 200 120
-1.9025 2.5779 1.5992 80 200 120
-0.3697 -1.3683 1.6493 80 200 120
-1.0029 -2.1404 1.6627 80 200 120
1.2763 0.7458 1.7761 80 200 120
0.3162 -1.6233 1.7134 80 200 120
0.7464 -1.0916 1.7012 80 200 120
-3.4318 1.7908 1.7682 80 200 120
6.1663 2.6997 1.9372 80 200 120
-1.9594 3.7491 1.0605 80 200 120
-1.0241 -1.1481 1.6058 80 200 120
-0.3437 0.2690 1.6755 80 200 120
1.5063 -3.7377 0.4014 80 200 120
-1.6807 -3.6563 1.2299 80 200 120
5.5479 3.8848 1.9768 80 200 120
-3.0184 4.1788 0.7016 80 200 120
-3.1766 4.1889 1.0185 80 200 120
5.5108 -1.3454 1.8971 80 200 120
-1.4692 4.0193 -0.5578 80 200 120
-1.2705 4.7788 0.9285 80 200 120
1.4330 -0.8294 1.7285 80 200 120
-3.2657 2.3880 1.8239 80 200 120
-0.6087 -0.5934 1.6704 80 200 120
-2.5744 5.0357 -0.0789 80 200 120
4.2029 -2.7517 -0.1612 80 200 120
3.2321 0.6210 1.7479 80 200 120
3.9855 0.9595 1.1945 80 200 120
3.8226 0.4369 1.4117 80 200 120
5.6617 -2.9844 0.9647 80 200 120
6.5252 3.7175 1.7642 80 200 120
5.0426 1.3051 0.3982 80 200 120
5.5670 4.1741 0.1804 80 200 120
5.8621 -0.6563 1.6248 80 200 120
5.8287 -0.7797 0.8719 80 200 120
1.2418 1.9541 1.7952 80 200 120
4.4985 -4.2111 0.7544 80 200 120
5.9029 -2.3601 0.5579 80 200 120
6.7316 3.4931 0.8538 80 200 120
3.5166 2.0965 1.8390 80 200 120
-2.4434 2.0910 1.7228 80 200 120
-1.8404 -1.8359 1.5689 80 200 120
-1.8917 -2.9235 1.5412 80 200 120
-2.9978 3.1199 1.8462 80 200 120
-1.2246 0.3181 1.7473 80 200 120
-2.4656 3.4891 1.6162 80 200 120
0.2957 -0.7998 1.7258 80 200 120
-0.3732 -5.1069 1.0497 80 200 120
-3.5232 4.3380 0.8787 80 200 120
-1.9977 2.2538 -0.2734 80 200 120
-3.5828 -0.0172 1.6691 80 200 120
6.5307 0.2498 1.2665 80 200 120
-1.2142 0.6853 1.7189 80 200 120
-0.7057 -3.6923 0.7742 80 200 120
0.1918 -2.0125 1.6675 80 200 120
-1.3193 -0.3094 1.6643 80 200 120
-1.8247 3.6801 1.6874 80 200 120
-0.9229 -2.8786 1.5547 80 200 120
-1.0827 -0.0189 1.7178 80 200 120
-1.5056 -3.1138 1.1347 80 200 120
0.8598 -3.8542 0.6984 80 200 120
1.7625 1.2360 1.6978 80 200 120
5.7836 -1.0443 0.1379 80 200 120
2.9765 -2.9163 -0.3143 80 200 120
4.1343 -0.0330 -0.2502 80 200 120
6.1964 2.2990 -0.0507 80 200 120
1.7553 -3.0453 -0.2316 80 200 120
4.5849 0.7737 0.6964 80 200 120
0.6145 1.5239 1.9089 80 200 120
5.2428 -2.4806 -0.1706 80 200 120
-2.5148 0.2608 1.3028 80 200 120
6.5333 3.3289 -0.0924 80 200 120
0.5686 -2.4562 1.5689 80 200 120
-0.8282 -1.7539 1.6155 80 200 120
1.1402 -2.7508 -0.5956 80 200 120
5.5377 -3.6454 1.0153 80 200 120
4.2069 4.1561 1.4722 80 200 120
-2.2417 -0.0079 1.1235 80 200 120
-4.5360 4.3476 1.4187 80 200 120
-5.1268 3.7071 1.9878 80 200 120
-5.2606 5.1061 2.1422 80 200 120
1.4577 0.1894 -0.5933 80 200 120
0.8816 0.4946 -0.5807 80 200 120
5.7962 -1.3496 -0.4634 80 200 120
-0.1591 1.7392 1.8065 80 200 120
3.7056 4.3993 0.5901 80 200 120
6.1983 -0.3484 0.4226 80 200 120
5.9360 4.6274 1.1113 80 200 120
2.5015 -0.2569 -0.7356 80 200 120
3.0720 3.6311 1.7756 80 200 120
5.6835 4.6196 -0.5983 80 200 120
4.2522 -0.5664 -0.4039 80 200 120
-0.2388 0.0896 -0.6862 80 200 120
-3.1245 4.0426 0.2358 80 200 120
3.6454 3.8623 -1.3341 80 200 120
1.8192 3.3503 -1.1379 80 200 120
2.7993 1.9450 -0.6417 80 200 120
0.8705 0.7419 -0.6355 80 200 120
2.3614 -0.1997 -1.1540 80 200 120
-2.3016 -0.0144 0.4395 80 200 120
2.4364 3.9084 1.6943 80 200 120
2.1985 3.9057 1.0453 80 200 120
0.1285 -3.5723 -0.0543 80 200 120
2.3862 2.0099 -1.1777 80 200 120
2.8377 3.7280 -0.8342 80 200 120
3.6660 3.3659 -1.7733 80 200 120
0.0710 0.5095 -0.8583 80 200 120
4.3210 2.6602 -1.8745 80 200 120
1.7646 0.0576 -1.2230 80 200 120
0.8058 3.3556 -1.2267 80 200 120
1.4963 3.9433 0.1383 80 200 120
1.8958 3.1597 -2.0763 80 200 120
-2.4415 0.6631 0.9336 80 200 120
-2.4064 3.8493 -0.1105 80 200 120
5.6146 -1.6584 0.7265 80 200 120
2.2626 2.9260 -1.8387 80 200 120
3.6604 -0.5467 -0.5279 80 200 120
1.8478 2.2931 -1.9358 80 200 120
0.8193 -2.9142 -0.7534 80 200 120
0.0173 -3.3990 -0.0832 80 200 120
0.2260 -3.1213 -0.6870 80 200 120
1.4488 -3.7139 -0.7073 80 200 120
-4.1930 3.8924 0.6925 80 200 120
0.8016 -2.5412 -0.8131 80 200 120
0.7072 4.1927 -1.4539 80 200 120
4.3112 0.5484 -0.0688 80 200 120
1.1025 4.0996 -0.8712 80 200 120
0.3258 4.0050 0.3606 80 200 120
2.2266 -2.5276 -0.8377 80 200 120
-2.4342 0.8079 1.1885 80 200 120
0.4952 1.2636 -1.7711 80 200 120
0.4673 3.4599 -1.6605 80 200 120
0.6498 2.9975 -1.8448 80 200 120
-4.9813 4.5974 1.8647 80 200 120
-4.3821 3.9985 1.3125 80 200 120
0.1669 3.8138 -1.8175 80 200 120
-3.2998 4.2114 1.7541 80 200 120
-3.0500 4.1515 0.9093 80 200 120
-2.3590 0.0214 1.7231 80 200 120
1.5183 -3.7027 0.3978 80 200 120
0.6653 4.1031 1.3069 80 200 120
-4.8327 2.6899 1.7110 80 200 120
1.2238 3.9113 1.6309 80 200 120
0.0483 2.5861 1.8115 80 200 120
-2.2717 0.0046 0.4947 80 200 120
2.2066 3.9965 -0.6506 80 200 120
1.4774 0.1222 -0.9934 80 200 120
-2.6890 3.7353 1.2907 80 200 120
2.8083 0.2050 -0.5256 80 200 120
4.0803 -0.0445 -0.3347 80 200 120
-0.1280 4.0755 -1.7182 80 200 120
1.2381 3.0766 -1.8751 80 200 120
-0.1594 4.0082 1.3677 80 200 120
0.3551 4.1558 -1.8765 80 200 120
1.9501 -2.8782 -0.3122 80 200 120
1.6367 4.1289 -0.5862 80 200 120
2.5418 -0.1829 -0.7529 80 200 120
1.9257 -3.5805 -0.8848 80 200 120
4.8322 -3.6856 0.2831 80 200 120
6.3989 -2.3447 0.6326 80 200 120
3.8714 -2.6696 -0.1977 80 200 120
-3.3800 4.8199 1.9932 80 200 120
-2.8869 2.9109 0.6842 80 200 120
3.2311 -2.8313 -0.9913 80 200 120
-0.4644 3.9548 0.7368 80 200 120
0.7314 1.8261 -1.8452 80 200 120
6.8395 -2.7365 -0.5126 80 200 120
1.7673 -3.1553 -0.3244 80 200 120
0.4706 2.7883 -1.7609 80 200 120
0.8583 -2.6025 -0.5925 80 200 120
-2.5376 1.0908 1.1612 80 200 120
-2.5659 1.4452 1.0920 80 200 120
4.6227 0.7593 0.9410 80 200 120
2.6325 -2.7286 -0.3449 80 200 120
3.6384 0.8623 0.2818 80 200 120
-0.0835 -3.3152 -0.0643 80 200 120
1.5739 -3.7600 -0.7345 80 200 120
-0.4751 4.4738 -1.2591 80 200 120
3.4039 -2.4295 1.7284 80 200 120
5.4726 -2.9389 -1.8659 80 200 120
3.4151 -0.5397 -0.5869 80 200 120
1.6962 3.5874 -2.0906 80 200 120
-0.0038 4.0974 0.6850 80 200 120
-0.0449 -0.2336 -0.8764 80 200 120
-2.3513 0.0428 1.7170 80 200 120
1.3227 -1.1015 -1.0830 80 200 120
3.2217 4.2606 -0.1799 80 200 120
0.4002 3.4060 -1.6496 80 200 120
1.4465 3.5552 -1.2788 80 200 120
-2.5750 1.7150 0.9758 80 200 120
5.2881 -2.2844 -1.5693 80 200 120
4.0353 -2.9855 -0.9987 80 200 120
1.3804 -3.0473 -0.2301 80 200 120
-0.7855 4.2306 1.4995 80 200 120
3.1348 3.1567 -1.6598 80 200 120
2.1650 0.4434 -1.0774 80 200 120
4.6620 -0.6304 -1.2034 80 200 120
1.3162 -3.3923 -0.2564 80 200 120
0.4846 4.4822 -1.9743 80 200 120
5.7955 -2.9266 -1.8891 80 200 120
1.3343 -2.8120 -0.5547 80 200 120
4.2344 -1.6402 -1.3751 80 200 120
1.0456 -2.5469 -0.7688 80 200 120
6.5001 -1.0992 1.5285 80 200 120
5.9923 -0.9880 0.1562 80 200 120
5.5679 -1.2748 -0.4841 80 200 120
4.7256 -1.2485 -1.6066 80 200 120
0.3590 3.8852 1.6990 80 200 120
-0.0271 4.3608 -1.8157 80 200 120
2.2481 -3.6779 -0.9654 80 200 120
0.8606 -3.2549 0.2880 80 200 120
2.5633 0.1219 -1.0868 80 200 120
5.7530 -0.8066 0.8261 80 200 120
-2.6245 1.5148 0.8437 80 200 120
6.9676 -0.3681 1.8787 80 200 120
3.6310 -0.6992 -1.6162 80 200 120
2.3370 -0.5192 -1.1956 80 200 120
3.9914 1.4709 -0.7572 80 200 120
-0.5639 4.2504 -1.2383 80 200 120
5.5339 -3.9397 1.6270 80 200 120
0.6037 0.8581 -0.6788 80 200 120
-0.5996 -2.8728 1.4438 80 200 120
6.4705 0.4827 1.8253 80 200 120
0.7205 1.2174 -0.9636 80 200 120
3.5539 -0.0805 -0.3361 80 200 120
-3.4844 4.2927 1.4721 80 200 120
3.6388 -2.2696 -0.4238 80 200 120
-3.5331 4.1686 1.9269 80 200 120
4.9587 -3.6291 2.2629 80 200 120
1.9012 1.2637 -0.7030 80 200 120
0.4103 3.4357 -1.6605 80 200 120
4.7713 1.4230 -1.5780 80 200 120
0.6010 2.9934 -1.8265 80 200 120
0.1447 4.7363 -1.8958 80 200 120
1.1274 -0.0394 -1.1272 80 200 120
1.9090 -2.8428 -0.2228 80 200 120
-2.6573 1.4856 0.4871 80 200 120
-2.6992 1.4708 1.0929 80 200 120
4.7450 -1.7058 -1.4591 80 200 120
6.0667 -2.6893 1.7466 80 200 120
-2.7084 1.7220 0.8912 80 200 120
-1.9955 1.4914 1.0050 80 200 120
0.7673 -0.8126 -1.1495 80 200 120
0.1306 0.0582 -0.5576 80 200 120
1.3942 -2.8204 -0.5696 80 200 120
-2.6214 1.0411 1.1989 80 200 120
1.7165 -3.1741 -0.3017 80 200 120
-0.1511 0.1770 -0.6909 80 200 120
-2.4328 0.1973 1.8368 80 200 120
0.4834 4.4794 -1.9753 80 200 120
-2.0131 1.2539 1.3496 80 200 120
-1.2682 4.2605 1.7146 80 200 120
0.9881 -3.2244 -0.2174 80 200 120
-2.6835 1.5315 0.2026 80 200 120
1.4399 3.4035 -2.0497 80 200 120
-0.5069 4.0934 0.3142 80 200 120
1.4057 2.6662 -1.6423 80 200 120
-1.9212 3.8507 1.0986 80 200 120
-2.0639 0.6791 1.4112 80 200 120
2.8048 0.6011 -1.6091 80 200 120
0.6020 4.0067 -1.2251 80 200 120
0.8838 3.7302 -1.3311 80 200 120
5.0633 -1.1384 -1.6067 80 200 120
0.6037 0.3449 -0.6488 80 200 120
0.7924 2.7798 -1.0865 80 200 120
0.6635 1.2654 -0.7315 80 200 120
4.3454 -2.5629 -1.6152 80 200 120
0.3616 0.7002 -0.6253 80 200 120
1.7187 -0.7853 -1.3447 80 200 120
1.3960 -2.1202 -0.5412 80 200 120
0.0269 -0.7728 -0.8644 80 200 120
-2.0991 0.4005 1.5195 80 200 120
3.7383 -0.6569 -1.5114 80 200 120
2.1014 -2.4424 -0.9638 80 200 120
-0.5551 4.5231 -1.3324 80 200 120
6.0281 3.5769 -0.7533 80 200 120
-1.9252 3.3612 0.3807 80 200 120
3.7887 -3.7342 1.5575 80 200 120
0.4249 3.5406 -1.6988 80 200 120
5.0958 -1.7454 -1.6522 80 200 120
3.7977 1.0178 -0.3071 80 200 120
0.5780 4.8875 -2.1376 80 200 120
5.8332 -1.2523 -0.4597 80 200 120
3.8690 -2.6172 -0.1600 80 200 120
1.4704 -2.6882 -0.0388 80 200 120
0.5840 3.0540 -1.8328 80 200 120
-2.7993 1.6089 0.8031 80 200 120
0.4339 1.0842 -1.0098 80 200 120
3.3748 0.9177 -1.1605 80 200 120
4.7886 -3.6574 1.5197 80 200 120
2.6218 -0.3491 -1.4282 80 200 120
2.1745 -0.1669 -1.6207 80 200 120
3.1006 -0.2827 -0.3019 80 200 120
2.3603 -0.0832 -0.7415 80 200 120
1.4243 0.5323 -0.7460 80 200 120
3.3986 -0.5095 -1.8065 80 200 120
3.1680 -2.8514 0.0994 80 200 120
-2.1148 0.7496 1.5144 80 200 120
-0.5547 4.1060 0.9321 80 200 120
3.2515 -1.6687 -1.7326 80 200 120
2.3348 -0.4641 -1.7809 80 200 120
-2.7044 1.0229 1.2262 80 200 120
-0.5582 4.4064 -1.2836 80 200 120
-0.9443 4.5831 -1.2095 80 200 120
-1.8681 4.6912 0.5216 80 200 120
-2.3423 4.0109 0.5471 80 200 120
1.8712 -2.9910 -0.3408 80 200 120
1.4286 -3.0770 -0.1818 80 200 120
2.5469 4.2546 -2.0313 80 200 120
1.3887 -2.7986 -0.6001 80 200 120
1.5105 -3.3813 -0.2547 80 200 120
3.5066 0.9753 -1.2226 80 200 120
5.2788 -0.3241 -1.5904 80 200 120
3.3179 -0.6147 -1.6272 80 200 120
1.3527 1.2299 -0.7186 80 200 120
2.4188 -0.4132 -1.2063 80 200 120
0.6831 -2.0551 -0.3265 80 200 120
2.7017 -2.9449 1.6825 80 200 120
2.0198 -0.1984 -1.5841 80 200 120
-2.1656 1.2508 1.0001 80 200 120
-2.0858 0.4607 1.6091 80 200 120
-0.2863 3.5927 -1.5399 80 200 120
0.1633 -2.6180 1.7477 80 200 120
-1.9576 4.1394 0.3852 80 200 120
-0.5665 4.4321 -1.2886 80 200 120
4.8126 -0.9981 -1.3954 80 200 120
3.8081 1.4555 -0.6300 80 200 120
2.7907 1.0453 -1.5383 80 200 120
2.4176 -0.5685 -1.6492 80 200 120
0.3606 3.3640 -1.5906 80 200 120
0.7147 3.3232 -1.2090 80 200 120
-0.0016 3.4429 -1.6143 80 200 120
1.1449 3.2386 -1.2250 80 200 120
1.5391 -2.8398 -0.6236 80 200 120
5.8091 3.5627 0.8562 80 200 120
-1.9633 3.9509 1.6495 80 200 120
0.6002 2.2320 -1.7558 80 200 120
-2.4607 2.4858 1.3530 80 200 120
0.4211 2.7365 -1.6731 80 200 120
2.2221 -0.1172 -1.2117 80 200 120
3.7558 -2.4864 -1.3953 80 200 120
0.3903 1.4265 -1.1252 80 200 120
0.0993 0.1203 -0.6317 80 200 120
-2.8587 1.3883 1.0260 80 200 120
-2.3316 4.1764 -0.0437 80 200 120
-2.6249 0.6746 1.4109 80 200 120
1.8895 -0.2455 -1.5150 80 200 120
5.5911 0.5799 2.3511 80 200 120
1.6673 0.0911 1.6960 80 200 120
1.7926 0.3058 -1.5786 80 200 120
1.8508 -3.6608 -0.3335 80 200 120
3.2221 -2.5134 -0.8583 80 200 120
3.0078 1.1516 -1.6231 80 200 120
1.4141 0.7196 -0.8829 80 200 120
-2.4646 2.8271 0.7914 80 200 120
0.0166 0.7184 -1.1133 80 200 120
1.7186 0.6420 -1.6884 80 200 120
-1.0328 4.2835 -1.2139 80 200 120
7.0319 3.3723 -0.9913 80 200 120
2.2920 0.7288 1.6828 80 200 120
-2.0902 0.4058 1.5759 80 200 120
0.0936 3.7390 -1.7047 80 200 120
-2.5837 0.5686 1.3800 80 200 120
-0.5842 4.3005 -1.2588 80 200 120
2.1181 -0.3137 -0.3935 80 200 120
-2.3417 0.2175 1.7308 80 200 120
3.4509 1.0959 0.9921 80 200 120
3.1787 1.1950 1.5406 80 200 120
4.4044 1.0250 0.4505 80 200 120
0.3341 2.5872 -1.6058 80 200 120
-2.8333 1.1526 1.0458 80 200 120
1.8044 -2.9071 -0.3504 80 200 120
0.8832 0.3556 -1.0590 80 200 120
0.5423 0.1162 -1.2183 80 200 120
-4.7381 4.4354 1.6849 80 200 120
1.4137 -3.0967 -0.2057 80 200 120
0.0504 0.0818 -0.6222 80 200 120
5.2737 -1.9857 1.5039 80 200 120
5.1260 -3.0868 1.6061 80 200 120
1.0366 1.1883 1.6504 80 200 120
4.5547 -0.2439 2.2485 80 200 120
4.4271 -1.7999 1.8483 80 200 120
0.5976 0.8633 1.6437 80 200 120
1.8456 -0.3229 1.6740 80 200 120
-0.0338 0.7270 1.6493 80 200 120
1.4094 -1.7662 1.6532 80 200 120
1.2225 0.7843 1.6960 80 200 120
0.3630 -1.5067 1.6668 80 200 120
0.8126 -0.9588 1.6735 80 200 120
3.4913 1.3031 1.3357 80 200 120
4.1642 2.8224 1.5491 80 200 120
4.8848 -1.3135 1.6951 80 200 120
1.8549 -0.5989 1.8858 80 200 120
5.2986 3.1058 -1.4274 80 200 120
5.0195 -1.2798 -0.4094 80 200 120
5.0348 -2.9709 0.7380 80 200 120
0.0412 0.7954 -0.7219 80 200 120
-0.9792 3.9166 -1.0401 80 200 120
2.5310 0.3466 1.5843 80 200 120
2.5745 0.3540 1.1546 80 200 120
3.2693 0.3172 1.3901 80 200 120
4.5581 2.4061 1.3683 80 200 120
4.8085 3.7338 0.1983 80 200 120
1.4049 2.2184 1.7947 80 200 120
3.1365 1.8508 1.6469 80 200 120
-1.1726 0.4152 1.6842 80 200 120
0.2720 -0.7308 1.6418 80 200 120
-1.1869 0.7898 1.6816 80 200 120
2.2231 1.7730 1.8486 80 200 120
0.3878 1.2370 1.6742 80 200 120
6.6755 3.6217 -0.1065 80 200 120
0.8429 -2.4224 1.6760 80 200 120
4.8399 -3.3634 0.8645 80 200 120
3.3675 3.4522 1.2749 80 200 120
3.9535 -2.5000 -1.4393 80 200 120
4.4889 1.6681 -1.4482 80 200 120
2.0354 -3.2589 -0.1792 80 200 120
-0.6441 4.0055 -1.1668 80 200 120
0.7235 3.6992 -0.6535 80 200 120
0.4436 3.6462 -1.0793 80 200 120
4.6135 -0.8882 -1.4021 80 200 120
4.5493 -2.1534 -1.5820 80 200 120
1.2827 0.7169 -0.9320 80 200 120
-0.2303 1.5953 1.6719 80 200 120
3.0256 3.8166 0.5462 80 200 120
4.3293 3.4680 0.9979 80 200 120
3.0078 3.6644 1.6945 80 200 120
4.4717 3.8050 -0.4429 80 200 120
0.4102 2.7369 -1.6685 80 200 120
1.7991 3.1375 -0.6249 80 200 120
1.0794 3.1291 -1.2553 80 200 120
5.0662 -1.7105 -1.5802 80 200 120
1.2575 2.6939 -1.0402 80 200 120
2.1825 3.6157 1.5628 80 200 120
1.9741 3.6816 0.9884 80 200 120
2.1643 2.8553 -0.7433 80 200 120
3.7423 2.5404 -1.6954 80 200 120
1.6892 0.6878 -1.6837 80 200 120
5.4381 -0.3928 0.4170 80 200 120
-0.6897 3.6738 -1.5477 80 200 120
-0.1958 3.4968 -1.4795 80 200 120
2.0263 -0.4453 -1.4109 80 200 120
2.4652 -2.9279 -0.1246 80 200 120
4.1442 -2.5012 -1.3038 80 200 120
2.9824 -0.5224 -1.7005 80 200 120
-2.3295 0.1186 1.6524 80 200 120
3.7240 -0.3490 -1.4529 80 200 120
4.4682 -1.4709 -1.8892 80 200 120
1.3710 3.8404 0.1116 80 200 120
5.0126 -1.5998 0.6429 80 200 120
-1.0054 3.6937 -1.4824 80 200 120
1.9278 -0.3905 -0.3708 80 200 120
1.6932 -2.8739 -0.3287 80 200 120
0.2880 3.2055 -1.5404 80 200 120
0.4157 2.8000 -1.7173 80 200 120
-2.5442 0.4216 1.0809 80 200 120
4.7015 -2.1614 -1.6430 80 200 120
4.0383 3.1645 -1.4123 80 200 120
1.9855 -2.7143 -0.4595 80 200 120
1.4942 2.5455 -0.9890 80 200 120
0.5746 0.7470 -0.6017 80 200 120
-2.3527 0.1402 1.6700 80 200 120
-2.8642 4.0035 1.1912 80 200 120
-2.3905 1.1842 1.0295 80 200 120
2.2579 -0.4237 -1.3320 80 200 120
-2.0830 0.4389 1.4641 80 200 120
1.7826 0.8024 -1.7744 80 200 120
7.6430 2.0840 -0.2424 80 200 120
0.2322 3.8180 0.3323 80 200 120
0.4965 3.7428 1.2082 80 200 120
1.0814 3.6984 1.5330 80 200 120
-0.1610 2.1209 1.5812 80 200 120
-1.6646 4.0349 -1.1923 80 200 120
1.9082 -3.1809 -0.1585 80 200 120
1.7427 1.5517 -1.1895 80 200 120
3.9439 -0.5380 -1.9039 80 200 120
2.1802 -0.5019 -1.7050 80 200 120
2.2921 0.0629 -0.4531 80 200 120
0.4424 2.8502 -1.7436 80 200 120
4.1009 3.9547 -1.1071 80 200 120
2.9262 -0.1935 -0.6341 80 200 120
-0.2235 3.7739 1.2720 80 200 120
1.3423 3.6374 -0.5438 80 200 120
5.1424 -2.1818 0.5650 80 200 120
2.8317 -2.9799 -0.3639 80 200 120
2.7915 -2.6703 -0.3675 80 200 120
3.2912 -3.1767 -0.1438 80 200 120
3.6412 1.3231 -1.0756 80 200 120
-2.2954 0.8413 0.9767 80 200 120
4.1478 0.7339 1.1026 80 200 120
-2.8924 3.8736 1.6520 80 200 120
2.7905 -0.5818 -1.5898 80 200 120
-2.2440 0.0025 1.5781 80 200 120
-2.0770 0.4206 1.4183 80 200 120
3.3973 -2.3743 1.6986 80 200 120
3.4003 -0.4832 -0.5938 80 200 120
-0.1083 3.7279 0.6294 80 200 120
2.4696 3.3930 -0.1263 80 200 120
3.3569 2.8289 1.4822 80 200 120
3.5338 -0.6875 -1.3970 80 200 120
-0.0588 0.1533 -0.5354 80 200 120
0.3284 3.0547 -0.9718 80 200 120
-0.8602 3.7857 1.3816 80 200 120
5.6058 0.9046 1.0053 80 200 120
3.7165 1.4314 -1.5885 80 200 120
-2.3051 0.0865 1.6147 80 200 120
-0.8499 3.1800 -1.4910 80 200 120
3.9525 -1.5196 -1.7382 80 200 120
-0.3353 2.2905 -1.7193 80 200 120
5.3878 -1.0999 1.4008 80 200 120
5.4653 -0.9589 0.1516 80 200 120
0.1708 3.4993 1.5493 80 200 120
2.8117 -2.6638 -0.3554 80 200 120
0.2643 2.8813 -1.3660 80 200 120
-2.0058 0.2583 1.4854 80 200 120
2.1662 -0.6401 -1.5540 80 200 120
1.6157 0.3534 -1.6976 80 200 120
2.8279 -0.6749 -1.4644 80 200 120
2.2842 -0.7399 -1.3812 80 200 120
5.4456 -0.7718 0.7444 80 200 120
5.0472 -0.6281 1.5135 80 200 120
-1.4289 3.4552 -1.5422 80 200 120
4.4402 3.1092 -0.4280 80 200 120
2.0940 -0.4863 -1.0918 80 200 120
-0.5654 2.9526 -1.5842 80 200 120
3.1619 0.2063 -0.4801 80 200 120
-0.1156 0.7281 -0.7772 80 200 120
-2.3968 0.1314 1.2717 80 200 120
-0.0470 0.2456 -0.5593 80 200 120
4.8205 0.0652 1.5184 80 200 120
2.6877 0.7340 -1.7897 80 200 120
6.8699 0.8256 -0.6491 80 200 120
2.3484 -0.4243 -0.4905 80 200 120
2.7924 2.5926 -1.2312 80 200 120
-2.8704 4.0193 0.6029 80 200 120
5.1205 -2.4978 1.5737 80 200 120
-1.2941 3.6545 1.5286 80 200 120
4.0241 -2.6042 -0.1261 80 200 120
0.6509 0.6170 -0.6277 80 200 120
-4.1984 3.5817 1.4875 80 200 120
2.0748 -0.2877 -0.6794 80 200 120
-2.0178 0.3045 1.4864 80 200 120
5.4075 -1.7379 1.2245 80 200 120
-2.2188 0.0793 1.6184 80 200 120
2.8740 0.0868 -0.4690 80 200 120
5.0343 0.7576 1.5705 80 200 120
-1.7605 3.5798 -1.4390 80 200 120
-0.5772 2.5752 -1.4141 80 200 120
5.1247 -1.2259 -0.4334 80 200 120
3.6200 1.3535 -0.9752 80 200 120
2.4222 -0.8153 -1.2703 80 200 120
5.5820 -0.5719 -1.7429 80 200 120
-0.3224 2.5737 -1.7196 80 200 120
4.3088 3.1868 -1.9903 80 200 120
4.3639 -3.0365 -0.1680 80 200 120
4.2843 3.1169 -0.9736 80 200 120
1.9759 3.3359 -0.6355 80 200 120
5.9308 -1.7505 -1.8334 80 200 120
0.7397 2.9155 -0.8678 80 200 120
5.1299 2.9447 -0.5819 80 200 120
2.4109 2.6597 -1.3177 80 200 120
1.7261 2.4516 -1.5414 80 200 120
2.4779 0.5093 -1.5128 80 200 120
2.8647 0.6259 0.4079 80 200 120
4.7940 -3.6020 1.4920 80 200 120
4.1888 0.8910 -0.2437 80 200 120
4.1163 1.7943 -1.6972 80 200 120
2.5865 -0.4049 -0.3388 80 200 120
0.6513 0.5053 -0.9132 80 200 120
0.5573 0.5396 -0.6812 80 200 120
-0.6118 3.7471 0.8472 80 200 120
-0.5677 3.4094 -1.7380 80 200 120
-0.2161 3.9339 -1.6827 80 200 120
0.3035 0.5741 -0.5819 80 200 120
-2.2948 3.8411 0.5065 80 200 120
-2.1798 0.0612 1.5810 80 200 120
-2.3104 0.5877 1.0694 80 200 120
-2.2499 3.8680 -0.0560 80 200 120
1.9802 2.8869 -1.1413 80 200 120
5.7892 0.4494 -0.4357 80 200 120
3.2616 2.6632 -1.7989 80 200 120
5.3838 -1.2409 -0.4667 80 200 120
0.2745 2.9350 -1.4185 80 200 120
2.4700 -2.7805 1.5507 80 200 120
2.3565 2.5663 -1.7047 80 200 120
4.2990 2.9360 -1.8109 80 200 120
2.4794 2.2619 -1.7830 80 200 120
2.3212 1.1562 -1.6867 80 200 120
5.5768 -3.5452 0.9989 80 200 120
-1.9786 3.9780 0.3788 80 200 120
-4.2086 3.6647 1.5217 80 200 120
-0.2191 3.9056 -1.6580 80 200 120
5.6928 -0.5946 -1.7986 80 200 120
2.5417 2.8563 -0.8299 80 200 120
-0.0422 1.8475 -1.1102 80 200 120
2.8344 -0.5874 -0.4166 80 200 120
5.2513 3.2106 0.8564 80 200 120
-1.9882 3.7517 1.6068 80 200 120
-2.7896 3.8151 0.6024 80 200 120
4.8409 2.3614 -2.6154 80 200 120
1.0211 2.0487 -1.3796 80 200 120
2.4936 0.2912 -1.2654 80 200 120
2.2188 -0.5252 -0.4407 80 200 120
2.8802 0.6380 -0.4641 80 200 120
5.3258 -2.9898 0.6340 80 200 120
1.9614 -0.3358 -0.6068 80 200 120
-0.7573 4.0938 -1.2469 80 200 120
1.4750 0.0056 1.5958 80 200 120
3.0975 0.3762 1.6341 80 200 120
3.8395 -0.5937 -1.0438 80 200 120
0.5542 1.1102 -0.8715 80 200 120
5.3910 -3.3113 1.6593 80 200 120
3.4320 -0.0659 -0.5257 80 200 120
2.2196 0.7668 1.6548 80 200 120
-0.7242 4.0572 -1.1993 80 200 120
5.3161 -1.2409 -0.4810 80 200 120
-1.0256 3.9702 -1.0323 80 200 120
-2.3106 3.9475 -0.0705 80 200 120
2.6910 2.9664 -1.6817 80 200 120
2.6207 3.4168 -1.3389 80 200 120
2.2021 2.8195 -1.6628 80 200 120
2.5534 -0.5462 -0.4881 80 200 120
3.5217 2.9097 -1.8764 80 200 120
-0.3242 3.5623 1.6280 80 200 120
4.5559 1.7327 1.1968 80 200 120
3.6758 1.6180 1.6780 80 200 120
3.7405 0.7156 0.4173 80 200 120
4.7274 -3.5607 1.5159 80 200 120
1.9694 2.2335 -1.7362 80 200 120
5.2361 -2.9065 0.7892 80 200 120
1.1920 2.4633 -1.5653 80 200 120
5.0053 -3.1687 1.5620 80 200 120
5.0021 -2.6280 0.0371 80 200 120
4.4666 3.1120 -1.9483 80 200 120
5.2236 -2.3492 0.7023 80 200 120
3.7975 0.0005 1.7036 80 200 120
5.2392 -1.9739 1.5268 80 200 120
1.0236 1.2740 1.6717 80 200 120
0.5858 0.9739 1.6593 80 200 120
1.7717 -0.2791 1.6594 80 200 120
1.1618 0.7822 1.6598 80 200 120
4.8459 2.0440 1.6479 80 200 120
4.2912 3.0484 1.6196 80 200 120
4.7611 -1.2784 1.6529 80 200 120
3.6087 1.7091 -0.8423 80 200 120
2.9315 -0.5810 1.6713 80 200 120
2.5832 0.2752 -0.6169 80 200 120
2.7090 0.5179 1.6646 80 200 120
2.8682 0.5470 1.2297 80 200 120
3.7336 0.5228 1.4149 80 200 120
5.1259 2.9029 1.5452 80 200 120
4.5187 3.5026 0.2345 80 200 120
1.3282 2.0655 1.7077 80 200 120
3.2529 2.0873 1.6714 80 200 120
2.0228 1.4667 1.6942 80 200 120
0.3565 1.2104 1.6564 80 200 120
5.8307 2.9452 0.0211 80 200 120
3.3037 3.4198 1.2948 80 200 120
-4.0390 3.6286 1.4900 80 200 120
-3.2318 4.0247 1.5956 80 200 120
5.3117 -1.2530 -0.4758 80 200 120
2.2191 2.9419 1.7041 80 200 120
5.3842 -0.2818 1.1900 80 200 120
4.7566 -3.5510 1.4794 80 200 120
4.9471 -2.8643 1.5645 80 200 120
5.2507 0.4577 1.3963 80 200 120
5.1830 -3.3892 0.8370 80 200 120
3.0559 -0.2046 -0.4382 80 200 120
-2.6234 4.1506 0.9678 80 200 120
6.5890 3.6264 -3.8143 80 200 120
3.7261 2.2559 -1.0647 80 200 120
1.2813 2.2936 -0.6943 80 200 120
3.4762 3.1398 -0.9946 80 200 120
3.0711 2.7349 -1.8221 80 200 120
3.2273 2.0649 -1.6978 80 200 120
3.6265 1.7894 -1.4792 80 200 120
-0.2516 1.6132 1.6680 80 200 120
2.8540 3.6060 0.5321 80 200 120
4.2208 3.3374 1.0218 80 200 120
2.7863 3.3750 1.6443 80 200 120
3.8848 3.1603 -0.3226 80 200 120
1.6230 2.6607 -0.8569 80 200 120
0.7588 2.0013 1.7010 80 200 120
3.9767 3.4838 0.6623 80 200 120
-2.0361 4.2454 0.3101 80 200 120
-2.3231 4.2009 0.6591 80 200 120
1.0187 2.9047 -0.8938 80 200 120
2.0620 3.4459 1.5169 80 200 120
1.8954 3.5755 0.9783 80 200 120
2.3196 3.1996 -0.8850 80 200 120
2.2791 2.9188 -1.6807 80 200 120
2.9248 3.9018 -1.5742 80 200 120
1.2733 2.4303 -0.8014 80 200 120
2.8781 0.6887 1.5064 80 200 120
5.8481 1.2820 0.5559 80 200 120
5.3515 -0.9121 0.1197 80 200 120
5.1068 -3.3183 0.8424 80 200 120
5.1726 -2.9174 0.7127 80 200 120
5.0003 -3.4752 1.1657 80 200 120
4.8859 3.2659 1.3172 80 200 120
2.7679 2.9746 -1.4480 80 200 120
3.6417 2.0730 -0.9975 80 200 120
4.2857 2.2082 -0.9041 80 200 120
1.2751 3.6518 0.1316 80 200 120
3.1917 0.3423 -0.6415 80 200 120
4.8922 -3.6240 1.5286 80 200 120
3.3374 2.3863 -1.1267 80 200 120
3.7079 1.4657 -1.6140 80 200 120
3.8878 3.5170 0.0237 80 200 120
0.5093 2.8524 -0.8332 80 200 120
5.7853 -1.2947 -0.5414 80 200 120
3.4310 3.4507 -1.6544 80 200 120
3.0509 -0.6158 -0.3841 80 200 120
2.2604 3.5565 -1.3460 80 200 120
5.1654 -3.2575 1.6158 80 200 120
3.8255 2.8086 -1.8044 80 200 120
2.0352 3.4003 -0.6374 80 200 120
2.9925 3.0185 -1.8494 80 200 120
2.3871 0.1987 -0.5640 80 200 120
-2.9540 4.0251 1.1321 80 200 120
4.9368 -3.4105 1.1385 80 200 120
5.1810 -2.2812 0.8498 80 200 120
5.5650 2.9463 0.8015 80 200 120
5.4096 -1.6078 0.6386 80 200 120
-0.0203 3.7359 0.0203 80 200 120
5.5448 0.2880 0.4243 80 200 120
4.3286 2.1497 -1.1175 80 200 120
-2.9577 4.0156 1.6473 80 200 120
5.4855 -0.3938 0.4726 80 200 120
4.5990 0.8199 -0.0182 80 200 120
0.4633 3.7067 1.2099 80 200 120
1.0307 3.5624 1.5275 80 200 120
-0.2741 2.6310 1.7030 80 200 120
4.8427 3.3864 -0.0010 80 200 120
5.7060 -0.9029 0.1232 80 200 120
5.3934 -2.7602 0.0277 80 200 120
3.1544 2.6739 -1.7122 80 200 120
2.7374 3.2078 -1.1275 80 200 120
5.1039 -2.8736 0.6456 80 200 120
2.8025 0.6690 -0.2263 80 200 120
3.4777 0.5572 -0.1780 80 200 120
5.5277 -2.2979 0.5503 80 200 120
2.8271 3.1320 -1.4895 80 200 120
2.3240 2.9632 -1.1125 80 200 120
2.0824 3.0604 -1.1530 80 200 120
4.9946 -3.2129 0.8347 80 200 120
4.9360 -3.3848 1.1393 80 200 120
3.2153 -0.1941 -0.5388 80 200 120
1.0325 1.8899 1.6580 80 200 120
2.7494 -0.5496 -0.3546 80 200 120
4.1414 2.7222 -1.7926 80 200 120
5.2412 -2.6880 1.0507 80 200 120
-0.2542 3.8151 1.2713 80 200 120
3.9877 -0.5528 1.6137 80 200 120
-1.3546 3.7252 1.6035 80 200 120
4.5476 0.6203 0.7514 80 200 120
5.3753 -0.9153 0.1523 80 200 120
3.8094 -3.6097 1.5226 80 200 120
4.6026 -3.7478 1.1736 80 200 120
4.2032 0.7240 1.0366 80 200 120
-0.7667 3.8230 1.3978 80 200 120
-1.9622 3.8637 1.6176 80 200 120
5.6362 0.7208 -0.1318 80 200 120
1.2986 3.7000 0.1382 80 200 120
3.4715 -2.3515 1.6273 80 200 120
5.2975 3.2131 0.3914 80 200 120
5.2110 -2.9057 0.6636 80 200 120
3.2891 3.0957 -1.5347 80 200 120
5.4873 -2.3022 0.5555 80 200 120
3.7060 3.3113 1.6949 80 200 120
0.3336 3.6716 0.3283 80 200 120
2.4452 0.2330 -0.4446 80 200 120
2.4270 3.4375 0.6423 80 200 120
3.4352 1.0169 -0.1773 80 200 120
5.5276 -1.2626 -0.4916 80 200 120
4.2191 3.2857 0.6104 80 200 120
2.9566 0.3419 1.2226 80 200 120
2.2417 2.6705 -0.9729 80 200 120
0.0427 3.8882 0.6664 80 200 120
3.4549 3.0971 -1.0097 80 200 120
5.3583 0.3557 -0.4018 80 200 120
-0.3827 3.5786 0.6849 80 200 120
4.2507 0.0584 1.6383 80 200 120
2.6344 3.4293 -0.3712 80 200 120
5.0980 2.9956 -1.1747 80 200 120
3.7022 2.4743 -0.7983 80 200 120
4.9397 3.6166 -0.5011 80 200 120
1.4748 3.8950 -0.7200 80 200 120
4.8211 2.3317 -1.2680 80 200 120
5.5476 0.0985 -0.3042 80 200 120
5.0444 -3.6840 1.5639 80 200 120
5.0985 -2.8425 0.6418 80 200 120
5.1687 -2.4198 1.5578 80 200 120
-0.7409 3.7729 1.3580 80 200 120
5.1547 -2.6266 1.0173 80 200 120
5.2459 -2.4704 0.6919 80 200 120
4.0311 -1.8204 1.6220 80 200 120
3.0173 -3.1161 1.6766 80 200 120
5.4049 -0.8827 0.1466 80 200 120
2.8789 3.5266 1.2425 80 200 120
2.7563 3.2488 -1.0340 80 200 120
5.4505 0.2424 0.4362 80 200 120
3.0645 0.7907 -0.3549 80 200 120
3.4935 -2.3984 1.6701 80 200 120
5.3156 -1.0884 1.4287 80 200 120
0.1329 3.6698 1.5969 80 200 120
5.5606 2.7716 1.6230 80 200 120
3.8159 1.1009 1.3024 80 200 120
5.2146 -3.2419 1.6476 80 200 120
5.1981 -3.4367 0.9254 80 200 120
5.5414 -2.2895 0.6001 80 200 120
2.2265 3.5263 0.0132 80 200 120
3.9107 -3.6868 1.6379 80 200 120
3.9675 2.3517 -1.1015 80 200 120
5.3520 0.3655 -0.4007 80 200 120
3.3957 -3.6607 1.5299 80 200 120
6.4236 4.0729 -2.2387 80 200 120
6.0527 2.8744 -2.2079 80 200 120
5.3966 -0.7722 0.7492 80 200 120
5.2523 -0.6404 1.5976 80 200 120
-1.2057 3.7117 1.5169 80 200 120
3.6979 3.1933 -1.4359 80 200 120
3.7424 -0.2629 1.6732 80 200 120
5.1700 -2.8772 0.6401 80 200 120
3.8788 1.1932 0.6497 80 200 120
-0.4123 3.1427 1.5810 80 200 120
3.1421 0.8386 -0.3637 80 200 120
3.0720 0.7358 1.2154 80 200 120
5.4750 0.2664 1.0756 80 200 120
5.6703 3.1971 1.3526 80 200 120
5.0308 0.0885 1.5853 80 200 120
5.2464 -2.6651 1.0264 80 200 120
2.7659 3.5777 0.9236 80 200 120
5.3262 -2.2101 0.5440 80 200 120
7.1742 4.4696 -2.1228 80 200 120
3.3838 0.9291 -0.0042 80 200 120
2.8443 0.4820 1.4956 80 200 120
5.3248 -1.7137 1.2527 80 200 120
5.3595 -1.5909 0.6367 80 200 120
5.5534 2.5530 -0.2743 80 200 120
0.0217 3.9017 0.5877 80 200 120
4.5874 -3.7576 1.2834 80 200 120
-0.2646 3.5612 1.5450 80 200 120
2.9571 -3.0036 1.6231 80 200 120
3.2278 0.8420 0.2935 80 200 120
3.1397 0.8130 -0.6661 80 200 120
3.4955 1.9006 -0.8792 80 200 120
5.1229 4.0195 -1.3421 80 200 120
5.5816 -2.6163 -0.4597 80 200 120
3.9890 -3.6550 1.7212 80 200 120
3.9773 1.1811 0.9500 80 200 120
5.2887 3.1543 -1.2574 80 200 120
5.6681 2.1907 -0.8433 80 200 120
4.0189 3.3503 0.3126 80 200 120
4.3659 3.4867 -1.6060 80 200 120
4.0894 3.3274 1.5700 80 200 120
4.0851 1.3071 -0.7857 80 200 120
5.0737 -3.1813 0.1259 80 200 120
5.2387 -2.4123 -0.3854 80 200 120
2.8559 -2.5168 1.6902 80 200 120
4.5638 2.8748 -1.3467 80 200 120
5.5090 5.0645 -1.4390 80 200 120
7.4068 6.3546 -3.1298 80 200 120
5.3284 -1.5116 1.5979 80 200 120
5.5117 3.2302 -0.6211 80 200 120
5.5809 3.1377 -1.6195 80 200 120
3.8002 3.4664 1.4337 80 200 120
1.9131 2.7430 1.6759 80 200 120
5.2230 -3.3874 0.8648 80 200 120
5.5585 1.9191 1.6311 80 200 120
5.3600 -3.0288 0.6887 80 200 120
5.1637 -3.5397 1.2005 80 200 120
3.6511 0.9616 0.9802 80 200 120
4.0469 0.9475 1.5267 80 200 120
3.0221 1.6979 -0.5767 80 200 120
5.4150 -2.8110 0.0159 80 200 120
5.5832 1.9951 -0.0961 80 200 120
3.1571 3.4442 0.4073 80 200 120
3.8421 3.3434 -0.1489 80 200 120
1.1611 3.7426 1.6436 80 200 120
5.4634 -0.3047 0.8674 80 200 120
3.3874 -3.6552 1.5075 80 200 120
5.6793 1.8128 0.8401 80 200 120
4.2906 -2.6807 1.6797 80 200 120
5.6007 1.7416 1.1992 80 200 120
3.6594 -3.1765 1.4100 80 200 120
3.1159 -2.9664 1.6866 80 200 120
5.1068 2.2143 -1.3355 80 200 120
3.2304 3.3647 1.5878 80 200 120
0.8630 3.5402 1.5855 80 200 120
3.0870 0.7470 -0.2639 80 200 120
9.2782 6.3010 -2.4853 80 200 120
5.2749 -2.7102 0.0251 80 200 120
-0.1588 3.7219 1.6162 80 200 120
1.4371 3.6702 1.3025 80 200 120
5.6565 2.1496 -0.4686 80 200 120
3.4388 1.8253 -0.8348 80 200 120
5.3177 -0.2116 1.1640 80 200 120
5.5658 2.2210 0.5212 80 200 120
5.5984 2.2766 1.5521 80 200 120
3.3787 2.0851 -0.7062 80 200 120
5.6218 1.7156 0.1494 80 200 120
5.6123 1.8422 -1.5738 80 200 120
0.9582 1.8770 1.6293 80 200 120
5.3978 1.6524 -0.9986 80 200 120
0.7067 1.8128 1.6092 80 200 120
5.0825 -3.2847 0.8631 80 200 120
5.1089 -2.8853 0.6361 80 200 120
1.7977 3.5254 0.8678 80 200 120
4.8607 -3.6082 0.7977 80 200 120
3.1378 2.4612 1.6606 80 200 120
1.9270 3.5093 1.1152 80 200 120
3.8964 3.1463 -0.4845 80 200 120
3.9009 1.9080 1.5810 80 200 120
3.8688 -3.6558 1.5339 80 200 120
5.3989 1.4101 -0.5565 80 200 120
4.2098 -1.0467 1.6221 80 200 120
4.7057 2.5754 -1.2630 80 200 120
5.4536 1.3857 0.3723 80 200 120
4.9336 2.0869 -1.3776 80 200 120
5.5914 1.3325 -1.5909 80 200 120
4.6924 -3.8355 1.2540 80 200 120
4.0248 -3.8977 1.7581 80 200 120
3.1920 -2.9873 1.6967 80 200 120
4.5052 1.1425 1.6464 80 200 120
3.4942 -3.8267 1.5664 80 200 120
5.3813 3.2813 -0.2203 80 200 120
5.6112 1.6098 1.6570 80 200 120
5.6336 2.5188 -0.9327 80 200 120
5.4614 1.0756 1.5297 80 200 120
5.5116 3.2171 -1.1554 80 200 120
3.6932 -0.4974 1.6146 80 200 120
5.2814 3.2447 0.8419 80 200 120
4.0275 3.1570 -0.9609 80 200 120
5.6958 4.6872 -1.5593 80 200 120
5.2301 -2.6469 0.0204 80 200 120
4.6966 3.1667 -1.4424 80 200 120
5.4721 1.9613 -1.1996 80 200 120
5.8764 1.7574 -1.7136 80 200 120
5.3853 -1.6034 0.6348 80 200 120
3.3281 1.2323 1.5820 80 200 120
5.1081 3.1455 -1.5464 80 200 120
3.1642 0.7150 0.9739 80 200 120
4.4440 -3.6984 1.7741 80 200 120
5.1257 -3.1473 0.1549 80 200 120
5.3495 2.3546 -1.8906 80 200 120
5.5202 0.9248 0.9426 80 200 120
2.7368 0.5328 1.5224 80 200 120
4.6324 2.2794 -1.2026 80 200 120
3.7099 2.5493 1.7287 80 200 120
4.0101 -3.9541 1.7105 80 200 120
5.5427 1.1765 1.1541 80 200 120
4.7142 3.3370 0.7567 80 200 120
4.9815 -3.7087 0.1375 80 200 120
3.2739 2.5562 1.6791 80 200 120
5.2232 -3.0681 0.7956 80 200 120
3.6787 -3.0218 1.7136 80 200 120
5.8620 1.3162 -1.6647 80 200 120
3.2304 3.3593 0.8261 80 200 120
4.2635 -3.7891 1.2726 80 200 120
4.8891 3.2109 1.6657 80 200 120
3.6927 1.6073 1.7208 80 200 120
4.7064 2.7094 -1.0445 80 200 120
5.5439 2.0197 -1.2053 80 200 120
2.8401 0.4912 0.5401 80 200 120
2.7756 -3.1220 1.6375 80 200 120
5.5001 0.3960 -0.4011 80 200 120
5.4820 0.5439 1.4695 80 200 120
5.0878 -3.0732 0.1041 80 200 120
5.5933 1.8749 -0.5580 80 200 120
5.3102 -2.7764 0.0395 80 200 120
5.2106 2.2149 -1.4136 80 200 120
6.9441 3.8212 -2.2856 80 200 120
2.7949 0.4668 0.6613 80 200 120
5.2387 2.3037 -1.8125 80 200 120
5.0186 2.0107 1.6366 80 200 120
4.3638 3.1601 1.6820 80 200 120
3.3646 -3.3309 1.3968 80 200 120
5.5598 0.3777 -1.6592 80 200 120
5.5153 0.6657 -0.1402 80 200 120
5.4569 0.3040 0.4727 80 200 120
5.6747 1.5643 -1.1448 80 200 120
5.2754 0.2044 1.4533 80 200 120
5.4574 2.4260 -0.8307 80 200 120
3.5672 3.4153 0.3872 80 200 120
5.4847 0.0058 0.2986 80 200 120
5.7673 3.3514 -1.6493 80 200 120
4.7149 3.5871 -1.2087 80 200 120
5.0660 0.4534 1.5816 80 200 120
2.5217 -2.2476 1.7207 80 200 120
5.5613 1.1991 0.0614 80 200 120
5.2900 3.0493 1.6059 80 200 120
4.4186 3.3897 0.2035 80 200 120
5.6850 2.8653 -0.0275 80 200 120
3.6581 0.2002 1.4226 80 200 120
4.1888 -0.0352 1.5708 80 200 120
5.1477 2.4992 -0.9814 80 200 120
5.4447 -0.2782 0.8592 80 200 120
4.2383 3.1558 -0.5040 80 200 120
5.3529 -0.1873 1.1484 80 200 120
5.6471 1.2590 -1.6187 80 200 120
2.8016 0.4555 0.3105 80 200 120
3.2667 3.6345 1.8274 80 200 120
4.0068 3.3665 1.6452 80 200 120
5.7284 0.6825 -1.6919 80 200 120
3.6451 3.3526 1.6169 80 200 120
4.6400 3.4115 1.4111 80 200 120
4.1029 3.2794 0.9859 80 200 120
3.7593 3.2135 0.5467 80 200 120
5.3221 -0.4330 -0.1050 80 200 120
5.0900 1.9701 -1.3665 80 200 120
5.3020 0.4694 -0.7229 80 200 120
3.3712 -3.5414 1.4598 80 200 120
5.2892 -0.9404 0.1550 80 200 120
5.1264 -0.3170 1.4252 80 200 120
5.2855 -0.7720 0.6191 80 200 120
3.9644 2.5424 -1.1434 80 200 120
5.2489 0.7902 1.5975 80 200 120
1.8511 -2.4627 1.6473 80 200 120
1.8738 -1.5422 1.5361 80 200 120
2.8303 0.7043 1.3997 80 200 120
4.6941 3.1603 1.2058 80 200 120
5.1839 -0.6920 1.5439 80 200 120
4.9494 3.9990 -1.3746 80 200 120
2.0598 -1.4503 1.7389 80 200 120
5.3051 1.1164 0.4121 80 200 120
4.8227 2.5822 -1.6981 80 200 120
5.3462 0.2687 -0.5931 80 200 120
5.4751 3.3437 -1.3626 80 200 120
4.5581 2.5343 -1.2300 80 200 120
5.3848 0.4945 -1.6184 80 200 120
5.2625 -0.9858 1.3095 80 200 120
3.6670 3.1777 -0.2341 80 200 120
3.4414 2.1013 -0.6895 80 200 120
5.1874 -1.1603 -0.4648 80 200 120
5.2530 -0.4218 -1.4805 80 200 120
2.6867 0.4559 0.9516 80 200 120
3.3334 3.3935 1.3072 80 200 120
3.7248 2.2775 -1.0114 80 200 120
5.3703 1.4500 -1.1315 80 200 120
4.0228 0.4041 1.6502 80 200 120
5.3580 1.2799 0.8192 80 200 120
3.7954 3.0306 -0.5269 80 200 120
5.1588 -1.6666 1.1998 80 200 120
5.4750 1.6641 -0.9864 80 200 120
5.6799 0.9750 -1.6771 80 200 120
2.6838 -3.1595 1.6243 80 200 120
5.2389 0.1224 -0.2830 80 200 120
3.5865 3.4208 0.5338 80 200 120
5.1329 1.8009 -1.4376 80 200 120
2.6659 0.4204 0.4733 80 200 120
5.1597 -1.5221 1.5469 80 200 120
5.1432 -1.4727 0.5899 80 200 120
3.2269 0.2437 1.0353 80 200 120
3.7637 3.3283 0.0121 80 200 120
5.4388 2.9515 0.8151 80 200 120
4.8966 -2.1062 1.4710 80 200 120
5.2989 3.1043 -1.5494 80 200 120
5.2964 0.7036 0.3290 80 200 120
3.9369 3.1759 -0.9746 80 200 120
3.9924 -0.7856 1.4112 80 200 120
5.9031 0.3827 -1.7978 80 200 120
5.0520 -2.2420 0.6712 80 200 120
4.2373 2.9012 -0.1026 80 200 120
4.5522 3.1646 -1.7383 80 200 120
5.2658 2.5564 -1.5286 80 200 120
4.6133 3.3701 -1.6025 80 200 120
4.9121 -2.8722 1.4810 80 200 120
5.0286 -2.6838 0.5191 80 200 120
3.0677 0.4043 0.5004 80 200 120
4.5974 -2.3658 0.6079 80 200 120
5.6523 2.9792 -1.7188 80 200 120
5.0734 3.0835 -1.7910 80 200 120
3.4839 -0.6411 1.0576 80 200 120
3.6605 0.3454 1.6189 80 200 120
4.9927 -1.6594 -0.7441 80 200 120
5.2982 1.9526 -1.1285 80 200 120
4.9926 0.7920 -1.4603 80 200 120
3.4736 -0.3560 0.5670 80 200 120
4.4707 -1.3588 -0.3940 80 200 120
5.1072 2.3070 -0.8226 80 200 120
4.8361 -0.0822 1.5583 80 200 120
3.8457 3.1616 -0.5434 80 200 120
4.6440 -3.0916 1.7198 80 200 120
5.2546 -1.6330 0.6672 80 200 120
5.1083 1.9862 -1.4031 80 200 120
2.6459 0.4904 0.8041 80 200 120
2.0579 3.3456 1.3615 80 200 120
4.7185 1.6861 1.3456 80 200 120
4.2356 3.3137 -0.4924 80 200 120
3.6207 3.1842 -0.2198 80 200 120
4.6904 3.1262 -1.3422 80 200 120
4.7991 2.1031 -1.6607 80 200 120
5.1324 3.2114 0.4135 80 200 120
3.3769 2.9181 0.9576 80 200 120
3.4281 3.0360 0.2944 80 200 120
3.8127 2.5572 -0.8131 80 200 120
4.4097 3.9537 -1.1673 80 200 120
3.6698 3.2565 0.0042 80 200 120
5.3909 2.2147 -0.0733 80 200 120
2.9587 0.4786 1.5928 80 200 120
3.5067 -0.3679 1.4666 80 200 120
3.6178 3.1331 -0.5293 80 200 120
2.8311 0.5954 0.6841 80 200 120
3.9876 3.1643 0.5677 80 200 120
3.7266 3.3833 -1.5911 80 200 120
3.8874 3.2719 -0.0102 80 200 120
4.3174 1.4838 1.5524 80 200 120
3.9918 -0.6083 1.7181 80 200 120
2.7343 3.2770 0.3285 80 200 120
3.6813 -0.1077 1.4587 80 200 120
3.9453 3.3613 -1.5794 80 200 120
4.4918 3.5128 -1.2311 80 200 120
4.8150 2.0932 -1.6005 80 200 120
4.9570 2.9237 -1.6559 80 200 120
2.9103 3.1498 0.3105 80 200 120
3.9072 2.6608 -0.4954 80 200 120
4.3166 0.3609 1.3702 80 200 120
3.8006 3.0020 1.2333 80 200 120
4.3522 -0.0859 1.9171 80 200 120
1.9337 3.5277 1.5856 80 200 120
4.5818 1.3727 1.0614 80 200 120
5.3630 1.7417 -1.4578 80 200 120
2.6607 3.5144 2.0551 80 200 120
5.1742 1.2598 -0.4001 80 200 120
5.5970 2.4827 -0.8848 80 200 120
4.3970 2.9835 -1.6023 80 200 120
5.5462 -0.5937 0.5715 80 200 120
5.2179 2.9039 0.1734 80 200 120
4.8633 -1.1527 1.3680 80 200 120
5.2788 0.8498 0.5331 80 200 120
3.8768 3.0021 -1.3860 80 200 120
4.6217 2.2410 1.3892 80 200 120
5.1974 0.3312 1.0292 80 200 120
5.1838 1.2859 -0.1676 80 200 120
5.1727 3.1421 -0.9568 80 200 120
2.6328 3.4092 0.6471 80 200 120
5.2791 2.7115 1.5455 80 200 120
0.7284 3.5155 1.5743 80 200 120
2.5649 3.5344 -1.1706 80 200 120
1.9482 3.1476 0.8833 80 200 120
2.6310 3.0052 0.5703 80 200 120
5.1504 1.6780 -0.4006 80 200 120
0.8502 3.7375 1.9366 80 200 120
0.8300 2.8403 1.4387 80 200 120
1.1799 3.8010 2.0969 80 200 120
5.1156 1.4536 0.0593 80 200 120
3.1029 3.1207 -0.8019 80 200 120
3.4307 2.7353 -0.5257 80 200 120
-0.0815 3.6372 1.4363 80 200 120
3.3214 2.8948 -1.3301 80 200 120
3.4391 3.1262 -1.1448 80 200 120
1.2371 2.9262 1.4558 80 200 120
4.9381 2.8481 -0.3793 80 200 120
1.7986 2.7136 1.8757 80 200 120
1.3718 2.2034 1.6164 80 200 120
1.7550 3.3039 0.7985 80 200 120
3.4763 3.4772 1.0311 80 200 120
3.0881 3.1445 -1.5024 80 200 120
5.3190 3.0856 1.2946 80 200 120
2.4945 2.8266 -0.9879 80 200 120
3.1847 3.0532 -1.3968 80 200 120
6.5695 6.4536 -2.6888 80 200 120
1.6409 2.9655 -0.0999 80 200 120
5.3462 1.7073 0.5091 80 200 120
0.8548 3.4272 1.1467 80 200 120
2.6541 3.6743 1.5819 80 200 120
4.4979 3.2419 -0.6668 80 200 120
1.1342 3.4505 1.2755 80 200 120
4.3759 2.5326 1.2699 80 200 120
3.2643 3.0941 0.2893 80 200 120
2.8742 0.6175 0.8762 80 200 120
5.4446 1.1302 0.1473 80 200 120
1.5218 3.1847 -0.6616 80 200 120
2.4969 2.5061 -0.9400 80 200 120
-1.4436 2.9437 1.2254 80 200 120
-1.5259 3.1212 0.9520 80 200 120
2.1913 2.8125 -0.9524 80 200 120
-1.3807 3.6175 1.6935 80 200 120
-0.0708 3.3920 0.8602 80 200 120
0.5832 3.1772 0.1606 80 200 120
0.3266 3.3017 0.4035 80 200 120
-1.0308 2.8831 1.8877 80 200 120
1.8822 2.5856 2.0737 80 200 120
2.3484 3.2748 -0.8142 80 200 120
-0.5181 3.1213 1.6324 80 200 120
4.5491 3.1463 -1.4303 80 200 120
5.3011 0.4202 1.6745 80 200 120
0.2439 3.3811 1.5627 80 200 120
4.8018 1.0038 0.7516 80 200 120
3.0316 3.1561 0.9558 80 200 120
2.1692 3.0117 -0.6707 80 200 120
1.6475 3.1410 -1.0014 80 200 120
5.1946 2.7971 -0.6885 80 200 120
2.6964 3.3269 -1.5222 80 200 120
4.6310 2.2335 -0.3548 80 200 120
-0.2431 0.7163 2.1935 80 200 120
-1.6060 3.4343 0.4102 80 200 120
-0.7962 1.8095 1.6491 80 200 120
-2.8116 2.3916 1.8568 80 200 120
-1.1191 2.7527 0.1497 80 200 120
-0.0319 1.8788 2.7091 80 200 120
-4.3412 3.5450 1.6384 80 200 120
2.2446 2.4962 1.1505 80 200 120
3.6402 2.9371 0.1563 80 200 120
-2.6405 1.8070 1.7272 80 200 120
-6.1938 4.5847 -1.0430 80 200 120
-4.3238 2.3677 1.5591 80 200 120
-1.2298 1.2164 1.6082 80 200 120
-4.3979 3.0742 0.6175 80 200 120
-2.3947 1.2160 1.6145 80 200 120
-3.6987 1.7898 1.5813 80 200 120
-2.4613 3.5283 0.8651 80 200 120
-2.9409 0.6699 2.0353 80 200 120
2.2497 3.5901 1.8928 80 200 120
-0.5463 1.5817 1.7077 80 200 120
0.4250 3.4089 1.1742 80 200 120
-1.8220 3.4705 -0.0483 80 200 120
-1.6451 2.1445 1.7751 80 200 120
2.4521 3.1416 -0.5803 80 200 120
1.4733 3.1842 -0.3566 80 200 120
0.9972 1.0951 1.5174 80 200 120
-1.2091 3.2869 1.0536 80 200 120
3.2757 3.2778 1.5449 80 200 120
-2.0320 3.0225 -0.6697 80 200 120
1.6917 2.7932 -0.9318 80 200 120
0.8380 2.7579 -0.8288 80 200 120
-0.5518 3.1703 -0.5507 80 200 120
-0.1304 2.2665 1.6748 80 200 120
-0.8613 3.2695 0.4708 80 200 120
5.7048 2.8252 1.9253 80 200 120
-1.3975 2.6815 -1.1685 80 200 120
1.6177 2.1578 -0.8080 80 200 120
-127.4887 -31.5588 36.6977 80 200 120
-2.0379 -0.3389 1.8390 80 200 120
-3.6899 -0.1129 1.9658 80 200 120
-5.2974 2.2948 0.2823 80 200 120
2.5310 2.7109 -0.9384 80 200 120
1.7936 2.5290 -0.9276 80 200 120
2.5543 2.4686 -0.8701 80 200 120
2.2897 2.4544 -0.9145 80 200 120
1.6532 2.6761 -0.8095 80 200 120
2.3184 2.6336 -0.9796 80 200 120
-4.3894 2.8328 1.1891 80 200 120
1.9953 2.5141 -0.9485 80 200 120
-4.9279 1.9392 0.7446 80 200 120
1.1203 3.3565 0.2702 80 200 120
1.8796 2.9058 -0.9418 80 200 120
1.6124 2.5265 -0.9300 80 200 120
1.8707 2.1144 -0.8106 80 200 120
-3.7803 3.7210 -0.3327 80 200 120
2.1942 2.8341 -0.9381 80 200 120
1.9374 2.2429 -0.7384 80 200 120
0.8172 3.0491 -0.8142 80 200 120
1.8193 2.5188 -1.1321 80 200 120
2.5481 3.0537 -1.4009 80 200 120
3.8992 2.2427 0.3033 80 200 120
-5.6131 1.2819 0.4767 80 200 120
3.3975 2.1370 -0.5118 80 200 120
1.7786 1.8465 -0.7741 80 200 120
-14.5851 2.8434 -2.9561 80 200 120
1.9118 2.1433 -1.0169 80 200 120
2.1861 1.9886 -0.8473 80 200 120
-0.0597 -1.0080 1.8483 80 200 120
1.9940 1.6093 -0.6827 80 200 120
-0.7002 -1.0646 1.7183 80 200 120
-0.0713 1.7402 -1.2139 80 200 120
-4.4460 1.1248 1.5752 80 200 120
1.2692 1.2241 -0.5283 80 200 120
-0.7755 1.0362 1.7670 80 200 120
-5.9122 1.9184 -0.3537 80 200 120
-1.5719 -0.6353 1.8256 80 200 120
2.2617 1.8572 -0.7238 80 200 120
-4.9096 0.0732 0.1485 80 200 120
-4.8478 0.8338 1.1101 80 200 120
-0.5377 0.0859 1.6552 80 200 120
2.0917 2.4723 -0.8185 80 200 120
-0.2955 0.5720 1.7776 80 200 120
0.1775 1.7463 1.5986 80 200 120
2.1175 2.5173 -0.9194 80 200 120
-10.0824 -6.4331 8.0991 80 200 120
-1.0177 -0.7672 1.1303 80 200 120
2.1778 2.2604 -1.2495 80 200 120
2.8791 1.8348 -0.6451 80 200 120
-4.9064 -1.4059 0.3406 80 200 120
2.9935 1.7685 -0.5682 80 200 120
1.6119 1.6360 -1.0064 80 200 120
-3.3690 0.1189 -1.7190 80 200 120
2.6529 1.3984 -0.2548 80 200 120
1.7728 1.3698 -0.6521 80 200 120
2.6097 1.6716 -0.6526 80 200 120
0.1547 2.4433 -2.2222 80 200 120
-3.9661 -2.9697 1.5067 80 200 120
1.5335 2.6976 -1.5995 80 200 120
-28.2088 -1.7213 -0.7462 80 200 120
0.9468 0.3252 1.4288 80 200 120
0.3456 2.2885 1.7023 80 200 120
0.5997 1.9081 1.6178 80 200 120
2.4999 1.6001 -0.5446 80 200 120
1.5805 1.7083 1.6432 80 200 120
-2.6220 2.3211 -0.7198 80 200 120
-1.4798 0.3146 1.7057 80 200 120
-3.4964 -0.4056 0.7425 80 200 120
2.4270 2.0516 -0.9104 80 200 120
-1.2840 1.7977 -2.3726 80 200 120
2.4521 2.4457 -0.8929 80 200 120
-3.7267 3.9259 -4.2203 80 200 120
-1.7005 0.0653 -1.4525 80 200 120
-1.3802 0.1982 -1.6442 80 200 120
-1.4338 0.5491 -1.7086 80 200 120
0.5202 1.1103 -1.5548 80 200 120
-2.6108 -3.3246 0.6094 80 200 120
-2.5142 -1.7586 -0.3182 80 200 120
-1.4834 3.4019 -1.0840 80 200 120
-4.9549 -2.4244 1.3750 80 200 120
-5.3229 -2.3376 0.8301 80 200 120
2.1416 2.7159 -1.4493 80 200 120
0.4567 0.2569 -0.9993 80 200 120
-3.8483 0.5342 1.7318 80 200 120
2.1163 2.3956 -0.8893 80 200 120
-0.5842 -0.1277 -0.3904 80 200 120
-0.6628 -1.0326 1.3014 80 200 120
2.4648 1.6155 -0.6552 80 200 120
-4.8878 -10.8936 4.9480 80 200 120
-2.7960 -3.2222 0.0558 80 200 120
1.1265 1.4124 -1.5952 80 200 120
-0.1923 0.2631 -1.5375 80 200 120
-0.8140 -1.9257 1.6308 80 200 120
-4.0875 -3.1656 0.9609 80 200 120
-1.2688 -1.5425 -1.6138 80 200 120
0.3041 0.0503 -1.5236 80 200 120
0.1675 -0.2148 -1.4618 80 200 120
-1.6135 -2.6297 -1.4397 80 200 120
-3.2130 -3.1896 1.5637 80 200 120
-0.6320 -2.2338 1.2360 80 200 120
2.2544 1.9657 -1.0828 80 200 120
-2.1396 -3.4170 -0.3834 80 200 120
2.8488 0.6781 1.3339 80 200 120
2.9748 0.1599 1.7840 80 200 120
0.0350 1.8474 -1.4460 80 200 120
2.8736 0.8243 0.1582 80 200 120
-0.4124 -1.2730 1.7252 80 200 120
-4.2932 -0.6950 -1.0264 80 200 120
1.6364 0.9215 -1.2851 80 200 120
-3.2659 -4.3037 -2.5660 80 200 120
0.9229 -0.0905 -1.5546 80 200 120
-2.6514 -2.5713 -0.5418 80 200 120
-3.5105 0.0248 -0.4075 80 200 120
-6.5524 0.6928 -0.6055 80 200 120
2.3198 2.3181 -1.1894 80 200 120
0.6495 -1.7769 1.2722 80 200 120
1.7876 3.0161 -0.9717 80 200 120
-3.8891 0.0693 1.0138 80 200 120
1.3930 2.8104 -1.3545 80 200 120
-2.4544 -2.4101 1.8999 80 200 120
2.8183 0.4942 0.9799 80 200 120
3.6288 -0.8524 1.8869 80 200 120
2.1786 1.8310 -0.6314 80 200 120
2.2076 0.5590 -0.5619 80 200 120
-0.5757 3.9966 -3.0264 80 200 120
-1.5393 -1.9375 -1.1612 80 200 120
1.4398 2.4100 -0.9569 80 200 120
2.2114 -0.0659 0.6747 80 200 120
2.2498 0.0331 0.8722 80 200 120
0.4682 3.0902 0.9280 80 200 120
4.1531 -1.1705 1.6603 80 200 120
3.1164 -2.6048 1.4848 80 200 120
0.3731 -2.1707 0.7354 80 200 120
-0.3079 -3.0408 0.3938 80 200 120
2.6020 0.3852 -0.4056 80 200 120
0.6670 -0.5444 -1.5203 80 200 120
1.3089 1.6048 -1.3412 80 200 120
-0.9790 1.0073 -1.8172 80 200 120
-0.0526 0.0716 1.7423 80 200 120
2.6232 0.3663 0.3461 80 200 120
2.7023 0.4666 1.3901 80 200 120
2.9095 0.2425 0.8291 80 200 120
0.4167 -1.3861 -2.0575 80 200 120
2.9243 0.0511 0.7664 80 200 120
-6.4614 0.6448 -2.0096 80 200 120
-0.0350 1.4299 -1.5510 80 200 120
2.6974 0.5567 0.1043 80 200 120
3.3633 -3.3278 1.3573 80 200 120
1.0666 -0.0408 1.7264 80 200 120
-5.0257 0.8452 -0.5856 80 200 120
0.6110 1.5329 1.6775 80 200 120
0.5834 1.3520 -1.8713 80 200 120
-1.7666 0.0392 -0.5643 80 200 120
-3.9106 1.6948 -1.1121 80 200 120
3.7677 -2.8610 0.3867 80 200 120
4.6070 -4.0428 1.2088 80 200 120
5.7275 -3.5962 2.2037 80 200 120
4.7944 -2.3941 1.3469 80 200 120
2.1882 -0.1064 0.3834 80 200 120
-3.0940 1.8903 -1.6214 80 200 120
-2.2813 2.3665 -1.5133 80 200 120
-0.7656 2.5353 -1.0272 80 200 120
0.7549 2.1661 -1.0548 80 200 120
3.8345 -3.5283 1.5488 80 200 120
-2.0184 1.3352 -1.7078 80 200 120
3.2640 -0.4363 -0.3073 80 200 120
2.7353 -2.9365 1.4838 80 200 120
-1.1843 0.6404 -1.7170 80 200 120
-4.6934 0.6820 0.3962 80 200 120
2.6150 0.3936 -0.0235 80 200 120
2.1708 0.1847 -0.4290 80 200 120
1.4468 -0.2284 1.6329 80 200 120
3.4282 -2.2675 1.5718 80 200 120
1.2855 2.0662 -1.1517 80 200 120
-0.3966 -0.4808 1.6906 80 200 120
2.5906 0.3146 0.5372 80 200 120
5.0133 -3.3361 0.8832 80 200 120
5.5425 -3.2299 0.9367 80 200 120
-2.9006 2.0472 -0.9883 80 200 120
3.0597 -1.4590 -0.2263 80 200 120
4.7423 -2.9541 1.3004 80 200 120
4.1389 -3.8666 1.1924 80 200 120
2.5857 0.3879 0.9293 80 200 120
-0.2398 2.0966 -1.4854 80 200 120
3.3182 -2.1685 -0.1642 80 200 120
2.5389 0.3029 0.7546 80 200 120
3.4362 -1.2135 -0.4484 80 200 120
-1.8304 -2.8846 -1.5944 80 200 120
3.9835 -2.3224 -0.1327 80 200 120
5.0644 -2.0668 1.4686 80 200 120
-4.3191 -1.0695 1.5711 80 200 120
3.6926 -2.2942 -0.1858 80 200 120
4.8696 -0.5662 1.3273 80 200 120
4.7103 -0.8870 1.0966 80 200 120
4.5607 -0.2432 0.7447 80 200 120
1.6769 -0.1208 -1.0821 80 200 120
2.2741 0.1032 -0.9766 80 200 120
3.8339 -2.4316 -0.7351 80 200 120
1.6174 3.2187 1.4316 80 200 120
2.9976 -0.2776 -0.3621 80 200 120
5.4259 -5.0362 -0.4685 80 200 120
5.4251 -5.3831 0.1825 80 200 120
2.8612 0.0801 0.4066 80 200 120
5.2048 -3.0002 0.0827 80 200 120
-3.1971 3.5636 -0.9001 80 200 120
1.5808 -0.2592 -0.5498 80 200 120
1.1596 -0.6803 -1.8029 80 200 120
5.0789 -1.7682 1.3820 80 200 120
-0.7217 2.4944 -1.3254 80 200 120
-0.2703 2.9680 -0.9339 80 200 120
-0.9218 -2.7834 0.9599 80 200 120
2.3461 0.0820 -0.2946 80 200 120
-3.9932 3.8222 0.0401 80 200 120
0.2465 0.8197 1.7209 80 200 120
0.4092 0.1716 -1.4579 80 200 120
0.2195 2.5839 -0.9206 80 200 120
5.8508 0.0294 2.2086 80 200 120
3.4763 -2.4109 -1.2175 80 200 120
-4.2228 3.2289 -0.5293 80 200 120
-12.9685 -15.8109 -5.3880 80 200 120
2.9766 0.2976 -0.3741 80 200 120
0.8780 1.7972 1.7248 80 200 120
4.8610 -3.3642 -0.3914 80 200 120
0.8823 -0.9174 -1.6304 80 200 120
3.5774 -2.3599 -0.9425 80 200 120
-4.5681 0.1320 -1.0948 80 200 120
2.5288 0.2976 0.3156 80 200 120
-0.5358 1.3344 -1.5183 80 200 120
2.8674 0.1272 0.2390 80 200 120
5.1171 0.4567 1.5129 80 200 120
2.2019 0.2552 -0.3909 80 200 120
3.2236 0.0538 -0.3962 80 200 120
-1.7818 2.0943 -1.8578 80 200 120
1.5189 0.1769 -1.5003 80 200 120
-3.0470 0.0563 1.3773 80 200 120
-0.5532 0.0730 -0.6049 80 200 120
2.6085 0.3875 0.0731 80 200 120
0.0131 2.3169 -1.1314 80 200 120
0.0854 2.5252 -0.8996 80 200 120
-1.6780 -2.5587 -1.4164 80 200 120
-0.5840 -0.5678 -1.0351 80 200 120
2.6194 0.4128 0.3654 80 200 120
2.8095 -0.0212 -0.3869 80 200 120
3.0661 0.0408 -0.3572 80 200 120
1.4987 -0.2600 -1.5574 80 200 120
3.0049 -2.2150 -0.1479 80 200 120
-1.2637 -3.0186 -1.7137 80 200 120
1.4307 -0.3149 -1.3059 80 200 120
-0.3286 2.9923 -0.9608 80 200 120
3.0217 0.3284 -0.3475 80 200 120
3.5379 -2.0054 -0.9298 80 200 120
-0.1699 1.5412 -1.5948 80 200 120
-0.9822 1.7165 -1.5769 80 200 120
-1.5802 -2.5470 -1.3862 80 200 120
3.2376 0.1452 -0.3883 80 200 120
3.8224 -3.1491 0.4521 80 200 120
-0.8593 2.0653 -1.6125 80 200 120
-4.1293 3.3929 0.4973 80 200 120
-0.5661 3.5460 1.6966 80 200 120
2.9007 0.4243 1.6378 80 200 120
-4.0852 -3.4739 -1.6363 80 200 120
-5.2196 1.2438 -1.6587 80 200 120
-0.0396 -1.1956 -1.4699 80 200 120
0.5175 -0.2261 -1.4885 80 200 120
2.7240 3.2885 1.5609 80 200 120
2.3146 0.0677 -0.3693 80 200 120
-0.4258 -0.6443 -1.3275 80 200 120
2.6170 -0.5964 -0.2696 80 200 120
-2.9856 1.3653 -1.7705 80 200 120
-1.2003 -2.7031 -1.6252 80 200 120
1.4244 -0.2689 -1.2976 80 200 120
3.0478 -0.2362 -0.3461 80 200 120
3.7036 -2.7576 -0.1431 80 200 120
1.4843 -0.2261 -1.0009 80 200 120
-3.9699 3.5058 1.5341 80 200 120
2.6714 -3.3739 -0.1301 80 200 120
-0.8171 -1.3029 -1.5839 80 200 120
0.6893 -2.1626 0.1048 80 200 120
3.8659 -3.6982 0.4943 80 200 120
-2.5608 2.5783 -1.1953 80 200 120
-0.0196 3.5272 0.3126 80 200 120
-3.4886 3.6711 -1.0666 80 200 120
-0.0385 -1.1426 -1.4650 80 200 120
-1.9394 -2.7530 -1.4438 80 200 120
1.6440 -0.2615 -0.4231 80 200 120
2.1183 0.0176 -0.3924 80 200 120
-0.9588 -0.6813 -0.5499 80 200 120
-2.1620 -3.7609 -0.1487 80 200 120
5.0904 -0.7504 1.4853 80 200 120
0.7903 3.4294 1.5146 80 200 120
0.3874 3.0070 1.7193 80 200 120
0.8572 3.1331 1.7507 80 200 120
1.2227 2.2489 1.7197 80 200 120
-5.9846 -4.8102 -0.4664 80 200 120
5.1615 -1.9064 1.4680 80 200 120
-0.2265 2.8478 -0.9448 80 200 120
-2.8385 3.8777 0.3004 80 200 120
1.5849 -0.4344 -0.3292 80 200 120
4.4934 -3.8697 1.1447 80 200 120
-0.0926 -1.1729 -1.4823 80 200 120
-1.3860 -3.1088 1.5632 80 200 120
5.0110 -2.2410 1.5302 80 200 120
2.6901 -3.0223 -0.1193 80 200 120
0.2433 0.0489 -1.5461 80 200 120
-5.4811 1.3038 -1.5515 80 200 120
2.9749 0.4639 0.2342 80 200 120
3.8036 -3.9991 0.5908 80 200 120
2.9992 0.4899 0.1410 80 200 120
0.2286 -0.4074 -1.5905 80 200 120
5.0222 -3.4617 0.9132 80 200 120
-3.5080 3.4997 1.8428 80 200 120
-1.1017 3.5115 1.5970 80 200 120
-0.3866 3.5129 0.9675 80 200 120
-0.6056 2.7168 1.6532 80 200 120
-1.0041 3.2659 1.8396 80 200 120
0.1682 3.3729 1.5965 80 200 120
-4.5731 -4.4609 0.0981 80 200 120
3.3068 -2.2483 -0.1433 80 200 120
1.8201 -2.8078 -0.2248 80 200 120
3.0759 -2.3627 -0.1126 80 200 120
-0.9317 1.7825 1.6807 80 200 120
-1.9973 2.2081 1.5617 80 200 120
-2.7418 4.0476 0.7728 80 200 120
0.1345 -1.9961 -0.4496 80 200 120
-5.5956 -4.1346 -1.8890 80 200 120
1.8293 -0.0167 -0.4155 80 200 120
2.0357 -3.2107 -0.2441 80 200 120
4.9496 -3.4117 1.5088 80 200 120
-7.1355 -3.9790 0.5954 80 200 120
-2.4457 1.7132 1.6345 80 200 120
-4.1088 2.3278 1.4995 80 200 120
-1.3173 1.1876 1.6461 80 200 120
-4.4781 3.0346 0.6100 80 200 120
-2.6403 1.0986 1.6587 80 200 120
-3.9686 1.7636 1.6254 80 200 120
-3.5978 3.9597 1.0766 80 200 120
-1.9137 0.7444 1.6427 80 200 120
-0.4058 1.5272 1.6126 80 200 120
-1.4602 2.0692 1.6755 80 200 120
0.8690 1.0387 1.5957 80 200 120
-2.4392 3.7874 1.4197 80 200 120
-0.0683 2.1901 1.6132 80 200 120
0.1032 0.3870 -1.3765 80 200 120
-1.2715 -0.9600 -0.6681 80 200 120
-2.4445 -3.6480 -0.7617 80 200 120
-2.5023 -0.9980 -0.7066 80 200 120
-3.2895 -0.7358 -0.4322 80 200 120
-0.9199 -1.0103 -1.4805 80 200 120
-0.1895 3.4992 0.5998 80 200 120
-0.4486 -1.4673 -0.8329 80 200 120
-1.3119 -0.1863 1.5407 80 200 120
-2.4182 0.1857 1.5656 80 200 120
-4.1342 2.1406 0.2116 80 200 120
-4.3461 2.7913 1.1572 80 200 120
-4.0415 1.8606 0.6494 80 200 120
-4.0542 1.3072 0.3703 80 200 120
5.1545 -2.7432 1.6862 80 200 120
2.7141 3.2457 1.5426 80 200 120
-3.9562 -3.4650 -0.5955 80 200 120
3.7129 -3.3008 0.5253 80 200 120
4.5463 -3.7754 1.2477 80 200 120
1.6994 -0.1115 -0.4366 80 200 120
2.5529 0.4556 0.4350 80 200 120
0.0832 3.4884 0.2477 80 200 120
0.6056 -0.3729 1.1362 80 200 120
-4.1708 1.0794 1.4877 80 200 120
-0.4602 1.0081 1.5909 80 200 120
-4.2721 1.7841 -0.3305 80 200 120
-0.8989 -0.3691 1.5417 80 200 120
-3.4826 0.2681 0.0791 80 200 120
-4.5817 0.8613 1.0578 80 200 120
-0.4009 0.0817 1.5709 80 200 120
0.1103 0.6283 1.5307 80 200 120
0.1820 1.7014 1.5863 80 200 120
-0.9641 0.2206 -1.1656 80 200 120
2.6757 -3.2310 -0.1551 80 200 120
-4.2121 -2.8045 -0.2968 80 200 120
-0.4763 -0.4362 -1.4150 80 200 120
-3.6031 3.2754 -1.1884 80 200 120
-2.5105 1.8592 -1.5211 80 200 120
-2.5412 -0.4728 -0.3757 80 200 120
-1.4197 0.6155 -1.5931 80 200 120
-4.8491 -1.3468 0.3527 80 200 120
-4.2244 -3.1669 1.5213 80 200 120
0.5835 0.1657 1.6757 80 200 120
0.4180 2.2205 1.6433 80 200 120
0.5736 1.8795 1.6122 80 200 120
1.5266 1.6995 1.6494 80 200 120
-1.3735 0.2935 1.6414 80 200 120
-2.4145 -0.1365 0.6005 80 200 120
1.3645 3.4684 1.6679 80 200 120
-3.2441 -3.3648 -1.3727 80 200 120
-3.6280 -3.7634 0.1127 80 200 120
-1.8985 1.0244 -1.6843 80 200 120
-2.5302 2.4625 -1.0412 80 200 120
2.5949 0.4926 0.4483 80 200 120
-4.7096 -2.3911 1.3228 80 200 120
-4.9420 -2.1587 0.8187 80 200 120
-2.7382 0.5627 1.4384 80 200 120
2.7021 -2.7546 -0.1303 80 200 120
4.8226 -3.2469 1.4438 80 200 120
3.8721 -3.7184 0.5100 80 200 120
5.0521 -2.5539 1.5225 80 200 120
5.0160 -3.0462 1.5398 80 200 120
2.6734 -3.5213 1.7460 80 200 120
-2.7437 0.3630 -1.4889 80 200 120
-2.3568 2.3874 -1.5075 80 200 120
-2.4464 1.8550 -1.5228 80 200 120
-6.2668 -4.2741 -2.0173 80 200 120
-3.0540 3.4391 -0.2781 80 200 120
-3.0147 2.0786 -1.0451 80 200 120
-0.7434 -0.4425 -0.4344 80 200 120
0.0101 3.5707 0.2767 80 200 120
2.7784 0.5624 1.5373 80 200 120
-1.0046 0.1018 -0.4639 80 200 120
-2.0631 -0.4644 -0.2808 80 200 120
1.0237 3.4315 1.6513 80 200 120
3.9261 -3.7204 1.2304 80 200 120
2.6974 -0.1108 0.6590 80 200 120
2.9454 0.4474 0.2214 80 200 120
-7.5954 -3.1838 0.0029 80 200 120
1.8566 -3.4197 0.1707 80 200 120
-2.6453 0.2528 0.8075 80 200 120
2.1265 -3.3205 -0.3165 80 200 120
4.1385 -1.1917 1.6698 80 200 120
2.9014 0.3162 0.3078 80 200 120
-2.8552 -12.2032 -1.1123 80 200 120
-2.5569 1.4738 -1.6826 80 200 120
-1.8473 -1.3197 -0.7568 80 200 120
4.8755 -2.7262 1.4144 80 200 120
2.6254 -0.2692 1.0441 80 200 120
2.8993 0.3563 1.3952 80 200 120
3.0214 -3.0949 1.6794 80 200 120
0.0868 0.1259 1.6396 80 200 120
2.6069 -0.3396 1.3845 80 200 120
4.8987 -3.4006 1.4751 80 200 120
4.5288 -4.0247 1.1875 80 200 120
2.7043 -0.0860 1.3436 80 200 120
2.5007 -2.6449 -0.1545 80 200 120
2.5331 -0.9694 1.5857 80 200 120
3.3274 -3.8090 1.5100 80 200 120
-4.8864 0.8988 -0.6077 80 200 120
0.6609 1.5115 1.6098 80 200 120
1.8163 -2.8242 -0.2603 80 200 120
-3.0935 1.0991 -1.3851 80 200 120
-3.0244 0.7204 -1.1514 80 200 120
2.6708 -0.1059 0.7791 80 200 120
5.0918 -3.1435 1.5653 80 200 120
3.6344 -0.2885 1.5272 80 200 120
-3.6266 2.2099 -0.5968 80 200 120
-4.1021 1.8601 -0.3005 80 200 120
-2.7774 4.1639 -0.1517 80 200 120
3.3504 -2.3513 1.6024 80 200 120
-3.0791 2.7648 -1.2706 80 200 120
3.9694 -4.0796 0.5632 80 200 120
2.7276 -3.1196 0.1703 80 200 120
2.8909 0.3188 1.1158 80 200 120
2.2124 -2.2931 -0.0393 80 200 120
2.9773 -3.4120 1.2778 80 200 120
0.4432 3.3265 1.1974 80 200 120
2.3481 -2.5846 -0.2397 80 200 120
0.0865 3.4237 0.3155 80 200 120
-0.3784 3.5310 0.6543 80 200 120
1.6141 -3.3514 0.4368 80 200 120
1.7093 -2.4803 -0.1001 80 200 120
0.7043 3.4724 1.6166 80 200 120
3.8386 -1.8345 1.5763 80 200 120
-1.8816 3.9243 0.3841 80 200 120
4.9743 -3.6634 1.5756 80 200 120
4.6050 -4.0403 1.3343 80 200 120
3.8787 -3.9521 1.6916 80 200 120
2.5468 -3.0743 1.6904 80 200 120
4.0397 -2.5248 1.5669 80 200 120
1.7960 -2.5857 1.6362 80 200 120
3.4196 -3.8884 0.9855 80 200 120
1.6414 -3.4988 1.4511 80 200 120
1.5428 2.6352 1.7022 80 200 120
2.5862 -2.0349 1.6671 80 200 120
3.9080 -2.8214 1.3375 80 200 120
1.9498 2.8744 1.7336 80 200 120
0.9382 3.5783 1.7652 80 200 120
2.7230 3.1838 1.5360 80 200 120
3.6537 -1.8769 1.4539 80 200 120
1.8404 3.6941 1.5752 80 200 120
3.9317 -1.2777 1.6114 80 200 120
2.2779 -2.3884 1.6321 80 200 120
3.6126 -1.5644 1.6056 80 200 120
1.3034 3.1159 1.2007 80 200 120
1.9716 -1.4955 1.5916 80 200 120
1.3736 -3.1980 1.4095 80 200 120
1.6606 3.4534 1.3810 80 200 120
3.0207 -3.4284 0.6032 80 200 120
2.6469 -0.7339 1.7801 80 200 120
0.7940 -3.6968 0.2758 80 200 120
1.9020 -3.4959 0.4170 80 200 120
2.6981 -1.0715 1.6916 80 200 120
3.1985 -1.6120 1.5122 80 200 120
2.8661 0.2859 1.3534 80 200 120
4.3124 -2.1774 1.5703 80 200 120
3.4007 -1.6777 1.7377 80 200 120
3.7981 -0.2183 1.8260 80 200 120
2.9427 -1.4589 1.7087 80 200 120
2.1751 -2.8486 1.0620 80 200 120
1.5841 -2.7624 -0.2345 80 200 120
3.5064 -0.6265 1.6862 80 200 120
3.2303 -0.4984 1.4216 80 200 120
3.9028 0.0815 1.5745 80 200 120
3.5208 -0.3432 1.6100 80 200 120
2.3796 -0.9094 1.6062 80 200 120
1.2002 -2.5695 -0.2240 80 200 120
1.3710 -2.7117 -0.6379 80 200 120
5.1343 -3.2310 1.6136 80 200 120
1.5417 -3.5378 0.8257 80 200 120
2.1505 -1.0803 1.5905 80 200 120
2.0187 -3.1298 0.0917 80 200 120
2.6880 -3.7627 1.5770 80 200 120
1.9472 -2.6506 -0.5259 80 200 120
2.4929 -2.5646 0.3137 80 200 120
1.4967 -2.5615 1.4658 80 200 120
3.0436 -3.5890 0.9667 80 200 120
2.5114 -3.6464 1.2094 80 200 120
3.3972 -1.1553 1.5848 80 200 120
3.3763 -0.1711 1.4814 80 200 120
2.0005 -6.6887 -0.2555 80 200 120
2.6504 -3.2074 0.6335 80 200 120
2.2049 -3.3730 1.5445 80 200 120
2.7195 -3.0701 0.1958 80 200 120
0.1340 -4.1716 -1.2659 80 200 120
3.3479 -3.7821 1.5244 80 200 120
0.4028 -3.2848 0.0318 80 200 120
2.6302 -0.3116 1.6608 80 200 120
0.2182 -3.4644 -0.6235 80 200 120
1.6331 -1.9102 1.6346 80 200 120
3.9224 -0.5338 1.5443 80 200 120
3.6242 -4.1576 0.5238 80 200 120
4.6992 -2.3347 1.6024 80 200 120
1.8282 -3.1781 1.6531 80 200 120
1.9222 -2.7179 0.0280 80 200 120
3.0359 -2.2748 1.6088 80 200 120
2.9577 -4.1947 0.7411 80 200 120
-0.0157 -3.1806 0.2229 80 200 120
0.3872 -3.2803 0.6974 80 200 120
-0.3868 -3.2432 -1.1160 80 200 120
0.6430 -3.1364 1.5220 80 200 120
2.7686 -0.9368 0.9971 80 200 120
4.3743 -1.7140 1.7180 80 200 120
0.4129 -3.4523 1.1614 80 200 120
1.2345 -2.0825 1.6775 80 200 120
3.4415 -0.6341 1.4668 80 200 120
1.4423 -2.1969 0.0875 80 200 120
0.7843 -3.3571 0.8468 80 200 120
-0.3582 -3.0245 -1.5389 80 200 120
4.9252 -3.4287 1.5025 80 200 120
1.7602 -2.9914 -0.2454 80 200 120
-0.4855 -3.4119 1.1382 80 200 120
-0.6705 -3.4601 0.5834 80 200 120
-0.8729 -2.6835 1.6555 80 200 120
-0.3582 -3.0187 1.5019 80 200 120
0.1722 -1.8986 1.7034 80 200 120
-1.5704 -3.4667 1.2070 80 200 120
0.9942 -1.6064 1.5728 80 200 120
0.1729 -2.3634 1.6930 80 200 120
0.1341 -2.9724 1.5253 80 200 120
-0.5428 -3.0926 -0.6931 80 200 120
-0.9510 -2.8424 -0.6759 80 200 120
-1.3935 -2.7022 -0.7175 80 200 120
-1.3090 -2.8422 -0.2610 80 200 120
-3.0802 -3.1805 1.4905 80 200 120
-2.4494 -3.2304 0.5979 80 200 120
-2.5701 -3.1107 -0.1101 80 200 120
-0.2471 -1.9115 -1.4324 80 200 120
4.3240 -3.2603 1.1245 80 200 120
0.8932 -3.4796 1.1933 80 200 120
-1.8224 -3.0954 1.5561 80 200 120
0.0712 -3.1416 -0.1592 80 200 120
4.1591 -3.9251 1.3902 80 200 120
0.0921 -3.2968 1.1307 80 200 120
2.7263 -3.7184 1.5715 80 200 120
2.3351 -3.5855 0.4721 80 200 120
3.9854 -0.0233 1.5371 80 200 120
1.7002 -0.9587 1.6877 80 200 120
2.0921 -0.1308 1.5827 80 200 120
0.9824 -1.3653 1.6331 80 200 120
-1.8733 -1.6971 -0.8677 80 200 120
-1.2588 -2.4251 -1.3796 80 200 120
-3.1357 -2.8131 -1.1775 80 200 120
1.4457 -3.0660 -0.2901 80 200 120
-0.8756 -1.3271 -1.1251 80 200 120
-0.7675 -0.7447 1.6351 80 200 120
-3.9846 -2.9780 1.5734 80 200 120
-4.1616 -2.8962 -0.2384 80 200 120
-4.8362 -2.5017 1.2339 80 200 120
-1.1620 -1.9264 -1.4535 80 200 120
-0.4935 -1.3513 1.6464 80 200 120
-2.4062 -2.6732 -0.4138 80 200 120
4.0101 -1.0093 1.4938 80 200 120
-1.0507 -2.2495 1.6934 80 200 120
-3.6684 -2.0541 1.6734 80 200 120
-1.1427 -0.6812 -0.6179 80 200 120
-0.9656 -1.0433 -0.3893 80 200 120
-0.7162 0.2668 -0.5830 80 200 120
-1.3067 -0.4429 -0.4434 80 200 120
-2.4592 -2.9699 -1.2422 80 200 120
-0.1367 -0.0730 -0.3645 80 200 120
-2.8391 -0.2506 -0.4429 80 200 120
-3.5538 -3.0130 -1.2650 80 200 120
-2.6523 3.3051 1.5112 80 200 120
1.5375 -2.4590 -0.6410 80 200 120
2.8826 0.2867 1.5712 80 200 120
-3.6730 1.9673 -1.3741 80 200 120
-3.6799 4.5635 -0.0490 80 200 120
-2.2839 0.5922 -0.9384 80 200 120
-2.8683 3.5100 1.0737 80 200 120
-0.9287 -1.2552 -1.5026 80 200 120
-7.3608 2.0227 -2.1831 80 200 120
-0.1942 0.3451 -0.6390 80 200 120
1.4318 -2.5782 -0.1731 80 200 120
-3.1861 2.2253 -1.1183 80 200 120
-0.6817 -3.8816 -1.7733 80 200 120
-3.7548 1.1281 0.3875 80 200 120
-1.0098 3.3153 1.4990 80 200 120
-3.8258 3.4783 1.5406 80 200 120
-0.4619 -1.9554 -1.5544 80 200 120
1.7398 -2.8734 -0.1564 80 200 120
-1.5115 -1.5246 -0.7280 80 200 120
-2.1416 2.3537 -0.9060 80 200 120
-2.4819 2.8959 -0.8794 80 200 120
-2.2447 3.5137 0.6274 80 200 120
-2.1363 0.4066 1.5822 80 200 120
-1.7025 3.2737 1.5664 80 200 120
-4.0108 2.5773 1.6142 80 200 120
-0.5495 3.3674 1.3425 80 200 120
-4.5774 -0.8955 0.6413 80 200 120
-4.8056 4.4848 -0.4521 80 200 120
-2.2063 1.0875 1.6888 80 200 120
-0.5650 -0.7575 -0.5140 80 200 120
-2.9021 -0.1137 1.1179 80 200 120
-5.2481 4.1453 0.7763 80 200 120
-2.9605 0.4790 0.4895 80 200 120
-4.4029 -2.0642 -0.3405 80 200 120
-0.8486 -2.7262 -1.6287 80 200 120
-0.9666 -0.7159 -0.3111 80 200 120
-4.0784 2.4209 0.3887 80 200 120
-1.7777 0.2224 -0.6883 80 200 120
-2.9488 3.5849 0.3939 80 200 120
-0.6923 -2.7423 -0.6224 80 200 120
-2.4974 1.9983 -0.9469 80 200 120
-2.3670 3.5810 -0.0351 80 200 120
-4.6969 -2.8630 0.3419 80 200 120
-2.5958 0.5113 0.9083 80 200 120
-3.9360 1.0532 -0.7267 80 200 120
-2.9058 -0.1490 -1.1063 80 200 120
-2.7919 1.0770 -1.0295 80 200 120
-4.6695 -1.1547 -0.0532 80 200 120
-4.1029 1.9433 1.6046 80 200 120
-1.1648 -1.3663 -0.5995 80 200 120
-1.2179 -0.4972 -0.4044 80 200 120
-2.0129 -2.1845 -1.3580 80 200 120
-0.6245 -2.0285 -1.5959 80 200 120
-0.6186 -1.5114 -1.5074 80 200 120
-2.8588 1.7269 -1.0903 80 200 120
-0.4498 -3.4904 -1.4687 80 200 120
-4.3422 2.4168 -0.6932 80 200 120
-1.4032 -2.5150 -1.3970 80 200 120
-0.2108 3.3022 0.9762 80 200 120
-0.6419 -0.7498 -0.5197 80 200 120
-1.6762 3.4055 1.0586 80 200 120
-0.2300 -1.1287 -0.6646 80 200 120
-2.2327 2.6356 -0.7677 80 200 120
-0.5574 -1.1457 -1.3137 80 200 120
1.1349 -2.7579 -0.5038 80 200 120
-4.2626 3.1685 -0.5394 80 200 120
-0.4078 0.8628 1.6146 80 200 120
-1.2901 -2.6630 -1.7939 80 200 120
-4.4298 -1.9062 0.7159 80 200 120
-2.0674 -0.2707 -0.3536 80 200 120
-2.9664 -2.9134 -1.1882 80 200 120
-3.5076 3.6812 -0.2724 80 200 120
-1.9607 1.7295 -0.7444 80 200 120
-0.2845 0.0995 -0.5759 80 200 120
-3.5429 -2.7114 -1.2378 80 200 120
-4.7057 -2.8276 0.3022 80 200 120
-1.9447 -0.0734 1.5544 80 200 120
1.5144 -2.5426 0.0307 80 200 120
1.8357 -2.5699 -0.1617 80 200 120
-1.7476 -0.3044 -1.2309 80 200 120
-1.5885 -0.5474 -0.5222 80 200 120
-0.7395 -0.0483 -0.9982 80 200 120
-3.5737 1.3492 -1.1655 80 200 120
1.8203 -2.1553 -0.0444 80 200 120
-3.7316 1.4729 0.6277 80 200 120
-0.0039 -2.9924 -1.1151 80 200 120
-0.3833 -1.2790 -1.0070 80 200 120
-1.9606 2.1621 -0.8570 80 200 120
-2.7885 2.1578 -0.9481 80 200 120
-4.5569 -2.9625 -0.2498 80 200 120
-2.6078 3.2813 0.5016 80 200 120
-0.5680 3.3850 1.3455 80 200 120
0.3073 -3.3430 -0.5752 80 200 120
-2.1050 -0.1239 -0.8623 80 200 120
-2.8582 3.2284 -0.1787 80 200 120
-1.7627 3.0914 0.0335 80 200 120
-4.2558 2.9379 0.7221 80 200 120
-5.1895 -3.6632 -1.0248 80 200 120
-0.2447 3.3843 1.0247 80 200 120
-2.5046 2.9812 -0.7747 80 200 120
0.6031 -2.8224 -0.8309 80 200 120
-0.5818 -1.1628 -1.3107 80 200 120
-2.3304 -0.5888 -0.2777 80 200 120
-0.2795 0.3889 -0.5311 80 200 120
-4.1115 3.4144 1.0108 80 200 120
-2.9740 2.1510 -1.7133 80 200 120
-1.6206 -0.8296 -0.4627 80 200 120
-3.1407 -1.3047 -1.1731 80 200 120
-3.1208 0.9470 1.3618 80 200 120
-2.4456 -1.1898 -0.3688 80 200 120
-1.7783 0.1062 -1.3427 80 200 120
-3.5117 3.1595 0.2527 80 200 120
-2.2747 -0.3139 -1.4499 80 200 120
-4.3789 0.0982 0.0868 80 200 120
-3.7873 2.8600 -0.4258 80 200 120
-3.0240 -3.1896 -1.5018 80 200 120
-0.6929 -3.2131 -0.7796 80 200 120
-3.8301 -2.8688 -1.3229 80 200 120
-3.7838 -3.1434 1.0119 80 200 120
-2.1029 -1.8948 -1.5167 80 200 120
-2.8035 -2.0481 -0.6103 80 200 120
-0.8741 -1.2185 -1.4861 80 200 120
-1.6124 2.9153 0.0658 80 200 120
-1.0926 -1.5327 -1.3823 80 200 120
-1.2025 -2.6802 -1.0241 80 200 120
-0.6441 -3.2857 -1.2120 80 200 120
-0.8364 -1.9524 -1.5623 80 200 120
-1.0918 -3.3919 1.4872 80 200 120
-2.0033 2.3290 -0.9760 80 200 120
-2.5999 0.1783 0.4385 80 200 120
-0.5188 0.8849 1.6148 80 200 120
-0.4821 -3.1129 -1.6142 80 200 120
1.5926 -2.8968 -0.2959 80 200 120
-2.9214 -2.0045 -1.3415 80 200 120
-2.8635 3.4432 0.4258 80 200 120
-3.4553 2.6382 -0.4144 80 200 120
-3.4422 3.0798 0.2230 80 200 120
0.1485 -3.4074 -0.8862 80 200 120
-2.2229 0.3190 -0.8776 80 200 120
-2.4911 2.9230 -0.7624 80 200 120
-1.0403 -0.9462 -0.6373 80 200 120
-1.9537 -1.1382 -0.5367 80 200 120
-1.4270 -0.6315 -0.7444 80 200 120
-1.0273 -0.9915 1.6433 80 200 120
-0.5982 -1.1599 -0.4427 80 200 120
-3.0122 3.3606 -0.2893 80 200 120
-0.2355 -0.0451 -0.7510 80 200 120
-0.8025 -1.6609 -1.5287 80 200 120
-1.8481 -0.0106 -1.4200 80 200 120
-1.2019 -0.0407 1.6942 80 200 120
-0.7885 -2.4457 -1.3843 80 200 120
-1.9123 -0.2972 -1.2921 80 200 120
1.3134 -3.5948 -0.2867 80 200 120
-0.7743 -1.4119 -1.4223 80 200 120
1.0540 -2.6108 -0.5242 80 200 120
-2.4736 0.4529 -0.9107 80 200 120
-1.2979 -0.9837 -0.7323 80 200 120
-2.7508 3.3382 0.4063 80 200 120
1.2474 -3.1461 -0.1761 80 200 120
-0.1239 -2.3618 -1.2164 80 200 120
-0.6756 -1.2369 -1.0222 80 200 120
-2.1794 -2.8060 -0.6579 80 200 120
-1.9654 -0.0158 -1.4183 80 200 120
-1.0743 -1.2741 -0.5670 80 200 120
-2.4481 0.4530 -1.3048 80 200 120
-1.6690 -0.8531 -0.4096 80 200 120
-1.3045 -2.4073 -1.3400 80 200 120
-0.1761 -2.5412 -0.2453 80 200 120
-1.2747 -0.1302 -1.5170 80 200 120
-3.9595 -0.4836 1.5756 80 200 120
-0.5057 -1.1581 -1.2548 80 200 120
-1.4791 3.0843 0.5494 80 200 120
-3.8193 3.1939 0.5127 80 200 120
-0.4361 3.2417 1.2924 80 200 120
-1.1987 3.3724 1.4937 80 200 120
-1.5923 -3.2129 -0.1188 80 200 120
-0.5812 -0.9319 -1.1486 80 200 120
-2.7636 1.6394 -1.0766 80 200 120
-3.4647 -2.8986 -1.1584 80 200 120
-2.2919 -2.2401 -1.4989 80 200 120
-2.2723 2.2976 -0.9807 80 200 120
-0.6033 -3.4788 -1.5309 80 200 120
-1.4000 -2.3390 -1.7511 80 200 120
-4.6360 -2.6985 -1.5126 80 200 120
-1.7023 0.1964 -1.6299 80 200 120
-0.7720 -0.9493 -0.5079 80 200 120
-1.5078 2.9114 0.1758 80 200 120
-3.2423 -3.0022 -0.3528 80 200 120
-0.4896 -1.1995 -0.6369 80 200 120
-4.4914 -2.0561 -1.7094 80 200 120
-2.9166 3.2510 -0.2130 80 200 120
-3.6585 -2.7449 -0.1504 80 200 120
-5.5776 -2.3994 -1.2606 80 200 120
-2.5212 3.2192 0.5759 80 200 120
-0.9531 -0.4508 -1.1656 80 200 120
-2.5263 2.9077 -0.8040 80 200 120
-0.4418 -3.1172 -1.6094 80 200 120
-0.1520 -2.4642 -1.2501 80 200 120
-0.2432 3.4003 0.9971 80 200 120
-0.2396 3.0996 1.5230 80 200 120
-1.2668 -2.4855 -1.9609 80 200 120
-1.8438 3.1896 1.0604 80 200 120
-1.4548 -2.3938 -1.3757 80 200 120
-0.8502 -2.5033 -1.4537 80 200 120
-0.6452 -1.2326 -0.9880 80 200 120
-0.6917 3.3299 1.3111 80 200 120
-0.7174 -2.9392 -0.8462 80 200 120
-1.2793 -1.3510 1.5878 80 200 120
-1.6731 -0.5046 -0.4845 80 200 120
-2.1787 -0.0597 -0.8512 80 200 120
-2.5846 -0.6875 -0.5942 80 200 120
-1.7641 3.4068 0.4114 80 200 120
-3.8458 -2.9391 -1.3508 80 200 120
-0.9343 -1.9550 -1.5527 80 200 120
-2.5907 -1.5693 -1.4235 80 200 120
-0.9931 -1.1432 -0.5602 80 200 120
-0.4725 -0.9123 -0.4319 80 200 120
-1.6115 -2.3890 -1.8656 80 200 120
-2.6773 -2.8813 -1.3125 80 200 120
-1.5476 -2.4202 -1.4342 80 200 120
-3.1950 3.4805 -0.2914 80 200 120
-1.7906 3.0542 0.0346 80 200 120
-2.9796 2.3677 -0.9754 80 200 120
-15.0830 -2.1508 -4.4399 80 200 120
-3.4331 -1.9341 -1.3987 80 200 120
-1.9604 -0.0886 -0.7486 80 200 120
-2.3123 -2.2020 -0.8121 80 200 120
-4.2075 3.7510 0.1658 80 200 120
-0.8354 -1.9086 -1.4585 80 200 120
-2.2842 2.6307 -0.7204 80 200 120
-0.8667 -2.6180 -0.4654 80 200 120
-0.3242 -2.6089 -0.7065 80 200 120
-1.5511 3.1476 1.4337 80 200 120
-4.7997 -1.3887 -0.8036 80 200 120
-4.1713 3.5185 0.9681 80 200 120
-2.6507 -2.1616 1.7029 80 200 120
-1.9583 3.2946 0.0268 80 200 120
-1.6563 3.2739 0.3283 80 200 120
-3.0734 3.4464 -0.2739 80 200 120
-1.9039 -1.0284 -0.9646 80 200 120
-1.4921 -2.7153 -0.8211 80 200 120
-3.2631 -3.0115 -1.6253 80 200 120
-2.9923 2.2511 -0.9940 80 200 120
-2.1143 0.7840 -1.2540 80 200 120
-4.3742 3.3410 -0.5862 80 200 120
0.2784 -3.3051 0.2362 80 200 120
-0.9008 -3.4940 -1.7252 80 200 120
-1.6728 -0.1019 -1.2726 80 200 120
-3.0216 -1.6114 -0.9777 80 200 120
-2.7267 3.5744 -0.0252 80 200 120
-0.3021 -2.8316 -0.6162 80 200 120
-1.9626 0.3140 -1.1115 80 200 120
-1.1303 -2.0086 -1.5798 80 200 120
-2.8341 -1.6435 -1.5083 80 200 120
-1.6210 -0.9161 -0.6716 80 200 120
-4.6401 4.4214 -0.7139 80 200 120
-1.5857 -2.7207 -1.3315 80 200 120
-1.3431 0.4178 1.6423 80 200 120
0.0216 -2.4219 1.6019 80 200 120
-1.2358 3.1344 0.6198 80 200 120
-3.8008 4.2155 -0.3500 80 200 120
-1.4800 -0.2302 -0.7985 80 200 120
-0.2437 -3.3591 0.1636 80 200 120
-0.4778 -3.2377 0.5545 80 200 120
-0.5899 -2.5015 1.5288 80 200 120
-0.3589 -2.9763 1.5149 80 200 120
0.3282 -1.7627 1.5955 80 200 120
-1.3116 -3.2205 1.0965 80 200 120
0.3017 -2.1789 1.5600 80 200 120
-0.0278 -2.9916 1.5968 80 200 120
-1.1802 -2.7809 -0.2676 80 200 120
-2.8980 -3.0413 1.4455 80 200 120
-2.5080 -3.1744 0.5492 80 200 120
-2.6215 -3.0862 -0.1241 80 200 120
-1.7841 -2.9899 1.5628 80 200 120
0.0196 -3.1361 -0.2109 80 200 120
-3.6522 -0.5165 -0.2456 80 200 120
-4.9444 3.5757 0.7921 80 200 120
-1.2009 -2.6490 -0.8031 80 200 120
-3.2176 4.1819 -0.0339 80 200 120
-0.3986 0.9549 1.5500 80 200 120
-1.4040 -0.6767 -0.5672 80 200 120
-0.2688 -2.5489 -0.6864 80 200 120
-3.1588 -1.2376 -1.0633 80 200 120
-2.4306 0.1487 -0.2767 80 200 120
-2.2313 0.0581 1.2349 80 200 120
-0.9054 3.1506 1.4507 80 200 120
-0.6266 -0.6953 1.5570 80 200 120
-3.4628 -2.8032 1.4894 80 200 120
-4.3071 -2.3495 1.1671 80 200 120
-0.3406 -1.2665 1.5561 80 200 120
-0.7085 -2.0534 1.5461 80 200 120
-3.3154 -1.9934 1.5975 80 200 120
-0.1170 -2.6934 -0.5494 80 200 120
-0.9065 -1.2212 -0.9115 80 200 120
-2.4273 -2.4497 -1.3890 80 200 120
-3.1299 1.2180 -0.1835 80 200 120
-2.3984 2.0776 1.6675 80 200 120
-0.9396 -2.4484 -1.0038 80 200 120
-0.3946 -0.0311 1.6119 80 200 120
-4.5814 -0.1331 1.1552 80 200 120
-0.7256 -0.9404 -0.5052 80 200 120
-2.4125 3.1177 1.3962 80 200 120
-2.7209 3.4606 1.0279 80 200 120
-2.4878 3.3196 0.4762 80 200 120
-5.4844 3.2608 -0.8945 80 200 120
-1.7923 3.5611 1.5309 80 200 120
-2.1101 -3.5045 -0.2057 80 200 120
-1.4643 -1.2828 -1.1371 80 200 120
-1.1350 3.3967 1.4510 80 200 120
-1.8636 3.3546 0.8019 80 200 120
-1.5075 -0.2859 -0.6221 80 200 120
-1.6920 -2.9935 -1.1774 80 200 120
-2.6339 -3.1467 -1.3073 80 200 120
-2.3639 -2.2158 -1.5634 80 200 120
-0.5267 -2.6002 -0.5053 80 200 120
-2.1563 -1.8753 -1.5775 80 200 120
-2.4802 0.6088 0.3732 80 200 120
-3.6285 3.4411 1.5245 80 200 120
-2.0307 0.4619 1.5668 80 200 120
-4.1242 2.7920 1.6613 80 200 120
-0.1286 0.1061 1.5014 80 200 120
-1.4354 -2.5295 1.5912 80 200 120
-3.8217 -0.9050 1.5347 80 200 120
-0.0656 -2.5367 -0.3906 80 200 120
-0.2627 -2.5327 -0.6775 80 200 120
-0.5481 -3.1750 1.4987 80 200 120
-4.2408 0.6523 0.4600 80 200 120
-2.5127 -2.0240 -1.3803 80 200 120
-0.7951 -0.9453 -0.5152 80 200 120
-4.5543 -0.8108 0.6445 80 200 120
-2.1727 1.2070 1.6871 80 200 120
-4.1198 0.3452 1.2913 80 200 120
-1.9709 -0.0561 -0.7468 80 200 120
-2.0967 -0.2496 -0.4116 80 200 120
-1.9689 -0.8447 -0.7521 80 200 120
-0.4612 -3.2766 1.0447 80 200 120
-0.0999 -2.7458 -0.5610 80 200 120
-2.0611 0.1004 0.0827 80 200 120
-4.9512 3.1473 0.3414 80 200 120
-2.9380 1.2189 1.3186 80 200 120
-1.4315 2.6170 1.3327 80 200 120
-4.4569 -1.1196 1.3050 80 200 120
-4.4843 -2.0145 -0.3789 80 200 120
-9.9445 -4.8012 -4.4946 80 200 120
-5.7899 5.3365 0.1322 80 200 120
0.2828 -2.0934 -0.0556 80 200 120
-0.5944 -2.1907 -0.1044 80 200 120
-4.6946 -0.9751 0.0745 80 200 120
-5.6632 3.6910 -0.8837 80 200 120
-5.0121 -1.2114 0.8731 80 200 120
-4.9383 3.5832 0.7813 80 200 120
-4.9272 -2.1881 -0.9674 80 200 120
-3.5033 -0.5489 -0.3122 80 200 120
-0.1827 0.1482 1.5819 80 200 120
-4.0221 -1.5616 0.0655 80 200 120
-2.3850 -0.8036 -0.9060 80 200 120
-0.9068 -1.9332 -0.3704 80 200 120
-4.4804 0.7559 0.4307 80 200 120
-4.6298 -1.4084 -0.7465 80 200 120
-0.4061 -2.6697 -0.7730 80 200 120
-0.2041 -2.6577 -0.6372 80 200 120
-4.6035 0.2030 0.0816 80 200 120
-1.4581 -2.6625 -1.2983 80 200 120
-4.4648 -1.8512 0.6832 80 200 120
-1.8385 -1.2225 -0.6796 80 200 120
-1.5862 -0.6952 -0.4544 80 200 120
-4.7628 -1.0697 -0.4091 80 200 120
-4.2743 0.7444 1.0148 80 200 120
-0.8198 -2.8005 -0.5684 80 200 120
-4.4970 -0.4717 0.8147 80 200 120
-3.8727 0.6305 1.4577 80 200 120
-1.5693 -2.4683 -0.3221 80 200 120
-1.9988 0.1315 -0.1784 80 200 120
-4.7877 -2.8022 0.2718 80 200 120
-1.9262 -0.0205 1.5357 80 200 120
-4.6016 -2.2844 -1.9544 80 200 120
-4.8878 3.2871 1.3781 80 200 120
-4.3575 -2.1503 -0.8623 80 200 120
-4.9709 0.4703 0.5960 80 200 120
-1.9869 0.1654 0.5116 80 200 120
-0.0558 -2.5538 -0.3855 80 200 120
-2.3568 -2.4803 -1.3661 80 200 120
-3.6866 -1.7263 1.6080 80 200 120
-0.3078 -2.7938 -0.6900 80 200 120
-2.6341 -1.8801 -1.1014 80 200 120
-0.8554 -2.9789 -0.7188 80 200 120
-4.4953 3.8741 0.7667 80 200 120
-4.8725 4.8878 1.2273 80 200 120
-1.0112 -2.8353 -0.9636 80 200 120
-1.9531 1.6611 1.6000 80 200 120
-4.7155 0.3249 -0.6457 80 200 120
-1.1363 -0.4106 1.6093 80 200 120
-3.5361 -0.0836 1.6259 80 200 120
-1.6812 -1.7265 1.6025 80 200 120
-3.8119 -0.5753 -0.9782 80 200 120
-1.4390 -2.8243 -0.9579 80 200 120
-2.4190 0.6217 0.8272 80 200 120
-1.8609 -3.0586 -0.8126 80 200 120
-3.7284 -0.5218 -0.3330 80 200 120
-3.9735 -2.5476 1.5185 80 200 120
-1.9682 0.1535 0.4219 80 200 120
-0.8913 -2.4621 -0.5888 80 200 120
-4.5359 0.7341 0.4725 80 200 120
-1.6134 -1.2644 1.5680 80 200 120
-4.3456 -3.1257 0.4232 80 200 120
-2.2249 -3.1955 -0.3337 80 200 120
-9.6002 -3.1796 -2.0692 80 200 120
-0.3143 -2.8812 1.6019 80 200 120
-1.3210 -2.9960 -0.7305 80 200 120
-1.5591 -3.2771 -0.3433 80 200 120
-1.9313 -3.2679 -0.1181 80 200 120
-1.3506 -0.0208 1.6076 80 200 120
-2.3856 -2.8632 -0.8542 80 200 120
-4.3875 -2.1754 1.4349 80 200 120
-4.5625 -2.5082 1.1010 80 200 120
-4.8416 1.0286 1.1263 80 200 120
-4.7186 -1.2853 0.6166 80 200 120
-1.0594 0.1369 1.4939 80 200 120
-3.9718 -3.1777 1.1736 80 200 120
-0.9647 -3.2826 1.4373 80 200 120
-2.0546 -2.9651 -0.8042 80 200 120
-2.0063 -1.3306 1.6120 80 200 120
-1.0223 -1.6982 1.5524 80 200 120
-1.3597 -2.8327 -0.6635 80 200 120
-4.9473 -0.4057 0.8509 80 200 120
-4.7781 -0.9437 0.2052 80 200 120
-3.0395 -0.8411 1.6012 80 200 120
-2.1339 -1.6292 1.6013 80 200 120
-0.6341 -3.3497 0.5644 80 200 120
-4.6453 0.7932 0.5073 80 200 120
-1.9063 -3.2799 -0.6846 80 200 120
-4.9538 -2.1991 -1.0686 80 200 120
-4.4579 -0.2129 1.1274 80 200 120
1.4535 -1.9788 1.5568 80 200 120
-1.4659 -3.2523 1.4763 80 200 120
-5.0362 0.3790 0.0919 80 200 120
-4.7891 -1.1121 -0.1473 80 200 120
-4.9353 0.4502 0.6303 80 200 120
-2.3004 -2.8547 -0.8464 80 200 120
-4.5891 -1.5320 1.1231 80 200 120
-1.3833 -3.2843 0.7100 80 200 120
-0.8687 -1.9028 1.5663 80 200 120
-4.6562 -2.0105 0.7828 80 200 120
-3.3559 -2.9842 -0.6740 80 200 120
-0.6556 -2.5144 -0.6641 80 200 120
-1.3867 -3.0328 -0.7623 80 200 120
-0.9510 -0.9222 1.6280 80 200 120
-2.9349 0.4798 1.5837 80 200 120
-2.1809 0.4233 1.3462 80 200 120
-3.4676 -2.8175 -1.1728 80 200 120
-1.5310 -2.9233 -0.7059 80 200 120
-1.3415 -0.0046 1.6037 80 200 120
-0.0275 -2.4405 1.6056 80 200 120
-2.9961 -2.8582 1.6609 80 200 120
-1.8755 0.2879 1.5505 80 200 120
-4.4872 -0.3307 -0.3593 80 200 120
-1.1317 -0.3932 1.6000 80 200 120
-7.3402 -2.3062 -1.5246 80 200 120
-3.6167 -3.0210 -0.7318 80 200 120
-2.0912 -0.0420 1.4887 80 200 120
-1.8913 0.3038 1.5734 80 200 120
1.3118 -3.3068 1.4051 80 200 120
-1.6573 -2.9938 -0.7362 80 200 120
-2.5645 -3.1812 -0.9039 80 200 120
1.6698 -2.5619 1.5884 80 200 120
1.5525 -3.3204 1.2089 80 200 120
2.9934 -3.2160 1.1273 80 200 120
-3.8208 -0.5307 1.5403 80 200 120
-3.4562 0.8875 1.8752 80 200 120
-4.9192 -2.6653 -1.0844 80 200 120
-1.2897 -0.0162 1.6306 80 200 120
-2.9734 -2.5298 1.5878 80 200 120
-0.7789 -1.0627 1.6008 80 200 120
-2.4727 0.7414 1.5336 80 200 120
-4.5958 -3.0115 -0.1601 80 200 120
-2.6145 -2.9094 -0.9931 80 200 120
-2.7448 -0.0099 1.7038 80 200 120
-1.0921 -3.0237 -0.6939 80 200 120
-1.2037 -2.9593 -0.6849 80 200 120
-4.6607 -2.1867 -1.0079 80 200 120
-5.4813 -3.3671 -1.7545 80 200 120
-1.4141 -2.5826 -0.6815 80 200 120
-2.5608 -3.1679 1.5369 80 200 120
2.2536 -3.5762 1.2798 80 200 120
-1.5346 -2.9626 -0.6920 80 200 120
-2.1415 -0.1003 1.4811 80 200 120
-1.6272 -2.8273 -0.6757 80 200 120
-1.9965 -3.2681 -0.3719 80 200 120
-1.7626 -3.3188 -0.2284 80 200 120
-1.2382 -1.3421 1.5913 80 200 120
-5.4512 -2.7340 -1.2143 80 200 120
-4.5091 -0.3620 1.3936 80 200 120
2.2012 -3.5613 1.2479 80 200 120
-4.5076 -1.1695 -0.1217 80 200 120
2.2419 -3.2592 1.2634 80 200 120
-4.6908 -0.5301 0.8326 80 200 120
-5.5739 -3.7878 -1.4767 80 200 120
-4.4458 -3.0221 1.5342 80 200 120
8.2090 -6.3477 3.1152 80 200 120
-3.0832 0.7099 1.6617 80 200 120
-4.6534 -0.9356 0.1467 80 200 120
-3.2160 -1.1332 1.6169 80 200 120
-2.7719 1.0609 1.6933 80 200 120
-2.5005 -2.2044 1.5837 80 200 120
-3.3541 -3.2538 1.1738 80 200 120
-2.0550 -3.3033 -0.3087 80 200 120
2.4261 -3.6932 1.3971 80 200 120
-2.0545 -0.3303 1.6270 80 200 120
-1.2368 -3.2829 1.4990 80 200 120
-0.9574 -2.8598 -0.6414 80 200 120
-1.7141 -3.2797 -0.2357 80 200 120
-1.1359 -2.9155 -0.6648 80 200 120
-1.5798 -2.9637 -0.6504 80 200 120
3.5420 -3.4484 1.3912 80 200 120
-4.3109 -2.0256 -0.5189 80 200 120
-2.9337 -3.1981 0.1165 80 200 120
-1.2584 -2.9995 -0.6538 80 200 120
-1.1587 -2.5621 -0.6747 80 200 120
-2.0739 0.3802 1.5518 80 200 120
-0.9910 -2.9770 -0.6783 80 200 120
-1.2722 -2.5701 -0.6693 80 200 120
-2.3455 -3.2487 -0.3698 80 200 120
-0.6656 -2.5950 1.6256 80 200 120
-1.3687 -3.2975 1.1099 80 200 120
-3.1080 -3.1257 1.5708 80 200 120
-2.6100 -3.2376 0.5481 80 200 120
-1.8418 -3.0336 1.5392 80 200 120
-4.6643 -0.9526 0.1903 80 200 120
-3.0676 0.7928 1.6945 80 200 120
-1.5840 -2.7744 -0.6443 80 200 120
-4.6102 -2.9940 -0.2811 80 200 120
-3.1170 -3.1968 -0.0889 80 200 120
-3.7130 -2.9067 1.5972 80 200 120
-0.7416 -2.0814 1.5554 80 200 120
-3.3678 -2.0622 1.5781 80 200 120
3.6733 -3.0592 1.0586 80 200 120
-4.4534 -3.1106 0.3489 80 200 120
0.2165 -3.3809 0.2294 80 200 120
-3.2282 -0.1749 1.5937 80 200 120
-1.4200 -2.8307 -0.6243 80 200 120
19.8152 -10.0205 6.2437 80 200 120
0.2949 -2.8366 1.5978 80 200 120
1.8981 -3.0293 1.0547 80 200 120
-4.1593 -3.2687 -1.1954 80 200 120
-0.7934 -2.7626 -0.6187 80 200 120
-3.3299 1.0184 1.9358 80 200 120
-1.4544 -2.5732 -0.6722 80 200 120
-1.4784 -2.7376 -0.6260 80 200 120
-2.0987 -0.0563 1.5316 80 200 120
-0.9501 -2.8674 -0.6465 80 200 120
-0.5794 -1.1982 1.5459 80 200 120
-0.9432 -2.6456 -0.6746 80 200 120
0.3974 -3.0714 1.4906 80 200 120
1.6146 -3.0518 -0.1777 80 200 120
-4.3407 -3.2157 -0.8190 80 200 120
-4.0935 0.0079 1.6516 80 200 120
-4.7467 -2.7939 0.3082 80 200 120
-0.6743 -2.6280 -0.6622 80 200 120
-4.2849 -3.3879 -1.1760 80 200 120
-1.5212 -2.6038 1.6478 80 200 120
-4.0533 -0.8848 1.6408 80 200 120
-0.6355 -3.2392 1.5062 80 200 120
-2.8674 0.6049 1.5540 80 200 120
-2.1268 0.4639 1.6431 80 200 120
0.3957 -3.7426 0.3408 80 200 120
-3.1262 0.5807 1.9909 80 200 120
-0.1156 -3.0861 1.3895 80 200 120
-2.3763 0.2348 1.4311 80 200 120
1.7732 -3.2274 0.9879 80 200 120
2.8265 -3.5078 1.2259 80 200 120
-1.4733 -2.5841 -0.6533 80 200 120
3.4045 -3.3702 1.3258 80 200 120
-1.2244 0.3286 1.5203 80 200 120
-1.5699 -2.5614 -0.6575 80 200 120
4.4155 -3.2617 1.3194 80 200 120
-3.4012 0.6779 1.6273 80 200 120
1.5433 -2.4758 1.5025 80 200 120
-4.7394 -0.8194 0.7009 80 200 120
-0.5425 -3.3249 1.0411 80 200 120
4.4760 -2.8225 1.3301 80 200 120
-1.1640 -2.6598 -0.6724 80 200 120
9.6930 -5.7881 2.9793 80 200 120
-4.0512 -3.1612 0.8737 80 200 120
-4.5234 -0.5295 0.7766 80 200 120
4.2399 -2.5064 2.2675 80 200 120
-0.1943 -3.3643 0.1711 80 200 120
1.3210 -1.8208 1.5949 80 200 120
-1.1462 -3.2377 -0.0626 80 200 120
-4.5884 -1.0975 1.3546 80 200 120
-1.7042 -2.7821 -0.7037 80 200 120
-4.6539 -1.2445 0.7941 80 200 120
1.2278 -2.6477 -0.2444 80 200 120
3.0281 -2.7603 1.6198 80 200 120
-4.3438 0.8413 1.6077 80 200 120
-0.5211 -2.7188 -0.6168 80 200 120
-4.1933 -3.1418 -0.7800 80 200 120
-2.1130 0.4695 1.6282 80 200 120
-0.6073 -2.7192 -0.6761 80 200 120
-1.1381 -3.0015 -0.7205 80 200 120
2.5933 -4.2680 0.0060 80 200 120
-4.1928 -3.0509 -1.3859 80 200 120
-2.9351 -3.1445 -1.5615 80 200 120
-3.6860 -3.0874 -1.5433 80 200 120
-2.6896 -3.2310 -1.5575 80 200 120
-2.3646 -3.3117 -1.5268 80 200 120
3.4210 -3.3926 1.3800 80 200 120
-3.2590 -3.1648 -1.4834 80 200 120
2.9627 -3.4724 1.0083 80 200 120
1.8013 -3.2244 1.0151 80 200 120
8.3371 -5.3332 2.1877 80 200 120
0.9706 -3.0005 -0.3886 80 200 120
-3.6847 -1.7505 1.5989 80 200 120
-4.0561 -3.2782 -1.2249 80 200 120
3.1627 -2.2687 1.7013 80 200 120
-4.0318 -1.3692 1.5634 80 200 120
-4.4464 -3.0076 -1.4047 80 200 120
4.7147 -2.8627 1.4194 80 200 120
1.6960 -3.6316 0.4895 80 200 120
-0.0778 -3.3174 1.1657 80 200 120
1.3622 -2.4613 1.6615 80 200 120
1.1056 -3.2538 -0.6054 80 200 120
-4.6409 -0.6857 0.9782 80 200 120
-1.6679 -1.7332 1.6181 80 200 120
1.2035 -3.0100 -0.7401 80 200 120
5.2566 -3.3652 0.9843 80 200 120
0.8836 -2.2282 -0.2828 80 200 120
-0.8852 -2.5356 -0.6302 80 200 120
-4.1134 -2.5795 1.6051 80 200 120
-1.6238 -1.2731 1.5635 80 200 120
-0.3562 -2.9621 1.6268 80 200 120
1.1080 -2.5433 -0.5556 80 200 120
-0.2841 -2.5134 -0.6602 80 200 120
-2.6802 0.4430 1.3857 80 200 120
-0.9888 -2.6574 -0.6456 80 200 120
-1.1333 -2.9776 -0.7138 80 200 120
-1.9449 -3.2689 -0.1054 80 200 120
-4.6305 -2.2147 1.5758 80 200 120
-4.6120 -2.4879 1.1266 80 200 120
-1.5821 -2.6713 -0.6820 80 200 120
2.8788 -2.2791 1.5978 80 200 120
-0.4982 -0.8760 1.4957 80 200 120
-2.1212 -0.0397 1.5250 80 200 120
-3.1275 -3.1633 -0.0794 80 200 120
-3.2985 0.5984 1.5087 80 200 120
-2.4065 -3.2232 0.0420 80 200 120
1.9713 -1.6035 1.6194 80 200 120
-2.6237 -3.1859 -0.1945 80 200 120
1.2413 -1.6049 1.6428 80 200 120
-3.1837 -2.3149 1.5424 80 200 120
2.3967 -3.2870 1.3535 80 200 120
-1.5129 -3.3035 -0.2346 80 200 120
-2.6011 -0.0857 1.4889 80 200 120
-1.6648 -0.4707 1.3440 80 200 120
-0.2164 -2.6480 1.6217 80 200 120
-1.9500 -3.2497 1.1969 80 200 120
2.1872 -2.6300 1.5872 80 200 120
4.5211 -3.2919 1.3209 80 200 120
5.8425 -3.5700 1.0856 80 200 120
3.4931 -3.4158 1.3536 80 200 120
-0.1574 -2.6798 -0.1444 80 200 120
1.6849 -2.0683 1.6865 80 200 120
2.5741 -2.5771 1.4261 80 200 120
3.5997 -2.5714 1.4965 80 200 120
-1.6231 -3.2416 0.8783 80 200 120
5.8678 -4.0675 0.8316 80 200 120
-2.8551 -1.4173 1.5922 80 200 120
-3.0709 -0.6217 1.5311 80 200 120
0.8138 -2.4276 1.5876 80 200 120
-1.1349 -3.2534 1.0155 80 200 120
-0.5648 -3.4017 0.0540 80 200 120
-0.7369 -3.3150 0.7898 80 200 120
-3.9886 -3.1637 1.1879 80 200 120
-1.0254 -3.0561 1.3146 80 200 120
-2.0223 -1.3411 1.6103 80 200 120
-1.0348 -1.6952 1.5545 80 200 120
-3.0527 -0.8429 1.5978 80 200 120
-2.1428 -1.6250 1.5788 80 200 120
-1.4756 -3.2427 1.4569 80 200 120
6.9495 -2.3632 2.0432 80 200 120
-0.3693 -3.3504 0.8540 80 200 120
-2.2469 0.1143 1.2833 80 200 120
-1.5119 -0.1058 1.4800 80 200 120
0.2246 -2.3108 1.5751 80 200 120
0.7625 -3.2902 1.0817 80 200 120
-3.3608 -2.9474 1.6797 80 200 120
4.6043 -2.7813 1.3847 80 200 120
4.3324 -3.6450 1.0141 80 200 120
3.4748 -1.3845 1.4329 80 200 120
3.0005 -3.2126 0.3641 80 200 120
-4.2781 -0.5301 0.6778 80 200 120
-0.2103 -3.0713 0.4800 80 200 120
-4.6787 -1.5219 1.1856 80 200 120
-1.3916 -3.1285 0.6532 80 200 120
-0.8404 -1.9232 1.6502 80 200 120
-4.6812 -2.0063 0.7959 80 200 120
6.2413 -3.0940 0.9951 80 200 120
1.1740 -2.6064 -0.2338 80 200 120
-0.8893 -1.3533 -0.5133 80 200 120
-4.2143 -0.6152 1.4851 80 200 120
0.0192 -2.9272 0.4666 80 200 120
0.5784 -3.9118 0.1430 80 200 120
-2.3376 -3.2042 0.6124 80 200 120
0.8293 -3.3769 0.1585 80 200 120
-0.0355 -2.5026 1.6184 80 200 120
-3.0406 -2.9037 1.7305 80 200 120
1.3039 -3.0083 -0.0152 80 200 120
-3.3948 -3.1542 0.4363 80 200 120
-3.4546 -2.3936 -0.5509 80 200 120
4.5406 -2.2315 1.3439 80 200 120
-0.8613 -1.2579 -0.5321 80 200 120
-3.7217 -2.0264 1.5550 80 200 120
-1.6998 -3.2531 0.1014 80 200 120
0.7927 -3.4211 0.7299 80 200 120
3.9850 -1.6092 1.1119 80 200 120
0.2555 -1.9442 -0.5227 80 200 120
-1.8793 -2.8406 -0.5444 80 200 120
-3.3968 -2.8460 -0.5402 80 200 120
-2.8371 -2.9723 -0.5509 80 200 120
2.7373 -3.0667 1.5332 80 200 120
-0.0648 -2.0445 1.6770 80 200 120
-4.4408 -3.1041 1.2322 80 200 120
-3.3420 -3.1213 -0.5044 80 200 120
0.0117 -3.4507 0.0572 80 200 120
0.5929 -1.8674 -0.5478 80 200 120
-2.5107 -2.8739 -0.5620 80 200 120
4.6941 -2.6097 0.8357 80 200 120
-4.0053 -2.2319 -0.5094 80 200 120
-2.2467 -3.0269 -0.5699 80 200 120
-1.0918 -2.9511 -0.5440 80 200 120
3.5697 -1.6143 1.5596 80 200 120
1.1598 -3.1803 1.2810 80 200 120
4.4849 -2.0352 0.8109 80 200 120
-1.6955 -2.6233 -0.5875 80 200 120
-0.2497 -1.8460 -0.5249 80 200 120
-1.5896 -2.9622 -0.5553 80 200 120
-0.4646 -3.7759 -0.5031 80 200 120
2.1209 -1.6183 1.7101 80 200 120
0.9813 -2.4772 -0.2603 80 200 120
-2.4394 0.2202 1.0017 80 200 120
2.5363 -2.7947 -0.1513 80 200 120
1.3985 -2.4671 -0.2603 80 200 120
-1.1386 -1.0297 -0.5319 80 200 120
-3.8641 -0.4701 1.5924 80 200 120
-3.0177 -2.5569 1.6375 80 200 120
4.7369 -1.7699 1.3186 80 200 120
1.6845 -0.9636 1.5082 80 200 120
-4.6314 -3.1980 -0.5669 80 200 120
-4.0775 -3.1446 -0.5363 80 200 120
-1.3365 -2.7831 -0.5545 80 200 120
4.1205 -2.3711 0.0799 80 200 120
-3.8294 -0.0699 1.4783 80 200 120
1.1632 -2.5955 -0.5279 80 200 120
1.4373 -2.2232 -0.5412 80 200 120
0.9157 -2.3905 -0.2596 80 200 120
1.2825 -2.3744 -0.2591 80 200 120
-2.1966 -3.0700 -0.5557 80 200 120
-2.1015 -0.0600 1.2898 80 200 120
-2.0172 -0.0097 1.5296 80 200 120
-0.7621 -1.9487 -0.5207 80 200 120
-0.4843 -0.8500 1.5725 80 200 120
-2.4382 -2.7518 -0.5661 80 200 120
3.3508 -2.6595 -0.0913 80 200 120
1.3272 -0.7406 1.6353 80 200 120
-2.5439 -3.1037 1.5118 80 200 120
4.0765 -0.9660 1.0381 80 200 120
5.1932 -3.3915 0.9117 80 200 120
2.6294 -4.8366 -0.5222 80 200 120
0.8041 -2.5430 -0.6156 80 200 120
3.8637 -0.6682 1.6308 80 200 120
-4.3719 -0.2606 1.2558 80 200 120
-4.5097 -1.1831 0.7076 80 200 120
-1.1737 -2.1003 -0.5382 80 200 120
-0.7456 -2.9724 0.4148 80 200 120
0.2817 -0.5064 1.5310 80 200 120
1.6042 -2.6580 -0.5377 80 200 120
-4.5475 -2.9010 -0.3325 80 200 120
-4.3725 -2.9295 1.4919 80 200 120
2.2703 0.0800 1.2785 80 200 120
0.9360 -1.8342 -0.5708 80 200 120
-4.5267 -0.7016 0.9430 80 200 120
-4.6007 -1.2150 0.7641 80 200 120
-0.2949 -1.2731 1.5230 80 200 120
-2.0317 -0.0546 1.3213 80 200 120
-2.3904 -3.3839 -0.3599 80 200 120
1.7757 -0.9484 1.5979 80 200 120
-4.2140 -1.8324 1.4628 80 200 120
-1.2155 -1.4854 -0.5348 80 200 120
1.8213 -0.3836 1.6089 80 200 120
0.4247 -1.4312 1.6068 80 200 120
-4.4932 -1.4911 1.0744 80 200 120
-1.0318 -1.7069 1.6088 80 200 120
1.2870 -0.7280 1.6338 80 200 120
-4.7327 -1.3420 0.0205 80 200 120
-2.3512 -3.2999 0.6541 80 200 120
-0.5308 -2.6221 -0.2855 80 200 120
0.7695 -3.2537 -0.2861 80 200 120
5.0875 -0.9247 1.5026 80 200 120
4.2150 -1.2102 1.6237 80 200 120
3.2190 -3.2925 0.3733 80 200 120
0.2705 -0.7310 1.5863 80 200 120
-4.5428 -2.0490 1.3894 80 200 120
2.9124 -0.6416 1.6621 80 200 120
1.4566 -0.1259 1.5858 80 200 120
-0.7678 -1.0571 1.5666 80 200 120
1.2778 0.0934 1.5891 80 200 120
-3.9732 0.0163 1.6006 80 200 120
-3.6284 -3.1469 0.0391 80 200 120
-3.1727 -1.0998 1.6030 80 200 120
1.6544 -1.9266 -0.5579 80 200 120
3.2407 -0.1253 1.4649 80 200 120
5.0129 -2.7297 0.8882 80 200 120
3.5224 -2.3189 -0.3668 80 200 120
-1.9547 0.2506 1.2685 80 200 120
-2.5651 -0.0566 1.5005 80 200 120
4.4527 -1.4809 0.5130 80 200 120
-2.4322 -2.1117 1.4976 80 200 120
-3.2732 -3.1623 1.1207 80 200 120
-2.0094 -3.2863 -0.2986 80 200 120
1.5121 0.5738 1.3505 80 200 120
-1.0317 -1.2390 -0.4919 80 200 120
3.5603 0.0916 1.2267 80 200 120
-4.5561 -1.0021 0.0212 80 200 120
-1.7652 -0.9126 -0.6173 80 200 120
2.4156 0.4385 1.4014 80 200 120
1.7945 -2.7064 -0.1356 80 200 120
-2.4923 -0.9181 -0.3579 80 200 120
-4.1574 -3.0928 -0.7648 80 200 120
-1.2205 -3.2180 1.4731 80 200 120
-1.7200 -3.3780 -0.2142 80 200 120
-1.4102 -2.2567 -0.6032 80 200 120
1.0454 -2.6295 -0.3660 80 200 120
4.7623 -2.0457 0.4890 80 200 120
0.9859 -1.5809 -0.6072 80 200 120
1.2238 -2.4691 -0.6058 80 200 120
-3.6643 -3.3308 -1.6335 80 200 120
-2.9484 -3.2039 0.1446 80 200 120
2.5333 0.0836 0.6208 80 200 120
3.6347 -1.2043 -0.6577 80 200 120
4.6470 -2.5203 0.2078 80 200 120
5.0488 -0.2969 1.1234 80 200 120
3.2251 -0.1668 1.4953 80 200 120
3.8307 -3.7081 0.5618 80 200 120
-1.8370 -0.8238 -0.5145 80 200 120
3.8717 -2.4825 -0.4002 80 200 120
2.6677 0.2543 1.2294 80 200 120
0.3142 -5.8572 -1.4433 80 200 120
3.1784 -3.1686 -0.0532 80 200 120
3.4276 1.1638 1.7433 80 200 120
-1.9050 -0.8242 -0.5812 80 200 120
-3.2182 -3.6950 -1.6812 80 200 120
3.0068 -0.0732 1.7251 80 200 120
-2.8545 -3.9231 -1.7460 80 200 120
4.6896 -0.8004 0.5327 80 200 120
0.8713 1.0253 1.5060 80 200 120
0.3620 -1.5961 -0.5964 80 200 120
1.2237 -2.5166 -0.3704 80 200 120
4.2629 -1.9326 -0.3533 80 200 120
-2.6400 -2.7317 -1.6353 80 200 120
-0.6808 -2.5978 1.6436 80 200 120
-1.4169 -3.0518 1.0069 80 200 120
-3.0629 -2.9796 1.5139 80 200 120
-2.6138 -3.2064 0.5509 80 200 120
2.9238 0.5969 0.8779 80 200 120
4.5176 1.3343 1.7005 80 200 120
-1.6844 -1.8561 -0.5702 80 200 120
2.0340 0.6912 1.6201 80 200 120
-0.7125 -0.8728 -0.5853 80 200 120
-2.6232 -3.1343 -0.8287 80 200 120
-1.9845 0.3259 1.4303 80 200 120
5.2944 -1.0131 0.1793 80 200 120
-2.3893 -3.9653 -1.6628 80 200 120
-2.2009 -2.3024 -1.5444 80 200 120
-1.8571 -0.5998 -0.6039 80 200 120
-1.2520 0.3602 1.4686 80 200 120
-2.4644 -1.1281 -0.3578 80 200 120
-2.3710 -3.2905 -0.3641 80 200 120
-0.1881 -0.4098 1.5717 80 200 120
-0.6858 -2.1217 1.6296 80 200 120
0.1791 -2.7082 1.5196 80 200 120
1.5798 -0.7127 -0.9646 80 200 120
2.2389 -1.8181 -1.8649 80 200 120
4.4610 -1.3306 1.6945 80 200 120
4.8919 -0.9425 1.4238 80 200 120
-0.2880 -1.6698 -0.4983 80 200 120
4.6703 -0.2941 1.0543 80 200 120
-1.8732 -0.8673 -0.7594 80 200 120
4.4083 -2.7206 -1.5537 80 200 120
-1.8983 -1.4491 -1.3307 80 200 120
2.3430 -2.5547 -0.8411 80 200 120
3.1111 -2.4878 -1.5088 80 200 120
6.6983 -2.9487 -2.2162 80 200 120
-1.7839 0.0085 -0.4487 80 200 120
-1.6836 -0.4579 -0.5334 80 200 120
2.6370 -1.7438 -1.7168 80 200 120
-0.7120 -1.4502 -0.5306 80 200 120
0.4072 0.8497 1.5645 80 200 120
1.3019 -2.4120 -0.2652 80 200 120
4.1707 0.7830 1.2936 80 200 120
2.4797 0.2042 0.7829 80 200 120
4.9867 -2.1462 0.4805 80 200 120
0.8275 -2.3325 -0.3683 80 200 120
4.6262 -0.6085 0.6791 80 200 120
5.0305 -1.0180 0.1377 80 200 120
1.0040 0.6452 1.5381 80 200 120
4.6318 -2.2508 -0.3844 80 200 120
-0.6639 -1.6084 1.5673 80 200 120
4.9817 -1.6219 0.6481 80 200 120
3.2816 -1.2258 1.7546 80 200 120
-1.0294 -1.3046 -0.5224 80 200 120
-1.4056 -1.3038 -0.5294 80 200 120
0.4450 0.1746 1.5391 80 200 120
-0.3288 0.1135 1.5757 80 200 120
2.5980 0.4458 1.4939 80 200 120
2.8802 -0.9637 -0.4524 80 200 120
2.6521 -2.7684 -0.0257 80 200 120
3.1850 0.2302 0.1453 80 200 120
4.5560 -1.6887 -0.6961 80 200 120
-1.0144 -1.0003 1.5908 80 200 120
0.8469 -3.3800 1.1370 80 200 120
5.0228 -1.1863 0.9980 80 200 120
-0.3529 -0.1051 1.5707 80 200 120
5.3443 1.7617 1.4554 80 200 120
5.2973 1.5665 1.0570 80 200 120
3.8612 0.8540 0.2473 80 200 120
0.9082 -0.8220 -1.3993 80 200 120
3.7117 -2.3499 -1.4293 80 200 120
3.4503 -2.7526 -0.7438 80 200 120
2.5497 0.5518 0.4454 80 200 120
3.3253 -2.1684 -0.8380 80 200 120
-0.0691 0.5540 1.5580 80 200 120
-0.1546 -1.4310 -0.5843 80 200 120
4.6576 -2.0897 -1.8159 80 200 120
1.7806 -2.1134 -1.0842 80 200 120
-0.3936 -0.5768 1.5819 80 200 120
-0.9393 -2.6810 1.6275 80 200 120
-1.1566 -2.5332 -0.3541 80 200 120
4.1012 1.0634 1.6273 80 200 120
0.5975 -1.6999 -0.7005 80 200 120
-0.8298 -1.0274 -0.5152 80 200 120
-1.2373 0.3650 1.5193 80 200 120
0.4480 0.6208 1.5413 80 200 120
-0.5784 -3.0509 -0.3967 80 200 120
5.3101 -2.9893 -2.3564 80 200 120
-0.9497 -0.0773 1.5078 80 200 120
2.8144 -2.5439 -2.0657 80 200 120
-0.8035 -2.8076 1.2873 80 200 120
0.1909 -3.4684 0.2840 80 200 120
-0.1297 -2.9960 1.3442 80 200 120
-0.7670 -2.0122 -0.5820 80 200 120
-1.3475 -1.1465 1.5941 80 200 120
4.1995 -0.1167 0.0881 80 200 120
0.9283 1.5572 1.5203 80 200 120
-1.1604 -1.6042 -0.5521 80 200 120
3.5784 2.0900 1.5709 80 200 120
-0.5379 -3.2327 1.0125 80 200 120
-0.1539 -3.4101 0.1867 80 200 120
5.2021 2.4598 1.5359 80 200 120
0.0274 -0.2444 -1.0513 80 200 120
-0.9866 -0.4918 -1.1564 80 200 120
-1.4247 -0.3386 -0.4898 80 200 120
3.5876 -0.1870 0.8405 80 200 120
1.7002 2.0418 1.4555 80 200 120
-3.7849 -0.5364 1.5387 80 200 120
-1.9923 1.2229 1.5399 80 200 120
-4.1496 -1.3424 1.5275 80 200 120
3.0171 0.6572 0.5965 80 200 120
5.4465 1.1266 0.4881 80 200 120
3.3839 -1.6746 -0.4557 80 200 120
-1.3019 -0.4195 -0.6696 80 200 120
-0.6975 -0.5086 -1.0358 80 200 120
-1.7115 -0.1609 -0.4640 80 200 120
1.5119 1.0606 1.4867 80 200 120
-1.7207 -0.3356 1.3367 80 200 120
2.7315 0.2635 0.7348 80 200 120
3.6982 -0.0680 -0.5885 80 200 120
-0.8854 -0.4732 -1.0770 80 200 120
5.5796 1.5985 0.7496 80 200 120
-4.4616 -2.8780 1.4927 80 200 120
-1.4200 -1.1916 1.3766 80 200 120
0.1060 -0.8786 -1.4639 80 200 120
4.4089 2.8022 1.3644 80 200 120
-0.5797 -0.5875 -1.3441 80 200 120
2.3071 -0.3995 -0.4058 80 200 120
-0.3572 -0.0021 -0.7036 80 200 120
2.5908 -2.3088 -1.4130 80 200 120
-3.2102 -2.6761 1.3979 80 200 120
-0.8249 -0.7769 -0.5866 80 200 120
-0.1590 -1.0017 -0.9484 80 200 120
-1.1947 -0.5887 -0.5361 80 200 120
2.6335 -3.1076 0.8221 80 200 120
1.8778 -3.1323 0.9320 80 200 120
5.1753 1.2403 -0.5433 80 200 120
4.8466 2.7086 0.9694 80 200 120
2.8421 3.0019 1.4268 80 200 120
2.6764 0.0622 -0.4335 80 200 120
-4.4247 -2.8200 1.4504 80 200 120
-4.0047 -2.8764 1.4871 80 200 120
-3.9258 -3.1286 1.1086 80 200 120
-1.6811 -0.2696 1.2750 80 200 120
1.2406 -0.9940 -0.8953 80 200 120
1.8698 -2.3203 -1.4161 80 200 120
-0.9633 -0.4853 -1.1513 80 200 120
1.5546 -3.4656 0.4682 80 200 120
1.4636 -2.4677 1.6721 80 200 120
3.0248 -2.6232 0.6021 80 200 120
2.8371 0.5599 -1.1075 80 200 120
-0.1807 -0.4168 -1.3638 80 200 120
-1.1735 -1.4088 -0.4781 80 200 120
2.8612 0.4803 -0.7126 80 200 120
-0.5737 0.1009 -0.6392 80 200 120
-0.2215 -0.0480 -0.9984 80 200 120
0.1398 -0.6210 -1.1522 80 200 120
6.1136 1.8481 0.0685 80 200 120
-0.4266 0.1559 -0.5209 80 200 120
1.6508 0.0116 -0.6425 80 200 120
2.3780 -2.7068 -1.5891 80 200 120
2.9171 0.5992 -0.1007 80 200 120
4.7102 1.1605 -0.4402 80 200 120
-0.6661 -0.5269 -0.9273 80 200 120
-1.6027 -0.3509 -0.4761 80 200 120
-1.2636 -0.4414 -0.6655 80 200 120
-1.5308 -0.8114 -0.4855 80 200 120
-0.4269 -0.7663 -1.3093 80 200 120
-0.3707 -2.8528 1.5569 80 200 120
0.7848 3.1721 1.3863 80 200 120
3.4426 3.0272 1.4934 80 200 120
0.4204 -0.0508 -0.4315 80 200 120
2.9310 3.1906 1.6135 80 200 120
-3.9317 -3.1108 1.0816 80 200 120
-1.0163 -0.5436 -0.7507 80 200 120
-0.9114 -0.5496 -1.1961 80 200 120
2.8731 -0.1046 -1.3563 80 200 120
4.9441 1.1520 0.3834 80 200 120
-4.3502 -2.6975 1.4152 80 200 120
-2.6875 -3.0841 0.0078 80 200 120
5.4858 2.3385 -0.2077 80 200 120
5.4638 2.0196 -0.5867 80 200 120
3.0467 -2.2745 1.6180 80 200 120
1.3243 -1.5704 1.6237 80 200 120
2.1940 -2.9842 1.2434 80 200 120
-0.1656 -2.5938 1.6121 80 200 120
2.2264 -2.5918 1.6001 80 200 120
3.8840 -2.7877 1.1257 80 200 120
3.0057 -2.9382 1.1742 80 200 120
1.6953 -1.9891 1.6221 80 200 120
2.6595 -2.5608 1.4726 80 200 120
3.5796 -2.4579 1.4871 80 200 120
0.9719 -2.4651 1.6105 80 200 120
1.6601 -2.3456 -1.3236 80 200 120
2.2957 -2.0430 -1.2879 80 200 120
2.3130 0.6512 -0.9677 80 200 120
5.5356 1.0700 0.9839 80 200 120
2.5415 0.2270 -0.9712 80 200 120
0.1742 -0.2553 -0.8703 80 200 120
0.3407 0.1763 -0.5041 80 200 120
-0.1427 0.0506 -0.5750 80 200 120
-1.3546 -1.6992 0.7160 80 200 120
-0.2204 -3.5886 0.9102 80 200 120
0.5070 -2.4879 1.6811 80 200 120
4.4545 -2.6510 1.3397 80 200 120
5.4471 -4.0387 -0.8723 80 200 120
-1.2908 -0.2389 -0.5929 80 200 120
-0.7379 -1.9500 1.6505 80 200 120
0.6376 -4.0293 0.1081 80 200 120
0.7425 -3.1849 0.1715 80 200 120
0.3469 -1.7069 -0.7856 80 200 120
-0.7003 -1.0035 -0.4998 80 200 120
-2.0471 -1.8666 1.4808 80 200 120
3.3873 2.9955 1.3726 80 200 120
4.5462 1.8350 -0.6901 80 200 120
1.4137 -1.4454 -1.0011 80 200 120
1.6910 0.0376 -0.6289 80 200 120
-2.4291 -3.3438 0.5966 80 200 120
5.2336 1.2378 -0.4825 80 200 120
-0.5325 -3.5732 -1.7203 80 200 120
0.0725 -2.5147 1.6391 80 200 120
0.8649 -2.4936 -0.0119 80 200 120
4.3452 -2.0597 1.2501 80 200 120
0.7800 -3.2869 0.7236 80 200 120
2.5058 0.6197 -0.5624 80 200 120
-0.0689 -0.7098 -1.3428 80 200 120
-1.2782 -0.4710 -0.8816 80 200 120
-0.3604 -2.1222 -0.5217 80 200 120
3.5026 0.6766 -0.1092 80 200 120
2.5049 -2.7728 1.4058 80 200 120
0.0092 -2.0013 1.6590 80 200 120
0.1092 -3.5623 0.0452 80 200 120
3.7806 -1.6550 1.6076 80 200 120
-1.9017 0.3342 -0.3666 80 200 120
-1.3582 -0.0875 -0.5422 80 200 120
6.0336 2.0231 -0.6581 80 200 120
5.1450 1.5360 0.1040 80 200 120
-2.2473 -3.0142 -0.3707 80 200 120
-3.8401 -0.7157 1.6858 80 200 120
0.8790 -1.0716 -1.3640 80 200 120
1.0291 -3.1506 -0.4558 80 200 120
-2.7813 -3.0194 -0.0913 80 200 120
2.3238 0.0048 -1.2289 80 200 120
1.1119 -2.9521 1.1931 80 200 120
1.9400 -1.4233 1.5744 80 200 120
-2.0216 -1.9550 1.2294 80 200 120
5.8983 2.8157 0.8393 80 200 120
-0.0884 -0.6636 -1.3309 80 200 120
-0.7753 -0.6115 -0.5672 80 200 120
0.0452 -0.2067 -1.0494 80 200 120
4.2362 -3.3717 -0.7970 80 200 120
3.5122 0.4107 -0.7228 80 200 120
3.1573 0.5412 -0.2878 80 200 120
4.5281 -1.6578 1.2265 80 200 120
3.0538 2.8459 1.3655 80 200 120
2.5739 2.9800 1.4625 80 200 120
2.6566 0.6036 -1.0602 80 200 120
6.0515 2.3840 -0.2329 80 200 120
2.6620 -0.1241 -1.3465 80 200 120
5.6563 1.9088 -0.8641 80 200 120
-0.3876 -0.9095 1.5893 80 200 120
3.0344 -2.4070 -0.0944 80 200 120
1.5362 -0.0448 -0.9185 80 200 120
5.1429 2.4656 1.5177 80 200 120
3.1402 0.1742 -1.5532 80 200 120
1.9140 -0.4306 -0.7026 80 200 120
-1.9375 -2.5698 -0.2424 80 200 120
-1.9036 0.4096 -0.3389 80 200 120
3.6520 -0.6055 1.5488 80 200 120
3.5805 -0.0346 1.5421 80 200 120
-0.3455 -0.9210 -1.3060 80 200 120
2.3064 -1.8501 -1.7344 80 200 120
-1.5319 -0.0137 -0.3988 80 200 120
-1.3909 -0.0295 -0.5118 80 200 120
-4.0632 -2.8672 1.4767 80 200 120
-3.8302 -0.7072 1.6276 80 200 120
2.1964 -0.6566 -0.3555 80 200 120
2.3010 -1.9593 -0.5403 80 200 120
6.4769 0.5575 -1.6278 80 200 120
2.0055 0.2482 -0.3980 80 200 120
0.6371 -0.3571 -0.5041 80 200 120
0.4724 0.2394 -1.0131 80 200 120
0.0229 -0.2108 -1.1484 80 200 120
3.2987 0.5418 -0.2862 80 200 120
-0.4919 -3.8041 0.4154 80 200 120
0.3352 -0.5809 1.5686 80 200 120
5.8368 0.0659 0.9474 80 200 120
-1.5857 -0.6756 -0.4594 80 200 120
3.2717 0.4816 -1.1345 80 200 120
-0.8738 -1.8853 -0.5178 80 200 120
3.3590 0.0883 -1.6206 80 200 120
3.3967 -3.7731 -1.9732 80 200 120
-1.7830 -4.7367 -0.3469 80 200 120
5.3515 1.4722 0.1621 80 200 120
0.3331 -0.2721 -0.7210 80 200 120
-1.6578 -0.2166 -0.4747 80 200 120
5.0801 2.2876 -0.2043 80 200 120
2.4605 -0.0592 -1.3092 80 200 120
2.7366 0.3986 -0.5105 80 200 120
-2.1209 -0.8635 1.3593 80 200 120
-0.1487 -1.4727 1.6174 80 200 120
1.9960 -1.0475 1.6523 80 200 120
1.8563 -0.4043 1.6029 80 200 120
0.6577 -1.5643 1.6417 80 200 120
-0.9252 -1.8728 1.6509 80 200 120
1.2096 -0.7482 1.6187 80 200 120
0.2531 -0.7196 1.5584 80 200 120
2.9575 -0.6756 1.6545 80 200 120
1.5086 -0.1538 1.5987 80 200 120
-0.6288 -1.2227 1.6418 80 200 120
1.3132 0.0345 1.5949 80 200 120
-1.3580 -0.6949 -0.9083 80 200 120
1.3654 -2.3392 -1.3409 80 200 120
0.7945 1.5644 1.4974 80 200 120
0.2145 -1.2730 -1.6026 80 200 120
5.3157 2.6453 0.6987 80 200 120
1.1760 -1.1084 -1.3036 80 200 120
4.9870 2.8934 1.0766 80 200 120
4.8544 -2.6458 0.8201 80 200 120
6.1818 -0.2059 1.6925 80 200 120
-1.5634 -0.6951 -0.4660 80 200 120
-1.4855 -0.0564 -0.4303 80 200 120
1.2695 -2.6132 -0.9047 80 200 120
-1.4639 0.1304 -0.4408 80 200 120
-1.1900 -1.8146 -0.4466 80 200 120
2.0781 -1.8187 -1.6696 80 200 120
0.4025 -0.3354 -0.7314 80 200 120
-1.7561 -0.0238 -0.4721 80 200 120
0.7630 -4.5693 -1.0627 80 200 120
6.5984 1.3488 0.2162 80 200 120
4.1871 -2.2433 0.2321 80 200 120
3.5744 -0.3183 1.6045 80 200 120
3.5283 -2.2191 -0.3984 80 200 120
0.5320 -0.5915 -0.5979 80 200 120
-1.1208 -0.6984 -0.6220 80 200 120
0.9268 -0.2211 -0.5842 80 200 120
-0.7192 -2.4756 -0.6007 80 200 120
6.3041 2.3520 -0.2948 80 200 120
4.5924 1.6469 1.4107 80 200 120
-1.0743 -0.4701 -0.7908 80 200 120
2.8774 -0.9818 -1.3843 80 200 120
2.8422 1.1879 1.5597 80 200 120
2.6901 0.0224 1.6103 80 200 120
-1.5768 -0.7940 -0.4798 80 200 120
-1.1179 -2.1934 -0.5209 80 200 120
5.0199 2.8406 1.4668 80 200 120
-2.8213 -4.5706 -0.0317 80 200 120
5.2907 0.1753 -0.4137 80 200 120
5.8791 2.6823 0.7051 80 200 120
1.4924 -3.0855 -1.5581 80 200 120
1.7835 -2.7882 -1.5588 80 200 120
-0.2329 -2.5603 -0.6810 80 200 120
-4.0160 -3.3498 1.1372 80 200 120
-0.4191 -3.2512 1.8194 80 200 120
2.0065 0.6720 1.6108 80 200 120
-0.0673 -0.5359 1.6291 80 200 120
2.9325 -0.5108 -1.2235 80 200 120
-1.4956 -0.3408 -0.6914 80 200 120
-1.6027 -0.3575 -0.5232 80 200 120
-0.4680 -2.4847 1.7468 80 200 120
0.5583 -3.2263 1.6410 80 200 120
7.2675 -2.7121 2.1935 80 200 120
5.4191 -1.1821 1.4670 80 200 120
0.9317 -1.2067 -0.5148 80 200 120
0.4700 0.8129 1.5891 80 200 120
4.6126 -4.6243 -0.3219 80 200 120
3.1378 3.0969 1.6047 80 200 120
-2.8507 -3.3648 -0.1036 80 200 120
-4.2565 -3.1622 1.5696 80 200 120
-4.0423 -3.2335 1.1414 80 200 120
0.7498 -1.8136 -0.1611 80 200 120
6.7147 0.3460 1.7155 80 200 120
4.0455 -1.6130 0.4485 80 200 120
0.6712 -2.1196 -0.3313 80 200 120
30.4534 -10.1891 1.6685 80 200 120
3.8006 -0.5541 0.0803 80 200 120
0.9657 0.6369 1.5237 80 200 120
-0.4846 -1.9331 1.6835 80 200 120
4.1525 -1.2178 0.5930 80 200 120
7.2268 -3.3972 2.6493 80 200 120
0.4327 0.1655 1.5465 80 200 120
2.2876 0.5057 1.4414 80 200 120
-0.8975 -1.1975 1.6827 80 200 120
1.3853 -4.1950 1.2458 80 200 120
5.6232 -1.4423 1.0383 80 200 120
-0.3196 -0.1051 1.5671 80 200 120
-0.8831 -0.8227 -0.8592 80 200 120
6.6087 3.0390 1.7123 80 200 120
7.9992 1.4640 1.3429 80 200 120
-3.8964 -0.7139 1.6502 80 200 120
-0.2165 -0.7687 1.6923 80 200 120
4.7687 0.9635 1.7408 80 200 120
0.4477 0.6187 1.5357 80 200 120
0.2320 -1.8312 -1.0838 80 200 120
-2.1271 -0.6382 -0.5609 80 200 120
3.0537 -12.4028 -2.4891 80 200 120
26.0047 4.9002 1.9757 80 200 120
-0.8705 -2.8507 1.2896 80 200 120
0.5737 -4.2831 0.2758 80 200 120
0.0431 -3.2698 1.4131 80 200 120
-1.6010 -0.5477 1.3372 80 200 120
2.5152 -1.0655 -1.0429 80 200 120
-2.0532 -1.1007 -0.1840 80 200 120
-0.5085 -3.4214 1.0485 80 200 120
4.7947 -0.6493 0.9786 80 200 120
2.0619 0.9500 1.6678 80 200 120
-1.5237 -0.6341 -0.6362 80 200 120
4.6750 -0.8124 -0.7953 80 200 120
-1.3508 0.0642 -0.4843 80 200 120
1.0328 1.5342 1.6096 80 200 120
2.1397 -0.1800 -0.9467 80 200 120
2.8454 -0.5575 -0.5984 80 200 120
-2.7069 -0.4743 -0.5112 80 200 120
-2.2838 -0.6611 -0.5711 80 200 120
1.4663 -0.4042 -0.6826 80 200 120
1.5495 -8.3307 -1.8345 80 200 120
-3.2470 -2.6524 1.4272 80 200 120
12.5181 0.8983 -0.0140 80 200 120
-1.5198 0.3892 -0.3299 80 200 120
9.6654 -10.2394 1.3714 80 200 120
7.6614 -10.2216 1.6454 80 200 120
-4.1659 -2.3792 -0.9472 80 200 120
1.5255 -1.7304 -1.4176 80 200 120
2.3701 -4.6998 0.4717 80 200 120
1.5647 -2.5676 1.7132 80 200 120
5.0143 -4.2997 0.6792 80 200 120
0.2394 0.0688 -0.3357 80 200 120
1.4643 -2.6429 -1.4788 80 200 120
-1.4682 -0.7257 -0.6690 80 200 120
-2.6790 -0.6248 -0.4818 80 200 120
-2.5327 -0.7872 -0.5944 80 200 120
-1.7571 -0.2917 0.9988 80 200 120
-1.1049 -0.3589 -0.6516 80 200 120
-3.8366 -0.6840 1.6390 80 200 120
5.0909 2.9028 1.4910 80 200 120
-0.3565 -2.8006 1.5505 80 200 120
2.8743 0.6235 0.8163 80 200 120
-1.2548 -0.5151 -0.8966 80 200 120
7.5573 -0.4629 -0.5742 80 200 120
-2.1553 -0.1933 -0.4011 80 200 120
-1.2155 -2.3209 -0.5184 80 200 120
5.6897 -0.3227 -0.9807 80 200 120
2.6918 -0.4426 -1.1781 80 200 120
2.6445 -0.4457 -0.5248 80 200 120
3.4201 -2.6753 1.7164 80 200 120
1.2059 -1.5167 1.5895 80 200 120
2.3506 -3.1433 1.2749 80 200 120
-0.0741 -2.6804 1.6508 80 200 120
2.2335 -2.5985 1.5918 80 200 120
5.1302 -3.8068 1.2595 80 200 120
3.4814 -3.4202 1.2260 80 200 120
1.7730 -2.0825 1.6438 80 200 120
2.5494 -2.5169 1.4557 80 200 120
4.0845 -2.9242 1.5876 80 200 120
1.2672 -2.7504 1.6965 80 200 120
6.6480 0.8174 1.0995 80 200 120
0.8358 -0.4452 -0.8138 80 200 120
-2.6628 -0.5463 -0.4572 80 200 120
5.7921 1.3403 0.1466 80 200 120
3.6859 3.2203 1.6653 80 200 120
-2.4928 -0.4979 -0.4735 80 200 120
6.5888 1.5762 1.7851 80 200 120
-0.1722 -3.8630 0.9095 80 200 120
0.4690 -2.4089 1.6515 80 200 120
5.6700 -3.5570 1.4796 80 200 120
-3.5465 -1.2972 -0.7730 80 200 120
-2.8371 -0.2760 -0.4394 80 200 120
1.1384 0.6234 -0.1832 80 200 120
-0.7608 -1.4321 -0.5455 80 200 120
2.4252 0.5767 0.3766 80 200 120
7.2654 2.5175 1.8044 80 200 120
-0.8026 -1.7511 1.5923 80 200 120
0.5293 -3.9140 0.0912 80 200 120
0.9225 -3.4633 0.1603 80 200 120
-0.6942 -0.9265 -0.4931 80 200 120
-2.1646 -0.1009 0.9435 80 200 120
-2.3231 -0.8238 0.5007 80 200 120
-2.1546 0.0400 0.1765 80 200 120
-2.1605 -0.0938 -0.3664 80 200 120
-2.6837 -0.8627 -0.4347 80 200 120
-0.9429 -0.9057 -0.8280 80 200 120
0.7138 0.0787 -0.3799 80 200 120
1.3105 -0.2028 -0.9137 80 200 120
0.0813 -2.5505 1.6616 80 200 120
4.8494 -2.4523 1.3457 80 200 120
1.0616 -3.7886 0.7362 80 200 120
1.6104 -0.9234 -0.7462 80 200 120
-0.1196 -1.3621 -1.5696 80 200 120
1.9507 -3.2258 -1.7906 80 200 120
1.5323 -1.7138 -1.4926 80 200 120
1.2576 -1.8166 -1.1439 80 200 120
-2.2949 -0.3533 -0.4683 80 200 120
1.5671 1.0091 0.0253 80 200 120
2.7945 -3.0362 1.4680 80 200 120
0.0137 -2.0428 1.6759 80 200 120
0.0587 -3.5056 0.0502 80 200 120
4.4934 -2.1798 1.7987 80 200 120
0.5330 -0.6986 -1.3764 80 200 120
-0.1651 -2.7288 -0.7024 80 200 120
-1.0394 -1.3779 -0.2323 80 200 120
1.8884 -0.0505 -0.8684 80 200 120
0.0292 1.2444 0.3952 80 200 120
1.6897 -2.4964 -0.5421 80 200 120
-2.9709 -0.5326 -0.3355 80 200 120
2.1011 -1.8424 -1.1470 80 200 120
1.3255 -3.1961 1.2551 80 200 120
-2.1547 -0.1467 0.8230 80 200 120
3.8454 -0.8262 -0.2890 80 200 120
7.0317 0.7749 1.1104 80 200 120
2.7626 0.0324 -0.4427 80 200 120
4.8964 -1.9210 1.3190 80 200 120
-1.1176 -0.8484 -1.0739 80 200 120
-2.7552 -0.4953 -0.4673 80 200 120
-1.2244 -0.6847 -0.5465 80 200 120
-2.4640 -0.3566 -0.4445 80 200 120
-1.6091 -1.6920 1.0634 80 200 120
-2.1575 -0.2296 -0.2035 80 200 120
-0.3775 -0.9447 1.6202 80 200 120
3.6642 -2.9257 -0.1098 80 200 120
2.1323 -0.3300 -1.3888 80 200 120
1.0073 1.5378 1.5945 80 200 120
4.9734 2.8495 1.4341 80 200 120
3.7671 3.0035 1.5460 80 200 120
-1.2162 -2.0447 -1.2628 80 200 120
8.9876 1.2560 0.0076 80 200 120
3.9873 -0.8543 1.6392 80 200 120
2.5790 0.2350 1.3026 80 200 120
4.9470 -2.1612 -0.7852 80 200 120
4.1197 -3.4736 -0.9227 80 200 120
0.4571 -1.6377 -1.7773 80 200 120
-0.6445 -3.3926 0.4413 80 200 120
0.4415 -0.6732 1.6017 80 200 120
-2.1445 -0.1002 1.0452 80 200 120
-4.1529 -3.0109 1.5653 80 200 120
-1.4484 -0.9057 -0.7453 80 200 120
-0.9259 -0.5452 -1.1091 80 200 120
2.6455 0.4551 -0.5738 80 200 120
-0.1702 -1.3640 1.5822 80 200 120
2.0374 -1.2040 1.6941 80 200 120
2.0305 -0.5602 1.6581 80 200 120
0.4790 -1.3541 1.5841 80 200 120
-1.0209 -1.6348 1.5778 80 200 120
1.4277 -0.8916 1.6893 80 200 120
0.3773 -0.8679 1.6263 80 200 120
3.0429 -0.8427 1.6788 80 200 120
1.6392 -0.2668 1.6364 80 200 120
-0.6248 -1.1440 1.6131 80 200 120
1.3097 0.0168 1.5682 80 200 120
1.9743 -1.2313 -1.3306 80 200 120
5.6062 0.9359 1.0034 80 200 120
5.6365 1.7354 1.6150 80 200 120
3.4204 2.8926 1.4727 80 200 120
5.4023 1.1246 -0.4883 80 200 120
-2.1637 -0.1678 -0.1871 80 200 120
-2.6291 -1.1421 -0.5692 80 200 120
-2.3405 -0.4846 -0.3778 80 200 120
5.3749 2.5155 1.5320 80 200 120
1.3255 -1.4312 -1.3996 80 200 120
-1.3383 -1.4233 -0.4186 80 200 120
4.9116 1.1423 0.4243 80 200 120
1.1064 1.5168 1.6391 80 200 120
2.3784 -0.2775 -1.0065 80 200 120
5.1329 -2.8379 0.7945 80 200 120
2.8920 0.5385 1.1888 80 200 120
2.3690 -2.8837 -0.1805 80 200 120
2.0948 0.8156 -0.0482 80 200 120
-1.2987 -1.0984 -0.5829 80 200 120
-1.4440 -2.8386 -0.6857 80 200 120
-1.7435 -0.3572 -0.2426 80 200 120
-2.1741 -0.1750 -0.3816 80 200 120
-2.6478 -0.4874 -0.4328 80 200 120
0.1937 -2.0130 -1.1769 80 200 120
1.8130 -1.8552 -1.6784 80 200 120
-1.7702 -0.3720 -0.4374 80 200 120
1.5360 -1.3817 -0.8773 80 200 120
0.9168 -0.4397 -0.8398 80 200 120
-1.1664 -0.6687 -0.5400 80 200 120
2.9197 -5.3194 -2.5754 80 200 120
-0.0426 -1.4421 -1.6290 80 200 120
0.1521 -1.2441 -1.5334 80 200 120
3.2643 0.5563 -0.1776 80 200 120
5.3424 -2.9449 0.0829 80 200 120
3.1054 -0.1701 1.4697 80 200 120
5.1749 -3.3368 -0.6723 80 200 120
0.5386 0.1229 -0.4158 80 200 120
0.3365 -0.4957 -0.7973 80 200 120
-2.8185 -0.3267 -0.4647 80 200 120
0.9940 -2.9844 -0.1753 80 200 120
-1.6873 -3.2822 -0.1993 80 200 120
-0.6242 -2.5023 1.6141 80 200 120
-0.0939 -0.4721 1.5995 80 200 120
2.8092 -0.8130 -0.7710 80 200 120
1.0530 -0.7347 -0.9459 80 200 120
2.3960 -1.4462 -0.9877 80 200 120
-0.1343 -1.3186 -1.5330 80 200 120
0.0756 -1.1522 -1.4615 80 200 120
-1.0330 -0.4751 -0.4370 80 200 120
1.0417 1.5242 1.5839 80 200 120
-0.6452 -0.8048 -1.3411 80 200 120
-0.5807 -2.0253 1.6171 80 200 120
0.3577 -2.7698 1.5588 80 200 120
4.6414 -1.5255 1.7145 80 200 120
5.1071 -1.0298 1.4662 80 200 120
2.0797 -2.2819 -0.8522 80 200 120
0.6348 0.7604 1.6374 80 200 120
2.9058 -2.8571 -0.1032 80 200 120
-3.9314 -3.0821 1.0982 80 200 120
-1.4311 -2.3521 -0.8916 80 200 120
5.4515 -1.4778 -0.3955 80 200 120
0.1365 -1.8241 -1.4445 80 200 120
-1.1951 -0.5483 -0.9061 80 200 120
2.1072 -0.1447 -0.9353 80 200 120
6.1733 -2.6621 0.4352 80 200 120
1.1481 0.5849 1.5816 80 200 120
-0.5621 -1.5310 1.5811 80 200 120
5.5510 -1.8335 0.5462 80 200 120
0.6186 0.1028 1.5793 80 200 120
2.5638 0.4447 1.4871 80 200 120
-0.9182 -0.9887 1.5907 80 200 120
0.9677 -3.3782 1.0828 80 200 120
5.5029 -1.3588 1.0431 80 200 120
-0.2737 -0.1633 1.5854 80 200 120
1.1089 -2.6894 -1.4221 80 200 120
0.0593 -0.7596 -1.3115 80 200 120
-0.3237 -0.6526 1.5742 80 200 120
4.2898 1.0238 1.6489 80 200 120
0.5552 0.5678 1.5766 80 200 120
0.3563 0.1951 -0.3855 80 200 120
-1.3400 0.5676 0.1368 80 200 120
5.9080 -1.2564 0.1618 80 200 120
-3.9895 -2.9891 -0.7018 80 200 120
-0.6928 -3.2347 1.4007 80 200 120
0.3261 -3.5375 0.2895 80 200 120
0.0143 -2.9973 1.4043 80 200 120
-1.5043 -1.2086 1.5804 80 200 120
-1.7349 -0.8713 -0.7202 80 200 120
5.5312 -3.5630 -0.6280 80 200 120
5.0176 1.7666 1.4773 80 200 120
0.1974 -0.3543 -0.6679 80 200 120
-0.1338 -1.3341 -1.5769 80 200 120
0.2505 -0.1282 -0.5709 80 200 120
0.2577 -0.3912 -0.9227 80 200 120
-1.5928 -0.7134 -0.5979 80 200 120
2.9366 0.0978 0.8401 80 200 120
0.1239 -1.1754 -1.4489 80 200 120
-0.4921 -3.2873 1.0225 80 200 120
-0.5629 -1.2353 -0.5368 80 200 120
-0.2615 -1.1089 -0.5344 80 200 120
4.7478 0.7892 1.4250 80 200 120
2.4584 -2.8896 -0.2597 80 200 120
4.8784 0.6750 0.8944 80 200 120
-1.0864 -0.4507 -0.3912 80 200 120
2.8849 0.5011 1.0322 80 200 120
-1.8393 -0.1467 0.7036 80 200 120
-2.4359 -3.1510 0.5766 80 200 120
-2.7211 -0.7538 0.8156 80 200 120
1.9258 -3.2946 -0.8874 80 200 120
-0.9727 -1.8269 -0.7317 80 200 120
1.6040 -0.4983 -0.6000 80 200 120
3.0230 -0.8253 -0.8015 80 200 120
-2.0774 0.1798 0.7224 80 200 120
-2.0485 0.2085 0.5546 80 200 120
-2.0800 0.1721 -0.0740 80 200 120
-1.5368 -0.5431 -0.5423 80 200 120
2.4268 -2.0741 -0.5598 80 200 120
3.3545 -3.0459 -1.9269 80 200 120
-1.1336 -0.7314 -0.7940 80 200 120
3.7908 -4.1268 0.9181 80 200 120
0.3555 -2.0740 -0.9072 80 200 120
1.1831 -1.9221 -1.0886 80 200 120
-2.6404 -3.0025 0.0499 80 200 120
4.3939 -2.3682 0.0252 80 200 120
2.6149 -1.6397 -0.9311 80 200 120
2.3479 -12.3598 -2.7897 80 200 120
0.8303 -2.1901 -0.2543 80 200 120
-2.3808 -2.9051 -1.3545 80 200 120
2.5555 0.1817 0.9509 80 200 120
1.7948 -3.7269 0.4565 80 200 120
1.6022 -2.3847 1.6727 80 200 120
-2.2387 -3.2105 -0.3710 80 200 120
-1.7498 -3.2560 -0.6385 80 200 120
-1.8321 -0.0440 0.6081 80 200 120
0.1913 -2.2084 -0.9388 80 200 120
2.7936 0.9137 1.4703 80 200 120
3.7737 -4.6342 0.1834 80 200 120
1.9241 -3.5136 -0.0691 80 200 120
4.4140 -2.8441 -0.5060 80 200 120
1.8361 -2.3948 -1.7573 80 200 120
-1.0111 -0.6333 -0.5489 80 200 120
0.1584 -1.2312 -0.5624 80 200 120
-1.1912 -0.6591 -0.5523 80 200 120
-0.8445 -0.6778 -0.5819 80 200 120
1.5607 -2.5353 -1.7350 80 200 120
-0.2644 -2.8831 1.5925 80 200 120
0.9585 -2.3240 -1.2665 80 200 120
2.9644 -2.3023 -1.3354 80 200 120
-3.1447 -3.0453 1.5357 80 200 120
4.8434 -0.6821 0.6931 80 200 120
-1.1956 -3.6436 -0.5970 80 200 120
2.3362 0.2006 0.8868 80 200 120
2.8514 -0.0717 1.2914 80 200 120
2.1756 -3.0581 -0.6587 80 200 120
-1.8631 -0.0614 0.4185 80 200 120
-1.3388 -0.7134 -0.6173 80 200 120
-2.4540 0.0606 0.7800 80 200 120
0.6457 -2.8910 -0.5601 80 200 120
-0.5438 -0.7516 -0.6126 80 200 120
7.4652 -7.6681 -0.8012 80 200 120
3.1354 -2.4991 1.6644 80 200 120
1.2113 -1.5681 1.6144 80 200 120
2.4768 -3.1846 1.3030 80 200 120
-0.0913 -2.4561 1.5636 80 200 120
2.5091 -2.7297 1.6612 80 200 120
4.7361 -3.4490 1.2252 80 200 120
3.5790 -3.4420 1.2593 80 200 120
1.4678 -1.8232 1.5015 80 200 120
2.9345 -2.8002 1.5678 80 200 120
4.2533 -2.9793 1.6484 80 200 120
1.1673 -2.4748 1.5926 80 200 120
-1.6287 -3.1923 1.4489 80 200 120
-3.9498 -3.1085 1.1572 80 200 120
-1.8520 -0.0366 0.5941 80 200 120
-3.0186 -2.2385 1.6035 80 200 120
-1.4337 -2.9129 -0.6708 80 200 120
-2.7657 -3.1786 -0.0744 80 200 120
-3.9578 -2.9315 -0.7256 80 200 120
3.6884 -1.6340 -0.3286 80 200 120
2.2224 -3.5761 1.2549 80 200 120
4.1156 -2.1860 0.0084 80 200 120
-3.4750 -2.9400 1.5216 80 200 120
4.5536 -2.2612 1.4202 80 200 120
-0.3071 -3.2885 0.8067 80 200 120
0.3645 -2.1653 1.5395 80 200 120
5.2763 -3.2076 1.3994 80 200 120
-1.8757 -3.1579 -0.3444 80 200 120
-0.3161 -3.3222 0.3280 80 200 120
0.1339 -1.6994 -0.7714 80 200 120
-0.9960 -2.3837 -0.6178 80 200 120
-4.0575 -2.9196 1.5234 80 200 120
0.3039 -2.3553 -1.0140 80 200 120
0.0367 0.1110 1.5998 80 200 120
-3.4436 -3.1470 -0.5213 80 200 120
0.3167 -3.4483 -0.6115 80 200 120
5.6345 -1.8576 0.6900 80 200 120
-3.8613 -3.0629 0.8125 80 200 120
2.4526 -2.0822 -0.5920 80 200 120
0.5921 0.1250 1.5618 80 200 120
0.9228 -3.1954 1.4524 80 200 120
-0.7752 -1.8290 1.6144 80 200 120
0.4383 -3.6037 0.1005 80 200 120
0.8876 -3.2928 0.1694 80 200 120
-0.6705 -3.1179 -0.6350 80 200 120
-1.2131 -3.2426 1.4302 80 200 120
-2.0331 -3.2178 0.9336 80 200 120
-1.9550 1.2075 1.6228 80 200 120
-1.0172 -1.3557 -0.5613 80 200 120
-2.8774 -2.3547 -1.1540 80 200 120
-4.3295 -2.9783 0.3412 80 200 120
-4.4573 -2.2676 1.3986 80 200 120
2.2775 -0.0644 1.4302 80 200 120
-3.8695 -2.2374 1.5867 80 200 120
1.3123 -4.7098 -1.1972 80 200 120
-1.7262 -0.5064 -0.5007 80 200 120
3.8004 -2.4775 0.1044 80 200 120
4.9696 -2.3619 0.6621 80 200 120
4.6425 -2.4040 -0.0119 80 200 120
4.9870 -2.9205 0.7209 80 200 120
3.8468 -2.5065 -0.3163 80 200 120
-4.0743 -3.1515 -0.7263 80 200 120
-3.2810 -3.1153 -0.9769 80 200 120
3.2012 -4.2223 0.0146 80 200 120
-2.0389 -2.7373 -1.0261 80 200 120
1.0724 -3.6475 -0.2486 80 200 120
-3.0094 -3.1121 -0.0436 80 200 120
0.0281 -2.3987 1.5791 80 200 120
0.8788 -3.3841 0.6980 80 200 120
5.1564 -1.6787 0.6496 80 200 120
-4.4894 -2.8965 -0.2382 80 200 120
-4.5416 -2.5081 1.1354 80 200 120
-2.4944 -3.1330 1.5240 80 200 120
1.9916 -1.7244 1.5900 80 200 120
2.7597 -2.9885 1.4536 80 200 120
-0.0593 -1.8901 1.5670 80 200 120
0.0346 -3.3901 0.0512 80 200 120
4.0935 -1.9468 1.7738 80 200 120
1.3268 -2.4074 -0.2766 80 200 120
2.9390 -2.0238 -0.1195 80 200 120
-0.5993 -1.1438 -0.5665 80 200 120
4.3936 -2.3928 0.0791 80 200 120
-2.2556 -3.2442 -0.3804 80 200 120
-1.3341 -3.3104 1.1418 80 200 120
-4.4625 -2.0141 -0.5147 80 200 120
2.2884 -3.5932 -0.8986 80 200 120
-3.6027 -2.9424 -1.2798 80 200 120
-1.1821 -2.7494 -0.6447 80 200 120
-2.8601 -0.5129 0.3783 80 200 120
1.4861 -3.4142 1.3545 80 200 120
-0.1974 -2.7004 -0.6316 80 200 120
0.2947 -3.1708 -0.2127 80 200 120
-1.9224 1.1778 1.5853 80 200 120
-2.8938 -2.3651 -1.0709 80 200 120
-1.0037 -1.3316 -0.5526 80 200 120
-1.7498 -3.2258 -0.6914 80 200 120
3.4389 -3.7448 -0.7888 80 200 120
-2.9485 -3.2418 1.3509 80 200 120
1.7598 -2.6228 -0.6656 80 200 120
-4.1194 -0.9343 1.5741 80 200 120
-1.4310 -2.7016 -0.6356 80 200 120
9.9184 -8.5753 -0.5541 80 200 120
0.2689 -2.7894 -1.1924 80 200 120
4.4856 -1.6940 1.2713 80 200 120
1.6339 -4.8237 -2.0088 80 200 120
0.4923 -3.8925 -0.6692 80 200 120
-0.8542 -2.5981 1.5642 80 200 120
-4.5927 -3.1241 -1.5233 80 200 120
-3.9030 -0.6769 1.6240 80 200 120
-0.4027 -0.9638 1.5762 80 200 120
-2.0539 -1.9266 1.6137 80 200 120
-0.5363 -3.3788 0.5476 80 200 120
-4.4929 -1.2568 0.5707 80 200 120
-4.5087 -0.7580 0.9911 80 200 120
-2.3196 -0.0378 1.1503 80 200 120
-2.0320 -0.1001 0.4665 80 200 120
4.4051 -3.2650 1.3424 80 200 120
0.9661 -2.3584 -0.3857 80 200 120
-0.7869 -2.5743 -0.6001 80 200 120
-2.2757 -0.0278 0.9401 80 200 120
0.7132 -2.9729 -0.5544 80 200 120
-1.4177 -3.3380 -0.2426 80 200 120
-4.4143 -0.9504 0.1547 80 200 120
-1.5761 -2.9095 1.5937 80 200 120
-2.3526 -2.4874 -0.9944 80 200 120
-1.9858 -3.2794 -0.3508 80 200 120
0.2309 -3.1952 -0.5557 80 200 120
-2.8744 1.4670 1.5752 80 200 120
-1.9324 1.1595 1.5787 80 200 120
-2.5539 -3.2747 -0.8108 80 200 120
-2.1983 0.3183 1.1012 80 200 120
-3.2100 -1.0891 1.5997 80 200 120
2.6574 -3.2379 0.9432 80 200 120
-2.2680 -0.0381 1.3594 80 200 120
-0.1554 -1.3120 1.5574 80 200 120
0.4494 -1.3713 1.5813 80 200 120
-1.0343 -1.6109 1.5190 80 200 120
-0.6382 -1.1292 1.5735 80 200 120
-1.0668 -3.0790 -0.6916 80 200 120
-0.0962 -2.8452 -0.6857 80 200 120
-2.8581 -2.8603 -1.0895 80 200 120
-2.0128 -0.0947 1.5094 80 200 120
-1.8453 -1.9541 -0.8136 80 200 120
-1.0618 -3.2522 0.0227 80 200 120
-4.1069 -3.1506 -0.5166 80 200 120
-1.2453 -2.8128 -0.5541 80 200 120
-3.4028 -3.2107 -0.4969 80 200 120
-1.7993 -3.3213 1.1413 80 200 120
-0.3961 -3.2297 1.5703 80 200 120
-1.8631 0.0093 1.6539 80 200 120
-4.0728 -0.2049 1.4706 80 200 120
1.0026 -3.4970 -0.3337 80 200 120
-2.7955 -2.6735 1.6399 80 200 120
-4.4631 -1.2403 0.7933 80 200 120
0.9595 -2.6884 -0.1968 80 200 120
3.0886 -3.7132 1.3577 80 200 120
-1.1296 0.3353 1.6232 80 200 120
-2.0089 0.2062 1.2938 80 200 120
-1.4471 -2.6925 -0.6624 80 200 120
-0.9972 -1.4877 -0.6179 80 200 120
1.0359 -3.0188 -0.3490 80 200 120
-1.9468 1.2185 1.6374 80 200 120
-3.0350 1.6302 1.7223 80 200 120
-2.2563 0.4267 1.1307 80 200 120
-2.1779 0.3561 0.6856 80 200 120
1.3729 -1.8121 1.5752 80 200 120
0.7181 -2.9620 -0.5885 80 200 120
-4.4718 -0.8848 0.5573 80 200 120
3.2125 -3.2162 1.2871 80 200 120
1.2319 -2.6974 -0.2380 80 200 120
-4.6162 -3.0572 -0.2279 80 200 120
-1.6604 -3.3203 -0.1969 80 200 120
3.3754 -3.3320 1.3243 80 200 120
-2.2623 0.4411 0.8004 80 200 120
-4.0438 -3.1571 -0.7231 80 200 120
0.4328 -3.4591 1.0893 80 200 120
-1.4715 -2.7840 -0.6497 80 200 120
-0.1547 -2.6503 -0.6446 80 200 120
-0.5376 -3.3378 -0.7135 80 200 120
-0.3337 -3.1076 -0.6812 80 200 120
-1.0090 -2.7909 -0.6913 80 200 120
-0.8351 -3.3276 -0.7288 80 200 120
-1.2574 -2.7434 -0.6554 80 200 120
1.0596 -3.0446 -0.3418 80 200 120
-1.9714 -3.2904 -0.3538 80 200 120
2.7944 -2.9303 1.5831 80 200 120
-0.6455 -2.5378 1.5694 80 200 120
-0.5816 -2.0683 1.5668 80 200 120
0.3899 -2.9046 1.6151 80 200 120
-4.4782 -1.0186 0.1771 80 200 120
-4.3696 -0.3961 1.3380 80 200 120
-3.0097 0.3533 1.1062 80 200 120
-0.5298 -1.5856 1.5349 80 200 120
-0.8781 -1.0219 1.5115 80 200 120
1.0230 -3.4725 1.0834 80 200 120
-4.5889 -3.0731 -0.2021 80 200 120
-0.1630 -2.7338 -0.6256 80 200 120
-1.5452 -3.1579 -0.6528 80 200 120
-1.5928 -2.8983 -0.6577 80 200 120
-1.2184 -2.8699 -0.6893 80 200 120
-0.8291 -2.7376 -0.6142 80 200 120
-4.6468 -2.7894 -0.0462 80 200 120
-4.2591 -3.0796 0.3087 80 200 120
2.8863 -3.0555 1.6155 80 200 120
-4.3379 2.6042 1.6607 80 200 120
-4.4642 -0.7836 0.9429 80 200 120
-4.3197 -0.9268 0.5145 80 200 120
-0.6636 -3.3761 1.4473 80 200 120
0.3261 -3.4619 0.2558 80 200 120
0.0691 -3.3373 1.5984 80 200 120
-1.4873 -1.2827 1.5496 80 200 120
-1.6347 -2.9885 -0.6689 80 200 120
-0.3713 -2.4422 -0.5641 80 200 120
-0.4981 -2.4135 -0.5662 80 200 120
-1.9399 1.1721 1.6261 80 200 120
-4.4566 -1.0196 0.1743 80 200 120
-1.8737 0.1140 0.4163 80 200 120
-2.4865 0.0876 0.1038 80 200 120
-3.0541 1.6232 1.7110 80 200 120
-4.4403 -2.5591 1.0673 80 200 120
-0.4571 -3.3816 1.0131 80 200 120
-0.7211 -2.7771 -0.6079 80 200 120
-4.5084 -3.0366 -0.2336 80 200 120
-2.4007 -3.2535 0.5814 80 200 120
-4.4392 0.6522 0.5041 80 200 120
-3.7433 -3.1973 -1.1318 80 200 120
-2.7867 -3.1785 0.1855 80 200 120
-0.1694 -2.7242 -0.6097 80 200 120
-1.2369 -2.6009 -0.6079 80 200 120
-0.3242 -2.2205 -0.5428 80 200 120
-1.8757 -0.2181 1.4160 80 200 120
-4.0469 2.3758 1.5714 80 200 120
-2.6203 0.8071 1.0154 80 200 120
-3.8858 -3.1788 -1.4979 80 200 120
-3.3650 -3.2270 -1.4412 80 200 120
-2.0428 0.3111 0.3801 80 200 120
-3.4719 -2.3792 -1.2230 80 200 120
-3.4308 0.2354 0.2914 80 200 120
-4.3073 -2.8445 -0.3770 80 200 120
-2.8112 -3.4468 -1.5814 80 200 120
-0.8921 -3.0719 -0.6290 80 200 120
-1.4767 -2.5664 -1.1298 80 200 120
-1.8839 1.1039 1.5530 80 200 120
-3.9149 -3.0926 -0.7609 80 200 120
-2.9711 1.5410 1.6538 80 200 120
-2.9751 0.2869 1.4783 80 200 120
-2.1082 -3.1720 -0.3575 80 200 120
-3.1374 -2.0554 -1.4954 80 200 120
-3.1344 -2.8776 -1.6557 80 200 120
-4.1473 -2.9880 -1.3893 80 200 120
-4.8003 0.9750 1.2359 80 200 120
-1.1557 -2.8518 -0.5909 80 200 120
-4.1499 -2.6499 0.2790 80 200 120
-1.7145 -0.0601 0.4141 80 200 120
-4.7953 3.3502 1.5141 80 200 120
-3.2888 -3.0822 -0.4027 80 200 120
-0.1646 -2.8172 -0.6124 80 200 120
-1.2394 -2.7120 -0.5782 80 200 120
3.3620 -3.3200 1.2761 80 200 120
-2.7011 -3.0953 -1.3902 80 200 120
-0.1880 -2.7607 1.4126 80 200 120
-3.0916 -3.0829 1.5198 80 200 120
-1.1255 -3.6340 -0.7417 80 200 120
-1.3858 -2.5835 -0.6168 80 200 120
-3.3833 -2.3191 -1.2359 80 200 120
-3.3061 -2.9294 -1.7263 80 200 120
-1.5084 -5.7093 -0.9711 80 200 120
-1.9213 -5.8134 -0.9760 80 200 120
2.4404 -3.5186 1.1206 80 200 120
3.0692 -3.4490 1.3403 80 200 120
-4.2052 -0.2456 1.0872 80 200 120
-3.4240 -1.6966 1.5556 80 200 120
-0.0607 -2.4150 1.4710 80 200 120
-1.6228 -3.2202 1.4789 80 200 120
-3.9256 -3.1285 1.0665 80 200 120
-2.8824 -2.2247 1.5234 80 200 120
-2.6579 -3.1616 -0.0893 80 200 120
-3.3766 -2.9659 1.4765 80 200 120
-3.8283 -3.0342 -1.3680 80 200 120
-4.0220 -2.8141 -1.3042 80 200 120
-4.4594 0.8530 1.1116 80 200 120
-1.4227 -1.1899 -0.5101 80 200 120
-0.2735 -3.3254 0.8093 80 200 120
0.3994 -2.1438 1.4248 80 200 120
-0.3003 -3.3433 0.3070 80 200 120
-3.6480 -2.8313 1.3114 80 200 120
-3.6758 -3.0264 0.6502 80 200 120
0.9699 -3.2572 1.4517 80 200 120
-3.9601 0.4895 0.4093 80 200 120
-2.8591 0.3982 0.1440 80 200 120
-4.0252 -2.3029 -1.6500 80 200 120
-6.5999 0.7895 -0.0265 80 200 120
-2.0099 1.2651 1.6669 80 200 120
-4.2842 -0.9962 0.1911 80 200 120
-2.2262 1.6950 1.2299 80 200 120
-0.6269 -1.8036 1.3665 80 200 120
-1.1538 -3.2301 1.3677 80 200 120
-2.1336 -3.3105 0.9878 80 200 120
-4.3135 -2.2901 1.3170 80 200 120
-3.5132 -2.2214 1.4135 80 200 120
-2.7571 -3.0337 -0.1082 80 200 120
-1.7614 -2.7463 -0.6614 80 200 120
-0.4311 -3.0162 -0.6544 80 200 120
-4.3255 -1.6051 1.0864 80 200 120
-3.2690 1.8490 1.6114 80 200 120
-1.4399 -3.1175 -0.6237 80 200 120
-3.0403 -2.9565 -1.3664 80 200 120
-4.4952 -2.0925 -0.3949 80 200 120
-0.9901 -2.5489 -0.6324 80 200 120
-3.3983 -3.1439 -0.4975 80 200 120
-1.7211 0.2041 1.5082 80 200 120
0.1033 -2.3067 1.3058 80 200 120
-2.3808 -3.0908 1.4558 80 200 120
0.0462 -3.5438 -1.2004 80 200 120
-3.4791 -2.1980 -1.2294 80 200 120
-1.4930 -2.4989 -1.2984 80 200 120
-4.4477 -2.0210 -1.4120 80 200 120
1.3533 -3.2705 1.3614 80 200 120
-0.0522 -1.8482 1.5558 80 200 120
-1.1823 -3.1544 0.9808 80 200 120
3.7896 -3.6286 1.4799 80 200 120
-3.6727 -3.1153 -1.0479 80 200 120
-1.9003 -1.1864 1.3984 80 200 120
-0.2371 -2.9427 -0.6337 80 200 120
-0.6260 -2.5806 -0.6317 80 200 120
-3.7750 1.8082 1.7036 80 200 120
2.9989 -3.3287 0.9294 80 200 120
3.0170 -3.6719 1.3969 80 200 120
-3.3520 -3.4011 1.5859 80 200 120
1.3096 -2.3756 -0.2608 80 200 120
2.9407 -2.9486 1.6950 80 200 120
2.3056 -3.6065 1.3596 80 200 120
-1.4140 -1.7523 1.4397 80 200 120
-1.2478 -0.0664 1.5907 80 200 120
1.6743 -3.2639 1.4446 80 200 120
1.2555 -2.7264 -0.1910 80 200 120
-3.7228 -2.8306 -1.3163 80 200 120
-3.6633 0.2495 1.2236 80 200 120
-1.2602 -2.6669 -0.6138 80 200 120
-1.0088 -3.1043 -0.6859 80 200 120
-1.0188 0.1520 1.5198 80 200 120
-0.8154 -3.2443 -0.3343 80 200 120
-3.8746 -0.9819 1.4488 80 200 120
-1.1247 -2.4219 1.3244 80 200 120
2.7556 -3.2077 1.7127 80 200 120
-2.2925 -1.2224 1.4324 80 200 120
-0.2582 -0.7617 1.3123 80 200 120
-0.8398 -0.4347 1.5672 80 200 120
-0.9610 -3.4537 -0.6584 80 200 120
4.1978 -3.7619 1.1810 80 200 120
-0.5191 -2.6376 1.6399 80 200 120
-2.9174 -0.2374 1.4868 80 200 120
1.8645 -3.4073 0.4079 80 200 120
-3.8917 -1.0303 0.0884 80 200 120
-4.4218 -1.1534 -0.0956 80 200 120
4.0229 -3.0847 1.4188 80 200 120
1.3601 -2.6818 -0.1555 80 200 120
-3.8358 -1.9627 0.6190 80 200 120
-1.3663 -3.1477 0.4951 80 200 120
-0.8761 -2.5585 1.5908 80 200 120
-0.3621 -0.9495 1.4634 80 200 120
-2.0457 -1.8720 1.6022 80 200 120
-0.4571 -3.1958 0.4745 80 200 120
4.4985 -3.4277 1.2409 80 200 120
-2.0848 -2.0146 1.3944 80 200 120
-2.4218 -1.6930 1.6219 80 200 120
-2.4944 -0.7942 1.3333 80 200 120
6.6470 -4.3076 1.7283 80 200 120
3.2926 -3.2546 0.3724 80 200 120
1.9384 -1.5444 1.4816 80 200 120
3.3095 -2.2000 1.5368 80 200 120
-4.0153 -2.6017 -0.1013 80 200 120
-1.5290 -3.3671 -0.2098 80 200 120
5.3623 -2.6181 0.8363 80 200 120
5.2461 -3.2454 0.9343 80 200 120
-4.5607 -3.1699 0.4225 80 200 120
-0.9881 -0.4782 1.5154 80 200 120
-0.1249 -1.5790 1.4161 80 200 120
-2.3784 -2.3491 1.6155 80 200 120
0.5189 -3.0827 1.5670 80 200 120
1.2941 -2.4210 -0.2182 80 200 120
1.9648 -2.8674 0.0042 80 200 120
4.4754 -3.4152 0.2831 80 200 120
-0.3657 -3.3993 1.4660 80 200 120
0.0043 -3.3377 1.2225 80 200 120
-1.8578 -1.5068 1.5056 80 200 120
-0.6854 -3.2119 -0.6597 80 200 120
1.1870 -2.6404 -0.2045 80 200 120
-0.9985 -3.2863 -0.6509 80 200 120
-1.1246 -2.7100 -0.6131 80 200 120
-1.5529 -0.8883 1.5169 80 200 120
2.9977 -2.1932 1.5897 80 200 120
-1.9511 -3.0270 1.9438 80 200 120
3.4012 -2.6017 -0.0399 80 200 120
3.4258 -3.5273 0.3311 80 200 120
4.5029 -2.8072 1.2472 80 200 120
1.2723 -2.6353 -0.5390 80 200 120
3.8551 -2.4822 1.3286 80 200 120
1.2165 -2.7367 1.5182 80 200 120
5.1346 -2.7631 0.5843 80 200 120
1.1238 -3.1493 -0.5683 80 200 120
1.6268 -3.3887 0.9134 80 200 120
3.0620 -1.3722 1.3249 80 200 120
1.9405 -1.3859 1.5058 80 200 120
-5.3736 -2.6428 1.3840 80 200 120
4.5133 -2.3323 1.1935 80 200 120
1.9172 -1.6947 1.6422 80 200 120
3.9496 -2.1046 0.3260 80 200 120
0.3011 -2.2958 1.5100 80 200 120
1.2540 -2.6262 -0.4218 80 200 120
4.7352 -3.1817 2.0489 80 200 120
0.3594 -1.8287 1.3135 80 200 120
1.5402 -3.4760 0.4182 80 200 120
-0.1680 -1.2729 1.5596 80 200 120
-1.0235 -1.5891 1.5358 80 200 120
-0.4086 -1.1890 1.2387 80 200 120
-1.6091 -3.1755 1.0155 80 200 120
-0.3188 -3.0605 1.4514 80 200 120
2.6851 -0.1045 1.6052 80 200 120
5.9207 -2.1516 0.4361 80 200 120
4.3443 -2.1864 -0.3844 80 200 120
4.1369 -1.7694 0.0524 80 200 120
2.4743 -2.2552 1.7543 80 200 120
2.8479 -3.5771 0.8381 80 200 120
3.8905 -1.3421 1.6248 80 200 120
4.6391 -2.4693 0.8643 80 200 120
3.8068 -3.1034 1.2047 80 200 120
2.2789 -0.9691 1.3946 80 200 120
2.0897 -2.3082 -0.3441 80 200 120
-0.4370 -1.3125 1.6258 80 200 120
1.7111 -3.3859 0.2630 80 200 120
1.7776 -2.5741 1.7820 80 200 120
2.5360 -3.3376 1.2975 80 200 120
-0.0533 -2.5098 1.3367 80 200 120
4.5687 -1.7899 2.0200 80 200 120
4.2835 -1.8349 1.0444 80 200 120
-0.6173 -3.2938 0.8940 80 200 120
-0.8461 -1.9733 1.6328 80 200 120
2.3500 -2.1309 -0.4308 80 200 120
4.0605 -1.6584 1.0905 80 200 120
3.6668 1.1557 2.4958 80 200 120
3.7788 -0.1171 1.4072 80 200 120
3.9093 0.2745 1.4477 80 200 120
4.4232 -1.0730 0.0598 80 200 120
4.0926 -1.0403 0.3255 80 200 120
4.5922 -1.1851 1.0296 80 200 120
4.9515 -1.5331 0.5900 80 200 120
3.3832 -1.7855 1.7197 80 200 120
1.5178 -1.9199 1.5692 80 200 120
4.1438 -1.0574 1.5721 80 200 120
5.0414 -2.0874 -0.7671 80 200 120
-1.0310 -2.1757 1.3494 80 200 120
3.4923 -2.3682 -0.1434 80 200 120
4.8077 -1.0033 1.3998 80 200 120
6.9495 0.1008 2.3472 80 200 120
6.0025 0.0154 1.1641 80 200 120
2.2189 -3.2455 0.9033 80 200 120
3.4923 -2.3740 -0.9843 80 200 120
3.2570 -1.4055 1.4306 80 200 120
5.2065 -1.8615 -0.4168 80 200 120
3.9051 -0.2789 2.0876 80 200 120
0.3442 -3.2602 0.2079 80 200 120
-0.1285 -3.3209 0.2975 80 200 120
3.8561 -1.6352 -0.3937 80 200 120
3.8734 -2.4164 -1.3976 80 200 120
4.6737 -2.0599 -1.4022 80 200 120
5.0049 -1.2081 -0.4038 80 200 120
5.0147 0.1317 0.3377 80 200 120
4.1264 -2.3099 -1.3320 80 200 120
3.7609 0.6004 1.6110 80 200 120
2.8554 -2.4907 -1.0527 80 200 120
2.8049 -2.5344 -0.8596 80 200 120
4.5374 -1.2112 0.4737 80 200 120
1.1848 -2.6294 -0.2021 80 200 120
5.7280 1.2116 1.7865 80 200 120
1.2539 -2.5858 -0.2308 80 200 120
4.6013 0.1071 1.3045 80 200 120
1.3595 -0.3606 1.2690 80 200 120
6.0178 0.4114 0.0082 80 200 120
2.6610 -2.2956 1.5055 80 200 120
2.5158 -2.4711 -1.0030 80 200 120
3.5055 -0.5814 1.0922 80 200 120
5.3056 -2.4854 0.4113 80 200 120
1.2591 -2.6171 -0.5166 80 200 120
1.6969 -2.9876 0.0919 80 200 120
3.4850 -2.7594 1.5965 80 200 120
3.2163 -3.3038 1.7769 80 200 120
1.6314 -2.1330 1.5252 80 200 120
0.5578 -3.4273 0.6323 80 200 120
2.6855 -2.3695 -1.4132 80 200 120
2.8178 -2.3365 -1.3587 80 200 120
2.8727 -2.3314 -1.3289 80 200 120
4.5250 -1.0941 -1.3272 80 200 120
5.4879 1.3469 0.5208 80 200 120
4.9831 1.4315 0.9879 80 200 120
2.9127 -2.4088 -0.6062 80 200 120
6.5321 0.5718 2.4454 80 200 120
4.7420 -2.6210 -0.8049 80 200 120
4.7092 -0.7460 1.2824 80 200 120
3.1467 -2.3957 -1.2204 80 200 120
2.8203 -3.3240 0.2438 80 200 120
1.8765 -0.5599 1.4505 80 200 120
2.0269 -3.2478 0.2165 80 200 120
0.3487 -3.2961 0.6031 80 200 120
5.3235 -1.2840 0.1641 80 200 120
4.8475 -0.5640 -0.1080 80 200 120
4.5579 -2.7645 0.9201 80 200 120
2.7827 -2.3901 -0.1299 80 200 120
5.7678 3.1414 1.8000 80 200 120
4.6131 -3.4093 0.4022 80 200 120
1.2770 -2.3983 -0.2344 80 200 120
2.4313 -2.4387 -0.3135 80 200 120
4.2151 -1.8834 -1.0501 80 200 120
3.1552 0.3266 1.0182 80 200 120
3.1278 -0.4142 1.4441 80 200 120
2.4237 -2.5772 -0.2342 80 200 120
2.9567 -2.4707 -0.3514 80 200 120
4.7488 -2.5793 -0.4632 80 200 120
2.6094 -0.7168 1.3842 80 200 120
3.9817 -1.8378 -1.5304 80 200 120
3.6574 -1.7976 -1.7048 80 200 120
4.4040 -1.1675 -1.6151 80 200 120
5.5455 1.9051 0.2353 80 200 120
4.5062 -0.9546 -1.6033 80 200 120
2.6094 2.0563 1.5495 80 200 120
2.7063 0.8472 0.5135 80 200 120
4.6515 0.4298 0.7168 80 200 120
4.3133 -0.6973 0.3028 80 200 120
2.8049 -2.8152 -0.0442 80 200 120
2.5728 -2.4807 -1.3254 80 200 120
2.6172 0.4336 0.8436 80 200 120
4.1095 -0.4285 1.9310 80 200 120
2.5815 0.5296 1.0956 80 200 120
4.9159 -0.6246 -1.4529 80 200 120
5.6951 0.0191 -1.5455 80 200 120
5.2426 -0.3206 1.1949 80 200 120
4.8076 -1.4299 -1.3738 80 200 120
3.1429 0.6455 0.7912 80 200 120
2.7261 0.2358 1.0345 80 200 120
3.6344 -1.5344 -1.4709 80 200 120
2.0732 -0.2957 1.5160 80 200 120
1.4443 0.8131 1.8260 80 200 120
2.6245 1.1938 1.2737 80 200 120
3.3188 -0.6141 -0.3866 80 200 120
5.4180 1.8081 1.5370 80 200 120
2.9402 0.9078 1.9323 80 200 120
1.0599 0.7568 1.5391 80 200 120
0.2952 -3.6531 1.4081 80 200 120
2.3491 2.3120 1.2968 80 200 120
3.6482 -1.0044 -1.5195 80 200 120
2.8622 0.3195 -0.2660 80 200 120
2.9780 -0.4934 -1.1198 80 200 120
2.6448 0.7199 -0.2087 80 200 120
3.1879 -1.3908 -1.5337 80 200 120
2.7801 1.0616 0.1155 80 200 120
2.0189 2.8301 1.6699 80 200 120
2.6578 3.0060 1.0987 80 200 120
4.0060 -0.1643 -1.4289 80 200 120
4.5444 -1.6790 -1.3476 80 200 120
4.0040 1.8960 0.6997 80 200 120
4.4094 0.0679 -0.7336 80 200 120
3.9985 0.7657 1.3290 80 200 120
3.7374 0.1266 -0.2764 80 200 120
2.6987 0.9303 0.8887 80 200 120
1.4792 -0.2265 1.5551 80 200 120
4.5638 2.3556 0.3291 80 200 120
4.2042 -0.4185 -1.5450 80 200 120
3.4810 -1.7204 0.4886 80 200 120
3.6652 -2.1092 -1.5138 80 200 120
3.0796 -2.2502 -0.4697 80 200 120
2.5845 3.2680 0.3826 80 200 120
4.7262 -2.0222 -1.4264 80 200 120
2.7255 1.7231 0.7853 80 200 120
4.9813 0.0328 -1.3463 80 200 120
2.6559 1.7998 0.9716 80 200 120
0.3155 -2.3325 1.1522 80 200 120
2.1060 0.5770 1.4606 80 200 120
-0.0443 0.1531 1.5111 80 200 120
0.3490 1.6655 1.5560 80 200 120
2.1449 2.3905 -0.8699 80 200 120
-0.0627 1.4547 1.5946 80 200 120
1.2364 3.1050 0.0968 80 200 120
4.6035 -2.5373 -0.2131 80 200 120
0.3368 3.5032 1.5946 80 200 120
2.9063 -0.7155 -0.9817 80 200 120
2.0639 -0.1435 -0.4007 80 200 120
0.6117 0.0787 1.4763 80 200 120
2.6742 -0.3162 -0.3734 80 200 120
0.6717 1.6469 1.6327 80 200 120
1.5561 3.3673 0.9396 80 200 120
2.1672 3.2037 1.2779 80 200 120
4.2891 -0.0151 -0.1040 80 200 120
4.7129 -0.3127 -1.6303 80 200 120
2.0219 0.8857 -1.0707 80 200 120
-0.1174 3.1350 1.0454 80 200 120
0.2736 3.1274 0.2620 80 200 120
1.6930 2.2138 -1.1153 80 200 120
3.0059 -0.7804 -1.3437 80 200 120
2.3549 -0.6354 -1.0075 80 200 120
2.6501 0.3805 -0.2451 80 200 120
2.8977 -0.6502 -1.1706 80 200 120
1.7934 1.4012 -0.5334 80 200 120
2.7433 -0.6112 -1.0806 80 200 120
2.2049 -3.1358 0.7837 80 200 120
3.5352 0.2800 -0.3101 80 200 120
0.8325 3.2047 1.4743 80 200 120
1.5554 3.2617 1.4656 80 200 120
3.5946 -0.5551 -1.5170 80 200 120
2.2565 3.0092 0.6180 80 200 120
-0.5993 1.8815 1.4749 80 200 120
1.6027 2.1824 -0.8843 80 200 120
2.0392 0.6240 -0.7347 80 200 120
-0.7051 3.4187 1.2952 80 200 120
0.9699 1.8292 1.5427 80 200 120
1.9425 -0.0018 -1.2748 80 200 120
-1.7790 3.4133 1.5215 80 200 120
1.9736 1.5478 -1.4931 80 200 120
0.7979 2.7557 -0.8965 80 200 120
-1.1941 3.0750 0.4818 80 200 120
1.3416 2.0558 -1.0827 80 200 120
1.1374 2.1177 -1.3985 80 200 120
1.0649 2.0798 -1.0529 80 200 120
1.9960 0.2475 -1.1316 80 200 120
1.5523 1.8626 -1.3732 80 200 120
1.9761 2.0892 -1.3423 80 200 120
4.6409 -3.1884 1.0106 80 200 120
3.5792 -3.1579 0.1347 80 200 120
4.8663 -0.3285 -1.3217 80 200 120
5.0484 1.0198 0.3936 80 200 120
2.6959 0.3566 1.5833 80 200 120
-0.4247 3.4467 0.7378 80 200 120
2.0328 -0.1830 -0.6740 80 200 120
1.4934 1.1395 -1.4385 80 200 120
0.2031 2.4954 -1.3257 80 200 120
-2.5422 3.3481 1.3839 80 200 120
-2.5152 3.4900 1.0379 80 200 120
0.1291 0.6560 -0.4354 80 200 120
-2.0645 1.1307 1.6877 80 200 120
-4.7840 4.1517 2.1059 80 200 120
-0.3195 2.9362 -1.3291 80 200 120
3.8222 -0.2309 -1.4484 80 200 120
5.0537 0.6429 -1.4845 80 200 120
-1.1679 3.3493 1.6344 80 200 120
-0.5279 3.1785 -0.9778 80 200 120
1.4375 0.5545 1.5670 80 200 120
5.0556 -1.6734 -1.4863 80 200 120
-1.7327 3.2800 0.1387 80 200 120
-0.7809 3.2711 -0.1287 80 200 120
2.6413 1.0169 -0.3221 80 200 120
2.8309 -0.6963 -1.1280 80 200 120
-1.9185 3.3076 0.6328 80 200 120
-3.6754 3.3966 1.1594 80 200 120
-2.0850 -0.0028 1.5413 80 200 120
0.2518 3.0662 -0.9850 80 200 120
-1.2117 1.7419 -0.2520 80 200 120
3.2743 -0.5699 -0.3849 80 200 120
2.8824 -0.6684 -1.4535 80 200 120
1.9297 -0.0187 -1.3127 80 200 120
5.0566 2.6227 1.4357 80 200 120
5.4854 0.5421 -0.3485 80 200 120
1.5810 0.5320 -1.4391 80 200 120
1.6819 1.1719 -1.4610 80 200 120
5.2452 -1.6067 0.3229 80 200 120
-0.2847 0.2786 -0.4643 80 200 120
-1.6357 -0.2390 0.8040 80 200 120
0.6319 2.3249 -1.4849 80 200 120
-1.8857 0.2580 1.4682 80 200 120
-0.0433 0.3839 -0.4246 80 200 120
-2.4157 0.5301 1.1967 80 200 120
-1.9157 1.0415 1.5467 80 200 120
1.0819 0.7056 -1.4941 80 200 120
-3.6173 2.9565 0.3781 80 200 120
-2.5957 2.7219 1.6314 80 200 120
2.7730 -0.2433 -0.3528 80 200 120
-2.6335 3.3482 0.3862 80 200 120
4.7137 -0.3291 -1.2851 80 200 120
2.5048 -0.3693 -0.3439 80 200 120
-0.1037 1.8682 -1.5622 80 200 120
1.9550 0.1647 -0.4302 80 200 120
-3.8788 2.0864 1.4712 80 200 120
3.3189 -0.4951 1.3574 80 200 120
-2.8362 1.7094 -1.2964 80 200 120
-4.3898 2.1087 -1.3200 80 200 120
-1.0984 0.7088 -0.6779 80 200 120
-2.0121 -0.1098 1.2586 80 200 120
-2.5451 0.1015 1.0518 80 200 120
1.4716 2.0406 1.5482 80 200 120
2.7188 0.2763 0.4361 80 200 120
4.2562 2.8281 0.0572 80 200 120
-0.0218 1.0485 -0.9965 80 200 120
-0.6557 2.0646 -0.8264 80 200 120
-4.1233 2.8048 1.2119 80 200 120
-1.0376 -1.3915 1.4409 80 200 120
-3.0889 2.8430 -0.1581 80 200 120
1.3553 3.1307 -0.6082 80 200 120
5.4809 0.5107 -0.3578 80 200 120
4.9886 -0.3342 0.8094 80 200 120
-1.1960 -0.1395 1.5443 80 200 120
0.6058 2.4719 -1.5331 80 200 120
9.5371 4.3181 -3.0865 80 200 120
3.0534 -0.4349 -0.3764 80 200 120
2.2875 -0.0494 -0.3896 80 200 120
5.0345 -1.8248 1.4160 80 200 120
2.7365 -0.4159 -0.3589 80 200 120
4.6107 -2.2521 1.2926 80 200 120
-3.1150 1.8486 -0.7551 80 200 120
5.1581 -1.4462 1.1847 80 200 120
0.7948 0.0858 1.5590 80 200 120
-2.6982 -0.0522 -0.5744 80 200 120
-1.0715 -0.4303 -0.5704 80 200 120
-2.1609 -0.0452 1.4732 80 200 120
-1.2226 0.3155 1.5743 80 200 120
-2.4837 0.1148 1.0964 80 200 120
5.1510 2.6737 1.0000 80 200 120
-2.2933 0.3160 0.5892 80 200 120
-0.9952 3.2553 -1.5279 80 200 120
-0.2792 1.3490 -1.0307 80 200 120
0.4222 1.3336 -1.5681 80 200 120
-1.4540 3.3796 -0.9840 80 200 120
4.9462 3.3970 1.6480 80 200 120
1.1058 0.6490 -1.4665 80 200 120
-0.4175 -0.9587 1.5406 80 200 120
-0.4759 1.6116 -0.5634 80 200 120
-3.2676 1.3997 -1.2276 80 200 120
4.7702 -1.6211 1.0318 80 200 120
-0.2157 0.2031 -0.6919 80 200 120
4.8482 -1.5588 1.4160 80 200 120
1.0558 2.0090 -1.7022 80 200 120
2.9605 -0.5348 -0.3135 80 200 120
2.6844 -0.1832 -0.3561 80 200 120
2.8683 -0.4586 -0.3284 80 200 120
0.2029 0.0236 -1.1469 80 200 120
-0.6427 2.1533 -1.5764 80 200 120
1.1568 0.5259 -1.3959 80 200 120
3.0057 0.2030 1.4646 80 200 120
-0.1788 0.4948 -0.5244 80 200 120
-3.6357 -0.7777 1.4268 80 200 120
0.4772 1.8761 -1.5484 80 200 120
2.5406 0.2611 -0.3649 80 200 120
2.2268 0.6827 -0.3873 80 200 120
4.3327 2.2926 1.2711 80 200 120
2.9587 0.1618 -0.2859 80 200 120
5.1922 -1.6429 1.3040 80 200 120
1.1746 3.1988 1.2551 80 200 120
2.3294 0.1487 -0.3652 80 200 120
2.9089 0.3661 1.3499 80 200 120
4.4808 1.4168 -0.1876 80 200 120
4.0850 2.8564 1.2304 80 200 120
-1.6285 1.0033 -1.2052 80 200 120
-3.0596 1.5843 -1.2015 80 200 120
-1.8486 2.5843 -0.4117 80 200 120
2.3935 0.2236 -0.3669 80 200 120
-0.6105 3.4106 0.2783 80 200 120
3.3305 -0.5079 -0.4102 80 200 120
5.0971 0.2987 -0.3445 80 200 120
-3.4982 1.3173 0.4562 80 200 120
0.9785 1.3462 -1.4972 80 200 120
4.8534 -2.3013 1.4446 80 200 120
2.9566 0.4260 0.9613 80 200 120
-2.8354 0.1202 0.3224 80 200 120
-1.7573 3.4202 -1.5010 80 200 120
3.2905 0.0310 -0.3042 80 200 120
-3.9435 -0.3581 1.2197 80 200 120
2.6444 0.1078 -0.2739 80 200 120
-0.0571 0.7255 -0.5232 80 200 120
2.8082 0.0128 -0.3486 80 200 120
5.1337 1.3027 -0.4974 80 200 120
2.2014 3.1245 0.0285 80 200 120
1.9070 2.6588 1.6066 80 200 120
3.6455 2.5132 0.5888 80 200 120
-3.2686 -0.7866 1.3546 80 200 120
5.2779 1.9336 -0.7166 80 200 120
2.8666 -0.1449 -0.3120 80 200 120
1.3527 2.1391 -0.7804 80 200 120
4.8669 0.8922 -1.3661 80 200 120
4.7110 2.3766 0.7856 80 200 120
3.3796 1.7551 0.1393 80 200 120
4.2399 2.8753 -0.3955 80 200 120
-0.4761 -0.9517 1.5493 80 200 120
-1.8104 3.1499 -1.3530 80 200 120
3.6983 -0.1487 -0.5869 80 200 120
5.1672 2.3264 -0.1876 80 200 120
2.2992 0.7802 -0.5150 80 200 120
5.0570 -1.8098 1.4341 80 200 120
-3.2219 -0.7823 1.3553 80 200 120
5.1687 0.3625 -0.3526 80 200 120
3.1459 0.3608 -0.3843 80 200 120
1.9481 3.0311 -0.5789 80 200 120
3.3689 1.5396 1.1977 80 200 120
5.0884 -0.6010 1.5023 80 200 120
-3.5402 3.8565 -0.2818 80 200 120
-3.8989 3.4617 -0.1207 80 200 120
0.7669 3.0081 -0.5332 80 200 120
0.3540 2.1465 -1.4003 80 200 120
1.2276 1.4922 -0.9187 80 200 120
5.1167 -1.5936 1.5683 80 200 120
2.3164 3.0404 -0.5680 80 200 120
3.1510 -0.5407 -0.3221 80 200 120
2.1432 0.7762 -0.5105 80 200 120
3.2796 -0.1622 -0.3992 80 200 120
-3.2450 2.8835 1.5716 80 200 120
0.3352 2.3993 -0.8251 80 200 120
1.6329 1.3254 -0.6707 80 200 120
3.8063 2.9056 -0.9028 80 200 120
3.1697 0.0366 -0.3633 80 200 120
2.8343 0.0783 -0.3509 80 200 120
-1.2662 1.5044 -0.7520 80 200 120
2.4519 0.8196 -0.5272 80 200 120
-3.5184 0.9347 0.3231 80 200 120
0.2117 3.3970 -0.1365 80 200 120
3.8827 -0.0560 1.4762 80 200 120
4.0281 0.3748 1.5338 80 200 120
4.9042 -0.9752 1.4447 80 200 120
3.4833 -0.6397 1.5283 80 200 120
1.3492 1.3262 -0.8416 80 200 120
-1.4066 3.2342 -1.3515 80 200 120
5.1983 2.9068 -0.5619 80 200 120
-4.2617 1.7873 0.6264 80 200 120
3.6869 0.4547 1.5276 80 200 120
5.1444 0.7548 1.4769 80 200 120
4.9611 0.3508 1.4697 80 200 120
4.0775 -0.1266 1.5202 80 200 120
5.0783 1.6945 -1.0616 80 200 120
-4.3753 2.2476 0.2160 80 200 120
-0.3651 0.8309 1.5256 80 200 120
3.4557 2.9581 -0.4404 80 200 120
1.8509 2.8139 0.0605 80 200 120
0.0411 2.4660 -1.4347 80 200 120
3.7145 1.0461 -0.6728 80 200 120
4.7023 2.2035 -1.2855 80 200 120
2.6569 1.4475 -0.5033 80 200 120
-0.5250 2.8469 -1.4100 80 200 120
-2.2156 2.7787 -0.8478 80 200 120
0.4607 3.2672 1.1260 80 200 120
-3.6969 3.2565 0.4495 80 200 120
-4.5042 3.1571 0.6866 80 200 120
0.9322 1.6707 -1.1734 80 200 120
5.1064 -1.6578 1.2316 80 200 120
5.0660 1.5270 1.0209 80 200 120
5.0604 -0.1747 1.5712 80 200 120
1.8728 -0.4628 1.5226 80 200 120
3.6228 1.2510 1.5597 80 200 120
3.2228 -0.3796 1.5540 80 200 120
2.6709 -0.5970 1.5380 80 200 120
0.9059 2.0987 -0.7953 80 200 120
5.0403 2.7878 -1.0805 80 200 120
2.1721 2.5827 -0.9926 80 200 120
3.5943 2.0366 -1.0749 80 200 120
4.0185 3.0936 0.0310 80 200 120
-4.2169 2.6999 -0.4977 80 200 120
5.0028 1.7042 0.5022 80 200 120
-0.8001 -0.9742 1.5528 80 200 120
1.9130 2.3944 -0.9477 80 200 120
-0.3158 2.8785 -0.9140 80 200 120
-0.5520 -1.2545 1.5877 80 200 120
5.1750 1.5114 0.2068 80 200 120
2.5472 0.5365 0.8824 80 200 120
2.6622 0.4383 0.4232 80 200 120
5.0813 0.7968 0.8561 80 200 120
3.7930 -0.5990 1.5540 80 200 120
2.5878 0.4284 1.0175 80 200 120
5.0673 -0.4058 1.1324 80 200 120
2.7691 0.2493 1.0359 80 200 120
2.0952 -0.2998 1.5263 80 200 120
2.5694 0.4414 0.9128 80 200 120
5.1779 1.5580 1.4302 80 200 120
-1.5698 2.1766 -0.7083 80 200 120
4.2782 2.9144 -0.8469 80 200 120
5.0449 -0.6425 1.4783 80 200 120
2.5965 0.7342 0.2168 80 200 120
2.0133 0.3680 -0.4374 80 200 120
4.8827 -0.8876 1.4564 80 200 120
4.7848 1.9688 0.6088 80 200 120
1.0164 0.8484 1.5708 80 200 120
2.5059 0.7253 0.7935 80 200 120
2.5786 0.7114 0.5300 80 200 120
4.5077 2.9624 0.9857 80 200 120
2.6377 0.4021 0.7313 80 200 120
1.4929 -0.2228 1.5329 80 200 120
4.8821 2.8856 0.4075 80 200 120
3.2749 2.8278 1.4624 80 200 120
3.8192 3.0845 -0.4953 80 200 120
5.1132 2.1134 -0.8076 80 200 120
2.4247 2.4396 -0.9363 80 200 120
2.9770 0.6182 -0.5790 80 200 120
2.5823 0.6493 0.6839 80 200 120
2.1558 0.5966 1.4381 80 200 120
1.0705 2.3421 -0.8206 80 200 120
3.5485 2.7560 -1.3021 80 200 120
2.8684 0.2883 1.5404 80 200 120
1.8031 3.0887 0.6694 80 200 120
3.8863 2.8741 -1.3310 80 200 120
3.3709 3.0320 -0.9753 80 200 120
4.0859 2.8991 -1.0708 80 200 120
-2.9300 3.5147 -0.9132 80 200 120
1.5356 2.3035 -0.9518 80 200 120
1.3544 2.3500 -0.7827 80 200 120
-0.1071 0.1922 1.5384 80 200 120
0.3379 1.6524 1.5418 80 200 120
-0.0119 1.3870 1.5452 80 200 120
1.1594 3.3156 0.1024 80 200 120
0.5274 2.9850 1.4382 80 200 120
0.4678 0.1684 1.5447 80 200 120
0.7490 1.5118 1.5482 80 200 120
1.7452 2.6103 0.8084 80 200 120
2.4429 1.1187 0.7559 80 200 120
4.4367 2.5844 -1.2837 80 200 120
2.9297 0.5313 1.1403 80 200 120
1.6492 2.4882 -1.1882 80 200 120
-0.2284 3.3325 1.0971 80 200 120
0.3144 3.0981 0.2640 80 200 120
1.3693 2.1433 1.1635 80 200 120
1.7979 2.4141 1.2161 80 200 120
2.4812 0.9719 0.3837 80 200 120
-0.6531 1.9506 1.5020 80 200 120
-0.6846 3.3466 1.2849 80 200 120
1.0189 1.7610 1.5071 80 200 120
-1.3294 3.2969 -1.3586 80 200 120
1.9001 2.4595 -0.9899 80 200 120
-1.8154 0.2479 1.4086 80 200 120
-3.8247 2.7042 0.5899 80 200 120
3.9015 2.9884 -1.4270 80 200 120
-1.5070 3.1218 1.4274 80 200 120
-1.3319 3.2989 0.5225 80 200 120
5.1048 1.0789 0.3993 80 200 120
2.7005 0.2283 1.4771 80 200 120
-0.2029 3.1098 0.6965 80 200 120
3.5416 2.7151 0.1675 80 200 120
2.9160 0.4794 1.4321 80 200 120
-2.6707 0.5784 1.2256 80 200 120
-3.3550 1.3830 0.4820 80 200 120
-1.5049 -0.2058 1.4231 80 200 120
-3.8598 1.9402 -0.0047 80 200 120
5.0350 1.7649 1.3862 80 200 120
3.8839 3.1575 1.5417 80 200 120
0.5984 2.2992 -0.9239 80 200 120
0.0216 2.5718 -0.9622 80 200 120
-1.0147 3.4129 -0.9369 80 200 120
3.1274 2.9396 1.1222 80 200 120
-2.4675 3.2868 1.3701 80 200 120
-2.0119 3.1164 0.9505 80 200 120
-1.1103 3.2123 1.5686 80 200 120
1.4804 0.5087 1.5253 80 200 120
-1.6338 3.2490 0.1757 80 200 120
-0.9324 3.4270 -0.1208 80 200 120
-1.7948 3.2380 0.6367 80 200 120
0.0943 3.2485 0.5288 80 200 120
1.4168 3.1116 -0.5537 80 200 120
-3.6134 3.3634 1.1284 80 200 120
5.1244 2.7200 1.4934 80 200 120
1.6387 2.6390 -0.8437 80 200 120
1.3654 2.3787 -0.9835 80 200 120
-2.7892 3.2741 -0.2480 80 200 120
1.2406 2.4735 -0.7045 80 200 120
2.9461 0.5285 0.8005 80 200 120
4.9966 0.9035 1.3964 80 200 120
-3.8758 1.1156 0.2895 80 200 120
-1.8398 1.0258 1.5357 80 200 120
-3.1637 3.0780 1.7578 80 200 120
-2.1100 3.0007 0.3816 80 200 120
-3.0039 3.5338 -0.9484 80 200 120
2.9480 0.8762 0.7921 80 200 120
-3.7152 2.0374 1.4187 80 200 120
3.6053 3.1745 -0.1924 80 200 120
0.3179 2.3176 -0.8180 80 200 120
2.7172 0.2631 1.1151 80 200 120
5.2365 2.9815 -0.6520 80 200 120
-1.4953 -0.1472 1.4267 80 200 120
2.6281 0.3391 0.8237 80 200 120
-3.9582 1.2257 0.3024 80 200 120
2.7994 0.2769 1.3857 80 200 120
-3.6782 1.9318 0.2145 80 200 120
0.4061 0.7751 1.5450 80 200 120
2.4167 0.5475 0.8245 80 200 120
4.3152 3.0357 0.0537 80 200 120
-3.9686 2.7417 1.1621 80 200 120
-2.9334 0.5066 0.8843 80 200 120
-3.2161 -0.3336 1.1614 80 200 120
2.9277 0.5158 0.8934 80 200 120
5.2754 2.4287 -0.2303 80 200 120
2.9311 0.3883 1.5220 80 200 120
2.6008 0.3886 0.7426 80 200 120
2.9261 0.4772 0.6484 80 200 120
0.7109 0.1054 1.5965 80 200 120
-2.9152 0.4294 0.3587 80 200 120
3.0098 3.0799 1.4716 80 200 120
5.2092 2.3869 1.5231 80 200 120
-1.1955 3.5327 -0.9577 80 200 120
-2.2923 3.2227 0.3809 80 200 120
-2.7975 3.3057 -0.8551 80 200 120
-1.6815 -0.8646 1.1469 80 200 120
3.2862 3.0249 -0.7234 80 200 120
-2.2108 0.1765 1.0859 80 200 120
-0.7678 -0.9456 1.5213 80 200 120
4.3924 2.7633 0.3606 80 200 120
-1.6284 3.0444 -0.3485 80 200 120
-0.3826 -1.2159 1.5788 80 200 120
3.8415 3.0200 -0.5059 80 200 120
-1.2946 0.3166 1.5804 80 200 120
5.0658 1.7687 1.4086 80 200 120
-2.0282 1.7712 -0.5008 80 200 120
-3.7184 1.4028 0.3265 80 200 120
5.0171 1.5206 0.6891 80 200 120
-2.6414 3.1802 -0.2542 80 200 120
-2.9636 0.6589 1.4429 80 200 120
3.6821 2.9287 1.5024 80 200 120
-1.2456 3.0810 0.9770 80 200 120
-2.9707 0.5738 0.8886 80 200 120
-0.2141 3.0523 0.2881 80 200 120
4.7245 2.9154 0.7193 80 200 120
-0.0539 3.0763 1.4739 80 200 120
-3.2509 3.5825 -0.9485 80 200 120
-4.0438 2.0511 0.2149 80 200 120
5.1167 2.7677 -0.2417 80 200 120
5.2051 1.6248 1.1247 80 200 120
-1.0417 3.4722 -0.9237 80 200 120
5.0672 0.3307 1.4784 80 200 120
-1.9409 -1.0387 1.1658 80 200 120
5.0353 0.8838 1.4233 80 200 120
2.9026 0.5515 1.1520 80 200 120
4.9991 1.2429 1.4450 80 200 120
-0.0554 2.6316 -0.9537 80 200 120
2.7504 0.2603 1.0408 80 200 120
3.4322 3.2454 0.5493 80 200 120
4.5727 2.8311 1.4755 80 200 120
-3.9888 3.3167 0.4738 80 200 120
4.9939 0.6491 1.4393 80 200 120
5.2381 2.8748 1.2409 80 200 120
2.8707 0.6032 0.7329 80 200 120
-2.1799 -0.2462 1.0643 80 200 120
-2.2957 1.9002 -0.5803 80 200 120
3.0267 2.2922 1.5701 80 200 120
2.3909 3.0151 -0.4864 80 200 120
3.7354 1.7215 1.5251 80 200 120
3.7656 2.4543 0.4594 80 200 120
4.1158 2.9470 1.2854 80 200 120
2.7076 3.0284 1.4468 80 200 120
3.0552 3.0386 -0.7276 80 200 120
2.6381 3.1295 -1.0119 80 200 120
3.9748 2.7988 -0.3789 80 200 120
3.5478 3.0038 1.2496 80 200 120
3.2671 2.8699 -0.6632 80 200 120
2.9001 0.4815 0.9437 80 200 120
5.2778 2.7781 0.7175 80 200 120
4.9778 0.9110 1.4177 80 200 120
2.0857 3.0453 1.3129 80 200 120
-1.2570 1.2455 1.5615 80 200 120
2.8708 3.0437 0.3890 80 200 120
-1.3621 -1.1377 1.6330 80 200 120
1.9653 3.0496 -0.5616 80 200 120
-2.8624 -0.5364 1.3506 80 200 120
5.1350 2.0170 0.5016 80 200 120
5.0010 0.6516 1.4476 80 200 120
2.2541 3.0647 -0.8619 80 200 120
2.2720 3.0125 0.0159 80 200 120
3.7500 3.0808 0.9010 80 200 120
-2.4922 0.5360 0.8509 80 200 120
3.8905 2.8881 0.1863 80 200 120
-2.5231 0.5757 1.3950 80 200 120
4.0127 3.0306 0.6134 80 200 120
1.8126 3.1336 0.7342 80 200 120
-1.5368 -0.0820 1.4383 80 200 120
2.5119 3.0335 0.8096 80 200 120
2.0171 3.0394 -0.2348 80 200 120
1.8091 3.1485 1.0547 80 200 120
2.3101 3.0092 0.6036 80 200 120
2.6109 -0.1231 1.4964 80 200 120
1.8441 2.0137 -0.6147 80 200 120
-4.2411 0.6433 0.4017 80 200 120
1.6007 3.0842 1.4786 80 200 120
5.3418 1.7651 0.7501 80 200 120
4.7700 3.0164 1.2446 80 200 120
2.0545 2.9413 -0.7933 80 200 120
4.9564 2.9610 1.5182 80 200 120
3.7663 3.1808 0.6305 80 200 120
1.5645 2.7321 -0.9116 80 200 120
1.3118 3.0460 0.1599 80 200 120
2.4334 2.8325 -0.4375 80 200 120
2.6527 3.0242 1.1540 80 200 120
4.1648 1.0085 1.5367 80 200 120
1.4472 3.0785 -0.5503 80 200 120
4.3067 2.9611 1.4630 80 200 120
1.1487 3.1695 1.2349 80 200 120
-1.4943 -1.2085 1.6730 80 200 120
3.2684 3.2796 -0.2003 80 200 120
3.1631 3.0530 0.3253 80 200 120
-3.3636 -0.7697 1.5102 80 200 120
-2.1534 -0.0394 0.4096 80 200 120
-2.3895 -0.2256 1.1314 80 200 120
4.9927 0.6493 1.4330 80 200 120
4.8589 2.9286 0.4438 80 200 120
2.2685 3.1540 -0.2564 80 200 120
5.0086 0.3879 1.4734 80 200 120
-0.1404 -0.3296 1.5807 80 200 120
5.1007 1.9143 1.0384 80 200 120
5.1277 0.6855 1.1621 80 200 120
5.1685 3.1058 0.8920 80 200 120
0.8319 3.1006 1.5130 80 200 120
3.9278 2.9331 1.5558 80 200 120
1.2399 2.6228 -0.7517 80 200 120
3.6815 3.0425 0.3216 80 200 120
0.5316 3.2281 0.0537 80 200 120
0.0937 3.2160 0.5544 80 200 120
1.1957 2.0788 1.4592 80 200 120
2.8140 3.0097 -0.2216 80 200 120
0.5570 3.1240 1.1166 80 200 120
0.2268 3.0495 0.2116 80 200 120
4.2399 2.9148 -0.3891 80 200 120
5.1664 2.7448 0.9614 80 200 120
0.9079 2.7281 -0.6963 80 200 120
4.3466 2.8708 0.0131 80 200 120
3.7895 3.0390 -0.4981 80 200 120
5.6029 3.1785 0.7579 80 200 120
-0.0904 2.8478 0.7987 80 200 120
3.6854 2.8093 -0.4912 80 200 120
2.9522 3.1477 -0.8535 80 200 120
2.2036 2.4686 -0.4541 80 200 120
1.4207 2.5872 -0.1581 80 200 120
3.1756 2.4370 -0.3495 80 200 120
3.5034 2.7557 0.4171 80 200 120
1.5339 1.4314 1.3734 80 200 120
-0.1868 2.8857 1.3446 80 200 120
0.6728 2.9043 -0.6136 80 200 120
1.8550 2.6394 -0.4602 80 200 120
2.1006 2.5430 0.2962 80 200 120
-1.2540 3.2772 -0.1599 80 200 120
1.4732 2.6776 0.7916 80 200 120
-0.8323 2.8530 1.3045 80 200 120
-0.9892 2.9083 0.6252 80 200 120
-0.3855 2.8548 0.2994 80 200 120
3.8320 1.1619 1.3761 80 200 120
3.0180 1.9324 1.3629 80 200 120
0.0809 2.3673 -0.9797 80 200 120
1.6596 2.6182 -0.8235 80 200 120
-2.6542 3.7761 0.3735 80 200 120
-2.1525 3.3431 1.5403 80 200 120
-1.9881 3.3622 0.8159 80 200 120
0.3104 2.7689 -0.8262 80 200 120
0.9188 1.4566 1.5486 80 200 120
3.8323 3.2283 0.0033 80 200 120
5.1162 0.9916 1.4944 80 200 120
2.3251 2.9237 -0.7971 80 200 120
1.9399 2.3167 1.5030 80 200 120
5.0344 0.7187 1.4572 80 200 120
5.3815 2.2097 0.5184 80 200 120
-0.4384 3.6308 -0.5170 80 200 120
3.5189 3.0308 0.8388 80 200 120
-1.7986 3.2700 -1.3934 80 200 120
-3.3115 3.2248 1.4160 80 200 120
-2.2523 2.9831 -1.4646 80 200 120
-3.5522 3.7060 -1.0647 80 200 120
-4.2996 4.0323 0.5046 80 200 120
-3.8053 3.2759 0.7580 80 200 120
-0.7219 1.7713 1.4450 80 200 120
5.1718 2.6652 0.7175 80 200 120
-1.4725 3.6507 -1.0526 80 200 120
-3.5013 2.4575 1.1134 80 200 120
0.7257 3.1946 0.4859 80 200 120
0.2046 1.5133 1.5161 80 200 120
-2.7408 2.6029 -1.0801 80 200 120
3.7701 2.9344 -0.4617 80 200 120
0.7655 1.0192 1.4596 80 200 120
-2.5183 2.0003 -1.0271 80 200 120
5.1000 2.2718 1.4624 80 200 120
4.3678 2.9279 0.0083 80 200 120
1.3876 2.5000 -0.5644 80 200 120
-4.3965 3.0374 -0.4612 80 200 120
2.2899 3.0320 1.4423 80 200 120
0.5914 2.9560 1.5822 80 200 120
-2.9683 1.8976 1.3048 80 200 120
-0.4222 2.6274 1.6077 80 200 120
-1.4901 0.9340 1.4368 80 200 120
-4.4852 2.3038 0.2475 80 200 120
2.3194 2.8786 -0.7780 80 200 120
0.9968 1.6430 1.5205 80 200 120
-0.2755 0.5707 1.4524 80 200 120
-4.8829 1.6501 -0.1616 80 200 120
-1.1036 1.4151 1.3366 80 200 120
3.5744 3.1537 -0.1252 80 200 120
-4.9143 1.2922 0.3366 80 200 120
-1.8671 0.3614 1.4670 80 200 120
5.2661 2.6828 0.6972 80 200 120
0.4588 0.6457 1.5045 80 200 120
-4.3675 3.9165 -0.2618 80 200 120
2.8695 0.2879 1.5003 80 200 120
4.0283 2.9442 -0.4877 80 200 120
4.8118 2.9175 0.4322 80 200 120
-4.2305 0.7328 0.9763 80 200 120
-0.0785 0.8146 1.4479 80 200 120
-6.5454 6.2229 -0.6745 80 200 120
3.5337 2.8787 -0.4470 80 200 120
1.1507 2.5481 -0.9010 80 200 120
5.1834 1.8758 1.5194 80 200 120
2.7491 0.5227 1.3813 80 200 120
3.2505 3.0410 -0.7943 80 200 120
0.1349 2.8200 -0.8837 80 200 120
0.4093 0.1270 1.4458 80 200 120
1.7043 2.5233 -0.8312 80 200 120
0.7565 2.6756 -0.8124 80 200 120
-3.1264 3.2271 -1.1134 80 200 120
2.8711 0.3697 1.5225 80 200 120
-0.9224 3.3243 -0.0390 80 200 120
1.6214 2.4777 -0.6956 80 200 120
-5.0138 0.7557 -0.6484 80 200 120
1.3428 2.5713 -1.0424 80 200 120
-0.2406 2.4590 -1.1254 80 200 120
-4.2452 0.7428 0.9896 80 200 120
-4.5836 2.5007 0.3169 80 200 120
-4.7310 1.6652 0.5855 80 200 120
-4.8121 0.6945 0.3990 80 200 120
1.4688 3.0133 -0.5247 80 200 120
-3.8692 2.2511 -1.1703 80 200 120
1.2330 2.0487 -0.7584 80 200 120
-5.5229 1.1758 -1.0515 80 200 120
-0.7080 3.1798 -0.8323 80 200 120
4.4573 2.9065 0.9894 80 200 120
3.2549 2.9411 1.5216 80 200 120
-1.0594 1.9445 -1.0928 80 200 120
1.3138 3.0247 1.4569 80 200 120
0.6162 2.2361 -0.8803 80 200 120
0.1501 3.1394 -0.4174 80 200 120
-1.8514 3.0142 -1.1465 80 200 120
5.0852 2.9852 0.9128 80 200 120
1.0328 2.1453 -0.9002 80 200 120
2.7490 0.0334 1.3170 80 200 120
2.6267 0.4653 1.3631 80 200 120
5.2537 2.6112 1.5606 80 200 120
3.4757 2.9021 1.4470 80 200 120
-1.7543 -0.2135 1.1671 80 200 120
4.7981 2.8685 0.4198 80 200 120
5.1604 2.8213 1.4809 80 200 120
-1.8733 2.9188 -0.7130 80 200 120
5.1130 2.6276 0.9534 80 200 120
2.0395 2.9432 -0.7999 80 200 120
-0.0880 2.3700 -1.0555 80 200 120
0.8257 3.0724 -0.4767 80 200 120
4.9614 1.6482 1.3814 80 200 120
1.1649 2.7869 -0.7124 80 200 120
-5.3567 1.0874 1.6994 80 200 120
-1.9028 0.2898 1.1772 80 200 120
-0.0827 2.6539 -0.8705 80 200 120
1.6141 2.3200 -0.8500 80 200 120
-1.5689 2.2480 -0.8500 80 200 120
-1.5986 1.9573 -0.6824 80 200 120
1.8269 2.4390 -0.7348 80 200 120
2.7336 0.5567 1.1790 80 200 120
-3.5160 1.6737 -0.2509 80 200 120
-2.3721 1.0449 -0.5610 80 200 120
0.5117 0.6281 1.4987 80 200 120
-4.4136 1.8862 -1.5681 80 200 120
2.8823 0.3241 1.5280 80 200 120
1.9471 2.6433 -0.8491 80 200 120
-4.6472 0.6850 1.0455 80 200 120
2.8361 0.4741 1.4932 80 200 120
-2.0495 2.6332 -1.2354 80 200 120
-3.1359 1.0609 1.3494 80 200 120
-3.1464 0.2558 0.2497 80 200 120
-2.5036 0.1925 1.2693 80 200 120
3.0936 2.9121 1.1130 80 200 120
-3.8544 1.6731 -0.9385 80 200 120
1.5294 2.4111 -0.9044 80 200 120
2.2855 2.4819 -0.7264 80 200 120
0.8382 2.1356 -0.7947 80 200 120
5.0368 2.8991 0.8713 80 200 120
5.2764 2.8098 1.5632 80 200 120
-5.0053 1.2921 -1.6460 80 200 120
1.8698 2.4093 -0.9402 80 200 120
-1.4537 2.8882 -1.0546 80 200 120
-2.6267 2.0218 -0.4199 80 200 120
4.2556 2.8590 1.1447 80 200 120
1.7979 3.0339 0.7258 80 200 120
1.2308 2.0810 -0.7706 80 200 120
0.9606 2.7864 -0.7264 80 200 120
4.0293 2.9338 0.1770 80 200 120
0.4679 2.1407 -0.8110 80 200 120
-2.6307 1.6568 -1.1106 80 200 120
2.0276 2.4806 -0.7151 80 200 120
-2.8179 0.2643 0.1113 80 200 120
0.5266 0.6304 1.4974 80 200 120
1.3334 2.9871 -0.4054 80 200 120
3.5410 2.9382 -0.1986 80 200 120
2.4574 2.7317 -0.1687 80 200 120
-2.5733 3.1863 -0.2273 80 200 120
1.4879 2.9959 -0.5395 80 200 120
-3.3220 2.6902 -0.3366 80 200 120
1.2042 3.1139 0.1273 80 200 120
-3.6466 0.8570 -0.4955 80 200 120
0.2839 0.0807 1.3466 80 200 120
-2.2722 0.1961 1.2695 80 200 120
0.6419 1.8193 1.5263 80 200 120
-5.4304 0.5418 0.5076 80 200 120
0.2604 -0.2945 1.2842 80 200 120
1.9360 2.3310 -0.8632 80 200 120
-0.8381 0.3269 1.4394 80 200 120
0.8024 0.0815 1.5136 80 200 120
-3.9821 1.2079 0.3417 80 200 120
-1.1501 2.0573 -0.7198 80 200 120
2.1185 2.4031 -0.6508 80 200 120
2.0739 2.7532 -0.0391 80 200 120
2.8113 0.4546 1.4870 80 200 120
-3.8616 2.0904 0.2151 80 200 120
4.8974 2.7629 0.8553 80 200 120
-0.2193 1.1458 1.5057 80 200 120
-4.1716 1.7659 0.8451 80 200 120
4.9455 2.8352 1.2893 80 200 120
-0.9294 2.9812 0.3876 80 200 120
-1.3408 2.4009 -0.8089 80 200 120
1.4575 2.0737 -0.7816 80 200 120
-0.8688 1.9943 -1.0417 80 200 120
-1.7952 1.7861 -1.3079 80 200 120
-3.0475 3.3574 -0.2748 80 200 120
-4.8178 -1.4518 0.7908 80 200 120
2.0682 2.3559 -0.7857 80 200 120
3.0047 2.9135 1.3881 80 200 120
-1.1616 2.0707 -1.1207 80 200 120
0.4657 2.6208 -0.4925 80 200 120
1.5902 2.6155 -1.1644 80 200 120
-3.4713 0.7373 0.3529 80 200 120
2.3615 2.4272 -0.4835 80 200 120
-3.9365 0.2420 0.4897 80 200 120
0.2041 2.1858 1.5039 80 200 120
-0.9738 -0.1238 1.4962 80 200 120
-3.1323 0.4254 1.3177 80 200 120
1.9064 2.0746 -0.6161 80 200 120
-4.1442 1.6974 0.6383 80 200 120
-0.3079 0.0578 1.5612 80 200 120
-3.6396 -0.1880 1.0048 80 200 120
3.6380 2.8071 1.4493 80 200 120
-0.1722 0.9823 -0.6461 80 200 120
-0.7700 0.3902 -0.3144 80 200 120
-0.9004 1.3068 -1.1293 80 200 120
1.5076 2.0776 -0.8093 80 200 120
1.0410 2.1684 -0.9549 80 200 120
-2.2944 -0.1669 0.4393 80 200 120
4.5737 2.7808 1.4017 80 200 120
-1.3022 2.8167 -1.0446 80 200 120
-3.8457 2.8007 0.6110 80 200 120
-4.1363 3.4085 0.9312 80 200 120
-1.6034 3.0296 -0.0679 80 200 120
-2.6721 3.2145 -0.9266 80 200 120
1.0518 2.3145 -0.7459 80 200 120
0.7891 3.0334 -1.8398 80 200 120
-0.4603 1.7627 -1.3977 80 200 120
0.0489 1.4436 -0.9523 80 200 120
-1.0611 0.6742 -0.7221 80 200 120
-3.2844 -1.4211 0.2952 80 200 120
-4.2190 -3.0215 1.5393 80 200 120
0.7910 1.9630 -0.8854 80 200 120
0.8771 2.6532 -0.8095 80 200 120
-1.0396 2.1270 -1.3712 80 200 120
1.3208 2.6831 -0.8720 80 200 120
0.0091 1.7885 -0.5024 80 200 120
1.3605 3.0895 -0.5371 80 200 120
2.7805 1.6396 -0.0490 80 200 120
-3.4265 1.7407 -0.2646 80 200 120
1.6934 2.2573 -0.7687 80 200 120
1.2296 2.5565 -0.7966 80 200 120
1.3960 2.2845 -0.7305 80 200 120
-2.0639 2.2704 1.5195 80 200 120
2.2601 2.3992 -0.7220 80 200 120
1.6773 2.1709 -0.7708 80 200 120
5.1798 2.8523 1.5251 80 200 120
-4.2075 0.7505 0.9983 80 200 120
0.2077 0.1076 1.5424 80 200 120
4.5222 2.7866 1.4019 80 200 120
0.5878 2.4800 -0.2203 80 200 120
-0.4308 -0.7654 1.3730 80 200 120
3.3534 2.9722 1.3535 80 200 120
-4.1893 -1.2546 1.3867 80 200 120
3.0085 2.2061 1.5337 80 200 120
-3.6100 -1.0841 -0.4276 80 200 120
-4.8139 -4.1676 1.8840 80 200 120
2.3123 2.1122 -0.5479 80 200 120
-0.1788 1.8049 -1.3000 80 200 120
1.3341 2.0582 -0.7707 80 200 120
-4.2760 -2.1569 1.3381 80 200 120
-3.9150 0.6469 0.4245 80 200 120
-1.0000 -0.1477 1.5103 80 200 120
-3.0359 1.6567 -1.2082 80 200 120
1.4715 2.0840 -0.8353 80 200 120
2.2050 1.9996 -0.4624 80 200 120
0.6556 2.0182 -1.1609 80 200 120
2.2717 2.0442 -0.5409 80 200 120
-3.2524 -0.6168 0.0836 80 200 120
0.2498 -0.8459 1.3419 80 200 120
2.7007 2.9506 1.4092 80 200 120
3.5274 2.9616 1.2742 80 200 120
-0.7195 0.4100 -0.6395 80 200 120
-2.4228 2.4022 -1.1132 80 200 120
2.8295 0.2849 1.6791 80 200 120
-1.4723 1.3941 -1.3740 80 200 120
1.4787 -0.0293 1.4478 80 200 120
-5.1266 3.2865 -0.6393 80 200 120
-4.0095 0.1064 0.0656 80 200 120
-4.2596 -1.3044 0.7493 80 200 120
-2.9099 0.8946 -0.4158 80 200 120
-0.1866 0.1178 1.5007 80 200 120
-2.8833 2.2940 -0.7068 80 200 120
2.0727 3.0136 1.3090 80 200 120
1.6336 2.5876 -0.8268 80 200 120
1.2549 2.7323 -0.9083 80 200 120
-4.8800 -0.8828 0.6244 80 200 120
0.5324 3.1014 -0.9073 80 200 120
-2.5007 -0.3848 -0.4107 80 200 120
-5.8298 0.1293 -1.8305 80 200 120
-84.6860 -5.2328 -19.3957 80 200 120
-2.5406 -0.3360 1.4335 80 200 120
-1.3232 -1.2319 1.5058 80 200 120
-3.9305 1.6758 -0.4040 80 200 120
2.1836 2.0212 -0.4889 80 200 120
0.0394 1.7762 -1.2268 80 200 120
-4.0809 -3.0319 1.5575 80 200 120
1.3344 3.3394 -1.3504 80 200 120
2.4708 3.0544 0.8453 80 200 120
1.7923 3.0915 1.0658 80 200 120
2.2600 3.0749 0.6390 80 200 120
1.6509 3.0066 1.4248 80 200 120
-5.1347 -3.2444 0.1334 80 200 120
-0.9555 1.1709 -1.4781 80 200 120
-1.4092 1.3033 -1.2910 80 200 120
-0.6393 1.4564 -1.2857 80 200 120
-3.7981 -0.0315 -1.7481 80 200 120
-0.2423 -0.5824 1.4789 80 200 120
-3.6219 2.9124 -0.3474 80 200 120
1.3914 3.0565 -0.5568 80 200 120
-5.2517 -4.0954 1.0881 80 200 120
-0.6113 3.1187 -0.7569 80 200 120
-3.9626 -0.3978 -0.3539 80 200 120
2.6516 2.9754 1.1507 80 200 120
1.1887 3.0982 1.2004 80 200 120
-1.0896 0.8657 -1.3244 80 200 120
-3.2278 -3.3186 1.4872 80 200 120
1.3683 2.0581 -0.7584 80 200 120
0.9352 3.0373 1.4631 80 200 120
0.6347 3.1382 0.0469 80 200 120
0.1215 3.2027 0.5465 80 200 120
1.0912 2.0888 1.5326 80 200 120
0.6061 3.1087 1.1252 80 200 120
-0.0139 3.1892 0.3132 80 200 120
3.5845 2.9010 1.4604 80 200 120
1.0876 1.7718 -0.8932 80 200 120
0.6918 -0.0080 1.6257 80 200 120
0.0390 3.1554 0.8251 80 200 120
1.6664 1.6092 1.5119 80 200 120
0.0871 3.1189 1.3508 80 200 120
1.5532 3.1088 0.9596 80 200 120
-0.5582 3.1032 1.3443 80 200 120
-11.7475 -2.4481 -2.9876 80 200 120
-4.3210 0.7971 -0.5469 80 200 120
1.0106 0.9817 1.5243 80 200 120
0.3720 -0.7115 1.4981 80 200 120
-2.2855 -0.2786 -1.4832 80 200 120
-1.6938 2.2058 -1.2955 80 200 120
-3.4143 2.7917 -1.3205 80 200 120
-5.4296 -3.3431 0.3156 80 200 120
0.8672 2.8744 -0.7776 80 200 120
-1.4860 3.1316 1.3554 80 200 120
-1.6009 3.1996 0.8082 80 200 120
0.9858 1.4553 1.5073 80 200 120
1.9393 2.3027 1.5222 80 200 120
-2.6367 3.0666 1.3308 80 200 120
-0.3595 1.5865 -1.3709 80 200 120
3.6872 2.9799 1.5408 80 200 120
3.1566 3.0538 1.2648 80 200 120
1.1520 1.9319 -0.7612 80 200 120
1.4440 1.8668 -0.7655 80 200 120
1.5546 2.5130 -0.7155 80 200 120
-4.0001 -3.1101 1.1762 80 200 120
-0.1041 1.2717 -1.2975 80 200 120
-2.5391 -2.7905 1.3161 80 200 120
-1.8224 -2.9887 2.0558 80 200 120
-0.8634 1.7679 1.5046 80 200 120
-3.4411 2.4632 1.1125 80 200 120
0.0987 1.5247 1.5751 80 200 120
-3.2027 2.7054 0.5662 80 200 120
1.5544 2.9136 -0.5132 80 200 120
1.6524 2.6081 -0.8201 80 200 120
-2.6567 -2.0929 1.5245 80 200 120
-0.5868 2.8694 -0.3672 80 200 120
1.3532 2.5288 -0.7469 80 200 120
0.6149 1.0113 1.5464 80 200 120
2.3130 2.9953 1.3853 80 200 120
0.6893 2.9379 1.5544 80 200 120
-3.3898 1.8956 1.4552 80 200 120
-0.1802 2.6179 1.5433 80 200 120
-1.7675 0.8665 1.5216 80 200 120
0.9970 1.6473 1.5329 80 200 120
0.2767 2.1609 -0.8720 80 200 120
-3.0592 -3.7841 0.7569 80 200 120
0.7999 0.0973 1.5457 80 200 120
1.7521 1.9934 -0.6717 80 200 120
1.4498 1.8849 -0.7706 80 200 120
-0.4890 1.3365 -1.1884 80 200 120
-54.0842 -7.8571 -18.3781 80 200 120
-3.5540 -3.8358 -0.0474 80 200 120
-6.3709 -2.3433 -1.6505 80 200 120
-1.9076 0.3690 -1.4039 80 200 120
-0.4813 -0.7201 1.5983 80 200 120
-1.9630 1.3547 1.5988 80 200 120
-0.3862 0.7480 1.5894 80 200 120
-0.0551 -1.1029 1.4976 80 200 120
-5.5973 3.1791 0.8270 80 200 120
-1.6055 1.5278 -1.4213 80 200 120
-8.3514 -5.7522 0.5631 80 200 120
3.6407 2.9272 1.4793 80 200 120
-4.2686 0.7432 0.9977 80 200 120
-1.6054 0.3046 1.4628 80 200 120
-1.8128 -0.0630 -1.3870 80 200 120
-1.5331 -0.3875 -0.3525 80 200 120
0.0794 1.6087 -1.1592 80 200 120
-0.8634 -2.7347 1.3288 80 200 120
0.2975 1.9249 -1.1234 80 200 120
0.5070 2.6659 -0.7550 80 200 120
0.2284 2.2289 -0.8824 80 200 120
0.9504 2.1268 -0.7718 80 200 120
-2.6225 -0.3680 1.5080 80 200 120
-4.3807 0.0328 0.0887 80 200 120
-4.7941 -0.5594 -1.5726 80 200 120
-1.5729 -1.5929 -0.5929 80 200 120
1.1990 1.9292 -0.7582 80 200 120
0.0425 0.0583 -0.3038 80 200 120
0.5509 1.3769 -1.0239 80 200 120
-0.7526 -1.9765 1.5217 80 200 120
-1.9676 1.2278 -1.0939 80 200 120
0.3565 0.9486 -1.0322 80 200 120
-4.2648 0.6483 0.4281 80 200 120
-3.0330 -2.1727 0.1081 80 200 120
-0.6563 2.6704 -0.5759 80 200 120
-3.0507 -3.7774 0.7751 80 200 120
-2.9920 0.4876 -1.2820 80 200 120
1.0705 2.5759 -0.7332 80 200 120
0.6740 2.0427 -1.1739 80 200 120
-1.7627 2.1334 -0.8931 80 200 120
0.9764 0.6622 -0.2882 80 200 120
-2.4877 -0.6481 -0.9851 80 200 120
0.3005 2.0154 -1.1366 80 200 120
-4.3689 -1.2633 0.8130 80 200 120
-2.1727 0.3095 -1.5086 80 200 120
-1.2575 3.0694 -1.1816 80 200 120
-3.8649 2.8494 0.6485 80 200 120
-0.5575 -3.5093 1.1715 80 200 120
1.0832 1.5047 -0.8968 80 200 120
1.3978 2.0720 -0.7612 80 200 120
0.4142 -0.6649 1.4782 80 200 120
3.3040 2.9867 1.5891 80 200 120
1.3749 3.0435 1.4434 80 200 120
-29.8539 -27.5927 -7.6871 80 200 120
-2.4309 3.0409 0.5734 80 200 120
-1.6823 2.9307 -0.2683 80 200 120
0.9969 1.0404 -0.7555 80 200 120
0.3014 1.7986 -1.1325 80 200 120
3.4960 2.9504 1.4297 80 200 120
-1.1697 1.3414 -0.9577 80 200 120
-5.8424 4.3866 -1.2425 80 200 120
-1.9430 3.3324 0.0990 80 200 120
0.1437 0.6107 1.5469 80 200 120
-0.1257 -2.7821 1.4728 80 200 120
-0.2420 2.9851 -0.9664 80 200 120
0.5827 2.0791 -0.9309 80 200 120
-2.4174 -3.0842 0.7356 80 200 120
-2.2723 -2.6575 -0.0743 80 200 120
0.9149 2.1289 -0.7835 80 200 120
-1.2100 -2.8000 -0.1101 80 200 120
-0.3282 -3.1005 1.0926 80 200 120
0.3681 -0.7230 1.5242 80 200 120
-0.0686 1.8302 -1.2811 80 200 120
-0.0671 1.5889 -1.2530 80 200 120
0.2108 -2.5256 1.7188 80 200 120
-0.1619 -1.1836 1.5760 80 200 120
-2.8173 -1.1118 -1.8326 80 200 120
0.6787 0.4277 -0.3372 80 200 120
0.0615 0.1916 -0.4211 80 200 120
-1.2038 -3.1006 1.1148 80 200 120
-1.1168 1.0458 1.5993 80 200 120
-3.6918 1.0130 1.5290 80 200 120
-2.4502 -0.5345 -1.4953 80 200 120
-2.0493 0.6180 -0.9570 80 200 120
-2.6123 0.9539 -1.1664 80 200 120
-0.8455 -3.7610 0.5771 80 200 120
-0.6550 0.7523 -1.3593 80 200 120
-2.6186 3.3025 -0.8006 80 200 120
-2.2680 -3.3590 -1.5262 80 200 120
-1.0408 3.1478 -1.1574 80 200 120
0.0373 1.5121 -1.1663 80 200 120
0.2367 3.2850 0.2438 80 200 120
0.5399 0.6539 1.5164 80 200 120
-9.4913 -17.8209 -1.7971 80 200 120
-2.0100 -2.4814 -1.2835 80 200 120
-0.0090 -0.3392 -0.3782 80 200 120
-2.3602 1.8994 -0.8630 80 200 120
-1.2894 -2.6209 -0.4875 80 200 120
3.5846 2.9078 1.4478 80 200 120
-1.1288 -3.3606 -0.6549 80 200 120
0.6495 1.8650 1.5309 80 200 120
0.5340 0.2317 -0.9588 80 200 120
0.1615 0.3887 -1.1559 80 200 120
-0.3427 3.1220 -0.9681 80 200 120
-0.1538 -2.7975 1.5191 80 200 120
-2.0509 2.4793 -1.0304 80 200 120
0.2455 1.9517 -1.1689 80 200 120
-0.4696 1.1794 -1.2946 80 200 120
-0.0993 1.8256 -1.2873 80 200 120
-0.2427 1.5013 -1.2725 80 200 120
-3.2948 -0.5165 -0.9290 80 200 120
-1.1074 0.2003 1.5824 80 200 120
-4.0274 1.2149 0.3348 80 200 120
-4.0141 2.1272 0.2516 80 200 120
-0.1868 1.1803 1.4953 80 200 120
-2.9389 3.3816 -0.2138 80 200 120
-0.5279 1.1717 -1.0509 80 200 120
-1.0331 3.1622 -1.1007 80 200 120
-0.2302 3.2080 0.6775 80 200 120
-1.9787 2.2711 -1.3631 80 200 120
3.5232 2.8295 1.3153 80 200 120
-1.7364 3.3472 0.5801 80 200 120
-0.0607 1.5781 -1.2207 80 200 120
-0.5307 -3.2268 0.5102 80 200 120
-2.3499 3.2273 1.3476 80 200 120
-3.8485 3.4204 0.6416 80 200 120
-1.6980 0.3469 -1.0356 80 200 120
-4.0044 2.8983 0.6583 80 200 120
-3.8227 2.4144 1.4742 80 200 120
-2.8758 3.4356 0.7924 80 200 120
-0.5637 1.8945 -1.4782 80 200 120
-3.3350 3.2976 1.3600 80 200 120
-2.4330 -1.2074 1.5190 80 200 120
-3.0855 1.8234 -1.6337 80 200 120
0.5859 2.0331 -0.9237 80 200 120
3.5511 2.8778 1.4027 80 200 120
-4.1754 -1.7812 0.6308 80 200 120
-1.6596 -2.6016 -0.3731 80 200 120
2.9714 2.8995 1.2994 80 200 120
0.1937 2.2278 1.5135 80 200 120
-3.1207 0.4140 1.2849 80 200 120
-4.2115 1.7035 0.6451 80 200 120
-2.2989 0.1564 0.6413 80 200 120
-2.0170 2.2825 -0.9086 80 200 120
-2.1153 0.2334 1.2868 80 200 120
-3.6909 3.3917 -1.3116 80 200 120
-2.2533 -0.5613 -0.9349 80 200 120
2.7336 2.9853 1.4099 80 200 120
-4.2935 -0.9358 -2.6220 80 200 120
-1.6291 0.1617 -1.2860 80 200 120
-0.8413 1.7521 -1.3922 80 200 120
-1.0673 -0.1539 -0.3985 80 200 120
-3.2146 3.5084 -0.9543 80 200 120
0.5796 0.0331 -0.4547 80 200 120
-0.6154 -3.4374 0.8570 80 200 120
-0.6781 -1.9594 1.5122 80 200 120
-1.4386 0.3796 -1.6421 80 200 120
-2.0564 2.4936 -1.1219 80 200 120
-3.2848 2.1977 -1.7223 80 200 120
0.2003 3.3026 0.3302 80 200 120
0.1525 -2.6830 1.4037 80 200 120
-0.5855 -1.1403 -0.9926 80 200 120
-2.9224 -2.2953 0.9337 80 200 120
-1.5449 -2.6664 1.5169 80 200 120
-2.3381 -2.5380 1.2167 80 200 120
-2.6261 -2.1039 1.6616 80 200 120
-2.2793 2.2932 1.5973 80 200 120
-1.4857 -3.2092 -0.1553 80 200 120
-3.9259 3.0700 -0.5234 80 200 120
-0.4823 -2.5187 1.5451 80 200 120
-1.4411 3.3932 -0.9536 80 200 120
-2.8578 1.4492 1.6058 80 200 120
-1.0873 -2.0507 -1.2368 80 200 120
-7.5931 1.4387 -1.9649 80 200 120
2.7973 -0.7192 1.6069 80 200 120
0.1584 0.1267 1.5819 80 200 120
-1.7157 0.3427 -1.0194 80 200 120
-0.6487 -1.1140 -0.2316 80 200 120
-2.5395 3.4409 0.5606 80 200 120
-2.1362 1.6890 1.5577 80 200 120
-0.1672 -1.1793 1.5883 80 200 120
-0.4611 -3.8487 0.3784 80 200 120
-4.2627 -6.6749 -0.7460 80 200 120
-2.8415 1.5520 -1.7550 80 200 120
-1.1371 0.5464 -1.4770 80 200 120
-3.4558 0.2512 -1.0148 80 200 120
-1.0526 0.2074 -1.5097 80 200 120
-1.4441 0.0783 -1.2582 80 200 120
-2.9063 3.5591 -1.4367 80 200 120
2.5933 0.3835 1.4502 80 200 120
-1.0232 -3.4650 -0.5935 80 200 120
-4.1558 -2.0519 1.2782 80 200 120
-1.0949 -0.1611 1.5455 80 200 120
-1.6157 0.3081 -1.3329 80 200 120
-0.4193 -3.3992 1.1849 80 200 120
-3.4522 3.6658 -0.2402 80 200 120
-1.7208 2.2024 -1.3247 80 200 120
-1.7469 -2.2833 -1.3012 80 200 120
-1.6020 -2.5984 -1.3220 80 200 120
-1.9016 3.3449 -1.3705 80 200 120
-0.2502 0.0878 1.5720 80 200 120
-2.2109 1.6602 -1.1475 80 200 120
-2.9239 1.8926 -1.6390 80 200 120
-2.5721 1.9532 -0.9169 80 200 120
-2.9936 3.5215 -0.8639 80 200 120
-2.6636 3.4221 1.0662 80 200 120
-1.1173 3.2403 1.5224 80 200 120
0.3538 2.7617 -0.8339 80 200 120
0.2103 3.3050 0.3209 80 200 120
2.5219 -0.9454 1.5929 80 200 120
-3.3858 -0.5930 -0.0146 80 200 120
-2.8287 0.3094 -0.9719 80 200 120
2.7801 0.5375 1.4884 80 200 120
2.0760 3.1049 1.3291 80 200 120
-2.4783 -0.3475 -0.4439 80 200 120
-1.5138 -1.3897 1.6017 80 200 120
-4.4216 1.7341 -0.3887 80 200 120
-2.1040 1.3767 -1.5102 80 200 120
-0.4477 -3.3383 1.1530 80 200 120
-1.4449 -3.1927 -0.1810 80 200 120
-2.8808 0.3184 -1.3668 80 200 120
2.6881 0.2016 1.0969 80 200 120
0.3330 -2.3510 1.6237 80 200 120
-2.4306 3.3132 -1.3363 80 200 120
-0.6823 3.3892 -0.8878 80 200 120
-2.7214 3.5322 0.6614 80 200 120
1.8012 3.2086 1.1050 80 200 120
1.6547 3.1903 1.5395 80 200 120
-2.2475 0.1216 -0.4046 80 200 120
-4.2542 0.4512 -1.4278 80 200 120
-2.6895 2.8967 -1.1328 80 200 120
-2.2596 3.5839 -1.4468 80 200 120
-2.8835 1.7661 -1.2448 80 200 120
-0.9829 -2.0000 -1.3053 80 200 120
-0.7339 -1.2637 -1.0292 80 200 120
-0.1536 0.2631 -0.5979 80 200 120
1.1853 3.1741 1.2211 80 200 120
-1.3699 -0.1435 -0.9297 80 200 120
-2.6143 3.1898 -0.9286 80 200 120
-0.9380 -1.0181 1.5767 80 200 120
-4.4142 -5.6830 -0.3585 80 200 120
-2.3233 -4.2858 -0.6965 80 200 120
-1.1768 0.5436 -1.5273 80 200 120
-2.1957 1.4043 -1.5632 80 200 120
-0.2034 3.2647 1.1677 80 200 120
-4.3867 3.3288 -0.5877 80 200 120
0.9205 3.1530 1.5204 80 200 120
0.1057 3.2499 0.5125 80 200 120
1.0823 2.1526 1.5890 80 200 120
0.5690 3.1915 1.1473 80 200 120
-0.0724 3.2660 0.3074 80 200 120
-2.8191 -0.3188 0.2832 80 200 120
-0.4715 -2.9875 1.4458 80 200 120
-2.2726 0.1969 0.9616 80 200 120
-0.8037 -1.3501 -1.0536 80 200 120
-2.4342 -2.1786 0.3906 80 200 120
-4.1678 3.6767 0.2030 80 200 120
-3.6885 -0.7899 1.4206 80 200 120
-2.0382 2.0193 -1.4431 80 200 120
-3.1513 1.1085 -1.4021 80 200 120
-3.2402 1.4160 -1.1774 80 200 120
2.9332 3.0151 1.4515 80 200 120
-2.6647 0.6450 1.3993 80 200 120
-0.0069 3.2529 0.8084 80 200 120
-0.0054 3.3110 1.4640 80 200 120
-0.6669 3.2331 1.4190 80 200 120
-4.3963 0.8325 -0.5686 80 200 120
-1.9657 -0.1086 -1.3895 80 200 120
-1.9874 2.2656 -1.3930 80 200 120
-1.6194 0.2739 -1.3294 80 200 120
-1.0424 -1.8568 -0.4207 80 200 120
-1.4795 -2.5942 -1.4533 80 200 120
-1.4606 3.0041 -1.2731 80 200 120
2.7280 3.0812 1.4741 80 200 120
-3.3772 -4.2505 0.9214 80 200 120
-1.0834 -3.1925 -0.6464 80 200 120
-3.7031 0.7505 -1.6116 80 200 120
-1.3779 -3.0928 -0.1510 80 200 120
-1.6846 3.3152 1.4575 80 200 120
-1.9460 3.4333 0.9271 80 200 120
0.9588 1.5120 1.5752 80 200 120
-0.6206 -2.6636 1.1387 80 200 120
-2.7224 1.7324 -1.2368 80 200 120
-2.8144 1.9501 -1.6908 80 200 120
-0.9454 -3.7498 -0.6702 80 200 120
-2.0368 2.9998 -1.2478 80 200 120
-0.5582 -3.3252 0.5078 80 200 120
-4.5519 4.1139 -1.5907 80 200 120
-0.9848 1.8259 1.5679 80 200 120
0.0809 1.5411 1.5579 80 200 120
-0.2235 -1.2696 1.6101 80 200 120
-2.1660 2.3525 -1.4645 80 200 120
-1.1434 -1.7699 -1.1433 80 200 120
-1.5570 3.0390 -1.2936 80 200 120
-1.2810 3.2427 -0.9491 80 200 120
-1.1093 0.5704 -1.5237 80 200 120
-1.4377 3.2956 -1.3794 80 200 120
-2.1639 -0.0666 -0.8188 80 200 120
-0.8702 3.3040 -1.1314 80 200 120
-1.3878 1.5609 -1.5475 80 200 120
0.6005 1.0286 1.5664 80 200 120
0.7008 2.9826 1.5928 80 200 120
-3.8133 1.9684 1.6311 80 200 120
-0.2370 2.6881 1.5747 80 200 120
-1.8873 0.8766 1.5772 80 200 120
0.9829 1.6891 1.5596 80 200 120
-0.5008 -0.7172 1.5727 80 200 120
-0.2403 -2.9706 1.5986 80 200 120
-2.6323 3.0135 -1.1150 80 200 120
-0.4993 -3.2245 0.7491 80 200 120
-1.8959 1.3915 -1.5192 80 200 120
-1.0813 -0.2236 -0.2568 80 200 120
0.0544 -2.6058 1.6621 80 200 120
-1.3150 0.8442 -1.3947 80 200 120
-3.8234 3.8187 -0.7303 80 200 120
-1.4134 1.0530 -1.5141 80 200 120
0.2213 3.3217 0.3249 80 200 120
-1.9835 1.3679 1.5641 80 200 120
-0.3989 0.7726 1.5712 80 200 120
-2.8475 0.6233 0.5839 80 200 120
-1.7846 0.2830 1.5718 80 200 120
-0.9413 -3.8201 -0.6880 80 200 120
-0.3944 -3.3331 -0.6745 80 200 120
-1.4032 3.3963 -0.9727 80 200 120
-0.5970 3.2281 -0.9000 80 200 120
-0.5328 -3.5566 1.2135 80 200 120
-1.3874 3.2225 -1.3568 80 200 120
-1.8686 0.0689 -1.0022 80 200 120
-2.0520 3.1046 1.6786 80 200 120
-2.7520 0.1732 -1.2121 80 200 120
-2.4538 1.8404 -1.4881 80 200 120
-1.6301 3.0526 -1.2767 80 200 120
-1.1947 -2.4983 -0.6214 80 200 120
1.9508 2.4070 1.5864 80 200 120
-2.1673 -0.1029 1.1186 80 200 120
-2.6486 0.2740 -0.1423 80 200 120
-1.0160 0.0368 -0.4354 80 200 120
-2.1249 1.9636 -1.4711 80 200 120
-2.1229 3.0605 -1.2623 80 200 120
-3.7238 -2.1132 1.6051 80 200 120
-2.9737 3.7551 0.0488 80 200 120
-1.2715 -3.1998 1.0871 80 200 120
-0.0041 -2.8765 0.1143 80 200 120
-1.3959 1.5713 -1.5807 80 200 120
-1.9404 -0.0606 1.5933 80 200 120
-2.7216 0.5423 -1.1777 80 200 120
0.0865 -0.3698 -0.3546 80 200 120
-2.1073 -2.8129 1.3796 80 200 120
-4.3971 0.6341 0.4354 80 200 120
-2.8212 2.3379 -0.9579 80 200 120
-1.8396 2.4640 -1.0809 80 200 120
-2.4412 0.2404 -1.1319 80 200 120
-1.9961 1.4123 -1.5298 80 200 120
-2.1103 1.7732 -1.1422 80 200 120
-1.6305 3.3267 -1.1733 80 200 120
-1.5770 3.3878 1.0437 80 200 120
-1.8871 2.1998 -1.4048 80 200 120
-1.9133 0.2196 -1.4275 80 200 120
-4.3376 -1.2208 0.7521 80 200 120
-3.1690 0.8574 -1.2254 80 200 120
-3.1065 -1.8027 0.1586 80 200 120
-1.3999 3.3709 -0.9914 80 200 120
-0.3413 -2.4271 -0.6109 80 200 120
-0.9425 -2.5442 -0.9589 80 200 120
-2.1168 3.4544 0.1228 80 200 120
0.0802 0.6247 1.5709 80 200 120
-1.5852 0.2789 -1.2894 80 200 120
-2.1976 1.7737 -1.4375 80 200 120
-1.9616 1.9650 -1.4189 80 200 120
-2.8787 3.6365 -1.5224 80 200 120
-2.0783 3.4788 -1.4169 80 200 120
-1.3207 0.5876 -1.5073 80 200 120
-0.3046 3.3694 1.5709 80 200 120
-1.3798 0.4041 -1.4443 80 200 120
-0.4575 -0.9891 1.5928 80 200 120
-4.1178 3.2688 1.8296 80 200 120
-0.6562 -3.8777 1.3087 80 200 120
-0.7798 -2.9227 -0.6307 80 200 120
-1.0533 -2.9022 -0.6616 80 200 120
-5.3432 -3.0522 0.4776 80 200 120
-1.2224 3.3038 -0.4283 80 200 120
-1.2324 1.0908 1.6219 80 200 120
-1.7244 -1.8099 1.6005 80 200 120
-0.4743 -3.1219 0.6826 80 200 120
-4.2131 2.7777 1.2213 80 200 120
-2.3665 0.6030 0.9078 80 200 120
0.1925 -2.0847 1.2671 80 200 120
-1.1945 3.2301 -0.4210 80 200 120
-3.2561 -2.9172 1.4292 80 200 120
-2.2503 -0.0411 0.7127 80 200 120
-2.9382 3.1758 1.6330 80 200 120
-0.0238 3.2552 0.5331 80 200 120
-1.0391 -2.9622 -0.6319 80 200 120
0.2188 3.3257 0.3128 80 200 120
1.2637 3.2574 1.5946 80 200 120
-0.9843 3.3784 -0.3691 80 200 120
-0.2913 3.3355 0.4377 80 200 120
-0.5677 3.3228 0.8781 80 200 120
-0.3633 -2.3100 1.3345 80 200 120
-2.9860 -0.6833 1.6155 80 200 120
-1.3151 3.2761 0.5666 80 200 120
0.4191 3.1691 1.1791 80 200 120
-1.7395 1.6120 1.6019 80 200 120
-1.6917 -0.5440 1.5798 80 200 120
-1.5013 -0.2274 1.5726 80 200 120
-0.9942 -3.3151 1.4263 80 200 120
-1.4120 3.5281 -0.0783 80 200 120
-4.0686 -1.7578 0.5508 80 200 120
-2.0833 -1.4935 1.5994 80 200 120
-1.3197 0.0039 1.5765 80 200 120
-1.3550 0.4632 1.6445 80 200 120
-2.4086 -3.3698 0.0612 80 200 120
0.7067 1.5937 1.5722 80 200 120
-3.0060 2.4373 1.6095 80 200 120
-1.0604 -1.3153 1.5811 80 200 120
1.6881 1.2467 1.6826 80 200 120
-4.5666 -1.1244 1.3411 80 200 120
0.0505 -2.9776 1.5629 80 200 120
-0.9001 -0.0887 1.5808 80 200 120
-4.0790 3.2579 1.6366 80 200 120
-4.4473 -0.7370 0.9628 80 200 120
-2.3955 -2.4163 1.6026 80 200 120
-4.4161 -1.2659 0.7650 80 200 120
0.6100 1.9857 1.6477 80 200 120
-4.5518 -0.8899 0.5628 80 200 120
-2.4605 0.3569 0.1205 80 200 120
-3.2022 -2.3441 1.5284 80 200 120
-2.5054 0.0124 0.4208 80 200 120
-4.5558 -1.0728 0.0644 80 200 120
-4.1458 3.5885 0.2057 80 200 120
-3.6292 1.0516 0.2521 80 200 120
-3.1577 1.4089 1.3296 80 200 120
-0.4666 3.2840 1.2851 80 200 120
-3.9038 3.6981 0.9118 80 200 120
-4.1114 2.7010 1.2159 80 200 120
-5.0035 -3.0887 0.2347 80 200 120
-2.0529 0.0386 -0.1762 80 200 120
-0.3055 3.3586 1.5560 80 200 120
-1.8626 3.3635 1.5292 80 200 120
-2.7122 -3.3275 0.7649 80 200 120
-2.8322 3.5568 0.4699 80 200 120
-2.8523 -3.2958 -0.0637 80 200 120
0.1359 -2.5130 1.5814 80 200 120
-1.9376 -3.3331 -0.4112 80 200 120
-2.0521 0.2282 0.5379 80 200 120
-0.1885 -2.9217 1.6017 80 200 120
-2.3417 -3.3546 -0.3978 80 200 120
0.8782 3.3971 1.6321 80 200 120
-4.1930 1.6739 0.8584 80 200 120
-4.2902 2.9981 0.6931 80 200 120
-0.5292 -3.4618 1.1294 80 200 120
-3.2067 -1.0142 1.5503 80 200 120
-0.2248 3.5285 1.0265 80 200 120
-1.1245 0.1934 1.6138 80 200 120
-0.5402 -3.3509 0.7253 80 200 120
-4.3008 2.5542 0.3472 80 200 120
-0.5479 -2.7893 1.5713 80 200 120
0.0227 2.1219 1.5729 80 200 120
-3.7468 -1.6078 1.6015 80 200 120
-2.1874 3.2135 1.6093 80 200 120
-0.3567 -3.4584 1.4923 80 200 120
-1.2327 1.7340 1.6081 80 200 120
0.4140 0.7560 1.4821 80 200 120
-0.6267 -3.3029 1.5651 80 200 120
0.1565 3.4171 1.6692 80 200 120
-3.2594 1.9070 1.5655 80 200 120
-1.3169 -2.2951 1.6162 80 200 120
0.3215 2.8434 1.6097 80 200 120
-0.1425 0.0652 1.5892 80 200 120
-4.3109 -3.5345 0.7123 80 200 120
-0.4839 -0.0321 1.5791 80 200 120
-2.2086 -1.0075 1.6135 80 200 120
0.3550 1.6375 1.5109 80 200 120
1.5557 -3.7208 2.1595 80 200 120
-0.2891 1.2304 1.5894 80 200 120
-1.9395 -3.0982 -1.4734 80 200 120
-1.5089 -2.9245 -0.6811 80 200 120
-2.9774 -3.8142 -1.6440 80 200 120
-1.3275 -3.4253 -0.7063 80 200 120
-4.0113 1.9152 1.1507 80 200 120
-0.7576 3.2991 1.5025 80 200 120
-2.1815 3.4461 -0.3359 80 200 120
-2.0961 -2.7011 -1.7073 80 200 120
-3.2700 3.6233 -0.2797 80 200 120
-2.2623 -3.2173 -1.7196 80 200 120
-1.6149 -0.4926 -0.5318 80 200 120
-2.3261 -0.2599 -0.4191 80 200 120
-1.6227 -0.5198 -1.4692 80 200 120
-1.3861 -0.5707 -0.5511 80 200 120
-0.4913 -3.0357 -0.6662 80 200 120
-1.9737 -0.6730 -0.4216 80 200 120
-0.9481 -3.2115 -0.6575 80 200 120
-2.5722 -0.6119 -0.3805 80 200 120
-2.0619 -0.4669 -1.1059 80 200 120
-1.8677 3.4345 0.5841 80 200 120
-2.7001 3.5224 1.4970 80 200 120
-3.8672 2.3214 1.4610 80 200 120
-3.0517 -0.2254 -0.7758 80 200 120
-4.4778 -2.9431 -0.2565 80 200 120
-1.6040 3.3724 1.0381 80 200 120
-1.1577 -0.5466 -0.7021 80 200 120
0.9952 1.6052 1.6111 80 200 120
-0.1443 3.2993 0.9707 80 200 120
-3.7070 3.5354 1.5292 80 200 120
-2.7041 -1.3075 1.6216 80 200 120
-2.0100 -0.5074 -1.4447 80 200 120
-1.9085 0.2021 -1.4456 80 200 120
-1.2968 -2.9996 -0.7239 80 200 120
-3.0816 0.7086 -1.1605 80 200 120
-3.0845 -0.0248 -1.1698 80 200 120
-3.3064 -0.1715 -1.4481 80 200 120
-2.2512 -2.8874 -1.4058 80 200 120
-1.8109 3.4464 0.2831 80 200 120
-2.0250 0.2198 1.1635 80 200 120
-0.7861 -2.1084 1.6043 80 200 120
-4.0111 1.3453 -1.3696 80 200 120
-2.0980 -0.2746 -1.4360 80 200 120
-3.2223 1.9877 -1.2564 80 200 120
-2.8857 1.8159 -1.4578 80 200 120
-2.6481 2.0095 -0.9635 80 200 120
-2.2223 -0.0897 -1.3344 80 200 120
-4.0019 1.7085 -1.3706 80 200 120
-4.3720 -3.3018 1.4737 80 200 120
-1.6696 -2.9056 1.5975 80 200 120
-3.2763 -3.3936 1.7205 80 200 120
-2.6444 -2.1285 1.6331 80 200 120
-2.1647 -0.2270 -1.0488 80 200 120
-2.3322 -0.2277 -0.5820 80 200 120
-2.2469 1.9833 -0.9101 80 200 120
-1.9254 -0.1338 -1.3994 80 200 120
-2.2229 1.8001 -1.0972 80 200 120
-0.9184 -0.5656 -0.5287 80 200 120
-1.9305 0.0585 -1.5000 80 200 120
-3.5072 -3.2237 -0.5398 80 200 120
-0.2996 3.2605 1.5038 80 200 120
-3.9372 3.6125 -0.2205 80 200 120
-4.5629 -2.8728 0.1945 80 200 120
-2.3705 2.3055 1.5973 80 200 120
-2.6322 1.2034 1.4046 80 200 120
-0.4848 3.3810 1.3092 80 200 120
-4.1419 2.5732 -0.8419 80 200 120
-0.8462 -1.3256 -0.5702 80 200 120
-2.8051 1.0959 -1.4530 80 200 120
-2.2182 1.7032 1.5860 80 200 120
-2.0141 -0.7017 -0.5207 80 200 120
-0.9270 -2.8635 -0.6922 80 200 120
-1.2045 -1.1357 -0.4892 80 200 120
-4.1551 -3.1711 -0.7620 80 200 120
-3.5802 1.7888 -1.5669 80 200 120
-4.6014 -2.2648 1.4155 80 200 120
-1.1851 -0.1709 1.5902 80 200 120
-4.4180 2.4433 -1.5267 80 200 120
-2.9189 1.1314 -1.4956 80 200 120
-2.7831 3.5496 1.1582 80 200 120
-2.1784 -3.1245 -1.3911 80 200 120
-4.2352 -3.0597 0.2903 80 200 120
-1.6034 -2.6992 -0.6859 80 200 120
-4.6902 -3.0730 -0.2520 80 200 120
-2.0966 3.5475 1.2674 80 200 120
-1.5382 -1.3903 1.5900 80 200 120
-3.3178 -3.0969 -1.4568 80 200 120
-2.0712 3.3828 0.6182 80 200 120
-1.7134 -0.5196 -0.5161 80 200 120
-4.4782 -3.0502 -1.5026 80 200 120
-1.8891 -0.7347 -0.5189 80 200 120
-2.7003 -0.7087 -0.5062 80 200 120
-1.8144 -0.6235 -0.5342 80 200 120
-0.9840 -2.7464 -0.6833 80 200 120
-3.6193 -3.0010 -1.3037 80 200 120
-1.1766 0.3616 1.5863 80 200 120
-3.0440 -3.2764 -1.5710 80 200 120
-2.5615 -0.4481 -0.4215 80 200 120
-4.4874 0.7134 0.4706 80 200 120
-4.5215 -0.2821 1.3791 80 200 120
-2.5145 -3.2009 -1.4498 80 200 120
-1.7000 3.6599 1.1567 80 200 120
-1.7707 -1.1465 -0.5177 80 200 120
-2.2766 0.4525 -0.2212 80 200 120
-4.6081 -1.1789 -0.4204 80 200 120
-0.9660 -1.0320 1.5794 80 200 120
-1.2443 -2.8152 -0.6092 80 200 120
-4.5965 -2.8989 0.1985 80 200 120
-4.1158 2.4249 -1.3691 80 200 120
-3.1290 -2.8040 -1.5981 80 200 120
-2.6441 -0.6118 -0.3842 80 200 120
-4.2206 -3.3784 0.9319 80 200 120
-2.3375 -3.3831 -1.5473 80 200 120
-1.8395 -1.0681 -0.5341 80 200 120
-1.9339 0.2165 1.4643 80 200 120
-4.4865 -2.7831 1.7771 80 200 120
-3.6520 -2.8477 1.5525 80 200 120
-2.0401 0.2308 0.3529 80 200 120
-3.9826 -0.8708 1.5575 80 200 120
-2.0531 0.3131 1.0693 80 200 120
-3.2995 -2.4152 -1.5285 80 200 120
-3.2164 0.4859 -0.7009 80 200 120
-2.2741 0.0249 1.0078 80 200 120
-3.1835 -2.1239 -1.5004 80 200 120
-2.1568 -0.0393 1.5437 80 200 120
-4.5780 -2.0377 -0.7355 80 200 120
-1.4589 -2.8420 -0.6325 80 200 120
-1.8466 -0.5669 -0.5304 80 200 120
-4.5603 -2.2191 -1.5118 80 200 120
-3.8735 -2.1110 -1.6141 80 200 120
-2.5328 -2.5012 -1.4989 80 200 120
-1.2677 -2.8218 -0.6091 80 200 120
-4.6176 -1.8337 -1.4838 80 200 120
-4.6909 -1.4227 -1.4919 80 200 120
-2.7348 -0.3247 -0.3714 80 200 120
-2.9252 -3.2215 -1.4726 80 200 120
-4.3947 -0.9236 -1.4215 80 200 120
-4.4125 -2.0007 0.7245 80 200 120
-4.1395 -2.6216 -1.6484 80 200 120
-1.0551 1.9088 1.6349 80 200 120
-3.8414 -0.1173 1.5365 80 200 120
-4.5448 -2.5747 -1.5013 80 200 120
-1.6358 -3.3271 -0.2378 80 200 120
-4.4001 -2.3461 1.0228 80 200 120
-4.4933 -0.3964 -0.3904 80 200 120
-2.9137 -3.2940 -1.1783 80 200 120
-1.8924 0.7381 1.5194 80 200 120
-4.4778 0.8603 0.9298 80 200 120
-3.9308 -1.7928 -1.5638 80 200 120
-4.6301 -1.6659 -1.7811 80 200 120
-3.2979 -3.1580 -1.5038 80 200 120
-2.0077 1.2732 1.5485 80 200 120
-1.8444 0.2536 1.6018 80 200 120
-2.8191 -0.6591 -0.4394 80 200 120
-2.4345 -0.6724 -0.4488 80 200 120
-2.3143 -0.5802 -0.4162 80 200 120
-4.4150 1.2529 0.3771 80 200 120
-2.8268 0.6030 0.9329 80 200 120
-2.1975 0.0791 1.1248 80 200 120
-0.4573 -3.5560 1.1170 80 200 120
-2.4308 0.0563 1.3315 80 200 120
-3.8517 -2.1548 1.6507 80 200 120
-1.3547 -3.4145 1.1867 80 200 120
-2.0137 -0.0858 1.6122 80 200 120
-2.4118 -3.1854 1.6567 80 200 120
-2.8259 -0.5559 -0.3707 80 200 120
-3.9011 -3.0406 -1.6598 80 200 120
-2.2836 -0.3717 -0.4242 80 200 120
-4.3761 -0.7149 -1.4519 80 200 120
-2.2528 0.6335 0.9359 80 200 120
-3.7777 -3.1475 -1.0611 80 200 120
-4.0808 1.2488 1.6360 80 200 120
-4.7624 -2.6012 -1.5688 80 200 120
-5.0050 -1.9445 -1.7021 80 200 120
-4.1170 -1.0792 -1.2512 80 200 120
-4.8640 -1.3878 -1.5892 80 200 120
-4.7200 -1.6932 -1.8134 80 200 120
-0.2575 -2.9872 1.6095 80 200 120
-4.4340 -3.0263 1.4903 80 200 120
-2.0257 -3.3580 -0.3041 80 200 120
-4.4732 1.6747 0.4306 80 200 120
-4.7427 -2.4856 0.5231 80 200 120
-2.5983 -3.3709 0.4853 80 200 120
-4.3170 -1.0123 -1.7017 80 200 120
-3.8574 -0.6483 1.6356 80 200 120
-4.3084 0.7649 1.5932 80 200 120
-2.9779 3.6091 1.6136 80 200 120
-5.0555 -2.4228 -1.7283 80 200 120
-3.5127 -2.7657 -1.4654 80 200 120
-3.1869 -3.3316 -0.0827 80 200 120
-4.1765 -1.3731 1.6485 80 200 120
-4.5800 -3.6039 -1.7769 80 200 120
-2.3917 0.1866 0.8962 80 200 120
-2.3580 2.5546 1.5031 80 200 120
-2.9791 -2.6887 1.6677 80 200 120
-3.1930 -0.6280 -0.4144 80 200 120
-2.7314 -0.0644 1.6418 80 200 120
-4.6972 -2.3455 -0.8865 80 200 120
-4.7885 -2.8322 -0.0867 80 200 120
-2.4708 2.0756 1.1889 80 200 120
-4.5638 -0.5838 -1.4966 80 200 120
-2.7724 0.6832 0.7056 80 200 120
-3.3951 0.5775 1.5971 80 200 120
-2.0558 0.1980 0.5757 80 200 120
-4.7846 -3.2307 -1.5306 80 200 120
-4.6384 0.1491 0.0915 80 200 120
-1.7780 -1.8463 1.6485 80 200 120
-2.6612 3.2337 1.0889 80 200 120
-4.5884 2.1036 -0.3191 80 200 120
-4.3601 2.5152 0.4703 80 200 120
-4.5467 -0.6042 0.7561 80 200 120
-1.2471 -3.4318 1.5666 80 200 120
-3.4469 -2.7985 1.7195 80 200 120
-4.7325 -2.6999 -1.0929 80 200 120
-3.5437 -3.1583 1.6118 80 200 120
-2.2470 0.0696 1.3907 80 200 120
-4.5044 0.2349 0.6247 80 200 120
-4.5046 -1.0201 0.1550 80 200 120
-2.4076 0.2922 0.9866 80 200 120
-4.1513 3.2663 1.5864 80 200 120
-4.4684 2.9616 1.2835 80 200 120
-5.0763 -1.4881 -1.8012 80 200 120
-1.7528 1.4590 1.5658 80 200 120
-1.7639 -0.5280 1.6265 80 200 120
-2.1558 -1.5217 1.6474 80 200 120
-4.3275 2.3770 1.6069 80 200 120
-4.6038 -1.1804 -0.3525 80 200 120
-4.3527 1.6918 0.8518 80 200 120
-2.1537 -3.3702 0.3246 80 200 120
-4.8558 -3.4124 1.3372 80 200 120
-4.2674 -1.1095 1.6428 80 200 120
-4.5515 -1.1473 1.3243 80 200 120
-4.5241 -0.7704 0.9251 80 200 120
-2.5322 -2.4903 1.6930 80 200 120
-4.4738 -1.3050 0.7324 80 200 120
-3.3409 -0.4902 -0.5177 80 200 120
-4.5063 3.0708 1.2785 80 200 120
-4.2007 3.3833 0.5400 80 200 120
-3.9539 3.6853 1.3173 80 200 120
-2.8429 -3.2070 0.6213 80 200 120
-4.3756 0.7490 -0.5926 80 200 120
-4.4346 -0.9338 0.5641 80 200 120
-3.4333 -2.4219 1.6681 80 200 120
-2.8652 -3.4775 0.7880 80 200 120
-3.3515 -0.9948 1.5911 80 200 120
-3.7509 -1.6150 1.5708 80 200 120
-1.3318 -2.3302 1.6502 80 200 120
-2.2334 -1.0205 1.5897 80 200 120
-4.2738 2.4343 0.3626 80 200 120
-4.7702 -2.9475 0.2085 80 200 120
-1.2369 -3.4338 1.5732 80 200 120
-4.2843 -3.2370 -0.8152 80 200 120
-1.9177 3.1574 1.4708 80 200 120
-3.3236 -0.1055 1.6237 80 200 120
-4.7098 -2.1545 -0.4578 80 200 120
-2.3765 0.3473 1.1204 80 200 120
-4.6213 -1.5846 -0.5816 80 200 120
-1.9891 0.1362 1.2338 80 200 120
-1.1653 2.0913 1.6006 80 200 120
-4.3293 1.8104 -0.3072 80 200 120
-3.8133 3.6497 0.8327 80 200 120
-4.3041 1.2750 0.1956 80 200 120
-2.0425 0.8922 0.9437 80 200 120
-1.2296 0.8516 1.5465 80 200 120
-2.4309 0.5233 0.9101 80 200 120
-2.0035 0.5268 1.1476 80 200 120
-2.1145 0.0104 0.4225 80 200 120
-4.6060 -1.2885 1.0404 80 200 120
-2.7579 -1.2987 1.6149 80 200 120
-3.2599 1.9911 1.6703 80 200 120
-2.5965 -2.3612 1.5887 80 200 120
-1.9959 0.8768 0.9612 80 200 120
-4.5325 -0.8103 1.2574 80 200 120
-4.7274 1.0838 -0.6893 80 200 120
-2.3569 0.3893 0.8717 80 200 120
-2.2898 0.1359 0.9946 80 200 120
-4.4355 0.4474 1.5080 80 200 120
-4.3472 -3.2747 1.4622 80 200 120
-1.6957 -2.9967 1.6399 80 200 120
-3.1552 -3.2600 1.5990 80 200 120
-2.6550 -2.1231 1.6262 80 200 120
-1.1925 0.3292 1.5280 80 200 120
-4.0626 -3.2445 0.8735 80 200 120
-3.8857 3.7581 -0.1874 80 200 120
-1.9390 0.5916 1.1714 80 200 120
-4.6014 2.4216 1.3367 80 200 120
-4.2589 3.7606 0.8357 80 200 120
-1.2372 3.1670 1.4607 80 200 120
-4.5431 3.4209 0.7516 80 200 120
-2.7996 0.6071 1.5497 80 200 120
-4.4055 4.2059 0.2059 80 200 120
-4.4356 -1.1948 -0.3298 80 200 120
-4.8123 3.3023 0.3747 80 200 120
-4.5600 0.9271 -0.6658 80 200 120
-4.7028 -2.2787 1.4505 80 200 120
-2.3530 0.5726 0.9551 80 200 120
-3.2405 -3.0027 1.6072 80 200 120
-4.7127 -1.6413 0.0576 80 200 120
-4.5373 -1.0728 0.4500 80 200 120
-3.8887 -0.3701 1.6016 80 200 120
-1.2541 0.8858 1.5336 80 200 120
-4.7704 2.3265 -0.4460 80 200 120
-2.3584 0.6864 0.4407 80 200 120
-1.8937 0.7379 0.9552 80 200 120
-4.5915 2.0355 0.9544 80 200 120
-3.0962 3.3638 1.3568 80 200 120
-4.3797 0.9336 0.4030 80 200 120
-3.7807 -3.1372 1.5386 80 200 120
-4.3253 -1.7427 1.6062 80 200 120
-4.6484 3.2487 0.3880 80 200 120
-1.9001 0.2691 1.0830 80 200 120
-2.4419 1.2931 0.7514 80 200 120
-4.5236 -2.9066 -0.1759 80 200 120
-4.8712 -3.2983 0.2736 80 200 120
-3.7904 3.6727 0.8217 80 200 120
-4.1499 -3.2022 1.0939 80 200 120
-4.3671 2.3517 -0.2714 80 200 120
-3.3692 -3.2607 1.3795 80 200 120
-3.4394 3.8972 -0.2687 80 200 120
-4.5328 -1.3017 0.5401 80 200 120
-1.8752 0.1785 1.2821 80 200 120
-4.6107 -0.2050 1.4039 80 200 120
-4.4916 0.7076 0.4493 80 200 120
-4.6558 -1.7083 1.1481 80 200 120
-4.5981 -1.7198 0.5681 80 200 120
-3.6952 3.0897 1.6176 80 200 120
-4.4681 -2.0365 1.1781 80 200 120
-3.0933 -3.1296 1.6309 80 200 120
-4.9719 4.4827 -0.7980 80 200 120
-3.1681 3.7961 0.8058 80 200 120
-1.1659 0.4291 1.5640 80 200 120
-1.9224 0.1109 1.4239 80 200 120
-4.1247 -2.6317 1.5688 80 200 120
-3.7484 -2.8951 1.6068 80 200 120
-0.3321 1.2831 1.6730 80 200 120
-1.9174 0.1456 1.0389 80 200 120
-4.6071 -2.8266 0.2363 80 200 120
-3.3026 3.3388 -0.2379 80 200 120
-3.0580 3.6534 0.0506 80 200 120
-4.4720 -1.1560 -0.3334 80 200 120
-4.5075 -3.1591 1.2317 80 200 120
-4.6381 1.0557 -0.6927 80 200 120
-4.5932 -3.1719 0.3176 80 200 120
-4.1082 -0.7841 1.6288 80 200 120
-2.5462 2.8498 0.0874 80 200 120
-2.7783 4.0217 0.6356 80 200 120
-2.1808 0.0486 1.5905 80 200 120
-3.0397 4.2407 1.7209 80 200 120
-4.1848 3.7470 0.2209 80 200 120
-3.0380 4.3157 1.1301 80 200 120
-5.3403 5.3887 1.6485 80 200 120
-5.0090 -0.0738 -0.5574 80 200 120
-3.8879 3.4471 -0.5887 80 200 120
-3.9442 2.1585 -0.3321 80 200 120
-0.8190 3.0787 1.2787 80 200 120
-1.1285 1.2487 1.6810 80 200 120
-3.2581 -3.2365 1.5747 80 200 120
-3.9246 -0.0322 1.5701 80 200 120
-4.7961 -2.3990 1.1069 80 200 120
-1.8589 -0.0120 0.5925 80 200 120
-1.8614 0.1127 0.8150 80 200 120
-2.7151 3.6043 -0.0166 80 200 120
-4.5552 -1.1434 -0.4139 80 200 120
-0.5150 2.9528 1.4555 80 200 120
-4.5837 0.2661 1.1852 80 200 120
-4.5019 0.9187 0.9336 80 200 120
-3.2659 4.1157 0.6342 80 200 120
-2.4178 1.6088 1.7002 80 200 120
-4.5702 0.0576 0.3530 80 200 120
-4.2543 2.7894 -0.4162 80 200 120
-4.6833 2.2259 0.9304 80 200 120
-1.8496 0.1558 1.5376 80 200 120
-2.1892 0.1027 1.1158 80 200 120
-5.0104 -1.0486 -0.5416 80 200 120
-5.9196 0.4610 -0.8894 80 200 120
-4.3804 2.6255 0.3765 80 200 120
-4.9826 1.4425 -0.8715 80 200 120
-3.7763 3.0418 -0.4771 80 200 120
-4.1162 3.5416 0.1697 80 200 120
-1.1401 0.5014 1.6439 80 200 120
-2.4726 0.6106 1.5977 80 200 120
-3.8221 -2.0947 1.6253 80 200 120
-1.9728 0.0575 1.7090 80 200 120
-2.9179 3.4371 -0.4645 80 200 120
-2.2244 0.8883 0.5408 80 200 120
-1.1893 1.1431 1.6587 80 200 120
-4.2428 -3.1061 1.5495 80 200 120
-8.8562 12.6004 -3.6681 80 200 120
-3.4096 -3.0248 1.6652 80 200 120
-4.9494 -1.6140 0.0349 80 200 120
-4.0032 1.1049 1.5777 80 200 120
-2.0502 -0.2757 0.7470 80 200 120
-2.3005 -0.0507 0.6645 80 200 120
-5.0968 -1.0431 -0.5600 80 200 120
-2.0280 -0.1867 0.8837 80 200 120
-3.9222 0.9472 -0.1160 80 200 120
-3.2223 -2.2283 1.6004 80 200 120
-2.7256 4.5686 0.2090 80 200 120
-2.9511 3.3912 1.5546 80 200 120
-2.1267 -0.5028 0.6099 80 200 120
-2.2665 0.2316 1.1730 80 200 120
-3.4132 -3.2072 1.5766 80 200 120
-3.9985 -3.1634 1.1525 80 200 120
-3.2319 -3.2100 1.5498 80 200 120
-2.5969 3.5073 1.4368 80 200 120
-3.7292 -3.2635 1.4878 80 200 120
-3.1883 4.0373 -0.0170 80 200 120
-4.5898 -3.0880 1.5673 80 200 120
-4.4689 1.7464 0.4405 80 200 120
-3.8669 -0.6171 1.6315 80 200 120
-4.4841 1.0298 1.6873 80 200 120
-2.4785 4.1971 1.0661 80 200 120
-2.1168 3.8691 0.6592 80 200 120
-4.7122 -2.8582 0.2342 80 200 120
-79.5007 168.1548 -46.9189 80 200 120
-5.3449 10.8189 -0.4757 80 200 120
-3.2096 2.7702 -0.2890 80 200 120
-2.1995 0.0065 1.5949 80 200 120
-4.2064 -1.3379 1.6488 80 200 120
-4.1259 4.6884 -1.5252 80 200 120
-1.9353 0.1003 1.3938 80 200 120
-2.2217 3.2477 1.1500 80 200 120
-4.0475 -0.5079 1.5849 80 200 120
-3.6438 -3.2709 1.6788 80 200 120
-4.3417 1.2937 1.5177 80 200 120
-4.4593 -0.7445 1.6304 80 200 120
-2.2129 2.2995 0.1115 80 200 120
-2.7693 3.8494 -0.1342 80 200 120
-4.5472 0.7768 0.4577 80 200 120
-1.9461 0.0221 1.6069 80 200 120
-2.8413 2.1628 1.6354 80 200 120
-4.0092 -1.2093 1.6535 80 200 120
-3.2973 2.9724 1.5730 80 200 120
-2.7152 -0.0231 1.6520 80 200 120
-3.4388 0.7788 1.6722 80 200 120
-3.7290 1.4802 -0.7791 80 200 120
-2.3472 3.0656 1.6431 80 200 120
-4.0496 -3.1923 1.1554 80 200 120
-4.6116 -0.1083 0.5059 80 200 120
-2.2861 0.0907 0.4022 80 200 120
-2.7659 3.8655 0.6548 80 200 120
-4.3923 4.9219 -0.3813 80 200 120
-2.2794 0.0856 0.9353 80 200 120
-2.0450 -0.2207 0.8485 80 200 120
-2.0501 2.1194 1.2673 80 200 120
-4.6698 -0.4986 0.8026 80 200 120
-3.1816 2.1294 -0.6704 80 200 120
-2.3139 2.1714 -0.1368 80 200 120
-2.7274 4.1713 0.2356 80 200 120
-2.1588 3.4027 0.0116 80 200 120
-3.0613 2.4806 -0.1782 80 200 120
-4.4516 1.9762 -0.3446 80 200 120
-4.5488 0.8812 1.0432 80 200 120
-4.6482 3.7352 0.7682 80 200 120
-2.2104 0.2562 1.4611 80 200 120
-4.4332 3.9041 1.6696 80 200 120
-4.5905 4.9893 -2.0649 80 200 120
-4.2652 2.1186 0.3353 80 200 120
-3.3780 -3.1537 1.5208 80 200 120
-3.6597 3.7166 0.0193 80 200 120
-3.2442 -2.9620 1.6051 80 200 120
-4.6782 -0.2603 1.3401 80 200 120
-2.2523 0.1890 0.9470 80 200 120
-4.4381 2.6135 1.6411 80 200 120
-4.2925 -1.0757 1.6469 80 200 120
-5.1314 6.7368 0.1036 80 200 120
-4.5659 5.8257 -0.9977 80 200 120
-1.9301 2.0405 0.8810 80 200 120
-2.7223 3.4131 0.2528 80 200 120
-3.0104 0.6431 1.6923 80 200 120
-3.5276 6.2344 -0.7562 80 200 120
-4.5083 0.8439 -0.0376 80 200 120
-2.6247 1.0264 1.6885 80 200 120
-4.6882 -1.0871 1.3915 80 200 120
-4.6572 -0.6925 0.9453 80 200 120
-4.7404 -1.2400 0.7710 80 200 120
-4.8235 3.4594 -2.0958 80 200 120
-3.9271 3.5122 1.2868 80 200 120
-2.1949 0.0598 1.6394 80 200 120
-2.2462 0.2972 1.5635 80 200 120
-3.7506 -3.2913 1.6572 80 200 120
-1.8738 3.3516 0.3504 80 200 120
-2.0630 -0.0220 1.5854 80 200 120
-4.5927 0.8061 0.4518 80 200 120
-1.4643 0.6370 1.3776 80 200 120
-4.2264 2.8117 -0.4250 80 200 120
-2.7068 3.3003 -0.4864 80 200 120
-3.3758 -0.9488 1.6359 80 200 120
-3.8050 -1.5971 1.6354 80 200 120
-3.5740 3.9014 -1.1310 80 200 120
0.1665 2.4230 1.7314 80 200 120
-2.4092 3.4171 0.9494 80 200 120
-2.1991 4.3633 -0.4222 80 200 120
-1.5984 3.4003 0.6790 80 200 120
-4.7786 3.8266 1.4065 80 200 120
-2.3375 -0.0964 0.7907 80 200 120
-2.0832 3.8247 -0.0053 80 200 120
-2.1531 0.6343 1.3171 80 200 120
-2.1864 0.4846 1.4916 80 200 120
-1.6848 3.3595 1.0672 80 200 120
-4.0767 1.2002 -0.9151 80 200 120
-10.2409 13.7322 -8.3758 80 200 120
-4.3251 4.0917 0.1888 80 200 120
-4.1530 3.3291 -1.3014 80 200 120
-1.9592 3.2765 1.5010 80 200 120
-4.7005 3.8706 -1.8693 80 200 120
-4.4470 1.3788 0.2333 80 200 120
-4.7035 -1.2499 1.0740 80 200 120
-4.8662 6.7877 -1.1834 80 200 120
-2.2213 3.7031 -0.3373 80 200 120
-4.3417 2.6481 -0.7939 80 200 120
-3.8850 1.8633 1.6845 80 200 120
-3.8964 -2.9375 1.6227 80 200 120
-4.7750 -3.1687 1.5952 80 200 120
-3.2395 2.0388 1.6830 80 200 120
-1.8902 1.4219 0.9826 80 200 120
-4.2014 -3.0209 1.5156 80 200 120
-2.1381 1.3865 1.6640 80 200 120
-2.1924 0.3819 0.9768 80 200 120
-3.2033 2.4428 -1.2087 80 200 120
-4.6866 -0.7381 1.3335 80 200 120
-3.2939 1.5497 -1.0015 80 200 120
-1.5978 3.8238 -0.5500 80 200 120
-4.2189 1.6011 -1.2947 80 200 120
-4.2135 5.2180 -1.7072 80 200 120
-2.1779 0.4527 1.4379 80 200 120
-2.9720 3.0745 -0.7929 80 200 120
-2.2825 2.9509 -0.2341 80 200 120
-3.2449 3.9786 -0.4225 80 200 120
-4.5437 0.6565 1.2441 80 200 120
-4.0775 4.0852 -0.6968 80 200 120
-2.0032 3.5447 0.9193 80 200 120
-1.8877 3.2062 0.3272 80 200 120
-2.0738 3.7147 0.2162 80 200 120
-1.4669 3.6052 1.6138 80 200 120
-2.9342 2.1259 -0.8205 80 200 120
-3.9088 -0.4280 1.6387 80 200 120
-4.8923 -3.2617 1.6887 80 200 120
-4.5652 -0.1177 1.6419 80 200 120
-4.1930 3.6793 0.7976 80 200 120
-4.2804 2.2611 -1.3984 80 200 120
-2.1205 0.5742 1.2933 80 200 120
-5.8715 2.4791 -2.7687 80 200 120
-4.2525 1.6526 -1.3182 80 200 120
-2.7138 2.9164 1.6909 80 200 120
-1.3136 3.4900 0.9098 80 200 120
-4.4531 2.0311 -2.0390 80 200 120
-4.1969 1.2727 -1.3359 80 200 120
-3.9913 3.5448 -0.1986 80 200 120
-3.4968 2.5267 -1.3155 80 200 120
-2.1819 0.3902 0.8964 80 200 120
-3.9144 1.6429 -1.3636 80 200 120
-2.6931 3.0750 -0.5046 80 200 120
-4.5115 1.2312 -0.9228 80 200 120
-2.2270 0.2686 0.6970 80 200 120
-2.6788 -0.2628 0.0105 80 200 120
-1.4219 3.3871 -0.0967 80 200 120
-4.5177 1.1307 0.4146 80 200 120
-2.8549 1.5093 -0.9112 80 200 120
-1.9181 2.8447 1.6785 80 200 120
-4.3791 -2.9635 1.6677 80 200 120
-4.3842 3.0951 -1.5161 80 200 120
-4.4492 3.2957 0.7509 80 200 120
-4.4301 0.9258 1.6522 80 200 120
-4.4045 -1.7854 1.6665 80 200 120
-3.7961 3.6135 0.8189 80 200 120
-4.1600 1.2710 -1.2619 80 200 120
-4.0323 1.3960 -1.1713 80 200 120
-1.1864 7.1602 -0.9545 80 200 120
-1.4403 3.0762 0.3447 80 200 120
-3.8340 1.9777 -1.2836 80 200 120
-2.7770 5.8578 -2.5644 80 200 120
-4.6985 1.4555 -1.6791 80 200 120
-2.0042 1.2057 1.6436 80 200 120
-1.6616 2.4468 1.5835 80 200 120
-2.9421 2.3313 -0.9090 80 200 120
-1.1217 3.5791 1.4956 80 200 120
-2.4220 2.2962 1.6544 80 200 120
-4.1055 1.4439 -1.6394 80 200 120
-2.7606 3.2546 -1.1472 80 200 120
-3.5206 2.5934 -1.3402 80 200 120
-2.6022 1.0241 -0.4210 80 200 120
-2.1936 4.0935 -0.0861 80 200 120
-4.5826 0.9240 -1.1849 80 200 120
-4.6302 0.9476 -0.0761 80 200 120
-3.8411 2.4405 -1.2544 80 200 120
-1.3431 3.4442 -0.4226 80 200 120
-4.6471 -1.6866 1.1083 80 200 120
-3.8422 3.3139 1.7107 80 200 120
-2.8971 0.6271 1.6296 80 200 120
-3.0836 2.7406 1.6741 80 200 120
-3.9509 1.7316 -1.3973 80 200 120
-3.6880 2.5925 -1.7444 80 200 120
-0.7762 3.3807 1.3243 80 200 120
-4.0494 1.3381 -1.5703 80 200 120
-3.4066 3.0828 -0.9456 80 200 120
