t,tracked,n_obs0,n_obs1,mean0,ms,keyframe,n_landmarks
1520530308.199448,0,0,0,32.81,1.35,0,0
1520530308.249449,0,0,0,32.97,0.65,0,0
1520530308.299451,0,0,0,32.88,0.66,0,0
1520530308.349503,0,0,0,34.46,0.66,0,0
1520530308.399505,0,0,0,34.83,0.65,0,0
1520530308.449505,0,0,0,34.94,0.64,0,0
1520530308.499506,0,0,0,34.57,0.66,0,0
1520530308.549508,0,0,0,34.72,0.65,0,0
1520530308.599509,0,0,0,34.80,0.66,0,0
1520530308.649555,0,0,0,34.70,0.65,0,0
1520530308.699512,0,0,0,34.58,0.64,0,0
1520530308.749559,0,0,0,36.16,0.65,0,0
1520530308.799560,0,0,0,36.06,0.61,0,0
1520530308.849562,0,0,0,36.08,0.60,0,0
1520530308.899563,0,0,0,36.16,0.62,0,0
1520530308.949565,0,0,0,36.42,0.63,0,0
1520530308.999567,0,0,0,36.31,0.61,0,0
1520530309.049568,0,0,0,36.56,0.71,0,0
1520530309.099570,0,0,0,36.48,0.59,0,0
1520530309.149567,0,0,0,36.26,0.62,0,0
1520530309.199583,0,0,0,36.84,0.62,0,0
1520530309.249583,0,0,0,36.56,0.63,0,0
1520530309.299586,0,0,0,36.86,0.61,0,0
1520530309.349586,0,0,0,36.84,0.61,0,0
1520530309.399589,0,0,0,36.56,0.63,0,0
1520530309.449590,0,0,0,36.54,0.63,0,0
1520530309.499591,0,0,0,36.69,0.62,0,0
1520530309.549594,0,0,0,36.90,0.61,0,0
1520530309.599597,0,0,0,36.75,0.62,0,0
1520530309.649599,0,0,0,37.06,0.62,0,0
1520530309.699600,0,0,0,37.13,0.60,0,0
1520530309.749602,0,0,0,37.06,0.61,0,0
1520530309.799603,0,0,0,36.94,0.63,0,0
1520530309.849605,0,0,0,37.12,0.63,0,0
1520530309.899606,0,0,0,37.19,0.62,0,0
1520530309.949608,0,0,0,36.80,0.61,0,0
1520530309.999622,0,0,0,37.51,0.62,0,0
1520530310.049623,0,0,0,37.44,0.64,0,0
1520530310.099625,0,0,0,37.51,0.63,0,0
1520530310.149627,0,0,0,37.62,0.63,0,0
1520530310.199628,0,0,0,37.76,0.63,0,0
1520530310.249729,0,0,0,37.48,0.61,0,0
1520530310.299631,0,0,0,37.60,0.62,0,0
1520530310.349633,0,0,0,37.51,0.63,0,0
1520530310.399625,0,0,0,37.22,0.61,0,0
1520530310.449627,0,0,0,37.11,0.63,0,0
1520530310.499628,0,0,0,37.30,0.62,0,0
1520530310.549630,0,0,0,37.27,0.62,0,0
1520530310.599632,0,0,0,37.29,0.61,0,0
1520530310.649633,0,0,0,37.27,0.61,0,0
1520530310.699635,0,0,0,37.18,0.61,0,0
1520530310.749636,0,0,0,37.14,0.61,0,0
1520530310.799651,0,0,0,37.75,0.62,0,0
1520530310.849652,0,0,0,37.79,0.62,0,0
1520530310.899654,0,0,0,38.00,0.61,0,0
1520530310.949655,0,0,0,37.84,0.61,0,0
1520530310.999657,0,0,0,37.81,0.61,0,0
1520530311.049659,0,0,0,37.88,0.62,0,0
1520530311.099660,1,115,99,37.72,21.40,1,99
1520530311.149662,1,220,172,38.00,21.51,0,99
1520530311.199672,1,225,177,38.23,23.08,0,99
1520530311.249673,1,219,175,38.21,32.24,1,185
1520530311.299675,1,214,173,38.06,22.13,0,185
1520530311.349677,1,215,172,38.18,21.47,0,185
1520530311.399678,1,214,174,38.19,32.85,1,215
1520530311.449679,1,216,175,38.15,22.04,0,215
1520530311.499684,1,225,178,38.18,22.56,0,215
1520530311.549683,1,227,178,38.12,38.52,1,227
1520530311.599684,1,228,177,38.31,22.34,0,227
1520530311.649719,1,228,177,39.47,22.64,0,227
1520530311.699720,1,227,177,39.30,44.65,1,241
1520530311.749722,1,226,178,39.57,22.04,0,241
1520530311.799723,1,227,178,39.43,23.60,0,241
1520530311.849725,1,225,175,39.32,45.33,1,237
1520530311.899726,1,247,197,39.37,25.32,0,237
1520530311.949728,1,246,196,39.37,25.05,0,237
1520530311.999729,1,245,192,39.33,45.56,1,260
1520530312.049721,1,244,194,38.87,25.58,0,260
1520530312.099721,1,245,193,39.11,25.01,0,260
1520530312.149723,1,247,193,38.97,56.64,1,274
1520530312.199726,1,256,198,39.22,24.20,0,274
1520530312.249727,1,259,198,39.22,24.78,0,274
1520530312.299728,1,263,201,38.95,56.22,1,289
1520530312.349730,1,264,205,38.93,24.81,0,289
1520530312.399731,1,264,204,38.95,24.76,0,289
1520530312.449712,1,265,201,38.31,56.56,1,302
1520530312.499714,1,265,206,38.34,25.14,0,302
1520530312.549715,1,265,205,38.47,24.83,0,302
1520530312.599717,1,261,206,38.40,57.36,1,303
1520530312.649719,1,265,206,38.30,25.26,0,303
1520530312.699720,1,262,207,38.24,25.14,0,303
1520530312.749722,1,262,205,38.27,80.88,1,313
1520530312.799724,1,263,205,38.44,24.85,0,313
1520530312.849720,1,263,208,38.28,25.02,0,313
1520530312.899721,1,258,205,38.35,91.37,1,320
1520530312.949723,1,261,204,38.23,25.78,0,320
1520530312.999725,1,263,205,38.41,26.00,0,320
1520530313.049726,1,263,204,38.29,69.83,1,339
1520530313.099727,1,267,209,38.34,25.68,0,339
1520530313.149729,1,270,215,38.34,26.14,0,339
1520530313.199730,1,281,217,38.21,102.46,1,362
1520530313.249736,1,281,223,38.34,26.72,0,362
1520530313.299738,1,279,221,38.64,26.36,0,362
1520530313.349739,1,273,217,38.59,109.27,1,370
1520530313.399790,1,273,214,38.60,26.74,0,370
1520530313.449743,1,273,217,38.43,25.43,0,370
1520530313.499744,1,272,216,38.29,119.06,1,371
1520530313.549746,1,272,215,38.47,26.17,0,371
1520530313.599747,1,272,219,38.46,25.86,0,371
1520530313.649745,1,273,219,38.30,81.38,1,371
1520530313.699746,1,274,219,38.16,26.23,0,371
1520530313.749748,1,271,223,38.33,26.23,0,371
1520530313.799750,1,274,220,38.35,87.75,1,383
1520530313.849751,1,273,217,38.56,26.05,0,383
1520530313.899753,1,268,213,38.43,25.90,0,383
1520530313.949754,1,268,213,38.19,151.55,1,403
1520530313.999756,1,270,213,38.23,26.21,0,403
1520530314.049757,1,268,216,38.63,25.80,0,403
1520530314.099763,1,268,215,38.57,99.36,1,416
1520530314.149765,1,266,216,38.61,26.84,0,416
1520530314.199766,1,267,215,38.71,25.89,0,416
1520530314.249768,1,265,215,38.92,142.16,1,424
1520530314.299769,1,264,220,38.97,26.83,0,424
1520530314.349771,1,265,214,38.77,25.67,0,424
1520530314.399773,1,267,217,38.90,156.10,1,436
1520530314.449774,1,264,217,38.84,26.28,0,436
1520530314.499774,1,260,216,39.13,26.87,0,436
1520530314.549776,1,249,213,38.97,123.25,1,449
1520530314.599777,1,247,213,39.12,26.65,0,449
1520530314.649779,1,242,210,39.45,25.63,0,449
1520530314.699780,1,256,216,39.77,226.00,1,464
1520530314.749782,1,262,219,39.80,27.74,0,464
1520530314.799787,1,255,218,40.00,26.69,0,464
1520530314.849784,1,245,215,40.42,136.07,1,476
1520530314.899810,1,233,208,41.22,25.27,0,476
1520530314.949812,1,247,214,41.66,25.71,0,476
1520530314.999919,1,235,205,41.68,169.50,1,489
1520530315.049815,1,261,222,41.70,26.50,0,489
1520530315.099817,1,266,227,41.89,27.90,0,489
1520530315.149818,1,270,228,41.99,219.75,1,525
1520530315.199819,1,270,227,42.16,27.10,0,525
1520530315.249821,1,273,235,42.37,27.04,0,525
1520530315.299635,1,282,229,35.04,162.25,1,553
1520530315.349637,1,268,226,34.89,27.38,0,553
1520530315.399639,1,266,226,34.76,27.14,0,553
1520530315.449640,1,271,232,34.76,70.13,1,524
1520530315.499642,1,255,232,34.61,28.47,0,524
1520530315.549643,1,262,235,34.78,27.77,0,524
1520530315.599645,1,261,231,34.53,74.13,1,529
1520530315.649646,1,245,221,34.36,27.92,0,529
1520530315.699637,1,243,224,33.55,26.34,0,529
1520530315.749639,1,237,222,33.52,72.96,1,530
1520530315.799640,1,256,225,33.62,27.26,0,530
1520530315.849642,1,246,223,33.53,26.88,0,530
1520530315.899643,1,245,214,33.29,66.10,1,533
1520530315.949645,1,240,199,32.86,26.74,0,533
1520530315.999647,1,239,189,32.87,25.59,0,533
1520530316.049648,1,244,197,32.67,69.72,1,538
1520530316.100221,1,190,158,53.46,26.46,0,538
1520530316.150223,1,194,164,53.66,22.46,0,538
1520530316.200224,1,187,163,54.00,57.93,1,548
1520530316.250226,1,186,167,54.22,21.60,0,548
1520530316.300227,1,199,171,54.27,21.99,0,548
1520530316.350229,1,196,172,54.59,62.72,1,558
1520530316.400230,1,190,167,54.29,21.89,0,558
1520530316.450231,1,188,165,54.30,21.93,0,558
1520530316.500233,1,190,166,54.43,65.63,1,557
1520530316.550276,1,183,163,55.71,22.74,0,557
1520530316.600278,1,181,161,55.64,21.07,0,557
1520530316.650280,1,195,171,55.65,66.36,1,571
1520530316.700281,1,300,247,55.63,28.80,0,571
1520530316.750283,1,286,241,55.50,28.68,0,571
1520530316.800284,1,280,238,55.53,90.04,1,650
1520530316.850286,1,277,239,55.31,28.34,0,650
1520530316.900287,1,273,239,55.56,28.22,0,650
1520530316.949773,1,184,164,37.26,68.90,1,656
1520530316.999775,1,187,165,37.40,22.28,0,656
1520530317.049776,1,187,168,37.18,21.97,0,656
1520530317.099778,1,183,165,37.26,103.19,1,660
1520530317.149779,1,196,168,37.34,22.10,0,660
1520530317.199781,1,189,163,37.32,21.89,0,660
1520530317.249782,1,192,163,37.36,106.33,1,667
1520530317.299784,1,193,157,37.31,22.21,0,667
1520530317.349743,1,188,150,35.72,21.91,0,667
1520530317.399745,1,188,150,35.72,103.62,1,659
1520530317.449748,1,188,147,35.60,21.65,0,659
1520530317.499748,1,179,141,35.65,20.42,0,659
1520530317.549752,1,193,145,35.41,108.38,1,674
1520530317.599752,1,191,141,35.16,21.26,0,674
1520530317.649754,1,195,139,35.17,21.31,0,674
1520530317.699755,1,192,136,34.48,71.97,1,686
1520530317.750237,1,209,137,50.63,24.27,0,686
1520530317.800239,1,218,143,49.92,22.15,0,686
1520530317.850240,1,234,156,49.24,101.32,1,734
1520530317.900242,1,240,158,48.60,24.83,0,734
1520530317.950243,1,238,156,48.25,23.54,0,734
1520530318.000244,1,237,159,47.68,110.38,1,744
1520530318.050247,1,236,159,47.23,23.86,0,744
1520530318.100248,1,233,158,47.07,23.31,0,744
1520530318.150816,1,230,165,63.41,103.52,1,772
1520530318.200769,1,235,169,63.21,24.10,0,772
1520530318.250771,1,232,172,63.22,24.80,0,772
1520530318.300772,1,242,180,63.11,106.31,1,796
1520530318.350774,1,230,176,63.43,25.26,0,796
1520530318.400775,1,221,174,63.61,24.03,0,796
1520530318.450777,1,219,169,63.88,89.25,1,802
1520530318.500778,1,246,185,63.82,24.48,0,802
1520530318.550780,1,254,197,64.03,25.33,0,802
1520530318.600567,1,288,214,57.46,131.50,1,864
1520530318.650568,1,300,222,57.57,28.90,0,864
1520530318.700570,1,286,216,57.73,28.55,0,864
1520530318.750571,1,300,226,58.06,134.94,1,888
1520530318.800573,1,296,223,58.25,28.87,0,888
1520530318.850574,1,279,212,58.43,27.74,0,888
1520530318.900576,1,273,204,58.80,122.36,1,893
1520530318.950577,1,267,204,59.02,26.86,0,893
1520530318.999955,1,194,144,38.95,26.00,0,893
1520530319.049957,1,192,144,39.01,159.29,1,910
1520530319.099960,1,193,146,39.47,22.05,0,910
1520530319.149961,1,200,152,39.41,21.58,0,910
1520530319.199962,1,230,173,39.65,146.36,1,937
1520530319.249964,1,223,169,39.73,24.56,0,937
1520530319.299965,1,211,166,40.21,23.57,0,937
1520530319.349967,1,203,160,40.21,150.68,1,915
1520530319.399832,1,193,156,35.62,24.10,0,915
1520530319.449833,1,186,157,35.64,21.43,0,915
1520530319.499835,1,185,159,35.80,91.82,1,824
1520530319.549837,1,181,157,35.76,21.06,0,824
1520530319.599838,1,183,156,35.52,21.08,0,824
1520530319.649840,1,176,144,35.31,77.53,1,785
1520530319.699841,1,181,145,35.35,20.76,0,785
1520530319.749942,1,180,147,35.21,20.35,0,785
1520530319.800341,1,177,153,53.11,67.77,1,804
1520530319.850343,1,172,152,53.50,20.49,0,804
1520530319.900344,1,173,149,54.04,20.43,0,804
1520530319.950346,1,178,154,54.57,64.10,1,806
1520530320.000347,1,164,147,54.93,20.54,0,806
1520530320.050349,1,160,144,55.13,20.00,0,806
1520530320.100350,1,179,159,55.48,87.22,1,823
1520530320.150352,1,170,154,55.63,21.55,0,823
1520530320.200401,1,209,188,57.84,23.70,0,823
1520530320.250402,1,200,179,58.04,105.26,1,867
1520530320.300404,1,195,172,58.24,23.28,0,867
1520530320.350405,1,213,187,58.49,23.82,0,867
1520530320.400407,1,215,190,58.48,78.97,1,861
1520530320.450408,1,216,189,58.62,23.77,0,861
1520530320.500410,1,219,188,58.62,24.13,0,861
1520530320.550412,1,220,192,58.87,69.18,1,863
1520530320.599869,1,167,142,38.01,23.93,0,863
1520530320.649871,1,204,169,37.99,22.16,0,863
1520530320.699873,1,212,175,38.25,70.51,1,896
1520530320.749874,1,207,172,37.95,22.73,0,896
1520530320.799876,1,204,171,38.17,23.47,0,896
1520530320.849877,1,227,185,38.06,85.51,1,899
1520530320.899879,1,241,195,38.01,26.52,0,899
1520530320.949880,1,222,185,38.08,24.64,0,899
1520530320.999882,1,225,189,38.18,109.44,1,858
1520530321.049740,1,208,178,32.32,25.76,0,858
1520530321.099742,1,199,173,31.98,22.51,0,858
1520530321.149743,1,270,228,31.64,88.24,1,893
1520530321.199745,1,254,223,31.80,27.61,0,893
1520530321.249747,1,268,229,31.69,28.47,0,893
1520530321.299749,1,272,235,31.33,82.15,1,913
1520530321.349750,1,280,238,31.22,29.37,0,913
1520530321.399751,1,261,222,30.84,28.15,0,913
1520530321.449856,1,252,219,34.85,125.02,1,933
1520530321.499857,1,300,257,34.75,30.49,0,933
1520530321.549859,1,300,266,34.46,30.64,0,933
1520530321.599860,1,287,257,34.27,105.39,1,977
1520530321.649862,1,300,261,34.12,30.56,0,977
1520530321.699863,1,296,261,34.08,30.69,0,977
1520530321.749866,1,300,267,33.89,114.30,1,983
1520530321.799867,1,298,267,33.47,31.12,0,983
1520530321.850152,1,219,197,44.22,28.95,0,983
1520530321.900154,1,300,260,44.27,136.82,1,1052
1520530321.950155,1,300,259,44.04,30.53,0,1052
1520530322.000157,1,300,261,44.01,31.17,0,1052
1520530322.050158,1,300,261,43.77,97.53,1,1040
1520530322.100160,1,300,262,43.77,30.83,0,1040
1520530322.150162,1,298,258,43.53,29.95,0,1040
1520530322.200163,1,296,260,43.30,131.78,1,1029
1520530322.250207,1,289,260,44.96,30.15,0,1029
1520530322.300208,1,300,263,44.81,29.72,0,1029
1520530322.350209,1,300,266,44.73,101.14,1,1019
1520530322.400212,1,300,261,44.49,30.30,0,1019
1520530322.450214,1,300,262,44.39,29.72,0,1019
1520530322.500215,1,300,263,44.14,126.91,1,1001
1520530322.550216,1,297,261,44.19,30.09,0,1001
1520530322.600218,1,300,264,43.96,29.60,0,1001
1520530322.650023,1,261,224,36.87,167.39,1,1011
1520530322.700025,1,265,228,36.88,27.96,0,1011
1520530322.750027,1,264,231,36.84,26.78,0,1011
1520530322.800028,1,250,226,36.73,131.04,1,964
1520530322.850031,1,267,235,36.88,27.98,0,964
1520530322.900065,1,259,229,36.64,26.87,0,964
1520530322.950033,1,260,228,36.58,172.61,1,955
1520530323.000035,1,248,218,36.63,27.47,0,955
1520530323.050036,1,240,213,36.47,26.32,0,955
1520530323.100074,1,234,210,38.09,105.99,1,955
1520530323.150076,1,235,213,37.95,25.38,0,955
1520530323.200077,1,248,215,38.01,25.50,0,955
1520530323.250079,1,251,219,38.24,133.46,1,951
1520530323.300080,1,256,218,38.18,26.90,0,951
1520530323.350082,1,255,220,37.96,27.10,0,951
1520530323.400084,1,245,212,38.16,109.46,1,934
1520530323.450085,1,248,215,38.25,27.81,0,934
1520530323.500345,1,242,205,47.47,26.43,0,934
1520530323.550346,1,300,248,47.49,160.39,1,978
1520530323.600348,1,300,246,47.48,30.49,0,978
1520530323.650349,1,300,247,47.47,30.45,0,978
1520530323.700351,1,285,237,47.71,138.67,1,999
1520530323.750353,1,285,243,47.63,28.71,0,999
1520530323.800354,1,278,239,48.06,28.35,0,999
1520530323.850356,1,300,255,47.61,128.44,1,1023
1520530323.900153,1,246,211,40.82,28.93,0,1023
1520530323.950154,1,300,257,40.87,29.50,0,1023
1520530324.000156,1,300,260,40.76,133.17,1,1062
1520530324.050157,1,296,259,41.03,30.35,0,1062
1520530324.100159,1,281,249,41.40,28.82,0,1062
1520530324.150160,1,276,244,41.68,135.97,1,1058
1520530324.200162,1,271,235,41.94,27.84,0,1058
1520530324.250163,1,294,239,41.65,28.94,0,1058
1520530324.299908,1,222,184,33.07,101.30,1,1042
1520530324.349910,1,254,202,33.20,26.16,0,1042
1520530324.399911,1,259,198,33.61,26.97,0,1042
1520530324.449913,1,245,190,33.77,140.22,1,1024
1520530324.499994,1,242,187,33.62,25.21,0,1024
1520530324.549915,1,241,181,34.05,25.47,0,1024
1520530324.599917,1,240,183,34.10,135.94,1,1013
1520530324.649919,1,239,175,33.97,24.79,0,1013
1520530324.700018,1,229,167,37.13,24.41,0,1013
1520530324.750020,1,226,159,36.77,97.18,1,1002
1520530324.800021,1,220,155,36.59,23.52,0,1002
1520530324.850023,1,226,157,36.31,23.08,0,1002
1520530324.900024,1,224,155,36.34,92.43,1,975
1520530324.950026,1,226,158,36.03,23.50,0,975
1520530325.000028,1,219,157,35.94,22.85,0,975
1520530325.050029,1,216,157,36.03,84.20,1,966
1520530325.100816,1,213,155,64.07,24.79,0,966
1520530325.150817,1,221,164,64.13,22.66,0,966
1520530325.200819,1,223,165,63.68,127.60,1,977
1520530325.250820,1,220,165,63.41,23.22,0,977
1520530325.300822,1,221,170,63.02,23.43,0,977
1520530325.350824,1,249,193,62.76,95.28,1,962
1520530325.400825,1,300,237,62.79,28.62,0,962
1520530325.450827,1,295,229,63.01,28.65,0,962
1520530325.500828,1,295,227,63.09,154.67,1,987
1520530325.550913,1,300,225,66.03,29.21,0,987
1520530325.600915,1,292,223,66.13,29.24,0,987
1520530325.650917,1,296,234,65.97,90.89,1,982
1520530325.700918,1,296,231,65.78,28.64,0,982
1520530325.750919,1,293,234,65.38,29.47,0,982
1520530325.800921,1,299,237,64.82,115.38,1,955
1520530325.850922,1,300,238,64.47,29.59,0,955
1520530325.900924,1,300,239,63.91,28.94,0,955
1520530325.950541,1,300,220,51.05,96.87,1,976
1520530326.000543,1,300,220,50.85,29.07,0,976
1520530326.050549,1,300,223,50.50,28.71,0,976
1520530326.100546,1,300,227,50.27,90.02,1,917
1520530326.150548,1,294,221,50.10,28.95,0,917
1520530326.200549,1,300,225,50.04,28.57,0,917
1520530326.250551,1,300,229,49.79,91.36,1,908
1520530326.300552,1,300,232,49.67,29.28,0,908
1520530326.350204,1,273,206,38.13,29.06,0,908
1520530326.400206,1,300,230,38.08,92.24,1,913
1520530326.450207,1,292,220,37.90,28.98,0,913
1520530326.500209,1,300,227,37.88,28.17,0,913
1520530326.550210,1,300,228,37.75,94.29,1,916
1520530326.600213,1,300,226,37.71,29.86,0,916
1520530326.650214,1,300,226,37.81,28.75,0,916
1520530326.700216,1,300,227,37.68,98.81,1,929
1520530326.750426,1,300,230,44.48,29.12,0,929
1520530326.800429,1,300,229,44.42,28.69,0,929
1520530326.850430,1,300,233,44.48,102.80,1,927
1520530326.900431,1,298,227,44.38,29.48,0,927
1520530326.950433,1,297,232,44.19,29.17,0,927
1520530327.000434,1,295,229,44.19,102.88,1,939
1520530327.050437,1,300,235,43.97,30.34,0,939
1520530327.100437,1,294,235,44.45,29.59,0,939
1520530327.150430,1,292,237,44.20,107.81,1,938
1520530327.200433,1,291,238,43.97,28.61,0,938
1520530327.250435,1,291,241,44.11,28.21,0,938
1520530327.300436,1,289,239,44.43,107.33,1,940
1520530327.350437,1,289,235,44.55,29.25,0,940
1520530327.400439,1,272,230,45.08,28.05,0,940
1520530327.450440,1,292,255,45.38,146.61,1,947
1520530327.500442,1,274,240,45.88,28.76,0,947
1520530327.550090,1,238,205,33.99,27.54,0,947
1520530327.600091,1,234,204,34.51,174.24,1,954
1520530327.650103,1,230,203,35.14,25.36,0,954
1520530327.700094,1,219,198,35.54,24.56,0,954
1520530327.750096,1,207,191,36.16,116.67,1,898
1520530327.800097,1,235,210,36.82,26.18,0,898
1520530327.850099,1,210,181,37.49,23.69,0,898
1520530327.900100,1,194,168,38.22,92.81,1,891
1520530327.950102,1,187,159,38.02,22.55,0,891
1520530328.000280,1,217,176,45.31,24.08,0,891
1520530328.050282,1,187,159,45.44,113.93,1,884
1520530328.100283,1,197,154,45.52,21.97,0,884
1520530328.150285,1,212,168,45.36,23.45,0,884
1520530328.200287,1,300,221,45.58,126.13,1,911
1520530328.250288,1,279,230,45.67,28.95,0,911
1520530328.300290,1,252,213,45.58,27.51,0,911
1520530328.350291,1,259,228,45.39,92.25,1,928
1520530328.400337,1,206,185,46.06,25.06,0,928
1520530328.450338,1,198,187,45.71,23.21,0,928
1520530328.500340,1,198,188,45.45,122.88,1,938
1520530328.550342,1,202,185,45.06,24.13,0,938
1520530328.600343,1,198,187,44.61,23.41,0,938
1520530328.650346,1,237,208,44.34,146.43,1,957
1520530328.700347,1,220,191,43.95,25.63,0,957
1520530328.750348,1,216,194,43.68,23.85,0,957
1520530328.800086,1,198,165,33.83,125.59,1,971
1520530328.850087,1,219,167,34.07,23.20,0,971
1520530328.900089,1,219,171,34.12,23.88,0,971
1520530328.950091,1,233,186,34.39,127.89,1,998
1520530329.000092,1,237,195,34.92,25.43,0,998
1520530329.050093,1,208,178,35.07,23.61,0,998
1520530329.100095,1,206,179,35.55,138.19,1,995
1520530329.150097,1,198,180,35.72,23.34,0,995
1520530329.200044,1,194,180,34.01,22.65,0,995
1520530329.250095,1,188,173,34.56,136.31,1,995
1520530329.300047,1,182,168,34.75,22.06,0,995
1520530329.350049,1,169,156,35.00,21.11,0,995
1520530329.400050,1,160,150,34.87,107.93,1,969
1520530329.450052,1,169,152,34.72,20.53,0,969
1520530329.500053,1,168,148,34.88,20.37,0,969
1520530329.550055,1,175,149,34.71,116.65,1,938
1520530329.600097,1,166,156,36.49,20.52,0,938
1520530329.650099,1,166,152,36.65,19.27,0,938
1520530329.700100,1,188,159,36.39,116.34,1,906
1520530329.750102,1,198,165,36.51,24.10,0,906
1520530329.800104,1,178,167,36.20,23.38,0,906
1520530329.850105,1,185,172,36.10,100.70,1,892
1520530329.900107,1,182,166,35.70,21.74,0,892
1520530329.950109,1,181,165,34.65,21.41,0,892
1520530330.000110,1,185,165,33.95,116.62,1,876
1520530330.050161,1,198,169,35.13,23.48,0,876
1520530330.100162,1,200,164,34.79,23.15,0,876
1520530330.150164,1,193,156,34.79,99.25,1,852
1520530330.200165,1,188,145,34.27,22.95,0,852
1520530330.250167,1,179,137,34.47,21.09,0,852
1520530330.300169,1,166,128,34.72,90.11,1,852
1520530330.350170,1,159,123,35.09,20.63,0,852
1520530330.400172,1,158,124,34.83,22.29,0,852
1520530330.450787,1,188,151,55.06,92.76,1,927
1520530330.500788,1,203,170,54.91,23.39,0,927
1520530330.550790,1,212,179,55.27,23.77,0,927
1520530330.600792,1,243,210,55.95,106.94,1,977
1520530330.650793,1,238,209,56.90,27.21,0,977
1520530330.700795,1,238,204,58.05,26.49,0,977
1520530330.750797,1,213,182,59.22,179.39,1,987
1520530330.800798,1,195,168,59.46,23.70,0,987
1520530330.850367,1,155,140,40.00,21.91,0,987
1520530330.900277,1,145,132,39.91,99.66,1,980
1520530330.950279,1,147,132,39.59,19.64,0,980
1520530331.000280,1,146,134,39.67,18.78,0,980
1520530331.050282,1,141,127,39.85,101.74,1,970
1520530331.100283,1,141,122,40.16,18.91,0,970
1520530331.150285,1,137,120,40.59,18.00,0,970
1520530331.200286,1,136,117,40.67,95.69,1,957
1520530331.250735,1,147,127,57.91,20.09,0,957
1520530331.300736,1,132,115,57.42,20.54,0,957
1520530331.350739,1,129,115,56.91,102.24,1,979
1520530331.400740,1,154,132,56.86,20.38,0,979
1520530331.450741,1,162,133,57.30,21.98,0,979
1520530331.500743,1,146,133,58.01,89.11,1,997
1520530331.550744,1,151,139,58.18,21.09,0,997
1520530331.600746,1,175,152,58.12,20.64,0,997
1520530331.650479,1,160,147,47.76,113.46,1,997
1520530331.700481,1,170,152,47.33,20.73,0,997
1520530331.750483,1,173,155,46.81,21.08,0,997
1520530331.800484,1,182,153,45.68,116.21,1,994
1520530331.850486,1,185,161,44.68,22.83,0,994
1520530331.900488,1,198,163,43.84,23.01,0,994
1520530331.950489,1,206,161,43.53,124.53,1,1020
1520530332.000491,1,195,151,43.29,23.62,0,1020
1520530332.050387,1,191,146,39.89,23.35,0,1020
1520530332.100388,1,182,141,39.72,82.38,1,1020
1520530332.150390,1,178,134,39.80,20.57,0,1020
1520530332.200392,1,179,132,39.69,20.38,0,1020
1520530332.250393,1,164,121,39.69,108.54,1,1005
1520530332.300399,1,164,118,39.75,21.52,0,1005
1520530332.350396,1,162,124,39.56,20.25,0,1005
1520530332.400401,1,158,123,39.59,84.64,1,945
1520530332.450399,1,182,145,40.07,21.93,0,945
1520530332.500483,1,183,149,43.02,21.55,0,945
1520530332.550483,1,177,154,43.50,96.90,1,980
1520530332.600486,1,172,156,44.15,21.10,0,980
1520530332.650488,1,162,148,44.73,20.47,0,980
1520530332.700488,1,258,225,45.39,93.22,1,1051
1520530332.750491,1,232,201,45.91,26.60,0,1051
1520530332.800492,1,240,206,46.34,26.00,0,1051
1520530332.850493,1,203,184,46.09,79.32,1,1005
1520530332.900164,1,148,139,33.57,23.41,0,1005
1520530332.950166,1,142,130,33.39,17.93,0,1005
1520530333.000168,1,135,122,33.16,98.03,1,991
1520530333.050169,1,133,122,33.15,17.93,0,991
1520530333.100171,1,131,114,33.33,17.34,0,991
1520530333.150173,1,127,114,33.51,89.78,1,966
1520530333.200174,1,124,108,33.60,17.84,0,966
1520530333.250175,1,119,106,34.12,16.92,0,966
1520530333.300608,1,124,111,51.75,80.70,1,975
1520530333.350610,1,149,127,52.02,21.27,0,975
1520530333.400612,1,128,112,51.82,20.39,0,975
1520530333.450613,1,133,115,51.52,93.16,1,998
1520530333.500615,1,133,112,51.01,17.99,0,998
1520530333.550616,1,145,122,50.96,17.90,0,998
1520530333.600618,1,158,137,51.05,84.42,1,1013
1520530333.650619,1,151,133,50.71,20.21,0,1013
1520530333.700541,1,152,133,47.50,18.88,0,1013
1520530333.750542,1,141,127,48.01,78.78,1,1016
1520530333.800544,1,156,143,48.25,19.64,0,1016
1520530333.850545,1,152,141,48.14,19.41,0,1016
1520530333.900547,1,161,150,47.68,63.35,1,1036
1520530333.950549,1,157,147,46.87,20.42,0,1036
1520530334.000561,1,163,145,46.01,20.78,0,1036
1520530334.050551,1,163,144,45.64,97.37,1,1045
1520530334.100216,1,152,136,32.81,20.41,0,1045
1520530334.150218,1,157,140,32.71,19.13,0,1045
1520530334.200219,1,186,155,32.59,89.36,1,1069
1520530334.250221,1,202,169,32.65,22.10,0,1069
1520530334.300222,1,182,161,32.86,22.10,0,1069
1520530334.350224,1,174,155,33.37,98.42,1,1067
1520530334.400225,1,174,158,33.46,21.59,0,1067
1520530334.450227,1,170,154,33.48,21.09,0,1067
1520530334.500228,1,175,154,33.49,125.76,1,1054
1520530334.550086,1,168,148,28.61,21.89,0,1054
1520530334.600088,1,162,147,28.14,20.97,0,1054
1520530334.650089,1,155,139,27.10,80.66,1,964
1520530334.700091,1,181,153,26.02,22.08,0,964
1520530334.750092,1,166,145,25.24,20.14,0,964
1520530334.800094,1,163,148,24.39,99.93,1,899
1520530334.850095,1,206,179,23.97,23.94,0,899
1520530334.900097,1,201,171,23.95,23.30,0,899
1520530334.950928,1,300,257,55.06,109.17,1,998
1520530335.000928,1,300,258,55.01,30.29,0,998
1520530335.050931,1,285,248,55.53,31.11,0,998
1520530335.100933,1,266,238,55.66,173.69,1,1021
1520530335.150934,1,266,235,55.68,28.19,0,1021
1520530335.200936,1,232,201,56.42,27.67,0,1021
1520530335.250937,1,211,186,57.83,111.25,1,1018
1520530335.300938,1,205,185,58.90,24.39,0,1018
1520530335.351457,1,217,186,76.98,24.40,0,1018
1520530335.401459,1,204,180,76.52,108.90,1,1028
1520530335.451459,1,205,181,76.62,23.49,0,1028
1520530335.501461,1,206,181,76.51,22.91,0,1028
1520530335.551462,1,204,182,76.06,113.27,1,1008
1520530335.601512,1,229,201,76.37,24.84,0,1008
1520530335.651465,1,225,193,76.24,23.99,0,1008
1520530335.701467,1,290,229,76.22,104.84,1,1032
1520530335.750223,1,171,145,31.49,154.24,1,1075
1520530335.800224,1,265,212,31.46,26.13,0,1075
1520530335.850226,1,225,198,31.25,26.94,0,1075
1520530335.900227,1,211,187,31.14,158.12,1,1131
1520530335.950228,1,221,201,31.99,25.03,0,1131
1520530336.000230,1,199,190,32.08,24.48,0,1131
1520530336.050231,1,194,185,32.44,161.97,1,1126
1520530336.100233,1,195,185,32.17,23.29,0,1126
1520530336.150177,1,184,175,30.43,22.59,0,1126
1520530336.200179,1,183,173,30.40,118.18,1,1081
1520530336.250180,1,196,177,30.62,22.39,0,1081
1520530336.300182,1,196,172,30.69,22.36,0,1081
1520530336.350183,1,188,169,30.88,122.65,1,1042
1520530336.400185,1,174,161,30.97,22.14,0,1042
1520530336.450186,1,158,147,30.79,20.73,0,1042
1520530336.500188,1,162,149,30.94,121.59,1,1040
1520530336.550582,1,147,130,46.10,23.38,0,1040
1520530336.600584,1,149,129,46.05,19.40,0,1040
1520530336.650586,1,141,127,46.25,94.76,1,1041
1520530336.700586,1,142,126,46.11,18.53,0,1041
1520530336.750588,1,145,127,45.96,18.27,0,1041
1520530336.800590,1,203,171,45.96,120.99,1,1044
1520530336.850591,1,191,170,45.79,23.07,0,1044
1520530336.900594,1,188,169,46.00,21.92,0,1044
1520530336.950594,1,186,169,45.81,98.49,1,971
1520530337.000258,1,154,142,32.99,23.94,0,971
1520530337.050259,1,157,142,32.77,19.48,0,971
1520530337.100266,1,153,144,32.62,110.85,1,971
1520530337.150262,1,155,147,32.64,20.06,0,971
1520530337.200351,1,160,150,32.64,19.60,0,971
1520530337.250265,1,162,150,32.51,112.13,1,971
1520530337.300267,1,160,144,32.21,20.20,0,971
1520530337.350269,1,164,151,31.68,20.53,0,971
1520530337.400301,1,168,144,32.47,116.15,1,979
1520530337.450303,1,178,136,32.24,20.93,0,979
1520530337.500304,1,181,129,31.80,20.89,0,979
1520530337.550306,1,188,125,31.25,116.55,1,972
1520530337.600307,1,187,127,30.61,21.14,0,972
1520530337.650309,1,175,127,30.58,21.36,0,972
1520530337.700310,1,170,126,30.67,117.40,1,962
1520530337.750312,1,168,126,30.57,20.09,0,962
1520530337.800854,1,189,144,49.14,24.16,0,962
1520530337.850855,1,200,147,49.03,103.83,1,981
1520530337.900856,1,213,154,48.79,24.09,0,981
1520530337.950858,1,217,157,48.20,23.10,0,981
1520530338.000860,1,214,158,48.24,104.81,1,1008
1520530338.050862,1,209,157,48.19,23.78,0,1008
1520530338.100863,1,208,154,48.08,22.61,0,1008
1520530338.150864,1,251,188,48.09,104.77,1,1017
1520530338.200470,1,222,162,35.04,28.12,0,1017
1520530338.250473,1,215,157,35.46,23.11,0,1017
1520530338.300474,1,211,149,35.49,113.05,1,1008
1520530338.350476,1,244,173,36.19,25.31,0,1008
1520530338.400477,1,224,170,36.88,24.44,0,1008
1520530338.450478,1,206,164,37.43,103.46,1,1020
1520530338.500480,1,194,159,37.89,23.65,0,1020
1520530338.550481,1,196,164,38.27,22.12,0,1020
1520530338.600260,1,168,142,30.44,103.40,1,1017
1520530338.650261,1,158,138,30.25,20.86,0,1017
1520530338.700263,1,164,137,30.54,20.02,0,1017
1520530338.750266,1,197,154,29.68,76.42,1,1031
1520530338.800266,1,176,147,29.15,21.64,0,1031
1520530338.850267,1,169,143,28.66,21.12,0,1031
1520530338.900269,1,189,161,28.05,79.64,1,1061
1520530338.950270,1,159,144,27.25,22.58,0,1061
1520530339.000272,1,161,140,26.47,20.10,0,1061
1520530339.050959,1,246,218,52.61,112.30,1,1145
1520530339.100960,1,238,215,52.77,28.10,0,1145
1520530339.150962,1,229,208,52.82,26.47,0,1145
1520530339.200963,1,242,221,53.26,87.33,1,1049
1520530339.250965,1,235,211,52.91,27.09,0,1049
1520530339.300966,1,254,230,53.25,28.64,0,1049
1520530339.350968,1,237,213,53.37,114.96,1,1061
1520530339.400970,1,208,186,53.81,26.79,0,1061
1520530339.451687,1,300,249,81.57,31.35,0,1061
1520530339.501689,1,224,204,82.65,114.93,1,1106
1520530339.551691,1,207,191,83.57,25.94,0,1106
1520530339.601692,1,206,194,84.54,23.89,0,1106
1520530339.651693,1,206,189,84.78,129.29,1,1111
1520530339.701695,1,195,182,85.14,24.44,0,1111
1520530339.751697,1,194,176,85.43,22.71,0,1111
1520530339.801698,1,201,180,85.80,140.47,1,1120
1520530339.851056,1,169,150,61.16,22.64,0,1120
1520530339.901057,1,262,212,61.13,27.85,0,1120
1520530339.951059,1,250,208,60.96,104.33,1,1043
1520530340.001061,1,226,201,61.03,26.21,0,1043
1520530340.051062,1,246,206,60.88,26.77,0,1043
1520530340.101063,1,223,196,60.75,76.77,1,1019
1520530340.151065,1,228,200,61.04,25.68,0,1019
1520530340.201067,1,228,201,60.94,25.38,0,1019
1520530340.250395,1,145,131,34.73,91.68,1,1029
1520530340.300397,1,158,142,34.61,20.06,0,1029
1520530340.350399,1,153,139,34.60,19.48,0,1029
1520530340.400400,1,152,139,34.41,71.23,1,1039
1520530340.450401,1,154,140,34.34,19.21,0,1039
1520530340.500403,1,149,138,34.11,19.20,0,1039
1520530340.550404,1,153,139,33.87,103.84,1,1049
1520530340.600406,1,150,137,33.78,19.21,0,1049
1520530340.650347,1,162,145,31.23,19.85,0,1049
1520530340.700348,1,155,142,31.07,117.64,1,1048
1520530340.750350,1,157,143,30.80,20.41,0,1048
1520530340.800351,1,162,144,30.62,19.68,0,1048
1520530340.850353,1,164,145,30.22,76.51,1,1029
1520530340.900354,1,271,205,30.25,26.24,0,1029
1520530340.950356,1,258,201,30.22,27.42,0,1029
1520530341.000358,1,259,198,30.00,119.33,1,1036
1520530341.050774,1,215,156,45.16,27.38,0,1036
1520530341.100776,1,259,190,44.99,26.61,0,1036
1520530341.150777,1,300,226,44.84,119.62,1,1115
1520530341.200779,1,292,231,45.16,29.07,0,1115
1520530341.250780,1,286,228,45.37,28.43,0,1115
1520530341.300782,1,264,222,45.42,120.55,1,1118
1520530341.350784,1,256,214,45.68,27.23,0,1118
1520530341.400785,1,248,210,45.81,25.49,0,1118
1520530341.450787,1,255,215,45.87,87.61,1,1118
1520530341.500713,1,238,194,43.10,26.24,0,1118
1520530341.550714,1,228,188,43.28,24.58,0,1118
1520530341.600716,1,237,194,43.36,88.64,1,1113
1520530341.650717,1,232,191,43.37,24.39,0,1113
1520530341.700719,1,231,192,43.57,24.51,0,1113
1520530341.750720,1,234,196,43.57,90.74,1,1098
1520530341.800722,1,244,204,43.79,25.19,0,1098
1520530341.850723,1,237,201,43.81,24.98,0,1098
1520530341.900542,1,204,173,37.04,146.86,1,1093
1520530341.950578,1,208,179,37.09,23.47,0,1093
1520530342.000545,1,214,187,37.23,23.11,0,1093
1520530342.050546,1,206,179,37.26,130.59,1,1043
1520530342.100548,1,210,180,37.23,23.78,0,1043
1520530342.150549,1,233,190,37.23,24.93,0,1043
1520530342.200551,1,237,192,37.23,134.12,1,1038
1520530342.250553,1,223,185,37.01,25.23,0,1038
1520530342.300673,1,204,176,41.80,23.48,0,1038
1520530342.350675,1,203,176,41.42,98.67,1,1005
1520530342.400676,1,206,180,41.17,22.75,0,1005
1520530342.450678,1,243,194,41.17,25.17,0,1005
1520530342.500679,1,259,198,41.06,122.74,1,1012
1520530342.550681,1,300,224,41.12,29.33,0,1012
1520530342.600683,1,300,220,41.38,28.90,0,1012
1520530342.650684,1,300,220,41.29,92.73,1,1032
1520530342.700643,1,288,211,40.15,28.87,0,1032
1520530342.750644,1,280,213,40.14,28.52,0,1032
1520530342.800646,1,269,205,39.56,143.09,1,1032
1520530342.850648,1,261,197,38.89,26.50,0,1032
1520530342.900649,1,278,204,38.72,27.69,0,1032
1520530342.950651,1,267,205,38.53,118.27,1,1030
1520530343.000653,1,249,197,37.99,26.77,0,1030
1520530343.050654,1,272,207,37.50,27.02,0,1030
1520530343.101131,1,300,245,55.10,156.65,1,1081
1520530343.151133,1,293,240,55.43,29.80,0,1081
1520530343.201134,1,300,236,55.66,29.71,0,1081
1520530343.251136,1,264,202,55.83,146.40,1,1004
1520530343.301138,1,259,196,55.81,25.86,0,1004
1520530343.351140,1,300,216,55.49,27.88,0,1004
1520530343.401141,1,263,203,55.37,121.10,1,1010
1520530343.451144,1,247,190,54.77,25.85,0,1010
1520530343.501404,1,300,228,64.31,28.32,0,1010
1520530343.551476,1,300,230,63.99,158.39,1,1046
1520530343.601407,1,300,229,63.75,30.50,0,1046
1520530343.651408,1,300,221,63.13,29.80,0,1046
1520530343.701410,1,300,221,62.33,129.22,1,1045
1520530343.751410,1,266,206,61.10,28.01,0,1045
1520530343.801413,1,286,218,60.38,27.69,0,1045
1520530343.851414,1,259,214,59.28,131.42,1,1048
1520530343.901415,1,258,215,57.67,27.58,0,1048
1520530343.951402,1,267,217,55.70,26.66,0,1048
1520530344.001403,1,255,211,54.94,98.03,1,1048
1520530344.051405,1,300,244,54.35,29.81,0,1048
1520530344.101406,1,300,247,53.79,30.18,0,1048
1520530344.151408,1,295,245,53.28,146.98,1,1032
1520530344.201410,1,281,229,52.85,28.98,0,1032
1520530344.251411,1,267,230,52.07,27.27,0,1032
1520530344.301413,1,260,223,51.31,143.76,1,1029
1520530344.351409,1,251,219,49.82,27.34,0,1029
1520530344.401411,1,246,218,49.16,26.32,0,1029
1520530344.451412,1,267,231,48.61,127.42,1,1034
1520530344.501414,1,250,227,48.24,27.47,0,1034
1520530344.551415,1,257,226,48.23,26.32,0,1034
1520530344.601418,1,261,228,48.10,90.57,1,1046
1520530344.651419,1,265,231,48.51,28.15,0,1046
1520530344.701421,1,277,235,49.09,27.47,0,1046
1520530344.751636,1,254,227,55.28,136.10,1,1065
1520530344.801638,1,250,226,56.08,26.71,0,1065
1520530344.851639,1,243,217,56.74,25.79,0,1065
1520530344.901641,1,251,218,57.12,123.78,1,1077
1520530344.951642,1,252,216,58.00,26.69,0,1077
1520530345.001644,1,271,221,57.83,27.33,0,1077
1520530345.051645,1,258,217,57.11,109.10,1,1090
1520530345.101647,1,278,230,56.97,28.05,0,1090
1520530345.151845,1,300,244,59.28,29.86,0,1090
1520530345.201743,1,300,238,59.53,126.42,1,1068
1520530345.251745,1,300,234,59.91,30.15,0,1068
1520530345.301746,1,300,240,60.46,29.51,0,1068
1520530345.351748,1,300,230,60.60,117.27,1,1008
1520530345.401750,1,288,223,61.06,28.35,0,1008
1520530345.451751,1,300,231,61.70,28.57,0,1008
1520530345.501753,1,300,229,62.34,127.78,1,1036
1520530345.551195,1,300,231,46.52,32.34,0,1036
1520530345.601196,1,300,232,46.83,30.20,0,1036
1520530345.651198,1,300,226,47.31,102.20,1,1087
1520530345.701199,1,265,202,47.92,28.86,0,1087
1520530345.751201,1,238,173,48.16,25.61,0,1087
1520530345.801203,1,236,173,48.22,142.40,1,1095
1520530345.851204,1,196,161,48.84,23.38,0,1095
1520530345.901206,1,154,129,49.90,20.57,0,1095
1520530345.951161,1,159,119,49.31,110.48,1,1110
1520530346.001475,1,171,131,60.06,23.09,0,1110
1520530346.051476,1,150,115,60.72,19.83,0,1110
1520530346.101478,1,132,105,61.28,105.04,1,1119
1520530346.151479,1,136,113,61.70,17.30,0,1119
1520530346.201480,1,300,247,62.60,29.13,0,1119
1520530346.251484,1,300,258,63.09,127.28,1,1273
1520530346.301485,1,245,210,63.28,29.16,0,1273
1520530346.351486,1,300,252,63.35,30.51,0,1273
1520530346.401376,1,300,246,59.80,130.89,1,1364
1520530346.451378,1,254,198,60.19,30.85,0,1364
1520530346.501379,1,194,158,60.74,25.95,0,1364
1520530346.551380,1,181,148,61.01,104.44,1,1379
1520530346.601382,1,197,165,61.51,24.58,0,1379
1520530346.651383,1,300,238,61.70,31.84,0,1379
1520530346.701385,1,290,231,61.87,161.67,1,1453
1520530346.751386,1,300,219,61.87,35.27,0,1453
1520530346.801545,1,254,182,67.87,31.49,0,1453
1520530346.851546,1,188,153,67.86,124.10,1,1455
1520530346.901547,1,198,154,67.78,23.59,0,1455
1520530346.951549,1,190,150,67.77,22.86,0,1455
1520530347.001551,1,265,186,67.52,125.60,1,1521
1520530347.051553,1,250,175,67.48,29.08,0,1521
1520530347.101554,1,232,160,67.68,26.04,0,1521
1520530347.151556,1,225,156,67.69,127.10,1,1546
1520530347.201400,1,216,148,61.75,25.37,0,1546
1520530347.251402,1,197,138,61.89,22.78,0,1546
1520530347.301403,1,190,131,61.61,113.48,1,1489
1520530347.351405,1,184,123,61.39,21.78,0,1489
1520530347.401407,1,175,113,61.10,19.96,0,1489
1520530347.451408,1,171,112,60.58,110.14,1,1467
1520530347.501410,1,260,138,60.36,25.72,0,1467
1520530347.551411,1,184,109,60.50,23.66,0,1467
1520530347.601218,1,173,112,53.65,93.00,1,1451
1520530347.651220,1,158,108,53.98,19.51,0,1451
1520530347.701222,1,154,109,54.38,18.06,0,1451
1520530347.751223,1,154,108,54.89,91.22,1,1387
1520530347.801224,1,165,108,55.42,19.75,0,1387
1520530347.851226,1,132,98,55.60,18.60,0,1387
1520530347.901227,1,125,95,56.33,103.10,1,1338
1520530347.951229,1,120,96,56.54,17.07,0,1338
1520530348.001163,1,119,80,54.39,15.42,0,1338
1520530348.051164,1,113,92,54.61,96.28,1,1321
1520530348.101166,1,111,93,55.01,15.51,0,1321
1520530348.151168,1,184,136,55.36,19.83,0,1321
1520530348.201169,1,161,126,55.98,111.98,1,1350
1520530348.251170,1,135,107,56.38,19.00,0,1350
1520530348.301184,1,127,101,56.81,17.09,0,1350
1520530348.351173,1,136,105,57.02,93.01,1,1311
1520530348.401175,1,134,105,57.10,18.40,0,1311
1520530348.451416,1,128,100,67.32,18.60,0,1311
1520530348.501419,1,126,100,67.14,95.00,1,1317
1520530348.551420,1,128,102,67.18,17.04,0,1317
1520530348.601422,1,125,99,67.07,17.33,0,1317
1520530348.651423,1,127,103,67.00,94.03,1,1289
1520530348.701425,1,131,104,66.74,16.84,0,1289
1520530348.751426,1,123,90,66.79,17.52,0,1289
1520530348.801427,1,127,94,67.26,91.74,1,1279
1520530348.851315,1,130,98,61.99,17.76,0,1279
1520530348.901316,1,135,103,61.67,18.50,0,1279
1520530348.951318,1,138,105,61.38,86.57,1,1265
1520530349.001319,1,143,117,61.14,19.28,0,1265
1520530349.051321,1,142,117,60.87,18.38,0,1265
1520530349.101322,1,136,119,60.33,100.15,1,1258
1520530349.151325,1,140,118,59.67,19.00,0,1258
1520530349.201326,1,134,119,59.32,18.25,0,1258
1520530349.251106,1,147,128,49.97,83.73,1,1244
1520530349.301107,1,146,126,49.56,18.85,0,1244
1520530349.351109,1,145,128,49.63,18.68,0,1244
1520530349.401110,1,194,159,49.45,104.63,1,1230
1520530349.451112,1,202,161,49.11,22.81,0,1230
1520530349.501114,1,192,159,49.11,22.43,0,1230
1520530349.551115,1,210,168,49.40,107.66,1,1235
1520530349.601117,1,204,168,49.60,24.00,0,1235
1520530349.650935,1,228,178,42.02,25.49,0,1235
1520530349.700937,1,206,171,41.96,86.75,1,1226
1520530349.750943,1,205,165,41.84,22.74,0,1226
1520530349.800940,1,291,230,41.20,27.77,0,1226
1520530349.850941,1,282,233,40.76,130.88,1,1218
1520530349.900986,1,269,221,40.32,28.13,0,1218
1520530349.950944,1,262,206,39.70,26.45,0,1218
1520530350.000946,1,300,232,38.99,108.90,1,1252
1520530350.051376,1,254,195,55.47,29.01,0,1252
1520530350.101378,1,256,196,55.45,27.29,0,1252
1520530350.151379,1,280,214,55.39,111.15,1,1315
1520530350.201381,1,257,201,55.26,29.35,0,1315
1520530350.251384,1,244,187,54.72,26.22,0,1315
1520530350.301384,1,300,237,54.87,126.41,1,1388
1520530350.351386,1,300,227,54.79,30.45,0,1388
1520530350.401387,1,291,218,54.48,29.32,0,1388
1520530350.451515,1,297,217,58.64,118.39,1,1283
1520530350.501516,1,300,212,58.59,29.79,0,1283
1520530350.551518,1,300,219,58.30,30.25,0,1283
1520530350.601520,1,300,221,57.95,95.52,1,1234
1520530350.651521,1,300,222,57.94,30.43,0,1234
1520530350.701523,1,300,219,57.85,29.79,0,1234
1520530350.751523,1,300,215,57.62,137.16,1,1256
1520530350.801526,1,271,204,57.47,28.49,0,1256
1520530350.851527,1,300,231,57.16,30.18,0,1256
1520530350.901571,1,268,200,58.28,114.87,1,1176
1520530350.951573,1,269,208,57.83,28.12,0,1176
1520530351.001574,1,252,195,57.21,26.84,0,1176
1520530351.051576,1,233,190,56.30,114.41,1,1163
1520530351.101578,1,300,239,54.99,29.22,0,1163
1520530351.151579,1,244,215,53.69,27.55,0,1163
1520530351.201581,1,223,202,52.20,102.04,1,1125
1520530351.251582,1,213,196,51.33,23.38,0,1125
1520530351.301683,1,211,194,53.61,23.51,0,1125
1520530351.351680,1,211,188,52.46,111.83,1,1096
1520530351.401685,1,211,188,51.65,24.72,0,1096
1520530351.451683,1,235,200,51.25,23.61,0,1096
1520530351.501759,1,224,203,50.60,131.67,1,1097
1520530351.551686,1,221,200,50.30,24.58,0,1097
1520530351.601688,1,219,199,49.91,24.14,0,1097
1520530351.651689,1,223,205,50.08,109.48,1,1106
1520530351.701695,1,238,214,50.18,25.10,0,1106
1520530351.751696,1,247,219,50.05,25.30,0,1106
1520530351.801698,1,248,221,50.28,96.53,1,1104
1520530351.851700,1,244,221,50.48,25.81,0,1104
1520530351.901701,1,300,252,50.79,29.41,0,1104
1520530351.951703,1,270,243,51.33,131.28,1,1142
1520530352.001704,1,290,251,51.81,29.82,0,1142
1520530352.051706,1,300,259,52.21,30.24,0,1142
1520530352.101805,1,267,232,55.41,122.61,1,1165
1520530352.151806,1,275,236,55.44,28.08,0,1165
1520530352.201808,1,260,231,55.56,27.78,0,1165
1520530352.251809,1,268,233,55.80,126.04,1,1182
1520530352.301811,1,271,235,55.22,29.52,0,1182
1520530352.351812,1,261,222,54.38,28.16,0,1182
1520530352.401814,1,246,205,54.92,121.58,1,1160
1520530352.451817,1,237,193,55.85,27.26,0,1160
1520530352.501469,1,211,173,46.23,24.78,0,1160
1520530352.551471,1,300,229,46.53,128.23,1,1253
1520530352.601472,1,300,228,46.96,29.38,0,1253
1520530352.651474,1,276,213,47.15,27.43,0,1253
1520530352.701475,1,299,229,47.61,135.90,1,1274
1520530352.751477,1,300,232,47.85,30.05,0,1274
1520530352.801478,1,283,221,48.29,29.36,0,1274
1520530352.851480,1,300,231,48.68,132.94,1,1315
1520530352.901098,1,198,145,37.51,27.27,0,1315
1520530352.951099,1,211,144,37.78,21.93,0,1315
1520530353.001101,1,201,132,37.93,126.95,1,1331
1520530353.051102,1,168,126,38.17,22.45,0,1331
1520530353.101208,1,163,117,38.08,19.75,0,1331
1520530353.151105,1,150,107,38.18,102.63,1,1330
1520530353.201107,1,140,99,38.61,18.09,0,1330
1520530353.251108,1,117,81,39.19,17.07,0,1330
1520530353.301110,1,103,78,39.58,111.79,1,1313
1520530353.351398,1,110,87,49.61,16.89,0,1313
1520530353.401399,1,108,88,50.65,15.85,0,1313
1520530353.451401,1,300,246,51.11,163.43,1,1475
1520530353.501402,1,213,180,51.57,28.61,0,1475
1520530353.551404,1,217,183,52.04,24.52,0,1475
1520530353.601405,1,300,233,52.41,147.37,1,1528
1520530353.651407,1,300,232,52.44,34.15,0,1528
1520530353.701408,1,279,209,52.64,33.00,0,1528
1520530353.751736,1,300,222,65.24,166.69,1,1615
1520530353.801738,1,278,202,65.40,33.52,0,1615
1520530353.851739,1,268,198,65.31,33.09,0,1615
1520530353.901741,1,263,182,65.58,163.50,1,1638
1520530353.951742,1,209,156,65.65,27.23,0,1638
1520530354.001744,1,210,149,65.59,25.95,0,1638
1520530354.051745,1,238,161,65.59,157.26,1,1611
1520530354.101747,1,183,136,65.76,25.35,0,1611
1520530354.151896,1,253,171,71.56,26.96,0,1611
1520530354.201897,1,272,175,71.69,134.48,1,1623
1520530354.251899,1,287,186,71.36,32.19,0,1623
1520530354.301900,1,297,200,71.79,33.26,0,1623
1520530354.351902,1,237,158,71.82,152.13,1,1588
1520530354.401904,1,205,152,71.66,24.81,0,1588
1520530354.451905,1,262,168,71.16,26.82,0,1588
1520530354.501907,1,232,165,71.25,125.96,1,1541
1520530354.551594,1,252,176,58.93,28.63,0,1541
1520530354.601593,1,244,171,58.75,28.32,0,1541
1520530354.651595,1,211,148,58.74,114.11,1,1514
1520530354.701596,1,193,134,58.60,22.48,0,1514
1520530354.751597,1,180,129,58.86,21.19,0,1514
1520530354.801599,1,173,123,59.04,104.53,1,1454
1520530354.851600,1,169,123,59.37,20.29,0,1454
1520530354.901602,1,183,121,59.68,20.53,0,1454
1520530354.951359,1,166,113,50.74,129.13,1,1430
1520530355.001360,1,157,113,51.22,20.07,0,1430
1520530355.051362,1,138,108,51.18,18.73,0,1430
1520530355.101363,1,171,120,51.83,127.46,1,1402
1520530355.151365,1,180,132,52.55,22.87,0,1402
1520530355.201366,1,140,119,52.98,20.25,0,1402
1520530355.251368,1,126,102,52.99,99.33,1,1384
1520530355.301370,1,148,122,53.28,19.19,0,1384
1520530355.351371,1,191,141,53.67,22.16,0,1384
1520530355.401407,1,154,114,55.47,110.85,1,1392
1520530355.451408,1,300,208,55.83,27.95,0,1392
1520530355.501410,1,214,161,56.12,25.97,0,1392
1520530355.551411,1,203,159,56.38,115.12,1,1448
1520530355.601414,1,227,171,56.31,25.50,0,1448
1520530355.651416,1,211,158,56.60,23.74,0,1448
1520530355.701417,1,198,155,56.89,93.05,1,1443
1520530355.751418,1,184,141,56.86,22.06,0,1443
1520530355.801531,1,209,152,61.63,23.01,0,1443
1520530355.851533,1,200,148,61.56,116.69,1,1439
1520530355.901534,1,189,141,61.70,21.85,0,1439
1520530355.951536,1,186,142,61.35,21.16,0,1439
1520530356.001537,1,178,143,60.93,76.69,1,1418
1520530356.051539,1,172,134,60.90,20.97,0,1418
1520530356.101541,1,173,139,60.99,20.45,0,1418
1520530356.151542,1,175,137,60.49,102.08,1,1375
1520530356.201376,1,169,138,53.06,22.90,0,1375
1520530356.251380,1,172,139,52.63,21.20,0,1375
1520530356.301379,1,175,151,52.84,102.56,1,1370
1520530356.351380,1,180,153,52.61,21.83,0,1370
1520530356.401382,1,172,151,52.40,20.92,0,1370
1520530356.451383,1,168,153,52.02,105.55,1,1356
1520530356.501385,1,191,163,51.47,21.96,0,1356
1520530356.551386,1,180,159,51.28,22.50,0,1356
1520530356.601232,1,177,155,45.15,78.99,1,1330
1520530356.651235,1,177,157,44.84,21.44,0,1330
1520530356.701236,1,180,160,44.55,21.35,0,1330
1520530356.751237,1,201,171,44.74,106.92,1,1244
1520530356.801239,1,209,176,44.61,24.19,0,1244
1520530356.851240,1,198,168,44.60,22.79,0,1244
1520530356.901242,1,200,169,44.56,118.42,1,1221
1520530356.951244,1,203,170,44.77,23.40,0,1221
1520530357.001153,1,205,162,40.76,22.80,0,1221
1520530357.051154,1,201,162,40.78,118.84,1,1184
1520530357.101156,1,208,165,40.58,22.81,0,1184
1520530357.151156,1,223,180,39.94,25.07,0,1184
1520530357.201159,1,220,176,39.47,114.75,1,1177
1520530357.251160,1,212,166,38.95,23.92,0,1177
1520530357.301162,1,199,155,38.59,22.39,0,1177
1520530357.351164,1,233,178,38.04,115.81,1,1208
1520530357.401658,1,222,167,56.82,24.75,0,1208
1520530357.451660,1,267,204,56.68,27.10,0,1208
1520530357.501662,1,300,223,56.48,156.21,1,1322
1520530357.551663,1,300,227,56.43,30.74,0,1322
1520530357.601666,1,258,196,55.96,28.41,0,1322
1520530357.651666,1,300,231,55.95,121.91,1,1209
1520530357.701667,1,300,226,55.98,30.28,0,1209
1520530357.751669,1,294,219,55.88,29.12,0,1209
1520530357.801671,1,300,214,55.95,147.03,1,1164
1520530357.851585,1,265,197,51.64,27.92,0,1164
1520530357.901559,1,300,223,51.67,28.17,0,1164
1520530357.951560,1,300,222,51.35,119.33,1,1126
1520530358.001562,1,300,215,51.39,29.95,0,1126
1520530358.051563,1,300,215,51.17,30.33,0,1126
1520530358.101565,1,300,217,50.85,130.26,1,1117
1520530358.151567,1,300,219,50.79,30.30,0,1117
1520530358.201568,1,300,207,50.65,28.83,0,1117
1520530358.251625,1,300,206,52.68,104.20,1,1119
1520530358.301626,1,300,212,52.23,29.44,0,1119
1520530358.351628,1,300,227,51.90,29.68,0,1119
1520530358.401629,1,300,232,51.40,146.11,1,1117
1520530358.451631,1,283,219,50.90,29.08,0,1117
1520530358.501632,1,252,200,50.16,26.85,0,1117
1520530358.551634,1,241,202,49.29,122.36,1,1082
1520530358.601636,1,235,197,48.08,25.31,0,1082
1520530358.651798,1,251,204,52.35,26.08,0,1082
1520530358.701800,1,252,204,51.49,123.29,1,1065
1520530358.751801,1,272,223,50.98,28.41,0,1065
1520530358.801803,1,240,208,50.03,28.06,0,1065
1520530358.851805,1,243,205,49.26,140.86,1,1063
1520530358.901806,1,257,215,48.57,26.75,0,1063
1520530358.951808,1,256,217,47.71,26.73,0,1063
1520530359.001810,1,253,208,47.52,132.70,1,1087
1520530359.051806,1,232,198,46.88,25.94,0,1087
1520530359.101811,1,222,195,46.26,24.67,0,1087
1520530359.151809,1,231,204,46.17,116.45,1,1098
1520530359.201810,1,225,199,45.77,26.11,0,1098
1520530359.251812,1,217,198,45.27,24.08,0,1098
1520530359.301813,1,222,199,45.21,121.38,1,1097
1520530359.351815,1,223,201,45.59,24.71,0,1097
1520530359.401817,1,229,207,46.05,24.59,0,1097
1520530359.451919,1,234,204,47.64,126.35,1,1118
1520530359.501870,1,292,245,48.34,29.37,0,1118
1520530359.551871,1,284,243,48.58,29.49,0,1118
1520530359.601873,1,270,237,48.95,161.96,1,1130
1520530359.651874,1,300,261,49.58,31.53,0,1130
1520530359.701876,1,279,244,49.93,29.44,0,1130
1520530359.751878,1,298,258,50.22,157.24,1,1130
1520530359.801879,1,273,246,50.62,29.80,0,1130
1520530359.851881,1,290,255,50.94,29.44,0,1130
1520530359.901826,1,283,251,48.82,142.61,1,1170
1520530359.951828,1,272,241,48.18,29.73,0,1170
1520530360.001829,1,300,251,48.11,30.22,0,1170
1520530360.051831,1,284,238,48.38,95.82,1,1221
1520530360.101832,1,300,250,48.70,30.48,0,1221
1520530360.151834,1,271,228,49.08,29.70,0,1221
1520530360.201836,1,300,232,49.75,97.52,1,1284
1520530360.251837,1,263,212,50.37,31.17,0,1284
1520530360.301316,1,173,128,35.46,107.25,1,1289
1520530360.351317,1,162,115,35.36,20.46,0,1289
1520530360.401319,1,166,113,35.50,22.16,0,1289
1520530360.451321,1,142,96,35.35,125.61,1,1308
1520530360.501323,1,126,93,35.39,17.18,0,1308
1520530360.551324,1,161,114,35.36,17.71,0,1308
1520530360.601326,1,119,81,35.76,135.38,1,1299
1520530360.651327,1,114,83,36.28,16.07,0,1299
1520530360.700978,1,89,68,26.81,19.28,0,1299
1520530360.750980,1,90,60,27.08,121.78,1,1269
1520530360.800981,1,89,61,27.63,15.20,0,1269
1520530360.850983,1,79,54,28.03,15.54,0,1269
1520530360.900984,1,71,54,28.47,124.00,1,1274
1520530360.950988,1,70,53,28.67,12.66,0,1274
1520530361.000988,1,89,64,29.21,12.91,0,1274
1520530361.051064,1,88,63,29.57,120.47,1,1253
1520530361.101044,1,79,55,31.09,13.88,0,1253
1520530361.151045,1,65,54,30.70,12.56,0,1253
1520530361.201047,1,81,60,30.35,71.61,1,1250
1520530361.251048,1,67,57,30.18,13.18,0,1250
1520530361.301050,1,284,241,30.39,27.49,0,1250
1520530361.351051,1,200,173,30.32,103.67,1,1351
1520530361.401053,1,291,236,30.39,28.60,0,1351
1520530361.451055,1,226,196,30.28,27.51,0,1351
1520530361.501690,1,158,134,55.23,138.63,1,1404
1520530361.551692,1,178,139,55.26,24.19,0,1404
1520530361.601693,1,300,212,55.32,31.70,0,1404
1520530361.651695,1,298,197,55.49,129.90,1,1344
1520530361.701696,1,206,142,55.33,30.34,0,1344
1520530361.751698,1,264,191,55.21,27.98,0,1344
1520530361.801700,1,300,213,55.25,120.83,1,1371
1520530361.851701,1,300,219,55.20,33.12,0,1371
1520530361.901939,1,300,227,63.98,34.04,0,1371
1520530361.951941,1,241,188,64.00,78.71,1,1393
1520530362.001942,1,216,178,64.10,26.05,0,1393
1520530362.051944,1,225,188,64.17,25.57,0,1393
1520530362.101945,1,218,177,64.28,85.38,1,1361
1520530362.151947,1,214,166,64.27,23.80,0,1361
1520530362.201949,1,228,172,64.43,24.45,0,1361
1520530362.251950,1,225,164,64.39,90.14,1,1338
1520530362.301951,1,237,166,64.27,25.05,0,1338
1520530362.351623,1,169,121,51.85,23.82,0,1338
1520530362.401625,1,216,148,52.09,83.29,1,1327
1520530362.451626,1,244,162,52.11,25.69,0,1327
1520530362.501628,1,212,141,51.93,28.89,0,1327
1520530362.551629,1,200,126,52.15,86.57,1,1344
1520530362.601631,1,188,136,52.28,22.15,0,1344
1520530362.651727,1,209,147,52.30,21.88,0,1344
1520530362.701634,1,225,149,52.52,107.97,1,1327
1520530362.751364,1,181,112,42.16,22.70,0,1327
1520530362.801366,1,180,114,42.31,19.87,0,1327
1520530362.851367,1,180,117,42.03,119.11,1,1343
1520530362.901369,1,167,113,41.95,19.83,0,1343
1520530362.951370,1,170,114,41.87,18.84,0,1343
1520530363.001372,1,209,134,41.86,121.50,1,1344
1520530363.051374,1,193,129,42.43,22.74,0,1344
1520530363.101375,1,207,140,42.37,24.73,0,1344
1520530363.151650,1,198,140,53.75,111.65,1,1362
1520530363.201651,1,197,135,54.44,23.96,0,1362
1520530363.251653,1,211,138,55.10,25.06,0,1362
1520530363.301654,1,217,140,55.76,107.49,1,1371
1520530363.351656,1,220,145,56.21,25.90,0,1371
1520530363.401658,1,216,142,56.79,25.03,0,1371
1520530363.451659,1,212,139,57.38,115.34,1,1383
1520530363.501661,1,164,108,57.99,25.01,0,1383
1520530363.551745,1,147,106,62.03,19.42,0,1383
1520530363.601746,1,155,115,61.80,86.17,1,1388
1520530363.651748,1,136,108,60.93,19.59,0,1388
1520530363.701749,1,119,97,60.54,16.73,0,1388
1520530363.751751,1,116,92,59.87,81.73,1,1355
1520530363.801753,1,116,86,59.26,16.07,0,1355
1520530363.851754,1,108,81,58.78,15.69,0,1355
1520530363.901756,1,102,78,57.99,104.46,1,1317
1520530363.951780,1,127,94,58.34,17.49,0,1317
1520530364.001782,1,137,112,57.98,19.73,0,1317
1520530364.051784,1,146,119,57.29,96.03,1,1296
1520530364.101785,1,129,112,56.59,19.00,0,1296
1520530364.151786,1,134,118,55.64,18.63,0,1296
1520530364.201788,1,134,112,54.89,69.22,1,1272
1520530364.251789,1,155,123,53.24,19.13,0,1272
1520530364.301791,1,183,140,51.48,20.78,0,1272
1520530364.351792,1,180,140,50.78,77.19,1,1241
1520530364.401853,1,203,152,52.02,22.34,0,1241
1520530364.451854,1,198,149,51.24,22.45,0,1241
1520530364.501856,1,265,207,51.05,133.29,1,1233
1520530364.551858,1,256,206,50.19,27.74,0,1233
1520530364.601859,1,248,196,49.69,26.61,0,1233
1520530364.651861,1,250,186,49.13,107.44,1,1253
1520530364.701862,1,217,167,49.42,25.65,0,1253
1520530364.751864,1,209,157,49.78,23.56,0,1253
1520530364.802375,1,203,155,68.13,105.64,1,1277
1520530364.852378,1,234,175,68.68,24.58,0,1277
1520530364.902379,1,226,177,68.79,24.78,0,1277
1520530364.952380,1,221,175,68.66,88.84,1,1316
1520530365.002383,1,224,180,68.24,24.52,0,1316
1520530365.052383,1,222,182,67.88,24.31,0,1316
1520530365.102386,1,230,184,67.61,109.89,1,1353
1520530365.152387,1,225,182,67.64,24.58,0,1353
1520530365.201844,1,239,191,49.69,25.52,0,1353
1520530365.251846,1,239,185,49.64,80.72,1,1391
1520530365.301847,1,237,182,49.77,24.20,0,1391
1520530365.351849,1,227,170,49.85,23.49,0,1391
1520530365.401850,1,226,172,50.04,83.54,1,1400
1520530365.451852,1,231,176,50.31,23.65,0,1400
1520530365.501853,1,237,175,50.53,23.96,0,1400
1520530365.551855,1,243,183,51.24,102.54,1,1308
1520530365.601535,1,216,162,40.17,23.93,0,1308
1520530365.651537,1,300,217,40.66,27.65,0,1308
1520530365.701539,1,287,215,40.73,121.43,1,1301
1520530365.751540,1,300,216,41.02,29.18,0,1301
1520530365.801546,1,300,225,41.61,28.69,0,1301
1520530365.851543,1,300,221,41.63,105.15,1,1227
1520530365.901545,1,300,225,41.85,29.45,0,1227
1520530365.951546,1,300,226,42.33,28.40,0,1227
1520530366.001907,1,300,226,56.17,93.51,1,1189
1520530366.051908,1,300,216,56.36,29.76,0,1189
1520530366.101911,1,300,221,55.94,29.76,0,1189
1520530366.151911,1,300,227,55.36,105.70,1,1177
1520530366.201913,1,300,229,54.48,31.43,0,1177
1520530366.251915,1,262,198,53.69,27.84,0,1177
1520530366.301916,1,249,194,52.88,92.50,1,1185
1520530366.351918,1,256,198,52.34,26.57,0,1185
1520530366.402120,1,247,187,58.30,25.53,0,1185
1520530366.452121,1,300,229,57.95,124.27,1,1246
1520530366.502124,1,278,220,57.65,29.43,0,1246
1520530366.552125,1,265,211,56.82,27.14,0,1246
1520530366.602127,1,224,184,56.26,99.40,1,1268
1520530366.652128,1,229,196,55.10,25.23,0,1268
1520530366.702130,1,229,200,53.81,24.96,0,1268
1520530366.752132,1,218,190,53.17,111.75,1,1258
1520530366.802132,1,211,186,52.75,26.26,0,1258
1520530366.852166,1,196,171,53.49,23.83,0,1258
1520530366.902167,1,187,170,53.03,105.44,1,1269
1520530366.952169,1,194,169,52.54,22.02,0,1269
1520530367.002170,1,251,212,52.28,25.36,0,1269
1520530367.052171,1,224,198,52.42,132.20,1,1288
1520530367.102178,1,273,229,52.61,27.79,0,1288
1520530367.152174,1,240,208,52.55,26.34,0,1288
1520530367.202177,1,238,195,52.63,122.67,1,1295
1520530367.252540,1,225,184,63.11,26.82,0,1295
1520530367.302541,1,300,228,62.80,28.56,0,1295
1520530367.352542,1,272,201,63.17,110.98,1,1312
1520530367.402545,1,256,197,62.95,27.20,0,1312
1520530367.452546,1,257,194,62.61,26.96,0,1312
1520530367.502548,1,256,194,62.05,141.77,1,1290
1520530367.552549,1,258,190,61.79,25.49,0,1290
1520530367.602551,1,257,188,61.53,25.23,0,1290
1520530367.652264,1,257,186,52.83,131.97,1,1294
1520530367.702266,1,244,186,52.90,25.38,0,1294
1520530367.752267,1,245,201,52.58,25.19,0,1294
1520530367.802269,1,286,234,52.52,115.89,1,1330
1520530367.852271,1,286,240,52.73,29.85,0,1330
1520530367.902272,1,258,224,52.28,29.01,0,1330
1520530367.952274,1,269,236,52.24,119.23,1,1370
1520530368.002275,1,300,252,52.04,30.69,0,1370
1520530368.052124,1,274,230,48.02,30.00,0,1370
1520530368.102125,1,272,236,47.87,121.94,1,1394
1520530368.152127,1,300,263,47.53,30.61,0,1394
1520530368.202129,1,300,258,47.30,30.29,0,1394
1520530368.252130,1,300,259,47.33,149.03,1,1415
1520530368.302132,1,292,258,47.19,31.27,0,1415
1520530368.352134,1,277,242,46.98,30.33,0,1415
1520530368.402135,1,263,233,47.10,150.10,1,1435
1520530368.452048,1,244,219,44.49,27.17,0,1435
1520530368.502050,1,232,206,44.42,25.85,0,1435
1520530368.552051,1,203,179,45.24,136.09,1,1408
1520530368.602053,1,195,159,46.38,22.95,0,1408
1520530368.652054,1,181,141,47.36,21.87,0,1408
1520530368.702056,1,300,208,48.04,135.23,1,1409
1520530368.752057,1,217,155,48.42,29.04,0,1409
1520530368.802058,1,199,145,48.84,22.73,0,1409
1520530368.851389,1,109,84,29.92,104.72,1,1399
1520530368.901391,1,97,77,30.45,17.85,0,1399
1520530368.951392,1,84,64,31.62,14.65,0,1399
1520530369.001394,1,95,70,32.45,113.67,1,1377
1520530369.051395,1,83,65,33.22,14.88,0,1377
1520530369.101397,1,74,56,33.69,13.55,0,1377
1520530369.151398,1,81,58,33.54,103.93,1,1344
1520530369.201400,1,90,62,34.24,14.21,0,1344
1520530369.251401,1,88,57,34.94,13.99,0,1344
1520530369.301537,1,105,71,40.13,111.87,1,1349
1520530369.351538,1,116,88,40.14,16.19,0,1349
1520530369.401540,1,142,110,40.00,18.29,0,1349
1520530369.451542,1,185,150,39.84,75.20,1,1377
1520530369.501543,1,171,147,39.85,21.52,0,1377
1520530369.551545,1,163,138,39.81,20.24,0,1377
1520530369.601546,1,198,150,39.95,130.16,1,1402
1520530369.651548,1,189,141,39.58,22.74,0,1402
1520530369.701896,1,176,139,51.72,23.15,0,1402
1520530369.751898,1,173,138,51.24,114.77,1,1419
1520530369.801901,1,170,137,50.68,20.25,0,1419
1520530369.851902,1,191,150,50.35,20.68,0,1419
1520530369.901903,1,194,158,49.82,113.60,1,1365
1520530369.951905,1,200,155,49.74,21.85,0,1365
1520530370.001906,1,211,157,49.48,22.33,0,1365
1520530370.051908,1,207,163,49.28,132.03,1,1354
1520530370.101930,1,196,157,49.63,22.74,0,1354
1520530370.151931,1,204,159,49.61,22.33,0,1354
1520530370.201933,1,222,167,49.61,110.82,1,1313
1520530370.251934,1,227,172,49.57,24.59,0,1313
1520530370.301934,1,210,164,49.54,23.36,0,1313
1520530370.351937,1,225,167,49.41,116.85,1,1256
1520530370.401938,1,258,179,49.29,25.62,0,1256
1520530370.451940,1,268,188,48.96,26.78,0,1256
1520530370.501883,1,262,187,46.75,120.24,1,1239
1520530370.551883,1,227,183,46.57,26.47,0,1239
1520530370.601898,1,266,190,46.45,25.64,0,1239
1520530370.651887,1,271,188,46.44,111.70,1,1160
1520530370.701889,1,289,197,46.48,27.67,0,1160
1520530370.751890,1,282,188,46.36,28.09,0,1160
1520530370.801892,1,274,191,46.47,113.90,1,1152
1520530370.851892,1,272,187,46.51,27.43,0,1152
1520530370.901941,1,257,180,48.31,26.30,0,1152
1520530370.951942,1,241,167,48.54,90.75,1,1151
1520530371.001944,1,233,161,48.49,25.04,0,1151
1520530371.051946,1,286,191,48.53,29.32,0,1151
1520530371.101947,1,278,193,48.16,137.20,1,1175
1520530371.151949,1,229,160,48.53,26.40,0,1175
1520530371.201950,1,209,150,47.99,22.97,0,1175
1520530371.251952,1,203,148,47.38,91.19,1,1142
1520530371.301953,1,300,213,47.17,28.04,0,1142
1520530371.351951,1,262,193,47.15,27.89,0,1142
1520530371.401953,1,300,218,47.22,84.96,1,1187
1520530371.451954,1,255,191,47.75,27.27,0,1187
1520530371.501956,1,243,185,47.74,25.23,0,1187
1520530371.551958,1,294,208,47.87,122.80,1,1151
1520530371.601959,1,275,201,48.05,28.16,0,1151
1520530371.651961,1,300,213,48.36,28.27,0,1151
1520530371.701962,1,291,209,48.39,134.63,1,1167
1520530371.751959,1,288,206,48.16,28.40,0,1167
1520530371.801961,1,274,200,48.04,26.67,0,1167
1520530371.851963,1,279,201,47.49,102.93,1,1153
1520530371.901964,1,278,198,46.95,27.46,0,1153
1520530371.951966,1,276,197,46.79,27.31,0,1153
1520530372.001968,1,264,184,46.95,123.34,1,1125
1520530372.051969,1,297,198,46.84,27.44,0,1125
1520530372.101971,1,272,189,47.08,27.20,0,1125
1520530372.151955,1,264,184,46.65,123.34,1,1113
1520530372.201977,1,252,179,46.93,25.00,0,1113
1520530372.251958,1,251,180,47.10,24.15,0,1113
1520530372.301960,1,256,191,46.89,109.73,1,1091
1520530372.351961,1,253,188,46.79,25.50,0,1091
1520530372.401963,1,256,182,46.90,24.69,0,1091
1520530372.451964,1,258,179,47.07,128.41,1,1054
1520530372.501966,1,270,184,46.88,26.12,0,1054
1520530372.551956,1,270,184,46.73,27.26,0,1054
1520530372.601959,1,267,183,46.57,96.92,1,1015
1520530372.651960,1,285,193,46.64,26.90,0,1015
1520530372.701961,1,282,197,46.89,26.76,0,1015
1520530372.751963,1,278,192,47.23,102.27,1,1011
1520530372.801964,1,268,186,48.26,27.12,0,1011
1520530372.851966,1,257,181,48.96,26.20,0,1011
1520530372.901967,1,256,179,49.55,102.53,1,920
1520530372.951617,1,223,157,37.44,24.02,0,920
1520530373.001619,1,241,161,37.66,23.16,0,920
1520530373.051620,1,300,204,38.08,151.06,1,957
1520530373.101622,1,263,186,38.19,28.21,0,957
1520530373.151624,1,272,193,38.37,25.74,0,957
1520530373.201626,1,268,193,38.78,157.24,1,950
1520530373.251627,1,255,180,38.66,25.62,0,950
1520530373.301630,1,259,185,38.80,25.17,0,950
1520530373.351457,1,231,164,32.52,183.38,1,944
1520530373.401458,1,262,174,32.21,24.69,0,944
1520530373.451460,1,248,173,32.56,24.69,0,944
1520530373.501461,1,261,174,32.63,148.41,1,941
1520530373.551463,1,242,164,33.26,24.68,0,941
1520530373.601465,1,273,174,33.16,25.19,0,941
1520530373.651466,1,260,170,32.41,112.88,1,902
1520530373.701467,1,236,166,31.44,24.70,0,902
1520530373.751469,1,219,159,30.51,23.75,0,902
1520530373.801615,1,196,146,33.41,87.26,1,896
1520530373.851583,1,202,157,33.15,22.05,0,896
1520530373.901585,1,201,158,32.24,21.94,0,896
1520530373.951586,1,229,178,32.23,96.04,1,910
1520530374.001589,1,204,167,32.18,23.21,0,910
1520530374.051589,1,197,161,31.96,22.01,0,910
1520530374.101591,1,192,163,31.83,91.24,1,913
1520530374.151592,1,181,149,31.73,20.83,0,913
1520530374.201953,1,175,133,42.84,20.45,0,913
1520530374.251955,1,181,114,42.34,114.63,1,912
1520530374.301956,1,172,102,41.67,19.05,0,912
1520530374.351958,1,167,98,40.94,18.15,0,912
1520530374.401959,1,169,95,40.50,84.48,1,911
1520530374.451961,1,178,100,40.66,19.08,0,911
1520530374.501962,1,187,104,40.85,18.94,0,911
1520530374.551964,1,182,102,41.00,104.36,1,920
1520530374.602407,1,216,124,53.65,22.16,0,920
1520530374.652408,1,221,120,53.65,21.19,0,920
1520530374.702410,1,218,125,53.57,110.38,1,939
1520530374.752412,1,209,121,53.26,21.73,0,939
1520530374.802413,1,207,132,52.69,21.63,0,939
1520530374.852415,1,210,139,52.30,118.66,1,942
1520530374.902417,1,224,153,52.20,22.83,0,942
1520530374.952418,1,211,156,52.12,22.12,0,942
1520530375.002442,1,211,164,52.79,79.42,1,956
1520530375.052444,1,199,168,53.09,23.41,0,956
1520530375.102445,1,200,175,53.78,22.63,0,956
1520530375.152447,1,208,182,54.38,116.99,1,975
1520530375.202449,1,300,249,54.96,28.95,0,975
1520530375.252454,1,277,232,55.01,28.54,0,975
1520530375.302452,1,271,233,55.51,134.79,1,975
1520530375.352453,1,269,239,55.60,28.31,0,975
1520530375.402252,1,272,242,48.22,29.83,0,975
1520530375.452214,1,260,231,47.70,101.36,1,1001
1520530375.502216,1,249,215,47.28,26.24,0,1001
1520530375.552217,1,248,209,46.71,26.69,0,1001
1520530375.602219,1,245,210,45.49,131.48,1,950
1520530375.652220,1,230,199,44.70,25.09,0,950
1520530375.702222,1,220,193,43.43,24.19,0,950
1520530375.752223,1,211,186,42.64,108.25,1,931
1520530375.802225,1,214,196,41.67,24.91,0,931
1520530375.852258,1,212,191,41.45,24.62,0,931
1520530375.902259,1,203,188,40.89,120.99,1,934
1520530375.952261,1,211,187,40.87,23.76,0,934
1520530376.002263,1,213,181,41.40,23.57,0,934
1520530376.052264,1,226,196,41.69,125.11,1,952
1520530376.102265,1,232,203,42.08,25.60,0,952
1520530376.152267,1,220,189,42.94,24.62,0,952
1520530376.202270,1,225,190,44.50,131.73,1,969
1520530376.251950,1,202,168,37.27,25.04,0,969
1520530376.301951,1,202,164,37.92,22.90,0,969
1520530376.351954,1,195,164,38.05,98.05,1,957
1520530376.401955,1,191,160,38.04,21.96,0,957
1520530376.451957,1,187,160,37.13,21.68,0,957
1520530376.501958,1,193,149,37.45,115.34,1,975
1520530376.551960,1,203,145,38.19,24.42,0,975
1520530376.601961,1,183,129,39.22,22.05,0,975
1520530376.652663,1,201,134,60.23,100.42,1,1002
1520530376.702664,1,227,165,60.24,25.49,0,1002
1520530376.752666,1,223,173,61.11,25.48,0,1002
1520530376.802668,1,180,146,62.03,110.10,1,1052
1520530376.852669,1,144,121,63.58,23.29,0,1052
1520530376.902671,1,136,114,65.20,18.95,0,1052
1520530376.952672,1,207,171,66.88,115.19,1,1133
1520530377.002721,1,163,132,67.87,24.09,0,1133
1520530377.052897,1,160,121,76.18,21.20,0,1133
1520530377.102900,1,149,115,76.35,109.92,1,1159
1520530377.152901,1,160,120,76.26,19.19,0,1159
1520530377.202903,1,143,111,76.14,18.78,0,1159
1520530377.252904,1,163,117,75.53,99.36,1,1147
1520530377.302906,1,171,120,75.22,21.13,0,1147
1520530377.352906,1,175,123,74.75,20.32,0,1147
1520530377.402909,1,244,165,74.37,109.76,1,1194
1520530377.451720,1,95,69,35.77,78.52,1,1193
1520530377.501720,1,145,95,36.27,18.77,0,1193
1520530377.551722,1,84,70,36.43,24.69,0,1193
1520530377.601723,1,79,68,36.43,91.22,1,1211
1520530377.651725,1,87,73,36.81,14.77,0,1211
1520530377.701726,1,77,65,37.09,15.57,0,1211
1520530377.751728,1,79,67,37.48,86.04,1,1187
1520530377.801730,1,79,62,37.83,13.85,0,1187
1520530377.851407,1,68,48,26.75,15.73,0,1187
1520530377.901409,1,77,49,25.96,74.57,1,1162
1520530377.951411,1,72,50,25.62,16.25,0,1162
1520530378.001412,1,68,51,25.34,13.44,0,1162
1520530378.051414,1,65,50,25.04,84.88,1,1144
1520530378.101416,1,100,67,25.68,14.01,0,1144
1520530378.151417,1,115,74,26.24,16.26,0,1144
1520530378.201419,1,106,75,26.38,80.75,1,1109
1520530378.251420,1,94,81,26.33,16.79,0,1109
1520530378.301512,1,147,131,29.33,18.92,0,1109
1520530378.351513,1,231,190,29.34,115.70,1,1210
1520530378.401515,1,176,157,29.39,24.17,0,1210
1520530378.451516,1,270,225,29.47,29.78,0,1210
1520530378.501517,1,189,167,29.56,118.08,1,1231
1520530378.551519,1,163,151,29.60,21.67,0,1231
1520530378.601571,1,206,180,29.56,24.13,0,1231
1520530378.651522,1,157,142,29.44,79.72,1,1256
1520530378.702209,1,129,119,56.33,23.09,0,1256
1520530378.752210,1,129,110,56.71,17.17,0,1256
1520530378.802212,1,131,108,57.20,90.52,1,1267
1520530378.852213,1,132,103,57.75,17.89,0,1267
1520530378.902215,1,141,113,57.91,17.83,0,1267
1520530378.952216,1,141,111,57.91,92.10,1,1255
1520530379.002218,1,140,114,57.91,20.03,0,1255
1520530379.052220,1,175,133,57.83,20.79,0,1255
1520530379.102149,1,167,128,55.15,74.02,1,1273
1520530379.152151,1,156,128,54.70,21.16,0,1273
1520530379.202152,1,146,125,54.57,19.49,0,1273
1520530379.252154,1,145,115,54.45,90.34,1,1270
1520530379.302155,1,191,134,54.21,21.66,0,1270
1520530379.352157,1,204,141,54.00,23.40,0,1270
1520530379.402159,1,213,144,53.74,67.97,1,1276
1520530379.452160,1,206,143,53.60,25.34,0,1276
1520530379.501850,1,143,113,41.82,22.62,0,1276
1520530379.551852,1,165,117,41.98,86.98,1,1228
1520530379.601853,1,141,100,41.87,19.82,0,1228
1520530379.651855,1,136,94,42.32,17.05,0,1228
1520530379.701856,1,130,84,42.11,76.52,1,1209
1520530379.751858,1,122,85,42.29,18.88,0,1209
1520530379.801860,1,121,87,42.14,17.62,0,1209
1520530379.851861,1,145,99,42.14,88.08,1,1227
1520530379.901824,1,151,101,40.87,19.17,0,1227
1520530379.951826,1,131,92,41.46,18.58,0,1227
1520530380.001827,1,134,95,42.11,86.86,1,1216
1520530380.051829,1,123,93,43.00,19.65,0,1216
1520530380.101830,1,110,93,44.01,18.26,0,1216
1520530380.151832,1,179,129,44.45,70.80,1,1227
1520530380.201888,1,259,184,44.99,26.81,0,1227
1520530380.251835,1,194,143,45.48,26.28,0,1227
1520530380.301736,1,143,123,41.05,82.83,1,1212
1520530380.352160,1,214,147,58.12,26.37,0,1212
1520530380.402162,1,193,132,56.60,24.13,0,1212
1520530380.452163,1,132,108,55.51,90.11,1,1211
1520530380.502166,1,172,122,54.77,19.43,0,1211
1520530380.552166,1,130,115,53.96,19.75,0,1211
1520530380.602168,1,118,111,53.28,88.07,1,1209
1520530380.652170,1,117,107,52.91,18.44,0,1209
1520530380.702171,1,111,102,52.77,15.83,0,1209
1520530380.752135,1,119,100,51.12,89.58,1,1200
1520530380.802136,1,141,117,50.94,20.21,0,1200
1520530380.852138,1,132,114,50.37,18.37,0,1200
1520530380.902139,1,140,119,49.63,87.80,1,1188
1520530380.952141,1,153,129,49.12,19.14,0,1188
1520530381.002143,1,156,126,48.32,20.04,0,1188
1520530381.052144,1,164,121,47.86,85.61,1,1144
1520530381.102146,1,172,123,47.29,19.45,0,1144
1520530381.152048,1,184,122,43.07,20.28,0,1144
1520530381.202049,1,211,144,42.21,87.08,1,1107
1520530381.252051,1,199,138,41.69,23.16,0,1107
1520530381.302052,1,187,130,41.38,20.78,0,1107
1520530381.352053,1,196,142,41.44,89.56,1,1102
1520530381.402056,1,191,148,41.58,21.93,0,1102
1520530381.452057,1,177,142,41.70,21.59,0,1102
1520530381.502058,1,178,144,42.09,61.59,1,1095
1520530381.552262,1,185,151,48.43,21.73,0,1095
1520530381.602264,1,300,229,48.71,28.21,0,1095
1520530381.652266,1,300,233,48.84,102.09,1,1112
1520530381.702267,1,284,225,48.99,29.84,0,1112
1520530381.752268,1,259,211,48.97,26.68,0,1112
1520530381.802325,1,238,195,48.74,80.02,1,1132
1520530381.852271,1,236,196,48.89,24.54,0,1132
1520530381.902273,1,223,194,48.70,24.71,0,1132
1520530381.952332,1,223,193,50.52,103.40,1,1141
1520530382.002334,1,254,210,49.74,25.51,0,1141
1520530382.052335,1,257,217,49.45,26.02,0,1141
1520530382.102337,1,263,209,49.27,103.23,1,1161
1520530382.152339,1,288,226,49.12,28.06,0,1161
1520530382.202340,1,300,232,49.66,28.85,0,1161
1520530382.252342,1,300,233,49.80,82.42,1,1217
1520530382.302343,1,299,234,49.80,29.62,0,1217
1520530382.352159,1,300,233,43.76,28.92,0,1217
1520530382.402160,1,283,227,43.67,122.67,1,1229
1520530382.452162,1,277,214,44.01,27.96,0,1229
1520530382.502164,1,267,206,44.19,26.46,0,1229
1520530382.552165,1,255,189,44.95,113.63,1,1124
1520530382.602167,1,238,184,45.86,25.65,0,1124
1520530382.652168,1,227,178,47.19,24.52,0,1124
1520530382.702170,1,217,166,47.31,110.73,1,1085
1520530382.752171,1,214,161,47.47,23.59,0,1085
1520530382.802243,1,224,166,49.47,23.66,0,1085
1520530382.852246,1,219,171,49.55,88.78,1,1087
1520530382.902248,1,215,170,49.46,24.42,0,1087
1520530382.952249,1,222,177,49.37,24.56,0,1087
1520530383.002250,1,224,175,49.04,120.65,1,1079
1520530383.052252,1,226,182,48.57,25.34,0,1079
1520530383.102252,1,300,236,48.23,29.23,0,1079
1520530383.152255,1,296,237,47.68,127.09,1,1134
1520530383.202206,1,284,228,45.72,29.41,0,1134
1520530383.252208,1,275,226,44.91,28.74,0,1134
1520530383.302210,1,300,245,44.65,146.69,1,1137
1520530383.352211,1,300,236,44.20,31.87,0,1137
1520530383.402266,1,267,222,43.75,28.85,0,1137
1520530383.452214,1,282,225,43.48,121.11,1,1174
1520530383.502216,1,260,222,42.60,29.16,0,1174
1520530383.552217,1,283,233,41.87,28.92,0,1174
1520530383.602472,1,262,221,48.32,129.17,1,1179
1520530383.652472,1,258,210,47.67,27.91,0,1179
1520530383.702475,1,300,237,46.73,28.95,0,1179
1520530383.752476,1,292,238,46.23,110.97,1,1210
1520530383.802478,1,287,231,46.24,28.50,0,1210
1520530383.852479,1,300,240,46.54,29.47,0,1210
1520530383.902481,1,300,238,46.16,131.74,1,1225
1520530383.952482,1,296,243,46.05,30.48,0,1225
1520530384.002530,1,296,243,47.47,29.48,0,1225
1520530384.052531,1,288,233,47.34,134.26,1,1217
1520530384.102533,1,246,211,48.14,27.91,0,1217
1520530384.152534,1,224,191,49.26,24.65,0,1217
1520530384.202536,1,201,169,50.94,131.76,1,1216
1520530384.252537,1,201,161,52.09,23.29,0,1216
1520530384.302539,1,179,130,53.33,21.73,0,1216
1520530384.352541,1,162,125,53.93,139.95,1,1177
1520530384.402432,1,155,120,50.47,20.20,0,1177
1520530384.452435,1,143,120,51.06,18.94,0,1177
1520530384.502435,1,132,111,52.97,211.59,1,1173
1520530384.552437,1,131,109,54.46,17.59,0,1173
1520530384.602439,1,129,113,55.98,17.03,0,1173
1520530384.652440,1,133,117,57.72,102.96,1,1145
1520530384.702442,1,197,166,59.24,22.17,0,1145
1520530384.752443,1,193,163,60.55,22.16,0,1145
1520530384.802857,1,300,257,77.79,143.44,1,1272
1520530384.852858,1,259,241,78.83,30.65,0,1272
1520530384.902860,1,242,226,79.37,26.95,0,1272
1520530384.952861,1,224,213,79.40,116.42,1,1287
1520530385.002916,1,219,210,79.50,26.83,0,1287
1520530385.052864,1,204,192,80.30,24.98,0,1287
1520530385.102866,1,206,194,80.66,147.56,1,1311
1520530385.152867,1,212,201,80.86,25.39,0,1311
1520530385.202869,1,203,190,80.70,23.30,0,1311
1520530385.252705,1,300,265,74.32,129.29,1,1393
1520530385.302707,1,288,248,73.50,32.24,0,1393
1520530385.352709,1,253,212,72.92,28.94,0,1393
1520530385.402710,1,224,191,72.11,145.11,1,1382
1520530385.452712,1,217,192,70.72,25.07,0,1382
1520530385.502713,1,205,184,69.07,24.10,0,1382
1520530385.552715,1,213,187,68.17,121.86,1,1386
1520530385.602716,1,204,180,67.60,23.59,0,1386
1520530385.652486,1,188,162,58.36,22.74,0,1386
1520530385.702487,1,167,149,58.08,121.55,1,1402
1520530385.752490,1,184,158,57.97,22.83,0,1402
1520530385.802491,1,170,150,58.18,22.06,0,1402
1520530385.852493,1,158,140,58.03,112.72,1,1336
1520530385.902494,1,158,142,57.54,19.96,0,1336
1520530385.952496,1,212,183,57.31,23.19,0,1336
1520530386.002497,1,185,164,57.05,116.74,1,1384
1520530386.052544,1,184,159,58.21,23.60,0,1384
1520530386.102546,1,167,139,57.83,20.81,0,1384
1520530386.152547,1,160,130,57.57,112.50,1,1383
1520530386.202549,1,170,136,57.26,20.39,0,1383
1520530386.252550,1,160,134,57.11,19.86,0,1383
1520530386.302552,1,154,129,56.91,110.67,1,1361
1520530386.352553,1,152,130,57.06,19.84,0,1361
1520530386.402554,1,145,116,56.84,18.53,0,1361
1520530386.452758,1,137,118,64.30,71.60,1,1315
1520530386.502760,1,136,113,64.37,18.37,0,1315
1520530386.552761,1,135,114,64.46,18.57,0,1315
1520530386.602814,1,132,106,64.79,107.41,1,1287
1520530386.652764,1,129,105,65.05,18.02,0,1287
1520530386.702766,1,144,120,65.05,18.51,0,1287
1520530386.752767,1,145,122,65.41,85.00,1,1297
1520530386.802769,1,129,110,65.68,20.12,0,1297
1520530386.852674,1,130,109,62.33,17.74,0,1297
1520530386.902676,1,130,108,62.74,83.43,1,1301
1520530386.952678,1,133,107,63.10,17.66,0,1301
1520530387.002679,1,137,108,63.68,18.34,0,1301
1520530387.052681,1,137,108,63.76,108.00,1,1289
1520530387.102682,1,143,119,64.35,19.85,0,1289
1520530387.152684,1,146,117,64.90,19.56,0,1289
1520530387.202685,1,151,123,65.31,100.55,1,1294
1520530387.252606,1,156,121,62.97,20.41,0,1294
1520530387.302607,1,157,125,63.45,21.30,0,1294
1520530387.352609,1,131,106,63.76,105.93,1,1239
1520530387.402611,1,146,116,64.08,18.30,0,1239
1520530387.452612,1,136,113,64.50,18.46,0,1239
1520530387.502614,1,120,103,64.43,103.26,1,1209
1520530387.552615,1,107,93,64.71,16.90,0,1209
1520530387.602617,1,101,89,64.25,15.69,0,1209
1520530387.652619,1,107,90,63.64,64.17,1,1177
1520530387.702457,1,81,68,56.37,15.99,0,1177
1520530387.752459,1,87,66,55.24,15.06,0,1177
1520530387.802460,1,123,89,54.07,106.04,1,1167
1520530387.852464,1,96,81,53.80,16.41,0,1167
1520530387.902463,1,109,90,53.41,16.21,0,1167
1520530387.952464,1,97,79,52.88,91.88,1,1134
1520530388.002467,1,102,80,51.97,16.18,0,1134
1520530388.052467,1,87,67,50.84,15.28,0,1134
1520530388.102494,1,92,68,50.91,85.56,1,1107
1520530388.152496,1,100,68,50.74,14.77,0,1107
1520530388.202544,1,110,73,50.05,15.22,0,1107
1520530388.252499,1,203,133,49.53,117.44,1,1128
1520530388.302501,1,173,120,49.06,22.07,0,1128
1520530388.352502,1,171,118,48.75,19.43,0,1128
1520530388.402504,1,171,121,48.63,105.91,1,1140
1520530388.452505,1,175,122,48.15,20.82,0,1140
1520530388.502852,1,176,117,58.73,19.44,0,1140
1520530388.552854,1,180,117,58.66,114.25,1,1150
1520530388.602855,1,180,121,58.70,19.86,0,1150
1520530388.652857,1,177,116,59.00,19.23,0,1150
1520530388.702858,1,174,115,59.51,66.31,1,1159
1520530388.752860,1,210,132,59.85,20.55,0,1159
1520530388.802861,1,206,124,59.82,20.96,0,1159
1520530388.852863,1,191,112,60.01,103.46,1,1162
1520530388.902233,1,138,80,40.16,20.86,0,1162
1520530388.952235,1,132,69,39.96,16.23,0,1162
1520530389.002237,1,133,70,38.95,59.15,1,1026
1520530389.052238,1,207,98,38.20,20.27,0,1026
1520530389.102240,1,232,111,38.06,23.75,0,1026
1520530389.152242,1,217,107,37.47,83.21,1,1037
1520530389.202243,1,230,110,37.23,23.77,0,1037
1520530389.252245,1,226,110,37.11,23.71,0,1037
1520530389.302934,1,182,120,57.91,108.23,1,1013
1520530389.352936,1,176,116,57.83,20.76,0,1013
1520530389.402938,1,187,112,58.00,21.31,0,1013
1520530389.452939,1,137,94,58.15,70.07,1,893
1520530389.502940,1,138,94,57.83,17.93,0,893
1520530389.552942,1,181,98,57.18,18.69,0,893
1520530389.602943,1,182,99,56.67,72.37,1,876
1520530389.652948,1,157,86,56.41,19.41,0,876
1520530389.702847,1,151,74,53.76,17.93,0,876
1520530389.753403,1,150,75,68.80,71.32,1,857
1520530389.803445,1,156,72,68.52,18.10,0,857
1520530389.853406,1,150,77,68.87,17.99,0,857
1520530389.903408,1,142,93,69.73,58.87,1,866
1520530389.953409,1,193,121,70.60,21.88,0,866
1520530390.003411,1,220,138,71.88,24.21,0,866
1520530390.053412,1,208,146,72.79,63.19,1,901
1520530390.103414,1,300,203,73.73,29.73,0,901
1520530390.152569,1,221,165,47.59,29.74,0,901
1520530390.202569,1,198,154,48.19,89.30,1,912
1520530390.252571,1,222,157,48.42,24.50,0,912
1520530390.302572,1,234,168,48.24,25.60,0,912
1520530390.352574,1,210,159,47.98,86.46,1,948
1520530390.402575,1,203,165,47.43,23.80,0,948
1520530390.452578,1,210,176,46.84,24.31,0,948
1520530390.502578,1,300,245,46.42,83.50,1,1058
1520530390.553324,1,293,224,70.54,34.32,0,1058
1520530390.603326,1,263,208,70.54,31.20,0,1058
1520530390.653327,1,244,199,70.81,90.02,1,1121
1520530390.703329,1,235,190,71.86,27.17,0,1121
1520530390.753331,1,214,175,72.36,25.66,0,1121
1520530390.803333,1,227,177,71.81,94.77,1,1165
1520530390.853334,1,235,181,70.91,25.91,0,1165
1520530390.903336,1,224,177,69.59,24.91,0,1165
1520530390.953379,1,252,197,70.20,101.18,1,1193
1520530391.003381,1,241,186,69.09,26.02,0,1193
1520530391.053383,1,267,199,68.71,26.47,0,1193
1520530391.103384,1,292,210,68.26,103.52,1,1223
1520530391.153385,1,286,215,68.15,28.38,0,1223
1520530391.203387,1,300,233,67.74,29.77,0,1223
1520530391.253388,1,300,225,67.60,108.51,1,1248
1520530391.303389,1,300,218,67.18,29.07,0,1248
1520530391.352333,1,223,170,37.43,33.23,0,1248
1520530391.402366,1,245,195,37.23,105.31,1,1295
1520530391.452336,1,233,189,37.67,26.40,0,1295
1520530391.502338,1,235,185,37.59,26.38,0,1295
1520530391.552339,1,223,178,37.85,99.95,1,1314
1520530391.602341,1,273,214,37.95,27.50,0,1314
1520530391.652342,1,300,244,37.70,30.01,0,1314
1520530391.702344,1,282,232,37.27,95.66,1,1371
1520530391.752424,1,255,216,39.12,28.51,0,1371
1520530391.802426,1,297,241,38.67,30.03,0,1371
1520530391.852427,1,300,242,38.37,122.01,1,1407
1520530391.902428,1,300,239,37.83,30.96,0,1407
1520530391.952430,1,300,248,37.76,29.81,0,1407
1520530392.002431,1,292,240,37.66,127.44,1,1414
1520530392.052433,1,300,242,37.66,30.60,0,1414
1520530392.102435,1,274,235,37.44,31.13,0,1414
1520530392.152436,1,256,220,37.12,130.34,1,1444
1520530392.203142,1,256,221,54.19,35.96,0,1444
1520530392.253143,1,248,205,53.49,28.46,0,1444
1520530392.303145,1,300,248,53.58,132.00,1,1562
1520530392.353147,1,300,247,54.00,31.87,0,1562
1520530392.403147,1,280,233,54.51,30.37,0,1562
1520530392.453150,1,288,239,55.08,124.63,1,1527
1520530392.503151,1,300,240,55.63,32.55,0,1527
1520530392.553153,1,300,245,56.18,33.51,0,1527
1520530392.602235,1,164,134,32.59,125.19,1,1553
1520530392.652236,1,170,131,32.28,21.15,0,1553
1520530392.702237,1,169,136,32.50,21.71,0,1553
1520530392.752239,1,176,145,32.19,95.96,1,1570
1520530392.802241,1,187,153,31.75,28.49,0,1570
1520530392.852242,1,200,161,31.61,26.28,0,1570
1520530392.902243,1,175,144,31.63,84.23,1,1622
1520530392.952245,1,199,164,31.75,26.63,0,1622
1520530393.002174,1,184,160,29.18,23.24,0,1622
1520530393.052154,1,188,162,28.44,117.80,1,1659
1520530393.102155,1,297,249,28.04,29.84,0,1659
1520530393.152157,1,270,240,27.80,30.01,0,1659
1520530393.202159,1,260,235,27.14,137.56,1,1737
1520530393.252160,1,246,217,26.60,27.83,0,1737
1520530393.302162,1,258,224,26.51,27.24,0,1737
1520530393.352164,1,262,229,26.27,156.96,1,1742
1520530393.402921,1,293,263,44.69,33.17,0,1742
1520530393.452923,1,300,272,44.48,30.70,0,1742
1520530393.502924,1,300,262,44.53,141.07,1,1783
1520530393.552926,1,300,267,44.53,32.21,0,1783
1520530393.602927,1,300,266,45.48,32.33,0,1783
1520530393.652929,1,294,247,46.61,150.88,1,1836
1520530393.702931,1,265,225,47.73,30.61,0,1836
1520530393.752932,1,254,212,47.68,28.84,0,1836
1520530393.802958,1,266,222,48.07,124.13,1,1890
1520530393.852959,1,258,220,47.59,28.63,0,1890
1520530393.902961,1,274,231,47.55,28.06,0,1890
1520530393.952963,1,300,251,47.22,146.47,1,1936
1520530394.002964,1,300,251,47.00,30.32,0,1936
1520530394.052965,1,300,259,46.84,29.75,0,1936
1520530394.102968,1,300,260,46.55,144.68,1,1927
1520530394.152969,1,292,261,46.16,32.31,0,1927
1520530394.202165,1,207,188,26.33,30.36,0,1927
1520530394.252167,1,205,189,26.13,96.83,1,1919
1520530394.302169,1,203,190,26.04,24.94,0,1919
1520530394.352170,1,217,198,26.13,24.77,0,1919
1520530394.402172,1,209,194,26.06,131.47,1,1893
1520530394.452173,1,212,199,26.06,24.14,0,1893
1520530394.502175,1,220,202,26.25,24.76,0,1893
1520530394.552176,1,232,209,26.61,145.28,1,1867
1520530394.602189,1,231,201,26.58,26.01,0,1867
1520530394.652877,1,249,213,47.71,27.62,0,1867
1520530394.702878,1,262,222,48.94,102.34,1,1797
1520530394.752879,1,293,241,50.01,30.15,0,1797
1520530394.802881,1,292,245,51.08,31.27,0,1797
1520530394.852882,1,300,257,51.82,171.71,1,1813
1520530394.902885,1,299,266,53.20,30.66,0,1813
1520530394.952885,1,281,236,53.78,28.69,0,1813
1520530395.002887,1,288,235,53.54,145.61,1,1816
1520530395.053731,1,300,231,80.74,29.44,0,1816
1520530395.103732,1,300,234,81.49,29.11,0,1816
1520530395.153734,1,300,225,82.19,146.48,1,1792
1520530395.203735,1,300,226,83.48,28.77,0,1792
1520530395.253737,1,300,207,84.74,28.33,0,1792
1520530395.303738,1,300,205,86.37,125.43,1,1784
1520530395.353740,1,300,198,87.49,27.86,0,1784
1520530395.403742,1,295,202,88.31,27.15,0,1784
1520530395.452705,1,290,203,52.65,152.54,1,1803
1520530395.502707,1,300,213,52.90,29.57,0,1803
1520530395.552709,1,281,214,52.90,29.30,0,1803
1520530395.602710,1,254,196,52.59,143.52,1,1757
1520530395.652712,1,300,241,52.41,29.48,0,1757
1520530395.702713,1,300,244,52.19,30.20,0,1757
1520530395.752715,1,285,235,51.60,151.16,1,1780
1520530395.802716,1,297,241,51.37,28.82,0,1780
1520530395.853078,1,282,231,63.89,28.92,0,1780
1520530395.903079,1,300,244,63.66,150.38,1,1725
1520530395.953081,1,300,246,63.01,29.89,0,1725
1520530396.003083,1,300,250,62.48,30.28,0,1725
1520530396.053084,1,300,256,61.73,107.02,1,1689
1520530396.103085,1,300,262,60.83,30.60,0,1689
1520530396.153087,1,300,258,60.04,30.14,0,1689
1520530396.203089,1,300,251,59.90,152.37,1,1692
1520530396.253235,1,285,250,64.77,30.16,0,1692
1520530396.303237,1,300,254,64.75,29.82,0,1692
1520530396.353238,1,300,252,64.52,132.14,1,1712
1520530396.403240,1,269,236,64.39,29.88,0,1712
1520530396.453241,1,256,218,64.34,27.93,0,1712
1520530396.503243,1,289,234,63.87,133.17,1,1637
1520530396.553244,1,260,186,63.38,27.73,0,1637
1520530396.603246,1,231,165,62.81,24.83,0,1637
1520530396.653248,1,223,156,62.15,187.92,1,1609
1520530396.703145,1,239,158,58.37,25.05,0,1609
1520530396.753147,1,228,141,57.99,22.66,0,1609
1520530396.803148,1,231,132,57.61,126.94,1,1592
1520530396.853149,1,220,120,57.36,22.05,0,1592
1520530396.903152,1,206,111,57.01,21.16,0,1592
1520530396.953152,1,204,108,57.37,176.29,1,1561
1520530397.003155,1,196,100,57.90,19.94,0,1561
1520530397.053156,1,185,96,58.47,19.71,0,1561
1520530397.102782,1,171,92,47.85,141.12,1,1507
1520530397.152784,1,169,90,47.56,18.92,0,1507
1520530397.202785,1,240,129,47.56,21.84,0,1507
1520530397.252787,1,208,123,47.33,92.56,1,1499
1520530397.302788,1,254,150,47.24,24.18,0,1499
1520530397.352790,1,260,170,47.14,28.68,0,1499
1520530397.402791,1,222,162,47.30,109.37,1,1432
1520530397.452793,1,285,191,47.57,28.49,0,1432
1520530397.502304,1,188,146,33.13,26.61,0,1432
1520530397.552306,1,181,149,32.95,122.23,1,1428
1520530397.602308,1,181,154,33.02,21.72,0,1428
1520530397.652309,1,179,151,32.95,20.99,0,1428
1520530397.702310,1,192,160,33.33,90.57,1,1392
1520530397.752312,1,190,152,33.19,22.51,0,1392
1520530397.802315,1,208,166,33.70,22.84,0,1392
1520530397.852315,1,186,151,33.59,139.30,1,1371
1520530397.902585,1,192,147,41.89,23.87,0,1371
1520530397.952586,1,211,153,41.32,22.91,0,1371
1520530398.002588,1,211,142,41.15,137.59,1,1340
1520530398.052589,1,242,168,41.46,26.08,0,1340
1520530398.102591,1,216,151,41.72,24.94,0,1340
1520530398.152592,1,283,213,42.12,135.09,1,1391
1520530398.202594,1,287,223,42.31,29.36,0,1391
1520530398.252596,1,300,238,42.66,29.96,0,1391
1520530398.303365,1,300,245,71.02,148.53,1,1445
1520530398.353367,1,278,233,71.97,32.77,0,1445
1520530398.403368,1,244,206,73.25,28.85,0,1445
1520530398.453370,1,222,191,74.85,95.71,1,1441
1520530398.503371,1,202,181,75.79,25.99,0,1441
1520530398.553373,1,191,174,76.48,22.82,0,1441
1520530398.603375,1,185,166,77.15,127.88,1,1435
1520530398.653376,1,252,209,77.25,27.20,0,1435
1520530398.703221,1,216,181,70.95,25.98,0,1435
1520530398.753223,1,208,170,70.07,113.55,1,1447
1520530398.803225,1,224,176,68.88,24.27,0,1447
1520530398.853226,1,211,169,68.08,23.46,0,1447
1520530398.903227,1,213,166,66.83,93.46,1,1433
1520530398.953229,1,195,145,65.58,22.55,0,1433
1520530399.003230,1,195,151,64.21,22.41,0,1433
1520530399.053232,1,180,136,63.47,130.12,1,1384
1520530399.103233,1,182,143,62.73,21.09,0,1384
1520530399.152330,1,163,132,33.01,25.21,0,1384
1520530399.202332,1,169,144,32.60,125.59,1,1401
1520530399.252333,1,153,138,31.63,20.09,0,1401
1520530399.302335,1,151,136,31.27,20.07,0,1401
1520530399.352336,1,146,126,30.90,118.74,1,1382
1520530399.402342,1,139,120,30.08,19.19,0,1382
1520530399.452339,1,144,120,29.61,18.55,0,1382
1520530399.502341,1,147,119,29.19,93.98,1,1383
1520530399.553006,1,145,118,49.52,21.59,0,1383
1520530399.603008,1,214,165,49.54,24.31,0,1383
1520530399.653009,1,206,149,50.17,112.97,1,1407
1520530399.703011,1,205,142,50.64,23.99,0,1407
1520530399.753012,1,190,116,51.15,22.92,0,1407
1520530399.803014,1,185,101,51.70,110.56,1,1382
1520530399.853016,1,163,90,52.50,21.65,0,1382
1520530399.903017,1,147,92,53.46,18.70,0,1382
1520530399.953275,1,149,95,61.78,101.42,1,1348
1520530400.003276,1,139,88,61.78,19.12,0,1348
1520530400.053278,1,132,87,61.53,17.48,0,1348
1520530400.103279,1,130,88,61.12,94.99,1,1344
1520530400.153281,1,254,172,60.49,25.08,0,1344
1520530400.203283,1,201,150,59.90,26.73,0,1344
1520530400.253284,1,261,188,59.51,94.68,1,1405
1520530400.303286,1,300,216,58.57,33.47,0,1405
1520530400.352494,1,137,108,35.62,116.63,1,1371
1520530400.402496,1,145,111,35.35,18.70,0,1371
1520530400.452498,1,200,140,34.97,20.73,0,1371
1520530400.502500,1,208,156,34.63,91.04,1,1436
1520530400.552501,1,160,136,34.00,23.71,0,1436
1520530400.602502,1,157,140,33.74,19.47,0,1436
1520530400.652504,1,176,157,32.82,105.39,1,1421
1520530400.702505,1,164,149,32.44,22.12,0,1421
1520530400.752291,1,179,159,26.26,22.66,0,1421
1520530400.802292,1,166,152,25.86,105.85,1,1423
1520530400.852294,1,158,148,25.26,21.28,0,1423
1520530400.902295,1,199,177,24.98,22.30,0,1423
1520530400.952297,1,174,153,25.23,99.11,1,1431
1520530401.002299,1,250,217,25.51,27.78,0,1431
1520530401.052300,1,191,162,26.16,29.10,0,1431
1520530401.102302,1,300,234,25.84,127.23,1,1518
1520530401.152303,1,280,221,26.13,30.35,0,1518
1520530401.202755,1,237,200,39.36,30.59,0,1518
1520530401.252756,1,236,192,39.98,112.02,1,1585
1520530401.302758,1,242,192,40.49,28.37,0,1585
1520530401.352759,1,204,174,41.90,25.17,0,1585
1520530401.402761,1,208,168,42.70,108.49,1,1617
1520530401.452763,1,187,153,43.53,24.25,0,1617
1520530401.502764,1,177,134,44.17,22.32,0,1617
1520530401.552766,1,177,132,45.04,121.62,1,1614
1520530401.603037,1,155,117,54.45,22.03,0,1614
1520530401.653039,1,169,123,55.48,20.22,0,1614
1520530401.703041,1,160,127,56.33,98.84,1,1587
1520530401.753042,1,155,131,57.33,20.03,0,1587
1520530401.803044,1,153,131,58.10,19.33,0,1587
1520530401.853045,1,158,132,59.17,87.80,1,1594
1520530401.903047,1,144,123,60.79,20.31,0,1594
1520530401.953048,1,147,130,61.76,19.12,0,1594
1520530402.002281,1,114,103,33.15,84.42,1,1574
1520530402.052283,1,116,103,33.20,16.68,0,1574
1520530402.102285,1,120,100,32.99,16.23,0,1574
1520530402.152286,1,124,104,32.52,103.54,1,1597
1520530402.202287,1,123,102,31.82,17.28,0,1597
1520530402.252289,1,119,98,31.57,16.60,0,1597
1520530402.302290,1,109,95,30.92,69.23,1,1572
1520530402.352292,1,99,80,30.59,15.98,0,1572
1520530402.402567,1,116,90,40.62,17.79,0,1572
1520530402.452569,1,129,92,40.16,66.86,1,1497
1520530402.502570,1,111,77,39.56,17.40,0,1497
1520530402.552572,1,108,76,39.57,15.88,0,1497
1520530402.602574,1,105,83,39.33,97.87,1,1456
1520530402.652672,1,111,91,39.72,17.84,0,1456
1520530402.702577,1,111,94,39.44,15.54,0,1456
1520530402.752578,1,102,84,39.59,95.54,1,1428
1520530402.803416,1,114,92,70.88,18.81,0,1428
1520530402.853417,1,133,106,70.43,17.74,0,1428
1520530402.903419,1,114,88,69.49,103.53,1,1439
1520530402.953420,1,103,75,68.51,16.54,0,1439
1520530403.003422,1,94,73,67.88,15.43,0,1439
1520530403.053424,1,91,74,67.07,59.42,1,1350
1520530403.103425,1,120,81,66.06,15.77,0,1350
1520530403.153427,1,104,81,64.92,16.07,0,1350
1520530403.202933,1,106,70,49.61,60.44,1,1327
1520530403.252935,1,168,94,49.89,21.95,0,1327
1520530403.302936,1,108,85,50.53,19.49,0,1327
1520530403.352938,1,97,78,50.98,56.26,1,1274
1520530403.402940,1,88,75,51.54,15.17,0,1274
1520530403.452941,1,98,78,52.37,14.90,0,1274
1520530403.502943,1,126,86,52.91,67.46,1,1261
1520530403.552945,1,118,86,53.99,20.11,0,1261
1520530403.602946,1,121,85,54.68,19.34,0,1261
1520530403.652254,1,89,56,29.90,81.87,1,1248
1520530403.702256,1,84,61,29.61,14.23,0,1248
1520530403.752257,1,81,68,28.94,14.07,0,1248
1520530403.802258,1,90,73,28.55,82.84,1,1279
1520530403.852261,1,90,75,28.37,15.23,0,1279
1520530403.902261,1,213,166,27.80,22.74,0,1279
1520530403.952263,1,233,182,27.54,69.89,1,1319
1520530404.002264,1,188,153,27.58,26.19,0,1319
1520530404.052744,1,201,176,46.90,27.23,0,1319
1520530404.102747,1,174,164,46.60,95.29,1,1378
1520530404.152748,1,173,146,46.31,21.77,0,1378
1520530404.202749,1,206,175,45.61,24.14,0,1378
1520530404.252828,1,216,187,45.66,68.24,1,1414
1520530404.302752,1,188,176,45.77,24.23,0,1414
1520530404.352753,1,170,150,46.75,22.37,0,1414
1520530404.402755,1,163,137,47.77,92.31,1,1399
1520530404.453112,1,164,150,62.99,21.22,0,1399
1520530404.503114,1,173,157,63.63,20.93,0,1399
1520530404.553115,1,300,265,64.16,104.39,1,1417
1520530404.603117,1,285,257,64.54,32.09,0,1417
1520530404.653119,1,262,241,64.90,28.97,0,1417
1520530404.703120,1,237,222,65.25,101.82,1,1380
1520530404.753122,1,225,209,65.48,26.84,0,1380
1520530404.803123,1,216,202,65.32,24.80,0,1380
1520530404.852642,1,151,140,46.11,99.43,1,1360
1520530404.902643,1,149,138,45.80,19.28,0,1360
1520530404.952645,1,149,138,46.01,18.43,0,1360
1520530405.002647,1,148,134,45.95,64.44,1,1322
1520530405.052648,1,138,132,46.01,18.57,0,1322
1520530405.102650,1,132,117,46.27,17.57,0,1322
1520530405.152651,1,121,110,46.24,95.29,1,1292
1520530405.202653,1,115,105,46.25,17.28,0,1292
1520530405.252327,1,96,89,32.33,17.12,0,1292
1520530405.302330,1,92,82,31.76,58.81,1,1177
1520530405.352331,1,89,74,31.92,14.42,0,1177
1520530405.402333,1,85,69,31.56,13.81,0,1177
1520530405.452334,1,75,59,31.37,68.70,1,1104
1520530405.502335,1,70,51,31.21,12.93,0,1104
1520530405.552337,1,72,49,30.26,12.25,0,1104
1520530405.602339,1,70,49,29.35,75.40,1,1066
1520530405.652792,1,73,60,47.38,14.78,0,1066
1520530405.702792,1,63,51,46.03,12.52,0,1066
1520530405.752795,1,71,55,44.68,80.66,1,1061
1520530405.802797,1,93,73,43.97,16.36,0,1061
1520530405.852855,1,91,73,43.11,17.26,0,1061
1520530405.902800,1,101,83,42.44,72.84,1,1048
1520530405.952801,1,108,89,42.15,16.68,0,1048
1520530406.002802,1,92,82,41.92,15.28,0,1048
1520530406.052804,1,95,81,42.07,61.51,1,1046
1520530406.103570,1,167,145,69.98,19.73,0,1046
1520530406.153571,1,150,131,70.34,20.66,0,1046
1520530406.203573,1,138,123,70.88,79.59,1,1080
1520530406.253574,1,103,90,71.82,18.31,0,1080
1520530406.303576,1,100,91,73.07,15.74,0,1080
1520530406.353577,1,94,85,73.94,55.90,1,1072
1520530406.403578,1,102,90,74.33,16.05,0,1072
1520530406.453581,1,106,90,74.62,16.68,0,1072
1520530406.503485,1,135,105,71.86,77.78,1,1084
1520530406.553487,1,116,98,72.93,18.40,0,1084
1520530406.603489,1,120,95,74.02,18.07,0,1084
1520530406.653490,1,104,90,75.76,71.60,1,1039
1520530406.703492,1,100,90,77.03,16.11,0,1039
1520530406.753493,1,143,108,78.28,18.43,0,1039
1520530406.803495,1,141,114,79.49,76.19,1,1050
1520530406.853497,1,98,93,80.28,18.09,0,1050
1520530406.902692,1,76,70,46.22,69.87,1,1029
1520530406.952693,1,76,50,46.11,14.19,0,1029
1520530407.002694,1,68,55,46.17,13.28,0,1029
1520530407.052696,1,56,41,46.08,56.95,1,1037
1520530407.102698,1,97,56,45.93,16.67,0,1037
1520530407.152699,1,76,53,45.40,21.10,0,1037
1520530407.202701,1,78,62,45.13,83.13,1,1032
1520530407.252702,1,86,70,43.94,14.49,0,1032
1520530407.303185,1,114,92,63.22,16.87,0,1032
1520530407.353185,1,102,86,61.73,57.15,1,1063
1520530407.403187,1,106,85,60.51,17.01,0,1063
1520530407.453221,1,114,92,60.01,17.40,0,1063
1520530407.503190,1,113,98,59.03,83.29,1,1074
1520530407.553191,1,150,118,58.11,18.60,0,1074
1520530407.603193,1,137,119,56.79,19.11,0,1074
1520530407.653194,1,149,126,56.06,88.30,1,1095
1520530407.703510,1,168,136,66.35,21.25,0,1095
1520530407.753511,1,183,147,66.05,20.97,0,1095
1520530407.803513,1,191,142,65.42,60.65,1,1112
1520530407.853514,1,194,127,65.14,21.41,0,1112
1520530407.903516,1,205,142,65.23,23.00,0,1112
1520530407.953518,1,202,148,65.25,83.71,1,1170
1520530408.003519,1,195,149,64.46,23.40,0,1170
1520530408.053521,1,223,174,63.25,24.05,0,1170
1520530408.103522,1,216,174,62.13,89.56,1,1122
1520530408.153603,1,209,164,63.76,24.28,0,1122
1520530408.203605,1,202,158,62.93,22.79,0,1122
1520530408.253606,1,201,159,62.14,77.34,1,1071
1520530408.303608,1,252,212,61.36,26.42,0,1071
1520530408.353609,1,285,244,60.29,29.61,0,1071
1520530408.403612,1,266,231,59.27,76.92,1,1123
1520530408.453613,1,267,231,58.48,28.06,0,1123
1520530408.503614,1,300,262,57.50,30.03,0,1123
1520530408.553374,1,288,260,50.23,93.17,1,1176
1520530408.603376,1,300,266,49.60,30.61,0,1176
1520530408.653377,1,300,264,49.13,30.22,0,1176
1520530408.703379,1,292,260,48.85,87.34,1,1081
1520530408.753380,1,300,264,48.54,30.74,0,1081
1520530408.803382,1,300,263,48.58,31.05,0,1081
1520530408.853383,1,300,260,48.20,100.32,1,1081
1520530408.903385,1,300,263,47.78,31.03,0,1081
1520530408.952878,1,295,247,34.63,36.84,0,1081
1520530409.002880,1,300,237,34.55,103.40,1,1149
1520530409.052890,1,295,228,34.54,31.23,0,1149
1520530409.102883,1,300,223,34.58,31.26,0,1149
1520530409.152884,1,262,199,34.98,105.26,1,1177
1520530409.202886,1,235,181,35.72,27.27,0,1177
1520530409.252887,1,240,176,35.96,25.20,0,1177
1520530409.302889,1,249,186,36.99,85.85,1,1211
1520530409.352902,1,213,163,38.11,28.24,0,1211
1520530409.402904,1,180,141,38.50,22.56,0,1211
1520530409.452906,1,175,141,38.54,116.14,1,1249
1520530409.502907,1,300,217,39.21,29.67,0,1249
1520530409.552909,1,218,183,39.92,29.56,0,1249
1520530409.602910,1,200,168,40.77,83.91,1,1294
1520530409.652912,1,219,177,41.61,25.20,0,1294
1520530409.702913,1,207,160,42.30,24.08,0,1294
1520530409.752654,1,180,135,33.91,74.02,1,1295
1520530409.802656,1,188,136,34.61,21.64,0,1295
1520530409.852657,1,191,138,34.80,22.56,0,1295
1520530409.902659,1,181,136,34.65,107.35,1,1333
1520530409.952660,1,171,127,33.50,22.27,0,1333
1520530410.002662,1,177,138,33.05,20.73,0,1333
1520530410.052664,1,183,150,33.05,72.78,1,1341
1520530410.102666,1,200,171,33.19,23.14,0,1341
1520530410.153222,1,204,173,53.32,26.28,0,1341
1520530410.203225,1,186,160,53.52,108.67,1,1350
1520530410.253226,1,180,164,53.58,21.52,0,1350
1520530410.303227,1,176,158,53.42,22.11,0,1350
1520530410.353231,1,170,155,53.14,110.20,1,1349
1520530410.403230,1,228,198,53.16,25.33,0,1349
1520530410.453231,1,220,191,53.45,27.08,0,1349
1520530410.503232,1,300,249,53.85,106.84,1,1406
1520530410.553234,1,237,210,54.57,29.25,0,1406
1520530410.603875,1,225,200,78.95,26.33,0,1406
1520530410.653876,1,211,187,80.37,114.38,1,1414
1520530410.703878,1,209,185,81.45,24.85,0,1414
1520530410.753879,1,247,211,82.02,25.54,0,1414
1520530410.803881,1,239,208,82.48,108.37,1,1404
1520530410.853882,1,245,217,83.02,26.64,0,1404
1520530410.903884,1,239,204,83.67,25.88,0,1404
1520530410.953885,1,234,204,83.94,85.16,1,1390
1520530411.003418,1,193,168,66.50,24.74,0,1390
1520530411.053420,1,202,172,66.48,23.09,0,1390
1520530411.103421,1,189,166,66.31,122.29,1,1398
1520530411.153423,1,190,164,65.94,22.39,0,1398
1520530411.203424,1,295,228,65.49,27.90,0,1398
1520530411.253426,1,300,225,64.76,154.11,1,1461
1520530411.303427,1,264,213,63.53,28.57,0,1461
1520530411.353429,1,300,230,62.57,28.48,0,1461
1520530411.403009,1,215,187,46.29,90.83,1,1445
1520530411.453010,1,208,181,45.67,23.99,0,1445
1520530411.503012,1,214,188,45.37,23.10,0,1445
1520530411.553013,1,203,183,45.05,132.11,1,1418
1520530411.603015,1,204,189,45.08,23.49,0,1418
1520530411.653017,1,205,184,44.91,22.79,0,1418
1520530411.703018,1,223,192,44.54,139.71,1,1403
1520530411.753020,1,300,238,43.90,29.99,0,1403
1520530411.802906,1,249,195,39.83,28.76,0,1403
1520530411.852907,1,248,180,39.80,97.23,1,1404
1520530411.902908,1,248,179,39.57,26.38,0,1404
1520530411.952911,1,234,167,39.18,24.88,0,1404
1520530412.002912,1,219,166,38.45,136.75,1,1390
1520530412.052913,1,191,142,38.19,22.89,0,1390
1520530412.102915,1,175,134,38.50,21.19,0,1390
1520530412.152916,1,187,142,38.32,122.57,1,1369
1520530412.203416,1,184,142,55.44,23.97,0,1369
1520530412.253417,1,204,166,55.34,23.44,0,1369
1520530412.303419,1,190,149,54.78,84.91,1,1370
1520530412.353420,1,188,155,53.88,22.57,0,1370
1520530412.403422,1,189,160,53.09,21.83,0,1370
1520530412.453423,1,176,152,51.65,131.98,1,1353
1520530412.503425,1,186,161,50.30,22.76,0,1353
1520530412.553426,1,187,149,49.50,22.52,0,1353
1520530412.603428,1,179,155,48.92,81.54,1,1291
1520530412.653630,1,182,160,54.18,21.52,0,1291
1520530412.703631,1,204,166,53.92,22.98,0,1291
1520530412.753633,1,230,179,53.76,85.05,1,1272
1520530412.803634,1,286,216,53.62,29.30,0,1272
1520530412.853636,1,274,213,53.66,31.36,0,1272
1520530412.903637,1,300,228,53.51,123.96,1,1329
1520530412.953639,1,300,225,53.49,33.15,0,1329
1520530413.003641,1,266,202,53.63,30.72,0,1329
1520530413.053009,1,244,173,37.01,137.39,1,1379
1520530413.103011,1,300,207,37.64,32.06,0,1379
1520530413.153012,1,228,174,38.52,28.35,0,1379
1520530413.203014,1,203,156,39.36,87.20,1,1353
1520530413.253016,1,214,165,40.64,28.62,0,1353
1520530413.303017,1,197,153,41.65,28.14,0,1353
1520530413.353019,1,185,139,42.50,129.82,1,1354
1520530413.403021,1,186,150,43.14,22.35,0,1354
1520530413.452940,1,179,137,40.42,21.83,0,1354
1520530413.502941,1,172,133,41.07,135.75,1,1340
1520530413.552943,1,210,153,41.19,23.03,0,1340
1520530413.602944,1,202,150,41.09,23.10,0,1340
1520530413.652946,1,191,145,40.34,118.90,1,1332
1520530413.702947,1,189,140,39.12,21.48,0,1332
1520530413.752949,1,188,142,38.84,20.39,0,1332
1520530413.802951,1,182,141,39.32,78.01,1,1285
1520530413.853107,1,187,148,45.47,21.50,0,1285
1520530413.903189,1,191,147,46.03,22.38,0,1285
1520530413.953110,1,188,145,46.55,75.77,1,1274
1520530414.003112,1,187,152,46.70,21.13,0,1274
1520530414.053113,1,192,160,46.29,21.61,0,1274
1520530414.103115,1,281,216,46.25,83.23,1,1319
1520530414.153116,1,253,202,45.93,27.47,0,1319
1520530414.203118,1,239,195,45.45,25.93,0,1319
1520530414.252894,1,193,161,37.66,112.24,1,1319
1520530414.302895,1,214,171,37.25,23.26,0,1319
1520530414.352898,1,291,213,36.89,26.74,0,1319
1520530414.402899,1,270,208,36.56,83.01,1,1328
1520530414.452900,1,268,211,36.29,27.70,0,1328
1520530414.502902,1,260,208,35.49,25.91,0,1328
1520530414.552903,1,259,216,35.21,112.53,1,1325
1520530414.602905,1,259,219,34.94,26.18,0,1325
1520530414.652705,1,237,200,28.01,26.66,0,1325
1520530414.702707,1,231,197,28.05,105.44,1,1207
1520530414.752708,1,233,197,28.00,25.12,0,1207
1520530414.802710,1,229,190,28.41,24.54,0,1207
1520530414.852712,1,202,183,28.75,96.17,1,1201
1520530414.902714,1,191,176,28.81,23.04,0,1201
1520530414.952715,1,188,166,28.95,21.15,0,1201
1520530415.002717,1,188,161,28.77,92.57,1,1181
1520530415.052718,1,187,150,28.72,22.32,0,1181
1520530415.103195,1,182,146,43.61,23.83,0,1181
1520530415.153197,1,174,140,43.49,121.23,1,1194
1520530415.203199,1,181,137,43.77,20.74,0,1194
1520530415.253200,1,235,167,43.64,24.03,0,1194
1520530415.303202,1,215,161,43.61,130.80,1,1225
1520530415.353203,1,235,164,43.87,23.89,0,1225
1520530415.403205,1,300,200,43.54,28.17,0,1225
1520530415.453206,1,280,196,43.46,136.00,1,1208
1520530415.503115,1,300,211,38.83,30.15,0,1208
1520530415.553069,1,291,202,38.55,28.83,0,1208
1520530415.603071,1,275,189,38.67,138.34,1,1222
1520530415.653072,1,290,197,38.31,27.71,0,1222
1520530415.703074,1,284,182,38.30,26.61,0,1222
1520530415.753075,1,271,176,38.05,162.63,1,1230
1520530415.803077,1,291,181,37.51,26.75,0,1230
1520530415.853079,1,267,166,37.50,25.53,0,1230
1520530415.903361,1,217,137,45.72,144.66,1,1228
1520530415.953363,1,220,138,45.56,22.11,0,1228
1520530416.003364,1,230,140,45.51,22.59,0,1228
1520530416.053366,1,227,137,45.56,132.74,1,1182
1520530416.103368,1,225,129,45.69,23.12,0,1182
1520530416.153369,1,233,128,46.10,22.07,0,1182
1520530416.203371,1,233,125,46.47,131.46,1,1170
1520530416.253372,1,235,124,46.54,21.67,0,1170
1520530416.303375,1,234,125,46.81,21.58,0,1170
1520530416.353376,1,234,125,46.77,138.83,1,1148
1520530416.403378,1,234,127,46.91,21.84,0,1148
1520530416.453380,1,230,129,47.45,21.87,0,1148
1520530416.503381,1,224,129,47.68,134.25,1,1093
1520530416.553383,1,220,133,47.81,21.56,0,1093
1520530416.603384,1,220,138,47.82,21.60,0,1093
1520530416.653386,1,213,144,48.04,127.98,1,1067
1520530416.703272,1,276,193,44.72,26.08,0,1067
1520530416.753274,1,270,196,44.81,28.09,0,1067
1520530416.803277,1,237,186,44.81,112.17,1,1085
1520530416.853277,1,225,188,44.95,25.51,0,1085
1520530416.903278,1,260,211,44.81,26.30,0,1085
1520530416.953280,1,238,195,44.87,151.95,1,1095
1520530417.003283,1,233,193,44.76,25.44,0,1095
1520530417.053283,1,293,235,45.32,28.69,0,1095
1520530417.103391,1,266,214,48.24,183.21,1,1066
1520530417.153371,1,267,212,48.46,26.75,0,1066
1520530417.203373,1,278,215,48.89,27.98,0,1066
1520530417.253374,1,294,213,49.49,142.94,1,1021
1520530417.303376,1,293,217,49.43,28.24,0,1021
1520530417.353378,1,300,225,49.61,28.35,0,1021
1520530417.403379,1,300,229,49.63,139.70,1,980
1520530417.453381,1,300,225,49.50,28.36,0,980
1520530417.503382,1,300,225,49.48,27.78,0,980
1520530417.553464,1,296,217,52.30,135.92,1,942
1520530417.603466,1,287,213,52.14,27.49,0,942
1520530417.653467,1,273,204,51.84,26.75,0,942
1520530417.703468,1,260,200,51.66,114.12,1,936
1520530417.753470,1,252,201,51.48,26.02,0,936
1520530417.803472,1,246,202,51.38,25.65,0,936
1520530417.853473,1,248,204,51.44,133.82,1,929
1520530417.903476,1,246,203,51.02,26.63,0,929
1520530417.953456,1,241,202,49.99,25.96,0,929
1520530418.003458,1,242,207,50.16,120.79,1,935
1520530418.053458,1,243,209,50.06,26.48,0,935
1520530418.103461,1,300,239,49.69,29.40,0,935
1520530418.153462,1,275,231,49.84,182.38,1,973
1520530418.203465,1,250,213,49.83,27.24,0,973
1520530418.253466,1,300,241,49.88,29.32,0,973
1520530418.303468,1,284,237,49.59,138.69,1,958
1520530418.353431,1,300,238,48.70,30.61,0,958
1520530418.403432,1,283,229,48.62,28.49,0,958
1520530418.453434,1,295,230,48.68,134.24,1,984
1520530418.503435,1,291,229,48.51,28.23,0,984
1520530418.553437,1,300,233,48.54,28.50,0,984
1520530418.603439,1,300,228,48.22,86.69,1,951
1520530418.653440,1,287,229,48.22,29.07,0,951
1520530418.703442,1,274,211,48.16,27.91,0,951
1520530418.753343,1,257,203,44.98,87.01,1,962
1520530418.803345,1,248,201,44.95,26.16,0,962
1520530418.853346,1,250,210,44.94,25.64,0,962
1520530418.903348,1,247,217,44.78,87.19,1,981
1520530418.953350,1,229,203,44.98,25.94,0,981
1520530419.003351,1,214,190,44.84,24.23,0,981
1520530419.053353,1,210,187,45.03,87.25,1,995
1520530419.103354,1,212,192,45.47,24.16,0,995
1520530419.153533,1,226,200,51.51,25.00,0,995
1520530419.203534,1,256,223,51.93,131.46,1,1051
1520530419.253536,1,243,205,52.09,26.30,0,1051
1520530419.303537,1,240,203,52.13,24.76,0,1051
1520530419.353539,1,249,204,52.33,91.39,1,1044
1520530419.403541,1,248,201,51.90,25.53,0,1044
1520530419.453542,1,256,206,51.84,25.96,0,1044
1520530419.503544,1,259,209,51.64,120.79,1,1021
1520530419.553545,1,300,233,51.87,28.88,0,1021
1520530419.603729,1,294,232,57.59,28.65,0,1021
1520530419.653731,1,300,234,57.50,92.51,1,992
1520530419.703733,1,295,240,57.26,29.06,0,992
1520530419.753734,1,283,234,57.43,28.13,0,992
1520530419.803736,1,286,238,57.72,109.78,1,976
1520530419.853739,1,278,235,57.19,28.18,0,976
1520530419.903739,1,271,230,56.88,27.79,0,976
1520530419.953740,1,259,224,56.43,151.19,1,982
1520530420.003597,1,236,199,51.40,26.51,0,982
1520530420.053598,1,223,200,50.72,25.55,0,982
1520530420.103600,1,215,192,49.99,113.40,1,990
1520530420.153602,1,207,183,49.37,24.52,0,990
1520530420.203604,1,203,178,49.35,23.81,0,990
1520530420.253605,1,218,185,49.68,121.40,1,1013
1520530420.303607,1,205,179,50.05,24.48,0,1013
1520530420.353608,1,201,175,50.39,23.09,0,1013
1520530420.403699,1,258,214,53.14,91.87,1,1050
1520530420.453700,1,240,201,53.39,25.61,0,1050
1520530420.503702,1,231,199,53.42,24.11,0,1050
1520530420.553704,1,252,204,53.24,155.44,1,1084
1520530420.603705,1,238,195,53.54,24.92,0,1084
1520530420.653707,1,275,216,53.54,25.88,0,1084
1520530420.703708,1,278,223,53.57,118.52,1,1125
1520530420.753710,1,267,214,53.58,26.88,0,1125
1520530420.803356,1,209,172,42.59,25.82,0,1125
1520530420.853358,1,200,167,42.69,134.43,1,1133
1520530420.903359,1,211,178,42.20,23.14,0,1133
1520530420.953361,1,192,167,41.93,22.33,0,1133
1520530421.003363,1,192,174,41.59,144.75,1,1105
1520530421.053364,1,177,162,41.03,22.88,0,1105
1520530421.103366,1,179,166,40.42,21.14,0,1105
1520530421.153367,1,173,163,40.01,91.57,1,1069
1520530421.203429,1,174,163,41.30,21.22,0,1069
1520530421.253431,1,183,169,41.11,21.43,0,1069
1520530421.303432,1,191,176,41.11,89.74,1,1044
1520530421.353434,1,199,173,40.97,23.17,0,1044
1520530421.403435,1,204,175,41.60,22.68,0,1044
1520530421.453437,1,265,215,41.97,137.86,1,1088
1520530421.503439,1,235,204,42.53,26.94,0,1088
1520530421.553440,1,282,238,43.36,28.35,0,1088
1520530421.603611,1,251,222,48.79,155.52,1,1154
1520530421.653613,1,247,211,49.15,27.03,0,1154
1520530421.703614,1,254,211,49.45,26.81,0,1154
1520530421.753616,1,260,209,49.34,155.17,1,1183
1520530421.803617,1,254,208,49.13,26.70,0,1183
1520530421.853618,1,258,210,48.96,25.56,0,1183
1520530421.903620,1,300,239,48.80,155.74,1,1215
1520530421.953693,1,281,229,48.50,28.90,0,1215
1520530422.003623,1,280,231,47.97,28.06,0,1215
1520530422.053472,1,260,223,43.30,101.97,1,1222
1520530422.103474,1,257,221,42.82,27.15,0,1222
1520530422.153476,1,256,215,42.38,26.63,0,1222
1520530422.203477,1,249,210,42.12,105.80,1,1228
1520530422.253479,1,248,213,41.43,27.04,0,1228
1520530422.303480,1,246,209,41.04,26.46,0,1228
1520530422.353482,1,242,207,40.54,150.68,1,1209
1520530422.403483,1,245,212,39.56,27.18,0,1209
1520530422.453394,1,239,210,36.66,26.73,0,1209
1520530422.503396,1,242,215,35.82,131.65,1,1203
1520530422.553397,1,236,211,35.88,26.18,0,1203
1520530422.603400,1,243,218,36.14,27.29,0,1203
1520530422.653401,1,222,206,36.88,122.17,1,1201
1520530422.703403,1,256,236,37.32,27.44,0,1201
1520530422.753404,1,300,266,38.07,30.35,0,1201
1520530422.803406,1,298,256,38.62,100.23,1,1264
1520530422.853580,1,289,243,44.01,30.45,0,1264
1520530422.903583,1,279,237,44.16,28.59,0,1264
1520530422.953585,1,272,233,44.36,101.78,1,1301
1520530423.003587,1,268,235,43.82,27.43,0,1301
1520530423.053587,1,285,244,43.61,28.89,0,1301
1520530423.103590,1,275,241,43.27,162.82,1,1296
1520530423.153590,1,284,250,42.97,30.54,0,1296
1520530423.203592,1,258,223,42.86,28.40,0,1296
1520530423.253316,1,194,167,35.19,148.76,1,1294
1520530423.303317,1,222,185,34.96,24.94,0,1294
1520530423.353319,1,217,180,34.98,25.08,0,1294
1520530423.403322,1,219,186,35.09,122.10,1,1272
1520530423.453322,1,260,206,35.22,27.18,0,1272
1520530423.503324,1,223,193,35.04,25.86,0,1272
1520530423.553359,1,217,195,35.12,126.94,1,1259
1520530423.603327,1,210,186,35.12,24.39,0,1259
1520530423.652983,1,180,150,26.21,24.93,0,1259
1520530423.702985,1,166,152,26.22,95.92,1,1271
1520530423.752986,1,172,153,25.69,21.21,0,1271
1520530423.802988,1,170,152,25.68,20.54,0,1271
1520530423.852990,1,185,161,25.46,80.45,1,1268
1520530423.902991,1,202,173,25.12,23.29,0,1268
1520530423.952993,1,201,176,24.81,23.64,0,1268
1520530424.002995,1,189,164,24.79,85.02,1,1294
1520530424.052950,1,179,153,24.04,23.03,0,1294
1520530424.103253,1,175,156,33.17,22.64,0,1294
1520530424.153255,1,186,162,33.15,129.01,1,1306
1520530424.203257,1,219,180,33.10,25.16,0,1306
1520530424.253258,1,300,231,33.28,29.14,0,1306
1520530424.303260,1,294,241,33.45,137.10,1,1371
1520530424.353261,1,268,233,33.63,29.66,0,1371
1520530424.403263,1,251,217,33.93,27.35,0,1371
1520530424.453264,1,243,208,33.48,130.11,1,1364
1520530424.504722,1,238,207,75.84,29.82,0,1364
1520530424.554724,1,237,208,75.85,27.52,0,1364
1520530424.604726,1,254,224,75.78,133.00,1,1383
1520530424.654727,1,273,248,75.50,28.83,0,1383
1520530424.704729,1,287,253,75.41,28.04,0,1383
1520530424.754730,1,300,259,75.43,179.34,1,1408
1520530424.804732,1,300,262,75.83,30.17,0,1408
1520530424.854733,1,300,266,76.68,29.97,0,1408
1520530424.903374,1,228,201,39.17,97.73,1,1415
1520530424.953377,1,243,215,39.69,26.54,0,1415
1520530425.003378,1,235,213,39.20,25.82,0,1415
1520530425.053379,1,233,212,38.94,143.68,1,1435
1520530425.103381,1,234,213,38.75,25.32,0,1435
1520530425.153383,1,235,207,38.77,24.44,0,1435
1520530425.203384,1,259,216,38.59,147.81,1,1447
1520530425.253385,1,254,211,38.17,26.39,0,1447
1520530425.303732,1,236,201,48.11,25.78,0,1447
1520530425.353734,1,245,203,47.82,119.17,1,1452
1520530425.403735,1,241,197,47.50,24.95,0,1452
1520530425.453737,1,245,196,47.64,24.65,0,1452
1520530425.503738,1,245,194,47.44,139.53,1,1432
1520530425.553740,1,245,202,47.91,25.47,0,1432
1520530425.603741,1,240,203,48.76,25.97,0,1432
1520530425.653743,1,243,212,49.48,137.56,1,1374
1520530425.703675,1,240,218,48.58,26.26,0,1374
1520530425.753677,1,251,223,49.03,26.21,0,1374
1520530425.803679,1,256,211,49.56,98.58,1,1348
1520530425.853680,1,262,200,50.81,27.57,0,1348
1520530425.903682,1,278,193,51.20,27.26,0,1348
1520530425.953682,1,272,188,51.54,141.62,1,1343
1520530426.003685,1,300,201,52.04,27.07,0,1343
1520530426.053685,1,296,204,51.91,27.45,0,1343
1520530426.103474,1,276,197,44.63,142.22,1,1316
1520530426.153475,1,269,208,44.07,27.20,0,1316
1520530426.203478,1,265,221,42.76,27.12,0,1316
1520530426.253478,1,259,219,41.59,145.37,1,1308
1520530426.303480,1,251,218,41.14,26.47,0,1308
1520530426.353482,1,247,213,41.22,25.93,0,1308
1520530426.403483,1,232,179,41.16,161.90,1,1308
1520530426.453484,1,220,157,40.88,23.75,0,1308
1520530426.503486,1,208,134,40.77,21.75,0,1308
1520530426.553551,1,252,153,42.04,126.79,1,1302
1520530426.603553,1,248,159,42.16,23.97,0,1302
1520530426.653554,1,274,179,42.25,25.20,0,1302
1520530426.703556,1,273,193,43.04,132.35,1,1279
1520530426.753558,1,300,228,43.06,30.34,0,1279
1520530426.803559,1,282,233,43.26,30.24,0,1279
1520530426.853560,1,276,225,43.30,143.26,1,1302
1520530426.903562,1,281,225,43.94,28.35,0,1302
1520530426.953598,1,279,212,45.73,27.59,0,1302
1520530427.003600,1,281,199,46.70,143.71,1,1253
1520530427.053602,1,283,184,47.25,26.83,0,1253
1520530427.103602,1,288,177,47.86,26.80,0,1253
1520530427.153605,1,288,160,48.32,122.73,1,1247
1520530427.203605,1,287,159,48.47,25.56,0,1247
1520530427.253608,1,268,158,49.20,25.07,0,1247
1520530427.303609,1,273,166,49.46,122.56,1,1258
1520530427.353592,1,247,159,49.02,24.04,0,1258
1520530427.403594,1,212,157,49.50,22.65,0,1258
1520530427.453595,1,214,159,49.90,156.66,1,1241
1520530427.503597,1,213,159,50.39,22.51,0,1241
1520530427.553598,1,214,160,50.44,21.89,0,1241
1520530427.603601,1,300,230,50.58,146.20,1,1267
1520530427.653601,1,290,228,50.38,28.48,0,1267
1520530427.703604,1,300,236,49.97,28.88,0,1267
1520530427.753678,1,291,235,52.17,169.55,1,1251
1520530427.803679,1,293,235,51.58,28.56,0,1251
1520530427.853681,1,296,240,51.25,28.98,0,1251
1520530427.903682,1,288,226,51.19,144.82,1,1224
1520530427.953684,1,268,208,50.61,28.15,0,1224
1520530428.003686,1,234,172,50.12,25.75,0,1224
1520530428.053687,1,222,162,49.87,92.61,1,1213
1520530428.103692,1,221,165,48.68,26.71,0,1213
1520530428.153535,1,209,162,42.97,23.10,0,1213
1520530428.203537,1,181,146,41.82,106.98,1,1229
1520530428.253538,1,191,148,41.11,21.99,0,1229
1520530428.303540,1,171,106,40.53,19.58,0,1229
1520530428.353542,1,176,98,40.08,125.29,1,1226
1520530428.403618,1,140,72,40.58,17.90,0,1226
1520530428.453544,1,142,75,41.32,16.13,0,1226
1520530428.503546,1,148,76,42.29,94.39,1,1154
1520530428.553451,1,130,74,39.24,16.60,0,1154
1520530428.603452,1,116,77,39.73,16.47,0,1154
1520530428.653454,1,103,75,40.26,129.67,1,1153
1520530428.703455,1,92,71,40.92,14.91,0,1153
1520530428.753457,1,86,67,41.59,13.61,0,1153
1520530428.803458,1,80,66,42.41,78.12,1,1068
1520530428.853460,1,72,64,42.74,13.49,0,1068
1520530428.903461,1,99,77,43.15,16.36,0,1068
1520530428.953463,1,77,68,43.96,67.48,1,1037
1520530429.003444,1,79,65,43.24,13.47,0,1037
1520530429.053445,1,74,63,43.61,13.27,0,1037
1520530429.103447,1,66,56,43.84,99.60,1,992
1520530429.153448,1,300,212,44.83,28.15,0,992
1520530429.203450,1,157,138,44.76,25.57,0,992
1520530429.253451,1,114,104,45.39,63.34,1,998
1520530429.303453,1,117,99,45.81,17.05,0,998
1520530429.353455,1,111,85,46.05,16.15,0,998
1520530429.403551,1,103,77,49.82,58.56,1,1004
1520530429.453553,1,103,86,49.61,15.93,0,1004
1520530429.503555,1,150,118,49.58,19.55,0,1004
1520530429.553556,1,118,105,49.81,73.80,1,1036
1520530429.603558,1,130,111,49.34,17.63,0,1036
1520530429.653558,1,122,112,49.20,18.12,0,1036
1520530429.703560,1,165,140,49.15,87.77,1,1071
1520530429.753561,1,145,133,49.00,20.19,0,1071
1520530429.803622,1,154,140,50.58,19.40,0,1071
1520530429.853626,1,162,147,50.29,64.30,1,1070
1520530429.903625,1,162,151,50.11,21.18,0,1070
1520530429.953626,1,167,151,49.45,20.67,0,1070
1520530430.003663,1,168,155,49.00,64.28,1,1061
1520530430.053629,1,189,162,48.44,21.49,0,1061
1520530430.103631,1,184,159,47.72,21.45,0,1061
1520530430.153632,1,194,141,46.81,64.15,1,1045
1520530430.203344,1,163,113,36.57,20.66,0,1045
1520530430.253346,1,153,109,36.39,18.38,0,1045
1520530430.303347,1,149,107,36.13,62.40,1,1050
1520530430.353349,1,145,109,35.63,18.45,0,1050
1520530430.403350,1,161,115,34.50,18.40,0,1050
1520530430.453352,1,162,123,33.46,64.09,1,1076
1520530430.503353,1,150,123,33.01,19.60,0,1076
1520530430.553355,1,164,133,31.90,19.83,0,1076
1520530430.603527,1,196,166,36.06,76.16,1,1126
1520530430.653528,1,183,161,35.01,24.33,0,1126
1520530430.703530,1,234,202,34.39,25.12,0,1126
1520530430.753532,1,233,199,33.84,104.85,1,1169
1520530430.803533,1,214,189,33.22,24.74,0,1169
1520530430.853534,1,221,186,33.16,23.74,0,1169
1520530430.903536,1,204,185,33.13,71.16,1,1134
1520530430.953538,1,188,164,33.90,22.88,0,1134
1520530431.003696,1,197,160,38.71,21.58,0,1134
1520530431.053698,1,194,157,39.05,64.58,1,1085
1520530431.103700,1,185,145,39.20,21.31,0,1085
1520530431.153701,1,192,143,39.76,21.37,0,1085
1520530431.203703,1,172,124,41.22,86.54,1,1067
1520530431.253704,1,145,116,42.57,18.94,0,1067
1520530431.303706,1,135,98,43.31,19.27,0,1067
1520530431.353708,1,129,84,44.00,56.51,1,1041
1520530431.403709,1,111,67,45.00,16.41,0,1041
1520530431.453562,1,112,71,40.87,16.01,0,1041
1520530431.503564,1,82,63,41.49,56.02,1,1035
1520530431.553565,1,84,58,42.53,14.27,0,1035
1520530431.603567,1,76,59,42.78,15.16,0,1035
1520530431.653568,1,66,52,43.83,63.57,1,1035
1520530431.703570,1,67,50,44.46,12.13,0,1035
1520530431.753571,1,78,63,44.36,12.61,0,1035
1520530431.803573,1,100,76,44.23,72.28,1,982
1520530431.853524,1,102,72,42.46,14.37,0,982
1520530431.903526,1,105,88,42.50,14.81,0,982
1520530431.953527,1,144,117,43.24,77.43,1,1027
1520530432.003528,1,130,117,43.55,18.95,0,1027
1520530432.053531,1,132,105,44.07,17.12,0,1027
1520530432.103532,1,143,111,44.26,82.24,1,1051
1520530432.153533,1,141,112,44.39,18.13,0,1051
1520530432.203536,1,132,116,44.54,17.77,0,1051
1520530432.253696,1,140,112,51.09,82.81,1,1032
1520530432.303698,1,138,117,50.45,17.98,0,1032
1520530432.353700,1,142,122,48.94,17.20,0,1032
1520530432.403701,1,149,127,48.18,79.87,1,1025
1520530432.453702,1,155,129,47.26,19.13,0,1025
1520530432.503704,1,157,128,46.38,19.37,0,1025
1520530432.553705,1,154,124,45.46,65.66,1,1022
1520530432.603708,1,168,120,44.57,19.77,0,1022
1520530432.653548,1,166,114,38.50,19.59,0,1022
1520530432.703550,1,162,117,37.73,93.86,1,1020
1520530432.753551,1,162,120,36.80,20.96,0,1020
1520530432.803553,1,160,122,35.99,18.82,0,1020
1520530432.853554,1,170,128,36.00,84.73,1,1035
1520530432.903556,1,161,131,35.87,20.33,0,1035
1520530432.953557,1,158,133,35.08,20.44,0,1035
1520530433.003559,1,165,133,33.99,76.60,1,1084
1520530433.053690,1,213,170,36.68,23.43,0,1084
1520530433.103692,1,224,187,35.70,24.25,0,1084
1520530433.153693,1,233,198,34.54,89.71,1,1155
1520530433.203694,1,227,197,33.87,25.44,0,1155
1520530433.253695,1,292,259,33.59,30.22,0,1155
1520530433.303697,1,300,266,33.72,107.71,1,1261
1520530433.353699,1,300,273,34.09,30.97,0,1261
1520530433.403701,1,295,267,34.67,29.96,0,1261
1520530433.453702,1,274,253,35.61,97.23,1,1250
1520530433.503793,1,282,248,38.85,28.97,0,1250
1520530433.553795,1,262,231,39.96,28.03,0,1250
1520530433.603796,1,257,221,40.74,93.97,1,1227
1520530433.653798,1,245,205,41.46,25.56,0,1227
1520530433.703799,1,223,186,42.10,25.22,0,1227
1520530433.753802,1,217,173,42.75,88.86,1,1192
1520530433.803803,1,207,167,43.03,22.67,0,1192
1520530433.853804,1,197,144,42.44,21.48,0,1192
1520530433.903630,1,163,115,37.64,67.61,1,1149
1520530433.953632,1,156,103,38.21,18.98,0,1149
1520530434.003634,1,146,98,38.87,18.33,0,1149
1520530434.053635,1,211,134,39.29,99.42,1,1189
1520530434.103637,1,175,116,40.08,21.22,0,1189
1520530434.153638,1,160,110,40.27,19.38,0,1189
1520530434.203640,1,125,102,40.12,64.27,1,1174
1520530434.253642,1,163,128,40.52,19.46,0,1174
1520530434.303478,1,114,94,35.79,18.36,0,1174
1520530434.353481,1,93,78,36.53,90.88,1,1161
1520530434.403481,1,89,80,36.96,14.65,0,1161
1520530434.453483,1,87,71,37.47,13.82,0,1161
1520530434.503485,1,86,73,37.65,59.97,1,1147
1520530434.553486,1,88,67,37.42,14.58,0,1147
1520530434.603488,1,98,79,37.62,16.93,0,1147
1520530434.653489,1,102,84,37.63,78.76,1,1146
1520530434.703656,1,119,95,43.68,17.92,0,1146
1520530434.753658,1,153,113,43.95,19.27,0,1146
1520530434.803658,1,164,136,44.72,93.72,1,1148
1520530434.853723,1,118,113,45.01,20.37,0,1148
1520530434.903661,1,130,115,44.51,17.31,0,1148
1520530434.953662,1,121,114,43.77,58.89,1,1111
1520530435.003665,1,220,202,43.49,24.45,0,1111
1520530435.053667,1,234,209,43.55,27.15,0,1111
1520530435.103796,1,213,206,49.16,70.00,1,1211
1520530435.153798,1,219,203,49.61,24.83,0,1211
1520530435.203799,1,217,207,50.15,25.29,0,1211
1520530435.253802,1,213,199,49.52,99.86,1,1222
1520530435.303802,1,241,215,49.17,26.53,0,1222
1520530435.353804,1,234,211,48.84,25.48,0,1222
1520530435.403806,1,234,205,48.30,73.48,1,1217
1520530435.453807,1,236,194,47.76,26.72,0,1217
1520530435.504086,1,226,178,56.90,25.55,0,1217
1520530435.554088,1,215,161,56.29,107.33,1,1232
1520530435.604089,1,207,162,55.14,23.51,0,1232
1520530435.654091,1,207,167,53.71,23.48,0,1232
1520530435.704092,1,209,160,52.83,87.20,1,1262
1520530435.754094,1,219,171,52.03,23.87,0,1262
1520530435.804096,1,226,181,51.66,24.44,0,1262
1520530435.854097,1,206,175,51.15,95.22,1,1321
1520530435.904099,1,230,187,51.25,24.50,0,1321
1520530435.953835,1,204,166,42.61,25.79,0,1321
1520530436.003837,1,211,154,42.28,84.22,1,1317
1520530436.053838,1,191,141,41.54,21.86,0,1317
1520530436.103839,1,174,117,41.05,20.72,0,1317
1520530436.153841,1,165,107,40.58,85.31,1,1283
1520530436.203843,1,183,111,40.19,19.90,0,1283
1520530436.253844,1,173,94,40.18,18.37,0,1283
1520530436.303846,1,187,94,40.05,103.60,1,1280
1520530436.353955,1,178,91,43.99,19.30,0,1280
1520530436.403958,1,194,93,44.16,19.29,0,1280
1520530436.453978,1,207,98,44.34,70.32,1,1279
1520530436.503960,1,266,125,44.84,24.53,0,1279
1520530436.553962,1,253,122,45.33,24.41,0,1279
1520530436.603963,1,243,118,45.40,106.66,1,1307
1520530436.653965,1,247,120,45.88,23.62,0,1307
1520530436.703966,1,300,148,46.01,28.99,0,1307
1520530436.754031,1,300,160,47.85,113.77,1,1331
1520530436.804032,1,241,163,47.92,26.82,0,1331
1520530436.854034,1,200,129,47.81,22.98,0,1331
1520530436.904035,1,164,101,48.10,103.61,1,1316
1520530436.954037,1,137,86,48.09,19.96,0,1316
1520530437.004039,1,145,99,47.49,17.42,0,1316
1520530437.054040,1,159,120,46.97,106.37,1,1311
1520530437.104042,1,159,121,46.41,21.12,0,1311
1520530437.153533,1,125,102,31.02,19.11,0,1311
1520530437.203536,1,136,116,31.24,97.26,1,1286
1520530437.253536,1,149,120,31.68,19.04,0,1286
1520530437.303538,1,145,127,31.99,20.16,0,1286
1520530437.353539,1,151,134,31.65,98.53,1,1240
1520530437.403543,1,159,134,30.91,21.74,0,1240
1520530437.453544,1,162,129,30.78,20.35,0,1240
1520530437.503545,1,167,128,30.57,98.37,1,1196
1520530437.553870,1,204,154,41.24,24.01,0,1196
1520530437.603872,1,198,147,41.41,22.07,0,1196
1520530437.653873,1,191,142,42.29,100.90,1,1236
1520530437.703875,1,192,137,42.68,22.51,0,1236
1520530437.753876,1,193,135,42.92,21.44,0,1236
1520530437.803878,1,185,125,44.40,101.38,1,1253
1520530437.853879,1,166,127,46.46,22.18,0,1253
1520530437.903881,1,148,129,47.31,19.09,0,1253
1520530437.954482,1,149,133,68.48,95.13,1,1281
1520530438.004481,1,148,131,68.08,19.55,0,1281
1520530438.054484,1,149,129,68.18,18.70,0,1281
1520530438.104484,1,178,150,67.93,98.23,1,1300
1520530438.154486,1,239,187,66.71,25.49,0,1300
1520530438.204487,1,226,181,65.86,24.79,0,1300
1520530438.254489,1,224,173,65.06,98.20,1,1275
1520530438.304490,1,221,171,64.69,24.13,0,1275
1520530438.354492,1,217,181,64.34,24.40,0,1275
1520530438.403621,1,178,154,34.42,107.74,1,1324
1520530438.453623,1,164,146,33.56,21.31,0,1324
1520530438.503624,1,164,144,32.32,20.84,0,1324
1520530438.553626,1,161,126,31.33,98.36,1,1330
1520530438.603628,1,165,130,30.19,21.24,0,1330
1520530438.653629,1,266,217,29.36,26.24,0,1330
1520530438.703631,1,294,238,29.02,116.13,1,1471
1520530438.753632,1,235,204,28.98,28.99,0,1471
1520530438.804389,1,219,194,49.80,28.22,0,1471
1520530438.854392,1,214,192,49.64,108.00,1,1496
1520530438.904392,1,219,194,49.26,24.85,0,1496
1520530438.954394,1,300,254,49.42,30.15,0,1496
1520530439.004395,1,300,269,49.45,114.62,1,1516
1520530439.054397,1,300,271,49.72,30.70,0,1516
1520530439.104398,1,300,273,49.38,29.81,0,1516
1520530439.154401,1,300,263,49.15,138.87,1,1499
1520530439.204654,1,285,252,55.34,30.51,0,1499
1520530439.254655,1,296,273,54.53,29.91,0,1499
1520530439.304657,1,300,279,54.22,121.41,1,1432
1520530439.354659,1,300,279,54.09,29.93,0,1432
1520530439.404660,1,300,280,53.67,29.24,0,1432
1520530439.454661,1,300,279,53.40,113.33,1,1406
1520530439.504663,1,300,278,53.12,30.29,0,1406
1520530439.554665,1,300,279,52.80,29.65,0,1406
1520530439.604177,1,300,271,41.14,107.37,1,1414
1520530439.654178,1,300,272,41.26,30.00,0,1414
1520530439.704263,1,300,274,41.41,30.15,0,1414
1520530439.754182,1,296,270,41.85,91.58,1,1390
1520530439.804183,1,300,276,42.72,31.19,0,1390
1520530439.854185,1,290,263,42.90,29.90,0,1390
1520530439.904186,1,296,263,43.31,125.37,1,1379
1520530439.954188,1,268,235,43.94,28.86,0,1379
1520530440.004099,1,253,224,41.78,27.18,0,1379
1520530440.054101,1,300,254,42.16,126.66,1,1369
1520530440.104102,1,274,238,42.39,29.01,0,1369
1520530440.154104,1,263,227,42.43,28.50,0,1369
1520530440.204106,1,269,229,42.52,119.58,1,1351
1520530440.254107,1,265,223,42.43,27.72,0,1351
1520530440.304109,1,254,211,42.30,25.89,0,1351
1520530440.354110,1,251,207,42.31,91.07,1,1347
1520530440.404112,1,237,194,43.14,25.62,0,1347
1520530440.453977,1,207,160,39.40,24.00,0,1347
1520530440.503979,1,237,169,39.61,132.93,1,1354
1520530440.553980,1,226,162,39.92,23.75,0,1354
1520530440.603981,1,221,161,40.49,22.75,0,1354
1520530440.653984,1,213,148,41.09,139.50,1,1331
1520530440.703986,1,300,220,41.23,28.39,0,1331
1520530440.753987,1,300,208,41.77,28.59,0,1331
1520530440.803989,1,300,211,41.94,129.59,1,1388
1520530440.853871,1,243,174,38.51,26.85,0,1388
1520530440.903872,1,299,216,38.64,27.55,0,1388
1520530440.953874,1,274,202,38.60,137.42,1,1400
1520530441.003875,1,262,188,38.83,26.26,0,1400
1520530441.053876,1,238,175,39.12,24.71,0,1400
1520530441.103878,1,209,162,39.36,129.57,1,1398
1520530441.153883,1,188,157,39.58,23.20,0,1398
1520530441.203881,1,300,224,40.07,30.01,0,1398
1520530441.253889,1,224,196,40.75,131.31,1,1416
1520530441.303927,1,172,149,41.58,22.95,0,1416
1520530441.353892,1,153,131,42.21,19.76,0,1416
1520530441.403893,1,150,131,42.81,129.30,1,1406
1520530441.453895,1,143,127,42.57,18.87,0,1406
1520530441.503896,1,137,115,42.70,18.80,0,1406
1520530441.553898,1,164,123,42.58,110.57,1,1381
1520530441.603899,1,161,125,42.81,20.13,0,1381
1520530441.654083,1,162,123,49.05,20.62,0,1381
1520530441.704084,1,159,123,48.97,124.71,1,1360
1520530441.754086,1,157,127,49.14,19.43,0,1360
1520530441.804088,1,171,135,49.54,19.60,0,1360
1520530441.854089,1,170,135,49.43,145.32,1,1321
1520530441.904091,1,153,118,49.49,18.98,0,1321
1520530441.954092,1,139,105,49.58,17.00,0,1321
1520530442.004094,1,151,110,49.60,142.45,1,1288
1520530442.054029,1,147,109,47.32,18.39,0,1288
1520530442.104032,1,135,105,47.61,17.20,0,1288
1520530442.154034,1,222,167,47.35,115.61,1,1319
1520530442.204035,1,170,143,47.33,24.75,0,1319
1520530442.254038,1,151,134,47.07,20.32,0,1319
1520530442.304038,1,121,111,46.82,128.91,1,1281
1520530442.354040,1,114,109,46.26,15.95,0,1281
1520530442.404042,1,115,104,46.34,15.88,0,1281
1520530442.453714,1,85,72,35.37,124.84,1,1232
1520530442.503716,1,95,73,35.05,14.51,0,1232
1520530442.553716,1,91,73,34.21,14.91,0,1232
1520530442.603719,1,85,64,32.81,172.71,1,1176
1520530442.653721,1,90,65,31.90,13.71,0,1176
1520530442.703722,1,102,72,31.06,13.87,0,1176
1520530442.753723,1,134,89,30.23,125.04,1,1183
1520530442.803725,1,122,89,29.34,16.80,0,1183
1520530442.853726,1,125,87,29.08,17.71,0,1183
1520530442.904376,1,159,118,47.78,108.43,1,1103
1520530442.954377,1,168,129,47.47,19.86,0,1103
1520530443.004380,1,171,132,47.25,19.94,0,1103
1520530443.054381,1,190,145,46.95,106.59,1,1100
1520530443.104383,1,172,129,47.07,21.54,0,1100
1520530443.154384,1,168,138,47.13,21.28,0,1100
1520530443.204385,1,167,141,47.31,79.75,1,1024
1520530443.254387,1,178,144,47.07,20.36,0,1024
1520530443.304466,1,183,146,49.19,20.54,0,1024
1520530443.354468,1,184,149,49.01,93.35,1,1034
1520530443.404470,1,184,149,49.02,20.86,0,1034
1520530443.454471,1,184,150,49.29,20.73,0,1034
1520530443.504473,1,183,149,49.46,93.46,1,1000
1520530443.554475,1,176,149,49.73,20.17,0,1000
1520530443.604476,1,283,188,50.13,25.86,0,1000
1520530443.654478,1,270,184,50.52,106.28,1,1053
1520530443.704013,1,172,123,37.15,25.26,0,1053
1520530443.754014,1,253,159,37.59,24.36,0,1053
1520530443.804016,1,215,142,37.61,95.66,1,1070
1520530443.854018,1,201,140,37.91,22.32,0,1070
1520530443.904020,1,188,122,38.67,20.65,0,1070
1520530443.954022,1,178,103,39.20,80.55,1,1076
1520530444.004023,1,175,102,39.58,18.98,0,1076
1520530444.054024,1,161,97,39.45,18.96,0,1076
1520530444.104403,1,156,103,51.43,103.46,1,1071
1520530444.154404,1,130,101,51.20,19.09,0,1071
1520530444.204406,1,125,100,50.73,18.90,0,1071
1520530444.254406,1,115,95,51.04,65.42,1,1050
1520530444.304409,1,157,135,51.28,21.11,0,1050
1520530444.354410,1,153,129,51.72,20.07,0,1050
1520530444.404411,1,141,125,51.60,87.93,1,1087
1520530444.454414,1,134,117,51.77,19.67,0,1087
1520530444.505162,1,119,111,78.34,17.62,0,1087
1520530444.555264,1,158,135,78.53,111.10,1,1106
1520530444.605164,1,146,127,79.30,21.14,0,1106
1520530444.655166,1,136,117,79.67,19.65,0,1106
1520530444.705167,1,147,124,80.35,90.50,1,1100
1520530444.755169,1,140,116,80.91,19.79,0,1100
1520530444.805171,1,137,103,81.76,18.28,0,1100
1520530444.855172,1,118,102,82.79,96.63,1,1109
1520530444.905173,1,200,147,84.13,24.07,0,1109
1520530444.954962,1,129,109,77.68,22.01,0,1109
1520530445.004964,1,115,96,78.63,77.70,1,1045
1520530445.054965,1,107,88,79.41,16.05,0,1045
1520530445.104967,1,146,110,78.93,18.55,0,1045
1520530445.154968,1,125,108,78.35,70.78,1,1029
1520530445.204970,1,206,153,77.31,22.65,0,1029
1520530445.254972,1,147,137,76.33,21.26,0,1029
1520530445.304973,1,138,129,75.68,82.66,1,1059
1520530445.353892,1,86,75,36.92,18.04,0,1059
1520530445.403894,1,88,74,36.46,14.59,0,1059
1520530445.453896,1,93,72,35.93,78.59,1,1005
1520530445.503898,1,96,71,35.48,16.44,0,1005
1520530445.553899,1,114,78,34.99,15.61,0,1005
1520530445.603900,1,117,79,34.53,55.54,1,1014
1520530445.653902,1,133,78,33.94,16.56,0,1014
1520530445.703904,1,125,79,33.12,16.92,0,1014
1520530445.753751,1,125,75,27.72,56.72,1,1018
1520530445.803752,1,112,78,27.84,17.45,0,1018
1520530445.853755,1,109,77,27.17,15.85,0,1018
1520530445.903755,1,131,94,26.80,84.74,1,1007
1520530445.953756,1,140,111,26.70,18.32,0,1007
1520530446.003759,1,142,110,26.90,18.54,0,1007
1520530446.053761,1,151,129,27.19,89.56,1,1039
1520530446.103762,1,168,145,27.33,19.76,0,1039
1520530446.154954,1,179,156,65.49,23.18,0,1039
1520530446.204900,1,259,236,65.77,103.47,1,1162
1520530446.254902,1,300,265,65.97,32.63,0,1162
1520530446.304903,1,238,207,65.74,28.20,0,1162
1520530446.354905,1,224,193,65.24,95.67,1,1153
1520530446.404906,1,220,190,64.62,23.62,0,1153
1520530446.454908,1,236,206,64.05,24.79,0,1153
1520530446.504909,1,223,200,63.58,98.66,1,1163
1520530446.554783,1,231,208,58.92,25.68,0,1163
1520530446.604785,1,225,205,58.19,25.15,0,1163
1520530446.654786,1,219,203,57.59,73.38,1,1185
1520530446.704788,1,233,202,57.06,24.79,0,1185
1520530446.754789,1,229,194,56.68,24.75,0,1185
1520530446.804791,1,254,203,56.59,101.39,1,1217
1520530446.854792,1,224,190,56.24,25.60,0,1217
1520530446.904794,1,217,183,56.63,26.03,0,1217
1520530446.954330,1,198,157,43.80,72.53,1,1194
1520530447.004332,1,216,169,44.29,23.16,0,1194
1520530447.054334,1,200,161,44.35,21.97,0,1194
1520530447.104335,1,192,148,44.76,93.79,1,1147
1520530447.154337,1,204,143,45.06,21.83,0,1147
1520530447.204338,1,190,126,44.96,21.08,0,1147
1520530447.254340,1,186,129,44.85,76.07,1,1115
1520530447.304342,1,175,122,45.26,20.08,0,1115
1520530447.354343,1,161,116,45.65,19.98,0,1115
1520530447.404124,1,154,108,39.02,96.99,1,1122
1520530447.454125,1,148,107,39.33,18.20,0,1122
1520530447.504127,1,147,102,40.00,16.82,0,1122
1520530447.554128,1,195,135,40.18,66.97,1,1146
1520530447.604130,1,171,127,40.40,20.95,0,1146
1520530447.654131,1,170,122,40.59,18.55,0,1146
1520530447.704133,1,170,119,40.65,67.85,1,1153
1520530447.754142,1,154,110,40.72,18.88,0,1153
1520530447.804072,1,144,105,38.71,17.62,0,1153
1520530447.854074,1,145,103,38.95,66.20,1,1095
1520530447.904075,1,144,104,38.58,17.70,0,1095
1520530447.954077,1,144,103,38.53,16.51,0,1095
1520530448.004078,1,142,103,38.56,91.38,1,1032
1520530448.054080,1,147,106,38.66,17.61,0,1032
1520530448.104081,1,146,103,38.66,16.56,0,1032
1520530448.154083,1,150,106,38.78,91.80,1,1028
1520530448.203885,1,131,93,31.86,19.31,0,1028
1520530448.253886,1,134,94,32.24,15.92,0,1028
1520530448.303888,1,135,97,32.26,92.43,1,1011
1520530448.353889,1,135,95,32.21,15.88,0,1011
1520530448.403891,1,135,94,32.07,15.85,0,1011
1520530448.453892,1,130,95,31.96,77.01,1,995
1520530448.503894,1,131,97,32.04,15.83,0,995
1520530448.553895,1,132,96,31.85,15.57,0,995
1520530448.603930,1,133,97,33.22,64.68,1,940
1520530448.653932,1,133,94,33.05,15.55,0,940
1520530448.703934,1,136,98,33.12,15.56,0,940
1520530448.753935,1,136,98,33.15,65.60,1,900
1520530448.803937,1,136,97,33.38,16.52,0,900
1520530448.853939,1,133,97,33.25,15.53,0,900
1520530448.903940,1,131,94,33.21,104.14,1,863
1520530448.953942,1,136,95,33.28,16.03,0,863
1520530449.003905,1,135,94,31.84,16.19,0,863
1520530449.053906,1,134,92,32.07,83.89,1,831
1520530449.103908,1,134,94,32.05,15.75,0,831
1520530449.153910,1,137,94,31.81,15.71,0,831
1520530449.203911,1,140,97,32.05,122.61,1,799
