Setting printing level to: DEBUG
VioManagerOptions.h:110 ESTIMATOR PARAMETERS:
StateOptions.h:158   - use_fej: 1
StateOptions.h:159   - integration: 1
StateOptions.h:160   - calib_cam_extrinsics: 1
StateOptions.h:161   - calib_cam_intrinsics: 1
StateOptions.h:162   - calib_cam_timeoffset: 1
StateOptions.h:163   - calib_imu_intrinsics: 0
StateOptions.h:164   - calib_imu_g_sensitivity: 0
StateOptions.h:165   - imu_model: 0
StateOptions.h:166   - max_clones: 11
StateOptions.h:167   - max_slam: 50
StateOptions.h:168   - max_slam_in_update: 25
StateOptions.h:169   - max_msckf_in_update: 40
StateOptions.h:170   - max_aruco: 1024
StateOptions.h:171   - max_cameras: 2
StateOptions.h:172   - feat_rep_msckf: GLOBAL_3D
StateOptions.h:173   - feat_rep_slam: ANCHORED_MSCKF_INVERSE_DEPTH
StateOptions.h:174   - feat_rep_aruco: ANCHORED_MSCKF_INVERSE_DEPTH
InertialInitializerOptions.h:125 INITIALIZATION SETTINGS:
InertialInitializerOptions.h:150   - init_window_time: 1.50
InertialInitializerOptions.h:151   - init_imu_thresh: 0.50
InertialInitializerOptions.h:152   - init_max_disparity: 15.00
InertialInitializerOptions.h:153   - init_max_features: 15.00
InertialInitializerOptions.h:171   - init_dyn_use: 0
InertialInitializerOptions.h:172   - init_dyn_mle_opt_calib: 0
InertialInitializerOptions.h:173   - init_dyn_mle_max_iter: 50
InertialInitializerOptions.h:174   - init_dyn_mle_max_threads: 6
InertialInitializerOptions.h:175   - init_dyn_mle_max_time: 0.05
InertialInitializerOptions.h:176   - init_dyn_num_pose: 6
InertialInitializerOptions.h:177   - init_dyn_min_deg: 10.00
InertialInitializerOptions.h:178   - init_dyn_inflation_ori: 1.00e+01
InertialInitializerOptions.h:179   - init_dyn_inflation_vel: 1.00e+02
InertialInitializerOptions.h:180   - init_dyn_inflation_bg: 1.00e+01
InertialInitializerOptions.h:181   - init_dyn_inflation_ba: 1.00e+02
InertialInitializerOptions.h:182   - init_dyn_min_rec_cond: 1.00e-20
InertialInitializerOptions.h:188   - init_dyn_bias_g: 0.00, 0.00, 0.00
InertialInitializerOptions.h:189   - init_dyn_bias_a: 0.00, 0.00, 0.00
InertialInitializerOptions.h:216 NOISE PARAMETERS:
InertialInitializerOptions.h:224   - gyroscope_noise_density: 0.000100
InertialInitializerOptions.h:225   - accelerometer_noise_density: 0.00100
InertialInitializerOptions.h:226   - gyroscope_random_walk: 0.0000100
InertialInitializerOptions.h:227   - accelerometer_random_walk: 0.000100
InertialInitializerOptions.h:228   - sigma_pix: 1.00
opencv_yaml_parse.h:365 the node timeshift_cam_imu of type [d] was not found (not required)...
opencv_yaml_parse.h:496 parameter T_imu_cam not found, trying T_cam_imu instead (will return T_imu_cam still)!
opencv_yaml_parse.h:496 parameter T_imu_cam not found, trying T_cam_imu instead (will return T_imu_cam still)!
InertialInitializerOptions.h:317 STATE PARAMETERS:
InertialInitializerOptions.h:318   - gravity_mag: 9.8100
InertialInitializerOptions.h:319   - gravity: 0.000, 0.000, 9.810
InertialInitializerOptions.h:320   - num_cameras: 2
InertialInitializerOptions.h:321   - use_stereo: 1
InertialInitializerOptions.h:322   - downsize cameras: 0
InertialInitializerOptions.h:329   - calib_camimu_dt: 0.0000
InertialInitializerOptions.h:344 cam_0_fisheye:1
cam_0_wh:
512 x 512
cam_0_intrinsic(0:3):
146.7 146.7   256   256
cam_0_intrinsic(4:7):
0 0 0 0
cam_0_extrinsic(0:3):
-0.241845  0.241845 -0.664463  0.664463
cam_0_extrinsic(4:6):
         0 -0.0343395 -0.0679765
T_C0toI:
2.08167e-16    0.766044    0.642788        0.07
         -1 2.08167e-16           0 7.14834e-18
          0   -0.642788    0.766044        0.03
          0           0           0           1

InertialInitializerOptions.h:344 cam_1_fisheye:1
cam_1_wh:
512 x 512
cam_1_intrinsic(0:3):
146.7 146.7   256   256
cam_1_intrinsic(4:7):
0 0 0 0
cam_1_extrinsic(0:3):
 -0.330366 -0.0885213    0.24321   0.907673
cam_1_extrinsic(4:6):
1.08891e-05   -0.034325  -0.0679643
T_C1toI:
    0.866025    -0.383022    -0.321394       -0.035
         0.5     0.663414      0.55667       0.0606
-6.87506e-14    -0.642788     0.766044         0.03
           0            0            0            1

VioManagerOptions.h:123   - dt_slam_delay: 2.0
VioManagerOptions.h:124   - zero_velocity_update: 0
VioManagerOptions.h:125   - zupt_max_velocity: 0.10
VioManagerOptions.h:126   - zupt_noise_multiplier: 50.00
VioManagerOptions.h:127   - zupt_max_disparity: 2.0000
VioManagerOptions.h:128   - zupt_only_at_beginning?: 1
VioManagerOptions.h:129   - record timing?: 0
VioManagerOptions.h:130   - record timing filepath: /tmp/traj_timing.txt
opencv_yaml_parse.h:400 the node multi_threading_pubs of type [b] was not found (not required)...
opencv_yaml_parse.h:400 the node multi_threading_subs of type [b] was not found (not required)...
VioManagerOptions.h:486 FEATURE TRACKING PARAMETERS:
VioManagerOptions.h:487   - use_stereo: 1
VioManagerOptions.h:488   - use_klt: 1
VioManagerOptions.h:489   - use_aruco: 0
VioManagerOptions.h:490   - downsize aruco: 1
VioManagerOptions.h:491   - downsize cameras: 0
VioManagerOptions.h:492   - num opencv threads: 4
VioManagerOptions.h:493   - use multi-threading pubs: 1
VioManagerOptions.h:494   - use multi-threading subs: 0
VioManagerOptions.h:495   - num_pts: 200
VioManagerOptions.h:496   - fast threshold: 20
VioManagerOptions.h:497   - grid X by Y: 5 by 5
VioManagerOptions.h:498   - min px dist: 15
VioManagerOptions.h:499   - hist method: 1
VioManagerOptions.h:500   - knn ratio: 0.650
VioManagerOptions.h:501   - track frequency: 21.0
opencv_yaml_parse.h:400 the node fi_triangulate_1d of type [b] was not found (not required)...
opencv_yaml_parse.h:400 the node fi_refine_features of type [b] was not found (not required)...
opencv_yaml_parse.h:365 the node fi_max_runs of type [i] was not found (not required)...
opencv_yaml_parse.h:365 the node fi_init_lamda of type [d] was not found (not required)...
opencv_yaml_parse.h:365 the node fi_max_lamda of type [d] was not found (not required)...
opencv_yaml_parse.h:365 the node fi_min_dx of type [d] was not found (not required)...
opencv_yaml_parse.h:365 the node fi_min_dcost of type [d] was not found (not required)...
opencv_yaml_parse.h:365 the node fi_lam_mult of type [d] was not found (not required)...
opencv_yaml_parse.h:365 the node fi_min_dist of type [d] was not found (not required)...
opencv_yaml_parse.h:365 the node fi_max_dist of type [d] was not found (not required)...
opencv_yaml_parse.h:365 the node fi_max_baseline of type [d] was not found (not required)...
opencv_yaml_parse.h:365 the node fi_max_cond_number of type [d] was not found (not required)...
FeatureInitializerOptions.h:87 	- triangulate_1d: 0
FeatureInitializerOptions.h:88 	- refine_features: 1
FeatureInitializerOptions.h:89 	- max_runs: 5
FeatureInitializerOptions.h:90 	- init_lamda: 0.001
FeatureInitializerOptions.h:91 	- max_lamda: 10000000000.000
FeatureInitializerOptions.h:92 	- min_dx: 0.0000010
FeatureInitializerOptions.h:93 	- min_dcost: 0.0000010
FeatureInitializerOptions.h:94 	- lam_mult: 10.000
FeatureInitializerOptions.h:95 	- min_dist: 0.100
FeatureInitializerOptions.h:96 	- max_dist: 60.000
FeatureInitializerOptions.h:97 	- max_baseline: 40.000
FeatureInitializerOptions.h:98 	- max_cond_number: 10000.000
VioManagerOptions.h:157 NOISE PARAMETERS:
NoiseManager.h:62   - gyroscope_noise_density: 0.000100
NoiseManager.h:63   - accelerometer_noise_density: 0.00100
NoiseManager.h:64   - gyroscope_random_walk: 0.0000100
NoiseManager.h:65   - accelerometer_random_walk: 0.000100
VioManagerOptions.h:177   Updater MSCKF Feats:
UpdaterOptions.h:45     - chi2_multipler: 1.0
UpdaterOptions.h:46     - sigma_pix: 1.00
VioManagerOptions.h:179   Updater SLAM Feats:
UpdaterOptions.h:45     - chi2_multipler: 1.0
UpdaterOptions.h:46     - sigma_pix: 1.00
VioManagerOptions.h:181   Updater ARUCO Tags:
UpdaterOptions.h:45     - chi2_multipler: 1.0
UpdaterOptions.h:46     - sigma_pix: 1.00
VioManagerOptions.h:183   Updater ZUPT:
UpdaterOptions.h:45     - chi2_multipler: 0.0
UpdaterOptions.h:46     - sigma_pix: 1.00
opencv_yaml_parse.h:365 the node timeshift_cam_imu of type [d] was not found (not required)...
opencv_yaml_parse.h:496 parameter T_imu_cam not found, trying T_cam_imu instead (will return T_imu_cam still)!
opencv_yaml_parse.h:496 parameter T_imu_cam not found, trying T_cam_imu instead (will return T_imu_cam still)!
VioManagerOptions.h:353 STATE PARAMETERS:
VioManagerOptions.h:354   - gravity_mag: 9.8100
VioManagerOptions.h:355   - gravity: 0.000, 0.000, 9.810
VioManagerOptions.h:356   - camera masks?: 1
VioManagerOptions.h:365   - calib_camimu_dt: 0.0000
VioManagerOptions.h:366 CAMERA PARAMETERS:
VioManagerOptions.h:381 cam_0_fisheye:1
cam_0_wh:
512 x 512
cam_0_intrinsic(0:3):
146.7 146.7   256   256
cam_0_intrinsic(4:7):
0 0 0 0
cam_0_extrinsic(0:3):
-0.241845  0.241845 -0.664463  0.664463
cam_0_extrinsic(4:6):
         0 -0.0343395 -0.0679765
T_C0toI:
2.08167e-16    0.766044    0.642788        0.07
         -1 2.08167e-16           0 7.14834e-18
          0   -0.642788    0.766044        0.03
          0           0           0           1

VioManagerOptions.h:381 cam_1_fisheye:1
cam_1_wh:
512 x 512
cam_1_intrinsic(0:3):
146.7 146.7   256   256
cam_1_intrinsic(4:7):
0 0 0 0
cam_1_extrinsic(0:3):
 -0.330366 -0.0885213    0.24321   0.907673
cam_1_extrinsic(4:6):
1.08891e-05   -0.034325  -0.0679643
T_C1toI:
    0.866025    -0.383022    -0.321394       -0.035
         0.5     0.663414      0.55667       0.0606
-6.87506e-14    -0.642788     0.766044         0.03
           0            0            0            1

VioManagerOptions.h:383 IMU PARAMETERS:
VioManagerOptions.h:391 imu model:kalibr
Dw (columnwise):1 0 0 1 0 1
Da (columnwise):1 0 0 1 0 1
Tg (columnwise):0 0 0 0 0 0 0 0 0
q_GYROtoI: 0 0 0 1
q_ACCtoI: 0 0 0 1
VioManager.cpp:53 =======================================
VioManager.cpp:54 OPENVINS ON-MANIFOLD EKF IS STARTING
VioManager.cpp:55 =======================================
VioManagerOptions.h:110 ESTIMATOR PARAMETERS:
StateOptions.h:158   - use_fej: 1
StateOptions.h:159   - integration: 1
StateOptions.h:160   - calib_cam_extrinsics: 1
StateOptions.h:161   - calib_cam_intrinsics: 1
StateOptions.h:162   - calib_cam_timeoffset: 1
StateOptions.h:163   - calib_imu_intrinsics: 0
StateOptions.h:164   - calib_imu_g_sensitivity: 0
StateOptions.h:165   - imu_model: 0
StateOptions.h:166   - max_clones: 11
StateOptions.h:167   - max_slam: 50
StateOptions.h:168   - max_slam_in_update: 25
StateOptions.h:169   - max_msckf_in_update: 40
StateOptions.h:170   - max_aruco: 1024
StateOptions.h:171   - max_cameras: 2
StateOptions.h:172   - feat_rep_msckf: GLOBAL_3D
StateOptions.h:173   - feat_rep_slam: ANCHORED_MSCKF_INVERSE_DEPTH
StateOptions.h:174   - feat_rep_aruco: ANCHORED_MSCKF_INVERSE_DEPTH
InertialInitializerOptions.h:125 INITIALIZATION SETTINGS:
InertialInitializerOptions.h:150   - init_window_time: 1.50
InertialInitializerOptions.h:151   - init_imu_thresh: 0.50
InertialInitializerOptions.h:152   - init_max_disparity: 15.00
InertialInitializerOptions.h:153   - init_max_features: 15.00
InertialInitializerOptions.h:171   - init_dyn_use: 0
InertialInitializerOptions.h:172   - init_dyn_mle_opt_calib: 0
InertialInitializerOptions.h:173   - init_dyn_mle_max_iter: 50
InertialInitializerOptions.h:174   - init_dyn_mle_max_threads: 6
InertialInitializerOptions.h:175   - init_dyn_mle_max_time: 0.05
InertialInitializerOptions.h:176   - init_dyn_num_pose: 6
InertialInitializerOptions.h:177   - init_dyn_min_deg: 10.00
InertialInitializerOptions.h:178   - init_dyn_inflation_ori: 1.00e+01
InertialInitializerOptions.h:179   - init_dyn_inflation_vel: 1.00e+02
InertialInitializerOptions.h:180   - init_dyn_inflation_bg: 1.00e+01
InertialInitializerOptions.h:181   - init_dyn_inflation_ba: 1.00e+02
InertialInitializerOptions.h:182   - init_dyn_min_rec_cond: 1.00e-20
InertialInitializerOptions.h:188   - init_dyn_bias_g: 0.00, 0.00, 0.00
InertialInitializerOptions.h:189   - init_dyn_bias_a: 0.00, 0.00, 0.00
InertialInitializerOptions.h:216 NOISE PARAMETERS:
InertialInitializerOptions.h:224   - gyroscope_noise_density: 0.000100
InertialInitializerOptions.h:225   - accelerometer_noise_density: 0.00100
InertialInitializerOptions.h:226   - gyroscope_random_walk: 0.0000100
InertialInitializerOptions.h:227   - accelerometer_random_walk: 0.000100
InertialInitializerOptions.h:228   - sigma_pix: 1.00
InertialInitializerOptions.h:317 STATE PARAMETERS:
InertialInitializerOptions.h:318   - gravity_mag: 9.8100
InertialInitializerOptions.h:319   - gravity: 0.000, 0.000, 9.810
InertialInitializerOptions.h:320   - num_cameras: 2
InertialInitializerOptions.h:321   - use_stereo: 1
InertialInitializerOptions.h:322   - downsize cameras: 0
InertialInitializerOptions.h:329   - calib_camimu_dt: 0.0000
InertialInitializerOptions.h:344 cam_0_fisheye:1
cam_0_wh:
512 x 512
cam_0_intrinsic(0:3):
146.7 146.7   256   256
cam_0_intrinsic(4:7):
0 0 0 0
cam_0_extrinsic(0:3):
-0.241845  0.241845 -0.664463  0.664463
cam_0_extrinsic(4:6):
         0 -0.0343395 -0.0679765
T_C0toI:
2.08167e-16    0.766044    0.642788        0.07
         -1 2.08167e-16           0 7.14834e-18
          0   -0.642788    0.766044        0.03
          0           0           0           1

InertialInitializerOptions.h:344 cam_1_fisheye:1
cam_1_wh:
512 x 512
cam_1_intrinsic(0:3):
146.7 146.7   256   256
cam_1_intrinsic(4:7):
0 0 0 0
cam_1_extrinsic(0:3):
 -0.330366 -0.0885213    0.24321   0.907673
cam_1_extrinsic(4:6):
1.08891e-05   -0.034325  -0.0679643
T_C1toI:
    0.866025    -0.383022    -0.321394       -0.035
         0.5     0.663414      0.55667       0.0606
-6.87506e-14    -0.642788     0.766044         0.03
           0            0            0            1

VioManagerOptions.h:123   - dt_slam_delay: 2.0
VioManagerOptions.h:124   - zero_velocity_update: 0
VioManagerOptions.h:125   - zupt_max_velocity: 0.10
VioManagerOptions.h:126   - zupt_noise_multiplier: 50.00
VioManagerOptions.h:127   - zupt_max_disparity: 2.0000
VioManagerOptions.h:128   - zupt_only_at_beginning?: 1
VioManagerOptions.h:129   - record timing?: 0
VioManagerOptions.h:130   - record timing filepath: /tmp/traj_timing.txt
VioManagerOptions.h:157 NOISE PARAMETERS:
NoiseManager.h:62   - gyroscope_noise_density: 0.000100
NoiseManager.h:63   - accelerometer_noise_density: 0.00100
NoiseManager.h:64   - gyroscope_random_walk: 0.0000100
NoiseManager.h:65   - accelerometer_random_walk: 0.000100
VioManagerOptions.h:177   Updater MSCKF Feats:
UpdaterOptions.h:45     - chi2_multipler: 1.0
UpdaterOptions.h:46     - sigma_pix: 1.00
VioManagerOptions.h:179   Updater SLAM Feats:
UpdaterOptions.h:45     - chi2_multipler: 1.0
UpdaterOptions.h:46     - sigma_pix: 1.00
VioManagerOptions.h:181   Updater ARUCO Tags:
UpdaterOptions.h:45     - chi2_multipler: 1.0
UpdaterOptions.h:46     - sigma_pix: 1.00
VioManagerOptions.h:183   Updater ZUPT:
UpdaterOptions.h:45     - chi2_multipler: 0.0
UpdaterOptions.h:46     - sigma_pix: 1.00
VioManagerOptions.h:353 STATE PARAMETERS:
VioManagerOptions.h:354   - gravity_mag: 9.8100
VioManagerOptions.h:355   - gravity: 0.000, 0.000, 9.810
VioManagerOptions.h:356   - camera masks?: 1
VioManagerOptions.h:365   - calib_camimu_dt: 0.0000
VioManagerOptions.h:366 CAMERA PARAMETERS:
VioManagerOptions.h:381 cam_0_fisheye:1
cam_0_wh:
512 x 512
cam_0_intrinsic(0:3):
146.7 146.7   256   256
cam_0_intrinsic(4:7):
0 0 0 0
cam_0_extrinsic(0:3):
-0.241845  0.241845 -0.664463  0.664463
cam_0_extrinsic(4:6):
         0 -0.0343395 -0.0679765
T_C0toI:
2.08167e-16    0.766044    0.642788        0.07
         -1 2.08167e-16           0 7.14834e-18
          0   -0.642788    0.766044        0.03
          0           0           0           1

VioManagerOptions.h:381 cam_1_fisheye:1
cam_1_wh:
512 x 512
cam_1_intrinsic(0:3):
146.7 146.7   256   256
cam_1_intrinsic(4:7):
0 0 0 0
cam_1_extrinsic(0:3):
 -0.330366 -0.0885213    0.24321   0.907673
cam_1_extrinsic(4:6):
1.08891e-05   -0.034325  -0.0679643
T_C1toI:
    0.866025    -0.383022    -0.321394       -0.035
         0.5     0.663414      0.55667       0.0606
-6.87506e-14    -0.642788     0.766044         0.03
           0            0            0            1

VioManagerOptions.h:383 IMU PARAMETERS:
VioManagerOptions.h:391 imu model:kalibr
Dw (columnwise):1 0 0 1 0 1
Da (columnwise):1 0 0 1 0 1
Tg (columnwise):0 0 0 0 0 0 0 0 0
q_GYROtoI: 0 0 0 1
q_ACCtoI: 0 0 0 1
VioManagerOptions.h:486 FEATURE TRACKING PARAMETERS:
VioManagerOptions.h:487   - use_stereo: 1
VioManagerOptions.h:488   - use_klt: 1
VioManagerOptions.h:489   - use_aruco: 0
VioManagerOptions.h:490   - downsize aruco: 1
VioManagerOptions.h:491   - downsize cameras: 0
VioManagerOptions.h:492   - num opencv threads: 4
VioManagerOptions.h:493   - use multi-threading pubs: 1
VioManagerOptions.h:494   - use multi-threading subs: 0
VioManagerOptions.h:495   - num_pts: 200
VioManagerOptions.h:496   - fast threshold: 20
VioManagerOptions.h:497   - grid X by Y: 5 by 5
VioManagerOptions.h:498   - min px dist: 15
VioManagerOptions.h:499   - hist method: 1
VioManagerOptions.h:500   - knn ratio: 0.650
VioManagerOptions.h:501   - track frequency: 21.0
FeatureInitializerOptions.h:87 	- triangulate_1d: 0
FeatureInitializerOptions.h:88 	- refine_features: 1
FeatureInitializerOptions.h:89 	- max_runs: 5
FeatureInitializerOptions.h:90 	- init_lamda: 0.001
FeatureInitializerOptions.h:91 	- max_lamda: 10000000000.000
FeatureInitializerOptions.h:92 	- min_dx: 0.0000010
FeatureInitializerOptions.h:93 	- min_dcost: 0.0000010
FeatureInitializerOptions.h:94 	- lam_mult: 10.000
FeatureInitializerOptions.h:95 	- min_dist: 0.100
FeatureInitializerOptions.h:96 	- max_dist: 60.000
FeatureInitializerOptions.h:97 	- max_baseline: 40.000
FeatureInitializerOptions.h:98 	- max_cond_number: 10000.000
ROS1Visualizer.cpp:49 Publishing: /ros1_serial_msckf/poseimu
ROS1Visualizer.cpp:51 Publishing: /ros1_serial_msckf/odomimu
ROS1Visualizer.cpp:53 Publishing: /ros1_serial_msckf/pathimu
ROS1Visualizer.cpp:57 Publishing: /ros1_serial_msckf/points_msckf
ROS1Visualizer.cpp:59 Publishing: /ros1_serial_msckf/points_msckf
ROS1Visualizer.cpp:61 Publishing: /ros1_serial_msckf/points_aruco
ROS1Visualizer.cpp:63 Publishing: /ros1_serial_msckf/points_sim
ROS1Visualizer.cpp:67 Publishing: /ros1_serial_msckf/trackhist
ROS1Visualizer.cpp:71 Publishing: /ros1_serial_msckf/posegt
ROS1Visualizer.cpp:73 Publishing: /ros1_serial_msckf/pathgt
ros1_serial_msckf.cpp:86 [SERIAL]: imu: /uav1/sensor_pod/imu
ros1_serial_msckf.cpp:95 [SERIAL]: cam: /uav1/cam0/color/image_raw
ros1_serial_msckf.cpp:95 [SERIAL]: cam: /uav1/cam1/color/image_raw
ros1_serial_msckf.cpp:101 [SERIAL]: ros bag path is: /data/input.bag
ros1_serial_msckf.cpp:120 [SERIAL]: bag start: 0.0
ros1_serial_msckf.cpp:121 [SERIAL]: bag duration: -1.0
ros1_serial_msckf.cpp:142 time start = 1700000000.000000
ros1_serial_msckf.cpp:143 time end   = 1700000026.877500
ros1_serial_msckf.cpp:185 [SERIAL]: total of 11826 messages!
VioManagerHelper.cpp:170 [33m[init]: failed initialization in 0.0000 seconds
[0mVioManager.cpp:314 [34m[TIME]: 0.0025 seconds for tracking
[0mROS1Visualizer.cpp:483 [34m[TIME]: 0.0026 seconds total (385.1 hz, 0.25 ms behind)
[0mInertialInitializer.cpp:123 [33m[init]: not enough feats to compute disp: 0,0 < 15
[0mVioManagerHelper.cpp:170 [33m[init]: failed initialization in 0.0000 seconds
[0mVioManager.cpp:314 [34m[TIME]: 0.0616 seconds for tracking
[0mROS1Visualizer.cpp:483 [34m[TIME]: 0.0617 seconds total (16.2 hz, 0.25 ms behind)
[0mInertialInitializer.cpp:123 [33m[init]: not enough feats to compute disp: 0,0 < 15
[0mVioManagerHelper.cpp:170 [33m[init]: failed initialization in 0.0000 seconds
[0mVioManager.cpp:314 [34m[TIME]: 0.0016 seconds for tracking
[0mROS1Visualizer.cpp:483 [34m[TIME]: 0.0017 seconds total (597.0 hz, 0.25 ms behind)
[0mInertialInitializer.cpp:123 [33m[init]: not enough feats to compute disp: 0,45 < 15
[0mVioManagerHelper.cpp:170 [33m[init]: failed initialization in 0.0000 seconds
[0mVioManager.cpp:314 [34m[TIME]: 0.0016 seconds for tracking
[0mROS1Visualizer.cpp:483 [34m[TIME]: 0.0016 seconds total (612.7 hz, 0.25 ms behind)
[0mInertialInitializer.cpp:123 [33m[init]: not enough feats to compute disp: 0,45 < 15
[0mVioManagerHelper.cpp:170 [33m[init]: failed initialization in 0.0000 seconds
[0mVioManager.cpp:314 [34m[TIME]: 0.0012 seconds for tracking
[0mROS1Visualizer.cpp:483 [34m[TIME]: 0.0013 seconds total (773.4 hz, 0.25 ms behind)
[0mInertialInitializer.cpp:123 [33m[init]: not enough feats to compute disp: 0,45 < 15
[0mVioManagerHelper.cpp:170 [33m[init]: failed initialization in 0.0000 seconds
[0mVioManager.cpp:314 [34m[TIME]: 0.0011 seconds for tracking
[0mROS1Visualizer.cpp:483 [34m[TIME]: 0.0012 seconds total (815.7 hz, 0.25 ms behind)
[0mInertialInitializer.cpp:123 [33m[init]: not enough feats to compute disp: 0,45 < 15
[0mVioManagerHelper.cpp:170 [33m[init]: failed initialization in 0.0000 seconds
[0mVioManager.cpp:314 [34m[TIME]: 0.0011 seconds for tracking
[0mROS1Visualizer.cpp:483 [34m[TIME]: 0.0011 seconds total (915.8 hz, 0.25 ms behind)
[0mInertialInitializer.cpp:123 [33m[init]: not enough feats to compute disp: 0,45 < 15
[0mVioManagerHelper.cpp:170 [33m[init]: failed initialization in 0.0000 seconds
[0mVioManager.cpp:314 [34m[TIME]: 0.0008 seconds for tracking
[0mROS1Visualizer.cpp:483 [34m[TIME]: 0.0008 seconds total (1219.5 hz, 0.00 ms behind)
[0mInertialInitializer.cpp:123 [33m[init]: not enough feats to compute disp: 0,45 < 15
[0mVioManagerHelper.cpp:170 [33m[init]: failed initialization in 0.0000 seconds
[0mVioManager.cpp:314 [34m[TIME]: 0.0010 seconds for tracking
[0mROS1Visualizer.cpp:483 [34m[TIME]: 0.0011 seconds total (934.6 hz, 0.25 ms behind)
[0mInertialInitializer.cpp:123 [33m[init]: not enough feats to compute disp: 0,45 < 15
[0mVioManagerHelper.cpp:170 [33m[init]: failed initialization in 0.0000 seconds
[0mVioManager.cpp:314 [34m[TIME]: 0.0011 seconds for tracking
[0mROS1Visualizer.cpp:483 [34m[TIME]: 0.0011 seconds total (888.9 hz, 0.25 ms behind)
[0mInertialInitializer.cpp:123 [33m[init]: not enough feats to compute disp: 0,45 < 15
[0mVioManagerHelper.cpp:170 [33m[init]: failed initialization in 0.0000 seconds
[0mVioManager.cpp:314 [34m[TIME]: 0.0011 seconds for tracking
[0mROS1Visualizer.cpp:483 [34m[TIME]: 0.0011 seconds total (881.1 hz, 0.25 ms behind)
[0mInertialInitializer.cpp:123 [33m[init]: not enough feats to compute disp: 0,45 < 15
[0mVioManagerHelper.cpp:170 [33m[init]: failed initialization in 0.0000 seconds
[0mVioManager.cpp:314 [34m[TIME]: 0.0011 seconds for tracking
[0mROS1Visualizer.cpp:483 [34m[TIME]: 0.0011 seconds total (885.7 hz, 0.00 ms behind)
[0mInertialInitializer.cpp:123 [33m[init]: not enough feats to compute disp: 0,45 < 15
[0mVioManagerHelper.cpp:170 [33m[init]: failed initialization in 0.0000 seconds
[0mVioManager.cpp:314 [34m[TIME]: 0.0010 seconds for tracking
[0mROS1Visualizer.cpp:483 [34m[TIME]: 0.0011 seconds total (907.4 hz, 0.25 ms behind)
[0mInertialInitializer.cpp:123 [33m[init]: not enough feats to compute disp: 0,45 < 15
[0mVioManagerHelper.cpp:170 [33m[init]: failed initialization in 0.0000 seconds
[0mVioManager.cpp:314 [34m[TIME]: 0.0009 seconds for tracking
[0mROS1Visualizer.cpp:483 [34m[TIME]: 0.0010 seconds total (1033.1 hz, 0.25 ms behind)
[0mInertialInitializer.cpp:123 [33m[init]: not enough feats to compute disp: 0,45 < 15
[0mVioManagerHelper.cpp:170 [33m[init]: failed initialization in 0.0000 seconds
[0mVioManager.cpp:314 [34m[TIME]: 0.0011 seconds for tracking
[0mROS1Visualizer.cpp:483 [34m[TIME]: 0.0012 seconds total (847.5 hz, 0.25 ms behind)
[0mInertialInitializer.cpp:123 [33m[init]: not enough feats to compute disp: 0,45 < 15
[0mVioManagerHelper.cpp:170 [33m[init]: failed initialization in 0.0000 seconds
[0mVioManager.cpp:314 [34m[TIME]: 0.0011 seconds for tracking
[0mROS1Visualizer.cpp:483 [34m[TIME]: 0.0011 seconds total (877.2 hz, 0.00 ms behind)
[0mInertialInitializer.cpp:123 [33m[init]: not enough feats to compute disp: 0,43 < 15
[0mVioManagerHelper.cpp:170 [33m[init]: failed initialization in 0.0000 seconds
[0mVioManager.cpp:314 [34m[TIME]: 0.0011 seconds for tracking
[0mROS1Visualizer.cpp:483 [34m[TIME]: 0.0012 seconds total (850.3 hz, 0.25 ms behind)
[0mInertialInitializer.cpp:123 [33m[init]: not enough feats to compute disp: 0,43 < 15
[0mVioManagerHelper.cpp:170 [33m[init]: failed initialization in 0.0000 seconds
[0mVioManager.cpp:314 [34m[TIME]: 0.0009 seconds for tracking
[0mROS1Visualizer.cpp:483 [34m[TIME]: 0.0009 seconds total (1088.1 hz, 0.25 ms behind)
[0mInertialInitializer.cpp:128 [33m[init]: disparity is 0.471,0.280 (15.00 thresh)
[0mInertialInitializer.cpp:156 [33m[init]: failed static init: no accel jerk detected
[0mVioManagerHelper.cpp:170 [33m[init]: failed initialization in 0.0000 seconds
[0mVioManager.cpp:314 [34m[TIME]: 0.0008 seconds for tracking
[0mROS1Visualizer.cpp:483 [34m[TIME]: 0.0008 seconds total (1177.9 hz, 0.25 ms behind)
[0mInertialInitializer.cpp:128 [33m[init]: disparity is 0.422,0.312 (15.00 thresh)
[0mInertialInitializer.cpp:156 [33m[init]: failed static init: no accel jerk detected
[0mVioManagerHelper.cpp:170 [33m[init]: failed initialization in 0.0000 seconds
[0mVioManager.cpp:314 [34m[TIME]: 0.0011 seconds for tracking
[0mROS1Visualizer.cpp:483 [34m[TIME]: 0.0012 seconds total (858.4 hz, 0.25 ms behind)
[0mInertialInitializer.cpp:128 [33m[init]: disparity is 0.453,0.151 (15.00 thresh)
[0mInertialInitializer.cpp:156 [33m[init]: failed static init: no accel jerk detected
[0mVioManagerHelper.cpp:170 [33m[init]: failed initialization in 0.0000 seconds
[0mVioManager.cpp:314 [34m[TIME]: 0.0010 seconds for tracking
[0mROS1Visualizer.cpp:483 [34m[TIME]: 0.0011 seconds total (920.0 hz, 0.25 ms behind)
[0mInertialInitializer.cpp:128 [33m[init]: disparity is 0.437,0.139 (15.00 thresh)
[0mInertialInitializer.cpp:156 [33m[init]: failed static init: no accel jerk detected
[0mVioManagerHelper.cpp:170 [33m[init]: failed initialization in 0.0000 seconds
[0mVioManager.cpp:314 [34m[TIME]: 0.0010 seconds for tracking
[0mROS1Visualizer.cpp:483 [34m[TIME]: 0.0011 seconds total (898.5 hz, 0.25 ms behind)
[0mInertialInitializer.cpp:128 [33m[init]: disparity is 0.598,0.146 (15.00 thresh)
[0mInertialInitializer.cpp:156 [33m[init]: failed static init: no accel jerk detected
[0mVioManagerHelper.cpp:170 [33m[init]: failed initialization in 0.0000 seconds
[0mVioManager.cpp:314 [34m[TIME]: 0.0009 seconds for tracking
[0mROS1Visualizer.cpp:483 [34m[TIME]: 0.0010 seconds total (1019.4 hz, 0.25 ms behind)
[0mInertialInitializer.cpp:128 [33m[init]: disparity is 0.619,0.145 (15.00 thresh)
[0mInertialInitializer.cpp:156 [33m[init]: failed static init: no accel jerk detected
[0mVioManagerHelper.cpp:170 [33m[init]: failed initialization in 0.0000 seconds
[0mVioManager.cpp:314 [34m[TIME]: 0.0009 seconds for tracking
[0mROS1Visualizer.cpp:483 [34m[TIME]: 0.0009 seconds total (1069.5 hz, 0.25 ms behind)
[0mInertialInitializer.cpp:128 [33m[init]: disparity is 0.626,0.137 (15.00 thresh)
[0mInertialInitializer.cpp:156 [33m[init]: failed static init: no accel jerk detected
[0mVioManagerHelper.cpp:170 [33m[init]: failed initialization in 0.0000 seconds
[0mVioManager.cpp:314 [34m[TIME]: 0.0010 seconds for tracking
[0mROS1Visualizer.cpp:483 [34m[TIME]: 0.0011 seconds total (883.4 hz, 0.25 ms behind)
[0mInertialInitializer.cpp:128 [33m[init]: disparity is 0.606,0.144 (15.00 thresh)
[0mInertialInitializer.cpp:156 [33m[init]: failed static init: no accel jerk detected
[0mVioManagerHelper.cpp:170 [33m[init]: failed initialization in 0.0001 seconds
[0mVioManager.cpp:314 [34m[TIME]: 0.0011 seconds for tracking
[0mROS1Visualizer.cpp:483 [34m[TIME]: 0.0013 seconds total (796.8 hz, 0.25 ms behind)
[0mInertialInitializer.cpp:128 [33m[init]: disparity is 0.625,0.126 (15.00 thresh)
[0mInertialInitializer.cpp:156 [33m[init]: failed static init: no accel jerk detected
[0mVioManagerHelper.cpp:170 [33m[init]: failed initialization in 0.0000 seconds
[0mVioManager.cpp:314 [34m[TIME]: 0.0011 seconds for tracking
[0mROS1Visualizer.cpp:483 [34m[TIME]: 0.0011 seconds total (880.3 hz, 0.25 ms behind)
[0mInertialInitializer.cpp:128 [33m[init]: disparity is 0.623,0.162 (15.00 thresh)
[0mInertialInitializer.cpp:156 [33m[init]: failed static init: no accel jerk detected
[0mVioManagerHelper.cpp:170 [33m[init]: failed initialization in 0.0000 seconds
[0mVioManager.cpp:314 [34m[TIME]: 0.0011 seconds for tracking
[0mROS1Visualizer.cpp:483 [34m[TIME]: 0.0011 seconds total (891.3 hz, 0.00 ms behind)
[0mInertialInitializer.cpp:128 [33m[init]: disparity is 0.608,0.169 (15.00 thresh)
[0mInertialInitializer.cpp:156 [33m[init]: failed static init: no accel jerk detected
[0mVioManagerHelper.cpp:170 [33m[init]: failed initialization in 0.0000 seconds
[0mVioManager.cpp:314 [34m[TIME]: 0.0010 seconds for tracking
[0mROS1Visualizer.cpp:483 [34m[TIME]: 0.0011 seconds total (905.8 hz, 0.25 ms behind)
[0mInertialInitializer.cpp:128 [33m[init]: disparity is 0.628,0.146 (15.00 thresh)
[0mInertialInitializer.cpp:156 [33m[init]: failed static init: no accel jerk detected
[0mVioManagerHelper.cpp:170 [33m[init]: failed initialization in 0.0000 seconds
[0mVioManager.cpp:314 [34m[TIME]: 0.0010 seconds for tracking
[0mROS1Visualizer.cpp:483 [34m[TIME]: 0.0011 seconds total (899.3 hz, 0.25 ms behind)
[0mInertialInitializer.cpp:128 [33m[init]: disparity is 0.634,0.141 (15.00 thresh)
[0mInertialInitializer.cpp:156 [33m[init]: failed static init: no accel jerk detected
[0mVioManagerHelper.cpp:170 [33m[init]: failed initialization in 0.0000 seconds
[0mVioManager.cpp:314 [34m[TIME]: 0.0011 seconds for tracking
[0mROS1Visualizer.cpp:483 [34m[TIME]: 0.0011 seconds total (888.9 hz, 0.25 ms behind)
[0mInertialInitializer.cpp:128 [33m[init]: disparity is 0.640,0.141 (15.00 thresh)
[0mInertialInitializer.cpp:156 [33m[init]: failed static init: no accel jerk detected
[0mVioManagerHelper.cpp:170 [33m[init]: failed initialization in 0.0000 seconds
[0mVioManager.cpp:314 [34m[TIME]: 0.0008 seconds for tracking
[0mROS1Visualizer.cpp:483 [34m[TIME]: 0.0009 seconds total (1166.9 hz, 0.00 ms behind)
[0mInertialInitializer.cpp:128 [33m[init]: disparity is 0.658,0.133 (15.00 thresh)
[0mInertialInitializer.cpp:156 [33m[init]: failed static init: no accel jerk detected
[0mVioManagerHelper.cpp:170 [33m[init]: failed initialization in 0.0000 seconds
[0mVioManager.cpp:314 [34m[TIME]: 0.0009 seconds for tracking
[0mROS1Visualizer.cpp:483 [34m[TIME]: 0.0010 seconds total (986.2 hz, 0.25 ms behind)
[0mInertialInitializer.cpp:128 [33m[init]: disparity is 0.281,0.114 (15.00 thresh)
[0mInertialInitializer.cpp:156 [33m[init]: failed static init: no accel jerk detected
[0mVioManagerHelper.cpp:170 [33m[init]: failed initialization in 0.0000 seconds
[0mVioManager.cpp:314 [34m[TIME]: 0.0011 seconds for tracking
[0mROS1Visualizer.cpp:483 [34m[TIME]: 0.0012 seconds total (854.0 hz, 0.25 ms behind)
[0mInertialInitializer.cpp:128 [33m[init]: disparity is 0.302,0.107 (15.00 thresh)
[0mInertialInitializer.cpp:156 [33m[init]: failed static init: no accel jerk detected
[0mVioManagerHelper.cpp:170 [33m[init]: failed initialization in 0.0000 seconds
[0mVioManager.cpp:314 [34m[TIME]: 0.0011 seconds for tracking
[0mROS1Visualizer.cpp:483 [34m[TIME]: 0.0012 seconds total (847.5 hz, 0.25 ms behind)
[0mInertialInitializer.cpp:128 [33m[init]: disparity is 0.302,0.129 (15.00 thresh)
[0mInertialInitializer.cpp:156 [33m[init]: failed static init: no accel jerk detected
[0mVioManagerHelper.cpp:170 [33m[init]: failed initialization in 0.0000 seconds
[0mVioManager.cpp:314 [34m[TIME]: 0.0008 seconds for tracking
[0mROS1Visualizer.cpp:483 [34m[TIME]: 0.0009 seconds total (1092.9 hz, 0.00 ms behind)
[0mInertialInitializer.cpp:128 [33m[init]: disparity is 0.328,0.136 (15.00 thresh)
[0mInertialInitializer.cpp:156 [33m[init]: failed static init: no accel jerk detected
[0mVioManagerHelper.cpp:170 [33m[init]: failed initialization in 0.0000 seconds
[0mVioManager.cpp:314 [34m[TIME]: 0.0011 seconds for tracking
[0mROS1Visualizer.cpp:483 [34m[TIME]: 0.0011 seconds total (869.6 hz, 0.25 ms behind)
[0mInertialInitializer.cpp:128 [33m[init]: disparity is 0.159,0.134 (15.00 thresh)
[0mInertialInitializer.cpp:156 [33m[init]: failed static init: no accel jerk detected
[0mVioManagerHelper.cpp:170 [33m[init]: failed initialization in 0.0000 seconds
[0mVioManager.cpp:314 [34m[TIME]: 0.0011 seconds for tracking
[0mROS1Visualizer.cpp:483 [34m[TIME]: 0.0012 seconds total (859.8 hz, 0.25 ms behind)
[0mInertialInitializer.cpp:128 [33m[init]: disparity is 0.151,0.145 (15.00 thresh)
[0mInertialInitializer.cpp:156 [33m[init]: failed static init: no accel jerk detected
[0mVioManagerHelper.cpp:170 [33m[init]: failed initialization in 0.0000 seconds
[0mVioManager.cpp:314 [34m[TIME]: 0.0007 seconds for tracking
[0mROS1Visualizer.cpp:483 [34m[TIME]: 0.0008 seconds total (1275.5 hz, 0.25 ms behind)
[0mInertialInitializer.cpp:128 [33m[init]: disparity is 0.156,0.132 (15.00 thresh)
[0mInertialInitializer.cpp:156 [33m[init]: failed static init: no accel jerk detected
[0mVioManagerHelper.cpp:170 [33m[init]: failed initialization in 0.0000 seconds
[0mVioManager.cpp:314 [34m[TIME]: 0.0011 seconds for tracking
[0mROS1Visualizer.cpp:483 [34m[TIME]: 0.0012 seconds total (848.2 hz, 0.25 ms behind)
[0mInertialInitializer.cpp:128 [33m[init]: disparity is 0.151,0.130 (15.00 thresh)
[0mInertialInitializer.cpp:156 [33m[init]: failed static init: no accel jerk detected
[0mVioManagerHelper.cpp:170 [33m[init]: failed initialization in 0.0000 seconds
[0mVioManager.cpp:314 [34m[TIME]: 0.0010 seconds for tracking
[0mROS1Visualizer.cpp:483 [34m[TIME]: 0.0011 seconds total (932.8 hz, 0.25 ms behind)
[0mInertialInitializer.cpp:128 [33m[init]: disparity is 0.137,0.127 (15.00 thresh)
[0mInertialInitializer.cpp:156 [33m[init]: failed static init: no accel jerk detected
[0mVioManagerHelper.cpp:170 [33m[init]: failed initialization in 0.0000 seconds
[0mVioManager.cpp:314 [34m[TIME]: 0.0010 seconds for tracking
[0mROS1Visualizer.cpp:483 [34m[TIME]: 0.0011 seconds total (891.3 hz, 0.25 ms behind)
[0mInertialInitializer.cpp:128 [33m[init]: disparity is 0.151,0.130 (15.00 thresh)
[0mInertialInitializer.cpp:156 [33m[init]: failed static init: no accel jerk detected
[0mVioManagerHelper.cpp:170 [33m[init]: failed initialization in 0.0000 seconds
[0mVioManager.cpp:314 [34m[TIME]: 0.0010 seconds for tracking
[0mROS1Visualizer.cpp:483 [34m[TIME]: 0.0011 seconds total (901.7 hz, 0.25 ms behind)
[0mInertialInitializer.cpp:128 [33m[init]: disparity is 0.161,0.153 (15.00 thresh)
[0mInertialInitializer.cpp:156 [33m[init]: failed static init: no accel jerk detected
[0mVioManagerHelper.cpp:170 [33m[init]: failed initialization in 0.0000 seconds
[0mVioManager.cpp:314 [34m[TIME]: 0.0009 seconds for tracking
[0mROS1Visualizer.cpp:483 [34m[TIME]: 0.0009 seconds total (1057.1 hz, 0.25 ms behind)
[0mInertialInitializer.cpp:128 [33m[init]: disparity is 0.176,0.121 (15.00 thresh)
[0mInertialInitializer.cpp:156 [33m[init]: failed static init: no accel jerk detected
[0mVioManagerHelper.cpp:170 [33m[init]: failed initialization in 0.0000 seconds
[0mVioManager.cpp:314 [34m[TIME]: 0.0011 seconds for tracking
[0mROS1Visualizer.cpp:483 [34m[TIME]: 0.0012 seconds total (861.3 hz, 0.25 ms behind)
[0mInertialInitializer.cpp:128 [33m[init]: disparity is 0.164,0.146 (15.00 thresh)
[0mInertialInitializer.cpp:156 [33m[init]: failed static init: no accel jerk detected
[0mVioManagerHelper.cpp:170 [33m[init]: failed initialization in 0.0000 seconds
[0mVioManager.cpp:314 [34m[TIME]: 0.0011 seconds for tracking
[0mROS1Visualizer.cpp:483 [34m[TIME]: 0.0011 seconds total (883.4 hz, 0.25 ms behind)
[0mInertialInitializer.cpp:128 [33m[init]: disparity is 0.138,0.147 (15.00 thresh)
[0mInertialInitializer.cpp:156 [33m[init]: failed static init: no accel jerk detected
[0mVioManagerHelper.cpp:170 [33m[init]: failed initialization in 0.0000 seconds
[0mVioManager.cpp:314 [34m[TIME]: 0.0008 seconds for tracking
[0mROS1Visualizer.cpp:483 [34m[TIME]: 0.0008 seconds total (1216.5 hz, 0.25 ms behind)
[0mInertialInitializer.cpp:128 [33m[init]: disparity is 0.159,0.129 (15.00 thresh)
[0mInertialInitializer.cpp:156 [33m[init]: failed static init: no accel jerk detected
[0mVioManagerHelper.cpp:170 [33m[init]: failed initialization in 0.0000 seconds
[0mVioManager.cpp:314 [34m[TIME]: 0.0010 seconds for tracking
[0mROS1Visualizer.cpp:483 [34m[TIME]: 0.0011 seconds total (885.0 hz, 0.00 ms behind)
[0mInertialInitializer.cpp:128 [33m[init]: disparity is 0.121,0.148 (15.00 thresh)
[0mInertialInitializer.cpp:156 [33m[init]: failed static init: no accel jerk detected
[0mVioManagerHelper.cpp:170 [33m[init]: failed initialization in 0.0000 seconds
[0mVioManager.cpp:314 [34m[TIME]: 0.0007 seconds for tracking
[0mROS1Visualizer.cpp:483 [34m[TIME]: 0.0008 seconds total (1245.3 hz, 0.25 ms behind)
[0mInertialInitializer.cpp:128 [33m[init]: disparity is 0.114,0.139 (15.00 thresh)
[0mInertialInitializer.cpp:156 [33m[init]: failed static init: no accel jerk detected
[0mVioManagerHelper.cpp:170 [33m[init]: failed initialization in 0.0000 seconds
[0mVioManager.cpp:314 [34m[TIME]: 0.0010 seconds for tracking
[0mROS1Visualizer.cpp:483 [34m[TIME]: 0.0011 seconds total (920.8 hz, 0.25 ms behind)
[0mInertialInitializer.cpp:128 [33m[init]: disparity is 0.137,0.146 (15.00 thresh)
[0mInertialInitializer.cpp:156 [33m[init]: failed static init: no accel jerk detected
[0mVioManagerHelper.cpp:170 [33m[init]: failed initialization in 0.0000 seconds
[0mVioManager.cpp:314 [34m[TIME]: 0.0010 seconds for tracking
[0mROS1Visualizer.cpp:483 [34m[TIME]: 0.0011 seconds total (889.7 hz, 0.25 ms behind)
[0mInertialInitializer.cpp:128 [33m[init]: disparity is 0.135,0.166 (15.00 thresh)
[0mInertialInitializer.cpp:156 [33m[init]: failed static init: no accel jerk detected
[0mVioManagerHelper.cpp:170 [33m[init]: failed initialization in 0.0000 seconds
[0mVioManager.cpp:314 [34m[TIME]: 0.0010 seconds for tracking
[0mROS1Visualizer.cpp:483 [34m[TIME]: 0.0011 seconds total (903.3 hz, 0.00 ms behind)
[0mInertialInitializer.cpp:128 [33m[init]: disparity is 0.142,0.129 (15.00 thresh)
[0mInertialInitializer.cpp:156 [33m[init]: failed static init: no accel jerk detected
[0mVioManagerHelper.cpp:170 [33m[init]: failed initialization in 0.0000 seconds
[0mVioManager.cpp:314 [34m[TIME]: 0.0010 seconds for tracking
[0mROS1Visualizer.cpp:483 [34m[TIME]: 0.0011 seconds total (907.4 hz, 0.25 ms behind)
[0mInertialInitializer.cpp:128 [33m[init]: disparity is 0.155,0.154 (15.00 thresh)
[0mInertialInitializer.cpp:156 [33m[init]: failed static init: no accel jerk detected
[0mVioManagerHelper.cpp:170 [33m[init]: failed initialization in 0.0000 seconds
[0mVioManager.cpp:314 [34m[TIME]: 0.0008 seconds for tracking
[0mROS1Visualizer.cpp:483 [34m[TIME]: 0.0009 seconds total (1137.7 hz, 0.25 ms behind)
[0mInertialInitializer.cpp:128 [33m[init]: disparity is 0.145,0.151 (15.00 thresh)
[0mInertialInitializer.cpp:156 [33m[init]: failed static init: no accel jerk detected
[0mVioManagerHelper.cpp:170 [33m[init]: failed initialization in 0.0000 seconds
[0mVioManager.cpp:314 [34m[TIME]: 0.0010 seconds for tracking
[0mROS1Visualizer.cpp:483 [34m[TIME]: 0.0011 seconds total (926.8 hz, 0.25 ms behind)
[0mInertialInitializer.cpp:128 [33m[init]: disparity is 0.135,0.135 (15.00 thresh)
[0mInertialInitializer.cpp:156 [33m[init]: failed static init: no accel jerk detected
[0mVioManagerHelper.cpp:170 [33m[init]: failed initialization in 0.0000 seconds
[0mVioManager.cpp:314 [34m[TIME]: 0.0012 seconds for tracking
[0mROS1Visualizer.cpp:483 [34m[TIME]: 0.0013 seconds total (793.0 hz, 0.00 ms behind)
[0mInertialInitializer.cpp:128 [33m[init]: disparity is 0.126,0.130 (15.00 thresh)
[0mInertialInitializer.cpp:156 [33m[init]: failed static init: no accel jerk detected
[0mVioManagerHelper.cpp:170 [33m[init]: failed initialization in 0.0001 seconds
[0mVioManager.cpp:314 [34m[TIME]: 0.0012 seconds for tracking
[0mROS1Visualizer.cpp:483 [34m[TIME]: 0.0013 seconds total (781.3 hz, 0.25 ms behind)
[0mInertialInitializer.cpp:128 [33m[init]: disparity is 0.141,0.133 (15.00 thresh)
[0mInertialInitializer.cpp:156 [33m[init]: failed static init: no accel jerk detected
[0mVioManagerHelper.cpp:170 [33m[init]: failed initialization in 0.0000 seconds
[0mVioManager.cpp:314 [34m[TIME]: 0.0010 seconds for tracking
[0mROS1Visualizer.cpp:483 [34m[TIME]: 0.0010 seconds total (975.6 hz, 0.25 ms behind)
[0mInertialInitializer.cpp:128 [33m[init]: disparity is 0.150,0.159 (15.00 thresh)
[0mInertialInitializer.cpp:156 [33m[init]: failed static init: no accel jerk detected
[0mVioManagerHelper.cpp:170 [33m[init]: failed initialization in 0.0001 seconds
[0mVioManager.cpp:314 [34m[TIME]: 0.0011 seconds for tracking
[0mROS1Visualizer.cpp:483 [34m[TIME]: 0.0012 seconds total (844.6 hz, 0.25 ms behind)
[0mInertialInitializer.cpp:128 [33m[init]: disparity is 0.124,0.133 (15.00 thresh)
[0mInertialInitializer.cpp:156 [33m[init]: failed static init: no accel jerk detected
[0mVioManagerHelper.cpp:170 [33m[init]: failed initialization in 0.0000 seconds
[0mVioManager.cpp:314 [34m[TIME]: 0.0011 seconds for tracking
[0mROS1Visualizer.cpp:483 [34m[TIME]: 0.0011 seconds total (874.9 hz, 0.25 ms behind)
[0mInertialInitializer.cpp:128 [33m[init]: disparity is 0.149,0.131 (15.00 thresh)
[0mInertialInitializer.cpp:156 [33m[init]: failed static init: no accel jerk detected
[0mVioManagerHelper.cpp:170 [33m[init]: failed initialization in 0.0000 seconds
[0mVioManager.cpp:314 [34m[TIME]: 0.0011 seconds for tracking
[0mROS1Visualizer.cpp:483 [34m[TIME]: 0.0011 seconds total (886.5 hz, 0.25 ms behind)
[0mInertialInitializer.cpp:128 [33m[init]: disparity is 0.134,0.157 (15.00 thresh)
[0mInertialInitializer.cpp:156 [33m[init]: failed static init: no accel jerk detected
[0mVioManagerHelper.cpp:170 [33m[init]: failed initialization in 0.0000 seconds
[0mVioManager.cpp:314 [34m[TIME]: 0.0011 seconds for tracking
[0mROS1Visualizer.cpp:483 [34m[TIME]: 0.0011 seconds total (880.3 hz, 0.25 ms behind)
[0mInertialInitializer.cpp:128 [33m[init]: disparity is 0.149,0.158 (15.00 thresh)
[0mInertialInitializer.cpp:156 [33m[init]: failed static init: no accel jerk detected
[0mVioManagerHelper.cpp:170 [33m[init]: failed initialization in 0.0000 seconds
[0mVioManager.cpp:314 [34m[TIME]: 0.0010 seconds for tracking
[0mROS1Visualizer.cpp:483 [34m[TIME]: 0.0011 seconds total (918.3 hz, 0.25 ms behind)
[0mInertialInitializer.cpp:128 [33m[init]: disparity is 0.143,0.167 (15.00 thresh)
[0mInertialInitializer.cpp:156 [33m[init]: failed static init: no accel jerk detected
[0mVioManagerHelper.cpp:170 [33m[init]: failed initialization in 0.0000 seconds
[0mVioManager.cpp:314 [34m[TIME]: 0.0011 seconds for tracking
[0mROS1Visualizer.cpp:483 [34m[TIME]: 0.0011 seconds total (881.1 hz, 0.25 ms behind)
[0mInertialInitializer.cpp:128 [33m[init]: disparity is 0.141,0.166 (15.00 thresh)
[0mInertialInitializer.cpp:156 [33m[init]: failed static init: no accel jerk detected
[0mVioManagerHelper.cpp:170 [33m[init]: failed initialization in 0.0000 seconds
[0mVioManager.cpp:314 [34m[TIME]: 0.0010 seconds for tracking
[0mROS1Visualizer.cpp:483 [34m[TIME]: 0.0011 seconds total (922.5 hz, 0.25 ms behind)
[0mInertialInitializer.cpp:128 [33m[init]: disparity is 0.157,0.147 (15.00 thresh)
[0mInertialInitializer.cpp:156 [33m[init]: failed static init: no accel jerk detected
[0mVioManagerHelper.cpp:170 [33m[init]: failed initialization in 0.0000 seconds
[0mVioManager.cpp:314 [34m[TIME]: 0.0008 seconds for tracking
[0mROS1Visualizer.cpp:483 [34m[TIME]: 0.0009 seconds total (1090.5 hz, 0.25 ms behind)
[0mInertialInitializer.cpp:128 [33m[init]: disparity is 0.157,0.133 (15.00 thresh)
[0mInertialInitializer.cpp:156 [33m[init]: failed static init: no accel jerk detected
[0mVioManagerHelper.cpp:170 [33m[init]: failed initialization in 0.0000 seconds
[0mVioManager.cpp:314 [34m[TIME]: 0.0010 seconds for tracking
[0mROS1Visualizer.cpp:483 [34m[TIME]: 0.0011 seconds total (891.3 hz, 0.25 ms behind)
[0mInertialInitializer.cpp:128 [33m[init]: disparity is 0.157,0.135 (15.00 thresh)
[0mInertialInitializer.cpp:156 [33m[init]: failed static init: no accel jerk detected
[0mVioManagerHelper.cpp:170 [33m[init]: failed initialization in 0.0000 seconds
[0mVioManager.cpp:314 [34m[TIME]: 0.0011 seconds for tracking
[0mROS1Visualizer.cpp:483 [34m[TIME]: 0.0012 seconds total (859.1 hz, 0.00 ms behind)
[0mInertialInitializer.cpp:128 [33m[init]: disparity is 0.168,0.143 (15.00 thresh)
[0mInertialInitializer.cpp:156 [33m[init]: failed static init: no accel jerk detected
[0mVioManagerHelper.cpp:170 [33m[init]: failed initialization in 0.0001 seconds
[0mVioManager.cpp:314 [34m[TIME]: 0.0010 seconds for tracking
[0mROS1Visualizer.cpp:483 [34m[TIME]: 0.0011 seconds total (898.5 hz, 0.25 ms behind)
[0mInertialInitializer.cpp:128 [33m[init]: disparity is 0.156,0.153 (15.00 thresh)
[0mInertialInitializer.cpp:156 [33m[init]: failed static init: no accel jerk detected
[0mVioManagerHelper.cpp:170 [33m[init]: failed initialization in 0.0000 seconds
[0mVioManager.cpp:314 [34m[TIME]: 0.0010 seconds for tracking
[0mROS1Visualizer.cpp:483 [34m[TIME]: 0.0011 seconds total (937.2 hz, 0.25 ms behind)
[0mInertialInitializer.cpp:128 [33m[init]: disparity is 0.147,0.150 (15.00 thresh)
[0mInertialInitializer.cpp:156 [33m[init]: failed static init: no accel jerk detected
[0mVioManagerHelper.cpp:170 [33m[init]: failed initialization in 0.0000 seconds
[0mVioManager.cpp:314 [34m[TIME]: 0.0010 seconds for tracking
[0mROS1Visualizer.cpp:483 [34m[TIME]: 0.0011 seconds total (909.9 hz, 0.25 ms behind)
[0mInertialInitializer.cpp:128 [33m[init]: disparity is 0.151,0.143 (15.00 thresh)
[0mInertialInitializer.cpp:156 [33m[init]: failed static init: no accel jerk detected
[0mVioManagerHelper.cpp:170 [33m[init]: failed initialization in 0.0000 seconds
[0mVioManager.cpp:314 [34m[TIME]: 0.0010 seconds for tracking
[0mROS1Visualizer.cpp:483 [34m[TIME]: 0.0011 seconds total (894.5 hz, 0.00 ms behind)
[0mInertialInitializer.cpp:128 [33m[init]: disparity is 0.142,0.138 (15.00 thresh)
[0mInertialInitializer.cpp:156 [33m[init]: failed static init: no accel jerk detected
[0mVioManagerHelper.cpp:170 [33m[init]: failed initialization in 0.0000 seconds
[0mVioManager.cpp:314 [34m[TIME]: 0.0010 seconds for tracking
[0mROS1Visualizer.cpp:483 [34m[TIME]: 0.0011 seconds total (900.9 hz, 0.25 ms behind)
[0mInertialInitializer.cpp:128 [33m[init]: disparity is 0.143,0.153 (15.00 thresh)
[0mInertialInitializer.cpp:156 [33m[init]: failed static init: no accel jerk detected
[0mVioManagerHelper.cpp:170 [33m[init]: failed initialization in 0.0000 seconds
[0mVioManager.cpp:314 [34m[TIME]: 0.0010 seconds for tracking
[0mROS1Visualizer.cpp:483 [34m[TIME]: 0.0011 seconds total (913.2 hz, 0.25 ms behind)
[0mInertialInitializer.cpp:128 [33m[init]: disparity is 0.146,0.160 (15.00 thresh)
[0mInertialInitializer.cpp:156 [33m[init]: failed static init: no accel jerk detected
[0mVioManagerHelper.cpp:170 [33m[init]: failed initialization in 0.0000 seconds
[0mVioManager.cpp:314 [34m[TIME]: 0.0009 seconds for tracking
[0mROS1Visualizer.cpp:483 [34m[TIME]: 0.0010 seconds total (1018.3 hz, 0.25 ms behind)
[0mInertialInitializer.cpp:128 [33m[init]: disparity is 0.150,0.142 (15.00 thresh)
[0mInertialInitializer.cpp:156 [33m[init]: failed static init: no accel jerk detected
[0mVioManagerHelper.cpp:170 [33m[init]: failed initialization in 0.0000 seconds
[0mVioManager.cpp:314 [34m[TIME]: 0.0010 seconds for tracking
[0mROS1Visualizer.cpp:483 [34m[TIME]: 0.0011 seconds total (894.5 hz, 0.00 ms behind)
[0mInertialInitializer.cpp:128 [33m[init]: disparity is 0.144,0.141 (15.00 thresh)
[0mInertialInitializer.cpp:156 [33m[init]: failed static init: no accel jerk detected
[0mVioManagerHelper.cpp:170 [33m[init]: failed initialization in 0.0000 seconds
[0mVioManager.cpp:314 [34m[TIME]: 0.0008 seconds for tracking
[0mROS1Visualizer.cpp:483 [34m[TIME]: 0.0009 seconds total (1098.9 hz, 0.25 ms behind)
[0mInertialInitializer.cpp:128 [33m[init]: disparity is 0.139,0.135 (15.00 thresh)
[0mInertialInitializer.cpp:156 [33m[init]: failed static init: no accel jerk detected
[0mVioManagerHelper.cpp:170 [33m[init]: failed initialization in 0.0000 seconds
[0mVioManager.cpp:314 [34m[TIME]: 0.0011 seconds for tracking
[0mROS1Visualizer.cpp:483 [34m[TIME]: 0.0012 seconds total (865.1 hz, 0.25 ms behind)
[0mInertialInitializer.cpp:128 [33m[init]: disparity is 0.170,0.159 (15.00 thresh)
[0mInertialInitializer.cpp:156 [33m[init]: failed static init: no accel jerk detected
[0mVioManagerHelper.cpp:170 [33m[init]: failed initialization in 0.0001 seconds
[0mVioManager.cpp:314 [34m[TIME]: 0.0007 seconds for tracking
[0mROS1Visualizer.cpp:483 [34m[TIME]: 0.0008 seconds total (1197.6 hz, 0.25 ms behind)
[0mInertialInitializer.cpp:128 [33m[init]: disparity is 0.167,0.137 (15.00 thresh)
[0mInertialInitializer.cpp:156 [33m[init]: failed static init: no accel jerk detected
[0mVioManagerHelper.cpp:170 [33m[init]: failed initialization in 0.0000 seconds
[0mVioManager.cpp:314 [34m[TIME]: 0.0011 seconds for tracking
[0mROS1Visualizer.cpp:483 [34m[TIME]: 0.0011 seconds total (872.6 hz, 0.25 ms behind)
[0mInertialInitializer.cpp:128 [33m[init]: disparity is 0.160,0.137 (15.00 thresh)
[0mInertialInitializer.cpp:156 [33m[init]: failed static init: no accel jerk detected
[0mVioManagerHelper.cpp:170 [33m[init]: failed initialization in 0.0000 seconds
[0mVioManager.cpp:314 [34m[TIME]: 0.0010 seconds for tracking
[0mROS1Visualizer.cpp:483 [34m[TIME]: 0.0012 seconds total (853.2 hz, 0.25 ms behind)
[0mInertialInitializer.cpp:128 [33m[init]: disparity is 0.166,0.133 (15.00 thresh)
[0mInertialInitializer.cpp:156 [33m[init]: failed static init: no accel jerk detected
[0mVioManagerHelper.cpp:170 [33m[init]: failed initialization in 0.0000 seconds
[0mVioManager.cpp:314 [34m[TIME]: 0.0011 seconds for tracking
[0mROS1Visualizer.cpp:483 [34m[TIME]: 0.0011 seconds total (869.6 hz, 0.25 ms behind)
[0mInertialInitializer.cpp:128 [33m[init]: disparity is 0.135,0.149 (15.00 thresh)
[0mInertialInitializer.cpp:156 [33m[init]: failed static init: no accel jerk detected
[0mVioManagerHelper.cpp:170 [33m[init]: failed initialization in 0.0000 seconds
[0mVioManager.cpp:314 [34m[TIME]: 0.0010 seconds for tracking
[0mROS1Visualizer.cpp:483 [34m[TIME]: 0.0010 seconds total (971.8 hz, 0.25 ms behind)
[0mInertialInitializer.cpp:128 [33m[init]: disparity is 0.130,0.136 (15.00 thresh)
[0mInertialInitializer.cpp:156 [33m[init]: failed static init: no accel jerk detected
[0mVioManagerHelper.cpp:170 [33m[init]: failed initialization in 0.0000 seconds
[0mVioManager.cpp:314 [34m[TIME]: 0.0009 seconds for tracking
[0mROS1Visualizer.cpp:483 [34m[TIME]: 0.0009 seconds total (1071.8 hz, 0.25 ms behind)
[0mInertialInitializer.cpp:128 [33m[init]: disparity is 0.161,0.150 (15.00 thresh)
[0mInertialInitializer.cpp:156 [33m[init]: failed static init: no accel jerk detected
[0mVioManagerHelper.cpp:170 [33m[init]: failed initialization in 0.0000 seconds
[0mVioManager.cpp:314 [34m[TIME]: 0.0011 seconds for tracking
[0mROS1Visualizer.cpp:483 [34m[TIME]: 0.0011 seconds total (882.6 hz, 0.25 ms behind)
[0mInertialInitializer.cpp:128 [33m[init]: disparity is 0.166,0.133 (15.00 thresh)
[0mInertialInitializer.cpp:156 [33m[init]: failed static init: no accel jerk detected
[0mVioManagerHelper.cpp:170 [33m[init]: failed initialization in 0.0000 seconds
[0mVioManager.cpp:314 [34m[TIME]: 0.0011 seconds for tracking
[0mROS1Visualizer.cpp:483 [34m[TIME]: 0.0012 seconds total (862.8 hz, 0.25 ms behind)
[0mInertialInitializer.cpp:128 [33m[init]: disparity is 0.169,0.128 (15.00 thresh)
[0mInertialInitializer.cpp:156 [33m[init]: failed static init: no accel jerk detected
[0mVioManagerHelper.cpp:170 [33m[init]: failed initialization in 0.0000 seconds
[0mVioManager.cpp:314 [34m[TIME]: 0.0010 seconds for tracking
[0mROS1Visualizer.cpp:483 [34m[TIME]: 0.0010 seconds total (969.0 hz, 0.25 ms behind)
[0mInertialInitializer.cpp:128 [33m[init]: disparity is 0.138,0.139 (15.00 thresh)
[0mInertialInitializer.cpp:156 [33m[init]: failed static init: no accel jerk detected
[0mVioManagerHelper.cpp:170 [33m[init]: failed initialization in 0.0000 seconds
[0mVioManager.cpp:314 [34m[TIME]: 0.0011 seconds for tracking
[0mROS1Visualizer.cpp:483 [34m[TIME]: 0.0012 seconds total (853.2 hz, 0.00 ms behind)
[0mInertialInitializer.cpp:128 [33m[init]: disparity is 0.131,0.159 (15.00 thresh)
[0mInertialInitializer.cpp:156 [33m[init]: failed static init: no accel jerk detected
[0mVioManagerHelper.cpp:170 [33m[init]: failed initialization in 0.0001 seconds
[0mVioManager.cpp:314 [34m[TIME]: 0.0008 seconds for tracking
[0mROS1Visualizer.cpp:483 [34m[TIME]: 0.0009 seconds total (1067.2 hz, 0.25 ms behind)
[0mInertialInitializer.cpp:128 [33m[init]: disparity is 0.161,0.134 (15.00 thresh)
[0mInertialInitializer.cpp:156 [33m[init]: failed static init: no accel jerk detected
[0mVioManagerHelper.cpp:170 [33m[init]: failed initialization in 0.0000 seconds
[0mVioManager.cpp:314 [34m[TIME]: 0.0011 seconds for tracking
[0mROS1Visualizer.cpp:483 [34m[TIME]: 0.0011 seconds total (879.5 hz, 0.25 ms behind)
[0mInertialInitializer.cpp:128 [33m[init]: disparity is 0.158,0.162 (15.00 thresh)
[0mInertialInitializer.cpp:156 [33m[init]: failed static init: no accel jerk detected
[0mVioManagerHelper.cpp:170 [33m[init]: failed initialization in 0.0000 seconds
[0mVioManager.cpp:314 [34m[TIME]: 0.0011 seconds for tracking
[0mROS1Visualizer.cpp:483 [34m[TIME]: 0.0011 seconds total (882.6 hz, 0.25 ms behind)
[0mInertialInitializer.cpp:128 [33m[init]: disparity is 0.138,0.144 (15.00 thresh)
[0mInertialInitializer.cpp:156 [33m[init]: failed static init: no accel jerk detected
[0mVioManagerHelper.cpp:170 [33m[init]: failed initialization in 0.0000 seconds
[0mVioManager.cpp:314 [34m[TIME]: 0.0009 seconds for tracking
[0mROS1Visualizer.cpp:483 [34m[TIME]: 0.0010 seconds total (1050.4 hz, 0.00 ms behind)
[0mInertialInitializer.cpp:128 [33m[init]: disparity is 0.124,0.142 (15.00 thresh)
[0mInertialInitializer.cpp:156 [33m[init]: failed static init: no accel jerk detected
[0mVioManagerHelper.cpp:170 [33m[init]: failed initialization in 0.0000 seconds
[0mVioManager.cpp:314 [34m[TIME]: 0.0010 seconds for tracking
[0mROS1Visualizer.cpp:483 [34m[TIME]: 0.0011 seconds total (925.9 hz, 0.25 ms behind)
[0mInertialInitializer.cpp:128 [33m[init]: disparity is 0.154,0.148 (15.00 thresh)
[0mInertialInitializer.cpp:156 [33m[init]: failed static init: no accel jerk detected
[0mVioManagerHelper.cpp:170 [33m[init]: failed initialization in 0.0000 seconds
[0mVioManager.cpp:314 [34m[TIME]: 0.0010 seconds for tracking
[0mROS1Visualizer.cpp:483 [34m[TIME]: 0.0011 seconds total (898.5 hz, 0.25 ms behind)
[0mInertialInitializer.cpp:128 [33m[init]: disparity is 0.139,0.148 (15.00 thresh)
[0mInertialInitializer.cpp:156 [33m[init]: failed static init: no accel jerk detected
[0mVioManagerHelper.cpp:170 [33m[init]: failed initialization in 0.0000 seconds
[0mVioManager.cpp:314 [34m[TIME]: 0.0010 seconds for tracking
[0mROS1Visualizer.cpp:483 [34m[TIME]: 0.0011 seconds total (903.3 hz, 0.25 ms behind)
[0mInertialInitializer.cpp:128 [33m[init]: disparity is 0.151,0.144 (15.00 thresh)
[0mInertialInitializer.cpp:156 [33m[init]: failed static init: no accel jerk detected
[0mVioManagerHelper.cpp:170 [33m[init]: failed initialization in 0.0000 seconds
[0mVioManager.cpp:314 [34m[TIME]: 0.0011 seconds for tracking
[0mROS1Visualizer.cpp:483 [34m[TIME]: 0.0012 seconds total (857.6 hz, 0.00 ms behind)
[0mInertialInitializer.cpp:128 [33m[init]: disparity is 0.139,0.166 (15.00 thresh)
[0mInertialInitializer.cpp:156 [33m[init]: failed static init: no accel jerk detected
[0mVioManagerHelper.cpp:170 [33m[init]: failed initialization in 0.0000 seconds
[0mVioManager.cpp:314 [34m[TIME]: 0.0011 seconds for tracking
[0mROS1Visualizer.cpp:483 [34m[TIME]: 0.0012 seconds total (846.0 hz, 0.25 ms behind)
[0mInertialInitializer.cpp:128 [33m[init]: disparity is 0.149,0.153 (15.00 thresh)
[0mInertialInitializer.cpp:156 [33m[init]: failed static init: no accel jerk detected
[0mVioManagerHelper.cpp:170 [33m[init]: failed initialization in 0.0000 seconds
[0mVioManager.cpp:314 [34m[TIME]: 0.0010 seconds for tracking
[0mROS1Visualizer.cpp:483 [34m[TIME]: 0.0011 seconds total (941.6 hz, 0.25 ms behind)
[0mInertialInitializer.cpp:128 [33m[init]: disparity is 0.142,0.177 (15.00 thresh)
[0mInertialInitializer.cpp:156 [33m[init]: failed static init: no accel jerk detected
[0mVioManagerHelper.cpp:170 [33m[init]: failed initialization in 0.0001 seconds
[0mVioManager.cpp:314 [34m[TIME]: 0.0011 seconds for tracking
[0mROS1Visualizer.cpp:483 [34m[TIME]: 0.0012 seconds total (848.9 hz, 0.25 ms behind)
[0mInertialInitializer.cpp:128 [33m[init]: disparity is 0.163,0.159 (15.00 thresh)
[0mInertialInitializer.cpp:156 [33m[init]: failed static init: no accel jerk detected
[0mVioManagerHelper.cpp:170 [33m[init]: failed initialization in 0.0000 seconds
[0mVioManager.cpp:314 [34m[TIME]: 0.0008 seconds for tracking
[0mROS1Visualizer.cpp:483 [34m[TIME]: 0.0009 seconds total (1082.3 hz, 0.25 ms behind)
[0mInertialInitializer.cpp:128 [33m[init]: disparity is 0.118,0.157 (15.00 thresh)
[0mInertialInitializer.cpp:156 [33m[init]: failed static init: no accel jerk detected
[0mVioManagerHelper.cpp:170 [33m[init]: failed initialization in 0.0000 seconds
[0mVioManager.cpp:314 [34m[TIME]: 0.0011 seconds for tracking
[0mROS1Visualizer.cpp:483 [34m[TIME]: 0.0012 seconds total (859.8 hz, 0.25 ms behind)
[0mInertialInitializer.cpp:128 [33m[init]: disparity is 0.134,0.135 (15.00 thresh)
[0mInertialInitializer.cpp:156 [33m[init]: failed static init: no accel jerk detected
[0mVioManagerHelper.cpp:170 [33m[init]: failed initialization in 0.0000 seconds
[0mVioManager.cpp:314 [34m[TIME]: 0.0011 seconds for tracking
[0mROS1Visualizer.cpp:483 [34m[TIME]: 0.0011 seconds total (874.1 hz, 0.25 ms behind)
[0mInertialInitializer.cpp:128 [33m[init]: disparity is 0.153,0.147 (15.00 thresh)
[0mInertialInitializer.cpp:156 [33m[init]: failed static init: no accel jerk detected
[0mVioManagerHelper.cpp:170 [33m[init]: failed initialization in 0.0000 seconds
[0mVioManager.cpp:314 [34m[TIME]: 0.0011 seconds for tracking
[0mROS1Visualizer.cpp:483 [34m[TIME]: 0.0011 seconds total (878.7 hz, 0.25 ms behind)
[0mInertialInitializer.cpp:128 [33m[init]: disparity is 0.142,0.158 (15.00 thresh)
[0mInertialInitializer.cpp:156 [33m[init]: failed static init: no accel jerk detected
[0mVioManagerHelper.cpp:170 [33m[init]: failed initialization in 0.0000 seconds
[0mVioManager.cpp:314 [34m[TIME]: 0.0011 seconds for tracking
[0mROS1Visualizer.cpp:483 [34m[TIME]: 0.0011 seconds total (889.7 hz, 0.25 ms behind)
[0mInertialInitializer.cpp:128 [33m[init]: disparity is 0.155,0.161 (15.00 thresh)
[0mInertialInitializer.cpp:156 [33m[init]: failed static init: no accel jerk detected
[0mVioManagerHelper.cpp:170 [33m[init]: failed initialization in 0.0000 seconds
[0mVioManager.cpp:314 [34m[TIME]: 0.0010 seconds for tracking
[0mROS1Visualizer.cpp:483 [34m[TIME]: 0.0011 seconds total (900.9 hz, 0.25 ms behind)
[0mInertialInitializer.cpp:128 [33m[init]: disparity is 0.175,0.151 (15.00 thresh)
[0mInertialInitializer.cpp:156 [33m[init]: failed static init: no accel jerk detected
[0mVioManagerHelper.cpp:170 [33m[init]: failed initialization in 0.0000 seconds
[0mVioManager.cpp:314 [34m[TIME]: 0.0009 seconds for tracking
[0mROS1Visualizer.cpp:483 [34m[TIME]: 0.0009 seconds total (1065.0 hz, 0.25 ms behind)
[0mInertialInitializer.cpp:128 [33m[init]: disparity is 0.154,0.143 (15.00 thresh)
[0mInertialInitializer.cpp:156 [33m[init]: failed static init: no accel jerk detected
[0mVioManagerHelper.cpp:170 [33m[init]: failed initialization in 0.0000 seconds
[0mVioManager.cpp:314 [34m[TIME]: 0.0010 seconds for tracking
[0mROS1Visualizer.cpp:483 [34m[TIME]: 0.0011 seconds total (880.3 hz, 0.25 ms behind)
[0mInertialInitializer.cpp:128 [33m[init]: disparity is 0.166,0.119 (15.00 thresh)
[0mInertialInitializer.cpp:156 [33m[init]: failed static init: no accel jerk detected
[0mVioManagerHelper.cpp:170 [33m[init]: failed initialization in 0.0000 seconds
[0mVioManager.cpp:314 [34m[TIME]: 0.0008 seconds for tracking
[0mROS1Visualizer.cpp:483 [34m[TIME]: 0.0008 seconds total (1200.5 hz, 0.00 ms behind)
[0mInertialInitializer.cpp:128 [33m[init]: disparity is 0.153,0.144 (15.00 thresh)
[0mInertialInitializer.cpp:156 [33m[init]: failed static init: no accel jerk detected
[0mVioManagerHelper.cpp:170 [33m[init]: failed initialization in 0.0001 seconds
[0mVioManager.cpp:314 [34m[TIME]: 0.0009 seconds for tracking
[0mROS1Visualizer.cpp:483 [34m[TIME]: 0.0010 seconds total (992.1 hz, 0.25 ms behind)
[0mInertialInitializer.cpp:128 [33m[init]: disparity is 0.143,0.149 (15.00 thresh)
[0mInertialInitializer.cpp:156 [33m[init]: failed static init: no accel jerk detected
[0mVioManagerHelper.cpp:170 [33m[init]: failed initialization in 0.0000 seconds
[0mVioManager.cpp:314 [34m[TIME]: 0.0010 seconds for tracking
[0mROS1Visualizer.cpp:483 [34m[TIME]: 0.0011 seconds total (907.4 hz, 0.25 ms behind)
[0mInertialInitializer.cpp:128 [33m[init]: disparity is 0.152,0.151 (15.00 thresh)
[0mInertialInitializer.cpp:156 [33m[init]: failed static init: no accel jerk detected
[0mVioManagerHelper.cpp:170 [33m[init]: failed initialization in 0.0000 seconds
[0mVioManager.cpp:314 [34m[TIME]: 0.0009 seconds for tracking
[0mROS1Visualizer.cpp:483 [34m[TIME]: 0.0009 seconds total (1085.8 hz, 0.25 ms behind)
[0mInertialInitializer.cpp:128 [33m[init]: disparity is 0.171,0.141 (15.00 thresh)
[0mInertialInitializer.cpp:156 [33m[init]: failed static init: no accel jerk detected
[0mVioManagerHelper.cpp:170 [33m[init]: failed initialization in 0.0000 seconds
[0mVioManager.cpp:314 [34m[TIME]: 0.0010 seconds for tracking
[0mROS1Visualizer.cpp:483 [34m[TIME]: 0.0011 seconds total (885.7 hz, 0.00 ms behind)
[0mInertialInitializer.cpp:128 [33m[init]: disparity is 0.163,0.157 (15.00 thresh)
[0mInertialInitializer.cpp:156 [33m[init]: failed static init: no accel jerk detected
[0mVioManagerHelper.cpp:170 [33m[init]: failed initialization in 0.0000 seconds
[0mVioManager.cpp:314 [34m[TIME]: 0.0010 seconds for tracking
[0mROS1Visualizer.cpp:483 [34m[TIME]: 0.0011 seconds total (908.3 hz, 0.25 ms behind)
[0mInertialInitializer.cpp:128 [33m[init]: disparity is 0.178,0.139 (15.00 thresh)
[0mInertialInitializer.cpp:156 [33m[init]: failed static init: no accel jerk detected
[0mVioManagerHelper.cpp:170 [33m[init]: failed initialization in 0.0000 seconds
[0mVioManager.cpp:314 [34m[TIME]: 0.0010 seconds for tracking
[0mROS1Visualizer.cpp:483 [34m[TIME]: 0.0011 seconds total (929.4 hz, 0.25 ms behind)
[0mInertialInitializer.cpp:128 [33m[init]: disparity is 0.161,0.140 (15.00 thresh)
[0mInertialInitializer.cpp:156 [33m[init]: failed static init: no accel jerk detected
[0mVioManagerHelper.cpp:170 [33m[init]: failed initialization in 0.0000 seconds
[0mVioManager.cpp:314 [34m[TIME]: 0.0011 seconds for tracking
[0mROS1Visualizer.cpp:483 [34m[TIME]: 0.0012 seconds total (863.6 hz, 0.25 ms behind)
[0mInertialInitializer.cpp:128 [33m[init]: disparity is 0.178,0.143 (15.00 thresh)
[0mInertialInitializer.cpp:156 [33m[init]: failed static init: no accel jerk detected
[0mVioManagerHelper.cpp:170 [33m[init]: failed initialization in 0.0000 seconds
[0mVioManager.cpp:314 [34m[TIME]: 0.0010 seconds for tracking
[0mROS1Visualizer.cpp:483 [34m[TIME]: 0.0011 seconds total (906.6 hz, 0.00 ms behind)
[0mInertialInitializer.cpp:128 [33m[init]: disparity is 0.149,0.114 (15.00 thresh)
[0mInertialInitializer.cpp:156 [33m[init]: failed static init: no accel jerk detected
[0mVioManagerHelper.cpp:170 [33m[init]: failed initialization in 0.0000 seconds
[0mVioManager.cpp:314 [34m[TIME]: 0.0010 seconds for tracking
[0mROS1Visualizer.cpp:483 [34m[TIME]: 0.0011 seconds total (932.8 hz, 0.25 ms behind)
[0mInertialInitializer.cpp:128 [33m[init]: disparity is 0.149,0.132 (15.00 thresh)
[0mInertialInitializer.cpp:156 [33m[init]: failed static init: no accel jerk detected
[0mVioManagerHelper.cpp:170 [33m[init]: failed initialization in 0.0000 seconds
[0mVioManager.cpp:314 [34m[TIME]: 0.0011 seconds for tracking
[0mROS1Visualizer.cpp:483 [34m[TIME]: 0.0012 seconds total (865.8 hz, 0.25 ms behind)
[0mInertialInitializer.cpp:128 [33m[init]: disparity is 0.162,0.143 (15.00 thresh)
[0mInertialInitializer.cpp:156 [33m[init]: failed static init: no accel jerk detected
[0mVioManagerHelper.cpp:170 [33m[init]: failed initialization in 0.0001 seconds
[0mVioManager.cpp:314 [34m[TIME]: 0.0011 seconds for tracking
[0mROS1Visualizer.cpp:483 [34m[TIME]: 0.0012 seconds total (858.4 hz, 0.25 ms behind)
[0mInertialInitializer.cpp:128 [33m[init]: disparity is 0.158,0.122 (15.00 thresh)
[0mInertialInitializer.cpp:156 [33m[init]: failed static init: no accel jerk detected
[0mVioManagerHelper.cpp:170 [33m[init]: failed initialization in 0.0000 seconds
[0mVioManager.cpp:314 [34m[TIME]: 0.0011 seconds for tracking
[0mROS1Visualizer.cpp:483 [34m[TIME]: 0.0011 seconds total (880.3 hz, 0.25 ms behind)
[0mInertialInitializer.cpp:128 [33m[init]: disparity is 0.156,0.128 (15.00 thresh)
[0mInertialInitializer.cpp:156 [33m[init]: failed static init: no accel jerk detected
[0mVioManagerHelper.cpp:170 [33m[init]: failed initialization in 0.0000 seconds
[0mVioManager.cpp:314 [34m[TIME]: 0.0011 seconds for tracking
[0mROS1Visualizer.cpp:483 [34m[TIME]: 0.0012 seconds total (847.5 hz, 0.25 ms behind)
[0mInertialInitializer.cpp:128 [33m[init]: disparity is 0.165,0.133 (15.00 thresh)
[0mInertialInitializer.cpp:156 [33m[init]: failed static init: no accel jerk detected
[0mVioManagerHelper.cpp:170 [33m[init]: failed initialization in 0.0000 seconds
[0mVioManager.cpp:314 [34m[TIME]: 0.0009 seconds for tracking
[0mROS1Visualizer.cpp:483 [34m[TIME]: 0.0009 seconds total (1084.6 hz, 0.25 ms behind)
[0mInertialInitializer.cpp:128 [33m[init]: disparity is 0.142,0.123 (15.00 thresh)
[0mInertialInitializer.cpp:156 [33m[init]: failed static init: no accel jerk detected
[0mVioManagerHelper.cpp:170 [33m[init]: failed initialization in 0.0000 seconds
[0mVioManager.cpp:314 [34m[TIME]: 0.0009 seconds for tracking
[0mROS1Visualizer.cpp:483 [34m[TIME]: 0.0010 seconds total (1035.2 hz, 0.25 ms behind)
[0mInertialInitializer.cpp:128 [33m[init]: disparity is 0.171,0.170 (15.00 thresh)
[0mInertialInitializer.cpp:156 [33m[init]: failed static init: no accel jerk detected
[0mVioManagerHelper.cpp:170 [33m[init]: failed initialization in 0.0000 seconds
[0mVioManager.cpp:314 [34m[TIME]: 0.0008 seconds for tracking
[0mROS1Visualizer.cpp:483 [34m[TIME]: 0.0008 seconds total (1194.7 hz, 0.25 ms behind)
[0mInertialInitializer.cpp:128 [33m[init]: disparity is 0.154,0.127 (15.00 thresh)
[0mInertialInitializer.cpp:156 [33m[init]: failed static init: no accel jerk detected
[0mVioManagerHelper.cpp:170 [33m[init]: failed initialization in 0.0000 seconds
[0mVioManager.cpp:314 [34m[TIME]: 0.0010 seconds for tracking
[0mROS1Visualizer.cpp:483 [34m[TIME]: 0.0011 seconds total (945.2 hz, 0.25 ms behind)
[0mInertialInitializer.cpp:128 [33m[init]: disparity is 0.154,0.160 (15.00 thresh)
[0mInertialInitializer.cpp:156 [33m[init]: failed static init: no accel jerk detected
[0mVioManagerHelper.cpp:170 [33m[init]: failed initialization in 0.0000 seconds
[0mVioManager.cpp:314 [34m[TIME]: 0.0011 seconds for tracking
[0mROS1Visualizer.cpp:483 [34m[TIME]: 0.0012 seconds total (863.6 hz, 0.25 ms behind)
[0mInertialInitializer.cpp:128 [33m[init]: disparity is 0.141,0.932 (15.00 thresh)
[0mInertialInitializer.cpp:156 [33m[init]: failed static init: no accel jerk detected
[0mVioManagerHelper.cpp:170 [33m[init]: failed initialization in 0.0000 seconds
[0mVioManager.cpp:314 [34m[TIME]: 0.0011 seconds for tracking
[0mROS1Visualizer.cpp:483 [34m[TIME]: 0.0011 seconds total (881.8 hz, 0.25 ms behind)
[0mInertialInitializer.cpp:128 [33m[init]: disparity is 0.160,4.277 (15.00 thresh)
[0mInertialInitializer.cpp:156 [33m[init]: failed static init: no accel jerk detected
[0mVioManagerHelper.cpp:170 [33m[init]: failed initialization in 0.0000 seconds
[0mVioManager.cpp:314 [34m[TIME]: 0.0011 seconds for tracking
[0mROS1Visualizer.cpp:483 [34m[TIME]: 0.0012 seconds total (813.0 hz, 0.00 ms behind)
[0mInertialInitializer.cpp:128 [33m[init]: disparity is 0.133,8.627 (15.00 thresh)
[0mInertialInitializer.cpp:156 [33m[init]: failed static init: no accel jerk detected
[0mVioManagerHelper.cpp:170 [33m[init]: failed initialization in 0.0000 seconds
[0mVioManager.cpp:314 [34m[TIME]: 0.0011 seconds for tracking
[0mROS1Visualizer.cpp:483 [34m[TIME]: 0.0012 seconds total (817.7 hz, 0.25 ms behind)
[0mInertialInitializer.cpp:128 [33m[init]: disparity is 0.150,12.282 (15.00 thresh)
[0mInertialInitializer.cpp:156 [33m[init]: failed static init: no accel jerk detected
[0mVioManagerHelper.cpp:170 [33m[init]: failed initialization in 0.0000 seconds
[0mVioManager.cpp:314 [34m[TIME]: 0.0011 seconds for tracking
[0mROS1Visualizer.cpp:483 [34m[TIME]: 0.0012 seconds total (854.7 hz, 0.25 ms behind)
[0mInertialInitializer.cpp:128 [33m[init]: disparity is 0.148,14.276 (15.00 thresh)
[0mInertialInitializer.cpp:156 [33m[init]: failed static init: no accel jerk detected
[0mVioManagerHelper.cpp:170 [33m[init]: failed initialization in 0.0000 seconds
[0mVioManager.cpp:314 [34m[TIME]: 0.0011 seconds for tracking
[0mROS1Visualizer.cpp:483 [34m[TIME]: 0.0012 seconds total (862.8 hz, 0.25 ms behind)
[0mInertialInitializer.cpp:128 [33m[init]: disparity is 0.119,14.224 (15.00 thresh)
[0mInertialInitializer.cpp:156 [33m[init]: failed static init: no accel jerk detected
[0mVioManagerHelper.cpp:170 [33m[init]: failed initialization in 0.0000 seconds
[0mVioManager.cpp:314 [34m[TIME]: 0.0011 seconds for tracking
[0mROS1Visualizer.cpp:483 [34m[TIME]: 0.0012 seconds total (849.6 hz, 0.00 ms behind)
[0mInertialInitializer.cpp:128 [33m[init]: disparity is 0.123,12.289 (15.00 thresh)
[0mInertialInitializer.cpp:156 [33m[init]: failed static init: no accel jerk detected
[0mVioManagerHelper.cpp:170 [33m[init]: failed initialization in 0.0000 seconds
[0mVioManager.cpp:314 [34m[TIME]: 0.0008 seconds for tracking
[0mROS1Visualizer.cpp:483 [34m[TIME]: 0.0008 seconds total (1177.9 hz, 0.25 ms behind)
[0mInertialInitializer.cpp:128 [33m[init]: disparity is 0.140,9.442 (15.00 thresh)
[0mInertialInitializer.cpp:156 [33m[init]: failed static init: no accel jerk detected
[0mVioManagerHelper.cpp:170 [33m[init]: failed initialization in 0.0000 seconds
[0mVioManager.cpp:314 [34m[TIME]: 0.0063 seconds for tracking
[0mROS1Visualizer.cpp:483 [34m[TIME]: 0.0064 seconds total (156.8 hz, 0.25 ms behind)
[0mInertialInitializer.cpp:128 [33m[init]: disparity is 0.136,22.798 (15.00 thresh)
[0mInertialInitializer.cpp:139 [32m[init]: USING STATIC INITIALIZER METHOD!
[0mStaticInitializer.cpp:98 [33m[init-s]: IMU excitation stats: 0.035,0.332
[0mStaticInitializer.cpp:102 [33m[init-s]: no IMU excitation, below threshold 0.332 < 0.500
[0mVioManagerHelper.cpp:170 [33m[init]: failed initialization in 0.0001 seconds
[0mVioManager.cpp:314 [34m[TIME]: 0.0054 seconds for tracking
[0mROS1Visualizer.cpp:483 [34m[TIME]: 0.0055 seconds total (181.6 hz, 0.25 ms behind)
[0mInertialInitializer.cpp:128 [33m[init]: disparity is 0.137,21.296 (15.00 thresh)
[0mInertialInitializer.cpp:139 [32m[init]: USING STATIC INITIALIZER METHOD!
[0mStaticInitializer.cpp:98 [33m[init-s]: IMU excitation stats: 0.035,0.333
[0mStaticInitializer.cpp:102 [33m[init-s]: no IMU excitation, below threshold 0.333 < 0.500
[0mVioManagerHelper.cpp:170 [33m[init]: failed initialization in 0.0001 seconds
[0mVioManager.cpp:314 [34m[TIME]: 0.0038 seconds for tracking
[0mROS1Visualizer.cpp:483 [34m[TIME]: 0.0039 seconds total (256.0 hz, 0.00 ms behind)
[0mInertialInitializer.cpp:128 [33m[init]: disparity is 0.128,18.021 (15.00 thresh)
[0mInertialInitializer.cpp:139 [32m[init]: USING STATIC INITIALIZER METHOD!
[0mStaticInitializer.cpp:98 [33m[init-s]: IMU excitation stats: 0.035,0.329
[0mStaticInitializer.cpp:102 [33m[init-s]: no IMU excitation, below threshold 0.329 < 0.500
[0mVioManagerHelper.cpp:170 [33m[init]: failed initialization in 0.0001 seconds
[0mVioManager.cpp:314 [34m[TIME]: 0.0053 seconds for tracking
[0mROS1Visualizer.cpp:483 [34m[TIME]: 0.0054 seconds total (185.2 hz, 0.25 ms behind)
[0mInertialInitializer.cpp:128 [33m[init]: disparity is 0.140,18.166 (15.00 thresh)
[0mInertialInitializer.cpp:139 [32m[init]: USING STATIC INITIALIZER METHOD!
[0mStaticInitializer.cpp:98 [33m[init-s]: IMU excitation stats: 0.035,0.322
[0mStaticInitializer.cpp:102 [33m[init-s]: no IMU excitation, below threshold 0.322 < 0.500
[0mVioManagerHelper.cpp:170 [33m[init]: failed initialization in 0.0001 seconds
[0mVioManager.cpp:314 [34m[TIME]: 0.0054 seconds for tracking
[0mROS1Visualizer.cpp:483 [34m[TIME]: 0.0055 seconds total (182.2 hz, 0.25 ms behind)
[0mInertialInitializer.cpp:128 [33m[init]: disparity is 0.144,17.983 (15.00 thresh)
[0mInertialInitializer.cpp:139 [32m[init]: USING STATIC INITIALIZER METHOD!
[0mStaticInitializer.cpp:98 [33m[init-s]: IMU excitation stats: 0.035,0.314
[0mStaticInitializer.cpp:102 [33m[init-s]: no IMU excitation, below threshold 0.314 < 0.500
[0mVioManagerHelper.cpp:170 [33m[init]: failed initialization in 0.0001 seconds
[0mVioManager.cpp:314 [34m[TIME]: 0.0031 seconds for tracking
[0mROS1Visualizer.cpp:483 [34m[TIME]: 0.0032 seconds total (308.7 hz, 0.25 ms behind)
[0mInertialInitializer.cpp:128 [33m[init]: disparity is 0.125,17.140 (15.00 thresh)
[0mInertialInitializer.cpp:139 [32m[init]: USING STATIC INITIALIZER METHOD!
[0mStaticInitializer.cpp:98 [33m[init-s]: IMU excitation stats: 0.035,0.306
[0mStaticInitializer.cpp:102 [33m[init-s]: no IMU excitation, below threshold 0.306 < 0.500
[0mVioManagerHelper.cpp:170 [33m[init]: failed initialization in 0.0001 seconds
[0mVioManager.cpp:314 [34m[TIME]: 0.0062 seconds for tracking
[0mROS1Visualizer.cpp:483 [34m[TIME]: 0.0063 seconds total (158.6 hz, 0.25 ms behind)
[0mInertialInitializer.cpp:128 [33m[init]: disparity is 0.178,22.467 (15.00 thresh)
[0mInertialInitializer.cpp:139 [32m[init]: USING STATIC INITIALIZER METHOD!
[0mStaticInitializer.cpp:98 [33m[init-s]: IMU excitation stats: 0.038,0.298
[0mStaticInitializer.cpp:102 [33m[init-s]: no IMU excitation, below threshold 0.298 < 0.500
[0mVioManagerHelper.cpp:170 [33m[init]: failed initialization in 0.0001 seconds
[0mVioManager.cpp:314 [34m[TIME]: 0.0059 seconds for tracking
[0mROS1Visualizer.cpp:483 [34m[TIME]: 0.0060 seconds total (167.2 hz, 0.25 ms behind)
[0mInertialInitializer.cpp:128 [33m[init]: disparity is 0.922,20.035 (15.00 thresh)
[0mInertialInitializer.cpp:139 [32m[init]: USING STATIC INITIALIZER METHOD!
[0mStaticInitializer.cpp:98 [33m[init-s]: IMU excitation stats: 0.070,0.296
[0mStaticInitializer.cpp:102 [33m[init-s]: no IMU excitation, below threshold 0.296 < 0.500
[0mVioManagerHelper.cpp:170 [33m[init]: failed initialization in 0.0001 seconds
[0mVioManager.cpp:314 [34m[TIME]: 0.0061 seconds for tracking
[0mROS1Visualizer.cpp:483 [34m[TIME]: 0.0062 seconds total (160.6 hz, 0.25 ms behind)
[0mInertialInitializer.cpp:128 [33m[init]: disparity is 4.293,20.502 (15.00 thresh)
[0mInertialInitializer.cpp:139 [32m[init]: USING STATIC INITIALIZER METHOD!
[0mStaticInitializer.cpp:98 [33m[init-s]: IMU excitation stats: 0.108,0.292
[0mStaticInitializer.cpp:102 [33m[init-s]: no IMU excitation, below threshold 0.292 < 0.500
[0mVioManagerHelper.cpp:170 [33m[init]: failed initialization in 0.0001 seconds
[0mVioManager.cpp:314 [34m[TIME]: 0.0058 seconds for tracking
[0mROS1Visualizer.cpp:483 [34m[TIME]: 0.0059 seconds total (169.3 hz, 0.25 ms behind)
[0mInertialInitializer.cpp:128 [33m[init]: disparity is 8.657,18.925 (15.00 thresh)
[0mInertialInitializer.cpp:139 [32m[init]: USING STATIC INITIALIZER METHOD!
[0mStaticInitializer.cpp:98 [33m[init-s]: IMU excitation stats: 0.159,0.283
[0mStaticInitializer.cpp:102 [33m[init-s]: no IMU excitation, below threshold 0.283 < 0.500
[0mVioManagerHelper.cpp:170 [33m[init]: failed initialization in 0.0001 seconds
[0mVioManager.cpp:314 [34m[TIME]: 0.0058 seconds for tracking
[0mROS1Visualizer.cpp:483 [34m[TIME]: 0.0059 seconds total (169.4 hz, 0.25 ms behind)
[0mInertialInitializer.cpp:128 [33m[init]: disparity is 12.294,18.708 (15.00 thresh)
[0mInertialInitializer.cpp:139 [32m[init]: USING STATIC INITIALIZER METHOD!
[0mStaticInitializer.cpp:98 [33m[init-s]: IMU excitation stats: 0.212,0.278
[0mStaticInitializer.cpp:102 [33m[init-s]: no IMU excitation, below threshold 0.278 < 0.500
[0mVioManagerHelper.cpp:170 [33m[init]: failed initialization in 0.0001 seconds
[0mVioManager.cpp:314 [34m[TIME]: 0.0055 seconds for tracking
[0mROS1Visualizer.cpp:483 [34m[TIME]: 0.0057 seconds total (176.4 hz, 0.25 ms behind)
[0mInertialInitializer.cpp:128 [33m[init]: disparity is 14.265,17.814 (15.00 thresh)
[0mInertialInitializer.cpp:139 [32m[init]: USING STATIC INITIALIZER METHOD!
[0mStaticInitializer.cpp:98 [33m[init-s]: IMU excitation stats: 0.257,0.271
[0mStaticInitializer.cpp:102 [33m[init-s]: no IMU excitation, below threshold 0.271 < 0.500
[0mVioManagerHelper.cpp:170 [33m[init]: failed initialization in 0.0001 seconds
[0mVioManager.cpp:314 [34m[TIME]: 0.0054 seconds for tracking
[0mROS1Visualizer.cpp:483 [34m[TIME]: 0.0055 seconds total (180.6 hz, 0.25 ms behind)
[0mInertialInitializer.cpp:128 [33m[init]: disparity is 14.221,20.166 (15.00 thresh)
[0mInertialInitializer.cpp:139 [32m[init]: USING STATIC INITIALIZER METHOD!
[0mStaticInitializer.cpp:98 [33m[init-s]: IMU excitation stats: 0.289,0.274
[0mStaticInitializer.cpp:102 [33m[init-s]: no IMU excitation, below threshold 0.274 < 0.500
[0mVioManagerHelper.cpp:170 [33m[init]: failed initialization in 0.0001 seconds
[0mVioManager.cpp:314 [34m[TIME]: 0.0033 seconds for tracking
[0mROS1Visualizer.cpp:483 [34m[TIME]: 0.0034 seconds total (296.2 hz, 0.25 ms behind)
[0mInertialInitializer.cpp:128 [33m[init]: disparity is 12.285,12.880 (15.00 thresh)
[0mInertialInitializer.cpp:156 [33m[init]: failed static init: no accel jerk detected
[0mVioManagerHelper.cpp:170 [33m[init]: failed initialization in 0.0001 seconds
[0mVioManager.cpp:314 [34m[TIME]: 0.0056 seconds for tracking
[0mROS1Visualizer.cpp:483 [34m[TIME]: 0.0057 seconds total (174.6 hz, 0.00 ms behind)
[0mInertialInitializer.cpp:128 [33m[init]: disparity is 9.441,11.618 (15.00 thresh)
[0mInertialInitializer.cpp:156 [33m[init]: failed static init: no accel jerk detected
[0mVioManagerHelper.cpp:170 [33m[init]: failed initialization in 0.0001 seconds
[0mVioManager.cpp:314 [34m[TIME]: 0.0055 seconds for tracking
[0mROS1Visualizer.cpp:483 [34m[TIME]: 0.0056 seconds total (180.0 hz, 0.25 ms behind)
[0mInertialInitializer.cpp:128 [33m[init]: disparity is 22.806,12.105 (15.00 thresh)
[0mInertialInitializer.cpp:156 [33m[init]: failed static init: no accel jerk detected, platform moving too much
[0mVioManagerHelper.cpp:170 [33m[init]: failed initialization in 0.0001 seconds
[0mVioManager.cpp:314 [34m[TIME]: 0.0035 seconds for tracking
[0mROS1Visualizer.cpp:483 [34m[TIME]: 0.0036 seconds total (281.3 hz, 0.25 ms behind)
[0mInertialInitializer.cpp:128 [33m[init]: disparity is 21.288,12.858 (15.00 thresh)
[0mInertialInitializer.cpp:156 [33m[init]: failed static init: no accel jerk detected, platform moving too much
[0mVioManagerHelper.cpp:170 [33m[init]: failed initialization in 0.0001 seconds
[0mVioManager.cpp:314 [34m[TIME]: 0.0030 seconds for tracking
[0mROS1Visualizer.cpp:483 [34m[TIME]: 0.0031 seconds total (326.7 hz, 0.25 ms behind)
[0mInertialInitializer.cpp:128 [33m[init]: disparity is 18.029,13.909 (15.00 thresh)
[0mInertialInitializer.cpp:156 [33m[init]: failed static init: no accel jerk detected, platform moving too much
[0mVioManagerHelper.cpp:170 [33m[init]: failed initialization in 0.0001 seconds
[0mVioManager.cpp:314 [34m[TIME]: 0.0058 seconds for tracking
[0mROS1Visualizer.cpp:483 [34m[TIME]: 0.0059 seconds total (169.4 hz, 0.00 ms behind)
[0mInertialInitializer.cpp:128 [33m[init]: disparity is 18.179,19.318 (15.00 thresh)
[0mInertialInitializer.cpp:156 [33m[init]: failed static init: no accel jerk detected, platform moving too much
[0mVioManagerHelper.cpp:170 [33m[init]: failed initialization in 0.0001 seconds
[0mVioManager.cpp:314 [34m[TIME]: 0.0044 seconds for tracking
[0mROS1Visualizer.cpp:483 [34m[TIME]: 0.0045 seconds total (220.7 hz, 0.25 ms behind)
[0mInertialInitializer.cpp:128 [33m[init]: disparity is 17.965,16.055 (15.00 thresh)
[0mInertialInitializer.cpp:156 [33m[init]: failed static init: no accel jerk detected, platform moving too much
[0mVioManagerHelper.cpp:170 [33m[init]: failed initialization in 0.0001 seconds
[0mVioManager.cpp:314 [34m[TIME]: 0.0031 seconds for tracking
[0mROS1Visualizer.cpp:483 [34m[TIME]: 0.0032 seconds total (314.6 hz, 0.25 ms behind)
[0mInertialInitializer.cpp:128 [33m[init]: disparity is 17.673,15.873 (15.00 thresh)
[0mInertialInitializer.cpp:156 [33m[init]: failed static init: no accel jerk detected, platform moving too much
[0mVioManagerHelper.cpp:170 [33m[init]: failed initialization in 0.0001 seconds
[0mVioManager.cpp:314 [34m[TIME]: 0.0056 seconds for tracking
[0mROS1Visualizer.cpp:483 [34m[TIME]: 0.0057 seconds total (176.4 hz, 0.25 ms behind)
[0mInertialInitializer.cpp:128 [33m[init]: disparity is 24.506,16.203 (15.00 thresh)
[0mInertialInitializer.cpp:156 [33m[init]: failed static init: no accel jerk detected, platform moving too much
[0mVioManagerHelper.cpp:170 [33m[init]: failed initialization in 0.0001 seconds
[0mVioManager.cpp:314 [34m[TIME]: 0.0016 seconds for tracking
[0mROS1Visualizer.cpp:483 [34m[TIME]: 0.0018 seconds total (568.5 hz, 0.00 ms behind)
[0mInertialInitializer.cpp:128 [33m[init]: disparity is 21.855,17.114 (15.00 thresh)
[0mInertialInitializer.cpp:156 [33m[init]: failed static init: no accel jerk detected, platform moving too much
[0mVioManagerHelper.cpp:170 [33m[init]: failed initialization in 0.0001 seconds
[0mVioManager.cpp:314 [34m[TIME]: 0.0037 seconds for tracking
[0mROS1Visualizer.cpp:483 [34m[TIME]: 0.0038 seconds total (265.7 hz, 0.25 ms behind)
[0mInertialInitializer.cpp:128 [33m[init]: disparity is 20.065,13.957 (15.00 thresh)
[0mInertialInitializer.cpp:156 [33m[init]: failed static init: no accel jerk detected, platform moving too much
[0mVioManagerHelper.cpp:170 [33m[init]: failed initialization in 0.0001 seconds
[0mVioManager.cpp:314 [34m[TIME]: 0.0030 seconds for tracking
[0mROS1Visualizer.cpp:483 [34m[TIME]: 0.0031 seconds total (318.0 hz, 0.25 ms behind)
[0mInertialInitializer.cpp:128 [33m[init]: disparity is 17.550,15.230 (15.00 thresh)
[0mInertialInitializer.cpp:156 [33m[init]: failed static init: no accel jerk detected, platform moving too much
[0mVioManagerHelper.cpp:170 [33m[init]: failed initialization in 0.0001 seconds
[0mVioManager.cpp:314 [34m[TIME]: 0.0046 seconds for tracking
[0mROS1Visualizer.cpp:483 [34m[TIME]: 0.0047 seconds total (210.8 hz, 0.25 ms behind)
[0mInertialInitializer.cpp:128 [33m[init]: disparity is 18.151,15.837 (15.00 thresh)
[0mInertialInitializer.cpp:156 [33m[init]: failed static init: no accel jerk detected, platform moving too much
[0mVioManagerHelper.cpp:170 [33m[init]: failed initialization in 0.0001 seconds
[0mVioManager.cpp:314 [34m[TIME]: 0.0030 seconds for tracking
[0mROS1Visualizer.cpp:483 [34m[TIME]: 0.0031 seconds total (320.4 hz, 0.25 ms behind)
[0mInertialInitializer.cpp:128 [33m[init]: disparity is 18.469,16.196 (15.00 thresh)
[0mInertialInitializer.cpp:156 [33m[init]: failed static init: no accel jerk detected, platform moving too much
[0mVioManagerHelper.cpp:170 [33m[init]: failed initialization in 0.0001 seconds
[0mVioManager.cpp:314 [34m[TIME]: 0.0055 seconds for tracking
[0mROS1Visualizer.cpp:483 [34m[TIME]: 0.0056 seconds total (179.6 hz, 0.25 ms behind)
[0mInertialInitializer.cpp:128 [33m[init]: disparity is 18.543,16.232 (15.00 thresh)
[0mInertialInitializer.cpp:156 [33m[init]: failed static init: no accel jerk detected, platform moving too much
[0mVioManagerHelper.cpp:170 [33m[init]: failed initialization in 0.0001 seconds
[0mVioManager.cpp:314 [34m[TIME]: 0.0055 seconds for tracking
[0mROS1Visualizer.cpp:483 [34m[TIME]: 0.0057 seconds total (176.8 hz, 0.25 ms behind)
[0mInertialInitializer.cpp:128 [33m[init]: disparity is 18.176,15.001 (15.00 thresh)
[0mInertialInitializer.cpp:156 [33m[init]: failed static init: no accel jerk detected, platform moving too much
[0mVioManagerHelper.cpp:170 [33m[init]: failed initialization in 0.0001 seconds
[0mVioManager.cpp:314 [34m[TIME]: 0.0057 seconds for tracking
[0mROS1Visualizer.cpp:483 [34m[TIME]: 0.0058 seconds total (171.1 hz, 0.25 ms behind)
[0mInertialInitializer.cpp:128 [33m[init]: disparity is 18.728,15.666 (15.00 thresh)
[0mInertialInitializer.cpp:156 [33m[init]: failed static init: no accel jerk detected, platform moving too much
[0mVioManagerHelper.cpp:170 [33m[init]: failed initialization in 0.0001 seconds
[0mVioManager.cpp:314 [34m[TIME]: 0.0058 seconds for tracking
[0mROS1Visualizer.cpp:483 [34m[TIME]: 0.0059 seconds total (169.8 hz, 0.25 ms behind)
[0mInertialInitializer.cpp:128 [33m[init]: disparity is 12.792,15.653 (15.00 thresh)
[0mInertialInitializer.cpp:139 [32m[init]: USING STATIC INITIALIZER METHOD!
[0mStaticInitializer.cpp:98 [33m[init-s]: IMU excitation stats: 0.295,0.264
[0mStaticInitializer.cpp:102 [33m[init-s]: no IMU excitation, below threshold 0.264 < 0.500
[0mVioManagerHelper.cpp:170 [33m[init]: failed initialization in 0.0001 seconds
[0mVioManager.cpp:314 [34m[TIME]: 0.0057 seconds for tracking
[0mROS1Visualizer.cpp:483 [34m[TIME]: 0.0058 seconds total (172.1 hz, 0.25 ms behind)
[0mInertialInitializer.cpp:128 [33m[init]: disparity is 13.216,13.989 (15.00 thresh)
[0mInertialInitializer.cpp:156 [33m[init]: failed static init: no accel jerk detected
[0mVioManagerHelper.cpp:170 [33m[init]: failed initialization in 0.0001 seconds
[0mVioManager.cpp:314 [34m[TIME]: 0.0056 seconds for tracking
[0mROS1Visualizer.cpp:483 [34m[TIME]: 0.0057 seconds total (174.2 hz, 0.25 ms behind)
[0mInertialInitializer.cpp:128 [33m[init]: disparity is 13.953,13.167 (15.00 thresh)
[0mInertialInitializer.cpp:156 [33m[init]: failed static init: no accel jerk detected
[0mVioManagerHelper.cpp:170 [33m[init]: failed initialization in 0.0001 seconds
[0mVioManager.cpp:314 [34m[TIME]: 0.0057 seconds for tracking
[0mROS1Visualizer.cpp:483 [34m[TIME]: 0.0058 seconds total (171.2 hz, 0.25 ms behind)
[0mInertialInitializer.cpp:128 [33m[init]: disparity is 14.872,15.851 (15.00 thresh)
[0mInertialInitializer.cpp:139 [32m[init]: USING STATIC INITIALIZER METHOD!
[0mStaticInitializer.cpp:98 [33m[init-s]: IMU excitation stats: 0.259,0.249
[0mStaticInitializer.cpp:102 [33m[init-s]: no IMU excitation, below threshold 0.249 < 0.500
[0mVioManagerHelper.cpp:170 [33m[init]: failed initialization in 0.0001 seconds
[0mVioManager.cpp:314 [34m[TIME]: 0.0019 seconds for tracking
[0mROS1Visualizer.cpp:483 [34m[TIME]: 0.0021 seconds total (479.8 hz, 0.00 ms behind)
[0mInertialInitializer.cpp:128 [33m[init]: disparity is 15.326,16.979 (15.00 thresh)
[0mInertialInitializer.cpp:156 [33m[init]: failed static init: no accel jerk detected, platform moving too much
[0mVioManagerHelper.cpp:170 [33m[init]: failed initialization in 0.0001 seconds
[0mVioManager.cpp:314 [34m[TIME]: 0.0059 seconds for tracking
[0mROS1Visualizer.cpp:483 [34m[TIME]: 0.0060 seconds total (167.4 hz, 0.25 ms behind)
[0mInertialInitializer.cpp:128 [33m[init]: disparity is 19.296,13.236 (15.00 thresh)
[0mInertialInitializer.cpp:156 [33m[init]: failed static init: no accel jerk detected, platform moving too much
[0mVioManagerHelper.cpp:170 [33m[init]: failed initialization in 0.0001 seconds
[0mVioManager.cpp:314 [34m[TIME]: 0.0061 seconds for tracking
[0mROS1Visualizer.cpp:483 [34m[TIME]: 0.0062 seconds total (161.4 hz, 0.25 ms behind)
[0mInertialInitializer.cpp:128 [33m[init]: disparity is 16.350,13.458 (15.00 thresh)
[0mInertialInitializer.cpp:156 [33m[init]: failed static init: no accel jerk detected, platform moving too much
[0mVioManagerHelper.cpp:170 [33m[init]: failed initialization in 0.0001 seconds
[0mVioManager.cpp:314 [34m[TIME]: 0.0059 seconds for tracking
[0mROS1Visualizer.cpp:483 [34m[TIME]: 0.0060 seconds total (166.9 hz, 0.25 ms behind)
[0mInertialInitializer.cpp:128 [33m[init]: disparity is 16.225,13.616 (15.00 thresh)
[0mInertialInitializer.cpp:156 [33m[init]: failed static init: no accel jerk detected, platform moving too much
[0mVioManagerHelper.cpp:170 [33m[init]: failed initialization in 0.0001 seconds
[0mVioManager.cpp:314 [34m[TIME]: 0.0061 seconds for tracking
[0mROS1Visualizer.cpp:483 [34m[TIME]: 0.0062 seconds total (160.6 hz, 0.00 ms behind)
[0mInertialInitializer.cpp:128 [33m[init]: disparity is 14.236,14.355 (15.00 thresh)
[0mInertialInitializer.cpp:156 [33m[init]: failed static init: no accel jerk detected
[0mVioManagerHelper.cpp:170 [33m[init]: failed initialization in 0.0001 seconds
[0mVioManager.cpp:314 [34m[TIME]: 0.0012 seconds for tracking
[0mROS1Visualizer.cpp:483 [34m[TIME]: 0.0013 seconds total (763.9 hz, 0.25 ms behind)
[0mInertialInitializer.cpp:128 [33m[init]: disparity is 15.118,13.424 (15.00 thresh)
[0mInertialInitializer.cpp:156 [33m[init]: failed static init: no accel jerk detected, platform moving too much
[0mVioManagerHelper.cpp:170 [33m[init]: failed initialization in 0.0001 seconds
[0mVioManager.cpp:314 [34m[TIME]: 0.0011 seconds for tracking
[0mROS1Visualizer.cpp:483 [34m[TIME]: 0.0012 seconds total (841.8 hz, 0.25 ms behind)
[0mInertialInitializer.cpp:128 [33m[init]: disparity is 15.154,10.690 (15.00 thresh)
[0mInertialInitializer.cpp:156 [33m[init]: failed static init: no accel jerk detected, platform moving too much
[0mVioManagerHelper.cpp:170 [33m[init]: failed initialization in 0.0001 seconds
[0mVioManager.cpp:314 [34m[TIME]: 0.0010 seconds for tracking
[0mROS1Visualizer.cpp:483 [34m[TIME]: 0.0012 seconds total (861.3 hz, 0.25 ms behind)
[0mInertialInitializer.cpp:128 [33m[init]: disparity is 16.483,10.558 (15.00 thresh)
[0mInertialInitializer.cpp:156 [33m[init]: failed static init: no accel jerk detected, platform moving too much
[0mVioManagerHelper.cpp:170 [33m[init]: failed initialization in 0.0001 seconds
[0mVioManager.cpp:314 [34m[TIME]: 0.0011 seconds for tracking
[0mROS1Visualizer.cpp:483 [34m[TIME]: 0.0013 seconds total (788.6 hz, 0.00 ms behind)
[0mInertialInitializer.cpp:128 [33m[init]: disparity is 17.239,10.493 (15.00 thresh)
[0mInertialInitializer.cpp:156 [33m[init]: failed static init: no accel jerk detected, platform moving too much
[0mVioManagerHelper.cpp:170 [33m[init]: failed initialization in 0.0001 seconds
[0mVioManager.cpp:314 [34m[TIME]: 0.0008 seconds for tracking
[0mROS1Visualizer.cpp:483 [34m[TIME]: 0.0009 seconds total (1100.1 hz, 0.25 ms behind)
[0mInertialInitializer.cpp:128 [33m[init]: disparity is 17.222,10.736 (15.00 thresh)
[0mInertialInitializer.cpp:156 [33m[init]: failed static init: no accel jerk detected, platform moving too much
[0mVioManagerHelper.cpp:170 [33m[init]: failed initialization in 0.0001 seconds
[0mVioManager.cpp:314 [34m[TIME]: 0.0012 seconds for tracking
[0mROS1Visualizer.cpp:483 [34m[TIME]: 0.0013 seconds total (758.2 hz, 0.25 ms behind)
[0mInertialInitializer.cpp:128 [33m[init]: disparity is 17.342,10.938 (15.00 thresh)
[0mInertialInitializer.cpp:156 [33m[init]: failed static init: no accel jerk detected, platform moving too much
[0mVioManagerHelper.cpp:170 [33m[init]: failed initialization in 0.0001 seconds
[0mVioManager.cpp:314 [34m[TIME]: 0.0011 seconds for tracking
[0mROS1Visualizer.cpp:483 [34m[TIME]: 0.0012 seconds total (831.3 hz, 0.25 ms behind)
[0mInertialInitializer.cpp:128 [33m[init]: disparity is 16.509,11.983 (15.00 thresh)
[0mInertialInitializer.cpp:156 [33m[init]: failed static init: no accel jerk detected, platform moving too much
[0mVioManagerHelper.cpp:170 [33m[init]: failed initialization in 0.0001 seconds
[0mVioManager.cpp:314 [34m[TIME]: 0.0051 seconds for tracking
[0mROS1Visualizer.cpp:483 [34m[TIME]: 0.0052 seconds total (192.2 hz, 0.25 ms behind)
[0mInertialInitializer.cpp:128 [33m[init]: disparity is 16.502,18.913 (15.00 thresh)
[0mInertialInitializer.cpp:156 [33m[init]: failed static init: no accel jerk detected, platform moving too much
[0mVioManagerHelper.cpp:170 [33m[init]: failed initialization in 0.0001 seconds
[0mVioManager.cpp:314 [34m[TIME]: 0.0035 seconds for tracking
[0mROS1Visualizer.cpp:483 [34m[TIME]: 0.0036 seconds total (275.6 hz, 0.25 ms behind)
[0mInertialInitializer.cpp:128 [33m[init]: disparity is 16.096,19.237 (15.00 thresh)
[0mInertialInitializer.cpp:156 [33m[init]: failed static init: no accel jerk detected, platform moving too much
[0mVioManagerHelper.cpp:170 [33m[init]: failed initialization in 0.0001 seconds
[0mVioManager.cpp:314 [34m[TIME]: 0.0027 seconds for tracking
[0mROS1Visualizer.cpp:483 [34m[TIME]: 0.0028 seconds total (356.8 hz, 0.25 ms behind)
[0mInertialInitializer.cpp:128 [33m[init]: disparity is 15.573,18.335 (15.00 thresh)
[0mInertialInitializer.cpp:156 [33m[init]: failed static init: no accel jerk detected, platform moving too much
[0mVioManagerHelper.cpp:170 [33m[init]: failed initialization in 0.0001 seconds
[0mVioManager.cpp:314 [34m[TIME]: 0.0054 seconds for tracking
[0mROS1Visualizer.cpp:483 [34m[TIME]: 0.0055 seconds total (180.3 hz, 0.25 ms behind)
[0mInertialInitializer.cpp:128 [33m[init]: disparity is 15.730,18.114 (15.00 thresh)
[0mInertialInitializer.cpp:156 [33m[init]: failed static init: no accel jerk detected, platform moving too much
[0mVioManagerHelper.cpp:170 [33m[init]: failed initialization in 0.0001 seconds
[0mVioManager.cpp:314 [34m[TIME]: 0.0025 seconds for tracking
[0mROS1Visualizer.cpp:483 [34m[TIME]: 0.0026 seconds total (379.7 hz, 0.25 ms behind)
[0mInertialInitializer.cpp:128 [33m[init]: disparity is 14.125,20.049 (15.00 thresh)
[0mInertialInitializer.cpp:139 [32m[init]: USING STATIC INITIALIZER METHOD!
[0mStaticInitializer.cpp:98 [33m[init-s]: IMU excitation stats: 0.215,0.133
[0mStaticInitializer.cpp:102 [33m[init-s]: no IMU excitation, below threshold 0.133 < 0.500
[0mVioManagerHelper.cpp:170 [33m[init]: failed initialization in 0.0001 seconds
[0mVioManager.cpp:314 [34m[TIME]: 0.0030 seconds for tracking
[0mROS1Visualizer.cpp:483 [34m[TIME]: 0.0031 seconds total (324.7 hz, 0.25 ms behind)
[0mInertialInitializer.cpp:128 [33m[init]: disparity is 14.768,18.664 (15.00 thresh)
[0mInertialInitializer.cpp:139 [32m[init]: USING STATIC INITIALIZER METHOD!
[0mStaticInitializer.cpp:98 [33m[init-s]: IMU excitation stats: 0.206,0.122
[0mStaticInitializer.cpp:102 [33m[init-s]: no IMU excitation, below threshold 0.122 < 0.500
[0mVioManagerHelper.cpp:170 [33m[init]: failed initialization in 0.0001 seconds
[0mVioManager.cpp:314 [34m[TIME]: 0.0025 seconds for tracking
[0mROS1Visualizer.cpp:483 [34m[TIME]: 0.0026 seconds total (380.8 hz, 0.25 ms behind)
[0mInertialInitializer.cpp:128 [33m[init]: disparity is 14.500,18.557 (15.00 thresh)
[0mInertialInitializer.cpp:139 [32m[init]: USING STATIC INITIALIZER METHOD!
[0mStaticInitializer.cpp:98 [33m[init-s]: IMU excitation stats: 0.202,0.116
[0mStaticInitializer.cpp:102 [33m[init-s]: no IMU excitation, below threshold 0.116 < 0.500
[0mVioManagerHelper.cpp:170 [33m[init]: failed initialization in 0.0001 seconds
[0mVioManager.cpp:314 [34m[TIME]: 0.0012 seconds for tracking
[0mROS1Visualizer.cpp:483 [34m[TIME]: 0.0013 seconds total (773.4 hz, 0.25 ms behind)
[0mInertialInitializer.cpp:128 [33m[init]: disparity is 14.701,16.885 (15.00 thresh)
[0mInertialInitializer.cpp:139 [32m[init]: USING STATIC INITIALIZER METHOD!
[0mStaticInitializer.cpp:98 [33m[init-s]: IMU excitation stats: 0.198,0.105
[0mStaticInitializer.cpp:102 [33m[init-s]: no IMU excitation, below threshold 0.105 < 0.500
[0mVioManagerHelper.cpp:170 [33m[init]: failed initialization in 0.0001 seconds
[0mVioManager.cpp:314 [34m[TIME]: 0.0029 seconds for tracking
[0mROS1Visualizer.cpp:483 [34m[TIME]: 0.0030 seconds total (332.9 hz, 0.00 ms behind)
[0mInertialInitializer.cpp:128 [33m[init]: disparity is 14.305,16.492 (15.00 thresh)
[0mInertialInitializer.cpp:139 [32m[init]: USING STATIC INITIALIZER METHOD!
[0mStaticInitializer.cpp:98 [33m[init-s]: IMU excitation stats: 0.198,0.101
[0mStaticInitializer.cpp:102 [33m[init-s]: no IMU excitation, below threshold 0.101 < 0.500
[0mVioManagerHelper.cpp:170 [33m[init]: failed initialization in 0.0001 seconds
[0mVioManager.cpp:314 [34m[TIME]: 0.0037 seconds for tracking
[0mROS1Visualizer.cpp:483 [34m[TIME]: 0.0038 seconds total (260.5 hz, 0.25 ms behind)
[0mInertialInitializer.cpp:128 [33m[init]: disparity is 11.666,16.502 (15.00 thresh)
[0mInertialInitializer.cpp:139 [32m[init]: USING STATIC INITIALIZER METHOD!
[0mStaticInitializer.cpp:98 [33m[init-s]: IMU excitation stats: 0.204,0.104
[0mStaticInitializer.cpp:102 [33m[init-s]: no IMU excitation, below threshold 0.104 < 0.500
[0mVioManagerHelper.cpp:170 [33m[init]: failed initialization in 0.0001 seconds
[0mVioManager.cpp:314 [34m[TIME]: 0.0030 seconds for tracking
[0mROS1Visualizer.cpp:483 [34m[TIME]: 0.0031 seconds total (324.7 hz, 0.25 ms behind)
[0mInertialInitializer.cpp:128 [33m[init]: disparity is 11.626,15.422 (15.00 thresh)
[0mInertialInitializer.cpp:139 [32m[init]: USING STATIC INITIALIZER METHOD!
[0mStaticInitializer.cpp:98 [33m[init-s]: IMU excitation stats: 0.220,0.105
[0mStaticInitializer.cpp:102 [33m[init-s]: no IMU excitation, below threshold 0.105 < 0.500
[0mVioManagerHelper.cpp:170 [33m[init]: failed initialization in 0.0001 seconds
[0mVioManager.cpp:314 [34m[TIME]: 0.0033 seconds for tracking
[0mROS1Visualizer.cpp:483 [34m[TIME]: 0.0035 seconds total (289.3 hz, 0.25 ms behind)
[0mInertialInitializer.cpp:128 [33m[init]: disparity is 11.918,15.516 (15.00 thresh)
[0mInertialInitializer.cpp:139 [32m[init]: USING STATIC INITIALIZER METHOD!
[0mStaticInitializer.cpp:98 [33m[init-s]: IMU excitation stats: 0.233,0.103
[0mStaticInitializer.cpp:102 [33m[init-s]: no IMU excitation, below threshold 0.103 < 0.500
[0mVioManagerHelper.cpp:170 [33m[init]: failed initialization in 0.0001 seconds
[0mVioManager.cpp:314 [34m[TIME]: 0.0029 seconds for tracking
[0mROS1Visualizer.cpp:483 [34m[TIME]: 0.0030 seconds total (333.1 hz, 0.00 ms behind)
[0mInertialInitializer.cpp:128 [33m[init]: disparity is 11.546,18.638 (15.00 thresh)
[0mInertialInitializer.cpp:139 [32m[init]: USING STATIC INITIALIZER METHOD!
[0mStaticInitializer.cpp:98 [33m[init-s]: IMU excitation stats: 0.231,0.103
[0mStaticInitializer.cpp:102 [33m[init-s]: no IMU excitation, below threshold 0.103 < 0.500
[0mVioManagerHelper.cpp:170 [33m[init]: failed initialization in 0.0001 seconds
[0mVioManager.cpp:314 [34m[TIME]: 0.0022 seconds for tracking
[0mROS1Visualizer.cpp:483 [34m[TIME]: 0.0024 seconds total (424.4 hz, 0.25 ms behind)
[0mInertialInitializer.cpp:128 [33m[init]: disparity is 11.412,11.132 (15.00 thresh)
[0mInertialInitializer.cpp:156 [33m[init]: failed static init: no accel jerk detected
[0mVioManagerHelper.cpp:170 [33m[init]: failed initialization in 0.0001 seconds
[0mVioManager.cpp:314 [34m[TIME]: 0.0011 seconds for tracking
[0mROS1Visualizer.cpp:483 [34m[TIME]: 0.0012 seconds total (800.6 hz, 0.25 ms behind)
[0mInertialInitializer.cpp:128 [33m[init]: disparity is 11.703,10.075 (15.00 thresh)
[0mInertialInitializer.cpp:156 [33m[init]: failed static init: no accel jerk detected
[0mVioManagerHelper.cpp:170 [33m[init]: failed initialization in 0.0001 seconds
[0mVioManager.cpp:314 [34m[TIME]: 0.0011 seconds for tracking
[0mROS1Visualizer.cpp:483 [34m[TIME]: 0.0012 seconds total (817.0 hz, 0.25 ms behind)
[0mInertialInitializer.cpp:128 [33m[init]: disparity is 18.779,10.863 (15.00 thresh)
[0mInertialInitializer.cpp:156 [33m[init]: failed static init: no accel jerk detected, platform moving too much
[0mVioManagerHelper.cpp:170 [33m[init]: failed initialization in 0.0001 seconds
[0mVioManager.cpp:314 [34m[TIME]: 0.0029 seconds for tracking
[0mROS1Visualizer.cpp:483 [34m[TIME]: 0.0030 seconds total (329.2 hz, 0.00 ms behind)
[0mInertialInitializer.cpp:128 [33m[init]: disparity is 21.164,11.653 (15.00 thresh)
[0mInertialInitializer.cpp:156 [33m[init]: failed static init: no accel jerk detected, platform moving too much
[0mVioManagerHelper.cpp:170 [33m[init]: failed initialization in 0.0001 seconds
[0mVioManager.cpp:314 [34m[TIME]: 0.0025 seconds for tracking
[0mROS1Visualizer.cpp:483 [34m[TIME]: 0.0026 seconds total (381.2 hz, 0.25 ms behind)
[0mInertialInitializer.cpp:128 [33m[init]: disparity is 19.263,10.675 (15.00 thresh)
[0mInertialInitializer.cpp:156 [33m[init]: failed static init: no accel jerk detected, platform moving too much
[0mVioManagerHelper.cpp:170 [33m[init]: failed initialization in 0.0001 seconds
[0mVioManager.cpp:314 [34m[TIME]: 0.0028 seconds for tracking
[0mROS1Visualizer.cpp:483 [34m[TIME]: 0.0029 seconds total (342.8 hz, 0.25 ms behind)
[0mInertialInitializer.cpp:128 [33m[init]: disparity is 19.035,9.723 (15.00 thresh)
[0mInertialInitializer.cpp:156 [33m[init]: failed static init: no accel jerk detected, platform moving too much
[0mVioManagerHelper.cpp:170 [33m[init]: failed initialization in 0.0001 seconds
[0mVioManager.cpp:314 [34m[TIME]: 0.0036 seconds for tracking
[0mROS1Visualizer.cpp:483 [34m[TIME]: 0.0037 seconds total (267.8 hz, 0.25 ms behind)
[0mInertialInitializer.cpp:128 [33m[init]: disparity is 19.988,9.586 (15.00 thresh)
[0mInertialInitializer.cpp:156 [33m[init]: failed static init: no accel jerk detected, platform moving too much
[0mVioManagerHelper.cpp:170 [33m[init]: failed initialization in 0.0001 seconds
[0mVioManager.cpp:314 [34m[TIME]: 0.0016 seconds for tracking
[0mROS1Visualizer.cpp:483 [34m[TIME]: 0.0018 seconds total (568.8 hz, 0.25 ms behind)
[0mInertialInitializer.cpp:128 [33m[init]: disparity is 18.951,9.434 (15.00 thresh)
[0mInertialInitializer.cpp:156 [33m[init]: failed static init: no accel jerk detected, platform moving too much
[0mVioManagerHelper.cpp:170 [33m[init]: failed initialization in 0.0001 seconds
[0mVioManager.cpp:314 [34m[TIME]: 0.0012 seconds for tracking
[0mROS1Visualizer.cpp:483 [34m[TIME]: 0.0014 seconds total (739.1 hz, 0.25 ms behind)
[0mInertialInitializer.cpp:128 [33m[init]: disparity is 20.012,7.364 (15.00 thresh)
[0mInertialInitializer.cpp:156 [33m[init]: failed static init: no accel jerk detected, platform moving too much
[0mVioManagerHelper.cpp:170 [33m[init]: failed initialization in 0.0001 seconds
[0mVioManager.cpp:314 [34m[TIME]: 0.0009 seconds for tracking
[0mROS1Visualizer.cpp:483 [34m[TIME]: 0.0010 seconds total (985.2 hz, 0.25 ms behind)
[0mInertialInitializer.cpp:128 [33m[init]: disparity is 17.899,7.881 (15.00 thresh)
[0mInertialInitializer.cpp:156 [33m[init]: failed static init: no accel jerk detected, platform moving too much
[0mVioManagerHelper.cpp:170 [33m[init]: failed initialization in 0.0001 seconds
[0mVioManager.cpp:314 [34m[TIME]: 0.0011 seconds for tracking
[0mROS1Visualizer.cpp:483 [34m[TIME]: 0.0012 seconds total (830.6 hz, 0.25 ms behind)
[0mInertialInitializer.cpp:128 [33m[init]: disparity is 17.798,7.991 (15.00 thresh)
[0mInertialInitializer.cpp:156 [33m[init]: failed static init: no accel jerk detected, platform moving too much
[0mVioManagerHelper.cpp:170 [33m[init]: failed initialization in 0.0001 seconds
[0mVioManager.cpp:314 [34m[TIME]: 0.0011 seconds for tracking
[0mROS1Visualizer.cpp:483 [34m[TIME]: 0.0012 seconds total (845.3 hz, 0.25 ms behind)
[0mInertialInitializer.cpp:128 [33m[init]: disparity is 17.636,8.668 (15.00 thresh)
[0mInertialInitializer.cpp:156 [33m[init]: failed static init: no accel jerk detected, platform moving too much
[0mVioManagerHelper.cpp:170 [33m[init]: failed initialization in 0.0001 seconds
[0mVioManager.cpp:314 [34m[TIME]: 0.0011 seconds for tracking
[0mROS1Visualizer.cpp:483 [34m[TIME]: 0.0012 seconds total (826.4 hz, 0.25 ms behind)
[0mInertialInitializer.cpp:128 [33m[init]: disparity is 16.289,8.364 (15.00 thresh)
[0mInertialInitializer.cpp:156 [33m[init]: failed static init: no accel jerk detected, platform moving too much
[0mVioManagerHelper.cpp:170 [33m[init]: failed initialization in 0.0001 seconds
[0mVioManager.cpp:314 [34m[TIME]: 0.0011 seconds for tracking
[0mROS1Visualizer.cpp:483 [34m[TIME]: 0.0013 seconds total (787.4 hz, 0.25 ms behind)
[0mInertialInitializer.cpp:128 [33m[init]: disparity is 16.321,8.763 (15.00 thresh)
[0mInertialInitializer.cpp:156 [33m[init]: failed static init: no accel jerk detected, platform moving too much
[0mVioManagerHelper.cpp:170 [33m[init]: failed initialization in 0.0001 seconds
[0mVioManager.cpp:314 [34m[TIME]: 0.0011 seconds for tracking
[0mROS1Visualizer.cpp:483 [34m[TIME]: 0.0013 seconds total (797.4 hz, 0.25 ms behind)
[0mInertialInitializer.cpp:128 [33m[init]: disparity is 15.542,8.149 (15.00 thresh)
[0mInertialInitializer.cpp:156 [33m[init]: failed static init: no accel jerk detected, platform moving too much
[0mVioManagerHelper.cpp:170 [33m[init]: failed initialization in 0.0001 seconds
[0mVioManager.cpp:314 [34m[TIME]: 0.0007 seconds for tracking
[0mROS1Visualizer.cpp:483 [34m[TIME]: 0.0009 seconds total (1158.7 hz, 0.00 ms behind)
[0mInertialInitializer.cpp:128 [33m[init]: disparity is 15.540,7.944 (15.00 thresh)
[0mInertialInitializer.cpp:156 [33m[init]: failed static init: no accel jerk detected, platform moving too much
[0mVioManagerHelper.cpp:170 [33m[init]: failed initialization in 0.0001 seconds
[0mVioManager.cpp:314 [34m[TIME]: 0.0011 seconds for tracking
[0mROS1Visualizer.cpp:483 [34m[TIME]: 0.0012 seconds total (819.7 hz, 0.25 ms behind)
[0mInertialInitializer.cpp:128 [33m[init]: disparity is 17.528,6.382 (15.00 thresh)
[0mInertialInitializer.cpp:156 [33m[init]: failed static init: no accel jerk detected, platform moving too much
[0mVioManagerHelper.cpp:170 [33m[init]: failed initialization in 0.0001 seconds
[0mVioManager.cpp:314 [34m[TIME]: 0.0011 seconds for tracking
[0mROS1Visualizer.cpp:483 [34m[TIME]: 0.0012 seconds total (821.0 hz, 0.25 ms behind)
[0mInertialInitializer.cpp:128 [33m[init]: disparity is 11.613,6.181 (15.00 thresh)
[0mInertialInitializer.cpp:156 [33m[init]: failed static init: no accel jerk detected
[0mVioManagerHelper.cpp:170 [33m[init]: failed initialization in 0.0001 seconds
[0mVioManager.cpp:314 [34m[TIME]: 0.0011 seconds for tracking
[0mROS1Visualizer.cpp:483 [34m[TIME]: 0.0012 seconds total (805.8 hz, 0.25 ms behind)
[0mInertialInitializer.cpp:128 [33m[init]: disparity is 12.186,6.417 (15.00 thresh)
[0mInertialInitializer.cpp:156 [33m[init]: failed static init: no accel jerk detected
[0mVioManagerHelper.cpp:170 [33m[init]: failed initialization in 0.0001 seconds
[0mVioManager.cpp:314 [34m[TIME]: 0.0010 seconds for tracking
[0mROS1Visualizer.cpp:483 [34m[TIME]: 0.0011 seconds total (890.5 hz, 0.00 ms behind)
[0mInertialInitializer.cpp:128 [33m[init]: disparity is 12.463,5.923 (15.00 thresh)
[0mInertialInitializer.cpp:156 [33m[init]: failed static init: no accel jerk detected
[0mVioManagerHelper.cpp:170 [33m[init]: failed initialization in 0.0001 seconds
[0mVioManager.cpp:314 [34m[TIME]: 0.0011 seconds for tracking
[0mROS1Visualizer.cpp:483 [34m[TIME]: 0.0012 seconds total (821.0 hz, 0.25 ms behind)
[0mInertialInitializer.cpp:128 [33m[init]: disparity is 11.424,4.982 (15.00 thresh)
[0mInertialInitializer.cpp:156 [33m[init]: failed static init: no accel jerk detected
[0mVioManagerHelper.cpp:170 [33m[init]: failed initialization in 0.0001 seconds
[0mVioManager.cpp:314 [34m[TIME]: 0.0009 seconds for tracking
[0mROS1Visualizer.cpp:483 [34m[TIME]: 0.0010 seconds total (980.4 hz, 0.25 ms behind)
[0mInertialInitializer.cpp:128 [33m[init]: disparity is 10.467,3.661 (15.00 thresh)
[0mInertialInitializer.cpp:156 [33m[init]: failed static init: no accel jerk detected
[0mVioManagerHelper.cpp:170 [33m[init]: failed initialization in 0.0001 seconds
[0mVioManager.cpp:314 [34m[TIME]: 0.0010 seconds for tracking
[0mROS1Visualizer.cpp:483 [34m[TIME]: 0.0011 seconds total (918.3 hz, 0.25 ms behind)
[0mInertialInitializer.cpp:128 [33m[init]: disparity is 10.013,3.699 (15.00 thresh)
[0mInertialInitializer.cpp:156 [33m[init]: failed static init: no accel jerk detected
[0mVioManagerHelper.cpp:170 [33m[init]: failed initialization in 0.0001 seconds
[0mVioManager.cpp:314 [34m[TIME]: 0.0011 seconds for tracking
[0mROS1Visualizer.cpp:483 [34m[TIME]: 0.0012 seconds total (868.8 hz, 0.00 ms behind)
[0mInertialInitializer.cpp:128 [33m[init]: disparity is 7.947,3.526 (15.00 thresh)
[0mInertialInitializer.cpp:156 [33m[init]: failed static init: no accel jerk detected
[0mVioManagerHelper.cpp:170 [33m[init]: failed initialization in 0.0001 seconds
[0mVioManager.cpp:314 [34m[TIME]: 0.0011 seconds for tracking
[0mROS1Visualizer.cpp:483 [34m[TIME]: 0.0012 seconds total (821.0 hz, 0.25 ms behind)
[0mInertialInitializer.cpp:128 [33m[init]: disparity is 8.006,3.421 (15.00 thresh)
[0mInertialInitializer.cpp:156 [33m[init]: failed static init: no accel jerk detected
[0mVioManagerHelper.cpp:170 [33m[init]: failed initialization in 0.0001 seconds
[0mVioManager.cpp:314 [34m[TIME]: 0.0011 seconds for tracking
[0mROS1Visualizer.cpp:483 [34m[TIME]: 0.0012 seconds total (837.5 hz, 0.25 ms behind)
[0mInertialInitializer.cpp:128 [33m[init]: disparity is 8.209,3.397 (15.00 thresh)
[0mInertialInitializer.cpp:156 [33m[init]: failed static init: no accel jerk detected
[0mVioManagerHelper.cpp:170 [33m[init]: failed initialization in 0.0001 seconds
[0mVioManager.cpp:314 [34m[TIME]: 0.0011 seconds for tracking
[0mROS1Visualizer.cpp:483 [34m[TIME]: 0.0012 seconds total (846.7 hz, 0.25 ms behind)
[0mInertialInitializer.cpp:128 [33m[init]: disparity is 8.719,3.243 (15.00 thresh)
[0mInertialInitializer.cpp:156 [33m[init]: failed static init: no accel jerk detected
[0mVioManagerHelper.cpp:170 [33m[init]: failed initialization in 0.0001 seconds
[0mVioManager.cpp:314 [34m[TIME]: 0.0010 seconds for tracking
[0mROS1Visualizer.cpp:483 [34m[TIME]: 0.0011 seconds total (921.7 hz, 0.25 ms behind)
[0mInertialInitializer.cpp:128 [33m[init]: disparity is 8.597,3.257 (15.00 thresh)
[0mInertialInitializer.cpp:156 [33m[init]: failed static init: no accel jerk detected
[0mVioManagerHelper.cpp:170 [33m[init]: failed initialization in 0.0001 seconds
[0mVioManager.cpp:314 [34m[TIME]: 0.0011 seconds for tracking
[0mROS1Visualizer.cpp:483 [34m[TIME]: 0.0012 seconds total (846.7 hz, 0.25 ms behind)
[0mInertialInitializer.cpp:128 [33m[init]: disparity is 9.519,3.470 (15.00 thresh)
[0mInertialInitializer.cpp:156 [33m[init]: failed static init: no accel jerk detected
[0mVioManagerHelper.cpp:170 [33m[init]: failed initialization in 0.0001 seconds
[0mVioManager.cpp:314 [34m[TIME]: 0.0009 seconds for tracking
[0mROS1Visualizer.cpp:483 [34m[TIME]: 0.0010 seconds total (973.7 hz, 0.25 ms behind)
[0mInertialInitializer.cpp:128 [33m[init]: disparity is 9.178,3.689 (15.00 thresh)
[0mInertialInitializer.cpp:156 [33m[init]: failed static init: no accel jerk detected
[0mVioManagerHelper.cpp:170 [33m[init]: failed initialization in 0.0001 seconds
[0mVioManager.cpp:314 [34m[TIME]: 0.0011 seconds for tracking
[0mROS1Visualizer.cpp:483 [34m[TIME]: 0.0012 seconds total (827.1 hz, 0.25 ms behind)
[0mInertialInitializer.cpp:128 [33m[init]: disparity is 9.040,3.744 (15.00 thresh)
[0mInertialInitializer.cpp:156 [33m[init]: failed static init: no accel jerk detected
[0mVioManagerHelper.cpp:170 [33m[init]: failed initialization in 0.0001 seconds
[0mVioManager.cpp:314 [34m[TIME]: 0.0007 seconds for tracking
[0mROS1Visualizer.cpp:483 [34m[TIME]: 0.0008 seconds total (1240.7 hz, 0.25 ms behind)
[0mInertialInitializer.cpp:128 [33m[init]: disparity is 8.071,3.753 (15.00 thresh)
[0mInertialInitializer.cpp:156 [33m[init]: failed static init: no accel jerk detected
[0mVioManagerHelper.cpp:170 [33m[init]: failed initialization in 0.0001 seconds
[0mVioManager.cpp:314 [34m[TIME]: 0.0011 seconds for tracking
[0mROS1Visualizer.cpp:483 [34m[TIME]: 0.0012 seconds total (848.2 hz, 0.25 ms behind)
[0mInertialInitializer.cpp:128 [33m[init]: disparity is 7.830,3.820 (15.00 thresh)
[0mInertialInitializer.cpp:156 [33m[init]: failed static init: no accel jerk detected
[0mVioManagerHelper.cpp:170 [33m[init]: failed initialization in 0.0001 seconds
[0mVioManager.cpp:314 [34m[TIME]: 0.0010 seconds for tracking
[0mROS1Visualizer.cpp:483 [34m[TIME]: 0.0011 seconds total (928.5 hz, 0.25 ms behind)
[0mInertialInitializer.cpp:128 [33m[init]: disparity is 6.320,4.015 (15.00 thresh)
[0mInertialInitializer.cpp:156 [33m[init]: failed static init: no accel jerk detected
[0mVioManagerHelper.cpp:170 [33m[init]: failed initialization in 0.0001 seconds
[0mVioManager.cpp:314 [34m[TIME]: 0.0011 seconds for tracking
[0mROS1Visualizer.cpp:483 [34m[TIME]: 0.0012 seconds total (841.8 hz, 0.25 ms behind)
[0mInertialInitializer.cpp:128 [33m[init]: disparity is 6.078,4.676 (15.00 thresh)
[0mInertialInitializer.cpp:156 [33m[init]: failed static init: no accel jerk detected
[0mVioManagerHelper.cpp:170 [33m[init]: failed initialization in 0.0000 seconds
[0mVioManager.cpp:314 [34m[TIME]: 0.0009 seconds for tracking
[0mROS1Visualizer.cpp:483 [34m[TIME]: 0.0010 seconds total (1018.3 hz, 0.00 ms behind)
[0mInertialInitializer.cpp:128 [33m[init]: disparity is 6.244,5.414 (15.00 thresh)
[0mInertialInitializer.cpp:156 [33m[init]: failed static init: no accel jerk detected
[0mVioManagerHelper.cpp:170 [33m[init]: failed initialization in 0.0001 seconds
[0mVioManager.cpp:314 [34m[TIME]: 0.0010 seconds for tracking
[0mROS1Visualizer.cpp:483 [34m[TIME]: 0.0011 seconds total (924.2 hz, 0.25 ms behind)
[0mInertialInitializer.cpp:128 [33m[init]: disparity is 5.628,5.483 (15.00 thresh)
[0mInertialInitializer.cpp:156 [33m[init]: failed static init: no accel jerk detected
[0mVioManagerHelper.cpp:170 [33m[init]: failed initialization in 0.0000 seconds
[0mVioManager.cpp:314 [34m[TIME]: 0.0008 seconds for tracking
[0mROS1Visualizer.cpp:483 [34m[TIME]: 0.0009 seconds total (1112.3 hz, 0.25 ms behind)
[0mInertialInitializer.cpp:128 [33m[init]: disparity is 4.719,4.903 (15.00 thresh)
[0mInertialInitializer.cpp:156 [33m[init]: failed static init: no accel jerk detected
[0mVioManagerHelper.cpp:170 [33m[init]: failed initialization in 0.0000 seconds
[0mVioManager.cpp:314 [34m[TIME]: 0.0011 seconds for tracking
[0mROS1Visualizer.cpp:483 [34m[TIME]: 0.0012 seconds total (853.2 hz, 0.25 ms behind)
[0mInertialInitializer.cpp:128 [33m[init]: disparity is 3.982,4.169 (15.00 thresh)
[0mInertialInitializer.cpp:156 [33m[init]: failed static init: no accel jerk detected
[0mVioManagerHelper.cpp:170 [33m[init]: failed initialization in 0.0001 seconds
[0mVioManager.cpp:314 [34m[TIME]: 0.0011 seconds for tracking
[0mROS1Visualizer.cpp:483 [34m[TIME]: 0.0012 seconds total (837.5 hz, 0.00 ms behind)
[0mInertialInitializer.cpp:128 [33m[init]: disparity is 4.072,3.753 (15.00 thresh)
[0mInertialInitializer.cpp:156 [33m[init]: failed static init: no accel jerk detected
[0mVioManagerHelper.cpp:170 [33m[init]: failed initialization in 0.0000 seconds
[0mVioManager.cpp:314 [34m[TIME]: 0.0010 seconds for tracking
[0mROS1Visualizer.cpp:483 [34m[TIME]: 0.0011 seconds total (887.3 hz, 0.25 ms behind)
[0mInertialInitializer.cpp:128 [33m[init]: disparity is 3.740,3.790 (15.00 thresh)
[0mInertialInitializer.cpp:156 [33m[init]: failed static init: no accel jerk detected
[0mVioManagerHelper.cpp:170 [33m[init]: failed initialization in 0.0000 seconds
[0mVioManager.cpp:314 [34m[TIME]: 0.0010 seconds for tracking
[0mROS1Visualizer.cpp:483 [34m[TIME]: 0.0010 seconds total (957.9 hz, 0.25 ms behind)
[0mInertialInitializer.cpp:128 [33m[init]: disparity is 3.831,3.930 (15.00 thresh)
[0mInertialInitializer.cpp:156 [33m[init]: failed static init: no accel jerk detected
[0mVioManagerHelper.cpp:170 [33m[init]: failed initialization in 0.0000 seconds
[0mVioManager.cpp:314 [34m[TIME]: 0.0011 seconds for tracking
[0mROS1Visualizer.cpp:483 [34m[TIME]: 0.0012 seconds total (854.0 hz, 0.25 ms behind)
[0mInertialInitializer.cpp:128 [33m[init]: disparity is 3.907,3.986 (15.00 thresh)
[0mInertialInitializer.cpp:156 [33m[init]: failed static init: no accel jerk detected
[0mVioManagerHelper.cpp:170 [33m[init]: failed initialization in 0.0000 seconds
[0mVioManager.cpp:314 [34m[TIME]: 0.0009 seconds for tracking
[0mROS1Visualizer.cpp:483 [34m[TIME]: 0.0009 seconds total (1075.3 hz, 0.00 ms behind)
[0mInertialInitializer.cpp:128 [33m[init]: disparity is 3.656,3.950 (15.00 thresh)
[0mInertialInitializer.cpp:156 [33m[init]: failed static init: no accel jerk detected
[0mVioManagerHelper.cpp:170 [33m[init]: failed initialization in 0.0000 seconds
[0mVioManager.cpp:314 [34m[TIME]: 0.0010 seconds for tracking
[0mROS1Visualizer.cpp:483 [34m[TIME]: 0.0012 seconds total (863.6 hz, 0.25 ms behind)
[0mInertialInitializer.cpp:128 [33m[init]: disparity is 3.678,3.932 (15.00 thresh)
[0mInertialInitializer.cpp:156 [33m[init]: failed static init: no accel jerk detected
[0mVioManagerHelper.cpp:170 [33m[init]: failed initialization in 0.0000 seconds
[0mVioManager.cpp:314 [34m[TIME]: 0.0011 seconds for tracking
[0mROS1Visualizer.cpp:483 [34m[TIME]: 0.0011 seconds total (873.4 hz, 0.25 ms behind)
[0mInertialInitializer.cpp:128 [33m[init]: disparity is 3.925,3.871 (15.00 thresh)
[0mInertialInitializer.cpp:156 [33m[init]: failed static init: no accel jerk detected
[0mVioManagerHelper.cpp:170 [33m[init]: failed initialization in 0.0000 seconds
[0mVioManager.cpp:314 [34m[TIME]: 0.0009 seconds for tracking
[0mROS1Visualizer.cpp:483 [34m[TIME]: 0.0009 seconds total (1061.6 hz, 0.25 ms behind)
[0mInertialInitializer.cpp:128 [33m[init]: disparity is 4.114,4.001 (15.00 thresh)
[0mInertialInitializer.cpp:156 [33m[init]: failed static init: no accel jerk detected
[0mVioManagerHelper.cpp:170 [33m[init]: failed initialization in 0.0001 seconds
[0mVioManager.cpp:314 [34m[TIME]: 0.0010 seconds for tracking
[0mROS1Visualizer.cpp:483 [34m[TIME]: 0.0011 seconds total (885.7 hz, 0.25 ms behind)
[0mInertialInitializer.cpp:128 [33m[init]: disparity is 4.223,4.521 (15.00 thresh)
[0mInertialInitializer.cpp:156 [33m[init]: failed static init: no accel jerk detected
[0mVioManagerHelper.cpp:170 [33m[init]: failed initialization in 0.0000 seconds
[0mVioManager.cpp:314 [34m[TIME]: 0.0008 seconds for tracking
[0mROS1Visualizer.cpp:483 [34m[TIME]: 0.0009 seconds total (1090.5 hz, 0.25 ms behind)
[0mInertialInitializer.cpp:128 [33m[init]: disparity is 4.323,5.132 (15.00 thresh)
[0mInertialInitializer.cpp:156 [33m[init]: failed static init: no accel jerk detected
[0mVioManagerHelper.cpp:170 [33m[init]: failed initialization in 0.0001 seconds
[0mVioManager.cpp:314 [34m[TIME]: 0.0011 seconds for tracking
[0mROS1Visualizer.cpp:483 [34m[TIME]: 0.0012 seconds total (829.9 hz, 0.25 ms behind)
[0mInertialInitializer.cpp:128 [33m[init]: disparity is 4.520,5.228 (15.00 thresh)
[0mInertialInitializer.cpp:156 [33m[init]: failed static init: no accel jerk detected
[0mVioManagerHelper.cpp:170 [33m[init]: failed initialization in 0.0000 seconds
[0mVioManager.cpp:314 [34m[TIME]: 0.0011 seconds for tracking
[0mROS1Visualizer.cpp:483 [34m[TIME]: 0.0011 seconds total (875.7 hz, 0.25 ms behind)
[0mInertialInitializer.cpp:128 [33m[init]: disparity is 4.869,4.872 (15.00 thresh)
[0mInertialInitializer.cpp:156 [33m[init]: failed static init: no accel jerk detected
[0mVioManagerHelper.cpp:170 [33m[init]: failed initialization in 0.0000 seconds
[0mVioManager.cpp:314 [34m[TIME]: 0.0011 seconds for tracking
[0mROS1Visualizer.cpp:483 [34m[TIME]: 0.0012 seconds total (865.1 hz, 0.25 ms behind)
[0mInertialInitializer.cpp:128 [33m[init]: disparity is 5.341,4.145 (15.00 thresh)
[0mInertialInitializer.cpp:156 [33m[init]: failed static init: no accel jerk detected
[0mVioManagerHelper.cpp:170 [33m[init]: failed initialization in 0.0000 seconds
[0mVioManager.cpp:314 [34m[TIME]: 0.0010 seconds for tracking
[0mROS1Visualizer.cpp:483 [34m[TIME]: 0.0011 seconds total (884.2 hz, 0.25 ms behind)
[0mInertialInitializer.cpp:128 [33m[init]: disparity is 5.578,3.224 (15.00 thresh)
[0mInertialInitializer.cpp:156 [33m[init]: failed static init: no accel jerk detected
[0mVioManagerHelper.cpp:170 [33m[init]: failed initialization in 0.0000 seconds
[0mVioManager.cpp:314 [34m[TIME]: 0.0010 seconds for tracking
[0mROS1Visualizer.cpp:483 [34m[TIME]: 0.0011 seconds total (887.3 hz, 0.25 ms behind)
[0mInertialInitializer.cpp:128 [33m[init]: disparity is 5.268,2.662 (15.00 thresh)
[0mInertialInitializer.cpp:156 [33m[init]: failed static init: no accel jerk detected
[0mVioManagerHelper.cpp:170 [33m[init]: failed initialization in 0.0000 seconds
[0mVioManager.cpp:314 [34m[TIME]: 0.0009 seconds for tracking
[0mROS1Visualizer.cpp:483 [34m[TIME]: 0.0010 seconds total (1008.1 hz, 0.25 ms behind)
[0mInertialInitializer.cpp:128 [33m[init]: disparity is 4.731,2.331 (15.00 thresh)
[0mInertialInitializer.cpp:156 [33m[init]: failed static init: no accel jerk detected
[0mVioManagerHelper.cpp:170 [33m[init]: failed initialization in 0.0001 seconds
[0mVioManager.cpp:314 [34m[TIME]: 0.0011 seconds for tracking
[0mROS1Visualizer.cpp:483 [34m[TIME]: 0.0012 seconds total (841.8 hz, 0.00 ms behind)
[0mInertialInitializer.cpp:128 [33m[init]: disparity is 4.392,2.333 (15.00 thresh)
[0mInertialInitializer.cpp:156 [33m[init]: failed static init: no accel jerk detected
[0mVioManagerHelper.cpp:170 [33m[init]: failed initialization in 0.0000 seconds
[0mVioManager.cpp:314 [34m[TIME]: 0.0011 seconds for tracking
[0mROS1Visualizer.cpp:483 [34m[TIME]: 0.0012 seconds total (842.5 hz, 0.25 ms behind)
[0mInertialInitializer.cpp:128 [33m[init]: disparity is 4.314,2.684 (15.00 thresh)
[0mInertialInitializer.cpp:156 [33m[init]: failed static init: no accel jerk detected
[0mVioManagerHelper.cpp:170 [33m[init]: failed initialization in 0.0000 seconds
[0mVioManager.cpp:314 [34m[TIME]: 0.0009 seconds for tracking
[0mROS1Visualizer.cpp:483 [34m[TIME]: 0.0010 seconds total (1016.3 hz, 0.25 ms behind)
[0mInertialInitializer.cpp:128 [33m[init]: disparity is 4.403,3.217 (15.00 thresh)
[0mInertialInitializer.cpp:156 [33m[init]: failed static init: no accel jerk detected
[0mVioManagerHelper.cpp:170 [33m[init]: failed initialization in 0.0000 seconds
[0mVioManager.cpp:314 [34m[TIME]: 0.0007 seconds for tracking
[0mROS1Visualizer.cpp:483 [34m[TIME]: 0.0008 seconds total (1227.0 hz, 0.25 ms behind)
[0mInertialInitializer.cpp:128 [33m[init]: disparity is 4.488,3.713 (15.00 thresh)
[0mInertialInitializer.cpp:156 [33m[init]: failed static init: no accel jerk detected
[0mVioManagerHelper.cpp:170 [33m[init]: failed initialization in 0.0001 seconds
[0mVioManager.cpp:314 [34m[TIME]: 0.0011 seconds for tracking
[0mROS1Visualizer.cpp:483 [34m[TIME]: 0.0012 seconds total (848.2 hz, 0.00 ms behind)
[0mInertialInitializer.cpp:128 [33m[init]: disparity is 4.533,3.854 (15.00 thresh)
[0mInertialInitializer.cpp:156 [33m[init]: failed static init: no accel jerk detected
[0mVioManagerHelper.cpp:170 [33m[init]: failed initialization in 0.0000 seconds
[0mVioManager.cpp:314 [34m[TIME]: 0.0009 seconds for tracking
[0mROS1Visualizer.cpp:483 [34m[TIME]: 0.0009 seconds total (1063.8 hz, 0.25 ms behind)
[0mInertialInitializer.cpp:128 [33m[init]: disparity is 4.375,3.688 (15.00 thresh)
[0mInertialInitializer.cpp:156 [33m[init]: failed static init: no accel jerk detected
[0mVioManagerHelper.cpp:170 [33m[init]: failed initialization in 0.0000 seconds
[0mVioManager.cpp:314 [34m[TIME]: 0.0011 seconds for tracking
[0mROS1Visualizer.cpp:483 [34m[TIME]: 0.0012 seconds total (853.2 hz, 0.25 ms behind)
[0mInertialInitializer.cpp:128 [33m[init]: disparity is 4.255,3.882 (15.00 thresh)
[0mInertialInitializer.cpp:156 [33m[init]: failed static init: no accel jerk detected
[0mVioManagerHelper.cpp:170 [33m[init]: failed initialization in 0.0000 seconds
[0mVioManager.cpp:314 [34m[TIME]: 0.0010 seconds for tracking
[0mROS1Visualizer.cpp:483 [34m[TIME]: 0.0011 seconds total (926.8 hz, 0.25 ms behind)
[0mInertialInitializer.cpp:128 [33m[init]: disparity is 4.268,4.308 (15.00 thresh)
[0mInertialInitializer.cpp:156 [33m[init]: failed static init: no accel jerk detected
[0mVioManagerHelper.cpp:170 [33m[init]: failed initialization in 0.0000 seconds
[0mVioManager.cpp:314 [34m[TIME]: 0.0010 seconds for tracking
[0mROS1Visualizer.cpp:483 [34m[TIME]: 0.0011 seconds total (942.5 hz, 0.00 ms behind)
[0mInertialInitializer.cpp:128 [33m[init]: disparity is 4.573,4.634 (15.00 thresh)
[0mInertialInitializer.cpp:156 [33m[init]: failed static init: no accel jerk detected
[0mVioManagerHelper.cpp:170 [33m[init]: failed initialization in 0.0000 seconds
[0mVioManager.cpp:314 [34m[TIME]: 0.0011 seconds for tracking
[0mROS1Visualizer.cpp:483 [34m[TIME]: 0.0012 seconds total (859.8 hz, 0.25 ms behind)
[0mInertialInitializer.cpp:128 [33m[init]: disparity is 4.988,5.038 (15.00 thresh)
[0mInertialInitializer.cpp:156 [33m[init]: failed static init: no accel jerk detected
[0mVioManagerHelper.cpp:170 [33m[init]: failed initialization in 0.0000 seconds
[0mVioManager.cpp:314 [34m[TIME]: 0.0011 seconds for tracking
[0mROS1Visualizer.cpp:483 [34m[TIME]: 0.0012 seconds total (866.6 hz, 0.25 ms behind)
[0mInertialInitializer.cpp:128 [33m[init]: disparity is 5.330,5.446 (15.00 thresh)
[0mInertialInitializer.cpp:156 [33m[init]: failed static init: no accel jerk detected
[0mVioManagerHelper.cpp:170 [33m[init]: failed initialization in 0.0000 seconds
[0mVioManager.cpp:314 [34m[TIME]: 0.0011 seconds for tracking
[0mROS1Visualizer.cpp:483 [34m[TIME]: 0.0011 seconds total (874.9 hz, 0.25 ms behind)
[0mInertialInitializer.cpp:128 [33m[init]: disparity is 5.279,5.791 (15.00 thresh)
[0mInertialInitializer.cpp:156 [33m[init]: failed static init: no accel jerk detected
[0mVioManagerHelper.cpp:170 [33m[init]: failed initialization in 0.0000 seconds
[0mVioManager.cpp:314 [34m[TIME]: 0.0009 seconds for tracking
[0mROS1Visualizer.cpp:483 [34m[TIME]: 0.0009 seconds total (1059.3 hz, 0.25 ms behind)
[0mInertialInitializer.cpp:128 [33m[init]: disparity is 4.638,5.903 (15.00 thresh)
[0mInertialInitializer.cpp:156 [33m[init]: failed static init: no accel jerk detected
[0mVioManagerHelper.cpp:170 [33m[init]: failed initialization in 0.0000 seconds
[0mVioManager.cpp:314 [34m[TIME]: 0.0010 seconds for tracking
[0mROS1Visualizer.cpp:483 [34m[TIME]: 0.0011 seconds total (909.9 hz, 0.25 ms behind)
[0mInertialInitializer.cpp:128 [33m[init]: disparity is 3.873,5.973 (15.00 thresh)
[0mInertialInitializer.cpp:156 [33m[init]: failed static init: no accel jerk detected
[0mVioManagerHelper.cpp:170 [33m[init]: failed initialization in 0.0000 seconds
[0mVioManager.cpp:314 [34m[TIME]: 0.0009 seconds for tracking
[0mROS1Visualizer.cpp:483 [34m[TIME]: 0.0010 seconds total (986.2 hz, 0.25 ms behind)
[0mInertialInitializer.cpp:128 [33m[init]: disparity is 3.265,6.283 (15.00 thresh)
[0mInertialInitializer.cpp:156 [33m[init]: failed static init: no accel jerk detected
[0mVioManagerHelper.cpp:170 [33m[init]: failed initialization in 0.0000 seconds
[0mVioManager.cpp:314 [34m[TIME]: 0.0010 seconds for tracking
[0mROS1Visualizer.cpp:483 [34m[TIME]: 0.0011 seconds total (906.6 hz, 0.25 ms behind)
[0mInertialInitializer.cpp:128 [33m[init]: disparity is 3.176,6.507 (15.00 thresh)
[0mInertialInitializer.cpp:156 [33m[init]: failed static init: no accel jerk detected
[0mVioManagerHelper.cpp:170 [33m[init]: failed initialization in 0.0000 seconds
[0mVioManager.cpp:314 [34m[TIME]: 0.0010 seconds for tracking
[0mROS1Visualizer.cpp:483 [34m[TIME]: 0.0011 seconds total (916.6 hz, 0.25 ms behind)
[0mInertialInitializer.cpp:128 [33m[init]: disparity is 3.253,6.843 (15.00 thresh)
[0mInertialInitializer.cpp:156 [33m[init]: failed static init: no accel jerk detected
[0mVioManagerHelper.cpp:170 [33m[init]: failed initialization in 0.0000 seconds
[0mVioManager.cpp:314 [34m[TIME]: 0.0010 seconds for tracking
[0mROS1Visualizer.cpp:483 [34m[TIME]: 0.0011 seconds total (892.1 hz, 0.25 ms behind)
[0mInertialInitializer.cpp:128 [33m[init]: disparity is 3.553,6.729 (15.00 thresh)
[0mInertialInitializer.cpp:156 [33m[init]: failed static init: no accel jerk detected
[0mVioManagerHelper.cpp:170 [33m[init]: failed initialization in 0.0000 seconds
[0mVioManager.cpp:314 [34m[TIME]: 0.0010 seconds for tracking
[0mROS1Visualizer.cpp:483 [34m[TIME]: 0.0010 seconds total (968.1 hz, 0.25 ms behind)
[0mInertialInitializer.cpp:128 [33m[init]: disparity is 3.986,6.231 (15.00 thresh)
[0mInertialInitializer.cpp:156 [33m[init]: failed static init: no accel jerk detected
[0mVioManagerHelper.cpp:170 [33m[init]: failed initialization in 0.0000 seconds
[0mVioManager.cpp:314 [34m[TIME]: 0.0011 seconds for tracking
[0mROS1Visualizer.cpp:483 [34m[TIME]: 0.0012 seconds total (862.1 hz, 0.25 ms behind)
[0mInertialInitializer.cpp:128 [33m[init]: disparity is 4.005,5.681 (15.00 thresh)
[0mInertialInitializer.cpp:156 [33m[init]: failed static init: no accel jerk detected
[0mVioManagerHelper.cpp:170 [33m[init]: failed initialization in 0.0000 seconds
[0mVioManager.cpp:314 [34m[TIME]: 0.0008 seconds for tracking
[0mROS1Visualizer.cpp:483 [34m[TIME]: 0.0009 seconds total (1088.1 hz, 0.00 ms behind)
[0mInertialInitializer.cpp:128 [33m[init]: disparity is 3.838,5.387 (15.00 thresh)
[0mInertialInitializer.cpp:156 [33m[init]: failed static init: no accel jerk detected
[0mVioManagerHelper.cpp:170 [33m[init]: failed initialization in 0.0000 seconds
[0mVioManager.cpp:314 [34m[TIME]: 0.0011 seconds for tracking
[0mROS1Visualizer.cpp:483 [34m[TIME]: 0.0011 seconds total (879.5 hz, 0.25 ms behind)
[0mInertialInitializer.cpp:128 [33m[init]: disparity is 3.842,5.228 (15.00 thresh)
[0mInertialInitializer.cpp:156 [33m[init]: failed static init: no accel jerk detected
[0mVioManagerHelper.cpp:170 [33m[init]: failed initialization in 0.0000 seconds
[0mVioManager.cpp:314 [34m[TIME]: 0.0008 seconds for tracking
[0mROS1Visualizer.cpp:483 [34m[TIME]: 0.0009 seconds total (1175.1 hz, 0.25 ms behind)
[0mInertialInitializer.cpp:128 [33m[init]: disparity is 4.271,4.995 (15.00 thresh)
[0mInertialInitializer.cpp:156 [33m[init]: failed static init: no accel jerk detected
[0mVioManagerHelper.cpp:170 [33m[init]: failed initialization in 0.0000 seconds
[0mVioManager.cpp:314 [34m[TIME]: 0.0010 seconds for tracking
[0mROS1Visualizer.cpp:483 [34m[TIME]: 0.0011 seconds total (928.5 hz, 0.25 ms behind)
[0mInertialInitializer.cpp:128 [33m[init]: disparity is 4.844,4.571 (15.00 thresh)
[0mInertialInitializer.cpp:156 [33m[init]: failed static init: no accel jerk detected
[0mVioManagerHelper.cpp:170 [33m[init]: failed initialization in 0.0000 seconds
[0mVioManager.cpp:314 [34m[TIME]: 0.0008 seconds for tracking
[0mROS1Visualizer.cpp:483 [34m[TIME]: 0.0009 seconds total (1139.0 hz, 0.00 ms behind)
[0mInertialInitializer.cpp:128 [33m[init]: disparity is 5.440,4.789 (15.00 thresh)
[0mInertialInitializer.cpp:156 [33m[init]: failed static init: no accel jerk detected
[0mVioManagerHelper.cpp:170 [33m[init]: failed initialization in 0.0000 seconds
[0mVioManager.cpp:314 [34m[TIME]: 0.0011 seconds for tracking
[0mROS1Visualizer.cpp:483 [34m[TIME]: 0.0012 seconds total (850.3 hz, 0.25 ms behind)
[0mInertialInitializer.cpp:128 [33m[init]: disparity is 5.985,8.508 (15.00 thresh)
[0mInertialInitializer.cpp:156 [33m[init]: failed static init: no accel jerk detected
[0mVioManagerHelper.cpp:170 [33m[init]: failed initialization in 0.0000 seconds
[0mVioManager.cpp:314 [34m[TIME]: 0.0029 seconds for tracking
[0mROS1Visualizer.cpp:483 [34m[TIME]: 0.0030 seconds total (332.7 hz, 0.25 ms behind)
[0mInertialInitializer.cpp:128 [33m[init]: disparity is 6.439,13.339 (15.00 thresh)
[0mInertialInitializer.cpp:156 [33m[init]: failed static init: no accel jerk detected
[0mVioManagerHelper.cpp:170 [33m[init]: failed initialization in 0.0001 seconds
[0mVioManager.cpp:314 [34m[TIME]: 0.0017 seconds for tracking
[0mROS1Visualizer.cpp:483 [34m[TIME]: 0.0017 seconds total (573.1 hz, 0.25 ms behind)
[0mInertialInitializer.cpp:128 [33m[init]: disparity is 6.531,18.708 (15.00 thresh)
[0mInertialInitializer.cpp:139 [32m[init]: USING STATIC INITIALIZER METHOD!
[0mStaticInitializer.cpp:98 [33m[init-s]: IMU excitation stats: 0.129,0.343
[0mStaticInitializer.cpp:102 [33m[init-s]: no IMU excitation, below threshold 0.343 < 0.500
[0mVioManagerHelper.cpp:170 [33m[init]: failed initialization in 0.0001 seconds
[0mVioManager.cpp:314 [34m[TIME]: 0.0013 seconds for tracking
[0mROS1Visualizer.cpp:483 [34m[TIME]: 0.0014 seconds total (714.3 hz, 0.00 ms behind)
[0mInertialInitializer.cpp:128 [33m[init]: disparity is 6.412,19.716 (15.00 thresh)
[0mInertialInitializer.cpp:139 [32m[init]: USING STATIC INITIALIZER METHOD!
[0mStaticInitializer.cpp:98 [33m[init-s]: IMU excitation stats: 0.127,0.413
[0mStaticInitializer.cpp:102 [33m[init-s]: no IMU excitation, below threshold 0.413 < 0.500
[0mVioManagerHelper.cpp:170 [33m[init]: failed initialization in 0.0001 seconds
[0mVioManager.cpp:314 [34m[TIME]: 0.0010 seconds for tracking
[0mROS1Visualizer.cpp:483 [34m[TIME]: 0.0011 seconds total (898.5 hz, 0.25 ms behind)
[0mInertialInitializer.cpp:128 [33m[init]: disparity is 6.453,27.633 (15.00 thresh)
[0mInertialInitializer.cpp:139 [32m[init]: USING STATIC INITIALIZER METHOD!
[0mStaticInitializer.cpp:98 [33m[init-s]: IMU excitation stats: 0.126,0.506
[0mVioManagerHelper.cpp:136 [32m[init]: successful initialization in 0.0002 seconds
[0mVioManagerHelper.cpp:137 [32m[init]: orientation = -0.0061, 0.0033, -0.7071, 0.7071
[0mVioManagerHelper.cpp:139 [32m[init]: bias gyro = 0.0464, -0.0004, 0.0048
[0mVioManagerHelper.cpp:141 [32m[init]: velocity = 0.0000, 0.0000, 0.0000
[0mVioManagerHelper.cpp:142 [32m[init]: bias accel = -0.0003, 0.0009, -0.0639
[0mVioManagerHelper.cpp:144 [32m[init]: position = 0.0000, 0.0000, 0.0000
[0mVioManagerHelper.cpp:164 [33m[init]: moved the state forward 0.00 seconds
[0mVioManager.cpp:314 [34m[TIME]: 0.0011 seconds for tracking
[0mROS1Visualizer.cpp:483 [34m[TIME]: 0.0014 seconds total (736.9 hz, 0.25 ms behind)
[0mVioManager.cpp:349 waiting for enough clone states (1 of 5)....
ROS1Visualizer.cpp:483 [34m[TIME]: 0.0046 seconds total (215.7 hz, 0.25 ms behind)
[0mVioManager.cpp:349 waiting for enough clone states (2 of 5)....
ROS1Visualizer.cpp:483 [34m[TIME]: 0.0023 seconds total (434.4 hz, 0.25 ms behind)
[0mVioManager.cpp:349 waiting for enough clone states (3 of 5)....
ROS1Visualizer.cpp:483 [34m[TIME]: 0.0035 seconds total (286.4 hz, 0.25 ms behind)
[0mVioManager.cpp:349 waiting for enough clone states (4 of 5)....
ROS1Visualizer.cpp:483 [34m[TIME]: 0.0023 seconds total (438.8 hz, 0.25 ms behind)
[0mVioManager.cpp:613 [34m[TIME]: 0.0032 seconds for tracking
[0mVioManager.cpp:614 [34m[TIME]: 0.0002 seconds for propagation
[0mVioManager.cpp:615 [34m[TIME]: 0.0003 seconds for MSCKF update (0 feats)
[0mVioManager.cpp:617 [34m[TIME]: 0.0000 seconds for SLAM update (0 feats)
[0mVioManager.cpp:618 [34m[TIME]: 0.0000 seconds for SLAM delayed init (0 feats)
[0mVioManager.cpp:620 [34m[TIME]: 0.0039 seconds for re-tri & marg (5 clones in state)
[0mVioManager.cpp:628 [34m[TIME]: 0.007582 seconds for total (camera 0 1)
[0mVioManager.cpp:654 q_GtoI = -0.030,0.009,-0.941,0.336 | p_IinG = 0.054,0.073,0.168 | dist = 0.00 (meters)
VioManager.cpp:657 bg = 0.0464,-0.0004,0.0048 | ba = -0.0003,0.0009,-0.0639
VioManager.cpp:662 camera-imu timeoffset = 0.00000
VioManager.cpp:669 cam0 intrinsics = 146.700,146.700,256.000,256.000 | 0.000,0.000,0.000,0.000
VioManager.cpp:669 cam1 intrinsics = 146.700,146.700,256.000,256.000 | 0.000,0.000,0.000,0.000
VioManager.cpp:678 cam0 extrinsics = -0.242,0.242,-0.664,0.664 | 0.000,-0.034,-0.068
VioManager.cpp:678 cam1 extrinsics = -0.330,-0.089,0.243,0.908 | 0.000,-0.034,-0.068
ROS1Visualizer.cpp:483 [34m[TIME]: 0.0077 seconds total (129.5 hz, 0.25 ms behind)
[0mVioManager.cpp:613 [34m[TIME]: 0.0028 seconds for tracking
[0mVioManager.cpp:614 [34m[TIME]: 0.0001 seconds for propagation
[0mVioManager.cpp:615 [34m[TIME]: 0.0011 seconds for MSCKF update (17 feats)
[0mVioManager.cpp:617 [34m[TIME]: 0.0000 seconds for SLAM update (0 feats)
[0mVioManager.cpp:618 [34m[TIME]: 0.0000 seconds for SLAM delayed init (0 feats)
[0mVioManager.cpp:620 [34m[TIME]: 0.0009 seconds for re-tri & marg (6 clones in state)
[0mVioManager.cpp:628 [34m[TIME]: 0.004945 seconds for total (camera 0 1)
[0mVioManager.cpp:654 q_GtoI = -0.020,-0.000,-0.960,0.279 | p_IinG = -0.006,0.158,0.202 | dist = 0.04 (meters)
VioManager.cpp:657 bg = 0.0322,0.0015,0.0170 | ba = 0.0006,0.0016,-0.0638
VioManager.cpp:662 camera-imu timeoffset = -0.00026
VioManager.cpp:669 cam0 intrinsics = 146.762,146.773,255.928,255.800 | 0.000,0.000,0.000,-0.000
VioManager.cpp:669 cam1 intrinsics = 146.625,146.797,255.840,255.903 | -0.000,-0.000,-0.000,-0.000
VioManager.cpp:678 cam0 extrinsics = -0.242,0.242,-0.664,0.664 | -0.001,-0.034,-0.068
VioManager.cpp:678 cam1 extrinsics = -0.331,-0.088,0.243,0.908 | -0.001,-0.034,-0.068
ROS1Visualizer.cpp:483 [34m[TIME]: 0.0051 seconds total (197.7 hz, 0.25 ms behind)
[0mVioManager.cpp:613 [34m[TIME]: 0.0027 seconds for tracking
[0mVioManager.cpp:614 [34m[TIME]: 0.0001 seconds for propagation
[0mVioManager.cpp:615 [34m[TIME]: 0.0007 seconds for MSCKF update (9 feats)
[0mVioManager.cpp:617 [34m[TIME]: 0.0000 seconds for SLAM update (0 feats)
[0mVioManager.cpp:618 [34m[TIME]: 0.0000 seconds for SLAM delayed init (0 feats)
[0mVioManager.cpp:620 [34m[TIME]: 0.0006 seconds for re-tri & marg (7 clones in state)
[0mVioManager.cpp:628 [34m[TIME]: 0.004207 seconds for total (camera 0 1)
[0mVioManager.cpp:654 q_GtoI = -0.015,-0.002,-0.973,0.229 | p_IinG = 0.002,0.174,0.235 | dist = 0.08 (meters)
VioManager.cpp:657 bg = 0.0238,0.0035,0.0166 | ba = 0.0003,0.0012,-0.0627
VioManager.cpp:662 camera-imu timeoffset = -0.00230
VioManager.cpp:669 cam0 intrinsics = 146.627,146.864,255.980,255.684 | -0.000,-0.000,-0.000,0.000
VioManager.cpp:669 cam1 intrinsics = 146.646,146.754,255.804,255.823 | -0.000,-0.000,-0.000,-0.000
VioManager.cpp:678 cam0 extrinsics = -0.242,0.243,-0.664,0.664 | 0.002,-0.031,-0.067
VioManager.cpp:678 cam1 extrinsics = -0.331,-0.088,0.243,0.908 | -0.002,-0.033,-0.066
ROS1Visualizer.cpp:483 [34m[TIME]: 0.0043 seconds total (232.6 hz, 0.28 ms behind)
[0mVioManager.cpp:613 [34m[TIME]: 0.0027 seconds for tracking
[0mVioManager.cpp:614 [34m[TIME]: 0.0002 seconds for propagation
[0mVioManager.cpp:615 [34m[TIME]: 0.0002 seconds for MSCKF update (2 feats)
[0mVioManager.cpp:617 [34m[TIME]: 0.0000 seconds for SLAM update (0 feats)
[0mVioManager.cpp:618 [34m[TIME]: 0.0000 seconds for SLAM delayed init (0 feats)
[0mVioManager.cpp:620 [34m[TIME]: 0.0013 seconds for re-tri & marg (8 clones in state)
[0mVioManager.cpp:628 [34m[TIME]: 0.004358 seconds for total (camera 0 1)
[0mVioManager.cpp:654 q_GtoI = -0.013,-0.001,-0.983,0.184 | p_IinG = 0.008,0.192,0.269 | dist = 0.12 (meters)
VioManager.cpp:657 bg = 0.0229,0.0027,0.0153 | ba = 0.0003,0.0011,-0.0629
VioManager.cpp:662 camera-imu timeoffset = -0.00159
VioManager.cpp:669 cam0 intrinsics = 146.675,146.885,256.001,255.717 | -0.000,-0.000,-0.000,0.000
VioManager.cpp:669 cam1 intrinsics = 146.656,146.749,255.801,255.813 | 0.000,-0.000,-0.000,-0.000
VioManager.cpp:678 cam0 extrinsics = -0.242,0.243,-0.664,0.664 | 0.001,-0.031,-0.066
VioManager.cpp:678 cam1 extrinsics = -0.331,-0.088,0.243,0.908 | -0.002,-0.033,-0.066
ROS1Visualizer.cpp:483 [34m[TIME]: 0.0045 seconds total (224.6 hz, 0.48 ms behind)
[0mVioManager.cpp:613 [34m[TIME]: 0.0022 seconds for tracking
[0mVioManager.cpp:614 [34m[TIME]: 0.0001 seconds for propagation
[0mVioManager.cpp:615 [34m[TIME]: 0.0000 seconds for MSCKF update (0 feats)
[0mVioManager.cpp:617 [34m[TIME]: 0.0000 seconds for SLAM update (0 feats)
[0mVioManager.cpp:618 [34m[TIME]: 0.0000 seconds for SLAM delayed init (0 feats)
[0mVioManager.cpp:620 [34m[TIME]: 0.0007 seconds for re-tri & marg (9 clones in state)
[0mVioManager.cpp:628 [34m[TIME]: 0.00309 seconds for total (camera 0 1)
[0mVioManager.cpp:654 q_GtoI = -0.011,0.000,-0.990,0.137 | p_IinG = 0.014,0.210,0.304 | dist = 0.16 (meters)
VioManager.cpp:657 bg = 0.0229,0.0027,0.0153 | ba = 0.0003,0.0011,-0.0629
VioManager.cpp:662 camera-imu timeoffset = -0.00159
VioManager.cpp:669 cam0 intrinsics = 146.675,146.885,256.001,255.717 | -0.000,-0.000,-0.000,0.000
VioManager.cpp:669 cam1 intrinsics = 146.656,146.749,255.801,255.813 | 0.000,-0.000,-0.000,-0.000
VioManager.cpp:678 cam0 extrinsics = -0.242,0.243,-0.664,0.664 | 0.001,-0.031,-0.066
VioManager.cpp:678 cam1 extrinsics = -0.331,-0.088,0.243,0.908 | -0.002,-0.033,-0.066
ROS1Visualizer.cpp:483 [34m[TIME]: 0.0032 seconds total (315.6 hz, 0.41 ms behind)
[0mVioManager.cpp:613 [34m[TIME]: 0.0020 seconds for tracking
[0mVioManager.cpp:614 [34m[TIME]: 0.0001 seconds for propagation
[0mVioManager.cpp:615 [34m[TIME]: 0.0001 seconds for MSCKF update (1 feats)
[0mVioManager.cpp:617 [34m[TIME]: 0.0000 seconds for SLAM update (0 feats)
[0mVioManager.cpp:618 [34m[TIME]: 0.0000 seconds for SLAM delayed init (0 feats)
[0mVioManager.cpp:620 [34m[TIME]: 0.0007 seconds for re-tri & marg (10 clones in state)
[0mVioManager.cpp:628 [34m[TIME]: 0.002964 seconds for total (camera 0 1)
[0mVioManager.cpp:654 q_GtoI = -0.009,0.002,-0.995,0.095 | p_IinG = 0.020,0.227,0.339 | dist = 0.20 (meters)
VioManager.cpp:657 bg = 0.0221,0.0020,0.0157 | ba = 0.0003,0.0009,-0.0631
VioManager.cpp:662 camera-imu timeoffset = -0.00201
VioManager.cpp:669 cam0 intrinsics = 146.604,146.917,256.010,255.710 | -0.000,-0.000,0.000,0.000
VioManager.cpp:669 cam1 intrinsics = 146.645,146.747,255.806,255.828 | -0.000,-0.000,-0.000,-0.000
VioManager.cpp:678 cam0 extrinsics = -0.242,0.243,-0.664,0.664 | 0.001,-0.030,-0.066
VioManager.cpp:678 cam1 extrinsics = -0.331,-0.088,0.243,0.908 | -0.002,-0.033,-0.066
ROS1Visualizer.cpp:483 [34m[TIME]: 0.0030 seconds total (327.9 hz, 0.16 ms behind)
[0mVioManager.cpp:613 [34m[TIME]: 0.0024 seconds for tracking
[0mVioManager.cpp:614 [34m[TIME]: 0.0002 seconds for propagation
[0mVioManager.cpp:615 [34m[TIME]: 0.0003 seconds for MSCKF update (3 feats)
[0mVioManager.cpp:617 [34m[TIME]: 0.0000 seconds for SLAM update (0 feats)
[0mVioManager.cpp:618 [34m[TIME]: 0.0000 seconds for SLAM delayed init (0 feats)
[0mVioManager.cpp:620 [34m[TIME]: 0.0013 seconds for re-tri & marg (11 clones in state)
[0mVioManager.cpp:628 [34m[TIME]: 0.004207 seconds for total (camera 0 1)
[0mVioManager.cpp:654 q_GtoI = -0.009,0.004,-0.998,0.057 | p_IinG = 0.026,0.244,0.372 | dist = 0.24 (meters)
VioManager.cpp:657 bg = 0.0213,0.0021,0.0161 | ba = 0.0002,0.0008,-0.0632
VioManager.cpp:662 camera-imu timeoffset = -0.00265
VioManager.cpp:669 cam0 intrinsics = 146.558,146.933,256.016,255.696 | -0.000,-0.000,0.000,0.000
VioManager.cpp:669 cam1 intrinsics = 146.631,146.744,255.804,255.836 | -0.000,-0.000,-0.000,0.000
VioManager.cpp:678 cam0 extrinsics = -0.242,0.243,-0.664,0.664 | 0.001,-0.030,-0.066
VioManager.cpp:678 cam1 extrinsics = -0.331,-0.088,0.243,0.908 | -0.001,-0.032,-0.066
ROS1Visualizer.cpp:483 [34m[TIME]: 0.0043 seconds total (230.9 hz, 0.45 ms behind)
[0mVioManager.cpp:613 [34m[TIME]: 0.0023 seconds for tracking
[0mVioManager.cpp:614 [34m[TIME]: 0.0001 seconds for propagation
[0mVioManager.cpp:615 [34m[TIME]: 0.0000 seconds for MSCKF update (0 feats)
[0mVioManager.cpp:617 [34m[TIME]: 0.0000 seconds for SLAM update (0 feats)
[0mVioManager.cpp:618 [34m[TIME]: 0.0000 seconds for SLAM delayed init (0 feats)
[0mVioManager.cpp:620 [34m[TIME]: 0.0008 seconds for re-tri & marg (11 clones in state)
[0mVioManager.cpp:628 [34m[TIME]: 0.003183 seconds for total (camera 0 1)
[0mVioManager.cpp:654 q_GtoI = -0.009,0.007,-1.000,0.024 | p_IinG = 0.033,0.259,0.404 | dist = 0.28 (meters)
VioManager.cpp:657 bg = 0.0213,0.0021,0.0161 | ba = 0.0002,0.0008,-0.0632
VioManager.cpp:662 camera-imu timeoffset = -0.00265
VioManager.cpp:669 cam0 intrinsics = 146.558,146.933,256.016,255.696 | -0.000,-0.000,0.000,0.000
VioManager.cpp:669 cam1 intrinsics = 146.631,146.744,255.804,255.836 | -0.000,-0.000,-0.000,0.000
VioManager.cpp:678 cam0 extrinsics = -0.242,0.243,-0.664,0.664 | 0.001,-0.030,-0.066
VioManager.cpp:678 cam1 extrinsics = -0.331,-0.088,0.243,0.908 | -0.001,-0.032,-0.066
ROS1Visualizer.cpp:483 [34m[TIME]: 0.0033 seconds total (307.0 hz, 0.51 ms behind)
[0mVioManager.cpp:613 [34m[TIME]: 0.0022 seconds for tracking
[0mVioManager.cpp:614 [34m[TIME]: 0.0001 seconds for propagation
[0mVioManager.cpp:615 [34m[TIME]: 0.0006 seconds for MSCKF update (3 feats)
[0mVioManager.cpp:617 [34m[TIME]: 0.0000 seconds for SLAM update (0 feats)
[0mVioManager.cpp:618 [34m[TIME]: 0.0000 seconds for SLAM delayed init (0 feats)
[0mVioManager.cpp:620 [34m[TIME]: 0.0008 seconds for re-tri & marg (11 clones in state)
[0mVioManager.cpp:628 [34m[TIME]: 0.003685 seconds for total (camera 0 1)
[0mVioManager.cpp:654 q_GtoI = 0.006,-0.011,1.000,0.009 | p_IinG = 0.031,0.265,0.441 | dist = 0.31 (meters)
VioManager.cpp:657 bg = 0.0201,-0.0018,0.0201 | ba = -0.0002,-0.0013,-0.0668
VioManager.cpp:662 camera-imu timeoffset = -0.00787
VioManager.cpp:669 cam0 intrinsics = 146.562,146.862,255.735,255.763 | -0.001,-0.000,0.000,0.000
VioManager.cpp:669 cam1 intrinsics = 146.780,146.700,255.790,255.651 | 0.001,0.000,-0.000,-0.001
VioManager.cpp:678 cam0 extrinsics = -0.242,0.244,-0.664,0.664 | -0.000,-0.028,-0.064
VioManager.cpp:678 cam1 extrinsics = -0.331,-0.089,0.243,0.908 | 0.003,-0.030,-0.062
ROS1Visualizer.cpp:483 [34m[TIME]: 0.0038 seconds total (265.0 hz, 0.51 ms behind)
[0mVioManager.cpp:613 [34m[TIME]: 0.0021 seconds for tracking
[0mVioManager.cpp:614 [34m[TIME]: 0.0002 seconds for propagation
[0mVioManager.cpp:615 [34m[TIME]: 0.0013 seconds for MSCKF update (5 feats)
[0mVioManager.cpp:617 [34m[TIME]: 0.0000 seconds for SLAM update (0 feats)
[0mVioManager.cpp:618 [34m[TIME]: 0.0000 seconds for SLAM delayed init (0 feats)
[0mVioManager.cpp:620 [34m[TIME]: 0.0008 seconds for re-tri & marg (11 clones in state)
[0mVioManager.cpp:628 [34m[TIME]: 0.004472 seconds for total (camera 0 1)
[0mVioManager.cpp:654 q_GtoI = 0.004,-0.010,0.999,0.032 | p_IinG = 0.018,0.264,0.462 | dist = 0.35 (meters)
VioManager.cpp:657 bg = 0.0123,0.0007,0.0196 | ba = -0.0016,-0.0041,-0.0626
VioManager.cpp:662 camera-imu timeoffset = -0.00572
VioManager.cpp:669 cam0 intrinsics = 146.636,146.777,255.745,255.910 | -0.001,-0.000,0.000,0.000
VioManager.cpp:669 cam1 intrinsics = 146.461,147.119,255.738,256.101 | -0.001,-0.002,-0.001,0.001
VioManager.cpp:678 cam0 extrinsics = -0.242,0.243,-0.664,0.664 | -0.006,-0.028,-0.063
VioManager.cpp:678 cam1 extrinsics = -0.330,-0.089,0.243,0.908 | 0.010,-0.032,-0.064
ROS1Visualizer.cpp:483 [34m[TIME]: 0.0045 seconds total (219.9 hz, 0.79 ms behind)
[0mVioManager.cpp:613 [34m[TIME]: 0.0027 seconds for tracking
[0mVioManager.cpp:614 [34m[TIME]: 0.0002 seconds for propagation
[0mVioManager.cpp:615 [34m[TIME]: 0.0002 seconds for MSCKF update (1 feats)
[0mVioManager.cpp:617 [34m[TIME]: 0.0000 seconds for SLAM update (0 feats)
[0mVioManager.cpp:618 [34m[TIME]: 0.0000 seconds for SLAM delayed init (0 feats)
[0mVioManager.cpp:620 [34m[TIME]: 0.0008 seconds for re-tri & marg (11 clones in state)
[0mVioManager.cpp:628 [34m[TIME]: 0.003925 seconds for total (camera 0 1)
[0mVioManager.cpp:654 q_GtoI = 0.001,-0.010,0.998,0.054 | p_IinG = 0.008,0.279,0.490 | dist = 0.38 (meters)
VioManager.cpp:657 bg = 0.0092,-0.0034,0.0194 | ba = -0.0023,-0.0056,-0.0615
VioManager.cpp:662 camera-imu timeoffset = -0.00571
VioManager.cpp:669 cam0 intrinsics = 146.607,146.751,255.602,256.012 | -0.001,-0.000,0.000,0.000
VioManager.cpp:669 cam1 intrinsics = 146.543,147.058,255.860,256.165 | -0.002,-0.002,-0.001,0.001
VioManager.cpp:678 cam0 extrinsics = -0.242,0.243,-0.664,0.665 | -0.008,-0.026,-0.062
VioManager.cpp:678 cam1 extrinsics = -0.329,-0.089,0.243,0.908 | 0.013,-0.032,-0.064
ROS1Visualizer.cpp:483 [34m[TIME]: 0.0040 seconds total (249.0 hz, 0.82 ms behind)
[0mVioManager.cpp:613 [34m[TIME]: 0.0021 seconds for tracking
[0mVioManager.cpp:614 [34m[TIME]: 0.0001 seconds for propagation
[0mVioManager.cpp:615 [34m[TIME]: 0.0011 seconds for MSCKF update (5 feats)
[0mVioManager.cpp:617 [34m[TIME]: 0.0000 seconds for SLAM update (0 feats)
[0mVioManager.cpp:618 [34m[TIME]: 0.0000 seconds for SLAM delayed init (0 feats)
[0mVioManager.cpp:620 [34m[TIME]: 0.0008 seconds for re-tri & marg (11 clones in state)
[0mVioManager.cpp:628 [34m[TIME]: 0.004165 seconds for total (camera 0 1)
[0mVioManager.cpp:654 q_GtoI = -0.001,-0.007,0.997,0.074 | p_IinG = -0.007,0.307,0.513 | dist = 0.41 (meters)
VioManager.cpp:657 bg = 0.0066,-0.0001,0.0230 | ba = -0.0035,-0.0067,-0.0589
VioManager.cpp:662 camera-imu timeoffset = -0.00883
VioManager.cpp:669 cam0 intrinsics = 146.495,146.712,255.460,256.067 | -0.001,-0.001,-0.000,0.000
VioManager.cpp:669 cam1 intrinsics = 146.645,146.843,255.970,256.170 | -0.001,-0.002,-0.001,0.001
VioManager.cpp:678 cam0 extrinsics = -0.242,0.244,-0.664,0.665 | -0.009,-0.024,-0.059
VioManager.cpp:678 cam1 extrinsics = -0.330,-0.090,0.242,0.908 | 0.013,-0.030,-0.063
ROS1Visualizer.cpp:483 [34m[TIME]: 0.0043 seconds total (235.0 hz, 0.82 ms behind)
[0mVioManager.cpp:613 [34m[TIME]: 0.0022 seconds for tracking
[0mVioManager.cpp:614 [34m[TIME]: 0.0002 seconds for propagation
[0mVioManager.cpp:615 [34m[TIME]: 0.0005 seconds for MSCKF update (3 feats)
[0mVioManager.cpp:617 [34m[TIME]: 0.0000 seconds for SLAM update (0 feats)
[0mVioManager.cpp:618 [34m[TIME]: 0.0000 seconds for SLAM delayed init (0 feats)
[0mVioManager.cpp:620 [34m[TIME]: 0.0008 seconds for re-tri & marg (11 clones in state)
[0mVioManager.cpp:628 [34m[TIME]: 0.003719 seconds for total (camera 0 1)
[0mVioManager.cpp:654 q_GtoI = -0.002,-0.009,0.996,0.083 | p_IinG = -0.027,0.312,0.534 | dist = 0.44 (meters)
VioManager.cpp:657 bg = 0.0082,0.0007,0.0181 | ba = -0.0037,-0.0090,-0.0573
VioManager.cpp:662 camera-imu timeoffset = -0.00717
VioManager.cpp:669 cam0 intrinsics = 146.224,146.679,255.363,256.076 | -0.001,-0.000,0.001,-0.000
VioManager.cpp:669 cam1 intrinsics = 146.821,146.842,255.936,256.225 | -0.000,-0.001,-0.000,0.000
VioManager.cpp:678 cam0 extrinsics = -0.241,0.243,-0.664,0.665 | -0.013,-0.023,-0.059
VioManager.cpp:678 cam1 extrinsics = -0.329,-0.090,0.242,0.908 | 0.016,-0.029,-0.062
ROS1Visualizer.cpp:483 [34m[TIME]: 0.0038 seconds total (263.4 hz, 1.13 ms behind)
[0mVioManager.cpp:613 [34m[TIME]: 0.0021 seconds for tracking
[0mVioManager.cpp:614 [34m[TIME]: 0.0001 seconds for propagation
[0mVioManager.cpp:615 [34m[TIME]: 0.0038 seconds for MSCKF update (24 feats)
[0mVioManager.cpp:617 [34m[TIME]: 0.0000 seconds for SLAM update (0 feats)
[0mVioManager.cpp:618 [34m[TIME]: 0.0000 seconds for SLAM delayed init (0 feats)
[0mVioManager.cpp:620 [34m[TIME]: 0.0008 seconds for re-tri & marg (11 clones in state)
[0mVioManager.cpp:628 [34m[TIME]: 0.006911 seconds for total (camera 0 1)
[0mVioManager.cpp:654 q_GtoI = -0.009,-0.014,0.996,0.089 | p_IinG = -0.090,0.324,0.547 | dist = 0.46 (meters)
VioManager.cpp:657 bg = 0.0057,-0.0069,0.0130 | ba = -0.0028,-0.0161,-0.0504
VioManager.cpp:662 camera-imu timeoffset = -0.00454
VioManager.cpp:669 cam0 intrinsics = 145.923,147.746,254.647,255.859 | 0.000,-0.001,-0.001,0.001
VioManager.cpp:669 cam1 intrinsics = 147.071,146.947,255.942,256.236 | 0.001,-0.001,-0.001,0.001
VioManager.cpp:678 cam0 extrinsics = -0.240,0.244,-0.664,0.665 | -0.019,-0.024,-0.059
VioManager.cpp:678 cam1 extrinsics = -0.329,-0.089,0.243,0.908 | 0.025,-0.025,-0.058
ROS1Visualizer.cpp:483 [34m[TIME]: 0.0070 seconds total (142.2 hz, 0.72 ms behind)
[0mVioManager.cpp:613 [34m[TIME]: 0.0026 seconds for tracking
[0mVioManager.cpp:614 [34m[TIME]: 0.0002 seconds for propagation
[0mVioManager.cpp:615 [34m[TIME]: 0.0018 seconds for MSCKF update (5 feats)
[0mVioManager.cpp:617 [34m[TIME]: 0.0000 seconds for SLAM update (0 feats)
[0mVioManager.cpp:618 [34m[TIME]: 0.0000 seconds for SLAM delayed init (0 feats)
[0mVioManager.cpp:620 [34m[TIME]: 0.0008 seconds for re-tri & marg (11 clones in state)
[0mVioManager.cpp:628 [34m[TIME]: 0.005392 seconds for total (camera 0 1)
[0mVioManager.cpp:654 q_GtoI = -0.011,-0.018,0.996,0.092 | p_IinG = -0.096,0.329,0.565 | dist = 0.48 (meters)
VioManager.cpp:657 bg = 0.0013,-0.0080,0.0086 | ba = -0.0016,-0.0161,-0.0469
VioManager.cpp:662 camera-imu timeoffset = -0.00468
VioManager.cpp:669 cam0 intrinsics = 146.224,147.584,254.674,255.888 | 0.001,-0.001,-0.002,0.001
VioManager.cpp:669 cam1 intrinsics = 147.188,146.836,255.936,256.133 | 0.001,-0.001,-0.001,0.001
VioManager.cpp:678 cam0 extrinsics = -0.241,0.244,-0.664,0.665 | -0.018,-0.025,-0.060
VioManager.cpp:678 cam1 extrinsics = -0.329,-0.090,0.243,0.908 | 0.024,-0.024,-0.058
ROS1Visualizer.cpp:483 [34m[TIME]: 0.0055 seconds total (182.5 hz, 0.70 ms behind)
[0mVioManager.cpp:613 [34m[TIME]: 0.0023 seconds for tracking
[0mVioManager.cpp:614 [34m[TIME]: 0.0002 seconds for propagation
[0mVioManager.cpp:615 [34m[TIME]: 0.0006 seconds for MSCKF update (2 feats)
[0mVioManager.cpp:617 [34m[TIME]: 0.0000 seconds for SLAM update (0 feats)
[0mVioManager.cpp:618 [34m[TIME]: 0.0000 seconds for SLAM delayed init (0 feats)
[0mVioManager.cpp:620 [34m[TIME]: 0.0014 seconds for re-tri & marg (11 clones in state)
[0mVioManager.cpp:628 [34m[TIME]: 0.004439 seconds for total (camera 0 1)
[0mVioManager.cpp:654 q_GtoI = -0.012,-0.020,0.995,0.095 | p_IinG = -0.098,0.330,0.583 | dist = 0.51 (meters)
VioManager.cpp:657 bg = -0.0005,-0.0089,0.0081 | ba = -0.0006,-0.0161,-0.0451
VioManager.cpp:662 camera-imu timeoffset = -0.00462
VioManager.cpp:669 cam0 intrinsics = 146.236,147.603,254.542,255.794 | 0.001,-0.001,-0.002,0.001
VioManager.cpp:669 cam1 intrinsics = 147.195,146.920,255.901,256.155 | 0.001,-0.001,-0.001,0.001
VioManager.cpp:678 cam0 extrinsics = -0.240,0.244,-0.664,0.665 | -0.017,-0.026,-0.061
VioManager.cpp:678 cam1 extrinsics = -0.329,-0.090,0.243,0.908 | 0.023,-0.024,-0.057
ROS1Visualizer.cpp:483 [34m[TIME]: 0.0046 seconds total (219.0 hz, 0.72 ms behind)
[0mVioManager.cpp:613 [34m[TIME]: 0.0018 seconds for tracking
[0mVioManager.cpp:614 [34m[TIME]: 0.0001 seconds for propagation
[0mVioManager.cpp:615 [34m[TIME]: 0.0002 seconds for MSCKF update (1 feats)
[0mVioManager.cpp:617 [34m[TIME]: 0.0000 seconds for SLAM update (0 feats)
[0mVioManager.cpp:618 [34m[TIME]: 0.0000 seconds for SLAM delayed init (0 feats)
[0mVioManager.cpp:620 [34m[TIME]: 0.0009 seconds for re-tri & marg (11 clones in state)
[0mVioManager.cpp:628 [34m[TIME]: 0.003126 seconds for total (camera 0 1)
[0mVioManager.cpp:654 q_GtoI = -0.012,-0.021,0.995,0.095 | p_IinG = -0.102,0.334,0.604 | dist = 0.53 (meters)
VioManager.cpp:657 bg = -0.0007,-0.0092,0.0079 | ba = 0.0001,-0.0159,-0.0459
VioManager.cpp:662 camera-imu timeoffset = -0.00466
VioManager.cpp:669 cam0 intrinsics = 146.250,147.611,254.558,255.802 | 0.001,-0.001,-0.002,0.001
VioManager.cpp:669 cam1 intrinsics = 147.201,147.020,255.863,256.154 | 0.002,-0.001,-0.002,0.001
VioManager.cpp:678 cam0 extrinsics = -0.240,0.244,-0.664,0.665 | -0.016,-0.026,-0.062
VioManager.cpp:678 cam1 extrinsics = -0.329,-0.089,0.243,0.908 | 0.023,-0.024,-0.057
ROS1Visualizer.cpp:483 [34m[TIME]: 0.0032 seconds total (308.3 hz, 0.71 ms behind)
[0mVioManager.cpp:613 [34m[TIME]: 0.0023 seconds for tracking
[0mVioManager.cpp:614 [34m[TIME]: 0.0002 seconds for propagation
[0mVioManager.cpp:615 [34m[TIME]: 0.0006 seconds for MSCKF update (3 feats)
[0mVioManager.cpp:617 [34m[TIME]: 0.0000 seconds for SLAM update (0 feats)
[0mVioManager.cpp:618 [34m[TIME]: 0.0000 seconds for SLAM delayed init (0 feats)
[0mVioManager.cpp:620 [34m[TIME]: 0.0008 seconds for re-tri & marg (11 clones in state)
[0mVioManager.cpp:628 [34m[TIME]: 0.003815 seconds for total (camera 0 1)
[0mVioManager.cpp:654 q_GtoI = -0.012,-0.019,0.995,0.093 | p_IinG = -0.109,0.328,0.623 | dist = 0.55 (meters)
VioManager.cpp:657 bg = -0.0013,-0.0093,0.0075 | ba = 0.0009,-0.0174,-0.0459
VioManager.cpp:662 camera-imu timeoffset = -0.00461
VioManager.cpp:669 cam0 intrinsics = 146.322,147.714,254.580,255.710 | 0.001,-0.001,-0.002,0.001
VioManager.cpp:669 cam1 intrinsics = 147.210,146.975,255.804,256.151 | 0.002,-0.001,-0.001,0.001
VioManager.cpp:678 cam0 extrinsics = -0.240,0.244,-0.664,0.665 | -0.017,-0.025,-0.061
VioManager.cpp:678 cam1 extrinsics = -0.329,-0.089,0.243,0.908 | 0.021,-0.022,-0.056
ROS1Visualizer.cpp:483 [34m[TIME]: 0.0039 seconds total (256.5 hz, 0.47 ms behind)
[0mVioManager.cpp:613 [34m[TIME]: 0.0020 seconds for tracking
[0mVioManager.cpp:614 [34m[TIME]: 0.0001 seconds for propagation
[0mVioManager.cpp:615 [34m[TIME]: 0.0002 seconds for MSCKF update (1 feats)
[0mVioManager.cpp:617 [34m[TIME]: 0.0000 seconds for SLAM update (0 feats)
[0mVioManager.cpp:618 [34m[TIME]: 0.0000 seconds for SLAM delayed init (0 feats)
[0mVioManager.cpp:620 [34m[TIME]: 0.0008 seconds for re-tri & marg (11 clones in state)
[0mVioManager.cpp:628 [34m[TIME]: 0.00314 seconds for total (camera 0 1)
[0mVioManager.cpp:654 q_GtoI = -0.012,-0.019,0.996,0.089 | p_IinG = -0.117,0.330,0.639 | dist = 0.57 (meters)
VioManager.cpp:657 bg = -0.0016,-0.0095,0.0067 | ba = 0.0007,-0.0176,-0.0451
VioManager.cpp:662 camera-imu timeoffset = -0.00466
VioManager.cpp:669 cam0 intrinsics = 146.319,147.687,254.553,255.678 | 0.001,-0.001,-0.002,0.001
VioManager.cpp:669 cam1 intrinsics = 147.237,146.960,255.800,256.148 | 0.002,-0.001,-0.001,0.001
VioManager.cpp:678 cam0 extrinsics = -0.240,0.244,-0.664,0.665 | -0.017,-0.026,-0.062
VioManager.cpp:678 cam1 extrinsics = -0.329,-0.089,0.243,0.908 | 0.021,-0.022,-0.056
ROS1Visualizer.cpp:483 [34m[TIME]: 0.0032 seconds total (310.1 hz, 0.71 ms behind)
[0mVioManager.cpp:613 [34m[TIME]: 0.0019 seconds for tracking
[0mVioManager.cpp:614 [34m[TIME]: 0.0002 seconds for propagation
[0mVioManager.cpp:615 [34m[TIME]: 0.0018 seconds for MSCKF update (5 feats)
[0mVioManager.cpp:617 [34m[TIME]: 0.0000 seconds for SLAM update (0 feats)
[0mVioManager.cpp:618 [34m[TIME]: 0.0000 seconds for SLAM delayed init (0 feats)
[0mVioManager.cpp:620 [34m[TIME]: 0.0013 seconds for re-tri & marg (11 clones in state)
[0mVioManager.cpp:628 [34m[TIME]: 0.005278 seconds for total (camera 0 1)
[0mVioManager.cpp:654 q_GtoI = -0.014,-0.018,0.996,0.081 | p_IinG = -0.125,0.330,0.643 | dist = 0.59 (meters)
VioManager.cpp:657 bg = -0.0045,-0.0085,0.0046 | ba = 0.0019,-0.0172,-0.0390
VioManager.cpp:662 camera-imu timeoffset = -0.00498
VioManager.cpp:669 cam0 intrinsics = 146.387,147.615,254.580,255.765 | 0.001,-0.001,-0.002,0.001
VioManager.cpp:669 cam1 intrinsics = 147.273,146.979,255.853,256.047 | 0.002,-0.001,-0.002,0.001
VioManager.cpp:678 cam0 extrinsics = -0.240,0.244,-0.664,0.665 | -0.016,-0.028,-0.063
VioManager.cpp:678 cam1 extrinsics = -0.329,-0.090,0.242,0.908 | 0.022,-0.023,-0.056
ROS1Visualizer.cpp:483 [34m[TIME]: 0.0054 seconds total (186.9 hz, 0.72 ms behind)
[0mVioManager.cpp:613 [34m[TIME]: 0.0020 seconds for tracking
[0mVioManager.cpp:614 [34m[TIME]: 0.0002 seconds for propagation
[0mVioManager.cpp:615 [34m[TIME]: 0.0001 seconds for MSCKF update (0 feats)
[0mVioManager.cpp:617 [34m[TIME]: 0.0000 seconds for SLAM update (2 feats)
[0mVioManager.cpp:618 [34m[TIME]: 0.0007 seconds for SLAM delayed init (2 feats)
[0mVioManager.cpp:620 [34m[TIME]: 0.0008 seconds for re-tri & marg (11 clones in state)
[0mVioManager.cpp:628 [34m[TIME]: 0.003786 seconds for total (camera 0 1)
[0mVioManager.cpp:654 q_GtoI = -0.016,-0.019,0.997,0.073 | p_IinG = -0.132,0.333,0.659 | dist = 0.60 (meters)
VioManager.cpp:657 bg = -0.0046,-0.0087,0.0035 | ba = 0.0027,-0.0163,-0.0395
VioManager.cpp:662 camera-imu timeoffset = -0.00512
VioManager.cpp:669 cam0 intrinsics = 146.403,147.614,254.596,255.751 | 0.001,-0.000,-0.002,0.001
VioManager.cpp:669 cam1 intrinsics = 147.298,146.963,255.855,256.011 | 0.002,-0.001,-0.002,0.001
VioManager.cpp:678 cam0 extrinsics = -0.240,0.244,-0.664,0.665 | -0.015,-0.028,-0.063
VioManager.cpp:678 cam1 extrinsics = -0.329,-0.090,0.242,0.908 | 0.022,-0.023,-0.056
ROS1Visualizer.cpp:483 [34m[TIME]: 0.0039 seconds total (258.1 hz, 0.75 ms behind)
[0mVioManager.cpp:613 [34m[TIME]: 0.0019 seconds for tracking
[0mVioManager.cpp:614 [34m[TIME]: 0.0001 seconds for propagation
[0mVioManager.cpp:615 [34m[TIME]: 0.0000 seconds for MSCKF update (0 feats)
[0mVioManager.cpp:617 [34m[TIME]: 0.0001 seconds for SLAM update (6 feats)
[0mVioManager.cpp:618 [34m[TIME]: 0.0013 seconds for SLAM delayed init (4 feats)
[0mVioManager.cpp:620 [34m[TIME]: 0.0008 seconds for re-tri & marg (11 clones in state)
[0mVioManager.cpp:628 [34m[TIME]: 0.004104 seconds for total (camera 0 1)
[0mVioManager.cpp:654 q_GtoI = -0.016,-0.021,0.998,0.061 | p_IinG = -0.138,0.325,0.673 | dist = 0.62 (meters)
VioManager.cpp:657 bg = -0.0035,-0.0044,-0.0006 | ba = 0.0081,-0.0162,-0.0403
VioManager.cpp:662 camera-imu timeoffset = -0.00609
VioManager.cpp:669 cam0 intrinsics = 146.457,147.455,254.732,255.691 | 0.001,-0.000,-0.002,0.001
VioManager.cpp:669 cam1 intrinsics = 147.376,146.990,255.782,255.782 | 0.002,-0.001,-0.001,0.000
VioManager.cpp:678 cam0 extrinsics = -0.240,0.243,-0.664,0.665 | -0.014,-0.028,-0.064
VioManager.cpp:678 cam1 extrinsics = -0.329,-0.089,0.243,0.908 | 0.023,-0.024,-0.055
ROS1Visualizer.cpp:483 [34m[TIME]: 0.0042 seconds total (238.2 hz, 0.51 ms behind)
[0mVioManager.cpp:613 [34m[TIME]: 0.0018 seconds for tracking
[0mVioManager.cpp:614 [34m[TIME]: 0.0001 seconds for propagation
[0mVioManager.cpp:615 [34m[TIME]: 0.0000 seconds for MSCKF update (0 feats)
[0mVioManager.cpp:617 [34m[TIME]: 0.0001 seconds for SLAM update (9 feats)
[0mVioManager.cpp:618 [34m[TIME]: 0.0007 seconds for SLAM delayed init (3 feats)
[0mVioManager.cpp:620 [34m[TIME]: 0.0008 seconds for re-tri & marg (11 clones in state)
[0mVioManager.cpp:628 [34m[TIME]: 0.003493 seconds for total (camera 0 1)
[0mVioManager.cpp:654 q_GtoI = -0.019,-0.023,0.998,0.051 | p_IinG = -0.144,0.323,0.689 | dist = 0.64 (meters)
VioManager.cpp:657 bg = -0.0020,-0.0048,-0.0015 | ba = 0.0107,-0.0180,-0.0416
VioManager.cpp:662 camera-imu timeoffset = -0.00619
VioManager.cpp:669 cam0 intrinsics = 146.461,147.475,254.797,255.632 | 0.001,-0.000,-0.002,0.001
VioManager.cpp:669 cam1 intrinsics = 147.445,146.998,255.756,255.809 | 0.002,-0.001,-0.001,0.000
VioManager.cpp:678 cam0 extrinsics = -0.241,0.243,-0.664,0.665 | -0.013,-0.028,-0.064
VioManager.cpp:678 cam1 extrinsics = -0.329,-0.090,0.243,0.908 | 0.022,-0.024,-0.055
ROS1Visualizer.cpp:483 [34m[TIME]: 0.0036 seconds total (279.5 hz, 0.86 ms behind)
[0mVioManager.cpp:613 [34m[TIME]: 0.0017 seconds for tracking
[0mVioManager.cpp:614 [34m[TIME]: 0.0001 seconds for propagation
[0mVioManager.cpp:615 [34m[TIME]: 0.0003 seconds for MSCKF update (2 feats)
[0mVioManager.cpp:617 [34m[TIME]: 0.0002 seconds for SLAM update (13 feats)
[0mVioManager.cpp:618 [34m[TIME]: 0.0009 seconds for SLAM delayed init (4 feats)
[0mVioManager.cpp:620 [34m[TIME]: 0.0008 seconds for re-tri & marg (11 clones in state)
[0mVioManager.cpp:628 [34m[TIME]: 0.00392 seconds for total (camera 0 1)
[0mVioManager.cpp:654 q_GtoI = -0.020,-0.027,0.999,0.043 | p_IinG = -0.152,0.319,0.703 | dist = 0.65 (meters)
VioManager.cpp:657 bg = -0.0013,-0.0040,-0.0004 | ba = 0.0114,-0.0195,-0.0417
VioManager.cpp:662 camera-imu timeoffset = -0.00592
VioManager.cpp:669 cam0 intrinsics = 146.456,147.463,254.876,255.585 | 0.001,-0.000,-0.002,0.001
VioManager.cpp:669 cam1 intrinsics = 147.416,147.029,255.708,255.835 | 0.002,-0.001,-0.001,0.001
VioManager.cpp:678 cam0 extrinsics = -0.241,0.243,-0.664,0.665 | -0.013,-0.027,-0.063
VioManager.cpp:678 cam1 extrinsics = -0.329,-0.089,0.243,0.908 | 0.023,-0.024,-0.055
ROS1Visualizer.cpp:483 [34m[TIME]: 0.0040 seconds total (249.8 hz, 0.87 ms behind)
[0mVioManager.cpp:613 [34m[TIME]: 0.0023 seconds for tracking
[0mVioManager.cpp:614 [34m[TIME]: 0.0002 seconds for propagation
[0mVioManager.cpp:615 [34m[TIME]: 0.0002 seconds for MSCKF update (1 feats)
[0mVioManager.cpp:617 [34m[TIME]: 0.0004 seconds for SLAM update (15 feats)
[0mVioManager.cpp:618 [34m[TIME]: 0.0008 seconds for SLAM delayed init (2 feats)
[0mVioManager.cpp:620 [34m[TIME]: 0.0009 seconds for re-tri & marg (11 clones in state)
[0mVioManager.cpp:628 [34m[TIME]: 0.004841 seconds for total (camera 0 1)
[0mVioManager.cpp:654 q_GtoI = -0.021,-0.030,0.999,0.031 | p_IinG = -0.162,0.314,0.716 | dist = 0.67 (meters)
VioManager.cpp:657 bg = -0.0004,-0.0034,-0.0017 | ba = 0.0115,-0.0210,-0.0416
VioManager.cpp:662 camera-imu timeoffset = -0.00616
VioManager.cpp:669 cam0 intrinsics = 146.468,147.452,254.928,255.558 | 0.001,-0.000,-0.002,0.001
VioManager.cpp:669 cam1 intrinsics = 147.409,147.023,255.461,255.871 | 0.002,-0.001,-0.002,0.001
VioManager.cpp:678 cam0 extrinsics = -0.241,0.243,-0.664,0.665 | -0.014,-0.027,-0.063
VioManager.cpp:678 cam1 extrinsics = -0.329,-0.089,0.243,0.908 | 0.024,-0.024,-0.056
ROS1Visualizer.cpp:483 [34m[TIME]: 0.0049 seconds total (203.5 hz, 0.84 ms behind)
[0mVioManager.cpp:613 [34m[TIME]: 0.0026 seconds for tracking
[0mVioManager.cpp:614 [34m[TIME]: 0.0002 seconds for propagation
[0mVioManager.cpp:615 [34m[TIME]: 0.0001 seconds for MSCKF update (0 feats)
[0mVioManager.cpp:617 [34m[TIME]: 0.0005 seconds for SLAM update (34 feats)
[0mVioManager.cpp:618 [34m[TIME]: 0.0069 seconds for SLAM delayed init (21 feats)
[0mVioManager.cpp:620 [34m[TIME]: 0.0008 seconds for re-tri & marg (11 clones in state)
[0mVioManager.cpp:628 [34m[TIME]: 0.01098 seconds for total (camera 0 1)
[0mVioManager.cpp:654 q_GtoI = -0.022,-0.032,0.999,0.021 | p_IinG = -0.170,0.305,0.722 | dist = 0.69 (meters)
VioManager.cpp:657 bg = 0.0000,-0.0027,-0.0017 | ba = 0.0140,-0.0242,-0.0390
VioManager.cpp:662 camera-imu timeoffset = -0.00618
VioManager.cpp:669 cam0 intrinsics = 146.377,147.469,254.982,255.613 | 0.001,-0.000,-0.002,0.001
VioManager.cpp:669 cam1 intrinsics = 147.404,147.156,255.609,255.772 | 0.002,-0.001,-0.002,0.001
VioManager.cpp:678 cam0 extrinsics = -0.241,0.243,-0.664,0.665 | -0.014,-0.028,-0.065
VioManager.cpp:678 cam1 extrinsics = -0.330,-0.089,0.243,0.908 | 0.024,-0.024,-0.055
ROS1Visualizer.cpp:483 [34m[TIME]: 0.0111 seconds total (89.9 hz, 0.62 ms behind)
[0mVioManager.cpp:613 [34m[TIME]: 0.0020 seconds for tracking
[0mVioManager.cpp:614 [34m[TIME]: 0.0001 seconds for propagation
[0mVioManager.cpp:615 [34m[TIME]: 0.0000 seconds for MSCKF update (0 feats)
[0mVioManager.cpp:617 [34m[TIME]: 0.0011 seconds for SLAM update (39 feats)
[0mVioManager.cpp:618 [34m[TIME]: 0.0020 seconds for SLAM delayed init (6 feats)
[0mVioManager.cpp:620 [34m[TIME]: 0.0008 seconds for re-tri & marg (11 clones in state)
[0mVioManager.cpp:628 [34m[TIME]: 0.006105 seconds for total (camera 0 1)
[0mVioManager.cpp:654 q_GtoI = -0.023,-0.032,0.999,0.012 | p_IinG = -0.179,0.299,0.734 | dist = 0.70 (meters)
VioManager.cpp:657 bg = 0.0003,-0.0024,-0.0007 | ba = 0.0136,-0.0267,-0.0388
VioManager.cpp:662 camera-imu timeoffset = -0.00592
VioManager.cpp:669 cam0 intrinsics = 146.356,147.469,255.008,255.584 | 0.001,-0.000,-0.001,0.001
VioManager.cpp:669 cam1 intrinsics = 147.388,147.171,255.645,255.745 | 0.002,-0.001,-0.002,0.001
VioManager.cpp:678 cam0 extrinsics = -0.241,0.243,-0.664,0.665 | -0.014,-0.028,-0.064
VioManager.cpp:678 cam1 extrinsics = -0.330,-0.089,0.243,0.908 | 0.025,-0.024,-0.055
ROS1Visualizer.cpp:483 [34m[TIME]: 0.0062 seconds total (161.1 hz, 0.87 ms behind)
[0mVioManager.cpp:613 [34m[TIME]: 0.0024 seconds for tracking
[0mVioManager.cpp:614 [34m[TIME]: 0.0002 seconds for propagation
[0mVioManager.cpp:615 [34m[TIME]: 0.0001 seconds for MSCKF update (0 feats)
[0mVioManager.cpp:617 [34m[TIME]: 0.0018 seconds for SLAM update (40 feats)
[0mVioManager.cpp:618 [34m[TIME]: 0.0004 seconds for SLAM delayed init (1 feats)
[0mVioManager.cpp:620 [34m[TIME]: 0.0007 seconds for re-tri & marg (11 clones in state)
[0mVioManager.cpp:628 [34m[TIME]: 0.00564 seconds for total (camera 0 1)
[0mVioManager.cpp:654 q_GtoI = -0.024,-0.030,0.999,0.003 | p_IinG = -0.188,0.293,0.746 | dist = 0.72 (meters)
VioManager.cpp:657 bg = 0.0007,-0.0026,-0.0002 | ba = 0.0133,-0.0290,-0.0390
VioManager.cpp:662 camera-imu timeoffset = -0.00574
VioManager.cpp:669 cam0 intrinsics = 146.319,147.469,255.043,255.571 | 0.001,-0.000,-0.001,0.001
VioManager.cpp:669 cam1 intrinsics = 147.400,147.171,255.682,255.724 | 0.002,-0.001,-0.002,0.001
VioManager.cpp:678 cam0 extrinsics = -0.241,0.243,-0.664,0.665 | -0.014,-0.027,-0.064
VioManager.cpp:678 cam1 extrinsics = -0.330,-0.089,0.243,0.908 | 0.025,-0.025,-0.055
ROS1Visualizer.cpp:483 [34m[TIME]: 0.0057 seconds total (174.1 hz, 0.84 ms behind)
[0mVioManager.cpp:613 [34m[TIME]: 0.0018 seconds for tracking
[0mVioManager.cpp:614 [34m[TIME]: 0.0001 seconds for propagation
[0mVioManager.cpp:615 [34m[TIME]: 0.0000 seconds for MSCKF update (0 feats)
[0mVioManager.cpp:617 [34m[TIME]: 0.0014 seconds for SLAM update (40 feats)
[0mVioManager.cpp:618 [34m[TIME]: 0.0004 seconds for SLAM delayed init (1 feats)
[0mVioManager.cpp:620 [34m[TIME]: 0.0008 seconds for re-tri & marg (11 clones in state)
[0mVioManager.cpp:628 [34m[TIME]: 0.004581 seconds for total (camera 0 1)
[0mVioManager.cpp:654 q_GtoI = 0.024,0.028,-0.999,0.006 | p_IinG = -0.197,0.284,0.757 | dist = 0.74 (meters)
VioManager.cpp:657 bg = 0.0006,-0.0029,0.0003 | ba = 0.0128,-0.0310,-0.0388
VioManager.cpp:662 camera-imu timeoffset = -0.00559
VioManager.cpp:669 cam0 intrinsics = 146.298,147.473,255.074,255.577 | 0.001,-0.000,-0.001,0.001
VioManager.cpp:669 cam1 intrinsics = 147.406,147.146,255.696,255.693 | 0.002,-0.001,-0.002,0.001
VioManager.cpp:678 cam0 extrinsics = -0.241,0.243,-0.664,0.665 | -0.013,-0.027,-0.063
VioManager.cpp:678 cam1 extrinsics = -0.330,-0.089,0.243,0.908 | 0.024,-0.025,-0.055
ROS1Visualizer.cpp:483 [34m[TIME]: 0.0047 seconds total (213.0 hz, 0.82 ms behind)
[0mVioManager.cpp:613 [34m[TIME]: 0.0022 seconds for tracking
[0mVioManager.cpp:614 [34m[TIME]: 0.0002 seconds for propagation
[0mVioManager.cpp:615 [34m[TIME]: 0.0000 seconds for MSCKF update (0 feats)
[0mVioManager.cpp:617 [34m[TIME]: 0.0023 seconds for SLAM update (45 feats)
[0mVioManager.cpp:618 [34m[TIME]: 0.0020 seconds for SLAM delayed init (5 feats)
[0mVioManager.cpp:620 [34m[TIME]: 0.0008 seconds for re-tri & marg (11 clones in state)
[0mVioManager.cpp:628 [34m[TIME]: 0.007462 seconds for total (camera 0 1)
[0mVioManager.cpp:654 q_GtoI = 0.025,0.024,-0.999,0.015 | p_IinG = -0.206,0.275,0.766 | dist = 0.75 (meters)
VioManager.cpp:657 bg = 0.0008,-0.0029,0.0010 | ba = 0.0132,-0.0316,-0.0384
VioManager.cpp:662 camera-imu timeoffset = -0.00529
VioManager.cpp:669 cam0 intrinsics = 146.252,147.458,255.103,255.586 | 0.001,-0.000,-0.001,0.001
VioManager.cpp:669 cam1 intrinsics = 147.440,147.090,255.741,255.671 | 0.002,-0.001,-0.002,0.001
VioManager.cpp:678 cam0 extrinsics = -0.241,0.243,-0.664,0.665 | -0.014,-0.027,-0.063
VioManager.cpp:678 cam1 extrinsics = -0.330,-0.089,0.243,0.908 | 0.024,-0.026,-0.055
ROS1Visualizer.cpp:483 [34m[TIME]: 0.0076 seconds total (132.2 hz, 0.56 ms behind)
[0mVioManager.cpp:613 [34m[TIME]: 0.0023 seconds for tracking
[0mVioManager.cpp:614 [34m[TIME]: 0.0002 seconds for propagation
[0mVioManager.cpp:615 [34m[TIME]: 0.0005 seconds for MSCKF update (1 feats)
[0mVioManager.cpp:617 [34m[TIME]: 0.0020 seconds for SLAM update (46 feats)
[0mVioManager.cpp:618 [34m[TIME]: 0.0008 seconds for SLAM delayed init (2 feats)
[0mVioManager.cpp:620 [34m[TIME]: 0.0008 seconds for re-tri & marg (11 clones in state)
[0mVioManager.cpp:628 [34m[TIME]: 0.006517 seconds for total (camera 0 1)
[0mVioManager.cpp:654 q_GtoI = 0.026,0.021,-0.999,0.023 | p_IinG = -0.218,0.265,0.777 | dist = 0.77 (meters)
VioManager.cpp:657 bg = 0.0012,-0.0029,0.0014 | ba = 0.0108,-0.0332,-0.0386
VioManager.cpp:662 camera-imu timeoffset = -0.00507
VioManager.cpp:669 cam0 intrinsics = 146.195,147.436,255.126,255.588 | 0.001,0.000,-0.001,0.001
VioManager.cpp:669 cam1 intrinsics = 147.426,147.040,255.730,255.639 | 0.002,-0.001,-0.002,0.001
VioManager.cpp:678 cam0 extrinsics = -0.241,0.243,-0.664,0.665 | -0.015,-0.026,-0.063
VioManager.cpp:678 cam1 extrinsics = -0.330,-0.089,0.243,0.908 | 0.024,-0.027,-0.055
ROS1Visualizer.cpp:483 [34m[TIME]: 0.0066 seconds total (150.8 hz, 0.78 ms behind)
[0mVioManager.cpp:613 [34m[TIME]: 0.0018 seconds for tracking
[0mVioManager.cpp:614 [34m[TIME]: 0.0002 seconds for propagation
[0mVioManager.cpp:615 [34m[TIME]: 0.0004 seconds for MSCKF update (1 feats)
[0mVioManager.cpp:617 [34m[TIME]: 0.0017 seconds for SLAM update (46 feats)
[0mVioManager.cpp:618 [34m[TIME]: 0.0008 seconds for SLAM delayed init (2 feats)
[0mVioManager.cpp:620 [34m[TIME]: 0.0009 seconds for re-tri & marg (11 clones in state)
[0mVioManager.cpp:628 [34m[TIME]: 0.005827 seconds for total (camera 0 1)
[0mVioManager.cpp:654 q_GtoI = 0.026,0.017,-0.999,0.031 | p_IinG = -0.228,0.254,0.785 | dist = 0.79 (meters)
VioManager.cpp:657 bg = 0.0012,-0.0032,0.0015 | ba = 0.0080,-0.0347,-0.0380
VioManager.cpp:662 camera-imu timeoffset = -0.00499
VioManager.cpp:669 cam0 intrinsics = 146.160,147.451,255.164,255.585 | 0.001,0.000,-0.001,0.000
VioManager.cpp:669 cam1 intrinsics = 147.446,147.000,255.739,255.610 | 0.002,-0.001,-0.002,0.001
VioManager.cpp:678 cam0 extrinsics = -0.241,0.243,-0.664,0.665 | -0.014,-0.025,-0.063
VioManager.cpp:678 cam1 extrinsics = -0.330,-0.088,0.243,0.908 | 0.023,-0.028,-0.054
ROS1Visualizer.cpp:483 [34m[TIME]: 0.0059 seconds total (168.5 hz, 0.76 ms behind)
[0mVioManager.cpp:613 [34m[TIME]: 0.0020 seconds for tracking
[0mVioManager.cpp:614 [34m[TIME]: 0.0001 seconds for propagation
[0mVioManager.cpp:615 [34m[TIME]: 0.0001 seconds for MSCKF update (0 feats)
[0mVioManager.cpp:617 [34m[TIME]: 0.0018 seconds for SLAM update (43 feats)
[0mVioManager.cpp:618 [34m[TIME]: 0.0000 seconds for SLAM delayed init (0 feats)
[0mVioManager.cpp:620 [34m[TIME]: 0.0008 seconds for re-tri & marg (11 clones in state)
[0mVioManager.cpp:628 [34m[TIME]: 0.00474 seconds for total (camera 0 1)
[0mVioManager.cpp:654 q_GtoI = 0.025,0.014,-0.999,0.038 | p_IinG = -0.239,0.242,0.791 | dist = 0.81 (meters)
VioManager.cpp:657 bg = 0.0012,-0.0032,0.0018 | ba = 0.0056,-0.0360,-0.0374
VioManager.cpp:662 camera-imu timeoffset = -0.00485
VioManager.cpp:669 cam0 intrinsics = 146.142,147.445,255.213,255.586 | 0.001,0.000,-0.001,0.000
VioManager.cpp:669 cam1 intrinsics = 147.458,146.948,255.741,255.576 | 0.003,-0.001,-0.002,0.001
VioManager.cpp:678 cam0 extrinsics = -0.241,0.243,-0.664,0.665 | -0.014,-0.024,-0.063
VioManager.cpp:678 cam1 extrinsics = -0.330,-0.088,0.243,0.908 | 0.022,-0.028,-0.054
ROS1Visualizer.cpp:483 [34m[TIME]: 0.0048 seconds total (206.9 hz, 0.75 ms behind)
[0mVioManager.cpp:613 [34m[TIME]: 0.0020 seconds for tracking
[0mVioManager.cpp:614 [34m[TIME]: 0.0001 seconds for propagation
[0mVioManager.cpp:615 [34m[TIME]: 0.0004 seconds for MSCKF update (1 feats)
[0mVioManager.cpp:617 [34m[TIME]: 0.0016 seconds for SLAM update (43 feats)
[0mVioManager.cpp:618 [34m[TIME]: 0.0008 seconds for SLAM delayed init (2 feats)
[0mVioManager.cpp:620 [34m[TIME]: 0.0008 seconds for re-tri & marg (11 clones in state)
[0mVioManager.cpp:628 [34m[TIME]: 0.005735 seconds for total (camera 0 1)
[0mVioManager.cpp:654 q_GtoI = 0.023,0.011,-0.999,0.045 | p_IinG = -0.250,0.229,0.797 | dist = 0.83 (meters)
VioManager.cpp:657 bg = 0.0012,-0.0034,0.0019 | ba = 0.0020,-0.0368,-0.0369
VioManager.cpp:662 camera-imu timeoffset = -0.00477
VioManager.cpp:669 cam0 intrinsics = 146.138,147.425,255.268,255.597 | 0.001,0.000,-0.001,0.000
VioManager.cpp:669 cam1 intrinsics = 147.461,146.885,255.718,255.541 | 0.002,-0.001,-0.002,0.001
VioManager.cpp:678 cam0 extrinsics = -0.241,0.243,-0.664,0.665 | -0.014,-0.023,-0.063
VioManager.cpp:678 cam1 extrinsics = -0.330,-0.088,0.243,0.908 | 0.021,-0.030,-0.053
ROS1Visualizer.cpp:483 [34m[TIME]: 0.0058 seconds total (171.1 hz, 0.49 ms behind)
[0mVioManager.cpp:613 [34m[TIME]: 0.0020 seconds for tracking
[0mVioManager.cpp:614 [34m[TIME]: 0.0002 seconds for propagation
[0mVioManager.cpp:615 [34m[TIME]: 0.0001 seconds for MSCKF update (0 feats)
[0mVioManager.cpp:617 [34m[TIME]: 0.0027 seconds for SLAM update (43 feats)
[0mVioManager.cpp:618 [34m[TIME]: 0.0000 seconds for SLAM delayed init (0 feats)
[0mVioManager.cpp:620 [34m[TIME]: 0.0008 seconds for re-tri & marg (11 clones in state)
[0mVioManager.cpp:628 [34m[TIME]: 0.00575 seconds for total (camera 0 1)
[0mVioManager.cpp:654 q_GtoI = 0.021,0.010,-0.998,0.052 | p_IinG = -0.263,0.216,0.802 | dist = 0.85 (meters)
VioManager.cpp:657 bg = 0.0014,-0.0034,0.0017 | ba = -0.0009,-0.0365,-0.0362
VioManager.cpp:662 camera-imu timeoffset = -0.00477
VioManager.cpp:669 cam0 intrinsics = 146.121,147.420,255.305,255.595 | 0.001,0.000,-0.001,0.000
VioManager.cpp:669 cam1 intrinsics = 147.460,146.873,255.710,255.565 | 0.003,-0.001,-0.002,0.001
VioManager.cpp:678 cam0 extrinsics = -0.241,0.243,-0.664,0.665 | -0.015,-0.021,-0.062
VioManager.cpp:678 cam1 extrinsics = -0.330,-0.088,0.243,0.908 | 0.021,-0.030,-0.052
ROS1Visualizer.cpp:483 [34m[TIME]: 0.0059 seconds total (170.8 hz, 0.73 ms behind)
[0mVioManager.cpp:613 [34m[TIME]: 0.0020 seconds for tracking
[0mVioManager.cpp:614 [34m[TIME]: 0.0001 seconds for propagation
[0mVioManager.cpp:615 [34m[TIME]: 0.0002 seconds for MSCKF update (1 feats)
[0mVioManager.cpp:617 [34m[TIME]: 0.0023 seconds for SLAM update (42 feats)
[0mVioManager.cpp:618 [34m[TIME]: 0.0001 seconds for SLAM delayed init (0 feats)
[0mVioManager.cpp:620 [34m[TIME]: 0.0013 seconds for re-tri & marg (11 clones in state)
[0mVioManager.cpp:628 [34m[TIME]: 0.006016 seconds for total (camera 0 1)
[0mVioManager.cpp:654 q_GtoI = 0.019,0.009,-0.998,0.058 | p_IinG = -0.276,0.203,0.805 | dist = 0.87 (meters)
VioManager.cpp:657 bg = 0.0014,-0.0033,0.0016 | ba = -0.0037,-0.0369,-0.0354
VioManager.cpp:662 camera-imu timeoffset = -0.00473
VioManager.cpp:669 cam0 intrinsics = 146.124,147.416,255.364,255.603 | 0.001,0.001,-0.001,0.000
VioManager.cpp:669 cam1 intrinsics = 147.463,146.836,255.699,255.575 | 0.003,-0.001,-0.002,0.001
VioManager.cpp:678 cam0 extrinsics = -0.242,0.242,-0.664,0.665 | -0.015,-0.020,-0.062
VioManager.cpp:678 cam1 extrinsics = -0.330,-0.088,0.243,0.908 | 0.020,-0.031,-0.051
ROS1Visualizer.cpp:483 [34m[TIME]: 0.0062 seconds total (161.8 hz, 0.73 ms behind)
[0mVioManager.cpp:613 [34m[TIME]: 0.0019 seconds for tracking
[0mVioManager.cpp:614 [34m[TIME]: 0.0001 seconds for propagation
[0mVioManager.cpp:615 [34m[TIME]: 0.0001 seconds for MSCKF update (1 feats)
[0mVioManager.cpp:617 [34m[TIME]: 0.0016 seconds for SLAM update (41 feats)
[0mVioManager.cpp:618 [34m[TIME]: 0.0001 seconds for SLAM delayed init (0 feats)
[0mVioManager.cpp:620 [34m[TIME]: 0.0008 seconds for re-tri & marg (11 clones in state)
[0mVioManager.cpp:628 [34m[TIME]: 0.004649 seconds for total (camera 0 1)
[0mVioManager.cpp:654 q_GtoI = 0.016,0.008,-0.998,0.063 | p_IinG = -0.287,0.189,0.807 | dist = 0.89 (meters)
VioManager.cpp:657 bg = 0.0014,-0.0032,0.0015 | ba = -0.0065,-0.0370,-0.0342
VioManager.cpp:662 camera-imu timeoffset = -0.00474
VioManager.cpp:669 cam0 intrinsics = 146.131,147.416,255.423,255.622 | 0.001,0.001,-0.001,0.000
VioManager.cpp:669 cam1 intrinsics = 147.461,146.838,255.692,255.576 | 0.003,-0.001,-0.002,0.001
VioManager.cpp:678 cam0 extrinsics = -0.242,0.242,-0.664,0.665 | -0.016,-0.019,-0.061
VioManager.cpp:678 cam1 extrinsics = -0.330,-0.088,0.243,0.908 | 0.019,-0.031,-0.051
ROS1Visualizer.cpp:483 [34m[TIME]: 0.0047 seconds total (210.7 hz, 0.72 ms behind)
[0mVioManager.cpp:613 [34m[TIME]: 0.0022 seconds for tracking
[0mVioManager.cpp:614 [34m[TIME]: 0.0002 seconds for propagation
[0mVioManager.cpp:615 [34m[TIME]: 0.0010 seconds for MSCKF update (3 feats)
[0mVioManager.cpp:617 [34m[TIME]: 0.0014 seconds for SLAM update (39 feats)
[0mVioManager.cpp:618 [34m[TIME]: 0.0002 seconds for SLAM delayed init (0 feats)
[0mVioManager.cpp:620 [34m[TIME]: 0.0008 seconds for re-tri & marg (11 clones in state)
[0mVioManager.cpp:628 [34m[TIME]: 0.005749 seconds for total (camera 0 1)
[0mVioManager.cpp:654 q_GtoI = 0.014,0.007,-0.998,0.068 | p_IinG = -0.302,0.177,0.810 | dist = 0.91 (meters)
VioManager.cpp:657 bg = 0.0016,-0.0030,0.0014 | ba = -0.0085,-0.0377,-0.0338
VioManager.cpp:662 camera-imu timeoffset = -0.00470
VioManager.cpp:669 cam0 intrinsics = 146.129,147.408,255.478,255.643 | 0.001,0.001,-0.000,0.000
VioManager.cpp:669 cam1 intrinsics = 147.463,146.851,255.698,255.584 | 0.003,-0.001,-0.002,0.001
VioManager.cpp:678 cam0 extrinsics = -0.242,0.242,-0.664,0.665 | -0.017,-0.019,-0.061
VioManager.cpp:678 cam1 extrinsics = -0.330,-0.088,0.243,0.908 | 0.018,-0.031,-0.051
ROS1Visualizer.cpp:483 [34m[TIME]: 0.0059 seconds total (170.7 hz, 0.47 ms behind)
[0mVioManager.cpp:613 [34m[TIME]: 0.0020 seconds for tracking
[0mVioManager.cpp:614 [34m[TIME]: 0.0001 seconds for propagation
[0mVioManager.cpp:615 [34m[TIME]: 0.0001 seconds for MSCKF update (0 feats)
[0mVioManager.cpp:617 [34m[TIME]: 0.0014 seconds for SLAM update (36 feats)
[0mVioManager.cpp:618 [34m[TIME]: 0.0001 seconds for SLAM delayed init (0 feats)
[0mVioManager.cpp:620 [34m[TIME]: 0.0007 seconds for re-tri & marg (11 clones in state)
[0mVioManager.cpp:628 [34m[TIME]: 0.004466 seconds for total (camera 0 1)
[0mVioManager.cpp:654 q_GtoI = 0.012,0.006,-0.997,0.073 | p_IinG = -0.315,0.164,0.812 | dist = 0.93 (meters)
VioManager.cpp:657 bg = 0.0015,-0.0028,0.0014 | ba = -0.0099,-0.0379,-0.0333
VioManager.cpp:662 camera-imu timeoffset = -0.00470
VioManager.cpp:669 cam0 intrinsics = 146.149,147.397,255.523,255.661 | 0.001,0.001,-0.000,0.000
VioManager.cpp:669 cam1 intrinsics = 147.445,146.857,255.686,255.598 | 0.003,-0.001,-0.002,0.001
VioManager.cpp:678 cam0 extrinsics = -0.242,0.242,-0.664,0.665 | -0.017,-0.019,-0.061
VioManager.cpp:678 cam1 extrinsics = -0.330,-0.088,0.243,0.908 | 0.018,-0.032,-0.050
ROS1Visualizer.cpp:483 [34m[TIME]: 0.0046 seconds total (218.6 hz, 0.72 ms behind)
[0mVioManager.cpp:613 [34m[TIME]: 0.0021 seconds for tracking
[0mVioManager.cpp:614 [34m[TIME]: 0.0001 seconds for propagation
[0mVioManager.cpp:615 [34m[TIME]: 0.0001 seconds for MSCKF update (0 feats)
[0mVioManager.cpp:617 [34m[TIME]: 0.0012 seconds for SLAM update (34 feats)
[0mVioManager.cpp:618 [34m[TIME]: 0.0004 seconds for SLAM delayed init (1 feats)
[0mVioManager.cpp:620 [34m[TIME]: 0.0007 seconds for re-tri & marg (11 clones in state)
[0mVioManager.cpp:628 [34m[TIME]: 0.00458 seconds for total (camera 0 1)
[0mVioManager.cpp:654 q_GtoI = 0.010,0.005,-0.997,0.076 | p_IinG = -0.328,0.151,0.813 | dist = 0.94 (meters)
VioManager.cpp:657 bg = 0.0014,-0.0026,0.0014 | ba = -0.0109,-0.0382,-0.0329
VioManager.cpp:662 camera-imu timeoffset = -0.00468
VioManager.cpp:669 cam0 intrinsics = 146.165,147.384,255.558,255.670 | 0.001,0.001,-0.000,0.000
VioManager.cpp:669 cam1 intrinsics = 147.432,146.850,255.671,255.597 | 0.003,-0.001,-0.002,0.001
VioManager.cpp:678 cam0 extrinsics = -0.242,0.242,-0.664,0.665 | -0.018,-0.019,-0.061
VioManager.cpp:678 cam1 extrinsics = -0.330,-0.088,0.243,0.908 | 0.018,-0.032,-0.050
ROS1Visualizer.cpp:483 [34m[TIME]: 0.0047 seconds total (213.7 hz, 0.72 ms behind)
[0mVioManager.cpp:613 [34m[TIME]: 0.0021 seconds for tracking
[0mVioManager.cpp:614 [34m[TIME]: 0.0001 seconds for propagation
[0mVioManager.cpp:615 [34m[TIME]: 0.0000 seconds for MSCKF update (0 feats)
[0mVioManager.cpp:617 [34m[TIME]: 0.0012 seconds for SLAM update (34 feats)
[0mVioManager.cpp:618 [34m[TIME]: 0.0000 seconds for SLAM delayed init (0 feats)
[0mVioManager.cpp:620 [34m[TIME]: 0.0007 seconds for re-tri & marg (11 clones in state)
[0mVioManager.cpp:628 [34m[TIME]: 0.004213 seconds for total (camera 0 1)
[0mVioManager.cpp:654 q_GtoI = 0.010,0.005,-0.997,0.080 | p_IinG = -0.339,0.139,0.813 | dist = 0.96 (meters)
VioManager.cpp:657 bg = 0.0013,-0.0025,0.0014 | ba = -0.0126,-0.0386,-0.0323
VioManager.cpp:662 camera-imu timeoffset = -0.00467
VioManager.cpp:669 cam0 intrinsics = 146.194,147.359,255.601,255.686 | 0.001,0.001,-0.000,0.000
VioManager.cpp:669 cam1 intrinsics = 147.420,146.852,255.644,255.594 | 0.003,-0.000,-0.002,0.001
VioManager.cpp:678 cam0 extrinsics = -0.242,0.242,-0.664,0.665 | -0.018,-0.019,-0.061
VioManager.cpp:678 cam1 extrinsics = -0.330,-0.088,0.242,0.908 | 0.017,-0.032,-0.049
ROS1Visualizer.cpp:483 [34m[TIME]: 0.0043 seconds total (232.2 hz, 0.72 ms behind)
[0mVioManager.cpp:613 [34m[TIME]: 0.0020 seconds for tracking
[0mVioManager.cpp:614 [34m[TIME]: 0.0001 seconds for propagation
[0mVioManager.cpp:615 [34m[TIME]: 0.0000 seconds for MSCKF update (0 feats)
[0mVioManager.cpp:617 [34m[TIME]: 0.0013 seconds for SLAM update (34 feats)
[0mVioManager.cpp:618 [34m[TIME]: 0.0000 seconds for SLAM delayed init (0 feats)
[0mVioManager.cpp:620 [34m[TIME]: 0.0008 seconds for re-tri & marg (11 clones in state)
[0mVioManager.cpp:628 [34m[TIME]: 0.004257 seconds for total (camera 0 1)
[0mVioManager.cpp:654 q_GtoI = 0.011,0.004,-0.997,0.083 | p_IinG = -0.350,0.128,0.812 | dist = 0.98 (meters)
VioManager.cpp:657 bg = 0.0012,-0.0023,0.0014 | ba = -0.0141,-0.0391,-0.0316
VioManager.cpp:662 camera-imu timeoffset = -0.00466
VioManager.cpp:669 cam0 intrinsics = 146.229,147.339,255.640,255.700 | 0.001,0.001,-0.000,0.000
VioManager.cpp:669 cam1 intrinsics = 147.408,146.853,255.616,255.583 | 0.003,-0.000,-0.002,0.001
VioManager.cpp:678 cam0 extrinsics = -0.242,0.242,-0.664,0.665 | -0.018,-0.018,-0.061
VioManager.cpp:678 cam1 extrinsics = -0.330,-0.088,0.242,0.908 | 0.017,-0.033,-0.049
ROS1Visualizer.cpp:483 [34m[TIME]: 0.0044 seconds total (229.1 hz, 0.72 ms behind)
[0mVioManager.cpp:613 [34m[TIME]: 0.0018 seconds for tracking
[0mVioManager.cpp:614 [34m[TIME]: 0.0002 seconds for propagation
[0mVioManager.cpp:615 [34m[TIME]: 0.0000 seconds for MSCKF update (0 feats)
[0mVioManager.cpp:617 [34m[TIME]: 0.0013 seconds for SLAM update (34 feats)
[0mVioManager.cpp:618 [34m[TIME]: 0.0000 seconds for SLAM delayed init (0 feats)
[0mVioManager.cpp:620 [34m[TIME]: 0.0008 seconds for re-tri & marg (11 clones in state)
[0mVioManager.cpp:628 [34m[TIME]: 0.004104 seconds for total (camera 0 1)
[0mVioManager.cpp:654 q_GtoI = 0.012,0.003,-0.996,0.085 | p_IinG = -0.361,0.117,0.811 | dist = 1.00 (meters)
VioManager.cpp:657 bg = 0.0011,-0.0022,0.0014 | ba = -0.0156,-0.0394,-0.0311
VioManager.cpp:662 camera-imu timeoffset = -0.00466
VioManager.cpp:669 cam0 intrinsics = 146.263,147.326,255.671,255.706 | 0.001,0.001,-0.000,0.000
VioManager.cpp:669 cam1 intrinsics = 147.401,146.842,255.587,255.566 | 0.003,-0.000,-0.002,0.001
VioManager.cpp:678 cam0 extrinsics = -0.242,0.242,-0.664,0.665 | -0.018,-0.018,-0.061
VioManager.cpp:678 cam1 extrinsics = -0.330,-0.088,0.242,0.908 | 0.016,-0.033,-0.049
ROS1Visualizer.cpp:483 [34m[TIME]: 0.0042 seconds total (238.0 hz, 0.72 ms behind)
[0mVioManager.cpp:613 [34m[TIME]: 0.0018 seconds for tracking
[0mVioManager.cpp:614 [34m[TIME]: 0.0001 seconds for propagation
[0mVioManager.cpp:615 [34m[TIME]: 0.0004 seconds for MSCKF update (2 feats)
[0mVioManager.cpp:617 [34m[TIME]: 0.0012 seconds for SLAM update (36 feats)
[0mVioManager.cpp:618 [34m[TIME]: 0.0007 seconds for SLAM delayed init (2 feats)
[0mVioManager.cpp:620 [34m[TIME]: 0.0007 seconds for re-tri & marg (11 clones in state)
[0mVioManager.cpp:628 [34m[TIME]: 0.004904 seconds for total (camera 0 1)
[0mVioManager.cpp:654 q_GtoI = 0.013,0.003,-0.996,0.087 | p_IinG = -0.370,0.106,0.808 | dist = 1.01 (meters)
VioManager.cpp:657 bg = 0.0008,-0.0024,0.0016 | ba = -0.0168,-0.0382,-0.0301
VioManager.cpp:662 camera-imu timeoffset = -0.00460
VioManager.cpp:669 cam0 intrinsics = 146.330,147.275,255.717,255.714 | 0.001,0.001,-0.000,0.000
VioManager.cpp:669 cam1 intrinsics = 147.399,146.834,255.601,255.504 | 0.003,-0.000,-0.002,0.001
VioManager.cpp:678 cam0 extrinsics = -0.242,0.242,-0.664,0.665 | -0.017,-0.018,-0.061
VioManager.cpp:678 cam1 extrinsics = -0.330,-0.088,0.242,0.908 | 0.015,-0.033,-0.048
ROS1Visualizer.cpp:483 [34m[TIME]: 0.0050 seconds total (200.0 hz, 0.72 ms behind)
[0mVioManager.cpp:613 [34m[TIME]: 0.0020 seconds for tracking
[0mVioManager.cpp:614 [34m[TIME]: 0.0001 seconds for propagation
[0mVioManager.cpp:615 [34m[TIME]: 0.0000 seconds for MSCKF update (0 feats)
[0mVioManager.cpp:617 [34m[TIME]: 0.0014 seconds for SLAM update (36 feats)
[0mVioManager.cpp:618 [34m[TIME]: 0.0000 seconds for SLAM delayed init (0 feats)
[0mVioManager.cpp:620 [34m[TIME]: 0.0008 seconds for re-tri & marg (11 clones in state)
[0mVioManager.cpp:628 [34m[TIME]: 0.004339 seconds for total (camera 0 1)
[0mVioManager.cpp:654 q_GtoI = 0.012,0.003,-0.996,0.090 | p_IinG = -0.381,0.096,0.807 | dist = 1.03 (meters)
VioManager.cpp:657 bg = 0.0007,-0.0023,0.0016 | ba = -0.0181,-0.0384,-0.0295
VioManager.cpp:662 camera-imu timeoffset = -0.00461
VioManager.cpp:669 cam0 intrinsics = 146.355,147.267,255.730,255.714 | 0.001,0.001,-0.000,0.000
VioManager.cpp:669 cam1 intrinsics = 147.401,146.836,255.585,255.493 | 0.003,-0.001,-0.002,0.001
VioManager.cpp:678 cam0 extrinsics = -0.242,0.242,-0.664,0.665 | -0.016,-0.018,-0.061
VioManager.cpp:678 cam1 extrinsics = -0.330,-0.088,0.242,0.908 | 0.015,-0.033,-0.048
ROS1Visualizer.cpp:483 [34m[TIME]: 0.0044 seconds total (225.7 hz, 0.71 ms behind)
[0mVioManager.cpp:613 [34m[TIME]: 0.0020 seconds for tracking
[0mVioManager.cpp:614 [34m[TIME]: 0.0002 seconds for propagation
[0mVioManager.cpp:615 [34m[TIME]: 0.0002 seconds for MSCKF update (1 feats)
[0mVioManager.cpp:617 [34m[TIME]: 0.0021 seconds for SLAM update (37 feats)
[0mVioManager.cpp:618 [34m[TIME]: 0.0004 seconds for SLAM delayed init (1 feats)
[0mVioManager.cpp:620 [34m[TIME]: 0.0008 seconds for re-tri & marg (11 clones in state)
[0mVioManager.cpp:628 [34m[TIME]: 0.005712 seconds for total (camera 0 1)
[0mVioManager.cpp:654 q_GtoI = 0.011,0.002,-0.996,0.091 | p_IinG = -0.391,0.087,0.806 | dist = 1.04 (meters)
VioManager.cpp:657 bg = 0.0007,-0.0023,0.0015 | ba = -0.0192,-0.0378,-0.0288
VioManager.cpp:662 camera-imu timeoffset = -0.00463
VioManager.cpp:669 cam0 intrinsics = 146.388,147.259,255.742,255.696 | 0.001,0.001,-0.000,0.000
VioManager.cpp:669 cam1 intrinsics = 147.397,146.826,255.560,255.489 | 0.003,-0.001,-0.002,0.001
VioManager.cpp:678 cam0 extrinsics = -0.242,0.242,-0.663,0.665 | -0.016,-0.018,-0.061
VioManager.cpp:678 cam1 extrinsics = -0.330,-0.088,0.242,0.908 | 0.014,-0.033,-0.047
ROS1Visualizer.cpp:483 [34m[TIME]: 0.0058 seconds total (171.8 hz, 0.46 ms behind)
[0mVioManager.cpp:613 [34m[TIME]: 0.0018 seconds for tracking
[0mVioManager.cpp:614 [34m[TIME]: 0.0001 seconds for propagation
[0mVioManager.cpp:615 [34m[TIME]: 0.0000 seconds for MSCKF update (0 feats)
[0mVioManager.cpp:617 [34m[TIME]: 0.0014 seconds for SLAM update (38 feats)
[0mVioManager.cpp:618 [34m[TIME]: 0.0004 seconds for SLAM delayed init (1 feats)
[0mVioManager.cpp:620 [34m[TIME]: 0.0007 seconds for re-tri & marg (11 clones in state)
[0mVioManager.cpp:628 [34m[TIME]: 0.004443 seconds for total (camera 0 1)
[0mVioManager.cpp:654 q_GtoI = 0.010,-0.000,-0.996,0.093 | p_IinG = -0.400,0.079,0.804 | dist = 1.06 (meters)
VioManager.cpp:657 bg = 0.0005,-0.0024,0.0015 | ba = -0.0202,-0.0377,-0.0279
VioManager.cpp:662 camera-imu timeoffset = -0.00466
VioManager.cpp:669 cam0 intrinsics = 146.427,147.249,255.742,255.654 | 0.001,0.001,-0.000,0.000
VioManager.cpp:669 cam1 intrinsics = 147.393,146.821,255.518,255.482 | 0.003,-0.001,-0.002,0.001
VioManager.cpp:678 cam0 extrinsics = -0.242,0.242,-0.663,0.665 | -0.015,-0.017,-0.061
VioManager.cpp:678 cam1 extrinsics = -0.330,-0.088,0.242,0.908 | 0.014,-0.033,-0.047
ROS1Visualizer.cpp:483 [34m[TIME]: 0.0045 seconds total (220.5 hz, 0.46 ms behind)
[0mVioManager.cpp:613 [34m[TIME]: 0.0019 seconds for tracking
[0mVioManager.cpp:614 [34m[TIME]: 0.0001 seconds for propagation
[0mVioManager.cpp:615 [34m[TIME]: 0.0004 seconds for MSCKF update (2 feats)
[0mVioManager.cpp:617 [34m[TIME]: 0.0014 seconds for SLAM update (38 feats)
[0mVioManager.cpp:618 [34m[TIME]: 0.0001 seconds for SLAM delayed init (0 feats)
[0mVioManager.cpp:620 [34m[TIME]: 0.0009 seconds for re-tri & marg (11 clones in state)
[0mVioManager.cpp:628 [34m[TIME]: 0.004782 seconds for total (camera 0 1)
[0mVioManager.cpp:654 q_GtoI = 0.009,-0.003,-0.995,0.095 | p_IinG = -0.411,0.070,0.804 | dist = 1.07 (meters)
VioManager.cpp:657 bg = 0.0005,-0.0024,0.0014 | ba = -0.0212,-0.0375,-0.0272
VioManager.cpp:662 camera-imu timeoffset = -0.00469
VioManager.cpp:669 cam0 intrinsics = 146.470,147.251,255.756,255.631 | 0.001,0.000,-0.000,0.000
VioManager.cpp:669 cam1 intrinsics = 147.389,146.795,255.497,255.471 | 0.003,-0.001,-0.002,0.001
VioManager.cpp:678 cam0 extrinsics = -0.242,0.242,-0.663,0.665 | -0.015,-0.017,-0.060
VioManager.cpp:678 cam1 extrinsics = -0.330,-0.088,0.242,0.908 | 0.014,-0.034,-0.047
ROS1Visualizer.cpp:483 [34m[TIME]: 0.0049 seconds total (204.8 hz, 0.72 ms behind)
[0mVioManager.cpp:613 [34m[TIME]: 0.0016 seconds for tracking
[0mVioManager.cpp:614 [34m[TIME]: 0.0001 seconds for propagation
[0mVioManager.cpp:615 [34m[TIME]: 0.0000 seconds for MSCKF update (0 feats)
[0mVioManager.cpp:617 [34m[TIME]: 0.0014 seconds for SLAM update (39 feats)
[0mVioManager.cpp:618 [34m[TIME]: 0.0007 seconds for SLAM delayed init (2 feats)
[0mVioManager.cpp:620 [34m[TIME]: 0.0008 seconds for re-tri & marg (11 clones in state)
[0mVioManager.cpp:628 [34m[TIME]: 0.004672 seconds for total (camera 0 1)
[0mVioManager.cpp:654 q_GtoI = 0.009,-0.004,-0.995,0.097 | p_IinG = -0.422,0.063,0.803 | dist = 1.09 (meters)
VioManager.cpp:657 bg = 0.0004,-0.0024,0.0014 | ba = -0.0217,-0.0373,-0.0266
VioManager.cpp:662 camera-imu timeoffset = -0.00473
VioManager.cpp:669 cam0 intrinsics = 146.509,147.235,255.767,255.623 | 0.001,0.000,-0.000,0.000
VioManager.cpp:669 cam1 intrinsics = 147.369,146.751,255.480,255.461 | 0.003,-0.000,-0.002,0.001
VioManager.cpp:678 cam0 extrinsics = -0.242,0.242,-0.663,0.665 | -0.014,-0.016,-0.060
VioManager.cpp:678 cam1 extrinsics = -0.330,-0.088,0.242,0.908 | 0.013,-0.034,-0.047
ROS1Visualizer.cpp:483 [34m[TIME]: 0.0048 seconds total (209.4 hz, 0.72 ms behind)
[0mVioManager.cpp:613 [34m[TIME]: 0.0020 seconds for tracking
[0mVioManager.cpp:614 [34m[TIME]: 0.0002 seconds for propagation
[0mVioManager.cpp:615 [34m[TIME]: 0.0008 seconds for MSCKF update (2 feats)
[0mVioManager.cpp:617 [34m[TIME]: 0.0013 seconds for SLAM update (38 feats)
[0mVioManager.cpp:618 [34m[TIME]: 0.0008 seconds for SLAM delayed init (2 feats)
[0mVioManager.cpp:620 [34m[TIME]: 0.0007 seconds for re-tri & marg (11 clones in state)
[0mVioManager.cpp:628 [34m[TIME]: 0.00586 seconds for total (camera 0 1)
[0mVioManager.cpp:654 q_GtoI = 0.009,-0.005,-0.995,0.099 | p_IinG = -0.433,0.055,0.804 | dist = 1.10 (meters)
VioManager.cpp:657 bg = 0.0004,-0.0025,0.0013 | ba = -0.0223,-0.0369,-0.0260
VioManager.cpp:662 camera-imu timeoffset = -0.00475
VioManager.cpp:669 cam0 intrinsics = 146.537,147.226,255.764,255.621 | 0.001,0.000,-0.000,0.000
VioManager.cpp:669 cam1 intrinsics = 147.367,146.716,255.476,255.444 | 0.003,-0.000,-0.002,0.001
VioManager.cpp:678 cam0 extrinsics = -0.242,0.242,-0.663,0.665 | -0.014,-0.016,-0.061
VioManager.cpp:678 cam1 extrinsics = -0.330,-0.088,0.242,0.908 | 0.013,-0.033,-0.047
ROS1Visualizer.cpp:483 [34m[TIME]: 0.0060 seconds total (167.3 hz, 0.47 ms behind)
[0mVioManager.cpp:613 [34m[TIME]: 0.0020 seconds for tracking
[0mVioManager.cpp:614 [34m[TIME]: 0.0002 seconds for propagation
[0mVioManager.cpp:615 [34m[TIME]: 0.0001 seconds for MSCKF update (0 feats)
[0mVioManager.cpp:617 [34m[TIME]: 0.0018 seconds for SLAM update (36 feats)
[0mVioManager.cpp:618 [34m[TIME]: 0.0001 seconds for SLAM delayed init (0 feats)
[0mVioManager.cpp:620 [34m[TIME]: 0.0008 seconds for re-tri & marg (11 clones in state)
[0mVioManager.cpp:628 [34m[TIME]: 0.005053 seconds for total (camera 0 1)
[0mVioManager.cpp:654 q_GtoI = 0.009,-0.006,-0.995,0.100 | p_IinG = -0.444,0.048,0.806 | dist = 1.12 (meters)
VioManager.cpp:657 bg = 0.0005,-0.0025,0.0013 | ba = -0.0232,-0.0368,-0.0254
VioManager.cpp:662 camera-imu timeoffset = -0.00479
VioManager.cpp:669 cam0 intrinsics = 146.550,147.220,255.770,255.622 | 0.001,0.000,-0.001,0.000
VioManager.cpp:669 cam1 intrinsics = 147.363,146.680,255.483,255.423 | 0.003,-0.000,-0.002,0.001
VioManager.cpp:678 cam0 extrinsics = -0.242,0.242,-0.663,0.665 | -0.014,-0.016,-0.061
VioManager.cpp:678 cam1 extrinsics = -0.330,-0.088,0.242,0.908 | 0.013,-0.033,-0.047
ROS1Visualizer.cpp:483 [34m[TIME]: 0.0052 seconds total (193.5 hz, 0.73 ms behind)
[0mVioManager.cpp:613 [34m[TIME]: 0.0018 seconds for tracking
[0mVioManager.cpp:614 [34m[TIME]: 0.0001 seconds for propagation
[0mVioManager.cpp:615 [34m[TIME]: 0.0000 seconds for MSCKF update (0 feats)
[0mVioManager.cpp:617 [34m[TIME]: 0.0013 seconds for SLAM update (37 feats)
[0mVioManager.cpp:618 [34m[TIME]: 0.0003 seconds for SLAM delayed init (1 feats)
[0mVioManager.cpp:620 [34m[TIME]: 0.0007 seconds for re-tri & marg (11 clones in state)
[0mVioManager.cpp:628 [34m[TIME]: 0.004353 seconds for total (camera 0 1)
[0mVioManager.cpp:654 q_GtoI = 0.009,-0.008,-0.995,0.102 | p_IinG = -0.456,0.041,0.808 | dist = 1.13 (meters)
VioManager.cpp:657 bg = 0.0006,-0.0026,0.0012 | ba = -0.0240,-0.0362,-0.0247
VioManager.cpp:662 camera-imu timeoffset = -0.00481
VioManager.cpp:669 cam0 intrinsics = 146.560,147.217,255.775,255.633 | 0.001,0.000,-0.001,0.000
VioManager.cpp:669 cam1 intrinsics = 147.357,146.647,255.490,255.401 | 0.003,-0.000,-0.002,0.001
VioManager.cpp:678 cam0 extrinsics = -0.242,0.242,-0.663,0.665 | -0.014,-0.016,-0.061
VioManager.cpp:678 cam1 extrinsics = -0.331,-0.088,0.242,0.908 | 0.013,-0.032,-0.048
ROS1Visualizer.cpp:483 [34m[TIME]: 0.0045 seconds total (224.5 hz, 0.73 ms behind)
[0mVioManager.cpp:613 [34m[TIME]: 0.0021 seconds for tracking
[0mVioManager.cpp:614 [34m[TIME]: 0.0001 seconds for propagation
[0mVioManager.cpp:615 [34m[TIME]: 0.0000 seconds for MSCKF update (0 feats)
[0mVioManager.cpp:617 [34m[TIME]: 0.0013 seconds for SLAM update (40 feats)
[0mVioManager.cpp:618 [34m[TIME]: 0.0010 seconds for SLAM delayed init (3 feats)
[0mVioManager.cpp:620 [34m[TIME]: 0.0008 seconds for re-tri & marg (11 clones in state)
[0mVioManager.cpp:628 [34m[TIME]: 0.005331 seconds for total (camera 0 1)
[0mVioManager.cpp:654 q_GtoI = 0.009,-0.011,-0.994,0.104 | p_IinG = -0.468,0.034,0.812 | dist = 1.14 (meters)
VioManager.cpp:657 bg = 0.0007,-0.0026,0.0011 | ba = -0.0256,-0.0369,-0.0240
VioManager.cpp:662 camera-imu timeoffset = -0.00487
VioManager.cpp:669 cam0 intrinsics = 146.574,147.230,255.758,255.617 | 0.001,0.000,-0.001,0.000
VioManager.cpp:669 cam1 intrinsics = 147.366,146.609,255.496,255.407 | 0.003,-0.000,-0.002,0.001
VioManager.cpp:678 cam0 extrinsics = -0.242,0.242,-0.663,0.665 | -0.013,-0.016,-0.062
VioManager.cpp:678 cam1 extrinsics = -0.331,-0.088,0.242,0.908 | 0.012,-0.032,-0.047
ROS1Visualizer.cpp:483 [34m[TIME]: 0.0054 seconds total (184.4 hz, 0.73 ms behind)
[0mVioManager.cpp:613 [34m[TIME]: 0.0020 seconds for tracking
[0mVioManager.cpp:614 [34m[TIME]: 0.0002 seconds for propagation
[0mVioManager.cpp:615 [34m[TIME]: 0.0001 seconds for MSCKF update (0 feats)
[0mVioManager.cpp:617 [34m[TIME]: 0.0022 seconds for SLAM update (39 feats)
[0mVioManager.cpp:618 [34m[TIME]: 0.0000 seconds for SLAM delayed init (0 feats)
[0mVioManager.cpp:620 [34m[TIME]: 0.0014 seconds for re-tri & marg (11 clones in state)
[0mVioManager.cpp:628 [34m[TIME]: 0.005989 seconds for total (camera 0 1)
[0mVioManager.cpp:654 q_GtoI = 0.009,-0.012,-0.994,0.106 | p_IinG = -0.480,0.029,0.815 | dist = 1.16 (meters)
VioManager.cpp:657 bg = 0.0007,-0.0026,0.0011 | ba = -0.0263,-0.0373,-0.0233
VioManager.cpp:662 camera-imu timeoffset = -0.00489
VioManager.cpp:669 cam0 intrinsics = 146.585,147.231,255.750,255.624 | 0.001,0.000,-0.001,0.000
VioManager.cpp:669 cam1 intrinsics = 147.370,146.587,255.506,255.400 | 0.003,-0.000,-0.002,0.001
VioManager.cpp:678 cam0 extrinsics = -0.242,0.242,-0.663,0.665 | -0.013,-0.016,-0.062
VioManager.cpp:678 cam1 extrinsics = -0.331,-0.088,0.242,0.908 | 0.012,-0.032,-0.047
ROS1Visualizer.cpp:483 [34m[TIME]: 0.0061 seconds total (162.8 hz, 0.49 ms behind)
[0mVioManager.cpp:613 [34m[TIME]: 0.0021 seconds for tracking
[0mVioManager.cpp:614 [34m[TIME]: 0.0002 seconds for propagation
[0mVioManager.cpp:615 [34m[TIME]: 0.0001 seconds for MSCKF update (0 feats)
[0mVioManager.cpp:617 [34m[TIME]: 0.0021 seconds for SLAM update (37 feats)
[0mVioManager.cpp:618 [34m[TIME]: 0.0000 seconds for SLAM delayed init (0 feats)
[0mVioManager.cpp:620 [34m[TIME]: 0.0011 seconds for re-tri & marg (11 clones in state)
[0mVioManager.cpp:628 [34m[TIME]: 0.005625 seconds for total (camera 0 1)
[0mVioManager.cpp:654 q_GtoI = 0.009,-0.013,-0.994,0.109 | p_IinG = -0.492,0.024,0.817 | dist = 1.17 (meters)
VioManager.cpp:657 bg = 0.0007,-0.0026,0.0011 | ba = -0.0262,-0.0374,-0.0224
VioManager.cpp:662 camera-imu timeoffset = -0.00491
VioManager.cpp:669 cam0 intrinsics = 146.603,147.227,255.757,255.635 | 0.001,0.000,-0.001,0.001
VioManager.cpp:669 cam1 intrinsics = 147.366,146.570,255.510,255.379 | 0.003,-0.000,-0.002,0.001
VioManager.cpp:678 cam0 extrinsics = -0.242,0.242,-0.664,0.665 | -0.013,-0.016,-0.062
VioManager.cpp:678 cam1 extrinsics = -0.331,-0.088,0.242,0.908 | 0.012,-0.032,-0.047
ROS1Visualizer.cpp:483 [34m[TIME]: 0.0057 seconds total (175.0 hz, 0.74 ms behind)
[0mVioManager.cpp:613 [34m[TIME]: 0.0020 seconds for tracking
[0mVioManager.cpp:614 [34m[TIME]: 0.0002 seconds for propagation
[0mVioManager.cpp:615 [34m[TIME]: 0.0000 seconds for MSCKF update (0 feats)
[0mVioManager.cpp:617 [34m[TIME]: 0.0020 seconds for SLAM update (37 feats)
[0mVioManager.cpp:618 [34m[TIME]: 0.0004 seconds for SLAM delayed init (0 feats)
[0mVioManager.cpp:620 [34m[TIME]: 0.0011 seconds for re-tri & marg (11 clones in state)
[0mVioManager.cpp:628 [34m[TIME]: 0.005817 seconds for total (camera 0 1)
[0mVioManager.cpp:654 q_GtoI = 0.009,-0.012,-0.994,0.111 | p_IinG = -0.504,0.020,0.819 | dist = 1.18 (meters)
VioManager.cpp:657 bg = 0.0007,-0.0027,0.0010 | ba = -0.0262,-0.0371,-0.0216
VioManager.cpp:662 camera-imu timeoffset = -0.00493
VioManager.cpp:669 cam0 intrinsics = 146.615,147.224,255.765,255.651 | 0.001,0.000,-0.001,0.001
VioManager.cpp:669 cam1 intrinsics = 147.357,146.545,255.511,255.369 | 0.003,-0.000,-0.002,0.001
VioManager.cpp:678 cam0 extrinsics = -0.242,0.242,-0.664,0.665 | -0.013,-0.016,-0.062
VioManager.cpp:678 cam1 extrinsics = -0.331,-0.088,0.242,0.908 | 0.012,-0.031,-0.047
ROS1Visualizer.cpp:483 [34m[TIME]: 0.0059 seconds total (168.5 hz, 0.74 ms behind)
[0mVioManager.cpp:613 [34m[TIME]: 0.0020 seconds for tracking
[0mVioManager.cpp:614 [34m[TIME]: 0.0001 seconds for propagation
[0mVioManager.cpp:615 [34m[TIME]: 0.0000 seconds for MSCKF update (0 feats)
[0mVioManager.cpp:617 [34m[TIME]: 0.0013 seconds for SLAM update (37 feats)
[0mVioManager.cpp:618 [34m[TIME]: 0.0000 seconds for SLAM delayed init (0 feats)
[0mVioManager.cpp:620 [34m[TIME]: 0.0008 seconds for re-tri & marg (11 clones in state)
[0mVioManager.cpp:628 [34m[TIME]: 0.004255 seconds for total (camera 0 1)
[0mVioManager.cpp:654 q_GtoI = 0.010,-0.011,-0.993,0.113 | p_IinG = -0.516,0.016,0.822 | dist = 1.19 (meters)
VioManager.cpp:657 bg = 0.0007,-0.0027,0.0010 | ba = -0.0260,-0.0370,-0.0207
VioManager.cpp:662 camera-imu timeoffset = -0.00494
VioManager.cpp:669 cam0 intrinsics = 146.638,147.212,255.781,255.668 | 0.001,0.000,-0.001,0.001
VioManager.cpp:669 cam1 intrinsics = 147.348,146.530,255.510,255.337 | 0.003,-0.000,-0.002,0.001
VioManager.cpp:678 cam0 extrinsics = -0.242,0.242,-0.664,0.665 | -0.013,-0.016,-0.062
VioManager.cpp:678 cam1 extrinsics = -0.331,-0.088,0.242,0.908 | 0.012,-0.030,-0.047
ROS1Visualizer.cpp:483 [34m[TIME]: 0.0043 seconds total (230.1 hz, 0.49 ms behind)
[0mVioManager.cpp:613 [34m[TIME]: 0.0017 seconds for tracking
[0mVioManager.cpp:614 [34m[TIME]: 0.0002 seconds for propagation
[0mVioManager.cpp:615 [34m[TIME]: 0.0000 seconds for MSCKF update (0 feats)
[0mVioManager.cpp:617 [34m[TIME]: 0.0021 seconds for SLAM update (38 feats)
[0mVioManager.cpp:618 [34m[TIME]: 0.0006 seconds for SLAM delayed init (1 feats)
[0mVioManager.cpp:620 [34m[TIME]: 0.0013 seconds for re-tri & marg (11 clones in state)
[0mVioManager.cpp:628 [34m[TIME]: 0.00593 seconds for total (camera 0 1)
[0mVioManager.cpp:654 q_GtoI = 0.010,-0.010,-0.993,0.116 | p_IinG = -0.528,0.013,0.825 | dist = 1.21 (meters)
VioManager.cpp:657 bg = 0.0007,-0.0028,0.0010 | ba = -0.0260,-0.0369,-0.0196
VioManager.cpp:662 camera-imu timeoffset = -0.00495
VioManager.cpp:669 cam0 intrinsics = 146.663,147.203,255.799,255.678 | 0.001,0.000,-0.001,0.001
VioManager.cpp:669 cam1 intrinsics = 147.343,146.515,255.494,255.306 | 0.003,-0.000,-0.002,0.001
VioManager.cpp:678 cam0 extrinsics = -0.242,0.242,-0.664,0.665 | -0.014,-0.016,-0.062
VioManager.cpp:678 cam1 extrinsics = -0.331,-0.088,0.242,0.908 | 0.012,-0.030,-0.048
ROS1Visualizer.cpp:483 [34m[TIME]: 0.0061 seconds total (164.9 hz, 0.49 ms behind)
[0mVioManager.cpp:613 [34m[TIME]: 0.0018 seconds for tracking
[0mVioManager.cpp:614 [34m[TIME]: 0.0001 seconds for propagation
[0mVioManager.cpp:615 [34m[TIME]: 0.0001 seconds for MSCKF update (0 feats)
[0mVioManager.cpp:617 [34m[TIME]: 0.0014 seconds for SLAM update (37 feats)
[0mVioManager.cpp:618 [34m[TIME]: 0.0000 seconds for SLAM delayed init (0 feats)
[0mVioManager.cpp:620 [34m[TIME]: 0.0009 seconds for re-tri & marg (11 clones in state)
[0mVioManager.cpp:628 [34m[TIME]: 0.004294 seconds for total (camera 0 1)
[0mVioManager.cpp:654 q_GtoI = 0.010,-0.009,-0.993,0.119 | p_IinG = -0.541,0.010,0.828 | dist = 1.22 (meters)
VioManager.cpp:657 bg = 0.0007,-0.0028,0.0010 | ba = -0.0263,-0.0372,-0.0187
VioManager.cpp:662 camera-imu timeoffset = -0.00495
VioManager.cpp:669 cam0 intrinsics = 146.701,147.203,255.812,255.696 | 0.001,0.000,-0.001,0.001
VioManager.cpp:669 cam1 intrinsics = 147.347,146.507,255.472,255.299 | 0.003,-0.000,-0.002,0.001
VioManager.cpp:678 cam0 extrinsics = -0.242,0.242,-0.664,0.665 | -0.014,-0.016,-0.063
VioManager.cpp:678 cam1 extrinsics = -0.331,-0.088,0.242,0.908 | 0.012,-0.029,-0.048
ROS1Visualizer.cpp:483 [34m[TIME]: 0.0044 seconds total (227.0 hz, 0.75 ms behind)
[0mVioManager.cpp:613 [34m[TIME]: 0.0014 seconds for tracking
[0mVioManager.cpp:614 [34m[TIME]: 0.0001 seconds for propagation
[0mVioManager.cpp:615 [34m[TIME]: 0.0001 seconds for MSCKF update (0 feats)
[0mVioManager.cpp:617 [34m[TIME]: 0.0013 seconds for SLAM update (36 feats)
[0mVioManager.cpp:618 [34m[TIME]: 0.0000 seconds for SLAM delayed init (0 feats)
[0mVioManager.cpp:620 [34m[TIME]: 0.0008 seconds for re-tri & marg (11 clones in state)
[0mVioManager.cpp:628 [34m[TIME]: 0.003717 seconds for total (camera 0 1)
[0mVioManager.cpp:654 q_GtoI = 0.010,-0.009,-0.992,0.121 | p_IinG = -0.553,0.008,0.832 | dist = 1.23 (meters)
VioManager.cpp:657 bg = 0.0007,-0.0027,0.0009 | ba = -0.0266,-0.0380,-0.0178
VioManager.cpp:662 camera-imu timeoffset = -0.00497
VioManager.cpp:669 cam0 intrinsics = 146.740,147.215,255.825,255.714 | 0.001,0.000,-0.001,0.001
VioManager.cpp:669 cam1 intrinsics = 147.351,146.496,255.448,255.293 | 0.003,-0.000,-0.002,0.001
VioManager.cpp:678 cam0 extrinsics = -0.242,0.242,-0.664,0.665 | -0.014,-0.016,-0.063
VioManager.cpp:678 cam1 extrinsics = -0.331,-0.088,0.242,0.908 | 0.012,-0.028,-0.048
ROS1Visualizer.cpp:483 [34m[TIME]: 0.0038 seconds total (262.4 hz, 0.75 ms behind)
[0mVioManager.cpp:613 [34m[TIME]: 0.0014 seconds for tracking
[0mVioManager.cpp:614 [34m[TIME]: 0.0001 seconds for propagation
[0mVioManager.cpp:615 [34m[TIME]: 0.0002 seconds for MSCKF update (1 feats)
[0mVioManager.cpp:617 [34m[TIME]: 0.0012 seconds for SLAM update (34 feats)
[0mVioManager.cpp:618 [34m[TIME]: 0.0004 seconds for SLAM delayed init (1 feats)
[0mVioManager.cpp:620 [34m[TIME]: 0.0007 seconds for re-tri & marg (11 clones in state)
[0mVioManager.cpp:628 [34m[TIME]: 0.004037 seconds for total (camera 0 1)
[0mVioManager.cpp:654 q_GtoI = 0.010,-0.008,-0.992,0.124 | p_IinG = -0.565,0.005,0.836 | dist = 1.24 (meters)
VioManager.cpp:657 bg = 0.0007,-0.0027,0.0009 | ba = -0.0273,-0.0382,-0.0170
VioManager.cpp:662 camera-imu timeoffset = -0.00497
VioManager.cpp:669 cam0 intrinsics = 146.763,147.222,255.820,255.732 | 0.001,0.000,-0.001,0.001
VioManager.cpp:669 cam1 intrinsics = 147.343,146.489,255.433,255.289 | 0.003,-0.000,-0.002,0.001
VioManager.cpp:678 cam0 extrinsics = -0.242,0.242,-0.664,0.665 | -0.014,-0.016,-0.063
VioManager.cpp:678 cam1 extrinsics = -0.331,-0.088,0.242,0.908 | 0.012,-0.027,-0.049
ROS1Visualizer.cpp:483 [34m[TIME]: 0.0041 seconds total (242.2 hz, 0.75 ms behind)
[0mVioManager.cpp:613 [34m[TIME]: 0.0019 seconds for tracking
[0mVioManager.cpp:614 [34m[TIME]: 0.0001 seconds for propagation
[0mVioManager.cpp:615 [34m[TIME]: 0.0000 seconds for MSCKF update (0 feats)
[0mVioManager.cpp:617 [34m[TIME]: 0.0012 seconds for SLAM update (36 feats)
[0mVioManager.cpp:618 [34m[TIME]: 0.0009 seconds for SLAM delayed init (2 feats)
[0mVioManager.cpp:620 [34m[TIME]: 0.0007 seconds for re-tri & marg (11 clones in state)
[0mVioManager.cpp:628 [34m[TIME]: 0.004964 seconds for total (camera 0 1)
[0mVioManager.cpp:654 q_GtoI = 0.010,-0.007,-0.992,0.127 | p_IinG = -0.578,0.003,0.840 | dist = 1.25 (meters)
VioManager.cpp:657 bg = 0.0007,-0.0027,0.0008 | ba = -0.0274,-0.0385,-0.0164
VioManager.cpp:662 camera-imu timeoffset = -0.00498
VioManager.cpp:669 cam0 intrinsics = 146.793,147.231,255.823,255.757 | 0.001,-0.000,-0.001,0.001
VioManager.cpp:669 cam1 intrinsics = 147.337,146.477,255.418,255.286 | 0.004,-0.000,-0.002,0.001
VioManager.cpp:678 cam0 extrinsics = -0.242,0.242,-0.664,0.665 | -0.014,-0.016,-0.063
VioManager.cpp:678 cam1 extrinsics = -0.331,-0.088,0.242,0.908 | 0.012,-0.027,-0.049
ROS1Visualizer.cpp:483 [34m[TIME]: 0.0051 seconds total (196.8 hz, 0.50 ms behind)
[0mVioManager.cpp:613 [34m[TIME]: 0.0019 seconds for tracking
[0mVioManager.cpp:614 [34m[TIME]: 0.0002 seconds for propagation
[0mVioManager.cpp:615 [34m[TIME]: 0.0001 seconds for MSCKF update (0 feats)
[0mVioManager.cpp:617 [34m[TIME]: 0.0018 seconds for SLAM update (38 feats)
[0mVioManager.cpp:618 [34m[TIME]: 0.0012 seconds for SLAM delayed init (3 feats)
[0mVioManager.cpp:620 [34m[TIME]: 0.0008 seconds for re-tri & marg (11 clones in state)
[0mVioManager.cpp:628 [34m[TIME]: 0.005992 seconds for total (camera 0 1)
[0mVioManager.cpp:654 q_GtoI = 0.009,-0.007,-0.991,0.130 | p_IinG = -0.591,0.001,0.846 | dist = 1.27 (meters)
VioManager.cpp:657 bg = 0.0007,-0.0027,0.0008 | ba = -0.0282,-0.0395,-0.0155
VioManager.cpp:662 camera-imu timeoffset = -0.00499
VioManager.cpp:669 cam0 intrinsics = 146.827,147.236,255.816,255.783 | 0.001,-0.000,-0.001,0.001
VioManager.cpp:669 cam1 intrinsics = 147.336,146.470,255.414,255.298 | 0.004,0.000,-0.002,0.001
VioManager.cpp:678 cam0 extrinsics = -0.242,0.242,-0.664,0.664 | -0.013,-0.017,-0.063
VioManager.cpp:678 cam1 extrinsics = -0.331,-0.089,0.242,0.908 | 0.011,-0.026,-0.049
ROS1Visualizer.cpp:483 [34m[TIME]: 0.0061 seconds total (163.7 hz, 0.75 ms behind)
[0mVioManager.cpp:613 [34m[TIME]: 0.0017 seconds for tracking
[0mVioManager.cpp:614 [34m[TIME]: 0.0001 seconds for propagation
[0mVioManager.cpp:615 [34m[TIME]: 0.0001 seconds for MSCKF update (0 feats)
[0mVioManager.cpp:617 [34m[TIME]: 0.0014 seconds for SLAM update (37 feats)
[0mVioManager.cpp:618 [34m[TIME]: 0.0000 seconds for SLAM delayed init (0 feats)
[0mVioManager.cpp:620 [34m[TIME]: 0.0007 seconds for re-tri & marg (11 clones in state)
[0mVioManager.cpp:628 [34m[TIME]: 0.004012 seconds for total (camera 0 1)
[0mVioManager.cpp:654 q_GtoI = 0.008,-0.007,-0.991,0.134 | p_IinG = -0.603,-0.000,0.851 | dist = 1.28 (meters)
VioManager.cpp:657 bg = 0.0007,-0.0026,0.0008 | ba = -0.0280,-0.0410,-0.0147
VioManager.cpp:662 camera-imu timeoffset = -0.00500
VioManager.cpp:669 cam0 intrinsics = 146.856,147.232,255.823,255.813 | 0.001,-0.000,-0.001,0.001
VioManager.cpp:669 cam1 intrinsics = 147.332,146.482,255.394,255.314 | 0.004,0.000,-0.002,0.001
VioManager.cpp:678 cam0 extrinsics = -0.242,0.242,-0.664,0.664 | -0.013,-0.017,-0.064
VioManager.cpp:678 cam1 extrinsics = -0.331,-0.089,0.243,0.907 | 0.011,-0.026,-0.049
ROS1Visualizer.cpp:483 [34m[TIME]: 0.0041 seconds total (243.8 hz, 0.75 ms behind)
[0mVioManager.cpp:613 [34m[TIME]: 0.0019 seconds for tracking
[0mVioManager.cpp:614 [34m[TIME]: 0.0001 seconds for propagation
[0mVioManager.cpp:615 [34m[TIME]: 0.0000 seconds for MSCKF update (0 feats)
[0mVioManager.cpp:617 [34m[TIME]: 0.0013 seconds for SLAM update (37 feats)
[0mVioManager.cpp:618 [34m[TIME]: 0.0000 seconds for SLAM delayed init (0 feats)
[0mVioManager.cpp:620 [34m[TIME]: 0.0007 seconds for re-tri & marg (11 clones in state)
[0mVioManager.cpp:628 [34m[TIME]: 0.004079 seconds for total (camera 0 1)
[0mVioManager.cpp:654 q_GtoI = 0.007,-0.007,-0.991,0.137 | p_IinG = -0.616,-0.001,0.857 | dist = 1.29 (meters)
VioManager.cpp:657 bg = 0.0006,-0.0025,0.0008 | ba = -0.0280,-0.0427,-0.0138
VioManager.cpp:662 camera-imu timeoffset = -0.00500
VioManager.cpp:669 cam0 intrinsics = 146.874,147.218,255.839,255.846 | 0.001,-0.000,-0.001,0.001
VioManager.cpp:669 cam1 intrinsics = 147.325,146.496,255.387,255.344 | 0.004,0.000,-0.002,0.001
VioManager.cpp:678 cam0 extrinsics = -0.242,0.242,-0.664,0.664 | -0.013,-0.017,-0.064
VioManager.cpp:678 cam1 extrinsics = -0.331,-0.089,0.243,0.907 | 0.011,-0.025,-0.050
ROS1Visualizer.cpp:483 [34m[TIME]: 0.0042 seconds total (239.6 hz, 0.75 ms behind)
[0mVioManager.cpp:613 [34m[TIME]: 0.0015 seconds for tracking
[0mVioManager.cpp:614 [34m[TIME]: 0.0001 seconds for propagation
[0mVioManager.cpp:615 [34m[TIME]: 0.0000 seconds for MSCKF update (0 feats)
[0mVioManager.cpp:617 [34m[TIME]: 0.0013 seconds for SLAM update (37 feats)
[0mVioManager.cpp:618 [34m[TIME]: 0.0000 seconds for SLAM delayed init (0 feats)
[0mVioManager.cpp:620 [34m[TIME]: 0.0007 seconds for re-tri & marg (11 clones in state)
[0mVioManager.cpp:628 [34m[TIME]: 0.003741 seconds for total (camera 0 1)
[0mVioManager.cpp:654 q_GtoI = 0.007,-0.006,-0.990,0.140 | p_IinG = -0.629,-0.002,0.864 | dist = 1.30 (meters)
VioManager.cpp:657 bg = 0.0006,-0.0025,0.0007 | ba = -0.0279,-0.0448,-0.0129
VioManager.cpp:662 camera-imu timeoffset = -0.00502
VioManager.cpp:669 cam0 intrinsics = 146.894,147.201,255.851,255.882 | 0.001,-0.000,-0.001,0.001
VioManager.cpp:669 cam1 intrinsics = 147.319,146.519,255.366,255.377 | 0.004,0.000,-0.002,0.001
VioManager.cpp:678 cam0 extrinsics = -0.242,0.242,-0.665,0.664 | -0.013,-0.018,-0.064
VioManager.cpp:678 cam1 extrinsics = -0.332,-0.089,0.243,0.907 | 0.011,-0.025,-0.050
ROS1Visualizer.cpp:483 [34m[TIME]: 0.0038 seconds total (260.0 hz, 0.50 ms behind)
[0mVioManager.cpp:613 [34m[TIME]: 0.0016 seconds for tracking
[0mVioManager.cpp:614 [34m[TIME]: 0.0001 seconds for propagation
[0mVioManager.cpp:615 [34m[TIME]: 0.0000 seconds for MSCKF update (0 feats)
[0mVioManager.cpp:617 [34m[TIME]: 0.0013 seconds for SLAM update (37 feats)
[0mVioManager.cpp:618 [34m[TIME]: 0.0000 seconds for SLAM delayed init (0 feats)
[0mVioManager.cpp:620 [34m[TIME]: 0.0007 seconds for re-tri & marg (11 clones in state)
[0mVioManager.cpp:628 [34m[TIME]: 0.003884 seconds for total (camera 0 1)
[0mVioManager.cpp:654 q_GtoI = 0.008,-0.005,-0.990,0.144 | p_IinG = -0.641,-0.003,0.870 | dist = 1.31 (meters)
VioManager.cpp:657 bg = 0.0005,-0.0024,0.0008 | ba = -0.0277,-0.0462,-0.0121
VioManager.cpp:662 camera-imu timeoffset = -0.00502
VioManager.cpp:669 cam0 intrinsics = 146.919,147.193,255.859,255.913 | 0.001,0.000,-0.001,0.001
VioManager.cpp:669 cam1 intrinsics = 147.306,146.537,255.334,255.393 | 0.004,0.000,-0.002,0.001
VioManager.cpp:678 cam0 extrinsics = -0.242,0.242,-0.665,0.664 | -0.013,-0.018,-0.064
VioManager.cpp:678 cam1 extrinsics = -0.332,-0.089,0.243,0.907 | 0.011,-0.025,-0.050
ROS1Visualizer.cpp:483 [34m[TIME]: 0.0040 seconds total (251.4 hz, 0.75 ms behind)
[0mVioManager.cpp:613 [34m[TIME]: 0.0020 seconds for tracking
[0mVioManager.cpp:614 [34m[TIME]: 0.0002 seconds for propagation
[0mVioManager.cpp:615 [34m[TIME]: 0.0000 seconds for MSCKF update (0 feats)
[0mVioManager.cpp:617 [34m[TIME]: 0.0014 seconds for SLAM update (39 feats)
[0mVioManager.cpp:618 [34m[TIME]: 0.0008 seconds for SLAM delayed init (2 feats)
[0mVioManager.cpp:620 [34m[TIME]: 0.0008 seconds for re-tri & marg (11 clones in state)
[0mVioManager.cpp:628 [34m[TIME]: 0.005203 seconds for total (camera 0 1)
[0mVioManager.cpp:654 q_GtoI = 0.008,-0.006,-0.989,0.147 | p_IinG = -0.654,-0.004,0.877 | dist = 1.33 (meters)
VioManager.cpp:657 bg = 0.0005,-0.0024,0.0008 | ba = -0.0273,-0.0474,-0.0112
VioManager.cpp:662 camera-imu timeoffset = -0.00504
VioManager.cpp:669 cam0 intrinsics = 146.949,147.182,255.869,255.940 | 0.001,0.000,-0.001,0.001
VioManager.cpp:669 cam1 intrinsics = 147.293,146.555,255.303,255.409 | 0.004,0.000,-0.002,0.001
VioManager.cpp:678 cam0 extrinsics = -0.242,0.242,-0.665,0.664 | -0.013,-0.018,-0.064
VioManager.cpp:678 cam1 extrinsics = -0.332,-0.089,0.243,0.907 | 0.011,-0.025,-0.050
ROS1Visualizer.cpp:483 [34m[TIME]: 0.0053 seconds total (188.7 hz, 0.75 ms behind)
[0mVioManager.cpp:613 [34m[TIME]: 0.0018 seconds for tracking
[0mVioManager.cpp:614 [34m[TIME]: 0.0001 seconds for propagation
[0mVioManager.cpp:615 [34m[TIME]: 0.0000 seconds for MSCKF update (0 feats)
[0mVioManager.cpp:617 [34m[TIME]: 0.0015 seconds for SLAM update (39 feats)
[0mVioManager.cpp:618 [34m[TIME]: 0.0000 seconds for SLAM delayed init (0 feats)
[0mVioManager.cpp:620 [34m[TIME]: 0.0008 seconds for re-tri & marg (11 clones in state)
[0mVioManager.cpp:628 [34m[TIME]: 0.004242 seconds for total (camera 0 1)
[0mVioManager.cpp:654 q_GtoI = 0.008,-0.007,-0.988,0.151 | p_IinG = -0.667,-0.005,0.885 | dist = 1.34 (meters)
VioManager.cpp:657 bg = 0.0004,-0.0023,0.0008 | ba = -0.0263,-0.0491,-0.0103
VioManager.cpp:662 camera-imu timeoffset = -0.00507
VioManager.cpp:669 cam0 intrinsics = 146.963,147.156,255.885,255.971 | 0.001,0.000,-0.001,0.001
VioManager.cpp:669 cam1 intrinsics = 147.284,146.569,255.275,255.433 | 0.004,0.000,-0.002,0.001
VioManager.cpp:678 cam0 extrinsics = -0.242,0.242,-0.665,0.664 | -0.013,-0.018,-0.064
VioManager.cpp:678 cam1 extrinsics = -0.332,-0.089,0.243,0.907 | 0.011,-0.025,-0.050
ROS1Visualizer.cpp:483 [34m[TIME]: 0.0044 seconds total (229.7 hz, 0.75 ms behind)
[0mVioManager.cpp:613 [34m[TIME]: 0.0020 seconds for tracking
[0mVioManager.cpp:614 [34m[TIME]: 0.0003 seconds for propagation
[0mVioManager.cpp:615 [34m[TIME]: 0.0000 seconds for MSCKF update (0 feats)
[0mVioManager.cpp:617 [34m[TIME]: 0.0016 seconds for SLAM update (39 feats)
[0mVioManager.cpp:618 [34m[TIME]: 0.0000 seconds for SLAM delayed init (0 feats)
[0mVioManager.cpp:620 [34m[TIME]: 0.0009 seconds for re-tri & marg (11 clones in state)
[0mVioManager.cpp:628 [34m[TIME]: 0.004783 seconds for total (camera 0 1)
[0mVioManager.cpp:654 q_GtoI = 0.009,-0.009,-0.988,0.155 | p_IinG = -0.680,-0.005,0.891 | dist = 1.35 (meters)
VioManager.cpp:657 bg = 0.0003,-0.0022,0.0008 | ba = -0.0257,-0.0512,-0.0096
VioManager.cpp:662 camera-imu timeoffset = -0.00507
VioManager.cpp:669 cam0 intrinsics = 146.977,147.135,255.894,255.995 | 0.001,0.000,-0.001,0.001
VioManager.cpp:669 cam1 intrinsics = 147.279,146.603,255.250,255.455 | 0.004,0.000,-0.002,0.001
VioManager.cpp:678 cam0 extrinsics = -0.242,0.242,-0.665,0.664 | -0.012,-0.018,-0.064
VioManager.cpp:678 cam1 extrinsics = -0.332,-0.090,0.243,0.907 | 0.011,-0.025,-0.050
ROS1Visualizer.cpp:483 [34m[TIME]: 0.0049 seconds total (205.0 hz, 0.51 ms behind)
[0mVioManager.cpp:613 [34m[TIME]: 0.0021 seconds for tracking
[0mVioManager.cpp:614 [34m[TIME]: 0.0002 seconds for propagation
[0mVioManager.cpp:615 [34m[TIME]: 0.0003 seconds for MSCKF update (1 feats)
[0mVioManager.cpp:617 [34m[TIME]: 0.0022 seconds for SLAM update (39 feats)
[0mVioManager.cpp:618 [34m[TIME]: 0.0000 seconds for SLAM delayed init (0 feats)
[0mVioManager.cpp:620 [34m[TIME]: 0.0014 seconds for re-tri & marg (11 clones in state)
[0mVioManager.cpp:628 [34m[TIME]: 0.006243 seconds for total (camera 0 1)
[0mVioManager.cpp:654 q_GtoI = 0.010,-0.008,-0.987,0.158 | p_IinG = -0.692,-0.005,0.898 | dist = 1.36 (meters)
VioManager.cpp:657 bg = 0.0002,-0.0021,0.0008 | ba = -0.0255,-0.0538,-0.0090
VioManager.cpp:662 camera-imu timeoffset = -0.00507
VioManager.cpp:669 cam0 intrinsics = 146.999,147.120,255.902,256.020 | 0.001,0.000,-0.001,0.001
VioManager.cpp:669 cam1 intrinsics = 147.282,146.640,255.233,255.483 | 0.005,0.000,-0.002,0.001
VioManager.cpp:678 cam0 extrinsics = -0.243,0.242,-0.665,0.664 | -0.012,-0.019,-0.064
VioManager.cpp:678 cam1 extrinsics = -0.332,-0.090,0.243,0.907 | 0.011,-0.025,-0.050
ROS1Visualizer.cpp:483 [34m[TIME]: 0.0064 seconds total (156.7 hz, 0.76 ms behind)
[0mVioManager.cpp:613 [34m[TIME]: 0.0020 seconds for tracking
[0mVioManager.cpp:614 [34m[TIME]: 0.0002 seconds for propagation
[0mVioManager.cpp:615 [34m[TIME]: 0.0000 seconds for MSCKF update (0 feats)
[0mVioManager.cpp:617 [34m[TIME]: 0.0016 seconds for SLAM update (39 feats)
[0mVioManager.cpp:618 [34m[TIME]: 0.0000 seconds for SLAM delayed init (0 feats)
[0mVioManager.cpp:620 [34m[TIME]: 0.0008 seconds for re-tri & marg (11 clones in state)
[0mVioManager.cpp:628 [34m[TIME]: 0.004686 seconds for total (camera 0 1)
[0mVioManager.cpp:654 q_GtoI = 0.011,-0.006,-0.987,0.162 | p_IinG = -0.704,-0.005,0.905 | dist = 1.37 (meters)
VioManager.cpp:657 bg = 0.0001,-0.0020,0.0008 | ba = -0.0253,-0.0560,-0.0086
VioManager.cpp:662 camera-imu timeoffset = -0.00508
VioManager.cpp:669 cam0 intrinsics = 146.997,147.092,255.916,256.049 | 0.002,0.000,-0.001,0.001
VioManager.cpp:669 cam1 intrinsics = 147.280,146.669,255.220,255.539 | 0.005,0.000,-0.003,0.001
VioManager.cpp:678 cam0 extrinsics = -0.242,0.242,-0.665,0.663 | -0.012,-0.019,-0.065
VioManager.cpp:678 cam1 extrinsics = -0.332,-0.090,0.243,0.907 | 0.010,-0.026,-0.050
ROS1Visualizer.cpp:483 [34m[TIME]: 0.0048 seconds total (208.8 hz, 0.76 ms behind)
[0mVioManager.cpp:613 [34m[TIME]: 0.0021 seconds for tracking
[0mVioManager.cpp:614 [34m[TIME]: 0.0001 seconds for propagation
[0mVioManager.cpp:615 [34m[TIME]: 0.0000 seconds for MSCKF update (0 feats)
[0mVioManager.cpp:617 [34m[TIME]: 0.0014 seconds for SLAM update (39 feats)
[0mVioManager.cpp:618 [34m[TIME]: 0.0001 seconds for SLAM delayed init (0 feats)
[0mVioManager.cpp:620 [34m[TIME]: 0.0008 seconds for re-tri & marg (11 clones in state)
[0mVioManager.cpp:628 [34m[TIME]: 0.00457 seconds for total (camera 0 1)
[0mVioManager.cpp:654 q_GtoI = 0.013,-0.003,-0.986,0.166 | p_IinG = -0.715,-0.004,0.912 | dist = 1.39 (meters)
VioManager.cpp:657 bg = 0.0001,-0.0019,0.0008 | ba = -0.0261,-0.0587,-0.0082
VioManager.cpp:662 camera-imu timeoffset = -0.00508
VioManager.cpp:669 cam0 intrinsics = 146.998,147.069,255.927,256.080 | 0.002,0.000,-0.001,0.001
VioManager.cpp:669 cam1 intrinsics = 147.282,146.701,255.208,255.599 | 0.005,0.000,-0.003,0.001
VioManager.cpp:678 cam0 extrinsics = -0.242,0.242,-0.665,0.663 | -0.011,-0.019,-0.065
VioManager.cpp:678 cam1 extrinsics = -0.332,-0.090,0.243,0.907 | 0.010,-0.027,-0.050
ROS1Visualizer.cpp:483 [34m[TIME]: 0.0047 seconds total (214.5 hz, 0.76 ms behind)
[0mVioManager.cpp:613 [34m[TIME]: 0.0023 seconds for tracking
[0mVioManager.cpp:614 [34m[TIME]: 0.0001 seconds for propagation
[0mVioManager.cpp:615 [34m[TIME]: 0.0004 seconds for MSCKF update (1 feats)
[0mVioManager.cpp:617 [34m[TIME]: 0.0014 seconds for SLAM update (38 feats)
[0mVioManager.cpp:618 [34m[TIME]: 0.0002 seconds for SLAM delayed init (0 feats)
[0mVioManager.cpp:620 [34m[TIME]: 0.0008 seconds for re-tri & marg (11 clones in state)
[0mVioManager.cpp:628 [34m[TIME]: 0.005147 seconds for total (camera 0 1)
[0mVioManager.cpp:654 q_GtoI = 0.015,-0.002,-0.985,0.170 | p_IinG = -0.725,-0.004,0.919 | dist = 1.40 (meters)
VioManager.cpp:657 bg = 0.0001,-0.0018,0.0008 | ba = -0.0275,-0.0607,-0.0080
VioManager.cpp:662 camera-imu timeoffset = -0.00509
VioManager.cpp:669 cam0 intrinsics = 146.990,147.047,255.931,256.114 | 0.002,0.000,-0.001,0.001
VioManager.cpp:669 cam1 intrinsics = 147.273,146.733,255.186,255.643 | 0.005,0.000,-0.003,0.001
VioManager.cpp:678 cam0 extrinsics = -0.242,0.242,-0.665,0.663 | -0.011,-0.019,-0.066
VioManager.cpp:678 cam1 extrinsics = -0.332,-0.090,0.243,0.907 | 0.009,-0.028,-0.050
ROS1Visualizer.cpp:483 [34m[TIME]: 0.0053 seconds total (190.4 hz, 0.51 ms behind)
[0mVioManager.cpp:613 [34m[TIME]: 0.0018 seconds for tracking
[0mVioManager.cpp:614 [34m[TIME]: 0.0002 seconds for propagation
[0mVioManager.cpp:615 [34m[TIME]: 0.0001 seconds for MSCKF update (0 feats)
[0mVioManager.cpp:617 [34m[TIME]: 0.0016 seconds for SLAM update (39 feats)
[0mVioManager.cpp:618 [34m[TIME]: 0.0005 seconds for SLAM delayed init (1 feats)
[0mVioManager.cpp:620 [34m[TIME]: 0.0008 seconds for re-tri & marg (11 clones in state)
[0mVioManager.cpp:628 [34m[TIME]: 0.005038 seconds for total (camera 0 1)
[0mVioManager.cpp:654 q_GtoI = 0.016,-0.002,-0.985,0.174 | p_IinG = -0.736,-0.004,0.926 | dist = 1.41 (meters)
VioManager.cpp:657 bg = 0.0001,-0.0017,0.0007 | ba = -0.0286,-0.0622,-0.0077
VioManager.cpp:662 camera-imu timeoffset = -0.00512
VioManager.cpp:669 cam0 intrinsics = 146.969,147.018,255.937,256.151 | 0.002,0.000,-0.001,0.000
VioManager.cpp:669 cam1 intrinsics = 147.262,146.742,255.188,255.685 | 0.005,0.001,-0.003,0.001
VioManager.cpp:678 cam0 extrinsics = -0.242,0.242,-0.666,0.663 | -0.010,-0.020,-0.066
VioManager.cpp:678 cam1 extrinsics = -0.333,-0.090,0.243,0.907 | 0.009,-0.029,-0.049
ROS1Visualizer.cpp:483 [34m[TIME]: 0.0052 seconds total (194.0 hz, 0.76 ms behind)
[0mVioManager.cpp:613 [34m[TIME]: 0.0022 seconds for tracking
[0mVioManager.cpp:614 [34m[TIME]: 0.0002 seconds for propagation
[0mVioManager.cpp:615 [34m[TIME]: 0.0010 seconds for MSCKF update (3 feats)
[0mVioManager.cpp:617 [34m[TIME]: 0.0021 seconds for SLAM update (40 feats)
[0mVioManager.cpp:618 [34m[TIME]: 0.0013 seconds for SLAM delayed init (2 feats)
[0mVioManager.cpp:620 [34m[TIME]: 0.0012 seconds for re-tri & marg (11 clones in state)
[0mVioManager.cpp:628 [34m[TIME]: 0.008119 seconds for total (camera 0 1)
[0mVioManager.cpp:654 q_GtoI = 0.017,-0.004,-0.984,0.178 | p_IinG = -0.747,-0.004,0.933 | dist = 1.42 (meters)
VioManager.cpp:657 bg = 0.0001,-0.0017,0.0007 | ba = -0.0302,-0.0625,-0.0075
VioManager.cpp:662 camera-imu timeoffset = -0.00512
VioManager.cpp:669 cam0 intrinsics = 146.919,146.995,255.949,256.183 | 0.002,0.001,-0.001,0.000
VioManager.cpp:669 cam1 intrinsics = 147.250,146.734,255.159,255.730 | 0.005,0.001,-0.003,0.001
VioManager.cpp:678 cam0 extrinsics = -0.242,0.242,-0.666,0.663 | -0.011,-0.021,-0.067
VioManager.cpp:678 cam1 extrinsics = -0.333,-0.090,0.243,0.907 | 0.008,-0.029,-0.049
ROS1Visualizer.cpp:483 [34m[TIME]: 0.0082 seconds total (121.6 hz, 0.76 ms behind)
[0mVioManager.cpp:613 [34m[TIME]: 0.0018 seconds for tracking
[0mVioManager.cpp:614 [34m[TIME]: 0.0002 seconds for propagation
[0mVioManager.cpp:615 [34m[TIME]: 0.0000 seconds for MSCKF update (0 feats)
[0mVioManager.cpp:617 [34m[TIME]: 0.0019 seconds for SLAM update (41 feats)
[0mVioManager.cpp:618 [34m[TIME]: 0.0004 seconds for SLAM delayed init (1 feats)
[0mVioManager.cpp:620 [34m[TIME]: 0.0008 seconds for re-tri & marg (11 clones in state)
[0mVioManager.cpp:628 [34m[TIME]: 0.00513 seconds for total (camera 0 1)
[0mVioManager.cpp:654 q_GtoI = 0.017,-0.006,-0.983,0.182 | p_IinG = -0.760,-0.005,0.941 | dist = 1.44 (meters)
VioManager.cpp:657 bg = 0.0001,-0.0016,0.0007 | ba = -0.0305,-0.0638,-0.0071
VioManager.cpp:662 camera-imu timeoffset = -0.00514
VioManager.cpp:669 cam0 intrinsics = 146.914,146.970,255.954,256.199 | 0.002,0.001,-0.001,0.000
VioManager.cpp:669 cam1 intrinsics = 147.237,146.726,255.144,255.760 | 0.005,0.001,-0.003,0.001
VioManager.cpp:678 cam0 extrinsics = -0.242,0.242,-0.666,0.663 | -0.010,-0.021,-0.068
VioManager.cpp:678 cam1 extrinsics = -0.333,-0.090,0.243,0.907 | 0.008,-0.030,-0.049
ROS1Visualizer.cpp:483 [34m[TIME]: 0.0052 seconds total (191.0 hz, 0.76 ms behind)
[0mVioManager.cpp:613 [34m[TIME]: 0.0019 seconds for tracking
[0mVioManager.cpp:614 [34m[TIME]: 0.0002 seconds for propagation
[0mVioManager.cpp:615 [34m[TIME]: 0.0000 seconds for MSCKF update (0 feats)
[0mVioManager.cpp:617 [34m[TIME]: 0.0016 seconds for SLAM update (41 feats)
[0mVioManager.cpp:618 [34m[TIME]: 0.0000 seconds for SLAM delayed init (0 feats)
[0mVioManager.cpp:620 [34m[TIME]: 0.0010 seconds for re-tri & marg (11 clones in state)
[0mVioManager.cpp:628 [34m[TIME]: 0.004611 seconds for total (camera 0 1)
[0mVioManager.cpp:654 q_GtoI = 0.017,-0.007,-0.982,0.185 | p_IinG = -0.771,-0.005,0.948 | dist = 1.45 (meters)
VioManager.cpp:657 bg = 0.0001,-0.0015,0.0007 | ba = -0.0312,-0.0655,-0.0069
VioManager.cpp:662 camera-imu timeoffset = -0.00515
VioManager.cpp:669 cam0 intrinsics = 146.892,146.934,255.964,256.220 | 0.002,0.001,-0.001,0.000
VioManager.cpp:669 cam1 intrinsics = 147.235,146.732,255.163,255.805 | 0.005,0.001,-0.003,0.001
VioManager.cpp:678 cam0 extrinsics = -0.242,0.242,-0.666,0.663 | -0.010,-0.022,-0.068
VioManager.cpp:678 cam1 extrinsics = -0.333,-0.091,0.243,0.907 | 0.008,-0.031,-0.049
ROS1Visualizer.cpp:483 [34m[TIME]: 0.0047 seconds total (212.7 hz, 0.51 ms behind)
[0mVioManager.cpp:613 [34m[TIME]: 0.0019 seconds for tracking
[0mVioManager.cpp:614 [34m[TIME]: 0.0001 seconds for propagation
[0mVioManager.cpp:615 [34m[TIME]: 0.0001 seconds for MSCKF update (0 feats)
[0mVioManager.cpp:617 [34m[TIME]: 0.0015 seconds for SLAM update (40 feats)
[0mVioManager.cpp:618 [34m[TIME]: 0.0000 seconds for SLAM delayed init (0 feats)
[0mVioManager.cpp:620 [34m[TIME]: 0.0008 seconds for re-tri & marg (11 clones in state)
[0mVioManager.cpp:628 [34m[TIME]: 0.004325 seconds for total (camera 0 1)
[0mVioManager.cpp:654 q_GtoI = 0.017,-0.006,-0.982,0.189 | p_IinG = -0.784,-0.005,0.955 | dist = 1.47 (meters)
VioManager.cpp:657 bg = 0.0000,-0.0015,0.0007 | ba = -0.0317,-0.0661,-0.0067
VioManager.cpp:662 camera-imu timeoffset = -0.00513
VioManager.cpp:669 cam0 intrinsics = 146.877,146.916,255.979,256.232 | 0.002,0.001,-0.001,0.000
VioManager.cpp:669 cam1 intrinsics = 147.226,146.734,255.132,255.827 | 0.005,0.001,-0.003,0.001
VioManager.cpp:678 cam0 extrinsics = -0.242,0.242,-0.666,0.663 | -0.010,-0.022,-0.069
VioManager.cpp:678 cam1 extrinsics = -0.333,-0.091,0.244,0.906 | 0.008,-0.031,-0.049
ROS1Visualizer.cpp:483 [34m[TIME]: 0.0044 seconds total (226.0 hz, 0.76 ms behind)
[0mVioManager.cpp:613 [34m[TIME]: 0.0017 seconds for tracking
[0mVioManager.cpp:614 [34m[TIME]: 0.0002 seconds for propagation
[0mVioManager.cpp:615 [34m[TIME]: 0.0001 seconds for MSCKF update (0 feats)
[0mVioManager.cpp:617 [34m[TIME]: 0.0020 seconds for SLAM update (40 feats)
[0mVioManager.cpp:618 [34m[TIME]: 0.0005 seconds for SLAM delayed init (1 feats)
[0mVioManager.cpp:620 [34m[TIME]: 0.0008 seconds for re-tri & marg (11 clones in state)
[0mVioManager.cpp:628 [34m[TIME]: 0.005256 seconds for total (camera 0 1)
[0mVioManager.cpp:654 q_GtoI = 0.017,-0.005,-0.981,0.193 | p_IinG = -0.797,-0.005,0.963 | dist = 1.48 (meters)
VioManager.cpp:657 bg = 0.0000,-0.0015,0.0007 | ba = -0.0317,-0.0667,-0.0064
VioManager.cpp:662 camera-imu timeoffset = -0.00512
VioManager.cpp:669 cam0 intrinsics = 146.855,146.893,255.986,256.233 | 0.002,0.001,-0.000,0.000
VioManager.cpp:669 cam1 intrinsics = 147.224,146.746,255.131,255.852 | 0.005,0.001,-0.003,0.001
VioManager.cpp:678 cam0 extrinsics = -0.242,0.242,-0.666,0.663 | -0.010,-0.022,-0.069
VioManager.cpp:678 cam1 extrinsics = -0.333,-0.091,0.244,0.906 | 0.008,-0.031,-0.049
ROS1Visualizer.cpp:483 [34m[TIME]: 0.0054 seconds total (186.5 hz, 0.76 ms behind)
[0mVioManager.cpp:613 [34m[TIME]: 0.0020 seconds for tracking
[0mVioManager.cpp:614 [34m[TIME]: 0.0002 seconds for propagation
[0mVioManager.cpp:615 [34m[TIME]: 0.0001 seconds for MSCKF update (0 feats)
[0mVioManager.cpp:617 [34m[TIME]: 0.0021 seconds for SLAM update (39 feats)
[0mVioManager.cpp:618 [34m[TIME]: 0.0000 seconds for SLAM delayed init (0 feats)
[0mVioManager.cpp:620 [34m[TIME]: 0.0008 seconds for re-tri & marg (11 clones in state)
[0mVioManager.cpp:628 [34m[TIME]: 0.005167 seconds for total (camera 0 1)
[0mVioManager.cpp:654 q_GtoI = 0.018,-0.005,-0.980,0.197 | p_IinG = -0.811,-0.006,0.971 | dist = 1.49 (meters)
VioManager.cpp:657 bg = -0.0000,-0.0015,0.0007 | ba = -0.0314,-0.0670,-0.0062
VioManager.cpp:662 camera-imu timeoffset = -0.00511
VioManager.cpp:669 cam0 intrinsics = 146.839,146.877,255.992,256.225 | 0.001,0.001,-0.000,0.000
VioManager.cpp:669 cam1 intrinsics = 147.218,146.756,255.121,255.865 | 0.005,0.001,-0.003,0.001
VioManager.cpp:678 cam0 extrinsics = -0.242,0.242,-0.666,0.663 | -0.011,-0.022,-0.069
VioManager.cpp:678 cam1 extrinsics = -0.333,-0.091,0.244,0.906 | 0.008,-0.031,-0.049
ROS1Visualizer.cpp:483 [34m[TIME]: 0.0053 seconds total (190.0 hz, 0.76 ms behind)
[0mVioManager.cpp:613 [34m[TIME]: 0.0019 seconds for tracking
[0mVioManager.cpp:614 [34m[TIME]: 0.0002 seconds for propagation
[0mVioManager.cpp:615 [34m[TIME]: 0.0002 seconds for MSCKF update (0 feats)
[0mVioManager.cpp:617 [34m[TIME]: 0.0018 seconds for SLAM update (36 feats)
[0mVioManager.cpp:618 [34m[TIME]: 0.0000 seconds for SLAM delayed init (0 feats)
[0mVioManager.cpp:620 [34m[TIME]: 0.0007 seconds for re-tri & marg (11 clones in state)
[0mVioManager.cpp:628 [34m[TIME]: 0.004848 seconds for total (camera 0 1)
[0mVioManager.cpp:654 q_GtoI = 0.019,-0.005,-0.979,0.201 | p_IinG = -0.825,-0.006,0.978 | dist = 1.51 (meters)
VioManager.cpp:657 bg = -0.0000,-0.0015,0.0007 | ba = -0.0311,-0.0671,-0.0060
VioManager.cpp:662 camera-imu timeoffset = -0.00509
VioManager.cpp:669 cam0 intrinsics = 146.833,146.859,255.989,256.192 | 0.001,0.001,-0.000,0.000
VioManager.cpp:669 cam1 intrinsics = 147.217,146.777,255.113,255.881 | 0.005,0.001,-0.003,0.001
VioManager.cpp:678 cam0 extrinsics = -0.242,0.242,-0.666,0.663 | -0.011,-0.022,-0.069
VioManager.cpp:678 cam1 extrinsics = -0.333,-0.091,0.244,0.906 | 0.008,-0.031,-0.049
ROS1Visualizer.cpp:483 [34m[TIME]: 0.0049 seconds total (202.1 hz, 0.51 ms behind)
[0mVioManager.cpp:613 [34m[TIME]: 0.0022 seconds for tracking
[0mVioManager.cpp:614 [34m[TIME]: 0.0002 seconds for propagation
[0mVioManager.cpp:615 [34m[TIME]: 0.0001 seconds for MSCKF update (0 feats)
[0mVioManager.cpp:617 [34m[TIME]: 0.0019 seconds for SLAM update (35 feats)
[0mVioManager.cpp:618 [34m[TIME]: 0.0000 seconds for SLAM delayed init (0 feats)
[0mVioManager.cpp:620 [34m[TIME]: 0.0014 seconds for re-tri & marg (11 clones in state)
[0mVioManager.cpp:628 [34m[TIME]: 0.005837 seconds for total (camera 0 1)
[0mVioManager.cpp:654 q_GtoI = 0.020,-0.005,-0.978,0.205 | p_IinG = -0.839,-0.007,0.986 | dist = 1.53 (meters)
VioManager.cpp:657 bg = -0.0000,-0.0015,0.0007 | ba = -0.0312,-0.0671,-0.0058
VioManager.cpp:662 camera-imu timeoffset = -0.00509
VioManager.cpp:669 cam0 intrinsics = 146.833,146.848,255.985,256.173 | 0.001,0.001,-0.000,0.000
VioManager.cpp:669 cam1 intrinsics = 147.223,146.783,255.114,255.897 | 0.005,0.001,-0.002,0.001
VioManager.cpp:678 cam0 extrinsics = -0.242,0.242,-0.666,0.663 | -0.011,-0.023,-0.069
VioManager.cpp:678 cam1 extrinsics = -0.333,-0.091,0.244,0.906 | 0.008,-0.030,-0.049
ROS1Visualizer.cpp:483 [34m[TIME]: 0.0060 seconds total (166.8 hz, 0.76 ms behind)
[0mVioManager.cpp:613 [34m[TIME]: 0.0017 seconds for tracking
[0mVioManager.cpp:614 [34m[TIME]: 0.0001 seconds for propagation
[0mVioManager.cpp:615 [34m[TIME]: 0.0000 seconds for MSCKF update (0 feats)
[0mVioManager.cpp:617 [34m[TIME]: 0.0012 seconds for SLAM update (34 feats)
[0mVioManager.cpp:618 [34m[TIME]: 0.0000 seconds for SLAM delayed init (0 feats)
[0mVioManager.cpp:620 [34m[TIME]: 0.0008 seconds for re-tri & marg (11 clones in state)
[0mVioManager.cpp:628 [34m[TIME]: 0.003909 seconds for total (camera 0 1)
[0mVioManager.cpp:654 q_GtoI = 0.022,-0.006,-0.978,0.209 | p_IinG = -0.854,-0.007,0.993 | dist = 1.54 (meters)
VioManager.cpp:657 bg = -0.0001,-0.0015,0.0008 | ba = -0.0312,-0.0672,-0.0056
VioManager.cpp:662 camera-imu timeoffset = -0.00508
VioManager.cpp:669 cam0 intrinsics = 146.834,146.837,255.975,256.144 | 0.001,0.001,-0.000,0.000
VioManager.cpp:669 cam1 intrinsics = 147.222,146.797,255.104,255.910 | 0.005,0.001,-0.002,0.001
VioManager.cpp:678 cam0 extrinsics = -0.242,0.242,-0.666,0.663 | -0.011,-0.023,-0.069
VioManager.cpp:678 cam1 extrinsics = -0.333,-0.091,0.244,0.906 | 0.008,-0.030,-0.049
ROS1Visualizer.cpp:483 [34m[TIME]: 0.0040 seconds total (250.0 hz, 0.76 ms behind)
[0mVioManager.cpp:613 [34m[TIME]: 0.0015 seconds for tracking
[0mVioManager.cpp:614 [34m[TIME]: 0.0001 seconds for propagation
[0mVioManager.cpp:615 [34m[TIME]: 0.0001 seconds for MSCKF update (0 feats)
[0mVioManager.cpp:617 [34m[TIME]: 0.0011 seconds for SLAM update (33 feats)
[0mVioManager.cpp:618 [34m[TIME]: 0.0004 seconds for SLAM delayed init (1 feats)
[0mVioManager.cpp:620 [34m[TIME]: 0.0007 seconds for re-tri & marg (11 clones in state)
[0mVioManager.cpp:628 [34m[TIME]: 0.003908 seconds for total (camera 0 1)
[0mVioManager.cpp:654 q_GtoI = 0.023,-0.008,-0.977,0.213 | p_IinG = -0.869,-0.008,1.001 | dist = 1.56 (meters)
VioManager.cpp:657 bg = -0.0001,-0.0015,0.0008 | ba = -0.0310,-0.0673,-0.0054
VioManager.cpp:662 camera-imu timeoffset = -0.00507
VioManager.cpp:669 cam0 intrinsics = 146.838,146.831,255.959,256.106 | 0.001,0.001,-0.000,0.000
VioManager.cpp:669 cam1 intrinsics = 147.205,146.827,255.054,255.902 | 0.006,0.001,-0.002,0.001
VioManager.cpp:678 cam0 extrinsics = -0.242,0.242,-0.666,0.662 | -0.011,-0.023,-0.069
VioManager.cpp:678 cam1 extrinsics = -0.333,-0.091,0.244,0.906 | 0.008,-0.030,-0.049
ROS1Visualizer.cpp:483 [34m[TIME]: 0.0040 seconds total (250.1 hz, 0.76 ms behind)
[0mVioManager.cpp:613 [34m[TIME]: 0.0022 seconds for tracking
[0mVioManager.cpp:614 [34m[TIME]: 0.0002 seconds for propagation
[0mVioManager.cpp:615 [34m[TIME]: 0.0001 seconds for MSCKF update (0 feats)
[0mVioManager.cpp:617 [34m[TIME]: 0.0016 seconds for SLAM update (35 feats)
[0mVioManager.cpp:618 [34m[TIME]: 0.0009 seconds for SLAM delayed init (2 feats)
[0mVioManager.cpp:620 [34m[TIME]: 0.0008 seconds for re-tri & marg (11 clones in state)
[0mVioManager.cpp:628 [34m[TIME]: 0.005702 seconds for total (camera 0 1)
[0mVioManager.cpp:654 q_GtoI = 0.023,-0.010,-0.976,0.217 | p_IinG = -0.885,-0.008,1.008 | dist = 1.57 (meters)
VioManager.cpp:657 bg = -0.0001,-0.0014,0.0009 | ba = -0.0307,-0.0676,-0.0053
VioManager.cpp:662 camera-imu timeoffset = -0.00506
VioManager.cpp:669 cam0 intrinsics = 146.841,146.824,255.943,256.074 | 0.001,0.001,-0.000,0.000
VioManager.cpp:669 cam1 intrinsics = 147.191,146.861,255.024,255.901 | 0.006,0.001,-0.002,0.001
VioManager.cpp:678 cam0 extrinsics = -0.242,0.242,-0.666,0.662 | -0.011,-0.023,-0.069
VioManager.cpp:678 cam1 extrinsics = -0.333,-0.091,0.244,0.906 | 0.009,-0.029,-0.049
ROS1Visualizer.cpp:483 [34m[TIME]: 0.0058 seconds total (171.4 hz, 0.51 ms behind)
[0mVioManager.cpp:613 [34m[TIME]: 0.0021 seconds for tracking
[0mVioManager.cpp:614 [34m[TIME]: 0.0001 seconds for propagation
[0mVioManager.cpp:615 [34m[TIME]: 0.0000 seconds for MSCKF update (0 feats)
[0mVioManager.cpp:617 [34m[TIME]: 0.0012 seconds for SLAM update (34 feats)
[0mVioManager.cpp:618 [34m[TIME]: 0.0004 seconds for SLAM delayed init (1 feats)
[0mVioManager.cpp:620 [34m[TIME]: 0.0008 seconds for re-tri & marg (11 clones in state)
[0mVioManager.cpp:628 [34m[TIME]: 0.004634 seconds for total (camera 0 1)
[0mVioManager.cpp:654 q_GtoI = 0.024,-0.012,-0.975,0.221 | p_IinG = -0.901,-0.008,1.015 | dist = 1.59 (meters)
VioManager.cpp:657 bg = -0.0001,-0.0014,0.0009 | ba = -0.0300,-0.0684,-0.0051
VioManager.cpp:662 camera-imu timeoffset = -0.00505
VioManager.cpp:669 cam0 intrinsics = 146.839,146.811,255.929,256.043 | 0.001,0.001,-0.000,0.000
VioManager.cpp:669 cam1 intrinsics = 147.183,146.889,255.017,255.917 | 0.006,0.001,-0.002,0.001
VioManager.cpp:678 cam0 extrinsics = -0.242,0.242,-0.667,0.662 | -0.011,-0.023,-0.069
VioManager.cpp:678 cam1 extrinsics = -0.333,-0.091,0.244,0.906 | 0.009,-0.029,-0.050
ROS1Visualizer.cpp:483 [34m[TIME]: 0.0047 seconds total (211.1 hz, 0.76 ms behind)
[0mVioManager.cpp:613 [34m[TIME]: 0.0017 seconds for tracking
[0mVioManager.cpp:614 [34m[TIME]: 0.0001 seconds for propagation
[0mVioManager.cpp:615 [34m[TIME]: 0.0000 seconds for MSCKF update (0 feats)
[0mVioManager.cpp:617 [34m[TIME]: 0.0012 seconds for SLAM update (34 feats)
[0mVioManager.cpp:618 [34m[TIME]: 0.0000 seconds for SLAM delayed init (0 feats)
[0mVioManager.cpp:620 [34m[TIME]: 0.0007 seconds for re-tri & marg (11 clones in state)
[0mVioManager.cpp:628 [34m[TIME]: 0.003919 seconds for total (camera 0 1)
[0mVioManager.cpp:654 q_GtoI = 0.023,-0.015,-0.974,0.224 | p_IinG = -0.917,-0.009,1.022 | dist = 1.61 (meters)
VioManager.cpp:657 bg = -0.0001,-0.0014,0.0009 | ba = -0.0304,-0.0684,-0.0050
VioManager.cpp:662 camera-imu timeoffset = -0.00505
VioManager.cpp:669 cam0 intrinsics = 146.845,146.806,255.921,256.016 | 0.001,0.001,-0.000,0.000
VioManager.cpp:669 cam1 intrinsics = 147.180,146.909,254.998,255.911 | 0.006,0.001,-0.002,0.001
VioManager.cpp:678 cam0 extrinsics = -0.242,0.242,-0.667,0.662 | -0.011,-0.023,-0.069
VioManager.cpp:678 cam1 extrinsics = -0.333,-0.091,0.244,0.906 | 0.009,-0.029,-0.050
ROS1Visualizer.cpp:483 [34m[TIME]: 0.0040 seconds total (249.1 hz, 0.75 ms behind)
[0mVioManager.cpp:613 [34m[TIME]: 0.0018 seconds for tracking
[0mVioManager.cpp:614 [34m[TIME]: 0.0001 seconds for propagation
[0mVioManager.cpp:615 [34m[TIME]: 0.0000 seconds for MSCKF update (0 feats)
[0mVioManager.cpp:617 [34m[TIME]: 0.0013 seconds for SLAM update (34 feats)
[0mVioManager.cpp:618 [34m[TIME]: 0.0000 seconds for SLAM delayed init (0 feats)
[0mVioManager.cpp:620 [34m[TIME]: 0.0008 seconds for re-tri & marg (11 clones in state)
[0mVioManager.cpp:628 [34m[TIME]: 0.004043 seconds for total (camera 0 1)
[0mVioManager.cpp:654 q_GtoI = 0.023,-0.017,-0.973,0.228 | p_IinG = -0.934,-0.009,1.029 | dist = 1.62 (meters)
VioManager.cpp:657 bg = -0.0002,-0.0014,0.0009 | ba = -0.0304,-0.0688,-0.0049
VioManager.cpp:662 camera-imu timeoffset = -0.00505
VioManager.cpp:669 cam0 intrinsics = 146.855,146.801,255.911,255.996 | 0.001,0.001,-0.000,0.000
VioManager.cpp:669 cam1 intrinsics = 147.172,146.926,254.990,255.919 | 0.006,0.001,-0.002,0.001
VioManager.cpp:678 cam0 extrinsics = -0.241,0.242,-0.667,0.662 | -0.011,-0.023,-0.069
VioManager.cpp:678 cam1 extrinsics = -0.333,-0.091,0.244,0.906 | 0.009,-0.028,-0.051
ROS1Visualizer.cpp:483 [34m[TIME]: 0.0042 seconds total (240.9 hz, 0.76 ms behind)
[0mVioManager.cpp:613 [34m[TIME]: 0.0020 seconds for tracking
[0mVioManager.cpp:614 [34m[TIME]: 0.0002 seconds for propagation
[0mVioManager.cpp:615 [34m[TIME]: 0.0001 seconds for MSCKF update (0 feats)
[0mVioManager.cpp:617 [34m[TIME]: 0.0015 seconds for SLAM update (35 feats)
[0mVioManager.cpp:618 [34m[TIME]: 0.0007 seconds for SLAM delayed init (2 feats)
[0mVioManager.cpp:620 [34m[TIME]: 0.0008 seconds for re-tri & marg (11 clones in state)
[0mVioManager.cpp:628 [34m[TIME]: 0.005321 seconds for total (camera 0 1)
[0mVioManager.cpp:654 q_GtoI = 0.022,-0.018,-0.972,0.232 | p_IinG = -0.950,-0.009,1.036 | dist = 1.64 (meters)
VioManager.cpp:657 bg = -0.0002,-0.0014,0.0009 | ba = -0.0308,-0.0691,-0.0048
VioManager.cpp:662 camera-imu timeoffset = -0.00504
VioManager.cpp:669 cam0 intrinsics = 146.853,146.788,255.908,255.974 | 0.002,0.001,-0.000,0.000
VioManager.cpp:669 cam1 intrinsics = 147.178,146.945,254.990,255.918 | 0.005,0.001,-0.002,0.001
VioManager.cpp:678 cam0 extrinsics = -0.241,0.242,-0.667,0.662 | -0.011,-0.023,-0.069
VioManager.cpp:678 cam1 extrinsics = -0.334,-0.091,0.244,0.906 | 0.009,-0.028,-0.051
ROS1Visualizer.cpp:483 [34m[TIME]: 0.0054 seconds total (184.6 hz, 0.51 ms behind)
[0mVioManager.cpp:613 [34m[TIME]: 0.0021 seconds for tracking
[0mVioManager.cpp:614 [34m[TIME]: 0.0002 seconds for propagation
[0mVioManager.cpp:615 [34m[TIME]: 0.0000 seconds for MSCKF update (0 feats)
[0mVioManager.cpp:617 [34m[TIME]: 0.0015 seconds for SLAM update (35 feats)
[0mVioManager.cpp:618 [34m[TIME]: 0.0000 seconds for SLAM delayed init (0 feats)
[0mVioManager.cpp:620 [34m[TIME]: 0.0008 seconds for re-tri & marg (11 clones in state)
[0mVioManager.cpp:628 [34m[TIME]: 0.004632 seconds for total (camera 0 1)
[0mVioManager.cpp:654 q_GtoI = 0.021,-0.018,-0.971,0.236 | p_IinG = -0.967,-0.008,1.044 | dist = 1.66 (meters)
VioManager.cpp:657 bg = -0.0002,-0.0013,0.0010 | ba = -0.0310,-0.0697,-0.0048
VioManager.cpp:662 camera-imu timeoffset = -0.00503
VioManager.cpp:669 cam0 intrinsics = 146.860,146.782,255.903,255.956 | 0.002,0.001,-0.000,0.000
VioManager.cpp:669 cam1 intrinsics = 147.171,146.968,254.979,255.920 | 0.005,0.001,-0.002,0.000
VioManager.cpp:678 cam0 extrinsics = -0.241,0.242,-0.667,0.662 | -0.011,-0.023,-0.069
VioManager.cpp:678 cam1 extrinsics = -0.334,-0.091,0.244,0.906 | 0.009,-0.027,-0.052
ROS1Visualizer.cpp:483 [34m[TIME]: 0.0047 seconds total (211.9 hz, 0.75 ms behind)
[0mVioManager.cpp:613 [34m[TIME]: 0.0021 seconds for tracking
[0mVioManager.cpp:614 [34m[TIME]: 0.0003 seconds for propagation
[0mVioManager.cpp:615 [34m[TIME]: 0.0001 seconds for MSCKF update (0 feats)
[0mVioManager.cpp:617 [34m[TIME]: 0.0018 seconds for SLAM update (35 feats)
[0mVioManager.cpp:618 [34m[TIME]: 0.0004 seconds for SLAM delayed init (1 feats)
[0mVioManager.cpp:620 [34m[TIME]: 0.0009 seconds for re-tri & marg (11 clones in state)
[0mVioManager.cpp:628 [34m[TIME]: 0.005607 seconds for total (camera 0 1)
[0mVioManager.cpp:654 q_GtoI = 0.021,-0.017,-0.970,0.240 | p_IinG = -0.985,-0.007,1.051 | dist = 1.68 (meters)
VioManager.cpp:657 bg = -0.0002,-0.0013,0.0010 | ba = -0.0314,-0.0699,-0.0047
VioManager.cpp:662 camera-imu timeoffset = -0.00502
VioManager.cpp:669 cam0 intrinsics = 146.869,146.778,255.901,255.929 | 0.002,0.001,-0.000,0.000
VioManager.cpp:669 cam1 intrinsics = 147.148,146.992,254.952,255.914 | 0.005,0.001,-0.002,0.000
VioManager.cpp:678 cam0 extrinsics = -0.241,0.242,-0.667,0.662 | -0.011,-0.024,-0.069
VioManager.cpp:678 cam1 extrinsics = -0.334,-0.091,0.244,0.906 | 0.010,-0.027,-0.053
ROS1Visualizer.cpp:483 [34m[TIME]: 0.0057 seconds total (174.5 hz, 0.75 ms behind)
[0mVioManager.cpp:613 [34m[TIME]: 0.0021 seconds for tracking
[0mVioManager.cpp:614 [34m[TIME]: 0.0002 seconds for propagation
[0mVioManager.cpp:615 [34m[TIME]: 0.0000 seconds for MSCKF update (0 feats)
[0mVioManager.cpp:617 [34m[TIME]: 0.0013 seconds for SLAM update (37 feats)
[0mVioManager.cpp:618 [34m[TIME]: 0.0010 seconds for SLAM delayed init (3 feats)
[0mVioManager.cpp:620 [34m[TIME]: 0.0008 seconds for re-tri & marg (11 clones in state)
[0mVioManager.cpp:628 [34m[TIME]: 0.005365 seconds for total (camera 0 1)
[0mVioManager.cpp:654 q_GtoI = 0.022,-0.014,-0.969,0.244 | p_IinG = -1.003,-0.005,1.059 | dist = 1.70 (meters)
VioManager.cpp:657 bg = -0.0002,-0.0013,0.0010 | ba = -0.0311,-0.0711,-0.0047
VioManager.cpp:662 camera-imu timeoffset = -0.00502
VioManager.cpp:669 cam0 intrinsics = 146.915,146.793,255.868,255.904 | 0.002,0.001,-0.000,0.000
VioManager.cpp:669 cam1 intrinsics = 147.136,147.016,254.946,255.934 | 0.005,0.001,-0.002,0.000
VioManager.cpp:678 cam0 extrinsics = -0.241,0.242,-0.667,0.662 | -0.010,-0.022,-0.069
VioManager.cpp:678 cam1 extrinsics = -0.334,-0.091,0.244,0.906 | 0.010,-0.026,-0.053
ROS1Visualizer.cpp:483 [34m[TIME]: 0.0055 seconds total (182.7 hz, 0.75 ms behind)
[0mVioManager.cpp:613 [34m[TIME]: 0.0019 seconds for tracking
[0mVioManager.cpp:614 [34m[TIME]: 0.0002 seconds for propagation
[0mVioManager.cpp:615 [34m[TIME]: 0.0001 seconds for MSCKF update (0 feats)
[0mVioManager.cpp:617 [34m[TIME]: 0.0019 seconds for SLAM update (39 feats)
[0mVioManager.cpp:618 [34m[TIME]: 0.0013 seconds for SLAM delayed init (4 feats)
[0mVioManager.cpp:620 [34m[TIME]: 0.0008 seconds for re-tri & marg (11 clones in state)
[0mVioManager.cpp:628 [34m[TIME]: 0.006195 seconds for total (camera 0 1)
[0mVioManager.cpp:654 q_GtoI = 0.022,-0.012,-0.969,0.248 | p_IinG = -1.022,-0.004,1.068 | dist = 1.72 (meters)
VioManager.cpp:657 bg = -0.0002,-0.0013,0.0011 | ba = -0.0311,-0.0710,-0.0046
VioManager.cpp:662 camera-imu timeoffset = -0.00502
VioManager.cpp:669 cam0 intrinsics = 146.906,146.777,255.871,255.875 | 0.002,0.001,-0.000,0.000
VioManager.cpp:669 cam1 intrinsics = 147.088,147.063,254.925,255.917 | 0.005,0.001,-0.002,0.000
VioManager.cpp:678 cam0 extrinsics = -0.241,0.241,-0.667,0.662 | -0.011,-0.023,-0.069
VioManager.cpp:678 cam1 extrinsics = -0.334,-0.091,0.244,0.906 | 0.010,-0.026,-0.054
ROS1Visualizer.cpp:483 [34m[TIME]: 0.0063 seconds total (158.8 hz, 0.50 ms behind)
[0mVioManager.cpp:613 [34m[TIME]: 0.0022 seconds for tracking
[0mVioManager.cpp:614 [34m[TIME]: 0.0001 seconds for propagation
[0mVioManager.cpp:615 [34m[TIME]: 0.0001 seconds for MSCKF update (0 feats)
[0mVioManager.cpp:617 [34m[TIME]: 0.0014 seconds for SLAM update (41 feats)
[0mVioManager.cpp:618 [34m[TIME]: 0.0014 seconds for SLAM delayed init (4 feats)
[0mVioManager.cpp:620 [34m[TIME]: 0.0008 seconds for re-tri & marg (11 clones in state)
[0mVioManager.cpp:628 [34m[TIME]: 0.005906 seconds for total (camera 0 1)
[0mVioManager.cpp:654 q_GtoI = 0.023,-0.010,-0.968,0.252 | p_IinG = -1.040,-0.003,1.076 | dist = 1.74 (meters)
VioManager.cpp:657 bg = -0.0002,-0.0013,0.0011 | ba = -0.0320,-0.0702,-0.0046
VioManager.cpp:662 camera-imu timeoffset = -0.00500
VioManager.cpp:669 cam0 intrinsics = 146.917,146.793,255.875,255.855 | 0.002,0.001,-0.000,0.000
VioManager.cpp:669 cam1 intrinsics = 147.081,147.060,254.922,255.942 | 0.005,0.001,-0.002,0.000
VioManager.cpp:678 cam0 extrinsics = -0.241,0.241,-0.667,0.662 | -0.011,-0.023,-0.069
VioManager.cpp:678 cam1 extrinsics = -0.334,-0.091,0.244,0.906 | 0.010,-0.026,-0.054
ROS1Visualizer.cpp:483 [34m[TIME]: 0.0060 seconds total (166.5 hz, 0.75 ms behind)
[0mVioManager.cpp:613 [34m[TIME]: 0.0023 seconds for tracking
[0mVioManager.cpp:614 [34m[TIME]: 0.0002 seconds for propagation
[0mVioManager.cpp:615 [34m[TIME]: 0.0001 seconds for MSCKF update (0 feats)
[0mVioManager.cpp:617 [34m[TIME]: 0.0018 seconds for SLAM update (40 feats)
[0mVioManager.cpp:618 [34m[TIME]: 0.0000 seconds for SLAM delayed init (0 feats)
[0mVioManager.cpp:620 [34m[TIME]: 0.0008 seconds for re-tri & marg (11 clones in state)
[0mVioManager.cpp:628 [34m[TIME]: 0.005206 seconds for total (camera 0 1)
[0mVioManager.cpp:654 q_GtoI = 0.023,-0.009,-0.966,0.256 | p_IinG = -1.058,-0.002,1.085 | dist = 1.76 (meters)
VioManager.cpp:657 bg = -0.0002,-0.0013,0.0011 | ba = -0.0323,-0.0702,-0.0045
VioManager.cpp:662 camera-imu timeoffset = -0.00501
VioManager.cpp:669 cam0 intrinsics = 146.916,146.790,255.872,255.835 | 0.002,0.001,-0.001,0.000
VioManager.cpp:669 cam1 intrinsics = 147.053,147.059,254.916,255.948 | 0.005,0.001,-0.002,0.000
VioManager.cpp:678 cam0 extrinsics = -0.241,0.241,-0.667,0.662 | -0.011,-0.023,-0.069
VioManager.cpp:678 cam1 extrinsics = -0.334,-0.091,0.244,0.906 | 0.011,-0.026,-0.054
ROS1Visualizer.cpp:483 [34m[TIME]: 0.0053 seconds total (188.5 hz, 0.75 ms behind)
[0mVioManager.cpp:613 [34m[TIME]: 0.0018 seconds for tracking
[0mVioManager.cpp:614 [34m[TIME]: 0.0001 seconds for propagation
[0mVioManager.cpp:615 [34m[TIME]: 0.0001 seconds for MSCKF update (0 feats)
[0mVioManager.cpp:617 [34m[TIME]: 0.0014 seconds for SLAM update (38 feats)
[0mVioManager.cpp:618 [34m[TIME]: 0.0001 seconds for SLAM delayed init (0 feats)
[0mVioManager.cpp:620 [34m[TIME]: 0.0008 seconds for re-tri & marg (11 clones in state)
[0mVioManager.cpp:628 [34m[TIME]: 0.004441 seconds for total (camera 0 1)
[0mVioManager.cpp:654 q_GtoI = 0.023,-0.010,-0.965,0.260 | p_IinG = -1.078,-0.000,1.094 | dist = 1.78 (meters)
VioManager.cpp:657 bg = -0.0002,-0.0012,0.0011 | ba = -0.0326,-0.0703,-0.0045
VioManager.cpp:662 camera-imu timeoffset = -0.00502
VioManager.cpp:669 cam0 intrinsics = 146.918,146.786,255.872,255.822 | 0.002,0.001,-0.001,0.000
VioManager.cpp:669 cam1 intrinsics = 147.036,147.050,254.922,255.961 | 0.005,0.001,-0.002,0.000
VioManager.cpp:678 cam0 extrinsics = -0.241,0.241,-0.667,0.662 | -0.011,-0.023,-0.069
VioManager.cpp:678 cam1 extrinsics = -0.334,-0.091,0.244,0.906 | 0.011,-0.026,-0.054
ROS1Visualizer.cpp:483 [34m[TIME]: 0.0046 seconds total (219.3 hz, 0.75 ms behind)
[0mVioManager.cpp:613 [34m[TIME]: 0.0024 seconds for tracking
[0mVioManager.cpp:614 [34m[TIME]: 0.0002 seconds for propagation
[0mVioManager.cpp:615 [34m[TIME]: 0.0001 seconds for MSCKF update (0 feats)
[0mVioManager.cpp:617 [34m[TIME]: 0.0015 seconds for SLAM update (37 feats)
[0mVioManager.cpp:618 [34m[TIME]: 0.0002 seconds for SLAM delayed init (0 feats)
[0mVioManager.cpp:620 [34m[TIME]: 0.0008 seconds for re-tri & marg (11 clones in state)
[0mVioManager.cpp:628 [34m[TIME]: 0.00512 seconds for total (camera 0 1)
[0mVioManager.cpp:654 q_GtoI = 0.023,-0.010,-0.964,0.264 | p_IinG = -1.097,0.001,1.104 | dist = 1.81 (meters)
VioManager.cpp:657 bg = -0.0002,-0.0012,0.0011 | ba = -0.0328,-0.0699,-0.0044
VioManager.cpp:662 camera-imu timeoffset = -0.00502
VioManager.cpp:669 cam0 intrinsics = 146.921,146.791,255.880,255.807 | 0.002,0.001,-0.001,0.000
VioManager.cpp:669 cam1 intrinsics = 147.020,147.035,254.925,255.979 | 0.005,0.001,-0.002,0.000
VioManager.cpp:678 cam0 extrinsics = -0.241,0.241,-0.667,0.662 | -0.011,-0.023,-0.069
VioManager.cpp:678 cam1 extrinsics = -0.334,-0.091,0.245,0.906 | 0.011,-0.026,-0.054
ROS1Visualizer.cpp:483 [34m[TIME]: 0.0052 seconds total (190.9 hz, 0.50 ms behind)
[0mVioManager.cpp:613 [34m[TIME]: 0.0024 seconds for tracking
[0mVioManager.cpp:614 [34m[TIME]: 0.0002 seconds for propagation
[0mVioManager.cpp:615 [34m[TIME]: 0.0005 seconds for MSCKF update (3 feats)
[0mVioManager.cpp:617 [34m[TIME]: 0.0013 seconds for SLAM update (38 feats)
[0mVioManager.cpp:618 [34m[TIME]: 0.0008 seconds for SLAM delayed init (2 feats)
[0mVioManager.cpp:620 [34m[TIME]: 0.0009 seconds for re-tri & marg (11 clones in state)
[0mVioManager.cpp:628 [34m[TIME]: 0.006111 seconds for total (camera 0 1)
[0mVioManager.cpp:654 q_GtoI = 0.021,-0.009,-0.963,0.268 | p_IinG = -1.117,0.003,1.115 | dist = 1.83 (meters)
VioManager.cpp:657 bg = -0.0002,-0.0012,0.0011 | ba = -0.0327,-0.0701,-0.0044
VioManager.cpp:662 camera-imu timeoffset = -0.00503
VioManager.cpp:669 cam0 intrinsics = 146.944,146.792,255.873,255.803 | 0.002,0.001,-0.001,0.000
VioManager.cpp:669 cam1 intrinsics = 147.001,147.021,254.918,256.002 | 0.005,0.001,-0.002,0.000
VioManager.cpp:678 cam0 extrinsics = -0.241,0.241,-0.667,0.662 | -0.011,-0.023,-0.068
VioManager.cpp:678 cam1 extrinsics = -0.334,-0.091,0.244,0.906 | 0.011,-0.026,-0.055
ROS1Visualizer.cpp:483 [34m[TIME]: 0.0062 seconds total (160.7 hz, 0.75 ms behind)
[0mVioManager.cpp:613 [34m[TIME]: 0.0022 seconds for tracking
[0mVioManager.cpp:614 [34m[TIME]: 0.0001 seconds for propagation
[0mVioManager.cpp:615 [34m[TIME]: 0.0000 seconds for MSCKF update (0 feats)
[0mVioManager.cpp:617 [34m[TIME]: 0.0014 seconds for SLAM update (37 feats)
[0mVioManager.cpp:618 [34m[TIME]: 0.0000 seconds for SLAM delayed init (0 feats)
[0mVioManager.cpp:620 [34m[TIME]: 0.0008 seconds for re-tri & marg (11 clones in state)
[0mVioManager.cpp:628 [34m[TIME]: 0.004624 seconds for total (camera 0 1)
[0mVioManager.cpp:654 q_GtoI = 0.020,-0.008,-0.962,0.272 | p_IinG = -1.137,0.004,1.125 | dist = 1.85 (meters)
VioManager.cpp:657 bg = -0.0002,-0.0012,0.0011 | ba = -0.0328,-0.0699,-0.0044
VioManager.cpp:662 camera-imu timeoffset = -0.00503
VioManager.cpp:669 cam0 intrinsics = 146.953,146.798,255.879,255.798 | 0.002,0.001,-0.001,0.000
VioManager.cpp:669 cam1 intrinsics = 146.982,147.006,254.931,256.022 | 0.004,0.002,-0.001,0.000
VioManager.cpp:678 cam0 extrinsics = -0.241,0.241,-0.667,0.662 | -0.011,-0.023,-0.068
VioManager.cpp:678 cam1 extrinsics = -0.334,-0.091,0.245,0.906 | 0.011,-0.026,-0.055
ROS1Visualizer.cpp:483 [34m[TIME]: 0.0047 seconds total (211.4 hz, 0.75 ms behind)
[0mVioManager.cpp:613 [34m[TIME]: 0.0019 seconds for tracking
[0mVioManager.cpp:614 [34m[TIME]: 0.0001 seconds for propagation
[0mVioManager.cpp:615 [34m[TIME]: 0.0001 seconds for MSCKF update (0 feats)
[0mVioManager.cpp:617 [34m[TIME]: 0.0013 seconds for SLAM update (37 feats)
[0mVioManager.cpp:618 [34m[TIME]: 0.0004 seconds for SLAM delayed init (1 feats)
[0mVioManager.cpp:620 [34m[TIME]: 0.0008 seconds for re-tri & marg (11 clones in state)
[0mVioManager.cpp:628 [34m[TIME]: 0.004593 seconds for total (camera 0 1)
[0mVioManager.cpp:654 q_GtoI = 0.020,-0.009,-0.961,0.276 | p_IinG = -1.157,0.005,1.135 | dist = 1.87 (meters)
VioManager.cpp:657 bg = -0.0002,-0.0012,0.0011 | ba = -0.0331,-0.0697,-0.0044
VioManager.cpp:662 camera-imu timeoffset = -0.00504
VioManager.cpp:669 cam0 intrinsics = 146.960,146.804,255.887,255.787 | 0.002,0.001,-0.001,0.000
VioManager.cpp:669 cam1 intrinsics = 146.955,146.996,254.924,256.043 | 0.004,0.002,-0.001,-0.000
VioManager.cpp:678 cam0 extrinsics = -0.241,0.241,-0.667,0.662 | -0.011,-0.023,-0.068
VioManager.cpp:678 cam1 extrinsics = -0.334,-0.091,0.245,0.906 | 0.012,-0.026,-0.055
ROS1Visualizer.cpp:483 [34m[TIME]: 0.0047 seconds total (213.3 hz, 0.75 ms behind)
[0mVioManager.cpp:613 [34m[TIME]: 0.0023 seconds for tracking
[0mVioManager.cpp:614 [34m[TIME]: 0.0002 seconds for propagation
[0mVioManager.cpp:615 [34m[TIME]: 0.0000 seconds for MSCKF update (0 feats)
[0mVioManager.cpp:617 [34m[TIME]: 0.0020 seconds for SLAM update (38 feats)
[0mVioManager.cpp:618 [34m[TIME]: 0.0004 seconds for SLAM delayed init (1 feats)
[0mVioManager.cpp:620 [34m[TIME]: 0.0008 seconds for re-tri & marg (11 clones in state)
[0mVioManager.cpp:628 [34m[TIME]: 0.005657 seconds for total (camera 0 1)
[0mVioManager.cpp:654 q_GtoI = 0.019,-0.011,-0.960,0.279 | p_IinG = -1.178,0.005,1.145 | dist = 1.90 (meters)
VioManager.cpp:657 bg = -0.0002,-0.0012,0.0011 | ba = -0.0330,-0.0691,-0.0044
VioManager.cpp:662 camera-imu timeoffset = -0.00505
VioManager.cpp:669 cam0 intrinsics = 146.967,146.814,255.897,255.773 | 0.002,0.001,-0.001,0.000
VioManager.cpp:669 cam1 intrinsics = 146.933,146.982,254.937,256.051 | 0.004,0.002,-0.001,-0.000
VioManager.cpp:678 cam0 extrinsics = -0.241,0.241,-0.667,0.662 | -0.012,-0.023,-0.068
VioManager.cpp:678 cam1 extrinsics = -0.334,-0.091,0.245,0.906 | 0.012,-0.026,-0.055
ROS1Visualizer.cpp:483 [34m[TIME]: 0.0058 seconds total (173.8 hz, 0.50 ms behind)
[0mVioManager.cpp:613 [34m[TIME]: 0.0023 seconds for tracking
[0mVioManager.cpp:614 [34m[TIME]: 0.0001 seconds for propagation
[0mVioManager.cpp:615 [34m[TIME]: 0.0004 seconds for MSCKF update (4 feats)
[0mVioManager.cpp:617 [34m[TIME]: 0.0013 seconds for SLAM update (40 feats)
[0mVioManager.cpp:618 [34m[TIME]: 0.0007 seconds for SLAM delayed init (2 feats)
[0mVioManager.cpp:620 [34m[TIME]: 0.0009 seconds for re-tri & marg (11 clones in state)
[0mVioManager.cpp:628 [34m[TIME]: 0.005757 seconds for total (camera 0 1)
[0mVioManager.cpp:654 q_GtoI = 0.020,-0.015,-0.959,0.283 | p_IinG = -1.198,0.006,1.155 | dist = 1.92 (meters)
VioManager.cpp:657 bg = -0.0002,-0.0012,0.0011 | ba = -0.0328,-0.0690,-0.0043
VioManager.cpp:662 camera-imu timeoffset = -0.00505
VioManager.cpp:669 cam0 intrinsics = 146.929,146.807,255.912,255.771 | 0.002,0.001,-0.001,0.000
VioManager.cpp:669 cam1 intrinsics = 146.927,146.981,254.956,256.091 | 0.004,0.002,-0.001,-0.000
VioManager.cpp:678 cam0 extrinsics = -0.241,0.241,-0.667,0.662 | -0.012,-0.023,-0.069
VioManager.cpp:678 cam1 extrinsics = -0.334,-0.091,0.245,0.906 | 0.012,-0.026,-0.055
ROS1Visualizer.cpp:483 [34m[TIME]: 0.0059 seconds total (170.2 hz, 0.76 ms behind)
[0mVioManager.cpp:613 [34m[TIME]: 0.0028 seconds for tracking
[0mVioManager.cpp:614 [34m[TIME]: 0.0002 seconds for propagation
[0mVioManager.cpp:615 [34m[TIME]: 0.0002 seconds for MSCKF update (0 feats)
[0mVioManager.cpp:617 [34m[TIME]: 0.0017 seconds for SLAM update (37 feats)
[0mVioManager.cpp:618 [34m[TIME]: 0.0001 seconds for SLAM delayed init (0 feats)
[0mVioManager.cpp:620 [34m[TIME]: 0.0008 seconds for re-tri & marg (11 clones in state)
[0mVioManager.cpp:628 [34m[TIME]: 0.005724 seconds for total (camera 0 1)
[0mVioManager.cpp:654 q_GtoI = 0.020,-0.018,-0.957,0.287 | p_IinG = -1.219,0.007,1.164 | dist = 1.94 (meters)
VioManager.cpp:657 bg = -0.0002,-0.0012,0.0011 | ba = -0.0325,-0.0689,-0.0043
VioManager.cpp:662 camera-imu timeoffset = -0.00507
VioManager.cpp:669 cam0 intrinsics = 146.903,146.796,255.926,255.778 | 0.002,0.001,-0.001,0.000
VioManager.cpp:669 cam1 intrinsics = 146.909,146.949,254.983,256.119 | 0.003,0.002,-0.001,-0.000
VioManager.cpp:678 cam0 extrinsics = -0.241,0.241,-0.667,0.662 | -0.012,-0.024,-0.068
VioManager.cpp:678 cam1 extrinsics = -0.335,-0.091,0.245,0.905 | 0.012,-0.026,-0.056
ROS1Visualizer.cpp:483 [34m[TIME]: 0.0058 seconds total (171.8 hz, 0.76 ms behind)
[0mVioManager.cpp:613 [34m[TIME]: 0.0018 seconds for tracking
[0mVioManager.cpp:614 [34m[TIME]: 0.0001 seconds for propagation
[0mVioManager.cpp:615 [34m[TIME]: 0.0000 seconds for MSCKF update (0 feats)
[0mVioManager.cpp:617 [34m[TIME]: 0.0013 seconds for SLAM update (39 feats)
[0mVioManager.cpp:618 [34m[TIME]: 0.0010 seconds for SLAM delayed init (3 feats)
[0mVioManager.cpp:620 [34m[TIME]: 0.0008 seconds for re-tri & marg (11 clones in state)
[0mVioManager.cpp:628 [34m[TIME]: 0.005098 seconds for total (camera 0 1)
[0mVioManager.cpp:654 q_GtoI = 0.021,-0.022,-0.956,0.291 | p_IinG = -1.239,0.009,1.173 | dist = 1.96 (meters)
VioManager.cpp:657 bg = -0.0002,-0.0012,0.0011 | ba = -0.0321,-0.0691,-0.0043
VioManager.cpp:662 camera-imu timeoffset = -0.00508
VioManager.cpp:669 cam0 intrinsics = 146.871,146.787,255.914,255.761 | 0.002,0.001,-0.000,0.000
VioManager.cpp:669 cam1 intrinsics = 146.885,146.919,255.006,256.160 | 0.003,0.002,-0.001,-0.000
VioManager.cpp:678 cam0 extrinsics = -0.241,0.241,-0.667,0.662 | -0.012,-0.025,-0.068
VioManager.cpp:678 cam1 extrinsics = -0.335,-0.090,0.245,0.905 | 0.012,-0.026,-0.057
ROS1Visualizer.cpp:483 [34m[TIME]: 0.0052 seconds total (192.4 hz, 0.76 ms behind)
[0mVioManager.cpp:613 [34m[TIME]: 0.0020 seconds for tracking
[0mVioManager.cpp:614 [34m[TIME]: 0.0001 seconds for propagation
[0mVioManager.cpp:615 [34m[TIME]: 0.0002 seconds for MSCKF update (1 feats)
[0mVioManager.cpp:617 [34m[TIME]: 0.0014 seconds for SLAM update (38 feats)
[0mVioManager.cpp:618 [34m[TIME]: 0.0000 seconds for SLAM delayed init (0 feats)
[0mVioManager.cpp:620 [34m[TIME]: 0.0008 seconds for re-tri & marg (11 clones in state)
[0mVioManager.cpp:628 [34m[TIME]: 0.004561 seconds for total (camera 0 1)
[0mVioManager.cpp:654 q_GtoI = 0.022,-0.025,-0.955,0.295 | p_IinG = -1.261,0.012,1.181 | dist = 1.99 (meters)
VioManager.cpp:657 bg = -0.0002,-0.0012,0.0011 | ba = -0.0316,-0.0691,-0.0043
VioManager.cpp:662 camera-imu timeoffset = -0.00509
VioManager.cpp:669 cam0 intrinsics = 146.827,146.767,255.931,255.744 | 0.002,0.001,-0.000,0.000
VioManager.cpp:669 cam1 intrinsics = 146.842,146.875,255.010,256.184 | 0.003,0.002,-0.000,-0.000
VioManager.cpp:678 cam0 extrinsics = -0.241,0.241,-0.667,0.662 | -0.012,-0.025,-0.068
VioManager.cpp:678 cam1 extrinsics = -0.335,-0.090,0.245,0.905 | 0.013,-0.025,-0.058
ROS1Visualizer.cpp:483 [34m[TIME]: 0.0047 seconds total (214.6 hz, 0.51 ms behind)
[0mVioManager.cpp:613 [34m[TIME]: 0.0019 seconds for tracking
[0mVioManager.cpp:614 [34m[TIME]: 0.0001 seconds for propagation
[0mVioManager.cpp:615 [34m[TIME]: 0.0000 seconds for MSCKF update (0 feats)
[0mVioManager.cpp:617 [34m[TIME]: 0.0014 seconds for SLAM update (38 feats)
[0mVioManager.cpp:618 [34m[TIME]: 0.0000 seconds for SLAM delayed init (0 feats)
[0mVioManager.cpp:620 [34m[TIME]: 0.0008 seconds for re-tri & marg (11 clones in state)
[0mVioManager.cpp:628 [34m[TIME]: 0.004215 seconds for total (camera 0 1)
[0mVioManager.cpp:654 q_GtoI = 0.021,-0.026,-0.954,0.299 | p_IinG = -1.282,0.014,1.188 | dist = 2.01 (meters)
VioManager.cpp:657 bg = -0.0002,-0.0012,0.0011 | ba = -0.0310,-0.0692,-0.0043
VioManager.cpp:662 camera-imu timeoffset = -0.00511
VioManager.cpp:669 cam0 intrinsics = 146.748,146.735,255.946,255.737 | 0.002,0.001,-0.000,0.000
VioManager.cpp:669 cam1 intrinsics = 146.808,146.838,255.008,256.222 | 0.003,0.002,-0.000,-0.001
VioManager.cpp:678 cam0 extrinsics = -0.241,0.241,-0.667,0.662 | -0.013,-0.027,-0.067
VioManager.cpp:678 cam1 extrinsics = -0.335,-0.090,0.245,0.905 | 0.013,-0.025,-0.060
ROS1Visualizer.cpp:483 [34m[TIME]: 0.0043 seconds total (232.2 hz, 0.76 ms behind)
[0mVioManager.cpp:613 [34m[TIME]: 0.0019 seconds for tracking
[0mVioManager.cpp:614 [34m[TIME]: 0.0001 seconds for propagation
[0mVioManager.cpp:615 [34m[TIME]: 0.0001 seconds for MSCKF update (0 feats)
[0mVioManager.cpp:617 [34m[TIME]: 0.0014 seconds for SLAM update (38 feats)
[0mVioManager.cpp:618 [34m[TIME]: 0.0004 seconds for SLAM delayed init (1 feats)
[0mVioManager.cpp:620 [34m[TIME]: 0.0008 seconds for re-tri & marg (11 clones in state)
[0mVioManager.cpp:628 [34m[TIME]: 0.004563 seconds for total (camera 0 1)
[0mVioManager.cpp:654 q_GtoI = 0.020,-0.025,-0.952,0.303 | p_IinG = -1.304,0.017,1.194 | dist = 2.03 (meters)
VioManager.cpp:657 bg = -0.0002,-0.0012,0.0011 | ba = -0.0308,-0.0691,-0.0042
VioManager.cpp:662 camera-imu timeoffset = -0.00510
VioManager.cpp:669 cam0 intrinsics = 146.676,146.713,255.965,255.727 | 0.002,0.001,-0.000,0.000
VioManager.cpp:669 cam1 intrinsics = 146.778,146.799,255.012,256.251 | 0.002,0.002,-0.000,-0.001
VioManager.cpp:678 cam0 extrinsics = -0.241,0.241,-0.668,0.662 | -0.013,-0.028,-0.066
VioManager.cpp:678 cam1 extrinsics = -0.335,-0.090,0.246,0.905 | 0.013,-0.025,-0.061
ROS1Visualizer.cpp:483 [34m[TIME]: 0.0047 seconds total (214.5 hz, 0.76 ms behind)
[0mVioManager.cpp:613 [34m[TIME]: 0.0020 seconds for tracking
[0mVioManager.cpp:614 [34m[TIME]: 0.0002 seconds for propagation
[0mVioManager.cpp:615 [34m[TIME]: 0.0005 seconds for MSCKF update (1 feats)
[0mVioManager.cpp:617 [34m[TIME]: 0.0014 seconds for SLAM update (41 feats)
[0mVioManager.cpp:618 [34m[TIME]: 0.0015 seconds for SLAM delayed init (4 feats)
[0mVioManager.cpp:620 [34m[TIME]: 0.0008 seconds for re-tri & marg (11 clones in state)
[0mVioManager.cpp:628 [34m[TIME]: 0.006425 seconds for total (camera 0 1)
[0mVioManager.cpp:654 q_GtoI = 0.017,-0.022,-0.951,0.307 | p_IinG = -1.328,0.022,1.200 | dist = 2.05 (meters)
VioManager.cpp:657 bg = -0.0002,-0.0012,0.0011 | ba = -0.0295,-0.0691,-0.0042
VioManager.cpp:662 camera-imu timeoffset = -0.00513
VioManager.cpp:669 cam0 intrinsics = 146.695,146.724,255.981,255.676 | 0.001,0.001,-0.000,0.000
VioManager.cpp:669 cam1 intrinsics = 146.723,146.735,255.017,256.272 | 0.002,0.002,0.000,-0.001
VioManager.cpp:678 cam0 extrinsics = -0.241,0.241,-0.667,0.662 | -0.013,-0.027,-0.067
VioManager.cpp:678 cam1 extrinsics = -0.335,-0.090,0.246,0.905 | 0.014,-0.025,-0.062
ROS1Visualizer.cpp:483 [34m[TIME]: 0.0065 seconds total (152.9 hz, 0.76 ms behind)
[0mVioManager.cpp:613 [34m[TIME]: 0.0021 seconds for tracking
[0mVioManager.cpp:614 [34m[TIME]: 0.0002 seconds for propagation
[0mVioManager.cpp:615 [34m[TIME]: 0.0026 seconds for MSCKF update (6 feats)
[0mVioManager.cpp:617 [34m[TIME]: 0.0025 seconds for SLAM update (43 feats)
[0mVioManager.cpp:618 [34m[TIME]: 0.0010 seconds for SLAM delayed init (2 feats)
[0mVioManager.cpp:620 [34m[TIME]: 0.0008 seconds for re-tri & marg (11 clones in state)
[0mVioManager.cpp:628 [34m[TIME]: 0.009195 seconds for total (camera 0 1)
[0mVioManager.cpp:654 q_GtoI = 0.015,-0.019,-0.950,0.311 | p_IinG = -1.351,0.028,1.205 | dist = 2.08 (meters)
VioManager.cpp:657 bg = -0.0003,-0.0012,0.0011 | ba = -0.0279,-0.0706,-0.0040
VioManager.cpp:662 camera-imu timeoffset = -0.00516
VioManager.cpp:669 cam0 intrinsics = 146.634,146.674,255.982,255.638 | 0.001,0.001,-0.000,0.000
VioManager.cpp:669 cam1 intrinsics = 146.632,146.653,254.939,256.268 | 0.002,0.003,0.000,-0.001
VioManager.cpp:678 cam0 extrinsics = -0.241,0.241,-0.667,0.662 | -0.012,-0.028,-0.066
VioManager.cpp:678 cam1 extrinsics = -0.335,-0.090,0.246,0.905 | 0.014,-0.024,-0.064
ROS1Visualizer.cpp:483 [34m[TIME]: 0.0093 seconds total (107.3 hz, 0.51 ms behind)
[0mVioManager.cpp:613 [34m[TIME]: 0.0022 seconds for tracking
[0mVioManager.cpp:614 [34m[TIME]: 0.0002 seconds for propagation
[0mVioManager.cpp:615 [34m[TIME]: 0.0001 seconds for MSCKF update (0 feats)
[0mVioManager.cpp:617 [34m[TIME]: 0.0025 seconds for SLAM update (42 feats)
[0mVioManager.cpp:618 [34m[TIME]: 0.0007 seconds for SLAM delayed init (1 feats)
[0mVioManager.cpp:620 [34m[TIME]: 0.0013 seconds for re-tri & marg (11 clones in state)
[0mVioManager.cpp:628 [34m[TIME]: 0.007105 seconds for total (camera 0 1)
[0mVioManager.cpp:654 q_GtoI = 0.013,-0.017,-0.949,0.315 | p_IinG = -1.374,0.033,1.209 | dist = 2.10 (meters)
VioManager.cpp:657 bg = -0.0003,-0.0012,0.0011 | ba = -0.0275,-0.0703,-0.0039
VioManager.cpp:662 camera-imu timeoffset = -0.00514
VioManager.cpp:669 cam0 intrinsics = 146.633,146.678,255.995,255.614 | 0.001,0.001,-0.000,0.000
VioManager.cpp:669 cam1 intrinsics = 146.586,146.596,254.947,256.269 | 0.002,0.003,0.000,-0.001
VioManager.cpp:678 cam0 extrinsics = -0.241,0.241,-0.667,0.662 | -0.012,-0.028,-0.066
VioManager.cpp:678 cam1 extrinsics = -0.335,-0.090,0.246,0.905 | 0.014,-0.025,-0.065
ROS1Visualizer.cpp:483 [34m[TIME]: 0.0073 seconds total (137.4 hz, 0.77 ms behind)
[0mVioManager.cpp:613 [34m[TIME]: 0.0019 seconds for tracking
[0mVioManager.cpp:614 [34m[TIME]: 0.0002 seconds for propagation
[0mVioManager.cpp:615 [34m[TIME]: 0.0004 seconds for MSCKF update (2 feats)
[0mVioManager.cpp:617 [34m[TIME]: 0.0017 seconds for SLAM update (43 feats)
[0mVioManager.cpp:618 [34m[TIME]: 0.0004 seconds for SLAM delayed init (1 feats)
[0mVioManager.cpp:620 [34m[TIME]: 0.0008 seconds for re-tri & marg (11 clones in state)
[0mVioManager.cpp:628 [34m[TIME]: 0.005437 seconds for total (camera 0 1)
[0mVioManager.cpp:654 q_GtoI = 0.012,-0.017,-0.947,0.319 | p_IinG = -1.396,0.038,1.212 | dist = 2.12 (meters)
VioManager.cpp:657 bg = -0.0003,-0.0012,0.0011 | ba = -0.0273,-0.0700,-0.0038
VioManager.cpp:662 camera-imu timeoffset = -0.00514
VioManager.cpp:669 cam0 intrinsics = 146.631,146.681,256.005,255.593 | 0.001,0.001,-0.000,0.000
VioManager.cpp:669 cam1 intrinsics = 146.539,146.559,254.965,256.262 | 0.002,0.003,0.001,-0.001
VioManager.cpp:678 cam0 extrinsics = -0.241,0.241,-0.667,0.662 | -0.012,-0.028,-0.066
VioManager.cpp:678 cam1 extrinsics = -0.335,-0.090,0.246,0.905 | 0.015,-0.025,-0.065
ROS1Visualizer.cpp:483 [34m[TIME]: 0.0055 seconds total (180.7 hz, 0.76 ms behind)
[0mVioManager.cpp:613 [34m[TIME]: 0.0020 seconds for tracking
[0mVioManager.cpp:614 [34m[TIME]: 0.0001 seconds for propagation
[0mVioManager.cpp:615 [34m[TIME]: 0.0000 seconds for MSCKF update (0 feats)
[0mVioManager.cpp:617 [34m[TIME]: 0.0017 seconds for SLAM update (45 feats)
[0mVioManager.cpp:618 [34m[TIME]: 0.0007 seconds for SLAM delayed init (2 feats)
[0mVioManager.cpp:620 [34m[TIME]: 0.0008 seconds for re-tri & marg (11 clones in state)
[0mVioManager.cpp:628 [34m[TIME]: 0.005415 seconds for total (camera 0 1)
[0mVioManager.cpp:654 q_GtoI = 0.012,-0.019,-0.946,0.323 | p_IinG = -1.418,0.043,1.214 | dist = 2.14 (meters)
VioManager.cpp:657 bg = -0.0003,-0.0012,0.0010 | ba = -0.0267,-0.0698,-0.0036
VioManager.cpp:662 camera-imu timeoffset = -0.00514
VioManager.cpp:669 cam0 intrinsics = 146.646,146.692,256.010,255.551 | 0.001,0.001,-0.000,0.000
VioManager.cpp:669 cam1 intrinsics = 146.490,146.495,254.976,256.258 | 0.002,0.003,0.001,-0.001
VioManager.cpp:678 cam0 extrinsics = -0.241,0.241,-0.667,0.662 | -0.012,-0.028,-0.066
VioManager.cpp:678 cam1 extrinsics = -0.335,-0.090,0.246,0.905 | 0.015,-0.025,-0.065
ROS1Visualizer.cpp:483 [34m[TIME]: 0.0055 seconds total (181.0 hz, 0.76 ms behind)
[0mVioManager.cpp:613 [34m[TIME]: 0.0015 seconds for tracking
[0mVioManager.cpp:614 [34m[TIME]: 0.0001 seconds for propagation
[0mVioManager.cpp:615 [34m[TIME]: 0.0001 seconds for MSCKF update (1 feats)
[0mVioManager.cpp:617 [34m[TIME]: 0.0018 seconds for SLAM update (44 feats)
[0mVioManager.cpp:618 [34m[TIME]: 0.0001 seconds for SLAM delayed init (0 feats)
[0mVioManager.cpp:620 [34m[TIME]: 0.0008 seconds for re-tri & marg (11 clones in state)
[0mVioManager.cpp:628 [34m[TIME]: 0.00448 seconds for total (camera 0 1)
[0mVioManager.cpp:654 q_GtoI = 0.012,-0.020,-0.945,0.327 | p_IinG = -1.438,0.049,1.216 | dist = 2.16 (meters)
VioManager.cpp:657 bg = -0.0003,-0.0012,0.0010 | ba = -0.0265,-0.0698,-0.0035
VioManager.cpp:662 camera-imu timeoffset = -0.00514
VioManager.cpp:669 cam0 intrinsics = 146.627,146.684,256.014,255.538 | 0.001,0.001,-0.000,0.000
VioManager.cpp:669 cam1 intrinsics = 146.451,146.446,254.986,256.239 | 0.002,0.003,0.001,-0.001
VioManager.cpp:678 cam0 extrinsics = -0.241,0.241,-0.667,0.662 | -0.012,-0.028,-0.066
VioManager.cpp:678 cam1 extrinsics = -0.335,-0.090,0.246,0.905 | 0.015,-0.025,-0.066
ROS1Visualizer.cpp:483 [34m[TIME]: 0.0046 seconds total (218.3 hz, 0.51 ms behind)
[0mVioManager.cpp:613 [34m[TIME]: 0.0022 seconds for tracking
[0mVioManager.cpp:614 [34m[TIME]: 0.0002 seconds for propagation
[0mVioManager.cpp:615 [34m[TIME]: 0.0010 seconds for MSCKF update (3 feats)
[0mVioManager.cpp:617 [34m[TIME]: 0.0017 seconds for SLAM update (49 feats)
[0mVioManager.cpp:618 [34m[TIME]: 0.0022 seconds for SLAM delayed init (6 feats)
[0mVioManager.cpp:620 [34m[TIME]: 0.0009 seconds for re-tri & marg (11 clones in state)
[0mVioManager.cpp:628 [34m[TIME]: 0.008218 seconds for total (camera 0 1)
[0mVioManager.cpp:654 q_GtoI = 0.012,-0.020,-0.943,0.331 | p_IinG = -1.458,0.056,1.216 | dist = 2.19 (meters)
VioManager.cpp:657 bg = -0.0003,-0.0012,0.0010 | ba = -0.0257,-0.0702,-0.0033
VioManager.cpp:662 camera-imu timeoffset = -0.00511
VioManager.cpp:669 cam0 intrinsics = 146.595,146.667,256.011,255.502 | 0.001,0.001,-0.000,0.000
VioManager.cpp:669 cam1 intrinsics = 146.354,146.383,254.921,256.242 | 0.002,0.003,0.001,-0.001
VioManager.cpp:678 cam0 extrinsics = -0.241,0.241,-0.667,0.662 | -0.011,-0.029,-0.066
VioManager.cpp:678 cam1 extrinsics = -0.335,-0.090,0.245,0.905 | 0.016,-0.026,-0.066
ROS1Visualizer.cpp:483 [34m[TIME]: 0.0083 seconds total (119.9 hz, 0.76 ms behind)
[0mVioManager.cpp:613 [34m[TIME]: 0.0021 seconds for tracking
[0mVioManager.cpp:614 [34m[TIME]: 0.0002 seconds for propagation
[0mVioManager.cpp:615 [34m[TIME]: 0.0013 seconds for MSCKF update (3 feats)
[0mVioManager.cpp:617 [34m[TIME]: 0.0023 seconds for SLAM update (49 feats)
[0mVioManager.cpp:618 [34m[TIME]: 0.0000 seconds for SLAM delayed init (0 feats)
[0mVioManager.cpp:620 [34m[TIME]: 0.0008 seconds for re-tri & marg (11 clones in state)
[0mVioManager.cpp:628 [34m[TIME]: 0.006747 seconds for total (camera 0 1)
[0mVioManager.cpp:654 q_GtoI = 0.011,-0.017,-0.942,0.336 | p_IinG = -1.476,0.063,1.217 | dist = 2.21 (meters)
VioManager.cpp:657 bg = -0.0003,-0.0012,0.0010 | ba = -0.0255,-0.0706,-0.0031
VioManager.cpp:662 camera-imu timeoffset = -0.00507
VioManager.cpp:669 cam0 intrinsics = 146.561,146.653,256.010,255.484 | 0.001,0.001,-0.000,-0.000
VioManager.cpp:669 cam1 intrinsics = 146.296,146.345,254.887,256.228 | 0.002,0.003,0.001,-0.001
VioManager.cpp:678 cam0 extrinsics = -0.241,0.241,-0.667,0.662 | -0.011,-0.029,-0.066
VioManager.cpp:678 cam1 extrinsics = -0.335,-0.090,0.245,0.905 | 0.016,-0.026,-0.067
ROS1Visualizer.cpp:483 [34m[TIME]: 0.0069 seconds total (145.5 hz, 0.76 ms behind)
[0mVioManager.cpp:613 [34m[TIME]: 0.0022 seconds for tracking
[0mVioManager.cpp:614 [34m[TIME]: 0.0002 seconds for propagation
[0mVioManager.cpp:615 [34m[TIME]: 0.0004 seconds for MSCKF update (1 feats)
[0mVioManager.cpp:617 [34m[TIME]: 0.0021 seconds for SLAM update (48 feats)
[0mVioManager.cpp:618 [34m[TIME]: 0.0001 seconds for SLAM delayed init (0 feats)
[0mVioManager.cpp:620 [34m[TIME]: 0.0008 seconds for re-tri & marg (11 clones in state)
[0mVioManager.cpp:628 [34m[TIME]: 0.005711 seconds for total (camera 0 1)
[0mVioManager.cpp:654 q_GtoI = 0.010,-0.016,-0.940,0.340 | p_IinG = -1.495,0.070,1.217 | dist = 2.23 (meters)
VioManager.cpp:657 bg = -0.0003,-0.0012,0.0010 | ba = -0.0252,-0.0705,-0.0030
VioManager.cpp:662 camera-imu timeoffset = -0.00506
VioManager.cpp:669 cam0 intrinsics = 146.537,146.650,256.008,255.460 | 0.001,0.001,-0.000,-0.000
VioManager.cpp:669 cam1 intrinsics = 146.260,146.296,254.886,256.224 | 0.001,0.004,0.001,-0.001
VioManager.cpp:678 cam0 extrinsics = -0.241,0.241,-0.667,0.662 | -0.011,-0.029,-0.066
VioManager.cpp:678 cam1 extrinsics = -0.335,-0.090,0.245,0.905 | 0.016,-0.027,-0.067
ROS1Visualizer.cpp:483 [34m[TIME]: 0.0058 seconds total (172.0 hz, 0.76 ms behind)
[0mVioManager.cpp:613 [34m[TIME]: 0.0021 seconds for tracking
[0mVioManager.cpp:614 [34m[TIME]: 0.0002 seconds for propagation
[0mVioManager.cpp:615 [34m[TIME]: 0.0001 seconds for MSCKF update (0 feats)
[0mVioManager.cpp:617 [34m[TIME]: 0.0020 seconds for SLAM update (46 feats)
[0mVioManager.cpp:618 [34m[TIME]: 0.0000 seconds for SLAM delayed init (0 feats)
[0mVioManager.cpp:620 [34m[TIME]: 0.0008 seconds for re-tri & marg (11 clones in state)
[0mVioManager.cpp:628 [34m[TIME]: 0.005063 seconds for total (camera 0 1)
[0mVioManager.cpp:654 q_GtoI = 0.009,-0.016,-0.939,0.344 | p_IinG = -1.512,0.077,1.218 | dist = 2.25 (meters)
VioManager.cpp:657 bg = -0.0003,-0.0012,0.0009 | ba = -0.0253,-0.0709,-0.0028
VioManager.cpp:662 camera-imu timeoffset = -0.00505
VioManager.cpp:669 cam0 intrinsics = 146.528,146.642,255.989,255.454 | 0.001,0.001,0.000,-0.000
VioManager.cpp:669 cam1 intrinsics = 146.236,146.275,254.867,256.215 | 0.001,0.004,0.001,-0.001
VioManager.cpp:678 cam0 extrinsics = -0.241,0.241,-0.667,0.662 | -0.011,-0.029,-0.066
VioManager.cpp:678 cam1 extrinsics = -0.335,-0.089,0.245,0.905 | 0.016,-0.027,-0.068
ROS1Visualizer.cpp:483 [34m[TIME]: 0.0052 seconds total (193.2 hz, 0.51 ms behind)
[0mVioManager.cpp:613 [34m[TIME]: 0.0023 seconds for tracking
[0mVioManager.cpp:614 [34m[TIME]: 0.0002 seconds for propagation
[0mVioManager.cpp:615 [34m[TIME]: 0.0002 seconds for MSCKF update (0 feats)
[0mVioManager.cpp:617 [34m[TIME]: 0.0028 seconds for SLAM update (44 feats)
[0mVioManager.cpp:618 [34m[TIME]: 0.0000 seconds for SLAM delayed init (0 feats)
[0mVioManager.cpp:620 [34m[TIME]: 0.0009 seconds for re-tri & marg (11 clones in state)
[0mVioManager.cpp:628 [34m[TIME]: 0.006367 seconds for total (camera 0 1)
[0mVioManager.cpp:654 q_GtoI = 0.009,-0.017,-0.937,0.348 | p_IinG = -1.529,0.084,1.217 | dist = 2.27 (meters)
VioManager.cpp:657 bg = -0.0003,-0.0012,0.0009 | ba = -0.0253,-0.0709,-0.0027
VioManager.cpp:662 camera-imu timeoffset = -0.00506
VioManager.cpp:669 cam0 intrinsics = 146.510,146.632,255.976,255.440 | 0.001,0.001,0.000,-0.000
VioManager.cpp:669 cam1 intrinsics = 146.197,146.231,254.868,256.211 | 0.001,0.004,0.001,-0.001
VioManager.cpp:678 cam0 extrinsics = -0.241,0.241,-0.667,0.662 | -0.010,-0.029,-0.066
VioManager.cpp:678 cam1 extrinsics = -0.335,-0.089,0.245,0.905 | 0.016,-0.027,-0.069
ROS1Visualizer.cpp:483 [34m[TIME]: 0.0065 seconds total (154.4 hz, 0.75 ms behind)
[0mVioManager.cpp:613 [34m[TIME]: 0.0018 seconds for tracking
[0mVioManager.cpp:614 [34m[TIME]: 0.0001 seconds for propagation
[0mVioManager.cpp:615 [34m[TIME]: 0.0003 seconds for MSCKF update (1 feats)
[0mVioManager.cpp:617 [34m[TIME]: 0.0018 seconds for SLAM update (45 feats)
[0mVioManager.cpp:618 [34m[TIME]: 0.0005 seconds for SLAM delayed init (1 feats)
[0mVioManager.cpp:620 [34m[TIME]: 0.0008 seconds for re-tri & marg (11 clones in state)
[0mVioManager.cpp:628 [34m[TIME]: 0.005342 seconds for total (camera 0 1)
[0mVioManager.cpp:654 q_GtoI = 0.009,-0.019,-0.936,0.352 | p_IinG = -1.543,0.092,1.216 | dist = 2.29 (meters)
VioManager.cpp:657 bg = -0.0003,-0.0011,0.0009 | ba = -0.0252,-0.0711,-0.0024
VioManager.cpp:662 camera-imu timeoffset = -0.00507
VioManager.cpp:669 cam0 intrinsics = 146.526,146.621,255.911,255.412 | 0.000,0.001,0.000,-0.000
VioManager.cpp:669 cam1 intrinsics = 146.168,146.220,254.851,256.189 | 0.001,0.004,0.002,-0.001
VioManager.cpp:678 cam0 extrinsics = -0.241,0.241,-0.667,0.663 | -0.009,-0.029,-0.066
VioManager.cpp:678 cam1 extrinsics = -0.335,-0.089,0.245,0.906 | 0.016,-0.026,-0.069
ROS1Visualizer.cpp:483 [34m[TIME]: 0.0054 seconds total (183.6 hz, 0.76 ms behind)
[0mVioManager.cpp:613 [34m[TIME]: 0.0019 seconds for tracking
[0mVioManager.cpp:614 [34m[TIME]: 0.0002 seconds for propagation
[0mVioManager.cpp:615 [34m[TIME]: 0.0008 seconds for MSCKF update (2 feats)
[0mVioManager.cpp:617 [34m[TIME]: 0.0017 seconds for SLAM update (46 feats)
[0mVioManager.cpp:618 [34m[TIME]: 0.0008 seconds for SLAM delayed init (2 feats)
[0mVioManager.cpp:620 [34m[TIME]: 0.0008 seconds for re-tri & marg (11 clones in state)
[0mVioManager.cpp:628 [34m[TIME]: 0.006244 seconds for total (camera 0 1)
[0mVioManager.cpp:654 q_GtoI = 0.009,-0.023,-0.934,0.356 | p_IinG = -1.558,0.100,1.214 | dist = 2.31 (meters)
VioManager.cpp:657 bg = -0.0003,-0.0011,0.0008 | ba = -0.0252,-0.0709,-0.0022
VioManager.cpp:662 camera-imu timeoffset = -0.00510
VioManager.cpp:669 cam0 intrinsics = 146.518,146.602,255.907,255.413 | 0.000,0.001,0.000,-0.000
VioManager.cpp:669 cam1 intrinsics = 146.147,146.212,254.828,256.176 | 0.001,0.004,0.002,-0.002
VioManager.cpp:678 cam0 extrinsics = -0.241,0.241,-0.667,0.663 | -0.009,-0.029,-0.066
VioManager.cpp:678 cam1 extrinsics = -0.335,-0.089,0.245,0.906 | 0.017,-0.026,-0.070
ROS1Visualizer.cpp:483 [34m[TIME]: 0.0064 seconds total (157.0 hz, 0.76 ms behind)
[0mVioManager.cpp:613 [34m[TIME]: 0.0024 seconds for tracking
[0mVioManager.cpp:614 [34m[TIME]: 0.0002 seconds for propagation
[0mVioManager.cpp:615 [34m[TIME]: 0.0028 seconds for MSCKF update (6 feats)
[0mVioManager.cpp:617 [34m[TIME]: 0.0025 seconds for SLAM update (44 feats)
[0mVioManager.cpp:618 [34m[TIME]: 0.0001 seconds for SLAM delayed init (0 feats)
[0mVioManager.cpp:620 [34m[TIME]: 0.0008 seconds for re-tri & marg (11 clones in state)
[0mVioManager.cpp:628 [34m[TIME]: 0.008678 seconds for total (camera 0 1)
[0mVioManager.cpp:654 q_GtoI = 0.009,-0.025,-0.933,0.360 | p_IinG = -1.572,0.108,1.212 | dist = 2.33 (meters)
VioManager.cpp:657 bg = -0.0003,-0.0011,0.0008 | ba = -0.0250,-0.0711,-0.0020
VioManager.cpp:662 camera-imu timeoffset = -0.00508
VioManager.cpp:669 cam0 intrinsics = 146.496,146.598,255.894,255.405 | 0.000,0.001,0.000,-0.000
VioManager.cpp:669 cam1 intrinsics = 146.112,146.182,254.785,256.179 | 0.001,0.004,0.002,-0.002
VioManager.cpp:678 cam0 extrinsics = -0.241,0.241,-0.667,0.663 | -0.009,-0.029,-0.067
VioManager.cpp:678 cam1 extrinsics = -0.335,-0.089,0.245,0.906 | 0.017,-0.026,-0.071
ROS1Visualizer.cpp:483 [34m[TIME]: 0.0088 seconds total (113.6 hz, 0.51 ms behind)
[0mVioManager.cpp:613 [34m[TIME]: 0.0026 seconds for tracking
[0mVioManager.cpp:614 [34m[TIME]: 0.0001 seconds for propagation
[0mVioManager.cpp:615 [34m[TIME]: 0.0002 seconds for MSCKF update (2 feats)
[0mVioManager.cpp:617 [34m[TIME]: 0.0018 seconds for SLAM update (44 feats)
[0mVioManager.cpp:618 [34m[TIME]: 0.0000 seconds for SLAM delayed init (0 feats)
[0mVioManager.cpp:620 [34m[TIME]: 0.0008 seconds for re-tri & marg (11 clones in state)
[0mVioManager.cpp:628 [34m[TIME]: 0.005638 seconds for total (camera 0 1)
[0mVioManager.cpp:654 q_GtoI = 0.010,-0.026,-0.931,0.364 | p_IinG = -1.587,0.116,1.210 | dist = 2.35 (meters)
VioManager.cpp:657 bg = -0.0003,-0.0011,0.0008 | ba = -0.0251,-0.0708,-0.0019
VioManager.cpp:662 camera-imu timeoffset = -0.00510
VioManager.cpp:669 cam0 intrinsics = 146.477,146.577,255.891,255.414 | -0.000,0.001,0.000,-0.000
VioManager.cpp:669 cam1 intrinsics = 146.085,146.171,254.781,256.165 | 0.001,0.004,0.002,-0.002
VioManager.cpp:678 cam0 extrinsics = -0.241,0.241,-0.667,0.663 | -0.009,-0.029,-0.067
VioManager.cpp:678 cam1 extrinsics = -0.335,-0.089,0.245,0.906 | 0.017,-0.026,-0.071
ROS1Visualizer.cpp:483 [34m[TIME]: 0.0058 seconds total (173.8 hz, 0.76 ms behind)
[0mVioManager.cpp:613 [34m[TIME]: 0.0022 seconds for tracking
[0mVioManager.cpp:614 [34m[TIME]: 0.0002 seconds for propagation
[0mVioManager.cpp:615 [34m[TIME]: 0.0001 seconds for MSCKF update (0 feats)
[0mVioManager.cpp:617 [34m[TIME]: 0.0020 seconds for SLAM update (44 feats)
[0mVioManager.cpp:618 [34m[TIME]: 0.0001 seconds for SLAM delayed init (0 feats)
[0mVioManager.cpp:620 [34m[TIME]: 0.0008 seconds for re-tri & marg (11 clones in state)
[0mVioManager.cpp:628 [34m[TIME]: 0.005378 seconds for total (camera 0 1)
[0mVioManager.cpp:654 q_GtoI = 0.011,-0.027,-0.929,0.368 | p_IinG = -1.604,0.124,1.208 | dist = 2.37 (meters)
VioManager.cpp:657 bg = -0.0003,-0.0011,0.0007 | ba = -0.0249,-0.0708,-0.0018
VioManager.cpp:662 camera-imu timeoffset = -0.00511
VioManager.cpp:669 cam0 intrinsics = 146.451,146.557,255.902,255.423 | -0.000,0.001,0.000,-0.000
VioManager.cpp:669 cam1 intrinsics = 146.073,146.161,254.781,256.135 | 0.001,0.004,0.002,-0.002
VioManager.cpp:678 cam0 extrinsics = -0.241,0.241,-0.667,0.663 | -0.009,-0.029,-0.067
VioManager.cpp:678 cam1 extrinsics = -0.335,-0.088,0.245,0.906 | 0.018,-0.025,-0.072
ROS1Visualizer.cpp:483 [34m[TIME]: 0.0055 seconds total (182.6 hz, 0.76 ms behind)
[0mVioManager.cpp:613 [34m[TIME]: 0.0023 seconds for tracking
[0mVioManager.cpp:614 [34m[TIME]: 0.0001 seconds for propagation
[0mVioManager.cpp:615 [34m[TIME]: 0.0001 seconds for MSCKF update (0 feats)
[0mVioManager.cpp:617 [34m[TIME]: 0.0018 seconds for SLAM update (44 feats)
[0mVioManager.cpp:618 [34m[TIME]: 0.0000 seconds for SLAM delayed init (0 feats)
[0mVioManager.cpp:620 [34m[TIME]: 0.0009 seconds for re-tri & marg (11 clones in state)
[0mVioManager.cpp:628 [34m[TIME]: 0.005151 seconds for total (camera 0 1)
[0mVioManager.cpp:654 q_GtoI = 0.013,-0.029,-0.928,0.372 | p_IinG = -1.619,0.132,1.207 | dist = 2.39 (meters)
VioManager.cpp:657 bg = -0.0003,-0.0011,0.0007 | ba = -0.0250,-0.0706,-0.0018
VioManager.cpp:662 camera-imu timeoffset = -0.00513
VioManager.cpp:669 cam0 intrinsics = 146.418,146.531,255.908,255.430 | -0.000,0.001,0.001,-0.000
VioManager.cpp:669 cam1 intrinsics = 146.061,146.164,254.775,256.104 | 0.001,0.004,0.002,-0.002
VioManager.cpp:678 cam0 extrinsics = -0.241,0.241,-0.667,0.663 | -0.009,-0.030,-0.067
VioManager.cpp:678 cam1 extrinsics = -0.335,-0.088,0.245,0.906 | 0.018,-0.024,-0.073
ROS1Visualizer.cpp:483 [34m[TIME]: 0.0053 seconds total (190.2 hz, 0.76 ms behind)
[0mVioManager.cpp:613 [34m[TIME]: 0.0023 seconds for tracking
[0mVioManager.cpp:614 [34m[TIME]: 0.0002 seconds for propagation
[0mVioManager.cpp:615 [34m[TIME]: 0.0001 seconds for MSCKF update (0 feats)
[0mVioManager.cpp:617 [34m[TIME]: 0.0029 seconds for SLAM update (45 feats)
[0mVioManager.cpp:618 [34m[TIME]: 0.0006 seconds for SLAM delayed init (1 feats)
[0mVioManager.cpp:620 [34m[TIME]: 0.0008 seconds for re-tri & marg (11 clones in state)
[0mVioManager.cpp:628 [34m[TIME]: 0.006967 seconds for total (camera 0 1)
[0mVioManager.cpp:654 q_GtoI = 0.015,-0.029,-0.926,0.376 | p_IinG = -1.636,0.141,1.205 | dist = 2.41 (meters)
VioManager.cpp:657 bg = -0.0003,-0.0011,0.0007 | ba = -0.0249,-0.0704,-0.0017
VioManager.cpp:662 camera-imu timeoffset = -0.00512
VioManager.cpp:669 cam0 intrinsics = 146.404,146.516,255.907,255.436 | -0.000,0.001,0.001,-0.000
VioManager.cpp:669 cam1 intrinsics = 146.055,146.174,254.764,256.081 | 0.001,0.005,0.002,-0.002
VioManager.cpp:678 cam0 extrinsics = -0.241,0.241,-0.667,0.663 | -0.009,-0.030,-0.068
VioManager.cpp:678 cam1 extrinsics = -0.335,-0.088,0.244,0.906 | 0.018,-0.023,-0.073
ROS1Visualizer.cpp:483 [34m[TIME]: 0.0071 seconds total (141.0 hz, 0.51 ms behind)
[0mVioManager.cpp:613 [34m[TIME]: 0.0019 seconds for tracking
[0mVioManager.cpp:614 [34m[TIME]: 0.0001 seconds for propagation
[0mVioManager.cpp:615 [34m[TIME]: 0.0000 seconds for MSCKF update (0 feats)
[0mVioManager.cpp:617 [34m[TIME]: 0.0019 seconds for SLAM update (47 feats)
[0mVioManager.cpp:618 [34m[TIME]: 0.0008 seconds for SLAM delayed init (2 feats)
[0mVioManager.cpp:620 [34m[TIME]: 0.0008 seconds for re-tri & marg (11 clones in state)
[0mVioManager.cpp:628 [34m[TIME]: 0.00555 seconds for total (camera 0 1)
[0mVioManager.cpp:654 q_GtoI = 0.015,-0.029,-0.925,0.379 | p_IinG = -1.655,0.151,1.205 | dist = 2.43 (meters)
VioManager.cpp:657 bg = -0.0003,-0.0011,0.0007 | ba = -0.0246,-0.0703,-0.0017
VioManager.cpp:662 camera-imu timeoffset = -0.00512
VioManager.cpp:669 cam0 intrinsics = 146.393,146.496,255.906,255.430 | -0.000,0.001,0.001,-0.000
VioManager.cpp:669 cam1 intrinsics = 146.048,146.169,254.733,256.044 | 0.001,0.005,0.002,-0.002
VioManager.cpp:678 cam0 extrinsics = -0.241,0.240,-0.667,0.663 | -0.009,-0.030,-0.068
VioManager.cpp:678 cam1 extrinsics = -0.334,-0.088,0.244,0.906 | 0.018,-0.023,-0.074
ROS1Visualizer.cpp:483 [34m[TIME]: 0.0057 seconds total (176.8 hz, 0.76 ms behind)
[0mVioManager.cpp:613 [34m[TIME]: 0.0020 seconds for tracking
[0mVioManager.cpp:614 [34m[TIME]: 0.0001 seconds for propagation
[0mVioManager.cpp:615 [34m[TIME]: 0.0020 seconds for MSCKF update (6 feats)
[0mVioManager.cpp:617 [34m[TIME]: 0.0019 seconds for SLAM update (47 feats)
[0mVioManager.cpp:618 [34m[TIME]: 0.0004 seconds for SLAM delayed init (1 feats)
[0mVioManager.cpp:620 [34m[TIME]: 0.0008 seconds for re-tri & marg (11 clones in state)
[0mVioManager.cpp:628 [34m[TIME]: 0.007355 seconds for total (camera 0 1)
[0mVioManager.cpp:654 q_GtoI = 0.015,-0.028,-0.923,0.383 | p_IinG = -1.670,0.162,1.203 | dist = 2.45 (meters)
VioManager.cpp:657 bg = -0.0003,-0.0011,0.0006 | ba = -0.0242,-0.0709,-0.0015
VioManager.cpp:662 camera-imu timeoffset = -0.00509
VioManager.cpp:669 cam0 intrinsics = 146.365,146.494,255.891,255.410 | -0.000,0.001,0.001,-0.000
VioManager.cpp:669 cam1 intrinsics = 146.052,146.165,254.581,256.147 | 0.001,0.005,0.002,-0.002
VioManager.cpp:678 cam0 extrinsics = -0.241,0.241,-0.667,0.663 | -0.009,-0.030,-0.068
VioManager.cpp:678 cam1 extrinsics = -0.335,-0.088,0.244,0.906 | 0.019,-0.023,-0.074
ROS1Visualizer.cpp:483 [34m[TIME]: 0.0075 seconds total (133.9 hz, 0.76 ms behind)
[0mVioManager.cpp:613 [34m[TIME]: 0.0026 seconds for tracking
[0mVioManager.cpp:614 [34m[TIME]: 0.0002 seconds for propagation
[0mVioManager.cpp:615 [34m[TIME]: 0.0002 seconds for MSCKF update (1 feats)
[0mVioManager.cpp:617 [34m[TIME]: 0.0025 seconds for SLAM update (48 feats)
[0mVioManager.cpp:618 [34m[TIME]: 0.0008 seconds for SLAM delayed init (2 feats)
[0mVioManager.cpp:620 [34m[TIME]: 0.0008 seconds for re-tri & marg (11 clones in state)
[0mVioManager.cpp:628 [34m[TIME]: 0.007137 seconds for total (camera 0 1)
[0mVioManager.cpp:654 q_GtoI = 0.013,-0.025,-0.922,0.387 | p_IinG = -1.689,0.172,1.201 | dist = 2.47 (meters)
VioManager.cpp:657 bg = -0.0003,-0.0011,0.0006 | ba = -0.0239,-0.0707,-0.0015
VioManager.cpp:662 camera-imu timeoffset = -0.00506
VioManager.cpp:669 cam0 intrinsics = 146.356,146.490,255.892,255.391 | -0.000,0.001,0.001,-0.000
VioManager.cpp:669 cam1 intrinsics = 146.062,146.166,254.562,256.127 | 0.000,0.005,0.002,-0.002
VioManager.cpp:678 cam0 extrinsics = -0.241,0.241,-0.667,0.663 | -0.009,-0.029,-0.068
VioManager.cpp:678 cam1 extrinsics = -0.334,-0.088,0.244,0.906 | 0.019,-0.023,-0.075
ROS1Visualizer.cpp:483 [34m[TIME]: 0.0073 seconds total (137.9 hz, 0.76 ms behind)
[0mVioManager.cpp:613 [34m[TIME]: 0.0023 seconds for tracking
[0mVioManager.cpp:614 [34m[TIME]: 0.0003 seconds for propagation
[0mVioManager.cpp:615 [34m[TIME]: 0.0004 seconds for MSCKF update (2 feats)
[0mVioManager.cpp:617 [34m[TIME]: 0.0021 seconds for SLAM update (47 feats)
[0mVioManager.cpp:618 [34m[TIME]: 0.0000 seconds for SLAM delayed init (0 feats)
[0mVioManager.cpp:620 [34m[TIME]: 0.0008 seconds for re-tri & marg (11 clones in state)
[0mVioManager.cpp:628 [34m[TIME]: 0.005771 seconds for total (camera 0 1)
[0mVioManager.cpp:654 q_GtoI = 0.012,-0.024,-0.920,0.391 | p_IinG = -1.707,0.184,1.199 | dist = 2.49 (meters)
VioManager.cpp:657 bg = -0.0003,-0.0011,0.0006 | ba = -0.0233,-0.0708,-0.0015
VioManager.cpp:662 camera-imu timeoffset = -0.00504
VioManager.cpp:669 cam0 intrinsics = 146.339,146.480,255.880,255.375 | -0.000,0.001,0.001,-0.000
VioManager.cpp:669 cam1 intrinsics = 146.080,146.163,254.544,256.112 | 0.000,0.005,0.002,-0.002
VioManager.cpp:678 cam0 extrinsics = -0.241,0.241,-0.667,0.662 | -0.009,-0.029,-0.068
VioManager.cpp:678 cam1 extrinsics = -0.334,-0.088,0.244,0.906 | 0.019,-0.023,-0.075
ROS1Visualizer.cpp:483 [34m[TIME]: 0.0059 seconds total (170.2 hz, 0.51 ms behind)
[0mVioManager.cpp:613 [34m[TIME]: 0.0019 seconds for tracking
[0mVioManager.cpp:614 [34m[TIME]: 0.0001 seconds for propagation
[0mVioManager.cpp:615 [34m[TIME]: 0.0003 seconds for MSCKF update (1 feats)
[0mVioManager.cpp:617 [34m[TIME]: 0.0021 seconds for SLAM update (47 feats)
[0mVioManager.cpp:618 [34m[TIME]: 0.0000 seconds for SLAM delayed init (0 feats)
[0mVioManager.cpp:620 [34m[TIME]: 0.0008 seconds for re-tri & marg (11 clones in state)
[0mVioManager.cpp:628 [34m[TIME]: 0.005138 seconds for total (camera 0 1)
[0mVioManager.cpp:654 q_GtoI = 0.011,-0.024,-0.919,0.394 | p_IinG = -1.725,0.194,1.197 | dist = 2.52 (meters)
VioManager.cpp:657 bg = -0.0003,-0.0011,0.0006 | ba = -0.0232,-0.0708,-0.0014
VioManager.cpp:662 camera-imu timeoffset = -0.00504
VioManager.cpp:669 cam0 intrinsics = 146.326,146.472,255.874,255.375 | -0.000,0.001,0.001,-0.000
VioManager.cpp:669 cam1 intrinsics = 146.098,146.176,254.523,256.095 | 0.000,0.005,0.003,-0.002
VioManager.cpp:678 cam0 extrinsics = -0.241,0.241,-0.667,0.662 | -0.009,-0.029,-0.068
VioManager.cpp:678 cam1 extrinsics = -0.334,-0.088,0.244,0.906 | 0.019,-0.022,-0.075
ROS1Visualizer.cpp:483 [34m[TIME]: 0.0052 seconds total (190.8 hz, 0.75 ms behind)
[0mVioManager.cpp:613 [34m[TIME]: 0.0027 seconds for tracking
[0mVioManager.cpp:614 [34m[TIME]: 0.0002 seconds for propagation
[0mVioManager.cpp:615 [34m[TIME]: 0.0001 seconds for MSCKF update (0 feats)
[0mVioManager.cpp:617 [34m[TIME]: 0.0024 seconds for SLAM update (46 feats)
[0mVioManager.cpp:618 [34m[TIME]: 0.0005 seconds for SLAM delayed init (1 feats)
[0mVioManager.cpp:620 [34m[TIME]: 0.0009 seconds for re-tri & marg (11 clones in state)
[0mVioManager.cpp:628 [34m[TIME]: 0.006791 seconds for total (camera 0 1)
[0mVioManager.cpp:654 q_GtoI = 0.011,-0.024,-0.917,0.398 | p_IinG = -1.743,0.205,1.194 | dist = 2.54 (meters)
VioManager.cpp:657 bg = -0.0003,-0.0011,0.0005 | ba = -0.0230,-0.0707,-0.0014
VioManager.cpp:662 camera-imu timeoffset = -0.00503
VioManager.cpp:669 cam0 intrinsics = 146.312,146.467,255.872,255.378 | -0.000,0.001,0.001,-0.000
VioManager.cpp:669 cam1 intrinsics = 146.113,146.197,254.500,256.074 | 0.000,0.005,0.003,-0.002
VioManager.cpp:678 cam0 extrinsics = -0.241,0.241,-0.667,0.662 | -0.009,-0.029,-0.069
VioManager.cpp:678 cam1 extrinsics = -0.334,-0.088,0.244,0.906 | 0.019,-0.021,-0.076
ROS1Visualizer.cpp:483 [34m[TIME]: 0.0069 seconds total (144.7 hz, 0.75 ms behind)
[0mVioManager.cpp:613 [34m[TIME]: 0.0032 seconds for tracking
[0mVioManager.cpp:614 [34m[TIME]: 0.0002 seconds for propagation
[0mVioManager.cpp:615 [34m[TIME]: 0.0002 seconds for MSCKF update (1 feats)
[0mVioManager.cpp:617 [34m[TIME]: 0.0019 seconds for SLAM update (48 feats)
[0mVioManager.cpp:618 [34m[TIME]: 0.0010 seconds for SLAM delayed init (2 feats)
[0mVioManager.cpp:620 [34m[TIME]: 0.0008 seconds for re-tri & marg (11 clones in state)
[0mVioManager.cpp:628 [34m[TIME]: 0.007199 seconds for total (camera 0 1)
[0mVioManager.cpp:654 q_GtoI = 0.011,-0.024,-0.915,0.402 | p_IinG = -1.760,0.215,1.191 | dist = 2.56 (meters)
VioManager.cpp:657 bg = -0.0002,-0.0011,0.0005 | ba = -0.0231,-0.0705,-0.0014
VioManager.cpp:662 camera-imu timeoffset = -0.00502
VioManager.cpp:669 cam0 intrinsics = 146.305,146.463,255.856,255.372 | -0.000,0.001,0.001,-0.000
VioManager.cpp:669 cam1 intrinsics = 146.123,146.214,254.490,256.053 | -0.000,0.005,0.003,-0.002
VioManager.cpp:678 cam0 extrinsics = -0.242,0.240,-0.667,0.662 | -0.009,-0.029,-0.069
VioManager.cpp:678 cam1 extrinsics = -0.334,-0.088,0.244,0.906 | 0.019,-0.021,-0.077
ROS1Visualizer.cpp:483 [34m[TIME]: 0.0073 seconds total (136.6 hz, 0.75 ms behind)
[0mVioManager.cpp:613 [34m[TIME]: 0.0025 seconds for tracking
[0mVioManager.cpp:614 [34m[TIME]: 0.0002 seconds for propagation
[0mVioManager.cpp:615 [34m[TIME]: 0.0031 seconds for MSCKF update (7 feats)
[0mVioManager.cpp:617 [34m[TIME]: 0.0032 seconds for SLAM update (48 feats)
[0mVioManager.cpp:618 [34m[TIME]: 0.0005 seconds for SLAM delayed init (1 feats)
[0mVioManager.cpp:620 [34m[TIME]: 0.0008 seconds for re-tri & marg (11 clones in state)
[0mVioManager.cpp:628 [34m[TIME]: 0.01037 seconds for total (camera 0 1)
[0mVioManager.cpp:654 q_GtoI = 0.011,-0.023,-0.914,0.405 | p_IinG = -1.776,0.228,1.187 | dist = 2.58 (meters)
VioManager.cpp:657 bg = -0.0003,-0.0011,0.0005 | ba = -0.0227,-0.0714,-0.0013
VioManager.cpp:662 camera-imu timeoffset = -0.00499
VioManager.cpp:669 cam0 intrinsics = 146.290,146.472,255.825,255.331 | 0.000,0.002,0.000,-0.000
VioManager.cpp:669 cam1 intrinsics = 146.125,146.219,254.442,256.093 | -0.000,0.005,0.003,-0.002
VioManager.cpp:678 cam0 extrinsics = -0.242,0.241,-0.667,0.662 | -0.009,-0.028,-0.069
VioManager.cpp:678 cam1 extrinsics = -0.334,-0.088,0.244,0.906 | 0.019,-0.022,-0.076
ROS1Visualizer.cpp:483 [34m[TIME]: 0.0105 seconds total (95.2 hz, 0.50 ms behind)
[0mVioManager.cpp:613 [34m[TIME]: 0.0033 seconds for tracking
[0mVioManager.cpp:614 [34m[TIME]: 0.0002 seconds for propagation
[0mVioManager.cpp:615 [34m[TIME]: 0.0013 seconds for MSCKF update (3 feats)
[0mVioManager.cpp:617 [34m[TIME]: 0.0032 seconds for SLAM update (48 feats)
[0mVioManager.cpp:618 [34m[TIME]: 0.0001 seconds for SLAM delayed init (0 feats)
[0mVioManager.cpp:620 [34m[TIME]: 0.0011 seconds for re-tri & marg (11 clones in state)
[0mVioManager.cpp:628 [34m[TIME]: 0.009249 seconds for total (camera 0 1)
[0mVioManager.cpp:654 q_GtoI = 0.011,-0.022,-0.912,0.409 | p_IinG = -1.794,0.239,1.185 | dist = 2.60 (meters)
VioManager.cpp:657 bg = -0.0002,-0.0011,0.0005 | ba = -0.0228,-0.0712,-0.0012
VioManager.cpp:662 camera-imu timeoffset = -0.00499
VioManager.cpp:669 cam0 intrinsics = 146.281,146.462,255.807,255.358 | -0.000,0.002,0.000,-0.000
VioManager.cpp:669 cam1 intrinsics = 146.134,146.230,254.398,256.102 | -0.000,0.005,0.003,-0.002
VioManager.cpp:678 cam0 extrinsics = -0.242,0.240,-0.667,0.662 | -0.009,-0.028,-0.069
VioManager.cpp:678 cam1 extrinsics = -0.334,-0.088,0.244,0.906 | 0.019,-0.022,-0.076
ROS1Visualizer.cpp:483 [34m[TIME]: 0.0094 seconds total (106.8 hz, 0.75 ms behind)
[0mVioManager.cpp:613 [34m[TIME]: 0.0018 seconds for tracking
[0mVioManager.cpp:614 [34m[TIME]: 0.0002 seconds for propagation
[0mVioManager.cpp:615 [34m[TIME]: 0.0001 seconds for MSCKF update (0 feats)
[0mVioManager.cpp:617 [34m[TIME]: 0.0020 seconds for SLAM update (47 feats)
[0mVioManager.cpp:618 [34m[TIME]: 0.0004 seconds for SLAM delayed init (1 feats)
[0mVioManager.cpp:620 [34m[TIME]: 0.0008 seconds for re-tri & marg (11 clones in state)
[0mVioManager.cpp:628 [34m[TIME]: 0.005247 seconds for total (camera 0 1)
[0mVioManager.cpp:654 q_GtoI = 0.010,-0.020,-0.911,0.412 | p_IinG = -1.811,0.249,1.182 | dist = 2.62 (meters)
VioManager.cpp:657 bg = -0.0002,-0.0011,0.0005 | ba = -0.0229,-0.0712,-0.0012
VioManager.cpp:662 camera-imu timeoffset = -0.00499
VioManager.cpp:669 cam0 intrinsics = 146.265,146.448,255.810,255.357 | 0.000,0.002,0.000,-0.000
VioManager.cpp:669 cam1 intrinsics = 146.150,146.253,254.383,256.084 | -0.001,0.005,0.003,-0.002
VioManager.cpp:678 cam0 extrinsics = -0.242,0.240,-0.667,0.662 | -0.009,-0.028,-0.069
VioManager.cpp:678 cam1 extrinsics = -0.334,-0.088,0.244,0.906 | 0.019,-0.022,-0.077
ROS1Visualizer.cpp:483 [34m[TIME]: 0.0054 seconds total (186.6 hz, 0.75 ms behind)
[0mVioManager.cpp:613 [34m[TIME]: 0.0028 seconds for tracking
[0mVioManager.cpp:614 [34m[TIME]: 0.0002 seconds for propagation
[0mVioManager.cpp:615 [34m[TIME]: 0.0000 seconds for MSCKF update (0 feats)
[0mVioManager.cpp:617 [34m[TIME]: 0.0032 seconds for SLAM update (49 feats)
[0mVioManager.cpp:618 [34m[TIME]: 0.0012 seconds for SLAM delayed init (2 feats)
[0mVioManager.cpp:620 [34m[TIME]: 0.0009 seconds for re-tri & marg (11 clones in state)
[0mVioManager.cpp:628 [34m[TIME]: 0.00845 seconds for total (camera 0 1)
[0mVioManager.cpp:654 q_GtoI = 0.009,-0.020,-0.909,0.415 | p_IinG = -1.829,0.260,1.180 | dist = 2.64 (meters)
VioManager.cpp:657 bg = -0.0002,-0.0011,0.0005 | ba = -0.0229,-0.0711,-0.0012
VioManager.cpp:662 camera-imu timeoffset = -0.00501
VioManager.cpp:669 cam0 intrinsics = 146.241,146.439,255.804,255.362 | -0.000,0.002,0.000,-0.000
VioManager.cpp:669 cam1 intrinsics = 146.154,146.260,254.367,256.068 | -0.001,0.005,0.003,-0.002
VioManager.cpp:678 cam0 extrinsics = -0.242,0.240,-0.667,0.662 | -0.009,-0.028,-0.070
VioManager.cpp:678 cam1 extrinsics = -0.334,-0.088,0.244,0.906 | 0.019,-0.021,-0.077
ROS1Visualizer.cpp:483 [34m[TIME]: 0.0086 seconds total (116.9 hz, 0.75 ms behind)
[0mVioManager.cpp:613 [34m[TIME]: 0.0020 seconds for tracking
[0mVioManager.cpp:614 [34m[TIME]: 0.0001 seconds for propagation
[0mVioManager.cpp:615 [34m[TIME]: 0.0006 seconds for MSCKF update (1 feats)
[0mVioManager.cpp:617 [34m[TIME]: 0.0022 seconds for SLAM update (48 feats)
[0mVioManager.cpp:618 [34m[TIME]: 0.0001 seconds for SLAM delayed init (0 feats)
[0mVioManager.cpp:620 [34m[TIME]: 0.0008 seconds for re-tri & marg (11 clones in state)
[0mVioManager.cpp:628 [34m[TIME]: 0.005743 seconds for total (camera 0 1)
[0mVioManager.cpp:654 q_GtoI = 0.010,-0.021,-0.908,0.419 | p_IinG = -1.847,0.270,1.177 | dist = 2.67 (meters)
VioManager.cpp:657 bg = -0.0002,-0.0011,0.0005 | ba = -0.0229,-0.0710,-0.0012
VioManager.cpp:662 camera-imu timeoffset = -0.00506
VioManager.cpp:669 cam0 intrinsics = 146.221,146.421,255.788,255.349 | 0.000,0.002,0.000,-0.000
VioManager.cpp:669 cam1 intrinsics = 146.163,146.258,254.359,256.051 | -0.001,0.005,0.003,-0.002
VioManager.cpp:678 cam0 extrinsics = -0.242,0.240,-0.667,0.662 | -0.009,-0.027,-0.070
VioManager.cpp:678 cam1 extrinsics = -0.334,-0.088,0.244,0.906 | 0.019,-0.021,-0.077
ROS1Visualizer.cpp:483 [34m[TIME]: 0.0059 seconds total (170.4 hz, 0.50 ms behind)
[0mVioManager.cpp:613 [34m[TIME]: 0.0021 seconds for tracking
[0mVioManager.cpp:614 [34m[TIME]: 0.0002 seconds for propagation
[0mVioManager.cpp:615 [34m[TIME]: 0.0002 seconds for MSCKF update (1 feats)
[0mVioManager.cpp:617 [34m[TIME]: 0.0031 seconds for SLAM update (48 feats)
[0mVioManager.cpp:618 [34m[TIME]: 0.0006 seconds for SLAM delayed init (1 feats)
[0mVioManager.cpp:620 [34m[TIME]: 0.0014 seconds for re-tri & marg (11 clones in state)
[0mVioManager.cpp:628 [34m[TIME]: 0.007562 seconds for total (camera 0 1)
[0mVioManager.cpp:654 q_GtoI = 0.011,-0.024,-0.906,0.422 | p_IinG = -1.864,0.281,1.175 | dist = 2.69 (meters)
VioManager.cpp:657 bg = -0.0002,-0.0011,0.0005 | ba = -0.0228,-0.0710,-0.0012
VioManager.cpp:662 camera-imu timeoffset = -0.00509
VioManager.cpp:669 cam0 intrinsics = 146.197,146.404,255.777,255.336 | 0.000,0.002,0.000,-0.000
VioManager.cpp:669 cam1 intrinsics = 146.176,146.264,254.365,256.020 | -0.001,0.005,0.004,-0.002
VioManager.cpp:678 cam0 extrinsics = -0.242,0.240,-0.667,0.662 | -0.009,-0.027,-0.070
VioManager.cpp:678 cam1 extrinsics = -0.334,-0.087,0.244,0.906 | 0.019,-0.021,-0.077
ROS1Visualizer.cpp:483 [34m[TIME]: 0.0078 seconds total (128.8 hz, 0.76 ms behind)
[0mVioManager.cpp:613 [34m[TIME]: 0.0023 seconds for tracking
[0mVioManager.cpp:614 [34m[TIME]: 0.0002 seconds for propagation
[0mVioManager.cpp:615 [34m[TIME]: 0.0011 seconds for MSCKF update (3 feats)
[0mVioManager.cpp:617 [34m[TIME]: 0.0020 seconds for SLAM update (46 feats)
[0mVioManager.cpp:618 [34m[TIME]: 0.0000 seconds for SLAM delayed init (0 feats)
[0mVioManager.cpp:620 [34m[TIME]: 0.0008 seconds for re-tri & marg (11 clones in state)
[0mVioManager.cpp:628 [34m[TIME]: 0.006386 seconds for total (camera 0 1)
[0mVioManager.cpp:654 q_GtoI = 0.011,-0.025,-0.905,0.425 | p_IinG = -1.882,0.293,1.173 | dist = 2.71 (meters)
VioManager.cpp:657 bg = -0.0002,-0.0011,0.0004 | ba = -0.0226,-0.0709,-0.0012
VioManager.cpp:662 camera-imu timeoffset = -0.00509
VioManager.cpp:669 cam0 intrinsics = 146.179,146.393,255.765,255.328 | 0.000,0.002,0.000,-0.000
VioManager.cpp:669 cam1 intrinsics = 146.187,146.262,254.349,256.008 | -0.001,0.005,0.004,-0.003
VioManager.cpp:678 cam0 extrinsics = -0.242,0.240,-0.667,0.662 | -0.009,-0.027,-0.070
VioManager.cpp:678 cam1 extrinsics = -0.334,-0.087,0.244,0.906 | 0.020,-0.021,-0.077
ROS1Visualizer.cpp:483 [34m[TIME]: 0.0065 seconds total (153.8 hz, 0.76 ms behind)
[0mVioManager.cpp:613 [34m[TIME]: 0.0024 seconds for tracking
[0mVioManager.cpp:614 [34m[TIME]: 0.0001 seconds for propagation
[0mVioManager.cpp:615 [34m[TIME]: 0.0000 seconds for MSCKF update (0 feats)
[0mVioManager.cpp:617 [34m[TIME]: 0.0020 seconds for SLAM update (46 feats)
[0mVioManager.cpp:618 [34m[TIME]: 0.0000 seconds for SLAM delayed init (0 feats)
[0mVioManager.cpp:620 [34m[TIME]: 0.0008 seconds for re-tri & marg (11 clones in state)
[0mVioManager.cpp:628 [34m[TIME]: 0.005446 seconds for total (camera 0 1)
[0mVioManager.cpp:654 q_GtoI = 0.009,-0.023,-0.903,0.429 | p_IinG = -1.900,0.304,1.171 | dist = 2.73 (meters)
VioManager.cpp:657 bg = -0.0002,-0.0011,0.0004 | ba = -0.0224,-0.0708,-0.0012
VioManager.cpp:662 camera-imu timeoffset = -0.00508
VioManager.cpp:669 cam0 intrinsics = 146.156,146.382,255.758,255.314 | 0.000,0.002,0.000,-0.000
VioManager.cpp:669 cam1 intrinsics = 146.204,146.265,254.358,255.972 | -0.001,0.005,0.004,-0.003
VioManager.cpp:678 cam0 extrinsics = -0.242,0.240,-0.667,0.662 | -0.010,-0.027,-0.070
VioManager.cpp:678 cam1 extrinsics = -0.334,-0.087,0.244,0.906 | 0.020,-0.021,-0.077
ROS1Visualizer.cpp:483 [34m[TIME]: 0.0056 seconds total (180.1 hz, 0.76 ms behind)
[0mVioManager.cpp:613 [34m[TIME]: 0.0026 seconds for tracking
[0mVioManager.cpp:614 [34m[TIME]: 0.0002 seconds for propagation
[0mVioManager.cpp:615 [34m[TIME]: 0.0002 seconds for MSCKF update (1 feats)
[0mVioManager.cpp:617 [34m[TIME]: 0.0023 seconds for SLAM update (44 feats)
[0mVioManager.cpp:618 [34m[TIME]: 0.0000 seconds for SLAM delayed init (0 feats)
[0mVioManager.cpp:620 [34m[TIME]: 0.0008 seconds for re-tri & marg (11 clones in state)
[0mVioManager.cpp:628 [34m[TIME]: 0.006155 seconds for total (camera 0 1)
[0mVioManager.cpp:654 q_GtoI = 0.006,-0.020,-0.902,0.432 | p_IinG = -1.918,0.316,1.170 | dist = 2.75 (meters)
VioManager.cpp:657 bg = -0.0002,-0.0011,0.0004 | ba = -0.0221,-0.0708,-0.0012
VioManager.cpp:662 camera-imu timeoffset = -0.00508
VioManager.cpp:669 cam0 intrinsics = 146.132,146.367,255.752,255.295 | 0.000,0.002,0.000,-0.000
VioManager.cpp:669 cam1 intrinsics = 146.219,146.266,254.352,255.941 | -0.001,0.005,0.004,-0.003
VioManager.cpp:678 cam0 extrinsics = -0.242,0.240,-0.667,0.662 | -0.010,-0.027,-0.069
VioManager.cpp:678 cam1 extrinsics = -0.334,-0.087,0.244,0.906 | 0.019,-0.021,-0.077
ROS1Visualizer.cpp:483 [34m[TIME]: 0.0063 seconds total (159.5 hz, 0.51 ms behind)
[0mVioManager.cpp:613 [34m[TIME]: 0.0022 seconds for tracking
[0mVioManager.cpp:614 [34m[TIME]: 0.0002 seconds for propagation
[0mVioManager.cpp:615 [34m[TIME]: 0.0000 seconds for MSCKF update (0 feats)
[0mVioManager.cpp:617 [34m[TIME]: 0.0019 seconds for SLAM update (44 feats)
[0mVioManager.cpp:618 [34m[TIME]: 0.0000 seconds for SLAM delayed init (0 feats)
[0mVioManager.cpp:620 [34m[TIME]: 0.0008 seconds for re-tri & marg (11 clones in state)
[0mVioManager.cpp:628 [34m[TIME]: 0.005042 seconds for total (camera 0 1)
[0mVioManager.cpp:654 q_GtoI = 0.003,-0.018,-0.900,0.435 | p_IinG = -1.936,0.327,1.168 | dist = 2.77 (meters)
VioManager.cpp:657 bg = -0.0002,-0.0011,0.0004 | ba = -0.0218,-0.0707,-0.0012
VioManager.cpp:662 camera-imu timeoffset = -0.00508
VioManager.cpp:669 cam0 intrinsics = 146.097,146.349,255.745,255.284 | 0.000,0.002,0.000,-0.000
VioManager.cpp:669 cam1 intrinsics = 146.230,146.261,254.354,255.919 | -0.002,0.005,0.004,-0.003
VioManager.cpp:678 cam0 extrinsics = -0.242,0.240,-0.667,0.662 | -0.010,-0.028,-0.069
VioManager.cpp:678 cam1 extrinsics = -0.334,-0.087,0.244,0.906 | 0.019,-0.021,-0.077
ROS1Visualizer.cpp:483 [34m[TIME]: 0.0052 seconds total (194.0 hz, 0.76 ms behind)
[0mVioManager.cpp:613 [34m[TIME]: 0.0020 seconds for tracking
[0mVioManager.cpp:614 [34m[TIME]: 0.0001 seconds for propagation
[0mVioManager.cpp:615 [34m[TIME]: 0.0003 seconds for MSCKF update (1 feats)
[0mVioManager.cpp:617 [34m[TIME]: 0.0017 seconds for SLAM update (43 feats)
[0mVioManager.cpp:618 [34m[TIME]: 0.0004 seconds for SLAM delayed init (1 feats)
[0mVioManager.cpp:620 [34m[TIME]: 0.0008 seconds for re-tri & marg (11 clones in state)
[0mVioManager.cpp:628 [34m[TIME]: 0.005335 seconds for total (camera 0 1)
[0mVioManager.cpp:654 q_GtoI = 0.001,-0.016,-0.899,0.438 | p_IinG = -1.953,0.339,1.166 | dist = 2.79 (meters)
VioManager.cpp:657 bg = -0.0002,-0.0011,0.0004 | ba = -0.0215,-0.0705,-0.0012
VioManager.cpp:662 camera-imu timeoffset = -0.00507
VioManager.cpp:669 cam0 intrinsics = 146.065,146.331,255.736,255.270 | 0.000,0.002,0.000,-0.000
VioManager.cpp:669 cam1 intrinsics = 146.236,146.254,254.339,255.907 | -0.002,0.005,0.004,-0.003
VioManager.cpp:678 cam0 extrinsics = -0.242,0.240,-0.667,0.662 | -0.010,-0.028,-0.068
VioManager.cpp:678 cam1 extrinsics = -0.334,-0.087,0.244,0.906 | 0.019,-0.021,-0.078
ROS1Visualizer.cpp:483 [34m[TIME]: 0.0054 seconds total (184.0 hz, 0.76 ms behind)
[0mVioManager.cpp:613 [34m[TIME]: 0.0019 seconds for tracking
[0mVioManager.cpp:614 [34m[TIME]: 0.0001 seconds for propagation
[0mVioManager.cpp:615 [34m[TIME]: 0.0000 seconds for MSCKF update (0 feats)
[0mVioManager.cpp:617 [34m[TIME]: 0.0018 seconds for SLAM update (43 feats)
[0mVioManager.cpp:618 [34m[TIME]: 0.0002 seconds for SLAM delayed init (0 feats)
[0mVioManager.cpp:620 [34m[TIME]: 0.0008 seconds for re-tri & marg (11 clones in state)
[0mVioManager.cpp:628 [34m[TIME]: 0.00482 seconds for total (camera 0 1)
[0mVioManager.cpp:654 q_GtoI = -0.000,-0.015,-0.897,0.441 | p_IinG = -1.970,0.350,1.165 | dist = 2.81 (meters)
VioManager.cpp:657 bg = -0.0002,-0.0011,0.0004 | ba = -0.0213,-0.0704,-0.0011
VioManager.cpp:662 camera-imu timeoffset = -0.00509
VioManager.cpp:669 cam0 intrinsics = 146.038,146.317,255.731,255.264 | 0.000,0.002,0.000,-0.000
VioManager.cpp:669 cam1 intrinsics = 146.247,146.247,254.334,255.893 | -0.002,0.004,0.004,-0.003
VioManager.cpp:678 cam0 extrinsics = -0.242,0.240,-0.667,0.662 | -0.010,-0.028,-0.068
VioManager.cpp:678 cam1 extrinsics = -0.334,-0.087,0.244,0.906 | 0.019,-0.021,-0.078
ROS1Visualizer.cpp:483 [34m[TIME]: 0.0049 seconds total (202.9 hz, 0.76 ms behind)
[0mVioManager.cpp:613 [34m[TIME]: 0.0024 seconds for tracking
[0mVioManager.cpp:614 [34m[TIME]: 0.0001 seconds for propagation
[0mVioManager.cpp:615 [34m[TIME]: 0.0020 seconds for MSCKF update (7 feats)
[0mVioManager.cpp:617 [34m[TIME]: 0.0016 seconds for SLAM update (41 feats)
[0mVioManager.cpp:618 [34m[TIME]: 0.0001 seconds for SLAM delayed init (0 feats)
[0mVioManager.cpp:620 [34m[TIME]: 0.0007 seconds for re-tri & marg (11 clones in state)
[0mVioManager.cpp:628 [34m[TIME]: 0.007037 seconds for total (camera 0 1)
[0mVioManager.cpp:654 q_GtoI = 0.001,-0.018,-0.896,0.444 | p_IinG = -1.987,0.362,1.164 | dist = 2.83 (meters)
VioManager.cpp:657 bg = -0.0002,-0.0011,0.0004 | ba = -0.0209,-0.0705,-0.0011
VioManager.cpp:662 camera-imu timeoffset = -0.00511
VioManager.cpp:669 cam0 intrinsics = 146.010,146.302,255.721,255.250 | 0.000,0.002,0.000,-0.000
VioManager.cpp:669 cam1 intrinsics = 146.263,146.252,254.341,255.873 | -0.002,0.004,0.005,-0.003
VioManager.cpp:678 cam0 extrinsics = -0.242,0.240,-0.667,0.662 | -0.010,-0.028,-0.068
VioManager.cpp:678 cam1 extrinsics = -0.334,-0.087,0.244,0.906 | 0.019,-0.021,-0.077
ROS1Visualizer.cpp:483 [34m[TIME]: 0.0072 seconds total (139.8 hz, 0.51 ms behind)
[0mVioManager.cpp:613 [34m[TIME]: 0.0022 seconds for tracking
[0mVioManager.cpp:614 [34m[TIME]: 0.0001 seconds for propagation
[0mVioManager.cpp:615 [34m[TIME]: 0.0001 seconds for MSCKF update (0 feats)
[0mVioManager.cpp:617 [34m[TIME]: 0.0015 seconds for SLAM update (41 feats)
[0mVioManager.cpp:618 [34m[TIME]: 0.0004 seconds for SLAM delayed init (1 feats)
[0mVioManager.cpp:620 [34m[TIME]: 0.0008 seconds for re-tri & marg (11 clones in state)
[0mVioManager.cpp:628 [34m[TIME]: 0.005093 seconds for total (camera 0 1)
[0mVioManager.cpp:654 q_GtoI = 0.001,-0.020,-0.894,0.447 | p_IinG = -2.003,0.373,1.162 | dist = 2.85 (meters)
VioManager.cpp:657 bg = -0.0002,-0.0011,0.0004 | ba = -0.0206,-0.0701,-0.0011
VioManager.cpp:662 camera-imu timeoffset = -0.00516
VioManager.cpp:669 cam0 intrinsics = 145.973,146.279,255.718,255.276 | 0.000,0.002,0.000,-0.000
VioManager.cpp:669 cam1 intrinsics = 146.271,146.226,254.336,255.856 | -0.002,0.004,0.005,-0.003
VioManager.cpp:678 cam0 extrinsics = -0.242,0.240,-0.667,0.662 | -0.010,-0.029,-0.068
VioManager.cpp:678 cam1 extrinsics = -0.334,-0.087,0.245,0.906 | 0.019,-0.021,-0.077
ROS1Visualizer.cpp:483 [34m[TIME]: 0.0052 seconds total (192.2 hz, 0.76 ms behind)
[0mVioManager.cpp:613 [34m[TIME]: 0.0024 seconds for tracking
[0mVioManager.cpp:614 [34m[TIME]: 0.0002 seconds for propagation
[0mVioManager.cpp:615 [34m[TIME]: 0.0002 seconds for MSCKF update (0 feats)
[0mVioManager.cpp:617 [34m[TIME]: 0.0023 seconds for SLAM update (40 feats)
[0mVioManager.cpp:618 [34m[TIME]: 0.0006 seconds for SLAM delayed init (1 feats)
[0mVioManager.cpp:620 [34m[TIME]: 0.0010 seconds for re-tri & marg (11 clones in state)
[0mVioManager.cpp:628 [34m[TIME]: 0.006735 seconds for total (camera 0 1)
[0mVioManager.cpp:654 q_GtoI = 0.001,-0.022,-0.893,0.449 | p_IinG = -2.019,0.385,1.161 | dist = 2.87 (meters)
VioManager.cpp:657 bg = -0.0002,-0.0011,0.0004 | ba = -0.0200,-0.0700,-0.0011
VioManager.cpp:662 camera-imu timeoffset = -0.00518
VioManager.cpp:669 cam0 intrinsics = 145.955,146.269,255.703,255.268 | 0.000,0.002,0.000,-0.000
VioManager.cpp:669 cam1 intrinsics = 146.282,146.219,254.315,255.837 | -0.002,0.004,0.005,-0.003
VioManager.cpp:678 cam0 extrinsics = -0.242,0.240,-0.667,0.662 | -0.010,-0.029,-0.067
VioManager.cpp:678 cam1 extrinsics = -0.334,-0.087,0.245,0.906 | 0.019,-0.020,-0.077
ROS1Visualizer.cpp:483 [34m[TIME]: 0.0068 seconds total (146.3 hz, 0.77 ms behind)
[0mVioManager.cpp:613 [34m[TIME]: 0.0026 seconds for tracking
[0mVioManager.cpp:614 [34m[TIME]: 0.0001 seconds for propagation
[0mVioManager.cpp:615 [34m[TIME]: 0.0002 seconds for MSCKF update (1 feats)
[0mVioManager.cpp:617 [34m[TIME]: 0.0014 seconds for SLAM update (39 feats)
[0mVioManager.cpp:618 [34m[TIME]: 0.0004 seconds for SLAM delayed init (1 feats)
[0mVioManager.cpp:620 [34m[TIME]: 0.0008 seconds for re-tri & marg (11 clones in state)
[0mVioManager.cpp:628 [34m[TIME]: 0.005539 seconds for total (camera 0 1)
[0mVioManager.cpp:654 q_GtoI = -0.000,-0.022,-0.892,0.452 | p_IinG = -2.035,0.396,1.159 | dist = 2.89 (meters)
VioManager.cpp:657 bg = -0.0002,-0.0011,0.0004 | ba = -0.0196,-0.0698,-0.0011
VioManager.cpp:662 camera-imu timeoffset = -0.00519
VioManager.cpp:669 cam0 intrinsics = 145.941,146.252,255.690,255.241 | 0.000,0.002,0.001,-0.000
VioManager.cpp:669 cam1 intrinsics = 146.288,146.201,254.300,255.827 | -0.002,0.004,0.005,-0.003
VioManager.cpp:678 cam0 extrinsics = -0.242,0.240,-0.667,0.662 | -0.010,-0.030,-0.067
VioManager.cpp:678 cam1 extrinsics = -0.334,-0.087,0.245,0.906 | 0.019,-0.020,-0.077
ROS1Visualizer.cpp:483 [34m[TIME]: 0.0056 seconds total (177.0 hz, 0.77 ms behind)
[0mVioManager.cpp:613 [34m[TIME]: 0.0017 seconds for tracking
[0mVioManager.cpp:614 [34m[TIME]: 0.0001 seconds for propagation
[0mVioManager.cpp:615 [34m[TIME]: 0.0001 seconds for MSCKF update (0 feats)
[0mVioManager.cpp:617 [34m[TIME]: 0.0014 seconds for SLAM update (40 feats)
[0mVioManager.cpp:618 [34m[TIME]: 0.0012 seconds for SLAM delayed init (3 feats)
[0mVioManager.cpp:620 [34m[TIME]: 0.0008 seconds for re-tri & marg (11 clones in state)
[0mVioManager.cpp:628 [34m[TIME]: 0.005312 seconds for total (camera 0 1)
[0mVioManager.cpp:654 q_GtoI = -0.001,-0.022,-0.891,0.454 | p_IinG = -2.050,0.409,1.157 | dist = 2.91 (meters)
VioManager.cpp:657 bg = -0.0002,-0.0011,0.0004 | ba = -0.0191,-0.0697,-0.0010
VioManager.cpp:662 camera-imu timeoffset = -0.00519
VioManager.cpp:669 cam0 intrinsics = 145.934,146.245,255.676,255.210 | 0.000,0.002,0.000,-0.000
VioManager.cpp:669 cam1 intrinsics = 146.300,146.200,254.274,255.807 | -0.002,0.004,0.005,-0.003
VioManager.cpp:678 cam0 extrinsics = -0.242,0.240,-0.667,0.662 | -0.010,-0.030,-0.066
VioManager.cpp:678 cam1 extrinsics = -0.334,-0.087,0.245,0.906 | 0.019,-0.020,-0.077
ROS1Visualizer.cpp:483 [34m[TIME]: 0.0054 seconds total (184.5 hz, 0.52 ms behind)
[0mVioManager.cpp:613 [34m[TIME]: 0.0024 seconds for tracking
[0mVioManager.cpp:614 [34m[TIME]: 0.0001 seconds for propagation
[0mVioManager.cpp:615 [34m[TIME]: 0.0000 seconds for MSCKF update (0 feats)
[0mVioManager.cpp:617 [34m[TIME]: 0.0015 seconds for SLAM update (40 feats)
[0mVioManager.cpp:618 [34m[TIME]: 0.0002 seconds for SLAM delayed init (0 feats)
[0mVioManager.cpp:620 [34m[TIME]: 0.0007 seconds for re-tri & marg (11 clones in state)
[0mVioManager.cpp:628 [34m[TIME]: 0.005 seconds for total (camera 0 1)
[0mVioManager.cpp:654 q_GtoI = -0.001,-0.022,-0.890,0.456 | p_IinG = -2.065,0.421,1.154 | dist = 2.93 (meters)
VioManager.cpp:657 bg = -0.0002,-0.0011,0.0003 | ba = -0.0187,-0.0695,-0.0010
VioManager.cpp:662 camera-imu timeoffset = -0.00519
VioManager.cpp:669 cam0 intrinsics = 145.926,146.235,255.664,255.202 | 0.000,0.002,0.001,-0.000
VioManager.cpp:669 cam1 intrinsics = 146.321,146.201,254.247,255.801 | -0.002,0.004,0.005,-0.003
VioManager.cpp:678 cam0 extrinsics = -0.242,0.240,-0.667,0.662 | -0.010,-0.030,-0.066
VioManager.cpp:678 cam1 extrinsics = -0.334,-0.087,0.245,0.906 | 0.018,-0.020,-0.077
ROS1Visualizer.cpp:483 [34m[TIME]: 0.0051 seconds total (196.0 hz, 0.77 ms behind)
[0mVioManager.cpp:613 [34m[TIME]: 0.0028 seconds for tracking
[0mVioManager.cpp:614 [34m[TIME]: 0.0002 seconds for propagation
[0mVioManager.cpp:615 [34m[TIME]: 0.0002 seconds for MSCKF update (1 feats)
[0mVioManager.cpp:617 [34m[TIME]: 0.0018 seconds for SLAM update (40 feats)
[0mVioManager.cpp:618 [34m[TIME]: 0.0011 seconds for SLAM delayed init (3 feats)
[0mVioManager.cpp:620 [34m[TIME]: 0.0008 seconds for re-tri & marg (11 clones in state)
[0mVioManager.cpp:628 [34m[TIME]: 0.00698 seconds for total (camera 0 1)
[0mVioManager.cpp:654 q_GtoI = -0.001,-0.021,-0.889,0.458 | p_IinG = -2.079,0.434,1.152 | dist = 2.94 (meters)
VioManager.cpp:657 bg = -0.0002,-0.0011,0.0003 | ba = -0.0182,-0.0694,-0.0010
VioManager.cpp:662 camera-imu timeoffset = -0.00518
VioManager.cpp:669 cam0 intrinsics = 145.919,146.230,255.645,255.164 | 0.000,0.002,0.000,-0.000
VioManager.cpp:669 cam1 intrinsics = 146.329,146.210,254.213,255.805 | -0.002,0.004,0.005,-0.003
VioManager.cpp:678 cam0 extrinsics = -0.242,0.240,-0.667,0.662 | -0.010,-0.030,-0.066
VioManager.cpp:678 cam1 extrinsics = -0.334,-0.087,0.245,0.906 | 0.019,-0.019,-0.078
ROS1Visualizer.cpp:483 [34m[TIME]: 0.0071 seconds total (140.9 hz, 0.77 ms behind)
[0mVioManager.cpp:613 [34m[TIME]: 0.0019 seconds for tracking
[0mVioManager.cpp:614 [34m[TIME]: 0.0001 seconds for propagation
[0mVioManager.cpp:615 [34m[TIME]: 0.0001 seconds for MSCKF update (0 feats)
[0mVioManager.cpp:617 [34m[TIME]: 0.0014 seconds for SLAM update (38 feats)
[0mVioManager.cpp:618 [34m[TIME]: 0.0000 seconds for SLAM delayed init (0 feats)
[0mVioManager.cpp:620 [34m[TIME]: 0.0008 seconds for re-tri & marg (11 clones in state)
[0mVioManager.cpp:628 [34m[TIME]: 0.004452 seconds for total (camera 0 1)
[0mVioManager.cpp:654 q_GtoI = 0.000,-0.022,-0.888,0.459 | p_IinG = -2.092,0.447,1.149 | dist = 2.96 (meters)
VioManager.cpp:657 bg = -0.0002,-0.0011,0.0003 | ba = -0.0180,-0.0694,-0.0009
VioManager.cpp:662 camera-imu timeoffset = -0.00518
VioManager.cpp:669 cam0 intrinsics = 145.922,146.229,255.620,255.131 | 0.000,0.002,0.000,-0.000
VioManager.cpp:669 cam1 intrinsics = 146.342,146.227,254.188,255.806 | -0.002,0.004,0.005,-0.003
VioManager.cpp:678 cam0 extrinsics = -0.242,0.240,-0.667,0.662 | -0.010,-0.029,-0.066
VioManager.cpp:678 cam1 extrinsics = -0.334,-0.087,0.245,0.906 | 0.019,-0.019,-0.078
ROS1Visualizer.cpp:483 [34m[TIME]: 0.0046 seconds total (219.4 hz, 0.77 ms behind)
[0mVioManager.cpp:613 [34m[TIME]: 0.0024 seconds for tracking
[0mVioManager.cpp:614 [34m[TIME]: 0.0001 seconds for propagation
[0mVioManager.cpp:615 [34m[TIME]: 0.0003 seconds for MSCKF update (2 feats)
[0mVioManager.cpp:617 [34m[TIME]: 0.0013 seconds for SLAM update (37 feats)
[0mVioManager.cpp:618 [34m[TIME]: 0.0000 seconds for SLAM delayed init (0 feats)
[0mVioManager.cpp:620 [34m[TIME]: 0.0008 seconds for re-tri & marg (11 clones in state)
[0mVioManager.cpp:628 [34m[TIME]: 0.004932 seconds for total (camera 0 1)
[0mVioManager.cpp:654 q_GtoI = 0.000,-0.024,-0.887,0.460 | p_IinG = -2.105,0.460,1.148 | dist = 2.98 (meters)
VioManager.cpp:657 bg = -0.0002,-0.0011,0.0004 | ba = -0.0177,-0.0693,-0.0008
VioManager.cpp:662 camera-imu timeoffset = -0.00518
VioManager.cpp:669 cam0 intrinsics = 145.926,146.228,255.593,255.097 | 0.000,0.002,0.000,-0.000
VioManager.cpp:669 cam1 intrinsics = 146.349,146.242,254.181,255.798 | -0.002,0.004,0.005,-0.003
VioManager.cpp:678 cam0 extrinsics = -0.242,0.240,-0.667,0.662 | -0.009,-0.029,-0.065
VioManager.cpp:678 cam1 extrinsics = -0.334,-0.087,0.245,0.906 | 0.019,-0.018,-0.078
ROS1Visualizer.cpp:483 [34m[TIME]: 0.0050 seconds total (199.0 hz, 0.52 ms behind)
[0mVioManager.cpp:613 [34m[TIME]: 0.0022 seconds for tracking
[0mVioManager.cpp:614 [34m[TIME]: 0.0001 seconds for propagation
[0mVioManager.cpp:615 [34m[TIME]: 0.0002 seconds for MSCKF update (1 feats)
[0mVioManager.cpp:617 [34m[TIME]: 0.0013 seconds for SLAM update (37 feats)
[0mVioManager.cpp:618 [34m[TIME]: 0.0000 seconds for SLAM delayed init (0 feats)
[0mVioManager.cpp:620 [34m[TIME]: 0.0008 seconds for re-tri & marg (11 clones in state)
[0mVioManager.cpp:628 [34m[TIME]: 0.004681 seconds for total (camera 0 1)
[0mVioManager.cpp:654 q_GtoI = 0.001,-0.027,-0.887,0.461 | p_IinG = -2.118,0.474,1.146 | dist = 3.00 (meters)
VioManager.cpp:657 bg = -0.0002,-0.0011,0.0004 | ba = -0.0175,-0.0693,-0.0008
VioManager.cpp:662 camera-imu timeoffset = -0.00519
VioManager.cpp:669 cam0 intrinsics = 145.925,146.223,255.564,255.063 | 0.000,0.002,0.000,-0.000
VioManager.cpp:669 cam1 intrinsics = 146.359,146.251,254.158,255.804 | -0.002,0.004,0.005,-0.003
VioManager.cpp:678 cam0 extrinsics = -0.243,0.240,-0.667,0.662 | -0.009,-0.029,-0.065
VioManager.cpp:678 cam1 extrinsics = -0.334,-0.087,0.245,0.906 | 0.019,-0.018,-0.078
ROS1Visualizer.cpp:483 [34m[TIME]: 0.0048 seconds total (208.2 hz, 0.77 ms behind)
[0mVioManager.cpp:613 [34m[TIME]: 0.0025 seconds for tracking
[0mVioManager.cpp:614 [34m[TIME]: 0.0001 seconds for propagation
[0mVioManager.cpp:615 [34m[TIME]: 0.0004 seconds for MSCKF update (3 feats)
[0mVioManager.cpp:617 [34m[TIME]: 0.0012 seconds for SLAM update (35 feats)
[0mVioManager.cpp:618 [34m[TIME]: 0.0000 seconds for SLAM delayed init (0 feats)
[0mVioManager.cpp:620 [34m[TIME]: 0.0008 seconds for re-tri & marg (11 clones in state)
[0mVioManager.cpp:628 [34m[TIME]: 0.005116 seconds for total (camera 0 1)
[0mVioManager.cpp:654 q_GtoI = 0.002,-0.030,-0.886,0.462 | p_IinG = -2.130,0.488,1.144 | dist = 3.02 (meters)
VioManager.cpp:657 bg = -0.0002,-0.0011,0.0004 | ba = -0.0174,-0.0695,-0.0008
VioManager.cpp:662 camera-imu timeoffset = -0.00519
VioManager.cpp:669 cam0 intrinsics = 145.922,146.215,255.540,255.037 | 0.001,0.002,0.000,-0.000
VioManager.cpp:669 cam1 intrinsics = 146.373,146.252,254.117,255.813 | -0.002,0.004,0.005,-0.003
VioManager.cpp:678 cam0 extrinsics = -0.243,0.240,-0.667,0.662 | -0.009,-0.029,-0.065
VioManager.cpp:678 cam1 extrinsics = -0.334,-0.087,0.245,0.906 | 0.019,-0.018,-0.077
ROS1Visualizer.cpp:483 [34m[TIME]: 0.0052 seconds total (191.6 hz, 0.77 ms behind)
[0mVioManager.cpp:613 [34m[TIME]: 0.0020 seconds for tracking
[0mVioManager.cpp:614 [34m[TIME]: 0.0001 seconds for propagation
[0mVioManager.cpp:615 [34m[TIME]: 0.0001 seconds for MSCKF update (0 feats)
[0mVioManager.cpp:617 [34m[TIME]: 0.0012 seconds for SLAM update (34 feats)
[0mVioManager.cpp:618 [34m[TIME]: 0.0001 seconds for SLAM delayed init (0 feats)
[0mVioManager.cpp:620 [34m[TIME]: 0.0007 seconds for re-tri & marg (11 clones in state)
[0mVioManager.cpp:628 [34m[TIME]: 0.004349 seconds for total (camera 0 1)
[0mVioManager.cpp:654 q_GtoI = 0.001,-0.030,-0.886,0.463 | p_IinG = -2.143,0.502,1.142 | dist = 3.04 (meters)
VioManager.cpp:657 bg = -0.0002,-0.0011,0.0004 | ba = -0.0172,-0.0694,-0.0007
VioManager.cpp:662 camera-imu timeoffset = -0.00516
VioManager.cpp:669 cam0 intrinsics = 145.929,146.211,255.527,254.997 | 0.001,0.002,0.000,-0.000
VioManager.cpp:669 cam1 intrinsics = 146.396,146.261,254.090,255.817 | -0.002,0.004,0.005,-0.003
VioManager.cpp:678 cam0 extrinsics = -0.242,0.240,-0.667,0.662 | -0.009,-0.028,-0.065
VioManager.cpp:678 cam1 extrinsics = -0.334,-0.088,0.245,0.906 | 0.019,-0.018,-0.077
ROS1Visualizer.cpp:483 [34m[TIME]: 0.0044 seconds total (224.8 hz, 0.77 ms behind)
[0mVioManager.cpp:613 [34m[TIME]: 0.0021 seconds for tracking
[0mVioManager.cpp:614 [34m[TIME]: 0.0001 seconds for propagation
[0mVioManager.cpp:615 [34m[TIME]: 0.0005 seconds for MSCKF update (2 feats)
[0mVioManager.cpp:617 [34m[TIME]: 0.0012 seconds for SLAM update (38 feats)
[0mVioManager.cpp:618 [34m[TIME]: 0.0017 seconds for SLAM delayed init (5 feats)
[0mVioManager.cpp:620 [34m[TIME]: 0.0008 seconds for re-tri & marg (11 clones in state)
[0mVioManager.cpp:628 [34m[TIME]: 0.006358 seconds for total (camera 0 1)
[0mVioManager.cpp:654 q_GtoI = 0.000,-0.029,-0.886,0.463 | p_IinG = -2.156,0.517,1.140 | dist = 3.06 (meters)
VioManager.cpp:657 bg = -0.0002,-0.0011,0.0004 | ba = -0.0168,-0.0693,-0.0007
VioManager.cpp:662 camera-imu timeoffset = -0.00511
VioManager.cpp:669 cam0 intrinsics = 145.926,146.210,255.511,254.956 | 0.001,0.002,-0.000,-0.000
VioManager.cpp:669 cam1 intrinsics = 146.412,146.270,254.052,255.814 | -0.002,0.004,0.005,-0.003
VioManager.cpp:678 cam0 extrinsics = -0.242,0.240,-0.667,0.662 | -0.009,-0.028,-0.065
VioManager.cpp:678 cam1 extrinsics = -0.334,-0.088,0.245,0.906 | 0.019,-0.018,-0.077
ROS1Visualizer.cpp:483 [34m[TIME]: 0.0065 seconds total (154.4 hz, 0.52 ms behind)
[0mVioManager.cpp:613 [34m[TIME]: 0.0022 seconds for tracking
[0mVioManager.cpp:614 [34m[TIME]: 0.0002 seconds for propagation
[0mVioManager.cpp:615 [34m[TIME]: 0.0003 seconds for MSCKF update (1 feats)
[0mVioManager.cpp:617 [34m[TIME]: 0.0022 seconds for SLAM update (38 feats)
[0mVioManager.cpp:618 [34m[TIME]: 0.0001 seconds for SLAM delayed init (0 feats)
[0mVioManager.cpp:620 [34m[TIME]: 0.0014 seconds for re-tri & marg (11 clones in state)
[0mVioManager.cpp:628 [34m[TIME]: 0.006474 seconds for total (camera 0 1)
[0mVioManager.cpp:654 q_GtoI = -0.001,-0.026,-0.886,0.463 | p_IinG = -2.168,0.533,1.138 | dist = 3.08 (meters)
VioManager.cpp:657 bg = -0.0002,-0.0011,0.0004 | ba = -0.0167,-0.0696,-0.0007
VioManager.cpp:662 camera-imu timeoffset = -0.00508
VioManager.cpp:669 cam0 intrinsics = 145.922,146.203,255.484,254.888 | 0.001,0.002,-0.000,-0.000
VioManager.cpp:669 cam1 intrinsics = 146.423,146.267,254.023,255.808 | -0.002,0.004,0.005,-0.003
VioManager.cpp:678 cam0 extrinsics = -0.242,0.240,-0.667,0.662 | -0.008,-0.028,-0.065
VioManager.cpp:678 cam1 extrinsics = -0.334,-0.088,0.245,0.906 | 0.019,-0.018,-0.077
ROS1Visualizer.cpp:483 [34m[TIME]: 0.0066 seconds total (150.9 hz, 0.76 ms behind)
[0mVioManager.cpp:613 [34m[TIME]: 0.0024 seconds for tracking
[0mVioManager.cpp:614 [34m[TIME]: 0.0002 seconds for propagation
[0mVioManager.cpp:615 [34m[TIME]: 0.0005 seconds for MSCKF update (1 feats)
[0mVioManager.cpp:617 [34m[TIME]: 0.0022 seconds for SLAM update (47 feats)
[0mVioManager.cpp:618 [34m[TIME]: 0.0041 seconds for SLAM delayed init (9 feats)
[0mVioManager.cpp:620 [34m[TIME]: 0.0008 seconds for re-tri & marg (11 clones in state)
[0mVioManager.cpp:628 [34m[TIME]: 0.01032 seconds for total (camera 0 1)
[0mVioManager.cpp:654 q_GtoI = -0.003,-0.022,-0.886,0.463 | p_IinG = -2.180,0.548,1.136 | dist = 3.09 (meters)
VioManager.cpp:657 bg = -0.0002,-0.0011,0.0004 | ba = -0.0165,-0.0696,-0.0006
VioManager.cpp:662 camera-imu timeoffset = -0.00503
VioManager.cpp:669 cam0 intrinsics = 145.925,146.210,255.453,254.860 | 0.001,0.002,-0.000,-0.000
VioManager.cpp:669 cam1 intrinsics = 146.454,146.279,253.970,255.845 | -0.002,0.004,0.005,-0.003
VioManager.cpp:678 cam0 extrinsics = -0.242,0.240,-0.667,0.662 | -0.008,-0.028,-0.065
VioManager.cpp:678 cam1 extrinsics = -0.334,-0.088,0.245,0.906 | 0.020,-0.018,-0.077
ROS1Visualizer.cpp:483 [34m[TIME]: 0.0105 seconds total (95.5 hz, 0.76 ms behind)
[0mVioManager.cpp:613 [34m[TIME]: 0.0016 seconds for tracking
[0mVioManager.cpp:614 [34m[TIME]: 0.0001 seconds for propagation
[0mVioManager.cpp:615 [34m[TIME]: 0.0001 seconds for MSCKF update (0 feats)
[0mVioManager.cpp:617 [34m[TIME]: 0.0019 seconds for SLAM update (45 feats)
[0mVioManager.cpp:618 [34m[TIME]: 0.0000 seconds for SLAM delayed init (0 feats)
[0mVioManager.cpp:620 [34m[TIME]: 0.0008 seconds for re-tri & marg (11 clones in state)
[0mVioManager.cpp:628 [34m[TIME]: 0.004547 seconds for total (camera 0 1)
[0mVioManager.cpp:654 q_GtoI = -0.005,-0.020,-0.886,0.463 | p_IinG = -2.192,0.564,1.134 | dist = 3.11 (meters)
VioManager.cpp:657 bg = -0.0002,-0.0011,0.0004 | ba = -0.0162,-0.0695,-0.0006
VioManager.cpp:662 camera-imu timeoffset = -0.00500
VioManager.cpp:669 cam0 intrinsics = 145.922,146.211,255.434,254.821 | 0.001,0.002,-0.000,-0.000
VioManager.cpp:669 cam1 intrinsics = 146.465,146.285,253.952,255.840 | -0.002,0.004,0.005,-0.003
VioManager.cpp:678 cam0 extrinsics = -0.242,0.240,-0.667,0.662 | -0.008,-0.028,-0.064
VioManager.cpp:678 cam1 extrinsics = -0.334,-0.088,0.245,0.906 | 0.020,-0.018,-0.077
ROS1Visualizer.cpp:483 [34m[TIME]: 0.0047 seconds total (215.0 hz, 0.75 ms behind)
[0mVioManager.cpp:613 [34m[TIME]: 0.0024 seconds for tracking
[0mVioManager.cpp:614 [34m[TIME]: 0.0002 seconds for propagation
[0mVioManager.cpp:615 [34m[TIME]: 0.0003 seconds for MSCKF update (1 feats)
[0mVioManager.cpp:617 [34m[TIME]: 0.0017 seconds for SLAM update (44 feats)
[0mVioManager.cpp:618 [34m[TIME]: 0.0004 seconds for SLAM delayed init (1 feats)
[0mVioManager.cpp:620 [34m[TIME]: 0.0007 seconds for re-tri & marg (11 clones in state)
[0mVioManager.cpp:628 [34m[TIME]: 0.005786 seconds for total (camera 0 1)
[0mVioManager.cpp:654 q_GtoI = -0.005,-0.018,-0.886,0.463 | p_IinG = -2.205,0.580,1.132 | dist = 3.13 (meters)
VioManager.cpp:657 bg = -0.0002,-0.0011,0.0004 | ba = -0.0159,-0.0694,-0.0005
VioManager.cpp:662 camera-imu timeoffset = -0.00495
VioManager.cpp:669 cam0 intrinsics = 145.924,146.214,255.416,254.776 | 0.001,0.002,-0.000,-0.000
VioManager.cpp:669 cam1 intrinsics = 146.483,146.294,253.939,255.820 | -0.002,0.004,0.005,-0.003
VioManager.cpp:678 cam0 extrinsics = -0.242,0.240,-0.667,0.662 | -0.007,-0.028,-0.064
VioManager.cpp:678 cam1 extrinsics = -0.334,-0.088,0.245,0.906 | 0.020,-0.018,-0.077
ROS1Visualizer.cpp:483 [34m[TIME]: 0.0059 seconds total (169.7 hz, 0.50 ms behind)
[0mVioManager.cpp:613 [34m[TIME]: 0.0020 seconds for tracking
[0mVioManager.cpp:614 [34m[TIME]: 0.0002 seconds for propagation
[0mVioManager.cpp:615 [34m[TIME]: 0.0004 seconds for MSCKF update (2 feats)
[0mVioManager.cpp:617 [34m[TIME]: 0.0017 seconds for SLAM update (44 feats)
[0mVioManager.cpp:618 [34m[TIME]: 0.0004 seconds for SLAM delayed init (1 feats)
[0mVioManager.cpp:620 [34m[TIME]: 0.0008 seconds for re-tri & marg (11 clones in state)
[0mVioManager.cpp:628 [34m[TIME]: 0.005485 seconds for total (camera 0 1)
[0mVioManager.cpp:654 q_GtoI = -0.005,-0.016,-0.887,0.462 | p_IinG = -2.216,0.596,1.131 | dist = 3.15 (meters)
VioManager.cpp:657 bg = -0.0002,-0.0011,0.0004 | ba = -0.0156,-0.0693,-0.0005
VioManager.cpp:662 camera-imu timeoffset = -0.00493
VioManager.cpp:669 cam0 intrinsics = 145.921,146.211,255.401,254.745 | 0.001,0.002,-0.000,0.000
VioManager.cpp:669 cam1 intrinsics = 146.506,146.306,253.916,255.813 | -0.002,0.004,0.005,-0.003
VioManager.cpp:678 cam0 extrinsics = -0.242,0.240,-0.667,0.662 | -0.007,-0.029,-0.062
VioManager.cpp:678 cam1 extrinsics = -0.334,-0.088,0.245,0.906 | 0.020,-0.018,-0.077
ROS1Visualizer.cpp:483 [34m[TIME]: 0.0056 seconds total (178.5 hz, 0.75 ms behind)
[0mVioManager.cpp:613 [34m[TIME]: 0.0022 seconds for tracking
[0mVioManager.cpp:614 [34m[TIME]: 0.0002 seconds for propagation
[0mVioManager.cpp:615 [34m[TIME]: 0.0003 seconds for MSCKF update (0 feats)
[0mVioManager.cpp:617 [34m[TIME]: 0.0025 seconds for SLAM update (44 feats)
[0mVioManager.cpp:618 [34m[TIME]: 0.0008 seconds for SLAM delayed init (2 feats)
[0mVioManager.cpp:620 [34m[TIME]: 0.0008 seconds for re-tri & marg (11 clones in state)
[0mVioManager.cpp:628 [34m[TIME]: 0.006763 seconds for total (camera 0 1)
[0mVioManager.cpp:654 q_GtoI = -0.005,-0.015,-0.887,0.462 | p_IinG = -2.228,0.612,1.131 | dist = 3.17 (meters)
VioManager.cpp:657 bg = -0.0002,-0.0011,0.0004 | ba = -0.0153,-0.0692,-0.0004
VioManager.cpp:662 camera-imu timeoffset = -0.00494
VioManager.cpp:669 cam0 intrinsics = 145.919,146.211,255.384,254.759 | 0.001,0.001,-0.000,0.000
VioManager.cpp:669 cam1 intrinsics = 146.521,146.321,253.895,255.804 | -0.002,0.004,0.005,-0.003
VioManager.cpp:678 cam0 extrinsics = -0.242,0.240,-0.667,0.662 | -0.007,-0.030,-0.062
VioManager.cpp:678 cam1 extrinsics = -0.334,-0.088,0.245,0.906 | 0.020,-0.018,-0.077
ROS1Visualizer.cpp:483 [34m[TIME]: 0.0069 seconds total (145.3 hz, 0.74 ms behind)
[0mVioManager.cpp:613 [34m[TIME]: 0.0026 seconds for tracking
[0mVioManager.cpp:614 [34m[TIME]: 0.0002 seconds for propagation
[0mVioManager.cpp:615 [34m[TIME]: 0.0000 seconds for MSCKF update (0 feats)
[0mVioManager.cpp:617 [34m[TIME]: 0.0020 seconds for SLAM update (45 feats)
[0mVioManager.cpp:618 [34m[TIME]: 0.0004 seconds for SLAM delayed init (1 feats)
[0mVioManager.cpp:620 [34m[TIME]: 0.0010 seconds for re-tri & marg (11 clones in state)
[0mVioManager.cpp:628 [34m[TIME]: 0.006332 seconds for total (camera 0 1)
[0mVioManager.cpp:654 q_GtoI = -0.005,-0.018,-0.887,0.461 | p_IinG = -2.238,0.628,1.131 | dist = 3.19 (meters)
VioManager.cpp:657 bg = -0.0002,-0.0011,0.0004 | ba = -0.0151,-0.0692,-0.0004
VioManager.cpp:662 camera-imu timeoffset = -0.00493
VioManager.cpp:669 cam0 intrinsics = 145.912,146.211,255.366,254.733 | 0.001,0.001,-0.000,0.000
VioManager.cpp:669 cam1 intrinsics = 146.531,146.324,253.868,255.800 | -0.002,0.004,0.005,-0.003
VioManager.cpp:678 cam0 extrinsics = -0.242,0.240,-0.667,0.662 | -0.007,-0.030,-0.062
VioManager.cpp:678 cam1 extrinsics = -0.334,-0.088,0.245,0.906 | 0.020,-0.018,-0.077
ROS1Visualizer.cpp:483 [34m[TIME]: 0.0064 seconds total (155.2 hz, 0.74 ms behind)
[0mVioManager.cpp:613 [34m[TIME]: 0.0027 seconds for tracking
[0mVioManager.cpp:614 [34m[TIME]: 0.0002 seconds for propagation
[0mVioManager.cpp:615 [34m[TIME]: 0.0001 seconds for MSCKF update (0 feats)
[0mVioManager.cpp:617 [34m[TIME]: 0.0027 seconds for SLAM update (44 feats)
[0mVioManager.cpp:618 [34m[TIME]: 0.0005 seconds for SLAM delayed init (1 feats)
[0mVioManager.cpp:620 [34m[TIME]: 0.0008 seconds for re-tri & marg (11 clones in state)
[0mVioManager.cpp:628 [34m[TIME]: 0.007011 seconds for total (camera 0 1)
[0mVioManager.cpp:654 q_GtoI = -0.003,-0.023,-0.888,0.460 | p_IinG = -2.248,0.644,1.132 | dist = 3.21 (meters)
VioManager.cpp:657 bg = -0.0002,-0.0011,0.0004 | ba = -0.0150,-0.0692,-0.0003
VioManager.cpp:662 camera-imu timeoffset = -0.00492
VioManager.cpp:669 cam0 intrinsics = 145.907,146.214,255.339,254.687 | 0.001,0.001,-0.000,0.000
VioManager.cpp:669 cam1 intrinsics = 146.537,146.324,253.851,255.797 | -0.002,0.004,0.005,-0.003
VioManager.cpp:678 cam0 extrinsics = -0.242,0.240,-0.667,0.662 | -0.007,-0.030,-0.062
VioManager.cpp:678 cam1 extrinsics = -0.334,-0.088,0.245,0.906 | 0.020,-0.018,-0.077
ROS1Visualizer.cpp:483 [34m[TIME]: 0.0071 seconds total (140.4 hz, 0.49 ms behind)
[0mVioManager.cpp:613 [34m[TIME]: 0.0024 seconds for tracking
[0mVioManager.cpp:614 [34m[TIME]: 0.0002 seconds for propagation
[0mVioManager.cpp:615 [34m[TIME]: 0.0001 seconds for MSCKF update (0 feats)
[0mVioManager.cpp:617 [34m[TIME]: 0.0026 seconds for SLAM update (42 feats)
[0mVioManager.cpp:618 [34m[TIME]: 0.0008 seconds for SLAM delayed init (1 feats)
[0mVioManager.cpp:620 [34m[TIME]: 0.0008 seconds for re-tri & marg (11 clones in state)
[0mVioManager.cpp:628 [34m[TIME]: 0.007 seconds for total (camera 0 1)
[0mVioManager.cpp:654 q_GtoI = -0.001,-0.029,-0.888,0.459 | p_IinG = -2.258,0.660,1.133 | dist = 3.23 (meters)
VioManager.cpp:657 bg = -0.0002,-0.0011,0.0004 | ba = -0.0147,-0.0691,-0.0003
VioManager.cpp:662 camera-imu timeoffset = -0.00492
VioManager.cpp:669 cam0 intrinsics = 145.908,146.224,255.307,254.655 | 0.001,0.001,-0.000,0.000
VioManager.cpp:669 cam1 intrinsics = 146.543,146.326,253.842,255.795 | -0.003,0.004,0.005,-0.003
VioManager.cpp:678 cam0 extrinsics = -0.242,0.240,-0.667,0.662 | -0.006,-0.030,-0.063
VioManager.cpp:678 cam1 extrinsics = -0.334,-0.088,0.245,0.906 | 0.020,-0.018,-0.076
ROS1Visualizer.cpp:483 [34m[TIME]: 0.0071 seconds total (140.7 hz, 0.74 ms behind)
[0mVioManager.cpp:613 [34m[TIME]: 0.0016 seconds for tracking
[0mVioManager.cpp:614 [34m[TIME]: 0.0001 seconds for propagation
[0mVioManager.cpp:615 [34m[TIME]: 0.0001 seconds for MSCKF update (1 feats)
[0mVioManager.cpp:617 [34m[TIME]: 0.0016 seconds for SLAM update (41 feats)
[0mVioManager.cpp:618 [34m[TIME]: 0.0004 seconds for SLAM delayed init (1 feats)
[0mVioManager.cpp:620 [34m[TIME]: 0.0007 seconds for re-tri & marg (11 clones in state)
[0mVioManager.cpp:628 [34m[TIME]: 0.004599 seconds for total (camera 0 1)
[0mVioManager.cpp:654 q_GtoI = 0.002,-0.034,-0.888,0.458 | p_IinG = -2.267,0.676,1.135 | dist = 3.24 (meters)
VioManager.cpp:657 bg = -0.0002,-0.0011,0.0005 | ba = -0.0145,-0.0690,-0.0002
VioManager.cpp:662 camera-imu timeoffset = -0.00493
VioManager.cpp:669 cam0 intrinsics = 145.913,146.233,255.275,254.642 | 0.001,0.001,-0.000,0.000
VioManager.cpp:669 cam1 intrinsics = 146.550,146.331,253.834,255.790 | -0.003,0.004,0.005,-0.003
VioManager.cpp:678 cam0 extrinsics = -0.243,0.240,-0.667,0.662 | -0.006,-0.029,-0.063
VioManager.cpp:678 cam1 extrinsics = -0.334,-0.088,0.245,0.906 | 0.020,-0.018,-0.076
ROS1Visualizer.cpp:483 [34m[TIME]: 0.0047 seconds total (212.9 hz, 0.74 ms behind)
[0mVioManager.cpp:613 [34m[TIME]: 0.0017 seconds for tracking
[0mVioManager.cpp:614 [34m[TIME]: 0.0001 seconds for propagation
[0mVioManager.cpp:615 [34m[TIME]: 0.0000 seconds for MSCKF update (0 feats)
[0mVioManager.cpp:617 [34m[TIME]: 0.0015 seconds for SLAM update (41 feats)
[0mVioManager.cpp:618 [34m[TIME]: 0.0004 seconds for SLAM delayed init (1 feats)
[0mVioManager.cpp:620 [34m[TIME]: 0.0008 seconds for re-tri & marg (11 clones in state)
[0mVioManager.cpp:628 [34m[TIME]: 0.004562 seconds for total (camera 0 1)
[0mVioManager.cpp:654 q_GtoI = 0.004,-0.038,-0.888,0.457 | p_IinG = -2.277,0.693,1.137 | dist = 3.26 (meters)
VioManager.cpp:657 bg = -0.0002,-0.0011,0.0005 | ba = -0.0143,-0.0688,-0.0002
VioManager.cpp:662 camera-imu timeoffset = -0.00495
VioManager.cpp:669 cam0 intrinsics = 145.919,146.244,255.243,254.638 | 0.001,0.001,-0.000,0.000
VioManager.cpp:669 cam1 intrinsics = 146.550,146.338,253.848,255.785 | -0.003,0.004,0.005,-0.003
VioManager.cpp:678 cam0 extrinsics = -0.243,0.240,-0.667,0.662 | -0.006,-0.029,-0.063
VioManager.cpp:678 cam1 extrinsics = -0.334,-0.088,0.245,0.906 | 0.020,-0.019,-0.075
ROS1Visualizer.cpp:483 [34m[TIME]: 0.0047 seconds total (214.3 hz, 0.74 ms behind)
[0mVioManager.cpp:613 [34m[TIME]: 0.0018 seconds for tracking
[0mVioManager.cpp:614 [34m[TIME]: 0.0001 seconds for propagation
[0mVioManager.cpp:615 [34m[TIME]: 0.0000 seconds for MSCKF update (0 feats)
[0mVioManager.cpp:617 [34m[TIME]: 0.0018 seconds for SLAM update (41 feats)
[0mVioManager.cpp:618 [34m[TIME]: 0.0001 seconds for SLAM delayed init (0 feats)
[0mVioManager.cpp:620 [34m[TIME]: 0.0008 seconds for re-tri & marg (11 clones in state)
[0mVioManager.cpp:628 [34m[TIME]: 0.004704 seconds for total (camera 0 1)
[0mVioManager.cpp:654 q_GtoI = 0.006,-0.041,-0.889,0.456 | p_IinG = -2.287,0.710,1.139 | dist = 3.28 (meters)
VioManager.cpp:657 bg = -0.0002,-0.0011,0.0005 | ba = -0.0141,-0.0687,-0.0001
VioManager.cpp:662 camera-imu timeoffset = -0.00494
VioManager.cpp:669 cam0 intrinsics = 145.932,146.260,255.212,254.637 | 0.001,0.001,-0.000,0.000
VioManager.cpp:669 cam1 intrinsics = 146.558,146.336,253.846,255.786 | -0.003,0.005,0.005,-0.003
VioManager.cpp:678 cam0 extrinsics = -0.243,0.240,-0.667,0.662 | -0.006,-0.029,-0.064
VioManager.cpp:678 cam1 extrinsics = -0.334,-0.088,0.245,0.906 | 0.020,-0.019,-0.074
ROS1Visualizer.cpp:483 [34m[TIME]: 0.0048 seconds total (207.7 hz, 0.50 ms behind)
[0mVioManager.cpp:613 [34m[TIME]: 0.0019 seconds for tracking
[0mVioManager.cpp:614 [34m[TIME]: 0.0002 seconds for propagation
[0mVioManager.cpp:615 [34m[TIME]: 0.0002 seconds for MSCKF update (1 feats)
[0mVioManager.cpp:617 [34m[TIME]: 0.0016 seconds for SLAM update (40 feats)
[0mVioManager.cpp:618 [34m[TIME]: 0.0000 seconds for SLAM delayed init (0 feats)
[0mVioManager.cpp:620 [34m[TIME]: 0.0008 seconds for re-tri & marg (11 clones in state)
[0mVioManager.cpp:628 [34m[TIME]: 0.004718 seconds for total (camera 0 1)
[0mVioManager.cpp:654 q_GtoI = 0.007,-0.041,-0.889,0.455 | p_IinG = -2.297,0.728,1.141 | dist = 3.30 (meters)
VioManager.cpp:657 bg = -0.0002,-0.0011,0.0005 | ba = -0.0138,-0.0686,-0.0001
VioManager.cpp:662 camera-imu timeoffset = -0.00494
VioManager.cpp:669 cam0 intrinsics = 145.943,146.277,255.186,254.630 | 0.001,0.001,-0.000,0.000
VioManager.cpp:669 cam1 intrinsics = 146.567,146.347,253.847,255.777 | -0.003,0.005,0.005,-0.003
VioManager.cpp:678 cam0 extrinsics = -0.243,0.240,-0.667,0.662 | -0.006,-0.028,-0.065
VioManager.cpp:678 cam1 extrinsics = -0.334,-0.088,0.245,0.906 | 0.021,-0.019,-0.074
ROS1Visualizer.cpp:483 [34m[TIME]: 0.0048 seconds total (207.5 hz, 0.74 ms behind)
[0mVioManager.cpp:613 [34m[TIME]: 0.0018 seconds for tracking
[0mVioManager.cpp:614 [34m[TIME]: 0.0001 seconds for propagation
[0mVioManager.cpp:615 [34m[TIME]: 0.0001 seconds for MSCKF update (0 feats)
[0mVioManager.cpp:617 [34m[TIME]: 0.0015 seconds for SLAM update (39 feats)
[0mVioManager.cpp:618 [34m[TIME]: 0.0000 seconds for SLAM delayed init (0 feats)
[0mVioManager.cpp:620 [34m[TIME]: 0.0008 seconds for re-tri & marg (11 clones in state)
[0mVioManager.cpp:628 [34m[TIME]: 0.004284 seconds for total (camera 0 1)
[0mVioManager.cpp:654 q_GtoI = 0.007,-0.041,-0.890,0.454 | p_IinG = -2.308,0.747,1.144 | dist = 3.33 (meters)
VioManager.cpp:657 bg = -0.0002,-0.0011,0.0005 | ba = -0.0137,-0.0685,-0.0001
VioManager.cpp:662 camera-imu timeoffset = -0.00491
VioManager.cpp:669 cam0 intrinsics = 145.950,146.301,255.157,254.610 | 0.001,0.001,-0.000,0.000
VioManager.cpp:669 cam1 intrinsics = 146.578,146.357,253.844,255.778 | -0.003,0.005,0.005,-0.003
VioManager.cpp:678 cam0 extrinsics = -0.243,0.239,-0.667,0.662 | -0.006,-0.028,-0.065
VioManager.cpp:678 cam1 extrinsics = -0.334,-0.088,0.245,0.906 | 0.021,-0.019,-0.074
ROS1Visualizer.cpp:483 [34m[TIME]: 0.0044 seconds total (228.2 hz, 0.74 ms behind)
[0mVioManager.cpp:613 [34m[TIME]: 0.0023 seconds for tracking
[0mVioManager.cpp:614 [34m[TIME]: 0.0002 seconds for propagation
[0mVioManager.cpp:615 [34m[TIME]: 0.0000 seconds for MSCKF update (0 feats)
[0mVioManager.cpp:617 [34m[TIME]: 0.0022 seconds for SLAM update (40 feats)
[0mVioManager.cpp:618 [34m[TIME]: 0.0004 seconds for SLAM delayed init (1 feats)
[0mVioManager.cpp:620 [34m[TIME]: 0.0008 seconds for re-tri & marg (11 clones in state)
[0mVioManager.cpp:628 [34m[TIME]: 0.005936 seconds for total (camera 0 1)
[0mVioManager.cpp:654 q_GtoI = 0.006,-0.040,-0.891,0.453 | p_IinG = -2.320,0.767,1.146 | dist = 3.35 (meters)
VioManager.cpp:657 bg = -0.0002,-0.0011,0.0005 | ba = -0.0136,-0.0684,-0.0000
VioManager.cpp:662 camera-imu timeoffset = -0.00489
VioManager.cpp:669 cam0 intrinsics = 145.952,146.321,255.128,254.579 | 0.002,0.001,-0.000,0.000
VioManager.cpp:669 cam1 intrinsics = 146.575,146.370,253.869,255.757 | -0.003,0.005,0.005,-0.003
VioManager.cpp:678 cam0 extrinsics = -0.243,0.239,-0.667,0.662 | -0.006,-0.028,-0.066
VioManager.cpp:678 cam1 extrinsics = -0.334,-0.088,0.245,0.906 | 0.021,-0.019,-0.074
ROS1Visualizer.cpp:483 [34m[TIME]: 0.0060 seconds total (165.3 hz, 0.74 ms behind)
[0mVioManager.cpp:613 [34m[TIME]: 0.0019 seconds for tracking
[0mVioManager.cpp:614 [34m[TIME]: 0.0001 seconds for propagation
[0mVioManager.cpp:615 [34m[TIME]: 0.0003 seconds for MSCKF update (1 feats)
[0mVioManager.cpp:617 [34m[TIME]: 0.0014 seconds for SLAM update (37 feats)
[0mVioManager.cpp:618 [34m[TIME]: 0.0001 seconds for SLAM delayed init (0 feats)
[0mVioManager.cpp:620 [34m[TIME]: 0.0008 seconds for re-tri & marg (11 clones in state)
[0mVioManager.cpp:628 [34m[TIME]: 0.00459 seconds for total (camera 0 1)
[0mVioManager.cpp:654 q_GtoI = 0.005,-0.038,-0.891,0.452 | p_IinG = -2.331,0.787,1.148 | dist = 3.37 (meters)
VioManager.cpp:657 bg = -0.0002,-0.0010,0.0005 | ba = -0.0136,-0.0683,-0.0000
VioManager.cpp:662 camera-imu timeoffset = -0.00486
VioManager.cpp:669 cam0 intrinsics = 145.948,146.338,255.102,254.530 | 0.002,0.001,-0.000,0.000
VioManager.cpp:669 cam1 intrinsics = 146.571,146.378,253.891,255.739 | -0.003,0.005,0.005,-0.003
VioManager.cpp:678 cam0 extrinsics = -0.243,0.239,-0.667,0.662 | -0.006,-0.029,-0.065
VioManager.cpp:678 cam1 extrinsics = -0.334,-0.088,0.245,0.906 | 0.021,-0.019,-0.074
ROS1Visualizer.cpp:483 [34m[TIME]: 0.0047 seconds total (213.1 hz, 0.49 ms behind)
[0mVioManager.cpp:613 [34m[TIME]: 0.0022 seconds for tracking
[0mVioManager.cpp:614 [34m[TIME]: 0.0002 seconds for propagation
[0mVioManager.cpp:615 [34m[TIME]: 0.0005 seconds for MSCKF update (1 feats)
[0mVioManager.cpp:617 [34m[TIME]: 0.0018 seconds for SLAM update (35 feats)
[0mVioManager.cpp:618 [34m[TIME]: 0.0001 seconds for SLAM delayed init (0 feats)
[0mVioManager.cpp:620 [34m[TIME]: 0.0008 seconds for re-tri & marg (11 clones in state)
[0mVioManager.cpp:628 [34m[TIME]: 0.005558 seconds for total (camera 0 1)
[0mVioManager.cpp:654 q_GtoI = 0.004,-0.036,-0.892,0.451 | p_IinG = -2.343,0.808,1.151 | dist = 3.40 (meters)
VioManager.cpp:657 bg = -0.0002,-0.0010,0.0006 | ba = -0.0137,-0.0683,-0.0000
VioManager.cpp:662 camera-imu timeoffset = -0.00486
VioManager.cpp:669 cam0 intrinsics = 145.952,146.352,255.087,254.524 | 0.002,0.001,-0.000,0.000
VioManager.cpp:669 cam1 intrinsics = 146.566,146.388,253.906,255.719 | -0.004,0.005,0.005,-0.003
VioManager.cpp:678 cam0 extrinsics = -0.243,0.239,-0.667,0.663 | -0.006,-0.029,-0.065
VioManager.cpp:678 cam1 extrinsics = -0.333,-0.088,0.245,0.906 | 0.021,-0.020,-0.074
ROS1Visualizer.cpp:483 [34m[TIME]: 0.0057 seconds total (176.9 hz, 0.74 ms behind)
[0mVioManager.cpp:613 [34m[TIME]: 0.0019 seconds for tracking
[0mVioManager.cpp:614 [34m[TIME]: 0.0001 seconds for propagation
[0mVioManager.cpp:615 [34m[TIME]: 0.0000 seconds for MSCKF update (0 feats)
[0mVioManager.cpp:617 [34m[TIME]: 0.0013 seconds for SLAM update (38 feats)
[0mVioManager.cpp:618 [34m[TIME]: 0.0012 seconds for SLAM delayed init (3 feats)
[0mVioManager.cpp:620 [34m[TIME]: 0.0008 seconds for re-tri & marg (11 clones in state)
[0mVioManager.cpp:628 [34m[TIME]: 0.005367 seconds for total (camera 0 1)
[0mVioManager.cpp:654 q_GtoI = 0.002,-0.033,-0.893,0.449 | p_IinG = -2.355,0.828,1.153 | dist = 3.42 (meters)
VioManager.cpp:657 bg = -0.0002,-0.0010,0.0006 | ba = -0.0138,-0.0684,-0.0000
VioManager.cpp:662 camera-imu timeoffset = -0.00486
VioManager.cpp:669 cam0 intrinsics = 145.947,146.350,255.074,254.498 | 0.002,0.001,-0.000,0.000
VioManager.cpp:669 cam1 intrinsics = 146.566,146.396,253.922,255.703 | -0.004,0.005,0.005,-0.003
VioManager.cpp:678 cam0 extrinsics = -0.243,0.239,-0.667,0.663 | -0.006,-0.029,-0.065
VioManager.cpp:678 cam1 extrinsics = -0.333,-0.088,0.244,0.906 | 0.021,-0.020,-0.074
ROS1Visualizer.cpp:483 [34m[TIME]: 0.0055 seconds total (182.3 hz, 0.74 ms behind)
[0mVioManager.cpp:613 [34m[TIME]: 0.0017 seconds for tracking
[0mVioManager.cpp:614 [34m[TIME]: 0.0001 seconds for propagation
[0mVioManager.cpp:615 [34m[TIME]: 0.0000 seconds for MSCKF update (0 feats)
[0mVioManager.cpp:617 [34m[TIME]: 0.0015 seconds for SLAM update (38 feats)
[0mVioManager.cpp:618 [34m[TIME]: 0.0001 seconds for SLAM delayed init (0 feats)
[0mVioManager.cpp:620 [34m[TIME]: 0.0008 seconds for re-tri & marg (11 clones in state)
[0mVioManager.cpp:628 [34m[TIME]: 0.004227 seconds for total (camera 0 1)
[0mVioManager.cpp:654 q_GtoI = 0.000,-0.030,-0.893,0.448 | p_IinG = -2.368,0.849,1.155 | dist = 3.44 (meters)
VioManager.cpp:657 bg = -0.0002,-0.0010,0.0006 | ba = -0.0138,-0.0684,-0.0000
VioManager.cpp:662 camera-imu timeoffset = -0.00485
VioManager.cpp:669 cam0 intrinsics = 145.955,146.370,255.062,254.504 | 0.002,0.001,-0.000,0.000
VioManager.cpp:669 cam1 intrinsics = 146.560,146.404,253.936,255.690 | -0.004,0.005,0.005,-0.003
VioManager.cpp:678 cam0 extrinsics = -0.243,0.239,-0.667,0.663 | -0.006,-0.029,-0.066
VioManager.cpp:678 cam1 extrinsics = -0.333,-0.088,0.244,0.906 | 0.021,-0.020,-0.074
ROS1Visualizer.cpp:483 [34m[TIME]: 0.0043 seconds total (231.0 hz, 0.74 ms behind)
[0mVioManager.cpp:613 [34m[TIME]: 0.0024 seconds for tracking
[0mVioManager.cpp:614 [34m[TIME]: 0.0002 seconds for propagation
[0mVioManager.cpp:615 [34m[TIME]: 0.0001 seconds for MSCKF update (0 feats)
[0mVioManager.cpp:617 [34m[TIME]: 0.0018 seconds for SLAM update (37 feats)
[0mVioManager.cpp:618 [34m[TIME]: 0.0000 seconds for SLAM delayed init (0 feats)
[0mVioManager.cpp:620 [34m[TIME]: 0.0008 seconds for re-tri & marg (11 clones in state)
[0mVioManager.cpp:628 [34m[TIME]: 0.005342 seconds for total (camera 0 1)
[0mVioManager.cpp:654 q_GtoI = -0.000,-0.030,-0.894,0.447 | p_IinG = -2.380,0.870,1.156 | dist = 3.47 (meters)
VioManager.cpp:657 bg = -0.0002,-0.0010,0.0006 | ba = -0.0137,-0.0684,-0.0000
VioManager.cpp:662 camera-imu timeoffset = -0.00486
VioManager.cpp:669 cam0 intrinsics = 145.963,146.392,255.055,254.501 | 0.002,0.001,-0.000,0.000
VioManager.cpp:669 cam1 intrinsics = 146.554,146.413,253.950,255.679 | -0.004,0.005,0.005,-0.003
VioManager.cpp:678 cam0 extrinsics = -0.243,0.239,-0.667,0.663 | -0.006,-0.029,-0.066
VioManager.cpp:678 cam1 extrinsics = -0.333,-0.088,0.244,0.906 | 0.021,-0.020,-0.074
ROS1Visualizer.cpp:483 [34m[TIME]: 0.0054 seconds total (183.7 hz, 0.49 ms behind)
[0mVioManager.cpp:613 [34m[TIME]: 0.0021 seconds for tracking
[0mVioManager.cpp:614 [34m[TIME]: 0.0002 seconds for propagation
[0mVioManager.cpp:615 [34m[TIME]: 0.0001 seconds for MSCKF update (0 feats)
[0mVioManager.cpp:617 [34m[TIME]: 0.0020 seconds for SLAM update (34 feats)
[0mVioManager.cpp:618 [34m[TIME]: 0.0002 seconds for SLAM delayed init (0 feats)
[0mVioManager.cpp:620 [34m[TIME]: 0.0014 seconds for re-tri & marg (11 clones in state)
[0mVioManager.cpp:628 [34m[TIME]: 0.00601 seconds for total (camera 0 1)
[0mVioManager.cpp:654 q_GtoI = -0.000,-0.032,-0.895,0.446 | p_IinG = -2.393,0.891,1.158 | dist = 3.49 (meters)
VioManager.cpp:657 bg = -0.0001,-0.0011,0.0006 | ba = -0.0134,-0.0685,0.0000
VioManager.cpp:662 camera-imu timeoffset = -0.00487
VioManager.cpp:669 cam0 intrinsics = 145.965,146.392,255.046,254.507 | 0.002,0.001,-0.000,0.000
VioManager.cpp:669 cam1 intrinsics = 146.554,146.423,253.976,255.666 | -0.004,0.005,0.005,-0.003
VioManager.cpp:678 cam0 extrinsics = -0.243,0.239,-0.667,0.663 | -0.006,-0.029,-0.066
VioManager.cpp:678 cam1 extrinsics = -0.333,-0.088,0.244,0.906 | 0.021,-0.020,-0.073
ROS1Visualizer.cpp:483 [34m[TIME]: 0.0062 seconds total (162.0 hz, 0.74 ms behind)
[0mVioManager.cpp:613 [34m[TIME]: 0.0018 seconds for tracking
[0mVioManager.cpp:614 [34m[TIME]: 0.0001 seconds for propagation
[0mVioManager.cpp:615 [34m[TIME]: 0.0001 seconds for MSCKF update (1 feats)
[0mVioManager.cpp:617 [34m[TIME]: 0.0012 seconds for SLAM update (32 feats)
[0mVioManager.cpp:618 [34m[TIME]: 0.0001 seconds for SLAM delayed init (0 feats)
[0mVioManager.cpp:620 [34m[TIME]: 0.0008 seconds for re-tri & marg (11 clones in state)
[0mVioManager.cpp:628 [34m[TIME]: 0.004144 seconds for total (camera 0 1)
[0mVioManager.cpp:654 q_GtoI = 0.001,-0.034,-0.895,0.444 | p_IinG = -2.406,0.911,1.159 | dist = 3.52 (meters)
VioManager.cpp:657 bg = -0.0001,-0.0011,0.0006 | ba = -0.0131,-0.0685,0.0001
VioManager.cpp:662 camera-imu timeoffset = -0.00488
VioManager.cpp:669 cam0 intrinsics = 145.967,146.391,255.038,254.511 | 0.002,0.001,-0.000,0.000
VioManager.cpp:669 cam1 intrinsics = 146.555,146.434,254.005,255.645 | -0.004,0.005,0.005,-0.003
VioManager.cpp:678 cam0 extrinsics = -0.243,0.239,-0.667,0.663 | -0.006,-0.028,-0.066
VioManager.cpp:678 cam1 extrinsics = -0.333,-0.088,0.244,0.906 | 0.021,-0.020,-0.073
ROS1Visualizer.cpp:483 [34m[TIME]: 0.0042 seconds total (235.7 hz, 0.74 ms behind)
[0mVioManager.cpp:613 [34m[TIME]: 0.0021 seconds for tracking
[0mVioManager.cpp:614 [34m[TIME]: 0.0001 seconds for propagation
[0mVioManager.cpp:615 [34m[TIME]: 0.0001 seconds for MSCKF update (1 feats)
[0mVioManager.cpp:617 [34m[TIME]: 0.0011 seconds for SLAM update (30 feats)
[0mVioManager.cpp:618 [34m[TIME]: 0.0000 seconds for SLAM delayed init (0 feats)
[0mVioManager.cpp:620 [34m[TIME]: 0.0008 seconds for re-tri & marg (11 clones in state)
[0mVioManager.cpp:628 [34m[TIME]: 0.004254 seconds for total (camera 0 1)
[0mVioManager.cpp:654 q_GtoI = 0.001,-0.034,-0.896,0.443 | p_IinG = -2.418,0.933,1.159 | dist = 3.54 (meters)
VioManager.cpp:657 bg = -0.0001,-0.0011,0.0006 | ba = -0.0129,-0.0687,0.0001
VioManager.cpp:662 camera-imu timeoffset = -0.00487
VioManager.cpp:669 cam0 intrinsics = 145.973,146.401,255.040,254.528 | 0.002,0.001,-0.000,0.000
VioManager.cpp:669 cam1 intrinsics = 146.558,146.446,254.021,255.638 | -0.004,0.005,0.005,-0.003
VioManager.cpp:678 cam0 extrinsics = -0.243,0.239,-0.667,0.663 | -0.006,-0.029,-0.066
VioManager.cpp:678 cam1 extrinsics = -0.333,-0.088,0.244,0.906 | 0.021,-0.020,-0.073
ROS1Visualizer.cpp:483 [34m[TIME]: 0.0043 seconds total (230.0 hz, 0.74 ms behind)
[0mVioManager.cpp:613 [34m[TIME]: 0.0023 seconds for tracking
[0mVioManager.cpp:614 [34m[TIME]: 0.0002 seconds for propagation
[0mVioManager.cpp:615 [34m[TIME]: 0.0000 seconds for MSCKF update (0 feats)
[0mVioManager.cpp:617 [34m[TIME]: 0.0013 seconds for SLAM update (30 feats)
[0mVioManager.cpp:618 [34m[TIME]: 0.0001 seconds for SLAM delayed init (0 feats)
[0mVioManager.cpp:620 [34m[TIME]: 0.0008 seconds for re-tri & marg (11 clones in state)
[0mVioManager.cpp:628 [34m[TIME]: 0.004756 seconds for total (camera 0 1)
[0mVioManager.cpp:654 q_GtoI = 0.000,-0.033,-0.897,0.441 | p_IinG = -2.431,0.954,1.159 | dist = 3.57 (meters)
VioManager.cpp:657 bg = -0.0001,-0.0011,0.0006 | ba = -0.0126,-0.0688,0.0001
VioManager.cpp:662 camera-imu timeoffset = -0.00485
VioManager.cpp:669 cam0 intrinsics = 145.985,146.414,255.051,254.551 | 0.002,0.001,-0.000,0.000
VioManager.cpp:669 cam1 intrinsics = 146.561,146.459,254.037,255.627 | -0.004,0.005,0.005,-0.003
VioManager.cpp:678 cam0 extrinsics = -0.243,0.239,-0.667,0.663 | -0.007,-0.028,-0.067
VioManager.cpp:678 cam1 extrinsics = -0.333,-0.088,0.244,0.906 | 0.020,-0.020,-0.073
ROS1Visualizer.cpp:483 [34m[TIME]: 0.0049 seconds total (205.5 hz, 0.49 ms behind)
[0mVioManager.cpp:613 [34m[TIME]: 0.0022 seconds for tracking
[0mVioManager.cpp:614 [34m[TIME]: 0.0002 seconds for propagation
[0mVioManager.cpp:615 [34m[TIME]: 0.0001 seconds for MSCKF update (0 feats)
[0mVioManager.cpp:617 [34m[TIME]: 0.0016 seconds for SLAM update (29 feats)
[0mVioManager.cpp:618 [34m[TIME]: 0.0002 seconds for SLAM delayed init (0 feats)
[0mVioManager.cpp:620 [34m[TIME]: 0.0012 seconds for re-tri & marg (11 clones in state)
[0mVioManager.cpp:628 [34m[TIME]: 0.005508 seconds for total (camera 0 1)
[0mVioManager.cpp:654 q_GtoI = -0.000,-0.031,-0.898,0.440 | p_IinG = -2.444,0.976,1.158 | dist = 3.59 (meters)
VioManager.cpp:657 bg = -0.0001,-0.0011,0.0006 | ba = -0.0124,-0.0688,0.0002
VioManager.cpp:662 camera-imu timeoffset = -0.00484
VioManager.cpp:669 cam0 intrinsics = 145.994,146.425,255.060,254.569 | 0.002,0.001,-0.000,0.000
VioManager.cpp:669 cam1 intrinsics = 146.560,146.471,254.056,255.611 | -0.004,0.005,0.005,-0.003
VioManager.cpp:678 cam0 extrinsics = -0.243,0.239,-0.667,0.662 | -0.007,-0.028,-0.067
VioManager.cpp:678 cam1 extrinsics = -0.333,-0.088,0.244,0.906 | 0.020,-0.020,-0.073
ROS1Visualizer.cpp:483 [34m[TIME]: 0.0056 seconds total (178.2 hz, 0.74 ms behind)
[0mVioManager.cpp:613 [34m[TIME]: 0.0026 seconds for tracking
[0mVioManager.cpp:614 [34m[TIME]: 0.0002 seconds for propagation
[0mVioManager.cpp:615 [34m[TIME]: 0.0000 seconds for MSCKF update (0 feats)
[0mVioManager.cpp:617 [34m[TIME]: 0.0012 seconds for SLAM update (32 feats)
[0mVioManager.cpp:618 [34m[TIME]: 0.0009 seconds for SLAM delayed init (3 feats)
[0mVioManager.cpp:620 [34m[TIME]: 0.0008 seconds for re-tri & marg (11 clones in state)
[0mVioManager.cpp:628 [34m[TIME]: 0.005711 seconds for total (camera 0 1)
[0mVioManager.cpp:654 q_GtoI = -0.001,-0.030,-0.898,0.438 | p_IinG = -2.457,0.997,1.157 | dist = 3.62 (meters)
VioManager.cpp:657 bg = -0.0001,-0.0011,0.0006 | ba = -0.0122,-0.0693,0.0002
VioManager.cpp:662 camera-imu timeoffset = -0.00484
VioManager.cpp:669 cam0 intrinsics = 146.007,146.418,255.082,254.614 | 0.002,0.000,-0.000,0.000
VioManager.cpp:669 cam1 intrinsics = 146.559,146.485,254.078,255.587 | -0.004,0.005,0.005,-0.003
VioManager.cpp:678 cam0 extrinsics = -0.243,0.239,-0.667,0.662 | -0.007,-0.029,-0.066
VioManager.cpp:678 cam1 extrinsics = -0.333,-0.088,0.244,0.906 | 0.020,-0.020,-0.073
ROS1Visualizer.cpp:483 [34m[TIME]: 0.0058 seconds total (171.8 hz, 0.73 ms behind)
[0mVioManager.cpp:613 [34m[TIME]: 0.0021 seconds for tracking
[0mVioManager.cpp:614 [34m[TIME]: 0.0002 seconds for propagation
[0mVioManager.cpp:615 [34m[TIME]: 0.0001 seconds for MSCKF update (0 feats)
[0mVioManager.cpp:617 [34m[TIME]: 0.0011 seconds for SLAM update (30 feats)
[0mVioManager.cpp:618 [34m[TIME]: 0.0000 seconds for SLAM delayed init (0 feats)
[0mVioManager.cpp:620 [34m[TIME]: 0.0008 seconds for re-tri & marg (11 clones in state)
[0mVioManager.cpp:628 [34m[TIME]: 0.004284 seconds for total (camera 0 1)
[0mVioManager.cpp:654 q_GtoI = -0.002,-0.030,-0.899,0.437 | p_IinG = -2.470,1.019,1.157 | dist = 3.64 (meters)
VioManager.cpp:657 bg = -0.0001,-0.0011,0.0006 | ba = -0.0121,-0.0694,0.0003
VioManager.cpp:662 camera-imu timeoffset = -0.00485
VioManager.cpp:669 cam0 intrinsics = 146.010,146.415,255.091,254.638 | 0.002,0.000,-0.000,0.000
VioManager.cpp:669 cam1 intrinsics = 146.557,146.500,254.103,255.564 | -0.004,0.005,0.005,-0.003
VioManager.cpp:678 cam0 extrinsics = -0.243,0.239,-0.667,0.662 | -0.007,-0.029,-0.066
VioManager.cpp:678 cam1 extrinsics = -0.333,-0.088,0.244,0.906 | 0.020,-0.020,-0.072
ROS1Visualizer.cpp:483 [34m[TIME]: 0.0044 seconds total (228.4 hz, 0.73 ms behind)
[0mVioManager.cpp:613 [34m[TIME]: 0.0017 seconds for tracking
[0mVioManager.cpp:614 [34m[TIME]: 0.0001 seconds for propagation
[0mVioManager.cpp:615 [34m[TIME]: 0.0002 seconds for MSCKF update (1 feats)
[0mVioManager.cpp:617 [34m[TIME]: 0.0011 seconds for SLAM update (33 feats)
[0mVioManager.cpp:618 [34m[TIME]: 0.0010 seconds for SLAM delayed init (3 feats)
[0mVioManager.cpp:620 [34m[TIME]: 0.0008 seconds for re-tri & marg (11 clones in state)
[0mVioManager.cpp:628 [34m[TIME]: 0.004834 seconds for total (camera 0 1)
[0mVioManager.cpp:654 q_GtoI = -0.003,-0.030,-0.900,0.435 | p_IinG = -2.483,1.042,1.156 | dist = 3.67 (meters)
VioManager.cpp:657 bg = -0.0001,-0.0011,0.0007 | ba = -0.0121,-0.0697,0.0003
VioManager.cpp:662 camera-imu timeoffset = -0.00486
VioManager.cpp:669 cam0 intrinsics = 146.012,146.411,255.106,254.659 | 0.002,0.000,-0.000,0.000
VioManager.cpp:669 cam1 intrinsics = 146.555,146.513,254.119,255.542 | -0.004,0.005,0.005,-0.003
VioManager.cpp:678 cam0 extrinsics = -0.243,0.239,-0.667,0.662 | -0.007,-0.029,-0.066
VioManager.cpp:678 cam1 extrinsics = -0.333,-0.088,0.244,0.906 | 0.020,-0.020,-0.072
ROS1Visualizer.cpp:483 [34m[TIME]: 0.0049 seconds total (202.5 hz, 0.49 ms behind)
[0mVioManager.cpp:613 [34m[TIME]: 0.0021 seconds for tracking
[0mVioManager.cpp:614 [34m[TIME]: 0.0001 seconds for propagation
[0mVioManager.cpp:615 [34m[TIME]: 0.0000 seconds for MSCKF update (0 feats)
[0mVioManager.cpp:617 [34m[TIME]: 0.0012 seconds for SLAM update (34 feats)
[0mVioManager.cpp:618 [34m[TIME]: 0.0004 seconds for SLAM delayed init (1 feats)
[0mVioManager.cpp:620 [34m[TIME]: 0.0008 seconds for re-tri & marg (11 clones in state)
[0mVioManager.cpp:628 [34m[TIME]: 0.004639 seconds for total (camera 0 1)
[0mVioManager.cpp:654 q_GtoI = -0.004,-0.028,-0.901,0.433 | p_IinG = -2.495,1.064,1.155 | dist = 3.69 (meters)
VioManager.cpp:657 bg = -0.0001,-0.0011,0.0007 | ba = -0.0121,-0.0695,0.0003
VioManager.cpp:662 camera-imu timeoffset = -0.00486
VioManager.cpp:669 cam0 intrinsics = 146.022,146.411,255.121,254.693 | 0.002,0.000,-0.000,0.000
VioManager.cpp:669 cam1 intrinsics = 146.552,146.532,254.148,255.520 | -0.004,0.005,0.005,-0.003
VioManager.cpp:678 cam0 extrinsics = -0.243,0.239,-0.667,0.662 | -0.007,-0.029,-0.066
VioManager.cpp:678 cam1 extrinsics = -0.333,-0.088,0.244,0.906 | 0.020,-0.020,-0.072
ROS1Visualizer.cpp:483 [34m[TIME]: 0.0047 seconds total (210.9 hz, 0.74 ms behind)
[0mVioManager.cpp:613 [34m[TIME]: 0.0023 seconds for tracking
[0mVioManager.cpp:614 [34m[TIME]: 0.0001 seconds for propagation
[0mVioManager.cpp:615 [34m[TIME]: 0.0000 seconds for MSCKF update (0 feats)
[0mVioManager.cpp:617 [34m[TIME]: 0.0012 seconds for SLAM update (34 feats)
[0mVioManager.cpp:618 [34m[TIME]: 0.0001 seconds for SLAM delayed init (0 feats)
[0mVioManager.cpp:620 [34m[TIME]: 0.0008 seconds for re-tri & marg (11 clones in state)
[0mVioManager.cpp:628 [34m[TIME]: 0.004629 seconds for total (camera 0 1)
[0mVioManager.cpp:654 q_GtoI = -0.005,-0.025,-0.902,0.431 | p_IinG = -2.507,1.086,1.154 | dist = 3.72 (meters)
VioManager.cpp:657 bg = -0.0001,-0.0011,0.0007 | ba = -0.0121,-0.0695,0.0004
VioManager.cpp:662 camera-imu timeoffset = -0.00487
VioManager.cpp:669 cam0 intrinsics = 146.039,146.415,255.148,254.746 | 0.002,0.000,-0.000,0.000
VioManager.cpp:669 cam1 intrinsics = 146.550,146.547,254.171,255.504 | -0.004,0.005,0.005,-0.003
VioManager.cpp:678 cam0 extrinsics = -0.243,0.239,-0.667,0.662 | -0.007,-0.029,-0.066
VioManager.cpp:678 cam1 extrinsics = -0.333,-0.088,0.244,0.906 | 0.020,-0.020,-0.071
ROS1Visualizer.cpp:483 [34m[TIME]: 0.0047 seconds total (211.2 hz, 0.74 ms behind)
[0mVioManager.cpp:613 [34m[TIME]: 0.0020 seconds for tracking
[0mVioManager.cpp:614 [34m[TIME]: 0.0001 seconds for propagation
[0mVioManager.cpp:615 [34m[TIME]: 0.0001 seconds for MSCKF update (0 feats)
[0mVioManager.cpp:617 [34m[TIME]: 0.0011 seconds for SLAM update (42 feats)
[0mVioManager.cpp:618 [34m[TIME]: 0.0033 seconds for SLAM delayed init (10 feats)
[0mVioManager.cpp:620 [34m[TIME]: 0.0008 seconds for re-tri & marg (11 clones in state)
[0mVioManager.cpp:628 [34m[TIME]: 0.00738 seconds for total (camera 0 1)
[0mVioManager.cpp:654 q_GtoI = -0.008,-0.021,-0.903,0.430 | p_IinG = -2.517,1.108,1.152 | dist = 3.74 (meters)
VioManager.cpp:657 bg = -0.0001,-0.0011,0.0007 | ba = -0.0120,-0.0687,0.0003
VioManager.cpp:662 camera-imu timeoffset = -0.00488
VioManager.cpp:669 cam0 intrinsics = 146.057,146.401,255.158,254.823 | 0.002,0.000,-0.000,0.000
VioManager.cpp:669 cam1 intrinsics = 146.582,146.517,254.110,255.559 | -0.005,0.005,0.005,-0.003
VioManager.cpp:678 cam0 extrinsics = -0.243,0.240,-0.667,0.662 | -0.006,-0.029,-0.066
VioManager.cpp:678 cam1 extrinsics = -0.333,-0.088,0.244,0.906 | 0.020,-0.019,-0.072
ROS1Visualizer.cpp:483 [34m[TIME]: 0.0075 seconds total (133.4 hz, 0.74 ms behind)
[0mVioManager.cpp:613 [34m[TIME]: 0.0016 seconds for tracking
[0mVioManager.cpp:614 [34m[TIME]: 0.0001 seconds for propagation
[0mVioManager.cpp:615 [34m[TIME]: 0.0001 seconds for MSCKF update (0 feats)
[0mVioManager.cpp:617 [34m[TIME]: 0.0015 seconds for SLAM update (42 feats)
[0mVioManager.cpp:618 [34m[TIME]: 0.0006 seconds for SLAM delayed init (1 feats)
[0mVioManager.cpp:620 [34m[TIME]: 0.0007 seconds for re-tri & marg (11 clones in state)
[0mVioManager.cpp:628 [34m[TIME]: 0.004719 seconds for total (camera 0 1)
[0mVioManager.cpp:654 q_GtoI = -0.010,-0.016,-0.904,0.428 | p_IinG = -2.528,1.130,1.151 | dist = 3.77 (meters)
VioManager.cpp:657 bg = -0.0001,-0.0011,0.0007 | ba = -0.0119,-0.0683,0.0004
VioManager.cpp:662 camera-imu timeoffset = -0.00487
VioManager.cpp:669 cam0 intrinsics = 146.062,146.406,255.133,254.809 | 0.002,0.000,-0.000,0.000
VioManager.cpp:669 cam1 intrinsics = 146.580,146.523,254.113,255.555 | -0.005,0.005,0.005,-0.003
VioManager.cpp:678 cam0 extrinsics = -0.243,0.239,-0.667,0.662 | -0.006,-0.029,-0.066
VioManager.cpp:678 cam1 extrinsics = -0.333,-0.088,0.244,0.906 | 0.020,-0.019,-0.073
ROS1Visualizer.cpp:483 [34m[TIME]: 0.0048 seconds total (207.0 hz, 0.49 ms behind)
[0mVioManager.cpp:613 [34m[TIME]: 0.0018 seconds for tracking
[0mVioManager.cpp:614 [34m[TIME]: 0.0001 seconds for propagation
[0mVioManager.cpp:615 [34m[TIME]: 0.0001 seconds for MSCKF update (0 feats)
[0mVioManager.cpp:617 [34m[TIME]: 0.0015 seconds for SLAM update (42 feats)
[0mVioManager.cpp:618 [34m[TIME]: 0.0004 seconds for SLAM delayed init (1 feats)
[0mVioManager.cpp:620 [34m[TIME]: 0.0008 seconds for re-tri & marg (11 clones in state)
[0mVioManager.cpp:628 [34m[TIME]: 0.004728 seconds for total (camera 0 1)
[0mVioManager.cpp:654 q_GtoI = -0.011,-0.015,-0.905,0.426 | p_IinG = -2.537,1.152,1.151 | dist = 3.79 (meters)
VioManager.cpp:657 bg = -0.0001,-0.0010,0.0007 | ba = -0.0119,-0.0679,0.0004
VioManager.cpp:662 camera-imu timeoffset = -0.00488
VioManager.cpp:669 cam0 intrinsics = 146.067,146.401,255.137,254.818 | 0.002,0.000,-0.000,0.000
VioManager.cpp:669 cam1 intrinsics = 146.575,146.521,254.119,255.556 | -0.005,0.005,0.005,-0.003
VioManager.cpp:678 cam0 extrinsics = -0.243,0.239,-0.667,0.662 | -0.006,-0.029,-0.067
VioManager.cpp:678 cam1 extrinsics = -0.333,-0.088,0.244,0.906 | 0.020,-0.019,-0.073
ROS1Visualizer.cpp:483 [34m[TIME]: 0.0048 seconds total (207.1 hz, 0.74 ms behind)
[0mVioManager.cpp:613 [34m[TIME]: 0.0020 seconds for tracking
[0mVioManager.cpp:614 [34m[TIME]: 0.0001 seconds for propagation
[0mVioManager.cpp:615 [34m[TIME]: 0.0003 seconds for MSCKF update (1 feats)
[0mVioManager.cpp:617 [34m[TIME]: 0.0015 seconds for SLAM update (43 feats)
[0mVioManager.cpp:618 [34m[TIME]: 0.0011 seconds for SLAM delayed init (3 feats)
[0mVioManager.cpp:620 [34m[TIME]: 0.0007 seconds for re-tri & marg (11 clones in state)
[0mVioManager.cpp:628 [34m[TIME]: 0.005851 seconds for total (camera 0 1)
[0mVioManager.cpp:654 q_GtoI = -0.010,-0.016,-0.905,0.424 | p_IinG = -2.545,1.174,1.150 | dist = 3.82 (meters)
VioManager.cpp:657 bg = -0.0001,-0.0010,0.0007 | ba = -0.0116,-0.0666,0.0004
VioManager.cpp:662 camera-imu timeoffset = -0.00487
VioManager.cpp:669 cam0 intrinsics = 146.077,146.399,255.133,254.855 | 0.002,0.000,0.000,0.000
VioManager.cpp:669 cam1 intrinsics = 146.590,146.555,254.117,255.593 | -0.004,0.005,0.004,-0.002
VioManager.cpp:678 cam0 extrinsics = -0.243,0.240,-0.667,0.662 | -0.006,-0.030,-0.067
VioManager.cpp:678 cam1 extrinsics = -0.333,-0.089,0.244,0.906 | 0.020,-0.019,-0.073
ROS1Visualizer.cpp:483 [34m[TIME]: 0.0060 seconds total (168.0 hz, 0.74 ms behind)
[0mVioManager.cpp:613 [34m[TIME]: 0.0024 seconds for tracking
[0mVioManager.cpp:614 [34m[TIME]: 0.0002 seconds for propagation
[0mVioManager.cpp:615 [34m[TIME]: 0.0002 seconds for MSCKF update (0 feats)
[0mVioManager.cpp:617 [34m[TIME]: 0.0019 seconds for SLAM update (44 feats)
[0mVioManager.cpp:618 [34m[TIME]: 0.0011 seconds for SLAM delayed init (3 feats)
[0mVioManager.cpp:620 [34m[TIME]: 0.0008 seconds for re-tri & marg (11 clones in state)
[0mVioManager.cpp:628 [34m[TIME]: 0.006527 seconds for total (camera 0 1)
[0mVioManager.cpp:654 q_GtoI = -0.007,-0.019,-0.906,0.422 | p_IinG = -2.553,1.195,1.149 | dist = 3.84 (meters)
VioManager.cpp:657 bg = -0.0001,-0.0010,0.0007 | ba = -0.0115,-0.0660,0.0004
VioManager.cpp:662 camera-imu timeoffset = -0.00490
VioManager.cpp:669 cam0 intrinsics = 146.085,146.399,255.138,254.872 | 0.002,0.000,0.000,0.000
VioManager.cpp:669 cam1 intrinsics = 146.588,146.561,254.127,255.600 | -0.004,0.005,0.004,-0.002
VioManager.cpp:678 cam0 extrinsics = -0.243,0.240,-0.667,0.662 | -0.006,-0.030,-0.067
VioManager.cpp:678 cam1 extrinsics = -0.333,-0.089,0.244,0.906 | 0.019,-0.019,-0.073
ROS1Visualizer.cpp:483 [34m[TIME]: 0.0066 seconds total (150.5 hz, 0.74 ms behind)
[0mVioManager.cpp:613 [34m[TIME]: 0.0023 seconds for tracking
[0mVioManager.cpp:614 [34m[TIME]: 0.0001 seconds for propagation
[0mVioManager.cpp:615 [34m[TIME]: 0.0004 seconds for MSCKF update (4 feats)
[0mVioManager.cpp:617 [34m[TIME]: 0.0017 seconds for SLAM update (45 feats)
[0mVioManager.cpp:618 [34m[TIME]: 0.0008 seconds for SLAM delayed init (2 feats)
[0mVioManager.cpp:620 [34m[TIME]: 0.0007 seconds for re-tri & marg (11 clones in state)
[0mVioManager.cpp:628 [34m[TIME]: 0.006134 seconds for total (camera 0 1)
[0mVioManager.cpp:654 q_GtoI = -0.004,-0.021,-0.907,0.420 | p_IinG = -2.560,1.217,1.148 | dist = 3.86 (meters)
VioManager.cpp:657 bg = -0.0001,-0.0010,0.0007 | ba = -0.0112,-0.0652,0.0004
VioManager.cpp:662 camera-imu timeoffset = -0.00492
VioManager.cpp:669 cam0 intrinsics = 146.091,146.399,255.146,254.887 | 0.001,0.000,0.000,0.000
VioManager.cpp:669 cam1 intrinsics = 146.580,146.573,254.141,255.605 | -0.004,0.005,0.004,-0.002
VioManager.cpp:678 cam0 extrinsics = -0.243,0.240,-0.667,0.662 | -0.006,-0.031,-0.067
VioManager.cpp:678 cam1 extrinsics = -0.333,-0.089,0.244,0.906 | 0.019,-0.019,-0.072
ROS1Visualizer.cpp:483 [34m[TIME]: 0.0062 seconds total (160.2 hz, 0.49 ms behind)
[0mVioManager.cpp:613 [34m[TIME]: 0.0022 seconds for tracking
[0mVioManager.cpp:614 [34m[TIME]: 0.0002 seconds for propagation
[0mVioManager.cpp:615 [34m[TIME]: 0.0001 seconds for MSCKF update (0 feats)
[0mVioManager.cpp:617 [34m[TIME]: 0.0020 seconds for SLAM update (45 feats)
[0mVioManager.cpp:618 [34m[TIME]: 0.0000 seconds for SLAM delayed init (0 feats)
[0mVioManager.cpp:620 [34m[TIME]: 0.0008 seconds for re-tri & marg (11 clones in state)
[0mVioManager.cpp:628 [34m[TIME]: 0.005251 seconds for total (camera 0 1)
[0mVioManager.cpp:654 q_GtoI = -0.002,-0.022,-0.908,0.419 | p_IinG = -2.567,1.237,1.147 | dist = 3.88 (meters)
VioManager.cpp:657 bg = -0.0001,-0.0010,0.0006 | ba = -0.0110,-0.0645,0.0003
VioManager.cpp:662 camera-imu timeoffset = -0.00491
VioManager.cpp:669 cam0 intrinsics = 146.097,146.401,255.154,254.901 | 0.001,0.000,0.000,-0.000
VioManager.cpp:669 cam1 intrinsics = 146.581,146.572,254.137,255.618 | -0.004,0.005,0.004,-0.002
VioManager.cpp:678 cam0 extrinsics = -0.243,0.240,-0.667,0.662 | -0.006,-0.031,-0.066
VioManager.cpp:678 cam1 extrinsics = -0.333,-0.089,0.244,0.906 | 0.019,-0.020,-0.072
ROS1Visualizer.cpp:483 [34m[TIME]: 0.0054 seconds total (186.6 hz, 0.74 ms behind)
[0mVioManager.cpp:613 [34m[TIME]: 0.0022 seconds for tracking
[0mVioManager.cpp:614 [34m[TIME]: 0.0002 seconds for propagation
[0mVioManager.cpp:615 [34m[TIME]: 0.0001 seconds for MSCKF update (0 feats)
[0mVioManager.cpp:617 [34m[TIME]: 0.0022 seconds for SLAM update (45 feats)
[0mVioManager.cpp:618 [34m[TIME]: 0.0004 seconds for SLAM delayed init (1 feats)
[0mVioManager.cpp:620 [34m[TIME]: 0.0008 seconds for re-tri & marg (11 clones in state)
[0mVioManager.cpp:628 [34m[TIME]: 0.005901 seconds for total (camera 0 1)
[0mVioManager.cpp:654 q_GtoI = -0.002,-0.020,-0.909,0.416 | p_IinG = -2.573,1.258,1.146 | dist = 3.91 (meters)
VioManager.cpp:657 bg = -0.0001,-0.0010,0.0006 | ba = -0.0108,-0.0635,0.0003
VioManager.cpp:662 camera-imu timeoffset = -0.00491
VioManager.cpp:669 cam0 intrinsics = 146.093,146.397,255.151,254.893 | 0.001,0.000,0.000,-0.000
VioManager.cpp:669 cam1 intrinsics = 146.578,146.567,254.123,255.643 | -0.004,0.005,0.004,-0.002
VioManager.cpp:678 cam0 extrinsics = -0.243,0.240,-0.667,0.662 | -0.006,-0.032,-0.065
VioManager.cpp:678 cam1 extrinsics = -0.333,-0.089,0.244,0.906 | 0.019,-0.021,-0.072
ROS1Visualizer.cpp:483 [34m[TIME]: 0.0060 seconds total (166.3 hz, 0.74 ms behind)
[0mVioManager.cpp:613 [34m[TIME]: 0.0022 seconds for tracking
[0mVioManager.cpp:614 [34m[TIME]: 0.0002 seconds for propagation
[0mVioManager.cpp:615 [34m[TIME]: 0.0001 seconds for MSCKF update (0 feats)
[0mVioManager.cpp:617 [34m[TIME]: 0.0018 seconds for SLAM update (43 feats)
[0mVioManager.cpp:618 [34m[TIME]: 0.0000 seconds for SLAM delayed init (0 feats)
[0mVioManager.cpp:620 [34m[TIME]: 0.0008 seconds for re-tri & marg (11 clones in state)
[0mVioManager.cpp:628 [34m[TIME]: 0.005031 seconds for total (camera 0 1)
[0mVioManager.cpp:654 q_GtoI = -0.004,-0.017,-0.910,0.414 | p_IinG = -2.580,1.279,1.145 | dist = 3.93 (meters)
VioManager.cpp:657 bg = -0.0001,-0.0010,0.0006 | ba = -0.0107,-0.0629,0.0003
VioManager.cpp:662 camera-imu timeoffset = -0.00489
VioManager.cpp:669 cam0 intrinsics = 146.101,146.405,255.162,254.910 | 0.001,0.000,0.000,-0.000
VioManager.cpp:669 cam1 intrinsics = 146.578,146.571,254.111,255.666 | -0.004,0.005,0.004,-0.002
VioManager.cpp:678 cam0 extrinsics = -0.243,0.240,-0.667,0.662 | -0.007,-0.033,-0.065
VioManager.cpp:678 cam1 extrinsics = -0.333,-0.089,0.244,0.906 | 0.019,-0.021,-0.072
ROS1Visualizer.cpp:483 [34m[TIME]: 0.0051 seconds total (195.0 hz, 0.74 ms behind)
[0mVioManager.cpp:613 [34m[TIME]: 0.0016 seconds for tracking
[0mVioManager.cpp:614 [34m[TIME]: 0.0001 seconds for propagation
[0mVioManager.cpp:615 [34m[TIME]: 0.0000 seconds for MSCKF update (0 feats)
[0mVioManager.cpp:617 [34m[TIME]: 0.0018 seconds for SLAM update (44 feats)
[0mVioManager.cpp:618 [34m[TIME]: 0.0004 seconds for SLAM delayed init (1 feats)
[0mVioManager.cpp:620 [34m[TIME]: 0.0008 seconds for re-tri & marg (11 clones in state)
[0mVioManager.cpp:628 [34m[TIME]: 0.004678 seconds for total (camera 0 1)
[0mVioManager.cpp:654 q_GtoI = -0.007,-0.013,-0.911,0.412 | p_IinG = -2.586,1.300,1.143 | dist = 3.95 (meters)
VioManager.cpp:657 bg = -0.0001,-0.0009,0.0006 | ba = -0.0109,-0.0621,0.0003
VioManager.cpp:662 camera-imu timeoffset = -0.00489
VioManager.cpp:669 cam0 intrinsics = 146.103,146.409,255.168,254.920 | 0.001,0.000,0.000,-0.000
VioManager.cpp:669 cam1 intrinsics = 146.573,146.571,254.103,255.683 | -0.005,0.005,0.004,-0.002
VioManager.cpp:678 cam0 extrinsics = -0.243,0.240,-0.667,0.662 | -0.007,-0.033,-0.065
VioManager.cpp:678 cam1 extrinsics = -0.333,-0.089,0.244,0.906 | 0.019,-0.022,-0.072
ROS1Visualizer.cpp:483 [34m[TIME]: 0.0048 seconds total (209.2 hz, 0.49 ms behind)
[0mVioManager.cpp:613 [34m[TIME]: 0.0020 seconds for tracking
[0mVioManager.cpp:614 [34m[TIME]: 0.0002 seconds for propagation
[0mVioManager.cpp:615 [34m[TIME]: 0.0000 seconds for MSCKF update (0 feats)
[0mVioManager.cpp:617 [34m[TIME]: 0.0029 seconds for SLAM update (45 feats)
[0mVioManager.cpp:618 [34m[TIME]: 0.0007 seconds for SLAM delayed init (1 feats)
[0mVioManager.cpp:620 [34m[TIME]: 0.0013 seconds for re-tri & marg (11 clones in state)
[0mVioManager.cpp:628 [34m[TIME]: 0.007218 seconds for total (camera 0 1)
[0mVioManager.cpp:654 q_GtoI = -0.009,-0.011,-0.912,0.410 | p_IinG = -2.593,1.320,1.142 | dist = 3.97 (meters)
VioManager.cpp:657 bg = -0.0001,-0.0009,0.0006 | ba = -0.0109,-0.0613,0.0002
VioManager.cpp:662 camera-imu timeoffset = -0.00488
VioManager.cpp:669 cam0 intrinsics = 146.108,146.416,255.171,254.928 | 0.001,-0.000,0.001,-0.000
VioManager.cpp:669 cam1 intrinsics = 146.569,146.577,254.100,255.693 | -0.005,0.005,0.004,-0.002
VioManager.cpp:678 cam0 extrinsics = -0.243,0.240,-0.667,0.662 | -0.007,-0.033,-0.066
VioManager.cpp:678 cam1 extrinsics = -0.333,-0.089,0.244,0.906 | 0.019,-0.022,-0.072
ROS1Visualizer.cpp:483 [34m[TIME]: 0.0074 seconds total (135.4 hz, 0.74 ms behind)
[0mVioManager.cpp:613 [34m[TIME]: 0.0018 seconds for tracking
[0mVioManager.cpp:614 [34m[TIME]: 0.0001 seconds for propagation
[0mVioManager.cpp:615 [34m[TIME]: 0.0004 seconds for MSCKF update (1 feats)
[0mVioManager.cpp:617 [34m[TIME]: 0.0017 seconds for SLAM update (43 feats)
[0mVioManager.cpp:618 [34m[TIME]: 0.0001 seconds for SLAM delayed init (0 feats)
[0mVioManager.cpp:620 [34m[TIME]: 0.0008 seconds for re-tri & marg (11 clones in state)
[0mVioManager.cpp:628 [34m[TIME]: 0.004972 seconds for total (camera 0 1)
[0mVioManager.cpp:654 q_GtoI = -0.011,-0.009,-0.913,0.408 | p_IinG = -2.598,1.340,1.141 | dist = 3.99 (meters)
VioManager.cpp:657 bg = -0.0001,-0.0009,0.0006 | ba = -0.0110,-0.0606,0.0003
VioManager.cpp:662 camera-imu timeoffset = -0.00488
VioManager.cpp:669 cam0 intrinsics = 146.111,146.424,255.172,254.937 | 0.001,-0.000,0.001,-0.000
VioManager.cpp:669 cam1 intrinsics = 146.563,146.585,254.095,255.704 | -0.005,0.005,0.004,-0.002
VioManager.cpp:678 cam0 extrinsics = -0.243,0.240,-0.667,0.662 | -0.007,-0.033,-0.066
VioManager.cpp:678 cam1 extrinsics = -0.333,-0.089,0.244,0.906 | 0.019,-0.023,-0.072
ROS1Visualizer.cpp:483 [34m[TIME]: 0.0051 seconds total (196.4 hz, 0.74 ms behind)
[0mVioManager.cpp:613 [34m[TIME]: 0.0023 seconds for tracking
[0mVioManager.cpp:614 [34m[TIME]: 0.0002 seconds for propagation
[0mVioManager.cpp:615 [34m[TIME]: 0.0002 seconds for MSCKF update (1 feats)
[0mVioManager.cpp:617 [34m[TIME]: 0.0025 seconds for SLAM update (43 feats)
[0mVioManager.cpp:618 [34m[TIME]: 0.0007 seconds for SLAM delayed init (1 feats)
[0mVioManager.cpp:620 [34m[TIME]: 0.0014 seconds for re-tri & marg (11 clones in state)
[0mVioManager.cpp:628 [34m[TIME]: 0.007351 seconds for total (camera 0 1)
[0mVioManager.cpp:654 q_GtoI = -0.012,-0.009,-0.914,0.405 | p_IinG = -2.603,1.360,1.141 | dist = 4.01 (meters)
VioManager.cpp:657 bg = -0.0001,-0.0009,0.0006 | ba = -0.0110,-0.0594,0.0002
VioManager.cpp:662 camera-imu timeoffset = -0.00488
VioManager.cpp:669 cam0 intrinsics = 146.116,146.421,255.175,254.958 | 0.001,-0.000,0.001,-0.000
VioManager.cpp:669 cam1 intrinsics = 146.558,146.590,254.090,255.707 | -0.005,0.005,0.004,-0.002
VioManager.cpp:678 cam0 extrinsics = -0.243,0.240,-0.667,0.662 | -0.007,-0.033,-0.066
VioManager.cpp:678 cam1 extrinsics = -0.333,-0.089,0.243,0.906 | 0.019,-0.023,-0.072
ROS1Visualizer.cpp:483 [34m[TIME]: 0.0076 seconds total (132.2 hz, 0.74 ms behind)
[0mVioManager.cpp:613 [34m[TIME]: 0.0022 seconds for tracking
[0mVioManager.cpp:614 [34m[TIME]: 0.0002 seconds for propagation
[0mVioManager.cpp:615 [34m[TIME]: 0.0001 seconds for MSCKF update (0 feats)
[0mVioManager.cpp:617 [34m[TIME]: 0.0025 seconds for SLAM update (44 feats)
[0mVioManager.cpp:618 [34m[TIME]: 0.0010 seconds for SLAM delayed init (2 feats)
[0mVioManager.cpp:620 [34m[TIME]: 0.0008 seconds for re-tri & marg (11 clones in state)
[0mVioManager.cpp:628 [34m[TIME]: 0.006775 seconds for total (camera 0 1)
[0mVioManager.cpp:654 q_GtoI = -0.011,-0.010,-0.915,0.403 | p_IinG = -2.606,1.379,1.142 | dist = 4.03 (meters)
VioManager.cpp:657 bg = -0.0001,-0.0009,0.0006 | ba = -0.0109,-0.0584,0.0002
VioManager.cpp:662 camera-imu timeoffset = -0.00489
VioManager.cpp:669 cam0 intrinsics = 146.124,146.419,255.172,254.972 | 0.001,-0.000,0.001,-0.000
VioManager.cpp:669 cam1 intrinsics = 146.561,146.580,254.077,255.725 | -0.005,0.005,0.004,-0.002
VioManager.cpp:678 cam0 extrinsics = -0.243,0.240,-0.667,0.662 | -0.007,-0.033,-0.067
VioManager.cpp:678 cam1 extrinsics = -0.333,-0.089,0.243,0.906 | 0.019,-0.023,-0.072
ROS1Visualizer.cpp:483 [34m[TIME]: 0.0069 seconds total (145.4 hz, 0.49 ms behind)
[0mVioManager.cpp:613 [34m[TIME]: 0.0019 seconds for tracking
[0mVioManager.cpp:614 [34m[TIME]: 0.0002 seconds for propagation
[0mVioManager.cpp:615 [34m[TIME]: 0.0001 seconds for MSCKF update (0 feats)
[0mVioManager.cpp:617 [34m[TIME]: 0.0017 seconds for SLAM update (44 feats)
[0mVioManager.cpp:618 [34m[TIME]: 0.0009 seconds for SLAM delayed init (2 feats)
[0mVioManager.cpp:620 [34m[TIME]: 0.0008 seconds for re-tri & marg (11 clones in state)
[0mVioManager.cpp:628 [34m[TIME]: 0.00554 seconds for total (camera 0 1)
[0mVioManager.cpp:654 q_GtoI = -0.010,-0.012,-0.916,0.401 | p_IinG = -2.610,1.399,1.143 | dist = 4.05 (meters)
VioManager.cpp:657 bg = -0.0001,-0.0008,0.0006 | ba = -0.0110,-0.0570,0.0002
VioManager.cpp:662 camera-imu timeoffset = -0.00489
VioManager.cpp:669 cam0 intrinsics = 146.125,146.413,255.174,254.986 | 0.001,-0.000,0.001,-0.000
VioManager.cpp:669 cam1 intrinsics = 146.562,146.586,254.066,255.735 | -0.005,0.005,0.004,-0.002
VioManager.cpp:678 cam0 extrinsics = -0.243,0.240,-0.667,0.662 | -0.008,-0.034,-0.066
VioManager.cpp:678 cam1 extrinsics = -0.333,-0.089,0.243,0.907 | 0.019,-0.023,-0.072
ROS1Visualizer.cpp:483 [34m[TIME]: 0.0057 seconds total (176.3 hz, 0.74 ms behind)
[0mVioManager.cpp:613 [34m[TIME]: 0.0017 seconds for tracking
[0mVioManager.cpp:614 [34m[TIME]: 0.0001 seconds for propagation
[0mVioManager.cpp:615 [34m[TIME]: 0.0000 seconds for MSCKF update (0 feats)
[0mVioManager.cpp:617 [34m[TIME]: 0.0018 seconds for SLAM update (45 feats)
[0mVioManager.cpp:618 [34m[TIME]: 0.0004 seconds for SLAM delayed init (1 feats)
[0mVioManager.cpp:620 [34m[TIME]: 0.0008 seconds for re-tri & marg (11 clones in state)
[0mVioManager.cpp:628 [34m[TIME]: 0.004956 seconds for total (camera 0 1)
[0mVioManager.cpp:654 q_GtoI = -0.008,-0.013,-0.917,0.398 | p_IinG = -2.612,1.418,1.144 | dist = 4.06 (meters)
VioManager.cpp:657 bg = -0.0001,-0.0008,0.0006 | ba = -0.0110,-0.0556,0.0001
VioManager.cpp:662 camera-imu timeoffset = -0.00490
VioManager.cpp:669 cam0 intrinsics = 146.122,146.404,255.172,254.992 | 0.001,-0.000,0.001,-0.000
VioManager.cpp:669 cam1 intrinsics = 146.553,146.591,254.066,255.740 | -0.005,0.005,0.004,-0.002
VioManager.cpp:678 cam0 extrinsics = -0.243,0.240,-0.668,0.662 | -0.008,-0.034,-0.066
VioManager.cpp:678 cam1 extrinsics = -0.333,-0.089,0.243,0.907 | 0.018,-0.024,-0.072
ROS1Visualizer.cpp:483 [34m[TIME]: 0.0051 seconds total (197.5 hz, 0.74 ms behind)
[0mVioManager.cpp:613 [34m[TIME]: 0.0020 seconds for tracking
[0mVioManager.cpp:614 [34m[TIME]: 0.0002 seconds for propagation
[0mVioManager.cpp:615 [34m[TIME]: 0.0002 seconds for MSCKF update (1 feats)
[0mVioManager.cpp:617 [34m[TIME]: 0.0030 seconds for SLAM update (45 feats)
[0mVioManager.cpp:618 [34m[TIME]: 0.0000 seconds for SLAM delayed init (0 feats)
[0mVioManager.cpp:620 [34m[TIME]: 0.0013 seconds for re-tri & marg (11 clones in state)
[0mVioManager.cpp:628 [34m[TIME]: 0.006747 seconds for total (camera 0 1)
[0mVioManager.cpp:654 q_GtoI = -0.008,-0.011,-0.918,0.396 | p_IinG = -2.614,1.438,1.146 | dist = 4.08 (meters)
VioManager.cpp:657 bg = -0.0001,-0.0008,0.0006 | ba = -0.0110,-0.0541,0.0001
VioManager.cpp:662 camera-imu timeoffset = -0.00490
VioManager.cpp:669 cam0 intrinsics = 146.114,146.396,255.159,254.981 | 0.001,-0.000,0.001,-0.000
VioManager.cpp:669 cam1 intrinsics = 146.548,146.597,254.068,255.739 | -0.005,0.005,0.004,-0.002
VioManager.cpp:678 cam0 extrinsics = -0.243,0.240,-0.668,0.662 | -0.007,-0.034,-0.066
VioManager.cpp:678 cam1 extrinsics = -0.333,-0.089,0.243,0.907 | 0.018,-0.024,-0.072
ROS1Visualizer.cpp:483 [34m[TIME]: 0.0069 seconds total (145.8 hz, 0.74 ms behind)
[0mVioManager.cpp:613 [34m[TIME]: 0.0024 seconds for tracking
[0mVioManager.cpp:614 [34m[TIME]: 0.0002 seconds for propagation
[0mVioManager.cpp:615 [34m[TIME]: 0.0001 seconds for MSCKF update (0 feats)
[0mVioManager.cpp:617 [34m[TIME]: 0.0020 seconds for SLAM update (44 feats)
[0mVioManager.cpp:618 [34m[TIME]: 0.0001 seconds for SLAM delayed init (0 feats)
[0mVioManager.cpp:620 [34m[TIME]: 0.0008 seconds for re-tri & marg (11 clones in state)
[0mVioManager.cpp:628 [34m[TIME]: 0.00551 seconds for total (camera 0 1)
[0mVioManager.cpp:654 q_GtoI = -0.008,-0.008,-0.919,0.393 | p_IinG = -2.616,1.457,1.148 | dist = 4.10 (meters)
VioManager.cpp:657 bg = -0.0001,-0.0008,0.0006 | ba = -0.0112,-0.0528,0.0000
VioManager.cpp:662 camera-imu timeoffset = -0.00491
VioManager.cpp:669 cam0 intrinsics = 146.103,146.382,255.154,254.978 | 0.001,-0.000,0.001,-0.000
VioManager.cpp:669 cam1 intrinsics = 146.542,146.607,254.068,255.731 | -0.005,0.005,0.004,-0.002
VioManager.cpp:678 cam0 extrinsics = -0.243,0.240,-0.668,0.662 | -0.008,-0.034,-0.066
VioManager.cpp:678 cam1 extrinsics = -0.333,-0.089,0.243,0.907 | 0.018,-0.024,-0.071
ROS1Visualizer.cpp:483 [34m[TIME]: 0.0056 seconds total (177.7 hz, 0.49 ms behind)
[0mVioManager.cpp:613 [34m[TIME]: 0.0019 seconds for tracking
[0mVioManager.cpp:614 [34m[TIME]: 0.0001 seconds for propagation
[0mVioManager.cpp:615 [34m[TIME]: 0.0002 seconds for MSCKF update (2 feats)
[0mVioManager.cpp:617 [34m[TIME]: 0.0016 seconds for SLAM update (43 feats)
[0mVioManager.cpp:618 [34m[TIME]: 0.0001 seconds for SLAM delayed init (0 feats)
[0mVioManager.cpp:620 [34m[TIME]: 0.0007 seconds for re-tri & marg (11 clones in state)
[0mVioManager.cpp:628 [34m[TIME]: 0.00473 seconds for total (camera 0 1)
[0mVioManager.cpp:654 q_GtoI = -0.009,-0.004,-0.920,0.391 | p_IinG = -2.619,1.476,1.151 | dist = 4.12 (meters)
VioManager.cpp:657 bg = -0.0001,-0.0007,0.0006 | ba = -0.0116,-0.0514,0.0000
VioManager.cpp:662 camera-imu timeoffset = -0.00493
VioManager.cpp:669 cam0 intrinsics = 146.096,146.368,255.154,255.000 | 0.001,-0.000,0.000,-0.000
VioManager.cpp:669 cam1 intrinsics = 146.537,146.631,254.074,255.709 | -0.005,0.005,0.004,-0.002
VioManager.cpp:678 cam0 extrinsics = -0.243,0.240,-0.668,0.662 | -0.008,-0.035,-0.065
VioManager.cpp:678 cam1 extrinsics = -0.333,-0.089,0.243,0.907 | 0.018,-0.025,-0.071
ROS1Visualizer.cpp:483 [34m[TIME]: 0.0048 seconds total (206.6 hz, 0.74 ms behind)
[0mVioManager.cpp:613 [34m[TIME]: 0.0016 seconds for tracking
[0mVioManager.cpp:614 [34m[TIME]: 0.0001 seconds for propagation
[0mVioManager.cpp:615 [34m[TIME]: 0.0000 seconds for MSCKF update (0 feats)
[0mVioManager.cpp:617 [34m[TIME]: 0.0017 seconds for SLAM update (45 feats)
[0mVioManager.cpp:618 [34m[TIME]: 0.0008 seconds for SLAM delayed init (2 feats)
[0mVioManager.cpp:620 [34m[TIME]: 0.0008 seconds for re-tri & marg (11 clones in state)
[0mVioManager.cpp:628 [34m[TIME]: 0.005176 seconds for total (camera 0 1)
[0mVioManager.cpp:654 q_GtoI = -0.009,-0.000,-0.922,0.388 | p_IinG = -2.620,1.495,1.155 | dist = 4.13 (meters)
VioManager.cpp:657 bg = -0.0001,-0.0007,0.0006 | ba = -0.0118,-0.0494,-0.0000
VioManager.cpp:662 camera-imu timeoffset = -0.00495
VioManager.cpp:669 cam0 intrinsics = 146.087,146.355,255.128,254.991 | 0.001,-0.000,0.000,-0.000
VioManager.cpp:669 cam1 intrinsics = 146.533,146.656,254.081,255.684 | -0.005,0.005,0.004,-0.002
VioManager.cpp:678 cam0 extrinsics = -0.243,0.240,-0.668,0.661 | -0.008,-0.035,-0.065
VioManager.cpp:678 cam1 extrinsics = -0.333,-0.089,0.242,0.907 | 0.018,-0.026,-0.070
ROS1Visualizer.cpp:483 [34m[TIME]: 0.0053 seconds total (188.9 hz, 0.74 ms behind)
[0mVioManager.cpp:613 [34m[TIME]: 0.0016 seconds for tracking
[0mVioManager.cpp:614 [34m[TIME]: 0.0001 seconds for propagation
[0mVioManager.cpp:615 [34m[TIME]: 0.0001 seconds for MSCKF update (0 feats)
[0mVioManager.cpp:617 [34m[TIME]: 0.0017 seconds for SLAM update (42 feats)
[0mVioManager.cpp:618 [34m[TIME]: 0.0000 seconds for SLAM delayed init (0 feats)
[0mVioManager.cpp:620 [34m[TIME]: 0.0008 seconds for re-tri & marg (11 clones in state)
[0mVioManager.cpp:628 [34m[TIME]: 0.004317 seconds for total (camera 0 1)
[0mVioManager.cpp:654 q_GtoI = -0.009,0.002,-0.923,0.386 | p_IinG = -2.621,1.514,1.158 | dist = 4.15 (meters)
VioManager.cpp:657 bg = -0.0001,-0.0007,0.0006 | ba = -0.0122,-0.0478,-0.0001
VioManager.cpp:662 camera-imu timeoffset = -0.00495
VioManager.cpp:669 cam0 intrinsics = 146.080,146.342,255.113,254.988 | 0.001,-0.000,0.000,-0.000
VioManager.cpp:669 cam1 intrinsics = 146.532,146.683,254.090,255.660 | -0.005,0.005,0.004,-0.002
VioManager.cpp:678 cam0 extrinsics = -0.243,0.240,-0.668,0.661 | -0.008,-0.035,-0.064
VioManager.cpp:678 cam1 extrinsics = -0.333,-0.089,0.242,0.907 | 0.018,-0.026,-0.069
ROS1Visualizer.cpp:483 [34m[TIME]: 0.0044 seconds total (226.2 hz, 0.75 ms behind)
[0mVioManager.cpp:613 [34m[TIME]: 0.0018 seconds for tracking
[0mVioManager.cpp:614 [34m[TIME]: 0.0001 seconds for propagation
[0mVioManager.cpp:615 [34m[TIME]: 0.0000 seconds for MSCKF update (0 feats)
[0mVioManager.cpp:617 [34m[TIME]: 0.0017 seconds for SLAM update (42 feats)
[0mVioManager.cpp:618 [34m[TIME]: 0.0001 seconds for SLAM delayed init (0 feats)
[0mVioManager.cpp:620 [34m[TIME]: 0.0008 seconds for re-tri & marg (11 clones in state)
[0mVioManager.cpp:628 [34m[TIME]: 0.004502 seconds for total (camera 0 1)
[0mVioManager.cpp:654 q_GtoI = -0.008,0.001,-0.924,0.383 | p_IinG = -2.622,1.532,1.162 | dist = 4.17 (meters)
VioManager.cpp:657 bg = -0.0001,-0.0007,0.0006 | ba = -0.0126,-0.0465,-0.0000
VioManager.cpp:662 camera-imu timeoffset = -0.00495
VioManager.cpp:669 cam0 intrinsics = 146.075,146.331,255.108,254.995 | 0.002,-0.000,0.000,-0.000
VioManager.cpp:669 cam1 intrinsics = 146.532,146.714,254.098,255.637 | -0.005,0.005,0.004,-0.002
VioManager.cpp:678 cam0 extrinsics = -0.243,0.240,-0.668,0.661 | -0.008,-0.036,-0.064
VioManager.cpp:678 cam1 extrinsics = -0.333,-0.089,0.242,0.907 | 0.018,-0.027,-0.069
ROS1Visualizer.cpp:483 [34m[TIME]: 0.0046 seconds total (216.9 hz, 0.50 ms behind)
[0mVioManager.cpp:613 [34m[TIME]: 0.0019 seconds for tracking
[0mVioManager.cpp:614 [34m[TIME]: 0.0002 seconds for propagation
[0mVioManager.cpp:615 [34m[TIME]: 0.0001 seconds for MSCKF update (0 feats)
[0mVioManager.cpp:617 [34m[TIME]: 0.0017 seconds for SLAM update (41 feats)
[0mVioManager.cpp:618 [34m[TIME]: 0.0000 seconds for SLAM delayed init (0 feats)
[0mVioManager.cpp:620 [34m[TIME]: 0.0008 seconds for re-tri & marg (11 clones in state)
[0mVioManager.cpp:628 [34m[TIME]: 0.004646 seconds for total (camera 0 1)
[0mVioManager.cpp:654 q_GtoI = -0.008,-0.002,-0.925,0.380 | p_IinG = -2.622,1.548,1.166 | dist = 4.18 (meters)
VioManager.cpp:657 bg = -0.0001,-0.0006,0.0006 | ba = -0.0128,-0.0449,-0.0001
VioManager.cpp:662 camera-imu timeoffset = -0.00493
VioManager.cpp:669 cam0 intrinsics = 146.071,146.324,255.100,254.997 | 0.002,-0.000,0.000,-0.000
VioManager.cpp:669 cam1 intrinsics = 146.531,146.739,254.105,255.621 | -0.005,0.005,0.004,-0.002
VioManager.cpp:678 cam0 extrinsics = -0.243,0.240,-0.668,0.661 | -0.008,-0.036,-0.063
VioManager.cpp:678 cam1 extrinsics = -0.333,-0.089,0.242,0.907 | 0.018,-0.027,-0.068
ROS1Visualizer.cpp:483 [34m[TIME]: 0.0047 seconds total (210.6 hz, 0.74 ms behind)
[0mVioManager.cpp:613 [34m[TIME]: 0.0019 seconds for tracking
[0mVioManager.cpp:614 [34m[TIME]: 0.0001 seconds for propagation
[0mVioManager.cpp:615 [34m[TIME]: 0.0000 seconds for MSCKF update (0 feats)
[0mVioManager.cpp:617 [34m[TIME]: 0.0016 seconds for SLAM update (43 feats)
[0mVioManager.cpp:618 [34m[TIME]: 0.0008 seconds for SLAM delayed init (2 feats)
[0mVioManager.cpp:620 [34m[TIME]: 0.0008 seconds for re-tri & marg (11 clones in state)
[0mVioManager.cpp:628 [34m[TIME]: 0.005307 seconds for total (camera 0 1)
[0mVioManager.cpp:654 q_GtoI = -0.008,-0.005,-0.926,0.378 | p_IinG = -2.622,1.564,1.171 | dist = 4.20 (meters)
VioManager.cpp:657 bg = -0.0001,-0.0006,0.0006 | ba = -0.0134,-0.0437,-0.0001
VioManager.cpp:662 camera-imu timeoffset = -0.00492
VioManager.cpp:669 cam0 intrinsics = 146.065,146.316,255.101,255.008 | 0.002,-0.000,0.000,-0.000
VioManager.cpp:669 cam1 intrinsics = 146.530,146.765,254.116,255.596 | -0.005,0.005,0.004,-0.002
VioManager.cpp:678 cam0 extrinsics = -0.243,0.240,-0.668,0.661 | -0.008,-0.036,-0.063
VioManager.cpp:678 cam1 extrinsics = -0.333,-0.088,0.242,0.907 | 0.018,-0.027,-0.068
ROS1Visualizer.cpp:483 [34m[TIME]: 0.0054 seconds total (184.6 hz, 0.74 ms behind)
[0mVioManager.cpp:613 [34m[TIME]: 0.0014 seconds for tracking
[0mVioManager.cpp:614 [34m[TIME]: 0.0001 seconds for propagation
[0mVioManager.cpp:615 [34m[TIME]: 0.0001 seconds for MSCKF update (1 feats)
[0mVioManager.cpp:617 [34m[TIME]: 0.0017 seconds for SLAM update (44 feats)
[0mVioManager.cpp:618 [34m[TIME]: 0.0007 seconds for SLAM delayed init (2 feats)
[0mVioManager.cpp:620 [34m[TIME]: 0.0008 seconds for re-tri & marg (11 clones in state)
[0mVioManager.cpp:628 [34m[TIME]: 0.004956 seconds for total (camera 0 1)
[0mVioManager.cpp:654 q_GtoI = -0.007,-0.008,-0.927,0.375 | p_IinG = -2.622,1.580,1.176 | dist = 4.21 (meters)
VioManager.cpp:657 bg = -0.0001,-0.0006,0.0006 | ba = -0.0135,-0.0425,-0.0000
VioManager.cpp:662 camera-imu timeoffset = -0.00494
VioManager.cpp:669 cam0 intrinsics = 146.061,146.311,255.098,255.016 | 0.002,-0.000,0.000,0.000
VioManager.cpp:669 cam1 intrinsics = 146.516,146.781,254.129,255.580 | -0.005,0.005,0.004,-0.002
VioManager.cpp:678 cam0 extrinsics = -0.243,0.240,-0.668,0.661 | -0.008,-0.036,-0.063
VioManager.cpp:678 cam1 extrinsics = -0.333,-0.088,0.242,0.907 | 0.017,-0.027,-0.068
ROS1Visualizer.cpp:483 [34m[TIME]: 0.0051 seconds total (197.4 hz, 0.74 ms behind)
[0mVioManager.cpp:613 [34m[TIME]: 0.0018 seconds for tracking
[0mVioManager.cpp:614 [34m[TIME]: 0.0001 seconds for propagation
[0mVioManager.cpp:615 [34m[TIME]: 0.0003 seconds for MSCKF update (1 feats)
[0mVioManager.cpp:617 [34m[TIME]: 0.0017 seconds for SLAM update (44 feats)
[0mVioManager.cpp:618 [34m[TIME]: 0.0005 seconds for SLAM delayed init (1 feats)
[0mVioManager.cpp:620 [34m[TIME]: 0.0008 seconds for re-tri & marg (11 clones in state)
[0mVioManager.cpp:628 [34m[TIME]: 0.005294 seconds for total (camera 0 1)
[0mVioManager.cpp:654 q_GtoI = -0.006,-0.009,-0.928,0.372 | p_IinG = -2.622,1.594,1.181 | dist = 4.22 (meters)
VioManager.cpp:657 bg = -0.0001,-0.0006,0.0006 | ba = -0.0135,-0.0413,-0.0000
VioManager.cpp:662 camera-imu timeoffset = -0.00495
VioManager.cpp:669 cam0 intrinsics = 146.056,146.307,255.099,255.022 | 0.002,-0.000,0.000,0.000
VioManager.cpp:669 cam1 intrinsics = 146.504,146.795,254.137,255.575 | -0.005,0.005,0.004,-0.002
VioManager.cpp:678 cam0 extrinsics = -0.243,0.240,-0.668,0.661 | -0.008,-0.037,-0.063
VioManager.cpp:678 cam1 extrinsics = -0.333,-0.088,0.242,0.907 | 0.017,-0.028,-0.068
ROS1Visualizer.cpp:483 [34m[TIME]: 0.0054 seconds total (184.9 hz, 0.49 ms behind)
[0mVioManager.cpp:613 [34m[TIME]: 0.0023 seconds for tracking
[0mVioManager.cpp:614 [34m[TIME]: 0.0002 seconds for propagation
[0mVioManager.cpp:615 [34m[TIME]: 0.0003 seconds for MSCKF update (1 feats)
[0mVioManager.cpp:617 [34m[TIME]: 0.0022 seconds for SLAM update (45 feats)
[0mVioManager.cpp:618 [34m[TIME]: 0.0005 seconds for SLAM delayed init (1 feats)
[0mVioManager.cpp:620 [34m[TIME]: 0.0008 seconds for re-tri & marg (11 clones in state)
[0mVioManager.cpp:628 [34m[TIME]: 0.006254 seconds for total (camera 0 1)
[0mVioManager.cpp:654 q_GtoI = -0.005,-0.009,-0.929,0.369 | p_IinG = -2.622,1.610,1.187 | dist = 4.24 (meters)
VioManager.cpp:657 bg = -0.0001,-0.0006,0.0006 | ba = -0.0139,-0.0400,-0.0000
VioManager.cpp:662 camera-imu timeoffset = -0.00497
VioManager.cpp:669 cam0 intrinsics = 146.056,146.301,255.107,255.042 | 0.002,-0.000,-0.000,0.000
VioManager.cpp:669 cam1 intrinsics = 146.491,146.808,254.150,255.556 | -0.005,0.005,0.004,-0.002
VioManager.cpp:678 cam0 extrinsics = -0.243,0.240,-0.668,0.661 | -0.008,-0.037,-0.063
VioManager.cpp:678 cam1 extrinsics = -0.333,-0.088,0.242,0.907 | 0.017,-0.028,-0.068
ROS1Visualizer.cpp:483 [34m[TIME]: 0.0064 seconds total (157.1 hz, 0.75 ms behind)
[0mVioManager.cpp:613 [34m[TIME]: 0.0025 seconds for tracking
[0mVioManager.cpp:614 [34m[TIME]: 0.0002 seconds for propagation
[0mVioManager.cpp:615 [34m[TIME]: 0.0002 seconds for MSCKF update (0 feats)
[0mVioManager.cpp:617 [34m[TIME]: 0.0021 seconds for SLAM update (44 feats)
[0mVioManager.cpp:618 [34m[TIME]: 0.0008 seconds for SLAM delayed init (2 feats)
[0mVioManager.cpp:620 [34m[TIME]: 0.0008 seconds for re-tri & marg (11 clones in state)
[0mVioManager.cpp:628 [34m[TIME]: 0.006486 seconds for total (camera 0 1)
[0mVioManager.cpp:654 q_GtoI = -0.005,-0.007,-0.931,0.366 | p_IinG = -2.622,1.625,1.193 | dist = 4.25 (meters)
VioManager.cpp:657 bg = -0.0001,-0.0005,0.0006 | ba = -0.0141,-0.0392,-0.0000
VioManager.cpp:662 camera-imu timeoffset = -0.00498
VioManager.cpp:669 cam0 intrinsics = 146.054,146.289,255.128,255.076 | 0.002,0.000,-0.000,0.000
VioManager.cpp:669 cam1 intrinsics = 146.475,146.817,254.158,255.542 | -0.005,0.005,0.004,-0.002
VioManager.cpp:678 cam0 extrinsics = -0.243,0.240,-0.668,0.661 | -0.008,-0.037,-0.064
VioManager.cpp:678 cam1 extrinsics = -0.333,-0.088,0.242,0.907 | 0.017,-0.028,-0.067
ROS1Visualizer.cpp:483 [34m[TIME]: 0.0066 seconds total (151.6 hz, 0.75 ms behind)
[0mVioManager.cpp:613 [34m[TIME]: 0.0024 seconds for tracking
[0mVioManager.cpp:614 [34m[TIME]: 0.0002 seconds for propagation
[0mVioManager.cpp:615 [34m[TIME]: 0.0001 seconds for MSCKF update (0 feats)
[0mVioManager.cpp:617 [34m[TIME]: 0.0022 seconds for SLAM update (44 feats)
[0mVioManager.cpp:618 [34m[TIME]: 0.0000 seconds for SLAM delayed init (0 feats)
[0mVioManager.cpp:620 [34m[TIME]: 0.0007 seconds for re-tri & marg (11 clones in state)
[0mVioManager.cpp:628 [34m[TIME]: 0.005685 seconds for total (camera 0 1)
[0mVioManager.cpp:654 q_GtoI = -0.004,-0.006,-0.932,0.363 | p_IinG = -2.622,1.639,1.199 | dist = 4.27 (meters)
VioManager.cpp:657 bg = -0.0001,-0.0005,0.0006 | ba = -0.0144,-0.0384,0.0000
VioManager.cpp:662 camera-imu timeoffset = -0.00499
VioManager.cpp:669 cam0 intrinsics = 146.054,146.274,255.143,255.106 | 0.002,0.000,-0.000,0.000
VioManager.cpp:669 cam1 intrinsics = 146.462,146.820,254.166,255.531 | -0.005,0.005,0.004,-0.002
VioManager.cpp:678 cam0 extrinsics = -0.243,0.240,-0.668,0.661 | -0.008,-0.037,-0.064
VioManager.cpp:678 cam1 extrinsics = -0.333,-0.088,0.242,0.907 | 0.018,-0.029,-0.067
ROS1Visualizer.cpp:483 [34m[TIME]: 0.0058 seconds total (172.8 hz, 0.75 ms behind)
[0mVioManager.cpp:613 [34m[TIME]: 0.0018 seconds for tracking
[0mVioManager.cpp:614 [34m[TIME]: 0.0001 seconds for propagation
[0mVioManager.cpp:615 [34m[TIME]: 0.0001 seconds for MSCKF update (0 feats)
[0mVioManager.cpp:617 [34m[TIME]: 0.0017 seconds for SLAM update (42 feats)
[0mVioManager.cpp:618 [34m[TIME]: 0.0001 seconds for SLAM delayed init (0 feats)
[0mVioManager.cpp:620 [34m[TIME]: 0.0008 seconds for re-tri & marg (11 clones in state)
[0mVioManager.cpp:628 [34m[TIME]: 0.004503 seconds for total (camera 0 1)
[0mVioManager.cpp:654 q_GtoI = -0.005,-0.006,-0.933,0.360 | p_IinG = -2.623,1.654,1.206 | dist = 4.28 (meters)
VioManager.cpp:657 bg = -0.0001,-0.0005,0.0006 | ba = -0.0148,-0.0376,0.0000
VioManager.cpp:662 camera-imu timeoffset = -0.00500
VioManager.cpp:669 cam0 intrinsics = 146.050,146.259,255.160,255.136 | 0.002,0.000,-0.000,0.000
VioManager.cpp:669 cam1 intrinsics = 146.450,146.833,254.172,255.517 | -0.005,0.005,0.004,-0.002
VioManager.cpp:678 cam0 extrinsics = -0.243,0.241,-0.668,0.661 | -0.008,-0.037,-0.064
VioManager.cpp:678 cam1 extrinsics = -0.333,-0.088,0.242,0.907 | 0.018,-0.029,-0.066
ROS1Visualizer.cpp:483 [34m[TIME]: 0.0046 seconds total (216.9 hz, 0.50 ms behind)
[0mVioManager.cpp:613 [34m[TIME]: 0.0018 seconds for tracking
[0mVioManager.cpp:614 [34m[TIME]: 0.0002 seconds for propagation
[0mVioManager.cpp:615 [34m[TIME]: 0.0006 seconds for MSCKF update (4 feats)
[0mVioManager.cpp:617 [34m[TIME]: 0.0016 seconds for SLAM update (42 feats)
[0mVioManager.cpp:618 [34m[TIME]: 0.0004 seconds for SLAM delayed init (1 feats)
[0mVioManager.cpp:620 [34m[TIME]: 0.0008 seconds for re-tri & marg (11 clones in state)
[0mVioManager.cpp:628 [34m[TIME]: 0.005387 seconds for total (camera 0 1)
[0mVioManager.cpp:654 q_GtoI = -0.005,-0.004,-0.934,0.357 | p_IinG = -2.623,1.668,1.213 | dist = 4.30 (meters)
VioManager.cpp:657 bg = -0.0001,-0.0005,0.0006 | ba = -0.0150,-0.0370,0.0001
VioManager.cpp:662 camera-imu timeoffset = -0.00502
VioManager.cpp:669 cam0 intrinsics = 146.047,146.250,255.165,255.160 | 0.002,0.000,-0.000,0.000
VioManager.cpp:669 cam1 intrinsics = 146.440,146.849,254.169,255.511 | -0.005,0.005,0.004,-0.002
VioManager.cpp:678 cam0 extrinsics = -0.243,0.241,-0.668,0.661 | -0.008,-0.037,-0.065
VioManager.cpp:678 cam1 extrinsics = -0.332,-0.088,0.242,0.907 | 0.018,-0.029,-0.066
ROS1Visualizer.cpp:483 [34m[TIME]: 0.0055 seconds total (181.7 hz, 0.75 ms behind)
[0mVioManager.cpp:613 [34m[TIME]: 0.0022 seconds for tracking
[0mVioManager.cpp:614 [34m[TIME]: 0.0001 seconds for propagation
[0mVioManager.cpp:615 [34m[TIME]: 0.0001 seconds for MSCKF update (0 feats)
[0mVioManager.cpp:617 [34m[TIME]: 0.0017 seconds for SLAM update (44 feats)
[0mVioManager.cpp:618 [34m[TIME]: 0.0011 seconds for SLAM delayed init (2 feats)
[0mVioManager.cpp:620 [34m[TIME]: 0.0008 seconds for re-tri & marg (11 clones in state)
[0mVioManager.cpp:628 [34m[TIME]: 0.005974 seconds for total (camera 0 1)
[0mVioManager.cpp:654 q_GtoI = -0.006,-0.003,-0.935,0.354 | p_IinG = -2.623,1.682,1.220 | dist = 4.31 (meters)
VioManager.cpp:657 bg = -0.0001,-0.0005,0.0006 | ba = -0.0144,-0.0362,0.0001
VioManager.cpp:662 camera-imu timeoffset = -0.00502
VioManager.cpp:669 cam0 intrinsics = 146.044,146.238,255.172,255.186 | 0.002,0.000,-0.000,0.000
VioManager.cpp:669 cam1 intrinsics = 146.420,146.857,254.165,255.497 | -0.004,0.005,0.004,-0.002
VioManager.cpp:678 cam0 extrinsics = -0.243,0.241,-0.668,0.661 | -0.009,-0.038,-0.065
VioManager.cpp:678 cam1 extrinsics = -0.332,-0.088,0.242,0.907 | 0.018,-0.030,-0.065
ROS1Visualizer.cpp:483 [34m[TIME]: 0.0061 seconds total (164.1 hz, 0.75 ms behind)
[0mVioManager.cpp:613 [34m[TIME]: 0.0020 seconds for tracking
[0mVioManager.cpp:614 [34m[TIME]: 0.0001 seconds for propagation
[0mVioManager.cpp:615 [34m[TIME]: 0.0000 seconds for MSCKF update (0 feats)
[0mVioManager.cpp:617 [34m[TIME]: 0.0017 seconds for SLAM update (44 feats)
[0mVioManager.cpp:618 [34m[TIME]: 0.0004 seconds for SLAM delayed init (1 feats)
[0mVioManager.cpp:620 [34m[TIME]: 0.0008 seconds for re-tri & marg (11 clones in state)
[0mVioManager.cpp:628 [34m[TIME]: 0.005076 seconds for total (camera 0 1)
[0mVioManager.cpp:654 q_GtoI = -0.005,-0.002,-0.937,0.351 | p_IinG = -2.623,1.694,1.228 | dist = 4.32 (meters)
VioManager.cpp:657 bg = -0.0001,-0.0005,0.0006 | ba = -0.0136,-0.0358,0.0001
VioManager.cpp:662 camera-imu timeoffset = -0.00503
VioManager.cpp:669 cam0 intrinsics = 146.044,146.229,255.184,255.212 | 0.002,0.000,-0.000,0.000
VioManager.cpp:669 cam1 intrinsics = 146.408,146.874,254.161,255.493 | -0.004,0.005,0.004,-0.002
VioManager.cpp:678 cam0 extrinsics = -0.243,0.241,-0.668,0.661 | -0.009,-0.038,-0.065
VioManager.cpp:678 cam1 extrinsics = -0.332,-0.088,0.242,0.907 | 0.018,-0.030,-0.065
ROS1Visualizer.cpp:483 [34m[TIME]: 0.0052 seconds total (193.0 hz, 0.75 ms behind)
[0mVioManager.cpp:613 [34m[TIME]: 0.0018 seconds for tracking
[0mVioManager.cpp:614 [34m[TIME]: 0.0001 seconds for propagation
[0mVioManager.cpp:615 [34m[TIME]: 0.0001 seconds for MSCKF update (0 feats)
[0mVioManager.cpp:617 [34m[TIME]: 0.0018 seconds for SLAM update (46 feats)
[0mVioManager.cpp:618 [34m[TIME]: 0.0008 seconds for SLAM delayed init (2 feats)
[0mVioManager.cpp:620 [34m[TIME]: 0.0008 seconds for re-tri & marg (11 clones in state)
[0mVioManager.cpp:628 [34m[TIME]: 0.005347 seconds for total (camera 0 1)
[0mVioManager.cpp:654 q_GtoI = -0.004,-0.002,-0.938,0.347 | p_IinG = -2.622,1.706,1.236 | dist = 4.34 (meters)
VioManager.cpp:657 bg = -0.0001,-0.0005,0.0006 | ba = -0.0130,-0.0353,0.0002
VioManager.cpp:662 camera-imu timeoffset = -0.00504
VioManager.cpp:669 cam0 intrinsics = 146.045,146.223,255.196,255.233 | 0.002,0.000,-0.000,0.000
VioManager.cpp:669 cam1 intrinsics = 146.392,146.891,254.173,255.478 | -0.004,0.005,0.004,-0.002
VioManager.cpp:678 cam0 extrinsics = -0.243,0.241,-0.668,0.661 | -0.009,-0.038,-0.065
VioManager.cpp:678 cam1 extrinsics = -0.332,-0.088,0.242,0.907 | 0.018,-0.031,-0.064
ROS1Visualizer.cpp:483 [34m[TIME]: 0.0055 seconds total (183.2 hz, 0.50 ms behind)
[0mVioManager.cpp:613 [34m[TIME]: 0.0022 seconds for tracking
[0mVioManager.cpp:614 [34m[TIME]: 0.0002 seconds for propagation
[0mVioManager.cpp:615 [34m[TIME]: 0.0001 seconds for MSCKF update (0 feats)
[0mVioManager.cpp:617 [34m[TIME]: 0.0021 seconds for SLAM update (47 feats)
[0mVioManager.cpp:618 [34m[TIME]: 0.0004 seconds for SLAM delayed init (1 feats)
[0mVioManager.cpp:620 [34m[TIME]: 0.0008 seconds for re-tri & marg (11 clones in state)
[0mVioManager.cpp:628 [34m[TIME]: 0.005838 seconds for total (camera 0 1)
[0mVioManager.cpp:654 q_GtoI = -0.003,-0.002,-0.939,0.344 | p_IinG = -2.620,1.718,1.245 | dist = 4.35 (meters)
VioManager.cpp:657 bg = -0.0001,-0.0005,0.0006 | ba = -0.0122,-0.0346,0.0002
VioManager.cpp:662 camera-imu timeoffset = -0.00504
VioManager.cpp:669 cam0 intrinsics = 146.046,146.214,255.209,255.258 | 0.002,0.000,-0.000,0.000
VioManager.cpp:669 cam1 intrinsics = 146.380,146.910,254.179,255.460 | -0.004,0.005,0.004,-0.002
VioManager.cpp:678 cam0 extrinsics = -0.243,0.241,-0.668,0.661 | -0.009,-0.038,-0.065
VioManager.cpp:678 cam1 extrinsics = -0.332,-0.088,0.242,0.907 | 0.018,-0.031,-0.063
ROS1Visualizer.cpp:483 [34m[TIME]: 0.0060 seconds total (167.9 hz, 0.75 ms behind)
[0mVioManager.cpp:613 [34m[TIME]: 0.0023 seconds for tracking
[0mVioManager.cpp:614 [34m[TIME]: 0.0004 seconds for propagation
[0mVioManager.cpp:615 [34m[TIME]: 0.0001 seconds for MSCKF update (0 feats)
[0mVioManager.cpp:617 [34m[TIME]: 0.0031 seconds for SLAM update (48 feats)
[0mVioManager.cpp:618 [34m[TIME]: 0.0005 seconds for SLAM delayed init (1 feats)
[0mVioManager.cpp:620 [34m[TIME]: 0.0010 seconds for re-tri & marg (11 clones in state)
[0mVioManager.cpp:628 [34m[TIME]: 0.007458 seconds for total (camera 0 1)
[0mVioManager.cpp:654 q_GtoI = -0.003,-0.001,-0.940,0.341 | p_IinG = -2.620,1.730,1.253 | dist = 4.36 (meters)
VioManager.cpp:657 bg = -0.0001,-0.0004,0.0006 | ba = -0.0114,-0.0337,0.0002
VioManager.cpp:662 camera-imu timeoffset = -0.00504
VioManager.cpp:669 cam0 intrinsics = 146.046,146.210,255.222,255.276 | 0.002,0.000,-0.000,0.000
VioManager.cpp:669 cam1 intrinsics = 146.365,146.934,254.188,255.435 | -0.004,0.005,0.004,-0.002
VioManager.cpp:678 cam0 extrinsics = -0.243,0.241,-0.668,0.661 | -0.010,-0.039,-0.064
VioManager.cpp:678 cam1 extrinsics = -0.332,-0.088,0.242,0.907 | 0.018,-0.032,-0.062
ROS1Visualizer.cpp:483 [34m[TIME]: 0.0076 seconds total (131.9 hz, 0.75 ms behind)
[0mVioManager.cpp:613 [34m[TIME]: 0.0019 seconds for tracking
[0mVioManager.cpp:614 [34m[TIME]: 0.0001 seconds for propagation
[0mVioManager.cpp:615 [34m[TIME]: 0.0002 seconds for MSCKF update (1 feats)
[0mVioManager.cpp:617 [34m[TIME]: 0.0021 seconds for SLAM update (48 feats)
[0mVioManager.cpp:618 [34m[TIME]: 0.0000 seconds for SLAM delayed init (0 feats)
[0mVioManager.cpp:620 [34m[TIME]: 0.0008 seconds for re-tri & marg (11 clones in state)
[0mVioManager.cpp:628 [34m[TIME]: 0.005195 seconds for total (camera 0 1)
[0mVioManager.cpp:654 q_GtoI = -0.004,-0.001,-0.941,0.337 | p_IinG = -2.619,1.741,1.262 | dist = 4.38 (meters)
VioManager.cpp:657 bg = -0.0001,-0.0004,0.0006 | ba = -0.0106,-0.0331,0.0002
VioManager.cpp:662 camera-imu timeoffset = -0.00503
VioManager.cpp:669 cam0 intrinsics = 146.052,146.216,255.235,255.292 | 0.002,0.000,-0.000,0.000
VioManager.cpp:669 cam1 intrinsics = 146.361,146.971,254.189,255.426 | -0.004,0.005,0.004,-0.002
VioManager.cpp:678 cam0 extrinsics = -0.243,0.241,-0.668,0.661 | -0.010,-0.039,-0.064
VioManager.cpp:678 cam1 extrinsics = -0.332,-0.088,0.242,0.907 | 0.018,-0.032,-0.062
ROS1Visualizer.cpp:483 [34m[TIME]: 0.0053 seconds total (188.6 hz, 0.75 ms behind)
[0mVioManager.cpp:613 [34m[TIME]: 0.0024 seconds for tracking
[0mVioManager.cpp:614 [34m[TIME]: 0.0001 seconds for propagation
[0mVioManager.cpp:615 [34m[TIME]: 0.0002 seconds for MSCKF update (1 feats)
[0mVioManager.cpp:617 [34m[TIME]: 0.0021 seconds for SLAM update (48 feats)
[0mVioManager.cpp:618 [34m[TIME]: 0.0000 seconds for SLAM delayed init (0 feats)
[0mVioManager.cpp:620 [34m[TIME]: 0.0008 seconds for re-tri & marg (11 clones in state)
[0mVioManager.cpp:628 [34m[TIME]: 0.005655 seconds for total (camera 0 1)
[0mVioManager.cpp:654 q_GtoI = -0.005,-0.001,-0.943,0.334 | p_IinG = -2.617,1.752,1.271 | dist = 4.39 (meters)
VioManager.cpp:657 bg = -0.0001,-0.0004,0.0006 | ba = -0.0101,-0.0323,0.0002
VioManager.cpp:662 camera-imu timeoffset = -0.00503
VioManager.cpp:669 cam0 intrinsics = 146.058,146.224,255.250,255.300 | 0.003,0.000,-0.001,0.000
VioManager.cpp:669 cam1 intrinsics = 146.353,147.008,254.205,255.406 | -0.004,0.005,0.004,-0.002
VioManager.cpp:678 cam0 extrinsics = -0.243,0.241,-0.668,0.661 | -0.010,-0.039,-0.064
VioManager.cpp:678 cam1 extrinsics = -0.332,-0.088,0.242,0.907 | 0.018,-0.032,-0.061
ROS1Visualizer.cpp:483 [34m[TIME]: 0.0058 seconds total (173.4 hz, 0.50 ms behind)
[0mVioManager.cpp:613 [34m[TIME]: 0.0015 seconds for tracking
[0mVioManager.cpp:614 [34m[TIME]: 0.0002 seconds for propagation
[0mVioManager.cpp:615 [34m[TIME]: 0.0011 seconds for MSCKF update (3 feats)
[0mVioManager.cpp:617 [34m[TIME]: 0.0021 seconds for SLAM update (49 feats)
[0mVioManager.cpp:618 [34m[TIME]: 0.0004 seconds for SLAM delayed init (1 feats)
[0mVioManager.cpp:620 [34m[TIME]: 0.0008 seconds for re-tri & marg (11 clones in state)
[0mVioManager.cpp:628 [34m[TIME]: 0.006027 seconds for total (camera 0 1)
[0mVioManager.cpp:654 q_GtoI = -0.006,-0.002,-0.944,0.331 | p_IinG = -2.616,1.763,1.280 | dist = 4.40 (meters)
VioManager.cpp:657 bg = -0.0001,-0.0004,0.0006 | ba = -0.0091,-0.0309,0.0002
VioManager.cpp:662 camera-imu timeoffset = -0.00504
VioManager.cpp:669 cam0 intrinsics = 146.095,146.287,255.259,255.299 | 0.003,-0.000,-0.001,0.000
VioManager.cpp:669 cam1 intrinsics = 146.352,147.077,254.226,255.379 | -0.004,0.005,0.004,-0.002
VioManager.cpp:678 cam0 extrinsics = -0.243,0.241,-0.668,0.661 | -0.011,-0.038,-0.064
VioManager.cpp:678 cam1 extrinsics = -0.332,-0.088,0.242,0.907 | 0.018,-0.032,-0.061
ROS1Visualizer.cpp:483 [34m[TIME]: 0.0061 seconds total (162.9 hz, 0.75 ms behind)
[0mVioManager.cpp:613 [34m[TIME]: 0.0021 seconds for tracking
[0mVioManager.cpp:614 [34m[TIME]: 0.0003 seconds for propagation
[0mVioManager.cpp:615 [34m[TIME]: 0.0003 seconds for MSCKF update (1 feats)
[0mVioManager.cpp:617 [34m[TIME]: 0.0022 seconds for SLAM update (50 feats)
[0mVioManager.cpp:618 [34m[TIME]: 0.0004 seconds for SLAM delayed init (1 feats)
[0mVioManager.cpp:620 [34m[TIME]: 0.0008 seconds for re-tri & marg (11 clones in state)
[0mVioManager.cpp:628 [34m[TIME]: 0.006076 seconds for total (camera 0 1)
[0mVioManager.cpp:654 q_GtoI = -0.007,-0.003,-0.945,0.327 | p_IinG = -2.612,1.771,1.288 | dist = 4.41 (meters)
VioManager.cpp:657 bg = -0.0000,-0.0004,0.0005 | ba = -0.0079,-0.0300,0.0001
VioManager.cpp:662 camera-imu timeoffset = -0.00505
VioManager.cpp:669 cam0 intrinsics = 146.132,146.325,255.290,255.320 | 0.003,-0.000,-0.001,0.000
VioManager.cpp:669 cam1 intrinsics = 146.353,147.122,254.245,255.369 | -0.004,0.005,0.004,-0.003
VioManager.cpp:678 cam0 extrinsics = -0.244,0.241,-0.668,0.661 | -0.011,-0.037,-0.064
VioManager.cpp:678 cam1 extrinsics = -0.332,-0.088,0.242,0.907 | 0.018,-0.031,-0.061
ROS1Visualizer.cpp:483 [34m[TIME]: 0.0062 seconds total (161.9 hz, 0.75 ms behind)
[0mVioManager.cpp:613 [34m[TIME]: 0.0017 seconds for tracking
[0mVioManager.cpp:614 [34m[TIME]: 0.0001 seconds for propagation
[0mVioManager.cpp:615 [34m[TIME]: 0.0003 seconds for MSCKF update (1 feats)
[0mVioManager.cpp:617 [34m[TIME]: 0.0022 seconds for SLAM update (50 feats)
[0mVioManager.cpp:618 [34m[TIME]: 0.0000 seconds for SLAM delayed init (0 feats)
[0mVioManager.cpp:620 [34m[TIME]: 0.0008 seconds for re-tri & marg (11 clones in state)
[0mVioManager.cpp:628 [34m[TIME]: 0.005168 seconds for total (camera 0 1)
[0mVioManager.cpp:654 q_GtoI = -0.007,-0.004,-0.946,0.324 | p_IinG = -2.610,1.781,1.297 | dist = 4.43 (meters)
VioManager.cpp:657 bg = -0.0000,-0.0004,0.0006 | ba = -0.0075,-0.0292,0.0001
VioManager.cpp:662 camera-imu timeoffset = -0.00505
VioManager.cpp:669 cam0 intrinsics = 146.153,146.350,255.300,255.336 | 0.003,-0.000,-0.001,0.000
VioManager.cpp:669 cam1 intrinsics = 146.357,147.165,254.261,255.345 | -0.004,0.005,0.004,-0.003
VioManager.cpp:678 cam0 extrinsics = -0.244,0.241,-0.668,0.661 | -0.012,-0.037,-0.064
VioManager.cpp:678 cam1 extrinsics = -0.332,-0.088,0.242,0.907 | 0.018,-0.031,-0.061
ROS1Visualizer.cpp:483 [34m[TIME]: 0.0053 seconds total (189.4 hz, 0.75 ms behind)
[0mVioManager.cpp:613 [34m[TIME]: 0.0022 seconds for tracking
[0mVioManager.cpp:614 [34m[TIME]: 0.0002 seconds for propagation
[0mVioManager.cpp:615 [34m[TIME]: 0.0009 seconds for MSCKF update (2 feats)
[0mVioManager.cpp:617 [34m[TIME]: 0.0026 seconds for SLAM update (50 feats)
[0mVioManager.cpp:618 [34m[TIME]: 0.0000 seconds for SLAM delayed init (0 feats)
[0mVioManager.cpp:620 [34m[TIME]: 0.0008 seconds for re-tri & marg (11 clones in state)
[0mVioManager.cpp:628 [34m[TIME]: 0.006713 seconds for total (camera 0 1)
[0mVioManager.cpp:654 q_GtoI = -0.007,-0.004,-0.947,0.320 | p_IinG = -2.608,1.790,1.306 | dist = 4.44 (meters)
VioManager.cpp:657 bg = -0.0000,-0.0004,0.0006 | ba = -0.0069,-0.0283,0.0001
VioManager.cpp:662 camera-imu timeoffset = -0.00506
VioManager.cpp:669 cam0 intrinsics = 146.164,146.355,255.313,255.358 | 0.003,-0.000,-0.001,0.000
VioManager.cpp:669 cam1 intrinsics = 146.363,147.202,254.271,255.324 | -0.004,0.005,0.004,-0.003
VioManager.cpp:678 cam0 extrinsics = -0.244,0.241,-0.668,0.661 | -0.012,-0.037,-0.064
VioManager.cpp:678 cam1 extrinsics = -0.332,-0.088,0.242,0.907 | 0.018,-0.031,-0.060
ROS1Visualizer.cpp:483 [34m[TIME]: 0.0068 seconds total (146.4 hz, 0.50 ms behind)
[0mVioManager.cpp:613 [34m[TIME]: 0.0022 seconds for tracking
[0mVioManager.cpp:614 [34m[TIME]: 0.0002 seconds for propagation
[0mVioManager.cpp:615 [34m[TIME]: 0.0006 seconds for MSCKF update (2 feats)
[0mVioManager.cpp:617 [34m[TIME]: 0.0022 seconds for SLAM update (49 feats)
[0mVioManager.cpp:618 [34m[TIME]: 0.0000 seconds for SLAM delayed init (0 feats)
[0mVioManager.cpp:620 [34m[TIME]: 0.0008 seconds for re-tri & marg (11 clones in state)
[0mVioManager.cpp:628 [34m[TIME]: 0.005899 seconds for total (camera 0 1)
[0mVioManager.cpp:654 q_GtoI = -0.006,-0.005,-0.948,0.317 | p_IinG = -2.605,1.799,1.315 | dist = 4.45 (meters)
VioManager.cpp:657 bg = -0.0000,-0.0004,0.0006 | ba = -0.0063,-0.0273,0.0001
VioManager.cpp:662 camera-imu timeoffset = -0.00506
VioManager.cpp:669 cam0 intrinsics = 146.181,146.377,255.317,255.374 | 0.003,-0.000,-0.001,0.000
VioManager.cpp:669 cam1 intrinsics = 146.369,147.239,254.279,255.298 | -0.003,0.005,0.004,-0.003
VioManager.cpp:678 cam0 extrinsics = -0.244,0.241,-0.668,0.661 | -0.012,-0.037,-0.065
VioManager.cpp:678 cam1 extrinsics = -0.332,-0.088,0.242,0.907 | 0.018,-0.031,-0.060
ROS1Visualizer.cpp:483 [34m[TIME]: 0.0060 seconds total (166.5 hz, 0.76 ms behind)
[0mVioManager.cpp:613 [34m[TIME]: 0.0015 seconds for tracking
[0mVioManager.cpp:614 [34m[TIME]: 0.0002 seconds for propagation
[0mVioManager.cpp:615 [34m[TIME]: 0.0001 seconds for MSCKF update (0 feats)
[0mVioManager.cpp:617 [34m[TIME]: 0.0020 seconds for SLAM update (47 feats)
[0mVioManager.cpp:618 [34m[TIME]: 0.0000 seconds for SLAM delayed init (0 feats)
[0mVioManager.cpp:620 [34m[TIME]: 0.0008 seconds for re-tri & marg (11 clones in state)
[0mVioManager.cpp:628 [34m[TIME]: 0.004618 seconds for total (camera 0 1)
[0mVioManager.cpp:654 q_GtoI = -0.005,-0.004,-0.950,0.313 | p_IinG = -2.601,1.808,1.324 | dist = 4.46 (meters)
VioManager.cpp:657 bg = -0.0000,-0.0003,0.0006 | ba = -0.0055,-0.0266,0.0001
VioManager.cpp:662 camera-imu timeoffset = -0.00505
VioManager.cpp:669 cam0 intrinsics = 146.192,146.389,255.324,255.397 | 0.003,-0.001,-0.001,0.000
VioManager.cpp:669 cam1 intrinsics = 146.370,147.261,254.288,255.271 | -0.003,0.005,0.004,-0.003
VioManager.cpp:678 cam0 extrinsics = -0.244,0.241,-0.668,0.661 | -0.013,-0.037,-0.065
VioManager.cpp:678 cam1 extrinsics = -0.332,-0.088,0.242,0.907 | 0.018,-0.031,-0.059
ROS1Visualizer.cpp:483 [34m[TIME]: 0.0047 seconds total (211.9 hz, 0.76 ms behind)
[0mVioManager.cpp:613 [34m[TIME]: 0.0018 seconds for tracking
[0mVioManager.cpp:614 [34m[TIME]: 0.0001 seconds for propagation
[0mVioManager.cpp:615 [34m[TIME]: 0.0001 seconds for MSCKF update (0 feats)
[0mVioManager.cpp:617 [34m[TIME]: 0.0018 seconds for SLAM update (46 feats)
[0mVioManager.cpp:618 [34m[TIME]: 0.0001 seconds for SLAM delayed init (0 feats)
[0mVioManager.cpp:620 [34m[TIME]: 0.0008 seconds for re-tri & marg (11 clones in state)
[0mVioManager.cpp:628 [34m[TIME]: 0.004618 seconds for total (camera 0 1)
[0mVioManager.cpp:654 q_GtoI = -0.004,-0.004,-0.951,0.310 | p_IinG = -2.598,1.816,1.334 | dist = 4.48 (meters)
VioManager.cpp:657 bg = -0.0000,-0.0003,0.0006 | ba = -0.0054,-0.0261,0.0001
VioManager.cpp:662 camera-imu timeoffset = -0.00504
VioManager.cpp:669 cam0 intrinsics = 146.205,146.404,255.347,255.409 | 0.003,-0.001,-0.001,0.000
VioManager.cpp:669 cam1 intrinsics = 146.396,147.309,254.283,255.262 | -0.003,0.004,0.004,-0.002
VioManager.cpp:678 cam0 extrinsics = -0.244,0.241,-0.668,0.661 | -0.013,-0.037,-0.065
VioManager.cpp:678 cam1 extrinsics = -0.332,-0.088,0.242,0.907 | 0.018,-0.031,-0.059
ROS1Visualizer.cpp:483 [34m[TIME]: 0.0047 seconds total (211.4 hz, 0.75 ms behind)
[0mVioManager.cpp:613 [34m[TIME]: 0.0018 seconds for tracking
[0mVioManager.cpp:614 [34m[TIME]: 0.0001 seconds for propagation
[0mVioManager.cpp:615 [34m[TIME]: 0.0002 seconds for MSCKF update (2 feats)
[0mVioManager.cpp:617 [34m[TIME]: 0.0018 seconds for SLAM update (44 feats)
[0mVioManager.cpp:618 [34m[TIME]: 0.0000 seconds for SLAM delayed init (0 feats)
[0mVioManager.cpp:620 [34m[TIME]: 0.0008 seconds for re-tri & marg (11 clones in state)
[0mVioManager.cpp:628 [34m[TIME]: 0.004746 seconds for total (camera 0 1)
[0mVioManager.cpp:654 q_GtoI = -0.005,-0.003,-0.952,0.306 | p_IinG = -2.594,1.824,1.343 | dist = 4.49 (meters)
VioManager.cpp:657 bg = -0.0000,-0.0003,0.0006 | ba = -0.0049,-0.0255,0.0000
VioManager.cpp:662 camera-imu timeoffset = -0.00502
VioManager.cpp:669 cam0 intrinsics = 146.205,146.401,255.360,255.425 | 0.003,-0.001,-0.001,0.000
VioManager.cpp:669 cam1 intrinsics = 146.408,147.335,254.282,255.242 | -0.003,0.004,0.004,-0.002
VioManager.cpp:678 cam0 extrinsics = -0.244,0.241,-0.668,0.661 | -0.013,-0.037,-0.065
VioManager.cpp:678 cam1 extrinsics = -0.332,-0.088,0.242,0.907 | 0.018,-0.031,-0.058
ROS1Visualizer.cpp:483 [34m[TIME]: 0.0049 seconds total (206.2 hz, 0.50 ms behind)
[0mVioManager.cpp:613 [34m[TIME]: 0.0024 seconds for tracking
[0mVioManager.cpp:614 [34m[TIME]: 0.0002 seconds for propagation
[0mVioManager.cpp:615 [34m[TIME]: 0.0004 seconds for MSCKF update (1 feats)
[0mVioManager.cpp:617 [34m[TIME]: 0.0026 seconds for SLAM update (45 feats)
[0mVioManager.cpp:618 [34m[TIME]: 0.0007 seconds for SLAM delayed init (1 feats)
[0mVioManager.cpp:620 [34m[TIME]: 0.0013 seconds for re-tri & marg (11 clones in state)
[0mVioManager.cpp:628 [34m[TIME]: 0.007727 seconds for total (camera 0 1)
[0mVioManager.cpp:654 q_GtoI = -0.005,-0.002,-0.953,0.302 | p_IinG = -2.590,1.831,1.354 | dist = 4.50 (meters)
VioManager.cpp:657 bg = -0.0000,-0.0003,0.0006 | ba = -0.0047,-0.0254,0.0000
VioManager.cpp:662 camera-imu timeoffset = -0.00501
VioManager.cpp:669 cam0 intrinsics = 146.206,146.399,255.353,255.434 | 0.003,-0.001,-0.001,0.000
VioManager.cpp:669 cam1 intrinsics = 146.430,147.364,254.274,255.241 | -0.003,0.004,0.004,-0.002
VioManager.cpp:678 cam0 extrinsics = -0.244,0.241,-0.668,0.661 | -0.013,-0.037,-0.065
VioManager.cpp:678 cam1 extrinsics = -0.332,-0.088,0.242,0.907 | 0.018,-0.031,-0.058
ROS1Visualizer.cpp:483 [34m[TIME]: 0.0078 seconds total (127.6 hz, 0.75 ms behind)
[0mVioManager.cpp:613 [34m[TIME]: 0.0023 seconds for tracking
[0mVioManager.cpp:614 [34m[TIME]: 0.0002 seconds for propagation
[0mVioManager.cpp:615 [34m[TIME]: 0.0018 seconds for MSCKF update (5 feats)
[0mVioManager.cpp:617 [34m[TIME]: 0.0016 seconds for SLAM update (41 feats)
[0mVioManager.cpp:618 [34m[TIME]: 0.0001 seconds for SLAM delayed init (0 feats)
[0mVioManager.cpp:620 [34m[TIME]: 0.0008 seconds for re-tri & marg (11 clones in state)
[0mVioManager.cpp:628 [34m[TIME]: 0.006825 seconds for total (camera 0 1)
[0mVioManager.cpp:654 q_GtoI = -0.005,-0.003,-0.954,0.299 | p_IinG = -2.585,1.838,1.365 | dist = 4.51 (meters)
VioManager.cpp:657 bg = 0.0000,-0.0003,0.0006 | ba = -0.0036,-0.0246,0.0000
VioManager.cpp:662 camera-imu timeoffset = -0.00499
VioManager.cpp:669 cam0 intrinsics = 146.205,146.388,255.367,255.476 | 0.003,-0.001,-0.001,0.000
VioManager.cpp:669 cam1 intrinsics = 146.392,147.316,254.266,255.232 | -0.003,0.004,0.004,-0.002
VioManager.cpp:678 cam0 extrinsics = -0.244,0.241,-0.668,0.661 | -0.014,-0.038,-0.066
VioManager.cpp:678 cam1 extrinsics = -0.332,-0.088,0.242,0.908 | 0.019,-0.032,-0.058
ROS1Visualizer.cpp:483 [34m[TIME]: 0.0069 seconds total (143.9 hz, 0.75 ms behind)
[0mVioManager.cpp:613 [34m[TIME]: 0.0023 seconds for tracking
[0mVioManager.cpp:614 [34m[TIME]: 0.0002 seconds for propagation
[0mVioManager.cpp:615 [34m[TIME]: 0.0001 seconds for MSCKF update (0 feats)
[0mVioManager.cpp:617 [34m[TIME]: 0.0022 seconds for SLAM update (43 feats)
[0mVioManager.cpp:618 [34m[TIME]: 0.0008 seconds for SLAM delayed init (2 feats)
[0mVioManager.cpp:620 [34m[TIME]: 0.0008 seconds for re-tri & marg (11 clones in state)
[0mVioManager.cpp:628 [34m[TIME]: 0.006423 seconds for total (camera 0 1)
[0mVioManager.cpp:654 q_GtoI = -0.006,-0.004,-0.955,0.295 | p_IinG = -2.582,1.845,1.376 | dist = 4.53 (meters)
VioManager.cpp:657 bg = 0.0000,-0.0003,0.0006 | ba = -0.0037,-0.0243,0.0000
VioManager.cpp:662 camera-imu timeoffset = -0.00497
VioManager.cpp:669 cam0 intrinsics = 146.206,146.390,255.378,255.504 | 0.004,-0.001,-0.001,0.000
VioManager.cpp:669 cam1 intrinsics = 146.406,147.313,254.268,255.214 | -0.003,0.004,0.004,-0.002
VioManager.cpp:678 cam0 extrinsics = -0.244,0.241,-0.668,0.661 | -0.014,-0.038,-0.067
VioManager.cpp:678 cam1 extrinsics = -0.332,-0.088,0.242,0.908 | 0.019,-0.032,-0.058
ROS1Visualizer.cpp:483 [34m[TIME]: 0.0065 seconds total (152.9 hz, 0.75 ms behind)
[0mVioManager.cpp:613 [34m[TIME]: 0.0017 seconds for tracking
[0mVioManager.cpp:614 [34m[TIME]: 0.0001 seconds for propagation
[0mVioManager.cpp:615 [34m[TIME]: 0.0001 seconds for MSCKF update (0 feats)
[0mVioManager.cpp:617 [34m[TIME]: 0.0016 seconds for SLAM update (41 feats)
[0mVioManager.cpp:618 [34m[TIME]: 0.0001 seconds for SLAM delayed init (0 feats)
[0mVioManager.cpp:620 [34m[TIME]: 0.0008 seconds for re-tri & marg (11 clones in state)
[0mVioManager.cpp:628 [34m[TIME]: 0.004381 seconds for total (camera 0 1)
[0mVioManager.cpp:654 q_GtoI = -0.007,-0.005,-0.956,0.292 | p_IinG = -2.577,1.852,1.388 | dist = 4.54 (meters)
VioManager.cpp:657 bg = 0.0000,-0.0003,0.0006 | ba = -0.0036,-0.0239,-0.0000
VioManager.cpp:662 camera-imu timeoffset = -0.00495
VioManager.cpp:669 cam0 intrinsics = 146.224,146.405,255.389,255.534 | 0.004,-0.001,-0.001,0.000
VioManager.cpp:669 cam1 intrinsics = 146.414,147.309,254.284,255.192 | -0.002,0.004,0.004,-0.002
VioManager.cpp:678 cam0 extrinsics = -0.244,0.241,-0.668,0.661 | -0.014,-0.038,-0.068
VioManager.cpp:678 cam1 extrinsics = -0.332,-0.087,0.242,0.908 | 0.019,-0.032,-0.058
ROS1Visualizer.cpp:483 [34m[TIME]: 0.0045 seconds total (222.9 hz, 0.50 ms behind)
[0mVioManager.cpp:613 [34m[TIME]: 0.0024 seconds for tracking
[0mVioManager.cpp:614 [34m[TIME]: 0.0002 seconds for propagation
[0mVioManager.cpp:615 [34m[TIME]: 0.0001 seconds for MSCKF update (0 feats)
[0mVioManager.cpp:617 [34m[TIME]: 0.0016 seconds for SLAM update (42 feats)
[0mVioManager.cpp:618 [34m[TIME]: 0.0008 seconds for SLAM delayed init (2 feats)
[0mVioManager.cpp:620 [34m[TIME]: 0.0008 seconds for re-tri & marg (11 clones in state)
[0mVioManager.cpp:628 [34m[TIME]: 0.005843 seconds for total (camera 0 1)
[0mVioManager.cpp:654 q_GtoI = -0.008,-0.006,-0.958,0.288 | p_IinG = -2.572,1.858,1.401 | dist = 4.56 (meters)
VioManager.cpp:657 bg = 0.0000,-0.0003,0.0006 | ba = -0.0033,-0.0235,-0.0000
VioManager.cpp:662 camera-imu timeoffset = -0.00494
VioManager.cpp:669 cam0 intrinsics = 146.240,146.424,255.401,255.559 | 0.004,-0.001,-0.001,0.000
VioManager.cpp:669 cam1 intrinsics = 146.425,147.319,254.305,255.165 | -0.002,0.004,0.004,-0.002
VioManager.cpp:678 cam0 extrinsics = -0.244,0.241,-0.668,0.661 | -0.014,-0.038,-0.068
VioManager.cpp:678 cam1 extrinsics = -0.332,-0.087,0.242,0.908 | 0.019,-0.032,-0.058
ROS1Visualizer.cpp:483 [34m[TIME]: 0.0060 seconds total (167.8 hz, 0.75 ms behind)
[0mVioManager.cpp:613 [34m[TIME]: 0.0023 seconds for tracking
[0mVioManager.cpp:614 [34m[TIME]: 0.0002 seconds for propagation
[0mVioManager.cpp:615 [34m[TIME]: 0.0007 seconds for MSCKF update (3 feats)
[0mVioManager.cpp:617 [34m[TIME]: 0.0024 seconds for SLAM update (41 feats)
[0mVioManager.cpp:618 [34m[TIME]: 0.0000 seconds for SLAM delayed init (0 feats)
[0mVioManager.cpp:620 [34m[TIME]: 0.0008 seconds for re-tri & marg (11 clones in state)
[0mVioManager.cpp:628 [34m[TIME]: 0.006358 seconds for total (camera 0 1)
[0mVioManager.cpp:654 q_GtoI = -0.008,-0.008,-0.959,0.284 | p_IinG = -2.568,1.865,1.413 | dist = 4.57 (meters)
VioManager.cpp:657 bg = 0.0000,-0.0003,0.0006 | ba = -0.0034,-0.0231,-0.0000
VioManager.cpp:662 camera-imu timeoffset = -0.00493
VioManager.cpp:669 cam0 intrinsics = 146.248,146.435,255.414,255.588 | 0.004,-0.001,-0.001,0.000
VioManager.cpp:669 cam1 intrinsics = 146.411,147.290,254.336,255.138 | -0.002,0.004,0.004,-0.002
VioManager.cpp:678 cam0 extrinsics = -0.244,0.241,-0.668,0.661 | -0.014,-0.038,-0.069
VioManager.cpp:678 cam1 extrinsics = -0.332,-0.087,0.242,0.908 | 0.020,-0.032,-0.058
ROS1Visualizer.cpp:483 [34m[TIME]: 0.0065 seconds total (154.5 hz, 0.74 ms behind)
[0mVioManager.cpp:613 [34m[TIME]: 0.0024 seconds for tracking
[0mVioManager.cpp:614 [34m[TIME]: 0.0002 seconds for propagation
[0mVioManager.cpp:615 [34m[TIME]: 0.0003 seconds for MSCKF update (2 feats)
[0mVioManager.cpp:617 [34m[TIME]: 0.0016 seconds for SLAM update (41 feats)
[0mVioManager.cpp:618 [34m[TIME]: 0.0000 seconds for SLAM delayed init (0 feats)
[0mVioManager.cpp:620 [34m[TIME]: 0.0008 seconds for re-tri & marg (11 clones in state)
[0mVioManager.cpp:628 [34m[TIME]: 0.005404 seconds for total (camera 0 1)
[0mVioManager.cpp:654 q_GtoI = -0.007,-0.008,-0.960,0.281 | p_IinG = -2.563,1.871,1.425 | dist = 4.59 (meters)
VioManager.cpp:657 bg = 0.0000,-0.0003,0.0006 | ba = -0.0035,-0.0230,-0.0000
VioManager.cpp:662 camera-imu timeoffset = -0.00493
VioManager.cpp:669 cam0 intrinsics = 146.259,146.449,255.415,255.612 | 0.004,-0.001,-0.001,0.000
VioManager.cpp:669 cam1 intrinsics = 146.416,147.285,254.363,255.122 | -0.002,0.004,0.004,-0.002
VioManager.cpp:678 cam0 extrinsics = -0.244,0.241,-0.668,0.661 | -0.014,-0.038,-0.070
VioManager.cpp:678 cam1 extrinsics = -0.332,-0.087,0.242,0.908 | 0.020,-0.033,-0.058
ROS1Visualizer.cpp:483 [34m[TIME]: 0.0055 seconds total (181.6 hz, 0.74 ms behind)
[0mVioManager.cpp:613 [34m[TIME]: 0.0024 seconds for tracking
[0mVioManager.cpp:614 [34m[TIME]: 0.0002 seconds for propagation
[0mVioManager.cpp:615 [34m[TIME]: 0.0001 seconds for MSCKF update (0 feats)
[0mVioManager.cpp:617 [34m[TIME]: 0.0023 seconds for SLAM update (40 feats)
[0mVioManager.cpp:618 [34m[TIME]: 0.0007 seconds for SLAM delayed init (1 feats)
[0mVioManager.cpp:620 [34m[TIME]: 0.0013 seconds for re-tri & marg (11 clones in state)
[0mVioManager.cpp:628 [34m[TIME]: 0.007081 seconds for total (camera 0 1)
[0mVioManager.cpp:654 q_GtoI = -0.007,-0.006,-0.961,0.277 | p_IinG = -2.559,1.878,1.438 | dist = 4.60 (meters)
VioManager.cpp:657 bg = 0.0000,-0.0003,0.0006 | ba = -0.0035,-0.0227,-0.0001
VioManager.cpp:662 camera-imu timeoffset = -0.00493
VioManager.cpp:669 cam0 intrinsics = 146.284,146.480,255.425,255.637 | 0.004,-0.002,-0.001,0.000
VioManager.cpp:669 cam1 intrinsics = 146.425,147.288,254.387,255.110 | -0.002,0.004,0.004,-0.002
VioManager.cpp:678 cam0 extrinsics = -0.244,0.241,-0.668,0.661 | -0.015,-0.037,-0.071
VioManager.cpp:678 cam1 extrinsics = -0.332,-0.087,0.242,0.908 | 0.019,-0.033,-0.057
ROS1Visualizer.cpp:483 [34m[TIME]: 0.0072 seconds total (139.0 hz, 0.49 ms behind)
[0mVioManager.cpp:613 [34m[TIME]: 0.0022 seconds for tracking
[0mVioManager.cpp:614 [34m[TIME]: 0.0001 seconds for propagation
[0mVioManager.cpp:615 [34m[TIME]: 0.0000 seconds for MSCKF update (0 feats)
[0mVioManager.cpp:617 [34m[TIME]: 0.0014 seconds for SLAM update (40 feats)
[0mVioManager.cpp:618 [34m[TIME]: 0.0004 seconds for SLAM delayed init (1 feats)
[0mVioManager.cpp:620 [34m[TIME]: 0.0008 seconds for re-tri & marg (11 clones in state)
[0mVioManager.cpp:628 [34m[TIME]: 0.004997 seconds for total (camera 0 1)
[0mVioManager.cpp:654 q_GtoI = -0.007,-0.003,-0.962,0.273 | p_IinG = -2.554,1.885,1.450 | dist = 4.62 (meters)
VioManager.cpp:657 bg = 0.0000,-0.0003,0.0006 | ba = -0.0036,-0.0217,-0.0001
VioManager.cpp:662 camera-imu timeoffset = -0.00494
VioManager.cpp:669 cam0 intrinsics = 146.289,146.479,255.432,255.660 | 0.004,-0.002,-0.001,0.000
VioManager.cpp:669 cam1 intrinsics = 146.442,147.314,254.412,255.089 | -0.002,0.003,0.004,-0.002
VioManager.cpp:678 cam0 extrinsics = -0.244,0.241,-0.668,0.661 | -0.015,-0.038,-0.071
VioManager.cpp:678 cam1 extrinsics = -0.332,-0.087,0.242,0.908 | 0.019,-0.033,-0.057
ROS1Visualizer.cpp:483 [34m[TIME]: 0.0051 seconds total (195.9 hz, 0.74 ms behind)
[0mVioManager.cpp:613 [34m[TIME]: 0.0024 seconds for tracking
[0mVioManager.cpp:614 [34m[TIME]: 0.0002 seconds for propagation
[0mVioManager.cpp:615 [34m[TIME]: 0.0001 seconds for MSCKF update (0 feats)
[0mVioManager.cpp:617 [34m[TIME]: 0.0021 seconds for SLAM update (38 feats)
[0mVioManager.cpp:618 [34m[TIME]: 0.0000 seconds for SLAM delayed init (0 feats)
[0mVioManager.cpp:620 [34m[TIME]: 0.0009 seconds for re-tri & marg (11 clones in state)
[0mVioManager.cpp:628 [34m[TIME]: 0.005854 seconds for total (camera 0 1)
[0mVioManager.cpp:654 q_GtoI = -0.008,-0.001,-0.963,0.269 | p_IinG = -2.549,1.892,1.462 | dist = 4.63 (meters)
VioManager.cpp:657 bg = 0.0000,-0.0003,0.0006 | ba = -0.0039,-0.0206,-0.0001
VioManager.cpp:662 camera-imu timeoffset = -0.00494
VioManager.cpp:669 cam0 intrinsics = 146.301,146.496,255.445,255.679 | 0.005,-0.002,-0.001,0.001
VioManager.cpp:669 cam1 intrinsics = 146.452,147.338,254.452,255.059 | -0.002,0.003,0.004,-0.002
VioManager.cpp:678 cam0 extrinsics = -0.244,0.241,-0.668,0.661 | -0.015,-0.038,-0.071
VioManager.cpp:678 cam1 extrinsics = -0.332,-0.087,0.242,0.908 | 0.019,-0.033,-0.057
ROS1Visualizer.cpp:483 [34m[TIME]: 0.0060 seconds total (167.7 hz, 0.74 ms behind)
[0mVioManager.cpp:613 [34m[TIME]: 0.0017 seconds for tracking
[0mVioManager.cpp:614 [34m[TIME]: 0.0001 seconds for propagation
[0mVioManager.cpp:615 [34m[TIME]: 0.0001 seconds for MSCKF update (0 feats)
[0mVioManager.cpp:617 [34m[TIME]: 0.0013 seconds for SLAM update (37 feats)
[0mVioManager.cpp:618 [34m[TIME]: 0.0001 seconds for SLAM delayed init (0 feats)
[0mVioManager.cpp:620 [34m[TIME]: 0.0008 seconds for re-tri & marg (11 clones in state)
[0mVioManager.cpp:628 [34m[TIME]: 0.004127 seconds for total (camera 0 1)
[0mVioManager.cpp:654 q_GtoI = -0.009,0.002,-0.964,0.266 | p_IinG = -2.543,1.899,1.473 | dist = 4.64 (meters)
VioManager.cpp:657 bg = 0.0000,-0.0002,0.0007 | ba = -0.0039,-0.0195,-0.0002
VioManager.cpp:662 camera-imu timeoffset = -0.00493
VioManager.cpp:669 cam0 intrinsics = 146.309,146.496,255.455,255.705 | 0.005,-0.002,-0.001,0.001
VioManager.cpp:669 cam1 intrinsics = 146.477,147.372,254.479,255.032 | -0.001,0.003,0.004,-0.002
VioManager.cpp:678 cam0 extrinsics = -0.244,0.242,-0.668,0.661 | -0.015,-0.038,-0.071
VioManager.cpp:678 cam1 extrinsics = -0.331,-0.087,0.242,0.908 | 0.019,-0.033,-0.056
ROS1Visualizer.cpp:483 [34m[TIME]: 0.0042 seconds total (236.0 hz, 0.74 ms behind)
[0mVioManager.cpp:613 [34m[TIME]: 0.0022 seconds for tracking
[0mVioManager.cpp:614 [34m[TIME]: 0.0001 seconds for propagation
[0mVioManager.cpp:615 [34m[TIME]: 0.0003 seconds for MSCKF update (4 feats)
[0mVioManager.cpp:617 [34m[TIME]: 0.0013 seconds for SLAM update (37 feats)
[0mVioManager.cpp:618 [34m[TIME]: 0.0004 seconds for SLAM delayed init (1 feats)
[0mVioManager.cpp:620 [34m[TIME]: 0.0008 seconds for re-tri & marg (11 clones in state)
[0mVioManager.cpp:628 [34m[TIME]: 0.005098 seconds for total (camera 0 1)
[0mVioManager.cpp:654 q_GtoI = -0.009,0.002,-0.965,0.262 | p_IinG = -2.537,1.905,1.485 | dist = 4.66 (meters)
VioManager.cpp:657 bg = 0.0000,-0.0002,0.0007 | ba = -0.0035,-0.0184,-0.0002
VioManager.cpp:662 camera-imu timeoffset = -0.00492
VioManager.cpp:669 cam0 intrinsics = 146.314,146.495,255.451,255.725 | 0.005,-0.002,-0.001,0.001
VioManager.cpp:669 cam1 intrinsics = 146.493,147.406,254.506,255.007 | -0.001,0.003,0.003,-0.002
VioManager.cpp:678 cam0 extrinsics = -0.244,0.242,-0.667,0.661 | -0.016,-0.037,-0.072
VioManager.cpp:678 cam1 extrinsics = -0.331,-0.087,0.242,0.908 | 0.019,-0.033,-0.056
ROS1Visualizer.cpp:483 [34m[TIME]: 0.0052 seconds total (191.8 hz, 0.49 ms behind)
[0mVioManager.cpp:613 [34m[TIME]: 0.0027 seconds for tracking
[0mVioManager.cpp:614 [34m[TIME]: 0.0002 seconds for propagation
[0mVioManager.cpp:615 [34m[TIME]: 0.0003 seconds for MSCKF update (1 feats)
[0mVioManager.cpp:617 [34m[TIME]: 0.0018 seconds for SLAM update (37 feats)
[0mVioManager.cpp:618 [34m[TIME]: 0.0000 seconds for SLAM delayed init (0 feats)
[0mVioManager.cpp:620 [34m[TIME]: 0.0008 seconds for re-tri & marg (11 clones in state)
[0mVioManager.cpp:628 [34m[TIME]: 0.005944 seconds for total (camera 0 1)
[0mVioManager.cpp:654 q_GtoI = -0.009,0.000,-0.966,0.258 | p_IinG = -2.532,1.911,1.496 | dist = 4.67 (meters)
VioManager.cpp:657 bg = 0.0000,-0.0002,0.0007 | ba = -0.0038,-0.0174,-0.0002
VioManager.cpp:662 camera-imu timeoffset = -0.00493
VioManager.cpp:669 cam0 intrinsics = 146.316,146.480,255.436,255.728 | 0.005,-0.002,-0.001,0.001
VioManager.cpp:669 cam1 intrinsics = 146.576,147.511,254.523,254.970 | -0.001,0.003,0.003,-0.002
VioManager.cpp:678 cam0 extrinsics = -0.244,0.241,-0.667,0.661 | -0.016,-0.037,-0.073
VioManager.cpp:678 cam1 extrinsics = -0.331,-0.087,0.242,0.908 | 0.019,-0.033,-0.055
ROS1Visualizer.cpp:483 [34m[TIME]: 0.0060 seconds total (165.3 hz, 0.74 ms behind)
[0mVioManager.cpp:613 [34m[TIME]: 0.0018 seconds for tracking
[0mVioManager.cpp:614 [34m[TIME]: 0.0001 seconds for propagation
[0mVioManager.cpp:615 [34m[TIME]: 0.0006 seconds for MSCKF update (2 feats)
[0mVioManager.cpp:617 [34m[TIME]: 0.0012 seconds for SLAM update (39 feats)
[0mVioManager.cpp:618 [34m[TIME]: 0.0017 seconds for SLAM delayed init (5 feats)
[0mVioManager.cpp:620 [34m[TIME]: 0.0008 seconds for re-tri & marg (11 clones in state)
[0mVioManager.cpp:628 [34m[TIME]: 0.006204 seconds for total (camera 0 1)
[0mVioManager.cpp:654 q_GtoI = -0.009,-0.001,-0.967,0.254 | p_IinG = -2.525,1.916,1.507 | dist = 4.69 (meters)
VioManager.cpp:657 bg = 0.0000,-0.0002,0.0007 | ba = -0.0038,-0.0162,-0.0003
VioManager.cpp:662 camera-imu timeoffset = -0.00492
VioManager.cpp:669 cam0 intrinsics = 146.321,146.468,255.436,255.748 | 0.005,-0.002,-0.001,0.001
VioManager.cpp:669 cam1 intrinsics = 146.574,147.528,254.558,254.945 | -0.001,0.003,0.003,-0.002
VioManager.cpp:678 cam0 extrinsics = -0.244,0.241,-0.667,0.661 | -0.016,-0.037,-0.073
VioManager.cpp:678 cam1 extrinsics = -0.331,-0.087,0.242,0.908 | 0.018,-0.032,-0.055
ROS1Visualizer.cpp:483 [34m[TIME]: 0.0063 seconds total (158.4 hz, 0.74 ms behind)
[0mVioManager.cpp:613 [34m[TIME]: 0.0024 seconds for tracking
[0mVioManager.cpp:614 [34m[TIME]: 0.0002 seconds for propagation
[0mVioManager.cpp:615 [34m[TIME]: 0.0003 seconds for MSCKF update (1 feats)
[0mVioManager.cpp:617 [34m[TIME]: 0.0012 seconds for SLAM update (37 feats)
[0mVioManager.cpp:618 [34m[TIME]: 0.0004 seconds for SLAM delayed init (1 feats)
[0mVioManager.cpp:620 [34m[TIME]: 0.0008 seconds for re-tri & marg (11 clones in state)
[0mVioManager.cpp:628 [34m[TIME]: 0.005362 seconds for total (camera 0 1)
[0mVioManager.cpp:654 q_GtoI = -0.009,0.000,-0.968,0.250 | p_IinG = -2.519,1.921,1.518 | dist = 4.70 (meters)
VioManager.cpp:657 bg = 0.0000,-0.0002,0.0007 | ba = -0.0040,-0.0153,-0.0003
VioManager.cpp:662 camera-imu timeoffset = -0.00495
VioManager.cpp:669 cam0 intrinsics = 146.340,146.476,255.441,255.754 | 0.005,-0.002,-0.001,0.001
VioManager.cpp:669 cam1 intrinsics = 146.590,147.563,254.597,254.919 | -0.001,0.003,0.003,-0.002
VioManager.cpp:678 cam0 extrinsics = -0.244,0.241,-0.667,0.661 | -0.016,-0.037,-0.073
VioManager.cpp:678 cam1 extrinsics = -0.331,-0.087,0.242,0.908 | 0.018,-0.032,-0.055
ROS1Visualizer.cpp:483 [34m[TIME]: 0.0055 seconds total (182.7 hz, 0.74 ms behind)
[0mVioManager.cpp:613 [34m[TIME]: 0.0022 seconds for tracking
[0mVioManager.cpp:614 [34m[TIME]: 0.0002 seconds for propagation
[0mVioManager.cpp:615 [34m[TIME]: 0.0003 seconds for MSCKF update (2 feats)
[0mVioManager.cpp:617 [34m[TIME]: 0.0017 seconds for SLAM update (34 feats)
[0mVioManager.cpp:618 [34m[TIME]: 0.0007 seconds for SLAM delayed init (1 feats)
[0mVioManager.cpp:620 [34m[TIME]: 0.0014 seconds for re-tri & marg (11 clones in state)
[0mVioManager.cpp:628 [34m[TIME]: 0.006555 seconds for total (camera 0 1)
[0mVioManager.cpp:654 q_GtoI = -0.009,0.002,-0.969,0.246 | p_IinG = -2.512,1.927,1.529 | dist = 4.71 (meters)
VioManager.cpp:657 bg = 0.0000,-0.0002,0.0007 | ba = -0.0042,-0.0145,-0.0003
VioManager.cpp:662 camera-imu timeoffset = -0.00496
VioManager.cpp:669 cam0 intrinsics = 146.344,146.463,255.434,255.758 | 0.005,-0.002,-0.001,0.001
VioManager.cpp:669 cam1 intrinsics = 146.600,147.588,254.625,254.900 | -0.001,0.003,0.003,-0.002
VioManager.cpp:678 cam0 extrinsics = -0.244,0.241,-0.667,0.661 | -0.016,-0.037,-0.073
VioManager.cpp:678 cam1 extrinsics = -0.331,-0.087,0.242,0.908 | 0.018,-0.032,-0.055
ROS1Visualizer.cpp:483 [34m[TIME]: 0.0067 seconds total (148.4 hz, 0.49 ms behind)
[0mVioManager.cpp:613 [34m[TIME]: 0.0023 seconds for tracking
[0mVioManager.cpp:614 [34m[TIME]: 0.0001 seconds for propagation
[0mVioManager.cpp:615 [34m[TIME]: 0.0006 seconds for MSCKF update (7 feats)
[0mVioManager.cpp:617 [34m[TIME]: 0.0012 seconds for SLAM update (35 feats)
[0mVioManager.cpp:618 [34m[TIME]: 0.0010 seconds for SLAM delayed init (3 feats)
[0mVioManager.cpp:620 [34m[TIME]: 0.0007 seconds for re-tri & marg (11 clones in state)
[0mVioManager.cpp:628 [34m[TIME]: 0.005895 seconds for total (camera 0 1)
[0mVioManager.cpp:654 q_GtoI = -0.010,0.004,-0.970,0.242 | p_IinG = -2.506,1.932,1.541 | dist = 4.73 (meters)
VioManager.cpp:657 bg = 0.0000,-0.0002,0.0006 | ba = -0.0049,-0.0138,-0.0003
VioManager.cpp:662 camera-imu timeoffset = -0.00497
VioManager.cpp:669 cam0 intrinsics = 146.336,146.440,255.412,255.757 | 0.005,-0.002,-0.001,0.001
VioManager.cpp:669 cam1 intrinsics = 146.612,147.605,254.640,254.882 | -0.001,0.003,0.003,-0.002
VioManager.cpp:678 cam0 extrinsics = -0.244,0.241,-0.667,0.661 | -0.016,-0.037,-0.073
VioManager.cpp:678 cam1 extrinsics = -0.331,-0.087,0.242,0.908 | 0.017,-0.032,-0.054
ROS1Visualizer.cpp:483 [34m[TIME]: 0.0060 seconds total (166.8 hz, 0.75 ms behind)
[0mVioManager.cpp:613 [34m[TIME]: 0.0023 seconds for tracking
[0mVioManager.cpp:614 [34m[TIME]: 0.0001 seconds for propagation
[0mVioManager.cpp:615 [34m[TIME]: 0.0002 seconds for MSCKF update (1 feats)
[0mVioManager.cpp:617 [34m[TIME]: 0.0013 seconds for SLAM update (35 feats)
[0mVioManager.cpp:618 [34m[TIME]: 0.0004 seconds for SLAM delayed init (1 feats)
[0mVioManager.cpp:620 [34m[TIME]: 0.0008 seconds for re-tri & marg (11 clones in state)
[0mVioManager.cpp:628 [34m[TIME]: 0.005089 seconds for total (camera 0 1)
[0mVioManager.cpp:654 q_GtoI = -0.010,0.005,-0.971,0.238 | p_IinG = -2.499,1.936,1.553 | dist = 4.74 (meters)
VioManager.cpp:657 bg = 0.0000,-0.0002,0.0006 | ba = -0.0049,-0.0129,-0.0004
VioManager.cpp:662 camera-imu timeoffset = -0.00498
VioManager.cpp:669 cam0 intrinsics = 146.329,146.421,255.404,255.766 | 0.005,-0.002,-0.001,0.001
VioManager.cpp:669 cam1 intrinsics = 146.606,147.606,254.674,254.866 | -0.001,0.003,0.002,-0.001
VioManager.cpp:678 cam0 extrinsics = -0.244,0.241,-0.667,0.661 | -0.016,-0.037,-0.073
VioManager.cpp:678 cam1 extrinsics = -0.331,-0.087,0.242,0.908 | 0.017,-0.032,-0.054
ROS1Visualizer.cpp:483 [34m[TIME]: 0.0052 seconds total (192.3 hz, 0.75 ms behind)
[0mVioManager.cpp:613 [34m[TIME]: 0.0028 seconds for tracking
[0mVioManager.cpp:614 [34m[TIME]: 0.0002 seconds for propagation
[0mVioManager.cpp:615 [34m[TIME]: 0.0001 seconds for MSCKF update (0 feats)
[0mVioManager.cpp:617 [34m[TIME]: 0.0021 seconds for SLAM update (34 feats)
[0mVioManager.cpp:618 [34m[TIME]: 0.0001 seconds for SLAM delayed init (0 feats)
[0mVioManager.cpp:620 [34m[TIME]: 0.0009 seconds for re-tri & marg (11 clones in state)
[0mVioManager.cpp:628 [34m[TIME]: 0.006124 seconds for total (camera 0 1)
[0mVioManager.cpp:654 q_GtoI = -0.011,0.005,-0.972,0.235 | p_IinG = -2.491,1.941,1.565 | dist = 4.76 (meters)
VioManager.cpp:657 bg = 0.terminate called after throwing an instance of 'class_loader::LibraryUnloadException'
  what():  Attempt to unload library that class_loader is unaware of: /opt/ros/noetic/lib//libcompressed_depth_image_transport.so
