# timestamp(s) q p v bg ba cam_imu_dt num_cam cam0_k cam0_d cam0_rot cam0_trans ... imu_model dw da tg wtoI atoI etc
1700000014.10000 -0.029694 0.008643 -0.941381 0.335925 0.053880 0.072537 0.167663 0.221150 0.261141 0.672569 0.046434 -0.000422 0.004775 -0.000258 0.000854 -0.063914 0.0000000 2 146.700000 146.700000 256.000000 256.000000 0.000000 0.000000 0.000000 0.000000 -0.241845 0.241845 -0.664463 0.664463 0.000000 -0.034339 -0.067976 146.700000 146.700000 256.000000 256.000000 0.000000 0.000000 0.000000 0.000000 -0.330366 -0.088521 0.243210 0.907673 0.000011 -0.034325 -0.067964 0 1.00000000 0.00000000 0.00000000 1.00000000 0.00000000 1.00000000 1.00000000 0.00000000 0.00000000 1.00000000 0.00000000 1.00000000 0.00000000 0.00000000 0.00000000 0.00000000 0.00000000 0.00000000 0.00000000 0.00000000 0.00000000 0.00000000 0.00000000 0.00000000 1.00000000 0.00000000 0.00000000 0.00000000 1.00000000 
1700000014.14974 -0.019954 -0.000352 -0.960149 0.278776 -0.005700 0.158467 0.201611 0.087749 0.393925 0.695313 0.032204 0.001473 0.016954 0.000627 0.001584 -0.063818 -0.0002593 2 146.762009 146.773004 255.928414 255.799891 0.000469 0.000311 0.000138 -0.000045 -0.241986 0.242269 -0.664297 0.664423 -0.000880 -0.034322 -0.067852 146.624720 146.797134 255.839766 255.903021 -0.000062 -0.000270 -0.000404 -0.000401 -0.330604 -0.088255 0.243349 0.907575 -0.000667 -0.034465 -0.068040 0 1.00000000 0.00000000 0.00000000 1.00000000 0.00000000 1.00000000 1.00000000 0.00000000 0.00000000 1.00000000 0.00000000 1.00000000 0.00000000 0.00000000 0.00000000 0.00000000 0.00000000 0.00000000 0.00000000 0.00000000 0.00000000 0.00000000 0.00000000 0.00000000 1.00000000 0.00000000 0.00000000 0.00000000 1.00000000 
1700000014.19770 -0.015386 -0.001705 -0.973280 0.229100 0.001672 0.174391 0.234965 0.095195 0.382992 0.701686 0.023840 0.003494 0.016568 0.000307 0.001193 -0.062676 -0.0022958 2 146.627359 146.864213 255.980457 255.684364 -0.000418 -0.000342 -0.000131 0.000209 -0.242238 0.242799 -0.664077 0.664358 0.001518 -0.030996 -0.066553 146.646359 146.753649 255.803820 255.823181 -0.000002 -0.000031 -0.000094 -0.000247 -0.330724 -0.088377 0.243241 0.907549 -0.001707 -0.032925 -0.066344 0 1.00000000 0.00000000 0.00000000 1.00000000 0.00000000 1.00000000 1.00000000 0.00000000 0.00000000 1.00000000 0.00000000 1.00000000 0.00000000 0.00000000 0.00000000 0.00000000 0.00000000 0.00000000 0.00000000 0.00000000 0.00000000 0.00000000 0.00000000 0.00000000 1.00000000 0.00000000 0.00000000 0.00000000 1.00000000 
1700000014.24840 -0.012603 -0.000839 -0.982936 0.183512 0.008072 0.191712 0.268928 0.109354 0.368766 0.702703 0.022915 0.002691 0.015339 0.000349 0.001100 -0.062940 -0.0015950 2 146.675355 146.884516 256.000673 255.717200 -0.000259 -0.000300 -0.000189 0.000291 -0.242332 0.242867 -0.664035 0.664341 0.001304 -0.030909 -0.066331 146.656346 146.749370 255.801169 255.812704 0.000011 -0.000019 -0.000082 -0.000243 -0.330738 -0.088386 0.243233 0.907545 -0.001809 -0.032930 -0.066327 0 1.00000000 0.00000000 0.00000000 1.00000000 0.00000000 1.00000000 1.00000000 0.00000000 0.00000000 1.00000000 0.00000000 1.00000000 0.00000000 0.00000000 0.00000000 0.00000000 0.00000000 0.00000000 0.00000000 0.00000000 0.00000000 0.00000000 0.00000000 0.00000000 1.00000000 0.00000000 0.00000000 0.00000000 1.00000000 
1700000014.29840 -0.010812 0.000439 -0.990452 0.137434 0.013940 0.210088 0.304392 0.121789 0.355584 0.694524 0.022915 0.002691 0.015339 0.000349 0.001100 -0.062940 -0.0015950 2 146.675355 146.884516 256.000673 255.717200 -0.000259 -0.000300 -0.000189 0.000291 -0.242332 0.242867 -0.664035 0.664341 0.001304 -0.030909 -0.066331 146.656346 146.749370 255.801169 255.812704 0.000011 -0.000019 -0.000082 -0.000243 -0.330738 -0.088386 0.243233 0.907545 -0.001809 -0.032930 -0.066327 0 1.00000000 0.00000000 0.00000000 1.00000000 0.00000000 1.00000000 1.00000000 0.00000000 0.00000000 1.00000000 0.00000000 1.00000000 0.00000000 0.00000000 0.00000000 0.00000000 0.00000000 0.00000000 0.00000000 0.00000000 0.00000000 0.00000000 0.00000000 0.00000000 1.00000000 0.00000000 0.00000000 0.00000000 1.00000000 
1700000014.34799 -0.009470 0.001937 -0.995408 0.095239 0.020155 0.227148 0.338947 0.129897 0.338686 0.678210 0.022065 0.002020 0.015698 0.000251 0.000919 -0.063136 -0.0020074 2 146.603792 146.916638 256.010274 255.709930 -0.000300 -0.000144 0.000079 0.000196 -0.242326 0.242866 -0.664049 0.664329 0.001330 -0.030269 -0.065825 146.645230 146.747055 255.805830 255.827577 -0.000013 -0.000031 -0.000086 -0.000239 -0.330715 -0.088390 0.243230 0.907554 -0.001576 -0.032611 -0.066016 0 1.00000000 0.00000000 0.00000000 1.00000000 0.00000000 1.00000000 1.00000000 0.00000000 0.00000000 1.00000000 0.00000000 1.00000000 0.00000000 0.00000000 0.00000000 0.00000000 0.00000000 0.00000000 0.00000000 0.00000000 0.00000000 0.00000000 0.00000000 0.00000000 1.00000000 0.00000000 0.00000000 0.00000000 1.00000000 
1700000014.39735 -0.008892 0.003615 -0.998319 0.057156 0.026449 0.243543 0.372145 0.137548 0.323470 0.659604 0.021319 0.002053 0.016099 0.000196 0.000802 -0.063176 -0.0026481 2 146.558250 146.933220 256.015874 255.696496 -0.000397 -0.000137 0.000221 0.000200 -0.242309 0.242896 -0.664048 0.664325 0.001250 -0.029959 -0.065578 146.630920 146.744387 255.804229 255.836158 -0.000149 -0.000220 -0.000212 0.000024 -0.330715 -0.088379 0.243238 0.907553 -0.001424 -0.032410 -0.065803 0 1.00000000 0.00000000 0.00000000 1.00000000 0.00000000 1.00000000 1.00000000 0.00000000 0.00000000 1.00000000 0.00000000 1.00000000 0.00000000 0.00000000 0.00000000 0.00000000 0.00000000 0.00000000 0.00000000 0.00000000 0.00000000 0.00000000 0.00000000 0.00000000 1.00000000 0.00000000 0.00000000 0.00000000 1.00000000 
1700000014.44735 -0.008708 0.006543 -0.999664 0.023541 0.033474 0.259062 0.404171 0.147221 0.305107 0.637782 0.021319 0.002053 0.016099 0.000196 0.000802 -0.063176 -0.0026481 2 146.558250 146.933220 256.015874 255.696496 -0.000397 -0.000137 0.000221 0.000200 -0.242309 0.242896 -0.664048 0.664325 0.001250 -0.029959 -0.065578 146.630920 146.744387 255.804229 255.836158 -0.000149 -0.000220 -0.000212 0.000024 -0.330715 -0.088379 0.243238 0.907553 -0.001424 -0.032410 -0.065803 0 1.00000000 0.00000000 0.00000000 1.00000000 0.00000000 1.00000000 1.00000000 0.00000000 0.00000000 1.00000000 0.00000000 1.00000000 0.00000000 0.00000000 0.00000000 0.00000000 0.00000000 0.00000000 0.00000000 0.00000000 0.00000000 0.00000000 0.00000000 0.00000000 1.00000000 0.00000000 0.00000000 0.00000000 1.00000000 
1700000014.49213 0.006481 -0.010715 0.999881 0.009043 0.030646 0.264633 0.440814 0.132820 0.262171 0.623134 0.020139 -0.001843 0.020079 -0.000176 -0.001254 -0.066826 -0.0078711 2 146.562345 146.861896 255.735190 255.762610 -0.000673 -0.000404 0.000033 0.000206 -0.242080 0.243638 -0.663755 0.664430 -0.000160 -0.028087 -0.063507 146.779710 146.700125 255.789958 255.650706 0.001007 0.000453 -0.000077 -0.000542 -0.330819 -0.088824 0.242855 0.907574 0.003269 -0.029776 -0.061980 0 1.00000000 0.00000000 0.00000000 1.00000000 0.00000000 1.00000000 1.00000000 0.00000000 0.00000000 1.00000000 0.00000000 1.00000000 0.00000000 0.00000000 0.00000000 0.00000000 0.00000000 0.00000000 0.00000000 0.00000000 0.00000000 0.00000000 0.00000000 0.00000000 1.00000000 0.00000000 0.00000000 0.00000000 1.00000000 
1700000014.54428 0.003750 -0.009811 0.999448 0.031515 0.018046 0.263545 0.461779 0.093988 0.239495 0.591255 0.012267 0.000690 0.019562 -0.001600 -0.004123 -0.062570 -0.0057203 2 146.636254 146.776957 255.744514 255.910324 -0.000698 -0.000410 0.000033 0.000191 -0.241867 0.242949 -0.664043 0.664472 -0.006014 -0.027739 -0.063096 146.460844 147.118837 255.737907 256.101079 -0.000924 -0.001846 -0.001068 0.001084 -0.329525 -0.088947 0.242615 0.908097 0.010309 -0.032494 -0.064449 0 1.00000000 0.00000000 0.00000000 1.00000000 0.00000000 1.00000000 1.00000000 0.00000000 0.00000000 1.00000000 0.00000000 1.00000000 0.00000000 0.00000000 0.00000000 0.00000000 0.00000000 0.00000000 0.00000000 0.00000000 0.00000000 0.00000000 0.00000000 0.00000000 1.00000000 0.00000000 0.00000000 0.00000000 1.00000000 
1700000014.59429 0.000654 -0.009534 0.998499 0.053922 0.007765 0.279409 0.490180 0.064083 0.216699 0.561400 0.009239 -0.003374 0.019358 -0.002326 -0.005622 -0.061471 -0.0057115 2 146.607016 146.751361 255.602061 256.011531 -0.000807 -0.000462 0.000028 0.000187 -0.241572 0.243138 -0.663983 0.664570 -0.007941 -0.025918 -0.061603 146.543111 147.058245 255.860135 256.165464 -0.001560 -0.002142 -0.001086 0.001150 -0.329414 -0.089049 0.242696 0.908105 0.012666 -0.031541 -0.063793 0 1.00000000 0.00000000 0.00000000 1.00000000 0.00000000 1.00000000 1.00000000 0.00000000 0.00000000 1.00000000 0.00000000 1.00000000 0.00000000 0.00000000 0.00000000 0.00000000 0.00000000 0.00000000 0.00000000 0.00000000 0.00000000 0.00000000 0.00000000 0.00000000 1.00000000 0.00000000 0.00000000 0.00000000 1.00000000 
1700000014.64117 -0.000819 -0.006750 0.997233 0.074028 -0.006610 0.307265 0.513177 0.038861 0.233053 0.531552 0.006577 -0.000078 0.022963 -0.003510 -0.006680 -0.058863 -0.0088283 2 146.494801 146.711667 255.460376 256.067274 -0.001227 -0.000804 -0.000169 0.000219 -0.241613 0.243637 -0.663750 0.664605 -0.009015 -0.023506 -0.059429 146.644972 146.842574 255.970493 256.169632 -0.001446 -0.001971 -0.000887 0.000842 -0.329570 -0.089680 0.242444 0.908054 0.012890 -0.029835 -0.062926 0 1.00000000 0.00000000 0.00000000 1.00000000 0.00000000 1.00000000 1.00000000 0.00000000 0.00000000 1.00000000 0.00000000 1.00000000 0.00000000 0.00000000 0.00000000 0.00000000 0.00000000 0.00000000 0.00000000 0.00000000 0.00000000 0.00000000 0.00000000 0.00000000 1.00000000 0.00000000 0.00000000 0.00000000 1.00000000 
1700000014.69283 -0.001951 -0.009266 0.996491 0.083167 -0.027321 0.312436 0.534428 0.018477 0.209125 0.509642 0.008151 0.000663 0.018090 -0.003703 -0.009014 -0.057316 -0.0071689 2 146.223576 146.679331 255.363069 256.075934 -0.000987 -0.000017 0.000644 -0.000116 -0.241388 0.243473 -0.663800 0.664697 -0.013259 -0.022638 -0.058574 146.820728 146.841632 255.936145 256.225213 -0.000455 -0.001033 -0.000330 0.000246 -0.329334 -0.089891 0.242261 0.908168 0.016020 -0.028690 -0.061509 0 1.00000000 0.00000000 0.00000000 1.00000000 0.00000000 1.00000000 1.00000000 0.00000000 0.00000000 1.00000000 0.00000000 1.00000000 0.00000000 0.00000000 0.00000000 0.00000000 0.00000000 0.00000000 0.00000000 0.00000000 0.00000000 0.00000000 0.00000000 0.00000000 1.00000000 0.00000000 0.00000000 0.00000000 1.00000000 
1700000014.74546 -0.008934 -0.014436 0.995860 0.089301 -0.089915 0.324309 0.546693 -0.083198 0.168237 0.474024 0.005685 -0.006905 0.012976 -0.002796 -0.016086 -0.050366 -0.0045378 2 145.922570 147.746328 254.647018 255.858661 0.000302 -0.000705 -0.001289 0.000581 -0.240213 0.244194 -0.663765 0.664893 -0.018890 -0.023735 -0.058814 147.071048 146.946595 255.942462 256.236354 0.000554 -0.001466 -0.001047 0.000611 -0.329307 -0.089303 0.242705 0.908117 0.024905 -0.024641 -0.057943 0 1.00000000 0.00000000 0.00000000 1.00000000 0.00000000 1.00000000 1.00000000 0.00000000 0.00000000 1.00000000 0.00000000 1.00000000 0.00000000 0.00000000 0.00000000 0.00000000 0.00000000 0.00000000 0.00000000 0.00000000 0.00000000 0.00000000 0.00000000 0.00000000 1.00000000 0.00000000 0.00000000 0.00000000 1.00000000 
1700000014.79532 -0.011285 -0.017761 0.995516 0.092227 -0.095675 0.328680 0.564682 -0.104368 0.146726 0.444826 0.001276 -0.007977 0.008567 -0.001634 -0.016130 -0.046910 -0.0046803 2 146.224314 147.583703 254.674320 255.888451 0.000729 -0.000666 -0.001632 0.000696 -0.240583 0.244315 -0.663739 0.664741 -0.017667 -0.025250 -0.060296 147.188028 146.836354 255.936375 256.133020 0.001174 -0.001068 -0.001090 0.000501 -0.329133 -0.089625 0.242539 0.908192 0.024415 -0.024302 -0.057811 0 1.00000000 0.00000000 0.00000000 1.00000000 0.00000000 1.00000000 1.00000000 0.00000000 0.00000000 1.00000000 0.00000000 1.00000000 0.00000000 0.00000000 0.00000000 0.00000000 0.00000000 0.00000000 0.00000000 0.00000000 0.00000000 0.00000000 0.00000000 0.00000000 1.00000000 0.00000000 0.00000000 0.00000000 1.00000000 
1700000014.84538 -0.012327 -0.020237 0.995202 0.094925 -0.098238 0.329973 0.582661 -0.117273 0.116275 0.416169 -0.000478 -0.008918 0.008062 -0.000643 -0.016056 -0.045092 -0.0046238 2 146.236125 147.603138 254.542076 255.794406 0.000801 -0.000682 -0.001727 0.000733 -0.240445 0.244098 -0.663886 0.664724 -0.016503 -0.026029 -0.061324 147.195421 146.920277 255.901315 256.154724 0.001456 -0.000981 -0.001292 0.000525 -0.329102 -0.089537 0.242576 0.908203 0.023293 -0.023874 -0.057343 0 1.00000000 0.00000000 0.00000000 1.00000000 0.00000000 1.00000000 1.00000000 0.00000000 0.00000000 1.00000000 0.00000000 1.00000000 0.00000000 0.00000000 0.00000000 0.00000000 0.00000000 0.00000000 0.00000000 0.00000000 0.00000000 0.00000000 0.00000000 0.00000000 1.00000000 0.00000000 0.00000000 0.00000000 1.00000000 
1700000014.89534 -0.012017 -0.020607 0.995157 0.095361 -0.102186 0.333796 0.604348 -0.124026 0.091458 0.393640 -0.000696 -0.009157 0.007892 0.000052 -0.015855 -0.045937 -0.0046625 2 146.250165 147.610967 254.558274 255.802051 0.000853 -0.000662 -0.001739 0.000734 -0.240401 0.244025 -0.663924 0.664728 -0.016006 -0.026283 -0.061581 147.200607 147.020254 255.862508 256.154183 0.001590 -0.001082 -0.001505 0.000626 -0.329029 -0.089450 0.242575 0.908238 0.022921 -0.024054 -0.057408 0 1.00000000 0.00000000 0.00000000 1.00000000 0.00000000 1.00000000 1.00000000 0.00000000 0.00000000 1.00000000 0.00000000 1.00000000 0.00000000 0.00000000 0.00000000 0.00000000 0.00000000 0.00000000 0.00000000 0.00000000 0.00000000 0.00000000 0.00000000 0.00000000 1.00000000 0.00000000 0.00000000 0.00000000 1.00000000 
1700000014.94539 -0.011834 -0.019317 0.995385 0.093246 -0.108871 0.328242 0.622754 -0.135551 0.057564 0.366963 -0.001335 -0.009262 0.007541 0.000878 -0.017383 -0.045931 -0.0046129 2 146.321883 147.713521 254.580231 255.709830 0.001109 -0.000617 -0.001742 0.000721 -0.240322 0.244006 -0.663998 0.664690 -0.016780 -0.025420 -0.061211 147.209622 146.974772 255.803551 256.151291 0.001526 -0.001025 -0.001396 0.000568 -0.329033 -0.089472 0.242581 0.908233 0.020851 -0.022198 -0.055619 0 1.00000000 0.00000000 0.00000000 1.00000000 0.00000000 1.00000000 1.00000000 0.00000000 0.00000000 1.00000000 0.00000000 1.00000000 0.00000000 0.00000000 0.00000000 0.00000000 0.00000000 0.00000000 0.00000000 0.00000000 0.00000000 0.00000000 0.00000000 0.00000000 1.00000000 0.00000000 0.00000000 0.00000000 1.00000000 
1700000014.99534 -0.012351 -0.018512 0.995810 0.088699 -0.116982 0.330284 0.638793 -0.145236 0.038271 0.344547 -0.001587 -0.009532 0.006731 0.000670 -0.017625 -0.045078 -0.0046593 2 146.318620 147.687444 254.553033 255.677608 0.001073 -0.000578 -0.001656 0.000688 -0.240361 0.243952 -0.664006 0.664688 -0.016973 -0.025706 -0.061508 147.236739 146.960157 255.799857 256.148252 0.001626 -0.000962 -0.001396 0.000549 -0.328979 -0.089478 0.242585 0.908251 0.020821 -0.022203 -0.055668 0 1.00000000 0.00000000 0.00000000 1.00000000 0.00000000 1.00000000 1.00000000 0.00000000 0.00000000 1.00000000 0.00000000 1.00000000 0.00000000 0.00000000 0.00000000 0.00000000 0.00000000 0.00000000 0.00000000 0.00000000 0.00000000 0.00000000 0.00000000 0.00000000 1.00000000 0.00000000 0.00000000 0.00000000 1.00000000 
1700000015.04502 -0.014061 -0.017731 0.996454 0.081034 -0.124795 0.330210 0.642609 -0.157174 0.029138 0.311318 -0.004518 -0.008548 0.004621 0.001904 -0.017195 -0.039004 -0.0049792 2 146.386519 147.614965 254.580125 255.764700 0.001175 -0.000531 -0.001764 0.000723 -0.240273 0.243711 -0.663901 0.664913 -0.015837 -0.028106 -0.062992 147.272953 146.979182 255.852768 256.046544 0.002036 -0.000822 -0.001621 0.000575 -0.329067 -0.089617 0.242403 0.908254 0.021605 -0.022698 -0.056012 0 1.00000000 0.00000000 0.00000000 1.00000000 0.00000000 1.00000000 1.00000000 0.00000000 0.00000000 1.00000000 0.00000000 1.00000000 0.00000000 0.00000000 0.00000000 0.00000000 0.00000000 0.00000000 0.00000000 0.00000000 0.00000000 0.00000000 0.00000000 0.00000000 1.00000000 0.00000000 0.00000000 0.00000000 1.00000000 
1700000015.09488 -0.016293 -0.018770 0.997019 0.073047 -0.132226 0.332612 0.658673 -0.164166 0.013763 0.297475 -0.004592 -0.008655 0.003539 0.002685 -0.016271 -0.039499 -0.0051242 2 146.403054 147.613849 254.595568 255.751093 0.001237 -0.000489 -0.001772 0.000720 -0.240225 0.243653 -0.663957 0.664895 -0.015276 -0.027997 -0.062992 147.297648 146.962734 255.854515 256.010712 0.002081 -0.000726 -0.001550 0.000527 -0.329056 -0.089638 0.242475 0.908236 0.021637 -0.023221 -0.056279 0 1.00000000 0.00000000 0.00000000 1.00000000 0.00000000 1.00000000 1.00000000 0.00000000 0.00000000 1.00000000 0.00000000 1.00000000 0.00000000 0.00000000 0.00000000 0.00000000 0.00000000 0.00000000 0.00000000 0.00000000 0.00000000 0.00000000 0.00000000 0.00000000 1.00000000 0.00000000 0.00000000 0.00000000 1.00000000 
1700000015.14391 -0.016456 -0.020679 0.997801 0.060776 -0.138458 0.324981 0.673323 -0.147469 -0.008916 0.286161 -0.003457 -0.004429 -0.000583 0.008057 -0.016242 -0.040336 -0.0060876 2 146.457321 147.454686 254.731789 255.691497 0.001122 -0.000385 -0.001651 0.000677 -0.240438 0.243040 -0.664222 0.664778 -0.013862 -0.027930 -0.063915 147.375675 146.989986 255.782291 255.782285 0.002209 -0.000655 -0.001496 0.000483 -0.329306 -0.089485 0.242601 0.908127 0.022658 -0.023690 -0.054678 0 1.00000000 0.00000000 0.00000000 1.00000000 0.00000000 1.00000000 1.00000000 0.00000000 0.00000000 1.00000000 0.00000000 1.00000000 0.00000000 0.00000000 0.00000000 0.00000000 0.00000000 0.00000000 0.00000000 0.00000000 0.00000000 0.00000000 0.00000000 0.00000000 1.00000000 0.00000000 0.00000000 0.00000000 1.00000000 
1700000015.19381 -0.018886 -0.023473 0.998245 0.050984 -0.144291 0.323171 0.689153 -0.152037 -0.037553 0.278591 -0.002044 -0.004756 -0.001530 0.010680 -0.017960 -0.041596 -0.0061904 2 146.461423 147.475314 254.796563 255.631711 0.001116 -0.000402 -0.001648 0.000683 -0.240592 0.243197 -0.664108 0.664779 -0.012898 -0.028123 -0.063666 147.445452 146.997509 255.756256 255.809072 0.002219 -0.000671 -0.001456 0.000476 -0.329252 -0.089522 0.242716 0.908112 0.022168 -0.024128 -0.055324 0 1.00000000 0.00000000 0.00000000 1.00000000 0.00000000 1.00000000 1.00000000 0.00000000 0.00000000 1.00000000 0.00000000 1.00000000 0.00000000 0.00000000 0.00000000 0.00000000 0.00000000 0.00000000 0.00000000 0.00000000 0.00000000 0.00000000 0.00000000 0.00000000 1.00000000 0.00000000 0.00000000 0.00000000 1.00000000 
1700000015.24408 -0.020402 -0.026578 0.998534 0.042515 -0.151816 0.319461 0.702725 -0.159873 -0.064291 0.271059 -0.001257 -0.004040 -0.000428 0.011424 -0.019519 -0.041664 -0.0059217 2 146.456052 147.463207 254.875906 255.585324 0.001055 -0.000405 -0.001569 0.000650 -0.240661 0.243289 -0.664066 0.664762 -0.013292 -0.027097 -0.063296 147.415865 147.029298 255.707517 255.835373 0.002126 -0.000741 -0.001452 0.000502 -0.329435 -0.089450 0.242796 0.908031 0.022733 -0.023952 -0.055174 0 1.00000000 0.00000000 0.00000000 1.00000000 0.00000000 1.00000000 1.00000000 0.00000000 0.00000000 1.00000000 0.00000000 1.00000000 0.00000000 0.00000000 0.00000000 0.00000000 0.00000000 0.00000000 0.00000000 0.00000000 0.00000000 0.00000000 0.00000000 0.00000000 1.00000000 0.00000000 0.00000000 0.00000000 1.00000000 
1700000015.29384 -0.021307 -0.030470 0.998824 0.031124 -0.162500 0.314141 0.715696 -0.168053 -0.091305 0.264017 -0.000390 -0.003383 -0.001663 0.011513 -0.020996 -0.041604 -0.0061622 2 146.468236 147.452238 254.928293 255.558432 0.001178 -0.000328 -0.001613 0.000651 -0.240749 0.243238 -0.664003 0.664812 -0.014171 -0.026857 -0.063194 147.408980 147.023101 255.460883 255.871435 0.002261 -0.000902 -0.001843 0.000732 -0.329454 -0.089465 0.242780 0.908027 0.024023 -0.024263 -0.055823 0 1.00000000 0.00000000 0.00000000 1.00000000 0.00000000 1.00000000 1.00000000 0.00000000 0.00000000 1.00000000 0.00000000 1.00000000 0.00000000 0.00000000 0.00000000 0.00000000 0.00000000 0.00000000 0.00000000 0.00000000 0.00000000 0.00000000 0.00000000 0.00000000 1.00000000 0.00000000 0.00000000 0.00000000 1.00000000 
1700000015.34382 -0.022235 -0.032246 0.999011 0.021034 -0.169601 0.305320 0.721787 -0.175526 -0.125884 0.247520 0.000036 -0.002744 -0.001656 0.014028 -0.024185 -0.038976 -0.0061792 2 146.376728 147.468926 254.982110 255.612631 0.001095 -0.000285 -0.001517 0.000619 -0.240832 0.243373 -0.663994 0.664742 -0.013967 -0.028022 -0.064584 147.404234 147.156291 255.609372 255.772161 0.002372 -0.000841 -0.001832 0.000711 -0.329562 -0.089288 0.243065 0.907930 0.024110 -0.024055 -0.054990 0 1.00000000 0.00000000 0.00000000 1.00000000 0.00000000 1.00000000 1.00000000 0.00000000 0.00000000 1.00000000 0.00000000 1.00000000 0.00000000 0.00000000 0.00000000 0.00000000 0.00000000 0.00000000 0.00000000 0.00000000 0.00000000 0.00000000 0.00000000 0.00000000 1.00000000 0.00000000 0.00000000 0.00000000 1.00000000 
1700000015.39408 -0.023009 -0.031798 0.999157 0.012026 -0.178643 0.299487 0.733649 -0.186784 -0.150985 0.235890 0.000346 -0.002442 -0.000722 0.013575 -0.026707 -0.038788 -0.0059218 2 146.355846 147.469088 255.008389 255.583869 0.001031 -0.000307 -0.001496 0.000615 -0.240914 0.243441 -0.663996 0.664685 -0.013933 -0.027718 -0.064363 147.387993 147.171288 255.645428 255.745235 0.002346 -0.000860 -0.001860 0.000733 -0.329664 -0.089161 0.243190 0.907872 0.024600 -0.024068 -0.054858 0 1.00000000 0.00000000 0.00000000 1.00000000 0.00000000 1.00000000 1.00000000 0.00000000 0.00000000 1.00000000 0.00000000 1.00000000 0.00000000 0.00000000 0.00000000 0.00000000 0.00000000 0.00000000 0.00000000 0.00000000 0.00000000 0.00000000 0.00000000 0.00000000 1.00000000 0.00000000 0.00000000 0.00000000 1.00000000 
1700000015.44426 -0.023693 -0.030370 0.999254 0.002678 -0.188065 0.293004 0.745977 -0.201049 -0.178814 0.223250 0.000662 -0.002610 -0.000200 0.013345 -0.029042 -0.039013 -0.0057368 2 146.319273 147.469005 255.043444 255.571249 0.001032 -0.000265 -0.001485 0.000605 -0.240933 0.243414 -0.663976 0.664708 -0.013885 -0.027415 -0.063763 147.400372 147.171381 255.681616 255.724477 0.002393 -0.000867 -0.001939 0.000763 -0.329664 -0.089027 0.243227 0.907875 0.024643 -0.024537 -0.054995 0 1.00000000 0.00000000 0.00000000 1.00000000 0.00000000 1.00000000 1.00000000 0.00000000 0.00000000 1.00000000 0.00000000 1.00000000 0.00000000 0.00000000 0.00000000 0.00000000 0.00000000 0.00000000 0.00000000 0.00000000 0.00000000 0.00000000 0.00000000 0.00000000 1.00000000 0.00000000 0.00000000 0.00000000 1.00000000 
1700000015.49441 0.024255 0.027629 -0.999304 0.006377 -0.196591 0.284402 0.756695 -0.214599 -0.198884 0.211462 0.000573 -0.002899 0.000292 0.012850 -0.030972 -0.038808 -0.0055890 2 146.297744 147.473082 255.073847 255.576718 0.001087 -0.000205 -0.001484 0.000593 -0.240889 0.243342 -0.663984 0.664742 -0.013448 -0.027190 -0.063263 147.405530 147.146273 255.696104 255.693332 0.002374 -0.000878 -0.001975 0.000780 -0.329678 -0.088930 0.243211 0.907883 0.024202 -0.025287 -0.054974 0 1.00000000 0.00000000 0.00000000 1.00000000 0.00000000 1.00000000 1.00000000 0.00000000 0.00000000 1.00000000 0.00000000 1.00000000 0.00000000 0.00000000 0.00000000 0.00000000 0.00000000 0.00000000 0.00000000 0.00000000 0.00000000 0.00000000 0.00000000 0.00000000 1.00000000 0.00000000 0.00000000 0.00000000 1.00000000 
1700000015.54471 0.025013 0.024341 -0.999283 0.014645 -0.206169 0.275166 0.766045 -0.225632 -0.218464 0.195782 0.000768 -0.002933 0.001039 0.013199 -0.031616 -0.038364 -0.0052855 2 146.251914 147.457918 255.103415 255.585852 0.001100 -0.000099 -0.001423 0.000555 -0.240829 0.243245 -0.663981 0.664803 -0.013726 -0.026647 -0.063039 147.439636 147.090381 255.740736 255.670970 0.002395 -0.000863 -0.002053 0.000798 -0.329708 -0.088759 0.243236 0.907882 0.024136 -0.025777 -0.055021 0 1.00000000 0.00000000 0.00000000 1.00000000 0.00000000 1.00000000 1.00000000 0.00000000 0.00000000 1.00000000 0.00000000 1.00000000 0.00000000 0.00000000 0.00000000 0.00000000 0.00000000 0.00000000 0.00000000 0.00000000 0.00000000 0.00000000 0.00000000 0.00000000 1.00000000 0.00000000 0.00000000 0.00000000 1.00000000 
1700000015.59493 0.025670 0.020803 -0.999192 0.022886 -0.217743 0.265373 0.776770 -0.237601 -0.231752 0.180461 0.001186 -0.002949 0.001411 0.010828 -0.033151 -0.038625 -0.0050654 2 146.195128 147.436093 255.126438 255.587529 0.001152 0.000037 -0.001385 0.000531 -0.240908 0.243104 -0.663956 0.664850 -0.014613 -0.025630 -0.063161 147.426320 147.040086 255.729966 255.639083 0.002444 -0.000767 -0.002047 0.000769 -0.329722 -0.088549 0.243209 0.907905 0.024031 -0.027021 -0.054534 0 1.00000000 0.00000000 0.00000000 1.00000000 0.00000000 1.00000000 1.00000000 0.00000000 0.00000000 1.00000000 0.00000000 1.00000000 0.00000000 0.00000000 0.00000000 0.00000000 0.00000000 0.00000000 0.00000000 0.00000000 0.00000000 0.00000000 0.00000000 0.00000000 1.00000000 0.00000000 0.00000000 0.00000000 1.00000000 
1700000015.64501 0.025564 0.017431 -0.999042 0.030957 -0.228038 0.253919 0.784894 -0.251589 -0.241110 0.155923 0.001225 -0.003186 0.001520 0.008016 -0.034679 -0.038027 -0.0049904 2 146.159908 147.451254 255.163616 255.584628 0.001096 0.000098 -0.001222 0.000467 -0.241010 0.243032 -0.664006 0.664790 -0.014295 -0.025299 -0.062647 147.446077 146.999981 255.738744 255.610209 0.002474 -0.000710 -0.002038 0.000741 -0.329743 -0.088447 0.243174 0.907917 0.023307 -0.027617 -0.054394 0 1.00000000 0.00000000 0.00000000 1.00000000 0.00000000 1.00000000 1.00000000 0.00000000 0.00000000 1.00000000 0.00000000 1.00000000 0.00000000 0.00000000 0.00000000 0.00000000 0.00000000 0.00000000 0.00000000 0.00000000 0.00000000 0.00000000 0.00000000 0.00000000 1.00000000 0.00000000 0.00000000 0.00000000 1.00000000 
1700000015.69515 0.024620 0.013820 -0.998868 0.038284 -0.238720 0.241783 0.790942 -0.261889 -0.245608 0.134313 0.001194 -0.003225 0.001762 0.005553 -0.035983 -0.037370 -0.0048520 2 146.141940 147.444901 255.212728 255.585680 0.001163 0.000212 -0.001156 0.000428 -0.241089 0.242914 -0.664028 0.664782 -0.014289 -0.024373 -0.062534 147.457546 146.947938 255.740733 255.576359 0.002522 -0.000650 -0.002027 0.000712 -0.329795 -0.088361 0.243130 0.907918 0.022494 -0.028439 -0.053755 0 1.00000000 0.00000000 0.00000000 1.00000000 0.00000000 1.00000000 1.00000000 0.00000000 0.00000000 1.00000000 0.00000000 1.00000000 0.00000000 0.00000000 0.00000000 0.00000000 0.00000000 0.00000000 0.00000000 0.00000000 0.00000000 0.00000000 0.00000000 0.00000000 1.00000000 0.00000000 0.00000000 0.00000000 1.00000000 
1700000015.74523 0.023291 0.011360 -0.998640 0.045243 -0.249584 0.228827 0.796801 -0.273881 -0.247874 0.114935 0.001183 -0.003442 0.001882 0.001994 -0.036801 -0.036855 -0.0047675 2 146.138372 147.425078 255.268495 255.596617 0.001172 0.000340 -0.000995 0.000347 -0.241247 0.242778 -0.664021 0.664782 -0.014045 -0.022521 -0.062769 147.460745 146.885391 255.718204 255.540623 0.002450 -0.000648 -0.001965 0.000694 -0.329823 -0.088254 0.243050 0.907940 0.021216 -0.029670 -0.052753 0 1.00000000 0.00000000 0.00000000 1.00000000 0.00000000 1.00000000 1.00000000 0.00000000 0.00000000 1.00000000 0.00000000 1.00000000 0.00000000 0.00000000 0.00000000 0.00000000 0.00000000 0.00000000 0.00000000 0.00000000 0.00000000 0.00000000 0.00000000 0.00000000 1.00000000 0.00000000 0.00000000 0.00000000 1.00000000 
1700000015.79523 0.021183 0.009908 -0.998373 0.052006 -0.262998 0.215878 0.801764 -0.279478 -0.248571 0.100506 0.001421 -0.003376 0.001691 -0.000936 -0.036535 -0.036183 -0.0047696 2 146.120822 147.420033 255.304516 255.594917 0.001154 0.000473 -0.000794 0.000249 -0.241416 0.242667 -0.663994 0.664788 -0.014757 -0.021388 -0.062376 147.459846 146.873066 255.710268 255.564575 0.002503 -0.000603 -0.001952 0.000677 -0.329820 -0.088144 0.242977 0.907971 0.020694 -0.030110 -0.052349 0 1.00000000 0.00000000 0.00000000 1.00000000 0.00000000 1.00000000 1.00000000 0.00000000 0.00000000 1.00000000 0.00000000 1.00000000 0.00000000 0.00000000 0.00000000 0.00000000 0.00000000 0.00000000 0.00000000 0.00000000 0.00000000 0.00000000 0.00000000 0.00000000 1.00000000 0.00000000 0.00000000 0.00000000 1.00000000 
1700000015.84527 0.018788 0.008870 -0.998099 0.058027 -0.275537 0.202651 0.805363 -0.283926 -0.247500 0.083268 0.001434 -0.003324 0.001615 -0.003674 -0.036851 -0.035393 -0.0047304 2 146.124384 147.416317 255.364228 255.603457 0.001265 0.000657 -0.000678 0.000172 -0.241593 0.242498 -0.663925 0.664854 -0.015335 -0.019939 -0.061688 147.462580 146.835586 255.698677 255.575396 0.002553 -0.000536 -0.001937 0.000656 -0.329865 -0.088067 0.242836 0.908000 0.019600 -0.030844 -0.051498 0 1.00000000 0.00000000 0.00000000 1.00000000 0.00000000 1.00000000 1.00000000 0.00000000 0.00000000 1.00000000 0.00000000 1.00000000 0.00000000 0.00000000 0.00000000 0.00000000 0.00000000 0.00000000 0.00000000 0.00000000 0.00000000 0.00000000 0.00000000 0.00000000 1.00000000 0.00000000 0.00000000 0.00000000 1.00000000 
1700000015.89526 0.016411 0.007646 -0.997818 0.063497 -0.287386 0.189314 0.807096 -0.284921 -0.244742 0.067174 0.001366 -0.003239 0.001530 -0.006480 -0.036957 -0.034190 -0.0047362 2 146.130596 147.415563 255.422723 255.621704 0.001293 0.000765 -0.000540 0.000105 -0.241758 0.242364 -0.663866 0.664902 -0.015690 -0.019162 -0.060987 147.461132 146.838090 255.692114 255.576224 0.002575 -0.000518 -0.001939 0.000654 -0.329863 -0.088008 0.242723 0.908037 0.018606 -0.031348 -0.050884 0 1.00000000 0.00000000 0.00000000 1.00000000 0.00000000 1.00000000 1.00000000 0.00000000 0.00000000 1.00000000 0.00000000 1.00000000 0.00000000 0.00000000 0.00000000 0.00000000 0.00000000 0.00000000 0.00000000 0.00000000 0.00000000 0.00000000 0.00000000 0.00000000 1.00000000 0.00000000 0.00000000 0.00000000 1.00000000 
1700000015.94530 0.013828 0.006809 -0.997537 0.068432 -0.301573 0.176528 0.810331 -0.282813 -0.242625 0.053169 0.001571 -0.002963 0.001406 -0.008545 -0.037719 -0.033773 -0.0046980 2 146.129332 147.408444 255.477971 255.643099 0.001268 0.000826 -0.000424 0.000064 -0.241854 0.242265 -0.663806 0.664963 -0.016786 -0.018665 -0.061076 147.463203 146.851012 255.698219 255.584172 0.002644 -0.000509 -0.001995 0.000682 -0.329859 -0.087959 0.242682 0.908054 0.018423 -0.031476 -0.050581 0 1.00000000 0.00000000 0.00000000 1.00000000 0.00000000 1.00000000 1.00000000 0.00000000 0.00000000 1.00000000 0.00000000 1.00000000 0.00000000 0.00000000 0.00000000 0.00000000 0.00000000 0.00000000 0.00000000 0.00000000 0.00000000 0.00000000 0.00000000 0.00000000 1.00000000 0.00000000 0.00000000 0.00000000 1.00000000 
1700000015.99530 0.011503 0.006015 -0.997265 0.072759 -0.314785 0.163617 0.812133 -0.278027 -0.238372 0.042045 0.001512 -0.002761 0.001365 -0.009871 -0.037903 -0.033314 -0.0047001 2 146.149208 147.397036 255.523401 255.661357 0.001243 0.000850 -0.000343 0.000041 -0.241912 0.242212 -0.663747 0.665021 -0.017460 -0.018546 -0.060920 147.444631 146.857013 255.685908 255.598417 0.002684 -0.000507 -0.002035 0.000702 -0.329870 -0.087917 0.242608 0.908074 0.017955 -0.031568 -0.050321 0 1.00000000 0.00000000 0.00000000 1.00000000 0.00000000 1.00000000 1.00000000 0.00000000 0.00000000 1.00000000 0.00000000 1.00000000 0.00000000 0.00000000 0.00000000 0.00000000 0.00000000 0.00000000 0.00000000 0.00000000 0.00000000 0.00000000 0.00000000 0.00000000 1.00000000 0.00000000 0.00000000 0.00000000 1.00000000 
1700000016.04532 0.010270 0.005484 -0.997004 0.076474 -0.327553 0.151349 0.813214 -0.272562 -0.233122 0.030026 0.001419 -0.002636 0.001417 -0.010862 -0.038236 -0.032948 -0.0046789 2 146.165365 147.383892 255.557864 255.669604 0.001155 0.000826 -0.000242 0.000021 -0.241931 0.242174 -0.663701 0.665073 -0.017735 -0.018708 -0.060721 147.432077 146.849742 255.671380 255.597166 0.002691 -0.000504 -0.002056 0.000713 -0.329897 -0.087885 0.242572 0.908077 0.017563 -0.031704 -0.050071 0 1.00000000 0.00000000 0.00000000 1.00000000 0.00000000 1.00000000 1.00000000 0.00000000 0.00000000 1.00000000 0.00000000 1.00000000 0.00000000 0.00000000 0.00000000 0.00000000 0.00000000 0.00000000 0.00000000 0.00000000 0.00000000 0.00000000 0.00000000 0.00000000 1.00000000 0.00000000 0.00000000 0.00000000 1.00000000 
1700000016.09533 0.009919 0.004624 -0.996750 0.079808 -0.339009 0.139292 0.812765 -0.266336 -0.227162 0.020919 0.001313 -0.002462 0.001420 -0.012564 -0.038609 -0.032282 -0.0046659 2 146.193983 147.358681 255.601046 255.686073 0.001205 0.000853 -0.000252 0.000032 -0.241976 0.242151 -0.663647 0.665119 -0.017968 -0.018510 -0.060771 147.419516 146.852397 255.643611 255.594274 0.002694 -0.000494 -0.002053 0.000713 -0.329942 -0.087847 0.242490 0.908086 0.017057 -0.032163 -0.049480 0 1.00000000 0.00000000 0.00000000 1.00000000 0.00000000 1.00000000 1.00000000 0.00000000 0.00000000 1.00000000 0.00000000 1.00000000 0.00000000 0.00000000 0.00000000 0.00000000 0.00000000 0.00000000 0.00000000 0.00000000 0.00000000 0.00000000 0.00000000 0.00000000 1.00000000 0.00000000 0.00000000 0.00000000 1.00000000 
1700000016.14534 0.010566 0.003748 -0.996506 0.082763 -0.350081 0.127768 0.811886 -0.259887 -0.219951 0.016523 0.001208 -0.002302 0.001414 -0.014147 -0.039100 -0.031610 -0.0046614 2 146.228818 147.339224 255.640107 255.699504 0.001210 0.000827 -0.000252 0.000052 -0.242000 0.242138 -0.663599 0.665163 -0.018016 -0.018466 -0.060800 147.408037 146.853340 255.616406 255.583048 0.002699 -0.000485 -0.002061 0.000717 -0.329987 -0.087807 0.242412 0.908094 0.016608 -0.032537 -0.048976 0 1.00000000 0.00000000 0.00000000 1.00000000 0.00000000 1.00000000 1.00000000 0.00000000 0.00000000 1.00000000 0.00000000 1.00000000 0.00000000 0.00000000 0.00000000 0.00000000 0.00000000 0.00000000 0.00000000 0.00000000 0.00000000 0.00000000 0.00000000 0.00000000 1.00000000 0.00000000 0.00000000 0.00000000 1.00000000 
1700000016.19534 0.011930 0.002974 -0.996270 0.085410 -0.361235 0.116755 0.811319 -0.256543 -0.214041 0.015484 0.001138 -0.002240 0.001378 -0.015551 -0.039371 -0.031076 -0.0046580 2 146.262503 147.326178 255.671214 255.706276 0.001197 0.000791 -0.000226 0.000064 -0.242029 0.242134 -0.663528 0.665224 -0.017924 -0.018300 -0.060770 147.400833 146.842145 255.586986 255.566387 0.002714 -0.000480 -0.002080 0.000725 -0.330039 -0.087751 0.242311 0.908108 0.016203 -0.032767 -0.048752 0 1.00000000 0.00000000 0.00000000 1.00000000 0.00000000 1.00000000 1.00000000 0.00000000 0.00000000 1.00000000 0.00000000 1.00000000 0.00000000 0.00000000 0.00000000 0.00000000 0.00000000 0.00000000 0.00000000 0.00000000 0.00000000 0.00000000 0.00000000 0.00000000 1.00000000 0.00000000 0.00000000 0.00000000 1.00000000 
1700000016.24540 0.012627 0.002925 -0.996087 0.087428 -0.369992 0.106282 0.808398 -0.255405 -0.203555 0.016030 0.000797 -0.002387 0.001567 -0.016753 -0.038217 -0.030129 -0.0046025 2 146.330305 147.275454 255.716999 255.713892 0.001220 0.000771 -0.000239 0.000081 -0.242057 0.242239 -0.663556 0.665149 -0.016820 -0.018169 -0.060682 147.399370 146.834002 255.600694 255.503999 0.002698 -0.000492 -0.002041 0.000718 -0.330054 -0.087760 0.242429 0.908070 0.015090 -0.033006 -0.047848 0 1.00000000 0.00000000 0.00000000 1.00000000 0.00000000 1.00000000 1.00000000 0.00000000 0.00000000 1.00000000 0.00000000 1.00000000 0.00000000 0.00000000 0.00000000 0.00000000 0.00000000 0.00000000 0.00000000 0.00000000 0.00000000 0.00000000 0.00000000 0.00000000 1.00000000 0.00000000 0.00000000 0.00000000 1.00000000 
1700000016.29539 0.011930 0.003149 -0.995909 0.089520 -0.380580 0.096458 0.807427 -0.252467 -0.197523 0.017702 0.000743 -0.002319 0.001554 -0.018108 -0.038382 -0.029502 -0.0046071 2 146.354562 147.266512 255.730388 255.713723 0.001201 0.000707 -0.000277 0.000122 -0.242068 0.242230 -0.663531 0.665172 -0.016471 -0.018302 -0.060764 147.401035 146.836391 255.585146 255.493251 0.002715 -0.000505 -0.002061 0.000730 -0.330086 -0.087747 0.242365 0.908076 0.014716 -0.033164 -0.047573 0 1.00000000 0.00000000 0.00000000 1.00000000 0.00000000 1.00000000 1.00000000 0.00000000 0.00000000 1.00000000 0.00000000 1.00000000 0.00000000 0.00000000 0.00000000 0.00000000 0.00000000 0.00000000 0.00000000 0.00000000 0.00000000 0.00000000 0.00000000 0.00000000 1.00000000 0.00000000 0.00000000 0.00000000 1.00000000 
1700000016.34537 0.010935 0.002147 -0.995746 0.091467 -0.390872 0.087193 0.806060 -0.249752 -0.190264 0.017845 0.000663 -0.002349 0.001515 -0.019250 -0.037772 -0.028762 -0.0046314 2 146.387647 147.259474 255.741765 255.695659 0.001197 0.000648 -0.000319 0.000159 -0.242111 0.242220 -0.663458 0.665233 -0.015909 -0.018000 -0.060599 147.397051 146.826499 255.559887 255.489292 0.002761 -0.000509 -0.002118 0.000753 -0.330127 -0.087693 0.242243 0.908099 0.014285 -0.033279 -0.047411 0 1.00000000 0.00000000 0.00000000 1.00000000 0.00000000 1.00000000 1.00000000 0.00000000 0.00000000 1.00000000 0.00000000 1.00000000 0.00000000 0.00000000 0.00000000 0.00000000 0.00000000 0.00000000 0.00000000 0.00000000 0.00000000 0.00000000 0.00000000 0.00000000 1.00000000 0.00000000 0.00000000 0.00000000 1.00000000 
1700000016.39534 0.009870 -0.000267 -0.995594 0.093251 -0.400342 0.078803 0.804381 -0.246386 -0.181431 0.017253 0.000527 -0.002355 0.001504 -0.020191 -0.037710 -0.027887 -0.0046556 2 146.426938 147.249462 255.741545 255.654494 0.001166 0.000560 -0.000367 0.000208 -0.242189 0.242142 -0.663305 0.665386 -0.015006 -0.017392 -0.060528 147.393376 146.821396 255.517888 255.481642 0.002807 -0.000520 -0.002170 0.000775 -0.330207 -0.087639 0.241990 0.908143 0.013854 -0.033469 -0.047194 0 1.00000000 0.00000000 0.00000000 1.00000000 0.00000000 1.00000000 1.00000000 0.00000000 0.00000000 1.00000000 0.00000000 1.00000000 0.00000000 0.00000000 0.00000000 0.00000000 0.00000000 0.00000000 0.00000000 0.00000000 0.00000000 0.00000000 0.00000000 0.00000000 1.00000000 0.00000000 0.00000000 0.00000000 1.00000000 
1700000016.44531 0.008968 -0.002772 -0.995423 0.095102 -0.410854 0.070477 0.803737 -0.242322 -0.171078 0.018260 0.000481 -0.002360 0.001423 -0.021169 -0.037541 -0.027183 -0.0046930 2 146.470073 147.250622 255.755787 255.630549 0.001130 0.000479 -0.000385 0.000241 -0.242237 0.242125 -0.663261 0.665418 -0.014531 -0.016832 -0.060358 147.389432 146.795066 255.496790 255.470623 0.002802 -0.000520 -0.002176 0.000780 -0.330272 -0.087611 0.241906 0.908144 0.013552 -0.033515 -0.047057 0 1.00000000 0.00000000 0.00000000 1.00000000 0.00000000 1.00000000 1.00000000 0.00000000 0.00000000 1.00000000 0.00000000 1.00000000 0.00000000 0.00000000 0.00000000 0.00000000 0.00000000 0.00000000 0.00000000 0.00000000 0.00000000 0.00000000 0.00000000 0.00000000 1.00000000 0.00000000 0.00000000 0.00000000 1.00000000 
1700000016.49527 0.008787 -0.004476 -0.995246 0.096896 -0.421679 0.062625 0.803462 -0.240019 -0.160317 0.019679 0.000422 -0.002438 0.001361 -0.021739 -0.037277 -0.026600 -0.0047290 2 146.509386 147.234511 255.766627 255.623373 0.001100 0.000420 -0.000407 0.000270 -0.242334 0.242131 -0.663233 0.665409 -0.013996 -0.016094 -0.060410 147.369417 146.750990 255.480337 255.461277 0.002807 -0.000472 -0.002159 0.000765 -0.330374 -0.087583 0.241884 0.908116 0.013301 -0.033560 -0.047142 0 1.00000000 0.00000000 0.00000000 1.00000000 0.00000000 1.00000000 1.00000000 0.00000000 0.00000000 1.00000000 0.00000000 1.00000000 0.00000000 0.00000000 0.00000000 0.00000000 0.00000000 0.00000000 0.00000000 0.00000000 0.00000000 0.00000000 0.00000000 0.00000000 1.00000000 0.00000000 0.00000000 0.00000000 1.00000000 
1700000016.54525 0.009176 -0.005220 -0.995068 0.098634 -0.432933 0.055152 0.804359 -0.237481 -0.148788 0.021813 0.000430 -0.002513 0.001333 -0.022334 -0.036891 -0.025996 -0.0047546 2 146.536647 147.226370 255.763726 255.620695 0.001039 0.000322 -0.000451 0.000315 -0.242363 0.242088 -0.663250 0.665396 -0.013712 -0.015785 -0.060685 147.366580 146.716058 255.476130 255.443651 0.002836 -0.000452 -0.002168 0.000765 -0.330428 -0.087568 0.241872 0.908101 0.013135 -0.033247 -0.047272 0 1.00000000 0.00000000 0.00000000 1.00000000 0.00000000 1.00000000 1.00000000 0.00000000 0.00000000 1.00000000 0.00000000 1.00000000 0.00000000 0.00000000 0.00000000 0.00000000 0.00000000 0.00000000 0.00000000 0.00000000 0.00000000 0.00000000 0.00000000 0.00000000 1.00000000 0.00000000 0.00000000 0.00000000 1.00000000 
1700000016.59521 0.009260 -0.006120 -0.994877 0.100480 -0.444461 0.047873 0.805865 -0.235725 -0.139246 0.024994 0.000475 -0.002545 0.001272 -0.023156 -0.036785 -0.025410 -0.0047866 2 146.550467 147.219594 255.770443 255.622393 0.001010 0.000266 -0.000507 0.000356 -0.242372 0.242084 -0.663313 0.665333 -0.013540 -0.015762 -0.060870 147.363350 146.680445 255.482735 255.422621 0.002829 -0.000443 -0.002134 0.000753 -0.330478 -0.087595 0.241919 0.908068 0.012972 -0.032790 -0.047426 0 1.00000000 0.00000000 0.00000000 1.00000000 0.00000000 1.00000000 1.00000000 0.00000000 0.00000000 1.00000000 0.00000000 1.00000000 0.00000000 0.00000000 0.00000000 0.00000000 0.00000000 0.00000000 0.00000000 0.00000000 0.00000000 0.00000000 0.00000000 0.00000000 1.00000000 0.00000000 0.00000000 0.00000000 1.00000000 
1700000016.64519 0.009300 -0.008291 -0.994669 0.102362 -0.456299 0.040889 0.808284 -0.234609 -0.128417 0.029156 0.000555 -0.002626 0.001228 -0.024022 -0.036151 -0.024665 -0.0048144 2 146.559827 147.217367 255.775353 255.632764 0.000965 0.000211 -0.000542 0.000390 -0.242375 0.242052 -0.663377 0.665279 -0.013620 -0.015699 -0.061210 147.356630 146.647073 255.489757 255.401396 0.002879 -0.000410 -0.002138 0.000749 -0.330522 -0.087647 0.241923 0.908045 0.012790 -0.032163 -0.047549 0 1.00000000 0.00000000 0.00000000 1.00000000 0.00000000 1.00000000 1.00000000 0.00000000 0.00000000 1.00000000 0.00000000 1.00000000 0.00000000 0.00000000 0.00000000 0.00000000 0.00000000 0.00000000 0.00000000 0.00000000 0.00000000 0.00000000 0.00000000 0.00000000 1.00000000 0.00000000 0.00000000 0.00000000 1.00000000 
1700000016.69513 0.009231 -0.010528 -0.994432 0.104448 -0.468443 0.034268 0.811716 -0.232817 -0.118030 0.029939 0.000674 -0.002568 0.001099 -0.025556 -0.036900 -0.023959 -0.0048727 2 146.573633 147.229638 255.758153 255.617486 0.000934 0.000119 -0.000641 0.000448 -0.242371 0.241979 -0.663411 0.665273 -0.013408 -0.015869 -0.061558 147.365890 146.608955 255.495720 255.406779 0.002899 -0.000375 -0.002132 0.000737 -0.330571 -0.087689 0.241913 0.908026 0.012446 -0.032224 -0.047179 0 1.00000000 0.00000000 0.00000000 1.00000000 0.00000000 1.00000000 1.00000000 0.00000000 0.00000000 1.00000000 0.00000000 1.00000000 0.00000000 0.00000000 0.00000000 0.00000000 0.00000000 0.00000000 0.00000000 0.00000000 0.00000000 0.00000000 0.00000000 0.00000000 1.00000000 0.00000000 0.00000000 0.00000000 1.00000000 
1700000016.74511 0.009069 -0.012121 -0.994202 0.106461 -0.480312 0.028538 0.814564 -0.231685 -0.104396 0.027062 0.000723 -0.002577 0.001078 -0.026250 -0.037262 -0.023281 -0.0048916 2 146.585380 147.230699 255.750057 255.623520 0.000909 0.000068 -0.000689 0.000479 -0.242350 0.241932 -0.663473 0.665236 -0.013317 -0.015928 -0.061862 147.369769 146.586700 255.506118 255.399988 0.002943 -0.000350 -0.002138 0.000733 -0.330609 -0.087756 0.241940 0.907999 0.012221 -0.031990 -0.047145 0 1.00000000 0.00000000 0.00000000 1.00000000 0.00000000 1.00000000 1.00000000 0.00000000 0.00000000 1.00000000 0.00000000 1.00000000 0.00000000 0.00000000 0.00000000 0.00000000 0.00000000 0.00000000 0.00000000 0.00000000 0.00000000 0.00000000 0.00000000 0.00000000 1.00000000 0.00000000 0.00000000 0.00000000 1.00000000 
1700000016.79509 0.008870 -0.012729 -0.993965 0.108594 -0.491889 0.023871 0.816784 -0.230709 -0.090511 0.023178 0.000698 -0.002608 0.001065 -0.026158 -0.037442 -0.022438 -0.0049110 2 146.602852 147.226543 255.756578 255.634703 0.000897 0.000040 -0.000721 0.000500 -0.242369 0.241912 -0.663541 0.665168 -0.013272 -0.015786 -0.061950 147.365598 146.569731 255.509985 255.379060 0.002961 -0.000326 -0.002127 0.000725 -0.330655 -0.087816 0.241984 0.907964 0.012179 -0.031565 -0.047285 0 1.00000000 0.00000000 0.00000000 1.00000000 0.00000000 1.00000000 1.00000000 0.00000000 0.00000000 1.00000000 0.00000000 1.00000000 0.00000000 0.00000000 0.00000000 0.00000000 0.00000000 0.00000000 0.00000000 0.00000000 0.00000000 0.00000000 0.00000000 0.00000000 1.00000000 0.00000000 0.00000000 0.00000000 1.00000000 
1700000016.84507 0.009086 -0.012078 -0.993718 0.110891 -0.503858 0.019624 0.819136 -0.229974 -0.075784 0.020286 0.000702 -0.002674 0.001042 -0.026195 -0.037104 -0.021615 -0.0049323 2 146.615487 147.223525 255.764744 255.650724 0.000875 0.000017 -0.000739 0.000514 -0.242396 0.241878 -0.663601 0.665111 -0.013372 -0.015651 -0.062190 147.356621 146.545061 255.511418 255.369252 0.002984 -0.000286 -0.002104 0.000709 -0.330708 -0.087866 0.242001 0.907935 0.012164 -0.031084 -0.047426 0 1.00000000 0.00000000 0.00000000 1.00000000 0.00000000 1.00000000 1.00000000 0.00000000 0.00000000 1.00000000 0.00000000 1.00000000 0.00000000 0.00000000 0.00000000 0.00000000 0.00000000 0.00000000 0.00000000 0.00000000 0.00000000 0.00000000 0.00000000 0.00000000 1.00000000 0.00000000 0.00000000 0.00000000 1.00000000 
1700000016.89506 0.009618 -0.010832 -0.993453 0.113317 -0.515871 0.016136 0.821525 -0.230132 -0.063800 0.019532 0.000673 -0.002725 0.001030 -0.025999 -0.036974 -0.020681 -0.0049426 2 146.638028 147.212352 255.781443 255.668148 0.000864 0.000013 -0.000756 0.000523 -0.242414 0.241874 -0.663684 0.665023 -0.013461 -0.015640 -0.062248 147.348250 146.530081 255.510282 255.337465 0.003086 -0.000239 -0.002128 0.000705 -0.330755 -0.087942 0.242061 0.907895 0.012148 -0.030421 -0.047490 0 1.00000000 0.00000000 0.00000000 1.00000000 0.00000000 1.00000000 1.00000000 0.00000000 0.00000000 1.00000000 0.00000000 1.00000000 0.00000000 0.00000000 0.00000000 0.00000000 0.00000000 0.00000000 0.00000000 0.00000000 0.00000000 0.00000000 0.00000000 0.00000000 1.00000000 0.00000000 0.00000000 0.00000000 1.00000000 
1700000016.94505 0.010046 -0.009838 -0.993163 0.115882 -0.528340 0.012903 0.824844 -0.230951 -0.053250 0.022338 0.000664 -0.002770 0.001003 -0.026004 -0.036914 -0.019609 -0.0049504 2 146.662594 147.202664 255.798596 255.677654 0.000895 0.000029 -0.000810 0.000539 -0.242441 0.241836 -0.663754 0.664957 -0.013576 -0.015564 -0.062447 147.342908 146.515191 255.493995 255.305632 0.003182 -0.000198 -0.002145 0.000701 -0.330810 -0.088043 0.242086 0.907859 0.012105 -0.029533 -0.047660 0 1.00000000 0.00000000 0.00000000 1.00000000 0.00000000 1.00000000 1.00000000 0.00000000 0.00000000 1.00000000 0.00000000 1.00000000 0.00000000 0.00000000 0.00000000 0.00000000 0.00000000 0.00000000 0.00000000 0.00000000 0.00000000 0.00000000 0.00000000 0.00000000 1.00000000 0.00000000 0.00000000 0.00000000 1.00000000 
1700000016.99505 0.010161 -0.009239 -0.992850 0.118575 -0.540655 0.010179 0.828316 -0.231448 -0.045154 0.027627 0.000667 -0.002770 0.000970 -0.026295 -0.037239 -0.018664 -0.0049514 2 146.700835 147.203356 255.811651 255.696031 0.000947 0.000038 -0.000876 0.000556 -0.242429 0.241818 -0.663819 0.664904 -0.013619 -0.015743 -0.062538 147.346890 146.506731 255.471542 255.299076 0.003269 -0.000155 -0.002156 0.000693 -0.330886 -0.088117 0.242106 0.907818 0.012036 -0.028746 -0.047953 0 1.00000000 0.00000000 0.00000000 1.00000000 0.00000000 1.00000000 1.00000000 0.00000000 0.00000000 1.00000000 0.00000000 1.00000000 0.00000000 0.00000000 0.00000000 0.00000000 0.00000000 0.00000000 0.00000000 0.00000000 0.00000000 0.00000000 0.00000000 0.00000000 1.00000000 0.00000000 0.00000000 0.00000000 1.00000000 
1700000017.04503 0.010436 -0.008782 -0.992499 0.121488 -0.552953 0.007696 0.832142 -0.231736 -0.036802 0.033210 0.000664 -0.002732 0.000881 -0.026636 -0.038023 -0.017764 -0.0049727 2 146.739789 147.215271 255.824507 255.713864 0.000982 0.000021 -0.000920 0.000569 -0.242464 0.241791 -0.663883 0.664836 -0.013538 -0.015820 -0.062680 147.350541 146.496050 255.447748 255.293185 0.003361 -0.000134 -0.002181 0.000694 -0.330958 -0.088189 0.242124 0.907781 0.011894 -0.028138 -0.048192 0 1.00000000 0.00000000 0.00000000 1.00000000 0.00000000 1.00000000 1.00000000 0.00000000 0.00000000 1.00000000 0.00000000 1.00000000 0.00000000 0.00000000 0.00000000 0.00000000 0.00000000 0.00000000 0.00000000 0.00000000 0.00000000 0.00000000 0.00000000 0.00000000 1.00000000 0.00000000 0.00000000 0.00000000 1.00000000 
1700000017.09503 0.010149 -0.007931 -0.992155 0.124347 -0.565258 0.005322 0.835963 -0.232692 -0.030900 0.040550 0.000692 -0.002727 0.000866 -0.027258 -0.038234 -0.017037 -0.0049696 2 146.763236 147.221923 255.820309 255.731978 0.001003 0.000003 -0.000966 0.000590 -0.242436 0.241775 -0.664027 0.664709 -0.013589 -0.016147 -0.062988 147.343209 146.489168 255.432835 255.288733 0.003476 -0.000085 -0.002198 0.000688 -0.331031 -0.088333 0.242242 0.907708 0.011694 -0.027276 -0.048543 0 1.00000000 0.00000000 0.00000000 1.00000000 0.00000000 1.00000000 1.00000000 0.00000000 0.00000000 1.00000000 0.00000000 1.00000000 0.00000000 0.00000000 0.00000000 0.00000000 0.00000000 0.00000000 0.00000000 0.00000000 0.00000000 0.00000000 0.00000000 0.00000000 1.00000000 0.00000000 0.00000000 0.00000000 1.00000000 
1700000017.14502 0.009538 -0.007371 -0.991783 0.127359 -0.577743 0.003396 0.840032 -0.233015 -0.024524 0.049895 0.000690 -0.002715 0.000824 -0.027439 -0.038525 -0.016360 -0.0049775 2 146.792845 147.231107 255.822922 255.756776 0.001039 -0.000018 -0.001017 0.000613 -0.242429 0.241787 -0.664138 0.664596 -0.013582 -0.016451 -0.063065 147.336826 146.476588 255.417621 255.285612 0.003560 -0.000039 -0.002207 0.000679 -0.331110 -0.088439 0.242361 0.907637 0.011651 -0.026664 -0.048693 0 1.00000000 0.00000000 0.00000000 1.00000000 0.00000000 1.00000000 1.00000000 0.00000000 0.00000000 1.00000000 0.00000000 1.00000000 0.00000000 0.00000000 0.00000000 0.00000000 0.00000000 0.00000000 0.00000000 0.00000000 0.00000000 0.00000000 0.00000000 0.00000000 1.00000000 0.00000000 0.00000000 0.00000000 1.00000000 
1700000017.19501 0.008608 -0.007155 -0.991392 0.130445 -0.590538 0.001198 0.845766 -0.232454 -0.020766 0.057468 0.000712 -0.002659 0.000785 -0.028247 -0.039455 -0.015506 -0.0049896 2 146.826516 147.235909 255.815576 255.782614 0.001085 -0.000033 -0.001080 0.000635 -0.242410 0.241776 -0.664263 0.664482 -0.013477 -0.016858 -0.063447 147.335806 146.469525 255.413825 255.298109 0.003658 0.000025 -0.002217 0.000666 -0.331211 -0.088570 0.242482 0.907556 0.011205 -0.025993 -0.048917 0 1.00000000 0.00000000 0.00000000 1.00000000 0.00000000 1.00000000 1.00000000 0.00000000 0.00000000 1.00000000 0.00000000 1.00000000 0.00000000 0.00000000 0.00000000 0.00000000 0.00000000 0.00000000 0.00000000 0.00000000 0.00000000 0.00000000 0.00000000 0.00000000 1.00000000 0.00000000 0.00000000 0.00000000 1.00000000 
1700000017.24500 0.007748 -0.007174 -0.990977 0.133617 -0.603039 -0.000010 0.851041 -0.230350 -0.015639 0.064833 0.000657 -0.002599 0.000760 -0.027977 -0.041049 -0.014703 -0.0049987 2 146.856274 147.232144 255.823392 255.813360 0.001122 -0.000040 -0.001119 0.000650 -0.242430 0.241800 -0.664373 0.664356 -0.013242 -0.017022 -0.063525 147.332382 146.482437 255.393516 255.314380 0.003745 0.000074 -0.002236 0.000660 -0.331315 -0.088701 0.242587 0.907477 0.011187 -0.025802 -0.049221 0 1.00000000 0.00000000 0.00000000 1.00000000 0.00000000 1.00000000 1.00000000 0.00000000 0.00000000 1.00000000 0.00000000 1.00000000 0.00000000 0.00000000 0.00000000 0.00000000 0.00000000 0.00000000 0.00000000 0.00000000 0.00000000 0.00000000 0.00000000 0.00000000 1.00000000 0.00000000 0.00000000 0.00000000 1.00000000 
1700000017.29500 0.007131 -0.006656 -0.990538 0.136890 -0.616024 -0.001437 0.857433 -0.228769 -0.012222 0.069910 0.000621 -0.002538 0.000759 -0.028032 -0.042680 -0.013774 -0.0050031 2 146.873526 147.217698 255.838637 255.846287 0.001166 -0.000022 -0.001162 0.000662 -0.242414 0.241820 -0.664480 0.664247 -0.013048 -0.017394 -0.063768 147.324862 146.495662 255.387198 255.344061 0.003831 0.000148 -0.002234 0.000642 -0.331438 -0.088864 0.242686 0.907389 0.010919 -0.025460 -0.049559 0 1.00000000 0.00000000 0.00000000 1.00000000 0.00000000 1.00000000 1.00000000 0.00000000 0.00000000 1.00000000 0.00000000 1.00000000 0.00000000 0.00000000 0.00000000 0.00000000 0.00000000 0.00000000 0.00000000 0.00000000 0.00000000 0.00000000 0.00000000 0.00000000 1.00000000 0.00000000 0.00000000 0.00000000 1.00000000 
1700000017.34498 0.007214 -0.005661 -0.990062 0.140334 -0.628562 -0.002388 0.863795 -0.225381 -0.008739 0.073569 0.000560 -0.002453 0.000750 -0.027871 -0.044792 -0.012898 -0.0050165 2 146.893884 147.200860 255.851489 255.881648 0.001207 -0.000001 -0.001190 0.000668 -0.242418 0.241857 -0.664578 0.664134 -0.012724 -0.017652 -0.063986 147.318938 146.518805 255.366271 255.377235 0.003954 0.000214 -0.002259 0.000632 -0.331568 -0.089011 0.242771 0.907305 0.010751 -0.025343 -0.049886 0 1.00000000 0.00000000 0.00000000 1.00000000 0.00000000 1.00000000 1.00000000 0.00000000 0.00000000 1.00000000 0.00000000 1.00000000 0.00000000 0.00000000 0.00000000 0.00000000 0.00000000 0.00000000 0.00000000 0.00000000 0.00000000 0.00000000 0.00000000 0.00000000 1.00000000 0.00000000 0.00000000 0.00000000 1.00000000 
1700000017.39498 0.007608 -0.005041 -0.989562 0.143817 -0.641082 -0.003313 0.870089 -0.223221 -0.006956 0.078148 0.000510 -0.002402 0.000753 -0.027681 -0.046156 -0.012112 -0.0050239 2 146.919299 147.193402 255.859227 255.912860 0.001254 0.000009 -0.001229 0.000679 -0.242420 0.241851 -0.664670 0.664044 -0.012639 -0.017861 -0.064139 147.305683 146.537000 255.333625 255.392632 0.004102 0.000266 -0.002299 0.000632 -0.331664 -0.089182 0.242840 0.907235 0.010684 -0.025078 -0.050020 0 1.00000000 0.00000000 0.00000000 1.00000000 0.00000000 1.00000000 1.00000000 0.00000000 0.00000000 1.00000000 0.00000000 1.00000000 0.00000000 0.00000000 0.00000000 0.00000000 0.00000000 0.00000000 0.00000000 0.00000000 0.00000000 0.00000000 0.00000000 0.00000000 1.00000000 0.00000000 0.00000000 0.00000000 1.00000000 
1700000017.44496 0.008009 -0.005883 -0.989039 0.147321 -0.654240 -0.004435 0.877366 -0.221866 -0.005192 0.083945 0.000457 -0.002363 0.000771 -0.027306 -0.047367 -0.011158 -0.0050377 2 146.949145 147.181579 255.869428 255.939524 0.001298 0.000032 -0.001253 0.000679 -0.242418 0.241847 -0.664746 0.663970 -0.012644 -0.018094 -0.064122 147.292804 146.554928 255.303393 255.409319 0.004245 0.000315 -0.002339 0.000633 -0.331768 -0.089351 0.242913 0.907160 0.010614 -0.024778 -0.049990 0 1.00000000 0.00000000 0.00000000 1.00000000 0.00000000 1.00000000 1.00000000 0.00000000 0.00000000 1.00000000 0.00000000 1.00000000 0.00000000 0.00000000 0.00000000 0.00000000 0.00000000 0.00000000 0.00000000 0.00000000 0.00000000 0.00000000 0.00000000 0.00000000 1.00000000 0.00000000 0.00000000 0.00000000 1.00000000 
1700000017.49493 0.008307 -0.007440 -0.988480 0.150940 -0.667362 -0.005050 0.884628 -0.221228 -0.001886 0.088562 0.000363 -0.002305 0.000752 -0.026324 -0.049129 -0.010275 -0.0050675 2 146.962868 147.156361 255.884840 255.971355 0.001323 0.000069 -0.001251 0.000671 -0.242461 0.241883 -0.664837 0.663850 -0.012602 -0.018260 -0.064156 147.283802 146.568717 255.275266 255.432806 0.004325 0.000343 -0.002354 0.000629 -0.331885 -0.089477 0.243031 0.907073 0.010767 -0.024834 -0.050065 0 1.00000000 0.00000000 0.00000000 1.00000000 0.00000000 1.00000000 1.00000000 0.00000000 0.00000000 1.00000000 0.00000000 1.00000000 0.00000000 0.00000000 0.00000000 0.00000000 0.00000000 0.00000000 0.00000000 0.00000000 0.00000000 0.00000000 0.00000000 0.00000000 1.00000000 0.00000000 0.00000000 0.00000000 1.00000000 
1700000017.54493 0.008877 -0.009456 -0.987896 0.154572 -0.679705 -0.005192 0.891404 -0.221067 0.003810 0.093803 0.000274 -0.002231 0.000768 -0.025666 -0.051221 -0.009624 -0.0050714 2 146.976897 147.134544 255.893591 255.995284 0.001370 0.000098 -0.001272 0.000673 -0.242471 0.241899 -0.664935 0.663743 -0.012423 -0.018460 -0.064151 147.278775 146.602736 255.249608 255.454828 0.004475 0.000362 -0.002402 0.000638 -0.331980 -0.089624 0.243158 0.906990 0.010819 -0.024916 -0.050221 0 1.00000000 0.00000000 0.00000000 1.00000000 0.00000000 1.00000000 1.00000000 0.00000000 0.00000000 1.00000000 0.00000000 1.00000000 0.00000000 0.00000000 0.00000000 0.00000000 0.00000000 0.00000000 0.00000000 0.00000000 0.00000000 0.00000000 0.00000000 0.00000000 1.00000000 0.00000000 0.00000000 0.00000000 1.00000000 
1700000017.59493 0.009790 -0.008479 -0.987300 0.158338 -0.691759 -0.005187 0.898363 -0.220801 0.008781 0.097785 0.000197 -0.002128 0.000752 -0.025513 -0.053785 -0.009031 -0.0050742 2 146.998569 147.119762 255.901793 256.019614 0.001427 0.000127 -0.001291 0.000670 -0.242502 0.241915 -0.665049 0.663611 -0.012044 -0.018686 -0.064190 147.281622 146.640445 255.233143 255.482847 0.004624 0.000381 -0.002465 0.000651 -0.332065 -0.089769 0.243251 0.906920 0.010615 -0.025270 -0.050316 0 1.00000000 0.00000000 0.00000000 1.00000000 0.00000000 1.00000000 1.00000000 0.00000000 0.00000000 1.00000000 0.00000000 1.00000000 0.00000000 0.00000000 0.00000000 0.00000000 0.00000000 0.00000000 0.00000000 0.00000000 0.00000000 0.00000000 0.00000000 0.00000000 1.00000000 0.00000000 0.00000000 0.00000000 1.00000000 
1700000017.64492 0.011440 -0.005762 -0.986686 0.162132 -0.703594 -0.004588 0.905218 -0.221469 0.011859 0.103824 0.000126 -0.002044 0.000758 -0.025344 -0.056001 -0.008562 -0.0050771 2 146.996644 147.092260 255.915879 256.049142 0.001503 0.000210 -0.001272 0.000642 -0.242472 0.241983 -0.665170 0.663476 -0.011737 -0.018830 -0.064555 147.279626 146.668607 255.219548 255.538794 0.004756 0.000403 -0.002509 0.000657 -0.332190 -0.089905 0.243328 0.906840 0.010469 -0.025962 -0.050325 0 1.00000000 0.00000000 0.00000000 1.00000000 0.00000000 1.00000000 1.00000000 0.00000000 0.00000000 1.00000000 0.00000000 1.00000000 0.00000000 0.00000000 0.00000000 0.00000000 0.00000000 0.00000000 0.00000000 0.00000000 0.00000000 0.00000000 0.00000000 0.00000000 1.00000000 0.00000000 0.00000000 0.00000000 1.00000000 
1700000017.69492 0.013329 -0.003317 -0.986035 0.165971 -0.714583 -0.003924 0.912145 -0.222308 0.011296 0.109588 0.000083 -0.001922 0.000755 -0.026095 -0.058719 -0.008208 -0.0050786 2 146.997511 147.068646 255.927399 256.079666 0.001572 0.000299 -0.001205 0.000590 -0.242412 0.242086 -0.665291 0.663339 -0.011054 -0.019071 -0.065030 147.281927 146.701225 255.208135 255.599179 0.004868 0.000433 -0.002539 0.000655 -0.332289 -0.090022 0.243310 0.906797 0.009949 -0.027066 -0.050126 0 1.00000000 0.00000000 0.00000000 1.00000000 0.00000000 1.00000000 1.00000000 0.00000000 0.00000000 1.00000000 0.00000000 1.00000000 0.00000000 0.00000000 0.00000000 0.00000000 0.00000000 0.00000000 0.00000000 0.00000000 0.00000000 0.00000000 0.00000000 0.00000000 1.00000000 0.00000000 0.00000000 0.00000000 1.00000000 
1700000017.74491 0.014920 -0.001913 -0.985359 0.169826 -0.725158 -0.003664 0.919010 -0.225070 0.007898 0.116952 0.000077 -0.001816 0.000759 -0.027486 -0.060679 -0.007986 -0.0050868 2 146.990240 147.047086 255.930654 256.114282 0.001655 0.000387 -0.001154 0.000544 -0.242325 0.242170 -0.665416 0.663214 -0.010541 -0.019453 -0.065717 147.272935 146.733484 255.185876 255.643442 0.004966 0.000471 -0.002552 0.000649 -0.332402 -0.090159 0.243287 0.906748 0.009378 -0.027854 -0.049813 0 1.00000000 0.00000000 0.00000000 1.00000000 0.00000000 1.00000000 1.00000000 0.00000000 0.00000000 1.00000000 0.00000000 1.00000000 0.00000000 0.00000000 0.00000000 0.00000000 0.00000000 0.00000000 0.00000000 0.00000000 0.00000000 0.00000000 0.00000000 0.00000000 1.00000000 0.00000000 0.00000000 0.00000000 1.00000000 
1700000017.79488 0.016391 -0.002388 -0.984653 0.173736 -0.736387 -0.003804 0.926132 -0.229059 0.003599 0.120448 0.000071 -0.001734 0.000728 -0.028568 -0.062207 -0.007720 -0.0051194 2 146.968744 147.017614 255.936934 256.150561 0.001691 0.000470 -0.001072 0.000488 -0.242296 0.242255 -0.665530 0.663080 -0.010309 -0.019874 -0.066455 147.262160 146.742294 255.187703 255.684595 0.005040 0.000522 -0.002559 0.000637 -0.332518 -0.090268 0.243293 0.906693 0.008807 -0.028653 -0.049385 0 1.00000000 0.00000000 0.00000000 1.00000000 0.00000000 1.00000000 1.00000000 0.00000000 0.00000000 1.00000000 0.00000000 1.00000000 0.00000000 0.00000000 0.00000000 0.00000000 0.00000000 0.00000000 0.00000000 0.00000000 0.00000000 0.00000000 0.00000000 0.00000000 1.00000000 0.00000000 0.00000000 0.00000000 1.00000000 
1700000017.84488 0.017023 -0.004030 -0.983947 0.177600 -0.747175 -0.004276 0.932973 -0.234719 -0.000786 0.122329 0.000109 -0.001684 0.000721 -0.030185 -0.062501 -0.007532 -0.0051235 2 146.918873 146.995500 255.948634 256.182666 0.001643 0.000580 -0.000913 0.000406 -0.242140 0.242358 -0.665724 0.662904 -0.010525 -0.020834 -0.067499 147.250316 146.734056 255.158534 255.730421 0.005167 0.000550 -0.002604 0.000644 -0.332645 -0.090395 0.243390 0.906608 0.008421 -0.029426 -0.048764 0 1.00000000 0.00000000 0.00000000 1.00000000 0.00000000 1.00000000 1.00000000 0.00000000 0.00000000 1.00000000 0.00000000 1.00000000 0.00000000 0.00000000 0.00000000 0.00000000 0.00000000 0.00000000 0.00000000 0.00000000 0.00000000 0.00000000 0.00000000 0.00000000 1.00000000 0.00000000 0.00000000 0.00000000 1.00000000 
1700000017.89486 0.017124 -0.005755 -0.983223 0.181510 -0.759564 -0.004600 0.940658 -0.240235 -0.002381 0.124328 0.000080 -0.001627 0.000708 -0.030530 -0.063752 -0.007146 -0.0051392 2 146.913587 146.969647 255.954367 256.199456 0.001615 0.000612 -0.000798 0.000351 -0.242115 0.242388 -0.665800 0.662826 -0.010418 -0.021170 -0.067856 147.236834 146.725775 255.144483 255.760091 0.005198 0.000579 -0.002595 0.000633 -0.332726 -0.090464 0.243422 0.906562 0.008256 -0.029947 -0.048713 0 1.00000000 0.00000000 0.00000000 1.00000000 0.00000000 1.00000000 1.00000000 0.00000000 0.00000000 1.00000000 0.00000000 1.00000000 0.00000000 0.00000000 0.00000000 0.00000000 0.00000000 0.00000000 0.00000000 0.00000000 0.00000000 0.00000000 0.00000000 0.00000000 1.00000000 0.00000000 0.00000000 0.00000000 1.00000000 
1700000017.94485 0.017075 -0.007041 -0.982474 0.185485 -0.771475 -0.004862 0.947964 -0.245807 -0.002245 0.128383 0.000055 -0.001549 0.000677 -0.031215 -0.065488 -0.006896 -0.0051476 2 146.892317 146.933849 255.964320 256.219842 0.001587 0.000674 -0.000655 0.000279 -0.242087 0.242442 -0.665895 0.662721 -0.010122 -0.021532 -0.068358 147.235410 146.731679 255.162662 255.805183 0.005242 0.000611 -0.002589 0.000620 -0.332831 -0.090512 0.243462 0.906508 0.007877 -0.030508 -0.048861 0 1.00000000 0.00000000 0.00000000 1.00000000 0.00000000 1.00000000 1.00000000 0.00000000 0.00000000 1.00000000 0.00000000 1.00000000 0.00000000 0.00000000 0.00000000 0.00000000 0.00000000 0.00000000 0.00000000 0.00000000 0.00000000 0.00000000 0.00000000 0.00000000 1.00000000 0.00000000 0.00000000 0.00000000 1.00000000 
1700000017.99487 0.017104 -0.006413 -0.981725 0.189426 -0.783875 -0.005140 0.955344 -0.251387 -0.002005 0.132087 0.000044 -0.001512 0.000679 -0.031692 -0.066149 -0.006682 -0.0051318 2 146.877449 146.916470 255.979443 256.231691 0.001570 0.000712 -0.000526 0.000217 -0.242009 0.242459 -0.665967 0.662671 -0.010151 -0.021910 -0.068724 147.226461 146.734046 255.132279 255.826849 0.005292 0.000633 -0.002570 0.000605 -0.332893 -0.090611 0.243509 0.906463 0.007850 -0.030661 -0.048929 0 1.00000000 0.00000000 0.00000000 1.00000000 0.00000000 1.00000000 1.00000000 0.00000000 0.00000000 1.00000000 0.00000000 1.00000000 0.00000000 0.00000000 0.00000000 0.00000000 0.00000000 0.00000000 0.00000000 0.00000000 0.00000000 0.00000000 0.00000000 0.00000000 1.00000000 0.00000000 0.00000000 0.00000000 1.00000000 
1700000018.04488 0.017485 -0.005340 -0.980952 0.193390 -0.797132 -0.005372 0.962954 -0.257637 -0.002245 0.136179 0.000018 -0.001489 0.000682 -0.031672 -0.066722 -0.006421 -0.0051236 2 146.854906 146.892916 255.986063 256.232893 0.001502 0.000732 -0.000348 0.000141 -0.241953 0.242471 -0.666066 0.662587 -0.010319 -0.022167 -0.069180 147.223918 146.746384 255.131048 255.851847 0.005366 0.000647 -0.002565 0.000594 -0.332983 -0.090678 0.243585 0.906403 0.007838 -0.030736 -0.048954 0 1.00000000 0.00000000 0.00000000 1.00000000 0.00000000 1.00000000 1.00000000 0.00000000 0.00000000 1.00000000 0.00000000 1.00000000 0.00000000 0.00000000 0.00000000 0.00000000 0.00000000 0.00000000 0.00000000 0.00000000 0.00000000 0.00000000 0.00000000 0.00000000 1.00000000 0.00000000 0.00000000 0.00000000 1.00000000 
1700000018.09489 0.018443 -0.004966 -0.980145 0.197360 -0.811035 -0.005717 0.970677 -0.264099 -0.003831 0.137779 -0.000008 -0.001480 0.000691 -0.031431 -0.066959 -0.006192 -0.0051106 2 146.839465 146.877306 255.992255 256.224865 0.001394 0.000723 -0.000120 0.000049 -0.241908 0.242458 -0.666141 0.662534 -0.010583 -0.022370 -0.069426 147.218297 146.755549 255.120564 255.864560 0.005397 0.000666 -0.002536 0.000577 -0.333058 -0.090761 0.243668 0.906345 0.007974 -0.030697 -0.048929 0 1.00000000 0.00000000 0.00000000 1.00000000 0.00000000 1.00000000 1.00000000 0.00000000 0.00000000 1.00000000 0.00000000 1.00000000 0.00000000 0.00000000 0.00000000 0.00000000 0.00000000 0.00000000 0.00000000 0.00000000 0.00000000 0.00000000 0.00000000 0.00000000 1.00000000 0.00000000 0.00000000 0.00000000 1.00000000 
1700000018.14491 0.019459 -0.004867 -0.979335 0.201247 -0.825336 -0.005928 0.978312 -0.271466 -0.005800 0.137415 -0.000034 -0.001479 0.000726 -0.031054 -0.067147 -0.005982 -0.0050939 2 146.832699 146.858659 255.989101 256.192171 0.001391 0.000724 -0.000129 0.000056 -0.241861 0.242407 -0.666187 0.662523 -0.010681 -0.022465 -0.069351 147.217484 146.777366 255.113346 255.881290 0.005458 0.000671 -0.002522 0.000566 -0.333122 -0.090840 0.243692 0.906307 0.008062 -0.030516 -0.048896 0 1.00000000 0.00000000 0.00000000 1.00000000 0.00000000 1.00000000 1.00000000 0.00000000 0.00000000 1.00000000 0.00000000 1.00000000 0.00000000 0.00000000 0.00000000 0.00000000 0.00000000 0.00000000 0.00000000 0.00000000 0.00000000 0.00000000 0.00000000 0.00000000 1.00000000 0.00000000 0.00000000 0.00000000 1.00000000 
1700000018.19491 0.020462 -0.005241 -0.978492 0.205202 -0.839493 -0.006501 0.985755 -0.278246 -0.007869 0.134521 -0.000037 -0.001473 0.000732 -0.031207 -0.067070 -0.005806 -0.0050872 2 146.832778 146.848232 255.985322 256.172976 0.001404 0.000716 -0.000145 0.000064 -0.241826 0.242361 -0.666215 0.662524 -0.010776 -0.022740 -0.069259 147.223172 146.783208 255.113706 255.896885 0.005429 0.000693 -0.002464 0.000538 -0.333219 -0.090878 0.243682 0.906270 0.008062 -0.030299 -0.048736 0 1.00000000 0.00000000 0.00000000 1.00000000 0.00000000 1.00000000 1.00000000 0.00000000 0.00000000 1.00000000 0.00000000 1.00000000 0.00000000 0.00000000 0.00000000 0.00000000 0.00000000 0.00000000 0.00000000 0.00000000 0.00000000 0.00000000 0.00000000 0.00000000 1.00000000 0.00000000 0.00000000 0.00000000 1.00000000 
1700000018.24492 0.021695 -0.006230 -0.977637 0.209085 -0.854210 -0.007080 0.993249 -0.286821 -0.009028 0.129691 -0.000050 -0.001464 0.000763 -0.031249 -0.067179 -0.005592 -0.0050834 2 146.834460 146.837174 255.974596 256.144369 0.001399 0.000719 -0.000153 0.000069 -0.241764 0.242303 -0.666280 0.662503 -0.010811 -0.022762 -0.069288 147.222326 146.796578 255.103623 255.909757 0.005474 0.000689 -0.002447 0.000528 -0.333288 -0.090942 0.243708 0.906231 0.008076 -0.030233 -0.048507 0 1.00000000 0.00000000 0.00000000 1.00000000 0.00000000 1.00000000 1.00000000 0.00000000 0.00000000 1.00000000 0.00000000 1.00000000 0.00000000 0.00000000 0.00000000 0.00000000 0.00000000 0.00000000 0.00000000 0.00000000 0.00000000 0.00000000 0.00000000 0.00000000 1.00000000 0.00000000 0.00000000 0.00000000 1.00000000 
1700000018.29493 0.022703 -0.007890 -0.976774 0.212921 -0.869300 -0.007629 1.000505 -0.295060 -0.010036 0.125656 -0.000071 -0.001458 0.000810 -0.031029 -0.067279 -0.005422 -0.0050716 2 146.837504 146.830595 255.958933 256.105947 0.001409 0.000709 -0.000175 0.000079 -0.241694 0.242217 -0.666362 0.662478 -0.010940 -0.022857 -0.069170 147.205122 146.826601 255.054336 255.901918 0.005553 0.000686 -0.002473 0.000538 -0.333320 -0.091029 0.243783 0.906190 0.008393 -0.029814 -0.048747 0 1.00000000 0.00000000 0.00000000 1.00000000 0.00000000 1.00000000 1.00000000 0.00000000 0.00000000 1.00000000 0.00000000 1.00000000 0.00000000 0.00000000 0.00000000 0.00000000 0.00000000 0.00000000 0.00000000 0.00000000 0.00000000 0.00000000 0.00000000 0.00000000 1.00000000 0.00000000 0.00000000 0.00000000 1.00000000 
1700000018.34494 0.023436 -0.010082 -0.975894 0.216750 -0.884821 -0.008184 1.007604 -0.305720 -0.009240 0.122179 -0.000098 -0.001446 0.000863 -0.030745 -0.067598 -0.005273 -0.0050632 2 146.841468 146.824411 255.943492 256.073593 0.001437 0.000706 -0.000207 0.000093 -0.241617 0.242136 -0.666458 0.662438 -0.011042 -0.022828 -0.069137 147.190955 146.860696 255.024077 255.900787 0.005580 0.000674 -0.002471 0.000539 -0.333355 -0.091074 0.243882 0.906146 0.008679 -0.029428 -0.049158 0 1.00000000 0.00000000 0.00000000 1.00000000 0.00000000 1.00000000 1.00000000 0.00000000 0.00000000 1.00000000 0.00000000 1.00000000 0.00000000 0.00000000 0.00000000 0.00000000 0.00000000 0.00000000 0.00000000 0.00000000 0.00000000 0.00000000 0.00000000 0.00000000 1.00000000 0.00000000 0.00000000 0.00000000 1.00000000 
1700000018.39495 0.023542 -0.012469 -0.975006 0.220577 -0.901142 -0.008234 1.014580 -0.315323 -0.005524 0.121678 -0.000143 -0.001430 0.000910 -0.030031 -0.068356 -0.005141 -0.0050493 2 146.838834 146.810891 255.929296 256.042558 0.001453 0.000707 -0.000241 0.000107 -0.241573 0.242077 -0.666540 0.662393 -0.011090 -0.022816 -0.069117 147.182999 146.888615 255.017010 255.916526 0.005573 0.000671 -0.002443 0.000527 -0.333402 -0.091081 0.244002 0.906096 0.008975 -0.028837 -0.050181 0 1.00000000 0.00000000 0.00000000 1.00000000 0.00000000 1.00000000 1.00000000 0.00000000 0.00000000 1.00000000 0.00000000 1.00000000 0.00000000 0.00000000 0.00000000 0.00000000 0.00000000 0.00000000 0.00000000 0.00000000 0.00000000 0.00000000 0.00000000 0.00000000 1.00000000 0.00000000 0.00000000 0.00000000 1.00000000 
1700000018.44495 0.023157 -0.014702 -0.974088 0.224498 -0.917097 -0.008868 1.021516 -0.325894 -0.000796 0.125967 -0.000145 -0.001411 0.000924 -0.030359 -0.068443 -0.005023 -0.0050528 2 146.845148 146.806327 255.921476 256.016330 0.001467 0.000697 -0.000268 0.000119 -0.241521 0.241999 -0.666586 0.662395 -0.011147 -0.023018 -0.068958 147.179923 146.908568 254.997672 255.910849 0.005594 0.000678 -0.002484 0.000540 -0.333439 -0.091076 0.244047 0.906071 0.009127 -0.028534 -0.050293 0 1.00000000 0.00000000 0.00000000 1.00000000 0.00000000 1.00000000 1.00000000 0.00000000 0.00000000 1.00000000 0.00000000 1.00000000 0.00000000 0.00000000 0.00000000 0.00000000 0.00000000 0.00000000 0.00000000 0.00000000 0.00000000 0.00000000 0.00000000 0.00000000 1.00000000 0.00000000 0.00000000 0.00000000 1.00000000 
1700000018.49495 0.022823 -0.017148 -0.973165 0.228329 -0.933578 -0.008943 1.028670 -0.335259 0.005635 0.131009 -0.000159 -0.001392 0.000949 -0.030400 -0.068809 -0.004931 -0.0050499 2 146.854768 146.801118 255.910537 255.995967 0.001493 0.000683 -0.000304 0.000134 -0.241463 0.241927 -0.666643 0.662385 -0.011200 -0.023122 -0.068863 147.172343 146.925638 254.990256 255.918824 0.005506 0.000687 -0.002398 0.000504 -0.333471 -0.091058 0.244135 0.906038 0.009299 -0.028179 -0.050918 0 1.00000000 0.00000000 0.00000000 1.00000000 0.00000000 1.00000000 1.00000000 0.00000000 0.00000000 1.00000000 0.00000000 1.00000000 0.00000000 0.00000000 0.00000000 0.00000000 0.00000000 0.00000000 0.00000000 0.00000000 0.00000000 0.00000000 0.00000000 0.00000000 1.00000000 0.00000000 0.00000000 0.00000000 1.00000000 
1700000018.54496 0.022105 -0.018171 -0.972235 0.232248 -0.950373 -0.008978 1.036025 -0.345099 0.013992 0.137020 -0.000163 -0.001369 0.000945 -0.030750 -0.069088 -0.004837 -0.0050444 2 146.853187 146.788315 255.907957 255.974088 0.001502 0.000690 -0.000327 0.000142 -0.241428 0.241851 -0.666684 0.662384 -0.011261 -0.023375 -0.068745 147.177951 146.945306 254.989959 255.918379 0.005497 0.000702 -0.002421 0.000507 -0.333524 -0.091022 0.244195 0.906005 0.009383 -0.027576 -0.051490 0 1.00000000 0.00000000 0.00000000 1.00000000 0.00000000 1.00000000 1.00000000 0.00000000 0.00000000 1.00000000 0.00000000 1.00000000 0.00000000 0.00000000 0.00000000 0.00000000 0.00000000 0.00000000 0.00000000 0.00000000 0.00000000 0.00000000 0.00000000 0.00000000 1.00000000 0.00000000 0.00000000 0.00000000 1.00000000 
1700000018.59497 0.021249 -0.018210 -0.971326 0.236100 -0.967448 -0.008314 1.043632 -0.352666 0.022156 0.141511 -0.000176 -0.001341 0.000963 -0.031043 -0.069680 -0.004776 -0.0050335 2 146.860405 146.781589 255.903495 255.956314 0.001527 0.000683 -0.000363 0.000157 -0.241379 0.241780 -0.666739 0.662373 -0.011271 -0.023500 -0.068709 147.170912 146.967813 254.978501 255.919841 0.005478 0.000712 -0.002394 0.000495 -0.333553 -0.091035 0.244255 0.905977 0.009478 -0.027032 -0.052277 0 1.00000000 0.00000000 0.00000000 1.00000000 0.00000000 1.00000000 1.00000000 0.00000000 0.00000000 1.00000000 0.00000000 1.00000000 0.00000000 0.00000000 0.00000000 0.00000000 0.00000000 0.00000000 0.00000000 0.00000000 0.00000000 0.00000000 0.00000000 0.00000000 1.00000000 0.00000000 0.00000000 0.00000000 1.00000000 
1700000018.64498 0.021079 -0.016828 -0.970409 0.239957 -0.984998 -0.007377 1.051306 -0.360132 0.030190 0.145283 -0.000182 -0.001323 0.000992 -0.031360 -0.069891 -0.004717 -0.0050220 2 146.868790 146.778421 255.900763 255.929266 0.001550 0.000677 -0.000389 0.000167 -0.241307 0.241691 -0.666804 0.662366 -0.011310 -0.023551 -0.068586 147.147772 146.991832 254.951781 255.913780 0.005451 0.000770 -0.002344 0.000465 -0.333576 -0.091065 0.244319 0.905949 0.009694 -0.026755 -0.052636 0 1.00000000 0.00000000 0.00000000 1.00000000 0.00000000 1.00000000 1.00000000 0.00000000 0.00000000 1.00000000 0.00000000 1.00000000 0.00000000 0.00000000 0.00000000 0.00000000 0.00000000 0.00000000 0.00000000 0.00000000 0.00000000 0.00000000 0.00000000 0.00000000 1.00000000 0.00000000 0.00000000 0.00000000 1.00000000 
1700000018.69498 0.021619 -0.014444 -0.969474 0.243812 -1.003279 -0.005188 1.059280 -0.366002 0.035549 0.149577 -0.000213 -0.001291 0.001028 -0.031118 -0.071091 -0.004727 -0.0050202 2 146.914553 146.792952 255.867708 255.904472 0.001662 0.000664 -0.000496 0.000202 -0.241360 0.241615 -0.666732 0.662447 -0.010366 -0.022260 -0.069199 147.135779 147.015500 254.946174 255.934186 0.005359 0.000799 -0.002276 0.000436 -0.333609 -0.091056 0.244198 0.905970 0.009890 -0.026423 -0.053392 0 1.00000000 0.00000000 0.00000000 1.00000000 0.00000000 1.00000000 1.00000000 0.00000000 0.00000000 1.00000000 0.00000000 1.00000000 0.00000000 0.00000000 0.00000000 0.00000000 0.00000000 0.00000000 0.00000000 0.00000000 0.00000000 0.00000000 0.00000000 0.00000000 1.00000000 0.00000000 0.00000000 0.00000000 1.00000000 
1700000018.74498 0.022292 -0.011947 -0.968517 0.247659 -1.022053 -0.004025 1.067574 -0.373181 0.038283 0.158067 -0.000230 -0.001281 0.001061 -0.031149 -0.071027 -0.004619 -0.0050170 2 146.905600 146.776623 255.870990 255.874650 0.001634 0.000663 -0.000498 0.000209 -0.241275 0.241472 -0.666817 0.662445 -0.010705 -0.022607 -0.068934 147.087764 147.063324 254.924519 255.916870 0.005364 0.000988 -0.002222 0.000379 -0.333680 -0.091098 0.244366 0.905894 0.010180 -0.025672 -0.053843 0 1.00000000 0.00000000 0.00000000 1.00000000 0.00000000 1.00000000 1.00000000 0.00000000 0.00000000 1.00000000 0.00000000 1.00000000 0.00000000 0.00000000 0.00000000 0.00000000 0.00000000 0.00000000 0.00000000 0.00000000 0.00000000 0.00000000 0.00000000 0.00000000 1.00000000 0.00000000 0.00000000 0.00000000 1.00000000 
1700000018.79500 0.022727 -0.009973 -0.967501 0.251644 -1.039511 -0.003038 1.075648 -0.378517 0.036735 0.168580 -0.000201 -0.001273 0.001059 -0.032040 -0.070227 -0.004608 -0.0050010 2 146.916727 146.792631 255.874834 255.855074 0.001646 0.000646 -0.000496 0.000210 -0.241220 0.241366 -0.666875 0.662445 -0.010916 -0.022667 -0.068917 147.081423 147.059537 254.922288 255.942492 0.005220 0.001104 -0.002105 0.000312 -0.333834 -0.091048 0.244398 0.905834 0.010399 -0.025771 -0.053544 0 1.00000000 0.00000000 0.00000000 1.00000000 0.00000000 1.00000000 1.00000000 0.00000000 0.00000000 1.00000000 0.00000000 1.00000000 0.00000000 0.00000000 0.00000000 0.00000000 0.00000000 0.00000000 0.00000000 0.00000000 0.00000000 0.00000000 0.00000000 0.00000000 1.00000000 0.00000000 0.00000000 0.00000000 1.00000000 
1700000018.84499 0.023122 -0.009475 -0.966460 0.255600 -1.058388 -0.001562 1.084796 -0.385032 0.034776 0.179317 -0.000205 -0.001259 0.001070 -0.032285 -0.070234 -0.004530 -0.0050112 2 146.916096 146.789541 255.872411 255.835127 0.001645 0.000643 -0.000505 0.000215 -0.241176 0.241289 -0.666961 0.662402 -0.011079 -0.022712 -0.068988 147.053467 147.058834 254.915903 255.948038 0.005106 0.001196 -0.002002 0.000257 -0.333900 -0.091021 0.244433 0.905803 0.010577 -0.025724 -0.053791 0 1.00000000 0.00000000 0.00000000 1.00000000 0.00000000 1.00000000 1.00000000 0.00000000 0.00000000 1.00000000 0.00000000 1.00000000 0.00000000 0.00000000 0.00000000 0.00000000 0.00000000 0.00000000 0.00000000 0.00000000 0.00000000 0.00000000 0.00000000 0.00000000 1.00000000 0.00000000 0.00000000 0.00000000 1.00000000 
1700000018.89498 0.023229 -0.010104 -0.965390 0.259579 -1.077550 -0.000202 1.094359 -0.390247 0.033122 0.187645 -0.000206 -0.001246 0.001080 -0.032585 -0.070256 -0.004480 -0.0050203 2 146.918423 146.786072 255.871956 255.821811 0.001662 0.000639 -0.000521 0.000221 -0.241119 0.241228 -0.667037 0.662369 -0.011196 -0.022767 -0.069033 147.036044 147.050412 254.921648 255.961141 0.004961 0.001272 -0.001899 0.000205 -0.333979 -0.090993 0.244473 0.905766 0.010714 -0.025644 -0.054101 0 1.00000000 0.00000000 0.00000000 1.00000000 0.00000000 1.00000000 1.00000000 0.00000000 0.00000000 1.00000000 0.00000000 1.00000000 0.00000000 0.00000000 0.00000000 0.00000000 0.00000000 0.00000000 0.00000000 0.00000000 0.00000000 0.00000000 0.00000000 0.00000000 1.00000000 0.00000000 0.00000000 0.00000000 1.00000000 
1700000018.94498 0.022592 -0.010177 -0.964319 0.263580 -1.097167 0.000991 1.104258 -0.396277 0.031205 0.197023 -0.000203 -0.001242 0.001084 -0.032761 -0.069941 -0.004436 -0.0050220 2 146.921240 146.791186 255.880182 255.807078 0.001671 0.000630 -0.000529 0.000225 -0.241078 0.241174 -0.667064 0.662376 -0.011305 -0.022840 -0.068973 147.019600 147.034635 254.925163 255.979191 0.004785 0.001372 -0.001769 0.000141 -0.334084 -0.090947 0.244503 0.905723 0.010939 -0.025603 -0.054199 0 1.00000000 0.00000000 0.00000000 1.00000000 0.00000000 1.00000000 1.00000000 0.00000000 0.00000000 1.00000000 0.00000000 1.00000000 0.00000000 0.00000000 0.00000000 0.00000000 0.00000000 0.00000000 0.00000000 0.00000000 0.00000000 0.00000000 0.00000000 0.00000000 1.00000000 0.00000000 0.00000000 0.00000000 1.00000000 
1700000018.99497 0.021462 -0.009036 -0.963248 0.267603 -1.117308 0.002548 1.114532 -0.400304 0.030053 0.201164 -0.000209 -0.001234 0.001095 -0.032691 -0.070103 -0.004437 -0.0050256 2 146.943978 146.791952 255.873203 255.803176 0.001738 0.000608 -0.000589 0.000247 -0.241070 0.241116 -0.667070 0.662394 -0.011096 -0.023096 -0.068318 147.000794 147.021363 254.918497 256.002448 0.004562 0.001478 -0.001613 0.000068 -0.334146 -0.090905 0.244486 0.905709 0.011235 -0.025552 -0.054614 0 1.00000000 0.00000000 0.00000000 1.00000000 0.00000000 1.00000000 1.00000000 0.00000000 0.00000000 1.00000000 0.00000000 1.00000000 0.00000000 0.00000000 0.00000000 0.00000000 0.00000000 0.00000000 0.00000000 0.00000000 0.00000000 0.00000000 0.00000000 0.00000000 1.00000000 0.00000000 0.00000000 0.00000000 1.00000000 
1700000019.04497 0.020372 -0.008181 -0.962156 0.271613 -1.137385 0.003601 1.124914 -0.402983 0.027164 0.202516 -0.000208 -0.001230 0.001105 -0.032820 -0.069872 -0.004410 -0.0050278 2 146.952684 146.798235 255.878557 255.797937 0.001759 0.000592 -0.000601 0.000253 -0.241014 0.241071 -0.667135 0.662366 -0.011294 -0.023123 -0.068305 146.982004 147.005743 254.931092 256.021908 0.004396 0.001575 -0.001483 0.000005 -0.334237 -0.090861 0.244573 0.905657 0.011404 -0.025671 -0.054724 0 1.00000000 0.00000000 0.00000000 1.00000000 0.00000000 1.00000000 1.00000000 0.00000000 0.00000000 1.00000000 0.00000000 1.00000000 0.00000000 0.00000000 0.00000000 0.00000000 0.00000000 0.00000000 0.00000000 0.00000000 0.00000000 0.00000000 0.00000000 0.00000000 1.00000000 0.00000000 0.00000000 0.00000000 1.00000000 
1700000019.09496 0.019739 -0.009163 -0.961043 0.275541 -1.157282 0.004509 1.135195 -0.404178 0.024733 0.199310 -0.000206 -0.001223 0.001119 -0.033068 -0.069670 -0.004393 -0.0050360 2 146.959554 146.804025 255.886734 255.787160 0.001772 0.000579 -0.000611 0.000259 -0.240955 0.241020 -0.667185 0.662355 -0.011391 -0.023144 -0.068288 146.955287 146.996344 254.924346 256.043155 0.004196 0.001706 -0.001347 -0.000066 -0.334323 -0.090834 0.244616 0.905616 0.011659 -0.025804 -0.054844 0 1.00000000 0.00000000 0.00000000 1.00000000 0.00000000 1.00000000 1.00000000 0.00000000 0.00000000 1.00000000 0.00000000 1.00000000 0.00000000 0.00000000 0.00000000 0.00000000 0.00000000 0.00000000 0.00000000 0.00000000 0.00000000 0.00000000 0.00000000 0.00000000 1.00000000 0.00000000 0.00000000 0.00000000 1.00000000 
1700000019.14495 0.019363 -0.011318 -0.959898 0.279451 -1.177898 0.005152 1.145248 -0.405875 0.023548 0.192112 -0.000202 -0.001227 0.001127 -0.032993 -0.069081 -0.004352 -0.0050527 2 146.967392 146.813507 255.896993 255.772591 0.001777 0.000550 -0.000623 0.000266 -0.240914 0.240979 -0.667217 0.662352 -0.011670 -0.023223 -0.068107 146.932798 146.981880 254.937298 256.050687 0.003984 0.001810 -0.001216 -0.000127 -0.334390 -0.090755 0.244721 0.905571 0.011871 -0.026081 -0.054674 0 1.00000000 0.00000000 0.00000000 1.00000000 0.00000000 1.00000000 1.00000000 0.00000000 0.00000000 1.00000000 0.00000000 1.00000000 0.00000000 0.00000000 0.00000000 0.00000000 0.00000000 0.00000000 0.00000000 0.00000000 0.00000000 0.00000000 0.00000000 0.00000000 1.00000000 0.00000000 0.00000000 0.00000000 1.00000000 
1700000019.19495 0.019509 -0.014626 -0.958702 0.283365 -1.198054 0.006211 1.154805 -0.407328 0.024851 0.185463 -0.000203 -0.001226 0.001133 -0.032763 -0.068962 -0.004343 -0.0050526 2 146.929133 146.807109 255.911985 255.770805 0.001727 0.000597 -0.000552 0.000236 -0.240829 0.241004 -0.667345 0.662246 -0.012125 -0.023450 -0.068523 146.926782 146.981288 254.956451 256.090641 0.003682 0.001852 -0.001009 -0.000206 -0.334476 -0.090666 0.244880 0.905505 0.012012 -0.026175 -0.055343 0 1.00000000 0.00000000 0.00000000 1.00000000 0.00000000 1.00000000 1.00000000 0.00000000 0.00000000 1.00000000 0.00000000 1.00000000 0.00000000 0.00000000 0.00000000 0.00000000 0.00000000 0.00000000 0.00000000 0.00000000 0.00000000 0.00000000 0.00000000 0.00000000 1.00000000 0.00000000 0.00000000 0.00000000 1.00000000 
1700000019.24493 0.020193 -0.018294 -0.957432 0.287371 -1.218884 0.007372 1.164109 -0.410356 0.029550 0.176888 -0.000207 -0.001225 0.001123 -0.032457 -0.068912 -0.004311 -0.0050739 2 146.903210 146.795944 255.925724 255.778151 0.001708 0.000622 -0.000534 0.000228 -0.240787 0.241036 -0.667389 0.662205 -0.012356 -0.024047 -0.068318 146.908949 146.949407 254.982651 256.119320 0.003429 0.001910 -0.000829 -0.000280 -0.334554 -0.090541 0.245008 0.905454 0.012191 -0.026042 -0.056145 0 1.00000000 0.00000000 0.00000000 1.00000000 0.00000000 1.00000000 1.00000000 0.00000000 0.00000000 1.00000000 0.00000000 1.00000000 0.00000000 0.00000000 0.00000000 0.00000000 0.00000000 0.00000000 0.00000000 0.00000000 0.00000000 0.00000000 0.00000000 0.00000000 1.00000000 0.00000000 0.00000000 0.00000000 1.00000000 
1700000019.29492 0.021182 -0.022085 -0.956131 0.291335 -1.239450 0.009341 1.172691 -0.414566 0.036608 0.166465 -0.000212 -0.001221 0.001122 -0.032127 -0.069094 -0.004316 -0.0050843 2 146.870983 146.787124 255.913683 255.761248 0.001665 0.000668 -0.000497 0.000210 -0.240801 0.241035 -0.667382 0.662207 -0.012132 -0.024514 -0.068149 146.884673 146.919469 255.006071 256.159537 0.003162 0.001988 -0.000629 -0.000362 -0.334663 -0.090416 0.245031 0.905420 0.012432 -0.025868 -0.057112 0 1.00000000 0.00000000 0.00000000 1.00000000 0.00000000 1.00000000 1.00000000 0.00000000 0.00000000 1.00000000 0.00000000 1.00000000 0.00000000 0.00000000 0.00000000 0.00000000 0.00000000 0.00000000 0.00000000 0.00000000 0.00000000 0.00000000 0.00000000 0.00000000 1.00000000 0.00000000 0.00000000 0.00000000 1.00000000 
1700000019.34491 0.021656 -0.025041 -0.954837 0.295279 -1.261113 0.011546 1.180699 -0.420886 0.047315 0.149350 -0.000224 -0.001224 0.001119 -0.031553 -0.069083 -0.004262 -0.0050945 2 146.826732 146.767462 255.930973 255.744015 0.001613 0.000706 -0.000451 0.000189 -0.240777 0.241033 -0.667411 0.662187 -0.012377 -0.025342 -0.067603 146.842074 146.875259 255.010382 256.184175 0.002957 0.002083 -0.000459 -0.000438 -0.334725 -0.090333 0.245192 0.905362 0.012769 -0.025370 -0.058473 0 1.00000000 0.00000000 0.00000000 1.00000000 0.00000000 1.00000000 1.00000000 0.00000000 0.00000000 1.00000000 0.00000000 1.00000000 0.00000000 0.00000000 0.00000000 0.00000000 0.00000000 0.00000000 0.00000000 0.00000000 0.00000000 0.00000000 0.00000000 0.00000000 1.00000000 0.00000000 0.00000000 0.00000000 1.00000000 
1700000019.39489 0.021436 -0.026132 -0.953561 0.299299 -1.282397 0.014287 1.187575 -0.426432 0.057409 0.132197 -0.000228 -0.001226 0.001111 -0.031029 -0.069177 -0.004268 -0.0051077 2 146.747814 146.734740 255.946023 255.736941 0.001563 0.000815 -0.000400 0.000160 -0.240734 0.241089 -0.667477 0.662116 -0.012630 -0.026863 -0.066707 146.807602 146.838115 255.007766 256.222422 0.002655 0.002202 -0.000231 -0.000539 -0.334795 -0.090235 0.245351 0.905303 0.013020 -0.024823 -0.060136 0 1.00000000 0.00000000 0.00000000 1.00000000 0.00000000 1.00000000 1.00000000 0.00000000 0.00000000 1.00000000 0.00000000 1.00000000 0.00000000 0.00000000 0.00000000 0.00000000 0.00000000 0.00000000 0.00000000 0.00000000 0.00000000 0.00000000 0.00000000 0.00000000 1.00000000 0.00000000 0.00000000 0.00000000 1.00000000 
1700000019.44490 0.019944 -0.025286 -0.952340 0.303334 -1.303975 0.017212 1.193744 -0.432359 0.068934 0.115183 -0.000227 -0.001227 0.001106 -0.030775 -0.069105 -0.004240 -0.0050999 2 146.675554 146.713235 255.965315 255.727239 0.001522 0.000927 -0.000341 0.000127 -0.240674 0.241129 -0.667554 0.662046 -0.012976 -0.028048 -0.066144 146.777599 146.799368 255.012428 256.250872 0.002340 0.002312 -0.000018 -0.000632 -0.334846 -0.090152 0.245502 0.905251 0.013248 -0.024722 -0.061217 0 1.00000000 0.00000000 0.00000000 1.00000000 0.00000000 1.00000000 1.00000000 0.00000000 0.00000000 1.00000000 0.00000000 1.00000000 0.00000000 0.00000000 0.00000000 0.00000000 0.00000000 0.00000000 0.00000000 0.00000000 0.00000000 0.00000000 0.00000000 0.00000000 1.00000000 0.00000000 0.00000000 0.00000000 1.00000000 
1700000019.49487 0.017449 -0.022455 -0.951159 0.307389 -1.328295 0.021759 1.199584 -0.436579 0.078633 0.103125 -0.000249 -0.001237 0.001104 -0.029497 -0.069112 -0.004168 -0.0051308 2 146.695432 146.723598 255.981372 255.676418 0.001389 0.000926 -0.000331 0.000123 -0.240705 0.241103 -0.667446 0.662153 -0.012853 -0.027096 -0.066874 146.723457 146.735004 255.016767 256.272395 0.002127 0.002425 0.000157 -0.000710 -0.334868 -0.090071 0.245515 0.905247 0.013700 -0.025185 -0.061557 0 1.00000000 0.00000000 0.00000000 1.00000000 0.00000000 1.00000000 1.00000000 0.00000000 0.00000000 1.00000000 0.00000000 1.00000000 0.00000000 0.00000000 0.00000000 0.00000000 0.00000000 0.00000000 0.00000000 0.00000000 0.00000000 0.00000000 0.00000000 0.00000000 1.00000000 0.00000000 0.00000000 0.00000000 1.00000000 
1700000019.54484 0.014692 -0.019383 -0.949967 0.311403 -1.351480 0.028225 1.204572 -0.435929 0.087985 0.088782 -0.000292 -0.001228 0.001099 -0.027871 -0.070590 -0.004016 -0.0051624 2 146.634228 146.673908 255.981786 255.638270 0.001177 0.001017 -0.000213 0.000075 -0.240679 0.241121 -0.667485 0.662117 -0.012492 -0.028020 -0.066251 146.632159 146.652780 254.939084 256.267614 0.002087 0.002514 0.000221 -0.000744 -0.334724 -0.090205 0.245597 0.905265 0.013996 -0.024264 -0.064292 0 1.00000000 0.00000000 0.00000000 1.00000000 0.00000000 1.00000000 1.00000000 0.00000000 0.00000000 1.00000000 0.00000000 1.00000000 0.00000000 0.00000000 0.00000000 0.00000000 0.00000000 0.00000000 0.00000000 0.00000000 0.00000000 0.00000000 0.00000000 0.00000000 1.00000000 0.00000000 0.00000000 0.00000000 1.00000000 
1700000019.59486 0.012679 -0.017497 -0.948700 0.315440 -1.373926 0.032938 1.208555 -0.432578 0.092261 0.073778 -0.000297 -0.001229 0.001079 -0.027478 -0.070279 -0.003895 -0.0051400 2 146.632534 146.677749 255.994723 255.614325 0.001095 0.001028 -0.000177 0.000062 -0.240693 0.241081 -0.667438 0.662173 -0.012456 -0.028135 -0.066131 146.585600 146.596283 254.947125 256.269430 0.001949 0.002622 0.000371 -0.000818 -0.334748 -0.090100 0.245584 0.905270 0.014333 -0.024671 -0.064566 0 1.00000000 0.00000000 0.00000000 1.00000000 0.00000000 1.00000000 1.00000000 0.00000000 0.00000000 1.00000000 0.00000000 1.00000000 0.00000000 0.00000000 0.00000000 0.00000000 0.00000000 0.00000000 0.00000000 0.00000000 0.00000000 0.00000000 0.00000000 0.00000000 1.00000000 0.00000000 0.00000000 0.00000000 1.00000000 
1700000019.64486 0.011934 -0.017338 -0.947378 0.319423 -1.395636 0.037693 1.211605 -0.427080 0.096486 0.056277 -0.000300 -0.001226 0.001062 -0.027280 -0.070031 -0.003778 -0.0051421 2 146.630926 146.680752 256.005244 255.592743 0.001016 0.001044 -0.000142 0.000048 -0.240712 0.241030 -0.667364 0.662259 -0.012296 -0.028215 -0.065936 146.539348 146.559205 254.965012 256.262190 0.001784 0.002739 0.000571 -0.000913 -0.334793 -0.089979 0.245568 0.905270 0.014601 -0.024780 -0.064844 0 1.00000000 0.00000000 0.00000000 1.00000000 0.00000000 1.00000000 1.00000000 0.00000000 0.00000000 1.00000000 0.00000000 1.00000000 0.00000000 0.00000000 0.00000000 0.00000000 0.00000000 0.00000000 0.00000000 0.00000000 0.00000000 0.00000000 0.00000000 0.00000000 1.00000000 0.00000000 0.00000000 0.00000000 1.00000000 
1700000019.69486 0.012152 -0.018811 -0.945995 0.323407 -1.417653 0.043117 1.213958 -0.422924 0.100661 0.044485 -0.000305 -0.001228 0.001045 -0.026714 -0.069798 -0.003648 -0.0051352 2 146.646473 146.692455 256.010224 255.551149 0.000928 0.001048 -0.000155 0.000052 -0.240728 0.240988 -0.667249 0.662385 -0.011947 -0.028284 -0.065569 146.489910 146.495349 254.975620 256.257811 0.001668 0.002863 0.000725 -0.000992 -0.334808 -0.089834 0.245534 0.905288 0.014971 -0.025110 -0.065065 0 1.00000000 0.00000000 0.00000000 1.00000000 0.00000000 1.00000000 1.00000000 0.00000000 0.00000000 1.00000000 0.00000000 1.00000000 0.00000000 0.00000000 0.00000000 0.00000000 0.00000000 0.00000000 0.00000000 0.00000000 0.00000000 0.00000000 0.00000000 0.00000000 1.00000000 0.00000000 0.00000000 0.00000000 1.00000000 
1700000019.74486 0.012468 -0.020115 -0.944572 0.327449 -1.438238 0.048562 1.215515 -0.418179 0.106293 0.034440 -0.000307 -0.001221 0.001013 -0.026528 -0.069768 -0.003524 -0.0051358 2 146.627318 146.684188 256.013575 255.538426 0.000879 0.001095 -0.000139 0.000041 -0.240767 0.240960 -0.667193 0.662437 -0.011827 -0.028338 -0.065669 146.451230 146.446047 254.985598 256.238971 0.001509 0.002967 0.000888 -0.001071 -0.334816 -0.089708 0.245519 0.905302 0.015189 -0.025059 -0.065600 0 1.00000000 0.00000000 0.00000000 1.00000000 0.00000000 1.00000000 1.00000000 0.00000000 0.00000000 1.00000000 0.00000000 1.00000000 0.00000000 0.00000000 0.00000000 0.00000000 0.00000000 0.00000000 0.00000000 0.00000000 0.00000000 0.00000000 0.00000000 0.00000000 1.00000000 0.00000000 0.00000000 0.00000000 1.00000000 
1700000019.79489 0.012107 -0.019697 -0.943186 0.331460 -1.458207 0.056052 1.216379 -0.414598 0.112896 0.028934 -0.000324 -0.001209 0.001003 -0.025680 -0.070218 -0.003301 -0.0051098 2 146.595028 146.667321 256.010614 255.502438 0.000768 0.001147 -0.000060 0.000009 -0.240736 0.240952 -0.667240 0.662404 -0.011439 -0.028562 -0.065617 146.353722 146.382951 254.920608 256.241704 0.001657 0.003207 0.000857 -0.001106 -0.334772 -0.089722 0.245453 0.905334 0.015580 -0.026120 -0.065740 0 1.00000000 0.00000000 0.00000000 1.00000000 0.00000000 1.00000000 1.00000000 0.00000000 0.00000000 1.00000000 0.00000000 1.00000000 0.00000000 0.00000000 0.00000000 0.00000000 0.00000000 0.00000000 0.00000000 0.00000000 0.00000000 0.00000000 0.00000000 0.00000000 1.00000000 0.00000000 0.00000000 0.00000000 1.00000000 
1700000019.84493 0.011076 -0.017464 -0.941812 0.335504 -1.476122 0.063295 1.216680 -0.409044 0.118058 0.028882 -0.000328 -0.001192 0.000981 -0.025469 -0.070592 -0.003092 -0.0050737 2 146.560750 146.652890 256.010088 255.483787 0.000743 0.001221 -0.000033 -0.000009 -0.240736 0.240945 -0.667227 0.662419 -0.011078 -0.028666 -0.065800 146.296491 146.344531 254.886867 256.227911 0.001629 0.003385 0.000918 -0.001162 -0.334740 -0.089645 0.245354 0.905381 0.015755 -0.026315 -0.066530 0 1.00000000 0.00000000 0.00000000 1.00000000 0.00000000 1.00000000 1.00000000 0.00000000 0.00000000 1.00000000 0.00000000 1.00000000 0.00000000 0.00000000 0.00000000 0.00000000 0.00000000 0.00000000 0.00000000 0.00000000 0.00000000 0.00000000 0.00000000 0.00000000 1.00000000 0.00000000 0.00000000 0.00000000 1.00000000 
1700000019.89494 0.009955 -0.015666 -0.940414 0.339524 -1.495470 0.069959 1.217461 -0.403411 0.120518 0.028083 -0.000329 -0.001186 0.000963 -0.025203 -0.070490 -0.002958 -0.0050553 2 146.536904 146.650339 256.007857 255.459776 0.000731 0.001273 -0.000022 -0.000020 -0.240763 0.240906 -0.667254 0.662396 -0.011046 -0.028731 -0.065691 146.260128 146.296383 254.886141 256.224460 0.001483 0.003516 0.001062 -0.001240 -0.334705 -0.089559 0.245347 0.905404 0.015862 -0.026638 -0.067026 0 1.00000000 0.00000000 0.00000000 1.00000000 0.00000000 1.00000000 1.00000000 0.00000000 0.00000000 1.00000000 0.00000000 1.00000000 0.00000000 0.00000000 0.00000000 0.00000000 0.00000000 0.00000000 0.00000000 0.00000000 0.00000000 0.00000000 0.00000000 0.00000000 1.00000000 0.00000000 0.00000000 0.00000000 1.00000000 
1700000019.94495 0.008974 -0.015591 -0.938970 0.343530 -1.512366 0.077168 1.217649 -0.394803 0.122516 0.022376 -0.000328 -0.001171 0.000940 -0.025262 -0.070866 -0.002809 -0.0050460 2 146.528168 146.641960 255.988516 255.453647 0.000627 0.001289 0.000064 -0.000050 -0.240780 0.240855 -0.667255 0.662408 -0.010629 -0.028729 -0.065884 146.236386 146.275206 254.866675 256.214884 0.001258 0.003626 0.001234 -0.001323 -0.334651 -0.089478 0.245221 0.905466 0.015956 -0.026623 -0.067859 0 1.00000000 0.00000000 0.00000000 1.00000000 0.00000000 1.00000000 1.00000000 0.00000000 0.00000000 1.00000000 0.00000000 1.00000000 0.00000000 0.00000000 0.00000000 0.00000000 0.00000000 0.00000000 0.00000000 0.00000000 0.00000000 0.00000000 0.00000000 0.00000000 1.00000000 0.00000000 0.00000000 0.00000000 1.00000000 
1700000019.99494 0.008569 -0.016613 -0.937476 0.347547 -1.528881 0.084124 1.217325 -0.387101 0.124455 0.013047 -0.000324 -0.001158 0.000915 -0.025321 -0.070925 -0.002657 -0.0050610 2 146.509872 146.631651 255.975887 255.440195 0.000554 0.001306 0.000122 -0.000071 -0.240813 0.240804 -0.667259 0.662411 -0.010424 -0.028615 -0.066118 146.196520 146.231324 254.868298 256.210656 0.001096 0.003788 0.001376 -0.001406 -0.334642 -0.089334 0.245163 0.905499 0.016060 -0.026636 -0.068659 0 1.00000000 0.00000000 0.00000000 1.00000000 0.00000000 1.00000000 1.00000000 0.00000000 0.00000000 1.00000000 0.00000000 1.00000000 0.00000000 0.00000000 0.00000000 0.00000000 0.00000000 0.00000000 0.00000000 0.00000000 0.00000000 0.00000000 0.00000000 0.00000000 1.00000000 0.00000000 0.00000000 0.00000000 1.00000000 
1700000020.04493 0.008702 -0.019267 -0.935919 0.351581 -1.543347 0.092350 1.215745 -0.378782 0.128611 0.002789 -0.000320 -0.001142 0.000878 -0.025211 -0.071095 -0.002429 -0.0050743 2 146.525525 146.620577 255.910884 255.411808 0.000141 0.001279 0.000366 -0.000146 -0.240875 0.240646 -0.667107 0.662599 -0.009249 -0.028883 -0.066091 146.167886 146.220126 254.850909 256.188788 0.000953 0.003959 0.001505 -0.001487 -0.334620 -0.089062 0.244869 0.905614 0.016482 -0.026330 -0.069390 0 1.00000000 0.00000000 0.00000000 1.00000000 0.00000000 1.00000000 1.00000000 0.00000000 0.00000000 1.00000000 0.00000000 1.00000000 0.00000000 0.00000000 0.00000000 0.00000000 0.00000000 0.00000000 0.00000000 0.00000000 0.00000000 0.00000000 0.00000000 0.00000000 1.00000000 0.00000000 0.00000000 0.00000000 1.00000000 
1700000020.09490 0.009071 -0.022779 -0.934321 0.355589 -1.558283 0.099689 1.214035 -0.373325 0.134504 -0.003337 -0.000313 -0.001133 0.000844 -0.025218 -0.070900 -0.002235 -0.0050959 2 146.518098 146.602090 255.906567 255.413155 0.000143 0.001297 0.000332 -0.000135 -0.240917 0.240587 -0.667058 0.662654 -0.009026 -0.028822 -0.066276 146.146985 146.211559 254.827742 256.176133 0.000769 0.004088 0.001668 -0.001574 -0.334567 -0.088901 0.244805 0.905667 0.016782 -0.026067 -0.070127 0 1.00000000 0.00000000 0.00000000 1.00000000 0.00000000 1.00000000 1.00000000 0.00000000 0.00000000 1.00000000 0.00000000 1.00000000 0.00000000 0.00000000 0.00000000 0.00000000 0.00000000 0.00000000 0.00000000 0.00000000 0.00000000 0.00000000 0.00000000 0.00000000 1.00000000 0.00000000 0.00000000 0.00000000 1.00000000 
1700000020.14492 0.009033 -0.024817 -0.932722 0.359627 -1.571949 0.108250 1.211646 -0.368230 0.143181 -0.007152 -0.000308 -0.001119 0.000805 -0.024986 -0.071052 -0.002024 -0.0050843 2 146.495602 146.597749 255.893815 255.405214 0.000078 0.001304 0.000399 -0.000156 -0.240951 0.240594 -0.667063 0.662634 -0.008707 -0.028597 -0.066813 146.112127 146.182108 254.784711 256.179174 0.000862 0.004166 0.001712 -0.001614 -0.334572 -0.088769 0.244674 0.905713 0.017044 -0.025840 -0.071019 0 1.00000000 0.00000000 0.00000000 1.00000000 0.00000000 1.00000000 1.00000000 0.00000000 0.00000000 1.00000000 0.00000000 1.00000000 0.00000000 0.00000000 0.00000000 0.00000000 0.00000000 0.00000000 0.00000000 0.00000000 0.00000000 0.00000000 0.00000000 0.00000000 1.00000000 0.00000000 0.00000000 0.00000000 1.00000000 
1700000020.19490 0.009521 -0.025841 -0.931121 0.363669 -1.587132 0.115785 1.209779 -0.364935 0.151127 -0.009944 -0.000300 -0.001111 0.000772 -0.025071 -0.070846 -0.001915 -0.0050978 2 146.477003 146.576883 255.891470 255.413589 -0.000002 0.001301 0.000456 -0.000172 -0.241014 0.240546 -0.666988 0.662704 -0.008589 -0.028687 -0.067214 146.085348 146.170665 254.781007 256.165202 0.000828 0.004285 0.001823 -0.001683 -0.334588 -0.088575 0.244627 0.905739 0.017352 -0.025520 -0.071466 0 1.00000000 0.00000000 0.00000000 1.00000000 0.00000000 1.00000000 1.00000000 0.00000000 0.00000000 1.00000000 0.00000000 1.00000000 0.00000000 0.00000000 0.00000000 0.00000000 0.00000000 0.00000000 0.00000000 0.00000000 0.00000000 0.00000000 0.00000000 0.00000000 1.00000000 0.00000000 0.00000000 0.00000000 1.00000000 
1700000020.24489 0.011276 -0.027164 -0.929483 0.367691 -1.603848 0.123933 1.208335 -0.363794 0.161081 -0.010248 -0.000296 -0.001106 0.000739 -0.024869 -0.070751 -0.001842 -0.0051090 2 146.450827 146.556720 255.902303 255.422528 -0.000058 0.001302 0.000493 -0.000182 -0.241060 0.240553 -0.666968 0.662705 -0.008694 -0.029018 -0.067438 146.072978 146.160932 254.781174 256.135151 0.000795 0.004361 0.001912 -0.001735 -0.334584 -0.088401 0.244577 0.905771 0.017552 -0.024711 -0.072208 0 1.00000000 0.00000000 0.00000000 1.00000000 0.00000000 1.00000000 1.00000000 0.00000000 0.00000000 1.00000000 0.00000000 1.00000000 0.00000000 0.00000000 0.00000000 0.00000000 0.00000000 0.00000000 0.00000000 0.00000000 0.00000000 0.00000000 0.00000000 0.00000000 1.00000000 0.00000000 0.00000000 0.00000000 1.00000000 
1700000020.29487 0.013411 -0.028803 -0.927830 0.371647 -1.619366 0.132319 1.206717 -0.364570 0.169463 -0.008277 -0.000288 -0.001099 0.000709 -0.024963 -0.070630 -0.001756 -0.0051260 2 146.418477 146.530879 255.907892 255.429941 -0.000097 0.001318 0.000524 -0.000192 -0.241111 0.240534 -0.666938 0.662724 -0.008802 -0.029503 -0.067472 146.061413 146.163792 254.774564 256.103788 0.000734 0.004444 0.001985 -0.001781 -0.334548 -0.088219 0.244522 0.905817 0.017732 -0.024075 -0.072801 0 1.00000000 0.00000000 0.00000000 1.00000000 0.00000000 1.00000000 1.00000000 0.00000000 0.00000000 1.00000000 0.00000000 1.00000000 0.00000000 0.00000000 0.00000000 0.00000000 0.00000000 0.00000000 0.00000000 0.00000000 0.00000000 0.00000000 0.00000000 0.00000000 1.00000000 0.00000000 0.00000000 0.00000000 1.00000000 
1700000020.34488 0.014838 -0.029432 -0.926222 0.375534 -1.635855 0.141287 1.205443 -0.368441 0.179553 -0.005877 -0.000282 -0.001094 0.000682 -0.024875 -0.070382 -0.001680 -0.0051247 2 146.404452 146.516033 255.907036 255.435818 -0.000174 0.001296 0.000577 -0.000205 -0.241169 0.240505 -0.666903 0.662748 -0.008836 -0.029927 -0.067531 146.055045 146.174463 254.763958 256.081431 0.000673 0.004529 0.002085 -0.001838 -0.334553 -0.088046 0.244446 0.905852 0.017987 -0.023329 -0.073350 0 1.00000000 0.00000000 0.00000000 1.00000000 0.00000000 1.00000000 1.00000000 0.00000000 0.00000000 1.00000000 0.00000000 1.00000000 0.00000000 0.00000000 0.00000000 0.00000000 0.00000000 0.00000000 0.00000000 0.00000000 0.00000000 0.00000000 0.00000000 0.00000000 1.00000000 0.00000000 0.00000000 0.00000000 1.00000000 
1700000020.39488 0.015171 -0.029183 -0.924647 0.379402 -1.654685 0.150634 1.204826 -0.372913 0.187945 -0.007040 -0.000279 -0.001093 0.000653 -0.024586 -0.070346 -0.001659 -0.0051248 2 146.392927 146.496274 255.906340 255.430045 -0.000260 0.001279 0.000629 -0.000219 -0.241231 0.240473 -0.666888 0.662752 -0.008873 -0.030082 -0.067712 146.047670 146.169282 254.733182 256.043561 0.000569 0.004578 0.002168 -0.001877 -0.334483 -0.087948 0.244398 0.905901 0.018301 -0.022954 -0.073713 0 1.00000000 0.00000000 0.00000000 1.00000000 0.00000000 1.00000000 1.00000000 0.00000000 0.00000000 1.00000000 0.00000000 1.00000000 0.00000000 0.00000000 0.00000000 0.00000000 0.00000000 0.00000000 0.00000000 0.00000000 0.00000000 0.00000000 0.00000000 0.00000000 1.00000000 0.00000000 0.00000000 0.00000000 1.00000000 
1700000020.44491 0.014554 -0.027770 -0.923137 0.383191 -1.670200 0.162200 1.202815 -0.375711 0.196762 -0.013349 -0.000276 -0.001085 0.000628 -0.024166 -0.070868 -0.001541 -0.0050878 2 146.365319 146.494164 255.890648 255.409955 -0.000193 0.001342 0.000605 -0.000220 -0.241249 0.240540 -0.667022 0.662587 -0.008693 -0.029621 -0.068069 146.052270 146.164828 254.580968 256.147420 0.000541 0.004659 0.002249 -0.001930 -0.334546 -0.088144 0.244282 0.905890 0.018711 -0.023246 -0.074425 0 1.00000000 0.00000000 0.00000000 1.00000000 0.00000000 1.00000000 1.00000000 0.00000000 0.00000000 1.00000000 0.00000000 1.00000000 0.00000000 0.00000000 0.00000000 0.00000000 0.00000000 0.00000000 0.00000000 0.00000000 0.00000000 0.00000000 0.00000000 0.00000000 1.00000000 0.00000000 0.00000000 0.00000000 1.00000000 
1700000020.49494 0.013150 -0.025442 -0.921652 0.386960 -1.688851 0.172449 1.201441 -0.377507 0.202149 -0.021534 -0.000271 -0.001085 0.000609 -0.023856 -0.070694 -0.001504 -0.0050568 2 146.355974 146.489605 255.892005 255.390722 -0.000200 0.001345 0.000606 -0.000221 -0.241305 0.240523 -0.667050 0.662544 -0.008893 -0.029436 -0.068233 146.062006 146.165694 254.561811 256.127110 0.000461 0.004699 0.002343 -0.001976 -0.334489 -0.088051 0.244271 0.905923 0.018830 -0.022980 -0.074685 0 1.00000000 0.00000000 0.00000000 1.00000000 0.00000000 1.00000000 1.00000000 0.00000000 0.00000000 1.00000000 0.00000000 1.00000000 0.00000000 0.00000000 0.00000000 0.00000000 0.00000000 0.00000000 0.00000000 0.00000000 0.00000000 0.00000000 0.00000000 0.00000000 1.00000000 0.00000000 0.00000000 0.00000000 1.00000000 
1700000020.54496 0.011817 -0.024074 -0.920138 0.390675 -1.707063 0.183753 1.199331 -0.376991 0.206819 -0.032570 -0.000269 -0.001083 0.000583 -0.023343 -0.070830 -0.001451 -0.0050381 2 146.338609 146.480165 255.879866 255.375486 -0.000207 0.001359 0.000614 -0.000226 -0.241367 0.240520 -0.667106 0.662466 -0.008894 -0.029247 -0.068474 146.079513 146.162863 254.544217 256.112453 0.000307 0.004746 0.002473 -0.002035 -0.334465 -0.087924 0.244183 0.905967 0.018953 -0.022701 -0.075045 0 1.00000000 0.00000000 0.00000000 1.00000000 0.00000000 1.00000000 1.00000000 0.00000000 0.00000000 1.00000000 0.00000000 1.00000000 0.00000000 0.00000000 0.00000000 0.00000000 0.00000000 0.00000000 0.00000000 0.00000000 0.00000000 0.00000000 0.00000000 0.00000000 1.00000000 0.00000000 0.00000000 0.00000000 1.00000000 
1700000020.59496 0.011167 -0.023780 -0.918579 0.394362 -1.725206 0.194118 1.196872 -0.375281 0.209424 -0.043428 -0.000263 -0.001082 0.000555 -0.023197 -0.070830 -0.001427 -0.0050379 2 146.326341 146.472223 255.874454 255.375034 -0.000194 0.001375 0.000599 -0.000223 -0.241429 0.240537 -0.667101 0.662443 -0.008881 -0.029178 -0.068494 146.097565 146.176332 254.522597 256.095247 0.000188 0.004770 0.002591 -0.002087 -0.334442 -0.087860 0.244195 0.905979 0.019006 -0.022289 -0.075273 0 1.00000000 0.00000000 0.00000000 1.00000000 0.00000000 1.00000000 1.00000000 0.00000000 0.00000000 1.00000000 0.00000000 1.00000000 0.00000000 0.00000000 0.00000000 0.00000000 0.00000000 0.00000000 0.00000000 0.00000000 0.00000000 0.00000000 0.00000000 0.00000000 1.00000000 0.00000000 0.00000000 0.00000000 1.00000000 
1700000020.64497 0.011224 -0.024002 -0.917006 0.397992 -1.743216 0.204686 1.194010 -0.373366 0.212709 -0.051476 -0.000258 -0.001080 0.000537 -0.023022 -0.070725 -0.001393 -0.0050313 2 146.312115 146.467146 255.871848 255.378476 -0.000156 0.001405 0.000567 -0.000216 -0.241495 0.240532 -0.667107 0.662415 -0.008999 -0.029063 -0.068656 146.112513 146.197269 254.500447 256.074319 0.000024 0.004800 0.002721 -0.002142 -0.334389 -0.087783 0.244196 0.906006 0.019080 -0.021419 -0.076098 0 1.00000000 0.00000000 0.00000000 1.00000000 0.00000000 1.00000000 1.00000000 0.00000000 0.00000000 1.00000000 0.00000000 1.00000000 0.00000000 0.00000000 0.00000000 0.00000000 0.00000000 0.00000000 0.00000000 0.00000000 0.00000000 0.00000000 0.00000000 0.00000000 1.00000000 0.00000000 0.00000000 0.00000000 1.00000000 
1700000020.69498 0.011325 -0.023768 -0.915448 0.401574 -1.760417 0.215107 1.190889 -0.371685 0.215299 -0.052799 -0.000249 -0.001077 0.000528 -0.023057 -0.070479 -0.001354 -0.0050160 2 146.305101 146.463374 255.856434 255.371740 -0.000084 0.001445 0.000515 -0.000205 -0.241563 0.240492 -0.667089 0.662422 -0.008967 -0.028780 -0.068762 146.123336 146.213796 254.489793 256.053162 -0.000153 0.004819 0.002865 -0.002200 -0.334330 -0.087677 0.244194 0.906038 0.019136 -0.020872 -0.076696 0 1.00000000 0.00000000 0.00000000 1.00000000 0.00000000 1.00000000 1.00000000 0.00000000 0.00000000 1.00000000 0.00000000 1.00000000 0.00000000 0.00000000 0.00000000 0.00000000 0.00000000 0.00000000 0.00000000 0.00000000 0.00000000 0.00000000 0.00000000 0.00000000 1.00000000 0.00000000 0.00000000 0.00000000 1.00000000 
1700000020.74501 0.011194 -0.022652 -0.913936 0.405071 -1.776159 0.228094 1.187435 -0.368973 0.219242 -0.050515 -0.000250 -0.001064 0.000534 -0.022730 -0.071371 -0.001256 -0.0049876 2 146.289591 146.471669 255.825064 255.331025 0.000052 0.001521 0.000445 -0.000195 -0.241574 0.240505 -0.667297 0.662204 -0.008841 -0.028048 -0.068758 146.124928 146.218575 254.441662 256.093288 -0.000422 0.004911 0.002969 -0.002247 -0.334305 -0.087687 0.244024 0.906093 0.018998 -0.022470 -0.076095 0 1.00000000 0.00000000 0.00000000 1.00000000 0.00000000 1.00000000 1.00000000 0.00000000 0.00000000 1.00000000 0.00000000 1.00000000 0.00000000 0.00000000 0.00000000 0.00000000 0.00000000 0.00000000 0.00000000 0.00000000 0.00000000 0.00000000 0.00000000 0.00000000 1.00000000 0.00000000 0.00000000 0.00000000 1.00000000 
1700000020.79501 0.010538 -0.021558 -0.912398 0.408601 -1.793876 0.238873 1.184562 -0.367059 0.220276 -0.048698 -0.000245 -0.001061 0.000515 -0.022767 -0.071187 -0.001230 -0.0049946 2 146.280598 146.462370 255.806720 255.357757 -0.000010 0.001519 0.000492 -0.000210 -0.241690 0.240459 -0.667270 0.662205 -0.008818 -0.028116 -0.069121 146.133577 146.230015 254.398350 256.102232 -0.000456 0.004909 0.003055 -0.002285 -0.334302 -0.087666 0.244008 0.906100 0.019291 -0.022086 -0.076474 0 1.00000000 0.00000000 0.00000000 1.00000000 0.00000000 1.00000000 1.00000000 0.00000000 0.00000000 1.00000000 0.00000000 1.00000000 0.00000000 0.00000000 0.00000000 0.00000000 0.00000000 0.00000000 0.00000000 0.00000000 0.00000000 0.00000000 0.00000000 0.00000000 1.00000000 0.00000000 0.00000000 0.00000000 1.00000000 
1700000020.84501 0.009541 -0.020180 -0.910886 0.412053 -1.811491 0.249452 1.181949 -0.363373 0.220320 -0.044577 -0.000239 -0.001059 0.000500 -0.022869 -0.071227 -0.001235 -0.0049910 2 146.265306 146.448161 255.809858 255.356880 0.000021 0.001545 0.000468 -0.000205 -0.241728 0.240445 -0.667247 0.662220 -0.008912 -0.027994 -0.069356 146.149707 146.253424 254.382928 256.083893 -0.000580 0.004884 0.003192 -0.002334 -0.334272 -0.087618 0.244017 0.906113 0.019379 -0.021572 -0.076870 0 1.00000000 0.00000000 0.00000000 1.00000000 0.00000000 1.00000000 1.00000000 0.00000000 0.00000000 1.00000000 0.00000000 1.00000000 0.00000000 0.00000000 0.00000000 0.00000000 0.00000000 0.00000000 0.00000000 0.00000000 0.00000000 0.00000000 0.00000000 0.00000000 1.00000000 0.00000000 0.00000000 0.00000000 1.00000000 
1700000020.89499 0.009271 -0.019542 -0.909336 0.415499 -1.829197 0.259748 1.179613 -0.359785 0.219223 -0.039826 -0.000231 -0.001059 0.000479 -0.022866 -0.071064 -0.001236 -0.0050149 2 146.241260 146.439245 255.803762 255.362427 -0.000002 0.001562 0.000489 -0.000215 -0.241802 0.240458 -0.667214 0.662222 -0.009036 -0.027751 -0.069728 146.154217 146.260421 254.367249 256.068251 -0.000668 0.004868 0.003297 -0.002373 -0.334240 -0.087579 0.244083 0.906111 0.019371 -0.021228 -0.077142 0 1.00000000 0.00000000 0.00000000 1.00000000 0.00000000 1.00000000 1.00000000 0.00000000 0.00000000 1.00000000 0.00000000 1.00000000 0.00000000 0.00000000 0.00000000 0.00000000 0.00000000 0.00000000 0.00000000 0.00000000 0.00000000 0.00000000 0.00000000 0.00000000 1.00000000 0.00000000 0.00000000 0.00000000 1.00000000 
1700000020.94494 0.010128 -0.021227 -0.907753 0.418846 -1.846648 0.270445 1.177465 -0.356147 0.219073 -0.036393 -0.000224 -0.001057 0.000465 -0.022934 -0.071018 -0.001233 -0.0050609 2 146.220891 146.421314 255.787775 255.349355 0.000052 0.001592 0.000447 -0.000206 -0.241870 0.240424 -0.667207 0.662216 -0.009101 -0.027498 -0.069793 146.163047 146.258285 254.358775 256.050622 -0.000775 0.004834 0.003427 -0.002419 -0.334205 -0.087514 0.244099 0.906126 0.019456 -0.021011 -0.077251 0 1.00000000 0.00000000 0.00000000 1.00000000 0.00000000 1.00000000 1.00000000 0.00000000 0.00000000 1.00000000 0.00000000 1.00000000 0.00000000 0.00000000 0.00000000 0.00000000 0.00000000 0.00000000 0.00000000 0.00000000 0.00000000 0.00000000 0.00000000 0.00000000 1.00000000 0.00000000 0.00000000 0.00000000 1.00000000 
1700000020.99491 0.011300 -0.023892 -0.906150 0.422130 -1.864360 0.281450 1.175442 -0.354940 0.220663 -0.035638 -0.000220 -0.001057 0.000453 -0.022813 -0.071006 -0.001217 -0.0050935 2 146.197101 146.404335 255.777463 255.335816 0.000096 0.001622 0.000409 -0.000198 -0.241935 0.240397 -0.667227 0.662181 -0.009279 -0.027317 -0.069849 146.176413 146.263503 254.365408 256.020129 -0.001014 0.004779 0.003625 -0.002482 -0.334133 -0.087425 0.244116 0.906156 0.019445 -0.020987 -0.077265 0 1.00000000 0.00000000 0.00000000 1.00000000 0.00000000 1.00000000 1.00000000 0.00000000 0.00000000 1.00000000 0.00000000 1.00000000 0.00000000 0.00000000 0.00000000 0.00000000 0.00000000 0.00000000 0.00000000 0.00000000 0.00000000 0.00000000 0.00000000 0.00000000 1.00000000 0.00000000 0.00000000 0.00000000 1.00000000 
1700000021.04491 0.011321 -0.024790 -0.904604 0.425381 -1.881928 0.292680 1.173390 -0.354565 0.223159 -0.036431 -0.000215 -0.001056 0.000443 -0.022631 -0.070875 -0.001199 -0.0050913 2 146.178920 146.393338 255.765140 255.327577 0.000161 0.001652 0.000370 -0.000190 -0.242000 0.240372 -0.667250 0.662144 -0.009393 -0.027280 -0.069728 146.187293 146.262024 254.349316 256.007926 -0.001143 0.004751 0.003737 -0.002519 -0.334095 -0.087344 0.244115 0.906178 0.019576 -0.020971 -0.077396 0 1.00000000 0.00000000 0.00000000 1.00000000 0.00000000 1.00000000 1.00000000 0.00000000 0.00000000 1.00000000 0.00000000 1.00000000 0.00000000 0.00000000 0.00000000 0.00000000 0.00000000 0.00000000 0.00000000 0.00000000 0.00000000 0.00000000 0.00000000 0.00000000 1.00000000 0.00000000 0.00000000 0.00000000 1.00000000 
1700000021.09492 0.009329 -0.023270 -0.903137 0.428621 -1.900105 0.304045 1.171436 -0.354626 0.225834 -0.035705 -0.000212 -0.001058 0.000439 -0.022378 -0.070802 -0.001195 -0.0050847 2 146.156092 146.381623 255.757785 255.314495 0.000204 0.001675 0.000347 -0.000186 -0.242062 0.240346 -0.667266 0.662114 -0.009590 -0.027170 -0.069681 146.203650 146.265283 254.358452 255.972123 -0.001311 0.004688 0.003874 -0.002557 -0.334025 -0.087266 0.244158 0.906200 0.019502 -0.020906 -0.077405 0 1.00000000 0.00000000 0.00000000 1.00000000 0.00000000 1.00000000 1.00000000 0.00000000 0.00000000 1.00000000 0.00000000 1.00000000 0.00000000 0.00000000 0.00000000 0.00000000 0.00000000 0.00000000 0.00000000 0.00000000 0.00000000 0.00000000 0.00000000 0.00000000 1.00000000 0.00000000 0.00000000 0.00000000 1.00000000 
1700000021.14492 0.006152 -0.020449 -0.901723 0.431787 -1.918282 0.315664 1.169536 -0.351380 0.228156 -0.032415 -0.000209 -0.001060 0.000435 -0.022062 -0.070785 -0.001187 -0.0050752 2 146.131804 146.366962 255.751755 255.294930 0.000243 0.001691 0.000329 -0.000183 -0.242111 0.240326 -0.667280 0.662090 -0.009728 -0.027223 -0.069433 146.219106 146.266430 254.351526 255.940923 -0.001453 0.004635 0.004009 -0.002597 -0.333963 -0.087220 0.244215 0.906212 0.019482 -0.020828 -0.077418 0 1.00000000 0.00000000 0.00000000 1.00000000 0.00000000 1.00000000 1.00000000 0.00000000 0.00000000 1.00000000 0.00000000 1.00000000 0.00000000 0.00000000 0.00000000 0.00000000 0.00000000 0.00000000 0.00000000 0.00000000 0.00000000 0.00000000 0.00000000 0.00000000 1.00000000 0.00000000 0.00000000 0.00000000 1.00000000 
1700000021.19492 0.002921 -0.017838 -0.900307 0.434880 -1.936106 0.327104 1.167774 -0.344499 0.228815 -0.028858 -0.000206 -0.001063 0.000429 -0.021769 -0.070671 -0.001178 -0.0050762 2 146.097269 146.349108 255.744500 255.284076 0.000248 0.001699 0.000342 -0.000189 -0.242170 0.240319 -0.667271 0.662080 -0.009874 -0.027577 -0.069003 146.229970 146.261273 254.353917 255.918903 -0.001564 0.004562 0.004148 -0.002637 -0.333920 -0.087193 0.244303 0.906207 0.019341 -0.020765 -0.077486 0 1.00000000 0.00000000 0.00000000 1.00000000 0.00000000 1.00000000 1.00000000 0.00000000 0.00000000 1.00000000 0.00000000 1.00000000 0.00000000 0.00000000 0.00000000 0.00000000 0.00000000 0.00000000 0.00000000 0.00000000 0.00000000 0.00000000 0.00000000 0.00000000 1.00000000 0.00000000 0.00000000 0.00000000 1.00000000 
1700000021.24493 0.000616 -0.015917 -0.898870 0.437927 -1.953439 0.338684 1.166235 -0.333633 0.228858 -0.023570 -0.000203 -0.001064 0.000423 -0.021495 -0.070519 -0.001154 -0.0050723 2 146.065273 146.330501 255.735654 255.270482 0.000250 0.001704 0.000363 -0.000197 -0.242222 0.240291 -0.667227 0.662115 -0.009893 -0.028221 -0.068428 146.235612 146.253728 254.338999 255.906522 -0.001687 0.004525 0.004289 -0.002684 -0.333878 -0.087185 0.244349 0.906211 0.019399 -0.020881 -0.077502 0 1.00000000 0.00000000 0.00000000 1.00000000 0.00000000 1.00000000 1.00000000 0.00000000 0.00000000 1.00000000 0.00000000 1.00000000 0.00000000 0.00000000 0.00000000 0.00000000 0.00000000 0.00000000 0.00000000 0.00000000 0.00000000 0.00000000 0.00000000 0.00000000 1.00000000 0.00000000 0.00000000 0.00000000 1.00000000 
1700000021.29491 -0.000093 -0.015487 -0.897409 0.440928 -1.970223 0.350144 1.164953 -0.322218 0.228258 -0.021730 -0.000200 -0.001065 0.000417 -0.021258 -0.070406 -0.001139 -0.0050880 2 146.037999 146.316562 255.730727 255.263967 0.000298 0.001713 0.000345 -0.000193 -0.242278 0.240285 -0.667206 0.662118 -0.010010 -0.028390 -0.068186 146.246563 146.246700 254.334458 255.893028 -0.001807 0.004477 0.004419 -0.002725 -0.333853 -0.087166 0.244419 0.906203 0.019359 -0.020757 -0.077639 0 1.00000000 0.00000000 0.00000000 1.00000000 0.00000000 1.00000000 1.00000000 0.00000000 0.00000000 1.00000000 0.00000000 1.00000000 0.00000000 0.00000000 0.00000000 0.00000000 0.00000000 0.00000000 0.00000000 0.00000000 0.00000000 0.00000000 0.00000000 0.00000000 1.00000000 0.00000000 0.00000000 0.00000000 1.00000000 
1700000021.34489 0.000611 -0.017783 -0.895934 0.443830 -1.986615 0.361831 1.163742 -0.311100 0.228470 -0.023448 -0.000200 -0.001065 0.000412 -0.020937 -0.070466 -0.001108 -0.0051126 2 146.010435 146.302340 255.720912 255.250348 0.000315 0.001730 0.000325 -0.000190 -0.242337 0.240286 -0.667213 0.662089 -0.010110 -0.028414 -0.067940 146.263323 146.251690 254.340791 255.873448 -0.001916 0.004354 0.004566 -0.002758 -0.333820 -0.087156 0.244485 0.906198 0.019125 -0.020802 -0.077419 0 1.00000000 0.00000000 0.00000000 1.00000000 0.00000000 1.00000000 1.00000000 0.00000000 0.00000000 1.00000000 0.00000000 1.00000000 0.00000000 0.00000000 0.00000000 0.00000000 0.00000000 0.00000000 0.00000000 0.00000000 0.00000000 0.00000000 0.00000000 0.00000000 1.00000000 0.00000000 0.00000000 0.00000000 1.00000000 
1700000021.39484 0.001055 -0.020470 -0.894490 0.446617 -2.003082 0.372848 1.162377 -0.303641 0.229880 -0.028210 -0.000195 -0.001071 0.000393 -0.020609 -0.070148 -0.001111 -0.0051590 2 145.972608 146.279285 255.718429 255.275634 0.000208 0.001717 0.000397 -0.000212 -0.242417 0.240337 -0.667218 0.662037 -0.010366 -0.028964 -0.067554 146.270848 146.225664 254.336008 255.856078 -0.001914 0.004217 0.004629 -0.002760 -0.333797 -0.087207 0.244632 0.906162 0.018840 -0.020705 -0.077356 0 1.00000000 0.00000000 0.00000000 1.00000000 0.00000000 1.00000000 1.00000000 0.00000000 0.00000000 1.00000000 0.00000000 1.00000000 0.00000000 0.00000000 0.00000000 0.00000000 0.00000000 0.00000000 0.00000000 0.00000000 0.00000000 0.00000000 0.00000000 0.00000000 1.00000000 0.00000000 0.00000000 0.00000000 1.00000000 
1700000021.44482 0.000624 -0.021771 -0.893166 0.449199 -2.019219 0.384563 1.160714 -0.296587 0.233655 -0.034455 -0.000192 -0.001076 0.000379 -0.020027 -0.069957 -0.001075 -0.0051798 2 145.954964 146.268896 255.703007 255.268484 0.000151 0.001673 0.000433 -0.000218 -0.242459 0.240371 -0.667225 0.662002 -0.010368 -0.029204 -0.067192 146.281921 146.219256 254.315064 255.836685 -0.001891 0.004077 0.004696 -0.002764 -0.333771 -0.087229 0.244744 0.906139 0.018690 -0.020423 -0.077393 0 1.00000000 0.00000000 0.00000000 1.00000000 0.00000000 1.00000000 1.00000000 0.00000000 0.00000000 1.00000000 0.00000000 1.00000000 0.00000000 0.00000000 0.00000000 0.00000000 0.00000000 0.00000000 0.00000000 0.00000000 0.00000000 0.00000000 0.00000000 0.00000000 1.00000000 0.00000000 0.00000000 0.00000000 1.00000000 
1700000021.49481 -0.000185 -0.021942 -0.891946 0.451609 -2.034957 0.396369 1.158779 -0.290024 0.237481 -0.038504 -0.000189 -0.001082 0.000369 -0.019570 -0.069781 -0.001071 -0.0051875 2 145.940863 146.252013 255.689936 255.241215 0.000019 0.001626 0.000502 -0.000235 -0.242442 0.240393 -0.667221 0.662004 -0.010173 -0.029548 -0.066746 146.288315 146.200702 254.300238 255.826914 -0.001793 0.004002 0.004700 -0.002757 -0.333782 -0.087261 0.244857 0.906102 0.018511 -0.020172 -0.077417 0 1.00000000 0.00000000 0.00000000 1.00000000 0.00000000 1.00000000 1.00000000 0.00000000 0.00000000 1.00000000 0.00000000 1.00000000 0.00000000 0.00000000 0.00000000 0.00000000 0.00000000 0.00000000 0.00000000 0.00000000 0.00000000 0.00000000 0.00000000 0.00000000 1.00000000 0.00000000 0.00000000 0.00000000 1.00000000 
1700000021.54481 -0.001051 -0.021894 -0.890835 0.453799 -2.050249 0.408669 1.156542 -0.282551 0.242181 -0.043510 -0.000187 -0.001086 0.000358 -0.019104 -0.069684 -0.001043 -0.0051880 2 145.933990 146.245166 255.676466 255.210460 0.000036 0.001588 0.000492 -0.000227 -0.242454 0.240389 -0.667203 0.662019 -0.010021 -0.029639 -0.066377 146.299785 146.200034 254.274263 255.806623 -0.001723 0.003953 0.004716 -0.002762 -0.333754 -0.087268 0.244917 0.906095 0.018527 -0.019910 -0.077368 0 1.00000000 0.00000000 0.00000000 1.00000000 0.00000000 1.00000000 1.00000000 0.00000000 0.00000000 1.00000000 0.00000000 1.00000000 0.00000000 0.00000000 0.00000000 0.00000000 0.00000000 0.00000000 0.00000000 0.00000000 0.00000000 0.00000000 0.00000000 0.00000000 1.00000000 0.00000000 0.00000000 0.00000000 1.00000000 
1700000021.59481 -0.001318 -0.021719 -0.889825 0.455783 -2.065007 0.421014 1.154117 -0.275693 0.246673 -0.045030 -0.000184 -0.001089 0.000347 -0.018675 -0.069498 -0.001018 -0.0051868 2 145.925589 146.235020 255.664145 255.202474 0.000000 0.001550 0.000514 -0.000230 -0.242480 0.240402 -0.667215 0.661993 -0.009950 -0.029826 -0.066030 146.321485 146.201195 254.247153 255.800554 -0.001651 0.003880 0.004733 -0.002761 -0.333759 -0.087321 0.245008 0.906063 0.018455 -0.019533 -0.077354 0 1.00000000 0.00000000 0.00000000 1.00000000 0.00000000 1.00000000 1.00000000 0.00000000 0.00000000 1.00000000 0.00000000 1.00000000 0.00000000 0.00000000 0.00000000 0.00000000 0.00000000 0.00000000 0.00000000 0.00000000 0.00000000 0.00000000 0.00000000 0.00000000 1.00000000 0.00000000 0.00000000 0.00000000 1.00000000 
1700000021.64482 -0.000758 -0.021454 -0.888922 0.457556 -2.078995 0.434077 1.151646 -0.268382 0.251386 -0.043836 -0.000184 -0.001088 0.000346 -0.018241 -0.069420 -0.000953 -0.0051814 2 145.919012 146.229782 255.644512 255.164155 0.000098 0.001548 0.000450 -0.000210 -0.242489 0.240368 -0.667188 0.662029 -0.009761 -0.029608 -0.066033 146.328614 146.209683 254.212529 255.805000 -0.001648 0.003870 0.004776 -0.002778 -0.333768 -0.087343 0.245002 0.906060 0.018608 -0.018971 -0.077832 0 1.00000000 0.00000000 0.00000000 1.00000000 0.00000000 1.00000000 1.00000000 0.00000000 0.00000000 1.00000000 0.00000000 1.00000000 0.00000000 0.00000000 0.00000000 0.00000000 0.00000000 0.00000000 0.00000000 0.00000000 0.00000000 0.00000000 0.00000000 0.00000000 1.00000000 0.00000000 0.00000000 0.00000000 1.00000000 
1700000021.69482 0.000016 -0.021956 -0.888136 0.459057 -2.092281 0.447119 1.149441 -0.262227 0.255200 -0.039590 -0.000182 -0.001087 0.000349 -0.017951 -0.069363 -0.000897 -0.0051792 2 145.922222 146.228515 255.620223 255.131044 0.000207 0.001545 0.000375 -0.000187 -0.242492 0.240332 -0.667196 0.662033 -0.009559 -0.029412 -0.065614 146.342320 146.226901 254.187908 255.806431 -0.001615 0.003849 0.004780 -0.002779 -0.333775 -0.087374 0.245026 0.906048 0.018630 -0.018701 -0.077799 0 1.00000000 0.00000000 0.00000000 1.00000000 0.00000000 1.00000000 1.00000000 0.00000000 0.00000000 1.00000000 0.00000000 1.00000000 0.00000000 0.00000000 0.00000000 0.00000000 0.00000000 0.00000000 0.00000000 0.00000000 0.00000000 0.00000000 0.00000000 0.00000000 1.00000000 0.00000000 0.00000000 0.00000000 1.00000000 
1700000021.74482 0.000480 -0.023676 -0.887464 0.460268 -2.105095 0.460218 1.147572 -0.256758 0.259394 -0.033955 -0.000180 -0.001085 0.000357 -0.017706 -0.069294 -0.000847 -0.0051829 2 145.926067 146.227691 255.593085 255.097293 0.000342 0.001545 0.000281 -0.000158 -0.242496 0.240283 -0.667196 0.662050 -0.009350 -0.029095 -0.065381 146.349464 146.242378 254.181141 255.797990 -0.001623 0.003835 0.004815 -0.002791 -0.333770 -0.087363 0.245036 0.906048 0.018652 -0.018482 -0.077730 0 1.00000000 0.00000000 0.00000000 1.00000000 0.00000000 1.00000000 1.00000000 0.00000000 0.00000000 1.00000000 0.00000000 1.00000000 0.00000000 0.00000000 0.00000000 0.00000000 0.00000000 0.00000000 0.00000000 0.00000000 0.00000000 0.00000000 0.00000000 0.00000000 1.00000000 0.00000000 0.00000000 0.00000000 1.00000000 
1700000021.79481 0.001458 -0.027217 -0.886854 0.461245 -2.117600 0.473719 1.145861 -0.253481 0.265328 -0.032220 -0.000178 -0.001082 0.000361 -0.017497 -0.069328 -0.000794 -0.0051946 2 145.924744 146.222678 255.564414 255.063371 0.000469 0.001547 0.000194 -0.000131 -0.242505 0.240235 -0.667205 0.662054 -0.009192 -0.028762 -0.065240 146.359072 146.251400 254.158053 255.803954 -0.001649 0.003838 0.004840 -0.002802 -0.333770 -0.087392 0.245044 0.906043 0.018784 -0.018405 -0.077602 0 1.00000000 0.00000000 0.00000000 1.00000000 0.00000000 1.00000000 1.00000000 0.00000000 0.00000000 1.00000000 0.00000000 1.00000000 0.00000000 0.00000000 0.00000000 0.00000000 0.00000000 0.00000000 0.00000000 0.00000000 0.00000000 0.00000000 0.00000000 0.00000000 1.00000000 0.00000000 0.00000000 0.00000000 1.00000000 
1700000021.84481 0.001927 -0.029796 -0.886367 0.462020 -2.130143 0.487657 1.144120 -0.252266 0.274015 -0.032976 -0.000178 -0.001080 0.000362 -0.017391 -0.069461 -0.000763 -0.0051873 2 145.922406 146.214876 255.539572 255.037385 0.000548 0.001537 0.000143 -0.000114 -0.242516 0.240202 -0.667234 0.662033 -0.009003 -0.028590 -0.065049 146.373375 146.251800 254.116748 255.812652 -0.001703 0.003847 0.004850 -0.002807 -0.333747 -0.087493 0.245051 0.906040 0.018962 -0.018474 -0.077453 0 1.00000000 0.00000000 0.00000000 1.00000000 0.00000000 1.00000000 1.00000000 0.00000000 0.00000000 1.00000000 0.00000000 1.00000000 0.00000000 0.00000000 0.00000000 0.00000000 0.00000000 0.00000000 0.00000000 0.00000000 0.00000000 0.00000000 0.00000000 0.00000000 1.00000000 0.00000000 0.00000000 0.00000000 1.00000000 
1700000021.89485 0.001259 -0.029956 -0.886085 0.462552 -2.142757 0.502011 1.142250 -0.252255 0.282224 -0.037638 -0.000176 -0.001079 0.000372 -0.017155 -0.069399 -0.000721 -0.0051551 2 145.929002 146.211491 255.526666 254.996987 0.000710 0.001562 0.000023 -0.000079 -0.242476 0.240155 -0.667270 0.662028 -0.008841 -0.028258 -0.064683 146.395558 146.261341 254.089837 255.816672 -0.001726 0.003854 0.004854 -0.002811 -0.333747 -0.087560 0.245063 0.906030 0.019049 -0.018270 -0.077401 0 1.00000000 0.00000000 0.00000000 1.00000000 0.00000000 1.00000000 1.00000000 0.00000000 0.00000000 1.00000000 0.00000000 1.00000000 0.00000000 0.00000000 0.00000000 0.00000000 0.00000000 0.00000000 0.00000000 0.00000000 0.00000000 0.00000000 0.00000000 0.00000000 1.00000000 0.00000000 0.00000000 0.00000000 1.00000000 
1700000021.94489 0.000017 -0.028729 -0.885951 0.462888 -2.155674 0.516997 1.140034 -0.251214 0.291917 -0.042283 -0.000174 -0.001080 0.000377 -0.016829 -0.069344 -0.000676 -0.0051105 2 145.925890 146.209905 255.510984 254.955973 0.000835 0.001559 -0.000052 -0.000056 -0.242470 0.240108 -0.667267 0.662051 -0.008705 -0.028034 -0.064782 146.412021 146.270345 254.051711 255.813678 -0.001752 0.003888 0.004844 -0.002813 -0.333722 -0.087625 0.245030 0.906042 0.019235 -0.018136 -0.077407 0 1.00000000 0.00000000 0.00000000 1.00000000 0.00000000 1.00000000 1.00000000 0.00000000 0.00000000 1.00000000 0.00000000 1.00000000 0.00000000 0.00000000 0.00000000 0.00000000 0.00000000 0.00000000 0.00000000 0.00000000 0.00000000 0.00000000 0.00000000 0.00000000 1.00000000 0.00000000 0.00000000 0.00000000 1.00000000 
1700000021.99492 -0.001454 -0.025779 -0.885952 0.463058 -2.167869 0.532516 1.137837 -0.247839 0.298985 -0.040845 -0.000175 -0.001079 0.000382 -0.016742 -0.069648 -0.000668 -0.0050779 2 145.922306 146.203053 255.483743 254.888069 0.000736 0.001563 -0.000022 -0.000065 -0.242399 0.240059 -0.667248 0.662114 -0.008353 -0.027947 -0.064925 146.422617 146.266554 254.022980 255.807625 -0.001834 0.003953 0.004867 -0.002831 -0.333715 -0.087643 0.244997 0.906052 0.019464 -0.018052 -0.077489 0 1.00000000 0.00000000 0.00000000 1.00000000 0.00000000 1.00000000 1.00000000 0.00000000 0.00000000 1.00000000 0.00000000 1.00000000 0.00000000 0.00000000 0.00000000 0.00000000 0.00000000 0.00000000 0.00000000 0.00000000 0.00000000 0.00000000 0.00000000 0.00000000 1.00000000 0.00000000 0.00000000 0.00000000 1.00000000 
1700000022.04497 -0.003138 -0.022430 -0.886045 0.463046 -2.180045 0.548318 1.135761 -0.241901 0.304623 -0.036413 -0.000173 -0.001075 0.000390 -0.016480 -0.069617 -0.000605 -0.0050303 2 145.925182 146.210097 255.453470 254.860271 0.000820 0.001562 -0.000075 -0.000049 -0.242411 0.240022 -0.667260 0.662110 -0.008040 -0.027998 -0.064567 146.454447 146.279042 253.969580 255.844543 -0.002000 0.004054 0.004903 -0.002858 -0.333751 -0.087757 0.245010 0.906024 0.019763 -0.018087 -0.077340 0 1.00000000 0.00000000 0.00000000 1.00000000 0.00000000 1.00000000 1.00000000 0.00000000 0.00000000 1.00000000 0.00000000 1.00000000 0.00000000 0.00000000 0.00000000 0.00000000 0.00000000 0.00000000 0.00000000 0.00000000 0.00000000 0.00000000 0.00000000 0.00000000 1.00000000 0.00000000 0.00000000 0.00000000 1.00000000 
1700000022.09500 -0.004788 -0.019522 -0.886187 0.462891 -2.192450 0.564208 1.133952 -0.234196 0.307068 -0.031498 -0.000172 -0.001076 0.000399 -0.016195 -0.069539 -0.000564 -0.0049960 2 145.922094 146.210790 255.434238 254.820763 0.000909 0.001549 -0.000129 -0.000031 -0.242407 0.239980 -0.667249 0.662138 -0.007781 -0.028175 -0.064203 146.465277 146.284611 253.952138 255.839772 -0.002003 0.004097 0.004891 -0.002861 -0.333736 -0.087786 0.245005 0.906028 0.019811 -0.018127 -0.077131 0 1.00000000 0.00000000 0.00000000 1.00000000 0.00000000 1.00000000 1.00000000 0.00000000 0.00000000 1.00000000 0.00000000 1.00000000 0.00000000 0.00000000 0.00000000 0.00000000 0.00000000 0.00000000 0.00000000 0.00000000 0.00000000 0.00000000 0.00000000 0.00000000 1.00000000 0.00000000 0.00000000 0.00000000 1.00000000 
1700000022.14505 -0.005304 -0.017598 -0.886408 0.462540 -2.204687 0.580304 1.132483 -0.223999 0.308063 -0.024595 -0.000172 -0.001075 0.000414 -0.015870 -0.069408 -0.000515 -0.0049540 2 145.923717 146.213745 255.416069 254.776394 0.001067 0.001521 -0.000217 -0.000000 -0.242385 0.239934 -0.667257 0.662155 -0.007396 -0.028280 -0.063711 146.482532 146.293769 253.938897 255.820473 -0.002076 0.004135 0.004907 -0.002870 -0.333700 -0.087827 0.245015 0.906035 0.019766 -0.017921 -0.077062 0 1.00000000 0.00000000 0.00000000 1.00000000 0.00000000 1.00000000 1.00000000 0.00000000 0.00000000 1.00000000 0.00000000 1.00000000 0.00000000 0.00000000 0.00000000 0.00000000 0.00000000 0.00000000 0.00000000 0.00000000 0.00000000 0.00000000 0.00000000 0.00000000 1.00000000 0.00000000 0.00000000 0.00000000 1.00000000 
1700000022.19507 -0.005263 -0.015798 -0.886682 0.462081 -2.216434 0.596348 1.131466 -0.214126 0.307630 -0.014483 -0.000171 -0.001074 0.000421 -0.015612 -0.069310 -0.000467 -0.0049320 2 145.920698 146.210950 255.401228 254.745200 0.001167 0.001503 -0.000280 0.000021 -0.242366 0.239913 -0.667277 0.662150 -0.007055 -0.029109 -0.062341 146.505770 146.306030 253.916110 255.812710 -0.002138 0.004136 0.004922 -0.002874 -0.333688 -0.087906 0.245043 0.906024 0.019673 -0.017735 -0.076872 0 1.00000000 0.00000000 0.00000000 1.00000000 0.00000000 1.00000000 1.00000000 0.00000000 0.00000000 1.00000000 0.00000000 1.00000000 0.00000000 0.00000000 0.00000000 0.00000000 0.00000000 0.00000000 0.00000000 0.00000000 0.00000000 0.00000000 0.00000000 0.00000000 1.00000000 0.00000000 0.00000000 0.00000000 1.00000000 
1700000022.24506 -0.005282 -0.015314 -0.886975 0.461533 -2.227929 0.612142 1.130903 -0.203173 0.306319 -0.002720 -0.000172 -0.001073 0.000420 -0.015341 -0.069181 -0.000413 -0.0049403 2 145.919118 146.210968 255.384316 254.758962 0.001119 0.001452 -0.000235 0.000012 -0.242424 0.239909 -0.667286 0.662121 -0.006794 -0.029648 -0.061908 146.521394 146.321348 253.894855 255.804466 -0.002229 0.004142 0.004950 -0.002881 -0.333660 -0.088006 0.245097 0.906010 0.019555 -0.017564 -0.076713 0 1.00000000 0.00000000 0.00000000 1.00000000 0.00000000 1.00000000 1.00000000 0.00000000 0.00000000 1.00000000 0.00000000 1.00000000 0.00000000 0.00000000 0.00000000 0.00000000 0.00000000 0.00000000 0.00000000 0.00000000 0.00000000 0.00000000 0.00000000 0.00000000 1.00000000 0.00000000 0.00000000 0.00000000 1.00000000 
1700000022.29507 -0.004709 -0.018011 -0.887267 0.460881 -2.238456 0.628060 1.130952 -0.194429 0.306047 0.008763 -0.000172 -0.001073 0.000422 -0.015128 -0.069160 -0.000375 -0.0049264 2 145.911777 146.210935 255.366317 254.732862 0.001152 0.001416 -0.000242 0.000018 -0.242449 0.239876 -0.667261 0.662148 -0.006673 -0.029878 -0.061951 146.530761 146.323785 253.867754 255.799517 -0.002331 0.004197 0.004970 -0.002894 -0.333638 -0.088062 0.245063 0.906022 0.019663 -0.017567 -0.076641 0 1.00000000 0.00000000 0.00000000 1.00000000 0.00000000 1.00000000 1.00000000 0.00000000 0.00000000 1.00000000 0.00000000 1.00000000 0.00000000 0.00000000 0.00000000 0.00000000 0.00000000 0.00000000 0.00000000 0.00000000 0.00000000 0.00000000 0.00000000 0.00000000 1.00000000 0.00000000 0.00000000 0.00000000 1.00000000 
1700000022.34508 -0.003238 -0.023322 -0.887548 0.460113 -2.248072 0.643998 1.131668 -0.187396 0.308598 0.021148 -0.000171 -0.001072 0.000431 -0.014963 -0.069181 -0.000339 -0.0049155 2 145.906600 146.214074 255.339422 254.687206 0.001265 0.001367 -0.000284 0.000035 -0.242463 0.239812 -0.667224 0.662203 -0.006556 -0.029849 -0.062101 146.537075 146.324027 253.850849 255.796873 -0.002427 0.004270 0.004979 -0.002906 -0.333627 -0.088092 0.245002 0.906039 0.019837 -0.017549 -0.076648 0 1.00000000 0.00000000 0.00000000 1.00000000 0.00000000 1.00000000 1.00000000 0.00000000 0.00000000 1.00000000 0.00000000 1.00000000 0.00000000 0.00000000 0.00000000 0.00000000 0.00000000 0.00000000 0.00000000 0.00000000 0.00000000 0.00000000 0.00000000 0.00000000 1.00000000 0.00000000 0.00000000 0.00000000 1.00000000 
1700000022.39508 -0.000919 -0.029268 -0.887820 0.459259 -2.257563 0.659863 1.132974 -0.185256 0.314272 0.028377 -0.000169 -0.001071 0.000443 -0.014743 -0.069074 -0.000293 -0.0049210 2 145.907809 146.223515 255.307179 254.654898 0.001328 0.001303 -0.000293 0.000044 -0.242481 0.239744 -0.667188 0.662258 -0.006413 -0.029576 -0.062719 146.543068 146.325994 253.841804 255.795423 -0.002549 0.004337 0.005006 -0.002923 -0.333626 -0.088130 0.244950 0.906050 0.020013 -0.017839 -0.076272 0 1.00000000 0.00000000 0.00000000 1.00000000 0.00000000 1.00000000 1.00000000 0.00000000 0.00000000 1.00000000 0.00000000 1.00000000 0.00000000 0.00000000 0.00000000 0.00000000 0.00000000 0.00000000 0.00000000 0.00000000 0.00000000 0.00000000 0.00000000 0.00000000 1.00000000 0.00000000 0.00000000 0.00000000 1.00000000 
1700000022.44507 0.001537 -0.034406 -0.888122 0.458316 -2.267022 0.676011 1.134620 -0.188219 0.324597 0.034197 -0.000165 -0.001070 0.000454 -0.014502 -0.068970 -0.000242 -0.0049272 2 145.913235 146.233264 255.275227 254.642373 0.001368 0.001241 -0.000295 0.000051 -0.242510 0.239686 -0.667188 0.662268 -0.006254 -0.029371 -0.063193 146.550470 146.331296 253.833683 255.789779 -0.002660 0.004410 0.005010 -0.002932 -0.333611 -0.088180 0.244918 0.906059 0.020187 -0.018047 -0.075815 0 1.00000000 0.00000000 0.00000000 1.00000000 0.00000000 1.00000000 1.00000000 0.00000000 0.00000000 1.00000000 0.00000000 1.00000000 0.00000000 0.00000000 0.00000000 0.00000000 0.00000000 0.00000000 0.00000000 0.00000000 0.00000000 0.00000000 0.00000000 0.00000000 1.00000000 0.00000000 0.00000000 0.00000000 1.00000000 
1700000022.49505 0.004073 -0.038336 -0.888461 0.457331 -2.276603 0.692887 1.136537 -0.194195 0.336385 0.039609 -0.000163 -0.001065 0.000469 -0.014307 -0.068816 -0.000185 -0.0049500 2 145.919187 146.243807 255.242829 254.637902 0.001361 0.001183 -0.000269 0.000048 -0.242542 0.239628 -0.667202 0.662264 -0.006187 -0.029229 -0.063384 146.549629 146.337639 253.848069 255.784781 -0.002781 0.004446 0.005050 -0.002948 -0.333574 -0.088200 0.244916 0.906071 0.020274 -0.018533 -0.075126 0 1.00000000 0.00000000 0.00000000 1.00000000 0.00000000 1.00000000 1.00000000 0.00000000 0.00000000 1.00000000 0.00000000 1.00000000 0.00000000 0.00000000 0.00000000 0.00000000 0.00000000 0.00000000 0.00000000 0.00000000 0.00000000 0.00000000 0.00000000 0.00000000 1.00000000 0.00000000 0.00000000 0.00000000 1.00000000 
1700000022.54506 0.006088 -0.040731 -0.888854 0.456336 -2.286608 0.709987 1.138876 -0.204744 0.350560 0.044948 -0.000158 -0.001062 0.000483 -0.014081 -0.068678 -0.000138 -0.0049439 2 145.931780 146.260351 255.211768 254.636812 0.001342 0.001118 -0.000234 0.000044 -0.242570 0.239573 -0.667209 0.662266 -0.006046 -0.028954 -0.064042 146.558225 146.336272 253.845607 255.786006 -0.002904 0.004517 0.005057 -0.002957 -0.333560 -0.088255 0.244896 0.906076 0.020456 -0.018999 -0.074467 0 1.00000000 0.00000000 0.00000000 1.00000000 0.00000000 1.00000000 1.00000000 0.00000000 0.00000000 1.00000000 0.00000000 1.00000000 0.00000000 0.00000000 0.00000000 0.00000000 0.00000000 0.00000000 0.00000000 0.00000000 0.00000000 0.00000000 0.00000000 0.00000000 1.00000000 0.00000000 0.00000000 0.00000000 1.00000000 
1700000022.59506 0.006997 -0.041471 -0.889354 0.455281 -2.297403 0.728142 1.141316 -0.215503 0.363067 0.047470 -0.000156 -0.001061 0.000499 -0.013834 -0.068570 -0.000087 -0.0049354 2 145.942817 146.276560 255.185532 254.630276 0.001328 0.001048 -0.000206 0.000043 -0.242590 0.239520 -0.667217 0.662270 -0.005961 -0.028422 -0.065076 146.567001 146.347086 253.847489 255.777131 -0.003006 0.004578 0.005051 -0.002959 -0.333545 -0.088298 0.244876 0.906083 0.020524 -0.019055 -0.074099 0 1.00000000 0.00000000 0.00000000 1.00000000 0.00000000 1.00000000 1.00000000 0.00000000 0.00000000 1.00000000 0.00000000 1.00000000 0.00000000 0.00000000 0.00000000 0.00000000 0.00000000 0.00000000 0.00000000 0.00000000 0.00000000 0.00000000 0.00000000 0.00000000 1.00000000 0.00000000 0.00000000 0.00000000 1.00000000 
1700000022.64509 0.007037 -0.041391 -0.889914 0.454193 -2.308155 0.746943 1.143835 -0.227233 0.376913 0.047848 -0.000155 -0.001058 0.000513 -0.013715 -0.068482 -0.000053 -0.0049073 2 145.950479 146.300678 255.156775 254.610227 0.001439 0.000983 -0.000239 0.000060 -0.242626 0.239473 -0.667156 0.662335 -0.005871 -0.028425 -0.065397 146.578143 146.357204 253.844064 255.777967 -0.003198 0.004674 0.005074 -0.002976 -0.333558 -0.088327 0.244799 0.906096 0.020683 -0.019088 -0.074064 0 1.00000000 0.00000000 0.00000000 1.00000000 0.00000000 1.00000000 1.00000000 0.00000000 0.00000000 1.00000000 0.00000000 1.00000000 0.00000000 0.00000000 0.00000000 0.00000000 0.00000000 0.00000000 0.00000000 0.00000000 0.00000000 0.00000000 0.00000000 0.00000000 1.00000000 0.00000000 0.00000000 0.00000000 1.00000000 
1700000022.69511 0.006101 -0.039808 -0.890575 0.453051 -2.319631 0.766856 1.146164 -0.236595 0.388078 0.044963 -0.000156 -0.001055 0.000532 -0.013594 -0.068408 -0.000026 -0.0048886 2 145.951848 146.321105 255.127706 254.579241 0.001524 0.000906 -0.000246 0.000070 -0.242657 0.239405 -0.667108 0.662397 -0.005838 -0.028283 -0.065794 146.574846 146.369543 253.869269 255.757019 -0.003314 0.004763 0.005072 -0.002983 -0.333522 -0.088288 0.244731 0.906132 0.020700 -0.019253 -0.073901 0 1.00000000 0.00000000 0.00000000 1.00000000 0.00000000 1.00000000 1.00000000 0.00000000 0.00000000 1.00000000 0.00000000 1.00000000 0.00000000 0.00000000 0.00000000 0.00000000 0.00000000 0.00000000 0.00000000 0.00000000 0.00000000 0.00000000 0.00000000 0.00000000 1.00000000 0.00000000 0.00000000 0.00000000 1.00000000 
1700000022.74514 0.005040 -0.038177 -0.891245 0.451884 -2.330916 0.787206 1.148365 -0.244620 0.399386 0.042837 -0.000155 -0.001047 0.000544 -0.013598 -0.068261 -0.000020 -0.0048606 2 145.947697 146.337920 255.101864 254.530350 0.001648 0.000888 -0.000293 0.000085 -0.242680 0.239341 -0.667022 0.662498 -0.005927 -0.028725 -0.065109 146.571245 146.377541 253.891419 255.739319 -0.003470 0.004835 0.005098 -0.002998 -0.333501 -0.088241 0.244613 0.906176 0.020726 -0.019441 -0.073974 0 1.00000000 0.00000000 0.00000000 1.00000000 0.00000000 1.00000000 1.00000000 0.00000000 0.00000000 1.00000000 0.00000000 1.00000000 0.00000000 0.00000000 0.00000000 0.00000000 0.00000000 0.00000000 0.00000000 0.00000000 0.00000000 0.00000000 0.00000000 0.00000000 1.00000000 0.00000000 0.00000000 0.00000000 1.00000000 
1700000022.79514 0.003863 -0.036079 -0.891943 0.450689 -2.343222 0.807638 1.150505 -0.250004 0.407311 0.040855 -0.000157 -0.001048 0.000552 -0.013671 -0.068303 -0.000018 -0.0048623 2 145.951653 146.352076 255.087301 254.524221 0.001539 0.000846 -0.000223 0.000068 -0.242716 0.239325 -0.666998 0.662515 -0.005985 -0.028878 -0.065260 146.565717 146.387718 253.906171 255.718587 -0.003519 0.004861 0.005089 -0.002994 -0.333480 -0.088218 0.244555 0.906202 0.020726 -0.019502 -0.073883 0 1.00000000 0.00000000 0.00000000 1.00000000 0.00000000 1.00000000 1.00000000 0.00000000 0.00000000 1.00000000 0.00000000 1.00000000 0.00000000 0.00000000 0.00000000 0.00000000 0.00000000 0.00000000 0.00000000 0.00000000 0.00000000 0.00000000 0.00000000 0.00000000 1.00000000 0.00000000 0.00000000 0.00000000 1.00000000 
1700000022.84514 0.001958 -0.032606 -0.892708 0.449449 -2.355189 0.828353 1.152598 -0.252833 0.413731 0.038350 -0.000157 -0.001048 0.000563 -0.013752 -0.068411 -0.000026 -0.0048565 2 145.946990 146.350123 255.074111 254.498123 0.001746 0.000717 -0.000253 0.000090 -0.242701 0.239284 -0.666991 0.662543 -0.005963 -0.028663 -0.065392 146.566220 146.396187 253.922432 255.703140 -0.003601 0.004900 0.005069 -0.002985 -0.333467 -0.088189 0.244496 0.906225 0.020723 -0.019568 -0.073809 0 1.00000000 0.00000000 0.00000000 1.00000000 0.00000000 1.00000000 1.00000000 0.00000000 0.00000000 1.00000000 0.00000000 1.00000000 0.00000000 0.00000000 0.00000000 0.00000000 0.00000000 0.00000000 0.00000000 0.00000000 0.00000000 0.00000000 0.00000000 0.00000000 1.00000000 0.00000000 0.00000000 0.00000000 1.00000000 
1700000022.89515 0.000402 -0.029885 -0.893429 0.448209 -2.367616 0.849246 1.154535 -0.252438 0.417231 0.035777 -0.000156 -0.001046 0.000567 -0.013780 -0.068390 -0.000016 -0.0048547 2 145.954781 146.369834 255.062424 254.503801 0.001690 0.000636 -0.000194 0.000081 -0.242769 0.239282 -0.666958 0.662552 -0.006170 -0.028725 -0.065780 146.559904 146.403509 253.935886 255.690421 -0.003646 0.004932 0.005025 -0.002966 -0.333446 -0.088180 0.244422 0.906254 0.020718 -0.019845 -0.073660 0 1.00000000 0.00000000 0.00000000 1.00000000 0.00000000 1.00000000 1.00000000 0.00000000 0.00000000 1.00000000 0.00000000 1.00000000 0.00000000 0.00000000 0.00000000 0.00000000 0.00000000 0.00000000 0.00000000 0.00000000 0.00000000 0.00000000 0.00000000 0.00000000 1.00000000 0.00000000 0.00000000 0.00000000 1.00000000 
1700000022.94514 -0.000387 -0.030052 -0.894069 0.446921 -2.379971 0.870091 1.156310 -0.250357 0.420234 0.030513 -0.000153 -0.001046 0.000571 -0.013726 -0.068399 -0.000006 -0.0048557 2 145.963180 146.391950 255.055212 254.500679 0.001698 0.000545 -0.000165 0.000081 -0.242833 0.239274 -0.666906 0.662583 -0.006455 -0.028663 -0.066163 146.554228 146.412819 253.949802 255.679230 -0.003690 0.004967 0.004985 -0.002949 -0.333440 -0.088172 0.244340 0.906279 0.020690 -0.020041 -0.073594 0 1.00000000 0.00000000 0.00000000 1.00000000 0.00000000 1.00000000 1.00000000 0.00000000 0.00000000 1.00000000 0.00000000 1.00000000 0.00000000 0.00000000 0.00000000 0.00000000 0.00000000 0.00000000 0.00000000 0.00000000 0.00000000 0.00000000 0.00000000 0.00000000 1.00000000 0.00000000 0.00000000 0.00000000 1.00000000 
1700000022.99513 -0.000181 -0.031939 -0.894681 0.445563 -2.392917 0.890727 1.157866 -0.248926 0.422956 0.021548 -0.000146 -0.001050 0.000584 -0.013415 -0.068481 0.000046 -0.0048696 2 145.965311 146.391619 255.045929 254.506896 0.001778 0.000540 -0.000209 0.000095 -0.242830 0.239241 -0.666920 0.662582 -0.006362 -0.028574 -0.066221 146.554458 146.423206 253.975640 255.665943 -0.003720 0.004984 0.004958 -0.002935 -0.333424 -0.088163 0.244340 0.906286 0.020603 -0.020059 -0.073325 0 1.00000000 0.00000000 0.00000000 1.00000000 0.00000000 1.00000000 1.00000000 0.00000000 0.00000000 1.00000000 0.00000000 1.00000000 0.00000000 0.00000000 0.00000000 0.00000000 0.00000000 0.00000000 0.00000000 0.00000000 0.00000000 0.00000000 0.00000000 0.00000000 1.00000000 0.00000000 0.00000000 0.00000000 1.00000000 
1700000023.04512 0.000617 -0.034027 -0.895281 0.444199 -2.405589 0.911479 1.158879 -0.248238 0.427480 0.009545 -0.000138 -0.001051 0.000594 -0.013127 -0.068484 0.000079 -0.0048819 2 145.967361 146.391043 255.037587 254.511299 0.001826 0.000532 -0.000231 0.000103 -0.242832 0.239211 -0.666937 0.662576 -0.006322 -0.028473 -0.066265 146.554718 146.433873 254.005303 255.644974 -0.003809 0.005015 0.004989 -0.002949 -0.333399 -0.088140 0.244330 0.906300 0.020504 -0.020046 -0.073081 0 1.00000000 0.00000000 0.00000000 1.00000000 0.00000000 1.00000000 1.00000000 0.00000000 0.00000000 1.00000000 0.00000000 1.00000000 0.00000000 0.00000000 0.00000000 0.00000000 0.00000000 0.00000000 0.00000000 0.00000000 0.00000000 0.00000000 0.00000000 0.00000000 1.00000000 0.00000000 0.00000000 0.00000000 1.00000000 
1700000023.09513 0.000783 -0.034425 -0.895962 0.442793 -2.418430 0.932616 1.159196 -0.248450 0.431577 -0.001952 -0.000132 -0.001060 0.000607 -0.012898 -0.068731 0.000114 -0.0048686 2 145.973252 146.400883 255.040274 254.527636 0.001870 0.000524 -0.000245 0.000107 -0.242844 0.239210 -0.666957 0.662551 -0.006398 -0.028530 -0.066414 146.558066 146.446113 254.020788 255.638364 -0.003856 0.005036 0.005016 -0.002961 -0.333410 -0.088114 0.244292 0.906309 0.020547 -0.020035 -0.072896 0 1.00000000 0.00000000 0.00000000 1.00000000 0.00000000 1.00000000 1.00000000 0.00000000 0.00000000 1.00000000 0.00000000 1.00000000 0.00000000 0.00000000 0.00000000 0.00000000 0.00000000 0.00000000 0.00000000 0.00000000 0.00000000 0.00000000 0.00000000 0.00000000 1.00000000 0.00000000 0.00000000 0.00000000 1.00000000 
1700000023.14515 0.000293 -0.032701 -0.896737 0.441355 -2.431176 0.953960 1.158946 -0.248041 0.436587 -0.012753 -0.000125 -0.001064 0.000616 -0.012620 -0.068801 0.000143 -0.0048533 2 145.984783 146.414414 255.051415 254.551402 0.001877 0.000522 -0.000244 0.000107 -0.242859 0.239230 -0.666978 0.662517 -0.006567 -0.028380 -0.066750 146.560578 146.458842 254.037341 255.627434 -0.003935 0.005058 0.005050 -0.002974 -0.333407 -0.088104 0.244259 0.906320 0.020498 -0.020004 -0.072796 0 1.00000000 0.00000000 0.00000000 1.00000000 0.00000000 1.00000000 1.00000000 0.00000000 0.00000000 1.00000000 0.00000000 1.00000000 0.00000000 0.00000000 0.00000000 0.00000000 0.00000000 0.00000000 0.00000000 0.00000000 0.00000000 0.00000000 0.00000000 0.00000000 1.00000000 0.00000000 0.00000000 0.00000000 1.00000000 
1700000023.19516 -0.000260 -0.030790 -0.897537 0.439862 -2.443781 0.975598 1.158315 -0.246736 0.439391 -0.017938 -0.000119 -0.001066 0.000625 -0.012355 -0.068834 0.000175 -0.0048432 2 145.993713 146.424858 255.059806 254.568597 0.001928 0.000507 -0.000258 0.000112 -0.242863 0.239243 -0.666996 0.662492 -0.006697 -0.028213 -0.067036 146.560145 146.471487 254.056475 255.610801 -0.003999 0.005073 0.005077 -0.002984 -0.333390 -0.088083 0.244229 0.906336 0.020437 -0.019946 -0.072719 0 1.00000000 0.00000000 0.00000000 1.00000000 0.00000000 1.00000000 1.00000000 0.00000000 0.00000000 1.00000000 0.00000000 1.00000000 0.00000000 0.00000000 0.00000000 0.00000000 0.00000000 0.00000000 0.00000000 0.00000000 0.00000000 0.00000000 0.00000000 0.00000000 1.00000000 0.00000000 0.00000000 0.00000000 1.00000000 
1700000023.24516 -0.000802 -0.029896 -0.898343 0.438275 -2.457098 0.997378 1.157471 -0.245198 0.441332 -0.018390 -0.000118 -0.001077 0.000637 -0.012152 -0.069280 0.000229 -0.0048431 2 146.006588 146.417692 255.081847 254.613731 0.001706 0.000428 -0.000103 0.000073 -0.242809 0.239280 -0.667053 0.662442 -0.006633 -0.029231 -0.066423 146.558928 146.484727 254.078258 255.587321 -0.004062 0.005101 0.005112 -0.002999 -0.333373 -0.088049 0.244286 0.906330 0.020432 -0.019737 -0.072511 0 1.00000000 0.00000000 0.00000000 1.00000000 0.00000000 1.00000000 1.00000000 0.00000000 0.00000000 1.00000000 0.00000000 1.00000000 0.00000000 0.00000000 0.00000000 0.00000000 0.00000000 0.00000000 0.00000000 0.00000000 0.00000000 0.00000000 0.00000000 0.00000000 1.00000000 0.00000000 0.00000000 0.00000000 1.00000000 
1700000023.29515 -0.001795 -0.029754 -0.899138 0.436650 -2.469816 1.019419 1.156656 -0.242657 0.443067 -0.018035 -0.000118 -0.001079 0.000647 -0.012102 -0.069355 0.000263 -0.0048506 2 146.009797 146.414993 255.090964 254.637533 0.001821 0.000431 -0.000173 0.000094 -0.242807 0.239297 -0.667097 0.662392 -0.006614 -0.029138 -0.066389 146.557147 146.500218 254.102776 255.563892 -0.004119 0.005110 0.005139 -0.003008 -0.333341 -0.088025 0.244305 0.906339 0.020367 -0.019715 -0.072203 0 1.00000000 0.00000000 0.00000000 1.00000000 0.00000000 1.00000000 1.00000000 0.00000000 0.00000000 1.00000000 0.00000000 1.00000000 0.00000000 0.00000000 0.00000000 0.00000000 0.00000000 0.00000000 0.00000000 0.00000000 0.00000000 0.00000000 0.00000000 0.00000000 1.00000000 0.00000000 0.00000000 0.00000000 1.00000000 
1700000023.34514 -0.002654 -0.029679 -0.899960 0.434953 -2.482597 1.041636 1.155740 -0.238969 0.445269 -0.019721 -0.000120 -0.001087 0.000656 -0.012118 -0.069678 0.000301 -0.0048576 2 146.012418 146.410723 255.105637 254.658656 0.001960 0.000427 -0.000246 0.000119 -0.242800 0.239320 -0.667144 0.662339 -0.006607 -0.029131 -0.066156 146.554769 146.512562 254.119409 255.542358 -0.004171 0.005136 0.005159 -0.003017 -0.333319 -0.087996 0.244334 0.906342 0.020382 -0.019633 -0.071932 0 1.00000000 0.00000000 0.00000000 1.00000000 0.00000000 1.00000000 1.00000000 0.00000000 0.00000000 1.00000000 0.00000000 1.00000000 0.00000000 0.00000000 0.00000000 0.00000000 0.00000000 0.00000000 0.00000000 0.00000000 0.00000000 0.00000000 0.00000000 0.00000000 1.00000000 0.00000000 0.00000000 0.00000000 1.00000000 
1700000023.39514 -0.003800 -0.027986 -0.900844 0.433223 -2.494715 1.063913 1.154728 -0.234500 0.447294 -0.022730 -0.000120 -0.001083 0.000665 -0.012115 -0.069477 0.000334 -0.0048619 2 146.022201 146.410962 255.121422 254.693286 0.002025 0.000418 -0.000280 0.000130 -0.242798 0.239355 -0.667176 0.662294 -0.006629 -0.029090 -0.066153 146.552486 146.531841 254.148468 255.520450 -0.004243 0.005141 0.005180 -0.003022 -0.333287 -0.087987 0.244351 0.906350 0.020243 -0.019666 -0.071685 0 1.00000000 0.00000000 0.00000000 1.00000000 0.00000000 1.00000000 1.00000000 0.00000000 0.00000000 1.00000000 0.00000000 1.00000000 0.00000000 0.00000000 0.00000000 0.00000000 0.00000000 0.00000000 0.00000000 0.00000000 0.00000000 0.00000000 0.00000000 0.00000000 1.00000000 0.00000000 0.00000000 0.00000000 1.00000000 
1700000023.44513 -0.005407 -0.025119 -0.901753 0.431488 -2.506641 1.085837 1.153578 -0.227601 0.448107 -0.024407 -0.000119 -0.001083 0.000667 -0.012062 -0.069468 0.000363 -0.0048721 2 146.039251 146.414624 255.148462 254.746213 0.002009 0.000370 -0.000256 0.000129 -0.242807 0.239421 -0.667216 0.662228 -0.006718 -0.029114 -0.066242 146.549770 146.547365 254.171006 255.503898 -0.004298 0.005156 0.005185 -0.003023 -0.333269 -0.087992 0.244395 0.906345 0.020126 -0.019645 -0.071479 0 1.00000000 0.00000000 0.00000000 1.00000000 0.00000000 1.00000000 1.00000000 0.00000000 0.00000000 1.00000000 0.00000000 1.00000000 0.00000000 0.00000000 0.00000000 0.00000000 0.00000000 0.00000000 0.00000000 0.00000000 0.00000000 0.00000000 0.00000000 0.00000000 1.00000000 0.00000000 0.00000000 0.00000000 1.00000000 
1700000023.49512 -0.007581 -0.020656 -0.902684 0.429742 -2.517085 1.107746 1.152467 -0.218369 0.446095 -0.023102 -0.000113 -0.001066 0.000663 -0.012006 -0.068744 0.000342 -0.0048797 2 146.056706 146.401424 255.158038 254.822892 0.002110 0.000296 -0.000289 0.000147 -0.242822 0.239504 -0.667337 0.662070 -0.006188 -0.029192 -0.066292 146.582052 146.517034 254.109839 255.559186 -0.004541 0.005085 0.005253 -0.003026 -0.333231 -0.088282 0.244496 0.906303 0.020271 -0.019231 -0.072389 0 1.00000000 0.00000000 0.00000000 1.00000000 0.00000000 1.00000000 1.00000000 0.00000000 0.00000000 1.00000000 0.00000000 1.00000000 0.00000000 0.00000000 0.00000000 0.00000000 0.00000000 0.00000000 0.00000000 0.00000000 0.00000000 0.00000000 0.00000000 0.00000000 1.00000000 0.00000000 0.00000000 0.00000000 1.00000000 
1700000023.54513 -0.009996 -0.016161 -0.903632 0.427888 -2.527583 1.130407 1.151202 -0.204434 0.441117 -0.017586 -0.000112 -0.001056 0.000668 -0.011858 -0.068327 0.000383 -0.0048681 2 146.061746 146.405751 255.132789 254.808789 0.001857 0.000209 -0.000079 0.000087 -0.242834 0.239438 -0.667323 0.662103 -0.005858 -0.029411 -0.066424 146.579732 146.522536 254.113049 255.555024 -0.004593 0.005091 0.005241 -0.003018 -0.333198 -0.088335 0.244465 0.906318 0.020144 -0.019270 -0.072603 0 1.00000000 0.00000000 0.00000000 1.00000000 0.00000000 1.00000000 1.00000000 0.00000000 0.00000000 1.00000000 0.00000000 1.00000000 0.00000000 0.00000000 0.00000000 0.00000000 0.00000000 0.00000000 0.00000000 0.00000000 0.00000000 0.00000000 0.00000000 0.00000000 1.00000000 0.00000000 0.00000000 0.00000000 1.00000000 
1700000023.59512 -0.010980 -0.014761 -0.904516 0.426042 -2.537268 1.152386 1.150557 -0.190175 0.435222 -0.012796 -0.000112 -0.001048 0.000669 -0.011895 -0.067941 0.000375 -0.0048796 2 146.067183 146.401181 255.137112 254.817901 0.001798 0.000121 -0.000000 0.000072 -0.242814 0.239455 -0.667313 0.662114 -0.005861 -0.029488 -0.066673 146.574752 146.520532 254.119259 255.555902 -0.004661 0.005104 0.005234 -0.003014 -0.333203 -0.088375 0.244452 0.906316 0.020023 -0.019236 -0.072855 0 1.00000000 0.00000000 0.00000000 1.00000000 0.00000000 1.00000000 1.00000000 0.00000000 0.00000000 1.00000000 0.00000000 1.00000000 0.00000000 0.00000000 0.00000000 0.00000000 0.00000000 0.00000000 0.00000000 0.00000000 0.00000000 0.00000000 0.00000000 0.00000000 1.00000000 0.00000000 0.00000000 0.00000000 1.00000000 
1700000023.64513 -0.009948 -0.016099 -0.905360 0.424222 -2.544883 1.174339 1.149820 -0.173922 0.428685 -0.012675 -0.000104 -0.001023 0.000658 -0.011648 -0.066640 0.000368 -0.0048711 2 146.077355 146.398972 255.132666 254.854617 0.001695 0.000057 0.000090 0.000050 -0.242792 0.239510 -0.667361 0.662054 -0.005926 -0.029858 -0.066987 146.589954 146.555497 254.117012 255.593043 -0.004222 0.005260 0.004034 -0.002449 -0.333347 -0.088533 0.244296 0.906290 0.019539 -0.018749 -0.072948 0 1.00000000 0.00000000 0.00000000 1.00000000 0.00000000 1.00000000 1.00000000 0.00000000 0.00000000 1.00000000 0.00000000 1.00000000 0.00000000 0.00000000 0.00000000 0.00000000 0.00000000 0.00000000 0.00000000 0.00000000 0.00000000 0.00000000 0.00000000 0.00000000 1.00000000 0.00000000 0.00000000 0.00000000 1.00000000 
1700000023.69510 -0.007423 -0.018826 -0.906203 0.422358 -2.552577 1.195397 1.149203 -0.162494 0.423622 -0.015521 -0.000098 -0.001011 0.000655 -0.011458 -0.066003 0.000361 -0.0049007 2 146.084782 146.398628 255.138346 254.871857 0.001575 0.000009 0.000175 0.000029 -0.242777 0.239543 -0.667362 0.662047 -0.006014 -0.030127 -0.067094 146.588368 146.561120 254.126504 255.600167 -0.004298 0.005274 0.004038 -0.002450 -0.333369 -0.088562 0.244244 0.906293 0.019361 -0.018954 -0.072879 0 1.00000000 0.00000000 0.00000000 1.00000000 0.00000000 1.00000000 1.00000000 0.00000000 0.00000000 1.00000000 0.00000000 1.00000000 0.00000000 0.00000000 0.00000000 0.00000000 0.00000000 0.00000000 0.00000000 0.00000000 0.00000000 0.00000000 0.00000000 0.00000000 1.00000000 0.00000000 0.00000000 0.00000000 1.00000000 
1700000023.74508 -0.004166 -0.021337 -0.907048 0.420466 -2.560007 1.216524 1.148289 -0.154396 0.419686 -0.021243 -0.000091 -0.000995 0.000651 -0.011204 -0.065177 0.000357 -0.0049183 2 146.091315 146.399190 255.146225 254.886870 0.001465 0.000006 0.000243 0.000006 -0.242769 0.239580 -0.667351 0.662048 -0.006117 -0.030641 -0.066724 146.580321 146.572830 254.140871 255.604899 -0.004338 0.005324 0.004018 -0.002450 -0.333392 -0.088570 0.244190 0.906298 0.019123 -0.019488 -0.072461 0 1.00000000 0.00000000 0.00000000 1.00000000 0.00000000 1.00000000 1.00000000 0.00000000 0.00000000 1.00000000 0.00000000 1.00000000 0.00000000 0.00000000 0.00000000 0.00000000 0.00000000 0.00000000 0.00000000 0.00000000 0.00000000 0.00000000 0.00000000 0.00000000 1.00000000 0.00000000 0.00000000 0.00000000 1.00000000 
1700000023.79509 -0.002274 -0.021571 -0.907957 0.418501 -2.566813 1.237193 1.147180 -0.149846 0.416054 -0.025093 -0.000084 -0.000982 0.000647 -0.011012 -0.064510 0.000335 -0.0049141 2 146.096870 146.401294 255.153878 254.900659 0.001385 0.000016 0.000285 -0.000008 -0.242769 0.239613 -0.667351 0.662036 -0.006226 -0.031310 -0.066197 146.580568 146.571872 254.136633 255.618043 -0.004395 0.005347 0.004022 -0.002454 -0.333403 -0.088601 0.244122 0.906309 0.019056 -0.019990 -0.072249 0 1.00000000 0.00000000 0.00000000 1.00000000 0.00000000 1.00000000 1.00000000 0.00000000 0.00000000 1.00000000 0.00000000 1.00000000 0.00000000 0.00000000 0.00000000 0.00000000 0.00000000 0.00000000 0.00000000 0.00000000 0.00000000 0.00000000 0.00000000 0.00000000 1.00000000 0.00000000 0.00000000 0.00000000 1.00000000 
1700000023.84509 -0.002217 -0.019888 -0.908942 0.416441 -2.573246 1.258284 1.145923 -0.145931 0.411544 -0.027354 -0.000077 -0.000963 0.000644 -0.010849 -0.063484 0.000292 -0.0049122 2 146.093447 146.396777 255.150696 254.893313 0.001336 0.000013 0.000331 -0.000023 -0.242742 0.239623 -0.667357 0.662036 -0.006287 -0.032100 -0.065439 146.577906 146.567219 254.123347 255.642721 -0.004456 0.005369 0.004034 -0.002462 -0.333427 -0.088637 0.244003 0.906329 0.018960 -0.020569 -0.072161 0 1.00000000 0.00000000 0.00000000 1.00000000 0.00000000 1.00000000 1.00000000 0.00000000 0.00000000 1.00000000 0.00000000 1.00000000 0.00000000 0.00000000 0.00000000 0.00000000 0.00000000 0.00000000 0.00000000 0.00000000 0.00000000 0.00000000 0.00000000 0.00000000 1.00000000 0.00000000 0.00000000 0.00000000 1.00000000 
1700000023.89511 -0.003837 -0.016835 -0.909964 0.414327 -2.579608 1.278596 1.144513 -0.141300 0.406202 -0.027149 -0.000072 -0.000952 0.000636 -0.010692 -0.062856 0.000274 -0.0048937 2 146.100734 146.405208 255.162222 254.910217 0.001228 0.000015 0.000401 -0.000046 -0.242763 0.239662 -0.667351 0.662021 -0.006586 -0.032581 -0.065255 146.578110 146.571083 254.111179 255.665662 -0.004488 0.005376 0.004031 -0.002462 -0.333453 -0.088665 0.243906 0.906343 0.018892 -0.021031 -0.072133 0 1.00000000 0.00000000 0.00000000 1.00000000 0.00000000 1.00000000 1.00000000 0.00000000 0.00000000 1.00000000 0.00000000 1.00000000 0.00000000 0.00000000 0.00000000 0.00000000 0.00000000 0.00000000 0.00000000 0.00000000 0.00000000 0.00000000 0.00000000 0.00000000 1.00000000 0.00000000 0.00000000 0.00000000 1.00000000 
1700000023.94511 -0.006632 -0.013296 -0.910991 0.412159 -2.586407 1.299551 1.143096 -0.133575 0.398806 -0.024944 -0.000074 -0.000937 0.000631 -0.010856 -0.062089 0.000257 -0.0048890 2 146.103131 146.408759 255.167681 254.919599 0.001150 0.000007 0.000466 -0.000067 -0.242788 0.239693 -0.667345 0.662006 -0.006835 -0.032831 -0.065308 146.572974 146.571426 254.102557 255.682720 -0.004505 0.005385 0.004017 -0.002458 -0.333460 -0.088686 0.243803 0.906366 0.018856 -0.021613 -0.071986 0 1.00000000 0.00000000 0.00000000 1.00000000 0.00000000 1.00000000 1.00000000 0.00000000 0.00000000 1.00000000 0.00000000 1.00000000 0.00000000 0.00000000 0.00000000 0.00000000 0.00000000 0.00000000 0.00000000 0.00000000 0.00000000 0.00000000 0.00000000 0.00000000 1.00000000 0.00000000 0.00000000 0.00000000 1.00000000 
1700000023.99512 -0.009335 -0.010520 -0.912013 0.409919 -2.592548 1.320047 1.141896 -0.123194 0.390652 -0.017203 -0.000073 -0.000922 0.000627 -0.010892 -0.061277 0.000244 -0.0048816 2 146.107951 146.416057 255.171309 254.927776 0.001045 -0.000002 0.000539 -0.000090 -0.242806 0.239720 -0.667350 0.661984 -0.007034 -0.032878 -0.065605 146.568616 146.577300 254.100191 255.692831 -0.004522 0.005383 0.004005 -0.002453 -0.333463 -0.088705 0.243692 0.906393 0.018762 -0.022140 -0.071804 0 1.00000000 0.00000000 0.00000000 1.00000000 0.00000000 1.00000000 1.00000000 0.00000000 0.00000000 1.00000000 0.00000000 1.00000000 0.00000000 0.00000000 0.00000000 0.00000000 0.00000000 0.00000000 0.00000000 0.00000000 0.00000000 0.00000000 0.00000000 0.00000000 1.00000000 0.00000000 0.00000000 0.00000000 1.00000000 
1700000024.04512 -0.011247 -0.009085 -0.913029 0.407638 -2.598494 1.340047 1.141105 -0.108614 0.381310 -0.004813 -0.000075 -0.000911 0.000622 -0.010976 -0.060639 0.000259 -0.0048813 2 146.111398 146.423581 255.171717 254.937469 0.000858 -0.000009 0.000656 -0.000128 -0.242835 0.239741 -0.667330 0.661986 -0.007207 -0.033107 -0.065855 146.563340 146.584841 254.095448 255.703607 -0.004533 0.005385 0.003990 -0.002448 -0.333460 -0.088728 0.243603 0.906416 0.018695 -0.022540 -0.071772 0 1.00000000 0.00000000 0.00000000 1.00000000 0.00000000 1.00000000 1.00000000 0.00000000 0.00000000 1.00000000 0.00000000 1.00000000 0.00000000 0.00000000 0.00000000 0.00000000 0.00000000 0.00000000 0.00000000 0.00000000 0.00000000 0.00000000 0.00000000 0.00000000 1.00000000 0.00000000 0.00000000 0.00000000 1.00000000 
1700000024.09512 -0.011953 -0.008860 -0.914040 0.405351 -2.603045 1.360261 1.141131 -0.095017 0.373067 0.005908 -0.000073 -0.000888 0.000616 -0.011028 -0.059359 0.000220 -0.0048841 2 146.115872 146.421071 255.174948 254.957587 0.000728 -0.000032 0.000745 -0.000154 -0.242814 0.239806 -0.667387 0.661913 -0.007465 -0.033292 -0.066198 146.557996 146.589706 254.090466 255.707491 -0.004571 0.005379 0.003999 -0.002450 -0.333454 -0.088723 0.243435 0.906464 0.018588 -0.022832 -0.071811 0 1.00000000 0.00000000 0.00000000 1.00000000 0.00000000 1.00000000 1.00000000 0.00000000 0.00000000 1.00000000 0.00000000 1.00000000 0.00000000 0.00000000 0.00000000 0.00000000 0.00000000 0.00000000 0.00000000 0.00000000 0.00000000 0.00000000 0.00000000 0.00000000 1.00000000 0.00000000 0.00000000 0.00000000 1.00000000 
1700000024.14511 -0.011379 -0.010132 -0.915058 0.403034 -2.606097 1.379248 1.141670 -0.080467 0.364616 0.016807 -0.000069 -0.000871 0.000612 -0.010908 -0.058364 0.000177 -0.0048906 2 146.123570 146.419333 255.172334 254.972226 0.000733 -0.000071 0.000752 -0.000152 -0.242783 0.239864 -0.667452 0.661838 -0.007453 -0.033216 -0.066605 146.560706 146.580375 254.077180 255.724661 -0.004601 0.005386 0.003984 -0.002444 -0.333455 -0.088740 0.243310 0.906495 0.018608 -0.022961 -0.071976 0 1.00000000 0.00000000 0.00000000 1.00000000 0.00000000 1.00000000 1.00000000 0.00000000 0.00000000 1.00000000 0.00000000 1.00000000 0.00000000 0.00000000 0.00000000 0.00000000 0.00000000 0.00000000 0.00000000 0.00000000 0.00000000 0.00000000 0.00000000 0.00000000 1.00000000 0.00000000 0.00000000 0.00000000 1.00000000 
1700000024.19511 -0.009873 -0.012038 -0.916076 0.400703 -2.609601 1.399019 1.142570 -0.069294 0.359211 0.025864 -0.000071 -0.000848 0.000609 -0.011037 -0.057050 0.000152 -0.0048884 2 146.124738 146.413159 255.174051 254.985545 0.000738 -0.000079 0.000762 -0.000155 -0.242765 0.239922 -0.667484 0.661791 -0.007526 -0.033585 -0.066475 146.562252 146.585524 254.066418 255.734597 -0.004645 0.005388 0.003994 -0.002448 -0.333431 -0.088749 0.243189 0.906535 0.018579 -0.023214 -0.072034 0 1.00000000 0.00000000 0.00000000 1.00000000 0.00000000 1.00000000 1.00000000 0.00000000 0.00000000 1.00000000 0.00000000 1.00000000 0.00000000 0.00000000 0.00000000 0.00000000 0.00000000 0.00000000 0.00000000 0.00000000 0.00000000 0.00000000 0.00000000 0.00000000 1.00000000 0.00000000 0.00000000 0.00000000 1.00000000 
1700000024.24510 -0.008370 -0.012566 -0.917101 0.398369 -2.612360 1.418351 1.143997 -0.059468 0.354100 0.036144 -0.000070 -0.000821 0.000604 -0.011027 -0.055577 0.000118 -0.0049035 2 146.122127 146.404452 255.171524 254.991805 0.000772 -0.000076 0.000740 -0.000149 -0.242745 0.239973 -0.667506 0.661758 -0.007536 -0.033888 -0.066241 146.553354 146.590500 254.065943 255.739566 -0.004679 0.005399 0.003998 -0.002450 -0.333414 -0.088751 0.243079 0.906571 0.018420 -0.023599 -0.071927 0 1.00000000 0.00000000 0.00000000 1.00000000 0.00000000 1.00000000 1.00000000 0.00000000 0.00000000 1.00000000 0.00000000 1.00000000 0.00000000 0.00000000 0.00000000 0.00000000 0.00000000 0.00000000 0.00000000 0.00000000 0.00000000 0.00000000 0.00000000 0.00000000 1.00000000 0.00000000 0.00000000 0.00000000 1.00000000 
1700000024.29510 -0.007746 -0.011268 -0.918185 0.395915 -2.614473 1.437665 1.145910 -0.051803 0.349357 0.045320 -0.000068 -0.000796 0.000604 -0.011036 -0.054109 0.000075 -0.0049046 2 146.114415 146.395517 255.159117 254.981325 0.000916 -0.000096 0.000690 -0.000133 -0.242713 0.239997 -0.667541 0.661726 -0.007488 -0.034124 -0.065910 146.548012 146.596800 254.067503 255.738924 -0.004681 0.005411 0.003980 -0.002445 -0.333391 -0.088725 0.242929 0.906622 0.018290 -0.023992 -0.071736 0 1.00000000 0.00000000 0.00000000 1.00000000 0.00000000 1.00000000 1.00000000 0.00000000 0.00000000 1.00000000 0.00000000 1.00000000 0.00000000 0.00000000 0.00000000 0.00000000 0.00000000 0.00000000 0.00000000 0.00000000 0.00000000 0.00000000 0.00000000 0.00000000 1.00000000 0.00000000 0.00000000 0.00000000 1.00000000 
1700000024.34509 -0.008167 -0.007988 -0.919287 0.393421 -2.616437 1.456568 1.148424 -0.043423 0.341894 0.057070 -0.000069 -0.000773 0.000602 -0.011192 -0.052814 0.000035 -0.0049097 2 146.103463 146.382436 255.154164 254.977557 0.001148 -0.000099 0.000584 -0.000101 -0.242708 0.240031 -0.667575 0.661682 -0.007612 -0.034298 -0.065560 146.542092 146.606658 254.068218 255.731187 -0.004671 0.005413 0.003966 -0.002441 -0.333363 -0.088689 0.242779 0.906676 0.018197 -0.024382 -0.071493 0 1.00000000 0.00000000 0.00000000 1.00000000 0.00000000 1.00000000 1.00000000 0.00000000 0.00000000 1.00000000 0.00000000 1.00000000 0.00000000 0.00000000 0.00000000 0.00000000 0.00000000 0.00000000 0.00000000 0.00000000 0.00000000 0.00000000 0.00000000 0.00000000 1.00000000 0.00000000 0.00000000 0.00000000 1.00000000 
1700000024.39507 -0.008709 -0.003696 -0.920402 0.390859 -2.619276 1.476282 1.151294 -0.034686 0.333273 0.065429 -0.000077 -0.000747 0.000599 -0.011647 -0.051361 0.000030 -0.0049307 2 146.095778 146.367632 255.153508 255.000450 0.001239 -0.000050 0.000499 -0.000080 -0.242729 0.240098 -0.667623 0.661600 -0.007673 -0.034888 -0.065063 146.537071 146.631335 254.074467 255.709079 -0.004671 0.005404 0.003936 -0.002427 -0.333295 -0.088669 0.242648 0.906738 0.018094 -0.024936 -0.070885 0 1.00000000 0.00000000 0.00000000 1.00000000 0.00000000 1.00000000 1.00000000 0.00000000 0.00000000 1.00000000 0.00000000 1.00000000 0.00000000 0.00000000 0.00000000 0.00000000 0.00000000 0.00000000 0.00000000 0.00000000 0.00000000 0.00000000 0.00000000 0.00000000 1.00000000 0.00000000 0.00000000 0.00000000 1.00000000 
1700000024.44505 -0.009059 -0.000106 -0.921506 0.388258 -2.619860 1.495450 1.154600 -0.022846 0.320708 0.073101 -0.000077 -0.000714 0.000598 -0.011799 -0.049409 -0.000019 -0.0049534 2 146.087191 146.355136 255.128112 254.991348 0.001377 -0.000081 0.000456 -0.000065 -0.242713 0.240130 -0.667744 0.661473 -0.007564 -0.035085 -0.064659 146.533250 146.656488 254.080870 255.683550 -0.004717 0.005401 0.003935 -0.002424 -0.333225 -0.088618 0.242396 0.906836 0.017934 -0.025646 -0.070070 0 1.00000000 0.00000000 0.00000000 1.00000000 0.00000000 1.00000000 1.00000000 0.00000000 0.00000000 1.00000000 0.00000000 1.00000000 0.00000000 0.00000000 0.00000000 0.00000000 0.00000000 0.00000000 0.00000000 0.00000000 0.00000000 0.00000000 0.00000000 0.00000000 1.00000000 0.00000000 0.00000000 0.00000000 1.00000000 
1700000024.49505 -0.008810 0.001869 -0.922614 0.385619 -2.620664 1.513825 1.158261 -0.012276 0.307189 0.078601 -0.000082 -0.000686 0.000596 -0.012181 -0.047799 -0.000052 -0.0049513 2 146.079958 146.341531 255.112503 254.987761 0.001490 -0.000098 0.000430 -0.000057 -0.242717 0.240157 -0.667819 0.661386 -0.007532 -0.035440 -0.064126 146.532130 146.683181 254.089502 255.660429 -0.004733 0.005390 0.003916 -0.002413 -0.333167 -0.088573 0.242207 0.906912 0.017803 -0.026328 -0.069316 0 1.00000000 0.00000000 0.00000000 1.00000000 0.00000000 1.00000000 1.00000000 0.00000000 0.00000000 1.00000000 0.00000000 1.00000000 0.00000000 0.00000000 0.00000000 0.00000000 0.00000000 0.00000000 0.00000000 0.00000000 0.00000000 0.00000000 0.00000000 0.00000000 1.00000000 0.00000000 0.00000000 0.00000000 1.00000000 
1700000024.54505 -0.008339 0.001071 -0.923727 0.382959 -2.621920 1.531554 1.162141 -0.000900 0.291528 0.084501 -0.000089 -0.000662 0.000593 -0.012574 -0.046460 -0.000049 -0.0049495 2 146.074957 146.330559 255.107658 254.995110 0.001518 -0.000084 0.000410 -0.000053 -0.242719 0.240194 -0.667852 0.661338 -0.007559 -0.035882 -0.063827 146.531681 146.714141 254.097740 255.637492 -0.004755 0.005372 0.003905 -0.002404 -0.333102 -0.088547 0.242086 0.906971 0.017664 -0.026859 -0.068710 0 1.00000000 0.00000000 0.00000000 1.00000000 0.00000000 1.00000000 1.00000000 0.00000000 0.00000000 1.00000000 0.00000000 1.00000000 0.00000000 0.00000000 0.00000000 0.00000000 0.00000000 0.00000000 0.00000000 0.00000000 0.00000000 0.00000000 0.00000000 0.00000000 1.00000000 0.00000000 0.00000000 0.00000000 1.00000000 
1700000024.59507 -0.007947 -0.001749 -0.924843 0.380261 -2.621770 1.548118 1.166312 0.007850 0.279890 0.090507 -0.000093 -0.000636 0.000593 -0.012843 -0.044942 -0.000067 -0.0049315 2 146.071441 146.323899 255.099781 254.996793 0.001665 -0.000095 0.000350 -0.000034 -0.242733 0.240225 -0.667883 0.661290 -0.007505 -0.036160 -0.063437 146.531320 146.738604 254.104682 255.620612 -0.004773 0.005364 0.003904 -0.002401 -0.333031 -0.088507 0.241972 0.907032 0.017579 -0.027212 -0.068382 0 1.00000000 0.00000000 0.00000000 1.00000000 0.00000000 1.00000000 1.00000000 0.00000000 0.00000000 1.00000000 0.00000000 1.00000000 0.00000000 0.00000000 0.00000000 0.00000000 0.00000000 0.00000000 0.00000000 0.00000000 0.00000000 0.00000000 0.00000000 0.00000000 1.00000000 0.00000000 0.00000000 0.00000000 1.00000000 
1700000024.64508 -0.007504 -0.005161 -0.925952 0.377532 -2.622266 1.564331 1.170780 0.015034 0.270705 0.097755 -0.000103 -0.000614 0.000594 -0.013352 -0.043700 -0.000062 -0.0049226 2 146.064533 146.316046 255.101248 255.007740 0.001838 -0.000069 0.000238 -0.000003 -0.242774 0.240257 -0.667873 0.661273 -0.007536 -0.036350 -0.063254 146.529725 146.764920 254.116448 255.595772 -0.004770 0.005347 0.003893 -0.002394 -0.332940 -0.088475 0.241930 0.907079 0.017534 -0.027172 -0.068386 0 1.00000000 0.00000000 0.00000000 1.00000000 0.00000000 1.00000000 1.00000000 0.00000000 0.00000000 1.00000000 0.00000000 1.00000000 0.00000000 0.00000000 0.00000000 0.00000000 0.00000000 0.00000000 0.00000000 0.00000000 0.00000000 0.00000000 0.00000000 0.00000000 1.00000000 0.00000000 0.00000000 0.00000000 1.00000000 
1700000024.69506 -0.006968 -0.007503 -0.927066 0.374759 -2.622352 1.579852 1.175603 0.019417 0.265311 0.106240 -0.000107 -0.000594 0.000592 -0.013504 -0.042494 -0.000042 -0.0049360 2 146.060609 146.310736 255.098447 255.016177 0.001926 -0.000057 0.000169 0.000017 -0.242798 0.240287 -0.667862 0.661266 -0.007544 -0.036454 -0.063283 146.516171 146.781255 254.128795 255.580165 -0.004729 0.005359 0.003855 -0.002382 -0.332869 -0.088448 0.241899 0.907116 0.017463 -0.027285 -0.068271 0 1.00000000 0.00000000 0.00000000 1.00000000 0.00000000 1.00000000 1.00000000 0.00000000 0.00000000 1.00000000 0.00000000 1.00000000 0.00000000 0.00000000 0.00000000 0.00000000 0.00000000 0.00000000 0.00000000 0.00000000 0.00000000 0.00000000 0.00000000 0.00000000 1.00000000 0.00000000 0.00000000 0.00000000 1.00000000 
1700000024.74505 -0.006012 -0.008537 -0.928204 0.371926 -2.621574 1.594482 1.180925 0.022981 0.260493 0.114944 -0.000107 -0.000574 0.000587 -0.013470 -0.041309 -0.000045 -0.0049506 2 146.055893 146.307313 255.098891 255.022052 0.002191 -0.000071 0.000044 0.000055 -0.242850 0.240324 -0.667844 0.661251 -0.007607 -0.036571 -0.062789 146.504013 146.795451 254.137030 255.574688 -0.004699 0.005371 0.003834 -0.002376 -0.332822 -0.088426 0.241867 0.907144 0.017377 -0.027503 -0.068081 0 1.00000000 0.00000000 0.00000000 1.00000000 0.00000000 1.00000000 1.00000000 0.00000000 0.00000000 1.00000000 0.00000000 1.00000000 0.00000000 0.00000000 0.00000000 0.00000000 0.00000000 0.00000000 0.00000000 0.00000000 0.00000000 0.00000000 0.00000000 0.00000000 1.00000000 0.00000000 0.00000000 0.00000000 1.00000000 
1700000024.79503 -0.005023 -0.008622 -0.929380 0.368988 -2.621877 1.610163 1.186638 0.024592 0.257701 0.120989 -0.000115 -0.000552 0.000590 -0.013884 -0.040048 -0.000033 -0.0049667 2 146.056060 146.301124 255.107167 255.041887 0.002228 -0.000024 -0.000025 0.000072 -0.242890 0.240369 -0.667822 0.661242 -0.007677 -0.036561 -0.063118 146.491100 146.808179 254.150180 255.555767 -0.004668 0.005374 0.003821 -0.002373 -0.332723 -0.088402 0.241885 0.907178 0.017410 -0.027806 -0.067784 0 1.00000000 0.00000000 0.00000000 1.00000000 0.00000000 1.00000000 1.00000000 0.00000000 0.00000000 1.00000000 0.00000000 1.00000000 0.00000000 0.00000000 0.00000000 0.00000000 0.00000000 0.00000000 0.00000000 0.00000000 0.00000000 0.00000000 0.00000000 0.00000000 1.00000000 0.00000000 0.00000000 0.00000000 1.00000000 
1700000024.84502 -0.004657 -0.007461 -0.930555 0.366047 -2.622308 1.625167 1.192742 0.026156 0.253183 0.125992 -0.000121 -0.000536 0.000587 -0.014148 -0.039169 -0.000005 -0.0049792 2 146.054277 146.289362 255.128417 255.076349 0.002257 0.000054 -0.000109 0.000090 -0.242932 0.240446 -0.667814 0.661207 -0.007973 -0.036534 -0.063653 146.475471 146.817442 254.158109 255.541966 -0.004621 0.005375 0.003802 -0.002367 -0.332647 -0.088383 0.241897 0.907205 0.017499 -0.028277 -0.067318 0 1.00000000 0.00000000 0.00000000 1.00000000 0.00000000 1.00000000 1.00000000 0.00000000 0.00000000 1.00000000 0.00000000 1.00000000 0.00000000 0.00000000 0.00000000 0.00000000 0.00000000 0.00000000 0.00000000 0.00000000 0.00000000 0.00000000 0.00000000 0.00000000 1.00000000 0.00000000 0.00000000 0.00000000 1.00000000 
1700000024.89501 -0.004436 -0.006221 -0.931734 0.363062 -2.622228 1.639369 1.199132 0.026925 0.248151 0.131537 -0.000127 -0.000522 0.000584 -0.014422 -0.038403 0.000006 -0.0049929 2 146.053732 146.274113 255.142990 255.105834 0.002285 0.000075 -0.000164 0.000106 -0.242962 0.240498 -0.667806 0.661185 -0.008035 -0.036548 -0.064187 146.462097 146.819574 254.166342 255.530596 -0.004593 0.005381 0.003798 -0.002367 -0.332579 -0.088369 0.241934 0.907221 0.017600 -0.028818 -0.066815 0 1.00000000 0.00000000 0.00000000 1.00000000 0.00000000 1.00000000 1.00000000 0.00000000 0.00000000 1.00000000 0.00000000 1.00000000 0.00000000 0.00000000 0.00000000 0.00000000 0.00000000 0.00000000 0.00000000 0.00000000 0.00000000 0.00000000 0.00000000 0.00000000 1.00000000 0.00000000 0.00000000 0.00000000 1.00000000 
1700000024.94500 -0.004808 -0.005585 -0.932925 0.359994 -2.622651 1.653830 1.205899 0.028384 0.241693 0.139594 -0.000135 -0.000508 0.000582 -0.014820 -0.037608 0.000026 -0.0050028 2 146.049759 146.259039 255.159931 255.135976 0.002324 0.000116 -0.000236 0.000125 -0.243013 0.240549 -0.667784 0.661170 -0.008256 -0.036806 -0.064400 146.449823 146.832894 254.172037 255.516778 -0.004569 0.005389 0.003806 -0.002374 -0.332515 -0.088341 0.241972 0.907237 0.017690 -0.029178 -0.066452 0 1.00000000 0.00000000 0.00000000 1.00000000 0.00000000 1.00000000 1.00000000 0.00000000 0.00000000 1.00000000 0.00000000 1.00000000 0.00000000 0.00000000 0.00000000 0.00000000 0.00000000 0.00000000 0.00000000 0.00000000 0.00000000 0.00000000 0.00000000 0.00000000 1.00000000 0.00000000 0.00000000 0.00000000 1.00000000 
1700000024.99498 -0.005464 -0.004442 -0.934127 0.356870 -2.623116 1.667841 1.212958 0.030265 0.236409 0.145096 -0.000140 -0.000497 0.000579 -0.014964 -0.037004 0.000066 -0.0050196 2 146.047491 146.249992 255.165206 255.159925 0.002300 0.000136 -0.000265 0.000133 -0.243073 0.240569 -0.667759 0.661166 -0.008414 -0.037085 -0.064598 146.439991 146.848882 254.168715 255.510926 -0.004508 0.005377 0.003809 -0.002376 -0.332464 -0.088331 0.242021 0.907244 0.017806 -0.029490 -0.066048 0 1.00000000 0.00000000 0.00000000 1.00000000 0.00000000 1.00000000 1.00000000 0.00000000 0.00000000 1.00000000 0.00000000 1.00000000 0.00000000 0.00000000 0.00000000 0.00000000 0.00000000 0.00000000 0.00000000 0.00000000 0.00000000 0.00000000 0.00000000 0.00000000 1.00000000 0.00000000 0.00000000 0.00000000 1.00000000 
1700000025.04498 -0.005640 -0.002765 -0.935331 0.353718 -2.623320 1.681703 1.220412 0.033958 0.228910 0.150892 -0.000133 -0.000483 0.000575 -0.014394 -0.036211 0.000102 -0.0050222 2 146.044424 146.238014 255.171610 255.185536 0.002311 0.000147 -0.000300 0.000142 -0.243120 0.240585 -0.667772 0.661130 -0.008554 -0.037518 -0.064621 146.420134 146.856891 254.164857 255.496904 -0.004403 0.005369 0.003819 -0.002384 -0.332388 -0.088315 0.242044 0.907267 0.018017 -0.030227 -0.065147 0 1.00000000 0.00000000 0.00000000 1.00000000 0.00000000 1.00000000 1.00000000 0.00000000 0.00000000 1.00000000 0.00000000 1.00000000 0.00000000 0.00000000 0.00000000 0.00000000 0.00000000 0.00000000 0.00000000 0.00000000 0.00000000 0.00000000 0.00000000 0.00000000 1.00000000 0.00000000 0.00000000 0.00000000 1.00000000 
1700000025.09497 -0.005109 -0.002041 -0.936522 0.350565 -2.622653 1.694087 1.228156 0.037020 0.221322 0.155951 -0.000123 -0.000477 0.000570 -0.013631 -0.035808 0.000136 -0.0050319 2 146.043556 146.228889 255.183960 255.212498 0.002324 0.000138 -0.000321 0.000149 -0.243153 0.240616 -0.667787 0.661091 -0.008772 -0.037835 -0.064653 146.407595 146.873597 254.161417 255.493325 -0.004306 0.005350 0.003843 -0.002396 -0.332373 -0.088284 0.242063 0.907270 0.018143 -0.030455 -0.064729 0 1.00000000 0.00000000 0.00000000 1.00000000 0.00000000 1.00000000 1.00000000 0.00000000 0.00000000 1.00000000 0.00000000 1.00000000 0.00000000 0.00000000 0.00000000 0.00000000 0.00000000 0.00000000 0.00000000 0.00000000 0.00000000 0.00000000 0.00000000 0.00000000 1.00000000 0.00000000 0.00000000 0.00000000 1.00000000 
1700000025.14496 -0.004142 -0.001706 -0.937718 0.347369 -2.621672 1.706189 1.236227 0.039855 0.211819 0.161591 -0.000115 -0.000469 0.000567 -0.013014 -0.035287 0.000156 -0.0050391 2 146.045308 146.222838 255.195926 255.233011 0.002303 0.000160 -0.000336 0.000150 -0.243190 0.240649 -0.667799 0.661053 -0.009034 -0.038145 -0.064534 146.392109 146.891204 254.172658 255.478120 -0.004206 0.005310 0.003869 -0.002405 -0.332359 -0.088234 0.242052 0.907283 0.018136 -0.030784 -0.064165 0 1.00000000 0.00000000 0.00000000 1.00000000 0.00000000 1.00000000 1.00000000 0.00000000 0.00000000 1.00000000 0.00000000 1.00000000 0.00000000 0.00000000 0.00000000 0.00000000 0.00000000 0.00000000 0.00000000 0.00000000 0.00000000 0.00000000 0.00000000 0.00000000 1.00000000 0.00000000 0.00000000 0.00000000 1.00000000 
1700000025.19496 -0.003244 -0.001776 -0.938917 0.344123 -2.620454 1.718001 1.244625 0.042202 0.203657 0.165584 -0.000103 -0.000459 0.000566 -0.012165 -0.034641 0.000169 -0.0050405 2 146.045664 146.214395 255.208725 255.258116 0.002333 0.000173 -0.000385 0.000165 -0.243223 0.240680 -0.667837 0.660991 -0.009260 -0.038458 -0.064531 146.380164 146.909835 254.179041 255.460276 -0.004115 0.005273 0.003915 -0.002421 -0.332320 -0.088178 0.242035 0.907308 0.018229 -0.031301 -0.063335 0 1.00000000 0.00000000 0.00000000 1.00000000 0.00000000 1.00000000 1.00000000 0.00000000 0.00000000 1.00000000 0.00000000 1.00000000 0.00000000 0.00000000 0.00000000 0.00000000 0.00000000 0.00000000 0.00000000 0.00000000 0.00000000 0.00000000 0.00000000 0.00000000 1.00000000 0.00000000 0.00000000 0.00000000 1.00000000 
1700000025.24496 -0.003238 -0.001391 -0.940126 0.340810 -2.619613 1.730148 1.253258 0.043822 0.194833 0.168528 -0.000093 -0.000445 0.000568 -0.011424 -0.033749 0.000179 -0.0050366 2 146.046348 146.210225 255.221668 255.275917 0.002387 0.000173 -0.000441 0.000181 -0.243258 0.240705 -0.667865 0.660941 -0.009520 -0.038777 -0.064453 146.365270 146.934495 254.188036 255.435152 -0.004011 0.005244 0.003956 -0.002438 -0.332267 -0.088114 0.242020 0.907337 0.018312 -0.031827 -0.062438 0 1.00000000 0.00000000 0.00000000 1.00000000 0.00000000 1.00000000 1.00000000 0.00000000 0.00000000 1.00000000 0.00000000 1.00000000 0.00000000 0.00000000 0.00000000 0.00000000 0.00000000 0.00000000 0.00000000 0.00000000 0.00000000 0.00000000 0.00000000 0.00000000 1.00000000 0.00000000 0.00000000 0.00000000 1.00000000 
1700000025.29497 -0.004063 -0.000810 -0.941322 0.337485 -2.618681 1.741451 1.261947 0.045593 0.186821 0.169928 -0.000083 -0.000434 0.000566 -0.010649 -0.033094 0.000197 -0.0050312 2 146.052291 146.215606 255.235416 255.291851 0.002439 0.000151 -0.000483 0.000196 -0.243300 0.240739 -0.667870 0.660908 -0.009860 -0.039012 -0.064254 146.360675 146.971276 254.189408 255.425888 -0.003899 0.005186 0.003993 -0.002450 -0.332267 -0.088064 0.242015 0.907344 0.018333 -0.032157 -0.061736 0 1.00000000 0.00000000 0.00000000 1.00000000 0.00000000 1.00000000 1.00000000 0.00000000 0.00000000 1.00000000 0.00000000 1.00000000 0.00000000 0.00000000 0.00000000 0.00000000 0.00000000 0.00000000 0.00000000 0.00000000 0.00000000 0.00000000 0.00000000 0.00000000 1.00000000 0.00000000 0.00000000 0.00000000 1.00000000 
1700000025.34497 -0.005060 -0.000954 -0.942540 0.334054 -2.617467 1.752495 1.270721 0.048117 0.178695 0.171064 -0.000075 -0.000422 0.000569 -0.010056 -0.032255 0.000198 -0.0050313 2 146.058328 146.224411 255.250286 255.300050 0.002584 0.000092 -0.000547 0.000221 -0.243346 0.240773 -0.667864 0.660885 -0.010192 -0.039028 -0.064042 146.352678 147.007584 254.205266 255.406080 -0.003828 0.005136 0.004057 -0.002471 -0.332261 -0.087995 0.242012 0.907353 0.018299 -0.032215 -0.061285 0 1.00000000 0.00000000 0.00000000 1.00000000 0.00000000 1.00000000 1.00000000 0.00000000 0.00000000 1.00000000 0.00000000 1.00000000 0.00000000 0.00000000 0.00000000 0.00000000 0.00000000 0.00000000 0.00000000 0.00000000 0.00000000 0.00000000 0.00000000 0.00000000 1.00000000 0.00000000 0.00000000 0.00000000 1.00000000 
1700000025.39496 -0.005951 -0.001789 -0.943730 0.330660 -2.615625 1.762990 1.279613 0.051347 0.173008 0.170814 -0.000062 -0.000403 0.000561 -0.009099 -0.030895 0.000161 -0.0050357 2 146.094695 146.286603 255.258684 255.299316 0.002845 -0.000040 -0.000668 0.000270 -0.243498 0.240862 -0.667834 0.660827 -0.010814 -0.038290 -0.063590 146.352288 147.077095 254.226362 255.378952 -0.003784 0.005055 0.004133 -0.002490 -0.332308 -0.087922 0.241949 0.907359 0.017948 -0.031826 -0.060958 0 1.00000000 0.00000000 0.00000000 1.00000000 0.00000000 1.00000000 1.00000000 0.00000000 0.00000000 1.00000000 0.00000000 1.00000000 0.00000000 0.00000000 0.00000000 0.00000000 0.00000000 0.00000000 0.00000000 0.00000000 0.00000000 0.00000000 0.00000000 0.00000000 1.00000000 0.00000000 0.00000000 0.00000000 1.00000000 
1700000025.44495 -0.006881 -0.002908 -0.944902 0.327268 -2.612453 1.771179 1.288463 0.056383 0.166266 0.171748 -0.000044 -0.000392 0.000550 -0.007876 -0.030003 0.000113 -0.0050477 2 146.131926 146.324658 255.290279 255.320063 0.003015 -0.000179 -0.000742 0.000306 -0.243581 0.240989 -0.667842 0.660741 -0.011368 -0.037442 -0.063773 146.353117 147.121907 254.244839 255.368771 -0.003729 0.004961 0.004199 -0.002503 -0.332374 -0.087863 0.241909 0.907352 0.017727 -0.031454 -0.060827 0 1.00000000 0.00000000 0.00000000 1.00000000 0.00000000 1.00000000 1.00000000 0.00000000 0.00000000 1.00000000 0.00000000 1.00000000 0.00000000 0.00000000 0.00000000 0.00000000 0.00000000 0.00000000 0.00000000 0.00000000 0.00000000 0.00000000 0.00000000 0.00000000 1.00000000 0.00000000 0.00000000 0.00000000 1.00000000 
1700000025.49495 -0.007275 -0.003857 -0.946097 0.323780 -2.610281 1.780708 1.297335 0.059914 0.162989 0.172348 -0.000039 -0.000381 0.000551 -0.007482 -0.029208 0.000107 -0.0050477 2 146.153147 146.350186 255.300252 255.336320 0.003056 -0.000278 -0.000749 0.000318 -0.243661 0.241033 -0.667812 0.660727 -0.011802 -0.037310 -0.063920 146.356553 147.164558 254.260892 255.344672 -0.003618 0.004843 0.004246 -0.002507 -0.332370 -0.087796 0.241906 0.907361 0.017698 -0.031263 -0.060553 0 1.00000000 0.00000000 0.00000000 1.00000000 0.00000000 1.00000000 1.00000000 0.00000000 0.00000000 1.00000000 0.00000000 1.00000000 0.00000000 0.00000000 0.00000000 0.00000000 0.00000000 0.00000000 0.00000000 0.00000000 0.00000000 0.00000000 0.00000000 0.00000000 1.00000000 0.00000000 0.00000000 0.00000000 1.00000000 
1700000025.54494 -0.006962 -0.004419 -0.947291 0.320269 -2.607617 1.789958 1.306284 0.064155 0.160235 0.173028 -0.000031 -0.000367 0.000554 -0.006941 -0.028258 0.000095 -0.0050576 2 146.164411 146.355437 255.313270 255.358242 0.003065 -0.000340 -0.000760 0.000327 -0.243692 0.241069 -0.667798 0.660716 -0.012164 -0.037223 -0.064490 146.363360 147.202018 254.270510 255.323500 -0.003526 0.004729 0.004301 -0.002515 -0.332345 -0.087742 0.241915 0.907373 0.017819 -0.031096 -0.060260 0 1.00000000 0.00000000 0.00000000 1.00000000 0.00000000 1.00000000 1.00000000 0.00000000 0.00000000 1.00000000 0.00000000 1.00000000 0.00000000 0.00000000 0.00000000 0.00000000 0.00000000 0.00000000 0.00000000 0.00000000 0.00000000 0.00000000 0.00000000 0.00000000 1.00000000 0.00000000 0.00000000 0.00000000 1.00000000 
1700000025.59494 -0.005599 -0.004603 -0.948487 0.316734 -2.604575 1.799384 1.315236 0.067101 0.158335 0.176122 -0.000022 -0.000354 0.000561 -0.006300 -0.027338 0.000079 -0.0050553 2 146.181149 146.376602 255.317049 255.374435 0.003092 -0.000429 -0.000734 0.000327 -0.243756 0.241097 -0.667789 0.660691 -0.012460 -0.037190 -0.064661 146.369311 147.238858 254.279003 255.298341 -0.003384 0.004604 0.004333 -0.002513 -0.332308 -0.087689 0.241910 0.907393 0.017923 -0.031120 -0.059733 0 1.00000000 0.00000000 0.00000000 1.00000000 0.00000000 1.00000000 1.00000000 0.00000000 0.00000000 1.00000000 0.00000000 1.00000000 0.00000000 0.00000000 0.00000000 0.00000000 0.00000000 0.00000000 0.00000000 0.00000000 0.00000000 0.00000000 0.00000000 0.00000000 1.00000000 0.00000000 0.00000000 0.00000000 1.00000000 
1700000025.64495 -0.004577 -0.004381 -0.949671 0.313185 -2.600957 1.807982 1.324322 0.068700 0.155226 0.180538 -0.000012 -0.000344 0.000570 -0.005528 -0.026624 0.000066 -0.0050458 2 146.192377 146.388577 255.324454 255.397491 0.003179 -0.000525 -0.000727 0.000333 -0.243805 0.241126 -0.667799 0.660652 -0.012689 -0.037295 -0.064869 146.370104 147.260994 254.287916 255.270806 -0.003241 0.004513 0.004332 -0.002503 -0.332242 -0.087642 0.241894 0.907426 0.018109 -0.031274 -0.059232 0 1.00000000 0.00000000 0.00000000 1.00000000 0.00000000 1.00000000 1.00000000 0.00000000 0.00000000 1.00000000 0.00000000 1.00000000 0.00000000 0.00000000 0.00000000 0.00000000 0.00000000 0.00000000 0.00000000 0.00000000 0.00000000 0.00000000 0.00000000 0.00000000 1.00000000 0.00000000 0.00000000 0.00000000 1.00000000 
1700000025.69496 -0.004427 -0.003768 -0.950845 0.309613 -2.597556 1.816043 1.333585 0.068628 0.152139 0.186722 -0.000010 -0.000337 0.000576 -0.005425 -0.026084 0.000057 -0.0050356 2 146.205145 146.404058 255.346559 255.408546 0.003218 -0.000594 -0.000711 0.000334 -0.243803 0.241190 -0.667773 0.660657 -0.013001 -0.037238 -0.064989 146.396337 147.308653 254.283264 255.261761 -0.003159 0.004390 0.004338 -0.002488 -0.332241 -0.087631 0.241918 0.907421 0.018070 -0.031264 -0.058797 0 1.00000000 0.00000000 0.00000000 1.00000000 0.00000000 1.00000000 1.00000000 0.00000000 0.00000000 1.00000000 0.00000000 1.00000000 0.00000000 0.00000000 0.00000000 0.00000000 0.00000000 0.00000000 0.00000000 0.00000000 0.00000000 0.00000000 0.00000000 0.00000000 1.00000000 0.00000000 0.00000000 0.00000000 1.00000000 
1700000025.74498 -0.004588 -0.002671 -0.952007 0.306031 -2.593767 1.823854 1.343358 0.069798 0.147731 0.199502 -0.000003 -0.000329 0.000584 -0.004927 -0.025530 0.000043 -0.0050212 2 146.204982 146.401494 255.359810 255.424531 0.003371 -0.000654 -0.000751 0.000352 -0.243806 0.241218 -0.667775 0.660643 -0.013232 -0.037314 -0.065203 146.408404 147.334574 254.281965 255.241986 -0.002998 0.004255 0.004322 -0.002466 -0.332199 -0.087604 0.241911 0.907441 0.018179 -0.031291 -0.058436 0 1.00000000 0.00000000 0.00000000 1.00000000 0.00000000 1.00000000 1.00000000 0.00000000 0.00000000 1.00000000 0.00000000 1.00000000 0.00000000 0.00000000 0.00000000 0.00000000 0.00000000 0.00000000 0.00000000 0.00000000 0.00000000 0.00000000 0.00000000 0.00000000 1.00000000 0.00000000 0.00000000 0.00000000 1.00000000 
1700000025.79499 -0.004862 -0.002100 -0.953150 0.302450 -2.590093 1.831009 1.353757 0.070606 0.143176 0.212932 -0.000001 -0.000327 0.000588 -0.004730 -0.025357 0.000048 -0.0050140 2 146.206317 146.398877 255.352511 255.434456 0.003412 -0.000714 -0.000734 0.000352 -0.243816 0.241206 -0.667761 0.660658 -0.013283 -0.037456 -0.065366 146.429785 147.364074 254.273897 255.241110 -0.002905 0.004150 0.004310 -0.002447 -0.332197 -0.087586 0.241924 0.907440 0.018270 -0.031346 -0.058114 0 1.00000000 0.00000000 0.00000000 1.00000000 0.00000000 1.00000000 1.00000000 0.00000000 0.00000000 1.00000000 0.00000000 1.00000000 0.00000000 0.00000000 0.00000000 0.00000000 0.00000000 0.00000000 0.00000000 0.00000000 0.00000000 0.00000000 0.00000000 0.00000000 1.00000000 0.00000000 0.00000000 0.00000000 1.00000000 
1700000025.84501 -0.005344 -0.002822 -0.954281 0.298851 -2.585478 1.838296 1.364838 0.072801 0.138116 0.226438 0.000015 -0.000318 0.000599 -0.003586 -0.024634 0.000018 -0.0049917 2 146.205343 146.387815 255.367434 255.476472 0.003448 -0.000755 -0.000716 0.000350 -0.243837 0.241211 -0.667805 0.660604 -0.013553 -0.037762 -0.066336 146.392364 147.316438 254.266486 255.231730 -0.002646 0.004142 0.004203 -0.002412 -0.332059 -0.087571 0.241882 0.907503 0.018850 -0.031752 -0.058292 0 1.00000000 0.00000000 0.00000000 1.00000000 0.00000000 1.00000000 1.00000000 0.00000000 0.00000000 1.00000000 0.00000000 1.00000000 0.00000000 0.00000000 0.00000000 0.00000000 0.00000000 0.00000000 0.00000000 0.00000000 0.00000000 0.00000000 0.00000000 0.00000000 1.00000000 0.00000000 0.00000000 0.00000000 1.00000000 
1700000025.89503 -0.006435 -0.003999 -0.955391 0.295247 -2.581534 1.845263 1.376407 0.074079 0.135478 0.235985 0.000013 -0.000313 0.000607 -0.003696 -0.024257 0.000013 -0.0049691 2 146.206499 146.389767 255.378442 255.504323 0.003551 -0.000850 -0.000718 0.000361 -0.243853 0.241230 -0.667794 0.660602 -0.013706 -0.037945 -0.067104 146.406124 147.313067 254.267864 255.214465 -0.002518 0.004041 0.004160 -0.002384 -0.331955 -0.087540 0.241883 0.907544 0.019143 -0.031824 -0.058264 0 1.00000000 0.00000000 0.00000000 1.00000000 0.00000000 1.00000000 1.00000000 0.00000000 0.00000000 1.00000000 0.00000000 1.00000000 0.00000000 0.00000000 0.00000000 0.00000000 0.00000000 0.00000000 0.00000000 0.00000000 0.00000000 0.00000000 0.00000000 0.00000000 1.00000000 0.00000000 0.00000000 0.00000000 1.00000000 
1700000025.94505 -0.007430 -0.005028 -0.956494 0.291612 -2.576956 1.851772 1.388467 0.076797 0.133280 0.243886 0.000015 -0.000308 0.000616 -0.003609 -0.023895 -0.000007 -0.0049518 2 146.224498 146.404617 255.388941 255.533586 0.003583 -0.000966 -0.000682 0.000362 -0.243908 0.241257 -0.667781 0.660585 -0.013953 -0.037967 -0.067846 146.413989 147.309069 254.283520 255.192148 -0.002364 0.003931 0.004099 -0.002346 -0.331877 -0.087497 0.241851 0.907585 0.019273 -0.031900 -0.058209 0 1.00000000 0.00000000 0.00000000 1.00000000 0.00000000 1.00000000 1.00000000 0.00000000 0.00000000 1.00000000 0.00000000 1.00000000 0.00000000 0.00000000 0.00000000 0.00000000 0.00000000 0.00000000 0.00000000 0.00000000 0.00000000 0.00000000 0.00000000 0.00000000 1.00000000 0.00000000 0.00000000 0.00000000 1.00000000 
1700000025.99506 -0.008010 -0.006353 -0.957581 0.287981 -2.572335 1.858007 1.400823 0.079407 0.132500 0.246196 0.000019 -0.000302 0.000624 -0.003276 -0.023452 -0.000026 -0.0049447 2 146.239745 146.424493 255.400648 255.559107 0.003812 -0.001110 -0.000740 0.000395 -0.243977 0.241304 -0.667750 0.660574 -0.014234 -0.037707 -0.068453 146.425471 147.319240 254.305402 255.164926 -0.002221 0.003832 0.004019 -0.002301 -0.331813 -0.087461 0.241829 0.907617 0.019283 -0.031860 -0.058085 0 1.00000000 0.00000000 0.00000000 1.00000000 0.00000000 1.00000000 1.00000000 0.00000000 0.00000000 1.00000000 0.00000000 1.00000000 0.00000000 0.00000000 0.00000000 0.00000000 0.00000000 0.00000000 0.00000000 0.00000000 0.00000000 0.00000000 0.00000000 0.00000000 1.00000000 0.00000000 0.00000000 0.00000000 1.00000000 
1700000026.04507 -0.007637 -0.007851 -0.958671 0.284306 -2.568096 1.865016 1.413156 0.081427 0.134136 0.246710 0.000017 -0.000297 0.000635 -0.003403 -0.023146 -0.000028 -0.0049329 2 146.247749 146.434765 255.414380 255.587898 0.003913 -0.001248 -0.000721 0.000404 -0.244003 0.241315 -0.667739 0.660571 -0.014409 -0.037768 -0.069472 146.411439 147.289573 254.335545 255.137799 -0.001990 0.003759 0.003911 -0.002253 -0.331686 -0.087388 0.241808 0.907677 0.019519 -0.032266 -0.057918 0 1.00000000 0.00000000 0.00000000 1.00000000 0.00000000 1.00000000 1.00000000 0.00000000 0.00000000 1.00000000 0.00000000 1.00000000 0.00000000 0.00000000 0.00000000 0.00000000 0.00000000 0.00000000 0.00000000 0.00000000 0.00000000 0.00000000 0.00000000 0.00000000 1.00000000 0.00000000 0.00000000 0.00000000 1.00000000 
1700000026.09507 -0.006873 -0.007883 -0.959758 0.280635 -2.563447 1.871212 1.425443 0.082667 0.135943 0.247105 0.000015 -0.000295 0.000637 -0.003546 -0.022966 -0.000043 -0.0049330 2 146.259467 146.448826 255.415324 255.611883 0.004082 -0.001407 -0.000737 0.000426 -0.244062 0.241339 -0.667706 0.660574 -0.014456 -0.037577 -0.070237 146.415983 147.285464 254.363132 255.122368 -0.001816 0.003647 0.003825 -0.002205 -0.331624 -0.087327 0.241794 0.907709 0.019503 -0.032546 -0.057673 0 1.00000000 0.00000000 0.00000000 1.00000000 0.00000000 1.00000000 1.00000000 0.00000000 0.00000000 1.00000000 0.00000000 1.00000000 0.00000000 0.00000000 0.00000000 0.00000000 0.00000000 0.00000000 0.00000000 0.00000000 0.00000000 0.00000000 0.00000000 0.00000000 1.00000000 0.00000000 0.00000000 0.00000000 1.00000000 
1700000026.14507 -0.006675 -0.005957 -0.960848 0.276933 -2.559022 1.877556 1.437792 0.083281 0.136667 0.245346 0.000016 -0.000293 0.000638 -0.003508 -0.022743 -0.000054 -0.0049309 2 146.284281 146.479515 255.425381 255.637163 0.004206 -0.001572 -0.000745 0.000447 -0.244141 0.241398 -0.667667 0.660562 -0.014712 -0.037384 -0.070765 146.424887 147.287664 254.386799 255.110334 -0.001693 0.003534 0.003758 -0.002163 -0.331587 -0.087292 0.241773 0.907731 0.019443 -0.032742 -0.057492 0 1.00000000 0.00000000 0.00000000 1.00000000 0.00000000 1.00000000 1.00000000 0.00000000 0.00000000 1.00000000 0.00000000 1.00000000 0.00000000 0.00000000 0.00000000 0.00000000 0.00000000 0.00000000 0.00000000 0.00000000 0.00000000 0.00000000 0.00000000 0.00000000 1.00000000 0.00000000 0.00000000 0.00000000 1.00000000 
1700000026.19506 -0.007003 -0.003357 -0.961930 0.273187 -2.554007 1.884531 1.450028 0.085065 0.136226 0.240648 0.000015 -0.000278 0.000641 -0.003605 -0.021670 -0.000097 -0.0049392 2 146.288802 146.479191 255.432263 255.660456 0.004391 -0.001686 -0.000795 0.000475 -0.244188 0.241431 -0.667612 0.660589 -0.014943 -0.037694 -0.070713 146.441616 147.313927 254.412264 255.088551 -0.001622 0.003442 0.003707 -0.002129 -0.331546 -0.087267 0.241775 0.907748 0.019357 -0.032711 -0.057205 0 1.00000000 0.00000000 0.00000000 1.00000000 0.00000000 1.00000000 1.00000000 0.00000000 0.00000000 1.00000000 0.00000000 1.00000000 0.00000000 0.00000000 0.00000000 0.00000000 0.00000000 0.00000000 0.00000000 0.00000000 0.00000000 0.00000000 0.00000000 0.00000000 1.00000000 0.00000000 0.00000000 0.00000000 1.00000000 
1700000026.24506 -0.007777 -0.000538 -0.962999 0.269394 -2.549036 1.891971 1.461886 0.088053 0.133122 0.233743 0.000012 -0.000263 0.000647 -0.003893 -0.020596 -0.000126 -0.0049403 2 146.301445 146.495584 255.444611 255.679234 0.004551 -0.001838 -0.000824 0.000502 -0.244216 0.241475 -0.667558 0.660616 -0.015181 -0.038072 -0.070584 146.452460 147.338470 254.451590 255.058865 -0.001540 0.003370 0.003627 -0.002086 -0.331510 -0.087230 0.241759 0.907769 0.019171 -0.032915 -0.056654 0 1.00000000 0.00000000 0.00000000 1.00000000 0.00000000 1.00000000 1.00000000 0.00000000 0.00000000 1.00000000 0.00000000 1.00000000 0.00000000 0.00000000 0.00000000 0.00000000 0.00000000 0.00000000 0.00000000 0.00000000 0.00000000 0.00000000 0.00000000 0.00000000 1.00000000 0.00000000 0.00000000 0.00000000 1.00000000 
1700000026.29507 -0.008876 0.001762 -0.964052 0.265559 -2.543393 1.898608 1.473461 0.092795 0.128092 0.227813 0.000013 -0.000248 0.000656 -0.003850 -0.019469 -0.000162 -0.0049321 2 146.308511 146.496421 255.454591 255.704762 0.004750 -0.001944 -0.000893 0.000536 -0.244245 0.241505 -0.667508 0.660646 -0.015479 -0.038159 -0.070971 146.476615 147.371546 254.478764 255.032474 -0.001487 0.003290 0.003546 -0.002040 -0.331475 -0.087224 0.241749 0.907785 0.019082 -0.032857 -0.056311 0 1.00000000 0.00000000 0.00000000 1.00000000 0.00000000 1.00000000 1.00000000 0.00000000 0.00000000 1.00000000 0.00000000 1.00000000 0.00000000 0.00000000 0.00000000 0.00000000 0.00000000 0.00000000 0.00000000 0.00000000 0.00000000 0.00000000 0.00000000 0.00000000 1.00000000 0.00000000 0.00000000 0.00000000 1.00000000 
1700000026.34508 -0.009231 0.001724 -0.965096 0.261727 -2.537319 1.904827 1.484702 0.098910 0.121128 0.222716 0.000018 -0.000234 0.000661 -0.003468 -0.018403 -0.000198 -0.0049182 2 146.314434 146.494578 255.450659 255.725235 0.004991 -0.002052 -0.000983 0.000577 -0.244286 0.241510 -0.667459 0.660678 -0.015623 -0.037349 -0.072273 146.492714 147.406219 254.505892 255.007392 -0.001412 0.003243 0.003438 -0.001989 -0.331446 -0.087217 0.241750 0.907796 0.018958 -0.032709 -0.056075 0 1.00000000 0.00000000 0.00000000 1.00000000 0.00000000 1.00000000 1.00000000 0.00000000 0.00000000 1.00000000 0.00000000 1.00000000 0.00000000 0.00000000 0.00000000 0.00000000 0.00000000 0.00000000 0.00000000 0.00000000 0.00000000 0.00000000 0.00000000 0.00000000 1.00000000 0.00000000 0.00000000 0.00000000 1.00000000 
1700000026.39507 -0.009250 0.000078 -0.966137 0.257863 -2.531672 1.910540 1.495992 0.103758 0.116786 0.220825 0.000015 -0.000220 0.000664 -0.003826 -0.017372 -0.000218 -0.0049321 2 146.316498 146.480250 255.436265 255.728284 0.005166 -0.002151 -0.001052 0.000611 -0.244276 0.241491 -0.667364 0.660785 -0.015604 -0.037079 -0.072625 146.575595 147.510955 254.523279 254.970249 -0.001428 0.003064 0.003345 -0.001919 -0.331464 -0.087226 0.241810 0.907772 0.018537 -0.032858 -0.054587 0 1.00000000 0.00000000 0.00000000 1.00000000 0.00000000 1.00000000 1.00000000 0.00000000 0.00000000 1.00000000 0.00000000 1.00000000 0.00000000 0.00000000 0.00000000 0.00000000 0.00000000 0.00000000 0.00000000 0.00000000 0.00000000 0.00000000 0.00000000 0.00000000 1.00000000 0.00000000 0.00000000 0.00000000 1.00000000 
1700000026.44508 -0.009228 -0.000959 -0.967155 0.254016 -2.525253 1.915875 1.506843 0.108891 0.113474 0.223189 0.000017 -0.000204 0.000664 -0.003767 -0.016190 -0.000252 -0.0049249 2 146.321106 146.468035 255.436422 255.748472 0.005251 -0.002247 -0.001077 0.000633 -0.244277 0.241457 -0.667261 0.660901 -0.015660 -0.037275 -0.072993 146.574462 147.528365 254.558223 254.945356 -0.001139 0.002978 0.003088 -0.001809 -0.331440 -0.087255 0.241867 0.907764 0.018197 -0.031831 -0.055374 0 1.00000000 0.00000000 0.00000000 1.00000000 0.00000000 1.00000000 1.00000000 0.00000000 0.00000000 1.00000000 0.00000000 1.00000000 0.00000000 0.00000000 0.00000000 0.00000000 0.00000000 0.00000000 0.00000000 0.00000000 0.00000000 0.00000000 0.00000000 0.00000000 1.00000000 0.00000000 0.00000000 0.00000000 1.00000000 
1700000026.49505 -0.009160 0.000175 -0.968166 0.250141 -2.518904 1.921275 1.517960 0.113090 0.111038 0.227634 0.000014 -0.000193 0.000662 -0.004000 -0.015348 -0.000282 -0.0049457 2 146.339676 146.475895 255.441294 255.753709 0.005173 -0.002268 -0.001050 0.000627 -0.244282 0.241489 -0.667191 0.660958 -0.015806 -0.037053 -0.073218 146.589889 147.562876 254.597045 254.919220 -0.001081 0.002931 0.002958 -0.001748 -0.331448 -0.087258 0.241871 0.907759 0.017808 -0.031710 -0.055018 0 1.00000000 0.00000000 0.00000000 1.00000000 0.00000000 1.00000000 1.00000000 0.00000000 0.00000000 1.00000000 0.00000000 1.00000000 0.00000000 0.00000000 0.00000000 0.00000000 0.00000000 0.00000000 0.00000000 0.00000000 0.00000000 0.00000000 0.00000000 0.00000000 1.00000000 0.00000000 0.00000000 0.00000000 1.00000000 
1700000026.54504 -0.009334 0.002183 -0.969156 0.246263 -2.512312 1.926575 1.529371 0.117997 0.106486 0.234722 0.000012 -0.000182 0.000659 -0.004229 -0.014541 -0.000312 -0.0049610 2 146.343994 146.462888 255.434360 255.757975 0.005165 -0.002257 -0.001062 0.000630 -0.244282 0.241482 -0.667134 0.661018 -0.015834 -0.036980 -0.073366 146.600058 147.588236 254.625261 254.899733 -0.000963 0.002881 0.002786 -0.001673 -0.331449 -0.087279 0.241868 0.907758 0.017524 -0.031746 -0.054593 0 1.00000000 0.00000000 0.00000000 1.00000000 0.00000000 1.00000000 1.00000000 0.00000000 0.00000000 1.00000000 0.00000000 1.00000000 0.00000000 0.00000000 0.00000000 0.00000000 0.00000000 0.00000000 0.00000000 0.00000000 0.00000000 0.00000000 0.00000000 0.00000000 1.00000000 0.00000000 0.00000000 0.00000000 1.00000000 
1700000026.59503 -0.009903 0.003629 -0.970120 0.242395 -2.505720 1.931624 1.541036 0.122398 0.101702 0.240766 0.000005 -0.000172 0.000646 -0.004857 -0.013768 -0.000336 -0.0049680 2 146.336373 146.440429 255.412157 255.756640 0.005133 -0.002228 -0.001052 0.000625 -0.244268 0.241451 -0.667085 0.661084 -0.015689 -0.037224 -0.073245 146.612014 147.604959 254.640364 254.881762 -0.000780 0.002810 0.002524 -0.001558 -0.331440 -0.087335 0.241848 0.907761 0.017217 -0.031893 -0.054051 0 1.00000000 0.00000000 0.00000000 1.00000000 0.00000000 1.00000000 1.00000000 0.00000000 0.00000000 1.00000000 0.00000000 1.00000000 0.00000000 0.00000000 0.00000000 0.00000000 0.00000000 0.00000000 0.00000000 0.00000000 0.00000000 0.00000000 0.00000000 0.00000000 1.00000000 0.00000000 0.00000000 0.00000000 1.00000000 
1700000026.64502 -0.010348 0.004597 -0.971079 0.238491 -2.498637 1.936236 1.553033 0.128351 0.094720 0.246978 0.000005 -0.000161 0.000638 -0.004942 -0.012935 -0.000366 -0.0049769 2 146.329153 146.421087 255.403601 255.765948 0.005197 -0.002210 -0.001092 0.000636 -0.244267 0.241431 -0.667030 0.661147 -0.015652 -0.037302 -0.073452 146.606479 147.605614 254.673823 254.865878 -0.000627 0.002781 0.002311 -0.001467 -0.331417 -0.087368 0.241835 0.907769 0.016998 -0.031944 -0.053865 0 1.00000000 0.00000000 0.00000000 1.00000000 0.00000000 1.00000000 1.00000000 0.00000000 0.00000000 1.00000000 0.00000000 1.00000000 0.00000000 0.00000000 0.00000000 0.00000000 0.00000000 0.00000000 0.00000000 0.00000000 0.00000000 0.00000000 0.00000000 0.00000000 1.00000000 0.00000000 0.00000000 0.00000000 1.00000000 
1700000026.69502 -0.010978 0.004920 -0.972026 0.234565 -2.491347 1.940648 1.565269 0.133810 0.088335 0.250074 0.000005 -0.000151 0.000634 -0.004966 -0.012165 -0.000390 -0.0049819 2 146.320496 146.403963 255.403511 255.769025 0.005303 -0.002149 -0.001189 0.000661 -0.244250 0.241431 -0.666975 0.661209 -0.015624 -0.037184 -0.073679 146.606522 147.616992 254.702607 254.846745 -0.000517 0.002784 0.002124 -0.001395 -0.331389 -0.087397 0.241838 0.907776 0.016759 -0.031973 -0.053658 0 1.00000000 0.00000000 0.00000000 1.00000000 0.00000000 1.00000000 1.00000000 0.00000000 0.00000000 1.00000000 0.00000000 1.00000000 0.00000000 0.00000000 0.00000000 0.00000000 0.00000000 0.00000000 0.00000000 0.00000000 0.00000000 0.00000000 0.00000000 0.00000000 1.00000000 0.00000000 0.00000000 0.00000000 1.00000000 
1700000026.74501 -0.011976 0.005904 -0.972949 0.230632 -2.483738 1.944707 1.577563 0.140174 0.080862 0.250101 0.000003 -0.000141 0.000627 -0.005119 -0.011444 -0.000416 -0.0049916 2 146.327148 146.403687 255.406024 255.769226 0.005316 -0.002111 -0.001241 0.000676 -0.244234 0.241454 -0.666926 0.661256 -0.015633 -0.036975 -0.073923 146.613844 147.628174 254.731897 254.828580 -0.000454 0.002778 0.001956 -0.001329 -0.331362 -0.087412 0.241821 0.907789 0.016491 -0.031989 -0.053478 0 1.00000000 0.00000000 0.00000000 1.00000000 0.00000000 1.00000000 1.00000000 0.00000000 0.00000000 1.00000000 0.00000000 1.00000000 0.00000000 0.00000000 0.00000000 0.00000000 0.00000000 0.00000000 0.00000000 0.00000000 0.00000000 0.00000000 0.00000000 0.00000000 1.00000000 0.00000000 0.00000000 0.00000000 1.00000000 
