t,tracked,n_obs0,n_obs1,mean0,ms,keyframe,n_landmarks,allobs
1520530308.199448,0,0,0,13.88,1.49,0,0,0/0
1520530308.249449,0,0,0,13.96,0.70,0,0,0/0
1520530308.299451,0,0,0,13.93,0.75,0,0,0/0
1520530308.349503,0,0,0,14.57,0.67,0,0,0/0
1520530308.399505,0,0,0,14.72,0.70,0,0,0/0
1520530308.449505,0,0,0,14.76,0.67,0,0,0/0
1520530308.499506,0,0,0,14.63,0.67,0,0,0/0
1520530308.549508,0,0,0,14.67,0.68,0,0,0/0
1520530308.599509,0,0,0,14.71,0.80,0,0,0/0
1520530308.649555,0,0,0,14.68,0.88,0,0,0/0
1520530308.699512,0,0,0,14.63,0.85,0,0,0/0
1520530308.749559,0,0,0,15.28,1.02,0,0,0/0
1520530308.799560,0,0,0,15.25,1.32,0,0,0/0
1520530308.849562,0,0,0,15.24,1.57,0,0,0/0
1520530308.899563,0,0,0,15.27,1.18,0,0,0/0
1520530308.949565,0,0,0,15.37,0.67,0,0,0/0
1520530308.999567,0,0,0,15.36,0.89,0,0,0/0
1520530309.049568,0,0,0,15.43,0.80,0,0,0/0
1520530309.099570,0,0,0,15.38,0.66,0,0,0/0
1520530309.149567,0,0,0,15.32,0.91,0,0,0/0
1520530309.199583,0,0,0,15.55,1.26,0,0,0/0
1520530309.249583,0,0,0,15.45,0.85,0,0,0/0
1520530309.299586,0,0,0,15.58,0.84,0,0,0/0
1520530309.349586,0,0,0,15.57,0.92,0,0,0/0
1520530309.399589,0,0,0,15.46,1.08,0,0,0/0
1520530309.449590,0,0,0,15.43,0.76,0,0,0/0
1520530309.499591,0,0,0,15.50,0.83,0,0,0/0
1520530309.549594,0,0,0,15.55,0.76,0,0,0/0
1520530309.599597,0,0,0,15.49,0.71,0,0,0/0
1520530309.649599,0,0,0,15.64,0.72,0,0,0/0
1520530309.699600,0,0,0,15.66,0.88,0,0,0/0
1520530309.749602,0,0,0,15.65,0.66,0,0,0/0
1520530309.799603,0,0,0,15.58,0.75,0,0,0/0
1520530309.849605,0,0,0,15.67,1.05,0,0,0/0
1520530309.899606,0,0,0,15.70,0.89,0,0,0/0
1520530309.949608,0,0,0,15.55,0.70,0,0,0/0
1520530309.999622,0,0,0,15.85,0.80,0,0,0/0
1520530310.049623,0,0,0,15.81,0.68,0,0,0/0
1520530310.099625,0,0,0,15.84,0.70,0,0,0/0
1520530310.149627,0,0,0,15.89,0.83,0,0,0/0
1520530310.199628,0,0,0,15.92,0.77,0,0,0/0
1520530310.249729,0,0,0,15.84,0.86,0,0,0/0
1520530310.299631,0,0,0,15.88,0.90,0,0,0/0
1520530310.349633,0,0,0,15.83,1.09,0,0,0/0
1520530310.399625,0,0,0,15.71,0.78,0,0,0/0
1520530310.449627,0,0,0,15.66,0.78,0,0,0/0
1520530310.499628,0,0,0,15.73,1.18,0,0,0/0
1520530310.549630,0,0,0,15.73,1.77,0,0,0/0
1520530310.599632,0,0,0,15.74,1.03,0,0,0/0
1520530310.649633,0,0,0,15.73,0.69,0,0,0/0
1520530310.699635,0,0,0,15.70,0.82,0,0,0/0
1520530310.749636,0,0,0,15.67,0.69,0,0,0/0
1520530310.799651,0,0,0,15.93,0.74,0,0,0/0
1520530310.849652,0,0,0,15.94,1.10,0,0,0/0
1520530310.899654,0,0,0,16.01,0.91,0,0,0/0
1520530310.949655,0,0,0,15.96,0.78,0,0,0/0
1520530310.999657,0,0,0,15.97,0.80,0,0,0/0
1520530311.049659,0,0,0,16.00,0.84,0,0,0/0
1520530311.099660,1,151,124,15.92,18.18,1,124,151/124
1520530311.149662,1,166,136,15.99,12.03,0,124,166/136
1520530311.199672,1,300,217,16.10,22.19,0,124,300/217
1520530311.249673,1,300,225,16.08,35.65,1,249,300/225
1520530311.299675,1,300,223,16.02,22.48,0,249,300/223
1520530311.349677,1,300,226,16.05,19.70,0,249,300/226
1520530311.399678,1,300,225,16.08,47.47,1,330,300/225
1520530311.449679,1,300,225,16.07,19.08,0,330,300/225
1520530311.499684,1,300,224,16.09,19.19,0,330,300/224
1520530311.549683,1,300,232,16.07,46.19,1,402,300/232
1520530311.599684,1,300,226,16.13,17.25,0,402,300/226
1520530311.649719,1,300,232,16.63,20.12,0,402,300/232
1520530311.699720,1,300,223,16.54,60.93,1,462,300/223
1520530311.749722,1,300,217,16.67,26.21,0,462,300/217
1520530311.799723,1,300,224,16.60,21.82,0,462,300/224
1520530311.849725,1,300,235,16.58,58.14,1,529,300/235
1520530311.899726,1,300,228,16.59,19.43,0,529,300/228
1520530311.949728,1,300,227,16.59,18.63,0,529,300/227
1520530311.999729,1,300,225,16.58,79.58,1,584,300/225
1520530312.049721,1,300,237,16.42,16.02,0,584,300/237
1520530312.099721,1,300,227,16.52,18.79,0,584,300/227
1520530312.149723,1,300,224,16.45,93.63,1,644,300/224
1520530312.199726,1,300,225,16.54,18.62,0,644,300/225
1520530312.249727,1,300,226,16.54,16.49,0,644,300/226
1520530312.299728,1,300,239,16.46,128.60,1,707,300/239
1520530312.349730,1,300,221,16.43,22.68,0,707,300/221
1520530312.399731,1,300,227,16.46,18.28,0,707,300/227
1520530312.449712,1,300,235,16.16,129.46,1,769,300/235
1520530312.499714,1,300,232,16.18,19.21,0,769,300/232
1520530312.549715,1,300,226,16.22,27.79,0,769,300/226
1520530312.599717,1,300,224,16.23,90.49,1,817,300/224
1520530312.649719,1,300,227,16.19,17.85,0,817,300/227
1520530312.699720,1,264,208,16.15,15.95,0,817,264/208
1520530312.749722,1,300,228,16.16,136.41,1,873,300/228
1520530312.799724,1,300,233,16.24,21.20,0,873,300/233
1520530312.849720,1,300,236,16.15,18.09,0,873,300/236
1520530312.899721,1,300,230,16.18,176.67,1,931,300/230
1520530312.949723,1,275,213,16.12,15.64,0,931,275/213
1520530312.999725,1,300,228,16.19,17.17,0,931,300/228
1520530313.049726,1,300,242,16.15,119.54,1,997,300/242
1520530313.099727,1,300,242,16.16,17.49,0,997,300/242
1520530313.149729,1,300,237,16.16,20.33,0,997,300/237
1520530313.199730,1,300,229,16.14,139.15,1,1047,300/229
1520530313.249736,1,300,231,16.17,19.99,0,1047,300/231
1520530313.299738,1,300,235,16.27,21.47,0,1047,300/235
1520530313.349739,1,300,223,16.26,143.00,1,1098,300/223
1520530313.399790,1,271,209,16.26,23.05,0,1098,271/209
1520530313.449743,1,300,222,16.23,17.10,0,1098,300/222
1520530313.499744,1,300,229,16.18,148.48,1,1154,300/229
1520530313.549746,1,300,229,16.22,22.01,0,1154,300/229
1520530313.599747,1,300,239,16.22,20.51,0,1154,300/239
1520530313.649745,1,300,223,16.18,159.96,1,1197,300/223
1520530313.699746,1,300,235,16.11,21.02,0,1197,300/235
1520530313.749748,1,300,234,16.19,19.46,0,1197,300/234
1520530313.799750,1,300,225,16.18,205.98,1,1246,300/225
1520530313.849751,1,300,236,16.25,17.28,0,1246,300/236
1520530313.899753,1,300,233,16.20,19.26,0,1246,300/233
1520530313.949754,1,300,233,16.11,175.10,1,1299,300/233
1520530313.999756,1,300,233,16.15,18.85,0,1299,300/233
1520530314.049757,1,300,231,16.30,21.98,0,1299,300/231
1520530314.099763,1,300,241,16.26,200.24,1,1365,300/241
1520530314.149765,1,300,239,16.26,17.04,0,1365,300/239
1520530314.199766,1,300,238,16.32,17.08,0,1365,300/238
1520530314.249768,1,300,231,16.38,193.13,1,1423,300/231
1520530314.299769,1,300,241,16.41,18.59,0,1423,300/241
1520530314.349771,1,300,237,16.34,20.60,0,1423,300/237
1520530314.399773,1,300,233,16.35,161.41,1,1479,300/233
1520530314.449774,1,300,239,16.33,17.96,0,1479,300/239
1520530314.499774,1,300,238,16.42,20.35,0,1479,300/238
1520530314.549776,1,300,237,16.33,227.25,1,1550,300/237
1520530314.599777,1,300,222,16.37,18.56,0,1550,300/222
1520530314.649779,1,300,234,16.46,19.40,0,1550,300/234
1520530314.699780,1,300,227,16.59,194.57,1,1621,300/227
1520530314.749782,1,300,222,16.57,24.67,0,1621,300/222
1520530314.799787,1,300,224,16.62,26.26,0,1621,300/224
1520530314.849784,1,300,223,16.77,281.07,1,1690,300/223
1520530314.899810,1,300,214,17.15,18.45,0,1690,300/214
1520530314.949812,1,300,225,17.35,22.53,0,1690,300/225
1520530314.999919,1,300,226,17.36,222.89,1,1767,300/226
1520530315.049815,1,300,214,17.41,24.26,0,1767,300/214
1520530315.099817,1,300,218,17.47,19.70,0,1767,300/218
1520530315.149818,1,300,220,17.53,285.33,1,1836,300/220
1520530315.199819,1,300,207,17.58,21.75,0,1836,300/207
1520530315.249821,1,300,216,17.67,17.95,0,1836,300/216
1520530315.299635,1,300,212,14.64,223.12,1,1830,300/212
1520530315.349637,1,300,210,14.56,23.77,0,1830,300/210
1520530315.399639,1,300,213,14.51,19.62,0,1830,300/213
1520530315.449640,1,300,217,14.51,226.81,1,1799,300/217
1520530315.499642,1,300,200,14.36,23.96,0,1799,300/200
1520530315.549643,1,217,181,14.41,18.55,0,1799,217/181
1520530315.599645,1,272,198,14.26,161.21,1,1786,272/198
1520530315.649646,1,214,184,14.14,17.47,0,1786,214/184
1520530315.699637,1,201,178,13.79,16.90,0,1786,201/178
1520530315.749639,1,190,164,13.72,173.33,1,1745,190/164
1520530315.799640,1,202,165,13.73,14.69,0,1745,202/165
1520530315.849642,1,256,180,13.66,23.43,0,1745,256/180
1520530315.899643,1,267,192,13.55,166.94,1,1745,267/192
1520530315.949645,1,225,176,13.38,16.93,0,1745,225/176
1520530315.999647,1,206,170,13.38,16.66,0,1745,206/170
1520530316.049648,1,211,169,13.35,220.32,1,1716,211/169
1520530316.100221,1,300,224,22.31,18.72,0,1716,300/224
1520530316.150223,1,300,226,22.44,22.27,0,1716,300/226
1520530316.200224,1,300,236,22.56,205.13,1,1762,300/236
1520530316.250226,1,263,219,22.70,15.77,0,1762,263/219
1520530316.300227,1,300,229,22.75,22.78,0,1762,300/229
1520530316.350229,1,300,231,22.96,173.93,1,1766,300/231
1520530316.400230,1,300,236,22.88,24.93,0,1766,300/236
1520530316.450231,1,300,239,22.91,20.04,0,1766,300/239
1520530316.500233,1,300,233,22.98,178.60,1,1765,300/233
1520530316.550276,1,300,235,23.58,18.20,0,1765,300/235
1520530316.600278,1,300,239,23.54,26.75,0,1765,300/239
1520530316.650280,1,300,235,23.55,172.60,1,1769,300/235
1520530316.700281,1,300,239,23.57,22.62,0,1769,300/239
1520530316.750283,1,273,235,23.51,33.19,0,1769,273/235
1520530316.800284,1,300,233,23.52,136.18,1,1783,300/233
1520530316.850286,1,275,230,23.41,15.80,0,1783,275/230
1520530316.900287,1,300,236,23.53,19.37,0,1783,300/236
1520530316.949773,1,300,220,15.62,152.02,1,1809,300/220
1520530316.999775,1,258,212,15.67,17.66,0,1809,258/212
1520530317.049776,1,256,199,15.56,15.86,0,1809,256/199
1520530317.099778,1,300,220,15.58,165.76,1,1825,300/220
1520530317.149779,1,245,192,15.59,22.37,0,1825,245/192
1520530317.199781,1,252,197,15.60,20.36,0,1825,252/197
1520530317.249782,1,300,219,15.57,207.78,1,1829,300/219
1520530317.299784,1,300,218,15.57,21.77,0,1829,300/218
1520530317.349743,1,274,207,14.85,20.64,0,1829,274/207
1520530317.399745,1,264,202,14.85,207.52,1,1848,264/202
1520530317.449748,1,257,195,14.84,19.08,0,1848,257/195
1520530317.499748,1,248,181,14.85,32.54,0,1848,248/181
1520530317.549752,1,264,184,14.79,181.62,1,1857,264/184
1520530317.599752,1,300,204,14.69,18.14,0,1857,300/204
1520530317.649754,1,267,197,14.70,18.89,0,1857,267/197
1520530317.699755,1,300,197,14.46,154.62,1,1868,300/197
1520530317.750237,1,300,209,21.66,19.90,0,1868,300/209
1520530317.800239,1,300,207,21.42,18.33,0,1868,300/207
1520530317.850240,1,300,211,21.18,209.02,1,1898,300/211
1520530317.900242,1,300,199,20.92,20.52,0,1898,300/199
1520530317.950243,1,300,208,20.71,17.18,0,1898,300/208
1520530318.000244,1,300,208,20.40,207.92,1,1925,300/208
1520530318.050247,1,300,213,20.12,20.04,0,1925,300/213
1520530318.100248,1,300,210,19.92,24.42,0,1925,300/210
1520530318.150816,1,300,229,26.92,241.94,1,1981,300/229
1520530318.200769,1,300,225,26.67,22.88,0,1981,300/225
1520530318.250771,1,300,226,26.47,20.08,0,1981,300/226
1520530318.300772,1,300,218,26.24,253.85,1,2007,300/218
1520530318.350774,1,300,224,26.24,19.77,0,2007,300/224
1520530318.400775,1,300,228,26.19,35.25,0,2007,300/228
1520530318.450777,1,300,226,26.21,203.17,1,2050,300/226
1520530318.500778,1,300,219,26.22,18.74,0,2050,300/219
1520530318.550780,1,300,220,26.27,19.61,0,2050,300/220
1520530318.600567,1,300,214,23.50,174.00,1,2084,300/214
1520530318.650568,1,300,218,23.56,20.45,0,2084,300/218
1520530318.700570,1,300,217,23.71,21.61,0,2084,300/217
1520530318.750571,1,300,210,23.89,227.37,1,2084,300/210
1520530318.800573,1,300,218,24.02,17.40,0,2084,300/218
1520530318.850574,1,300,221,24.19,19.63,0,2084,300/221
1520530318.900576,1,300,217,24.41,186.43,1,2089,300/217
1520530318.950577,1,300,209,24.61,21.11,0,2089,300/209
1520530318.999955,1,300,206,16.18,19.50,0,2089,300/206
1520530319.049957,1,300,200,16.29,210.49,1,2108,300/200
1520530319.099960,1,300,201,16.53,25.69,0,2108,300/201
1520530319.149961,1,244,180,16.56,18.49,0,2108,244/180
1520530319.199962,1,300,202,16.71,211.58,1,2108,300/202
1520530319.249964,1,254,188,16.74,26.76,0,2108,254/188
1520530319.299965,1,300,206,16.95,18.14,0,2108,300/206
1520530319.349967,1,300,217,16.97,317.75,1,2131,300/217
1520530319.399832,1,237,188,14.96,18.74,0,2131,237/188
1520530319.449833,1,300,224,15.00,20.26,0,2131,300/224
1520530319.499835,1,300,218,15.04,252.30,1,2102,300/218
1520530319.549837,1,300,216,14.98,18.58,0,2102,300/216
1520530319.599838,1,300,217,14.87,24.09,0,2102,300/217
1520530319.649840,1,300,208,14.82,215.80,1,2085,300/208
1520530319.699841,1,245,185,14.82,19.03,0,2085,245/185
1520530319.749942,1,275,204,14.73,19.32,0,2085,275/204
1520530319.800341,1,300,216,22.52,190.88,1,2100,300/216
1520530319.850343,1,300,214,22.63,18.83,0,2100,300/214
1520530319.900344,1,245,200,22.78,21.24,0,2100,245/200
1520530319.950346,1,300,221,22.94,160.79,1,2143,300/221
1520530320.000347,1,258,197,23.07,18.32,0,2143,258/197
1520530320.050349,1,287,220,23.15,19.31,0,2143,287/220
1520530320.100350,1,300,222,23.30,165.91,1,2155,300/222
1520530320.150352,1,269,213,23.38,19.33,0,2155,269/213
1520530320.200401,1,275,217,24.26,18.35,0,2155,275/217
1520530320.250402,1,300,230,24.32,179.01,1,2204,300/230
1520530320.300404,1,254,212,24.38,20.97,0,2204,254/212
1520530320.350405,1,300,215,24.45,17.48,0,2204,300/215
1520530320.400407,1,261,202,24.44,252.54,1,2158,261/202
1520530320.450408,1,300,217,24.47,16.28,0,2158,300/217
1520530320.500410,1,280,214,24.48,19.80,0,2158,280/214
1520530320.550412,1,300,217,24.59,170.93,1,2156,300/217
1520530320.599869,1,186,160,15.86,18.33,0,2156,186/160
1520530320.649871,1,300,216,15.86,20.41,0,2156,300/216
1520530320.699873,1,300,217,16.00,191.60,1,2182,300/217
1520530320.749874,1,300,197,15.87,19.15,0,2182,300/197
1520530320.799876,1,300,205,15.92,21.10,0,2182,300/205
1520530320.849877,1,300,203,15.88,240.99,1,2182,300/203
1520530320.899879,1,300,204,15.83,20.00,0,2182,300/204
1520530320.949880,1,300,201,15.81,26.86,0,2182,300/201
1520530320.999882,1,291,206,15.85,230.86,1,2197,291/206
1520530321.049740,1,300,210,13.43,27.58,0,2197,300/210
1520530321.099742,1,300,204,13.32,29.76,0,2197,300/204
1520530321.149743,1,300,208,13.20,202.34,1,2180,300/208
1520530321.199745,1,300,194,13.25,23.30,0,2180,300/194
1520530321.249747,1,300,202,13.21,25.85,0,2180,300/202
1520530321.299749,1,300,200,13.07,235.30,1,2185,300/200
1520530321.349750,1,271,178,13.01,22.48,0,2185,271/178
1520530321.399751,1,281,186,12.85,21.73,0,2185,281/186
1520530321.449856,1,292,195,14.52,232.65,1,2178,292/195
1520530321.499857,1,298,196,14.44,26.56,0,2178,298/196
1520530321.549859,1,300,200,14.33,23.62,0,2178,300/200
1520530321.599860,1,300,211,14.22,261.96,1,2186,300/211
1520530321.649862,1,300,203,14.10,23.16,0,2186,300/203
1520530321.699863,1,300,204,14.05,25.07,0,2186,300/204
1520530321.749866,1,300,201,14.00,225.17,1,2179,300/201
1520530321.799867,1,300,186,13.83,36.32,0,2179,300/186
1520530321.850152,1,300,206,18.35,26.96,0,2179,300/206
1520530321.900154,1,248,199,18.44,193.37,1,2173,248/199
1520530321.950155,1,300,205,18.45,20.66,0,2173,300/205
1520530322.000157,1,300,205,18.51,20.80,0,2173,300/205
1520530322.050158,1,300,211,18.52,252.48,1,2169,300/211
1520530322.100160,1,300,212,18.61,20.43,0,2169,300/212
1520530322.150162,1,300,212,18.60,20.83,0,2169,300/212
1520530322.200163,1,300,204,18.55,195.36,1,2159,300/204
1520530322.250207,1,300,222,19.25,18.65,0,2159,300/222
1520530322.300208,1,300,214,19.19,22.45,0,2159,300/214
1520530322.350209,1,300,218,19.20,291.06,1,2120,300/218
1520530322.400212,1,300,218,19.07,25.18,0,2120,300/218
1520530322.450214,1,300,218,19.05,37.61,0,2120,300/218
1520530322.500215,1,300,224,18.93,276.00,1,2087,300/224
1520530322.550216,1,291,220,18.97,20.65,0,2087,291/220
1520530322.600218,1,300,223,18.87,24.12,0,2087,300/223
1520530322.650023,1,226,190,15.87,367.93,1,2009,226/190
1520530322.700025,1,217,185,15.85,27.72,0,2009,217/185
1520530322.750027,1,241,196,15.84,30.86,0,2009,241/196
1520530322.800028,1,217,188,15.78,410.95,1,1962,217/188
1520530322.850031,1,300,218,15.79,26.33,0,1962,300/218
1520530322.900065,1,234,196,15.69,28.99,0,1962,234/196
1520530322.950033,1,220,193,15.68,290.44,1,1921,220/193
1520530323.000035,1,247,201,15.65,19.42,0,1921,247/201
1520530323.050036,1,221,195,15.56,16.76,0,1921,221/195
1520530323.100074,1,300,223,16.19,271.01,1,1923,300/223
1520530323.150076,1,300,221,16.07,21.23,0,1923,300/221
1520530323.200077,1,300,216,16.04,20.15,0,1923,300/216
1520530323.250079,1,245,200,16.08,214.77,1,1889,245/200
1520530323.300080,1,300,219,16.01,15.86,0,1889,300/219
1520530323.350082,1,231,184,15.94,21.96,0,1889,231/184
1520530323.400084,1,271,206,16.03,238.76,1,1881,271/206
1520530323.450085,1,300,221,16.13,20.78,0,1881,300/221
1520530323.500345,1,300,223,20.15,18.07,0,1881,300/223
1520530323.550346,1,300,227,20.22,227.78,1,1874,300/227
1520530323.600348,1,242,201,20.29,23.53,0,1874,242/201
1520530323.650349,1,300,233,20.32,16.91,0,1874,300/233
1520530323.700351,1,249,202,20.42,183.22,1,1836,249/202
1520530323.750353,1,300,222,20.42,15.78,0,1836,300/222
1520530323.800354,1,300,237,20.62,18.20,0,1836,300/237
1520530323.850356,1,267,225,20.43,225.91,1,1833,267/225
1520530323.900153,1,300,224,17.50,17.85,0,1833,300/224
1520530323.950154,1,300,227,17.55,21.60,0,1833,300/227
1520530324.000156,1,300,223,17.49,276.89,1,1821,300/223
1520530324.050157,1,300,231,17.59,31.20,0,1821,300/231
1520530324.100159,1,300,238,17.73,25.47,0,1821,300/238
1520530324.150160,1,300,231,17.82,220.33,1,1813,300/231
1520530324.200162,1,266,216,17.85,16.79,0,1813,266/216
1520530324.250163,1,300,223,17.75,16.58,0,1813,300/223
1520530324.299908,1,300,209,14.06,219.48,1,1806,300/209
1520530324.349910,1,300,218,14.05,19.76,0,1806,300/218
1520530324.399911,1,300,210,14.16,17.96,0,1806,300/210
1520530324.449913,1,268,202,14.14,166.27,1,1788,268/202
1520530324.499994,1,300,209,14.02,34.01,0,1788,300/209
1520530324.549915,1,259,191,14.15,18.91,0,1788,259/191
1520530324.599917,1,300,193,14.15,215.42,1,1801,300/193
1520530324.649919,1,253,176,14.13,21.29,0,1801,253/176
1520530324.700018,1,249,173,15.60,16.33,0,1801,249/173
1520530324.750020,1,294,203,15.55,203.58,1,1812,294/203
1520530324.800021,1,300,201,15.53,21.54,0,1812,300/201
1520530324.850023,1,273,188,15.47,20.76,0,1812,273/188
1520530324.900024,1,300,190,15.47,233.21,1,1784,300/190
1520530324.950026,1,300,194,15.35,20.24,0,1784,300/194
1520530325.000028,1,300,192,15.33,19.71,0,1784,300/192
1520530325.050029,1,272,187,15.34,152.52,1,1782,272/187
1520530325.100816,1,300,215,27.69,20.04,0,1782,300/215
1520530325.150817,1,300,206,27.72,19.06,0,1782,300/206
1520530325.200819,1,300,207,27.59,157.66,1,1785,300/207
1520530325.250820,1,300,212,27.55,17.18,0,1785,300/212
1520530325.300822,1,300,202,27.50,17.27,0,1785,300/202
1520530325.350824,1,300,202,27.46,186.49,1,1767,300/202
1520530325.400825,1,300,201,27.45,20.57,0,1767,300/201
1520530325.450827,1,300,208,27.44,21.64,0,1767,300/208
1520530325.500828,1,300,216,27.39,224.40,1,1768,300/216
1520530325.550913,1,300,214,28.57,22.16,0,1768,300/214
1520530325.600915,1,300,217,28.46,18.60,0,1768,300/217
1520530325.650917,1,296,213,28.23,175.87,1,1778,296/213
1520530325.700918,1,300,210,28.08,20.07,0,1778,300/210
1520530325.750919,1,300,210,27.83,24.80,0,1778,300/210
1520530325.800921,1,300,215,27.56,192.28,1,1774,300/215
1520530325.850922,1,300,220,27.38,20.74,0,1774,300/220
1520530325.900924,1,300,221,27.15,18.73,0,1774,300/221
1520530325.950541,1,300,213,21.55,189.56,1,1780,300/213
1520530326.000543,1,300,218,21.45,19.75,0,1780,300/218
1520530326.050549,1,300,221,21.32,30.42,0,1780,300/221
1520530326.100546,1,300,218,21.24,174.98,1,1792,300/218
1520530326.150548,1,300,215,21.15,18.33,0,1792,300/215
1520530326.200549,1,300,225,21.14,17.09,0,1792,300/225
1520530326.250551,1,300,225,21.02,229.84,1,1787,300/225
1520530326.300552,1,300,243,20.93,16.87,0,1787,300/243
1520530326.350204,1,300,227,15.96,21.89,0,1787,300/227
1520530326.400206,1,300,215,15.93,211.53,1,1777,300/215
1520530326.450207,1,300,218,15.86,20.77,0,1777,300/218
1520530326.500209,1,300,223,15.82,17.96,0,1777,300/223
1520530326.550210,1,300,232,15.72,249.00,1,1795,300/232
1520530326.600213,1,300,217,15.67,23.07,0,1795,300/217
1520530326.650214,1,295,226,15.63,20.17,0,1795,295/226
1520530326.700216,1,300,221,15.50,219.60,1,1803,300/221
1520530326.750426,1,300,225,18.33,22.43,0,1803,300/225
1520530326.800429,1,300,228,18.30,16.83,0,1803,300/228
1520530326.850430,1,300,224,18.39,181.86,1,1854,300/224
1520530326.900431,1,300,219,18.41,18.82,0,1854,300/219
1520530326.950433,1,300,226,18.42,22.83,0,1854,300/226
1520530327.000434,1,300,222,18.52,194.87,1,1896,300/222
1520530327.050437,1,300,228,18.55,28.23,0,1896,300/228
1520530327.100437,1,247,203,18.84,18.24,0,1896,247/203
1520530327.150430,1,300,229,18.85,188.06,1,1943,300/229
1520530327.200433,1,300,237,18.82,16.94,0,1943,300/237
1520530327.250435,1,300,232,18.98,18.11,0,1943,300/232
1520530327.300436,1,300,224,19.15,193.81,1,1922,300/224
1520530327.350437,1,300,228,19.28,16.30,0,1922,300/228
1520530327.400439,1,300,231,19.54,26.05,0,1922,300/231
1520530327.450440,1,300,229,19.71,327.29,1,1935,300/229
1520530327.500442,1,262,208,19.93,26.15,0,1935,262/208
1520530327.550090,1,224,183,14.78,23.79,0,1935,224/183
1520530327.600091,1,300,217,14.91,223.17,1,1944,300/217
1520530327.650103,1,300,223,15.04,30.04,0,1944,300/223
1520530327.700094,1,273,204,15.06,21.22,0,1944,273/204
1520530327.750096,1,300,207,15.10,292.51,1,1923,300/207
1520530327.800097,1,300,206,15.15,25.40,0,1923,300/206
1520530327.850099,1,209,165,15.26,20.23,0,1923,209/165
1520530327.900100,1,181,147,15.42,219.48,1,1909,181/147
1520530327.950102,1,300,183,15.34,19.03,0,1909,300/183
1520530328.000280,1,300,192,18.44,32.60,0,1909,300/192
1520530328.050282,1,243,167,18.58,167.18,1,1910,243/167
1520530328.100283,1,266,181,18.70,25.62,0,1910,266/181
1520530328.150285,1,295,192,18.66,24.66,0,1910,295/192
1520530328.200287,1,196,160,18.78,258.59,1,1902,196/160
1520530328.250288,1,300,204,18.79,18.80,0,1902,300/204
1520530328.300290,1,263,180,18.73,47.42,0,1902,263/180
1520530328.350291,1,300,200,18.69,254.28,1,1952,300/200
1520530328.400337,1,294,194,19.22,23.43,0,1952,294/194
1520530328.450338,1,201,165,19.21,18.21,0,1952,201/165
1520530328.500340,1,180,151,19.17,261.43,1,1950,180/151
1520530328.550342,1,239,179,19.09,15.18,0,1950,239/179
1520530328.600343,1,300,209,18.96,17.97,0,1950,300/209
1520530328.650346,1,279,208,18.85,237.11,1,1996,279/208
1520530328.700347,1,300,226,18.67,27.76,0,1996,300/226
1520530328.750348,1,300,230,18.48,19.86,0,1996,300/230
1520530328.800086,1,300,208,14.31,263.13,1,2036,300/208
1520530328.850087,1,300,204,14.38,25.09,0,2036,300/204
1520530328.900089,1,300,214,14.39,24.48,0,2036,300/214
1520530328.950091,1,300,221,14.50,206.54,1,2055,300/221
1520530329.000092,1,300,219,14.67,35.55,0,2055,300/219
1520530329.050093,1,300,222,14.75,18.85,0,2055,300/222
1520530329.100095,1,300,212,14.93,227.52,1,2071,300/212
1520530329.150097,1,300,219,14.96,20.04,0,2071,300/219
1520530329.200044,1,300,218,14.21,21.37,0,2071,300/218
1520530329.250095,1,300,221,14.36,234.64,1,2095,300/221
1520530329.300047,1,300,222,14.37,18.32,0,2095,300/222
1520530329.350049,1,200,178,14.43,26.16,0,2095,200/178
1520530329.400050,1,178,164,14.42,176.09,1,2041,178/164
1520530329.450052,1,209,173,14.39,16.89,0,2041,209/173
1520530329.500053,1,268,179,14.47,19.99,0,2041,268/179
1520530329.550055,1,300,201,14.39,229.91,1,2071,300/201
1520530329.600097,1,300,210,15.09,26.95,0,2071,300/210
1520530329.650099,1,300,211,15.13,19.87,0,2071,300/211
1520530329.700100,1,300,206,15.03,223.39,1,2095,300/206
1520530329.750102,1,300,211,15.03,19.67,0,2095,300/211
1520530329.800104,1,300,219,14.90,22.52,0,2095,300/219
1520530329.850105,1,288,221,14.86,251.08,1,2113,288/221
1520530329.900107,1,239,200,14.65,20.06,0,2113,239/200
1520530329.950109,1,230,185,14.34,18.57,0,2113,230/185
1520530330.000110,1,218,178,14.15,176.64,1,2085,218/178
1520530330.050161,1,257,192,14.71,22.36,0,2085,257/192
1520530330.100162,1,300,207,14.60,22.32,0,2085,300/207
1520530330.150164,1,215,169,14.51,197.38,1,2089,215/169
1520530330.200165,1,194,149,14.28,18.42,0,2089,194/149
1520530330.250167,1,171,134,14.25,15.79,0,2089,171/134
1520530330.300169,1,270,188,14.21,182.39,1,2132,270/188
1520530330.350170,1,249,178,14.23,22.86,0,2132,249/178
1520530330.400172,1,161,132,14.16,181.44,1,2118,161/132
1520530330.450787,1,199,162,22.84,17.15,0,2118,199/162
1520530330.500788,1,300,219,22.94,18.64,0,2118,300/219
1520530330.550790,1,281,220,23.18,230.14,1,2276,281/220
1520530330.600792,1,288,228,23.49,35.16,0,2276,288/228
1520530330.650793,1,300,227,23.95,27.37,0,2276,300/227
1520530330.700795,1,300,228,24.46,217.29,1,2256,300/228
1520530330.750797,1,235,188,24.97,17.25,0,2256,235/188
1520530330.800798,1,219,187,25.10,14.92,0,2256,219/187
1520530330.850367,1,189,160,16.67,201.05,1,2237,189/160
1520530330.900277,1,184,154,16.63,15.56,0,2237,184/154
1520530330.950279,1,222,174,16.45,18.17,0,2237,222/174
1520530331.000280,1,178,158,16.36,245.60,1,2275,178/158
1520530331.050282,1,162,139,16.34,12.06,0,2275,162/139
1520530331.100283,1,151,131,16.34,13.08,0,2275,151/131
1520530331.150285,1,144,130,16.41,232.90,1,2223,144/130
1520530331.200286,1,151,123,16.38,14.01,0,2223,151/123
1520530331.250735,1,300,163,23.77,21.92,0,2223,300/163
1520530331.300736,1,254,165,23.83,238.97,1,2225,254/165
1520530331.350739,1,300,195,23.86,30.47,0,2225,300/195
1520530331.400740,1,228,156,24.02,23.86,0,2225,228/156
1520530331.450741,1,263,175,24.19,165.34,1,2170,263/175
1520530331.500743,1,262,185,24.42,25.58,0,2170,262/185
1520530331.550744,1,256,189,24.42,20.73,0,2170,256/189
1520530331.600746,1,300,221,24.31,246.41,1,2240,300/221
1520530331.650479,1,300,221,19.92,20.12,0,2240,300/221
1520530331.700481,1,219,180,19.72,16.84,0,2240,219/180
1520530331.750483,1,300,221,19.49,221.64,1,2265,300/221
1520530331.800484,1,233,186,19.14,20.08,0,2265,233/186
1520530331.850486,1,216,184,18.78,15.40,0,2265,216/184
1520530331.900488,1,300,218,18.50,260.36,1,2298,300/218
1520530331.950489,1,300,222,18.35,23.18,0,2298,300/222
1520530332.000491,1,204,161,18.15,26.39,0,2298,204/161
1520530332.050387,1,202,153,16.52,264.42,1,2321,202/153
1520530332.100388,1,300,195,16.32,18.20,0,2321,300/195
1520530332.150390,1,300,209,16.22,21.45,0,2321,300/209
1520530332.200392,1,211,172,16.06,279.35,1,2338,211/172
1520530332.250393,1,188,153,15.96,16.58,0,2338,188/153
1520530332.300399,1,178,143,16.01,22.62,0,2338,178/143
1520530332.350396,1,167,134,16.03,252.11,1,2331,167/134
1520530332.400401,1,161,134,16.17,15.55,0,2331,161/134
1520530332.450399,1,150,126,16.46,12.72,0,2331,150/126
1520530332.500483,1,300,213,17.75,175.07,1,2350,300/213
1520530332.550483,1,300,217,18.08,25.31,0,2350,300/217
1520530332.600486,1,244,191,18.44,20.81,0,2350,244/191
1520530332.650488,1,300,229,18.76,247.43,1,2406,300/229
1520530332.700488,1,300,227,19.08,22.21,0,2406,300/227
1520530332.750491,1,271,219,19.30,30.12,0,2406,271/219
1520530332.800492,1,217,184,19.44,231.32,1,2359,217/184
1520530332.850493,1,204,176,19.37,17.53,0,2359,204/176
1520530332.900164,1,228,167,14.02,17.06,0,2359,228/167
1520530332.950166,1,186,154,13.93,233.88,1,2298,186/154
1520530333.000168,1,167,146,13.74,23.22,0,2298,167/146
1520530333.050169,1,161,139,13.62,17.02,0,2298,161/139
1520530333.100171,1,158,134,13.59,216.89,1,2243,158/134
1520530333.150173,1,140,118,13.56,15.54,0,2243,140/118
1520530333.200174,1,138,112,13.58,26.97,0,2243,138/112
1520530333.250175,1,118,94,13.74,234.48,1,2187,118/94
1520530333.300608,1,161,111,21.13,17.01,0,2187,161/111
1520530333.350610,1,272,159,21.36,20.38,0,2187,272/159
1520530333.400612,1,143,117,21.51,284.66,1,2159,143/117
1520530333.450613,1,177,130,21.65,18.40,0,2159,177/130
1520530333.500615,1,171,129,21.59,21.64,0,2159,171/129
1520530333.550616,1,231,160,21.62,249.88,1,2212,231/160
1520530333.600618,1,210,153,21.65,34.70,0,2212,210/153
1520530333.650619,1,201,150,21.52,28.66,0,2212,201/150
1520530333.700541,1,174,141,20.10,264.93,1,2186,174/141
1520530333.750542,1,193,149,20.11,28.02,0,2186,193/149
1520530333.800544,1,143,130,20.20,23.40,0,2186,143/130
1520530333.850545,1,156,138,20.18,247.52,1,2150,156/138
1520530333.900547,1,152,136,20.05,19.72,0,2150,152/136
1520530333.950549,1,152,141,19.80,19.63,0,2150,152/141
1520530334.000561,1,163,152,19.47,319.42,1,2140,163/152
1520530334.050551,1,300,211,19.26,20.21,0,2140,300/211
1520530334.100216,1,300,209,14.05,26.39,0,2140,300/209
1520530334.150218,1,272,193,13.99,221.73,1,2233,272/193
1520530334.200219,1,300,216,13.94,21.25,0,2233,300/216
1520530334.250221,1,207,171,14.00,23.93,0,2233,207/171
1520530334.300222,1,300,213,14.09,239.18,1,2266,300/213
1520530334.350224,1,300,216,14.24,20.57,0,2266,300/216
1520530334.400225,1,300,222,14.20,22.10,0,2266,300/222
1520530334.450227,1,300,236,14.14,201.39,1,2265,300/236
1520530334.500228,1,246,212,14.03,23.28,0,2265,246/212
1520530334.550086,1,223,182,11.81,22.15,0,2265,223/182
1520530334.600088,1,300,203,11.54,239.43,1,2281,300/203
1520530334.650089,1,203,165,11.21,18.33,0,2281,203/165
1520530334.700091,1,300,204,10.88,18.78,0,2281,300/204
1520530334.750092,1,247,166,10.64,256.57,1,2178,247/166
1520530334.800094,1,158,132,10.33,31.37,0,2178,158/132
1520530334.850095,1,300,171,10.12,16.64,0,2178,300/171
1520530334.900097,1,300,163,10.02,226.62,1,2157,300/163
1520530334.950928,1,300,194,22.86,28.97,0,2157,300/194
1520530335.000928,1,300,196,22.88,20.59,0,2157,300/196
1520530335.050931,1,300,194,23.23,242.01,1,2227,300/194
1520530335.100933,1,300,215,23.55,24.71,0,2227,300/215
1520530335.150934,1,300,217,23.79,24.35,0,2227,300/217
1520530335.200936,1,300,213,24.11,170.76,1,2292,300/213
1520530335.250937,1,300,220,24.55,20.11,0,2292,300/220
1520530335.300938,1,242,193,24.94,33.02,0,2292,242/193
1520530335.351457,1,300,233,32.93,282.99,1,2369,300/233
1520530335.401459,1,300,226,32.73,21.03,0,2369,300/226
1520530335.451459,1,300,226,32.61,19.06,0,2369,300/226
1520530335.501461,1,300,229,32.46,241.45,1,2362,300/229
1520530335.551462,1,300,234,32.13,17.87,0,2362,300/234
1520530335.601512,1,300,237,32.10,18.60,0,2362,300/237
1520530335.651465,1,300,230,31.92,159.68,1,2332,300/230
1520530335.701467,1,300,232,31.80,20.42,0,2332,300/232
1520530335.750223,1,300,204,13.56,24.73,0,2332,300/204
1520530335.800224,1,300,216,13.56,214.37,1,2395,300/216
1520530335.850226,1,300,209,13.50,20.12,0,2395,300/209
1520530335.900227,1,253,202,13.47,28.49,0,2395,253/202
1520530335.950228,1,300,220,13.72,341.22,1,2398,300/220
1520530336.000230,1,218,180,13.66,18.77,0,2398,218/180
1520530336.050231,1,300,209,13.65,18.49,0,2398,300/209
1520530336.100233,1,300,226,13.44,241.58,1,2389,300/226
1520530336.150177,1,300,210,12.56,26.34,0,2389,300/210
1520530336.200179,1,221,176,12.52,22.32,0,2389,221/176
1520530336.250180,1,198,165,12.55,256.91,1,2362,198/165
1520530336.300182,1,192,162,12.54,15.06,0,2362,192/162
1520530336.350183,1,193,160,12.59,14.76,0,2362,193/160
1520530336.400185,1,170,136,12.71,246.43,1,2306,170/136
1520530336.450186,1,148,128,12.79,13.52,0,2306,148/128
1520530336.500188,1,300,188,12.96,15.40,0,2306,300/188
1520530336.550582,1,214,170,19.39,249.68,1,2331,214/170
1520530336.600584,1,196,159,19.38,19.81,0,2331,196/159
1520530336.650586,1,201,171,19.46,23.49,0,2331,201/171
1520530336.700586,1,176,158,19.38,238.00,1,2251,176/158
1520530336.750588,1,171,147,19.27,14.11,0,2251,171/147
1520530336.800590,1,300,217,19.26,16.70,0,2251,300/217
1520530336.850591,1,300,217,19.16,228.10,1,2224,300/217
1520530336.900594,1,300,214,19.23,20.55,0,2224,300/214
1520530336.950594,1,197,174,19.20,18.33,0,2224,197/174
1520530337.000258,1,300,208,13.95,179.29,1,2257,300/208
1520530337.050259,1,237,188,13.84,19.66,0,2257,237/188
1520530337.100266,1,300,211,13.77,20.82,0,2257,300/211
1520530337.150262,1,193,169,13.73,212.02,1,2262,193/169
1520530337.200351,1,300,227,13.68,21.13,0,2262,300/227
1520530337.250265,1,225,183,13.58,19.60,0,2262,225/183
1520530337.300267,1,230,190,13.42,257.22,1,2299,230/190
1520530337.350269,1,300,230,13.22,19.03,0,2299,300/230
1520530337.400301,1,300,211,13.55,22.37,0,2299,300/211
1520530337.450303,1,287,206,13.43,246.23,1,2365,287/206
1520530337.500304,1,232,173,13.22,22.27,0,2365,232/173
1520530337.550306,1,300,201,12.96,16.44,0,2365,300/201
1520530337.600307,1,300,186,12.68,251.40,1,2399,300/186
1520530337.650309,1,234,170,12.62,22.16,0,2399,234/170
1520530337.700310,1,238,172,12.55,25.73,0,2399,238/172
1520530337.750312,1,277,179,12.47,234.70,1,2404,277/179
1520530337.800854,1,300,206,20.07,26.60,0,2404,300/206
1520530337.850855,1,300,211,20.01,24.87,0,2404,300/211
1520530337.900856,1,300,225,19.95,238.63,1,2490,300/225
1520530337.950858,1,278,196,19.75,24.12,0,2490,278/196
1520530338.000860,1,300,214,19.82,22.30,0,2490,300/214
1520530338.050862,1,300,208,19.88,198.75,1,2535,300/208
1520530338.100863,1,300,211,19.97,23.67,0,2535,300/211
1520530338.150864,1,300,206,20.13,20.40,0,2535,300/206
1520530338.200470,1,188,145,14.91,234.50,1,2517,188/145
1520530338.250473,1,300,191,15.16,17.05,0,2517,300/191
1520530338.300474,1,300,189,15.22,24.46,0,2517,300/189
1520530338.350476,1,300,208,15.51,264.75,1,2497,300/208
1520530338.400477,1,300,201,15.74,19.97,0,2497,300/201
1520530338.450478,1,300,213,15.94,20.79,0,2497,300/213
1520530338.500480,1,300,216,16.06,203.61,1,2505,300/216
1520530338.550481,1,228,186,16.15,41.87,0,2505,228/186
1520530338.600260,1,202,159,12.72,36.68,0,2505,202/159
1520530338.650261,1,217,169,12.54,240.05,1,2456,217/169
1520530338.700263,1,212,165,12.56,20.13,0,2456,212/165
1520530338.750266,1,193,155,12.24,17.47,0,2456,193/155
1520530338.800266,1,184,155,12.05,179.54,1,2442,184/155
1520530338.850267,1,171,140,11.91,16.76,0,2442,171/140
1520530338.900269,1,176,139,11.69,22.33,0,2442,176/139
1520530338.950270,1,144,117,11.41,214.36,1,2415,144/117
1520530339.000272,1,300,155,11.08,20.65,0,2415,300/155
1520530339.050959,1,276,175,21.76,24.97,0,2415,276/175
1520530339.100960,1,157,131,21.62,264.17,1,2373,157/131
1520530339.150962,1,138,118,21.41,14.52,0,2373,138/118
1520530339.200963,1,206,138,21.45,15.15,0,2373,206/138
1520530339.250965,1,151,114,21.32,276.72,1,2290,151/114
1520530339.300966,1,109,92,21.50,17.77,0,2290,109/92
1520530339.350968,1,144,96,21.69,12.79,0,2290,144/96
1520530339.400970,1,105,79,22.05,153.87,1,2202,105/79
1520530339.451687,1,225,123,33.95,19.48,0,2202,225/123
1520530339.501689,1,300,169,34.81,35.03,0,2202,300/169
1520530339.551691,1,263,153,35.52,258.30,1,2203,263/153
1520530339.601692,1,244,154,36.16,30.13,0,2203,244/154
1520530339.651693,1,300,187,36.46,25.03,0,2203,300/187
1520530339.701695,1,256,167,36.67,252.78,1,2228,256/167
1520530339.751697,1,300,195,36.73,30.76,0,2228,300/195
1520530339.801698,1,300,202,36.71,30.76,0,2228,300/202
1520530339.851056,1,208,170,25.92,181.36,1,2258,208/170
1520530339.901057,1,300,203,25.91,25.77,0,2258,300/203
1520530339.951059,1,300,222,25.82,40.70,0,2258,300/222
1520530340.001061,1,300,208,25.80,248.00,1,2178,300/208
1520530340.051062,1,300,220,25.75,23.53,0,2178,300/220
1520530340.101063,1,292,199,25.66,22.05,0,2178,292/199
1520530340.151065,1,300,209,25.66,243.42,1,2184,300/209
1520530340.201067,1,300,213,25.60,35.99,0,2184,300/213
1520530340.250395,1,163,141,14.74,215.85,1,2120,163/141
1520530340.300397,1,300,204,14.63,17.05,0,2120,300/204
1520530340.350399,1,188,167,14.58,20.49,0,2120,188/167
1520530340.400400,1,300,204,14.49,237.91,1,2181,300/204
1520530340.450401,1,300,221,14.41,22.41,0,2181,300/221
1520530340.500403,1,300,208,14.33,22.31,0,2181,300/208
1520530340.550404,1,204,170,14.20,190.37,1,2214,204/170
1520530340.600406,1,209,170,14.12,15.68,0,2214,209/170
1520530340.650347,1,209,177,13.05,15.94,0,2214,209/177
1520530340.700348,1,208,172,12.95,228.17,1,2271,208/172
1520530340.750350,1,225,185,12.86,17.41,0,2271,225/185
1520530340.800351,1,300,224,12.78,18.00,0,2271,300/224
1520530340.850353,1,300,211,12.63,195.70,1,2285,300/211
1520530340.900354,1,250,202,12.62,17.92,0,2285,250/202
1520530340.950356,1,249,197,12.62,19.23,0,2285,249/197
1520530341.000358,1,300,208,12.53,288.11,1,2303,300/208
1520530341.050774,1,300,212,19.07,22.19,0,2303,300/212
1520530341.100776,1,300,227,19.05,22.24,0,2303,300/227
1520530341.150777,1,300,225,18.99,159.41,1,2208,300/225
1520530341.200779,1,300,217,19.15,20.22,0,2208,300/217
1520530341.250780,1,244,197,19.23,19.86,0,2208,244/197
1520530341.300782,1,300,234,19.27,209.14,1,2247,300/234
1520530341.350784,1,300,229,19.41,19.53,0,2247,300/229
1520530341.400785,1,267,223,19.47,18.97,0,2247,267/223
1520530341.450787,1,248,212,19.50,242.91,1,2226,248/212
1520530341.500713,1,300,228,18.31,17.16,0,2226,300/228
1520530341.550714,1,300,238,18.40,17.53,0,2226,300/238
1520530341.600716,1,300,239,18.43,178.95,1,2212,300/239
1520530341.650717,1,300,229,18.44,19.31,0,2212,300/229
1520530341.700719,1,300,233,18.53,31.96,0,2212,300/233
1520530341.750720,1,300,238,18.50,225.58,1,2180,300/238
1520530341.800722,1,300,218,18.60,23.44,0,2180,300/218
1520530341.850723,1,300,231,18.56,23.71,0,2180,300/231
1520530341.900542,1,300,239,15.64,170.17,1,2152,300/239
1520530341.950578,1,300,237,15.58,19.62,0,2152,300/237
1520530342.000545,1,300,233,15.61,22.43,0,2152,300/233
1520530342.050546,1,300,233,15.57,271.41,1,2224,300/233
1520530342.100548,1,300,234,15.55,19.48,0,2224,300/234
1520530342.150549,1,300,235,15.57,19.12,0,2224,300/235
1520530342.200551,1,300,244,15.60,201.56,1,2156,300/244
1520530342.250553,1,300,232,15.51,23.83,0,2156,300/232
1520530342.300673,1,300,223,17.56,18.87,0,2156,300/223
1520530342.350675,1,300,231,17.42,197.37,1,2059,300/231
1520530342.400676,1,300,230,17.32,17.89,0,2059,300/230
1520530342.450678,1,300,229,17.29,19.95,0,2059,300/229
1520530342.500679,1,300,223,17.24,186.08,1,2019,300/223
1520530342.550681,1,300,231,17.23,19.89,0,2019,300/231
1520530342.600683,1,300,223,17.26,18.11,0,2019,300/223
1520530342.650684,1,300,211,17.23,213.57,1,1974,300/211
1520530342.700643,1,300,215,16.67,32.72,0,1974,300/215
1520530342.750644,1,300,218,16.61,18.22,0,1974,300/218
1520530342.800646,1,300,209,16.45,226.74,1,1975,300/209
1520530342.850648,1,300,213,16.33,23.64,0,1975,300/213
1520530342.900649,1,286,206,16.34,38.48,0,1975,286/206
1520530342.950651,1,300,204,16.32,281.72,1,2004,300/204
1520530343.000653,1,251,189,16.19,18.61,0,2004,251/189
1520530343.050654,1,300,194,16.16,22.32,0,2004,300/194
1520530343.101131,1,300,208,23.99,296.51,1,2055,300/208
1520530343.151133,1,300,207,24.05,27.93,0,2055,300/207
1520530343.201134,1,300,209,23.98,30.50,0,2055,300/209
1520530343.251136,1,300,198,23.81,261.99,1,2091,300/198
1520530343.301138,1,247,183,23.65,23.05,0,2091,247/183
1520530343.351140,1,300,202,23.43,37.66,0,2091,300/202
1520530343.401141,1,300,191,23.24,321.77,1,2142,300/191
1520530343.451144,1,300,204,22.91,20.14,0,2142,300/204
1520530343.501404,1,300,208,26.77,24.20,0,2142,300/208
1520530343.551476,1,300,216,26.48,321.60,1,2217,300/216
1520530343.601407,1,300,224,26.19,24.50,0,2217,300/224
1520530343.651408,1,300,215,25.80,19.03,0,2217,300/215
1520530343.701410,1,300,209,25.21,250.72,1,2310,300/209
1520530343.751410,1,300,210,24.48,34.23,0,2310,300/210
1520530343.801413,1,300,226,23.88,19.92,0,2310,300/226
1520530343.851414,1,300,236,23.27,310.16,1,2322,300/236
1520530343.901415,1,300,234,22.52,18.85,0,2322,300/234
1520530343.951402,1,300,233,21.72,18.44,0,2322,300/233
1520530344.001403,1,300,243,21.38,276.65,1,2226,300/243
1520530344.051405,1,300,229,21.14,21.68,0,2226,300/229
1520530344.101406,1,300,242,20.85,25.42,0,2226,300/242
1520530344.151408,1,300,233,20.63,250.06,1,2192,300/233
1520530344.201410,1,300,228,20.44,35.60,0,2192,300/228
1520530344.251411,1,300,221,20.14,31.82,0,2192,300/221
1520530344.301413,1,300,230,19.90,422.49,1,2162,300/230
1520530344.351409,1,300,236,19.43,30.16,0,2162,300/236
1520530344.401411,1,300,235,19.31,29.64,0,2162,300/235
1520530344.451412,1,300,224,19.20,393.67,1,2193,300/224
1520530344.501414,1,300,238,19.13,19.32,0,2193,300/238
1520530344.551415,1,300,226,19.19,23.60,0,2193,300/226
1520530344.601418,1,300,225,19.18,253.29,1,2151,300/225
1520530344.651419,1,300,225,19.32,19.32,0,2151,300/225
1520530344.701421,1,300,218,19.50,21.57,0,2151,300/218
1520530344.751636,1,300,225,21.90,176.40,1,2147,300/225
1520530344.801638,1,300,227,22.14,17.81,0,2147,300/227
1520530344.851639,1,300,222,22.34,19.25,0,2147,300/222
1520530344.901641,1,300,217,22.45,282.63,1,2143,300/217
1520530344.951642,1,244,194,22.76,23.15,0,2143,244/194
1520530345.001644,1,300,205,22.81,16.42,0,2143,300/205
1520530345.051645,1,300,206,22.70,255.55,1,2116,300/206
1520530345.101647,1,300,206,22.83,19.41,0,2116,300/206
1520530345.151845,1,300,215,23.87,21.50,0,2116,300/215
1520530345.201743,1,300,215,24.00,265.47,1,2132,300/215
1520530345.251745,1,300,211,24.16,20.62,0,2132,300/211
1520530345.301746,1,300,204,24.33,22.01,0,2132,300/204
1520530345.351748,1,300,203,24.37,212.37,1,2121,300/203
1520530345.401750,1,300,207,24.52,21.23,0,2121,300/207
1520530345.451751,1,300,206,24.72,25.39,0,2121,300/206
1520530345.501753,1,300,197,24.98,264.14,1,2104,300/197
1520530345.551195,1,300,182,18.55,21.53,0,2104,300/182
1520530345.601196,1,300,183,18.66,27.59,0,2104,300/183
1520530345.651198,1,300,181,18.80,256.96,1,2144,300/181
1520530345.701199,1,300,172,19.03,30.91,0,2144,300/172
1520530345.751201,1,300,173,19.17,30.88,0,2144,300/173
1520530345.801203,1,300,167,19.33,247.99,1,2172,300/167
1520530345.851204,1,300,164,19.71,31.16,0,2172,300/164
1520530345.901206,1,300,150,20.29,43.46,0,2172,300/150
1520530345.951161,1,300,136,20.15,273.66,1,2199,300/136
1520530346.001475,1,300,160,24.84,53.54,0,2199,300/160
1520530346.051476,1,300,160,25.33,41.62,0,2199,300/160
1520530346.101478,1,209,127,25.71,344.77,1,2213,209/127
1520530346.151479,1,300,153,26.05,26.73,0,2213,300/153
1520530346.201480,1,300,160,26.49,39.64,0,2213,300/160
1520530346.251484,1,300,163,26.79,196.53,1,2248,300/163
1520530346.301485,1,300,151,26.96,44.17,0,2248,300/151
1520530346.351486,1,300,151,27.03,27.94,0,2248,300/151
1520530346.401376,1,300,143,25.46,199.68,1,2248,300/143
1520530346.451378,1,300,135,25.59,29.03,0,2248,300/135
1520530346.501379,1,300,136,25.71,41.68,0,2248,300/136
1520530346.551380,1,300,141,25.78,297.99,1,2254,300/141
1520530346.601382,1,300,146,25.91,32.78,0,2254,300/146
1520530346.651383,1,300,154,25.97,32.85,0,2254,300/154
1520530346.701385,1,300,138,25.96,267.23,1,2253,300/138
1520530346.751386,1,300,159,25.98,49.87,0,2253,300/159
1520530346.801545,1,300,162,28.53,27.71,0,2253,300/162
1520530346.851546,1,300,160,28.54,254.20,1,2286,300/160
1520530346.901547,1,300,159,28.65,32.47,0,2286,300/159
1520530346.951549,1,300,152,28.80,25.14,0,2286,300/152
1520530347.001551,1,300,160,28.84,235.95,1,2315,300/160
1520530347.051553,1,300,164,28.92,21.08,0,2315,300/164
1520530347.101554,1,300,166,29.00,36.83,0,2315,300/166
1520530347.151556,1,300,177,29.00,203.10,1,2351,300/177
1520530347.201400,1,300,152,26.49,42.21,0,2351,300/152
1520530347.251402,1,300,164,26.55,25.62,0,2351,300/164
1520530347.301403,1,300,151,26.48,177.27,1,2351,300/151
1520530347.351405,1,300,171,26.48,32.31,0,2351,300/171
1520530347.401407,1,300,161,26.49,33.44,0,2351,300/161
1520530347.451408,1,300,160,26.37,248.32,1,2348,300/160
1520530347.501410,1,300,151,26.40,45.12,0,2348,300/151
1520530347.551411,1,300,141,26.51,25.14,0,2348,300/141
1520530347.601218,1,300,137,23.48,189.86,1,2322,300/137
1520530347.651220,1,300,163,23.63,27.16,0,2322,300/163
1520530347.701222,1,300,158,23.79,20.81,0,2322,300/158
1520530347.751223,1,300,153,24.00,267.45,1,2323,300/153
1520530347.801224,1,300,169,24.23,27.93,0,2323,300/169
1520530347.851226,1,300,149,24.30,32.50,0,2323,300/149
1520530347.901227,1,300,156,24.53,205.99,1,2324,300/156
1520530347.951229,1,300,145,24.56,28.03,0,2324,300/145
1520530348.001163,1,300,164,23.50,39.06,0,2324,300/164
1520530348.051164,1,300,159,23.53,198.91,1,2306,300/159
1520530348.101166,1,300,163,23.64,59.21,0,2306,300/163
1520530348.151168,1,300,167,23.71,33.78,0,2306,300/167
1520530348.201169,1,300,155,23.82,377.87,1,2328,300/155
1520530348.251170,1,143,100,23.88,227.57,1,2279,143/100
1520530348.301184,1,119,84,23.97,19.92,0,2279,119/84
1520530348.351173,1,300,146,24.00,21.20,0,2279,300/146
1520530348.401175,1,300,133,24.05,201.40,1,2356,300/133
1520530348.451416,1,300,153,28.48,53.84,0,2356,300/153
1520530348.501419,1,300,152,28.48,32.18,0,2356,300/152
1520530348.551420,1,300,161,28.48,225.51,1,2391,300/161
1520530348.601422,1,300,145,28.47,62.92,0,2391,300/145
1520530348.651423,1,300,146,28.46,36.84,0,2391,300/146
1520530348.701425,1,300,148,28.38,202.25,1,2414,300/148
1520530348.751426,1,300,142,28.41,29.12,0,2414,300/142
1520530348.801427,1,300,140,28.53,33.37,0,2414,300/140
1520530348.851315,1,300,143,26.29,189.12,1,2427,300/143
1520530348.901316,1,176,125,26.19,281.31,1,2400,176/125
1520530348.951318,1,300,151,26.01,21.50,0,2400,300/151
1520530349.001319,1,300,160,25.86,52.58,0,2400,300/160
1520530349.051321,1,300,176,25.65,229.01,1,2492,300/176
1520530349.101322,1,300,173,25.31,27.72,0,2492,300/173
1520530349.151325,1,264,160,25.03,22.32,0,2492,264/160
1520530349.201326,1,295,172,24.83,250.82,1,2513,295/172
1520530349.251106,1,300,184,20.82,21.04,0,2513,300/184
1520530349.301107,1,300,193,20.61,26.37,0,2513,300/193
1520530349.351109,1,300,195,20.57,283.31,1,2515,300/195
1520530349.401110,1,300,202,20.49,24.29,0,2515,300/202
1520530349.451112,1,300,208,20.37,25.49,0,2515,300/208
1520530349.501114,1,300,201,20.39,283.48,1,2509,300/201
1520530349.551115,1,300,211,20.44,23.72,0,2509,300/211
1520530349.601117,1,300,210,20.49,32.26,0,2509,300/210
1520530349.650935,1,300,211,17.32,285.32,1,2507,300/211
1520530349.700937,1,300,218,17.27,19.42,0,2507,300/218
1520530349.750943,1,267,205,17.24,24.94,0,2507,267/205
1520530349.800940,1,300,222,17.11,271.80,1,2514,300/222
1520530349.850941,1,300,227,17.07,24.26,0,2514,300/227
1520530349.900986,1,300,223,17.01,26.35,0,2514,300/223
1520530349.950944,1,300,220,16.94,301.86,1,2528,300/220
1520530350.000946,1,300,209,16.81,18.03,0,2528,300/209
1520530350.051376,1,300,206,24.11,23.78,0,2528,300/206
1520530350.101378,1,300,188,24.03,251.35,1,2523,300/188
1520530350.151379,1,300,186,23.88,20.55,0,2523,300/186
1520530350.201381,1,300,187,23.74,20.61,0,2523,300/187
1520530350.251384,1,300,196,23.38,242.02,1,2550,300/196
1520530350.301384,1,300,189,23.28,25.80,0,2550,300/189
1520530350.351386,1,300,202,23.08,20.74,0,2550,300/202
1520530350.401387,1,300,191,22.86,219.39,1,2545,300/191
1520530350.451515,1,300,193,24.52,30.72,0,2545,300/193
1520530350.501516,1,300,184,24.37,19.79,0,2545,300/184
1520530350.551518,1,300,187,24.12,247.25,1,2426,300/187
1520530350.601520,1,300,197,23.88,19.27,0,2426,300/197
1520530350.651521,1,300,201,23.80,18.67,0,2426,300/201
1520530350.701523,1,300,206,23.65,245.43,1,2406,300/206
1520530350.751523,1,300,205,23.44,18.58,0,2406,300/205
1520530350.801526,1,300,204,23.26,18.58,0,2406,300/204
1520530350.851527,1,300,211,22.94,274.66,1,2409,300/211
1520530350.901571,1,300,216,23.25,17.05,0,2409,300/216
1520530350.951573,1,300,207,22.89,17.99,0,2409,300/207
1520530351.001574,1,300,210,22.47,206.49,1,2478,300/210
1520530351.051576,1,300,228,21.96,19.41,0,2478,300/228
1520530351.101578,1,300,227,21.37,18.43,0,2478,300/227
1520530351.151579,1,300,229,20.84,303.73,1,2376,300/229
1520530351.201581,1,220,185,20.25,18.60,0,2376,220/185
1520530351.251582,1,198,170,19.96,31.33,0,2376,198/170
1520530351.301683,1,257,193,20.93,193.52,1,2320,257/193
1520530351.351680,1,279,200,20.60,16.83,0,2320,279/200
1520530351.401685,1,283,208,20.44,20.97,0,2320,283/208
1520530351.451683,1,295,203,20.38,285.23,1,2299,295/203
1520530351.501759,1,300,220,20.19,18.77,0,2299,300/220
1520530351.551686,1,300,218,20.14,20.34,0,2299,300/218
1520530351.601688,1,300,220,20.04,254.68,1,2281,300/220
1520530351.651689,1,300,223,20.08,17.73,0,2281,300/223
1520530351.701695,1,300,223,20.10,22.56,0,2281,300/223
1520530351.751696,1,300,224,20.04,246.12,1,2261,300/224
1520530351.801698,1,300,226,20.08,23.73,0,2261,300/226
1520530351.851700,1,300,224,20.08,34.01,0,2261,300/224
1520530351.901701,1,300,223,20.15,274.77,1,2252,300/223
1520530351.951703,1,300,218,20.26,24.29,0,2252,300/218
1520530352.001704,1,300,225,20.38,38.67,0,2252,300/225
1520530352.051706,1,300,216,20.47,292.55,1,2226,300/216
1520530352.101805,1,300,227,21.69,42.18,0,2226,300/227
1520530352.151806,1,300,207,21.68,35.09,0,2226,300/207
1520530352.201808,1,268,200,21.70,296.25,1,2180,268/200
1520530352.251809,1,300,209,21.77,26.63,0,2180,300/209
1520530352.301811,1,300,207,21.80,25.14,0,2180,300/207
1520530352.351812,1,300,204,21.73,288.63,1,2156,300/204
1520530352.401814,1,300,192,22.00,29.09,0,2156,300/192
1520530352.451817,1,300,202,22.29,28.97,0,2156,300/202
1520530352.501469,1,300,189,18.42,307.70,1,2227,300/189
1520530352.551471,1,300,188,18.50,24.86,0,2227,300/188
1520530352.601472,1,300,180,18.59,21.44,0,2227,300/180
1520530352.651474,1,300,184,18.61,284.50,1,2230,300/184
1520530352.701475,1,300,178,18.75,45.39,0,2230,300/178
1520530352.751477,1,300,185,18.76,26.92,0,2230,300/185
1520530352.801478,1,300,189,18.85,302.41,1,2208,300/189
1520530352.851480,1,300,178,18.96,36.99,0,2208,300/178
1520530352.901098,1,300,156,14.55,27.39,0,2208,300/156
1520530352.951099,1,300,156,14.64,247.48,1,2209,300/156
1520530353.001101,1,300,163,14.72,39.67,0,2209,300/163
1520530353.051102,1,300,163,14.88,61.93,0,2209,300/163
1520530353.101208,1,300,145,15.01,327.55,1,2180,300/145
1520530353.151105,1,300,149,15.23,43.03,0,2180,300/149
1520530353.201107,1,300,137,15.57,41.88,0,2180,300/137
1520530353.251108,1,289,135,15.95,277.72,1,2166,289/135
1520530353.301110,1,300,144,16.24,60.40,0,2166,300/144
1520530353.351398,1,300,148,20.68,43.38,0,2166,300/148
1520530353.401399,1,300,138,21.18,342.26,1,2188,300/138
1520530353.451401,1,300,137,21.47,46.44,0,2188,300/137
1520530353.501402,1,300,127,21.77,70.81,0,2188,300/127
1520530353.551404,1,300,131,22.04,344.23,1,2183,300/131
1520530353.601405,1,300,131,22.26,39.70,0,2183,300/131
1520530353.651407,1,300,134,22.28,31.94,0,2183,300/134
1520530353.701408,1,300,129,22.34,327.05,1,2189,300/129
1520530353.751736,1,300,133,27.66,36.85,0,2189,300/133
1520530353.801738,1,300,133,27.65,48.93,0,2189,300/133
1520530353.851739,1,300,144,27.63,259.69,1,2196,300/144
1520530353.901741,1,300,137,27.78,35.94,0,2196,300/137
1520530353.951742,1,300,135,27.88,52.61,0,2196,300/135
1520530354.001744,1,300,145,27.90,262.97,1,2187,300/145
1520530354.051745,1,300,136,27.91,33.88,0,2187,300/136
1520530354.101747,1,300,148,27.96,36.13,0,2187,300/148
1520530354.151896,1,300,141,30.45,314.55,1,2163,300/141
1520530354.201897,1,300,147,30.55,35.43,0,2163,300/147
1520530354.251899,1,300,156,30.56,31.47,0,2163,300/156
1520530354.301900,1,300,152,30.73,292.20,1,2159,300/152
1520530354.351902,1,300,160,30.73,28.68,0,2159,300/160
1520530354.401904,1,300,165,30.68,30.99,0,2159,300/165
1520530354.451905,1,300,162,30.55,312.47,1,2153,300/162
1520530354.501907,1,300,170,30.66,55.23,0,2153,300/170
1520530354.551594,1,300,169,25.40,27.12,0,2153,300/169
1520530354.601593,1,300,180,25.40,363.67,1,2165,300/180
1520530354.651595,1,300,172,25.53,45.52,0,2165,300/172
1520530354.701596,1,300,174,25.57,43.26,0,2165,300/174
1520530354.751597,1,300,166,25.73,422.56,1,2173,300/166
1520530354.801599,1,300,168,25.78,30.09,0,2173,300/168
1520530354.851600,1,300,149,25.94,34.21,0,2173,300/149
1520530354.901602,1,300,172,26.04,211.86,1,2203,300/172
1520530354.951359,1,300,154,22.03,31.35,0,2203,300/154
1520530355.001360,1,300,154,22.21,22.70,0,2203,300/154
1520530355.051362,1,300,150,22.21,283.08,1,2213,300/150
1520530355.101363,1,300,149,22.48,30.79,0,2213,300/149
1520530355.151365,1,300,147,22.72,28.99,0,2213,300/147
1520530355.201366,1,300,155,22.86,211.31,1,2235,300/155
1520530355.251368,1,300,148,22.84,39.56,0,2235,300/148
1520530355.301370,1,300,156,22.92,42.56,0,2235,300/156
1520530355.351371,1,300,164,22.96,267.03,1,2248,300/164
1520530355.401407,1,300,152,23.57,50.56,0,2248,300/152
1520530355.451408,1,300,148,23.55,35.41,0,2248,300/148
1520530355.501410,1,300,150,23.54,183.82,1,2275,300/150
1520530355.551411,1,300,150,23.59,40.72,0,2275,300/150
1520530355.601414,1,300,164,23.57,38.55,0,2275,300/164
1520530355.651416,1,300,162,23.68,247.65,1,2319,300/162
1520530355.701417,1,300,152,23.81,30.50,0,2319,300/152
1520530355.751418,1,300,151,23.80,28.65,0,2319,300/151
1520530355.801531,1,300,154,25.91,245.62,1,2344,300/154
1520530355.851533,1,300,158,25.91,34.49,0,2344,300/158
1520530355.901534,1,300,151,25.96,47.34,0,2344,300/151
1520530355.951536,1,300,150,25.89,221.04,1,2374,300/150
1520530356.001537,1,300,161,25.72,46.29,0,2374,300/161
1520530356.051539,1,300,152,25.67,28.15,0,2374,300/152
1520530356.101541,1,300,153,25.73,289.28,1,2383,300/153
1520530356.151542,1,300,153,25.61,28.43,0,2383,300/153
1520530356.201376,1,300,160,22.47,45.37,0,2383,300/160
1520530356.251380,1,300,159,22.30,230.24,1,2391,300/159
1520530356.301379,1,300,163,22.29,28.06,0,2391,300/163
1520530356.351380,1,300,176,22.15,64.06,0,2391,300/176
1520530356.401382,1,300,177,21.97,214.59,1,2418,300/177
1520530356.451383,1,267,165,21.74,32.41,0,2418,267/165
1520530356.501385,1,282,171,21.51,32.39,0,2418,282/171
1520530356.551386,1,300,181,21.39,259.76,1,2402,300/181
1520530356.601232,1,300,189,18.75,22.67,0,2402,300/189
1520530356.651235,1,300,196,18.61,19.87,0,2402,300/196
1520530356.701236,1,300,204,18.47,235.38,1,2396,300/204
1520530356.751237,1,300,212,18.55,23.04,0,2396,300/212
1520530356.801239,1,300,203,18.49,27.50,0,2396,300/203
1520530356.851240,1,300,201,18.44,161.29,1,2382,300/201
1520530356.901242,1,300,223,18.38,31.48,0,2382,300/223
1520530356.951244,1,300,224,18.46,25.27,0,2382,300/224
1520530357.001153,1,300,219,16.78,279.76,1,2383,300/219
1520530357.051154,1,300,228,16.79,18.01,0,2383,300/228
1520530357.101156,1,300,223,16.76,28.40,0,2383,300/223
1520530357.151156,1,300,220,16.65,275.70,1,2370,300/220
1520530357.201159,1,300,221,16.57,19.40,0,2370,300/221
1520530357.251160,1,300,221,16.53,22.12,0,2370,300/221
1520530357.301162,1,300,219,16.53,254.40,1,2389,300/219
1520530357.351164,1,300,211,16.37,24.77,0,2389,300/211
1520530357.401658,1,300,208,24.46,20.36,0,2389,300/208
1520530357.451660,1,271,183,24.36,236.27,1,2373,271/183
1520530357.501662,1,300,195,24.13,23.24,0,2373,300/195
1520530357.551663,1,300,197,24.06,23.66,0,2373,300/197
1520530357.601666,1,300,199,23.77,283.73,1,2381,300/199
1520530357.651666,1,300,199,23.65,20.51,0,2381,300/199
1520530357.701667,1,300,205,23.53,32.16,0,2381,300/205
1520530357.751669,1,300,207,23.39,281.05,1,2410,300/207
1520530357.801671,1,300,218,23.32,22.66,0,2410,300/218
1520530357.851585,1,300,198,21.46,22.54,0,2410,300/198
1520530357.901559,1,300,200,21.39,282.04,1,2394,300/200
1520530357.951560,1,300,194,21.28,21.03,0,2394,300/194
1520530358.001562,1,300,185,21.23,19.13,0,2394,300/185
1520530358.051563,1,300,196,21.06,298.91,1,2380,300/196
1520530358.101565,1,300,205,20.86,21.68,0,2380,300/205
1520530358.151567,1,300,218,20.72,22.05,0,2380,300/218
1520530358.201568,1,300,193,20.56,206.27,1,2355,300/193
1520530358.251625,1,300,199,21.26,21.16,0,2355,300/199
1520530358.301626,1,300,207,20.97,23.41,0,2355,300/207
1520530358.351628,1,300,212,20.71,295.65,1,2347,300/212
1520530358.401629,1,300,205,20.39,27.52,0,2347,300/205
1520530358.451631,1,300,213,20.01,21.93,0,2347,300/213
1520530358.501632,1,259,191,19.59,247.84,1,2312,259/191
1520530358.551634,1,300,219,19.20,19.27,0,2312,300/219
1520530358.601636,1,247,192,18.71,24.11,0,2312,247/192
1520530358.651798,1,300,220,20.34,207.58,1,2302,300/220
1520530358.701800,1,300,227,19.99,30.39,0,2302,300/227
1520530358.751801,1,300,234,19.78,19.39,0,2302,300/234
1520530358.801803,1,300,221,19.40,223.05,1,2279,300/221
1520530358.851805,1,300,230,19.15,22.17,0,2279,300/230
1520530358.901806,1,300,223,18.90,35.86,0,2279,300/223
1520530358.951808,1,300,235,18.60,191.65,1,2282,300/235
1520530359.001810,1,300,230,18.56,43.67,0,2282,300/230
1520530359.051806,1,300,226,18.37,27.03,0,2282,300/226
1520530359.101811,1,300,219,18.17,267.01,1,2258,300/219
1520530359.151809,1,300,219,18.18,20.05,0,2258,300/219
1520530359.201810,1,300,229,18.09,20.36,0,2258,300/229
1520530359.251812,1,300,229,18.02,292.95,1,2260,300/229
1520530359.301813,1,300,227,18.09,21.29,0,2260,300/227
1520530359.351815,1,300,220,18.23,21.26,0,2260,300/220
1520530359.401817,1,300,218,18.38,230.20,1,2243,300/218
1520530359.451919,1,253,208,18.95,22.99,0,2243,253/208
1520530359.501870,1,300,228,19.13,15.94,0,2243,300/228
1520530359.551871,1,300,217,19.18,262.92,1,2206,300/217
1520530359.601873,1,300,223,19.27,21.71,0,2206,300/223
1520530359.651874,1,300,230,19.51,18.68,0,2206,300/230
1520530359.701876,1,300,222,19.61,351.81,1,2190,300/222
1520530359.751878,1,300,229,19.67,20.55,0,2190,300/229
1520530359.801879,1,300,226,19.79,22.23,0,2190,300/226
1520530359.851881,1,300,220,19.88,232.56,1,2182,300/220
1520530359.901826,1,300,211,19.16,23.92,0,2182,300/211
1520530359.951828,1,300,216,19.10,22.70,0,2182,300/216
1520530360.001829,1,300,215,19.12,222.20,1,2191,300/215
1520530360.051831,1,300,199,19.17,47.25,0,2191,300/199
1520530360.101832,1,300,198,19.16,28.46,0,2191,300/198
1520530360.151834,1,300,189,19.18,263.09,1,2192,300/189
1520530360.201836,1,300,178,19.28,24.53,0,2192,300/178
1520530360.251837,1,300,166,19.40,33.86,0,2192,300/166
1520530360.301316,1,300,136,13.72,241.84,1,2204,300/136
1520530360.351317,1,300,143,13.70,34.20,0,2204,300/143
1520530360.401319,1,300,134,13.82,41.40,0,2204,300/134
1520530360.451321,1,300,133,13.81,300.02,1,2210,300/133
1520530360.501323,1,300,131,13.91,56.86,0,2210,300/131
1520530360.551324,1,271,115,14.01,56.19,0,2210,271/115
1520530360.601326,1,300,129,14.17,273.54,1,2213,300/129
1520530360.651327,1,183,105,14.39,47.91,0,2213,183/105
1520530360.700978,1,158,82,10.77,256.57,1,2183,158/82
1520530360.750980,1,300,135,10.79,36.28,0,2183,300/135
1520530360.800981,1,170,81,10.92,85.54,0,2183,170/81
1520530360.850983,1,300,129,11.00,213.46,1,2276,300/129
1520530360.900984,1,300,124,11.11,66.74,0,2276,300/124
1520530360.950988,1,300,131,11.18,91.59,0,2276,300/131
1520530361.000988,1,181,109,11.37,291.19,1,2254,181/109
1520530361.051064,1,300,156,11.51,26.01,0,2254,300/156
1520530361.101044,1,300,132,12.31,76.75,0,2254,300/132
1520530361.151045,1,300,133,12.37,267.50,1,2270,300/133
1520530361.201047,1,300,138,12.45,69.36,0,2270,300/138
1520530361.251048,1,167,109,12.56,254.06,1,2246,167/109
1520530361.301050,1,300,146,12.73,35.15,0,2246,300/146
1520530361.351051,1,161,101,12.79,42.09,0,2246,161/101
1520530361.401053,1,187,113,12.91,264.01,1,2218,187/113
1520530361.451055,1,300,144,12.91,27.68,0,2218,300/144
1520530361.501690,1,300,155,23.60,41.47,0,2218,300/155
1520530361.551692,1,300,150,23.64,303.92,1,2230,300/150
1520530361.601693,1,300,148,23.57,39.40,0,2230,300/148
1520530361.651695,1,300,152,23.50,33.60,0,2230,300/152
1520530361.701696,1,282,151,23.27,327.46,1,2242,282/151
1520530361.751698,1,300,179,23.08,35.42,0,2242,300/179
1520530361.801700,1,300,173,22.99,46.58,0,2242,300/173
1520530361.851701,1,300,172,22.98,214.12,1,2250,300/172
1520530361.901939,1,300,176,26.79,26.43,0,2250,300/176
1520530361.951941,1,300,174,26.87,54.31,0,2250,300/174
1520530362.001942,1,300,190,27.04,220.34,1,2266,300/190
1520530362.051944,1,300,202,27.12,32.73,0,2266,300/202
1520530362.101945,1,300,179,27.27,30.06,0,2266,300/179
1520530362.151947,1,300,193,27.37,306.23,1,2318,300/193
1520530362.201949,1,300,193,27.48,26.08,0,2318,300/193
1520530362.251950,1,300,188,27.51,25.61,0,2318,300/188
1520530362.301951,1,300,178,27.58,231.42,1,2337,300/178
1520530362.351623,1,300,168,22.21,24.04,0,2337,300/168
1520530362.401625,1,300,175,22.32,24.69,0,2337,300/175
1520530362.451626,1,300,182,22.41,254.34,1,2401,300/182
1520530362.501628,1,300,176,22.42,38.43,0,2401,300/176
1520530362.551629,1,300,176,22.64,64.12,0,2401,300/176
1520530362.601631,1,300,184,22.77,260.43,1,2433,300/184
1520530362.651727,1,300,161,22.81,35.82,0,2433,300/161
1520530362.701634,1,300,161,22.91,24.20,0,2433,300/161
1520530362.751364,1,300,163,18.28,214.42,1,2464,300/163
1520530362.801366,1,300,150,18.31,33.34,0,2464,300/150
1520530362.851367,1,300,145,18.13,25.54,0,2464,300/145
1520530362.901369,1,300,149,18.07,290.15,1,2457,300/149
1520530362.951370,1,300,158,18.06,36.30,0,2457,300/158
1520530363.001372,1,268,150,18.08,45.70,0,2457,268/150
1520530363.051374,1,300,142,18.35,187.66,1,2460,300/142
1520530363.101375,1,300,148,18.35,58.43,0,2460,300/148
1520530363.151650,1,300,144,23.50,63.27,0,2460,300/144
1520530363.201651,1,300,142,23.82,236.75,1,2470,300/142
1520530363.251653,1,300,126,24.09,43.52,0,2470,300/126
1520530363.301654,1,300,125,24.38,45.38,0,2470,300/125
1520530363.351656,1,300,118,24.49,228.25,1,2471,300/118
1520530363.401658,1,300,120,24.61,49.33,0,2471,300/120
1520530363.451659,1,300,124,24.72,67.36,0,2471,300/124
1520530363.501661,1,300,126,24.77,212.16,1,2475,300/126
1520530363.551745,1,300,127,26.30,51.66,0,2475,300/127
1520530363.601746,1,300,116,26.06,52.74,0,2475,300/116
1520530363.651748,1,300,132,25.71,320.63,1,2474,300/132
1520530363.701749,1,300,129,25.55,48.06,0,2474,300/129
1520530363.751751,1,300,135,25.28,65.43,0,2474,300/135
1520530363.801753,1,300,131,25.07,344.10,1,2478,300/131
1520530363.851754,1,300,138,24.89,60.71,0,2478,300/138
1520530363.901756,1,300,149,24.61,55.97,0,2478,300/149
1520530363.951780,1,300,164,24.71,393.47,1,2511,300/164
1520530364.001782,1,300,152,24.42,44.70,0,2511,300/152
1520530364.051784,1,300,167,23.99,34.72,0,2511,300/167
1520530364.101785,1,300,164,23.50,264.32,1,2505,300/164
1520530364.151786,1,231,157,22.93,26.23,0,2505,231/157
1520530364.201788,1,162,133,22.48,175.40,1,2455,162/133
1520530364.251789,1,153,126,21.82,16.32,0,2455,153/126
1520530364.301791,1,300,192,21.19,19.45,0,2455,300/192
1520530364.351792,1,180,147,20.96,246.97,1,2416,180/147
1520530364.401853,1,176,150,21.55,13.26,0,2416,176/150
1520530364.451854,1,300,191,21.36,16.04,0,2416,300/191
1520530364.501856,1,300,184,21.29,253.86,1,2418,300/184
1520530364.551858,1,290,188,21.12,34.59,0,2418,290/188
1520530364.601859,1,300,183,21.04,29.24,0,2418,300/183
1520530364.651861,1,300,191,20.88,244.50,1,2447,300/191
1520530364.701862,1,300,185,20.92,23.41,0,2447,300/185
1520530364.751864,1,300,182,20.95,45.89,0,2447,300/182
1520530364.802375,1,300,190,28.51,245.78,1,2466,300/190
1520530364.852378,1,300,189,28.52,22.22,0,2466,300/189
1520530364.902379,1,300,188,28.39,23.74,0,2466,300/188
1520530364.952380,1,259,181,28.28,174.92,1,2512,259/181
1520530365.002383,1,300,220,28.00,23.13,0,2512,300/220
1520530365.052383,1,300,214,27.76,18.54,0,2512,300/214
1520530365.102386,1,300,208,27.62,258.05,1,2508,300/208
1520530365.152387,1,300,214,27.64,17.80,0,2508,300/214
1520530365.201844,1,300,207,20.20,24.57,0,2508,300/207
1520530365.251846,1,300,217,20.19,241.25,1,2538,300/217
1520530365.301847,1,300,211,20.26,22.46,0,2538,300/211
1520530365.351849,1,300,218,20.36,21.09,0,2538,300/218
1520530365.401850,1,300,217,20.48,275.37,1,2491,300/217
1520530365.451852,1,300,222,20.66,19.90,0,2491,300/222
1520530365.501853,1,300,206,20.82,23.18,0,2491,300/206
1520530365.551855,1,300,204,21.21,336.03,1,2520,300/204
1520530365.601535,1,300,200,16.74,21.59,0,2520,300/200
1520530365.651537,1,300,197,17.02,36.75,0,2520,300/197
1520530365.701539,1,300,198,17.15,263.39,1,2485,300/198
1520530365.751540,1,300,191,17.35,21.21,0,2485,300/191
1520530365.801546,1,291,195,17.64,19.48,0,2485,291/195
1520530365.851543,1,300,190,17.72,257.23,1,2562,300/190
1520530365.901545,1,300,191,17.85,21.55,0,2562,300/191
1520530365.951546,1,300,191,18.03,23.68,0,2562,300/191
1520530366.001907,1,300,188,23.91,309.71,1,2541,300/188
1520530366.051908,1,300,200,23.93,39.23,0,2541,300/200
1520530366.101911,1,300,210,23.65,25.76,0,2541,300/210
1520530366.151911,1,300,202,23.30,239.16,1,2525,300/202
1520530366.201913,1,300,211,22.79,39.13,0,2525,300/211
1520530366.251915,1,300,213,22.35,29.84,0,2525,300/213
1520530366.301916,1,300,205,21.87,286.64,1,2489,300/205
1520530366.351918,1,300,221,21.51,23.23,0,2489,300/221
1520530366.402120,1,300,219,23.83,22.35,0,2489,300/219
1520530366.452121,1,300,213,23.46,281.99,1,2482,300/213
1520530366.502124,1,300,216,23.15,19.15,0,2482,300/216
1520530366.552125,1,300,216,22.57,30.10,0,2482,300/216
1520530366.602127,1,300,223,22.12,203.01,1,2386,300/223
1520530366.652128,1,300,223,21.52,23.47,0,2386,300/223
1520530366.702130,1,300,222,21.01,22.12,0,2386,300/222
1520530366.752132,1,300,232,20.72,311.81,1,2391,300/232
1520530366.802132,1,300,227,20.53,22.22,0,2391,300/227
1520530366.852166,1,300,215,20.80,26.00,0,2391,300/215
1520530366.902167,1,300,206,20.71,198.23,1,2376,300/206
1520530366.952169,1,300,202,20.60,27.92,0,2376,300/202
1520530367.002170,1,300,203,20.62,25.21,0,2376,300/203
1520530367.052171,1,300,190,20.78,200.27,1,2370,300/190
1520530367.102178,1,229,163,20.94,22.90,0,2370,229/163
1520530367.152174,1,300,185,21.01,26.91,0,2370,300/185
1520530367.202177,1,300,182,21.15,299.35,1,2358,300/182
1520530367.252540,1,300,188,25.49,25.39,0,2358,300/188
1520530367.302541,1,300,177,25.38,27.11,0,2358,300/177
1520530367.352542,1,300,183,25.51,310.74,1,2348,300/183
1520530367.402545,1,300,177,25.37,21.70,0,2348,300/177
1520530367.452546,1,300,185,25.16,24.29,0,2348,300/185
1520530367.502548,1,300,187,24.87,204.36,1,2362,300/187
1520530367.552549,1,300,181,24.66,21.28,0,2362,300/181
1520530367.602551,1,300,187,24.50,20.08,0,2362,300/187
1520530367.652264,1,300,190,21.00,243.92,1,2366,300/190
1520530367.702266,1,300,184,20.97,17.85,0,2366,300/184
1520530367.752267,1,300,195,20.81,22.74,0,2366,300/195
1520530367.802269,1,300,201,20.78,339.48,1,2365,300/201
1520530367.852271,1,300,207,20.83,19.38,0,2365,300/207
1520530367.902272,1,300,210,20.59,26.94,0,2365,300/210
1520530367.952274,1,300,210,20.51,283.11,1,2364,300/210
1520530368.002275,1,300,219,20.37,27.64,0,2364,300/219
1520530368.052124,1,300,216,18.70,23.11,0,2364,300/216
1520530368.102125,1,300,218,18.59,306.41,1,2322,300/218
1520530368.152127,1,300,232,18.45,27.69,0,2322,300/232
1520530368.202129,1,300,220,18.33,22.63,0,2322,300/220
1520530368.252130,1,300,225,18.38,306.94,1,2303,300/225
1520530368.302132,1,300,217,18.37,22.51,0,2303,300/217
1520530368.352134,1,300,220,18.31,18.51,0,2303,300/220
1520530368.402135,1,253,194,18.33,238.89,1,2328,253/194
1520530368.452048,1,300,216,17.38,24.35,0,2328,300/216
1520530368.502050,1,212,171,17.36,28.22,0,2328,212/171
1520530368.552051,1,184,146,17.51,320.86,1,2324,184/146
1520530368.602053,1,271,169,17.79,22.50,0,2324,271/169
1520530368.652054,1,178,115,18.09,30.60,0,2324,178/115
1520530368.702056,1,162,101,18.38,292.20,1,2278,162/101
1520530368.752057,1,300,142,18.63,25.83,0,2278,300/142
1520530368.802058,1,182,109,19.00,57.23,0,2278,182/109
1520530368.851389,1,279,128,12.02,318.93,1,2262,279/128
1520530368.901391,1,297,143,12.36,72.58,0,2262,297/143
1520530368.951392,1,265,132,12.87,64.89,0,2262,265/132
1520530369.001394,1,168,110,13.27,284.31,1,2230,168/110
1520530369.051395,1,150,97,13.58,29.54,0,2230,150/97
1520530369.101397,1,256,123,13.85,50.26,0,2230,256/123
1520530369.151398,1,241,130,14.04,321.23,1,2250,241/130
1520530369.201400,1,300,147,14.20,39.00,0,2250,300/147
1520530369.251401,1,170,101,14.41,49.26,0,2250,170/101
1520530369.301537,1,128,96,16.59,206.82,1,2223,128/96
1520530369.351538,1,300,181,16.63,21.58,0,2223,300/181
1520530369.401540,1,300,181,16.59,28.69,0,2223,300/181
1520530369.451542,1,300,198,16.58,272.03,1,2281,300/198
1520530369.501543,1,300,187,16.58,25.93,0,2281,300/187
1520530369.551545,1,222,154,16.57,24.30,0,2281,222/154
1520530369.601546,1,300,182,16.64,206.00,1,2310,300/182
1520530369.651548,1,300,175,16.53,26.00,0,2310,300/175
1520530369.701896,1,300,184,21.70,38.48,0,2310,300/184
1520530369.751898,1,300,191,21.56,220.34,1,2329,300/191
1520530369.801901,1,300,192,21.42,21.99,0,2329,300/192
1520530369.851902,1,300,200,21.34,20.98,0,2329,300/200
1520530369.901903,1,300,187,21.20,215.10,1,2316,300/187
1520530369.951905,1,300,186,21.16,20.99,0,2316,300/186
1520530370.001906,1,300,194,21.09,24.61,0,2316,300/194
1520530370.051908,1,300,186,21.02,244.04,1,2314,300/186
1520530370.101930,1,300,194,21.17,23.43,0,2314,300/194
1520530370.151931,1,300,193,21.17,19.74,0,2314,300/193
1520530370.201933,1,300,188,21.09,296.93,1,2311,300/188
1520530370.251934,1,300,200,21.06,22.51,0,2311,300/200
1520530370.301934,1,300,197,21.01,26.84,0,2311,300/197
1520530370.351937,1,300,187,20.93,284.26,1,2282,300/187
1520530370.401938,1,300,209,20.91,27.89,0,2282,300/209
1520530370.451940,1,300,197,20.78,28.65,0,2282,300/197
1520530370.501883,1,300,201,19.88,252.16,1,2260,300/201
1520530370.551883,1,300,201,19.82,26.07,0,2260,300/201
1520530370.601898,1,300,203,19.76,20.56,0,2260,300/203
1520530370.651887,1,300,205,19.74,200.41,1,2214,300/205
1520530370.701889,1,300,214,19.76,18.59,0,2214,300/214
1520530370.751890,1,300,209,19.73,24.52,0,2214,300/209
1520530370.801892,1,300,206,19.73,227.88,1,2169,300/206
1520530370.851892,1,300,199,19.72,21.93,0,2169,300/199
1520530370.901941,1,300,208,20.37,17.28,0,2169,300/208
1520530370.951942,1,300,220,20.43,203.49,1,2143,300/220
1520530371.001944,1,300,216,20.38,19.94,0,2143,300/216
1520530371.051946,1,212,171,20.42,17.08,0,2143,212/171
1520530371.101947,1,300,211,20.28,172.79,1,2141,300/211
1520530371.151949,1,300,201,20.41,19.62,0,2141,300/201
1520530371.201950,1,300,212,20.32,20.00,0,2141,300/212
1520530371.251952,1,300,211,20.21,213.81,1,2141,300/211
1520530371.301953,1,300,219,20.20,23.89,0,2141,300/219
1520530371.351951,1,300,209,20.12,18.85,0,2141,300/209
1520530371.401953,1,300,213,20.09,277.65,1,2148,300/213
1520530371.451954,1,300,205,20.27,21.99,0,2148,300/205
1520530371.501956,1,300,207,20.20,19.62,0,2148,300/207
1520530371.551958,1,300,212,20.19,294.58,1,2141,300/212
1520530371.601959,1,233,190,20.26,39.87,0,2141,233/190
1520530371.651961,1,300,206,20.36,24.18,0,2141,300/206
1520530371.701962,1,300,218,20.37,303.55,1,2132,300/218
1520530371.751959,1,300,219,20.21,21.73,0,2132,300/219
1520530371.801961,1,300,217,20.12,19.81,0,2132,300/217
1520530371.851963,1,300,206,19.89,184.59,1,2129,300/206
1520530371.901964,1,288,196,19.65,16.54,0,2129,288/196
1520530371.951966,1,300,212,19.49,19.14,0,2129,300/212
1520530372.001968,1,300,198,19.37,236.23,1,2147,300/198
1520530372.051969,1,300,201,19.15,18.12,0,2147,300/201
1520530372.101971,1,300,181,19.09,17.68,0,2147,300/181
1520530372.151955,1,300,200,18.78,274.92,1,2160,300/200
1520530372.201977,1,300,196,18.80,24.43,0,2160,300/196
1520530372.251958,1,267,179,18.84,19.01,0,2160,267/179
1520530372.301960,1,300,202,18.78,325.75,1,2170,300/202
1520530372.351961,1,300,196,18.71,26.94,0,2170,300/196
1520530372.401963,1,255,182,18.75,17.71,0,2170,255/182
1520530372.451964,1,300,192,18.86,212.72,1,2177,300/192
1520530372.501966,1,300,199,18.87,24.15,0,2177,300/199
1520530372.551956,1,300,187,18.87,22.07,0,2177,300/187
1520530372.601959,1,298,193,18.91,349.02,1,2174,298/193
1520530372.651960,1,300,203,19.08,34.94,0,2174,300/203
1520530372.701961,1,260,183,19.33,32.52,0,2174,260/183
1520530372.751963,1,300,209,19.53,435.47,1,2191,300/209
1520530372.801964,1,300,202,19.96,30.11,0,2191,300/202
1520530372.851966,1,300,207,20.25,33.29,0,2191,300/207
1520530372.901967,1,300,221,20.60,343.00,1,2205,300/221
1520530372.951617,1,300,218,15.73,18.65,0,2205,300/218
1520530373.001619,1,300,216,15.83,16.98,0,2205,300/216
1520530373.051620,1,300,222,15.97,298.54,1,2184,300/222
1520530373.101622,1,300,217,16.00,18.30,0,2184,300/217
1520530373.151624,1,300,217,16.02,20.58,0,2184,300/217
1520530373.201626,1,300,213,16.10,330.60,1,2180,300/213
1520530373.251627,1,300,216,16.03,20.10,0,2180,300/216
1520530373.301630,1,300,215,16.02,22.46,0,2180,300/215
1520530373.351457,1,300,221,13.47,199.87,1,2146,300/221
1520530373.401458,1,300,221,13.36,22.31,0,2146,300/221
1520530373.451460,1,300,214,13.41,19.77,0,2146,300/214
1520530373.501461,1,300,213,13.33,329.87,1,2150,300/213
1520530373.551463,1,300,207,13.39,17.28,0,2150,300/207
1520530373.601465,1,250,173,13.29,22.53,0,2150,250/173
1520530373.651466,1,223,161,13.04,190.35,1,2067,223/161
1520530373.701467,1,300,184,12.81,18.01,0,2067,300/184
1520530373.751469,1,287,183,12.51,22.71,0,2067,287/183
1520530373.801615,1,228,158,13.73,274.17,1,2037,228/158
1520530373.851583,1,300,194,13.62,18.07,0,2037,300/194
1520530373.901585,1,194,146,13.30,23.92,0,2037,194/146
1520530373.951586,1,300,201,13.29,215.60,1,2062,300/201
1520530374.001589,1,300,196,13.14,30.44,0,2062,300/196
1520530374.051589,1,215,165,12.98,20.69,0,2062,215/165
1520530374.101591,1,245,151,12.82,190.21,1,2054,245/151
1520530374.151592,1,300,169,12.71,20.29,0,2054,300/169
1520530374.201953,1,300,174,16.93,38.11,0,2054,300/174
1520530374.251955,1,211,129,16.73,224.62,1,2041,211/129
1520530374.301956,1,300,148,16.53,18.22,0,2041,300/148
1520530374.351958,1,300,143,16.32,39.83,0,2041,300/143
1520530374.401959,1,300,141,16.16,299.81,1,2043,300/141
1520530374.451961,1,300,138,16.16,21.57,0,2043,300/138
1520530374.501962,1,300,132,16.23,22.74,0,2043,300/132
1520530374.551964,1,300,137,16.22,264.98,1,2037,300/137
1520530374.602407,1,300,141,21.17,18.86,0,2037,300/141
1520530374.652408,1,277,135,21.15,21.56,0,2037,277/135
1520530374.702410,1,222,122,21.09,221.74,1,2022,222/122
1520530374.752412,1,208,116,20.97,17.98,0,2022,208/116
1520530374.802413,1,300,152,20.79,19.73,0,2022,300/152
1520530374.852415,1,300,159,20.66,210.81,1,2016,300/159
1520530374.902417,1,300,173,20.63,22.67,0,2016,300/173
1520530374.952418,1,300,177,20.60,20.33,0,2016,300/177
1520530375.002442,1,300,188,20.83,153.93,1,2033,300/188
1520530375.052444,1,300,191,20.81,21.53,0,2033,300/191
1520530375.102445,1,300,202,20.98,21.29,0,2033,300/202
1520530375.152447,1,224,175,21.12,218.08,1,2014,224/175
1520530375.202449,1,300,218,21.24,20.16,0,2014,300/218
1520530375.252454,1,300,227,21.23,17.62,0,2014,300/227
1520530375.302452,1,262,208,21.34,234.12,1,2013,262/208
1520530375.352453,1,300,230,21.39,15.80,0,2013,300/230
1520530375.402252,1,300,239,18.56,17.66,0,2013,300/239
1520530375.452214,1,244,203,18.38,145.49,1,2002,244/203
1520530375.502216,1,233,188,18.23,15.18,0,2002,233/188
1520530375.552217,1,272,207,18.08,22.23,0,2002,272/207
1520530375.602219,1,222,183,17.68,142.20,1,1984,222/183
1520530375.652220,1,204,171,17.51,15.65,0,1984,204/171
1520530375.702222,1,198,169,17.17,13.79,0,1984,198/169
1520530375.752223,1,300,225,17.07,147.66,1,2007,300/225
1520530375.802225,1,300,221,16.99,18.46,0,2007,300/221
1520530375.852258,1,300,214,17.19,19.99,0,2007,300/214
1520530375.902259,1,300,209,17.21,244.03,1,2033,300/209
1520530375.952261,1,268,207,17.25,18.16,0,2033,268/207
1520530376.002263,1,300,221,17.40,17.90,0,2033,300/221
1520530376.052264,1,300,225,17.40,215.10,1,2070,300/225
1520530376.102265,1,300,214,17.37,19.56,0,2070,300/214
1520530376.152267,1,300,214,17.41,18.59,0,2070,300/214
1520530376.202270,1,213,174,17.73,214.62,1,2033,213/174
1520530376.251950,1,300,209,14.59,16.89,0,2033,300/209
1520530376.301951,1,300,200,14.68,20.77,0,2033,300/200
1520530376.351954,1,220,167,14.79,232.17,1,1998,220/167
1520530376.401955,1,271,181,14.93,17.22,0,1998,271/181
1520530376.451957,1,300,186,15.02,24.84,0,1998,300/186
1520530376.501958,1,300,178,15.31,214.10,1,2018,300/178
1520530376.551960,1,300,171,15.65,24.96,0,2018,300/171
1520530376.601961,1,300,168,16.14,25.22,0,2018,300/168
1520530376.652663,1,178,121,25.24,189.08,1,1997,178/121
1520530376.702664,1,300,164,25.77,21.29,0,1997,300/164
1520530376.752666,1,300,151,26.43,39.07,0,1997,300/151
1520530376.802668,1,300,144,26.99,227.80,1,2039,300/144
1520530376.852669,1,300,140,27.65,57.52,0,2039,300/140
1520530376.902671,1,300,137,28.17,34.26,0,2039,300/137
1520530376.952672,1,300,156,28.67,242.24,1,2095,300/156
1520530377.002721,1,300,137,28.94,47.21,0,2095,300/137
1520530377.052897,1,300,143,32.37,38.73,0,2095,300/143
1520530377.102900,1,300,152,32.28,241.81,1,2138,300/152
1520530377.152901,1,300,153,32.20,46.27,0,2138,300/153
1520530377.202903,1,300,160,32.08,26.44,0,2138,300/160
1520530377.252904,1,300,158,31.76,194.04,1,2158,300/158
1520530377.302906,1,300,169,31.50,27.10,0,2158,300/169
1520530377.352906,1,300,166,31.15,22.85,0,2158,300/166
1520530377.402909,1,300,176,30.80,200.74,1,2190,300/176
1520530377.451720,1,300,150,14.98,32.75,0,2190,300/150
1520530377.501720,1,300,154,15.02,44.82,0,2190,300/154
1520530377.551722,1,158,101,14.95,194.72,1,2179,158/101
1520530377.601723,1,300,127,14.85,27.27,0,2179,300/127
1520530377.651725,1,145,91,14.88,54.56,0,2179,145/91
1520530377.701726,1,300,140,14.87,220.44,1,2207,300/140
1520530377.751728,1,130,82,14.89,366.52,1,2180,130/82
1520530377.801730,1,300,132,14.90,30.22,0,2180,300/132
1520530377.851407,1,113,75,10.76,114.82,0,2180,113/75
1520530377.901409,1,124,70,10.55,282.56,1,2224,124/70
1520530377.951411,1,122,69,10.50,26.19,0,2224,122/69
1520530378.001412,1,300,143,10.45,31.66,0,2224,300/143
1520530378.051414,1,268,139,10.34,305.07,1,2251,268/139
1520530378.101416,1,160,108,10.45,181.27,1,2167,160/108
1520530378.151417,1,153,102,10.57,17.13,0,2167,153/102
1520530378.201419,1,140,97,10.58,22.33,0,2167,140/97
1520530378.251420,1,300,166,10.65,232.58,1,2281,300/166
1520530378.301512,1,141,98,11.98,261.94,1,2259,141/98
1520530378.351513,1,141,96,12.10,21.45,0,2259,141/96
1520530378.401515,1,300,169,12.15,24.34,0,2259,300/169
1520530378.451516,1,293,162,12.23,205.27,1,2322,293/162
1520530378.501517,1,221,130,12.25,51.06,0,2322,221/130
1520530378.551519,1,128,93,12.25,277.23,1,2290,128/93
1520530378.601571,1,110,84,12.20,19.02,0,2290,110/84
1520530378.651522,1,91,71,12.13,16.21,0,2290,91/71
1520530378.702209,1,102,83,23.35,306.01,1,2343,102/83
1520530378.752210,1,187,129,23.44,12.94,0,2343,187/129
1520530378.802212,1,300,184,23.58,24.17,0,2343,300/184
1520530378.852213,1,300,191,23.79,265.36,1,2435,300/191
1520530378.902215,1,221,153,23.89,29.75,0,2435,221/153
1520530378.952216,1,300,190,23.90,20.30,0,2435,300/190
1520530379.002218,1,300,183,23.98,237.06,1,2484,300/183
1520530379.052220,1,300,185,24.02,24.40,0,2484,300/185
1520530379.102149,1,300,191,22.92,28.12,0,2484,300/191
1520530379.152151,1,300,196,22.85,270.11,1,2540,300/196
1520530379.202152,1,267,172,22.89,25.09,0,2540,267/172
1520530379.252154,1,300,204,22.93,24.06,0,2540,300/204
1520530379.302155,1,300,184,22.99,281.92,1,2571,300/184
1520530379.352157,1,300,203,23.06,30.15,0,2571,300/203
1520530379.402159,1,270,180,23.15,27.13,0,2571,270/180
1520530379.452160,1,300,198,23.27,279.63,1,2628,300/198
1520530379.501850,1,300,184,18.27,52.61,0,2628,300/184
1520530379.551852,1,160,127,18.39,232.74,1,2615,160/127
1520530379.601853,1,300,159,18.39,22.73,0,2615,300/159
1520530379.651855,1,300,161,18.54,57.90,0,2615,300/161
1520530379.701856,1,300,145,18.48,299.97,1,2661,300/145
1520530379.751858,1,300,144,18.54,48.93,0,2661,300/144
1520530379.801860,1,300,143,18.47,46.63,0,2661,300/143
1520530379.851861,1,300,129,18.42,284.09,1,2711,300/129
1520530379.901824,1,155,88,17.82,284.85,1,2652,155/88
1520530379.951826,1,300,136,17.99,39.98,0,2652,300/136
1520530380.001827,1,300,137,18.20,65.14,0,2652,300/137
1520530380.051829,1,300,134,18.50,328.55,1,2743,300/134
1520530380.101830,1,134,90,18.73,337.86,1,2691,134/90
1520530380.151832,1,300,145,18.78,46.40,0,2691,300/145
1520530380.201888,1,300,141,18.87,105.85,0,2691,300/141
1520530380.251835,1,300,148,18.89,376.36,1,2696,300/148
1520530380.301736,1,300,154,16.90,50.70,0,2696,300/154
1520530380.352160,1,300,140,24.42,43.83,0,2696,300/140
1520530380.402162,1,300,144,23.97,297.59,1,2751,300/144
1520530380.452163,1,300,144,23.60,29.89,0,2751,300/144
1520530380.502166,1,300,151,23.27,23.42,0,2751,300/151
1520530380.552166,1,300,164,22.98,273.15,1,2801,300/164
1520530380.602168,1,300,170,22.76,33.40,0,2801,300/170
1520530380.652170,1,300,178,22.58,24.92,0,2801,300/178
1520530380.702171,1,300,184,22.46,278.18,1,2833,300/184
1520530380.752135,1,212,153,21.64,39.05,0,2833,212/153
1520530380.802136,1,163,133,21.45,186.64,1,2823,163/133
1520530380.852138,1,300,187,21.09,20.34,0,2823,300/187
1520530380.902139,1,300,205,20.75,26.48,0,2823,300/205
1520530380.952141,1,300,213,20.44,267.74,1,2951,300/213
1520530381.002143,1,218,174,20.12,19.51,0,2951,218/174
1520530381.052144,1,193,165,19.89,19.48,0,2951,193/165
1520530381.102146,1,300,192,19.64,268.35,1,2947,300/192
1520530381.152048,1,300,191,17.92,21.33,0,2947,300/191
1520530381.202049,1,300,200,17.59,27.59,0,2947,300/200
1520530381.252051,1,205,152,17.28,248.09,1,2910,205/152
1520530381.302052,1,277,181,16.99,16.72,0,2910,277/181
1520530381.352053,1,300,185,16.86,22.79,0,2910,300/185
1520530381.402056,1,213,167,16.77,262.45,1,2876,213/167
1520530381.452057,1,202,160,16.64,14.89,0,2876,202/160
1520530381.502058,1,300,199,16.68,23.93,0,2876,300/199
1520530381.552262,1,300,203,19.14,178.64,1,2877,300/203
1520530381.602264,1,300,206,19.10,39.13,0,2877,300/206
1520530381.652266,1,300,215,19.03,28.57,0,2877,300/215
1520530381.702267,1,300,194,19.00,280.45,1,2788,300/194
1520530381.752268,1,300,218,18.95,23.59,0,2788,300/218
1520530381.802325,1,300,202,18.74,22.49,0,2788,300/202
1520530381.852271,1,300,208,18.79,264.43,1,2757,300/208
1520530381.902273,1,300,224,18.71,22.89,0,2757,300/224
1520530381.952332,1,300,226,19.49,19.01,0,2757,300/226
1520530382.002334,1,300,229,19.41,229.36,1,2841,300/229
1520530382.052335,1,300,228,19.46,21.69,0,2841,300/228
1520530382.102337,1,300,225,19.52,17.00,0,2841,300/225
1520530382.152339,1,300,226,19.55,191.02,1,2870,300/226
1520530382.202340,1,300,214,19.81,31.61,0,2870,300/214
1520530382.252342,1,300,217,19.94,20.29,0,2870,300/217
1520530382.302343,1,300,222,20.10,223.00,1,2811,300/222
1520530382.352159,1,300,221,17.78,27.38,0,2811,300/221
1520530382.402160,1,300,206,17.83,24.99,0,2811,300/206
1520530382.452162,1,300,213,18.04,325.32,1,2726,300/213
1520530382.502164,1,300,214,18.17,24.34,0,2726,300/214
1520530382.552165,1,300,211,18.36,20.56,0,2726,300/211
1520530382.602167,1,300,207,18.57,241.85,1,2693,300/207
1520530382.652168,1,300,219,18.92,22.09,0,2693,300/219
1520530382.702170,1,300,216,19.02,18.68,0,2693,300/216
1520530382.752171,1,300,217,19.16,204.74,1,2757,300/217
1520530382.802243,1,300,207,20.02,23.00,0,2757,300/207
1520530382.852246,1,300,230,19.99,20.12,0,2757,300/230
1520530382.902248,1,294,215,19.89,248.40,1,2785,294/215
1520530382.952249,1,300,219,19.75,19.41,0,2785,300/219
1520530383.002250,1,283,211,19.56,20.36,0,2785,283/211
1520530383.052252,1,300,213,19.33,283.32,1,2721,300/213
1520530383.102252,1,253,190,19.13,20.00,0,2721,253/190
1520530383.152255,1,240,183,18.85,22.32,0,2721,240/183
1520530383.202206,1,242,191,17.91,303.06,1,2672,242/191
1520530383.252208,1,195,157,17.47,21.72,0,2672,195/157
1520530383.302210,1,237,184,17.17,30.77,0,2672,237/184
1520530383.352211,1,300,219,16.83,296.64,1,2686,300/219
1520530383.402266,1,300,233,16.51,26.45,0,2686,300/233
1520530383.452214,1,300,212,16.33,23.68,0,2686,300/212
1520530383.502216,1,300,226,16.03,295.44,1,2703,300/226
1520530383.552217,1,225,183,15.82,27.60,0,2703,225/183
1520530383.602472,1,300,223,18.39,24.39,0,2703,300/223
1520530383.652472,1,300,233,18.19,235.80,1,2682,300/233
1520530383.702475,1,300,212,17.91,22.32,0,2682,300/212
1520530383.752476,1,300,225,17.78,19.87,0,2682,300/225
1520530383.802478,1,300,223,17.81,212.19,1,2712,300/223
1520530383.852479,1,300,213,17.92,22.02,0,2712,300/213
1520530383.902481,1,300,223,17.84,23.76,0,2712,300/223
1520530383.952482,1,300,215,17.89,212.02,1,2690,300/215
1520530384.002530,1,300,216,18.53,26.87,0,2690,300/216
1520530384.052531,1,300,206,18.59,24.39,0,2690,300/206
1520530384.102533,1,300,198,18.93,279.86,1,2644,300/198
1520530384.152534,1,300,216,19.42,25.55,0,2644,300/216
1520530384.202536,1,300,201,20.07,38.09,0,2644,300/201
1520530384.252537,1,300,207,20.61,236.99,1,2622,300/207
1520530384.302539,1,218,167,21.36,36.74,0,2622,218/167
1520530384.352541,1,300,199,22.10,24.85,0,2622,300/199
1520530384.402432,1,300,194,21.28,353.88,1,2628,300/194
1520530384.452435,1,300,194,22.11,23.61,0,2628,300/194
1520530384.502435,1,300,179,23.17,23.92,0,2628,300/179
1520530384.552437,1,300,184,24.02,284.55,1,2623,300/184
1520530384.602439,1,300,201,24.79,24.83,0,2623,300/201
1520530384.652440,1,300,194,25.52,21.55,0,2623,300/194
1520530384.702442,1,300,201,26.13,321.78,1,2587,300/201
1520530384.752443,1,300,196,26.62,41.08,0,2587,300/196
1520530384.802857,1,300,204,34.33,20.54,0,2587,300/204
1520530384.852858,1,300,212,34.71,337.15,1,2570,300/212
1520530384.902860,1,300,210,34.87,24.68,0,2570,300/210
1520530384.952861,1,300,201,35.00,25.91,0,2570,300/201
1520530385.002916,1,300,213,34.94,322.67,1,2617,300/213
1520530385.052864,1,300,215,35.08,33.81,0,2617,300/215
1520530385.102866,1,300,210,35.00,21.71,0,2617,300/210
1520530385.152867,1,300,216,34.89,276.54,1,2588,300/216
1520530385.202869,1,300,223,34.63,25.79,0,2588,300/223
1520530385.252705,1,292,212,31.64,24.28,0,2588,292/212
1520530385.302707,1,300,209,31.17,312.58,1,2571,300/209
1520530385.352709,1,300,203,30.81,20.96,0,2571,300/203
1520530385.402710,1,300,218,30.43,24.91,0,2571,300/218
1520530385.452712,1,300,216,29.93,309.74,1,2580,300/216
1520530385.502713,1,269,194,29.43,36.19,0,2580,269/194
1520530385.552715,1,285,196,29.16,31.54,0,2580,285/196
1520530385.602716,1,256,170,28.92,325.21,1,2587,256/170
1520530385.652486,1,180,141,24.88,26.87,0,2587,180/141
1520530385.702487,1,300,183,24.67,32.82,0,2587,300/183
1520530385.752490,1,300,181,24.38,301.07,1,2601,300/181
1520530385.802491,1,300,171,24.28,50.62,0,2601,300/171
1520530385.852493,1,300,164,24.05,40.20,0,2601,300/164
1520530385.902494,1,300,180,23.72,194.55,1,2643,300/180
1520530385.952496,1,300,176,23.60,43.58,0,2643,300/176
1520530386.002497,1,300,187,23.49,33.69,0,2643,300/187
1520530386.052544,1,300,173,24.00,291.02,1,2669,300/173
1520530386.102546,1,177,131,23.95,206.64,1,2612,177/131
1520530386.152547,1,300,183,23.93,23.16,0,2612,300/183
1520530386.202549,1,300,187,23.90,35.56,0,2612,300/187
1520530386.252550,1,300,190,23.92,281.52,1,2735,300/190
1520530386.302552,1,300,187,23.92,42.03,0,2735,300/187
1520530386.352553,1,300,177,24.02,28.26,0,2735,300/177
1520530386.402554,1,300,175,24.00,284.24,1,2766,300/175
1520530386.452758,1,300,179,27.27,33.23,0,2766,300/179
1520530386.502760,1,300,181,27.40,28.76,0,2766,300/181
1520530386.552761,1,300,188,27.49,233.96,1,2785,300/188
1520530386.602814,1,300,185,27.69,37.29,0,2785,300/185
1520530386.652764,1,300,187,27.82,39.90,0,2785,300/187
1520530386.702766,1,300,185,27.86,274.09,1,2830,300/185
1520530386.752767,1,300,178,28.07,31.89,0,2830,300/178
1520530386.802769,1,300,161,28.22,38.44,0,2830,300/161
1520530386.852674,1,300,166,26.79,303.19,1,2852,300/166
1520530386.902676,1,300,145,27.05,44.39,0,2852,300/145
1520530386.952678,1,300,154,27.27,38.95,0,2852,300/154
1520530387.002679,1,300,142,27.65,331.95,1,2840,300/142
1520530387.052681,1,300,140,27.84,34.30,0,2840,300/140
1520530387.102682,1,300,132,28.23,33.29,0,2840,300/132
1520530387.152684,1,300,137,28.54,254.19,1,2838,300/137
1520530387.202685,1,300,137,28.79,37.26,0,2838,300/137
1520530387.252606,1,300,139,27.67,37.54,0,2838,300/139
1520530387.302607,1,300,133,27.84,230.48,1,2851,300/133
1520530387.352609,1,300,126,27.88,56.16,0,2851,300/126
1520530387.402611,1,300,116,27.88,71.44,0,2851,300/116
1520530387.452612,1,143,72,27.87,376.19,1,2823,143/72
1520530387.502614,1,300,100,27.72,33.91,0,2823,300/100
1520530387.552615,1,300,103,27.71,58.48,0,2823,300/103
1520530387.602617,1,300,109,27.49,245.09,1,2780,300/109
1520530387.652619,1,300,117,27.24,45.65,0,2780,300/117
1520530387.702457,1,300,113,24.11,38.69,0,2780,300/113
1520530387.752459,1,300,124,23.70,261.14,1,2746,300/124
1520530387.802460,1,124,77,23.20,411.37,1,2670,124/77
1520530387.852464,1,110,69,22.80,27.64,0,2670,110/69
1520530387.902463,1,300,106,22.30,20.20,0,2670,300/106
1520530387.952464,1,120,66,21.73,323.21,1,2707,120/66
1520530388.002467,1,300,119,21.13,23.15,0,2707,300/119
1520530388.052467,1,300,134,20.49,78.95,0,2707,300/134
1520530388.102494,1,300,141,20.44,209.49,1,2717,300/141
1520530388.152496,1,300,121,20.25,38.58,0,2717,300/121
1520530388.202544,1,143,79,19.95,311.26,1,2660,143/79
1520530388.252499,1,132,76,19.76,18.31,0,2660,132/76
1520530388.302501,1,180,90,19.58,21.09,0,2660,180/90
1520530388.352502,1,300,117,19.46,193.38,1,2639,300/117
1520530388.402504,1,219,109,19.42,48.06,0,2639,219/109
1520530388.452505,1,300,139,19.15,22.38,0,2639,300/139
1520530388.502852,1,300,147,23.33,273.16,1,2629,300/147
1520530388.552854,1,300,146,23.16,33.75,0,2629,300/146
1520530388.602855,1,300,153,23.05,50.06,0,2629,300/153
1520530388.652857,1,300,157,23.05,217.40,1,2601,300/157
1520530388.702858,1,300,152,23.15,22.43,0,2601,300/152
1520530388.752860,1,300,149,23.17,25.23,0,2601,300/149
1520530388.802861,1,300,141,23.10,226.83,1,2574,300/141
1520530388.852863,1,300,137,23.15,40.84,0,2574,300/137
1520530388.902233,1,300,135,15.35,32.13,0,2574,300/135
1520530388.952235,1,300,135,15.34,355.77,1,2582,300/135
1520530389.002237,1,300,129,15.11,43.68,0,2582,300/129
1520530389.052238,1,289,119,14.97,41.03,0,2582,289/119
1520530389.102240,1,300,119,15.00,273.49,1,2545,300/119
1520530389.152242,1,300,124,14.85,24.47,0,2545,300/124
1520530389.202243,1,300,116,14.87,33.70,0,2545,300/116
1520530389.252245,1,300,116,14.85,171.98,1,2508,300/116
1520530389.302934,1,296,123,23.21,32.15,0,2508,296/123
1520530389.352936,1,300,116,22.84,34.59,0,2508,300/116
1520530389.402938,1,289,116,22.41,261.36,1,2474,289/116
1520530389.452939,1,300,115,21.90,29.60,0,2474,300/115
1520530389.502940,1,290,124,21.28,47.92,0,2474,290/124
1520530389.552942,1,300,124,20.77,234.41,1,2451,300/124
1520530389.602943,1,300,135,20.49,42.61,0,2451,300/135
1520530389.652948,1,300,135,20.47,38.42,0,2451,300/135
1520530389.702847,1,253,122,19.75,190.42,1,2431,253/122
1520530389.753403,1,300,126,25.87,38.96,0,2431,300/126
1520530389.803445,1,300,125,26.36,34.13,0,2431,300/125
1520530389.853406,1,300,111,27.22,228.29,1,2415,300/111
1520530389.903408,1,300,138,28.23,32.46,0,2415,300/138
1520530389.953409,1,300,148,29.06,27.00,0,2415,300/148
1520530390.003411,1,300,147,29.99,177.54,1,2405,300/147
1520530390.053412,1,300,155,30.72,30.40,0,2405,300/155
1520530390.103414,1,300,169,31.36,26.80,0,2405,300/169
1520530390.152569,1,172,116,20.17,251.17,1,2341,172/116
1520530390.202569,1,300,142,20.20,24.95,0,2341,300/142
1520530390.252571,1,300,133,20.02,34.44,0,2341,300/133
1520530390.302572,1,300,141,19.76,257.98,1,2274,300/141
1520530390.352574,1,300,143,19.50,44.62,0,2274,300/143
1520530390.402575,1,148,104,19.28,244.61,1,2179,148/104
1520530390.452578,1,300,152,19.06,22.10,0,2179,300/152
1520530390.502578,1,300,155,18.92,47.38,0,2179,300/155
1520530390.553324,1,300,165,28.77,203.65,1,2181,300/165
1520530390.603326,1,300,167,28.68,43.96,0,2181,300/167
1520530390.653327,1,300,185,28.64,32.49,0,2181,300/185
1520530390.703329,1,300,187,28.78,150.39,1,2187,300/187
1520530390.753331,1,300,196,28.76,33.89,0,2187,300/196
1520530390.803333,1,203,169,28.54,26.63,0,2187,203/169
1520530390.853334,1,213,178,28.22,231.28,1,2162,213/178
1520530390.903336,1,211,171,27.74,15.57,0,2162,211/171
1520530390.953379,1,300,229,28.04,21.20,0,2162,300/229
1520530391.003381,1,300,228,27.58,172.85,1,2159,300/228
1520530391.053383,1,300,227,27.42,29.79,0,2159,300/227
1520530391.103384,1,300,231,27.21,19.38,0,2159,300/231
1520530391.153385,1,300,223,27.15,225.79,1,2164,300/223
1520530391.203387,1,300,224,27.01,20.85,0,2164,300/224
1520530391.253388,1,300,227,26.96,20.29,0,2164,300/227
1520530391.303389,1,300,227,26.82,209.15,1,2176,300/227
1520530391.352333,1,300,213,15.01,26.74,0,2176,300/213
1520530391.402366,1,208,160,14.89,26.60,0,2176,208/160
1520530391.452336,1,300,206,14.89,229.24,1,2224,300/206
1520530391.502338,1,300,217,14.68,26.37,0,2224,300/217
1520530391.552339,1,220,177,14.60,21.16,0,2224,220/177
1520530391.602341,1,209,176,14.45,182.73,1,2311,209/176
1520530391.652342,1,254,200,14.32,16.45,0,2311,254/200
1520530391.702344,1,263,204,14.17,21.67,0,2311,263/204
1520530391.752424,1,300,224,14.85,177.36,1,2384,300/224
1520530391.802426,1,300,225,14.74,23.56,0,2384,300/225
1520530391.852427,1,300,223,14.67,19.32,0,2384,300/223
1520530391.902428,1,278,216,14.49,259.66,1,2389,278/216
1520530391.952430,1,300,218,14.44,25.01,0,2389,300/218
1520530392.002431,1,300,225,14.47,24.10,0,2389,300/225
1520530392.052433,1,300,225,14.58,209.35,1,2395,300/225
1520530392.102435,1,288,222,14.71,25.85,0,2395,288/222
1520530392.152436,1,300,229,14.83,22.63,0,2395,300/229
1520530392.203142,1,300,226,22.37,221.58,1,2496,300/226
1520530392.253143,1,300,230,22.59,22.08,0,2496,300/230
1520530392.303145,1,300,222,22.91,26.74,0,2496,300/222
1520530392.353147,1,300,226,23.17,184.95,1,2483,300/226
1520530392.403147,1,300,232,23.30,26.05,0,2483,300/232
1520530392.453150,1,300,212,23.38,26.85,0,2483,300/212
1520530392.503151,1,300,212,23.45,264.12,1,2498,300/212
1520530392.553153,1,300,212,23.57,30.84,0,2498,300/212
1520530392.602235,1,272,167,13.67,46.41,0,2498,272/167
1520530392.652236,1,300,161,13.57,219.12,1,2501,300/161
1520530392.702237,1,246,145,13.64,48.68,0,2501,246/145
1520530392.752239,1,300,176,13.60,58.42,0,2501,300/176
1520530392.802241,1,297,186,13.55,372.20,1,2643,297/186
1520530392.852242,1,280,202,13.47,57.90,0,2643,280/202
1520530392.902243,1,251,186,13.34,36.18,0,2643,251/186
1520530392.952245,1,253,189,13.16,259.85,1,2683,253/189
1520530393.002174,1,256,198,11.97,21.79,0,2683,256/198
1520530393.052154,1,248,185,11.64,23.93,0,2683,248/185
1520530393.102155,1,300,219,11.47,265.51,1,2674,300/219
1520530393.152157,1,300,228,11.31,23.65,0,2674,300/228
1520530393.202159,1,264,207,10.99,31.67,0,2674,264/207
1520530393.252160,1,300,233,10.72,266.05,1,2799,300/233
1520530393.302162,1,300,229,10.64,24.54,0,2799,300/229
1520530393.352164,1,280,220,10.47,20.40,0,2799,280/220
1520530393.402921,1,300,246,17.82,228.82,1,2858,300/246
1520530393.452923,1,300,248,17.77,19.14,0,2858,300/248
1520530393.502924,1,300,243,18.00,22.49,0,2858,300/243
1520530393.552926,1,300,244,18.29,200.83,1,2902,300/244
1520530393.602927,1,300,243,18.87,19.99,0,2902,300/243
1520530393.652929,1,300,228,19.43,19.27,0,2902,300/228
1520530393.702931,1,300,222,19.94,219.07,1,2953,300/222
1520530393.752932,1,300,226,20.05,39.40,0,2953,300/226
1520530393.802958,1,300,226,20.31,22.47,0,2953,300/226
1520530393.852959,1,300,237,20.18,249.57,1,2914,300/237
1520530393.902961,1,300,231,20.22,18.85,0,2914,300/231
1520530393.952963,1,300,215,20.10,19.59,0,2914,300/215
1520530394.002964,1,300,224,20.05,285.33,1,2988,300/224
1520530394.052965,1,300,231,20.02,19.44,0,2988,300/231
1520530394.102968,1,300,224,19.88,25.70,0,2988,300/224
1520530394.152969,1,300,230,19.69,285.30,1,2983,300/230
1520530394.202165,1,300,226,11.30,23.54,0,2983,300/226
1520530394.252167,1,300,227,11.04,25.21,0,2983,300/227
1520530394.302169,1,300,237,10.81,305.16,1,2986,300/237
1520530394.352170,1,300,229,10.62,22.66,0,2986,300/229
1520530394.402172,1,238,205,10.46,18.21,0,2986,238/205
1520530394.452173,1,300,228,10.34,263.53,1,3081,300/228
1520530394.502175,1,225,201,10.32,20.83,0,3081,225/201
1520530394.552176,1,210,184,10.40,24.14,0,3081,210/184
1520530394.602189,1,201,175,10.40,270.98,1,3028,201/175
1520530394.652877,1,266,210,18.50,21.55,0,3028,266/210
1520530394.702878,1,300,238,18.94,16.92,0,3028,300/238
1520530394.752879,1,300,235,19.36,292.88,1,3020,300/235
1520530394.802881,1,300,238,19.82,21.99,0,3020,300/238
1520530394.852882,1,262,229,20.16,23.01,0,3020,262/229
1520530394.902885,1,300,244,20.75,297.92,1,3020,300/244
1520530394.952885,1,300,234,21.17,26.00,0,3020,300/234
1520530395.002887,1,300,238,21.27,21.70,0,3020,300/238
1520530395.053731,1,300,233,32.20,316.49,1,3045,300/233
1520530395.103732,1,300,233,32.52,33.33,0,3045,300/233
1520530395.153734,1,300,222,32.93,30.46,0,3045,300/222
1520530395.203735,1,300,225,33.67,283.29,1,3013,300/225
1520530395.253737,1,300,214,34.48,18.60,0,3013,300/214
1520530395.303738,1,300,214,35.49,24.63,0,3013,300/214
1520530395.353740,1,300,209,36.34,315.72,1,3007,300/209
1520530395.403742,1,300,210,37.16,28.34,0,3007,300/210
1520530395.452705,1,300,213,22.31,27.16,0,3007,300/213
1520530395.502707,1,300,225,22.74,283.16,1,3020,300/225
1520530395.552709,1,300,218,22.99,20.63,0,3020,300/218
1520530395.602710,1,300,225,23.10,22.92,0,3020,300/225
1520530395.652712,1,300,226,23.22,262.57,1,2973,300/226
1520530395.702713,1,300,231,23.19,20.27,0,2973,300/231
1520530395.752715,1,300,225,22.97,17.35,0,2973,300/225
1520530395.802716,1,300,228,22.80,360.32,1,2951,300/228
1520530395.853078,1,300,230,28.30,21.81,0,2951,300/230
1520530395.903079,1,300,233,28.03,20.17,0,2951,300/233
1520530395.953081,1,300,234,27.48,321.14,1,2908,300/234
1520530396.003083,1,300,231,27.02,20.49,0,2908,300/231
1520530396.053084,1,300,236,26.53,17.64,0,2908,300/236
1520530396.103085,1,300,252,25.99,253.99,1,2906,300/252
1520530396.153087,1,266,230,25.40,22.71,0,2906,266/230
1520530396.203089,1,300,235,25.02,24.71,0,2906,300/235
1520530396.253235,1,300,229,26.74,257.51,1,2871,300/229
1520530396.303237,1,300,225,26.45,23.62,0,2871,300/225
1520530396.353238,1,285,223,26.15,18.26,0,2871,285/223
1520530396.403240,1,300,206,25.98,321.99,1,2806,300/206
1520530396.453241,1,233,175,25.91,19.26,0,2806,233/175
1520530396.503243,1,300,198,25.75,16.85,0,2806,300/198
1520530396.553244,1,300,174,25.67,342.63,1,2760,300/174
1520530396.603246,1,300,168,25.61,30.23,0,2760,300/168
1520530396.653248,1,300,157,25.57,23.29,0,2760,300/157
1520530396.703145,1,300,159,24.16,235.14,1,2728,300/159
1520530396.753147,1,210,118,24.12,23.87,0,2728,210/118
1520530396.803148,1,300,139,24.02,18.84,0,2728,300/139
1520530396.853149,1,300,150,23.94,351.04,1,2686,300/150
1520530396.903152,1,300,148,23.75,41.33,0,2686,300/148
1520530396.953152,1,300,132,23.63,27.71,0,2686,300/132
1520530397.003155,1,300,126,23.42,206.67,1,2611,300/126
1520530397.053156,1,218,108,23.23,28.60,0,2611,218/108
1520530397.102782,1,300,125,18.68,19.94,0,2611,300/125
1520530397.152784,1,194,94,18.51,233.82,1,2510,194/94
1520530397.202785,1,300,121,18.54,18.11,0,2510,300/121
1520530397.252787,1,300,150,18.53,29.52,0,2510,300/150
1520530397.302788,1,300,165,18.52,309.21,1,2461,300/165
1520530397.352790,1,300,161,18.50,22.62,0,2461,300/161
1520530397.402791,1,300,183,18.54,23.40,0,2461,300/183
1520530397.452793,1,300,179,18.60,298.40,1,2407,300/179
1520530397.502304,1,177,140,12.93,211.38,1,2330,177/140
1520530397.552306,1,300,180,12.83,16.46,0,2330,300/180
1520530397.602308,1,194,150,12.91,25.23,0,2330,194/150
1520530397.652309,1,286,191,13.00,209.48,1,2440,286/191
1520530397.702310,1,300,195,13.22,29.10,0,2440,300/195
1520530397.752312,1,292,183,13.27,33.96,0,2440,292/183
1520530397.802315,1,300,198,13.61,207.94,1,2451,300/198
1520530397.852315,1,300,182,13.69,36.08,0,2451,300/182
1520530397.902585,1,300,188,17.45,30.61,0,2451,300/188
1520530397.952586,1,300,183,17.53,274.36,1,2450,300/183
1520530398.002588,1,300,175,17.61,25.53,0,2450,300/175
1520530398.052589,1,300,163,17.78,25.60,0,2450,300/163
1520530398.102591,1,168,120,17.90,289.81,1,2369,168/120
1520530398.152592,1,170,122,18.09,19.08,0,2369,170/122
1520530398.202594,1,164,125,18.28,18.21,0,2369,164/125
1520530398.252596,1,300,208,18.58,234.65,1,2439,300/208
1520530398.303365,1,300,215,31.27,25.73,0,2439,300/215
1520530398.353367,1,300,212,31.94,21.10,0,2439,300/212
1520530398.403368,1,246,190,32.49,262.55,1,2461,246/190
1520530398.453370,1,300,231,32.86,21.44,0,2461,300/231
1520530398.503371,1,272,229,32.89,28.87,0,2461,272/229
1520530398.553373,1,300,227,32.65,190.04,1,2434,300/227
1520530398.603375,1,300,232,32.22,26.42,0,2434,300/232
1520530398.653376,1,300,221,31.65,23.14,0,2434,300/221
1520530398.703221,1,300,220,28.56,232.64,1,2468,300/220
1520530398.753223,1,300,204,27.98,36.23,0,2468,300/204
1520530398.803225,1,300,204,27.41,20.44,0,2468,300/204
1520530398.853226,1,300,212,27.07,192.07,1,2517,300/212
1520530398.903227,1,300,206,26.60,25.09,0,2517,300/206
1520530398.953229,1,300,198,26.20,23.97,0,2517,300/198
1520530399.003230,1,300,200,25.73,228.57,1,2531,300/200
1520530399.053232,1,201,160,25.38,33.26,0,2531,201/160
1520530399.103233,1,197,157,24.89,17.20,0,2531,197/157
1520530399.152330,1,160,133,12.95,218.89,1,2502,160/133
1520530399.202332,1,300,204,12.67,26.35,0,2502,300/204
1520530399.252333,1,230,171,12.22,30.99,0,2502,230/171
1520530399.302335,1,233,181,12.10,231.53,1,2524,233/181
1520530399.352336,1,156,125,12.01,23.19,0,2524,156/125
1520530399.402342,1,283,154,11.86,17.48,0,2524,283/154
1520530399.452339,1,174,119,11.87,195.99,1,2503,174/119
1520530399.502341,1,176,117,11.93,14.43,0,2503,176/117
1520530399.553006,1,167,116,20.52,18.02,0,2503,167/116
1520530399.603008,1,179,107,20.76,210.31,1,2449,179/107
1520530399.653009,1,179,101,21.16,42.11,0,2449,179/101
1520530399.703011,1,300,126,21.46,21.99,0,2449,300/126
1520530399.753012,1,300,128,21.72,186.22,1,2425,300/128
1520530399.803014,1,300,133,21.81,43.38,0,2425,300/133
1520530399.853016,1,300,121,21.92,30.10,0,2425,300/121
1520530399.903017,1,300,127,22.01,266.89,1,2412,300/127
1520530399.953275,1,300,128,25.00,42.42,0,2412,300/128
1520530400.003276,1,300,128,24.52,33.57,0,2412,300/128
1520530400.053278,1,300,136,23.90,260.84,1,2432,300/136
1520530400.103279,1,300,139,23.29,34.93,0,2432,300/139
1520530400.153281,1,261,144,22.72,76.19,0,2432,261/144
1520530400.203283,1,300,151,22.28,251.72,1,2465,300/151
1520530400.253284,1,300,154,22.01,34.30,0,2465,300/154
1520530400.303286,1,300,177,21.63,56.73,0,2465,300/177
1520530400.352494,1,158,107,13.36,210.31,1,2435,158/107
1520530400.402496,1,300,157,13.42,21.08,0,2435,300/157
1520530400.452498,1,172,123,13.41,30.18,0,2435,172/123
1520530400.502500,1,164,113,13.40,215.13,1,2425,164/113
1520530400.552501,1,154,116,13.26,18.26,0,2425,154/116
1520530400.602502,1,300,189,13.26,19.13,0,2425,300/189
1520530400.652504,1,300,210,13.09,236.55,1,2493,300/210
1520530400.702505,1,300,222,13.07,51.28,0,2493,300/222
1520530400.752291,1,300,214,10.76,31.56,0,2493,300/214
1520530400.802292,1,265,195,10.70,252.98,1,2548,265/195
1520530400.852294,1,225,174,10.54,24.57,0,2548,225/174
1520530400.902295,1,300,218,10.43,21.28,0,2548,300/218
1520530400.952297,1,300,220,10.36,206.52,1,2609,300/220
1520530401.002299,1,224,176,10.29,26.55,0,2609,224/176
1520530401.052300,1,201,157,10.32,23.28,0,2609,201/157
1520530401.102302,1,300,213,10.03,216.83,1,2660,300/213
1520530401.152303,1,165,123,10.04,315.40,1,2628,165/123
1520530401.202755,1,184,152,14.96,29.14,0,2628,184/152
1520530401.252756,1,209,151,15.18,21.92,0,2628,209/151
1520530401.302758,1,300,212,15.36,277.86,1,2787,300/212
1520530401.352759,1,300,222,15.97,38.33,0,2787,300/222
1520530401.402761,1,277,190,16.49,42.50,0,2787,277/190
1520530401.452763,1,178,136,17.05,239.16,1,2834,178/136
1520530401.502764,1,204,144,17.53,20.86,0,2834,204/144
1520530401.552766,1,169,127,18.11,17.29,0,2834,169/127
1520530401.603037,1,300,211,22.19,202.36,1,2903,300/211
1520530401.653039,1,300,212,22.85,30.31,0,2903,300/212
1520530401.703041,1,300,203,23.38,20.85,0,2903,300/203
1520530401.753042,1,202,162,23.96,182.56,1,2883,202/162
1520530401.803044,1,300,217,24.49,22.22,0,2883,300/217
1520530401.853045,1,300,218,25.02,24.45,0,2883,300/218
1520530401.903047,1,300,204,25.56,202.18,1,2870,300/204
1520530401.953048,1,300,213,25.85,22.04,0,2870,300/213
1520530402.002281,1,282,179,13.76,26.09,0,2870,282/179
1520530402.052283,1,300,190,13.72,263.32,1,2887,300/190
1520530402.102285,1,159,136,13.59,214.79,1,2802,159/136
1520530402.152286,1,151,123,13.38,15.60,0,2802,151/123
1520530402.202287,1,164,124,13.13,17.23,0,2802,164/124
1520530402.252289,1,123,99,13.04,229.87,1,2828,123/99
1520530402.302290,1,140,103,12.72,18.98,0,2828,140/103
1520530402.352292,1,110,82,12.62,15.60,0,2828,110/82
1520530402.402567,1,203,116,16.90,219.86,1,2854,203/116
1520530402.452569,1,181,90,16.84,42.21,0,2854,181/90
1520530402.502570,1,120,62,16.80,267.74,1,2756,120/62
1520530402.552572,1,300,111,16.93,30.72,0,2756,300/111
1520530402.602574,1,137,75,17.02,108.59,0,2756,137/75
1520530402.652672,1,115,59,17.30,219.14,1,2695,115/59
1520530402.702577,1,112,66,17.33,40.60,0,2695,112/66
1520530402.752578,1,170,88,17.37,23.09,0,2695,170/88
1520530402.803416,1,274,130,30.80,241.22,1,2706,274/130
1520530402.853417,1,300,131,30.07,53.06,0,2706,300/131
1520530402.903419,1,300,129,29.02,60.36,0,2706,300/129
1520530402.953420,1,300,136,27.80,224.18,1,2660,300/136
1520530403.003422,1,300,149,26.72,42.43,0,2660,300/149
1520530403.053424,1,300,153,25.74,44.00,0,2660,300/153
1520530403.103425,1,300,157,25.03,201.22,1,2644,300/157
1520530403.153427,1,300,161,24.55,87.75,0,2644,300/161
1520530403.202933,1,193,119,18.88,45.93,0,2644,193/119
1520530403.252935,1,171,110,19.19,177.19,1,2601,171/110
1520530403.302936,1,209,116,19.68,30.17,0,2601,209/116
1520530403.352938,1,180,108,20.14,24.86,0,2601,180/108
1520530403.402940,1,209,122,20.58,224.63,1,2592,209/122
1520530403.452941,1,300,152,21.11,41.02,0,2592,300/152
1520530403.502943,1,300,162,21.56,38.82,0,2592,300/162
1520530403.552945,1,300,171,22.09,282.14,1,2568,300/171
1520530403.602946,1,286,153,22.45,37.37,0,2568,286/153
1520530403.652254,1,158,88,12.15,260.62,1,2562,158/88
1520530403.702256,1,137,98,12.11,26.10,0,2562,137/98
1520530403.752257,1,149,111,11.98,21.15,0,2562,149/111
1520530403.802258,1,143,99,11.88,237.12,1,2581,143/99
1520530403.852261,1,180,122,11.78,23.08,0,2581,180/122
1520530403.902261,1,110,77,11.49,21.48,0,2581,110/77
1520530403.952263,1,88,69,11.38,253.49,1,2529,88/69
1520530404.002264,1,83,62,11.28,13.45,0,2529,83/62
1520530404.052744,1,100,86,19.14,12.78,0,2529,100/86
1520530404.102747,1,98,77,19.09,184.05,1,2494,98/77
1520530404.152748,1,149,104,19.13,14.47,0,2494,149/104
1520530404.202749,1,139,110,19.07,21.71,0,2494,139/110
1520530404.252828,1,165,123,19.23,172.71,1,2476,165/123
1520530404.302752,1,300,183,19.42,23.18,0,2476,300/183
1520530404.352753,1,240,177,19.81,48.39,0,2476,240/177
1520530404.402755,1,167,140,20.10,163.40,1,2447,167/140
1520530404.453112,1,300,211,26.54,18.71,0,2447,300/211
1520530404.503114,1,300,211,26.64,23.77,0,2447,300/211
1520530404.553115,1,300,224,26.74,213.69,1,2504,300/224
1520530404.603117,1,300,226,26.73,30.89,0,2504,300/226
1520530404.653119,1,300,239,26.63,24.08,0,2504,300/239
1520530404.703120,1,300,226,26.57,358.62,1,2526,300/226
1520530404.753122,1,300,229,26.52,34.64,0,2526,300/229
1520530404.803123,1,300,230,26.44,42.07,0,2526,300/230
1520530404.852642,1,300,208,18.61,272.71,1,2501,300/208
1520530404.902643,1,281,197,18.59,34.62,0,2501,281/197
1520530404.952645,1,300,199,18.80,33.10,0,2501,300/199
1520530405.002647,1,300,211,18.90,252.35,1,2479,300/211
1520530405.052648,1,300,203,19.02,47.89,0,2479,300/203
1520530405.102650,1,194,155,19.16,45.59,0,2479,194/155
1520530405.152651,1,300,186,19.29,203.71,1,2450,300/186
1520530405.202653,1,260,183,19.33,42.74,0,2450,260/183
1520530405.252327,1,121,96,13.51,160.18,1,2327,121/96
1520530405.302330,1,124,101,13.34,17.25,0,2327,124/101
1520530405.352331,1,137,94,13.32,23.50,0,2327,137/94
1520530405.402333,1,116,76,13.18,196.98,1,2354,116/76
1520530405.452334,1,109,69,13.11,19.08,0,2354,109/69
1520530405.502335,1,94,48,13.08,31.93,0,2354,94/48
1520530405.552337,1,84,36,12.76,215.07,1,2214,84/36
1520530405.602339,1,74,38,12.49,25.50,0,2214,74/38
1520530405.652792,1,300,98,20.39,43.12,0,2214,300/98
1520530405.702792,1,94,51,19.79,332.20,1,2174,94/51
1520530405.752795,1,73,42,19.23,28.81,0,2174,73/42
1520530405.802797,1,67,42,18.82,17.77,0,2174,67/42
1520530405.852855,1,173,69,18.38,186.10,1,2063,173/69
1520530405.902800,1,188,87,18.05,35.27,0,2063,188/87
1520530405.952801,1,300,127,17.85,43.39,0,2063,300/127
1520530406.002802,1,147,80,17.69,291.26,1,2033,147/80
1520530406.052804,1,90,63,17.68,53.74,0,2033,90/63
1520530406.103570,1,300,143,29.19,25.65,0,2033,300/143
1520530406.153571,1,290,155,29.07,334.43,1,2066,290/155
1520530406.203573,1,300,154,29.05,64.16,0,2066,300/154
1520530406.253574,1,300,160,29.16,42.57,0,2066,300/160
1520530406.303576,1,300,161,29.37,212.53,1,2026,300/161
1520530406.353577,1,253,144,29.65,42.00,0,2026,253/144
1520530406.403578,1,243,147,29.92,34.68,0,2026,243/147
1520530406.453581,1,288,153,30.32,192.42,1,2093,288/153
1520530406.503485,1,300,172,29.50,31.59,0,2093,300/172
1520530406.553487,1,266,154,30.32,33.97,0,2093,266/154
1520530406.603489,1,300,155,31.21,198.71,1,2115,300/155
1520530406.653490,1,300,166,32.31,46.85,0,2115,300/166
1520530406.703492,1,300,144,33.24,64.86,0,2115,300/144
1520530406.753493,1,272,141,34.14,203.85,1,2158,272/141
1520530406.803495,1,300,136,34.87,73.14,0,2158,300/136
1520530406.853497,1,139,78,35.33,276.02,1,2155,139/78
1520530406.902692,1,103,60,20.09,23.32,0,2155,103/60
1520530406.952693,1,96,55,19.99,15.10,0,2155,96/55
1520530407.002694,1,70,44,20.01,203.09,1,2061,70/44
1520530407.052696,1,300,79,19.95,25.88,0,2061,300/79
1520530407.102698,1,74,32,19.81,148.56,0,2061,74/32
1520530407.152699,1,120,33,19.47,230.06,1,1999,120/33
1520530407.202701,1,142,45,19.21,67.49,0,1999,142/45
1520530407.252702,1,300,117,18.63,67.18,0,1999,300/117
1520530407.303185,1,96,65,26.88,171.80,1,1962,96/65
1520530407.353185,1,300,135,26.02,20.15,0,1962,300/135
1520530407.403187,1,300,150,25.25,38.02,0,1962,300/150
1520530407.453221,1,94,76,24.71,233.73,1,1939,94/76
1520530407.503190,1,118,92,24.12,16.62,0,1939,118/92
1520530407.553191,1,119,101,23.82,13.56,0,1939,119/101
1520530407.603193,1,131,113,23.49,206.93,1,1935,131/113
1520530407.653194,1,145,129,23.33,15.81,0,1935,145/129
1520530407.703510,1,170,144,28.01,14.77,0,1935,170/144
1520530407.753511,1,190,151,27.94,163.46,1,1914,190/151
1520530407.803513,1,300,213,27.74,29.88,0,1914,300/213
1520530407.853514,1,300,198,27.48,36.04,0,1914,300/198
1520530407.903516,1,300,196,27.23,221.77,1,2001,300/196
1520530407.953518,1,300,206,26.85,22.45,0,2001,300/206
1520530408.003519,1,276,206,26.27,21.85,0,2001,276/206
1520530408.053521,1,300,217,25.63,195.88,1,2076,300/217
1520530408.103522,1,248,185,25.03,22.26,0,2076,248/185
1520530408.153603,1,260,193,25.46,22.61,0,2076,260/193
1520530408.203605,1,300,206,24.89,206.50,1,2148,300/206
1520530408.253606,1,231,192,24.43,27.95,0,2148,231/192
1520530408.303608,1,300,227,24.01,18.35,0,2148,300/227
1520530408.353609,1,300,233,23.64,151.94,1,2212,300/233
1520530408.403612,1,300,241,23.34,21.08,0,2212,300/241
1520530408.453613,1,255,223,23.09,24.61,0,2212,255/223
1520530408.503614,1,263,232,22.80,161.70,1,2239,263/232
1520530408.553374,1,300,250,19.96,20.48,0,2239,300/250
1520530408.603376,1,300,242,19.81,23.32,0,2239,300/242
1520530408.653377,1,233,209,19.71,193.47,1,2247,233/209
1520530408.703379,1,300,244,19.69,26.35,0,2247,300/244
1520530408.753380,1,300,241,19.65,23.18,0,2247,300/241
1520530408.803382,1,300,250,19.76,183.19,1,2232,300/250
1520530408.853383,1,300,242,19.74,20.58,0,2232,300/242
1520530408.903385,1,300,238,19.70,17.83,0,2232,300/238
1520530408.952878,1,300,232,14.31,187.18,1,2258,300/232
1520530409.002880,1,265,211,14.32,31.04,0,2258,265/211
1520530409.052890,1,300,235,14.31,28.31,0,2258,300/235
1520530409.102883,1,300,208,14.31,203.05,1,2245,300/208
1520530409.152884,1,300,207,14.42,34.60,0,2245,300/207
1520530409.202886,1,300,193,14.61,41.06,0,2245,300/193
1520530409.252887,1,300,186,14.64,273.92,1,2248,300/186
1520530409.302889,1,252,175,14.94,27.44,0,2248,252/175
1520530409.352902,1,300,182,15.32,23.32,0,2248,300/182
1520530409.402904,1,160,122,15.46,237.00,1,2176,160/122
1520530409.452906,1,134,108,15.61,17.28,0,2176,134/108
1520530409.502907,1,128,104,15.90,18.90,0,2176,128/104
1520530409.552909,1,168,130,16.19,161.39,1,2216,168/130
1520530409.602910,1,300,211,16.58,21.16,0,2216,300/211
1520530409.652912,1,214,169,17.02,32.85,0,2216,214/169
1520530409.702913,1,300,204,17.45,185.34,1,2338,300/204
1520530409.752654,1,300,209,14.06,26.12,0,2338,300/209
1520530409.802656,1,300,211,14.39,30.94,0,2338,300/211
1520530409.852657,1,300,198,14.54,224.29,1,2404,300/198
1520530409.902659,1,300,202,14.54,29.31,0,2404,300/202
1520530409.952660,1,300,187,14.24,34.03,0,2404,300/187
1520530410.002662,1,202,157,14.12,214.76,1,2467,202/157
1520530410.052664,1,181,146,14.08,21.64,0,2467,181/146
1520530410.102666,1,248,174,14.05,18.00,0,2467,248/174
1520530410.153222,1,300,173,22.62,184.31,1,2501,300/173
1520530410.203225,1,250,173,22.47,28.13,0,2501,250/173
1520530410.253226,1,300,191,22.35,23.08,0,2501,300/191
1520530410.303227,1,296,183,22.17,241.45,1,2536,296/183
1520530410.353231,1,162,141,21.98,184.40,1,2431,162/141
1520530410.403230,1,162,131,21.95,18.45,0,2431,162/131
1520530410.453231,1,300,171,21.99,17.82,0,2431,300/171
1520530410.503232,1,300,172,22.10,243.96,1,2407,300/172
1520530410.553234,1,184,136,22.38,36.74,0,2407,184/136
1520530410.603875,1,300,186,32.50,22.45,0,2407,300/186
1520530410.653876,1,300,173,33.03,172.11,1,2399,300/173
1520530410.703878,1,300,178,33.57,24.40,0,2399,300/178
1520530410.753879,1,300,173,33.91,29.63,0,2399,300/173
1520530410.803881,1,281,179,34.21,207.10,1,2396,281/179
1520530410.853882,1,300,186,34.52,26.15,0,2396,300/186
1520530410.903884,1,300,185,34.89,27.15,0,2396,300/185
1520530410.953885,1,300,191,35.08,198.57,1,2408,300/191
1520530411.003418,1,300,182,27.63,30.92,0,2408,300/182
1520530411.053420,1,300,189,27.62,23.90,0,2408,300/189
1520530411.103421,1,300,188,27.52,209.79,1,2464,300/188
1520530411.153423,1,300,193,27.36,23.55,0,2464,300/193
1520530411.203424,1,300,201,27.16,24.25,0,2464,300/201
1520530411.253426,1,300,202,26.96,196.07,1,2529,300/202
1520530411.303427,1,300,204,26.66,22.92,0,2529,300/204
1520530411.353429,1,300,208,26.42,26.88,0,2529,300/208
1520530411.403009,1,300,204,19.70,176.52,1,2596,300/204
1520530411.453010,1,205,168,19.55,19.45,0,2596,205/168
1520530411.503012,1,300,203,19.45,19.17,0,2596,300/203
1520530411.553013,1,300,215,19.34,291.05,1,2631,300/215
1520530411.603015,1,230,189,19.30,23.51,0,2631,230/189
1520530411.653017,1,300,224,19.21,19.39,0,2631,300/224
1520530411.703018,1,204,175,18.97,230.00,1,2641,204/175
1520530411.753020,1,300,214,18.63,17.50,0,2641,300/214
1520530411.802906,1,200,159,16.69,19.93,0,2641,200/159
1520530411.852907,1,180,137,16.40,271.23,1,2632,180/137
1520530411.902908,1,157,122,16.19,24.61,0,2632,157/122
1520530411.952911,1,160,125,15.88,21.11,0,2632,160/125
1520530412.002912,1,300,180,15.43,309.98,1,2669,300/180
1520530412.052913,1,157,120,15.17,242.49,1,2548,157/120
1520530412.102915,1,300,181,15.12,18.96,0,2548,300/181
1520530412.152916,1,300,184,14.90,35.08,0,2548,300/184
1520530412.203416,1,172,145,21.66,262.44,1,2626,172/145
1520530412.253417,1,191,131,21.68,18.75,0,2626,191/131
1520530412.303419,1,216,145,21.58,15.74,0,2626,216/145
1520530412.353420,1,300,183,21.34,254.83,1,2592,300/183
1520530412.403422,1,189,152,21.14,27.69,0,2592,189/152
1520530412.453423,1,300,177,20.64,16.77,0,2592,300/177
1520530412.503425,1,300,197,20.08,240.62,1,2588,300/197
1520530412.553426,1,300,194,19.64,25.34,0,2588,300/194
1520530412.603428,1,300,219,19.26,36.65,0,2588,300/219
1520530412.653630,1,300,232,21.34,257.68,1,2589,300/232
1520530412.703631,1,300,223,21.28,36.65,0,2589,300/223
1520530412.753633,1,300,227,21.31,22.00,0,2589,300/227
1520530412.803634,1,300,214,21.42,249.77,1,2528,300/214
1520530412.853636,1,300,226,21.49,31.54,0,2528,300/226
1520530412.903637,1,229,184,21.44,30.63,0,2528,229/184
1520530412.953639,1,300,215,21.41,273.13,1,2548,300/215
1520530413.003641,1,206,172,21.40,20.88,0,2548,206/172
1520530413.053009,1,250,173,14.67,25.61,0,2548,250/173
1520530413.103011,1,300,214,14.89,204.24,1,2592,300/214
1520530413.153012,1,300,205,15.23,34.41,0,2592,300/205
1520530413.203014,1,173,138,15.56,271.83,1,2543,173/138
1520530413.253016,1,143,112,16.07,31.47,0,2543,143/112
1520530413.303017,1,300,204,16.42,20.73,0,2543,300/204
1520530413.353019,1,300,208,16.73,266.38,1,2689,300/208
1520530413.403021,1,300,215,17.11,34.39,0,2689,300/215
1520530413.452940,1,214,166,16.12,29.48,0,2689,214/166
1520530413.502941,1,233,175,16.53,305.85,1,2660,233/175
1520530413.552943,1,300,211,16.72,28.47,0,2660,300/211
1520530413.602944,1,201,160,16.79,39.19,0,2660,201/160
1520530413.652946,1,300,207,16.70,238.28,1,2731,300/207
1520530413.702947,1,230,178,16.45,26.02,0,2731,230/178
1520530413.752949,1,208,156,16.41,27.88,0,2731,208/156
1520530413.802951,1,204,157,16.50,262.00,1,2717,204/157
1520530413.853107,1,216,157,18.91,24.43,0,2717,216/157
1520530413.903189,1,300,214,18.87,20.33,0,2717,300/214
1520530413.953110,1,300,210,18.80,215.35,1,2687,300/210
1520530414.003112,1,300,214,18.66,30.83,0,2687,300/214
1520530414.053113,1,300,220,18.42,29.78,0,2687,300/220
1520530414.103115,1,300,213,18.37,263.12,1,2678,300/213
1520530414.153116,1,211,170,18.25,49.01,0,2678,211/170
1520530414.203118,1,300,202,18.08,37.26,0,2678,300/202
1520530414.252894,1,185,145,15.07,236.92,1,2673,185/145
1520530414.302895,1,300,201,14.95,17.59,0,2673,300/201
1520530414.352898,1,224,167,14.87,28.57,0,2673,224/167
1520530414.402899,1,300,193,14.74,251.89,1,2679,300/193
1520530414.452900,1,300,207,14.64,23.57,0,2679,300/207
1520530414.502902,1,224,181,14.31,25.12,0,2679,224/181
1520530414.552903,1,300,214,14.14,268.64,1,2657,300/214
1520530414.602905,1,300,213,13.95,23.55,0,2657,300/213
1520530414.652705,1,190,145,11.17,30.84,0,2657,190/145
1520530414.702707,1,188,143,11.07,276.83,1,2626,188/143
1520530414.752708,1,267,190,10.90,26.91,0,2626,267/190
1520530414.802710,1,237,173,10.89,42.56,0,2626,237/173
1520530414.852712,1,184,147,10.89,350.70,1,2606,184/147
1520530414.902714,1,253,179,10.92,25.96,0,2606,253/179
1520530414.952715,1,174,142,10.96,25.39,0,2606,174/142
1520530415.002717,1,214,159,10.95,305.64,1,2588,214/159
1520530415.052718,1,264,187,11.08,30.27,0,2588,264/187
1520530415.103195,1,300,171,16.87,46.07,0,2588,300/171
1520530415.153197,1,300,180,16.94,238.52,1,2602,300/180
1520530415.203199,1,300,187,17.16,28.65,0,2602,300/187
1520530415.253200,1,300,162,17.20,25.89,0,2602,300/162
1520530415.303202,1,300,168,17.31,216.37,1,2571,300/168
1520530415.353203,1,300,173,17.51,25.58,0,2571,300/173
1520530415.403205,1,300,166,17.50,23.44,0,2571,300/166
1520530415.453206,1,300,173,17.59,277.75,1,2550,300/173
1520530415.503115,1,300,164,15.85,21.97,0,2550,300/164
1520530415.553069,1,300,160,15.81,23.29,0,2550,300/160
1520530415.603071,1,300,151,15.91,177.31,1,2520,300/151
1520530415.653072,1,300,157,15.85,21.01,0,2520,300/157
1520530415.703074,1,300,143,15.91,26.92,0,2520,300/143
1520530415.753075,1,300,141,15.86,205.06,1,2481,300/141
1520530415.803077,1,300,139,15.72,24.66,0,2481,300/139
1520530415.853079,1,300,130,15.74,28.04,0,2481,300/130
1520530415.903361,1,300,144,19.27,321.89,1,2500,300/144
1520530415.953363,1,300,135,19.21,19.21,0,2500,300/135
1520530416.003364,1,226,128,19.11,22.28,0,2500,226/128
1520530416.053366,1,276,138,19.03,204.77,1,2504,276/138
1520530416.103368,1,300,140,18.95,20.07,0,2504,300/140
1520530416.153369,1,300,136,18.97,20.85,0,2504,300/136
1520530416.203371,1,300,127,18.97,213.05,1,2410,300/127
1520530416.253372,1,300,141,18.99,23.12,0,2410,300/141
1520530416.303375,1,300,138,19.04,20.98,0,2410,300/138
1520530416.353376,1,300,134,19.04,312.71,1,2451,300/134
1520530416.403378,1,300,129,19.06,20.15,0,2451,300/129
1520530416.453380,1,258,125,19.20,21.33,0,2451,258/125
1520530416.503381,1,300,143,19.25,250.19,1,2437,300/143
1520530416.553383,1,300,133,19.28,22.46,0,2437,300/133
1520530416.603384,1,216,114,19.24,35.81,0,2437,216/114
1520530416.653386,1,300,147,19.29,279.35,1,2395,300/147
1520530416.703272,1,261,154,17.90,21.49,0,2395,261/154
1520530416.753274,1,300,167,17.90,19.40,0,2395,300/167
1520530416.803277,1,300,179,17.94,217.74,1,2355,300/179
1520530416.853277,1,211,154,17.97,30.90,0,2355,211/154
1520530416.903278,1,300,175,17.96,18.22,0,2355,300/175
1520530416.953280,1,300,195,18.06,299.81,1,2335,300/195
1520530417.003283,1,300,201,18.13,20.76,0,2335,300/201
1520530417.053283,1,300,200,18.45,37.49,0,2335,300/200
1520530417.103391,1,300,212,19.83,272.48,1,2340,300/212
1520530417.153371,1,300,213,20.05,22.71,0,2340,300/213
1520530417.203373,1,300,218,20.32,24.19,0,2340,300/218
1520530417.253374,1,300,211,20.64,289.95,1,2144,300/211
1520530417.303376,1,300,202,20.71,22.03,0,2144,300/202
1520530417.353378,1,300,205,20.82,26.47,0,2144,300/205
1520530417.403379,1,300,199,20.82,215.08,1,2141,300/199
1520530417.453381,1,300,209,20.75,19.35,0,2141,300/209
1520530417.503382,1,300,204,20.74,15.98,0,2141,300/204
1520530417.553464,1,300,210,21.87,225.24,1,2046,300/210
1520530417.603466,1,300,218,21.74,24.09,0,2046,300/218
1520530417.653467,1,300,220,21.51,24.40,0,2046,300/220
1520530417.703468,1,300,217,21.35,250.15,1,2036,300/217
1520530417.753470,1,300,218,21.12,29.34,0,2036,300/218
1520530417.803472,1,300,206,21.00,18.97,0,2036,300/206
1520530417.853473,1,300,219,20.87,256.06,1,1970,300/219
1520530417.903476,1,300,218,20.64,26.76,0,1970,300/218
1520530417.953456,1,300,221,20.12,19.84,0,1970,300/221
1520530418.003458,1,300,218,20.10,252.59,1,1995,300/218
1520530418.053458,1,300,211,19.97,26.12,0,1995,300/211
1520530418.103461,1,300,213,19.76,22.83,0,1995,300/213
1520530418.153462,1,300,213,19.69,260.23,1,1943,300/213
1520530418.203465,1,300,200,19.63,23.09,0,1943,300/200
1520530418.253466,1,300,198,19.57,26.68,0,1943,300/198
1520530418.303468,1,300,200,19.42,191.55,1,1912,300/200
1520530418.353431,1,300,201,19.04,26.76,0,1912,300/201
1520530418.403432,1,300,186,19.02,21.12,0,1912,300/186
1520530418.453434,1,300,189,19.02,306.28,1,1921,300/189
1520530418.503435,1,300,197,19.00,19.15,0,1921,300/197
1520530418.553437,1,300,197,19.02,19.04,0,1921,300/197
1520530418.603439,1,300,195,18.95,309.80,1,1884,300/195
1520530418.653440,1,300,197,18.97,24.08,0,1884,300/197
1520530418.703442,1,300,195,18.94,27.88,0,1884,300/195
1520530418.753343,1,300,188,17.67,186.72,1,1868,300/188
1520530418.803345,1,244,180,17.64,25.75,0,1868,244/180
1520530418.853346,1,202,157,17.63,17.59,0,1868,202/157
1520530418.903348,1,264,181,17.52,241.66,1,1870,264/181
1520530418.953350,1,300,205,17.62,20.56,0,1870,300/205
1520530419.003351,1,250,186,17.56,21.51,0,1870,250/186
1520530419.053353,1,196,164,17.61,215.39,1,1872,196/164
1520530419.103354,1,190,157,17.75,14.27,0,1872,190/157
1520530419.153533,1,300,214,20.20,15.32,0,1872,300/214
1520530419.203534,1,300,214,20.45,210.94,1,1900,300/214
1520530419.253536,1,300,205,20.60,19.91,0,1900,300/205
1520530419.303537,1,276,206,20.73,20.40,0,1900,276/206
1520530419.353539,1,300,217,20.83,172.62,1,1888,300/217
1520530419.403541,1,300,210,20.75,28.91,0,1888,300/210
1520530419.453542,1,261,194,20.75,24.19,0,1888,261/194
1520530419.503544,1,300,211,20.63,161.89,1,1918,300/211
1520530419.553545,1,300,210,20.69,20.12,0,1918,300/210
1520530419.603729,1,300,217,22.96,20.83,0,1918,300/217
1520530419.653731,1,300,217,22.89,179.47,1,1925,300/217
1520530419.703733,1,300,231,22.79,20.70,0,1925,300/231
1520530419.753734,1,300,230,22.85,17.40,0,1925,300/230
1520530419.803736,1,300,232,22.94,229.47,1,1969,300/232
1520530419.853739,1,300,240,22.67,19.37,0,1969,300/240
1520530419.903739,1,300,235,22.47,19.33,0,1969,300/235
1520530419.953740,1,300,231,22.21,187.13,1,1999,300/231
1520530420.003597,1,300,230,20.15,17.33,0,1999,300/230
1520530420.053598,1,300,231,19.92,23.14,0,1999,300/231
1520530420.103600,1,300,225,19.65,193.67,1,2037,300/225
1520530420.153602,1,210,176,19.42,25.10,0,2037,210/176
1520530420.203604,1,190,163,19.39,22.45,0,2037,190/163
1520530420.253605,1,300,196,19.42,234.28,1,2047,300/196
1520530420.303607,1,300,197,19.49,29.18,0,2047,300/197
1520530420.353608,1,255,187,19.59,22.57,0,2047,255/187
1520530420.403699,1,300,191,20.69,282.29,1,2071,300/191
1520530420.453700,1,300,191,20.80,41.80,0,2071,300/191
1520530420.503702,1,300,194,20.80,34.15,0,2071,300/194
1520530420.553704,1,280,192,20.73,378.59,1,2093,280/192
1520530420.603705,1,300,195,20.81,34.91,0,2093,300/195
1520530420.653707,1,300,178,20.81,31.97,0,2093,300/178
1520530420.703708,1,300,186,20.80,391.84,1,2089,300/186
1520530420.753710,1,300,181,20.83,23.69,0,2089,300/181
1520530420.803356,1,300,190,16.57,26.05,0,2089,300/190
1520530420.853358,1,300,193,16.61,236.79,1,2083,300/193
1520530420.903359,1,246,175,16.45,22.38,0,2083,246/175
1520530420.953361,1,300,192,16.39,19.05,0,2083,300/192
1520530421.003363,1,298,206,16.29,204.48,1,2082,298/206
1520530421.053364,1,219,175,16.09,25.88,0,2082,219/175
1520530421.103366,1,252,186,15.84,15.73,0,2082,252/186
1520530421.153367,1,300,209,15.72,220.16,1,2067,300/209
1520530421.203429,1,300,229,16.26,19.31,0,2067,300/229
1520530421.253431,1,273,206,16.20,22.32,0,2067,273/206
1520530421.303432,1,196,170,16.17,232.88,1,2013,196/170
1520530421.353434,1,185,157,16.12,18.56,0,2013,185/157
1520530421.403435,1,186,160,16.33,13.52,0,2013,186/160
1520530421.453437,1,223,188,16.47,177.80,1,2031,223/188
1520530421.503439,1,300,219,16.68,39.34,0,2031,300/219
1520530421.553440,1,267,207,16.96,34.63,0,2031,267/207
1520530421.603611,1,300,229,19.10,186.35,1,2103,300/229
1520530421.653613,1,300,238,19.20,30.64,0,2103,300/238
1520530421.703614,1,300,239,19.35,19.27,0,2103,300/239
1520530421.753616,1,300,222,19.29,254.44,1,2154,300/222
1520530421.803617,1,300,217,19.22,18.83,0,2154,300/217
1520530421.853618,1,300,222,19.13,25.08,0,2154,300/222
1520530421.903620,1,300,234,19.07,275.95,1,2163,300/234
1520530421.953693,1,300,228,18.94,17.04,0,2163,300/228
1520530422.003623,1,300,232,18.72,19.19,0,2163,300/232
1520530422.053472,1,251,205,16.87,276.99,1,2173,251/205
1520530422.103474,1,300,233,16.69,17.32,0,2173,300/233
1520530422.153476,1,248,195,16.52,22.63,0,2173,248/195
1520530422.203477,1,300,237,16.43,225.45,1,2218,300/237
1520530422.253479,1,300,228,16.18,22.22,0,2218,300/228
1520530422.303480,1,282,232,16.04,25.41,0,2218,282/232
1520530422.353482,1,230,187,15.91,273.62,1,2231,230/187
1520530422.403483,1,300,231,15.65,19.49,0,2231,300/231
1520530422.453394,1,220,175,14.68,21.71,0,2231,220/175
1520530422.503396,1,229,186,14.50,254.09,1,2242,229/186
1520530422.553397,1,206,173,14.56,20.20,0,2242,206/173
1520530422.603400,1,300,233,14.65,16.71,0,2242,300/233
1520530422.653401,1,266,211,14.82,304.82,1,2296,266/211
1520530422.703403,1,300,232,14.84,33.20,0,2296,300/232
1520530422.753404,1,300,241,15.04,31.17,0,2296,300/241
1520530422.803406,1,300,241,15.12,235.02,1,2351,300/241
1520530422.853580,1,300,233,17.11,21.21,0,2351,300/233
1520530422.903583,1,300,236,17.13,20.65,0,2351,300/236
1520530422.953585,1,300,233,17.13,176.60,1,2377,300/233
1520530423.003587,1,300,239,16.98,18.97,0,2377,300/239
1520530423.053587,1,300,233,16.97,18.60,0,2377,300/233
1520530423.103590,1,300,237,16.96,269.86,1,2402,300/237
1520530423.153590,1,300,233,17.04,20.18,0,2402,300/233
1520530423.203592,1,300,220,17.23,33.34,0,2402,300/220
1520530423.253316,1,225,187,14.36,308.18,1,2421,225/187
1520530423.303317,1,300,195,14.46,26.41,0,2421,300/195
1520530423.353319,1,300,206,14.62,30.70,0,2421,300/206
1520530423.403322,1,300,219,14.77,200.36,1,2449,300/219
1520530423.453322,1,300,196,14.86,33.39,0,2449,300/196
1520530423.503324,1,300,209,14.84,25.45,0,2449,300/209
1520530423.553359,1,274,195,14.86,235.25,1,2462,274/195
1520530423.603327,1,273,189,14.80,26.02,0,2462,273/189
1520530423.652983,1,275,178,11.04,25.36,0,2462,275/178
1520530423.702985,1,207,161,10.93,207.50,1,2451,207/161
1520530423.752986,1,256,192,10.66,20.46,0,2451,256/192
1520530423.802988,1,300,217,10.50,27.05,0,2451,300/217
1520530423.852990,1,300,214,10.28,196.98,1,2504,300/214
1520530423.902991,1,271,212,10.07,24.72,0,2504,271/212
1520530423.952993,1,300,228,9.92,32.62,0,2504,300/228
1520530424.002995,1,300,228,9.88,315.96,1,2551,300/228
1520530424.052950,1,267,185,9.47,31.48,0,2551,267/185
1520530424.103253,1,288,189,12.97,26.93,0,2551,288/189
1520530424.153255,1,178,143,13.05,263.79,1,2517,178/143
1520530424.203257,1,300,182,13.12,24.79,0,2517,300/182
1520530424.253258,1,300,182,13.17,25.38,0,2517,300/182
1520530424.303260,1,197,151,13.20,200.31,1,2468,197/151
1520530424.353261,1,161,143,13.21,15.74,0,2468,161/143
1520530424.403263,1,235,175,13.30,15.49,0,2468,235/175
1520530424.453264,1,300,210,13.13,222.19,1,2495,300/210
1520530424.504722,1,300,230,29.75,31.43,0,2495,300/230
1520530424.554724,1,300,228,29.71,36.65,0,2495,300/228
1520530424.604726,1,300,241,29.74,248.27,1,2561,300/241
1520530424.654727,1,300,241,29.77,19.59,0,2561,300/241
1520530424.704729,1,300,239,29.85,18.95,0,2561,300/239
1520530424.754730,1,300,256,29.89,277.78,1,2600,300/256
1520530424.804732,1,300,245,29.98,18.88,0,2600,300/245
1520530424.854733,1,300,242,30.10,23.26,0,2600,300/242
1520530424.903374,1,242,199,15.06,302.40,1,2634,242/199
1520530424.953377,1,297,218,15.07,21.10,0,2634,297/218
1520530425.003378,1,213,183,14.91,30.77,0,2634,213/183
1520530425.053379,1,300,210,14.93,211.92,1,2676,300/210
1520530425.103381,1,258,189,14.96,18.75,0,2676,258/189
1520530425.153383,1,300,212,15.01,19.07,0,2676,300/212
1520530425.203384,1,300,195,15.00,203.08,1,2664,300/195
1520530425.253385,1,269,193,14.95,19.56,0,2664,269/193
1520530425.303732,1,300,193,19.04,18.58,0,2664,300/193
1520530425.353734,1,300,188,19.03,349.22,1,2634,300/188
1520530425.403735,1,300,195,19.06,34.07,0,2634,300/195
1520530425.453737,1,300,200,19.20,28.98,0,2634,300/200
1520530425.503738,1,300,199,19.10,327.52,1,2647,300/199
1520530425.553740,1,300,189,19.17,35.06,0,2647,300/189
1520530425.603741,1,300,194,19.26,42.80,0,2647,300/194
1520530425.653743,1,275,187,19.33,295.49,1,2608,275/187
1520530425.703675,1,241,187,18.82,24.43,0,2608,241/187
1520530425.753677,1,236,192,19.14,23.78,0,2608,236/192
1520530425.803679,1,300,217,19.48,253.82,1,2588,300/217
1520530425.853680,1,300,212,20.07,27.63,0,2588,300/212
1520530425.903682,1,300,215,20.45,25.26,0,2588,300/215
1520530425.953682,1,300,213,20.75,235.94,1,2602,300/213
1520530426.003685,1,300,198,20.97,20.67,0,2602,300/198
1520530426.053685,1,300,206,20.88,17.47,0,2602,300/206
1520530426.103474,1,300,215,17.74,275.87,1,2583,300/215
1520530426.153475,1,282,216,17.40,19.79,0,2583,282/216
1520530426.203478,1,300,222,16.98,17.72,0,2583,300/222
1520530426.253478,1,300,225,16.61,191.89,1,2594,300/225
1520530426.303480,1,300,211,16.39,18.36,0,2594,300/211
1520530426.353482,1,300,190,16.25,22.77,0,2594,300/190
1520530426.403483,1,193,138,16.18,303.14,1,2520,193/138
1520530426.453484,1,196,124,16.08,14.58,0,2520,196/124
1520530426.503486,1,236,126,16.09,14.59,0,2520,236/126
1520530426.553551,1,300,144,16.69,307.03,1,2504,300/144
1520530426.603553,1,300,151,16.71,22.92,0,2504,300/151
1520530426.653554,1,300,167,16.72,18.32,0,2504,300/167
1520530426.703556,1,300,159,16.98,266.73,1,2472,300/159
1520530426.753558,1,300,186,17.01,20.12,0,2472,300/186
1520530426.803559,1,216,160,17.20,32.52,0,2472,216/160
1520530426.853560,1,300,194,17.37,261.67,1,2457,300/194
1520530426.903562,1,300,203,17.76,18.72,0,2457,300/203
1520530426.953598,1,284,187,18.58,18.86,0,2457,284/187
1520530427.003600,1,265,174,19.00,246.62,1,2429,265/174
1520530427.053602,1,300,192,19.22,23.41,0,2429,300/192
1520530427.103602,1,300,193,19.57,18.84,0,2429,300/193
1520530427.153605,1,300,192,19.82,217.04,1,2455,300/192
1520530427.203605,1,300,197,20.03,19.50,0,2455,300/197
1520530427.253608,1,300,217,20.36,36.03,0,2455,300/217
1520530427.303609,1,300,218,20.52,228.44,1,2465,300/218
1520530427.353592,1,300,227,20.34,19.02,0,2465,300/227
1520530427.403594,1,300,225,20.49,19.73,0,2465,300/225
1520530427.453595,1,300,224,20.62,237.93,1,2444,300/224
1520530427.503597,1,300,219,20.77,16.85,0,2444,300/219
1520530427.553598,1,300,223,20.75,18.74,0,2444,300/223
1520530427.603601,1,300,218,20.79,333.12,1,2367,300/218
1520530427.653601,1,300,231,20.72,16.36,0,2367,300/231
1520530427.703604,1,300,230,20.61,21.11,0,2367,300/230
1520530427.753678,1,300,240,21.63,279.29,1,2318,300/240
1520530427.803679,1,300,236,21.49,28.75,0,2318,300/236
1520530427.853681,1,300,241,21.37,23.40,0,2318,300/241
1520530427.903682,1,300,232,21.28,276.18,1,2297,300/232
1520530427.953684,1,300,226,20.98,18.44,0,2297,300/226
1520530428.003686,1,300,208,20.57,25.89,0,2297,300/208
1520530428.053687,1,183,137,20.19,207.01,1,2234,183/137
1520530428.103692,1,167,120,19.44,17.55,0,2234,167/120
1520530428.153535,1,217,152,17.01,15.95,0,2234,217/152
1520530428.203537,1,300,162,16.56,204.81,1,2228,300/162
1520530428.253538,1,300,157,16.36,27.65,0,2228,300/157
1520530428.303540,1,162,101,16.18,242.76,1,2224,162/101
1520530428.353542,1,300,126,16.14,22.30,0,2224,300/126
1520530428.403618,1,252,112,16.18,44.49,0,2224,252/112
1520530428.453544,1,300,115,16.17,258.60,1,2249,300/115
1520530428.503546,1,179,96,16.27,276.14,1,2179,179/96
1520530428.553451,1,230,115,14.97,22.73,0,2179,230/115
1520530428.603452,1,300,144,14.99,29.08,0,2179,300/144
1520530428.653454,1,177,102,15.02,228.09,1,2242,177/102
1520530428.703455,1,300,142,15.23,24.99,0,2242,300/142
1520530428.753457,1,300,130,15.53,53.85,0,2242,300/130
1520530428.803458,1,300,146,15.90,179.74,1,2182,300/146
1520530428.853460,1,300,132,16.25,52.49,0,2182,300/132
1520530428.903461,1,300,143,16.67,53.76,0,2182,300/143
1520530428.953463,1,176,112,17.26,306.91,1,2148,176/112
1520530429.003444,1,107,79,17.40,22.25,0,2148,107/79
1520530429.053445,1,112,79,17.91,16.42,0,2148,112/79
1520530429.103447,1,107,74,18.33,256.07,1,2100,107/74
1520530429.153448,1,110,73,18.91,13.03,0,2100,110/73
1520530429.203450,1,160,92,19.10,23.27,0,2100,160/92
1520530429.253451,1,300,134,19.43,205.33,1,2099,300/134
1520530429.303453,1,300,120,19.65,47.13,0,2099,300/120
1520530429.353455,1,137,58,19.69,161.89,1,2068,137/58
1520530429.403551,1,149,72,21.26,24.98,0,2068,149/72
1520530429.453553,1,300,133,21.07,66.67,0,2068,300/133
1520530429.503555,1,300,149,20.93,220.53,1,2205,300/149
1520530429.553556,1,300,161,20.88,49.08,0,2205,300/161
1520530429.603558,1,300,169,20.56,34.63,0,2205,300/169
1520530429.653558,1,300,179,20.34,202.11,1,2280,300/179
1520530429.703560,1,300,171,20.24,37.03,0,2280,300/171
1520530429.753561,1,300,178,20.17,30.56,0,2280,300/178
1520530429.803622,1,300,203,20.99,215.63,1,2338,300/203
1520530429.853626,1,300,198,20.97,29.47,0,2338,300/198
1520530429.903625,1,300,214,20.93,23.26,0,2338,300/214
1520530429.953626,1,300,222,20.82,233.48,1,2401,300/222
1520530430.003663,1,300,231,20.70,19.24,0,2401,300/231
1520530430.053629,1,300,222,20.58,20.86,0,2401,300/222
1520530430.103631,1,300,230,20.26,221.11,1,2405,300/230
1520530430.153632,1,300,194,19.87,45.28,0,2405,300/194
1520530430.203344,1,300,201,15.30,27.29,0,2405,300/201
1520530430.253346,1,300,208,14.92,209.03,1,2353,300/208
1520530430.303347,1,188,154,14.52,25.89,0,2353,188/154
1520530430.353349,1,148,124,14.12,198.52,1,2402,148/124
1520530430.403350,1,145,115,13.59,15.22,0,2402,145/115
1520530430.453352,1,133,104,13.07,13.20,0,2402,133/104
1520530430.503353,1,134,115,12.85,174.65,1,2372,134/115
1520530430.553355,1,150,123,12.35,14.70,0,2372,150/123
1520530430.603527,1,185,154,14.01,19.00,0,2372,185/154
1520530430.653528,1,184,150,13.73,229.60,1,2434,184/150
1520530430.703530,1,184,161,13.57,21.28,0,2434,184/161
1520530430.753532,1,300,221,13.50,19.05,0,2434,300/221
1520530430.803533,1,238,195,13.41,229.68,1,2482,238/195
1520530430.853534,1,300,206,13.42,17.36,0,2482,300/206
1520530430.903536,1,300,218,13.46,18.02,0,2482,300/218
1520530430.953538,1,300,223,13.65,195.44,1,2539,300/223
1520530431.003696,1,300,195,15.39,24.87,0,2539,300/195
1520530431.053698,1,224,168,15.43,23.26,0,2539,224/168
1520530431.103700,1,300,177,15.51,225.77,1,2521,300/177
1520530431.153701,1,200,122,15.63,46.73,0,2521,200/122
1520530431.203703,1,300,137,15.98,30.06,0,2521,300/137
1520530431.253704,1,198,95,16.30,233.81,1,2470,198/95
1520530431.303706,1,300,129,16.56,31.36,0,2470,300/129
1520530431.353708,1,300,110,16.84,67.49,0,2470,300/110
1520530431.403709,1,279,108,17.31,328.01,1,2437,279/108
1520530431.453562,1,205,85,15.85,33.79,0,2437,205/85
1520530431.503564,1,155,67,16.27,218.23,1,2377,155/67
1520530431.553565,1,134,66,16.79,28.36,0,2377,134/66
1520530431.603567,1,219,114,17.03,29.91,0,2377,219/114
1520530431.653568,1,291,159,17.43,283.28,1,2435,291/159
1520530431.703570,1,300,161,17.82,126.65,0,2435,300/161
1520530431.753571,1,300,174,17.95,78.86,0,2435,300/174
1520530431.803573,1,300,165,18.10,275.53,1,2499,300/165
1520530431.853524,1,267,164,17.45,33.35,0,2499,267/164
1520530431.903526,1,186,134,17.50,27.22,0,2499,186/134
1520530431.953527,1,132,106,17.75,175.05,1,2508,132/106
1520530432.003528,1,272,173,17.82,19.18,0,2508,272/173
1520530432.053531,1,141,107,17.99,22.12,0,2508,141/107
1520530432.103532,1,300,183,18.06,212.78,1,2587,300/183
1520530432.153533,1,300,187,18.22,28.83,0,2587,300/187
1520530432.203536,1,167,128,18.28,212.82,1,2575,167/128
1520530432.253696,1,300,183,21.15,17.01,0,2575,300/183
1520530432.303698,1,266,179,21.09,21.69,0,2575,266/179
1520530432.353700,1,300,200,20.83,179.30,1,2699,300/200
1520530432.403701,1,300,196,20.68,21.84,0,2699,300/196
1520530432.453702,1,300,201,20.34,20.78,0,2699,300/201
1520530432.503704,1,300,211,19.90,172.87,1,2635,300/211
1520530432.553705,1,300,207,19.27,26.96,0,2635,300/207
1520530432.603708,1,300,209,18.66,33.42,0,2635,300/209
1520530432.653548,1,300,190,15.76,176.52,1,2629,300/190
1520530432.703550,1,289,201,15.19,29.10,0,2629,289/201
1520530432.753551,1,263,180,14.58,26.39,0,2629,263/180
1520530432.803553,1,182,143,14.04,178.17,1,2639,182/143
1520530432.853554,1,167,126,13.75,28.40,0,2639,167/126
1520530432.903556,1,156,125,13.48,18.08,0,2639,156/125
1520530432.953557,1,134,106,13.17,197.80,1,2606,134/106
1520530433.003559,1,136,112,12.96,16.50,0,2606,136/112
1520530433.053690,1,300,196,14.24,18.17,0,2606,300/196
1520530433.103692,1,300,218,14.14,312.93,1,2712,300/218
1520530433.153693,1,210,167,13.99,21.66,0,2712,210/167
1520530433.203694,1,212,186,13.97,30.00,0,2712,212/186
1520530433.253695,1,300,227,13.94,244.99,1,2796,300/227
1520530433.303697,1,238,196,13.96,20.02,0,2796,238/196
1520530433.353699,1,300,229,14.03,17.70,0,2796,300/229
1520530433.403701,1,251,216,14.13,247.11,1,2804,251/216
1520530433.453702,1,300,238,14.31,29.37,0,2804,300/238
1520530433.503793,1,253,208,15.38,23.43,0,2804,253/208
1520530433.553795,1,300,223,15.61,233.57,1,2866,300/223
1520530433.603796,1,250,198,15.78,19.54,0,2866,250/198
1520530433.653798,1,260,184,16.01,20.26,0,2866,260/184
1520530433.703799,1,298,185,16.24,236.53,1,2797,298/185
1520530433.753802,1,300,180,16.52,28.09,0,2797,300/180
1520530433.803803,1,238,152,16.79,34.19,0,2797,238/152
1520530433.853804,1,300,149,16.84,197.90,1,2742,300/149
1520530433.903630,1,277,141,15.00,26.70,0,2742,277/141
1520530433.953632,1,300,152,15.27,22.40,0,2742,300/152
1520530434.003634,1,229,113,15.54,207.47,1,2677,229/113
1520530434.053635,1,214,110,15.75,26.91,0,2677,214/110
1520530434.103637,1,300,137,16.09,23.50,0,2677,300/137
1520530434.153638,1,300,153,16.26,248.18,1,2680,300/153
1520530434.203640,1,157,99,16.32,265.71,1,2587,157/99
1520530434.253642,1,300,176,16.49,20.96,0,2587,300/176
1520530434.303478,1,172,113,14.57,31.10,0,2587,172/113
1520530434.353481,1,300,147,14.75,238.65,1,2691,300/147
1520530434.403481,1,138,101,14.98,219.56,1,2560,138/101
1520530434.453483,1,300,162,15.28,22.65,0,2560,300/162
1520530434.503485,1,300,163,15.49,46.98,0,2560,300/163
1520530434.553486,1,130,90,15.65,249.08,1,2614,130/90
1520530434.603488,1,173,110,15.91,24.42,0,2614,173/110
1520530434.653489,1,133,88,16.02,21.49,0,2614,133/88
1520530434.703656,1,300,158,18.73,210.66,1,2696,300/158
1520530434.753658,1,300,163,18.84,46.33,0,2696,300/163
1520530434.803658,1,136,102,19.02,238.71,1,2670,136/102
1520530434.853723,1,178,121,18.99,18.02,0,2670,178/121
1520530434.903661,1,120,92,18.80,17.77,0,2670,120/92
1520530434.953662,1,300,150,18.60,218.46,1,2653,300/150
1520530435.003665,1,166,122,18.46,212.46,1,2578,166/122
1520530435.053667,1,223,146,18.42,21.78,0,2578,223/146
1520530435.103796,1,300,191,20.69,20.57,0,2578,300/191
1520530435.153798,1,273,197,20.70,208.39,1,2705,273/197
1520530435.203799,1,219,187,20.83,19.32,0,2705,219/187
1520530435.253802,1,236,197,20.66,18.45,0,2705,236/197
1520530435.303802,1,300,226,20.59,190.48,1,2727,300/226
1520530435.353804,1,300,221,20.49,18.95,0,2727,300/221
1520530435.403806,1,300,219,20.28,24.48,0,2727,300/219
1520530435.453807,1,300,216,19.95,243.77,1,2781,300/216
1520530435.504086,1,300,214,23.70,18.68,0,2781,300/214
1520530435.554088,1,300,214,23.18,23.35,0,2781,300/214
1520530435.604089,1,300,198,22.58,215.03,1,2808,300/198
1520530435.654091,1,247,185,21.87,20.73,0,2808,247/185
1520530435.704092,1,300,199,21.30,17.69,0,2808,300/199
1520530435.754094,1,300,217,20.80,242.42,1,2898,300/217
1520530435.804096,1,228,181,20.48,23.62,0,2898,228/181
1520530435.854097,1,300,216,20.17,20.59,0,2898,300/216
1520530435.904099,1,201,163,20.17,171.40,1,2844,201/163
1520530435.953835,1,300,186,16.72,22.06,0,2844,300/186
1520530436.003837,1,300,163,16.72,36.50,0,2844,300/163
1520530436.053838,1,300,155,16.65,253.83,1,2785,300/155
1520530436.103839,1,300,152,16.65,30.30,0,2785,300/152
1520530436.153841,1,300,134,16.68,24.08,0,2785,300/134
1520530436.203843,1,194,102,16.63,257.51,1,2774,194/102
1520530436.253844,1,300,118,16.63,16.12,0,2774,300/118
1520530436.303846,1,300,114,16.51,27.51,0,2774,300/114
1520530436.353955,1,300,117,17.96,246.94,1,2645,300/117
1520530436.403958,1,300,116,17.91,24.68,0,2645,300/116
1520530436.453978,1,300,106,17.85,26.01,0,2645,300/106
1520530436.503960,1,300,125,17.96,214.05,1,2587,300/125
1520530436.553962,1,300,116,18.01,36.42,0,2587,300/116
1520530436.603963,1,300,121,17.96,37.29,0,2587,300/121
1520530436.653965,1,300,124,18.04,308.50,1,2543,300/124
1520530436.703966,1,300,125,18.02,32.88,0,2543,300/125
1520530436.754031,1,300,122,18.69,52.22,0,2543,300/122
1520530436.804032,1,215,99,18.63,250.68,1,2483,215/99
1520530436.854034,1,300,124,18.48,23.12,0,2483,300/124
1520530436.904035,1,287,119,18.45,44.43,0,2483,287/119
1520530436.954037,1,168,90,18.43,194.30,1,2451,168/90
1520530437.004039,1,252,118,18.44,18.60,0,2451,252/118
1520530437.054040,1,300,146,18.42,33.02,0,2451,300/146
1520530437.104042,1,300,166,18.28,245.38,1,2504,300/166
1520530437.153533,1,167,124,12.41,223.81,1,2382,167/124
1520530437.203536,1,153,126,12.31,17.31,0,2382,153/126
1520530437.253536,1,142,121,12.25,15.40,0,2382,142/121
1520530437.303538,1,155,132,12.20,242.08,1,2453,155/132
1520530437.353539,1,146,119,12.13,14.82,0,2453,146/119
1520530437.403543,1,162,125,12.04,16.15,0,2453,162/125
1520530437.453544,1,167,118,12.25,256.69,1,2405,167/118
1520530437.503545,1,169,114,12.41,23.29,0,2405,169/114
1520530437.553870,1,182,127,17.05,22.78,0,2405,182/127
1520530437.603872,1,300,187,17.44,238.63,1,2456,300/187
1520530437.653873,1,300,196,17.84,30.07,0,2456,300/196
1520530437.703875,1,179,131,18.10,238.05,1,2418,179/131
1520530437.753876,1,176,133,18.42,19.66,0,2418,176/133
1520530437.803878,1,188,132,18.94,22.61,0,2418,188/132
1520530437.853879,1,198,142,19.58,230.02,1,2441,198/142
1520530437.903881,1,263,179,19.95,20.81,0,2441,263/179
1520530437.954482,1,300,214,29.28,24.12,0,2441,300/214
1520530438.004481,1,300,211,29.12,244.91,1,2494,300/211
1520530438.054484,1,257,200,29.10,20.04,0,2494,257/200
1520530438.104484,1,225,189,28.88,18.36,0,2494,225/189
1520530438.154486,1,225,180,28.31,195.72,1,2487,225/180
1520530438.204487,1,212,166,27.77,15.94,0,2487,212/166
1520530438.254489,1,300,209,27.26,20.97,0,2487,300/209
1520530438.304490,1,300,209,26.77,196.66,1,2492,300/209
1520530438.354492,1,300,221,26.18,33.93,0,2492,300/221
1520530438.403621,1,282,204,13.74,26.87,0,2492,282/204
1520530438.453623,1,184,154,13.24,277.37,1,2563,184/154
1520530438.503624,1,300,197,12.68,19.88,0,2563,300/197
1520530438.553626,1,151,121,12.19,48.17,0,2563,151/121
1520530438.603628,1,300,182,11.81,183.92,1,2536,300/182
1520530438.653629,1,300,197,11.56,38.34,0,2536,300/197
1520530438.703631,1,202,151,11.40,24.50,0,2536,202/151
1520530438.753632,1,300,183,11.36,291.26,1,2592,300/183
1520530438.804389,1,300,202,19.70,26.32,0,2592,300/202
1520530438.854392,1,300,218,19.66,19.44,0,2592,300/218
1520530438.904392,1,300,228,19.56,280.43,1,2584,300/228
1520530438.954394,1,300,223,19.59,19.32,0,2584,300/223
1520530439.004395,1,300,238,19.59,19.19,0,2584,300/238
1520530439.054397,1,300,231,19.70,207.55,1,2589,300/231
1520530439.104398,1,300,240,19.55,20.39,0,2589,300/240
1520530439.154401,1,300,242,19.52,23.13,0,2589,300/242
1520530439.204654,1,300,252,22.06,196.31,1,2526,300/252
1520530439.254655,1,300,244,21.86,17.85,0,2526,300/244
1520530439.304657,1,300,253,21.81,31.26,0,2526,300/253
1520530439.354659,1,300,248,21.82,179.79,1,2476,300/248
1520530439.404660,1,300,259,21.69,18.33,0,2476,300/259
1520530439.454661,1,300,256,21.64,16.99,0,2476,300/256
1520530439.504663,1,300,255,21.58,204.79,1,2430,300/255
1520530439.554665,1,300,247,21.49,24.02,0,2430,300/247
1520530439.604177,1,300,242,16.65,17.99,0,2430,300/242
1520530439.654178,1,300,238,16.68,175.84,1,2393,300/238
1520530439.704263,1,300,236,16.68,23.63,0,2393,300/236
1520530439.754182,1,300,246,16.75,20.21,0,2393,300/246
1520530439.804183,1,300,249,16.93,174.43,1,2350,300/249
1520530439.854185,1,300,239,16.89,20.83,0,2350,300/239
1520530439.904186,1,300,246,16.93,22.38,0,2350,300/246
1520530439.954188,1,300,237,17.04,251.07,1,2303,300/237
1520530440.004099,1,300,224,16.12,23.37,0,2303,300/224
1520530440.054101,1,300,209,16.25,24.04,0,2303,300/209
1520530440.104102,1,300,221,16.36,266.23,1,2319,300/221
1520530440.154104,1,300,204,16.40,20.38,0,2319,300/204
1520530440.204106,1,300,195,16.53,21.23,0,2319,300/195
1520530440.254107,1,300,194,16.59,221.64,1,2319,300/194
1520530440.304109,1,300,191,16.73,45.75,0,2319,300/191
1520530440.354110,1,300,186,16.81,43.77,0,2319,300/186
1520530440.404112,1,254,170,17.15,400.86,1,2339,254/170
1520530440.453977,1,300,170,15.73,35.11,0,2339,300/170
1520530440.503979,1,300,167,15.83,34.82,0,2339,300/167
1520530440.553980,1,300,162,16.00,341.92,1,2343,300/162
1520530440.603981,1,300,162,16.30,40.22,0,2343,300/162
1520530440.653984,1,300,158,16.52,35.15,0,2343,300/158
1520530440.703986,1,300,157,16.62,269.52,1,2371,300/157
1520530440.753987,1,300,152,16.90,22.71,0,2371,300/152
1520530440.803989,1,300,141,16.99,21.63,0,2371,300/141
1520530440.853871,1,300,145,15.68,248.68,1,2400,300/145
1520530440.903872,1,300,143,15.79,26.41,0,2400,300/143
1520530440.953874,1,300,153,15.79,29.31,0,2400,300/153
1520530441.003875,1,300,154,15.97,260.62,1,2440,300/154
1520530441.053876,1,201,115,16.13,26.22,0,2440,201/115
1520530441.103878,1,163,109,16.28,306.19,1,2430,163/109
1520530441.153883,1,300,151,16.36,17.98,0,2430,300/151
1520530441.203881,1,300,148,16.55,37.53,0,2430,300/148
1520530441.253889,1,300,159,16.77,296.34,1,2530,300/159
1520530441.303927,1,300,163,16.97,48.94,0,2530,300/163
1520530441.353892,1,300,151,17.16,47.35,0,2530,300/151
1520530441.403893,1,300,177,17.41,340.99,1,2493,300/177
1520530441.453895,1,152,115,17.36,249.85,1,2447,152/115
1520530441.503896,1,300,167,17.49,19.03,0,2447,300/167
1520530441.553898,1,260,151,17.50,30.67,0,2447,260/151
1520530441.603899,1,300,163,17.64,197.78,1,2488,300/163
1520530441.654083,1,300,167,20.37,31.80,0,2488,300/167
1520530441.704084,1,300,164,20.44,29.34,0,2488,300/164
1520530441.754086,1,300,174,20.59,301.48,1,2456,300/174
1520530441.804088,1,300,167,20.77,25.92,0,2456,300/167
1520530441.854089,1,260,165,20.81,20.35,0,2456,260/165
1520530441.904091,1,300,163,20.85,267.72,1,2507,300/163
1520530441.954092,1,300,175,20.88,26.54,0,2507,300/175
1520530442.004094,1,300,162,20.87,63.43,0,2507,300/162
1520530442.054029,1,300,166,19.88,245.35,1,2509,300/166
1520530442.104032,1,300,171,19.93,30.52,0,2509,300/171
1520530442.154034,1,300,162,19.75,30.06,0,2509,300/162
1520530442.204035,1,300,165,19.60,191.51,1,2485,300/165
1520530442.254038,1,300,164,19.42,34.92,0,2485,300/164
1520530442.304038,1,300,163,19.18,53.96,0,2485,300/163
1520530442.354040,1,300,159,18.83,246.83,1,2537,300/159
1520530442.404042,1,300,159,18.69,48.70,0,2537,300/159
1520530442.453714,1,300,131,14.12,53.95,0,2537,300/131
1520530442.503716,1,219,113,13.99,218.67,1,2491,219/113
1520530442.553716,1,149,81,13.79,38.19,0,2491,149/81
1520530442.603719,1,153,79,13.42,24.67,0,2491,153/79
1520530442.653721,1,213,94,13.20,334.16,1,2442,213/94
1520530442.703722,1,148,59,13.04,36.77,0,2442,148/59
1520530442.753723,1,300,90,12.84,26.22,0,2442,300/90
1520530442.803725,1,300,93,12.58,231.91,1,2388,300/93
1520530442.853726,1,293,113,12.51,76.89,0,2388,293/113
1520530442.904376,1,300,125,20.65,29.88,0,2388,300/125
1520530442.954377,1,300,147,20.38,214.00,1,2408,300/147
1520530443.004380,1,300,159,20.05,46.21,0,2408,300/159
1520530443.054381,1,263,145,19.79,25.54,0,2408,263/145
1520530443.104383,1,278,152,19.58,161.88,1,2374,278/152
1520530443.154384,1,300,169,19.43,24.99,0,2374,300/169
1520530443.204385,1,300,162,19.35,33.51,0,2374,300/162
1520530443.254387,1,300,177,19.21,208.61,1,2375,300/177
1520530443.304466,1,264,166,20.03,19.59,0,2375,264/166
1520530443.354468,1,300,178,19.97,17.19,0,2375,300/178
1520530443.404470,1,300,186,19.98,214.67,1,2363,300/186
1520530443.454471,1,300,174,20.09,28.06,0,2363,300/174
1520530443.504473,1,300,177,20.16,24.15,0,2363,300/177
1520530443.554475,1,300,167,20.28,220.90,1,2345,300/167
1520530443.604476,1,281,156,20.49,24.44,0,2345,281/156
1520530443.654478,1,300,168,20.70,32.27,0,2345,300/168
1520530443.704013,1,300,131,15.32,178.81,1,2354,300/131
1520530443.754014,1,300,134,15.53,42.98,0,2354,300/134
1520530443.804016,1,279,129,15.64,32.83,0,2354,279/129
1520530443.854018,1,287,113,15.77,200.61,1,2367,287/113
1520530443.904020,1,300,134,16.00,49.27,0,2367,300/134
1520530443.954022,1,180,93,16.17,39.23,0,2367,180/93
1520530444.004023,1,168,95,16.32,177.46,1,2355,168/95
1520530444.054024,1,151,87,16.34,23.14,0,2355,151/87
1520530444.104403,1,300,142,21.48,18.91,0,2355,300/142
1520530444.154404,1,234,135,21.48,190.03,1,2365,234/135
1520530444.204406,1,300,141,21.38,29.41,0,2365,300/141
1520530444.254406,1,300,138,21.46,49.15,0,2365,300/138
1520530444.304409,1,300,140,21.53,258.82,1,2388,300/140
1520530444.354410,1,300,137,21.57,39.62,0,2388,300/137
1520530444.404411,1,300,137,21.53,94.14,0,2388,300/137
1520530444.454414,1,296,117,21.60,307.99,1,2402,296/117
1520530444.505162,1,300,123,32.76,106.19,0,2402,300/123
1520530444.555264,1,300,129,32.93,93.43,0,2402,300/129
1520530444.605164,1,300,127,33.34,342.09,1,2422,300/127
1520530444.655166,1,300,118,33.60,86.45,0,2422,300/118
1520530444.705167,1,300,105,33.98,73.31,0,2422,300/105
1520530444.755169,1,300,102,34.41,357.49,1,2393,300/102
1520530444.805171,1,300,110,35.10,92.93,0,2393,300/110
1520530444.855172,1,300,113,35.85,88.17,0,2393,300/113
1520530444.905173,1,300,112,36.69,287.50,1,2367,300/112
1520530444.954962,1,300,119,33.90,74.24,0,2367,300/119
1520530445.004964,1,300,117,34.19,62.79,0,2367,300/117
1520530445.054965,1,300,124,34.28,223.42,1,2364,300/124
1520530445.104967,1,300,153,33.94,67.14,0,2364,300/153
1520530445.154968,1,300,155,33.43,52.97,0,2364,300/155
1520530445.204970,1,300,160,32.67,283.17,1,2384,300/160
1520530445.254972,1,300,162,31.91,77.39,0,2384,300/162
1520530445.304973,1,300,144,31.26,58.95,0,2384,300/144
1520530445.353892,1,129,92,15.27,164.21,1,2412,129/92
1520530445.403894,1,300,146,14.92,22.53,0,2412,300/146
1520530445.453896,1,289,148,14.55,25.62,0,2412,289/148
1520530445.503898,1,300,150,14.26,181.27,1,2419,300/150
1520530445.553899,1,300,149,14.02,31.67,0,2419,300/149
1520530445.603900,1,300,148,13.82,24.73,0,2419,300/148
1520530445.653902,1,152,91,13.64,176.23,1,2319,152/91
1520530445.703904,1,146,90,13.41,16.51,0,2319,146/90
1520530445.753751,1,178,89,11.34,20.90,0,2319,178/89
1520530445.803752,1,178,88,11.35,176.89,1,2255,178/88
1520530445.853755,1,130,76,11.15,22.27,0,2255,130/76
1520530445.903755,1,157,92,11.06,19.13,0,2255,157/92
1520530445.953756,1,132,83,10.97,161.23,1,2179,132/83
1520530446.003759,1,120,85,10.99,16.26,0,2179,120/85
1520530446.053761,1,112,82,11.09,14.97,0,2179,112/82
1520530446.103762,1,300,165,11.11,144.18,1,2204,300/165
1520530446.154954,1,300,194,26.29,65.24,0,2204,300/194
1520530446.204900,1,300,219,26.26,25.62,0,2204,300/219
1520530446.254902,1,300,226,26.18,156.39,1,2266,300/226
1520530446.304903,1,215,179,25.88,18.96,0,2266,215/179
1520530446.354905,1,300,214,25.46,20.28,0,2266,300/214
1520530446.404906,1,212,179,25.07,181.30,1,2230,212/179
1520530446.454908,1,300,229,24.72,15.35,0,2230,300/229
1520530446.504909,1,300,234,24.47,19.14,0,2230,300/234
1520530446.554783,1,233,200,22.65,180.93,1,2197,233/200
1520530446.604785,1,274,215,22.37,15.53,0,2197,274/215
1520530446.654786,1,278,224,22.19,17.85,0,2197,278/224
1520530446.704788,1,300,231,22.02,206.26,1,2218,300/231
1520530446.754789,1,257,207,21.94,20.81,0,2218,257/207
1520530446.804791,1,300,224,21.96,16.42,0,2218,300/224
1520530446.854792,1,300,217,21.92,171.96,1,2243,300/217
1520530446.904794,1,300,209,22.11,28.77,0,2243,300/209
1520530446.954330,1,300,188,17.11,27.98,0,2243,300/188
1520530447.004332,1,300,185,17.30,164.98,1,2239,300/185
1520530447.054334,1,300,192,17.42,23.08,0,2239,300/192
1520530447.104335,1,246,150,17.64,38.27,0,2239,246/150
1520530447.154337,1,300,158,17.89,256.06,1,2162,300/158
1520530447.204338,1,300,150,18.06,39.27,0,2162,300/150
1520530447.254340,1,269,151,18.17,47.01,0,2162,269/151
1520530447.304342,1,300,157,18.38,188.74,1,2147,300/157
1520530447.354343,1,267,152,18.59,29.16,0,2147,267/152
1520530447.404124,1,300,138,15.87,24.48,0,2147,300/138
1520530447.454125,1,300,165,15.97,262.31,1,2171,300/165
1520530447.504127,1,300,145,16.23,25.44,0,2171,300/145
1520530447.554128,1,300,138,16.31,25.74,0,2171,300/138
1520530447.604130,1,300,155,16.39,253.62,1,2196,300/155
1520530447.654131,1,300,144,16.47,44.46,0,2196,300/144
1520530447.704133,1,300,144,16.51,30.31,0,2196,300/144
1520530447.754142,1,300,150,16.57,291.04,1,2238,300/150
1520530447.804072,1,300,145,15.75,38.49,0,2238,300/145
1520530447.854074,1,300,152,15.87,28.22,0,2238,300/152
1520530447.904075,1,300,151,15.75,242.05,1,2270,300/151
1520530447.954077,1,300,152,15.76,29.40,0,2270,300/152
1520530448.004078,1,300,155,15.78,24.14,0,2270,300/155
1520530448.054080,1,213,122,15.80,151.73,1,2257,213/122
1520530448.104081,1,300,134,15.81,18.17,0,2257,300/134
1520530448.154083,1,300,139,15.87,28.61,0,2257,300/139
1520530448.203885,1,300,153,13.10,260.34,1,2297,300/153
1520530448.253886,1,300,147,13.25,56.73,0,2297,300/147
1520530448.303888,1,300,158,13.21,37.28,0,2297,300/158
1520530448.353889,1,300,147,13.20,262.89,1,2289,300/147
1520530448.403891,1,300,134,13.18,28.06,0,2289,300/134
1520530448.453892,1,300,156,13.14,29.53,0,2289,300/156
1520530448.503894,1,300,144,13.18,273.52,1,2269,300/144
1520530448.553895,1,300,150,13.11,30.26,0,2269,300/150
1520530448.603930,1,300,146,13.64,30.56,0,2269,300/146
1520530448.653932,1,300,158,13.58,252.57,1,2280,300/158
1520530448.703934,1,300,156,13.64,25.99,0,2280,300/156
1520530448.753935,1,300,148,13.64,25.96,0,2280,300/148
1520530448.803937,1,300,143,13.73,209.24,1,2258,300/143
1520530448.853939,1,300,155,13.70,32.15,0,2258,300/155
1520530448.903940,1,300,147,13.68,31.14,0,2258,300/147
1520530448.953942,1,300,146,13.69,284.24,1,2275,300/146
1520530449.003905,1,300,138,13.14,26.80,0,2275,300/138
1520530449.053906,1,300,151,13.21,27.78,0,2275,300/151
1520530449.103908,1,300,146,13.19,269.66,1,2274,300/146
1520530449.153910,1,300,166,13.13,28.17,0,2274,300/166
1520530449.203911,1,300,153,13.20,26.91,0,2274,300/153
