t,tracked,n_obs0,n_obs1,mean0,ms,keyframe,n_landmarks,allobs
1700000000.000000,0,245,234,116.74,1503.84,0,0,245/234/226/263/256/268
1700000000.050000,0,300,300,116.72,37.05,0,0,300/300/300/300/300/300
1700000000.100000,0,300,300,116.72,85.50,0,0,300/300/300/300/300/300
1700000000.150000,0,300,300,116.73,37.16,0,0,300/300/300/300/300/300
1700000000.200000,0,300,300,116.73,87.16,0,0,300/300/300/300/300/300
1700000000.250000,0,300,300,116.73,38.08,0,0,300/300/300/300/300/300
1700000000.300000,0,300,300,116.72,83.19,0,0,300/300/300/300/300/300
1700000000.350000,0,300,300,116.72,37.51,0,0,300/300/300/300/300/300
1700000000.400000,0,300,300,116.72,84.29,0,0,300/300/300/300/300/300
1700000000.450000,0,300,300,116.73,37.83,0,0,300/300/300/300/300/300
1700000000.500000,0,300,300,116.71,86.30,0,0,300/300/300/300/300/300
1700000000.550000,0,300,300,116.71,36.79,0,0,300/300/300/300/300/300
1700000000.600000,0,300,300,116.72,83.67,0,0,300/300/300/300/300/300
1700000000.650000,0,300,300,116.73,37.55,0,0,300/300/300/300/300/300
1700000000.700000,0,300,300,116.72,85.04,0,0,300/300/300/300/300/300
1700000000.750000,0,300,300,116.73,38.24,0,0,300/300/300/300/300/300
1700000000.800000,0,300,300,116.72,84.86,0,0,300/300/300/300/300/300
1700000000.850000,0,300,300,116.72,37.67,0,0,300/300/300/300/300/300
1700000000.900000,1,300,300,116.72,42.51,1,0,300/300/300/300/300/300
1700000000.950000,1,300,300,116.73,52.80,1,170,300/300/300/300/300/300
1700000001.000000,1,300,300,116.73,66.57,1,222,300/300/300/300/300/300
1700000001.050000,1,300,300,116.72,69.03,1,205,300/300/300/300/300/300
1700000001.100000,1,300,300,116.70,65.11,1,151,300/300/300/300/300/300
1700000001.150000,1,300,300,116.71,73.68,1,204,300/300/300/300/300/300
1700000001.200000,1,300,300,116.71,69.24,1,181,300/300/300/300/300/300
1700000001.250000,1,300,300,116.70,71.69,1,187,300/300/300/300/300/300
1700000001.300000,1,300,300,116.71,71.45,1,210,300/300/300/300/300/300
1700000001.350000,1,300,300,116.70,74.03,1,193,300/300/300/300/300/300
1700000001.400000,1,300,300,116.70,87.86,1,186,300/300/300/300/300/300
1700000001.450000,1,300,300,116.68,74.15,1,192,300/300/300/300/300/300
1700000001.500000,1,300,300,116.68,81.01,1,183,300/300/300/300/300/300
1700000001.550000,1,300,300,116.68,86.61,1,216,300/300/300/300/300/300
1700000001.600000,1,300,300,116.67,82.52,1,254,300/300/300/300/300/300
1700000001.650000,1,300,300,116.65,77.71,1,236,300/300/300/300/300/300
1700000001.700000,1,300,300,116.64,78.96,1,290,300/300/300/300/300/300
1700000001.750000,1,300,300,116.63,86.05,1,414,300/300/300/300/300/300
1700000001.800000,1,300,300,116.64,102.52,1,605,300/300/300/300/300/300
1700000001.850000,1,300,300,116.62,116.04,1,722,300/300/300/300/300/300
1700000001.900000,1,300,300,116.60,125.53,1,804,300/300/300/300/300/300
1700000001.950000,1,300,300,116.60,137.55,1,865,300/300/300/300/300/300
1700000002.000000,1,300,300,116.58,137.59,1,882,300/300/300/300/300/300
1700000002.050000,1,300,300,116.57,146.93,1,904,300/300/300/300/300/300
1700000002.100000,1,300,300,116.56,161.02,1,925,300/300/300/300/300/300
1700000002.150000,1,300,300,116.54,172.52,1,949,300/300/300/300/300/300
1700000002.200000,1,300,300,116.53,212.18,1,964,300/300/300/300/300/300
1700000002.250000,1,300,300,116.51,198.64,1,986,300/300/300/300/300/300
1700000002.300000,1,300,300,116.49,218.72,1,1000,300/300/300/300/300/300
1700000002.350000,1,300,300,116.50,230.64,1,1018,300/300/300/300/300/300
1700000002.400000,1,300,300,116.52,246.30,1,1034,300/300/300/300/300/300
1700000002.450000,1,300,300,116.51,258.55,1,1063,300/300/300/300/300/300
1700000002.500000,1,300,300,116.53,280.17,1,1086,300/300/300/300/300/300
1700000002.550000,1,300,300,116.54,290.88,1,1113,300/300/300/300/300/300
1700000002.600000,1,300,300,116.55,315.38,1,1136,300/300/300/300/300/300
1700000002.650000,1,300,300,116.59,327.41,1,1171,300/300/300/300/300/300
1700000002.700000,1,300,300,116.62,340.71,1,1193,300/300/300/300/300/300
1700000002.750000,1,300,300,116.66,360.41,1,1223,300/300/300/300/300/300
1700000002.800000,1,300,300,116.69,371.66,1,1251,300/300/300/300/300/300
1700000002.850000,1,300,300,116.74,391.50,1,1274,300/300/300/300/300/300
1700000002.900000,1,300,300,116.75,46.90,0,1274,300/300/300/300/300/300
1700000002.950000,1,300,300,116.80,47.51,0,1274,300/300/300/300/300/300
1700000003.000000,1,300,300,116.84,548.50,1,1291,300/300/300/300/300/300
1700000003.050000,1,300,300,116.86,46.63,0,1291,300/300/300/300/300/300
1700000003.100000,1,300,300,116.88,47.28,0,1291,300/300/300/300/300/300
1700000003.150000,1,300,300,116.91,568.99,1,1344,300/300/300/300/300/300
1700000003.200000,1,300,300,116.94,47.03,0,1344,300/300/300/300/300/300
1700000003.250000,1,300,300,116.96,48.73,0,1344,300/300/300/300/300/300
1700000003.300000,1,300,300,117.00,507.23,1,1393,300/300/300/300/300/300
1700000003.350000,1,300,300,116.99,48.75,0,1393,300/300/300/300/300/300
1700000003.400000,1,300,300,116.98,45.94,0,1393,300/300/300/300/300/300
1700000003.450000,1,300,300,116.97,519.32,1,1455,300/300/300/300/300/300
1700000003.500000,1,300,300,116.98,49.43,0,1455,300/300/300/300/300/300
1700000003.550000,1,300,300,116.96,46.15,0,1455,300/300/300/300/300/300
1700000003.600000,1,300,300,116.96,540.77,1,1500,300/300/300/300/300/300
1700000003.650000,1,300,300,116.95,54.97,0,1500,300/300/300/300/300/300
1700000003.700000,1,300,300,116.95,47.67,0,1500,300/300/300/300/300/300
1700000003.750000,1,300,300,116.94,561.35,1,1545,300/300/300/300/300/300
1700000003.800000,1,300,300,116.93,51.33,0,1545,300/300/300/300/300/300
1700000003.850000,1,300,300,116.92,48.39,0,1545,300/300/300/300/300/300
1700000003.900000,1,300,300,116.92,547.42,1,1560,300/300/300/300/300/300
1700000003.950000,1,300,300,116.91,47.40,0,1560,300/300/300/300/300/300
1700000004.000000,1,300,300,116.91,47.48,0,1560,300/300/300/300/300/300
1700000004.050000,1,300,300,116.88,535.81,1,1575,300/300/300/300/300/300
1700000004.100000,1,300,300,116.88,53.40,0,1575,300/300/300/300/300/300
1700000004.150000,1,300,300,116.90,49.91,0,1575,300/300/300/300/300/300
1700000004.200000,1,300,300,116.92,479.36,1,1498,300/300/300/300/300/300
1700000004.250000,1,300,300,116.95,49.81,0,1498,300/300/300/300/300/300
1700000004.300000,1,300,300,116.99,50.95,0,1498,300/300/300/300/300/300
1700000004.350000,1,300,300,116.99,353.96,1,1400,300/300/300/300/300/300
1700000004.400000,1,300,300,116.95,51.08,0,1400,300/300/300/300/300/300
1700000004.450000,1,300,300,116.94,48.75,0,1400,300/300/300/300/300/300
1700000004.500000,1,300,300,116.93,292.61,1,1411,300/300/300/300/300/300
1700000004.550000,1,300,300,116.93,47.44,0,1411,300/300/300/300/300/300
1700000004.600000,1,300,300,116.97,47.31,0,1411,300/300/300/300/300/300
1700000004.650000,1,300,300,116.99,239.55,1,1441,300/300/300/300/300/300
1700000004.700000,1,300,300,117.00,50.86,0,1441,300/300/300/300/300/300
1700000004.750000,1,300,300,117.02,48.85,0,1441,300/300/300/300/300/300
1700000004.800000,1,300,300,117.03,222.94,1,1473,300/300/300/300/300/300
1700000004.850000,1,300,300,117.02,46.84,0,1473,300/300/300/300/300/300
1700000004.900000,1,300,300,117.01,46.03,0,1473,300/300/300/300/300/300
1700000004.950000,1,300,300,117.03,219.26,1,1525,300/300/300/300/300/300
1700000005.000000,1,300,300,117.01,47.29,0,1525,300/300/300/300/300/300
1700000005.050000,1,300,300,116.98,49.55,0,1525,300/300/300/300/300/300
1700000005.100000,1,300,300,116.98,222.85,1,1579,300/300/300/300/300/300
1700000005.150000,1,300,300,116.94,52.45,0,1579,300/300/300/300/300/300
1700000005.200000,1,300,300,116.92,48.10,0,1579,300/300/300/300/300/300
1700000005.250000,1,300,300,116.89,233.13,1,1650,300/300/300/300/300/300
1700000005.300000,1,300,300,116.85,46.91,0,1650,300/300/300/300/300/300
1700000005.350000,1,300,300,116.81,49.34,0,1650,300/300/300/300/300/300
1700000005.400000,1,300,300,116.74,245.45,1,1712,300/300/300/300/300/300
1700000005.450000,1,300,300,116.68,49.92,0,1712,300/300/300/300/300/300
1700000005.500000,1,300,300,116.60,48.07,0,1712,300/300/300/300/300/300
1700000005.550000,1,300,300,116.52,257.86,1,1760,300/300/300/300/300/300
1700000005.600000,1,300,300,116.43,49.11,0,1760,300/300/300/300/300/300
1700000005.650000,1,300,300,116.36,51.04,0,1760,300/300/300/300/300/300
1700000005.700000,1,300,300,116.26,260.25,1,1823,300/300/300/300/300/300
1700000005.750000,1,300,300,116.17,48.39,0,1823,300/300/300/300/300/300
1700000005.800000,1,300,300,116.07,49.47,0,1823,300/300/300/300/300/300
1700000005.850000,1,300,300,115.96,339.32,1,1868,300/300/300/300/300/300
1700000005.900000,1,300,300,115.83,48.14,0,1868,300/300/300/300/300/300
1700000005.950000,1,300,300,115.68,52.15,0,1868,300/300/300/300/300/300
1700000006.000000,1,300,300,115.46,313.49,1,1933,300/300/300/300/300/300
1700000006.050000,1,300,300,115.23,51.05,0,1933,300/300/300/300/300/300
1700000006.100000,1,300,300,114.94,50.91,0,1933,300/300/300/300/300/300
1700000006.150000,1,300,300,114.60,344.54,1,1981,300/300/300/300/300/300
1700000006.200000,1,300,300,114.20,50.37,0,1981,300/300/300/300/300/300
1700000006.250000,1,300,300,113.73,62.32,0,1981,300/300/300/300/300/300
1700000006.300000,1,300,300,113.26,332.28,1,2010,300/300/300/300/300/300
1700000006.350000,1,300,300,112.78,49.16,0,2010,300/300/300/300/300/300
1700000006.400000,1,300,300,116.65,62.86,0,2010,300/300/300/300/300/300
1700000006.450000,1,300,300,116.62,294.96,1,2191,300/300/300/300/300/300
1700000006.500000,1,300,300,116.60,53.08,0,2191,300/300/300/300/300/300
1700000006.550000,1,300,300,116.58,44.32,0,2191,300/300/300/300/300/300
1700000006.600000,1,300,300,116.56,421.54,1,2296,300/300/300/300/300/300
1700000006.650000,1,300,300,116.55,49.22,0,2296,300/300/300/300/300/300
1700000006.700000,1,300,300,116.54,48.53,0,2296,300/300/300/300/300/300
1700000006.750000,1,300,300,116.53,383.83,1,2354,300/300/300/300/300/300
1700000006.800000,1,300,300,116.52,64.29,0,2354,300/300/300/300/300/300
1700000006.850000,1,300,300,110.64,75.85,0,2354,300/300/300/300/300/300
1700000006.900000,1,300,300,112.15,295.88,1,2307,300/300/300/300/300/300
1700000006.950000,1,300,300,113.37,51.52,0,2307,300/300/300/300/300/300
1700000007.000000,1,300,300,113.94,60.64,0,2307,300/300/300/300/300/300
1700000007.050000,1,300,300,114.26,359.76,1,2438,300/300/300/300/300/300
1700000007.100000,1,300,300,114.48,55.22,0,2438,300/300/300/300/300/300
1700000007.150000,1,300,300,114.63,51.82,0,2438,300/300/300/300/300/300
1700000007.200000,1,300,300,114.75,362.02,1,2572,300/300/300/300/300/300
1700000007.250000,1,300,300,114.88,53.05,0,2572,300/300/300/300/300/300
1700000007.300000,1,300,300,114.99,55.38,0,2572,300/300/300/300/300/300
1700000007.350000,1,300,300,115.08,239.18,1,2630,300/300/300/300/300/300
1700000007.400000,1,300,300,115.20,52.35,0,2630,300/300/300/300/300/300
1700000007.450000,1,300,300,115.28,51.07,0,2630,300/300/300/300/300/300
1700000007.500000,1,300,300,115.37,366.41,1,2648,300/300/300/300/300/300
1700000007.550000,1,300,300,115.45,53.55,0,2648,300/300/300/300/300/300
1700000007.600000,1,300,300,115.54,74.85,0,2648,300/300/300/300/300/300
1700000007.650000,1,300,300,115.63,337.76,1,2664,300/300/300/300/300/300
1700000007.700000,1,300,300,115.71,52.38,0,2664,300/300/300/300/300/300
1700000007.750000,1,300,300,115.79,54.93,0,2664,300/300/300/300/300/300
1700000007.800000,1,300,300,115.87,332.11,1,2665,300/300/300/300/300/300
1700000007.850000,1,300,300,115.95,51.75,0,2665,300/300/300/300/300/300
1700000007.900000,1,300,300,116.01,55.54,0,2665,300/300/300/300/300/300
1700000007.950000,1,300,300,116.07,326.49,1,2681,300/300/300/300/300/300
1700000008.000000,1,300,300,116.15,50.21,0,2681,300/300/300/300/300/300
1700000008.050000,1,300,300,116.21,49.91,0,2681,300/300/300/300/300/300
1700000008.100000,1,300,300,116.30,326.44,1,2654,300/300/300/300/300/300
1700000008.150000,1,300,300,116.36,48.20,0,2654,300/300/300/300/300/300
1700000008.200000,1,300,300,116.44,47.36,0,2654,300/300/300/300/300/300
1700000008.250000,1,300,300,116.51,327.15,1,2642,300/300/300/300/300/300
1700000008.300000,1,300,300,116.57,48.72,0,2642,300/300/300/300/300/300
1700000008.350000,1,300,300,116.64,49.04,0,2642,300/300/300/300/300/300
1700000008.400000,1,300,300,116.67,318.34,1,2589,300/300/300/300/300/300
1700000008.450000,1,300,300,116.69,48.38,0,2589,300/300/300/300/300/300
1700000008.500000,1,300,300,116.70,48.38,0,2589,300/300/300/300/300/300
1700000008.550000,1,300,300,116.72,304.48,1,2515,300/300/300/300/300/300
1700000008.600000,1,300,300,116.75,45.93,0,2515,300/300/300/300/300/300
1700000008.650000,1,300,300,116.81,47.82,0,2515,300/300/300/300/300/300
1700000008.700000,1,300,300,116.93,293.57,1,2436,300/300/300/300/300/300
1700000008.750000,1,300,300,117.04,47.10,0,2436,300/300/300/300/300/300
1700000008.800000,1,300,300,117.18,48.33,0,2436,300/300/300/300/300/300
1700000008.850000,1,300,300,117.28,293.55,1,2423,300/300/300/300/300/300
1700000008.900000,1,300,300,117.43,50.02,0,2423,300/300/300/300/300/300
1700000008.950000,1,300,300,117.58,50.30,0,2423,300/300/300/300/300/300
1700000009.000000,1,300,300,117.72,292.87,1,2399,300/300/300/300/300/300
1700000009.050000,1,300,300,117.83,48.68,0,2399,300/300/300/300/300/300
1700000009.100000,1,300,300,117.97,46.42,0,2399,300/300/300/300/300/300
1700000009.150000,1,300,300,118.09,301.21,1,2393,300/300/300/300/300/300
1700000009.200000,1,300,300,118.21,49.95,0,2393,300/300/300/300/300/300
1700000009.250000,1,300,300,118.32,46.92,0,2393,300/300/300/300/300/300
1700000009.300000,1,300,300,118.42,346.56,1,2334,300/300/300/300/300/300
1700000009.350000,1,300,300,118.51,50.16,0,2334,300/300/300/300/300/300
1700000009.400000,1,300,300,118.57,50.60,0,2334,300/300/300/300/300/300
1700000009.450000,1,300,300,118.57,310.02,1,2332,300/300/300/300/300/300
1700000009.500000,1,300,300,118.54,50.77,0,2332,300/300/300/300/300/300
1700000009.550000,1,300,300,118.52,48.29,0,2332,300/300/300/300/300/300
1700000009.600000,1,300,300,118.48,366.94,1,921,300/300/300/300/300/300
1700000009.650000,1,300,300,118.45,47.84,0,921,300/300/300/300/300/300
1700000009.700000,1,300,300,118.41,46.73,0,921,300/300/300/300/300/300
1700000009.750000,1,300,300,118.37,131.33,1,732,300/300/300/300/300/300
1700000009.800000,1,300,300,118.35,48.28,0,732,300/300/300/300/300/300
1700000009.850000,1,300,300,118.34,49.23,0,732,300/300/300/300/300/300
1700000009.900000,1,300,300,118.35,136.38,1,697,300/300/300/300/300/300
1700000009.950000,1,300,300,118.34,46.26,0,697,300/300/300/300/300/300
1700000010.000000,1,300,300,118.36,50.00,0,697,300/300/300/300/300/300
1700000010.050000,1,300,300,118.36,152.15,1,627,300/300/300/300/300/300
1700000010.100000,1,300,300,118.37,46.12,0,627,300/300/300/300/300/300
1700000010.150000,1,300,300,118.37,48.10,0,627,300/300/300/300/300/300
1700000010.200000,1,300,300,118.38,152.74,1,587,300/300/300/300/300/300
1700000010.250000,1,300,300,118.37,47.18,0,587,300/300/300/300/300/300
1700000010.300000,1,300,300,118.36,50.36,0,587,300/300/300/300/300/300
1700000010.350000,1,300,300,118.35,161.89,1,554,300/300/300/300/300/300
1700000010.400000,1,300,300,118.33,48.37,0,554,300/300/300/300/300/300
1700000010.450000,1,300,300,118.32,48.48,0,554,300/300/300/300/300/300
1700000010.500000,1,300,300,118.29,159.63,1,473,300/300/300/300/300/300
1700000010.550000,1,300,300,118.27,48.28,0,473,300/300/300/300/300/300
1700000010.600000,1,300,300,118.27,47.47,0,473,300/300/300/300/300/300
1700000010.650000,1,300,300,118.28,169.69,1,387,300/300/300/300/300/300
1700000010.700000,1,300,300,118.28,48.59,0,387,300/300/300/300/300/300
1700000010.750000,1,300,300,118.29,48.39,0,387,300/300/300/300/300/300
1700000010.800000,1,300,300,118.28,165.88,1,347,300/300/300/300/300/300
1700000010.850000,1,300,300,118.31,46.81,0,347,300/300/300/300/300/300
1700000010.900000,1,300,300,118.29,49.88,0,347,300/300/300/300/300/300
1700000010.950000,1,300,300,118.32,171.98,1,337,300/300/300/300/300/300
1700000011.000000,1,300,300,118.30,49.07,0,337,300/300/300/300/300/300
1700000011.050000,1,300,300,118.30,50.59,0,337,300/300/300/300/300/300
1700000011.100000,1,300,300,118.29,176.03,1,330,300/300/300/300/300/300
1700000011.150000,1,300,300,118.26,48.13,0,330,300/300/300/300/300/300
1700000011.200000,1,300,300,118.23,50.86,0,330,300/300/300/300/300/300
1700000011.250000,1,300,300,118.18,184.29,1,336,300/300/300/300/300/300
1700000011.300000,1,300,300,118.13,48.44,0,336,300/300/300/300/300/300
1700000011.350000,1,300,300,118.08,48.72,0,336,300/300/300/300/300/300
1700000011.400000,1,300,300,118.05,182.21,1,336,300/300/300/300/300/300
1700000011.450000,1,300,300,117.98,46.93,0,336,300/300/300/300/300/300
1700000011.500000,1,300,300,117.91,49.09,0,336,300/300/300/300/300/300
1700000011.550000,1,300,300,117.83,196.13,1,333,300/300/300/300/300/300
1700000011.600000,1,300,300,117.74,49.09,0,333,300/300/300/300/300/300
1700000011.650000,1,300,300,117.64,46.10,0,333,300/300/300/300/300/300
1700000011.700000,1,300,300,117.57,203.61,1,325,300/300/300/300/300/300
1700000011.750000,1,300,300,117.47,47.19,0,325,300/300/300/300/300/300
1700000011.800000,1,300,300,117.38,48.08,0,325,300/300/300/300/300/300
1700000011.850000,1,300,300,117.26,212.36,1,315,300/300/300/300/300/300
1700000011.900000,1,300,300,117.13,50.19,0,315,300/300/300/300/300/300
1700000011.950000,1,300,300,117.03,48.90,0,315,300/300/300/300/300/300
1700000012.000000,1,300,300,116.92,216.06,1,302,300/300/300/300/300/300
1700000012.050000,1,300,300,116.80,45.66,0,302,300/300/300/300/300/300
1700000012.100000,1,300,300,116.68,47.71,0,302,300/300/300/300/300/300
1700000012.150000,1,300,300,116.55,220.98,1,297,300/300/300/300/300/300
1700000012.200000,1,300,300,116.42,47.15,0,297,300/300/300/300/300/300
1700000012.250000,1,300,300,116.30,44.76,0,297,300/300/300/300/300/300
1700000012.300000,1,300,300,116.17,226.12,1,265,300/300/300/300/300/300
1700000012.350000,1,300,300,116.05,48.75,0,265,300/300/300/300/300/300
1700000012.400000,1,300,300,115.94,46.84,0,265,300/300/300/300/300/300
1700000012.450000,1,300,300,115.83,241.74,1,252,300/300/300/300/300/300
1700000012.500000,1,300,300,115.72,49.32,0,252,300/300/300/300/300/300
1700000012.550000,1,300,300,115.63,47.84,0,252,300/300/300/300/300/300
1700000012.600000,1,300,300,115.51,249.38,1,237,300/300/300/300/300/300
1700000012.650000,1,300,300,115.39,47.12,0,237,300/300/300/300/300/300
1700000012.700000,1,300,300,115.31,46.04,0,237,300/300/300/300/300/300
1700000012.750000,1,300,300,115.19,302.22,1,229,300/300/300/300/300/300
1700000012.800000,1,300,300,115.11,46.93,0,229,300/300/300/300/300/300
1700000012.850000,1,300,300,114.99,45.55,0,229,300/300/300/300/300/300
1700000012.900000,1,300,300,114.90,271.41,1,219,300/300/300/300/300/300
1700000012.950000,1,300,300,114.81,47.67,0,219,300/300/300/300/300/300
1700000013.000000,1,300,300,114.71,47.67,0,219,300/300/300/300/300/300
1700000013.050000,1,300,300,114.63,273.34,1,216,300/300/300/300/300/300
1700000013.100000,1,300,300,114.54,47.30,0,216,300/300/300/300/300/300
1700000013.150000,1,300,300,114.47,46.26,0,216,300/300/300/300/300/300
1700000013.200000,1,300,300,114.39,289.10,1,213,300/300/300/300/300/300
1700000013.250000,1,300,300,114.33,48.68,0,213,300/300/300/300/300/300
1700000013.300000,1,300,300,114.26,46.20,0,213,300/300/300/300/300/300
1700000013.350000,1,300,300,114.21,296.07,1,222,300/300/300/300/300/300
1700000013.400000,1,300,300,114.16,47.00,0,222,300/300/300/300/300/300
1700000013.450000,1,300,300,114.13,47.09,0,222,300/300/300/300/300/300
1700000013.500000,1,300,300,114.07,300.47,1,224,300/300/300/300/300/300
1700000013.550000,1,300,300,114.05,47.53,0,224,300/300/300/300/300/300
1700000013.600000,1,300,300,114.02,47.83,0,224,300/300/300/300/300/300
1700000013.650000,1,300,300,114.00,302.00,1,240,300/300/300/300/300/300
1700000013.700000,1,300,300,113.98,47.28,0,240,300/300/300/300/300/300
1700000013.750000,1,300,300,114.00,46.45,0,240,300/300/300/300/300/300
1700000013.800000,1,300,300,114.00,382.73,1,308,300/300/300/300/300/300
1700000013.850000,1,300,300,114.01,47.09,0,308,300/300/300/300/300/300
1700000013.900000,1,300,300,114.02,45.69,0,308,300/300/300/300/300/300
1700000013.950000,1,300,300,114.01,260.59,1,344,300/300/300/300/300/300
1700000014.000000,1,300,300,114.04,46.93,0,344,300/300/300/300/300/300
1700000014.050000,1,300,300,114.05,49.46,0,344,300/300/300/300/300/300
1700000014.100000,1,300,300,114.08,245.72,1,515,300/300/300/300/300/300
1700000014.150000,1,300,300,114.09,47.89,0,515,300/300/300/300/300/300
1700000014.200000,1,300,300,114.13,48.63,0,515,300/300/300/300/300/300
1700000014.250000,1,300,300,114.13,187.07,1,631,300/300/300/300/300/300
1700000014.300000,1,300,300,114.16,48.40,0,631,300/300/300/300/300/300
1700000014.350000,1,300,300,114.18,48.99,0,631,300/300/300/300/300/300
1700000014.400000,1,300,300,114.21,186.12,1,679,300/300/300/300/300/300
1700000014.450000,1,300,300,114.21,47.21,0,679,300/300/300/300/300/300
1700000014.500000,1,300,300,114.23,49.28,0,679,300/300/300/300/300/300
1700000014.550000,1,300,300,114.24,187.31,1,735,300/300/300/300/300/300
1700000014.600000,1,300,300,114.25,48.76,0,735,300/300/300/300/300/300
1700000014.650000,1,300,300,114.24,47.86,0,735,300/300/300/300/300/300
1700000014.700000,1,300,300,114.25,189.33,1,759,300/300/300/300/300/300
1700000014.750000,1,300,300,114.26,48.50,0,759,300/300/300/300/300/300
1700000014.800000,1,300,300,114.25,48.54,0,759,300/300/300/300/300/300
1700000014.850000,1,300,300,114.25,189.70,1,789,300/300/300/300/300/300
1700000014.900000,1,300,300,114.26,48.81,0,789,300/300/300/300/300/300
1700000014.950000,1,300,300,114.27,48.58,0,789,300/300/300/300/300/300
1700000015.000000,1,300,300,114.27,191.99,1,819,300/300/300/300/300/300
1700000015.050000,1,300,300,114.27,46.39,0,819,300/300/300/300/300/300
1700000015.100000,1,300,300,114.28,47.93,0,819,300/300/300/300/300/300
1700000015.150000,1,300,300,114.28,189.06,1,893,300/300/300/300/300/300
1700000015.200000,1,300,300,114.28,48.35,0,893,300/300/300/300/300/300
1700000015.250000,1,300,300,114.29,47.19,0,893,300/300/300/300/300/300
1700000015.300000,1,300,300,114.29,186.73,1,951,300/300/300/300/300/300
1700000015.350000,1,300,300,114.29,49.33,0,951,300/300/300/300/300/300
1700000015.400000,1,300,300,114.29,47.41,0,951,300/300/300/300/300/300
1700000015.450000,1,300,300,114.30,192.01,1,996,300/300/300/300/300/300
1700000015.500000,1,300,300,114.30,51.04,0,996,300/300/300/300/300/300
1700000015.550000,1,300,300,114.32,50.36,0,996,300/300/300/300/300/300
1700000015.600000,1,300,300,114.31,198.89,1,1018,300/300/300/300/300/300
1700000015.650000,1,300,300,114.32,49.96,0,1018,300/300/300/300/300/300
1700000015.700000,1,300,300,114.33,46.52,0,1018,300/300/300/300/300/300
1700000015.750000,1,300,300,114.32,195.64,1,1049,300/300/300/300/300/300
1700000015.800000,1,300,300,114.35,46.41,0,1049,300/300/300/300/300/300
1700000015.850000,1,300,300,114.34,47.73,0,1049,300/300/300/300/300/300
1700000015.900000,1,300,300,114.35,204.30,1,1099,300/300/300/300/300/300
1700000015.950000,1,300,300,114.35,46.52,0,1099,300/300/300/300/300/300
1700000016.000000,1,300,300,114.35,47.61,0,1099,300/300/300/300/300/300
1700000016.050000,1,300,300,114.36,208.23,1,1163,300/300/300/300/300/300
1700000016.100000,1,300,300,114.39,50.22,0,1163,300/300/300/300/300/300
1700000016.150000,1,300,300,114.39,49.59,0,1163,300/300/300/300/300/300
1700000016.200000,1,300,300,114.41,214.18,1,1197,300/300/300/300/300/300
1700000016.250000,1,300,300,114.45,47.56,0,1197,300/300/300/300/300/300
1700000016.300000,1,300,300,114.48,47.63,0,1197,300/300/300/300/300/300
1700000016.350000,1,300,300,114.47,218.95,1,1234,300/300/300/300/300/300
1700000016.400000,1,300,300,114.50,49.19,0,1234,300/300/300/300/300/300
1700000016.450000,1,300,300,114.53,47.76,0,1234,300/300/300/300/300/300
1700000016.500000,1,300,300,114.54,229.63,1,1264,300/300/300/300/300/300
1700000016.550000,1,300,300,114.55,49.27,0,1264,300/300/300/300/300/300
1700000016.600000,1,300,300,114.58,48.19,0,1264,300/300/300/300/300/300
1700000016.650000,1,300,300,114.58,238.27,1,1318,300/300/300/300/300/300
1700000016.700000,1,300,300,114.59,48.24,0,1318,300/300/300/300/300/300
1700000016.750000,1,300,300,114.60,50.46,0,1318,300/300/300/300/300/300
1700000016.800000,1,300,300,114.60,245.97,1,1352,300/300/300/300/300/300
1700000016.850000,1,300,300,114.60,49.39,0,1352,300/300/300/300/300/300
1700000016.900000,1,300,300,114.60,48.54,0,1352,300/300/300/300/300/300
1700000016.950000,1,300,300,114.60,248.68,1,1383,300/300/300/300/300/300
1700000017.000000,1,300,300,114.61,49.71,0,1383,300/300/300/300/300/300
1700000017.050000,1,300,300,114.61,49.24,0,1383,300/300/300/300/300/300
1700000017.100000,1,300,300,114.61,355.45,1,1528,300/300/300/300/300/300
1700000017.150000,1,300,300,114.62,48.58,0,1528,300/300/300/300/300/300
1700000017.200000,1,300,300,114.62,48.83,0,1528,300/300/300/300/300/300
1700000017.250000,1,300,300,114.64,375.59,1,1566,300/300/300/300/300/300
1700000017.300000,1,300,300,114.67,49.09,0,1566,300/300/300/300/300/300
1700000017.350000,1,300,300,114.68,49.39,0,1566,300/300/300/300/300/300
1700000017.400000,1,300,300,114.71,308.83,1,1572,300/300/300/300/300/300
1700000017.450000,1,300,300,114.73,47.11,0,1572,300/300/300/300/300/300
1700000017.500000,1,300,300,114.77,49.49,0,1572,300/300/300/300/300/300
1700000017.550000,1,300,300,114.80,254.40,1,1589,300/300/300/300/300/300
1700000017.600000,1,300,300,114.84,49.56,0,1589,300/300/300/300/300/300
1700000017.650000,1,300,300,114.89,48.37,0,1589,300/300/300/300/300/300
1700000017.700000,1,300,300,114.94,295.50,1,1608,300/300/300/300/300/300
1700000017.750000,1,300,300,115.00,49.64,0,1608,300/300/300/300/300/300
1700000017.800000,1,300,300,115.05,48.80,0,1608,300/300/300/300/300/300
1700000017.850000,1,300,300,115.11,300.41,1,1622,300/300/300/300/300/300
1700000017.900000,1,300,300,115.15,48.94,0,1622,300/300/300/300/300/300
1700000017.950000,1,300,300,115.21,50.11,0,1622,300/300/300/300/300/300
1700000018.000000,1,300,300,115.26,318.69,1,1627,300/300/300/300/300/300
1700000018.050000,1,300,300,115.31,50.46,0,1627,300/300/300/300/300/300
1700000018.100000,1,300,300,115.36,52.86,0,1627,300/300/300/300/300/300
1700000018.150000,1,300,300,115.40,387.24,1,1572,300/300/300/300/300/300
1700000018.200000,1,300,300,115.41,50.07,0,1572,300/300/300/300/300/300
1700000018.250000,1,300,300,115.45,48.03,0,1572,300/300/300/300/300/300
1700000018.300000,1,300,300,115.47,260.52,1,1582,300/300/300/300/300/300
1700000018.350000,1,300,300,115.50,48.04,0,1582,300/300/300/300/300/300
1700000018.400000,1,300,300,115.52,50.61,0,1582,300/300/300/300/300/300
1700000018.450000,1,300,300,115.54,270.62,1,1617,300/300/300/300/300/300
1700000018.500000,1,300,300,115.56,49.53,0,1617,300/300/300/300/300/300
1700000018.550000,1,300,300,115.55,48.68,0,1617,300/300/300/300/300/300
1700000018.600000,1,300,300,115.54,321.45,1,1602,300/300/300/300/300/300
1700000018.650000,1,300,300,115.55,49.90,0,1602,300/300/300/300/300/300
1700000018.700000,1,300,300,115.55,49.47,0,1602,300/300/300/300/300/300
1700000018.750000,1,300,300,115.55,326.22,1,1620,300/300/300/300/300/300
1700000018.800000,1,300,300,115.56,50.58,0,1620,300/300/300/300/300/300
1700000018.850000,1,300,300,115.56,49.70,0,1620,300/300/300/300/300/300
1700000018.900000,1,300,300,115.58,272.70,1,1613,300/300/300/300/300/300
1700000018.950000,1,300,300,115.59,49.19,0,1613,300/300/300/300/300/300
1700000019.000000,1,300,300,115.59,49.45,0,1613,300/300/300/300/300/300
1700000019.050000,1,300,300,115.59,332.58,1,1617,300/300/300/300/300/300
1700000019.100000,1,300,300,115.61,49.06,0,1617,300/300/300/300/300/300
1700000019.150000,1,300,300,115.59,51.11,0,1617,300/300/300/300/300/300
1700000019.200000,1,300,300,115.60,331.26,1,1633,300/300/300/300/300/300
1700000019.250000,1,300,300,115.60,48.12,0,1633,300/300/300/300/300/300
1700000019.300000,1,300,300,115.58,47.93,0,1633,300/300/300/300/300/300
1700000019.350000,1,300,300,115.57,323.56,1,1646,300/300/300/300/300/300
1700000019.400000,1,300,300,115.59,46.86,0,1646,300/300/300/300/300/300
1700000019.450000,1,300,300,115.60,46.12,0,1646,300/300/300/300/300/300
1700000019.500000,1,300,300,115.62,327.98,1,1659,300/300/300/300/300/300
1700000019.550000,1,300,300,115.61,49.88,0,1659,300/300/300/300/300/300
1700000019.600000,1,300,300,115.62,47.77,0,1659,300/300/300/300/300/300
1700000019.650000,1,300,300,115.61,331.88,1,1668,300/300/300/300/300/300
1700000019.700000,1,300,300,115.60,49.56,0,1668,300/300/300/300/300/300
1700000019.750000,1,300,300,115.57,49.35,0,1668,300/300/300/300/300/300
1700000019.800000,1,300,300,115.58,336.94,1,1688,300/300/300/300/300/300
1700000019.850000,1,300,300,115.57,49.80,0,1688,300/300/300/300/300/300
1700000019.900000,1,300,300,115.55,49.77,0,1688,300/300/300/300/300/300
1700000019.950000,1,300,300,115.53,273.62,1,1703,300/300/300/300/300/300
1700000020.000000,1,300,300,115.52,48.61,0,1703,300/300/300/300/300/300
1700000020.050000,1,300,300,115.48,47.27,0,1703,300/300/300/300/300/300
1700000020.100000,1,300,300,115.46,279.30,1,1693,300/300/300/300/300/300
1700000020.150000,1,300,300,115.43,47.75,0,1693,300/300/300/300/300/300
1700000020.200000,1,300,300,115.40,46.04,0,1693,300/300/300/300/300/300
1700000020.250000,1,300,300,115.39,366.16,1,1698,300/300/300/300/300/300
1700000020.300000,1,300,300,115.34,46.62,0,1698,300/300/300/300/300/300
1700000020.350000,1,300,300,115.30,47.61,0,1698,300/300/300/300/300/300
1700000020.400000,1,300,300,115.28,265.95,1,1694,300/300/300/300/300/300
1700000020.450000,1,300,300,115.23,46.33,0,1694,300/300/300/300/300/300
1700000020.500000,1,300,300,115.19,46.50,0,1694,300/300/300/300/300/300
1700000020.550000,1,300,300,115.15,382.33,1,1682,300/300/300/300/300/300
1700000020.600000,1,300,300,115.11,49.27,0,1682,300/300/300/300/300/300
1700000020.650000,1,300,300,115.05,46.98,0,1682,300/300/300/300/300/300
1700000020.700000,1,300,300,114.97,274.30,1,1647,300/300/300/300/300/300
1700000020.750000,1,300,300,114.90,47.85,0,1647,300/300/300/300/300/300
1700000020.800000,1,300,300,114.80,46.37,0,1647,300/300/300/300/300/300
1700000020.850000,1,300,300,114.70,273.42,1,1635,300/300/300/300/300/300
1700000020.900000,1,300,300,114.60,46.41,0,1635,300/300/300/300/300/300
1700000020.950000,1,300,300,114.47,47.05,0,1635,300/300/300/300/300/300
1700000021.000000,1,300,300,114.36,301.64,1,1643,300/300/300/300/300/300
1700000021.050000,1,300,300,114.32,46.14,0,1643,300/300/300/300/300/300
1700000021.100000,1,300,300,114.27,46.32,0,1643,300/300/300/300/300/300
1700000021.150000,1,300,300,114.21,359.23,1,1642,300/300/300/300/300/300
1700000021.200000,1,300,300,114.15,45.97,0,1642,300/300/300/300/300/300
1700000021.250000,1,300,300,114.09,45.35,0,1642,300/300/300/300/300/300
1700000021.300000,1,300,300,114.02,245.89,1,1640,300/300/300/300/300/300
1700000021.350000,1,300,300,113.98,44.80,0,1640,300/300/300/300/300/300
1700000021.400000,1,300,300,113.93,46.68,0,1640,300/300/300/300/300/300
1700000021.450000,1,300,300,113.86,253.46,1,1640,300/300/300/300/300/300
1700000021.500000,1,300,300,113.78,45.99,0,1640,300/300/300/300/300/300
1700000021.550000,1,300,300,113.67,44.94,0,1640,300/300/300/300/300/300
1700000021.600000,1,300,300,113.58,253.17,1,1622,300/300/300/300/300/300
1700000021.650000,1,300,300,113.48,45.74,0,1622,300/300/300/300/300/300
1700000021.700000,1,300,300,113.36,45.81,0,1622,300/300/300/300/300/300
1700000021.750000,1,300,300,113.28,258.88,1,1613,300/300/300/300/300/300
1700000021.800000,1,300,300,113.18,48.17,0,1613,300/300/300/300/300/300
1700000021.850000,1,300,300,113.08,45.05,0,1613,300/300/300/300/300/300
1700000021.900000,1,300,300,113.01,261.13,1,1589,300/300/300/300/300/300
1700000021.950000,1,300,300,112.95,47.65,0,1589,300/300/300/300/300/300
1700000022.000000,1,300,300,112.86,49.02,0,1589,300/300/300/300/300/300
1700000022.050000,1,300,300,112.80,267.72,1,1590,300/300/300/300/300/300
1700000022.100000,1,300,300,112.73,49.71,0,1590,300/300/300/300/300/300
1700000022.150000,1,300,300,112.67,47.20,0,1590,300/300/300/300/300/300
1700000022.200000,1,300,300,112.60,265.34,1,1573,300/300/300/300/300/300
1700000022.250000,1,300,300,112.55,47.97,0,1573,300/300/300/300/300/300
1700000022.300000,1,300,300,112.48,45.44,0,1573,300/300/300/300/300/300
1700000022.350000,1,300,300,112.43,224.44,1,1535,300/300/300/300/300/300
1700000022.400000,1,300,300,112.38,47.90,0,1535,300/300/300/300/300/300
1700000022.450000,1,300,300,112.34,45.96,0,1535,300/300/300/300/300/300
1700000022.500000,1,300,300,112.32,222.89,1,1509,300/300/300/300/300/300
1700000022.550000,1,300,300,112.30,45.62,0,1509,300/300/300/300/300/300
1700000022.600000,1,300,300,112.27,46.69,0,1509,300/300/300/300/300/300
1700000022.650000,1,300,300,112.26,227.48,1,1523,300/300/300/300/300/300
1700000022.700000,1,300,300,112.24,45.94,0,1523,300/300/300/300/300/300
1700000022.750000,1,300,300,112.23,45.69,0,1523,300/300/300/300/300/300
1700000022.800000,1,300,300,112.22,227.25,1,1496,300/300/300/300/300/300
1700000022.850000,1,300,300,112.23,46.85,0,1496,300/300/300/300/300/300
1700000022.900000,1,300,300,112.24,46.16,0,1496,300/300/300/300/300/300
1700000022.950000,1,300,300,112.24,309.84,1,1489,300/300/300/300/300/300
1700000023.000000,1,300,300,112.22,47.33,0,1489,300/300/300/300/300/300
1700000023.050000,1,300,300,112.25,45.77,0,1489,300/300/300/300/300/300
1700000023.100000,1,300,300,112.25,321.67,1,1481,300/300/300/300/300/300
1700000023.150000,1,300,300,112.29,45.55,0,1481,300/300/300/300/300/300
1700000023.200000,1,300,300,112.31,45.77,0,1481,300/300/300/300/300/300
1700000023.250000,1,300,300,112.34,305.31,1,1456,300/300/300/300/300/300
1700000023.300000,1,300,300,112.37,45.70,0,1456,300/300/300/300/300/300
1700000023.350000,1,300,300,112.40,45.78,0,1456,300/300/300/300/300/300
1700000023.400000,1,300,300,112.46,308.40,1,1429,300/300/300/300/300/300
1700000023.450000,1,300,300,112.50,45.63,0,1429,300/300/300/300/300/300
1700000023.500000,1,300,300,112.55,49.59,0,1429,300/300/300/300/300/300
1700000023.550000,1,300,300,112.62,294.75,1,1421,300/300/300/300/300/300
1700000023.600000,1,300,300,112.68,49.32,0,1421,300/300/300/300/300/300
1700000023.650000,1,300,300,112.73,46.52,0,1421,300/300/300/300/300/300
1700000023.700000,1,300,300,112.80,328.00,1,1414,300/300/300/300/300/300
1700000023.750000,1,300,300,112.86,46.14,0,1414,300/300/300/300/300/300
1700000023.800000,1,300,300,112.92,45.84,0,1414,300/300/300/300/300/300
1700000023.850000,1,300,300,112.96,256.77,1,1403,300/300/300/300/300/300
1700000023.900000,1,300,300,113.02,45.10,0,1403,300/300/300/300/300/300
1700000023.950000,1,300,300,113.08,45.52,0,1403,300/300/300/300/300/300
1700000024.000000,1,300,300,113.13,250.99,1,1368,300/300/300/300/300/300
1700000024.050000,1,300,300,113.20,44.98,0,1368,300/300/300/300/300/300
1700000024.100000,1,300,300,113.24,44.44,0,1368,300/300/300/300/300/300
1700000024.150000,1,300,300,113.29,245.70,1,1375,300/300/300/300/300/300
1700000024.200000,1,300,300,113.32,46.88,0,1375,300/300/300/300/300/300
1700000024.250000,1,300,300,113.34,46.30,0,1375,300/300/300/300/300/300
1700000024.300000,1,300,300,113.36,331.67,1,1370,300/300/300/300/300/300
1700000024.350000,1,300,300,113.37,47.13,0,1370,300/300/300/300/300/300
1700000024.400000,1,300,300,113.40,46.57,0,1370,300/300/300/300/300/300
1700000024.450000,1,300,300,113.41,233.38,1,1357,300/300/300/300/300/300
1700000024.500000,1,300,300,113.42,46.60,0,1357,300/300/300/300/300/300
1700000024.550000,1,300,300,113.44,46.56,0,1357,300/300/300/300/300/300
1700000024.600000,1,300,300,113.45,234.25,1,1356,300/300/300/300/300/300
1700000024.650000,1,300,300,113.46,46.91,0,1356,300/300/300/300/300/300
1700000024.700000,1,300,300,113.49,49.18,0,1356,300/300/300/300/300/300
1700000024.750000,1,300,300,113.50,284.40,1,1347,300/300/300/300/300/300
1700000024.800000,1,300,300,113.51,45.85,0,1347,300/300/300/300/300/300
1700000024.850000,1,300,300,113.50,45.55,0,1347,300/300/300/300/300/300
1700000024.900000,1,300,300,113.55,310.69,1,1339,300/300/300/300/300/300
1700000024.950000,1,300,300,113.54,52.42,0,1339,300/300/300/300/300/300
1700000025.000000,1,300,300,113.56,48.12,0,1339,300/300/300/300/300/300
1700000025.050000,1,300,300,113.58,312.86,1,1333,300/300/300/300/300/300
1700000025.100000,1,300,300,113.60,45.65,0,1333,300/300/300/300/300/300
1700000025.150000,1,300,300,113.61,46.52,0,1333,300/300/300/300/300/300
1700000025.200000,1,300,300,113.62,308.87,1,1318,300/300/300/300/300/300
1700000025.250000,1,300,300,113.65,47.23,0,1318,300/300/300/300/300/300
1700000025.300000,1,300,300,113.67,46.52,0,1318,300/300/300/300/300/300
1700000025.350000,1,300,300,113.68,203.07,1,1316,300/300/300/300/300/300
1700000025.400000,1,300,300,113.70,47.92,0,1316,300/300/300/300/300/300
1700000025.450000,1,300,300,113.72,46.85,0,1316,300/300/300/300/300/300
1700000025.500000,1,300,300,113.72,236.48,1,1311,300/300/300/300/300/300
1700000025.550000,1,300,300,113.74,45.00,0,1311,300/300/300/300/300/300
1700000025.600000,1,300,300,113.76,45.78,0,1311,300/300/300/300/300/300
1700000025.650000,1,300,300,113.79,239.39,1,1334,300/300/300/300/300/300
1700000025.700000,1,300,300,113.79,46.27,0,1334,300/300/300/300/300/300
1700000025.750000,1,300,300,113.83,45.31,0,1334,300/300/300/300/300/300
1700000025.800000,1,300,300,113.84,305.46,1,1332,300/300/300/300/300/300
1700000025.850000,1,300,300,113.85,47.36,0,1332,300/300/300/300/300/300
1700000025.900000,1,300,300,113.85,45.65,0,1332,300/300/300/300/300/300
1700000025.950000,1,300,300,113.87,234.26,1,1351,300/300/300/300/300/300
1700000026.000000,1,300,300,113.88,46.26,0,1351,300/300/300/300/300/300
1700000026.050000,1,300,300,113.90,48.13,0,1351,300/300/300/300/300/300
1700000026.100000,1,300,300,113.90,310.65,1,1328,300/300/300/300/300/300
1700000026.150000,1,300,300,113.92,47.33,0,1328,300/300/300/300/300/300
1700000026.200000,1,300,300,113.90,46.51,0,1328,300/300/300/300/300/300
1700000026.250000,1,300,300,113.89,256.25,1,1337,300/300/300/300/300/300
1700000026.300000,1,300,300,113.90,47.07,0,1337,300/300/300/300/300/300
1700000026.350000,1,300,300,113.88,46.79,0,1337,300/300/300/300/300/300
1700000026.400000,1,300,300,113.88,257.00,1,1325,300/300/300/300/300/300
1700000026.450000,1,300,300,113.87,47.00,0,1325,300/300/300/300/300/300
1700000026.500000,1,300,300,113.87,47.45,0,1325,300/300/300/300/300/300
1700000026.550000,1,300,300,113.88,228.24,1,1307,300/300/300/300/300/300
1700000026.600000,1,300,300,113.86,48.42,0,1307,300/300/300/300/300/300
1700000026.650000,1,300,300,113.86,46.62,0,1307,300/300/300/300/300/300
1700000026.700000,1,300,300,113.86,390.05,1,1323,300/300/300/300/300/300
1700000026.750000,1,300,300,113.87,49.47,0,1323,300/300/300/300/300/300
1700000026.800000,1,300,300,113.87,48.15,0,1323,300/300/300/300/300/300
1700000026.850000,1,300,300,113.88,319.15,1,1330,300/300/300/300/300/300
1700000026.900000,1,300,300,113.86,49.51,0,1330,300/300/300/300/300/300
1700000026.950000,1,300,300,113.87,49.03,0,1330,300/300/300/300/300/300
1700000027.000000,1,300,300,113.85,369.07,1,1334,300/300/300/300/300/300
1700000027.050000,1,300,300,113.86,50.90,0,1334,300/300/300/300/300/300
1700000027.100000,1,300,300,113.85,50.13,0,1334,300/300/300/300/300/300
1700000027.150000,1,300,300,113.87,279.24,1,1327,300/300/300/300/300/300
1700000027.200000,1,300,300,113.87,48.69,0,1327,300/300/300/300/300/300
1700000027.250000,1,300,300,113.88,48.25,0,1327,300/300/300/300/300/300
1700000027.300000,1,300,300,113.89,305.66,1,1315,300/300/300/300/300/300
1700000027.350000,1,300,300,113.90,50.92,0,1315,300/300/300/300/300/300
1700000027.400000,1,300,300,113.93,52.00,0,1315,300/300/300/300/300/300
1700000027.450000,1,300,300,113.94,362.25,1,1313,300/300/300/300/300/300
1700000027.500000,1,300,300,113.95,46.98,0,1313,300/300/300/300/300/300
1700000027.550000,1,300,300,113.97,46.63,0,1313,300/300/300/300/300/300
1700000027.600000,1,300,300,114.01,332.80,1,1312,300/300/300/300/300/300
1700000027.650000,1,300,300,114.04,48.39,0,1312,300/300/300/300/300/300
1700000027.700000,1,300,300,114.07,46.75,0,1312,300/300/300/300/300/300
1700000027.750000,1,300,300,114.04,241.68,1,1317,300/300/300/300/300/300
1700000027.800000,1,300,300,113.98,48.55,0,1317,300/300/300/300/300/300
1700000027.850000,1,300,300,113.93,48.19,0,1317,300/300/300/300/300/300
1700000027.900000,1,300,300,113.86,242.00,1,1299,300/300/300/300/300/300
1700000027.950000,1,300,300,113.80,48.81,0,1299,300/300/300/300/300/300
1700000028.000000,1,300,300,113.73,48.54,0,1299,300/300/300/300/300/300
1700000028.050000,1,300,300,113.67,249.38,1,1314,300/300/300/300/300/300
1700000028.100000,1,300,300,113.63,51.01,0,1314,300/300/300/300/300/300
1700000028.150000,1,300,300,113.58,49.73,0,1314,300/300/300/300/300/300
1700000028.200000,1,300,300,113.55,247.15,1,1291,300/300/300/300/300/300
1700000028.250000,1,300,300,113.52,51.73,0,1291,300/300/300/300/300/300
1700000028.300000,1,300,300,113.50,48.44,0,1291,300/300/300/300/300/300
1700000028.350000,1,300,300,113.47,241.89,1,1313,300/300/300/300/300/300
1700000028.400000,1,300,300,113.41,52.26,0,1313,300/300/300/300/300/300
1700000028.450000,1,300,300,113.36,49.33,0,1313,300/300/300/300/300/300
1700000028.500000,1,300,300,113.32,242.09,1,1324,300/300/300/300/300/300
1700000028.550000,1,300,300,113.29,51.07,0,1324,300/300/300/300/300/300
1700000028.600000,1,300,300,113.26,48.24,0,1324,300/300/300/300/300/300
1700000028.650000,1,300,300,113.25,245.84,1,1335,300/300/300/300/300/300
1700000028.700000,1,300,300,113.24,50.51,0,1335,300/300/300/300/300/300
1700000028.750000,1,300,300,113.20,53.19,0,1335,300/300/300/300/300/300
1700000028.800000,1,300,300,113.22,244.21,1,1330,300/300/300/300/300/300
1700000028.850000,1,300,300,113.21,49.75,0,1330,300/300/300/300/300/300
1700000028.900000,1,300,300,113.20,51.35,0,1330,300/300/300/300/300/300
1700000028.950000,1,300,300,113.20,241.09,1,1354,300/300/300/300/300/300
1700000029.000000,1,300,300,113.20,51.50,0,1354,300/300/300/300/300/300
1700000029.050000,1,300,300,113.21,53.43,0,1354,300/300/300/300/300/300
1700000029.100000,1,300,300,113.21,242.49,1,1342,300/300/300/300/300/300
1700000029.150000,1,300,300,113.21,48.62,0,1342,300/300/300/300/300/300
1700000029.200000,1,300,300,113.19,51.27,0,1342,300/300/300/300/300/300
1700000029.250000,1,300,300,113.16,235.10,1,1346,300/300/300/300/300/300
1700000029.300000,1,300,300,113.13,50.77,0,1346,300/300/300/300/300/300
1700000029.350000,1,300,300,113.14,51.79,0,1346,300/300/300/300/300/300
1700000029.400000,1,300,300,113.11,237.43,1,1353,300/300/300/300/300/300
1700000029.450000,1,300,300,113.08,54.03,0,1353,300/300/300/300/300/300
1700000029.500000,1,300,300,113.06,52.94,0,1353,300/300/300/300/300/300
1700000029.550000,1,300,300,113.03,238.17,1,1349,300/300/300/300/300/300
1700000029.600000,1,300,300,113.03,52.00,0,1349,300/300/300/300/300/300
1700000029.650000,1,300,300,113.00,53.31,0,1349,300/300/300/300/300/300
1700000029.700000,1,300,300,112.97,233.19,1,1344,300/300/300/300/300/300
1700000029.750000,1,300,300,112.93,51.55,0,1344,300/300/300/300/300/300
1700000029.800000,1,300,300,112.92,51.02,0,1344,300/300/300/300/300/300
1700000029.850000,1,300,300,112.92,227.18,1,1354,300/300/300/300/300/300
1700000029.900000,1,300,300,112.92,56.24,0,1354,300/300/300/300/300/300
1700000029.950000,1,300,300,113.02,55.24,0,1354,300/300/300/300/300/300
1700000030.000000,1,300,300,112.99,237.98,1,1351,300/300/300/300/300/300
1700000030.050000,1,300,300,112.92,56.30,0,1351,300/300/300/300/300/300
1700000030.100000,1,300,300,112.83,58.31,0,1351,300/300/300/300/300/300
1700000030.150000,1,300,300,112.72,299.29,1,1383,300/300/300/300/300/300
1700000030.200000,1,300,300,112.55,55.92,0,1383,300/300/300/300/300/300
1700000030.250000,1,300,300,112.37,56.90,0,1383,300/300/300/300/300/300
1700000030.300000,1,300,300,112.18,204.42,1,1440,300/300/300/300/300/300
1700000030.350000,1,300,300,111.98,62.11,0,1440,300/300/300/300/300/300
1700000030.400000,1,300,300,111.79,55.27,0,1440,300/300/300/300/300/300
1700000030.450000,1,300,300,111.58,203.28,1,1485,300/300/300/300/300/300
1700000030.500000,1,300,300,111.37,56.06,0,1485,300/300/300/300/300/300
1700000030.550000,1,300,300,111.17,66.99,0,1485,300/300/300/300/300/300
1700000030.600000,1,300,300,110.97,293.43,1,1492,300/300/300/300/300/300
1700000030.650000,1,300,300,110.69,66.21,0,1492,300/300/300/300/300/300
1700000030.700000,1,300,300,110.40,63.12,0,1492,300/300/300/300/300/300
1700000030.750000,1,300,300,110.06,231.88,1,1535,300/300/300/300/300/300
1700000030.800000,1,300,300,109.70,72.11,0,1535,300/300/300/300/300/300
1700000030.850000,1,300,300,109.35,63.25,0,1535,300/300/300/300/300/300
1700000030.900000,1,300,300,109.13,198.90,1,1586,300/300/300/300/300/300
1700000030.950000,1,300,300,108.98,65.38,0,1586,300/300/300/300/300/300
1700000031.000000,1,300,300,108.94,74.76,0,1586,300/300/300/300/300/300
1700000031.050000,1,300,300,108.85,274.00,1,1605,300/300/300/300/300/300
1700000031.100000,1,300,300,108.78,65.11,0,1605,300/300/300/300/300/300
1700000031.150000,1,300,300,108.66,75.10,0,1605,300/300/300/300/300/300
1700000031.200000,1,300,300,108.56,199.42,1,1651,300/300/300/300/300/300
1700000031.250000,1,300,300,108.39,63.25,0,1651,300/300/300/300/300/300
1700000031.300000,1,300,300,108.12,63.41,0,1651,300/300/300/300/300/300
1700000031.350000,1,300,300,107.78,268.04,1,1675,300/300/300/300/300/300
1700000031.400000,1,300,300,107.30,62.11,0,1675,300/300/214/296/300/300
1700000031.450000,1,300,300,106.23,68.96,0,1675,300/300/258/300/300/300
1700000031.500000,1,300,300,103.23,210.46,1,1674,300/300/300/300/300/300
1700000031.550000,1,300,300,112.72,104.04,0,1674,300/300/300/300/300/300
1700000031.600000,1,300,300,112.87,55.63,0,1674,300/300/300/300/300/300
1700000031.650000,1,300,300,113.03,267.90,1,1774,300/300/289/300/300/300
1700000031.700000,1,300,300,116.05,56.03,0,1774,300/300/300/300/300/300
1700000031.750000,1,300,300,115.44,56.74,0,1774,300/300/300/300/300/300
1700000031.800000,1,300,300,114.27,191.80,1,1882,300/300/300/300/300/300
1700000031.850000,1,300,300,113.18,50.97,0,1882,300/300/300/300/300/300
1700000031.900000,1,300,300,112.56,53.02,0,1882,300/300/300/300/300/300
1700000031.950000,1,300,300,112.32,276.07,1,2072,300/300/300/300/300/300
1700000032.000000,1,300,300,112.19,50.34,0,2072,300/300/300/300/300/300
1700000032.050000,1,300,300,112.14,48.60,0,2072,300/300/300/300/300/300
1700000032.100000,1,300,300,112.26,248.47,1,2200,300/300/300/267/300/300
1700000032.150000,1,300,300,112.45,62.15,0,2200,300/300/300/300/300/300
1700000032.200000,1,300,300,112.66,64.10,0,2200,300/300/300/300/223/244
1700000032.250000,1,300,300,112.92,299.95,1,2215,300/300/300/300/261/261
1700000032.300000,1,300,300,113.31,76.91,0,2215,300/300/300/300/300/300
1700000032.350000,1,300,300,113.75,65.95,0,2215,300/300/300/300/300/300
1700000032.400000,1,300,300,114.09,283.00,1,2262,300/300/300/300/300/300
1700000032.450000,1,300,300,114.38,76.99,0,2262,300/300/300/300/300/300
1700000032.500000,1,300,300,114.68,64.25,0,2262,300/300/300/300/300/300
1700000032.550000,1,300,300,114.88,212.73,1,2280,300/300/300/300/300/300
1700000032.600000,1,300,300,114.99,59.49,0,2280,300/300/300/300/300/300
1700000032.650000,1,300,300,115.08,55.07,0,2280,300/300/300/300/300/300
1700000032.700000,1,300,300,115.15,193.44,1,2336,300/300/300/300/300/300
1700000032.750000,1,300,300,115.20,51.10,0,2336,300/300/300/300/300/300
1700000032.800000,1,300,300,115.26,53.60,0,2336,300/300/300/300/300/300
1700000032.850000,1,300,300,115.31,221.72,1,2381,300/300/300/300/300/300
1700000032.900000,1,300,300,115.34,53.01,0,2381,300/300/300/300/300/300
1700000032.950000,1,300,300,115.39,55.17,0,2381,300/300/300/300/300/300
1700000033.000000,1,300,300,115.40,232.07,1,2371,300/300/300/300/300/300
1700000033.050000,1,300,300,115.45,51.29,0,2371,300/300/300/300/300/300
1700000033.100000,1,300,300,115.45,49.95,0,2371,300/300/300/300/300/300
1700000033.150000,1,300,300,115.48,208.89,1,2387,300/300/300/300/300/300
1700000033.200000,1,300,300,115.49,51.37,0,2387,300/300/300/300/300/300
1700000033.250000,1,300,300,115.51,49.18,0,2387,300/300/300/300/300/300
1700000033.300000,1,300,300,115.52,298.72,1,2409,300/300/300/300/300/300
1700000033.350000,1,300,300,115.54,54.09,0,2409,300/300/300/300/300/300
1700000033.400000,1,300,300,115.55,49.27,0,2409,300/300/300/300/300/300
1700000033.450000,1,300,300,115.56,299.27,1,2417,300/300/300/300/300/300
1700000033.500000,1,300,300,115.56,48.78,0,2417,300/300/300/300/300/300
1700000033.550000,1,300,300,115.58,46.97,0,2417,300/300/300/300/300/300
1700000033.600000,1,300,300,115.58,310.67,1,2427,300/300/300/300/300/300
1700000033.650000,1,300,300,115.57,51.70,0,2427,300/300/300/300/300/300
1700000033.700000,1,300,300,115.56,47.96,0,2427,300/300/300/300/300/300
1700000033.750000,1,300,300,115.54,315.62,1,2429,300/300/300/300/300/300
1700000033.800000,1,300,300,115.53,50.14,0,2429,300/300/300/300/300/300
1700000033.850000,1,300,300,115.52,47.01,0,2429,300/300/300/300/300/300
1700000033.900000,1,300,300,115.51,325.56,1,2446,300/300/300/300/300/300
1700000033.950000,1,300,300,115.52,49.59,0,2446,300/300/300/300/300/300
1700000034.000000,1,300,300,115.50,47.74,0,2446,300/300/300/300/300/300
1700000034.050000,1,300,300,115.50,252.82,1,2433,300/300/300/300/300/300
1700000034.100000,1,300,300,115.50,46.28,0,2433,300/300/300/300/300/300
1700000034.150000,1,300,300,115.49,47.04,0,2433,300/300/300/300/300/300
1700000034.200000,1,300,300,115.50,339.78,1,2455,300/300/300/300/300/300
1700000034.250000,1,300,300,115.50,48.91,0,2455,300/300/300/300/300/300
1700000034.300000,1,300,300,115.52,50.77,0,2455,300/300/300/300/300/300
1700000034.350000,1,300,300,115.54,311.55,1,2405,300/300/300/300/300/300
1700000034.400000,1,300,300,115.53,48.02,0,2405,300/300/300/300/300/300
1700000034.450000,1,300,300,115.56,45.40,0,2405,300/300/300/300/300/300
1700000034.500000,1,300,300,115.57,344.20,1,2381,300/300/300/300/300/300
1700000034.550000,1,300,300,115.60,46.76,0,2381,300/300/300/300/300/300
1700000034.600000,1,300,300,115.63,47.10,0,2381,300/300/300/300/300/300
1700000034.650000,1,300,300,115.63,343.96,1,2363,300/300/300/300/300/300
1700000034.700000,1,300,300,115.65,48.18,0,2363,300/300/300/300/300/300
1700000034.750000,1,300,300,115.67,48.17,0,2363,300/300/300/300/300/300
1700000034.800000,1,300,300,115.68,397.97,1,2290,300/300/300/300/300/300
1700000034.850000,1,300,300,115.71,50.66,0,2290,300/300/300/300/300/300
1700000034.900000,1,300,300,115.74,49.29,0,2290,300/300/300/300/300/300
1700000034.950000,1,300,300,115.75,402.17,1,2254,300/300/300/300/300/300
1700000035.000000,1,300,300,115.79,47.53,0,2254,300/300/300/300/300/300
1700000035.050000,1,300,300,115.80,49.68,0,2254,300/300/300/300/300/300
1700000035.100000,1,300,300,115.82,414.23,1,2231,300/300/300/300/300/300
1700000035.150000,1,300,300,115.85,47.44,0,2231,300/300/300/300/300/300
1700000035.200000,1,300,300,115.88,48.30,0,2231,300/300/300/300/300/300
1700000035.250000,1,300,300,115.90,380.43,1,2192,300/300/300/300/300/300
1700000035.300000,1,300,300,115.92,47.82,0,2192,300/300/300/300/300/300
1700000035.350000,1,300,300,115.96,47.10,0,2192,300/300/300/300/300/300
1700000035.400000,1,300,300,116.01,388.09,1,2185,300/300/300/300/300/300
1700000035.450000,1,300,300,116.04,46.89,0,2185,300/300/300/300/300/300
1700000035.500000,1,300,300,116.08,46.40,0,2185,300/300/300/300/300/300
1700000035.550000,1,300,300,116.10,403.14,1,2193,300/300/300/300/300/300
1700000035.600000,1,300,300,116.15,47.88,0,2193,300/300/300/300/300/300
1700000035.650000,1,300,300,116.18,47.29,0,2193,300/300/300/300/300/300
1700000035.700000,1,300,300,116.20,384.18,1,2087,300/300/300/300/300/300
1700000035.750000,1,300,300,116.24,45.12,0,2087,300/300/300/300/300/300
1700000035.800000,1,300,300,116.27,46.60,0,2087,300/300/300/300/300/300
1700000035.850000,1,300,300,116.28,370.61,1,2010,300/300/300/300/300/300
1700000035.900000,1,300,300,116.32,47.44,0,2010,300/300/300/300/300/300
1700000035.950000,1,300,300,116.35,47.84,0,2010,300/300/300/300/300/300
1700000036.000000,1,300,300,116.38,209.05,1,1884,300/300/300/300/300/300
1700000036.050000,1,300,300,116.41,45.40,0,1884,300/300/300/300/300/300
1700000036.100000,1,300,300,116.44,46.30,0,1884,300/300/300/300/300/300
1700000036.150000,1,300,300,116.47,367.90,1,1797,300/300/300/300/300/300
1700000036.200000,1,300,300,116.51,46.91,0,1797,300/300/300/300/300/300
1700000036.250000,1,300,300,116.52,46.39,0,1797,300/300/300/300/300/300
1700000036.300000,1,300,300,116.55,286.32,1,1792,300/300/300/300/300/300
1700000036.350000,1,300,300,116.58,46.05,0,1792,300/300/300/300/300/300
1700000036.400000,1,300,300,116.60,45.79,0,1792,300/300/300/300/300/300
1700000036.450000,1,300,300,116.62,281.17,1,1736,300/300/300/300/300/300
1700000036.500000,1,300,300,116.66,46.04,0,1736,300/300/300/300/300/300
1700000036.550000,1,300,300,116.68,48.18,0,1736,300/300/300/300/300/300
1700000036.600000,1,300,300,116.70,278.57,1,1716,300/300/300/300/300/300
1700000036.650000,1,300,300,116.71,45.14,0,1716,300/300/300/300/300/300
1700000036.700000,1,300,300,116.73,46.24,0,1716,300/300/300/300/300/300
1700000036.750000,1,300,300,116.73,314.53,1,1668,300/300/300/300/300/300
1700000036.800000,1,300,300,116.75,49.84,0,1668,300/300/300/300/300/300
1700000036.850000,1,300,300,116.78,45.96,0,1668,300/300/300/300/300/300
1700000036.900000,1,300,300,116.80,231.79,1,1696,300/300/300/300/300/300
1700000036.950000,1,300,300,116.81,46.05,0,1696,300/300/300/300/300/300
1700000037.000000,1,300,300,116.84,47.30,0,1696,300/300/300/300/300/300
1700000037.050000,1,300,300,116.86,314.62,1,1700,300/300/300/300/300/300
1700000037.100000,1,300,300,116.86,47.75,0,1700,300/300/300/300/300/300
1700000037.150000,1,300,300,116.88,47.88,0,1700,300/300/300/300/300/300
1700000037.200000,1,300,300,116.88,216.01,1,1688,300/300/300/300/300/300
1700000037.250000,1,300,300,116.90,45.96,0,1688,300/300/300/300/300/300
1700000037.300000,1,300,300,116.91,48.78,0,1688,300/300/300/300/300/300
1700000037.350000,1,300,300,116.91,278.80,1,1669,300/300/300/300/300/300
1700000037.400000,1,300,300,116.93,46.94,0,1669,300/300/300/300/300/300
1700000037.450000,1,300,300,116.92,46.10,0,1669,300/300/300/300/300/300
1700000037.500000,1,300,300,116.92,281.93,1,1649,300/300/300/300/300/300
1700000037.550000,1,300,300,116.93,47.74,0,1649,300/300/300/300/300/300
1700000037.600000,1,300,300,116.92,46.69,0,1649,300/300/300/300/300/300
1700000037.650000,1,300,300,116.94,328.65,1,1655,300/300/300/300/300/300
1700000037.700000,1,300,300,116.94,47.67,0,1655,300/300/300/300/300/300
1700000037.750000,1,300,300,116.94,46.24,0,1655,300/300/300/300/300/300
1700000037.800000,1,300,300,116.95,286.43,1,1651,300/300/300/300/300/300
1700000037.850000,1,300,300,116.93,47.61,0,1651,300/300/300/300/300/300
1700000037.900000,1,300,300,116.90,49.04,0,1651,300/300/300/300/300/300
1700000037.950000,1,300,300,116.89,290.57,1,1645,300/300/300/300/300/300
1700000038.000000,1,300,300,116.88,48.51,0,1645,300/300/300/300/300/300
1700000038.050000,1,300,300,116.87,46.01,0,1645,300/300/300/300/300/300
1700000038.100000,1,300,300,116.85,290.17,1,1647,300/300/300/300/300/300
1700000038.150000,1,300,300,116.85,50.20,0,1647,300/300/300/300/300/300
1700000038.200000,1,300,300,116.82,45.84,0,1647,300/300/300/300/300/300
1700000038.250000,1,300,300,116.79,297.60,1,1630,300/300/300/300/300/300
1700000038.300000,1,300,300,116.76,48.90,0,1630,300/300/300/300/300/300
1700000038.350000,1,300,300,116.72,46.77,0,1630,300/300/300/300/300/300
1700000038.400000,1,300,300,116.70,297.05,1,1628,300/300/300/300/300/300
1700000038.450000,1,300,300,116.69,45.61,0,1628,300/300/300/300/300/300
1700000038.500000,1,300,300,116.70,44.73,0,1628,300/300/300/300/300/300
1700000038.550000,1,300,300,116.67,300.26,1,1629,300/300/300/300/300/300
1700000038.600000,1,300,300,116.62,46.45,0,1629,300/300/300/300/300/300
1700000038.650000,1,300,300,116.57,44.69,0,1629,300/300/300/300/300/300
1700000038.700000,1,300,300,116.50,303.24,1,1650,300/300/300/300/300/300
1700000038.750000,1,300,300,116.44,49.35,0,1650,300/300/300/300/300/300
1700000038.800000,1,300,300,116.38,47.51,0,1650,300/300/300/300/300/300
1700000038.850000,1,300,300,116.33,309.35,1,1636,300/300/300/300/300/300
1700000038.900000,1,300,300,116.27,48.93,0,1636,300/300/300/300/300/300
1700000038.950000,1,300,300,116.23,46.59,0,1636,300/300/300/300/300/300
1700000039.000000,1,300,300,116.19,304.29,1,1611,300/300/300/300/300/300
1700000039.050000,1,300,300,116.14,46.91,0,1611,300/300/300/300/300/300
1700000039.100000,1,300,300,116.11,44.49,0,1611,300/300/300/300/300/300
1700000039.150000,1,300,300,116.09,233.46,1,1611,300/300/300/300/300/300
1700000039.200000,1,300,300,116.05,46.28,0,1611,300/300/300/300/300/300
1700000039.250000,1,300,300,116.02,46.28,0,1611,300/300/300/300/300/300
1700000039.300000,1,300,300,116.00,330.30,1,1604,300/300/300/300/300/300
1700000039.350000,1,300,300,115.98,46.64,0,1604,300/300/300/300/300/300
1700000039.400000,1,300,300,115.97,48.04,0,1604,300/300/300/300/300/300
1700000039.450000,1,300,300,115.96,331.59,1,1592,300/300/300/300/300/300
1700000039.500000,1,300,300,115.95,49.02,0,1592,300/300/300/300/300/300
1700000039.550000,1,300,300,115.94,48.20,0,1592,300/300/300/300/300/300
1700000039.600000,1,300,300,115.93,384.50,1,1590,300/300/300/300/300/300
1700000039.650000,1,300,300,115.94,46.65,0,1590,300/300/300/300/300/300
1700000039.700000,1,300,300,115.95,47.53,0,1590,300/300/300/300/300/300
1700000039.750000,1,300,300,115.96,340.38,1,1594,300/300/300/300/300/300
1700000039.800000,1,300,300,115.98,47.49,0,1594,300/300/300/300/300/300
1700000039.850000,1,300,300,116.01,45.68,0,1594,300/300/300/300/300/300
1700000039.900000,1,300,300,116.07,337.66,1,1567,300/300/300/300/300/300
1700000039.950000,1,300,300,116.12,47.31,0,1567,300/300/300/300/300/300
1700000040.000000,1,300,300,116.15,45.15,0,1567,300/300/300/300/300/300
1700000040.050000,1,300,300,116.18,319.08,1,1544,300/300/300/300/300/300
1700000040.100000,1,300,300,116.20,49.98,0,1544,300/300/300/300/300/300
1700000040.150000,1,300,300,116.20,46.57,0,1544,300/300/300/300/300/300
1700000040.200000,1,300,300,116.21,266.58,1,1529,300/300/300/300/300/300
1700000040.250000,1,300,300,116.21,47.64,0,1529,300/300/300/300/300/300
1700000040.300000,1,300,300,116.21,46.39,0,1529,300/300/300/300/300/300
1700000040.350000,1,300,300,116.20,231.52,1,1575,300/300/300/300/300/300
1700000040.400000,1,300,300,116.15,49.72,0,1575,300/300/300/300/300/300
1700000040.450000,1,300,300,116.12,44.72,0,1575,300/300/300/300/300/300
1700000040.500000,1,300,300,116.08,293.90,1,1582,300/300/300/300/300/300
1700000040.550000,1,300,300,116.03,47.21,0,1582,300/300/300/300/300/300
1700000040.600000,1,300,300,115.97,48.61,0,1582,300/300/300/300/300/300
1700000040.650000,1,300,300,115.93,317.33,1,1580,300/300/300/300/300/300
1700000040.700000,1,300,300,115.87,47.58,0,1580,300/300/300/300/300/300
1700000040.750000,1,300,300,115.82,48.10,0,1580,300/300/300/300/300/300
1700000040.800000,1,300,300,115.77,316.16,1,1600,300/300/300/300/300/300
1700000040.850000,1,300,300,115.72,48.07,0,1600,300/300/300/300/300/300
1700000040.900000,1,300,300,115.67,50.01,0,1600,300/300/300/300/300/300
1700000040.950000,1,300,300,115.62,295.97,1,1551,300/300/300/300/300/300
1700000041.000000,1,300,300,115.56,46.31,0,1551,300/300/300/300/300/300
1700000041.050000,1,300,300,115.53,48.77,0,1551,300/300/300/300/300/300
1700000041.100000,1,300,300,115.49,282.73,1,1602,300/300/300/300/300/300
1700000041.150000,1,300,300,115.44,47.42,0,1602,300/300/300/300/300/300
1700000041.200000,1,300,300,115.42,48.11,0,1602,300/300/300/300/300/300
1700000041.250000,1,300,300,115.39,295.73,1,1627,300/300/300/300/300/300
1700000041.300000,1,300,300,115.38,48.16,0,1627,300/300/300/300/300/300
1700000041.350000,1,300,300,115.38,50.87,0,1627,300/300/300/300/300/300
1700000041.400000,1,300,300,115.35,190.78,1,1636,300/300/300/300/300/300
1700000041.450000,1,300,300,115.35,48.84,0,1636,300/300/300/300/300/300
1700000041.500000,1,300,300,115.35,48.77,0,1636,300/300/300/300/300/300
1700000041.550000,1,300,300,115.35,191.75,1,1660,300/300/300/300/300/300
1700000041.600000,1,300,300,115.35,49.98,0,1660,300/300/300/300/300/300
1700000041.650000,1,300,300,115.36,49.23,0,1660,300/300/300/300/300/300
1700000041.700000,1,300,300,115.36,288.06,1,1681,300/300/300/300/300/300
1700000041.750000,1,300,300,115.36,49.68,0,1681,300/300/300/300/300/300
1700000041.800000,1,300,300,115.39,46.54,0,1681,300/300/300/300/300/300
1700000041.850000,1,300,300,115.40,296.56,1,1721,300/300/300/300/300/300
1700000041.900000,1,300,300,115.41,48.23,0,1721,300/300/300/300/300/300
1700000041.950000,1,300,300,115.42,47.73,0,1721,300/300/300/300/300/300
1700000042.000000,1,300,300,115.42,339.84,1,1713,300/300/300/300/300/300
1700000042.050000,1,300,300,115.42,51.63,0,1713,300/300/300/300/300/300
1700000042.100000,1,300,300,115.39,49.35,0,1713,300/300/300/300/300/300
1700000042.150000,1,300,300,115.36,355.19,1,1729,300/300/300/300/300/300
1700000042.200000,1,300,300,115.32,49.78,0,1729,300/300/300/300/300/300
1700000042.250000,1,300,300,115.31,49.56,0,1729,300/300/300/300/300/300
1700000042.300000,1,300,300,115.30,280.82,1,1734,300/300/300/300/300/300
1700000042.350000,1,300,300,115.28,51.43,0,1734,300/300/300/300/300/300
1700000042.400000,1,300,300,115.29,53.31,0,1734,300/300/300/300/300/300
1700000042.450000,1,300,300,115.27,199.95,1,1741,300/300/300/300/300/300
1700000042.500000,1,300,300,115.27,48.63,0,1741,300/300/300/300/300/300
1700000042.550000,1,300,300,115.25,52.01,0,1741,300/300/300/300/300/300
1700000042.600000,1,300,300,115.20,360.67,1,1741,300/300/300/300/300/300
1700000042.650000,1,300,300,115.18,51.98,0,1741,300/300/300/300/300/300
1700000042.700000,1,300,300,115.13,50.35,0,1741,300/300/300/300/300/300
1700000042.750000,1,300,300,115.11,247.07,1,1765,300/300/300/300/300/300
1700000042.800000,1,300,300,115.07,54.22,0,1765,300/300/300/300/300/300
1700000042.850000,1,300,300,115.03,54.56,0,1765,300/300/300/300/300/300
1700000042.900000,1,300,300,114.87,202.43,1,1800,300/300/300/300/300/300
1700000042.950000,1,300,300,114.68,57.55,0,1800,300/300/300/300/300/300
1700000043.000000,1,300,300,114.46,58.31,0,1800,300/300/300/300/300/300
1700000043.050000,1,300,300,114.19,303.96,1,1826,300/300/300/300/300/300
1700000043.100000,1,300,300,113.86,58.63,0,1826,300/300/300/300/300/300
1700000043.150000,1,300,300,113.49,56.72,0,1826,300/300/300/300/300/300
1700000043.200000,1,300,300,113.04,311.39,1,1861,300/300/300/300/300/300
1700000043.250000,1,300,300,112.53,61.36,0,1861,300/300/300/300/300/300
1700000043.300000,1,300,300,111.85,61.31,0,1861,300/300/300/300/300/300
1700000043.350000,1,300,300,110.89,272.72,1,1879,300/300/300/300/300/300
1700000043.400000,1,300,300,109.10,63.98,0,1879,300/300/300/300/300/300
1700000043.450000,1,300,300,107.05,70.12,0,1879,300/300/300/300/300/300
1700000043.500000,1,300,300,105.80,354.30,1,1902,300/300/300/300/300/300
1700000043.550000,1,300,300,104.96,72.91,0,1902,300/300/300/300/300/300
1700000043.600000,1,300,300,105.29,61.39,0,1902,300/300/300/300/300/267
1700000043.650000,1,300,298,116.60,403.27,1,1903,300/298/300/300/300/300
1700000043.700000,1,300,300,111.14,58.76,0,1903,300/300/300/300/300/300
1700000043.750000,1,300,300,113.18,58.84,0,1903,300/300/300/300/286/300
1700000043.800000,1,300,300,114.94,342.03,1,1935,300/300/300/300/300/300
1700000043.850000,1,300,300,115.89,121.88,0,1935,300/300/300/300/300/300
1700000043.900000,1,300,300,116.39,94.67,0,1935,300/300/300/300/300/300
1700000043.950000,1,300,300,116.71,302.56,1,1973,300/300/300/300/300/300
1700000044.000000,1,300,300,117.01,73.99,0,1973,300/300/300/300/300/300
1700000044.050000,1,300,300,117.24,63.29,0,1973,300/300/300/300/300/300
1700000044.100000,1,300,300,117.39,316.47,1,2037,300/300/300/300/300/300
1700000044.150000,1,300,300,117.56,58.92,0,2037,300/300/300/300/300/300
1700000044.200000,1,300,300,117.71,55.26,0,2037,300/300/300/300/300/300
1700000044.250000,1,300,300,117.85,212.96,1,2144,300/300/300/300/300/300
1700000044.300000,1,300,300,118.01,56.87,0,2144,300/300/300/300/300/300
1700000044.350000,1,300,300,118.17,56.19,0,2144,300/300/300/300/300/300
1700000044.400000,1,300,300,118.32,292.67,1,2169,300/300/300/300/300/300
1700000044.450000,1,300,300,118.45,55.41,0,2169,300/300/300/300/300/300
1700000044.500000,1,300,300,118.59,57.16,0,2169,300/300/300/300/300/300
1700000044.550000,1,300,300,118.73,295.35,1,2183,300/300/300/300/300/300
1700000044.600000,1,300,300,118.88,52.85,0,2183,300/300/300/300/300/300
1700000044.650000,1,300,300,119.03,52.24,0,2183,300/300/300/300/300/300
1700000044.700000,1,300,300,119.22,299.82,1,2201,300/300/300/300/300/300
1700000044.750000,1,300,300,119.40,54.25,0,2201,300/300/300/300/300/300
1700000044.800000,1,300,300,119.55,50.50,0,2201,300/300/300/300/300/300
1700000044.850000,1,300,300,119.67,293.12,1,2195,300/300/300/300/300/300
1700000044.900000,1,300,300,119.79,52.17,0,2195,300/300/300/300/300/300
1700000044.950000,1,300,300,119.90,49.80,0,2195,300/300/300/300/300/300
1700000045.000000,1,300,300,120.02,297.92,1,2210,300/300/300/300/300/300
1700000045.050000,1,300,300,120.12,49.98,0,2210,300/300/300/300/300/300
1700000045.100000,1,300,300,120.25,49.31,0,2210,300/300/300/300/300/300
1700000045.150000,1,300,300,120.34,237.28,1,2181,300/300/300/300/300/300
1700000045.200000,1,300,300,120.46,48.43,0,2181,300/300/300/300/300/300
1700000045.250000,1,300,300,120.54,48.05,0,2181,300/300/300/300/300/300
1700000045.300000,1,300,300,120.65,293.23,1,2180,300/300/300/300/300/300
1700000045.350000,1,300,300,120.77,50.05,0,2180,300/300/300/300/300/300
1700000045.400000,1,300,300,120.84,49.47,0,2180,300/300/300/300/300/300
1700000045.450000,1,300,300,120.92,289.15,1,2180,300/300/300/300/300/300
1700000045.500000,1,300,300,121.00,55.97,0,2180,300/300/300/300/300/300
1700000045.550000,1,300,300,121.09,49.65,0,2180,300/300/300/300/300/300
1700000045.600000,1,300,300,121.16,294.06,1,2167,300/300/300/300/300/300
1700000045.650000,1,300,300,121.20,49.77,0,2167,300/300/300/300/300/300
1700000045.700000,1,300,300,121.23,51.01,0,2167,300/300/300/300/300/300
1700000045.750000,1,300,300,121.25,292.91,1,2162,300/300/300/300/300/300
1700000045.800000,1,300,300,121.24,53.08,0,2162,300/300/300/300/300/300
1700000045.850000,1,300,300,121.24,51.44,0,2162,300/300/300/300/300/300
1700000045.900000,1,300,300,121.20,338.58,1,2154,300/300/300/300/300/300
1700000045.950000,1,300,300,121.16,50.23,0,2154,300/300/300/300/300/300
1700000046.000000,1,300,300,121.11,49.97,0,2154,300/300/300/300/300/300
1700000046.050000,1,300,300,121.07,466.98,1,2211,300/300/300/300/300/300
1700000046.100000,1,300,300,120.97,56.58,0,2211,300/300/300/300/300/300
1700000046.150000,1,300,300,120.83,51.27,0,2211,300/300/300/300/300/300
1700000046.200000,1,300,300,120.63,327.09,1,2223,300/300/300/300/300/300
1700000046.250000,1,300,300,120.44,50.72,0,2223,300/300/300/300/300/300
1700000046.300000,1,300,300,120.21,51.63,0,2223,300/300/300/300/300/300
1700000046.350000,1,300,300,119.97,331.21,1,2279,300/300/300/300/300/300
1700000046.400000,1,300,300,119.71,51.25,0,2279,300/300/300/300/300/300
1700000046.450000,1,300,300,119.46,52.98,0,2279,300/300/300/300/300/300
1700000046.500000,1,300,300,119.26,346.84,1,2328,300/300/300/300/300/300
1700000046.550000,1,300,300,119.01,54.51,0,2328,300/300/300/300/300/300
1700000046.600000,1,300,300,118.82,53.21,0,2328,300/300/300/300/300/300
1700000046.650000,1,300,300,118.75,376.34,1,2363,300/300/300/300/300/300
1700000046.700000,1,300,300,118.64,52.55,0,2363,300/300/300/300/300/300
1700000046.750000,1,300,300,118.53,53.53,0,2363,300/300/300/300/300/300
1700000046.800000,1,300,300,118.39,317.61,1,2405,300/300/300/300/300/300
1700000046.850000,1,300,300,118.25,50.21,0,2405,300/300/300/300/300/300
1700000046.900000,1,300,300,118.20,51.10,0,2405,300/300/300/300/300/300
1700000046.950000,1,300,300,118.15,373.00,1,2433,300/300/300/300/300/300
1700000047.000000,1,300,300,118.12,51.36,0,2433,300/300/300/300/300/300
1700000047.050000,1,300,300,118.07,49.72,0,2433,300/300/300/300/300/300
1700000047.100000,1,300,300,118.05,337.73,1,2496,300/300/300/300/300/300
1700000047.150000,1,300,300,118.06,51.51,0,2496,300/300/300/300/300/300
1700000047.200000,1,300,300,118.05,50.20,0,2496,300/300/298/300/300/300
1700000047.250000,1,300,300,118.04,528.17,1,2513,300/300/300/300/300/300
1700000047.300000,1,300,300,118.08,51.59,0,2513,300/300/300/300/300/300
1700000047.350000,1,300,300,118.11,49.68,0,2513,300/300/300/300/300/300
1700000047.400000,1,300,300,118.13,349.69,1,2568,300/300/300/300/300/300
1700000047.450000,1,300,300,118.11,51.62,0,2568,300/300/300/300/300/300
1700000047.500000,1,300,300,118.05,49.65,0,2568,300/300/300/300/300/300
1700000047.550000,1,300,300,117.98,420.73,1,2593,300/300/300/300/300/300
1700000047.600000,1,300,300,117.97,51.91,0,2593,300/300/300/300/300/300
1700000047.650000,1,300,300,117.97,49.15,0,2593,300/300/300/300/300/300
1700000047.700000,1,300,300,117.98,369.53,1,2649,300/300/300/300/300/300
1700000047.750000,1,300,300,117.97,49.33,0,2649,300/300/300/300/300/300
1700000047.800000,1,300,300,117.98,48.87,0,2649,300/300/300/300/300/300
1700000047.850000,1,300,300,118.00,520.18,1,2623,300/300/300/300/300/300
1700000047.900000,1,300,300,118.02,47.61,0,2623,300/300/300/300/300/300
1700000047.950000,1,300,300,118.06,47.99,0,2623,300/300/300/300/300/300
1700000048.000000,1,300,300,118.10,409.83,1,2654,300/300/300/300/300/300
1700000048.050000,1,300,300,118.12,47.81,0,2654,300/300/300/300/300/300
1700000048.100000,1,300,300,118.15,46.85,0,2654,300/300/300/300/300/300
1700000048.150000,1,300,300,118.17,348.15,1,2624,300/300/300/300/300/300
1700000048.200000,1,300,300,118.20,46.46,0,2624,300/300/300/300/300/300
1700000048.250000,1,300,300,118.24,46.28,0,2624,300/300/300/300/300/300
1700000048.300000,1,300,300,118.27,376.51,1,2499,300/300/300/300/300/300
1700000048.350000,1,300,300,118.32,45.84,0,2499,300/300/300/300/300/300
1700000048.400000,1,300,300,118.37,46.05,0,2499,300/300/300/300/300/300
1700000048.450000,1,300,300,118.38,360.79,1,2464,300/300/300/300/300/300
1700000048.500000,1,300,300,118.40,46.87,0,2464,300/300/300/300/300/300
1700000048.550000,1,300,300,118.41,48.93,0,2464,300/300/300/300/300/300
1700000048.600000,1,300,300,118.38,364.33,1,2450,300/300/300/300/300/300
1700000048.650000,1,300,300,118.36,46.56,0,2450,300/300/300/300/300/300
1700000048.700000,1,300,300,118.30,45.18,0,2450,300/300/300/300/300/300
1700000048.750000,1,300,300,118.24,416.13,1,2438,300/300/300/300/300/300
1700000048.800000,1,300,300,118.19,45.63,0,2438,300/300/300/300/300/300
1700000048.850000,1,300,300,118.11,43.74,0,2438,300/300/300/300/300/300
1700000048.900000,1,300,300,118.01,469.68,1,2419,300/300/300/300/300/300
1700000048.950000,1,300,300,117.92,47.20,0,2419,300/300/300/300/300/300
1700000049.000000,1,300,300,117.82,44.30,0,2419,300/300/300/300/300/300
1700000049.050000,1,300,300,117.73,279.14,1,2365,300/300/300/300/300/300
1700000049.100000,1,300,300,117.65,43.92,0,2365,300/300/300/300/300/300
1700000049.150000,1,300,300,117.56,44.45,0,2365,300/300/300/300/300/300
1700000049.200000,1,300,300,117.48,330.13,1,2324,300/300/300/300/300/300
1700000049.250000,1,300,300,117.40,45.24,0,2324,300/300/300/300/300/300
1700000049.300000,1,300,300,117.34,45.93,0,2324,300/300/300/300/300/300
1700000049.350000,1,300,300,117.27,338.74,1,2287,300/300/300/300/300/300
1700000049.400000,1,300,300,117.20,45.19,0,2287,300/300/300/300/300/300
1700000049.450000,1,300,300,117.13,46.32,0,2287,300/300/300/300/300/300
1700000049.500000,1,300,300,117.04,346.84,1,2262,300/300/300/300/300/300
1700000049.550000,1,300,300,116.98,43.87,0,2262,300/300/300/300/300/300
1700000049.600000,1,300,300,116.90,47.23,0,2262,300/300/300/300/300/300
1700000049.650000,1,300,300,116.84,356.20,1,2251,300/300/300/300/300/300
1700000049.700000,1,300,300,116.77,45.82,0,2251,300/300/300/300/300/300
1700000049.750000,1,300,300,116.70,44.33,0,2251,300/300/300/300/300/300
1700000049.800000,1,300,300,116.63,362.12,1,2202,300/300/300/300/300/300
1700000049.850000,1,300,300,116.55,45.63,0,2202,300/300/300/300/300/300
1700000049.900000,1,300,300,116.49,45.93,0,2202,300/300/300/300/300/300
1700000049.950000,1,300,300,116.44,375.06,1,2155,300/300/300/300/300/300
1700000050.000000,1,300,300,116.38,44.05,0,2155,300/300/300/300/300/300
1700000050.050000,1,300,300,116.30,44.40,0,2155,300/300/300/300/300/300
1700000050.100000,1,300,300,116.25,488.14,1,2082,300/300/300/300/300/300
1700000050.150000,1,300,300,116.20,44.84,0,2082,300/300/300/300/300/300
1700000050.200000,1,300,300,116.13,44.28,0,2082,300/300/300/300/300/300
1700000050.250000,1,300,300,116.08,380.88,1,2028,300/300/300/300/300/300
1700000050.300000,1,300,300,116.03,45.53,0,2028,300/300/300/300/300/300
1700000050.350000,1,300,300,115.98,44.82,0,2028,300/300/300/300/300/300
1700000050.400000,1,300,300,115.94,379.24,1,1935,300/300/300/300/300/300
1700000050.450000,1,300,300,115.90,43.97,0,1935,300/300/300/300/300/300
1700000050.500000,1,300,300,115.85,44.24,0,1935,300/300/300/300/300/300
1700000050.550000,1,300,300,115.81,387.34,1,1875,300/300/300/300/300/300
1700000050.600000,1,300,300,115.79,47.76,0,1875,300/300/300/300/300/300
1700000050.650000,1,300,300,115.75,50.53,0,1875,300/300/300/300/300/300
1700000050.700000,1,300,300,115.72,378.04,1,1831,300/300/300/300/300/300
1700000050.750000,1,300,300,115.69,45.44,0,1831,300/300/300/300/300/300
1700000050.800000,1,300,300,115.65,47.30,0,1831,300/300/300/300/300/300
1700000050.850000,1,300,300,115.62,377.19,1,1779,300/300/300/300/300/300
1700000050.900000,1,300,300,115.61,46.69,0,1779,300/300/300/300/300/300
1700000050.950000,1,300,300,115.57,45.18,0,1779,300/300/300/300/300/300
1700000051.000000,1,300,300,115.54,374.33,1,1775,300/300/300/300/300/300
1700000051.050000,1,300,300,115.51,45.99,0,1775,300/300/300/300/300/300
1700000051.100000,1,300,300,115.51,45.72,0,1775,300/300/300/300/300/300
1700000051.150000,1,300,300,115.47,356.80,1,1712,300/300/300/300/300/300
1700000051.200000,1,300,300,115.44,46.94,0,1712,300/300/300/300/300/300
1700000051.250000,1,300,300,115.40,45.52,0,1712,300/300/300/300/300/300
1700000051.300000,1,300,300,115.36,288.45,1,1706,300/300/300/300/300/300
1700000051.350000,1,300,300,115.31,48.36,0,1706,300/300/300/300/300/300
1700000051.400000,1,300,300,115.25,46.11,0,1706,300/300/300/300/300/300
1700000051.450000,1,300,300,115.17,477.88,1,1691,300/300/300/300/300/300
1700000051.500000,1,300,300,115.10,46.03,0,1691,300/300/300/300/300/300
1700000051.550000,1,300,300,115.00,49.45,0,1691,300/300/300/300/300/300
1700000051.600000,1,300,300,114.90,367.80,1,1686,300/300/300/300/300/300
1700000051.650000,1,300,300,114.80,47.61,0,1686,300/300/300/300/300/300
1700000051.700000,1,300,300,114.70,46.48,0,1686,300/300/300/300/300/300
1700000051.750000,1,300,300,114.56,213.16,1,1669,300/300/300/300/300/300
1700000051.800000,1,300,300,114.43,45.30,0,1669,300/300/300/300/300/300
1700000051.850000,1,300,300,114.31,47.18,0,1669,300/300/300/300/300/300
1700000051.900000,1,300,300,114.19,214.39,1,1681,300/300/300/300/300/300
1700000051.950000,1,300,300,114.07,44.77,0,1681,300/300/300/300/300/300
1700000052.000000,1,300,300,113.95,45.46,0,1681,300/300/300/300/300/300
1700000052.050000,1,300,300,113.88,198.15,1,1626,300/300/300/300/300/300
1700000052.100000,1,300,300,113.84,46.57,0,1626,300/300/300/300/300/300
1700000052.150000,1,300,300,113.76,46.72,0,1626,300/300/300/300/300/300
1700000052.200000,1,300,300,113.67,186.64,1,1611,300/300/300/300/300/300
1700000052.250000,1,300,300,113.40,51.26,0,1611,300/300/300/300/300/300
1700000052.300000,1,300,300,113.04,47.76,0,1611,300/300/300/300/300/300
1700000052.350000,1,300,300,112.57,186.79,1,1632,300/300/300/300/300/300
1700000052.400000,1,300,300,112.12,48.99,0,1632,300/300/300/300/300/300
1700000052.450000,1,300,300,111.42,48.93,0,1632,300/300/300/300/300/300
1700000052.500000,1,300,300,110.62,257.17,1,1630,300/300/300/300/300/300
1700000052.550000,1,300,300,109.52,49.79,0,1630,300/300/300/300/300/300
1700000052.600000,1,300,300,108.06,49.59,0,1630,300/300/300/300/300/300
1700000052.650000,1,300,300,106.89,253.78,1,1659,300/300/300/300/300/300
1700000052.700000,1,300,300,105.76,54.30,0,1659,300/300/300/300/300/300
1700000052.750000,1,300,300,105.79,57.32,0,1659,300/300/300/300/300/300
1700000052.800000,1,300,300,108.40,267.68,1,1672,300/300/300/283/300/300
1700000052.850000,1,300,300,110.17,48.08,0,1672,300/300/300/300/300/300
1700000052.900000,1,300,300,110.86,47.67,0,1672,300/300/300/300/300/300
1700000052.950000,1,300,300,111.82,264.75,1,1841,300/300/300/300/300/300
1700000053.000000,1,300,300,112.86,61.41,0,1841,300/300/300/300/300/300
1700000053.050000,1,300,300,113.50,70.92,0,1841,300/300/300/300/300/300
1700000053.100000,1,300,300,113.88,272.02,1,1905,300/300/300/300/300/300
1700000053.150000,1,300,300,113.99,53.13,0,1905,300/300/300/300/300/300
1700000053.200000,1,300,300,113.98,46.62,0,1905,300/300/300/300/300/300
1700000053.250000,1,300,300,113.92,381.91,1,1998,300/300/300/300/300/300
1700000053.300000,1,300,300,113.86,47.44,0,1998,300/300/300/300/300/300
1700000053.350000,1,300,300,113.75,51.24,0,1998,300/300/300/300/300/300
1700000053.400000,1,300,300,113.59,221.80,1,2045,300/300/300/300/300/300
1700000053.450000,1,300,300,113.46,48.59,0,2045,300/300/300/300/300/300
1700000053.500000,1,300,300,113.35,49.34,0,2045,300/300/300/300/300/300
1700000053.550000,1,300,300,113.27,239.10,1,2093,300/300/300/300/300/300
1700000053.600000,1,300,300,113.20,47.18,0,2093,300/300/300/300/300/300
1700000053.650000,1,300,300,113.16,46.34,0,2093,300/300/300/300/300/300
1700000053.700000,1,300,300,113.11,300.21,1,2107,300/300/300/300/300/300
1700000053.750000,1,300,300,113.07,47.83,0,2107,300/300/300/300/300/300
1700000053.800000,1,300,300,113.03,48.43,0,2107,300/300/300/300/300/300
1700000053.850000,1,300,300,112.98,252.24,1,2142,300/300/300/300/300/300
1700000053.900000,1,300,300,112.93,49.10,0,2142,300/300/300/300/300/300
1700000053.950000,1,300,300,112.92,51.56,0,2142,300/300/300/300/300/300
1700000054.000000,1,300,300,112.89,321.99,1,2173,300/300/300/300/300/300
1700000054.050000,1,300,300,112.86,47.31,0,2173,300/300/300/300/300/300
1700000054.100000,1,300,300,112.83,51.44,0,2173,300/300/300/300/300/300
1700000054.150000,1,300,300,112.82,341.41,1,2192,300/300/300/300/300/300
1700000054.200000,1,300,300,112.80,46.37,0,2192,300/300/300/300/300/300
1700000054.250000,1,300,300,112.80,51.34,0,2192,300/300/300/300/300/300
1700000054.300000,1,300,300,112.77,329.41,1,2216,300/300/300/300/300/300
1700000054.350000,1,300,300,112.75,51.95,0,2216,300/300/300/300/300/300
1700000054.400000,1,300,300,112.74,49.48,0,2216,300/300/300/300/300/300
1700000054.450000,1,300,300,112.75,278.41,1,2260,300/300/300/300/300/300
1700000054.500000,1,300,300,112.76,47.03,0,2260,300/300/300/300/300/300
1700000054.550000,1,300,300,112.75,48.03,0,2260,300/300/300/300/300/300
1700000054.600000,1,300,300,112.76,344.26,1,2289,300/300/300/300/300/300
1700000054.650000,1,300,300,112.78,48.74,0,2289,300/300/300/300/300/300
1700000054.700000,1,300,300,112.78,48.61,0,2289,300/300/300/300/300/300
1700000054.750000,1,300,300,112.79,368.98,1,2289,300/300/300/300/300/300
1700000054.800000,1,300,300,112.83,47.42,0,2289,300/300/300/300/300/300
1700000054.850000,1,300,300,112.86,47.64,0,2289,300/300/300/300/300/300
1700000054.900000,1,300,300,112.89,347.93,1,2279,300/300/300/300/300/300
1700000054.950000,1,300,300,112.91,47.77,0,2279,300/300/300/300/300/300
1700000055.000000,1,300,300,112.94,47.71,0,2279,300/300/300/300/300/300
1700000055.050000,1,300,300,112.98,344.49,1,2254,300/300/300/300/300/300
1700000055.100000,1,300,300,113.00,48.83,0,2254,300/300/300/300/300/300
1700000055.150000,1,300,300,113.02,46.88,0,2254,300/300/300/300/300/300
1700000055.200000,1,300,300,113.04,343.37,1,2259,300/300/300/300/300/300
1700000055.250000,1,300,300,113.07,48.73,0,2259,300/300/300/300/300/300
1700000055.300000,1,300,300,113.07,48.38,0,2259,300/300/300/300/300/300
1700000055.350000,1,300,300,113.09,338.99,1,2235,300/300/300/300/300/300
1700000055.400000,1,300,300,113.11,48.14,0,2235,300/300/300/300/300/300
1700000055.450000,1,300,300,113.14,47.09,0,2235,300/300/300/300/300/300
1700000055.500000,1,300,300,113.20,365.49,1,2190,300/300/300/300/300/300
1700000055.550000,1,300,300,113.23,48.24,0,2190,300/300/300/300/300/300
1700000055.600000,1,300,300,113.25,47.23,0,2190,300/300/300/300/300/300
1700000055.650000,1,300,300,113.28,223.72,1,2174,300/300/300/300/300/300
1700000055.700000,1,300,300,113.31,46.58,0,2174,300/300/300/300/300/300
1700000055.750000,1,300,300,113.34,45.17,0,2174,300/300/300/300/300/300
1700000055.800000,1,300,300,113.37,222.47,1,2168,300/300/300/300/300/300
1700000055.850000,1,300,300,113.41,48.79,0,2168,300/300/300/300/300/300
1700000055.900000,1,300,300,113.45,48.06,0,2168,300/300/300/300/300/300
1700000055.950000,1,300,300,113.49,266.29,1,2138,300/300/300/300/300/300
1700000056.000000,1,300,300,113.53,45.59,0,2138,300/300/300/300/300/300
1700000056.050000,1,300,300,113.58,46.35,0,2138,300/300/300/300/300/300
1700000056.100000,1,300,300,113.61,347.30,1,2132,300/300/300/300/300/300
1700000056.150000,1,300,300,113.65,48.75,0,2132,300/300/300/300/300/300
1700000056.200000,1,300,300,113.67,49.80,0,2132,300/300/300/300/300/300
1700000056.250000,1,300,300,113.70,337.20,1,2102,300/300/300/300/300/300
1700000056.300000,1,300,300,113.72,47.79,0,2102,300/300/300/300/300/300
1700000056.350000,1,300,300,113.75,47.46,0,2102,300/300/300/300/300/300
1700000056.400000,1,300,300,113.78,343.58,1,2077,300/300/300/300/300/300
1700000056.450000,1,300,300,113.80,45.79,0,2077,300/300/300/300/300/300
1700000056.500000,1,300,300,113.82,49.51,0,2077,300/300/300/300/300/300
1700000056.550000,1,300,300,113.85,341.00,1,2077,300/300/300/300/300/300
1700000056.600000,1,300,300,113.85,46.63,0,2077,300/300/300/300/300/300
1700000056.650000,1,300,300,113.88,49.22,0,2077,300/300/300/300/300/300
1700000056.700000,1,300,300,113.88,285.89,1,2043,300/300/300/300/300/300
1700000056.750000,1,300,300,113.86,45.79,0,2043,300/300/300/300/300/300
1700000056.800000,1,300,300,113.86,44.97,0,2043,300/300/300/300/300/300
1700000056.850000,1,300,300,113.83,339.53,1,2039,300/300/300/300/300/300
1700000056.900000,1,300,300,113.82,45.41,0,2039,300/300/300/300/300/300
1700000056.950000,1,300,300,113.78,46.49,0,2039,300/300/300/300/300/300
1700000057.000000,1,300,300,113.56,353.23,1,1877,300/300/300/300/300/300
1700000057.050000,1,300,300,113.50,51.41,0,1877,300/300/300/300/300/300
1700000057.100000,1,300,300,113.44,50.28,0,1877,300/300/300/300/300/300
1700000057.150000,1,300,300,113.34,356.33,1,1869,300/300/300/300/300/300
1700000057.200000,1,300,300,113.24,49.59,0,1869,300/300/300/300/300/300
1700000057.250000,1,300,300,113.14,54.43,0,1869,300/300/300/300/300/300
1700000057.300000,1,300,300,113.02,335.52,1,1809,300/300/300/300/300/300
1700000057.350000,1,300,300,112.91,48.91,0,1809,300/300/300/300/300/300
1700000057.400000,1,300,300,112.79,47.36,0,1809,300/300/300/300/300/300
1700000057.450000,1,300,300,112.69,320.25,1,1809,300/300/300/300/300/300
1700000057.500000,1,300,300,112.62,48.11,0,1809,300/300/300/300/300/300
1700000057.550000,1,300,300,112.55,46.97,0,1809,300/300/300/300/300/300
1700000057.600000,1,300,300,112.52,315.27,1,1809,300/300/300/300/300/300
1700000057.650000,1,300,300,112.51,48.35,0,1809,300/300/300/300/300/300
1700000057.700000,1,300,300,112.51,55.24,0,1809,300/300/300/300/300/300
1700000057.750000,1,300,300,112.50,311.65,1,1807,300/300/300/300/300/300
1700000057.800000,1,300,300,112.49,46.42,0,1807,300/300/300/300/300/300
1700000057.850000,1,300,300,112.51,48.07,0,1807,300/300/300/300/300/300
1700000057.900000,1,300,300,112.51,314.34,1,1835,300/300/300/300/300/300
1700000057.950000,1,300,300,112.50,50.27,0,1835,300/300/300/300/300/300
1700000058.000000,1,300,300,112.49,51.99,0,1835,300/300/300/300/300/300
1700000058.050000,1,300,300,112.49,265.30,1,1840,300/300/300/300/300/300
1700000058.100000,1,300,300,112.47,48.70,0,1840,300/300/300/300/300/300
1700000058.150000,1,300,300,112.45,46.00,0,1840,300/300/300/300/300/300
1700000058.200000,1,300,300,112.45,321.34,1,1843,300/300/300/300/300/300
1700000058.250000,1,300,300,112.46,46.59,0,1843,300/300/300/300/300/300
1700000058.300000,1,300,300,112.44,47.51,0,1843,300/300/300/300/300/300
1700000058.350000,1,300,300,112.43,320.59,1,1844,300/300/300/300/300/300
1700000058.400000,1,300,300,112.40,57.11,0,1844,300/300/300/300/300/300
1700000058.450000,1,300,300,112.38,50.35,0,1844,300/300/300/300/300/300
1700000058.500000,1,300,300,112.35,335.92,1,1842,300/300/300/300/300/300
1700000058.550000,1,300,300,112.32,48.11,0,1842,300/300/300/300/300/300
1700000058.600000,1,300,300,112.30,47.96,0,1842,300/300/300/300/300/300
1700000058.650000,1,300,300,112.27,244.24,1,1828,300/300/300/300/300/300
1700000058.700000,1,300,300,112.24,49.38,0,1828,300/300/300/300/300/300
1700000058.750000,1,300,300,112.21,48.17,0,1828,300/300/300/300/300/300
1700000058.800000,1,300,300,112.19,300.82,1,1873,300/300/300/300/300/300
1700000058.850000,1,300,300,112.14,52.35,0,1873,300/300/300/300/300/300
1700000058.900000,1,300,300,112.09,48.65,0,1873,300/300/300/300/300/300
1700000058.950000,1,300,300,112.06,356.71,1,1872,300/300/300/300/300/300
1700000059.000000,1,300,300,112.02,49.12,0,1872,300/300/300/300/300/300
1700000059.050000,1,300,300,111.97,49.51,0,1872,300/300/300/300/300/300
1700000059.100000,1,300,300,111.94,273.17,1,1861,300/300/300/300/300/300
1700000059.150000,1,300,300,111.90,51.73,0,1861,300/300/300/300/300/300
1700000059.200000,1,300,300,111.87,47.94,0,1861,300/300/300/300/300/300
1700000059.250000,1,300,300,111.83,336.42,1,1882,300/300/300/300/300/300
1700000059.300000,1,300,300,111.80,49.14,0,1882,300/300/300/300/300/300
1700000059.350000,1,300,300,111.79,49.80,0,1882,300/300/300/300/300/300
1700000059.400000,1,300,300,111.73,358.73,1,1888,300/300/300/300/300/300
1700000059.450000,1,300,300,111.71,49.03,0,1888,300/300/300/300/300/300
1700000059.500000,1,300,300,111.69,49.23,0,1888,300/300/300/300/300/300
1700000059.550000,1,300,300,111.67,362.94,1,1902,300/300/300/300/300/300
1700000059.600000,1,300,300,111.66,47.92,0,1902,300/300/300/300/300/300
1700000059.650000,1,300,300,111.63,48.62,0,1902,300/300/300/300/300/300
1700000059.700000,1,300,300,111.60,215.55,1,1903,300/300/300/300/300/300
1700000059.750000,1,300,300,111.56,47.94,0,1903,300/300/300/300/300/300
1700000059.800000,1,300,300,111.55,47.37,0,1903,300/300/300/300/300/300
1700000059.850000,1,300,300,111.50,213.55,1,1881,300/300/300/300/300/300
1700000059.900000,1,300,300,111.48,51.51,0,1881,300/300/300/300/300/300
1700000059.950000,1,300,300,111.45,48.17,0,1881,300/300/300/300/300/300
1700000060.000000,1,300,300,111.43,354.95,1,1897,300/300/300/300/300/300
1700000060.050000,1,300,300,111.41,47.80,0,1897,300/300/300/300/300/300
1700000060.100000,1,300,300,111.38,48.75,0,1897,300/300/300/300/300/300
1700000060.150000,1,300,300,111.35,339.65,1,1909,300/300/300/300/300/300
1700000060.200000,1,300,300,111.33,48.66,0,1909,300/300/300/300/300/300
1700000060.250000,1,300,300,111.31,49.87,0,1909,300/300/300/300/300/300
1700000060.300000,1,300,300,111.29,254.53,1,1905,300/300/300/300/300/300
1700000060.350000,1,300,300,111.26,52.29,0,1905,300/300/300/300/300/300
1700000060.400000,1,300,300,111.23,47.94,0,1905,300/300/300/300/300/300
1700000060.450000,1,300,300,111.19,254.25,1,1879,300/300/300/300/300/300
1700000060.500000,1,300,300,111.16,50.50,0,1879,300/300/300/300/300/300
1700000060.550000,1,300,300,111.13,49.49,0,1879,300/300/300/300/300/300
1700000060.600000,1,300,300,111.10,255.28,1,1877,300/300/300/300/300/300
1700000060.650000,1,300,300,111.07,49.19,0,1877,300/300/300/300/300/300
1700000060.700000,1,300,300,111.03,47.30,0,1877,300/300/300/300/300/300
1700000060.750000,1,300,300,111.00,321.61,1,1874,300/300/300/300/300/300
1700000060.800000,1,300,300,110.97,50.01,0,1874,300/300/300/300/300/300
1700000060.850000,1,300,300,110.92,50.71,0,1874,300/300/300/300/300/300
1700000060.900000,1,300,300,110.89,338.76,1,1861,300/300/300/300/300/300
1700000060.950000,1,300,300,110.84,49.56,0,1861,300/300/300/300/300/300
1700000061.000000,1,300,300,110.81,49.15,0,1861,300/300/300/300/300/300
1700000061.050000,1,300,300,110.78,352.10,1,1854,300/300/300/300/300/300
1700000061.100000,1,300,300,110.75,51.96,0,1854,300/300/300/300/300/300
1700000061.150000,1,300,300,110.73,53.24,0,1854,300/300/300/300/300/300
1700000061.200000,1,300,300,110.72,334.09,1,1835,300/300/300/300/300/300
1700000061.250000,1,300,300,110.68,52.66,0,1835,300/300/300/300/300/300
1700000061.300000,1,300,300,110.66,50.65,0,1835,300/300/300/300/300/300
1700000061.350000,1,300,300,110.66,257.51,1,1857,300/300/300/300/300/300
1700000061.400000,1,300,300,110.65,51.64,0,1857,300/300/300/300/300/300
1700000061.450000,1,300,300,110.64,51.25,0,1857,300/300/300/300/300/300
1700000061.500000,1,300,300,110.66,250.86,1,1863,300/300/300/300/300/300
1700000061.550000,1,300,300,110.66,49.81,0,1863,300/300/300/300/300/300
1700000061.600000,1,300,300,110.66,50.55,0,1863,300/300/300/300/300/300
1700000061.650000,1,300,300,110.70,317.20,1,1846,300/300/300/300/300/300
1700000061.700000,1,300,300,110.71,51.43,0,1846,300/300/300/300/300/300
1700000061.750000,1,300,300,110.72,50.22,0,1846,300/300/300/300/300/300
1700000061.800000,1,300,300,110.74,358.09,1,1858,300/300/300/300/300/300
1700000061.850000,1,300,300,110.78,46.88,0,1858,300/300/300/300/300/300
1700000061.900000,1,300,300,110.81,49.70,0,1858,300/300/300/300/300/300
1700000061.950000,1,300,300,110.86,385.13,1,1850,300/300/300/300/300/300
1700000062.000000,1,300,300,110.91,48.38,0,1850,300/300/300/300/300/300
1700000062.050000,1,300,300,110.97,50.17,0,1850,300/300/300/300/300/300
1700000062.100000,1,300,300,111.02,250.06,1,1865,300/300/300/300/300/300
1700000062.150000,1,300,300,111.09,52.47,0,1865,300/300/300/300/300/300
1700000062.200000,1,300,300,111.15,49.41,0,1865,300/300/300/300/300/300
1700000062.250000,1,300,300,111.24,380.13,1,1859,300/300/300/300/300/300
1700000062.300000,1,300,300,111.33,51.76,0,1859,300/300/300/300/300/300
1700000062.350000,1,300,300,111.44,48.87,0,1859,300/300/300/300/300/300
1700000062.400000,1,300,300,111.57,347.83,1,1883,300/300/300/300/300/300
1700000062.450000,1,300,300,111.71,53.54,0,1883,300/300/300/300/300/300
1700000062.500000,1,300,300,111.85,62.35,0,1883,300/300/300/300/283/300
1700000062.550000,1,300,300,112.01,387.08,1,1876,300/300/300/300/300/300
1700000062.600000,1,300,300,112.18,56.84,0,1876,300/300/300/300/300/300
1700000062.650000,1,300,300,112.35,51.37,0,1876,300/300/300/300/300/300
1700000062.700000,1,300,300,112.53,389.29,1,1897,300/300/300/267/300/300
1700000062.750000,1,300,300,112.70,65.07,0,1897,300/300/300/300/300/292
1700000062.800000,1,300,300,112.90,49.82,0,1897,300/300/300/300/300/300
1700000062.850000,1,300,300,113.03,327.66,1,1993,300/300/300/300/300/300
1700000062.900000,1,300,300,112.77,52.48,0,1993,300/300/300/300/300/300
1700000062.950000,1,300,300,112.06,50.59,0,1993,300/300/300/300/300/300
1700000063.000000,1,300,300,112.67,312.35,1,2103,300/300/300/300/300/300
1700000063.050000,1,300,300,113.54,48.76,0,2103,300/300/300/300/300/300
1700000063.100000,1,300,300,114.09,49.98,0,2103,300/300/300/300/300/300
1700000063.150000,1,300,300,114.88,336.67,1,2137,300/300/300/300/300/300
1700000063.200000,1,300,300,115.71,51.04,0,2137,300/300/300/300/300/300
1700000063.250000,1,300,300,116.01,50.07,0,2137,300/300/300/300/300/300
1700000063.300000,1,300,300,116.47,352.68,1,2119,300/300/300/300/300/300
1700000063.350000,1,300,300,117.19,51.44,0,2119,300/300/300/300/300/300
1700000063.400000,1,300,300,117.95,53.49,0,2119,300/300/300/300/300/300
1700000063.450000,1,300,300,118.82,312.29,1,2150,300/300/300/300/300/300
1700000063.500000,1,300,300,119.23,52.63,0,2150,300/300/300/300/300/300
1700000063.550000,1,300,300,118.30,47.91,0,2150,300/300/300/300/300/300
1700000063.600000,1,300,300,116.65,320.02,1,2159,300/300/300/300/300/300
1700000063.650000,1,300,300,115.89,50.45,0,2159,300/300/300/300/300/300
1700000063.700000,1,300,300,115.80,48.99,0,2159,300/300/300/300/300/300
1700000063.750000,1,300,300,115.85,291.91,1,2174,300/300/300/300/300/300
1700000063.800000,1,300,300,115.50,49.51,0,2174,300/300/300/300/300/300
1700000063.850000,1,300,300,114.57,48.54,0,2174,300/300/300/300/300/300
1700000063.900000,1,300,300,115.22,320.55,1,2186,300/300/300/300/300/300
1700000063.950000,1,300,300,116.27,50.20,0,2186,300/300/300/300/300/300
1700000064.000000,1,300,300,115.47,47.97,0,2186,300/300/300/300/300/300
1700000064.050000,1,300,300,114.83,250.87,1,2177,300/300/300/300/300/300
1700000064.100000,1,300,300,114.47,52.54,0,2177,300/300/300/300/300/300
1700000064.150000,1,300,300,113.37,51.55,0,2177,300/300/300/300/300/300
1700000064.200000,1,300,300,112.94,314.89,1,2272,300/300/300/300/300/300
1700000064.250000,1,300,300,113.09,54.81,0,2272,300/300/300/300/300/300
1700000064.300000,1,300,300,112.53,77.73,0,2272,300/300/300/300/300/300
1700000064.350000,1,300,300,111.11,224.93,1,2258,300/300/300/300/300/300
1700000064.400000,1,300,300,106.60,65.32,0,2258,300/300/300/300/300/300
1700000064.450000,1,300,300,105.48,55.36,0,2258,300/300/300/300/300/300
1700000064.500000,1,300,300,104.89,347.08,1,2399,300/300/300/300/300/300
1700000064.550000,1,300,300,104.44,54.33,0,2399,300/300/300/300/300/300
1700000064.600000,1,300,300,104.20,52.86,0,2399,300/300/300/300/300/300
1700000064.650000,1,300,300,104.10,341.76,1,2426,300/300/300/300/300/300
1700000064.700000,1,300,300,104.34,62.95,0,2426,300/300/300/300/300/300
1700000064.750000,1,300,300,104.59,58.94,0,2426,300/300/300/300/300/300
1700000064.800000,1,300,300,104.90,231.44,1,2436,300/300/300/300/300/300
1700000064.850000,1,300,300,105.18,57.36,0,2436,300/300/300/300/300/300
1700000064.900000,1,300,300,105.48,52.68,0,2436,300/300/300/300/300/300
1700000064.950000,1,300,300,105.72,364.40,1,2451,300/300/300/300/300/300
1700000065.000000,1,300,300,105.93,56.99,0,2451,300/300/300/300/300/300
1700000065.050000,1,300,300,106.09,54.12,0,2451,300/300/300/300/300/300
1700000065.100000,1,300,300,106.18,335.56,1,2450,300/300/300/300/300/300
1700000065.150000,1,300,300,106.29,56.45,0,2450,300/300/300/300/300/300
1700000065.200000,1,300,300,106.39,55.48,0,2450,300/300/300/300/300/300
1700000065.250000,1,300,300,106.55,322.27,1,2454,300/300/300/300/300/300
1700000065.300000,1,300,300,106.77,54.41,0,2454,300/300/300/300/300/300
1700000065.350000,1,300,300,107.14,55.66,0,2454,300/300/300/300/300/300
1700000065.400000,1,300,300,107.52,291.79,1,2445,300/300/300/300/300/300
1700000065.450000,1,300,300,107.98,54.71,0,2445,300/300/300/300/300/300
1700000065.500000,1,300,300,108.47,53.23,0,2445,300/300/300/300/300/300
1700000065.550000,1,300,300,109.18,236.79,1,2442,300/300/300/300/300/300
1700000065.600000,1,300,300,110.22,67.43,0,2442,300/300/300/300/300/300
1700000065.650000,1,300,300,111.14,51.94,0,2442,300/300/300/300/300/300
1700000065.700000,1,300,300,110.82,373.86,1,2464,300/300/300/300/300/300
1700000065.750000,1,300,300,110.07,51.20,0,2464,300/300/300/300/300/300
1700000065.800000,1,300,300,109.01,51.01,0,2464,300/300/300/300/300/300
1700000065.850000,1,300,300,108.22,237.09,1,2467,300/300/300/300/300/300
1700000065.900000,1,300,300,108.01,50.31,0,2467,300/300/300/300/300/300
1700000065.950000,1,300,300,108.16,49.49,0,2467,300/300/300/300/300/300
1700000066.000000,1,300,300,108.19,314.43,1,2495,300/300/300/300/300/300
1700000066.050000,1,300,300,108.25,49.48,0,2495,300/300/300/300/300/300
1700000066.100000,1,300,300,108.42,52.24,0,2495,300/300/300/300/300/300
1700000066.150000,1,300,300,108.60,369.83,1,2491,300/300/300/300/300/300
1700000066.200000,1,300,300,108.80,50.01,0,2491,300/300/300/300/300/300
1700000066.250000,1,300,300,109.00,48.57,0,2491,300/300/300/300/300/300
1700000066.300000,1,300,300,109.17,337.10,1,2495,300/300/300/300/300/300
1700000066.350000,1,300,300,109.34,46.86,0,2495,300/300/300/300/300/300
1700000066.400000,1,300,300,109.51,47.71,0,2495,300/300/300/300/300/300
1700000066.450000,1,300,300,109.65,331.57,1,2488,300/300/300/300/300/300
1700000066.500000,1,300,300,109.81,47.18,0,2488,300/300/300/300/300/300
1700000066.550000,1,300,300,109.96,47.87,0,2488,300/300/300/300/300/300
1700000066.600000,1,300,300,110.08,379.09,1,2492,300/300/300/300/300/300
1700000066.650000,1,300,300,110.24,47.48,0,2492,300/300/300/300/300/300
1700000066.700000,1,300,300,110.36,47.29,0,2492,300/300/300/300/300/300
1700000066.750000,1,300,300,110.48,318.79,1,2473,300/300/300/300/300/300
1700000066.800000,1,300,300,110.61,47.24,0,2473,300/300/300/300/300/300
1700000066.850000,1,300,300,110.72,46.61,0,2473,300/300/300/300/300/300
1700000066.900000,1,300,300,110.84,368.56,1,2343,300/300/300/300/300/300
1700000066.950000,1,300,300,110.94,46.25,0,2343,300/300/300/300/300/300
1700000067.000000,1,300,300,111.05,45.50,0,2343,300/300/300/300/300/300
1700000067.050000,1,300,300,111.14,270.34,1,2237,300/300/300/300/300/300
1700000067.100000,1,300,300,111.22,49.34,0,2237,300/300/300/300/300/300
1700000067.150000,1,300,300,111.32,47.15,0,2237,300/300/300/300/300/300
1700000067.200000,1,300,300,111.38,313.67,1,2210,300/300/300/300/300/300
1700000067.250000,1,300,300,111.44,46.59,0,2210,300/300/300/300/300/300
1700000067.300000,1,300,300,111.52,45.52,0,2210,300/300/300/300/300/300
1700000067.350000,1,300,300,111.56,429.71,1,2216,300/300/300/300/300/300
1700000067.400000,1,300,300,111.63,45.10,0,2216,300/300/300/300/300/300
1700000067.450000,1,300,300,111.66,47.38,0,2216,300/300/300/300/300/300
1700000067.500000,1,300,300,111.70,290.94,1,2173,300/300/300/300/300/300
1700000067.550000,1,300,300,111.74,43.73,0,2173,300/300/300/300/300/300
1700000067.600000,1,300,300,111.76,46.64,0,2173,300/300/300/300/300/300
1700000067.650000,1,300,300,111.79,265.97,1,2164,300/300/300/300/300/300
1700000067.700000,1,300,300,111.81,47.99,0,2164,300/300/300/300/300/300
1700000067.750000,1,300,300,111.84,46.69,0,2164,300/300/300/300/300/300
1700000067.800000,1,300,300,111.86,239.80,1,2115,300/300/300/300/300/300
1700000067.850000,1,300,300,111.87,45.25,0,2115,300/300/300/300/300/300
1700000067.900000,1,300,300,111.89,45.41,0,2115,300/300/300/300/300/300
1700000067.950000,1,300,300,111.89,387.87,1,2095,300/300/300/300/300/300
1700000068.000000,1,300,300,111.91,47.72,0,2095,300/300/300/300/300/300
1700000068.050000,1,300,300,111.91,45.17,0,2095,300/300/300/300/300/300
1700000068.100000,1,300,300,111.91,382.41,1,2095,300/300/300/300/300/300
1700000068.150000,1,300,300,111.91,47.50,0,2095,300/300/300/300/300/300
1700000068.200000,1,300,300,111.91,45.49,0,2095,300/300/300/300/300/300
1700000068.250000,1,300,300,111.90,324.06,1,1973,300/300/300/300/300/300
1700000068.300000,1,300,300,111.89,45.16,0,1973,300/300/300/300/300/300
1700000068.350000,1,300,300,111.88,45.04,0,1973,300/300/300/300/300/300
1700000068.400000,1,300,300,111.87,405.45,1,1977,300/300/300/300/300/300
1700000068.450000,1,300,300,111.85,45.55,0,1977,300/300/300/300/300/300
1700000068.500000,1,300,300,111.84,44.01,0,1977,300/300/300/300/300/300
1700000068.550000,1,300,300,111.82,354.73,1,1850,300/300/300/300/300/300
1700000068.600000,1,300,300,111.80,45.16,0,1850,300/300/300/300/300/300
1700000068.650000,1,300,300,111.80,44.88,0,1850,300/300/300/300/300/300
1700000068.700000,1,300,300,111.78,296.66,1,1839,300/300/300/300/300/300
1700000068.750000,1,300,300,111.75,44.84,0,1839,300/300/300/300/300/300
1700000068.800000,1,300,300,111.74,45.66,0,1839,300/300/300/300/300/300
1700000068.850000,1,300,300,111.72,269.62,1,1841,300/300/300/300/300/300
1700000068.900000,1,300,300,111.70,46.54,0,1841,300/300/300/300/300/300
1700000068.950000,1,300,300,111.70,44.99,0,1841,300/300/300/300/300/300
1700000069.000000,1,300,300,111.67,324.49,1,1814,300/300/300/300/300/300
1700000069.050000,1,300,300,111.64,46.96,0,1814,300/300/300/300/300/300
1700000069.100000,1,300,300,111.62,46.32,0,1814,300/300/300/300/300/300
1700000069.150000,1,300,300,111.60,379.81,1,1796,300/300/300/300/300/300
1700000069.200000,1,300,300,111.57,46.29,0,1796,300/300/300/300/300/300
1700000069.250000,1,300,300,111.57,44.89,0,1796,300/300/300/300/300/300
1700000069.300000,1,300,300,111.55,353.11,1,1758,300/300/300/300/300/300
1700000069.350000,1,300,300,111.55,47.41,0,1758,300/300/300/300/300/300
1700000069.400000,1,300,300,111.52,55.79,0,1758,300/300/300/300/300/300
1700000069.450000,1,300,300,111.51,302.80,1,1702,300/300/300/300/300/300
1700000069.500000,1,300,300,111.49,45.08,0,1702,300/300/300/300/300/300
1700000069.550000,1,300,300,111.48,44.81,0,1702,300/300/300/300/300/300
1700000069.600000,1,300,300,111.46,384.02,1,1674,300/300/300/300/300/300
1700000069.650000,1,300,300,111.46,46.15,0,1674,300/300/300/300/300/300
1700000069.700000,1,300,300,111.44,44.57,0,1674,300/300/300/300/300/300
1700000069.750000,1,300,300,111.43,369.59,1,1634,300/300/300/300/300/300
1700000069.800000,1,300,300,111.43,45.02,0,1634,300/300/300/300/300/300
1700000069.850000,1,300,300,111.43,44.45,0,1634,300/300/300/300/300/300
1700000069.900000,1,300,300,111.42,351.81,1,1602,300/300/300/300/300/300
1700000069.950000,1,300,300,111.42,43.78,0,1602,300/300/300/300/300/300
1700000070.000000,1,300,300,111.41,45.20,0,1602,300/300/300/300/300/300
1700000070.050000,1,300,300,111.40,286.20,1,1544,300/300/300/300/300/300
1700000070.100000,1,300,300,111.39,44.65,0,1544,300/300/300/300/300/300
1700000070.150000,1,300,300,111.37,44.34,0,1544,300/300/300/300/300/300
1700000070.200000,1,300,300,111.39,279.69,1,1545,300/300/300/300/300/300
1700000070.250000,1,300,300,111.37,43.40,0,1545,300/300/300/300/300/300
1700000070.300000,1,300,300,111.37,42.64,0,1545,300/300/300/300/300/300
1700000070.350000,1,300,300,111.35,279.17,1,1517,300/300/300/300/300/300
1700000070.400000,1,300,300,111.35,43.87,0,1517,300/300/300/300/300/300
1700000070.450000,1,300,300,111.32,42.98,0,1517,300/300/300/300/300/300
1700000070.500000,1,300,300,111.31,277.02,1,1475,300/300/300/300/300/300
1700000070.550000,1,300,300,111.31,42.53,0,1475,300/300/300/300/300/300
1700000070.600000,1,300,300,111.31,42.69,0,1475,300/300/300/300/300/300
1700000070.650000,1,300,300,111.29,317.17,1,1457,300/300/300/300/300/300
1700000070.700000,1,300,300,111.29,42.94,0,1457,300/300/300/300/300/300
1700000070.750000,1,300,300,111.30,42.49,0,1457,300/300/300/300/300/300
1700000070.800000,1,300,300,111.30,329.39,1,1421,300/300/300/300/300/300
1700000070.850000,1,300,300,111.32,42.96,0,1421,300/300/300/300/300/300
1700000070.900000,1,300,300,111.34,43.00,0,1421,300/300/300/300/300/300
1700000070.950000,1,300,300,111.35,320.19,1,1392,300/300/300/300/300/300
1700000071.000000,1,300,300,111.38,43.20,0,1392,300/300/300/300/300/300
1700000071.050000,1,300,300,111.41,43.30,0,1392,300/300/300/300/300/300
1700000071.100000,1,300,300,111.41,309.19,1,1362,300/300/300/300/300/300
1700000071.150000,1,300,300,111.44,43.29,0,1362,300/300/300/300/300/300
1700000071.200000,1,300,300,111.47,44.13,0,1362,300/300/300/300/300/300
1700000071.250000,1,300,300,111.49,259.15,1,1340,300/300/300/300/300/300
1700000071.300000,1,300,300,111.52,44.02,0,1340,300/300/300/300/300/300
1700000071.350000,1,300,300,111.53,43.26,0,1340,300/300/300/300/300/300
1700000071.400000,1,300,300,111.58,324.54,1,1293,300/300/300/300/300/300
1700000071.450000,1,300,300,111.60,43.45,0,1293,300/300/300/300/300/300
1700000071.500000,1,300,300,111.62,44.19,0,1293,300/300/300/300/300/300
1700000071.550000,1,300,300,111.63,266.21,1,1277,300/300/300/300/300/300
1700000071.600000,1,300,300,111.66,46.76,0,1277,300/300/300/300/300/300
1700000071.650000,1,300,300,111.65,45.50,0,1277,300/300/300/300/300/300
1700000071.700000,1,300,300,111.65,304.36,1,1246,300/300/300/300/300/300
1700000071.750000,1,300,300,111.63,42.92,0,1246,300/300/300/300/300/300
1700000071.800000,1,300,300,111.58,44.17,0,1246,300/300/300/300/300/300
1700000071.850000,1,300,300,111.56,303.58,1,1256,300/300/300/300/300/300
1700000071.900000,1,300,300,111.53,43.37,0,1256,300/300/300/300/300/300
1700000071.950000,1,300,300,111.49,46.01,0,1256,300/300/300/300/300/300
1700000072.000000,1,300,300,111.46,274.93,1,1230,300/300/300/300/300/300
1700000072.050000,1,300,300,111.43,45.29,0,1230,300/300/300/300/300/300
1700000072.100000,1,300,300,111.39,43.56,0,1230,300/300/300/300/300/300
1700000072.150000,1,300,300,111.37,307.15,1,1209,300/300/300/300/300/300
1700000072.200000,1,300,300,111.33,43.85,0,1209,300/300/300/300/300/300
1700000072.250000,1,300,300,111.35,45.00,0,1209,300/300/300/300/300/300
1700000072.300000,1,300,300,111.35,312.76,1,1190,300/300/300/300/300/300
1700000072.350000,1,300,300,111.36,45.12,0,1190,300/300/300/300/300/300
1700000072.400000,1,300,300,111.36,44.01,0,1190,300/300/300/300/300/300
1700000072.450000,1,300,300,111.37,268.49,1,1170,300/300/300/300/300/300
1700000072.500000,1,300,300,111.37,44.52,0,1170,300/300/300/300/300/300
1700000072.550000,1,300,300,111.38,44.45,0,1170,300/300/300/300/300/300
1700000072.600000,1,300,300,111.44,406.55,1,1181,300/300/300/300/300/300
1700000072.650000,1,300,300,111.43,45.39,0,1181,300/300/300/300/300/300
1700000072.700000,1,300,300,111.43,45.26,0,1181,300/300/300/300/300/300
1700000072.750000,1,300,300,111.42,251.32,1,1127,300/300/300/300/300/300
1700000072.800000,1,300,300,111.41,46.45,0,1127,300/300/300/300/300/300
1700000072.850000,1,300,300,111.42,45.86,0,1127,300/300/300/300/300/300
1700000072.900000,1,300,300,111.40,287.82,1,1133,300/300/300/300/300/300
1700000072.950000,1,300,300,111.43,46.25,0,1133,300/300/300/300/300/300
1700000073.000000,1,300,300,111.43,45.85,0,1133,300/300/300/300/300/300
1700000073.050000,1,300,300,111.45,252.42,1,1159,300/300/300/300/300/300
1700000073.100000,1,300,300,111.46,46.66,0,1159,300/300/300/300/300/300
1700000073.150000,1,300,300,111.40,44.56,0,1159,300/300/300/300/300/300
1700000073.200000,1,300,300,111.39,290.57,1,1160,300/300/300/300/300/300
1700000073.250000,1,300,300,111.37,44.73,0,1160,300/300/300/300/300/300
1700000073.300000,1,300,300,111.38,44.17,0,1160,300/300/300/300/300/300
1700000073.350000,1,300,300,111.37,267.03,1,1189,300/300/300/300/300/300
1700000073.400000,1,300,300,111.36,48.84,0,1189,300/300/300/300/300/300
1700000073.450000,1,300,300,111.35,48.77,0,1189,300/300/300/300/300/300
1700000073.500000,1,300,300,111.35,267.74,1,1208,300/300/300/300/300/300
1700000073.550000,1,300,300,111.32,47.30,0,1208,300/300/300/300/300/300
1700000073.600000,1,300,300,111.29,44.38,0,1208,300/300/300/300/300/300
1700000073.650000,1,300,300,111.27,353.91,1,1199,300/300/300/300/300/300
1700000073.700000,1,300,300,111.22,47.89,0,1199,300/300/300/300/300/300
1700000073.750000,1,300,300,111.18,47.15,0,1199,300/300/300/300/300/300
1700000073.800000,1,300,300,111.14,303.76,1,1225,300/300/300/300/300/300
1700000073.850000,1,300,300,111.09,47.44,0,1225,300/300/300/300/300/300
1700000073.900000,1,300,300,111.06,46.91,0,1225,300/300/300/300/300/300
1700000073.950000,1,300,300,111.03,227.19,1,1233,300/300/300/300/300/300
1700000074.000000,1,300,300,111.00,46.48,0,1233,300/300/300/300/300/300
1700000074.050000,1,300,300,110.97,45.56,0,1233,300/300/300/300/300/300
1700000074.100000,1,300,300,110.91,224.37,1,1252,300/300/300/300/300/300
1700000074.150000,1,300,300,110.84,47.87,0,1252,300/300/300/300/300/300
1700000074.200000,1,300,300,110.78,48.74,0,1252,300/300/300/300/300/300
1700000074.250000,1,300,300,110.70,315.50,1,1244,300/300/300/300/300/300
1700000074.300000,1,300,300,110.66,46.54,0,1244,300/300/300/300/300/300
1700000074.350000,1,300,300,110.59,45.27,0,1244,300/300/300/300/300/300
1700000074.400000,1,300,300,110.55,248.66,1,1288,300/300/300/300/300/300
1700000074.450000,1,300,300,110.48,45.89,0,1288,300/300/300/300/300/300
1700000074.500000,1,300,300,110.40,45.11,0,1288,300/300/300/300/300/300
1700000074.550000,1,300,300,110.35,256.38,1,1313,300/300/300/300/300/300
1700000074.600000,1,300,300,110.29,45.24,0,1313,300/300/300/300/300/300
1700000074.650000,1,300,300,110.25,49.15,0,1313,300/300/300/300/300/300
1700000074.700000,1,300,300,110.19,257.50,1,1334,300/300/300/300/300/300
1700000074.750000,1,300,300,110.15,45.94,0,1334,300/300/300/300/300/300
1700000074.800000,1,300,300,110.10,47.29,0,1334,300/300/300/300/300/300
1700000074.850000,1,300,300,110.04,347.15,1,1353,300/300/300/300/300/300
1700000074.900000,1,300,300,109.97,48.58,0,1353,300/300/300/300/300/300
1700000074.950000,1,300,300,109.92,47.23,0,1353,300/300/300/300/300/300
1700000075.000000,1,300,300,109.85,298.58,1,1368,300/300/300/300/300/300
1700000075.050000,1,300,300,109.80,48.39,0,1368,300/300/300/300/300/300
1700000075.100000,1,300,300,109.70,49.86,0,1368,300/300/300/300/300/300
1700000075.150000,1,300,300,109.59,340.65,1,1382,300/300/300/300/300/300
1700000075.200000,1,300,300,109.47,47.92,0,1382,300/300/300/300/300/300
1700000075.250000,1,300,300,109.38,46.69,0,1382,300/300/300/300/300/300
1700000075.300000,1,300,300,109.29,323.26,1,1405,300/300/300/300/300/300
1700000075.350000,1,300,300,109.25,47.39,0,1405,300/300/300/300/300/300
1700000075.400000,1,300,300,109.23,50.46,0,1405,300/300/300/300/300/300
1700000075.450000,1,300,300,109.22,275.86,1,1436,300/300/300/300/300/300
1700000075.500000,1,300,300,109.23,48.07,0,1436,300/300/300/300/300/300
1700000075.550000,1,300,300,109.26,48.86,0,1436,300/300/300/300/300/300
1700000075.600000,1,300,300,109.26,270.35,1,1474,300/300/300/300/300/300
1700000075.650000,1,300,300,109.28,48.05,0,1474,300/300/300/300/300/300
1700000075.700000,1,300,300,109.26,47.44,0,1474,300/300/300/300/300/300
1700000075.750000,1,300,300,109.25,276.05,1,1524,300/300/300/300/300/300
1700000075.800000,1,300,300,109.24,49.89,0,1524,300/300/300/300/300/300
1700000075.850000,1,300,300,109.22,48.09,0,1524,300/300/300/300/300/300
1700000075.900000,1,300,300,109.21,267.83,1,1561,300/300/300/300/300/300
1700000075.950000,1,300,300,109.20,47.66,0,1561,300/300/300/300/300/300
1700000076.000000,1,300,300,109.17,47.01,0,1561,300/300/300/300/300/300
1700000076.050000,1,300,300,109.16,336.63,1,1608,300/300/300/300/300/300
1700000076.100000,1,300,300,109.12,48.72,0,1608,300/300/300/300/300/300
1700000076.150000,1,300,300,109.10,50.47,0,1608,300/300/300/300/300/300
1700000076.200000,1,300,300,109.07,258.59,1,1638,300/300/300/300/300/300
1700000076.250000,1,300,300,109.06,47.69,0,1638,300/300/300/300/300/300
1700000076.300000,1,300,300,109.03,47.75,0,1638,300/300/300/300/300/300
1700000076.350000,1,300,300,109.04,212.73,1,1676,300/300/300/300/300/300
1700000076.400000,1,300,300,109.03,48.79,0,1676,300/300/300/300/300/300
1700000076.450000,1,300,300,109.04,49.00,0,1676,300/300/300/300/300/300
1700000076.500000,1,300,300,109.07,217.81,1,1704,300/300/300/300/300/300
1700000076.550000,1,300,300,109.13,52.81,0,1704,300/300/300/300/300/300
1700000076.600000,1,300,300,109.17,50.43,0,1704,300/300/300/300/300/300
1700000076.650000,1,300,300,109.24,295.04,1,1710,300/300/300/300/300/300
1700000076.700000,1,300,300,109.32,52.21,0,1710,300/300/300/300/300/300
1700000076.750000,1,300,300,109.42,50.33,0,1710,300/300/300/300/300/300
1700000076.800000,1,300,300,109.52,284.12,1,1749,300/300/300/300/300/300
1700000076.850000,1,300,300,109.67,52.90,0,1749,300/300/300/300/300/300
1700000076.900000,1,300,300,109.83,51.68,0,1749,300/300/300/300/300/300
1700000076.950000,1,300,300,109.96,340.16,1,1732,300/300/300/300/300/300
1700000077.000000,1,300,300,110.11,51.52,0,1732,300/300/300/300/300/300
1700000077.050000,1,300,300,110.23,50.04,0,1732,300/300/300/300/300/300
1700000077.100000,1,300,300,110.34,221.71,1,1754,300/300/300/300/300/300
1700000077.150000,1,300,300,110.46,52.69,0,1754,300/300/300/300/300/300
1700000077.200000,1,300,300,110.55,50.25,0,1754,300/300/300/300/300/300
1700000077.250000,1,300,300,110.64,333.32,1,1779,300/300/300/300/300/300
1700000077.300000,1,300,300,110.73,55.52,0,1779,300/300/300/300/300/300
1700000077.350000,1,300,300,110.80,51.62,0,1779,300/300/300/300/300/300
1700000077.400000,1,300,300,110.89,340.98,1,1785,300/300/300/300/300/300
1700000077.450000,1,300,300,110.96,52.56,0,1785,300/300/300/300/300/300
1700000077.500000,1,300,300,111.01,51.56,0,1785,300/300/300/300/300/300
1700000077.550000,1,300,300,111.08,255.81,1,1796,300/300/300/300/300/300
1700000077.600000,1,300,300,111.13,55.83,0,1796,300/300/300/300/300/300
1700000077.650000,1,300,300,111.17,53.31,0,1796,300/300/300/300/300/300
1700000077.700000,1,300,300,111.23,300.85,1,1823,300/300/300/300/300/300
1700000077.750000,1,300,300,111.27,52.98,0,1823,300/300/300/300/300/300
1700000077.800000,1,300,300,111.30,50.05,0,1823,300/300/300/300/300/300
1700000077.850000,1,300,300,111.33,348.56,1,1816,300/300/300/300/300/300
1700000077.900000,1,300,300,111.34,50.12,0,1816,300/300/300/300/300/300
1700000077.950000,1,300,300,111.35,55.05,0,1816,300/300/300/300/300/300
1700000078.000000,1,300,300,111.37,344.30,1,1830,300/300/300/300/300/300
1700000078.050000,1,300,300,111.36,60.27,0,1830,300/300/300/300/300/300
1700000078.100000,1,300,300,111.35,48.75,0,1830,300/300/300/300/300/300
1700000078.150000,1,300,300,111.32,338.38,1,1831,300/300/300/300/300/300
1700000078.200000,1,300,300,111.29,50.99,0,1831,300/300/300/300/300/300
1700000078.250000,1,300,300,111.21,49.78,0,1831,300/300/300/300/300/300
1700000078.300000,1,300,300,111.17,325.86,1,1831,300/300/300/300/300/300
1700000078.350000,1,300,300,111.16,51.42,0,1831,300/300/300/300/300/300
1700000078.400000,1,300,300,111.14,55.41,0,1831,300/300/300/300/300/300
1700000078.450000,1,300,300,111.11,319.83,1,1821,300/300/300/300/300/300
1700000078.500000,1,300,300,111.08,52.99,0,1821,300/300/300/300/300/300
1700000078.550000,1,300,300,111.09,52.03,0,1821,300/300/300/300/300/300
1700000078.600000,1,300,300,111.09,261.03,1,1849,300/300/300/300/300/300
1700000078.650000,1,300,300,111.10,53.93,0,1849,300/300/300/300/300/300
1700000078.700000,1,300,300,111.13,53.15,0,1849,300/300/300/300/300/300
1700000078.750000,1,300,300,111.16,328.47,1,1843,300/300/300/300/300/300
1700000078.800000,1,300,300,111.19,54.96,0,1843,300/300/300/300/300/300
1700000078.850000,1,300,300,111.27,55.27,0,1843,300/300/300/300/300/300
1700000078.900000,1,300,300,111.33,219.44,1,1864,300/300/300/300/300/300
1700000078.950000,1,300,300,111.36,53.03,0,1864,300/300/300/300/300/300
1700000079.000000,1,300,300,111.37,50.96,0,1864,300/300/300/300/300/300
1700000079.050000,1,300,300,111.41,331.28,1,1888,300/300/300/300/300/300
1700000079.100000,1,300,300,111.44,54.36,0,1888,300/300/300/300/300/300
1700000079.150000,1,300,300,111.49,53.09,0,1888,300/300/300/300/300/300
1700000079.200000,1,300,300,111.58,337.47,1,1912,300/300/300/300/300/300
1700000079.250000,1,300,300,111.67,51.09,0,1912,300/300/300/300/300/300
1700000079.300000,1,300,300,111.73,47.61,0,1912,300/300/300/300/300/300
1700000079.350000,1,300,300,111.84,290.72,1,1913,300/300/300/300/300/300
1700000079.400000,1,300,300,111.90,53.20,0,1913,300/300/300/300/300/300
1700000079.450000,1,300,300,111.95,50.79,0,1913,300/300/300/300/300/300
1700000079.500000,1,300,300,111.98,357.19,1,1906,300/300/300/300/300/300
1700000079.550000,1,300,300,112.00,51.53,0,1906,300/300/300/300/300/300
1700000079.600000,1,300,300,112.04,52.82,0,1906,300/300/300/300/300/300
1700000079.650000,1,300,300,112.09,298.03,1,1904,300/300/300/300/300/300
1700000079.700000,1,300,300,112.10,51.41,0,1904,300/300/300/300/300/300
1700000079.750000,1,300,300,112.16,49.90,0,1904,300/300/300/300/300/300
1700000079.800000,1,300,300,112.20,357.96,1,1895,300/300/300/300/300/300
1700000079.850000,1,300,300,112.23,54.68,0,1895,300/300/300/300/300/300
1700000079.900000,1,300,300,112.28,59.50,0,1895,300/300/300/300/300/300
1700000079.950000,1,300,300,112.31,376.36,1,1888,300/300/300/300/300/300
1700000080.000000,1,300,300,112.36,53.41,0,1888,300/300/300/300/300/300
1700000080.050000,1,300,300,112.40,49.05,0,1888,300/300/300/300/300/300
1700000080.100000,1,300,300,112.46,214.79,1,1880,300/300/300/300/300/300
1700000080.150000,1,300,300,112.50,48.48,0,1880,300/300/300/300/300/300
1700000080.200000,1,300,300,112.56,47.40,0,1880,300/300/300/300/300/300
1700000080.250000,1,300,300,112.61,292.72,1,1883,300/300/300/300/300/300
1700000080.300000,1,300,300,112.66,49.64,0,1883,300/300/300/300/300/300
1700000080.350000,1,300,300,112.72,48.39,0,1883,300/300/300/300/300/300
1700000080.400000,1,300,300,112.77,324.88,1,1878,300/300/300/300/300/300
1700000080.450000,1,300,300,112.84,50.68,0,1878,300/300/300/300/300/300
1700000080.500000,1,300,300,112.91,48.46,0,1878,300/300/300/300/300/300
1700000080.550000,1,300,300,112.96,274.07,1,1923,300/300/300/300/300/300
1700000080.600000,1,300,300,113.01,51.31,0,1923,300/300/300/300/300/300
1700000080.650000,1,300,300,113.04,50.92,0,1923,300/300/300/300/300/300
1700000080.700000,1,300,300,113.05,340.07,1,1942,300/300/300/300/300/300
1700000080.750000,1,300,300,113.05,53.12,0,1942,300/300/300/300/300/300
1700000080.800000,1,300,300,113.03,51.03,0,1942,300/300/300/300/300/300
1700000080.850000,1,300,300,112.95,223.15,1,1939,300/300/300/300/300/300
1700000080.900000,1,300,300,112.89,58.40,0,1939,300/300/300/300/300/300
1700000080.950000,1,300,300,112.85,54.37,0,1939,300/300/300/300/300/300
1700000081.000000,1,300,300,112.80,225.60,1,1989,300/300/300/300/300/300
1700000081.050000,1,300,300,112.69,53.56,0,1989,300/300/300/300/300/300
1700000081.100000,1,300,300,112.58,53.85,0,1989,300/300/300/300/300/300
1700000081.150000,1,300,300,112.46,343.89,1,2017,300/300/300/300/300/300
1700000081.200000,1,300,300,112.50,59.21,0,2017,300/300/300/300/300/300
1700000081.250000,1,300,300,112.57,54.57,0,2017,300/300/300/300/300/300
1700000081.300000,1,300,300,112.64,347.96,1,2067,300/300/300/300/300/300
1700000081.350000,1,300,300,112.76,52.61,0,2067,300/300/300/300/300/300
1700000081.400000,1,300,300,112.91,56.78,0,2067,300/300/300/300/300/300
1700000081.450000,1,300,300,113.06,319.84,1,2095,300/300/300/300/300/300
1700000081.500000,1,300,300,113.18,54.81,0,2095,300/300/300/300/300/300
1700000081.550000,1,300,300,113.25,53.46,0,2095,300/300/300/300/300/300
1700000081.600000,1,300,300,113.28,403.94,1,2139,300/300/300/300/300/300
1700000081.650000,1,300,300,113.32,56.46,0,2139,300/300/300/300/300/300
1700000081.700000,1,300,300,113.39,58.95,0,2139,300/300/300/300/300/300
1700000081.750000,1,300,300,113.43,383.30,1,2186,300/300/300/300/300/300
1700000081.800000,1,300,300,113.49,54.99,0,2186,300/300/300/300/300/300
1700000081.850000,1,300,300,113.56,58.13,0,2186,300/300/300/300/300/300
1700000081.900000,1,300,300,113.64,270.92,1,2221,300/300/300/300/300/300
1700000081.950000,1,300,300,113.78,58.39,0,2221,300/300/300/300/300/300
1700000082.000000,1,300,300,113.94,62.05,0,2221,300/300/300/300/300/300
1700000082.050000,1,300,300,114.07,271.19,1,2282,300/300/300/300/300/300
1700000082.100000,1,300,300,114.21,57.61,0,2282,300/300/300/300/300/300
1700000082.150000,1,300,300,114.45,57.46,0,2282,300/300/300/300/300/300
1700000082.200000,1,300,300,114.82,391.86,1,2330,300/300/300/300/300/300
1700000082.250000,1,300,300,115.24,56.83,0,2330,300/300/300/300/300/300
1700000082.300000,1,300,300,115.73,54.51,0,2330,300/300/300/300/300/300
1700000082.350000,1,300,300,116.25,408.91,1,2417,300/300/300/300/300/300
1700000082.400000,1,300,300,116.71,54.87,0,2417,300/300/300/300/300/300
1700000082.450000,1,300,300,117.07,58.67,0,2417,300/300/300/300/300/300
1700000082.500000,1,300,300,117.45,385.60,1,2481,300/300/300/300/300/300
1700000082.550000,1,300,300,117.75,56.74,0,2481,300/300/300/300/300/300
1700000082.600000,1,300,300,117.91,56.90,0,2481,300/300/300/300/300/300
1700000082.650000,1,300,300,117.98,328.50,1,2509,300/300/300/300/300/300
1700000082.700000,1,300,300,117.98,58.30,0,2509,300/300/300/300/300/300
1700000082.750000,1,300,300,117.93,55.41,0,2509,300/300/300/300/300/300
1700000082.800000,1,300,300,117.84,346.50,1,2565,300/300/300/300/300/300
1700000082.850000,1,300,300,117.76,55.44,0,2565,300/300/300/300/300/300
1700000082.900000,1,300,300,117.73,57.49,0,2565,300/300/300/300/300/300
1700000082.950000,1,300,300,117.72,338.48,1,2581,300/300/300/300/300/300
1700000083.000000,1,300,300,117.71,57.80,0,2581,300/300/300/300/300/300
1700000083.050000,1,300,300,117.63,59.43,0,2581,300/300/300/300/300/300
1700000083.100000,1,300,300,117.55,273.29,1,2616,300/300/300/300/300/300
1700000083.150000,1,300,300,117.47,54.40,0,2616,300/300/300/300/300/300
1700000083.200000,1,300,300,117.33,52.15,0,2616,300/300/300/300/300/300
1700000083.250000,1,300,300,117.18,380.53,1,2656,300/300/300/300/300/300
1700000083.300000,1,300,300,117.03,52.71,0,2656,300/300/300/300/300/300
1700000083.350000,1,300,300,116.88,53.70,0,2656,300/300/300/300/300/300
1700000083.400000,1,300,300,116.77,335.20,1,2680,300/300/300/300/300/300
1700000083.450000,1,300,300,116.68,53.68,0,2680,300/300/300/300/300/300
1700000083.500000,1,300,300,116.57,51.82,0,2680,300/300/300/300/300/300
1700000083.550000,1,300,300,116.45,273.52,1,2709,300/300/300/300/300/300
1700000083.600000,1,300,300,116.34,51.27,0,2709,300/300/300/300/300/300
1700000083.650000,1,300,300,116.25,51.51,0,2709,300/300/300/300/300/300
1700000083.700000,1,300,300,116.14,277.66,1,2707,300/300/300/300/300/300
1700000083.750000,1,300,300,116.05,53.47,0,2707,300/300/300/300/300/300
1700000083.800000,1,300,300,115.97,50.37,0,2707,300/300/300/300/300/300
1700000083.850000,1,300,300,115.90,403.26,1,2678,300/300/300/300/300/300
1700000083.900000,1,300,300,115.82,53.98,0,2678,300/300/300/300/300/300
1700000083.950000,1,300,300,115.72,49.67,0,2678,300/300/300/300/300/300
1700000084.000000,1,300,300,115.65,243.30,1,2664,300/300/300/300/300/300
1700000084.050000,1,300,300,115.59,51.15,0,2664,300/300/300/300/300/300
1700000084.100000,1,300,300,115.52,52.03,0,2664,300/300/300/300/300/300
1700000084.150000,1,300,300,115.46,298.88,1,2647,300/300/300/300/300/300
1700000084.200000,1,300,300,115.42,52.50,0,2647,300/300/300/300/300/300
1700000084.250000,1,300,300,115.34,48.34,0,2647,300/300/300/300/300/300
1700000084.300000,1,300,300,115.29,370.51,1,2628,300/300/300/300/300/300
1700000084.350000,1,300,300,115.21,51.47,0,2628,300/300/300/300/300/300
1700000084.400000,1,300,300,115.13,50.56,0,2628,300/300/300/300/300/300
1700000084.450000,1,300,300,115.05,387.85,1,2613,300/300/300/300/300/300
1700000084.500000,1,300,300,115.00,48.81,0,2613,300/300/300/300/300/300
1700000084.550000,1,300,300,114.93,49.60,0,2613,300/300/300/300/300/300
1700000084.600000,1,300,300,114.89,350.69,1,2571,300/300/300/300/300/300
1700000084.650000,1,300,300,114.84,53.79,0,2571,300/300/300/300/300/300
1700000084.700000,1,300,300,114.80,50.88,0,2571,300/300/300/300/300/300
1700000084.750000,1,300,300,114.76,386.13,1,2520,300/300/300/300/300/300
1700000084.800000,1,300,300,114.72,50.52,0,2520,300/300/300/300/300/300
1700000084.850000,1,300,300,114.68,52.15,0,2520,300/300/300/300/300/300
1700000084.900000,1,300,300,114.65,507.71,1,2506,300/300/300/300/300/300
1700000084.950000,1,300,300,114.62,50.14,0,2506,300/300/300/300/300/300
1700000085.000000,1,300,300,114.61,48.45,0,2506,300/300/300/300/300/300
1700000085.050000,1,300,300,114.59,394.65,1,2460,300/300/300/300/300/300
1700000085.100000,1,300,300,114.60,48.90,0,2460,300/300/300/300/300/300
1700000085.150000,1,300,300,114.63,49.86,0,2460,300/300/300/300/300/300
1700000085.200000,1,300,300,114.65,411.63,1,2398,300/300/300/300/300/300
1700000085.250000,1,300,300,114.67,53.31,0,2398,300/300/300/300/300/300
1700000085.300000,1,300,300,114.68,50.92,0,2398,300/300/300/300/300/300
1700000085.350000,1,300,300,114.66,301.11,1,2328,300/300/300/300/300/300
1700000085.400000,1,300,300,114.65,50.59,0,2328,300/300/300/300/300/300
1700000085.450000,1,300,300,114.68,50.57,0,2328,300/300/300/300/300/300
1700000085.500000,1,300,300,114.77,414.81,1,2295,300/300/300/300/300/300
1700000085.550000,1,300,300,114.87,51.05,0,2295,300/300/300/300/300/300
1700000085.600000,1,300,300,114.98,51.85,0,2295,300/300/300/300/300/300
1700000085.650000,1,300,300,115.10,262.36,1,2252,300/300/300/300/300/300
1700000085.700000,1,300,300,115.22,50.46,0,2252,300/300/300/300/300/300
1700000085.750000,1,300,300,115.34,50.31,0,2252,300/300/300/300/300/300
1700000085.800000,1,300,300,115.38,413.22,1,2191,300/300/300/300/300/300
1700000085.850000,1,300,300,115.45,49.74,0,2191,300/300/300/300/300/300
1700000085.900000,1,300,300,115.50,55.56,0,2191,300/300/300/300/300/300
1700000085.950000,1,300,300,115.58,413.73,1,2139,300/300/300/300/300/300
1700000086.000000,1,300,300,115.67,49.58,0,2139,300/300/300/300/300/300
1700000086.050000,1,300,300,115.76,49.62,0,2139,300/300/300/300/300/300
1700000086.100000,1,300,300,115.83,399.06,1,2084,300/300/300/300/300/300
1700000086.150000,1,300,300,115.79,46.87,0,2084,300/300/300/300/300/300
1700000086.200000,1,300,300,115.70,51.13,0,2084,300/300/300/300/300/300
1700000086.250000,1,300,300,115.60,377.46,1,2020,300/300/300/300/300/300
1700000086.300000,1,300,300,115.48,52.57,0,2020,300/300/300/300/300/300
1700000086.350000,1,300,300,115.36,48.04,0,2020,300/300/300/300/300/300
1700000086.400000,1,300,300,115.24,373.03,1,1949,300/300/300/300/300/300
1700000086.450000,1,300,300,115.14,49.93,0,1949,300/300/300/300/300/300
1700000086.500000,1,300,300,115.06,51.43,0,1949,300/300/300/300/300/300
1700000086.550000,1,300,300,114.99,270.94,1,1880,300/300/300/300/300/300
1700000086.600000,1,300,300,114.91,49.85,0,1880,300/300/300/300/300/300
1700000086.650000,1,300,300,114.86,51.31,0,1880,300/300/300/300/300/300
1700000086.700000,1,300,300,114.79,413.00,1,1843,300/300/300/300/300/300
1700000086.750000,1,300,300,114.72,55.23,0,1843,300/300/300/300/300/300
1700000086.800000,1,300,300,114.62,49.76,0,1843,300/300/300/300/300/300
1700000086.850000,1,300,300,114.52,344.92,1,1809,300/300/300/300/300/300
1700000086.900000,1,300,300,114.41,49.79,0,1809,300/300/300/300/300/300
1700000086.950000,1,300,300,114.28,48.50,0,1809,300/300/300/300/300/300
1700000087.000000,1,300,300,114.21,326.04,1,1804,300/300/300/300/300/300
1700000087.050000,1,300,300,114.17,50.39,0,1804,300/300/300/300/300/300
1700000087.100000,1,300,300,114.12,48.78,0,1804,300/300/300/300/300/300
1700000087.150000,1,300,300,114.08,228.96,1,1757,300/300/300/300/300/300
1700000087.200000,1,300,300,114.05,49.28,0,1757,300/300/300/300/300/300
1700000087.250000,1,300,300,114.08,48.54,0,1757,300/300/300/300/300/300
1700000087.300000,1,300,300,114.09,293.56,1,1731,300/300/300/300/300/300
1700000087.350000,1,300,300,114.11,50.55,0,1731,300/300/300/300/300/300
1700000087.400000,1,300,300,114.13,46.14,0,1731,300/300/300/300/300/300
1700000087.450000,1,300,300,114.13,254.75,1,1698,300/300/300/300/300/300
1700000087.500000,1,300,300,114.04,49.12,0,1698,300/300/300/300/300/300
1700000087.550000,1,300,300,113.97,48.67,0,1698,300/300/300/300/300/300
1700000087.600000,1,300,300,113.83,232.74,1,1678,300/300/300/300/300/300
1700000087.650000,1,300,300,113.69,48.70,0,1678,300/300/300/300/300/300
1700000087.700000,1,300,300,113.56,49.04,0,1678,300/300/300/300/300/300
1700000087.750000,1,300,300,113.43,278.95,1,1680,300/300/300/300/300/300
1700000087.800000,1,300,300,113.29,48.71,0,1680,300/300/300/300/300/300
1700000087.850000,1,300,300,113.17,50.91,0,1680,300/300/300/300/300/300
1700000087.900000,1,300,300,113.03,215.05,1,1681,300/300/300/300/300/300
1700000087.950000,1,300,300,112.89,50.04,0,1681,300/300/300/300/300/300
1700000088.000000,1,300,300,112.75,47.13,0,1681,300/300/300/300/300/300
1700000088.050000,1,300,300,112.62,290.62,1,1672,300/300/300/300/300/300
1700000088.100000,1,300,300,112.54,49.70,0,1672,300/300/300/300/300/300
1700000088.150000,1,300,300,112.48,47.59,0,1672,300/300/300/300/300/300
1700000088.200000,1,300,300,112.45,281.06,1,1678,300/300/300/300/300/300
1700000088.250000,1,300,300,112.42,49.07,0,1678,300/300/300/300/300/300
1700000088.300000,1,300,300,112.37,50.22,0,1678,300/300/300/300/300/300
1700000088.350000,1,300,300,112.33,194.70,1,1663,300/300/300/300/300/300
1700000088.400000,1,300,300,112.30,53.14,0,1663,300/300/300/300/300/300
1700000088.450000,1,300,300,112.27,50.22,0,1663,300/300/300/300/300/300
1700000088.500000,1,300,300,112.21,306.07,1,1676,300/300/300/300/300/300
1700000088.550000,1,300,300,112.15,49.56,0,1676,300/300/300/300/300/300
1700000088.600000,1,300,300,112.10,50.51,0,1676,300/300/300/300/300/300
1700000088.650000,1,300,300,112.07,258.79,1,1690,300/300/300/300/300/300
1700000088.700000,1,300,300,112.03,54.99,0,1690,300/300/300/300/300/300
1700000088.750000,1,300,300,112.04,54.23,0,1690,300/300/300/300/300/300
1700000088.800000,1,300,300,112.10,275.67,1,1719,300/300/300/300/300/300
1700000088.850000,1,300,300,112.16,52.19,0,1719,300/300/300/300/300/300
1700000088.900000,1,300,300,112.21,53.66,0,1719,300/300/300/300/300/300
1700000088.950000,1,300,300,112.26,334.55,1,1748,300/300/300/300/300/300
1700000089.000000,1,300,300,112.33,53.54,0,1748,300/300/300/300/300/300
1700000089.050000,1,300,300,112.41,51.81,0,1748,300/300/300/300/300/300
1700000089.100000,1,300,300,112.50,302.83,1,1756,300/300/300/300/300/300
1700000089.150000,1,300,300,112.65,49.23,0,1756,300/300/300/300/300/300
1700000089.200000,1,300,300,112.80,52.26,0,1756,300/300/300/300/300/300
1700000089.250000,1,300,300,112.98,212.51,1,1791,300/300/300/300/300/300
1700000089.300000,1,300,300,113.19,51.98,0,1791,300/300/300/300/300/300
1700000089.350000,1,300,300,113.39,50.64,0,1791,300/300/300/300/300/300
1700000089.400000,1,300,300,113.57,222.71,1,1816,300/300/300/300/300/300
1700000089.450000,1,300,300,113.68,50.28,0,1816,300/300/300/300/300/300
1700000089.500000,1,300,300,113.76,48.85,0,1816,300/300/300/300/300/300
1700000089.550000,1,300,300,113.88,247.46,1,1846,300/300/300/300/300/300
1700000089.600000,1,300,300,114.04,52.95,0,1846,300/300/300/300/300/300
1700000089.650000,1,300,300,114.19,51.33,0,1846,300/300/300/300/300/300
1700000089.700000,1,300,300,114.30,217.40,1,1877,300/300/300/300/300/300
1700000089.750000,1,300,300,114.39,51.48,0,1877,300/300/300/300/300/300
1700000089.800000,1,300,300,114.47,50.18,0,1877,300/300/300/300/300/300
1700000089.850000,1,300,300,114.53,223.29,1,1901,300/300/300/300/300/300
1700000089.900000,1,300,300,114.53,53.87,0,1901,300/300/300/300/300/300
1700000089.950000,1,300,300,114.53,52.50,0,1901,300/300/300/300/300/300
1700000090.000000,1,300,300,114.57,226.98,1,1900,300/300/300/300/300/300
1700000090.050000,1,300,300,114.59,50.73,0,1900,300/300/300/300/300/300
1700000090.100000,1,300,300,114.63,50.67,0,1900,300/300/300/300/300/300
1700000090.150000,1,300,300,114.71,530.13,1,1913,300/300/300/300/300/300
1700000090.200000,1,300,300,114.80,47.85,0,1913,300/300/300/300/300/300
1700000090.250000,1,300,300,114.91,51.00,0,1913,300/300/300/300/300/300
1700000090.300000,1,300,300,114.99,370.50,1,1959,300/300/300/300/300/300
1700000090.350000,1,300,300,115.07,49.95,0,1959,300/300/300/300/300/300
1700000090.400000,1,300,300,115.15,49.85,0,1959,300/300/300/300/300/300
1700000090.450000,1,300,300,115.25,253.59,1,1933,300/300/300/300/300/300
1700000090.500000,1,300,300,115.34,49.12,0,1933,300/300/300/300/300/300
1700000090.550000,1,300,300,115.44,46.31,0,1933,300/300/300/300/300/300
1700000090.600000,1,300,300,115.50,254.64,1,1926,300/300/300/300/300/300
1700000090.650000,1,300,300,115.58,47.54,0,1926,300/300/300/300/300/300
1700000090.700000,1,300,300,115.69,47.89,0,1926,300/300/300/300/300/300
1700000090.750000,1,300,300,115.79,249.68,1,1910,300/300/300/300/300/300
1700000090.800000,1,300,300,115.87,46.99,0,1910,300/300/300/300/300/300
1700000090.850000,1,300,300,115.98,45.96,0,1910,300/300/300/300/300/300
1700000090.900000,1,300,300,116.06,249.05,1,1905,300/300/300/300/300/300
1700000090.950000,1,300,300,116.13,50.18,0,1905,300/300/300/300/300/300
1700000091.000000,1,300,300,116.20,47.57,0,1905,300/300/300/300/300/300
1700000091.050000,1,300,300,116.30,209.67,1,1888,300/300/300/300/300/300
1700000091.100000,1,300,300,116.35,47.07,0,1888,300/300/300/300/300/300
1700000091.150000,1,300,300,116.41,46.70,0,1888,300/300/300/300/300/300
1700000091.200000,1,300,300,116.47,235.52,1,1886,300/300/300/300/300/300
1700000091.250000,1,300,300,116.53,47.48,0,1886,300/300/300/300/300/300
1700000091.300000,1,300,300,116.58,46.93,0,1886,300/300/300/300/300/300
1700000091.350000,1,300,300,116.63,241.38,1,1847,300/300/300/300/300/300
1700000091.400000,1,300,300,116.70,48.90,0,1847,300/300/300/300/300/300
1700000091.450000,1,300,300,116.74,47.51,0,1847,300/300/300/300/300/300
1700000091.500000,1,300,300,116.79,267.36,1,1835,300/300/300/300/300/300
1700000091.550000,1,300,300,116.83,47.77,0,1835,300/300/300/300/300/300
1700000091.600000,1,300,300,116.88,47.41,0,1835,300/300/300/300/300/300
1700000091.650000,1,300,300,116.91,218.29,1,1817,300/300/300/300/300/300
1700000091.700000,1,300,300,116.96,47.08,0,1817,300/300/300/300/300/300
1700000091.750000,1,300,300,116.99,47.39,0,1817,300/300/300/300/300/300
1700000091.800000,1,300,300,117.01,313.71,1,1789,300/300/300/300/300/300
1700000091.850000,1,300,300,117.04,47.94,0,1789,300/300/300/300/300/300
1700000091.900000,1,300,300,117.06,46.98,0,1789,300/300/300/300/300/300
1700000091.950000,1,300,300,117.08,318.35,1,1796,300/300/300/300/300/300
1700000092.000000,1,300,300,117.10,49.22,0,1796,300/300/300/300/300/300
1700000092.050000,1,300,300,117.12,46.60,0,1796,300/300/300/300/300/300
1700000092.100000,1,300,300,117.12,244.77,1,1792,300/300/300/300/300/300
1700000092.150000,1,300,300,117.14,47.46,0,1792,300/300/300/300/300/300
1700000092.200000,1,300,300,117.12,47.58,0,1792,300/300/300/300/300/300
1700000092.250000,1,300,300,117.12,330.17,1,1796,300/300/300/300/300/300
1700000092.300000,1,300,300,117.11,57.64,0,1796,300/300/300/300/300/300
1700000092.350000,1,300,300,117.10,46.64,0,1796,300/300/300/300/300/300
1700000092.400000,1,300,300,117.07,354.87,1,1808,300/300/300/300/300/300
1700000092.450000,1,300,300,117.06,47.78,0,1808,300/300/300/300/300/300
1700000092.500000,1,300,300,117.05,48.93,0,1808,300/300/300/300/300/300
1700000092.550000,1,300,300,117.03,302.15,1,1801,300/300/300/300/300/300
1700000092.600000,1,300,300,117.01,47.09,0,1801,300/300/300/300/300/300
1700000092.650000,1,300,300,116.99,48.97,0,1801,300/300/300/300/300/300
1700000092.700000,1,300,300,116.98,287.78,1,1778,300/300/300/300/300/300
1700000092.750000,1,300,300,116.95,48.18,0,1778,300/300/300/300/300/300
1700000092.800000,1,300,300,116.93,48.98,0,1778,300/300/300/300/300/300
1700000092.850000,1,300,300,116.92,344.11,1,1769,300/300/300/300/300/300
1700000092.900000,1,300,300,116.92,49.18,0,1769,300/300/300/300/300/300
1700000092.950000,1,300,300,116.92,47.28,0,1769,300/300/300/300/300/300
1700000093.000000,1,300,300,116.91,361.65,1,1736,300/300/300/300/300/300
1700000093.050000,1,300,300,116.90,51.19,0,1736,300/300/300/300/300/300
1700000093.100000,1,300,300,116.87,49.54,0,1736,300/300/300/300/300/300
1700000093.150000,1,300,300,116.86,385.74,1,1744,300/300/300/300/300/300
1700000093.200000,1,300,300,116.85,55.11,0,1744,300/300/300/300/300/300
1700000093.250000,1,300,300,116.84,51.56,0,1744,300/300/300/300/300/300
1700000093.300000,1,300,300,116.82,423.74,1,1743,300/300/300/300/300/300
1700000093.350000,1,300,300,116.82,51.39,0,1743,300/300/300/300/300/300
1700000093.400000,1,300,300,116.82,56.80,0,1743,300/300/300/300/300/300
1700000093.450000,1,300,300,116.81,258.58,1,1761,300/300/300/300/300/300
1700000093.500000,1,300,300,116.81,52.91,0,1761,300/300/300/300/300/300
1700000093.550000,1,300,300,116.82,52.09,0,1761,300/300/300/300/300/300
1700000093.600000,1,300,300,116.82,338.13,1,1771,300/300/300/300/300/300
1700000093.650000,1,300,300,116.83,48.06,0,1771,300/300/300/300/300/300
1700000093.700000,1,300,300,116.84,48.52,0,1771,300/300/300/300/300/300
1700000093.750000,1,300,300,116.87,339.32,1,1784,300/300/300/300/300/300
1700000093.800000,1,300,300,116.88,49.43,0,1784,300/300/300/300/300/300
1700000093.850000,1,300,300,116.90,49.44,0,1784,300/300/300/300/300/300
1700000093.900000,1,300,300,116.90,318.45,1,1782,300/300/300/300/300/300
1700000093.950000,1,300,300,116.87,50.94,0,1782,300/300/300/300/300/300
1700000094.000000,1,300,300,116.82,50.03,0,1782,300/300/300/300/300/300
1700000094.050000,1,300,300,116.79,242.75,1,1811,300/300/300/300/300/300
1700000094.100000,1,300,300,116.74,49.23,0,1811,300/300/300/300/300/300
1700000094.150000,1,300,300,116.68,49.94,0,1811,300/300/300/300/300/300
1700000094.200000,1,300,300,116.63,365.57,1,1799,300/300/300/300/300/300
1700000094.250000,1,300,300,116.54,49.54,0,1799,300/300/300/300/300/300
1700000094.300000,1,300,300,116.44,52.64,0,1799,300/300/300/300/300/300
1700000094.350000,1,300,300,116.31,347.02,1,1769,300/300/300/300/300/300
1700000094.400000,1,300,300,116.17,48.97,0,1769,300/300/300/300/300/300
1700000094.450000,1,300,300,116.03,49.49,0,1769,300/300/300/300/300/300
1700000094.500000,1,300,300,115.88,245.56,1,1776,300/300/300/300/300/300
1700000094.550000,1,300,300,115.74,49.99,0,1776,300/300/300/300/300/300
1700000094.600000,1,300,300,115.64,48.10,0,1776,300/300/300/300/300/300
1700000094.650000,1,300,300,115.56,207.09,1,1770,300/300/300/300/300/300
1700000094.700000,1,300,300,115.49,48.54,0,1770,300/300/300/300/300/300
1700000094.750000,1,300,300,115.42,46.50,0,1770,300/300/300/300/300/300
1700000094.800000,1,300,300,115.36,271.14,1,1767,300/300/300/300/300/300
1700000094.850000,1,300,300,115.30,49.54,0,1767,300/300/300/300/300/300
1700000094.900000,1,300,300,115.26,46.40,0,1767,300/300/300/300/300/300
1700000094.950000,1,300,300,115.25,254.60,1,1748,300/300/300/300/300/300
1700000095.000000,1,300,300,115.26,49.30,0,1748,300/300/300/300/300/300
1700000095.050000,1,300,300,115.29,47.12,0,1748,300/300/300/300/300/300
1700000095.100000,1,300,300,115.32,363.25,1,1737,300/300/300/300/300/300
1700000095.150000,1,300,300,115.38,47.23,0,1737,300/300/300/300/300/300
1700000095.200000,1,300,300,115.42,47.65,0,1737,300/300/300/300/300/300
1700000095.250000,1,300,300,115.48,319.99,1,1725,300/300/300/300/300/300
1700000095.300000,1,300,300,115.52,47.16,0,1725,300/300/300/300/300/300
1700000095.350000,1,300,300,115.53,48.29,0,1725,300/300/300/300/300/300
1700000095.400000,1,300,300,115.52,232.75,1,1723,300/300/300/300/300/300
1700000095.450000,1,300,300,115.51,49.70,0,1723,300/300/300/300/300/300
1700000095.500000,1,300,300,115.52,51.11,0,1723,300/300/300/300/300/300
1700000095.550000,1,300,300,115.53,315.89,1,1716,300/300/300/300/300/300
1700000095.600000,1,300,300,115.53,47.20,0,1716,300/300/300/300/300/300
1700000095.650000,1,300,300,115.53,46.45,0,1716,300/300/300/300/300/300
1700000095.700000,1,300,300,115.51,329.32,1,1726,300/300/300/300/300/300
1700000095.750000,1,300,300,115.50,48.80,0,1726,300/300/300/300/300/300
1700000095.800000,1,300,300,115.50,46.40,0,1726,300/300/300/300/300/300
1700000095.850000,1,300,300,115.49,317.83,1,1714,300/300/300/300/300/300
1700000095.900000,1,300,300,115.49,50.74,0,1714,300/300/300/300/300/300
1700000095.950000,1,300,300,115.50,49.35,0,1714,300/300/300/300/300/300
1700000096.000000,1,300,300,115.52,343.51,1,1703,300/300/300/300/300/300
1700000096.050000,1,300,300,115.53,49.54,0,1703,300/300/300/300/300/300
1700000096.100000,1,300,300,115.57,51.69,0,1703,300/300/300/300/300/300
1700000096.150000,1,300,300,115.59,345.11,1,1713,300/300/300/300/300/300
1700000096.200000,1,300,300,115.65,50.96,0,1713,300/300/300/300/300/300
1700000096.250000,1,300,300,115.68,48.46,0,1713,300/300/300/300/300/300
1700000096.300000,1,300,300,115.70,341.16,1,1702,300/300/300/300/300/300
1700000096.350000,1,300,300,115.73,48.06,0,1702,300/300/300/300/300/300
1700000096.400000,1,300,300,115.74,49.32,0,1702,300/300/300/300/300/300
1700000096.450000,1,300,300,115.76,349.81,1,1698,300/300/300/300/300/300
1700000096.500000,1,300,300,115.78,50.71,0,1698,300/300/300/300/300/300
1700000096.550000,1,300,300,115.81,47.49,0,1698,300/300/300/300/300/300
1700000096.600000,1,300,300,115.82,353.58,1,1691,300/300/300/300/300/300
1700000096.650000,1,300,300,115.81,49.80,0,1691,300/300/300/300/300/300
1700000096.700000,1,300,300,115.81,48.54,0,1691,300/300/300/300/300/300
1700000096.750000,1,300,300,115.81,362.68,1,1711,300/300/300/300/300/300
1700000096.800000,1,300,300,115.81,50.44,0,1711,300/300/300/300/300/300
1700000096.850000,1,300,300,115.81,49.83,0,1711,300/300/300/300/300/300
1700000096.900000,1,300,300,115.80,323.60,1,1707,300/300/300/300/300/300
1700000096.950000,1,300,300,115.76,49.16,0,1707,300/300/300/300/300/300
1700000097.000000,1,300,300,115.73,49.39,0,1707,300/300/300/300/300/300
1700000097.050000,1,300,300,115.71,309.83,1,1702,300/300/300/300/300/300
1700000097.100000,1,300,300,115.72,49.14,0,1702,300/300/300/300/300/300
1700000097.150000,1,300,300,115.74,49.77,0,1702,300/300/300/300/300/300
1700000097.200000,1,300,300,115.75,404.17,1,1686,300/300/300/300/300/300
1700000097.250000,1,300,300,115.79,49.09,0,1686,300/300/300/300/300/300
1700000097.300000,1,300,300,115.86,46.36,0,1686,300/300/300/300/300/300
1700000097.350000,1,300,300,115.90,290.57,1,1673,300/300/300/300/300/300
1700000097.400000,1,300,300,115.97,55.79,0,1673,300/300/300/300/300/300
1700000097.450000,1,300,300,116.03,48.21,0,1673,300/300/300/300/300/300
1700000097.500000,1,300,300,116.12,363.13,1,1663,300/300/300/300/300/300
1700000097.550000,1,300,300,116.14,49.79,0,1663,300/300/300/300/300/300
1700000097.600000,1,300,300,116.31,52.08,0,1663,300/300/300/300/300/300
1700000097.650000,1,300,300,116.34,348.21,1,1636,300/300/300/300/300/300
1700000097.700000,1,300,300,116.36,49.21,0,1636,300/300/300/300/300/300
1700000097.750000,1,300,300,116.36,50.50,0,1636,300/300/300/300/300/300
1700000097.800000,1,300,300,116.36,270.28,1,1636,300/300/300/300/300/300
1700000097.850000,1,300,300,116.37,51.19,0,1636,300/300/300/300/300/300
1700000097.900000,1,300,300,116.37,49.34,0,1636,300/300/300/300/300/300
1700000097.950000,1,300,300,116.39,241.35,1,1657,300/300/300/300/300/300
1700000098.000000,1,300,300,116.38,48.08,0,1657,300/300/300/300/300/300
1700000098.050000,1,300,300,116.37,48.34,0,1657,300/300/300/300/300/300
1700000098.100000,1,300,300,116.30,305.18,1,1654,300/300/300/300/300/300
1700000098.150000,1,300,300,116.27,50.41,0,1654,300/300/300/300/300/300
1700000098.200000,1,300,300,116.24,50.89,0,1654,300/300/300/300/300/300
1700000098.250000,1,300,300,116.21,352.49,1,1658,300/300/300/300/300/300
1700000098.300000,1,300,300,116.14,51.71,0,1658,300/300/300/300/300/300
1700000098.350000,1,300,300,116.09,52.52,0,1658,300/300/300/300/300/300
1700000098.400000,1,300,300,116.03,240.61,1,1657,300/300/300/300/300/300
1700000098.450000,1,300,300,115.95,51.32,0,1657,300/300/300/300/300/300
1700000098.500000,1,300,300,115.91,50.17,0,1657,300/300/300/300/300/300
1700000098.550000,1,300,300,115.83,236.74,1,1679,300/300/300/300/300/300
1700000098.600000,1,300,300,115.76,49.34,0,1679,300/300/300/300/300/300
1700000098.650000,1,300,300,115.70,49.90,0,1679,300/300/300/300/300/300
1700000098.700000,1,300,300,115.61,201.72,1,1684,300/300/300/300/300/300
1700000098.750000,1,300,300,115.53,51.67,0,1684,300/300/300/300/300/300
1700000098.800000,1,300,300,115.44,48.95,0,1684,300/300/300/300/300/300
1700000098.850000,1,300,300,115.37,348.16,1,1661,300/300/300/300/300/300
1700000098.900000,1,300,300,115.29,49.04,0,1661,300/300/300/300/300/300
1700000098.950000,1,300,300,115.21,52.87,0,1661,300/300/300/300/300/300
1700000099.000000,1,300,300,115.13,311.15,1,1681,300/300/300/300/300/300
1700000099.050000,1,300,300,115.03,48.81,0,1681,300/300/300/300/300/300
1700000099.100000,1,300,300,114.89,48.38,0,1681,300/300/300/300/300/300
1700000099.150000,1,300,300,114.72,309.91,1,1697,300/300/300/300/300/300
1700000099.200000,1,300,300,114.51,50.05,0,1697,300/300/300/300/300/300
1700000099.250000,1,300,300,114.00,52.18,0,1697,300/300/300/300/300/300
1700000099.300000,1,300,300,113.41,320.24,1,1681,300/300/300/300/300/300
1700000099.350000,1,300,300,112.67,52.53,0,1681,300/300/300/300/300/300
1700000099.400000,1,300,300,112.01,52.27,0,1681,300/300/300/300/300/300
1700000099.450000,1,300,300,111.05,208.03,1,1711,300/300/300/300/300/300
1700000099.500000,1,300,300,110.11,53.19,0,1711,300/300/300/300/300/300
1700000099.550000,1,300,300,109.35,51.74,0,1711,300/300/300/300/300/300
1700000099.600000,1,300,300,109.13,325.56,1,1758,300/300/300/300/300/300
1700000099.650000,1,300,300,110.20,49.05,0,1758,300/300/300/300/300/300
1700000099.700000,1,300,300,113.86,52.78,0,1758,300/300/300/300/300/300
1700000099.750000,1,300,300,119.02,321.23,1,1778,300/300/300/300/300/300
1700000099.800000,1,300,300,117.25,54.37,0,1778,300/300/300/300/300/300
1700000099.850000,1,300,300,116.10,56.75,0,1778,300/300/300/279/300/300
1700000099.900000,1,300,300,114.47,323.59,1,1820,300/300/300/300/300/300
1700000099.950000,1,300,300,113.77,50.47,0,1820,300/300/300/300/300/300
1700000100.000000,1,300,300,113.17,48.92,0,1820,300/300/300/300/300/300
1700000100.050000,1,300,300,112.82,351.08,1,1845,300/300/300/300/300/300
1700000100.100000,1,300,300,112.48,97.66,0,1845,300/300/300/300/300/300
1700000100.150000,1,300,300,112.28,57.54,0,1845,300/300/300/300/300/300
1700000100.200000,1,300,300,112.22,253.81,1,1871,300/300/300/300/300/300
1700000100.250000,1,300,300,112.31,55.15,0,1871,300/300/300/300/300/300
1700000100.300000,1,300,300,112.45,54.68,0,1871,300/300/300/300/300/300
1700000100.350000,1,300,300,112.54,326.71,1,1910,300/300/300/300/300/300
1700000100.400000,1,300,300,112.59,54.28,0,1910,300/300/300/300/300/300
1700000100.450000,1,300,300,112.68,53.03,0,1910,300/300/300/300/300/300
1700000100.500000,1,300,300,112.79,252.48,1,1924,300/300/300/300/300/300
1700000100.550000,1,300,300,112.81,49.67,0,1924,300/300/300/300/300/300
1700000100.600000,1,300,300,112.77,51.13,0,1924,300/300/300/300/300/300
1700000100.650000,1,300,300,112.72,340.95,1,1936,300/300/300/300/300/300
1700000100.700000,1,300,300,112.64,51.42,0,1936,300/300/300/300/300/300
1700000100.750000,1,300,300,112.60,51.57,0,1936,300/300/300/300/300/300
1700000100.800000,1,300,300,112.54,308.69,1,1933,300/300/300/300/300/300
1700000100.850000,1,300,300,112.52,50.86,0,1933,300/300/300/300/300/300
1700000100.900000,1,300,300,112.52,50.06,0,1933,300/300/300/300/300/300
1700000100.950000,1,300,300,112.52,225.21,1,1938,300/300/300/300/300/300
1700000101.000000,1,300,300,112.51,47.63,0,1938,300/300/300/300/300/300
1700000101.050000,1,300,300,112.51,51.43,0,1938,300/300/300/300/300/300
1700000101.100000,1,300,300,112.52,345.62,1,1933,300/300/300/300/300/300
1700000101.150000,1,300,300,112.54,47.43,0,1933,300/300/300/300/300/300
1700000101.200000,1,300,300,112.58,46.98,0,1933,300/300/300/300/300/300
1700000101.250000,1,300,300,112.65,351.77,1,1937,300/300/300/300/300/300
1700000101.300000,1,300,300,112.73,49.44,0,1937,300/300/300/300/300/300
1700000101.350000,1,300,300,112.86,45.55,0,1937,300/300/300/300/300/300
1700000101.400000,1,300,300,113.03,346.73,1,1907,300/300/300/300/300/300
1700000101.450000,1,300,300,113.12,49.10,0,1907,300/300/300/300/300/300
1700000101.500000,1,300,300,113.14,53.61,0,1907,300/300/300/300/300/300
1700000101.550000,1,300,300,113.09,302.41,1,1901,300/300/300/300/300/300
1700000101.600000,1,300,300,112.99,47.52,0,1901,300/300/300/300/300/300
1700000101.650000,1,300,300,112.82,47.20,0,1901,300/300/300/300/300/300
1700000101.700000,1,300,300,112.66,325.29,1,1889,300/300/300/300/300/300
1700000101.750000,1,300,300,112.55,52.38,0,1889,300/300/300/300/300/300
1700000101.800000,1,300,300,112.45,48.66,0,1889,300/300/300/300/300/300
1700000101.850000,1,300,300,112.36,219.09,1,1844,300/300/300/300/300/300
1700000101.900000,1,300,300,112.26,48.17,0,1844,300/300/300/300/300/300
1700000101.950000,1,300,300,112.15,50.10,0,1844,300/300/300/300/300/300
1700000102.000000,1,300,300,112.10,309.53,1,1817,300/300/300/300/300/300
1700000102.050000,1,300,300,112.03,49.49,0,1817,300/300/300/300/300/300
1700000102.100000,1,300,300,112.00,48.50,0,1817,300/300/300/300/300/300
1700000102.150000,1,300,300,112.01,271.91,1,1796,300/300/300/300/300/300
1700000102.200000,1,300,300,112.02,46.85,0,1796,300/300/300/300/300/300
1700000102.250000,1,300,300,112.04,49.29,0,1796,300/300/300/300/300/300
1700000102.300000,1,300,300,112.04,326.72,1,1786,300/300/300/300/300/300
1700000102.350000,1,300,300,112.03,45.92,0,1786,300/300/300/300/300/300
1700000102.400000,1,300,300,111.98,46.70,0,1786,300/300/300/300/300/300
1700000102.450000,1,300,300,111.91,341.94,1,1779,300/300/300/300/300/300
1700000102.500000,1,300,300,111.85,48.65,0,1779,300/300/300/300/300/300
1700000102.550000,1,300,300,111.76,47.50,0,1779,300/300/300/300/300/300
1700000102.600000,1,300,300,111.66,286.43,1,1751,300/300/300/300/300/300
1700000102.650000,1,300,300,111.54,51.26,0,1751,300/300/300/300/300/300
1700000102.700000,1,300,300,111.42,49.17,0,1751,300/300/300/300/300/300
1700000102.750000,1,300,300,111.28,241.51,1,1750,300/300/300/300/300/300
1700000102.800000,1,300,300,111.15,48.29,0,1750,300/300/300/300/300/300
1700000102.850000,1,300,300,111.00,47.48,0,1750,300/300/300/300/300/300
1700000102.900000,1,300,300,110.86,248.45,1,1760,300/300/300/300/300/300
1700000102.950000,1,300,300,110.71,48.29,0,1760,300/300/300/300/300/300
1700000103.000000,1,300,300,110.55,50.37,0,1760,300/300/300/300/300/300
1700000103.050000,1,300,300,110.36,277.68,1,1730,300/300/300/300/300/300
1700000103.100000,1,300,300,110.22,49.49,0,1730,300/300/300/300/300/300
1700000103.150000,1,300,300,110.09,48.78,0,1730,300/300/300/300/300/300
1700000103.200000,1,300,300,110.02,336.59,1,1717,300/300/300/300/300/300
1700000103.250000,1,300,300,109.96,48.79,0,1717,300/300/300/300/300/300
1700000103.300000,1,300,300,109.90,48.58,0,1717,300/300/300/300/300/300
1700000103.350000,1,300,300,109.87,298.52,1,1729,300/300/300/300/300/300
1700000103.400000,1,300,300,109.83,50.13,0,1729,300/300/300/300/300/300
1700000103.450000,1,300,300,109.78,47.29,0,1729,300/300/300/300/300/300
1700000103.500000,1,300,300,109.74,406.80,1,1722,300/300/300/300/300/300
1700000103.550000,1,300,300,109.73,51.41,0,1722,300/300/300/300/300/300
1700000103.600000,1,300,300,109.74,46.58,0,1722,300/300/300/300/300/300
1700000103.650000,1,300,300,109.78,343.23,1,1703,300/300/300/300/300/300
1700000103.700000,1,300,300,109.82,50.03,0,1703,300/300/300/300/300/300
1700000103.750000,1,300,300,109.84,48.62,0,1703,300/300/300/300/300/300
1700000103.800000,1,300,300,109.88,367.60,1,1668,300/300/300/300/300/300
1700000103.850000,1,300,300,109.93,47.06,0,1668,300/300/300/300/300/300
1700000103.900000,1,300,300,109.97,47.27,0,1668,300/300/300/300/300/300
1700000103.950000,1,300,300,110.01,320.33,1,1658,300/300/300/300/300/300
1700000104.000000,1,300,300,110.04,47.53,0,1658,300/300/300/300/300/300
1700000104.050000,1,300,300,110.06,48.59,0,1658,300/300/300/300/300/300
1700000104.100000,1,300,300,110.07,343.08,1,1639,300/300/300/300/300/300
1700000104.150000,1,300,300,110.10,49.33,0,1639,300/300/300/300/300/300
1700000104.200000,1,300,300,110.11,47.84,0,1639,300/300/300/300/300/300
1700000104.250000,1,300,300,110.13,361.28,1,1602,300/300/300/300/300/300
1700000104.300000,1,300,300,110.13,50.03,0,1602,300/300/300/300/300/300
1700000104.350000,1,300,300,110.15,47.60,0,1602,300/300/300/300/300/300
1700000104.400000,1,300,300,110.16,314.23,1,1558,300/300/300/300/300/300
1700000104.450000,1,300,300,110.17,48.41,0,1558,300/300/300/300/300/300
1700000104.500000,1,300,300,110.18,47.20,0,1558,300/300/300/300/300/300
1700000104.550000,1,300,300,110.20,395.20,1,1542,300/300/300/300/300/300
1700000104.600000,1,300,300,110.22,51.01,0,1542,300/300/300/300/300/300
1700000104.650000,1,300,300,110.23,46.63,0,1542,300/300/300/300/300/300
1700000104.700000,1,300,300,110.25,346.69,1,1534,300/300/300/300/300/300
1700000104.750000,1,300,300,110.25,46.79,0,1534,300/300/300/300/300/300
1700000104.800000,1,300,300,110.28,48.05,0,1534,300/300/300/300/300/300
1700000104.850000,1,300,300,110.29,310.50,1,1541,300/300/300/300/300/300
1700000104.900000,1,300,300,110.32,45.60,0,1541,300/300/300/300/300/300
1700000104.950000,1,300,300,110.32,46.04,0,1541,300/300/300/300/300/300
1700000105.000000,1,300,300,110.35,275.66,1,1548,300/300/300/300/300/300
1700000105.050000,1,300,300,110.38,47.38,0,1548,300/300/300/300/300/300
1700000105.100000,1,300,300,110.39,47.11,0,1548,300/300/300/300/300/300
1700000105.150000,1,300,300,110.42,278.38,1,1556,300/300/300/300/300/300
1700000105.200000,1,300,300,110.43,47.18,0,1556,300/300/300/300/300/300
1700000105.250000,1,300,300,110.44,47.79,0,1556,300/300/300/300/300/300
1700000105.300000,1,300,300,110.46,271.99,1,1537,300/300/300/300/300/300
1700000105.350000,1,300,300,110.48,48.35,0,1537,300/300/300/300/300/300
1700000105.400000,1,300,300,110.51,48.05,0,1537,300/300/300/300/300/300
1700000105.450000,1,300,300,110.55,321.61,1,1556,300/300/300/300/300/300
1700000105.500000,1,300,300,110.58,49.67,0,1556,300/300/300/300/300/300
1700000105.550000,1,300,300,110.62,49.15,0,1556,300/300/300/300/300/300
1700000105.600000,1,300,300,110.67,328.51,1,1533,300/300/300/300/300/300
1700000105.650000,1,300,300,110.71,47.47,0,1533,300/300/300/300/300/300
1700000105.700000,1,300,300,110.77,47.95,0,1533,300/300/300/300/300/300
1700000105.750000,1,300,300,110.83,320.00,1,1532,300/300/300/300/300/300
1700000105.800000,1,300,300,110.88,50.51,0,1532,300/300/300/300/300/300
1700000105.850000,1,300,300,110.95,47.95,0,1532,300/300/300/300/300/300
1700000105.900000,1,300,300,110.97,326.06,1,1518,300/300/300/300/300/300
1700000105.950000,1,300,300,110.96,47.15,0,1518,300/300/300/300/300/300
1700000106.000000,1,300,300,110.95,48.24,0,1518,300/300/300/300/300/300
1700000106.050000,1,300,300,110.94,300.43,1,1533,300/300/300/300/300/300
1700000106.100000,1,300,300,110.94,47.17,0,1533,300/300/300/300/300/300
1700000106.150000,1,300,300,110.93,46.91,0,1533,300/300/300/300/300/300
1700000106.200000,1,300,300,110.93,305.30,1,1547,300/300/300/300/300/300
1700000106.250000,1,300,300,110.93,49.36,0,1547,300/300/300/300/300/300
1700000106.300000,1,300,300,110.94,51.66,0,1547,300/300/300/300/300/300
1700000106.350000,1,300,300,110.96,281.76,1,1542,300/300/300/300/300/300
1700000106.400000,1,300,300,110.98,48.51,0,1542,300/300/300/300/300/300
1700000106.450000,1,300,300,111.07,48.78,0,1542,300/300/300/300/300/300
1700000106.500000,1,300,300,111.14,306.66,1,1542,300/300/300/300/300/300
1700000106.550000,1,300,300,111.21,56.03,0,1542,300/300/300/300/300/300
1700000106.600000,1,300,300,111.26,57.65,0,1542,300/300/300/300/300/300
1700000106.650000,1,300,300,111.27,297.61,1,1552,300/300/300/300/300/300
1700000106.700000,1,300,300,111.31,46.30,0,1552,300/300/300/300/300/300
1700000106.750000,1,300,300,111.31,46.17,0,1552,300/300/300/300/300/300
1700000106.800000,1,300,300,111.35,273.98,1,1548,300/300/300/300/300/300
1700000106.850000,1,300,300,111.35,49.48,0,1548,300/300/300/300/300/300
1700000106.900000,1,300,300,111.36,47.58,0,1548,300/300/300/300/300/300
1700000106.950000,1,300,300,111.39,312.18,1,1548,300/300/300/300/300/300
1700000107.000000,1,300,300,111.41,47.19,0,1548,300/300/300/300/300/300
1700000107.050000,1,300,300,111.43,47.62,0,1548,300/300/300/300/300/300
1700000107.100000,1,300,300,111.43,276.86,1,1546,300/300/300/300/300/300
1700000107.150000,1,300,300,111.46,60.69,0,1546,300/300/300/300/300/300
1700000107.200000,1,300,300,111.47,49.84,0,1546,300/300/300/300/300/300
1700000107.250000,1,300,300,111.51,403.11,1,1547,300/300/300/300/300/300
1700000107.300000,1,300,300,111.52,52.77,0,1547,300/300/300/300/300/300
1700000107.350000,1,300,300,111.54,47.92,0,1547,300/300/300/300/300/300
1700000107.400000,1,300,300,111.56,233.67,1,1541,300/300/300/300/300/300
1700000107.450000,1,300,300,111.59,46.67,0,1541,300/300/300/300/300/300
1700000107.500000,1,300,300,111.61,46.63,0,1541,300/300/300/300/300/300
1700000107.550000,1,300,300,111.64,447.11,1,1527,300/300/300/300/300/300
1700000107.600000,1,300,300,111.67,49.21,0,1527,300/300/300/300/300/300
1700000107.650000,1,300,300,111.68,49.66,0,1527,300/300/300/300/300/300
1700000107.700000,1,300,300,111.72,403.92,1,1510,300/300/300/300/300/300
1700000107.750000,1,300,300,111.74,47.69,0,1510,300/300/300/300/300/300
1700000107.800000,1,300,300,111.77,49.98,0,1510,300/300/300/300/300/300
1700000107.850000,1,300,300,111.80,316.62,1,1515,300/300/300/300/300/300
1700000107.900000,1,300,300,111.84,47.88,0,1515,300/300/300/300/300/300
1700000107.950000,1,300,300,111.86,46.61,0,1515,300/300/300/300/300/300
1700000108.000000,1,300,300,111.90,315.67,1,1489,300/300/300/300/300/300
1700000108.050000,1,300,300,111.92,48.85,0,1489,300/300/300/300/300/300
1700000108.100000,1,300,300,111.95,47.96,0,1489,300/300/300/300/300/300
1700000108.150000,1,300,300,111.99,270.14,1,1458,300/300/300/300/300/300
1700000108.200000,1,300,300,112.02,49.58,0,1458,300/300/300/300/300/300
1700000108.250000,1,300,300,112.05,50.00,0,1458,300/300/300/300/300/300
1700000108.300000,1,300,300,112.09,305.87,1,1430,300/300/300/300/300/300
1700000108.350000,1,300,300,112.13,49.29,0,1430,300/300/300/300/300/300
1700000108.400000,1,300,300,112.17,46.94,0,1430,300/300/300/300/300/300
1700000108.450000,1,300,300,112.21,373.73,1,1435,300/300/300/300/300/300
1700000108.500000,1,300,300,112.25,47.49,0,1435,300/300/300/300/300/300
1700000108.550000,1,300,300,112.29,48.48,0,1435,300/300/300/300/300/300
1700000108.600000,1,300,300,112.33,296.26,1,1437,300/300/300/300/300/300
1700000108.650000,1,300,300,112.37,48.23,0,1437,300/300/300/300/300/300
1700000108.700000,1,300,300,112.39,47.40,0,1437,300/300/300/300/300/300
1700000108.750000,1,300,300,112.43,299.60,1,1427,300/300/300/300/300/300
1700000108.800000,1,300,300,112.45,50.30,0,1427,300/300/300/300/300/300
1700000108.850000,1,300,300,112.48,48.55,0,1427,300/300/300/300/300/300
1700000108.900000,1,300,300,112.51,312.23,1,1402,300/300/300/300/300/300
1700000108.950000,1,300,300,112.52,49.51,0,1402,300/300/300/300/300/300
1700000109.000000,1,300,300,112.55,52.43,0,1402,300/300/300/300/300/300
1700000109.050000,1,300,300,112.56,290.72,1,1405,300/300/300/300/300/300
1700000109.100000,1,300,300,112.58,50.09,0,1405,300/300/300/300/300/300
1700000109.150000,1,300,300,112.60,49.99,0,1405,300/300/300/300/300/300
1700000109.200000,1,300,300,112.62,278.65,1,1400,300/300/300/300/300/300
1700000109.250000,1,300,300,112.65,48.48,0,1400,300/300/300/300/300/300
1700000109.300000,1,300,300,112.69,52.02,0,1400,300/300/300/300/300/300
1700000109.350000,1,300,300,112.73,259.41,1,1431,300/300/300/300/300/300
1700000109.400000,1,300,300,112.76,51.34,0,1431,300/300/300/300/300/300
1700000109.450000,1,300,300,112.82,48.62,0,1431,300/300/300/300/300/300
1700000109.500000,1,300,300,112.87,293.28,1,1436,300/300/300/300/300/300
1700000109.550000,1,300,300,112.91,51.10,0,1436,300/300/300/300/300/300
1700000109.600000,1,300,300,112.97,51.20,0,1436,300/300/300/300/300/300
1700000109.650000,1,300,300,113.01,260.02,1,1463,300/300/300/300/300/300
1700000109.700000,1,300,300,113.07,51.01,0,1463,300/300/300/300/300/300
1700000109.750000,1,300,300,113.12,49.24,0,1463,300/300/300/300/300/300
1700000109.800000,1,300,300,113.19,311.22,1,1482,300/300/300/300/300/300
1700000109.850000,1,300,300,113.26,53.98,0,1482,300/300/300/300/300/300
1700000109.900000,1,300,300,113.35,50.58,0,1482,300/300/300/300/300/300
1700000109.950000,1,300,300,113.46,257.79,1,1513,300/300/300/300/300/300
