t,tracked,n_obs0,n_obs1,mean0,ms,keyframe,n_landmarks,allobs
1520530308.199448,0,0,0,32.81,1.39,0,0,0/0
1520530308.249449,0,0,0,32.97,0.67,0,0,0/0
1520530308.299451,0,0,0,32.88,0.69,0,0,0/0
1520530308.349503,0,0,0,34.46,0.67,0,0,0/0
1520530308.399505,0,0,0,34.83,0.64,0,0,0/0
1520530308.449505,0,0,0,34.94,0.59,0,0,0/0
1520530308.499506,0,0,0,34.57,0.60,0,0,0/0
1520530308.549508,0,0,0,34.72,0.59,0,0,0/0
1520530308.599509,0,0,0,34.80,0.59,0,0,0/0
1520530308.649555,0,0,0,34.70,0.59,0,0,0/0
1520530308.699512,0,0,0,34.58,0.59,0,0,0/0
1520530308.749559,0,0,0,36.16,0.58,0,0,0/0
1520530308.799560,0,0,0,36.06,0.59,0,0,0/0
1520530308.849562,0,0,0,36.08,0.58,0,0,0/0
1520530308.899563,0,0,0,36.16,0.61,0,0,0/0
1520530308.949565,0,0,0,36.42,0.60,0,0,0/0
1520530308.999567,0,0,0,36.31,0.60,0,0,0/0
1520530309.049568,0,0,0,36.56,0.64,0,0,0/0
1520530309.099570,0,0,0,36.48,0.62,0,0,0/0
1520530309.149567,0,0,0,36.26,0.64,0,0,0/0
1520530309.199583,0,0,0,36.84,0.66,0,0,0/0
1520530309.249583,0,0,0,36.56,0.64,0,0,0/0
1520530309.299586,0,0,0,36.86,0.62,0,0,0/0
1520530309.349586,0,0,0,36.84,0.62,0,0,0/0
1520530309.399589,0,0,0,36.56,0.59,0,0,0/0
1520530309.449590,0,0,0,36.54,0.60,0,0,0/0
1520530309.499591,0,0,0,36.69,0.71,0,0,0/0
1520530309.549594,0,0,0,36.90,0.61,0,0,0/0
1520530309.599597,0,0,0,36.75,0.62,0,0,0/0
1520530309.649599,0,0,0,37.06,0.63,0,0,0/0
1520530309.699600,0,0,0,37.13,0.67,0,0,0/0
1520530309.749602,0,0,0,37.06,0.65,0,0,0/0
1520530309.799603,0,0,0,36.94,0.66,0,0,0/0
1520530309.849605,0,0,0,37.12,0.63,0,0,0/0
1520530309.899606,0,0,0,37.19,0.65,0,0,0/0
1520530309.949608,0,0,0,36.80,0.61,0,0,0/0
1520530309.999622,0,0,0,37.51,0.62,0,0,0/0
1520530310.049623,0,0,0,37.44,0.59,0,0,0/0
1520530310.099625,0,0,0,37.51,0.59,0,0,0/0
1520530310.149627,0,0,0,37.62,0.60,0,0,0/0
1520530310.199628,0,0,0,37.76,0.75,0,0,0/0
1520530310.249729,0,0,0,37.48,0.72,0,0,0/0
1520530310.299631,0,0,0,37.60,0.63,0,0,0/0
1520530310.349633,0,0,0,37.51,0.63,0,0,0/0
1520530310.399625,0,0,0,37.22,0.61,0,0,0/0
1520530310.449627,0,0,0,37.11,0.61,0,0,0/0
1520530310.499628,0,0,0,37.30,0.61,0,0,0/0
1520530310.549630,0,0,0,37.27,0.61,0,0,0/0
1520530310.599632,0,0,0,37.29,0.61,0,0,0/0
1520530310.649633,0,0,0,37.27,0.64,0,0,0/0
1520530310.699635,0,0,0,37.18,0.60,0,0,0/0
1520530310.749636,0,0,0,37.14,0.59,0,0,0/0
1520530310.799651,0,0,0,37.75,0.62,0,0,0/0
1520530310.849652,0,0,0,37.79,0.61,0,0,0/0
1520530310.899654,0,0,0,38.00,0.68,0,0,0/0
1520530310.949655,0,0,0,37.84,0.63,0,0,0/0
1520530310.999657,0,0,0,37.81,0.65,0,0,0/0
1520530311.049659,0,0,0,37.88,0.63,0,0,0/0
1520530311.099660,1,115,99,37.72,14.17,1,99,115/99
1520530311.149662,1,220,172,38.00,11.73,0,99,220/172
1520530311.199672,1,225,177,38.23,12.19,0,99,225/177
1520530311.249673,1,219,175,38.21,22.84,1,185,219/175
1520530311.299675,1,216,175,38.06,10.21,0,185,216/175
1520530311.349677,1,215,172,38.18,9.59,0,185,215/172
1520530311.399678,1,215,176,38.19,26.05,1,220,215/176
1520530311.449679,1,216,175,38.15,12.34,0,220,216/175
1520530311.499684,1,227,178,38.18,11.60,0,220,227/178
1520530311.549683,1,228,179,38.12,29.14,1,234,228/179
1520530311.599684,1,226,176,38.31,10.49,0,234,226/176
1520530311.649719,1,227,177,39.47,9.61,0,234,227/177
1520530311.699720,1,226,180,39.30,42.11,1,249,226/180
1520530311.749722,1,226,179,39.57,11.21,0,249,226/179
1520530311.799723,1,227,180,39.43,11.40,0,249,227/180
1520530311.849725,1,227,177,39.32,33.20,1,243,227/177
1520530311.899726,1,223,178,39.37,10.27,0,243,223/178
1520530311.949728,1,227,182,39.37,11.29,0,243,227/182
1520530311.999729,1,230,183,39.33,44.71,1,251,230/183
1520530312.049721,1,227,180,38.87,12.49,0,251,227/180
1520530312.099721,1,229,184,39.11,11.23,0,251,229/184
1520530312.149723,1,232,182,38.97,37.00,1,269,232/182
1520530312.199726,1,226,178,39.22,12.19,0,269,226/178
1520530312.249727,1,252,194,39.22,10.22,0,269,252/194
1520530312.299728,1,257,200,38.95,58.80,1,292,257/200
1520530312.349730,1,260,202,38.93,10.46,0,292,260/202
1520530312.399731,1,260,203,38.95,10.46,0,292,260/203
1520530312.449712,1,260,200,38.31,52.22,1,301,260/200
1520530312.499714,1,257,202,38.34,12.60,0,301,257/202
1520530312.549715,1,258,202,38.47,10.48,0,301,258/202
1520530312.599717,1,258,200,38.40,90.49,1,311,258/200
1520530312.649719,1,254,197,38.30,11.30,0,311,254/197
1520530312.699720,1,259,206,38.24,10.39,0,311,259/206
1520530312.749722,1,258,202,38.27,79.37,1,321,258/202
1520530312.799724,1,258,201,38.44,10.66,0,321,258/201
1520530312.849720,1,261,207,38.28,10.48,0,321,261/207
1520530312.899721,1,261,206,38.35,99.62,1,332,261/206
1520530312.949723,1,261,203,38.23,10.91,0,332,261/203
1520530312.999725,1,261,204,38.41,10.75,0,332,261/204
1520530313.049726,1,261,205,38.29,74.30,1,344,261/205
1520530313.099727,1,254,202,38.34,10.61,0,344,254/202
1520530313.149729,1,249,202,38.34,10.31,0,344,249/202
1520530313.199730,1,249,201,38.21,102.08,1,350,249/201
1520530313.249736,1,248,203,38.34,10.13,0,350,248/203
1520530313.299738,1,247,201,38.64,10.12,0,350,247/201
1520530313.349739,1,247,199,38.59,88.21,1,352,247/199
1520530313.399790,1,247,199,38.60,10.77,0,352,247/199
1520530313.449743,1,247,197,38.43,10.14,0,352,247/197
1520530313.499744,1,248,199,38.29,82.48,1,353,248/199
1520530313.549746,1,249,198,38.47,11.77,0,353,249/198
1520530313.599747,1,251,199,38.46,10.00,0,353,251/199
1520530313.649745,1,253,203,38.30,113.33,1,358,253/203
1520530313.699746,1,252,200,38.16,11.86,0,358,252/200
1520530313.749748,1,252,206,38.33,11.18,0,358,252/206
1520530313.799750,1,255,204,38.35,93.10,1,372,255/204
1520530313.849751,1,254,203,38.56,11.60,0,372,254/203
1520530313.899753,1,253,202,38.43,10.60,0,372,253/202
1520530313.949754,1,255,202,38.19,136.71,1,388,255/202
1520530313.999756,1,253,202,38.23,12.00,0,388,253/202
1520530314.049757,1,255,203,38.63,11.15,0,388,255/203
1520530314.099763,1,255,206,38.57,143.43,1,401,255/206
1520530314.149765,1,253,202,38.61,11.27,0,401,253/202
1520530314.199766,1,253,203,38.71,11.22,0,401,253/203
1520530314.249768,1,248,201,38.92,151.92,1,405,248/201
1520530314.299769,1,248,204,38.97,11.35,0,405,248/204
1520530314.349771,1,251,201,38.77,10.36,0,405,251/201
1520530314.399773,1,256,207,38.90,120.38,1,420,256/207
1520530314.449774,1,252,209,38.84,11.38,0,420,252/209
1520530314.499774,1,252,207,39.13,11.18,0,420,252/207
1520530314.549776,1,251,209,38.97,220.70,1,426,251/209
1520530314.599777,1,243,204,39.12,11.26,0,426,243/204
1520530314.649779,1,239,205,39.45,10.73,0,426,239/205
1520530314.699780,1,223,195,39.77,237.89,1,440,223/195
1520530314.749782,1,228,197,39.80,10.55,0,440,228/197
1520530314.799787,1,224,193,40.00,10.85,0,440,224/193
1520530314.849784,1,233,197,40.42,251.42,1,460,233/197
1520530314.899810,1,220,192,41.22,11.07,0,460,220/192
1520530314.949812,1,215,192,41.66,11.09,0,460,215/192
1520530314.999919,1,248,212,41.68,192.34,1,489,248/212
1520530315.049815,1,259,222,41.70,11.88,0,489,259/222
1520530315.099817,1,257,222,41.89,11.09,0,489,257/222
1520530315.149818,1,263,223,41.99,326.17,1,523,263/223
1520530315.199819,1,263,225,42.16,11.43,0,523,263/225
1520530315.249821,1,262,230,42.37,11.23,0,523,262/230
1520530315.299635,1,207,177,35.04,123.63,1,508,207/177
1520530315.349637,1,202,177,34.89,10.23,0,508,202/177
1520530315.399639,1,209,180,34.76,10.48,0,508,209/180
1520530315.449640,1,225,195,34.76,68.03,1,471,225/195
1520530315.499642,1,228,196,34.61,11.31,0,471,228/196
1520530315.549643,1,215,193,34.78,11.28,0,471,215/193
1520530315.599645,1,255,216,34.53,54.06,1,496,255/216
1520530315.649646,1,236,209,34.36,12.48,0,496,236/209
1520530315.699637,1,246,216,33.55,10.80,0,496,246/216
1520530315.749639,1,235,213,33.52,53.80,1,490,235/213
1520530315.799640,1,233,208,33.62,11.47,0,490,233/208
1520530315.849642,1,239,206,33.53,11.57,0,490,239/206
1520530315.899643,1,228,194,33.29,66.56,1,493,228/194
1520530315.949645,1,219,183,32.86,11.92,0,493,219/183
1520530315.999647,1,214,178,32.87,10.75,0,493,214/178
1520530316.049648,1,231,191,32.67,69.50,1,504,231/191
1520530316.100221,1,182,155,53.46,14.22,0,504,182/155
1520530316.150223,1,190,166,53.66,9.91,0,504,190/166
1520530316.200224,1,185,162,54.00,60.41,1,524,185/162
1520530316.250226,1,180,163,54.22,10.86,0,524,180/163
1520530316.300227,1,192,167,54.27,9.63,0,524,192/167
1520530316.350229,1,189,168,54.59,64.76,1,528,189/168
1520530316.400230,1,197,168,54.29,11.36,0,528,197/168
1520530316.450231,1,188,166,54.30,9.89,0,528,188/166
1520530316.500233,1,186,167,54.43,85.17,1,525,186/167
1520530316.550276,1,187,168,55.71,10.47,0,525,187/168
1520530316.600278,1,186,165,55.64,9.96,0,525,186/165
1520530316.650280,1,194,172,55.65,55.86,1,532,194/172
1520530316.700281,1,191,169,55.63,10.82,0,532,191/169
1520530316.750283,1,199,176,55.50,10.37,0,532,199/176
1520530316.800284,1,201,176,55.53,90.50,1,552,201/176
1520530316.850286,1,200,179,55.31,9.82,0,552,200/179
1520530316.900287,1,205,180,55.56,9.96,0,552,205/180
1520530316.949773,1,176,157,37.26,81.34,1,555,176/157
1520530316.999775,1,183,160,37.40,9.97,0,555,183/160
1520530317.049776,1,183,164,37.18,10.33,0,555,183/164
1520530317.099778,1,177,160,37.26,82.39,1,565,177/160
1520530317.149779,1,186,159,37.34,10.05,0,565,186/159
1520530317.199781,1,282,225,37.32,11.45,0,565,282/225
1520530317.249782,1,264,216,37.36,86.43,1,619,264/216
1520530317.299784,1,255,207,37.31,13.00,0,619,255/207
1520530317.349743,1,236,196,35.72,11.76,0,619,236/196
1520530317.399745,1,231,191,35.72,87.29,1,635,231/191
1520530317.449748,1,228,186,35.60,11.60,0,635,228/186
1520530317.499748,1,219,177,35.65,10.59,0,635,219/177
1520530317.549752,1,220,174,35.41,77.93,1,647,220/174
1520530317.599752,1,232,171,35.16,11.50,0,647,232/171
1520530317.649754,1,233,169,35.17,10.94,0,647,233/169
1520530317.699755,1,223,163,34.48,111.95,1,661,223/163
1520530317.750237,1,203,139,50.63,13.37,0,661,203/139
1520530317.800239,1,213,149,49.92,10.84,0,661,213/149
1520530317.850240,1,227,157,49.24,114.14,1,699,227/157
1520530317.900242,1,233,159,48.60,11.10,0,699,233/159
1520530317.950243,1,229,155,48.25,10.59,0,699,229/155
1520530318.000244,1,222,155,47.68,105.02,1,697,222/155
1520530318.050247,1,221,153,47.23,11.60,0,697,221/153
1520530318.100248,1,230,161,47.07,10.64,0,697,230/161
1520530318.150816,1,237,174,63.41,108.91,1,737,237/174
1520530318.200769,1,236,178,63.21,17.01,0,737,236/178
1520530318.250771,1,238,180,63.22,13.78,0,737,238/180
1520530318.300772,1,243,185,63.11,143.97,1,766,243/185
1520530318.350774,1,234,183,63.43,11.92,0,766,234/183
1520530318.400775,1,228,178,63.61,11.24,0,766,228/178
1520530318.450777,1,223,173,63.88,119.54,1,783,223/173
1520530318.500778,1,246,186,63.82,11.05,0,783,246/186
1520530318.550780,1,237,188,64.03,12.58,0,783,237/188
1520530318.600567,1,233,177,57.46,101.91,1,806,233/177
1520530318.650568,1,232,178,57.57,11.04,0,806,232/178
1520530318.700570,1,241,184,57.73,10.88,0,806,241/184
1520530318.750571,1,232,182,58.06,145.05,1,828,232/182
1520530318.800573,1,231,182,58.25,10.86,0,828,231/182
1520530318.850574,1,227,177,58.43,10.74,0,828,227/177
1520530318.900576,1,226,172,58.80,180.09,1,840,226/172
1520530318.950577,1,232,171,59.02,10.47,0,840,232/171
1520530318.999955,1,184,137,38.95,11.80,0,840,184/137
1520530319.049957,1,187,137,39.01,169.81,1,844,187/137
1520530319.099960,1,185,137,39.47,9.85,0,844,185/137
1520530319.149961,1,193,144,39.41,9.43,0,844,193/144
1520530319.199962,1,193,148,39.65,136.70,1,835,193/148
1520530319.249964,1,192,146,39.73,11.70,0,835,192/146
1520530319.299965,1,256,190,40.21,10.26,0,835,256/190
1520530319.349967,1,234,181,40.21,182.53,1,855,234/181
1520530319.399832,1,200,161,35.62,14.04,0,855,200/161
1520530319.449833,1,194,164,35.64,10.58,0,855,194/164
1520530319.499835,1,193,166,35.80,99.29,1,822,193/166
1520530319.549837,1,190,163,35.76,11.19,0,822,190/163
1520530319.599838,1,191,160,35.52,10.01,0,822,191/160
1520530319.649840,1,192,151,35.31,81.10,1,780,192/151
1520530319.699841,1,186,147,35.35,10.78,0,780,186/147
1520530319.749942,1,186,149,35.21,10.38,0,780,186/149
1520530319.800341,1,167,146,53.11,70.78,1,769,167/146
1520530319.850343,1,186,157,53.50,11.66,0,769,186/157
1520530319.900344,1,177,152,54.04,10.26,0,769,177/152
1520530319.950346,1,180,156,54.57,69.79,1,784,180/156
1520530320.000347,1,168,150,54.93,10.12,0,784,168/150
1520530320.050349,1,168,153,55.13,9.96,0,784,168/153
1520530320.100350,1,173,154,55.48,92.39,1,794,173/154
1520530320.150352,1,211,185,55.63,11.04,0,794,211/185
1520530320.200401,1,204,183,57.84,10.08,0,794,204/183
1520530320.250402,1,199,182,58.04,75.49,1,826,199/182
1520530320.300404,1,187,174,58.24,10.49,0,826,187/174
1520530320.350405,1,199,179,58.49,10.59,0,826,199/179
1520530320.400407,1,204,185,58.48,73.88,1,820,204/185
1520530320.450408,1,219,194,58.62,10.71,0,820,219/194
1520530320.500410,1,218,192,58.62,10.46,0,820,218/192
1520530320.550412,1,224,199,58.87,100.00,1,835,224/199
1520530320.599869,1,162,140,38.01,12.27,0,835,162/140
1520530320.649871,1,223,179,37.99,10.89,0,835,223/179
1520530320.699873,1,219,182,38.25,78.90,1,877,219/182
1520530320.749874,1,226,185,37.95,11.19,0,877,226/185
1520530320.799876,1,226,189,38.17,10.78,0,877,226/189
1520530320.849877,1,255,210,38.06,111.37,1,906,255/210
1520530320.899879,1,267,213,38.01,12.67,0,906,267/213
1520530320.949880,1,253,213,38.08,12.34,0,906,253/213
1520530320.999882,1,246,217,38.18,111.30,1,911,246/217
1520530321.049740,1,220,192,32.32,12.67,0,911,220/192
1520530321.099742,1,215,188,31.98,10.54,0,911,215/188
1520530321.149743,1,214,188,31.64,112.02,1,905,214/188
1520530321.199745,1,214,191,31.80,10.28,0,905,214/191
1520530321.249747,1,300,257,31.69,11.40,0,905,300/257
1520530321.299749,1,300,263,31.33,126.60,1,972,300/263
1520530321.349750,1,278,246,31.22,12.95,0,972,278/246
1520530321.399751,1,300,258,30.84,12.24,0,972,300/258
1520530321.449856,1,300,264,34.85,125.98,1,987,300/264
1520530321.499857,1,300,263,34.75,12.78,0,987,300/263
1520530321.549859,1,290,260,34.46,12.36,0,987,290/260
1520530321.599860,1,300,266,34.27,126.14,1,1002,300/266
1520530321.649862,1,300,263,34.12,13.11,0,1002,300/263
1520530321.699863,1,295,259,34.08,13.54,0,1002,295/259
1520530321.749866,1,287,257,33.89,156.04,1,1011,287/257
1520530321.799867,1,296,265,33.47,12.46,0,1011,296/265
1520530321.850152,1,213,192,44.22,13.53,0,1011,213/192
1520530321.900154,1,215,189,44.27,103.04,1,1018,215/189
1520530321.950155,1,215,188,44.04,10.76,0,1018,215/188
1520530322.000157,1,300,257,44.01,11.77,0,1018,300/257
1520530322.050158,1,300,257,43.77,159.29,1,1050,300/257
1520530322.100160,1,281,246,43.77,12.94,0,1050,281/246
1520530322.150162,1,293,251,43.53,12.09,0,1050,293/251
1520530322.200163,1,284,247,43.30,166.47,1,1057,284/247
1520530322.250207,1,281,244,44.96,12.20,0,1057,281/244
1520530322.300208,1,300,259,44.81,11.66,0,1057,300/259
1520530322.350209,1,290,253,44.73,171.86,1,1024,290/253
1520530322.400212,1,300,258,44.49,12.53,0,1024,300/258
1520530322.450214,1,300,257,44.39,11.97,0,1024,300/257
1520530322.500215,1,300,258,44.14,121.77,1,1002,300/258
1520530322.550216,1,300,256,44.19,12.45,0,1002,300/256
1520530322.600218,1,300,259,43.96,12.22,0,1002,300/259
1520530322.650023,1,238,210,36.87,162.04,1,1006,238/210
1520530322.700025,1,287,246,36.88,12.00,0,1006,287/246
1520530322.750027,1,300,256,36.84,12.30,0,1006,300/256
1520530322.800028,1,300,259,36.73,165.70,1,1025,300/259
1520530322.850031,1,300,261,36.88,12.61,0,1025,300/261
1520530322.900065,1,300,258,36.64,12.76,0,1025,300/258
1520530322.950033,1,290,253,36.58,170.06,1,1045,290/253
1520530323.000035,1,282,247,36.63,12.63,0,1045,282/247
1520530323.050036,1,271,241,36.47,12.12,0,1045,271/241
1520530323.100074,1,276,242,38.09,203.36,1,1042,276/242
1520530323.150076,1,269,238,37.95,12.26,0,1042,269/238
1520530323.200077,1,263,231,38.01,11.78,0,1042,263/231
1520530323.250079,1,256,229,38.24,220.60,1,1037,256/229
1520530323.300080,1,300,248,38.18,12.45,0,1037,300/248
1520530323.350082,1,270,234,37.96,18.51,0,1037,270/234
1520530323.400084,1,300,247,38.16,132.77,1,1057,300/247
1520530323.450085,1,268,236,38.25,13.70,0,1057,268/236
1520530323.500345,1,222,194,47.47,12.77,0,1057,222/194
1520530323.550346,1,281,233,47.49,219.93,1,1048,281/233
1520530323.600348,1,275,230,47.48,13.99,0,1048,275/230
1520530323.650349,1,281,234,47.47,12.72,0,1048,281/234
1520530323.700351,1,280,232,47.71,140.81,1,1062,280/232
1520530323.750353,1,300,252,47.63,12.12,0,1062,300/252
1520530323.800354,1,300,250,48.06,13.23,0,1062,300/250
1520530323.850356,1,300,255,47.61,154.30,1,1085,300/255
1520530323.900153,1,245,210,40.82,15.59,0,1085,245/210
1520530323.950154,1,242,208,40.87,11.22,0,1085,242/208
1520530324.000156,1,300,259,40.76,188.10,1,1124,300/259
1520530324.050157,1,295,256,41.03,12.94,0,1124,295/256
1520530324.100159,1,284,252,41.40,12.64,0,1124,284/252
1520530324.150160,1,280,248,41.68,219.20,1,1119,280/248
1520530324.200162,1,265,232,41.94,13.69,0,1119,265/232
1520530324.250163,1,256,224,41.65,12.17,0,1119,256/224
1520530324.299908,1,196,164,33.07,170.26,1,1115,196/164
1520530324.349910,1,242,187,33.20,12.88,0,1115,242/187
1520530324.399911,1,245,185,33.61,17.44,0,1115,245/185
1520530324.449913,1,220,174,33.77,164.53,1,1098,220/174
1520530324.499994,1,225,173,33.62,12.16,0,1098,225/173
1520530324.549915,1,227,168,34.05,11.95,0,1098,227/168
1520530324.599917,1,225,171,34.10,202.36,1,1097,225/171
1520530324.649919,1,228,165,33.97,12.71,0,1097,228/165
1520530324.700018,1,215,155,37.13,13.20,0,1097,215/155
1520530324.750020,1,221,152,36.77,189.75,1,1082,221/152
1520530324.800021,1,214,149,36.59,12.28,0,1082,214/149
1520530324.850023,1,216,150,36.31,13.43,0,1082,216/150
1520530324.900024,1,210,144,36.34,110.27,1,1033,210/144
1520530324.950026,1,215,145,36.03,11.71,0,1033,215/145
1520530325.000028,1,216,147,35.94,11.78,0,1033,216/147
1520530325.050029,1,210,148,36.03,152.05,1,1007,210/148
1520530325.100816,1,216,155,64.07,12.99,0,1007,216/155
1520530325.150817,1,221,161,64.13,11.69,0,1007,221/161
1520530325.200819,1,242,180,63.68,116.36,1,1042,242/180
1520530325.250820,1,239,180,63.41,11.10,0,1042,239/180
1520530325.300822,1,237,185,63.02,10.83,0,1042,237/185
1520530325.350824,1,250,195,62.76,133.57,1,1069,250/195
1520530325.400825,1,300,237,62.79,12.46,0,1069,300/237
1520530325.450827,1,291,229,63.01,12.42,0,1069,291/229
1520530325.500828,1,285,223,63.09,149.88,1,1053,285/223
1520530325.550913,1,300,224,66.03,13.82,0,1053,300/224
1520530325.600915,1,294,231,66.13,12.64,0,1053,294/231
1520530325.650917,1,294,237,65.97,95.35,1,992,294/237
1520530325.700918,1,290,233,65.78,12.62,0,992,290/233
1520530325.750919,1,291,234,65.38,12.00,0,992,291/234
1520530325.800921,1,293,237,64.82,129.97,1,988,293/237
1520530325.850922,1,300,239,64.47,12.13,0,988,300/239
1520530325.900924,1,300,236,63.91,12.60,0,988,300/236
1520530325.950541,1,281,206,51.05,103.06,1,1004,281/206
1520530326.000543,1,285,211,50.85,11.80,0,1004,285/211
1520530326.050549,1,300,222,50.50,12.00,0,1004,300/222
1520530326.100546,1,300,223,50.27,137.84,1,1013,300/223
1520530326.150548,1,297,224,50.10,12.99,0,1013,297/224
1520530326.200549,1,300,224,50.04,12.00,0,1013,300/224
1520530326.250551,1,300,229,49.79,133.25,1,946,300/229
1520530326.300552,1,300,232,49.67,12.50,0,946,300/232
1520530326.350204,1,262,196,38.13,13.17,0,946,262/196
1520530326.400206,1,300,226,38.08,138.11,1,971,300/226
1520530326.450207,1,295,222,37.90,14.16,0,971,295/222
1520530326.500209,1,300,223,37.88,14.16,0,971,300/223
1520530326.550210,1,295,225,37.75,141.76,1,977,295/225
1520530326.600213,1,300,222,37.71,12.71,0,977,300/222
1520530326.650214,1,296,222,37.81,11.91,0,977,296/222
1520530326.700216,1,300,226,37.68,153.81,1,985,300/226
1520530326.750426,1,298,227,44.48,13.05,0,985,298/227
1520530326.800429,1,300,227,44.42,12.66,0,985,300/227
1520530326.850430,1,300,231,44.48,160.50,1,996,300/231
1520530326.900431,1,300,232,44.38,12.36,0,996,300/232
1520530326.950433,1,295,230,44.19,12.49,0,996,295/230
1520530327.000434,1,293,227,44.19,121.35,1,940,293/227
1520530327.050437,1,297,231,43.97,12.56,0,940,297/231
1520530327.100437,1,284,228,44.45,13.14,0,940,284/228
1520530327.150430,1,283,229,44.20,186.60,1,932,283/229
1520530327.200433,1,279,233,43.97,12.04,0,932,279/233
1520530327.250435,1,300,250,44.11,11.69,0,932,300/250
1520530327.300436,1,300,250,44.43,163.64,1,955,300/250
1520530327.350437,1,300,253,44.55,13.46,0,955,300/253
1520530327.400439,1,297,253,45.08,12.40,0,955,297/253
1520530327.450440,1,300,265,45.38,122.91,1,986,300/265
1520530327.500442,1,291,258,45.88,12.32,0,986,291/258
1520530327.550090,1,209,187,33.99,13.63,0,986,209/187
1520530327.600091,1,219,190,34.51,162.59,1,968,219/190
1520530327.650103,1,212,189,35.14,11.35,0,968,212/189
1520530327.700094,1,211,192,35.54,10.63,0,968,211/192
1520530327.750096,1,199,186,36.16,127.69,1,918,199/186
1520530327.800097,1,195,180,36.82,10.31,0,918,195/180
1520530327.850099,1,183,159,37.49,10.84,0,918,183/159
1520530327.900100,1,265,219,38.22,152.95,1,961,265/219
1520530327.950102,1,217,187,38.02,12.72,0,961,217/187
1520530328.000280,1,225,186,45.31,12.89,0,961,225/186
1520530328.050282,1,197,166,45.44,149.56,1,946,197/166
1520530328.100283,1,215,170,45.52,10.77,0,946,215/170
1520530328.150285,1,196,161,45.36,11.07,0,946,196/161
1520530328.200287,1,300,218,45.58,150.82,1,967,300/218
1520530328.250288,1,268,223,45.67,12.63,0,967,268/223
1520530328.300290,1,257,216,45.58,11.48,0,967,257/216
1520530328.350291,1,240,214,45.39,105.67,1,978,240/214
1520530328.400337,1,191,172,46.06,12.14,0,978,191/172
1520530328.450338,1,186,175,45.71,10.03,0,978,186/175
1520530328.500340,1,188,177,45.45,168.43,1,997,188/177
1520530328.550342,1,190,175,45.06,10.82,0,997,190/175
1520530328.600343,1,180,170,44.61,10.74,0,997,180/170
1520530328.650346,1,185,168,44.34,162.98,1,988,185/168
1520530328.700347,1,190,168,43.95,10.73,0,988,190/168
1520530328.750348,1,190,170,43.68,10.20,0,988,190/170
1520530328.800086,1,204,166,33.83,147.26,1,1011,204/166
1520530328.850087,1,199,159,34.07,11.07,0,1011,199/159
1520530328.900089,1,203,160,34.12,10.70,0,1011,203/160
1520530328.950091,1,194,157,34.39,162.81,1,1015,194/157
1520530329.000092,1,212,176,34.92,10.77,0,1015,212/176
1520530329.050093,1,187,162,35.07,10.95,0,1015,187/162
1520530329.100095,1,188,162,35.55,118.89,1,1014,188/162
1520530329.150097,1,178,163,35.72,10.58,0,1014,178/163
1520530329.200044,1,176,164,34.01,9.90,0,1014,176/164
1520530329.250095,1,167,156,34.56,137.66,1,1019,167/156
1520530329.300047,1,165,155,34.75,9.67,0,1019,165/155
1520530329.350049,1,157,144,35.00,10.09,0,1019,157/144
1520530329.400050,1,147,137,34.87,92.27,1,956,147/137
1520530329.450052,1,154,138,34.72,9.91,0,956,154/138
1520530329.500053,1,156,136,34.88,9.21,0,956,156/136
1520530329.550055,1,217,181,34.71,109.32,1,990,217/181
1520530329.600097,1,188,175,36.49,10.67,0,990,188/175
1520530329.650099,1,185,173,36.65,9.44,0,990,185/173
1520530329.700100,1,261,210,36.39,88.45,1,983,261/210
1520530329.750102,1,233,198,36.51,12.91,0,983,233/198
1520530329.800104,1,211,198,36.20,12.04,0,983,211/198
1520530329.850105,1,214,198,36.10,130.09,1,982,214/198
1520530329.900107,1,220,195,35.70,11.04,0,982,220/195
1520530329.950109,1,214,188,34.65,11.92,0,982,214/188
1520530330.000110,1,214,189,33.95,88.38,1,975,214/189
1520530330.050161,1,209,186,35.13,10.57,0,975,209/186
1520530330.100162,1,216,181,34.79,11.66,0,975,216/181
1520530330.150164,1,203,165,34.79,132.79,1,955,203/165
1520530330.200165,1,195,152,34.27,13.20,0,955,195/152
1520530330.250167,1,179,138,34.47,10.68,0,955,179/138
1520530330.300169,1,170,132,34.72,167.27,1,948,170/132
1520530330.350170,1,155,119,35.09,11.41,0,948,155/119
1520530330.400172,1,151,119,34.83,12.32,0,948,151/119
1520530330.450787,1,184,148,55.06,139.00,1,1024,184/148
1520530330.500788,1,199,168,54.91,11.64,0,1024,199/168
1520530330.550790,1,210,178,55.27,11.26,0,1024,210/178
1520530330.600792,1,294,252,55.95,141.81,1,1105,294/252
1520530330.650793,1,247,223,56.90,14.69,0,1105,247/223
1520530330.700795,1,234,207,58.05,11.14,0,1105,234/207
1520530330.750797,1,226,195,59.22,145.62,1,1103,226/195
1520530330.800798,1,205,177,59.46,10.85,0,1103,205/177
1520530330.850367,1,162,143,40.00,11.46,0,1103,162/143
1520530330.900277,1,143,131,39.91,147.66,1,1104,143/131
1520530330.950279,1,147,132,39.59,9.96,0,1104,147/132
1520530331.000280,1,145,134,39.67,9.61,0,1104,145/134
1520530331.050282,1,142,128,39.85,129.69,1,1093,142/128
1520530331.100283,1,140,122,40.16,9.58,0,1093,140/122
1520530331.150285,1,136,119,40.59,9.34,0,1093,136/119
1520530331.200286,1,135,114,40.67,128.26,1,1093,135/114
1520530331.250735,1,146,125,57.91,10.47,0,1093,146/125
1520530331.300736,1,133,115,57.42,11.88,0,1093,133/115
1520530331.350739,1,127,113,56.91,119.33,1,1101,127/113
1520530331.400740,1,176,150,56.86,11.43,0,1101,176/150
1520530331.450741,1,170,144,57.30,13.21,0,1101,170/144
1520530331.500743,1,154,141,58.01,119.89,1,1107,154/141
1520530331.550744,1,155,143,58.18,10.89,0,1107,155/143
1520530331.600746,1,178,155,58.12,11.00,0,1107,178/155
1520530331.650479,1,160,147,47.76,93.67,1,1102,160/147
1520530331.700481,1,168,150,47.33,10.70,0,1102,168/150
1520530331.750483,1,165,149,46.81,9.84,0,1102,165/149
1520530331.800484,1,186,152,45.68,141.17,1,1105,186/152
1520530331.850486,1,189,161,44.68,11.02,0,1105,189/161
1520530331.900488,1,195,161,43.84,11.17,0,1105,195/161
1520530331.950489,1,205,162,43.53,154.14,1,1122,205/162
1520530332.000491,1,194,151,43.29,12.41,0,1122,194/151
1520530332.050387,1,186,143,39.89,11.74,0,1122,186/143
1520530332.100388,1,178,138,39.72,145.57,1,1076,178/138
1520530332.150390,1,182,139,39.80,10.10,0,1076,182/139
1520530332.200392,1,179,134,39.69,10.88,0,1076,179/134
1520530332.250393,1,169,131,39.69,99.64,1,1074,169/131
1520530332.300399,1,160,119,39.75,11.16,0,1074,160/119
1520530332.350396,1,154,120,39.56,11.38,0,1074,154/120
1520530332.400401,1,157,124,39.59,94.55,1,1019,157/124
1520530332.450399,1,171,138,40.07,12.24,0,1019,171/138
1520530332.500483,1,176,145,43.02,12.57,0,1019,176/145
1520530332.550483,1,201,170,43.50,116.47,1,1093,201/170
1520530332.600486,1,188,169,44.15,10.89,0,1093,188/169
1520530332.650488,1,201,180,44.73,10.63,0,1093,201/180
1520530332.700488,1,261,227,45.39,119.97,1,1159,261/227
1520530332.750491,1,230,199,45.91,12.55,0,1159,230/199
1520530332.800492,1,241,206,46.34,11.94,0,1159,241/206
1520530332.850493,1,209,189,46.09,150.78,1,1150,209/189
1520530332.900164,1,151,137,33.57,15.16,0,1150,151/137
1520530332.950166,1,145,128,33.39,9.29,0,1150,145/128
1520530333.000168,1,136,121,33.16,111.78,1,1129,136/121
1520530333.050169,1,133,121,33.15,10.15,0,1129,133/121
1520530333.100171,1,133,116,33.33,12.54,0,1129,133/116
1520530333.150173,1,129,115,33.51,126.07,1,1128,129/115
1520530333.200174,1,124,107,33.60,11.22,0,1128,124/107
1520530333.250175,1,116,103,34.12,9.18,0,1128,116/103
1520530333.300608,1,120,105,51.75,101.21,1,1131,120/105
1520530333.350610,1,122,104,52.02,11.00,0,1131,122/104
1520530333.400612,1,117,102,51.82,10.54,0,1131,117/102
1520530333.450613,1,121,105,51.52,115.26,1,1154,121/105
1520530333.500615,1,125,108,51.01,10.99,0,1154,125/108
1520530333.550616,1,126,110,50.96,9.02,0,1154,126/110
1520530333.600618,1,176,150,51.05,111.81,1,1190,176/150
1520530333.650619,1,160,141,50.71,14.56,0,1190,160/141
1520530333.700541,1,158,139,47.50,12.47,0,1190,158/139
1520530333.750542,1,150,135,48.01,94.06,1,1150,150/135
1520530333.800544,1,162,149,48.25,9.86,0,1150,162/149
1520530333.850545,1,167,155,48.14,11.67,0,1150,167/155
1520530333.900547,1,165,154,47.68,104.27,1,1133,165/154
1520530333.950549,1,165,155,46.87,13.33,0,1133,165/155
1520530334.000561,1,174,157,46.01,10.20,0,1133,174/157
1520530334.050551,1,173,156,45.64,118.98,1,1139,173/156
1520530334.100216,1,157,144,32.81,12.72,0,1139,157/144
1520530334.150218,1,161,146,32.71,9.01,0,1139,161/146
1520530334.200219,1,161,146,32.59,132.10,1,1135,161/146
1520530334.250221,1,300,230,32.65,16.18,0,1135,300/230
1520530334.300222,1,223,200,32.86,14.83,0,1135,223/200
1520530334.350224,1,217,193,33.37,120.07,1,1177,217/193
1520530334.400225,1,213,190,33.46,12.85,0,1177,213/190
1520530334.450227,1,213,190,33.48,10.66,0,1177,213/190
1520530334.500228,1,210,187,33.49,150.17,1,1166,210/187
1520530334.550086,1,187,166,28.61,12.17,0,1166,187/166
1520530334.600088,1,180,166,28.14,9.76,0,1166,180/166
1520530334.650089,1,171,156,27.10,126.26,1,1086,171/156
1520530334.700091,1,195,168,26.02,10.92,0,1086,195/168
1520530334.750092,1,175,155,25.24,10.39,0,1086,175/155
1520530334.800094,1,172,157,24.39,95.88,1,975,172/157
1520530334.850095,1,216,189,23.97,11.12,0,975,216/189
1520530334.900097,1,215,186,23.95,12.10,0,975,215/186
1520530334.950928,1,270,232,55.06,128.98,1,1052,270/232
1520530335.000928,1,289,246,55.01,11.29,0,1052,289/246
1520530335.050931,1,275,238,55.53,12.60,0,1052,275/238
1520530335.100933,1,258,230,55.66,146.17,1,1070,258/230
1520530335.150934,1,262,229,55.68,12.63,0,1070,262/229
1520530335.200936,1,235,201,56.42,12.37,0,1070,235/201
1520530335.250937,1,214,188,57.83,141.93,1,1068,214/188
1520530335.300938,1,258,218,58.90,12.72,0,1068,258/218
1520530335.351457,1,223,193,76.98,14.50,0,1068,223/193
1520530335.401459,1,208,186,76.52,146.92,1,1080,208/186
1520530335.451459,1,220,190,76.62,11.23,0,1080,220/190
1520530335.501461,1,211,187,76.51,10.76,0,1080,211/187
1520530335.551462,1,210,187,76.06,101.25,1,1063,210/187
1520530335.601512,1,216,192,76.37,11.31,0,1063,216/192
1520530335.651465,1,270,225,76.24,10.90,0,1063,270/225
1520530335.701467,1,280,229,76.22,152.83,1,1066,280/229
1520530335.750223,1,170,144,31.49,15.09,0,1066,170/144
1520530335.800224,1,266,213,31.46,10.33,0,1066,266/213
1520530335.850226,1,227,201,31.25,208.25,1,1164,227/201
1520530335.900227,1,214,191,31.14,11.58,0,1164,214/191
1520530335.950228,1,210,193,31.99,10.63,0,1164,210/193
1520530336.000230,1,197,187,32.08,166.58,1,1160,197/187
1520530336.050231,1,194,182,32.44,11.96,0,1160,194/182
1520530336.100233,1,210,196,32.17,11.68,0,1160,210/196
1520530336.150177,1,200,186,30.43,131.08,1,1133,200/186
1520530336.200179,1,201,183,30.40,11.25,0,1133,201/183
1520530336.250180,1,230,200,30.62,11.12,0,1133,230/200
1520530336.300182,1,221,184,30.69,111.09,1,1096,221/184
1520530336.350183,1,207,176,30.88,11.68,0,1096,207/176
1520530336.400185,1,192,173,30.97,10.55,0,1096,192/173
1520530336.450186,1,173,159,30.79,165.70,1,1082,173/159
1520530336.500188,1,174,161,30.94,10.68,0,1082,174/161
1520530336.550582,1,132,120,46.10,11.98,0,1082,132/120
1520530336.600584,1,148,127,46.05,194.35,1,1075,148/127
1520530336.650586,1,146,131,46.25,10.44,0,1075,146/131
1520530336.700586,1,146,130,46.11,10.24,0,1075,146/130
1520530336.750588,1,148,129,45.96,151.24,1,1012,148/129
1520530336.800590,1,157,136,45.96,9.56,0,1012,157/136
1520530336.850591,1,155,138,45.79,9.05,0,1012,155/138
1520530336.900594,1,157,143,46.00,134.08,1,935,157/143
1520530336.950594,1,157,144,45.81,9.80,0,935,157/144
1520530337.000258,1,156,142,32.99,10.78,0,935,156/142
1520530337.050259,1,164,146,32.77,119.58,1,932,164/146
1520530337.100266,1,156,147,32.62,9.87,0,932,156/147
1520530337.150262,1,154,146,32.64,9.80,0,932,154/146
1520530337.200351,1,156,146,32.64,111.43,1,928,156/146
1520530337.250265,1,159,147,32.51,9.51,0,928,159/147
1520530337.300267,1,160,142,32.21,10.49,0,928,160/142
1520530337.350269,1,172,149,31.68,137.21,1,935,172/149
1520530337.400301,1,172,146,32.47,10.55,0,935,172/146
1520530337.450303,1,175,135,32.24,9.74,0,935,175/135
1520530337.500304,1,179,127,31.80,126.07,1,924,179/127
1520530337.550306,1,187,125,31.25,10.29,0,924,187/125
1520530337.600307,1,183,124,30.61,10.21,0,924,183/124
1520530337.650309,1,172,123,30.58,94.45,1,919,172/123
1520530337.700310,1,161,119,30.67,11.07,0,919,161/119
1520530337.750312,1,156,115,30.57,10.41,0,919,156/115
1520530337.800854,1,188,142,49.14,96.22,1,932,188/142
1520530337.850855,1,300,210,49.03,11.45,0,932,300/210
1520530337.900856,1,288,211,48.79,13.01,0,932,288/211
1520530337.950858,1,276,201,48.20,127.29,1,999,276/201
1520530338.000860,1,263,198,48.24,12.85,0,999,263/198
1520530338.050862,1,249,188,48.19,11.27,0,999,249/188
1520530338.100863,1,243,184,48.08,110.45,1,991,243/184
1520530338.150864,1,285,213,48.09,11.54,0,991,285/213
1520530338.200470,1,213,161,35.04,13.75,0,991,213/161
1520530338.250473,1,212,157,35.46,129.17,1,1000,212/157
1520530338.300474,1,206,150,35.49,11.49,0,1000,206/150
1520530338.350476,1,246,178,36.19,10.93,0,1000,246/178
1520530338.400477,1,248,185,36.88,90.76,1,1044,248/185
1520530338.450478,1,226,176,37.43,12.49,0,1044,226/176
1520530338.500480,1,214,176,37.89,11.93,0,1044,214/176
1520530338.550481,1,197,165,38.27,111.57,1,999,197/165
1520530338.600260,1,162,143,30.44,13.10,0,999,162/143
1520530338.650261,1,159,140,30.25,10.25,0,999,159/140
1520530338.700263,1,155,136,30.54,85.80,1,996,155/136
1520530338.750266,1,187,149,29.68,10.82,0,996,187/149
1520530338.800266,1,169,145,29.15,11.14,0,996,169/145
1520530338.850267,1,223,176,28.66,121.24,1,1039,223/176
1520530338.900269,1,188,167,28.05,12.79,0,1039,188/167
1520530338.950270,1,169,153,27.25,10.46,0,1039,169/153
1520530339.000272,1,226,179,26.47,94.63,1,1067,226/179
1520530339.050959,1,210,186,52.61,13.86,0,1067,210/186
1520530339.100960,1,209,188,52.77,10.91,0,1067,209/188
1520530339.150962,1,199,180,52.82,138.58,1,1024,199/180
1520530339.200963,1,230,207,53.26,12.24,0,1024,230/207
1520530339.250965,1,236,210,52.91,11.67,0,1024,236/210
1520530339.300966,1,246,221,53.25,121.89,1,1078,246/221
1520530339.350968,1,228,202,53.37,12.03,0,1078,228/202
1520530339.400970,1,204,185,53.81,12.80,0,1078,204/185
1520530339.451687,1,197,175,81.57,110.60,1,1104,197/175
1520530339.501689,1,181,167,82.65,11.67,0,1104,181/167
1520530339.551691,1,172,164,83.57,11.63,0,1104,172/164
1520530339.601692,1,193,185,84.54,123.72,1,1132,193/185
1520530339.651693,1,188,172,84.78,11.50,0,1132,188/172
1520530339.701695,1,172,160,85.14,11.45,0,1132,172/160
1520530339.751697,1,172,155,85.43,130.21,1,1149,172/155
1520530339.801698,1,215,182,85.80,10.68,0,1149,215/182
1520530339.851056,1,176,154,61.16,11.87,0,1149,176/154
1520530339.901057,1,208,174,61.13,140.74,1,1133,208/174
1520530339.951059,1,215,174,60.96,10.93,0,1133,215/174
1520530340.001061,1,200,173,61.03,10.14,0,1133,200/173
1520530340.051062,1,209,171,60.88,114.41,1,1033,209/171
1520530340.101063,1,192,168,60.75,12.07,0,1033,192/168
1520530340.151065,1,190,165,61.04,10.86,0,1033,190/165
1520530340.201067,1,185,164,60.94,127.91,1,1033,185/164
1520530340.250395,1,139,124,34.73,12.73,0,1033,139/124
1520530340.300397,1,141,128,34.61,10.21,0,1033,141/128
1520530340.350399,1,138,130,34.60,128.80,1,1043,138/130
1520530340.400400,1,139,128,34.41,9.33,0,1043,139/128
1520530340.450401,1,144,132,34.34,9.32,0,1043,144/132
1520530340.500403,1,141,132,34.11,118.47,1,1042,141/132
1520530340.550404,1,147,134,33.87,9.48,0,1042,147/134
1520530340.600406,1,144,132,33.78,9.50,0,1042,144/132
1520530340.650347,1,147,136,31.23,109.15,1,1052,147/136
1520530340.700348,1,146,135,31.07,9.94,0,1052,146/135
1520530340.750350,1,149,138,30.80,9.80,0,1052,149/138
1520530340.800351,1,155,138,30.62,110.12,1,1043,155/138
1520530340.850353,1,154,138,30.22,9.12,0,1043,154/138
1520530340.900354,1,202,156,30.25,9.58,0,1043,202/156
1520530340.950356,1,194,151,30.22,129.85,1,1040,194/151
1520530341.000358,1,196,146,30.00,10.73,0,1040,196/146
1520530341.050774,1,198,148,45.16,11.93,0,1040,198/148
1520530341.100776,1,203,155,44.99,123.05,1,1072,203/155
1520530341.150777,1,300,229,44.84,12.18,0,1072,300/229
1520530341.200779,1,294,237,45.16,12.74,0,1072,294/237
1520530341.250780,1,266,232,45.37,101.06,1,1126,266/232
1520530341.300782,1,261,227,45.42,11.73,0,1126,261/227
1520530341.350784,1,250,218,45.68,11.25,0,1126,250/218
1520530341.400785,1,248,214,45.81,118.30,1,1130,248/214
1520530341.450787,1,276,225,45.87,11.05,0,1130,276/225
1520530341.500713,1,255,205,43.10,11.48,0,1130,255/205
1520530341.550714,1,248,204,43.28,157.70,1,1126,248/204
1520530341.600716,1,253,212,43.36,10.94,0,1126,253/212
1520530341.650717,1,246,207,43.37,11.53,0,1126,246/207
1520530341.700719,1,250,207,43.57,125.43,1,1112,250/207
1520530341.750720,1,254,211,43.57,11.28,0,1112,254/211
1520530341.800722,1,255,216,43.79,11.22,0,1112,255/216
1520530341.850723,1,249,213,43.81,170.47,1,1102,249/213
1520530341.900542,1,195,172,37.04,11.48,0,1102,195/172
1520530341.950578,1,300,253,37.09,10.88,0,1102,300/253
1520530342.000545,1,289,247,37.23,112.75,1,1110,289/247
1520530342.050546,1,293,252,37.26,13.02,0,1110,293/252
1520530342.100548,1,296,251,37.23,12.89,0,1110,296/251
1520530342.150549,1,299,249,37.23,179.70,1,1061,299/249
1520530342.200551,1,294,249,37.23,13.58,0,1061,294/249
1520530342.250553,1,281,241,37.01,12.58,0,1061,281/241
1520530342.300673,1,252,226,41.80,118.09,1,1047,252/226
1520530342.350675,1,247,221,41.42,11.96,0,1047,247/221
1520530342.400676,1,249,224,41.17,11.20,0,1047,249/224
1520530342.450678,1,260,229,41.17,141.70,1,1034,260/229
1520530342.500679,1,292,235,41.06,12.09,0,1034,292/235
1520530342.550681,1,300,237,41.12,12.94,0,1034,300/237
1520530342.600683,1,300,232,41.38,105.35,1,1008,300/232
1520530342.650684,1,300,231,41.29,13.01,0,1008,300/231
1520530342.700643,1,300,231,40.15,12.81,0,1008,300/231
1520530342.750644,1,294,226,40.14,128.42,1,1022,294/226
1520530342.800646,1,268,214,39.56,12.24,0,1022,268/214
1520530342.850648,1,273,213,38.89,11.74,0,1022,273/213
1520530342.900649,1,267,209,38.72,111.84,1,1023,267/209
1520530342.950651,1,259,207,38.53,11.13,0,1023,259/207
1520530343.000653,1,248,197,37.99,11.94,0,1023,248/197
1520530343.050654,1,273,209,37.50,168.13,1,1006,273/209
1520530343.101131,1,237,193,55.10,13.12,0,1006,237/193
1520530343.151133,1,300,243,55.43,11.62,0,1006,300/243
1520530343.201134,1,300,241,55.66,180.35,1,1053,300/241
1520530343.251136,1,255,201,55.83,12.97,0,1053,255/201
1520530343.301138,1,250,189,55.81,11.23,0,1053,250/189
1520530343.351140,1,300,214,55.49,136.81,1,1062,300/214
1520530343.401141,1,263,206,55.37,12.09,0,1062,263/206
1520530343.451144,1,259,204,54.77,11.27,0,1062,259/204
1520530343.501404,1,300,228,64.31,177.31,1,1044,300/228
1520530343.551476,1,300,232,63.99,14.16,0,1044,300/232
1520530343.601407,1,268,210,63.75,13.16,0,1044,268/210
1520530343.651408,1,276,202,63.13,155.99,1,1055,276/202
1520530343.701410,1,300,224,62.33,12.47,0,1055,300/224
1520530343.751410,1,268,208,61.10,12.96,0,1055,268/208
1520530343.801413,1,282,216,60.38,126.54,1,1071,282/216
1520530343.851414,1,281,223,59.28,12.44,0,1071,281/223
1520530343.901415,1,300,246,57.67,11.92,0,1071,300/246
1520530343.951402,1,284,228,55.70,158.09,1,1091,284/228
1520530344.001403,1,266,220,54.94,12.92,0,1091,266/220
1520530344.051405,1,300,243,54.35,11.66,0,1091,300/243
1520530344.101406,1,300,245,53.79,133.97,1,1087,300/245
1520530344.151408,1,300,244,53.28,12.82,0,1087,300/244
1520530344.201410,1,279,232,52.85,12.71,0,1087,279/232
1520530344.251411,1,266,228,52.07,161.19,1,1079,266/228
1520530344.301413,1,262,223,51.31,12.16,0,1079,262/223
1520530344.351409,1,247,214,49.82,11.89,0,1079,247/214
1520530344.401411,1,242,212,49.16,192.12,1,1085,242/212
1520530344.451412,1,257,220,48.61,12.14,0,1085,257/220
1520530344.501414,1,244,217,48.24,12.36,0,1085,244/217
1520530344.551415,1,251,220,48.23,187.92,1,1099,251/220
1520530344.601418,1,244,215,48.10,13.08,0,1099,244/215
1520530344.651419,1,254,219,48.51,12.73,0,1099,254/219
1520530344.701421,1,263,222,49.09,158.09,1,1119,263/222
1520530344.751636,1,248,221,55.28,12.79,0,1119,248/221
1520530344.801638,1,245,220,56.08,11.14,0,1119,245/220
1520530344.851639,1,246,217,56.74,169.42,1,1128,246/217
1520530344.901641,1,248,213,57.12,11.59,0,1128,248/213
1520530344.951642,1,254,215,58.00,11.99,0,1128,254/215
1520530345.001644,1,300,235,57.83,200.80,1,1149,300/235
1520530345.051645,1,278,229,57.11,12.29,0,1149,278/229
1520530345.101647,1,291,238,56.97,13.04,0,1149,291/238
1520530345.151845,1,300,246,59.28,189.54,1,1167,300/246
1520530345.201743,1,300,241,59.53,12.99,0,1167,300/241
1520530345.251745,1,300,238,59.91,12.82,0,1167,300/238
1520530345.301746,1,285,234,60.46,157.54,1,1159,285/234
1520530345.351748,1,300,235,60.60,12.37,0,1159,300/235
1520530345.401750,1,300,232,61.06,12.99,0,1159,300/232
1520530345.451751,1,300,230,61.70,142.21,1,1113,300/230
1520530345.501753,1,300,231,62.34,12.58,0,1113,300/231
1520530345.551195,1,300,235,46.52,14.59,0,1113,300/235
1520530345.601196,1,300,230,46.83,154.74,1,1178,300/230
1520530345.651198,1,300,224,47.31,13.44,0,1178,300/224
1520530345.701199,1,284,208,47.92,13.58,0,1178,284/208
1520530345.751201,1,243,175,48.16,186.86,1,1184,243/175
1520530345.801203,1,218,160,48.22,13.09,0,1184,218/160
1520530345.851204,1,194,158,48.84,11.40,0,1184,194/158
1520530345.901206,1,154,132,49.90,148.31,1,1193,154/132
1520530345.951161,1,143,108,49.31,9.72,0,1193,143/108
1520530346.001475,1,179,140,60.06,10.06,0,1193,179/140
1520530346.051476,1,151,120,60.72,159.28,1,1217,151/120
1520530346.101478,1,132,107,61.28,9.84,0,1217,132/107
1520530346.151479,1,300,239,61.70,11.13,0,1217,300/239
1520530346.201480,1,222,190,62.60,153.77,1,1220,222/190
1520530346.251484,1,217,186,63.09,11.26,0,1220,217/186
1520530346.301485,1,208,180,63.28,11.57,0,1220,208/180
1520530346.351486,1,300,251,63.35,142.90,1,1308,300/251
1520530346.401376,1,298,245,59.80,16.19,0,1308,298/245
1520530346.451378,1,248,191,60.19,14.21,0,1308,248/191
1520530346.501379,1,190,154,60.74,132.15,1,1322,190/154
1520530346.551380,1,178,144,61.01,11.73,0,1322,178/144
1520530346.601382,1,193,163,61.51,10.73,0,1322,193/163
1520530346.651383,1,300,239,61.70,166.24,1,1419,300/239
1520530346.701385,1,287,228,61.87,16.13,0,1419,287/228
1520530346.751386,1,300,218,61.87,16.62,0,1419,300/218
1520530346.801545,1,257,183,67.87,189.35,1,1454,257/183
1520530346.851546,1,194,153,67.86,13.31,0,1454,194/153
1520530346.901547,1,201,154,67.78,12.68,0,1454,201/154
1520530346.951549,1,192,149,67.77,187.87,1,1471,192/149
1520530347.001551,1,188,144,67.52,11.02,0,1471,188/144
1520530347.051553,1,238,168,67.48,11.53,0,1471,238/168
1520530347.101554,1,225,157,67.68,168.28,1,1505,225/157
1520530347.151556,1,211,146,67.69,12.48,0,1505,211/146
1520530347.201400,1,203,137,61.75,11.66,0,1505,203/137
1520530347.251402,1,188,130,61.89,161.92,1,1513,188/130
1520530347.301403,1,199,135,61.61,11.00,0,1513,199/135
1520530347.351405,1,224,140,61.39,11.55,0,1513,224/140
1520530347.401407,1,195,127,61.10,160.41,1,1424,195/127
1520530347.451408,1,181,114,60.58,11.64,0,1424,181/114
1520530347.501410,1,203,118,60.36,10.85,0,1424,203/118
1520530347.551411,1,159,101,60.50,119.67,1,1378,159/101
1520530347.601218,1,151,95,53.65,11.19,0,1378,151/95
1520530347.651220,1,140,92,53.98,10.38,0,1378,140/92
1520530347.701222,1,128,91,54.38,135.58,1,1328,128/91
1520530347.751223,1,129,91,54.89,9.21,0,1328,129/91
1520530347.801224,1,144,93,55.42,10.06,0,1328,144/93
1520530347.851226,1,112,84,55.60,98.58,1,1290,112/84
1520530347.901227,1,111,85,56.33,9.57,0,1290,111/85
1520530347.951229,1,107,90,56.54,9.77,0,1290,107/90
1520530348.001163,1,109,75,54.39,93.24,1,1227,109/75
1520530348.051164,1,103,83,54.61,8.48,0,1227,103/83
1520530348.101166,1,101,86,55.01,8.45,0,1227,101/86
1520530348.151168,1,160,117,55.36,134.69,1,1223,160/117
1520530348.201169,1,146,112,55.98,11.17,0,1223,146/112
1520530348.251170,1,142,109,56.38,9.71,0,1223,142/109
1520530348.301184,1,119,94,56.81,114.14,1,1199,119/94
1520530348.351173,1,128,99,57.02,9.29,0,1199,128/99
1520530348.401175,1,133,101,57.10,8.94,0,1199,133/101
1520530348.451416,1,127,99,67.32,130.09,1,1209,127/99
1520530348.501419,1,126,99,67.14,9.04,0,1209,126/99
1520530348.551420,1,124,100,67.18,9.39,0,1209,124/100
1520530348.601422,1,125,101,67.07,119.24,1,1203,125/101
1520530348.651423,1,121,99,67.00,9.39,0,1203,121/99
1520530348.701425,1,122,97,66.74,9.92,0,1203,122/97
1520530348.751426,1,116,89,66.79,118.88,1,1174,116/89
1520530348.801427,1,121,91,67.26,9.03,0,1174,121/91
1520530348.851315,1,123,92,61.99,9.64,0,1174,123/92
1520530348.901316,1,137,103,61.67,84.80,1,1162,137/103
1520530348.951318,1,142,107,61.38,10.62,0,1162,142/107
1520530349.001319,1,146,117,61.14,10.39,0,1162,146/117
1520530349.051321,1,139,115,60.87,101.00,1,1166,139/115
1520530349.101322,1,135,118,60.33,9.47,0,1166,135/118
1520530349.151325,1,141,119,59.67,9.34,0,1166,141/119
1520530349.201326,1,135,120,59.32,138.35,1,1133,135/120
1520530349.251106,1,160,136,49.97,10.49,0,1133,160/136
1520530349.301107,1,155,132,49.56,9.97,0,1133,155/132
1520530349.351109,1,154,129,49.63,93.47,1,1113,154/129
1520530349.401110,1,182,145,49.45,10.13,0,1113,182/145
1520530349.451112,1,178,145,49.11,10.39,0,1113,178/145
1520530349.501114,1,178,147,49.11,117.69,1,1114,178/147
1520530349.551115,1,173,147,49.40,10.57,0,1114,173/147
1520530349.601117,1,205,163,49.60,10.39,0,1114,205/163
1520530349.650935,1,225,178,42.02,124.33,1,1136,225/178
1520530349.700937,1,208,172,41.96,11.28,0,1136,208/172
1520530349.750943,1,210,167,41.84,10.71,0,1136,210/167
1520530349.800940,1,215,171,41.20,113.56,1,1069,215/171
1520530349.850941,1,226,177,40.76,11.54,0,1069,226/177
1520530349.900986,1,215,170,40.32,11.69,0,1069,215/170
1520530349.950944,1,213,161,39.70,120.16,1,1051,213/161
1520530350.000946,1,300,233,38.99,11.87,0,1051,300/233
1520530350.051376,1,255,195,55.47,12.68,0,1051,255/195
1520530350.101378,1,258,196,55.45,148.68,1,1127,258/196
1520530350.151379,1,290,226,55.39,12.09,0,1127,290/226
1520530350.201381,1,265,205,55.26,12.58,0,1127,265/205
1520530350.251384,1,249,193,54.72,129.85,1,1160,249/193
1520530350.301384,1,300,233,54.87,13.63,0,1160,300/233
1520530350.351386,1,300,232,54.79,12.75,0,1160,300/232
1520530350.401387,1,296,225,54.48,122.50,1,1141,296/225
1520530350.451515,1,300,224,58.64,12.63,0,1141,300/224
1520530350.501516,1,300,220,58.59,13.72,0,1141,300/220
1520530350.551518,1,300,218,58.30,129.58,1,1128,300/218
1520530350.601520,1,300,218,57.95,13.67,0,1128,300/218
1520530350.651521,1,300,224,57.94,12.64,0,1128,300/224
1520530350.701523,1,300,225,57.85,124.07,1,1153,300/225
1520530350.751523,1,300,217,57.62,13.07,0,1153,300/217
1520530350.801526,1,300,227,57.47,13.26,0,1153,300/227
1520530350.851527,1,300,233,57.16,142.77,1,1085,300/233
1520530350.901571,1,300,227,58.28,13.38,0,1085,300/227
1520530350.951573,1,279,216,57.83,12.79,0,1085,279/216
1520530351.001574,1,259,202,57.21,127.98,1,1049,259/202
1520530351.051576,1,241,199,56.30,11.54,0,1049,241/199
1520530351.101578,1,300,245,54.99,12.16,0,1049,300/245
1520530351.151579,1,243,214,53.69,87.64,1,1057,243/214
1520530351.201581,1,220,200,52.20,11.36,0,1057,220/200
1520530351.251582,1,208,192,51.33,10.86,0,1057,208/192
1520530351.301683,1,198,182,53.61,140.59,1,1018,198/182
1520530351.351680,1,209,188,52.46,10.44,0,1018,209/188
1520530351.401685,1,199,182,51.65,10.23,0,1018,199/182
1520530351.451683,1,224,191,51.25,142.23,1,1026,224/191
1520530351.501759,1,212,192,50.60,12.11,0,1026,212/192
1520530351.551686,1,213,192,50.30,10.84,0,1026,213/192
1520530351.601688,1,217,194,49.91,145.04,1,1020,217/194
1520530351.651689,1,221,199,50.08,10.32,0,1020,221/199
1520530351.701695,1,234,210,50.18,9.97,0,1020,234/210
1520530351.751696,1,242,209,50.05,138.63,1,1037,242/209
1520530351.801698,1,240,211,50.28,11.01,0,1037,240/211
1520530351.851700,1,256,228,50.48,11.83,0,1037,256/228
1520530351.901701,1,278,237,50.79,143.45,1,1076,278/237
1520530351.951703,1,264,238,51.33,12.08,0,1076,264/238
1520530352.001704,1,263,232,51.81,11.39,0,1076,263/232
1520530352.051706,1,273,239,52.21,154.34,1,1105,273/239
1520530352.101805,1,253,220,55.41,12.25,0,1105,253/220
1520530352.151806,1,263,222,55.44,11.71,0,1105,263/222
1520530352.201808,1,258,226,55.56,138.57,1,1116,258/226
1520530352.251809,1,260,222,55.80,11.95,0,1116,260/222
1520530352.301811,1,259,225,55.22,13.64,0,1116,259/225
1520530352.351812,1,250,213,54.38,179.88,1,1099,250/213
1520530352.401814,1,244,200,54.92,11.48,0,1099,244/200
1520530352.451817,1,300,231,55.85,12.06,0,1099,300/231
1520530352.501469,1,282,217,46.23,188.49,1,1158,282/217
1520530352.551471,1,300,231,46.53,12.81,0,1158,300/231
1520530352.601472,1,300,232,46.96,13.03,0,1158,300/232
1520530352.651474,1,300,228,47.15,189.75,1,1213,300/228
1520530352.701475,1,272,213,47.61,12.86,0,1213,272/213
1520530352.751477,1,300,231,47.85,12.84,0,1213,300/231
1520530352.801478,1,300,233,48.29,169.70,1,1250,300/233
1520530352.851480,1,300,230,48.68,13.06,0,1250,300/230
1520530352.901098,1,188,137,37.51,15.64,0,1250,188/137
1520530352.951099,1,232,157,37.78,113.25,1,1285,232/157
1520530353.001101,1,198,136,37.93,13.82,0,1285,198/136
1520530353.051102,1,164,127,38.17,11.61,0,1285,164/127
1520530353.101208,1,166,121,38.08,147.77,1,1287,166/121
1520530353.151105,1,148,108,38.18,10.66,0,1287,148/108
1520530353.201107,1,194,139,38.61,10.88,0,1287,194/139
1520530353.251108,1,152,106,39.19,134.45,1,1286,152/106
1520530353.301110,1,273,215,39.58,11.71,0,1286,273/215
1520530353.351398,1,132,109,49.61,14.60,0,1286,132/109
1520530353.401399,1,124,104,50.65,182.37,1,1304,124/104
1520530353.451401,1,300,245,51.11,11.86,0,1304,300/245
1520530353.501402,1,211,179,51.57,12.87,0,1304,211/179
1520530353.551404,1,210,178,52.04,162.20,1,1376,210/178
1520530353.601405,1,300,234,52.41,12.67,0,1376,300/234
1520530353.651407,1,300,226,52.44,15.04,0,1376,300/226
1520530353.701408,1,300,223,52.64,186.99,1,1448,300/223
1520530353.751736,1,300,217,65.24,14.64,0,1448,300/217
1520530353.801738,1,300,214,65.40,16.27,0,1448,300/214
1520530353.851739,1,300,215,65.31,174.18,1,1508,300/215
1520530353.901741,1,220,161,65.58,16.68,0,1508,220/161
1520530353.951742,1,293,186,65.65,14.81,0,1508,293/186
1520530354.001744,1,223,158,65.59,138.08,1,1544,223/158
1520530354.051745,1,216,148,65.59,12.58,0,1544,216/148
1520530354.101747,1,183,134,65.76,11.62,0,1544,183/134
1520530354.151896,1,253,171,71.56,163.14,1,1596,253/171
1520530354.201897,1,279,177,71.69,14.09,0,1596,279/177
1520530354.251899,1,295,188,71.36,15.36,0,1596,295/188
1520530354.301900,1,257,178,71.79,141.27,1,1554,257/178
1520530354.351902,1,228,155,71.82,13.13,0,1554,228/155
1520530354.401904,1,201,149,71.66,12.95,0,1554,201/149
1520530354.451905,1,265,169,71.16,199.59,1,1548,265/169
1520530354.501907,1,252,175,71.25,14.38,0,1548,252/175
1520530354.551594,1,300,199,58.93,14.62,0,1548,300/199
1520530354.601593,1,287,191,58.75,147.72,1,1535,287/191
1520530354.651595,1,220,161,58.74,12.79,0,1535,220/161
1520530354.701596,1,196,136,58.60,11.52,0,1535,196/136
1520530354.751597,1,177,131,58.86,125.12,1,1471,177/131
1520530354.801599,1,175,125,59.04,10.16,0,1471,175/125
1520530354.851600,1,173,124,59.37,10.40,0,1471,173/124
1520530354.901602,1,206,129,59.68,133.86,1,1438,206/129
1520530354.951359,1,190,119,50.74,12.57,0,1438,190/119
1520530355.001360,1,157,111,51.22,11.55,0,1438,157/111
1520530355.051362,1,149,109,51.18,127.95,1,1385,149/109
1520530355.101363,1,167,117,51.83,9.85,0,1385,167/117
1520530355.151365,1,166,123,52.55,10.97,0,1385,166/123
1520530355.201366,1,139,118,52.98,108.88,1,1379,139/118
1520530355.251368,1,128,103,52.99,8.85,0,1379,128/103
1520530355.301370,1,131,105,53.28,8.87,0,1379,131/105
1520530355.351371,1,122,96,53.67,126.33,1,1357,122/96
1520530355.401407,1,152,109,55.47,9.82,0,1357,152/109
1520530355.451408,1,122,94,55.83,11.10,0,1357,122/94
1520530355.501410,1,154,109,56.12,110.51,1,1376,154/109
1520530355.551411,1,138,103,56.38,11.28,0,1376,138/103
1520530355.601414,1,143,105,56.31,9.98,0,1376,143/105
1520530355.651416,1,134,98,56.60,107.17,1,1351,134/98
1520530355.701417,1,127,98,56.89,9.61,0,1351,127/98
1520530355.751418,1,126,96,56.86,8.71,0,1351,126/96
1520530355.801531,1,163,115,61.63,109.34,1,1347,163/115
1520530355.851533,1,162,124,61.56,10.91,0,1347,162/124
1520530355.901534,1,151,115,61.70,10.90,0,1347,151/115
1520530355.951536,1,149,114,61.35,126.51,1,1338,149/114
1520530356.001537,1,143,109,60.93,9.99,0,1338,143/109
1520530356.051539,1,138,105,60.90,10.29,0,1338,138/105
1520530356.101541,1,141,110,60.99,117.82,1,1302,141/110
1520530356.151542,1,140,108,60.49,10.27,0,1302,140/108
1520530356.201376,1,139,107,53.06,9.71,0,1302,139/107
1520530356.251380,1,144,109,52.63,120.21,1,1282,144/109
1520530356.301379,1,148,122,52.84,10.59,0,1282,148/122
1520530356.351380,1,146,122,52.61,9.76,0,1282,146/122
1520530356.401382,1,139,120,52.40,131.06,1,1272,139/120
1520530356.451383,1,137,121,52.02,10.05,0,1272,137/121
1520530356.501385,1,159,131,51.47,9.76,0,1272,159/131
1520530356.551386,1,165,139,51.28,136.88,1,1262,165/139
1520530356.601232,1,154,130,45.15,10.66,0,1262,154/130
1520530356.651235,1,151,130,44.84,9.37,0,1262,151/130
1520530356.701236,1,152,131,44.55,114.11,1,1191,152/131
1520530356.751237,1,181,148,44.74,10.65,0,1191,181/148
1520530356.801239,1,185,151,44.61,10.89,0,1191,185/151
1520530356.851240,1,178,148,44.60,86.49,1,1144,178/148
1520530356.901242,1,228,183,44.56,11.01,0,1144,228/183
1520530356.951244,1,224,186,44.77,11.82,0,1144,224/186
1520530357.001153,1,206,166,40.76,132.07,1,1137,206/166
1520530357.051154,1,199,165,40.78,10.90,0,1137,199/165
1520530357.101156,1,211,170,40.58,10.99,0,1137,211/170
1520530357.151156,1,214,174,39.94,153.97,1,1096,214/174
1520530357.201159,1,263,214,39.47,12.41,0,1096,263/214
1520530357.251160,1,245,199,38.95,12.31,0,1096,245/199
1520530357.301162,1,233,188,38.59,127.21,1,1122,233/188
1520530357.351164,1,249,198,38.04,11.42,0,1122,249/198
1520530357.401658,1,238,183,56.82,11.75,0,1122,238/183
1520530357.451660,1,263,200,56.68,136.96,1,1183,263/200
1520530357.501662,1,297,223,56.48,12.22,0,1183,297/223
1520530357.551663,1,297,225,56.43,13.03,0,1183,297/225
1520530357.601666,1,249,187,55.96,134.09,1,1200,249/187
1520530357.651666,1,267,208,55.95,12.40,0,1200,267/208
1520530357.701667,1,300,224,55.98,13.35,0,1200,300/224
1520530357.751669,1,300,222,55.88,143.14,1,1176,300/222
1520530357.801671,1,300,213,55.95,13.83,0,1176,300/213
1520530357.851585,1,262,197,51.64,12.26,0,1176,262/197
1520530357.901559,1,256,194,51.67,137.37,1,1120,256/194
1520530357.951560,1,249,192,51.35,11.60,0,1120,249/192
1520530358.001562,1,300,214,51.39,12.04,0,1120,300/214
1520530358.051563,1,300,218,51.17,140.27,1,1075,300/218
1520530358.101565,1,300,215,50.85,13.17,0,1075,300/215
1520530358.151567,1,300,216,50.79,13.83,0,1075,300/216
1520530358.201568,1,300,201,50.65,130.40,1,1083,300/201
1520530358.251625,1,300,203,52.68,13.14,0,1083,300/203
1520530358.301626,1,300,210,52.23,13.27,0,1083,300/210
1520530358.351628,1,300,227,51.90,152.10,1,1087,300/227
1520530358.401629,1,300,227,51.40,13.15,0,1087,300/227
1520530358.451631,1,257,207,50.90,13.62,0,1087,257/207
1520530358.501632,1,242,194,50.16,121.49,1,1051,242/194
1520530358.551634,1,233,197,49.29,10.75,0,1051,233/197
1520530358.601636,1,253,211,48.08,10.81,0,1051,253/211
1520530358.651798,1,257,214,52.35,134.44,1,1028,257/214
1520530358.701800,1,245,206,51.49,12.05,0,1028,245/206
1520530358.751801,1,277,227,50.98,11.27,0,1028,277/227
1520530358.801803,1,246,211,50.03,132.09,1,993,246/211
1520530358.851805,1,240,206,49.26,11.36,0,993,240/206
1520530358.901806,1,259,217,48.57,11.70,0,993,259/217
1520530358.951808,1,253,213,47.71,151.66,1,1014,253/213
1520530359.001810,1,241,204,47.52,11.28,0,1014,241/204
1520530359.051806,1,238,199,46.88,10.84,0,1014,238/199
1520530359.101811,1,231,201,46.26,142.45,1,1022,231/201
1520530359.151809,1,218,196,46.17,11.34,0,1022,218/196
1520530359.201810,1,217,198,45.77,11.04,0,1022,217/198
1520530359.251812,1,218,198,45.27,134.54,1,1024,218/198
1520530359.301813,1,225,202,45.21,11.56,0,1024,225/202
1520530359.351815,1,223,198,45.59,11.59,0,1024,223/198
1520530359.401817,1,223,198,46.05,139.29,1,1042,223/198
1520530359.451919,1,230,201,47.64,13.19,0,1042,230/201
1520530359.501870,1,300,253,48.34,11.40,0,1042,300/253
1520530359.551871,1,276,238,48.58,123.23,1,1100,276/238
1520530359.601873,1,274,243,48.95,12.22,0,1100,274/243
1520530359.651874,1,265,238,49.58,12.93,0,1100,265/238
1520530359.701876,1,256,226,49.93,150.16,1,1091,256/226
1520530359.751878,1,285,247,50.22,12.97,0,1091,285/247
1520530359.801879,1,271,246,50.62,13.60,0,1091,271/246
1520530359.851881,1,289,253,50.94,189.71,1,1147,289/253
1520530359.901826,1,264,233,48.82,14.25,0,1147,264/233
1520530359.951828,1,264,237,48.18,12.36,0,1147,264/237
1520530360.001829,1,299,252,48.11,183.50,1,1204,299/252
1520530360.051831,1,287,244,48.38,12.83,0,1204,287/244
1520530360.101832,1,265,228,48.70,12.54,0,1204,265/228
1520530360.151834,1,262,218,49.08,128.47,1,1251,262/218
1520530360.201836,1,289,226,49.75,13.67,0,1251,289/226
1520530360.251837,1,246,193,50.37,14.65,0,1251,246/193
1520530360.301316,1,166,123,35.46,171.25,1,1269,166/123
1520530360.351317,1,166,116,35.36,10.99,0,1269,166/116
1520530360.401319,1,151,103,35.50,10.84,0,1269,151/103
1520530360.451321,1,141,95,35.35,147.52,1,1269,141/95
1520530360.501323,1,125,91,35.39,9.54,0,1269,125/91
1520530360.551324,1,123,83,35.36,9.52,0,1269,123/83
1520530360.601326,1,117,79,35.76,177.84,1,1266,117/79
1520530360.651327,1,112,81,36.28,8.95,0,1266,112/81
1520530360.700978,1,102,74,26.81,12.78,0,1266,102/74
1520530360.750980,1,102,66,27.08,161.14,1,1252,102/66
1520530360.800981,1,96,65,27.63,10.98,0,1252,96/65
1520530360.850983,1,85,60,28.03,11.17,0,1252,85/60
1520530360.900984,1,78,58,28.47,150.92,1,1243,78/58
1520530360.950988,1,72,55,28.67,9.25,0,1243,72/55
1520530361.000988,1,88,62,29.21,8.15,0,1243,88/62
1520530361.051064,1,88,61,29.57,141.39,1,1224,88/61
1520530361.101044,1,78,55,31.09,10.22,0,1224,78/55
1520530361.151045,1,63,51,30.70,8.04,0,1224,63/51
1520530361.201047,1,139,105,30.35,133.71,1,1241,139/105
1520530361.251048,1,105,91,30.18,9.89,0,1241,105/91
1520530361.301050,1,285,241,30.39,10.11,0,1241,285/241
1520530361.351051,1,300,250,30.32,183.57,1,1397,300/250
1520530361.401053,1,300,244,30.39,14.21,0,1397,300/244
1520530361.451055,1,231,202,30.28,13.01,0,1397,231/202
1520530361.501690,1,173,144,55.23,155.92,1,1419,173/144
1520530361.551692,1,180,140,55.26,11.08,0,1419,180/140
1520530361.601693,1,300,211,55.32,13.05,0,1419,300/211
1520530361.651695,1,298,196,55.49,148.47,1,1441,298/196
1520530361.701696,1,209,141,55.33,16.64,0,1441,209/141
1520530361.751698,1,300,210,55.21,13.37,0,1441,300/210
1520530361.801700,1,300,212,55.25,146.20,1,1483,300/212
1520530361.851701,1,300,218,55.20,14.79,0,1483,300/218
1520530361.901939,1,223,173,63.98,15.21,0,1483,223/173
1520530361.951941,1,214,167,64.00,141.36,1,1457,214/167
1520530362.001942,1,259,203,64.10,12.62,0,1457,259/203
1520530362.051944,1,231,191,64.17,13.41,0,1457,231/191
1520530362.101945,1,208,169,64.28,122.92,1,1471,208/169
1520530362.151947,1,213,165,64.27,10.64,0,1471,213/165
1520530362.201949,1,211,162,64.43,10.88,0,1471,211/162
1520530362.251950,1,205,159,64.39,120.01,1,1434,205/159
1520530362.301951,1,229,162,64.27,13.66,0,1434,229/162
1520530362.351623,1,166,121,51.85,13.66,0,1434,166/121
1520530362.401625,1,216,150,52.09,134.24,1,1420,216/150
1520530362.451626,1,223,147,52.11,12.22,0,1420,223/147
1520530362.501628,1,216,136,51.93,13.39,0,1420,216/136
1520530362.551629,1,183,123,52.15,92.53,1,1370,183/123
1520530362.601631,1,196,135,52.28,10.87,0,1370,196/135
1520530362.651727,1,205,143,52.30,11.26,0,1370,205/143
1520530362.701634,1,173,125,52.52,125.31,1,1372,173/125
1520530362.751364,1,175,112,42.16,10.56,0,1372,175/112
1520530362.801366,1,196,128,42.31,10.22,0,1372,196/128
1520530362.851367,1,189,125,42.03,93.91,1,1386,189/125
1520530362.901369,1,186,126,41.95,10.14,0,1386,186/126
1520530362.951370,1,178,126,41.87,10.36,0,1386,178/126
1520530363.001372,1,196,138,41.86,115.92,1,1376,196/138
1520530363.051374,1,233,148,42.43,12.33,0,1376,233/148
1520530363.101375,1,180,131,42.37,13.44,0,1376,180/131
1520530363.151650,1,206,151,53.75,115.78,1,1393,206/151
1520530363.201651,1,230,159,54.44,12.76,0,1393,230/159
1520530363.251653,1,210,144,55.10,12.66,0,1393,210/144
1520530363.301654,1,226,150,55.76,122.98,1,1422,226/150
1520530363.351656,1,229,158,56.21,12.82,0,1422,229/158
1520530363.401658,1,211,139,56.79,13.27,0,1422,211/139
1520530363.451659,1,230,153,57.38,114.42,1,1452,230/153
1520530363.501661,1,219,144,57.99,14.92,0,1452,219/144
1520530363.551745,1,170,128,62.03,12.85,0,1452,170/128
1520530363.601746,1,167,126,61.80,136.79,1,1432,167/126
1520530363.651748,1,145,117,60.93,11.37,0,1432,145/117
1520530363.701749,1,129,105,60.54,10.04,0,1432,129/105
1520530363.751751,1,126,101,59.87,120.18,1,1361,126/101
1520530363.801753,1,122,96,59.26,9.44,0,1361,122/96
1520530363.851754,1,113,88,58.78,9.02,0,1361,113/88
1520530363.901756,1,108,84,57.99,134.33,1,1345,108/84
1520530363.951780,1,130,98,58.34,10.05,0,1345,130/98
1520530364.001782,1,140,115,57.98,11.07,0,1345,140/115
1520530364.051784,1,141,115,57.29,122.78,1,1323,141/115
1520530364.101785,1,127,110,56.59,9.57,0,1323,127/110
1520530364.151786,1,135,118,55.64,10.16,0,1323,135/118
1520530364.201788,1,131,111,54.89,103.72,1,1259,131/111
1520530364.251789,1,139,114,53.24,9.78,0,1259,139/114
1520530364.301791,1,181,138,51.48,9.55,0,1259,181/138
1520530364.351792,1,180,140,50.78,146.39,1,1247,180/140
1520530364.401853,1,231,177,52.02,11.62,0,1247,231/177
1520530364.451854,1,225,175,51.24,11.32,0,1247,225/175
1520530364.501856,1,228,179,51.05,150.95,1,1281,228/179
1520530364.551858,1,240,190,50.19,11.27,0,1281,240/190
1520530364.601859,1,237,182,49.69,11.31,0,1281,237/182
1520530364.651861,1,300,222,48.15,143.48,1,1350,300/222
1520530364.701862,1,236,181,48.43,13.25,0,1350,236/181
1520530364.751864,1,228,172,48.79,11.16,0,1350,228/172
1520530364.802375,1,229,172,67.13,142.48,1,1374,229/172
1520530364.852378,1,217,167,67.68,11.59,0,1374,217/167
1520530364.902379,1,204,162,67.77,11.68,0,1374,204/162
1520530364.952380,1,216,177,67.61,156.99,1,1408,216/177
1520530365.002383,1,224,181,67.15,10.75,0,1408,224/181
1520530365.052383,1,223,183,66.74,11.02,0,1408,223/183
1520530365.102386,1,229,184,66.42,135.55,1,1440,229/184
1520530365.152387,1,223,176,66.38,11.41,0,1440,223/176
1520530365.201844,1,286,226,48.56,11.44,0,1440,286/226
1520530365.251846,1,269,211,48.46,147.44,1,1508,269/211
1520530365.301847,1,254,197,48.54,11.48,0,1508,254/197
1520530365.351849,1,247,189,48.57,11.76,0,1508,247/189
1520530365.401850,1,242,186,48.71,109.22,1,1480,242/186
1520530365.451852,1,240,186,48.92,11.57,0,1480,240/186
1520530365.501853,1,252,186,49.08,10.96,0,1480,252/186
1520530365.551855,1,257,191,49.71,167.39,1,1341,257/191
1520530365.601535,1,226,172,38.84,12.70,0,1341,226/172
1520530365.651537,1,239,176,39.26,11.10,0,1341,239/176
1520530365.701539,1,246,184,39.29,159.46,1,1316,246/184
1520530365.751540,1,243,181,39.55,10.78,0,1316,243/181
1520530365.801546,1,229,176,40.08,10.22,0,1316,229/176
1520530365.851543,1,263,194,40.06,126.91,1,1232,263/194
1520530365.901545,1,300,230,40.23,12.54,0,1232,300/230
1520530365.951546,1,300,231,40.65,12.07,0,1232,300/231
1520530366.001907,1,300,231,54.08,94.98,1,1210,300/231
1520530366.051908,1,281,215,54.19,14.25,0,1210,281/215
1520530366.101911,1,300,229,53.72,12.88,0,1210,300/229
1520530366.151911,1,300,230,53.10,123.82,1,1217,300/230
1520530366.201913,1,300,236,52.18,13.85,0,1217,300/236
1520530366.251915,1,256,193,51.38,13.55,0,1217,256/193
1520530366.301916,1,249,192,50.51,109.07,1,1202,249/192
1520530366.351918,1,250,190,49.94,11.99,0,1202,250/190
1520530366.402120,1,241,178,55.61,11.19,0,1202,241/178
1520530366.452121,1,300,225,55.19,143.80,1,1263,300/225
1520530366.502124,1,300,236,54.82,13.00,0,1263,300/236
1520530366.552125,1,282,220,53.95,12.00,0,1263,282/220
1520530366.602127,1,242,196,53.35,100.47,1,1267,242/196
1520530366.652128,1,237,201,52.15,11.87,0,1267,237/201
1520530366.702130,1,228,197,50.86,11.49,0,1267,228/197
1520530366.752132,1,216,199,50.21,102.64,1,1275,216/199
1520530366.802132,1,229,205,49.74,11.82,0,1275,229/205
1520530366.852166,1,208,183,50.40,11.69,0,1275,208/183
1520530366.902167,1,201,180,49.90,157.22,1,1291,201/180
1520530366.952169,1,201,173,49.41,11.54,0,1291,201/173
1520530367.002170,1,247,207,49.10,10.99,0,1291,247/207
1520530367.052171,1,221,190,49.20,140.30,1,1300,221/190
1520530367.102178,1,226,195,49.31,11.69,0,1300,226/195
1520530367.152174,1,219,189,49.23,11.83,0,1300,219/189
1520530367.202177,1,218,178,49.23,147.03,1,1301,218/178
1520530367.252540,1,207,173,59.08,13.16,0,1301,207/173
1520530367.302541,1,300,231,58.73,12.23,0,1301,300/231
1520530367.352542,1,268,210,59.02,168.97,1,1331,268/210
1520530367.402545,1,250,200,58.75,13.00,0,1331,250/200
1520530367.452546,1,258,201,58.32,11.08,0,1331,258/201
1520530367.502548,1,259,197,57.73,133.35,1,1319,259/197
1520530367.552549,1,249,194,57.41,11.67,0,1319,249/194
1520530367.602551,1,251,195,57.10,12.00,0,1319,251/195
1520530367.652264,1,236,179,48.89,153.16,1,1304,236/179
1520530367.702266,1,233,184,48.92,10.99,0,1304,233/184
1520530367.752267,1,230,189,48.51,10.62,0,1304,230/189
1520530367.802269,1,248,207,48.42,175.03,1,1318,248/207
1520530367.852271,1,243,204,48.57,12.44,0,1318,243/204
1520530367.902272,1,228,198,48.08,11.94,0,1318,228/198
1520530367.952274,1,233,206,47.98,153.87,1,1346,233/206
1520530368.002275,1,252,216,47.73,11.75,0,1346,252/216
1520530368.052124,1,237,205,43.94,12.24,0,1346,237/205
1520530368.102125,1,282,244,43.77,186.71,1,1404,282/244
1520530368.152127,1,286,257,43.34,12.47,0,1404,286/257
1520530368.202129,1,300,253,43.11,11.97,0,1404,300/253
1520530368.252130,1,300,262,43.09,192.72,1,1420,300/262
1520530368.302132,1,284,248,42.92,12.88,0,1420,284/248
1520530368.352134,1,270,242,42.70,13.19,0,1420,270/242
1520530368.402135,1,267,236,42.73,170.86,1,1464,267/236
1520530368.452048,1,243,218,40.29,13.24,0,1464,243/218
1520530368.502050,1,297,254,40.18,12.70,0,1464,297/254
1520530368.552051,1,284,236,40.87,175.37,1,1499,284/236
1520530368.602053,1,209,171,41.87,15.65,0,1499,209/171
1520530368.652054,1,299,213,42.61,13.63,0,1499,299/213
1520530368.702056,1,300,203,43.22,155.94,1,1523,300/203
1520530368.752057,1,208,154,43.52,16.35,0,1523,208/154
1520530368.802058,1,195,137,43.90,14.38,0,1523,195/137
1520530368.851389,1,110,83,26.74,155.69,1,1477,110/83
1520530368.901391,1,95,76,27.22,11.64,0,1477,95/76
1520530368.951392,1,85,65,28.23,9.91,0,1477,85/65
1520530369.001394,1,81,61,28.99,155.34,1,1459,81/61
1520530369.051395,1,77,61,29.66,8.64,0,1459,77/61
1520530369.101397,1,74,57,30.05,9.72,0,1459,74/57
1520530369.151398,1,70,49,29.92,145.38,1,1430,70/49
1520530369.201400,1,172,104,30.50,10.67,0,1430,172/104
1520530369.251401,1,117,82,31.11,12.21,0,1430,117/82
1520530369.301537,1,118,85,35.79,115.61,1,1447,118/85
1520530369.351538,1,135,106,35.65,9.34,0,1447,135/106
1520530369.401540,1,178,141,35.52,9.55,0,1447,178/141
1520530369.451542,1,196,157,35.35,132.10,1,1433,196/157
1520530369.501543,1,182,158,35.33,12.07,0,1433,182/158
1520530369.551545,1,166,145,35.24,11.35,0,1433,166/145
1520530369.601546,1,187,141,35.31,145.10,1,1444,187/141
1520530369.651548,1,180,135,34.95,11.13,0,1444,180/135
1520530369.701896,1,155,126,45.81,10.66,0,1444,155/126
1520530369.751898,1,217,163,45.30,147.34,1,1490,217/163
1520530369.801901,1,222,169,44.79,11.49,0,1490,222/169
1520530369.851902,1,208,165,44.44,10.30,0,1490,208/165
1520530369.901903,1,203,168,43.92,136.77,1,1473,203/168
1520530369.951905,1,207,163,43.82,10.87,0,1473,207/163
1520530370.001906,1,215,163,43.55,11.27,0,1473,215/163
1520530370.051908,1,203,162,43.32,130.30,1,1462,203/162
1520530370.101930,1,200,158,43.58,10.96,0,1462,200/158
1520530370.151931,1,214,167,43.53,10.24,0,1462,214/167
1520530370.201933,1,224,165,43.51,134.11,1,1411,224/165
1520530370.251934,1,216,162,43.27,11.48,0,1411,216/162
1520530370.301934,1,200,159,43.24,11.32,0,1411,200/159
1520530370.351937,1,199,158,43.10,131.81,1,1360,199/158
1520530370.401938,1,197,160,42.97,10.43,0,1360,197/160
1520530370.451940,1,241,167,42.61,11.67,0,1360,241/167
1520530370.501883,1,245,177,40.63,150.36,1,1338,245/177
1520530370.551883,1,216,173,40.41,11.82,0,1338,216/173
1520530370.601898,1,253,183,40.28,11.06,0,1338,253/183
1520530370.651887,1,245,186,40.19,94.47,1,1271,245/186
1520530370.701889,1,261,190,40.20,11.64,0,1271,261/190
1520530370.751890,1,257,190,40.05,11.71,0,1271,257/190
1520530370.801892,1,263,184,40.09,125.18,1,1257,263/184
1520530370.851892,1,266,191,40.11,13.43,0,1257,266/191
1520530370.901941,1,239,173,41.55,14.20,0,1257,239/173
1520530370.951942,1,237,172,41.71,98.72,1,1245,237/172
1520530371.001944,1,232,167,41.63,12.15,0,1245,232/167
1520530371.051946,1,248,181,41.59,11.23,0,1245,248/181
1520530371.101947,1,242,179,41.26,113.96,1,1243,242/179
1520530371.151949,1,237,164,41.50,12.05,0,1243,237/164
1520530371.201950,1,204,152,41.02,12.21,0,1243,204/152
1520530371.251952,1,197,149,40.46,125.39,1,1203,197/149
1520530371.301953,1,300,220,40.27,11.82,0,1203,300/220
1520530371.351951,1,260,197,40.19,13.03,0,1203,260/197
1520530371.401953,1,281,215,40.18,118.73,1,1261,281/215
1520530371.451954,1,253,193,40.57,12.69,0,1261,253/193
1520530371.501956,1,240,186,40.50,12.21,0,1261,240/186
1520530371.551958,1,273,201,40.58,98.87,1,1197,273/201
1520530371.601959,1,278,208,40.73,12.24,0,1197,278/208
1520530371.651961,1,300,221,40.98,13.08,0,1197,300/221
1520530371.701962,1,300,227,40.76,154.82,1,1218,300/227
1520530371.751959,1,300,225,40.55,12.55,0,1218,300/225
1520530371.801961,1,283,214,40.41,11.97,0,1218,283/214
1520530371.851963,1,279,208,39.91,142.61,1,1215,279/208
1520530371.901964,1,290,209,39.39,12.04,0,1215,290/209
1520530371.951966,1,292,204,39.18,12.49,0,1215,292/204
1520530372.001968,1,266,190,39.22,145.78,1,1205,266/190
1520530372.051969,1,264,181,39.03,11.99,0,1205,264/181
1520530372.101971,1,266,183,39.15,12.24,0,1205,266/183
1520530372.151955,1,254,175,38.68,157.51,1,1198,254/175
1520530372.201977,1,250,179,38.84,11.77,0,1198,250/179
1520530372.251958,1,249,176,38.94,10.84,0,1198,249/176
1520530372.301960,1,250,182,38.69,150.28,1,1144,250/182
1520530372.351961,1,252,184,38.58,11.09,0,1144,252/184
1520530372.401963,1,300,203,38.62,12.16,0,1144,300/203
1520530372.451964,1,269,191,38.72,188.10,1,1123,269/191
1520530372.501966,1,269,191,38.52,11.94,0,1123,269/191
1520530372.551956,1,283,197,38.38,11.51,0,1123,283/197
1520530372.601959,1,282,193,38.25,143.13,1,1075,282/193
1520530372.651960,1,300,208,38.34,12.94,0,1075,300/208
1520530372.701961,1,300,214,38.45,13.41,0,1075,300/214
1520530372.751963,1,300,216,38.73,171.91,1,1035,300/216
1520530372.801964,1,283,205,39.53,13.47,0,1035,283/205
1520530372.851966,1,282,204,40.06,11.71,0,1035,282/204
1520530372.901967,1,270,194,40.51,147.66,1,944,270/194
1520530372.951617,1,255,180,30.52,13.10,0,944,255/180
1520530373.001619,1,252,179,30.67,12.19,0,944,252/179
1520530373.051620,1,273,197,31.00,179.48,1,953,273/197
1520530373.101622,1,270,194,30.98,12.44,0,953,270/194
1520530373.151624,1,300,213,31.09,14.12,0,953,300/213
1520530373.201626,1,295,213,31.36,216.89,1,979,295/213
1520530373.251627,1,280,205,31.24,13.42,0,979,280/205
1520530373.301630,1,284,208,31.26,12.41,0,979,284/208
1520530373.351457,1,255,183,26.12,197.74,1,969,255/183
1520530373.401458,1,300,209,25.86,13.03,0,969,300/209
1520530373.451460,1,274,194,26.05,12.13,0,969,274/194
1520530373.501461,1,300,208,26.07,155.80,1,963,300/208
1520530373.551463,1,272,189,26.47,12.33,0,963,272/189
1520530373.601465,1,300,204,26.32,12.30,0,963,300/204
1520530373.651466,1,300,207,25.70,168.88,1,965,300/207
1520530373.701467,1,253,190,24.95,12.67,0,965,253/190
1520530373.751469,1,269,196,24.19,12.05,0,965,269/196
1520530373.801615,1,224,173,26.52,131.51,1,966,224/173
1520530373.851583,1,218,170,26.30,11.18,0,966,218/170
1520530373.901585,1,218,171,25.59,12.03,0,966,218/171
1520530373.951586,1,300,215,25.57,116.18,1,997,300/215
1520530374.001589,1,232,189,25.49,13.57,0,997,232/189
1520530374.051589,1,219,176,24.99,11.67,0,997,219/176
1520530374.101591,1,248,190,24.85,156.65,1,1023,248/190
1520530374.151592,1,246,189,24.74,11.66,0,1023,246/189
1520530374.201953,1,228,167,33.51,12.37,0,1023,228/167
1520530374.251955,1,227,144,33.09,143.55,1,1049,227/144
1520530374.301956,1,226,141,32.53,12.06,0,1049,226/141
1520530374.351958,1,209,133,31.93,11.35,0,1049,209/133
1520530374.401959,1,207,130,31.55,141.46,1,1056,207/130
1520530374.451961,1,218,131,31.61,12.20,0,1056,218/131
1520530374.501962,1,226,131,31.71,11.31,0,1056,226/131
1520530374.551964,1,300,180,31.79,139.35,1,1130,300/180
1520530374.602407,1,300,180,41.64,15.20,0,1130,300/180
1520530374.652408,1,279,160,41.58,13.05,0,1130,279/160
1520530374.702410,1,267,161,41.44,159.75,1,1167,267/161
1520530374.752412,1,285,174,41.16,13.21,0,1167,285/174
1520530374.802413,1,262,169,40.66,12.30,0,1167,262/169
1520530374.852415,1,258,177,40.34,175.48,1,1178,258/177
1520530374.902417,1,264,182,40.17,16.80,0,1178,264/182
1520530374.952418,1,300,206,40.05,14.16,0,1178,300/206
1520530375.002442,1,279,211,40.50,132.41,1,1226,279/211
1520530375.052444,1,268,218,40.63,12.66,0,1226,268/218
1520530375.102445,1,255,209,41.07,12.20,0,1226,255/209
1520530375.152447,1,253,209,41.47,150.53,1,1244,253/209
1520530375.202449,1,262,216,41.76,12.37,0,1244,262/216
1520530375.252454,1,259,214,41.76,11.52,0,1244,259/214
1520530375.302452,1,285,238,42.04,181.31,1,1268,285/238
1520530375.352453,1,286,241,42.05,12.68,0,1268,286/241
1520530375.402252,1,300,253,36.37,15.63,0,1268,300/253
1520530375.452214,1,291,248,35.89,131.57,1,1301,291/248
1520530375.502216,1,286,232,35.55,13.00,0,1301,286/232
1520530375.552217,1,271,225,35.11,12.59,0,1301,271/225
1520530375.602219,1,270,223,34.15,156.31,1,1269,270/223
1520530375.652220,1,256,216,33.55,13.81,0,1269,256/216
1520530375.702222,1,248,214,32.60,12.17,0,1269,248/214
1520530375.752223,1,239,206,32.05,168.69,1,1270,239/206
1520530375.802225,1,237,212,31.41,12.01,0,1270,237/212
1520530375.852258,1,238,214,31.34,12.01,0,1270,238/214
1520530375.902259,1,240,217,30.83,119.83,1,1263,240/217
1520530375.952261,1,247,223,30.83,11.97,0,1263,247/223
1520530376.002263,1,254,217,31.19,12.89,0,1263,254/217
1520530376.052264,1,300,250,31.33,130.33,1,1322,300/250
1520530376.102265,1,300,250,31.51,14.07,0,1322,300/250
1520530376.152267,1,263,231,31.98,13.85,0,1322,263/231
1520530376.202270,1,300,242,33.01,127.34,1,1369,300/242
1520530376.251950,1,270,217,27.41,14.73,0,1369,270/217
1520530376.301951,1,264,212,27.79,13.26,0,1369,264/212
1520530376.351954,1,258,213,27.90,112.10,1,1393,258/213
1520530376.401955,1,249,207,27.87,13.11,0,1393,249/207
1520530376.451957,1,249,207,27.35,12.39,0,1393,249/207
1520530376.501958,1,300,246,27.61,176.79,1,1481,300/246
1520530376.551960,1,300,233,28.14,14.96,0,1481,300/233
1520530376.601961,1,277,216,28.91,14.94,0,1481,277/216
1520530376.652663,1,281,187,44.81,170.73,1,1538,281/187
1520530376.702664,1,300,225,44.91,14.60,0,1538,300/225
1520530376.752666,1,300,244,45.67,15.16,0,1538,300/244
1520530376.802668,1,221,186,46.36,171.78,1,1618,221/186
1520530376.852669,1,204,167,47.48,17.56,0,1618,204/167
1520530376.902671,1,167,141,48.54,14.44,0,1618,167/141
1520530376.952672,1,146,116,49.64,142.30,1,1635,146/116
1520530377.002721,1,184,133,50.26,13.87,0,1635,184/133
1520530377.052897,1,300,195,56.35,16.07,0,1635,300/195
1520530377.102900,1,300,209,56.33,189.65,1,1771,300/209
1520530377.152901,1,300,203,56.13,19.96,0,1771,300/203
1520530377.202903,1,249,166,55.97,18.13,0,1771,249/166
1520530377.252904,1,300,201,55.39,144.84,1,1838,300/201
1520530377.302906,1,293,193,55.03,21.93,0,1838,293/193
1520530377.352906,1,300,200,54.55,19.20,0,1838,300/200
1520530377.402909,1,300,207,54.11,183.67,1,1904,300/207
1520530377.451720,1,300,195,25.79,29.11,0,1904,300/195
1520530377.501720,1,238,152,26.06,26.70,0,1904,238/152
1520530377.551722,1,120,101,26.08,133.36,1,1954,120/101
1520530377.601723,1,156,107,26.01,11.04,0,1954,156/107
1520530377.651725,1,193,121,26.17,15.97,0,1954,193/121
1520530377.701726,1,128,92,26.28,127.62,1,1928,128/92
1520530377.751728,1,219,123,26.47,13.95,0,1928,219/123
1520530377.801730,1,133,93,26.61,21.09,0,1928,133/93
1520530377.851407,1,85,62,18.76,123.79,1,1890,85/62
1520530377.901409,1,109,74,18.20,13.64,0,1890,109/74
1520530377.951411,1,89,65,17.99,11.53,0,1890,89/65
1520530378.001412,1,169,125,17.78,171.22,1,1924,169/125
1520530378.051414,1,241,153,17.55,20.75,0,1924,241/153
1520530378.101416,1,155,121,17.91,20.71,0,1924,155/121
1520530378.151417,1,300,208,18.24,175.01,1,1944,300/208
1520530378.201419,1,242,168,18.29,20.20,0,1944,242/168
1520530378.251420,1,196,152,18.28,18.26,0,1944,196/152
1520530378.301512,1,206,161,20.44,158.72,1,1985,206/161
1520530378.351513,1,216,169,20.48,17.97,0,1985,216/169
1520530378.401515,1,229,186,20.53,16.93,0,1985,229/186
1520530378.451516,1,300,220,20.60,164.12,1,2079,300/220
1520530378.501517,1,210,177,20.65,19.30,0,2079,210/177
1520530378.551519,1,207,178,20.67,12.57,0,2079,207/178
1520530378.601571,1,300,226,20.62,162.45,1,2172,300/226
1520530378.651522,1,300,237,20.52,21.01,0,2172,300/237
1520530378.702209,1,185,159,39.59,17.42,0,2172,185/159
1520530378.752210,1,218,181,39.33,183.30,1,2191,218/181
1520530378.802212,1,205,157,39.64,13.48,0,2191,205/157
1520530378.852213,1,210,160,40.01,13.07,0,2191,210/160
1520530378.902215,1,300,231,40.13,163.45,1,2271,300/231
1520530378.952216,1,300,232,40.11,17.68,0,2271,300/232
1520530379.002218,1,300,218,40.11,17.39,0,2271,300/218
1520530379.052220,1,300,225,40.03,174.92,1,2345,300/225
1520530379.102149,1,300,217,38.11,18.69,0,2345,300/217
1520530379.152151,1,246,202,37.79,16.68,0,2345,246/202
1520530379.202152,1,239,195,37.68,121.79,1,2359,239/195
1520530379.252154,1,300,230,37.58,14.92,0,2359,300/230
1520530379.302155,1,300,225,37.44,18.17,0,2359,300/225
1520530379.352157,1,300,230,37.31,173.11,1,2431,300/230
1520530379.402159,1,300,234,37.18,19.23,0,2431,300/234
1520530379.452160,1,300,232,37.11,17.29,0,2431,300/232
1520530379.501850,1,300,222,28.88,174.32,1,2489,300/222
1520530379.551852,1,300,215,28.96,17.52,0,2489,300/215
1520530379.601853,1,300,207,28.88,21.99,0,2489,300/207
1520530379.651855,1,300,210,29.10,138.21,1,2575,300/210
1520530379.701856,1,300,211,28.97,21.45,0,2575,300/211
1520530379.751858,1,300,194,29.04,23.47,0,2575,300/194
1520530379.801860,1,300,186,28.86,181.24,1,2660,300/186
1520530379.851861,1,300,180,28.82,20.52,0,2660,300/180
1520530379.901824,1,300,181,27.86,19.46,0,2660,300/181
1520530379.951826,1,300,187,28.20,193.49,1,2731,300/187
1520530380.001827,1,300,184,28.53,24.73,0,2731,300/184
1520530380.051829,1,300,185,29.08,26.07,0,2731,300/185
1520530380.101830,1,300,194,29.64,194.96,1,2805,300/194
1520530380.151832,1,300,189,29.81,26.35,0,2805,300/189
1520530380.201888,1,300,204,30.05,23.67,0,2805,300/204
1520530380.251835,1,300,205,30.27,182.60,1,2847,300/205
1520530380.301736,1,300,193,27.08,24.26,0,2847,300/193
1520530380.352160,1,300,196,38.81,22.39,0,2847,300/196
1520530380.402162,1,300,209,37.81,158.06,1,2912,300/209
1520530380.452163,1,300,208,37.09,17.70,0,2912,300/208
1520530380.502166,1,300,216,36.52,20.58,0,2912,300/216
1520530380.552166,1,174,143,35.93,192.21,1,2913,174/143
1520530380.602168,1,148,128,35.47,14.84,0,2913,148/128
1520530380.652170,1,193,160,35.16,12.53,0,2913,193/160
1520530380.702171,1,162,142,35.02,183.23,1,2861,162/142
1520530380.752135,1,149,129,33.70,11.78,0,2861,149/129
1520530380.802136,1,300,222,33.51,14.45,0,2861,300/222
1520530380.852138,1,217,186,33.00,177.70,1,2859,217/186
1520530380.902139,1,244,206,32.44,13.20,0,2859,244/206
1520530380.952141,1,233,198,31.99,14.08,0,2859,233/198
1520530381.002143,1,265,216,31.43,182.55,1,2859,265/216
1520530381.052144,1,300,236,31.08,13.56,0,2859,300/236
1520530381.102146,1,281,223,30.61,14.67,0,2859,281/223
1520530381.152048,1,300,222,27.81,225.84,1,2906,300/222
1520530381.202049,1,300,227,27.21,15.19,0,2906,300/227
1520530381.252051,1,279,200,26.79,13.82,0,2906,279/200
1520530381.302052,1,300,224,26.45,176.95,1,2885,300/224
1520530381.352053,1,300,217,26.33,15.70,0,2885,300/217
1520530381.402056,1,300,224,26.32,14.50,0,2885,300/224
1520530381.452057,1,300,216,26.27,190.00,1,2866,300/216
1520530381.502058,1,300,223,26.44,14.69,0,2866,300/223
1520530381.552262,1,300,230,30.27,14.84,0,2866,300/230
1520530381.602264,1,300,233,30.35,195.04,1,2870,300/233
1520530381.652266,1,300,231,30.32,15.44,0,2870,300/231
1520530381.702267,1,300,231,30.30,15.26,0,2870,300/231
1520530381.752268,1,300,239,30.22,173.38,1,2882,300/239
1520530381.802325,1,300,240,29.96,14.33,0,2882,300/240
1520530381.852271,1,300,243,29.97,13.36,0,2882,300/243
1520530381.902273,1,300,232,29.80,203.24,1,2912,300/232
1520530381.952332,1,300,244,30.96,13.93,0,2912,300/244
1520530382.002334,1,300,252,30.53,15.13,0,2912,300/252
1520530382.052335,1,300,249,30.41,151.46,1,2948,300/249
1520530382.102337,1,300,245,30.33,13.19,0,2948,300/245
1520530382.152339,1,300,242,30.23,12.83,0,2948,300/242
1520530382.202340,1,300,242,30.57,211.17,1,2919,300/242
1520530382.252342,1,300,234,30.58,13.70,0,2919,300/234
1520530382.302343,1,300,244,30.67,14.07,0,2919,300/244
1520530382.352159,1,300,241,26.92,206.64,1,2836,300/241
1520530382.402160,1,300,236,26.87,14.36,0,2836,300/236
1520530382.452162,1,300,238,27.08,14.15,0,2836,300/238
1520530382.502164,1,300,231,27.19,214.45,1,2801,300/231
1520530382.552165,1,300,232,27.57,13.45,0,2801,300/232
1520530382.602167,1,299,239,27.95,14.23,0,2801,299/239
1520530382.652168,1,300,239,28.62,154.42,1,2741,300/239
1520530382.702170,1,300,241,28.66,15.73,0,2741,300/241
1520530382.752171,1,292,229,28.74,13.92,0,2741,292/229
1520530382.802243,1,296,232,29.96,213.76,1,2704,296/232
1520530382.852246,1,300,245,29.95,14.08,0,2704,300/245
1520530382.902248,1,300,246,29.77,16.93,0,2704,300/246
1520530382.952249,1,300,247,29.60,150.49,1,2663,300/247
1520530383.002250,1,300,248,29.30,13.24,0,2663,300/248
1520530383.052252,1,300,251,28.95,13.66,0,2663,300/251
1520530383.102252,1,300,251,28.65,213.56,1,2589,300/251
1520530383.152255,1,300,245,28.23,16.99,0,2589,300/245
1520530383.202206,1,300,254,26.90,16.27,0,2589,300/254
1520530383.252208,1,291,241,26.30,240.16,1,2552,291/241
1520530383.302210,1,300,251,26.00,18.20,0,2552,300/251
1520530383.352211,1,300,242,25.62,16.96,0,2552,300/242
1520530383.402266,1,300,239,25.25,155.01,1,2590,300/239
1520530383.452214,1,300,245,24.73,16.34,0,2590,300/245
1520530383.502216,1,300,243,24.23,16.33,0,2590,300/243
1520530383.552217,1,300,246,23.83,158.54,1,2560,300/246
1520530383.602472,1,300,253,27.64,16.07,0,2560,300/253
1520530383.652472,1,300,243,27.27,16.40,0,2560,300/243
1520530383.702475,1,300,236,26.72,181.41,1,2520,300/236
1520530383.752476,1,300,249,26.41,13.80,0,2520,300/249
1520530383.802478,1,300,242,26.39,14.84,0,2520,300/242
1520530383.852479,1,300,239,26.51,232.94,1,2445,300/239
1520530383.902481,1,300,232,26.31,15.86,0,2445,300/232
1520530383.952482,1,300,236,26.23,15.11,0,2445,300/236
1520530384.002530,1,300,237,27.05,231.56,1,2388,300/237
1520530384.052531,1,300,243,27.03,15.44,0,2388,300/243
1520530384.102533,1,300,224,27.46,15.47,0,2388,300/224
1520530384.152534,1,300,230,28.07,219.96,1,2373,300/230
1520530384.202536,1,300,239,28.99,16.37,0,2373,300/239
1520530384.252537,1,300,236,29.66,17.07,0,2373,300/236
1520530384.302539,1,281,199,30.52,187.36,1,2339,281/199
1520530384.352541,1,300,203,31.10,17.84,0,2339,300/203
1520530384.402432,1,300,197,29.48,19.14,0,2339,300/197
1520530384.452435,1,300,197,30.21,160.80,1,2318,300/197
1520530384.502435,1,300,205,31.46,16.91,0,2318,300/205
1520530384.552437,1,294,208,32.44,15.45,0,2318,294/208
1520530384.602439,1,300,214,33.37,260.89,1,2284,300/214
1520530384.652440,1,300,219,34.34,15.29,0,2284,300/219
1520530384.702442,1,300,220,35.17,14.86,0,2284,300/220
1520530384.752443,1,300,219,35.75,269.89,1,2300,300/219
1520530384.802857,1,300,225,46.17,15.52,0,2300,300/225
1520530384.852858,1,300,232,46.67,16.66,0,2300,300/232
1520530384.902860,1,300,221,46.85,241.06,1,2313,300/221
1520530384.952861,1,300,227,46.87,18.35,0,2313,300/227
1520530385.002916,1,300,235,46.77,16.70,0,2313,300/235
1520530385.052864,1,300,229,47.03,234.79,1,2326,300/229
1520530385.102866,1,300,231,47.00,19.19,0,2326,300/231
1520530385.152867,1,300,231,46.87,16.27,0,2326,300/231
1520530385.202869,1,300,237,46.55,213.83,1,2306,300/237
1520530385.252705,1,300,241,42.58,17.08,0,2306,300/241
1520530385.302707,1,300,236,41.93,15.47,0,2306,300/236
1520530385.352709,1,300,221,41.45,205.03,1,2262,300/221
1520530385.402710,1,300,230,40.88,15.87,0,2262,300/230
1520530385.452712,1,300,233,40.09,15.75,0,2262,300/233
1520530385.502713,1,252,211,39.19,172.91,1,2216,252/211
1520530385.552715,1,258,213,38.71,14.26,0,2216,258/213
1520530385.602716,1,300,221,38.30,14.47,0,2216,300/221
1520530385.652486,1,300,221,32.89,237.45,1,2231,300/221
1520530385.702487,1,300,211,32.65,27.86,0,2231,300/211
1520530385.752490,1,209,160,32.40,16.44,0,2231,209/160
1520530385.802491,1,251,176,32.13,191.06,1,2234,251/176
1520530385.852493,1,201,157,31.92,15.12,0,2234,201/157
1520530385.902494,1,172,144,31.52,14.34,0,2234,172/144
1520530385.952496,1,152,123,31.30,183.49,1,2223,152/123
1520530386.002497,1,145,118,31.11,11.96,0,2223,145/118
1520530386.052544,1,151,121,31.69,11.98,0,2223,151/121
1520530386.102546,1,261,180,31.49,188.58,1,2266,261/180
1520530386.152547,1,241,177,31.37,22.72,0,2266,241/177
1520530386.202549,1,284,199,31.22,20.04,0,2266,284/199
1520530386.252550,1,300,207,31.13,189.89,1,2341,300/207
1520530386.302552,1,300,198,31.00,20.20,0,2341,300/198
1520530386.352553,1,300,208,31.09,20.81,0,2341,300/208
1520530386.402554,1,300,206,30.94,192.91,1,2409,300/206
1520530386.452758,1,300,203,35.12,20.41,0,2409,300/203
1520530386.502760,1,300,205,35.17,18.87,0,2409,300/205
1520530386.552761,1,300,199,35.16,173.84,1,2445,300/199
1520530386.602814,1,300,207,35.36,30.40,0,2445,300/207
1520530386.652764,1,300,202,35.44,30.19,0,2445,300/202
1520530386.702766,1,300,202,35.41,205.10,1,2519,300/202
1520530386.752767,1,300,191,35.61,25.35,0,2519,300/191
1520530386.802769,1,300,185,35.70,24.77,0,2519,300/185
1520530386.852674,1,300,179,33.80,212.92,1,2539,300/179
1520530386.902676,1,300,172,34.04,26.21,0,2539,300/172
1520530386.952678,1,300,180,34.22,26.56,0,2539,300/180
1520530387.002679,1,300,177,34.58,204.48,1,2551,300/177
1520530387.052681,1,300,173,34.67,19.03,0,2551,300/173
1520530387.102682,1,300,158,35.06,27.70,0,2551,300/158
1520530387.152684,1,300,159,35.41,192.97,1,2561,300/159
1520530387.202685,1,300,159,35.50,33.29,0,2561,300/159
1520530387.252606,1,300,155,34.13,30.93,0,2561,300/155
1520530387.302607,1,300,154,34.30,204.27,1,2605,300/154
1520530387.352609,1,300,151,34.31,26.74,0,2605,300/151
1520530387.402611,1,300,147,34.32,28.11,0,2605,300/147
1520530387.452612,1,300,139,34.32,236.40,1,2604,300/139
1520530387.502614,1,283,128,34.13,45.09,0,2604,283/128
1520530387.552615,1,196,106,34.11,29.63,0,2604,196/106
1520530387.602617,1,151,83,33.78,191.16,1,2537,151/83
1520530387.652619,1,300,123,33.40,18.90,0,2537,300/123
1520530387.702457,1,300,127,29.43,28.09,0,2537,300/127
1520530387.752459,1,138,94,28.86,201.97,1,2500,138/94
1520530387.802460,1,123,84,28.19,19.20,0,2500,123/84
1520530387.852464,1,120,84,27.75,16.74,0,2500,120/84
1520530387.902463,1,110,77,27.23,148.17,1,2451,110/77
1520530387.952464,1,300,137,26.59,18.08,0,2451,300/137
1520530388.002467,1,300,154,25.89,40.84,0,2451,300/154
1520530388.052467,1,147,99,25.14,216.41,1,2434,147/99
1520530388.102494,1,145,90,25.10,14.62,0,2434,145/90
1520530388.152496,1,300,150,24.76,18.70,0,2434,300/150
1520530388.202544,1,174,101,24.37,196.22,1,2410,174/101
1520530388.252499,1,155,95,24.08,17.86,0,2410,155/95
1520530388.302501,1,157,95,23.77,18.66,0,2410,157/95
1520530388.352502,1,300,156,23.61,175.89,1,2406,300/156
1520530388.402504,1,250,133,23.50,38.86,0,2406,250/133
1520530388.452505,1,190,112,23.15,21.94,0,2406,190/112
1520530388.502852,1,300,167,28.25,149.28,1,2425,300/167
1520530388.552854,1,300,152,28.02,19.26,0,2425,300/152
1520530388.602855,1,300,166,27.88,20.04,0,2425,300/166
1520530388.652857,1,300,152,27.87,166.27,1,2401,300/152
1520530388.702858,1,300,154,27.95,19.36,0,2401,300/154
1520530388.752860,1,300,161,27.98,17.70,0,2401,300/161
1520530388.802861,1,300,144,27.78,174.34,1,2383,300/144
1520530388.852863,1,300,150,27.83,18.87,0,2383,300/150
1520530388.902233,1,183,95,18.29,21.05,0,2383,183/95
1520530388.952235,1,300,117,18.21,140.24,1,2380,300/117
1520530389.002237,1,300,129,17.82,26.78,0,2380,300/129
1520530389.052238,1,300,125,17.54,24.37,0,2380,300/125
1520530389.102240,1,300,135,17.52,172.73,1,2377,300/135
1520530389.152242,1,300,126,17.28,20.88,0,2377,300/126
1520530389.202243,1,300,131,17.22,23.46,0,2377,300/131
1520530389.252245,1,300,134,17.18,187.02,1,2339,300/134
1520530389.302934,1,253,125,26.99,23.76,0,2339,253/125
1520530389.352936,1,300,130,26.64,20.45,0,2339,300/130
1520530389.402938,1,300,138,26.21,190.95,1,2324,300/138
1520530389.452939,1,300,129,25.72,22.92,0,2324,300/129
1520530389.502940,1,300,131,25.06,23.63,0,2324,300/131
1520530389.552942,1,300,131,24.49,186.77,1,2319,300/131
1520530389.602943,1,300,143,24.11,31.13,0,2319,300/143
1520530389.652948,1,300,137,24.02,26.04,0,2319,300/137
1520530389.702847,1,300,129,22.98,168.00,1,2304,300/129
1520530389.753403,1,300,129,30.03,22.62,0,2304,300/129
1520530389.803445,1,300,137,30.36,24.42,0,2304,300/137
1520530389.853406,1,300,132,31.09,123.90,1,2281,300/132
1520530389.903408,1,300,144,32.01,24.25,0,2281,300/144
1520530389.953409,1,300,156,32.77,22.96,0,2281,300/156
1520530390.003411,1,300,157,33.63,139.86,1,2296,300/157
1520530390.053412,1,300,164,34.33,19.41,0,2296,300/164
1520530390.103414,1,300,175,34.92,20.86,0,2296,300/175
1520530390.152569,1,300,154,22.25,168.05,1,2323,300/154
1520530390.202569,1,178,125,22.30,164.30,1,2260,178/125
1520530390.252571,1,300,140,22.07,17.43,0,2260,300/140
1520530390.302572,1,300,156,21.80,25.49,0,2260,300/156
1520530390.352574,1,300,150,21.50,149.32,1,2333,300/150
1520530390.402575,1,300,143,21.19,23.05,0,2333,300/143
1520530390.452578,1,159,108,20.92,137.96,1,2227,159/108
1520530390.502578,1,135,109,20.67,13.61,0,2227,135/109
1520530390.553324,1,300,170,31.63,17.56,0,2227,300/170
1520530390.603326,1,184,145,31.46,172.26,1,2189,184/145
1520530390.653327,1,175,139,31.35,15.81,0,2189,175/139
1520530390.703329,1,300,195,31.50,17.12,0,2189,300/195
1520530390.753331,1,300,199,31.44,176.24,1,2211,300/199
1520530390.803333,1,300,215,31.10,19.00,0,2211,300/215
1520530390.853334,1,253,196,30.69,17.38,0,2211,253/196
1520530390.903336,1,300,217,30.08,118.73,1,2185,300/217
1520530390.953379,1,300,232,30.32,15.95,0,2185,300/232
1520530391.003381,1,300,227,29.75,15.13,0,2185,300/227
1520530391.053383,1,300,228,29.48,147.03,1,2185,300/228
1520530391.103384,1,300,231,29.19,17.28,0,2185,300/231
1520530391.153385,1,300,235,29.04,14.79,0,2185,300/235
1520530391.203387,1,300,230,28.83,122.67,1,2167,300/230
1520530391.253388,1,300,234,28.70,16.96,0,2167,300/234
1520530391.303389,1,300,231,28.49,15.34,0,2167,300/231
1520530391.352333,1,300,214,15.68,149.72,1,2200,300/214
1520530391.402366,1,300,203,15.50,22.48,0,2200,300/203
1520530391.452336,1,300,221,15.51,21.41,0,2200,300/221
1520530391.502338,1,300,229,15.25,138.63,1,2231,300/229
1520530391.552339,1,228,193,15.15,16.30,0,2231,228/193
1520530391.602341,1,220,179,14.97,13.41,0,2231,220/179
1520530391.652342,1,296,240,14.78,142.80,1,2290,296/240
1520530391.702344,1,300,239,14.59,16.64,0,2290,300/239
1520530391.752424,1,269,214,15.27,16.72,0,2290,269/214
1520530391.802426,1,300,222,15.12,133.42,1,2344,300/222
1520530391.852427,1,300,233,14.98,17.87,0,2344,300/233
1520530391.902428,1,266,210,14.75,16.28,0,2344,266/210
1520530391.952430,1,229,189,14.67,155.00,1,2357,229/189
1520530392.002431,1,300,225,14.67,17.17,0,2357,300/225
1520530392.052433,1,300,223,14.75,18.42,0,2357,300/223
1520530392.102435,1,300,219,14.86,137.19,1,2443,300/219
1520530392.152436,1,246,199,14.95,20.99,0,2443,246/199
1520530392.203142,1,300,223,22.57,19.68,0,2443,300/223
1520530392.253143,1,300,230,22.74,145.23,1,2535,300/230
1520530392.303145,1,300,231,23.03,21.77,0,2535,300/231
1520530392.353147,1,300,226,23.25,20.77,0,2535,300/226
1520530392.403147,1,300,227,23.36,201.61,1,2609,300/227
1520530392.453150,1,300,221,23.43,20.36,0,2609,300/221
1520530392.503151,1,300,207,23.48,22.05,0,2609,300/207
1520530392.553153,1,300,210,23.59,216.97,1,2598,300/210
1520530392.602235,1,300,175,13.65,25.95,0,2598,300/175
1520530392.652236,1,300,164,13.53,22.55,0,2598,300/164
1520530392.702237,1,300,184,13.60,209.51,1,2610,300/184
1520530392.752239,1,300,188,13.55,43.15,0,2610,300/188
1520530392.802241,1,300,191,13.51,42.29,0,2610,300/191
1520530392.852242,1,282,205,13.47,212.36,1,2686,282/205
1520530392.902243,1,300,218,13.34,27.79,0,2686,300/218
1520530392.952245,1,242,185,13.16,21.89,0,2686,242/185
1520530393.002174,1,300,220,11.97,174.49,1,2774,300/220
1520530393.052154,1,274,203,11.64,16.43,0,2774,274/203
1520530393.102155,1,263,201,11.47,15.60,0,2774,263/201
1520530393.152157,1,269,214,11.31,224.31,1,2809,269/214
1520530393.202159,1,300,232,10.99,17.59,0,2809,300/232
1520530393.252160,1,299,236,10.72,18.82,0,2809,299/236
1520530393.302162,1,300,222,10.64,206.57,1,2842,300/222
1520530393.352164,1,275,216,10.47,17.71,0,2842,275/216
1520530393.402921,1,300,250,17.82,17.30,0,2842,300/250
1520530393.452923,1,300,246,17.77,202.10,1,2912,300/246
1520530393.502924,1,300,240,18.00,17.42,0,2912,300/240
1520530393.552926,1,300,240,18.29,17.69,0,2912,300/240
1520530393.602927,1,300,246,18.87,216.03,1,2937,300/246
1520530393.652929,1,300,237,19.43,16.37,0,2937,300/237
1520530393.702931,1,284,219,19.94,19.61,0,2937,284/219
1520530393.752932,1,300,230,20.05,181.67,1,2975,300/230
1520530393.802958,1,300,239,20.31,19.61,0,2975,300/239
1520530393.852959,1,300,241,20.18,20.88,0,2975,300/241
1520530393.902961,1,300,232,20.22,214.64,1,3006,300/232
1520530393.952963,1,300,220,20.10,15.90,0,3006,300/220
1520530394.002964,1,300,225,20.05,15.12,0,3006,300/225
1520530394.052965,1,300,237,20.02,210.53,1,2982,300/237
1520530394.102968,1,300,228,19.88,16.64,0,2982,300/228
1520530394.152969,1,300,236,19.69,18.02,0,2982,300/236
1520530394.202165,1,239,192,11.30,153.06,1,2966,239/192
1520530394.252167,1,300,223,11.04,17.92,0,2966,300/223
1520530394.302169,1,300,241,10.81,19.67,0,2966,300/241
1520530394.352170,1,300,236,10.62,194.26,1,2996,300/236
1520530394.402172,1,249,214,10.46,15.80,0,2996,249/214
1520530394.452173,1,230,201,10.34,13.77,0,2996,230/201
1520530394.502175,1,222,198,10.32,217.58,1,3027,222/198
1520530394.552176,1,214,185,10.40,13.33,0,3027,214/185
1520530394.602189,1,203,179,10.40,13.18,0,3027,203/179
1520530394.652877,1,265,205,18.50,155.41,1,3009,265/205
1520530394.702878,1,300,236,18.94,16.26,0,3009,300/236
1520530394.752879,1,300,229,19.36,16.62,0,3009,300/229
1520530394.802881,1,300,236,19.82,246.53,1,3026,300/236
1520530394.852882,1,300,242,20.16,16.95,0,3026,300/242
1520530394.902885,1,300,245,20.75,17.33,0,3026,300/245
1520530394.952885,1,290,238,21.17,227.46,1,3010,290/238
1520530395.002887,1,300,240,21.27,16.26,0,3010,300/240
1520530395.053731,1,271,218,32.20,16.32,0,3010,271/218
1520530395.103732,1,300,231,32.52,215.90,1,3016,300/231
1520530395.153734,1,300,222,32.93,16.22,0,3016,300/222
1520530395.203735,1,300,230,33.67,15.82,0,3016,300/230
1520530395.253737,1,300,216,34.48,221.22,1,3004,300/216
1520530395.303738,1,300,215,35.49,16.01,0,3004,300/215
1520530395.353740,1,300,213,36.34,15.90,0,3004,300/213
1520530395.403742,1,282,196,37.16,160.02,1,3000,282/196
1520530395.452705,1,300,209,22.31,15.51,0,3000,300/209
1520530395.502707,1,300,221,22.74,16.98,0,3000,300/221
1520530395.552709,1,300,221,22.99,216.25,1,2972,300/221
1520530395.602710,1,300,214,23.10,19.73,0,2972,300/214
1520530395.652712,1,300,230,23.22,15.88,0,2972,300/230
1520530395.702713,1,300,242,23.19,226.00,1,2919,300/242
1520530395.752715,1,300,227,22.97,15.58,0,2919,300/227
1520530395.802716,1,300,230,22.80,16.12,0,2919,300/230
1520530395.853078,1,300,232,28.30,199.31,1,2852,300/232
1520530395.903079,1,300,236,28.03,16.46,0,2852,300/236
1520530395.953081,1,300,234,27.48,15.14,0,2852,300/234
1520530396.003083,1,300,232,27.02,227.94,1,2823,300/232
1520530396.053084,1,300,234,26.53,15.39,0,2823,300/234
1520530396.103085,1,300,246,25.99,15.45,0,2823,300/246
1520530396.153087,1,300,238,25.40,164.91,1,2852,300/238
1520530396.203089,1,300,233,25.02,17.49,0,2852,300/233
1520530396.253235,1,300,230,26.74,16.24,0,2852,300/230
1520530396.303237,1,300,220,26.45,163.98,1,2804,300/220
1520530396.353238,1,300,225,26.15,17.66,0,2804,300/225
1520530396.403240,1,230,186,25.98,16.33,0,2804,230/186
1520530396.453241,1,300,191,25.91,221.71,1,2727,300/191
1520530396.503243,1,300,185,25.75,17.86,0,2727,300/185
1520530396.553244,1,300,174,25.67,17.73,0,2727,300/174
1520530396.603246,1,300,163,25.61,166.66,1,2684,300/163
1520530396.653248,1,300,156,25.57,22.00,0,2684,300/156
1520530396.703145,1,205,126,24.16,22.58,0,2684,205/126
1520530396.753147,1,300,140,24.12,162.81,1,2656,300/140
1520530396.803148,1,300,143,24.02,19.56,0,2656,300/143
1520530396.853149,1,300,143,23.94,19.46,0,2656,300/143
1520530396.903152,1,300,149,23.75,169.43,1,2602,300/149
1520530396.953152,1,300,134,23.63,19.67,0,2602,300/134
1520530397.003155,1,300,131,23.42,20.04,0,2602,300/131
1520530397.053156,1,300,135,23.23,163.68,1,2498,300/135
1520530397.102782,1,191,104,18.68,19.01,0,2498,191/104
1520530397.152784,1,190,98,18.51,11.24,0,2498,190/98
1520530397.202785,1,300,120,18.54,153.40,1,2395,300/120
1520530397.252787,1,300,149,18.53,20.54,0,2395,300/149
1520530397.302788,1,300,162,18.52,20.12,0,2395,300/162
1520530397.352790,1,300,160,18.50,146.16,1,2382,300/160
1520530397.402791,1,243,160,18.54,16.76,0,2382,243/160
1520530397.452793,1,300,173,18.60,16.38,0,2382,300/173
1520530397.502304,1,300,181,12.93,211.00,1,2358,300/181
1520530397.552306,1,300,194,12.83,25.57,0,2358,300/194
1520530397.602308,1,300,191,12.91,18.57,0,2358,300/191
1520530397.652309,1,272,189,13.00,145.74,1,2345,272/189
1520530397.702310,1,246,169,13.22,19.78,0,2345,246/169
1520530397.752312,1,277,180,13.27,19.32,0,2345,277/180
1520530397.802315,1,178,141,13.61,143.03,1,2307,178/141
1520530397.852315,1,300,172,13.69,14.55,0,2307,300/172
1520530397.902585,1,300,182,17.45,21.58,0,2307,300/182
1520530397.952586,1,300,182,17.53,207.09,1,2303,300/182
1520530398.002588,1,290,169,17.61,26.39,0,2303,290/169
1520530398.052589,1,300,161,17.78,22.72,0,2303,300/161
1520530398.102591,1,300,161,17.90,203.02,1,2292,300/161
1520530398.152592,1,300,175,18.09,23.57,0,2292,300/175
1520530398.202594,1,194,146,18.28,18.92,0,2292,194/146
1520530398.252596,1,300,210,18.58,197.21,1,2362,300/210
1520530398.303365,1,300,215,31.27,21.45,0,2362,300/215
1520530398.353367,1,300,212,31.94,19.09,0,2362,300/212
1520530398.403368,1,240,188,32.49,206.64,1,2375,240/188
1520530398.453370,1,300,227,32.86,14.72,0,2375,300/227
1520530398.503371,1,277,231,32.89,17.30,0,2375,277/231
1520530398.553373,1,300,226,32.65,195.47,1,2368,300/226
1520530398.603375,1,300,229,32.22,16.85,0,2368,300/229
1520530398.653376,1,300,221,31.65,16.70,0,2368,300/221
1520530398.703221,1,300,219,28.56,143.34,1,2416,300/219
1520530398.753223,1,300,206,27.98,18.53,0,2416,300/206
1520530398.803225,1,300,205,27.41,18.75,0,2416,300/205
1520530398.853226,1,300,202,27.07,148.13,1,2433,300/202
1520530398.903227,1,300,204,26.60,19.37,0,2433,300/204
1520530398.953229,1,300,198,26.20,19.05,0,2433,300/198
1520530399.003230,1,300,201,25.73,193.23,1,2450,300/201
1520530399.053232,1,300,213,25.38,20.67,0,2450,300/213
1520530399.103233,1,300,208,24.89,20.25,0,2450,300/208
1520530399.152330,1,170,141,12.95,174.05,1,2438,170/141
1520530399.202332,1,146,132,12.67,14.59,0,2438,146/132
1520530399.252333,1,206,153,12.22,11.18,0,2438,206/153
1520530399.302335,1,207,164,12.10,177.72,1,2418,207/164
1520530399.352336,1,157,132,12.01,14.55,0,2418,157/132
1520530399.402342,1,286,154,11.86,14.65,0,2418,286/154
1520530399.452339,1,300,150,11.87,178.39,1,2405,300/150
1520530399.502341,1,195,121,11.93,22.35,0,2405,195/121
1520530399.553006,1,300,152,20.52,16.07,0,2405,300/152
1520530399.603008,1,225,120,20.76,186.43,1,2398,225/120
1520530399.653009,1,181,109,21.16,22.66,0,2398,181/109
1520530399.703011,1,300,133,21.46,18.27,0,2398,300/133
1520530399.753012,1,300,122,21.72,181.97,1,2373,300/122
1520530399.803014,1,300,129,21.81,32.24,0,2373,300/129
1520530399.853016,1,300,123,21.92,23.13,0,2373,300/123
1520530399.903017,1,300,127,22.01,178.81,1,2371,300/127
1520530399.953275,1,300,130,25.00,31.76,0,2371,300/130
1520530400.003276,1,300,131,24.52,30.00,0,2371,300/131
1520530400.053278,1,300,142,23.90,143.37,1,2398,300/142
1520530400.103279,1,235,128,23.29,33.04,0,2398,235/128
1520530400.153281,1,276,143,22.72,29.50,0,2398,276/143
1520530400.203283,1,177,110,22.28,140.99,1,2375,177/110
1520530400.253284,1,238,128,22.01,18.13,0,2375,238/128
1520530400.303286,1,274,164,21.63,27.17,0,2375,274/164
1520530400.352494,1,193,122,13.36,137.43,1,2365,193/122
1520530400.402496,1,144,104,13.42,23.01,0,2365,144/104
1520530400.452498,1,142,103,13.41,16.55,0,2365,142/103
1520530400.502500,1,136,94,13.40,119.27,1,2338,136/94
1520530400.552501,1,144,112,13.26,14.40,0,2338,144/112
1520530400.602502,1,155,122,13.26,12.97,0,2338,155/122
1520530400.652504,1,300,204,13.09,147.95,1,2413,300/204
1520530400.702505,1,300,221,13.07,27.68,0,2413,300/221
1520530400.752291,1,203,165,10.76,20.96,0,2413,203/165
1520530400.802292,1,250,184,10.70,151.95,1,2449,250/184
1520530400.852294,1,222,181,10.54,19.09,0,2449,222/181
1520530400.902295,1,214,184,10.43,16.68,0,2449,214/184
1520530400.952297,1,199,161,10.36,124.58,1,2457,199/161
1520530401.002299,1,300,212,10.29,17.57,0,2457,300/212
1520530401.052300,1,214,177,10.32,18.31,0,2457,214/177
1520530401.102302,1,300,210,10.03,125.68,1,2515,300/210
1520530401.152303,1,300,183,10.04,27.17,0,2515,300/183
1520530401.202755,1,300,210,14.96,21.81,0,2515,300/210
1520530401.252756,1,300,206,15.18,181.97,1,2604,300/206
1520530401.302758,1,300,217,15.36,22.63,0,2604,300/217
1520530401.352759,1,287,208,15.97,28.42,0,2604,287/208
1520530401.402761,1,278,194,16.49,187.77,1,2686,278/194
1520530401.452763,1,188,147,17.05,22.45,0,2686,188/147
1520530401.502764,1,160,124,17.53,130.93,1,2671,160/124
1520530401.552766,1,213,143,18.11,16.56,0,2671,213/143
1520530401.603037,1,300,210,22.19,21.52,0,2671,300/210
1520530401.653039,1,299,210,22.85,165.92,1,2724,299/210
1520530401.703041,1,286,197,23.38,17.38,0,2724,286/197
1520530401.753042,1,203,163,23.96,15.41,0,2724,203/163
1520530401.803044,1,254,196,24.49,130.59,1,2730,254/196
1520530401.853045,1,300,211,25.02,17.08,0,2730,300/211
1520530401.903047,1,196,168,25.56,16.98,0,2730,196/168
1520530401.953048,1,300,205,25.85,155.69,1,2775,300/205
1520530402.002281,1,173,138,13.76,167.76,1,2714,173/138
1520530402.052283,1,300,187,13.72,14.69,0,2714,300/187
1520530402.102285,1,152,130,13.59,20.91,0,2714,152/130
1520530402.152286,1,300,177,13.38,150.05,1,2811,300/177
1520530402.202287,1,146,120,13.13,152.28,1,2730,146/120
1520530402.252289,1,117,94,13.04,15.11,0,2730,117/94
1520530402.302290,1,133,97,12.72,11.12,0,2730,133/97
1520530402.352292,1,113,84,12.62,149.68,1,2768,113/84
1520530402.402567,1,110,83,16.90,13.13,0,2768,110/83
1520530402.452569,1,168,80,16.84,17.83,0,2768,168/80
1520530402.502570,1,112,56,16.80,158.82,1,2678,112/56
1520530402.552572,1,149,75,16.93,25.72,0,2678,149/75
1520530402.602574,1,300,120,17.02,41.23,0,2678,300/120
1520530402.652672,1,128,67,17.30,224.99,1,2635,128/67
1520530402.702577,1,300,112,17.33,25.63,0,2635,300/112
1520530402.752578,1,185,92,17.37,118.23,0,2635,185/92
1520530402.803416,1,300,140,30.80,155.37,1,2642,300/140
1520530402.853417,1,300,132,30.07,38.46,0,2642,300/132
1520530402.903419,1,300,133,29.02,59.48,0,2642,300/133
1520530402.953420,1,300,143,27.80,145.59,1,2631,300/143
1520530403.003422,1,300,148,26.72,32.02,0,2631,300/148
1520530403.053424,1,300,152,25.74,31.45,0,2631,300/152
1520530403.103425,1,300,158,25.03,176.44,1,2603,300/158
1520530403.153427,1,300,165,24.55,35.22,0,2603,300/165
1520530403.202933,1,193,117,18.88,34.07,0,2603,193/117
1520530403.252935,1,171,113,19.19,125.23,1,2558,171/113
1520530403.302936,1,300,145,19.68,20.92,0,2558,300/145
1520530403.352938,1,209,123,20.14,28.73,0,2558,209/123
1520530403.402940,1,300,152,20.58,149.44,1,2570,300/152
1520530403.452941,1,300,157,21.11,46.66,0,2570,300/157
1520530403.502943,1,300,159,21.56,43.26,0,2570,300/159
1520530403.552945,1,300,174,22.09,194.78,1,2586,300/174
1520530403.602946,1,287,154,22.45,38.29,0,2586,287/154
1520530403.652254,1,161,90,12.15,158.51,1,2561,161/90
1520530403.702256,1,139,99,12.11,23.51,0,2561,139/99
1520530403.752257,1,124,98,11.98,17.17,0,2561,124/98
1520530403.802258,1,120,93,11.88,147.03,1,2558,120/93
1520530403.852261,1,129,94,11.78,12.41,0,2558,129/94
1520530403.902261,1,97,72,11.49,13.63,0,2558,97/72
1520530403.952263,1,90,68,11.38,157.78,1,2514,90/68
1520530404.002264,1,300,136,11.28,16.94,0,2514,300/136
1520530404.052744,1,116,94,19.14,21.67,0,2514,116/94
1520530404.102747,1,104,77,19.09,155.47,1,2482,104/77
1520530404.152748,1,300,151,19.13,15.76,0,2482,300/151
1520530404.202749,1,150,117,19.07,25.11,0,2482,150/117
1520530404.252828,1,143,114,19.23,117.21,1,2455,143/114
1520530404.302752,1,145,127,19.42,12.22,0,2455,145/127
1520530404.352753,1,165,139,19.81,12.35,0,2455,165/139
1520530404.402755,1,155,130,20.10,157.26,1,2459,155/130
1520530404.453112,1,275,197,26.54,13.51,0,2459,275/197
1520530404.503114,1,300,209,26.64,15.81,0,2459,300/209
1520530404.553115,1,300,218,26.74,122.63,1,2509,300/218
1520530404.603117,1,300,229,26.73,18.29,0,2509,300/229
1520530404.653119,1,300,230,26.63,17.57,0,2509,300/230
1520530404.703120,1,300,227,26.57,167.37,1,2560,300/227
1520530404.753122,1,300,230,26.52,18.18,0,2560,300/230
1520530404.803123,1,300,229,26.44,18.44,0,2560,300/229
1520530404.852642,1,228,179,18.61,141.79,1,2503,228/179
1520530404.902643,1,294,202,18.59,17.13,0,2503,294/202
1520530404.952645,1,241,171,18.80,17.95,0,2503,241/171
1520530405.002647,1,300,211,18.90,123.95,1,2504,300/211
1520530405.052648,1,300,197,19.02,20.45,0,2504,300/197
1520530405.102650,1,212,161,19.16,25.18,0,2504,212/161
1520530405.152651,1,174,135,19.29,140.47,1,2473,174/135
1520530405.202653,1,176,148,19.33,14.93,0,2473,176/148
1520530405.252327,1,117,93,13.51,14.82,0,2473,117/93
1520530405.302330,1,126,103,13.34,154.74,1,2380,126/103
1520530405.352331,1,137,96,13.32,15.14,0,2380,137/96
1520530405.402333,1,117,78,13.18,15.74,0,2380,117/78
1520530405.452334,1,143,84,13.11,118.48,1,2274,143/84
1520530405.502335,1,101,55,13.08,21.62,0,2274,101/55
1520530405.552337,1,82,35,12.76,161.47,1,2151,82/35
1520530405.602339,1,133,51,12.49,25.87,0,2151,133/51
1520530405.652792,1,76,39,20.39,48.57,0,2151,76/39
1520530405.702792,1,75,40,19.79,149.39,1,2134,75/40
1520530405.752795,1,70,41,19.23,22.27,0,2134,70/41
1520530405.802797,1,76,45,18.82,14.24,0,2134,76/45
1520530405.852855,1,66,36,18.38,112.77,1,1995,66/36
1520530405.902800,1,300,113,18.05,14.62,0,1995,300/113
1520530405.952801,1,300,126,17.85,79.91,0,1995,300/126
1520530406.002802,1,150,83,17.69,156.66,1,1957,150/83
1520530406.052804,1,98,65,17.68,27.86,0,1957,98/65
1520530406.103570,1,227,121,29.19,16.76,0,1957,227/121
1520530406.153571,1,279,143,29.07,163.08,1,1908,279/143
1520530406.203573,1,289,145,29.05,46.59,0,1908,289/145
1520530406.253574,1,268,145,29.16,32.81,0,1908,268/145
1520530406.303576,1,233,139,29.37,130.89,1,1902,233/139
1520530406.353577,1,250,141,29.65,23.03,0,1902,250/141
1520530406.403578,1,300,168,29.92,31.33,0,1902,300/168
1520530406.453581,1,300,166,30.32,153.20,1,1990,300/166
1520530406.503485,1,300,170,29.50,28.35,0,1990,300/170
1520530406.553487,1,300,166,30.32,32.69,0,1990,300/166
1520530406.603489,1,300,161,31.21,153.72,1,2054,300/161
1520530406.653490,1,300,165,32.31,40.10,0,2054,300/165
1520530406.703492,1,300,152,33.24,47.64,0,2054,300/152
1520530406.753493,1,270,141,34.14,183.00,1,2098,270/141
1520530406.803495,1,158,100,34.87,179.66,1,2087,158/100
1520530406.853497,1,300,117,35.33,37.44,0,2087,300/117
1520530406.902692,1,103,63,20.09,70.75,0,2087,103/63
1520530406.952693,1,298,93,19.99,152.14,1,2036,298/93
1520530407.002694,1,76,46,20.01,227.25,1,2051,76/46
1520530407.052696,1,66,28,19.95,26.54,0,2051,66/28
1520530407.102698,1,63,21,19.81,21.45,0,2051,63/21
1520530407.152699,1,118,30,19.47,129.69,1,1982,118/30
1520530407.202701,1,143,45,19.21,42.66,0,1982,143/45
1520530407.252702,1,238,98,18.63,36.75,0,1982,238/98
1520530407.303185,1,300,127,26.88,142.03,1,2019,300/127
1520530407.353185,1,116,81,26.02,168.95,1,1991,116/81
1520530407.403187,1,95,72,25.25,12.89,0,1991,95/72
1520530407.453221,1,300,155,24.71,14.79,0,1991,300/155
1520530407.503190,1,119,87,24.12,148.17,1,2038,119/87
1520530407.553191,1,242,154,23.82,16.49,0,2038,242/154
1520530407.603193,1,146,124,23.49,16.15,0,2038,146/124
1520530407.653194,1,151,135,23.33,142.62,1,2023,151/135
1520530407.703510,1,286,200,28.01,14.85,0,2023,286/200
1520530407.753511,1,300,202,27.94,16.95,0,2023,300/202
1520530407.803513,1,300,212,27.74,117.73,1,2006,300/212
1520530407.853514,1,300,198,27.48,20.85,0,2006,300/198
1520530407.903516,1,300,198,27.23,23.13,0,2006,300/198
1520530407.953518,1,278,200,26.85,133.96,1,2085,278/200
1520530408.003519,1,300,215,26.27,19.09,0,2085,300/215
1520530408.053521,1,300,218,25.63,19.80,0,2085,300/218
1520530408.103522,1,259,193,25.03,125.63,1,2151,259/193
1520530408.153603,1,300,210,25.46,18.25,0,2151,300/210
1520530408.203605,1,210,171,24.89,17.90,0,2151,210/171
1520530408.253606,1,209,178,24.43,123.81,1,2179,209/178
1520530408.303608,1,300,228,24.01,14.29,0,2179,300/228
1520530408.353609,1,300,238,23.64,16.14,0,2179,300/238
1520530408.403612,1,300,243,23.34,111.14,1,2237,300/243
1520530408.453613,1,300,246,23.09,18.17,0,2237,300/246
1520530408.503614,1,300,248,22.80,14.83,0,2237,300/248
1520530408.553374,1,300,254,19.96,113.73,1,2272,300/254
1520530408.603376,1,300,239,19.81,15.12,0,2272,300/239
1520530408.653377,1,300,245,19.71,14.89,0,2272,300/245
1520530408.703379,1,300,252,19.69,114.81,1,2255,300/252
1520530408.753380,1,300,246,19.65,14.91,0,2255,300/246
1520530408.803382,1,300,255,19.76,13.93,0,2255,300/255
1520530408.853383,1,300,244,19.74,113.86,1,2240,300/244
1520530408.903385,1,300,244,19.70,15.25,0,2240,300/244
1520530408.952878,1,300,232,14.31,17.65,0,2240,300/232
1520530409.002880,1,300,229,14.32,130.93,1,2265,300/229
1520530409.052890,1,300,233,14.31,20.13,0,2265,300/233
1520530409.102883,1,300,211,14.31,22.00,0,2265,300/211
1520530409.152884,1,300,204,14.42,120.11,1,2245,300/204
1520530409.202886,1,300,195,14.61,21.76,0,2245,300/195
1520530409.252887,1,300,178,14.64,27.09,0,2245,300/178
1520530409.302889,1,300,202,14.94,175.02,1,2322,300/202
1520530409.352902,1,180,140,15.32,24.27,0,2322,180/140
1520530409.402904,1,151,114,15.46,119.86,1,2321,151/114
1520530409.452906,1,126,99,15.61,14.33,0,2321,126/99
1520530409.502907,1,127,106,15.90,12.35,0,2321,127/106
1520530409.552909,1,300,200,16.19,138.21,1,2455,300/200
1520530409.602910,1,300,224,16.58,26.91,0,2455,300/224
1520530409.652912,1,300,224,17.02,22.37,0,2455,300/224
1520530409.702913,1,300,212,17.45,179.48,1,2532,300/212
1520530409.752654,1,300,203,14.06,22.33,0,2532,300/203
1520530409.802656,1,300,201,14.39,22.43,0,2532,300/201
1520530409.852657,1,242,166,14.54,136.20,1,2575,242/166
1520530409.902659,1,189,145,14.54,16.35,0,2575,189/145
1520530409.952660,1,196,147,14.24,14.80,0,2575,196/147
1520530410.002662,1,186,145,14.12,161.12,1,2633,186/145
1520530410.052664,1,167,133,14.08,13.65,0,2633,167/133
1520530410.102666,1,156,128,14.05,12.35,0,2633,156/128
1520530410.153222,1,156,122,22.62,141.27,1,2649,156/122
1520530410.203225,1,227,161,22.47,15.15,0,2649,227/161
1520530410.253226,1,300,181,22.35,17.13,0,2649,300/181
1520530410.303227,1,177,142,22.17,139.88,1,2651,177/142
1520530410.353231,1,172,131,21.98,14.33,0,2651,172/131
1520530410.403230,1,142,110,21.95,14.98,0,2651,142/110
1520530410.453231,1,146,110,21.99,145.64,1,2577,146/110
1520530410.503232,1,232,142,22.10,14.92,0,2577,232/142
1520530410.553234,1,171,124,22.38,20.63,0,2577,171/124
1520530410.603875,1,300,183,32.50,132.84,1,2594,300/183
1520530410.653876,1,300,171,33.03,22.22,0,2594,300/171
1520530410.703878,1,300,174,33.57,22.66,0,2594,300/174
1520530410.753879,1,300,170,33.91,136.80,1,2473,300/170
1520530410.803881,1,300,178,34.21,22.45,0,2473,300/178
1520530410.853882,1,300,188,34.52,21.87,0,2473,300/188
1520530410.903884,1,300,183,34.89,139.59,1,2465,300/183
1520530410.953885,1,300,189,35.08,22.77,0,2465,300/189
1520530411.003418,1,300,173,27.63,22.50,0,2465,300/173
1520530411.053420,1,300,189,27.62,144.86,1,2535,300/189
1520530411.103421,1,300,181,27.52,23.60,0,2535,300/181
1520530411.153423,1,300,192,27.36,19.55,0,2535,300/192
1520530411.203424,1,300,200,27.16,138.84,1,2552,300/200
1520530411.253426,1,300,199,26.96,18.87,0,2552,300/199
1520530411.303427,1,300,205,26.66,18.25,0,2552,300/205
1520530411.353429,1,300,207,26.42,157.49,1,2630,300/207
1520530411.403009,1,300,197,19.70,18.63,0,2630,300/197
1520530411.453010,1,202,167,19.55,16.93,0,2630,202/167
1520530411.503012,1,278,189,19.45,135.78,1,2545,278/189
1520530411.553013,1,191,157,19.34,16.52,0,2545,191/157
1520530411.603015,1,204,167,19.30,12.18,0,2545,204/167
1520530411.653017,1,194,165,19.21,178.56,1,2589,194/165
1520530411.703018,1,181,158,18.97,11.84,0,2589,181/158
1520530411.753020,1,300,206,18.63,13.51,0,2589,300/206
1520530411.802906,1,300,199,16.69,206.18,1,2639,300/199
1520530411.852907,1,196,152,16.40,19.06,0,2639,196/152
1520530411.902908,1,300,179,16.19,17.13,0,2639,300/179
1520530411.952911,1,149,127,15.88,211.61,1,2626,149/127
1520530412.002912,1,174,125,15.43,14.62,0,2626,174/125
1520530412.052913,1,132,102,15.17,13.78,0,2626,132/102
1520530412.102915,1,128,107,15.12,139.50,1,2529,128/107
1520530412.152916,1,300,171,14.90,16.36,0,2529,300/171
1520530412.203416,1,160,129,21.66,25.86,0,2529,160/129
1520530412.253417,1,300,163,21.68,180.31,1,2506,300/163
1520530412.303419,1,300,166,21.58,22.58,0,2506,300/166
1520530412.353420,1,210,153,21.34,19.18,0,2506,210/153
1520530412.403422,1,300,179,21.14,176.48,1,2494,300/179
1520530412.453423,1,254,167,20.64,19.04,0,2494,254/167
1520530412.503425,1,216,164,20.08,17.40,0,2494,216/164
1520530412.553426,1,205,164,19.64,180.97,1,2490,205/164
1520530412.603428,1,300,206,19.26,16.80,0,2490,300/206
1520530412.653630,1,300,225,21.34,16.50,0,2490,300/225
1520530412.703631,1,300,227,21.28,147.09,1,2409,300/227
1520530412.753633,1,271,213,21.31,19.45,0,2409,271/213
1520530412.803634,1,300,209,21.42,18.64,0,2409,300/209
1520530412.853636,1,226,187,21.49,172.46,1,2381,226/187
1520530412.903637,1,208,166,21.44,15.92,0,2381,208/166
1520530412.953639,1,300,218,21.41,14.48,0,2381,300/218
1520530413.003641,1,300,224,21.40,134.03,1,2434,300/224
1520530413.053009,1,264,185,14.67,26.64,0,2434,264/185
1520530413.103011,1,279,198,14.89,24.18,0,2434,279/198
1520530413.153012,1,161,128,15.23,163.18,1,2398,161/128
1520530413.203014,1,300,202,15.56,18.62,0,2398,300/202
1520530413.253016,1,300,195,16.07,34.49,0,2398,300/195
1520530413.303017,1,300,200,16.42,184.52,1,2451,300/200
1520530413.353019,1,186,148,16.73,24.41,0,2451,186/148
1520530413.403021,1,285,204,17.11,16.73,0,2451,285/204
1520530413.452940,1,256,185,16.12,154.96,1,2440,256/185
1520530413.502941,1,300,213,16.53,19.69,0,2440,300/213
1520530413.552943,1,300,211,16.72,19.58,0,2440,300/211
1520530413.602944,1,215,173,16.79,185.16,1,2476,215/173
1520530413.652946,1,183,151,16.70,14.09,0,2476,183/151
1520530413.702947,1,194,151,16.45,12.03,0,2476,194/151
1520530413.752949,1,300,199,16.41,177.63,1,2440,300/199
1520530413.802951,1,221,175,16.50,17.39,0,2440,221/175
1520530413.853107,1,300,208,18.91,15.31,0,2440,300/208
1520530413.903189,1,254,198,18.87,148.03,1,2397,254/198
1520530413.953110,1,200,162,18.80,15.60,0,2397,200/162
1520530414.003112,1,216,173,18.66,12.58,0,2397,216/173
1520530414.053113,1,199,166,18.42,124.90,1,2368,199/166
1520530414.103115,1,182,144,18.37,13.96,0,2368,182/144
1520530414.153116,1,192,148,18.25,12.96,0,2368,192/148
1520530414.203118,1,300,200,18.08,174.61,1,2418,300/200
1520530414.252894,1,186,142,15.07,19.83,0,2418,186/142
1520530414.302895,1,178,148,14.95,158.60,1,2418,178/148
1520530414.352898,1,198,151,14.87,13.03,0,2418,198/151
1520530414.402899,1,300,196,14.74,14.73,0,2418,300/196
1520530414.452900,1,300,204,14.64,178.99,1,2507,300/204
1520530414.502902,1,300,223,14.31,17.50,0,2507,300/223
1520530414.552903,1,300,213,14.14,18.16,0,2507,300/213
1520530414.602905,1,300,208,13.95,173.09,1,2539,300/208
1520530414.652705,1,187,144,11.17,17.38,0,2539,187/144
1520530414.702707,1,300,200,11.07,14.51,0,2539,300/200
1520530414.752708,1,300,212,10.90,167.48,1,2617,300/212
1520530414.802710,1,217,170,10.89,19.51,0,2617,217/170
1520530414.852712,1,208,167,10.89,14.30,0,2617,208/167
1520530414.902714,1,300,203,10.92,135.44,1,2622,300/203
1520530414.952715,1,300,197,10.96,21.61,0,2622,300/197
1520530415.002717,1,242,171,10.95,19.46,0,2622,242/171
1520530415.052718,1,264,181,11.08,138.53,1,2624,264/181
1520530415.103195,1,300,173,16.87,21.17,0,2624,300/173
1520530415.153197,1,300,177,16.94,19.95,0,2624,300/177
1520530415.203199,1,300,185,17.16,144.95,1,2649,300/185
1520530415.253200,1,300,164,17.20,19.30,0,2649,300/164
1520530415.303202,1,300,174,17.31,19.29,0,2649,300/174
1520530415.353203,1,300,171,17.51,178.39,1,2617,300/171
1520530415.403205,1,300,170,17.50,17.95,0,2617,300/170
1520530415.453206,1,300,175,17.59,18.45,0,2617,300/175
1520530415.503115,1,300,163,15.85,186.71,1,2565,300/163
1520530415.553069,1,300,167,15.81,17.86,0,2565,300/167
1520530415.603071,1,300,159,15.91,18.97,0,2565,300/159
1520530415.653072,1,300,156,15.85,138.69,1,2463,300/156
1520530415.703074,1,300,144,15.91,18.83,0,2463,300/144
1520530415.753075,1,300,132,15.86,17.21,0,2463,300/132
1520530415.803077,1,300,139,15.72,159.57,1,2475,300/139
1520530415.853079,1,223,119,15.74,17.61,0,2475,223/119
1520530415.903361,1,300,139,19.27,14.66,0,2475,300/139
1520530415.953363,1,300,131,19.21,156.89,1,2430,300/131
1520530416.003364,1,228,119,19.11,17.59,0,2430,228/119
1520530416.053366,1,300,142,19.03,14.80,0,2430,300/142
1520530416.103368,1,300,134,18.95,196.82,1,2421,300/134
1520530416.153369,1,300,134,18.97,17.06,0,2421,300/134
1520530416.203371,1,255,118,18.97,15.71,0,2421,255/118
1520530416.253372,1,300,137,18.99,183.51,1,2422,300/137
1520530416.303375,1,300,134,19.04,15.31,0,2422,300/134
1520530416.353376,1,300,133,19.04,15.90,0,2422,300/133
1520530416.403378,1,300,138,19.06,141.85,1,2467,300/138
1520530416.453380,1,266,141,19.20,15.22,0,2467,266/141
1520530416.503381,1,300,146,19.25,14.79,0,2467,300/146
1520530416.553383,1,300,134,19.28,161.62,1,2395,300/134
1520530416.603384,1,300,144,19.24,17.18,0,2395,300/144
1520530416.653386,1,300,152,19.29,19.53,0,2395,300/152
1520530416.703272,1,300,170,17.90,188.47,1,2380,300/170
1520530416.753274,1,300,169,17.90,17.95,0,2380,300/169
1520530416.803277,1,300,173,17.94,16.87,0,2380,300/173
1520530416.853277,1,300,188,17.97,146.86,1,2394,300/188
1520530416.903278,1,300,180,17.96,16.95,0,2394,300/180
1520530416.953280,1,216,163,18.06,16.51,0,2394,216/163
1520530417.003283,1,300,196,18.13,142.22,1,2353,300/196
1520530417.053283,1,300,196,18.45,18.29,0,2353,300/196
1520530417.103391,1,300,208,19.83,17.61,0,2353,300/208
1520530417.153371,1,300,212,20.05,145.55,1,2382,300/212
1520530417.203373,1,300,219,20.32,15.50,0,2382,300/219
1520530417.253374,1,300,212,20.64,14.47,0,2382,300/212
1520530417.303376,1,300,208,20.71,200.96,1,2250,300/208
1520530417.353378,1,300,208,20.82,14.68,0,2250,300/208
1520530417.403379,1,300,215,20.82,14.14,0,2250,300/215
1520530417.453381,1,300,212,20.75,202.28,1,2152,300/212
1520530417.503382,1,300,211,20.74,13.74,0,2152,300/211
1520530417.553464,1,300,221,21.87,13.22,0,2152,300/221
1520530417.603466,1,300,226,21.74,153.63,1,2088,300/226
1520530417.653467,1,300,227,21.51,17.13,0,2088,300/227
1520530417.703468,1,300,228,21.35,14.90,0,2088,300/228
1520530417.753470,1,300,225,21.12,210.85,1,2074,300/225
1520530417.803472,1,300,210,21.00,14.90,0,2074,300/210
1520530417.853473,1,300,219,20.87,18.03,0,2074,300/219
1520530417.903476,1,300,211,20.64,144.43,1,2030,300/211
1520530417.953456,1,300,221,20.12,15.86,0,2030,300/221
1520530418.003458,1,300,216,20.10,16.63,0,2030,300/216
1520530418.053458,1,300,211,19.97,141.69,1,2008,300/211
1520530418.103461,1,300,210,19.76,17.02,0,2008,300/210
1520530418.153462,1,300,212,19.69,16.92,0,2008,300/212
1520530418.203465,1,300,199,19.63,142.77,1,2006,300/199
1520530418.253466,1,217,165,19.57,17.09,0,2006,217/165
1520530418.303468,1,300,188,19.42,13.29,0,2006,300/188
1520530418.353431,1,222,170,19.04,218.11,1,1947,222/170
1520530418.403432,1,300,185,19.02,14.19,0,1947,300/185
1520530418.453434,1,300,193,19.02,15.68,0,1947,300/193
1520530418.503435,1,300,193,19.00,239.06,1,1979,300/193
1520530418.553437,1,300,189,19.02,16.11,0,1979,300/189
1520530418.603439,1,300,195,18.95,16.81,0,1979,300/195
1520530418.653440,1,300,193,18.97,245.68,1,1942,300/193
1520530418.703442,1,300,197,18.94,18.93,0,1942,300/197
1520530418.753343,1,300,185,17.67,18.67,0,1942,300/185
1520530418.803345,1,234,172,17.64,207.70,1,1902,234/172
1520530418.853346,1,300,190,17.63,14.26,0,1902,300/190
1520530418.903348,1,242,184,17.52,17.89,0,1902,242/184
1520530418.953350,1,212,181,17.62,152.79,1,1838,212/181
1520530419.003351,1,188,167,17.56,13.86,0,1838,188/167
1520530419.053353,1,188,163,17.61,12.34,0,1838,188/163
1520530419.103354,1,187,159,17.75,174.23,1,1787,187/159
1520530419.153533,1,195,161,20.20,13.01,0,1787,195/161
1520530419.203534,1,300,208,20.45,15.83,0,1787,300/208
1520530419.253536,1,223,175,20.60,175.19,1,1781,223/175
1520530419.303537,1,300,208,20.73,14.51,0,1781,300/208
1520530419.353539,1,300,210,20.83,16.29,0,1781,300/210
1520530419.403541,1,265,204,20.75,153.01,1,1756,265/204
1520530419.453542,1,300,214,20.75,15.64,0,1756,300/214
1520530419.503544,1,300,214,20.63,15.73,0,1756,300/214
1520530419.553545,1,300,207,20.69,153.89,1,1768,300/207
1520530419.603729,1,300,222,22.96,16.00,0,1768,300/222
1520530419.653731,1,300,218,22.89,13.56,0,1768,300/218
1520530419.703733,1,300,234,22.79,180.61,1,1784,300/234
1520530419.753734,1,300,226,22.85,14.96,0,1784,300/226
1520530419.803736,1,300,231,22.94,16.16,0,1784,300/231
1520530419.853739,1,300,240,22.67,120.09,1,1794,300/240
1520530419.903739,1,300,242,22.47,14.59,0,1794,300/242
1520530419.953740,1,300,234,22.21,15.66,0,1794,300/234
1520530420.003597,1,300,232,20.15,117.56,1,1813,300/232
1520530420.053598,1,300,236,19.92,18.96,0,1813,300/236
1520530420.103600,1,300,229,19.65,17.84,0,1813,300/229
1520530420.153602,1,210,181,19.42,189.24,1,1818,210/181
1520530420.203604,1,185,157,19.39,13.77,0,1818,185/157
1520530420.253605,1,300,195,19.42,14.36,0,1818,300/195
1520530420.303607,1,300,197,19.49,145.96,1,1845,300/197
1520530420.353608,1,260,193,19.59,18.91,0,1845,260/193
1520530420.403699,1,300,198,20.69,17.08,0,1845,300/198
1520530420.453700,1,300,201,20.80,127.83,1,1864,300/201
1520530420.503702,1,300,204,20.80,18.00,0,1864,300/204
1520530420.553704,1,300,205,20.73,16.33,0,1864,300/205
1520530420.603705,1,300,197,20.81,138.87,1,1882,300/197
1520530420.653707,1,300,187,20.81,16.09,0,1882,300/187
1520530420.703708,1,300,185,20.80,15.37,0,1882,300/185
1520530420.753710,1,300,186,20.83,138.62,1,1890,300/186
1520530420.803356,1,300,189,16.57,18.30,0,1890,300/189
1520530420.853358,1,300,187,16.61,19.02,0,1890,300/187
1520530420.903359,1,300,180,16.45,159.98,1,1871,300/180
1520530420.953361,1,227,171,16.39,18.26,0,1871,227/171
1520530421.003363,1,209,168,16.29,15.31,0,1871,209/168
1520530421.053364,1,300,196,16.09,171.74,1,1866,300/196
1520530421.103366,1,272,196,15.84,17.30,0,1866,272/196
1520530421.153367,1,206,181,15.72,16.77,0,1866,206/181
1520530421.203429,1,202,186,16.26,143.50,1,1834,202/186
1520530421.253431,1,199,177,16.20,12.35,0,1834,199/177
1520530421.303432,1,177,155,16.17,12.43,0,1834,177/155
1520530421.353434,1,188,162,16.12,163.45,1,1781,188/162
1520530421.403435,1,186,156,16.33,17.52,0,1781,186/156
1520530421.453437,1,195,167,16.47,14.08,0,1781,195/167
1520530421.503439,1,300,213,16.68,124.32,1,1831,300/213
1520530421.553440,1,300,228,16.96,21.97,0,1831,300/228
1520530421.603611,1,300,235,19.10,22.79,0,1831,300/235
1520530421.653613,1,300,239,19.20,172.55,1,1915,300/239
1520530421.703614,1,240,204,19.35,15.51,0,1915,240/204
1520530421.753616,1,300,226,19.29,14.18,0,1915,300/226
1520530421.803617,1,300,224,19.22,177.18,1,1959,300/224
1520530421.853618,1,300,222,19.13,16.51,0,1959,300/222
1520530421.903620,1,300,225,19.07,14.46,0,1959,300/225
1520530421.953693,1,300,232,18.94,150.57,1,1981,300/232
1520530422.003623,1,300,235,18.72,17.52,0,1981,300/235
1520530422.053472,1,300,230,16.87,17.36,0,1981,300/230
1520530422.103474,1,300,237,16.69,186.60,1,2034,300/237
1520530422.153476,1,242,192,16.52,17.53,0,2034,242/192
1520530422.203477,1,300,224,16.43,18.81,0,2034,300/224
1520530422.253479,1,234,190,16.18,190.69,1,2059,234/190
1520530422.303480,1,284,230,16.04,16.58,0,2059,284/230
1520530422.353482,1,300,211,15.91,18.77,0,2059,300/211
1520530422.403483,1,300,231,15.65,145.49,1,2126,300/231
1520530422.453394,1,300,221,14.68,17.81,0,2126,300/221
1520530422.503396,1,253,203,14.50,15.77,0,2126,253/203
1520530422.553397,1,300,242,14.56,140.29,1,2220,300/242
1520530422.603400,1,258,220,14.65,18.81,0,2220,258/220
1520530422.653401,1,300,221,14.82,15.33,0,2220,300/221
1520530422.703403,1,300,234,14.84,192.40,1,2269,300/234
1520530422.753404,1,300,243,15.04,15.73,0,2269,300/243
1520530422.803406,1,300,245,15.12,16.95,0,2269,300/245
1520530422.853580,1,300,234,17.11,190.61,1,2308,300/234
1520530422.903583,1,300,237,17.13,16.09,0,2308,300/237
1520530422.953585,1,272,220,17.13,19.59,0,2308,272/220
1520530423.003587,1,300,239,16.98,230.61,1,2345,300/239
1520530423.053587,1,266,214,16.97,14.93,0,2345,266/214
1520530423.103590,1,300,231,16.96,15.99,0,2345,300/231
1520530423.153590,1,300,228,17.04,193.72,1,2381,300/228
1520530423.203592,1,227,184,17.23,19.11,0,2381,227/184
1520530423.253316,1,197,168,14.36,16.76,0,2381,197/168
1520530423.303317,1,300,198,14.46,189.53,1,2424,300/198
1520530423.353319,1,300,211,14.62,26.20,0,2424,300/211
1520530423.403322,1,300,221,14.77,24.10,0,2424,300/221
1520530423.453322,1,300,189,14.86,188.29,1,2456,300/189
1520530423.503324,1,300,203,14.84,28.33,0,2456,300/203
1520530423.553359,1,300,209,14.86,18.25,0,2456,300/209
1520530423.603327,1,277,192,14.80,181.19,1,2481,277/192
1520530423.652983,1,268,185,11.04,22.08,0,2481,268/185
1520530423.702985,1,203,154,10.93,21.05,0,2481,203/154
1520530423.752986,1,252,191,10.66,135.71,1,2533,252/191
1520530423.802988,1,219,179,10.50,20.11,0,2533,219/179
1520530423.852990,1,300,210,10.28,16.65,0,2533,300/210
1520530423.902991,1,268,202,10.07,178.68,1,2578,268/202
1520530423.952993,1,244,197,9.92,15.86,0,2578,244/197
1520530424.002995,1,300,225,9.88,16.63,0,2578,300/225
1520530424.052950,1,178,142,9.47,181.61,1,2572,178/142
1520530424.103253,1,156,128,12.97,13.62,0,2572,156/128
1520530424.153255,1,137,114,13.05,12.25,0,2572,137/114
1520530424.203257,1,145,118,13.12,159.13,1,2542,145/118
1520530424.253258,1,300,167,13.17,14.27,0,2542,300/167
1520530424.303260,1,249,168,13.20,15.97,0,2542,249/168
1520530424.353261,1,300,202,13.21,204.15,1,2582,300/202
1520530424.403263,1,253,192,13.30,18.31,0,2582,253/192
1520530424.453264,1,300,214,13.13,16.88,0,2582,300/214
1520530424.504722,1,300,228,29.75,187.74,1,2614,300/228
1520530424.554724,1,300,232,29.71,17.99,0,2614,300/232
1520530424.604726,1,300,241,29.74,15.03,0,2614,300/241
1520530424.654727,1,300,239,29.77,139.14,1,2654,300/239
1520530424.704729,1,300,230,29.85,15.77,0,2654,300/230
1520530424.754730,1,300,248,29.89,13.71,0,2654,300/248
1520530424.804732,1,300,247,29.98,189.89,1,2674,300/247
1520530424.854733,1,300,235,30.10,15.24,0,2674,300/235
1520530424.903374,1,300,226,15.06,18.10,0,2674,300/226
1520530424.953377,1,228,189,15.07,192.95,1,2700,228/189
1520530425.003378,1,245,195,14.91,13.35,0,2700,245/195
1520530425.053379,1,300,209,14.93,13.63,0,2700,300/209
1520530425.103381,1,300,207,14.96,162.15,1,2719,300/207
1520530425.153383,1,298,208,15.01,17.21,0,2719,298/208
1520530425.203384,1,300,197,15.00,16.46,0,2719,300/197
1520530425.253385,1,300,202,14.95,166.25,1,2712,300/202
1520530425.303732,1,300,192,19.04,16.85,0,2712,300/192
1520530425.353734,1,300,197,19.03,15.27,0,2712,300/197
1520530425.403735,1,300,201,19.06,217.44,1,2717,300/201
1520530425.453737,1,300,197,19.20,15.48,0,2717,300/197
1520530425.503738,1,300,193,19.10,14.42,0,2717,300/193
1520530425.553740,1,300,191,19.17,170.87,1,2708,300/191
1520530425.603741,1,300,199,19.26,16.01,0,2708,300/199
1520530425.653743,1,273,194,19.33,16.08,0,2708,273/194
1520530425.703675,1,300,220,18.82,204.36,1,2649,300/220
1520530425.753677,1,247,198,19.14,15.96,0,2649,247/198
1520530425.803679,1,286,209,19.48,13.51,0,2649,286/209
1520530425.853680,1,300,216,20.07,164.45,1,2633,300/216
1520530425.903682,1,300,217,20.45,16.70,0,2633,300/217
1520530425.953682,1,300,219,20.75,14.67,0,2633,300/219
1520530426.003685,1,300,207,20.97,169.38,1,2637,300/207
1520530426.053685,1,300,210,20.88,14.68,0,2637,300/210
1520530426.103474,1,300,217,17.74,14.84,0,2637,300/217
1520530426.153475,1,300,220,17.40,213.19,1,2623,300/220
1520530426.203478,1,300,224,16.98,16.12,0,2623,300/224
1520530426.253478,1,300,227,16.61,15.41,0,2623,300/227
1520530426.303480,1,300,209,16.39,209.97,1,2582,300/209
1520530426.353482,1,300,188,16.25,16.94,0,2582,300/188
1520530426.403483,1,300,179,16.18,17.21,0,2582,300/179
1520530426.453484,1,218,140,16.08,260.52,1,2551,218/140
1520530426.503486,1,243,132,16.09,13.46,0,2551,243/132
1520530426.553551,1,300,146,16.69,14.84,0,2551,300/146
1520530426.603553,1,300,155,16.71,233.92,1,2479,300/155
1520530426.653554,1,300,171,16.72,15.65,0,2479,300/171
1520530426.703556,1,300,159,16.98,15.93,0,2479,300/159
1520530426.753558,1,300,184,17.01,176.25,1,2417,300/184
1520530426.803559,1,300,190,17.20,17.26,0,2417,300/190
1520530426.853560,1,300,196,17.37,15.13,0,2417,300/196
1520530426.903562,1,300,207,17.76,171.28,1,2404,300/207
1520530426.953598,1,300,204,18.58,17.17,0,2404,300/204
1520530427.003600,1,300,194,19.00,16.20,0,2404,300/194
1520530427.053602,1,257,175,19.22,167.29,1,2390,257/175
1520530427.103602,1,300,196,19.57,14.35,0,2390,300/196
1520530427.153605,1,300,186,19.82,16.00,0,2390,300/186
1520530427.203605,1,300,199,20.03,198.90,1,2416,300/199
1520530427.253608,1,300,209,20.36,15.87,0,2416,300/209
1520530427.303609,1,300,218,20.52,14.37,0,2416,300/218
1520530427.353592,1,300,219,20.34,148.51,1,2413,300/219
1520530427.403594,1,300,223,20.49,15.90,0,2413,300/223
1520530427.453595,1,300,221,20.62,15.03,0,2413,300/221
1520530427.503597,1,300,219,20.77,230.55,1,2366,300/219
1520530427.553598,1,300,225,20.75,14.85,0,2366,300/225
1520530427.603601,1,300,218,20.79,15.20,0,2366,300/218
1520530427.653601,1,300,222,20.72,239.75,1,2295,300/222
1520530427.703604,1,300,225,20.61,15.12,0,2295,300/225
1520530427.753678,1,300,239,21.63,15.61,0,2295,300/239
1520530427.803679,1,300,234,21.49,161.76,1,2240,300/234
1520530427.853681,1,300,242,21.37,14.65,0,2240,300/242
1520530427.903682,1,300,234,21.28,15.28,0,2240,300/234
1520530427.953684,1,300,222,20.98,196.73,1,2182,300/222
1520530428.003686,1,300,210,20.57,18.96,0,2182,300/210
1520530428.053687,1,300,189,20.19,21.79,0,2182,300/189
1520530428.103692,1,192,140,19.44,187.35,1,2139,192/140
1520530428.153535,1,156,126,17.01,13.48,0,2139,156/126
1520530428.203537,1,300,161,16.56,13.03,0,2139,300/161
1520530428.253538,1,300,159,16.36,184.15,1,2194,300/159
1520530428.303540,1,300,141,16.18,18.76,0,2194,300/141
1520530428.353542,1,300,136,16.14,19.69,0,2194,300/136
1520530428.403618,1,300,133,16.18,192.39,1,2246,300/133
1520530428.453544,1,191,91,16.17,20.22,0,2246,191/91
1520530428.503546,1,247,107,16.27,19.45,0,2246,247/107
1520530428.553451,1,300,148,14.97,192.91,1,2252,300/148
1520530428.603452,1,300,152,14.99,26.74,0,2252,300/152
1520530428.653454,1,300,152,15.02,40.57,0,2252,300/152
1520530428.703455,1,300,148,15.23,186.61,1,2210,300/148
1520530428.753457,1,300,139,15.53,44.06,0,2210,300/139
1520530428.803458,1,300,139,15.90,33.26,0,2210,300/139
1520530428.853460,1,300,134,16.25,199.84,1,2179,300/134
1520530428.903461,1,300,146,16.67,36.34,0,2179,300/146
1520530428.953463,1,300,153,17.26,43.71,0,2179,300/153
1520530429.003444,1,126,95,17.40,180.84,1,2153,126/95
1520530429.053445,1,300,148,17.91,17.15,0,2153,300/148
1520530429.103447,1,126,89,18.33,39.22,0,2153,126/89
1520530429.153448,1,118,80,18.91,151.91,1,2123,118/80
1520530429.203450,1,101,69,19.10,15.72,0,2123,101/69
1520530429.253451,1,300,136,19.43,14.84,0,2123,300/136
1520530429.303453,1,264,114,19.65,166.45,1,2116,264/114
1520530429.353455,1,149,64,19.69,165.95,1,2099,149/64
1520530429.403551,1,300,128,21.26,24.57,0,2099,300/128
1520530429.453553,1,118,81,21.07,91.48,0,2099,118/81
1520530429.503555,1,300,138,20.93,177.87,1,2231,300/138
1520530429.553556,1,125,95,20.88,194.81,1,2199,125/95
1520530429.603558,1,300,168,20.56,15.43,0,2199,300/168
1520530429.653558,1,222,146,20.34,29.55,0,2199,222/146
1520530429.703560,1,188,124,20.24,124.02,1,2265,188/124
1520530429.753561,1,245,162,20.17,16.45,0,2265,245/162
1520530429.803622,1,300,206,20.99,18.40,0,2265,300/206
1520530429.853626,1,300,191,20.97,134.24,1,2336,300/191
1520530429.903625,1,300,211,20.93,17.58,0,2336,300/211
1520530429.953626,1,209,190,20.82,15.66,0,2336,209/190
1520530430.003663,1,300,224,20.70,133.84,1,2379,300/224
1520530430.053629,1,234,198,20.58,15.50,0,2379,234/198
1520530430.103631,1,215,181,20.26,13.99,0,2379,215/181
1520530430.153632,1,281,184,19.87,124.12,1,2363,281/184
1520530430.203344,1,204,152,15.30,16.94,0,2363,204/152
1520530430.253346,1,231,164,14.92,15.21,0,2363,231/164
1520530430.303347,1,181,144,14.52,130.07,1,2279,181/144
1520530430.353349,1,155,135,14.12,15.35,0,2279,155/135
1520530430.403350,1,300,194,13.59,15.38,0,2279,300/194
1520530430.453352,1,181,136,13.07,124.91,1,2360,181/136
1520530430.503353,1,157,128,12.85,14.80,0,2360,157/128
1520530430.553355,1,166,139,12.35,12.33,0,2360,166/139
1520530430.603527,1,300,215,14.01,125.07,1,2428,300/215
1520530430.653528,1,214,169,13.73,17.60,0,2428,214/169
1520530430.703530,1,198,172,13.57,12.71,0,2428,198/172
1520530430.753532,1,300,222,13.50,126.96,1,2503,300/222
1520530430.803533,1,300,222,13.41,18.77,0,2503,300/222
1520530430.853534,1,300,221,13.42,16.02,0,2503,300/221
1520530430.903536,1,300,212,13.46,136.65,1,2536,300/212
1520530430.953538,1,300,208,13.65,20.19,0,2536,300/208
1520530431.003696,1,231,172,15.39,18.03,0,2536,231/172
1520530431.053698,1,300,188,15.43,194.07,1,2569,300/188
1520530431.103700,1,210,151,15.51,22.94,0,2569,210/151
1520530431.153701,1,300,159,15.63,18.90,0,2569,300/159
1520530431.203703,1,300,141,15.98,189.78,1,2450,300/141
1520530431.253704,1,274,124,16.30,45.65,0,2450,274/124
1520530431.303706,1,191,106,16.56,28.81,0,2450,191/106
1520530431.353708,1,238,89,16.84,176.51,1,2386,238/89
1520530431.403709,1,280,112,17.31,36.95,0,2386,280/112
1520530431.453562,1,243,101,15.85,30.38,0,2386,243/101
1520530431.503564,1,174,79,16.27,132.94,1,2356,174/79
1520530431.553565,1,141,70,16.79,30.77,0,2356,141/70
1520530431.603567,1,223,117,17.03,20.91,0,2356,223/117
1520530431.653568,1,300,166,17.43,161.62,1,2485,300/166
1520530431.703570,1,300,165,17.82,52.89,0,2485,300/165
1520530431.753571,1,243,151,17.95,42.81,0,2485,243/151
1520530431.803573,1,300,168,18.10,152.95,1,2540,300/168
1520530431.853524,1,195,127,17.45,26.66,0,2540,195/127
1520530431.903526,1,184,131,17.50,17.18,0,2540,184/131
1520530431.953527,1,125,102,17.75,118.44,1,2551,125/102
1520530432.003528,1,117,97,17.82,11.61,0,2551,117/97
1520530432.053531,1,116,90,17.99,10.62,0,2551,116/90
1520530432.103532,1,115,92,18.06,161.34,1,2546,115/92
1520530432.153533,1,300,182,18.22,14.04,0,2546,300/182
1520530432.203536,1,213,148,18.28,23.15,0,2546,213/148
1520530432.253696,1,265,173,21.15,166.57,1,2606,265/173
1520530432.303698,1,300,196,21.09,19.71,0,2606,300/196
1520530432.353700,1,201,156,20.83,18.26,0,2606,201/156
1520530432.403701,1,300,193,20.68,129.16,1,2515,300/193
1520530432.453702,1,300,204,20.34,17.10,0,2515,300/204
1520530432.503704,1,300,209,19.90,18.14,0,2515,300/209
1520530432.553705,1,221,166,19.27,122.82,1,2493,221/166
1520530432.603708,1,300,207,18.66,16.65,0,2493,300/207
1520530432.653548,1,300,194,15.76,18.55,0,2493,300/194
1520530432.703550,1,300,202,15.19,125.52,1,2502,300/202
1520530432.753551,1,300,202,14.58,20.03,0,2502,300/202
1520530432.803553,1,300,205,14.04,19.94,0,2502,300/205
1520530432.853554,1,177,130,13.75,156.29,1,2477,177/130
1520530432.903556,1,165,130,13.48,19.99,0,2477,165/130
1520530432.953557,1,143,114,13.17,15.57,0,2477,143/114
1520530433.003559,1,300,200,12.96,159.43,1,2553,300/200
1520530433.053690,1,300,202,14.24,24.67,0,2553,300/202
1520530433.103692,1,300,222,14.14,20.62,0,2553,300/222
1520530433.153693,1,300,224,13.99,130.12,1,2661,300/224
1520530433.203694,1,300,238,13.97,19.76,0,2661,300/238
1520530433.253695,1,300,238,13.94,17.76,0,2661,300/238
1520530433.303697,1,300,227,13.96,164.98,1,2740,300/227
1520530433.353699,1,300,226,14.03,17.75,0,2740,300/226
1520530433.403701,1,261,212,14.13,16.85,0,2740,261/212
1520530433.453702,1,300,235,14.31,143.36,1,2761,300/235
1520530433.503793,1,300,227,15.38,15.71,0,2761,300/227
1520530433.553795,1,253,199,15.61,16.87,0,2761,253/199
1520530433.603796,1,239,191,15.78,140.86,1,2791,239/191
1520530433.653798,1,300,196,16.01,15.15,0,2791,300/196
1520530433.703799,1,300,177,16.24,18.88,0,2791,300/177
1520530433.753802,1,300,179,16.52,134.26,1,2701,300/179
1520530433.803803,1,300,165,16.79,21.09,0,2701,300/165
1520530433.853804,1,300,156,16.84,22.29,0,2701,300/156
1520530433.903630,1,266,135,15.00,149.26,1,2703,266/135
1520530433.953632,1,300,142,15.27,20.31,0,2703,300/142
1520530434.003634,1,300,137,15.54,20.02,0,2703,300/137
1520530434.053635,1,292,139,15.75,153.97,1,2687,292/139
1520530434.103637,1,300,137,16.09,25.14,0,2687,300/137
1520530434.153638,1,252,139,16.26,29.13,0,2687,252/139
1520530434.203640,1,153,95,16.32,209.53,1,2626,153/95
1520530434.253642,1,300,180,16.49,15.78,0,2626,300/180
1520530434.303478,1,240,140,14.57,32.32,0,2626,240/140
1520530434.353481,1,183,116,14.75,151.12,1,2596,183/116
1520530434.403481,1,271,155,14.98,26.19,0,2596,271/155
1520530434.453483,1,300,165,15.28,33.36,0,2596,300/165
1520530434.503485,1,127,87,15.49,151.99,1,2575,127/87
1520530434.553486,1,300,141,15.65,21.27,0,2575,300/141
1520530434.603488,1,180,115,15.91,48.91,0,2575,180/115
1520530434.653489,1,300,160,16.02,132.88,1,2620,300/160
1520530434.703656,1,300,159,18.73,32.79,0,2620,300/159
1520530434.753658,1,300,166,18.84,43.12,0,2620,300/166
1520530434.803658,1,133,102,19.02,140.93,1,2560,133/102
1520530434.853723,1,116,91,18.99,14.74,0,2560,116/91
1520530434.903661,1,300,154,18.80,13.15,0,2560,300/154
1520530434.953662,1,300,158,18.60,134.42,1,2538,300/158
1520530435.003665,1,300,169,18.46,24.68,0,2538,300/169
1520530435.053667,1,300,172,18.42,23.10,0,2538,300/172
1520530435.103796,1,300,199,20.69,133.85,1,2569,300/199
1520530435.153798,1,280,206,20.70,17.15,0,2569,280/206
1520530435.203799,1,219,185,20.83,13.70,0,2569,219/185
1520530435.253802,1,240,200,20.66,120.63,1,2553,240/200
1520530435.303802,1,300,228,20.59,14.65,0,2553,300/228
1520530435.353804,1,300,221,20.49,16.46,0,2553,300/221
1520530435.403806,1,300,220,20.28,153.43,1,2585,300/220
1520530435.453807,1,300,220,19.95,15.41,0,2585,300/220
1520530435.504086,1,300,219,23.70,17.84,0,2585,300/219
1520530435.554088,1,263,190,23.18,159.76,1,2620,263/190
1520530435.604089,1,255,181,22.58,18.20,0,2620,255/181
1520530435.654091,1,252,189,21.87,14.82,0,2620,252/189
1520530435.704092,1,300,201,21.30,184.81,1,2689,300/201
1520530435.754094,1,300,210,20.80,19.04,0,2689,300/210
1520530435.804096,1,300,211,20.48,17.76,0,2689,300/211
1520530435.854097,1,300,215,20.17,144.91,1,2678,300/215
1520530435.904099,1,291,196,20.17,17.24,0,2678,291/196
1520530435.953835,1,300,191,16.72,18.96,0,2678,300/191
1520530436.003837,1,242,148,16.72,175.60,1,2609,242/148
1520530436.053838,1,300,152,16.65,16.74,0,2609,300/152
1520530436.103839,1,267,143,16.65,20.83,0,2609,267/143
1520530436.153841,1,300,135,16.68,138.09,1,2624,300/135
1520530436.203843,1,300,131,16.63,26.54,0,2624,300/131
1520530436.253844,1,300,117,16.63,24.32,0,2624,300/117
1520530436.303846,1,300,117,16.51,176.16,1,2639,300/117
1520530436.353955,1,300,119,17.96,24.43,0,2639,300/119
1520530436.403958,1,300,120,17.91,24.14,0,2639,300/120
1520530436.453978,1,300,109,17.85,137.25,1,2572,300/109
1520530436.503960,1,300,125,17.96,21.43,0,2572,300/125
1520530436.553962,1,300,118,18.01,23.99,0,2572,300/118
1520530436.603963,1,300,130,17.96,174.35,1,2542,300/130
1520530436.653965,1,300,119,18.04,21.60,0,2542,300/119
1520530436.703966,1,300,115,18.02,25.75,0,2542,300/115
1520530436.754031,1,300,123,18.69,190.46,1,2533,300/123
1520530436.804032,1,295,122,18.63,44.21,0,2533,295/122
1520530436.854034,1,300,124,18.48,41.03,0,2533,300/124
1520530436.904035,1,300,122,18.45,208.42,1,2490,300/122
1520530436.954037,1,161,82,18.43,189.35,1,2452,161/82
1520530437.004039,1,249,119,18.44,19.80,0,2452,249/119
1520530437.054040,1,159,100,18.42,26.01,0,2452,159/100
1520530437.104042,1,300,157,18.28,171.20,1,2559,300/157
1520530437.153533,1,300,170,12.41,34.36,0,2559,300/170
1520530437.203536,1,235,170,12.31,21.95,0,2559,235/170
1520530437.253536,1,162,138,12.25,148.46,1,2475,162/138
1520530437.303538,1,300,205,12.20,16.32,0,2475,300/205
1520530437.353539,1,175,147,12.13,18.47,0,2475,175/147
1520530437.403543,1,248,162,12.04,252.06,1,2421,248/162
1520530437.453544,1,156,121,12.25,51.93,0,2421,156/121
1520530437.503545,1,300,178,12.41,25.73,0,2421,300/178
1520530437.553870,1,158,119,17.05,181.09,1,2390,158/119
1520530437.603872,1,300,182,17.44,21.90,0,2390,300/182
1520530437.653873,1,300,197,17.84,25.82,0,2390,300/197
1520530437.703875,1,300,186,18.10,202.00,1,2428,300/186
1520530437.753876,1,211,150,18.42,25.77,0,2428,211/150
1520530437.803878,1,193,135,18.94,19.93,0,2428,193/135
1520530437.853879,1,300,194,19.58,191.63,1,2489,300/194
1520530437.903881,1,214,160,19.95,18.00,0,2489,214/160
1520530437.954482,1,300,223,29.28,16.68,0,2489,300/223
1520530438.004481,1,300,215,29.12,182.03,1,2528,300/215
1520530438.054484,1,243,193,29.10,16.84,0,2528,243/193
1520530438.104484,1,234,195,28.88,15.01,0,2528,234/195
1520530438.154486,1,300,218,28.31,171.17,1,2544,300/218
1520530438.204487,1,230,182,27.77,16.75,0,2544,230/182
1520530438.254489,1,300,216,27.26,17.37,0,2544,300/216
1520530438.304490,1,300,210,26.77,188.47,1,2568,300/210
1520530438.354492,1,277,210,26.18,16.86,0,2568,277/210
1520530438.403621,1,157,136,13.74,169.21,1,2586,157/136
1520530438.453623,1,143,124,13.24,12.65,0,2586,143/124
1520530438.503624,1,243,178,12.68,13.47,0,2586,243/178
1520530438.553626,1,132,106,12.19,180.36,1,2571,132/106
1520530438.603628,1,300,178,11.81,15.02,0,2571,300/178
1520530438.653629,1,203,151,11.56,30.68,0,2571,203/151
1520530438.703631,1,156,126,11.40,180.52,1,2594,156/126
1520530438.753632,1,237,162,11.36,18.19,0,2594,237/162
1520530438.804389,1,300,200,19.70,17.15,0,2594,300/200
1520530438.854392,1,300,219,19.66,192.63,1,2608,300/219
1520530438.904392,1,300,227,19.56,17.04,0,2608,300/227
1520530438.954394,1,300,226,19.59,16.28,0,2608,300/226
1520530439.004395,1,300,239,19.59,135.46,1,2610,300/239
1520530439.054397,1,300,241,19.70,15.15,0,2610,300/241
1520530439.104398,1,300,247,19.55,17.78,0,2610,300/247
1520530439.154401,1,300,246,19.52,155.59,1,2581,300/246
1520530439.204654,1,300,248,22.06,15.59,0,2581,300/248
1520530439.254655,1,300,251,21.86,14.06,0,2581,300/251
1520530439.304657,1,300,264,21.81,172.84,1,2517,300/264
1520530439.354659,1,300,255,21.82,14.56,0,2517,300/255
1520530439.404660,1,300,263,21.69,14.05,0,2517,300/263
1520530439.454661,1,300,258,21.64,133.03,1,2468,300/258
1520530439.504663,1,300,260,21.58,14.34,0,2468,300/260
1520530439.554665,1,300,256,21.49,13.60,0,2468,300/256
1520530439.604177,1,300,246,16.65,133.21,1,2411,300/246
1520530439.654178,1,300,240,16.68,16.95,0,2411,300/240
1520530439.704263,1,300,240,16.68,14.25,0,2411,300/240
1520530439.754182,1,300,250,16.75,177.88,1,2382,300/250
1520530439.804183,1,300,250,16.93,14.73,0,2382,300/250
1520530439.854185,1,300,234,16.89,15.98,0,2382,300/234
1520530439.904186,1,300,242,16.93,158.91,1,2326,300/242
1520530439.954188,1,300,232,17.04,17.72,0,2326,300/232
1520530440.004099,1,300,222,16.12,15.03,0,2326,300/222
1520530440.054101,1,300,216,16.25,167.65,1,2283,300/216
1520530440.104102,1,264,211,16.36,15.20,0,2283,264/211
1520530440.154104,1,300,202,16.40,14.58,0,2283,300/202
1520530440.204106,1,300,201,16.53,150.91,1,2299,300/201
1520530440.254107,1,300,192,16.59,17.66,0,2299,300/192
1520530440.304109,1,300,195,16.73,17.46,0,2299,300/195
1520530440.354110,1,300,186,16.81,140.30,1,2308,300/186
1520530440.404112,1,249,169,17.15,18.15,0,2308,249/169
1520530440.453977,1,300,166,15.73,17.56,0,2308,300/166
1520530440.503979,1,300,163,15.83,185.39,1,2304,300/163
1520530440.553980,1,253,147,16.00,23.32,0,2304,253/147
1520530440.603981,1,300,156,16.30,19.45,0,2304,300/156
1520530440.653984,1,300,152,16.52,191.42,1,2320,300/152
1520530440.703986,1,300,159,16.62,19.98,0,2320,300/159
1520530440.753987,1,300,152,16.90,24.03,0,2320,300/152
1520530440.803989,1,300,141,16.99,202.21,1,2352,300/141
1520530440.853871,1,300,140,15.68,23.10,0,2352,300/140
1520530440.903872,1,300,141,15.79,23.97,0,2352,300/141
1520530440.953874,1,300,152,15.79,169.05,1,2377,300/152
1520530441.003875,1,211,127,15.97,18.99,0,2377,211/127
1520530441.053876,1,300,142,16.13,18.45,0,2377,300/142
1520530441.103878,1,300,154,16.28,197.73,1,2378,300/154
1520530441.153883,1,300,151,16.36,23.33,0,2378,300/151
1520530441.203881,1,226,130,16.55,27.56,0,2378,226/130
1520530441.253889,1,300,163,16.77,209.78,1,2469,300/163
1520530441.303927,1,300,165,16.97,32.77,0,2469,300/165
1520530441.353892,1,300,153,17.16,33.72,0,2469,300/153
1520530441.403893,1,300,177,17.41,157.15,1,2404,300/177
1520530441.453895,1,157,117,17.36,286.23,1,2320,157/117
1520530441.503896,1,300,167,17.49,16.41,0,2320,300/167
1520530441.553898,1,270,152,17.50,24.95,0,2320,270/152
1520530441.603899,1,167,118,17.64,204.09,1,2390,167/118
1520530441.654083,1,300,168,20.37,16.03,0,2390,300/168
1520530441.704084,1,300,159,20.44,22.55,0,2390,300/159
1520530441.754086,1,300,182,20.59,204.33,1,2430,300/182
1520530441.804088,1,300,170,20.77,21.85,0,2430,300/170
1520530441.854089,1,300,182,20.81,19.16,0,2430,300/182
1520530441.904091,1,300,169,20.85,162.34,1,2399,300/169
1520530441.954092,1,300,174,20.88,23.71,0,2399,300/174
1520530442.004094,1,300,166,20.87,23.64,0,2399,300/166
1520530442.054029,1,300,165,19.88,148.51,1,2367,300/165
1520530442.104032,1,300,177,19.93,26.27,0,2367,300/177
1520530442.154034,1,300,178,19.75,23.03,0,2367,300/178
1520530442.204035,1,300,174,19.60,166.47,1,2353,300/174
1520530442.254038,1,300,174,19.42,27.73,0,2353,300/174
1520530442.304038,1,300,173,19.18,29.09,0,2353,300/173
1520530442.354040,1,300,162,18.83,217.52,1,2353,300/162
1520530442.404042,1,300,164,18.69,29.30,0,2353,300/164
1520530442.453714,1,300,145,14.12,31.72,0,2353,300/145
1520530442.503716,1,222,122,13.99,172.90,1,2307,222/122
1520530442.553716,1,152,84,13.79,35.18,0,2307,152/84
1520530442.603719,1,284,116,13.42,20.86,0,2307,284/116
1520530442.653721,1,225,103,13.20,205.33,1,2300,225/103
1520530442.703722,1,147,63,13.04,30.18,0,2300,147/63
1520530442.753723,1,300,92,12.84,22.74,0,2300,300/92
1520530442.803725,1,178,74,12.58,173.55,1,2297,178/74
1520530442.853726,1,272,108,12.51,30.74,0,2297,272/108
1520530442.904376,1,300,129,20.65,24.71,0,2297,300/129
1520530442.954377,1,300,154,20.38,199.11,1,2353,300/154
1520530443.004380,1,300,151,20.05,26.77,0,2353,300/151
1520530443.054381,1,195,121,19.79,22.90,0,2353,195/121
1520530443.104383,1,300,156,19.58,169.97,1,2319,300/156
1520530443.154384,1,300,172,19.43,17.58,0,2319,300/172
1520530443.204385,1,300,158,19.35,21.02,0,2319,300/158
1520530443.254387,1,300,167,19.21,181.48,1,2298,300/167
1520530443.304466,1,300,179,20.03,16.82,0,2298,300/179
1520530443.354468,1,300,176,19.97,17.16,0,2298,300/176
1520530443.404470,1,300,182,19.98,121.60,1,2304,300/182
1520530443.454471,1,300,178,20.09,16.70,0,2304,300/178
1520530443.504473,1,300,171,20.16,18.57,0,2304,300/171
1520530443.554475,1,300,164,20.28,125.36,1,2303,300/164
1520530443.604476,1,280,158,20.49,21.69,0,2303,280/158
1520530443.654478,1,300,164,20.70,21.87,0,2303,300/164
1520530443.704013,1,300,138,15.32,127.68,1,2333,300/138
1520530443.754014,1,300,139,15.53,26.93,0,2333,300/139
1520530443.804016,1,300,134,15.64,38.13,0,2333,300/134
1520530443.854018,1,294,115,15.77,181.33,1,2373,294/115
1520530443.904020,1,249,113,16.00,40.97,0,2373,249/113
1520530443.954022,1,300,129,16.17,26.47,0,2373,300/129
1520530444.004023,1,186,101,16.32,141.32,1,2378,186/101
1520530444.054024,1,300,132,16.34,23.45,0,2378,300/132
1520530444.104403,1,168,101,21.48,30.53,0,2378,168/101
1520530444.154404,1,145,96,21.48,156.26,1,2360,145/96
1520530444.204406,1,300,134,21.38,19.39,0,2360,300/134
1520530444.254406,1,300,122,21.46,28.25,0,2360,300/122
1520530444.304409,1,300,136,21.53,141.86,1,2393,300/136
1520530444.354410,1,140,86,21.57,150.44,1,2351,140/86
1520530444.404411,1,130,82,21.53,19.97,0,2351,130/82
1520530444.454414,1,299,112,21.60,22.25,0,2351,299/112
1520530444.505162,1,300,119,32.76,174.31,1,2360,300/119
1520530444.555264,1,300,122,32.93,70.45,0,2360,300/122
1520530444.605164,1,300,126,33.34,64.76,0,2360,300/126
1520530444.655166,1,300,122,33.60,169.39,1,2375,300/122
1520530444.705167,1,300,106,33.98,44.77,0,2375,300/106
1520530444.755169,1,144,71,34.41,147.72,1,2314,144/71
1520530444.805171,1,300,113,35.10,21.90,0,2314,300/113
1520530444.855172,1,300,116,35.85,50.58,0,2314,300/116
1520530444.905173,1,300,107,36.69,150.94,1,2387,300/107
1520530444.954962,1,300,121,33.90,41.31,0,2387,300/121
1520530445.004964,1,300,115,34.19,36.45,0,2387,300/115
1520530445.054965,1,300,127,34.28,138.70,1,2393,300/127
1520530445.104967,1,300,153,33.94,31.81,0,2393,300/153
1520530445.154968,1,300,150,33.43,34.56,0,2393,300/150
1520530445.204970,1,300,156,32.67,146.57,1,2408,300/156
1520530445.254972,1,230,142,31.91,52.13,0,2408,230/142
1520530445.304973,1,300,142,31.26,28.17,0,2408,300/142
1520530445.353892,1,131,96,15.27,122.05,1,2384,131/96
1520530445.403894,1,300,145,14.92,18.36,0,2384,300/145
1520530445.453896,1,284,141,14.55,24.99,0,2384,284/141
1520530445.503898,1,300,153,14.26,127.12,1,2383,300/153
1520530445.553899,1,151,105,14.02,118.58,1,2278,151/105
1520530445.603900,1,300,147,13.82,16.12,0,2278,300/147
1520530445.653902,1,150,90,13.64,24.93,0,2278,150/90
1520530445.703904,1,143,88,13.41,111.78,1,2324,143/88
1520530445.753751,1,176,83,11.34,17.43,0,2324,176/83
1520530445.803752,1,171,82,11.35,30.45,0,2324,171/82
1520530445.853755,1,127,75,11.15,151.44,1,2300,127/75
1520530445.903755,1,113,75,11.06,13.88,0,2300,113/75
1520530445.953756,1,300,119,10.97,14.08,0,2300,300/119
1520530446.003759,1,150,103,10.99,127.69,1,2235,150/103
1520530446.053761,1,115,83,11.09,15.36,0,2235,115/83
1520530446.103762,1,291,169,11.11,13.91,0,2235,291/169
1520530446.154954,1,300,195,26.29,161.08,1,2274,300/195
1520530446.204900,1,220,187,26.26,20.80,0,2274,220/187
1520530446.254902,1,197,171,26.18,12.75,0,2274,197/171
1520530446.304903,1,203,171,25.88,112.87,1,2255,203/171
1520530446.354905,1,207,177,25.46,11.69,0,2255,207/177
1520530446.404906,1,202,177,25.07,12.18,0,2255,202/177
1520530446.454908,1,300,230,24.72,137.67,1,2264,300/230
1520530446.504909,1,300,234,24.47,17.24,0,2264,300/234
1520530446.554783,1,238,196,22.65,15.34,0,2264,238/196
1520530446.604785,1,221,195,22.37,112.22,1,2230,221/195
1520530446.654786,1,277,225,22.19,14.53,0,2230,277/225
1520530446.704788,1,229,196,22.02,14.55,0,2230,229/196
1520530446.754789,1,252,193,21.94,142.02,1,2228,252/193
1520530446.804791,1,300,218,21.96,15.83,0,2228,300/218
1520530446.854792,1,300,212,21.92,17.43,0,2228,300/212
1520530446.904794,1,300,210,22.11,157.34,1,2260,300/210
1520530446.954330,1,300,190,17.11,18.97,0,2260,300/190
1520530447.004332,1,300,190,17.30,21.17,0,2260,300/190
1520530447.054334,1,300,187,17.42,125.94,1,2285,300/187
1520530447.104335,1,300,168,17.64,20.22,0,2285,300/168
1520530447.154337,1,300,156,17.89,18.64,0,2285,300/156
1520530447.204338,1,294,148,18.06,130.43,1,2221,294/148
1520530447.254340,1,300,155,18.17,25.82,0,2221,300/155
1520530447.304342,1,300,150,18.38,20.97,0,2221,300/150
1520530447.354343,1,270,151,18.59,171.88,1,2198,270/151
1520530447.404124,1,300,138,15.87,21.79,0,2198,300/138
1520530447.454125,1,300,160,15.97,22.70,0,2198,300/160
1520530447.504127,1,300,149,16.23,126.17,1,2212,300/149
1520530447.554128,1,300,135,16.31,26.42,0,2212,300/135
1520530447.604130,1,300,158,16.39,29.00,0,2212,300/158
1520530447.654131,1,300,143,16.47,172.53,1,2233,300/143
1520530447.704133,1,300,149,16.51,23.99,0,2233,300/149
1520530447.754142,1,300,139,16.57,30.92,0,2233,300/139
1520530447.804072,1,184,111,15.75,130.97,1,2235,184/111
1520530447.854074,1,300,151,15.87,19.96,0,2235,300/151
1520530447.904075,1,300,148,15.75,22.34,0,2235,300/148
1520530447.954077,1,300,146,15.76,133.28,1,2257,300/146
1520530448.004078,1,300,156,15.78,21.88,0,2257,300/156
1520530448.054080,1,300,152,15.80,21.43,0,2257,300/152
1520530448.104081,1,300,137,15.81,140.05,1,2249,300/137
1520530448.154083,1,300,134,15.87,22.78,0,2249,300/134
1520530448.203885,1,300,151,13.10,25.14,0,2249,300/151
1520530448.253886,1,195,113,13.25,152.62,1,2247,195/113
1520530448.303888,1,300,153,13.21,18.90,0,2247,300/153
1520530448.353889,1,300,135,13.20,27.02,0,2247,300/135
1520530448.403891,1,300,127,13.18,182.10,1,2262,300/127
1520530448.453892,1,205,113,13.14,23.05,0,2262,205/113
1520530448.503894,1,300,138,13.18,19.27,0,2262,300/138
1520530448.553895,1,300,150,13.11,127.25,1,2225,300/150
1520530448.603930,1,300,150,13.64,25.09,0,2225,300/150
1520530448.653932,1,300,160,13.58,23.13,0,2225,300/160
1520530448.703934,1,300,146,13.64,144.08,1,2222,300/146
1520530448.753935,1,300,148,13.64,25.87,0,2222,300/148
1520530448.803937,1,300,142,13.73,19.77,0,2222,300/142
1520530448.853939,1,300,156,13.70,157.97,1,2220,300/156
1520530448.903940,1,300,140,13.68,21.98,0,2220,300/140
1520530448.953942,1,300,140,13.69,24.64,0,2220,300/140
1520530449.003905,1,300,146,13.14,143.68,1,2272,300/146
1520530449.053906,1,300,145,13.21,22.60,0,2272,300/145
1520530449.103908,1,300,141,13.19,18.92,0,2272,300/141
1520530449.153910,1,300,162,13.13,130.84,1,2293,300/162
1520530449.203911,1,210,125,13.20,22.62,0,2293,210/125
