t,tracked,n_obs0,n_obs1,mean0,ms
1520530308.199448,1,437,369,32.81,5.80
1520530308.249449,1,408,0,32.97,0.63
1520530308.299451,1,389,0,32.88,0.56
1520530308.349503,1,363,0,34.46,0.53
1520530308.399505,1,361,0,34.83,0.60
1520530308.449505,1,357,0,34.94,0.54
1520530308.499506,1,352,0,34.57,0.54
1520530308.549508,1,344,0,34.72,0.57
1520530308.599509,1,337,0,34.80,0.61
1520530308.649555,1,333,0,34.70,0.56
1520530308.699512,1,331,0,34.58,0.56
1520530308.749559,1,328,0,36.16,0.57
1520530308.799560,1,324,0,36.06,0.65
1520530308.849562,1,320,0,36.08,0.59
1520530308.899563,1,319,0,36.16,0.58
1520530308.949565,1,318,0,36.42,0.62
1520530308.999567,1,317,0,36.31,0.67
1520530309.049568,1,317,0,36.56,0.62
1520530309.099570,1,316,0,36.48,0.62
1520530309.149567,1,316,0,36.26,0.63
1520530309.199583,1,316,0,36.84,0.82
1520530309.249583,1,314,0,36.56,0.64
1520530309.299586,1,312,0,36.86,0.64
1520530309.349586,1,312,0,36.84,0.65
1520530309.399589,1,311,0,36.56,0.71
1520530309.449590,1,310,0,36.54,0.68
1520530309.499591,1,309,0,36.69,0.67
1520530309.549594,1,307,0,36.90,0.67
1520530309.599597,1,305,0,36.75,0.76
1520530309.649599,1,305,0,37.06,0.69
1520530309.699600,1,303,0,37.13,0.70
1520530309.749602,1,302,0,37.06,0.92
1520530309.799603,1,300,0,36.94,0.71
1520530309.849605,1,300,0,37.12,0.72
1520530309.899606,1,300,0,37.19,0.72
1520530309.949608,1,295,0,36.80,1.00
1520530309.999622,1,294,0,37.51,0.75
1520530310.049623,1,293,0,37.44,0.75
1520530310.099625,1,292,0,37.51,0.92
1520530310.149627,1,292,0,37.62,0.76
1520530310.199628,1,291,0,37.76,0.77
1520530310.249729,1,289,0,37.48,0.77
1520530310.299631,1,289,0,37.60,0.84
1520530310.349633,1,287,0,37.51,0.79
1520530310.399625,1,285,0,37.22,0.80
1520530310.449627,1,285,0,37.11,0.86
1520530310.499628,1,285,0,37.30,0.80
1520530310.549630,1,285,0,37.27,0.79
1520530310.599632,1,284,0,37.29,0.86
1520530310.649633,1,283,0,37.27,0.81
1520530310.699635,1,281,0,37.18,0.81
1520530310.749636,1,280,0,37.14,0.81
1520530310.799651,1,278,0,37.75,0.90
1520530310.849652,1,277,0,37.79,0.83
1520530310.899654,1,277,0,38.00,0.83
1520530310.949655,1,276,0,37.84,0.92
1520530310.999657,1,276,0,37.81,0.84
1520530311.049659,1,274,0,37.88,0.85
1520530311.099660,1,273,0,37.72,1.03
1520530311.149662,1,273,0,38.00,0.87
1520530311.199672,1,272,0,38.23,0.85
1520530311.249673,1,272,0,38.21,0.86
1520530311.299675,1,271,0,38.06,1.02
1520530311.349677,1,270,0,38.18,0.88
1520530311.399678,1,270,0,38.19,0.88
1520530311.449679,1,270,0,38.15,1.05
1520530311.499684,1,270,0,38.18,0.91
1520530311.549683,1,268,0,38.12,0.91
1520530311.599684,1,268,0,38.31,0.98
1520530311.649719,1,268,0,39.47,0.92
1520530311.699720,1,266,0,39.30,0.93
1520530311.749722,1,266,0,39.57,0.99
1520530311.799723,1,266,0,39.43,0.96
1520530311.849725,1,266,0,39.32,0.95
1520530311.899726,1,266,0,39.37,1.01
1520530311.949728,1,266,0,39.37,0.95
1520530311.999729,1,265,0,39.33,0.95
1520530312.049721,1,265,0,38.87,1.04
1520530312.099721,1,265,0,39.11,1.40
1520530312.149723,1,264,0,38.97,1.10
1520530312.199726,1,264,0,39.22,1.01
1520530312.249727,1,264,0,39.22,1.01
1520530312.299728,1,263,0,38.95,1.31
1520530312.349730,1,262,0,38.93,1.04
1520530312.399731,1,263,0,38.95,1.04
1520530312.449712,1,263,0,38.31,1.34
1520530312.499714,1,263,0,38.34,1.06
1520530312.549715,1,262,0,38.47,1.05
1520530312.599717,1,262,0,38.40,1.11
1520530312.649719,1,262,0,38.30,1.07
1520530312.699720,1,259,0,38.24,1.07
1520530312.749722,1,259,0,38.27,1.12
1520530312.799724,1,259,0,38.44,1.08
1520530312.849720,1,259,0,38.28,1.08
1520530312.899721,1,258,0,38.35,1.15
1520530312.949723,1,257,0,38.23,1.11
1520530312.999725,1,257,0,38.41,1.16
1520530313.049726,1,257,0,38.29,1.15
1520530313.099727,1,256,0,38.34,1.13
1520530313.149729,1,256,0,38.34,1.18
1520530313.199730,1,255,0,38.21,1.17
1520530313.249736,1,255,0,38.34,1.32
1520530313.299738,1,255,0,38.64,1.14
1520530313.349739,1,254,0,38.59,1.15
1520530313.399790,1,254,0,38.60,1.20
1520530313.449743,1,254,0,38.43,1.16
1520530313.499744,1,252,0,38.29,1.17
1520530313.549746,1,252,0,38.47,1.22
1520530313.599747,1,252,0,38.46,1.18
1520530313.649745,1,252,0,38.30,1.25
1520530313.699746,1,251,0,38.16,1.22
1520530313.749748,1,250,0,38.33,1.19
1520530313.799750,1,250,0,38.35,1.26
1520530313.849751,1,248,0,38.56,1.20
1520530313.899753,1,247,0,38.43,1.25
1520530313.949754,1,248,0,38.19,1.29
1520530313.999756,1,246,0,38.23,1.23
1520530314.049757,1,242,0,38.63,1.29
1520530314.099763,1,241,0,38.57,1.24
1520530314.149765,1,241,0,38.61,1.54
1520530314.199766,1,238,0,38.71,1.32
1520530314.249768,1,235,0,38.92,1.25
1520530314.299769,1,235,0,38.97,1.32
1520530314.349771,1,234,0,38.77,1.27
1520530314.399773,1,232,0,38.90,1.32
1520530314.449774,1,227,0,38.84,1.28
1520530314.499774,1,225,0,39.13,1.29
1520530314.549776,1,219,0,38.97,1.33
1520530314.599777,1,213,0,39.12,1.28
1520530314.649779,1,208,0,39.45,1.32
1520530314.699780,1,204,0,39.77,1.28
1520530314.749782,1,202,0,39.80,1.28
1520530314.799787,1,198,0,40.00,1.34
1520530314.849784,1,195,0,40.42,1.30
1520530314.899810,1,192,0,41.22,1.35
1520530314.949812,1,185,0,41.66,1.31
1520530314.999919,1,437,378,41.68,7.13
1520530315.049815,1,322,0,41.70,0.63
1520530315.099817,1,300,0,41.89,0.61
1520530315.149818,1,291,0,41.99,0.57
1520530315.199819,1,272,0,42.16,0.56
1520530315.249821,1,263,0,42.37,0.71
1520530315.299635,1,247,0,35.04,0.55
1520530315.349637,1,242,0,34.89,0.56
1520530315.399639,1,241,0,34.76,0.55
1520530315.449640,1,239,0,34.76,0.55
1520530315.499642,1,237,0,34.61,0.60
1520530315.549643,1,235,0,34.78,0.57
1520530315.599645,1,233,0,34.53,0.57
1520530315.649646,1,228,0,34.36,0.60
1520530315.699637,1,223,0,33.55,0.63
1520530315.749639,1,219,0,33.52,0.58
1520530315.799640,1,215,0,33.62,0.57
1520530315.849642,1,212,0,33.53,0.58
1520530315.899643,1,211,0,33.29,0.63
1520530315.949645,1,204,0,32.86,0.59
1520530315.999647,1,203,0,32.87,0.58
1520530316.049648,1,200,0,32.67,0.60
1520530316.100221,1,436,372,53.46,2.80
1520530316.150223,1,342,0,53.66,0.61
1520530316.200224,1,325,0,54.00,0.61
1520530316.250226,1,314,0,54.22,0.57
1520530316.300227,1,306,0,54.27,0.58
1520530316.350229,1,298,0,54.59,0.57
1520530316.400230,1,294,0,54.29,0.57
1520530316.450231,1,288,0,54.30,0.63
1520530316.500233,1,283,0,54.43,0.60
1520530316.550276,1,278,0,55.71,0.60
1520530316.600278,1,272,0,55.64,0.69
1520530316.650280,1,266,0,55.65,0.59
1520530316.700281,1,258,0,55.63,0.61
1520530316.750283,1,255,0,55.50,0.60
1520530316.800284,1,248,0,55.53,0.59
1520530316.850286,1,244,0,55.31,0.64
1520530316.900287,1,242,0,55.56,0.59
1520530316.949773,1,443,390,37.26,3.05
1520530316.999775,1,358,0,37.40,0.64
1520530317.049776,1,345,0,37.18,0.58
1520530317.099778,1,331,0,37.26,0.69
1520530317.149779,1,321,0,37.34,0.58
1520530317.199781,1,311,0,37.32,0.59
1520530317.249782,1,301,0,37.36,0.58
1520530317.299784,1,293,0,37.31,0.64
1520530317.349743,1,278,0,35.72,0.59
1520530317.399745,1,271,0,35.72,0.60
1520530317.449748,1,269,0,35.60,0.58
1520530317.499748,1,251,0,35.65,0.77
1520530317.549752,1,243,0,35.41,0.64
1520530317.599752,1,239,0,35.16,0.58
1520530317.649754,1,239,0,35.17,0.59
1520530317.699755,1,238,0,34.48,0.80
1520530317.750237,1,442,387,50.63,3.01
1520530317.800239,1,362,0,49.92,0.70
1520530317.850240,1,342,0,49.24,0.59
1520530317.900242,1,330,0,48.60,0.62
1520530317.950243,1,316,0,48.25,0.91
1520530318.000244,1,304,0,47.68,0.62
1520530318.050247,1,296,0,47.23,0.61
1520530318.100248,1,279,0,47.07,0.60
1520530318.150816,1,202,0,63.41,0.90
1520530318.200769,1,193,0,63.21,0.54
1520530318.250771,1,181,0,63.22,0.55
1520530318.300772,1,428,367,63.11,3.38
1520530318.350774,1,345,0,63.43,0.66
1520530318.400775,1,326,0,63.61,0.90
1520530318.450777,1,316,0,63.88,0.59
1520530318.500778,1,309,0,63.82,0.59
1520530318.550780,1,300,0,64.03,0.60
1520530318.600567,1,284,0,57.46,0.59
1520530318.650568,1,279,0,57.57,0.64
1520530318.700570,1,275,0,57.73,0.59
1520530318.750571,1,263,0,58.06,0.58
1520530318.800573,1,258,0,58.25,0.63
1520530318.850574,1,249,0,58.43,0.61
1520530318.900576,1,244,0,58.80,0.61
1520530318.950577,1,240,0,59.02,0.61
1520530318.999955,1,183,0,38.95,0.59
1520530319.049957,1,441,394,39.01,3.26
1520530319.099960,1,326,0,39.47,1.10
1520530319.149961,1,255,0,39.41,0.68
1520530319.199962,1,200,0,39.65,0.59
1520530319.249964,1,439,396,39.73,3.73
1520530319.299965,1,351,0,40.21,0.65
1520530319.349967,1,325,0,40.21,0.63
1520530319.399832,1,306,0,35.62,0.57
1520530319.449833,1,296,0,35.64,0.56
1520530319.499835,1,285,0,35.80,0.57
1520530319.549837,1,278,0,35.76,0.64
1520530319.599838,1,261,0,35.52,0.58
1520530319.649840,1,250,0,35.31,0.58
1520530319.699841,1,240,0,35.35,0.73
1520530319.749942,1,233,0,35.21,0.56
1520530319.800341,0,233,0,53.11,1.26
1520530319.850343,1,436,360,53.50,0.97
1520530319.900344,1,366,0,54.04,0.69
1520530319.950346,1,334,0,54.57,0.59
1520530320.000347,1,325,0,54.93,0.57
1520530320.050349,1,298,0,55.13,0.56
1520530320.100350,1,276,0,55.48,0.65
1520530320.150352,1,254,0,55.63,0.54
1520530320.200401,1,240,0,57.84,0.56
1520530320.250402,1,235,0,58.04,0.55
1520530320.300404,1,229,0,58.24,0.59
1520530320.350405,1,224,0,58.49,0.54
1520530320.400407,1,222,0,58.48,0.53
1520530320.450408,1,221,0,58.62,0.55
1520530320.500410,1,216,0,58.62,0.55
1520530320.550412,1,208,0,58.87,0.59
1520530320.599869,1,439,380,38.01,2.83
1520530320.649871,1,322,0,37.99,0.61
1520530320.699873,1,307,0,38.25,0.58
1520530320.749874,1,302,0,37.95,0.56
1520530320.799876,1,298,0,38.17,0.85
1520530320.849877,1,286,0,38.06,0.61
1520530320.899879,1,268,0,38.01,0.58
1520530320.949880,1,258,0,38.08,0.57
1520530320.999882,1,256,0,38.18,0.59
1520530321.049740,1,244,0,32.32,0.98
1520530321.099742,1,240,0,31.98,0.57
1520530321.149743,1,236,0,31.64,0.58
1520530321.199745,1,228,0,31.80,0.62
1520530321.249747,1,224,0,31.69,0.68
1520530321.299749,1,224,0,31.33,0.56
1520530321.349750,1,220,0,31.22,0.59
1520530321.399751,1,213,0,30.84,0.58
1520530321.449856,1,207,0,34.85,0.64
1520530321.499857,1,204,0,34.75,0.59
1520530321.549859,1,203,0,34.46,0.61
1520530321.599860,1,197,0,34.27,0.81
1520530321.649862,1,196,0,34.12,0.60
1520530321.699863,1,195,0,34.08,0.60
1520530321.749866,1,193,0,33.89,0.61
1520530321.799867,1,193,0,33.47,0.62
1520530321.850152,1,438,376,44.22,2.75
1520530321.900154,1,343,0,44.27,0.67
1520530321.950155,1,318,0,44.04,0.60
1520530322.000157,1,303,0,44.01,0.57
1520530322.050158,1,283,0,43.77,0.57
1520530322.100160,1,279,0,43.77,0.56
1520530322.150162,1,274,0,43.53,0.60
1520530322.200163,1,269,0,43.30,0.55
1520530322.250207,1,264,0,44.96,0.57
1520530322.300208,1,261,0,44.81,0.79
1520530322.350209,1,253,0,44.73,0.56
1520530322.400212,1,251,0,44.49,0.57
1520530322.450214,1,245,0,44.39,0.56
1520530322.500215,1,242,0,44.14,0.57
1520530322.550216,1,241,0,44.19,0.62
1520530322.600218,1,240,0,43.96,0.57
1520530322.650023,1,225,0,36.87,0.60
1520530322.700025,1,222,0,36.88,0.87
1520530322.750027,1,221,0,36.84,0.57
1520530322.800028,1,220,0,36.73,0.57
1520530322.850031,1,217,0,36.88,0.58
1520530322.900065,1,216,0,36.64,0.60
1520530322.950033,1,213,0,36.58,0.64
1520530323.000035,1,210,0,36.63,0.60
1520530323.050036,1,209,0,36.47,0.61
1520530323.100074,1,187,0,38.09,0.62
1520530323.150076,1,186,0,37.95,0.83
1520530323.200077,1,443,366,38.01,3.13
1520530323.250079,1,314,0,38.24,0.62
1520530323.300080,1,311,0,38.18,0.56
1520530323.350082,1,306,0,37.96,0.57
1520530323.400084,1,301,0,38.16,0.60
1520530323.450085,1,294,0,38.25,0.63
1520530323.500345,1,252,0,47.47,0.59
1520530323.550346,1,240,0,47.49,0.57
1520530323.600348,1,233,0,47.48,0.72
1520530323.650349,1,230,0,47.47,0.55
1520530323.700351,1,221,0,47.71,0.55
1520530323.750353,1,215,0,47.63,0.56
1520530323.800354,1,207,0,48.06,0.55
1520530323.850356,1,205,0,47.61,0.60
1520530323.900153,1,198,0,40.82,0.55
1520530323.950154,1,194,0,40.87,0.55
1520530324.000156,1,188,0,40.76,0.57
1520530324.050157,1,186,0,41.03,0.62
1520530324.100159,1,438,385,41.40,2.88
1520530324.150160,1,360,0,41.68,0.72
1520530324.200162,1,329,0,41.94,0.61
1520530324.250163,1,312,0,41.65,0.59
1520530324.299908,1,277,0,33.07,0.59
1520530324.349910,1,271,0,33.20,0.56
1520530324.399911,1,264,0,33.61,0.62
1520530324.449913,1,254,0,33.77,0.57
1520530324.499994,1,245,0,33.62,0.56
1520530324.549915,1,234,0,34.05,0.69
1520530324.599917,1,224,0,34.10,0.57
1520530324.649919,1,222,0,33.97,0.57
1520530324.700018,1,214,0,37.13,0.57
1520530324.750020,1,199,0,36.77,0.57
1520530324.800021,1,194,0,36.59,0.62
1520530324.850023,1,186,0,36.31,0.57
1520530324.900024,1,440,356,36.34,3.13
1520530324.950026,1,344,0,36.03,0.65
1520530325.000028,1,318,0,35.94,0.58
1520530325.050029,1,305,0,36.03,0.75
1520530325.100816,1,437,387,64.07,3.79
1520530325.150817,1,372,0,64.13,0.70
1520530325.200819,1,360,0,63.68,0.60
1520530325.250820,1,348,0,63.41,0.59
1520530325.300822,1,335,0,63.02,0.90
1520530325.350824,1,327,0,62.76,0.59
1520530325.400825,1,320,0,62.79,0.60
1520530325.450827,1,316,0,63.01,0.58
1520530325.500828,1,303,0,63.09,0.64
1520530325.550913,1,295,0,66.03,0.62
1520530325.600915,1,292,0,66.13,0.62
1520530325.650917,1,289,0,65.97,0.62
1520530325.700918,1,286,0,65.78,0.67
1520530325.750919,1,283,0,65.38,0.62
1520530325.800921,1,276,0,64.82,0.62
1520530325.850922,1,270,0,64.47,0.63
1520530325.900924,1,268,0,63.91,0.68
1520530325.950541,1,248,0,51.05,0.64
1520530326.000543,1,245,0,50.85,0.64
1520530326.050549,1,241,0,50.50,0.62
1520530326.100546,1,238,0,50.27,0.67
1520530326.150548,1,234,0,50.10,0.63
1520530326.200549,1,232,0,50.04,0.63
1520530326.250551,1,231,0,49.79,0.84
1520530326.300552,1,227,0,49.67,0.64
1520530326.350204,1,215,0,38.13,0.65
1520530326.400206,1,208,0,38.08,0.65
1520530326.450207,1,203,0,37.90,0.95
1520530326.500209,1,200,0,37.88,0.65
1520530326.550210,1,194,0,37.75,0.65
1520530326.600213,1,190,0,37.71,0.65
1520530326.650214,1,185,0,37.81,0.64
1520530326.700216,1,442,401,37.68,4.05
1520530326.750426,1,355,0,44.48,0.67
1520530326.800429,1,346,0,44.42,0.60
1520530326.850430,1,332,0,44.48,0.78
1520530326.900431,1,326,0,44.38,0.61
1520530326.950433,1,309,0,44.19,0.60
1520530327.000434,1,298,0,44.19,0.61
1520530327.050437,1,288,0,43.97,0.60
1520530327.100437,1,278,0,44.45,0.65
1520530327.150430,1,267,0,44.20,0.60
1520530327.200433,1,251,0,43.97,0.60
1520530327.250435,1,222,0,44.11,0.57
1520530327.300436,1,219,0,44.43,0.63
1520530327.350437,1,215,0,44.55,0.60
1520530327.400439,1,212,0,45.08,0.58
1520530327.450440,1,206,0,45.38,0.58
1520530327.500442,1,199,0,45.88,0.63
1520530327.550090,1,437,387,33.99,4.38
1520530327.600091,1,326,0,34.51,0.66
1520530327.650103,1,297,0,35.14,0.58
1520530327.700094,1,283,0,35.54,0.58
1520530327.750096,1,265,0,36.16,0.62
1520530327.800097,1,247,0,36.82,0.55
1520530327.850099,1,236,0,37.49,0.56
1520530327.900100,1,216,0,38.22,0.71
1520530327.950102,1,205,0,38.02,0.54
1520530328.000280,1,424,368,45.31,4.65
1520530328.050282,1,299,0,45.44,0.63
1520530328.100283,1,279,0,45.52,0.87
1520530328.150285,1,272,0,45.36,0.56
1520530328.200287,1,263,0,45.58,0.54
1520530328.250288,1,260,0,45.67,0.57
1520530328.300290,1,256,0,45.58,0.57
1520530328.350291,1,250,0,45.39,0.62
1520530328.400337,1,237,0,46.06,0.58
1520530328.450338,1,229,0,45.71,0.56
1520530328.500340,1,221,0,45.45,0.56
1520530328.550342,1,213,0,45.06,0.63
1520530328.600343,1,185,0,44.61,0.56
1520530328.650346,1,436,384,44.34,5.00
1520530328.700347,1,342,0,43.95,0.69
1520530328.750348,1,331,0,43.68,0.65
1520530328.800086,1,295,0,33.83,0.60
1520530328.850087,1,282,0,34.07,0.58
1520530328.900089,1,274,0,34.12,0.63
1520530328.950091,1,271,0,34.39,0.63
1520530329.000092,1,271,0,34.92,0.59
1520530329.050093,1,257,0,35.07,0.58
1520530329.100095,1,245,0,35.55,0.58
1520530329.150097,1,235,0,35.72,0.76
1520530329.200044,1,226,0,34.01,0.57
1520530329.250095,1,215,0,34.56,0.56
1520530329.300047,1,207,0,34.75,0.58
1520530329.350049,1,188,0,35.00,0.61
1520530329.400050,1,436,378,34.87,4.64
1520530329.450052,1,344,0,34.72,0.62
1520530329.500053,1,326,0,34.88,0.59
1520530329.550055,1,318,0,34.71,0.63
1520530329.600097,1,304,0,36.49,0.57
1520530329.650099,1,282,0,36.65,0.58
1520530329.700100,1,265,0,36.39,0.57
1520530329.750102,1,242,0,36.51,0.54
1520530329.800104,1,231,0,36.20,0.60
1520530329.850105,1,228,0,36.10,0.54
1520530329.900107,1,216,0,35.70,0.54
1520530329.950109,1,215,0,34.65,0.83
1520530330.000110,1,211,0,33.95,0.55
1520530330.050161,1,196,0,35.13,0.55
1520530330.100162,1,186,0,34.79,0.54
1520530330.150164,1,431,371,34.79,4.36
1520530330.200165,1,338,0,34.27,0.68
1520530330.250167,1,307,0,34.47,0.59
1520530330.300169,1,280,0,34.72,0.58
1520530330.350170,1,259,0,35.09,0.56
1520530330.400172,1,248,0,34.83,0.59
1520530330.450787,1,440,387,55.06,4.60
1520530330.500788,1,358,0,54.91,0.64
1520530330.550790,1,340,0,55.27,0.61
1520530330.600792,1,331,0,55.95,0.59
1520530330.650793,1,310,0,56.90,0.63
1520530330.700795,1,293,0,58.05,0.59
1520530330.750797,1,257,0,59.22,0.58
1520530330.800798,1,218,0,59.46,0.86
1520530330.850367,1,432,389,40.00,4.74
1520530330.900277,1,341,0,39.91,0.63
1520530330.950279,1,321,0,39.59,0.59
1520530331.000280,1,298,0,39.67,0.56
1520530331.050282,1,285,0,39.85,0.72
1520530331.100283,1,275,0,40.16,0.57
1520530331.150285,1,262,0,40.59,0.56
1520530331.200286,1,238,0,40.67,0.58
1520530331.250735,1,426,354,57.91,4.27
1520530331.300736,1,316,0,57.42,0.66
1520530331.350739,1,293,0,56.91,0.57
1520530331.400740,1,275,0,56.86,0.57
1520530331.450741,1,264,0,57.30,0.66
1520530331.500743,0,264,0,58.01,0.89
1520530331.550744,1,427,361,58.18,0.93
1520530331.600746,1,339,0,58.12,0.60
1520530331.650479,1,285,0,47.76,0.60
1520530331.700481,1,269,0,47.33,0.53
1520530331.750483,1,260,0,46.81,0.52
1520530331.800484,1,251,0,45.68,0.52
1520530331.850486,1,248,0,44.68,0.92
1520530331.900488,1,240,0,43.84,0.54
1520530331.950489,1,228,0,43.53,0.54
1520530332.000491,1,213,0,43.29,0.54
1520530332.050387,1,184,0,39.89,0.58
1520530332.100388,1,428,391,39.72,2.54
1520530332.150390,1,359,0,39.80,0.93
1520530332.200392,1,331,0,39.69,0.61
1520530332.250393,1,315,0,39.69,0.59
1520530332.300399,1,303,0,39.75,0.59
1520530332.350396,1,287,0,39.56,0.59
1520530332.400401,1,280,0,39.59,0.63
1520530332.450399,1,272,0,40.07,0.58
1520530332.500483,1,260,0,43.02,0.60
1520530332.550483,1,245,0,43.50,0.83
1520530332.600486,1,221,0,44.15,0.57
1520530332.650488,1,201,0,44.73,0.56
1520530332.700488,1,192,0,45.39,0.54
1520530332.750491,1,182,0,45.91,0.56
1520530332.800492,1,434,399,46.34,2.65
1520530332.850493,1,333,0,46.09,0.94
1520530332.900164,1,241,0,33.57,0.57
1520530332.950166,1,217,0,33.39,0.53
1520530333.000168,1,200,0,33.16,0.51
1520530333.050169,1,190,0,33.15,0.51
1520530333.100171,1,185,0,33.33,0.57
1520530333.150173,1,423,355,33.51,2.66
1520530333.200174,0,423,355,33.60,0.66
1520530333.250175,1,408,328,34.12,0.94
1520530333.300608,1,176,0,51.75,0.55
1520530333.350610,1,418,354,52.02,2.68
1520530333.400612,1,299,0,51.82,0.61
1520530333.450613,1,268,0,51.52,0.87
1520530333.500615,1,252,0,51.01,0.54
1520530333.550616,1,240,0,50.96,0.52
1520530333.600618,1,238,0,51.05,0.54
1520530333.650619,1,235,0,50.71,0.55
1520530333.700541,1,228,0,47.50,0.62
1520530333.750542,1,221,0,48.01,0.56
1520530333.800544,1,208,0,48.25,0.54
1520530333.850545,1,200,0,48.14,0.54
1520530333.900547,1,186,0,47.68,0.58
1520530333.950549,1,447,409,46.87,2.62
1520530334.000561,1,362,0,46.01,0.94
1520530334.050551,1,332,0,45.64,0.61
1520530334.100216,1,278,0,32.81,0.58
1520530334.150218,1,263,0,32.71,0.56
1520530334.200219,1,256,0,32.59,0.55
1520530334.250221,1,252,0,32.65,0.61
1520530334.300222,1,250,0,32.86,0.57
1520530334.350224,1,245,0,33.37,0.58
1520530334.400225,1,237,0,33.46,0.57
1520530334.450227,1,237,0,33.48,0.61
1520530334.500228,1,233,0,33.49,0.57
1520530334.550086,1,227,0,28.61,0.57
1520530334.600088,1,221,0,28.14,0.56
1520530334.650089,1,213,0,27.10,0.88
1520530334.700091,1,204,0,26.02,0.58
1520530334.750092,1,192,0,25.24,0.58
1520530334.800094,1,186,0,24.39,0.57
1520530334.850095,1,180,0,23.97,0.62
1520530334.900097,1,407,317,23.95,2.75
1520530334.950928,1,420,375,55.06,2.95
1520530335.000928,1,355,0,55.01,0.94
1520530335.050931,1,346,0,55.53,0.57
1520530335.100933,1,334,0,55.66,0.98
1520530335.150934,1,316,0,55.68,0.67
1520530335.200936,1,295,0,56.42,0.52
1520530335.250937,1,275,0,57.83,0.60
1520530335.300938,1,261,0,58.90,0.52
1520530335.351457,1,216,0,76.98,0.53
1520530335.401459,1,210,0,76.52,0.53
1520530335.451459,1,200,0,76.62,0.56
1520530335.501461,1,190,0,76.51,0.51
1520530335.551462,1,187,0,76.06,0.51
1520530335.601512,1,442,393,76.37,3.46
1520530335.651465,1,372,0,76.24,0.61
1520530335.701467,1,366,0,76.22,0.92
1520530335.750223,1,442,384,31.49,3.40
1520530335.800224,1,357,0,31.46,0.58
1520530335.850226,1,341,0,31.25,0.54
1520530335.900227,1,320,0,31.14,0.53
1520530335.950228,1,301,0,31.99,0.68
1520530336.000230,1,286,0,32.08,0.54
1520530336.050231,1,264,0,32.44,0.52
1520530336.100233,1,257,0,32.17,0.51
1520530336.150177,1,249,0,30.43,0.55
1520530336.200179,1,243,0,30.40,0.60
1520530336.250180,1,237,0,30.62,0.56
1520530336.300182,1,230,0,30.69,0.53
1520530336.350183,1,227,0,30.88,0.53
1520530336.400185,1,219,0,30.97,0.74
1520530336.450186,1,217,0,30.79,0.53
1520530336.500188,1,207,0,30.94,0.56
1520530336.550582,1,438,381,46.10,3.53
1520530336.600584,1,347,0,46.05,0.61
1520530336.650586,1,333,0,46.25,0.54
1520530336.700586,1,325,0,46.11,0.58
1520530336.750588,1,318,0,45.96,0.53
1520530336.800590,1,312,0,45.96,0.54
1520530336.850591,1,291,0,45.79,0.81
1520530336.900594,1,287,0,46.00,0.54
1520530336.950594,1,284,0,45.81,0.55
1520530337.000258,1,246,0,32.99,0.56
1520530337.050259,1,241,0,32.77,0.52
1520530337.100266,1,233,0,32.62,0.58
1520530337.150262,1,226,0,32.64,0.52
1520530337.200351,1,218,0,32.64,0.54
1520530337.250265,1,216,0,32.51,0.53
1520530337.300267,1,211,0,32.21,0.76
1520530337.350269,1,209,0,31.68,0.53
1520530337.400301,1,193,0,32.47,0.56
1520530337.450303,1,447,385,32.24,4.05
1520530337.500304,1,332,0,31.80,0.64
1520530337.550306,1,316,0,31.25,0.85
1520530337.600307,1,290,0,30.61,0.53
1520530337.650309,1,269,0,30.58,0.54
1520530337.700310,1,244,0,30.67,0.51
1520530337.750312,1,234,0,30.57,0.54
1520530337.800854,1,432,384,49.14,14.97
1520530337.850855,1,354,0,49.03,0.65
1520530337.900856,1,328,0,48.79,0.63
1520530337.950858,1,302,0,48.20,0.53
1520530338.000860,1,295,0,48.24,0.60
1520530338.050862,1,278,0,48.19,0.56
1520530338.100863,1,262,0,48.08,0.68
1520530338.150864,1,249,0,48.09,0.60
1520530338.200470,1,201,0,35.04,0.50
1520530338.250473,1,180,0,35.46,0.51
1520530338.300474,1,437,401,35.49,4.33
1520530338.350476,1,311,0,36.19,0.63
1520530338.400477,1,284,0,36.88,0.55
1520530338.450478,1,272,0,37.43,0.52
1520530338.500480,1,264,0,37.89,0.52
1520530338.550481,1,250,0,38.27,0.80
1520530338.600260,1,225,0,30.44,0.59
1520530338.650261,1,217,0,30.25,0.52
1520530338.700263,1,189,0,30.54,0.48
1520530338.750266,1,439,339,29.68,4.92
1520530338.800266,1,299,0,29.15,0.66
1520530338.850267,1,250,0,28.66,0.52
1520530338.900269,1,239,0,28.05,0.52
1520530338.950270,1,210,0,27.25,0.55
1520530339.000272,1,190,0,26.47,0.50
1520530339.050959,1,435,353,52.61,4.60
1520530339.100960,1,337,0,52.77,0.59
1520530339.150962,1,313,0,52.82,0.72
1520530339.200963,1,288,0,53.26,0.55
1520530339.250965,1,271,0,52.91,0.56
1520530339.300966,1,255,0,53.25,0.55
1520530339.350968,1,239,0,53.37,0.54
1520530339.400970,1,233,0,53.81,0.61
1520530339.451687,1,436,372,81.57,4.66
1520530339.501689,1,330,0,82.65,0.62
1520530339.551691,1,302,0,83.57,0.58
1520530339.601692,1,278,0,84.54,0.63
1520530339.651693,1,262,0,84.78,0.55
1520530339.701695,1,237,0,85.14,0.56
1520530339.751697,1,223,0,85.43,0.54
1520530339.801698,1,213,0,85.80,0.63
1520530339.851056,1,429,371,61.16,4.65
1520530339.901057,1,343,0,61.13,0.62
1520530339.951059,1,302,0,60.96,0.56
1520530340.001061,1,284,0,61.03,0.60
1520530340.051062,1,274,0,60.88,0.54
1520530340.101063,1,247,0,60.75,0.52
1520530340.151065,1,246,0,61.04,0.53
1520530340.201067,1,244,0,60.94,0.61
1520530340.250395,1,436,382,34.73,4.60
1520530340.300397,1,357,0,34.61,0.60
1520530340.350399,1,328,0,34.60,0.56
1520530340.400400,1,305,0,34.41,0.53
1520530340.450401,1,292,0,34.34,0.61
1520530340.500403,1,281,0,34.11,0.54
1520530340.550404,1,277,0,33.87,0.56
1520530340.600406,1,261,0,33.78,0.85
1520530340.650347,1,241,0,31.23,0.55
1520530340.700348,1,232,0,31.07,0.54
1520530340.750350,1,226,0,30.80,0.54
1520530340.800351,1,220,0,30.62,0.53
1520530340.850353,1,220,0,30.22,0.76
1520530340.900354,1,209,0,30.25,0.55
1520530340.950356,1,194,0,30.22,0.54
1520530341.000358,1,193,0,30.00,0.55
1520530341.050774,1,446,387,45.16,4.43
1520530341.100776,1,365,0,44.99,0.70
1520530341.150777,1,344,0,44.84,0.59
1520530341.200779,1,335,0,45.16,0.56
1520530341.250780,1,326,0,45.37,0.88
1520530341.300782,1,301,0,45.42,0.57
1520530341.350784,1,288,0,45.68,0.58
1520530341.400785,1,279,0,45.81,0.58
1520530341.450787,1,265,0,45.87,0.57
1520530341.500713,1,254,0,43.10,0.63
1520530341.550714,1,249,0,43.28,0.56
1520530341.600716,1,248,0,43.36,0.55
1520530341.650717,1,244,0,43.37,0.58
1520530341.700719,1,237,0,43.57,0.62
1520530341.750720,1,235,0,43.57,0.57
1520530341.800722,1,230,0,43.79,0.57
1520530341.850723,1,228,0,43.81,0.81
1520530341.900542,1,215,0,37.04,0.65
1520530341.950578,1,212,0,37.09,0.58
1520530342.000545,1,210,0,37.23,0.58
1520530342.050546,1,209,0,37.26,0.81
1520530342.100548,1,209,0,37.23,0.65
1520530342.150549,1,207,0,37.23,0.61
1520530342.200551,1,206,0,37.23,0.61
1520530342.250553,1,204,0,37.01,0.64
1520530342.300673,1,199,0,41.80,0.69
1520530342.350675,1,197,0,41.42,0.62
1520530342.400676,1,196,0,41.17,0.63
1520530342.450678,1,190,0,41.17,0.71
1520530342.500679,1,189,0,41.06,0.64
1520530342.550681,1,188,0,41.12,0.63
1520530342.600683,1,440,398,41.38,4.52
1520530342.650684,1,361,0,41.29,0.91
1520530342.700643,1,335,0,40.15,0.59
1520530342.750644,1,315,0,40.14,0.57
1520530342.800646,1,302,0,39.56,0.57
1520530342.850648,1,293,0,38.89,0.58
1520530342.900649,1,280,0,38.72,0.63
1520530342.950651,1,267,0,38.53,0.58
1520530343.000653,1,255,0,37.99,0.58
1520530343.050654,1,246,0,37.50,0.85
1520530343.101131,1,435,393,55.10,4.64
1520530343.151133,1,380,0,55.43,0.66
1520530343.201134,1,365,0,55.66,0.62
1520530343.251136,1,342,0,55.83,0.90
1520530343.301138,1,310,0,55.81,0.61
1520530343.351140,1,276,0,55.49,0.60
1520530343.401141,1,253,0,55.37,0.59
1520530343.451144,1,221,0,54.77,0.62
1520530343.501404,1,189,0,64.31,0.54
1520530343.551476,1,434,391,63.99,4.69
1520530343.601407,1,375,0,63.75,0.66
1520530343.651408,1,344,0,63.13,0.68
1520530343.701410,1,308,0,62.33,0.60
1520530343.751410,1,269,0,61.10,0.58
1520530343.801413,1,243,0,60.38,0.58
1520530343.851414,1,217,0,59.28,0.84
1520530343.901415,1,201,0,57.67,0.53
1520530343.951402,1,185,0,55.70,0.53
1520530344.001403,1,432,376,54.94,47.36
1520530344.051405,1,382,0,54.35,1.45
1520530344.101406,1,340,0,53.79,1.13
1520530344.151408,1,318,0,53.28,1.15
1520530344.201410,1,296,0,52.85,1.04
1520530344.251411,1,279,0,52.07,1.57
1520530344.301413,1,266,0,51.31,1.21
1520530344.351409,1,251,0,49.82,1.02
1520530344.401411,1,233,0,49.16,1.10
1520530344.451412,1,223,0,48.61,1.02
1520530344.501414,1,210,0,48.24,1.09
1520530344.551415,1,198,0,48.23,0.95
1520530344.601418,1,428,374,48.10,36.56
1520530344.651419,1,392,0,48.51,1.40
1520530344.701421,1,368,0,49.09,1.24
1520530344.751636,1,348,0,55.28,1.22
1520530344.801638,1,337,0,56.08,1.19
1520530344.851639,1,314,0,56.74,1.22
1520530344.901641,1,294,0,57.12,1.17
1520530344.951642,1,268,0,58.00,1.29
1520530345.001644,1,254,0,57.83,1.09
1520530345.051645,1,245,0,57.11,1.05
1520530345.101647,1,234,0,56.97,1.15
1520530345.151845,1,223,0,59.28,1.03
1520530345.201743,1,201,0,59.53,1.13
1520530345.251745,1,188,0,59.91,0.94
1520530345.301746,1,442,371,60.46,35.45
1520530345.351748,1,381,0,60.60,1.30
1520530345.401750,1,341,0,61.06,1.11
1520530345.451751,1,307,0,61.70,1.12
1520530345.501753,1,291,0,62.34,1.05
1520530345.551195,1,222,0,46.52,1.00
1520530345.601196,1,204,0,46.83,0.88
1520530345.651198,1,188,0,47.31,0.86
1520530345.701199,1,439,362,47.92,34.37
1520530345.751201,1,349,0,48.16,1.24
1520530345.801203,1,290,0,48.22,1.06
1520530345.851204,1,246,0,48.84,1.25
1520530345.901206,1,196,0,49.90,0.93
1520530345.951161,1,431,350,49.31,30.94
1520530346.001475,1,288,0,60.06,1.22
1520530346.051476,1,249,0,60.72,0.98
1520530346.101478,1,220,0,61.28,0.98
1520530346.151479,1,205,0,61.70,0.87
1520530346.201480,1,190,0,62.60,0.86
1520530346.251484,1,415,335,63.09,29.00
1520530346.301485,1,314,0,63.28,1.15
1520530346.351486,1,277,0,63.35,1.04
1520530346.401376,1,239,0,59.80,0.95
1520530346.451378,1,211,0,60.19,0.97
1520530346.501379,1,198,0,60.74,0.90
1520530346.551380,1,180,0,61.01,0.91
1520530346.601382,1,432,310,61.51,27.96
1520530346.651383,1,303,0,61.70,1.12
1520530346.701385,1,251,0,61.87,0.96
1520530346.751386,1,223,0,61.87,0.89
1520530346.801545,1,197,0,67.87,0.94
1520530346.851546,1,431,325,67.86,27.01
1520530346.901547,1,336,0,67.78,1.20
1520530346.951549,1,285,0,67.77,1.05
1520530347.001551,1,246,0,67.52,0.97
1520530347.051553,1,226,0,67.48,1.00
1520530347.101554,1,203,0,67.68,0.93
1520530347.151556,1,187,0,67.69,0.90
1520530347.201400,1,438,346,61.75,27.12
1520530347.251402,1,366,0,61.89,1.31
1520530347.301403,1,322,0,61.61,1.18
1520530347.351405,1,286,0,61.39,1.07
1520530347.401407,1,240,0,61.10,0.98
1520530347.451408,1,210,0,60.58,1.00
1520530347.501410,1,194,0,60.36,0.93
1520530347.551411,1,436,324,60.50,25.92
1520530347.601218,1,322,0,53.65,1.18
1520530347.651220,1,284,0,53.98,1.04
1520530347.701222,1,251,0,54.38,1.06
1520530347.751223,1,221,0,54.89,0.93
1520530347.801224,1,199,0,55.42,0.93
1520530347.851226,1,189,0,55.60,0.96
1520530347.901227,1,432,335,56.33,25.30
1520530347.951229,1,332,0,56.54,1.26
1520530348.001163,1,291,0,54.39,1.13
1520530348.051164,1,258,0,54.61,1.01
1520530348.101166,1,209,0,55.01,0.94
1520530348.151168,1,181,0,55.36,0.93
1520530348.201169,1,425,332,55.98,24.57
1520530348.251170,1,297,0,56.38,1.13
1520530348.301184,1,256,0,56.81,1.05
1520530348.351173,1,232,0,57.02,1.01
1520530348.401175,1,214,0,57.10,0.94
1520530348.451416,1,181,0,67.32,0.89
1520530348.501419,1,427,365,67.14,25.09
1520530348.551420,1,351,0,67.18,1.24
1520530348.601422,1,267,0,67.07,1.00
1520530348.651423,1,247,0,67.00,1.02
1520530348.701425,1,205,0,66.74,0.92
1520530348.751426,1,190,0,66.79,0.85
1520530348.801427,1,413,337,67.26,24.40
1520530348.851315,1,315,0,61.99,1.51
1520530348.901316,1,274,0,61.67,1.04
1520530348.951318,1,237,0,61.38,0.98
1520530349.001319,1,228,0,61.14,1.02
1520530349.051321,1,221,0,60.87,0.98
1520530349.101322,1,184,0,60.33,0.92
1520530349.151325,1,443,370,59.67,24.99
1520530349.201326,1,340,0,59.32,1.30
1520530349.251106,1,275,0,49.97,1.07
1520530349.301107,1,259,0,49.56,1.04
1520530349.351109,1,252,0,49.63,1.00
1520530349.401110,1,248,0,49.45,1.01
1520530349.451112,1,230,0,49.11,1.03
1520530349.501114,1,219,0,49.11,0.97
1520530349.551115,1,208,0,49.40,0.99
1520530349.601117,1,198,0,49.60,1.01
1520530349.650935,1,185,0,42.02,0.93
1520530349.700937,1,444,391,41.96,5.01
1520530349.750943,1,369,0,41.84,1.31
1520530349.800940,1,339,0,41.20,1.15
1520530349.850941,1,297,0,40.76,1.11
1520530349.900986,1,273,0,40.32,1.08
1520530349.950944,1,256,0,39.70,1.02
1520530350.000946,1,240,0,38.99,1.17
1520530350.051376,1,441,387,55.47,4.93
1520530350.101378,1,386,0,55.45,1.25
1520530350.151379,1,350,0,55.39,1.17
1520530350.201381,1,328,0,55.26,1.09
1520530350.251384,1,286,0,54.72,1.01
1520530350.301384,1,251,0,54.87,1.01
1520530350.351386,1,227,0,54.79,0.95
1520530350.401387,1,205,0,54.48,0.97
1520530350.451515,1,432,378,58.64,4.82
1520530350.501516,1,357,0,58.59,1.17
1520530350.551518,1,311,0,58.30,1.10
1520530350.601520,1,283,0,57.95,1.10
1520530350.651521,1,269,0,57.94,1.03
1520530350.701523,1,238,0,57.85,0.95
1520530350.751523,1,223,0,57.62,0.99
1520530350.801526,1,197,0,57.47,0.90
1520530350.851527,1,434,373,57.16,4.97
1520530350.901571,1,374,0,58.28,1.26
1520530350.951573,1,345,0,57.83,1.12
1520530351.001574,1,308,0,57.21,1.08
1520530351.051576,1,272,0,56.30,1.04
1520530351.101578,1,251,0,54.99,1.05
1520530351.151579,1,232,0,53.69,1.11
1520530351.201581,1,208,0,52.20,0.99
1520530351.251582,1,184,0,51.33,0.91
1520530351.301683,1,428,376,53.61,3.04
1520530351.351680,1,375,0,52.46,1.21
1520530351.401685,1,354,0,51.65,1.30
1520530351.451683,1,325,0,51.25,1.17
1520530351.501759,1,306,0,50.60,1.20
1520530351.551686,1,280,0,50.30,1.11
1520530351.601688,1,242,0,49.91,1.01
1520530351.651689,1,232,0,50.08,1.05
1520530351.701695,1,223,0,50.18,1.03
1520530351.751696,1,189,0,50.05,0.93
1520530351.801698,1,183,0,50.28,0.96
1520530351.851700,1,436,378,50.48,2.70
1520530351.901701,1,390,0,50.79,1.30
1520530351.951703,1,350,0,51.33,1.18
1520530352.001704,1,317,0,51.81,1.11
1520530352.051706,1,302,0,52.21,1.15
1520530352.101805,1,279,0,55.41,1.12
1520530352.151806,1,251,0,55.44,1.07
1520530352.201808,1,227,0,55.56,1.02
1520530352.251809,1,216,0,55.80,1.01
1520530352.301811,1,191,0,55.22,0.99
1520530352.351812,1,439,385,54.38,2.71
1520530352.401814,1,339,0,54.92,1.15
1520530352.451817,1,306,0,55.85,1.06
1520530352.501469,1,262,0,46.23,1.16
1520530352.551471,1,253,0,46.53,0.98
1520530352.601472,1,231,0,46.96,0.94
1520530352.651474,1,212,0,47.15,0.96
1520530352.701475,1,202,0,47.61,0.96
1520530352.751477,1,194,0,47.85,0.91
1520530352.801478,1,437,373,48.29,2.81
1520530352.851480,1,379,0,48.68,1.18
1520530352.901098,1,238,0,37.51,1.05
1520530352.951099,1,182,0,37.78,0.86
1520530353.001101,1,430,360,37.93,2.89
1520530353.051102,1,315,0,38.17,1.05
1520530353.101208,1,271,0,38.08,0.98
1520530353.151105,1,225,0,38.18,0.95
1520530353.201107,1,199,0,38.61,0.90
1520530353.251108,1,424,307,39.19,2.72
1520530353.301110,1,313,0,39.58,1.03
1520530353.351398,1,199,0,49.61,1.08
1520530353.401399,1,417,297,50.65,2.42
1520530353.451401,1,292,0,51.11,1.05
1520530353.501402,1,260,0,51.57,0.92
1520530353.551404,1,233,0,52.04,0.94
1520530353.601405,1,211,0,52.41,0.96
1520530353.651407,1,202,0,52.44,0.89
1520530353.701408,1,184,0,52.64,0.86
1520530353.751736,1,431,318,65.24,2.57
1520530353.801738,1,318,0,65.40,1.15
1520530353.851739,1,273,0,65.31,1.02
1520530353.901741,1,237,0,65.58,0.89
1520530353.951742,1,210,0,65.65,0.87
1520530354.001744,1,435,304,65.59,2.50
1520530354.051745,1,314,0,65.59,1.03
1520530354.101747,1,272,0,65.76,0.99
1520530354.151896,1,231,0,71.56,0.90
1520530354.201897,1,200,0,71.69,0.91
1520530354.251899,1,437,326,71.36,25.92
1520530354.301900,1,298,0,71.79,1.34
1520530354.351902,1,258,0,71.82,1.12
1520530354.401904,1,222,0,71.66,1.03
1520530354.451905,1,200,0,71.16,0.95
1520530354.501907,1,433,362,71.25,26.60
1520530354.551594,1,317,0,58.93,1.25
1520530354.601593,1,286,0,58.75,1.32
1520530354.651595,1,265,0,58.74,1.05
1520530354.701596,1,244,0,58.60,0.95
1520530354.751597,1,226,0,58.86,1.16
1520530354.801599,1,216,0,59.04,0.94
1520530354.851600,1,205,0,59.37,0.93
1520530354.901602,1,432,315,59.68,24.96
1520530354.951359,1,317,0,50.74,1.19
1520530355.001360,1,276,0,51.22,0.99
1520530355.051362,1,255,0,51.18,0.95
1520530355.101363,1,245,0,51.83,0.99
1520530355.151365,1,233,0,52.55,0.96
1520530355.201366,1,223,0,52.98,0.98
1520530355.251368,1,202,0,52.99,0.91
1520530355.301370,1,429,325,53.28,24.46
1520530355.351371,1,308,0,53.67,1.20
1520530355.401407,1,249,0,55.47,1.11
1520530355.451408,1,222,0,55.83,0.87
1520530355.501410,1,207,0,56.12,0.87
1520530355.551411,1,197,0,56.38,0.83
1520530355.601414,1,183,0,56.31,0.89
1520530355.651416,1,423,347,56.60,23.73
1520530355.701417,1,333,0,56.89,1.26
1520530355.751418,1,285,0,56.86,1.08
1520530355.801531,1,238,0,61.63,1.01
1520530355.851533,1,234,0,61.56,0.92
1520530355.901534,1,218,0,61.70,1.07
1520530355.951536,1,212,0,61.35,0.95
1520530356.001537,1,197,0,60.93,0.88
1520530356.051539,1,184,0,60.90,0.87
1520530356.101541,1,183,0,60.99,0.90
1520530356.151542,1,423,342,60.49,23.68
1520530356.201376,1,305,0,53.06,1.34
1520530356.251380,1,285,0,52.63,1.13
1520530356.301379,1,262,0,52.84,1.34
1520530356.351380,1,250,0,52.61,1.01
1520530356.401382,1,246,0,52.40,1.01
1520530356.451383,1,229,0,52.02,1.06
1520530356.501385,1,219,0,51.47,1.01
1520530356.551386,1,203,0,51.28,0.98
1520530356.601232,1,187,0,45.15,1.04
1520530356.651235,1,440,397,44.84,26.94
1520530356.701236,1,383,0,44.55,1.43
1520530356.751237,1,350,0,44.74,1.24
1520530356.801239,1,332,0,44.61,1.29
1520530356.851240,1,321,0,44.60,1.19
1520530356.901242,1,300,0,44.56,1.13
1520530356.951244,1,277,0,44.77,1.14
1520530357.001153,1,265,0,40.76,1.11
1520530357.051154,1,253,0,40.78,1.17
1520530357.101156,1,250,0,40.58,1.14
1520530357.151156,1,237,0,39.94,1.09
1520530357.201159,1,229,0,39.47,1.25
1520530357.251160,1,202,0,38.95,1.03
1520530357.301162,1,184,0,38.59,1.00
1520530357.351164,1,430,363,38.04,27.72
1520530357.401658,1,237,0,56.82,1.11
1520530357.451660,1,214,0,56.68,0.98
1520530357.501662,1,196,0,56.48,0.93
1520530357.551663,1,188,0,56.43,1.07
1520530357.601666,1,433,380,55.96,27.50
1520530357.651666,1,376,0,55.95,1.21
1520530357.701667,1,348,0,55.98,1.10
1520530357.751669,1,309,0,55.88,1.10
1520530357.801671,1,284,0,55.95,1.09
1520530357.851585,1,258,0,51.64,1.02
1520530357.901559,1,242,0,51.67,1.39
1520530357.951560,1,223,0,51.35,0.96
1520530358.001562,1,203,0,51.39,0.98
1520530358.051563,1,186,0,51.17,0.91
1520530358.101565,1,434,374,50.85,28.56
1520530358.151567,1,376,0,50.79,1.32
1520530358.201568,1,354,0,50.65,1.16
1520530358.251625,1,312,0,52.68,1.17
1520530358.301626,1,285,0,52.23,1.06
1520530358.351628,1,253,0,51.90,0.99
1520530358.401629,1,242,0,51.40,1.13
1520530358.451631,1,234,0,50.90,1.00
1520530358.501632,1,211,0,50.16,1.18
1520530358.551634,1,202,0,49.29,0.98
1520530358.601636,1,199,0,48.08,0.92
1520530358.651798,1,436,368,52.35,28.57
1520530358.701800,1,379,0,51.49,1.32
1520530358.751801,1,349,0,50.98,1.12
1520530358.801803,1,323,0,50.03,1.13
1520530358.851805,1,289,0,49.26,1.12
1520530358.901806,1,264,0,48.57,1.02
1520530358.951808,1,250,0,47.71,1.02
1520530359.001810,1,236,0,47.52,1.04
1520530359.051806,1,218,0,46.88,0.99
1520530359.101811,1,196,0,46.26,0.98
1520530359.151809,1,182,0,46.17,0.97
1520530359.201810,1,424,353,45.77,27.98
1520530359.251812,1,370,0,45.27,1.43
1520530359.301813,1,336,0,45.21,1.31
1520530359.351815,1,310,0,45.59,1.21
1520530359.401817,1,290,0,46.05,1.16
1520530359.451919,1,281,0,47.64,1.28
1520530359.501870,1,271,0,48.34,1.09
1520530359.551871,1,256,0,48.58,1.10
1520530359.601873,1,233,0,48.95,1.07
1520530359.651874,1,216,0,49.58,1.01
1520530359.701876,1,191,0,49.93,1.01
1520530359.751878,1,434,389,50.22,29.11
1520530359.801879,1,369,0,50.62,1.32
1520530359.851881,1,322,0,50.94,1.12
1520530359.901826,1,293,0,48.82,1.13
1520530359.951828,1,261,0,48.18,1.08
1520530360.001829,1,241,0,48.11,1.11
1520530360.051831,1,209,0,48.38,0.98
1520530360.101832,1,186,0,48.70,0.97
1520530360.151834,1,442,368,49.08,29.75
1520530360.201836,1,354,0,49.75,1.37
1520530360.251837,1,303,0,50.37,1.16
1520530360.301316,1,197,0,35.46,1.06
1520530360.351317,1,438,357,35.36,28.99
1520530360.401319,1,323,0,35.50,1.24
1520530360.451321,1,274,0,35.35,1.30
1520530360.501323,1,226,0,35.39,0.97
1520530360.551324,1,208,0,35.36,0.93
1520530360.601326,1,190,0,35.76,1.16
1520530360.651327,1,444,367,36.28,28.79
1520530360.700978,1,260,0,26.81,1.13
1520530360.750980,1,216,0,27.08,0.90
1520530360.800981,1,440,332,27.63,28.19
1520530360.850983,1,335,0,28.03,1.15
1520530360.900984,1,265,0,28.47,1.08
1520530360.950988,1,218,0,28.67,0.94
1520530361.000988,1,186,0,29.21,0.93
1520530361.051064,1,408,234,29.57,27.34
1520530361.101044,1,250,0,31.09,1.09
1520530361.151045,1,207,0,30.70,0.86
1520530361.201047,1,426,249,30.35,25.67
1520530361.251048,1,264,0,30.18,1.32
1520530361.301050,1,214,0,30.39,0.97
1520530361.351051,1,191,0,30.32,0.90
1520530361.401053,1,422,269,30.39,24.81
1520530361.451055,1,286,0,30.28,1.13
1520530361.501690,1,426,319,55.23,24.76
1520530361.551692,1,307,0,55.26,1.15
1520530361.601693,1,285,0,55.32,1.28
1520530361.651695,1,267,0,55.49,0.99
1520530361.701696,1,252,0,55.33,0.95
1520530361.751698,1,222,0,55.21,0.99
1520530361.801700,1,213,0,55.25,0.95
1520530361.851701,1,198,0,55.20,0.96
1520530361.901939,1,440,363,63.98,25.26
1520530361.951941,1,361,0,64.00,1.37
1520530362.001942,1,327,0,64.10,1.20
1520530362.051944,1,307,0,64.17,1.23
1520530362.101945,1,290,0,64.28,1.17
1520530362.151947,1,265,0,64.27,1.34
1520530362.201949,1,249,0,64.43,1.08
1520530362.251950,1,228,0,64.39,1.03
1520530362.301951,1,221,0,64.27,1.12
1520530362.351623,1,205,0,51.85,1.02
1520530362.401625,1,200,0,52.09,1.02
1520530362.451626,1,195,0,52.11,1.02
1520530362.501628,1,437,358,51.93,24.59
1520530362.551629,1,347,0,52.15,1.29
1520530362.601631,1,305,0,52.28,1.20
1520530362.651727,1,281,0,52.30,1.04
1520530362.701634,1,258,0,52.52,0.99
1520530362.751364,1,218,0,42.16,1.11
1520530362.801366,1,194,0,42.31,0.91
1520530362.851367,1,186,0,42.03,0.91
1520530362.901369,1,435,329,41.95,23.38
1520530362.951370,1,336,0,41.87,1.18
1520530363.001372,1,296,0,41.86,1.05
1520530363.051374,1,260,0,42.43,0.98
1520530363.101375,1,250,0,42.37,0.98
1520530363.151650,1,210,0,53.75,0.99
1520530363.201651,1,200,0,54.44,0.91
1520530363.251653,1,184,0,55.10,0.85
1520530363.301654,1,438,320,55.76,23.14
1520530363.351656,1,324,0,56.21,1.19
1520530363.401658,1,277,0,56.79,1.03
1520530363.451659,1,236,0,57.38,0.93
1520530363.501661,1,209,0,57.99,0.88
1520530363.551745,1,434,347,62.03,23.00
1520530363.601746,1,308,0,61.80,1.11
1520530363.651748,1,260,0,60.93,1.00
1520530363.701749,1,230,0,60.54,0.93
1520530363.751751,1,205,0,59.87,0.91
1520530363.801753,1,193,0,59.26,0.97
1520530363.851754,1,177,0,58.78,0.90
1520530363.901756,1,417,333,57.99,23.36
1520530363.951780,1,318,0,58.34,1.31
1520530364.001782,1,285,0,57.98,1.09
1520530364.051784,1,262,0,57.29,1.02
1520530364.101785,1,242,0,56.59,0.99
1520530364.151786,1,218,0,55.64,0.96
1520530364.201788,1,192,0,54.89,0.94
1520530364.251789,1,446,364,53.24,25.42
1520530364.301791,1,363,0,51.48,1.58
1520530364.351792,1,325,0,50.78,1.28
1520530364.401853,1,307,0,52.02,1.18
1520530364.451854,1,299,0,51.24,1.19
1520530364.501856,1,290,0,51.05,1.16
1520530364.551858,1,284,0,50.19,1.15
1520530364.601859,1,274,0,49.69,1.14
1520530364.651861,1,252,0,49.13,1.09
1520530364.701862,1,230,0,49.42,1.10
1520530364.751864,1,206,0,49.78,1.04
1520530364.802375,1,431,380,68.13,25.83
1520530364.852378,1,385,0,68.68,1.34
1520530364.902379,1,364,0,68.79,1.19
1520530364.952380,1,350,0,68.66,1.18
1520530365.002383,1,325,0,68.24,1.17
1520530365.052383,1,308,0,67.88,1.14
1520530365.102386,1,292,0,67.61,1.12
1520530365.152387,1,282,0,67.64,1.14
1520530365.201844,1,239,0,49.69,1.07
1520530365.251846,1,226,0,49.64,1.07
1520530365.301847,1,222,0,49.77,0.99
1520530365.351849,1,213,0,49.85,0.97
1520530365.401850,1,204,0,50.04,1.37
1520530365.451852,1,198,0,50.31,0.97
1520530365.501853,1,194,0,50.53,1.46
1520530365.551855,1,191,0,51.24,1.00
1520530365.601535,1,439,378,40.17,26.89
1520530365.651537,1,365,0,40.66,1.30
1520530365.701539,1,344,0,40.73,1.14
1520530365.751540,1,334,0,41.02,1.16
1520530365.801546,1,321,0,41.61,1.09
1520530365.851543,1,300,0,41.63,0.99
1520530365.901545,1,292,0,41.85,1.05
1520530365.951546,1,279,0,42.33,1.00
1520530366.001907,1,226,0,56.17,0.96
1520530366.051908,1,213,0,56.36,0.94
1520530366.101911,1,195,0,55.94,0.85
1520530366.151911,1,187,0,55.36,0.98
1520530366.201913,1,440,372,54.48,31.48
1520530366.251915,1,366,0,53.69,1.80
1520530366.301916,1,339,0,52.88,1.23
1520530366.351918,1,312,0,52.34,1.16
1520530366.402120,1,278,0,58.30,1.15
1520530366.452121,1,241,0,57.95,1.06
1520530366.502124,1,428,375,57.65,30.00
1520530366.552125,1,307,0,56.82,1.29
1520530366.602127,1,285,0,56.26,1.14
1520530366.652128,1,272,0,55.10,1.14
1520530366.702130,1,251,0,53.81,1.03
1520530366.752132,1,233,0,53.17,1.04
1520530366.802132,1,208,0,52.75,1.03
1520530366.852166,1,433,364,53.49,29.38
1520530366.902167,1,365,0,53.03,1.61
1520530366.952169,1,315,0,52.54,1.19
1520530367.002170,1,297,0,52.28,1.09
1520530367.052171,1,267,0,52.42,1.15
1520530367.102178,1,246,0,52.61,1.03
1520530367.152174,1,227,0,52.55,1.01
1520530367.202177,1,213,0,52.63,1.16
1520530367.252540,1,190,0,63.11,0.99
1520530367.302541,1,183,0,62.80,0.96
1520530367.352542,1,437,374,63.17,28.16
1520530367.402545,1,363,0,62.95,1.38
1520530367.452546,1,343,0,62.61,1.22
1520530367.502548,1,323,0,62.05,1.22
1520530367.552549,1,306,0,61.79,1.19
1520530367.602551,1,290,0,61.53,1.21
1520530367.652264,1,274,0,52.83,1.14
1520530367.702266,1,263,0,52.90,1.13
1520530367.752267,1,251,0,52.58,1.14
1520530367.802269,1,236,0,52.52,1.09
1520530367.852271,1,218,0,52.73,1.07
1520530367.902272,1,211,0,52.28,1.04
1520530367.952274,1,196,0,52.24,1.05
1520530368.002275,1,186,0,52.04,0.98
1520530368.052124,1,440,387,48.02,29.38
1520530368.102125,1,395,0,47.87,1.40
1520530368.152127,1,360,0,47.53,1.24
1520530368.202129,1,335,0,47.30,1.51
1520530368.252130,1,319,0,47.33,1.16
1520530368.302132,1,304,0,47.19,1.43
1520530368.352134,1,283,0,46.98,1.10
1520530368.402135,1,259,0,47.10,1.08
1520530368.452048,1,241,0,44.49,1.17
1520530368.502050,1,223,0,44.42,1.02
1520530368.552051,1,201,0,45.24,1.01
1520530368.602053,1,438,362,46.38,29.82
1520530368.652054,1,331,0,47.36,1.31
1520530368.702056,1,279,0,48.04,1.13
1520530368.752057,1,235,0,48.42,1.08
1520530368.802058,1,196,0,48.84,0.93
1520530368.851389,1,431,338,29.92,29.54
1520530368.901391,1,289,0,30.45,1.13
1520530368.951392,1,242,0,31.62,1.00
1520530369.001394,1,194,0,32.45,0.88
1520530369.051395,1,403,287,33.22,28.87
1520530369.101397,1,272,0,33.69,1.16
1520530369.151398,1,215,0,33.54,0.93
1520530369.201400,1,432,308,34.24,28.03
1520530369.251401,1,285,0,34.94,1.43
1520530369.301537,1,250,0,40.13,1.08
1520530369.351538,1,231,0,40.14,0.98
1520530369.401540,1,222,0,40.00,0.97
1520530369.451542,1,212,0,39.84,0.98
1520530369.501543,1,200,0,39.85,0.93
1520530369.551545,1,193,0,39.81,1.26
1520530369.601546,1,445,361,39.95,27.85
1520530369.651548,1,373,0,39.58,1.36
1520530369.701896,1,257,0,51.72,1.04
1520530369.751898,1,235,0,51.24,1.00
1520530369.801901,1,224,0,50.68,1.01
1520530369.851902,1,208,0,50.35,0.98
1520530369.901903,1,195,0,49.82,0.94
1520530369.951905,1,192,0,49.74,1.02
1520530370.001906,1,187,0,49.48,0.94
1520530370.051908,1,434,359,49.28,27.43
1520530370.101930,1,363,0,49.63,1.60
1520530370.151931,1,340,0,49.61,1.24
1520530370.201933,1,313,0,49.61,1.16
1520530370.251934,1,287,0,49.57,1.28
1520530370.301934,1,261,0,49.54,1.05
1520530370.351937,1,250,0,49.41,1.04
1520530370.401938,1,240,0,49.29,1.18
1520530370.451940,1,235,0,48.96,1.02
1520530370.501883,1,224,0,46.75,1.00
1520530370.551883,1,218,0,46.57,1.21
1520530370.601898,1,210,0,46.45,0.99
1520530370.651887,1,436,377,46.44,26.91
1520530370.701889,1,366,0,46.48,1.31
1520530370.751890,1,343,0,46.36,1.12
1520530370.801892,1,325,0,46.47,1.17
1520530370.851892,1,311,0,46.51,1.11
1520530370.901941,1,297,0,48.31,1.17
1520530370.951942,1,282,0,48.54,1.18
1520530371.001944,1,270,0,48.49,1.09
1520530371.051946,1,255,0,48.53,1.39
1520530371.101947,1,239,0,48.16,1.15
1520530371.151949,1,197,0,48.53,1.02
1520530371.201950,1,193,0,47.99,1.02
1520530371.251952,1,186,0,47.38,1.01
1520530371.301953,1,433,379,47.17,27.73
1520530371.351951,1,395,0,47.15,1.41
1520530371.401953,1,365,0,47.22,1.32
1520530371.451954,1,336,0,47.75,1.20
1520530371.501956,1,329,0,47.74,1.23
1520530371.551958,1,305,0,47.87,1.24
1520530371.601959,1,299,0,48.05,1.18
1520530371.651961,1,295,0,48.36,1.19
1520530371.701962,1,289,0,48.39,1.17
1520530371.751959,1,289,0,48.16,1.27
1520530371.801961,1,287,0,48.04,1.22
1520530371.851963,1,280,0,47.49,1.18
1520530371.901964,1,270,0,46.95,1.25
1520530371.951966,1,260,0,46.79,1.13
1520530372.001968,1,253,0,46.95,1.11
1520530372.051969,1,234,0,46.84,1.12
1520530372.101971,1,221,0,47.08,1.07
1520530372.151955,1,209,0,46.65,1.12
1520530372.201977,1,203,0,46.93,1.08
1520530372.251958,1,198,0,47.10,1.03
1520530372.301960,1,192,0,46.89,1.08
1520530372.351961,1,441,401,46.79,27.65
1520530372.401963,1,387,0,46.90,1.69
1520530372.451964,1,372,0,47.07,1.26
1520530372.501966,1,345,0,46.88,1.47
1520530372.551956,1,336,0,46.73,1.24
1520530372.601959,1,331,0,46.57,1.45
1520530372.651960,1,319,0,46.64,1.23
1520530372.701961,1,308,0,46.89,1.18
1520530372.751963,1,297,0,47.23,1.23
1520530372.801964,1,288,0,48.26,1.23
1520530372.851966,1,277,0,48.96,1.36
1520530372.901967,1,269,0,49.55,1.15
1520530372.951617,1,226,0,37.44,1.08
1520530373.001619,1,209,0,37.66,1.10
1520530373.051620,1,195,0,38.08,1.06
1520530373.101622,1,188,0,38.19,1.00
1520530373.151624,1,185,0,38.37,1.03
1520530373.201626,1,185,0,38.78,1.06
1520530373.251627,1,438,393,38.66,27.86
1520530373.301630,1,383,0,38.80,1.46
1520530373.351457,1,355,0,32.52,1.29
1520530373.401458,1,345,0,32.21,1.18
1520530373.451460,1,316,0,32.56,1.13
1520530373.501461,1,298,0,32.63,1.21
1520530373.551463,1,282,0,33.26,1.08
1520530373.601465,1,259,0,33.16,1.14
1520530373.651466,1,233,0,32.41,1.01
1520530373.701467,1,223,0,31.44,1.02
1520530373.751469,1,212,0,30.51,1.03
1520530373.801615,1,203,0,33.41,1.02
1520530373.851583,1,437,375,33.15,26.56
1520530373.901585,1,361,0,32.24,1.27
1520530373.951586,1,315,0,32.23,1.16
1520530374.001589,1,294,0,32.18,1.19
1520530374.051589,1,259,0,31.96,1.06
1520530374.101591,1,240,0,31.83,0.98
1520530374.151592,1,211,0,31.73,1.00
1520530374.201953,1,441,379,42.84,27.16
1520530374.251955,1,362,0,42.34,1.30
1520530374.301956,1,297,0,41.67,1.12
1520530374.351958,1,268,0,40.94,1.20
1520530374.401959,1,255,0,40.50,1.01
1520530374.451961,1,246,0,40.66,1.03
1520530374.501962,1,229,0,40.85,1.20
1520530374.551964,1,223,0,41.00,1.04
1520530374.602407,1,188,0,53.65,0.97
1520530374.652408,1,436,376,53.65,27.12
1520530374.702410,1,370,0,53.57,1.67
1520530374.752412,1,344,0,53.26,1.22
1520530374.802413,1,315,0,52.69,1.16
1520530374.852415,1,281,0,52.30,1.11
1520530374.902417,1,268,0,52.20,1.09
1520530374.952418,1,249,0,52.12,1.06
1520530375.002442,1,237,0,52.79,1.10
1520530375.052444,1,229,0,53.09,1.05
1520530375.102445,1,222,0,53.78,1.01
1520530375.152447,1,204,0,54.38,1.05
1520530375.202449,1,190,0,54.96,0.98
1520530375.252454,1,445,376,55.01,27.95
1520530375.302452,1,382,0,55.51,1.30
1520530375.352453,1,322,0,55.60,1.12
1520530375.402252,1,295,0,48.22,1.09
1520530375.452214,1,279,0,47.70,1.05
1520530375.502216,1,269,0,47.28,1.10
1520530375.552217,1,258,0,46.71,1.05
1520530375.602219,1,246,0,45.49,1.19
1520530375.652220,1,238,0,44.70,1.04
1520530375.702222,1,221,0,43.43,1.01
1520530375.752223,1,213,0,42.64,1.26
1520530375.802225,1,197,0,41.67,1.01
1520530375.852258,1,433,373,41.45,27.92
1520530375.902259,1,364,0,40.89,1.55
1520530375.952261,1,342,0,40.87,1.30
1520530376.002263,1,317,0,41.40,1.16
1520530376.052264,1,304,0,41.69,1.15
1520530376.102265,1,285,0,42.08,1.12
1520530376.152267,1,248,0,42.94,1.03
1520530376.202270,1,224,0,44.50,1.00
1520530376.251950,1,202,0,37.27,1.00
1520530376.301951,1,193,0,37.92,0.95
1520530376.351954,1,431,383,38.05,28.33
1520530376.401955,1,338,0,38.04,1.55
1520530376.451957,1,306,0,37.13,1.13
1520530376.501958,1,282,0,37.45,1.05
1520530376.551960,1,247,0,38.19,1.01
1520530376.601961,1,217,0,39.22,0.91
1520530376.652663,1,446,385,60.23,28.92
1520530376.702664,1,372,0,60.24,1.54
1520530376.752666,1,322,0,61.11,1.11
1520530376.802668,1,263,0,62.03,0.97
1520530376.852669,1,236,0,63.58,1.01
1520530376.902671,1,205,0,65.20,0.92
1520530376.952672,1,432,347,66.88,28.32
1520530377.002721,1,329,0,67.87,1.50
1520530377.052897,1,264,0,76.18,0.99
1520530377.102900,1,233,0,76.35,1.01
1520530377.152901,1,209,0,76.26,0.91
1520530377.202903,1,186,0,76.14,0.84
1520530377.252904,1,434,367,75.53,28.12
1520530377.302906,1,327,0,75.22,1.32
1520530377.352906,1,280,0,74.75,1.04
1520530377.402909,1,247,0,74.37,1.04
1520530377.451720,1,433,354,35.77,29.09
1520530377.501720,1,304,0,36.27,1.52
1520530377.551722,1,245,0,36.43,0.98
1520530377.601723,1,209,0,36.43,0.99
1520530377.651725,1,435,363,36.81,27.73
1520530377.701726,1,267,0,37.09,1.52
1520530377.751728,1,199,0,37.48,0.91
1520530377.801730,1,431,345,37.83,31.52
1520530377.851407,1,210,0,26.75,1.61
1520530377.901409,1,425,345,25.96,30.43
1520530377.951411,1,259,0,25.62,1.27
1520530378.001412,1,206,0,25.34,1.14
1520530378.051414,1,185,0,25.04,1.14
1520530378.101416,1,426,308,25.68,28.96
1520530378.151417,1,306,0,26.24,1.17
1520530378.201419,1,242,0,26.38,1.01
1520530378.251420,1,202,0,26.33,0.93
1520530378.301512,1,425,312,29.33,28.47
1520530378.351513,1,311,0,29.34,1.54
1520530378.401515,1,279,0,29.39,1.07
1520530378.451516,1,244,0,29.47,1.18
1520530378.501517,1,227,0,29.56,0.98
1520530378.551519,1,200,0,29.60,0.91
1520530378.601571,1,408,329,29.56,27.76
1520530378.651522,1,323,0,29.44,1.77
1520530378.702209,1,424,359,56.33,28.24
1520530378.752210,1,355,0,56.71,1.28
1520530378.802212,1,306,0,57.20,1.14
1520530378.852213,1,278,0,57.75,1.18
1520530378.902215,1,241,0,57.91,1.00
1520530378.952216,1,218,0,57.91,1.07
1520530379.002218,1,205,0,57.91,0.95
1520530379.052220,1,195,0,57.83,0.97
1520530379.102149,1,186,0,55.15,1.27
1520530379.152151,1,442,377,54.70,28.30
1520530379.202152,1,356,0,54.57,1.41
1520530379.252154,1,310,0,54.45,1.21
1520530379.302155,1,280,0,54.21,1.23
1520530379.352157,1,258,0,54.00,1.07
1520530379.402159,1,252,0,53.74,1.28
1520530379.452160,1,237,0,53.60,1.04
1520530379.501850,1,200,0,41.82,0.99
1520530379.551852,1,444,388,41.98,27.95
1520530379.601853,1,348,0,41.87,1.59
1520530379.651855,1,286,0,42.32,1.21
1520530379.701856,1,241,0,42.11,1.05
1520530379.751858,1,205,0,42.29,0.99
1520530379.801860,1,438,361,42.14,28.10
1520530379.851861,1,320,0,42.14,1.50
1520530379.901824,1,274,0,40.87,1.14
1520530379.951826,1,256,0,41.46,1.10
1520530380.001827,1,243,0,42.11,1.08
1520530380.051829,1,230,0,43.00,1.36
1520530380.101830,1,219,0,44.01,1.02
1520530380.151832,1,204,0,44.45,1.00
1520530380.201888,1,188,0,44.99,1.03
1520530380.251835,1,403,334,45.48,25.58
1520530380.301736,1,274,0,41.05,1.52
1520530380.352160,1,389,320,58.12,25.55
1520530380.402162,1,272,0,56.60,1.20
1520530380.452163,1,238,0,55.51,1.29
1520530380.502166,1,220,0,54.77,0.97
1520530380.552166,1,193,0,53.96,0.90
1520530380.602168,1,421,365,53.28,25.68
1520530380.652170,1,307,0,52.91,1.23
1520530380.702171,1,286,0,52.77,1.15
1520530380.752135,1,275,0,51.12,1.42
1520530380.802136,1,262,0,50.94,1.10
1520530380.852138,1,244,0,50.37,1.09
1520530380.902139,1,224,0,49.63,1.07
1520530380.952141,1,215,0,49.12,0.98
1520530381.002143,1,208,0,48.32,1.25
1520530381.052144,1,186,0,47.86,1.05
1520530381.102146,1,434,414,47.29,2.94
1520530381.152048,1,381,0,43.07,1.40
1520530381.202049,1,345,0,42.21,1.24
1520530381.252051,1,306,0,41.69,1.27
1520530381.302052,1,256,0,41.38,1.11
1520530381.352053,1,232,0,41.44,1.17
1520530381.402056,1,217,0,41.58,1.00
1520530381.452057,1,198,0,41.70,0.96
1520530381.502058,1,191,0,42.09,1.14
1520530381.552262,1,432,377,48.43,2.86
1520530381.602264,1,366,0,48.71,1.31
1520530381.652266,1,334,0,48.84,1.23
1520530381.702267,1,314,0,48.99,1.18
1520530381.752268,1,289,0,48.97,1.15
1520530381.802325,1,266,0,48.74,1.12
1520530381.852271,1,256,0,48.89,1.13
1520530381.902273,1,242,0,48.70,1.13
1520530381.952332,1,236,0,50.52,1.12
1520530382.002334,1,228,0,49.74,1.20
1520530382.052335,1,218,0,49.45,1.07
1520530382.102337,1,207,0,49.27,1.08
1520530382.152339,1,203,0,49.12,1.14
1520530382.202340,1,184,0,49.66,1.13
1520530382.252342,1,435,381,49.80,2.99
1520530382.302343,1,366,0,49.80,1.36
1520530382.352159,1,333,0,43.76,1.26
1520530382.402160,1,319,0,43.67,1.18
1520530382.452162,1,304,0,44.01,1.18
1520530382.502164,1,300,0,44.19,1.17
1520530382.552165,1,283,0,44.95,1.47
1520530382.602167,1,263,0,45.86,1.13
1520530382.652168,1,240,0,47.19,1.33
1520530382.702170,1,233,0,47.31,1.07
1520530382.752171,1,219,0,47.47,1.05
1520530382.802243,1,205,0,49.47,1.09
1520530382.852246,1,203,0,49.55,1.05
1520530382.902248,1,198,0,49.46,1.01
1520530382.952249,1,192,0,49.37,1.10
1520530383.002250,1,192,0,49.04,1.07
1520530383.052252,1,443,393,48.57,3.04
1520530383.102252,1,407,0,48.23,1.56
1520530383.152255,1,396,0,47.68,1.29
1520530383.202206,1,368,0,45.72,1.22
1520530383.252208,1,339,0,44.91,1.23
1520530383.302210,1,319,0,44.65,1.25
1520530383.352211,1,293,0,44.20,1.14
1520530383.402266,1,255,0,43.75,1.25
1520530383.452214,1,241,0,43.48,1.06
1520530383.502216,1,218,0,42.60,1.31
1520530383.552217,1,190,0,41.87,1.01
1520530383.602472,1,431,358,48.32,2.77
1520530383.652472,1,366,0,47.67,1.32
1520530383.702475,1,347,0,46.73,1.17
1520530383.752476,1,336,0,46.23,1.20
1520530383.802478,1,321,0,46.24,1.10
1520530383.852479,1,305,0,46.54,1.09
1520530383.902481,1,268,0,46.16,1.10
1520530383.952482,1,249,0,46.05,1.02
1520530384.002530,1,231,0,47.47,1.04
1520530384.052531,1,199,0,47.34,1.04
1520530384.102533,1,426,348,48.14,2.81
1520530384.152534,1,345,0,49.26,1.45
1520530384.202536,1,311,0,50.94,1.19
1520530384.252537,1,272,0,52.09,1.04
1520530384.302539,1,250,0,53.33,1.02
1520530384.352541,1,227,0,53.93,1.04
1520530384.402432,1,210,0,50.47,0.95
1520530384.452435,1,431,381,51.06,2.77
1520530384.502435,1,357,0,52.97,1.33
1520530384.552437,1,342,0,54.46,1.24
1520530384.602439,1,327,0,55.98,1.22
1520530384.652440,1,309,0,57.72,1.18
1520530384.702442,1,289,0,59.24,1.15
1520530384.752443,1,273,0,60.55,1.10
1520530384.802857,1,240,0,77.79,1.04
1520530384.852858,1,217,0,78.83,1.05
1520530384.902860,1,202,0,79.37,1.04
1520530384.952861,1,185,0,79.40,0.95
1520530385.002916,1,448,398,79.50,2.86
1520530385.052864,1,374,0,80.30,1.75
1520530385.102866,1,344,0,80.66,1.13
1520530385.152867,1,315,0,80.86,1.16
1520530385.202869,1,288,0,80.70,1.00
1520530385.252705,1,263,0,74.32,1.06
1520530385.302707,1,237,0,73.50,1.05
1520530385.352709,1,206,0,72.92,0.95
1520530385.402710,1,436,354,72.11,2.75
1520530385.452712,1,361,0,70.72,1.26
1520530385.502713,1,329,0,69.07,1.23
1520530385.552715,1,299,0,68.17,1.16
1520530385.602716,1,264,0,67.60,1.02
1520530385.652486,1,211,0,58.36,1.05
1520530385.702487,1,435,363,58.08,30.56
1520530385.752490,1,349,0,57.97,1.52
1520530385.802491,1,303,0,58.18,1.12
1520530385.852493,1,270,0,58.03,1.00
1520530385.902494,1,241,0,57.54,1.00
1520530385.952496,1,213,0,57.31,0.99
1520530386.002497,1,198,0,57.05,0.93
1520530386.052544,1,432,347,58.21,29.37
1520530386.102546,1,337,0,57.83,1.36
1520530386.152547,1,308,0,57.57,1.12
1520530386.202549,1,280,0,57.26,1.33
1520530386.252550,1,245,0,57.11,1.01
1520530386.302552,1,212,0,56.91,0.97
1520530386.352553,1,432,333,57.06,29.32
1520530386.402554,1,331,0,56.84,1.37
1520530386.452758,1,273,0,64.30,1.08
1520530386.502760,1,235,0,64.37,1.10
1520530386.552761,1,226,0,64.46,0.95
1520530386.602814,1,216,0,64.79,0.94
1520530386.652764,1,194,0,65.05,0.99
1520530386.702766,1,425,324,65.05,27.45
1520530386.752767,1,315,0,65.41,1.27
1520530386.802769,1,260,0,65.68,0.99
1520530386.852674,1,236,0,62.33,0.91
1520530386.902676,1,220,0,62.74,0.96
1520530386.952678,1,212,0,63.10,0.89
1520530387.002679,1,197,0,63.68,0.91
1520530387.052681,1,426,337,63.76,26.60
1520530387.102682,1,326,0,64.35,1.23
1520530387.152684,1,269,0,64.90,1.03
1520530387.202685,1,228,0,65.31,0.92
1520530387.252606,1,212,0,62.97,0.89
1520530387.302607,1,199,0,63.45,0.94
1520530387.352609,1,185,0,63.76,0.85
1520530387.402611,1,421,340,64.08,25.51
1520530387.452612,1,309,0,64.50,1.65
1520530387.502614,1,250,0,64.43,0.96
1520530387.552615,1,194,0,64.71,0.86
1520530387.602617,1,410,309,64.25,25.49
1520530387.652619,1,305,0,63.64,1.16
1520530387.702457,1,241,0,56.37,0.95
1520530387.752459,1,189,0,55.24,0.86
1520530387.802460,1,418,331,54.07,25.93
1520530387.852464,1,301,0,53.80,1.35
1520530387.902463,1,255,0,53.41,1.11
1520530387.952464,1,225,0,52.88,0.93
1520530388.002467,1,195,0,51.97,0.88
1520530388.052467,1,435,339,50.84,25.38
1520530388.102494,1,341,0,50.91,1.34
1520530388.152496,1,299,0,50.74,1.12
1520530388.202544,1,253,0,50.05,1.06
1520530388.252499,1,229,0,49.53,1.01
1520530388.302501,1,208,0,49.06,0.94
1520530388.352502,1,195,0,48.75,0.97
1520530388.402504,1,184,0,48.63,0.89
1520530388.452505,1,440,381,48.15,24.51
1520530388.502852,1,321,0,58.73,1.80
1520530388.552854,1,300,0,58.66,1.10
1520530388.602855,1,292,0,58.70,1.16
1520530388.652857,1,276,0,59.00,1.10
1520530388.702858,1,267,0,59.51,1.07
1520530388.752860,1,259,0,59.85,1.37
1520530388.802861,1,251,0,59.82,1.10
1520530388.852863,1,238,0,60.01,1.03
1520530388.902233,1,435,356,40.16,23.93
1520530388.952235,1,348,0,39.96,1.35
1520530389.002237,1,321,0,38.95,1.10
1520530389.052238,1,276,0,38.20,1.04
1520530389.102240,1,255,0,38.06,1.07
1520530389.152242,1,233,0,37.47,0.99
1520530389.202243,1,216,0,37.23,0.94
1520530389.252245,1,209,0,37.11,1.20
1520530389.302934,1,432,370,57.91,24.15
1520530389.352936,1,381,0,57.83,1.43
1520530389.402938,1,340,0,58.00,1.22
1520530389.452939,1,310,0,58.15,1.13
1520530389.502940,1,285,0,57.83,1.07
1520530389.552942,1,261,0,57.18,1.21
1520530389.602943,1,234,0,56.67,0.95
1520530389.652948,1,218,0,56.41,0.94
1520530389.702847,1,191,0,53.76,1.20
1520530389.753403,1,430,323,68.80,29.14
1520530389.803445,1,311,0,68.52,1.26
1520530389.853406,1,268,0,68.87,1.08
1520530389.903408,1,239,0,69.73,1.05
1520530389.953409,1,220,0,70.60,0.98
1520530390.003411,1,202,0,71.88,0.99
1520530390.053412,1,432,362,72.79,29.03
1520530390.103414,1,339,0,73.73,1.32
1520530390.152569,1,236,0,47.59,1.06
1520530390.202569,1,203,0,48.19,1.01
1520530390.252571,1,431,337,48.42,29.19
1520530390.302572,1,332,0,48.24,1.49
1520530390.352574,1,266,0,47.98,1.11
1520530390.402575,1,231,0,47.43,1.02
1520530390.452578,1,225,0,46.84,1.31
1520530390.502578,1,217,0,46.42,1.07
1520530390.553324,1,437,366,70.54,29.63
1520530390.603326,1,365,0,70.54,1.81
1520530390.653327,1,349,0,70.81,1.20
1520530390.703329,1,326,0,71.86,1.20
1520530390.753331,1,300,0,72.36,1.19
1520530390.803333,1,278,0,71.81,1.14
1520530390.853334,1,240,0,70.91,1.10
1520530390.903336,1,202,0,69.59,1.01
1520530390.953379,1,190,0,70.20,0.96
1520530391.003381,1,435,384,69.09,29.71
1520530391.053383,1,373,0,68.71,1.32
1520530391.103384,1,350,0,68.26,1.17
1520530391.153385,1,326,0,68.15,1.17
1520530391.203387,1,307,0,67.74,1.12
1520530391.253388,1,283,0,67.60,1.06
1520530391.303389,1,258,0,67.18,1.10
1520530391.352333,1,438,386,37.43,29.52
1520530391.402366,1,384,0,37.23,1.67
1520530391.452336,1,326,0,37.67,1.24
1520530391.502338,1,283,0,37.59,1.12
1520530391.552339,1,232,0,37.85,1.07
1520530391.602341,1,223,0,37.95,1.00
1520530391.652342,1,215,0,37.70,1.00
1520530391.702344,1,201,0,37.27,0.99
1520530391.752424,1,193,0,39.12,0.94
1520530391.802426,1,420,357,38.67,30.22
1520530391.852427,1,369,0,38.37,1.40
1520530391.902428,1,351,0,37.83,1.21
1520530391.952430,1,339,0,37.76,1.24
1520530392.002431,1,324,0,37.66,1.16
1520530392.052433,1,295,0,37.66,1.10
1520530392.102435,1,258,0,37.44,1.10
1520530392.152436,1,228,0,37.12,1.00
1520530392.203142,1,427,353,54.19,30.37
1520530392.253143,1,355,0,53.49,1.30
1520530392.303145,1,310,0,53.58,1.12
1520530392.353147,1,269,0,54.00,1.09
1520530392.403147,1,251,0,54.51,1.00
1520530392.453150,1,232,0,55.08,0.96
1520530392.503151,1,213,0,55.63,0.93
1520530392.553153,1,190,0,56.18,0.88
1520530392.602235,1,435,314,32.59,29.81
1520530392.652236,1,328,0,32.28,1.69
1520530392.702237,1,286,0,32.50,1.05
1520530392.752239,1,257,0,32.19,1.03
1520530392.802241,1,220,0,31.75,0.98
1520530392.852242,1,186,0,31.61,0.90
1520530392.902243,1,434,349,31.63,28.76
1520530392.952245,1,312,0,31.75,1.74
1520530393.002174,1,281,0,29.18,1.07
1520530393.052154,1,255,0,28.44,1.00
1520530393.102155,1,223,0,28.04,1.15
1520530393.152157,1,198,0,27.80,0.96
1520530393.202159,1,180,0,27.14,0.97
1520530393.252160,1,434,356,26.60,29.32
1520530393.302162,1,374,0,26.51,1.32
1520530393.352164,1,353,0,26.27,1.14
1520530393.402921,1,440,390,44.69,30.84
1520530393.452923,1,402,0,44.48,1.55
1520530393.502924,1,376,0,44.53,1.65
1520530393.552926,1,355,0,44.53,1.17
1520530393.602927,1,319,0,45.48,1.17
1520530393.652929,1,268,0,46.61,1.22
1520530393.702931,1,230,0,47.73,0.91
1520530393.752932,1,194,0,47.68,0.92
1520530393.802958,1,432,359,48.07,30.57
1520530393.852959,1,369,0,47.59,1.84
1520530393.902961,1,340,0,47.55,1.24
1520530393.952963,1,313,0,47.22,1.12
1520530394.002964,1,284,0,47.00,1.17
1520530394.052965,1,279,0,46.84,1.06
1520530394.102968,1,275,0,46.55,1.17
1520530394.152969,1,268,0,46.16,1.05
1520530394.202165,1,426,353,26.33,31.37
1520530394.252167,1,334,0,26.13,1.40
1520530394.302169,1,305,0,26.04,1.17
1520530394.352170,1,275,0,26.13,1.17
1520530394.402172,1,258,0,26.06,1.11
1520530394.452173,1,244,0,26.06,1.22
1520530394.502175,1,228,0,26.25,1.11
1520530394.552176,1,207,0,26.61,1.07
1520530394.602189,1,198,0,26.58,1.11
1520530394.652877,1,431,337,47.71,30.80
1520530394.702878,1,377,0,48.94,1.67
1520530394.752879,1,352,0,50.01,1.22
1520530394.802881,1,343,0,51.08,1.46
1520530394.852882,1,330,0,51.82,1.19
1520530394.902885,1,295,0,53.20,1.12
1520530394.952885,1,284,0,53.78,1.25
1520530395.002887,1,237,0,53.54,1.01
1520530395.053731,1,438,399,80.74,31.08
1520530395.103732,1,398,0,81.49,1.45
1520530395.153734,1,373,0,82.19,1.25
1520530395.203735,1,351,0,83.48,1.25
1520530395.253737,1,341,0,84.74,1.21
1520530395.303738,1,315,0,86.37,1.32
1520530395.353740,1,304,0,87.49,1.20
1520530395.403742,1,279,0,88.31,1.53
1520530395.452705,1,191,0,52.65,1.03
1520530395.502707,1,448,409,52.90,31.78
1520530395.552709,1,383,0,52.90,1.46
1520530395.602710,1,363,0,52.59,1.26
1520530395.652712,1,354,0,52.41,1.22
1520530395.702713,1,348,0,52.19,1.21
1520530395.752715,1,342,0,51.60,1.28
1520530395.802716,1,341,0,51.37,1.16
1520530395.853078,1,306,0,63.89,1.47
1520530395.903079,1,302,0,63.66,1.11
1520530395.953081,1,300,0,63.01,1.17
1520530396.003083,1,294,0,62.48,1.21
1520530396.053084,1,288,0,61.73,1.16
1520530396.103085,1,266,0,60.83,1.24
1520530396.153087,1,259,0,60.04,1.05
1520530396.203089,1,243,0,59.90,1.10
1520530396.253235,1,236,0,64.77,1.14
1520530396.303237,1,224,0,64.75,1.07
1520530396.353238,1,203,0,64.52,1.02
1520530396.403240,1,440,398,64.39,30.82
1520530396.453241,1,391,0,64.34,1.50
1520530396.503243,1,342,0,63.87,1.26
1520530396.553244,1,313,0,63.38,1.16
1520530396.603246,1,281,0,62.81,1.07
1520530396.653248,1,255,0,62.15,1.07
1520530396.703145,1,230,0,58.37,1.05
1520530396.753147,1,217,0,57.99,1.17
1520530396.803148,1,202,0,57.61,1.09
1520530396.853149,1,435,368,57.36,30.24
1520530396.903152,1,359,0,57.01,1.20
1520530396.953152,1,340,0,57.37,1.09
1520530397.003155,1,328,0,57.90,1.11
1520530397.053156,1,308,0,58.47,1.10
1520530397.102782,1,271,0,47.85,1.09
1520530397.152784,1,255,0,47.56,1.01
1520530397.202785,1,247,0,47.56,1.07
1520530397.252787,1,231,0,47.33,0.98
1520530397.302788,1,217,0,47.24,0.95
1520530397.352790,1,207,0,47.14,0.99
1520530397.402791,1,203,0,47.30,0.95
1520530397.452793,1,194,0,47.57,1.22
1520530397.502304,1,429,390,33.13,30.34
1520530397.552306,1,364,0,32.95,1.33
1520530397.602308,1,310,0,33.02,1.19
1520530397.652309,1,271,0,32.95,1.08
1520530397.702310,1,225,0,33.33,1.02
1520530397.752312,1,205,0,33.19,1.08
1520530397.802315,1,190,0,33.70,0.97
1520530397.852315,1,427,367,33.59,30.01
1520530397.902585,1,292,0,41.89,1.27
1520530397.952586,1,281,0,41.32,1.04
1520530398.002588,1,258,0,41.15,1.06
1520530398.052589,1,239,0,41.46,0.99
1520530398.102591,1,221,0,41.72,0.93
1520530398.152592,1,202,0,42.12,1.26
1520530398.202594,1,189,0,42.31,0.90
1520530398.252596,1,443,378,42.66,30.93
1520530398.303365,1,442,405,71.02,30.09
1520530398.353367,1,379,0,71.97,1.57
1520530398.403368,1,358,0,73.25,1.23
1520530398.453370,1,336,0,74.85,1.11
1520530398.503371,1,322,0,75.79,1.11
1520530398.553373,1,306,0,76.48,1.17
1520530398.603375,1,288,0,77.15,1.04
1520530398.653376,1,236,0,77.25,1.26
1520530398.703221,1,206,0,70.95,0.91
1520530398.753223,1,185,0,70.07,0.88
1520530398.803225,1,432,380,68.88,30.20
1520530398.853226,1,379,0,68.08,1.34
1520530398.903227,1,348,0,66.83,1.14
1520530398.953229,1,313,0,65.58,1.16
1520530399.003230,1,286,0,64.21,1.06
1520530399.053232,1,251,0,63.47,1.28
1520530399.103233,1,225,0,62.73,0.96
1520530399.152330,1,418,360,33.01,29.45
1520530399.202332,1,337,0,32.60,1.34
1520530399.252333,1,281,0,31.63,1.15
1520530399.302335,1,254,0,31.27,1.11
1520530399.352336,1,220,0,30.90,1.03
1520530399.402342,1,184,0,30.08,0.95
1520530399.452339,1,426,339,29.61,31.04
1520530399.502341,1,339,0,29.19,1.46
1520530399.553006,1,433,360,49.52,31.78
1520530399.603008,1,343,0,49.54,1.64
1520530399.653009,1,305,0,50.17,1.25
1520530399.703011,1,277,0,50.64,1.12
1520530399.753012,1,246,0,51.15,1.15
1520530399.803014,1,230,0,51.70,1.04
1520530399.853016,1,211,0,52.50,1.03
1520530399.903017,1,201,0,53.46,1.08
1520530399.953275,1,430,340,61.78,31.70
1520530400.003276,1,322,0,61.78,1.41
1520530400.053278,1,271,0,61.53,1.15
1520530400.103279,1,243,0,61.12,1.20
1520530400.153281,1,218,0,60.49,1.02
1520530400.203283,1,207,0,59.90,0.99
1520530400.253284,1,199,0,59.51,1.03
1520530400.303286,1,430,366,58.57,29.28
1520530400.352494,1,234,0,35.62,1.05
1520530400.402496,1,208,0,35.35,0.93
1520530400.452498,1,185,0,34.97,0.89
1520530400.502500,1,433,381,34.63,30.29
1520530400.552501,1,332,0,34.00,1.28
1520530400.602502,1,273,0,33.74,1.08
1520530400.652504,1,246,0,32.82,1.05
1520530400.702505,1,223,0,32.44,1.05
1520530400.752291,1,182,0,26.26,0.94
1520530400.802292,1,426,350,25.86,29.12
1520530400.852294,1,344,0,25.26,1.30
1520530400.902295,1,290,0,24.98,1.14
1520530400.952297,1,244,0,25.23,1.03
1520530401.002299,1,227,0,25.51,1.07
1520530401.052300,1,209,0,26.16,1.00
1520530401.102302,1,188,0,25.84,1.19
1520530401.152303,1,432,355,26.13,28.72
1520530401.202755,1,222,0,39.36,1.10
1520530401.252756,1,187,0,39.98,0.90
1520530401.302758,1,427,348,40.49,27.26
1520530401.352759,1,326,0,41.90,1.73
1520530401.402761,1,279,0,42.70,1.09
1520530401.452763,1,234,0,43.53,1.01
1520530401.502764,1,188,0,44.17,1.20
1520530401.552766,1,438,386,45.04,26.16
1520530401.603037,1,326,0,54.45,1.50
1520530401.653039,1,283,0,55.48,1.09
1520530401.703041,1,256,0,56.33,1.00
1520530401.753042,1,232,0,57.33,1.26
1520530401.803044,1,211,0,58.10,0.99
1520530401.853045,1,201,0,59.17,0.98
1520530401.903047,1,186,0,60.79,1.16
1520530401.953048,1,427,379,61.76,29.64
1520530402.002281,1,179,0,33.15,1.04
1520530402.052283,1,415,357,33.20,26.02
1520530402.102285,1,332,0,32.99,1.37
1520530402.152286,1,290,0,32.52,1.17
1520530402.202287,1,264,0,31.82,1.16
1520530402.252289,1,233,0,31.57,1.06
1520530402.302290,1,211,0,30.92,1.18
1520530402.352292,1,189,0,30.59,0.94
1520530402.402567,1,421,341,40.62,25.72
1520530402.452569,1,288,0,40.16,1.20
1520530402.502570,1,242,0,39.56,1.06
1520530402.552572,1,218,0,39.57,1.02
1520530402.602574,1,194,0,39.33,1.00
1520530402.652672,1,432,312,39.72,25.76
1520530402.702577,1,289,0,39.44,1.69
1520530402.752578,1,242,0,39.59,1.02
1520530402.803416,1,438,343,70.88,32.26
1520530402.853417,1,299,0,70.43,1.41
1520530402.903419,1,245,0,69.49,1.27
1520530402.953420,1,194,0,68.51,0.89
1520530403.003422,1,423,315,67.88,28.16
1520530403.053424,1,285,0,67.07,1.35
1520530403.103425,1,237,0,66.06,1.01
1520530403.153427,1,204,0,64.92,0.88
1520530403.202933,1,428,370,49.61,28.40
1520530403.252935,1,344,0,49.89,1.51
1520530403.302936,1,301,0,50.53,1.08
1520530403.352938,1,253,0,50.98,0.97
1520530403.402940,1,228,0,51.54,0.92
1520530403.452941,1,211,0,52.37,0.94
1520530403.502943,1,185,0,52.91,0.87
1520530403.552945,1,436,379,53.99,27.27
1520530403.602946,1,343,0,54.68,1.27
1520530403.652254,1,420,329,29.90,26.82
1520530403.702256,1,298,0,29.61,1.24
1520530403.752257,1,241,0,28.94,0.99
1520530403.802258,1,201,0,28.55,1.01
1520530403.852261,1,422,335,28.37,25.21
1520530403.902261,1,314,0,27.80,1.54
1520530403.952263,1,259,0,27.54,1.11
1520530404.002264,1,214,0,27.58,0.98
1520530404.052744,1,430,357,46.90,26.74
1520530404.102747,1,344,0,46.60,1.31
1520530404.152748,1,291,0,46.31,1.26
1520530404.202749,1,266,0,45.61,1.05
1520530404.252828,1,249,0,45.66,1.03
1520530404.302752,1,236,0,45.77,1.21
1520530404.352753,1,231,0,46.75,1.05
1520530404.402755,1,217,0,47.77,1.03
1520530404.453112,1,185,0,62.99,1.03
1520530404.503114,1,439,385,63.63,27.64
1520530404.553115,1,383,0,64.16,1.40
1520530404.603117,1,362,0,64.54,1.21
1520530404.653119,1,339,0,64.90,1.23
1520530404.703120,1,326,0,65.25,1.17
1520530404.753122,1,294,0,65.48,1.12
1520530404.803123,1,274,0,65.32,1.13
1520530404.852642,1,216,0,46.11,1.06
1520530404.902643,1,195,0,45.80,0.96
1520530404.952645,1,417,361,46.01,26.28
1520530405.002647,1,344,0,45.95,1.28
1520530405.052648,1,302,0,46.01,1.28
1520530405.102650,1,282,0,46.27,1.07
1520530405.152651,1,251,0,46.24,1.11
1520530405.202653,1,200,0,46.25,0.96
1520530405.252327,1,394,317,32.33,25.36
1520530405.302330,1,283,0,31.76,1.34
1520530405.352331,1,227,0,31.92,0.96
1520530405.402333,1,425,309,31.56,26.09
1520530405.452334,1,253,0,31.37,1.27
1520530405.502335,1,189,0,31.21,0.88
1520530405.552337,1,424,298,30.26,25.65
1520530405.602339,1,252,0,29.35,1.37
1520530405.652792,1,421,298,47.38,25.96
1520530405.702792,1,265,0,46.03,1.38
1520530405.752795,1,205,0,44.68,0.90
1520530405.802797,1,436,316,43.97,25.26
1520530405.852855,1,283,0,43.11,1.58
1520530405.902800,1,246,0,42.44,1.18
1520530405.952801,1,231,0,42.15,1.00
1520530406.002802,1,214,0,41.92,1.23
1520530406.052804,1,195,0,42.07,0.91
1520530406.103570,1,425,343,69.98,26.28
1520530406.153571,1,339,0,70.34,1.26
1520530406.203573,1,297,0,70.88,1.04
1520530406.253574,1,264,0,71.82,1.01
1520530406.303576,1,221,0,73.07,0.89
1520530406.353577,1,192,0,73.94,0.86
1520530406.403578,1,434,332,74.33,26.45
1520530406.453581,1,328,0,74.62,1.20
1520530406.503485,1,284,0,71.86,0.98
1520530406.553487,1,253,0,72.93,1.02
1520530406.603489,1,233,0,74.02,0.91
1520530406.653490,1,220,0,75.76,0.90
1520530406.703492,1,201,0,77.03,0.93
1520530406.753493,1,190,0,78.28,0.87
1520530406.803495,1,433,327,79.49,25.21
1520530406.853497,1,263,0,80.28,1.59
1520530406.902692,1,425,300,46.22,26.35
1520530406.952693,1,289,0,46.11,1.67
1520530407.002694,1,218,0,46.17,0.85
1520530407.052696,1,419,259,46.08,25.50
1520530407.102698,1,201,0,45.93,1.08
1520530407.152699,1,419,269,45.40,2.50
1520530407.202701,1,241,0,45.13,1.02
1520530407.252702,1,413,293,43.94,2.55
1520530407.303185,1,421,347,63.22,2.65
1520530407.353185,1,290,0,61.73,1.20
1520530407.403187,1,235,0,60.51,1.09
1520530407.453221,1,201,0,60.01,1.00
1520530407.503190,1,422,342,59.03,2.81
1520530407.553191,1,299,0,58.11,1.31
1520530407.603193,1,244,0,56.79,1.06
1520530407.653194,1,227,0,56.06,1.16
1520530407.703510,1,198,0,66.35,1.08
1520530407.753511,1,435,388,66.05,2.95
1520530407.803513,1,351,0,65.42,1.37
1520530407.853514,1,321,0,65.14,1.24
1520530407.903516,1,255,0,65.23,1.17
1520530407.953518,1,225,0,65.25,1.08
1520530408.003519,1,195,0,64.46,1.23
1520530408.053521,1,426,371,63.25,2.86
1520530408.103522,1,342,0,62.13,1.41
1520530408.153603,1,294,0,63.76,1.25
1520530408.203605,1,255,0,62.93,1.17
1520530408.253606,1,228,0,62.14,1.06
1520530408.303608,1,206,0,61.36,1.02
1520530408.353609,1,188,0,60.29,1.39
1520530408.403612,1,433,382,59.27,2.90
1520530408.453613,1,364,0,58.48,1.32
1520530408.503614,1,342,0,57.50,1.23
1520530408.553374,1,281,0,50.23,1.23
1520530408.603376,1,250,0,49.60,1.15
1520530408.653377,1,236,0,49.13,1.12
1520530408.703379,1,228,0,48.85,1.05
1520530408.753380,1,222,0,48.54,1.07
1520530408.803382,1,200,0,48.58,1.08
1520530408.853383,1,185,0,48.20,0.99
1520530408.903385,1,426,345,47.78,2.81
1520530408.952878,1,325,0,34.63,1.44
1520530409.002880,1,282,0,34.55,1.11
1520530409.052890,1,232,0,34.54,1.01
1520530409.102883,1,208,0,34.58,1.00
1520530409.152884,1,189,0,34.98,0.97
1520530409.202886,1,177,0,35.72,0.87
1520530409.252887,1,431,370,35.96,2.95
1520530409.302889,1,337,0,36.99,1.39
1520530409.352902,1,297,0,38.11,1.14
1520530409.402904,1,253,0,38.50,1.05
1520530409.452906,1,207,0,38.54,0.93
1520530409.502907,1,438,388,39.21,5.17
1520530409.552909,1,349,0,39.92,1.33
1520530409.602910,1,311,0,40.77,1.17
1520530409.652912,1,278,0,41.61,1.19
1520530409.702913,1,240,0,42.30,1.09
1520530409.752654,1,206,0,33.91,1.04
1520530409.802656,1,433,377,34.61,5.36
1520530409.852657,1,363,0,34.80,1.60
1520530409.902659,1,332,0,34.65,1.31
1520530409.952660,1,296,0,33.50,1.27
1520530410.002662,1,244,0,33.05,1.20
1520530410.052664,1,227,0,33.05,1.15
1520530410.102666,1,201,0,33.19,1.12
1520530410.153222,1,425,356,53.32,6.00
1520530410.203225,1,349,0,53.52,1.52
1520530410.253226,1,332,0,53.58,1.30
1520530410.303227,1,316,0,53.42,1.33
1520530410.353231,1,302,0,53.14,1.29
1520530410.403230,1,282,0,53.16,1.21
1520530410.453231,1,265,0,53.45,1.22
1520530410.503232,1,245,0,53.85,1.13
1520530410.553234,1,231,0,54.57,1.45
1520530410.603875,1,430,355,78.95,5.82
1520530410.653876,1,370,0,80.37,1.68
1520530410.703878,1,334,0,81.45,1.15
1520530410.753879,1,312,0,82.02,1.17
1520530410.803881,1,272,0,82.48,1.16
1520530410.853882,1,268,0,83.02,1.12
1520530410.903884,1,264,0,83.67,1.17
1520530410.953885,1,254,0,83.94,1.10
1520530411.003418,1,228,0,66.50,1.10
1520530411.053420,1,213,0,66.48,1.07
1520530411.103421,1,204,0,66.31,0.99
1520530411.153423,1,201,0,65.94,1.04
1520530411.203424,1,201,0,65.49,1.05
1520530411.253426,1,199,0,64.76,1.03
1520530411.303427,1,194,0,63.53,1.04
1520530411.353429,1,191,0,62.57,1.04
1520530411.403009,1,430,373,46.29,5.60
1520530411.453010,1,365,0,45.67,1.25
1520530411.503012,1,341,0,45.37,1.24
1520530411.553013,1,328,0,45.05,1.26
1520530411.603015,1,313,0,45.08,1.18
1520530411.653017,1,296,0,44.91,1.16
1520530411.703018,1,276,0,44.54,1.19
1520530411.753020,1,266,0,43.90,1.19
1520530411.802906,1,229,0,39.83,1.40
1520530411.852907,1,215,0,39.80,0.97
1520530411.902908,1,196,0,39.57,1.05
1520530411.952911,1,424,381,39.18,5.53
1520530412.002912,1,339,0,38.45,1.61
1520530412.052913,1,295,0,38.19,1.20
1520530412.102915,1,258,0,38.50,1.11
1520530412.152916,1,232,0,38.32,1.03
1520530412.203416,1,434,352,55.44,31.09
1520530412.253417,1,332,0,55.34,1.51
1520530412.303419,1,289,0,54.78,1.12
1520530412.353420,1,260,0,53.88,1.01
1520530412.403422,1,242,0,53.09,1.02
1520530412.453423,1,216,0,51.65,1.05
1520530412.503425,1,199,0,50.30,1.02
1520530412.553426,1,191,0,49.50,1.05
1520530412.603428,1,437,361,48.92,30.38
1520530412.653630,1,358,0,54.18,1.55
1520530412.703631,1,332,0,53.92,1.24
1520530412.753633,1,303,0,53.76,1.13
1520530412.803634,1,287,0,53.62,1.12
1520530412.853636,1,268,0,53.66,1.08
1520530412.903637,1,239,0,53.51,1.04
1520530412.953639,1,212,0,53.49,1.04
1520530413.003641,1,196,0,53.63,1.04
1520530413.053009,1,430,378,37.01,30.42
1520530413.103011,1,331,0,37.64,1.27
1520530413.153012,1,289,0,38.52,1.11
1520530413.203014,1,256,0,39.36,1.41
1520530413.253016,1,228,0,40.64,1.03
1520530413.303017,1,190,0,41.65,0.95
1520530413.353019,1,420,381,42.50,27.51
1520530413.403021,1,340,0,43.14,1.91
1520530413.452940,1,309,0,40.42,1.17
1520530413.502941,1,274,0,41.07,1.46
1520530413.552943,1,256,0,41.19,1.16
1520530413.602944,1,243,0,41.09,0.98
1520530413.652946,1,221,0,40.34,1.23
1520530413.702947,1,215,0,39.12,1.03
1520530413.752949,1,211,0,38.84,1.00
1520530413.802951,1,207,0,39.32,1.14
1520530413.853107,1,199,0,45.47,1.05
1520530413.903189,1,194,0,46.03,1.04
1520530413.953110,1,190,0,46.55,1.02
1520530414.003112,1,430,387,46.70,27.57
1520530414.053113,1,369,0,46.29,1.46
1520530414.103115,1,341,0,46.25,1.34
1520530414.153116,1,324,0,45.93,1.26
1520530414.203118,1,295,0,45.45,1.17
1520530414.252894,1,277,0,37.66,1.20
1520530414.302895,1,260,0,37.25,1.18
1520530414.352898,1,237,0,36.89,1.06
1520530414.402899,1,220,0,36.56,1.01
1520530414.452900,1,201,0,36.29,0.97
1520530414.502902,1,198,0,35.49,0.95
1520530414.552903,1,196,0,35.21,0.95
1520530414.602905,1,194,0,34.94,1.04
1520530414.652705,1,191,0,28.01,1.00
1520530414.702707,1,411,366,28.05,29.81
1520530414.752708,1,353,0,28.00,1.31
1520530414.802710,1,325,0,28.41,1.27
1520530414.852712,1,294,0,28.75,1.11
1520530414.902714,1,272,0,28.81,1.12
1520530414.952715,1,253,0,28.95,1.11
1520530415.002717,1,234,0,28.77,1.05
1520530415.052718,1,219,0,28.72,1.03
1520530415.103195,1,429,360,43.61,27.13
1520530415.153197,1,346,0,43.49,1.47
1520530415.203199,1,324,0,43.77,1.18
1520530415.253200,1,311,0,43.64,1.13
1520530415.303202,1,286,0,43.61,1.44
1520530415.353203,1,273,0,43.87,1.15
1520530415.403205,1,258,0,43.54,1.40
1520530415.453206,1,255,0,43.46,1.08
1520530415.503115,1,221,0,38.83,1.09
1520530415.553069,1,218,0,38.55,1.21
1520530415.603071,1,216,0,38.67,1.04
1520530415.653072,1,205,0,38.31,0.99
1520530415.703074,1,204,0,38.30,1.18
1520530415.753075,1,203,0,38.05,1.04
1520530415.803077,1,200,0,37.51,0.93
1520530415.853079,1,194,0,37.50,1.10
1520530415.903361,1,434,357,45.72,26.63
1520530415.953363,1,373,0,45.56,1.70
1520530416.003364,1,340,0,45.51,1.20
1520530416.053366,1,321,0,45.56,1.20
1520530416.103368,1,312,0,45.69,1.23
1520530416.153369,1,308,0,46.10,1.12
1520530416.203371,1,304,0,46.47,1.17
1520530416.253372,1,286,0,46.54,1.15
1520530416.303375,1,283,0,46.81,1.10
1520530416.353376,1,277,0,46.77,1.13
1520530416.403378,1,272,0,46.91,1.12
1520530416.453380,1,266,0,47.45,1.32
1520530416.503381,1,265,0,47.68,1.08
1520530416.553383,1,261,0,47.81,1.10
1520530416.603384,1,255,0,47.82,1.14
1520530416.653386,1,242,0,48.04,1.11
1520530416.703272,1,223,0,44.72,1.19
1520530416.753274,1,212,0,44.81,1.08
1520530416.803277,1,204,0,44.81,1.11
1520530416.853277,1,200,0,44.95,1.12
1520530416.903278,1,187,0,44.81,1.12
1520530416.953280,1,430,394,44.87,27.30
1520530417.003283,1,362,0,44.76,1.58
1520530417.053283,1,301,0,45.32,1.25
1520530417.103391,1,276,0,48.24,1.11
1520530417.153371,1,262,0,48.46,1.12
1520530417.203373,1,249,0,48.89,1.16
1520530417.253374,1,240,0,49.49,1.10
1520530417.303376,1,234,0,49.43,1.14
1520530417.353378,1,229,0,49.61,1.05
1520530417.403379,1,224,0,49.63,1.01
1520530417.453381,1,222,0,49.50,1.08
1520530417.503382,1,217,0,49.48,1.07
1520530417.553464,1,216,0,52.30,1.01
1520530417.603466,1,214,0,52.14,1.08
1520530417.653467,1,214,0,51.84,1.02
1520530417.703468,1,209,0,51.66,1.07
1520530417.753470,1,201,0,51.48,1.06
1520530417.803472,1,200,0,51.38,1.03
1520530417.853473,1,195,0,51.44,1.01
1520530417.903476,1,184,0,51.02,1.07
1520530417.953456,1,437,386,49.99,28.82
1520530418.003458,1,364,0,50.16,1.60
1520530418.053458,1,344,0,50.06,1.30
1520530418.103461,1,324,0,49.69,1.23
1520530418.153462,1,307,0,49.84,1.17
1520530418.203465,1,284,0,49.83,1.17
1520530418.253466,1,263,0,49.88,1.09
1520530418.303468,1,249,0,49.59,1.10
1520530418.353431,1,232,0,48.70,1.05
1520530418.403432,1,221,0,48.62,1.07
1520530418.453434,1,217,0,48.68,1.03
1520530418.503435,1,209,0,48.51,0.95
1520530418.553437,1,205,0,48.54,0.93
1520530418.603439,1,200,0,48.22,0.97
1520530418.653440,1,198,0,48.22,0.98
1520530418.703442,1,196,0,48.16,1.03
1520530418.753343,1,190,0,44.98,1.05
1520530418.803345,1,188,0,44.95,0.97
1520530418.853346,1,429,358,44.94,26.04
1520530418.903348,1,346,0,44.78,1.29
1520530418.953350,1,290,0,44.98,1.06
1520530419.003351,1,269,0,44.84,1.26
1520530419.053353,1,238,0,45.03,0.99
1520530419.103354,1,222,0,45.47,0.98
1520530419.153533,1,197,0,51.51,0.99
1520530419.203534,1,184,0,51.93,0.98
1520530419.253536,1,430,380,52.09,29.50
1520530419.303537,1,375,0,52.13,1.80
1520530419.353539,1,353,0,52.33,1.24
1520530419.403541,1,341,0,51.90,1.18
1520530419.453542,1,311,0,51.84,1.16
1520530419.503544,1,293,0,51.64,1.12
1520530419.553545,1,286,0,51.87,1.48
1520530419.603729,1,274,0,57.59,1.03
1520530419.653731,1,272,0,57.50,1.19
1520530419.703733,1,267,0,57.26,1.08
1520530419.753734,1,260,0,57.43,1.06
1520530419.803736,1,254,0,57.72,1.28
1520530419.853739,1,251,0,57.19,1.11
1520530419.903739,1,245,0,56.88,1.08
1520530419.953740,1,236,0,56.43,1.29
1520530420.003597,1,214,0,51.40,1.04
1520530420.053598,1,199,0,50.72,1.01
1520530420.103600,1,196,0,49.99,1.03
1520530420.153602,1,190,0,49.37,1.00
1520530420.203604,1,437,374,49.35,28.39
1520530420.253605,1,343,0,49.68,1.54
1520530420.303607,1,293,0,50.05,1.19
1520530420.353608,1,255,0,50.39,1.08
1520530420.403699,1,238,0,53.14,1.09
1520530420.453700,1,234,0,53.39,1.04
1520530420.503702,1,223,0,53.42,1.05
1520530420.553704,1,201,0,53.24,1.05
1520530420.603705,1,197,0,53.54,0.98
1520530420.653707,1,195,0,53.54,1.00
1520530420.703708,1,193,0,53.57,1.04
1520530420.753710,1,192,0,53.58,0.94
1520530420.803356,1,425,352,42.59,29.12
1520530420.853358,1,365,0,42.69,1.52
1520530420.903359,1,335,0,42.20,1.29
1520530420.953361,1,315,0,41.93,1.26
1520530421.003363,1,281,0,41.59,1.23
1520530421.053364,1,270,0,41.03,1.17
1520530421.103366,1,252,0,40.42,1.15
1520530421.153367,1,223,0,40.01,1.05
1520530421.203429,1,206,0,41.30,1.04
1520530421.253431,1,187,0,41.11,1.09
1520530421.303432,1,440,362,41.11,29.72
1520530421.353434,1,353,0,40.97,1.91
1520530421.403435,1,312,0,41.60,1.18
1520530421.453437,1,288,0,41.97,1.15
1520530421.503439,1,268,0,42.53,1.10
1520530421.553440,1,256,0,43.36,1.50
1520530421.603611,1,240,0,48.79,1.16
1520530421.653613,1,216,0,49.15,1.00
1520530421.703614,1,202,0,49.45,0.97
1520530421.753616,1,193,0,49.34,1.03
1520530421.803617,1,189,0,49.13,0.96
1520530421.853618,1,438,384,48.96,28.89
1520530421.903620,1,374,0,48.80,1.42
1520530421.953693,1,362,0,48.50,1.25
1520530422.003623,1,346,0,47.97,1.22
1520530422.053472,1,323,0,43.30,1.18
1520530422.103474,1,314,0,42.82,1.11
1520530422.153476,1,298,0,42.38,1.11
1520530422.203477,1,275,0,42.12,1.07
1520530422.253479,1,256,0,41.43,1.00
1520530422.303480,1,241,0,41.04,1.06
1520530422.353482,1,226,0,40.54,0.97
1520530422.403483,1,208,0,39.56,0.93
1520530422.453394,1,184,0,36.66,1.19
1520530422.503396,1,435,361,35.82,27.47
1520530422.553397,1,333,0,35.88,1.45
1520530422.603400,1,302,0,36.14,1.16
1520530422.653401,1,260,0,36.88,1.33
1520530422.703403,1,240,0,37.32,1.07
1520530422.753404,1,228,0,38.07,0.96
1520530422.803406,1,220,0,38.62,1.01
1520530422.853580,1,209,0,44.01,0.97
1520530422.903583,1,201,0,44.16,1.01
1520530422.953585,1,201,0,44.36,0.99
1520530423.003587,1,200,0,43.82,0.94
1520530423.053587,1,197,0,43.61,0.94
1520530423.103590,1,192,0,43.27,0.98
1520530423.153590,1,191,0,42.97,0.98
1520530423.203592,1,433,376,42.86,30.33
1520530423.253316,1,327,0,35.19,1.52
1520530423.303317,1,292,0,34.96,1.26
1520530423.353319,1,254,0,34.98,1.15
1520530423.403322,1,229,0,35.09,1.04
1520530423.453322,1,207,0,35.22,0.98
1520530423.503324,1,199,0,35.04,1.04
1520530423.553359,1,194,0,35.12,1.01
1520530423.603327,1,191,0,35.12,1.03
1520530423.652983,1,430,379,26.21,30.30
1520530423.702985,1,358,0,26.22,1.73
1520530423.752986,1,321,0,25.69,1.21
1520530423.802988,1,275,0,25.68,1.18
1520530423.852990,1,246,0,25.46,1.12
1520530423.902991,1,225,0,25.12,1.04
1520530423.952993,1,211,0,24.81,0.92
1520530424.002995,1,199,0,24.79,1.12
1520530424.052950,1,432,362,24.04,30.22
1520530424.103253,1,287,0,33.17,1.85
1520530424.153255,1,263,0,33.15,1.11
1520530424.203257,1,246,0,33.10,1.06
1520530424.253258,1,240,0,33.28,1.07
1520530424.303260,1,237,0,33.45,1.06
1520530424.353261,1,237,0,33.63,1.03
1520530424.403263,1,237,0,33.93,1.12
1520530424.453264,1,235,0,33.48,1.03
1520530424.504722,1,433,380,75.84,30.70
1520530424.554724,1,359,0,75.85,1.46
1520530424.604726,1,337,0,75.78,1.27
1520530424.654727,1,320,0,75.50,1.19
1520530424.704729,1,311,0,75.41,1.20
1520530424.754730,1,301,0,75.43,1.23
1520530424.804732,1,298,0,75.83,1.14
1520530424.854733,1,294,0,76.68,1.23
1520530424.903374,1,432,367,39.17,2.71
1520530424.953377,1,354,0,39.69,1.19
1520530425.003378,1,303,0,39.20,1.13
1520530425.053379,1,294,0,38.94,1.40
1520530425.103381,1,277,0,38.75,1.11
1520530425.153383,1,269,0,38.77,1.09
1520530425.203384,1,258,0,38.59,1.15
1520530425.253385,1,248,0,38.17,1.03
1520530425.303732,1,208,0,48.11,1.03
1520530425.353734,1,200,0,47.82,1.02
1520530425.403735,1,194,0,47.50,0.96
1520530425.453737,1,184,0,47.64,0.97
1520530425.503738,1,437,388,47.44,3.07
1520530425.553740,1,385,0,47.91,1.43
1520530425.603741,1,340,0,48.76,1.26
1520530425.653743,1,301,0,49.48,1.28
1520530425.703675,1,264,0,48.58,1.14
1520530425.753677,1,249,0,49.03,1.09
1520530425.803679,1,240,0,49.56,1.14
1520530425.853680,1,215,0,50.81,1.04
1520530425.903682,1,203,0,51.20,1.01
1520530425.953682,1,431,398,51.54,3.14
1520530426.003685,1,397,0,52.04,1.82
1520530426.053685,1,387,0,51.91,1.46
1520530426.103474,1,361,0,44.63,1.37
1520530426.153475,1,344,0,44.07,1.26
1520530426.203478,1,316,0,42.76,1.17
1520530426.253478,1,297,0,41.59,1.21
1520530426.303480,1,273,0,41.14,1.14
1520530426.353482,1,246,0,41.22,1.17
1520530426.403483,1,225,0,41.16,1.05
1520530426.453484,1,197,0,40.88,1.02
1520530426.503486,1,185,0,40.77,1.04
1520530426.553551,1,435,386,42.04,3.11
1520530426.603553,1,377,0,42.16,1.33
1520530426.653554,1,341,0,42.25,1.27
1520530426.703556,1,314,0,43.04,1.28
1520530426.753558,1,296,0,43.06,1.12
1520530426.803559,1,275,0,43.26,1.22
1520530426.853560,1,236,0,43.30,1.06
1520530426.903562,1,220,0,43.94,1.07
1520530426.953598,1,211,0,45.73,1.14
1520530427.003600,1,189,0,46.70,1.03
1520530427.053602,1,435,394,47.25,3.09
1520530427.103602,1,378,0,47.86,1.61
1520530427.153605,1,350,0,48.32,1.26
1520530427.203605,1,326,0,48.47,1.22
1520530427.253608,1,308,0,49.20,1.46
1520530427.303609,1,287,0,49.46,1.22
1520530427.353592,1,263,0,49.02,1.18
1520530427.403594,1,248,0,49.50,1.18
1520530427.453595,1,235,0,49.90,1.07
1520530427.503597,1,228,0,50.39,1.20
1520530427.553598,1,222,0,50.44,1.09
1520530427.603601,1,219,0,50.58,1.00
1520530427.653601,1,219,0,50.38,1.13
1520530427.703604,1,218,0,49.97,1.09
1520530427.753678,1,215,0,52.17,1.40
1520530427.803679,1,215,0,51.58,1.09
1520530427.853681,1,214,0,51.25,1.07
1520530427.903682,1,212,0,51.19,1.09
1520530427.953684,1,210,0,50.61,1.05
1520530428.003686,1,209,0,50.12,1.06
1520530428.053687,1,206,0,49.87,1.44
1520530428.103692,1,189,0,48.68,1.04
1520530428.153535,1,431,385,42.97,3.33
1520530428.203537,1,335,0,41.82,1.83
1520530428.253538,1,268,0,41.11,1.08
1520530428.303540,1,231,0,40.53,1.31
1520530428.353542,1,201,0,40.08,0.98
1520530428.403618,1,431,341,40.58,2.93
1520530428.453544,1,318,0,41.32,1.19
1520530428.503546,1,265,0,42.29,1.06
1520530428.553451,1,220,0,39.24,1.02
1520530428.603452,1,188,0,39.73,0.96
1520530428.653454,1,448,370,40.26,2.73
1520530428.703455,1,343,0,40.92,1.45
1520530428.753457,1,277,0,41.59,1.06
1520530428.803458,1,242,0,42.41,0.99
1520530428.853460,1,213,0,42.74,0.98
1520530428.903461,1,440,337,43.15,2.77
1520530428.953463,1,307,0,43.96,1.61
1520530429.003444,1,250,0,43.24,0.94
1520530429.053445,1,209,0,43.61,0.90
1520530429.103447,1,187,0,43.84,0.91
1520530429.153448,1,413,291,44.83,30.50
1520530429.203450,1,316,0,44.76,1.43
1520530429.253451,1,256,0,45.39,1.21
1520530429.303453,1,210,0,45.81,1.08
1520530429.353455,1,423,352,46.05,29.05
1520530429.403551,1,295,0,49.82,1.43
1520530429.453553,1,239,0,49.61,1.14
1520530429.503555,1,188,0,49.58,1.05
1520530429.553556,1,425,346,49.81,2.74
1520530429.603558,1,326,0,49.34,1.22
1520530429.653558,1,278,0,49.20,1.07
1520530429.703560,1,253,0,49.15,1.08
1520530429.753561,1,219,0,49.00,1.02
1520530429.803622,1,198,0,50.58,0.95
1520530429.853626,1,435,384,50.29,3.13
1520530429.903625,1,363,0,50.11,1.86
1520530429.953626,1,313,0,49.45,1.20
1520530430.003663,1,298,0,49.00,1.18
1520530430.053629,1,285,0,48.44,1.26
1520530430.103631,1,269,0,47.72,1.14
1520530430.153632,1,258,0,46.81,1.20
1520530430.203344,1,189,0,36.57,1.02
1520530430.253346,1,423,381,36.39,2.74
1520530430.303347,1,339,0,36.13,1.25
1520530430.353349,1,287,0,35.63,1.22
1520530430.403350,1,261,0,34.50,1.10
1520530430.453352,1,217,0,33.46,1.05
1520530430.503353,1,180,0,33.01,1.16
1520530430.553355,1,426,367,31.90,2.72
1520530430.603527,1,344,0,36.06,1.25
1520530430.653528,1,304,0,35.01,1.14
1520530430.703530,1,266,0,34.39,1.40
1520530430.753532,1,223,0,33.84,1.00
1520530430.803533,1,191,0,33.22,0.96
1520530430.853534,1,431,363,33.16,2.69
1520530430.903536,1,362,0,33.13,1.51
1520530430.953538,1,327,0,33.90,1.18
1520530431.003696,1,285,0,38.71,1.10
1520530431.053698,1,248,0,39.05,1.07
1520530431.103700,1,229,0,39.20,1.01
1520530431.153701,1,209,0,39.76,0.96
1520530431.203703,1,427,337,41.22,26.23
1520530431.253704,1,341,0,42.57,1.46
1520530431.303706,1,287,0,43.31,1.19
1520530431.353708,1,238,0,44.00,0.94
1520530431.403709,1,204,0,45.00,0.89
1520530431.453562,1,438,337,40.87,25.19
1520530431.503564,1,298,0,41.49,1.12
1520530431.553565,1,233,0,42.53,0.95
1520530431.603567,1,199,0,42.78,1.14
1520530431.653568,1,413,312,43.83,25.72
1520530431.703570,1,293,0,44.46,1.48
1520530431.753571,1,233,0,44.36,1.04
1520530431.803573,1,199,0,44.23,0.94
1520530431.853524,1,433,339,42.46,27.63
1520530431.903526,1,329,0,42.50,1.55
1520530431.953527,1,285,0,43.24,1.12
1520530432.003528,1,238,0,43.55,1.00
1520530432.053531,1,208,0,44.07,1.11
1520530432.103532,1,193,0,44.26,1.02
1520530432.153533,1,432,352,44.39,28.06
1520530432.203536,1,359,0,44.54,1.68
1520530432.253696,1,306,0,51.09,1.22
1520530432.303698,1,281,0,50.45,1.08
1520530432.353700,1,264,0,48.94,1.12
1520530432.403701,1,239,0,48.18,1.08
1520530432.453702,1,232,0,47.26,1.13
1520530432.503704,1,215,0,46.38,1.09
1520530432.553705,1,204,0,45.46,1.20
1520530432.603708,1,194,0,44.57,1.14
1520530432.653548,1,440,399,38.50,30.30
1520530432.703550,1,329,0,37.73,1.56
1520530432.753551,1,266,0,36.80,1.28
1520530432.803553,1,223,0,35.99,0.98
1520530432.853554,1,186,0,36.00,0.90
1520530432.903556,1,413,347,35.87,22.11
1520530432.953557,1,344,0,35.08,1.32
1520530433.003559,1,311,0,33.99,1.07
1520530433.053690,1,261,0,36.68,1.04
1520530433.103692,1,223,0,35.70,0.95
1520530433.153693,1,199,0,34.54,0.99
1520530433.203694,1,433,383,33.87,2.76
1520530433.253695,1,371,0,33.59,1.39
1520530433.303697,1,340,0,33.72,1.17
1520530433.353699,1,308,0,34.09,1.33
1520530433.403701,1,275,0,34.67,1.13
1520530433.453702,1,259,0,35.61,1.05
1520530433.503793,1,245,0,38.85,1.08
1520530433.553795,1,232,0,39.96,1.07
1520530433.603796,1,217,0,40.74,1.04
1520530433.653798,1,208,0,41.46,1.12
1520530433.703799,1,200,0,42.10,1.01
1520530433.753802,1,429,349,42.75,2.80
1520530433.803803,1,355,0,43.03,1.40
1520530433.853804,1,309,0,42.44,1.16
1520530433.903630,1,280,0,37.64,1.06
1520530433.953632,1,244,0,38.21,1.14
1520530434.003634,1,216,0,38.87,0.93
1520530434.053635,1,185,0,39.29,0.91
1520530434.103637,1,439,364,40.08,3.08
1520530434.153638,1,311,0,40.27,1.33
1520530434.203640,1,238,0,40.12,1.02
1520530434.253642,1,201,0,40.52,0.92
1520530434.303478,1,434,335,35.79,2.53
1520530434.353481,1,305,0,36.53,1.11
1520530434.403481,1,243,0,36.96,1.01
1520530434.453483,1,193,0,37.47,0.90
1520530434.503485,1,427,306,37.65,2.44
1520530434.553486,1,282,0,37.42,1.06
1520530434.603488,1,212,0,37.62,0.92
1520530434.653489,1,420,319,37.63,27.07
1520530434.703656,1,257,0,43.68,1.39
1520530434.753658,1,213,0,43.95,0.99
1520530434.803658,1,431,333,44.72,27.19
1520530434.853723,1,304,0,45.01,1.15
1520530434.903661,1,266,0,44.51,0.98
1520530434.953662,1,229,0,43.77,0.91
1520530435.003665,1,206,0,43.49,0.93
1520530435.053667,1,196,0,43.55,0.86
1520530435.103796,1,437,364,49.16,27.37
1520530435.153798,1,377,0,49.61,1.19
1520530435.203799,1,357,0,50.15,1.12
1520530435.253802,1,340,0,49.52,1.13
1520530435.303802,1,322,0,49.17,1.01
1520530435.353804,1,309,0,48.84,1.06
1520530435.403806,1,299,0,48.30,1.08
1520530435.453807,1,267,0,47.76,1.01
1520530435.504086,1,231,0,56.90,1.03
1520530435.554088,1,199,0,56.29,0.88
1520530435.604089,1,427,392,55.14,27.08
1520530435.654091,1,354,0,53.71,1.34
1520530435.704092,1,310,0,52.83,1.05
1520530435.754094,1,268,0,52.03,1.02
1520530435.804096,1,230,0,51.66,0.91
1520530435.854097,1,204,0,51.15,0.92
1520530435.904099,1,437,385,51.25,28.34
1520530435.953835,1,358,0,42.61,1.76
1520530436.003837,1,310,0,42.28,1.16
1520530436.053838,1,284,0,41.54,1.24
1520530436.103839,1,260,0,41.05,1.08
1520530436.153841,1,233,0,40.58,1.04
1520530436.203843,1,220,0,40.19,1.03
1520530436.253844,1,199,0,40.18,1.03
1520530436.303846,1,185,0,40.05,1.01
1520530436.353955,1,435,360,43.99,27.60
1520530436.403958,1,360,0,44.16,1.59
1520530436.453978,1,337,0,44.34,1.11
1520530436.503960,1,319,0,44.84,1.04
1520530436.553962,1,304,0,45.33,1.05
1520530436.603963,1,289,0,45.40,0.99
1520530436.653965,1,277,0,45.88,1.30
1520530436.703966,1,272,0,46.01,0.97
1520530436.754031,1,263,0,47.85,1.03
1520530436.804032,1,254,0,47.92,1.00
1520530436.854034,1,234,0,47.81,1.00
1520530436.904035,1,212,0,48.10,0.98
1520530436.954037,1,425,343,48.09,25.94
1520530437.004039,1,310,0,47.49,1.31
1520530437.054040,1,289,0,46.97,1.02
1520530437.104042,1,262,0,46.41,1.11
1520530437.153533,1,184,0,31.02,0.93
1520530437.203536,1,434,361,31.24,27.16
1520530437.253536,1,310,0,31.68,1.59
1520530437.303538,1,275,0,31.99,1.38
1520530437.353539,1,247,0,31.65,1.04
1520530437.403543,1,221,0,30.91,1.05
1520530437.453544,1,432,360,30.78,29.52
1520530437.503545,1,333,0,30.57,1.42
1520530437.553870,1,259,0,41.24,1.13
1520530437.603872,1,233,0,41.41,1.14
1520530437.653873,1,207,0,42.29,0.96
1520530437.703875,1,186,0,42.68,0.98
1520530437.753876,1,426,374,42.92,29.92
1520530437.803878,1,351,0,44.40,1.41
1520530437.853879,1,316,0,46.46,1.24
1520530437.903881,1,295,0,47.31,1.14
1520530437.954482,1,191,0,68.48,1.15
1520530438.004481,1,442,399,68.08,29.48
1520530438.054484,1,392,0,68.18,1.45
1520530438.104484,1,373,0,67.93,1.58
1520530438.154486,1,351,0,66.71,1.28
1520530438.204487,1,343,0,65.86,1.25
1520530438.254489,1,320,0,65.06,1.22
1520530438.304490,1,290,0,64.69,1.13
1520530438.354492,1,244,0,64.34,1.11
1520530438.403621,1,441,390,34.42,29.86
1520530438.453623,1,356,0,33.56,1.68
1520530438.503624,1,307,0,32.32,1.38
1520530438.553626,1,250,0,31.33,1.05
1520530438.603628,1,220,0,30.19,1.04
1520530438.653629,1,189,0,29.36,0.90
1520530438.703631,1,438,344,29.02,31.00
1520530438.753632,1,357,0,28.98,1.50
1520530438.804389,1,430,367,49.80,30.98
1520530438.854392,1,373,0,49.64,1.36
1520530438.904392,1,347,0,49.26,1.16
1520530438.954394,1,319,0,49.42,1.22
1520530439.004395,1,302,0,49.45,1.16
1520530439.054397,1,298,0,49.72,1.32
1520530439.104398,1,283,0,49.38,1.18
1520530439.154401,1,275,0,49.15,1.29
1520530439.204654,1,261,0,55.34,1.12
1520530439.254655,1,251,0,54.53,1.02
1520530439.304657,1,227,0,54.22,1.05
1520530439.354659,1,223,0,54.09,0.96
1520530439.404660,1,217,0,53.67,0.99
1520530439.454661,1,201,0,53.40,1.14
1520530439.504663,1,197,0,53.12,1.02
1520530439.554665,1,197,0,52.80,0.96
1520530439.604177,1,191,0,41.14,1.09
1520530439.654178,1,190,0,41.26,1.03
1520530439.704263,1,189,0,41.41,0.97
1520530439.754182,1,188,0,41.85,1.04
1520530439.804183,1,185,0,42.72,0.94
1520530439.854185,1,435,368,42.90,30.48
1520530439.904186,1,393,0,43.31,1.35
1520530439.954188,1,368,0,43.94,1.16
1520530440.004099,1,357,0,41.78,1.19
1520530440.054101,1,339,0,42.16,1.13
1520530440.104102,1,322,0,42.39,1.12
1520530440.154104,1,302,0,42.43,1.07
1520530440.204106,1,293,0,42.52,1.09
1520530440.254107,1,276,0,42.43,1.16
1520530440.304109,1,263,0,42.30,1.02
1520530440.354110,1,246,0,42.31,1.06
1520530440.404112,1,236,0,43.14,1.03
1520530440.453977,1,220,0,39.40,1.00
1520530440.503979,1,209,0,39.61,0.95
1520530440.553980,1,195,0,39.92,1.01
1520530440.603981,1,189,0,40.49,0.95
1520530440.653984,1,435,368,41.09,31.04
1520530440.703986,1,379,0,41.23,1.41
1520530440.753987,1,350,0,41.77,1.18
1520530440.803989,1,328,0,41.94,1.21
1520530440.853871,1,299,0,38.51,1.13
1520530440.903872,1,275,0,38.64,1.12
1520530440.953874,1,261,0,38.60,1.05
1520530441.003875,1,241,0,38.83,1.04
1520530441.053876,1,225,0,39.12,1.04
1520530441.103878,1,208,0,39.36,1.02
1520530441.153883,1,185,0,39.58,0.95
1520530441.203881,1,435,344,40.07,30.29
1520530441.253889,1,338,0,40.75,1.49
1520530441.303927,1,283,0,41.58,1.08
1520530441.353892,1,245,0,42.21,0.96
1520530441.403893,1,219,0,42.81,0.92
1520530441.453895,1,195,0,42.57,0.92
1520530441.503896,1,183,0,42.70,0.84
1520530441.553898,1,434,319,42.58,29.34
1520530441.603899,1,354,0,42.81,1.74
1520530441.654083,1,274,0,49.05,1.02
1520530441.704084,1,247,0,48.97,0.97
1520530441.754086,1,229,0,49.14,1.01
1520530441.804088,1,204,0,49.54,0.94
1520530441.854089,1,197,0,49.43,0.91
1520530441.904091,1,189,0,49.49,0.95
1520530441.954092,1,184,0,49.58,0.87
1520530442.004094,1,430,335,49.60,29.46
1520530442.054029,1,323,0,47.32,1.52
1520530442.104032,1,281,0,47.61,1.03
1520530442.154034,1,244,0,47.35,1.23
1520530442.204035,1,210,0,47.33,0.91
1520530442.254038,1,199,0,47.07,0.92
1520530442.304038,1,192,0,46.82,0.92
1520530442.354040,1,425,341,46.26,29.46
1520530442.404042,1,311,0,46.34,1.37
1520530442.453714,1,206,0,35.37,0.95
1520530442.503716,1,426,318,35.05,27.57
1520530442.553716,1,288,0,34.21,1.45
1520530442.603719,1,240,0,32.81,1.04
1520530442.653721,1,216,0,31.90,0.95
1520530442.703722,1,190,0,31.06,0.94
1520530442.753723,1,423,301,30.23,27.09
1520530442.803725,1,313,0,29.34,1.16
1520530442.853726,1,283,0,29.08,0.99
1520530442.904376,1,436,351,47.78,26.55
1520530442.954377,1,366,0,47.47,1.27
1520530443.004380,1,333,0,47.25,1.27
1520530443.054381,1,317,0,46.95,1.16
1520530443.104383,1,294,0,47.07,1.12
1520530443.154384,1,282,0,47.13,1.06
1520530443.204385,1,253,0,47.31,1.04
1520530443.254387,1,238,0,47.07,0.99
1520530443.304466,1,232,0,49.19,0.96
1520530443.354468,1,229,0,49.01,1.08
1520530443.404470,1,226,0,49.02,0.98
1520530443.454471,1,226,0,49.29,1.07
1520530443.504473,1,220,0,49.46,0.96
1520530443.554475,1,212,0,49.73,1.01
1520530443.604476,1,205,0,50.13,1.02
1520530443.654478,1,199,0,50.52,1.04
1520530443.704013,1,442,352,37.15,26.98
1520530443.754014,1,354,0,37.59,1.31
1520530443.804016,1,322,0,37.61,1.20
1520530443.854018,1,293,0,37.91,1.15
1520530443.904020,1,267,0,38.67,1.04
1520530443.954022,1,246,0,39.20,1.09
1520530444.004023,1,230,0,39.58,1.03
1520530444.054024,1,202,0,39.45,1.00
1520530444.104403,1,436,357,51.43,26.78
1520530444.154404,1,339,0,51.20,1.31
1520530444.204406,1,283,0,50.73,1.25
1520530444.254406,1,248,0,51.04,0.98
1520530444.304409,1,231,0,51.28,0.97
1520530444.354410,1,203,0,51.72,1.20
1520530444.404411,1,183,0,51.60,0.90
1520530444.454414,1,430,323,51.77,25.46
1520530444.505162,1,190,0,78.34,1.26
1520530444.555264,1,435,344,78.53,25.63
1520530444.605164,1,328,0,79.30,1.53
1520530444.655166,1,285,0,79.67,1.07
1520530444.705167,1,251,0,80.35,0.92
1520530444.755169,1,235,0,80.91,1.22
1520530444.805171,1,212,0,81.76,0.93
1520530444.855172,1,188,0,82.79,0.98
1520530444.905173,1,438,344,84.13,27.18
1520530444.954962,1,307,0,77.68,1.36
1520530445.004964,1,266,0,78.63,1.10
1520530445.054965,1,237,0,79.41,1.02
1520530445.104967,1,220,0,78.93,0.91
1520530445.154968,1,205,0,78.35,0.94
1520530445.204970,1,198,0,77.31,0.88
1520530445.254972,1,442,355,76.33,26.36
1520530445.304973,1,334,0,75.68,1.22
1520530445.353892,1,444,367,36.92,27.05
1520530445.403894,1,345,0,36.46,1.37
1520530445.453896,1,294,0,35.93,1.08
1520530445.503898,1,233,0,35.48,1.06
1520530445.553899,1,206,0,34.99,0.97
1520530445.603900,1,189,0,34.53,0.92
1520530445.653902,1,430,369,33.94,28.53
1520530445.703904,1,325,0,33.12,1.64
1520530445.753751,1,226,0,27.72,1.11
1520530445.803752,1,415,319,27.84,27.99
1520530445.853755,1,290,0,27.17,1.67
1520530445.903755,1,252,0,26.80,1.28
1520530445.953756,1,225,0,26.70,1.44
1520530446.003759,1,201,0,26.90,1.04
1520530446.053761,1,436,339,27.19,26.18
1520530446.103762,1,346,0,27.33,1.35
1520530446.154954,1,438,377,65.49,26.55
1520530446.204900,1,374,0,65.77,1.54
1520530446.254902,1,353,0,65.97,1.13
1520530446.304903,1,336,0,65.74,1.26
1520530446.354905,1,319,0,65.24,1.09
1520530446.404906,1,299,0,64.62,1.03
1520530446.454908,1,285,0,64.05,1.35
1520530446.504909,1,271,0,63.58,1.07
1520530446.554783,1,255,0,58.92,1.06
1520530446.604785,1,242,0,58.19,1.10
1520530446.654786,1,229,0,57.59,1.08
1520530446.704788,1,207,0,57.06,1.25
1520530446.754789,1,184,0,56.68,0.90
1520530446.804791,1,437,382,56.59,5.51
1520530446.854792,1,365,0,56.24,1.22
1520530446.904794,1,339,0,56.63,1.13
1520530446.954330,1,287,0,43.80,1.09
1520530447.004332,1,265,0,44.29,1.05
1520530447.054334,1,250,0,44.35,1.02
1520530447.104335,1,232,0,44.76,1.02
1520530447.154337,1,217,0,45.06,0.95
1520530447.204338,1,192,0,44.96,0.88
1520530447.254340,1,186,0,44.85,1.19
1520530447.304342,1,436,365,45.26,5.31
1520530447.354343,1,365,0,45.65,1.59
1520530447.404124,1,307,0,39.02,1.20
1520530447.454125,1,269,0,39.33,0.97
1520530447.504127,1,254,0,40.00,1.36
1520530447.554128,1,243,0,40.18,0.95
1520530447.604130,1,226,0,40.40,0.98
1520530447.654131,1,203,0,40.59,0.94
1520530447.704133,1,436,354,40.65,5.35
1520530447.754142,1,361,0,40.72,1.63
1520530447.804072,1,332,0,38.71,1.12
1520530447.854074,1,298,0,38.95,1.01
1520530447.904075,1,286,0,38.58,1.51
1520530447.954077,1,263,0,38.53,1.20
1520530448.004078,1,245,0,38.56,1.34
1520530448.054080,1,236,0,38.66,1.10
1520530448.104081,1,231,0,38.66,1.31
1520530448.154083,1,226,0,38.78,1.04
1520530448.203885,1,188,0,31.86,0.96
1520530448.253886,1,188,0,32.24,1.03
1520530448.303888,1,186,0,32.26,0.88
1520530448.353889,1,442,349,32.21,5.57
1520530448.403891,1,363,0,32.07,1.32
1520530448.453892,1,337,0,31.96,1.16
1520530448.503894,1,320,0,32.04,1.17
1520530448.553895,1,309,0,31.85,1.07
1520530448.603930,1,299,0,33.22,1.05
1520530448.653932,1,289,0,33.05,1.09
1520530448.703934,1,284,0,33.12,1.16
1520530448.753935,1,279,0,33.15,1.06
1520530448.803937,1,272,0,33.38,1.09
1520530448.853939,1,270,0,33.25,1.07
1520530448.903940,1,265,0,33.21,1.16
1520530448.953942,1,263,0,33.28,1.13
1520530449.003905,1,259,0,31.84,1.07
1520530449.053906,1,258,0,32.07,1.14
1520530449.103908,1,255,0,32.05,1.13
1520530449.153910,1,253,0,31.81,1.13
1520530449.203911,1,250,0,32.05,1.12
