t,tracked,n_obs0,n_obs1,mean0,ms,keyframe,n_landmarks
1649764528.069239,0,0,0,60.45,1.13,0,0
1649764528.094239,0,0,0,60.45,1.00,0,0
1649764528.119236,0,0,0,60.56,1.00,0,0
1649764528.144233,0,0,0,60.57,1.05,0,0
1649764528.169231,0,0,0,60.47,1.02,0,0
1649764528.194228,0,0,0,60.46,1.01,0,0
1649764528.219225,0,0,0,60.56,1.00,0,0
1649764528.244222,0,0,0,60.58,1.01,0,0
1649764528.269220,0,0,0,60.45,0.99,0,0
1649764528.294217,0,0,0,60.46,1.00,0,0
1649764528.319215,0,0,0,60.54,1.06,0,0
1649764528.344212,0,0,0,60.55,1.05,0,0
1649764528.369209,0,0,0,60.43,1.04,0,0
1649764528.394207,0,0,0,60.43,0.99,0,0
1649764528.419204,0,0,0,60.53,1.01,0,0
1649764528.444201,0,0,0,60.54,1.03,0,0
1649764528.469198,0,0,0,60.41,1.12,0,0
1649764528.494196,0,0,0,60.43,0.99,0,0
1649764528.519193,0,0,0,60.53,1.09,0,0
1649764528.544190,0,0,0,60.55,1.05,0,0
1649764528.569188,0,0,0,60.41,1.01,0,0
1649764528.594185,0,0,0,60.42,1.00,0,0
1649764528.619182,0,0,0,60.51,1.04,0,0
1649764528.644179,0,0,0,60.53,1.00,0,0
1649764528.669177,0,0,0,60.42,1.06,0,0
1649764528.694174,0,0,0,60.42,1.00,0,0
1649764528.719171,0,0,0,60.50,0.99,0,0
1649764528.744169,0,0,0,60.53,1.14,0,0
1649764528.769166,0,0,0,60.42,1.07,0,0
1649764528.794163,0,0,0,60.43,0.99,0,0
1649764528.819161,0,0,0,60.51,0.99,0,0
1649764528.844158,0,0,0,60.55,1.07,0,0
1649764528.869155,0,0,0,60.42,1.11,0,0
1649764528.894153,0,0,0,60.45,0.99,0,0
1649764528.919150,0,0,0,60.51,1.00,0,0
1649764528.944147,0,0,0,60.52,1.01,0,0
1649764528.969144,1,177,89,60.41,23.69,1,88
1649764528.994142,1,300,108,60.46,24.44,0,88
1649764529.019139,1,300,111,60.54,25.99,0,88
1649764529.044137,1,300,113,60.55,26.53,0,88
1649764529.069134,1,300,114,60.43,26.14,0,88
1649764529.094131,1,300,111,60.46,21.29,0,88
1649764529.119128,1,300,113,60.54,29.59,1,175
1649764529.144126,1,300,115,60.55,21.77,0,175
1649764529.169123,1,300,115,60.44,21.70,0,175
1649764529.194120,1,300,111,60.48,21.71,0,175
1649764529.219118,1,300,113,60.53,26.76,0,175
1649764529.244115,1,300,113,60.54,21.64,0,175
1649764529.269112,1,300,112,60.42,41.96,1,267
1649764529.294109,1,300,116,60.49,21.99,0,267
1649764529.319107,1,300,112,60.53,21.61,0,267
1649764529.344104,1,300,113,60.55,21.69,0,267
1649764529.369101,1,300,113,60.46,21.46,0,267
1649764529.394099,1,300,114,60.50,22.02,0,267
1649764529.419096,1,300,116,60.56,42.21,1,238
1649764529.444093,1,300,112,60.56,22.28,0,238
1649764529.469090,1,300,113,60.43,21.77,0,238
1649764529.494088,1,300,116,60.48,21.79,0,238
1649764529.519085,1,300,113,60.56,21.80,0,238
1649764529.544083,1,300,113,60.56,21.50,0,238
1649764529.569080,1,300,113,60.44,44.88,1,224
1649764529.594077,1,300,113,60.50,21.62,0,224
1649764529.619075,1,300,115,60.55,21.69,0,224
1649764529.644072,1,300,113,60.56,21.70,0,224
1649764529.669069,1,300,112,60.42,21.67,0,224
1649764529.694067,1,300,114,60.48,21.54,0,224
1649764529.719064,1,300,112,60.54,37.08,1,235
1649764529.744061,1,300,113,60.54,21.46,0,235
1649764529.769058,1,300,114,60.43,21.70,0,235
1649764529.794056,1,300,113,60.48,21.56,0,235
1649764529.819053,1,300,114,60.53,21.81,0,235
1649764529.844050,1,300,117,60.52,21.66,0,235
1649764529.869048,1,300,113,60.40,47.43,1,254
1649764529.894045,1,300,114,60.48,21.53,0,254
1649764529.919042,1,300,114,60.53,21.51,0,254
1649764529.944039,1,300,115,60.54,21.53,0,254
1649764529.969037,1,300,116,60.40,21.49,0,254
1649764529.994034,1,300,115,60.48,21.72,0,254
1649764530.019032,1,300,115,60.53,42.13,1,258
1649764530.044029,1,300,113,60.53,21.56,0,258
1649764530.069026,1,300,115,60.40,21.73,0,258
1649764530.094023,1,300,114,60.48,22.29,0,258
1649764530.119020,1,300,114,60.53,21.56,0,258
1649764530.144018,1,300,115,60.53,21.66,0,258
1649764530.169015,1,300,115,60.39,45.42,1,270
1649764530.194012,1,300,113,60.50,21.78,0,270
1649764530.219010,1,300,113,60.54,21.42,0,270
1649764530.244007,1,300,115,60.51,21.86,0,270
1649764530.269005,1,300,116,60.40,21.55,0,270
1649764530.294002,1,300,114,60.47,21.98,0,270
1649764530.318999,1,300,113,60.49,55.79,1,263
1649764530.343997,1,300,116,60.48,21.92,0,263
1649764530.368994,1,300,115,60.35,21.89,0,263
1649764530.393991,1,300,115,60.46,21.94,0,263
1649764530.418988,1,300,114,60.47,21.78,0,263
1649764530.443986,1,300,113,60.47,21.65,0,263
1649764530.468983,1,300,116,60.35,74.71,1,253
1649764530.493980,1,300,115,60.45,21.81,0,253
1649764530.518978,1,300,115,60.49,21.79,0,253
1649764530.543975,1,300,113,60.49,21.67,0,253
1649764530.568972,1,300,112,60.36,21.65,0,253
1649764530.593969,1,300,116,60.46,21.78,0,253
1649764530.618967,1,300,116,60.49,54.87,1,260
1649764530.643964,1,300,115,60.50,21.77,0,260
1649764530.668961,1,300,114,60.37,21.54,0,260
1649764530.693959,1,300,115,60.47,21.82,0,260
1649764530.718956,1,300,115,60.51,21.82,0,260
1649764530.743953,1,300,114,60.50,21.72,0,260
1649764530.768950,1,300,114,60.38,69.15,1,252
1649764530.793948,1,300,114,60.49,21.83,0,252
1649764530.818945,1,300,116,60.51,21.84,0,252
1649764530.843943,1,300,114,60.48,21.70,0,252
1649764530.868940,1,300,114,60.36,21.78,0,252
1649764530.893937,1,300,113,60.49,21.66,0,252
1649764530.918935,1,300,117,60.51,76.17,1,253
1649764530.943932,1,300,116,60.48,21.83,0,253
1649764530.968929,1,300,120,60.36,21.89,0,253
1649764530.993926,1,300,116,60.48,21.67,0,253
1649764531.018924,1,300,117,60.51,21.75,0,253
1649764531.043921,1,300,114,60.48,21.65,0,253
1649764531.068918,1,300,113,60.37,65.46,1,251
1649764531.093916,1,300,115,60.48,21.93,0,251
1649764531.118913,1,300,115,60.51,21.49,0,251
1649764531.143910,1,300,116,60.48,21.73,0,251
1649764531.168907,1,300,117,60.37,22.03,0,251
1649764531.193905,1,300,114,60.48,21.74,0,251
1649764531.218902,1,300,117,60.50,75.04,1,248
1649764531.243899,1,300,114,60.46,21.63,0,248
1649764531.268897,1,300,114,60.37,21.94,0,248
1649764531.293894,1,300,115,60.47,21.68,0,248
1649764531.318891,1,300,118,60.51,22.10,0,248
1649764531.343889,1,300,116,60.46,21.49,0,248
1649764531.368886,1,300,115,60.35,74.00,1,244
1649764531.393883,1,300,115,60.46,21.92,0,244
1649764531.418880,1,300,114,60.49,22.10,0,244
1649764531.443878,1,300,115,60.45,21.63,0,244
1649764531.468875,1,300,116,60.34,21.69,0,244
1649764531.493872,1,300,113,60.46,21.57,0,244
1649764531.518870,1,300,116,60.51,77.80,1,241
1649764531.543867,1,300,115,60.45,21.67,0,241
1649764531.568865,1,300,117,60.34,22.10,0,241
1649764531.593862,1,300,116,60.46,21.61,0,241
1649764531.618859,1,300,118,60.49,22.09,0,241
1649764531.643856,1,300,115,60.44,21.41,0,241
1649764531.668854,1,300,117,60.34,100.99,1,253
1649764531.693851,1,300,116,60.47,21.68,0,253
1649764531.718848,1,300,116,60.50,21.76,0,253
1649764531.743845,1,300,117,60.44,21.59,0,253
1649764531.768843,1,300,118,60.34,21.91,0,253
1649764531.793840,1,300,114,60.45,21.67,0,253
1649764531.818837,1,300,115,60.49,130.01,1,230
1649764531.843835,1,300,118,60.42,22.08,0,230
1649764531.868832,1,300,118,60.34,21.89,0,230
1649764531.893829,1,300,118,60.45,21.57,0,230
1649764531.918827,1,300,116,60.48,21.83,0,230
1649764531.943824,1,300,115,60.41,21.74,0,230
1649764531.968821,1,300,116,60.32,134.17,1,224
1649764531.993819,1,300,118,60.45,21.85,0,224
1649764532.018816,1,300,115,60.49,21.89,0,224
1649764532.043813,1,300,116,60.41,21.71,0,224
1649764532.068810,1,300,117,60.32,22.05,0,224
1649764532.093805,1,300,117,60.44,22.07,0,224
1649764532.118802,1,300,116,60.48,144.56,1,234
1649764532.143800,1,300,115,60.42,21.65,0,234
1649764532.168797,1,300,116,60.31,22.05,0,234
1649764532.193794,1,300,117,60.42,21.73,0,234
1649764532.218791,1,300,117,60.49,21.84,0,234
1649764532.243788,1,300,118,60.40,21.86,0,234
1649764532.268786,1,300,116,60.31,94.81,1,225
1649764532.293783,1,300,116,60.41,21.88,0,225
1649764532.318781,1,300,116,60.47,21.80,0,225
1649764532.343778,1,300,117,60.40,21.79,0,225
1649764532.368775,1,300,117,60.31,21.78,0,225
1649764532.393772,1,300,118,60.44,22.11,0,225
1649764532.418770,1,300,118,60.52,135.03,1,221
1649764532.443767,1,300,119,60.45,22.13,0,221
1649764532.468764,1,300,119,60.39,22.30,0,221
1649764532.493762,1,300,115,60.50,21.67,0,221
1649764532.518759,1,300,120,60.54,22.05,0,221
1649764532.543756,1,300,118,60.48,21.67,0,221
1649764532.568753,1,300,117,60.39,143.25,1,210
1649764532.593751,1,300,119,60.51,22.18,0,210
1649764532.618748,1,300,116,60.54,21.82,0,210
1649764532.643745,1,300,117,60.45,22.06,0,210
1649764532.668743,1,300,115,60.35,21.81,0,210
1649764532.693740,1,300,117,60.49,21.93,0,210
1649764532.718737,1,300,116,60.51,114.34,1,215
1649764532.743735,1,300,119,60.42,21.81,0,215
1649764532.768732,1,300,116,60.32,21.70,0,215
1649764532.793729,1,300,118,60.44,21.69,0,215
1649764532.818726,1,300,117,60.44,21.90,0,215
1649764532.843724,1,300,116,60.32,22.12,0,215
1649764532.868721,1,300,118,60.23,166.98,1,243
1649764532.893718,1,300,118,60.32,22.04,0,243
1649764532.918715,1,300,117,60.36,21.96,0,243
1649764532.943713,1,300,117,60.26,21.90,0,243
1649764532.968710,1,300,118,60.21,21.89,0,243
1649764532.993707,1,300,116,60.33,21.47,0,243
1649764533.018705,1,300,116,60.36,358.22,1,244
1649764533.043702,1,300,116,60.25,21.97,0,244
1649764533.068699,1,300,117,60.18,21.73,0,244
1649764533.093697,1,300,119,60.26,21.99,0,244
1649764533.118694,1,300,118,60.28,21.81,0,244
1649764533.143691,1,300,118,60.14,22.19,0,244
1649764533.168688,1,300,117,60.11,96.60,1,199
1649764533.193686,1,300,116,60.18,21.70,0,199
1649764533.218683,1,300,115,60.23,21.85,0,199
1649764533.243680,1,300,121,60.13,21.99,0,199
1649764533.268678,1,300,117,60.10,21.75,0,199
1649764533.293675,1,300,116,60.20,21.44,0,199
1649764533.318672,1,300,114,60.27,46.53,1,183
1649764533.343669,1,300,116,60.17,21.94,0,183
1649764533.368667,1,300,116,60.12,21.94,0,183
1649764533.393664,1,300,118,60.23,21.69,0,183
1649764533.418661,1,300,117,60.27,21.91,0,183
1649764533.443659,1,300,115,60.14,21.62,0,183
1649764533.468656,1,300,116,60.10,48.74,1,191
1649764533.493653,1,300,116,60.19,21.90,0,191
1649764533.518650,1,300,117,60.22,22.02,0,191
1649764533.543648,1,300,116,60.11,21.82,0,191
1649764533.568645,1,300,118,60.07,21.98,0,191
1649764533.593642,1,300,114,60.17,22.07,0,191
1649764533.618640,1,300,115,60.19,56.27,1,204
1649764533.643637,1,300,114,60.07,21.91,0,204
1649764533.668634,1,300,115,60.05,21.63,0,204
1649764533.693631,1,300,117,60.14,21.75,0,204
1649764533.718629,1,300,118,60.16,21.76,0,204
1649764533.743626,1,300,115,60.06,21.84,0,204
1649764533.768623,1,300,116,60.01,50.31,1,207
1649764533.793621,1,300,113,60.10,21.76,0,207
1649764533.818618,1,300,115,60.14,22.28,0,207
1649764533.843615,1,300,115,60.02,21.96,0,207
1649764533.868612,1,300,116,60.00,21.92,0,207
1649764533.893610,1,300,118,60.09,22.07,0,207
1649764533.918607,1,300,118,60.10,54.13,1,205
1649764533.943604,1,300,118,59.98,22.22,0,205
1649764533.968602,1,300,116,59.93,27.09,0,205
1649764533.993599,1,300,111,59.67,27.42,0,205
1649764534.018596,1,300,112,59.02,28.17,0,205
1649764534.043593,1,300,113,58.40,27.64,0,205
1649764534.068591,1,300,115,58.26,69.66,1,267
1649764534.093588,1,274,119,58.46,27.59,0,267
1649764534.118585,1,259,113,58.74,26.31,0,267
1649764534.143583,1,263,112,58.93,26.79,0,267
1649764534.168580,1,254,114,59.24,25.41,0,267
1649764534.193577,1,300,129,59.57,28.82,0,267
1649764534.218574,1,259,122,59.65,65.78,1,310
1649764534.243572,1,265,120,59.35,27.76,0,310
1649764534.268569,1,272,132,59.20,28.30,0,310
1649764534.293566,1,284,136,59.23,28.61,0,310
1649764534.318564,1,252,132,59.31,27.49,0,310
1649764534.343561,1,277,140,59.38,27.44,0,310
1649764534.368558,1,250,130,59.82,65.55,1,353
1649764534.393555,1,226,133,60.37,26.37,0,353
1649764534.418553,1,255,145,60.96,25.63,0,353
1649764534.443550,1,243,151,61.48,27.39,0,353
1649764534.468547,1,300,170,62.20,28.41,0,353
1649764534.493545,1,270,159,63.04,28.88,0,353
1649764534.518542,1,300,155,63.91,71.02,1,420
1649764534.543539,1,300,156,64.60,30.09,0,420
1649764534.568537,1,300,149,65.53,29.33,0,420
1649764534.593534,1,300,148,66.52,29.10,0,420
1649764534.618531,1,300,148,67.43,28.59,0,420
1649764534.643528,1,300,151,68.05,28.01,0,420
1649764534.668525,1,300,157,68.79,72.81,1,474
1649764534.693523,1,300,158,69.30,28.36,0,474
1649764534.718520,1,300,169,69.67,29.60,0,474
1649764534.743517,1,300,171,69.96,29.81,0,474
1649764534.768515,1,300,177,70.60,28.92,0,474
1649764534.793512,1,300,181,71.46,29.13,0,474
1649764534.818509,1,300,177,72.57,99.79,1,518
1649764534.843507,1,300,182,73.74,29.40,0,518
1649764534.868504,1,300,180,75.43,29.68,0,518
1649764534.893502,1,300,191,77.30,29.85,0,518
1649764534.918499,1,300,186,79.18,29.76,0,518
1649764534.943496,1,300,183,81.10,29.49,0,518
1649764534.968493,1,300,182,83.32,89.94,1,545
1649764534.993490,1,300,179,85.20,29.68,0,545
1649764535.018488,1,300,178,86.74,30.41,0,545
1649764535.043485,1,300,172,87.83,30.08,0,545
1649764535.068482,1,300,164,89.01,29.77,0,545
1649764535.093480,1,300,163,90.10,28.79,0,545
1649764535.118477,1,300,157,91.15,129.14,1,569
1649764535.143474,1,300,146,92.00,29.86,0,569
1649764535.168471,1,300,159,88.47,29.44,0,569
1649764535.193469,1,300,163,88.62,28.95,0,569
1649764535.218466,1,300,161,89.78,29.08,0,569
1649764535.243464,1,300,158,89.31,29.31,0,569
1649764535.268461,1,300,166,90.31,107.99,1,610
1649764535.293458,1,300,167,85.17,30.91,0,610
1649764535.318455,1,300,172,86.95,30.14,0,610
1649764535.343452,1,300,161,86.15,30.10,0,610
1649764535.368450,1,300,165,88.42,30.22,0,610
1649764535.393447,1,300,152,82.45,29.61,0,610
1649764535.418444,1,300,156,85.25,84.18,1,627
1649764535.443442,1,300,155,79.05,30.06,0,627
1649764535.468439,1,300,151,82.33,29.34,0,627
1649764535.493436,1,300,143,80.25,29.39,0,627
1649764535.518434,1,300,140,83.05,29.18,0,627
1649764535.543431,1,300,138,75.69,27.86,0,627
1649764535.568428,1,300,134,78.56,116.09,1,633
1649764535.593426,1,300,138,74.96,29.24,0,633
1649764535.618423,1,300,139,77.36,28.75,0,633
1649764535.643420,1,300,147,73.51,29.07,0,633
1649764535.668417,1,300,156,76.28,29.83,0,633
1649764535.693414,1,300,149,72.76,29.41,0,633
1649764535.718412,1,300,148,75.67,157.76,1,659
1649764535.743409,1,300,149,72.17,30.03,0,659
1649764535.768407,1,300,150,75.53,29.57,0,659
1649764535.793404,1,300,159,72.35,30.76,0,659
1649764535.818401,1,300,159,75.85,30.47,0,659
1649764535.843398,1,300,160,72.63,29.88,0,659
1649764535.868396,1,300,161,76.50,128.32,1,693
1649764535.893393,1,300,163,73.41,31.12,0,693
1649764535.918390,1,300,158,77.21,30.00,0,693
1649764535.943388,1,300,161,73.99,31.93,0,693
1649764535.968385,1,300,159,78.21,31.87,0,693
1649764535.993382,1,300,155,74.83,30.24,0,693
1649764536.018379,1,287,161,78.13,110.43,1,740
1649764536.043377,1,300,157,73.60,30.46,0,740
1649764536.068374,1,300,161,76.64,30.23,0,740
1649764536.093371,1,300,162,72.16,30.90,0,740
1649764536.118369,1,300,162,75.41,30.09,0,740
1649764536.143366,1,289,161,71.21,29.54,0,740
1649764536.168363,1,271,157,74.87,119.23,1,763
1649764536.193360,1,261,147,70.61,27.75,0,763
1649764536.218358,1,254,141,73.91,26.57,0,763
1649764536.243355,1,247,142,69.62,26.42,0,763
1649764536.268352,1,254,138,73.59,26.82,0,763
1649764536.293349,1,251,131,69.75,26.91,0,763
1649764536.318347,1,252,131,73.65,169.66,1,779
1649764536.343344,1,234,118,69.84,25.72,0,779
1649764536.368341,1,229,119,74.70,25.98,0,779
1649764536.393339,1,221,114,71.71,24.73,0,779
1649764536.418336,1,218,112,76.25,24.44,0,779
1649764536.443333,1,205,104,71.74,23.40,0,779
1649764536.468330,1,198,99,75.17,121.62,1,784
1649764536.493328,1,182,100,70.70,24.73,0,784
1649764536.518325,1,180,101,74.09,21.79,0,784
1649764536.543322,1,174,99,69.74,23.01,0,784
1649764536.568320,1,186,100,73.28,23.78,0,784
1649764536.593317,1,163,85,69.30,23.06,0,784
1649764536.618314,1,154,87,72.68,114.52,1,786
1649764536.643311,1,156,89,68.81,21.49,0,786
1649764536.668309,1,156,88,72.78,21.50,0,786
1649764536.693306,1,151,85,69.35,20.98,0,786
1649764536.718303,1,155,88,72.93,20.45,0,786
1649764536.743301,1,152,85,65.30,20.83,0,786
1649764536.768298,1,157,81,69.54,133.97,1,804
1649764536.793295,1,153,84,65.95,20.32,0,804
1649764536.818292,1,146,78,70.00,20.64,0,804
1649764536.843290,1,153,88,66.24,19.43,0,804
1649764536.868287,1,136,77,70.58,19.35,0,804
1649764536.893284,1,131,72,66.63,18.71,0,804
1649764536.918282,1,136,75,70.21,108.75,1,809
1649764536.943279,1,203,105,65.85,23.97,0,809
1649764536.968276,1,168,89,69.55,21.84,0,809
1649764536.993273,1,164,88,62.07,21.52,0,809
1649764537.018271,1,167,89,65.63,20.80,0,809
1649764537.043268,1,144,72,61.93,21.33,0,809
1649764537.068265,1,137,70,65.94,100.33,1,846
1649764537.093265,1,133,67,62.54,19.30,0,846
1649764537.118263,1,123,63,66.27,18.56,0,846
1649764537.143260,1,116,63,62.75,17.82,0,846
1649764537.168257,1,113,61,66.87,19.81,0,846
1649764537.193254,1,102,57,63.76,17.89,0,846
1649764537.218252,1,106,59,67.68,117.58,1,869
1649764537.243249,1,105,52,64.63,18.06,0,869
1649764537.268246,1,105,57,68.84,16.79,0,869
1649764537.293244,1,119,58,65.70,17.82,0,869
1649764537.318241,1,120,60,68.89,17.48,0,869
1649764537.343238,1,98,49,65.34,16.68,0,869
1649764537.368236,1,97,44,68.12,68.72,1,806
1649764537.393233,1,89,45,64.87,17.19,0,806
1649764537.418230,1,93,43,66.79,15.46,0,806
1649764537.443227,1,80,37,64.11,15.40,0,806
1649764537.468225,1,93,45,66.51,15.14,0,806
1649764537.493222,1,300,121,64.42,27.25,0,806
1649764537.518219,1,143,71,66.54,90.05,1,827
1649764537.543217,1,121,63,64.49,18.94,0,827
1649764537.568214,1,101,50,67.00,19.45,0,827
1649764537.593211,1,101,50,64.94,17.14,0,827
1649764537.618208,1,82,46,66.71,74.70,1,849
1649764537.643206,1,78,41,64.44,16.43,0,849
1649764537.668203,1,72,43,66.20,13.50,0,849
1649764537.693200,1,67,38,64.44,14.53,0,849
1649764537.718198,1,63,34,65.76,12.21,0,849
1649764537.743195,1,57,33,63.96,12.63,0,849
1649764537.768192,1,53,31,65.82,56.74,1,862
1649764537.793189,1,56,34,64.27,13.35,0,862
1649764537.818187,1,300,86,65.35,22.95,0,862
1649764537.843184,1,73,45,64.00,22.32,0,862
1649764537.868181,1,132,64,65.14,16.26,0,862
1649764537.893179,1,76,49,64.64,16.72,0,862
1649764537.918176,1,130,71,65.02,83.67,1,911
1649764537.943173,1,224,95,64.65,23.89,0,911
1649764537.968170,1,300,99,65.25,29.24,0,911
1649764537.993168,1,82,47,65.37,21.25,0,911
1649764538.018165,1,95,51,65.17,15.57,0,911
1649764538.043162,1,83,47,65.18,14.44,0,911
1649764538.068160,1,94,53,65.12,61.48,1,935
1649764538.093157,1,72,44,65.64,15.64,0,935
1649764538.118154,1,94,53,64.78,14.78,0,935
1649764538.143151,1,73,38,65.24,15.18,0,935
1649764538.168149,1,101,47,64.53,15.31,0,935
1649764538.193146,1,75,48,65.28,15.71,0,935
1649764538.218143,1,106,65,63.23,84.39,1,974
1649764538.243141,1,87,46,63.99,16.43,0,974
1649764538.268138,1,300,107,61.91,24.48,0,974
1649764538.293135,1,97,52,63.70,21.82,0,974
1649764538.318132,1,300,95,60.96,24.08,0,974
1649764538.343130,1,300,90,62.85,31.17,0,974
1649764538.368127,1,300,111,60.46,71.10,1,1048
1649764538.393124,1,123,66,63.00,98.72,1,1030
1649764538.418122,1,300,101,59.75,24.69,0,1030
1649764538.443119,1,232,93,62.13,29.62,0,1030
1649764538.468116,1,127,68,59.03,23.14,0,1030
1649764538.493114,1,222,78,62.14,22.35,0,1030
1649764538.518111,1,300,98,58.08,27.63,0,1030
1649764538.543108,1,255,84,60.96,103.57,1,1033
1649764538.568105,1,138,69,57.17,70.99,1,987
1649764538.593103,1,233,85,60.77,23.75,0,987
1649764538.618100,1,300,103,56.10,30.36,0,987
1649764538.643097,1,300,98,59.47,33.35,0,987
1649764538.668094,1,160,75,55.23,25.44,0,987
1649764538.693092,1,216,92,66.27,24.68,0,987
1649764538.718089,1,300,109,61.74,91.65,1,1063
1649764538.743086,1,300,103,65.12,34.40,0,1063
1649764538.768084,1,300,115,61.19,33.32,0,1063
1649764538.793081,1,208,77,65.69,29.18,0,1063
1649764538.818078,1,300,106,61.06,30.11,0,1063
1649764538.843076,1,216,88,64.96,29.50,0,1063
1649764538.868073,1,300,97,61.25,67.89,1,1087
1649764538.893070,1,300,107,66.29,36.35,0,1087
1649764538.918067,1,223,90,61.87,31.18,0,1087
1649764538.943065,1,221,85,66.39,26.54,0,1087
1649764538.968062,1,300,94,62.69,29.83,0,1087
1649764538.993059,1,238,80,68.33,31.50,0,1087
1649764539.018057,1,286,93,63.36,92.88,1,1095
1649764539.043054,1,300,104,68.29,32.60,0,1095
1649764539.068051,1,149,71,64.47,87.11,1,1095
1649764539.093048,1,197,82,71.07,22.34,0,1095
1649764539.118046,1,139,77,65.71,20.90,0,1095
1649764539.143043,1,147,76,71.14,19.80,0,1095
1649764539.168040,1,300,87,66.53,27.38,0,1095
1649764539.193038,1,300,84,73.08,33.10,0,1095
1649764539.218035,1,300,92,67.09,93.24,1,1134
1649764539.243032,1,208,85,72.65,32.07,0,1134
1649764539.268029,1,225,87,68.31,26.23,0,1134
1649764539.293027,1,184,76,75.66,24.52,0,1134
1649764539.318024,1,264,95,70.01,26.09,0,1134
1649764539.343021,1,290,96,76.44,31.80,0,1134
1649764539.368019,1,246,93,72.27,82.50,1,1153
1649764539.393016,1,291,93,80.46,30.11,0,1153
1649764539.418013,1,267,73,74.79,29.42,0,1153
1649764539.443010,1,300,84,82.00,31.10,0,1153
1649764539.468008,1,189,69,77.99,27.23,0,1153
1649764539.493005,1,300,87,86.62,28.43,0,1153
1649764539.518003,1,155,62,74.31,87.53,1,1162
1649764539.543000,1,300,90,82.24,27.44,0,1162
1649764539.567997,1,175,70,76.71,28.11,0,1162
1649764539.592994,1,283,87,86.46,26.30,0,1162
1649764539.617991,1,202,74,73.40,31.80,0,1162
1649764539.642989,1,300,83,82.59,28.76,0,1162
1649764539.667986,1,157,70,72.41,81.45,1,1172
1649764539.692983,1,300,85,83.18,28.24,0,1172
1649764539.717981,1,300,71,70.39,33.41,0,1172
1649764539.742978,1,300,89,79.89,36.08,0,1172
1649764539.767975,1,300,71,73.09,33.59,0,1172
1649764539.792973,1,300,85,83.79,34.55,0,1172
1649764539.817970,1,238,71,70.61,93.42,1,1193
1649764539.842967,1,300,78,80.10,30.14,0,1193
1649764539.867965,1,300,68,73.85,33.96,0,1193
1649764539.892962,1,226,75,84.53,30.63,0,1193
1649764539.917959,1,242,71,71.07,28.79,0,1193
1649764539.942956,1,300,75,80.29,30.73,0,1193
1649764539.967953,1,300,74,74.57,101.66,1,1195
1649764539.992951,1,300,81,84.82,35.29,0,1195
1649764540.017948,1,300,64,72.41,40.53,0,1195
1649764540.042945,1,300,69,81.21,35.71,0,1195
1649764540.067943,1,300,54,76.15,38.15,0,1195
1649764540.092940,1,300,61,85.63,36.69,0,1195
1649764540.117937,1,300,58,72.72,74.62,1,1179
1649764540.142935,1,300,63,80.31,39.05,0,1179
1649764540.167932,1,236,53,75.83,31.88,0,1179
1649764540.192929,1,300,59,84.57,30.86,0,1179
1649764540.217927,1,136,46,73.26,100.32,1,1142
1649764540.242923,1,300,63,80.56,27.65,0,1142
1649764540.267921,1,285,62,77.24,39.17,0,1142
1649764540.292918,1,220,51,85.13,31.49,0,1142
1649764540.317916,1,117,35,74.48,31.77,0,1142
1649764540.342913,1,134,38,80.79,19.79,0,1142
1649764540.367910,1,300,44,78.36,78.80,1,1126
1649764540.392907,1,300,49,85.27,35.76,0,1126
1649764540.417905,1,161,39,80.23,111.03,1,1132
1649764540.442902,1,227,45,85.44,24.71,0,1132
1649764540.467899,1,133,35,83.90,23.29,0,1132
1649764540.492897,1,136,35,89.51,19.80,0,1132
1649764540.517894,1,107,33,81.63,20.85,0,1132
1649764540.542891,1,106,36,86.02,16.28,0,1132
1649764540.567888,1,300,40,86.70,77.90,1,1148
1649764540.592886,1,166,37,92.10,92.35,1,1200
1649764540.617883,1,300,38,91.15,28.04,0,1200
1649764540.642880,1,300,35,95.63,41.38,0,1200
1649764540.667878,1,300,34,98.36,36.53,0,1200
1649764540.692875,1,153,33,103.04,28.21,0,1200
1649764540.717872,1,100,38,98.13,19.48,0,1200
1649764540.742870,1,113,37,101.20,80.96,1,1206
1649764540.767867,1,133,54,99.07,18.68,0,1206
1649764540.792864,1,146,88,93.32,20.90,0,1206
1649764540.817861,1,167,117,84.31,21.14,0,1206
1649764540.842859,1,176,129,79.13,21.30,0,1206
1649764540.867856,1,169,131,79.42,22.00,0,1206
1649764540.892853,1,162,126,78.01,84.07,1,1271
1649764540.917850,1,164,124,76.31,20.57,0,1271
1649764540.942848,1,172,126,74.47,20.79,0,1271
1649764540.967845,1,300,175,75.24,27.24,0,1271
1649764540.992842,1,299,178,73.84,30.80,0,1271
1649764541.017840,1,300,160,73.38,30.02,0,1271
1649764541.042837,1,266,156,71.08,116.15,1,1310
1649764541.067834,1,194,134,72.35,26.12,0,1310
1649764541.092834,1,264,152,70.08,26.76,0,1310
1649764541.117831,1,217,143,69.99,26.83,0,1310
1649764541.142828,1,300,162,67.00,29.71,0,1310
1649764541.167825,1,300,176,69.00,35.65,0,1310
1649764541.192822,1,300,171,66.29,99.70,1,1363
1649764541.217820,1,213,130,67.22,28.84,0,1363
1649764541.242817,1,300,156,64.08,31.96,0,1363
1649764541.267814,1,182,113,76.69,29.39,0,1363
1649764541.292812,1,300,130,73.44,27.44,0,1363
1649764541.317809,1,186,99,76.03,26.71,0,1363
1649764541.342807,1,300,133,71.96,101.88,1,1386
1649764541.367804,1,152,93,77.20,106.47,1,1385
1649764541.392801,1,140,87,73.26,19.00,0,1385
1649764541.417799,1,129,81,76.39,17.96,0,1385
1649764541.442796,1,300,131,70.46,26.34,0,1385
1649764541.467793,1,158,88,74.90,29.15,0,1385
1649764541.492790,1,190,100,68.36,23.05,0,1385
1649764541.517788,1,300,100,71.03,106.83,1,1411
1649764541.542785,1,300,97,64.09,33.84,0,1411
1649764541.567782,1,94,50,69.71,74.12,1,1354
1649764541.592780,1,169,64,63.36,21.31,0,1354
1649764541.617777,1,300,85,67.45,31.37,0,1354
1649764541.642774,1,300,101,60.33,36.63,0,1354
1649764541.667771,1,300,87,76.17,43.80,0,1354
1649764541.692769,1,300,94,67.77,34.36,0,1354
1649764541.717766,1,300,91,73.17,120.01,1,1394
1649764541.742763,1,300,110,63.96,35.71,0,1394
1649764541.767761,1,300,112,71.78,37.23,0,1394
1649764541.792758,1,300,102,62.47,33.95,0,1394
1649764541.817755,1,300,93,68.41,35.38,0,1394
1649764541.842752,1,300,73,58.68,34.50,0,1394
1649764541.867750,1,300,67,67.27,132.29,1,1412
1649764541.892747,1,300,67,57.59,37.30,0,1412
1649764541.917744,1,300,51,64.40,36.10,0,1412
1649764541.942741,1,300,62,54.35,36.08,0,1412
1649764541.967739,1,300,61,72.37,33.74,0,1412
1649764541.992736,1,300,63,60.98,35.45,0,1412
1649764542.017734,1,300,68,69.69,119.44,1,1393
1649764542.042731,1,300,72,58.31,35.62,0,1393
1649764542.067728,1,300,79,70.00,32.30,0,1393
1649764542.092726,1,300,83,58.54,35.62,0,1393
1649764542.117723,1,300,81,68.42,34.32,0,1393
1649764542.142720,1,300,79,56.79,34.51,0,1393
1649764542.167717,1,300,87,69.26,110.48,1,1403
1649764542.192715,1,300,91,57.18,35.22,0,1403
1649764542.217712,1,300,96,67.60,34.85,0,1403
1649764542.242709,1,300,106,55.12,37.23,0,1403
1649764542.267707,1,300,113,68.00,35.75,0,1403
1649764542.292704,1,300,101,55.05,36.36,0,1403
1649764542.317701,1,300,102,65.88,86.81,1,1401
1649764542.342699,1,300,107,52.86,37.05,0,1401
1649764542.367696,1,300,109,75.35,34.66,0,1401
1649764542.392693,1,300,106,57.00,36.67,0,1401
1649764542.417690,1,300,116,69.24,35.41,0,1401
1649764542.442688,1,300,108,55.56,36.64,0,1401
1649764542.467685,1,300,113,70.58,102.58,1,1365
1649764542.492682,1,300,107,56.60,34.51,0,1365
1649764542.517680,1,300,102,69.60,36.71,0,1365
1649764542.542677,1,300,85,55.76,34.73,0,1365
1649764542.567674,1,291,87,71.17,35.29,0,1365
1649764542.592671,1,297,83,56.72,34.70,0,1365
1649764542.617669,1,300,89,70.13,83.69,1,1401
1649764542.642666,1,299,86,55.82,35.93,0,1401
1649764542.667663,1,267,86,71.61,34.49,0,1401
1649764542.692661,1,180,67,56.69,28.22,0,1401
1649764542.717658,1,234,79,70.48,26.85,0,1401
1649764542.742655,1,182,65,55.82,26.58,0,1401
1649764542.767653,1,178,66,71.73,101.95,1,1373
1649764542.792650,1,72,47,53.44,89.27,1,1313
1649764542.817647,1,72,48,66.90,15.39,0,1313
1649764542.842645,1,86,45,52.85,14.66,0,1313
1649764542.867642,1,81,44,77.49,14.56,0,1313
1649764542.892639,1,73,42,55.56,14.73,0,1313
1649764542.917637,1,80,42,69.31,13.97,0,1313
1649764542.942634,1,75,44,54.75,87.07,1,1327
1649764542.967631,1,300,63,70.23,23.73,0,1327
1649764542.992628,1,139,57,55.18,27.85,0,1327
1649764543.017626,1,128,56,68.82,18.98,0,1327
1649764543.042623,1,117,61,54.27,19.23,0,1327
1649764543.067620,1,166,61,79.05,18.98,0,1327
1649764543.092618,1,300,82,56.04,92.49,1,1341
1649764543.117615,1,160,68,69.74,96.42,1,1290
1649764543.142612,1,110,52,54.82,19.93,0,1290
1649764543.167610,1,143,66,70.27,18.74,0,1290
1649764543.192607,1,207,79,54.74,24.15,0,1290
1649764543.217604,1,300,102,68.67,29.40,0,1290
1649764543.242601,1,300,107,53.92,34.10,0,1290
1649764543.267599,1,300,116,78.85,108.50,1,1377
1649764543.292596,1,300,122,55.82,35.43,0,1377
1649764543.317593,1,300,116,69.80,32.19,0,1377
1649764543.342591,1,300,113,54.55,32.33,0,1377
1649764543.367588,1,300,123,79.38,33.19,0,1377
1649764543.392585,1,300,125,56.49,35.26,0,1377
1649764543.417583,1,247,112,70.44,90.99,1,1409
1649764543.442580,1,153,89,55.27,25.30,0,1409
1649764543.467577,1,157,90,70.75,21.22,0,1409
1649764543.492574,1,280,113,51.94,27.08,0,1409
1649764543.517572,1,300,137,74.49,33.65,0,1409
1649764543.542569,1,162,105,54.32,27.49,0,1409
1649764543.567566,1,300,124,70.11,107.24,1,1428
1649764543.592564,1,300,121,54.47,34.55,0,1428
1649764543.617561,1,300,131,68.95,34.44,0,1428
1649764543.642558,1,300,125,54.19,35.24,0,1428
1649764543.667556,1,245,127,70.05,31.60,0,1428
1649764543.692553,1,300,137,54.25,30.86,0,1428
1649764543.717550,1,300,140,68.46,89.90,1,1488
1649764543.742548,1,300,142,53.61,34.73,0,1488
1649764543.767545,1,300,153,68.58,34.60,0,1488
1649764543.792542,1,300,151,52.88,33.76,0,1488
1649764543.817539,1,300,155,66.17,32.73,0,1488
1649764543.842537,1,300,159,51.70,34.90,0,1488
1649764543.867534,1,242,171,75.37,76.99,1,1570
1649764543.892531,1,300,185,55.38,31.75,0,1570
1649764543.917529,1,300,207,78.09,33.48,0,1570
1649764543.942526,1,300,210,62.11,33.10,0,1570
1649764543.967523,1,300,218,77.68,34.14,0,1570
1649764543.992520,1,300,213,61.19,32.85,0,1570
1649764544.017518,1,300,216,75.44,115.79,1,1674
1649764544.042515,1,300,212,60.69,32.72,0,1674
1649764544.067512,1,300,231,76.13,34.18,0,1674
1649764544.092510,1,300,227,60.63,33.57,0,1674
1649764544.117507,1,300,227,74.65,32.51,0,1674
1649764544.142504,1,300,233,60.64,34.47,0,1674
1649764544.167501,1,300,221,75.75,118.79,1,1763
1649764544.192499,1,300,220,60.72,33.33,0,1763
1649764544.217496,1,300,223,74.17,33.61,0,1763
1649764544.242493,1,300,223,60.45,32.87,0,1763
1649764544.267491,1,300,207,84.17,33.49,0,1763
1649764544.292488,1,290,226,64.62,32.53,0,1763
1649764544.317485,1,300,219,77.04,125.64,1,1822
1649764544.342483,1,300,221,63.91,32.54,0,1822
1649764544.367480,1,300,215,77.14,32.88,0,1822
1649764544.392477,1,300,225,63.43,32.73,0,1822
1649764544.417475,1,300,215,75.59,32.60,0,1822
1649764544.442472,1,300,222,63.38,32.83,0,1822
1649764544.467469,1,300,213,76.74,101.26,1,1885
1649764544.492466,1,300,228,63.49,33.98,0,1885
1649764544.517464,1,280,208,75.96,31.37,0,1885
1649764544.542461,1,300,228,63.83,31.93,0,1885
1649764544.567459,1,300,214,77.45,33.12,0,1885
1649764544.592456,1,300,225,64.00,34.14,0,1885
1649764544.617453,1,300,220,76.47,128.65,1,1927
1649764544.642450,1,300,223,64.34,32.81,0,1927
1649764544.667448,1,300,215,77.73,32.02,0,1927
1649764544.692445,1,300,217,64.48,32.80,0,1927
1649764544.717442,1,300,204,76.78,32.79,0,1927
1649764544.742440,1,300,210,65.04,33.25,0,1927
1649764544.767437,1,300,209,78.14,136.36,1,1941
1649764544.792434,1,300,204,65.15,32.80,0,1941
1649764544.817431,1,300,194,77.05,30.97,0,1941
1649764544.842429,1,300,192,65.63,31.47,0,1941
1649764544.867426,1,300,198,78.29,31.60,0,1941
1649764544.892423,1,300,198,65.62,32.20,0,1941
1649764544.917421,1,300,204,77.14,123.39,1,2016
1649764544.942418,1,300,198,66.14,32.64,0,2016
1649764544.967415,1,300,208,78.37,32.25,0,2016
1649764544.992412,1,300,199,66.28,32.06,0,2016
1649764545.017410,1,300,201,77.43,31.90,0,2016
1649764545.042407,1,300,201,67.05,31.30,0,2016
1649764545.067405,1,300,201,78.87,140.05,1,2043
1649764545.092402,1,300,191,67.29,31.90,0,2043
1649764545.117399,1,300,200,78.12,32.01,0,2043
1649764545.142396,1,300,191,68.28,32.03,0,2043
1649764545.167394,1,300,194,79.99,31.63,0,2043
1649764545.192391,1,300,184,68.92,31.30,0,2043
1649764545.217388,1,300,199,79.81,127.03,1,2071
1649764545.242386,1,300,189,70.62,32.65,0,2071
1649764545.267383,1,300,192,82.40,32.57,0,2071
1649764545.292380,1,300,184,67.45,32.28,0,2071
1649764545.317378,1,300,183,78.15,32.92,0,2071
1649764545.342375,1,300,181,69.36,31.65,0,2071
1649764545.367372,1,300,179,80.67,144.30,1,2111
1649764545.392370,1,300,152,70.38,31.04,0,2111
1649764545.417367,1,300,161,80.86,30.47,0,2111
1649764545.442364,1,300,153,72.36,30.07,0,2111
1649764545.467361,1,300,164,83.36,31.12,0,2111
1649764545.492359,1,300,158,68.94,29.95,0,2111
1649764545.517356,1,300,173,78.66,125.46,1,2108
1649764545.542353,1,300,150,70.57,30.94,0,2108
1649764545.567351,1,300,152,80.38,29.93,0,2108
1649764545.592348,1,300,146,66.87,29.81,0,2108
1649764545.617345,1,300,144,75.27,30.10,0,2108
1649764545.642342,1,300,143,67.55,29.92,0,2108
1649764545.667340,1,300,131,76.22,139.97,1,2149
1649764545.692337,1,300,138,67.34,30.78,0,2149
1649764545.717334,1,300,126,75.13,28.93,0,2149
1649764545.742332,1,300,121,68.27,28.50,0,2149
1649764545.767329,1,300,124,76.46,30.23,0,2149
1649764545.792326,1,300,117,68.37,28.69,0,2149
1649764545.817323,1,300,117,75.63,93.33,1,2111
1649764545.842321,1,300,117,69.51,29.72,0,2111
1649764545.867318,1,300,116,77.04,29.47,0,2111
1649764545.892315,1,300,114,69.58,29.55,0,2111
1649764545.917313,1,300,111,76.10,29.31,0,2111
1649764545.942310,1,300,105,70.72,29.50,0,2111
1649764545.967307,1,300,104,77.56,111.09,1,2087
1649764545.992305,1,300,103,67.14,30.52,0,2087
1649764546.017302,1,300,108,72.88,30.18,0,2087
1649764546.042300,1,300,99,68.46,29.99,0,2087
1649764546.067297,1,300,95,74.12,29.80,0,2087
1649764546.092294,1,300,88,68.43,30.58,0,2087
1649764546.117291,1,300,84,73.18,123.06,1,2068
1649764546.142288,1,300,77,69.40,29.96,0,2068
1649764546.167286,1,300,78,74.25,29.54,0,2068
1649764546.192283,1,300,70,69.35,29.75,0,2068
1649764546.217281,1,300,71,73.23,29.68,0,2068
1649764546.242278,1,300,67,70.17,29.83,0,2068
1649764546.267275,1,300,66,73.85,136.77,1,2068
1649764546.292272,1,300,61,69.31,29.75,0,2068
1649764546.317270,1,300,61,71.86,30.40,0,2068
1649764546.342267,1,300,52,69.07,30.91,0,2068
1649764546.367264,1,300,55,71.47,31.27,0,2068
1649764546.392262,1,300,49,67.68,31.70,0,2068
1649764546.417259,1,300,50,69.55,131.58,1,2076
1649764546.442256,1,300,51,67.81,30.39,0,2076
1649764546.467253,1,300,43,69.85,30.12,0,2076
1649764546.492251,1,300,44,67.25,30.72,0,2076
1649764546.517248,1,300,41,68.58,29.75,0,2076
1649764546.542245,1,300,46,67.52,31.23,0,2076
1649764546.567243,1,300,41,68.64,138.69,1,2049
1649764546.592240,1,300,38,66.56,31.66,0,2049
1649764546.617237,1,300,38,67.05,31.90,0,2049
1649764546.642235,1,300,35,66.25,30.95,0,2049
1649764546.667232,1,300,34,66.54,29.97,0,2049
1649764546.692229,1,300,35,65.19,30.96,0,2049
1649764546.717227,1,300,29,65.07,139.03,1,2036
1649764546.742224,1,300,24,65.34,31.81,0,2036
1649764546.767221,1,300,22,65.10,29.45,0,2036
1649764546.792218,1,300,20,64.36,29.96,0,2036
1649764546.817216,1,300,16,63.61,29.21,0,2036
1649764546.842213,1,300,18,64.25,31.35,0,2036
1649764546.867210,1,300,20,63.48,124.72,1,2062
1649764546.892208,1,300,21,63.19,31.05,0,2062
1649764546.917205,1,300,18,61.92,30.22,0,2062
1649764546.942202,1,300,20,63.03,30.37,0,2062
1649764546.967200,1,300,19,61.82,30.54,0,2062
1649764546.992197,1,300,18,62.19,30.85,0,2062
1649764547.017194,1,300,15,60.59,154.03,1,2074
1649764547.042191,1,300,16,62.39,32.48,0,2074
1649764547.067189,1,300,15,60.89,32.32,0,2074
1649764547.092188,1,300,11,62.00,31.74,0,2074
1649764547.117185,1,300,9,60.38,32.18,0,2074
1649764547.142183,1,300,9,62.81,33.13,0,2074
1649764547.167180,1,300,8,61.26,158.14,1,2049
1649764547.192177,1,300,8,62.86,31.96,0,2049
1649764547.217175,1,300,8,60.94,32.03,0,2049
1649764547.242172,1,300,10,63.51,31.58,0,2049
1649764547.267169,1,300,10,61.64,31.80,0,2049
1649764547.292166,1,300,8,63.50,31.42,0,2049
1649764547.317164,1,300,3,61.38,170.01,1,2000
1649764547.342161,1,300,4,64.19,32.92,0,2000
1649764547.367158,1,300,5,62.19,31.02,0,2000
1649764547.392156,1,300,4,64.27,32.02,0,2000
1649764547.417153,1,300,6,62.15,31.54,0,2000
1649764547.442150,1,300,5,65.13,31.60,0,2000
1649764547.467148,1,300,4,63.11,112.16,1,1905
1649764547.492145,1,300,4,65.38,30.77,0,1905
1649764547.517142,1,300,5,63.17,30.49,0,1905
1649764547.542139,1,300,5,66.13,30.82,0,1905
1649764547.567137,1,300,7,63.92,30.39,0,1905
1649764547.592134,1,300,4,66.33,29.70,0,1905
1649764547.617131,1,300,5,64.06,128.43,1,1819
1649764547.642129,1,300,5,67.11,30.62,0,1819
1649764547.667126,1,300,4,64.98,30.75,0,1819
1649764547.692123,1,300,7,67.34,30.49,0,1819
1649764547.717120,1,300,7,65.07,30.97,0,1819
1649764547.742118,1,300,6,67.79,30.51,0,1819
1649764547.767115,1,300,6,65.51,109.46,1,1720
1649764547.792113,1,300,4,67.74,31.23,0,1720
1649764547.817110,1,300,5,65.73,29.61,0,1720
1649764547.842107,1,300,8,68.42,31.09,0,1720
1649764547.867105,1,300,9,66.81,31.64,0,1720
1649764547.892102,1,300,11,69.25,32.52,0,1720
1649764547.917099,1,300,9,68.06,106.95,1,1642
1649764547.942096,1,300,11,70.88,31.56,0,1642
1649764547.967093,1,300,10,70.05,31.29,0,1642
1649764547.992091,1,300,14,72.49,31.49,0,1642
1649764548.017088,1,300,18,71.63,30.84,0,1642
1649764548.042086,1,300,28,73.69,31.97,0,1642
1649764548.067083,1,300,32,72.99,101.89,1,1579
1649764548.092080,1,300,46,74.44,30.32,0,1579
1649764548.117078,1,300,49,73.98,29.58,0,1579
1649764548.142075,1,300,56,75.52,31.26,0,1579
1649764548.167072,1,300,63,75.23,29.06,0,1579
1649764548.192069,1,300,74,76.49,28.39,0,1579
1649764548.217067,1,300,83,76.40,97.10,1,1524
1649764548.242064,1,295,91,78.02,27.14,0,1524
1649764548.267061,1,299,94,78.54,26.50,0,1524
1649764548.292059,1,300,97,75.87,25.78,0,1524
1649764548.317056,1,300,103,75.94,25.54,0,1524
1649764548.342053,1,287,107,72.88,25.39,0,1524
1649764548.367050,1,300,110,72.92,92.74,1,1492
1649764548.392048,1,300,112,73.92,25.91,0,1492
1649764548.417045,1,300,110,74.07,24.47,0,1492
1649764548.442042,1,300,109,71.06,24.22,0,1492
1649764548.467040,1,300,105,71.18,23.95,0,1492
1649764548.492037,1,300,105,71.94,23.74,0,1492
1649764548.517034,1,300,106,71.98,90.62,1,1447
1649764548.542032,1,300,104,72.49,23.83,0,1447
1649764548.567029,1,300,99,72.32,24.20,0,1447
1649764548.592026,1,300,99,72.65,23.82,0,1447
1649764548.617023,1,300,103,72.41,24.01,0,1447
1649764548.642021,1,300,104,72.59,23.86,0,1447
1649764548.667018,1,300,104,72.29,92.31,1,1382
1649764548.692015,1,300,100,72.42,24.27,0,1382
1649764548.717013,1,300,106,72.11,24.07,0,1382
1649764548.742010,1,300,106,72.29,24.91,0,1382
1649764548.767007,1,300,103,72.02,24.07,0,1382
1649764548.792005,1,300,102,72.25,24.21,0,1382
1649764548.817002,1,300,107,72.02,89.27,1,1294
1649764548.841999,1,300,106,72.18,23.91,0,1294
1649764548.866997,1,300,105,71.85,23.61,0,1294
1649764548.891994,1,297,103,71.95,23.87,0,1294
1649764548.916991,1,300,108,71.65,24.86,0,1294
1649764548.941988,1,300,107,71.80,24.42,0,1294
1649764548.966986,1,300,110,71.59,89.53,1,1226
1649764548.991983,1,300,111,71.84,25.20,0,1226
1649764549.016980,1,300,111,71.68,24.73,0,1226
1649764549.041978,1,300,111,71.90,24.09,0,1226
1649764549.066975,1,300,110,71.76,25.18,0,1226
1649764549.091972,1,300,116,72.02,24.58,0,1226
1649764549.116970,1,300,111,71.90,84.42,1,1144
1649764549.141967,1,300,111,72.17,24.76,0,1144
1649764549.166964,1,300,106,72.17,24.14,0,1144
1649764549.191961,1,300,102,72.62,23.95,0,1144
1649764549.216959,1,300,99,72.69,23.54,0,1144
1649764549.241956,1,300,109,73.00,24.55,0,1144
1649764549.266953,1,300,109,72.86,137.01,1,1040
1649764549.291951,1,300,111,72.88,25.47,0,1040
1649764549.316948,1,300,114,72.43,25.53,0,1040
1649764549.341945,1,300,112,72.25,24.62,0,1040
1649764549.366942,1,300,112,71.72,24.70,0,1040
1649764549.391940,1,300,118,71.64,24.91,0,1040
1649764549.416937,1,300,119,71.35,110.44,1,959
1649764549.441934,1,300,115,71.43,25.86,0,959
1649764549.466932,1,300,117,71.16,24.91,0,959
1649764549.491929,1,300,122,71.24,26.16,0,959
1649764549.516927,1,300,114,70.97,25.51,0,959
1649764549.541924,1,300,117,71.01,25.53,0,959
1649764549.566921,1,300,125,70.69,109.34,1,859
1649764549.591918,1,292,128,70.74,26.53,0,859
1649764549.616916,1,300,140,70.39,27.06,0,859
1649764549.641913,1,300,138,70.35,26.94,0,859
1649764549.666910,1,300,128,69.93,27.77,0,859
1649764549.691907,1,300,121,69.83,26.37,0,859
1649764549.716905,1,290,128,69.48,115.72,1,799
1649764549.741902,1,300,140,69.49,28.02,0,799
1649764549.766899,1,300,141,69.25,27.48,0,799
1649764549.791897,1,300,140,69.29,26.21,0,799
1649764549.816894,1,300,141,69.00,27.03,0,799
1649764549.841891,1,300,130,68.99,26.95,0,799
1649764549.866889,1,296,125,68.69,102.46,1,801
1649764549.891886,1,300,126,68.69,27.91,0,801
1649764549.916883,1,300,123,68.51,26.90,0,801
1649764549.941880,1,300,121,68.59,25.74,0,801
1649764549.966878,1,300,117,68.41,25.58,0,801
1649764549.991875,1,300,116,68.49,26.39,0,801
1649764550.016872,1,300,119,68.33,109.43,1,791
1649764550.041870,1,300,119,68.41,20.87,0,791
1649764550.066867,1,300,119,68.23,25.82,0,791
1649764550.091864,1,300,125,68.29,25.82,0,791
1649764550.116862,1,300,128,68.16,26.57,0,791
1649764550.141859,1,300,134,68.28,26.16,0,791
1649764550.166856,1,300,134,68.18,118.66,1,777
1649764550.191854,1,300,135,68.32,27.19,0,777
1649764550.216851,1,300,130,68.27,26.66,0,777
1649764550.241848,1,295,126,68.49,26.23,0,777
1649764550.266845,1,288,127,68.53,25.40,0,777
1649764550.291843,1,296,134,68.78,26.04,0,777
1649764550.316840,1,300,138,68.86,119.16,1,765
1649764550.341837,1,300,138,69.09,27.28,0,765
1649764550.366835,1,292,123,69.13,27.11,0,765
1649764550.391832,1,287,123,69.36,26.17,0,765
1649764550.416829,1,286,122,69.44,25.80,0,765
1649764550.441827,1,275,123,69.76,26.01,0,765
1649764550.466824,1,269,116,69.93,119.46,1,735
1649764550.491821,1,300,125,70.34,27.04,0,735
1649764550.516819,1,285,121,70.68,27.38,0,735
1649764550.541816,1,272,123,71.33,27.23,0,735
1649764550.566813,1,262,111,71.84,26.09,0,735
1649764550.591810,1,280,117,72.61,26.32,0,735
1649764550.616808,1,252,113,73.14,154.18,1,736
1649764550.641805,1,262,117,73.80,26.70,0,736
1649764550.666802,1,255,118,74.19,26.44,0,736
1649764550.691800,1,237,119,74.74,24.70,0,736
1649764550.716797,1,226,108,75.06,23.87,0,736
1649764550.741794,1,242,108,75.46,24.72,0,736
1649764550.766791,1,236,106,75.69,92.13,1,723
1649764550.791789,1,230,106,76.06,24.82,0,723
1649764550.816786,1,231,115,76.25,23.94,0,723
1649764550.841783,1,232,112,76.66,24.18,0,723
1649764550.866781,1,300,121,76.91,27.55,0,723
1649764550.891778,1,267,113,77.34,28.21,0,723
1649764550.916775,1,253,111,77.69,112.85,1,713
1649764550.941772,1,249,106,78.21,26.01,0,713
1649764550.966770,1,247,104,78.53,24.77,0,713
1649764550.991767,1,237,102,74.49,24.41,0,713
1649764551.016765,1,237,99,74.71,24.75,0,713
1649764551.041762,1,235,96,75.12,24.08,0,713
1649764551.066759,1,223,95,75.41,112.82,1,711
1649764551.091760,1,300,93,75.74,27.92,0,711
1649764551.116757,1,286,93,75.85,28.38,0,711
1649764551.141755,1,300,87,76.12,28.46,0,711
1649764551.166752,1,273,84,76.32,28.04,0,711
1649764551.191749,1,250,77,76.63,25.83,0,711
1649764551.216747,1,237,71,76.76,116.39,1,708
1649764551.241744,1,227,68,77.06,24.08,0,708
1649764551.266741,1,213,63,77.25,22.45,0,708
1649764551.291739,1,202,58,77.52,22.70,0,708
1649764551.316736,1,198,51,77.58,21.63,0,708
1649764551.341733,1,202,52,77.65,21.42,0,708
1649764551.366730,1,198,57,77.46,147.28,1,687
1649764551.391728,1,193,51,77.36,22.28,0,687
1649764551.416725,1,193,46,76.94,20.95,0,687
1649764551.441722,1,187,48,76.57,21.33,0,687
1649764551.466719,1,196,47,76.17,21.25,0,687
1649764551.491717,1,193,47,76.20,21.18,0,687
1649764551.516715,1,189,50,76.27,112.14,1,676
1649764551.541712,1,182,52,76.54,21.48,0,676
1649764551.566709,1,182,50,76.78,20.81,0,676
1649764551.591706,1,186,53,77.30,20.43,0,676
1649764551.616704,1,171,53,77.64,20.46,0,676
1649764551.641701,1,166,51,78.06,19.95,0,676
1649764551.666698,1,157,47,78.44,125.62,1,672
1649764551.691696,1,166,48,78.78,21.20,0,672
1649764551.716693,1,160,51,78.78,19.98,0,672
1649764551.741690,1,206,60,78.72,21.94,0,672
1649764551.766687,1,185,60,78.44,21.32,0,672
1649764551.791685,1,300,77,78.09,26.94,0,672
1649764551.816682,1,300,79,77.58,117.44,1,699
1649764551.841679,1,300,83,77.11,30.98,0,699
1649764551.866677,1,300,80,76.52,29.74,0,699
1649764551.891674,1,300,79,75.93,29.79,0,699
1649764551.916672,1,300,87,75.24,29.94,0,699
1649764551.941669,1,300,89,74.57,31.52,0,699
1649764551.966666,1,300,94,73.88,121.95,1,740
1649764551.991663,1,300,94,73.20,31.42,0,740
1649764552.016661,1,300,101,72.40,31.06,0,740
1649764552.041658,1,300,108,71.50,31.48,0,740
1649764552.066655,1,300,107,70.54,32.26,0,740
1649764552.091653,1,300,111,69.47,32.61,0,740
1649764552.116650,1,300,105,68.37,117.32,1,737
1649764552.141647,1,300,96,67.22,33.09,0,737
1649764552.166645,1,300,92,66.07,32.25,0,737
1649764552.191642,1,300,106,64.96,31.78,0,737
1649764552.216639,1,300,98,63.95,30.18,0,737
1649764552.241636,1,300,94,62.91,30.89,0,737
1649764552.266634,1,300,101,61.98,79.66,1,675
1649764552.291631,1,300,98,61.01,32.07,0,675
1649764552.316628,1,300,102,60.13,30.23,0,675
1649764552.341626,1,300,106,59.22,30.17,0,675
1649764552.366623,1,300,112,58.48,31.16,0,675
1649764552.391620,1,300,110,57.73,31.15,0,675
1649764552.416618,1,300,109,64.91,121.53,1,657
1649764552.441615,1,275,118,64.29,29.59,0,657
1649764552.466612,1,270,116,63.94,28.18,0,657
1649764552.491610,1,274,123,63.76,28.91,0,657
1649764552.516607,1,300,122,63.80,30.52,0,657
1649764552.541604,1,287,123,63.81,29.73,0,657
1649764552.566602,1,284,121,63.84,83.85,1,664
1649764552.591599,1,289,113,63.79,29.29,0,664
1649764552.616596,1,292,115,63.83,29.40,0,664
1649764552.641594,1,300,108,63.81,29.28,0,664
1649764552.666591,1,300,109,63.94,29.21,0,664
1649764552.691588,1,300,110,64.05,29.41,0,664
1649764552.716585,1,300,113,64.30,94.42,1,681
1649764552.741583,1,300,114,64.47,29.29,0,681
1649764552.766580,1,300,112,64.73,24.34,0,681
1649764552.791578,1,300,114,64.88,23.75,0,681
1649764552.816575,1,300,111,65.12,23.29,0,681
1649764552.841572,1,300,115,65.21,24.17,0,681
1649764552.866570,1,300,116,65.38,105.49,1,702
1649764552.891567,1,300,115,65.32,23.62,0,702
1649764552.916564,1,300,116,65.28,23.28,0,702
1649764552.941561,1,300,115,65.08,23.46,0,702
1649764552.966559,1,300,114,64.97,28.92,0,702
1649764552.991556,1,300,116,64.66,23.52,0,702
1649764553.016553,1,300,117,64.51,97.36,1,691
1649764553.041551,1,300,118,64.24,24.27,0,691
1649764553.066548,1,300,118,64.12,24.44,0,691
1649764553.091545,1,300,114,63.95,28.88,0,691
1649764553.116543,1,300,117,63.96,24.16,0,691
1649764553.141540,1,300,114,63.88,28.62,0,691
1649764553.166537,1,300,113,64.05,108.97,1,675
1649764553.191534,1,300,109,64.10,23.78,0,675
1649764553.216532,1,300,114,64.36,24.02,0,675
1649764553.241529,1,300,113,64.45,23.86,0,675
1649764553.266526,1,300,113,64.72,23.81,0,675
1649764553.291524,1,300,111,64.73,23.54,0,675
1649764553.316521,1,300,115,64.79,100.61,1,666
1649764553.341518,1,300,109,64.58,29.16,0,666
1649764553.366516,1,300,114,64.58,24.20,0,666
1649764553.391513,1,300,112,64.36,24.06,0,666
1649764553.416510,1,300,114,64.34,23.85,0,666
1649764553.441508,1,300,111,64.12,23.77,0,666
1649764553.466505,1,300,110,64.05,74.99,1,650
1649764553.491502,1,300,110,63.79,23.79,0,650
1649764553.516500,1,300,108,63.74,29.12,0,650
1649764553.541497,1,300,107,63.52,28.70,0,650
1649764553.566494,1,300,106,63.49,28.61,0,650
1649764553.591492,1,300,107,63.27,23.72,0,650
1649764553.616489,1,300,110,63.30,73.85,1,627
1649764553.641486,1,300,115,63.14,29.74,0,627
1649764553.666483,1,300,109,63.21,23.51,0,627
1649764553.691481,1,300,112,63.05,23.57,0,627
1649764553.716478,1,300,111,63.14,23.63,0,627
1649764553.741475,1,300,111,63.07,23.62,0,627
1649764553.766473,1,300,106,63.17,75.29,1,608
1649764553.791470,1,300,110,63.12,23.41,0,608
1649764553.816468,1,300,110,63.31,23.45,0,608
1649764553.841465,1,300,108,63.26,23.47,0,608
1649764553.866462,1,300,109,63.44,23.42,0,608
1649764553.891459,1,300,108,63.39,23.49,0,608
1649764553.916457,1,300,110,63.50,72.62,1,565
1649764553.941454,1,300,107,63.34,23.33,0,565
1649764553.966451,1,300,109,63.33,23.37,0,565
1649764553.991449,1,300,112,63.09,28.68,0,565
1649764554.016446,1,300,108,63.07,28.92,0,565
1649764554.041443,1,300,105,62.96,22.92,0,565
1649764554.066440,1,300,106,63.06,75.23,1,534
1649764554.091438,1,300,108,62.94,29.17,0,534
1649764554.116435,1,300,107,63.09,28.71,0,534
1649764554.141433,1,300,106,62.98,23.01,0,534
1649764554.166430,1,300,109,63.09,23.02,0,534
1649764554.191427,1,300,109,62.97,23.10,0,534
1649764554.216424,1,300,112,63.10,77.32,1,524
1649764554.241422,1,300,112,62.98,23.02,0,524
1649764554.266419,1,300,109,63.10,22.92,0,524
1649764554.291416,1,300,106,62.98,22.74,0,524
1649764554.316414,1,300,110,63.11,23.05,0,524
1649764554.341411,1,300,107,63.01,22.92,0,524
1649764554.366408,1,300,111,63.18,80.73,1,512
1649764554.391406,1,300,110,63.02,23.10,0,512
1649764554.416403,1,300,109,63.16,23.55,0,512
1649764554.441400,1,300,109,63.04,23.06,0,512
1649764554.466398,1,300,113,63.19,23.08,0,512
1649764554.491395,1,300,113,63.04,23.36,0,512
1649764554.516392,1,300,112,63.19,115.64,1,489
1649764554.541389,1,300,112,63.07,23.02,0,489
1649764554.566387,1,300,113,63.20,23.10,0,489
1649764554.591384,1,300,114,63.07,23.20,0,489
1649764554.616381,1,300,114,63.24,22.90,0,489
1649764554.641379,1,300,111,63.09,22.83,0,489
1649764554.666376,1,300,112,63.24,145.41,1,485
1649764554.691373,1,300,112,63.11,23.59,0,485
1649764554.716371,1,300,115,63.25,23.10,0,485
1649764554.741368,1,300,113,63.12,22.85,0,485
1649764554.766366,1,300,112,63.28,28.56,0,485
1649764554.791363,1,300,111,63.16,22.89,0,485
1649764554.816360,1,300,112,63.28,86.76,1,462
1649764554.841357,1,300,110,63.13,23.07,0,462
1649764554.866355,1,300,110,63.29,22.95,0,462
1649764554.891352,1,300,113,63.14,22.88,0,462
1649764554.916349,1,300,113,63.31,23.11,0,462
1649764554.941347,1,300,112,63.17,23.26,0,462
1649764554.966344,1,300,113,63.33,93.10,1,440
1649764554.991341,1,300,111,63.18,22.96,0,440
1649764555.016339,1,300,112,63.34,23.17,0,440
1649764555.041336,1,300,110,63.22,23.39,0,440
1649764555.066333,1,300,114,63.36,23.04,0,440
1649764555.091331,1,300,113,63.23,23.03,0,440
1649764555.116328,1,300,112,63.36,171.83,1,421
1649764555.141325,1,300,113,63.22,23.08,0,421
1649764555.166322,1,300,118,63.36,23.11,0,421
1649764555.191320,1,300,112,63.22,22.89,0,421
1649764555.216317,1,300,109,63.37,29.87,0,421
1649764555.241314,1,300,108,63.22,23.00,0,421
1649764555.266312,1,300,111,63.38,182.35,1,410
1649764555.291309,1,300,113,63.23,23.25,0,410
1649764555.316306,1,300,112,63.38,23.04,0,410
1649764555.341304,1,300,113,63.23,22.93,0,410
1649764555.366301,1,300,109,63.40,22.84,0,410
1649764555.391298,1,300,114,63.28,23.35,0,410
1649764555.416296,1,300,110,63.47,159.52,1,400
1649764555.441293,1,300,106,63.37,23.45,0,400
1649764555.466290,1,300,109,63.52,23.37,0,400
1649764555.491287,1,300,110,63.43,23.37,0,400
1649764555.516285,1,300,109,63.62,23.42,0,400
1649764555.541282,1,300,111,63.47,23.27,0,400
1649764555.566279,1,300,109,63.59,114.19,1,395
1649764555.591277,1,300,109,63.43,22.97,0,395
1649764555.616274,1,300,110,63.55,22.70,0,395
1649764555.641271,1,300,110,63.37,22.76,0,395
1649764555.666269,1,300,110,63.46,22.79,0,395
1649764555.691266,1,300,112,63.28,23.08,0,395
1649764555.716264,1,300,110,63.37,180.69,1,389
1649764555.741261,1,300,110,63.19,23.05,0,389
1649764555.766258,1,300,110,63.28,22.89,0,389
1649764555.791255,1,300,111,63.07,22.96,0,389
1649764555.816253,1,300,110,63.13,23.20,0,389
1649764555.841250,1,300,109,62.93,22.83,0,389
1649764555.866247,1,300,111,62.98,156.24,1,374
1649764555.891245,1,300,110,62.77,23.19,0,374
1649764555.916242,1,300,109,62.81,23.32,0,374
1649764555.941239,1,300,112,62.61,22.85,0,374
1649764555.966236,1,300,113,62.66,23.26,0,374
1649764555.991234,1,300,113,62.43,23.18,0,374
1649764556.016231,1,300,112,62.46,175.10,1,328
1649764556.041229,1,300,110,62.21,28.97,0,328
1649764556.066226,1,300,114,62.20,23.37,0,328
1649764556.091220,1,300,114,61.96,23.45,0,328
1649764556.116218,1,300,112,61.94,23.07,0,328
1649764556.141215,1,300,117,61.75,29.01,0,328
1649764556.166212,1,300,115,70.37,177.04,1,321
1649764556.191210,1,300,115,70.29,23.43,0,321
1649764556.216207,1,300,112,70.48,23.18,0,321
1649764556.241204,1,300,111,70.42,22.79,0,321
1649764556.266201,1,300,110,70.64,22.81,0,321
1649764556.291199,1,300,110,70.60,22.82,0,321
1649764556.316196,1,300,111,70.82,173.86,1,306
1649764556.341193,1,300,110,70.76,22.96,0,306
1649764556.366191,1,300,107,70.94,22.82,0,306
1649764556.391188,1,300,108,70.90,22.84,0,306
1649764556.416186,1,300,108,71.08,22.53,0,306
1649764556.441183,1,300,108,70.99,22.68,0,306
1649764556.466180,1,300,107,71.15,160.04,1,296
1649764556.491178,1,300,107,71.04,22.78,0,296
1649764556.516175,1,300,110,71.18,22.68,0,296
1649764556.541172,1,300,110,71.06,23.03,0,296
1649764556.566169,1,300,111,71.20,22.86,0,296
1649764556.591167,1,300,108,71.10,22.83,0,296
1649764556.616164,1,300,108,71.24,81.44,1,242
1649764556.641161,1,300,107,71.15,22.92,0,242
1649764556.666159,1,300,108,71.27,22.95,0,242
1649764556.691156,1,300,110,71.21,23.08,0,242
1649764556.716153,1,300,107,71.35,22.58,0,242
1649764556.741151,1,300,106,71.28,22.57,0,242
1649764556.766148,1,300,106,71.42,100.36,1,224
1649764556.791145,1,300,104,71.36,29.08,0,224
1649764556.816143,1,300,108,71.48,22.90,0,224
1649764556.841140,1,300,105,71.42,22.57,0,224
1649764556.866137,1,300,110,71.54,22.92,0,224
1649764556.891135,1,300,110,71.49,22.95,0,224
1649764556.916132,1,300,108,71.61,91.00,1,210
1649764556.941129,1,300,106,71.56,23.11,0,210
1649764556.966126,1,300,109,71.66,23.06,0,210
1649764556.991124,1,300,105,71.64,22.78,0,210
1649764557.016121,1,300,108,71.74,22.73,0,210
1649764557.041118,1,300,110,71.67,23.13,0,210
1649764557.066116,1,300,110,71.78,58.81,1,188
1649764557.091113,1,300,109,71.72,22.82,0,188
1649764557.116110,1,300,107,71.80,22.84,0,188
1649764557.141108,1,300,108,71.74,22.55,0,188
1649764557.166105,1,300,109,71.80,22.93,0,188
1649764557.191102,1,300,108,71.74,22.77,0,188
1649764557.216100,1,300,107,71.79,58.90,1,179
1649764557.241097,1,300,112,71.73,23.07,0,179
1649764557.266094,1,300,110,71.77,23.02,0,179
1649764557.291092,1,300,110,71.72,22.89,0,179
1649764557.316089,1,300,107,71.75,22.45,0,179
1649764557.341086,1,300,109,71.68,22.53,0,179
1649764557.366084,1,300,108,71.72,59.91,1,169
1649764557.391081,1,300,109,71.68,22.81,0,169
1649764557.416078,1,300,108,71.71,22.69,0,169
1649764557.441076,1,300,112,71.68,22.77,0,169
1649764557.466073,1,300,106,71.71,22.48,0,169
1649764557.491070,1,300,109,71.68,22.52,0,169
1649764557.516067,1,300,111,71.73,70.53,1,243
1649764557.541065,1,300,107,71.69,22.82,0,243
1649764557.566062,1,300,108,71.74,22.72,0,243
1649764557.591059,1,300,111,71.70,22.77,0,243
1649764557.616057,1,300,112,71.76,22.91,0,243
1649764557.641054,1,300,112,71.77,22.82,0,243
1649764557.666051,1,300,107,71.80,84.64,1,245
1649764557.691049,1,300,108,71.77,22.74,0,245
1649764557.716046,1,300,108,71.81,22.60,0,245
1649764557.741043,1,300,109,71.79,22.64,0,245
1649764557.766041,1,300,112,71.80,22.74,0,245
1649764557.791038,1,300,110,71.80,22.85,0,245
1649764557.816035,1,300,111,71.81,64.56,1,232
1649764557.841033,1,300,112,71.82,23.06,0,232
1649764557.866030,1,300,111,71.82,22.92,0,232
1649764557.891027,1,300,112,71.83,22.60,0,232
1649764557.916024,1,300,112,71.85,22.76,0,232
1649764557.941022,1,300,107,71.85,22.82,0,232
1649764557.966019,1,300,109,71.84,67.62,1,218
1649764557.991016,1,300,109,71.87,22.81,0,218
1649764558.016014,1,300,108,71.88,22.94,0,218
1649764558.041011,1,300,111,71.89,23.02,0,218
1649764558.066008,1,300,111,71.90,22.79,0,218
1649764558.091006,1,300,108,71.90,22.75,0,218
1649764558.116003,1,300,111,71.89,94.58,1,238
1649764558.141000,1,300,109,71.90,22.81,0,238
1649764558.165998,1,300,112,71.89,22.69,0,238
1649764558.190995,1,300,110,71.92,22.67,0,238
1649764558.215992,1,300,109,71.91,22.72,0,238
1649764558.240989,1,300,108,71.95,22.51,0,238
1649764558.265987,1,300,110,71.94,82.63,1,228
1649764558.290984,1,300,106,71.99,22.53,0,228
1649764558.315982,1,300,110,71.97,22.49,0,228
1649764558.340979,1,300,110,71.98,22.63,0,228
1649764558.365976,1,300,108,71.94,22.57,0,228
1649764558.390973,1,300,112,72.00,22.98,0,228
1649764558.415971,1,300,110,71.94,72.03,1,214
1649764558.440968,1,300,112,71.96,22.89,0,214
1649764558.465965,1,300,110,71.81,23.17,0,214
1649764558.490963,1,300,112,71.78,22.83,0,214
1649764558.515960,1,300,112,71.70,22.97,0,214
1649764558.540957,1,300,112,71.76,22.59,0,214
1649764558.565955,1,300,110,71.76,81.99,1,228
1649764558.590952,1,300,108,71.82,22.59,0,228
1649764558.615949,1,300,111,71.74,22.63,0,228
1649764558.640947,1,300,111,71.77,22.72,0,228
1649764558.665944,1,300,110,71.67,22.31,0,228
1649764558.690941,1,300,109,71.74,22.33,0,228
1649764558.715939,1,300,109,71.68,79.13,1,221
1649764558.740936,1,300,110,71.72,22.94,0,221
1649764558.765933,1,300,111,71.66,22.59,0,221
1649764558.790931,1,300,107,71.71,22.32,0,221
1649764558.815928,1,300,112,71.60,22.53,0,221
1649764558.840925,1,300,109,71.68,22.60,0,221
1649764558.865922,1,300,108,71.57,83.99,1,200
1649764558.890920,1,300,111,71.61,22.85,0,200
1649764558.915917,1,300,109,71.55,22.41,0,200
1649764558.940914,1,300,109,71.61,22.58,0,200
1649764558.965912,1,300,112,71.56,22.74,0,200
1649764558.990909,1,300,113,71.66,22.98,0,200
1649764559.015906,1,300,112,71.59,104.74,1,213
1649764559.040904,1,300,112,71.75,22.91,0,213
1649764559.065901,1,300,111,71.73,23.01,0,213
1649764559.090898,1,300,110,71.90,22.73,0,213
1649764559.115896,1,300,110,71.87,22.60,0,213
1649764559.140893,1,300,111,72.05,22.65,0,213
1649764559.165890,1,300,106,71.99,147.06,1,199
1649764559.190887,1,300,109,72.19,22.64,0,199
1649764559.215885,1,300,112,72.12,22.68,0,199
1649764559.240882,1,300,110,72.20,22.49,0,199
1649764559.265880,1,300,109,72.15,22.49,0,199
1649764559.290877,1,300,109,72.28,22.56,0,199
1649764559.315874,1,300,112,72.16,134.93,1,190
1649764559.340871,1,300,111,72.27,23.44,0,190
1649764559.365869,1,300,110,72.13,22.89,0,190
1649764559.390866,1,300,111,72.26,22.66,0,190
1649764559.415863,1,300,114,72.12,22.81,0,190
1649764559.440861,1,300,111,72.22,23.06,0,190
1649764559.465858,1,300,112,72.06,90.66,1,184
1649764559.490855,1,300,109,72.17,23.40,0,184
1649764559.515853,1,300,109,71.83,30.28,0,184
1649764559.540850,1,300,106,71.62,28.65,0,184
1649764559.565847,1,300,105,71.31,28.77,0,184
1649764559.590845,1,297,105,71.51,28.70,0,184
1649764559.615842,1,291,102,71.80,127.91,1,268
1649764559.640839,1,300,101,72.58,29.02,0,268
1649764559.665837,1,286,101,73.29,28.62,0,268
1649764559.690834,1,285,104,74.33,27.72,0,268
1649764559.715831,1,300,113,75.07,27.85,0,268
1649764559.740829,1,281,117,76.04,29.30,0,268
1649764559.765826,1,266,115,76.66,160.55,1,290
1649764559.790823,1,300,115,77.56,29.44,0,290
1649764559.815820,1,300,123,78.24,30.03,0,290
1649764559.840818,1,300,124,79.32,29.20,0,290
1649764559.865815,1,268,129,80.16,27.41,0,290
1649764559.890812,1,300,134,81.41,28.49,0,290
1649764559.915810,1,300,131,82.39,172.64,1,307
1649764559.940807,1,300,141,78.43,30.50,0,307
1649764559.965804,1,300,139,79.21,30.01,0,307
1649764559.990802,1,300,143,80.30,30.28,0,307
1649764560.015799,1,300,133,75.88,30.74,0,307
1649764560.040797,1,300,134,76.54,29.79,0,307
1649764560.065794,1,300,128,76.72,170.77,1,340
1649764560.090785,1,300,138,77.12,31.51,0,340
1649764560.115782,1,273,138,76.81,30.12,0,340
1649764560.140780,1,263,130,76.62,27.24,0,340
1649764560.165777,1,262,136,75.92,27.77,0,340
1649764560.190774,1,257,141,75.54,27.46,0,340
1649764560.215772,1,262,148,74.58,134.63,1,379
1649764560.240769,1,252,148,73.93,29.55,0,379
1649764560.265766,1,252,152,72.95,27.60,0,379
1649764560.290764,1,248,156,72.40,26.72,0,379
1649764560.315761,1,242,158,71.55,27.02,0,379
1649764560.340758,1,239,163,71.02,26.70,0,379
1649764560.365755,1,234,164,70.15,131.10,1,392
1649764560.390753,1,226,172,69.62,28.13,0,392
1649764560.415750,1,231,176,68.89,25.82,0,392
1649764560.440747,1,267,187,68.52,27.78,0,392
1649764560.465744,1,277,191,67.88,28.81,0,392
1649764560.490742,1,275,191,67.54,28.74,0,392
1649764560.515739,1,265,190,66.95,130.86,1,443
1649764560.540736,1,266,193,66.75,28.56,0,443
1649764560.565734,1,257,191,66.32,26.99,0,443
1649764560.590731,1,249,198,66.37,27.06,0,443
1649764560.615728,1,262,198,66.25,27.92,0,443
1649764560.640725,1,262,212,66.68,28.97,0,443
1649764560.665723,1,255,214,66.84,115.42,1,476
1649764560.690720,1,240,208,67.44,28.23,0,476
1649764560.715717,1,281,214,67.92,27.32,0,476
1649764560.740715,1,266,212,68.81,29.10,0,476
1649764560.765712,1,264,204,69.47,27.90,0,476
1649764560.790709,1,292,213,70.48,28.71,0,476
1649764560.815706,1,300,213,71.15,90.17,1,516
1649764560.840704,1,297,207,72.27,29.62,0,516
1649764560.865701,1,298,201,73.14,29.26,0,516
1649764560.890698,1,300,188,74.38,28.09,0,516
1649764560.915695,1,300,190,71.12,28.88,0,516
1649764560.940693,1,300,188,72.25,29.87,0,516
1649764560.965690,1,300,180,73.11,89.57,1,554
1649764560.990687,1,300,179,74.32,29.15,0,554
1649764561.015685,1,300,181,70.66,28.61,0,554
1649764561.040682,1,300,186,71.80,28.88,0,554
1649764561.065679,1,300,188,72.50,28.79,0,554
1649764561.090677,1,300,187,73.65,28.36,0,554
1649764561.115674,1,300,185,74.21,85.25,1,590
1649764561.140671,1,300,183,75.10,29.09,0,590
1649764561.165668,1,300,173,75.45,28.09,0,590
1649764561.190665,1,300,168,76.23,27.50,0,590
1649764561.215663,1,300,159,72.54,27.77,0,590
1649764561.240660,1,300,157,73.20,27.90,0,590
1649764561.265658,1,299,151,73.46,60.76,1,640
1649764561.290655,1,300,144,74.11,27.39,0,640
1649764561.315652,1,300,140,74.25,27.89,0,640
1649764561.340649,1,300,135,74.75,26.84,0,640
1649764561.365647,1,300,133,74.77,26.30,0,640
1649764561.390644,1,300,134,75.15,26.15,0,640
1649764561.415641,1,300,130,75.03,58.67,1,675
1649764561.440639,1,300,127,75.32,27.31,0,675
1649764561.465636,1,300,127,75.13,26.13,0,675
1649764561.490633,1,297,124,75.37,26.76,0,675
1649764561.515630,1,300,122,75.18,25.23,0,675
1649764561.540627,1,300,105,75.36,25.71,0,675
1649764561.565625,1,300,102,75.07,73.14,1,707
1649764561.590622,1,300,102,75.15,25.73,0,707
1649764561.615620,1,293,103,74.80,24.19,0,707
1649764561.640617,1,300,104,74.86,24.65,0,707
1649764561.665614,1,300,97,74.53,24.66,0,707
1649764561.690611,1,300,97,74.67,24.87,0,707
1649764561.715609,1,300,104,74.37,73.39,1,741
1649764561.740606,1,300,102,74.56,25.65,0,741
1649764561.765603,1,300,106,74.35,25.50,0,741
1649764561.790601,1,300,109,74.48,25.35,0,741
1649764561.815598,1,300,104,74.07,25.06,0,741
1649764561.840595,1,298,105,74.04,26.23,0,741
1649764561.865592,1,300,102,73.58,86.79,1,775
1649764561.890590,1,300,95,73.64,25.19,0,775
1649764561.915587,1,290,96,73.30,24.94,0,775
1649764561.940584,1,300,104,73.42,25.21,0,775
1649764561.965581,1,300,117,73.18,26.25,0,775
1649764561.990579,1,300,125,73.43,26.34,0,775
1649764562.015576,1,300,128,73.25,91.34,1,814
1649764562.040573,1,300,120,73.49,26.73,0,814
1649764562.065571,1,291,119,73.27,25.84,0,814
1649764562.090568,1,289,118,73.48,25.08,0,814
1649764562.115565,1,300,120,73.21,26.20,0,814
1649764562.140563,1,300,122,73.33,27.01,0,814
1649764562.165560,1,300,117,73.03,97.38,1,850
1649764562.190557,1,300,116,73.16,26.71,0,850
1649764562.215554,1,300,112,72.91,26.17,0,850
1649764562.240551,1,300,113,73.14,27.04,0,850
1649764562.265549,1,300,118,72.93,26.54,0,850
1649764562.290546,1,300,121,73.10,26.22,0,850
1649764562.315543,1,300,123,72.79,94.36,1,885
1649764562.340541,1,300,120,72.89,26.32,0,885
1649764562.365538,1,300,119,72.53,25.99,0,885
1649764562.390535,1,300,115,72.60,25.97,0,885
1649764562.415533,1,293,113,72.25,25.54,0,885
1649764562.440530,1,300,124,72.35,26.16,0,885
1649764562.465527,1,300,124,72.01,92.94,1,919
1649764562.490524,1,294,123,72.02,26.08,0,919
1649764562.515522,1,300,130,71.57,26.19,0,919
1649764562.540519,1,300,135,71.59,26.95,0,919
1649764562.565516,1,284,128,71.21,25.70,0,919
1649764562.590513,1,300,139,71.26,26.79,0,919
1649764562.615511,1,300,142,70.81,104.43,1,948
1649764562.640508,1,300,146,70.73,27.80,0,948
1649764562.665505,1,300,148,70.13,27.66,0,948
1649764562.690503,1,300,150,69.94,27.46,0,948
1649764562.715500,1,300,152,69.37,27.66,0,948
1649764562.740497,1,300,158,69.18,28.40,0,948
1649764562.765495,1,289,157,68.62,113.05,1,975
1649764562.790492,1,300,157,68.46,28.11,0,975
1649764562.815489,1,300,162,67.92,28.50,0,975
1649764562.840486,1,300,154,67.84,27.70,0,975
1649764562.865484,1,300,155,67.38,28.51,0,975
1649764562.890481,1,290,153,67.40,27.45,0,975
1649764562.915478,1,285,154,67.03,116.37,1,1001
1649764562.940475,1,278,155,67.09,27.34,0,1001
1649764562.965473,1,272,152,66.76,26.05,0,1001
1649764562.990470,1,271,156,66.84,26.20,0,1001
1649764563.015467,1,270,155,66.51,26.12,0,1001
1649764563.040465,1,271,161,66.64,26.27,0,1001
1649764563.065462,1,300,175,66.34,94.56,1,1034
1649764563.090459,1,300,184,66.44,28.99,0,1034
1649764563.115456,1,295,179,66.05,28.56,0,1034
1649764563.140454,1,300,179,66.07,28.81,0,1034
1649764563.165451,1,300,181,65.68,28.20,0,1034
1649764563.190448,1,300,176,65.74,29.65,0,1034
1649764563.215446,1,300,163,65.32,97.16,1,1051
1649764563.240443,1,294,167,65.33,28.02,0,1051
1649764563.265440,1,282,163,64.91,27.57,0,1051
1649764563.290437,1,300,172,64.88,28.04,0,1051
1649764563.315435,1,300,172,64.49,28.98,0,1051
1649764563.340432,1,300,179,64.64,29.13,0,1051
1649764563.365429,1,300,175,64.38,149.03,1,1079
1649764563.390427,1,300,179,64.52,29.04,0,1079
1649764563.415424,1,300,171,64.16,28.71,0,1079
1649764563.440421,1,300,172,64.21,28.49,0,1079
1649764563.465419,1,297,177,63.69,27.87,0,1079
1649764563.490416,1,300,177,63.59,28.13,0,1079
1649764563.515413,1,300,168,63.08,120.86,1,1100
1649764563.540410,1,300,166,63.10,29.41,0,1100
1649764563.565408,1,300,162,62.66,29.20,0,1100
1649764563.590405,1,300,165,62.67,27.74,0,1100
1649764563.615402,1,300,171,62.05,28.22,0,1100
1649764563.640399,1,300,170,61.82,28.62,0,1100
1649764563.665397,1,300,170,61.08,142.31,1,1124
1649764563.690394,1,300,169,60.85,28.42,0,1124
1649764563.715391,1,300,178,60.22,28.73,0,1124
1649764563.740388,1,300,175,60.18,28.76,0,1124
1649764563.765386,1,286,175,59.73,27.99,0,1124
1649764563.790383,1,273,168,59.78,28.56,0,1124
1649764563.815381,1,300,193,59.43,148.33,1,1157
1649764563.840378,1,274,182,59.53,29.01,0,1157
1649764563.865375,1,299,198,59.18,28.64,0,1157
1649764563.890372,1,293,194,59.33,29.08,0,1157
1649764563.915370,1,287,203,59.02,28.74,0,1157
1649764563.940367,1,290,205,59.18,28.52,0,1157
1649764563.965364,1,287,202,58.91,155.35,1,1190
1649764563.990361,1,288,198,59.04,29.62,0,1190
1649764564.015359,1,290,199,58.76,29.00,0,1190
1649764564.040356,1,288,195,58.89,28.43,0,1190
1649764564.065353,1,281,194,58.55,27.90,0,1190
1649764564.090351,1,284,188,58.64,27.37,0,1190
1649764564.115348,1,300,198,58.24,160.17,1,1192
1649764564.140345,1,300,193,58.28,29.78,0,1192
1649764564.165342,1,300,201,57.86,29.96,0,1192
1649764564.190340,1,295,207,58.00,29.91,0,1192
1649764564.215337,1,300,215,57.70,29.88,0,1192
1649764564.240334,1,300,212,57.91,30.24,0,1192
1649764564.265332,1,300,215,57.65,165.53,1,1169
1649764564.290329,1,300,207,57.91,29.89,0,1169
1649764564.315326,1,300,213,57.70,29.44,0,1169
1649764564.340323,1,300,205,58.02,30.11,0,1169
1649764564.365320,1,300,216,57.84,30.46,0,1169
1649764564.390318,1,300,204,58.21,30.06,0,1169
1649764564.415315,1,300,213,57.97,169.62,1,1141
1649764564.440312,1,300,210,58.25,30.13,0,1141
1649764564.465310,1,300,222,57.99,29.94,0,1141
1649764564.490307,1,300,218,58.23,29.68,0,1141
1649764564.515304,1,300,229,57.92,31.03,0,1141
1649764564.540302,1,300,223,58.21,31.42,0,1141
1649764564.565299,1,300,222,57.96,159.47,1,1131
1649764564.590296,1,300,222,66.12,30.48,0,1131
1649764564.615294,1,300,229,65.76,30.03,0,1131
1649764564.640290,1,300,213,66.05,30.77,0,1131
1649764564.665288,1,300,227,65.67,30.22,0,1131
1649764564.690285,1,300,216,65.97,30.09,0,1131
1649764564.715282,1,300,225,65.63,160.15,1,1092
1649764564.740280,1,300,218,66.00,30.48,0,1092
1649764564.765277,1,300,234,65.71,30.60,0,1092
1649764564.790274,1,300,219,66.13,30.48,0,1092
1649764564.815272,1,300,226,65.89,30.80,0,1092
1649764564.840269,1,300,213,66.33,30.37,0,1092
1649764564.865266,1,300,224,66.08,165.07,1,1066
1649764564.890264,1,300,212,66.52,30.81,0,1066
1649764564.915261,1,297,209,66.23,30.03,0,1066
1649764564.940258,1,298,204,66.60,30.41,0,1066
1649764564.965255,1,287,201,66.23,30.37,0,1066
1649764564.990252,1,272,185,66.56,28.41,0,1066
1649764565.015250,1,266,178,66.17,158.41,1,1002
1649764565.040247,1,256,166,66.51,27.12,0,1002
1649764565.065245,1,249,165,66.04,26.46,0,1002
1649764565.090242,1,240,146,66.28,26.88,0,1002
1649764565.115239,1,232,142,65.69,24.80,0,1002
1649764565.140236,1,227,121,65.84,23.94,0,1002
1649764565.165234,1,221,128,65.11,192.96,1,976
1649764565.190231,1,241,135,65.12,25.46,0,976
1649764565.215228,1,230,132,64.23,24.55,0,976
1649764565.240226,1,300,148,64.14,27.06,0,976
1649764565.265223,1,260,139,63.15,27.29,0,976
1649764565.290220,1,250,137,63.06,26.73,0,976
1649764565.315217,1,245,132,62.19,136.69,1,979
1649764565.340215,1,241,136,62.18,26.17,0,979
1649764565.365212,1,240,135,61.38,25.03,0,979
1649764565.390209,1,239,138,61.42,25.24,0,979
1649764565.415206,1,237,137,60.65,25.08,0,979
1649764565.440204,1,235,142,60.63,25.13,0,979
1649764565.465201,1,238,141,59.75,128.31,1,976
1649764565.490198,1,247,148,67.71,26.73,0,976
1649764565.515196,1,261,161,66.69,27.71,0,976
1649764565.540193,1,262,159,66.63,27.10,0,976
1649764565.565190,1,256,162,65.73,27.09,0,976
1649764565.590188,1,242,145,65.73,25.95,0,976
1649764565.615185,1,238,146,64.89,159.18,1,959
1649764565.640182,1,242,146,65.01,26.50,0,959
1649764565.665179,1,256,145,64.32,26.55,0,959
1649764565.690176,1,254,150,64.48,26.90,0,959
1649764565.715174,1,248,145,63.95,26.00,0,959
1649764565.740171,1,258,140,64.14,26.37,0,959
1649764565.765168,1,253,143,63.68,125.49,1,973
1649764565.790166,1,244,134,63.87,28.16,0,973
1649764565.815163,1,243,126,63.49,25.30,0,973
1649764565.840160,1,238,121,63.80,25.00,0,973
1649764565.865158,1,300,132,63.65,28.19,0,973
1649764565.890155,1,278,123,64.04,27.91,0,973
1649764565.915152,1,275,120,64.07,125.65,1,980
1649764565.940149,1,263,111,64.41,26.65,0,980
1649764565.965147,1,251,100,64.45,26.88,0,980
1649764565.990144,1,263,105,64.93,25.12,0,980
1649764566.015141,1,274,97,65.23,27.38,0,980
1649764566.040138,1,300,89,65.68,27.44,0,980
1649764566.065136,1,300,84,65.91,125.20,1,988
1649764566.090136,1,300,85,66.12,28.62,0,988
1649764566.115133,1,300,81,66.31,28.27,0,988
1649764566.140130,1,300,84,66.48,28.28,0,988
1649764566.165128,1,300,82,66.71,27.90,0,988
1649764566.190125,1,300,86,66.95,28.05,0,988
1649764566.215122,1,300,83,67.25,85.55,1,1010
1649764566.240119,1,300,84,67.61,28.26,0,1010
1649764566.265117,1,300,80,68.06,29.47,0,1010
1649764566.290114,1,300,81,68.54,27.92,0,1010
1649764566.315111,1,300,86,69.09,28.21,0,1010
1649764566.340109,1,300,86,69.60,28.25,0,1010
1649764566.365106,1,300,90,70.25,130.25,1,999
1649764566.390103,1,300,90,70.77,28.20,0,999
1649764566.415100,1,300,90,71.29,22.58,0,999
1649764566.440098,1,300,93,71.67,27.82,0,999
1649764566.465095,1,300,93,72.16,22.73,0,999
1649764566.490092,1,300,94,72.48,27.31,0,999
1649764566.515090,1,300,95,72.79,120.83,1,999
1649764566.540087,1,300,93,72.89,22.84,0,999
1649764566.565084,1,300,93,73.06,22.26,0,999
1649764566.590081,1,300,93,73.08,22.61,0,999
1649764566.615079,1,300,90,73.18,27.22,0,999
1649764566.640076,1,300,95,73.10,22.89,0,999
1649764566.665073,1,300,91,73.20,102.75,1,969
1649764566.690071,1,300,95,73.11,28.40,0,969
1649764566.715068,1,300,93,73.28,27.59,0,969
1649764566.740065,1,300,97,73.29,27.26,0,969
1649764566.765062,1,300,95,73.53,27.27,0,969
1649764566.790060,1,300,93,73.60,22.80,0,969
1649764566.815057,1,300,96,73.84,110.91,1,946
1649764566.840054,1,300,92,73.90,22.84,0,946
1649764566.865052,1,300,97,74.17,27.92,0,946
1649764566.890049,1,300,97,74.23,23.17,0,946
1649764566.915046,1,300,95,74.46,22.86,0,946
1649764566.940043,1,300,96,74.42,22.73,0,946
1649764566.965041,1,300,94,74.55,120.38,1,922
1649764566.990038,1,300,95,74.44,22.73,0,922
1649764567.015035,1,300,94,74.47,27.66,0,922
1649764567.040033,1,300,96,74.30,27.01,0,922
1649764567.065030,1,300,94,74.34,27.46,0,922
1649764567.090027,1,300,93,74.17,27.06,0,922
1649764567.115024,1,300,95,74.20,139.22,1,889
1649764567.140022,1,300,98,74.08,23.30,0,889
1649764567.165019,1,300,95,74.27,22.68,0,889
1649764567.190016,1,300,95,74.25,22.75,0,889
1649764567.215013,1,300,97,74.50,23.41,0,889
1649764567.240011,1,300,97,74.64,23.26,0,889
1649764567.265008,1,300,94,75.04,120.58,1,861
1649764567.290005,1,300,95,75.27,28.46,0,861
1649764567.315003,1,300,96,75.77,23.30,0,861
1649764567.340000,1,300,100,72.01,27.90,0,861
1649764567.364997,1,300,101,72.56,22.92,0,861
1649764567.389994,1,300,99,72.76,22.34,0,861
1649764567.414992,1,300,100,73.12,115.43,1,835
1649764567.439989,1,300,100,73.13,27.37,0,835
1649764567.464986,1,300,99,73.31,22.30,0,835
1649764567.489984,1,300,99,73.17,22.27,0,835
1649764567.514981,1,300,100,73.27,26.78,0,835
1649764567.539978,1,300,100,73.09,21.84,0,835
1649764567.564976,1,300,98,73.16,117.78,1,810
1649764567.589973,1,300,99,72.94,22.34,0,810
1649764567.614970,1,300,99,72.90,27.04,0,810
1649764567.639967,1,300,98,72.61,27.24,0,810
1649764567.664965,1,300,98,72.61,22.65,0,810
1649764567.689962,1,300,97,72.42,22.19,0,810
1649764567.714959,1,300,99,72.52,132.14,1,778
1649764567.739956,1,300,95,72.34,22.04,0,778
1649764567.764954,1,300,98,72.46,27.09,0,778
1649764567.789951,1,300,97,72.31,21.96,0,778
1649764567.814948,1,300,95,72.46,21.74,0,778
1649764567.839946,1,300,98,72.31,21.75,0,778
1649764567.864943,1,300,98,72.42,115.21,1,739
1649764567.889940,1,300,96,72.21,22.40,0,739
1649764567.914937,1,300,97,72.29,22.22,0,739
1649764567.939935,1,300,98,72.15,22.48,0,739
1649764567.964932,1,300,99,72.23,22.39,0,739
1649764567.989929,1,300,97,71.98,22.19,0,739
1649764568.014927,1,300,98,72.01,141.42,1,692
1649764568.039924,1,300,95,71.78,22.68,0,692
1649764568.064921,1,300,96,71.90,22.20,0,692
1649764568.089918,1,300,97,71.76,22.75,0,692
1649764568.114916,1,300,98,71.95,22.35,0,692
1649764568.139913,1,300,96,71.84,27.29,0,692
1649764568.164910,1,300,96,72.06,166.94,1,652
1649764568.189908,1,300,94,71.99,22.40,0,652
1649764568.214905,1,300,93,72.20,22.10,0,652
1649764568.239902,1,300,91,72.11,26.94,0,652
1649764568.264899,1,300,93,72.30,22.67,0,652
1649764568.289897,1,300,89,72.18,22.10,0,652
1649764568.314894,1,300,90,72.33,171.64,1,625
1649764568.339891,1,300,88,72.16,27.44,0,625
1649764568.364889,1,300,87,72.31,21.16,0,625
1649764568.389886,1,300,89,72.16,21.74,0,625
1649764568.414883,1,300,89,72.31,21.58,0,625
1649764568.439880,1,300,91,72.13,21.52,0,625
1649764568.464878,1,300,93,72.24,135.69,1,607
1649764568.489875,1,300,90,72.02,22.08,0,607
1649764568.514872,1,300,91,72.15,22.08,0,607
1649764568.539870,1,300,91,71.92,22.05,0,607
1649764568.564867,1,300,93,72.08,21.42,0,607
1649764568.589864,1,300,94,71.94,21.33,0,607
1649764568.614861,1,300,92,72.15,189.72,1,587
1649764568.639859,1,300,95,71.99,22.08,0,587
1649764568.664856,1,300,90,72.21,21.62,0,587
1649764568.689853,1,300,93,72.06,21.52,0,587
1649764568.714851,1,300,91,72.24,21.49,0,587
1649764568.739848,1,300,92,72.03,21.66,0,587
1649764568.764845,1,300,91,72.20,116.73,1,555
1649764568.789842,1,300,93,72.01,21.87,0,555
1649764568.814840,1,300,93,72.13,21.92,0,555
1649764568.839837,1,300,92,71.94,21.81,0,555
1649764568.864834,1,300,92,72.08,22.01,0,555
1649764568.889832,1,300,89,71.87,21.92,0,555
1649764568.914829,1,300,90,72.03,125.00,1,537
1649764568.939826,1,300,92,71.85,22.42,0,537
1649764568.964823,1,300,93,72.01,21.79,0,537
1649764568.989821,1,300,95,71.76,21.95,0,537
1649764569.014818,1,300,92,71.77,27.81,0,537
1649764569.039815,1,300,97,71.42,27.42,0,537
1649764569.064813,1,300,96,71.41,138.98,1,512
1649764569.089810,1,300,92,71.08,28.86,0,512
1649764569.114807,1,300,94,71.15,22.21,0,512
1649764569.139804,1,300,93,70.94,21.87,0,512
1649764569.164802,1,300,97,71.14,22.20,0,512
1649764569.189799,1,300,93,71.00,22.34,0,512
1649764569.214796,1,300,94,71.22,138.40,1,484
1649764569.239793,1,300,95,71.07,22.34,0,484
1649764569.264791,1,300,95,71.26,22.40,0,484
1649764569.289788,1,300,92,71.14,22.05,0,484
1649764569.314785,1,300,96,71.35,22.37,0,484
1649764569.339783,1,300,96,71.21,22.21,0,484
1649764569.364780,1,300,97,71.45,221.43,1,468
1649764569.389777,1,300,94,71.32,22.92,0,468
1649764569.414774,1,300,94,71.52,22.16,0,468
1649764569.439772,1,300,92,71.35,22.13,0,468
1649764569.464769,1,300,94,71.59,22.05,0,468
1649764569.489766,1,300,96,71.40,22.37,0,468
1649764569.514764,1,300,98,71.60,160.41,1,416
1649764569.539761,1,300,92,71.36,22.15,0,416
1649764569.564758,1,300,96,71.56,21.71,0,416
1649764569.589755,1,300,94,71.38,21.56,0,416
1649764569.614753,1,300,92,71.54,21.61,0,416
1649764569.639750,1,300,93,71.36,21.59,0,416
1649764569.664747,1,300,92,71.56,233.69,1,406
1649764569.689745,1,300,92,71.37,21.98,0,406
1649764569.714742,1,300,89,71.58,21.25,0,406
1649764569.739739,1,300,94,71.37,21.62,0,406
1649764569.764736,1,300,92,71.56,21.61,0,406
1649764569.789734,1,300,95,71.36,21.89,0,406
1649764569.814731,1,300,92,71.53,212.39,1,371
1649764569.839728,1,300,95,71.36,22.07,0,371
1649764569.864726,1,300,92,71.57,21.69,0,371
1649764569.889723,1,300,95,71.36,21.70,0,371
1649764569.914720,1,300,91,71.56,21.52,0,371
1649764569.939717,1,300,95,71.37,21.89,0,371
1649764569.964715,1,300,96,71.58,129.90,1,342
1649764569.989712,1,300,95,71.39,21.98,0,342
1649764570.014709,1,300,94,71.58,21.52,0,342
1649764570.039707,1,300,95,71.41,21.38,0,342
1649764570.064704,1,300,93,71.60,21.30,0,342
1649764570.089707,1,300,94,71.41,21.47,0,342
1649764570.114704,1,300,95,71.60,143.88,1,311
1649764570.139702,1,300,96,71.39,21.86,0,311
1649764570.164699,1,300,95,71.60,21.58,0,311
1649764570.189696,1,300,93,71.41,21.35,0,311
1649764570.214693,1,300,94,71.59,21.62,0,311
1649764570.239691,1,300,94,71.37,21.67,0,311
1649764570.264688,1,300,91,71.58,105.85,1,242
1649764570.289685,1,300,90,71.38,21.75,0,242
1649764570.314683,1,300,93,71.59,21.81,0,242
1649764570.339680,1,300,94,71.37,21.61,0,242
1649764570.364677,1,300,92,71.58,21.59,0,242
1649764570.389675,1,300,92,71.36,21.66,0,242
1649764570.414672,1,300,93,71.54,76.82,1,283
1649764570.439669,1,300,92,71.32,21.57,0,283
1649764570.464667,1,300,92,71.53,21.39,0,283
1649764570.489664,1,300,94,71.35,21.51,0,283
1649764570.514661,1,300,93,71.55,21.74,0,283
1649764570.539659,1,300,93,71.32,21.49,0,283
1649764570.564656,1,300,92,71.55,81.47,1,279
1649764570.589653,1,300,91,71.34,21.60,0,279
1649764570.614651,1,300,94,71.54,21.61,0,279
1649764570.639648,1,300,94,71.33,21.76,0,279
1649764570.664645,1,300,93,71.53,21.36,0,279
1649764570.689642,1,300,93,71.33,21.65,0,279
1649764570.714640,1,300,94,71.54,60.67,1,299
1649764570.739637,1,300,94,71.35,21.91,0,299
1649764570.764634,1,300,92,71.58,21.90,0,299
1649764570.789632,1,300,91,71.36,21.66,0,299
1649764570.814629,1,300,92,71.57,21.90,0,299
1649764570.839626,1,300,93,71.36,21.51,0,299
1649764570.864624,1,300,94,71.57,68.36,1,292
1649764570.889621,1,300,92,71.36,21.53,0,292
1649764570.914618,1,300,93,71.58,21.53,0,292
1649764570.939615,1,300,89,71.36,21.36,0,292
1649764570.964613,1,300,94,71.60,21.54,0,292
1649764570.989610,1,300,95,71.37,21.72,0,292
1649764571.014608,1,300,93,71.58,55.27,1,297
1649764571.039605,1,300,95,71.37,22.10,0,297
1649764571.064602,1,300,89,71.60,21.76,0,297
1649764571.089599,1,300,92,71.38,21.72,0,297
1649764571.114597,1,300,91,71.61,21.52,0,297
1649764571.139594,1,300,91,71.39,21.70,0,297
1649764571.164591,1,300,89,71.61,62.70,1,301
1649764571.189589,1,300,89,71.37,21.62,0,301
1649764571.214586,1,300,91,71.62,21.86,0,301
1649764571.239583,1,300,91,71.39,21.60,0,301
1649764571.264581,1,300,93,71.62,21.83,0,301
1649764571.289578,1,300,92,71.39,21.51,0,301
1649764571.314575,1,300,92,71.61,76.98,1,294
1649764571.339573,1,300,94,71.39,22.03,0,294
1649764571.364570,1,300,91,71.62,21.73,0,294
1649764571.389567,1,300,92,71.39,21.87,0,294
1649764571.414565,1,300,91,71.60,21.75,0,294
1649764571.439562,1,300,90,71.36,21.77,0,294
1649764571.464559,1,300,95,71.59,66.97,1,295
1649764571.489557,1,300,93,71.35,21.87,0,295
1649764571.514554,1,300,92,71.57,21.75,0,295
1649764571.539551,1,300,93,71.36,21.75,0,295
1649764571.564548,1,300,92,71.58,21.46,0,295
1649764571.589546,1,300,92,71.36,21.75,0,295
1649764571.614543,1,300,94,71.55,77.90,1,290
1649764571.639540,1,300,90,71.34,21.86,0,290
1649764571.664538,1,300,92,71.58,21.63,0,290
1649764571.689535,1,300,92,71.34,21.45,0,290
1649764571.714532,1,300,92,71.56,21.54,0,290
1649764571.739529,1,300,93,71.36,21.70,0,290
1649764571.764527,1,300,94,71.57,96.51,1,291
1649764571.789524,1,300,91,71.35,21.61,0,291
1649764571.814522,1,300,93,71.58,21.30,0,291
1649764571.839519,1,300,91,71.35,21.57,0,291
1649764571.864516,1,300,96,71.57,21.38,0,291
1649764571.889513,1,300,93,71.33,21.55,0,291
1649764571.914511,1,300,92,71.56,72.92,1,288
1649764571.939508,1,300,89,71.36,21.58,0,288
1649764571.964505,1,300,93,71.59,21.71,0,288
1649764571.989503,1,300,92,71.35,21.50,0,288
1649764572.014500,1,300,90,71.57,21.46,0,288
1649764572.039497,1,300,91,71.35,21.83,0,288
1649764572.064495,1,300,92,71.57,90.62,1,291
1649764572.089492,1,300,91,71.36,21.65,0,291
1649764572.114489,1,300,91,71.59,21.48,0,291
1649764572.139487,1,300,93,71.36,21.80,0,291
1649764572.164484,1,300,92,71.58,21.55,0,291
1649764572.189481,1,300,91,71.35,21.38,0,291
1649764572.214478,1,300,90,71.60,96.04,1,287
1649764572.239476,1,300,92,71.36,21.76,0,287
1649764572.264473,1,300,93,71.60,21.53,0,287
1649764572.289470,1,300,92,71.35,21.70,0,287
1649764572.314468,1,300,91,71.58,21.70,0,287
1649764572.339465,1,300,92,71.33,21.68,0,287
1649764572.364462,1,300,92,71.58,102.88,1,288
1649764572.389460,1,300,94,71.32,21.84,0,288
1649764572.414457,1,300,93,71.54,21.69,0,288
1649764572.439455,1,300,92,71.31,21.75,0,288
1649764572.464452,1,300,94,71.54,21.73,0,288
1649764572.489449,1,300,92,71.30,21.39,0,288
1649764572.514446,1,300,96,71.53,90.03,1,290
1649764572.539444,1,300,92,71.31,21.79,0,290
1649764572.564441,1,300,94,71.56,21.64,0,290
1649764572.589438,1,300,96,71.30,21.72,0,290
1649764572.614436,1,300,92,71.55,21.59,0,290
1649764572.639433,1,300,90,71.33,21.39,0,290
1649764572.664430,1,300,92,71.55,139.65,1,286
1649764572.689427,1,300,92,71.33,21.84,0,286
1649764572.714425,1,300,94,71.56,21.54,0,286
1649764572.739422,1,300,91,71.33,21.50,0,286
1649764572.764420,1,300,92,71.57,21.75,0,286
1649764572.789417,1,300,91,71.33,21.45,0,286
1649764572.814414,1,300,92,71.57,126.96,1,282
1649764572.839411,1,300,90,71.34,22.22,0,282
1649764572.864409,1,300,91,71.58,21.56,0,282
1649764572.889406,1,300,94,71.41,21.65,0,282
1649764572.914403,1,300,93,71.60,21.89,0,282
1649764572.939401,1,300,89,71.38,21.31,0,282
1649764572.964398,1,300,93,71.63,106.79,1,284
1649764572.989395,1,300,92,71.39,21.82,0,284
1649764573.014393,1,300,95,71.61,21.59,0,284
1649764573.039390,1,300,93,71.38,21.60,0,284
1649764573.064387,1,300,92,71.62,21.62,0,284
1649764573.089385,1,300,91,71.38,21.38,0,284
1649764573.114382,1,300,92,71.63,145.44,1,287
1649764573.139379,1,300,93,71.36,22.03,0,287
1649764573.164376,1,300,95,71.62,21.99,0,287
1649764573.189374,1,300,92,71.36,21.70,0,287
1649764573.214371,1,300,91,71.59,21.59,0,287
1649764573.239368,1,300,90,71.38,21.26,0,287
1649764573.264366,1,300,92,71.61,155.71,1,281
1649764573.289363,1,300,93,71.37,22.02,0,281
1649764573.314361,1,300,90,71.63,21.73,0,281
1649764573.339358,1,300,93,71.39,22.53,0,281
1649764573.364355,1,300,93,71.63,22.06,0,281
1649764573.389353,1,300,93,71.40,21.96,0,281
1649764573.414350,1,300,92,71.62,117.94,1,275
1649764573.439347,1,300,93,71.40,22.04,0,275
1649764573.464344,1,300,94,71.63,21.87,0,275
1649764573.489341,1,300,93,71.39,21.87,0,275
1649764573.514339,1,300,93,71.64,21.58,0,275
1649764573.539336,1,300,92,71.40,21.59,0,275
1649764573.564334,1,300,92,71.62,127.78,1,289
1649764573.589331,1,300,93,71.40,22.51,0,289
1649764573.614328,1,300,93,71.63,21.75,0,289
1649764573.639325,1,300,92,71.42,21.73,0,289
1649764573.664323,1,300,91,71.64,21.81,0,289
1649764573.689320,1,300,93,71.43,21.67,0,289
1649764573.714318,1,300,93,71.65,144.27,1,275
1649764573.739315,1,300,92,71.42,22.18,0,275
1649764573.764312,1,300,93,71.66,21.79,0,275
1649764573.789310,1,300,94,71.42,21.96,0,275
1649764573.814307,1,300,89,71.66,21.68,0,275
1649764573.839304,1,300,91,71.43,22.08,0,275
1649764573.864301,1,300,93,71.67,122.45,1,283
1649764573.889299,1,300,91,71.44,22.02,0,283
1649764573.914296,1,300,92,71.66,21.97,0,283
1649764573.939293,1,300,92,71.44,21.65,0,283
1649764573.964291,1,300,92,71.66,21.72,0,283
1649764573.989288,1,300,91,71.43,21.52,0,283
1649764574.014285,1,300,90,71.68,151.88,1,275
1649764574.039282,1,300,92,71.42,22.11,0,275
1649764574.064280,1,300,91,71.67,27.58,0,275
1649764574.089277,1,300,90,71.42,21.59,0,275
1649764574.114275,1,300,93,71.67,21.57,0,275
1649764574.139272,1,300,93,71.44,21.62,0,275
1649764574.164269,1,300,91,71.67,156.50,1,269
1649764574.189266,1,300,91,71.42,21.58,0,269
1649764574.214263,1,300,92,71.66,21.69,0,269
1649764574.239261,1,300,89,71.43,21.42,0,269
1649764574.264258,1,300,93,71.68,21.55,0,269
1649764574.289256,1,300,91,71.44,21.21,0,269
1649764574.314253,1,300,89,71.66,112.20,1,268
1649764574.339250,1,300,93,71.45,21.87,0,268
1649764574.364248,1,300,92,71.67,21.57,0,268
1649764574.389245,1,300,89,71.44,21.52,0,268
1649764574.414242,1,300,92,71.66,21.78,0,268
1649764574.439240,1,300,92,71.42,21.79,0,268
1649764574.464237,1,300,92,71.66,107.13,1,211
1649764574.489234,1,300,91,71.43,21.66,0,211
1649764574.514231,1,300,91,71.67,21.49,0,211
1649764574.539229,1,300,90,71.43,21.47,0,211
1649764574.564226,1,300,93,71.68,21.53,0,211
1649764574.589223,1,300,90,71.47,21.49,0,211
1649764574.614221,1,300,92,71.70,88.78,1,220
1649764574.639218,1,300,93,71.47,21.89,0,220
1649764574.664215,1,300,94,71.73,21.68,0,220
1649764574.689213,1,300,93,71.51,21.54,0,220
1649764574.714210,1,300,92,71.76,21.50,0,220
1649764574.739207,1,300,92,71.55,21.59,0,220
1649764574.764205,1,300,92,71.81,70.75,1,197
1649764574.789202,1,300,91,71.60,21.82,0,197
1649764574.814199,1,300,93,71.84,21.84,0,197
1649764574.839197,1,300,92,71.60,21.43,0,197
1649764574.864194,1,300,92,71.85,21.73,0,197
1649764574.889191,1,300,93,71.64,21.64,0,197
1649764574.914189,1,300,92,71.87,64.07,1,195
1649764574.939186,1,300,94,71.65,21.88,0,195
1649764574.964183,1,300,93,71.89,21.56,0,195
1649764574.989180,1,300,93,71.68,21.52,0,195
1649764575.014178,1,300,91,71.91,21.53,0,195
1649764575.039175,1,300,92,71.68,21.92,0,195
1649764575.064173,1,300,93,71.90,65.09,1,221
1649764575.089170,1,300,93,71.67,21.82,0,221
1649764575.114167,1,300,93,71.92,21.84,0,221
1649764575.139164,1,300,92,71.68,21.57,0,221
1649764575.164161,1,300,95,71.92,22.14,0,221
1649764575.189159,1,300,92,71.70,21.55,0,221
1649764575.214156,1,300,90,71.91,63.12,1,198
1649764575.239154,1,300,94,71.68,21.96,0,198
1649764575.264151,1,300,92,71.91,21.83,0,198
1649764575.289148,1,300,92,71.71,21.69,0,198
1649764575.314146,1,300,92,71.92,21.45,0,198
1649764575.339143,1,300,91,71.69,21.40,0,198
1649764575.364140,1,300,92,71.92,66.17,1,195
1649764575.389138,1,300,93,71.68,21.76,0,195
1649764575.414135,1,300,90,71.90,21.50,0,195
1649764575.439132,1,300,92,71.67,21.76,0,195
1649764575.464129,1,300,94,71.90,21.53,0,195
1649764575.489127,1,300,92,71.67,21.74,0,195
1649764575.514124,1,300,91,71.90,59.74,1,174
1649764575.539121,1,300,95,71.67,21.92,0,174
1649764575.564119,1,300,91,71.90,21.99,0,174
1649764575.589116,1,300,91,71.68,21.79,0,174
1649764575.614113,1,300,92,71.90,21.59,0,174
1649764575.639111,1,300,92,71.64,21.63,0,174
1649764575.664108,1,300,89,71.89,62.35,1,169
1649764575.689105,1,300,90,71.67,21.72,0,169
1649764575.714103,1,300,94,71.88,21.69,0,169
1649764575.739100,1,300,92,71.66,21.56,0,169
1649764575.764097,1,300,93,71.88,21.62,0,169
1649764575.789095,1,300,91,71.65,21.44,0,169
1649764575.814092,1,300,90,71.88,62.93,1,154
1649764575.839089,1,300,94,71.65,21.89,0,154
1649764575.864087,1,300,93,71.86,21.87,0,154
1649764575.889084,1,300,92,71.66,21.67,0,154
1649764575.914081,1,300,91,71.89,21.37,0,154
1649764575.939078,1,300,94,71.64,21.61,0,154
1649764575.964076,1,300,91,71.86,98.50,1,226
1649764575.989073,1,300,92,71.66,22.01,0,226
1649764576.014070,1,300,94,71.87,21.83,0,226
1649764576.039068,1,300,94,71.65,21.73,0,226
1649764576.064065,1,300,96,71.88,21.85,0,226
1649764576.089062,1,300,92,71.66,21.65,0,226
1649764576.114059,1,300,93,71.88,65.94,1,196
1649764576.139057,1,300,93,71.66,21.84,0,196
1649764576.164054,1,300,94,71.87,21.62,0,196
1649764576.189052,1,300,94,71.67,21.69,0,196
1649764576.214049,1,300,92,71.88,21.68,0,196
1649764576.239046,1,300,95,71.66,21.62,0,196
1649764576.264044,1,300,94,71.88,67.97,1,194
1649764576.289041,1,300,93,71.67,21.75,0,194
1649764576.314038,1,300,93,71.88,21.40,0,194
1649764576.339036,1,300,90,71.66,21.62,0,194
1649764576.364033,1,300,93,71.90,21.67,0,194
1649764576.389030,1,300,94,71.67,21.60,0,194
1649764576.414027,1,300,95,71.89,71.67,1,181
1649764576.439025,1,300,89,71.68,21.66,0,181
1649764576.464022,1,300,93,71.93,21.72,0,181
1649764576.489019,1,300,93,71.69,21.61,0,181
1649764576.514017,1,300,91,71.94,21.54,0,181
1649764576.539014,1,300,92,71.69,21.69,0,181
1649764576.564011,1,300,93,71.91,89.25,1,237
1649764576.589009,1,300,90,71.71,21.70,0,237
1649764576.614006,1,300,94,71.87,21.75,0,237
1649764576.639003,1,300,93,71.66,21.44,0,237
1649764576.664001,1,300,92,71.92,21.43,0,237
1649764576.688998,1,300,89,71.65,21.46,0,237
1649764576.713995,1,300,93,71.90,76.90,1,247
1649764576.738992,1,300,95,71.70,22.50,0,247
1649764576.763990,1,300,93,71.92,22.34,0,247
1649764576.788987,1,300,92,71.76,22.63,0,247
1649764576.813984,1,300,90,72.05,27.76,0,247
1649764576.838982,1,300,87,71.89,22.76,0,247
1649764576.863979,1,300,87,72.13,104.36,1,252
1649764576.888976,1,300,87,71.88,27.80,0,252
1649764576.913974,1,300,90,71.97,28.39,0,252
1649764576.938971,1,300,89,71.58,28.33,0,252
1649764576.963968,1,300,90,71.70,27.76,0,252
1649764576.988966,1,300,92,71.33,28.18,0,252
1649764577.013963,1,300,97,71.40,105.38,1,290
1649764577.038960,1,300,103,70.98,28.64,0,290
1649764577.063957,1,300,100,70.98,27.91,0,290
1649764577.088952,1,300,106,70.47,26.94,0,290
1649764577.113949,1,300,105,70.22,27.60,0,290
1649764577.138946,1,300,107,69.36,27.97,0,290
1649764577.163944,1,282,105,68.92,149.36,1,320
1649764577.188941,1,275,97,67.67,26.25,0,320
1649764577.213938,1,300,98,66.83,26.14,0,320
1649764577.238935,1,276,100,65.46,26.27,0,320
1649764577.263933,1,263,93,64.84,25.36,0,320
1649764577.288930,1,277,93,63.52,26.14,0,320
1649764577.313928,1,251,89,62.81,120.29,1,337
1649764577.338925,1,300,96,61.73,26.52,0,337
1649764577.363922,1,300,100,61.62,28.74,0,337
1649764577.388920,1,286,106,60.67,27.70,0,337
1649764577.413917,1,282,108,60.62,27.47,0,337
1649764577.438914,1,270,113,59.89,26.72,0,337
1649764577.463912,1,269,112,59.94,142.66,1,383
1649764577.488909,1,257,108,59.09,26.46,0,383
1649764577.513906,1,238,98,67.34,25.92,0,383
1649764577.538903,1,228,98,66.44,24.96,0,383
1649764577.563901,1,217,95,66.98,24.15,0,383
1649764577.588898,1,215,101,66.39,23.46,0,383
1649764577.613895,1,191,97,67.41,91.74,1,412
1649764577.638893,1,193,104,66.73,22.82,0,412
1649764577.663890,1,195,101,67.76,22.66,0,412
1649764577.688887,1,197,108,66.86,22.83,0,412
1649764577.713885,1,197,113,67.84,23.08,0,412
1649764577.738882,1,195,109,66.76,22.54,0,412
1649764577.763879,1,208,109,67.77,92.34,1,450
1649764577.788877,1,204,109,66.63,23.71,0,450
1649764577.813874,1,207,114,67.76,22.20,0,450
1649764577.838871,1,213,117,66.53,23.24,0,450
1649764577.863868,1,210,115,67.65,22.62,0,450
1649764577.888866,1,214,116,66.29,23.23,0,450
1649764577.913863,1,235,122,67.44,121.65,1,489
1649764577.938860,1,230,119,65.96,24.43,0,489
1649764577.963858,1,239,122,67.12,24.41,0,489
1649764577.988855,1,246,126,65.55,25.66,0,489
1649764578.013852,1,241,122,66.69,26.96,0,489
1649764578.038850,1,238,120,64.96,25.40,0,489
1649764578.063847,1,249,121,66.17,102.00,1,538
1649764578.088844,1,253,125,64.32,25.46,0,538
1649764578.113842,1,272,125,65.50,26.75,0,538
1649764578.138839,1,260,126,63.49,27.27,0,538
1649764578.163836,1,274,128,64.77,26.90,0,538
1649764578.188833,1,268,125,62.77,27.40,0,538
1649764578.213831,1,273,126,64.28,100.52,1,563
1649764578.238828,1,253,119,62.26,26.20,0,563
1649764578.263826,1,246,111,63.89,25.90,0,563
1649764578.288823,1,238,121,61.76,24.95,0,563
1649764578.313820,1,238,104,63.53,24.98,0,563
1649764578.338818,1,223,104,61.24,24.51,0,563
1649764578.363815,1,221,102,63.15,93.44,1,578
1649764578.388812,1,254,116,60.73,25.84,0,578
1649764578.413809,1,241,102,62.67,25.68,0,578
1649764578.438807,1,232,112,59.90,25.39,0,578
1649764578.463804,1,231,96,61.75,25.38,0,578
1649764578.488801,1,300,105,58.89,28.30,0,578
1649764578.513799,1,287,93,60.92,85.86,1,597
1649764578.538796,1,300,99,57.88,30.60,0,597
1649764578.563793,1,293,73,67.64,29.42,0,597
1649764578.588790,1,300,79,64.24,29.20,0,597
1649764578.613788,1,300,80,66.38,30.14,0,597
1649764578.638785,1,272,70,62.79,28.22,0,597
1649764578.663782,1,300,71,64.94,78.27,1,632
1649764578.688780,1,275,78,61.11,29.50,0,632
1649764578.713777,1,291,69,63.34,28.92,0,632
1649764578.738775,1,300,89,59.20,29.77,0,632
1649764578.763772,1,300,86,69.32,31.39,0,632
1649764578.788769,1,300,95,65.31,31.09,0,632
1649764578.813766,1,300,90,67.95,73.72,1,692
1649764578.838764,1,278,84,63.96,30.76,0,692
1649764578.863761,1,300,88,66.81,32.94,0,692
1649764578.888758,1,282,86,62.84,30.59,0,692
1649764578.913756,1,296,92,65.90,30.85,0,692
1649764578.938753,1,300,81,61.79,30.12,0,692
1649764578.963750,1,300,79,64.86,82.56,1,727
1649764578.988748,1,300,77,60.69,30.42,0,727
1649764579.013745,1,300,79,71.76,30.26,0,727
1649764579.038742,1,300,74,67.62,30.22,0,727
1649764579.063740,1,300,73,70.24,29.89,0,727
1649764579.088737,1,300,64,66.20,29.59,0,727
1649764579.113734,1,300,76,69.29,85.22,1,800
1649764579.138731,1,300,65,65.28,29.79,0,800
1649764579.163729,1,300,78,68.41,29.31,0,800
1649764579.188726,1,300,68,64.43,29.76,0,800
1649764579.213723,1,300,75,67.83,28.65,0,800
1649764579.238721,1,300,66,63.68,28.49,0,800
1649764579.263718,1,300,82,67.12,84.02,1,869
1649764579.288715,1,300,61,63.20,29.40,0,869
1649764579.313713,1,300,89,67.02,30.62,0,869
1649764579.338710,1,300,63,63.03,30.57,0,869
1649764579.363707,1,300,66,66.75,30.05,0,869
1649764579.388705,1,300,54,62.75,30.26,0,869
1649764579.413702,1,300,79,73.33,92.82,1,913
1649764579.438699,1,300,68,69.82,30.48,0,913
1649764579.463697,1,300,91,72.49,31.03,0,913
1649764579.488694,1,300,77,68.80,30.59,0,913
1649764579.513691,1,300,108,71.49,30.74,0,913
1649764579.538688,1,300,86,67.51,30.53,0,913
1649764579.563686,1,300,126,69.79,101.22,1,969
1649764579.588683,1,300,101,65.52,31.43,0,969
1649764579.613680,1,300,117,67.67,33.72,0,969
1649764579.638678,1,300,96,63.33,32.12,0,969
1649764579.663675,1,300,103,65.55,32.98,0,969
1649764579.688672,1,300,104,61.17,31.04,0,969
1649764579.713670,1,300,111,63.81,92.21,1,997
1649764579.738667,1,300,124,59.42,31.44,0,997
1649764579.763664,1,300,116,67.93,31.52,0,997
1649764579.788662,1,300,118,65.15,30.30,0,997
1649764579.813659,1,300,112,68.02,32.67,0,997
1649764579.838656,1,300,103,64.98,30.67,0,997
1649764579.863654,1,300,110,67.69,92.05,1,1040
1649764579.888651,1,300,107,64.79,29.52,0,1040
1649764579.913648,1,300,110,68.57,29.99,0,1040
1649764579.938646,1,300,100,65.63,29.89,0,1040
1649764579.963643,1,300,92,68.85,30.61,0,1040
1649764579.988640,1,300,86,65.62,30.29,0,1040
1649764580.013638,1,300,73,68.92,91.40,1,1063
1649764580.038635,1,300,71,65.34,30.18,0,1063
1649764580.063632,1,300,72,68.48,30.24,0,1063
1649764580.088629,1,300,65,64.92,30.56,0,1063
1649764580.113627,1,300,63,68.61,33.72,0,1063
1649764580.138624,1,300,46,64.93,32.17,0,1063
1649764580.163621,1,300,42,68.26,83.77,1,1080
1649764580.188619,1,300,45,64.47,33.14,0,1080
1649764580.213616,1,300,42,67.89,32.13,0,1080
1649764580.238613,1,300,52,63.83,32.30,0,1080
1649764580.263611,1,300,83,67.54,31.81,0,1080
1649764580.288608,1,300,82,64.39,39.17,0,1080
1649764580.313605,1,300,75,68.77,88.27,1,1144
1649764580.338603,1,298,56,65.21,35.26,0,1144
1649764580.363600,1,300,48,69.26,35.32,0,1144
1649764580.388597,1,260,23,65.78,34.60,0,1144
1649764580.413594,1,297,39,70.22,31.70,0,1144
1649764580.438592,1,237,30,66.29,33.10,0,1144
1649764580.463589,1,233,29,69.89,99.10,1,1150
1649764580.488586,1,236,32,65.64,26.46,0,1150
1649764580.513584,1,300,34,69.11,30.38,0,1150
1649764580.538581,1,300,40,64.84,33.85,0,1150
1649764580.563578,1,300,43,68.17,34.10,0,1150
1649764580.588576,1,300,39,64.23,38.56,0,1150
1649764580.613573,1,300,42,67.92,97.97,1,1184
1649764580.638570,1,300,48,64.33,36.37,0,1184
1649764580.663568,1,300,50,68.11,33.39,0,1184
1649764580.688565,1,297,50,64.79,35.28,0,1184
1649764580.713562,1,300,51,69.23,30.78,0,1184
1649764580.738559,1,277,50,65.65,31.53,0,1184
1649764580.763557,1,283,49,69.72,85.90,1,1199
1649764580.788554,1,300,51,66.14,32.49,0,1199
1649764580.813552,1,300,49,70.90,32.23,0,1199
1649764580.838549,1,300,59,67.24,34.07,0,1199
1649764580.863546,1,300,65,71.74,34.59,0,1199
1649764580.888544,1,248,69,67.75,29.00,0,1199
1649764580.913541,1,300,80,72.30,85.12,1,1268
1649764580.938538,1,300,94,68.06,32.32,0,1268
1649764580.963535,1,235,102,72.45,30.23,0,1268
1649764580.988533,1,300,119,68.66,28.47,0,1268
1649764581.013530,1,300,133,73.85,30.85,0,1268
1649764581.038527,1,300,134,69.79,31.37,0,1268
1649764581.063525,1,300,147,74.61,89.76,1,1339
1649764581.088518,1,235,138,70.79,29.44,0,1339
1649764581.113516,1,240,137,76.54,24.99,0,1339
1649764581.138513,1,300,150,72.18,28.60,0,1339
1649764581.163510,1,300,159,77.20,29.98,0,1339
1649764581.188507,1,300,174,72.93,30.26,0,1339
1649764581.213505,1,300,189,78.84,84.16,1,1381
1649764581.238502,1,300,173,69.59,31.91,0,1381
1649764581.263499,1,300,202,76.47,31.04,0,1381
1649764581.288497,1,300,187,70.47,31.14,0,1381
1649764581.313494,1,300,216,78.13,32.27,0,1381
1649764581.338491,1,300,213,71.42,31.57,0,1381
1649764581.363488,1,300,199,78.06,75.05,1,1410
1649764581.388486,1,280,186,71.65,29.87,0,1410
1649764581.413483,1,237,178,79.27,27.24,0,1410
1649764581.438480,1,227,171,72.43,25.08,0,1410
1649764581.463478,1,242,178,79.25,25.31,0,1410
1649764581.488475,1,231,175,72.80,24.89,0,1410
1649764581.513472,1,232,176,80.71,69.64,1,1402
1649764581.538470,1,224,169,73.80,25.76,0,1402
1649764581.563467,1,220,165,80.84,24.45,0,1402
1649764581.588464,1,300,210,74.36,29.08,0,1402
1649764581.613461,1,300,219,82.47,31.25,0,1402
1649764581.638459,1,300,194,70.72,31.47,0,1402
1649764581.663456,1,300,214,79.13,78.76,1,1414
1649764581.688453,1,299,209,70.93,31.44,0,1414
1649764581.713451,1,300,218,80.41,32.09,0,1414
1649764581.738448,1,280,210,71.60,30.58,0,1414
1649764581.763445,1,300,226,80.03,30.54,0,1414
1649764581.788443,1,266,207,71.58,29.34,0,1414
1649764581.813440,1,242,200,81.16,92.95,1,1411
1649764581.838437,1,263,206,72.05,28.40,0,1411
1649764581.863435,1,300,229,80.54,30.61,0,1411
1649764581.888432,1,300,220,71.82,32.47,0,1411
1649764581.913429,1,279,209,81.47,31.12,0,1411
1649764581.938426,1,285,205,71.80,29.37,0,1411
1649764581.963424,1,284,207,80.10,98.84,1,1406
1649764581.988421,1,300,198,70.79,30.93,0,1406
1649764582.013418,1,300,201,80.22,32.56,0,1406
1649764582.038416,1,300,197,70.25,31.88,0,1406
1649764582.063413,1,229,165,78.47,27.82,0,1406
1649764582.088410,1,261,164,68.62,25.34,0,1406
1649764582.113407,1,300,165,77.70,137.76,1,1386
1649764582.138405,1,231,152,67.43,27.36,0,1386
1649764582.163402,1,298,153,75.81,27.72,0,1386
1649764582.188399,1,240,149,66.25,27.95,0,1386
1649764582.213397,1,272,146,75.95,28.08,0,1386
1649764582.238394,1,214,129,65.93,26.64,0,1386
1649764582.263391,1,189,120,74.71,90.36,1,1380
1649764582.288388,1,288,126,65.30,26.71,0,1380
1649764582.313386,1,252,126,75.54,29.36,0,1380
1649764582.338383,1,300,131,65.52,32.25,0,1380
1649764582.363380,1,217,112,74.90,27.92,0,1380
1649764582.388378,1,300,123,65.39,27.42,0,1380
1649764582.413375,1,300,127,76.28,102.10,1,1375
1649764582.438372,1,300,120,61.76,33.88,0,1375
1649764582.463370,1,192,117,72.73,28.23,0,1375
1649764582.488367,1,300,123,62.04,28.03,0,1375
1649764582.513365,1,300,123,74.65,34.88,0,1375
1649764582.538362,1,186,119,63.23,28.24,0,1375
1649764582.563359,1,300,136,74.72,100.01,1,1392
1649764582.588356,1,188,129,63.86,29.50,0,1392
1649764582.613353,1,175,134,77.16,90.03,1,1361
1649764582.638351,1,162,127,61.18,21.97,0,1361
1649764582.663348,1,162,132,74.17,20.73,0,1361
1649764582.688345,1,163,128,62.39,21.02,0,1361
1649764582.713343,1,179,143,77.06,21.46,0,1361
1649764582.738340,1,174,134,60.27,22.20,0,1361
1649764582.763337,1,183,142,74.08,96.30,1,1392
1649764582.788335,1,175,138,57.16,23.98,0,1392
1649764582.813332,1,178,134,72.70,21.50,0,1392
1649764582.838329,1,169,127,55.28,21.71,0,1392
1649764582.863327,1,233,157,69.20,24.97,0,1392
1649764582.888324,1,201,144,55.69,26.01,0,1392
1649764582.913321,1,300,182,70.62,104.60,1,1461
1649764582.938318,1,300,188,56.58,33.24,0,1461
1649764582.963316,1,300,182,78.11,32.41,0,1461
1649764582.988313,1,282,187,61.54,31.89,0,1461
1649764583.013310,1,300,199,75.52,32.57,0,1461
1649764583.038308,1,203,169,62.11,28.30,0,1461
1649764583.063305,1,300,214,74.56,108.98,1,1510
1649764583.088302,1,300,227,62.12,34.97,0,1510
1649764583.113299,1,300,220,75.14,34.79,0,1510
1649764583.138297,1,300,229,62.48,34.67,0,1510
1649764583.163294,1,300,224,74.22,35.97,0,1510
1649764583.188291,1,300,237,62.39,34.00,0,1510
1649764583.213289,1,300,239,74.61,115.96,1,1555
1649764583.238286,1,300,231,62.76,34.55,0,1555
1649764583.263283,1,300,232,74.16,33.91,0,1555
1649764583.288280,1,300,223,63.01,33.47,0,1555
1649764583.313278,1,209,190,74.90,30.60,0,1555
1649764583.338275,1,300,219,63.59,32.03,0,1555
1649764583.363272,1,300,230,74.94,118.08,1,1597
1649764583.388270,1,300,218,64.05,34.52,0,1597
1649764583.413267,1,224,197,75.82,30.66,0,1597
1649764583.438264,1,246,205,64.64,29.35,0,1597
1649764583.463262,1,266,208,76.20,30.21,0,1597
1649764583.488259,1,222,185,65.30,28.48,0,1597
1649764583.513257,1,264,208,77.55,116.39,1,1637
1649764583.538254,1,217,182,66.36,28.41,0,1637
1649764583.563251,1,154,144,78.71,107.56,1,1615
1649764583.588248,1,247,181,67.33,26.11,0,1615
1649764583.613245,1,300,215,80.24,33.07,0,1615
1649764583.638243,1,261,189,68.27,32.49,0,1615
1649764583.663240,1,276,180,81.05,33.26,0,1615
1649764583.688237,1,204,162,69.15,28.29,0,1615
1649764583.713235,1,300,194,82.44,119.78,1,1710
1649764583.738232,1,221,158,66.31,32.14,0,1710
1649764583.763229,1,215,157,79.81,27.53,0,1710
1649764583.788227,1,235,162,67.15,28.15,0,1710
1649764583.813224,1,149,123,80.84,114.54,1,1703
1649764583.838221,1,159,131,67.76,22.22,0,1703
1649764583.863219,1,273,172,81.25,27.50,0,1703
1649764583.888216,1,259,171,68.29,31.70,0,1703
1649764583.913213,1,300,173,81.77,32.14,0,1703
1649764583.938210,1,300,178,68.53,35.34,0,1703
1649764583.963208,1,293,173,81.95,127.05,1,1727
1649764583.988205,1,248,159,68.98,32.24,0,1727
1649764584.013202,1,195,137,82.55,26.54,0,1727
1649764584.038200,1,133,117,66.09,114.44,1,1680
1649764584.063197,1,129,108,80.18,19.93,0,1680
1649764584.088194,1,124,107,67.14,19.37,0,1680
1649764584.113191,1,120,100,81.52,19.13,0,1680
1649764584.138189,1,116,99,68.12,19.15,0,1680
1649764584.163186,1,112,95,82.86,19.74,0,1680
1649764584.188183,1,134,104,69.35,173.66,1,1681
1649764584.213181,1,113,93,84.30,20.86,0,1681
1649764584.238178,1,131,113,66.67,19.25,0,1681
1649764584.263175,1,113,92,90.50,20.15,0,1681
1649764584.288172,1,280,160,70.32,27.26,0,1681
1649764584.313170,1,151,118,85.55,31.28,0,1681
1649764584.338167,1,154,127,66.49,113.21,1,1718
1649764584.363164,1,128,99,90.37,22.64,0,1718
1649764584.388162,1,134,107,69.13,20.70,0,1718
1649764584.413159,1,154,118,84.55,21.26,0,1718
1649764584.438156,1,137,116,65.14,21.94,0,1718
1649764584.463154,1,170,121,89.30,24.18,0,1718
1649764584.488151,1,142,122,67.44,148.41,1,1714
1649764584.513148,1,132,112,83.32,20.31,0,1714
1649764584.538146,1,135,118,64.07,20.90,0,1714
1649764584.563143,1,181,108,89.11,22.73,0,1714
1649764584.588140,1,130,114,66.99,22.62,0,1714
1649764584.613137,1,229,129,83.67,25.96,0,1714
1649764584.638135,1,122,106,64.15,141.61,1,1731
1649764584.663132,1,194,106,89.53,22.61,0,1731
1649764584.688129,1,167,115,67.14,24.59,0,1731
1649764584.713127,1,300,128,83.39,27.11,0,1731
1649764584.738124,1,233,138,64.27,29.73,0,1731
1649764584.763121,1,184,113,90.64,28.49,0,1731
1649764584.788119,1,142,106,68.71,90.51,1,1755
1649764584.813116,1,194,116,92.89,25.15,0,1755
1649764584.838113,1,157,114,70.96,23.68,0,1755
1649764584.863110,1,116,102,95.09,21.56,0,1755
1649764584.888108,1,194,138,73.92,23.85,0,1755
1649764584.913105,1,131,101,97.08,22.90,0,1755
1649764584.938102,1,127,100,77.10,99.88,1,1757
1649764584.963100,1,127,90,99.97,21.30,0,1757
1649764584.988097,1,148,118,80.84,20.97,0,1757
1649764585.013094,1,128,109,95.31,20.35,0,1757
1649764585.038091,1,158,122,79.16,22.59,0,1757
1649764585.063089,1,73,43,101.02,104.67,1,1696
1649764585.088086,1,72,59,84.06,15.80,0,1696
1649764585.113083,1,69,48,98.39,14.66,0,1696
1649764585.138081,1,231,113,82.75,22.24,0,1696
1649764585.163078,1,194,115,97.69,28.42,0,1696
1649764585.188075,1,119,85,82.11,22.15,0,1696
1649764585.213073,1,115,50,104.99,100.81,1,1725
1649764585.238070,1,125,68,87.34,20.70,0,1725
1649764585.263067,1,157,90,102.94,22.50,0,1725
1649764585.288064,1,150,95,85.58,24.26,0,1725
1649764585.313062,1,104,77,101.69,19.00,0,1725
1649764585.338059,1,167,100,84.28,21.41,0,1725
1649764585.363056,1,116,67,109.69,108.21,1,1714
1649764585.388054,1,129,79,89.27,20.74,0,1714
1649764585.413051,1,218,101,105.69,25.11,0,1714
1649764585.438048,1,143,92,84.23,23.71,0,1714
1649764585.463046,1,125,88,92.82,20.06,0,1714
1649764585.488043,1,133,94,72.10,21.65,0,1714
1649764585.513040,1,134,90,84.73,115.39,1,1715
1649764585.538038,1,140,99,67.10,20.46,0,1715
1649764585.563035,1,138,96,78.89,19.41,0,1715
1649764585.588032,1,135,104,65.45,19.65,0,1715
1649764585.613029,1,153,100,76.91,19.91,0,1715
1649764585.638027,1,132,99,63.88,19.93,0,1715
1649764585.663024,1,131,96,75.23,106.97,1,1699
1649764585.688021,1,135,100,61.58,19.39,0,1699
1649764585.713019,1,182,97,72.01,21.76,0,1699
1649764585.738016,1,148,99,58.62,23.41,0,1699
1649764585.763013,1,142,89,78.80,22.37,0,1699
1649764585.788011,1,121,77,63.08,18.80,0,1699
1649764585.813008,1,125,76,82.74,107.68,1,1708
1649764585.838005,1,112,71,66.14,18.02,0,1708
1649764585.863002,1,125,68,77.86,19.30,0,1708
1649764585.888000,1,95,54,61.41,17.24,0,1708
1649764585.912997,1,94,51,71.48,16.14,0,1708
1649764585.937994,1,91,57,55.97,16.32,0,1708
1649764585.962992,1,76,39,64.97,103.36,1,1685
1649764585.987989,1,90,46,50.39,16.80,0,1685
1649764586.012986,1,68,24,66.86,13.91,0,1685
1649764586.037983,1,79,33,52.46,16.80,0,1685
1649764586.062981,1,102,42,59.94,16.49,0,1685
1649764586.087978,1,89,44,47.42,19.11,0,1685
1649764586.112975,1,194,69,63.60,101.39,1,1716
1649764586.137973,1,201,81,52.59,25.46,0,1716
1649764586.162970,1,167,69,66.93,21.57,0,1716
1649764586.187968,1,160,69,57.86,24.65,0,1716
1649764586.212965,1,143,65,64.86,19.13,0,1716
1649764586.237962,1,133,67,57.08,18.71,0,1716
1649764586.262959,1,137,61,63.95,117.58,1,1709
1649764586.287956,1,130,64,56.78,19.22,0,1709
1649764586.312954,1,143,72,69.80,18.07,0,1709
1649764586.337951,1,167,76,63.95,20.31,0,1709
1649764586.362948,1,197,89,69.35,22.62,0,1709
1649764586.387946,1,180,90,63.76,22.44,0,1709
1649764586.412943,1,177,88,68.97,101.65,1,1726
1649764586.437941,1,163,86,63.51,21.54,0,1726
1649764586.462938,1,164,83,68.37,19.93,0,1726
1649764586.487935,1,174,85,62.98,21.14,0,1726
1649764586.512932,1,164,82,67.77,21.05,0,1726
1649764586.537930,1,158,83,62.96,20.53,0,1726
1649764586.562927,1,163,79,67.95,109.74,1,1727
1649764586.587924,1,155,77,63.42,21.01,0,1727
1649764586.612922,1,147,70,68.31,19.60,0,1727
1649764586.637919,1,142,81,64.07,19.81,0,1727
1649764586.662916,1,145,74,69.02,18.24,0,1727
1649764586.687913,1,300,131,64.83,27.18,0,1727
1649764586.712911,1,300,119,69.46,105.61,1,1738
1649764586.737908,1,300,129,65.42,31.10,0,1738
1649764586.762905,1,300,135,69.82,31.25,0,1738
1649764586.787902,1,300,136,65.82,30.08,0,1738
1649764586.812900,1,300,136,69.92,29.91,0,1738
1649764586.837897,1,300,142,66.15,30.84,0,1738
1649764586.862895,1,300,138,70.23,106.08,1,1742
1649764586.887892,1,300,129,66.72,30.38,0,1742
1649764586.912889,1,300,142,70.59,30.70,0,1742
1649764586.937886,1,300,138,67.21,29.67,0,1742
1649764586.962883,1,300,145,70.70,30.32,0,1742
1649764586.987881,1,300,139,67.34,28.81,0,1742
1649764587.012878,1,300,138,70.60,114.35,1,1742
1649764587.037875,1,300,138,67.32,30.31,0,1742
1649764587.062873,1,286,137,69.90,28.65,0,1742
1649764587.087870,1,300,143,66.11,29.20,0,1742
1649764587.112868,1,300,149,68.14,30.27,0,1742
1649764587.137865,1,274,150,64.76,29.07,0,1742
1649764587.162862,1,281,149,67.21,113.21,1,1684
1649764587.187860,1,300,152,64.86,29.85,0,1684
1649764587.212857,1,277,144,67.73,28.24,0,1684
1649764587.237854,1,300,153,65.87,28.89,0,1684
1649764587.262851,1,300,147,68.55,30.98,0,1684
1649764587.287848,1,300,142,66.81,30.12,0,1684
1649764587.312846,1,300,140,69.20,112.87,1,1598
1649764587.337843,1,300,138,67.45,30.56,0,1598
1649764587.362841,1,300,138,69.51,30.15,0,1598
1649764587.387838,1,300,120,67.92,29.73,0,1598
1649764587.412835,1,300,128,70.07,30.07,0,1598
1649764587.437832,1,300,113,68.82,29.45,0,1598
1649764587.462830,1,300,108,70.91,104.92,1,1522
1649764587.487827,1,300,107,69.63,29.85,0,1522
1649764587.512824,1,300,109,71.50,28.97,0,1522
1649764587.537822,1,300,122,70.15,28.81,0,1522
1649764587.562819,1,300,119,71.80,28.98,0,1522
1649764587.587816,1,279,120,70.49,27.17,0,1522
1649764587.612813,1,254,118,72.23,102.99,1,1474
1649764587.637811,1,254,109,71.03,25.75,0,1474
1649764587.662808,1,242,119,72.23,25.17,0,1474
1649764587.687805,1,252,127,70.46,26.34,0,1474
1649764587.712803,1,273,130,71.50,27.31,0,1474
1649764587.737800,1,300,129,70.10,28.37,0,1474
1649764587.762797,1,245,130,71.58,128.32,1,1387
1649764587.787795,1,300,146,70.62,29.39,0,1387
1649764587.812792,1,261,139,72.35,28.16,0,1387
1649764587.837789,1,300,146,71.44,29.66,0,1387
1649764587.862787,1,300,150,73.03,30.81,0,1387
1649764587.887784,1,300,144,72.03,30.39,0,1387
1649764587.912781,1,263,144,73.82,93.07,1,1318
1649764587.937778,1,271,152,73.00,27.77,0,1318
1649764587.962775,1,266,143,74.87,28.35,0,1318
1649764587.987773,1,300,151,74.08,28.64,0,1318
1649764588.012770,1,300,147,76.05,30.04,0,1318
1649764588.037768,1,300,153,75.08,29.36,0,1318
1649764588.062765,1,300,152,76.79,107.50,1,1328
1649764588.087762,1,300,152,71.98,30.69,0,1328
1649764588.112760,1,300,147,73.93,31.25,0,1328
1649764588.137757,1,294,146,72.55,29.72,0,1328
1649764588.162754,1,280,143,74.18,28.63,0,1328
1649764588.187752,1,264,138,72.27,27.60,0,1328
1649764588.212749,1,254,135,73.08,105.11,1,1255
1649764588.237746,1,239,125,70.79,26.56,0,1255
1649764588.262743,1,300,139,71.88,28.25,0,1255
1649764588.287741,1,260,127,70.94,28.28,0,1255
1649764588.312738,1,244,124,73.54,26.74,0,1255
1649764588.337735,1,236,112,73.48,25.27,0,1255
1649764588.362733,1,225,112,75.96,144.03,1,1227
1649764588.387730,1,299,132,75.52,28.20,0,1227
1649764588.412727,1,300,123,77.75,28.57,0,1227
1649764588.437724,1,297,125,77.13,28.69,0,1227
1649764588.462722,1,283,124,79.00,27.65,0,1227
1649764588.487719,1,282,120,78.16,26.82,0,1227
1649764588.512716,1,271,113,79.90,107.60,1,1195
1649764588.537714,1,249,105,78.98,27.13,0,1195
1649764588.562711,1,236,103,80.62,24.76,0,1195
1649764588.587708,1,225,102,79.66,23.99,0,1195
1649764588.612705,1,223,102,81.36,23.22,0,1195
1649764588.637703,1,224,104,80.40,23.15,0,1195
1649764588.662700,1,217,102,82.00,100.83,1,1153
1649764588.687697,1,218,105,80.93,23.56,0,1153
1649764588.712695,1,206,101,82.51,22.62,0,1153
1649764588.737692,1,206,105,81.09,22.47,0,1153
1649764588.762689,1,300,124,82.01,27.12,0,1153
1649764588.787687,1,300,129,80.04,32.25,0,1153
1649764588.812684,1,300,138,81.13,105.97,1,1141
1649764588.837681,1,285,131,79.47,32.41,0,1141
1649764588.862679,1,300,136,80.90,31.91,0,1141
1649764588.887676,1,266,147,79.39,31.14,0,1141
1649764588.912673,1,288,149,81.21,29.99,0,1141
1649764588.937670,1,300,151,79.88,30.34,0,1141
1649764588.962668,1,300,145,81.98,117.90,1,1131
1649764588.987665,1,300,151,80.68,32.66,0,1131
1649764589.012662,1,300,148,82.98,31.14,0,1131
1649764589.037660,1,300,145,77.92,31.06,0,1131
1649764589.062657,1,300,151,80.30,30.84,0,1131
1649764589.087654,1,300,150,78.73,30.30,0,1131
1649764589.112652,1,300,150,81.51,112.89,1,1120
1649764589.137649,1,300,144,76.33,30.98,0,1120
1649764589.162646,1,300,150,79.13,29.47,0,1120
1649764589.187643,1,300,143,77.32,29.88,0,1120
1649764589.212641,1,300,150,80.06,30.27,0,1120
1649764589.237638,1,300,141,78.02,29.68,0,1120
1649764589.262635,1,267,142,80.47,112.35,1,1143
1649764589.287633,1,300,143,78.59,28.81,0,1143
1649764589.312630,1,300,139,81.42,29.08,0,1143
1649764589.337627,1,300,140,80.00,29.58,0,1143
1649764589.362624,1,280,138,83.02,28.36,0,1143
1649764589.387622,1,300,137,81.82,28.50,0,1143
1649764589.412619,1,300,136,84.90,100.37,1,1140
1649764589.437616,1,300,125,83.69,27.93,0,1140
1649764589.462614,1,300,126,86.63,27.95,0,1140
1649764589.487611,1,300,129,85.45,27.91,0,1140
1649764589.512608,1,300,121,88.42,27.61,0,1140
1649764589.537606,1,300,125,87.27,28.68,0,1140
1649764589.562603,1,300,127,90.08,132.02,1,1146
1649764589.587600,1,300,123,88.88,29.25,0,1146
1649764589.612597,1,300,122,91.54,29.34,0,1146
1649764589.637595,1,300,122,90.00,28.33,0,1146
1649764589.662592,1,300,118,92.27,28.60,0,1146
1649764589.687589,1,300,115,90.11,27.90,0,1146
1649764589.712587,1,300,121,91.80,140.02,1,1106
1649764589.737584,1,300,124,88.69,29.63,0,1106
1649764589.762581,1,300,129,89.63,29.44,0,1106
1649764589.787579,1,300,123,85.95,30.06,0,1106
1649764589.812576,1,300,130,86.70,31.91,0,1106
1649764589.837573,1,300,118,82.58,29.81,0,1106
1649764589.862571,1,300,121,83.16,133.76,1,1095
1649764589.887568,1,300,117,79.02,31.47,0,1095
1649764589.912565,1,300,114,80.14,32.33,0,1095
1649764589.937562,1,300,117,76.23,31.49,0,1095
1649764589.962560,1,300,122,77.81,31.41,0,1095
1649764589.987557,1,300,123,73.97,30.88,0,1095
1649764590.012554,1,300,120,76.11,108.40,1,1094
1649764590.037552,1,300,125,72.27,30.14,0,1094
1649764590.062549,1,300,116,74.56,31.47,0,1094
1649764590.087546,1,300,119,70.65,31.11,0,1094
1649764590.112544,1,300,118,73.27,30.55,0,1094
1649764590.137541,1,300,116,69.29,28.97,0,1094
1649764590.162538,1,300,121,72.08,108.22,1,1116
1649764590.187535,1,300,122,68.20,28.77,0,1116
1649764590.212533,1,300,115,71.43,29.97,0,1116
1649764590.237530,1,300,125,67.68,29.07,0,1116
1649764590.262527,1,300,126,71.01,30.32,0,1116
1649764590.287525,1,300,130,67.38,30.42,0,1116
1649764590.312522,1,300,129,70.76,101.43,1,1086
1649764590.337519,1,300,122,67.12,30.65,0,1086
1649764590.362516,1,300,126,70.35,29.18,0,1086
1649764590.387514,1,300,133,67.10,30.12,0,1086
1649764590.412511,1,300,128,70.77,29.03,0,1086
1649764590.437508,1,300,135,68.02,31.09,0,1086
1649764590.462506,1,300,134,71.60,94.61,1,1082
1649764590.487503,1,300,142,69.01,31.75,0,1082
1649764590.512500,1,300,150,72.52,29.54,0,1082
1649764590.537498,1,300,145,69.88,30.04,0,1082
1649764590.562495,1,300,153,80.23,32.68,0,1082
1649764590.587492,1,300,153,77.92,28.96,0,1082
1649764590.612489,1,300,159,80.68,94.83,1,1089
1649764590.637487,1,300,157,78.28,29.64,0,1089
1649764590.662484,1,300,160,80.79,29.23,0,1089
1649764590.687481,1,300,151,78.35,28.77,0,1089
1649764590.712479,1,300,152,80.80,29.35,0,1089
1649764590.737476,1,300,160,78.20,28.98,0,1089
1649764590.762473,1,300,157,80.46,99.61,1,1118
1649764590.787471,1,300,161,77.86,29.77,0,1118
1649764590.812468,1,272,154,80.37,28.97,0,1118
1649764590.837465,1,270,157,77.58,27.60,0,1118
1649764590.862463,1,300,162,79.84,28.19,0,1118
1649764590.887460,1,300,161,76.70,29.69,0,1118
1649764590.912457,1,300,151,78.82,97.26,1,1084
1649764590.937454,1,300,149,75.45,29.24,0,1084
1649764590.962452,1,252,141,77.68,27.79,0,1084
1649764590.987449,1,239,142,74.46,25.73,0,1084
1649764591.012446,1,233,139,77.17,25.95,0,1084
1649764591.037444,1,230,132,74.02,24.07,0,1084
1649764591.062441,1,300,144,76.85,96.37,1,1075
1649764591.087438,1,300,149,73.77,29.70,0,1075
1649764591.112435,1,244,145,76.88,28.44,0,1075
1649764591.137433,1,238,142,73.76,25.10,0,1075
1649764591.162430,1,300,144,76.96,27.37,0,1075
1649764591.187427,1,300,150,73.83,28.12,0,1075
1649764591.212425,1,300,152,77.15,98.33,1,1082
1649764591.237422,1,300,153,73.87,29.20,0,1082
1649764591.262419,1,300,148,77.08,31.22,0,1082
1649764591.287416,1,300,144,73.75,28.41,0,1082
1649764591.312414,1,300,149,77.09,30.25,0,1082
1649764591.337411,1,300,150,73.57,29.49,0,1082
1649764591.362408,1,300,151,76.56,98.00,1,1086
1649764591.387406,1,278,150,72.75,29.38,0,1086
1649764591.412403,1,300,151,75.45,30.27,0,1086
1649764591.437400,1,292,152,71.44,29.73,0,1086
1649764591.462398,1,300,154,73.83,29.14,0,1086
1649764591.487395,1,300,159,69.88,31.11,0,1086
1649764591.512392,1,300,163,72.36,98.76,1,1079
1649764591.537390,1,257,147,68.66,28.44,0,1079
1649764591.562387,1,254,154,71.24,25.92,0,1079
1649764591.587384,1,250,147,67.78,25.08,0,1079
1649764591.612381,1,241,151,70.46,25.72,0,1079
1649764591.637379,1,234,143,66.98,26.39,0,1079
1649764591.662376,1,300,170,75.69,98.35,1,1085
1649764591.687373,1,300,167,72.86,30.38,0,1085
1649764591.712371,1,300,171,74.59,29.03,0,1085
1649764591.737368,1,300,173,71.78,29.23,0,1085
1649764591.762365,1,300,156,73.50,29.27,0,1085
1649764591.787363,1,300,145,70.91,28.69,0,1085
1649764591.812360,1,300,145,72.86,102.01,1,1079
1649764591.837357,1,300,144,70.17,29.63,0,1079
1649764591.862355,1,300,146,77.17,29.54,0,1079
1649764591.887352,1,300,156,75.33,29.14,0,1079
1649764591.912349,1,300,158,76.63,29.33,0,1079
1649764591.937346,1,300,163,75.34,29.21,0,1079
1649764591.962344,1,300,149,77.16,101.32,1,1094
1649764591.987341,1,300,148,76.23,28.95,0,1094
1649764592.012338,1,286,143,78.05,28.59,0,1094
1649764592.037336,1,300,154,76.64,29.39,0,1094
1649764592.062333,1,300,151,78.29,29.70,0,1094
1649764592.087332,1,300,149,77.22,29.00,0,1094
1649764592.112330,1,300,146,79.42,104.05,1,1106
1649764592.137327,1,300,141,78.42,29.76,0,1106
1649764592.162324,1,300,138,80.55,30.09,0,1106
1649764592.187322,1,300,127,79.54,28.15,0,1106
1649764592.212319,1,300,134,81.76,30.48,0,1106
1649764592.237316,1,300,137,80.56,29.11,0,1106
1649764592.262313,1,300,124,82.59,101.85,1,1117
1649764592.287311,1,300,123,81.42,27.94,0,1117
1649764592.312308,1,300,129,83.58,28.95,0,1117
1649764592.337305,1,289,121,82.49,27.85,0,1117
1649764592.362303,1,256,112,84.73,27.99,0,1117
1649764592.387300,1,239,111,83.67,24.00,0,1117
1649764592.412297,1,300,122,85.85,102.07,1,1134
1649764592.437294,1,295,132,84.41,29.60,0,1134
1649764592.462292,1,300,125,86.07,28.01,0,1134
1649764592.487289,1,300,139,84.18,28.54,0,1134
1649764592.512286,1,300,134,85.38,28.24,0,1134
1649764592.537284,1,264,126,82.89,26.78,0,1134
1649764592.562281,1,300,132,83.57,99.92,1,1163
1649764592.587278,1,300,138,81.14,29.22,0,1163
1649764592.612276,1,300,124,81.88,29.40,0,1163
1649764592.637273,1,300,145,79.34,29.89,0,1163
1649764592.662270,1,300,141,80.00,28.57,0,1163
1649764592.687268,1,300,152,77.89,29.62,0,1163
1649764592.712265,1,300,146,79.06,104.95,1,1177
1649764592.737262,1,300,151,77.42,30.17,0,1177
1649764592.762259,1,300,149,78.89,29.94,0,1177
1649764592.787257,1,300,163,77.63,31.14,0,1177
1649764592.812254,1,300,146,79.13,30.47,0,1177
1649764592.837251,1,300,140,77.76,29.69,0,1177
1649764592.862249,1,300,138,79.12,106.90,1,1192
1649764592.887246,1,300,140,77.84,29.76,0,1192
1649764592.912243,1,300,145,79.30,29.32,0,1192
1649764592.937241,1,272,133,78.05,27.19,0,1192
1649764592.962238,1,300,158,84.03,29.30,0,1192
1649764592.987235,1,300,169,84.07,29.78,0,1192
1649764593.012233,1,300,165,85.10,107.16,1,1210
1649764593.037230,1,292,162,85.32,28.92,0,1210
1649764593.062227,1,300,167,86.59,28.95,0,1210
1649764593.087224,1,300,167,87.35,29.39,0,1210
1649764593.112222,1,300,165,89.13,28.85,0,1210
1649764593.137219,1,300,156,89.99,31.20,0,1210
1649764593.162216,1,300,161,91.72,136.92,1,1225
1649764593.187214,1,300,154,92.72,30.49,0,1225
1649764593.212211,1,300,144,94.81,32.24,0,1225
1649764593.237208,1,300,123,91.74,31.33,0,1225
1649764593.262205,1,218,101,94.67,27.65,0,1225
1649764593.287203,1,186,83,90.23,25.21,0,1225
1649764593.312200,1,228,86,93.95,89.68,1,1210
1649764593.337197,1,241,83,87.97,26.79,0,1210
1649764593.362195,1,177,78,92.13,24.16,0,1210
1649764593.387192,1,126,51,85.70,97.92,1,1212
1649764593.412189,1,107,44,90.25,16.88,0,1212
1649764593.437186,1,101,42,82.63,15.72,0,1212
1649764593.462184,1,300,87,87.16,25.44,0,1212
1649764593.487181,1,142,53,79.30,26.54,0,1212
1649764593.512178,1,108,45,83.86,17.36,0,1212
1649764593.537176,1,98,39,80.09,67.20,1,1234
1649764593.562173,1,77,36,84.66,15.85,0,1234
1649764593.587170,1,300,86,81.01,26.55,0,1234
1649764593.612168,1,168,57,85.94,28.01,0,1234
1649764593.637165,1,300,74,77.53,37.40,0,1234
1649764593.662162,1,176,39,82.37,27.00,0,1234
1649764593.687160,1,101,27,78.09,72.21,1,1192
1649764593.712157,1,92,26,82.70,15.90,0,1192
1649764593.737154,1,79,27,73.36,16.90,0,1192
1649764593.762151,1,300,47,77.58,25.34,0,1192
1649764593.787149,1,300,67,72.32,32.65,0,1192
1649764593.812146,1,300,40,76.23,32.73,0,1192
1649764593.837143,1,300,45,70.47,94.24,1,1213
1649764593.862141,1,300,42,73.91,36.12,0,1213
1649764593.887138,1,300,73,67.99,32.26,0,1213
1649764593.912135,1,300,61,71.18,34.68,0,1213
1649764593.937133,1,300,104,65.28,36.24,0,1213
1649764593.962130,1,300,86,68.38,37.22,0,1213
1649764593.987127,1,300,94,62.86,137.19,1,1287
1649764594.012124,1,300,72,66.02,37.17,0,1287
1649764594.037122,1,300,82,60.75,37.52,0,1287
1649764594.062119,1,300,64,63.90,37.36,0,1287
1649764594.087116,1,300,71,59.00,36.79,0,1287
1649764594.112114,1,300,49,62.27,37.43,0,1287
1649764594.137111,1,300,67,57.71,141.75,1,1325
1649764594.162108,1,300,54,61.05,38.00,0,1325
1649764594.187105,1,300,71,56.80,35.84,0,1325
1649764594.212103,1,300,52,60.25,36.32,0,1325
1649764594.237100,1,300,65,56.08,35.69,0,1325
1649764594.262097,1,300,37,59.35,35.07,0,1325
1649764594.287095,1,300,54,55.33,122.52,1,1351
1649764594.312092,1,300,40,58.66,36.88,0,1351
1649764594.337089,1,300,49,54.79,35.76,0,1351
1649764594.362087,1,300,37,58.19,32.83,0,1351
1649764594.387084,1,300,48,54.69,35.81,0,1351
1649764594.412081,1,300,41,58.29,35.37,0,1351
1649764594.437078,1,300,58,54.96,119.48,1,1368
1649764594.462076,1,300,36,58.66,36.46,0,1368
1649764594.487073,1,300,52,55.52,35.09,0,1368
1649764594.512070,1,300,43,59.35,35.77,0,1368
1649764594.537068,1,300,47,56.11,35.82,0,1368
1649764594.562065,1,300,39,59.70,35.74,0,1368
1649764594.587062,1,300,51,56.27,72.59,1,1394
1649764594.612060,1,300,41,59.53,35.96,0,1394
1649764594.637057,1,300,54,55.87,35.57,0,1394
1649764594.662054,1,300,47,58.84,35.10,0,1394
1649764594.687052,1,300,54,55.33,34.15,0,1394
1649764594.712049,1,300,43,58.40,34.45,0,1394
1649764594.737046,1,300,55,55.14,114.97,1,1406
1649764594.762043,1,300,43,58.32,34.50,0,1406
1649764594.787041,1,300,51,55.38,33.58,0,1406
1649764594.812038,1,300,39,58.64,35.35,0,1406
1649764594.837035,1,300,56,55.60,34.17,0,1406
1649764594.862033,1,300,48,58.65,33.35,0,1406
1649764594.887030,1,300,49,55.62,107.69,1,1405
1649764594.912027,1,300,51,58.56,35.78,0,1405
1649764594.937025,1,300,53,55.50,33.04,0,1405
1649764594.962022,1,300,39,58.32,34.24,0,1405
1649764594.987019,1,300,52,55.44,33.90,0,1405
1649764595.012016,1,300,43,58.25,36.73,0,1405
1649764595.037014,1,300,49,55.35,90.63,1,1410
1649764595.062011,1,300,45,57.97,35.05,0,1410
1649764595.087008,1,300,48,55.19,34.78,0,1410
1649764595.112006,1,300,37,57.79,34.14,0,1410
1649764595.137003,1,300,47,55.04,34.66,0,1410
1649764595.162000,1,300,35,57.53,34.11,0,1410
1649764595.186997,1,300,42,54.92,98.15,1,1423
1649764595.211995,1,300,38,57.41,33.85,0,1423
1649764595.236992,1,300,48,54.86,33.45,0,1423
1649764595.261989,1,300,36,57.27,33.68,0,1423
1649764595.286987,1,300,49,54.90,33.69,0,1423
1649764595.311984,1,300,43,57.27,34.18,0,1423
1649764595.336981,1,300,50,54.89,100.13,1,1414
1649764595.361979,1,300,45,57.10,33.71,0,1414
1649764595.386976,1,300,52,54.83,35.97,0,1414
1649764595.411973,1,300,42,57.03,33.29,0,1414
1649764595.436970,1,300,52,54.85,33.03,0,1414
1649764595.461968,1,300,47,56.95,33.27,0,1414
1649764595.486965,1,300,45,54.98,111.47,1,1393
1649764595.511962,1,300,32,57.08,33.62,0,1393
1649764595.536960,1,300,48,55.13,33.58,0,1393
1649764595.561957,1,300,43,57.09,33.44,0,1393
1649764595.586954,1,300,48,55.29,33.40,0,1393
1649764595.611952,1,300,43,57.17,32.90,0,1393
1649764595.636949,1,300,51,55.35,110.07,1,1393
1649764595.661946,1,300,37,57.10,31.96,0,1393
1649764595.686944,1,300,50,55.46,31.75,0,1393
1649764595.711941,1,300,39,57.17,31.25,0,1393
1649764595.736938,1,300,48,55.52,34.00,0,1393
1649764595.761935,1,300,47,57.09,31.71,0,1393
1649764595.786933,1,300,47,55.61,124.44,1,1387
1649764595.811930,1,300,45,57.14,31.89,0,1387
1649764595.836927,1,300,47,55.69,32.73,0,1387
1649764595.861925,1,300,43,57.08,32.23,0,1387
1649764595.886922,1,300,51,55.81,31.64,0,1387
1649764595.911919,1,300,42,57.14,31.45,0,1387
1649764595.936917,1,300,49,55.87,105.69,1,1364
1649764595.961914,1,300,46,57.05,30.91,0,1364
1649764595.986911,1,300,51,55.96,30.90,0,1364
1649764596.011908,1,300,44,57.10,30.68,0,1364
1649764596.036906,1,300,54,56.02,31.15,0,1364
1649764596.061903,1,300,44,57.02,31.17,0,1364
1649764596.086901,1,300,51,56.12,98.62,1,1344
1649764596.111898,1,300,49,57.06,31.58,0,1344
1649764596.136896,1,300,47,56.20,31.24,0,1344
1649764596.161893,1,300,48,57.01,31.22,0,1344
1649764596.186891,1,300,44,56.30,30.03,0,1344
1649764596.211888,1,300,49,57.09,30.57,0,1344
1649764596.236885,1,300,50,56.42,121.65,1,1312
1649764596.261882,1,300,46,57.08,30.46,0,1312
1649764596.286880,1,300,48,56.60,30.10,0,1312
1649764596.311877,1,300,45,57.17,30.01,0,1312
1649764596.336874,1,300,44,56.71,29.18,0,1312
1649764596.361871,1,300,44,57.12,29.83,0,1312
1649764596.386869,1,300,48,56.85,98.85,1,1299
1649764596.411866,1,300,52,57.20,29.87,0,1299
1649764596.436863,1,300,48,56.95,29.75,0,1299
1649764596.461861,1,300,44,57.15,29.43,0,1299
1649764596.486858,1,300,55,57.09,30.46,0,1299
1649764596.511855,1,300,50,57.24,29.36,0,1299
1649764596.536853,1,300,50,57.18,108.75,1,1266
1649764596.561850,1,300,51,57.18,29.66,0,1266
1649764596.586847,1,300,50,57.36,30.55,0,1266
1649764596.611844,1,300,45,57.39,30.87,0,1266
1649764596.636842,1,300,47,57.71,30.13,0,1266
1649764596.661839,1,300,47,57.69,30.82,0,1266
1649764596.686836,1,300,48,58.26,114.23,1,1239
1649764596.711834,1,300,56,58.08,30.53,0,1239
1649764596.736831,1,300,52,58.38,29.65,0,1239
1649764596.761828,1,300,47,57.97,29.39,0,1239
1649764596.786825,1,300,52,58.48,29.98,0,1239
1649764596.811823,1,300,53,57.96,30.71,0,1239
1649764596.836820,1,300,50,58.50,117.29,1,1207
1649764596.861817,1,300,51,57.85,30.46,0,1207
1649764596.886815,1,300,56,58.57,30.84,0,1207
1649764596.911812,1,300,56,57.85,29.75,0,1207
1649764596.936809,1,300,52,58.61,29.91,0,1207
1649764596.961807,1,300,52,57.76,30.59,0,1207
1649764596.986804,1,300,56,58.70,147.86,1,1172
1649764597.011801,1,300,50,57.79,30.21,0,1172
1649764597.036798,1,300,49,58.73,30.75,0,1172
1649764597.061796,1,300,52,57.67,30.37,0,1172
1649764597.086793,1,300,53,58.80,30.84,0,1172
1649764597.111790,1,300,58,57.67,30.12,0,1172
1649764597.136788,1,300,52,58.81,105.43,1,1133
1649764597.161785,1,300,58,57.54,31.50,0,1133
1649764597.186782,1,300,50,58.85,31.64,0,1133
1649764597.211780,1,300,54,57.53,30.69,0,1133
1649764597.236777,1,300,60,58.85,31.37,0,1133
1649764597.261774,1,300,49,57.43,31.28,0,1133
1649764597.286772,1,300,53,58.95,107.67,1,1077
1649764597.311769,1,300,49,57.48,31.96,0,1077
1649764597.336766,1,300,50,59.00,31.51,0,1077
1649764597.361763,1,300,58,57.41,31.07,0,1077
1649764597.386761,1,300,54,59.07,32.73,0,1077
1649764597.411758,1,300,56,57.39,31.57,0,1077
1649764597.436755,1,300,48,59.03,148.06,1,1033
1649764597.461753,1,300,59,57.23,33.56,0,1033
1649764597.486750,1,300,54,59.02,33.29,0,1033
1649764597.511747,1,300,54,57.15,32.68,0,1033
1649764597.536744,1,300,51,58.92,32.19,0,1033
1649764597.561742,1,300,56,56.95,33.86,0,1033
1649764597.586739,1,300,45,58.87,104.82,1,980
1649764597.611736,1,300,55,56.83,32.76,0,980
1649764597.636734,1,300,56,58.72,32.65,0,980
1649764597.661731,1,300,64,56.58,33.23,0,980
1649764597.686728,1,300,57,58.59,33.38,0,980
1649764597.711725,1,300,61,56.40,33.52,0,980
1649764597.736723,1,300,51,58.43,127.21,1,994
1649764597.761720,1,300,65,56.21,37.35,0,994
1649764597.786717,1,300,54,58.47,33.74,0,994
1649764597.811715,1,300,57,56.25,33.10,0,994
1649764597.836712,1,300,50,58.55,34.69,0,994
1649764597.861709,1,300,58,56.30,33.59,0,994
1649764597.886707,1,300,53,58.75,110.52,1,997
1649764597.911704,1,300,61,56.47,34.08,0,997
1649764597.936701,1,300,40,58.94,34.39,0,997
1649764597.961698,1,300,61,56.57,34.02,0,997
1649764597.986696,1,300,55,59.16,34.83,0,997
1649764598.011693,1,300,58,56.73,37.40,0,997
1649764598.036690,1,300,47,59.27,110.82,1,963
1649764598.061687,1,300,59,56.74,34.70,0,963
1649764598.086685,1,300,44,59.39,34.56,0,963
1649764598.111682,1,300,55,56.74,35.41,0,963
1649764598.136679,1,300,41,59.40,34.92,0,963
1649764598.161677,1,300,55,56.70,35.00,0,963
1649764598.186674,1,300,35,59.46,112.05,1,901
1649764598.211671,1,300,55,56.70,36.37,0,901
1649764598.236669,1,300,42,59.45,34.63,0,901
1649764598.261666,1,300,60,56.64,34.17,0,901
1649764598.286663,1,300,44,59.54,37.72,0,901
1649764598.311661,1,300,59,56.66,35.18,0,901
1649764598.336658,1,300,44,59.56,100.97,1,833
1649764598.361655,1,300,50,56.61,35.92,0,833
1649764598.386652,1,300,36,59.63,34.67,0,833
1649764598.411650,1,300,59,56.63,37.58,0,833
1649764598.436647,1,300,39,59.66,35.25,0,833
1649764598.461644,1,300,52,56.60,35.83,0,833
1649764598.486642,1,300,46,59.77,97.53,1,808
1649764598.511639,1,300,63,56.64,34.74,0,808
1649764598.536636,1,300,50,59.80,35.42,0,808
1649764598.561634,1,300,65,56.61,35.15,0,808
1649764598.586631,1,300,42,59.88,35.44,0,808
1649764598.611628,1,300,65,56.63,36.98,0,808
1649764598.636625,1,300,42,59.90,95.54,1,785
1649764598.661623,1,300,62,56.60,37.43,0,785
1649764598.686620,1,300,46,59.94,34.92,0,785
1649764598.711617,1,300,61,56.61,35.78,0,785
1649764598.736615,1,300,45,59.92,34.94,0,785
1649764598.761612,1,300,60,56.53,35.03,0,785
1649764598.786609,1,300,45,59.95,92.57,1,765
1649764598.811607,1,300,54,56.53,36.16,0,765
1649764598.836604,1,300,46,59.92,36.85,0,765
1649764598.861601,1,300,62,56.46,34.37,0,765
1649764598.886598,1,300,45,59.95,34.62,0,765
1649764598.911596,1,300,55,56.48,36.16,0,765
1649764598.936593,1,300,44,59.96,93.23,1,725
1649764598.961590,1,300,54,56.43,35.84,0,725
1649764598.986588,1,300,39,60.02,35.35,0,725
1649764599.011585,1,300,59,56.47,37.29,0,725
1649764599.036582,1,300,39,60.01,37.86,0,725
1649764599.061579,1,300,60,56.43,35.76,0,725
1649764599.086577,1,300,44,60.09,90.54,1,703
1649764599.111574,1,300,63,56.48,36.94,0,703
1649764599.136571,1,300,45,60.11,35.79,0,703
1649764599.161569,1,300,60,56.48,35.44,0,703
1649764599.186566,1,300,38,60.24,35.96,0,703
1649764599.211563,1,300,60,56.55,36.69,0,703
1649764599.236560,1,300,42,60.28,110.67,1,685
1649764599.261558,1,300,53,56.55,36.27,0,685
1649764599.286555,1,300,41,60.34,36.52,0,685
1649764599.311553,1,300,60,56.55,38.95,0,685
1649764599.336550,1,300,45,60.29,36.78,0,685
1649764599.361547,1,300,56,56.51,37.00,0,685
1649764599.386544,1,300,42,60.29,87.77,1,672
1649764599.411541,1,300,60,56.50,37.37,0,672
1649764599.436539,1,300,36,60.25,36.51,0,672
1649764599.461536,1,300,57,56.47,36.77,0,672
1649764599.486533,1,300,40,60.33,35.94,0,672
1649764599.511531,1,300,60,56.53,40.03,0,672
1649764599.536528,1,300,42,60.35,96.75,1,649
1649764599.561526,1,300,59,56.56,36.91,0,649
1649764599.586523,1,300,42,60.47,36.90,0,649
1649764599.611520,1,300,65,56.64,35.50,0,649
1649764599.636517,1,300,38,60.49,37.51,0,649
1649764599.661515,1,300,55,56.69,34.49,0,649
1649764599.686512,1,300,40,60.62,85.56,1,648
1649764599.711509,1,300,52,56.79,35.84,0,648
1649764599.736506,1,300,45,60.65,36.24,0,648
1649764599.761504,1,300,61,56.82,36.87,0,648
1649764599.786501,1,300,41,60.77,35.88,0,648
1649764599.811498,1,300,60,56.91,35.92,0,648
1649764599.836496,1,300,40,60.81,92.56,1,637
1649764599.861493,1,300,59,56.95,35.71,0,637
1649764599.886490,1,300,44,60.88,35.89,0,637
1649764599.911488,1,300,56,57.05,38.00,0,637
1649764599.936485,1,300,39,60.90,35.57,0,637
1649764599.961482,1,300,61,57.09,37.92,0,637
1649764599.986479,1,300,35,61.00,81.67,1,623
1649764600.011477,1,300,58,57.16,36.71,0,623
1649764600.036474,1,300,32,60.99,35.33,0,623
1649764600.061471,1,300,58,57.16,33.88,0,623
1649764600.086469,1,300,34,61.05,34.46,0,623
1649764600.111466,1,300,53,57.20,37.79,0,623
1649764600.136463,1,300,36,61.03,79.75,1,612
1649764600.161460,1,300,57,57.19,38.98,0,612
1649764600.186458,1,300,33,61.08,34.78,0,612
1649764600.211455,1,300,54,57.25,36.50,0,612
1649764600.236452,1,300,34,61.06,35.26,0,612
1649764600.261450,1,300,59,57.25,36.35,0,612
1649764600.286447,1,300,41,61.12,82.69,1,599
1649764600.311444,1,300,58,57.29,37.63,0,599
1649764600.336442,1,300,31,61.07,36.75,0,599
1649764600.361439,1,300,59,57.27,35.20,0,599
1649764600.386436,1,300,34,61.12,35.84,0,599
1649764600.411433,1,300,52,57.31,36.15,0,599
1649764600.436431,1,300,35,61.11,78.56,1,588
1649764600.461428,1,300,62,57.32,36.11,0,588
1649764600.486425,1,300,39,61.14,35.39,0,588
1649764600.511423,1,300,53,57.35,35.81,0,588
1649764600.536420,1,300,32,61.09,35.46,0,588
1649764600.561417,1,300,57,57.33,36.04,0,588
1649764600.586415,1,300,35,61.14,81.30,1,596
1649764600.611412,1,300,57,57.37,39.59,0,596
1649764600.636409,1,300,41,61.08,35.09,0,596
1649764600.661407,1,300,58,57.33,35.72,0,596
1649764600.686404,1,300,32,61.09,35.47,0,596
1649764600.711401,1,300,56,57.36,36.89,0,596
1649764600.736398,1,300,35,61.02,80.50,1,589
1649764600.761396,1,300,59,57.32,35.35,0,589
1649764600.786393,1,300,34,61.05,34.47,0,589
1649764600.811390,1,300,54,57.34,35.54,0,589
1649764600.836388,1,300,30,61.01,34.97,0,589
1649764600.861385,1,300,51,57.37,34.78,0,589
1649764600.886382,1,300,28,61.09,80.93,1,609
1649764600.911379,1,300,49,57.41,35.05,0,609
1649764600.936377,1,300,32,61.01,34.44,0,609
1649764600.961374,1,300,49,57.30,37.49,0,609
1649764600.986371,1,300,39,60.99,34.68,0,609
1649764601.011369,1,300,53,57.27,36.47,0,609
1649764601.036366,1,300,36,60.97,89.85,1,641
1649764601.061363,1,300,58,57.38,36.38,0,641
1649764601.086361,1,300,41,61.13,34.55,0,641
1649764601.111358,1,300,53,57.47,35.32,0,641
1649764601.136355,1,300,35,61.09,36.06,0,641
1649764601.161352,1,300,58,57.41,35.22,0,641
1649764601.186350,1,300,38,61.06,80.43,1,644
1649764601.211347,1,300,49,57.37,36.35,0,644
1649764601.236344,1,300,35,60.93,35.21,0,644
1649764601.261342,1,300,58,57.32,37.71,0,644
1649764601.286339,1,300,42,60.94,37.10,0,644
1649764601.311336,1,300,52,57.31,36.27,0,644
1649764601.336334,1,300,37,60.84,83.61,1,643
1649764601.361331,1,300,46,57.29,36.18,0,643
1649764601.386328,1,300,41,60.83,36.00,0,643
1649764601.411325,1,300,53,57.26,36.94,0,643
1649764601.436322,1,300,35,60.72,36.59,0,643
1649764601.461320,1,300,53,57.28,35.55,0,643
1649764601.486317,1,300,40,60.75,84.37,1,657
1649764601.511315,1,300,44,57.27,37.29,0,657
1649764601.536312,1,300,34,60.62,36.13,0,657
1649764601.561309,1,300,51,57.27,34.60,0,657
1649764601.586306,1,300,32,60.63,34.99,0,657
1649764601.611304,1,300,55,57.29,36.76,0,657
1649764601.636301,1,300,31,60.55,84.34,1,660
1649764601.661298,1,300,54,57.33,38.11,0,660
1649764601.686296,1,300,34,60.60,36.63,0,660
1649764601.711293,1,300,50,57.41,36.01,0,660
1649764601.736290,1,300,54,60.55,36.55,0,660
1649764601.761288,1,300,48,57.47,35.96,0,660
1649764601.786285,1,300,41,60.59,80.97,1,663
1649764601.811282,1,300,52,57.49,34.95,0,663
1649764601.836279,1,300,51,60.45,33.17,0,663
1649764601.861277,1,300,60,57.44,32.83,0,663
1649764601.886274,1,300,55,60.41,32.98,0,663
1649764601.911271,1,300,70,57.36,33.97,0,663
1649764601.936269,1,300,58,60.22,82.00,1,709
1649764601.961266,1,300,66,57.21,32.98,0,709
1649764601.986263,1,300,54,60.06,33.31,0,709
1649764602.011261,1,300,53,56.96,32.70,0,709
1649764602.036258,1,300,53,59.69,32.38,0,709
