1520530314.800050020 -0.076570000 -0.273598000 0.129832000 0.029427000 -0.030208000 -0.655964000 0.753613000
1520530314.848929882 -0.084450000 -0.296241000 0.143384000 0.024076000 -0.027823000 -0.643813000 0.764297000
1520530314.899389982 -0.094192000 -0.319847000 0.166190000 0.014338000 -0.021170000 -0.639715000 0.768187000
1520530314.949359894 -0.101840000 -0.338891000 0.194726000 0.001103000 -0.014938000 -0.635620000 0.771857000
1520530314.999399900 -0.107457000 -0.354980000 0.223358000 -0.013547000 -0.011480000 -0.632064000 0.774713000
1520530315.049309969 -0.113046000 -0.368951000 0.251316000 -0.025211000 -0.009027000 -0.629427000 0.776598000
1520530315.099250078 -0.118604000 -0.380835000 0.275628000 -0.030681000 -0.005605000 -0.628409000 0.777258000
1520530315.149440050 -0.124043000 -0.387878000 0.294731000 -0.031511000 -0.003799000 -0.628241000 0.777371000
1520530315.198990107 -0.125836000 -0.391112000 0.302258000 -0.034795000 -0.002797000 -0.626253000 0.778838000
1520530315.248709917 -0.129360000 -0.391484000 0.302214000 -0.039551000 -0.001878000 -0.625472000 0.779241000
1520530315.298810005 -0.133824000 -0.394125000 0.292065000 -0.042647000 0.000410000 -0.626722000 0.778075000
1520530315.348819971 -0.136421000 -0.393058000 0.276831000 -0.042675000 0.001289000 -0.627934000 0.777094000
1520530315.398819923 -0.138021000 -0.389093000 0.254562000 -0.038377000 -0.000555000 -0.629624000 0.775952000
1520530315.449609995 -0.126141000 -0.364553000 0.225674000 -0.032784000 -0.006173000 -0.627814000 0.777648000
1520530315.499680042 -0.124324000 -0.353430000 0.193092000 -0.022267000 -0.017064000 -0.626353000 0.779035000
1520530315.549740076 -0.121290000 -0.340095000 0.158807000 -0.008849000 -0.028470000 -0.624735000 0.780267000
1520530315.599620104 -0.116618000 -0.321104000 0.120987000 0.004750000 -0.039640000 -0.623349000 0.780924000
1520530315.649820089 -0.112386000 -0.300579000 0.083961000 0.016587000 -0.050497000 -0.623167000 0.780281000
1520530315.699860096 -0.105202000 -0.273875000 0.043970000 0.027764000 -0.060080000 -0.623900000 0.778696000
1520530315.749860048 -0.095882000 -0.242890000 0.007135000 0.040150000 -0.067155000 -0.624291000 0.777264000
1520530315.799949884 -0.085297000 -0.207013000 -0.028624000 0.051667000 -0.073620000 -0.623730000 0.776448000
1520530315.849859953 -0.073708000 -0.167742000 -0.060193000 0.064041000 -0.079914000 -0.624890000 0.773967000
1520530315.899760008 -0.064200000 -0.127316000 -0.085495000 0.079010000 -0.084294000 -0.628470000 0.769206000
1520530315.949830055 -0.056879000 -0.085295000 -0.100180000 0.092100000 -0.089656000 -0.630908000 0.765137000
1520530315.999759912 -0.052764000 -0.042969000 -0.106855000 0.101543000 -0.094007000 -0.633277000 0.761454000
1520530316.049479961 -0.053606000 -0.001368000 -0.102246000 0.105838000 -0.098080000 -0.635112000 0.758822000
1520530316.099989891 -0.056138000 0.039475000 -0.089996000 0.103938000 -0.098742000 -0.637281000 0.757179000
1520530316.149919987 -0.061566000 0.079074000 -0.068915000 0.096664000 -0.098301000 -0.638280000 0.757358000
1520530316.199959993 -0.068356000 0.117220000 -0.041634000 0.088508000 -0.093654000 -0.640530000 0.757044000
1520530316.249989986 -0.076145000 0.155564000 -0.009868000 0.081963000 -0.084979000 -0.645140000 0.754887000
1520530316.300060034 -0.084272000 0.192410000 0.025029000 0.075588000 -0.073859000 -0.651176000 0.751532000
1520530316.350090027 -0.092745000 0.228320000 0.062380000 0.068020000 -0.063867000 -0.657677000 0.747499000
1520530316.400099993 -0.101595000 0.263307000 0.100527000 0.060365000 -0.055321000 -0.662785000 0.744319000
1520530316.450099945 -0.110284000 0.297386000 0.137324000 0.054165000 -0.047822000 -0.667828000 0.740800000
1520530316.500109911 -0.118295000 0.330717000 0.172054000 0.047837000 -0.040031000 -0.670964000 0.738862000
1520530316.550129890 -0.125807000 0.363906000 0.204276000 0.040566000 -0.030760000 -0.673253000 0.737658000
1520530316.600110054 -0.133414000 0.396089000 0.233454000 0.033148000 -0.023473000 -0.672923000 0.738596000
1520530316.650110006 -0.139547000 0.427296000 0.258778000 0.026934000 -0.018163000 -0.672044000 0.739799000
1520530316.700079918 -0.147960000 0.461132000 0.280344000 0.023023000 -0.013166000 -0.673582000 0.738637000
1520530316.750030041 -0.157503000 0.495092000 0.296764000 0.020329000 -0.008377000 -0.677680000 0.735028000
1520530316.799979925 -0.168247000 0.529467000 0.307549000 0.019086000 -0.003744000 -0.682543000 0.730586000
1520530316.849960089 -0.179869000 0.563828000 0.312476000 0.018440000 0.000567000 -0.687275000 0.726163000
1520530316.899919987 -0.192119000 0.597897000 0.311356000 0.017242000 0.005182000 -0.691366000 0.722280000
1520530316.949379921 -0.205061000 0.630952000 0.305472000 0.014306000 0.006043000 -0.695746000 0.718120000
1520530316.999340057 -0.216580000 0.664107000 0.293866000 0.013029000 0.003102000 -0.699975000 0.714042000
1520530317.049319983 -0.226086000 0.696428000 0.277763000 0.014609000 -0.002390000 -0.703131000 0.710906000
1520530317.099299908 -0.234140000 0.728095000 0.257603000 0.017652000 -0.007932000 -0.706150000 0.707797000
1520530317.149300098 -0.240968000 0.758819000 0.233978000 0.021242000 -0.013792000 -0.706930000 0.706830000
1520530317.199300051 -0.246834000 0.789177000 0.207141000 0.025213000 -0.019206000 -0.708200000 0.705300000
1520530317.249320030 -0.250779000 0.819725000 0.177292000 0.027556000 -0.027865000 -0.709359000 0.703757000
1520530317.299340010 -0.253654000 0.850656000 0.145964000 0.028678000 -0.038688000 -0.712018000 0.700508000
1520530317.349319935 -0.254755000 0.883262000 0.113072000 0.026072000 -0.050724000 -0.713482000 0.698349000
1520530317.399329901 -0.253905000 0.916174000 0.079997000 0.020535000 -0.061528000 -0.714735000 0.696381000
1520530317.449330091 -0.251177000 0.950441000 0.047109000 0.013231000 -0.071789000 -0.715792000 0.694487000
1520530317.499350071 -0.245511000 0.986006000 0.015032000 0.009507000 -0.079464000 -0.716726000 0.692747000
1520530317.549370050 -0.239119000 1.024071000 -0.014912000 0.008621000 -0.084178000 -0.718010000 0.690870000
1520530317.599400043 -0.231491000 1.064302000 -0.043266000 0.012472000 -0.084679000 -0.720687000 0.687956000
1520530317.649430037 -0.222804000 1.106619000 -0.069886000 0.020484000 -0.082642000 -0.724061000 0.684460000
1520530317.699460030 -0.213219000 1.150019000 -0.094685000 0.032965000 -0.080308000 -0.727930000 0.680134000
1520530317.749949932 -0.201577000 1.193414000 -0.117198000 0.045928000 -0.081693000 -0.730380000 0.676581000
1520530317.799949884 -0.189069000 1.236997000 -0.136400000 0.060858000 -0.084442000 -0.732423000 0.672847000
1520530317.849960089 -0.176931000 1.281194000 -0.152431000 0.073190000 -0.090426000 -0.735623000 0.667327000
1520530317.899970055 -0.166123000 1.325725000 -0.164306000 0.083326000 -0.097323000 -0.739433000 0.660927000
1520530317.949970007 -0.156059000 1.370604000 -0.171415000 0.092816000 -0.102080000 -0.745768000 0.651762000
1520530317.999949932 -0.147742000 1.415065000 -0.173157000 0.099833000 -0.105637000 -0.754614000 0.639869000
1520530318.049930096 -0.141339000 1.457816000 -0.168856000 0.102425000 -0.106833000 -0.764334000 0.627606000
1520530318.099920034 -0.137345000 1.497638000 -0.158966000 0.102942000 -0.101124000 -0.774343000 0.616092000
1520530318.150480032 -0.135944000 1.533387000 -0.143449000 0.101534000 -0.089572000 -0.784040000 0.605763000
1520530318.200439930 -0.136976000 1.562942000 -0.122999000 0.097154000 -0.076278000 -0.791911000 0.598014000
1520530318.250449896 -0.140067000 1.587074000 -0.097984000 0.091125000 -0.063189000 -0.798632000 0.591515000
1520530318.300479889 -0.144989000 1.605370000 -0.069457000 0.086190000 -0.049937000 -0.804507000 0.585531000
1520530318.350480080 -0.151138000 1.617942000 -0.038236000 0.082406000 -0.036600000 -0.809169000 0.580617000
1520530318.400490046 -0.158194000 1.625217000 -0.005003000 0.077756000 -0.024687000 -0.812270000 0.577549000
1520530318.450500011 -0.165755000 1.626923000 0.029790000 0.073241000 -0.013746000 -0.813032000 0.577430000
1520530318.500499964 -0.173434000 1.623172000 0.065150000 0.069265000 -0.003984000 -0.812659000 0.578594000
1520530318.550509930 -0.180911000 1.613599000 0.100536000 0.065929000 0.004917000 -0.812575000 0.579095000
1520530318.600290060 -0.186820000 1.598449000 0.135149000 0.061891000 0.013769000 -0.810918000 0.581714000
1520530318.650290012 -0.191787000 1.578657000 0.167889000 0.057925000 0.024503000 -0.809412000 0.583864000
1520530318.700289965 -0.194370000 1.553954000 0.197642000 0.054191000 0.035307000 -0.807629000 0.586133000
1520530318.750289917 -0.195721000 1.524393000 0.223253000 0.048986000 0.043629000 -0.804336000 0.590543000
1520530318.800290108 -0.196059000 1.491100000 0.243457000 0.042265000 0.049827000 -0.801020000 0.595061000
1520530318.850300074 -0.194853000 1.453793000 0.257461000 0.033674000 0.053211000 -0.797348000 0.600226000
1520530318.900300026 -0.192510000 1.412943000 0.263005000 0.023439000 0.051400000 -0.791975000 0.607935000
1520530318.950309992 -0.189421000 1.369577000 0.260052000 0.014786000 0.045650000 -0.785142000 0.617455000
1520530318.999690056 -0.185118000 1.324703000 0.248812000 0.011901000 0.038982000 -0.778759000 0.625998000
1520530319.049679995 -0.179488000 1.277971000 0.230063000 0.013402000 0.033418000 -0.772462000 0.634040000
1520530319.099679947 -0.172608000 1.230376000 0.205248000 0.016219000 0.027335000 -0.765622000 0.642505000
1520530319.149679899 -0.163963000 1.182281000 0.175842000 0.019513000 0.017988000 -0.758020000 0.651691000
1520530319.199680090 -0.153553000 1.133673000 0.142732000 0.025395000 0.005513000 -0.750894000 0.659911000
1520530319.249690056 -0.142257000 1.085260000 0.107117000 0.032634000 -0.009502000 -0.743974000 0.667343000
1520530319.299690008 -0.129924000 1.037263000 0.069916000 0.040404000 -0.023218000 -0.737802000 0.673407000
1520530319.349689960 -0.116922000 0.989670000 0.032319000 0.047708000 -0.034318000 -0.732591000 0.678127000
1520530319.399559975 -0.103827000 0.942530000 -0.005141000 0.055177000 -0.041930000 -0.727941000 0.682129000
1520530319.449559927 -0.090709000 0.896421000 -0.042037000 0.062189000 -0.047766000 -0.722465000 0.686946000
1520530319.499569893 -0.078203000 0.850724000 -0.077331000 0.070666000 -0.054083000 -0.715223000 0.693208000
1520530319.549580097 -0.065831000 0.805001000 -0.110198000 0.082288000 -0.059702000 -0.704443000 0.702442000
1520530319.599600077 -0.054903000 0.759079000 -0.137124000 0.097409000 -0.063205000 -0.691430000 0.713051000
1520530319.649610043 -0.046131000 0.713747000 -0.159204000 0.113496000 -0.063296000 -0.677626000 0.723833000
1520530319.699630022 -0.041051000 0.667730000 -0.175325000 0.128488000 -0.061336000 -0.662037000 0.735823000
1520530319.749730110 -0.040132000 0.620112000 -0.184676000 0.138365000 -0.059497000 -0.644141000 0.749932000
1520530319.800129890 -0.043229000 0.568831000 -0.186104000 0.142033000 -0.057963000 -0.623456000 0.766661000
1520530319.850140095 -0.049955000 0.514972000 -0.178162000 0.141933000 -0.051802000 -0.603831000 0.782662000
1520530319.900130033 -0.058610000 0.460141000 -0.161216000 0.135955000 -0.042213000 -0.588043000 0.796203000
1520530319.950119972 -0.068727000 0.404629000 -0.135548000 0.121724000 -0.032858000 -0.576258000 0.807484000
1520530320.000109911 -0.080417000 0.350769000 -0.102097000 0.104055000 -0.022730000 -0.571602000 0.813589000
1520530320.050100088 -0.091815000 0.299688000 -0.063160000 0.083158000 -0.016120000 -0.569605000 0.817542000
1520530320.100130081 -0.103766000 0.251665000 -0.019055000 0.061669000 -0.011632000 -0.564515000 0.823033000
1520530320.150130033 -0.113085000 0.208636000 0.025960000 0.044143000 -0.002093000 -0.557737000 0.828840000
1520530320.200180054 -0.120457000 0.169096000 0.072316000 0.031065000 0.006479000 -0.551890000 0.833313000
1520530320.250180006 -0.127079000 0.132106000 0.119230000 0.021797000 0.008906000 -0.546232000 0.837303000
1520530320.300189972 -0.132509000 0.097587000 0.164957000 0.017663000 0.011433000 -0.543602000 0.839079000
1520530320.350199938 -0.136150000 0.063364000 0.207327000 0.015056000 0.011807000 -0.542187000 0.840040000
1520530320.400199890 -0.137987000 0.029702000 0.246033000 0.013040000 0.015360000 -0.542177000 0.840022000
1520530320.450200081 -0.137594000 -0.004839000 0.280438000 0.008879000 0.021247000 -0.543102000 0.839351000
1520530320.500210047 -0.135406000 -0.040768000 0.309691000 0.000860000 0.027096000 -0.544313000 0.838444000
1520530320.550209999 -0.133289000 -0.078225000 0.332496000 -0.009426000 0.031995000 -0.548754000 0.835319000
1520530320.599649906 -0.130888000 -0.117228000 0.346966000 -0.020133000 0.033155000 -0.554319000 0.831400000
1520530320.649650097 -0.129256000 -0.158437000 0.353630000 -0.029239000 0.033853000 -0.558138000 0.828541000
1520530320.699640036 -0.128964000 -0.200941000 0.351428000 -0.034877000 0.034040000 -0.561271000 0.826196000
1520530320.749629974 -0.129965000 -0.242382000 0.341506000 -0.037356000 0.031073000 -0.567080000 0.822228000
1520530320.799619913 -0.131947000 -0.283329000 0.324991000 -0.037693000 0.023535000 -0.572739000 0.818532000
1520530320.849620104 -0.134397000 -0.322730000 0.303256000 -0.037138000 0.011406000 -0.576044000 0.816495000
1520530320.899610043 -0.135417000 -0.359089000 0.277237000 -0.036054000 -0.000619000 -0.579754000 0.813993000
1520530320.949609995 -0.134124000 -0.391035000 0.248539000 -0.035669000 -0.008622000 -0.583971000 0.810945000
1520530320.999609947 -0.129455000 -0.418097000 0.218373000 -0.035848000 -0.012665000 -0.589316000 0.807008000
1520530321.049469948 -0.121607000 -0.440319000 0.187520000 -0.034985000 -0.011863000 -0.595047000 0.802842000
1520530321.099469900 -0.109954000 -0.458824000 0.155847000 -0.034589000 -0.009861000 -0.598909000 0.800009000
1520530321.149470091 -0.094370000 -0.474166000 0.124061000 -0.032210000 -0.009232000 -0.601379000 0.798261000
1520530321.199470043 -0.074385000 -0.486833000 0.092307000 -0.025952000 -0.010088000 -0.602561000 0.797587000
1520530321.249480009 -0.050532000 -0.497367000 0.061789000 -0.015135000 -0.010905000 -0.602416000 0.797964000
1520530321.299479961 -0.023124000 -0.506058000 0.032786000 -0.002644000 -0.010762000 -0.602049000 0.798382000
1520530321.349479914 0.007690000 -0.512893000 0.005590000 0.008144000 -0.011306000 -0.601403000 0.798824000
1520530321.399480104 0.040899000 -0.518400000 -0.019305000 0.016080000 -0.014649000 -0.601098000 0.798879000
1520530321.449589968 0.076836000 -0.522518000 -0.042498000 0.022569000 -0.021301000 -0.600974000 0.798666000
1520530321.499589920 0.114531000 -0.525669000 -0.064572000 0.030580000 -0.029299000 -0.602257000 0.797178000
1520530321.549590111 0.154061000 -0.526698000 -0.085074000 0.040847000 -0.036794000 -0.603618000 0.795376000
1520530321.599600077 0.194550000 -0.526576000 -0.102441000 0.053033000 -0.046118000 -0.602665000 0.794893000
1520530321.649600029 0.235249000 -0.526214000 -0.113503000 0.066171000 -0.061836000 -0.600129000 0.794760000
1520530321.699599981 0.274987000 -0.525166000 -0.115592000 0.080074000 -0.077585000 -0.597675000 0.793948000
1520530321.749609947 0.311824000 -0.523540000 -0.108143000 0.091038000 -0.090682000 -0.595648000 0.792901000
1520530321.799609900 0.344466000 -0.521514000 -0.093140000 0.096520000 -0.101943000 -0.593945000 0.792163000
1520530321.849920034 0.373050000 -0.518397000 -0.071422000 0.095430000 -0.106968000 -0.592834000 0.792464000
1520530321.899940014 0.397931000 -0.513915000 -0.043510000 0.088724000 -0.104507000 -0.592039000 0.794163000
1520530321.949949980 0.421344000 -0.507987000 -0.010261000 0.076572000 -0.095975000 -0.591585000 0.796839000
1520530321.999949932 0.443551000 -0.500492000 0.026255000 0.061502000 -0.082492000 -0.593030000 0.798579000
1520530322.049959898 0.464398000 -0.491298000 0.063516000 0.045567000 -0.067947000 -0.596231000 0.798633000
1520530322.099960089 0.484494000 -0.480051000 0.098938000 0.030777000 -0.054312000 -0.599267000 0.798111000
1520530322.149960041 0.504285000 -0.466635000 0.130303000 0.019578000 -0.041481000 -0.603194000 0.796274000
1520530322.199970007 0.522779000 -0.451165000 0.156538000 0.011625000 -0.031473000 -0.607329000 0.793741000
1520530322.250020027 0.539391000 -0.433665000 0.176903000 0.008144000 -0.023753000 -0.612399000 0.790150000
1520530322.300019979 0.555136000 -0.413682000 0.190922000 0.008108000 -0.018791000 -0.617955000 0.785947000
1520530322.350029945 0.568432000 -0.392207000 0.198635000 0.009765000 -0.014978000 -0.621069000 0.783552000
1520530322.400039911 0.580191000 -0.368920000 0.199322000 0.011315000 -0.010661000 -0.625355000 0.780185000
1520530322.450040102 0.591124000 -0.344902000 0.193556000 0.009075000 -0.007175000 -0.629878000 0.776608000
1520530322.500050068 0.599944000 -0.319415000 0.181555000 0.003034000 -0.006003000 -0.633491000 0.773721000
1520530322.550060034 0.607033000 -0.293114000 0.163577000 -0.002716000 -0.007210000 -0.638935000 0.769222000
1520530322.600070000 0.612603000 -0.264685000 0.140737000 -0.005648000 -0.009727000 -0.644253000 0.764730000
1520530322.649879932 0.616260000 -0.235115000 0.113874000 -0.004656000 -0.014898000 -0.646746000 0.762546000
1520530322.699879885 0.618447000 -0.203311000 0.083808000 0.000373000 -0.020814000 -0.649118000 0.760402000
1520530322.749890089 0.618690000 -0.169041000 0.052214000 0.006297000 -0.026003000 -0.651166000 0.758463000
1520530322.799890041 0.617864000 -0.132901000 0.020063000 0.012881000 -0.030033000 -0.653505000 0.756217000
1520530322.849900007 0.615870000 -0.095244000 -0.011456000 0.021366000 -0.032903000 -0.657181000 0.752712000
1520530322.899930000 0.612530000 -0.057024000 -0.042257000 0.029702000 -0.036488000 -0.660941000 0.748961000
1520530322.949899912 0.608460000 -0.018686000 -0.071692000 0.039218000 -0.038821000 -0.663443000 0.746190000
1520530322.999900103 0.603966000 0.019458000 -0.100074000 0.052063000 -0.040798000 -0.664376000 0.744466000
1520530323.049900055 0.598409000 0.056849000 -0.127964000 0.068285000 -0.043859000 -0.665092000 0.742338000
1520530323.099940062 0.591283000 0.093583000 -0.154578000 0.080344000 -0.054717000 -0.665259000 0.740257000
1520530323.149940014 0.582480000 0.131082000 -0.177988000 0.092866000 -0.066953000 -0.665744000 0.737345000
1520530323.199939966 0.571252000 0.167633000 -0.194509000 0.107249000 -0.078705000 -0.665871000 0.734111000
1520530323.249939919 0.556378000 0.203100000 -0.201868000 0.119218000 -0.092689000 -0.666167000 0.730354000
1520530323.299940109 0.535890000 0.237773000 -0.198982000 0.127275000 -0.102744000 -0.668585000 0.725423000
1520530323.349930048 0.510134000 0.271968000 -0.186094000 0.127944000 -0.106896000 -0.673252000 0.720371000
1520530323.399930000 0.478653000 0.304858000 -0.164292000 0.119309000 -0.104479000 -0.679453000 0.716375000
1520530323.449939966 0.443514000 0.337042000 -0.134886000 0.103770000 -0.093896000 -0.685522000 0.714475000
1520530323.500190020 0.405422000 0.368343000 -0.099888000 0.086669000 -0.077524000 -0.690417000 0.714005000
1520530323.550189972 0.366437000 0.398640000 -0.062133000 0.072838000 -0.058587000 -0.694039000 0.713843000
1520530323.600199938 0.327049000 0.428466000 -0.023220000 0.063694000 -0.041763000 -0.695989000 0.714001000
1520530323.650199890 0.288844000 0.457838000 0.016158000 0.058815000 -0.028549000 -0.697103000 0.713984000
1520530323.700210094 0.253556000 0.487214000 0.055031000 0.054447000 -0.017585000 -0.698513000 0.713307000
1520530323.750220060 0.220783000 0.517085000 0.092400000 0.047937000 -0.007748000 -0.700076000 0.712415000
1520530323.800220013 0.189393000 0.547028000 0.128034000 0.038950000 -0.000363000 -0.700815000 0.712279000
1520530323.850219965 0.158602000 0.578138000 0.160824000 0.029887000 0.004974000 -0.702385000 0.711152000
1520530323.900019884 0.128208000 0.609394000 0.189399000 0.021587000 0.006757000 -0.702773000 0.711055000
1520530323.950020075 0.096702000 0.641644000 0.213007000 0.014880000 0.007635000 -0.703486000 0.710512000
1520530324.000020027 0.064003000 0.674811000 0.231034000 0.009364000 0.009236000 -0.704843000 0.709241000
1520530324.050019979 0.030467000 0.708624000 0.243874000 0.004389000 0.010260000 -0.705271000 0.708850000
1520530324.100019932 -0.004071000 0.742094000 0.252232000 0.001023000 0.011529000 -0.704373000 0.709735000
1520530324.150019884 -0.038395000 0.775779000 0.255178000 -0.000645000 0.016344000 -0.703763000 0.710246000
1520530324.200020075 -0.072613000 0.809239000 0.252708000 -0.002657000 0.024396000 -0.705484000 0.708301000
1520530324.250010014 -0.107003000 0.842934000 0.244486000 -0.004426000 0.032225000 -0.708535000 0.704925000
1520530324.299760103 -0.141289000 0.875482000 0.230079000 -0.003141000 0.035760000 -0.710128000 0.703157000
1520530324.349750042 -0.175275000 0.907822000 0.210169000 0.004792000 0.034431000 -0.710909000 0.702424000
1520530324.399739981 -0.208800000 0.939119000 0.185867000 0.016802000 0.025905000 -0.712899000 0.700586000
1520530324.449749947 -0.241895000 0.970224000 0.158466000 0.029225000 0.013029000 -0.716280000 0.697079000
1520530324.499830008 -0.274535000 1.001343000 0.129999000 0.036560000 -0.000024000 -0.717964000 0.695120000
1520530324.549760103 -0.306474000 1.032531000 0.100857000 0.040698000 -0.007756000 -0.719406000 0.693353000
1520530324.599760056 -0.337981000 1.064094000 0.071237000 0.043549000 -0.010584000 -0.721029000 0.691454000
1520530324.649770021 -0.368992000 1.095911000 0.041538000 0.045343000 -0.011912000 -0.722885000 0.689376000
1520530324.699870110 -0.399142000 1.127611000 0.012778000 0.045849000 -0.015206000 -0.724353000 0.687735000
1520530324.749880075 -0.427375000 1.158713000 -0.013487000 0.046739000 -0.014408000 -0.726391000 0.685540000
1520530324.799880028 -0.453212000 1.189361000 -0.036084000 0.047545000 -0.009254000 -0.729177000 0.682608000
1520530324.849889994 -0.475714000 1.219449000 -0.055354000 0.046950000 -0.003178000 -0.733271000 0.678306000
1520530324.899879932 -0.494663000 1.248719000 -0.071671000 0.043783000 -0.000583000 -0.737998000 0.673381000
1520530324.949889898 -0.509563000 1.277280000 -0.085658000 0.040589000 0.001052000 -0.742433000 0.668689000
1520530324.999890089 -0.519640000 1.304971000 -0.098326000 0.038148000 0.004174000 -0.745101000 0.665847000
1520530325.049890041 -0.524845000 1.331443000 -0.110719000 0.034696000 0.005605000 -0.745161000 0.665957000
1520530325.100680113 -0.525771000 1.357471000 -0.123552000 0.032219000 0.006516000 -0.744164000 0.667188000
1520530325.150680065 -0.521215000 1.382423000 -0.137014000 0.034443000 0.009546000 -0.743176000 0.668141000
1520530325.200690031 -0.513899000 1.406745000 -0.149867000 0.039512000 0.008887000 -0.739108000 0.672369000
1520530325.250689983 -0.504112000 1.430514000 -0.157923000 0.045701000 0.001683000 -0.732512000 0.679217000
1520530325.300699949 -0.492279000 1.453254000 -0.157594000 0.051945000 -0.008681000 -0.723924000 0.687866000
1520530325.350699902 -0.479811000 1.474722000 -0.147551000 0.057257000 -0.016803000 -0.715358000 0.696206000
1520530325.400700092 -0.466573000 1.495179000 -0.128316000 0.060057000 -0.018488000 -0.708614000 0.702793000
1520530325.450700045 -0.452779000 1.513992000 -0.102776000 0.060486000 -0.015375000 -0.702118000 0.709320000
1520530325.500710011 -0.437445000 1.530892000 -0.072804000 0.060033000 -0.012397000 -0.697317000 0.714137000
1520530325.550790071 -0.418721000 1.545833000 -0.039570000 0.057115000 -0.010961000 -0.695461000 0.716207000
1520530325.600790024 -0.397304000 1.559028000 -0.005621000 0.050324000 -0.011416000 -0.696469000 0.715729000
1520530325.650789976 -0.373433000 1.570991000 0.026832000 0.042630000 -0.010159000 -0.698952000 0.713825000
1520530325.700789928 -0.345842000 1.581329000 0.055934000 0.032695000 -0.008980000 -0.700736000 0.712614000
1520530325.750799894 -0.315144000 1.590471000 0.080304000 0.022932000 -0.006495000 -0.703332000 0.710462000
1520530325.800800085 -0.281982000 1.597364000 0.098046000 0.015020000 -0.004193000 -0.704865000 0.709170000
1520530325.850800037 -0.246760000 1.603322000 0.107013000 0.010748000 -0.003821000 -0.707319000 0.706802000
1520530325.900799990 -0.211345000 1.607854000 0.107858000 0.010472000 -0.004656000 -0.712112000 0.701972000
1520530325.950419903 -0.176029000 1.610645000 0.101393000 0.010412000 -0.007395000 -0.717415000 0.696529000
1520530326.000420094 -0.140614000 1.611990000 0.088669000 0.011766000 -0.009926000 -0.721101000 0.692659000
1520530326.050430059 -0.105068000 1.612001000 0.070839000 0.015547000 -0.013317000 -0.725102000 0.688337000
1520530326.100419998 -0.069196000 1.610243000 0.049971000 0.019791000 -0.019577000 -0.727601000 0.685436000
1520530326.150429964 -0.032583000 1.607677000 0.027195000 0.026912000 -0.025735000 -0.729500000 0.682966000
1520530326.200429916 0.003670000 1.604334000 0.003697000 0.035983000 -0.032030000 -0.731048000 0.680623000
1520530326.250430107 0.040055000 1.600927000 -0.019511000 0.046144000 -0.036526000 -0.732909000 0.677776000
1520530326.300430059 0.076193000 1.596773000 -0.042286000 0.052264000 -0.043084000 -0.732962000 0.676889000
1520530326.350090027 0.113007000 1.593007000 -0.064352000 0.058012000 -0.049030000 -0.732718000 0.676281000
1520530326.400089979 0.150298000 1.589758000 -0.085729000 0.064131000 -0.052758000 -0.733357000 0.674753000
1520530326.450089931 0.186810000 1.586708000 -0.106526000 0.069934000 -0.054937000 -0.734061000 0.673235000
1520530326.500089884 0.223053000 1.584579000 -0.126055000 0.075663000 -0.055878000 -0.734520000 0.672037000
1520530326.550090075 0.258020000 1.582421000 -0.143405000 0.080949000 -0.060172000 -0.735081000 0.670434000
1520530326.600090027 0.290342000 1.579750000 -0.157005000 0.088672000 -0.069411000 -0.736362000 0.667151000
1520530326.650089979 0.319375000 1.576536000 -0.164867000 0.098693000 -0.080911000 -0.739018000 0.661488000
1520530326.700099945 0.343608000 1.572498000 -0.165589000 0.109639000 -0.087585000 -0.742166000 0.655361000
1520530326.750309944 0.362464000 1.567009000 -0.157642000 0.114964000 -0.088033000 -0.745039000 0.651115000
1520530326.800309896 0.374376000 1.559589000 -0.140653000 0.112842000 -0.083416000 -0.748205000 0.648458000
1520530326.850310087 0.379654000 1.549317000 -0.115099000 0.104184000 -0.073541000 -0.750198000 0.648799000
1520530326.900300026 0.378868000 1.535709000 -0.083431000 0.093718000 -0.056928000 -0.751533000 0.650519000
1520530326.950299978 0.374056000 1.517572000 -0.047719000 0.083988000 -0.034318000 -0.752001000 0.652889000
1520530327.000299931 0.366365000 1.494564000 -0.009344000 0.075395000 -0.008556000 -0.751122000 0.655788000
1520530327.050299883 0.357491000 1.465384000 0.029829000 0.067857000 0.018728000 -0.748759000 0.659094000
1520530327.100300074 0.348369000 1.429764000 0.068273000 0.061968000 0.045165000 -0.744229000 0.663508000
1520530327.150290012 0.339995000 1.387937000 0.103833000 0.056336000 0.065582000 -0.737281000 0.670031000
1520530327.200289965 0.332437000 1.340824000 0.135055000 0.049208000 0.079590000 -0.729303000 0.677762000
1520530327.250299931 0.325343000 1.289457000 0.160763000 0.040729000 0.086904000 -0.721847000 0.685365000
1520530327.300299883 0.318906000 1.235414000 0.179750000 0.031518000 0.087269000 -0.712505000 0.695505000
1520530327.350310087 0.313245000 1.179991000 0.189700000 0.025688000 0.081009000 -0.700275000 0.708796000
1520530327.400310040 0.310125000 1.124225000 0.189171000 0.028534000 0.070958000 -0.688685000 0.721016000
1520530327.450309992 0.308913000 1.068185000 0.178905000 0.036355000 0.060337000 -0.675121000 0.734336000
1520530327.500299931 0.308748000 1.011310000 0.160433000 0.044500000 0.052706000 -0.656805000 0.750899000
1520530327.549949884 0.309155000 0.953628000 0.136473000 0.049907000 0.048073000 -0.634343000 0.769940000
1520530327.599950075 0.310828000 0.894404000 0.109142000 0.053598000 0.042820000 -0.608914000 0.790264000
1520530327.649940014 0.313539000 0.834457000 0.080695000 0.063050000 0.034364000 -0.581332000 0.810492000
1520530327.699929953 0.317856000 0.775107000 0.053280000 0.079390000 0.020048000 -0.548132000 0.832374000
1520530327.749929905 0.322797000 0.715921000 0.031616000 0.093186000 0.001305000 -0.507426000 0.856641000
1520530327.799930096 0.326488000 0.658851000 0.018147000 0.100768000 -0.015754000 -0.464174000 0.879852000
1520530327.849940062 0.326402000 0.604888000 0.015024000 0.097469000 -0.026659000 -0.425844000 0.899136000
1520530327.899950027 0.321054000 0.554859000 0.021220000 0.082837000 -0.031241000 -0.396659000 0.913687000
1520530327.949949980 0.311018000 0.509116000 0.035420000 0.058899000 -0.034809000 -0.372449000 0.925528000
1520530328.000129938 0.296953000 0.467589000 0.056071000 0.030397000 -0.040398000 -0.346454000 0.936704000
1520530328.050139904 0.280787000 0.431637000 0.079942000 0.001885000 -0.044863000 -0.317801000 0.947093000
1520530328.100140095 0.261041000 0.401172000 0.104883000 -0.022107000 -0.045270000 -0.295696000 0.953953000
1520530328.150140047 0.239083000 0.375717000 0.128936000 -0.041301000 -0.045146000 -0.280936000 0.957774000
1520530328.200150013 0.215635000 0.356142000 0.150702000 -0.053618000 -0.042549000 -0.279680000 0.957650000
1520530328.250159979 0.189910000 0.341672000 0.169055000 -0.058639000 -0.039776000 -0.294775000 0.952936000
1520530328.300159931 0.161560000 0.331617000 0.183558000 -0.058395000 -0.037511000 -0.325833000 0.942876000
1520530328.350169897 0.131388000 0.325413000 0.193985000 -0.055037000 -0.038856000 -0.367189000 0.927703000
1520530328.400209904 0.100430000 0.323327000 0.200419000 -0.049655000 -0.041005000 -0.416135000 0.907020000
1520530328.450220108 0.070455000 0.325460000 0.203450000 -0.044390000 -0.040442000 -0.471583000 0.879775000
1520530328.500220060 0.041300000 0.330229000 0.203820000 -0.044875000 -0.036417000 -0.527015000 0.847889000
1520530328.550230026 0.013131000 0.336422000 0.202463000 -0.050294000 -0.025592000 -0.580465000 0.812327000
1520530328.600229979 -0.013037000 0.343383000 0.199641000 -0.054666000 -0.009411000 -0.631709000 0.773219000
1520530328.650239944 -0.036793000 0.350257000 0.195685000 -0.054119000 0.006729000 -0.679876000 0.731296000
1520530328.700239897 -0.057757000 0.356437000 0.190416000 -0.046872000 0.019988000 -0.723144000 0.688815000
1520530328.750250101 -0.077542000 0.360104000 0.185189000 -0.034281000 0.029785000 -0.758093000 0.650563000
1520530328.799999952 -0.096531000 0.361323000 0.182169000 -0.018414000 0.038071000 -0.781178000 0.622875000
1520530328.850019932 -0.115993000 0.359178000 0.182653000 -0.002919000 0.045911000 -0.791048000 0.610022000
1520530328.900029898 -0.134938000 0.353276000 0.186268000 0.007298000 0.051956000 -0.787792000 0.613703000
1520530328.950040102 -0.153867000 0.342973000 0.191811000 0.011255000 0.053708000 -0.774004000 0.630799000
1520530329.000050068 -0.170747000 0.330698000 0.197709000 0.011881000 0.053354000 -0.751659000 0.657283000
1520530329.050060034 -0.185082000 0.316886000 0.203424000 0.011873000 0.054069000 -0.724978000 0.686544000
1520530329.100059986 -0.196724000 0.301211000 0.208074000 0.010500000 0.053404000 -0.694385000 0.717543000
1520530329.150069952 -0.205941000 0.284719000 0.211106000 0.009843000 0.049982000 -0.662196000 0.747597000
1520530329.200010061 -0.212668000 0.266818000 0.212787000 0.006217000 0.042843000 -0.625991000 0.778628000
1520530329.250070095 -0.217120000 0.248254000 0.213413000 -0.000513000 0.035372000 -0.586303000 0.809319000
1520530329.300029993 -0.219150000 0.229017000 0.212932000 -0.014007000 0.026085000 -0.544052000 0.838529000
1520530329.350029945 -0.219296000 0.210015000 0.211388000 -0.030780000 0.017005000 -0.502690000 0.863751000
1520530329.400039911 -0.217076000 0.191900000 0.209066000 -0.047974000 0.003484000 -0.470614000 0.881027000
1520530329.450040102 -0.215174000 0.175911000 0.206899000 -0.063283000 -0.013601000 -0.453066000 0.889124000
1520530329.500050068 -0.214746000 0.162487000 0.205451000 -0.077905000 -0.035062000 -0.452689000 0.887567000
1520530329.550060034 -0.216159000 0.152907000 0.204585000 -0.092026000 -0.059572000 -0.470118000 0.875769000
1520530329.600110054 -0.218498000 0.147442000 0.204173000 -0.108747000 -0.089341000 -0.498491000 0.855394000
1520530329.650110006 -0.221121000 0.145737000 0.204356000 -0.129871000 -0.121767000 -0.528697000 0.829931000
1520530329.700129986 -0.222934000 0.148834000 0.204765000 -0.153416000 -0.151841000 -0.559815000 0.800009000
1520530329.750129938 -0.223015000 0.157246000 0.204094000 -0.177809000 -0.178666000 -0.590725000 0.766490000
1520530329.800129890 -0.221843000 0.170990000 0.201285000 -0.197922000 -0.199112000 -0.622007000 0.730951000
1520530329.850140095 -0.221029000 0.189237000 0.194735000 -0.209443000 -0.216457000 -0.651835000 0.695982000
1520530329.900140047 -0.218771000 0.211825000 0.183704000 -0.207117000 -0.233315000 -0.681890000 0.661584000
1520530329.950139999 -0.215625000 0.238271000 0.169652000 -0.196783000 -0.252781000 -0.708051000 0.629318000
1520530330.000139952 -0.211366000 0.268038000 0.153931000 -0.179794000 -0.268082000 -0.731055000 0.601136000
1520530330.050189972 -0.205835000 0.302215000 0.138339000 -0.155192000 -0.269786000 -0.755611000 0.576353000
1520530330.100199938 -0.198892000 0.339192000 0.123835000 -0.123059000 -0.258003000 -0.780283000 0.556281000
1520530330.150199890 -0.190026000 0.378500000 0.112205000 -0.087462000 -0.234332000 -0.805885000 0.536646000
1520530330.200200081 -0.180021000 0.418547000 0.104665000 -0.056910000 -0.201866000 -0.829324000 0.517912000
1520530330.250200033 -0.169442000 0.457574000 0.101699000 -0.030512000 -0.160704000 -0.850085000 0.500599000
1520530330.300189972 -0.158580000 0.494110000 0.102867000 -0.000205000 -0.109355000 -0.868676000 0.483160000
1520530330.350179911 -0.148112000 0.526595000 0.107822000 0.035053000 -0.050120000 -0.881050000 0.469053000
1520530330.400180101 -0.139428000 0.553611000 0.116099000 0.074016000 0.011503000 -0.884131000 0.461196000
1520530330.450789928 -0.131707000 0.573786000 0.125056000 0.113753000 0.067901000 -0.876053000 0.463660000
1520530330.500780106 -0.125890000 0.585786000 0.135642000 0.153734000 0.112476000 -0.858383000 0.476334000
1520530330.550790071 -0.121977000 0.589621000 0.144388000 0.191154000 0.143345000 -0.834082000 0.497213000
1520530330.600800037 -0.119689000 0.584707000 0.150855000 0.225046000 0.165842000 -0.802900000 0.526500000
1520530330.650799990 -0.117781000 0.570891000 0.154370000 0.252672000 0.184320000 -0.764761000 0.563314000
1520530330.700799942 -0.115817000 0.549409000 0.154654000 0.275377000 0.201696000 -0.720409000 0.603735000
1520530330.750809908 -0.112504000 0.519853000 0.150587000 0.290313000 0.210264000 -0.674686000 0.645218000
1520530330.800810099 -0.107714000 0.484505000 0.141536000 0.300701000 0.208972000 -0.628956000 0.685802000
1520530330.850379944 -0.100685000 0.445255000 0.129006000 0.306048000 0.199465000 -0.586631000 0.722781000
1520530330.900290012 -0.090194000 0.403807000 0.113576000 0.305310000 0.179594000 -0.545895000 0.759296000
1520530330.950289965 -0.077718000 0.361428000 0.097823000 0.299400000 0.150622000 -0.508467000 0.793180000
1520530331.000299931 -0.065133000 0.318624000 0.083353000 0.289643000 0.119277000 -0.475826000 0.821869000
1520530331.050299883 -0.050820000 0.277119000 0.070144000 0.277577000 0.090678000 -0.449753000 0.844068000
1520530331.100300074 -0.039349000 0.236029000 0.061932000 0.262333000 0.060688000 -0.430977000 0.861253000
1520530331.150300026 -0.028996000 0.196724000 0.059906000 0.242682000 0.026098000 -0.417479000 0.875292000
1520530331.200299978 -0.019893000 0.160922000 0.065707000 0.217845000 -0.012277000 -0.407916000 0.886565000
1520530331.250760078 -0.013140000 0.129443000 0.077213000 0.185650000 -0.049794000 -0.404290000 0.894206000
1520530331.300760031 -0.010598000 0.105095000 0.093163000 0.144954000 -0.084126000 -0.407745000 0.897583000
1520530331.350759983 -0.012791000 0.088871000 0.112512000 0.094623000 -0.113693000 -0.419282000 0.895725000
1520530331.400759935 -0.017006000 0.080140000 0.133583000 0.036915000 -0.141127000 -0.437621000 0.887247000
1520530331.450750113 -0.023479000 0.081428000 0.154344000 -0.024340000 -0.167362000 -0.462172000 0.870514000
1520530331.500740051 -0.031754000 0.089851000 0.172561000 -0.085267000 -0.193081000 -0.490064000 0.845746000
1520530331.550740004 -0.041837000 0.106740000 0.186338000 -0.138090000 -0.216493000 -0.522693000 0.812929000
1520530331.600739956 -0.051884000 0.128885000 0.193727000 -0.178152000 -0.236741000 -0.560643000 0.773237000
1520530331.650470018 -0.062210000 0.155450000 0.193595000 -0.203776000 -0.251978000 -0.600795000 0.730772000
1520530331.700469971 -0.070952000 0.186122000 0.187003000 -0.219851000 -0.263724000 -0.639661000 0.687713000
1520530331.750469923 -0.077678000 0.220931000 0.173945000 -0.226776000 -0.269840000 -0.677522000 0.645540000
1520530331.800470114 -0.080222000 0.258386000 0.155761000 -0.225392000 -0.270127000 -0.713799000 0.605575000
1520530331.850470066 -0.079638000 0.299365000 0.134088000 -0.213208000 -0.261495000 -0.750594000 0.568129000
1520530331.900470018 -0.075734000 0.341762000 0.112082000 -0.192467000 -0.245522000 -0.785472000 0.534518000
1520530331.950479984 -0.068779000 0.383707000 0.091345000 -0.167774000 -0.226368000 -0.815559000 0.505443000
1520530332.000479937 -0.059992000 0.424454000 0.074817000 -0.140160000 -0.205612000 -0.841105000 0.480230000
1520530332.050379992 -0.048792000 0.463257000 0.063833000 -0.109078000 -0.183093000 -0.863217000 0.457641000
1520530332.100379944 -0.036575000 0.499032000 0.058837000 -0.076930000 -0.157611000 -0.882090000 0.437216000
1520530332.150379896 -0.025299000 0.530687000 0.062248000 -0.046162000 -0.128164000 -0.898059000 0.418250000
1520530332.200390100 -0.014389000 0.556199000 0.072369000 -0.015183000 -0.091466000 -0.910853000 0.402181000
1520530332.250390053 -0.005904000 0.574493000 0.088821000 0.017814000 -0.046919000 -0.917620000 0.394278000
1520530332.300400019 0.000966000 0.584178000 0.110267000 0.049943000 0.004247000 -0.916872000 0.396021000
1520530332.350389957 0.004192000 0.583226000 0.135266000 0.075280000 0.054180000 -0.908740000 0.406927000
1520530332.400399923 0.003919000 0.574276000 0.160104000 0.099150000 0.101893000 -0.894618000 0.423611000
1520530332.450400114 0.003335000 0.558194000 0.182262000 0.124357000 0.146989000 -0.875488000 0.443227000
1520530332.500489950 -0.001154000 0.536140000 0.199312000 0.147085000 0.187765000 -0.849963000 0.469759000
1520530332.550489902 -0.008780000 0.506786000 0.211128000 0.167103000 0.225297000 -0.818628000 0.501165000
1520530332.600490093 -0.015666000 0.474986000 0.214666000 0.184040000 0.252979000 -0.782169000 0.538835000
1520530332.650490046 -0.020698000 0.440511000 0.210256000 0.202939000 0.271291000 -0.743383000 0.576714000
1520530332.700489998 -0.026012000 0.404738000 0.198320000 0.222150000 0.281421000 -0.704074000 0.612970000
1520530332.750499964 -0.029344000 0.368497000 0.180315000 0.238166000 0.282518000 -0.667819000 0.646125000
1520530332.800489902 -0.030348000 0.331087000 0.157817000 0.246510000 0.271247000 -0.634967000 0.680056000
1520530332.850490093 -0.030146000 0.292361000 0.132185000 0.249099000 0.251651000 -0.603995000 0.714011000
1520530332.900160074 -0.029253000 0.256034000 0.106237000 0.247641000 0.225917000 -0.574612000 0.746630000
1520530332.950150013 -0.024060000 0.219388000 0.081808000 0.245378000 0.194840000 -0.545828000 0.777109000
1520530333.000149965 -0.016440000 0.184498000 0.060908000 0.242537000 0.157026000 -0.516496000 0.806071000
1520530333.050149918 -0.007706000 0.152065000 0.047611000 0.237991000 0.118790000 -0.485903000 0.832555000
1520530333.100150108 0.004440000 0.123636000 0.042123000 0.229447000 0.086051000 -0.452770000 0.857291000
1520530333.150160074 0.016380000 0.100062000 0.045110000 0.214722000 0.058959000 -0.415510000 0.881913000
1520530333.200160027 0.027144000 0.082091000 0.056716000 0.194010000 0.036889000 -0.379344000 0.903935000
1520530333.250159979 0.036830000 0.069088000 0.074856000 0.166029000 0.014521000 -0.342913000 0.924464000
1520530333.300600052 0.043934000 0.062585000 0.098350000 0.132791000 -0.007023000 -0.307886000 0.942085000
1520530333.350600004 0.050158000 0.061534000 0.122993000 0.097255000 -0.028499000 -0.271743000 0.957019000
1520530333.400599957 0.052962000 0.066080000 0.148846000 0.062667000 -0.047139000 -0.235860000 0.968618000
1520530333.450599909 0.053980000 0.075694000 0.172834000 0.032496000 -0.063699000 -0.202133000 0.976744000
1520530333.500600100 0.052905000 0.086941000 0.192088000 0.009817000 -0.074232000 -0.178987000 0.980998000
1520530333.550590038 0.047296000 0.101705000 0.207277000 -0.005677000 -0.079871000 -0.174243000 0.981442000
1520530333.600589991 0.038245000 0.117614000 0.218456000 -0.014534000 -0.085229000 -0.191625000 0.977653000
1520530333.650589943 0.024010000 0.135843000 0.227146000 -0.018498000 -0.088954000 -0.234729000 0.967805000
1520530333.700500011 0.009693000 0.155905000 0.234791000 -0.023608000 -0.090602000 -0.289439000 0.952607000
1520530333.750499964 -0.006083000 0.179910000 0.242994000 -0.035444000 -0.086824000 -0.350046000 0.932026000
1520530333.800509930 -0.022722000 0.208069000 0.252085000 -0.052707000 -0.070900000 -0.420201000 0.903120000
1520530333.850509882 -0.036327000 0.238808000 0.261936000 -0.076138000 -0.043933000 -0.490067000 0.867241000
1520530333.900510073 -0.048359000 0.268128000 0.271100000 -0.099350000 -0.007882000 -0.557836000 0.823946000
1520530333.950510025 -0.055322000 0.296494000 0.280743000 -0.115202000 0.037076000 -0.622449000 0.773247000
1520530334.000530005 -0.057515000 0.320095000 0.290699000 -0.123143000 0.081956000 -0.675130000 0.722716000
1520530334.050519943 -0.057234000 0.336945000 0.301725000 -0.130020000 0.117431000 -0.708589000 0.683525000
1520530334.100199938 -0.054656000 0.348861000 0.313876000 -0.140509000 0.141464000 -0.723477000 0.660928000
1520530334.150209904 -0.050541000 0.356918000 0.325688000 -0.152041000 0.156201000 -0.726742000 0.651407000
1520530334.200229883 -0.048482000 0.361972000 0.334647000 -0.159658000 0.159007000 -0.723653000 0.652343000
1520530334.250240088 -0.049941000 0.365071000 0.336741000 -0.146608000 0.139718000 -0.720164000 0.663588000
1520530334.300240040 -0.050250000 0.368073000 0.331390000 -0.108816000 0.099653000 -0.718525000 0.679669000
1520530334.350260019 -0.053139000 0.368442000 0.321144000 -0.062717000 0.053336000 -0.714351000 0.694927000
1520530334.400259972 -0.056152000 0.367851000 0.308153000 -0.021703000 0.010719000 -0.707789000 0.706009000
1520530334.450269938 -0.059329000 0.366996000 0.293943000 0.014976000 -0.025409000 -0.700715000 0.712831000
1520530334.500260115 -0.061562000 0.365365000 0.278327000 0.048822000 -0.060219000 -0.692971000 0.716786000
1520530334.550120115 -0.064244000 0.364109000 0.262136000 0.080231000 -0.091865000 -0.685701000 0.717592000
1520530334.600130081 -0.065020000 0.363377000 0.245258000 0.110629000 -0.120879000 -0.678491000 0.716100000
1520530334.650130033 -0.064871000 0.362737000 0.227895000 0.141706000 -0.148761000 -0.670260000 0.713120000
1520530334.700129986 -0.064374000 0.362346000 0.210104000 0.172968000 -0.178208000 -0.660054000 0.708981000
1520530334.750129938 -0.063389000 0.363870000 0.192574000 0.202965000 -0.208755000 -0.648778000 0.703075000
1520530334.800129890 -0.062458000 0.366889000 0.175086000 0.232526000 -0.240523000 -0.636706000 0.694756000
1520530334.850130081 -0.060417000 0.370848000 0.158841000 0.260249000 -0.273087000 -0.624126000 0.684222000
1520530334.900130033 -0.057483000 0.375428000 0.145531000 0.284437000 -0.301117000 -0.613433000 0.672402000
1520530334.950959921 -0.056291000 0.379957000 0.138421000 0.296386000 -0.317167000 -0.608445000 0.664345000
1520530335.000960112 -0.057634000 0.383846000 0.138714000 0.289512000 -0.314698000 -0.612989000 0.664374000
1520530335.050960064 -0.060653000 0.387698000 0.144643000 0.266279000 -0.295225000 -0.625566000 0.671271000
1520530335.100960016 -0.064572000 0.391535000 0.154688000 0.233003000 -0.264681000 -0.642299000 0.680518000
1520530335.150959969 -0.068411000 0.395036000 0.168013000 0.195201000 -0.226587000 -0.660381000 0.688805000
1520530335.200959921 -0.070835000 0.397776000 0.182693000 0.155342000 -0.185067000 -0.677421000 0.694780000
1520530335.250960112 -0.071872000 0.399762000 0.198104000 0.113659000 -0.142612000 -0.691044000 0.699429000
1520530335.300960064 -0.071804000 0.400996000 0.213500000 0.070024000 -0.101253000 -0.700272000 0.703181000
1520530335.351480007 -0.070098000 0.401645000 0.228574000 0.026791000 -0.059987000 -0.705534000 0.705624000
1520530335.401479959 -0.066425000 0.401656000 0.242932000 -0.015250000 -0.019683000 -0.707543000 0.706231000
1520530335.451479912 -0.061930000 0.400722000 0.255884000 -0.053776000 0.016326000 -0.706093000 0.705885000
1520530335.501490116 -0.056139000 0.399257000 0.267123000 -0.084908000 0.047046000 -0.703113000 0.704422000
1520530335.551490068 -0.049354000 0.397298000 0.276995000 -0.111195000 0.072408000 -0.698756000 0.702946000
1520530335.601540089 -0.042162000 0.395074000 0.285796000 -0.134717000 0.095720000 -0.692849000 0.701889000
1520530335.651499987 -0.035469000 0.392711000 0.292988000 -0.155739000 0.115560000 -0.685682000 0.701592000
1520530335.701499939 -0.029980000 0.390132000 0.297821000 -0.171479000 0.129572000 -0.679101000 0.701875000
1520530335.750260115 -0.027359000 0.387086000 0.298629000 -0.175773000 0.131306000 -0.674738000 0.704692000
1520530335.800260067 -0.027071000 0.383342000 0.295274000 -0.163510000 0.120696000 -0.672932000 0.711238000
1520530335.850260019 -0.028160000 0.377433000 0.288092000 -0.139729000 0.099353000 -0.669752000 0.722521000
1520530335.900259972 -0.029779000 0.369729000 0.277748000 -0.108529000 0.071145000 -0.661405000 0.738717000
1520530335.950259924 -0.030408000 0.359899000 0.264880000 -0.069221000 0.039605000 -0.649489000 0.756177000
1520530336.000260115 -0.029473000 0.347652000 0.249739000 -0.021261000 0.008767000 -0.635330000 0.771899000
1520530336.050260067 -0.027041000 0.333651000 0.233965000 0.028262000 -0.018548000 -0.619130000 0.784560000
1520530336.100270033 -0.023623000 0.316523000 0.219149000 0.069865000 -0.037442000 -0.598344000 0.797309000
1520530336.150209904 -0.020300000 0.295801000 0.205658000 0.099335000 -0.044756000 -0.577568000 0.809039000
1520530336.200220108 -0.016787000 0.270626000 0.194058000 0.116280000 -0.043671000 -0.558494000 0.820156000
1520530336.250220060 -0.011783000 0.240799000 0.185096000 0.122482000 -0.041730000 -0.537885000 0.833028000
1520530336.300220013 -0.004193000 0.208150000 0.180624000 0.118925000 -0.040177000 -0.516288000 0.847166000
1520530336.350219965 0.003469000 0.173972000 0.183358000 0.101654000 -0.038101000 -0.495199000 0.861970000
1520530336.400219917 0.011015000 0.140838000 0.194570000 0.068103000 -0.033906000 -0.474970000 0.876707000
1520530336.450220108 0.017596000 0.112143000 0.214490000 0.021709000 -0.027257000 -0.459201000 0.887649000
1520530336.500220060 0.021971000 0.091593000 0.242269000 -0.027642000 -0.021690000 -0.452943000 0.890847000
1520530336.550620079 0.023722000 0.080664000 0.276116000 -0.075914000 -0.024297000 -0.449529000 0.889702000
1520530336.600620031 0.022254000 0.079728000 0.311440000 -0.114813000 -0.027893000 -0.448327000 0.886026000
1520530336.650619984 0.017030000 0.088006000 0.345042000 -0.142757000 -0.028517000 -0.452956000 0.879567000
1520530336.700619936 0.007339000 0.103858000 0.375315000 -0.162012000 -0.029498000 -0.463226000 0.870806000
1520530336.750629902 -0.006674000 0.126931000 0.400200000 -0.175259000 -0.030549000 -0.476847000 0.860795000
1520530336.800630093 -0.024203000 0.157010000 0.418120000 -0.182302000 -0.030430000 -0.495564000 0.848679000
1520530336.850630045 -0.043110000 0.192908000 0.426734000 -0.186597000 -0.028623000 -0.516482000 0.835229000
1520530336.900629997 -0.062355000 0.233373000 0.423093000 -0.187665000 -0.025950000 -0.539667000 0.820285000
1520530336.950629950 -0.080594000 0.276342000 0.405849000 -0.183464000 -0.028763000 -0.561136000 0.806623000
1520530337.000299931 -0.096488000 0.321139000 0.374989000 -0.169355000 -0.036773000 -0.578563000 0.797014000
1520530337.050299883 -0.109429000 0.368067000 0.331669000 -0.145476000 -0.051366000 -0.596382000 0.787735000
1520530337.100300074 -0.118128000 0.416869000 0.279709000 -0.116778000 -0.068590000 -0.613813000 0.777748000
1520530337.150300026 -0.120113000 0.467863000 0.223012000 -0.088621000 -0.086444000 -0.628720000 0.767714000
1520530337.200390100 -0.115029000 0.520867000 0.164522000 -0.059946000 -0.101839000 -0.645051000 0.754947000
1520530337.250299931 -0.101247000 0.574919000 0.107604000 -0.031998000 -0.112128000 -0.663769000 0.738793000
1520530337.300299883 -0.079896000 0.628322000 0.054783000 -0.010921000 -0.118387000 -0.683946000 0.719780000
1520530337.350300074 -0.051668000 0.680877000 0.008107000 0.002332000 -0.122383000 -0.704670000 0.698897000
1520530337.400330067 -0.017780000 0.732108000 -0.031379000 0.012804000 -0.125699000 -0.727027000 0.674884000
1520530337.450330019 0.020701000 0.780942000 -0.062596000 0.023570000 -0.130245000 -0.749210000 0.648973000
1520530337.500329971 0.061687000 0.827475000 -0.082601000 0.033574000 -0.133031000 -0.771647000 0.621077000
1520530337.550329924 0.102526000 0.870909000 -0.088078000 0.035893000 -0.132591000 -0.793646000 0.592669000
1520530337.600330114 0.139418000 0.911027000 -0.078409000 0.032152000 -0.125750000 -0.812736000 0.567991000
1520530337.650330067 0.169820000 0.947507000 -0.054171000 0.031154000 -0.107736000 -0.829612000 0.546961000
1520530337.700330019 0.191580000 0.979092000 -0.017337000 0.033282000 -0.081653000 -0.844861000 0.527670000
1520530337.750339985 0.204624000 1.004089000 0.029989000 0.033013000 -0.055404000 -0.855723000 0.513399000
1520530337.800879955 0.209380000 1.022211000 0.084301000 0.029459000 -0.034428000 -0.861631000 0.505508000
1520530337.850879908 0.205602000 1.033364000 0.142962000 0.024436000 -0.018367000 -0.864061000 0.502459000
1520530337.900890112 0.194752000 1.039027000 0.203331000 0.019074000 -0.001631000 -0.865969000 0.499731000
1520530337.950890064 0.177609000 1.037606000 0.263511000 0.014270000 0.018682000 -0.866369000 0.498850000
1520530338.000890017 0.156537000 1.029902000 0.320419000 0.009161000 0.042212000 -0.863289000 0.502858000
1520530338.050899982 0.132133000 1.015156000 0.373662000 0.002179000 0.067222000 -0.855606000 0.513240000
1520530338.100899935 0.104963000 0.995032000 0.420415000 -0.005106000 0.089361000 -0.842903000 0.530569000
1520530338.150899887 0.076316000 0.970464000 0.458104000 -0.008362000 0.101114000 -0.828755000 0.550338000
1520530338.200510025 0.047401000 0.942220000 0.484043000 -0.003466000 0.101385000 -0.815517000 0.569773000
1520530338.250509977 0.018803000 0.909619000 0.498880000 0.010079000 0.096952000 -0.801107000 0.590531000
1520530338.300509930 -0.008959000 0.873090000 0.502287000 0.025071000 0.091132000 -0.786031000 0.610919000
1520530338.350500107 -0.035018000 0.832901000 0.494512000 0.037250000 0.085539000 -0.771762000 0.629030000
1520530338.400500059 -0.058836000 0.789590000 0.476394000 0.043275000 0.075665000 -0.756102000 0.648623000
1520530338.450500011 -0.079740000 0.743181000 0.448212000 0.045463000 0.057488000 -0.738386000 0.670383000
1520530338.500499964 -0.097008000 0.694823000 0.410870000 0.053459000 0.032766000 -0.722372000 0.688657000
1520530338.550499916 -0.109582000 0.644667000 0.365916000 0.066617000 0.003934000 -0.708405000 0.702644000
1520530338.600280046 -0.116845000 0.593166000 0.315112000 0.081323000 -0.026365000 -0.696185000 0.712754000
1520530338.650279999 -0.118149000 0.540104000 0.259889000 0.096581000 -0.055952000 -0.683120000 0.721726000
1520530338.700289965 -0.113681000 0.486048000 0.203219000 0.110819000 -0.081315000 -0.667975000 0.731380000
1520530338.750289917 -0.102651000 0.432366000 0.145302000 0.126330000 -0.099147000 -0.653562000 0.739640000
1520530338.800290108 -0.086278000 0.378483000 0.088784000 0.140791000 -0.111769000 -0.640360000 0.746743000
1520530338.850290060 -0.064421000 0.324593000 0.033915000 0.153230000 -0.127182000 -0.625574000 0.754322000
1520530338.900290012 -0.036074000 0.271240000 -0.017861000 0.168866000 -0.147701000 -0.607935000 0.761632000
1520530338.950289965 -0.001475000 0.219278000 -0.065451000 0.192413000 -0.166403000 -0.588848000 0.767167000
1520530339.000289917 0.038089000 0.168620000 -0.107391000 0.216761000 -0.182795000 -0.567937000 0.772689000
1520530339.050980091 0.081155000 0.118614000 -0.142462000 0.235687000 -0.197486000 -0.544619000 0.780283000
1520530339.100980043 0.125054000 0.070292000 -0.168995000 0.247253000 -0.210017000 -0.516897000 0.792197000
1520530339.150979996 0.169815000 0.023556000 -0.188052000 0.256505000 -0.216230000 -0.485097000 0.807546000
1520530339.200979948 0.212831000 -0.021957000 -0.197203000 0.263385000 -0.216561000 -0.452712000 0.823882000
1520530339.250979900 0.252868000 -0.065715000 -0.196313000 0.263824000 -0.216462000 -0.419840000 0.840997000
1520530339.300990105 0.287111000 -0.107365000 -0.185364000 0.257418000 -0.216735000 -0.389878000 0.857180000
1520530339.350990057 0.313544000 -0.146692000 -0.164565000 0.243421000 -0.217536000 -0.364413000 0.872140000
1520530339.400990009 0.331532000 -0.183408000 -0.134479000 0.220558000 -0.218690000 -0.342667000 0.886627000
1520530339.451709986 0.341064000 -0.217140000 -0.095287000 0.188063000 -0.218191000 -0.323751000 0.901227000
1520530339.501709938 0.343396000 -0.246196000 -0.050987000 0.148773000 -0.214371000 -0.310170000 0.914170000
1520530339.551709890 0.339186000 -0.270279000 -0.003396000 0.104950000 -0.208317000 -0.303760000 0.923753000
1520530339.601710081 0.328949000 -0.288713000 0.045262000 0.061550000 -0.200688000 -0.305673000 0.928709000
1520530339.651710033 0.312475000 -0.301336000 0.093472000 0.020291000 -0.193524000 -0.313560000 0.929417000
1520530339.701709986 0.290273000 -0.307768000 0.140160000 -0.017917000 -0.186425000 -0.323121000 0.927641000
1520530339.751709938 0.261787000 -0.308789000 0.183330000 -0.051287000 -0.176195000 -0.338346000 0.922955000
1520530339.801709890 0.229177000 -0.305481000 0.222596000 -0.082365000 -0.164752000 -0.357480000 0.915577000
1520530339.851069927 0.194135000 -0.299334000 0.258237000 -0.110081000 -0.154941000 -0.374951000 0.907352000
1520530339.901070118 0.157008000 -0.290772000 0.293181000 -0.136407000 -0.152286000 -0.391145000 0.897334000
1520530339.951070070 0.118768000 -0.279186000 0.326322000 -0.157480000 -0.145496000 -0.408455000 0.887240000
1520530340.001070023 0.081998000 -0.263699000 0.355301000 -0.172492000 -0.128081000 -0.430956000 0.876424000
1520530340.051069975 0.046759000 -0.243180000 0.377419000 -0.186895000 -0.101645000 -0.453724000 0.865375000
1520530340.101069927 0.013961000 -0.218847000 0.390506000 -0.203134000 -0.077243000 -0.475249000 0.852589000
1520530340.151070118 -0.017079000 -0.191734000 0.392411000 -0.214677000 -0.061541000 -0.494808000 0.839817000
1520530340.201070070 -0.044218000 -0.159779000 0.383152000 -0.214019000 -0.053996000 -0.516619000 0.827276000
1520530340.250400066 -0.068722000 -0.125159000 0.363430000 -0.203071000 -0.054158000 -0.538672000 0.815881000
1520530340.300400019 -0.092204000 -0.089391000 0.333858000 -0.185986000 -0.057128000 -0.561754000 0.804101000
1520530340.350409985 -0.110803000 -0.049994000 0.297182000 -0.168864000 -0.062127000 -0.582254000 0.792846000
1520530340.400409937 -0.125378000 -0.008880000 0.254257000 -0.149469000 -0.064990000 -0.602039000 0.781655000
1520530340.450409889 -0.134989000 0.033384000 0.207449000 -0.129887000 -0.068529000 -0.620342000 0.770460000
1520530340.500410080 -0.138747000 0.076151000 0.158755000 -0.108372000 -0.072506000 -0.638550000 0.758454000
1520530340.550410032 -0.136624000 0.119412000 0.109849000 -0.085801000 -0.078454000 -0.658952000 0.743145000
1520530340.600409985 -0.129372000 0.162682000 0.062406000 -0.062738000 -0.083624000 -0.677749000 0.727823000
1520530340.650350094 -0.118791000 0.205090000 0.018375000 -0.040603000 -0.086861000 -0.694826000 0.712758000
1520530340.700350046 -0.105179000 0.246810000 -0.021401000 -0.022116000 -0.090563000 -0.709097000 0.698921000
1520530340.750360012 -0.088093000 0.288000000 -0.055551000 -0.005285000 -0.091488000 -0.722506000 0.685264000
1520530340.800359964 -0.068791000 0.327783000 -0.082590000 0.005163000 -0.092713000 -0.733222000 0.673619000
1520530340.850359917 -0.048650000 0.365632000 -0.102164000 0.011699000 -0.094316000 -0.742529000 0.663038000
1520530340.900360107 -0.029331000 0.400553000 -0.113854000 0.018898000 -0.094065000 -0.751395000 0.652841000
1520530340.950360060 -0.011733000 0.431570000 -0.117842000 0.026247000 -0.090999000 -0.759654000 0.643394000
1520530341.000360012 0.002631000 0.458543000 -0.114315000 0.032612000 -0.085409000 -0.766394000 0.635832000
1520530341.050780058 0.013563000 0.479499000 -0.103547000 0.038715000 -0.077153000 -0.769878000 0.632326000
1520530341.100780010 0.021435000 0.492893000 -0.086806000 0.042402000 -0.067620000 -0.769943000 0.633101000
1520530341.150779963 0.026563000 0.498849000 -0.065567000 0.041570000 -0.057540000 -0.766903000 0.637826000
1520530341.200779915 0.029233000 0.498467000 -0.044027000 0.036133000 -0.047760000 -0.761359000 0.645558000
1520530341.250790119 0.029763000 0.492491000 -0.024116000 0.025761000 -0.039641000 -0.752401000 0.657006000
1520530341.300790071 0.028639000 0.482424000 -0.006698000 0.011732000 -0.036463000 -0.739758000 0.671782000
1520530341.350790024 0.026676000 0.469159000 0.008628000 -0.001012000 -0.038531000 -0.726640000 0.685937000
1520530341.400789976 0.024981000 0.453559000 0.021840000 -0.008131000 -0.041399000 -0.713777000 0.699101000
1520530341.450799942 0.023639000 0.436765000 0.033203000 -0.011145000 -0.043172000 -0.701527000 0.711246000
1520530341.500720024 0.021765000 0.420020000 0.042937000 -0.013307000 -0.043843000 -0.691163000 0.721245000
1520530341.550719976 0.019348000 0.404347000 0.050879000 -0.016610000 -0.042549000 -0.681441000 0.730447000
1520530341.600729942 0.015393000 0.390079000 0.056514000 -0.021619000 -0.037857000 -0.674189000 0.737271000
1520530341.650729895 0.011030000 0.376819000 0.060361000 -0.030579000 -0.032561000 -0.666080000 0.744541000
1520530341.700730085 0.006728000 0.365279000 0.062595000 -0.037513000 -0.025436000 -0.659012000 0.750766000
1520530341.750730038 0.002583000 0.354495000 0.062979000 -0.040599000 -0.024395000 -0.650333000 0.758171000
1520530341.800729990 -0.002260000 0.344898000 0.061257000 -0.036608000 -0.028919000 -0.643396000 0.764111000
1520530341.850739956 -0.008819000 0.335960000 0.057338000 -0.024330000 -0.035197000 -0.640524000 0.766745000
1520530341.900559902 -0.017441000 0.326878000 0.052495000 -0.006201000 -0.042606000 -0.639442000 0.767633000
1520530341.950589895 -0.027883000 0.316939000 0.047405000 0.010682000 -0.052599000 -0.638975000 0.767353000
1520530342.000560045 -0.041283000 0.306388000 0.042669000 0.021469000 -0.060889000 -0.641270000 0.764594000
1520530342.050559998 -0.058278000 0.295342000 0.038539000 0.027982000 -0.059647000 -0.649241000 0.757724000
1520530342.100559950 -0.077859000 0.283645000 0.035704000 0.028706000 -0.053066000 -0.661198000 0.747782000
1520530342.150559902 -0.099175000 0.271479000 0.033889000 0.022311000 -0.047021000 -0.675602000 0.735427000
1520530342.200570107 -0.122178000 0.258906000 0.033790000 0.008384000 -0.041373000 -0.689964000 0.722611000
1520530342.250570059 -0.146180000 0.246938000 0.037045000 -0.007495000 -0.030608000 -0.704764000 0.708742000
1520530342.300689936 -0.169630000 0.236435000 0.042900000 -0.020292000 -0.020470000 -0.722058000 0.691232000
1520530342.350689888 -0.191830000 0.227181000 0.049848000 -0.030931000 -0.016463000 -0.739183000 0.672592000
1520530342.400690079 -0.213613000 0.220896000 0.056949000 -0.037812000 -0.015768000 -0.756111000 0.653160000
1520530342.450700045 -0.233788000 0.216819000 0.062013000 -0.043179000 -0.018487000 -0.772787000 0.632925000
1520530342.500699997 -0.254348000 0.215164000 0.064411000 -0.048791000 -0.026053000 -0.785772000 0.616038000
1520530342.550699949 -0.275738000 0.215288000 0.064562000 -0.051238000 -0.034698000 -0.794698000 0.603842000
1520530342.600699902 -0.298189000 0.217419000 0.062732000 -0.048516000 -0.043485000 -0.800043000 0.596395000
1520530342.650710106 -0.322158000 0.222009000 0.058842000 -0.039083000 -0.051804000 -0.804929000 0.589812000
1520530342.700670004 -0.348502000 0.228638000 0.052554000 -0.026084000 -0.061885000 -0.809739000 0.582934000
1520530342.750669956 -0.378189000 0.236861000 0.044083000 -0.014831000 -0.074551000 -0.816083000 0.572914000
1520530342.800669909 -0.410534000 0.246563000 0.035066000 -0.009909000 -0.088564000 -0.821581000 0.563084000
1520530342.850670099 -0.444890000 0.258402000 0.026722000 -0.011598000 -0.099341000 -0.827123000 0.553051000
1520530342.900670052 -0.480709000 0.273057000 0.019992000 -0.019249000 -0.104603000 -0.832506000 0.543711000
1520530342.950680017 -0.517314000 0.290330000 0.015772000 -0.027268000 -0.105280000 -0.838134000 0.534513000
1520530343.000679970 -0.554900000 0.310822000 0.015198000 -0.029738000 -0.107663000 -0.844966000 0.523027000
1520530343.050679922 -0.588882000 0.334533000 0.017451000 -0.026451000 -0.112582000 -0.853002000 0.508934000
1520530343.101160049 -0.619125000 0.359949000 0.022538000 -0.028959000 -0.116973000 -0.860970000 0.494175000
1520530343.151160002 -0.647957000 0.387437000 0.029122000 -0.038829000 -0.112003000 -0.870439000 0.477790000
1520530343.201159954 -0.676335000 0.417256000 0.035291000 -0.048286000 -0.098723000 -0.881945000 0.458362000
1520530343.251159906 -0.704276000 0.448828000 0.038519000 -0.053182000 -0.086220000 -0.895055000 0.434297000
1520530343.301160097 -0.732541000 0.482414000 0.037199000 -0.058895000 -0.079572000 -0.907118000 0.409068000
1520530343.351160049 -0.760925000 0.517852000 0.032044000 -0.062256000 -0.074900000 -0.919243000 0.381452000
1520530343.401160002 -0.788895000 0.554869000 0.025132000 -0.060508000 -0.068116000 -0.931350000 0.352542000
1520530343.451169968 -0.816974000 0.592337000 0.018607000 -0.059803000 -0.060310000 -0.941419000 0.326369000
1520530343.501430035 -0.844122000 0.630857000 0.014095000 -0.055973000 -0.051124000 -0.950449000 0.301497000
1520530343.551500082 -0.869506000 0.669751000 0.013425000 -0.055012000 -0.044338000 -0.957440000 0.279849000
1520530343.601429939 -0.892298000 0.710277000 0.016373000 -0.058971000 -0.040189000 -0.962582000 0.261425000
1520530343.651429892 -0.911185000 0.753627000 0.021736000 -0.057951000 -0.039083000 -0.968948000 0.237178000
1520530343.701430082 -0.923498000 0.799684000 0.028191000 -0.055033000 -0.041429000 -0.977273000 0.200480000
1520530343.751430035 -0.929216000 0.847707000 0.035302000 -0.056259000 -0.043369000 -0.984570000 0.159926000
1520530343.801440001 -0.930141000 0.895845000 0.041035000 -0.063166000 -0.044160000 -0.989449000 0.122679000
1520530343.851439953 -0.928164000 0.943936000 0.042704000 -0.072417000 -0.044050000 -0.992640000 0.086497000
1520530343.901439905 -0.924153000 0.993008000 0.038391000 -0.082558000 -0.044678000 -0.994208000 0.052330000
1520530343.951420069 -0.919428000 1.043848000 0.028350000 -0.091041000 -0.046455000 -0.994521000 0.021956000
1520530344.001420021 -0.914945000 1.096145000 0.014757000 -0.101441000 -0.048639000 -0.993652000 0.000743000
1520530344.051429987 -0.909302000 1.148654000 0.002025000 0.110506000 0.051257000 0.992458000 0.013693000
1520530344.101429939 -0.901722000 1.200626000 -0.006039000 0.116111000 0.055278000 0.991333000 0.026875000
1520530344.151429892 -0.892152000 1.251418000 -0.006938000 0.119063000 0.063634000 0.989945000 0.042244000
1520530344.201430082 -0.880398000 1.299724000 -0.000624000 0.119084000 0.074701000 0.988411000 0.057288000
1520530344.251440048 -0.866927000 1.346924000 0.008888000 0.123379000 0.080309000 0.986272000 0.074805000
1520530344.301440001 -0.852231000 1.394989000 0.016989000 0.132288000 0.077213000 0.983747000 0.093699000
1520530344.351429939 -0.835310000 1.442617000 0.023610000 0.138587000 0.067743000 0.981524000 0.113201000
1520530344.401429892 -0.816668000 1.489899000 0.025952000 0.139305000 0.058053000 0.978914000 0.137660000
1520530344.451440096 -0.795924000 1.536768000 0.023049000 0.136514000 0.052488000 0.975302000 0.165513000
1520530344.501440048 -0.774144000 1.583885000 0.015809000 0.132416000 0.050808000 0.970508000 0.194935000
1520530344.551440001 -0.751819000 1.631480000 0.006440000 0.130673000 0.050479000 0.964550000 0.223652000
1520530344.601439953 -0.728393000 1.678159000 -0.002380000 0.132564000 0.049565000 0.957084000 0.252903000
1520530344.651439905 -0.703776000 1.723231000 -0.007714000 0.135272000 0.048564000 0.948423000 0.282556000
1520530344.701440096 -0.678167000 1.765179000 -0.007424000 0.140318000 0.047893000 0.939778000 0.307953000
1520530344.751660109 -0.650909000 1.804907000 -0.003089000 0.141733000 0.050763000 0.930160000 0.334870000
1520530344.801660061 -0.618515000 1.838819000 0.002979000 0.138836000 0.054075000 0.915948000 0.372612000
1520530344.851660013 -0.581656000 1.868781000 0.009296000 0.136557000 0.052235000 0.898947000 0.412939000
1520530344.901659966 -0.543677000 1.894391000 0.014401000 0.137801000 0.046884000 0.882976000 0.446279000
1520530344.951669931 -0.506160000 1.918261000 0.015521000 0.141862000 0.042108000 0.866758000 0.476269000
1520530345.001669884 -0.466659000 1.941161000 0.011931000 0.144515000 0.037841000 0.851102000 0.503299000
1520530345.051670074 -0.425388000 1.965301000 0.003646000 0.147815000 0.032147000 0.837895000 0.524452000
1520530345.101670027 -0.382268000 1.991193000 -0.006353000 0.153842000 0.025689000 0.828276000 0.538175000
1520530345.151870012 -0.337183000 2.017958000 -0.016301000 0.160348000 0.020744000 0.821072000 0.547447000
1520530345.201770067 -0.290250000 2.041145000 -0.023051000 0.164437000 0.019272000 0.813811000 0.557046000
1520530345.251770020 -0.241690000 2.061662000 -0.024021000 0.170723000 0.021197000 0.806146000 0.566157000
1520530345.301769972 -0.194670000 2.079453000 -0.019180000 0.180575000 0.023955000 0.799685000 0.572122000
1520530345.351779938 -0.147798000 2.094661000 -0.013028000 0.189127000 0.024907000 0.791946000 0.580027000
1520530345.401779890 -0.098633000 2.107706000 -0.009193000 0.195054000 0.021456000 0.783690000 0.589342000
1520530345.451780081 -0.047607000 2.118630000 -0.009541000 0.196354000 0.019959000 0.773999000 0.601642000
1520530345.501780033 0.005260000 2.126672000 -0.015223000 0.195546000 0.026241000 0.760745000 0.618336000
1520530345.551219940 0.061047000 2.133653000 -0.024945000 0.195558000 0.034653000 0.746919000 0.634561000
1520530345.601219893 0.119244000 2.137228000 -0.036638000 0.197862000 0.039566000 0.735570000 0.646701000
1520530345.651220083 0.179746000 2.139438000 -0.047354000 0.201003000 0.040330000 0.725376000 0.657115000
1520530345.701220036 0.241305000 2.137785000 -0.054732000 0.198992000 0.041044000 0.711857000 0.672293000
1520530345.751219988 0.302003000 2.131673000 -0.057291000 0.195592000 0.040071000 0.693548000 0.692192000
1520530345.801219940 0.362100000 2.121377000 -0.054560000 0.195086000 0.037032000 0.672206000 0.713239000
1520530345.851219893 0.419487000 2.104893000 -0.046714000 0.191918000 0.034649000 0.643495000 0.740190000
1520530345.901230097 0.474970000 2.080425000 -0.035673000 0.181109000 0.029210000 0.609401000 0.771347000
1520530345.951179981 0.529409000 2.051687000 -0.023810000 0.166304000 0.018311000 0.577316000 0.799196000
1520530346.001490116 0.581819000 2.021314000 -0.013295000 0.155214000 0.002792000 0.548362000 0.821705000
1520530346.051490068 0.632144000 1.990046000 -0.007779000 0.148281000 -0.012037000 0.520857000 0.840581000
1520530346.101500034 0.680400000 1.956017000 -0.009001000 0.143062000 -0.023239000 0.495087000 0.856669000
1520530346.151489973 0.729909000 1.922194000 -0.016002000 0.138625000 -0.030992000 0.472339000 0.869896000
1520530346.201499939 0.778858000 1.887874000 -0.025773000 0.135035000 -0.034761000 0.453475000 0.880294000
1520530346.251499891 0.825959000 1.853010000 -0.033567000 0.132441000 -0.037607000 0.439888000 0.887437000
1520530346.301500082 0.874024000 1.817872000 -0.036379000 0.128759000 -0.040011000 0.429369000 0.893007000
1520530346.351500034 0.917907000 1.780409000 -0.033157000 0.124846000 -0.038902000 0.418269000 0.898861000
1520530346.401390076 0.958999000 1.741582000 -0.026965000 0.122561000 -0.037561000 0.405384000 0.905114000
1520530346.451390028 0.998734000 1.700710000 -0.020197000 0.121425000 -0.038523000 0.391925000 0.911135000
1520530346.501399994 1.036368000 1.657935000 -0.014426000 0.120059000 -0.037849000 0.375798000 0.918112000
1520530346.551399946 1.073557000 1.612860000 -0.011813000 0.117449000 -0.039691000 0.358920000 0.925098000
1520530346.601399899 1.111469000 1.564065000 -0.012772000 0.110559000 -0.041390000 0.342454000 0.932088000
1520530346.651400089 1.148893000 1.512002000 -0.016138000 0.099554000 -0.043693000 0.326667000 0.938866000
1520530346.701400042 1.184900000 1.457821000 -0.020456000 0.087185000 -0.048865000 0.311743000 0.944895000
1520530346.751399994 1.218023000 1.401190000 -0.023852000 0.073801000 -0.050368000 0.292005000 0.952234000
1520530346.801559925 1.247554000 1.342604000 -0.024786000 0.061106000 -0.045856000 0.266113000 0.960909000
1520530346.851560116 1.273133000 1.283316000 -0.022075000 0.054219000 -0.039946000 0.241123000 0.968155000
1520530346.901570082 1.292451000 1.224619000 -0.016811000 0.055275000 -0.030173000 0.213858000 0.974833000
1520530346.951570034 1.306051000 1.164308000 -0.010931000 0.060547000 -0.019548000 0.181248000 0.981377000
1520530347.001569986 1.315745000 1.102522000 -0.005764000 0.066118000 -0.014640000 0.149889000 0.986381000
1520530347.051579952 1.323112000 1.041054000 -0.002867000 0.071639000 -0.020510000 0.121454000 0.989796000
1520530347.101579905 1.330429000 0.978841000 -0.004256000 0.077179000 -0.031350000 0.097215000 0.991771000
1520530347.151580095 1.338323000 0.916690000 -0.011331000 0.084203000 -0.036228000 0.080627000 0.992520000
1520530347.201420069 1.345901000 0.854086000 -0.021224000 0.088598000 -0.039077000 0.067720000 0.992994000
1520530347.251430035 1.353476000 0.791947000 -0.031298000 0.089038000 -0.044172000 0.062188000 0.993103000
1520530347.301429987 1.362302000 0.730026000 -0.037835000 0.086015000 -0.046598000 0.060191000 0.993382000
1520530347.351429939 1.369866000 0.668001000 -0.037376000 0.080393000 -0.043659000 0.057374000 0.994152000
1520530347.401429892 1.376984000 0.606367000 -0.030707000 0.075769000 -0.038552000 0.053156000 0.994961000
1520530347.451430082 1.382508000 0.546455000 -0.019741000 0.073020000 -0.040436000 0.050618000 0.995224000
1520530347.501430035 1.386662000 0.486305000 -0.008423000 0.070499000 -0.047424000 0.048640000 0.995196000
1520530347.551440001 1.391066000 0.425902000 0.001323000 0.069298000 -0.054902000 0.045892000 0.995026000
1520530347.601239920 1.394322000 0.366467000 0.007613000 0.068674000 -0.060636000 0.040727000 0.994962000
1520530347.651249886 1.395362000 0.305823000 0.008537000 0.064418000 -0.065516000 0.034314000 0.995179000
1520530347.701250076 1.393473000 0.243164000 0.004897000 0.055731000 -0.068343000 0.025345000 0.995782000
1520530347.751250029 1.388127000 0.178965000 -0.001698000 0.045668000 -0.069323000 0.014332000 0.996445000
1520530347.801249981 1.379618000 0.113814000 -0.009333000 0.040307000 -0.071831000 0.001665000 0.996601000
1520530347.851249933 1.366744000 0.047971000 -0.015302000 0.041807000 -0.072671000 -0.017466000 0.996326000
1520530347.901249886 1.349838000 -0.017190000 -0.015526000 0.047823000 -0.076395000 -0.037609000 0.995220000
1520530347.951260090 1.329387000 -0.078953000 -0.009379000 0.056009000 -0.082267000 -0.055715000 0.993474000
1520530348.001189947 1.304304000 -0.138872000 0.000276000 0.060823000 -0.088317000 -0.079065000 0.991085000
1520530348.051189899 1.273616000 -0.198478000 0.011142000 0.059366000 -0.089761000 -0.107210000 0.988395000
1520530348.101190090 1.239520000 -0.255056000 0.019974000 0.056554000 -0.089415000 -0.134179000 0.985293000
1520530348.151190042 1.204753000 -0.309679000 0.022768000 0.054444000 -0.095836000 -0.157726000 0.981312000
1520530348.201200008 1.168865000 -0.365010000 0.018369000 0.051908000 -0.103128000 -0.180683000 0.976741000
1520530348.251199961 1.132533000 -0.421077000 0.009192000 0.047598000 -0.111037000 -0.201055000 0.972102000
1520530348.301209927 1.095736000 -0.476652000 -0.001353000 0.040768000 -0.118052000 -0.217411000 0.968057000
1520530348.351200104 1.057906000 -0.529809000 -0.009574000 0.031969000 -0.120981000 -0.232183000 0.964589000
1520530348.401200056 1.017583000 -0.578840000 -0.013014000 0.023471000 -0.117532000 -0.247232000 0.961515000
1520530348.451440096 0.975524000 -0.627609000 -0.010304000 0.019939000 -0.108363000 -0.266041000 0.957644000
1520530348.501440048 0.932259000 -0.671601000 -0.003284000 0.019049000 -0.104106000 -0.281977000 0.953566000
1520530348.551440001 0.887302000 -0.714131000 0.004270000 0.016342000 -0.108398000 -0.294554000 0.949327000
1520530348.601449966 0.840297000 -0.754746000 0.009910000 0.014957000 -0.111191000 -0.310474000 0.943938000
1520530348.651449919 0.792064000 -0.792414000 0.012936000 0.015053000 -0.109158000 -0.330833000 0.937234000
1520530348.701450109 0.742106000 -0.829485000 0.012725000 0.011116000 -0.107687000 -0.350722000 0.930201000
1520530348.751450062 0.688879000 -0.864064000 0.009341000 0.003408000 -0.106257000 -0.370757000 0.922625000
1520530348.801450014 0.633763000 -0.897802000 0.003974000 -0.006120000 -0.107833000 -0.389951000 0.914480000
1520530348.851340055 0.576339000 -0.928507000 -0.000446000 -0.015078000 -0.111419000 -0.410956000 0.904695000
1520530348.901340008 0.516812000 -0.954337000 -0.001402000 -0.020873000 -0.111648000 -0.437317000 0.892106000
1520530348.951339960 0.455815000 -0.975535000 0.002204000 -0.023403000 -0.111704000 -0.464081000 0.878410000
1520530349.001349926 0.393863000 -0.991186000 0.009320000 -0.019851000 -0.109932000 -0.494533000 0.861950000
1520530349.051350117 0.331156000 -0.999442000 0.018361000 -0.015751000 -0.106969000 -0.530572000 0.840716000
1520530349.101350069 0.267262000 -1.001712000 0.027872000 -0.019032000 -0.107055000 -0.566829000 0.816628000
1520530349.151350021 0.203390000 -0.998590000 0.035443000 -0.027762000 -0.107225000 -0.600782000 0.791702000
1520530349.201349974 0.140277000 -0.991829000 0.038820000 -0.040025000 -0.108345000 -0.631718000 0.766546000
1520530349.251130104 0.077783000 -0.982372000 0.037506000 -0.051530000 -0.107528000 -0.660137000 0.741621000
1520530349.301140070 0.015719000 -0.970722000 0.031901000 -0.062734000 -0.106980000 -0.685259000 0.717662000
1520530349.351140022 -0.044816000 -0.957133000 0.023341000 -0.076268000 -0.110034000 -0.702609000 0.698868000
1520530349.401139975 -0.103523000 -0.942590000 0.015530000 -0.089965000 -0.112895000 -0.713133000 0.686004000
1520530349.451139927 -0.160809000 -0.926053000 0.011969000 -0.094571000 -0.106977000 -0.724950000 0.673839000
1520530349.501140118 -0.215306000 -0.906850000 0.013931000 -0.092660000 -0.098458000 -0.737938000 0.661186000
1520530349.551150084 -0.266298000 -0.885906000 0.019089000 -0.088712000 -0.092634000 -0.749395000 0.649582000
1520530349.601150036 -0.316982000 -0.862512000 0.023923000 -0.086863000 -0.090809000 -0.762511000 0.634655000
1520530349.650969982 -0.366908000 -0.836429000 0.027079000 -0.089720000 -0.093796000 -0.775234000 0.618195000
1520530349.700969934 -0.416252000 -0.808123000 0.027031000 -0.091992000 -0.098117000 -0.787759000 0.601121000
1520530349.750969887 -0.465509000 -0.776074000 0.022795000 -0.092493000 -0.101649000 -0.802181000 0.581049000
1520530349.800970078 -0.515868000 -0.740390000 0.014992000 -0.093159000 -0.103216000 -0.817653000 0.558670000
1520530349.850970030 -0.566031000 -0.701565000 0.005418000 -0.097286000 -0.104018000 -0.831556000 0.536871000
1520530349.901020050 -0.615922000 -0.659942000 -0.004143000 -0.105303000 -0.106628000 -0.842459000 0.517498000
1520530349.950979948 -0.663865000 -0.614828000 -0.012223000 -0.109383000 -0.112621000 -0.854424000 0.495289000
1520530350.000979900 -0.707714000 -0.567105000 -0.015920000 -0.105640000 -0.122447000 -0.867426000 0.470552000
1520530350.051409960 -0.746458000 -0.517343000 -0.013458000 -0.094869000 -0.132406000 -0.882647000 0.440912000
1520530350.101409912 -0.778734000 -0.465011000 -0.006490000 -0.084565000 -0.135192000 -0.900457000 0.404659000
1520530350.151410103 -0.806636000 -0.407640000 0.001898000 -0.084616000 -0.129457000 -0.918386000 0.364209000
1520530350.201410055 -0.830709000 -0.346950000 0.009315000 -0.092551000 -0.118650000 -0.934126000 0.323675000
1520530350.251420021 -0.851568000 -0.285669000 0.013022000 -0.105256000 -0.109800000 -0.946269000 0.285377000
1520530350.301419973 -0.870226000 -0.223924000 0.012091000 -0.115330000 -0.103359000 -0.955647000 0.250508000
1520530350.351419926 -0.887437000 -0.161497000 0.006872000 -0.122480000 -0.098575000 -0.962870000 0.219463000
1520530350.401420116 -0.903364000 -0.098613000 -0.000460000 -0.128009000 -0.093465000 -0.968225000 0.193439000
1520530350.451550007 -0.915843000 -0.036210000 -0.006123000 -0.130555000 -0.085768000 -0.972638000 0.171971000
1520530350.501549959 -0.926483000 0.025809000 -0.007962000 -0.129309000 -0.076648000 -0.976756000 0.152814000
1520530350.551549911 -0.934770000 0.087367000 -0.003904000 -0.124653000 -0.070023000 -0.980288000 0.136361000
1520530350.601550102 -0.941904000 0.146352000 0.004164000 -0.119776000 -0.068431000 -0.982658000 0.123911000
1520530350.651550055 -0.949153000 0.204850000 0.012766000 -0.121887000 -0.070268000 -0.983315000 0.115312000
1520530350.701550007 -0.955844000 0.263650000 0.019643000 -0.123271000 -0.072362000 -0.984128000 0.105171000
1520530350.751559973 -0.960721000 0.322175000 0.022398000 -0.121666000 -0.072239000 -0.985838000 0.090009000
1520530350.801559925 -0.967185000 0.383140000 0.021585000 -0.120883000 -0.067046000 -0.987579000 0.074696000
1520530350.851560116 -0.971577000 0.446491000 0.017323000 -0.120778000 -0.055780000 -0.989296000 0.059964000
1520530350.901599884 -0.975188000 0.511032000 0.012516000 -0.123484000 -0.040975000 -0.990356000 0.047627000
1520530350.951600075 -0.976771000 0.576505000 0.008570000 -0.126859000 -0.026513000 -0.990909000 0.036097000
1520530351.001610041 -0.975328000 0.642909000 0.007346000 -0.123776000 -0.014521000 -0.992039000 0.018111000
1520530351.051609993 -0.970211000 0.708648000 0.011012000 0.120419000 0.007771000 0.992679000 0.005245000
1520530351.101609945 -0.959984000 0.771395000 0.019732000 0.117136000 0.005164000 0.992559000 0.032846000
1520530351.151609898 -0.943650000 0.830722000 0.031332000 0.114310000 0.001359000 0.991122000 0.067891000
1520530351.201610088 -0.921525000 0.888465000 0.043418000 0.115800000 -0.007168000 0.987779000 0.104075000
1520530351.251610041 -0.896125000 0.944248000 0.052666000 0.119704000 -0.014034000 0.983033000 0.138272000
1520530351.301719904 -0.870259000 0.998048000 0.056545000 0.125679000 -0.014143000 0.977518000 0.168712000
1520530351.351710081 -0.845250000 1.052312000 0.054581000 0.129882000 -0.009290000 0.972142000 0.194896000
1520530351.401720047 -0.820872000 1.106215000 0.047993000 0.133686000 -0.004905000 0.967530000 0.214453000
1520530351.451709986 -0.797784000 1.162100000 0.039149000 0.137786000 -0.005260000 0.963807000 0.228172000
1520530351.501790047 -0.775415000 1.219446000 0.031005000 0.137672000 -0.010106000 0.961558000 0.237382000
1520530351.551719904 -0.752818000 1.274308000 0.025486000 0.131100000 -0.014763000 0.960582000 0.244696000
1520530351.601720095 -0.730763000 1.329392000 0.025712000 0.124291000 -0.013864000 0.959424000 0.252716000
1520530351.651720047 -0.709943000 1.383231000 0.029218000 0.121996000 -0.006243000 0.958511000 0.257556000
1520530351.701719999 -0.689362000 1.435852000 0.032202000 0.130646000 0.003647000 0.956977000 0.259063000
1520530351.751729965 -0.667778000 1.488591000 0.032591000 0.141225000 0.012900000 0.954680000 0.261679000
1520530351.801729918 -0.645171000 1.541094000 0.030755000 0.143842000 0.021299000 0.951857000 0.269859000
1520530351.851730108 -0.620492000 1.594292000 0.025915000 0.139519000 0.026478000 0.948227000 0.284075000
1520530351.901730061 -0.591865000 1.644673000 0.018532000 0.133726000 0.024627000 0.943731000 0.301466000
1520530351.951730013 -0.559690000 1.693599000 0.010089000 0.129934000 0.015569000 0.938605000 0.319211000
1520530352.001729965 -0.524426000 1.742001000 0.002294000 0.128159000 0.003858000 0.933377000 0.335212000
1520530352.051729918 -0.486149000 1.788005000 -0.002918000 0.121729000 -0.002393000 0.925971000 0.357427000
1520530352.101830006 -0.446123000 1.830781000 -0.003386000 0.114156000 -0.001661000 0.916245000 0.384005000
1520530352.151829958 -0.405602000 1.869390000 0.001300000 0.110977000 0.002673000 0.905457000 0.409665000
1520530352.201829910 -0.363079000 1.902343000 0.008743000 0.112803000 0.005977000 0.891532000 0.438646000
1520530352.251840115 -0.317809000 1.930634000 0.016879000 0.117860000 0.004143000 0.876162000 0.467366000
1520530352.301840067 -0.270677000 1.955217000 0.022736000 0.123117000 0.000840000 0.859411000 0.496241000
1520530352.351840019 -0.222632000 1.976271000 0.024245000 0.127186000 -0.002650000 0.841300000 0.525387000
1520530352.401839972 -0.173131000 1.995682000 0.020251000 0.131135000 -0.008732000 0.823852000 0.551357000
1520530352.451839924 -0.122079000 2.013331000 0.012140000 0.134972000 -0.017091000 0.808702000 0.572268000
1520530352.501490116 -0.070791000 2.030737000 0.002554000 0.138442000 -0.025225000 0.798150000 0.585794000
1520530352.551500082 -0.018707000 2.047011000 -0.006615000 0.140854000 -0.030425000 0.791809000 0.593525000
1520530352.601500034 0.033887000 2.059299000 -0.012764000 0.139189000 -0.029512000 0.787759000 0.599326000
1520530352.651499987 0.087425000 2.069475000 -0.013324000 0.133401000 -0.019390000 0.781498000 0.609171000
1520530352.701499939 0.139275000 2.077631000 -0.010099000 0.135911000 -0.010895000 0.775763000 0.616117000
1520530352.751499891 0.191959000 2.083596000 -0.006523000 0.145951000 -0.009101000 0.768617000 0.622771000
1520530352.801500082 0.246361000 2.087642000 -0.004132000 0.153210000 -0.010436000 0.758749000 0.633023000
1520530352.851510048 0.301153000 2.089449000 -0.003024000 0.154022000 -0.011207000 0.745723000 0.648112000
1520530352.901119947 0.356754000 2.089353000 -0.004849000 0.150860000 -0.013347000 0.730157000 0.666284000
1520530352.951129913 0.414477000 2.085066000 -0.010483000 0.146472000 -0.019488000 0.714343000 0.684018000
1520530353.001130104 0.474127000 2.079275000 -0.018368000 0.144210000 -0.027891000 0.699875000 0.699000000
1520530353.051130056 0.533114000 2.070297000 -0.026362000 0.142697000 -0.032456000 0.685388000 0.713322000
1520530353.101229906 0.591768000 2.058178000 -0.030590000 0.136166000 -0.028437000 0.666214000 0.732673000
1520530353.151129961 0.647396000 2.042259000 -0.029022000 0.129048000 -0.021515000 0.644270000 0.753525000
1520530353.201129913 0.700179000 2.021776000 -0.022204000 0.124301000 -0.014200000 0.617086000 0.776886000
1520530353.251130104 0.750180000 1.995263000 -0.013817000 0.123465000 -0.014574000 0.582744000 0.803090000
1520530353.301140070 0.798039000 1.962975000 -0.005790000 0.123276000 -0.023579000 0.546756000 0.827831000
1520530353.351419926 0.842313000 1.926794000 0.000042000 0.124171000 -0.037106000 0.509728000 0.850519000
1520530353.401420116 0.884059000 1.888423000 0.001638000 0.125882000 -0.050338000 0.473576000 0.870256000
1520530353.451420069 0.924590000 1.847341000 -0.002061000 0.127879000 -0.062003000 0.439854000 0.886753000
1520530353.501420021 0.965393000 1.805575000 -0.009676000 0.130944000 -0.074156000 0.413573000 0.897949000
1520530353.551429987 1.006302000 1.762895000 -0.019028000 0.135321000 -0.083437000 0.396672000 0.904090000
1520530353.601429939 1.044910000 1.718511000 -0.026225000 0.138742000 -0.081961000 0.386296000 0.908190000
1520530353.651429892 1.081282000 1.672605000 -0.028792000 0.141043000 -0.080852000 0.382658000 0.909474000
1520530353.701430082 1.113838000 1.624762000 -0.025092000 0.140512000 -0.078207000 0.378221000 0.911641000
1520530353.751760006 1.144164000 1.577244000 -0.017677000 0.140455000 -0.080133000 0.371829000 0.914108000
1520530353.801759958 1.174303000 1.529365000 -0.010603000 0.141915000 -0.089392000 0.361538000 0.917147000
1520530353.851759911 1.203619000 1.480165000 -0.005807000 0.142555000 -0.095828000 0.346777000 0.922085000
1520530353.901760101 1.232112000 1.429384000 -0.004045000 0.141145000 -0.096803000 0.328349000 0.928921000
1520530353.951770067 1.258782000 1.375782000 -0.005663000 0.136476000 -0.095890000 0.307235000 0.936903000
1520530354.001770020 1.283132000 1.319628000 -0.009577000 0.128857000 -0.096401000 0.286644000 0.944425000
1520530354.051769972 1.305445000 1.262507000 -0.014709000 0.120097000 -0.100636000 0.270159000 0.949981000
1520530354.101769924 1.325000000 1.203142000 -0.018990000 0.109391000 -0.101694000 0.251912000 0.956155000
1520530354.151920080 1.341684000 1.142086000 -0.019854000 0.099212000 -0.094720000 0.228483000 0.963836000
1520530354.201920033 1.354895000 1.081852000 -0.015913000 0.096405000 -0.085899000 0.202605000 0.970710000
1520530354.251919985 1.363138000 1.023310000 -0.008616000 0.100700000 -0.074447000 0.171618000 0.977172000
1520530354.301919937 1.366519000 0.963754000 -0.000446000 0.104974000 -0.068391000 0.135391000 0.982839000
1520530354.351929903 1.364956000 0.903363000 0.006355000 0.104845000 -0.068307000 0.101169000 0.986968000
1520530354.401930094 1.360345000 0.843129000 0.009915000 0.101546000 -0.075106000 0.071178000 0.989435000
1520530354.451930046 1.354199000 0.782080000 0.008747000 0.095088000 -0.082891000 0.043324000 0.991065000
1520530354.501929998 1.347019000 0.720309000 0.003402000 0.086540000 -0.088819000 0.019934000 0.992081000
1520530354.551620007 1.339960000 0.659278000 -0.004101000 0.078386000 -0.095781000 0.004051000 0.992303000
1520530354.601619959 1.333652000 0.597780000 -0.010509000 0.069927000 -0.104828000 -0.002957000 0.992024000
1520530354.651619911 1.328424000 0.536089000 -0.014084000 0.059347000 -0.114579000 -0.001538000 0.991639000
1520530354.701620102 1.323248000 0.474010000 -0.012217000 0.050042000 -0.117839000 0.000297000 0.991771000
1520530354.751620054 1.317006000 0.415209000 -0.005252000 0.046990000 -0.111021000 -0.000422000 0.992706000
1520530354.801620007 1.311251000 0.358629000 0.003298000 0.048211000 -0.107481000 0.000998000 0.993037000
1520530354.851629972 1.305726000 0.301768000 0.010873000 0.048744000 -0.110011000 0.005203000 0.992721000
1520530354.901629925 1.300240000 0.244811000 0.015507000 0.048604000 -0.112795000 0.006530000 0.992407000
1520530354.951390028 1.294051000 0.187904000 0.016608000 0.047655000 -0.111380000 0.003603000 0.992628000
1520530355.001389980 1.286395000 0.129464000 0.013695000 0.044876000 -0.109464000 -0.002908000 0.992973000
1520530355.051389933 1.276399000 0.070252000 0.008140000 0.040215000 -0.108246000 -0.012519000 0.993232000
1520530355.101389885 1.264229000 0.010225000 0.001969000 0.033847000 -0.108484000 -0.024311000 0.993224000
1520530355.151390076 1.248652000 -0.050232000 -0.003015000 0.026696000 -0.107680000 -0.041078000 0.992978000
1520530355.201390028 1.228863000 -0.110004000 -0.004321000 0.019895000 -0.104362000 -0.064729000 0.992231000
1520530355.251399994 1.206633000 -0.167157000 0.000212000 0.016317000 -0.103756000 -0.088878000 0.990489000
1520530355.301399946 1.181578000 -0.220981000 0.008026000 0.016819000 -0.101261000 -0.116656000 0.987854000
1520530355.351399899 1.151691000 -0.273558000 0.016611000 0.016172000 -0.101959000 -0.149184000 0.983406000
1520530355.401439905 1.116763000 -0.321942000 0.024304000 0.015693000 -0.103060000 -0.183829000 0.977415000
1520530355.451440096 1.082140000 -0.369593000 0.028134000 0.016609000 -0.107611000 -0.213223000 0.970917000
1520530355.501440048 1.046787000 -0.416695000 0.026978000 0.015459000 -0.114570000 -0.237425000 0.964502000
1520530355.551440001 1.009874000 -0.464055000 0.021676000 0.009580000 -0.117306000 -0.257549000 0.959070000
1520530355.601439953 0.973290000 -0.514153000 0.014791000 -0.002733000 -0.120404000 -0.271161000 0.954970000
1520530355.651439905 0.935065000 -0.560759000 0.008897000 -0.019536000 -0.125208000 -0.279926000 0.951621000
1520530355.701450109 0.896013000 -0.605894000 0.005156000 -0.035749000 -0.127854000 -0.288427000 0.948254000
1520530355.751450062 0.855115000 -0.649295000 0.005213000 -0.046391000 -0.122878000 -0.299114000 0.945135000
1520530355.801559925 0.813127000 -0.686537000 0.009224000 -0.048534000 -0.112652000 -0.311001000 0.942461000
1520530355.851560116 0.772279000 -0.722216000 0.013505000 -0.048197000 -0.110402000 -0.318668000 0.940180000
1520530355.901560068 0.729892000 -0.757570000 0.016018000 -0.045868000 -0.110817000 -0.330167000 0.936272000
1520530355.951570034 0.686750000 -0.791768000 0.016453000 -0.040362000 -0.106870000 -0.349676000 0.929880000
1520530356.001569986 0.642520000 -0.822759000 0.014854000 -0.037318000 -0.103412000 -0.370018000 0.922497000
1520530356.051569939 0.595471000 -0.853903000 0.011117000 -0.039561000 -0.101966000 -0.387589000 0.915321000
1520530356.101569891 0.545165000 -0.882817000 0.005289000 -0.043751000 -0.101577000 -0.403215000 0.908397000
1520530356.151570082 0.492445000 -0.909349000 -0.000782000 -0.046948000 -0.103179000 -0.418411000 0.901156000
1520530356.201410055 0.437190000 -0.932060000 -0.004708000 -0.048459000 -0.102946000 -0.438045000 0.891723000
1520530356.251410007 0.379884000 -0.950968000 -0.005079000 -0.048981000 -0.101500000 -0.462279000 0.879544000
1520530356.301409960 0.322902000 -0.964431000 -0.001160000 -0.047580000 -0.101090000 -0.488890000 0.865161000
1520530356.351409912 0.266844000 -0.972644000 0.006070000 -0.043816000 -0.098690000 -0.519631000 0.847540000
1520530356.401420116 0.209641000 -0.975080000 0.014741000 -0.044138000 -0.096276000 -0.553912000 0.825811000
1520530356.451420069 0.152261000 -0.972473000 0.023023000 -0.049002000 -0.094891000 -0.587656000 0.802031000
1520530356.501420021 0.096049000 -0.964634000 0.027208000 -0.056030000 -0.098343000 -0.617636000 0.778277000
1520530356.551419973 0.040113000 -0.955654000 0.026929000 -0.063206000 -0.101891000 -0.643982000 0.755586000
1520530356.601269960 -0.015533000 -0.944345000 0.022714000 -0.070004000 -0.100089000 -0.666658000 0.735288000
1520530356.651269913 -0.071276000 -0.932403000 0.016359000 -0.078190000 -0.095825000 -0.686118000 0.716900000
1520530356.701270103 -0.126633000 -0.919642000 0.009533000 -0.087601000 -0.092303000 -0.701453000 0.701263000
1520530356.751280069 -0.181364000 -0.905090000 0.004458000 -0.096334000 -0.089363000 -0.712690000 0.689062000
1520530356.801280022 -0.235972000 -0.888118000 0.003093000 -0.101342000 -0.087284000 -0.723504000 0.677239000
1520530356.851279974 -0.289060000 -0.868547000 0.006053000 -0.097961000 -0.084520000 -0.737164000 0.663212000
1520530356.901279926 -0.339785000 -0.847398000 0.010627000 -0.098022000 -0.087680000 -0.749394000 0.648932000
1520530356.951280117 -0.390269000 -0.823567000 0.013802000 -0.102426000 -0.093253000 -0.760713000 0.634136000
1520530357.001189947 -0.440703000 -0.798414000 0.014869000 -0.104660000 -0.097097000 -0.773130000 0.617971000
1520530357.051199913 -0.489657000 -0.771324000 0.013282000 -0.103751000 -0.098390000 -0.787131000 0.599983000
1520530357.101200104 -0.539230000 -0.741717000 0.008212000 -0.103816000 -0.096415000 -0.801117000 0.581496000
1520530357.151200056 -0.588293000 -0.708538000 0.000784000 -0.106120000 -0.091632000 -0.815941000 0.560876000
1520530357.201200008 -0.636465000 -0.672491000 -0.007052000 -0.107689000 -0.083908000 -0.831064000 0.539162000
1520530357.251199961 -0.682405000 -0.633063000 -0.012493000 -0.106594000 -0.073799000 -0.847286000 0.515071000
1520530357.301199913 -0.725628000 -0.590974000 -0.014361000 -0.104535000 -0.064305000 -0.863721000 0.488797000
1520530357.351200104 -0.765377000 -0.547687000 -0.012477000 -0.104908000 -0.060206000 -0.878199000 0.462749000
1520530357.401700020 -0.800801000 -0.502404000 -0.007472000 -0.103034000 -0.058389000 -0.893866000 0.432410000
1520530357.451699972 -0.831249000 -0.454392000 -0.000627000 -0.100300000 -0.056114000 -0.910074000 0.398192000
1520530357.501699924 -0.857452000 -0.403440000 0.005660000 -0.101937000 -0.055862000 -0.924363000 0.363374000
1520530357.551700115 -0.881207000 -0.350401000 0.008357000 -0.108011000 -0.057115000 -0.936213000 0.329511000
1520530357.601700068 -0.903724000 -0.294543000 0.006361000 -0.114171000 -0.055445000 -0.946163000 0.297769000
1520530357.651700020 -0.924931000 -0.236528000 0.001019000 -0.119692000 -0.050194000 -0.954139000 0.269764000
1520530357.701699972 -0.944043000 -0.177510000 -0.005632000 -0.126058000 -0.044101000 -0.959784000 0.246938000
1520530357.751709938 -0.962738000 -0.118232000 -0.011488000 -0.133443000 -0.038523000 -0.963435000 0.229132000
1520530357.801709890 -0.979526000 -0.059123000 -0.013718000 -0.137308000 -0.033525000 -0.966001000 0.216482000
1520530357.851619959 -0.994877000 -0.000385000 -0.010759000 -0.129767000 -0.032478000 -0.969561000 0.205076000
1520530357.901599884 -1.007614000 0.055883000 -0.003946000 -0.118652000 -0.034991000 -0.973122000 0.194246000
1520530357.951600075 -1.019770000 0.112204000 0.002819000 -0.115157000 -0.037776000 -0.975298000 0.184676000
1520530358.001600027 -1.031616000 0.169549000 0.007681000 -0.115360000 -0.038301000 -0.977282000 0.173624000
1520530358.051599979 -1.041957000 0.226112000 0.009467000 -0.116699000 -0.037132000 -0.979315000 0.161074000
1520530358.101599932 -1.052349000 0.283339000 0.009370000 -0.116242000 -0.033836000 -0.981446000 0.148686000
1520530358.151599884 -1.062530000 0.341794000 0.006146000 -0.113809000 -0.028489000 -0.983512000 0.137624000
1520530358.201600075 -1.071894000 0.401322000 0.000554000 -0.110280000 -0.023112000 -0.985465000 0.127135000
1520530358.251660109 -1.079972000 0.461247000 -0.005295000 -0.106472000 -0.019422000 -0.987375000 0.115658000
1520530358.301660061 -1.085188000 0.520981000 -0.008439000 -0.101223000 -0.018728000 -0.989810000 0.098379000
1520530358.351660013 -1.089046000 0.579868000 -0.006528000 -0.099915000 -0.019265000 -0.991482000 0.081298000
1520530358.401659966 -1.090648000 0.636259000 0.000669000 -0.099862000 -0.019808000 -0.992612000 0.066011000
1520530358.451669931 -1.089326000 0.692243000 0.009797000 -0.098948000 -0.018292000 -0.993796000 0.047380000
1520530358.501669884 -1.084281000 0.748811000 0.019175000 -0.096971000 -0.015139000 -0.994808000 0.026929000
1520530358.551670074 -1.076526000 0.804985000 0.025846000 -0.097248000 -0.012516000 -0.995147000 0.008314000
1520530358.601670027 -1.066722000 0.861085000 0.027544000 0.098584000 0.009586000 0.995035000 0.009684000
1520530358.651829958 -1.055434000 0.918280000 0.023328000 0.098584000 0.006388000 0.994751000 0.026658000
1520530358.701839924 -1.043431000 0.976394000 0.013892000 0.101335000 0.003480000 0.994026000 0.040389000
1520530358.751840115 -1.029814000 1.034758000 0.001559000 0.107381000 0.001492000 0.992884000 0.051458000
1520530358.801840067 -1.014891000 1.092414000 -0.010454000 0.111573000 -0.000251000 0.991772000 0.062770000
1520530358.851840019 -0.998073000 1.149936000 -0.019850000 0.109104000 -0.000621000 0.991131000 0.075865000
1520530358.901839972 -0.979106000 1.205609000 -0.026487000 0.103783000 0.000504000 0.990610000 0.089004000
1520530358.951839924 -0.958795000 1.259560000 -0.033311000 0.100758000 0.002377000 0.989705000 0.101619000
1520530359.001849890 -0.937188000 1.312736000 -0.043415000 0.106069000 0.004467000 0.987638000 0.115329000
1520530359.051840067 -0.914723000 1.366025000 -0.056930000 0.112784000 0.007902000 0.985497000 0.126543000
1520530359.101850033 -0.890902000 1.418752000 -0.074536000 0.116387000 0.013185000 0.983413000 0.138491000
1520530359.151839972 -0.865721000 1.472409000 -0.094655000 0.118301000 0.017341000 0.980915000 0.153329000
1520530359.201849937 -0.838036000 1.524679000 -0.115660000 0.117124000 0.016793000 0.978108000 0.171186000
1520530359.251849890 -0.808463000 1.576493000 -0.137192000 0.114861000 0.013462000 0.974394000 0.192824000
1520530359.301850080 -0.776971000 1.628356000 -0.156837000 0.109925000 0.009563000 0.970516000 0.214297000
1520530359.351850033 -0.743139000 1.677955000 -0.174234000 0.100552000 0.008014000 0.965951000 0.238250000
1520530359.401849985 -0.707372000 1.725741000 -0.187063000 0.096703000 0.010463000 0.960477000 0.260812000
1520530359.451950073 -0.669310000 1.771817000 -0.193063000 0.094848000 0.019647000 0.954645000 0.281551000
1520530359.501909971 -0.628747000 1.815528000 -0.190352000 0.088751000 0.027090000 0.948186000 0.303864000
1520530359.551909924 -0.584442000 1.855740000 -0.181011000 0.083401000 0.023778000 0.940936000 0.327289000
1520530359.601910114 -0.536880000 1.892994000 -0.167744000 0.079996000 0.016078000 0.932537000 0.351735000
1520530359.651910067 -0.487309000 1.928407000 -0.153237000 0.083429000 0.009105000 0.923330000 0.374724000
1520530359.701910019 -0.435947000 1.960899000 -0.139200000 0.090439000 0.004116000 0.913266000 0.397176000
1520530359.751909971 -0.382030000 1.989369000 -0.125284000 0.100492000 -0.001153000 0.902552000 0.418688000
1520530359.801919937 -0.325641000 2.014507000 -0.112480000 0.109741000 -0.004989000 0.892165000 0.438147000
1520530359.851919889 -0.266565000 2.037814000 -0.099208000 0.114451000 -0.006120000 0.882206000 0.456701000
1520530359.901859999 -0.205509000 2.058958000 -0.082081000 0.113412000 -0.006254000 0.872220000 0.475742000
1520530359.951869965 -0.143296000 2.074759000 -0.058283000 0.110775000 -0.005602000 0.861946000 0.494719000
1520530360.001869917 -0.081240000 2.086246000 -0.028072000 0.108894000 -0.004420000 0.851432000 0.513017000
1520530360.051870108 -0.019436000 2.094733000 0.005942000 0.109012000 -0.005634000 0.841208000 0.529579000
1520530360.101870060 0.041327000 2.098409000 0.041868000 0.107404000 -0.010151000 0.832045000 0.544116000
1520530360.151870012 0.101220000 2.098585000 0.078345000 0.101243000 -0.015653000 0.820127000 0.562936000
1520530360.201869965 0.159686000 2.094344000 0.114353000 0.091183000 -0.023321000 0.805090000 0.585638000
1520530360.251869917 0.216401000 2.086840000 0.151701000 0.077211000 -0.034255000 0.788342000 0.609411000
1520530360.301350117 0.270072000 2.077529000 0.190561000 0.058957000 -0.045975000 0.769860000 0.633818000
1520530360.351350069 0.320647000 2.065611000 0.231211000 0.040509000 -0.060379000 0.749772000 0.657689000
1520530360.401360035 0.367685000 2.051192000 0.271538000 0.022799000 -0.074926000 0.729135000 0.679874000
1520530360.451359987 0.410652000 2.034260000 0.310998000 0.007278000 -0.086920000 0.708757000 0.700039000
1520530360.501359940 0.451654000 2.016236000 0.346631000 -0.005931000 -0.095551000 0.687928000 0.719437000
1520530360.551359892 0.493052000 1.995842000 0.374523000 -0.015193000 -0.097991000 0.664201000 0.740948000
1520530360.601360083 0.535412000 1.974786000 0.392986000 -0.017259000 -0.096297000 0.640454000 0.761740000
1520530360.651360035 0.575483000 1.949472000 0.400262000 -0.013376000 -0.092190000 0.616365000 0.781931000
1520530360.701009989 0.616251000 1.921467000 0.396252000 -0.009015000 -0.086359000 0.591701000 0.801468000
1520530360.751009941 0.657887000 1.890615000 0.381746000 -0.007016000 -0.080249000 0.566237000 0.820297000
1520530360.801009893 0.699291000 1.858016000 0.358565000 -0.007321000 -0.072475000 0.542367000 0.836978000
1520530360.851020098 0.738935000 1.823594000 0.328709000 -0.007182000 -0.064495000 0.524817000 0.848738000
1520530360.901020050 0.776880000 1.787394000 0.293831000 -0.005383000 -0.057577000 0.509154000 0.858731000
1520530360.951020002 0.812294000 1.749731000 0.257660000 -0.000781000 -0.052405000 0.491415000 0.869347000
1520530361.001019955 0.845054000 1.711918000 0.220955000 0.008277000 -0.048940000 0.472336000 0.880020000
1520530361.051100016 0.873949000 1.673214000 0.183709000 0.020749000 -0.044643000 0.452152000 0.890581000
1520530361.101079941 0.899084000 1.634941000 0.145537000 0.035948000 -0.041311000 0.433519000 0.899479000
1520530361.151079893 0.920714000 1.596321000 0.107163000 0.050352000 -0.037639000 0.413872000 0.908162000
1520530361.201080084 0.938637000 1.556470000 0.067922000 0.061777000 -0.032801000 0.390574000 0.917910000
1520530361.251080036 0.955028000 1.514924000 0.027852000 0.072324000 -0.030019000 0.362991000 0.928496000
1520530361.301079988 0.969515000 1.472668000 -0.012191000 0.083233000 -0.029887000 0.333852000 0.938468000
1520530361.351079941 0.980466000 1.430762000 -0.051546000 0.093231000 -0.026950000 0.305087000 0.947367000
1520530361.401079893 0.989356000 1.389779000 -0.088711000 0.103206000 -0.020540000 0.276220000 0.955316000
1520530361.451080084 0.995561000 1.350724000 -0.122085000 0.116979000 -0.011925000 0.248937000 0.961355000
1520530361.501719952 0.996422000 1.315112000 -0.150008000 0.133867000 -0.000539000 0.223334000 0.965506000
1520530361.551719904 0.992577000 1.283312000 -0.171631000 0.149647000 0.007903000 0.196427000 0.968999000
1520530361.601720095 0.984750000 1.250298000 -0.187426000 0.163313000 0.010948000 0.163273000 0.972909000
1520530361.651730061 0.972545000 1.214758000 -0.195762000 0.172041000 0.013969000 0.123402000 0.977230000
1520530361.701730013 0.956260000 1.176179000 -0.195976000 0.176256000 0.013362000 0.079272000 0.981056000
1520530361.751729965 0.937151000 1.136136000 -0.187759000 0.176798000 0.009820000 0.035203000 0.983568000
1520530361.801729918 0.917742000 1.093958000 -0.172133000 0.170519000 0.007318000 -0.004355000 0.985318000
1520530361.851730108 0.898786000 1.049101000 -0.150841000 0.155645000 0.007438000 -0.041862000 0.986898000
1520530361.901969910 0.881238000 1.000595000 -0.125179000 0.134585000 0.011601000 -0.078565000 0.987714000
1520530361.951970100 0.865760000 0.949015000 -0.095124000 0.111736000 0.018151000 -0.109099000 0.987564000
1520530362.001970053 0.853493000 0.894957000 -0.060716000 0.089972000 0.026231000 -0.134298000 0.986499000
1520530362.051980019 0.845861000 0.840320000 -0.020973000 0.068763000 0.031560000 -0.152860000 0.985347000
1520530362.101979971 0.844030000 0.785059000 0.022575000 0.048120000 0.040017000 -0.164736000 0.984350000
1520530362.151979923 0.846646000 0.729887000 0.068472000 0.029602000 0.047531000 -0.172207000 0.983468000
1520530362.201980114 0.855202000 0.675229000 0.114457000 0.013536000 0.052560000 -0.178144000 0.982506000
1520530362.251980066 0.869244000 0.621052000 0.157145000 -0.002240000 0.056495000 -0.182367000 0.981604000
1520530362.301980019 0.887907000 0.565842000 0.193662000 -0.015023000 0.060812000 -0.182186000 0.981267000
1520530362.351660013 0.910609000 0.509405000 0.221150000 -0.021522000 0.062974000 -0.178237000 0.981734000
1520530362.401659966 0.936677000 0.451069000 0.238384000 -0.021583000 0.062344000 -0.171714000 0.982935000
1520530362.451659918 0.966741000 0.393510000 0.246811000 -0.019751000 0.058730000 -0.161950000 0.984852000
1520530362.501660109 1.000411000 0.335317000 0.247045000 -0.020621000 0.055213000 -0.148501000 0.987154000
1520530362.551670074 1.036978000 0.278030000 0.241640000 -0.024944000 0.050019000 -0.130375000 0.989888000
1520530362.601670027 1.073996000 0.222624000 0.231475000 -0.028970000 0.041696000 -0.115244000 0.992039000
1520530362.651760101 1.110211000 0.168519000 0.217282000 -0.027238000 0.029422000 -0.104143000 0.993754000
1520530362.701669931 1.144490000 0.116754000 0.200366000 -0.015895000 0.015911000 -0.095155000 0.995208000
1520530362.751399994 1.175549000 0.066343000 0.183122000 0.003561000 0.002218000 -0.090600000 0.995879000
1520530362.801399946 1.204168000 0.017821000 0.165588000 0.026182000 -0.014146000 -0.088976000 0.995589000
1520530362.851399899 1.228567000 -0.030552000 0.150217000 0.047822000 -0.025380000 -0.093691000 0.994128000
1520530362.901400089 1.248509000 -0.079316000 0.140316000 0.066030000 -0.033347000 -0.097417000 0.992491000
1520530362.951410055 1.262711000 -0.130063000 0.137849000 0.079057000 -0.039459000 -0.097633000 0.991292000
1520530363.001410007 1.270945000 -0.182089000 0.142765000 0.083892000 -0.044796000 -0.094076000 0.991012000
1520530363.051409960 1.273927000 -0.235385000 0.155208000 0.079490000 -0.055418000 -0.086748000 0.991506000
1520530363.101409912 1.271069000 -0.288205000 0.174629000 0.067690000 -0.067499000 -0.080113000 0.992191000
1520530363.151690006 1.261456000 -0.340261000 0.199707000 0.050598000 -0.074885000 -0.078709000 0.992792000
1520530363.201689959 1.246062000 -0.389188000 0.227138000 0.031334000 -0.079760000 -0.080723000 0.993046000
1520530363.251689911 1.224231000 -0.437683000 0.254789000 0.015352000 -0.083485000 -0.085460000 0.992719000
1520530363.301690102 1.198434000 -0.484456000 0.278958000 0.006503000 -0.086086000 -0.090329000 0.992163000
1520530363.351690054 1.167916000 -0.526854000 0.298798000 0.002493000 -0.088348000 -0.098067000 0.991247000
1520530363.401700020 1.132795000 -0.566461000 0.313832000 -0.001762000 -0.093918000 -0.109001000 0.989593000
1520530363.451699972 1.092783000 -0.604565000 0.323782000 -0.007123000 -0.101002000 -0.122649000 0.987272000
1520530363.501699924 1.048665000 -0.642890000 0.327361000 -0.009254000 -0.104889000 -0.141822000 0.984276000
1520530363.551779985 1.001061000 -0.681382000 0.323225000 -0.006836000 -0.107021000 -0.164403000 0.980547000
1520530363.601779938 0.950140000 -0.718732000 0.311094000 -0.003213000 -0.109202000 -0.189836000 0.975719000
1520530363.651789904 0.897396000 -0.755887000 0.292273000 -0.001783000 -0.109202000 -0.219804000 0.969411000
1520530363.701790094 0.843986000 -0.792390000 0.269079000 -0.004595000 -0.107777000 -0.250466000 0.962097000
1520530363.751790047 0.788277000 -0.826052000 0.242553000 -0.007247000 -0.105473000 -0.285840000 0.952427000
1520530363.801789999 0.730018000 -0.854745000 0.214198000 -0.008172000 -0.108059000 -0.322734000 0.940266000
1520530363.851789951 0.669151000 -0.877956000 0.183565000 -0.005136000 -0.113430000 -0.362031000 0.925225000
1520530363.901789904 0.606603000 -0.893130000 0.149879000 0.003151000 -0.119739000 -0.404004000 0.906881000
1520530363.951819897 0.544931000 -0.899218000 0.113878000 0.014789000 -0.126474000 -0.443992000 0.886937000
1520530364.001820087 0.484960000 -0.895682000 0.075058000 0.028597000 -0.132895000 -0.484058000 0.864413000
1520530364.051820040 0.427854000 -0.884277000 0.034644000 0.045039000 -0.137151000 -0.522829000 0.840125000
1520530364.101819992 0.374081000 -0.865021000 -0.007409000 0.065414000 -0.141223000 -0.560874000 0.813141000
1520530364.151819944 0.324742000 -0.839253000 -0.049142000 0.083252000 -0.150840000 -0.596375000 0.783998000
1520530364.201819897 0.278919000 -0.808789000 -0.088476000 0.095517000 -0.163675000 -0.628609000 0.754279000
1520530364.251830101 0.237702000 -0.772600000 -0.123772000 0.106799000 -0.171485000 -0.660447000 0.723185000
1520530364.301830053 0.202290000 -0.732692000 -0.152675000 0.117755000 -0.174506000 -0.689076000 0.693438000
1520530364.351830006 0.174219000 -0.689217000 -0.174667000 0.132151000 -0.173175000 -0.715283000 0.664016000
1520530364.401890039 0.153102000 -0.643880000 -0.189287000 0.144142000 -0.173415000 -0.737580000 0.636495000
1520530364.451889992 0.136554000 -0.598105000 -0.197624000 0.152078000 -0.177301000 -0.760977000 0.605269000
1520530364.501899958 0.123432000 -0.553184000 -0.199811000 0.152603000 -0.185346000 -0.785862000 0.569895000
1520530364.551899910 0.111768000 -0.509923000 -0.195726000 0.150902000 -0.191242000 -0.812263000 0.529984000
1520530364.601900101 0.100373000 -0.467689000 -0.185999000 0.146984000 -0.194478000 -0.838817000 0.486785000
1520530364.651900053 0.088095000 -0.426222000 -0.171552000 0.138508000 -0.196308000 -0.863269000 0.443898000
1520530364.701900005 0.074861000 -0.387484000 -0.153195000 0.128514000 -0.192883000 -0.884906000 0.404008000
1520530364.751909971 0.059766000 -0.351023000 -0.129530000 0.117631000 -0.183003000 -0.904339000 0.367210000
1520530364.802419901 0.040210000 -0.317587000 -0.100169000 0.105170000 -0.165333000 -0.922514000 0.332523000
1520530364.852420092 0.016423000 -0.289033000 -0.064981000 0.091562000 -0.140775000 -0.938454000 0.301833000
1520530364.902420044 -0.010634000 -0.265331000 -0.023838000 0.081106000 -0.110802000 -0.951590000 0.274994000
1520530364.952419996 -0.040140000 -0.246928000 0.021855000 0.071389000 -0.080833000 -0.960484000 0.256593000
1520530365.002429962 -0.073544000 -0.232496000 0.068775000 0.065921000 -0.055484000 -0.967054000 0.239546000
1520530365.052429914 -0.109513000 -0.218740000 0.112619000 0.062186000 -0.040909000 -0.973084000 0.218099000
1520530365.102430105 -0.148738000 -0.206295000 0.150437000 0.056583000 -0.040979000 -0.976792000 0.202474000
1520530365.152430058 -0.191845000 -0.194385000 0.182346000 0.052989000 -0.046869000 -0.978186000 0.195315000
1520530365.201889992 -0.237858000 -0.181851000 0.207613000 0.052369000 -0.050209000 -0.978832000 0.191374000
1520530365.251889944 -0.287730000 -0.167440000 0.227087000 0.050564000 -0.047450000 -0.979688000 0.188158000
1520530365.301889896 -0.341644000 -0.151400000 0.240072000 0.044761000 -0.038795000 -0.980164000 0.189130000
1520530365.351890087 -0.399436000 -0.133938000 0.245327000 0.032590000 -0.030318000 -0.979446000 0.196735000
1520530365.401890039 -0.460687000 -0.115471000 0.242707000 0.022654000 -0.025131000 -0.977214000 0.209544000
1520530365.451900005 -0.523808000 -0.095998000 0.232964000 0.017231000 -0.025317000 -0.974544000 0.222094000
1520530365.501899958 -0.587387000 -0.077075000 0.217978000 0.015630000 -0.030815000 -0.971133000 0.236024000
1520530365.551899910 -0.650887000 -0.059759000 0.200263000 0.016705000 -0.037729000 -0.966431000 0.253593000
1520530365.601579905 -0.712777000 -0.043782000 0.180822000 0.014361000 -0.047021000 -0.961311000 0.271043000
1520530365.651580095 -0.773115000 -0.029898000 0.161142000 0.007731000 -0.058913000 -0.955992000 0.287313000
1520530365.701580048 -0.830810000 -0.016409000 0.142468000 0.001013000 -0.071443000 -0.950823000 0.301382000
1520530365.751580000 -0.886134000 -0.001184000 0.125108000 -0.003739000 -0.083897000 -0.946364000 0.311996000
1520530365.801589966 -0.939139000 0.016882000 0.110623000 -0.007994000 -0.097219000 -0.942905000 0.318456000
1520530365.851589918 -0.989768000 0.038124000 0.100760000 -0.014575000 -0.110082000 -0.940087000 0.322346000
1520530365.901590109 -1.038697000 0.064152000 0.096488000 -0.022491000 -0.118135000 -0.937718000 0.325919000
1520530365.951590061 -1.085814000 0.094595000 0.099276000 -0.032225000 -0.117708000 -0.935986000 0.330207000
1520530366.001950026 -1.129934000 0.129102000 0.110707000 -0.046737000 -0.109763000 -0.934853000 0.334392000
1520530366.051949978 -1.168331000 0.167903000 0.129733000 -0.062425000 -0.096082000 -0.934747000 0.336333000
1520530366.101949930 -1.200070000 0.213329000 0.153420000 -0.076758000 -0.079669000 -0.937591000 0.329671000
1520530366.151949883 -1.221826000 0.264763000 0.177558000 -0.089530000 -0.063864000 -0.943577000 0.312360000
1520530366.201960087 -1.232617000 0.319389000 0.200085000 -0.103385000 -0.050820000 -0.950245000 0.289417000
1520530366.251960039 -1.234955000 0.376135000 0.218428000 -0.115541000 -0.040689000 -0.956639000 0.264268000
1520530366.301959991 -1.229504000 0.434683000 0.230100000 -0.124433000 -0.033455000 -0.963051000 0.236495000
1520530366.351959944 -1.219014000 0.494808000 0.233710000 -0.129583000 -0.028681000 -0.969388000 0.206574000
1520530366.402159929 -1.203540000 0.555527000 0.229400000 -0.133602000 -0.026177000 -0.974861000 0.176384000
1520530366.452159882 -1.184228000 0.616173000 0.217738000 -0.137207000 -0.025805000 -0.979166000 0.147456000
1520530366.502160072 -1.161400000 0.676334000 0.199840000 -0.136878000 -0.027119000 -0.983069000 0.118764000
1520530366.552170038 -1.135347000 0.735028000 0.176560000 -0.130376000 -0.030984000 -0.987086000 0.087766000
1520530366.602169991 -1.104762000 0.791220000 0.150078000 -0.122463000 -0.036761000 -0.990326000 0.053915000
1520530366.652169943 -1.069107000 0.842509000 0.121424000 -0.117157000 -0.042909000 -0.992006000 0.018906000
1520530366.702169895 -1.032077000 0.891281000 0.091491000 0.111575000 0.051761000 0.992231000 0.018716000
1520530366.752170086 -0.993689000 0.935291000 0.062009000 0.105326000 0.063889000 0.990912000 0.054025000
1520530366.802170038 -0.951926000 0.972380000 0.032879000 0.098540000 0.079906000 0.987824000 0.090047000
1520530366.852210045 -0.908316000 1.004161000 0.005286000 0.096120000 0.098114000 0.982345000 0.127019000
1520530366.902209997 -0.863234000 1.032910000 -0.019540000 0.097347000 0.115589000 0.974932000 0.163310000
1520530366.952209949 -0.816661000 1.060105000 -0.040218000 0.095513000 0.129655000 0.966354000 0.200564000
1520530367.002209902 -0.769374000 1.085492000 -0.057659000 0.088731000 0.139146000 0.956867000 0.239105000
1520530367.052210093 -0.722239000 1.110522000 -0.070238000 0.079039000 0.144723000 0.945835000 0.279649000
1520530367.102220058 -0.677622000 1.135578000 -0.075652000 0.069168000 0.147314000 0.933688000 0.318969000
1520530367.152220011 -0.635674000 1.159785000 -0.072040000 0.056264000 0.147624000 0.920587000 0.357156000
1520530367.202219963 -0.597622000 1.185512000 -0.059740000 0.040188000 0.146156000 0.907509000 0.391727000
1520530367.252579927 -0.562758000 1.213765000 -0.038821000 0.023227000 0.143755000 0.894469000 0.422753000
1520530367.302580118 -0.531732000 1.243320000 -0.010701000 0.011611000 0.138342000 0.882271000 0.449804000
1520530367.352590084 -0.504223000 1.275299000 0.021679000 0.002934000 0.128835000 0.871891000 0.472439000
1520530367.402590036 -0.480560000 1.309790000 0.055733000 -0.009513000 0.114675000 0.863624000 0.490828000
1520530367.452600002 -0.460042000 1.349304000 0.089003000 -0.024084000 0.097589000 0.858620000 0.502661000
1520530367.502599955 -0.442459000 1.393464000 0.118310000 -0.036706000 0.081283000 0.857062000 0.507436000
1520530367.552599907 -0.426624000 1.441832000 0.142181000 -0.048579000 0.069252000 0.856566000 0.509057000
1520530367.602610111 -0.412631000 1.493874000 0.159261000 -0.055723000 0.058629000 0.857404000 0.508248000
1520530367.652319908 -0.400200000 1.547960000 0.169614000 -0.058183000 0.049766000 0.860905000 0.502971000
1520530367.702320099 -0.389246000 1.604102000 0.171347000 -0.053506000 0.043874000 0.867240000 0.493059000
1520530367.752330065 -0.380199000 1.661346000 0.165608000 -0.043672000 0.042817000 0.874965000 0.480308000
1520530367.802330017 -0.372777000 1.718787000 0.154666000 -0.030212000 0.045834000 0.881694000 0.468617000
1520530367.852329969 -0.366845000 1.775920000 0.142047000 -0.009814000 0.048659000 0.888674000 0.455844000
1520530367.902329922 -0.363526000 1.832497000 0.130546000 0.016315000 0.049308000 0.898071000 0.436774000
1520530367.952339888 -0.360995000 1.887724000 0.121282000 0.042000000 0.048050000 0.908045000 0.413982000
1520530368.002340078 -0.355929000 1.941389000 0.115376000 0.065203000 0.045128000 0.915194000 0.395137000
1520530368.052190065 -0.347636000 1.992774000 0.112377000 0.085621000 0.041379000 0.918763000 0.383187000
1520530368.102190018 -0.334553000 2.042317000 0.112385000 0.104983000 0.035868000 0.919763000 0.376468000
1520530368.152189970 -0.315667000 2.089452000 0.115674000 0.120900000 0.030584000 0.919733000 0.372207000
1520530368.202189922 -0.291320000 2.133324000 0.123310000 0.131668000 0.024385000 0.919681000 0.369129000
1520530368.252190113 -0.261733000 2.173357000 0.135682000 0.135920000 0.014460000 0.918762000 0.370395000
1520530368.302190065 -0.228162000 2.208601000 0.152976000 0.136166000 -0.003829000 0.917370000 0.374001000
1520530368.352190018 -0.189312000 2.238141000 0.174306000 0.131900000 -0.028658000 0.914313000 0.381855000
1520530368.402189970 -0.144043000 2.260295000 0.197031000 0.123167000 -0.054694000 0.907300000 0.398303000
1520530368.452110052 -0.093500000 2.273472000 0.217114000 0.114300000 -0.077026000 0.894282000 0.425748000
1520530368.502110004 -0.039872000 2.277305000 0.232362000 0.111251000 -0.094201000 0.875580000 0.460552000
1520530368.552109957 0.016154000 2.272543000 0.241333000 0.110628000 -0.106332000 0.850528000 0.503048000
1520530368.602109909 0.073973000 2.261194000 0.244359000 0.106745000 -0.112325000 0.819053000 0.552395000
1520530368.652110100 0.130282000 2.245327000 0.241420000 0.099276000 -0.113676000 0.787130000 0.598036000
1520530368.702110052 0.185169000 2.226117000 0.232795000 0.092606000 -0.113606000 0.757739000 0.635885000
1520530368.752110004 0.239847000 2.202882000 0.219184000 0.088861000 -0.110049000 0.726814000 0.672112000
1520530368.802109957 0.293684000 2.176433000 0.201771000 0.086346000 -0.101849000 0.694199000 0.707289000
1520530368.851439953 0.345142000 2.146562000 0.184285000 0.086586000 -0.089414000 0.656568000 0.743927000
1520530368.901449919 0.394071000 2.113316000 0.170580000 0.086422000 -0.069716000 0.605843000 0.787797000
1520530368.951450109 0.440464000 2.079076000 0.162080000 0.094896000 -0.052782000 0.548450000 0.829103000
1520530369.001450062 0.482904000 2.044169000 0.158685000 0.103196000 -0.039985000 0.490985000 0.864110000
1520530369.051450014 0.521046000 2.009650000 0.158959000 0.104844000 -0.027301000 0.436048000 0.893378000
1520530369.101449966 0.555398000 1.974658000 0.161409000 0.099848000 -0.011927000 0.375583000 0.921317000
1520530369.151459932 0.585883000 1.937392000 0.164681000 0.087532000 0.003470000 0.307258000 0.947586000
1520530369.201459885 0.613767000 1.899717000 0.168424000 0.070297000 0.016907000 0.232604000 0.969880000
1520530369.251460075 0.638905000 1.862092000 0.170709000 0.054236000 0.025907000 0.158343000 0.985553000
1520530369.301599979 0.663576000 1.824862000 0.171179000 0.044940000 0.033458000 0.091946000 0.994187000
1520530369.351599932 0.689066000 1.788445000 0.170235000 0.040450000 0.039867000 0.032066000 0.997871000
1520530369.401599884 0.716670000 1.753487000 0.169561000 0.040157000 0.040762000 -0.016131000 0.998231000
1520530369.451600075 0.743764000 1.719538000 0.172159000 0.039226000 0.040794000 -0.056121000 0.996819000
1520530369.501600027 0.768087000 1.685765000 0.177944000 0.035089000 0.040987000 -0.098638000 0.993660000
1520530369.551609993 0.787704000 1.652416000 0.186803000 0.030477000 0.043357000 -0.156079000 0.986322000
1520530369.601609945 0.799361000 1.617257000 0.198624000 0.027684000 0.042282000 -0.215823000 0.975124000
1520530369.651609898 0.806922000 1.580762000 0.209960000 0.025638000 0.039373000 -0.268759000 0.962061000
1520530369.701960087 0.813938000 1.544067000 0.220072000 0.024667000 0.040119000 -0.312624000 0.948709000
1520530369.751960039 0.820199000 1.507260000 0.230035000 0.027019000 0.042477000 -0.347653000 0.936271000
1520530369.801959991 0.825834000 1.469611000 0.237358000 0.034430000 0.041599000 -0.372604000 0.926418000
1520530369.851959944 0.832649000 1.431973000 0.243891000 0.045705000 0.039014000 -0.393273000 0.917456000
1520530369.901969910 0.840430000 1.393721000 0.248818000 0.053288000 0.038083000 -0.414858000 0.907526000
1520530369.951970100 0.848007000 1.355360000 0.255075000 0.050311000 0.042860000 -0.436079000 0.897478000
1520530370.001970053 0.857647000 1.317636000 0.265727000 0.038517000 0.056538000 -0.453304000 0.888727000
1520530370.051970005 0.868617000 1.278372000 0.277061000 0.026940000 0.073599000 -0.469423000 0.879488000
1520530370.101989985 0.879958000 1.239217000 0.288206000 0.024079000 0.090883000 -0.487764000 0.867898000
1520530370.151989937 0.893486000 1.200002000 0.298688000 0.031463000 0.105754000 -0.500864000 0.858465000
1520530370.201999903 0.907417000 1.160591000 0.308638000 0.045241000 0.124365000 -0.509575000 0.850188000
1520530370.252000093 0.921274000 1.119233000 0.317246000 0.058549000 0.143467000 -0.519366000 0.840386000
1520530370.302000046 0.934687000 1.076173000 0.325295000 0.068908000 0.159113000 -0.529886000 0.830154000
1520530370.351999998 0.948493000 1.029935000 0.331081000 0.079353000 0.170046000 -0.538213000 0.821653000
1520530370.401999950 0.961876000 0.984232000 0.337339000 0.090286000 0.178194000 -0.547282000 0.812759000
1520530370.452009916 0.975211000 0.937679000 0.343074000 0.101281000 0.184738000 -0.556502000 0.803691000
1520530370.501950026 0.989159000 0.890170000 0.349031000 0.114613000 0.191982000 -0.562981000 0.795650000
1520530370.551949978 1.002356000 0.842204000 0.355370000 0.131191000 0.203362000 -0.565854000 0.788189000
1520530370.601959944 1.014745000 0.793408000 0.361550000 0.146022000 0.211413000 -0.570251000 0.780254000
1520530370.651949883 1.026585000 0.742772000 0.368866000 0.155457000 0.211516000 -0.576108000 0.774076000
1520530370.701950073 1.037701000 0.690378000 0.376051000 0.157734000 0.205288000 -0.580343000 0.772126000
1520530370.751960039 1.047062000 0.637508000 0.381540000 0.151560000 0.198889000 -0.585162000 0.771400000
1520530370.801959991 1.053901000 0.586706000 0.383966000 0.137784000 0.189603000 -0.592735000 0.770540000
1520530370.851959944 1.060086000 0.536142000 0.384004000 0.122046000 0.179645000 -0.603156000 0.767486000
1520530370.902009964 1.064821000 0.486425000 0.380905000 0.105514000 0.164655000 -0.614499000 0.764295000
1520530370.952009916 1.068105000 0.437438000 0.374752000 0.087107000 0.140826000 -0.623748000 0.763884000
1520530371.002010107 1.070060000 0.390328000 0.366750000 0.067729000 0.108741000 -0.632714000 0.763715000
1520530371.052020073 1.070985000 0.342643000 0.359298000 0.047122000 0.068719000 -0.640372000 0.763532000
1520530371.102020025 1.069703000 0.296664000 0.354106000 0.026166000 0.025204000 -0.649293000 0.759670000
1520530371.152019978 1.065515000 0.250198000 0.352736000 0.009797000 -0.010742000 -0.656044000 0.754583000
1520530371.202019930 1.057511000 0.206430000 0.353828000 -0.000258000 -0.035122000 -0.665427000 0.745636000
1520530371.252029896 1.048896000 0.164541000 0.356694000 -0.008744000 -0.059637000 -0.673600000 0.736634000
1520530371.302030087 1.041087000 0.124628000 0.360296000 -0.020405000 -0.081855000 -0.678565000 0.729680000
1520530371.352020025 1.031805000 0.086270000 0.364315000 -0.041589000 -0.101081000 -0.684880000 0.720411000
1520530371.402029991 1.019290000 0.048725000 0.368311000 -0.073210000 -0.118886000 -0.693277000 0.707017000
1520530371.452029943 1.004815000 0.012242000 0.371012000 -0.105286000 -0.136425000 -0.700213000 0.692824000
1520530371.502029896 0.987749000 -0.023653000 0.370142000 -0.127096000 -0.158103000 -0.703495000 0.681135000
1520530371.552030087 0.967794000 -0.057964000 0.366722000 -0.139693000 -0.176852000 -0.706914000 0.670434000
1520530371.602030039 0.945695000 -0.089286000 0.361796000 -0.142714000 -0.191215000 -0.712872000 0.659457000
1520530371.652029991 0.922041000 -0.118478000 0.356808000 -0.139699000 -0.202739000 -0.720774000 0.647971000
1520530371.702029943 0.896814000 -0.145015000 0.353213000 -0.134782000 -0.209747000 -0.730681000 0.635566000
1520530371.752029896 0.869365000 -0.166288000 0.352155000 -0.128900000 -0.211142000 -0.749424000 0.614140000
1520530371.802030087 0.840079000 -0.181687000 0.353160000 -0.126022000 -0.206094000 -0.774629000 0.584460000
1520530371.852030039 0.811224000 -0.192669000 0.356979000 -0.126497000 -0.191774000 -0.800700000 0.553265000
1520530371.902029991 0.782225000 -0.200261000 0.362066000 -0.125304000 -0.167941000 -0.827444000 0.520990000
1520530371.952029943 0.754152000 -0.205659000 0.366790000 -0.119744000 -0.138316000 -0.855187000 0.484959000
1520530372.002039909 0.727453000 -0.207440000 0.370891000 -0.110990000 -0.107902000 -0.882709000 0.443692000
1520530372.052040100 0.702308000 -0.211209000 0.374801000 -0.104515000 -0.082013000 -0.905388000 0.403266000
1520530372.102040052 0.677638000 -0.218948000 0.379400000 -0.098752000 -0.060010000 -0.922526000 0.368230000
1520530372.152019978 0.652425000 -0.232484000 0.385634000 -0.092165000 -0.042753000 -0.934820000 0.340279000
1520530372.202049971 0.626364000 -0.252401000 0.393891000 -0.082806000 -0.027874000 -0.942950000 0.321265000
1520530372.252029896 0.599852000 -0.279178000 0.405048000 -0.076322000 -0.015637000 -0.947396000 0.310437000
1520530372.302030087 0.572586000 -0.311853000 0.419314000 -0.073528000 -0.002755000 -0.949592000 0.304730000
1520530372.352030039 0.544699000 -0.349638000 0.434619000 -0.070207000 0.011323000 -0.951395000 0.299651000
1520530372.402040005 0.516549000 -0.392775000 0.447892000 -0.061932000 0.024876000 -0.951266000 0.301063000
1520530372.452039957 0.489093000 -0.439583000 0.456611000 -0.049157000 0.036432000 -0.948840000 0.309773000
1520530372.502039909 0.460417000 -0.488608000 0.460239000 -0.038871000 0.044936000 -0.945277000 0.320813000
1520530372.552030087 0.430467000 -0.538790000 0.457458000 -0.033424000 0.052503000 -0.940857000 0.333039000
1520530372.602040052 0.398169000 -0.591122000 0.448575000 -0.033775000 0.059785000 -0.934006000 0.350597000
1520530372.652040005 0.364459000 -0.644639000 0.433259000 -0.034751000 0.067102000 -0.924887000 0.372658000
1520530372.702039957 0.330344000 -0.698137000 0.411647000 -0.035648000 0.076066000 -0.914539000 0.395679000
1520530372.752039909 0.296163000 -0.750819000 0.385316000 -0.032685000 0.086354000 -0.903014000 0.419572000
1520530372.802040100 0.262877000 -0.802152000 0.356084000 -0.026240000 0.092000000 -0.890895000 0.444020000
1520530372.852050066 0.230746000 -0.850570000 0.326824000 -0.016394000 0.092050000 -0.878737000 0.468059000
1520530372.902050018 0.199415000 -0.896281000 0.302525000 -0.004479000 0.086589000 -0.866660000 0.491306000
1520530372.951699972 0.168330000 -0.938769000 0.285744000 0.003680000 0.075416000 -0.855137000 0.512875000
1520530373.001699924 0.137558000 -0.977412000 0.276849000 0.006238000 0.060748000 -0.843905000 0.533005000
1520530373.051700115 0.105333000 -1.010083000 0.276111000 -0.000049000 0.043741000 -0.835421000 0.547867000
1520530373.101700068 0.069851000 -1.035125000 0.283333000 -0.010871000 0.025721000 -0.833759000 0.551422000
1520530373.151700020 0.031232000 -1.050305000 0.296465000 -0.020611000 0.013453000 -0.841041000 0.540411000
1520530373.201699972 -0.010870000 -1.056458000 0.312811000 -0.030863000 0.006624000 -0.852339000 0.522036000
1520530373.251709938 -0.056000000 -1.053608000 0.329335000 -0.039554000 0.003115000 -0.864261000 0.501476000
1520530373.301709890 -0.103817000 -1.043752000 0.343972000 -0.048754000 -0.002098000 -0.875877000 0.480060000
1520530373.351540089 -0.153063000 -1.025911000 0.356521000 -0.056710000 -0.004914000 -0.888550000 0.455234000
1520530373.401540041 -0.204191000 -1.001634000 0.368030000 -0.063631000 -0.002466000 -0.901240000 0.428617000
1520530373.451539993 -0.254271000 -0.971890000 0.377713000 -0.068594000 0.003299000 -0.912831000 0.402521000
1520530373.501539946 -0.302620000 -0.936663000 0.384794000 -0.072589000 0.006387000 -0.923932000 0.375552000
1520530373.551549911 -0.349577000 -0.899529000 0.387773000 -0.073615000 0.006253000 -0.934721000 0.347618000
1520530373.601550102 -0.394631000 -0.860277000 0.385618000 -0.072318000 0.006278000 -0.943722000 0.322674000
1520530373.651550055 -0.438010000 -0.819767000 0.378254000 -0.068373000 0.009387000 -0.952463000 0.296734000
1520530373.701550007 -0.478659000 -0.775419000 0.365883000 -0.062681000 0.013243000 -0.961485000 0.267286000
1520530373.751549959 -0.516150000 -0.727420000 0.348033000 -0.053091000 0.013591000 -0.971672000 0.229893000
1520530373.801700115 -0.550645000 -0.677369000 0.325897000 -0.039488000 0.009782000 -0.981508000 0.187049000
1520530373.851670027 -0.581759000 -0.623994000 0.301289000 -0.023171000 0.004179000 -0.989581000 0.142039000
1520530373.901669979 -0.610265000 -0.567730000 0.276898000 -0.007195000 -0.000664000 -0.995233000 0.097260000
1520530373.951669931 -0.636634000 -0.512774000 0.255424000 0.006016000 -0.005902000 -0.998446000 0.055078000
1520530374.001669884 -0.658699000 -0.456769000 0.237478000 0.017092000 -0.011544000 -0.999695000 0.013606000
1520530374.051670074 -0.676472000 -0.400080000 0.224693000 -0.025927000 0.016883000 0.999058000 0.030436000
1520530374.101680040 -0.687640000 -0.343509000 0.217130000 -0.032702000 0.022643000 0.995919000 0.081017000
1520530374.151679993 -0.691303000 -0.288552000 0.214446000 -0.037866000 0.028581000 0.989428000 0.137047000
1520530374.202039957 -0.688576000 -0.235721000 0.215778000 -0.041642000 0.032692000 0.980372000 0.189916000
1520530374.252039909 -0.681720000 -0.186966000 0.220041000 -0.047050000 0.034995000 0.970026000 0.235821000
1520530374.302040100 -0.671558000 -0.141561000 0.226575000 -0.055509000 0.035932000 0.958016000 0.278987000
1520530374.352050066 -0.661531000 -0.098964000 0.235171000 -0.061769000 0.034518000 0.944729000 0.320127000
1520530374.402050018 -0.653777000 -0.057707000 0.244157000 -0.064225000 0.029004000 0.931905000 0.355790000
1520530374.452049971 -0.649801000 -0.016618000 0.253844000 -0.063289000 0.018170000 0.920862000 0.384288000
1520530374.502049923 -0.650624000 0.024364000 0.263928000 -0.061777000 0.003478000 0.911643000 0.406298000
1520530374.552050114 -0.659031000 0.066110000 0.276717000 -0.060300000 -0.013865000 0.905385000 0.420058000
1520530374.602499962 -0.673049000 0.109351000 0.290973000 -0.063341000 -0.030641000 0.902400000 0.425117000
1520530374.652499914 -0.692681000 0.152989000 0.305901000 -0.065636000 -0.045481000 0.901460000 0.425432000
1520530374.702500105 -0.716514000 0.197344000 0.320889000 -0.064373000 -0.057575000 0.902264000 0.422447000
1520530374.752500057 -0.745288000 0.241755000 0.334195000 -0.059644000 -0.064781000 0.908125000 0.409335000
1520530374.802500010 -0.777882000 0.286546000 0.343391000 -0.053290000 -0.067923000 0.917615000 0.387980000
1520530374.852499962 -0.811581000 0.332380000 0.346290000 -0.047464000 -0.068966000 0.926186000 0.367655000
1520530374.902509928 -0.846744000 0.379651000 0.344575000 -0.043770000 -0.069140000 0.934041000 0.347667000
1520530374.952510118 -0.883169000 0.428739000 0.336223000 -0.041456000 -0.068940000 0.942844000 0.323379000
1520530375.002530098 -0.920146000 0.479603000 0.320846000 -0.040759000 -0.064965000 0.951492000 0.297963000
1520530375.052540064 -0.957832000 0.531804000 0.300591000 -0.040093000 -0.053753000 0.959974000 0.271942000
1520530375.102540016 -0.995874000 0.583411000 0.277570000 -0.039179000 -0.034033000 0.968212000 0.244689000
1520530375.152539968 -1.033587000 0.633179000 0.256309000 -0.040535000 -0.009788000 0.975284000 0.216984000
1520530375.202539921 -1.071318000 0.680688000 0.241022000 -0.040989000 0.009241000 0.980514000 0.191902000
1520530375.252549887 -1.106166000 0.728925000 0.231924000 -0.039490000 0.018870000 0.984446000 0.170149000
1520530375.302540064 -1.136425000 0.775850000 0.229628000 -0.033086000 0.022911000 0.987359000 0.153307000
1520530375.352540016 -1.161284000 0.822295000 0.234087000 -0.022350000 0.024607000 0.990013000 0.136998000
1520530375.402339935 -1.179547000 0.868181000 0.243366000 -0.010173000 0.025182000 0.992069000 0.122726000
1520530375.452300072 -1.191243000 0.914444000 0.256558000 0.000166000 0.023232000 0.993624000 0.110326000
1520530375.502310038 -1.196102000 0.962882000 0.272191000 0.013368000 0.013947000 0.994995000 0.098041000
1520530375.552309990 -1.194093000 1.013780000 0.288095000 0.031262000 -0.002943000 0.995691000 0.087260000
1520530375.602309942 -1.184101000 1.066164000 0.302940000 0.048942000 -0.024338000 0.995228000 0.080830000
1520530375.652309895 -1.165271000 1.119289000 0.316940000 0.063146000 -0.047210000 0.993576000 0.081186000
1520530375.702320099 -1.139127000 1.172466000 0.331751000 0.069800000 -0.070752000 0.990829000 0.091540000
1520530375.752320051 -1.106115000 1.224548000 0.347933000 0.068969000 -0.098537000 0.986693000 0.109411000
1520530375.802320004 -1.067761000 1.277245000 0.364083000 0.068261000 -0.128814000 0.980284000 0.133378000
1520530375.852349997 -1.026822000 1.328570000 0.378471000 0.065009000 -0.158274000 0.972451000 0.158310000
1520530375.902349949 -0.983797000 1.377593000 0.388646000 0.063894000 -0.185073000 0.964275000 0.178434000
1520530375.952359915 -0.938455000 1.425940000 0.393190000 0.063277000 -0.204088000 0.956012000 0.200963000
1520530376.002360106 -0.890053000 1.473362000 0.390280000 0.064096000 -0.206813000 0.949043000 0.228994000
1520530376.052360058 -0.840028000 1.520957000 0.379913000 0.069759000 -0.191787000 0.944484000 0.257492000
1520530376.102360010 -0.786654000 1.568160000 0.362131000 0.078329000 -0.165776000 0.940632000 0.285646000
1520530376.152359962 -0.730990000 1.614922000 0.338884000 0.086043000 -0.135962000 0.934919000 0.316288000
1520530376.202359915 -0.673569000 1.658058000 0.311207000 0.090090000 -0.102214000 0.926986000 0.349475000
1520530376.252039909 -0.616568000 1.696716000 0.280656000 0.094562000 -0.062215000 0.917721000 0.380756000
1520530376.302040100 -0.559384000 1.729696000 0.248644000 0.101380000 -0.016164000 0.905873000 0.410919000
1520530376.352040052 -0.503324000 1.757761000 0.218887000 0.110265000 0.029128000 0.890632000 0.440191000
1520530376.402040005 -0.447180000 1.778569000 0.191957000 0.119389000 0.068933000 0.871064000 0.471425000
1520530376.452039957 -0.392022000 1.791291000 0.167595000 0.132789000 0.100799000 0.847565000 0.503825000
1520530376.502039909 -0.338313000 1.795184000 0.145751000 0.147544000 0.128947000 0.819792000 0.538094000
1520530376.552040100 -0.287338000 1.790246000 0.126364000 0.162503000 0.156150000 0.787401000 0.573768000
1520530376.602050066 -0.238020000 1.775747000 0.108036000 0.177068000 0.186738000 0.750538000 0.608661000
1520530376.652750015 -0.190103000 1.755198000 0.091045000 0.192040000 0.220221000 0.709571000 0.641197000
1520530376.702749968 -0.146935000 1.730553000 0.076145000 0.205496000 0.248686000 0.666148000 0.672438000
1520530376.752749920 -0.105573000 1.703145000 0.067154000 0.211625000 0.268097000 0.621799000 0.704773000
1520530376.802750111 -0.065549000 1.672223000 0.064297000 0.204283000 0.276756000 0.579771000 0.738607000
1520530376.852750063 -0.026935000 1.641719000 0.068733000 0.181761000 0.275264000 0.539819000 0.774460000
1520530376.902750015 0.009886000 1.612253000 0.081439000 0.146705000 0.264652000 0.501279000 0.810652000
1520530376.952759981 0.043834000 1.584666000 0.102852000 0.105267000 0.246805000 0.465230000 0.843544000
1520530377.002810001 0.075420000 1.562006000 0.129060000 0.061984000 0.226696000 0.432508000 0.870462000
1520530377.052979946 0.104801000 1.543097000 0.158197000 0.019853000 0.207224000 0.398732000 0.893128000
1520530377.102989912 0.132614000 1.530296000 0.187945000 -0.017623000 0.189379000 0.370369000 0.909204000
1520530377.152990103 0.160600000 1.522465000 0.215160000 -0.056094000 0.177144000 0.347808000 0.918968000
1520530377.202990055 0.188409000 1.516752000 0.241304000 -0.099531000 0.172481000 0.326865000 0.923852000
1520530377.252990007 0.218427000 1.514078000 0.263909000 -0.144842000 0.173954000 0.309239000 0.923651000
1520530377.302989960 0.250553000 1.515042000 0.282555000 -0.185086000 0.174389000 0.303848000 0.918155000
1520530377.352999926 0.286486000 1.519307000 0.296290000 -0.220030000 0.174202000 0.311248000 0.907946000
1520530377.403000116 0.325138000 1.526702000 0.305754000 -0.248442000 0.170622000 0.328138000 0.895260000
1520530377.451809883 0.365599000 1.537317000 0.312111000 -0.266422000 0.162341000 0.352763000 0.882169000
1520530377.501810074 0.409659000 1.550295000 0.315786000 -0.274866000 0.147610000 0.382126000 0.869850000
1520530377.551810026 0.453549000 1.563720000 0.319819000 -0.274542000 0.127850000 0.410777000 0.859967000
1520530377.601809978 0.498491000 1.574492000 0.324330000 -0.261592000 0.099750000 0.436652000 0.854959000
1520530377.651809931 0.542072000 1.580502000 0.330742000 -0.238667000 0.065245000 0.456563000 0.854594000
1520530377.701809883 0.584636000 1.582046000 0.336833000 -0.208532000 0.027476000 0.472599000 0.855809000
1520530377.751820087 0.625271000 1.578414000 0.341800000 -0.175439000 -0.012708000 0.485533000 0.856339000
1520530377.801820040 0.665055000 1.568259000 0.345512000 -0.144198000 -0.053110000 0.489210000 0.858522000
1520530377.851490021 0.704204000 1.551642000 0.346821000 -0.114484000 -0.095280000 0.487517000 0.860315000
1520530377.901499987 0.742119000 1.529555000 0.345135000 -0.083013000 -0.140235000 0.480293000 0.861836000
1520530377.951499939 0.778260000 1.501405000 0.338061000 -0.048532000 -0.183018000 0.468826000 0.862758000
1520530378.001499891 0.813136000 1.466970000 0.325719000 -0.008585000 -0.220061000 0.455052000 0.862802000
1520530378.051500082 0.844628000 1.428421000 0.308454000 0.032903000 -0.246694000 0.437337000 0.864173000
1520530378.101500034 0.872019000 1.384654000 0.287255000 0.070968000 -0.267114000 0.413444000 0.867570000
1520530378.151510000 0.894347000 1.335373000 0.264121000 0.101531000 -0.280579000 0.380935000 0.875132000
1520530378.201509953 0.909499000 1.282843000 0.239171000 0.125457000 -0.292371000 0.341760000 0.884296000
1520530378.251509905 0.920624000 1.228282000 0.213775000 0.143637000 -0.303881000 0.295777000 0.894170000
1520530378.301599979 0.920692000 1.174943000 0.186501000 0.153748000 -0.311480000 0.249066000 0.904051000
1520530378.351599932 0.917438000 1.123141000 0.159373000 0.157386000 -0.313317000 0.203535000 0.914131000
1520530378.401599884 0.904702000 1.074253000 0.132187000 0.155895000 -0.308784000 0.158296000 0.924820000
1520530378.451600075 0.888455000 1.027059000 0.105061000 0.150518000 -0.301344000 0.111525000 0.934932000
1520530378.501610041 0.867711000 0.981657000 0.079060000 0.142352000 -0.290619000 0.062444000 0.944128000
1520530378.551609993 0.842740000 0.939326000 0.056403000 0.132696000 -0.277886000 0.012954000 0.951316000
1520530378.601660013 0.816262000 0.900119000 0.037787000 0.122537000 -0.262517000 -0.035824000 0.956444000
1520530378.651609898 0.791029000 0.862931000 0.025204000 0.111981000 -0.245321000 -0.082328000 0.959427000
1520530378.702300072 0.766325000 0.828007000 0.019559000 0.100191000 -0.225317000 -0.127109000 0.960748000
1520530378.752300024 0.742801000 0.796671000 0.022719000 0.085873000 -0.197920000 -0.171713000 0.961233000
1520530378.802299976 0.720655000 0.768601000 0.036300000 0.067755000 -0.163615000 -0.211354000 0.961233000
1520530378.852299929 0.703375000 0.741909000 0.057199000 0.047453000 -0.128539000 -0.244371000 0.959952000
1520530378.902299881 0.689827000 0.717018000 0.083827000 0.027608000 -0.093411000 -0.274155000 0.956740000
1520530378.952310085 0.682029000 0.691751000 0.114613000 0.007165000 -0.061591000 -0.299288000 0.952146000
1520530379.002310038 0.678668000 0.666853000 0.146875000 -0.011660000 -0.026765000 -0.318645000 0.947424000
1520530379.052309990 0.681497000 0.639695000 0.177615000 -0.027426000 0.011479000 -0.329047000 0.943845000
1520530379.102240086 0.688923000 0.608683000 0.203878000 -0.036865000 0.053376000 -0.329353000 0.941976000
1520530379.152240038 0.702118000 0.574753000 0.226208000 -0.042785000 0.097425000 -0.321603000 0.940877000
1520530379.202239990 0.719472000 0.537380000 0.242443000 -0.047810000 0.138523000 -0.307074000 0.940336000
1520530379.252239943 0.741507000 0.493766000 0.252152000 -0.054146000 0.174478000 -0.287762000 0.940116000
1520530379.302239895 0.765310000 0.446386000 0.258876000 -0.061456000 0.202710000 -0.263693000 0.941062000
1520530379.352240086 0.794187000 0.396095000 0.260972000 -0.067922000 0.225069000 -0.237521000 0.942504000
1520530379.402250051 0.824974000 0.344189000 0.258689000 -0.070915000 0.239353000 -0.210330000 0.945221000
1520530379.452250004 0.857711000 0.289886000 0.253092000 -0.067077000 0.244033000 -0.179842000 0.950582000
1520530379.501929998 0.893374000 0.237717000 0.241832000 -0.058870000 0.238396000 -0.149794000 0.957739000
1520530379.551929951 0.930699000 0.185001000 0.227932000 -0.048563000 0.222230000 -0.119129000 0.966470000
1520530379.601939917 0.967762000 0.132750000 0.210173000 -0.036862000 0.197465000 -0.086009000 0.975834000
1520530379.651940107 1.004150000 0.081219000 0.191044000 -0.024401000 0.165096000 -0.057009000 0.984326000
1520530379.701940060 1.039355000 0.031843000 0.170340000 -0.011878000 0.127870000 -0.034645000 0.991115000
1520530379.751940012 1.072670000 -0.018158000 0.149416000 0.001167000 0.085913000 -0.014688000 0.996194000
1520530379.801939964 1.105149000 -0.065641000 0.129900000 0.014804000 0.043220000 0.003543000 0.998950000
1520530379.851939917 1.134816000 -0.112817000 0.114928000 0.026466000 0.003515000 0.015625000 0.999521000
1520530379.901910067 1.159569000 -0.158539000 0.107294000 0.031576000 -0.036471000 0.019109000 0.998653000
1520530379.951910019 1.176174000 -0.203960000 0.108032000 0.029767000 -0.078657000 0.016588000 0.996319000
1520530380.001919985 1.184847000 -0.246852000 0.115529000 0.021804000 -0.121740000 0.009992000 0.992272000
1520530380.051919937 1.183404000 -0.289208000 0.128327000 0.008815000 -0.162148000 -0.004829000 0.986715000
1520530380.101919889 1.172496000 -0.328570000 0.144593000 -0.007621000 -0.201383000 -0.027119000 0.979107000
1520530380.151920080 1.152096000 -0.368540000 0.161852000 -0.024430000 -0.235932000 -0.054184000 0.969950000
1520530380.201980114 1.124200000 -0.404960000 0.177237000 -0.040071000 -0.262702000 -0.086198000 0.960183000
1520530380.251919985 1.089763000 -0.439195000 0.188843000 -0.054511000 -0.287068000 -0.118598000 0.948976000
1520530380.301820040 1.048866000 -0.468489000 0.195606000 -0.066931000 -0.308230000 -0.150814000 0.936894000
1520530380.352250099 1.001400000 -0.495415000 0.196267000 -0.077911000 -0.325082000 -0.183202000 0.924494000
1520530380.402250051 0.949611000 -0.519407000 0.190574000 -0.088525000 -0.338688000 -0.213591000 0.912049000
1520530380.452250004 0.893175000 -0.535297000 0.180470000 -0.098507000 -0.345109000 -0.244887000 0.900681000
1520530380.502249956 0.834535000 -0.546296000 0.168812000 -0.107539000 -0.341393000 -0.279315000 0.890993000
1520530380.552249908 0.773705000 -0.550926000 0.156637000 -0.115249000 -0.328699000 -0.319973000 0.881075000
1520530380.602260113 0.712340000 -0.550017000 0.143738000 -0.120987000 -0.312519000 -0.364486000 0.868817000
1520530380.652260065 0.652299000 -0.541518000 0.131027000 -0.123493000 -0.296560000 -0.408435000 0.854390000
1520530380.702260017 0.595078000 -0.527842000 0.116041000 -0.122579000 -0.283006000 -0.450993000 0.837549000
1520530380.752219915 0.541403000 -0.506714000 0.098971000 -0.118848000 -0.276769000 -0.495763000 0.814551000
1520530380.802220106 0.491123000 -0.478203000 0.079327000 -0.113331000 -0.274810000 -0.543031000 0.785336000
1520530380.852230072 0.444729000 -0.443607000 0.057694000 -0.106628000 -0.270850000 -0.592677000 0.751002000
1520530380.902230024 0.403074000 -0.403087000 0.035554000 -0.099826000 -0.261314000 -0.644309000 0.711770000
1520530380.952229977 0.366893000 -0.357399000 0.014725000 -0.095066000 -0.245585000 -0.693503000 0.670600000
1520530381.002229929 0.337210000 -0.307265000 -0.003560000 -0.093222000 -0.225501000 -0.737955000 0.629191000
1520530381.052229881 0.314657000 -0.255548000 -0.016856000 -0.093010000 -0.204595000 -0.778179000 0.586453000
1520530381.102230072 0.301120000 -0.202362000 -0.025422000 -0.092146000 -0.186913000 -0.814469000 0.541492000
1520530381.152139902 0.295497000 -0.150649000 -0.029574000 -0.089691000 -0.174401000 -0.846965000 0.494155000
1520530381.202140093 0.297591000 -0.099205000 -0.030449000 -0.084771000 -0.163216000 -0.876349000 0.445182000
1520530381.252140045 0.305388000 -0.049952000 -0.028401000 -0.077994000 -0.150705000 -0.903466000 0.393643000
1520530381.302139997 0.317346000 -0.004040000 -0.023159000 -0.072809000 -0.138491000 -0.925993000 0.343593000
1520530381.352139950 0.331256000 0.038853000 -0.015202000 -0.067305000 -0.126220000 -0.942719000 0.301363000
1520530381.402139902 0.343400000 0.079437000 -0.005853000 -0.057173000 -0.112955000 -0.955557000 0.266240000
1520530381.452150106 0.353805000 0.119216000 0.003985000 -0.044603000 -0.097929000 -0.965867000 0.235631000
1520530381.502150059 0.359622000 0.158600000 0.014186000 -0.033104000 -0.082997000 -0.973495000 0.210532000
1520530381.552350044 0.361621000 0.198764000 0.024794000 -0.022011000 -0.069812000 -0.978980000 0.190368000
1520530381.602349997 0.359431000 0.240678000 0.037089000 -0.009368000 -0.056161000 -0.982710000 0.176179000
1520530381.652359962 0.352884000 0.282621000 0.052100000 0.005586000 -0.040145000 -0.985323000 0.165818000
1520530381.702359915 0.343974000 0.326311000 0.069646000 0.025544000 -0.022266000 -0.986795000 0.158393000
1520530381.752360106 0.333143000 0.370554000 0.090105000 0.047108000 -0.004543000 -0.987312000 0.151578000
1520530381.802409887 0.319634000 0.414840000 0.110467000 0.072034000 0.012932000 -0.986848000 0.144135000
1520530381.852360010 0.303142000 0.456507000 0.130264000 0.102168000 0.032956000 -0.983994000 0.142237000
1520530381.902359962 0.281429000 0.495507000 0.146092000 0.130260000 0.053151000 -0.978407000 0.151417000
1520530381.952419996 0.255284000 0.533094000 0.156907000 0.154372000 0.066599000 -0.971122000 0.169282000
1520530382.002419949 0.225274000 0.569993000 0.161168000 0.174773000 0.071685000 -0.963356000 0.190421000
1520530382.052429914 0.192804000 0.606584000 0.159482000 0.189041000 0.071564000 -0.955919000 0.212979000
1520530382.102430105 0.157316000 0.641233000 0.153113000 0.198244000 0.069934000 -0.948684000 0.236237000
1520530382.152430058 0.121321000 0.675537000 0.144025000 0.199573000 0.066314000 -0.942180000 0.260903000
1520530382.202430010 0.084495000 0.708838000 0.132097000 0.196447000 0.061208000 -0.936609000 0.283595000
1520530382.252429962 0.048995000 0.740030000 0.121591000 0.188798000 0.051904000 -0.931770000 0.305723000
1520530382.302429914 0.014327000 0.769411000 0.111667000 0.176598000 0.037141000 -0.926485000 0.330241000
1520530382.352250099 -0.018837000 0.798481000 0.102691000 0.163916000 0.022027000 -0.920866000 0.353062000
1520530382.402250051 -0.049651000 0.827338000 0.095384000 0.149652000 0.009169000 -0.915842000 0.372495000
1520530382.452250004 -0.077679000 0.853878000 0.089923000 0.129200000 -0.002762000 -0.911765000 0.389851000
1520530382.502249956 -0.103131000 0.881433000 0.085559000 0.101962000 -0.015784000 -0.907588000 0.406987000
1520530382.552249908 -0.126123000 0.908807000 0.081929000 0.072492000 -0.030316000 -0.902437000 0.423597000
1520530382.602250099 -0.146886000 0.937754000 0.078784000 0.043600000 -0.045275000 -0.896941000 0.437660000
1520530382.652260065 -0.165815000 0.968955000 0.075490000 0.010745000 -0.062728000 -0.889617000 0.452252000
1520530382.702260017 -0.181967000 1.002966000 0.072963000 -0.026276000 -0.081504000 -0.879866000 0.467443000
1520530382.752259970 -0.194491000 1.040772000 0.070900000 -0.058940000 -0.096649000 -0.870423000 0.479112000
1520530382.802330017 -0.203139000 1.082969000 0.069564000 -0.085290000 -0.106223000 -0.864032000 0.484656000
1520530382.852329969 -0.207861000 1.129322000 0.069354000 -0.105912000 -0.112443000 -0.860985000 0.484606000
1520530382.902329922 -0.208423000 1.178955000 0.069601000 -0.123412000 -0.118675000 -0.859703000 0.481245000
1520530382.952339888 -0.206725000 1.231716000 0.069044000 -0.138907000 -0.129031000 -0.858731000 0.476064000
1520530383.002340078 -0.201005000 1.283073000 0.068198000 -0.146602000 -0.144036000 -0.859975000 0.467123000
1520530383.052340031 -0.194254000 1.335759000 0.065683000 -0.147998000 -0.159513000 -0.860926000 0.459847000
1520530383.102339983 -0.186436000 1.389104000 0.061778000 -0.142379000 -0.167742000 -0.863923000 0.453021000
1520530383.152349949 -0.176584000 1.441765000 0.057734000 -0.136783000 -0.168709000 -0.870311000 0.442025000
1520530383.202300072 -0.166884000 1.495030000 0.053465000 -0.133391000 -0.167023000 -0.878396000 0.427470000
1520530383.252300024 -0.158300000 1.550064000 0.047663000 -0.123201000 -0.164885000 -0.887932000 0.411352000
1520530383.302299976 -0.150628000 1.605525000 0.040353000 -0.106026000 -0.162725000 -0.897896000 0.395048000
1520530383.352309942 -0.144605000 1.661848000 0.032936000 -0.082289000 -0.159444000 -0.907748000 0.379210000
1520530383.402359962 -0.140662000 1.717784000 0.027676000 -0.057415000 -0.152913000 -0.916497000 0.365177000
1520530383.452310085 -0.139920000 1.771262000 0.026346000 -0.036457000 -0.144173000 -0.922760000 0.355528000
1520530383.502310038 -0.143136000 1.822520000 0.029626000 -0.016109000 -0.132869000 -0.927358000 0.349418000
1520530383.552309990 -0.150537000 1.872120000 0.036186000 0.004118000 -0.120161000 -0.930983000 0.344696000
1520530383.602570057 -0.161723000 1.919686000 0.046768000 0.023908000 -0.107802000 -0.933219000 0.341920000
1520530383.652570009 -0.175680000 1.963571000 0.059290000 0.042650000 -0.094493000 -0.934757000 0.339825000
1520530383.702569962 -0.193389000 2.003389000 0.072493000 0.057343000 -0.081556000 -0.934994000 0.340362000
1520530383.752569914 -0.216391000 2.038817000 0.085055000 0.068229000 -0.069426000 -0.932967000 0.346551000
1520530383.802570105 -0.245260000 2.070226000 0.095805000 0.076386000 -0.056701000 -0.928134000 0.359884000
1520530383.852580070 -0.279504000 2.098684000 0.103534000 0.081085000 -0.042326000 -0.920457000 0.379990000
1520530383.902580023 -0.318739000 2.124246000 0.108787000 0.083408000 -0.025966000 -0.911163000 0.402679000
1520530383.952579975 -0.361546000 2.145903000 0.112470000 0.082409000 -0.009276000 -0.900266000 0.427368000
1520530384.002629995 -0.406309000 2.163440000 0.113813000 0.080295000 0.005793000 -0.886407000 0.455853000
1520530384.052629948 -0.452780000 2.179188000 0.112962000 0.076822000 0.017692000 -0.869240000 0.488065000
1520530384.102629900 -0.499302000 2.188353000 0.110462000 0.073570000 0.029667000 -0.850475000 0.520000000
1520530384.152630091 -0.546258000 2.191369000 0.106548000 0.066620000 0.039800000 -0.828871000 0.554032000
1520530384.202640057 -0.592741000 2.188012000 0.101834000 0.057162000 0.044536000 -0.803266000 0.591196000
1520530384.252640009 -0.637259000 2.177450000 0.095911000 0.048834000 0.042742000 -0.774333000 0.629442000
1520530384.302639961 -0.679748000 2.160824000 0.088513000 0.036181000 0.027729000 -0.741754000 0.669121000
1520530384.352639914 -0.720179000 2.140710000 0.080157000 0.021705000 0.000045000 -0.706386000 0.707494000
1520530384.402539968 -0.758553000 2.117101000 0.070949000 0.008541000 -0.033979000 -0.670255000 0.741303000
1520530384.452539921 -0.793019000 2.087116000 0.060044000 -0.004679000 -0.070171000 -0.633300000 0.770704000
1520530384.502540112 -0.827038000 2.055244000 0.049702000 -0.017457000 -0.103020000 -0.598689000 0.794137000
1520530384.552540064 -0.860974000 2.021605000 0.039981000 -0.025535000 -0.127502000 -0.568827000 0.812112000
1520530384.602540016 -0.893975000 1.985643000 0.031496000 -0.028426000 -0.146557000 -0.540570000 0.827947000
1520530384.652539968 -0.925788000 1.948288000 0.025090000 -0.027425000 -0.162972000 -0.514049000 0.841690000
1520530384.702549934 -0.956411000 1.909950000 0.022554000 -0.022592000 -0.174907000 -0.488968000 0.854288000
1520530384.752549887 -0.985509000 1.871771000 0.023493000 -0.012912000 -0.176041000 -0.467384000 0.866254000
1520530384.802959919 -1.014775000 1.834366000 0.027593000 0.002593000 -0.159704000 -0.451600000 0.877807000
1520530384.852960110 -1.043532000 1.798206000 0.032737000 0.023016000 -0.123678000 -0.439917000 0.889183000
1520530384.902960062 -1.071863000 1.761141000 0.039389000 0.045490000 -0.077028000 -0.426470000 0.900067000
1520530384.952960014 -1.099648000 1.722184000 0.046965000 0.065820000 -0.027864000 -0.411028000 0.908816000
1520530385.003020048 -1.126794000 1.679933000 0.055375000 0.079675000 0.019749000 -0.394039000 0.915421000
1520530385.052969933 -1.153189000 1.634469000 0.064394000 0.088307000 0.064560000 -0.375681000 0.920271000
1520530385.102969885 -1.178026000 1.585223000 0.073874000 0.094306000 0.108994000 -0.357622000 0.922677000
1520530385.152970076 -1.199495000 1.531725000 0.083365000 0.097053000 0.149199000 -0.338857000 0.923849000
1520530385.202970028 -1.217398000 1.473869000 0.091951000 0.096780000 0.181456000 -0.316505000 0.926030000
1520530385.252810001 -1.229431000 1.412389000 0.098862000 0.094224000 0.206849000 -0.288501000 0.930109000
1520530385.302809954 -1.234112000 1.347337000 0.102323000 0.088332000 0.221790000 -0.254419000 0.937165000
1520530385.352809906 -1.231405000 1.279835000 0.102764000 0.081735000 0.230111000 -0.219577000 0.944539000
1520530385.402810097 -1.219969000 1.212426000 0.098766000 0.073412000 0.230645000 -0.182397000 0.952966000
1520530385.452820063 -1.200110000 1.148100000 0.089479000 0.065011000 0.225059000 -0.141246000 0.961858000
1520530385.502820015 -1.172685000 1.088200000 0.074617000 0.059645000 0.213804000 -0.097844000 0.970132000
1520530385.552819967 -1.139807000 1.032833000 0.055077000 0.059429000 0.199976000 -0.055493000 0.976421000
1520530385.602819920 -1.103573000 0.981042000 0.031477000 0.062744000 0.187098000 -0.016508000 0.980196000
1520530385.652590036 -1.065527000 0.932693000 0.006043000 0.069520000 0.175001000 0.019866000 0.981910000
1520530385.702589989 -1.023492000 0.888529000 -0.022220000 0.081914000 0.159799000 0.053572000 0.982285000
1520530385.752589941 -0.980035000 0.846739000 -0.049270000 0.100183000 0.141965000 0.083881000 0.981210000
1520530385.802589893 -0.935220000 0.808227000 -0.070923000 0.120871000 0.126974000 0.114660000 0.977814000
1520530385.852600098 -0.888798000 0.771841000 -0.084874000 0.137901000 0.111567000 0.148632000 0.972854000
1520530385.902600050 -0.842068000 0.736398000 -0.089739000 0.149403000 0.092492000 0.182033000 0.967465000
1520530385.952600002 -0.796771000 0.702138000 -0.084371000 0.157815000 0.073414000 0.210853000 0.961897000
1520530386.002599955 -0.755458000 0.669017000 -0.069343000 0.162255000 0.057875000 0.236626000 0.956207000
1520530386.052649975 -0.718592000 0.637310000 -0.046257000 0.160943000 0.039275000 0.262909000 0.950491000
1520530386.102649927 -0.685582000 0.603388000 -0.017953000 0.153950000 0.022133000 0.288627000 0.944724000
1520530386.152650118 -0.656260000 0.566421000 0.013767000 0.142756000 0.010054000 0.311800000 0.939309000
1520530386.202650070 -0.631756000 0.524683000 0.046511000 0.129686000 -0.004259000 0.328646000 0.935497000
1520530386.252650023 -0.612156000 0.478503000 0.077872000 0.118437000 -0.025138000 0.341234000 0.932148000
1520530386.302659988 -0.599663000 0.428389000 0.106737000 0.110687000 -0.047243000 0.351349000 0.928477000
1520530386.352659941 -0.592924000 0.373871000 0.128821000 0.105505000 -0.061648000 0.355246000 0.926752000
1520530386.402659893 -0.591483000 0.315561000 0.142740000 0.099817000 -0.065203000 0.351793000 0.928454000
1520530386.452869892 -0.596463000 0.257671000 0.149630000 0.091444000 -0.057842000 0.342286000 0.933345000
1520530386.502870083 -0.607131000 0.201809000 0.149908000 0.084719000 -0.048960000 0.331445000 0.938387000
1520530386.552870035 -0.620167000 0.144396000 0.143618000 0.083040000 -0.035810000 0.318791000 0.943501000
1520530386.602920055 -0.636879000 0.088421000 0.133388000 0.085954000 -0.013220000 0.305407000 0.948242000
1520530386.652869940 -0.656341000 0.034533000 0.121292000 0.092639000 0.008821000 0.291347000 0.952081000
1520530386.702869892 -0.677841000 -0.017763000 0.109249000 0.099872000 0.026101000 0.273748000 0.956246000
1520530386.752870083 -0.699467000 -0.071673000 0.099033000 0.106137000 0.041354000 0.252752000 0.960802000
1520530386.802880049 -0.721411000 -0.126074000 0.092851000 0.110833000 0.056612000 0.230980000 0.964966000
1520530386.852780104 -0.742604000 -0.181191000 0.092074000 0.111546000 0.070361000 0.209996000 0.968766000
1520530386.902780056 -0.760728000 -0.237922000 0.096621000 0.106383000 0.081163000 0.190938000 0.972439000
1520530386.952790022 -0.773727000 -0.294493000 0.107995000 0.095234000 0.090916000 0.175323000 0.975667000
1520530387.002789974 -0.780673000 -0.348424000 0.128100000 0.079839000 0.101779000 0.164878000 0.977794000
1520530387.052789927 -0.779769000 -0.398972000 0.156084000 0.058692000 0.112875000 0.159809000 0.978915000
1520530387.102790117 -0.771565000 -0.445087000 0.189991000 0.032848000 0.122189000 0.157953000 0.979307000
1520530387.152790070 -0.755994000 -0.489741000 0.227279000 0.007447000 0.128911000 0.157124000 0.979101000
1520530387.202790022 -0.736552000 -0.530710000 0.265934000 -0.014427000 0.136979000 0.154453000 0.978352000
1520530387.252710104 -0.711826000 -0.567228000 0.301847000 -0.035066000 0.143629000 0.156411000 0.976564000
1520530387.302710056 -0.680845000 -0.600808000 0.331490000 -0.055193000 0.150455000 0.164672000 0.973242000
1520530387.352710009 -0.644434000 -0.632226000 0.352708000 -0.070239000 0.155818000 0.180641000 0.968585000
1520530387.402709961 -0.602136000 -0.662107000 0.364400000 -0.078545000 0.162894000 0.200125000 0.962936000
1520530387.452709913 -0.554221000 -0.690367000 0.366015000 -0.082148000 0.169723000 0.222826000 0.956449000
1520530387.502710104 -0.501451000 -0.716482000 0.356851000 -0.082099000 0.168810000 0.250122000 0.949843000
1520530387.552710056 -0.445635000 -0.740109000 0.336687000 -0.077736000 0.162998000 0.279095000 0.943130000
1520530387.602720022 -0.387730000 -0.760779000 0.306201000 -0.067094000 0.157228000 0.312344000 0.934462000
1520530387.652719975 -0.328885000 -0.778241000 0.268215000 -0.051312000 0.159156000 0.348415000 0.922303000
1520530387.702559948 -0.270372000 -0.788976000 0.225826000 -0.033013000 0.166082000 0.387763000 0.906072000
1520530387.752559900 -0.212501000 -0.792454000 0.181073000 -0.014019000 0.172074000 0.429586000 0.886369000
1520530387.802560091 -0.156508000 -0.787260000 0.136103000 0.004356000 0.176543000 0.471248000 0.864140000
1520530387.852560043 -0.104564000 -0.772439000 0.092542000 0.024138000 0.181263000 0.513215000 0.838553000
1520530387.902559996 -0.056624000 -0.749355000 0.052255000 0.045066000 0.187693000 0.553051000 0.810478000
1520530387.952559948 -0.011868000 -0.718206000 0.016362000 0.067499000 0.192930000 0.591668000 0.779840000
1520530388.002569914 0.030612000 -0.680534000 -0.012996000 0.086484000 0.199298000 0.630098000 0.745504000
1520530388.052570105 0.070169000 -0.636069000 -0.034206000 0.096855000 0.206486000 0.667745000 0.708589000
1520530388.102600098 0.107427000 -0.587293000 -0.045857000 0.097830000 0.210355000 0.702492000 0.672819000
1520530388.152600050 0.143234000 -0.536146000 -0.048079000 0.095614000 0.206852000 0.733189000 0.640706000
1520530388.202640057 0.177320000 -0.484636000 -0.040599000 0.094244000 0.196475000 0.762987000 0.608578000
1520530388.252599955 0.211947000 -0.436369000 -0.023103000 0.091183000 0.182068000 0.791389000 0.576402000
1520530388.302599907 0.245826000 -0.394156000 0.003020000 0.088644000 0.161888000 0.816618000 0.546872000
1520530388.352600098 0.280187000 -0.361656000 0.036837000 0.087142000 0.139106000 0.837104000 0.521836000
1520530388.402600050 0.315442000 -0.338631000 0.076754000 0.084258000 0.117462000 0.851843000 0.503455000
1520530388.452600002 0.350977000 -0.326097000 0.120507000 0.079247000 0.095994000 0.862939000 0.489736000
1520530388.502949953 0.388061000 -0.321546000 0.163789000 0.072158000 0.071867000 0.870835000 0.480910000
1520530388.552949905 0.428372000 -0.323069000 0.199854000 0.064585000 0.049825000 0.874687000 0.477776000
1520530388.602950096 0.472291000 -0.329295000 0.226326000 0.058342000 0.035896000 0.874517000 0.480134000
1520530388.652950048 0.518297000 -0.339199000 0.242287000 0.059303000 0.027032000 0.872419000 0.484394000
1520530388.702950001 0.566678000 -0.351785000 0.246040000 0.063680000 0.024194000 0.868733000 0.490574000
1520530388.752959967 0.617596000 -0.366749000 0.238625000 0.066400000 0.027629000 0.864264000 0.497870000
1520530388.802959919 0.668978000 -0.383432000 0.222288000 0.063861000 0.037436000 0.859310000 0.506070000
1520530388.852960110 0.719788000 -0.400809000 0.200442000 0.057180000 0.050786000 0.854289000 0.514141000
1520530388.902329922 0.768483000 -0.417852000 0.177066000 0.048846000 0.066547000 0.848649000 0.522475000
1520530388.952330112 0.817307000 -0.434008000 0.153717000 0.044289000 0.082142000 0.843310000 0.529263000
1520530389.002330065 0.865936000 -0.448257000 0.133325000 0.040525000 0.098101000 0.839651000 0.532653000
1520530389.052330017 0.911216000 -0.461286000 0.116570000 0.032979000 0.116090000 0.835956000 0.535363000
1520530389.102329969 0.953039000 -0.471980000 0.104232000 0.025570000 0.132212000 0.830770000 0.540082000
1520530389.152329922 0.992529000 -0.478375000 0.096504000 0.020309000 0.147213000 0.823639000 0.547298000
1520530389.202330112 1.031099000 -0.479186000 0.095102000 0.020468000 0.159678000 0.815930000 0.555285000
1520530389.252340078 1.069731000 -0.473281000 0.101060000 0.021915000 0.166740000 0.810722000 0.560756000
1520530389.303020000 1.108427000 -0.459695000 0.114458000 0.014123000 0.167275000 0.808701000 0.563757000
1520530389.353029966 1.144890000 -0.437847000 0.134272000 -0.003322000 0.157556000 0.809164000 0.566056000
1520530389.403029919 1.176966000 -0.407127000 0.159126000 -0.023134000 0.137425000 0.812362000 0.566257000
1520530389.453030109 1.202928000 -0.367924000 0.187898000 -0.040091000 0.111685000 0.818686000 0.561847000
1520530389.503030062 1.221226000 -0.320031000 0.219301000 -0.054232000 0.086468000 0.829111000 0.549689000
1520530389.553030014 1.232727000 -0.264178000 0.249669000 -0.066286000 0.064279000 0.844282000 0.527884000
1520530389.603029966 1.238327000 -0.201785000 0.274710000 -0.073348000 0.046777000 0.860601000 0.501794000
1520530389.653039932 1.238729000 -0.136441000 0.290941000 -0.075648000 0.037610000 0.875958000 0.474932000
1520530389.702939987 1.232602000 -0.069996000 0.297592000 -0.078504000 0.034725000 0.891445000 0.444924000
1520530389.753489971 1.221448000 -0.001603000 0.293670000 -0.084350000 0.034724000 0.907597000 0.409813000
1520530389.803529978 1.207671000 0.068181000 0.279232000 -0.092190000 0.038418000 0.923928000 0.369299000
1520530389.853490114 1.190875000 0.139333000 0.254778000 -0.096206000 0.045815000 0.939379000 0.325903000
1520530389.903500080 1.168531000 0.211558000 0.220681000 -0.090118000 0.056952000 0.954587000 0.278206000
1520530389.953500032 1.142465000 0.283145000 0.178486000 -0.078383000 0.073935000 0.966448000 0.233170000
1520530390.003499985 1.113660000 0.351900000 0.130306000 -0.065432000 0.098190000 0.973620000 0.195297000
1520530390.053499937 1.082640000 0.415814000 0.078553000 -0.053281000 0.129248000 0.976965000 0.161234000
1520530390.103499889 1.048647000 0.474225000 0.026114000 -0.041312000 0.169214000 0.976549000 0.126539000
1520530390.152650118 1.011649000 0.524988000 -0.022993000 -0.028514000 0.215155000 0.972117000 0.088789000
1520530390.202650070 0.969870000 0.569526000 -0.067999000 -0.016758000 0.262006000 0.963828000 0.045906000
1520530390.252660036 0.924733000 0.608733000 -0.105219000 -0.009627000 0.304005000 0.952620000 0.002096000
1520530390.302659988 0.878709000 0.644672000 -0.132927000 0.009283000 -0.340450000 -0.939195000 0.043823000
1520530390.352659941 0.831698000 0.678140000 -0.149341000 0.017188000 -0.370486000 -0.924625000 0.086681000
1520530390.402659893 0.784941000 0.711066000 -0.154023000 0.028152000 -0.394925000 -0.909718000 0.125117000
1520530390.452660084 0.738106000 0.746801000 -0.147376000 0.041766000 -0.410101000 -0.896923000 0.160003000
1520530390.502670050 0.692674000 0.785392000 -0.131534000 0.056988000 -0.413278000 -0.888047000 0.193201000
1520530390.553410053 0.646319000 0.827504000 -0.107437000 0.068266000 -0.402092000 -0.885171000 0.223907000
1520530390.603410006 0.600210000 0.870945000 -0.078347000 0.073001000 -0.376162000 -0.889025000 0.250615000
1520530390.653409958 0.557078000 0.918026000 -0.041848000 0.073811000 -0.338801000 -0.897509000 0.272477000
1520530390.703419924 0.516322000 0.965356000 0.000703000 0.070917000 -0.294912000 -0.907447000 0.290754000
1520530390.753420115 0.480052000 1.011872000 0.048096000 0.063453000 -0.246847000 -0.917521000 0.305281000
1520530390.803420067 0.449769000 1.056529000 0.099319000 0.050508000 -0.194760000 -0.927393000 0.315372000
1520530390.853420019 0.425993000 1.099062000 0.151890000 0.034700000 -0.140023000 -0.936077000 0.320858000
1520530390.903419971 0.409346000 1.139236000 0.202997000 0.019263000 -0.083717000 -0.942750000 0.322247000
1520530390.953469992 0.399285000 1.175141000 0.251441000 0.000842000 -0.026333000 -0.946679000 0.321098000
1520530391.003469944 0.393677000 1.209032000 0.294054000 -0.019930000 0.028977000 -0.947786000 0.316963000
1520530391.053469896 0.390778000 1.242382000 0.329890000 -0.042911000 0.078413000 -0.945746000 0.312370000
1520530391.103470087 0.389690000 1.276764000 0.358336000 -0.064691000 0.121606000 -0.941354000 0.308025000
1520530391.153470039 0.388483000 1.313219000 0.379007000 -0.083876000 0.158957000 -0.935239000 0.305001000
1520530391.203469992 0.385113000 1.353155000 0.392274000 -0.099600000 0.190496000 -0.928521000 0.302722000
1520530391.253469944 0.379370000 1.397179000 0.397365000 -0.109223000 0.211423000 -0.923448000 0.301021000
1520530391.303469896 0.369282000 1.448059000 0.392333000 -0.107940000 0.211703000 -0.923883000 0.299952000
1520530391.352410078 0.356957000 1.500479000 0.379308000 -0.096984000 0.187282000 -0.930769000 0.298643000
1520530391.402440071 0.341830000 1.558929000 0.357358000 -0.078847000 0.143300000 -0.941382000 0.295038000
1520530391.452409983 0.325930000 1.617508000 0.329662000 -0.059027000 0.090340000 -0.950654000 0.290879000
1520530391.502409935 0.309548000 1.673497000 0.296825000 -0.034967000 0.034938000 -0.956511000 0.287476000
1520530391.552409887 0.294107000 1.725236000 0.260508000 -0.011880000 -0.018902000 -0.958269000 0.284994000
1520530391.602410078 0.279317000 1.772460000 0.223623000 0.002395000 -0.066518000 -0.956610000 0.283666000
1520530391.652410030 0.264428000 1.817806000 0.188376000 0.010750000 -0.107465000 -0.953235000 0.282276000
1520530391.702409983 0.250235000 1.862357000 0.157012000 0.019846000 -0.142588000 -0.948839000 0.281031000
1520530391.752490044 0.236086000 1.907382000 0.131905000 0.027721000 -0.171485000 -0.944587000 0.278533000
1520530391.802500010 0.222067000 1.953036000 0.114848000 0.033714000 -0.188837000 -0.942692000 0.273011000
1520530391.852499962 0.207354000 1.999470000 0.106845000 0.035611000 -0.193572000 -0.944074000 0.264550000
1520530391.902499914 0.191608000 2.046973000 0.109557000 0.035472000 -0.184746000 -0.947849000 0.257278000
1520530391.952500105 0.175336000 2.094412000 0.122288000 0.030537000 -0.160773000 -0.953378000 0.253554000
1520530392.002500057 0.158671000 2.142274000 0.142898000 0.021567000 -0.124575000 -0.960416000 0.248227000
1520530392.052500010 0.143730000 2.189153000 0.170014000 0.008609000 -0.082315000 -0.968068000 0.236631000
1520530392.102499962 0.132123000 2.232062000 0.201835000 -0.003458000 -0.037745000 -0.975037000 0.218785000
1520530392.152509928 0.124343000 2.270050000 0.235217000 -0.011040000 0.010214000 -0.980219000 0.197343000
1520530392.203210115 0.119420000 2.304707000 0.268678000 -0.018221000 0.062759000 -0.981850000 0.178047000
1520530392.253210068 0.115055000 2.336722000 0.300305000 -0.024488000 0.117741000 -0.979200000 0.163414000
1520530392.303210020 0.111834000 2.367248000 0.331619000 -0.028222000 0.172702000 -0.972693000 0.152468000
1520530392.353219986 0.110234000 2.395451000 0.360692000 -0.030883000 0.225290000 -0.963490000 0.141344000
1520530392.403219938 0.109801000 2.421509000 0.387080000 -0.035753000 0.273822000 -0.952298000 0.129891000
1520530392.453219891 0.110553000 2.447557000 0.409622000 -0.041282000 0.318090000 -0.939796000 0.117888000
1520530392.503220081 0.112675000 2.473951000 0.428698000 -0.041331000 0.354991000 -0.928348000 0.102193000
1520530392.553220034 0.115189000 2.499353000 0.443691000 -0.039140000 0.381155000 -0.919626000 0.086470000
1520530392.602309942 0.116039000 2.527616000 0.453617000 -0.036498000 0.395081000 -0.915018000 0.072942000
1520530392.652309895 0.114148000 2.560517000 0.459402000 -0.032674000 0.394488000 -0.916445000 0.058645000
1520530392.702310085 0.110026000 2.594688000 0.457054000 -0.028281000 0.377094000 -0.924464000 0.048658000
1520530392.752310038 0.103435000 2.632073000 0.446143000 -0.022558000 0.340796000 -0.938909000 0.042406000
1520530392.802309990 0.097010000 2.669470000 0.427129000 -0.017003000 0.286249000 -0.957503000 0.031003000
1520530392.852309942 0.092737000 2.705263000 0.401258000 -0.015608000 0.217895000 -0.975731000 0.015077000
1520530392.902309895 0.088275000 2.737486000 0.369973000 0.017065000 -0.142185000 0.989693000 0.000379000
1520530392.952310085 0.085064000 2.761461000 0.333619000 0.022159000 -0.071663000 0.997053000 0.016077000
1520530393.002239943 0.080841000 2.779505000 0.297962000 0.028894000 -0.020832000 0.998687000 0.036815000
1520530393.052220106 0.077461000 2.787871000 0.259983000 0.033830000 0.011163000 0.997466000 0.061580000
1520530393.102220058 0.072499000 2.788480000 0.221337000 0.032299000 0.038990000 0.994844000 0.087875000
1520530393.152220011 0.064200000 2.782461000 0.182084000 0.030607000 0.072082000 0.990745000 0.110863000
1520530393.202229977 0.051904000 2.772956000 0.144849000 0.030102000 0.109625000 0.984951000 0.130186000
1520530393.252229929 0.034624000 2.760870000 0.112401000 0.033168000 0.146406000 0.978553000 0.141062000
1520530393.302229881 0.012295000 2.745098000 0.087959000 0.035436000 0.176360000 0.972963000 0.144861000
1520530393.352230072 -0.014155000 2.728969000 0.074387000 0.032015000 0.197855000 0.968847000 0.145475000
1520530393.402990103 -0.045057000 2.712395000 0.074330000 0.025998000 0.206000000 0.967435000 0.144769000
1520530393.452990055 -0.075385000 2.695335000 0.086457000 0.021443000 0.192075000 0.970600000 0.143467000
1520530393.502990007 -0.107405000 2.673188000 0.110314000 0.017122000 0.153268000 0.977903000 0.141144000
1520530393.552989960 -0.137587000 2.644073000 0.141823000 0.016943000 0.091678000 0.986301000 0.136085000
1520530393.602989912 -0.165672000 2.605735000 0.177025000 0.019524000 0.014002000 0.991397000 0.128666000
1520530393.652990103 -0.191157000 2.559979000 0.211840000 0.020749000 -0.070759000 0.990208000 0.118533000
1520530393.702990055 -0.213786000 2.507913000 0.244899000 0.017833000 -0.151085000 0.982375000 0.108604000
1520530393.752990007 -0.234102000 2.450956000 0.273343000 0.013701000 -0.216569000 0.970582000 0.104309000
1520530393.803020000 -0.253264000 2.392744000 0.296412000 0.012044000 -0.263967000 0.958634000 0.105814000
1520530393.853019953 -0.271760000 2.335369000 0.313444000 0.014597000 -0.293829000 0.949585000 0.108348000
1520530393.903029919 -0.290627000 2.281479000 0.323607000 0.017588000 -0.306972000 0.945372000 0.108307000
1520530393.953030109 -0.308989000 2.231659000 0.327799000 0.019833000 -0.308646000 0.944967000 0.106688000
1520530394.003030062 -0.327664000 2.186152000 0.325799000 0.022376000 -0.306034000 0.946110000 0.103526000
1520530394.053030014 -0.345538000 2.146164000 0.317055000 0.023208000 -0.293740000 0.950110000 0.102323000
1520530394.103029966 -0.363330000 2.110817000 0.300531000 0.021963000 -0.262498000 0.959270000 0.102049000
1520530394.153029919 -0.381846000 2.076346000 0.276817000 0.021976000 -0.212478000 0.971715000 0.100697000
1520530394.202229977 -0.400571000 2.041080000 0.249007000 0.023727000 -0.153188000 0.982919000 0.099202000
1520530394.252229929 -0.419778000 2.002943000 0.219098000 0.025805000 -0.092057000 0.990665000 0.097175000
1520530394.302229881 -0.439861000 1.961861000 0.189035000 0.032207000 -0.033776000 0.994670000 0.091942000
1520530394.352240086 -0.459290000 1.919545000 0.158347000 0.037168000 0.023990000 0.995442000 0.084482000
1520530394.402240038 -0.478552000 1.874424000 0.127806000 0.041163000 0.082664000 0.992930000 0.074577000
1520530394.452239990 -0.498013000 1.825562000 0.097844000 0.044881000 0.140956000 0.987018000 0.062556000
1520530394.502239943 -0.518430000 1.773948000 0.070020000 0.048405000 0.193334000 0.978927000 0.044508000
1520530394.552239895 -0.539791000 1.720073000 0.046755000 0.049179000 0.234456000 0.970673000 0.020151000
1520530394.602260113 -0.561216000 1.664320000 0.027676000 -0.048292000 -0.263569000 -0.963383000 0.009655000
1520530394.652940035 -0.583912000 1.606023000 0.012755000 -0.041683000 -0.283805000 -0.957200000 0.038553000
1520530394.702950001 -0.606545000 1.548183000 0.004922000 -0.037739000 -0.291276000 -0.953536000 0.067099000
1520530394.752939939 -0.628627000 1.489533000 0.005696000 -0.032009000 -0.280753000 -0.954328000 0.097007000
1520530394.802949905 -0.648622000 1.429392000 0.015676000 -0.027385000 -0.249683000 -0.959112000 0.130433000
1520530394.852950096 -0.668484000 1.368326000 0.033523000 -0.025502000 -0.204847000 -0.964495000 0.164732000
1520530394.902950048 -0.687908000 1.305959000 0.058475000 -0.025179000 -0.159225000 -0.966978000 0.197400000
1520530394.952950001 -0.705845000 1.243777000 0.089094000 -0.031568000 -0.115871000 -0.966389000 0.227311000
1520530395.002949953 -0.722831000 1.182404000 0.122852000 -0.046056000 -0.068711000 -0.963773000 0.253573000
1520530395.053790092 -0.739586000 1.119932000 0.156511000 -0.062741000 -0.019573000 -0.958969000 0.275788000
1520530395.103790045 -0.754805000 1.057492000 0.183484000 -0.073347000 0.020255000 -0.951863000 0.296929000
1520530395.153800011 -0.768641000 0.993989000 0.201577000 -0.076834000 0.043291000 -0.942493000 0.322381000
1520530395.203799963 -0.780782000 0.929463000 0.209305000 -0.072699000 0.048878000 -0.931936000 0.351883000
1520530395.253799915 -0.791922000 0.866095000 0.207624000 -0.062841000 0.044950000 -0.921660000 0.380228000
1520530395.303800106 -0.802763000 0.803945000 0.198042000 -0.054117000 0.035760000 -0.911046000 0.407171000
1520530395.353800058 -0.811823000 0.743536000 0.182459000 -0.044187000 0.022114000 -0.900089000 0.432896000
1520530395.403800011 -0.819176000 0.681543000 0.161528000 -0.035691000 0.001671000 -0.887015000 0.460357000
1520530395.452769995 -0.820823000 0.621445000 0.138795000 -0.031421000 -0.023686000 -0.872709000 0.486653000
1520530395.502769947 -0.817550000 0.560475000 0.113813000 -0.027301000 -0.049954000 -0.860181000 0.506801000
1520530395.552769899 -0.809689000 0.501908000 0.088268000 -0.022855000 -0.077675000 -0.849068000 0.522042000
1520530395.602770090 -0.795966000 0.447120000 0.062089000 -0.014672000 -0.103327000 -0.840444000 0.531754000
1520530395.652770042 -0.775678000 0.396998000 0.036451000 -0.006841000 -0.127633000 -0.833838000 0.537008000
1520530395.702769995 -0.747598000 0.354495000 0.012486000 -0.002858000 -0.147275000 -0.830653000 0.536952000
1520530395.752769947 -0.711839000 0.319852000 -0.010399000 -0.002743000 -0.160104000 -0.831559000 0.531853000
1520530395.802779913 -0.669650000 0.293295000 -0.031704000 -0.004610000 -0.165444000 -0.837489000 0.520787000
1520530395.853140116 -0.621078000 0.272653000 -0.052696000 -0.006713000 -0.166135000 -0.846856000 0.505162000
1520530395.903140068 -0.567227000 0.258421000 -0.072350000 -0.002384000 -0.163677000 -0.859426000 0.484345000
1520530395.953140020 -0.509112000 0.245511000 -0.090369000 0.005140000 -0.161345000 -0.873850000 0.458614000
1520530396.003139973 -0.447280000 0.234413000 -0.105270000 0.010846000 -0.162766000 -0.888411000 0.429087000
1520530396.053139925 -0.382127000 0.226101000 -0.116325000 0.011959000 -0.170340000 -0.901866000 0.396837000
1520530396.103140116 -0.314995000 0.217370000 -0.125896000 0.010138000 -0.178026000 -0.914558000 0.363026000
1520530396.153150082 -0.245981000 0.207122000 -0.135013000 0.008928000 -0.177652000 -0.928616000 0.325628000
1520530396.203150034 -0.175714000 0.194898000 -0.143774000 0.009339000 -0.168698000 -0.943267000 0.285833000
1520530396.253289938 -0.104012000 0.179466000 -0.151465000 0.008477000 -0.154143000 -0.956651000 0.246955000
1520530396.303299904 -0.030532000 0.162069000 -0.157491000 0.010776000 -0.138297000 -0.968244000 0.207992000
1520530396.353300095 0.045522000 0.141402000 -0.161226000 0.013111000 -0.127289000 -0.977458000 0.167932000
1520530396.403300047 0.122593000 0.117404000 -0.161594000 0.012316000 -0.124530000 -0.983999000 0.126829000
1520530396.453299999 0.199744000 0.090599000 -0.158582000 0.009633000 -0.126732000 -0.988278000 0.084570000
1520530396.503299952 0.275840000 0.063346000 -0.152875000 0.005965000 -0.130044000 -0.990642000 0.041014000
1520530396.553299904 0.350314000 0.036359000 -0.144634000 -0.001837000 0.133404000 0.991047000 0.005075000
1520530396.603310108 0.422337000 0.009654000 -0.133339000 0.000738000 0.135967000 0.989391000 0.051167000
1520530396.653310061 0.490970000 -0.015633000 -0.118490000 0.002652000 0.136572000 0.986224000 0.093288000
1520530396.703210115 0.555493000 -0.038585000 -0.099834000 0.002111000 0.133113000 0.982530000 0.130039000
1520530396.753210068 0.615613000 -0.058035000 -0.077036000 -0.000952000 0.125412000 0.978858000 0.161580000
1520530396.803210020 0.670652000 -0.074452000 -0.050698000 -0.004868000 0.114606000 0.975366000 0.188421000
1520530396.853209972 0.718882000 -0.085321000 -0.017989000 -0.010258000 0.102198000 0.972078000 0.210987000
1520530396.903209925 0.760310000 -0.091784000 0.020862000 -0.020327000 0.089167000 0.968343000 0.232268000
1520530396.953219891 0.794923000 -0.094932000 0.064647000 -0.030852000 0.071808000 0.965167000 0.249690000
1520530397.003220081 0.819554000 -0.093540000 0.113107000 -0.042329000 0.047848000 0.963502000 0.259965000
1520530397.053220034 0.833616000 -0.088992000 0.163649000 -0.056613000 0.022789000 0.962670000 0.263707000
1520530397.102839947 0.837605000 -0.083441000 0.212285000 -0.069595000 -0.002519000 0.962775000 0.261179000
1520530397.152849913 0.830161000 -0.075128000 0.258337000 -0.081734000 -0.024011000 0.964456000 0.250135000
1520530397.202850103 0.809502000 -0.062164000 0.300368000 -0.095305000 -0.042424000 0.967030000 0.232314000
1520530397.252850056 0.777369000 -0.047036000 0.334658000 -0.106637000 -0.057727000 0.970706000 0.207428000
1520530397.302850008 0.735286000 -0.031492000 0.359681000 -0.114306000 -0.070412000 0.974994000 0.177098000
1520530397.352849960 0.683278000 -0.017498000 0.373891000 -0.116510000 -0.083072000 0.979613000 0.141008000
1520530397.402849913 0.623297000 -0.005438000 0.375402000 -0.117842000 -0.093607000 0.983319000 0.102150000
1520530397.452850103 0.556596000 0.003939000 0.363648000 -0.118744000 -0.098130000 0.986017000 0.063569000
1520530397.502360106 0.484310000 0.010725000 0.338440000 -0.117027000 -0.092881000 0.988442000 0.025705000
1520530397.552370071 0.406864000 0.013146000 0.299809000 0.109436000 0.076621000 -0.990894000 0.016813000
1520530397.602370024 0.326406000 0.010086000 0.250553000 0.098522000 0.052058000 -0.991986000 0.059557000
1520530397.652369976 0.243342000 0.000642000 0.192848000 0.084506000 0.022724000 -0.990811000 0.103134000
1520530397.702369928 0.159027000 -0.016189000 0.130813000 0.068332000 -0.008800000 -0.986915000 0.145784000
1520530397.752370119 0.075442000 -0.039382000 0.067285000 0.052554000 -0.043563000 -0.980244000 0.185637000
1520530397.802370071 -0.007109000 -0.069091000 0.005111000 0.040932000 -0.082520000 -0.970385000 0.223312000
1520530397.852370024 -0.087898000 -0.104621000 -0.052412000 0.035198000 -0.123648000 -0.956784000 0.260840000
1520530397.902640104 -0.166743000 -0.144463000 -0.102156000 0.032927000 -0.162611000 -0.939263000 0.300432000
1520530397.952650070 -0.241762000 -0.186733000 -0.141703000 0.032743000 -0.195659000 -0.919406000 0.339613000
1520530398.002650023 -0.312577000 -0.229066000 -0.170143000 0.035618000 -0.223837000 -0.898207000 0.376632000
1520530398.052649975 -0.379462000 -0.266954000 -0.186642000 0.041485000 -0.247172000 -0.876390000 0.411249000
1520530398.102649927 -0.443291000 -0.299322000 -0.192351000 0.048474000 -0.263931000 -0.854722000 0.444343000
1520530398.152650118 -0.504831000 -0.322723000 -0.187186000 0.054437000 -0.270090000 -0.834812000 0.476631000
1520530398.202660084 -0.564075000 -0.336019000 -0.171177000 0.054655000 -0.265065000 -0.817727000 0.508011000
1520530398.252660036 -0.620113000 -0.338334000 -0.143514000 0.047797000 -0.249943000 -0.802886000 0.539090000
1520530398.303430080 -0.674060000 -0.328639000 -0.102466000 0.030915000 -0.226579000 -0.789701000 0.569278000
1520530398.353430033 -0.724524000 -0.308199000 -0.050983000 0.005511000 -0.199119000 -0.780498000 0.592574000
1520530398.403429985 -0.769103000 -0.274753000 0.008279000 -0.020198000 -0.167194000 -0.778637000 0.604453000
1520530398.453429937 -0.805403000 -0.233078000 0.074111000 -0.048143000 -0.135851000 -0.778463000 0.610919000
1520530398.503429890 -0.831096000 -0.183375000 0.141601000 -0.069492000 -0.102099000 -0.781819000 0.611151000
1520530398.553430080 -0.846045000 -0.125586000 0.207960000 -0.085176000 -0.063913000 -0.791628000 0.601652000
1520530398.603430033 -0.851229000 -0.063017000 0.269741000 -0.102691000 -0.026278000 -0.803128000 0.586302000
1520530398.653429985 -0.847668000 0.004241000 0.323906000 -0.115002000 0.009663000 -0.816729000 0.565363000
1520530398.703279972 -0.839267000 0.075249000 0.366770000 -0.121499000 0.037971000 -0.831290000 0.541066000
1520530398.753279924 -0.822801000 0.147978000 0.396613000 -0.122613000 0.057775000 -0.847972000 0.512418000
1520530398.803280115 -0.800636000 0.221546000 0.412590000 -0.122844000 0.071304000 -0.865763000 0.479875000
1520530398.853280067 -0.772455000 0.295808000 0.414038000 -0.122928000 0.081077000 -0.883268000 0.445143000
1520530398.903280020 -0.738674000 0.369951000 0.401311000 -0.123432000 0.085751000 -0.900921000 0.407127000
1520530398.953279972 -0.699988000 0.443147000 0.374045000 -0.120379000 0.082062000 -0.918191000 0.368374000
1520530399.003279924 -0.655874000 0.513986000 0.333528000 -0.110346000 0.067229000 -0.936252000 0.326704000
1520530399.053289890 -0.608377000 0.580300000 0.283355000 -0.097045000 0.042938000 -0.953404000 0.282418000
1520530399.103290081 -0.550918000 0.638360000 0.227745000 -0.090690000 0.014208000 -0.967361000 0.236192000
1520530399.152379990 -0.487556000 0.686726000 0.171008000 -0.090818000 -0.016392000 -0.977540000 0.189469000
1520530399.202379942 -0.416435000 0.726995000 0.112891000 -0.092706000 -0.048153000 -0.984647000 0.139848000
1520530399.252379894 -0.338775000 0.758622000 0.056315000 -0.096957000 -0.077130000 -0.988466000 0.087095000
1520530399.302390099 -0.255959000 0.781081000 0.003226000 -0.104372000 -0.104647000 -0.988488000 0.032341000
1520530399.352390051 -0.169746000 0.795160000 -0.044775000 0.114244000 0.131522000 0.984434000 0.023223000
1520530399.402390003 -0.081064000 0.802236000 -0.086573000 0.125002000 0.154367000 0.977088000 0.076446000
1520530399.452389956 0.008188000 0.803845000 -0.120564000 0.130934000 0.170130000 0.968388000 0.127033000
1520530399.502389908 0.096342000 0.802955000 -0.144955000 0.128964000 0.180219000 0.959036000 0.176466000
1520530399.553060055 0.184551000 0.800300000 -0.158876000 0.117787000 0.187150000 0.948493000 0.226854000
1520530399.603060007 0.268278000 0.798001000 -0.161132000 0.102093000 0.191592000 0.937137000 0.273210000
1520530399.653059959 0.346491000 0.797582000 -0.151304000 0.081898000 0.195733000 0.925994000 0.312277000
1520530399.703059912 0.417589000 0.800807000 -0.130258000 0.057908000 0.194892000 0.915451000 0.347295000
1520530399.753070116 0.481033000 0.810341000 -0.098698000 0.038498000 0.186116000 0.905633000 0.379089000
1520530399.803070068 0.538730000 0.826596000 -0.059774000 0.021680000 0.174585000 0.897013000 0.405484000
1520530399.853070021 0.590863000 0.850970000 -0.015249000 0.008544000 0.159036000 0.890831000 0.425504000
1520530399.903069973 0.637289000 0.884360000 0.032677000 -0.005641000 0.139414000 0.887746000 0.438679000
1520530399.953330040 0.676803000 0.925721000 0.084418000 -0.027663000 0.114919000 0.885936000 0.448494000
1520530400.003329992 0.709509000 0.973599000 0.136845000 -0.052875000 0.087230000 0.884776000 0.454715000
1520530400.053339958 0.732828000 1.026513000 0.191392000 -0.073995000 0.057915000 0.884444000 0.457087000
1520530400.103339911 0.748364000 1.085471000 0.244588000 -0.089950000 0.028939000 0.884828000 0.456235000
1520530400.153340101 0.754571000 1.153708000 0.294460000 -0.099129000 0.001183000 0.886867000 0.451263000
1520530400.203340054 0.759664000 1.221337000 0.340698000 -0.099289000 -0.023566000 0.891411000 0.441558000
1520530400.253340006 0.757320000 1.289307000 0.383069000 -0.095928000 -0.044309000 0.898095000 0.426918000
1520530400.303349972 0.748708000 1.358849000 0.420469000 -0.094655000 -0.064442000 0.906672000 0.405997000
1520530400.352560043 0.734802000 1.427867000 0.451521000 -0.096969000 -0.086506000 0.916069000 0.379383000
1520530400.402559996 0.715443000 1.499370000 0.476053000 -0.100509000 -0.105212000 0.926442000 0.347180000
1520530400.452559948 0.690269000 1.572057000 0.490925000 -0.102132000 -0.114844000 0.937763000 0.311416000
1520530400.502559900 0.662144000 1.644716000 0.496896000 -0.098455000 -0.117806000 0.950207000 0.271173000
1520530400.552560091 0.630950000 1.717520000 0.493561000 -0.090457000 -0.117956000 0.962493000 0.226960000
1520530400.602560043 0.594390000 1.787222000 0.480169000 -0.080835000 -0.117118000 0.972898000 0.182262000
1520530400.652570009 0.555204000 1.853259000 0.457172000 -0.074341000 -0.113996000 0.980593000 0.141123000
1520530400.702569962 0.515030000 1.916374000 0.426329000 -0.067595000 -0.106908000 0.986776000 0.101367000
1520530400.752350092 0.473030000 1.974911000 0.386765000 -0.059000000 -0.092665000 0.992208000 0.058782000
1520530400.802350044 0.428637000 2.028035000 0.339224000 -0.055573000 -0.070236000 0.995844000 0.016553000
1520530400.852349997 0.380289000 2.074414000 0.288012000 0.054997000 0.043743000 -0.997208000 0.025264000
1520530400.902349949 0.329064000 2.112077000 0.236808000 0.055443000 0.016067000 -0.996153000 0.065936000
1520530400.952359915 0.274581000 2.141015000 0.188644000 0.058531000 -0.011347000 -0.992634000 0.105467000
1520530401.002360106 0.216181000 2.161304000 0.145420000 0.062564000 -0.034692000 -0.986382000 0.148095000
1520530401.052360058 0.153424000 2.172755000 0.108545000 0.064063000 -0.054525000 -0.976649000 0.197684000
1520530401.102360010 0.087373000 2.177279000 0.080551000 0.067657000 -0.073448000 -0.962561000 0.252000000
1520530401.152359962 0.019388000 2.172468000 0.060484000 0.072604000 -0.089282000 -0.944788000 0.306810000
1520530401.202810049 -0.049512000 2.162878000 0.050066000 0.075213000 -0.097323000 -0.925616000 0.357919000
1520530401.252810001 -0.118002000 2.148631000 0.053013000 0.069924000 -0.098188000 -0.906921000 0.403689000
1520530401.302819967 -0.183840000 2.130757000 0.070363000 0.059130000 -0.092991000 -0.887310000 0.447814000
1520530401.352819920 -0.244498000 2.109898000 0.102002000 0.044182000 -0.079208000 -0.866508000 0.490854000
1520530401.402820110 -0.298412000 2.081773000 0.144626000 0.028640000 -0.054835000 -0.844977000 0.531212000
1520530401.452820063 -0.343460000 2.052975000 0.195083000 0.012661000 -0.027367000 -0.822690000 0.567690000
1520530401.502820015 -0.379884000 2.023474000 0.249361000 -0.006303000 -0.003265000 -0.797339000 0.603490000
1520530401.552829981 -0.406699000 1.987489000 0.302463000 -0.024108000 0.018543000 -0.768136000 0.639564000
1520530401.603100061 -0.425230000 1.948921000 0.350314000 -0.038892000 0.038660000 -0.734406000 0.676491000
1520530401.653100014 -0.437293000 1.910179000 0.389975000 -0.050818000 0.058943000 -0.698311000 0.711551000
1520530401.703099966 -0.439371000 1.868947000 0.421322000 -0.061794000 0.079251000 -0.659966000 0.744544000
1520530401.753099918 -0.433140000 1.827105000 0.440954000 -0.072467000 0.097168000 -0.616393000 0.778053000
1520530401.803100109 -0.418408000 1.784511000 0.446272000 -0.079320000 0.109178000 -0.566227000 0.813127000
1520530401.853100061 -0.395140000 1.742443000 0.436836000 -0.080664000 0.114267000 -0.512206000 0.847397000
1520530401.903110027 -0.364194000 1.702135000 0.412611000 -0.078333000 0.112211000 -0.455378000 0.879718000
1520530401.953109980 -0.323429000 1.666226000 0.375111000 -0.067715000 0.108471000 -0.401879000 0.906720000
1520530402.002340078 -0.277873000 1.636202000 0.326606000 -0.048394000 0.103783000 -0.355301000 0.927711000
1520530402.052340031 -0.222703000 1.613141000 0.270071000 -0.023175000 0.093015000 -0.308781000 0.946290000
1520530402.102339983 -0.161451000 1.598401000 0.208521000 0.009837000 0.085352000 -0.261266000 0.961435000
1520530402.152349949 -0.091481000 1.591923000 0.145751000 0.043420000 0.080471000 -0.209446000 0.973536000
1520530402.202349901 -0.014464000 1.594522000 0.083612000 0.073538000 0.079240000 -0.154263000 0.982098000
1520530402.252350092 0.068633000 1.603887000 0.025127000 0.100210000 0.077344000 -0.095753000 0.987323000
1520530402.302350044 0.156754000 1.620495000 -0.027867000 0.125204000 0.073387000 -0.036212000 0.988750000
1520530402.352349997 0.249702000 1.644070000 -0.072767000 0.151080000 0.067752000 0.023019000 0.985928000
1520530402.402630091 0.345818000 1.673260000 -0.107798000 0.177768000 0.065772000 0.081610000 0.978475000
1520530402.452630043 0.440543000 1.704244000 -0.132004000 0.199823000 0.065055000 0.137515000 0.967951000
1520530402.502629995 0.534701000 1.735007000 -0.143945000 0.213767000 0.061564000 0.188503000 0.956546000
1520530402.552629948 0.625494000 1.762114000 -0.143553000 0.220395000 0.046443000 0.232397000 0.946182000
1520530402.602629900 0.711097000 1.783818000 -0.131122000 0.220098000 0.031373000 0.269607000 0.936955000
1520530402.652729988 0.790132000 1.798859000 -0.106662000 0.213234000 0.013877000 0.301727000 0.929139000
1520530402.702640057 0.860372000 1.805908000 -0.072692000 0.200655000 -0.002829000 0.328162000 0.923060000
1520530402.752640009 0.921635000 1.805880000 -0.029411000 0.183126000 -0.018507000 0.350774000 0.918194000
1520530402.803479910 0.973452000 1.793176000 0.022516000 0.159391000 -0.032987000 0.369799000 0.914743000
1520530402.853480101 1.014315000 1.774338000 0.078269000 0.131279000 -0.047102000 0.384221000 0.912645000
1520530402.903480053 1.048621000 1.748888000 0.135747000 0.100420000 -0.062672000 0.396891000 0.910201000
1520530402.953480005 1.073084000 1.717133000 0.195096000 0.067185000 -0.079495000 0.408893000 0.906627000
1520530403.003479958 1.087920000 1.682297000 0.255254000 0.032198000 -0.095603000 0.420148000 0.901831000
1520530403.053479910 1.093755000 1.644151000 0.313074000 -0.004437000 -0.108088000 0.429807000 0.896417000
1520530403.103480101 1.091067000 1.604006000 0.368331000 -0.040448000 -0.118641000 0.433609000 0.892340000
1520530403.153490067 1.081371000 1.561318000 0.417345000 -0.071711000 -0.128886000 0.434283000 0.888619000
1520530403.202990055 1.067223000 1.515635000 0.456692000 -0.095720000 -0.131806000 0.431066000 0.887495000
1520530403.252990007 1.046010000 1.462944000 0.485395000 -0.111861000 -0.126497000 0.419075000 0.892111000
1520530403.302989960 1.020020000 1.405823000 0.504315000 -0.122684000 -0.121407000 0.397615000 0.901172000
1520530403.352999926 0.990218000 1.344891000 0.512098000 -0.129150000 -0.117566000 0.369571000 0.912642000
1520530403.403000116 0.955615000 1.282253000 0.509552000 -0.128983000 -0.114383000 0.339463000 0.924686000
1520530403.453000069 0.919003000 1.213268000 0.493983000 -0.122306000 -0.110607000 0.306373000 0.937519000
1520530403.503000021 0.877757000 1.142718000 0.467586000 -0.112466000 -0.105953000 0.268210000 0.950888000
1520530403.552999973 0.832692000 1.072799000 0.430408000 -0.098503000 -0.102891000 0.228871000 0.962979000
1520530403.602999926 0.784690000 1.003831000 0.383926000 -0.076918000 -0.097161000 0.190981000 0.973740000
1520530403.652309895 0.731753000 0.939464000 0.330461000 -0.048665000 -0.086748000 0.150885000 0.983535000
1520530403.702310085 0.672224000 0.879103000 0.271712000 -0.018438000 -0.075384000 0.107854000 0.991133000
1520530403.752310038 0.606832000 0.827750000 0.211814000 0.010570000 -0.067900000 0.060194000 0.995819000
1520530403.802309990 0.535976000 0.786617000 0.153277000 0.039762000 -0.064603000 0.008782000 0.997080000
1520530403.852309942 0.461067000 0.756540000 0.098943000 0.069318000 -0.067458000 -0.043019000 0.994381000
1520530403.902309895 0.383848000 0.737146000 0.050937000 0.098572000 -0.077236000 -0.092465000 0.987810000
1520530403.952320099 0.303690000 0.726916000 0.009963000 0.124988000 -0.086015000 -0.140791000 0.978344000
1520530404.002320051 0.223036000 0.721433000 -0.022973000 0.145569000 -0.087250000 -0.190378000 0.966930000
1520530404.052799940 0.142124000 0.720657000 -0.046587000 0.156634000 -0.087055000 -0.239377000 0.954246000
1520530404.102799892 0.062236000 0.722983000 -0.060597000 0.161094000 -0.081997000 -0.285329000 0.941229000
1520530404.152800083 -0.016544000 0.725907000 -0.065305000 0.162164000 -0.076457000 -0.328813000 0.927221000
1520530404.202800035 -0.093341000 0.727362000 -0.058436000 0.163815000 -0.069089000 -0.367824000 0.912741000
1520530404.252880096 -0.167688000 0.726989000 -0.038542000 0.158890000 -0.058884000 -0.403147000 0.899310000
1520530404.302809954 -0.237266000 0.723019000 -0.006699000 0.144595000 -0.044758000 -0.433175000 0.888509000
1520530404.352809906 -0.300230000 0.712389000 0.035871000 0.127034000 -0.024737000 -0.458813000 0.879057000
1520530404.402810097 -0.354186000 0.697738000 0.088653000 0.107398000 -0.005281000 -0.479022000 0.871192000
1520530404.453170061 -0.396195000 0.669601000 0.150132000 0.085371000 0.012688000 -0.493666000 0.865358000
1520530404.503170013 -0.431897000 0.641740000 0.211646000 0.063733000 0.028838000 -0.503185000 0.861343000
1520530404.553169966 -0.461164000 0.607010000 0.273184000 0.044873000 0.043869000 -0.507396000 0.859425000
1520530404.603169918 -0.484341000 0.566126000 0.332149000 0.029364000 0.057679000 -0.506163000 0.860006000
1520530404.653170109 -0.501303000 0.521357000 0.387081000 0.013798000 0.073047000 -0.501292000 0.862079000
1520530404.703170061 -0.512342000 0.469368000 0.436349000 -0.005709000 0.088401000 -0.491625000 0.866289000
1520530404.753180027 -0.516067000 0.413948000 0.480391000 -0.026586000 0.104986000 -0.479450000 0.870861000
1520530404.803179979 -0.513333000 0.353954000 0.517752000 -0.045283000 0.117032000 -0.459756000 0.879134000
1520530404.852699995 -0.504830000 0.290936000 0.547703000 -0.058396000 0.124515000 -0.434926000 0.889902000
1520530404.902699947 -0.492372000 0.223961000 0.570015000 -0.069170000 0.130123000 -0.408709000 0.900689000
1520530404.952699900 -0.477495000 0.153850000 0.583451000 -0.083014000 0.124823000 -0.381091000 0.912303000
1520530405.002700090 -0.459214000 0.082579000 0.587140000 -0.095360000 0.112488000 -0.350303000 0.924954000
1520530405.052700043 -0.437658000 0.010632000 0.580070000 -0.102026000 0.102609000 -0.317471000 0.937163000
1520530405.102699995 -0.412438000 -0.061724000 0.561322000 -0.101750000 0.095612000 -0.279045000 0.950073000
1520530405.152699947 -0.382426000 -0.134370000 0.531595000 -0.093013000 0.091298000 -0.235476000 0.963101000
1520530405.202699900 -0.346176000 -0.205253000 0.490841000 -0.076981000 0.090553000 -0.191420000 0.974286000
1520530405.252379894 -0.304647000 -0.272823000 0.441435000 -0.058105000 0.088908000 -0.148080000 0.983255000
1520530405.302380085 -0.257344000 -0.335641000 0.386168000 -0.037986000 0.084572000 -0.108059000 0.989812000
1520530405.352380037 -0.207368000 -0.390497000 0.327997000 -0.016648000 0.082234000 -0.071811000 0.993883000
1520530405.402379990 -0.154103000 -0.437469000 0.269844000 0.005741000 0.083303000 -0.033937000 0.995930000
1520530405.452389956 -0.097121000 -0.477765000 0.212513000 0.027580000 0.082609000 0.005929000 0.996183000
1520530405.502389908 -0.035833000 -0.509999000 0.156198000 0.049450000 0.081832000 0.049111000 0.994206000
1520530405.552390099 0.029861000 -0.532379000 0.102356000 0.071488000 0.083351000 0.094998000 0.989403000
1520530405.602390051 0.100657000 -0.543841000 0.054056000 0.093474000 0.087322000 0.143242000 0.981386000
1520530405.652839899 0.173525000 -0.546175000 0.012566000 0.116560000 0.088980000 0.193617000 0.970056000
1520530405.702840090 0.247059000 -0.539088000 -0.020086000 0.137025000 0.090699000 0.243489000 0.955882000
1520530405.752850056 0.320495000 -0.525302000 -0.043905000 0.153193000 0.089119000 0.292884000 0.939579000
1520530405.802850008 0.393089000 -0.507259000 -0.059747000 0.163801000 0.084258000 0.340246000 0.922119000
1520530405.852910042 0.464641000 -0.486304000 -0.067921000 0.170438000 0.080124000 0.384155000 0.903856000
1520530405.902849913 0.534019000 -0.463850000 -0.069165000 0.173056000 0.077872000 0.424904000 0.885124000
1520530405.952850103 0.601193000 -0.442390000 -0.064340000 0.170682000 0.077641000 0.459738000 0.868032000
1520530406.002850056 0.666550000 -0.423485000 -0.052268000 0.164664000 0.077187000 0.487113000 0.854195000
1520530406.052850008 0.729942000 -0.410753000 -0.032244000 0.159374000 0.071809000 0.506747000 0.844187000
1520530406.103620052 0.791454000 -0.403842000 -0.002111000 0.155733000 0.055873000 0.522688000 0.836315000
1520530406.153620005 0.847587000 -0.403792000 0.036277000 0.148516000 0.035370000 0.533315000 0.832026000
1520530406.203619957 0.896362000 -0.411813000 0.081316000 0.135214000 0.010507000 0.538174000 0.831851000
1520530406.253629923 0.937122000 -0.428011000 0.130209000 0.113750000 -0.013646000 0.537325000 0.835558000
1520530406.303630114 0.970364000 -0.451000000 0.180556000 0.088964000 -0.037884000 0.535807000 0.838785000
1520530406.353630066 0.997776000 -0.480115000 0.228601000 0.064850000 -0.057609000 0.530522000 0.843221000
1520530406.403630018 1.020429000 -0.515439000 0.271625000 0.045975000 -0.073590000 0.521292000 0.848955000
1520530406.453629971 1.036889000 -0.553966000 0.307885000 0.031968000 -0.085865000 0.509301000 0.855697000
1520530406.503540039 1.047344000 -0.595619000 0.335702000 0.018199000 -0.094463000 0.495307000 0.863375000
1520530406.553539991 1.050557000 -0.639326000 0.355235000 0.002792000 -0.099811000 0.476475000 0.873499000
1520530406.603539944 1.046114000 -0.684080000 0.364813000 -0.012256000 -0.104866000 0.453169000 0.885150000
1520530406.653539896 1.037043000 -0.728830000 0.363042000 -0.025690000 -0.106397000 0.426332000 0.897920000
1520530406.703540087 1.022940000 -0.772418000 0.350756000 -0.037033000 -0.097621000 0.394813000 0.912810000
1520530406.753550053 1.004117000 -0.812667000 0.331042000 -0.040070000 -0.081627000 0.361207000 0.928041000
1520530406.803550005 0.977942000 -0.847244000 0.307082000 -0.032529000 -0.066838000 0.323404000 0.943337000
1520530406.853549957 0.947956000 -0.876879000 0.280612000 -0.016084000 -0.056635000 0.282200000 0.957547000
1520530406.902740002 0.912747000 -0.900071000 0.253070000 0.004320000 -0.048459000 0.239352000 0.969713000
1520530406.952739954 0.870870000 -0.917225000 0.224201000 0.023717000 -0.044179000 0.194767000 0.979567000
1520530407.002749920 0.822320000 -0.926452000 0.194850000 0.038016000 -0.041750000 0.145688000 0.987718000
1520530407.052750111 0.768528000 -0.926530000 0.163790000 0.049136000 -0.039446000 0.092390000 0.993727000
1520530407.102750063 0.710107000 -0.915771000 0.131460000 0.060219000 -0.037628000 0.034680000 0.996873000
1520530407.152750015 0.647697000 -0.892408000 0.097450000 0.073199000 -0.038527000 -0.024529000 0.996271000
1520530407.202749968 0.584222000 -0.855767000 0.062020000 0.087734000 -0.042662000 -0.083949000 0.991683000
1520530407.252749920 0.520616000 -0.807991000 0.026624000 0.102775000 -0.051517000 -0.141366000 0.983259000
1520530407.303240061 0.458493000 -0.748249000 -0.009122000 0.118666000 -0.062312000 -0.197656000 0.971065000
1520530407.353240013 0.399778000 -0.678136000 -0.042142000 0.132288000 -0.075265000 -0.255852000 0.954659000
1520530407.403239965 0.344354000 -0.596926000 -0.071884000 0.143132000 -0.087455000 -0.319189000 0.932729000
1520530407.453269958 0.293930000 -0.505287000 -0.097081000 0.150430000 -0.099017000 -0.386689000 0.904455000
1520530407.503240108 0.250310000 -0.403186000 -0.118328000 0.153541000 -0.113137000 -0.453737000 0.870487000
1520530407.553240061 0.213281000 -0.293478000 -0.134277000 0.153939000 -0.130181000 -0.515744000 0.832685000
1520530407.603240013 0.183938000 -0.177056000 -0.144027000 0.150614000 -0.148088000 -0.572644000 0.792127000
1520530407.653249979 0.163182000 -0.056143000 -0.147317000 0.139458000 -0.163533000 -0.626078000 0.749557000
1520530407.703560114 0.151206000 0.067422000 -0.147091000 0.120371000 -0.174332000 -0.678600000 0.703294000
1520530407.753560066 0.149169000 0.192147000 -0.143937000 0.101801000 -0.179042000 -0.727183000 0.654817000
1520530407.803560019 0.155225000 0.316177000 -0.140066000 0.089421000 -0.178735000 -0.769211000 0.606937000
1520530407.853569984 0.169027000 0.438000000 -0.134500000 0.083623000 -0.174732000 -0.804864000 0.560955000
1520530407.903569937 0.190788000 0.555316000 -0.124236000 0.079846000 -0.167430000 -0.836802000 0.515126000
1520530407.953569889 0.218135000 0.666130000 -0.111581000 0.078214000 -0.157882000 -0.864305000 0.471098000
1520530408.003570080 0.250626000 0.769608000 -0.095482000 0.080231000 -0.147589000 -0.887090000 0.429943000
1520530408.053570032 0.285090000 0.866037000 -0.078067000 0.079770000 -0.138445000 -0.906986000 0.389674000
1520530408.103569984 0.320080000 0.955818000 -0.059244000 0.076951000 -0.130234000 -0.924732000 0.349269000
1520530408.153650045 0.355793000 1.038342000 -0.037932000 0.072285000 -0.123229000 -0.940328000 0.308824000
1520530408.203660011 0.388688000 1.116183000 -0.016659000 0.065769000 -0.116143000 -0.953647000 0.269708000
1520530408.253659964 0.420113000 1.189301000 0.005042000 0.056548000 -0.108312000 -0.964605000 0.233686000
1520530408.303659916 0.448020000 1.258975000 0.027632000 0.048513000 -0.099692000 -0.973108000 0.201911000
1520530408.353660107 0.471438000 1.325943000 0.052812000 0.045864000 -0.089128000 -0.979954000 0.172171000
1520530408.403660059 0.493665000 1.388522000 0.082544000 0.043044000 -0.075566000 -0.985694000 0.144375000
1520530408.453670025 0.508731000 1.446855000 0.118583000 0.041281000 -0.057426000 -0.990349000 0.119194000
1520530408.503669977 0.520807000 1.502243000 0.156792000 0.038571000 -0.036686000 -0.993557000 0.100055000
1520530408.553430080 0.529073000 1.552384000 0.198623000 0.039970000 -0.014936000 -0.995787000 0.081159000
1520530408.603430033 0.536565000 1.597908000 0.243435000 0.040264000 0.006382000 -0.997281000 0.061393000
1520530408.653429985 0.538228000 1.637783000 0.287737000 0.037590000 0.026529000 -0.997811000 0.047508000
1520530408.703429937 0.533413000 1.675993000 0.329948000 0.036157000 0.045819000 -0.997441000 0.041286000
1520530408.753429890 0.524769000 1.709424000 0.372669000 0.035174000 0.066019000 -0.996307000 0.042147000
1520530408.803430080 0.510348000 1.740498000 0.413020000 0.033748000 0.087816000 -0.994461000 0.046865000
1520530408.853440046 0.490556000 1.765681000 0.451996000 0.031644000 0.109101000 -0.992012000 0.054844000
1520530408.903439999 0.464670000 1.790634000 0.485958000 0.028201000 0.126353000 -0.989317000 0.067015000
1520530408.952929974 0.435461000 1.811161000 0.516669000 0.024915000 0.139391000 -0.986364000 0.083876000
1520530409.002929926 0.401345000 1.825284000 0.546071000 0.021339000 0.151116000 -0.982597000 0.105885000
1520530409.052939892 0.363200000 1.836534000 0.574077000 0.019905000 0.164850000 -0.977338000 0.131296000
1520530409.102940083 0.321024000 1.841518000 0.599069000 0.020576000 0.181672000 -0.970084000 0.159717000
1520530409.152940035 0.275920000 1.840655000 0.618648000 0.018642000 0.199566000 -0.960375000 0.193664000
1520530409.202939987 0.227917000 1.834607000 0.629497000 0.014852000 0.213791000 -0.948836000 0.231912000
1520530409.252939939 0.178390000 1.825843000 0.630762000 0.010724000 0.221696000 -0.936368000 0.271940000
1520530409.302939892 0.127671000 1.813721000 0.621688000 0.007008000 0.220329000 -0.923992000 0.312481000
1520530409.352950096 0.076368000 1.797440000 0.602168000 0.008340000 0.210006000 -0.912304000 0.351467000
1520530409.402960062 0.026382000 1.776557000 0.572729000 0.015178000 0.196421000 -0.899643000 0.389654000
1520530409.452960014 -0.020996000 1.749809000 0.533968000 0.024035000 0.182986000 -0.885758000 0.425878000
1520530409.502959967 -0.063885000 1.716401000 0.487789000 0.034340000 0.167279000 -0.871329000 0.460027000
1520530409.552959919 -0.100381000 1.674423000 0.435404000 0.045066000 0.146742000 -0.855396000 0.494706000
1520530409.602960110 -0.130067000 1.625171000 0.377757000 0.056393000 0.122187000 -0.837590000 0.529465000
1520530409.652960062 -0.152297000 1.569240000 0.316309000 0.069114000 0.097297000 -0.818790000 0.561551000
1520530409.702960014 -0.166084000 1.506434000 0.252359000 0.080100000 0.070175000 -0.799535000 0.591103000
1520530409.752700090 -0.171871000 1.440178000 0.188797000 0.091583000 0.041892000 -0.780743000 0.616682000
1520530409.802710056 -0.169189000 1.369359000 0.125906000 0.103052000 0.014922000 -0.762839000 0.638149000
1520530409.852710009 -0.160078000 1.297095000 0.065535000 0.111637000 -0.012361000 -0.746769000 0.655530000
1520530409.902709961 -0.144718000 1.223137000 0.008028000 0.120538000 -0.038703000 -0.733632000 0.667650000
1520530409.952709913 -0.124657000 1.147179000 -0.045796000 0.133169000 -0.063394000 -0.721580000 0.676439000
1520530410.002710104 -0.099586000 1.068520000 -0.096395000 0.147979000 -0.086487000 -0.707738000 0.685368000
1520530410.052710056 -0.069121000 0.985285000 -0.142830000 0.163640000 -0.107999000 -0.689276000 0.697464000
1520530410.102720022 -0.034423000 0.898045000 -0.182658000 0.179257000 -0.132122000 -0.666592000 0.711383000
1520530410.153270006 0.005894000 0.808381000 -0.213686000 0.195851000 -0.157334000 -0.641554000 0.724774000
1520530410.203269958 0.050120000 0.720037000 -0.234004000 0.210998000 -0.178126000 -0.614791000 0.738771000
1520530410.253269911 0.097941000 0.634960000 -0.245472000 0.224198000 -0.191118000 -0.588675000 0.752775000
1520530410.303280115 0.147099000 0.554379000 -0.248192000 0.235101000 -0.195574000 -0.562206000 0.768376000
1520530410.353280067 0.195954000 0.477549000 -0.243291000 0.241832000 -0.192966000 -0.534611000 0.786430000
1520530410.403280020 0.244928000 0.403919000 -0.230523000 0.241272000 -0.189930000 -0.505114000 0.806582000
1520530410.453279972 0.292715000 0.332448000 -0.210976000 0.237070000 -0.185260000 -0.476333000 0.826186000
1520530410.503279924 0.338808000 0.263373000 -0.182580000 0.228263000 -0.180174000 -0.449083000 0.844842000
1520530410.553280115 0.382047000 0.198933000 -0.147058000 0.218725000 -0.167779000 -0.427569000 0.860927000
1520530410.603919983 0.420517000 0.138552000 -0.105650000 0.205615000 -0.150175000 -0.415762000 0.873105000
1520530410.653919935 0.453582000 0.083166000 -0.060887000 0.188489000 -0.135647000 -0.411452000 0.881351000
1520530410.703929901 0.481798000 0.033451000 -0.011583000 0.168615000 -0.125270000 -0.409210000 0.887932000
1520530410.753930092 0.503139000 -0.009739000 0.042827000 0.148504000 -0.118165000 -0.405742000 0.894068000
1520530410.803930044 0.522878000 -0.048772000 0.097582000 0.132904000 -0.107170000 -0.404264000 0.898566000
1520530410.853929996 0.538913000 -0.082879000 0.153724000 0.117849000 -0.093920000 -0.406200000 0.901273000
1520530410.903929949 0.552548000 -0.109924000 0.210861000 0.097220000 -0.079403000 -0.412397000 0.902315000
1520530410.953929901 0.564805000 -0.129349000 0.268475000 0.070137000 -0.065802000 -0.418379000 0.903167000
1520530411.003459930 0.576460000 -0.142961000 0.323210000 0.042441000 -0.050942000 -0.424359000 0.903063000
1520530411.053469896 0.586557000 -0.149379000 0.374576000 0.017994000 -0.037270000 -0.430460000 0.901660000
1520530411.103470087 0.594680000 -0.149471000 0.419947000 -0.003305000 -0.032384000 -0.438113000 0.898330000
1520530411.153470039 0.599360000 -0.144198000 0.457501000 -0.015526000 -0.031619000 -0.450954000 0.891852000
1520530411.203469992 0.600986000 -0.132175000 0.487069000 -0.021743000 -0.035391000 -0.465319000 0.884168000
1520530411.253469944 0.600720000 -0.114251000 0.507479000 -0.025320000 -0.041026000 -0.481653000 0.875035000
1520530411.303469896 0.597818000 -0.090604000 0.518692000 -0.029437000 -0.046689000 -0.499303000 0.864668000
1520530411.353470087 0.591741000 -0.061339000 0.520549000 -0.035154000 -0.050841000 -0.518053000 0.853112000
1520530411.403049946 0.581606000 -0.027234000 0.512104000 -0.039724000 -0.054372000 -0.538730000 0.839783000
1520530411.453059912 0.568150000 0.012275000 0.493323000 -0.042056000 -0.058562000 -0.562278000 0.823799000
1520530411.503060102 0.552870000 0.056594000 0.465211000 -0.042827000 -0.065268000 -0.587700000 0.805304000
1520530411.553060055 0.537896000 0.106219000 0.428526000 -0.040724000 -0.074456000 -0.614737000 0.784154000
1520530411.603060007 0.524431000 0.161933000 0.383688000 -0.033410000 -0.085351000 -0.643995000 0.759519000
1520530411.653059959 0.514612000 0.222777000 0.332134000 -0.021469000 -0.100595000 -0.673993000 0.731541000
1520530411.703059912 0.509538000 0.288420000 0.274804000 -0.007756000 -0.119965000 -0.704489000 0.699460000
1520530411.753070116 0.511132000 0.359178000 0.213188000 0.006260000 -0.140622000 -0.735524000 0.662714000
1520530411.802949905 0.521450000 0.434332000 0.149915000 0.021267000 -0.158232000 -0.766511000 0.622070000
1520530411.852950096 0.540837000 0.513195000 0.087187000 0.034925000 -0.174108000 -0.797096000 0.577152000
1520530411.902960062 0.569868000 0.593849000 0.027644000 0.046358000 -0.189866000 -0.826223000 0.528353000
1520530411.952960014 0.608462000 0.675472000 -0.024562000 0.055793000 -0.203650000 -0.853906000 0.475666000
1520530412.002959967 0.654674000 0.755951000 -0.067427000 0.062824000 -0.215004000 -0.879154000 0.420611000
1520530412.052959919 0.706516000 0.833365000 -0.099139000 0.069141000 -0.222654000 -0.901456000 0.364722000
1520530412.102960110 0.761084000 0.905791000 -0.118535000 0.075670000 -0.226046000 -0.920427000 0.309826000
1520530412.152960062 0.815662000 0.971908000 -0.123561000 0.082115000 -0.223971000 -0.935956000 0.259001000
1520530412.203459978 0.867467000 1.032299000 -0.115054000 0.088018000 -0.216482000 -0.948901000 0.212072000
1520530412.253459930 0.912772000 1.087708000 -0.094948000 0.096093000 -0.203719000 -0.960120000 0.165635000
1520530412.303469896 0.950590000 1.139721000 -0.063385000 0.098430000 -0.187141000 -0.969799000 0.121575000
1520530412.353470087 0.979319000 1.188500000 -0.022483000 0.098718000 -0.166884000 -0.977653000 0.081236000
1520530412.403470039 0.997023000 1.234409000 0.028444000 0.097298000 -0.141698000 -0.984098000 0.044790000
1520530412.453469992 1.004251000 1.276287000 0.086768000 0.096903000 -0.110788000 -0.989017000 0.013451000
1520530412.503469944 0.999708000 1.314402000 0.151010000 -0.096721000 0.073334000 0.992544000 0.011067000
1520530412.553469896 0.983858000 1.348425000 0.218643000 -0.093091000 0.030451000 0.994815000 0.027367000
1520530412.603470087 0.955695000 1.377712000 0.288298000 -0.087874000 -0.013107000 0.995363000 0.036863000
1520530412.653680086 0.916668000 1.400475000 0.357275000 -0.079125000 -0.052271000 0.994826000 0.036433000
1520530412.703680038 0.867571000 1.419284000 0.422583000 -0.071742000 -0.084776000 0.993346000 0.030495000
1520530412.753679991 0.810367000 1.435688000 0.481623000 -0.060337000 -0.114540000 0.991385000 0.019910000
1520530412.803679943 0.746230000 1.447842000 0.533222000 0.045787000 0.142544000 -0.988724000 0.003090000
1520530412.853679895 0.675192000 1.455958000 0.574072000 0.037719000 0.166165000 -0.984746000 0.035254000
1520530412.903690100 0.596483000 1.457542000 0.603800000 0.030418000 0.186223000 -0.979344000 0.072669000
1520530412.953690052 0.515552000 1.452925000 0.620942000 0.025345000 0.199892000 -0.972769000 0.114550000
1520530413.003690004 0.431150000 1.446034000 0.623563000 0.020300000 0.206027000 -0.964877000 0.161722000
1520530413.053060055 0.345889000 1.436081000 0.612202000 0.013933000 0.205243000 -0.955362000 0.212049000
1520530413.103060007 0.259703000 1.423348000 0.587842000 0.004993000 0.197833000 -0.944259000 0.263083000
1520530413.153059959 0.174874000 1.409610000 0.550424000 -0.006755000 0.183306000 -0.932730000 0.310431000
1520530413.203059912 0.093286000 1.392142000 0.503004000 -0.016403000 0.161475000 -0.922278000 0.350799000
1520530413.253060102 0.016181000 1.371305000 0.444939000 -0.023372000 0.132461000 -0.912410000 0.386543000
1520530413.303060055 -0.054914000 1.345480000 0.380746000 -0.030317000 0.098224000 -0.902372000 0.418519000
1520530413.353060007 -0.117206000 1.314080000 0.313231000 -0.041241000 0.062859000 -0.891000000 0.447735000
1520530413.403069973 -0.169434000 1.278832000 0.244053000 -0.048482000 0.032018000 -0.878008000 0.475107000
1520530413.452980042 -0.211611000 1.241359000 0.175431000 -0.047011000 0.009123000 -0.868303000 0.493717000
1520530413.502990007 -0.243297000 1.202928000 0.109863000 -0.044423000 -0.013004000 -0.859568000 0.508921000
1520530413.552989960 -0.265242000 1.165386000 0.049888000 -0.034921000 -0.036741000 -0.853395000 0.518795000
1520530413.602989912 -0.279319000 1.132263000 0.000500000 -0.013187000 -0.060787000 -0.850032000 0.523046000
1520530413.652990103 -0.289087000 1.103766000 -0.030687000 0.009994000 -0.083787000 -0.846319000 0.525950000
1520530413.702990055 -0.298338000 1.082412000 -0.038798000 0.029950000 -0.094256000 -0.844230000 0.526777000
1520530413.752990007 -0.307640000 1.065899000 -0.025744000 0.038170000 -0.091541000 -0.843712000 0.527554000
1520530413.802999973 -0.321542000 1.054518000 0.008856000 0.040307000 -0.073413000 -0.847277000 0.524507000
1520530413.853149891 -0.336988000 1.043842000 0.061923000 0.039286000 -0.046455000 -0.855165000 0.514772000
1520530413.903229952 -0.351439000 1.032776000 0.133057000 0.034934000 -0.018429000 -0.865437000 0.499458000
1520530413.953150034 -0.361699000 1.019171000 0.220675000 0.022131000 0.010851000 -0.875419000 0.482736000
1520530414.003160000 -0.366275000 1.001913000 0.319763000 0.012413000 0.041348000 -0.884371000 0.464785000
1520530414.053159952 -0.363705000 0.979542000 0.420600000 0.006359000 0.061599000 -0.890425000 0.450897000
1520530414.103159904 -0.355028000 0.954111000 0.514030000 0.000708000 0.068089000 -0.893899000 0.443066000
1520530414.153160095 -0.341814000 0.927065000 0.593912000 -0.003914000 0.068206000 -0.899791000 0.430940000
1520530414.203160048 -0.324912000 0.899118000 0.658443000 -0.012905000 0.063008000 -0.906695000 0.416855000
1520530414.252939939 -0.304739000 0.871781000 0.706479000 -0.023064000 0.052289000 -0.912689000 0.404640000
1520530414.302939892 -0.279944000 0.843851000 0.740697000 -0.032047000 0.039091000 -0.916601000 0.396594000
1520530414.352940083 -0.250558000 0.816757000 0.762833000 -0.037092000 0.025773000 -0.920434000 0.388280000
1520530414.402940035 -0.216684000 0.788936000 0.775588000 -0.045303000 0.013448000 -0.923972000 0.379528000
1520530414.452939987 -0.177757000 0.760684000 0.779192000 -0.051659000 0.004920000 -0.927989000 0.368976000
1520530414.502939939 -0.136168000 0.733986000 0.776468000 -0.056563000 0.002654000 -0.934949000 0.350234000
1520530414.552949905 -0.090995000 0.708758000 0.768474000 -0.058728000 0.007248000 -0.942837000 0.327959000
1520530414.602950096 -0.042264000 0.684457000 0.756088000 -0.056479000 0.016115000 -0.951008000 0.303536000
1520530414.652750015 0.009803000 0.659955000 0.739863000 -0.052251000 0.029013000 -0.959427000 0.275549000
1520530414.702749968 0.063059000 0.636417000 0.720711000 -0.047697000 0.044953000 -0.967062000 0.245957000
1520530414.752749920 0.116612000 0.613255000 0.697183000 -0.040074000 0.058083000 -0.974462000 0.213178000
1520530414.802750111 0.169869000 0.590208000 0.669349000 -0.028674000 0.065199000 -0.981600000 0.177170000
1520530414.852760077 0.222672000 0.567816000 0.634167000 -0.014676000 0.064835000 -0.988543000 0.135513000
1520530414.902760029 0.273737000 0.544540000 0.592303000 -0.005088000 0.059066000 -0.993691000 0.095203000
1520530414.952759981 0.321303000 0.520404000 0.543828000 -0.002297000 0.051075000 -0.996958000 0.058826000
1520530415.002759933 0.365902000 0.493605000 0.489742000 0.001223000 0.043554000 -0.998828000 0.021096000
1520530415.052759886 0.406737000 0.462731000 0.432492000 -0.010068000 -0.039541000 0.999006000 0.017942000
1520530415.103240013 0.442145000 0.429143000 0.373169000 -0.020257000 -0.038661000 0.997656000 0.052693000
1520530415.153239965 0.472133000 0.391287000 0.314524000 -0.029954000 -0.036784000 0.995122000 0.086503000
1520530415.203239918 0.496520000 0.349692000 0.256014000 -0.038330000 -0.028762000 0.992659000 0.111048000
1520530415.253240108 0.515451000 0.305251000 0.198395000 -0.042107000 -0.016128000 0.990767000 0.127854000
1520530415.303250074 0.528647000 0.259316000 0.141655000 -0.044400000 -0.002813000 0.989088000 0.140449000
1520530415.353250027 0.537093000 0.213881000 0.085996000 -0.046385000 0.010033000 0.987981000 0.147112000
1520530415.403249979 0.541077000 0.167717000 0.032880000 -0.045148000 0.019811000 0.987406000 0.150331000
1520530415.453249931 0.539954000 0.120163000 -0.015038000 -0.039985000 0.027120000 0.987770000 0.148243000
1520530415.503160000 0.535459000 0.072881000 -0.056436000 -0.030615000 0.037264000 0.988164000 0.145621000
1520530415.553109884 0.530271000 0.025700000 -0.089890000 -0.025523000 0.055591000 0.987863000 0.142775000
1520530415.603120089 0.527774000 -0.021063000 -0.117335000 -0.019336000 0.084508000 0.986052000 0.142075000
1520530415.653120041 0.530457000 -0.068020000 -0.137950000 -0.009064000 0.114176000 0.982986000 0.143598000
1520530415.703119993 0.538960000 -0.113464000 -0.150773000 -0.000132000 0.134253000 0.978731000 0.155117000
1520530415.753119946 0.554795000 -0.154663000 -0.156996000 0.004213000 0.142451000 0.975229000 0.169171000
1520530415.803119898 0.577809000 -0.194940000 -0.156437000 0.011895000 0.138960000 0.972355000 0.187283000
1520530415.853120089 0.607061000 -0.233176000 -0.149841000 0.021521000 0.125669000 0.970528000 0.204499000
1520530415.903409958 0.640312000 -0.271898000 -0.137415000 0.021254000 0.109725000 0.969053000 0.220101000
1520530415.953409910 0.674812000 -0.308761000 -0.120755000 0.008829000 0.095013000 0.967418000 0.234516000
1520530416.003410101 0.708686000 -0.344168000 -0.101341000 -0.004542000 0.080017000 0.965599000 0.247378000
1520530416.053410053 0.737734000 -0.376273000 -0.080359000 -0.017163000 0.066789000 0.963692000 0.257959000
1520530416.103410006 0.760828000 -0.404036000 -0.058973000 -0.026814000 0.055664000 0.962276000 0.264966000
1520530416.153409958 0.776714000 -0.426505000 -0.039723000 -0.036555000 0.049511000 0.961122000 0.269177000
1520530416.203419924 0.786272000 -0.440101000 -0.023273000 -0.043494000 0.046881000 0.960589000 0.270517000
1520530416.253420115 0.787883000 -0.452634000 -0.012794000 -0.044899000 0.046630000 0.960523000 0.270564000
1520530416.303420067 0.781331000 -0.459748000 -0.006276000 -0.044605000 0.048732000 0.960815000 0.269204000
1520530416.353420019 0.766821000 -0.460941000 -0.003722000 -0.046773000 0.052483000 0.961502000 0.265654000
1520530416.403419971 0.743156000 -0.457732000 -0.004762000 -0.049042000 0.054780000 0.962278000 0.261946000
1520530416.453429937 0.708993000 -0.449807000 -0.007919000 -0.054332000 0.056086000 0.963670000 0.255425000
1520530416.503429890 0.661907000 -0.437199000 -0.011882000 -0.056640000 0.055422000 0.967273000 0.241048000
1520530416.553430080 0.601614000 -0.422613000 -0.016335000 -0.055463000 0.054326000 0.972268000 0.220605000
1520530416.603430033 0.527498000 -0.407345000 -0.019989000 -0.055038000 0.053637000 0.977794000 0.194968000
1520530416.653429985 0.439425000 -0.392559000 -0.022329000 -0.051679000 0.053533000 0.983986000 0.161972000
1520530416.703320026 0.338587000 -0.379202000 -0.023111000 -0.049508000 0.054877000 0.989385000 0.125121000
1520530416.753319979 0.226580000 -0.368091000 -0.021914000 -0.043488000 0.056221000 0.993386000 0.090180000
1520530416.803319931 0.106753000 -0.361310000 -0.019610000 -0.033746000 0.054916000 0.995985000 0.062125000
1520530416.853319883 -0.015863000 -0.355880000 -0.014258000 -0.017949000 0.052004000 0.997713000 0.039259000
1520530416.903320074 -0.136634000 -0.354023000 -0.004837000 0.002947000 0.050881000 0.998571000 0.016069000
1520530416.953330040 -0.252461000 -0.356285000 0.007092000 -0.026572000 -0.055169000 -0.998058000 0.011465000
1520530417.003329992 -0.358882000 -0.362003000 0.021945000 -0.042900000 -0.064022000 -0.996273000 0.038748000
1520530417.053329945 -0.454270000 -0.369954000 0.038301000 -0.060004000 -0.075776000 -0.992842000 0.070159000
1520530417.103440046 -0.537214000 -0.379248000 0.055545000 -0.073517000 -0.090068000 -0.988407000 0.097646000
1520530417.153419971 -0.608327000 -0.388668000 0.071928000 -0.082347000 -0.103627000 -0.983818000 0.120758000
1520530417.203419924 -0.667650000 -0.396949000 0.087958000 -0.089967000 -0.112147000 -0.979099000 0.143855000
1520530417.253420115 -0.714583000 -0.402996000 0.102575000 -0.094979000 -0.112625000 -0.975224000 0.165023000
1520530417.303420067 -0.749091000 -0.405046000 0.115207000 -0.099631000 -0.106888000 -0.972109000 0.183445000
1520530417.353430033 -0.770621000 -0.402908000 0.124864000 -0.101556000 -0.098146000 -0.970252000 0.196632000
1520530417.403429985 -0.779684000 -0.395211000 0.129864000 -0.101651000 -0.090736000 -0.969583000 0.203331000
1520530417.453429937 -0.776569000 -0.381998000 0.129760000 -0.101546000 -0.087338000 -0.969737000 0.204134000
1520530417.503429890 -0.763597000 -0.362628000 0.123506000 -0.100454000 -0.087867000 -0.970529000 0.200656000
1520530417.553509951 -0.740867000 -0.336965000 0.113109000 -0.095739000 -0.091086000 -0.971969000 0.194455000
1520530417.603509903 -0.707658000 -0.305904000 0.100296000 -0.089166000 -0.093455000 -0.974226000 0.184930000
1520530417.653510094 -0.665913000 -0.271658000 0.085828000 -0.080615000 -0.093439000 -0.977469000 0.171244000
1520530417.703520060 -0.613305000 -0.234375000 0.070241000 -0.070885000 -0.092010000 -0.980792000 0.156707000
1520530417.753520012 -0.552276000 -0.195125000 0.055394000 -0.064697000 -0.089239000 -0.983598000 0.142776000
1520530417.803519964 -0.483304000 -0.155546000 0.042083000 -0.059318000 -0.084710000 -0.986265000 0.128788000
1520530417.853519917 -0.407490000 -0.116249000 0.031314000 -0.053857000 -0.079420000 -0.988298000 0.118573000
1520530417.903520107 -0.324791000 -0.078326000 0.023620000 -0.043394000 -0.073678000 -0.990309000 0.109438000
1520530417.953500032 -0.236588000 -0.042513000 0.020936000 -0.028695000 -0.065269000 -0.992057000 0.103635000
1520530418.003499985 -0.145075000 -0.010433000 0.023850000 -0.009693000 -0.054107000 -0.993491000 0.099772000
1520530418.053509951 -0.053675000 0.016325000 0.032698000 0.006492000 -0.041681000 -0.994542000 0.095426000
1520530418.103509903 0.034431000 0.039209000 0.046944000 0.017762000 -0.030819000 -0.996060000 0.081236000
1520530418.153510094 0.116664000 0.058119000 0.064551000 0.030711000 -0.023507000 -0.997404000 0.060746000
1520530418.203510046 0.190715000 0.073841000 0.082916000 0.045492000 -0.017471000 -0.998038000 0.039315000
1520530418.253509998 0.254035000 0.086596000 0.100476000 0.062712000 -0.010671000 -0.997820000 0.017544000
1520530418.303509951 0.305415000 0.096766000 0.115057000 0.077070000 -0.002746000 -0.997019000 0.002352000
1520530418.353480101 0.343679000 0.106258000 0.125785000 -0.083101000 -0.003554000 0.996488000 0.009686000
1520530418.403480053 0.368913000 0.117029000 0.131509000 -0.086950000 -0.005432000 0.995888000 0.024840000
1520530418.453480005 0.381505000 0.130088000 0.130798000 -0.088865000 -0.002008000 0.995286000 0.038789000
1520530418.503479958 0.381590000 0.145005000 0.122616000 -0.091475000 0.005393000 0.994397000 0.052706000
1520530418.553479910 0.368836000 0.162745000 0.108807000 -0.089756000 0.014899000 0.993900000 0.062321000
1520530418.603490114 0.345772000 0.183620000 0.089296000 -0.083120000 0.022380000 0.993826000 0.070006000
1520530418.653490067 0.311292000 0.206521000 0.065588000 -0.074415000 0.027092000 0.994141000 0.073564000
1520530418.703490019 0.264012000 0.231835000 0.039635000 -0.070204000 0.030702000 0.994592000 0.070116000
1520530418.753390074 0.205652000 0.259063000 0.012707000 -0.070198000 0.032051000 0.994884000 0.065194000
1520530418.803390026 0.135823000 0.287255000 -0.013515000 -0.071206000 0.029758000 0.995210000 0.060018000
1520530418.853399992 0.055206000 0.315858000 -0.037045000 -0.068614000 0.027018000 0.995912000 0.052168000
1520530418.903399944 -0.033531000 0.345181000 -0.056049000 -0.060895000 0.027086000 0.996942000 0.040795000
1520530418.953399897 -0.129176000 0.373423000 -0.069013000 -0.044588000 0.027964000 0.998209000 0.028440000
1520530419.003400087 -0.228856000 0.400063000 -0.073496000 -0.018697000 0.030451000 0.999280000 0.012758000
1520530419.053400040 -0.327089000 0.424202000 -0.068973000 -0.009131000 -0.035238000 -0.999307000 0.007809000
1520530419.103399992 -0.421474000 0.445117000 -0.056230000 -0.027848000 -0.041260000 -0.998327000 0.029403000
1520530419.153579950 -0.509341000 0.462725000 -0.036727000 -0.041719000 -0.049550000 -0.996536000 0.052148000
1520530419.203589916 -0.587349000 0.477879000 -0.012221000 -0.051531000 -0.057554000 -0.994269000 0.073902000
1520530419.253590107 -0.654113000 0.492669000 0.017019000 -0.063773000 -0.063108000 -0.991670000 0.092413000
1520530419.303590059 -0.708936000 0.507286000 0.050402000 -0.075709000 -0.065071000 -0.988932000 0.109756000
1520530419.353590012 -0.751948000 0.522445000 0.085855000 -0.089288000 -0.062443000 -0.986586000 0.121560000
1520530419.403589964 -0.783526000 0.537742000 0.120508000 -0.107509000 -0.054880000 -0.983849000 0.132179000
1520530419.453589916 -0.803967000 0.554619000 0.150015000 -0.123530000 -0.042975000 -0.980845000 0.144346000
1520530419.503590107 -0.814171000 0.572949000 0.171647000 -0.133088000 -0.029516000 -0.978785000 0.152956000
1520530419.553600073 -0.814368000 0.592636000 0.184511000 -0.141142000 -0.018810000 -0.977061000 0.158356000
1520530419.603780031 -0.803879000 0.613730000 0.186894000 -0.143858000 -0.013921000 -0.976335000 0.160878000
1520530419.653779984 -0.783378000 0.636343000 0.177965000 -0.143015000 -0.015324000 -0.976126000 0.162756000
1520530419.703779936 -0.754733000 0.660766000 0.157963000 -0.143767000 -0.023018000 -0.975436000 0.165308000
1520530419.753779888 -0.715625000 0.687689000 0.128353000 -0.138218000 -0.036314000 -0.975639000 0.166453000
1520530419.803790092 -0.663748000 0.716730000 0.093384000 -0.129182000 -0.051651000 -0.976364000 0.165403000
1520530419.853790045 -0.596984000 0.746907000 0.055030000 -0.121633000 -0.065410000 -0.977431000 0.159864000
1520530419.903789997 -0.516170000 0.778773000 0.016747000 -0.115664000 -0.075525000 -0.978844000 0.150940000
1520530419.953789949 -0.421884000 0.811660000 -0.018201000 -0.105505000 -0.082538000 -0.981327000 0.138035000
1520530420.003649950 -0.315954000 0.843458000 -0.048523000 -0.090766000 -0.089614000 -0.984091000 0.123676000
1520530420.053649902 -0.202026000 0.872812000 -0.071153000 -0.070446000 -0.095705000 -0.986753000 0.110439000
1520530420.103650093 -0.085189000 0.897825000 -0.082850000 -0.041788000 -0.098245000 -0.990124000 0.090859000
1520530420.153660059 0.029762000 0.917822000 -0.082309000 -0.013724000 -0.096510000 -0.993245000 0.062949000
1520530420.203660011 0.139252000 0.932984000 -0.070211000 0.015816000 -0.090374000 -0.995249000 0.032583000
1520530420.253659964 0.240147000 0.942085000 -0.046067000 -0.041197000 0.079923000 0.995949000 0.000410000
1520530420.303659916 0.329451000 0.945750000 -0.012841000 -0.059973000 0.066225000 0.995428000 0.033788000
1520530420.353660107 0.406169000 0.945875000 0.026098000 -0.072914000 0.051981000 0.993672000 0.067806000
1520530420.403749943 0.469346000 0.944832000 0.066521000 -0.081902000 0.038692000 0.991115000 0.097400000
1520530420.453749895 0.519042000 0.943947000 0.104735000 -0.086909000 0.027270000 0.988632000 0.119621000
1520530420.503760099 0.556530000 0.944383000 0.138700000 -0.090703000 0.018156000 0.986087000 0.138112000
1520530420.553760052 0.582754000 0.946938000 0.166278000 -0.090590000 0.011089000 0.983437000 0.156594000
1520530420.603760004 0.598403000 0.952428000 0.185678000 -0.087424000 0.007436000 0.981699000 0.169022000
1520530420.653759956 0.604605000 0.961208000 0.194906000 -0.084373000 0.007959000 0.980220000 0.178849000
1520530420.703759909 0.600929000 0.973253000 0.193077000 -0.081231000 0.012429000 0.979432000 0.184281000
1520530420.753760099 0.587402000 0.988796000 0.179751000 -0.079948000 0.020519000 0.979378000 0.184408000
1520530420.803410053 0.565209000 1.007728000 0.156516000 -0.079376000 0.028506000 0.979498000 0.182951000
1520530420.853410006 0.533347000 1.030712000 0.124492000 -0.078442000 0.035806000 0.980125000 0.178661000
1520530420.903409958 0.490507000 1.056793000 0.085591000 -0.075917000 0.043585000 0.981204000 0.171973000
1520530420.953409910 0.435536000 1.085169000 0.042262000 -0.069050000 0.051926000 0.983652000 0.158003000
1520530421.003420115 0.369014000 1.114876000 -0.002873000 -0.064199000 0.060211000 0.986390000 0.138879000
1520530421.053420067 0.291766000 1.144808000 -0.045496000 -0.056393000 0.064046000 0.989545000 0.116267000
1520530421.103420019 0.204458000 1.174535000 -0.081785000 -0.050673000 0.063941000 0.992584000 0.090114000
1520530421.153419971 0.108512000 1.202017000 -0.111101000 -0.038876000 0.060110000 0.995477000 0.062459000
1520530421.203480005 0.005153000 1.225833000 -0.132438000 -0.020829000 0.056594000 0.997725000 0.030134000
1520530421.253489971 -0.102236000 1.244750000 -0.145011000 0.001277000 -0.054447000 -0.998511000 0.003141000
1520530421.303489923 -0.210639000 1.258312000 -0.147627000 -0.016810000 -0.054980000 -0.997608000 0.038386000
1520530421.353490114 -0.316925000 1.267124000 -0.139392000 -0.033013000 -0.057363000 -0.995118000 0.073210000
1520530421.403490067 -0.416518000 1.273186000 -0.119181000 -0.049910000 -0.059423000 -0.991351000 0.105832000
1520530421.453490019 -0.506003000 1.277050000 -0.088706000 -0.063776000 -0.058804000 -0.986825000 0.136568000
1520530421.503489971 -0.583502000 1.280851000 -0.049731000 -0.076486000 -0.052572000 -0.981959000 0.164752000
1520530421.553489923 -0.647955000 1.285811000 -0.005081000 -0.092796000 -0.041707000 -0.976480000 0.190097000
1520530421.603660107 -0.700120000 1.293083000 0.041937000 -0.108864000 -0.028781000 -0.971293000 0.209549000
1520530421.653660059 -0.740125000 1.302105000 0.088088000 -0.122540000 -0.014458000 -0.966373000 0.225605000
1520530421.703670025 -0.769301000 1.313780000 0.130210000 -0.131730000 -0.000374000 -0.962507000 0.237121000
1520530421.753669977 -0.788218000 1.329238000 0.166125000 -0.139133000 0.010931000 -0.959435000 0.244965000
1520530421.803669930 -0.798587000 1.347459000 0.193414000 -0.145552000 0.016657000 -0.956978000 0.250459000
1520530421.853669882 -0.801740000 1.368849000 0.211053000 -0.147958000 0.018219000 -0.955656000 0.253966000
1520530421.903670073 -0.796565000 1.392665000 0.218403000 -0.146477000 0.017905000 -0.955912000 0.253882000
1520530421.953739882 -0.782743000 1.417544000 0.215723000 -0.140747000 0.017733000 -0.958003000 0.249211000
1520530422.003669977 -0.759897000 1.444679000 0.204341000 -0.137557000 0.018935000 -0.959707000 0.244300000
1520530422.053519964 -0.728286000 1.473780000 0.185299000 -0.130934000 0.021460000 -0.962067000 0.238377000
1520530422.103529930 -0.687402000 1.505682000 0.160741000 -0.120937000 0.021735000 -0.965716000 0.228678000
1520530422.153529882 -0.637687000 1.540070000 0.133605000 -0.112077000 0.017503000 -0.969071000 0.219168000
1520530422.203530073 -0.578609000 1.576246000 0.105919000 -0.101936000 0.008603000 -0.972430000 0.209557000
1520530422.253530025 -0.511355000 1.613327000 0.079210000 -0.088928000 -0.003074000 -0.975912000 0.199192000
1520530422.303529978 -0.436722000 1.650536000 0.055798000 -0.076693000 -0.014246000 -0.979456000 0.185959000
1520530422.353539944 -0.356039000 1.686846000 0.036929000 -0.064227000 -0.022726000 -0.983302000 0.168748000
1520530422.403539896 -0.270928000 1.721304000 0.023497000 -0.047862000 -0.027372000 -0.987817000 0.145527000
1520530422.453449965 -0.184117000 1.753195000 0.014989000 -0.028872000 -0.029383000 -0.992362000 0.116278000
1520530422.503449917 -0.097265000 1.781220000 0.011027000 -0.011324000 -0.031004000 -0.996252000 0.079957000
1520530422.553450108 -0.012504000 1.803156000 0.011935000 0.003385000 -0.034694000 -0.998532000 0.041464000
1520530422.603450060 0.067746000 1.818801000 0.017275000 0.017307000 -0.040197000 -0.999040000 0.001711000
1520530422.653460026 0.141522000 1.829754000 0.026279000 -0.028295000 0.044271000 0.997849000 0.039199000
1520530422.703459978 0.206795000 1.835799000 0.038391000 -0.034843000 0.046191000 0.995201000 0.078913000
1520530422.753459930 0.262123000 1.839429000 0.053110000 -0.035857000 0.047970000 0.991442000 0.116000000
1520530422.803459883 0.306392000 1.842314000 0.070327000 -0.031964000 0.050495000 0.987078000 0.148680000
1520530422.853640079 0.339178000 1.844976000 0.089688000 -0.027674000 0.051387000 0.982923000 0.174515000
1520530422.903640032 0.360674000 1.847120000 0.109662000 -0.019784000 0.045910000 0.980490000 0.190105000
1520530422.953639984 0.371208000 1.851794000 0.132312000 -0.012848000 0.034931000 0.979884000 0.196066000
1520530423.003639936 0.372538000 1.856776000 0.156953000 -0.008304000 0.015618000 0.980724000 0.194596000
1520530423.053639889 0.366432000 1.862025000 0.183012000 -0.005280000 -0.011069000 0.982407000 0.186349000
1520530423.103640079 0.354145000 1.865169000 0.209510000 -0.006211000 -0.045591000 0.983503000 0.174945000
1520530423.153640032 0.336541000 1.864860000 0.235986000 -0.009398000 -0.091234000 0.982594000 0.161548000
1520530423.203639984 0.315610000 1.860048000 0.260688000 -0.014575000 -0.143734000 0.978520000 0.147062000
1520530423.253370047 0.292052000 1.851436000 0.282295000 -0.018278000 -0.196285000 0.971419000 0.132223000
1520530423.303369999 0.267685000 1.838870000 0.300322000 -0.019527000 -0.243505000 0.962581000 0.117306000
1520530423.353369951 0.243099000 1.822850000 0.313966000 -0.018716000 -0.283654000 0.953043000 0.104400000
1520530423.403379917 0.218165000 1.803524000 0.323638000 -0.016750000 -0.318100000 0.943630000 0.089967000
1520530423.453380108 0.194294000 1.781560000 0.328413000 -0.014464000 -0.345531000 0.935403000 0.073621000
1520530423.503380060 0.170722000 1.758364000 0.327458000 -0.011949000 -0.361155000 0.930691000 0.056902000
1520530423.553410053 0.147593000 1.735382000 0.320995000 -0.004880000 -0.362130000 0.931278000 0.039490000
1520530423.603379965 0.124452000 1.713403000 0.308043000 0.004128000 -0.342947000 0.939095000 0.021716000
1520530423.653039932 0.101096000 1.691315000 0.288930000 0.012257000 -0.304628000 0.952382000 0.004492000
1520530423.703039885 0.077344000 1.667830000 0.264523000 -0.019256000 0.253723000 -0.966983000 0.014043000
1520530423.753040075 0.053397000 1.641507000 0.236249000 -0.025828000 0.196606000 -0.979543000 0.034270000
1520530423.803040028 0.030459000 1.613284000 0.204255000 -0.027738000 0.136062000 -0.988943000 0.052046000
1520530423.853039980 0.008389000 1.582615000 0.171182000 -0.026647000 0.073688000 -0.994642000 0.067431000
1520530423.903039932 -0.012342000 1.550391000 0.138132000 -0.024665000 0.009981000 -0.996323000 0.081436000
1520530423.953049898 -0.029854000 1.517581000 0.106689000 -0.017646000 -0.055917000 -0.994103000 0.091223000
1520530424.003050089 -0.043830000 1.481907000 0.076496000 -0.010756000 -0.126420000 -0.987081000 0.097839000
1520530424.052999973 -0.054833000 1.442617000 0.049447000 -0.002249000 -0.198103000 -0.974870000 0.101874000
1520530424.103310108 -0.060585000 1.404457000 0.025813000 0.007470000 -0.266895000 -0.958180000 0.102967000
1520530424.153310061 -0.062411000 1.368264000 0.009067000 0.016695000 -0.323980000 -0.940304000 0.102889000
1520530424.203310013 -0.060438000 1.334414000 0.000469000 0.026442000 -0.360781000 -0.926880000 0.100158000
1520530424.253309965 -0.056400000 1.303779000 0.002215000 0.032058000 -0.370842000 -0.922957000 0.097979000
1520530424.303319931 -0.051044000 1.277867000 0.012734000 0.033822000 -0.350463000 -0.930879000 0.097445000
1520530424.353319883 -0.043903000 1.254362000 0.031145000 0.032329000 -0.299926000 -0.948362000 0.098030000
1520530424.403320074 -0.034997000 1.232314000 0.056300000 0.026504000 -0.224015000 -0.969328000 0.097557000
1520530424.453320026 -0.025655000 1.206720000 0.084711000 0.015189000 -0.134143000 -0.986068000 0.097182000
1520530424.504780054 -0.014190000 1.177016000 0.115858000 0.004509000 -0.036974000 -0.994962000 0.093072000
1520530424.554780006 -0.002151000 1.143758000 0.145301000 -0.004634000 0.052323000 -0.994759000 0.087721000
1520530424.604779959 0.009704000 1.107145000 0.171153000 -0.011197000 0.127682000 -0.988227000 0.083539000
1520530424.654779911 0.020190000 1.069777000 0.192127000 -0.012736000 0.182121000 -0.979838000 0.081162000
1520530424.704790115 0.029111000 1.031183000 0.207194000 -0.011414000 0.212130000 -0.973893000 0.080024000
1520530424.754790068 0.035873000 0.993731000 0.216373000 -0.010809000 0.224319000 -0.971251000 0.078971000
1520530424.804790020 0.040313000 0.959780000 0.217252000 -0.013429000 0.214496000 -0.973644000 0.076338000
1520530424.854789972 0.042644000 0.929619000 0.208353000 -0.014649000 0.175045000 -0.981554000 0.075469000
1520530424.903429985 0.043889000 0.900997000 0.191919000 -0.014683000 0.113562000 -0.990670000 0.073905000
1520530424.953439951 0.045105000 0.870001000 0.170522000 -0.006793000 0.037657000 -0.997146000 0.065075000
1520530425.003439903 0.045630000 0.834997000 0.148234000 0.000433000 -0.038555000 -0.997946000 0.051164000
1520530425.053440094 0.046055000 0.796460000 0.128307000 0.008973000 -0.099016000 -0.994570000 0.030744000
1520530425.103440046 0.045732000 0.757164000 0.113304000 0.016091000 -0.135075000 -0.990691000 0.005309000
1520530425.153450012 0.044654000 0.716911000 0.104735000 -0.025652000 0.142814000 0.989077000 0.025953000
1520530425.203449965 0.042710000 0.674553000 0.102487000 -0.035327000 0.125044000 0.989783000 0.058702000
1520530425.253449917 0.040298000 0.633262000 0.105465000 -0.046112000 0.092409000 0.990381000 0.092087000
1520530425.303800106 0.037394000 0.591579000 0.111633000 -0.056793000 0.060465000 0.988389000 0.127299000
1520530425.353800058 0.036093000 0.551282000 0.118579000 -0.064837000 0.040909000 0.983020000 0.166718000
1520530425.403800011 0.036405000 0.513651000 0.124894000 -0.069103000 0.033541000 0.975158000 0.207764000
1520530425.453799963 0.038178000 0.477458000 0.131272000 -0.066864000 0.032402000 0.967561000 0.241464000
1520530425.503799915 0.039850000 0.444428000 0.138243000 -0.055304000 0.031748000 0.965648000 0.251909000
1520530425.553800106 0.040346000 0.415698000 0.145414000 -0.036689000 0.030754000 0.972302000 0.228772000
1520530425.603800058 0.039674000 0.388371000 0.151794000 -0.014941000 0.034531000 0.984026000 0.174006000
1520530425.653810024 0.035182000 0.360546000 0.158827000 0.004410000 0.043713000 0.994706000 0.092898000
1520530425.703739882 0.028700000 0.328754000 0.164903000 0.013603000 0.048776000 0.998715000 0.001976000
1520530425.753740072 0.019626000 0.294896000 0.171514000 -0.015506000 -0.043619000 -0.994913000 0.089474000
1520530425.803740025 0.008388000 0.258838000 0.177960000 -0.019359000 -0.028363000 -0.983827000 0.175801000
1520530425.853749990 -0.003693000 0.220270000 0.181791000 -0.029906000 -0.009612000 -0.966021000 0.256547000
1520530425.903749943 -0.014389000 0.180806000 0.183480000 -0.040071000 0.008890000 -0.945866000 0.321951000
1520530425.953749895 -0.022631000 0.142518000 0.182935000 -0.049469000 0.021602000 -0.929391000 0.365127000
1520530426.003750086 -0.028164000 0.107288000 0.180147000 -0.050496000 0.024186000 -0.923093000 0.380480000
1520530426.053750038 -0.029918000 0.077061000 0.176047000 -0.042889000 0.016456000 -0.930536000 0.363309000
1520530426.103539944 -0.028354000 0.049946000 0.172064000 -0.036385000 0.001750000 -0.945898000 0.322412000
1520530426.153539896 -0.023510000 0.024244000 0.169085000 -0.029037000 -0.016503000 -0.962760000 0.268288000
1520530426.203550100 -0.015610000 0.000774000 0.166501000 -0.019576000 -0.035276000 -0.978346000 0.203006000
1520530426.253550053 -0.004380000 -0.021291000 0.164262000 -0.007793000 -0.048672000 -0.990051000 0.131795000
1520530426.303550005 0.007636000 -0.042713000 0.164307000 -0.003550000 -0.054099000 -0.996717000 0.060139000
1520530426.353549957 0.022255000 -0.064936000 0.165925000 -0.005715000 0.048163000 0.998638000 0.019216000
1520530426.403549910 0.037635000 -0.088970000 0.169466000 -0.014108000 0.033296000 0.994541000 0.097879000
1520530426.453550100 0.052937000 -0.113873000 0.173527000 -0.024300000 0.017864000 0.984930000 0.170301000
1520530426.503560066 0.067200000 -0.138530000 0.176912000 -0.033818000 0.007086000 0.972742000 0.229302000
1520530426.553620100 0.077770000 -0.162576000 0.178719000 -0.033427000 0.002418000 0.965220000 0.259283000
1520530426.603620052 0.083244000 -0.184995000 0.179782000 -0.024699000 0.002974000 0.967023000 0.253472000
1520530426.653630018 0.082771000 -0.208013000 0.179513000 -0.013204000 0.008973000 0.976669000 0.214155000
1520530426.703629971 0.075847000 -0.233859000 0.178373000 -0.013424000 0.020509000 0.987631000 0.154869000
1520530426.753629923 0.061466000 -0.263701000 0.176079000 -0.019283000 0.031145000 0.996243000 0.078473000
1520530426.803630114 0.040092000 -0.298489000 0.172122000 0.022947000 -0.040541000 -0.998898000 0.005675000
1520530426.853630066 0.013426000 -0.334750000 0.168329000 0.023134000 -0.044661000 -0.994851000 0.087991000
1520530426.903630018 -0.017855000 -0.372809000 0.163403000 0.017175000 -0.044557000 -0.985881000 0.160494000
1520530426.953670025 -0.052294000 -0.410456000 0.158686000 0.011245000 -0.042020000 -0.974512000 0.220077000
1520530427.003669977 -0.088806000 -0.448581000 0.154857000 0.001751000 -0.041879000 -0.961406000 0.271922000
1520530427.053669930 -0.125410000 -0.487253000 0.151749000 -0.008773000 -0.045189000 -0.947006000 0.317900000
1520530427.103669882 -0.159738000 -0.525688000 0.149430000 -0.019995000 -0.050941000 -0.930753000 0.361531000
1520530427.153680086 -0.190808000 -0.564448000 0.147569000 -0.028945000 -0.057744000 -0.910588000 0.408237000
1520530427.203680038 -0.217803000 -0.602521000 0.145335000 -0.033976000 -0.063295000 -0.888052000 0.454096000
1520530427.253679991 -0.241612000 -0.638756000 0.143270000 -0.036031000 -0.065585000 -0.865100000 0.495987000
1520530427.303679943 -0.261358000 -0.673354000 0.140289000 -0.037807000 -0.067321000 -0.841213000 0.535163000
1520530427.353660107 -0.277834000 -0.704659000 0.136627000 -0.038624000 -0.070331000 -0.816367000 0.571932000
1520530427.403670073 -0.291272000 -0.732395000 0.132940000 -0.037547000 -0.074639000 -0.791973000 0.604813000
1520530427.453670025 -0.301526000 -0.754584000 0.129208000 -0.033186000 -0.078664000 -0.771853000 0.630043000
1520530427.503669977 -0.309788000 -0.770625000 0.125750000 -0.029816000 -0.082963000 -0.757591000 0.646749000
1520530427.553669930 -0.316296000 -0.778909000 0.122917000 -0.027129000 -0.086507000 -0.749980000 0.655218000
1520530427.603669882 -0.320144000 -0.778678000 0.121027000 -0.025562000 -0.090158000 -0.749451000 0.655394000
1520530427.653670073 -0.321046000 -0.770949000 0.119400000 -0.025578000 -0.091351000 -0.755603000 0.648124000
1520530427.703670025 -0.318773000 -0.753156000 0.117949000 -0.030557000 -0.089790000 -0.768025000 0.633357000
1520530427.753750086 -0.313519000 -0.724811000 0.116871000 -0.037773000 -0.084868000 -0.784340000 0.613337000
1520530427.803750038 -0.300065000 -0.683723000 0.117148000 -0.047576000 -0.078745000 -0.803937000 0.587554000
1520530427.853749990 -0.278392000 -0.632902000 0.117864000 -0.057077000 -0.071138000 -0.827129000 0.554562000
1520530427.903749943 -0.246028000 -0.574423000 0.119237000 -0.063029000 -0.058935000 -0.852807000 0.515047000
1520530427.953749895 -0.201809000 -0.511553000 0.121026000 -0.065232000 -0.041934000 -0.879748000 0.469073000
1520530428.003750086 -0.144297000 -0.446220000 0.122304000 -0.063083000 -0.021942000 -0.910305000 0.408515000
1520530428.053760052 -0.074169000 -0.382891000 0.122154000 -0.056033000 -0.001918000 -0.940927000 0.333934000
1520530428.103760004 0.006953000 -0.324988000 0.120756000 -0.050691000 0.012901000 -0.966194000 0.252453000
1520530428.153599977 0.097356000 -0.275649000 0.118023000 -0.045254000 0.018243000 -0.984532000 0.168274000
1520530428.203609943 0.194458000 -0.237543000 0.114875000 -0.036552000 0.015461000 -0.995665000 0.084122000
1520530428.253609896 0.294852000 -0.212618000 0.112738000 -0.022864000 0.011205000 -0.999674000 0.001883000
1520530428.303610086 0.394792000 -0.201628000 0.112280000 0.012457000 -0.011000000 0.996698000 0.079484000
1520530428.353610039 0.490788000 -0.204092000 0.113970000 0.002531000 -0.015004000 0.986826000 0.161070000
1520530428.403690100 0.577989000 -0.218568000 0.118364000 -0.007568000 -0.023425000 0.970645000 0.239252000
1520530428.453609943 0.653212000 -0.242158000 0.124054000 -0.017928000 -0.031852000 0.949205000 0.312527000
1520530428.503619909 0.715805000 -0.271548000 0.130118000 -0.026916000 -0.037925000 0.923007000 0.381963000
1520530428.553519964 0.765151000 -0.303156000 0.135409000 -0.031948000 -0.039788000 0.893446000 0.446263000
1520530428.603519917 0.801663000 -0.333976000 0.140165000 -0.031264000 -0.037090000 0.862059000 0.504482000
1520530428.653529882 0.827216000 -0.362228000 0.142793000 -0.027021000 -0.031525000 0.828713000 0.558131000
1520530428.703530073 0.842905000 -0.387792000 0.144281000 -0.019855000 -0.026983000 0.794006000 0.606987000
1520530428.753530025 0.850552000 -0.409757000 0.143964000 -0.014135000 -0.023214000 0.758038000 0.651644000
1520530428.803529978 0.850139000 -0.429161000 0.141892000 -0.009251000 -0.021283000 0.719724000 0.693873000
1520530428.853529930 0.841787000 -0.447068000 0.138423000 -0.003688000 -0.021018000 0.678576000 0.734220000
1520530428.903529882 0.826600000 -0.461631000 0.134789000 0.005211000 -0.023520000 0.634754000 0.772338000
1520530428.953530073 0.802773000 -0.475540000 0.130932000 0.017160000 -0.026966000 0.586677000 0.809190000
1520530429.003520012 0.767142000 -0.487995000 0.127662000 0.028753000 -0.029215000 0.533766000 0.844638000
1520530429.053519964 0.726819000 -0.495963000 0.122509000 0.038682000 -0.032730000 0.477171000 0.877349000
1520530429.103519917 0.674250000 -0.500075000 0.118225000 0.046384000 -0.038282000 0.417051000 0.906891000
1520530429.153520107 0.615403000 -0.501603000 0.113204000 0.050192000 -0.041699000 0.355498000 0.932396000
1520530429.203520060 0.546620000 -0.498464000 0.110940000 0.050848000 -0.041873000 0.292098000 0.954117000
1520530429.253520012 0.476775000 -0.488845000 0.109884000 0.047538000 -0.039214000 0.227500000 0.971826000
1520530429.303529978 0.406183000 -0.470212000 0.108666000 0.040629000 -0.034414000 0.161252000 0.985476000
1520530429.353529930 0.336886000 -0.442451000 0.110843000 0.032168000 -0.027926000 0.095611000 0.994507000
1520530429.403620005 0.268409000 -0.409680000 0.116208000 0.025191000 -0.022960000 0.032904000 0.998877000
1520530429.453619957 0.201903000 -0.367291000 0.120936000 0.021269000 -0.017968000 -0.029039000 0.999190000
1520530429.503629923 0.138138000 -0.321035000 0.126632000 0.018428000 -0.015395000 -0.089050000 0.995738000
1520530429.553630114 0.078031000 -0.268898000 0.132433000 0.015006000 -0.015413000 -0.145962000 0.989056000
1520530429.603630066 0.020506000 -0.210981000 0.137787000 0.011178000 -0.015529000 -0.203876000 0.978810000
1520530429.653630018 -0.029664000 -0.146255000 0.142741000 0.005596000 -0.015138000 -0.261353000 0.965108000
1520530429.703629971 -0.073797000 -0.075740000 0.146822000 -0.002349000 -0.014992000 -0.315052000 0.948953000
1520530429.753629923 -0.112379000 0.000418000 0.149287000 -0.009990000 -0.013296000 -0.366323000 0.930339000
1520530429.803689957 -0.144677000 0.082444000 0.149765000 -0.015186000 -0.010574000 -0.416038000 0.909159000
1520530429.853699923 -0.173380000 0.168987000 0.148052000 -0.016958000 -0.007510000 -0.466332000 0.884415000
1520530429.903700113 -0.193620000 0.260314000 0.145384000 -0.017011000 -0.007266000 -0.516379000 0.856160000
1520530429.953700066 -0.209393000 0.354234000 0.141039000 -0.017376000 -0.010242000 -0.566045000 0.824128000
1520530430.003730059 -0.219759000 0.449315000 0.136473000 -0.017391000 -0.013924000 -0.617197000 0.786493000
1520530430.053699970 -0.224875000 0.544346000 0.134038000 -0.016452000 -0.017042000 -0.666735000 0.744918000
1520530430.103699923 -0.220818000 0.638602000 0.131669000 -0.014018000 -0.018747000 -0.715460000 0.698261000
1520530430.153700113 -0.210654000 0.730996000 0.129706000 -0.013228000 -0.020979000 -0.760970000 0.648313000
1520530430.203419924 -0.196721000 0.819601000 0.127191000 -0.016869000 -0.024408000 -0.802357000 0.596106000
1520530430.253420115 -0.177909000 0.906464000 0.123986000 -0.021588000 -0.027400000 -0.840221000 0.541122000
1520530430.303420067 -0.152705000 0.987761000 0.119957000 -0.025396000 -0.029557000 -0.873341000 0.485547000
1520530430.353420019 -0.122317000 1.064837000 0.115932000 -0.027943000 -0.030561000 -0.901987000 0.429773000
1520530430.403419971 -0.089678000 1.139043000 0.111450000 -0.028754000 -0.029409000 -0.925574000 0.376327000
1520530430.453419924 -0.056066000 1.210156000 0.107381000 -0.030070000 -0.026554000 -0.945020000 0.324544000
1520530430.503429890 -0.019990000 1.276881000 0.104992000 -0.032100000 -0.023657000 -0.960643000 0.274910000
1520530430.553430080 0.019089000 1.336877000 0.105546000 -0.034914000 -0.021976000 -0.973153000 0.226430000
1520530430.603600025 0.061725000 1.388274000 0.108765000 -0.037753000 -0.020850000 -0.983115000 0.177835000
1520530430.653599977 0.101655000 1.437078000 0.116447000 -0.039747000 -0.018182000 -0.990842000 0.127753000
1520530430.703599930 0.145167000 1.479054000 0.122607000 -0.043899000 -0.014326000 -0.995925000 0.077467000
1520530430.753609896 0.191968000 1.513248000 0.128146000 -0.050470000 -0.011484000 -0.998247000 0.028706000
1520530430.803610086 0.239505000 1.543633000 0.131757000 0.056429000 0.010066000 0.998157000 0.019903000
1520530430.853610039 0.287812000 1.567795000 0.133887000 0.059166000 0.007816000 0.995800000 0.069427000
1520530430.903609991 0.336622000 1.585598000 0.135643000 0.059992000 0.003114000 0.991054000 0.119180000
1520530430.953609943 0.387156000 1.597908000 0.135049000 0.059485000 -0.003364000 0.983902000 0.168482000
1520530431.003770113 0.436436000 1.607268000 0.132940000 0.058690000 -0.009398000 0.974331000 0.217132000
1520530431.053770065 0.485056000 1.609122000 0.130722000 0.057214000 -0.012766000 0.962328000 0.265497000
1520530431.103770018 0.531528000 1.603452000 0.128256000 0.055492000 -0.014228000 0.947701000 0.313975000
1520530431.153769970 0.574186000 1.591733000 0.127115000 0.053981000 -0.014893000 0.930206000 0.362742000
1520530431.203779936 0.612939000 1.575059000 0.128218000 0.050051000 -0.016020000 0.909381000 0.412631000
1520530431.253779888 0.645162000 1.551325000 0.130297000 0.044982000 -0.020028000 0.884606000 0.463731000
1520530431.303780079 0.669560000 1.524586000 0.132700000 0.040738000 -0.024286000 0.855636000 0.515401000
1520530431.353780031 0.685455000 1.493031000 0.135091000 0.037889000 -0.024589000 0.821183000 0.568874000
1520530431.403779984 0.690850000 1.457317000 0.136552000 0.037350000 -0.022372000 0.781043000 0.622957000
1520530431.453629971 0.685020000 1.418913000 0.138626000 0.036458000 -0.020954000 0.734358000 0.677458000
1520530431.503639936 0.672914000 1.383349000 0.139248000 0.033731000 -0.022684000 0.682127000 0.730103000
1520530431.553639889 0.655276000 1.351542000 0.138305000 0.030096000 -0.027894000 0.626944000 0.777983000
1520530431.603640079 0.623202000 1.319871000 0.137461000 0.025735000 -0.032650000 0.568045000 0.821947000
1520530431.653640032 0.581058000 1.293348000 0.134520000 0.023635000 -0.034838000 0.503804000 0.862792000
1520530431.703639984 0.527991000 1.270315000 0.131275000 0.024703000 -0.036568000 0.437343000 0.898211000
1520530431.753639936 0.467379000 1.253601000 0.127476000 0.027003000 -0.039842000 0.369568000 0.927956000
1520530431.803649902 0.401239000 1.243420000 0.123701000 0.029616000 -0.043385000 0.302635000 0.951658000
1520530431.853600025 0.333855000 1.238850000 0.120643000 0.030943000 -0.044221000 0.234870000 0.970527000
1520530431.903599977 0.261890000 1.242655000 0.118713000 0.028973000 -0.041822000 0.164914000 0.984995000
1520530431.953599930 0.187284000 1.257931000 0.117358000 0.023683000 -0.038749000 0.092457000 0.994681000
1520530432.003599882 0.112214000 1.280799000 0.117947000 0.017051000 -0.038398000 0.019742000 0.998922000
1520530432.053600073 0.037858000 1.317872000 0.117294000 0.011618000 -0.038545000 -0.051795000 0.997846000
1520530432.103600025 -0.032283000 1.358415000 0.117513000 0.008758000 -0.037754000 -0.122212000 0.991747000
1520530432.153609991 -0.099053000 1.403493000 0.116376000 0.008098000 -0.034913000 -0.191335000 0.980870000
1520530432.203609943 -0.160935000 1.457078000 0.115211000 0.008861000 -0.031090000 -0.255444000 0.966283000
1520530432.253770113 -0.216275000 1.515338000 0.113326000 0.010897000 -0.026233000 -0.315482000 0.948506000
1520530432.303770065 -0.264833000 1.577049000 0.111023000 0.014383000 -0.020658000 -0.373271000 0.927381000
1520530432.353770018 -0.305984000 1.639436000 0.109399000 0.018145000 -0.017373000 -0.428099000 0.903383000
1520530432.403769970 -0.341794000 1.699871000 0.107990000 0.021869000 -0.016367000 -0.479555000 0.877086000
1520530432.453769922 -0.367870000 1.761906000 0.108112000 0.024284000 -0.016089000 -0.529785000 0.847632000
1520530432.503779888 -0.386519000 1.822610000 0.108715000 0.024277000 -0.015356000 -0.579975000 0.814128000
1520530432.553780079 -0.399870000 1.879716000 0.110388000 0.021783000 -0.013824000 -0.631254000 0.775147000
1520530432.603780031 -0.402136000 1.933820000 0.112076000 0.017130000 -0.014574000 -0.680283000 0.732604000
1520530432.653620005 -0.401107000 1.982065000 0.114285000 0.012351000 -0.018834000 -0.725581000 0.687768000
1520530432.703619957 -0.393798000 2.023961000 0.117376000 0.007911000 -0.023168000 -0.766793000 0.641427000
1520530432.753619909 -0.380832000 2.061579000 0.120812000 0.003218000 -0.023474000 -0.805489000 0.592137000
1520530432.803630114 -0.359959000 2.090377000 0.125030000 -0.002878000 -0.018962000 -0.841423000 0.540036000
1520530432.853630066 -0.334280000 2.111353000 0.128789000 -0.010271000 -0.011904000 -0.874403000 0.484945000
1520530432.903630018 -0.305076000 2.126408000 0.133311000 -0.017704000 -0.005974000 -0.904255000 0.426583000
1520530432.953629971 -0.269320000 2.133733000 0.137082000 -0.022695000 -0.003845000 -0.930575000 0.365377000
1520530433.003629923 -0.233046000 2.133864000 0.140087000 -0.027952000 -0.005408000 -0.952127000 0.304373000
1520530433.053760052 -0.191248000 2.125469000 0.141095000 -0.035947000 -0.006655000 -0.968561000 0.246075000
1520530433.103760004 -0.142260000 2.106684000 0.140674000 -0.044185000 -0.005980000 -0.980727000 0.190225000
1520530433.153769970 -0.100252000 2.085483000 0.141147000 -0.047435000 -0.004934000 -0.989253000 0.138218000
1520530433.203769922 -0.054116000 2.057807000 0.139517000 -0.044537000 -0.004537000 -0.995133000 0.087788000
1520530433.253770113 -0.007291000 2.025533000 0.136811000 -0.040994000 -0.003334000 -0.998412000 0.038493000
1520530433.303770065 0.037209000 1.988073000 0.136132000 0.042390000 -0.000106000 0.999073000 0.007534000
1520530433.353770018 0.075460000 1.939747000 0.134704000 0.045456000 -0.004463000 0.997724000 0.049603000
1520530433.403769970 0.114611000 1.892325000 0.134013000 0.044303000 -0.007190000 0.994803000 0.091396000
1520530433.453779936 0.152434000 1.840299000 0.132046000 0.041462000 -0.009306000 0.990342000 0.131971000
1520530433.503870010 0.188285000 1.782842000 0.130063000 0.038169000 -0.012169000 0.984606000 0.170136000
1520530433.553869963 0.222826000 1.720851000 0.126383000 0.033595000 -0.014700000 0.977720000 0.206686000
1520530433.603869915 0.257057000 1.654287000 0.121903000 0.027596000 -0.014667000 0.969508000 0.243061000
1520530433.653870106 0.286780000 1.583112000 0.116938000 0.023405000 -0.009813000 0.959431000 0.280800000
1520530433.703870058 0.309204000 1.506942000 0.114196000 0.022287000 0.000115000 0.947181000 0.319925000
1520530433.753870010 0.329954000 1.429030000 0.112301000 0.024851000 0.011233000 0.933288000 0.358092000
1520530433.803879976 0.344168000 1.350597000 0.111497000 0.028521000 0.019120000 0.917374000 0.396541000
1520530433.853879929 0.356381000 1.271208000 0.110897000 0.031652000 0.020812000 0.898828000 0.436660000
1520530433.903700113 0.359874000 1.191708000 0.110955000 0.033483000 0.016365000 0.877267000 0.478554000
1520530433.953700066 0.357099000 1.111077000 0.110407000 0.033594000 0.009462000 0.852441000 0.521658000
1520530434.003710032 0.349359000 1.029513000 0.107616000 0.032574000 0.003973000 0.823947000 0.565717000
1520530434.053709984 0.334632000 0.946580000 0.104521000 0.032554000 0.001710000 0.792261000 0.609312000
1520530434.103709936 0.314999000 0.862175000 0.100461000 0.037081000 0.000089000 0.759366000 0.649606000
1520530434.153709888 0.289295000 0.777400000 0.096823000 0.044467000 0.000653000 0.723582000 0.688804000
1520530434.203710079 0.258247000 0.691891000 0.094681000 0.052080000 0.003253000 0.683824000 0.727779000
1520530434.253710032 0.222902000 0.606475000 0.093673000 0.058407000 0.004436000 0.640759000 0.765504000
1520530434.303550005 0.183107000 0.520727000 0.093868000 0.062690000 0.004135000 0.594652000 0.801524000
1520530434.353549957 0.139329000 0.434005000 0.094451000 0.063548000 0.004728000 0.541767000 0.838110000
1520530434.403549910 0.090440000 0.348957000 0.094529000 0.063494000 0.001811000 0.483921000 0.872803000
1520530434.453560114 0.036432000 0.267351000 0.093479000 0.062676000 -0.004078000 0.424482000 0.903255000
1520530434.503560066 -0.021042000 0.188902000 0.090426000 0.059793000 -0.010918000 0.362034000 0.930181000
1520530434.553560019 -0.081507000 0.114716000 0.086684000 0.055184000 -0.015289000 0.298030000 0.952838000
1520530434.603559971 -0.143750000 0.046826000 0.083191000 0.051754000 -0.015069000 0.233367000 0.970894000
1520530434.653559923 -0.207744000 -0.011656000 0.080584000 0.050547000 -0.017070000 0.171477000 0.983742000
1520530434.703730106 -0.272906000 -0.060678000 0.080309000 0.048038000 -0.021624000 0.109127000 0.992631000
1520530434.753730059 -0.337297000 -0.099553000 0.082400000 0.040637000 -0.022895000 0.039889000 0.998115000
1520530434.803730011 -0.399323000 -0.126682000 0.086340000 0.030454000 -0.022899000 -0.031614000 0.998774000
1520530434.853800058 -0.456317000 -0.143364000 0.090195000 0.022857000 -0.023310000 -0.102323000 0.994215000
1520530434.903729916 -0.506556000 -0.151680000 0.095052000 0.020542000 -0.025376000 -0.175181000 0.983995000
1520530434.953739882 -0.549378000 -0.151227000 0.099224000 0.020955000 -0.030168000 -0.247692000 0.968142000
1520530435.003740072 -0.580910000 -0.150638000 0.100335000 0.018873000 -0.035572000 -0.316878000 0.947611000
1520530435.053740025 -0.605504000 -0.144042000 0.100836000 0.012240000 -0.039951000 -0.383316000 0.922672000
1520530435.103869915 -0.621438000 -0.124317000 0.102921000 0.003494000 -0.041997000 -0.449443000 0.892314000
1520530435.153870106 -0.627972000 -0.097130000 0.104750000 -0.004585000 -0.045448000 -0.514288000 0.856400000
1520530435.203870058 -0.622258000 -0.070688000 0.105000000 -0.009349000 -0.050854000 -0.577087000 0.815044000
1520530435.253870010 -0.603875000 -0.043205000 0.104868000 -0.011566000 -0.056828000 -0.635836000 0.769643000
1520530435.303879976 -0.575421000 -0.011806000 0.104666000 -0.016775000 -0.062230000 -0.687897000 0.722941000
1520530435.353879929 -0.539916000 0.024106000 0.106325000 -0.025873000 -0.065308000 -0.734572000 0.674885000
1520530435.403879881 -0.497049000 0.055311000 0.105519000 -0.033561000 -0.065320000 -0.776187000 0.626212000
1520530435.453880072 -0.447539000 0.087107000 0.103795000 -0.034750000 -0.062621000 -0.814518000 0.575701000
1520530435.504159927 -0.390726000 0.117285000 0.100359000 -0.032307000 -0.060322000 -0.849732000 0.522755000
1520530435.554160118 -0.327410000 0.145768000 0.097103000 -0.029821000 -0.060501000 -0.881200000 0.467906000
1520530435.604160070 -0.258385000 0.171056000 0.094720000 -0.030971000 -0.061734000 -0.908128000 0.412957000
1520530435.654160023 -0.186035000 0.191936000 0.092022000 -0.032584000 -0.061124000 -0.931237000 0.357771000
1520530435.704159975 -0.110240000 0.207513000 0.089143000 -0.031999000 -0.058024000 -0.951145000 0.301550000
1520530435.754169941 -0.033404000 0.219037000 0.085971000 -0.029868000 -0.055039000 -0.967342000 0.245616000
1520530435.804169893 0.044160000 0.224844000 0.082266000 -0.027758000 -0.055115000 -0.979549000 0.191510000
1520530435.854170084 0.122041000 0.225639000 0.078544000 -0.023790000 -0.058651000 -0.988250000 0.139128000
1520530435.904170036 0.199022000 0.220200000 0.074853000 -0.019099000 -0.063135000 -0.994015000 0.087078000
1520530435.953910112 0.274419000 0.210786000 0.072421000 -0.014937000 -0.066137000 -0.997194000 0.031718000
1520530436.003910065 0.347671000 0.196642000 0.070963000 0.015408000 0.067193000 0.997279000 0.026104000
1520530436.053910017 0.416744000 0.177891000 0.070439000 0.018852000 0.067555000 0.993855000 0.085631000
1520530436.103909969 0.481693000 0.156533000 0.070583000 0.022679000 0.068352000 0.986413000 0.147656000
1520530436.153909922 0.540937000 0.132554000 0.071731000 0.025658000 0.068678000 0.975193000 0.208863000
1520530436.203919888 0.592646000 0.106812000 0.073280000 0.028868000 0.066191000 0.961347000 0.265703000
1520530436.253920078 0.638783000 0.085033000 0.074526000 0.032385000 0.061485000 0.945977000 0.316701000
1520530436.303920031 0.675968000 0.063260000 0.075701000 0.035616000 0.058370000 0.929827000 0.361588000
1520530436.354029894 0.705400000 0.044129000 0.075448000 0.037998000 0.058352000 0.913059000 0.401839000
1520530436.404030085 0.728163000 0.031248000 0.074697000 0.039774000 0.059468000 0.897105000 0.435987000
1520530436.454050064 0.744701000 0.025214000 0.074549000 0.040829000 0.060212000 0.883333000 0.463065000
1520530436.504029989 0.758611000 0.031177000 0.074465000 0.040526000 0.060095000 0.873220000 0.481907000
1520530436.554029942 0.766557000 0.043875000 0.075942000 0.038215000 0.058807000 0.865755000 0.495529000
1520530436.604039907 0.775816000 0.067930000 0.079469000 0.034771000 0.054846000 0.861581000 0.503449000
1520530436.654040098 0.778051000 0.099962000 0.086933000 0.031569000 0.046257000 0.861200000 0.505172000
1520530436.704040051 0.779052000 0.143568000 0.098414000 0.026231000 0.034308000 0.865234000 0.499505000
1520530436.754100084 0.775394000 0.194010000 0.114613000 0.014917000 0.019353000 0.872939000 0.487217000
1520530436.804110050 0.767085000 0.250368000 0.137227000 -0.001260000 -0.001226000 0.882366000 0.470561000
1520530436.854110003 0.753150000 0.311209000 0.164927000 -0.023063000 -0.027072000 0.892592000 0.449460000
1520530436.904109955 0.733010000 0.374310000 0.195050000 -0.052037000 -0.055718000 0.903493000 0.421768000
1520530436.954109907 0.704730000 0.438438000 0.223935000 -0.084817000 -0.085249000 0.915279000 0.384452000
1520530437.004110098 0.667700000 0.502323000 0.247226000 -0.114802000 -0.109048000 0.928844000 0.334930000
1520530437.054110050 0.622413000 0.564678000 0.261438000 -0.140567000 -0.121477000 0.942435000 0.278029000
1520530437.104110003 0.569790000 0.624035000 0.264985000 -0.157566000 -0.124609000 0.956029000 0.213666000
1520530437.153599977 0.511109000 0.677669000 0.257697000 -0.168179000 -0.118310000 0.967743000 0.145572000
1520530437.203609943 0.446348000 0.724182000 0.239585000 -0.173436000 -0.104841000 0.976392000 0.074750000
1520530437.253609896 0.378127000 0.761109000 0.211127000 -0.172711000 -0.084941000 0.981300000 0.002444000
1520530437.303610086 0.309197000 0.787647000 0.173251000 0.167110000 0.056963000 -0.981853000 0.069245000
1520530437.353610039 0.241185000 0.804185000 0.128669000 0.161146000 0.021303000 -0.977027000 0.137826000
1520530437.403609991 0.175310000 0.810907000 0.080216000 0.158122000 -0.018813000 -0.966176000 0.202848000
1520530437.453609943 0.113507000 0.809651000 0.035302000 0.152579000 -0.061038000 -0.949387000 0.267692000
1520530437.503609896 0.056893000 0.798429000 -0.003675000 0.139968000 -0.099953000 -0.926965000 0.333399000
1520530437.553940058 0.006999000 0.780378000 -0.031401000 0.123657000 -0.128524000 -0.899705000 0.398398000
1520530437.603940010 -0.035433000 0.759760000 -0.046552000 0.110473000 -0.146653000 -0.870686000 0.456284000
1520530437.653939962 -0.070387000 0.740207000 -0.048391000 0.096537000 -0.161058000 -0.839912000 0.509203000
1520530437.703939915 -0.099260000 0.724207000 -0.037411000 0.083289000 -0.171588000 -0.808916000 0.556126000
1520530437.753950119 -0.123168000 0.710180000 -0.014907000 0.064214000 -0.176165000 -0.776990000 0.600940000
1520530437.803950071 -0.142133000 0.707180000 0.016461000 0.038366000 -0.172273000 -0.743389000 0.645153000
1520530437.853950024 -0.157005000 0.711017000 0.053186000 0.005935000 -0.163751000 -0.709429000 0.685464000
1520530437.903949976 -0.167377000 0.722225000 0.091453000 -0.026197000 -0.156256000 -0.680037000 0.715854000
1520530437.954550028 -0.175900000 0.743478000 0.126820000 -0.056322000 -0.149669000 -0.660914000 0.733226000
1520530438.004549980 -0.184671000 0.775013000 0.157511000 -0.088292000 -0.143762000 -0.655558000 0.736057000
1520530438.054559946 -0.194082000 0.817111000 0.180909000 -0.120502000 -0.138127000 -0.662754000 0.726056000
1520530438.104559898 -0.202914000 0.868932000 0.195999000 -0.149165000 -0.133565000 -0.680348000 0.705008000
1520530438.154560089 -0.212855000 0.924882000 0.202185000 -0.170294000 -0.129996000 -0.707035000 0.673945000
1520530438.204560041 -0.220168000 0.985032000 0.200638000 -0.186007000 -0.130959000 -0.738137000 0.635141000
1520530438.254559994 -0.225579000 1.047753000 0.192044000 -0.193291000 -0.136567000 -0.772030000 0.589879000
1520530438.304559946 -0.227425000 1.111474000 0.178070000 -0.194294000 -0.147104000 -0.805370000 0.540360000
1520530438.354559898 -0.223282000 1.174141000 0.161234000 -0.192790000 -0.163393000 -0.835778000 0.487453000
1520530438.403690100 -0.214253000 1.234365000 0.143172000 -0.186725000 -0.182110000 -0.863959000 0.430748000
1520530438.453700066 -0.199579000 1.292473000 0.122387000 -0.171818000 -0.202958000 -0.891082000 0.367776000
1520530438.503700018 -0.178425000 1.344047000 0.100955000 -0.149101000 -0.224530000 -0.912984000 0.306293000
1520530438.553699970 -0.152569000 1.389723000 0.081564000 -0.122942000 -0.242927000 -0.930218000 0.246101000
1520530438.603699923 -0.125092000 1.430086000 0.065097000 -0.102472000 -0.256740000 -0.942389000 0.188379000
1520530438.653700113 -0.096030000 1.464728000 0.052892000 -0.088634000 -0.265923000 -0.950475000 0.134260000
1520530438.703700066 -0.066971000 1.494495000 0.046302000 -0.079644000 -0.267153000 -0.956608000 0.084778000
1520530438.753710032 -0.039101000 1.521440000 0.043947000 -0.068391000 -0.257618000 -0.962938000 0.041308000
1520530438.804460049 -0.013350000 1.547417000 0.044062000 -0.051111000 -0.237624000 -0.970002000 0.004352000
1520530438.854470015 0.009304000 1.571521000 0.045252000 0.027364000 0.210795000 0.976834000 0.024747000
1520530438.904469967 0.027380000 1.595120000 0.047346000 0.002235000 0.177398000 0.983030000 0.046657000
1520530438.954469919 0.041712000 1.618783000 0.050728000 -0.017835000 0.141109000 0.987807000 0.063310000
1520530439.004470110 0.050903000 1.643821000 0.054253000 -0.032001000 0.110689000 0.990416000 0.076155000
1520530439.054470062 0.056792000 1.668672000 0.058157000 -0.038942000 0.090654000 0.991652000 0.083014000
1520530439.104470015 0.058803000 1.694586000 0.062090000 -0.040172000 0.078364000 0.992407000 0.085875000
1520530439.154469967 0.056278000 1.722135000 0.066210000 -0.035288000 0.068576000 0.993473000 0.084046000
1520530439.204730034 0.050049000 1.751032000 0.070487000 -0.026637000 0.060620000 0.994901000 0.076080000
1520530439.254729986 0.039729000 1.780736000 0.075046000 -0.015653000 0.053991000 0.996409000 0.063315000
1520530439.304729939 0.027425000 1.809609000 0.078177000 -0.008281000 0.049035000 0.997541000 0.049381000
1520530439.354729891 0.015000000 1.837313000 0.080734000 -0.006526000 0.043916000 0.998284000 0.038179000
1520530439.404730082 0.002769000 1.863745000 0.082874000 -0.007090000 0.038240000 0.998756000 0.031203000
1520530439.454730034 -0.007441000 1.887841000 0.083320000 -0.004209000 0.033094000 0.999119000 0.025455000
1520530439.504740000 -0.015867000 1.909601000 0.083176000 -0.000503000 0.029263000 0.999306000 0.023038000
1520530439.554739952 -0.022398000 1.928449000 0.082626000 -0.000756000 0.026658000 0.999296000 0.026391000
1520530439.604249954 -0.027309000 1.944833000 0.081361000 -0.000552000 0.024652000 0.999008000 0.037068000
1520530439.654249907 -0.030473000 1.959171000 0.078834000 0.002596000 0.024405000 0.998247000 0.053858000
1520530439.704339981 -0.030777000 1.971499000 0.075198000 0.006199000 0.026271000 0.996619000 0.077596000
1520530439.754250050 -0.028117000 1.980794000 0.070440000 0.010386000 0.030321000 0.993841000 0.106079000
1520530439.804260015 -0.022739000 1.986449000 0.065039000 0.012292000 0.035101000 0.989501000 0.139661000
1520530439.854259968 -0.015847000 1.988655000 0.059733000 0.014649000 0.039613000 0.983563000 0.175556000
1520530439.904259920 -0.008774000 1.987915000 0.055453000 0.017571000 0.045555000 0.975655000 0.213809000
1520530439.954260111 -0.002345000 1.982996000 0.052031000 0.020936000 0.053504000 0.965563000 0.253744000
1520530440.004169941 0.002621000 1.976801000 0.050974000 0.027463000 0.059678000 0.954670000 0.290326000
1520530440.054169893 0.007025000 1.967803000 0.051058000 0.035716000 0.063322000 0.943755000 0.322554000
1520530440.104170084 0.011517000 1.956297000 0.051879000 0.042476000 0.066306000 0.933154000 0.350746000
1520530440.154180050 0.016902000 1.942184000 0.052542000 0.046550000 0.068785000 0.921510000 0.379370000
1520530440.204180002 0.022723000 1.924233000 0.053527000 0.049217000 0.070423000 0.908453000 0.409061000
1520530440.254179955 0.029084000 1.903099000 0.055113000 0.052169000 0.070345000 0.895226000 0.436922000
1520530440.304179907 0.036282000 1.878910000 0.056511000 0.055353000 0.068938000 0.881899000 0.463074000
1520530440.354180098 0.044112000 1.851545000 0.057806000 0.055357000 0.068182000 0.867991000 0.488753000
1520530440.404180050 0.051829000 1.821243000 0.059534000 0.053894000 0.068016000 0.853444000 0.513910000
1520530440.454050064 0.059156000 1.788937000 0.061230000 0.053060000 0.066562000 0.838027000 0.538949000
1520530440.504050016 0.065100000 1.754797000 0.062258000 0.053537000 0.062770000 0.822799000 0.562313000
1520530440.554049969 0.070424000 1.719791000 0.062847000 0.054448000 0.058576000 0.807529000 0.584381000
1520530440.604049921 0.074895000 1.684207000 0.062887000 0.057154000 0.054588000 0.793008000 0.604063000
1520530440.654059887 0.078136000 1.647596000 0.061817000 0.062198000 0.051478000 0.779211000 0.621540000
1520530440.704060078 0.080224000 1.609904000 0.059596000 0.065635000 0.051171000 0.765768000 0.637709000
1520530440.754060030 0.081077000 1.571515000 0.057406000 0.068661000 0.051800000 0.753847000 0.651397000
1520530440.804059982 0.081048000 1.532301000 0.054953000 0.070924000 0.053570000 0.742891000 0.663485000
1520530440.853940010 0.081366000 1.492639000 0.051515000 0.073458000 0.055698000 0.731929000 0.675116000
1520530440.903939962 0.080826000 1.451964000 0.047957000 0.077973000 0.056686000 0.720632000 0.686583000
1520530440.953949928 0.079510000 1.410207000 0.043983000 0.082900000 0.057458000 0.708024000 0.698948000
1520530441.003950119 0.078146000 1.368085000 0.039592000 0.086911000 0.058760000 0.692772000 0.713485000
1520530441.053950071 0.075974000 1.325237000 0.035041000 0.090069000 0.062324000 0.674163000 0.730416000
1520530441.103950024 0.072395000 1.281890000 0.031906000 0.094178000 0.066410000 0.652348000 0.749108000
1520530441.153959990 0.066643000 1.238698000 0.030551000 0.100888000 0.067658000 0.628005000 0.768670000
1520530441.203949928 0.059392000 1.195704000 0.030205000 0.108111000 0.065944000 0.600334000 0.789660000
1520530441.253959894 0.051694000 1.153578000 0.030316000 0.114042000 0.060352000 0.569628000 0.811712000
1520530441.303999901 0.043428000 1.112328000 0.030500000 0.117419000 0.052345000 0.536093000 0.834313000
1520530441.353960037 0.034062000 1.072160000 0.030886000 0.118376000 0.043898000 0.500029000 0.856756000
1520530441.403959990 0.023261000 1.032387000 0.031753000 0.118123000 0.035833000 0.461116000 0.878712000
1520530441.453969955 0.012116000 0.994349000 0.032822000 0.116553000 0.029552000 0.420859000 0.899122000
1520530441.503969908 0.000808000 0.957735000 0.034740000 0.113344000 0.025328000 0.381567000 0.917016000
1520530441.553970098 -0.009228000 0.922716000 0.037409000 0.108542000 0.022634000 0.345208000 0.931954000
1520530441.603970051 -0.016199000 0.889342000 0.041743000 0.100821000 0.022105000 0.312381000 0.944333000
1520530441.654150009 -0.019903000 0.857470000 0.048107000 0.087951000 0.023540000 0.282944000 0.954805000
1520530441.704159975 -0.018592000 0.827168000 0.057577000 0.071699000 0.024222000 0.259304000 0.962826000
1520530441.754159927 -0.011814000 0.798660000 0.070695000 0.052872000 0.025049000 0.240989000 0.968763000
1520530441.804160118 0.001540000 0.772032000 0.086924000 0.032224000 0.026319000 0.230003000 0.972300000
1520530441.854160070 0.019721000 0.744769000 0.105088000 0.010912000 0.030403000 0.226846000 0.973395000
1520530441.904160023 0.044417000 0.722327000 0.124761000 -0.011616000 0.036966000 0.229685000 0.972493000
1520530441.954159975 0.075317000 0.706048000 0.145545000 -0.035925000 0.044882000 0.238133000 0.969530000
1520530442.004169941 0.109432000 0.691831000 0.164960000 -0.060604000 0.051633000 0.251734000 0.964516000
1520530442.054100037 0.146596000 0.679171000 0.180407000 -0.080751000 0.054766000 0.270253000 0.957833000
1520530442.104099989 0.185755000 0.673564000 0.192180000 -0.093138000 0.056304000 0.293045000 0.949884000
1520530442.154109955 0.225266000 0.673877000 0.198977000 -0.100244000 0.058652000 0.320337000 0.940157000
1520530442.204109907 0.265180000 0.680664000 0.200067000 -0.103638000 0.062023000 0.351912000 0.928208000
1520530442.254110098 0.304801000 0.693297000 0.194770000 -0.102377000 0.067302000 0.387469000 0.913705000
1520530442.304110050 0.342983000 0.712717000 0.183078000 -0.093568000 0.073777000 0.426995000 0.896369000
1520530442.354110003 0.378995000 0.737207000 0.165986000 -0.077785000 0.081521000 0.468818000 0.876079000
1520530442.404109955 0.411746000 0.766204000 0.144851000 -0.056694000 0.089215000 0.512365000 0.852238000
1520530442.453789949 0.439001000 0.799625000 0.120940000 -0.032749000 0.099440000 0.557390000 0.823623000
1520530442.503789902 0.460073000 0.837545000 0.095722000 -0.006426000 0.111564000 0.603256000 0.789680000
1520530442.553790092 0.474218000 0.878107000 0.069852000 0.019557000 0.126085000 0.647970000 0.750903000
1520530442.603790045 0.481312000 0.920165000 0.045043000 0.040893000 0.140884000 0.689745000 0.709036000
1520530442.653789997 0.482591000 0.961769000 0.023561000 0.057751000 0.152607000 0.728545000 0.665280000
1520530442.703789949 0.478730000 1.001618000 0.007159000 0.072077000 0.160694000 0.764529000 0.620062000
1520530442.753789902 0.471007000 1.037265000 -0.003583000 0.086775000 0.165616000 0.796822000 0.574557000
1520530442.803800106 0.461324000 1.067661000 -0.008230000 0.102130000 0.169174000 0.825185000 0.529168000
1520530442.853800058 0.450324000 1.092784000 -0.005905000 0.115022000 0.171573000 0.849785000 0.484972000
1520530442.904449940 0.438114000 1.112397000 0.003396000 0.122899000 0.169689000 0.872274000 0.441860000
1520530442.954449892 0.427948000 1.124598000 0.019316000 0.126118000 0.160060000 0.892167000 0.403129000
1520530443.004450083 0.419953000 1.130245000 0.040914000 0.123864000 0.140723000 0.909737000 0.370450000
1520530443.054450035 0.414884000 1.129458000 0.067409000 0.123024000 0.113875000 0.924699000 0.341802000
1520530443.104449987 0.414460000 1.123233000 0.095729000 0.122834000 0.088307000 0.936263000 0.317056000
1520530443.154459953 0.419924000 1.110280000 0.126007000 0.123614000 0.063671000 0.944719000 0.296938000
1520530443.204459906 0.427867000 1.096340000 0.155100000 0.129393000 0.038533000 0.950273000 0.280631000
1520530443.254460096 0.438839000 1.077611000 0.182153000 0.139749000 0.018868000 0.953161000 0.267579000
1520530443.304539919 0.453377000 1.055849000 0.205928000 0.151654000 0.005861000 0.953631000 0.259913000
1520530443.354540110 0.469427000 1.032231000 0.225635000 0.161913000 -0.002783000 0.952209000 0.258986000
1520530443.404540062 0.487086000 1.007180000 0.240440000 0.170330000 -0.011150000 0.949416000 0.263578000
1520530443.454550028 0.504516000 0.981260000 0.249275000 0.175943000 -0.019278000 0.944861000 0.275518000
1520530443.504549980 0.523918000 0.953462000 0.252854000 0.177555000 -0.026367000 0.938162000 0.296025000
1520530443.554549932 0.543822000 0.923881000 0.250272000 0.176883000 -0.031005000 0.929129000 0.323218000
1520530443.604549885 0.561997000 0.892089000 0.240908000 0.176458000 -0.029985000 0.918178000 0.353430000
1520530443.654550076 0.577423000 0.857951000 0.226684000 0.179581000 -0.025105000 0.906202000 0.381992000
1520530443.704090118 0.589105000 0.821450000 0.208916000 0.185368000 -0.016678000 0.893296000 0.409125000
1520530443.754090071 0.596773000 0.781311000 0.188457000 0.188824000 -0.003932000 0.879273000 0.437275000
1520530443.804090023 0.600418000 0.737884000 0.166709000 0.187163000 0.008158000 0.864887000 0.465698000
1520530443.854089975 0.600881000 0.691727000 0.143807000 0.180667000 0.017473000 0.850392000 0.493850000
1520530443.904089928 0.597368000 0.642897000 0.119790000 0.171454000 0.027617000 0.835002000 0.522123000
1520530443.954099894 0.589828000 0.591301000 0.095478000 0.166725000 0.040498000 0.817791000 0.549345000
1520530444.004100084 0.577917000 0.536479000 0.070841000 0.167266000 0.057335000 0.797741000 0.576493000
1520530444.054100037 0.561777000 0.478957000 0.046152000 0.171772000 0.076331000 0.775299000 0.602975000
1520530444.104480028 0.542725000 0.418819000 0.022015000 0.177599000 0.096769000 0.750985000 0.628583000
1520530444.154479980 0.522196000 0.356772000 -0.000112000 0.181297000 0.119060000 0.723537000 0.655325000
1520530444.204479933 0.499355000 0.293458000 -0.019747000 0.185842000 0.138135000 0.693910000 0.681814000
1520530444.254479885 0.474881000 0.230339000 -0.037130000 0.192386000 0.152437000 0.663207000 0.707041000
1520530444.304480076 0.447926000 0.167573000 -0.051039000 0.201135000 0.161759000 0.630943000 0.731635000
1520530444.354490042 0.419262000 0.104480000 -0.061093000 0.210137000 0.171351000 0.595410000 0.756286000
1520530444.404489994 0.388820000 0.042143000 -0.068045000 0.217453000 0.180117000 0.558182000 0.780195000
1520530444.454489946 0.357340000 -0.019668000 -0.071124000 0.222159000 0.185183000 0.522280000 0.802232000
1520530444.505239964 0.326748000 -0.081930000 -0.070128000 0.222942000 0.185673000 0.488399000 0.822976000
1520530444.555340052 0.296317000 -0.141269000 -0.066237000 0.221815000 0.180624000 0.458944000 0.841156000
1520530444.605240107 0.267200000 -0.198370000 -0.059843000 0.221600000 0.174387000 0.432853000 0.856225000
1520530444.655240059 0.239982000 -0.253687000 -0.050623000 0.224337000 0.172245000 0.408610000 0.867780000
1520530444.705240011 0.214039000 -0.307243000 -0.037792000 0.223689000 0.171890000 0.389814000 0.876620000
1520530444.755239964 0.192421000 -0.359035000 -0.018986000 0.211526000 0.168918000 0.378074000 0.885315000
1520530444.805239916 0.176544000 -0.407540000 0.007157000 0.186592000 0.162115000 0.372104000 0.894674000
1520530444.855249882 0.165263000 -0.451063000 0.040284000 0.151875000 0.154925000 0.371053000 0.902913000
1520530444.905250072 0.157730000 -0.487122000 0.078638000 0.111031000 0.147811000 0.375514000 0.908192000
1520530444.955039978 0.156095000 -0.513860000 0.119478000 0.066908000 0.138902000 0.388878000 0.908297000
1520530445.005039930 0.159548000 -0.530592000 0.161165000 0.023230000 0.128007000 0.409615000 0.902934000
1520530445.055039883 0.165812000 -0.535230000 0.202361000 -0.017391000 0.116850000 0.434661000 0.892812000
1520530445.105040073 0.173750000 -0.526766000 0.241015000 -0.054800000 0.101890000 0.462776000 0.878893000
1520530445.155040026 0.183184000 -0.505539000 0.273724000 -0.088210000 0.084062000 0.495623000 0.859948000
1520530445.205049992 0.192202000 -0.475620000 0.297985000 -0.116512000 0.068883000 0.531721000 0.836034000
1520530445.255049944 0.200942000 -0.438122000 0.312923000 -0.137679000 0.056891000 0.568383000 0.809165000
1520530445.305049896 0.207056000 -0.392881000 0.317640000 -0.148728000 0.049006000 0.605376000 0.780383000
1520530445.353970051 0.210108000 -0.341679000 0.312362000 -0.151871000 0.050843000 0.641855000 0.749915000
1520530445.403970003 0.208094000 -0.283288000 0.296349000 -0.147041000 0.058198000 0.680709000 0.715282000
1520530445.453969955 0.199349000 -0.219999000 0.270387000 -0.133123000 0.064601000 0.722457000 0.675397000
1520530445.503969908 0.181645000 -0.153027000 0.235652000 -0.113033000 0.070420000 0.761935000 0.633814000
1520530445.553970098 0.152973000 -0.083379000 0.194838000 -0.085561000 0.082872000 0.796691000 0.592533000
1520530445.603980064 0.112445000 -0.011904000 0.149164000 -0.054380000 0.106177000 0.828661000 0.546891000
1520530445.653980017 0.060462000 0.059766000 0.100953000 -0.025416000 0.136096000 0.858271000 0.494169000
1520530445.703979969 -0.003295000 0.129582000 0.054054000 0.004614000 0.166319000 0.885103000 0.434637000
1520530445.753829956 -0.075298000 0.195038000 0.012730000 0.036816000 0.193796000 0.906658000 0.372906000
1520530445.803829908 -0.154354000 0.255793000 -0.020940000 0.064703000 0.218231000 0.922510000 0.311710000
1520530445.853830099 -0.234871000 0.309385000 -0.046504000 0.085757000 0.237987000 0.934182000 0.251620000
1520530445.903830051 -0.313273000 0.357685000 -0.061063000 0.099041000 0.253594000 0.941828000 0.197083000
1520530445.953830004 -0.386346000 0.399931000 -0.064845000 0.112395000 0.263090000 0.947168000 0.144995000
1520530446.003829956 -0.451565000 0.436671000 -0.056917000 0.120707000 0.264537000 0.951983000 0.095804000
1520530446.053839922 -0.507411000 0.470211000 -0.038854000 0.124933000 0.255173000 0.957344000 0.052636000
1520530446.103840113 -0.552767000 0.502098000 -0.014032000 0.127397000 0.234653000 0.963565000 0.015791000
1520530446.155030012 -0.589064000 0.533675000 0.015876000 -0.127889000 -0.205173000 -0.970205000 0.015812000
1520530446.204969883 -0.614769000 0.563917000 0.048446000 -0.127890000 -0.171700000 -0.975983000 0.040258000
1520530446.254980087 -0.632059000 0.592320000 0.081946000 -0.125950000 -0.134614000 -0.981223000 0.056728000
1520530446.304980040 -0.639225000 0.620953000 0.115568000 -0.123283000 -0.095611000 -0.985599000 0.065224000
1520530446.354979992 -0.634724000 0.648421000 0.149831000 -0.121698000 -0.056273000 -0.988707000 0.066939000
1520530446.404979944 -0.623288000 0.676912000 0.179839000 -0.120617000 -0.019434000 -0.990543000 0.062439000
1520530446.454979897 -0.602133000 0.705210000 0.205800000 -0.120156000 0.011041000 -0.991247000 0.053572000
1520530446.504980087 -0.577581000 0.729422000 0.226721000 -0.122321000 0.035810000 -0.990955000 0.041995000
1520530446.554860115 -0.544812000 0.753734000 0.242617000 -0.125467000 0.056588000 -0.990148000 0.025750000
1520530446.604860067 -0.504439000 0.777794000 0.253442000 -0.125787000 0.071661000 -0.989464000 0.001711000
1520530446.654860020 -0.460916000 0.800540000 0.258849000 0.122274000 -0.081112000 0.988778000 0.028063000
1520530446.704859972 -0.414392000 0.820636000 0.259926000 0.117815000 -0.087259000 0.987319000 0.060880000
1520530446.754859924 -0.366850000 0.837072000 0.256476000 0.114364000 -0.091647000 0.984862000 0.092563000
1520530446.804869890 -0.320225000 0.850546000 0.247975000 0.110953000 -0.092933000 0.982070000 0.120795000
1520530446.854870081 -0.275880000 0.863106000 0.235360000 0.106613000 -0.090055000 0.978618000 0.151101000
1520530446.904870033 -0.232032000 0.868880000 0.220001000 0.101717000 -0.082933000 0.973502000 0.187270000
1520530446.954400063 -0.190217000 0.869369000 0.203132000 0.098611000 -0.071615000 0.966188000 0.227219000
1520530447.004410028 -0.150732000 0.866542000 0.183067000 0.098595000 -0.056745000 0.957057000 0.266648000
1520530447.054409981 -0.113232000 0.860522000 0.160759000 0.099381000 -0.038506000 0.946734000 0.303867000
1520530447.104409933 -0.078561000 0.851665000 0.136429000 0.100270000 -0.017451000 0.935291000 0.338926000
1520530447.154409885 -0.046643000 0.840388000 0.111804000 0.100188000 0.004171000 0.922778000 0.372057000
1520530447.204410076 -0.017328000 0.827278000 0.088265000 0.097079000 0.022622000 0.908304000 0.406261000
1520530447.254410028 0.008713000 0.813063000 0.066991000 0.091590000 0.036917000 0.892154000 0.440806000
1520530447.304419994 0.032173000 0.799727000 0.049804000 0.086110000 0.045876000 0.874955000 0.474273000
1520530447.354419947 0.052497000 0.786516000 0.037523000 0.081770000 0.050790000 0.857512000 0.505379000
1520530447.404200077 0.070115000 0.775935000 0.030315000 0.080303000 0.055080000 0.841356000 0.531637000
1520530447.454200029 0.085354000 0.768723000 0.027369000 0.080977000 0.061052000 0.825636000 0.555014000
1520530447.504199982 0.098594000 0.766221000 0.029094000 0.083037000 0.063059000 0.810031000 0.577043000
1520530447.554199934 0.110301000 0.769078000 0.035416000 0.082385000 0.060307000 0.795323000 0.597526000
1520530447.604199886 0.120246000 0.775045000 0.044027000 0.077953000 0.054430000 0.781034000 0.617209000
1520530447.654210091 0.128443000 0.783172000 0.054237000 0.071059000 0.047781000 0.766859000 0.636078000
1520530447.704210043 0.135334000 0.793888000 0.064305000 0.061032000 0.041924000 0.754272000 0.652374000
1520530447.754220009 0.140662000 0.805956000 0.072872000 0.047565000 0.036591000 0.744194000 0.665263000
1520530447.804150105 0.143514000 0.818405000 0.078585000 0.031890000 0.032510000 0.737830000 0.673449000
1520530447.854150057 0.144160000 0.830058000 0.081828000 0.017881000 0.026542000 0.732655000 0.679847000
1520530447.904150009 0.143613000 0.840639000 0.080399000 0.006302000 0.027497000 0.728955000 0.683980000
1520530447.954149961 0.140418000 0.850549000 0.075303000 -0.005638000 0.034838000 0.726723000 0.686024000
1520530448.004149914 0.135990000 0.859216000 0.068235000 -0.014788000 0.038566000 0.725874000 0.686586000
1520530448.054150105 0.130734000 0.866130000 0.060559000 -0.019670000 0.039690000 0.725263000 0.687045000
1520530448.104150057 0.124715000 0.871280000 0.052210000 -0.021355000 0.041962000 0.724986000 0.687152000
1520530448.154160023 0.118755000 0.875090000 0.043108000 -0.019264000 0.047295000 0.726386000 0.685387000
1520530448.203959942 0.112972000 0.877718000 0.033584000 -0.013975000 0.053825000 0.728060000 0.683254000
1520530448.253959894 0.107581000 0.879381000 0.024610000 -0.006488000 0.060185000 0.729442000 0.681359000
1520530448.303960085 0.101454000 0.880227000 0.017307000 -0.004059000 0.066138000 0.730883000 0.679279000
1520530448.353960037 0.095525000 0.880343000 0.012649000 -0.006363000 0.065289000 0.730509000 0.679746000
1520530448.403970003 0.089595000 0.880078000 0.010074000 -0.010659000 0.061855000 0.731125000 0.679350000
1520530448.453969955 0.083502000 0.879607000 0.009214000 -0.010128000 0.057170000 0.732858000 0.677900000
1520530448.503969908 0.078281000 0.878291000 0.008194000 -0.010282000 0.057952000 0.732524000 0.678192000
1520530448.553970098 0.073357000 0.876467000 0.006988000 -0.013867000 0.057921000 0.731844000 0.678865000
1520530448.604000092 0.068770000 0.874768000 0.006457000 -0.016021000 0.051056000 0.731822000 0.679392000
1520530448.654010057 0.064704000 0.873463000 0.005407000 -0.022066000 0.048935000 0.731014000 0.680248000
1520530448.704010010 0.060885000 0.872721000 0.003708000 -0.028102000 0.047904000 0.730032000 0.681152000
1520530448.754009962 0.058270000 0.871579000 0.001289000 -0.033440000 0.048781000 0.728430000 0.682563000
1520530448.804009914 0.056278000 0.870409000 -0.000974000 -0.035886000 0.049807000 0.725880000 0.685077000
1520530448.854010105 0.055154000 0.869312000 -0.002427000 -0.035426000 0.049476000 0.722419000 0.688772000
1520530448.904010057 0.054501000 0.868345000 -0.003970000 -0.032592000 0.051831000 0.719254000 0.692044000
1520530448.954020023 0.053470000 0.867512000 -0.005525000 -0.027971000 0.054629000 0.717667000 0.693677000
1520530449.003979921 0.052396000 0.866819000 -0.006904000 -0.024669000 0.057611000 0.717191000 0.694053000
1520530449.053980112 0.051719000 0.865978000 -0.008779000 -0.021203000 0.061252000 0.716143000 0.694938000
1520530449.103980064 0.051264000 0.865192000 -0.010409000 -0.016598000 0.063484000 0.715434000 0.695592000
1520530449.153990030 0.050954000 0.864620000 -0.011330000 -0.013568000 0.062889000 0.715409000 0.695737000
