t,tracked,n_obs0,n_obs1,mean0,ms,keyframe,n_landmarks
1700000000.000000,0,0,0,66.14,5.34,0,0
1700000000.050000,0,0,0,66.13,4.13,0,0
1700000000.100000,0,0,0,66.13,4.01,0,0
1700000000.150000,0,0,0,66.13,4.16,0,0
1700000000.200000,0,0,0,66.13,4.00,0,0
1700000000.250000,0,0,0,66.13,7.13,0,0
1700000000.300000,0,0,0,66.13,6.79,0,0
1700000000.350000,0,0,0,66.13,7.04,0,0
1700000000.400000,0,0,0,66.13,6.72,0,0
1700000000.450000,0,0,0,66.13,4.10,0,0
1700000000.500000,0,0,0,66.13,6.06,0,0
1700000000.550000,0,0,0,66.13,3.58,0,0
1700000000.600000,0,0,0,66.13,6.56,0,0
1700000000.650000,0,0,0,66.13,6.69,0,0
1700000000.700000,0,0,0,66.13,4.74,0,0
1700000000.750000,0,0,0,66.13,6.94,0,0
1700000000.800000,0,0,0,66.14,6.78,0,0
1700000000.850000,0,0,0,66.13,6.19,0,0
1700000000.900000,1,20,14,66.13,33.60,1,14
1700000000.950000,1,300,221,66.12,32.38,0,14
1700000001.000000,1,300,219,66.13,33.69,0,14
1700000001.050000,1,300,216,66.13,39.73,1,219
1700000001.100000,1,300,209,66.13,35.39,0,219
1700000001.150000,1,300,207,66.13,35.78,0,219
1700000001.200000,1,300,203,66.13,47.78,1,332
1700000001.250000,1,300,199,66.13,36.68,0,332
1700000001.300000,1,300,201,66.13,33.51,0,332
1700000001.350000,1,300,202,66.14,52.01,1,413
1700000001.400000,1,300,199,66.13,33.62,0,413
1700000001.450000,1,300,204,66.13,35.09,0,413
1700000001.500000,1,300,206,66.13,64.17,1,487
1700000001.550000,1,300,203,66.13,36.40,0,487
1700000001.600000,1,300,211,66.14,34.44,0,487
1700000001.650000,1,300,202,66.14,58.58,1,566
1700000001.700000,1,300,192,66.16,35.43,0,566
1700000001.750000,1,300,209,66.14,35.81,0,566
1700000001.800000,1,300,207,66.15,59.22,1,629
1700000001.850000,1,300,203,66.19,36.26,0,629
1700000001.900000,1,300,213,66.20,37.18,0,629
1700000001.950000,1,300,210,66.21,73.88,1,711
1700000002.000000,1,300,202,66.23,33.60,0,711
1700000002.050000,1,300,201,66.26,34.05,0,711
1700000002.100000,1,300,199,66.28,70.65,1,811
1700000002.150000,1,300,205,66.32,36.52,0,811
1700000002.200000,1,300,198,66.36,35.27,0,811
1700000002.250000,1,300,200,66.43,75.83,1,882
1700000002.300000,1,300,190,66.46,37.59,0,882
1700000002.350000,1,300,196,66.52,36.77,0,882
1700000002.400000,1,300,198,66.62,78.60,1,962
1700000002.450000,1,300,199,66.70,38.32,0,962
1700000002.500000,1,300,191,66.80,35.01,0,962
1700000002.550000,1,300,207,66.92,82.19,1,1027
1700000002.600000,1,300,202,67.05,36.86,0,1027
1700000002.650000,1,300,195,67.18,38.28,0,1027
1700000002.700000,1,300,192,67.35,88.65,1,1099
1700000002.750000,1,300,205,67.52,36.68,0,1099
1700000002.800000,1,300,204,67.69,38.02,0,1099
1700000002.850000,1,300,197,67.90,152.01,1,1194
1700000002.900000,1,300,202,68.12,36.63,0,1194
1700000002.950000,1,300,210,68.37,36.93,0,1194
1700000003.000000,1,300,197,68.60,95.40,1,1294
1700000003.050000,1,300,205,68.88,36.43,0,1294
1700000003.100000,1,300,194,69.16,37.14,0,1294
1700000003.150000,1,300,208,69.45,129.33,1,1395
1700000003.200000,1,300,200,69.75,37.21,0,1395
1700000003.250000,1,300,186,70.02,36.89,0,1395
1700000003.300000,1,300,177,70.29,126.78,1,1491
1700000003.350000,1,300,175,70.57,32.95,0,1491
1700000003.400000,1,300,173,70.87,38.61,0,1491
1700000003.450000,1,300,178,71.20,121.25,1,1605
1700000003.500000,1,300,167,71.55,31.58,0,1605
1700000003.550000,1,300,163,71.70,36.63,0,1605
1700000003.600000,1,300,165,71.66,130.42,1,1702
1700000003.650000,1,300,156,71.61,37.70,0,1702
1700000003.700000,1,300,163,71.59,36.34,0,1702
1700000003.750000,1,300,156,71.55,131.56,1,1811
1700000003.800000,1,300,168,71.56,36.74,0,1811
1700000003.850000,1,300,140,71.58,39.43,0,1811
1700000003.900000,1,300,140,71.61,130.04,1,1911
1700000003.950000,1,300,140,71.72,37.15,0,1911
1700000004.000000,1,300,136,71.97,37.56,0,1911
1700000004.050000,1,300,137,72.54,148.63,1,2009
1700000004.100000,1,300,146,73.31,32.01,0,2009
1700000004.150000,1,300,134,74.16,31.67,0,2009
1700000004.200000,1,300,127,75.14,152.92,1,2108
1700000004.250000,1,300,126,76.24,33.14,0,2108
1700000004.300000,1,300,127,77.50,35.43,0,2108
1700000004.350000,1,300,103,78.90,158.95,1,2193
1700000004.400000,1,300,110,80.38,36.03,0,2193
1700000004.450000,1,300,86,81.96,36.55,0,2193
1700000004.500000,1,300,104,83.66,159.29,1,2283
1700000004.550000,1,300,75,85.53,36.27,0,2283
1700000004.600000,1,300,83,87.58,36.17,0,2283
1700000004.650000,1,300,83,89.85,171.32,1,2356
1700000004.700000,1,300,55,92.13,32.21,0,2356
1700000004.750000,1,300,71,92.45,34.99,0,2356
1700000004.800000,1,300,32,91.40,153.64,1,2390
1700000004.850000,1,247,21,89.79,32.78,0,2390
1700000004.900000,1,300,25,87.90,33.09,0,2390
1700000004.950000,1,186,26,86.02,176.56,1,2400
1700000005.000000,1,300,35,83.97,33.02,0,2400
1700000005.050000,1,300,38,81.93,37.53,0,2400
1700000005.100000,1,131,14,80.21,169.13,1,2393
1700000005.150000,1,287,24,79.51,34.26,0,2393
1700000005.200000,1,300,76,80.16,35.52,0,2393
1700000005.250000,1,300,213,80.87,109.88,1,2350
1700000005.300000,1,300,259,81.59,32.64,0,2350
1700000005.350000,1,300,276,82.30,32.63,0,2350
1700000005.400000,1,300,277,83.00,128.28,1,2372
1700000005.450000,1,300,284,83.69,31.84,0,2372
1700000005.500000,1,300,286,84.34,31.94,0,2372
1700000005.550000,1,300,289,84.96,112.29,1,2345
1700000005.600000,1,300,293,85.55,34.22,0,2345
1700000005.650000,1,300,288,86.12,31.49,0,2345
1700000005.700000,1,300,286,86.66,113.23,1,2315
1700000005.750000,1,300,287,87.17,31.53,0,2315
1700000005.800000,1,300,289,87.66,32.21,0,2315
1700000005.850000,1,300,287,88.11,98.78,1,2278
1700000005.900000,1,300,288,88.53,33.03,0,2278
1700000005.950000,1,300,291,88.91,30.74,0,2278
1700000006.000000,1,300,286,89.26,99.54,1,2259
1700000006.050000,1,300,293,89.58,29.50,0,2259
1700000006.100000,1,300,286,89.86,31.23,0,2259
1700000006.150000,1,300,286,90.12,98.08,1,2222
1700000006.200000,1,300,48,90.34,38.56,0,2222
1700000006.250000,1,300,7,90.52,34.02,0,2222
1700000006.300000,1,300,296,90.68,99.13,1,2200
1700000006.350000,1,161,34,87.01,97.20,1,2130
1700000006.400000,1,184,0,64.33,28.85,0,2130
1700000006.450000,1,132,124,90.99,27.94,0,2130
1700000006.500000,1,300,270,91.04,116.19,1,2400
1700000006.550000,1,300,278,91.07,33.33,0,2400
1700000006.600000,1,300,289,91.07,33.33,0,2400
1700000006.650000,1,300,282,91.05,104.56,1,2425
1700000006.700000,1,300,287,91.02,32.56,0,2425
1700000006.750000,1,300,287,90.97,28.97,0,2425
1700000006.800000,1,300,288,90.90,103.38,1,2431
1700000006.850000,1,300,5,90.82,33.89,0,2431
1700000006.900000,1,300,137,90.73,34.08,0,2431
1700000006.950000,1,284,0,63.11,150.60,1,2357
1700000007.000000,1,74,0,76.18,198.88,1,2270
1700000007.050000,1,78,0,83.68,30.15,0,2270
1700000007.100000,1,86,5,93.44,27.85,0,2270
1700000007.150000,1,126,114,90.26,141.10,1,2383
1700000007.200000,1,300,277,90.16,30.89,0,2383
1700000007.250000,1,300,273,90.05,31.23,0,2383
1700000007.300000,1,300,286,89.92,103.58,1,2494
1700000007.350000,1,300,273,89.79,32.07,0,2494
1700000007.400000,1,300,276,89.62,33.16,0,2494
1700000007.450000,1,300,280,89.46,155.52,1,2453
1700000007.500000,1,300,282,89.31,30.42,0,2453
1700000007.550000,1,300,276,89.17,30.79,0,2453
1700000007.600000,1,300,272,89.06,103.31,1,2410
1700000007.650000,1,300,272,88.99,34.70,0,2410
1700000007.700000,1,300,266,88.93,31.01,0,2410
1700000007.750000,1,300,265,88.90,139.80,1,2360
1700000007.800000,1,300,263,88.87,34.68,0,2360
1700000007.850000,1,300,253,88.86,32.73,0,2360
1700000007.900000,1,300,235,88.83,107.50,1,2317
1700000007.950000,1,300,244,88.79,33.58,0,2317
1700000008.000000,1,300,233,88.76,32.99,0,2317
1700000008.050000,1,300,229,88.73,108.64,1,2263
1700000008.100000,1,300,214,88.72,35.42,0,2263
1700000008.150000,1,300,216,88.74,30.45,0,2263
1700000008.200000,1,300,199,88.78,166.07,1,2240
1700000008.250000,1,300,190,88.84,30.43,0,2240
1700000008.300000,1,300,195,88.92,36.56,0,2240
1700000008.350000,1,300,198,89.02,110.73,1,2210
1700000008.400000,1,300,201,89.11,32.67,0,2210
1700000008.450000,1,300,188,89.19,33.08,0,2210
1700000008.500000,1,300,186,89.24,162.45,1,2196
1700000008.550000,1,300,175,89.28,33.26,0,2196
1700000008.600000,1,300,179,89.30,36.59,0,2196
1700000008.650000,1,300,175,89.36,163.06,1,2179
1700000008.700000,1,300,175,89.43,31.46,0,2179
1700000008.750000,1,277,160,89.55,32.48,0,2179
1700000008.800000,1,263,144,89.83,145.00,1,2139
1700000008.850000,1,260,139,90.27,30.94,0,2139
1700000008.900000,1,252,133,90.83,31.83,0,2139
1700000008.950000,1,247,128,91.40,152.84,1,2109
1700000009.000000,1,242,120,91.93,29.46,0,2109
1700000009.050000,1,241,108,92.50,31.09,0,2109
1700000009.100000,1,235,90,93.03,146.03,1,2115
1700000009.150000,1,235,76,93.56,30.25,0,2115
1700000009.200000,1,237,70,94.01,29.76,0,2115
1700000009.250000,1,233,63,94.44,170.60,1,2137
1700000009.300000,1,300,47,94.98,33.59,0,2137
1700000009.350000,1,249,34,95.55,34.42,0,2137
1700000009.400000,1,300,28,96.13,174.88,1,2111
1700000009.450000,1,257,23,96.72,32.38,0,2111
1700000009.500000,1,300,23,97.13,35.38,0,2111
1700000009.550000,1,275,21,97.35,147.01,1,1973
1700000009.600000,1,231,19,97.45,34.43,0,1973
1700000009.650000,1,248,14,97.47,33.38,0,1973
1700000009.700000,1,256,20,97.41,156.13,1,1953
1700000009.750000,1,257,19,97.27,35.03,0,1953
1700000009.800000,1,300,19,97.07,36.36,0,1953
1700000009.850000,1,300,21,96.84,102.45,1,1932
1700000009.900000,1,241,21,96.57,34.83,0,1932
1700000009.950000,1,217,17,96.26,33.26,0,1932
1700000010.000000,1,190,18,95.91,161.69,1,1945
1700000010.050000,1,169,21,95.54,31.19,0,1945
1700000010.100000,1,154,23,95.14,30.10,0,1945
1700000010.150000,1,300,53,94.70,120.22,1,1920
1700000010.200000,1,213,63,94.23,33.10,0,1920
1700000010.250000,1,183,83,93.72,30.45,0,1920
1700000010.300000,1,198,129,93.21,140.85,1,1926
1700000010.350000,1,197,156,92.88,30.58,0,1926
1700000010.400000,1,198,168,92.78,29.51,0,1926
1700000010.450000,1,300,251,92.86,144.76,1,2035
1700000010.500000,1,300,251,92.99,34.02,0,2035
1700000010.550000,1,300,253,93.12,34.74,0,2035
1700000010.600000,1,300,258,93.26,148.38,1,2076
1700000010.650000,1,300,253,93.40,33.67,0,2076
1700000010.700000,1,300,253,93.56,33.63,0,2076
1700000010.750000,1,300,258,93.71,102.67,1,1886
1700000010.800000,1,300,260,93.88,30.98,0,1886
1700000010.850000,1,300,263,94.05,30.87,0,1886
1700000010.900000,1,300,259,94.22,148.29,1,1884
1700000010.950000,1,300,254,94.41,37.69,0,1884
1700000011.000000,1,300,254,94.59,33.09,0,1884
1700000011.050000,1,300,252,94.77,103.24,1,1900
1700000011.100000,1,300,253,94.94,33.85,0,1900
1700000011.150000,1,300,253,95.11,31.78,0,1900
1700000011.200000,1,300,257,95.26,132.94,1,1996
1700000011.250000,1,300,264,95.39,36.21,0,1996
1700000011.300000,1,300,263,95.51,31.29,0,1996
1700000011.350000,1,300,259,95.62,149.73,1,1962
1700000011.400000,1,300,260,95.74,34.89,0,1962
1700000011.450000,1,300,261,95.86,33.67,0,1962
1700000011.500000,1,296,256,95.98,138.71,1,1844
1700000011.550000,1,300,263,96.12,31.67,0,1844
1700000011.600000,1,300,267,96.24,32.92,0,1844
1700000011.650000,1,290,258,96.36,115.61,1,1860
1700000011.700000,1,286,249,96.44,32.05,0,1860
1700000011.750000,1,276,253,96.50,31.40,0,1860
1700000011.800000,1,284,254,96.55,135.30,1,1856
1700000011.850000,1,300,266,96.57,33.53,0,1856
1700000011.900000,1,300,265,96.57,31.57,0,1856
1700000011.950000,1,300,275,96.56,113.08,1,1889
1700000012.000000,1,285,256,96.53,33.15,0,1889
1700000012.050000,1,292,264,96.50,29.83,0,1889
1700000012.100000,1,300,278,96.48,117.59,1,1918
1700000012.150000,1,300,270,96.44,31.28,0,1918
1700000012.200000,1,293,266,96.40,31.93,0,1918
1700000012.250000,1,285,257,96.36,145.65,1,1911
1700000012.300000,1,300,266,96.32,32.13,0,1911
1700000012.350000,1,300,270,96.27,33.00,0,1911
1700000012.400000,1,289,265,96.18,146.46,1,1894
1700000012.450000,1,300,271,96.10,32.01,0,1894
1700000012.500000,1,300,275,96.00,30.15,0,1894
1700000012.550000,1,300,264,95.88,129.09,1,1895
1700000012.600000,1,300,274,95.74,33.34,0,1895
1700000012.650000,1,291,265,95.61,30.94,0,1895
1700000012.700000,1,300,277,95.48,173.61,1,1866
1700000012.750000,1,289,259,95.35,33.08,0,1866
1700000012.800000,1,286,260,95.20,32.05,0,1866
1700000012.850000,1,300,274,95.07,145.76,1,1866
1700000012.900000,1,300,272,94.98,33.67,0,1866
1700000012.950000,1,300,277,94.89,32.75,0,1866
1700000013.000000,1,300,275,94.81,153.19,1,1892
1700000013.050000,1,300,274,94.71,32.47,0,1892
1700000013.100000,1,300,280,94.61,31.11,0,1892
1700000013.150000,1,300,280,94.49,130.66,1,1890
1700000013.200000,1,300,274,94.37,30.58,0,1890
1700000013.250000,1,300,279,94.24,31.57,0,1890
1700000013.300000,1,300,276,94.12,138.74,1,1889
1700000013.350000,1,300,275,93.99,31.43,0,1889
1700000013.400000,1,298,273,93.83,32.16,0,1889
1700000013.450000,1,300,276,93.59,226.08,1,1909
1700000013.500000,1,300,274,93.40,36.21,0,1909
1700000013.550000,1,300,273,93.24,34.48,0,1909
1700000013.600000,1,300,274,93.11,181.35,1,1918
1700000013.650000,1,300,259,93.00,33.61,0,1918
1700000013.700000,1,300,257,92.93,35.51,0,1918
1700000013.750000,1,300,261,92.87,173.00,1,1937
1700000013.800000,1,300,260,92.84,32.19,0,1937
1700000013.850000,1,300,260,92.82,33.78,0,1937
1700000013.900000,1,300,251,92.77,171.50,1,1967
1700000013.950000,1,300,236,92.72,31.53,0,1967
1700000014.000000,1,300,237,92.72,33.46,0,1967
1700000014.050000,1,300,217,92.76,149.09,1,1965
1700000014.100000,1,300,185,92.84,33.70,0,1965
1700000014.150000,1,300,159,92.95,32.75,0,1965
1700000014.200000,1,300,148,93.05,253.51,1,1998
1700000014.250000,1,300,119,93.14,34.08,0,1998
1700000014.300000,1,300,113,93.24,33.10,0,1998
1700000014.350000,1,289,99,93.34,255.46,1,1989
1700000014.400000,1,289,89,93.45,33.75,0,1989
1700000014.450000,1,268,84,93.56,34.16,0,1989
1700000014.500000,1,272,77,93.63,179.06,1,1991
1700000014.550000,1,276,73,93.70,32.47,0,1991
1700000014.600000,1,257,61,93.74,31.77,0,1991
1700000014.650000,1,253,75,93.78,179.46,1,1879
1700000014.700000,1,260,63,93.79,32.36,0,1879
1700000014.750000,1,263,60,93.77,34.21,0,1879
1700000014.800000,1,268,55,93.73,174.22,1,1813
1700000014.850000,1,270,75,93.66,33.40,0,1813
1700000014.900000,1,273,94,93.57,33.52,0,1813
1700000014.950000,1,279,94,93.43,173.96,1,1779
1700000015.000000,1,300,105,93.25,31.45,0,1779
1700000015.050000,1,300,112,93.02,31.86,0,1779
1700000015.100000,1,291,108,92.77,168.13,1,1740
1700000015.150000,1,300,122,92.49,34.24,0,1740
1700000015.200000,1,300,130,92.19,32.63,0,1740
1700000015.250000,1,300,150,91.88,180.32,1,1716
1700000015.300000,1,300,155,91.57,33.29,0,1716
1700000015.350000,1,300,163,91.24,34.44,0,1716
1700000015.400000,1,300,171,90.91,169.12,1,1671
1700000015.450000,1,300,176,90.55,33.87,0,1671
1700000015.500000,1,297,164,90.17,33.60,0,1671
1700000015.550000,1,300,171,89.76,166.86,1,1637
1700000015.600000,1,300,182,89.33,32.49,0,1637
1700000015.650000,1,300,189,88.92,31.28,0,1637
1700000015.700000,1,296,183,88.52,159.26,1,1607
1700000015.750000,1,300,185,88.14,31.31,0,1607
1700000015.800000,1,300,197,87.77,31.98,0,1607
1700000015.850000,1,300,200,87.41,163.66,1,1588
1700000015.900000,1,300,198,87.05,33.23,0,1588
1700000015.950000,1,300,200,86.71,33.02,0,1588
1700000016.000000,1,295,201,86.36,161.96,1,1569
1700000016.050000,1,286,209,86.04,32.89,0,1569
1700000016.100000,1,300,224,85.72,28.98,0,1569
1700000016.150000,1,300,226,85.38,159.98,1,1522
1700000016.200000,1,294,237,85.05,32.33,0,1522
1700000016.250000,1,300,243,84.71,33.02,0,1522
1700000016.300000,1,300,247,84.36,162.13,1,1497
1700000016.350000,1,300,247,83.98,32.07,0,1497
1700000016.400000,1,300,250,83.58,32.96,0,1497
1700000016.450000,1,300,253,83.17,165.94,1,1487
1700000016.500000,1,300,265,82.78,30.87,0,1487
1700000016.550000,1,300,257,82.37,35.69,0,1487
1700000016.600000,1,300,254,81.97,161.19,1,1479
1700000016.650000,1,300,254,81.57,32.68,0,1479
1700000016.700000,1,300,254,81.17,34.09,0,1479
1700000016.750000,1,300,264,80.78,201.16,1,1482
1700000016.800000,1,300,259,80.35,34.15,0,1482
1700000016.850000,1,300,254,79.91,30.10,0,1482
1700000016.900000,1,300,253,79.46,161.41,1,1478
1700000016.950000,1,300,232,79.03,40.50,0,1478
1700000017.000000,1,297,221,78.60,39.73,0,1478
1700000017.050000,1,300,212,78.39,157.25,1,1452
1700000017.100000,1,300,223,78.21,32.12,0,1452
1700000017.150000,1,300,222,78.00,37.00,0,1452
1700000017.200000,1,300,223,77.78,165.13,1,1427
1700000017.250000,1,300,220,77.58,32.33,0,1427
1700000017.300000,1,300,212,77.37,41.36,0,1427
1700000017.350000,1,300,218,77.14,166.52,1,1424
1700000017.400000,1,300,205,76.89,42.89,0,1424
1700000017.450000,1,300,193,76.66,43.22,0,1424
1700000017.500000,1,300,180,76.42,146.03,1,1415
1700000017.550000,1,300,177,76.17,35.29,0,1415
1700000017.600000,1,300,171,75.91,33.32,0,1415
1700000017.650000,1,300,162,75.65,144.43,1,1392
1700000017.700000,1,300,162,75.38,35.78,0,1392
1700000017.750000,1,300,150,75.12,36.40,0,1392
1700000017.800000,1,300,152,74.86,256.81,1,1359
1700000017.850000,1,300,156,74.60,39.32,0,1359
1700000017.900000,1,300,123,74.35,35.80,0,1359
1700000017.950000,1,300,137,74.14,135.90,1,1335
1700000018.000000,1,300,133,73.95,35.12,0,1335
1700000018.050000,1,300,123,73.75,35.81,0,1335
1700000018.100000,1,300,130,73.58,192.01,1,1314
1700000018.150000,1,300,110,73.40,36.55,0,1314
1700000018.200000,1,300,123,73.25,33.97,0,1314
1700000018.250000,1,300,116,73.12,130.87,1,1299
1700000018.300000,1,300,119,73.03,35.64,0,1299
1700000018.350000,1,300,120,72.94,33.01,0,1299
1700000018.400000,1,300,129,72.85,130.76,1,1279
1700000018.450000,1,300,122,72.72,35.13,0,1279
1700000018.500000,1,300,142,72.60,34.01,0,1279
1700000018.550000,1,300,136,72.49,156.04,1,1288
1700000018.600000,1,300,127,72.37,33.60,0,1288
1700000018.650000,1,300,131,72.25,32.18,0,1288
1700000018.700000,1,300,129,72.15,131.61,1,1290
1700000018.750000,1,300,145,72.05,35.47,0,1290
1700000018.800000,1,300,141,71.97,35.04,0,1290
1700000018.850000,1,300,143,71.93,161.48,1,1292
1700000018.900000,1,300,151,71.87,35.58,0,1292
1700000018.950000,1,300,146,71.80,34.15,0,1292
1700000019.000000,1,300,127,71.70,129.86,1,1285
1700000019.050000,1,300,151,71.51,31.51,0,1285
1700000019.100000,1,300,159,71.36,33.83,0,1285
1700000019.150000,1,300,165,71.27,192.35,1,1313
1700000019.200000,1,300,164,71.14,32.84,0,1313
1700000019.250000,1,300,168,70.91,33.99,0,1313
1700000019.300000,1,300,171,70.63,182.63,1,1302
1700000019.350000,1,300,158,70.32,34.25,0,1302
1700000019.400000,1,300,160,70.06,35.06,0,1302
1700000019.450000,1,300,166,69.85,153.22,1,1295
1700000019.500000,1,300,158,69.65,33.71,0,1295
1700000019.550000,1,300,163,69.42,34.71,0,1295
1700000019.600000,1,300,158,69.16,127.81,1,1293
1700000019.650000,1,300,154,68.88,34.07,0,1293
1700000019.700000,1,300,150,68.59,34.71,0,1293
1700000019.750000,1,300,152,68.32,158.51,1,1297
1700000019.800000,1,300,138,67.99,32.22,0,1297
1700000019.850000,1,300,141,67.60,32.60,0,1297
1700000019.900000,1,300,133,67.17,144.50,1,1286
1700000019.950000,1,300,119,66.72,33.60,0,1286
1700000020.000000,1,300,139,66.26,33.57,0,1286
1700000020.050000,1,300,132,65.82,122.46,1,1293
1700000020.100000,1,300,124,65.37,33.50,0,1293
1700000020.150000,1,300,122,64.93,35.48,0,1293
1700000020.200000,1,300,128,64.49,180.65,1,1300
1700000020.250000,1,300,128,64.08,35.60,0,1300
1700000020.300000,1,300,122,63.70,33.63,0,1300
1700000020.350000,1,300,123,63.34,181.96,1,1296
1700000020.400000,1,300,119,63.00,34.93,0,1296
1700000020.450000,1,300,111,62.67,35.28,0,1296
1700000020.500000,1,300,107,62.36,180.76,1,1277
1700000020.550000,1,300,104,62.04,35.84,0,1277
1700000020.600000,1,300,97,61.74,35.33,0,1277
1700000020.650000,1,300,99,61.44,148.20,1,1279
1700000020.700000,1,300,109,61.15,34.33,0,1279
1700000020.750000,1,300,104,60.87,35.11,0,1279
1700000020.800000,1,300,86,60.62,145.80,1,1263
1700000020.850000,1,300,86,60.35,36.06,0,1263
1700000020.900000,1,300,86,60.10,35.73,0,1263
1700000020.950000,1,300,81,59.86,177.53,1,1240
1700000021.000000,1,300,80,59.62,33.39,0,1240
1700000021.050000,1,300,78,59.38,34.36,0,1240
1700000021.100000,1,300,90,59.13,167.74,1,1233
1700000021.150000,1,300,83,58.89,35.72,0,1233
1700000021.200000,1,300,73,58.65,36.07,0,1233
1700000021.250000,1,300,79,58.43,101.39,1,1218
1700000021.300000,1,300,79,58.22,31.34,0,1218
1700000021.350000,1,300,72,58.02,35.47,0,1218
1700000021.400000,1,300,67,57.83,131.65,1,1198
1700000021.450000,1,300,62,57.66,34.52,0,1198
1700000021.500000,1,300,57,57.49,33.01,0,1198
1700000021.550000,1,300,63,57.34,95.21,1,1190
1700000021.600000,1,300,62,57.21,31.06,0,1190
1700000021.650000,1,300,64,57.08,32.47,0,1190
1700000021.700000,1,300,63,56.97,127.43,1,1211
1700000021.750000,1,300,63,56.87,36.43,0,1211
1700000021.800000,1,300,65,56.79,37.44,0,1211
1700000021.850000,1,300,60,56.72,133.10,1,1208
1700000021.900000,1,300,56,56.64,32.35,0,1208
1700000021.950000,1,300,54,56.57,34.95,0,1208
1700000022.000000,1,300,44,56.50,158.42,1,1197
1700000022.050000,1,300,47,56.42,36.04,0,1197
1700000022.100000,1,300,49,56.36,31.79,0,1197
1700000022.150000,1,300,66,56.31,162.14,1,1193
1700000022.200000,1,300,55,56.27,32.76,0,1193
1700000022.250000,1,300,63,56.23,32.65,0,1193
1700000022.300000,1,300,62,56.20,159.87,1,1177
1700000022.350000,1,300,59,56.16,32.55,0,1177
1700000022.400000,1,300,52,56.12,30.61,0,1177
1700000022.450000,1,300,51,56.09,107.93,1,1176
1700000022.500000,1,300,46,56.08,29.76,0,1176
1700000022.550000,1,300,59,56.06,29.75,0,1176
1700000022.600000,1,300,61,56.04,137.46,1,1176
1700000022.650000,1,300,61,56.00,33.86,0,1176
1700000022.700000,1,300,52,55.95,34.16,0,1176
1700000022.750000,1,300,58,55.91,132.80,1,1182
1700000022.800000,1,300,58,55.86,36.42,0,1182
1700000022.850000,1,300,57,55.82,35.45,0,1182
1700000022.900000,1,300,57,55.78,150.10,1,1168
1700000022.950000,1,300,52,55.74,34.50,0,1168
1700000023.000000,1,300,52,55.67,35.66,0,1168
1700000023.050000,1,300,50,55.62,125.54,1,1150
1700000023.100000,1,300,48,55.55,35.97,0,1150
1700000023.150000,1,300,59,55.48,34.75,0,1150
1700000023.200000,1,300,55,55.42,96.83,1,1134
1700000023.250000,1,300,54,55.35,36.45,0,1134
1700000023.300000,1,300,57,55.29,36.25,0,1134
1700000023.350000,1,300,59,55.21,131.88,1,1112
1700000023.400000,1,300,52,55.14,35.98,0,1112
1700000023.450000,1,300,56,55.08,33.79,0,1112
1700000023.500000,1,300,57,55.01,134.60,1,1102
1700000023.550000,1,300,50,54.95,35.52,0,1102
1700000023.600000,1,300,47,54.90,33.64,0,1102
1700000023.650000,1,300,55,54.85,105.46,1,1096
1700000023.700000,1,300,54,54.79,36.09,0,1096
1700000023.750000,1,300,53,54.72,33.58,0,1096
1700000023.800000,1,300,53,54.66,132.66,1,1072
1700000023.850000,1,300,50,54.59,33.41,0,1072
1700000023.900000,1,300,53,54.53,33.54,0,1072
1700000023.950000,1,300,51,54.46,135.09,1,1056
1700000024.000000,1,300,53,54.40,35.03,0,1056
1700000024.050000,1,300,46,54.33,35.38,0,1056
1700000024.100000,1,300,43,54.26,98.64,1,1024
1700000024.150000,1,300,49,54.18,33.35,0,1024
1700000024.200000,1,300,53,54.11,35.57,0,1024
1700000024.250000,1,300,49,54.03,133.17,1,1019
1700000024.300000,1,300,50,53.96,34.18,0,1019
1700000024.350000,1,300,48,53.89,34.18,0,1019
1700000024.400000,1,300,47,53.82,100.97,1,1009
1700000024.450000,1,300,49,53.75,34.86,0,1009
1700000024.500000,1,300,53,53.68,36.54,0,1009
1700000024.550000,1,300,53,53.61,156.66,1,994
1700000024.600000,1,300,58,53.54,37.13,0,994
1700000024.650000,1,300,57,53.48,35.94,0,994
1700000024.700000,1,300,52,53.41,121.75,1,972
1700000024.750000,1,300,54,53.34,32.31,0,972
1700000024.800000,1,300,60,53.28,32.08,0,972
1700000024.850000,1,300,65,53.21,144.70,1,948
1700000024.900000,1,300,60,53.13,34.47,0,948
1700000024.950000,1,300,59,53.06,33.11,0,948
1700000025.000000,1,300,60,52.98,106.03,1,946
1700000025.050000,1,300,62,52.90,34.60,0,946
1700000025.100000,1,300,63,52.82,34.53,0,946
1700000025.150000,1,300,64,52.74,108.82,1,922
1700000025.200000,1,300,61,52.66,36.61,0,922
1700000025.250000,1,300,68,52.59,35.58,0,922
1700000025.300000,1,300,67,52.52,126.21,1,948
1700000025.350000,1,300,68,52.46,33.10,0,948
1700000025.400000,1,300,68,52.41,35.51,0,948
1700000025.450000,1,300,64,52.37,125.50,1,930
1700000025.500000,1,300,65,52.33,35.44,0,930
1700000025.550000,1,300,61,52.30,34.43,0,930
1700000025.600000,1,300,66,52.27,143.99,1,922
1700000025.650000,1,300,64,52.24,35.07,0,922
1700000025.700000,1,300,74,52.22,34.64,0,922
1700000025.750000,1,300,78,52.20,123.85,1,908
1700000025.800000,1,300,80,52.19,36.66,0,908
1700000025.850000,1,300,88,52.20,35.11,0,908
1700000025.900000,1,300,83,52.22,127.34,1,918
1700000025.950000,1,300,83,52.25,36.09,0,918
1700000026.000000,1,300,79,52.27,33.04,0,918
1700000026.050000,1,300,75,52.30,126.84,1,912
1700000026.100000,1,300,72,52.34,35.65,0,912
1700000026.150000,1,300,74,52.39,34.50,0,912
1700000026.200000,1,300,76,52.45,125.59,1,881
1700000026.250000,1,300,78,52.51,34.49,0,881
1700000026.300000,1,300,78,52.59,34.66,0,881
1700000026.350000,1,300,84,52.66,109.78,1,896
1700000026.400000,1,300,86,52.75,34.45,0,896
1700000026.450000,1,300,88,52.83,36.78,0,896
1700000026.500000,1,300,83,52.93,136.18,1,887
1700000026.550000,1,300,87,53.03,35.38,0,887
1700000026.600000,1,300,86,53.14,37.27,0,887
1700000026.650000,1,300,84,53.28,108.21,1,872
1700000026.700000,1,300,84,53.43,36.59,0,872
1700000026.750000,1,300,83,53.60,35.53,0,872
1700000026.800000,1,300,80,53.77,134.58,1,888
1700000026.850000,1,300,86,53.96,36.48,0,888
1700000026.900000,1,300,92,54.15,36.26,0,888
1700000026.950000,1,300,92,54.36,96.28,1,887
1700000027.000000,1,300,95,54.58,35.58,0,887
1700000027.050000,1,300,91,54.80,34.99,0,887
1700000027.100000,1,300,94,55.03,119.47,1,901
1700000027.150000,1,300,99,55.28,37.06,0,901
1700000027.200000,1,300,101,55.53,37.24,0,901
1700000027.250000,1,300,111,55.76,121.99,1,924
1700000027.300000,1,300,114,56.01,37.84,0,924
1700000027.350000,1,300,111,56.27,36.33,0,924
1700000027.400000,1,300,113,56.54,106.50,1,926
1700000027.450000,1,300,107,56.83,37.01,0,926
1700000027.500000,1,300,111,57.10,34.57,0,926
1700000027.550000,1,300,96,57.37,119.06,1,930
1700000027.600000,1,300,88,57.66,35.84,0,930
1700000027.650000,1,300,86,57.94,35.46,0,930
1700000027.700000,1,300,80,58.22,103.73,1,942
1700000027.750000,1,300,71,58.52,37.19,0,942
1700000027.800000,1,300,62,58.80,34.87,0,942
1700000027.850000,1,300,60,59.08,103.76,1,948
1700000027.900000,1,300,47,59.37,35.60,0,948
1700000027.950000,1,300,48,59.63,38.17,0,948
1700000028.000000,1,300,47,59.90,101.44,1,956
1700000028.050000,1,300,40,60.16,34.05,0,956
1700000028.100000,1,300,43,60.44,30.69,0,956
1700000028.150000,1,300,42,60.77,105.71,1,963
1700000028.200000,1,300,39,61.14,37.44,0,963
1700000028.250000,1,300,37,61.53,36.52,0,963
1700000028.300000,1,300,34,61.95,105.17,1,940
1700000028.350000,1,300,38,62.39,36.87,0,940
1700000028.400000,1,300,45,62.85,37.63,0,940
1700000028.450000,1,300,38,63.35,101.42,1,939
1700000028.500000,1,300,45,63.90,37.71,0,939
1700000028.550000,1,300,42,64.48,36.49,0,939
1700000028.600000,1,300,44,65.09,104.27,1,951
1700000028.650000,1,300,41,65.75,37.02,0,951
1700000028.700000,1,300,45,66.47,36.15,0,951
1700000028.750000,1,300,44,67.25,134.65,1,925
1700000028.800000,1,300,44,68.10,37.17,0,925
1700000028.850000,1,300,39,69.05,35.27,0,925
1700000028.900000,1,300,44,70.08,113.66,1,930
1700000028.950000,1,300,44,71.20,34.83,0,930
1700000029.000000,1,300,39,72.44,32.47,0,930
1700000029.050000,1,300,36,73.80,110.49,1,918
1700000029.100000,1,300,38,75.30,38.41,0,918
1700000029.150000,1,300,36,76.90,39.50,0,918
1700000029.200000,1,300,40,78.59,111.55,1,914
1700000029.250000,1,300,39,80.37,35.53,0,914
1700000029.300000,1,300,34,82.18,36.04,0,914
1700000029.350000,1,300,37,84.00,110.71,1,905
1700000029.400000,1,300,43,85.86,36.91,0,905
1700000029.450000,1,300,38,87.73,36.51,0,905
1700000029.500000,1,300,37,89.66,124.41,1,908
1700000029.550000,1,300,41,91.65,36.31,0,908
1700000029.600000,1,300,28,93.69,33.95,0,908
1700000029.650000,1,300,31,95.80,116.86,1,903
1700000029.700000,1,300,24,97.98,37.90,0,903
1700000029.750000,1,300,29,100.25,38.27,0,903
1700000029.800000,1,300,25,102.64,113.70,1,892
1700000029.850000,1,300,21,105.15,38.23,0,892
1700000029.900000,1,300,20,107.77,38.33,0,892
1700000029.950000,1,300,19,110.49,104.90,1,878
1700000030.000000,1,300,18,113.31,33.58,0,878
1700000030.050000,1,300,16,116.35,38.82,0,878
1700000030.100000,1,300,18,119.80,126.70,1,875
1700000030.150000,1,300,20,123.41,34.63,0,875
1700000030.200000,1,300,21,127.20,35.63,0,875
1700000030.250000,1,269,19,131.11,118.53,1,873
1700000030.300000,1,300,4,135.12,34.37,0,873
1700000030.350000,1,300,3,138.37,33.59,0,873
1700000030.400000,1,222,4,139.73,85.67,1,867
1700000030.450000,1,172,2,140.90,30.68,0,867
1700000030.500000,1,114,1,141.87,100.92,1,858
1700000030.550000,1,300,10,142.19,32.80,0,858
1700000030.600000,1,300,13,142.50,34.13,0,858
1700000030.650000,1,162,4,142.81,106.47,1,863
1700000030.700000,1,300,13,143.34,31.43,0,863
1700000030.750000,1,300,22,144.48,35.09,0,863
1700000030.800000,1,149,11,145.54,115.49,1,840
1700000030.850000,1,300,1,146.59,29.61,0,840
1700000030.900000,1,300,1,147.70,32.18,0,840
1700000030.950000,1,300,1,148.98,78.57,1,828
1700000031.000000,1,135,0,151.66,86.98,1,826
1700000031.050000,1,78,1,156.16,81.18,1,782
1700000031.100000,1,58,1,160.61,27.84,0,782
1700000031.150000,1,78,1,165.35,25.23,0,782
1700000031.200000,1,76,1,170.73,83.08,1,788
1700000031.250000,1,300,2,176.75,28.11,0,788
1700000031.300000,1,300,2,182.78,34.40,0,788
1700000031.350000,1,249,1,183.99,59.44,1,743
1700000031.400000,1,146,0,182.78,67.91,1,737
1700000031.450000,1,246,0,158.81,26.63,0,737
1700000031.500000,1,269,8,129.64,30.75,0,737
1700000031.550000,1,300,3,107.87,84.03,1,739
1700000031.600000,1,276,14,132.74,33.63,0,739
1700000031.650000,1,300,10,127.17,41.86,0,739
1700000031.700000,1,300,10,121.51,82.79,1,688
1700000031.750000,1,300,8,115.84,35.79,0,688
1700000031.800000,1,300,12,110.23,40.98,0,688
1700000031.850000,1,300,12,104.72,92.35,1,698
1700000031.900000,1,300,0,99.30,31.75,0,698
1700000031.950000,1,147,0,44.76,73.64,1,658
1700000032.000000,1,141,1,48.56,27.81,0,658
1700000032.050000,1,127,5,53.46,33.81,0,658
1700000032.100000,1,300,9,58.49,71.59,1,639
1700000032.150000,1,253,12,63.45,33.93,0,639
1700000032.200000,1,300,16,68.52,36.76,0,639
1700000032.250000,1,197,12,74.25,104.54,1,613
1700000032.300000,1,300,18,80.66,29.55,0,613
1700000032.350000,1,184,21,83.36,32.01,0,613
1700000032.400000,1,300,23,81.00,83.46,1,621
1700000032.450000,1,145,14,76.12,79.51,1,658
1700000032.500000,1,144,14,70.83,28.76,0,658
1700000032.550000,1,277,16,65.64,27.74,0,658
1700000032.600000,1,300,55,61.93,73.87,1,697
1700000032.650000,1,300,92,60.00,34.16,0,697
1700000032.700000,1,300,96,59.18,36.98,0,697
1700000032.750000,1,300,103,58.36,85.45,1,774
1700000032.800000,1,300,99,57.57,36.67,0,774
1700000032.850000,1,300,97,56.80,35.83,0,774
1700000032.900000,1,300,87,56.06,90.57,1,855
1700000032.950000,1,300,82,55.36,33.59,0,855
1700000033.000000,1,300,72,54.77,33.79,0,855
1700000033.050000,1,300,65,54.29,85.43,1,909
1700000033.100000,1,300,64,53.87,37.82,0,909
1700000033.150000,1,300,65,53.48,36.40,0,909
1700000033.200000,1,300,61,53.11,100.72,1,961
1700000033.250000,1,300,65,52.80,34.63,0,961
1700000033.300000,1,300,64,52.55,32.36,0,961
1700000033.350000,1,300,65,52.31,82.77,1,1007
1700000033.400000,1,300,68,52.09,29.97,0,1007
1700000033.450000,1,300,59,51.88,30.04,0,1007
1700000033.500000,1,300,61,51.69,81.10,1,1043
1700000033.550000,1,300,55,51.52,28.89,0,1043
1700000033.600000,1,300,54,51.38,26.75,0,1043
1700000033.650000,1,300,49,51.24,85.65,1,1060
1700000033.700000,1,300,51,51.11,28.61,0,1060
1700000033.750000,1,300,57,50.98,29.90,0,1060
1700000033.800000,1,300,53,50.85,82.50,1,1092
1700000033.850000,1,300,49,50.71,27.44,0,1092
1700000033.900000,1,300,46,50.58,29.60,0,1092
1700000033.950000,1,300,52,50.46,123.98,1,1090
1700000034.000000,1,300,51,50.37,32.99,0,1090
1700000034.050000,1,300,51,50.33,30.10,0,1090
1700000034.100000,1,300,59,50.30,136.70,1,1126
1700000034.150000,1,300,55,50.28,31.19,0,1126
1700000034.200000,1,300,52,50.26,30.34,0,1126
1700000034.250000,1,300,52,50.25,95.98,1,1140
1700000034.300000,1,300,51,50.24,28.47,0,1140
1700000034.350000,1,300,54,50.25,31.15,0,1140
1700000034.400000,1,300,54,50.24,104.68,1,1165
1700000034.450000,1,300,54,50.23,29.78,0,1165
1700000034.500000,1,300,51,50.24,31.62,0,1165
1700000034.550000,1,300,51,50.25,78.01,1,1182
1700000034.600000,1,300,52,50.26,31.27,0,1182
1700000034.650000,1,300,56,50.28,30.17,0,1182
1700000034.700000,1,300,55,50.29,97.94,1,1190
1700000034.750000,1,300,48,50.31,28.91,0,1190
1700000034.800000,1,300,43,50.33,31.47,0,1190
1700000034.850000,1,300,53,50.35,73.76,1,1213
1700000034.900000,1,300,48,50.36,29.53,0,1213
1700000034.950000,1,300,48,50.37,31.18,0,1213
1700000035.000000,1,300,52,50.38,77.54,1,1216
1700000035.050000,1,300,51,50.39,30.48,0,1216
1700000035.100000,1,300,50,50.39,31.73,0,1216
1700000035.150000,1,300,56,50.39,109.65,1,1203
1700000035.200000,1,300,45,50.40,30.70,0,1203
1700000035.250000,1,300,52,50.40,30.37,0,1203
1700000035.300000,1,300,60,50.40,109.72,1,1237
1700000035.350000,1,300,61,50.40,30.13,0,1237
1700000035.400000,1,300,66,50.41,31.49,0,1237
1700000035.450000,1,300,69,50.41,91.79,1,1292
1700000035.500000,1,300,66,50.42,29.23,0,1292
1700000035.550000,1,300,70,50.42,29.76,0,1292
1700000035.600000,1,300,63,50.42,105.18,1,1276
1700000035.650000,1,300,64,50.43,28.51,0,1276
1700000035.700000,1,300,64,50.44,31.72,0,1276
1700000035.750000,1,300,69,50.44,142.23,1,1315
1700000035.800000,1,300,72,50.44,30.44,0,1315
1700000035.850000,1,300,72,50.45,30.25,0,1315
1700000035.900000,1,300,79,50.46,130.71,1,1290
1700000035.950000,1,300,74,50.47,30.67,0,1290
1700000036.000000,1,300,76,50.48,29.51,0,1290
1700000036.050000,1,300,71,50.50,127.77,1,1316
1700000036.100000,1,300,73,50.52,29.33,0,1316
1700000036.150000,1,300,73,50.55,33.09,0,1316
1700000036.200000,1,300,82,50.57,117.85,1,1350
1700000036.250000,1,300,82,50.60,31.63,0,1350
1700000036.300000,1,300,84,50.64,29.66,0,1350
1700000036.350000,1,300,82,50.68,134.48,1,1369
1700000036.400000,1,300,85,50.73,31.95,0,1369
1700000036.450000,1,300,91,50.78,31.38,0,1369
1700000036.500000,1,300,95,50.84,146.95,1,1416
1700000036.550000,1,300,94,50.90,32.27,0,1416
1700000036.600000,1,300,94,50.96,34.02,0,1416
1700000036.650000,1,300,88,51.02,136.30,1,1394
1700000036.700000,1,300,77,51.09,31.66,0,1394
1700000036.750000,1,300,85,51.17,32.39,0,1394
1700000036.800000,1,300,85,51.24,163.63,1,1351
1700000036.850000,1,300,88,51.32,32.62,0,1351
1700000036.900000,1,300,86,51.40,33.79,0,1351
1700000036.950000,1,300,89,51.49,164.58,1,1272
1700000037.000000,1,300,94,51.59,33.49,0,1272
1700000037.050000,1,300,88,51.68,35.07,0,1272
1700000037.100000,1,300,92,51.78,140.78,1,1218
1700000037.150000,1,300,92,51.88,35.38,0,1218
1700000037.200000,1,300,81,51.99,33.93,0,1218
1700000037.250000,1,300,89,52.11,138.62,1,1168
1700000037.300000,1,300,91,52.22,34.55,0,1168
1700000037.350000,1,300,92,52.34,37.22,0,1168
1700000037.400000,1,300,84,52.46,152.71,1,1142
1700000037.450000,1,300,87,52.59,37.40,0,1142
1700000037.500000,1,300,87,52.72,34.62,0,1142
1700000037.550000,1,300,91,52.86,141.90,1,1128
1700000037.600000,1,300,86,52.99,34.42,0,1128
1700000037.650000,1,300,81,53.14,35.78,0,1128
1700000037.700000,1,300,86,53.29,135.37,1,1105
1700000037.750000,1,300,87,53.44,36.86,0,1105
1700000037.800000,1,300,83,53.59,35.58,0,1105
1700000037.850000,1,300,91,53.75,130.10,1,1107
1700000037.900000,1,300,83,53.91,35.29,0,1107
1700000037.950000,1,300,87,54.08,35.86,0,1107
1700000038.000000,1,300,89,54.25,123.47,1,1098
1700000038.050000,1,300,90,54.42,36.54,0,1098
1700000038.100000,1,300,87,54.60,35.61,0,1098
1700000038.150000,1,300,97,54.79,169.34,1,1083
1700000038.200000,1,300,105,54.97,35.67,0,1083
1700000038.250000,1,300,107,55.18,37.35,0,1083
1700000038.300000,1,300,107,55.38,107.56,1,1078
1700000038.350000,1,300,113,55.59,29.74,0,1078
1700000038.400000,1,300,119,55.81,35.50,0,1078
1700000038.450000,1,300,118,56.03,127.84,1,1063
1700000038.500000,1,300,128,56.24,35.52,0,1063
1700000038.550000,1,300,115,56.46,34.84,0,1063
1700000038.600000,1,300,116,56.69,118.20,1,1052
1700000038.650000,1,300,127,56.91,35.67,0,1052
1700000038.700000,1,300,126,57.13,36.20,0,1052
1700000038.750000,1,300,128,57.35,105.18,1,1052
1700000038.800000,1,300,129,57.57,35.25,0,1052
1700000038.850000,1,300,115,57.80,36.59,0,1052
1700000038.900000,1,300,118,58.01,128.78,1,1060
1700000038.950000,1,300,116,58.21,34.75,0,1060
1700000039.000000,1,300,111,58.40,36.20,0,1060
1700000039.050000,1,300,125,58.58,104.18,1,1068
1700000039.100000,1,300,120,58.70,33.42,0,1068
1700000039.150000,1,300,121,58.81,36.40,0,1068
1700000039.200000,1,300,120,58.90,150.12,1,1067
1700000039.250000,1,300,111,59.01,36.64,0,1067
1700000039.300000,1,300,114,59.12,34.38,0,1067
1700000039.350000,1,300,109,59.24,138.60,1,1057
1700000039.400000,1,300,104,59.36,34.13,0,1057
1700000039.450000,1,300,108,59.50,37.52,0,1057
1700000039.500000,1,300,95,59.65,147.69,1,1046
1700000039.550000,1,300,98,59.80,35.74,0,1046
1700000039.600000,1,300,114,59.97,36.12,0,1046
1700000039.650000,1,300,114,60.12,118.22,1,1072
1700000039.700000,1,300,107,60.29,35.81,0,1072
1700000039.750000,1,300,124,60.46,35.07,0,1072
1700000039.800000,1,300,114,60.65,121.83,1,1082
1700000039.850000,1,300,109,60.86,34.39,0,1082
1700000039.900000,1,300,114,61.08,32.13,0,1082
1700000039.950000,1,300,109,61.33,118.10,1,1087
1700000040.000000,1,300,122,61.60,35.91,0,1087
1700000040.050000,1,300,122,61.86,36.11,0,1087
1700000040.100000,1,300,108,62.13,120.38,1,1112
1700000040.150000,1,300,118,62.39,33.21,0,1112
1700000040.200000,1,300,117,62.65,36.64,0,1112
1700000040.250000,1,300,130,62.90,106.83,1,1135
1700000040.300000,1,300,123,63.14,35.96,0,1135
1700000040.350000,1,300,118,63.39,34.69,0,1135
1700000040.400000,1,300,128,63.63,129.95,1,1156
1700000040.450000,1,300,129,63.89,35.89,0,1156
1700000040.500000,1,300,109,64.14,34.44,0,1156
1700000040.550000,1,300,107,64.40,94.67,1,1155
1700000040.600000,1,300,120,64.68,34.75,0,1155
1700000040.650000,1,300,121,64.98,35.02,0,1155
1700000040.700000,1,300,105,65.29,112.80,1,1176
1700000040.750000,1,300,99,65.62,36.53,0,1176
1700000040.800000,1,300,112,65.99,35.25,0,1176
1700000040.850000,1,300,117,66.35,135.91,1,1199
1700000040.900000,1,300,114,66.73,35.57,0,1199
1700000040.950000,1,300,125,67.11,36.43,0,1199
1700000041.000000,1,300,115,67.50,108.63,1,1208
1700000041.050000,1,300,123,67.89,34.55,0,1208
1700000041.100000,1,300,127,68.30,36.87,0,1208
1700000041.150000,1,300,125,68.72,94.94,1,1232
1700000041.200000,1,300,130,69.15,35.53,0,1232
1700000041.250000,1,300,134,69.60,37.00,0,1232
1700000041.300000,1,300,122,70.06,138.11,1,1266
1700000041.350000,1,300,127,70.57,37.34,0,1266
1700000041.400000,1,300,119,71.09,36.77,0,1266
1700000041.450000,1,300,121,71.61,109.42,1,1304
1700000041.500000,1,300,112,72.15,37.68,0,1304
1700000041.550000,1,300,101,72.71,34.78,0,1304
1700000041.600000,1,300,94,73.30,153.35,1,1312
1700000041.650000,1,300,91,73.93,34.14,0,1312
1700000041.700000,1,300,102,74.58,31.96,0,1312
1700000041.750000,1,300,98,75.27,133.06,1,1332
1700000041.800000,1,300,94,75.97,31.41,0,1332
1700000041.850000,1,300,96,76.69,34.24,0,1332
1700000041.900000,1,300,100,77.43,128.87,1,1356
1700000041.950000,1,300,109,78.19,33.60,0,1356
1700000042.000000,1,300,103,78.98,34.42,0,1356
1700000042.050000,1,300,100,79.80,141.67,1,1378
1700000042.100000,1,300,101,80.65,34.52,0,1378
1700000042.150000,1,300,98,81.52,33.61,0,1378
1700000042.200000,1,300,96,82.41,103.51,1,1410
1700000042.250000,1,300,90,83.34,33.79,0,1410
1700000042.300000,1,300,91,84.30,35.52,0,1410
1700000042.350000,1,300,99,85.30,104.36,1,1429
1700000042.400000,1,300,85,86.33,35.21,0,1429
1700000042.450000,1,300,92,87.40,33.67,0,1429
1700000042.500000,1,300,102,88.50,102.95,1,1489
1700000042.550000,1,300,99,89.67,34.79,0,1489
1700000042.600000,1,300,88,90.88,32.28,0,1489
1700000042.650000,1,300,95,92.16,123.10,1,1526
1700000042.700000,1,300,77,93.43,35.45,0,1526
1700000042.750000,1,300,85,94.73,35.83,0,1526
1700000042.800000,1,300,77,96.03,122.25,1,1555
1700000042.850000,1,300,84,97.33,35.32,0,1555
1700000042.900000,1,300,57,98.51,35.58,0,1555
1700000042.950000,1,300,66,99.87,102.59,1,1578
1700000043.000000,1,300,62,101.44,38.98,0,1578
1700000043.050000,1,300,46,103.10,35.95,0,1578
1700000043.100000,1,300,53,104.81,123.73,1,1589
1700000043.150000,1,300,48,106.56,35.17,0,1589
1700000043.200000,1,300,40,108.38,39.62,0,1589
1700000043.250000,1,300,24,110.27,98.87,1,1579
1700000043.300000,1,300,19,112.23,36.21,0,1579
1700000043.350000,1,300,24,114.30,34.31,0,1579
1700000043.400000,1,300,30,116.22,123.16,1,1587
1700000043.450000,1,300,32,117.77,34.42,0,1587
1700000043.500000,1,300,29,118.77,36.73,0,1587
1700000043.550000,1,293,45,118.90,85.72,1,1594
1700000043.600000,1,273,30,118.10,37.65,0,1594
1700000043.650000,1,300,20,116.54,36.36,0,1594
1700000043.700000,1,299,6,114.63,115.89,1,1565
1700000043.750000,1,296,5,112.52,36.50,0,1565
1700000043.800000,1,282,13,110.24,38.19,0,1565
1700000043.850000,1,284,11,107.77,117.93,1,1561
1700000043.900000,1,300,11,105.10,40.09,0,1561
1700000043.950000,1,300,12,102.24,35.80,0,1561
1700000044.000000,1,265,15,99.14,82.32,1,1554
1700000044.050000,1,245,15,95.75,32.37,0,1554
1700000044.100000,1,214,20,92.08,34.46,0,1554
1700000044.150000,1,148,13,88.21,108.62,1,1507
1700000044.200000,1,113,3,85.11,30.99,0,1507
1700000044.250000,1,108,2,83.85,28.40,0,1507
1700000044.300000,1,241,11,84.13,103.57,1,1466
1700000044.350000,1,240,116,84.59,30.62,0,1466
1700000044.400000,1,247,228,85.06,30.08,0,1466
1700000044.450000,1,300,277,85.52,89.89,1,1683
1700000044.500000,1,285,268,85.98,33.97,0,1683
1700000044.550000,1,300,286,86.46,32.44,0,1683
1700000044.600000,1,297,282,86.93,122.46,1,1686
1700000044.650000,1,300,286,87.40,29.58,0,1686
1700000044.700000,1,300,285,87.86,31.13,0,1686
1700000044.750000,1,300,288,88.34,85.65,1,1702
1700000044.800000,1,300,282,88.83,31.59,0,1702
1700000044.850000,1,300,286,89.31,31.51,0,1702
1700000044.900000,1,300,287,89.81,84.03,1,1719
1700000044.950000,1,300,285,90.31,32.97,0,1719
1700000045.000000,1,300,281,90.81,30.45,0,1719
1700000045.050000,1,300,284,91.33,116.77,1,1728
1700000045.100000,1,300,287,91.84,32.96,0,1728
1700000045.150000,1,300,287,92.36,32.23,0,1728
1700000045.200000,1,300,290,92.89,121.57,1,1732
1700000045.250000,1,300,289,93.42,31.66,0,1732
1700000045.300000,1,300,290,93.97,31.83,0,1732
1700000045.350000,1,300,286,94.58,131.32,1,1723
1700000045.400000,1,300,292,95.21,32.82,0,1723
1700000045.450000,1,300,286,95.86,31.96,0,1723
1700000045.500000,1,300,288,96.60,127.58,1,1739
1700000045.550000,1,300,289,97.42,33.82,0,1739
1700000045.600000,1,300,292,98.31,31.99,0,1739
1700000045.650000,1,300,293,99.30,142.75,1,1802
1700000045.700000,1,282,270,100.45,34.04,0,1802
1700000045.750000,1,258,246,101.73,31.25,0,1802
1700000045.800000,1,210,202,103.09,108.11,1,1797
1700000045.850000,1,185,180,104.28,29.84,0,1797
1700000045.900000,1,267,248,105.53,30.64,0,1797
1700000045.950000,1,199,190,107.15,103.89,1,1832
1700000046.000000,1,300,265,109.17,32.47,0,1832
1700000046.050000,1,215,197,111.32,31.20,0,1832
1700000046.100000,1,300,265,113.36,136.43,1,1936
1700000046.150000,1,291,256,115.25,34.01,0,1936
1700000046.200000,1,300,268,117.35,34.31,0,1936
1700000046.250000,1,226,210,119.65,109.99,1,1960
1700000046.300000,1,300,275,122.13,30.90,0,1960
1700000046.350000,1,279,255,124.41,33.55,0,1960
1700000046.400000,1,224,202,126.40,140.10,1,1995
1700000046.450000,1,300,279,128.39,36.11,0,1995
1700000046.500000,1,300,256,131.14,34.51,0,1995
1700000046.550000,1,300,264,134.07,117.78,1,2102
1700000046.600000,1,300,263,136.33,36.79,0,2102
1700000046.650000,1,300,266,138.33,37.55,0,2102
1700000046.700000,1,300,267,139.34,109.49,1,2174
1700000046.750000,1,300,256,139.54,34.95,0,2174
1700000046.800000,1,252,216,139.46,33.82,0,2174
1700000046.850000,1,300,245,138.78,149.31,1,2254
1700000046.900000,1,300,241,137.06,39.08,0,2254
1700000046.950000,1,300,249,133.90,38.35,0,2254
1700000047.000000,1,300,239,129.52,151.73,1,2347
1700000047.050000,1,300,230,124.25,37.04,0,2347
1700000047.100000,1,300,240,118.42,37.29,0,2347
1700000047.150000,1,300,218,112.64,112.91,1,2443
1700000047.200000,1,300,233,107.16,36.55,0,2443
1700000047.250000,1,300,214,101.80,38.50,0,2443
1700000047.300000,1,300,192,96.23,153.77,1,2533
1700000047.350000,1,300,190,90.96,38.60,0,2533
1700000047.400000,1,300,194,86.16,35.49,0,2533
1700000047.450000,1,300,193,81.87,131.34,1,2639
1700000047.500000,1,300,182,77.65,39.61,0,2639
1700000047.550000,1,300,175,73.95,39.05,0,2639
1700000047.600000,1,300,192,71.24,131.27,1,2743
1700000047.650000,1,300,178,68.51,36.34,0,2743
1700000047.700000,1,300,186,65.34,36.71,0,2743
1700000047.750000,1,300,175,62.45,172.16,1,2803
1700000047.800000,1,300,175,59.99,32.11,0,2803
1700000047.850000,1,300,156,57.87,35.53,0,2803
1700000047.900000,1,300,126,56.58,199.26,1,2844
1700000047.950000,1,300,133,57.53,31.77,0,2844
1700000048.000000,1,300,128,58.60,37.05,0,2844
1700000048.050000,1,300,127,59.84,148.69,1,2931
1700000048.100000,1,300,116,61.16,35.22,0,2931
1700000048.150000,1,300,48,64.20,37.31,0,2931
1700000048.200000,1,300,26,69.57,151.63,1,2947
1700000048.250000,1,300,24,75.05,36.01,0,2947
1700000048.300000,1,300,40,79.84,35.21,0,2947
1700000048.350000,1,300,57,83.36,154.79,1,2990
1700000048.400000,1,281,103,85.23,31.99,0,2990
1700000048.450000,1,262,93,86.32,31.46,0,2990
1700000048.500000,1,300,123,87.29,162.65,1,2955
1700000048.550000,1,300,124,88.09,33.22,0,2955
1700000048.600000,1,300,124,88.70,35.26,0,2955
1700000048.650000,1,300,135,89.27,177.67,1,2927
1700000048.700000,1,300,129,89.71,33.12,0,2927
1700000048.750000,1,300,129,89.96,32.48,0,2927
1700000048.800000,1,300,133,90.11,160.44,1,2942
1700000048.850000,1,300,124,90.14,37.13,0,2942
1700000048.900000,1,300,126,90.06,33.00,0,2942
1700000048.950000,1,300,113,89.86,155.32,1,2928
1700000049.000000,1,300,121,89.55,37.53,0,2928
1700000049.050000,1,300,108,89.20,33.85,0,2928
1700000049.100000,1,300,108,88.86,158.14,1,2924
1700000049.150000,1,300,108,88.55,32.55,0,2924
1700000049.200000,1,300,110,88.27,36.22,0,2924
1700000049.250000,1,300,111,88.02,162.20,1,2902
1700000049.300000,1,300,118,87.81,33.17,0,2902
1700000049.350000,1,300,130,87.61,31.68,0,2902
1700000049.400000,1,300,138,87.47,174.19,1,2909
1700000049.450000,1,300,108,87.35,35.06,0,2909
1700000049.500000,1,300,106,87.26,30.49,0,2909
1700000049.550000,1,300,93,87.19,157.69,1,2870
1700000049.600000,1,300,108,87.17,35.07,0,2870
1700000049.650000,1,300,105,87.20,35.52,0,2870
1700000049.700000,1,300,118,87.26,157.54,1,2848
1700000049.750000,1,300,100,87.35,30.13,0,2848
1700000049.800000,1,300,108,87.48,33.68,0,2848
1700000049.850000,1,300,108,87.65,161.14,1,2784
1700000049.900000,1,300,103,87.86,30.91,0,2784
1700000049.950000,1,300,114,88.11,30.77,0,2784
1700000050.000000,1,300,100,88.40,149.97,1,2776
1700000050.050000,1,300,93,88.74,33.99,0,2776
1700000050.100000,1,300,77,89.13,33.87,0,2776
1700000050.150000,1,300,83,89.55,154.82,1,2685
1700000050.200000,1,300,85,89.99,34.16,0,2685
1700000050.250000,1,300,77,90.45,34.39,0,2685
1700000050.300000,1,300,70,90.92,185.15,1,2556
1700000050.350000,1,300,73,91.42,31.64,0,2556
1700000050.400000,1,300,75,91.96,36.87,0,2556
1700000050.450000,1,300,67,92.53,164.18,1,2511
1700000050.500000,1,300,61,93.14,31.82,0,2511
1700000050.550000,1,300,65,93.79,32.89,0,2511
1700000050.600000,1,300,51,94.48,171.17,1,2449
1700000050.650000,1,300,49,95.21,35.65,0,2449
1700000050.700000,1,300,48,95.98,36.31,0,2449
1700000050.750000,1,300,49,96.78,146.83,1,2301
1700000050.800000,1,300,46,97.62,37.17,0,2301
1700000050.850000,1,300,47,98.52,34.40,0,2301
1700000050.900000,1,300,44,99.48,146.49,1,2189
1700000050.950000,1,300,42,100.54,34.22,0,2189
1700000051.000000,1,300,33,101.65,34.84,0,2189
1700000051.050000,1,300,36,102.82,123.42,1,2075
1700000051.100000,1,300,36,104.04,34.26,0,2075
1700000051.150000,1,300,34,105.30,32.92,0,2075
1700000051.200000,1,300,40,106.62,144.78,1,1951
1700000051.250000,1,300,34,108.00,33.90,0,1951
1700000051.300000,1,300,35,109.44,33.32,0,1951
1700000051.350000,1,300,23,110.96,106.28,1,1811
1700000051.400000,1,300,22,112.57,31.99,0,1811
1700000051.450000,1,300,25,114.25,34.31,0,1811
1700000051.500000,1,300,21,116.03,133.55,1,1699
1700000051.550000,1,285,15,117.91,31.21,0,1699
1700000051.600000,1,300,13,119.92,34.94,0,1699
1700000051.650000,1,300,13,122.06,136.09,1,1581
1700000051.700000,1,300,13,124.39,32.52,0,1581
1700000051.750000,1,300,12,126.76,32.86,0,1581
1700000051.800000,1,300,11,129.24,133.25,1,1462
1700000051.850000,1,300,12,131.85,32.19,0,1462
1700000051.900000,1,300,18,134.61,32.08,0,1462
1700000051.950000,1,300,7,137.72,118.15,1,1356
1700000052.000000,1,300,3,141.07,30.02,0,1356
1700000052.050000,1,300,1,144.58,32.44,0,1356
1700000052.100000,1,253,0,148.49,104.27,1,1262
1700000052.150000,1,300,0,152.93,29.85,0,1262
1700000052.200000,1,174,0,158.23,30.75,0,1262
1700000052.250000,1,258,1,164.54,106.33,1,1147
1700000052.300000,1,195,0,172.03,27.96,0,1147
1700000052.350000,1,210,0,181.10,25.46,0,1147
1700000052.400000,1,204,0,192.60,95.68,1,1116
1700000052.450000,1,300,0,199.20,24.75,0,1116
1700000052.500000,1,300,0,140.46,22.98,0,1116
1700000052.550000,1,300,0,77.90,76.39,1,1042
1700000052.600000,1,300,0,58.76,25.98,0,1042
1700000052.650000,1,300,0,47.80,28.49,0,1042
1700000052.700000,1,300,0,42.82,72.66,1,962
1700000052.750000,1,300,0,41.81,35.22,0,962
1700000052.800000,1,300,0,43.35,32.73,0,962
1700000052.850000,1,300,0,46.35,83.45,1,927
1700000052.900000,1,300,0,51.53,35.32,0,927
1700000052.950000,1,300,0,56.75,31.00,0,927
1700000053.000000,1,300,0,62.28,78.73,1,897
1700000053.050000,1,226,12,51.02,31.20,0,897
1700000053.100000,1,300,15,51.07,38.67,0,897
1700000053.150000,1,300,26,51.11,74.21,1,872
1700000053.200000,1,300,56,51.15,35.74,0,872
1700000053.250000,1,300,55,51.20,30.89,0,872
1700000053.300000,1,300,57,51.24,92.99,1,1029
1700000053.350000,1,300,61,51.28,38.07,0,1029
1700000053.400000,1,300,62,51.33,34.15,0,1029
1700000053.450000,1,300,63,51.38,97.20,1,1030
1700000053.500000,1,300,61,51.43,37.20,0,1030
1700000053.550000,1,300,60,51.49,35.70,0,1030
1700000053.600000,1,300,62,51.57,91.45,1,1018
1700000053.650000,1,300,65,51.63,35.66,0,1018
1700000053.700000,1,300,68,51.71,34.75,0,1018
1700000053.750000,1,300,72,51.78,97.44,1,1036
1700000053.800000,1,300,64,51.86,34.80,0,1036
1700000053.850000,1,300,60,51.95,37.32,0,1036
1700000053.900000,1,300,60,52.05,81.56,1,1035
1700000053.950000,1,300,51,52.14,36.47,0,1035
1700000054.000000,1,300,48,52.26,37.89,0,1035
1700000054.050000,1,300,59,52.38,92.74,1,1021
1700000054.100000,1,300,61,52.52,37.10,0,1021
1700000054.150000,1,300,69,52.67,37.66,0,1021
1700000054.200000,1,300,62,52.82,104.06,1,1028
1700000054.250000,1,300,61,52.99,34.32,0,1028
1700000054.300000,1,300,66,53.17,34.35,0,1028
1700000054.350000,1,300,74,53.35,111.56,1,1034
1700000054.400000,1,300,65,53.55,36.03,0,1034
1700000054.450000,1,300,67,53.76,34.96,0,1034
1700000054.500000,1,300,74,53.96,98.30,1,1025
1700000054.550000,1,300,68,54.18,37.16,0,1025
1700000054.600000,1,300,72,54.39,35.57,0,1025
1700000054.650000,1,300,78,54.61,83.15,1,1021
1700000054.700000,1,300,78,54.85,38.00,0,1021
1700000054.750000,1,300,73,55.10,32.96,0,1021
1700000054.800000,1,300,79,55.33,105.58,1,1042
1700000054.850000,1,300,74,55.57,36.04,0,1042
1700000054.900000,1,300,70,55.81,35.65,0,1042
1700000054.950000,1,300,78,56.05,106.68,1,1030
1700000055.000000,1,300,74,56.29,36.23,0,1030
1700000055.050000,1,300,82,56.53,32.50,0,1030
1700000055.100000,1,300,88,56.79,114.91,1,1049
1700000055.150000,1,300,79,57.07,34.34,0,1049
1700000055.200000,1,300,89,57.35,34.90,0,1049
1700000055.250000,1,300,79,57.64,106.41,1,1060
1700000055.300000,1,300,89,57.94,31.43,0,1060
1700000055.350000,1,300,92,58.28,33.97,0,1060
1700000055.400000,1,300,94,58.65,113.28,1,1057
1700000055.450000,1,300,84,59.03,35.59,0,1057
1700000055.500000,1,300,93,59.44,36.66,0,1057
1700000055.550000,1,300,79,59.85,84.98,1,1077
1700000055.600000,1,300,91,60.27,35.26,0,1077
1700000055.650000,1,300,95,60.73,35.20,0,1077
1700000055.700000,1,300,97,61.19,125.19,1,1096
1700000055.750000,1,300,105,61.69,36.91,0,1096
1700000055.800000,1,300,104,62.20,37.87,0,1096
1700000055.850000,1,300,107,62.72,101.82,1,1135
1700000055.900000,1,300,113,63.24,34.97,0,1135
1700000055.950000,1,300,125,63.77,37.49,0,1135
1700000056.000000,1,300,129,64.29,127.11,1,1158
1700000056.050000,1,300,135,64.79,36.75,0,1158
1700000056.100000,1,300,140,65.26,36.43,0,1158
1700000056.150000,1,300,147,65.68,105.10,1,1200
1700000056.200000,1,300,137,66.09,36.18,0,1200
1700000056.250000,1,300,147,66.49,32.10,0,1200
1700000056.300000,1,300,151,66.92,96.38,1,1272
1700000056.350000,1,300,160,67.40,36.21,0,1272
1700000056.400000,1,300,157,67.96,35.79,0,1272
1700000056.450000,1,300,156,68.59,96.15,1,1334
1700000056.500000,1,300,151,69.20,37.43,0,1334
1700000056.550000,1,300,155,69.68,38.12,0,1334
1700000056.600000,1,300,152,70.15,147.11,1,1401
1700000056.650000,1,300,158,70.63,37.10,0,1401
1700000056.700000,1,300,158,71.10,34.95,0,1401
1700000056.750000,1,300,156,71.57,151.93,1,1461
1700000056.800000,1,300,167,72.05,37.62,0,1461
1700000056.850000,1,300,173,72.57,35.67,0,1461
1700000056.900000,1,300,171,73.10,155.06,1,1497
1700000056.950000,1,300,169,73.63,36.58,0,1497
1700000057.000000,1,300,161,74.17,38.23,0,1497
1700000057.050000,1,300,166,74.72,130.39,1,1538
1700000057.100000,1,300,172,75.27,36.35,0,1538
1700000057.150000,1,300,177,75.84,37.56,0,1538
1700000057.200000,1,300,170,76.42,171.34,1,1599
1700000057.250000,1,300,167,76.99,36.79,0,1599
1700000057.300000,1,300,183,77.58,35.38,0,1599
1700000057.350000,1,300,185,78.18,135.25,1,1467
1700000057.400000,1,300,178,78.80,34.25,0,1467
1700000057.450000,1,300,184,79.43,32.98,0,1467
1700000057.500000,1,300,192,80.12,140.22,1,1487
1700000057.550000,1,300,189,80.90,38.86,0,1487
1700000057.600000,1,300,190,81.70,35.91,0,1487
1700000057.650000,1,300,190,82.50,115.16,1,1502
1700000057.700000,1,299,189,83.32,30.75,0,1502
1700000057.750000,1,300,174,84.12,36.67,0,1502
1700000057.800000,1,300,183,84.91,101.49,1,1505
1700000057.850000,1,300,190,85.69,36.88,0,1505
1700000057.900000,1,300,184,86.49,34.98,0,1505
1700000057.950000,1,300,171,87.29,98.75,1,1518
1700000058.000000,1,300,183,88.10,37.71,0,1518
1700000058.050000,1,300,183,88.91,35.73,0,1518
1700000058.100000,1,300,184,89.73,142.92,1,1553
1700000058.150000,1,300,178,90.55,38.18,0,1553
1700000058.200000,1,300,174,91.36,35.35,0,1553
1700000058.250000,1,300,182,92.18,122.16,1,1573
1700000058.300000,1,300,181,93.00,37.02,0,1573
1700000058.350000,1,300,178,93.81,36.22,0,1573
1700000058.400000,1,300,171,94.64,122.78,1,1606
1700000058.450000,1,300,182,95.45,38.33,0,1606
1700000058.500000,1,300,186,96.27,36.67,0,1606
1700000058.550000,1,300,189,97.08,102.84,1,1635
1700000058.600000,1,300,175,97.90,39.45,0,1635
1700000058.650000,1,300,161,98.70,37.35,0,1635
1700000058.700000,1,300,182,99.50,106.55,1,1670
1700000058.750000,1,300,171,100.29,39.15,0,1670
1700000058.800000,1,300,185,101.08,38.18,0,1670
1700000058.850000,1,300,189,101.85,152.88,1,1704
1700000058.900000,1,300,199,102.61,37.82,0,1704
1700000058.950000,1,300,201,103.37,39.24,0,1704
1700000059.000000,1,300,202,104.12,135.51,1,1734
1700000059.050000,1,300,201,104.88,36.48,0,1734
1700000059.100000,1,300,196,105.62,36.38,0,1734
1700000059.150000,1,300,194,106.36,138.73,1,1765
1700000059.200000,1,300,209,107.07,37.90,0,1765
1700000059.250000,1,300,217,107.78,35.65,0,1765
1700000059.300000,1,300,216,108.48,180.31,1,1775
1700000059.350000,1,300,213,109.18,38.20,0,1775
1700000059.400000,1,300,219,109.87,38.57,0,1775
1700000059.450000,1,300,214,110.56,187.60,1,1816
1700000059.500000,1,300,220,111.24,36.63,0,1816
1700000059.550000,1,300,216,111.89,36.96,0,1816
1700000059.600000,1,300,212,112.52,112.44,1,1832
1700000059.650000,1,300,222,113.13,36.19,0,1832
1700000059.700000,1,300,215,113.72,37.15,0,1832
1700000059.750000,1,300,211,114.30,116.55,1,1881
1700000059.800000,1,300,210,114.86,37.39,0,1881
1700000059.850000,1,300,211,115.40,37.57,0,1881
1700000059.900000,1,300,217,115.89,167.30,1,1913
1700000059.950000,1,300,229,116.37,38.58,0,1913
1700000060.000000,1,300,233,116.80,38.56,0,1913
1700000060.050000,1,300,230,117.21,119.02,1,1958
1700000060.100000,1,300,236,117.60,37.36,0,1958
1700000060.150000,1,300,230,117.96,33.22,0,1958
1700000060.200000,1,300,242,118.30,117.04,1,2009
1700000060.250000,1,300,232,118.61,37.57,0,2009
1700000060.300000,1,300,247,118.90,38.19,0,2009
1700000060.350000,1,300,251,119.16,211.19,1,2040
1700000060.400000,1,300,243,119.41,37.71,0,2040
1700000060.450000,1,300,245,119.65,36.89,0,2040
1700000060.500000,1,300,254,119.86,139.92,1,2087
1700000060.550000,1,300,243,120.05,37.89,0,2087
1700000060.600000,1,300,250,120.24,34.47,0,2087
1700000060.650000,1,300,246,120.43,168.14,1,2114
1700000060.700000,1,300,250,120.61,36.56,0,2114
1700000060.750000,1,300,254,120.81,38.51,0,2114
1700000060.800000,1,300,245,121.00,123.43,1,2145
1700000060.850000,1,300,243,121.24,36.29,0,2145
1700000060.900000,1,300,247,121.54,33.74,0,2145
1700000060.950000,1,300,256,121.98,169.03,1,2207
1700000061.000000,1,300,266,122.49,38.81,0,2207
1700000061.050000,1,300,262,123.04,31.14,0,2207
1700000061.100000,1,300,265,123.58,120.30,1,2275
1700000061.150000,1,300,258,124.14,33.63,0,2275
1700000061.200000,1,300,247,124.69,39.06,0,2275
1700000061.250000,1,300,234,125.25,193.14,1,2314
1700000061.300000,1,300,236,125.77,36.00,0,2314
1700000061.350000,1,300,224,126.28,36.65,0,2314
1700000061.400000,1,300,232,126.76,205.69,1,2367
1700000061.450000,1,300,230,127.21,37.95,0,2367
1700000061.500000,1,300,232,127.61,37.66,0,2367
1700000061.550000,1,300,217,127.92,121.59,1,2397
1700000061.600000,1,300,217,128.18,40.22,0,2397
1700000061.650000,1,300,216,128.37,39.00,0,2397
1700000061.700000,1,300,232,128.46,174.13,1,2434
1700000061.750000,1,300,226,128.49,38.50,0,2434
1700000061.800000,1,300,244,128.44,37.74,0,2434
1700000061.850000,1,300,227,128.35,122.58,1,2494
1700000061.900000,1,300,242,128.20,36.94,0,2494
1700000061.950000,1,300,250,127.96,38.21,0,2494
1700000062.000000,1,300,232,127.70,178.59,1,2543
1700000062.050000,1,300,241,127.39,41.93,0,2543
1700000062.100000,1,300,238,127.03,37.99,0,2543
1700000062.150000,1,283,237,126.63,168.15,1,2603
1700000062.200000,1,300,248,126.18,38.64,0,2603
1700000062.250000,1,283,237,125.68,33.96,0,2603
1700000062.300000,1,300,246,125.15,125.35,1,2679
1700000062.350000,1,300,244,124.59,38.44,0,2679
1700000062.400000,1,300,256,124.00,37.43,0,2679
1700000062.450000,1,300,243,123.37,182.60,1,2740
1700000062.500000,1,300,245,122.71,38.27,0,2740
1700000062.550000,1,300,244,122.02,39.01,0,2740
1700000062.600000,1,300,246,121.30,151.21,1,2767
1700000062.650000,1,300,249,120.54,37.73,0,2767
1700000062.700000,1,300,243,119.71,36.38,0,2767
1700000062.750000,1,300,26,116.58,145.88,1,2691
1700000062.800000,1,166,9,92.26,159.86,1,2627
1700000062.850000,1,300,0,78.22,34.93,0,2627
1700000062.900000,1,150,1,69.84,35.69,0,2627
1700000062.950000,1,300,69,65.66,134.13,1,2696
1700000063.000000,1,300,89,62.95,37.22,0,2696
1700000063.050000,1,300,0,60.40,37.12,0,2696
1700000063.100000,1,300,0,57.67,189.86,1,2616
1700000063.150000,1,126,112,111.56,183.72,1,2661
1700000063.200000,1,300,230,110.58,39.83,0,2661
1700000063.250000,1,300,248,109.59,37.63,0,2661
1700000063.300000,1,300,230,108.60,142.29,1,2825
1700000063.350000,1,300,241,107.62,36.58,0,2825
1700000063.400000,1,300,253,106.65,37.35,0,2825
1700000063.450000,1,300,254,105.69,143.47,1,2837
1700000063.500000,1,300,257,104.70,38.93,0,2837
1700000063.550000,1,300,255,103.71,36.16,0,2837
1700000063.600000,1,300,255,102.70,163.69,1,2851
1700000063.650000,1,300,267,101.68,38.73,0,2851
1700000063.700000,1,300,259,100.69,36.38,0,2851
1700000063.750000,1,300,263,99.72,188.91,1,2859
1700000063.800000,1,300,277,98.79,34.81,0,2859
1700000063.850000,1,300,268,97.87,35.53,0,2859
1700000063.900000,1,300,274,96.96,181.55,1,2858
1700000063.950000,1,300,268,96.08,35.10,0,2858
1700000064.000000,1,300,256,95.22,37.67,0,2858
1700000064.050000,1,300,258,94.38,138.90,1,2840
1700000064.100000,1,300,257,93.56,33.05,0,2840
1700000064.150000,1,300,257,92.73,36.66,0,2840
1700000064.200000,1,300,0,20.10,111.28,1,2749
1700000064.250000,1,300,0,36.75,29.67,0,2749
1700000064.300000,1,300,0,40.63,37.01,0,2749
1700000064.350000,1,300,1,41.64,188.29,1,2648
1700000064.400000,1,300,0,75.41,27.15,0,2648
1700000064.450000,1,300,0,178.78,28.57,0,2648
1700000064.500000,1,300,0,178.68,172.10,1,2552
1700000064.550000,1,300,1,178.37,33.08,0,2552
1700000064.600000,1,300,6,177.83,28.92,0,2552
1700000064.650000,1,300,18,176.99,141.54,1,2591
1700000064.700000,1,300,28,176.13,31.97,0,2591
1700000064.750000,1,300,63,175.31,32.90,0,2591
1700000064.800000,1,300,3,174.32,192.60,1,2520
1700000064.850000,1,168,2,170.88,131.79,1,2450
1700000064.900000,1,84,10,163.40,142.26,1,2353
1700000064.950000,1,300,11,156.93,28.44,0,2353
1700000065.000000,1,300,28,151.36,35.35,0,2353
1700000065.050000,1,300,26,146.42,158.91,1,2375
1700000065.100000,1,300,46,141.97,30.67,0,2375
1700000065.150000,1,300,56,137.84,33.90,0,2375
1700000065.200000,1,300,103,134.04,173.99,1,2349
1700000065.250000,1,300,141,130.56,34.20,0,2349
1700000065.300000,1,300,153,127.73,33.20,0,2349
1700000065.350000,1,300,154,125.55,168.05,1,2349
1700000065.400000,1,300,160,123.42,36.82,0,2349
1700000065.450000,1,300,176,121.28,35.58,0,2349
1700000065.500000,1,300,81,119.11,145.51,1,2304
1700000065.550000,1,300,58,117.04,35.65,0,2304
1700000065.600000,1,300,34,115.67,29.66,0,2304
1700000065.650000,1,300,5,113.72,142.48,1,2198
1700000065.700000,1,300,1,117.27,37.15,0,2198
1700000065.750000,1,300,0,123.06,33.28,0,2198
1700000065.800000,1,300,0,133.39,131.63,1,2085
1700000065.850000,1,300,0,149.57,36.22,0,2085
1700000065.900000,1,300,0,159.01,33.00,0,2085
1700000065.950000,1,300,119,160.60,123.51,1,2090
1700000066.000000,1,189,2,161.48,33.72,0,2090
1700000066.050000,1,155,3,161.90,108.82,1,1980
1700000066.100000,1,300,7,161.57,26.49,0,1980
1700000066.150000,1,300,7,161.03,33.55,0,1980
1700000066.200000,1,300,9,160.42,114.09,1,1883
1700000066.250000,1,300,26,159.72,31.28,0,1883
1700000066.300000,1,300,78,158.96,31.88,0,1883
1700000066.350000,1,300,113,157.76,106.80,1,1866
1700000066.400000,1,281,100,155.27,32.18,0,1866
1700000066.450000,1,258,85,150.83,30.30,0,1866
1700000066.500000,1,300,94,146.47,142.85,1,1794
1700000066.550000,1,300,102,142.47,32.50,0,1794
1700000066.600000,1,300,104,138.78,27.03,0,1794
1700000066.650000,1,300,99,135.33,126.32,1,1691
1700000066.700000,1,300,98,132.05,32.41,0,1691
1700000066.750000,1,300,101,128.91,33.90,0,1691
1700000066.800000,1,300,105,125.94,112.46,1,1684
1700000066.850000,1,300,99,123.12,32.37,0,1684
1700000066.900000,1,300,100,120.43,35.79,0,1684
1700000066.950000,1,300,102,117.82,157.08,1,1695
1700000067.000000,1,300,93,115.30,31.16,0,1695
1700000067.050000,1,300,102,112.83,30.85,0,1695
1700000067.100000,1,300,108,110.48,115.66,1,1749
1700000067.150000,1,300,105,108.40,32.96,0,1749
1700000067.200000,1,300,105,106.45,31.24,0,1749
1700000067.250000,1,300,111,104.56,109.86,1,1729
1700000067.300000,1,300,98,102.73,31.32,0,1729
1700000067.350000,1,300,128,100.91,33.67,0,1729
1700000067.400000,1,300,125,99.12,113.35,1,1719
1700000067.450000,1,300,119,97.38,32.64,0,1719
1700000067.500000,1,300,132,95.67,31.61,0,1719
1700000067.550000,1,300,128,94.02,147.04,1,1607
1700000067.600000,1,300,129,92.43,30.75,0,1607
1700000067.650000,1,300,127,90.89,34.53,0,1607
1700000067.700000,1,300,145,89.43,75.92,1,1550
1700000067.750000,1,300,152,88.01,33.93,0,1550
1700000067.800000,1,300,145,86.65,28.49,0,1550
1700000067.850000,1,300,158,85.30,102.16,1,1492
1700000067.900000,1,300,131,83.97,30.87,0,1492
1700000067.950000,1,300,133,82.67,33.86,0,1492
1700000068.000000,1,300,154,81.43,99.25,1,1439
1700000068.050000,1,300,154,80.21,30.56,0,1439
1700000068.100000,1,300,141,79.06,30.92,0,1439
1700000068.150000,1,300,148,77.98,106.45,1,1398
1700000068.200000,1,300,144,76.96,32.69,0,1398
1700000068.250000,1,300,157,75.99,31.17,0,1398
1700000068.300000,1,300,151,75.07,122.08,1,1391
1700000068.350000,1,300,153,74.20,36.80,0,1391
1700000068.400000,1,300,161,73.36,33.43,0,1391
1700000068.450000,1,300,156,72.56,106.02,1,1462
1700000068.500000,1,300,152,71.81,30.83,0,1462
1700000068.550000,1,300,158,71.12,32.78,0,1462
1700000068.600000,1,300,143,70.47,103.81,1,1509
1700000068.650000,1,300,152,69.86,34.84,0,1509
1700000068.700000,1,300,164,69.29,31.50,0,1509
1700000068.750000,1,300,157,68.75,105.71,1,1446
1700000068.800000,1,300,153,68.26,35.48,0,1446
1700000068.850000,1,300,152,67.80,42.67,0,1446
1700000068.900000,1,300,164,67.37,106.68,1,1463
1700000068.950000,1,300,155,66.98,31.37,0,1463
1700000069.000000,1,300,156,66.61,30.52,0,1463
1700000069.050000,1,300,148,66.27,105.75,1,1462
1700000069.100000,1,300,145,65.95,32.79,0,1462
1700000069.150000,1,300,157,65.65,35.16,0,1462
1700000069.200000,1,300,162,65.38,105.56,1,1516
1700000069.250000,1,300,154,65.12,34.86,0,1516
1700000069.300000,1,300,143,64.88,32.01,0,1516
1700000069.350000,1,300,150,64.67,107.03,1,1514
1700000069.400000,1,300,148,64.45,29.42,0,1514
1700000069.450000,1,300,152,64.26,32.05,0,1514
1700000069.500000,1,300,144,64.07,97.44,1,1360
1700000069.550000,1,300,148,63.91,33.29,0,1360
1700000069.600000,1,300,143,63.74,30.70,0,1360
1700000069.650000,1,300,148,63.59,104.33,1,1409
1700000069.700000,1,300,145,63.45,33.01,0,1409
1700000069.750000,1,300,142,63.33,31.61,0,1409
1700000069.800000,1,300,134,63.19,100.97,1,1367
1700000069.850000,1,300,144,63.07,30.37,0,1367
1700000069.900000,1,300,143,62.97,27.93,0,1367
1700000069.950000,1,300,135,62.87,110.01,1,1376
1700000070.000000,1,300,139,62.78,30.70,0,1376
1700000070.050000,1,300,141,62.69,30.20,0,1376
1700000070.100000,1,300,133,62.62,120.65,1,1459
1700000070.150000,1,300,145,62.54,34.28,0,1459
1700000070.200000,1,300,140,62.48,29.44,0,1459
1700000070.250000,1,300,140,62.42,122.82,1,1414
1700000070.300000,1,300,136,62.35,31.15,0,1414
1700000070.350000,1,300,140,62.30,32.11,0,1414
1700000070.400000,1,300,142,62.24,107.42,1,1394
1700000070.450000,1,300,138,62.19,32.32,0,1394
1700000070.500000,1,300,134,62.15,30.91,0,1394
1700000070.550000,1,300,148,62.11,108.67,1,1376
1700000070.600000,1,300,135,62.06,31.50,0,1376
1700000070.650000,1,300,148,62.03,34.15,0,1376
1700000070.700000,1,300,141,61.98,107.02,1,1356
1700000070.750000,1,300,138,61.95,36.63,0,1356
1700000070.800000,1,300,140,61.93,31.39,0,1356
1700000070.850000,1,300,149,61.89,105.96,1,1355
1700000070.900000,1,300,141,61.86,32.30,0,1355
1700000070.950000,1,300,140,61.84,34.20,0,1355
1700000071.000000,1,300,140,61.80,107.23,1,1321
1700000071.050000,1,300,141,61.78,34.83,0,1321
1700000071.100000,1,300,138,61.76,31.59,0,1321
1700000071.150000,1,300,148,61.75,104.37,1,1301
1700000071.200000,1,300,133,61.74,32.17,0,1301
1700000071.250000,1,300,146,61.73,31.60,0,1301
1700000071.300000,1,300,150,61.72,126.46,1,1319
1700000071.350000,1,300,140,61.73,30.90,0,1319
1700000071.400000,1,300,136,61.74,31.96,0,1319
1700000071.450000,1,300,140,61.75,114.71,1,1296
1700000071.500000,1,300,139,61.78,29.00,0,1296
1700000071.550000,1,300,138,61.80,33.43,0,1296
1700000071.600000,1,300,137,61.83,120.69,1,1282
1700000071.650000,1,300,138,61.86,30.94,0,1282
1700000071.700000,1,300,137,61.90,33.51,0,1282
1700000071.750000,1,300,138,61.94,116.12,1,1270
1700000071.800000,1,300,138,61.99,32.34,0,1270
1700000071.850000,1,300,132,62.05,32.03,0,1270
1700000071.900000,1,300,134,62.12,132.80,1,1248
1700000071.950000,1,300,131,62.21,31.37,0,1248
1700000072.000000,1,300,132,62.31,32.45,0,1248
1700000072.050000,1,300,132,62.42,133.72,1,1236
1700000072.100000,1,300,130,62.54,30.37,0,1236
1700000072.150000,1,300,138,62.67,33.07,0,1236
1700000072.200000,1,300,145,62.82,120.41,1,1224
1700000072.250000,1,300,145,62.97,30.83,0,1224
1700000072.300000,1,300,148,63.15,30.90,0,1224
1700000072.350000,1,300,142,63.33,104.63,1,1216
1700000072.400000,1,300,150,63.53,29.26,0,1216
1700000072.450000,1,300,140,63.75,28.73,0,1216
1700000072.500000,1,300,139,63.99,114.42,1,1213
1700000072.550000,1,300,139,64.26,28.28,0,1213
1700000072.600000,1,300,152,64.55,29.71,0,1213
1700000072.650000,1,300,155,64.86,120.62,1,1208
1700000072.700000,1,300,166,65.18,28.96,0,1208
1700000072.750000,1,300,154,65.52,31.05,0,1208
1700000072.800000,1,300,154,65.88,128.00,1,1207
1700000072.850000,1,300,154,66.26,30.75,0,1207
1700000072.900000,1,300,144,66.67,28.48,0,1207
1700000072.950000,1,300,142,67.12,110.54,1,1196
1700000073.000000,1,300,150,67.60,33.27,0,1196
1700000073.050000,1,300,131,68.09,30.34,0,1196
1700000073.100000,1,300,139,68.57,113.53,1,1182
1700000073.150000,1,300,141,69.06,31.17,0,1182
1700000073.200000,1,300,136,69.58,31.30,0,1182
1700000073.250000,1,300,135,70.13,140.61,1,1189
1700000073.300000,1,300,131,70.70,32.01,0,1189
1700000073.350000,1,300,127,71.31,30.95,0,1189
1700000073.400000,1,300,119,71.93,154.63,1,1162
1700000073.450000,1,300,123,72.57,32.87,0,1162
1700000073.500000,1,300,119,73.24,32.26,0,1162
1700000073.550000,1,300,120,73.94,108.78,1,1175
1700000073.600000,1,300,111,74.68,32.23,0,1175
1700000073.650000,1,300,127,75.39,28.74,0,1175
1700000073.700000,1,300,107,76.16,130.97,1,1170
1700000073.750000,1,300,120,76.96,32.41,0,1170
1700000073.800000,1,300,120,77.78,32.20,0,1170
1700000073.850000,1,300,114,78.64,144.76,1,1199
1700000073.900000,1,300,128,79.55,31.44,0,1199
1700000073.950000,1,300,126,80.49,30.77,0,1199
1700000074.000000,1,300,124,81.47,133.77,1,1214
1700000074.050000,1,300,130,82.50,31.51,0,1214
1700000074.100000,1,300,116,83.57,32.33,0,1214
1700000074.150000,1,300,107,84.67,161.65,1,1216
1700000074.200000,1,300,114,85.80,32.11,0,1216
1700000074.250000,1,300,122,86.96,33.85,0,1216
1700000074.300000,1,300,120,88.28,142.86,1,1237
1700000074.350000,1,300,132,89.66,31.26,0,1237
1700000074.400000,1,300,123,91.09,32.26,0,1237
1700000074.450000,1,300,116,92.56,147.07,1,1272
1700000074.500000,1,300,114,94.09,31.39,0,1272
1700000074.550000,1,300,116,95.67,30.74,0,1272
1700000074.600000,1,300,115,97.28,151.84,1,1297
1700000074.650000,1,300,116,98.93,34.59,0,1297
1700000074.700000,1,300,117,100.69,32.59,0,1297
1700000074.750000,1,300,115,102.52,170.13,1,1316
1700000074.800000,1,300,121,104.43,33.94,0,1316
1700000074.850000,1,300,101,106.34,32.54,0,1316
1700000074.900000,1,300,108,108.11,153.95,1,1324
1700000074.950000,1,300,106,109.59,33.33,0,1324
1700000075.000000,1,300,103,110.59,31.71,0,1324
1700000075.050000,1,300,93,111.02,153.02,1,1300
1700000075.100000,1,300,96,110.66,33.51,0,1300
1700000075.150000,1,300,78,109.46,34.91,0,1300
1700000075.200000,1,300,57,107.72,115.62,1,1280
1700000075.250000,1,300,46,105.70,34.55,0,1280
1700000075.300000,1,300,34,103.41,35.42,0,1280
1700000075.350000,1,300,38,100.83,156.02,1,1274
1700000075.400000,1,300,40,97.97,35.90,0,1274
1700000075.450000,1,300,38,94.93,35.11,0,1274
1700000075.500000,1,300,35,91.66,133.94,1,1255
1700000075.550000,1,300,25,88.18,36.18,0,1255
1700000075.600000,1,300,27,84.50,35.23,0,1255
1700000075.650000,1,300,15,80.60,119.84,1,1248
1700000075.700000,1,300,9,76.94,35.83,0,1248
1700000075.750000,1,300,16,75.03,33.96,0,1248
1700000075.800000,1,300,44,74.90,126.80,1,1245
1700000075.850000,1,300,106,75.28,34.02,0,1245
1700000075.900000,1,300,198,75.62,29.68,0,1245
1700000075.950000,1,300,194,75.92,137.70,1,1398
1700000076.000000,1,300,200,76.13,32.32,0,1398
1700000076.050000,1,300,205,76.26,34.58,0,1398
1700000076.100000,1,300,201,76.45,120.94,1,1480
1700000076.150000,1,300,206,76.81,33.66,0,1480
1700000076.200000,1,300,210,77.15,31.41,0,1480
1700000076.250000,1,300,214,77.49,131.19,1,1540
1700000076.300000,1,300,200,77.81,30.53,0,1540
1700000076.350000,1,300,217,78.14,32.52,0,1540
1700000076.400000,1,300,224,78.48,103.38,1,1591
1700000076.450000,1,300,224,78.79,30.94,0,1591
1700000076.500000,1,300,226,79.09,29.36,0,1591
1700000076.550000,1,300,223,79.42,87.55,1,1642
1700000076.600000,1,300,230,79.85,31.72,0,1642
1700000076.650000,1,300,226,80.40,34.46,0,1642
1700000076.700000,1,300,232,80.99,129.31,1,1670
1700000076.750000,1,300,225,81.60,30.73,0,1670
1700000076.800000,1,300,228,82.24,33.29,0,1670
1700000076.850000,1,300,230,82.88,131.39,1,1683
1700000076.900000,1,300,225,83.51,33.74,0,1683
1700000076.950000,1,300,236,84.12,30.84,0,1683
1700000077.000000,1,300,234,84.73,128.31,1,1711
1700000077.050000,1,300,238,85.32,34.44,0,1711
1700000077.100000,1,300,240,85.92,32.74,0,1711
1700000077.150000,1,300,234,86.51,147.37,1,1754
1700000077.200000,1,300,226,87.10,33.37,0,1754
1700000077.250000,1,300,231,87.65,31.34,0,1754
1700000077.300000,1,300,226,88.23,135.81,1,1763
1700000077.350000,1,300,231,88.80,33.33,0,1763
1700000077.400000,1,300,229,89.36,31.04,0,1763
1700000077.450000,1,300,230,89.92,140.25,1,1793
1700000077.500000,1,300,226,90.47,35.52,0,1793
1700000077.550000,1,300,228,91.03,33.84,0,1793
1700000077.600000,1,300,224,91.61,112.47,1,1819
1700000077.650000,1,300,229,92.19,27.29,0,1819
1700000077.700000,1,300,224,92.76,27.42,0,1819
1700000077.750000,1,300,229,93.34,145.08,1,1839
1700000077.800000,1,300,223,93.93,32.95,0,1839
1700000077.850000,1,300,213,94.51,30.32,0,1839
1700000077.900000,1,300,221,95.06,163.10,1,1854
1700000077.950000,1,300,210,95.60,33.28,0,1854
1700000078.000000,1,300,219,96.21,33.60,0,1854
1700000078.050000,1,300,221,96.82,149.25,1,1878
1700000078.100000,1,300,213,97.40,33.56,0,1878
1700000078.150000,1,300,203,97.94,32.30,0,1878
1700000078.200000,1,300,205,98.43,121.71,1,1881
1700000078.250000,1,236,173,98.92,28.04,0,1881
1700000078.300000,1,300,204,99.34,27.94,0,1881
1700000078.350000,1,300,197,99.62,155.36,1,1893
1700000078.400000,1,300,181,99.73,29.78,0,1893
1700000078.450000,1,300,172,99.73,30.07,0,1893
1700000078.500000,1,300,175,99.62,155.93,1,1880
1700000078.550000,1,300,157,99.41,30.73,0,1880
1700000078.600000,1,300,151,99.06,30.34,0,1880
1700000078.650000,1,300,142,98.56,153.34,1,1864
1700000078.700000,1,300,130,97.93,31.12,0,1864
1700000078.750000,1,231,113,97.18,29.20,0,1864
1700000078.800000,1,208,93,96.29,162.91,1,1851
1700000078.850000,1,300,96,95.26,29.49,0,1851
1700000078.900000,1,216,90,94.09,30.80,0,1851
1700000078.950000,1,197,67,92.81,146.46,1,1803
1700000079.000000,1,300,85,92.25,32.50,0,1803
1700000079.050000,1,300,127,92.72,31.56,0,1803
1700000079.100000,1,300,204,93.13,154.05,1,1871
1700000079.150000,1,300,227,93.54,32.47,0,1871
1700000079.200000,1,300,238,93.96,31.95,0,1871
1700000079.250000,1,300,229,94.38,164.82,1,1926
1700000079.300000,1,300,219,94.79,30.89,0,1926
1700000079.350000,1,300,229,95.20,29.61,0,1926
1700000079.400000,1,300,216,95.60,165.58,1,1958
1700000079.450000,1,300,223,96.00,34.30,0,1958
1700000079.500000,1,300,214,96.38,33.66,0,1958
1700000079.550000,1,300,214,96.76,114.74,1,1994
1700000079.600000,1,300,218,97.13,33.38,0,1994
1700000079.650000,1,300,217,97.49,32.66,0,1994
1700000079.700000,1,300,221,97.85,116.13,1,2038
1700000079.750000,1,300,221,98.20,31.88,0,2038
1700000079.800000,1,300,207,98.55,32.03,0,2038
1700000079.850000,1,300,200,98.88,175.90,1,2085
1700000079.900000,1,300,210,99.20,33.55,0,2085
1700000079.950000,1,300,203,99.51,33.52,0,2085
1700000080.000000,1,300,200,99.81,169.61,1,2086
1700000080.050000,1,300,207,100.20,34.78,0,2086
1700000080.100000,1,300,196,100.78,34.94,0,2086
1700000080.150000,1,300,196,101.58,158.14,1,2079
1700000080.200000,1,300,205,102.59,32.31,0,2079
1700000080.250000,1,300,200,103.79,33.66,0,2079
1700000080.300000,1,300,206,105.18,161.22,1,2071
1700000080.350000,1,300,208,106.78,33.21,0,2071
1700000080.400000,1,300,223,108.61,30.77,0,2071
1700000080.450000,1,300,220,110.70,126.33,1,2136
1700000080.500000,1,300,212,112.97,30.15,0,2136
1700000080.550000,1,300,227,115.36,29.32,0,2136
1700000080.600000,1,300,230,118.00,158.06,1,2210
1700000080.650000,1,300,219,120.99,31.20,0,2210
1700000080.700000,1,209,153,124.62,29.40,0,2210
1700000080.750000,1,300,224,128.86,121.15,1,2300
1700000080.800000,1,300,210,133.08,34.06,0,2300
1700000080.850000,1,173,150,136.93,128.18,1,2303
1700000080.900000,1,155,112,140.46,25.12,0,2303
1700000080.950000,1,300,227,142.33,26.92,0,2303
1700000081.000000,1,193,149,144.41,140.10,1,2411
1700000081.050000,1,200,123,148.33,27.05,0,2411
1700000081.100000,1,300,165,153.37,30.85,0,2411
1700000081.150000,1,300,197,157.61,157.49,1,2512
1700000081.200000,1,300,74,164.03,33.79,0,2512
1700000081.250000,1,300,81,171.72,35.62,0,2512
1700000081.300000,1,207,106,178.59,211.87,1,2508
1700000081.350000,1,197,102,183.77,27.00,0,2508
1700000081.400000,1,202,91,187.02,26.49,0,2508
1700000081.450000,1,250,127,188.66,131.11,1,2521
1700000081.500000,1,300,163,189.21,33.03,0,2521
1700000081.550000,1,300,135,187.75,32.96,0,2521
1700000081.600000,1,300,117,185.82,149.28,1,2557
1700000081.650000,1,300,95,183.46,31.08,0,2557
1700000081.700000,1,300,79,177.87,31.98,0,2557
1700000081.750000,1,300,83,174.78,160.50,1,2552
1700000081.800000,1,300,71,176.26,28.07,0,2552
1700000081.850000,1,300,68,169.77,28.75,0,2552
1700000081.900000,1,300,103,167.22,112.72,1,2596
1700000081.950000,1,300,37,159.37,31.44,0,2596
1700000082.000000,1,300,38,150.79,30.32,0,2596
1700000082.050000,1,300,38,142.06,123.09,1,2553
1700000082.100000,1,300,34,133.05,32.64,0,2553
1700000082.150000,1,300,44,124.07,33.57,0,2553
1700000082.200000,1,300,42,114.39,147.97,1,2513
1700000082.250000,1,300,44,105.04,33.36,0,2513
1700000082.300000,1,300,60,96.83,33.28,0,2513
1700000082.350000,1,300,64,90.89,155.72,1,2497
1700000082.400000,1,300,93,86.62,35.27,0,2497
1700000082.450000,1,300,158,84.05,34.01,0,2497
1700000082.500000,1,272,158,83.05,154.13,1,2564
1700000082.550000,1,300,166,84.71,28.72,0,2564
1700000082.600000,1,240,138,86.99,28.73,0,2564
1700000082.650000,1,300,165,86.76,98.92,1,2622
1700000082.700000,1,300,167,85.56,34.04,0,2622
1700000082.750000,1,300,173,84.51,32.44,0,2622
1700000082.800000,1,300,171,83.57,156.58,1,2674
1700000082.850000,1,300,176,82.86,31.78,0,2674
1700000082.900000,1,300,165,82.53,32.42,0,2674
1700000082.950000,1,300,166,82.23,135.63,1,2724
1700000083.000000,1,300,182,82.20,34.19,0,2724
1700000083.050000,1,300,177,82.12,33.80,0,2724
1700000083.100000,1,300,179,82.17,128.26,1,2809
1700000083.150000,1,300,178,82.14,32.52,0,2809
1700000083.200000,1,300,172,82.25,31.86,0,2809
1700000083.250000,1,300,164,82.49,114.52,1,2874
1700000083.300000,1,300,159,82.86,31.09,0,2874
1700000083.350000,1,300,147,83.30,34.19,0,2874
1700000083.400000,1,300,154,83.81,99.74,1,2885
1700000083.450000,1,300,144,84.19,34.30,0,2885
1700000083.500000,1,300,162,84.57,32.65,0,2885
1700000083.550000,1,300,167,84.92,103.24,1,2954
1700000083.600000,1,300,148,85.24,31.20,0,2954
1700000083.650000,1,300,146,85.59,32.91,0,2954
1700000083.700000,1,300,163,85.93,138.34,1,3003
1700000083.750000,1,300,146,86.27,33.30,0,3003
1700000083.800000,1,300,156,86.58,29.85,0,3003
1700000083.850000,1,300,158,86.96,100.88,1,3043
1700000083.900000,1,300,172,87.34,31.64,0,3043
1700000083.950000,1,300,169,87.66,31.89,0,3043
1700000084.000000,1,300,169,88.01,137.58,1,3087
1700000084.050000,1,300,165,88.34,33.19,0,3087
1700000084.100000,1,300,169,88.64,29.54,0,3087
1700000084.150000,1,300,170,88.93,123.56,1,3100
1700000084.200000,1,300,165,89.20,32.29,0,3100
1700000084.250000,1,300,174,89.48,31.30,0,3100
1700000084.300000,1,300,165,89.71,140.62,1,3105
1700000084.350000,1,300,172,89.92,32.41,0,3105
1700000084.400000,1,300,169,90.09,29.00,0,3105
1700000084.450000,1,300,161,90.26,145.64,1,3107
1700000084.500000,1,300,165,90.39,28.78,0,3107
1700000084.550000,1,300,167,90.47,28.11,0,3107
1700000084.600000,1,300,170,90.54,142.07,1,3099
1700000084.650000,1,300,168,90.62,31.63,0,3099
1700000084.700000,1,300,162,90.71,32.40,0,3099
1700000084.750000,1,300,162,90.76,123.66,1,3052
1700000084.800000,1,300,167,90.80,32.21,0,3052
1700000084.850000,1,300,165,90.78,27.46,0,3052
1700000084.900000,1,263,141,90.72,133.70,1,2969
1700000084.950000,1,233,126,90.57,27.29,0,2969
1700000085.000000,1,300,167,90.31,30.19,0,2969
1700000085.050000,1,300,150,89.98,140.28,1,2787
1700000085.100000,1,245,131,89.55,29.76,0,2787
1700000085.150000,1,300,157,89.01,29.77,0,2787
1700000085.200000,1,239,125,88.36,135.09,1,2748
1700000085.250000,1,300,158,87.57,28.92,0,2748
1700000085.300000,1,300,135,86.62,31.54,0,2748
1700000085.350000,1,300,148,85.52,117.81,1,2693
1700000085.400000,1,300,151,84.25,34.68,0,2693
1700000085.450000,1,300,138,82.84,30.24,0,2693
1700000085.500000,1,300,119,81.27,127.99,1,2738
1700000085.550000,1,300,128,79.67,32.92,0,2738
1700000085.600000,1,300,126,78.30,30.50,0,2738
1700000085.650000,1,300,123,77.30,172.05,1,2750
1700000085.700000,1,300,111,76.63,34.21,0,2750
1700000085.750000,1,300,118,75.97,33.04,0,2750
1700000085.800000,1,300,118,75.37,140.13,1,2747
1700000085.850000,1,300,113,74.83,33.65,0,2747
1700000085.900000,1,300,109,74.36,31.82,0,2747
1700000085.950000,1,300,121,73.98,164.75,1,2759
1700000086.000000,1,300,111,73.75,27.53,0,2759
1700000086.050000,1,300,109,73.61,30.29,0,2759
1700000086.100000,1,300,121,73.46,156.74,1,2746
1700000086.150000,1,300,117,73.38,31.46,0,2746
1700000086.200000,1,300,117,73.36,32.52,0,2746
1700000086.250000,1,300,109,73.44,141.77,1,2793
1700000086.300000,1,300,113,73.61,31.07,0,2793
1700000086.350000,1,300,120,73.84,27.44,0,2793
1700000086.400000,1,300,119,74.44,152.59,1,2858
1700000086.450000,1,300,125,75.21,30.19,0,2858
1700000086.500000,1,300,138,76.02,27.93,0,2858
1700000086.550000,1,300,129,76.87,132.37,1,2879
1700000086.600000,1,300,122,77.76,29.77,0,2879
1700000086.650000,1,300,124,78.68,31.14,0,2879
1700000086.700000,1,300,134,79.60,155.02,1,2835
1700000086.750000,1,300,137,80.50,29.50,0,2835
1700000086.800000,1,300,142,81.43,29.70,0,2835
1700000086.850000,1,300,139,82.37,112.01,1,2785
1700000086.900000,1,300,130,83.33,29.77,0,2785
1700000086.950000,1,300,131,84.33,31.75,0,2785
1700000087.000000,1,300,127,85.33,145.98,1,2770
1700000087.050000,1,300,127,86.37,34.10,0,2770
1700000087.100000,1,300,105,87.43,31.15,0,2770
1700000087.150000,1,300,99,88.51,145.58,1,2757
1700000087.200000,1,300,97,89.60,31.78,0,2757
1700000087.250000,1,300,95,90.71,28.94,0,2757
1700000087.300000,1,300,91,91.84,142.90,1,2736
1700000087.350000,1,300,87,93.01,28.28,0,2736
1700000087.400000,1,300,78,94.20,30.23,0,2736
1700000087.450000,1,300,69,95.44,137.16,1,2692
1700000087.500000,1,300,71,96.70,31.06,0,2692
1700000087.550000,1,300,62,98.02,31.47,0,2692
1700000087.600000,1,300,61,99.38,148.47,1,2633
1700000087.650000,1,300,53,100.80,29.61,0,2633
1700000087.700000,1,300,58,102.28,32.94,0,2633
1700000087.750000,1,300,49,103.84,143.40,1,2550
1700000087.800000,1,300,45,105.46,32.49,0,2550
1700000087.850000,1,300,51,107.14,30.24,0,2550
1700000087.900000,1,300,39,108.89,141.24,1,2467
1700000087.950000,1,300,50,110.70,31.80,0,2467
1700000088.000000,1,300,51,112.58,32.74,0,2467
1700000088.050000,1,300,43,114.57,117.54,1,2396
1700000088.100000,1,300,35,116.69,29.77,0,2396
1700000088.150000,1,300,30,118.97,34.08,0,2396
1700000088.200000,1,300,27,121.41,146.25,1,2309
1700000088.250000,1,300,20,124.09,33.14,0,2309
1700000088.300000,1,300,14,127.02,31.16,0,2309
1700000088.350000,1,300,9,130.26,117.12,1,2227
1700000088.400000,1,300,9,133.83,37.57,0,2227
1700000088.450000,1,300,14,137.80,34.59,0,2227
1700000088.500000,1,300,74,142.19,131.41,1,2200
1700000088.550000,1,300,9,146.19,35.06,0,2200
1700000088.600000,1,300,1,148.48,30.72,0,2200
1700000088.650000,1,300,3,148.68,94.61,1,2101
1700000088.700000,1,300,2,147.05,31.02,0,2101
1700000088.750000,1,300,1,144.79,32.65,0,2101
1700000088.800000,1,300,3,142.26,152.95,1,2056
1700000088.850000,1,279,3,139.46,30.96,0,2056
1700000088.900000,1,300,2,136.35,32.08,0,2056
1700000088.950000,1,300,2,132.92,125.79,1,1964
1700000089.000000,1,300,5,129.13,31.72,0,1964
1700000089.050000,1,285,1,124.91,32.88,0,1964
1700000089.100000,1,300,3,120.18,123.42,1,1900
1700000089.150000,1,180,2,114.84,32.76,0,1900
1700000089.200000,1,123,0,108.76,108.90,1,1812
1700000089.250000,1,112,0,101.86,23.95,0,1812
1700000089.300000,1,171,3,94.07,27.66,0,1812
1700000089.350000,1,107,11,85.63,94.25,1,1825
1700000089.400000,1,91,78,80.93,23.85,0,1825
1700000089.450000,1,300,265,80.96,23.76,0,1825
1700000089.500000,1,300,268,81.26,147.39,1,2004
1700000089.550000,1,300,272,81.57,27.99,0,2004
1700000089.600000,1,294,263,81.90,27.87,0,2004
1700000089.650000,1,294,272,82.27,164.45,1,1981
1700000089.700000,1,293,271,82.64,28.06,0,1981
1700000089.750000,1,300,272,83.01,24.41,0,1981
1700000089.800000,1,300,276,83.37,105.15,1,1929
1700000089.850000,1,300,272,83.77,27.02,0,1929
1700000089.900000,1,300,273,84.18,26.31,0,1929
1700000089.950000,1,300,274,84.61,105.60,1,1883
1700000090.000000,1,298,277,85.05,28.44,0,1883
1700000090.050000,1,300,280,85.48,26.86,0,1883
1700000090.100000,1,300,275,85.92,107.54,1,1870
1700000090.150000,1,294,264,86.35,28.80,0,1870
1700000090.200000,1,279,253,86.76,25.97,0,1870
1700000090.250000,1,277,251,87.17,105.30,1,1823
1700000090.300000,1,286,260,87.55,27.06,0,1823
1700000090.350000,1,285,260,87.93,24.94,0,1823
1700000090.400000,1,281,256,88.31,107.11,1,1800
1700000090.450000,1,293,265,88.68,27.01,0,1800
1700000090.500000,1,293,265,89.04,27.17,0,1800
1700000090.550000,1,295,270,89.39,109.17,1,1799
1700000090.600000,1,290,263,89.73,26.16,0,1799
1700000090.650000,1,286,258,90.06,26.84,0,1799
1700000090.700000,1,300,260,90.37,114.60,1,1785
1700000090.750000,1,300,272,90.67,27.30,0,1785
1700000090.800000,1,300,274,90.96,26.58,0,1785
1700000090.850000,1,300,268,91.25,133.42,1,1774
1700000090.900000,1,300,270,91.53,28.63,0,1774
1700000090.950000,1,288,251,91.79,29.48,0,1774
1700000091.000000,1,300,270,92.05,114.64,1,1776
1700000091.050000,1,300,270,92.30,28.30,0,1776
1700000091.100000,1,300,273,92.53,27.58,0,1776
1700000091.150000,1,300,263,92.73,115.73,1,1761
1700000091.200000,1,300,259,92.91,31.36,0,1761
1700000091.250000,1,300,265,93.05,26.73,0,1761
1700000091.300000,1,300,260,93.19,117.71,1,1752
1700000091.350000,1,300,254,93.28,32.52,0,1752
1700000091.400000,1,300,257,93.36,29.66,0,1752
1700000091.450000,1,300,258,93.44,120.67,1,1753
1700000091.500000,1,300,255,93.52,31.85,0,1753
1700000091.550000,1,300,252,93.59,30.91,0,1753
1700000091.600000,1,300,249,93.65,122.96,1,1747
1700000091.650000,1,300,248,93.69,31.11,0,1747
1700000091.700000,1,300,249,93.73,31.29,0,1747
1700000091.750000,1,300,248,93.74,127.47,1,1753
1700000091.800000,1,300,244,93.72,32.73,0,1753
1700000091.850000,1,300,237,93.68,27.76,0,1753
1700000091.900000,1,300,240,93.59,123.14,1,1773
1700000091.950000,1,300,232,93.48,30.17,0,1773
1700000092.000000,1,300,233,93.35,30.39,0,1773
1700000092.050000,1,300,241,93.22,130.37,1,1802
1700000092.100000,1,300,229,93.08,31.93,0,1802
1700000092.150000,1,300,227,92.93,30.42,0,1802
1700000092.200000,1,300,229,92.77,135.59,1,1822
1700000092.250000,1,300,222,92.63,32.82,0,1822
1700000092.300000,1,300,222,92.48,32.48,0,1822
1700000092.350000,1,300,233,92.34,137.45,1,1853
1700000092.400000,1,300,231,92.16,32.43,0,1853
1700000092.450000,1,300,218,91.98,28.65,0,1853
1700000092.500000,1,300,213,91.82,145.20,1,1888
1700000092.550000,1,300,221,91.68,32.63,0,1888
1700000092.600000,1,300,212,91.55,32.67,0,1888
1700000092.650000,1,300,215,91.42,246.50,1,1952
1700000092.700000,1,300,218,91.28,33.06,0,1952
1700000092.750000,1,300,217,91.11,33.19,0,1952
1700000092.800000,1,300,207,90.90,222.80,1,1955
1700000092.850000,1,300,197,90.64,30.90,0,1955
1700000092.900000,1,300,187,90.33,31.62,0,1955
1700000092.950000,1,300,190,89.98,173.14,1,1969
1700000093.000000,1,300,193,89.61,33.50,0,1969
1700000093.050000,1,300,187,89.22,30.73,0,1969
1700000093.100000,1,300,185,88.81,172.74,1,2016
1700000093.150000,1,300,195,88.39,32.84,0,2016
1700000093.200000,1,300,175,87.96,30.94,0,2016
1700000093.250000,1,300,180,87.53,244.46,1,2093
1700000093.300000,1,300,179,87.08,31.87,0,2093
1700000093.350000,1,300,176,86.62,30.75,0,2093
1700000093.400000,1,300,181,86.16,220.97,1,2155
1700000093.450000,1,300,185,85.70,34.96,0,2155
1700000093.500000,1,300,176,85.27,29.96,0,2155
1700000093.550000,1,300,192,84.87,220.65,1,2232
1700000093.600000,1,300,197,84.48,31.47,0,2232
1700000093.650000,1,300,195,84.07,31.00,0,2232
1700000093.700000,1,300,183,83.65,139.61,1,2032
1700000093.750000,1,300,181,83.22,32.51,0,2032
1700000093.800000,1,300,191,82.76,33.79,0,2032
1700000093.850000,1,300,181,82.27,206.85,1,2001
1700000093.900000,1,300,184,81.76,34.28,0,2001
1700000093.950000,1,300,176,81.25,35.24,0,2001
1700000094.000000,1,300,188,80.72,144.21,1,2014
1700000094.050000,1,300,174,80.16,32.33,0,2014
1700000094.100000,1,300,181,79.62,32.15,0,2014
1700000094.150000,1,300,171,79.05,149.23,1,2012
1700000094.200000,1,300,180,78.46,27.78,0,2012
1700000094.250000,1,300,157,77.81,31.42,0,2012
1700000094.300000,1,300,156,77.12,174.90,1,1981
1700000094.350000,1,300,146,76.39,29.78,0,1981
1700000094.400000,1,300,131,75.62,29.30,0,1981
1700000094.450000,1,300,138,74.86,163.40,1,2002
1700000094.500000,1,300,129,74.14,32.64,0,2002
1700000094.550000,1,300,134,73.47,31.08,0,2002
1700000094.600000,1,300,130,72.85,133.85,1,2009
1700000094.650000,1,300,119,72.24,31.60,0,2009
1700000094.700000,1,300,122,71.63,28.45,0,2009
1700000094.750000,1,300,117,71.00,187.87,1,1998
1700000094.800000,1,300,105,70.34,34.36,0,1998
1700000094.850000,1,300,114,69.67,30.54,0,1998
1700000094.900000,1,300,109,68.99,146.74,1,1976
1700000094.950000,1,300,122,68.29,32.23,0,1976
1700000095.000000,1,300,114,67.59,30.67,0,1976
1700000095.050000,1,300,116,66.87,183.79,1,1982
1700000095.100000,1,300,108,66.18,33.66,0,1982
1700000095.150000,1,300,113,65.52,33.56,0,1982
1700000095.200000,1,300,109,64.88,127.44,1,1979
1700000095.250000,1,300,111,64.25,32.30,0,1979
1700000095.300000,1,300,102,63.63,31.04,0,1979
1700000095.350000,1,300,95,63.03,127.00,1,1968
1700000095.400000,1,300,101,62.45,32.65,0,1968
1700000095.450000,1,300,102,61.86,29.06,0,1968
1700000095.500000,1,300,95,61.26,174.03,1,1952
1700000095.550000,1,300,82,60.65,31.23,0,1952
1700000095.600000,1,300,74,60.03,29.87,0,1952
1700000095.650000,1,300,76,59.46,153.88,1,1931
1700000095.700000,1,300,74,58.91,28.82,0,1931
1700000095.750000,1,300,61,58.40,31.37,0,1931
1700000095.800000,1,300,71,57.90,156.85,1,1909
1700000095.850000,1,300,71,57.40,33.16,0,1909
1700000095.900000,1,300,74,56.93,31.80,0,1909
1700000095.950000,1,300,78,56.48,149.16,1,1897
1700000096.000000,1,300,72,56.05,31.76,0,1897
1700000096.050000,1,300,75,55.63,29.96,0,1897
1700000096.100000,1,300,71,55.26,183.32,1,1870
1700000096.150000,1,300,62,54.92,34.17,0,1870
1700000096.200000,1,300,69,54.62,30.05,0,1870
1700000096.250000,1,300,65,54.36,134.65,1,1846
1700000096.300000,1,300,74,54.15,32.61,0,1846
1700000096.350000,1,300,69,53.98,31.76,0,1846
1700000096.400000,1,300,71,53.86,154.05,1,1838
1700000096.450000,1,300,60,53.77,31.15,0,1838
1700000096.500000,1,300,63,53.72,30.32,0,1838
1700000096.550000,1,300,51,53.74,144.66,1,1801
1700000096.600000,1,300,46,53.81,32.63,0,1801
1700000096.650000,1,300,49,53.91,29.20,0,1801
1700000096.700000,1,300,48,54.06,152.19,1,1766
1700000096.750000,1,300,41,54.26,32.25,0,1766
1700000096.800000,1,300,47,54.47,28.44,0,1766
1700000096.850000,1,300,47,54.70,147.37,1,1737
1700000096.900000,1,300,62,54.93,30.36,0,1737
1700000096.950000,1,300,66,55.19,30.53,0,1737
1700000097.000000,1,300,66,55.51,203.81,1,1706
1700000097.050000,1,300,76,55.85,32.61,0,1706
1700000097.100000,1,300,76,56.24,29.84,0,1706
1700000097.150000,1,300,85,56.66,138.09,1,1699
1700000097.200000,1,300,89,57.21,30.90,0,1699
1700000097.250000,1,300,95,57.80,31.62,0,1699
1700000097.300000,1,300,91,58.44,193.26,1,1662
1700000097.350000,1,300,93,59.14,34.87,0,1662
1700000097.400000,1,300,104,59.86,31.75,0,1662
1700000097.450000,1,300,109,60.61,119.22,1,1643
1700000097.500000,1,300,110,61.43,30.88,0,1643
1700000097.550000,1,300,97,62.32,30.18,0,1643
1700000097.600000,1,300,103,63.28,117.23,1,1602
1700000097.650000,1,300,112,64.31,30.37,0,1602
1700000097.700000,1,300,106,65.42,28.24,0,1602
1700000097.750000,1,269,118,66.58,143.37,1,1575
1700000097.800000,1,258,104,67.78,29.31,0,1575
1700000097.850000,1,300,110,68.97,30.95,0,1575
1700000097.900000,1,257,111,70.20,112.65,1,1544
1700000097.950000,1,300,126,71.50,30.41,0,1544
1700000098.000000,1,300,139,72.88,28.21,0,1544
1700000098.050000,1,300,124,74.38,156.53,1,1557
1700000098.100000,1,300,124,75.97,28.63,0,1557
1700000098.150000,1,300,108,77.68,28.30,0,1557
1700000098.200000,1,300,98,79.46,181.37,1,1543
1700000098.250000,1,300,102,81.32,28.90,0,1543
1700000098.300000,1,300,102,83.33,29.90,0,1543
1700000098.350000,1,300,101,85.40,113.36,1,1545
1700000098.400000,1,248,85,87.49,27.89,0,1545
1700000098.450000,1,300,93,89.60,26.22,0,1545
1700000098.500000,1,300,73,91.73,144.48,1,1516
1700000098.550000,1,300,61,93.88,28.16,0,1516
1700000098.600000,1,300,60,95.99,28.37,0,1516
1700000098.650000,1,300,71,98.06,129.12,1,1488
1700000098.700000,1,300,73,100.08,28.12,0,1488
1700000098.750000,1,300,66,102.11,28.49,0,1488
1700000098.800000,1,300,53,104.17,101.86,1,1472
1700000098.850000,1,300,36,106.24,28.58,0,1472
1700000098.900000,1,300,34,108.33,29.17,0,1472
1700000098.950000,1,300,35,110.52,142.42,1,1443
1700000099.000000,1,300,29,112.94,29.03,0,1443
1700000099.050000,1,300,21,115.61,27.60,0,1443
1700000099.100000,1,300,26,118.68,150.26,1,1428
1700000099.150000,1,300,24,122.60,28.17,0,1428
1700000099.200000,1,300,28,129.35,29.33,0,1428
1700000099.250000,1,300,9,137.57,118.76,1,1350
1700000099.300000,1,300,14,147.79,29.65,0,1350
1700000099.350000,1,300,10,160.89,25.34,0,1350
1700000099.400000,1,299,2,174.56,103.03,1,1285
1700000099.450000,1,300,1,173.66,26.82,0,1285
1700000099.500000,1,300,0,172.34,22.80,0,1285
1700000099.550000,1,300,0,170.44,111.36,1,1263
1700000099.600000,1,204,0,167.72,27.24,0,1263
1700000099.650000,1,121,0,124.92,101.65,1,1210
1700000099.700000,1,53,0,51.60,78.00,1,1210
1700000099.750000,1,133,0,41.34,23.19,0,1210
1700000099.800000,1,300,0,46.73,25.64,0,1210
1700000099.850000,1,273,0,61.40,76.70,1,1148
1700000099.900000,1,300,0,72.84,32.29,0,1148
1700000099.950000,1,300,10,77.62,33.33,0,1148
1700000100.000000,1,294,7,98.64,117.01,1,1094
1700000100.050000,1,241,13,101.88,28.19,0,1094
1700000100.100000,1,187,73,99.07,28.15,0,1094
1700000100.150000,1,141,24,95.37,99.45,1,1100
1700000100.200000,1,300,24,90.95,27.98,0,1100
1700000100.250000,1,125,18,86.01,27.14,0,1100
1700000100.300000,1,300,40,85.93,99.05,1,1080
1700000100.350000,1,300,163,87.03,33.44,0,1080
1700000100.400000,1,300,154,88.16,32.07,0,1080
1700000100.450000,1,300,177,89.29,94.74,1,1204
1700000100.500000,1,300,172,90.36,32.70,0,1204
1700000100.550000,1,244,144,91.41,26.50,0,1204
1700000100.600000,1,300,175,92.46,95.61,1,1267
1700000100.650000,1,300,158,93.52,33.74,0,1267
1700000100.700000,1,300,168,94.60,33.47,0,1267
1700000100.750000,1,300,172,95.69,97.36,1,1347
1700000100.800000,1,300,139,96.82,34.03,0,1347
1700000100.850000,1,300,142,97.95,33.79,0,1347
1700000100.900000,1,300,144,99.10,98.79,1,1389
1700000100.950000,1,300,154,100.20,35.59,0,1389
1700000101.000000,1,300,147,101.11,32.62,0,1389
1700000101.050000,1,300,156,101.84,98.42,1,1484
1700000101.100000,1,210,99,102.35,31.13,0,1484
1700000101.150000,1,300,163,102.56,30.19,0,1484
1700000101.200000,1,189,106,102.37,94.89,1,1527
1700000101.250000,1,300,178,101.75,31.62,0,1527
1700000101.300000,1,300,189,100.65,33.95,0,1527
1700000101.350000,1,300,169,99.10,99.69,1,1616
1700000101.400000,1,300,164,97.13,30.88,0,1616
1700000101.450000,1,300,165,94.93,29.65,0,1616
1700000101.500000,1,300,147,92.83,100.16,1,1698
1700000101.550000,1,153,60,90.77,93.00,1,1702
1700000101.600000,1,300,152,88.72,34.27,0,1702
1700000101.650000,1,300,150,86.89,35.71,0,1702
1700000101.700000,1,300,165,85.37,108.58,1,1821
1700000101.750000,1,300,174,83.93,31.75,0,1821
1700000101.800000,1,300,172,82.76,35.28,0,1821
1700000101.850000,1,300,182,81.87,105.46,1,1937
1700000101.900000,1,300,188,81.11,36.67,0,1937
1700000101.950000,1,300,175,80.46,33.17,0,1937
1700000102.000000,1,300,165,79.80,111.22,1,2033
1700000102.050000,1,300,166,79.17,32.16,0,2033
1700000102.100000,1,300,151,78.58,32.69,0,2033
1700000102.150000,1,300,167,77.99,113.94,1,2086
1700000102.200000,1,230,104,77.40,28.86,0,2086
1700000102.250000,1,300,147,76.83,34.12,0,2086
1700000102.300000,1,300,146,76.25,114.25,1,2130
1700000102.350000,1,258,142,75.64,27.42,0,2130
1700000102.400000,1,247,137,75.09,27.08,0,2130
1700000102.450000,1,238,132,74.60,108.69,1,2137
1700000102.500000,1,228,131,74.18,26.22,0,2137
1700000102.550000,1,300,182,73.95,30.52,0,2137
1700000102.600000,1,292,186,73.94,111.64,1,2184
1700000102.650000,1,300,189,74.06,30.15,0,2184
1700000102.700000,1,300,206,74.19,30.64,0,2184
1700000102.750000,1,300,206,74.34,117.91,1,2222
1700000102.800000,1,300,212,74.50,31.45,0,2222
1700000102.850000,1,300,215,74.67,30.00,0,2222
1700000102.900000,1,300,214,74.86,120.37,1,2225
1700000102.950000,1,300,211,75.07,33.48,0,2225
1700000103.000000,1,300,219,75.32,32.02,0,2225
1700000103.050000,1,280,205,75.61,114.36,1,2236
1700000103.100000,1,300,231,75.98,31.72,0,2236
1700000103.150000,1,300,235,76.36,27.51,0,2236
1700000103.200000,1,300,234,76.75,118.44,1,2250
1700000103.250000,1,300,242,77.14,25.96,0,2250
1700000103.300000,1,300,247,77.53,25.82,0,2250
1700000103.350000,1,290,241,77.93,119.82,1,2285
1700000103.400000,1,300,249,78.32,28.85,0,2285
1700000103.450000,1,300,252,78.71,28.02,0,2285
1700000103.500000,1,300,246,79.07,123.67,1,2337
1700000103.550000,1,300,265,79.42,28.24,0,2337
1700000103.600000,1,300,274,79.76,29.63,0,2337
1700000103.650000,1,300,276,80.10,124.25,1,2336
1700000103.700000,1,300,274,80.45,28.05,0,2336
1700000103.750000,1,300,271,80.78,29.47,0,2336
1700000103.800000,1,300,275,81.10,126.31,1,2419
1700000103.850000,1,300,275,81.43,31.45,0,2419
1700000103.900000,1,300,278,81.74,27.52,0,2419
1700000103.950000,1,300,286,82.05,156.40,1,2514
1700000104.000000,1,300,285,82.35,31.40,0,2514
1700000104.050000,1,300,281,82.67,29.65,0,2514
1700000104.100000,1,300,278,83.00,137.54,1,2578
1700000104.150000,1,300,290,83.32,29.95,0,2578
1700000104.200000,1,300,282,83.65,32.92,0,2578
1700000104.250000,1,300,280,83.96,100.19,1,2602
1700000104.300000,1,300,279,84.25,28.83,0,2602
1700000104.350000,1,300,285,84.55,27.03,0,2602
1700000104.400000,1,300,285,84.86,112.47,1,2663
1700000104.450000,1,300,283,85.19,28.68,0,2663
1700000104.500000,1,300,285,85.53,29.08,0,2663
1700000104.550000,1,300,289,85.88,101.99,1,2685
1700000104.600000,1,300,281,86.22,29.52,0,2685
1700000104.650000,1,300,278,86.56,29.02,0,2685
1700000104.700000,1,300,286,86.91,115.33,1,2637
1700000104.750000,1,300,282,87.26,27.29,0,2637
1700000104.800000,1,300,285,87.62,27.34,0,2637
1700000104.850000,1,300,282,87.98,122.17,1,2616
1700000104.900000,1,300,284,88.34,29.64,0,2616
1700000104.950000,1,300,277,88.68,29.41,0,2616
1700000105.000000,1,300,285,89.00,142.65,1,2589
1700000105.050000,1,300,281,89.34,29.27,0,2589
1700000105.100000,1,300,279,89.70,28.38,0,2589
1700000105.150000,1,300,284,90.08,112.13,1,2553
1700000105.200000,1,300,284,90.47,29.60,0,2553
1700000105.250000,1,300,288,90.85,31.83,0,2553
1700000105.300000,1,300,284,91.23,114.77,1,2493
1700000105.350000,1,300,291,91.62,27.64,0,2493
1700000105.400000,1,300,284,92.00,29.04,0,2493
1700000105.450000,1,300,282,92.37,170.51,1,2494
1700000105.500000,1,300,285,92.75,30.49,0,2494
1700000105.550000,1,300,282,93.14,26.63,0,2494
1700000105.600000,1,300,289,93.55,165.06,1,2425
1700000105.650000,1,300,285,93.97,29.38,0,2425
1700000105.700000,1,300,279,94.38,30.27,0,2425
1700000105.750000,1,291,273,94.81,140.09,1,2350
1700000105.800000,1,281,264,95.26,33.82,0,2350
1700000105.850000,1,300,283,95.66,32.64,0,2350
1700000105.900000,1,300,281,95.99,143.84,1,2306
1700000105.950000,1,300,280,96.32,29.29,0,2306
1700000106.000000,1,287,271,96.64,31.61,0,2306
1700000106.050000,1,300,286,96.97,217.98,1,2221
1700000106.100000,1,300,281,97.27,31.81,0,2221
1700000106.150000,1,300,279,97.55,31.63,0,2221
1700000106.200000,1,300,282,97.81,147.05,1,2161
1700000106.250000,1,300,274,98.06,32.69,0,2161
1700000106.300000,1,289,274,98.27,32.90,0,2161
1700000106.350000,1,300,276,98.45,124.47,1,2122
1700000106.400000,1,289,271,98.59,32.12,0,2122
1700000106.450000,1,279,266,98.71,29.67,0,2122
1700000106.500000,1,286,271,98.82,174.75,1,2080
1700000106.550000,1,287,276,98.93,31.11,0,2080
1700000106.600000,1,300,284,99.03,33.21,0,2080
1700000106.650000,1,300,282,99.15,198.36,1,2132
1700000106.700000,1,291,275,99.24,33.73,0,2132
1700000106.750000,1,274,261,99.33,33.13,0,2132
1700000106.800000,1,277,261,99.41,185.45,1,2092
1700000106.850000,1,277,258,99.47,31.70,0,2092
1700000106.900000,1,293,271,99.52,32.95,0,2092
1700000106.950000,1,300,276,99.55,188.49,1,2121
1700000107.000000,1,300,289,99.57,30.86,0,2121
1700000107.050000,1,300,282,99.58,32.97,0,2121
1700000107.100000,1,300,277,99.58,193.68,1,2120
1700000107.150000,1,300,281,99.58,34.00,0,2120
1700000107.200000,1,283,264,99.55,30.62,0,2120
1700000107.250000,1,300,283,99.49,224.07,1,2164
1700000107.300000,1,275,263,99.40,30.61,0,2164
1700000107.350000,1,274,258,99.30,32.31,0,2164
1700000107.400000,1,254,242,99.19,229.78,1,2154
1700000107.450000,1,300,271,99.08,32.80,0,2154
1700000107.500000,1,300,276,98.99,32.63,0,2154
1700000107.550000,1,300,278,98.88,204.26,1,2199
1700000107.600000,1,300,273,98.76,35.51,0,2199
1700000107.650000,1,275,252,98.65,30.28,0,2199
1700000107.700000,1,300,273,98.57,213.33,1,2214
1700000107.750000,1,292,262,98.51,31.54,0,2214
1700000107.800000,1,300,271,98.45,32.43,0,2214
1700000107.850000,1,300,275,98.39,206.57,1,2210
1700000107.900000,1,300,277,98.30,34.14,0,2210
1700000107.950000,1,300,284,98.20,34.53,0,2210
1700000108.000000,1,300,275,98.08,159.89,1,2186
1700000108.050000,1,300,268,98.00,35.21,0,2186
1700000108.100000,1,300,266,97.93,32.91,0,2186
1700000108.150000,1,300,268,97.88,221.35,1,2186
1700000108.200000,1,300,257,97.83,35.05,0,2186
1700000108.250000,1,300,259,97.76,33.26,0,2186
1700000108.300000,1,300,251,97.63,213.01,1,2214
1700000108.350000,1,300,250,97.48,35.88,0,2214
1700000108.400000,1,300,250,97.30,35.30,0,2214
1700000108.450000,1,300,241,97.10,175.06,1,2243
1700000108.500000,1,300,238,96.92,30.31,0,2243
1700000108.550000,1,300,234,96.73,37.35,0,2243
1700000108.600000,1,300,246,96.52,178.16,1,2264
1700000108.650000,1,300,238,96.29,32.98,0,2264
1700000108.700000,1,292,239,96.08,31.96,0,2264
1700000108.750000,1,268,215,95.85,185.47,1,2262
1700000108.800000,1,300,231,95.64,35.41,0,2262
1700000108.850000,1,300,225,95.41,37.55,0,2262
1700000108.900000,1,300,217,95.18,200.16,1,2276
1700000108.950000,1,300,216,94.93,35.51,0,2276
1700000109.000000,1,300,216,94.64,38.46,0,2276
1700000109.050000,1,300,215,94.34,186.39,1,2281
1700000109.100000,1,300,227,94.02,38.60,0,2281
1700000109.150000,1,300,201,93.72,37.31,0,2281
1700000109.200000,1,300,207,93.45,207.05,1,2308
1700000109.250000,1,300,212,93.17,39.28,0,2308
1700000109.300000,1,300,210,92.90,35.83,0,2308
1700000109.350000,1,300,212,92.63,186.07,1,2326
1700000109.400000,1,300,205,92.38,39.57,0,2326
1700000109.450000,1,300,202,92.14,35.27,0,2326
1700000109.500000,1,300,197,91.89,257.87,1,2335
1700000109.550000,1,300,196,91.60,41.11,0,2335
1700000109.600000,1,300,192,91.31,36.69,0,2335
1700000109.650000,1,300,179,91.02,213.24,1,2339
1700000109.700000,1,300,194,90.73,37.35,0,2339
1700000109.750000,1,300,193,90.44,36.52,0,2339
1700000109.800000,1,300,201,90.16,185.37,1,2359
1700000109.850000,1,300,202,89.90,37.59,0,2359
1700000109.900000,1,300,199,89.67,36.01,0,2359
1700000109.950000,1,300,196,89.49,156.90,1,2389
