t,tracked,n_obs0,n_obs1,mean0,ms,keyframe,n_landmarks
1520530308.199448,0,0,0,13.88,1.51,0,0
1520530308.249449,0,0,0,13.96,0.63,0,0
1520530308.299451,0,0,0,13.93,0.63,0,0
1520530308.349503,0,0,0,14.57,0.64,0,0
1520530308.399505,0,0,0,14.72,0.62,0,0
1520530308.449505,0,0,0,14.76,0.61,0,0
1520530308.499506,0,0,0,14.63,0.62,0,0
1520530308.549508,0,0,0,14.67,0.60,0,0
1520530308.599509,0,0,0,14.71,0.62,0,0
1520530308.649555,0,0,0,14.68,0.62,0,0
1520530308.699512,0,0,0,14.63,0.61,0,0
1520530308.749559,0,0,0,15.28,0.61,0,0
1520530308.799560,0,0,0,15.25,0.61,0,0
1520530308.849562,0,0,0,15.24,0.62,0,0
1520530308.899563,0,0,0,15.27,0.62,0,0
1520530308.949565,0,0,0,15.37,0.62,0,0
1520530308.999567,0,0,0,15.36,0.62,0,0
1520530309.049568,0,0,0,15.43,0.70,0,0
1520530309.099570,0,0,0,15.38,0.59,0,0
1520530309.149567,0,0,0,15.32,0.60,0,0
1520530309.199583,0,0,0,15.55,0.62,0,0
1520530309.249583,0,0,0,15.45,0.61,0,0
1520530309.299586,0,0,0,15.58,0.61,0,0
1520530309.349586,0,0,0,15.57,0.62,0,0
1520530309.399589,0,0,0,15.46,0.60,0,0
1520530309.449590,0,0,0,15.43,0.60,0,0
1520530309.499591,0,0,0,15.50,0.60,0,0
1520530309.549594,0,0,0,15.55,0.62,0,0
1520530309.599597,0,0,0,15.49,0.61,0,0
1520530309.649599,0,0,0,15.64,0.61,0,0
1520530309.699600,0,0,0,15.66,0.60,0,0
1520530309.749602,0,0,0,15.65,0.60,0,0
1520530309.799603,0,0,0,15.58,0.61,0,0
1520530309.849605,0,0,0,15.67,0.60,0,0
1520530309.899606,0,0,0,15.70,0.60,0,0
1520530309.949608,0,0,0,15.55,0.61,0,0
1520530309.999622,0,0,0,15.85,0.61,0,0
1520530310.049623,0,0,0,15.81,0.60,0,0
1520530310.099625,0,0,0,15.84,0.61,0,0
1520530310.149627,0,0,0,15.89,0.61,0,0
1520530310.199628,0,0,0,15.92,0.60,0,0
1520530310.249729,0,0,0,15.84,0.60,0,0
1520530310.299631,0,0,0,15.88,0.61,0,0
1520530310.349633,0,0,0,15.83,0.70,0,0
1520530310.399625,0,0,0,15.71,0.60,0,0
1520530310.449627,0,0,0,15.66,0.62,0,0
1520530310.499628,0,0,0,15.73,0.61,0,0
1520530310.549630,0,0,0,15.73,0.62,0,0
1520530310.599632,0,0,0,15.74,0.61,0,0
1520530310.649633,0,0,0,15.73,0.62,0,0
1520530310.699635,0,0,0,15.70,0.61,0,0
1520530310.749636,0,0,0,15.67,0.60,0,0
1520530310.799651,0,0,0,15.93,0.60,0,0
1520530310.849652,0,0,0,15.94,0.60,0,0
1520530310.899654,0,0,0,16.01,0.60,0,0
1520530310.949655,0,0,0,15.96,0.61,0,0
1520530310.999657,0,0,0,15.97,0.60,0,0
1520530311.049659,0,0,0,16.00,0.61,0,0
1520530311.099660,1,66,62,15.92,16.69,1,62
1520530311.149662,1,300,203,15.99,26.02,0,62
1520530311.199672,1,300,219,16.10,34.54,0,62
1520530311.249673,1,300,224,16.08,41.43,1,227
1520530311.299675,1,229,187,16.02,28.41,0,227
1520530311.349677,1,300,228,16.05,29.50,0,227
1520530311.399678,1,217,180,16.08,39.53,1,263
1520530311.449679,1,300,226,16.07,30.21,0,263
1520530311.499684,1,300,223,16.09,32.42,0,263
1520530311.549683,1,300,228,16.07,52.11,1,344
1520530311.599684,1,300,225,16.13,31.55,0,344
1520530311.649719,1,300,224,16.63,31.27,0,344
1520530311.699720,1,300,225,16.54,65.63,1,406
1520530311.749722,1,300,225,16.67,32.21,0,406
1520530311.799723,1,300,233,16.60,33.72,0,406
1520530311.849725,1,300,232,16.58,54.44,1,471
1520530311.899726,1,241,210,16.59,30.82,0,471
1520530311.949728,1,212,188,16.59,25.10,0,471
1520530311.999729,1,300,224,16.58,68.98,1,531
1520530312.049721,1,300,231,16.42,33.12,0,531
1520530312.099721,1,300,224,16.52,32.17,0,531
1520530312.149723,1,300,221,16.45,73.73,1,585
1520530312.199726,1,292,225,16.54,31.12,0,585
1520530312.249727,1,300,221,16.54,31.13,0,585
1520530312.299728,1,300,233,16.46,64.81,1,644
1520530312.349730,1,300,226,16.43,32.00,0,644
1520530312.399731,1,300,227,16.46,32.08,0,644
1520530312.449712,1,300,232,16.16,88.99,1,708
1520530312.499714,1,300,230,16.18,34.06,0,708
1520530312.549715,1,300,225,16.22,31.53,0,708
1520530312.599717,1,300,232,16.23,73.33,1,773
1520530312.649719,1,300,225,16.19,31.93,0,773
1520530312.699720,1,300,223,16.15,31.71,0,773
1520530312.749722,1,300,229,16.16,107.18,1,830
1520530312.799724,1,300,232,16.24,32.46,0,830
1520530312.849720,1,255,211,16.15,31.25,0,830
1520530312.899721,1,216,189,16.18,95.94,1,848
1520530312.949723,1,203,187,16.12,22.60,0,848
1520530312.999725,1,300,221,16.19,28.30,0,848
1520530313.049726,1,300,238,16.15,86.66,1,920
1520530313.099727,1,300,238,16.16,32.07,0,920
1520530313.149729,1,300,226,16.16,32.15,0,920
1520530313.199730,1,300,225,16.14,112.65,1,975
1520530313.249736,1,300,232,16.17,33.48,0,975
1520530313.299738,1,300,232,16.27,31.38,0,975
1520530313.349739,1,300,225,16.26,96.80,1,1024
1520530313.399790,1,300,230,16.26,31.83,0,1024
1520530313.449743,1,300,222,16.23,31.02,0,1024
1520530313.499744,1,300,233,16.18,102.15,1,1081
1520530313.549746,1,300,229,16.22,30.62,0,1081
1520530313.599747,1,300,241,16.22,31.76,0,1081
1520530313.649745,1,300,226,16.18,104.34,1,1128
1520530313.699746,1,300,241,16.11,33.15,0,1128
1520530313.749748,1,243,212,16.19,28.42,0,1128
1520530313.799750,1,300,228,16.18,91.55,1,1187
1520530313.849751,1,300,241,16.25,31.68,0,1187
1520530313.899753,1,300,231,16.20,32.14,0,1187
1520530313.949754,1,300,229,16.11,127.98,1,1237
1520530313.999756,1,300,238,16.15,31.82,0,1237
1520530314.049757,1,300,237,16.30,31.91,0,1237
1520530314.099763,1,300,242,16.26,106.07,1,1296
1520530314.149765,1,300,244,16.26,31.33,0,1296
1520530314.199766,1,239,213,16.32,29.89,0,1296
1520530314.249768,1,203,191,16.38,136.44,1,1311
1520530314.299769,1,300,232,16.41,28.97,0,1311
1520530314.349771,1,246,210,16.34,29.23,0,1311
1520530314.399773,1,241,208,16.35,137.03,1,1355
1520530314.449774,1,230,201,16.33,25.74,0,1355
1520530314.499774,1,207,187,16.42,23.78,0,1355
1520530314.549776,1,211,188,16.33,149.97,1,1385
1520530314.599777,1,253,211,16.37,26.73,0,1385
1520530314.649779,1,204,191,16.46,24.95,0,1385
1520530314.699780,1,187,174,16.59,159.76,1,1407
1520530314.749782,1,181,165,16.57,22.39,0,1407
1520530314.799787,1,215,182,16.62,23.33,0,1407
1520530314.849784,1,175,169,16.77,171.04,1,1434
1520530314.899810,1,210,177,17.15,23.06,0,1434
1520530314.949812,1,185,174,17.35,22.75,0,1434
1520530314.999919,1,165,160,17.36,176.82,1,1457
1520530315.049815,1,170,156,17.41,20.63,0,1457
1520530315.099817,1,300,210,17.47,28.43,0,1457
1520530315.149818,1,300,211,17.53,170.47,1,1534
1520530315.199819,1,300,208,17.58,33.45,0,1534
1520530315.249821,1,300,213,17.67,31.47,0,1534
1520530315.299635,1,300,216,14.64,176.61,1,1576
1520530315.349637,1,242,194,14.56,30.25,0,1576
1520530315.399639,1,193,174,14.51,24.91,0,1576
1520530315.449640,1,169,161,14.51,100.51,1,1453
1520530315.499642,1,157,152,14.36,20.49,0,1453
1520530315.549643,1,147,144,14.41,18.68,0,1453
1520530315.599645,1,152,144,14.26,99.70,1,1431
1520530315.649646,1,142,139,14.14,18.70,0,1431
1520530315.699637,1,138,137,13.79,17.74,0,1431
1520530315.749639,1,165,147,13.72,106.59,1,1381
1520530315.799640,1,150,141,13.73,19.36,0,1381
1520530315.849642,1,140,132,13.66,18.67,0,1381
1520530315.899643,1,133,127,13.55,64.95,1,1322
1520530315.949645,1,129,121,13.38,16.31,0,1322
1520530315.999647,1,218,165,13.38,21.27,0,1322
1520530316.049648,1,172,148,13.35,93.04,1,1291
1520530316.100221,1,300,222,22.31,28.38,0,1291
1520530316.150223,1,222,189,22.44,29.44,0,1291
1520530316.200224,1,300,229,22.56,109.54,1,1340
1520530316.250226,1,300,226,22.70,32.81,0,1340
1520530316.300227,1,283,214,22.75,32.54,0,1340
1520530316.350229,1,259,212,22.96,77.66,1,1337
1520530316.400230,1,229,200,22.88,27.36,0,1337
1520530316.450231,1,213,192,22.91,24.53,0,1337
1520530316.500233,1,194,182,22.98,70.82,1,1299
1520530316.550276,1,195,184,23.58,22.88,0,1299
1520530316.600278,1,176,169,23.54,21.36,0,1299
1520530316.650280,1,174,168,23.55,92.26,1,1256
1520530316.700281,1,173,166,23.57,19.96,0,1256
1520530316.750283,1,175,167,23.51,20.27,0,1256
1520530316.800284,1,170,164,23.52,91.99,1,1203
1520530316.850286,1,169,165,23.41,19.42,0,1203
1520530316.900287,1,171,165,23.53,19.96,0,1203
1520530316.949773,1,153,141,15.62,91.67,1,1166
1520530316.999775,1,149,142,15.67,18.45,0,1166
1520530317.049776,1,161,145,15.56,18.60,0,1166
1520530317.099778,1,150,139,15.58,87.06,1,1172
1520530317.149779,1,145,133,15.59,17.63,0,1172
1520530317.199781,1,142,133,15.60,18.08,0,1172
1520530317.249782,1,169,148,15.57,64.86,1,1126
1520530317.299784,1,151,141,15.57,20.77,0,1126
1520530317.349743,1,143,132,14.85,17.35,0,1126
1520530317.399745,1,139,127,14.85,79.82,1,1086
1520530317.449748,1,134,119,14.84,17.67,0,1086
1520530317.499748,1,148,127,14.85,17.65,0,1086
1520530317.549752,1,127,113,14.79,76.53,1,1053
1520530317.599752,1,123,110,14.69,17.16,0,1053
1520530317.649754,1,160,129,14.70,17.62,0,1053
1520530317.699755,1,178,136,14.46,82.60,1,1034
1520530317.750237,1,207,154,21.66,23.44,0,1034
1520530317.800239,1,208,155,21.42,23.47,0,1034
1520530317.850240,1,193,146,21.18,90.31,1,1031
1520530317.900242,1,300,198,20.92,28.59,0,1031
1520530317.950243,1,300,198,20.71,31.67,0,1031
1520530318.000244,1,206,158,20.40,79.68,1,1025
1520530318.050247,1,300,204,20.12,27.66,0,1025
1520530318.100248,1,300,196,19.92,35.95,0,1025
1520530318.150816,1,300,228,26.92,111.40,1,1094
1520530318.200769,1,300,225,26.67,33.86,0,1094
1520530318.250771,1,268,195,26.47,32.60,0,1094
1520530318.300772,1,300,214,26.24,111.50,1,1135
1520530318.350774,1,300,223,26.24,35.14,0,1135
1520530318.400775,1,300,227,26.19,31.48,0,1135
1520530318.450777,1,300,219,26.21,93.98,1,1222
1520530318.500778,1,226,182,26.22,28.54,0,1222
1520530318.550780,1,286,213,26.27,27.54,0,1222
1520530318.600567,1,206,174,23.50,103.45,1,1211
1520530318.650568,1,298,219,23.56,29.87,0,1211
1520530318.700570,1,217,175,23.71,29.07,0,1211
1520530318.750571,1,300,213,23.89,118.10,1,1266
1520530318.800573,1,300,216,24.02,31.54,0,1266
1520530318.850574,1,300,218,24.19,30.37,0,1266
1520530318.900576,1,283,214,24.41,96.05,1,1311
1520530318.950577,1,260,188,24.61,27.67,0,1311
1520530318.999955,1,165,140,16.18,93.20,1,1307
1520530319.049957,1,234,164,16.29,24.05,0,1307
1520530319.099960,1,165,138,16.53,23.85,0,1307
1520530319.149961,1,155,135,16.56,107.99,1,1309
1520530319.199962,1,203,162,16.71,21.77,0,1309
1520530319.249964,1,160,137,16.74,21.71,0,1309
1520530319.299965,1,144,133,16.95,93.13,1,1253
1520530319.349967,1,137,128,16.97,17.61,0,1253
1520530319.399832,1,128,123,14.96,18.06,0,1253
1520530319.449833,1,155,144,15.00,96.82,1,1187
1520530319.499835,1,134,130,15.04,18.70,0,1187
1520530319.549837,1,129,126,14.98,16.65,0,1187
1520530319.599838,1,131,126,14.87,81.32,1,1161
1520530319.649840,1,127,122,14.82,16.80,0,1161
1520530319.699841,1,135,125,14.82,16.86,0,1161
1520530319.749942,1,133,124,14.73,71.13,1,1164
1520530319.800341,1,187,157,22.52,20.65,0,1164
1520530319.850343,1,177,153,22.63,21.94,0,1164
1520530319.900344,1,158,145,22.78,73.60,1,1177
1520530319.950346,1,149,141,22.94,19.24,0,1177
1520530320.000347,1,143,135,23.07,17.52,0,1177
1520530320.050349,1,140,134,23.15,75.44,1,1184
1520530320.100350,1,138,133,23.30,18.79,0,1184
1520530320.150352,1,134,132,23.38,18.39,0,1184
1520530320.200401,1,130,129,24.26,72.85,1,1170
1520530320.250402,1,131,130,24.32,16.85,0,1170
1520530320.300404,1,130,127,24.38,17.07,0,1170
1520530320.350405,1,133,128,24.45,65.32,1,1082
1520530320.400407,1,136,127,24.44,16.96,0,1082
1520530320.450408,1,136,130,24.47,17.22,0,1082
1520530320.500410,1,137,131,24.48,80.36,1,1056
1520530320.550412,1,187,152,24.59,20.26,0,1056
1520530320.599869,1,300,190,15.86,30.45,0,1056
1520530320.649871,1,300,193,15.86,79.21,1,1116
1520530320.699873,1,300,213,16.00,33.27,0,1116
1520530320.749874,1,300,201,15.87,34.43,0,1116
1520530320.799876,1,241,192,15.92,79.37,1,1174
1520530320.849877,1,231,182,15.88,27.37,0,1174
1520530320.899879,1,172,152,15.83,23.41,0,1174
1520530320.949880,1,158,142,15.81,92.06,1,1178
1520530320.999882,1,146,141,15.85,19.53,0,1178
1520530321.049740,1,155,141,13.43,19.52,0,1178
1520530321.099742,1,138,134,13.32,66.95,1,1158
1520530321.149743,1,134,128,13.20,17.70,0,1158
1520530321.199745,1,131,127,13.25,17.22,0,1158
1520530321.249747,1,149,135,13.21,91.36,1,1178
1520530321.299749,1,129,125,13.07,18.59,0,1178
1520530321.349750,1,300,174,13.01,26.75,0,1178
1520530321.399751,1,300,186,12.85,91.66,1,1234
1520530321.449856,1,162,144,14.52,77.16,1,1206
1520530321.499857,1,144,137,14.44,19.02,0,1206
1520530321.549859,1,300,197,14.33,27.75,0,1206
1520530321.599860,1,187,159,14.22,86.17,1,1242
1520530321.649862,1,152,140,14.10,21.15,0,1242
1520530321.699863,1,153,138,14.05,18.91,0,1242
1520530321.749866,1,300,191,14.00,115.09,1,1291
1520530321.799867,1,185,156,13.83,28.73,0,1291
1520530321.850152,1,159,148,18.35,104.81,1,1268
1520530321.900154,1,143,139,18.44,18.82,0,1268
1520530321.950155,1,138,136,18.45,17.78,0,1268
1520530322.000157,1,141,138,18.51,109.89,1,1276
1520530322.050158,1,140,138,18.52,17.78,0,1276
1520530322.100160,1,145,136,18.61,17.94,0,1276
1520530322.150162,1,140,137,18.60,80.41,1,1247
1520530322.200163,1,300,206,18.55,27.52,0,1247
1520530322.250207,1,300,211,19.25,34.07,0,1247
1520530322.300208,1,238,187,19.19,123.93,1,1252
1520530322.350209,1,300,206,19.20,30.28,0,1252
1520530322.400212,1,300,213,19.07,32.82,0,1252
1520530322.450214,1,300,215,19.05,132.65,1,1206
1520530322.500215,1,234,187,18.93,28.36,0,1206
1520530322.550216,1,197,172,18.97,23.59,0,1206
1520530322.600218,1,300,211,18.87,97.29,1,1157
1520530322.650023,1,190,168,15.87,27.30,0,1157
1520530322.700025,1,216,180,15.85,23.10,0,1157
1520530322.750027,1,198,173,15.84,119.19,1,1090
1520530322.800028,1,168,158,15.78,21.66,0,1090
1520530322.850031,1,156,151,15.79,19.04,0,1090
1520530322.900065,1,198,167,15.69,96.17,1,1084
1520530322.950033,1,165,153,15.68,21.91,0,1084
1520530323.000035,1,149,146,15.65,19.27,0,1084
1520530323.050036,1,158,153,15.56,113.33,1,1013
1520530323.100074,1,151,147,16.19,18.56,0,1013
1520530323.150076,1,147,145,16.07,17.83,0,1013
1520530323.200077,1,146,143,16.04,106.40,1,942
1520530323.250079,1,144,140,16.08,18.39,0,942
1520530323.300080,1,144,140,16.01,17.45,0,942
1520530323.350082,1,145,141,15.94,110.99,1,931
1520530323.400084,1,143,140,16.03,18.18,0,931
1520530323.450085,1,141,138,16.13,17.44,0,931
1520530323.500345,1,186,162,20.15,114.72,1,948
1520530323.550346,1,184,163,20.22,21.50,0,948
1520530323.600348,1,165,156,20.29,20.20,0,948
1520530323.650349,1,160,153,20.32,82.48,1,933
1520530323.700351,1,161,155,20.42,19.52,0,933
1520530323.750353,1,154,149,20.42,19.25,0,933
1520530323.800354,1,148,141,20.62,106.20,1,930
1520530323.850356,1,245,197,20.43,23.53,0,930
1520530323.900153,1,300,220,17.50,30.00,0,930
1520530323.950154,1,228,197,17.55,95.99,1,989
1520530324.000156,1,199,185,17.49,26.36,0,989
1520530324.050157,1,187,173,17.59,21.14,0,989
1520530324.100159,1,176,163,17.73,99.77,1,969
1520530324.150160,1,169,160,17.82,19.96,0,969
1520530324.200162,1,167,153,17.85,19.09,0,969
1520530324.250163,1,156,143,17.75,102.23,1,965
1520530324.299908,1,153,140,14.06,19.15,0,965
1520530324.349910,1,218,168,14.05,22.20,0,965
1520530324.399911,1,165,146,14.16,106.84,1,990
1520530324.449913,1,146,133,14.14,20.11,0,990
1520530324.499994,1,135,120,14.02,18.20,0,990
1520530324.549915,1,141,121,14.15,74.55,1,993
1520530324.599917,1,146,123,14.15,18.35,0,993
1520530324.649919,1,136,115,14.13,17.57,0,993
1520530324.700018,1,139,113,15.60,100.22,1,998
1520530324.750020,1,127,102,15.55,16.18,0,998
1520530324.800021,1,133,103,15.53,15.74,0,998
1520530324.850023,1,136,107,15.47,84.38,1,925
1520530324.900024,1,150,115,15.47,17.45,0,925
1520530324.950026,1,141,106,15.35,16.99,0,925
1520530325.000028,1,125,100,15.33,78.18,1,889
1520530325.050029,1,121,98,15.34,15.58,0,889
1520530325.100816,1,300,204,27.69,26.88,0,889
1520530325.150817,1,300,191,27.72,98.49,1,975
1520530325.200819,1,300,200,27.59,31.20,0,975
1520530325.250820,1,300,208,27.55,31.60,0,975
1520530325.300822,1,300,200,27.50,77.49,1,1021
1520530325.350824,1,300,202,27.46,31.87,0,1021
1520530325.400825,1,300,197,27.45,31.53,0,1021
1520530325.450827,1,300,202,27.44,84.00,1,1068
1520530325.500828,1,300,208,27.39,31.34,0,1068
1520530325.550913,1,300,201,28.57,31.12,0,1068
1520530325.600915,1,242,185,28.46,73.41,1,1032
1520530325.650917,1,300,210,28.23,29.29,0,1032
1520530325.700918,1,224,179,28.08,27.64,0,1032
1520530325.750919,1,204,169,27.83,91.14,1,1026
1520530325.800921,1,290,212,27.56,27.78,0,1026
1520530325.850922,1,245,191,27.38,28.90,0,1026
1520530325.900924,1,300,218,27.15,94.93,1,1038
1520530325.950541,1,256,199,21.55,28.56,0,1038
1520530326.000543,1,300,226,21.45,29.49,0,1038
1520530326.050549,1,300,212,21.32,101.94,1,1090
1520530326.100546,1,300,221,21.24,32.57,0,1090
1520530326.150548,1,300,212,21.15,31.27,0,1090
1520530326.200549,1,278,208,21.14,107.94,1,1141
1520530326.250551,1,300,219,21.02,30.72,0,1141
1520530326.300552,1,300,240,20.93,32.43,0,1141
1520530326.350204,1,206,170,15.96,105.72,1,1149
1520530326.400206,1,300,213,15.93,28.62,0,1149
1520530326.450207,1,218,176,15.86,27.31,0,1149
1520530326.500209,1,192,156,15.82,105.02,1,1109
1520530326.550210,1,186,156,15.72,21.37,0,1109
1520530326.600213,1,180,149,15.67,20.71,0,1109
1520530326.650214,1,174,141,15.63,99.11,1,1060
1520530326.700216,1,300,211,15.50,26.89,0,1060
1520530326.750426,1,300,216,18.33,31.38,0,1060
1520530326.800429,1,247,189,18.30,84.05,1,1065
1520530326.850430,1,224,177,18.39,25.96,0,1065
1520530326.900431,1,199,159,18.41,23.50,0,1065
1520530326.950433,1,224,177,18.42,102.70,1,1090
1520530327.000434,1,191,154,18.52,23.55,0,1090
1520530327.050437,1,193,159,18.55,21.83,0,1090
1520530327.100437,1,193,164,18.84,83.93,1,1098
1520530327.150430,1,206,166,18.85,22.75,0,1098
1520530327.200433,1,300,225,18.82,28.21,0,1098
1520530327.250435,1,220,185,18.98,109.92,1,1132
1520530327.300436,1,193,174,19.15,22.94,0,1132
1520530327.350437,1,179,156,19.28,21.05,0,1132
1520530327.400439,1,170,156,19.54,82.31,1,1138
1520530327.450440,1,164,158,19.71,19.93,0,1138
1520530327.500442,1,159,152,19.93,18.95,0,1138
1520530327.550090,1,148,138,14.78,82.92,1,1135
1520530327.600091,1,142,136,14.91,18.57,0,1135
1520530327.650103,1,227,178,15.04,22.05,0,1135
1520530327.700094,1,164,155,15.06,116.50,1,1132
1520530327.750096,1,140,140,15.10,19.70,0,1132
1520530327.800097,1,128,126,15.15,17.85,0,1132
1520530327.850099,1,132,120,15.26,81.19,1,1122
1520530327.900100,1,120,111,15.42,16.59,0,1122
1520530327.950102,1,111,105,15.34,16.06,0,1122
1520530328.000280,1,101,96,18.44,76.12,1,1118
1520530328.050282,1,88,84,18.58,14.55,0,1118
1520530328.100283,1,89,85,18.70,14.01,0,1118
1520530328.150285,1,97,87,18.66,70.40,1,1065
1520530328.200287,1,98,89,18.78,14.66,0,1065
1520530328.250288,1,97,84,18.79,13.41,0,1065
1520530328.300290,1,94,84,18.73,71.06,1,1051
1520530328.350291,1,88,82,18.69,13.88,0,1051
1520530328.400337,1,87,83,19.22,13.26,0,1051
1520530328.450338,1,89,88,19.21,93.82,1,1055
1520530328.500340,1,121,107,19.17,15.60,0,1055
1520530328.550342,1,123,120,19.09,17.11,0,1055
1520530328.600343,1,120,113,18.96,98.27,1,1051
1520530328.650346,1,119,114,18.85,15.83,0,1051
1520530328.700347,1,117,111,18.67,16.14,0,1051
1520530328.750348,1,133,128,18.48,106.00,1,1062
1520530328.800086,1,256,184,14.31,25.29,0,1062
1520530328.850087,1,300,205,14.38,32.22,0,1062
1520530328.900089,1,300,208,14.39,120.85,1,1157
1520530328.950091,1,300,208,14.50,34.38,0,1157
1520530329.000092,1,251,196,14.67,32.90,0,1157
1520530329.050093,1,175,160,14.75,108.73,1,1183
1520530329.100095,1,160,147,14.93,20.92,0,1183
1520530329.150097,1,161,150,14.96,19.24,0,1183
1520530329.200044,1,166,149,14.21,106.10,1,1201
1520530329.250095,1,148,143,14.36,19.53,0,1201
1520530329.300047,1,178,155,14.37,21.26,0,1201
1520530329.350049,1,133,125,14.43,93.78,1,1107
1520530329.400050,1,123,118,14.42,18.17,0,1107
1520530329.450052,1,113,109,14.39,16.03,0,1107
1520530329.500053,1,110,106,14.47,83.94,1,1045
1520530329.550055,1,107,102,14.39,15.06,0,1045
1520530329.600097,1,132,116,15.09,15.90,0,1045
1520530329.650099,1,113,107,15.13,81.83,1,989
1520530329.700100,1,300,197,15.03,26.68,0,989
1520530329.750102,1,246,183,15.03,32.28,0,989
1520530329.800104,1,170,153,14.90,67.35,1,1003
1520530329.850105,1,157,146,14.86,20.49,0,1003
1520530329.900107,1,175,153,14.65,20.85,0,1003
1520530329.950109,1,162,144,14.34,61.59,1,988
1520530330.000110,1,152,143,14.15,19.53,0,988
1520530330.050161,1,142,134,14.71,17.79,0,988
1520530330.100162,1,130,120,14.60,80.98,1,915
1520530330.150164,1,108,94,14.51,16.55,0,915
1520530330.200165,1,87,77,14.28,14.81,0,915
1520530330.250167,1,81,72,14.25,77.44,1,865
1520530330.300169,1,75,68,14.21,14.07,0,865
1520530330.350170,1,71,63,14.23,12.86,0,865
1520530330.400172,1,95,78,14.16,52.61,1,837
1520530330.450787,1,76,71,22.84,17.27,0,837
1520530330.500788,1,207,157,22.94,19.97,0,837
1520530330.550790,1,137,120,23.18,83.77,1,881
1520530330.600792,1,300,230,23.49,27.75,0,881
1520530330.650793,1,300,227,23.95,34.05,0,881
1520530330.700795,1,166,151,24.46,91.31,1,918
1520530330.750797,1,157,139,24.97,19.92,0,918
1520530330.800798,1,139,133,25.10,17.95,0,918
1520530330.850367,1,123,117,16.67,86.93,1,925
1520530330.900277,1,118,114,16.63,16.61,0,925
1520530330.950279,1,110,109,16.45,14.98,0,925
1520530331.000280,1,104,102,16.36,83.29,1,876
1520530331.050282,1,99,94,16.34,15.58,0,876
1520530331.100283,1,99,91,16.34,13.96,0,876
1520530331.150285,1,97,90,16.41,78.48,1,843
1520530331.200286,1,91,87,16.38,14.33,0,843
1520530331.250735,1,97,90,23.77,14.25,0,843
1520530331.300736,1,96,92,23.83,85.74,1,818
1520530331.350739,1,90,87,23.86,15.52,0,818
1520530331.400740,1,88,87,24.02,14.66,0,818
1520530331.450741,1,93,90,24.19,83.01,1,777
1520530331.500743,1,126,114,24.42,16.58,0,777
1520530331.550744,1,102,99,24.42,15.40,0,777
1520530331.600746,1,114,111,24.31,67.44,1,803
1520530331.650479,1,191,162,19.92,19.97,0,803
1520530331.700481,1,149,137,19.72,19.90,0,803
1520530331.750483,1,137,128,19.49,75.36,1,823
1520530331.800484,1,128,121,19.14,17.91,0,823
1520530331.850486,1,187,158,18.78,20.07,0,823
1520530331.900488,1,131,124,18.50,82.94,1,815
1520530331.950489,1,113,104,18.35,16.41,0,815
1520530332.000491,1,104,92,18.15,14.89,0,815
1520530332.050387,1,104,90,16.52,53.58,1,824
1520530332.100388,1,98,86,16.32,14.72,0,824
1520530332.150390,1,106,88,16.22,14.79,0,824
1520530332.200392,1,96,85,16.06,55.40,1,832
1520530332.250393,1,96,81,15.96,15.02,0,832
1520530332.300399,1,81,70,16.01,14.47,0,832
1520530332.350396,1,77,68,16.03,80.43,1,829
1520530332.400401,1,71,66,16.17,13.02,0,829
1520530332.450399,1,73,66,16.46,11.57,0,829
1520530332.500483,1,97,89,17.75,70.16,1,857
1520530332.550483,1,123,107,18.08,16.13,0,857
1520530332.600486,1,134,119,18.44,17.32,0,857
1520530332.650488,1,233,180,18.76,88.56,1,962
1520530332.700488,1,171,153,19.08,24.62,0,962
1520530332.750491,1,142,129,19.30,18.94,0,962
1520530332.800492,1,136,127,19.44,81.64,1,947
1520530332.850493,1,136,127,19.37,17.31,0,947
1520530332.900164,1,114,110,14.02,17.33,0,947
1520530332.950166,1,101,100,13.93,86.10,1,920
1520530333.000168,1,99,98,13.74,14.78,0,920
1520530333.050169,1,93,89,13.62,13.98,0,920
1520530333.100171,1,87,81,13.59,70.16,1,798
1520530333.150173,1,83,79,13.56,13.54,0,798
1520530333.200174,1,72,69,13.58,12.96,0,798
1520530333.250175,1,72,68,13.74,61.36,1,769
1520530333.300608,1,89,78,21.13,14.41,0,769
1520530333.350610,1,79,74,21.36,14.63,0,769
1520530333.400612,1,77,74,21.51,69.60,1,754
1520530333.450613,1,88,79,21.65,14.54,0,754
1520530333.500615,1,70,67,21.59,13.31,0,754
1520530333.550616,1,69,66,21.62,66.01,1,746
1520530333.600618,1,72,69,21.65,12.11,0,746
1520530333.650619,1,100,82,21.52,14.31,0,746
1520530333.700541,1,75,68,20.10,72.98,1,750
1520530333.750542,1,117,97,20.11,15.83,0,750
1520530333.800544,1,79,77,20.20,14.22,0,750
1520530333.850545,1,78,78,20.18,48.05,1,760
1520530333.900547,1,81,80,20.05,13.44,0,760
1520530333.950549,1,98,95,19.80,14.27,0,760
1520530334.000561,1,99,95,19.47,46.91,1,742
1520530334.050551,1,148,133,19.26,17.35,0,742
1520530334.100216,1,154,133,14.05,21.00,0,742
1520530334.150218,1,210,150,13.99,77.93,1,827
1520530334.200219,1,300,217,13.94,31.63,0,827
1520530334.250221,1,300,220,14.00,34.57,0,827
1520530334.300222,1,300,223,14.09,73.64,1,945
1520530334.350224,1,165,148,14.24,83.28,1,950
1520530334.400225,1,138,128,14.20,19.09,0,950
1520530334.450227,1,155,145,14.14,18.31,0,950
1520530334.500228,1,159,149,14.03,91.54,1,987
1520530334.550086,1,149,135,11.81,20.07,0,987
1520530334.600088,1,127,119,11.54,17.45,0,987
1520530334.650089,1,115,110,11.21,82.71,1,956
1520530334.700091,1,300,200,10.88,27.66,0,956
1520530334.750092,1,150,133,10.64,28.48,0,956
1520530334.800094,1,102,92,10.33,80.54,1,907
1520530334.850095,1,300,168,10.12,27.98,0,907
1520530334.900097,1,300,156,10.02,41.03,0,907
1520530334.950928,1,117,104,22.86,64.73,1,885
1520530335.000928,1,120,108,22.88,16.23,0,885
1520530335.050931,1,126,115,23.23,16.51,0,885
1520530335.100933,1,139,130,23.55,67.01,1,914
1520530335.150934,1,297,210,23.79,27.30,0,914
1520530335.200936,1,154,138,24.11,26.86,0,914
1520530335.250937,1,145,136,24.55,59.08,1,939
1520530335.300938,1,158,147,24.94,19.34,0,939
1520530335.351457,1,300,225,32.93,26.73,0,939
1520530335.401459,1,210,184,32.73,82.76,1,993
1520530335.451459,1,182,170,32.61,22.42,0,993
1520530335.501461,1,208,181,32.46,22.95,0,993
1520530335.551462,1,182,172,32.13,100.90,1,999
1520530335.601512,1,300,222,32.10,26.85,0,999
1520530335.651465,1,300,233,31.92,32.52,0,999
1520530335.701467,1,300,232,31.80,113.56,1,1068
1520530335.750223,1,300,206,13.56,42.10,0,1068
1520530335.800224,1,206,175,13.56,32.44,0,1068
1520530335.850226,1,154,142,13.50,67.34,1,1148
1520530335.900227,1,138,130,13.47,18.52,0,1148
1520530335.950228,1,139,133,13.72,17.88,0,1148
1520530336.000230,1,129,124,13.66,86.85,1,1140
1520530336.050231,1,124,120,13.65,16.75,0,1140
1520530336.100233,1,123,119,13.44,16.35,0,1140
1520530336.150177,1,111,107,12.56,61.99,1,1118
1520530336.200179,1,110,107,12.52,16.06,0,1118
1520530336.250180,1,123,113,12.55,16.64,0,1118
1520530336.300182,1,219,162,12.54,69.31,1,1156
1520530336.350183,1,147,132,12.59,22.81,0,1156
1520530336.400185,1,123,111,12.71,100.18,1,1151
1520530336.450186,1,108,102,12.79,16.58,0,1151
1520530336.500188,1,98,96,12.96,16.08,0,1151
1520530336.550582,1,88,88,19.39,63.23,1,1145
1520530336.600584,1,89,89,19.38,13.78,0,1145
1520530336.650586,1,90,90,19.46,13.04,0,1145
1520530336.700586,1,91,91,19.38,90.52,1,1122
1520530336.750588,1,91,88,19.27,14.17,0,1122
1520530336.800590,1,107,104,19.26,14.54,0,1122
1520530336.850591,1,148,129,19.16,86.42,1,1048
1520530336.900594,1,174,150,19.23,21.17,0,1048
1520530336.950594,1,159,147,19.20,20.74,0,1048
1520530337.000258,1,124,120,13.95,77.07,1,1046
1520530337.050259,1,117,113,13.84,16.21,0,1046
1520530337.100266,1,132,121,13.77,16.93,0,1046
1520530337.150262,1,123,118,13.73,75.90,1,1057
1520530337.200351,1,119,116,13.68,15.95,0,1057
1520530337.250265,1,117,113,13.58,15.51,0,1057
1520530337.300267,1,113,106,13.42,59.13,1,1061
1520530337.350269,1,160,142,13.22,19.07,0,1061
1520530337.400301,1,137,121,13.55,18.56,0,1061
1520530337.450303,1,127,108,13.43,86.34,1,1077
1520530337.500304,1,129,108,13.22,16.96,0,1077
1520530337.550306,1,131,94,12.96,16.30,0,1077
1520530337.600307,1,136,102,12.68,90.10,1,1096
1520530337.650309,1,110,82,12.62,17.30,0,1096
1520530337.700310,1,91,80,12.55,15.89,0,1096
1520530337.750312,1,87,76,12.47,60.40,1,1096
1520530337.800854,1,107,94,20.07,15.66,0,1096
1520530337.850855,1,130,111,20.01,16.36,0,1096
1520530337.900856,1,108,99,19.95,84.68,1,1129
1520530337.950858,1,122,104,19.75,15.84,0,1129
1520530338.000860,1,109,99,19.82,15.84,0,1129
1520530338.050862,1,137,109,19.88,87.50,1,1142
1520530338.100863,1,148,122,19.97,20.86,0,1142
1520530338.150864,1,123,106,20.13,17.97,0,1142
1520530338.200470,1,108,89,14.91,67.06,1,1126
1520530338.250473,1,157,112,15.16,17.28,0,1126
1520530338.300474,1,197,140,15.22,23.51,0,1126
1520530338.350476,1,154,126,15.51,94.76,1,1078
1520530338.400477,1,143,122,15.74,19.70,0,1078
1520530338.450478,1,148,129,15.94,18.72,0,1078
1520530338.500480,1,155,137,16.06,85.58,1,987
1520530338.550481,1,145,132,16.15,18.73,0,987
1520530338.600260,1,118,114,12.72,17.81,0,987
1520530338.650261,1,115,109,12.54,83.06,1,966
1520530338.700263,1,105,101,12.56,16.57,0,966
1520530338.750266,1,131,117,12.24,16.45,0,966
1520530338.800266,1,120,115,12.05,77.11,1,991
1520530338.850267,1,102,98,11.91,15.80,0,991
1520530338.900269,1,207,151,11.69,21.47,0,991
1520530338.950270,1,113,103,11.41,67.84,1,997
1520530339.000272,1,165,114,11.08,20.35,0,997
1520530339.050959,1,96,94,21.76,19.26,0,997
1520530339.100960,1,87,83,21.62,82.64,1,1008
1520530339.150962,1,81,79,21.41,13.83,0,1008
1520530339.200963,1,77,75,21.45,13.49,0,1008
1520530339.250965,1,70,68,21.32,68.00,1,923
1520530339.300966,1,67,64,21.50,12.42,0,923
1520530339.350968,1,62,58,21.69,11.59,0,923
1520530339.400970,1,63,58,22.05,52.51,1,894
1520530339.451687,1,74,66,33.95,12.70,0,894
1520530339.501689,1,64,64,34.81,11.79,0,894
1520530339.551691,1,300,164,35.52,99.19,1,1012
1520530339.601692,1,277,165,36.16,47.00,0,1012
1520530339.651693,1,300,186,36.46,44.47,0,1012
1520530339.701695,1,136,118,36.67,86.10,1,977
1520530339.751697,1,221,163,36.73,24.70,0,977
1520530339.801698,1,123,109,36.71,23.58,0,977
1520530339.851056,1,100,96,25.92,90.04,1,917
1520530339.901057,1,96,96,25.91,14.62,0,917
1520530339.951059,1,93,93,25.82,13.37,0,917
1520530340.001061,1,95,94,25.80,60.97,1,813
1520530340.051062,1,93,90,25.75,14.20,0,813
1520530340.101063,1,93,91,25.66,14.16,0,813
1520530340.151065,1,97,95,25.66,64.55,1,803
1520530340.201067,1,99,96,25.60,14.25,0,803
1520530340.250395,1,79,76,14.74,14.49,0,803
1520530340.300397,1,80,78,14.63,47.17,1,808
1520530340.350399,1,81,79,14.58,13.48,0,808
1520530340.400400,1,84,82,14.49,12.73,0,808
1520530340.450401,1,83,80,14.41,44.84,1,748
1520530340.500403,1,84,81,14.33,13.51,0,748
1520530340.550404,1,95,88,14.20,13.30,0,748
1520530340.600406,1,109,104,14.12,66.99,1,774
1520530340.650347,1,105,101,13.05,15.10,0,774
1520530340.700348,1,105,101,12.95,14.28,0,774
1520530340.750350,1,129,119,12.86,64.94,1,791
1520530340.800351,1,149,131,12.78,18.51,0,791
1520530340.850353,1,128,121,12.63,18.42,0,791
1520530340.900354,1,121,109,12.62,54.64,1,796
1520530340.950356,1,113,106,12.62,16.18,0,796
1520530341.000358,1,178,145,12.53,19.49,0,796
1520530341.050774,1,121,110,19.07,57.66,1,770
1520530341.100776,1,300,214,19.05,26.43,0,770
1520530341.150777,1,227,183,18.99,29.68,0,770
1520530341.200779,1,208,177,19.15,64.13,1,837
1520530341.250780,1,236,190,19.23,25.94,0,837
1520530341.300782,1,188,171,19.27,23.62,0,837
1520530341.350784,1,194,173,19.41,79.14,1,861
1520530341.400785,1,300,219,19.47,28.97,0,861
1520530341.450787,1,201,182,19.50,28.95,0,861
1520530341.500713,1,182,171,18.31,63.82,1,890
1520530341.550714,1,167,159,18.40,21.64,0,890
1520530341.600716,1,168,160,18.43,20.10,0,890
1520530341.650717,1,164,159,18.44,62.50,1,871
1520530341.700719,1,188,167,18.53,20.74,0,871
1520530341.750720,1,173,160,18.50,20.60,0,871
1520530341.800722,1,300,214,18.60,97.03,1,909
1520530341.850723,1,300,219,18.56,33.14,0,909
1520530341.900542,1,300,233,15.64,33.80,0,909
1520530341.950578,1,205,180,15.58,76.71,1,934
1520530342.000545,1,192,173,15.61,23.22,0,934
1520530342.050546,1,182,171,15.57,22.02,0,934
1520530342.100548,1,173,164,15.55,91.16,1,903
1520530342.150549,1,168,155,15.57,20.15,0,903
1520530342.200551,1,168,159,15.60,19.60,0,903
1520530342.250553,1,300,224,15.51,84.77,1,951
1520530342.300673,1,220,190,17.56,29.32,0,951
1520530342.350675,1,230,191,17.42,24.81,0,951
1520530342.400676,1,299,212,17.32,101.58,1,986
1520530342.450678,1,210,188,17.29,29.26,0,986
1520530342.500679,1,300,218,17.24,29.77,0,986
1520530342.550681,1,272,210,17.23,97.36,1,991
1520530342.600683,1,233,193,17.26,27.14,0,991
1520530342.650684,1,300,202,17.23,29.29,0,991
1520530342.700643,1,300,210,16.67,115.42,1,1019
1520530342.750644,1,208,176,16.61,27.76,0,1019
1520530342.800646,1,178,157,16.45,76.20,1,1019
1520530342.850648,1,300,209,16.33,27.78,0,1019
1520530342.900649,1,194,162,16.34,27.32,0,1019
1520530342.950651,1,151,138,16.32,72.64,1,1014
1520530343.000653,1,158,145,16.19,19.74,0,1014
1520530343.050654,1,300,197,16.16,27.89,0,1014
1520530343.101131,1,300,201,23.99,88.53,1,1080
1520530343.151133,1,300,199,24.05,33.75,0,1080
1520530343.201134,1,189,163,23.98,27.44,0,1080
1520530343.251136,1,300,205,23.81,112.27,1,1166
1520530343.301138,1,300,206,23.65,34.64,0,1166
1520530343.351140,1,300,211,23.43,32.79,0,1166
1520530343.401141,1,300,192,23.24,121.19,1,1234
1520530343.451144,1,300,207,22.91,32.46,0,1234
1520530343.501404,1,300,209,26.77,30.55,0,1234
1520530343.551476,1,300,220,26.48,109.45,1,1311
1520530343.601407,1,300,224,26.19,32.83,0,1311
1520530343.651408,1,300,212,25.80,32.63,0,1311
1520530343.701410,1,300,214,25.21,99.15,1,1399
1520530343.751410,1,300,207,24.48,33.27,0,1399
1520530343.801413,1,300,228,23.88,32.55,0,1399
1520530343.851414,1,246,206,23.27,115.45,1,1368
1520530343.901415,1,300,235,22.52,30.36,0,1368
1520530343.951402,1,300,240,21.72,31.47,0,1368
1520530344.001403,1,230,199,21.38,133.04,1,1352
1520530344.051405,1,254,205,21.14,27.32,0,1352
1520530344.101406,1,278,229,20.85,30.05,0,1352
1520530344.151408,1,286,228,20.63,91.83,1,1415
1520530344.201410,1,220,194,20.44,26.91,0,1415
1520530344.251411,1,225,191,20.14,24.39,0,1415
1520530344.301413,1,220,188,19.90,87.61,1,1437
1520530344.351409,1,300,234,19.43,30.28,0,1437
1520530344.401411,1,300,232,19.31,33.11,0,1437
1520530344.451412,1,300,224,19.20,117.71,1,1498
1520530344.501414,1,231,204,19.13,28.65,0,1498
1520530344.551415,1,255,206,19.19,26.31,0,1498
1520530344.601418,1,300,219,19.18,133.40,1,1548
1520530344.651419,1,300,228,19.32,33.76,0,1548
1520530344.701421,1,300,216,19.50,32.03,0,1548
1520530344.751636,1,300,228,21.90,111.67,1,1579
1520530344.801638,1,278,219,22.14,31.82,0,1579
1520530344.851639,1,300,216,22.34,31.49,0,1579
1520530344.901641,1,300,223,22.45,138.32,1,1621
1520530344.951642,1,300,221,22.76,31.30,0,1621
1520530345.001644,1,300,219,22.81,30.85,0,1621
1520530345.051645,1,300,208,22.70,95.70,1,1658
1520530345.101647,1,300,211,22.83,31.54,0,1658
1520530345.151845,1,300,219,23.87,32.41,0,1658
1520530345.201743,1,246,184,24.00,96.45,1,1698
1520530345.251745,1,300,214,24.16,28.91,0,1698
1520530345.301746,1,300,212,24.33,31.84,0,1698
1520530345.351748,1,300,211,24.37,93.61,1,1697
1520530345.401750,1,300,210,24.52,31.17,0,1697
1520530345.451751,1,300,202,24.72,31.20,0,1697
1520530345.501753,1,198,147,24.98,148.17,1,1691
1520530345.551195,1,300,182,18.55,29.45,0,1691
1520530345.601196,1,220,154,18.66,28.69,0,1691
1520530345.651198,1,300,181,18.80,120.66,1,1742
1520530345.701199,1,300,175,19.03,37.73,0,1742
1520530345.751201,1,300,171,19.17,38.97,0,1742
1520530345.801203,1,139,91,19.33,123.95,1,1757
1520530345.851204,1,119,90,19.71,19.01,0,1757
1520530345.901206,1,173,111,20.29,24.37,0,1757
1520530345.951161,1,226,107,20.15,91.50,1,1751
1520530346.001475,1,300,159,24.84,45.21,0,1751
1520530346.051476,1,300,160,25.33,58.85,0,1751
1520530346.101478,1,104,79,25.71,111.72,1,1760
1520530346.151479,1,300,155,26.05,26.17,0,1760
1520530346.201480,1,300,163,26.49,45.22,0,1760
1520530346.251484,1,300,160,26.79,110.20,1,1856
1520530346.301485,1,300,140,26.96,51.40,0,1856
1520530346.351486,1,300,149,27.03,45.73,0,1856
1520530346.401376,1,300,140,25.46,131.53,1,1855
1520530346.451378,1,300,132,25.59,47.38,0,1855
1520530346.501379,1,300,139,25.71,49.71,0,1855
1520530346.551380,1,300,138,25.78,157.40,1,1875
1520530346.601382,1,300,148,25.91,46.52,0,1875
1520530346.651383,1,300,142,25.97,46.75,0,1875
1520530346.701385,1,300,135,25.96,110.08,1,1877
1520530346.751386,1,178,117,25.98,143.31,1,1855
1520530346.801545,1,261,138,28.53,29.83,0,1855
1520530346.851546,1,300,153,28.54,36.62,0,1855
1520530346.901547,1,210,126,28.65,146.84,1,1930
1520530346.951549,1,295,146,28.80,32.00,0,1930
1520530347.001551,1,163,112,28.84,29.92,0,1930
1520530347.051553,1,260,151,28.92,93.73,1,2021
1520530347.101554,1,300,162,29.00,33.04,0,2021
1520530347.151556,1,300,162,29.00,33.91,0,2021
1520530347.201400,1,246,132,26.49,141.90,1,2065
1520530347.251402,1,190,113,26.55,26.34,0,2065
1520530347.301403,1,172,100,26.48,21.76,0,2065
1520530347.351405,1,224,133,26.48,95.56,1,2041
1520530347.401407,1,194,114,26.49,26.40,0,2041
1520530347.451408,1,130,87,26.37,132.16,1,1957
1520530347.501410,1,300,145,26.40,26.91,0,1957
1520530347.551411,1,209,107,26.51,29.36,0,1957
1520530347.601218,1,165,89,23.48,153.71,1,1912
1520530347.651220,1,187,102,23.63,22.51,0,1912
1520530347.701222,1,218,110,23.79,24.96,0,1912
1520530347.751223,1,287,142,24.00,95.44,1,1914
1520530347.801224,1,300,163,24.23,38.91,0,1914
1520530347.851226,1,271,133,24.30,42.49,0,1914
1520530347.901227,1,300,151,24.53,123.03,1,1916
1520530347.951229,1,287,137,24.56,42.78,0,1916
1520530348.001163,1,184,118,23.50,39.13,0,1916
1520530348.051164,1,112,89,23.53,82.06,1,1872
1520530348.101166,1,247,137,23.64,28.71,0,1872
1520530348.151168,1,300,163,23.71,43.44,0,1872
1520530348.201169,1,102,81,23.82,96.92,1,1855
1520530348.251170,1,79,67,23.88,15.58,0,1855
1520530348.301184,1,300,144,23.97,27.64,0,1855
1520530348.351173,1,300,142,24.00,112.92,1,1862
1520530348.401175,1,300,134,24.05,47.32,0,1862
1520530348.451416,1,222,131,28.48,43.46,0,1862
1520530348.501419,1,300,149,28.48,114.02,1,1934
1520530348.551420,1,300,164,28.48,43.68,0,1934
1520530348.601422,1,118,85,28.47,109.65,1,1882
1520530348.651423,1,156,107,28.46,20.49,0,1882
1520530348.701425,1,117,88,28.38,23.20,0,1882
1520530348.751426,1,98,76,28.41,77.61,1,1839
1520530348.801427,1,96,83,28.53,14.91,0,1839
1520530348.851315,1,107,86,26.29,15.74,0,1839
1520530348.901316,1,99,84,26.19,83.39,1,1861
1520530348.951318,1,94,83,26.01,15.36,0,1861
1520530349.001319,1,94,84,25.86,15.27,0,1861
1520530349.051321,1,101,90,25.65,70.69,1,1814
1520530349.101322,1,92,87,25.31,15.17,0,1814
1520530349.151325,1,99,94,25.03,14.15,0,1814
1520530349.201326,1,105,99,24.83,68.65,1,1764
1520530349.251106,1,240,154,20.82,23.48,0,1764
1520530349.301107,1,159,133,20.61,25.77,0,1764
1520530349.351109,1,138,129,20.57,73.12,1,1760
1520530349.401110,1,287,192,20.49,26.95,0,1760
1520530349.451112,1,300,207,20.37,33.05,0,1760
1520530349.501114,1,253,184,20.39,91.29,1,1772
1520530349.551115,1,300,220,20.44,32.66,0,1772
1520530349.601117,1,227,183,20.49,30.23,0,1772
1520530349.650935,1,267,199,17.32,115.49,1,1759
1520530349.700937,1,195,176,17.27,26.82,0,1759
1520530349.750943,1,178,162,17.24,21.85,0,1759
1520530349.800940,1,161,151,17.11,111.91,1,1737
1520530349.850941,1,300,212,17.07,27.93,0,1737
1520530349.900986,1,300,230,17.01,32.84,0,1737
1520530349.950944,1,211,176,16.94,137.98,1,1714
1520530350.000946,1,180,151,16.81,23.12,0,1714
1520530350.051376,1,300,204,24.11,27.35,0,1714
1520530350.101378,1,300,187,24.03,132.64,1,1790
1520530350.151379,1,300,184,23.88,34.63,0,1790
1520530350.201381,1,300,194,23.74,32.71,0,1790
1520530350.251384,1,300,199,23.38,138.95,1,1837
1520530350.301384,1,300,197,23.28,33.28,0,1837
1520530350.351386,1,300,213,23.08,34.72,0,1837
1520530350.401387,1,300,198,22.86,138.90,1,1887
1520530350.451515,1,300,190,24.52,33.88,0,1887
1520530350.501516,1,300,184,24.37,34.46,0,1887
1520530350.551518,1,223,161,24.12,127.90,1,1745
1520530350.601520,1,300,198,23.88,29.04,0,1745
1520530350.651521,1,300,206,23.80,31.42,0,1745
1520530350.701523,1,300,206,23.65,132.38,1,1748
1520530350.751523,1,222,171,23.44,27.55,0,1748
1520530350.801526,1,300,194,23.26,27.49,0,1748
1520530350.851527,1,300,209,22.94,141.15,1,1725
1520530350.901571,1,230,188,23.25,28.90,0,1725
1520530350.951573,1,300,215,22.89,28.90,0,1725
1520530351.001574,1,267,197,22.47,127.52,1,1761
1520530351.051576,1,300,225,21.96,30.62,0,1761
1520530351.101578,1,231,194,21.37,29.23,0,1761
1520530351.151579,1,172,162,20.84,81.35,1,1706
1520530351.201581,1,148,137,20.25,19.42,0,1706
1520530351.251582,1,138,125,19.96,17.10,0,1706
1520530351.301683,1,149,132,20.93,109.50,1,1623
1520530351.351680,1,161,135,20.60,19.44,0,1623
1520530351.401685,1,300,201,20.44,26.67,0,1623
1520530351.451683,1,300,202,20.38,88.66,1,1641
1520530351.501759,1,229,190,20.19,27.68,0,1641
1520530351.551686,1,300,203,20.14,27.55,0,1641
1520530351.601688,1,300,217,20.04,114.01,1,1627
1520530351.651689,1,300,218,20.08,31.72,0,1627
1520530351.701695,1,300,221,20.10,30.65,0,1627
1520530351.751696,1,248,206,20.04,116.03,1,1637
1520530351.801698,1,249,209,20.08,26.41,0,1637
1520530351.851700,1,300,230,20.08,29.38,0,1637
1520530351.901701,1,300,218,20.15,127.09,1,1610
1520530351.951703,1,234,192,20.26,28.40,0,1610
1520530352.001704,1,300,224,20.38,28.66,0,1610
1520530352.051706,1,300,210,20.47,129.23,1,1578
1520530352.101805,1,270,221,21.69,31.24,0,1578
1520530352.151806,1,300,214,21.68,30.37,0,1578
1520530352.201808,1,207,184,21.70,90.50,1,1583
1520530352.251809,1,300,197,21.77,27.88,0,1583
1520530352.301811,1,208,164,21.80,29.01,0,1583
1520530352.351812,1,149,130,21.73,100.47,1,1578
1520530352.401814,1,279,179,22.00,26.58,0,1578
1520530352.451817,1,300,204,22.29,33.57,0,1578
1520530352.501469,1,300,188,18.42,112.43,1,1596
1520530352.551471,1,300,194,18.50,36.61,0,1596
1520530352.601472,1,300,186,18.59,36.00,0,1596
1520530352.651474,1,300,184,18.61,119.42,1,1596
1520530352.701475,1,254,161,18.75,32.23,0,1596
1520530352.751477,1,300,183,18.76,32.80,0,1596
1520530352.801478,1,189,139,18.85,131.51,1,1625
1520530352.851480,1,300,169,18.96,29.43,0,1625
1520530352.901098,1,260,134,14.55,35.20,0,1625
1520530352.951099,1,158,106,14.64,145.73,1,1654
1520530353.001101,1,235,133,14.72,26.90,0,1654
1520530353.051102,1,172,111,14.88,42.07,0,1654
1520530353.101208,1,111,78,15.01,134.39,1,1663
1520530353.151105,1,99,66,15.23,20.32,0,1663
1520530353.201107,1,300,133,15.57,28.63,0,1663
1520530353.251108,1,86,67,15.95,115.17,1,1672
1520530353.301110,1,300,139,16.24,27.65,0,1672
1520530353.351398,1,145,88,20.68,47.62,0,1672
1520530353.401399,1,94,60,21.18,99.12,1,1676
1520530353.451401,1,60,49,21.47,16.08,0,1676
1520530353.501402,1,60,49,21.77,11.40,0,1676
1520530353.551404,1,300,114,22.04,147.78,1,1698
1520530353.601405,1,195,94,22.26,42.25,0,1698
1520530353.651407,1,300,125,22.28,31.49,0,1698
1520530353.701408,1,300,115,22.34,151.72,1,1691
1520530353.751736,1,245,113,27.66,46.47,0,1691
1520530353.801738,1,280,118,27.65,35.31,0,1691
1520530353.851739,1,300,139,27.63,148.69,1,1718
1520530353.901741,1,236,116,27.78,39.31,0,1718
1520530353.951742,1,278,128,27.88,34.98,0,1718
1520530354.001744,1,167,112,27.90,165.94,1,1762
1520530354.051745,1,142,93,27.91,21.18,0,1762
1520530354.101747,1,300,137,27.96,29.12,0,1762
1520530354.151896,1,300,138,30.45,180.55,1,1775
1520530354.201897,1,300,144,30.55,41.31,0,1775
1520530354.251899,1,300,154,30.56,41.39,0,1775
1520530354.301900,1,300,163,30.73,141.16,1,1773
1520530354.351902,1,300,154,30.73,35.42,0,1773
1520530354.401904,1,300,161,30.68,37.55,0,1773
1520530354.451905,1,300,151,30.55,145.59,1,1761
1520530354.501907,1,254,143,30.66,35.03,0,1761
1520530354.551594,1,300,162,25.40,34.38,0,1761
1520530354.601593,1,218,144,25.40,125.50,1,1746
1520530354.651595,1,214,137,25.53,28.91,0,1746
1520530354.701596,1,150,112,25.57,22.17,0,1746
1520530354.751597,1,300,158,25.73,97.76,1,1786
1520530354.801599,1,300,171,25.78,35.88,0,1786
1520530354.851600,1,242,139,25.94,34.03,0,1786
1520530354.901602,1,201,123,26.04,111.94,1,1766
1520530354.951359,1,300,157,22.03,31.94,0,1766
1520530355.001360,1,300,156,22.21,35.61,0,1766
1520530355.051362,1,264,136,22.21,93.12,1,1765
1520530355.101363,1,252,136,22.48,36.03,0,1765
1520530355.151365,1,300,143,22.72,40.40,0,1765
1520530355.201366,1,300,148,22.86,111.47,1,1784
1520530355.251368,1,233,131,22.84,45.35,0,1784
1520530355.301370,1,222,129,22.92,37.81,0,1784
1520530355.351371,1,300,151,22.96,93.02,1,1855
1520530355.401407,1,107,86,23.57,116.23,1,1857
1520530355.451408,1,93,74,23.55,16.78,0,1857
1520530355.501410,1,71,64,23.54,14.44,0,1857
1520530355.551411,1,61,57,23.59,100.38,1,1858
1520530355.601414,1,63,62,23.57,11.73,0,1858
1520530355.651416,1,261,137,23.68,23.20,0,1858
1520530355.701417,1,300,146,23.81,96.82,1,1863
1520530355.751418,1,300,150,23.80,46.76,0,1863
1520530355.801531,1,269,147,25.91,43.89,0,1863
1520530355.851533,1,265,149,25.91,109.52,1,1888
1520530355.901534,1,269,140,25.96,37.11,0,1888
1520530355.951536,1,142,98,25.89,109.69,1,1869
1520530356.001537,1,300,162,25.72,28.25,0,1869
1520530356.051539,1,300,152,25.67,41.76,0,1869
1520530356.101541,1,300,150,25.73,134.46,1,1895
1520530356.151542,1,161,121,25.61,87.01,1,1866
1520530356.201376,1,300,156,22.47,28.46,0,1866
1520530356.251380,1,162,119,22.30,30.91,0,1866
1520530356.301379,1,136,107,22.29,117.48,1,1887
1520530356.351380,1,114,102,22.15,17.40,0,1887
1520530356.401382,1,99,96,21.97,16.50,0,1887
1520530356.451383,1,99,97,21.74,73.25,1,1863
1520530356.501385,1,100,97,21.51,14.68,0,1863
1520530356.551386,1,105,100,21.39,14.90,0,1863
1520530356.601232,1,134,117,18.75,119.91,1,1858
1520530356.651235,1,119,111,18.61,16.72,0,1858
1520530356.701236,1,117,111,18.47,15.54,0,1858
1520530356.751237,1,235,172,18.55,112.88,1,1813
1520530356.801239,1,225,173,18.49,27.03,0,1813
1520530356.851240,1,200,170,18.44,25.68,0,1813
1520530356.901242,1,165,153,18.38,114.97,1,1748
1520530356.951244,1,208,177,18.46,23.71,0,1748
1520530357.001153,1,300,214,16.78,31.08,0,1748
1520530357.051154,1,208,182,16.79,108.91,1,1762
1520530357.101156,1,254,204,16.76,26.73,0,1762
1520530357.151156,1,202,182,16.65,26.54,0,1762
1520530357.201159,1,300,218,16.57,130.83,1,1813
1520530357.251160,1,300,212,16.53,33.37,0,1813
1520530357.301162,1,198,173,16.53,27.80,0,1813
1520530357.351164,1,300,213,16.37,135.27,1,1882
1520530357.401658,1,300,204,24.46,33.98,0,1882
1520530357.451660,1,300,197,24.36,34.18,0,1882
1520530357.501662,1,300,196,24.13,141.32,1,1942
1520530357.551663,1,300,203,24.06,33.54,0,1942
1520530357.601666,1,300,198,23.77,32.22,0,1942
1520530357.651666,1,300,207,23.65,138.69,1,2015
1520530357.701667,1,300,205,23.53,32.37,0,2015
1520530357.751669,1,300,208,23.39,33.61,0,2015
1520530357.801671,1,300,216,23.32,140.95,1,2015
1520530357.851585,1,300,204,21.46,34.86,0,2015
1520530357.901559,1,300,197,21.39,31.48,0,2015
1520530357.951560,1,300,192,21.28,101.01,1,2031
1520530358.001562,1,300,183,21.23,31.50,0,2031
1520530358.051563,1,300,198,21.06,32.52,0,2031
1520530358.101565,1,300,204,20.86,132.55,1,2018
1520530358.151567,1,300,207,20.72,32.96,0,2018
1520530358.201568,1,300,199,20.56,30.37,0,2018
1520530358.251625,1,214,159,21.26,141.08,1,1983
1520530358.301626,1,300,200,20.97,28.42,0,1983
1520530358.351628,1,300,207,20.71,34.28,0,1983
1520530358.401629,1,300,197,20.39,103.72,1,1979
1520530358.451631,1,269,197,20.01,30.78,0,1979
1520530358.501632,1,200,166,19.59,25.42,0,1979
1520530358.551634,1,202,171,19.20,121.42,1,1894
1520530358.601636,1,179,155,18.71,21.85,0,1894
1520530358.651798,1,160,140,20.34,19.23,0,1894
1520530358.701800,1,300,213,19.99,159.85,1,1879
1520530358.751801,1,198,169,19.78,29.12,0,1879
1520530358.801803,1,264,201,19.40,26.41,0,1879
1520530358.851805,1,300,227,19.15,146.45,1,1893
1520530358.901806,1,300,223,18.90,34.44,0,1893
1520530358.951808,1,300,229,18.60,31.68,0,1893
1520530359.001810,1,232,199,18.56,118.24,1,1853
1520530359.051806,1,225,191,18.37,25.80,0,1853
1520530359.101811,1,179,172,18.17,22.57,0,1853
1520530359.151809,1,181,170,18.18,128.16,1,1825
1520530359.201810,1,283,218,18.09,27.68,0,1825
1520530359.251812,1,300,219,18.02,31.30,0,1825
1520530359.301813,1,300,228,18.09,100.03,1,1840
1520530359.351815,1,300,223,18.23,32.04,0,1840
1520530359.401817,1,232,192,18.38,31.07,0,1840
1520530359.451919,1,190,173,18.95,92.71,1,1783
1520530359.501870,1,250,204,19.13,25.01,0,1783
1520530359.551871,1,300,219,19.18,30.96,0,1783
1520530359.601873,1,206,182,19.27,143.15,1,1721
1520530359.651874,1,300,226,19.51,28.89,0,1721
1520530359.701876,1,271,217,19.61,31.23,0,1721
1520530359.751878,1,201,180,19.67,99.64,1,1777
1520530359.801879,1,191,169,19.79,23.49,0,1777
1520530359.851881,1,225,177,19.88,24.89,0,1777
1520530359.901826,1,290,196,19.16,129.13,1,1754
1520530359.951828,1,300,208,19.10,37.07,0,1754
1520530360.001829,1,300,212,19.12,36.26,0,1754
1520530360.051831,1,300,198,19.17,123.31,1,1759
1520530360.101832,1,300,195,19.16,35.97,0,1759
1520530360.151834,1,300,184,19.18,38.19,0,1759
1520530360.201836,1,182,136,19.28,100.91,1,1780
1520530360.251837,1,300,161,19.40,31.32,0,1780
1520530360.301316,1,300,139,13.72,49.05,0,1780
1520530360.351317,1,102,78,13.70,141.80,1,1715
1520530360.401319,1,92,63,13.82,16.11,0,1715
1520530360.451321,1,300,117,13.81,26.24,0,1715
1520530360.501323,1,128,82,13.91,113.09,1,1732
1520530360.551324,1,300,120,14.01,28.70,0,1732
1520530360.601326,1,99,70,14.17,52.98,0,1732
1520530360.651327,1,65,55,14.39,119.21,1,1736
1520530360.700978,1,60,42,10.77,15.57,0,1736
1520530360.750980,1,146,69,10.79,16.04,0,1736
1520530360.800981,1,122,63,10.92,138.38,1,1737
1520530360.850983,1,268,114,11.00,39.12,0,1737
1520530360.900984,1,85,66,11.11,52.27,0,1737
1520530360.950988,1,69,54,11.18,123.10,1,1684
1520530361.000988,1,300,130,11.37,29.34,0,1684
1520530361.051064,1,94,67,11.51,70.58,0,1684
1520530361.101044,1,93,69,12.31,109.38,1,1703
1520530361.151045,1,102,67,12.37,20.71,0,1703
1520530361.201047,1,61,52,12.45,18.11,0,1703
1520530361.251048,1,60,52,12.56,122.05,1,1656
1520530361.301050,1,300,136,12.73,26.14,0,1656
1520530361.351051,1,100,76,12.79,55.91,0,1656
1520530361.401053,1,257,120,12.91,109.61,1,1642
1520530361.451055,1,85,69,12.91,139.31,1,1557
1520530361.501690,1,239,131,23.60,22.99,0,1557
1520530361.551692,1,106,78,23.64,28.91,0,1557
1520530361.601693,1,86,63,23.57,117.04,1,1584
1520530361.651695,1,74,56,23.50,13.00,0,1584
1520530361.701696,1,300,142,23.27,26.50,0,1584
1520530361.751698,1,107,89,23.08,102.91,1,1530
1520530361.801700,1,87,80,22.99,17.13,0,1530
1520530361.851701,1,300,164,22.98,26.44,0,1530
1520530361.901939,1,112,96,26.79,120.85,1,1479
1520530361.951941,1,300,164,26.87,26.72,0,1479
1520530362.001942,1,145,113,27.04,32.10,0,1479
1520530362.051944,1,300,196,27.12,114.11,1,1523
1520530362.101945,1,157,114,27.27,80.83,1,1479
1520530362.151947,1,257,167,27.37,25.19,0,1479
1520530362.201949,1,300,190,27.48,36.34,0,1479
1520530362.251950,1,276,165,27.51,111.81,1,1500
1520530362.301951,1,300,180,27.58,33.29,0,1500
1520530362.351623,1,149,109,22.21,87.31,1,1510
1520530362.401625,1,127,91,22.32,18.16,0,1510
1520530362.451626,1,202,132,22.41,21.23,0,1510
1520530362.501628,1,264,158,22.42,100.50,1,1593
1520530362.551629,1,136,104,22.64,111.34,1,1538
1520530362.601631,1,171,125,22.77,21.91,0,1538
1520530362.651727,1,300,161,22.81,29.57,0,1538
1520530362.701634,1,300,160,22.91,110.80,1,1635
1520530362.751364,1,300,160,18.28,40.44,0,1635
1520530362.801366,1,139,93,18.31,104.60,1,1635
1520530362.851367,1,300,140,18.13,28.58,0,1635
1520530362.901369,1,300,142,18.07,41.64,0,1635
1520530362.951370,1,300,150,18.06,117.73,1,1638
1520530363.001372,1,300,146,18.08,47.68,0,1638
1520530363.051374,1,300,135,18.35,42.50,0,1638
1520530363.101375,1,300,143,18.35,111.66,1,1634
1520530363.151650,1,300,146,23.50,43.95,0,1634
1520530363.201651,1,300,138,23.82,52.95,0,1634
1520530363.251653,1,127,86,24.09,110.04,1,1627
1520530363.301654,1,300,119,24.38,30.65,0,1627
1520530363.351656,1,300,126,24.49,50.56,0,1627
1520530363.401658,1,300,124,24.61,131.96,1,1678
1520530363.451659,1,300,122,24.72,56.65,0,1678
1520530363.501661,1,132,73,24.77,122.14,1,1627
1520530363.551745,1,300,129,26.30,35.78,0,1627
1520530363.601746,1,275,111,26.06,50.25,0,1627
1520530363.651748,1,300,136,25.71,116.44,1,1682
1520530363.701749,1,300,129,25.55,45.40,0,1682
1520530363.751751,1,300,140,25.28,39.92,0,1682
1520530363.801753,1,244,123,25.07,111.77,1,1706
1520530363.851754,1,300,140,24.89,41.84,0,1706
1520530363.901756,1,221,123,24.61,45.12,0,1706
1520530363.951780,1,183,117,24.71,108.80,1,1708
1520530364.001782,1,89,83,24.42,97.51,1,1635
1520530364.051784,1,144,108,23.99,17.52,0,1635
1520530364.101785,1,105,96,23.50,18.78,0,1635
1520530364.151786,1,118,105,22.93,93.08,1,1674
1520530364.201788,1,91,87,22.48,16.94,0,1674
1520530364.251789,1,92,87,21.82,14.76,0,1674
1520530364.301791,1,254,173,21.19,101.23,1,1671
1520530364.351792,1,140,122,20.96,104.81,1,1625
1520530364.401853,1,124,115,21.55,18.05,0,1625
1520530364.451854,1,135,114,21.36,16.86,0,1625
1520530364.501856,1,275,176,21.29,107.11,1,1681
1520530364.551858,1,203,159,21.12,28.55,0,1681
1520530364.601859,1,143,122,21.04,100.54,1,1665
1520530364.651861,1,194,141,20.88,22.22,0,1665
1520530364.701862,1,128,103,20.92,21.47,0,1665
1520530364.751864,1,300,170,20.95,112.95,1,1770
1520530364.802375,1,189,138,28.51,33.85,0,1770
1520530364.852378,1,300,180,28.52,26.93,0,1770
1520530364.902379,1,163,125,28.39,114.57,1,1807
1520530364.952380,1,300,192,28.28,26.41,0,1807
1520530365.002383,1,300,216,28.00,34.63,0,1807
1520530365.052383,1,300,210,27.76,127.91,1,1876
1520530365.102386,1,300,210,27.62,32.58,0,1876
1520530365.152387,1,300,214,27.64,30.11,0,1876
1520530365.201844,1,287,199,20.20,123.22,1,1933
1520530365.251846,1,214,173,20.19,26.14,0,1933
1520530365.301847,1,300,213,20.26,27.88,0,1933
1520530365.351849,1,220,178,20.36,123.05,1,1940
1520530365.401850,1,300,208,20.48,27.59,0,1940
1520530365.451852,1,300,223,20.66,32.08,0,1940
1520530365.501853,1,300,208,20.82,128.26,1,2011
1520530365.551855,1,300,210,21.21,32.82,0,2011
1520530365.601535,1,300,203,16.74,32.01,0,2011
1520530365.651537,1,290,202,17.02,154.31,1,1993
1520530365.701539,1,233,178,17.15,28.33,0,1993
1520530365.751540,1,190,153,17.35,22.43,0,1993
1520530365.801546,1,300,193,17.64,124.32,1,2017
1520530365.851543,1,200,145,17.72,30.56,0,2017
1520530365.901545,1,300,181,17.85,27.71,0,2017
1520530365.951546,1,300,198,18.03,129.48,1,2067
1520530366.001907,1,219,158,23.91,27.90,0,2067
1520530366.051908,1,300,197,23.93,28.94,0,2067
1520530366.101911,1,234,179,23.65,151.62,1,2093
1520530366.151911,1,300,210,23.30,32.10,0,2093
1520530366.201913,1,300,215,22.79,33.39,0,2093
1520530366.251915,1,300,211,22.35,126.64,1,2044
1520530366.301916,1,223,174,21.87,29.25,0,2044
1520530366.351918,1,300,210,21.51,28.97,0,2044
1520530366.402120,1,300,208,23.83,157.26,1,2136
1520530366.452121,1,266,196,23.46,32.15,0,2136
1520530366.502124,1,230,187,23.15,29.39,0,2136
1520530366.552125,1,159,137,22.57,117.93,1,2046
1520530366.602127,1,132,118,22.12,17.64,0,2046
1520530366.652128,1,128,116,21.52,16.39,0,2046
1520530366.702130,1,119,111,21.01,96.56,1,1964
1520530366.752132,1,122,108,20.72,15.97,0,1964
1520530366.802132,1,108,104,20.53,15.58,0,1964
1520530366.852166,1,117,110,20.80,78.60,1,1886
1520530366.902167,1,115,106,20.71,16.24,0,1886
1520530366.952169,1,142,119,20.60,17.60,0,1886
1520530367.002170,1,122,112,20.62,127.12,1,1888
1520530367.052171,1,114,102,20.78,16.20,0,1888
1520530367.102178,1,119,105,20.94,15.56,0,1888
1520530367.152174,1,300,167,21.01,138.84,1,1870
1520530367.202177,1,144,118,21.15,135.84,1,1808
1520530367.252540,1,300,179,25.49,26.76,0,1808
1520530367.302541,1,300,174,25.38,31.90,0,1808
1520530367.352542,1,239,155,25.51,111.18,1,1867
1520530367.402545,1,195,138,25.37,24.15,0,1867
1520530367.452546,1,268,173,25.16,25.49,0,1867
1520530367.502548,1,300,181,24.87,100.19,1,1918
1520530367.552549,1,300,182,24.66,33.83,0,1918
1520530367.602551,1,300,189,24.50,30.25,0,1918
1520530367.652264,1,300,195,21.00,131.20,1,1905
1520530367.702266,1,300,186,20.97,31.51,0,1905
1520530367.752267,1,217,163,20.81,28.31,0,1905
1520530367.802269,1,300,190,20.78,138.01,1,1902
1520530367.852271,1,245,184,20.83,30.76,0,1902
1520530367.902272,1,193,169,20.59,25.30,0,1902
1520530367.952274,1,173,154,20.51,127.08,1,1869
1520530368.002275,1,300,220,20.37,27.51,0,1869
1520530368.052124,1,293,209,18.70,31.87,0,1869
1520530368.102125,1,300,219,18.59,120.03,1,1893
1520530368.152127,1,257,211,18.45,29.44,0,1893
1520530368.202129,1,300,219,18.33,30.32,0,1893
1520530368.252130,1,300,225,18.38,143.47,1,1960
1520530368.302132,1,230,189,18.37,31.73,0,1960
1520530368.352134,1,216,183,18.31,25.80,0,1960
1520530368.402135,1,300,216,18.33,145.96,1,2032
1520530368.452048,1,300,219,17.38,36.45,0,2032
1520530368.502050,1,152,138,17.36,156.11,1,1963
1520530368.552051,1,111,105,17.51,20.51,0,1963
1520530368.602053,1,104,89,17.79,17.30,0,1963
1520530368.652054,1,82,68,18.09,84.58,1,1880
1520530368.702056,1,93,67,18.38,17.35,0,1880
1520530368.752057,1,69,59,18.63,15.80,0,1880
1520530368.802058,1,300,148,19.00,145.32,1,1966
1520530368.851389,1,78,61,12.02,108.17,1,1874
1520530368.901391,1,60,52,12.36,18.45,0,1874
1520530368.951392,1,60,43,12.87,14.63,0,1874
1520530369.001394,1,70,51,13.27,103.87,1,1898
1520530369.051395,1,71,54,13.58,18.20,0,1898
1520530369.101397,1,300,137,13.85,26.30,0,1898
1520530369.151398,1,97,78,14.04,142.57,1,1911
1520530369.201400,1,69,57,14.20,15.80,0,1911
1520530369.251401,1,60,48,14.41,14.56,0,1911
1520530369.301537,1,60,51,16.59,99.13,1,1813
1520530369.351538,1,152,108,16.63,17.19,0,1813
1520530369.401540,1,108,94,16.59,18.42,0,1813
1520530369.451542,1,89,84,16.58,108.10,1,1781
1520530369.501543,1,79,70,16.58,15.45,0,1781
1520530369.551545,1,69,65,16.57,12.51,0,1781
1520530369.601546,1,82,71,16.64,90.08,1,1760
1520530369.651548,1,300,171,16.53,26.10,0,1760
1520530369.701896,1,135,111,21.70,31.54,0,1760
1520530369.751898,1,300,184,21.56,84.88,1,1803
1520530369.801901,1,176,138,21.42,87.11,1,1757
1520530369.851902,1,173,144,21.34,21.38,0,1757
1520530369.901903,1,300,179,21.20,27.77,0,1757
1520530369.951905,1,185,146,21.16,101.45,1,1719
1520530370.001906,1,282,182,21.09,28.31,0,1719
1520530370.051908,1,300,184,21.02,32.45,0,1719
1520530370.101930,1,195,154,21.17,103.62,1,1680
1520530370.151931,1,169,137,21.17,20.81,0,1680
1520530370.201933,1,165,136,21.09,18.97,0,1680
1520530370.251934,1,152,134,21.06,106.16,1,1622
1520530370.301934,1,141,128,21.01,18.41,0,1622
1520530370.351937,1,160,134,20.93,18.98,0,1622
1520530370.401938,1,146,127,20.91,71.08,1,1533
1520530370.451940,1,143,127,20.78,17.85,0,1533
1520530370.501883,1,127,118,19.88,16.27,0,1533
1520530370.551883,1,124,117,19.82,72.47,1,1542
1520530370.601898,1,126,115,19.76,16.56,0,1542
1520530370.651887,1,138,120,19.74,16.50,0,1542
1520530370.701889,1,137,121,19.76,84.36,1,1461
1520530370.751890,1,154,125,19.73,18.57,0,1461
1520530370.801892,1,246,174,19.73,23.72,0,1461
1520530370.851892,1,300,198,19.72,127.81,1,1517
1520530370.901941,1,300,202,20.37,34.05,0,1517
1520530370.951942,1,202,164,20.43,29.67,0,1517
1520530371.001944,1,170,144,20.38,122.34,1,1528
1520530371.051946,1,140,120,20.42,19.11,0,1528
1520530371.101947,1,159,136,20.28,18.10,0,1528
1520530371.151949,1,147,125,20.41,89.86,1,1522
1520530371.201950,1,227,165,20.32,22.65,0,1522
1520530371.251952,1,178,150,20.21,23.58,0,1522
1520530371.301953,1,165,143,20.20,92.05,1,1536
1520530371.351951,1,196,150,20.12,21.39,0,1536
1520530371.401953,1,168,144,20.09,20.96,0,1536
1520530371.451954,1,295,199,20.27,85.14,1,1519
1520530371.501956,1,197,168,20.20,28.63,0,1519
1520530371.551958,1,211,177,20.19,23.79,0,1519
1520530371.601959,1,189,165,20.26,111.50,1,1479
1520530371.651961,1,210,168,20.36,23.22,0,1479
1520530371.701962,1,243,188,20.37,25.54,0,1479
1520530371.751959,1,205,170,20.21,81.26,1,1416
1520530371.801961,1,300,207,20.12,27.93,0,1416
1520530371.851963,1,295,201,19.89,30.70,0,1416
1520530371.901964,1,300,204,19.65,121.35,1,1418
1520530371.951966,1,300,206,19.49,31.34,0,1418
1520530372.001968,1,300,200,19.37,33.43,0,1418
1520530372.051969,1,239,171,19.15,101.74,1,1407
1520530372.101971,1,203,142,19.09,22.41,0,1407
1520530372.151955,1,200,145,18.78,21.24,0,1407
1520530372.201977,1,206,147,18.80,97.98,1,1408
1520530372.251958,1,184,135,18.84,21.00,0,1408
1520530372.301960,1,187,138,18.78,19.35,0,1408
1520530372.351961,1,300,189,18.71,103.76,1,1390
1520530372.401963,1,240,168,18.75,27.83,0,1390
1520530372.451964,1,200,141,18.86,23.15,0,1390
1520530372.501966,1,189,131,18.87,86.98,1,1343
1520530372.551956,1,224,150,18.87,22.14,0,1343
1520530372.601959,1,225,155,18.91,22.74,0,1343
1520530372.651960,1,300,196,19.08,121.21,1,1312
1520530372.701961,1,300,195,19.33,31.00,0,1312
1520530372.751963,1,235,178,19.53,26.56,0,1312
1520530372.801964,1,202,155,19.96,112.90,1,1314
1520530372.851966,1,221,168,20.25,22.98,0,1314
1520530372.901967,1,300,207,20.60,27.41,0,1314
1520530372.951617,1,208,173,15.73,137.53,1,1361
1520530373.001619,1,300,205,15.83,28.65,0,1361
1520530373.051620,1,300,216,15.97,32.36,0,1361
1520530373.101622,1,280,204,16.00,148.01,1,1303
1520530373.151624,1,270,202,16.02,29.89,0,1303
1520530373.201626,1,205,170,16.10,24.70,0,1303
1520530373.251627,1,201,169,16.03,142.98,1,1291
1520530373.301630,1,300,214,16.02,29.87,0,1291
1520530373.351457,1,203,166,13.47,27.40,0,1291
1520530373.401458,1,173,146,13.36,102.23,1,1248
1520530373.451460,1,199,161,13.41,23.98,0,1248
1520530373.501461,1,300,209,13.33,28.87,0,1248
1520530373.551463,1,207,164,13.39,108.89,1,1278
1520530373.601465,1,300,190,13.29,31.59,0,1278
1520530373.651466,1,300,191,13.04,33.16,0,1278
1520530373.701467,1,185,143,12.81,165.02,1,1287
1520530373.751469,1,151,126,12.51,21.35,0,1287
1520530373.801615,1,136,116,13.73,18.01,0,1287
1520530373.851583,1,123,102,13.62,136.37,1,1285
1520530373.901585,1,120,99,13.30,15.91,0,1285
1520530373.951586,1,123,100,13.29,17.03,0,1285
1520530374.001589,1,118,101,13.14,66.48,1,1171
1520530374.051589,1,108,92,12.98,16.03,0,1171
1520530374.101591,1,269,152,12.82,23.62,0,1171
1520530374.151592,1,142,112,12.71,103.23,1,1170
1520530374.201953,1,249,143,16.93,24.34,0,1170
1520530374.251955,1,213,124,16.73,26.69,0,1170
1520530374.301956,1,140,87,16.53,81.88,1,1163
1520530374.351958,1,200,107,16.32,19.68,0,1163
1520530374.401959,1,161,86,16.16,19.36,0,1163
1520530374.451961,1,135,72,16.16,95.94,1,1178
1520530374.501962,1,124,69,16.23,17.88,0,1178
1520530374.551964,1,298,123,16.22,24.62,0,1178
1520530374.602407,1,172,97,21.17,103.27,1,1208
1520530374.652408,1,140,85,21.15,17.44,0,1208
1520530374.702410,1,188,103,21.09,20.01,0,1208
1520530374.752412,1,300,139,20.97,76.24,1,1275
1520530374.802413,1,300,153,20.79,35.14,0,1275
1520530374.852415,1,264,149,20.66,31.05,0,1275
1520530374.902417,1,206,132,20.63,79.22,1,1294
1520530374.952418,1,163,119,20.60,22.87,0,1294
1520530375.002442,1,211,151,20.83,22.21,0,1294
1520530375.052444,1,173,137,20.81,70.16,1,1244
1520530375.102445,1,153,135,20.98,19.27,0,1244
1520530375.152447,1,146,128,21.12,17.81,0,1244
1520530375.202449,1,154,131,21.24,65.87,1,1246
1520530375.252454,1,158,137,21.23,19.17,0,1246
1520530375.302452,1,176,149,21.34,21.60,0,1246
1520530375.352453,1,165,141,21.39,72.05,1,1253
1520530375.402252,1,148,134,18.56,19.03,0,1253
1520530375.452214,1,300,217,18.38,26.75,0,1253
1520530375.502216,1,203,166,18.23,92.49,1,1272
1520530375.552217,1,168,141,18.08,21.88,0,1272
1520530375.602219,1,148,126,17.68,19.26,0,1272
1520530375.652220,1,145,122,17.51,80.13,1,1201
1520530375.702222,1,137,121,17.17,18.72,0,1201
1520530375.752223,1,130,112,17.07,17.85,0,1201
1520530375.802225,1,142,119,16.99,98.34,1,1195
1520530375.852258,1,138,118,17.19,18.98,0,1195
1520530375.902259,1,128,112,17.21,16.10,0,1195
1520530375.952261,1,122,112,17.25,96.11,1,1177
1520530376.002263,1,121,109,17.40,15.47,0,1177
1520530376.052264,1,120,107,17.40,15.46,0,1177
1520530376.102265,1,113,101,17.37,92.35,1,1116
1520530376.152267,1,114,104,17.41,15.88,0,1116
1520530376.202270,1,113,101,17.73,15.79,0,1116
1520530376.251950,1,106,96,14.59,89.07,1,1065
1520530376.301951,1,106,95,14.68,16.15,0,1065
1520530376.351954,1,101,94,14.79,14.51,0,1065
1520530376.401955,1,94,81,14.93,88.02,1,1048
1520530376.451957,1,97,88,15.02,15.06,0,1048
1520530376.501958,1,300,167,15.31,24.93,0,1048
1520530376.551960,1,235,147,15.65,115.60,1,1069
1520530376.601961,1,124,106,16.14,69.57,1,1066
1520530376.652663,1,90,79,25.24,18.64,0,1066
1520530376.702664,1,72,62,25.77,73.56,1,1069
1520530376.752666,1,164,97,26.43,19.64,0,1069
1520530376.802668,1,300,146,26.99,32.00,0,1069
1520530376.852669,1,144,86,27.65,101.98,1,1046
1520530376.902671,1,205,107,28.17,30.45,0,1046
1520530376.952672,1,246,137,28.67,45.21,0,1046
1520530377.002721,1,136,83,28.94,96.39,1,1082
1520530377.052897,1,147,90,32.37,28.37,0,1082
1520530377.102900,1,300,155,32.28,30.52,0,1082
1520530377.152901,1,300,154,32.20,93.41,1,1137
1520530377.202903,1,300,153,32.08,37.21,0,1137
1520530377.252904,1,300,150,31.76,37.43,0,1137
1520530377.302906,1,300,172,31.50,100.45,1,1176
1520530377.352906,1,300,164,31.15,40.54,0,1176
1520530377.402909,1,300,173,30.80,41.63,0,1176
1520530377.451720,1,70,60,14.98,93.45,1,1192
1520530377.501720,1,60,50,15.02,14.47,0,1192
1520530377.551722,1,61,49,14.95,11.44,0,1192
1520530377.601723,1,87,60,14.85,84.81,1,1199
1520530377.651725,1,96,66,14.88,17.41,0,1199
1520530377.701726,1,91,60,14.87,20.50,0,1199
1520530377.751728,1,90,62,14.89,67.88,1,1181
1520530377.801730,1,60,47,14.90,19.08,0,1181
1520530377.851407,1,64,47,10.76,18.98,0,1181
1520530377.901409,1,60,45,10.55,83.60,1,1157
1520530377.951411,1,60,42,10.50,16.97,0,1157
1520530378.001412,1,89,58,10.45,15.92,0,1157
1520530378.051414,1,185,102,10.34,90.55,1,1214
1520530378.101416,1,82,70,10.45,64.94,1,1185
1520530378.151417,1,60,57,10.57,15.38,0,1185
1520530378.201419,1,300,160,10.58,27.08,0,1185
1520530378.251420,1,300,171,10.65,145.78,1,1317
1520530378.301512,1,300,163,11.98,68.83,0,1317
1520530378.351513,1,106,84,12.10,87.50,1,1307
1520530378.401515,1,73,61,12.15,16.45,0,1307
1520530378.451516,1,60,52,12.23,53.65,1,1278
1520530378.501517,1,60,53,12.25,15.13,0,1278
1520530378.551519,1,60,52,12.25,13.63,0,1278
1520530378.601571,1,300,167,12.20,69.17,1,1411
1520530378.651522,1,87,74,12.13,79.21,1,1395
1520530378.702209,1,60,54,23.35,17.80,0,1395
1520530378.752210,1,109,85,23.44,13.70,0,1395
1520530378.802212,1,80,66,23.58,100.11,1,1384
1520530378.852213,1,63,60,23.79,13.30,0,1384
1520530378.902215,1,61,59,23.89,12.23,0,1384
1520530378.952216,1,65,63,23.90,71.85,1,1332
1520530379.002218,1,66,65,23.98,12.45,0,1332
1520530379.052220,1,73,70,24.02,11.82,0,1332
1520530379.102149,1,155,112,22.92,56.34,1,1345
1520530379.152151,1,300,192,22.85,31.87,0,1345
1520530379.202152,1,137,107,22.89,35.88,0,1345
1520530379.252154,1,107,95,22.93,73.02,1,1347
1520530379.302155,1,100,87,22.99,16.35,0,1347
1520530379.352157,1,99,89,23.06,15.90,0,1347
1520530379.402159,1,78,74,23.15,61.32,1,1342
1520530379.452160,1,88,80,23.27,13.66,0,1342
1520530379.501850,1,108,85,18.27,15.22,0,1342
1520530379.551852,1,267,157,18.39,77.51,1,1426
1520530379.601853,1,133,94,18.39,88.56,1,1398
1520530379.651855,1,102,76,18.54,20.39,0,1398
1520530379.701856,1,300,143,18.48,28.24,0,1398
1520530379.751858,1,115,69,18.54,96.89,1,1441
1520530379.801860,1,148,81,18.47,25.93,0,1441
1520530379.851861,1,270,119,18.42,27.54,0,1441
1520530379.901824,1,164,90,17.82,78.45,1,1492
1520530379.951826,1,300,139,17.99,33.39,0,1492
1520530380.001827,1,300,137,18.20,50.01,0,1492
1520530380.051829,1,300,143,18.50,100.14,1,1562
1520530380.101830,1,300,142,18.73,66.76,0,1562
1520530380.151832,1,300,149,18.78,91.77,0,1562
1520530380.201888,1,169,99,18.87,136.86,1,1614
1520530380.251835,1,136,84,18.89,32.23,0,1614
1520530380.301736,1,300,144,16.90,33.01,0,1614
1520530380.352160,1,171,96,24.42,95.25,1,1650
1520530380.402162,1,185,107,23.97,27.52,0,1650
1520530380.452163,1,119,83,23.60,21.58,0,1650
1520530380.502166,1,300,148,23.27,100.83,1,1735
1520530380.552166,1,300,163,22.98,45.52,0,1735
1520530380.602168,1,279,161,22.76,39.45,0,1735
1520530380.652170,1,162,124,22.58,81.35,1,1790
1520530380.702171,1,106,97,22.46,18.89,0,1790
1520530380.752135,1,91,83,21.64,58.80,1,1698
1520530380.802136,1,93,87,21.45,14.17,0,1698
1520530380.852138,1,253,161,21.09,22.36,0,1698
1520530380.902139,1,129,121,20.75,73.28,1,1746
1520530380.952141,1,131,121,20.44,19.04,0,1746
1520530381.002143,1,135,123,20.12,17.86,0,1746
1520530381.052144,1,116,111,19.89,92.70,1,1711
1520530381.102146,1,122,105,19.64,16.14,0,1711
1520530381.152048,1,116,92,17.92,15.95,0,1711
1520530381.202049,1,88,74,17.59,61.15,1,1672
1520530381.252051,1,101,82,17.28,14.40,0,1672
1520530381.302052,1,91,79,16.99,14.48,0,1672
1520530381.352053,1,92,79,16.86,86.32,1,1574
1520530381.402056,1,122,97,16.77,15.69,0,1574
1520530381.452057,1,103,88,16.64,15.48,0,1574
1520530381.502058,1,108,93,16.68,58.92,1,1515
1520530381.552262,1,148,119,19.14,17.50,0,1515
1520530381.602264,1,178,136,19.10,20.38,0,1515
1520530381.652266,1,177,149,19.03,65.88,1,1560
1520530381.702267,1,148,125,19.00,19.46,0,1560
1520530381.752268,1,148,127,18.95,17.56,0,1560
1520530381.802325,1,142,122,18.74,64.61,1,1560
1520530381.852271,1,146,130,18.79,18.46,0,1560
1520530381.902273,1,300,211,18.71,26.00,0,1560
1520530381.952332,1,255,196,19.49,78.05,1,1624
1520530382.002334,1,190,153,19.41,25.34,0,1624
1520530382.052335,1,176,146,19.46,20.14,0,1624
1520530382.102337,1,165,135,19.52,78.19,1,1623
1520530382.152339,1,155,125,19.55,18.80,0,1623
1520530382.202340,1,300,206,19.81,26.87,0,1623
1520530382.252342,1,300,210,19.94,83.18,1,1635
1520530382.302343,1,235,177,20.10,31.64,0,1635
1520530382.352159,1,212,171,17.78,24.40,0,1635
1520530382.402160,1,300,202,17.83,106.67,1,1575
1520530382.452162,1,196,162,18.04,28.73,0,1575
1520530382.502164,1,168,141,18.17,70.90,1,1552
1520530382.552165,1,153,133,18.36,19.49,0,1552
1520530382.602167,1,147,129,18.57,18.19,0,1552
1520530382.652168,1,129,110,18.92,101.48,1,1553
1520530382.702170,1,124,108,19.02,16.45,0,1553
1520530382.752171,1,125,110,19.16,17.24,0,1553
1520530382.802243,1,144,113,20.02,99.32,1,1437
1520530382.852246,1,123,106,19.99,17.69,0,1437
1520530382.902248,1,112,103,19.89,15.91,0,1437
1520530382.952249,1,125,114,19.75,96.23,1,1422
1520530383.002250,1,117,109,19.56,16.16,0,1422
1520530383.052252,1,113,107,19.33,16.24,0,1422
1520530383.102252,1,132,119,19.13,88.80,1,1426
1520530383.152255,1,127,114,18.85,16.94,0,1426
1520530383.202206,1,114,106,17.91,17.11,0,1426
1520530383.252208,1,300,201,17.47,108.35,1,1481
1520530383.302210,1,165,138,17.17,82.83,1,1464
1520530383.352211,1,133,118,16.83,18.40,0,1464
1520530383.402266,1,115,106,16.51,16.25,0,1464
1520530383.452214,1,111,103,16.33,92.71,1,1482
1520530383.502216,1,121,109,16.03,16.50,0,1482
1520530383.552217,1,98,91,15.82,17.03,0,1482
1520530383.602472,1,127,110,18.39,103.71,1,1502
1520530383.652472,1,125,110,18.19,16.44,0,1502
1520530383.702475,1,300,189,17.91,26.48,0,1502
1520530383.752476,1,223,166,17.78,116.35,1,1446
1520530383.802478,1,300,205,17.81,29.16,0,1446
1520530383.852479,1,214,165,17.92,28.82,0,1446
1520530383.902481,1,204,162,17.84,115.36,1,1457
1520530383.952482,1,172,152,17.89,23.88,0,1457
1520530384.002530,1,153,135,18.53,21.21,0,1457
1520530384.052531,1,153,128,18.59,76.48,1,1423
1520530384.102533,1,106,95,18.93,19.96,0,1423
1520530384.152534,1,300,211,19.42,26.29,0,1423
1520530384.202536,1,157,136,20.07,87.36,1,1405
1520530384.252537,1,129,113,20.61,20.95,0,1405
1520530384.302539,1,195,148,21.36,22.77,0,1405
1520530384.352541,1,119,103,22.10,79.05,1,1362
1520530384.402432,1,97,91,21.28,16.60,0,1362
1520530384.452435,1,91,82,22.11,13.78,0,1362
1520530384.502435,1,87,78,23.17,67.73,1,1306
1520530384.552437,1,93,82,24.02,14.05,0,1306
1520530384.602439,1,127,107,24.79,16.46,0,1306
1520530384.652440,1,124,109,25.52,71.49,1,1248
1520530384.702442,1,278,182,26.13,26.79,0,1248
1520530384.752443,1,250,184,26.62,30.15,0,1248
1520530384.802857,1,192,164,34.33,79.97,1,1254
1520530384.852858,1,159,145,34.71,21.84,0,1254
1520530384.902860,1,139,127,34.87,19.09,0,1254
1520530384.952861,1,152,131,35.00,75.79,1,1273
1520530385.002916,1,232,175,34.94,25.04,0,1273
1520530385.052864,1,300,200,35.08,32.60,0,1273
1520530385.102866,1,225,177,35.00,89.18,1,1307
1520530385.152867,1,300,215,34.89,31.60,0,1307
1520530385.202869,1,211,183,34.63,31.91,0,1307
1520530385.252705,1,162,148,31.64,107.43,1,1324
1520530385.302707,1,138,135,31.17,20.13,0,1324
1520530385.352709,1,118,112,30.81,17.06,0,1324
1520530385.402710,1,119,116,30.43,88.34,1,1325
1520530385.452712,1,110,107,29.93,16.07,0,1325
1520530385.502713,1,300,201,29.43,26.73,0,1325
1520530385.552715,1,194,150,29.16,115.06,1,1380
1520530385.602716,1,177,130,28.92,24.67,0,1380
1520530385.652486,1,142,112,24.88,21.20,0,1380
1520530385.702487,1,148,113,24.67,69.89,1,1388
1520530385.752490,1,92,81,24.38,19.61,0,1388
1520530385.802491,1,132,100,24.28,17.39,0,1388
1520530385.852493,1,148,101,24.05,67.65,1,1365
1520530385.902494,1,128,101,23.72,20.56,0,1365
1520530385.952496,1,96,86,23.60,17.46,0,1365
1520530386.002497,1,300,171,23.49,78.79,1,1463
1520530386.052544,1,201,132,24.00,37.24,0,1463
1520530386.102546,1,300,161,23.95,36.87,0,1463
1520530386.152547,1,144,116,23.93,92.50,1,1420
1520530386.202549,1,129,104,23.90,20.03,0,1420
1520530386.252550,1,209,142,23.92,26.05,0,1420
1520530386.302552,1,131,103,23.92,88.76,1,1457
1520530386.352553,1,105,94,24.02,18.49,0,1457
1520530386.402554,1,293,168,24.00,25.64,0,1457
1520530386.452758,1,300,176,27.27,87.47,1,1456
1520530386.502760,1,300,176,27.40,46.39,0,1456
1520530386.552761,1,150,122,27.49,77.65,1,1416
1520530386.602814,1,291,173,27.69,30.96,0,1416
1520530386.652764,1,140,106,27.82,37.74,0,1416
1520530386.702766,1,201,144,27.86,83.50,1,1494
1520530386.752767,1,300,170,28.07,35.71,0,1494
1520530386.802769,1,253,137,28.22,47.52,0,1494
1520530386.852674,1,176,128,26.79,94.08,1,1550
1520530386.902676,1,300,149,27.05,32.14,0,1550
1520530386.952678,1,300,152,27.27,43.88,0,1550
1520530387.002679,1,300,145,27.65,135.36,1,1613
1520530387.052681,1,300,133,27.84,43.36,0,1613
1520530387.102682,1,231,106,28.23,39.50,0,1613
1520530387.152684,1,300,142,28.54,130.60,1,1677
1520530387.202685,1,220,100,28.79,52.45,0,1677
1520530387.252606,1,300,131,27.67,40.14,0,1677
1520530387.302607,1,300,130,27.84,146.73,1,1752
1520530387.352609,1,300,128,27.88,81.41,0,1752
1520530387.402611,1,300,109,27.88,59.79,0,1752
1520530387.452612,1,208,90,27.87,118.10,1,1661
1520530387.502614,1,181,76,27.72,49.78,0,1661
1520530387.552615,1,300,101,27.71,34.96,0,1661
1520530387.602617,1,300,113,27.49,108.99,1,1725
1520530387.652619,1,106,67,27.24,134.19,1,1717
1520530387.702457,1,69,55,24.11,18.40,0,1717
1520530387.752459,1,249,105,23.70,22.76,0,1717
1520530387.802460,1,300,108,23.20,140.06,1,1790
1520530387.852464,1,77,49,22.80,197.31,1,1717
1520530387.902463,1,300,103,22.30,29.01,0,1717
1520530387.952464,1,88,62,21.73,97.99,0,1717
1520530388.002467,1,60,44,21.13,108.44,1,1739
1520530388.052467,1,300,122,20.49,25.08,0,1739
1520530388.102494,1,116,75,20.44,53.56,0,1739
1520530388.152496,1,77,57,20.25,92.06,1,1716
1520530388.202544,1,60,48,19.95,15.73,0,1716
1520530388.252499,1,60,46,19.76,15.49,0,1716
1520530388.302501,1,159,85,19.58,93.49,1,1738
1520530388.352502,1,106,65,19.46,26.28,0,1738
1520530388.402504,1,115,70,19.42,18.91,0,1738
1520530388.452505,1,300,141,19.15,106.07,1,1774
1520530388.502852,1,258,137,23.33,39.14,0,1774
1520530388.552854,1,139,85,23.16,101.75,1,1782
1520530388.602855,1,300,148,23.05,27.30,0,1782
1520530388.652857,1,300,147,23.05,39.54,0,1782
1520530388.702858,1,217,113,23.15,108.72,1,1836
1520530388.752860,1,285,138,23.17,31.20,0,1836
1520530388.802861,1,169,97,23.10,30.36,0,1836
1520530388.852863,1,149,84,23.15,97.84,1,1832
1520530388.902233,1,99,64,15.35,18.94,0,1832
1520530388.952235,1,237,112,15.34,22.31,0,1832
1520530389.002237,1,300,122,15.11,112.04,1,1834
1520530389.052238,1,122,77,14.97,112.94,1,1827
1520530389.102240,1,148,82,15.00,18.91,0,1827
1520530389.152242,1,91,66,14.85,18.37,0,1827
1520530389.202243,1,102,71,14.87,92.53,1,1843
1520530389.252245,1,81,63,14.85,14.75,0,1843
1520530389.302934,1,76,62,23.21,13.74,0,1843
1520530389.352936,1,300,116,22.84,101.76,1,1822
1520530389.402938,1,300,115,22.41,40.20,0,1822
1520530389.452939,1,300,112,21.90,45.57,0,1822
1520530389.502940,1,265,117,21.28,127.34,1,1846
1520530389.552942,1,126,77,20.77,123.67,1,1842
1520530389.602943,1,125,89,20.49,19.02,0,1842
1520530389.652948,1,142,88,20.47,18.60,0,1842
1520530389.702847,1,128,82,19.75,112.59,1,1782
1520530389.753403,1,276,117,25.87,25.71,0,1782
1520530389.803445,1,270,114,26.36,43.56,0,1782
1520530389.853406,1,300,112,27.22,112.61,1,1814
1520530389.903408,1,218,110,28.23,36.46,0,1814
1520530389.953409,1,300,153,29.06,32.30,0,1814
1520530390.003411,1,215,131,29.99,108.38,1,1845
1520530390.053412,1,300,151,30.72,32.72,0,1845
1520530390.103414,1,300,171,31.36,40.04,0,1845
1520530390.152569,1,118,100,20.17,109.68,1,1760
1520530390.202569,1,200,117,20.20,23.32,0,1760
1520530390.252571,1,108,93,20.02,25.08,0,1760
1520530390.302572,1,102,92,19.76,91.24,1,1736
1520530390.352574,1,84,81,19.50,14.82,0,1736
1520530390.402575,1,80,75,19.28,13.00,0,1736
1520530390.452578,1,93,75,19.06,83.77,1,1693
1520530390.502578,1,66,58,18.92,14.78,0,1693
1520530390.553324,1,128,93,28.77,16.05,0,1693
1520530390.603326,1,228,135,28.68,109.44,1,1775
1520530390.653327,1,145,119,28.64,28.01,0,1775
1520530390.703329,1,136,115,28.78,96.28,1,1673
1520530390.753331,1,116,105,28.76,18.77,0,1673
1520530390.803333,1,112,107,28.54,15.89,0,1673
1520530390.853334,1,176,143,28.22,171.53,1,1657
1520530390.903336,1,173,139,27.74,21.79,0,1657
1520530390.953379,1,155,137,28.04,19.41,0,1657
1520530391.003381,1,176,144,27.58,174.27,1,1639
1520530391.053383,1,145,127,27.42,19.48,0,1639
1520530391.103384,1,300,221,27.21,27.48,0,1639
1520530391.153385,1,300,218,27.15,110.65,1,1667
1520530391.203387,1,231,185,27.01,30.29,0,1667
1520530391.253388,1,300,221,26.96,28.66,0,1667
1520530391.303389,1,300,222,26.82,111.20,1,1678
1520530391.352333,1,118,99,15.01,106.18,1,1596
1520530391.402366,1,300,204,14.89,29.73,0,1596
1520530391.452336,1,140,118,14.89,33.67,0,1596
1520530391.502338,1,125,108,14.68,95.16,1,1659
1520530391.552339,1,104,95,14.60,19.02,0,1659
1520530391.602341,1,115,100,14.45,16.19,0,1659
1520530391.652342,1,300,222,14.32,109.84,1,1769
1520530391.702344,1,181,155,14.17,27.75,0,1769
1520530391.752424,1,154,133,14.85,98.28,1,1679
1520530391.802426,1,155,134,14.74,18.72,0,1679
1520530391.852427,1,287,202,14.67,26.34,0,1679
1520530391.902428,1,300,219,14.49,118.90,1,1773
1520530391.952430,1,246,196,14.44,30.58,0,1773
1520530392.002431,1,203,167,14.47,27.18,0,1773
1520530392.052433,1,160,144,14.58,90.76,1,1712
1520530392.102435,1,135,120,14.71,19.53,0,1712
1520530392.152436,1,115,108,14.83,16.96,0,1712
1520530392.203142,1,132,115,22.37,88.26,1,1736
1520530392.253143,1,207,169,22.59,22.58,0,1736
1520530392.303145,1,163,140,22.91,23.91,0,1736
1520530392.353147,1,154,133,23.17,78.95,1,1775
1520530392.403147,1,300,223,23.30,30.42,0,1775
1520530392.453150,1,300,224,23.38,42.80,0,1775
1520530392.503151,1,279,201,23.45,133.69,1,1851
1520530392.553153,1,300,207,23.57,34.23,0,1851
1520530392.602235,1,75,65,13.67,99.60,1,1745
1520530392.652236,1,300,158,13.57,26.81,0,1745
1520530392.702237,1,137,103,13.64,38.71,0,1745
1520530392.752239,1,113,94,13.60,81.85,1,1776
1520530392.802241,1,300,188,13.55,37.51,0,1776
1520530392.852242,1,300,218,13.47,67.53,0,1776
1520530392.902243,1,130,115,13.34,134.22,1,1788
1520530392.952245,1,108,98,13.16,18.07,0,1788
1520530393.002174,1,96,88,11.97,15.61,0,1788
1520530393.052154,1,93,85,11.64,98.19,1,1783
1520530393.102155,1,151,125,11.47,18.19,0,1783
1520530393.152157,1,161,130,11.31,19.77,0,1783
1520530393.202159,1,127,111,10.99,102.40,1,1742
1520530393.252160,1,110,100,10.72,19.02,0,1742
1520530393.302162,1,124,108,10.64,16.72,0,1742
1520530393.352164,1,106,94,10.47,85.17,1,1759
1520530393.402921,1,272,230,17.82,26.77,0,1759
1520530393.452923,1,270,223,17.77,29.42,0,1759
1520530393.502924,1,300,242,18.00,126.22,1,1912
1520530393.552926,1,300,242,18.29,32.27,0,1912
1520530393.602927,1,245,214,18.87,30.39,0,1912
1520530393.652929,1,189,173,19.43,100.71,1,1892
1520530393.702931,1,143,136,19.94,22.42,0,1892
1520530393.752932,1,159,140,20.05,19.92,0,1892
1520530393.802958,1,228,179,20.31,118.63,1,1877
1520530393.852959,1,150,141,20.18,25.37,0,1877
1520530393.902961,1,147,129,20.22,18.97,0,1877
1520530393.952963,1,300,207,20.10,106.65,1,1940
1520530394.002964,1,300,225,20.05,32.83,0,1940
1520530394.052965,1,276,222,20.02,30.50,0,1940
1520530394.102968,1,221,190,19.88,89.53,1,1894
1520530394.152969,1,196,174,19.69,25.40,0,1894
1520530394.202165,1,128,121,11.30,123.23,1,1846
1520530394.252167,1,118,114,11.04,17.03,0,1846
1520530394.302169,1,116,112,10.81,15.46,0,1846
1520530394.352170,1,121,118,10.62,74.29,1,1842
1520530394.402172,1,115,113,10.46,15.94,0,1842
1520530394.452173,1,111,110,10.34,15.45,0,1842
1520530394.502175,1,115,112,10.32,73.97,1,1833
1520530394.552176,1,106,102,10.40,15.60,0,1833
1520530394.602189,1,100,98,10.40,14.83,0,1833
1520530394.652877,1,108,102,18.50,126.85,1,1839
1520530394.702878,1,110,102,18.94,15.60,0,1839
1520530394.752879,1,136,118,19.36,16.37,0,1839
1520530394.802881,1,127,116,19.82,117.63,1,1778
1520530394.852882,1,300,228,20.16,27.94,0,1778
1520530394.902885,1,211,177,20.75,29.86,0,1778
1520530394.952885,1,171,150,21.17,80.66,1,1810
1520530395.002887,1,161,140,21.27,20.18,0,1810
1520530395.053731,1,157,130,32.20,18.58,0,1810
1520530395.103732,1,280,211,32.52,109.40,1,1851
1520530395.153734,1,300,218,32.93,30.54,0,1851
1520530395.203735,1,296,225,33.67,31.93,0,1851
1520530395.253737,1,300,221,34.48,133.60,1,1891
1520530395.303738,1,300,218,35.49,30.83,0,1891
1520530395.353740,1,300,215,36.34,30.90,0,1891
1520530395.403742,1,213,162,37.16,124.29,1,1801
1520530395.452705,1,247,186,22.31,26.45,0,1801
1520530395.502707,1,300,212,22.74,31.82,0,1801
1520530395.552709,1,300,207,22.99,127.85,1,1786
1520530395.602710,1,186,165,23.10,27.90,0,1786
1520530395.652712,1,174,157,23.22,122.02,1,1737
1520530395.702713,1,300,228,23.19,28.22,0,1737
1520530395.752715,1,217,189,22.97,27.32,0,1737
1520530395.802716,1,204,180,22.80,114.50,1,1628
1520530395.853078,1,300,223,28.30,28.59,0,1628
1520530395.903079,1,300,221,28.03,31.23,0,1628
1520530395.953081,1,222,186,27.48,121.87,1,1668
1520530396.003083,1,211,180,27.02,23.60,0,1668
1520530396.053084,1,194,173,26.53,22.67,0,1668
1520530396.103085,1,233,203,25.99,118.85,1,1602
1520530396.153087,1,196,176,25.40,23.38,0,1602
1520530396.203089,1,241,192,25.02,24.35,0,1602
1520530396.253235,1,194,174,26.74,87.32,1,1610
1520530396.303237,1,258,203,26.45,25.96,0,1610
1520530396.353238,1,287,216,26.15,30.56,0,1610
1520530396.403240,1,195,171,25.98,103.25,1,1617
1520530396.453241,1,175,147,25.91,21.60,0,1617
1520530396.503243,1,175,138,25.75,19.97,0,1617
1520530396.553244,1,137,94,25.67,122.25,1,1575
1520530396.603246,1,120,82,25.61,18.03,0,1575
1520530396.653248,1,261,131,25.57,23.55,0,1575
1520530396.703145,1,300,151,24.16,143.67,1,1536
1520530396.753147,1,145,104,24.12,138.51,1,1540
1520530396.803148,1,300,144,24.02,26.30,0,1540
1520530396.853149,1,300,141,23.94,33.55,0,1540
1520530396.903152,1,300,146,23.75,120.22,1,1557
1520530396.953152,1,300,132,23.63,33.42,0,1557
1520530397.003155,1,300,126,23.42,33.49,0,1557
1520530397.053156,1,156,101,23.23,121.17,1,1501
1520530397.102782,1,127,81,18.68,17.56,0,1501
1520530397.152784,1,115,74,18.51,14.62,0,1501
1520530397.202785,1,300,123,18.54,84.77,1,1546
1520530397.252787,1,300,151,18.53,35.80,0,1546
1520530397.302788,1,175,127,18.52,86.22,1,1532
1520530397.352790,1,300,166,18.50,28.62,0,1532
1520530397.402791,1,300,179,18.54,34.10,0,1532
1520530397.452793,1,300,176,18.60,96.52,1,1605
1520530397.502304,1,300,178,12.93,37.60,0,1605
1520530397.552306,1,159,129,12.83,94.30,1,1625
1520530397.602308,1,141,120,12.91,19.50,0,1625
1520530397.652309,1,110,89,13.00,18.07,0,1625
1520530397.702310,1,99,75,13.22,73.54,1,1476
1520530397.752312,1,92,66,13.27,14.07,0,1476
1520530397.802315,1,98,73,13.61,13.52,0,1476
1520530397.852315,1,106,73,13.69,71.75,1,1462
1520530397.902585,1,95,68,17.45,15.95,0,1462
1520530397.952586,1,102,72,17.53,14.17,0,1462
1520530398.002588,1,95,69,17.61,68.60,1,1415
1520530398.052589,1,102,73,17.78,15.46,0,1415
1520530398.102591,1,87,62,17.90,15.43,0,1415
1520530398.152592,1,75,56,18.09,105.48,1,1335
1520530398.202594,1,300,180,18.28,26.96,0,1335
1520530398.252596,1,238,169,18.58,32.95,0,1335
1520530398.303365,1,248,187,31.27,130.17,1,1433
1520530398.353367,1,151,131,31.94,27.38,0,1433
1520530398.403368,1,127,120,32.49,106.83,1,1433
1520530398.453370,1,121,116,32.86,16.96,0,1433
1520530398.503371,1,124,116,32.89,17.21,0,1433
1520530398.553373,1,123,115,32.65,72.67,1,1439
1520530398.603375,1,139,126,32.22,17.16,0,1439
1520530398.653376,1,300,204,31.65,26.91,0,1439
1520530398.703221,1,300,212,28.56,95.80,1,1559
1520530398.753223,1,300,201,27.98,35.45,0,1559
1520530398.803225,1,181,148,27.41,29.07,0,1559
1520530398.853226,1,184,145,27.07,127.73,1,1594
1520530398.903227,1,196,152,26.60,24.37,0,1594
1520530398.953229,1,177,142,26.20,22.18,0,1594
1520530399.003230,1,289,191,25.73,105.16,1,1679
1520530399.053232,1,296,210,25.38,37.72,0,1679
1520530399.103233,1,271,189,24.89,36.35,0,1679
1520530399.152330,1,107,93,12.95,97.57,1,1660
1520530399.202332,1,101,95,12.67,16.29,0,1660
1520530399.252333,1,86,82,12.22,14.20,0,1660
1520530399.302335,1,84,80,12.10,68.19,1,1571
1520530399.352336,1,86,76,12.01,15.31,0,1571
1520530399.402342,1,78,70,11.86,13.06,0,1571
1520530399.452339,1,81,70,11.87,75.74,1,1501
1520530399.502341,1,66,58,11.93,12.81,0,1501
1520530399.553006,1,77,65,20.52,12.06,0,1501
1520530399.603008,1,69,59,20.76,87.71,1,1487
1520530399.653009,1,164,97,21.16,16.68,0,1487
1520530399.703011,1,109,77,21.46,23.07,0,1487
1520530399.753012,1,173,92,21.72,67.42,1,1442
1520530399.803014,1,300,132,21.81,32.98,0,1442
1520530399.853016,1,191,94,21.92,39.34,0,1442
1520530399.903017,1,300,128,22.01,93.58,1,1522
1520530399.953275,1,300,128,25.00,46.24,0,1522
1520530400.003276,1,300,135,24.52,47.47,0,1522
1520530400.053278,1,165,88,23.90,95.40,1,1524
1520530400.103279,1,286,121,23.29,31.08,0,1524
1520530400.153281,1,110,80,22.72,49.95,0,1524
1520530400.203283,1,83,70,22.28,97.22,1,1504
1520530400.253284,1,73,62,22.01,13.48,0,1504
1520530400.303286,1,75,63,21.63,13.54,0,1504
1520530400.352494,1,60,47,13.36,84.18,1,1474
1520530400.402496,1,289,145,13.42,25.33,0,1474
1520530400.452498,1,120,89,13.41,30.39,0,1474
1520530400.502500,1,117,85,13.40,84.12,1,1495
1520530400.552501,1,88,77,13.26,16.39,0,1495
1520530400.602502,1,79,72,13.26,13.13,0,1495
1520530400.652504,1,91,83,13.09,56.53,1,1473
1520530400.702505,1,300,209,13.07,27.79,0,1473
1520530400.752291,1,133,120,10.76,31.82,0,1473
1520530400.802292,1,110,100,10.70,60.68,1,1499
1520530400.852294,1,92,89,10.54,15.46,0,1499
1520530400.902295,1,85,84,10.43,14.27,0,1499
1520530400.952297,1,177,146,10.36,60.34,1,1474
1520530401.002299,1,110,96,10.29,22.25,0,1474
1520530401.052300,1,172,132,10.32,20.50,0,1474
1520530401.102302,1,96,89,10.03,73.63,1,1430
1520530401.152303,1,71,59,10.04,16.38,0,1430
1520530401.202755,1,71,63,14.96,12.56,0,1430
1520530401.252756,1,65,56,15.18,79.91,1,1426
1520530401.302758,1,76,66,15.36,13.56,0,1426
1520530401.352759,1,61,54,15.97,13.43,0,1426
1520530401.402761,1,60,57,16.49,78.69,1,1382
1520530401.452763,1,60,56,17.05,13.61,0,1382
1520530401.502764,1,60,52,17.53,12.40,0,1382
1520530401.552766,1,63,56,18.11,74.99,1,1379
1520530401.603037,1,64,56,22.19,12.90,0,1379
1520530401.653039,1,63,58,22.85,12.10,0,1379
1520530401.703041,1,75,64,23.38,49.00,1,1296
1520530401.753042,1,300,201,23.96,25.96,0,1296
1520530401.803044,1,235,190,24.49,30.95,0,1296
1520530401.853045,1,300,213,25.02,73.92,1,1435
1520530401.903047,1,157,144,25.56,88.99,1,1416
1520530401.953048,1,300,200,25.85,27.25,0,1416
1520530402.002281,1,91,84,13.76,66.49,1,1441
1520530402.052283,1,84,78,13.72,14.84,0,1441
1520530402.102285,1,80,74,13.59,13.79,0,1441
1520530402.152286,1,78,75,13.38,71.24,1,1452
1520530402.202287,1,71,68,13.13,13.28,0,1452
1520530402.252289,1,64,64,13.04,12.77,0,1452
1520530402.302290,1,60,57,12.72,67.64,1,1431
1520530402.352292,1,60,54,12.62,16.17,0,1431
1520530402.402567,1,60,53,16.90,13.70,0,1431
1520530402.452569,1,60,38,16.84,66.50,1,1440
1520530402.502570,1,60,35,16.80,15.47,0,1440
1520530402.552572,1,60,41,16.93,19.70,0,1440
1520530402.602574,1,300,123,17.02,69.00,1,1383
1520530402.652672,1,72,53,17.30,122.96,1,1367
1520530402.702577,1,60,46,17.33,21.27,0,1367
1520530402.752578,1,60,44,17.37,16.45,0,1367
1520530402.803416,1,294,131,30.80,73.83,1,1476
1520530402.853417,1,300,134,30.07,53.10,0,1476
1520530402.903419,1,300,127,29.02,67.11,0,1476
1520530402.953420,1,300,133,27.80,102.48,1,1436
1520530403.003422,1,300,148,26.72,60.14,0,1436
1520530403.053424,1,246,136,25.74,49.85,0,1436
1520530403.103425,1,300,158,25.03,105.49,1,1482
1520530403.153427,1,238,148,24.55,51.11,0,1482
1520530403.202933,1,98,74,18.88,78.54,1,1393
1520530403.252935,1,86,67,19.19,16.11,0,1393
1520530403.302936,1,79,66,19.68,12.60,0,1393
1520530403.352938,1,73,67,20.14,63.00,1,1364
1520530403.402940,1,171,114,20.58,18.30,0,1364
1520530403.452941,1,300,155,21.11,41.90,0,1364
1520530403.502943,1,134,104,21.56,90.10,1,1398
1520530403.552945,1,300,167,22.09,29.20,0,1398
1520530403.602946,1,124,91,22.45,42.68,0,1398
1520530403.652254,1,60,46,12.15,69.72,1,1395
1520530403.702256,1,60,53,12.11,16.57,0,1395
1520530403.752257,1,60,54,11.98,14.34,0,1395
1520530403.802258,1,60,55,11.88,62.08,1,1403
1520530403.852261,1,300,168,11.78,25.30,0,1403
1520530403.902261,1,300,146,11.49,46.17,0,1403
1520530403.952263,1,76,67,11.38,83.11,1,1387
1520530404.002264,1,60,53,11.28,15.89,0,1387
1520530404.052744,1,60,58,19.14,15.65,0,1387
1520530404.102747,1,60,57,19.09,52.52,1,1330
1520530404.152748,1,60,55,19.13,13.74,0,1330
1520530404.202749,1,60,57,19.07,13.42,0,1330
1520530404.252828,1,60,58,19.23,48.52,1,1288
1520530404.302752,1,107,96,19.42,14.55,0,1288
1520530404.352753,1,91,89,19.81,14.97,0,1288
1520530404.402755,1,92,85,20.10,49.29,1,1299
1520530404.453112,1,127,118,26.54,17.31,0,1299
1520530404.503114,1,116,111,26.64,17.65,0,1299
1520530404.553115,1,116,112,26.74,64.90,1,1321
1520530404.603117,1,129,127,26.73,17.04,0,1321
1520530404.653119,1,123,121,26.63,17.33,0,1321
1520530404.703120,1,135,129,26.57,66.72,1,1305
1520530404.753122,1,127,126,26.52,17.41,0,1305
1520530404.803123,1,122,118,26.44,16.64,0,1305
1520530404.852642,1,95,91,18.61,53.37,1,1288
1520530404.902643,1,95,93,18.59,14.20,0,1288
1520530404.952645,1,119,105,18.80,15.36,0,1288
1520530405.002647,1,119,105,18.90,55.52,1,1270
1520530405.052648,1,97,94,19.02,15.91,0,1270
1520530405.102650,1,86,82,19.16,14.65,0,1270
1520530405.152651,1,82,81,19.29,50.66,1,1199
1520530405.202653,1,78,75,19.33,13.58,0,1199
1520530405.252327,1,62,57,13.51,14.25,0,1199
1520530405.302330,1,62,56,13.34,67.88,1,1168
1520530405.352331,1,60,56,13.32,14.69,0,1168
1520530405.402333,1,60,50,13.18,14.28,0,1168
1520530405.452334,1,60,49,13.11,72.76,1,1161
1520530405.502335,1,60,41,13.08,20.64,0,1161
1520530405.552337,1,60,26,12.76,15.43,0,1161
1520530405.602339,1,60,29,12.49,78.66,1,1153
1520530405.652792,1,300,101,20.39,35.36,0,1153
1520530405.702792,1,60,44,19.79,160.61,0,1153
1520530405.752795,1,270,101,19.23,85.18,1,1220
1520530405.802797,1,60,37,18.82,137.36,1,1194
1520530405.852855,1,60,35,18.38,20.68,0,1194
1520530405.902800,1,60,41,18.05,14.91,0,1194
1520530405.952801,1,123,71,17.85,71.47,1,1243
1520530406.002802,1,60,49,17.69,80.79,1,1091
1520530406.052804,1,102,68,17.68,14.80,0,1091
1520530406.103570,1,60,51,29.19,23.32,0,1091
1520530406.153571,1,151,91,29.07,72.72,1,1128
1520530406.203573,1,70,52,29.05,58.60,1,1135
1520530406.253574,1,60,50,29.16,14.87,0,1135
1520530406.303576,1,60,52,29.37,13.93,0,1135
1520530406.353577,1,60,51,29.65,48.62,1,1151
1520530406.403578,1,60,54,29.92,13.29,0,1151
1520530406.453581,1,61,55,30.32,12.44,0,1151
1520530406.503485,1,66,61,29.50,47.16,1,1159
1520530406.553487,1,61,56,30.32,13.45,0,1159
1520530406.603489,1,65,60,31.21,12.71,0,1159
1520530406.653490,1,66,60,32.31,64.53,1,1154
1520530406.703492,1,90,73,33.24,13.76,0,1154
1520530406.753493,1,66,61,34.14,15.53,0,1154
1520530406.803495,1,100,78,34.87,48.41,1,1068
1520530406.853497,1,66,58,35.33,21.19,0,1068
1520530406.902692,1,60,51,20.09,14.45,0,1068
1520530406.952693,1,60,42,19.99,56.34,1,976
1520530407.002694,1,178,69,20.01,17.87,0,976
1520530407.052696,1,60,34,19.95,43.84,0,976
1520530407.102698,1,60,20,19.81,56.69,1,983
1520530407.152699,1,60,27,19.47,29.31,0,983
1520530407.202701,1,60,26,19.21,22.84,0,983
1520530407.252702,1,300,119,18.63,65.62,1,999
1520530407.303185,1,60,55,26.88,92.00,1,896
1520530407.353185,1,60,52,26.02,14.62,0,896
1520530407.403187,1,60,55,25.25,14.29,0,896
1520530407.453221,1,60,54,24.71,62.16,1,914
1520530407.503190,1,60,58,24.12,13.77,0,914
1520530407.553191,1,60,59,23.82,13.64,0,914
1520530407.603193,1,64,62,23.49,59.05,1,923
1520530407.653194,1,66,63,23.33,11.91,0,923
1520530407.703510,1,74,71,28.01,12.36,0,923
1520530407.753511,1,77,70,27.94,52.43,1,902
1520530407.803513,1,79,73,27.74,14.63,0,902
1520530407.853514,1,211,153,27.48,21.00,0,902
1520530407.903516,1,220,148,27.23,76.96,1,999
1520530407.953518,1,139,122,26.85,24.76,0,999
1520530408.003519,1,208,161,26.27,21.64,0,999
1520530408.053521,1,300,215,25.63,90.71,1,1120
1520530408.103522,1,164,147,25.03,64.15,1,1092
1520530408.153603,1,159,134,25.46,20.73,0,1092
1520530408.203605,1,138,130,24.89,20.82,0,1092
1520530408.253606,1,153,136,24.43,77.79,1,1109
1520530408.303608,1,137,127,24.01,19.30,0,1109
1520530408.353609,1,300,226,23.64,27.48,0,1109
1520530408.403612,1,202,183,23.34,64.97,1,1184
1520530408.453613,1,227,200,23.09,25.67,0,1184
1520530408.503614,1,181,170,22.80,23.95,0,1184
1520530408.553374,1,226,203,19.96,72.08,1,1228
1520530408.603376,1,293,227,19.81,28.89,0,1228
1520530408.653377,1,203,187,19.71,28.02,0,1228
1520530408.703379,1,255,219,19.69,67.08,1,1274
1520530408.753380,1,226,192,19.65,26.87,0,1274
1520530408.803382,1,300,241,19.76,30.58,0,1274
1520530408.853383,1,267,228,19.74,82.59,1,1324
1520530408.903385,1,188,170,19.70,26.29,0,1324
1520530408.952878,1,163,147,14.31,22.11,0,1324
1520530409.002880,1,134,121,14.32,68.51,1,1343
1520530409.052890,1,117,103,14.31,16.97,0,1343
1520530409.102883,1,117,99,14.31,16.45,0,1343
1520530409.152884,1,109,96,14.42,57.48,1,1345
1520530409.202886,1,152,111,14.61,19.13,0,1345
1520530409.252887,1,148,109,14.64,22.32,0,1345
1520530409.302889,1,122,97,14.94,95.22,1,1375
1520530409.352902,1,148,112,15.32,23.06,0,1375
1520530409.402904,1,93,76,15.46,22.68,0,1375
1520530409.452906,1,99,81,15.61,46.84,1,1411
1520530409.502907,1,73,66,15.90,15.09,0,1411
1520530409.552909,1,66,60,16.19,12.51,0,1411
1520530409.602910,1,90,79,16.58,91.32,1,1427
1520530409.652912,1,81,71,17.02,15.10,0,1427
1520530409.702913,1,110,84,17.45,14.28,0,1427
1520530409.752654,1,94,81,14.06,49.57,1,1443
1520530409.802656,1,100,88,14.39,15.70,0,1443
1520530409.852657,1,83,73,14.54,14.99,0,1443
1520530409.902659,1,86,76,14.54,109.70,1,1468
1520530409.952660,1,92,77,14.24,14.80,0,1468
1520530410.002662,1,98,86,14.12,14.61,0,1468
1520530410.052664,1,83,78,14.08,71.93,1,1383
1520530410.102666,1,72,70,14.05,14.25,0,1383
1520530410.153222,1,156,121,22.62,17.07,0,1383
1520530410.203225,1,110,103,22.47,60.84,1,1372
1520530410.253226,1,92,89,22.35,15.50,0,1372
1520530410.303227,1,91,89,22.17,14.12,0,1372
1520530410.353231,1,84,82,21.98,79.70,1,1307
1520530410.403230,1,79,77,21.95,13.27,0,1307
1520530410.453231,1,77,75,21.99,12.31,0,1307
1520530410.503232,1,74,71,22.10,73.58,1,1311
1520530410.553234,1,72,69,22.38,12.19,0,1311
1520530410.603875,1,143,111,32.50,16.23,0,1311
1520530410.653876,1,104,94,33.03,66.99,1,1329
1520530410.703878,1,86,81,33.57,14.28,0,1329
1520530410.753879,1,93,86,33.91,14.85,0,1329
1520530410.803881,1,93,87,34.21,68.69,1,1305
1520530410.853882,1,87,82,34.52,14.09,0,1305
1520530410.903884,1,81,77,34.89,13.50,0,1305
1520530410.953885,1,84,79,35.08,81.64,1,1285
1520530411.003418,1,87,79,27.63,13.83,0,1285
1520530411.053420,1,97,91,27.62,13.53,0,1285
1520530411.103421,1,116,96,27.52,58.03,1,1290
1520530411.153423,1,203,137,27.36,21.26,0,1290
1520530411.203424,1,149,119,27.16,24.63,0,1290
1520530411.253426,1,142,119,26.96,66.46,1,1324
1520530411.303427,1,132,112,26.66,17.08,0,1324
1520530411.353429,1,139,119,26.42,17.58,0,1324
1520530411.403009,1,142,117,19.70,110.88,1,1231
1520530411.453010,1,135,123,19.55,18.17,0,1231
1520530411.503012,1,122,117,19.45,17.41,0,1231
1520530411.553013,1,122,118,19.34,111.93,1,1230
1520530411.603015,1,141,129,19.30,17.76,0,1230
1520530411.653017,1,125,120,19.21,16.88,0,1230
1520530411.703018,1,134,122,18.97,87.02,1,1234
1520530411.753020,1,117,113,18.63,17.48,0,1234
1520530411.802906,1,104,96,16.69,15.20,0,1234
1520530411.852907,1,109,91,16.40,106.67,1,1232
1520530411.902908,1,80,66,16.19,15.21,0,1232
1520530411.952911,1,63,55,15.88,73.11,1,1201
1520530412.002912,1,60,52,15.43,15.41,0,1201
1520530412.052913,1,259,157,15.17,24.47,0,1201
1520530412.102915,1,117,103,15.12,73.38,1,1148
1520530412.152916,1,101,87,14.90,18.28,0,1148
1520530412.203416,1,136,110,21.66,16.90,0,1148
1520530412.253417,1,116,103,21.68,58.27,1,1053
1520530412.303419,1,111,99,21.58,15.78,0,1053
1520530412.353420,1,300,179,21.34,25.44,0,1053
1520530412.403422,1,203,158,21.14,75.65,1,1118
1520530412.453423,1,203,150,20.64,24.56,0,1118
1520530412.503425,1,161,139,20.08,22.49,0,1118
1520530412.553426,1,136,120,19.64,86.03,1,1098
1520530412.603428,1,300,202,19.26,27.98,0,1098
1520530412.653630,1,199,173,21.34,31.93,0,1098
1520530412.703631,1,183,158,21.28,81.33,1,1020
1520530412.753633,1,157,143,21.31,21.48,0,1020
1520530412.803634,1,138,125,21.42,19.24,0,1020
1520530412.853636,1,110,106,21.49,76.67,1,955
1520530412.903637,1,96,93,21.44,15.09,0,955
1520530412.953639,1,176,143,21.41,18.38,0,955
1520530413.003641,1,158,136,21.40,80.99,1,933
1520530413.053009,1,87,78,14.67,78.24,1,912
1520530413.103011,1,87,76,14.89,14.36,0,912
1520530413.153012,1,87,73,15.23,17.77,0,912
1520530413.203014,1,99,81,15.56,58.21,1,960
1520530413.253016,1,109,87,16.07,19.63,0,960
1520530413.303017,1,90,76,16.42,17.50,0,960
1520530413.353019,1,95,84,16.73,53.55,1,967
1520530413.403021,1,79,74,17.11,16.09,0,967
1520530413.452940,1,87,73,16.12,13.35,0,967
1520530413.502941,1,81,71,16.53,60.96,1,940
1520530413.552943,1,138,110,16.72,16.57,0,940
1520530413.602944,1,248,179,16.79,26.37,0,940
1520530413.652946,1,127,110,16.70,78.76,1,954
1520530413.702947,1,117,101,16.45,16.87,0,954
1520530413.752949,1,114,99,16.41,15.45,0,954
1520530413.802951,1,103,96,16.50,61.29,1,937
1520530413.853107,1,95,82,18.91,16.02,0,937
1520530413.903189,1,92,85,18.87,13.70,0,937
1520530413.953110,1,94,85,18.80,50.63,1,913
1520530414.003112,1,196,149,18.66,19.59,0,913
1520530414.053113,1,268,188,18.42,31.18,0,913
1520530414.103115,1,217,158,18.37,75.28,1,973
1520530414.153116,1,300,203,18.25,31.47,0,973
1520530414.203118,1,174,153,18.08,28.86,0,973
1520530414.252894,1,289,186,15.07,90.21,1,1058
1520530414.302895,1,174,145,14.95,31.78,0,1058
1520530414.352898,1,187,135,14.87,22.48,0,1058
1520530414.402899,1,300,186,14.74,93.84,1,1100
1520530414.452900,1,207,158,14.64,29.71,0,1100
1520530414.502902,1,150,135,14.31,82.24,1,1111
1520530414.552903,1,159,134,14.14,19.11,0,1111
1520530414.602905,1,217,161,13.95,22.92,0,1111
1520530414.652705,1,149,119,11.17,85.80,1,1150
1520530414.702707,1,201,142,11.07,23.87,0,1150
1520530414.752708,1,127,111,10.90,23.88,0,1150
1520530414.802710,1,109,101,10.89,81.64,1,1164
1520530414.852712,1,100,87,10.89,15.29,0,1164
1520530414.902714,1,87,81,10.92,14.99,0,1164
1520530414.952715,1,69,65,10.96,53.91,1,1136
1520530415.002717,1,76,70,10.95,12.76,0,1136
1520530415.052718,1,71,66,11.08,12.09,0,1136
1520530415.103195,1,82,70,16.87,54.70,1,1152
1520530415.153197,1,85,74,16.94,12.53,0,1152
1520530415.203199,1,89,75,17.16,12.31,0,1152
1520530415.253200,1,300,160,17.20,83.73,1,1242
1520530415.303202,1,191,131,17.31,32.37,0,1242
1520530415.353203,1,300,161,17.51,29.20,0,1242
1520530415.403205,1,300,171,17.50,83.05,1,1309
1520530415.453206,1,160,125,17.59,72.54,1,1254
1520530415.503115,1,177,111,15.85,19.15,0,1254
1520530415.553069,1,145,113,15.81,20.06,0,1254
1520530415.603071,1,133,101,15.91,62.95,1,1264
1520530415.653072,1,300,150,15.85,25.71,0,1264
1520530415.703074,1,300,136,15.91,33.11,0,1264
1520530415.753075,1,300,131,15.86,103.40,1,1306
1520530415.803077,1,300,133,15.72,33.80,0,1306
1520530415.853079,1,190,99,15.74,31.01,0,1306
1520530415.903361,1,300,138,19.27,95.03,1,1355
1520530415.953363,1,172,98,19.21,96.14,1,1361
1520530416.003364,1,187,103,19.11,20.52,0,1361
1520530416.053366,1,212,116,19.03,21.19,0,1361
1520530416.103368,1,221,107,18.95,76.18,1,1391
1520530416.153369,1,279,123,18.97,26.73,0,1391
1520530416.203371,1,258,111,18.97,28.56,0,1391
1520530416.253372,1,300,126,18.99,85.07,1,1373
1520530416.303375,1,300,130,19.04,29.99,0,1373
1520530416.353376,1,253,124,19.04,26.65,0,1373
1520530416.403378,1,198,110,19.06,77.45,1,1419
1520530416.453380,1,176,101,19.20,20.35,0,1419
1520530416.503381,1,300,140,19.25,26.41,0,1419
1520530416.553383,1,182,104,19.28,89.59,1,1397
1520530416.603384,1,156,92,19.24,19.26,0,1397
1520530416.653386,1,143,96,19.29,17.31,0,1397
1520530416.703272,1,129,93,17.90,80.55,1,1333
1520530416.753274,1,127,95,17.90,15.72,0,1333
1520530416.803277,1,121,96,17.94,15.20,0,1333
1520530416.853277,1,120,99,17.97,88.11,1,1321
1520530416.903278,1,144,118,17.96,17.24,0,1321
1520530416.953280,1,129,110,18.06,17.43,0,1321
1520530417.003283,1,122,92,18.13,69.13,1,1262
1520530417.053283,1,129,99,18.45,15.84,0,1262
1520530417.103391,1,138,109,19.83,16.45,0,1262
1520530417.153371,1,204,150,20.05,77.90,1,1323
1520530417.203373,1,250,182,20.32,26.12,0,1323
1520530417.253374,1,300,195,20.64,29.56,0,1323
1520530417.303376,1,300,196,20.71,91.52,1,1349
1520530417.353378,1,300,196,20.82,31.00,0,1349
1520530417.403379,1,300,204,20.82,29.62,0,1349
1520530417.453381,1,300,206,20.75,90.41,1,1368
1520530417.503382,1,300,207,20.74,29.15,0,1368
1520530417.553464,1,300,208,21.87,29.95,0,1368
1520530417.603466,1,213,167,21.74,88.02,1,1346
1520530417.653467,1,190,150,21.51,21.65,0,1346
1520530417.703468,1,300,203,21.35,26.33,0,1346
1520530417.753470,1,268,200,21.12,106.68,1,1397
1520530417.803472,1,186,151,21.00,26.42,0,1397
1520530417.853473,1,223,167,20.87,23.47,0,1397
1520530417.903476,1,214,165,20.64,98.36,1,1380
1520530417.953456,1,171,147,20.12,22.75,0,1380
1520530418.003458,1,160,138,20.10,20.36,0,1380
1520530418.053458,1,162,138,19.97,94.92,1,1402
1520530418.103461,1,154,135,19.76,19.21,0,1402
1520530418.153462,1,300,195,19.69,26.63,0,1402
1520530418.203465,1,300,198,19.63,105.91,1,1467
1520530418.253466,1,201,153,19.57,30.54,0,1467
1520530418.303468,1,300,181,19.42,26.79,0,1467
1520530418.353431,1,190,153,19.04,106.81,1,1426
1520530418.403432,1,181,143,19.02,21.25,0,1426
1520530418.453434,1,300,184,19.02,27.41,0,1426
1520530418.503435,1,300,186,19.00,100.06,1,1388
1520530418.553437,1,300,182,19.02,30.98,0,1388
1520530418.603439,1,212,159,18.95,27.92,0,1388
1520530418.653440,1,300,185,18.97,102.50,1,1343
1520530418.703442,1,187,155,18.94,28.80,0,1343
1520530418.753343,1,150,132,17.67,90.85,1,1318
1520530418.803345,1,146,125,17.64,17.70,0,1318
1520530418.853346,1,144,128,17.63,16.58,0,1318
1520530418.903348,1,143,135,17.52,92.12,1,1330
1520530418.953350,1,140,131,17.62,17.74,0,1330
1520530419.003351,1,137,132,17.56,16.98,0,1330
1520530419.053353,1,132,120,17.61,86.94,1,1325
1520530419.103354,1,140,129,17.75,17.29,0,1325
1520530419.153533,1,131,117,20.20,16.61,0,1325
1520530419.203534,1,200,166,20.45,121.15,1,1394
1520530419.253536,1,212,160,20.60,23.79,0,1394
1520530419.303537,1,166,139,20.73,21.97,0,1394
1520530419.353539,1,153,134,20.83,81.61,1,1388
1520530419.403541,1,142,121,20.75,17.66,0,1388
1520530419.453542,1,159,126,20.75,18.08,0,1388
1520530419.503544,1,144,118,20.63,70.50,1,1318
1520530419.553545,1,300,190,20.69,26.14,0,1318
1520530419.603729,1,300,209,22.96,31.48,0,1318
1520530419.653731,1,256,201,22.89,79.51,1,1315
1520530419.703733,1,300,223,22.79,28.74,0,1315
1520530419.753734,1,273,208,22.85,30.21,0,1315
1520530419.803736,1,300,230,22.94,85.58,1,1388
1520530419.853739,1,289,231,22.67,32.38,0,1388
1520530419.903739,1,225,201,22.47,27.60,0,1388
1520530419.953740,1,194,179,22.21,91.23,1,1352
1520530420.003597,1,194,176,20.15,22.87,0,1352
1520530420.053598,1,168,152,19.92,21.50,0,1352
1520530420.103600,1,142,131,19.65,75.52,1,1278
1520530420.153602,1,126,116,19.42,18.20,0,1278
1520530420.203604,1,122,115,19.39,17.01,0,1278
1520530420.253605,1,123,113,19.42,84.13,1,1266
1520530420.303607,1,132,119,19.49,17.60,0,1266
1520530420.353608,1,154,136,19.59,19.82,0,1266
1520530420.403699,1,128,119,20.69,80.14,1,1228
1520530420.453700,1,300,169,20.80,24.76,0,1228
1520530420.503702,1,241,165,20.80,33.68,0,1228
1520530420.553704,1,187,148,20.73,87.37,1,1256
1520530420.603705,1,272,183,20.81,27.19,0,1256
1520530420.653707,1,300,179,20.81,29.98,0,1256
1520530420.703708,1,234,168,20.80,129.81,1,1280
1520530420.753710,1,300,174,20.83,28.61,0,1280
1520530420.803356,1,177,138,16.57,29.62,0,1280
1520530420.853358,1,148,127,16.61,89.46,1,1286
1520530420.903359,1,300,175,16.45,27.06,0,1286
1520530420.953361,1,177,143,16.39,29.36,0,1286
1520530421.003363,1,146,135,16.29,77.12,1,1307
1520530421.053364,1,133,123,16.09,18.45,0,1307
1520530421.103366,1,138,129,15.84,17.04,0,1307
1520530421.153367,1,135,131,15.72,81.41,1,1294
1520530421.203429,1,149,142,16.26,18.43,0,1294
1520530421.253431,1,131,126,16.20,18.03,0,1294
1520530421.303432,1,122,115,16.17,109.66,1,1316
1520530421.353434,1,114,101,16.12,16.34,0,1316
1520530421.403435,1,109,99,16.33,14.94,0,1316
1520530421.453437,1,121,109,16.47,100.67,1,1165
1520530421.503439,1,121,105,16.68,17.48,0,1165
1520530421.553440,1,108,99,16.96,16.65,0,1165
1520530421.603611,1,137,126,19.10,99.01,1,1154
1520530421.653613,1,168,145,19.20,23.57,0,1154
1520530421.703614,1,154,142,19.35,20.57,0,1154
1520530421.753616,1,169,144,19.29,103.56,1,1206
1520530421.803617,1,271,197,19.22,27.02,0,1206
1520530421.853618,1,300,213,19.13,30.65,0,1206
1520530421.903620,1,300,221,19.07,86.81,1,1266
1520530421.953693,1,300,222,18.94,31.76,0,1266
1520530422.003623,1,201,166,18.72,30.19,0,1266
1520530422.053472,1,169,143,16.87,78.15,1,1256
1520530422.103474,1,163,141,16.69,20.75,0,1256
1520530422.153476,1,155,137,16.52,19.88,0,1256
1520530422.203477,1,137,126,16.43,74.49,1,1249
1520530422.253479,1,134,121,16.18,18.10,0,1249
1520530422.303480,1,122,112,16.04,17.99,0,1249
1520530422.353482,1,110,99,15.91,84.20,1,1184
1520530422.403483,1,114,108,15.65,16.62,0,1184
1520530422.453394,1,108,100,14.68,15.64,0,1184
1520530422.503396,1,102,99,14.50,90.17,1,1167
1520530422.553397,1,104,97,14.56,15.66,0,1167
1520530422.603400,1,174,157,14.65,19.30,0,1167
1520530422.653401,1,300,219,14.82,121.11,1,1312
1520530422.703403,1,274,217,14.84,34.92,0,1312
1520530422.753404,1,189,178,15.04,26.23,0,1312
1520530422.803406,1,188,165,15.12,116.09,1,1303
1520530422.853580,1,168,153,17.11,20.36,0,1303
1520530422.903583,1,202,169,17.13,23.76,0,1303
1520530422.953585,1,191,167,17.13,97.35,1,1282
1520530423.003587,1,158,144,16.98,21.30,0,1282
1520530423.053587,1,160,147,16.97,19.04,0,1282
1520530423.103590,1,138,131,16.96,66.95,1,1286
1520530423.153590,1,124,121,17.04,16.63,0,1286
1520530423.203592,1,262,197,17.23,26.28,0,1286
1520530423.253316,1,175,151,14.36,94.05,1,1344
1520530423.303317,1,123,113,14.46,21.17,0,1344
1520530423.353319,1,213,155,14.62,22.48,0,1344
1520530423.403322,1,137,121,14.77,74.29,1,1314
1520530423.453322,1,117,101,14.86,19.48,0,1314
1520530423.503324,1,103,96,14.84,16.72,0,1314
1520530423.553359,1,94,89,14.86,60.36,1,1302
1520530423.603327,1,95,77,14.80,15.87,0,1302
1520530423.652983,1,76,69,11.04,14.71,0,1302
1520530423.702985,1,67,64,10.93,88.73,1,1277
1520530423.752986,1,66,62,10.66,12.89,0,1277
1520530423.802988,1,79,72,10.50,13.39,0,1277
1520530423.852990,1,70,68,10.28,55.61,1,1200
1520530423.902991,1,72,68,10.07,11.66,0,1200
1520530423.952993,1,75,72,9.92,12.52,0,1200
1520530424.002995,1,154,124,9.88,63.25,1,1190
1520530424.052950,1,98,88,9.47,23.00,0,1190
1520530424.103253,1,87,82,12.97,57.76,1,1176
1520530424.153255,1,80,72,13.05,14.41,0,1176
1520530424.203257,1,89,79,13.12,14.76,0,1176
1520530424.253258,1,300,168,13.17,85.95,1,1279
1520530424.303260,1,169,123,13.20,86.74,1,1293
1520530424.353261,1,125,110,13.21,20.25,0,1293
1520530424.403263,1,99,95,13.30,107.22,1,1271
1520530424.453264,1,97,94,13.13,15.02,0,1271
1520530424.504722,1,300,218,29.75,26.56,0,1271
1520530424.554724,1,300,218,29.71,85.98,1,1423
1520530424.604726,1,300,237,29.74,33.09,0,1423
1520530424.654727,1,300,237,29.77,34.35,0,1423
1520530424.704729,1,300,229,29.85,114.99,1,1445
1520530424.754730,1,300,250,29.89,31.35,0,1445
1520530424.804732,1,300,238,29.98,29.76,0,1445
1520530424.854733,1,300,234,30.10,119.11,1,1467
1520530424.903374,1,150,138,15.06,109.31,1,1463
1520530424.953377,1,129,118,15.07,19.26,0,1463
1520530425.003378,1,130,116,14.91,16.79,0,1463
1520530425.053379,1,122,112,14.93,70.46,1,1479
1520530425.103381,1,127,117,14.96,16.14,0,1479
1520530425.153383,1,127,121,15.01,16.73,0,1479
1520530425.203384,1,127,115,15.00,85.52,1,1467
1520530425.253385,1,125,114,14.95,16.30,0,1467
1520530425.303732,1,130,117,19.04,17.17,0,1467
1520530425.353734,1,163,123,19.03,114.62,1,1478
1520530425.403735,1,294,185,19.06,26.80,0,1478
1520530425.453737,1,300,187,19.20,31.62,0,1478
1520530425.503738,1,300,185,19.10,132.27,1,1540
1520530425.553740,1,300,175,19.17,30.52,0,1540
1520530425.603741,1,184,139,19.26,27.74,0,1540
1520530425.653743,1,147,137,19.33,79.32,1,1521
1520530425.703675,1,130,124,18.82,18.06,0,1521
1520530425.753677,1,138,126,19.14,17.63,0,1521
1520530425.803679,1,150,129,19.48,78.44,1,1509
1520530425.853680,1,169,127,20.07,20.93,0,1509
1520530425.903682,1,253,175,20.45,23.91,0,1509
1520530425.953682,1,192,153,20.75,120.64,1,1520
1520530426.003685,1,300,200,20.97,27.27,0,1520
1520530426.053685,1,300,203,20.88,29.44,0,1520
1520530426.103474,1,300,207,17.74,142.19,1,1471
1520530426.153475,1,226,184,17.40,28.10,0,1471
1520530426.203478,1,300,219,16.98,29.26,0,1471
1520530426.253478,1,192,165,16.61,90.42,1,1486
1520530426.303480,1,156,135,16.39,20.10,0,1486
1520530426.353482,1,128,106,16.25,17.42,0,1486
1520530426.403483,1,170,113,16.18,117.80,1,1500
1520530426.453484,1,130,93,16.08,18.22,0,1500
1520530426.503486,1,123,73,16.09,14.87,0,1500
1520530426.553551,1,300,141,16.69,138.67,1,1549
1520530426.603553,1,217,124,16.71,25.86,0,1549
1520530426.653554,1,300,159,16.72,28.41,0,1549
1520530426.703556,1,273,141,16.98,112.92,1,1575
1520530426.753558,1,183,138,17.01,25.47,0,1575
1520530426.803559,1,272,169,17.20,26.11,0,1575
1520530426.853560,1,159,123,17.37,119.07,1,1465
1520530426.903562,1,150,115,17.76,17.93,0,1465
1520530426.953598,1,154,108,18.58,17.05,0,1465
1520530427.003600,1,174,118,19.00,138.81,1,1464
1520530427.053602,1,167,114,19.22,20.50,0,1464
1520530427.103602,1,164,110,19.57,17.98,0,1464
1520530427.153605,1,154,98,19.82,120.54,1,1454
1520530427.203605,1,168,113,20.03,18.56,0,1454
1520530427.253608,1,268,181,20.36,24.00,0,1454
1520530427.303609,1,241,187,20.52,135.88,1,1545
1520530427.353592,1,300,218,20.34,30.03,0,1545
1520530427.403594,1,208,173,20.49,28.29,0,1545
1520530427.453595,1,294,216,20.62,137.15,1,1545
1520530427.503597,1,284,208,20.77,31.98,0,1545
1520530427.553598,1,234,198,20.75,29.91,0,1545
1520530427.603601,1,300,207,20.79,134.99,1,1564
1520530427.653601,1,300,223,20.72,32.83,0,1564
1520530427.703604,1,282,217,20.61,30.01,0,1564
1520530427.753678,1,300,236,21.63,138.53,1,1611
1520530427.803679,1,300,233,21.49,34.67,0,1611
1520530427.853681,1,300,237,21.37,32.06,0,1611
1520530427.903682,1,300,230,21.28,143.65,1,1664
1520530427.953684,1,252,198,20.98,31.53,0,1664
1520530428.003686,1,164,139,20.57,131.60,1,1677
1520530428.053687,1,104,91,20.19,18.30,0,1677
1520530428.103692,1,94,83,19.44,108.61,1,1619
1520530428.153535,1,73,66,17.01,15.54,0,1619
1520530428.203537,1,77,63,16.56,13.61,0,1619
1520530428.253538,1,106,78,16.36,90.80,1,1665
1520530428.303540,1,201,98,16.18,19.74,0,1665
1520530428.353542,1,103,66,16.14,20.76,0,1665
1520530428.403618,1,86,48,16.18,54.30,1,1547
1520530428.453544,1,70,38,16.17,15.66,0,1547
1520530428.503546,1,80,45,16.27,13.86,0,1547
1520530428.553451,1,80,50,14.97,64.63,1,1570
1520530428.603452,1,234,119,14.99,22.72,0,1570
1520530428.653454,1,300,149,15.02,49.65,0,1570
1520530428.703455,1,184,110,15.23,137.07,1,1652
1520530428.753457,1,86,69,15.53,85.31,1,1490
1520530428.803458,1,70,59,15.90,14.31,0,1490
1520530428.853460,1,60,54,16.25,14.86,0,1490
1520530428.903461,1,61,56,16.67,70.22,1,1397
1520530428.953463,1,83,68,17.26,13.42,0,1397
1520530429.003444,1,60,52,17.40,17.01,0,1397
1520530429.053445,1,60,51,17.91,58.71,1,1344
1520530429.103447,1,60,48,18.33,13.96,0,1344
1520530429.153448,1,60,52,18.91,14.53,0,1344
1520530429.203450,1,60,49,19.10,57.05,1,1339
1520530429.253451,1,173,87,19.43,18.27,0,1339
1520530429.303453,1,68,53,19.65,19.99,0,1339
1520530429.353455,1,60,36,19.69,56.01,1,1336
1520530429.403551,1,152,70,21.26,19.83,0,1336
1520530429.453553,1,62,50,21.07,53.35,0,1336
1520530429.503555,1,64,57,20.93,82.43,1,1386
1520530429.553556,1,65,58,20.88,13.23,0,1386
1520530429.603558,1,300,170,20.56,25.40,0,1386
1520530429.653558,1,94,88,20.34,84.96,1,1402
1520530429.703560,1,252,156,20.24,24.07,0,1402
1520530429.753561,1,242,163,20.17,34.78,0,1402
1520530429.803622,1,125,120,20.99,68.76,1,1370
1520530429.853626,1,126,124,20.97,17.93,0,1370
1520530429.903625,1,119,116,20.93,16.60,0,1370
1520530429.953626,1,114,112,20.82,61.43,1,1381
1520530430.003663,1,152,142,20.70,18.43,0,1381
1520530430.053629,1,131,123,20.58,18.33,0,1381
1520530430.103631,1,132,125,20.26,74.07,1,1391
1520530430.153632,1,101,91,19.87,17.02,0,1391
1520530430.203344,1,70,64,15.30,91.14,1,1233
1520530430.253346,1,70,63,14.92,12.93,0,1233
1520530430.303347,1,68,61,14.52,12.46,0,1233
1520530430.353349,1,64,59,14.12,85.49,1,1245
1520530430.403350,1,60,52,13.59,15.04,0,1245
1520530430.453352,1,60,52,13.07,12.21,0,1245
1520530430.503353,1,60,54,12.85,54.44,1,1233
1520530430.553355,1,125,103,12.35,16.47,0,1233
1520530430.603527,1,114,100,14.01,19.28,0,1233
1520530430.653528,1,85,81,13.73,56.86,1,1249
1520530430.703530,1,104,96,13.57,15.61,0,1249
1520530430.753532,1,101,92,13.50,14.30,0,1249
1520530430.803533,1,282,203,13.41,103.00,1,1319
1520530430.853534,1,174,156,13.42,28.02,0,1319
1520530430.903536,1,300,209,13.46,28.35,0,1319
1520530430.953538,1,224,178,13.65,113.15,1,1349
1520530431.003696,1,169,141,15.39,22.94,0,1349
1520530431.053698,1,169,133,15.43,21.20,0,1349
1520530431.103700,1,139,110,15.51,63.85,1,1338
1520530431.153701,1,128,91,15.63,19.67,0,1338
1520530431.203703,1,116,70,15.98,18.11,0,1338
1520530431.253704,1,108,65,16.30,58.31,1,1304
1520530431.303706,1,74,55,16.56,16.76,0,1304
1520530431.353708,1,64,43,16.84,50.79,1,1271
1520530431.403709,1,60,43,17.31,18.20,0,1271
1520530431.453562,1,60,47,15.85,15.20,0,1271
1520530431.503564,1,60,43,16.27,48.17,1,1190
1520530431.553565,1,60,47,16.79,15.21,0,1190
1520530431.603567,1,60,48,17.03,15.91,0,1190
1520530431.653568,1,102,79,17.43,48.72,1,1161
1520530431.703570,1,60,48,17.82,80.63,1,1112
1520530431.753571,1,60,54,17.95,14.54,0,1112
1520530431.803573,1,61,51,18.10,13.72,0,1112
1520530431.853524,1,191,112,17.45,61.52,1,1193
1520530431.903526,1,81,70,17.50,68.07,1,1153
1520530431.953527,1,69,65,17.75,15.05,0,1153
1520530432.003528,1,61,59,17.82,12.86,0,1153
1520530432.053531,1,61,48,17.99,46.98,1,1178
1520530432.103532,1,61,50,18.06,10.90,0,1178
1520530432.153533,1,103,86,18.22,14.57,0,1178
1520530432.203536,1,76,62,18.28,46.41,1,1110
1520530432.253696,1,300,182,21.15,25.56,0,1110
1520530432.303698,1,139,128,21.09,29.06,0,1110
1520530432.353700,1,122,113,20.83,58.25,1,1160
1520530432.403701,1,113,107,20.68,16.36,0,1160
1520530432.453702,1,116,108,20.34,15.33,0,1160
1520530432.503704,1,140,119,19.90,42.68,1,1146
1520530432.553705,1,183,130,19.27,21.55,0,1146
1520530432.603708,1,184,137,18.66,22.23,0,1146
1520530432.653548,1,117,97,15.76,65.60,1,1156
1520530432.703550,1,104,87,15.19,16.06,0,1156
1520530432.753551,1,111,94,14.58,15.59,0,1156
1520530432.803553,1,81,75,14.04,50.09,1,1154
1520530432.853554,1,69,60,13.75,14.05,0,1154
1520530432.903556,1,60,55,13.48,14.90,0,1154
1520530432.953557,1,60,52,13.17,68.05,1,1087
1520530433.003559,1,83,71,12.96,13.99,0,1087
1520530433.053690,1,73,65,14.24,15.44,0,1087
1520530433.103692,1,300,212,14.14,62.97,1,1256
1520530433.153693,1,240,190,13.99,34.48,0,1256
1520530433.203694,1,153,139,13.97,67.16,1,1282
1520530433.253695,1,300,224,13.94,29.00,0,1282
1520530433.303697,1,300,229,13.96,36.59,0,1282
1520530433.353699,1,198,173,14.03,75.56,1,1348
1520530433.403701,1,186,172,14.13,21.75,0,1348
1520530433.453702,1,157,150,14.31,20.14,0,1348
1520530433.503793,1,300,224,15.38,78.48,1,1428
1520530433.553795,1,200,173,15.61,28.31,0,1428
1520530433.603796,1,161,146,15.78,69.82,1,1401
1520530433.653798,1,142,123,16.01,18.83,0,1401
1520530433.703799,1,157,122,16.24,19.97,0,1401
1520530433.753802,1,131,106,16.52,69.97,1,1419
1520530433.803803,1,116,97,16.79,16.20,0,1419
1520530433.853804,1,166,103,16.84,19.84,0,1419
1520530433.903630,1,104,77,15.00,63.66,1,1387
1520530433.953632,1,300,141,15.27,26.15,0,1387
1520530434.003634,1,117,85,15.54,29.27,0,1387
1520530434.053635,1,91,74,15.75,79.21,1,1372
1520530434.103637,1,83,62,16.09,14.20,0,1372
1520530434.153638,1,69,49,16.26,14.06,0,1372
1520530434.203640,1,63,47,16.32,63.31,1,1355
1520530434.253642,1,64,49,16.49,13.95,0,1355
1520530434.303478,1,86,67,14.57,14.29,0,1355
1520530434.353481,1,60,50,14.75,76.16,1,1306
1520530434.403481,1,60,53,14.98,15.88,0,1306
1520530434.453483,1,60,50,15.28,12.03,0,1306
1520530434.503485,1,60,50,15.49,65.53,1,1318
1520530434.553486,1,60,48,15.65,14.95,0,1318
1520530434.603488,1,60,52,15.91,15.93,0,1318
1520530434.653489,1,60,49,16.02,52.81,1,1323
1520530434.703656,1,96,67,18.73,15.14,0,1323
1520530434.753658,1,138,89,18.84,19.58,0,1323
1520530434.803658,1,300,158,19.02,100.02,1,1465
1520530434.853723,1,122,98,18.99,94.90,1,1298
1520530434.903661,1,79,71,18.80,15.80,0,1298
1520530434.953662,1,71,66,18.60,74.61,1,1308
1520530435.003665,1,223,139,18.46,21.64,0,1308
1520530435.053667,1,99,97,18.42,23.09,0,1308
1520530435.103796,1,99,97,20.69,64.06,1,1269
1520530435.153798,1,95,92,20.70,15.25,0,1269
1520530435.203799,1,99,95,20.83,14.21,0,1269
1520530435.253802,1,276,203,20.66,89.47,1,1363
1520530435.303802,1,300,224,20.59,32.74,0,1363
1520530435.353804,1,294,218,20.49,32.36,0,1363
1520530435.403806,1,296,219,20.28,101.09,1,1442
1520530435.453807,1,247,194,19.95,29.62,0,1442
1520530435.504086,1,195,164,23.70,24.69,0,1442
1520530435.554088,1,192,145,23.18,76.96,1,1478
1520530435.604089,1,144,121,22.58,20.88,0,1478
1520530435.654091,1,300,209,21.87,27.37,0,1478
1520530435.704092,1,164,143,21.30,92.17,1,1525
1520530435.754094,1,136,125,20.80,19.07,0,1525
1520530435.804096,1,125,116,20.48,17.34,0,1525
1520530435.854097,1,125,113,20.17,89.39,1,1496
1520530435.904099,1,114,106,20.17,16.15,0,1496
1520530435.953835,1,114,95,16.72,15.75,0,1496
1520530436.003837,1,101,79,16.72,57.69,1,1430
1520530436.053838,1,109,78,16.65,15.13,0,1430
1520530436.103839,1,88,65,16.65,16.09,0,1430
1520530436.153841,1,300,123,16.68,97.37,1,1497
1520530436.203843,1,124,74,16.63,94.51,1,1490
1520530436.253844,1,202,87,16.63,19.55,0,1490
1520530436.303846,1,129,70,16.51,21.94,0,1490
1520530436.353955,1,123,69,17.96,102.11,1,1492
1520530436.403958,1,197,88,17.91,21.44,0,1492
1520530436.453978,1,300,99,17.85,28.73,0,1492
1520530436.503960,1,300,115,17.96,111.46,1,1495
1520530436.553962,1,211,100,18.01,31.55,0,1495
1520530436.603963,1,293,114,17.96,26.91,0,1495
1520530436.653965,1,300,122,18.04,107.68,1,1527
1520530436.703966,1,300,122,18.02,39.48,0,1527
1520530436.754031,1,300,128,18.69,45.08,0,1527
1520530436.804032,1,132,84,18.63,112.46,1,1530
1520530436.854034,1,157,84,18.48,19.74,0,1530
1520530436.904035,1,89,55,18.45,22.24,0,1530
1520530436.954037,1,109,65,18.43,88.76,1,1530
1520530437.004039,1,79,57,18.44,16.06,0,1530
1520530437.054040,1,62,51,18.42,59.20,1,1512
1520530437.104042,1,97,74,18.28,14.61,0,1512
1520530437.153533,1,71,60,12.41,15.09,0,1512
1520530437.203536,1,60,58,12.31,89.69,1,1543
1520530437.253536,1,60,59,12.25,13.83,0,1543
1520530437.303538,1,60,57,12.20,13.09,0,1543
1520530437.353539,1,60,51,12.13,65.56,1,1378
1520530437.403543,1,61,52,12.04,13.44,0,1378
1520530437.453544,1,60,45,12.25,16.04,0,1378
1520530437.503545,1,66,53,12.41,64.21,1,1371
1520530437.553870,1,60,48,17.05,16.72,0,1371
1520530437.603872,1,95,74,17.44,14.44,0,1371
1520530437.653873,1,245,168,17.84,82.29,1,1438
1520530437.703875,1,300,181,18.10,34.98,0,1438
1520530437.753876,1,125,102,18.42,101.11,1,1363
1520530437.803878,1,111,91,18.94,18.34,0,1363
1520530437.853879,1,158,124,19.58,19.87,0,1363
1520530437.903881,1,131,117,19.95,87.47,1,1406
1520530437.954482,1,127,118,29.28,18.37,0,1406
1520530438.004481,1,163,143,29.12,18.88,0,1406
1520530438.054484,1,148,140,29.10,90.03,1,1444
1520530438.104484,1,138,131,28.88,18.21,0,1444
1520530438.154486,1,127,122,28.31,17.03,0,1444
1520530438.204487,1,146,127,27.77,92.00,1,1447
1520530438.254489,1,211,158,27.26,24.73,0,1447
1520530438.304490,1,166,146,26.77,23.12,0,1447
1520530438.354492,1,127,118,26.18,97.80,1,1491
1520530438.403621,1,73,69,13.74,77.55,1,1473
1520530438.453623,1,76,69,13.24,14.71,0,1473
1520530438.503624,1,64,60,12.68,13.18,0,1473
1520530438.553626,1,60,54,12.19,78.68,1,1494
1520530438.603628,1,60,48,11.81,15.07,0,1494
1520530438.653629,1,261,171,11.56,24.12,0,1494
1520530438.703631,1,129,110,11.40,108.06,1,1546
1520530438.753632,1,107,97,11.36,17.46,0,1546
1520530438.804389,1,105,101,19.70,16.39,0,1546
1520530438.854392,1,114,111,19.66,65.83,1,1563
1520530438.904392,1,139,131,19.56,17.30,0,1563
1520530438.954394,1,300,210,19.59,26.48,0,1563
1520530439.004395,1,244,206,19.59,114.44,1,1495
1520530439.054397,1,300,224,19.70,29.81,0,1495
1520530439.104398,1,300,234,19.55,32.80,0,1495
1520530439.154401,1,300,237,19.52,91.48,1,1564
1520530439.204654,1,300,243,22.06,32.63,0,1564
1520530439.254655,1,300,245,21.86,32.15,0,1564
1520530439.304657,1,300,254,21.81,112.85,1,1587
1520530439.354659,1,300,254,21.82,32.19,0,1587
1520530439.404660,1,300,263,21.69,31.03,0,1587
1520530439.454661,1,300,263,21.64,82.17,1,1529
1520530439.504663,1,300,261,21.58,32.18,0,1529
1520530439.554665,1,300,254,21.49,31.19,0,1529
1520530439.604177,1,300,248,16.65,84.61,1,1477
1520530439.654178,1,300,240,16.68,30.83,0,1477
1520530439.704263,1,300,236,16.68,30.85,0,1477
1520530439.754182,1,251,226,16.75,79.55,1,1460
1520530439.804183,1,300,249,16.93,31.35,0,1460
1520530439.854185,1,300,234,16.89,32.29,0,1460
1520530439.904186,1,230,207,16.93,88.78,1,1438
1520530439.954188,1,203,189,17.04,24.22,0,1438
1520530440.004099,1,185,168,16.12,21.81,0,1438
1520530440.054101,1,300,210,16.25,80.49,1,1473
1520530440.104102,1,240,199,16.36,30.50,0,1473
1520530440.154104,1,198,165,16.40,25.23,0,1473
1520530440.204106,1,170,150,16.53,77.30,1,1472
1520530440.254107,1,300,186,16.59,27.34,0,1472
1520530440.304109,1,195,161,16.73,30.07,0,1472
1520530440.354110,1,207,156,16.81,78.37,1,1437
1520530440.404112,1,161,131,17.15,23.59,0,1437
1520530440.453977,1,157,121,15.73,20.06,0,1437
1520530440.503979,1,118,99,15.83,71.50,1,1417
1520530440.553980,1,104,82,16.00,15.62,0,1417
1520530440.603981,1,117,89,16.30,14.49,0,1417
1520530440.653984,1,99,77,16.52,79.94,1,1354
1520530440.703986,1,149,95,16.62,17.67,0,1354
1520530440.753987,1,300,148,16.90,27.93,0,1354
1520530440.803989,1,181,98,16.99,78.52,1,1345
1520530440.853871,1,182,106,15.68,23.52,0,1345
1520530440.903872,1,154,98,15.79,22.56,0,1345
1520530440.953874,1,124,90,15.79,87.84,1,1379
1520530441.003875,1,105,72,15.97,16.36,0,1379
1520530441.053876,1,300,129,16.13,24.55,0,1379
1520530441.103878,1,135,91,16.28,87.01,1,1381
1520530441.153883,1,125,88,16.36,20.57,0,1381
1520530441.203881,1,85,68,16.55,18.40,0,1381
1520530441.253889,1,78,65,16.77,68.00,1,1361
1520530441.303927,1,78,61,16.97,14.12,0,1361
1520530441.353892,1,149,92,17.16,17.52,0,1361
1520530441.403893,1,86,75,17.41,114.51,1,1368
1520530441.453895,1,69,63,17.36,13.88,0,1368
1520530441.503896,1,79,63,17.49,12.48,0,1368
1520530441.553898,1,61,52,17.50,79.95,1,1364
1520530441.603899,1,300,141,17.64,24.12,0,1364
1520530441.654083,1,300,157,20.37,47.73,0,1364
1520530441.704084,1,300,159,20.44,95.67,1,1453
1520530441.754086,1,288,166,20.59,43.57,0,1453
1520530441.804088,1,300,167,20.77,38.79,0,1453
1520530441.854089,1,300,174,20.81,93.04,1,1430
1520530441.904091,1,197,127,20.85,31.36,0,1430
1520530441.954092,1,129,92,20.88,77.72,1,1415
1520530442.004094,1,174,104,20.87,20.67,0,1415
1520530442.054029,1,157,102,19.88,24.50,0,1415
1520530442.104032,1,121,89,19.93,75.72,1,1383
1520530442.154034,1,300,164,19.75,29.49,0,1383
1520530442.204035,1,300,172,19.60,41.28,0,1383
1520530442.254038,1,170,116,19.42,93.14,1,1395
1520530442.304038,1,111,96,19.18,22.39,0,1395
1520530442.354040,1,97,82,18.83,68.60,1,1371
1520530442.404042,1,148,96,18.69,20.29,0,1371
1520530442.453714,1,72,64,14.12,20.55,0,1371
1520530442.503716,1,60,53,13.99,94.69,1,1385
1520530442.553716,1,60,50,13.79,14.88,0,1385
1520530442.603719,1,60,42,13.42,14.58,0,1385
1520530442.653721,1,60,43,13.20,70.66,1,1338
1520530442.703722,1,65,45,13.04,11.96,0,1338
1520530442.753723,1,60,37,12.84,16.01,0,1338
1520530442.803725,1,60,34,12.58,93.70,1,1337
1520530442.853726,1,60,38,12.51,19.76,0,1337
1520530442.904376,1,300,122,20.65,26.63,0,1337
1520530442.954377,1,300,157,20.38,97.20,1,1410
1520530443.004380,1,128,98,20.05,85.21,1,1394
1520530443.054381,1,90,73,19.79,16.92,0,1394
1520530443.104383,1,125,91,19.58,14.40,0,1394
1520530443.154384,1,110,87,19.43,67.79,1,1418
1520530443.204385,1,101,85,19.35,15.53,0,1418
1520530443.254387,1,122,94,19.21,14.83,0,1418
1520530443.304466,1,146,104,20.03,61.46,1,1330
1520530443.354468,1,128,104,19.97,17.29,0,1330
1520530443.404470,1,129,104,19.98,16.13,0,1330
1520530443.454471,1,119,99,20.09,66.42,1,1275
1520530443.504473,1,112,93,20.16,15.75,0,1275
1520530443.554475,1,117,91,20.28,15.44,0,1275
1520530443.604476,1,168,108,20.49,69.37,1,1247
1520530443.654478,1,110,76,20.70,20.32,0,1247
1520530443.704013,1,82,66,15.32,60.65,1,1158
1520530443.754014,1,73,58,15.53,13.37,0,1158
1520530443.804016,1,60,49,15.64,14.40,0,1158
1520530443.854018,1,60,50,15.77,77.25,1,1174
1520530443.904020,1,60,45,16.00,15.35,0,1174
1520530443.954022,1,81,47,16.17,15.08,0,1174
1520530444.004023,1,60,41,16.32,55.07,1,1156
1520530444.054024,1,111,64,16.34,15.17,0,1156
1520530444.104403,1,300,143,21.48,27.38,0,1156
1520530444.154404,1,89,71,21.48,114.30,1,1156
1520530444.204406,1,74,56,21.38,18.45,0,1156
1520530444.254406,1,60,42,21.46,15.11,0,1156
1520530444.304409,1,60,43,21.53,51.94,1,1109
1520530444.354410,1,70,48,21.57,14.32,0,1109
1520530444.404411,1,60,45,21.53,14.71,0,1109
1520530444.454414,1,60,44,21.60,68.02,1,1109
1520530444.505162,1,203,87,32.76,23.08,0,1109
1520530444.555264,1,106,61,32.93,50.67,0,1109
1520530444.605164,1,300,120,33.34,75.99,1,1148
1520530444.655166,1,153,72,33.60,140.76,1,1160
1520530444.705167,1,174,78,33.98,35.42,0,1160
1520530444.755169,1,74,44,34.41,104.23,1,1153
1520530444.805171,1,82,48,35.10,18.94,0,1153
1520530444.855172,1,60,40,35.85,19.03,0,1153
1520530444.905173,1,128,58,36.69,63.43,1,1185
1520530444.954962,1,60,50,33.90,54.98,1,1142
1520530445.004964,1,60,44,34.19,14.55,0,1142
1520530445.054965,1,60,47,34.28,13.43,0,1142
1520530445.104967,1,62,55,33.94,47.22,1,1133
1520530445.154968,1,84,71,33.43,14.71,0,1133
1520530445.204970,1,62,57,32.67,14.62,0,1133
1520530445.254972,1,60,52,31.91,82.45,1,1124
1520530445.304973,1,60,53,31.26,14.80,0,1124
1520530445.353892,1,60,47,15.27,16.97,0,1124
1520530445.403894,1,60,48,14.92,51.93,1,1131
1520530445.453896,1,60,51,14.55,14.61,0,1131
1520530445.503898,1,60,52,14.26,15.13,0,1131
1520530445.553899,1,60,50,14.02,49.42,1,1118
1520530445.603900,1,73,59,13.82,13.81,0,1118
1520530445.653902,1,60,50,13.64,16.92,0,1118
1520530445.703904,1,60,46,13.41,47.51,1,1125
1520530445.753751,1,60,36,11.34,14.93,0,1125
1520530445.803752,1,60,40,11.35,15.16,0,1125
1520530445.853755,1,60,45,11.15,49.92,1,1150
1520530445.903755,1,60,47,11.06,13.85,0,1150
1520530445.953756,1,60,47,10.97,13.95,0,1150
1520530446.003759,1,60,50,10.99,59.19,1,1032
1520530446.053761,1,60,52,11.09,15.32,0,1032
1520530446.103762,1,61,53,11.11,11.58,0,1032
1520530446.154954,1,157,124,26.29,50.97,1,1000
1520530446.204900,1,120,111,26.26,19.48,0,1000
1520530446.254902,1,300,218,26.18,27.17,0,1000
1520530446.304903,1,168,154,25.88,63.37,1,1045
1520530446.354905,1,152,136,25.46,19.13,0,1045
1520530446.404906,1,141,128,25.07,17.93,0,1045
1520530446.454908,1,135,125,24.72,51.88,1,1002
1520530446.504909,1,168,146,24.47,18.97,0,1002
1520530446.554783,1,161,144,22.65,20.84,0,1002
1520530446.604785,1,148,138,22.37,53.75,1,1031
1520530446.654786,1,132,124,22.19,17.53,0,1031
1520530446.704788,1,145,131,22.02,16.99,0,1031
1520530446.754789,1,130,118,21.94,54.13,1,1039
1520530446.804791,1,150,131,21.96,18.27,0,1039
1520530446.854792,1,175,142,21.92,20.12,0,1039
1520530446.904794,1,245,170,22.11,63.85,1,1110
1520530446.954330,1,150,125,17.11,24.41,0,1110
1520530447.004332,1,144,120,17.30,59.52,1,1109
1520530447.054334,1,300,176,17.42,26.63,0,1109
1520530447.104335,1,180,127,17.64,29.04,0,1109
1520530447.154337,1,131,99,17.89,54.11,1,975
1520530447.204338,1,156,99,18.06,17.56,0,975
1520530447.254340,1,116,86,18.17,18.27,0,975
1520530447.304342,1,130,91,18.38,52.87,1,994
1520530447.354343,1,98,75,18.59,17.78,0,994
1520530447.404124,1,112,73,15.87,15.18,0,994
1520530447.454125,1,109,80,15.97,72.41,1,995
1520530447.504127,1,300,141,16.23,27.25,0,995
1520530447.554128,1,163,100,16.31,32.02,0,995
1520530447.604130,1,163,103,16.39,57.31,1,1025
1520530447.654131,1,300,140,16.47,31.71,0,1025
1520530447.704133,1,141,85,16.51,33.08,0,1025
1520530447.754142,1,88,62,16.57,72.86,1,1037
1520530447.804072,1,217,115,15.75,21.62,0,1037
1520530447.854074,1,118,80,15.87,28.06,0,1037
1520530447.904075,1,98,69,15.75,51.31,1,1013
1520530447.954077,1,87,61,15.76,14.03,0,1013
1520530448.004078,1,300,145,15.78,24.12,0,1013
1520530448.054080,1,300,138,15.80,97.79,1,1085
1520530448.104081,1,300,131,15.81,40.55,0,1085
1520530448.154083,1,239,126,15.87,35.48,0,1085
1520530448.203885,1,300,154,13.10,97.08,1,1158
1520530448.253886,1,137,105,13.25,113.72,1,1149
1520530448.303888,1,227,127,13.21,25.07,0,1149
1520530448.353889,1,149,94,13.20,32.06,0,1149
1520530448.403891,1,300,127,13.18,80.49,1,1221
1520530448.453892,1,149,97,13.14,89.32,1,1243
1520530448.503894,1,300,132,13.18,27.84,0,1243
1520530448.553895,1,300,145,13.11,39.45,0,1243
1520530448.603930,1,152,102,13.64,86.17,1,1283
1520530448.653932,1,300,155,13.58,28.48,0,1283
1520530448.703934,1,300,153,13.64,36.30,0,1283
1520530448.753935,1,153,107,13.64,108.16,1,1302
1520530448.803937,1,115,86,13.73,18.20,0,1302
1520530448.853939,1,300,136,13.70,24.62,0,1302
1520530448.903940,1,152,99,13.68,79.16,1,1216
1520530448.953942,1,138,96,13.69,18.97,0,1216
1520530449.003905,1,124,89,13.14,18.62,0,1216
1520530449.053906,1,205,123,13.21,65.84,1,1265
1520530449.103908,1,300,140,13.19,29.93,0,1265
1520530449.153910,1,250,141,13.13,31.01,0,1265
1520530449.203911,1,181,121,13.20,108.24,1,1275
