t,tracked,n_obs0,n_obs1,mean0,ms,keyframe,n_landmarks,allobs
1700000000.000000,0,0,0,62.49,2.55,0,0,0/0/0/0/0/0
1700000000.050000,0,0,0,62.49,1.88,0,0,0/0/0/0/0/0
1700000000.100000,0,0,0,62.50,1.85,0,0,0/0/0/0/0/0
1700000000.150000,0,0,0,62.50,1.81,0,0,0/0/0/0/0/0
1700000000.200000,0,0,0,62.50,1.79,0,0,0/0/0/0/0/0
1700000000.250000,0,0,0,62.50,1.81,0,0,0/0/0/0/0/0
1700000000.300000,0,0,0,62.50,1.85,0,0,0/0/0/0/0/0
1700000000.350000,0,0,0,62.49,1.81,0,0,0/0/0/0/0/0
1700000000.400000,0,0,0,62.50,1.79,0,0,0/0/0/0/0/0
1700000000.450000,0,0,0,62.50,1.79,0,0,0/0/0/0/0/0
1700000000.500000,0,0,0,62.51,1.80,0,0,0/0/0/0/0/0
1700000000.550000,0,0,0,62.50,1.79,0,0,0/0/0/0/0/0
1700000000.600000,0,0,0,62.50,1.79,0,0,0/0/0/0/0/0
1700000000.650000,0,0,0,62.50,1.82,0,0,0/0/0/0/0/0
1700000000.700000,0,0,0,62.50,1.81,0,0,0/0/0/0/0/0
1700000000.750000,0,0,0,62.50,1.86,0,0,0/0/0/0/0/0
1700000000.800000,0,0,0,62.50,1.81,0,0,0/0/0/0/0/0
1700000000.850000,0,0,0,62.50,1.84,0,0,0/0/0/0/0/0
1700000000.900000,1,227,213,62.50,29.01,1,0,227/213/242/90/106/108
1700000000.950000,1,300,300,62.49,35.28,0,0,300/300/300/300/300/300
1700000001.000000,1,300,300,62.49,40.61,0,0,300/300/300/300/300/300
1700000001.050000,1,300,300,62.50,60.13,1,206,300/300/300/300/300/300
1700000001.100000,1,300,300,62.49,38.85,0,206,300/300/300/300/300/300
1700000001.150000,1,300,300,62.50,39.50,0,206,300/300/300/300/300/300
1700000001.200000,1,300,300,62.49,66.45,1,360,300/300/300/300/300/300
1700000001.250000,1,300,300,62.49,39.92,0,360,300/300/300/300/300/300
1700000001.300000,1,300,300,62.50,39.13,0,360,300/300/300/300/300/300
1700000001.350000,1,300,300,62.49,94.58,1,539,300/300/300/300/300/300
1700000001.400000,1,300,300,62.50,41.48,0,539,300/300/300/300/300/300
1700000001.450000,1,300,300,62.50,39.34,0,539,300/300/300/300/300/300
1700000001.500000,1,300,300,62.51,93.50,1,569,300/300/300/300/300/300
1700000001.550000,1,300,300,62.50,39.85,0,569,300/300/300/300/300/300
1700000001.600000,1,300,300,62.49,38.68,0,569,300/300/300/300/300/300
1700000001.650000,1,300,300,62.50,104.06,1,537,300/300/300/300/300/300
1700000001.700000,1,300,300,62.51,40.98,0,537,300/300/300/300/300/300
1700000001.750000,1,300,300,62.51,40.18,0,537,300/300/300/300/300/300
1700000001.800000,1,300,300,62.51,106.57,1,709,300/300/300/300/300/300
1700000001.850000,1,300,300,62.52,40.99,0,709,300/300/300/300/300/297
1700000001.900000,1,300,300,62.52,41.98,0,709,300/300/300/300/300/300
1700000001.950000,1,300,300,62.53,109.11,1,952,300/300/300/300/300/300
1700000002.000000,1,300,300,62.55,41.09,0,952,300/300/300/300/300/295
1700000002.050000,1,300,300,62.56,44.35,0,952,300/300/300/300/300/300
1700000002.100000,1,300,300,62.58,141.10,1,1088,300/300/300/300/300/298
1700000002.150000,1,300,300,62.61,47.67,0,1088,300/300/300/300/300/295
1700000002.200000,1,300,300,62.63,45.66,0,1088,300/300/300/300/300/290
1700000002.250000,1,300,300,62.67,130.94,1,1139,300/300/300/300/299/292
1700000002.300000,1,300,300,62.72,46.81,0,1139,300/300/300/300/300/291
1700000002.350000,1,300,300,62.75,44.56,0,1139,300/300/300/300/300/286
1700000002.400000,1,300,300,62.80,139.39,1,1189,300/300/300/300/300/289
1700000002.450000,1,300,300,62.85,45.82,0,1189,300/300/300/300/300/290
1700000002.500000,1,300,300,62.91,46.37,0,1189,300/300/300/300/300/287
1700000002.550000,1,300,300,62.99,152.52,1,1239,300/300/300/300/300/292
1700000002.600000,1,300,300,63.07,45.90,0,1239,300/300/300/300/300/300
1700000002.650000,1,300,300,63.15,46.44,0,1239,300/300/300/300/300/292
1700000002.700000,1,300,300,63.23,166.39,1,1295,300/300/300/292/300/284
1700000002.750000,1,300,300,63.32,48.33,0,1295,300/300/300/299/300/276
1700000002.800000,1,300,300,63.43,47.49,0,1295,300/300/300/300/300/267
1700000002.850000,1,300,300,63.56,182.88,1,1346,300/300/300/284/300/262
1700000002.900000,1,300,300,63.67,48.32,0,1346,300/300/300/288/300/254
1700000002.950000,1,300,300,63.81,47.34,0,1346,300/300/300/300/300/252
1700000003.000000,1,300,300,63.94,189.38,1,1400,300/300/300/300/300/300
1700000003.050000,1,300,300,64.10,48.22,0,1400,300/300/300/300/300/300
1700000003.100000,1,300,300,64.27,49.07,0,1400,300/300/300/300/292/300
1700000003.150000,1,300,300,64.45,205.91,1,1495,300/300/300/300/286/300
1700000003.200000,1,300,300,64.60,49.65,0,1495,300/300/300/300/300/300
1700000003.250000,1,300,300,64.81,48.04,0,1495,300/300/300/300/300/300
1700000003.300000,1,300,300,64.99,223.45,1,1551,300/300/300/300/291/300
1700000003.350000,1,300,300,65.18,52.61,0,1551,300/300/300/300/300/300
1700000003.400000,1,300,300,65.39,50.06,0,1551,300/300/300/300/300/300
1700000003.450000,1,300,300,65.59,232.34,1,1638,300/300/300/300/300/300
1700000003.500000,1,300,300,65.81,52.37,0,1638,300/300/300/300/300/300
1700000003.550000,1,300,300,66.03,52.10,0,1638,300/300/300/300/300/300
1700000003.600000,1,300,300,66.26,241.45,1,1739,300/300/300/300/300/300
1700000003.650000,1,300,300,66.52,51.90,0,1739,300/300/300/300/300/300
1700000003.700000,1,300,300,66.76,52.25,0,1739,300/300/300/300/300/300
1700000003.750000,1,300,300,67.03,253.69,1,1814,300/300/300/300/300/300
1700000003.800000,1,300,300,67.29,53.85,0,1814,300/300/300/300/300/300
1700000003.850000,1,300,300,67.56,53.18,0,1814,300/300/300/300/300/300
1700000003.900000,1,300,300,67.82,268.06,1,1898,300/300/300/300/300/300
1700000003.950000,1,300,300,68.10,51.11,0,1898,300/300/300/300/300/300
1700000004.000000,1,300,300,68.39,51.60,0,1898,300/300/300/300/300/300
1700000004.050000,1,300,300,68.66,280.08,1,1961,300/300/300/300/300/300
1700000004.100000,1,300,300,68.90,54.77,0,1961,300/300/300/300/300/300
1700000004.150000,1,300,300,69.18,50.57,0,1961,300/300/300/300/300/300
1700000004.200000,1,300,300,69.44,303.80,1,2066,300/300/300/300/300/300
1700000004.250000,1,300,300,69.69,52.53,0,2066,300/300/300/300/300/300
1700000004.300000,1,300,300,69.92,50.68,0,2066,300/300/300/300/300/300
1700000004.350000,1,300,300,70.15,304.19,1,2154,300/300/300/300/300/300
1700000004.400000,1,300,300,70.44,52.73,0,2154,300/300/300/300/300/300
1700000004.450000,1,300,300,70.77,53.58,0,2154,300/300/300/300/300/300
1700000004.500000,1,300,300,71.12,319.00,1,2247,300/300/300/300/300/300
1700000004.550000,1,300,300,71.50,53.08,0,2247,300/300/300/300/300/300
1700000004.600000,1,300,300,71.89,54.96,0,2247,300/300/300/300/300/300
1700000004.650000,1,300,300,72.30,323.83,1,2332,300/300/300/300/300/300
1700000004.700000,1,300,300,72.72,57.75,0,2332,300/300/300/300/300/300
1700000004.750000,1,300,300,73.16,61.68,0,2332,300/300/300/300/300/300
1700000004.800000,1,300,300,73.62,329.99,1,2451,300/300/300/300/300/300
1700000004.850000,1,300,300,74.06,57.01,0,2451,300/300/300/300/300/300
1700000004.900000,1,300,300,74.53,59.02,0,2451,300/300/300/300/300/300
1700000004.950000,1,300,300,75.01,366.83,1,2564,300/300/300/300/300/300
1700000005.000000,1,300,300,75.52,56.20,0,2564,300/300/300/300/300/300
1700000005.050000,1,300,300,76.06,58.55,0,2564,300/300/300/300/300/300
1700000005.100000,1,300,300,76.64,321.31,1,2418,300/300/300/300/300/300
1700000005.150000,1,300,300,77.24,62.11,0,2418,300/300/300/300/300/300
1700000005.200000,1,300,300,77.87,66.00,0,2418,300/300/300/300/300/300
1700000005.250000,1,300,300,78.52,275.54,1,2273,300/300/300/300/300/300
1700000005.300000,1,300,300,79.21,66.21,0,2273,300/300/300/300/300/300
1700000005.350000,1,300,300,79.93,69.95,0,2273,300/300/300/300/300/300
1700000005.400000,1,300,300,80.70,219.65,1,2104,300/300/300/300/300/300
1700000005.450000,1,300,300,81.51,69.63,0,2104,300/300/300/300/300/300
1700000005.500000,1,300,300,82.36,67.07,0,2104,300/300/300/300/300/300
1700000005.550000,1,300,300,83.23,217.57,1,2107,300/300/274/300/300/300
1700000005.600000,1,300,300,84.06,67.46,0,2107,300/300/300/300/300/300
1700000005.650000,1,300,300,84.91,74.81,0,2107,300/300/281/300/300/300
1700000005.700000,1,300,300,85.76,206.52,1,2194,300/300/300/300/300/300
1700000005.750000,1,300,300,86.60,79.56,0,2194,300/300/300/300/300/300
1700000005.800000,1,300,300,87.44,83.57,0,2194,300/300/300/300/300/300
1700000005.850000,1,300,300,88.28,228.43,1,2249,300/300/300/300/300/300
1700000005.900000,1,300,300,89.11,84.90,0,2249,300/300/300/300/300/300
1700000005.950000,1,300,300,89.91,93.37,0,2249,300/300/300/300/300/300
1700000006.000000,1,300,300,90.64,249.30,1,2277,300/300/300/300/300/300
1700000006.050000,1,300,300,91.37,122.60,0,2277,300/300/300/300/300/300
1700000006.100000,1,300,300,92.20,122.60,0,2277,300/300/300/300/300/300
1700000006.150000,1,289,300,93.02,316.90,1,2247,289/300/300/300/300/300
1700000006.200000,1,254,300,93.57,185.26,0,2247,254/300/289/300/300/300
1700000006.250000,1,241,300,92.69,81.54,0,2247,241/300/143/167/268/300
1700000006.300000,1,107,300,81.78,241.38,1,2211,107/300/238/227/131/300
1700000006.350000,1,237,257,52.60,73.87,0,2211,237/257/300/300/242/160
1700000006.400000,1,182,188,73.73,106.68,0,2211,182/188/300/300/280/248
1700000006.450000,1,249,267,73.58,194.68,1,2296,249/267/300/300/300/156
1700000006.500000,1,300,300,73.40,59.80,0,2296,300/300/300/300/300/227
1700000006.550000,1,300,300,73.21,59.89,0,2296,300/300/300/300/300/300
1700000006.600000,1,300,300,73.03,208.13,1,2476,300/300/300/300/300/300
1700000006.650000,1,300,300,72.83,61.51,0,2476,300/300/300/300/300/300
1700000006.700000,1,300,300,72.62,56.78,0,2476,300/300/300/300/300/300
1700000006.750000,1,300,300,72.41,224.64,1,2603,300/300/300/300/274/300
1700000006.800000,1,300,300,72.19,84.65,0,2603,300/300/300/200/300/300
1700000006.850000,1,254,300,46.49,86.51,0,2603,254/300/300/300/133/300
1700000006.900000,1,87,300,67.78,197.57,1,2586,87/300/300/239/165/300
1700000006.950000,1,90,300,88.76,79.19,0,2586,90/300/217/300/149/300
1700000007.000000,1,117,239,91.87,51.83,0,2586,117/239/300/300/165/181
1700000007.050000,1,122,121,91.41,271.18,1,2636,122/121/300/300/300/168
1700000007.100000,1,120,300,90.45,92.93,0,2636,120/300/300/298/300/178
1700000007.150000,1,300,300,89.34,89.29,0,2636,300/300/300/300/300/205
1700000007.200000,1,300,300,88.19,296.91,1,2725,300/300/300/300/280/247
1700000007.250000,1,300,300,87.12,83.79,0,2725,300/300/300/300/300/230
1700000007.300000,1,300,300,86.18,77.50,0,2725,300/300/300/300/300/300
1700000007.350000,1,300,300,85.22,227.18,1,2865,300/300/300/300/273/281
1700000007.400000,1,300,300,84.20,72.45,0,2865,300/300/300/300/261/272
1700000007.450000,1,300,300,83.21,71.99,0,2865,300/300/300/288/258/279
1700000007.500000,1,300,300,82.25,283.59,1,2917,300/300/300/273/245/288
1700000007.550000,1,300,300,81.35,72.20,0,2917,300/300/300/263/276/275
1700000007.600000,1,300,300,80.51,76.95,0,2917,300/300/300/259/300/250
1700000007.650000,1,300,300,79.67,228.72,1,2946,300/300/300/294/300/300
1700000007.700000,1,300,300,78.90,67.54,0,2946,300/300/300/280/300/270
1700000007.750000,1,300,300,78.15,61.70,0,2946,300/300/300/281/300/300
1700000007.800000,1,300,300,77.41,251.36,1,2989,300/300/300/274/300/300
1700000007.850000,1,300,300,76.71,66.92,0,2989,300/300/300/265/290/300
1700000007.900000,1,300,300,76.03,68.88,0,2989,300/300/300/257/284/283
1700000007.950000,1,300,300,75.37,226.84,1,3015,300/300/300/256/269/300
1700000008.000000,1,300,300,74.75,65.84,0,3015,300/300/300/258/274/285
1700000008.050000,1,300,300,74.14,63.80,0,3015,300/300/300/252/300/270
1700000008.100000,1,300,300,73.57,229.05,1,3020,300/300/300/244/294/300
1700000008.150000,1,300,300,73.01,67.62,0,3020,300/300/300/237/291/280
1700000008.200000,1,300,300,72.49,56.19,0,3020,300/300/300/289/287/265
1700000008.250000,1,300,300,71.99,233.08,1,2996,300/300/300/271/281/300
1700000008.300000,1,300,300,71.53,67.74,0,2996,300/300/300/259/279/300
1700000008.350000,1,286,300,71.13,66.15,0,2996,286/300/300/255/292/258
1700000008.400000,1,279,300,70.80,206.56,1,2982,279/300/300/245/300/300
1700000008.450000,1,300,300,70.53,64.42,0,2982,300/300/300/300/300/300
1700000008.500000,1,300,300,70.33,67.45,0,2982,300/300/300/272/300/300
1700000008.550000,1,300,300,70.16,238.60,1,2950,300/300/300/266/300/300
1700000008.600000,1,300,300,70.03,57.09,0,2950,300/300/300/269/300/300
1700000008.650000,1,300,300,69.92,64.73,0,2950,300/300/300/285/300/300
1700000008.700000,1,300,300,69.78,250.60,1,2939,300/300/300/300/300/300
1700000008.750000,1,300,300,69.63,68.27,0,2939,300/300/300/286/271/300
1700000008.800000,1,300,300,69.45,58.01,0,2939,300/300/300/284/300/300
1700000008.850000,1,300,300,69.31,262.92,1,2899,300/300/300/300/300/300
1700000008.900000,1,300,300,69.14,54.31,0,2899,300/300/300/300/300/300
1700000008.950000,1,300,300,68.98,55.94,0,2899,300/300/300/300/294/300
1700000009.000000,1,300,300,68.82,246.59,1,2888,300/300/300/300/300/300
1700000009.050000,1,300,300,68.62,57.26,0,2888,300/300/300/300/300/300
1700000009.100000,1,300,300,68.46,55.04,0,2888,300/300/300/300/300/300
1700000009.150000,1,300,300,68.31,240.35,1,2852,300/300/300/300/300/300
1700000009.200000,1,300,300,68.19,50.71,0,2852,300/300/300/300/300/300
1700000009.250000,1,300,300,68.09,51.31,0,2852,300/300/300/300/300/300
1700000009.300000,1,300,300,67.99,255.93,1,2829,300/300/300/300/300/300
1700000009.350000,1,300,300,67.92,50.72,0,2829,300/300/300/300/300/300
1700000009.400000,1,300,300,67.82,51.24,0,2829,300/300/300/300/300/300
1700000009.450000,1,300,300,67.73,261.75,1,2809,300/300/300/300/300/300
1700000009.500000,1,300,300,67.67,52.15,0,2809,300/300/300/300/300/300
1700000009.550000,1,300,300,67.69,50.66,0,2809,300/300/300/300/300/300
1700000009.600000,1,300,300,67.81,296.27,1,2801,300/300/300/300/300/300
1700000009.650000,1,300,300,68.02,53.87,0,2801,300/300/300/300/300/285
1700000009.700000,1,284,300,68.31,52.34,0,2801,284/300/300/300/300/278
1700000009.750000,1,285,300,68.62,278.20,1,2768,285/300/300/300/300/273
1700000009.800000,1,278,300,68.95,52.41,0,2768,278/300/300/300/300/258
1700000009.850000,1,278,300,69.26,49.83,0,2768,278/300/300/300/300/260
1700000009.900000,1,292,291,69.50,287.78,1,2746,292/291/300/300/300/246
1700000009.950000,1,300,300,69.71,48.91,0,2746,300/300/300/300/300/248
1700000010.000000,1,300,300,69.87,54.00,0,2746,300/300/300/300/300/242
1700000010.050000,1,300,300,70.00,443.30,1,2734,300/300/300/300/300/246
1700000010.100000,1,300,300,70.04,53.46,0,2734,300/300/300/300/300/273
1700000010.150000,1,300,300,70.04,52.74,0,2734,300/300/300/300/300/256
1700000010.200000,1,300,300,70.00,266.36,1,2727,300/300/300/300/300/300
1700000010.250000,1,300,300,69.93,52.76,0,2727,300/300/300/300/300/300
1700000010.300000,1,300,300,69.88,51.19,0,2727,300/300/300/300/300/300
1700000010.350000,1,300,300,69.81,280.38,1,2786,300/300/300/300/300/300
1700000010.400000,1,300,300,69.74,51.08,0,2786,300/300/300/300/300/300
1700000010.450000,1,300,300,69.66,51.69,0,2786,300/300/300/300/300/300
1700000010.500000,1,300,300,69.59,284.83,1,2729,300/300/300/300/300/300
1700000010.550000,1,300,300,69.54,53.31,0,2729,300/300/300/300/300/300
1700000010.600000,1,300,300,69.48,51.11,0,2729,300/300/300/300/300/300
1700000010.650000,1,300,300,69.43,449.50,1,2591,300/300/300/300/300/300
1700000010.700000,1,300,300,69.38,54.24,0,2591,300/300/300/300/300/300
1700000010.750000,1,300,300,69.34,51.99,0,2591,300/300/300/300/300/300
1700000010.800000,1,300,300,69.32,296.94,1,2462,300/300/300/300/300/300
1700000010.850000,1,300,300,69.28,54.68,0,2462,300/300/300/300/300/300
1700000010.900000,1,300,300,69.28,51.39,0,2462,300/300/300/300/300/300
1700000010.950000,1,300,300,69.26,422.52,1,2482,300/300/300/300/300/300
1700000011.000000,1,300,300,69.27,53.93,0,2482,300/300/300/300/300/300
1700000011.050000,1,300,300,69.27,51.21,0,2482,300/300/300/300/300/300
1700000011.100000,1,300,300,69.28,307.88,1,2460,300/300/300/300/300/300
1700000011.150000,1,300,300,69.30,54.44,0,2460,300/300/300/300/300/300
1700000011.200000,1,300,300,69.32,51.13,0,2460,300/300/300/300/300/300
1700000011.250000,1,300,300,69.35,376.04,1,2366,300/300/300/300/300/300
1700000011.300000,1,300,300,69.38,53.09,0,2366,300/300/300/300/300/300
1700000011.350000,1,300,300,69.45,53.24,0,2366,300/300/300/300/300/300
1700000011.400000,1,300,300,69.53,345.60,1,2271,300/300/300/300/300/300
1700000011.450000,1,300,300,69.61,51.99,0,2271,300/300/300/300/300/300
1700000011.500000,1,300,300,69.73,52.95,0,2271,300/300/300/300/300/300
1700000011.550000,1,300,300,69.84,370.22,1,2282,300/300/300/300/300/300
1700000011.600000,1,300,300,70.00,52.08,0,2282,300/300/300/300/300/300
1700000011.650000,1,300,300,70.14,50.27,0,2282,300/300/300/300/300/300
1700000011.700000,1,300,300,70.31,364.11,1,2265,300/300/300/300/300/300
1700000011.750000,1,300,300,70.49,52.54,0,2265,300/300/300/300/300/300
1700000011.800000,1,300,300,70.71,52.39,0,2265,300/300/300/300/300/300
1700000011.850000,1,300,300,70.94,320.09,1,2223,300/300/300/300/300/300
1700000011.900000,1,300,300,71.19,50.29,0,2223,300/300/300/300/300/300
1700000011.950000,1,300,300,71.48,49.54,0,2223,300/300/300/300/300/300
1700000012.000000,1,300,300,71.79,319.06,1,2200,300/300/300/300/300/300
1700000012.050000,1,300,300,72.10,52.55,0,2200,300/300/300/300/300/300
1700000012.100000,1,300,300,72.46,53.17,0,2200,300/300/300/300/300/300
1700000012.150000,1,300,300,72.82,286.52,1,2177,300/300/300/300/300/300
1700000012.200000,1,300,300,73.21,52.94,0,2177,300/300/300/300/300/300
1700000012.250000,1,300,300,73.61,51.19,0,2177,300/300/300/300/300/300
1700000012.300000,1,300,300,73.99,324.79,1,2155,300/300/300/300/300/300
1700000012.350000,1,300,300,74.40,52.98,0,2155,300/300/300/300/294/300
1700000012.400000,1,300,300,74.81,50.53,0,2155,300/300/300/300/300/300
1700000012.450000,1,300,300,75.19,308.71,1,2157,300/300/288/300/300/300
1700000012.500000,1,300,300,75.57,52.48,0,2157,300/300/284/300/300/300
1700000012.550000,1,300,300,75.93,51.69,0,2157,300/300/300/300/300/300
1700000012.600000,1,300,300,76.26,170.06,1,2151,300/300/284/300/300/300
1700000012.650000,1,300,300,76.58,53.88,0,2151,300/300/282/300/300/300
1700000012.700000,1,300,300,76.89,52.45,0,2151,300/300/300/300/300/300
1700000012.750000,1,300,300,77.17,315.19,1,2136,300/300/300/300/300/300
1700000012.800000,1,300,300,77.43,52.55,0,2136,300/300/300/300/300/300
1700000012.850000,1,300,300,77.67,52.88,0,2136,300/300/300/300/300/300
1700000012.900000,1,300,300,77.86,360.71,1,2162,300/300/285/300/300/300
1700000012.950000,1,300,300,78.06,51.29,0,2162,300/300/281/300/300/300
1700000013.000000,1,300,300,78.20,51.14,0,2162,300/300/300/300/300/300
1700000013.050000,1,300,300,78.31,227.18,1,2118,300/300/300/300/300/300
1700000013.100000,1,300,300,78.41,53.47,0,2118,300/300/300/300/300/300
1700000013.150000,1,300,300,78.47,50.73,0,2118,300/300/300/300/300/300
1700000013.200000,1,300,300,78.50,275.24,1,2103,300/300/300/300/300/300
1700000013.250000,1,300,300,78.50,52.51,0,2103,300/300/300/300/300/300
1700000013.300000,1,300,300,78.47,53.95,0,2103,300/300/292/300/300/300
1700000013.350000,1,297,300,78.40,277.13,1,2056,297/300/300/300/300/300
1700000013.400000,1,300,300,78.30,53.27,0,2056,300/300/300/300/300/300
1700000013.450000,1,300,300,78.14,53.59,0,2056,300/300/300/300/300/300
1700000013.500000,1,300,300,77.96,317.74,1,2016,300/300/300/300/300/300
1700000013.550000,1,300,300,77.75,56.72,0,2016,300/300/300/300/300/300
1700000013.600000,1,300,300,77.51,52.78,0,2016,300/300/300/300/300/300
1700000013.650000,1,300,300,77.27,275.11,1,2004,300/300/300/300/300/300
1700000013.700000,1,300,300,77.02,53.66,0,2004,300/300/292/300/300/300
1700000013.750000,1,300,300,76.75,53.11,0,2004,300/300/294/300/300/300
1700000013.800000,1,300,300,76.51,258.58,1,1979,300/300/300/300/300/300
1700000013.850000,1,300,300,76.26,53.03,0,1979,300/300/300/300/300/300
1700000013.900000,1,300,300,75.99,55.05,0,1979,300/300/300/300/300/300
1700000013.950000,1,300,300,75.70,356.01,1,1963,300/300/300/300/300/300
1700000014.000000,1,300,300,75.42,53.90,0,1963,300/300/294/300/300/300
1700000014.050000,1,300,300,75.12,53.22,0,1963,300/300/300/300/300/300
1700000014.100000,1,300,300,74.82,290.23,1,1953,300/300/300/300/300/300
1700000014.150000,1,300,300,74.54,56.98,0,1953,300/300/280/300/300/300
1700000014.200000,1,300,300,74.24,53.79,0,1953,300/300/300/300/300/300
1700000014.250000,1,300,300,73.96,339.83,1,1944,300/300/285/300/300/300
1700000014.300000,1,300,300,73.68,52.60,0,1944,300/300/274/300/300/300
1700000014.350000,1,300,300,73.43,52.32,0,1944,300/300/300/300/300/300
1700000014.400000,1,300,300,73.21,251.77,1,1926,300/300/300/300/300/300
1700000014.450000,1,300,300,73.00,52.01,0,1926,300/300/300/300/300/300
1700000014.500000,1,300,300,72.82,51.95,0,1926,300/300/300/300/300/300
1700000014.550000,1,300,300,72.72,345.98,1,1929,300/300/300/300/300/300
1700000014.600000,1,300,300,72.62,50.92,0,1929,300/300/300/300/300/300
1700000014.650000,1,300,300,72.51,51.22,0,1929,300/300/300/300/300/300
1700000014.700000,1,300,300,72.43,261.50,1,1919,300/300/300/300/300/300
1700000014.750000,1,300,300,72.29,51.78,0,1919,300/300/294/300/300/300
1700000014.800000,1,300,300,72.15,55.43,0,1919,300/300/300/300/300/300
1700000014.850000,1,300,300,72.00,262.03,1,1911,300/300/287/300/300/300
1700000014.900000,1,300,300,71.89,53.73,0,1911,300/300/300/300/300/300
1700000014.950000,1,300,300,71.75,51.66,0,1911,300/300/300/293/300/300
1700000015.000000,1,300,300,71.63,269.68,1,1936,300/300/300/288/300/300
1700000015.050000,1,300,300,71.51,51.53,0,1936,300/300/300/279/300/300
1700000015.100000,1,300,300,71.39,49.67,0,1936,300/300/283/300/300/300
1700000015.150000,1,300,300,71.25,467.52,1,1930,300/300/300/289/300/300
1700000015.200000,1,300,300,71.10,54.47,0,1930,300/300/300/277/300/300
1700000015.250000,1,300,300,70.94,50.65,0,1930,300/300/300/292/300/300
1700000015.300000,1,300,300,70.75,269.69,1,1924,300/300/300/300/300/300
1700000015.350000,1,300,300,70.57,52.63,0,1924,300/300/300/300/300/300
1700000015.400000,1,300,300,70.38,50.28,0,1924,300/300/300/300/300/300
1700000015.450000,1,300,300,70.19,381.39,1,1928,300/300/300/300/300/300
1700000015.500000,1,300,300,70.00,52.12,0,1928,300/300/300/300/300/300
1700000015.550000,1,300,300,69.82,52.26,0,1928,300/300/300/300/300/300
1700000015.600000,1,300,300,69.65,332.25,1,1884,300/300/300/300/300/300
1700000015.650000,1,300,300,69.48,50.16,0,1884,300/300/300/300/300/300
1700000015.700000,1,300,300,69.32,49.90,0,1884,300/300/300/300/300/300
1700000015.750000,1,300,300,69.17,283.56,1,1939,300/300/300/300/300/300
1700000015.800000,1,300,300,69.01,52.27,0,1939,300/300/300/300/300/300
1700000015.850000,1,300,300,68.85,50.57,0,1939,300/300/300/300/300/300
1700000015.900000,1,300,300,68.69,342.55,1,1954,300/300/300/300/300/300
1700000015.950000,1,300,300,68.54,50.19,0,1954,300/300/300/300/300/300
1700000016.000000,1,300,300,68.38,48.38,0,1954,300/300/300/300/300/300
1700000016.050000,1,300,300,68.24,316.38,1,1948,300/300/300/300/300/300
1700000016.100000,1,300,300,68.10,51.96,0,1948,300/300/300/300/300/300
1700000016.150000,1,300,300,67.97,54.63,0,1948,300/300/300/300/300/300
1700000016.200000,1,300,300,67.85,308.18,1,1973,300/300/300/300/300/300
1700000016.250000,1,300,300,67.74,50.38,0,1973,300/300/300/300/300/300
1700000016.300000,1,300,300,67.63,49.02,0,1973,300/300/300/300/300/300
1700000016.350000,1,300,300,67.55,279.94,1,1993,300/300/300/300/300/300
1700000016.400000,1,300,300,67.47,51.42,0,1993,300/300/300/300/300/300
1700000016.450000,1,300,300,67.39,50.75,0,1993,300/300/300/300/300/300
1700000016.500000,1,300,300,67.34,281.83,1,1985,300/300/300/300/300/300
1700000016.550000,1,300,300,67.28,53.13,0,1985,300/300/300/300/300/300
1700000016.600000,1,300,300,67.26,51.56,0,1985,300/300/300/300/300/300
1700000016.650000,1,300,300,67.22,283.47,1,2016,300/300/300/300/300/300
1700000016.700000,1,300,300,67.19,50.33,0,2016,300/300/300/300/300/300
1700000016.750000,1,300,300,67.18,49.31,0,2016,300/300/300/300/300/300
1700000016.800000,1,300,300,67.15,286.78,1,2035,300/300/300/300/300/300
1700000016.850000,1,300,300,67.15,50.86,0,2035,300/300/300/300/300/300
1700000016.900000,1,300,300,67.16,47.65,0,2035,300/300/300/300/300/300
1700000016.950000,1,300,300,67.17,281.02,1,2024,300/300/300/300/300/300
1700000017.000000,1,300,300,67.19,50.33,0,2024,300/300/300/300/300/300
1700000017.050000,1,300,300,67.23,51.05,0,2024,300/300/300/300/300/300
1700000017.100000,1,300,300,67.27,278.63,1,2044,300/300/300/300/300/300
1700000017.150000,1,300,300,67.32,49.35,0,2044,300/300/300/300/300/300
1700000017.200000,1,300,300,67.38,47.83,0,2044,300/300/300/300/300/300
1700000017.250000,1,300,300,67.45,282.29,1,2084,300/300/300/300/300/300
1700000017.300000,1,300,300,67.52,48.64,0,2084,300/300/300/300/300/300
1700000017.350000,1,300,300,67.63,49.30,0,2084,300/300/300/300/300/300
1700000017.400000,1,300,300,67.71,289.14,1,2106,300/300/300/300/300/300
1700000017.450000,1,300,300,67.81,49.13,0,2106,300/300/300/300/300/300
1700000017.500000,1,300,300,67.90,48.08,0,2106,300/300/300/300/300/300
1700000017.550000,1,300,300,68.03,293.05,1,2127,300/300/300/300/300/300
1700000017.600000,1,300,300,68.15,47.36,0,2127,300/300/300/300/300/300
1700000017.650000,1,300,300,68.28,48.71,0,2127,300/300/300/300/300/300
1700000017.700000,1,300,300,68.42,339.82,1,2117,300/300/300/300/300/300
1700000017.750000,1,300,300,68.57,50.92,0,2117,300/300/300/300/300/300
1700000017.800000,1,300,300,68.74,48.40,0,2117,300/300/300/300/300/300
1700000017.850000,1,300,300,68.91,345.79,1,2135,300/300/300/300/300/300
1700000017.900000,1,300,300,69.09,50.67,0,2135,300/300/300/300/300/300
1700000017.950000,1,300,300,69.29,48.18,0,2135,300/300/300/300/300/300
1700000018.000000,1,300,300,69.49,309.65,1,2158,300/300/300/300/300/300
1700000018.050000,1,300,300,69.71,50.09,0,2158,300/300/300/300/300/300
1700000018.100000,1,300,300,69.90,50.86,0,2158,300/300/300/300/300/300
1700000018.150000,1,300,300,70.12,231.09,1,2181,300/300/300/300/300/300
1700000018.200000,1,300,300,70.32,50.93,0,2181,300/300/300/300/300/300
1700000018.250000,1,300,300,70.52,53.02,0,2181,300/300/300/300/300/300
1700000018.300000,1,300,300,70.71,218.82,1,2223,300/300/300/300/300/300
1700000018.350000,1,300,300,70.89,52.50,0,2223,300/300/300/300/300/300
1700000018.400000,1,300,300,71.09,51.15,0,2223,300/300/300/300/300/300
1700000018.450000,1,300,300,71.26,227.92,1,2270,300/300/300/300/300/300
1700000018.500000,1,300,300,71.45,51.58,0,2270,300/300/300/300/300/300
1700000018.550000,1,300,300,71.59,50.07,0,2270,300/300/300/300/300/300
1700000018.600000,1,300,300,71.69,229.31,1,2258,300/300/300/300/300/300
1700000018.650000,1,300,300,71.82,51.73,0,2258,300/300/300/300/300/300
1700000018.700000,1,300,300,71.94,51.98,0,2258,300/300/300/300/300/300
1700000018.750000,1,300,300,72.03,231.18,1,2275,300/300/300/300/300/300
1700000018.800000,1,300,300,72.13,54.55,0,2275,300/300/300/300/300/300
1700000018.850000,1,300,300,72.23,51.76,0,2275,300/300/300/300/300/300
1700000018.900000,1,300,300,72.32,368.59,1,2318,300/300/300/300/300/300
1700000018.950000,1,300,300,72.39,56.21,0,2318,300/300/300/300/300/300
1700000019.000000,1,300,300,72.46,51.63,0,2318,300/300/300/300/300/300
1700000019.050000,1,300,300,72.52,327.41,1,2333,300/300/300/300/300/300
1700000019.100000,1,300,300,72.57,53.21,0,2333,300/300/300/300/300/300
1700000019.150000,1,300,300,72.64,52.29,0,2333,300/300/300/300/300/300
1700000019.200000,1,300,300,72.69,405.59,1,2371,300/300/300/300/300/300
1700000019.250000,1,300,300,72.72,53.93,0,2371,300/300/300/300/300/300
1700000019.300000,1,300,300,72.76,50.51,0,2371,300/300/300/300/300/300
1700000019.350000,1,300,300,72.79,410.40,1,2416,300/300/300/300/300/300
1700000019.400000,1,300,300,72.84,53.39,0,2416,300/300/300/300/300/300
1700000019.450000,1,300,300,72.86,51.11,0,2416,300/300/300/300/300/300
1700000019.500000,1,300,300,72.90,344.40,1,2409,300/300/300/300/300/300
1700000019.550000,1,300,300,72.94,57.77,0,2409,300/300/300/300/300/300
1700000019.600000,1,300,300,72.96,52.85,0,2409,300/300/300/300/300/300
1700000019.650000,1,300,300,72.99,339.84,1,2398,300/300/300/300/300/294
1700000019.700000,1,300,300,73.01,55.91,0,2398,300/300/300/300/300/300
1700000019.750000,1,300,300,73.02,55.30,0,2398,300/300/300/300/300/299
1700000019.800000,1,300,300,73.05,258.50,1,2343,300/300/300/300/300/289
1700000019.850000,1,300,300,73.07,58.00,0,2343,300/300/300/300/300/285
1700000019.900000,1,300,300,73.11,53.43,0,2343,300/300/300/300/300/278
1700000019.950000,1,300,300,73.12,227.11,1,2379,300/300/300/300/300/288
1700000020.000000,1,300,300,73.15,52.80,0,2379,300/300/300/300/300/300
1700000020.050000,1,300,300,73.15,55.14,0,2379,300/300/300/300/300/300
1700000020.100000,1,300,300,73.17,241.17,1,2392,300/300/300/289/300/300
1700000020.150000,1,300,300,73.17,53.29,0,2392,300/300/300/300/300/300
1700000020.200000,1,300,300,73.17,60.60,0,2392,300/300/300/300/300/300
1700000020.250000,1,300,300,73.18,303.80,1,2433,300/300/300/300/300/300
1700000020.300000,1,300,300,73.18,56.59,0,2433,300/300/300/293/300/300
1700000020.350000,1,300,300,73.18,52.02,0,2433,300/300/300/286/300/300
1700000020.400000,1,300,300,73.16,248.84,1,2477,300/300/300/300/300/300
1700000020.450000,1,300,300,73.15,53.15,0,2477,300/300/300/300/300/300
1700000020.500000,1,300,300,73.13,52.32,0,2477,300/300/300/300/300/300
1700000020.550000,1,300,300,73.10,301.27,1,2487,300/300/300/300/300/300
1700000020.600000,1,300,300,73.06,54.24,0,2487,300/300/300/300/300/300
1700000020.650000,1,300,300,73.04,55.43,0,2487,300/300/300/300/300/300
1700000020.700000,1,300,300,73.04,228.62,1,2507,300/300/300/300/300/300
1700000020.750000,1,300,300,73.04,54.45,0,2507,300/300/300/300/300/300
1700000020.800000,1,300,300,73.04,55.88,0,2507,300/300/300/300/300/300
1700000020.850000,1,300,300,73.07,329.66,1,2534,300/300/300/300/300/300
1700000020.900000,1,300,300,73.07,55.72,0,2534,300/300/300/300/300/300
1700000020.950000,1,300,300,73.07,52.45,0,2534,300/300/300/300/300/300
1700000021.000000,1,300,300,73.09,321.76,1,2553,300/300/300/300/300/300
1700000021.050000,1,300,300,73.15,54.03,0,2553,300/300/300/300/300/300
1700000021.100000,1,300,300,73.18,52.82,0,2553,300/300/300/300/300/300
1700000021.150000,1,300,300,73.21,288.53,1,2561,300/300/300/300/300/300
1700000021.200000,1,300,300,73.24,51.27,0,2561,300/300/300/300/300/300
1700000021.250000,1,300,300,73.26,51.76,0,2561,300/300/300/300/300/300
1700000021.300000,1,300,300,73.24,290.25,1,2571,300/300/300/300/300/300
1700000021.350000,1,300,300,73.22,50.94,0,2571,300/300/300/300/300/300
1700000021.400000,1,300,300,73.20,53.50,0,2571,300/300/300/300/300/300
1700000021.450000,1,300,300,73.15,281.57,1,2581,300/300/300/300/300/300
1700000021.500000,1,300,300,73.08,51.71,0,2581,300/300/300/300/300/300
1700000021.550000,1,300,300,72.99,52.47,0,2581,300/300/300/300/300/300
1700000021.600000,1,300,300,72.90,291.75,1,2589,300/300/300/300/300/300
1700000021.650000,1,300,300,72.81,53.41,0,2589,300/300/300/300/300/300
1700000021.700000,1,300,300,72.70,52.88,0,2589,300/300/300/300/300/300
1700000021.750000,1,300,300,72.59,300.84,1,2589,300/300/300/300/300/300
1700000021.800000,1,300,300,72.49,54.37,0,2589,300/300/300/300/300/300
1700000021.850000,1,300,300,72.37,52.42,0,2589,300/300/300/300/300/300
1700000021.900000,1,300,300,72.28,299.45,1,2584,300/300/300/300/300/300
1700000021.950000,1,300,300,72.19,52.70,0,2584,300/300/300/300/300/300
1700000022.000000,1,300,300,72.09,48.79,0,2584,300/300/300/300/300/300
1700000022.050000,1,300,300,71.97,315.19,1,2580,300/300/300/300/300/300
1700000022.100000,1,300,300,71.86,49.95,0,2580,300/300/300/300/300/300
1700000022.150000,1,300,300,71.74,51.99,0,2580,300/300/300/300/300/300
1700000022.200000,1,300,300,71.63,216.55,1,2598,300/300/300/300/300/300
1700000022.250000,1,300,300,71.51,48.53,0,2598,300/300/300/300/300/300
1700000022.300000,1,300,300,71.38,48.77,0,2598,300/300/300/300/300/300
1700000022.350000,1,300,300,71.26,232.37,1,2591,300/300/300/300/300/300
1700000022.400000,1,300,300,71.14,49.62,0,2591,300/300/300/300/300/300
1700000022.450000,1,300,300,71.01,50.13,0,2591,300/300/300/300/300/300
1700000022.500000,1,300,300,70.89,306.74,1,2545,300/300/300/300/300/300
1700000022.550000,1,300,300,70.75,47.46,0,2545,300/300/300/300/300/300
1700000022.600000,1,300,300,70.61,49.48,0,2545,300/300/300/300/300/300
1700000022.650000,1,300,300,70.47,235.94,1,2543,300/300/300/300/300/300
1700000022.700000,1,300,300,70.34,48.61,0,2543,300/300/300/300/300/300
1700000022.750000,1,300,300,70.19,47.76,0,2543,300/300/300/300/300/300
1700000022.800000,1,300,300,70.04,350.75,1,2501,300/300/300/300/300/300
1700000022.850000,1,300,300,69.89,48.02,0,2501,300/300/300/300/300/300
1700000022.900000,1,300,300,69.74,45.92,0,2501,300/300/300/300/300/300
1700000022.950000,1,300,300,69.60,314.14,1,2486,300/300/300/300/300/300
1700000023.000000,1,300,300,69.43,45.91,0,2486,300/300/300/300/300/300
1700000023.050000,1,300,300,69.27,46.78,0,2486,300/300/300/300/300/300
1700000023.100000,1,300,300,69.11,319.22,1,2460,300/300/300/300/300/300
1700000023.150000,1,300,300,68.95,47.71,0,2460,300/300/300/300/300/300
1700000023.200000,1,300,300,68.79,47.96,0,2460,300/300/300/300/300/300
1700000023.250000,1,300,300,68.64,321.86,1,2406,300/300/300/300/300/300
1700000023.300000,1,300,300,68.48,47.81,0,2406,300/300/300/300/300/300
1700000023.350000,1,300,300,68.32,47.67,0,2406,300/300/300/300/300/300
1700000023.400000,1,300,300,68.17,317.79,1,2378,300/300/300/300/300/300
1700000023.450000,1,300,300,68.01,46.91,0,2378,300/300/300/300/300/300
1700000023.500000,1,300,300,67.87,45.31,0,2378,300/300/300/300/300/300
1700000023.550000,1,300,300,67.72,268.46,1,2384,300/300/300/300/300/300
1700000023.600000,1,300,300,67.57,48.01,0,2384,300/300/300/300/300/300
1700000023.650000,1,300,300,67.43,46.68,0,2384,300/300/300/300/300/300
1700000023.700000,1,300,300,67.30,273.42,1,2339,300/300/300/300/300/300
1700000023.750000,1,300,300,67.16,45.45,0,2339,300/300/300/300/300/300
1700000023.800000,1,300,300,67.02,45.57,0,2339,300/300/300/300/300/300
1700000023.850000,1,300,300,66.89,429.01,1,2310,300/300/300/300/300/300
1700000023.900000,1,300,300,66.76,46.03,0,2310,300/300/300/300/300/300
1700000023.950000,1,300,300,66.63,45.57,0,2310,300/300/300/300/300/300
1700000024.000000,1,300,300,66.49,491.30,1,2243,300/300/300/300/300/300
1700000024.050000,1,300,300,66.36,43.68,0,2243,300/300/300/300/300/300
1700000024.100000,1,300,300,66.22,44.66,0,2243,300/300/300/300/300/300
1700000024.150000,1,300,300,66.08,366.51,1,2207,300/300/300/300/300/300
1700000024.200000,1,300,300,65.96,45.68,0,2207,300/300/300/300/300/300
1700000024.250000,1,300,300,65.82,45.61,0,2207,300/300/300/300/300/300
1700000024.300000,1,300,300,65.69,221.66,1,2142,300/300/300/300/300/300
1700000024.350000,1,300,300,65.55,46.46,0,2142,300/300/300/300/300/300
1700000024.400000,1,300,300,65.41,43.51,0,2142,300/300/300/300/300/300
1700000024.450000,1,300,300,65.28,259.77,1,2099,300/300/300/300/300/300
1700000024.500000,1,300,300,65.14,46.14,0,2099,300/300/300/300/300/300
1700000024.550000,1,300,300,65.02,44.92,0,2099,300/300/300/300/300/300
1700000024.600000,1,300,300,64.87,329.14,1,2077,300/300/300/300/300/300
1700000024.650000,1,300,300,64.74,44.69,0,2077,300/300/300/300/300/300
1700000024.700000,1,300,300,64.59,46.22,0,2077,300/300/300/300/300/300
1700000024.750000,1,300,300,64.45,389.43,1,2029,300/300/300/300/300/300
1700000024.800000,1,300,300,64.32,44.92,0,2029,300/300/300/300/300/300
1700000024.850000,1,300,300,64.18,44.28,0,2029,300/300/300/300/300/300
1700000024.900000,1,300,300,64.04,349.67,1,1991,300/300/300/300/300/300
1700000024.950000,1,300,300,63.91,46.10,0,1991,300/300/300/300/300/300
1700000025.000000,1,300,300,63.76,42.78,0,1991,300/300/300/300/300/300
1700000025.050000,1,300,300,63.63,308.07,1,1946,300/300/300/300/300/300
1700000025.100000,1,300,300,63.50,44.55,0,1946,300/300/300/300/300/300
1700000025.150000,1,300,300,63.37,44.22,0,1946,300/300/300/300/300/300
1700000025.200000,1,300,300,63.23,369.28,1,1922,300/300/300/300/300/300
1700000025.250000,1,300,300,63.10,45.27,0,1922,300/300/300/300/300/300
1700000025.300000,1,300,300,62.98,46.46,0,1922,300/300/300/300/300/300
1700000025.350000,1,300,300,62.86,299.45,1,1903,300/300/300/300/300/300
1700000025.400000,1,300,300,62.75,46.36,0,1903,300/300/300/300/300/300
1700000025.450000,1,300,300,62.62,45.57,0,1903,300/300/300/300/300/300
1700000025.500000,1,300,300,62.50,375.38,1,1867,300/300/300/300/300/300
1700000025.550000,1,300,300,62.38,45.56,0,1867,300/300/300/300/300/300
1700000025.600000,1,300,300,62.26,47.11,0,1867,300/300/300/300/300/300
1700000025.650000,1,300,300,62.14,306.59,1,1837,300/300/300/300/300/300
1700000025.700000,1,300,300,62.02,45.64,0,1837,300/300/300/300/300/300
1700000025.750000,1,300,300,61.91,46.04,0,1837,300/300/300/300/300/300
1700000025.800000,1,300,300,61.79,307.40,1,1822,300/300/300/300/300/300
1700000025.850000,1,300,300,61.67,46.59,0,1822,300/300/300/300/300/300
1700000025.900000,1,300,300,61.56,46.18,0,1822,300/300/300/300/300/300
1700000025.950000,1,300,300,61.45,388.45,1,1790,300/300/300/300/300/300
1700000026.000000,1,300,300,61.34,46.94,0,1790,300/300/300/300/300/300
1700000026.050000,1,300,300,61.23,47.25,0,1790,300/300/300/300/300/300
1700000026.100000,1,300,300,61.11,391.27,1,1773,300/300/300/300/300/300
1700000026.150000,1,300,300,61.00,46.44,0,1773,300/300/300/300/300/300
1700000026.200000,1,300,300,60.90,46.79,0,1773,300/300/300/300/300/300
1700000026.250000,1,300,300,60.78,310.36,1,1741,300/300/300/300/300/300
1700000026.300000,1,300,300,60.69,46.60,0,1741,300/300/300/300/300/300
1700000026.350000,1,300,300,60.58,47.73,0,1741,300/300/300/300/300/300
1700000026.400000,1,300,300,60.47,314.60,1,1721,300/300/300/300/300/300
1700000026.450000,1,300,300,60.37,47.55,0,1721,300/300/300/300/300/300
1700000026.500000,1,300,300,60.29,51.33,0,1721,300/300/300/300/300/300
1700000026.550000,1,300,300,60.20,314.52,1,1719,300/300/300/300/300/295
1700000026.600000,1,300,300,60.10,48.25,0,1719,300/300/300/300/300/300
1700000026.650000,1,300,300,60.01,48.58,0,1719,300/300/300/300/300/300
1700000026.700000,1,300,300,59.93,306.48,1,1709,300/300/300/300/295/300
1700000026.750000,1,300,300,59.87,47.52,0,1709,300/300/300/300/300/300
1700000026.800000,1,300,300,59.80,45.64,0,1709,300/300/300/300/300/300
1700000026.850000,1,300,300,59.72,304.68,1,1712,300/300/300/300/300/300
1700000026.900000,1,300,300,59.67,48.65,0,1712,300/300/300/300/300/300
1700000026.950000,1,300,300,59.61,49.02,0,1712,300/300/300/300/300/293
1700000027.000000,1,300,300,59.56,307.74,1,1700,300/300/300/300/300/300
1700000027.050000,1,300,300,59.52,48.25,0,1700,300/300/300/300/300/300
1700000027.100000,1,300,300,59.48,47.80,0,1700,300/300/300/300/300/300
1700000027.150000,1,300,300,59.44,302.14,1,1692,300/300/300/300/300/289
1700000027.200000,1,300,300,59.42,50.17,0,1692,300/300/300/300/300/300
1700000027.250000,1,300,300,59.40,51.92,0,1692,300/300/300/286/300/300
1700000027.300000,1,300,300,59.39,311.33,1,1700,300/300/300/300/300/300
1700000027.350000,1,300,300,59.38,49.04,0,1700,300/300/300/300/300/300
1700000027.400000,1,300,300,59.39,51.50,0,1700,300/300/300/300/300/300
1700000027.450000,1,300,300,59.40,301.16,1,1681,300/300/300/300/300/300
1700000027.500000,1,300,300,59.41,54.89,0,1681,300/300/300/300/300/300
1700000027.550000,1,300,300,59.43,51.79,0,1681,300/300/300/300/300/300
1700000027.600000,1,300,300,59.46,290.54,1,1668,300/300/300/300/300/300
1700000027.650000,1,300,300,59.49,50.20,0,1668,300/300/300/300/300/300
1700000027.700000,1,300,300,59.54,51.81,0,1668,300/300/300/300/300/300
1700000027.750000,1,300,300,59.59,297.22,1,1720,300/300/300/300/300/300
1700000027.800000,1,300,300,59.64,53.76,0,1720,300/300/300/300/300/300
1700000027.850000,1,300,300,59.71,51.38,0,1720,300/300/300/300/300/300
1700000027.900000,1,300,300,59.77,210.25,1,1728,300/300/300/300/300/300
1700000027.950000,1,300,300,59.86,51.14,0,1728,300/300/300/300/300/300
1700000028.000000,1,300,300,59.94,49.97,0,1728,300/300/300/300/300/300
1700000028.050000,1,300,300,60.03,208.45,1,1734,300/300/300/300/300/300
1700000028.100000,1,300,300,60.12,51.56,0,1734,300/300/300/300/300/300
1700000028.150000,1,300,300,60.25,49.53,0,1734,300/300/300/300/300/300
1700000028.200000,1,300,300,60.38,204.43,1,1723,300/300/300/300/300/300
1700000028.250000,1,300,300,60.49,49.48,0,1723,300/300/300/300/300/300
1700000028.300000,1,300,300,60.63,54.24,0,1723,300/300/300/300/300/300
1700000028.350000,1,300,300,60.79,204.16,1,1728,300/300/300/300/300/300
1700000028.400000,1,300,300,60.94,50.03,0,1728,300/300/300/300/300/300
1700000028.450000,1,300,300,61.13,53.67,0,1728,300/300/300/300/300/300
1700000028.500000,1,300,300,61.31,197.65,1,1713,300/300/300/300/300/300
1700000028.550000,1,300,300,61.49,51.79,0,1713,300/300/300/300/300/300
1700000028.600000,1,300,300,61.70,48.81,0,1713,300/300/300/300/300/300
1700000028.650000,1,300,300,61.93,195.16,1,1724,300/300/300/300/300/300
1700000028.700000,1,300,300,62.17,50.98,0,1724,300/300/300/300/300/300
1700000028.750000,1,300,300,62.41,51.13,0,1724,300/300/300/300/300/300
1700000028.800000,1,300,300,62.68,309.16,1,1756,300/300/300/300/300/300
1700000028.850000,1,300,300,62.94,51.39,0,1756,300/300/300/300/300/300
1700000028.900000,1,300,300,63.25,52.94,0,1756,300/300/300/300/300/300
1700000028.950000,1,300,300,63.56,280.24,1,1777,300/300/300/300/300/300
1700000029.000000,1,300,300,63.90,53.80,0,1777,300/300/300/300/300/300
1700000029.050000,1,300,300,64.24,51.18,0,1777,300/300/300/300/300/300
1700000029.100000,1,300,300,64.60,268.92,1,1783,300/300/300/300/300/300
1700000029.150000,1,300,300,64.99,55.87,0,1783,300/300/300/300/300/300
1700000029.200000,1,300,300,65.39,54.10,0,1783,300/300/300/300/300/300
1700000029.250000,1,300,300,65.84,270.61,1,1802,300/300/300/300/300/300
1700000029.300000,1,300,300,66.28,52.79,0,1802,300/300/300/300/300/300
1700000029.350000,1,300,300,66.77,55.13,0,1802,300/300/300/300/300/300
1700000029.400000,1,300,300,67.27,282.51,1,1810,300/300/300/300/300/300
1700000029.450000,1,300,300,67.81,55.16,0,1810,300/300/300/300/300/300
1700000029.500000,1,300,300,68.39,55.90,0,1810,300/300/300/300/300/300
1700000029.550000,1,300,300,68.99,277.05,1,1836,300/300/300/300/300/300
1700000029.600000,1,300,300,69.63,56.87,0,1836,300/300/300/300/300/300
1700000029.650000,1,300,300,70.29,60.36,0,1836,300/300/300/300/300/300
1700000029.700000,1,300,300,70.97,287.56,1,1867,300/300/300/300/300/300
1700000029.750000,1,300,300,71.68,64.06,0,1867,300/300/300/300/300/300
1700000029.800000,1,300,300,72.42,58.51,0,1867,300/300/300/300/300/300
1700000029.850000,1,300,300,73.19,286.82,1,1900,300/300/300/300/300/300
1700000029.900000,1,300,300,73.99,62.36,0,1900,300/300/300/300/300/300
1700000029.950000,1,300,300,74.84,62.98,0,1900,300/300/300/300/300/300
1700000030.000000,1,300,300,75.73,297.14,1,1949,300/300/300/300/300/300
1700000030.050000,1,300,300,76.66,68.95,0,1949,300/300/300/300/300/300
1700000030.100000,1,300,300,77.64,69.16,0,1949,300/300/300/300/300/300
1700000030.150000,1,300,300,78.68,297.35,1,1973,300/300/300/300/300/300
1700000030.200000,1,300,300,79.75,70.64,0,1973,300/300/300/300/300/300
1700000030.250000,1,300,300,80.84,67.09,0,1973,300/300/300/300/300/300
1700000030.300000,1,300,300,82.00,304.90,1,1978,300/300/300/300/300/300
1700000030.350000,1,300,300,83.21,77.09,0,1978,300/300/300/300/300/300
1700000030.400000,1,300,300,84.45,78.61,0,1978,300/300/300/300/300/300
1700000030.450000,1,300,300,85.68,310.58,1,1976,300/300/300/300/300/300
1700000030.500000,1,300,300,86.87,84.21,0,1976,300/300/300/300/300/300
1700000030.550000,1,300,300,88.04,102.64,0,1976,300/300/300/300/300/300
1700000030.600000,1,300,300,89.21,308.51,1,1988,300/300/300/300/300/300
1700000030.650000,1,300,300,90.39,99.52,0,1988,300/300/300/300/300/300
1700000030.700000,1,300,300,91.47,101.09,0,1988,300/300/300/300/300/300
1700000030.750000,1,300,300,92.42,432.88,1,1981,300/300/296/300/300/300
1700000030.800000,1,300,300,93.26,123.33,0,1981,300/300/260/300/300/300
1700000030.850000,1,300,300,94.01,106.71,0,1981,300/300/300/300/300/300
1700000030.900000,1,287,300,94.66,460.08,1,1977,287/300/300/300/300/300
1700000030.950000,1,300,300,95.18,146.47,0,1977,300/300/300/300/300/300
1700000031.000000,1,300,300,95.54,150.32,0,1977,300/300/300/300/300/300
1700000031.050000,1,300,300,95.79,472.95,1,1973,300/300/300/300/300/300
1700000031.100000,1,263,300,95.89,151.81,0,1973,263/300/300/300/300/300
1700000031.150000,1,271,300,95.84,154.77,0,1973,271/300/300/300/300/300
1700000031.200000,1,300,300,95.82,378.67,1,1975,300/300/300/300/300/300
1700000031.250000,1,300,300,95.83,98.62,0,1975,300/300/300/300/300/300
1700000031.300000,1,300,300,95.72,96.64,0,1975,300/300/300/300/300/300
1700000031.350000,1,300,300,95.20,303.00,1,1969,300/300/300/291/261/300
1700000031.400000,1,300,300,93.41,70.49,0,1969,300/300/73/196/300/300
1700000031.450000,1,300,300,89.30,238.65,0,1969,300/300/210/300/300/300
1700000031.500000,1,300,300,79.59,343.63,1,1921,300/300/300/300/250/300
1700000031.550000,1,291,300,78.38,117.45,0,1921,291/300/300/300/215/300
1700000031.600000,1,300,300,77.87,76.23,0,1921,300/300/300/300/300/300
1700000031.650000,1,300,296,77.39,204.56,1,2027,300/296/300/300/300/281
1700000031.700000,1,236,300,72.47,78.16,0,2027,236/300/300/300/300/300
1700000031.750000,1,288,297,71.91,73.28,0,2027,288/297/300/300/300/281
1700000031.800000,1,291,300,68.69,262.53,1,2040,291/300/300/295/300/269
1700000031.850000,1,300,300,62.84,127.36,0,2040,300/300/300/271/300/237
1700000031.900000,1,300,300,57.67,95.43,0,2040,300/300/300/258/300/227
1700000031.950000,1,300,300,56.71,247.42,1,2043,300/300/300/300/300/225
1700000032.000000,1,300,300,56.75,79.48,0,2043,300/300/300/271/300/219
1700000032.050000,1,300,300,57.05,58.14,0,2043,300/300/300/264/300/210
1700000032.100000,1,300,300,57.55,216.50,1,2120,300/300/300/239/300/211
1700000032.150000,1,271,300,58.41,66.32,0,2120,271/300/300/288/300/300
1700000032.200000,1,246,300,61.60,56.31,0,2120,246/300/300/210/238/128
1700000032.250000,1,267,300,67.32,240.54,1,2160,267/300/300/131/153/130
1700000032.300000,1,249,300,70.13,85.67,0,2160,249/300/300/134/121/126
1700000032.350000,1,225,300,71.61,84.02,0,2160,225/300/300/143/107/163
1700000032.400000,1,258,300,72.06,231.81,1,2122,258/300/300/136/113/145
1700000032.450000,1,240,214,71.73,76.97,0,2122,240/214/300/133/300/129
1700000032.500000,1,300,300,70.97,76.25,0,2122,300/300/300/134/167/139
1700000032.550000,1,300,262,70.26,232.12,1,2158,300/262/300/133/192/136
1700000032.600000,1,300,282,69.70,78.79,0,2158,300/282/300/136/255/128
1700000032.650000,1,300,300,69.25,68.98,0,2158,300/300/300/133/300/144
1700000032.700000,1,300,300,68.90,193.49,1,2212,300/300/300/202/290/141
1700000032.750000,1,300,300,68.61,79.15,0,2212,300/300/300/300/300/148
1700000032.800000,1,300,300,68.35,79.13,0,2212,300/300/300/281/251/167
1700000032.850000,1,300,300,68.11,236.84,1,2291,300/300/300/267/237/300
1700000032.900000,1,300,300,67.87,95.71,0,2291,300/300/300/287/300/300
1700000032.950000,1,300,300,67.65,86.85,0,2291,300/300/300/275/300/300
1700000033.000000,1,300,300,67.45,232.60,1,2340,300/300/300/300/300/300
1700000033.050000,1,300,300,67.24,73.67,0,2340,300/300/300/291/300/297
1700000033.100000,1,300,300,67.07,65.81,0,2340,300/300/300/300/300/294
1700000033.150000,1,300,300,66.88,230.02,1,2394,300/300/300/300/300/300
1700000033.200000,1,300,300,66.70,69.60,0,2394,300/300/300/300/300/300
1700000033.250000,1,300,300,66.55,59.13,0,2394,300/300/300/300/300/300
1700000033.300000,1,300,300,66.41,218.87,1,2428,300/300/300/300/300/300
1700000033.350000,1,300,300,66.28,62.83,0,2428,300/300/300/300/300/300
1700000033.400000,1,300,300,66.16,57.76,0,2428,300/300/300/300/300/300
1700000033.450000,1,300,300,66.07,217.59,1,2439,300/300/300/300/300/300
1700000033.500000,1,300,300,65.99,58.09,0,2439,300/300/300/300/300/300
1700000033.550000,1,300,300,65.91,54.03,0,2439,300/300/300/300/300/300
1700000033.600000,1,300,300,65.85,243.78,1,2496,300/300/300/300/300/284
1700000033.650000,1,300,300,65.80,55.31,0,2496,300/300/300/300/300/300
1700000033.700000,1,300,300,65.76,57.33,0,2496,300/300/300/300/300/300
1700000033.750000,1,300,300,65.74,233.48,1,2494,300/300/300/300/300/300
1700000033.800000,1,300,300,65.73,54.65,0,2494,300/300/300/300/300/300
1700000033.850000,1,300,300,65.74,52.21,0,2494,300/300/300/300/300/300
1700000033.900000,1,300,300,65.75,234.34,1,2518,300/300/300/300/300/300
1700000033.950000,1,300,300,65.77,50.33,0,2518,300/300/300/300/300/300
1700000034.000000,1,300,300,65.80,53.39,0,2518,300/300/300/300/300/300
1700000034.050000,1,300,300,65.86,186.87,1,2540,300/300/300/300/300/300
1700000034.100000,1,300,300,65.92,51.03,0,2540,300/300/300/300/300/300
1700000034.150000,1,300,300,65.99,50.20,0,2540,300/300/300/300/300/300
1700000034.200000,1,300,300,66.08,255.80,1,2563,300/300/300/300/300/300
1700000034.250000,1,300,300,66.18,51.44,0,2563,300/300/300/300/300/300
1700000034.300000,1,300,300,66.28,51.01,0,2563,300/300/300/300/300/300
1700000034.350000,1,300,300,66.41,251.60,1,2577,300/300/300/300/300/300
1700000034.400000,1,300,300,66.54,49.89,0,2577,300/300/300/300/300/300
1700000034.450000,1,300,300,66.67,51.97,0,2577,300/300/300/300/300/300
1700000034.500000,1,300,300,66.81,307.79,1,2589,300/300/300/300/300/300
1700000034.550000,1,300,300,66.96,50.14,0,2589,300/300/300/300/300/300
1700000034.600000,1,300,300,67.13,48.20,0,2589,300/300/300/300/300/300
1700000034.650000,1,300,300,67.28,268.32,1,2590,300/300/300/300/300/300
1700000034.700000,1,300,300,67.45,51.16,0,2590,300/300/300/300/300/300
1700000034.750000,1,300,300,67.62,49.97,0,2590,300/300/300/300/300/300
1700000034.800000,1,300,300,67.81,309.56,1,2590,300/300/300/300/300/300
1700000034.850000,1,300,300,67.98,49.36,0,2590,300/300/300/300/300/300
1700000034.900000,1,300,300,68.16,64.29,0,2590,300/300/300/300/300/300
1700000034.950000,1,300,300,68.36,337.62,1,2620,300/300/300/300/300/300
1700000035.000000,1,300,300,68.55,50.81,0,2620,300/300/300/300/300/300
1700000035.050000,1,300,300,68.74,47.21,0,2620,300/300/300/300/300/300
1700000035.100000,1,300,300,68.94,300.63,1,2632,300/300/300/300/300/300
1700000035.150000,1,300,300,69.14,52.43,0,2632,300/300/300/300/300/300
1700000035.200000,1,300,300,69.34,49.02,0,2632,300/300/300/300/300/300
1700000035.250000,1,300,300,69.55,306.49,1,2619,300/300/300/300/300/300
1700000035.300000,1,300,300,69.75,49.22,0,2619,300/300/300/300/300/300
1700000035.350000,1,300,300,69.96,47.76,0,2619,300/300/300/300/300/300
1700000035.400000,1,300,300,70.17,324.25,1,2641,300/300/300/300/300/300
1700000035.450000,1,300,300,70.36,49.57,0,2641,300/300/300/300/300/300
1700000035.500000,1,300,300,70.57,47.20,0,2641,300/300/300/300/300/300
1700000035.550000,1,300,300,70.78,238.43,1,2684,300/300/300/300/300/300
1700000035.600000,1,300,300,70.96,50.09,0,2684,300/300/300/300/300/300
1700000035.650000,1,300,300,71.16,47.67,0,2684,300/300/300/300/300/300
1700000035.700000,1,300,300,71.35,387.53,1,2589,300/300/300/300/300/300
1700000035.750000,1,300,300,71.54,47.51,0,2589,300/300/300/300/300/300
1700000035.800000,1,300,300,71.71,46.02,0,2589,300/300/300/300/300/300
1700000035.850000,1,300,300,71.87,317.63,1,2567,300/300/300/300/300/300
1700000035.900000,1,300,300,72.03,48.94,0,2567,300/300/300/300/300/300
1700000035.950000,1,300,300,72.19,46.35,0,2567,300/300/300/300/300/300
1700000036.000000,1,300,300,72.35,341.86,1,2585,300/300/300/300/300/300
1700000036.050000,1,300,300,72.49,48.08,0,2585,300/300/300/300/300/300
1700000036.100000,1,300,300,72.63,47.22,0,2585,300/300/300/300/300/300
1700000036.150000,1,300,300,72.77,326.11,1,2521,300/300/300/300/300/300
1700000036.200000,1,300,300,72.89,48.41,0,2521,300/300/300/300/300/300
1700000036.250000,1,300,300,73.00,47.43,0,2521,300/300/300/300/300/300
1700000036.300000,1,300,300,73.14,203.63,1,2509,300/300/300/300/300/300
1700000036.350000,1,300,300,73.24,48.32,0,2509,300/300/300/300/300/300
1700000036.400000,1,300,300,73.36,47.12,0,2509,300/300/300/300/300/300
1700000036.450000,1,300,300,73.45,287.17,1,2549,300/300/300/300/300/300
1700000036.500000,1,300,300,73.54,47.75,0,2549,300/300/300/300/300/300
1700000036.550000,1,300,300,73.62,47.39,0,2549,300/300/300/300/300/300
1700000036.600000,1,300,300,73.72,354.58,1,2548,300/300/300/300/300/300
1700000036.650000,1,300,300,73.79,46.70,0,2548,300/300/300/300/300/300
1700000036.700000,1,300,300,73.87,49.22,0,2548,300/300/300/300/300/300
1700000036.750000,1,300,300,73.94,287.78,1,2527,300/300/300/300/300/300
1700000036.800000,1,300,300,74.02,51.01,0,2527,300/300/300/300/300/300
1700000036.850000,1,300,300,74.07,49.17,0,2527,300/300/300/300/300/300
1700000036.900000,1,300,300,74.13,326.80,1,2470,300/300/300/300/300/300
1700000036.950000,1,300,300,74.20,46.74,0,2470,300/300/300/300/300/300
1700000037.000000,1,300,300,74.25,48.97,0,2470,300/300/300/300/300/300
1700000037.050000,1,300,300,74.30,239.34,1,2462,300/300/300/300/300/300
1700000037.100000,1,300,300,74.35,47.63,0,2462,300/300/300/300/300/300
1700000037.150000,1,300,300,74.38,47.39,0,2462,300/300/300/300/300/300
1700000037.200000,1,300,300,74.42,285.84,1,2413,300/300/300/300/300/300
1700000037.250000,1,300,300,74.44,52.33,0,2413,300/300/300/300/300/300
1700000037.300000,1,300,300,74.46,50.35,0,2413,300/300/300/300/300/300
1700000037.350000,1,300,300,74.48,188.30,1,2399,300/300/300/300/300/300
1700000037.400000,1,300,300,74.48,49.19,0,2399,300/300/300/300/300/300
1700000037.450000,1,300,300,74.48,47.12,0,2399,300/300/300/300/300/300
1700000037.500000,1,300,300,74.49,327.32,1,2394,300/300/300/300/300/300
1700000037.550000,1,300,300,74.48,48.58,0,2394,300/300/300/300/300/300
1700000037.600000,1,300,300,74.47,48.43,0,2394,300/300/300/300/300/300
1700000037.650000,1,300,300,74.44,304.41,1,2342,300/300/300/300/300/300
1700000037.700000,1,300,300,74.42,63.06,0,2342,300/300/300/300/300/300
1700000037.750000,1,300,300,74.39,61.82,0,2342,300/300/300/300/300/300
1700000037.800000,1,300,300,74.36,316.32,1,2339,300/300/300/300/300/300
1700000037.850000,1,300,300,74.30,47.81,0,2339,300/300/300/300/300/300
1700000037.900000,1,300,300,74.26,61.74,0,2339,300/300/300/300/300/300
1700000037.950000,1,300,300,74.22,425.41,1,2306,300/300/300/300/300/300
1700000038.000000,1,300,300,74.16,68.16,0,2306,300/300/300/300/300/300
1700000038.050000,1,300,300,74.11,50.88,0,2306,300/300/300/300/300/300
1700000038.100000,1,300,300,74.05,305.02,1,2278,300/300/300/300/300/300
1700000038.150000,1,300,300,74.01,52.67,0,2278,300/300/300/300/300/300
1700000038.200000,1,300,300,73.96,53.15,0,2278,300/300/300/300/300/300
1700000038.250000,1,300,300,73.90,278.03,1,2275,300/300/300/300/300/300
1700000038.300000,1,300,300,73.85,50.80,0,2275,300/300/300/300/300/300
1700000038.350000,1,300,300,73.79,54.00,0,2275,300/300/300/300/300/300
1700000038.400000,1,300,300,73.73,340.37,1,2281,300/300/300/300/300/300
1700000038.450000,1,300,300,73.67,50.14,0,2281,300/300/300/300/300/300
1700000038.500000,1,300,300,73.60,52.49,0,2281,300/300/300/300/300/300
1700000038.550000,1,300,300,73.53,300.90,1,2352,300/300/300/300/300/300
1700000038.600000,1,300,300,73.46,51.70,0,2352,300/300/300/300/300/300
1700000038.650000,1,300,300,73.39,53.07,0,2352,300/300/300/300/300/300
1700000038.700000,1,300,300,73.31,305.83,1,2349,300/300/300/300/300/300
1700000038.750000,1,300,300,73.24,51.88,0,2349,300/300/300/300/300/300
1700000038.800000,1,300,300,73.15,53.57,0,2349,300/300/300/300/300/300
1700000038.850000,1,300,300,73.05,333.91,1,2389,300/300/300/300/300/300
1700000038.900000,1,300,300,72.98,50.55,0,2389,300/300/300/300/300/300
1700000038.950000,1,300,300,72.87,51.04,0,2389,300/300/300/300/300/300
1700000039.000000,1,300,300,72.78,272.19,1,2379,300/300/300/300/300/300
1700000039.050000,1,300,300,72.69,49.82,0,2379,300/300/300/300/300/300
1700000039.100000,1,300,300,72.60,49.24,0,2379,300/300/300/300/300/300
1700000039.150000,1,300,300,72.50,365.29,1,2411,300/300/300/300/300/300
1700000039.200000,1,300,300,72.40,49.94,0,2411,300/300/300/300/300/300
1700000039.250000,1,300,300,72.29,53.00,0,2411,300/300/300/300/300/300
1700000039.300000,1,300,300,72.19,303.01,1,2436,300/300/300/300/300/300
1700000039.350000,1,300,300,72.08,50.85,0,2436,300/300/300/300/300/300
1700000039.400000,1,300,300,71.96,50.02,0,2436,300/300/300/300/300/300
1700000039.450000,1,300,300,71.85,285.58,1,2429,300/300/300/300/300/300
1700000039.500000,1,300,300,71.73,49.46,0,2429,300/300/300/300/300/300
1700000039.550000,1,300,300,71.62,52.32,0,2429,300/300/300/300/300/300
1700000039.600000,1,300,300,71.50,278.08,1,2447,300/300/300/300/300/300
1700000039.650000,1,300,300,71.37,49.44,0,2447,300/300/300/300/300/300
1700000039.700000,1,300,300,71.25,51.89,0,2447,300/300/300/300/300/300
1700000039.750000,1,300,300,71.12,351.61,1,2465,300/300/300/300/300/300
1700000039.800000,1,300,300,70.99,49.62,0,2465,300/300/300/300/300/300
1700000039.850000,1,300,300,70.86,49.14,0,2465,300/300/300/300/300/300
1700000039.900000,1,300,300,70.72,337.24,1,2462,300/300/300/300/300/300
1700000039.950000,1,300,300,70.56,51.65,0,2462,300/300/300/300/300/300
1700000040.000000,1,300,300,70.40,51.93,0,2462,300/300/300/300/300/300
1700000040.050000,1,300,300,70.24,315.10,1,2442,300/300/300/300/300/300
1700000040.100000,1,300,300,70.05,49.53,0,2442,300/300/300/300/300/300
1700000040.150000,1,300,300,69.89,50.65,0,2442,300/300/300/300/300/300
1700000040.200000,1,300,300,69.70,295.67,1,2454,300/300/300/300/300/300
1700000040.250000,1,300,300,69.52,49.33,0,2454,300/300/300/300/300/300
1700000040.300000,1,300,300,69.36,61.70,0,2454,300/300/300/300/300/300
1700000040.350000,1,300,300,69.19,329.56,1,2440,300/300/300/300/300/300
1700000040.400000,1,300,300,68.99,65.70,0,2440,300/300/300/300/300/300
1700000040.450000,1,300,300,68.82,65.18,0,2440,300/300/300/300/300/300
1700000040.500000,1,300,300,68.64,331.61,1,2451,300/300/300/300/300/300
1700000040.550000,1,300,300,68.46,55.25,0,2451,300/300/300/300/300/300
1700000040.600000,1,300,300,68.30,48.58,0,2451,300/300/300/300/300/300
1700000040.650000,1,300,300,68.14,346.89,1,2453,300/300/300/300/300/300
1700000040.700000,1,300,300,68.01,50.48,0,2453,300/300/300/300/300/300
1700000040.750000,1,300,300,67.86,50.85,0,2453,300/300/300/300/300/300
1700000040.800000,1,300,300,67.74,227.82,1,2452,300/300/300/300/300/300
1700000040.850000,1,300,300,67.60,50.39,0,2452,300/300/300/300/300/300
1700000040.900000,1,300,300,67.49,49.65,0,2452,300/300/300/300/300/300
1700000040.950000,1,300,300,67.37,231.94,1,2421,300/300/300/300/300/300
1700000041.000000,1,300,300,67.26,53.19,0,2421,300/300/300/300/300/300
1700000041.050000,1,300,300,67.15,50.43,0,2421,300/300/300/300/300/300
1700000041.100000,1,300,300,67.03,220.90,1,2402,300/300/300/300/300/300
1700000041.150000,1,300,300,66.93,52.15,0,2402,300/300/300/300/300/300
1700000041.200000,1,300,300,66.84,51.60,0,2402,300/300/300/300/300/300
1700000041.250000,1,300,300,66.75,284.92,1,2422,300/300/300/300/300/300
1700000041.300000,1,300,300,66.67,64.96,0,2422,300/300/300/300/300/300
1700000041.350000,1,300,300,66.60,65.75,0,2422,300/300/300/300/300/300
1700000041.400000,1,300,300,66.52,259.08,1,2425,300/300/300/300/300/300
1700000041.450000,1,300,300,66.46,54.03,0,2425,300/300/300/300/300/300
1700000041.500000,1,300,300,66.40,51.14,0,2425,300/300/300/300/300/300
1700000041.550000,1,300,300,66.34,307.55,1,2423,300/300/300/300/300/300
1700000041.600000,1,300,300,66.27,50.74,0,2423,300/300/300/300/300/300
1700000041.650000,1,300,300,66.21,51.69,0,2423,300/300/300/300/300/300
1700000041.700000,1,300,300,66.15,300.00,1,2457,300/300/300/300/300/300
1700000041.750000,1,300,300,66.09,51.91,0,2457,300/300/300/300/300/300
1700000041.800000,1,300,300,66.02,53.47,0,2457,300/300/300/300/300/300
1700000041.850000,1,300,300,65.96,308.84,1,2454,300/300/300/300/300/300
1700000041.900000,1,300,300,65.90,49.74,0,2454,300/300/300/300/300/300
1700000041.950000,1,300,300,65.82,52.71,0,2454,300/300/300/300/300/300
1700000042.000000,1,300,300,65.75,317.67,1,2468,300/300/300/300/300/300
1700000042.050000,1,300,300,65.69,55.24,0,2468,300/300/300/300/300/300
1700000042.100000,1,300,300,65.64,52.37,0,2468,300/300/300/300/300/300
1700000042.150000,1,300,300,65.57,310.70,1,2475,300/300/300/300/300/300
1700000042.200000,1,300,300,65.51,51.76,0,2475,300/300/300/300/300/300
1700000042.250000,1,300,300,65.46,53.54,0,2475,300/300/300/300/300/300
1700000042.300000,1,300,300,65.42,359.59,1,2452,300/300/300/300/300/300
1700000042.350000,1,300,300,65.38,53.39,0,2452,300/300/300/300/300/300
1700000042.400000,1,300,300,65.35,54.22,0,2452,300/300/300/300/300/300
1700000042.450000,1,300,300,65.34,261.81,1,2469,300/300/300/300/300/300
1700000042.500000,1,300,300,65.34,53.56,0,2469,300/300/300/300/300/300
1700000042.550000,1,300,300,65.33,53.04,0,2469,300/300/300/300/300/300
1700000042.600000,1,300,300,65.32,316.77,1,2420,300/300/300/300/300/300
1700000042.650000,1,300,300,65.31,53.39,0,2420,300/300/300/300/300/300
1700000042.700000,1,300,300,65.30,54.09,0,2420,300/300/300/300/300/300
1700000042.750000,1,300,300,65.25,308.92,1,2433,300/300/300/300/300/300
1700000042.800000,1,300,300,65.22,52.01,0,2433,300/300/300/300/300/300
1700000042.850000,1,300,300,65.20,54.76,0,2433,300/300/300/300/300/300
1700000042.900000,1,300,300,65.11,305.30,1,2395,300/300/300/300/300/300
1700000042.950000,1,300,300,65.10,55.21,0,2395,300/300/300/300/300/300
1700000043.000000,1,300,300,65.13,59.33,0,2395,300/300/300/300/300/300
1700000043.050000,1,300,300,65.18,313.99,1,2384,300/300/300/300/300/300
1700000043.100000,1,300,300,65.27,55.21,0,2384,300/300/300/300/300/300
1700000043.150000,1,300,300,65.40,55.80,0,2384,300/300/300/300/300/300
1700000043.200000,1,300,300,65.57,337.91,1,2337,300/300/300/300/300/300
1700000043.250000,1,300,300,65.79,54.76,0,2337,300/300/300/300/300/300
1700000043.300000,1,300,300,66.04,54.82,0,2337,300/300/300/300/300/300
1700000043.350000,1,300,300,66.34,345.99,1,2333,300/300/300/300/300/300
1700000043.400000,1,300,300,66.66,58.85,0,2333,300/300/300/300/300/300
1700000043.450000,1,300,300,67.01,56.13,0,2333,300/300/300/300/300/300
1700000043.500000,1,300,300,67.40,280.78,1,2330,300/300/300/300/300/300
1700000043.550000,1,300,300,67.81,58.83,0,2330,300/300/300/300/300/300
1700000043.600000,1,300,300,68.25,53.80,0,2330,300/300/300/300/300/300
1700000043.650000,1,300,300,68.71,334.22,1,2344,300/300/300/300/300/300
1700000043.700000,1,300,300,69.14,61.33,0,2344,300/300/300/300/300/300
1700000043.750000,1,300,300,69.59,61.51,0,2344,300/300/282/300/300/300
1700000043.800000,1,300,300,70.01,333.92,1,2290,300/300/263/300/284/300
1700000043.850000,1,300,300,70.43,58.04,0,2290,300/300/270/297/281/300
1700000043.900000,1,300,300,70.81,59.70,0,2290,300/300/254/300/266/300
1700000043.950000,1,300,300,71.17,214.90,1,2272,300/300/245/300/262/300
1700000044.000000,1,300,300,71.50,72.77,0,2272,300/300/300/279/262/300
1700000044.050000,1,300,300,71.81,56.19,0,2272,300/300/275/300/255/300
1700000044.100000,1,300,300,72.06,297.65,1,2254,300/300/269/300/252/300
1700000044.150000,1,300,300,72.30,56.98,0,2254,300/300/261/300/243/300
1700000044.200000,1,300,300,72.50,58.19,0,2254,300/300/257/300/300/300
1700000044.250000,1,300,300,72.68,295.65,1,2242,300/300/254/300/271/300
1700000044.300000,1,300,300,72.79,56.75,0,2242,300/300/283/300/272/300
1700000044.350000,1,300,300,72.87,54.98,0,2242,300/300/275/300/257/300
1700000044.400000,1,300,300,72.91,292.04,1,2268,300/300/270/300/280/300
1700000044.450000,1,300,300,72.89,60.80,0,2268,300/300/300/300/295/300
1700000044.500000,1,300,300,72.83,56.67,0,2268,300/300/284/300/293/300
1700000044.550000,1,300,300,72.73,339.74,1,2262,300/300/300/300/300/300
1700000044.600000,1,300,300,72.59,60.47,0,2262,300/300/300/300/300/300
1700000044.650000,1,300,300,72.43,53.90,0,2262,300/300/295/300/300/300
1700000044.700000,1,300,300,72.25,299.49,1,2263,300/300/300/300/300/300
1700000044.750000,1,300,300,72.05,58.61,0,2263,300/300/300/300/300/300
1700000044.800000,1,300,300,71.84,60.91,0,2263,300/300/300/300/300/300
1700000044.850000,1,300,300,71.69,326.68,1,2268,300/300/300/300/300/300
1700000044.900000,1,300,300,71.54,55.23,0,2268,300/300/300/300/300/300
1700000044.950000,1,300,300,71.38,52.49,0,2268,300/300/300/300/300/300
1700000045.000000,1,300,300,71.23,295.37,1,2273,300/300/300/300/300/300
1700000045.050000,1,300,300,71.05,57.37,0,2273,300/300/300/300/300/300
1700000045.100000,1,300,300,70.87,53.75,0,2273,300/300/300/300/300/300
1700000045.150000,1,300,300,70.67,330.87,1,2244,300/300/300/300/300/300
1700000045.200000,1,300,300,70.47,50.46,0,2244,300/300/300/300/300/300
1700000045.250000,1,300,300,70.26,54.59,0,2244,300/300/300/300/300/300
1700000045.300000,1,300,300,70.07,296.25,1,2239,300/300/300/300/300/300
1700000045.350000,1,300,300,69.86,53.05,0,2239,300/300/300/300/300/300
1700000045.400000,1,300,300,69.66,53.38,0,2239,300/300/300/300/300/300
1700000045.450000,1,300,300,69.45,320.72,1,2228,300/300/300/300/300/300
1700000045.500000,1,300,300,69.23,55.45,0,2228,300/300/300/300/300/300
1700000045.550000,1,300,300,69.03,54.98,0,2228,300/300/300/300/300/300
1700000045.600000,1,300,300,68.83,283.33,1,2221,300/300/300/300/300/300
1700000045.650000,1,300,300,68.63,54.05,0,2221,300/300/300/300/300/300
1700000045.700000,1,300,300,68.44,54.37,0,2221,300/300/300/300/300/300
1700000045.750000,1,300,300,68.25,291.25,1,2201,300/300/300/300/300/300
1700000045.800000,1,300,300,68.10,59.69,0,2201,300/300/300/300/300/300
1700000045.850000,1,300,300,68.02,57.61,0,2201,300/300/300/300/300/300
1700000045.900000,1,300,300,67.98,393.27,1,2227,300/300/300/300/300/300
1700000045.950000,1,300,300,67.98,52.85,0,2227,300/300/300/300/300/300
1700000046.000000,1,300,300,67.98,54.12,0,2227,300/300/300/300/300/300
1700000046.050000,1,300,300,68.02,478.32,1,2270,300/300/300/300/300/300
1700000046.100000,1,300,300,68.07,59.87,0,2270,300/300/300/300/300/300
1700000046.150000,1,300,300,68.10,55.26,0,2270,300/300/300/300/300/300
1700000046.200000,1,300,300,68.12,364.17,1,2286,300/300/300/300/300/300
1700000046.250000,1,300,300,68.14,55.95,0,2286,300/300/300/300/300/300
1700000046.300000,1,300,300,68.13,58.51,0,2286,300/300/300/300/300/300
1700000046.350000,1,300,300,68.13,310.09,1,2284,300/300/300/300/300/300
1700000046.400000,1,300,300,68.09,59.98,0,2284,300/300/300/300/300/300
1700000046.450000,1,300,300,68.01,57.98,0,2284,300/300/300/300/300/300
1700000046.500000,1,300,300,67.90,270.40,1,2280,300/300/300/300/300/300
1700000046.550000,1,300,300,67.73,55.63,0,2280,300/300/300/300/300/300
1700000046.600000,1,300,300,67.52,51.78,0,2280,300/300/300/300/300/300
1700000046.650000,1,300,300,67.33,268.08,1,2298,300/300/300/300/300/300
1700000046.700000,1,300,300,67.13,53.98,0,2298,300/300/300/300/300/300
1700000046.750000,1,300,300,66.94,57.98,0,2298,300/300/300/300/300/300
1700000046.800000,1,300,300,66.78,271.53,1,2324,300/300/300/300/300/300
1700000046.850000,1,300,300,66.67,53.70,0,2324,300/300/300/300/300/300
1700000046.900000,1,300,300,66.65,55.38,0,2324,300/300/300/300/300/300
1700000046.950000,1,300,300,66.67,319.28,1,2376,300/300/300/300/300/300
1700000047.000000,1,300,300,66.72,56.53,0,2376,300/300/300/300/300/300
1700000047.050000,1,300,300,66.75,54.30,0,2376,300/300/300/300/300/300
1700000047.100000,1,300,300,66.78,273.51,1,2396,300/300/300/300/300/300
1700000047.150000,1,300,300,66.86,56.96,0,2396,300/300/300/300/300/300
1700000047.200000,1,300,300,66.98,55.86,0,2396,300/300/300/300/300/300
1700000047.250000,1,300,300,67.12,371.99,1,2441,300/300/300/300/300/300
1700000047.300000,1,300,300,67.30,57.76,0,2441,300/300/300/300/300/300
1700000047.350000,1,300,300,67.46,57.51,0,2441,300/300/300/300/300/300
1700000047.400000,1,300,300,67.57,382.63,1,2485,300/300/300/300/300/300
1700000047.450000,1,300,300,67.61,53.86,0,2485,300/300/300/300/300/300
1700000047.500000,1,300,300,67.59,54.66,0,2485,300/300/300/300/300/300
1700000047.550000,1,300,300,67.55,307.64,1,2531,300/300/300/300/300/300
1700000047.600000,1,300,300,67.50,54.33,0,2531,300/300/300/300/300/300
1700000047.650000,1,300,300,67.43,51.79,0,2531,300/300/300/300/300/300
1700000047.700000,1,300,300,67.31,269.54,1,2545,300/300/300/300/300/300
1700000047.750000,1,300,300,67.11,52.10,0,2545,300/300/300/300/300/300
1700000047.800000,1,300,300,66.90,51.01,0,2545,300/300/300/300/300/300
1700000047.850000,1,300,300,66.65,372.07,1,2605,300/300/300/300/300/300
1700000047.900000,1,300,300,66.37,53.81,0,2605,300/300/300/300/300/300
1700000047.950000,1,300,300,66.06,53.84,0,2605,300/300/300/300/300/300
1700000048.000000,1,300,300,65.71,420.71,1,2633,300/300/300/300/300/300
1700000048.050000,1,300,300,65.37,50.08,0,2633,300/300/300/300/300/300
1700000048.100000,1,300,300,65.06,51.78,0,2633,300/300/300/300/300/300
1700000048.150000,1,300,300,64.79,371.91,1,2694,300/300/300/300/300/300
1700000048.200000,1,300,300,64.54,48.25,0,2694,300/300/300/300/300/300
1700000048.250000,1,300,300,64.33,47.22,0,2694,300/300/300/300/300/300
1700000048.300000,1,300,300,64.16,357.49,1,2716,300/300/300/300/300/300
1700000048.350000,1,300,300,64.03,48.32,0,2716,300/300/300/300/300/300
1700000048.400000,1,300,300,63.93,47.19,0,2716,300/300/300/300/300/300
1700000048.450000,1,300,300,63.85,279.51,1,2715,300/300/300/300/300/300
1700000048.500000,1,300,300,63.79,47.54,0,2715,300/300/300/300/300/300
1700000048.550000,1,300,300,63.74,48.21,0,2715,300/300/300/300/300/300
1700000048.600000,1,300,300,63.70,275.62,1,2732,300/300/300/300/300/300
1700000048.650000,1,300,300,63.68,46.29,0,2732,300/300/300/300/300/300
1700000048.700000,1,300,300,63.67,45.19,0,2732,300/300/300/300/300/300
1700000048.750000,1,300,300,63.68,282.80,1,2714,300/300/300/300/300/300
1700000048.800000,1,300,300,63.70,46.23,0,2714,300/300/300/300/300/300
1700000048.850000,1,300,300,63.75,44.43,0,2714,300/300/300/300/300/300
1700000048.900000,1,300,300,63.79,284.43,1,2680,300/300/300/300/300/300
1700000048.950000,1,300,300,63.86,44.48,0,2680,300/300/300/300/300/300
1700000049.000000,1,300,300,63.95,43.93,0,2680,300/300/300/300/300/300
1700000049.050000,1,300,300,64.05,339.01,1,2653,300/300/300/300/300/300
1700000049.100000,1,300,300,64.14,46.28,0,2653,300/300/300/300/300/300
1700000049.150000,1,300,300,64.26,44.23,0,2653,300/300/300/300/300/300
1700000049.200000,1,300,300,64.36,291.45,1,2643,300/300/300/300/300/300
1700000049.250000,1,300,300,64.50,45.22,0,2643,300/300/300/300/300/300
1700000049.300000,1,300,300,64.62,46.64,0,2643,300/300/300/300/300/300
1700000049.350000,1,300,300,64.75,396.80,1,2595,300/300/300/300/300/300
1700000049.400000,1,300,300,64.88,46.61,0,2595,300/300/300/300/300/300
1700000049.450000,1,300,300,65.01,45.25,0,2595,300/300/300/300/300/300
1700000049.500000,1,300,300,65.15,448.73,1,2565,300/300/300/300/300/300
1700000049.550000,1,300,300,65.31,46.26,0,2565,300/300/300/300/300/300
1700000049.600000,1,300,300,65.45,45.33,0,2565,300/300/300/300/300/300
1700000049.650000,1,300,300,65.61,249.54,1,2545,300/300/300/300/300/300
1700000049.700000,1,300,300,65.77,45.55,0,2545,300/300/300/300/300/300
1700000049.750000,1,300,300,65.94,45.11,0,2545,300/300/300/300/300/300
1700000049.800000,1,300,300,66.10,424.25,1,2503,300/300/300/300/300/300
1700000049.850000,1,300,300,66.28,45.92,0,2503,300/300/300/300/300/300
1700000049.900000,1,300,300,66.46,46.96,0,2503,300/300/300/300/300/300
1700000049.950000,1,300,300,66.65,462.74,1,2468,300/300/300/300/300/300
1700000050.000000,1,300,300,66.84,45.77,0,2468,300/300/300/300/300/300
1700000050.050000,1,300,300,67.03,45.52,0,2468,300/300/300/300/300/300
1700000050.100000,1,300,300,67.22,612.68,1,2406,300/300/300/300/300/300
1700000050.150000,1,300,300,67.43,46.97,0,2406,300/300/300/300/300/300
1700000050.200000,1,300,300,67.66,45.76,0,2406,300/300/300/300/300/300
1700000050.250000,1,300,300,67.88,530.04,1,2370,300/300/300/300/300/300
1700000050.300000,1,300,300,68.13,47.12,0,2370,300/300/300/300/300/300
1700000050.350000,1,300,300,68.37,46.27,0,2370,300/300/300/300/300/300
1700000050.400000,1,300,300,68.61,392.53,1,2353,300/300/300/300/300/300
1700000050.450000,1,300,300,68.88,47.79,0,2353,300/300/300/300/300/300
1700000050.500000,1,300,300,69.15,45.47,0,2353,300/300/300/300/300/300
1700000050.550000,1,300,300,69.43,609.81,1,2320,300/300/300/300/300/300
1700000050.600000,1,300,300,69.72,47.08,0,2320,300/300/300/300/300/300
1700000050.650000,1,300,300,70.04,47.15,0,2320,300/300/300/300/300/300
1700000050.700000,1,300,300,70.34,449.64,1,2289,300/300/300/300/300/300
1700000050.750000,1,300,300,70.64,47.60,0,2289,300/300/300/300/300/300
1700000050.800000,1,300,300,70.97,47.26,0,2289,300/300/300/300/300/300
1700000050.850000,1,300,300,71.31,458.55,1,2243,300/300/300/300/300/300
1700000050.900000,1,300,300,71.66,48.53,0,2243,300/300/300/300/300/300
1700000050.950000,1,300,300,72.04,47.62,0,2243,300/300/300/300/300/300
1700000051.000000,1,300,300,72.41,400.62,1,2196,300/300/300/300/300/300
1700000051.050000,1,300,300,72.81,50.78,0,2196,300/300/300/300/300/300
1700000051.100000,1,300,300,73.24,49.38,0,2196,300/300/300/300/300/300
1700000051.150000,1,300,300,73.70,432.05,1,2177,300/300/300/300/300/300
1700000051.200000,1,300,300,74.18,48.11,0,2177,300/300/300/300/300/300
1700000051.250000,1,300,300,74.68,47.29,0,2177,300/300/300/300/300/300
1700000051.300000,1,300,300,75.22,385.47,1,2151,300/300/300/300/300/300
1700000051.350000,1,300,300,75.80,49.69,0,2151,300/300/300/300/300/300
1700000051.400000,1,300,300,76.40,49.06,0,2151,300/300/300/300/300/300
1700000051.450000,1,300,300,77.03,363.41,1,2108,300/300/300/300/300/300
1700000051.500000,1,300,300,77.72,49.82,0,2108,300/300/300/300/300/300
1700000051.550000,1,300,300,78.45,48.50,0,2108,300/300/300/300/300/300
1700000051.600000,1,300,300,79.20,346.41,1,2086,300/300/300/300/300/300
1700000051.650000,1,300,300,80.02,50.52,0,2086,300/300/300/300/300/300
1700000051.700000,1,300,300,80.91,54.42,0,2086,300/300/300/300/300/300
1700000051.750000,1,300,300,81.85,242.37,1,2060,300/300/300/300/300/300
1700000051.800000,1,300,300,82.88,53.55,0,2060,300/300/300/300/300/300
1700000051.850000,1,300,300,84.04,52.56,0,2060,300/300/300/300/300/300
1700000051.900000,1,300,300,85.28,318.43,1,2035,300/300/300/300/300/300
1700000051.950000,1,300,300,86.61,54.07,0,2035,300/300/300/300/300/300
1700000052.000000,1,300,300,88.06,55.11,0,2035,300/300/300/300/300/300
1700000052.050000,1,300,300,89.69,467.82,1,2041,300/300/300/300/300/300
1700000052.100000,1,300,300,91.40,63.53,0,2041,300/300/300/300/300/300
1700000052.150000,1,300,300,93.18,59.53,0,2041,300/300/300/300/300/300
1700000052.200000,1,300,300,95.05,217.59,1,2025,300/300/300/300/300/300
1700000052.250000,1,300,300,96.92,59.08,0,2025,300/300/300/300/300/300
1700000052.300000,1,300,300,99.13,67.61,0,2025,300/300/300/300/300/300
1700000052.350000,1,300,300,101.50,317.95,1,2019,300/300/300/300/300/300
1700000052.400000,1,300,300,103.93,69.15,0,2019,300/300/300/300/300/294
1700000052.450000,1,300,300,106.20,69.36,0,2019,300/300/300/300/300/276
1700000052.500000,1,300,300,107.89,203.09,1,2033,300/300/300/300/300/300
1700000052.550000,1,256,300,108.97,68.87,0,2033,256/300/300/228/300/285
1700000052.600000,1,300,300,113.87,82.02,0,2033,300/300/300/228/300/300
1700000052.650000,1,300,300,118.58,331.05,1,1986,300/300/300/223/300/282
1700000052.700000,1,280,300,119.41,77.62,0,1986,280/300/300/179/300/300
1700000052.750000,1,235,300,116.57,84.02,0,1986,235/300/300/300/300/300
1700000052.800000,1,231,300,113.55,246.05,1,1972,231/300/300/270/300/264
1700000052.850000,1,185,300,108.57,96.36,0,1972,185/300/300/300/300/300
1700000052.900000,1,300,300,103.08,74.52,0,1972,300/300/300/300/300/300
1700000052.950000,1,300,300,98.53,272.47,1,2009,300/300/231/300/300/295
1700000053.000000,1,300,300,94.78,94.36,0,2009,300/300/213/156/300/300
1700000053.050000,1,300,300,91.58,82.72,0,2009,300/300/233/193/300/254
1700000053.100000,1,300,300,88.85,238.70,1,2011,300/300/242/200/298/266
1700000053.150000,1,300,300,86.55,111.53,0,2011,300/300/300/189/300/300
1700000053.200000,1,300,300,84.57,102.00,0,2011,300/300/300/200/266/300
1700000053.250000,1,300,300,82.84,224.34,1,2052,300/300/300/193/258/287
1700000053.300000,1,300,300,81.40,78.96,0,2052,300/300/300/203/285/300
1700000053.350000,1,300,300,80.17,81.86,0,2052,300/300/300/191/284/295
1700000053.400000,1,300,300,79.10,221.75,1,2117,300/300/300/205/300/257
1700000053.450000,1,300,300,78.17,77.33,0,2117,300/300/300/201/300/300
1700000053.500000,1,300,300,77.39,77.59,0,2117,300/300/300/211/300/272
1700000053.550000,1,300,300,76.71,219.90,1,2141,300/300/300/300/300/264
1700000053.600000,1,300,300,76.11,66.96,0,2141,300/300/300/268/300/267
1700000053.650000,1,300,300,75.59,72.97,0,2141,300/300/300/265/294/251
1700000053.700000,1,300,300,75.15,282.70,1,2211,300/300/300/253/300/262
1700000053.750000,1,300,300,74.78,68.78,0,2211,300/300/300/266/300/267
1700000053.800000,1,300,300,74.43,67.90,0,2211,300/300/300/256/300/253
1700000053.850000,1,300,300,74.15,223.37,1,2272,300/300/300/258/300/284
1700000053.900000,1,300,300,73.89,66.50,0,2272,300/300/300/296/300/300
1700000053.950000,1,300,300,73.67,69.46,0,2272,300/300/300/273/300/300
1700000054.000000,1,300,300,73.49,222.59,1,2322,300/300/300/282/300/300
1700000054.050000,1,300,300,73.31,72.09,0,2322,300/300/300/274/300/300
1700000054.100000,1,300,300,73.17,65.18,0,2322,300/300/300/287/300/300
1700000054.150000,1,300,300,73.03,234.28,1,2374,300/300/300/300/300/300
1700000054.200000,1,300,300,72.91,68.63,0,2374,300/300/300/300/300/300
1700000054.250000,1,300,300,72.82,67.31,0,2374,300/300/300/300/300/300
1700000054.300000,1,300,300,72.76,234.44,1,2420,300/300/300/300/300/300
1700000054.350000,1,300,300,72.73,66.01,0,2420,300/300/300/300/300/300
1700000054.400000,1,300,300,72.74,66.75,0,2420,300/300/300/300/300/300
1700000054.450000,1,300,300,72.75,230.11,1,2462,300/300/300/300/300/300
1700000054.500000,1,300,300,72.79,74.45,0,2462,300/300/300/300/300/300
1700000054.550000,1,300,300,72.84,70.81,0,2462,300/300/300/300/300/295
1700000054.600000,1,300,300,72.91,236.53,1,2488,300/300/300/300/300/290
1700000054.650000,1,300,300,72.98,69.40,0,2488,300/300/300/300/300/300
1700000054.700000,1,300,300,73.06,70.55,0,2488,300/300/300/300/300/300
1700000054.750000,1,300,300,73.14,232.79,1,2536,300/300/300/300/300/300
1700000054.800000,1,300,300,73.22,69.68,0,2536,300/300/300/300/289/300
1700000054.850000,1,300,300,73.32,61.43,0,2536,300/300/300/300/300/287
1700000054.900000,1,300,300,73.43,232.97,1,2556,300/300/300/300/285/300
1700000054.950000,1,300,300,73.51,58.12,0,2556,300/300/300/300/300/300
1700000055.000000,1,300,300,73.61,57.35,0,2556,300/300/300/300/300/300
1700000055.050000,1,300,300,73.70,232.43,1,2584,300/300/300/300/300/300
1700000055.100000,1,300,300,73.80,59.69,0,2584,300/300/300/300/300/297
1700000055.150000,1,300,300,73.88,59.89,0,2584,300/300/300/300/300/300
1700000055.200000,1,300,300,73.98,339.47,1,2616,300/300/300/300/300/300
1700000055.250000,1,300,300,74.07,55.65,0,2616,300/300/300/300/300/300
1700000055.300000,1,300,300,74.15,55.32,0,2616,300/300/300/300/298/300
1700000055.350000,1,300,300,74.22,218.48,1,2651,300/300/300/300/300/300
1700000055.400000,1,300,300,74.30,58.94,0,2651,300/300/300/300/300/300
1700000055.450000,1,300,300,74.38,56.00,0,2651,300/300/300/300/300/300
1700000055.500000,1,300,300,74.47,199.01,1,2653,300/300/300/300/300/300
1700000055.550000,1,300,300,74.54,55.94,0,2653,300/300/300/300/300/300
1700000055.600000,1,300,300,74.62,53.70,0,2653,300/300/300/300/300/300
1700000055.650000,1,300,300,74.70,251.54,1,2676,300/300/300/300/300/300
1700000055.700000,1,300,300,74.77,61.19,0,2676,300/300/300/300/300/300
1700000055.750000,1,300,300,74.82,56.97,0,2676,300/300/300/300/300/300
1700000055.800000,1,300,300,74.89,291.78,1,2663,300/300/300/300/300/300
1700000055.850000,1,300,300,74.94,54.01,0,2663,300/300/300/300/300/300
1700000055.900000,1,300,300,75.01,54.54,0,2663,300/300/300/300/300/300
1700000055.950000,1,300,300,75.07,298.70,1,2656,300/300/300/300/300/300
1700000056.000000,1,300,300,75.11,52.69,0,2656,300/300/300/300/300/300
1700000056.050000,1,300,300,75.18,50.89,0,2656,300/300/300/300/300/300
1700000056.100000,1,300,300,75.23,172.91,1,2643,300/300/300/300/300/300
1700000056.150000,1,300,300,75.27,50.64,0,2643,300/300/300/300/300/300
1700000056.200000,1,300,300,75.31,51.65,0,2643,300/300/300/300/300/300
1700000056.250000,1,300,300,75.34,273.48,1,2633,300/300/300/300/300/300
1700000056.300000,1,300,300,75.37,51.83,0,2633,300/300/300/300/300/300
1700000056.350000,1,300,300,75.38,50.38,0,2633,300/300/300/300/300/300
1700000056.400000,1,300,300,75.40,176.15,1,2626,300/300/300/300/300/300
1700000056.450000,1,300,300,75.42,52.36,0,2626,300/300/300/300/300/300
1700000056.500000,1,300,300,75.44,50.92,0,2626,300/300/300/300/300/300
1700000056.550000,1,300,300,75.46,282.95,1,2615,300/300/300/300/300/300
1700000056.600000,1,300,300,75.47,50.06,0,2615,300/300/300/300/300/300
1700000056.650000,1,300,300,75.49,50.45,0,2615,300/300/300/300/300/300
1700000056.700000,1,300,300,75.49,380.04,1,2658,300/300/300/300/300/300
1700000056.750000,1,300,300,75.50,50.82,0,2658,300/300/300/300/300/300
1700000056.800000,1,300,300,75.50,52.58,0,2658,300/300/300/300/300/300
1700000056.850000,1,300,300,75.48,302.99,1,2675,300/300/300/300/300/300
1700000056.900000,1,300,300,75.46,54.74,0,2675,300/300/300/300/300/300
1700000056.950000,1,300,300,75.46,49.50,0,2675,300/300/300/300/300/300
1700000057.000000,1,300,300,75.43,314.42,1,2659,300/300/300/300/300/300
1700000057.050000,1,300,300,75.40,51.22,0,2659,300/300/300/300/300/300
1700000057.100000,1,300,300,75.37,49.81,0,2659,300/300/300/300/300/300
1700000057.150000,1,300,300,75.34,353.88,1,2691,300/300/300/300/300/300
1700000057.200000,1,300,300,75.31,51.58,0,2691,300/300/300/300/300/300
1700000057.250000,1,300,300,75.26,49.94,0,2691,300/300/300/300/300/300
1700000057.300000,1,300,300,75.22,323.50,1,2684,300/300/300/300/300/300
1700000057.350000,1,300,300,75.20,52.69,0,2684,300/300/300/300/300/300
1700000057.400000,1,300,300,75.15,51.44,0,2684,300/300/300/300/300/300
1700000057.450000,1,300,300,75.12,327.15,1,2650,300/300/300/300/300/300
1700000057.500000,1,300,300,75.08,48.15,0,2650,300/300/300/300/300/300
1700000057.550000,1,300,300,75.04,49.00,0,2650,300/300/300/300/300/300
1700000057.600000,1,300,300,75.00,331.37,1,2661,300/300/300/300/300/300
1700000057.650000,1,300,300,74.95,49.72,0,2661,300/300/300/300/300/300
1700000057.700000,1,300,300,74.90,48.84,0,2661,300/300/300/300/300/300
1700000057.750000,1,300,300,74.85,360.17,1,2635,300/300/300/300/300/300
1700000057.800000,1,300,300,74.76,50.33,0,2635,300/300/300/300/300/300
1700000057.850000,1,300,300,74.70,46.87,0,2635,300/300/300/300/300/300
1700000057.900000,1,300,300,74.63,252.34,1,2609,300/300/300/300/300/300
1700000057.950000,1,300,300,74.59,50.10,0,2609,300/300/300/300/300/300
1700000058.000000,1,300,300,74.53,49.74,0,2609,300/300/300/300/300/300
1700000058.050000,1,300,300,74.47,198.01,1,2565,300/300/300/300/300/300
1700000058.100000,1,300,300,74.42,50.80,0,2565,300/300/300/300/300/300
1700000058.150000,1,300,300,74.36,49.51,0,2565,300/300/300/300/300/300
1700000058.200000,1,300,300,74.31,196.21,1,2555,300/300/300/300/300/300
1700000058.250000,1,300,300,74.26,52.00,0,2555,300/300/300/300/300/300
1700000058.300000,1,300,300,74.19,49.28,0,2555,300/300/300/300/300/300
1700000058.350000,1,300,300,74.13,197.53,1,2529,300/300/300/300/300/300
1700000058.400000,1,300,300,74.06,51.90,0,2529,300/300/300/300/300/300
1700000058.450000,1,300,300,74.00,47.50,0,2529,300/300/300/300/300/300
1700000058.500000,1,300,300,73.92,329.64,1,2513,300/300/300/300/300/300
1700000058.550000,1,300,300,73.84,50.02,0,2513,300/300/300/300/300/300
1700000058.600000,1,300,300,73.77,48.91,0,2513,300/300/300/300/300/300
1700000058.650000,1,300,300,73.67,327.44,1,2511,300/300/300/300/300/300
1700000058.700000,1,300,300,73.57,49.14,0,2511,300/300/300/300/300/300
1700000058.750000,1,300,300,73.47,48.14,0,2511,300/300/300/300/300/300
1700000058.800000,1,300,300,73.36,231.47,1,2493,300/300/300/300/300/300
1700000058.850000,1,300,300,73.25,49.07,0,2493,300/300/300/300/300/300
1700000058.900000,1,300,300,73.14,50.99,0,2493,300/300/300/300/300/300
1700000058.950000,1,300,300,73.03,232.24,1,2485,300/300/300/300/300/300
1700000059.000000,1,300,300,72.91,51.95,0,2485,300/300/300/300/300/300
1700000059.050000,1,300,300,72.79,49.20,0,2485,300/300/300/300/300/300
1700000059.100000,1,300,300,72.67,328.62,1,2447,300/300/300/300/300/300
1700000059.150000,1,300,300,72.57,50.46,0,2447,300/300/300/300/300/300
1700000059.200000,1,300,300,72.45,46.76,0,2447,300/300/300/300/300/300
1700000059.250000,1,300,300,72.34,358.90,1,2454,300/300/300/300/300/300
1700000059.300000,1,300,300,72.22,48.64,0,2454,300/300/300/300/300/300
1700000059.350000,1,300,300,72.10,49.52,0,2454,300/300/300/300/300/300
1700000059.400000,1,300,300,71.98,353.28,1,2417,300/300/300/300/300/300
1700000059.450000,1,300,300,71.85,47.56,0,2417,300/300/300/300/300/300
1700000059.500000,1,300,300,71.72,48.38,0,2417,300/300/300/300/300/300
1700000059.550000,1,300,300,71.61,329.38,1,2441,300/300/300/300/300/300
1700000059.600000,1,300,300,71.47,49.10,0,2441,300/300/300/300/300/300
1700000059.650000,1,300,300,71.34,47.32,0,2441,300/300/300/300/300/300
1700000059.700000,1,300,300,71.22,330.62,1,2384,300/300/300/300/300/300
1700000059.750000,1,300,300,71.09,48.50,0,2384,300/300/300/300/300/300
1700000059.800000,1,300,300,70.96,49.70,0,2384,300/300/300/300/300/300
1700000059.850000,1,300,300,70.83,324.26,1,2382,300/300/300/300/300/300
1700000059.900000,1,300,300,70.70,49.22,0,2382,300/300/300/300/300/300
1700000059.950000,1,300,300,70.58,50.54,0,2382,300/300/300/300/300/300
1700000060.000000,1,300,300,70.44,333.50,1,2380,300/300/300/300/300/300
1700000060.050000,1,300,300,70.31,49.11,0,2380,300/300/300/300/300/300
1700000060.100000,1,300,300,70.19,47.19,0,2380,300/300/300/300/300/300
1700000060.150000,1,300,300,70.06,328.75,1,2376,300/300/300/300/300/300
1700000060.200000,1,300,300,69.95,48.59,0,2376,300/300/300/300/300/300
1700000060.250000,1,300,300,69.81,49.38,0,2376,300/300/300/300/300/300
1700000060.300000,1,300,300,69.69,386.10,1,2340,300/300/300/300/300/300
1700000060.350000,1,300,300,69.57,50.24,0,2340,300/300/300/300/300/300
1700000060.400000,1,300,300,69.45,49.36,0,2340,300/300/300/300/300/300
1700000060.450000,1,300,300,69.32,330.12,1,2325,300/300/300/300/300/300
1700000060.500000,1,300,300,69.20,48.41,0,2325,300/300/300/300/300/300
1700000060.550000,1,300,300,69.08,47.33,0,2325,300/300/300/300/300/300
1700000060.600000,1,300,300,68.95,336.31,1,2315,300/300/300/300/300/300
1700000060.650000,1,300,300,68.83,48.87,0,2315,300/300/300/300/300/300
1700000060.700000,1,300,300,68.70,51.94,0,2315,300/300/300/300/300/300
1700000060.750000,1,300,300,68.58,331.99,1,2296,300/300/300/300/300/300
1700000060.800000,1,300,300,68.46,49.51,0,2296,300/300/300/300/300/300
1700000060.850000,1,300,300,68.33,50.80,0,2296,300/300/300/300/300/300
1700000060.900000,1,300,300,68.18,392.25,1,2313,300/300/300/300/300/300
1700000060.950000,1,300,300,68.03,52.86,0,2313,300/300/300/300/300/300
1700000061.000000,1,300,300,67.88,49.32,0,2313,300/300/300/300/300/300
1700000061.050000,1,300,300,67.72,360.76,1,2278,300/300/300/300/300/300
1700000061.100000,1,300,300,67.57,51.75,0,2278,300/300/300/300/300/300
1700000061.150000,1,300,300,67.40,54.17,0,2278,300/300/300/300/300/300
1700000061.200000,1,300,300,67.23,333.92,1,2277,300/300/300/300/300/300
1700000061.250000,1,300,300,67.06,49.09,0,2277,300/300/300/300/300/300
1700000061.300000,1,300,300,66.88,52.61,0,2277,300/300/300/300/300/300
1700000061.350000,1,300,300,66.70,335.96,1,2296,300/300/300/300/300/300
1700000061.400000,1,300,300,66.51,52.33,0,2296,300/300/300/300/300/300
1700000061.450000,1,300,300,66.31,53.50,0,2296,300/300/300/300/300/300
1700000061.500000,1,300,300,66.13,419.70,1,2311,300/300/300/300/300/300
1700000061.550000,1,300,300,65.94,54.31,0,2311,300/300/300/300/300/300
1700000061.600000,1,300,300,65.74,52.46,0,2311,300/300/300/300/300/300
1700000061.650000,1,300,300,65.53,340.13,1,2299,300/300/300/300/300/300
1700000061.700000,1,300,300,65.33,52.87,0,2299,300/300/300/300/300/300
1700000061.750000,1,300,300,65.11,59.22,0,2299,300/300/300/286/300/300
1700000061.800000,1,300,300,64.91,359.53,1,2293,300/300/300/286/300/300
1700000061.850000,1,300,300,64.71,59.74,0,2293,300/300/300/273/300/300
1700000061.900000,1,300,300,64.51,54.82,0,2293,300/300/300/300/300/300
1700000061.950000,1,300,300,64.31,349.56,1,2284,300/300/300/300/300/300
1700000062.000000,1,300,300,64.12,61.13,0,2284,300/300/300/266/300/300
1700000062.050000,1,300,300,63.89,56.38,0,2284,300/300/300/300/300/290
1700000062.100000,1,300,300,63.69,340.82,1,2312,300/300/300/300/300/300
1700000062.150000,1,300,300,63.48,61.99,0,2312,300/300/300/300/300/300
1700000062.200000,1,300,300,63.29,63.77,0,2312,300/300/300/300/300/300
1700000062.250000,1,300,300,63.06,335.24,1,2296,300/300/300/297/300/300
1700000062.300000,1,300,300,62.86,64.06,0,2296,300/300/300/300/300/291
1700000062.350000,1,300,300,62.65,85.15,0,2296,300/300/300/294/248/252
1700000062.400000,1,300,300,62.45,372.16,1,2279,300/300/226/285/177/231
1700000062.450000,1,300,300,62.26,72.54,0,2279,300/300/157/266/293/217
1700000062.500000,1,300,300,62.08,61.60,0,2279,300/300/184/235/156/215
1700000062.550000,1,300,300,61.90,347.74,1,2245,300/300/223/212/300/243
1700000062.600000,1,300,300,61.71,80.16,0,2245,300/300/300/300/291/300
1700000062.650000,1,300,300,61.52,61.47,0,2245,300/300/300/278/300/217
1700000062.700000,1,300,300,61.39,300.54,1,2253,300/300/300/263/300/300
1700000062.750000,1,300,300,61.27,66.71,0,2253,300/300/300/300/300/272
1700000062.800000,1,300,300,61.15,67.20,0,2253,300/300/300/300/300/300
1700000062.850000,1,300,300,60.92,310.46,1,2364,300/300/300/300/300/300
1700000062.900000,1,300,300,59.45,60.87,0,2364,300/300/300/300/300/300
1700000062.950000,1,300,300,54.69,64.87,0,2364,300/300/300/300/300/300
1700000063.000000,1,300,300,52.45,394.09,1,2441,300/300/300/300/300/300
1700000063.050000,1,300,300,52.01,65.72,0,2441,300/300/300/300/300/300
1700000063.100000,1,300,300,53.92,72.44,0,2441,300/300/300/300/300/300
1700000063.150000,1,300,300,57.26,193.93,1,2485,300/300/300/300/300/300
1700000063.200000,1,300,300,60.28,66.78,0,2485,300/300/300/300/300/300
1700000063.250000,1,300,300,62.55,66.36,0,2485,300/300/300/300/300/300
1700000063.300000,1,300,300,64.47,217.48,1,2478,300/300/300/300/300/300
1700000063.350000,1,300,300,66.24,59.75,0,2478,300/300/300/300/300/300
1700000063.400000,1,300,300,67.85,59.32,0,2478,300/300/300/300/300/300
1700000063.450000,1,300,300,69.23,304.14,1,2555,300/300/300/300/300/300
1700000063.500000,1,300,300,70.21,61.49,0,2555,300/300/300/300/300/300
1700000063.550000,1,300,300,70.16,62.04,0,2555,300/300/300/300/300/300
1700000063.600000,1,300,300,69.53,289.67,1,2606,300/300/300/300/300/300
1700000063.650000,1,300,300,69.45,63.60,0,2606,300/300/300/300/300/300
1700000063.700000,1,300,300,69.78,60.38,0,2606,300/300/300/300/300/300
1700000063.750000,1,300,300,70.18,284.83,1,2688,300/300/300/300/300/300
1700000063.800000,1,300,300,70.25,56.83,0,2688,300/300/300/300/300/300
1700000063.850000,1,300,300,69.92,60.97,0,2688,300/300/300/300/300/300
1700000063.900000,1,300,300,70.66,376.10,1,2695,300/300/300/300/300/300
1700000063.950000,1,300,300,71.66,63.98,0,2695,300/300/300/300/300/300
1700000064.000000,1,300,300,71.38,62.17,0,2695,300/300/300/300/300/300
1700000064.050000,1,300,300,71.20,332.88,1,2664,300/300/300/300/286/300
1700000064.100000,1,300,300,71.16,84.74,0,2664,300/300/286/300/300/300
1700000064.150000,1,300,300,70.55,76.47,0,2664,300/300/300/300/300/300
1700000064.200000,1,300,300,70.40,268.75,1,2636,300/300/300/300/262/300
1700000064.250000,1,300,300,70.53,122.93,0,2636,300/300/275/200/300/290
1700000064.300000,1,300,300,70.04,128.60,0,2636,300/300/250/300/300/300
1700000064.350000,1,300,300,69.83,333.50,1,2627,300/300/300/300/300/300
1700000064.400000,1,300,300,73.79,132.34,0,2627,300/300/300/300/300/300
1700000064.450000,1,300,300,82.89,151.58,0,2627,300/300/300/258/300/300
1700000064.500000,1,300,300,87.38,538.77,1,2658,300/300/277/254/300/300
1700000064.550000,1,300,300,89.56,114.07,0,2658,300/300/273/242/300/300
1700000064.600000,1,300,300,90.65,72.99,0,2658,300/300/266/217/300/300
1700000064.650000,1,266,300,91.25,277.90,1,2693,266/300/250/206/300/300
1700000064.700000,1,253,300,90.80,76.09,0,2693,253/300/263/189/300/300
1700000064.750000,1,241,300,89.99,76.79,0,2693,241/300/300/300/300/300
1700000064.800000,1,235,300,89.03,341.15,1,2733,235/300/286/300/300/300
1700000064.850000,1,233,300,88.06,90.31,0,2733,233/300/273/250/300/300
1700000064.900000,1,300,300,87.17,76.37,0,2733,300/300/248/300/300/300
1700000064.950000,1,273,300,86.37,328.90,1,2700,273/300/300/254/300/300
1700000065.000000,1,259,300,85.66,75.15,0,2700,259/300/300/236/300/300
1700000065.050000,1,262,300,85.07,72.58,0,2700,262/300/300/300/300/300
1700000065.100000,1,300,300,84.59,238.36,1,2696,300/300/300/259/300/300
1700000065.150000,1,286,300,84.31,76.87,0,2696,286/300/300/248/300/300
1700000065.200000,1,300,300,84.25,91.23,0,2696,300/300/300/237/300/300
1700000065.250000,1,279,300,84.47,280.46,1,2671,279/300/264/217/300/300
1700000065.300000,1,300,300,85.00,72.77,0,2671,300/300/300/195/291/300
1700000065.350000,1,289,300,85.71,78.60,0,2671,289/300/249/195/300/300
1700000065.400000,1,300,300,86.33,320.21,1,2680,300/300/300/194/300/300
1700000065.450000,1,259,300,86.97,78.51,0,2680,259/300/254/200/300/292
1700000065.500000,1,257,300,87.59,75.12,0,2680,257/300/263/222/300/291
1700000065.550000,1,257,300,88.78,371.14,1,2642,257/300/172/254/300/300
1700000065.600000,1,250,300,91.30,80.76,0,2642,250/300/176/228/300/300
1700000065.650000,1,224,300,94.65,83.35,0,2642,224/300/160/290/300/300
1700000065.700000,1,205,292,97.40,353.24,1,2634,205/292/149/300/300/300
1700000065.750000,1,300,279,98.82,178.08,0,2634,300/279/162/290/300/300
1700000065.800000,1,281,280,98.67,107.05,0,2634,281/280/190/210/300/300
1700000065.850000,1,300,268,97.54,224.26,1,2623,300/268/177/186/286/300
1700000065.900000,1,300,261,96.16,60.58,0,2623,300/261/209/189/300/300
1700000065.950000,1,300,260,94.61,61.85,0,2623,300/260/291/300/300/300
1700000066.000000,1,300,254,92.70,268.16,1,2683,300/254/276/300/300/300
1700000066.050000,1,300,253,90.75,65.90,0,2683,300/253/265/300/300/300
1700000066.100000,1,300,262,89.05,64.45,0,2683,300/262/300/300/300/300
1700000066.150000,1,300,300,87.24,340.60,1,2688,300/300/300/300/300/300
1700000066.200000,1,300,300,85.51,67.25,0,2688,300/300/300/300/300/300
1700000066.250000,1,300,300,83.88,63.14,0,2688,300/300/300/300/300/300
1700000066.300000,1,300,300,82.34,329.10,1,2707,300/300/300/300/300/300
1700000066.350000,1,300,300,80.90,61.78,0,2707,300/300/300/300/300/300
1700000066.400000,1,300,300,79.55,58.95,0,2707,300/300/300/300/300/300
1700000066.450000,1,300,300,78.29,311.25,1,2764,300/300/300/300/300/300
1700000066.500000,1,300,300,77.13,56.96,0,2764,300/300/300/300/300/300
1700000066.550000,1,300,300,76.03,56.73,0,2764,300/300/300/300/300/300
1700000066.600000,1,300,300,75.01,207.03,1,2829,300/300/300/300/300/300
1700000066.650000,1,300,300,74.06,54.37,0,2829,300/300/300/300/300/300
1700000066.700000,1,300,300,73.15,52.03,0,2829,300/300/300/300/300/300
1700000066.750000,1,300,300,72.30,303.87,1,2853,300/300/300/300/300/300
1700000066.800000,1,300,300,71.51,49.72,0,2853,300/300/300/300/300/300
1700000066.850000,1,300,300,70.75,51.26,0,2853,300/300/300/300/300/300
1700000066.900000,1,300,300,70.04,316.32,1,2766,300/300/300/300/300/300
1700000066.950000,1,300,300,69.36,49.54,0,2766,300/300/300/300/300/300
1700000067.000000,1,300,300,68.71,50.93,0,2766,300/300/300/300/300/300
1700000067.050000,1,300,300,68.11,198.80,1,2703,300/300/300/300/300/300
1700000067.100000,1,300,300,67.54,50.33,0,2703,300/300/300/300/300/300
1700000067.150000,1,300,300,67.02,51.91,0,2703,300/300/300/300/300/300
1700000067.200000,1,300,300,66.55,205.34,1,2704,300/300/300/300/300/300
1700000067.250000,1,300,300,66.11,47.08,0,2704,300/300/300/300/300/300
1700000067.300000,1,300,300,65.74,49.90,0,2704,300/300/300/300/300/300
1700000067.350000,1,300,300,65.41,211.73,1,2688,300/300/300/300/300/300
1700000067.400000,1,300,300,65.12,48.63,0,2688,300/300/300/300/300/300
1700000067.450000,1,300,300,64.87,48.15,0,2688,300/300/300/300/300/300
1700000067.500000,1,300,300,64.63,207.85,1,2606,300/300/300/300/300/300
1700000067.550000,1,300,300,64.45,48.65,0,2606,300/300/300/300/300/300
1700000067.600000,1,300,300,64.28,48.82,0,2606,300/300/300/300/300/300
1700000067.650000,1,300,300,64.14,177.41,1,2540,300/300/300/300/300/300
1700000067.700000,1,300,300,64.01,48.81,0,2540,300/300/300/300/300/300
1700000067.750000,1,300,300,63.92,47.03,0,2540,300/300/300/300/300/300
1700000067.800000,1,300,300,63.87,213.56,1,2483,300/300/300/300/300/300
1700000067.850000,1,300,300,63.82,46.91,0,2483,300/300/300/300/300/300
1700000067.900000,1,300,300,63.79,47.52,0,2483,300/300/300/300/300/300
1700000067.950000,1,300,300,63.77,273.11,1,2476,300/300/300/300/300/300
1700000068.000000,1,300,300,63.79,45.31,0,2476,300/300/300/300/300/300
1700000068.050000,1,300,300,63.80,46.50,0,2476,300/300/300/300/300/300
1700000068.100000,1,300,300,63.84,188.39,1,2461,300/300/300/300/300/300
1700000068.150000,1,300,300,63.89,48.18,0,2461,300/300/300/300/300/300
1700000068.200000,1,300,300,63.95,47.73,0,2461,300/300/300/300/300/300
1700000068.250000,1,300,300,64.02,326.76,1,2474,300/300/300/300/300/300
1700000068.300000,1,300,300,64.11,48.08,0,2474,300/300/300/300/300/300
1700000068.350000,1,300,300,64.21,47.06,0,2474,300/300/300/300/300/300
1700000068.400000,1,300,300,64.31,333.98,1,2474,300/300/300/300/300/300
1700000068.450000,1,300,300,64.43,47.14,0,2474,300/300/300/300/300/300
1700000068.500000,1,300,300,64.55,46.12,0,2474,300/300/300/300/300/300
1700000068.550000,1,300,300,64.68,242.90,1,2439,300/300/300/300/300/300
1700000068.600000,1,300,300,64.82,46.85,0,2439,300/300/300/300/300/300
1700000068.650000,1,300,300,64.97,45.09,0,2439,300/300/300/300/300/300
1700000068.700000,1,300,300,65.12,343.20,1,2352,300/300/300/300/300/300
1700000068.750000,1,300,300,65.29,46.30,0,2352,300/300/300/300/300/300
1700000068.800000,1,300,300,65.45,44.84,0,2352,300/300/300/300/300/300
1700000068.850000,1,300,300,65.63,312.62,1,2326,300/300/300/300/300/300
1700000068.900000,1,300,300,65.81,46.20,0,2326,300/300/300/300/300/300
1700000068.950000,1,300,300,65.99,45.46,0,2326,300/300/300/300/300/300
1700000069.000000,1,300,300,66.18,329.25,1,2299,300/300/300/300/300/300
1700000069.050000,1,300,300,66.37,44.06,0,2299,300/300/300/300/300/300
1700000069.100000,1,300,300,66.56,45.75,0,2299,300/300/300/300/300/300
1700000069.150000,1,300,300,66.76,368.48,1,2269,300/300/300/300/300/300
1700000069.200000,1,300,300,66.95,45.54,0,2269,300/300/300/300/300/300
1700000069.250000,1,300,300,67.15,44.33,0,2269,300/300/300/300/300/300
1700000069.300000,1,300,300,67.36,268.60,1,2271,300/300/300/300/300/300
1700000069.350000,1,300,300,67.56,45.78,0,2271,300/300/300/300/300/300
1700000069.400000,1,300,300,67.77,45.10,0,2271,300/300/300/300/300/300
1700000069.450000,1,300,300,67.97,368.30,1,2203,300/300/300/300/300/300
1700000069.500000,1,300,300,68.18,44.44,0,2203,300/300/300/300/300/300
1700000069.550000,1,300,300,68.40,42.95,0,2203,300/300/300/300/300/300
1700000069.600000,1,300,300,68.60,263.29,1,2262,300/300/300/300/300/300
1700000069.650000,1,300,300,68.81,43.97,0,2262,300/300/300/300/300/300
1700000069.700000,1,300,300,69.01,44.15,0,2262,300/300/300/300/300/300
1700000069.750000,1,300,300,69.22,390.69,1,2217,300/300/300/300/300/300
1700000069.800000,1,300,300,69.42,44.01,0,2217,300/300/300/300/300/300
1700000069.850000,1,300,300,69.62,44.64,0,2217,300/300/300/300/300/300
1700000069.900000,1,300,300,69.82,596.60,1,2189,300/300/300/300/300/300
1700000069.950000,1,300,300,70.02,43.89,0,2189,300/300/300/300/300/300
1700000070.000000,1,300,300,70.22,43.81,0,2189,300/300/300/300/300/300
1700000070.050000,1,300,300,70.41,308.01,1,2115,300/300/300/300/300/300
1700000070.100000,1,300,300,70.60,43.96,0,2115,300/300/300/300/300/300
1700000070.150000,1,300,300,70.79,42.68,0,2115,300/300/300/300/300/300
1700000070.200000,1,300,300,70.97,310.03,1,2093,300/300/300/300/300/300
1700000070.250000,1,300,300,71.15,42.36,0,2093,300/300/300/300/300/300
1700000070.300000,1,300,300,71.32,41.66,0,2093,300/300/300/300/300/300
1700000070.350000,1,300,300,71.49,423.81,1,2054,300/300/300/300/300/300
1700000070.400000,1,300,300,71.65,43.09,0,2054,300/300/300/300/300/300
1700000070.450000,1,300,300,71.83,41.38,0,2054,300/300/300/300/300/300
1700000070.500000,1,300,300,71.98,396.05,1,1990,300/300/300/300/300/300
1700000070.550000,1,300,300,72.14,42.12,0,1990,300/300/300/300/300/300
1700000070.600000,1,300,300,72.29,42.73,0,1990,300/300/300/300/300/300
1700000070.650000,1,300,300,72.44,348.53,1,1939,300/300/300/300/300/300
1700000070.700000,1,300,300,72.58,42.79,0,1939,300/300/300/300/300/300
1700000070.750000,1,300,300,72.72,43.37,0,1939,300/300/300/300/300/300
1700000070.800000,1,300,300,72.84,269.89,1,1874,300/300/300/300/300/300
1700000070.850000,1,300,300,72.97,42.03,0,1874,300/300/300/300/300/300
1700000070.900000,1,300,300,73.09,41.98,0,1874,300/300/300/300/300/300
1700000070.950000,1,300,300,73.21,298.06,1,1830,300/300/300/300/300/300
1700000071.000000,1,300,300,73.31,46.71,0,1830,300/300/300/300/300/300
1700000071.050000,1,300,300,73.41,42.16,0,1830,300/300/300/300/300/300
1700000071.100000,1,300,300,73.52,331.79,1,1776,300/300/300/300/300/300
1700000071.150000,1,300,300,73.61,43.21,0,1776,300/300/300/300/300/300
1700000071.200000,1,300,300,73.69,42.67,0,1776,300/300/300/300/300/300
1700000071.250000,1,300,300,73.77,226.95,1,1728,300/300/300/300/300/300
1700000071.300000,1,300,300,73.84,43.97,0,1728,300/300/300/300/300/300
1700000071.350000,1,300,300,73.92,41.61,0,1728,300/300/300/300/300/300
1700000071.400000,1,300,300,73.97,455.07,1,1691,300/300/300/300/300/300
1700000071.450000,1,300,300,74.03,44.05,0,1691,300/300/300/300/300/300
1700000071.500000,1,300,300,74.08,41.95,0,1691,300/300/300/300/300/300
1700000071.550000,1,300,300,74.14,185.90,1,1672,300/300/300/300/300/300
1700000071.600000,1,300,300,74.18,43.94,0,1672,300/300/300/300/300/300
1700000071.650000,1,300,300,74.21,43.47,0,1672,300/300/300/300/300/300
1700000071.700000,1,300,300,74.26,185.96,1,1636,300/300/300/300/300/300
1700000071.750000,1,300,300,74.28,45.17,0,1636,300/300/300/300/300/300
1700000071.800000,1,300,300,74.30,44.23,0,1636,300/300/300/300/300/300
1700000071.850000,1,300,300,74.32,222.53,1,1596,300/300/300/300/300/300
1700000071.900000,1,300,300,74.32,44.51,0,1596,300/300/300/300/300/300
1700000071.950000,1,300,300,74.32,43.56,0,1596,300/300/300/300/300/300
1700000072.000000,1,300,300,74.32,220.94,1,1575,300/300/300/300/300/300
1700000072.050000,1,300,300,74.31,45.47,0,1575,300/300/300/300/300/300
1700000072.100000,1,300,300,74.30,44.53,0,1575,300/300/300/300/300/300
1700000072.150000,1,300,300,74.30,186.54,1,1594,300/300/300/300/300/300
1700000072.200000,1,300,300,74.27,44.29,0,1594,300/300/300/300/300/300
1700000072.250000,1,300,300,74.23,44.40,0,1594,300/300/300/300/300/300
1700000072.300000,1,300,300,74.20,367.17,1,1565,300/300/300/300/300/300
1700000072.350000,1,300,300,74.17,45.90,0,1565,300/300/300/300/300/300
1700000072.400000,1,300,300,74.13,44.20,0,1565,300/300/300/300/300/300
1700000072.450000,1,300,300,74.09,325.32,1,1588,300/300/300/300/300/300
1700000072.500000,1,300,300,74.04,44.80,0,1588,300/300/300/300/300/300
1700000072.550000,1,300,300,73.99,45.06,0,1588,300/300/300/300/300/300
1700000072.600000,1,300,300,73.93,270.09,1,1570,300/300/300/300/300/300
1700000072.650000,1,300,300,73.86,46.71,0,1570,300/300/300/300/300/300
1700000072.700000,1,300,300,73.79,46.00,0,1570,300/300/300/300/300/300
1700000072.750000,1,300,300,73.72,283.04,1,1600,300/300/300/300/300/300
1700000072.800000,1,300,300,73.63,46.84,0,1600,300/300/300/300/300/300
1700000072.850000,1,300,300,73.54,45.81,0,1600,300/300/300/300/300/300
1700000072.900000,1,300,300,73.45,333.62,1,1566,300/300/300/300/300/300
1700000072.950000,1,300,300,73.38,46.58,0,1566,300/300/300/300/300/300
1700000073.000000,1,300,300,73.28,47.81,0,1566,300/300/300/300/300/300
1700000073.050000,1,300,300,73.19,236.18,1,1591,300/300/300/300/300/300
1700000073.100000,1,300,300,73.10,45.74,0,1591,300/300/300/300/300/300
1700000073.150000,1,300,300,73.00,46.23,0,1591,300/300/300/300/300/300
1700000073.200000,1,300,300,72.89,237.68,1,1604,300/300/300/300/300/300
1700000073.250000,1,300,300,72.80,47.05,0,1604,300/300/300/300/300/300
1700000073.300000,1,300,300,72.69,47.48,0,1604,300/300/300/300/300/300
1700000073.350000,1,300,300,72.60,236.95,1,1596,300/300/300/300/300/300
1700000073.400000,1,300,300,72.49,48.66,0,1596,300/300/300/300/300/300
1700000073.450000,1,300,300,72.39,48.28,0,1596,300/300/300/300/300/300
1700000073.500000,1,300,300,72.29,408.29,1,1629,300/300/300/300/300/300
1700000073.550000,1,300,300,72.19,48.18,0,1629,300/300/300/300/300/300
1700000073.600000,1,300,300,72.08,47.78,0,1629,300/300/300/300/300/300
1700000073.650000,1,300,300,71.99,408.38,1,1588,300/300/300/300/300/300
1700000073.700000,1,300,300,71.89,48.57,0,1588,300/300/300/300/300/300
1700000073.750000,1,300,300,71.79,49.54,0,1588,300/300/300/300/300/300
1700000073.800000,1,300,300,71.70,340.80,1,1683,300/300/300/300/300/300
1700000073.850000,1,300,300,71.62,48.12,0,1683,300/300/300/300/300/300
1700000073.900000,1,300,300,71.54,48.09,0,1683,300/300/300/300/300/300
1700000073.950000,1,300,300,71.48,336.55,1,1704,300/300/300/300/300/300
1700000074.000000,1,300,300,71.40,48.86,0,1704,300/300/300/300/300/300
1700000074.050000,1,300,300,71.36,50.24,0,1704,300/300/300/300/300/300
1700000074.100000,1,300,300,71.30,347.59,1,1727,300/300/300/300/300/300
1700000074.150000,1,300,300,71.27,49.99,0,1727,300/300/300/300/300/300
1700000074.200000,1,300,300,71.23,48.66,0,1727,300/300/300/300/300/300
1700000074.250000,1,300,300,71.20,275.10,1,1722,300/300/300/300/300/300
1700000074.300000,1,300,300,71.19,49.07,0,1722,300/300/300/300/300/300
1700000074.350000,1,300,300,71.18,49.29,0,1722,300/300/300/300/300/300
1700000074.400000,1,300,300,71.19,310.96,1,1773,300/300/300/300/300/300
1700000074.450000,1,300,300,71.19,50.40,0,1773,300/300/300/300/300/300
1700000074.500000,1,300,300,71.21,49.59,0,1773,300/300/300/300/300/300
1700000074.550000,1,300,300,71.25,307.38,1,1826,300/300/300/300/300/300
1700000074.600000,1,300,300,71.30,51.33,0,1826,300/300/300/300/300/300
1700000074.650000,1,300,300,71.35,48.80,0,1826,300/300/300/300/300/300
1700000074.700000,1,300,300,71.41,373.91,1,1862,300/300/300/300/300/300
1700000074.750000,1,300,300,71.49,48.06,0,1862,300/300/300/300/300/300
1700000074.800000,1,300,300,71.56,50.68,0,1862,300/300/300/300/300/300
1700000074.850000,1,300,300,71.66,302.02,1,1897,300/300/300/300/300/300
1700000074.900000,1,300,300,71.75,49.61,0,1897,300/300/300/300/300/300
1700000074.950000,1,300,300,71.86,51.93,0,1897,300/300/300/300/300/300
1700000075.000000,1,300,300,71.98,207.98,1,1930,300/300/300/300/300/300
1700000075.050000,1,300,300,72.11,49.10,0,1930,300/300/300/300/300/300
1700000075.100000,1,300,300,72.22,47.87,0,1930,300/300/300/300/300/300
1700000075.150000,1,300,300,72.33,394.35,1,1979,300/300/300/300/300/300
1700000075.200000,1,300,300,72.43,48.29,0,1979,300/300/300/300/300/300
1700000075.250000,1,300,300,72.54,49.09,0,1979,300/300/300/300/300/300
1700000075.300000,1,300,300,72.63,182.23,1,2000,300/300/300/300/300/300
1700000075.350000,1,300,300,72.72,49.13,0,2000,300/300/300/300/300/300
1700000075.400000,1,300,300,72.80,50.23,0,2000,300/300/300/300/300/300
1700000075.450000,1,300,300,72.86,294.24,1,2024,300/300/300/300/300/300
1700000075.500000,1,300,300,72.91,50.61,0,2024,300/300/300/300/300/300
1700000075.550000,1,300,300,72.92,49.80,0,2024,300/300/300/300/300/300
1700000075.600000,1,300,300,72.89,295.57,1,2055,300/300/300/300/300/300
1700000075.650000,1,300,300,72.83,49.58,0,2055,300/300/300/300/300/300
1700000075.700000,1,300,300,72.76,47.85,0,2055,300/300/300/300/300/300
1700000075.750000,1,300,300,72.65,296.68,1,2086,300/300/300/300/300/300
1700000075.800000,1,300,300,72.51,54.05,0,2086,300/300/300/300/300/300
1700000075.850000,1,300,300,72.36,49.98,0,2086,300/300/300/300/300/300
1700000075.900000,1,300,300,72.18,296.17,1,2112,300/300/300/300/300/300
1700000075.950000,1,300,300,71.99,51.20,0,2112,300/300/300/300/300/300
1700000076.000000,1,300,300,71.78,49.97,0,2112,300/300/300/300/300/300
1700000076.050000,1,300,300,71.56,301.05,1,2138,300/300/300/300/300/300
1700000076.100000,1,300,300,71.31,52.90,0,2138,300/300/300/300/300/300
1700000076.150000,1,300,300,71.07,51.08,0,2138,300/300/300/300/300/300
1700000076.200000,1,300,300,70.80,313.57,1,2147,300/300/300/300/300/300
1700000076.250000,1,300,300,70.57,59.34,0,2147,300/300/300/300/300/300
1700000076.300000,1,300,300,70.32,51.08,0,2147,300/300/300/300/300/300
1700000076.350000,1,300,300,70.07,307.72,1,2181,300/300/300/300/300/300
1700000076.400000,1,300,300,69.86,49.38,0,2181,300/300/300/300/300/300
1700000076.450000,1,300,300,69.65,51.26,0,2181,300/300/300/300/300/300
1700000076.500000,1,300,300,69.45,303.74,1,2191,300/300/300/300/300/300
1700000076.550000,1,300,300,69.24,55.81,0,2191,300/300/300/300/300/300
1700000076.600000,1,300,300,69.06,54.00,0,2191,300/300/300/300/300/300
1700000076.650000,1,300,300,68.87,315.36,1,2227,300/300/300/300/300/300
1700000076.700000,1,300,300,68.68,57.96,0,2227,300/300/300/300/300/300
1700000076.750000,1,300,300,68.49,53.17,0,2227,300/300/300/300/300/300
1700000076.800000,1,300,300,68.28,284.62,1,2259,300/300/300/300/300/300
1700000076.850000,1,300,295,68.07,53.22,0,2259,300/295/300/300/300/300
1700000076.900000,1,300,300,67.88,53.35,0,2259,300/300/300/300/300/300
1700000076.950000,1,300,300,67.71,326.96,1,2297,300/300/300/300/300/300
1700000077.000000,1,300,300,67.56,69.17,0,2297,300/300/300/300/300/300
1700000077.050000,1,300,300,67.41,71.30,0,2297,300/300/300/300/300/300
1700000077.100000,1,300,295,67.25,347.66,1,2322,300/295/300/300/300/300
1700000077.150000,1,300,282,67.08,54.92,0,2322,300/282/300/300/300/300
1700000077.200000,1,300,275,66.94,59.69,0,2322,300/275/300/300/300/300
1700000077.250000,1,300,280,66.80,332.75,1,2352,300/280/300/300/300/300
1700000077.300000,1,300,270,66.66,72.30,0,2352,300/270/300/300/295/300
1700000077.350000,1,300,270,66.55,66.84,0,2352,300/270/300/300/300/300
1700000077.400000,1,300,300,66.41,355.29,1,2379,300/300/300/300/300/300
1700000077.450000,1,300,300,66.28,73.52,0,2379,300/300/300/300/300/300
1700000077.500000,1,300,300,66.16,60.69,0,2379,300/300/300/300/300/300
1700000077.550000,1,300,300,66.03,281.41,1,2367,300/300/300/300/300/300
1700000077.600000,1,300,300,65.92,62.72,0,2367,300/300/300/300/300/300
1700000077.650000,1,300,300,65.80,60.13,0,2367,300/300/300/300/300/300
1700000077.700000,1,300,300,65.67,392.64,1,2390,300/300/300/300/300/300
1700000077.750000,1,300,300,65.55,63.72,0,2390,300/300/300/300/300/300
1700000077.800000,1,300,300,65.42,62.76,0,2390,300/300/300/300/300/300
1700000077.850000,1,300,300,65.31,334.65,1,2356,300/300/300/300/300/300
1700000077.900000,1,300,300,65.23,64.16,0,2356,300/300/300/279/300/300
1700000077.950000,1,300,300,65.14,61.53,0,2356,300/300/300/291/300/300
1700000078.000000,1,300,300,65.05,376.89,1,2400,300/300/300/300/300/300
1700000078.050000,1,300,300,64.97,64.90,0,2400,300/300/300/300/300/300
1700000078.100000,1,300,300,64.86,64.23,0,2400,300/300/300/300/300/300
1700000078.150000,1,300,300,64.77,417.83,1,2433,300/300/300/300/300/300
1700000078.200000,1,300,300,64.66,64.23,0,2433,300/300/300/300/300/300
1700000078.250000,1,300,300,64.55,61.79,0,2433,300/300/300/300/300/300
1700000078.300000,1,300,300,64.46,334.43,1,2468,300/300/300/300/300/300
1700000078.350000,1,300,300,64.31,59.37,0,2468,300/300/300/300/300/275
1700000078.400000,1,300,300,64.15,61.75,0,2468,300/300/300/272/300/300
1700000078.450000,1,300,300,63.97,229.48,1,2459,300/300/300/254/300/300
1700000078.500000,1,276,300,63.80,53.82,0,2459,276/300/300/237/300/276
1700000078.550000,1,275,300,63.63,55.77,0,2459,275/300/299/217/300/300
1700000078.600000,1,265,300,63.51,219.35,1,2498,265/300/296/300/300/258
1700000078.650000,1,264,300,63.45,54.76,0,2498,264/300/290/264/300/244
1700000078.700000,1,262,300,63.41,54.02,0,2498,262/300/300/252/300/235
1700000078.750000,1,271,300,63.41,217.70,1,2507,271/300/300/237/300/219
1700000078.800000,1,265,300,63.45,52.70,0,2507,265/300/300/234/300/214
1700000078.850000,1,256,300,63.48,52.27,0,2507,256/300/300/212/300/209
1700000078.900000,1,254,300,63.52,350.63,1,2483,254/300/300/208/300/201
1700000078.950000,1,246,300,63.56,52.73,0,2483,246/300/300/300/300/200
1700000079.000000,1,246,300,63.55,56.94,0,2483,246/300/300/254/300/300
1700000079.050000,1,240,300,63.52,249.31,1,2444,240/300/300/300/300/291
1700000079.100000,1,242,300,63.46,53.62,0,2444,242/300/300/265/300/257
1700000079.150000,1,253,300,63.38,53.03,0,2444,253/300/300/282/300/300
1700000079.200000,1,257,300,63.28,220.28,1,2494,257/300/300/279/300/300
1700000079.250000,1,300,300,63.15,57.92,0,2494,300/300/300/283/300/300
1700000079.300000,1,300,300,63.01,58.55,0,2494,300/300/300/300/300/300
1700000079.350000,1,300,300,62.89,225.05,1,2487,300/300/300/300/300/300
1700000079.400000,1,300,300,62.80,54.19,0,2487,300/300/300/300/300/300
1700000079.450000,1,299,300,62.67,57.10,0,2487,299/300/300/300/300/300
1700000079.500000,1,300,300,62.57,224.19,1,2532,300/300/300/286/300/300
1700000079.550000,1,300,300,62.49,55.86,0,2532,300/300/300/300/300/300
1700000079.600000,1,298,300,62.46,56.00,0,2532,298/300/300/284/300/300
1700000079.650000,1,300,300,62.44,279.28,1,2523,300/300/300/300/300/300
1700000079.700000,1,300,300,62.44,58.53,0,2523,300/300/300/300/300/300
1700000079.750000,1,300,300,62.45,55.33,0,2523,300/300/300/300/300/300
1700000079.800000,1,300,300,62.48,306.89,1,2531,300/300/300/300/300/300
1700000079.850000,1,300,300,62.51,57.69,0,2531,300/300/300/300/300/300
1700000079.900000,1,300,300,62.56,58.80,0,2531,300/300/300/300/300/300
1700000079.950000,1,300,300,62.61,230.76,1,2527,300/300/300/300/300/300
1700000080.000000,1,300,300,62.70,57.27,0,2527,300/300/300/300/300/300
1700000080.050000,1,300,300,62.77,56.13,0,2527,300/300/300/300/300/300
1700000080.100000,1,300,300,62.86,226.97,1,2514,300/300/300/300/300/300
1700000080.150000,1,300,300,62.97,59.34,0,2514,300/300/300/300/300/300
1700000080.200000,1,300,300,63.07,55.36,0,2514,300/300/300/300/300/300
1700000080.250000,1,300,300,63.19,350.98,1,2498,300/300/300/300/300/300
1700000080.300000,1,300,300,63.35,60.73,0,2498,300/300/300/300/300/300
1700000080.350000,1,300,300,63.49,56.92,0,2498,300/300/300/300/300/300
1700000080.400000,1,300,300,63.67,230.05,1,2504,300/300/300/300/300/300
1700000080.450000,1,300,300,63.85,57.92,0,2504,300/300/300/300/300/300
1700000080.500000,1,300,300,64.08,55.05,0,2504,300/300/300/300/300/300
1700000080.550000,1,300,300,64.30,334.51,1,2489,300/300/300/300/300/300
1700000080.600000,1,300,300,64.55,60.71,0,2489,300/300/300/300/300/300
1700000080.650000,1,300,300,64.81,56.05,0,2489,300/300/300/300/300/300
1700000080.700000,1,300,300,65.11,321.80,1,2461,300/300/300/300/300/300
1700000080.750000,1,300,300,65.42,59.43,0,2461,300/300/300/300/300/300
1700000080.800000,1,300,300,65.79,59.71,0,2461,300/300/300/300/300/300
1700000080.850000,1,300,300,66.16,460.85,1,2457,300/300/300/300/300/300
1700000080.900000,1,300,300,66.56,59.77,0,2457,300/300/300/300/300/300
1700000080.950000,1,300,300,66.98,61.23,0,2457,300/300/300/300/300/300
1700000081.000000,1,300,300,67.46,370.60,1,2463,300/300/300/300/300/300
1700000081.050000,1,300,300,67.95,60.27,0,2463,300/300/300/300/300/300
1700000081.100000,1,300,300,68.44,61.48,0,2463,300/300/300/300/300/300
1700000081.150000,1,300,300,68.94,333.12,1,2470,300/300/300/300/300/300
1700000081.200000,1,300,300,69.41,62.90,0,2470,300/300/300/300/300/300
1700000081.250000,1,300,300,69.87,64.93,0,2470,300/300/300/300/300/300
1700000081.300000,1,300,300,70.29,328.36,1,2499,300/300/300/300/300/300
1700000081.350000,1,300,300,70.71,65.92,0,2499,300/300/300/300/300/300
1700000081.400000,1,300,300,71.12,64.41,0,2499,300/300/300/300/300/300
1700000081.450000,1,300,300,71.57,338.52,1,2490,300/300/300/300/300/300
1700000081.500000,1,300,300,72.06,62.97,0,2490,300/300/300/300/300/300
1700000081.550000,1,300,300,72.61,64.80,0,2490,300/300/300/300/300/300
1700000081.600000,1,300,300,73.24,493.62,1,2510,300/300/300/300/300/300
1700000081.650000,1,300,300,73.99,77.12,0,2510,300/300/300/300/300/300
1700000081.700000,1,300,300,74.79,73.00,0,2510,300/300/300/300/300/300
1700000081.750000,1,300,300,75.63,394.71,1,2514,300/300/300/300/300/300
1700000081.800000,1,300,300,76.43,75.86,0,2514,300/300/300/300/300/300
1700000081.850000,1,300,300,77.16,71.52,0,2514,300/300/300/300/300/300
1700000081.900000,1,300,300,77.79,462.21,1,2512,300/300/300/300/300/300
1700000081.950000,1,270,300,78.30,73.10,0,2512,270/300/300/300/300/300
1700000082.000000,1,260,300,78.68,73.21,0,2512,260/300/300/300/300/300
1700000082.050000,1,300,300,78.76,333.78,1,2480,300/300/275/300/300/300
1700000082.100000,1,285,300,78.66,83.90,0,2480,285/300/300/300/300/300
1700000082.150000,1,300,300,78.38,86.62,0,2480,300/300/290/300/300/300
1700000082.200000,1,282,300,77.85,289.30,1,2416,282/300/300/272/300/300
1700000082.250000,1,300,300,77.07,92.13,0,2416,300/300/276/300/300/300
1700000082.300000,1,300,300,76.13,83.37,0,2416,300/300/240/300/291/300
1700000082.350000,1,300,300,75.01,277.78,1,2355,300/300/221/300/242/300
1700000082.400000,1,240,300,73.64,69.76,0,2355,240/300/300/300/224/300
1700000082.450000,1,278,300,72.04,75.37,0,2355,278/300/243/300/300/300
1700000082.500000,1,300,300,70.50,363.73,1,2326,300/300/221/300/273/300
1700000082.550000,1,300,300,69.03,75.03,0,2326,300/300/195/300/300/300
1700000082.600000,1,300,300,67.58,73.64,0,2326,300/300/196/300/300/300
1700000082.650000,1,300,300,66.20,359.04,1,2308,300/300/300/300/300/300
1700000082.700000,1,300,300,64.88,70.80,0,2308,300/300/227/300/261/300
1700000082.750000,1,300,300,63.71,65.67,0,2308,300/300/212/300/247/300
1700000082.800000,1,300,300,62.71,241.74,1,2306,300/300/204/300/238/300
1700000082.850000,1,300,300,61.85,69.08,0,2306,300/300/199/300/225/300
1700000082.900000,1,300,300,61.13,59.18,0,2306,300/300/198/300/229/300
1700000082.950000,1,300,300,60.56,308.64,1,2353,300/300/199/300/216/300
1700000083.000000,1,300,300,60.11,56.12,0,2353,300/300/200/300/300/300
1700000083.050000,1,300,300,59.78,66.11,0,2353,300/300/205/300/260/300
1700000083.100000,1,300,300,59.55,325.84,1,2451,300/300/227/300/300/300
1700000083.150000,1,300,300,59.42,64.89,0,2451,300/300/300/300/300/300
1700000083.200000,1,300,300,59.32,63.29,0,2451,300/300/300/300/300/300
1700000083.250000,1,300,300,59.25,321.38,1,2453,300/300/300/300/300/300
1700000083.300000,1,300,300,59.22,63.49,0,2453,300/300/300/300/287/300
1700000083.350000,1,300,300,59.21,62.49,0,2453,300/300/300/300/300/300
1700000083.400000,1,300,300,59.24,289.85,1,2496,300/300/300/300/300/300
1700000083.450000,1,300,300,59.29,63.03,0,2496,300/300/300/300/300/300
1700000083.500000,1,300,300,59.36,59.82,0,2496,300/300/300/300/300/300
1700000083.550000,1,300,300,59.45,222.82,1,2482,300/300/300/300/300/300
1700000083.600000,1,300,300,59.54,61.00,0,2482,300/300/300/300/300/300
1700000083.650000,1,300,300,59.64,54.92,0,2482,300/300/300/300/300/300
1700000083.700000,1,300,300,59.76,310.19,1,2525,300/300/300/300/300/300
1700000083.750000,1,300,300,59.89,58.33,0,2525,300/300/300/300/300/300
1700000083.800000,1,300,300,60.02,55.77,0,2525,300/300/300/300/300/300
1700000083.850000,1,300,300,60.15,253.61,1,2552,300/300/300/300/300/300
1700000083.900000,1,300,300,60.30,52.42,0,2552,300/300/300/300/300/300
1700000083.950000,1,300,300,60.45,57.02,0,2552,300/300/300/300/300/300
1700000084.000000,1,300,300,60.63,259.82,1,2588,300/300/300/300/300/300
1700000084.050000,1,300,300,60.80,54.03,0,2588,300/300/300/300/300/300
1700000084.100000,1,300,300,60.99,51.80,0,2588,300/300/300/300/300/300
1700000084.150000,1,300,300,61.16,297.62,1,2621,300/300/300/300/300/300
1700000084.200000,1,300,300,61.36,54.69,0,2621,300/300/300/300/300/300
1700000084.250000,1,300,300,61.55,53.19,0,2621,300/300/300/300/300/300
1700000084.300000,1,300,300,61.75,233.46,1,2643,300/300/300/300/300/300
1700000084.350000,1,300,300,61.96,51.66,0,2643,300/300/300/300/300/300
1700000084.400000,1,300,300,62.17,50.63,0,2643,300/300/300/300/300/300
1700000084.450000,1,300,300,62.39,299.35,1,2636,300/300/300/300/300/300
1700000084.500000,1,300,300,62.64,51.45,0,2636,300/300/300/300/300/300
1700000084.550000,1,300,300,62.89,49.46,0,2636,300/300/300/300/300/300
1700000084.600000,1,300,300,63.17,353.44,1,2637,300/300/300/300/300/300
1700000084.650000,1,300,300,63.46,51.16,0,2637,300/300/300/300/300/300
1700000084.700000,1,300,300,63.76,51.18,0,2637,300/300/300/300/300/300
1700000084.750000,1,300,300,64.08,317.79,1,2644,300/300/300/300/300/300
1700000084.800000,1,300,300,64.39,50.56,0,2644,300/300/300/300/300/300
1700000084.850000,1,300,300,64.71,50.60,0,2644,300/300/300/300/300/300
1700000084.900000,1,300,300,65.04,295.87,1,2648,300/300/300/300/300/300
1700000084.950000,1,300,300,65.38,49.99,0,2648,300/300/300/300/300/300
1700000085.000000,1,300,300,65.72,49.66,0,2648,300/300/300/300/300/300
1700000085.050000,1,300,300,66.08,185.09,1,2607,300/300/300/300/300/300
1700000085.100000,1,300,300,66.43,52.08,0,2607,300/300/300/300/300/300
1700000085.150000,1,300,300,66.76,50.33,0,2607,300/300/300/300/300/300
1700000085.200000,1,300,300,67.09,340.62,1,2585,300/300/300/300/300/300
1700000085.250000,1,300,300,67.42,52.52,0,2585,300/300/300/300/300/300
1700000085.300000,1,300,300,67.72,52.17,0,2585,300/300/300/300/300/300
1700000085.350000,1,300,300,68.02,330.65,1,2550,300/300/300/300/300/300
1700000085.400000,1,300,300,68.29,50.75,0,2550,300/300/300/300/300/300
1700000085.450000,1,300,300,68.54,51.09,0,2550,300/300/300/300/300/300
1700000085.500000,1,300,300,68.80,365.42,1,2525,300/300/300/300/300/300
1700000085.550000,1,300,300,69.04,51.46,0,2525,300/300/300/300/300/300
1700000085.600000,1,300,300,69.26,51.25,0,2525,300/300/300/300/300/300
1700000085.650000,1,300,300,69.43,332.27,1,2503,300/300/300/300/300/300
1700000085.700000,1,300,300,69.60,52.31,0,2503,300/300/300/300/300/300
1700000085.750000,1,300,300,69.69,48.96,0,2503,300/300/300/300/300/300
1700000085.800000,1,300,300,69.78,343.43,1,2470,300/300/300/300/300/300
1700000085.850000,1,300,300,69.83,52.84,0,2470,300/300/300/300/300/300
1700000085.900000,1,300,300,69.84,50.97,0,2470,300/300/300/300/300/300
1700000085.950000,1,300,300,69.84,343.50,1,2457,300/300/300/300/300/300
1700000086.000000,1,300,300,69.82,54.11,0,2457,300/300/300/300/300/300
1700000086.050000,1,300,300,69.78,49.86,0,2457,300/300/300/300/300/300
1700000086.100000,1,300,300,69.72,344.63,1,2458,300/300/300/300/300/300
1700000086.150000,1,300,300,69.68,52.76,0,2458,300/300/300/300/300/300
1700000086.200000,1,300,300,69.68,53.26,0,2458,300/300/300/300/300/300
1700000086.250000,1,300,300,69.66,408.47,1,2470,300/300/300/300/300/300
1700000086.300000,1,300,300,69.65,51.79,0,2470,300/300/300/300/300/300
1700000086.350000,1,300,300,69.65,55.00,0,2470,300/300/300/300/300/300
1700000086.400000,1,300,300,69.65,389.53,1,2469,300/300/300/300/300/300
1700000086.450000,1,300,300,69.69,52.33,0,2469,300/300/300/300/300/300
1700000086.500000,1,300,300,69.75,51.20,0,2469,300/300/300/300/300/300
1700000086.550000,1,300,300,69.82,433.02,1,2450,300/300/300/300/300/300
1700000086.600000,1,300,300,69.93,53.04,0,2450,300/300/300/300/300/300
1700000086.650000,1,300,300,70.04,55.02,0,2450,300/300/300/300/300/300
1700000086.700000,1,300,300,70.15,299.34,1,2442,300/300/300/300/300/300
1700000086.750000,1,300,300,70.27,53.19,0,2442,300/300/300/300/300/300
1700000086.800000,1,300,300,70.37,54.31,0,2442,300/300/300/300/300/300
1700000086.850000,1,300,300,70.48,344.21,1,2422,300/300/300/300/300/300
1700000086.900000,1,300,300,70.61,55.10,0,2422,300/300/300/300/300/300
1700000086.950000,1,300,300,70.75,56.78,0,2422,300/300/300/300/300/300
1700000087.000000,1,300,300,70.89,458.02,1,2391,300/300/300/300/300/300
1700000087.050000,1,300,300,71.05,55.40,0,2391,300/300/300/300/300/300
1700000087.100000,1,300,300,71.18,57.77,0,2391,300/300/300/300/300/300
1700000087.150000,1,300,300,71.38,282.47,1,2332,300/300/300/300/300/300
1700000087.200000,1,300,300,71.64,55.41,0,2332,300/300/300/300/300/300
1700000087.250000,1,300,300,71.92,55.43,0,2332,300/300/300/300/300/300
1700000087.300000,1,300,300,72.26,405.59,1,2324,300/300/300/300/300/300
1700000087.350000,1,300,300,72.63,60.32,0,2324,300/300/300/300/300/300
1700000087.400000,1,300,300,73.00,52.82,0,2324,300/300/300/300/300/300
1700000087.450000,1,300,300,73.41,286.64,1,2288,300/300/300/300/300/300
1700000087.500000,1,300,300,73.83,63.85,0,2288,300/300/300/300/300/300
1700000087.550000,1,300,300,74.29,66.36,0,2288,300/300/300/300/300/300
1700000087.600000,1,300,300,74.75,327.60,1,2262,300/300/300/300/300/300
1700000087.650000,1,300,300,75.23,56.11,0,2262,300/300/300/300/300/300
1700000087.700000,1,300,300,75.72,62.61,0,2262,300/300/300/300/300/300
1700000087.750000,1,300,300,76.22,336.85,1,2247,300/300/300/300/300/300
1700000087.800000,1,300,300,76.76,63.42,0,2247,300/300/300/300/300/300
1700000087.850000,1,300,300,77.31,60.20,0,2247,300/300/300/299/300/300
1700000087.900000,1,300,300,77.87,183.10,1,2213,300/300/300/300/300/300
1700000087.950000,1,300,300,78.46,63.66,0,2213,300/300/300/300/300/300
1700000088.000000,1,300,300,79.09,60.69,0,2213,300/300/300/300/300/300
1700000088.050000,1,300,300,79.74,241.33,1,2194,300/300/300/300/300/300
1700000088.100000,1,300,300,80.41,59.14,0,2194,300/300/300/300/300/300
1700000088.150000,1,300,300,81.10,62.90,0,2194,300/300/300/300/300/300
1700000088.200000,1,300,300,81.83,239.17,1,2197,300/300/300/300/300/300
1700000088.250000,1,300,300,82.57,64.26,0,2197,300/300/300/297/300/300
1700000088.300000,1,300,300,83.30,56.83,0,2197,300/300/300/293/300/300
1700000088.350000,1,300,300,84.07,197.25,1,2206,300/300/300/290/300/300
1700000088.400000,1,300,300,84.83,61.52,0,2206,300/300/300/291/300/300
1700000088.450000,1,300,300,85.60,60.35,0,2206,300/300/300/289/300/291
1700000088.500000,1,300,300,86.36,199.92,1,2218,300/300/300/300/293/300
1700000088.550000,1,300,300,87.12,63.98,0,2218,300/300/300/300/285/289
1700000088.600000,1,300,300,87.88,63.25,0,2218,300/300/300/300/284/300
1700000088.650000,1,300,300,88.64,313.86,1,2222,300/300/300/300/284/300
1700000088.700000,1,300,300,89.37,67.94,0,2222,300/300/300/300/300/300
1700000088.750000,1,300,300,90.07,65.26,0,2222,300/300/300/300/300/300
1700000088.800000,1,300,300,90.75,309.04,1,2234,300/300/300/300/300/300
1700000088.850000,1,300,300,91.38,59.13,0,2234,300/300/300/300/300/300
1700000088.900000,1,300,300,91.97,59.05,0,2234,300/300/300/300/300/300
1700000088.950000,1,300,300,92.50,290.24,1,2249,300/300/300/300/300/300
1700000089.000000,1,300,300,92.96,63.69,0,2249,300/300/300/300/300/300
1700000089.050000,1,300,300,93.34,63.82,0,2249,300/300/300/300/300/300
1700000089.100000,1,300,300,93.64,279.59,1,2281,300/300/300/300/300/300
1700000089.150000,1,300,300,93.81,60.60,0,2281,300/300/300/300/300/300
1700000089.200000,1,300,300,93.89,62.50,0,2281,300/300/300/300/300/300
1700000089.250000,1,300,300,93.88,305.38,1,2315,300/300/300/300/300/300
1700000089.300000,1,300,300,93.79,60.44,0,2315,300/300/300/300/300/300
1700000089.350000,1,300,300,93.60,59.26,0,2315,300/300/300/300/300/300
1700000089.400000,1,300,300,93.33,286.04,1,2333,300/300/300/300/300/296
1700000089.450000,1,300,300,92.95,55.13,0,2333,300/300/300/300/300/300
1700000089.500000,1,300,300,92.53,59.36,0,2333,300/300/300/300/300/300
1700000089.550000,1,300,300,92.08,204.73,1,2394,300/300/300/300/300/300
1700000089.600000,1,300,300,91.58,61.70,0,2394,300/300/300/300/300/300
1700000089.650000,1,300,300,91.05,60.95,0,2394,300/300/300/300/300/300
1700000089.700000,1,300,300,90.49,320.77,1,2424,300/300/300/300/300/300
1700000089.750000,1,300,300,89.89,57.32,0,2424,300/300/300/300/300/300
1700000089.800000,1,300,300,89.29,58.46,0,2424,300/300/300/300/300/300
1700000089.850000,1,300,300,88.67,182.41,1,2491,300/300/300/300/300/300
1700000089.900000,1,300,300,88.08,60.49,0,2491,300/300/300/300/300/300
1700000089.950000,1,300,300,87.52,56.34,0,2491,300/300/300/300/300/292
1700000090.000000,1,300,300,86.96,218.37,1,2516,300/300/300/300/300/300
1700000090.050000,1,300,300,86.42,58.33,0,2516,300/300/300/300/300/300
1700000090.100000,1,300,300,85.92,56.75,0,2516,300/300/300/300/300/300
1700000090.150000,1,300,300,85.44,318.56,1,2550,300/300/300/300/300/300
1700000090.200000,1,300,300,84.97,57.32,0,2550,300/300/300/300/300/300
1700000090.250000,1,300,300,84.54,53.55,0,2550,300/300/300/300/300/300
1700000090.300000,1,300,300,84.12,215.44,1,2581,300/300/300/300/300/300
1700000090.350000,1,300,300,83.72,55.83,0,2581,300/300/300/300/300/300
1700000090.400000,1,300,300,83.34,65.79,0,2581,300/300/300/300/300/300
1700000090.450000,1,300,300,82.97,290.73,1,2616,300/300/300/300/300/300
1700000090.500000,1,300,300,82.63,64.75,0,2616,300/300/300/300/300/300
1700000090.550000,1,300,300,82.31,66.21,0,2616,300/300/300/300/300/300
1700000090.600000,1,300,300,82.00,218.84,1,2640,300/300/300/300/300/300
1700000090.650000,1,300,300,81.71,53.93,0,2640,300/300/300/300/300/300
1700000090.700000,1,300,300,81.42,50.80,0,2640,300/300/300/300/300/300
1700000090.750000,1,300,300,81.16,351.79,1,2632,300/300/300/300/300/300
1700000090.800000,1,300,300,80.89,49.57,0,2632,300/300/300/300/300/300
1700000090.850000,1,300,300,80.65,51.80,0,2632,300/300/300/300/300/300
1700000090.900000,1,300,300,80.40,220.83,1,2642,300/300/300/300/300/300
1700000090.950000,1,300,300,80.16,51.47,0,2642,300/300/300/300/300/300
1700000091.000000,1,300,300,79.92,52.85,0,2642,300/300/300/300/300/300
1700000091.050000,1,300,300,79.69,306.89,1,2634,300/300/300/300/300/300
1700000091.100000,1,300,300,79.47,62.87,0,2634,300/300/300/300/300/300
1700000091.150000,1,300,300,79.27,49.17,0,2634,300/300/300/300/300/300
1700000091.200000,1,300,300,79.08,303.15,1,2677,300/300/300/300/300/300
1700000091.250000,1,300,300,78.89,50.03,0,2677,300/300/300/300/300/300
1700000091.300000,1,300,300,78.71,46.57,0,2677,300/300/300/300/300/300
1700000091.350000,1,300,300,78.54,314.09,1,2635,300/300/300/300/300/300
1700000091.400000,1,300,300,78.38,47.67,0,2635,300/300/300/300/300/300
1700000091.450000,1,300,300,78.20,48.52,0,2635,300/300/300/300/300/300
1700000091.500000,1,300,300,78.05,360.54,1,2628,300/300/300/300/300/300
1700000091.550000,1,300,300,77.89,49.99,0,2628,300/300/300/300/300/300
1700000091.600000,1,300,300,77.74,49.76,0,2628,300/300/300/300/300/300
1700000091.650000,1,300,300,77.60,352.25,1,2594,300/300/300/300/300/300
1700000091.700000,1,300,300,77.46,47.18,0,2594,300/300/300/300/300/300
1700000091.750000,1,300,300,77.32,47.48,0,2594,300/300/300/300/300/300
1700000091.800000,1,300,300,77.18,322.06,1,2582,300/300/300/300/300/300
1700000091.850000,1,300,300,77.04,47.88,0,2582,300/300/300/300/300/300
1700000091.900000,1,300,300,76.91,46.44,0,2582,300/300/300/300/300/300
1700000091.950000,1,300,300,76.77,379.16,1,2560,300/300/300/300/300/300
1700000092.000000,1,300,300,76.64,46.53,0,2560,300/300/300/300/300/300
1700000092.050000,1,300,300,76.50,47.07,0,2560,300/300/300/300/300/300
1700000092.100000,1,300,300,76.36,330.07,1,2524,300/300/300/300/300/300
1700000092.150000,1,300,300,76.25,47.14,0,2524,300/300/300/300/300/300
1700000092.200000,1,300,300,76.10,45.77,0,2524,300/300/300/300/300/300
1700000092.250000,1,300,300,75.97,359.79,1,2519,300/300/300/300/300/300
1700000092.300000,1,300,300,75.84,46.22,0,2519,300/300/300/300/300/300
1700000092.350000,1,300,300,75.69,45.67,0,2519,300/300/300/300/300/300
1700000092.400000,1,300,300,75.56,334.99,1,2485,300/300/300/300/300/300
1700000092.450000,1,300,300,75.42,46.90,0,2485,300/300/300/300/300/300
1700000092.500000,1,300,300,75.29,45.70,0,2485,300/300/300/300/300/300
1700000092.550000,1,300,300,75.13,301.57,1,2454,300/300/300/300/300/300
1700000092.600000,1,300,300,75.00,47.76,0,2454,300/300/300/300/300/300
1700000092.650000,1,300,300,74.84,46.49,0,2454,300/300/300/300/300/300
1700000092.700000,1,300,300,74.70,336.66,1,2421,300/300/300/300/300/300
1700000092.750000,1,300,300,74.56,47.28,0,2421,300/300/300/300/300/300
1700000092.800000,1,300,300,74.42,45.03,0,2421,300/300/300/300/300/300
1700000092.850000,1,300,300,74.26,240.21,1,2407,300/300/300/300/300/300
1700000092.900000,1,300,300,74.12,45.32,0,2407,300/300/300/300/300/300
1700000092.950000,1,300,300,73.96,44.81,0,2407,300/300/300/300/300/300
1700000093.000000,1,300,300,73.80,241.39,1,2381,300/300/300/300/300/300
1700000093.050000,1,300,300,73.65,46.97,0,2381,300/300/300/300/300/300
1700000093.100000,1,300,300,73.49,44.98,0,2381,300/300/300/300/300/300
1700000093.150000,1,300,300,73.33,349.81,1,2349,300/300/300/300/300/300
1700000093.200000,1,300,300,73.15,57.74,0,2349,300/300/300/300/300/300
1700000093.250000,1,300,300,72.99,53.06,0,2349,300/300/300/300/300/300
1700000093.300000,1,300,300,72.81,333.45,1,2308,300/300/300/300/300/300
1700000093.350000,1,300,300,72.63,46.31,0,2308,300/300/300/300/300/300
1700000093.400000,1,300,300,72.46,46.18,0,2308,300/300/300/300/300/300
1700000093.450000,1,300,300,72.28,327.03,1,2286,300/300/300/300/300/300
1700000093.500000,1,300,300,72.10,46.50,0,2286,300/300/300/300/300/300
1700000093.550000,1,300,300,71.91,45.70,0,2286,300/300/300/300/300/300
1700000093.600000,1,300,300,71.70,413.12,1,2223,300/300/300/300/300/300
1700000093.650000,1,300,300,71.51,45.66,0,2223,300/300/300/300/300/300
1700000093.700000,1,300,300,71.33,45.74,0,2223,300/300/300/300/300/300
1700000093.750000,1,300,300,71.12,332.75,1,2196,300/300/300/300/300/300
1700000093.800000,1,300,300,70.91,46.95,0,2196,300/300/300/300/300/300
1700000093.850000,1,300,300,70.72,45.06,0,2196,300/300/300/300/300/300
1700000093.900000,1,300,300,70.50,349.37,1,2145,300/300/300/300/300/300
1700000093.950000,1,300,300,70.29,47.02,0,2145,300/300/300/300/300/300
1700000094.000000,1,300,300,70.07,46.04,0,2145,300/300/300/300/300/300
1700000094.050000,1,300,300,69.83,241.86,1,2118,300/300/300/300/300/300
1700000094.100000,1,300,300,69.60,48.52,0,2118,300/300/300/300/300/300
1700000094.150000,1,300,300,69.37,47.45,0,2118,300/300/300/300/300/300
1700000094.200000,1,300,300,69.14,239.37,1,2064,300/300/300/300/300/300
1700000094.250000,1,300,300,68.91,46.98,0,2064,300/300/300/300/300/300
1700000094.300000,1,300,300,68.67,47.77,0,2064,300/300/300/300/300/300
1700000094.350000,1,300,300,68.44,457.46,1,2035,300/300/300/300/300/300
1700000094.400000,1,300,300,68.19,46.87,0,2035,300/300/300/300/300/300
1700000094.450000,1,300,300,67.94,46.92,0,2035,300/300/300/300/300/300
1700000094.500000,1,300,300,67.70,326.31,1,2015,300/300/300/300/300/300
1700000094.550000,1,300,300,67.46,49.75,0,2015,300/300/300/300/300/300
1700000094.600000,1,300,300,67.22,50.33,0,2015,300/300/300/300/300/300
1700000094.650000,1,300,300,66.97,333.60,1,1976,300/300/300/300/300/300
1700000094.700000,1,300,300,66.72,48.06,0,1976,300/300/300/300/300/300
1700000094.750000,1,300,300,66.48,49.12,0,1976,300/300/300/300/300/300
1700000094.800000,1,300,300,66.24,326.22,1,1968,300/300/300/300/300/300
1700000094.850000,1,300,300,65.98,48.84,0,1968,300/300/300/300/300/300
1700000094.900000,1,300,300,65.75,48.47,0,1968,300/300/300/300/300/300
1700000094.950000,1,300,300,65.51,330.65,1,1960,300/300/300/300/300/300
1700000095.000000,1,300,300,65.27,57.53,0,1960,300/300/300/300/300/300
1700000095.050000,1,300,300,65.03,48.30,0,1960,300/300/300/300/300/300
1700000095.100000,1,300,300,64.80,325.41,1,1943,300/300/300/300/300/300
1700000095.150000,1,300,300,64.57,48.71,0,1943,300/300/300/300/300/300
1700000095.200000,1,300,300,64.35,49.98,0,1943,300/300/300/300/300/300
1700000095.250000,1,300,300,64.12,321.97,1,1895,300/300/300/300/300/300
1700000095.300000,1,300,300,63.90,48.50,0,1895,300/300/300/300/300/300
1700000095.350000,1,300,300,63.68,53.51,0,1895,300/300/300/300/300/300
1700000095.400000,1,300,300,63.46,310.17,1,1903,300/300/300/300/300/300
1700000095.450000,1,300,300,63.24,49.71,0,1903,300/300/300/300/300/300
1700000095.500000,1,300,300,63.02,52.30,0,1903,300/300/300/300/300/300
1700000095.550000,1,300,300,62.80,308.52,1,1897,300/300/300/300/300/300
1700000095.600000,1,300,300,62.60,49.27,0,1897,300/300/300/300/300/300
1700000095.650000,1,300,300,62.38,49.05,0,1897,300/300/300/300/300/300
1700000095.700000,1,300,300,62.19,359.72,1,1915,300/300/300/300/300/300
1700000095.750000,1,300,300,61.98,51.99,0,1915,300/300/300/300/300/300
1700000095.800000,1,300,300,61.77,50.32,0,1915,300/300/300/300/300/300
1700000095.850000,1,300,300,61.58,213.83,1,1891,300/300/300/300/300/300
1700000095.900000,1,300,300,61.39,49.77,0,1891,300/300/300/300/300/300
1700000095.950000,1,300,300,61.18,50.93,0,1891,300/300/300/300/300/300
1700000096.000000,1,300,300,60.99,231.47,1,1901,300/300/300/300/300/300
1700000096.050000,1,300,300,60.81,64.72,0,1901,300/300/300/300/300/300
1700000096.100000,1,300,300,60.61,65.25,0,1901,300/300/300/300/300/300
1700000096.150000,1,300,300,60.42,319.82,1,1884,300/300/300/300/300/300
1700000096.200000,1,300,300,60.23,65.75,0,1884,300/300/300/300/300/300
1700000096.250000,1,300,300,60.05,63.23,0,1884,300/300/300/300/300/300
1700000096.300000,1,300,300,59.88,360.19,1,1860,300/300/300/300/300/300
1700000096.350000,1,300,300,59.71,66.97,0,1860,300/300/300/300/300/300
1700000096.400000,1,300,300,59.54,57.64,0,1860,300/300/300/300/300/300
1700000096.450000,1,300,300,59.38,358.99,1,1894,300/300/300/300/300/300
1700000096.500000,1,300,300,59.22,53.91,0,1894,300/300/300/300/300/300
1700000096.550000,1,300,300,59.08,54.98,0,1894,300/300/300/300/300/300
1700000096.600000,1,300,300,58.92,253.00,1,1908,300/300/300/300/300/300
1700000096.650000,1,300,300,58.78,54.11,0,1908,300/300/300/300/300/300
1700000096.700000,1,300,300,58.64,52.47,0,1908,300/300/300/300/300/300
1700000096.750000,1,300,300,58.50,260.99,1,1948,300/300/300/300/300/300
1700000096.800000,1,300,300,58.37,62.29,0,1948,300/300/300/300/300/300
1700000096.850000,1,300,300,58.24,54.19,0,1948,300/300/300/300/300/300
1700000096.900000,1,300,300,58.12,398.05,1,1943,300/300/300/300/300/300
1700000096.950000,1,300,300,58.01,54.24,0,1943,300/300/300/300/300/300
1700000097.000000,1,300,300,57.91,70.11,0,1943,300/300/300/300/300/300
1700000097.050000,1,300,300,57.80,341.99,1,1958,300/300/300/300/300/300
1700000097.100000,1,300,300,57.72,68.58,0,1958,300/300/300/300/300/300
1700000097.150000,1,300,300,57.64,69.31,0,1958,300/300/300/300/300/300
1700000097.200000,1,300,300,57.57,346.63,1,2006,300/300/300/300/300/300
1700000097.250000,1,300,300,57.50,64.92,0,2006,300/300/300/300/300/300
1700000097.300000,1,300,300,57.45,54.38,0,2006,300/300/300/300/300/300
1700000097.350000,1,300,300,57.41,291.88,1,2032,300/300/300/300/300/300
1700000097.400000,1,300,300,57.38,69.58,0,2032,300/300/300/300/300/300
1700000097.450000,1,300,300,57.34,64.97,0,2032,300/300/300/300/300/300
1700000097.500000,1,300,300,57.33,303.00,1,2074,300/300/300/300/300/300
1700000097.550000,1,300,300,57.32,59.50,0,2074,300/300/300/300/300/300
1700000097.600000,1,300,300,57.35,57.47,0,2074,300/300/300/300/300/300
1700000097.650000,1,300,300,57.37,222.64,1,2096,300/300/300/300/300/300
1700000097.700000,1,300,300,57.41,61.84,0,2096,300/300/300/300/300/300
1700000097.750000,1,300,300,57.45,56.00,0,2096,300/300/300/300/300/300
1700000097.800000,1,300,300,57.53,216.01,1,2113,300/300/300/300/300/300
1700000097.850000,1,300,300,57.61,59.30,0,2113,300/300/300/300/300/300
1700000097.900000,1,300,300,57.69,59.05,0,2113,300/300/300/300/300/300
1700000097.950000,1,300,300,57.80,215.30,1,2101,300/300/300/300/300/300
1700000098.000000,1,300,300,57.93,55.79,0,2101,300/300/300/300/300/300
1700000098.050000,1,300,300,58.07,59.07,0,2101,300/300/300/300/300/300
1700000098.100000,1,300,300,58.22,299.73,1,2118,300/300/300/300/300/300
1700000098.150000,1,300,300,58.41,59.40,0,2118,300/300/300/300/300/300
1700000098.200000,1,300,300,58.62,58.18,0,2118,300/300/300/300/300/300
1700000098.250000,1,300,300,58.84,332.87,1,2139,300/300/300/300/300/300
1700000098.300000,1,300,300,59.12,59.38,0,2139,300/300/300/300/300/300
1700000098.350000,1,300,300,59.40,61.48,0,2139,300/300/300/300/300/300
1700000098.400000,1,300,300,59.73,283.08,1,2144,300/300/300/300/300/300
1700000098.450000,1,300,300,60.09,59.48,0,2144,300/300/300/300/300/300
1700000098.500000,1,300,300,60.51,58.23,0,2144,300/300/300/300/300/300
1700000098.550000,1,300,300,60.95,216.61,1,2139,300/300/300/300/300/300
1700000098.600000,1,300,300,61.45,64.83,0,2139,300/300/300/300/300/300
1700000098.650000,1,300,300,62.00,59.25,0,2139,300/300/300/300/300/300
1700000098.700000,1,300,300,62.58,220.09,1,2168,300/300/300/300/300/300
1700000098.750000,1,285,300,63.19,64.02,0,2168,285/300/300/300/300/300
1700000098.800000,1,269,300,63.86,63.15,0,2168,269/300/300/300/300/300
1700000098.850000,1,268,300,64.55,218.92,1,2162,268/300/300/300/300/283
1700000098.900000,1,294,300,65.32,59.77,0,2162,294/300/300/300/300/300
1700000098.950000,1,288,300,66.14,60.86,0,2162,288/300/300/300/300/300
1700000099.000000,1,258,300,67.05,335.90,1,2170,258/300/300/300/300/300
1700000099.050000,1,253,300,68.02,57.44,0,2170,253/300/300/300/300/300
1700000099.100000,1,245,300,69.16,61.69,0,2170,245/300/300/300/300/275
1700000099.150000,1,230,300,70.48,239.53,1,2190,230/300/300/300/300/300
1700000099.200000,1,211,300,72.24,63.54,0,2190,211/300/300/300/300/262
1700000099.250000,1,202,300,74.37,58.19,0,2190,202/300/300/300/300/253
1700000099.300000,1,193,300,76.79,236.98,1,2201,193/300/300/300/300/230
1700000099.350000,1,181,300,79.40,64.25,0,2201,181/300/293/230/300/300
1700000099.400000,1,183,300,81.86,54.91,0,2201,183/300/285/204/300/249
1700000099.450000,1,184,300,83.68,274.36,1,2174,184/300/295/198/300/300
1700000099.500000,1,178,289,84.99,60.35,0,2174,178/289/275/181/300/256
1700000099.550000,1,172,279,85.07,58.29,0,2174,172/279/268/169/275/248
1700000099.600000,1,165,300,83.40,308.18,1,2160,165/300/253/174/266/241
1700000099.650000,1,154,300,78.91,63.08,0,2160,154/300/240/271/259/242
1700000099.700000,1,159,300,72.47,62.41,0,2160,159/300/240/300/252/291
1700000099.750000,1,242,300,67.00,364.44,1,2119,242/300/264/300/272/300
1700000099.800000,1,300,300,62.26,145.29,0,2119,300/300/300/210/300/300
1700000099.850000,1,300,300,57.34,84.27,0,2119,300/300/300/285/300/121
1700000099.900000,1,300,300,56.89,364.14,1,2090,300/300/300/300/286/100
1700000099.950000,1,286,300,57.24,77.78,0,2090,286/300/276/300/105/180
1700000100.000000,1,300,300,60.32,88.15,0,2090,300/300/300/300/103/114
1700000100.050000,1,243,300,62.41,223.56,1,2103,243/300/300/300/89/300
1700000100.100000,1,225,300,63.89,142.59,0,2103,225/300/300/263/300/300
1700000100.150000,1,300,300,64.72,188.25,0,2103,300/300/300/246/240/300
1700000100.200000,1,300,300,64.94,283.39,1,2124,300/300/150/300/235/300
1700000100.250000,1,300,300,64.89,97.51,0,2124,300/300/122/284/224/300
1700000100.300000,1,300,300,64.67,65.69,0,2124,300/300/300/273/204/300
1700000100.350000,1,300,300,64.23,224.58,1,2170,300/300/300/228/198/300
1700000100.400000,1,272,300,63.76,66.95,0,2170,272/300/300/215/192/300
1700000100.450000,1,300,300,63.36,64.54,0,2170,300/300/300/188/188/300
1700000100.500000,1,280,300,63.07,211.57,1,2246,280/300/300/300/191/300
1700000100.550000,1,265,300,62.97,69.05,0,2246,265/300/300/226/300/300
1700000100.600000,1,264,300,63.04,65.63,0,2246,264/300/300/218/300/300
1700000100.650000,1,300,300,63.42,212.13,1,2291,300/300/300/300/300/300
1700000100.700000,1,300,300,63.91,62.14,0,2291,300/300/300/264/300/300
1700000100.750000,1,300,300,64.41,60.77,0,2291,300/300/264/300/300/300
1700000100.800000,1,300,300,64.94,268.61,1,2329,300/300/261/300/258/300
1700000100.850000,1,300,300,65.46,57.22,0,2329,300/300/250/265/300/300
1700000100.900000,1,300,300,65.96,52.80,0,2329,300/300/246/300/275/300
1700000100.950000,1,300,300,66.50,210.30,1,2420,300/300/245/278/300/300
1700000101.000000,1,300,300,66.99,53.69,0,2420,300/300/239/264/300/300
1700000101.050000,1,300,300,67.45,52.75,0,2420,300/300/236/257/300/300
1700000101.100000,1,300,300,67.90,337.52,1,2440,300/300/231/300/300/300
1700000101.150000,1,300,300,68.35,54.93,0,2440,300/300/234/300/300/300
1700000101.200000,1,298,300,68.80,55.59,0,2440,298/300/300/300/300/300
1700000101.250000,1,300,300,69.23,195.92,1,2437,300/300/291/300/300/300
1700000101.300000,1,300,300,69.57,55.80,0,2437,300/300/300/300/300/300
1700000101.350000,1,300,300,69.86,55.22,0,2437,300/300/300/300/300/300
1700000101.400000,1,300,300,70.06,291.26,1,2456,300/300/300/300/300/300
1700000101.450000,1,300,300,70.19,56.16,0,2456,300/300/300/300/300/300
1700000101.500000,1,300,300,70.29,54.92,0,2456,300/300/300/300/300/300
1700000101.550000,1,300,300,70.35,301.67,1,2445,300/300/300/292/300/300
1700000101.600000,1,300,300,70.37,54.91,0,2445,300/300/300/300/300/300
1700000101.650000,1,281,300,70.35,52.99,0,2445,281/300/300/292/300/300
1700000101.700000,1,300,300,70.29,290.51,1,2453,300/300/300/299/300/300
1700000101.750000,1,300,300,70.21,58.23,0,2453,300/300/300/300/300/300
1700000101.800000,1,300,300,70.13,55.04,0,2453,300/300/300/300/300/300
1700000101.850000,1,300,300,70.07,272.30,1,2443,300/300/300/300/300/300
1700000101.900000,1,300,300,70.02,53.80,0,2443,300/300/300/300/300/300
1700000101.950000,1,300,300,69.97,53.28,0,2443,300/300/300/300/300/300
1700000102.000000,1,300,300,69.95,309.09,1,2480,300/300/300/300/300/300
1700000102.050000,1,300,300,69.94,54.79,0,2480,300/300/300/300/300/300
1700000102.100000,1,300,300,69.96,50.09,0,2480,300/300/300/300/300/300
1700000102.150000,1,300,300,69.99,287.01,1,2478,300/300/300/300/300/300
1700000102.200000,1,300,300,70.04,56.74,0,2478,300/300/300/300/300/300
1700000102.250000,1,300,300,70.13,56.63,0,2478,300/300/300/300/300/300
1700000102.300000,1,300,300,70.23,326.24,1,2456,300/300/300/300/300/300
1700000102.350000,1,300,300,70.33,55.48,0,2456,300/300/300/300/300/300
1700000102.400000,1,300,300,70.41,52.19,0,2456,300/300/300/300/298/300
1700000102.450000,1,300,300,70.50,207.69,1,2458,300/300/300/300/300/300
1700000102.500000,1,300,300,70.62,55.35,0,2458,300/300/300/300/300/300
1700000102.550000,1,300,300,70.70,55.12,0,2458,300/300/300/300/300/300
1700000102.600000,1,300,300,70.81,257.86,1,2473,300/300/300/300/300/300
1700000102.650000,1,300,300,70.92,55.41,0,2473,300/300/300/300/300/300
1700000102.700000,1,300,300,71.04,52.67,0,2473,300/300/300/300/300/300
1700000102.750000,1,300,300,71.18,308.10,1,2458,300/300/300/300/300/300
1700000102.800000,1,300,300,71.31,50.22,0,2458,300/300/300/300/300/300
1700000102.850000,1,300,300,71.45,55.34,0,2458,300/300/300/300/300/300
1700000102.900000,1,300,300,71.60,347.22,1,2467,300/300/300/300/300/300
1700000102.950000,1,300,300,71.75,52.75,0,2467,300/300/300/300/300/300
1700000103.000000,1,300,300,71.90,50.35,0,2467,300/300/300/300/300/300
1700000103.050000,1,300,300,72.05,359.00,1,2485,300/300/300/300/300/300
1700000103.100000,1,300,300,72.23,52.72,0,2485,300/300/300/300/300/300
1700000103.150000,1,300,300,72.42,52.31,0,2485,300/300/300/300/300/300
1700000103.200000,1,300,300,72.69,317.55,1,2484,300/300/300/300/300/300
1700000103.250000,1,300,300,72.96,53.87,0,2484,300/300/300/300/300/300
1700000103.300000,1,300,300,73.26,54.23,0,2484,300/300/300/300/300/300
1700000103.350000,1,300,300,73.54,360.39,1,2470,300/300/300/300/300/300
1700000103.400000,1,300,300,73.83,50.38,0,2470,300/300/300/300/300/300
1700000103.450000,1,300,300,74.09,53.21,0,2470,300/300/300/300/300/300
1700000103.500000,1,300,300,74.39,333.23,1,2500,300/300/300/300/300/300
1700000103.550000,1,300,300,74.66,51.66,0,2500,300/300/300/300/300/300
1700000103.600000,1,300,300,74.94,51.34,0,2500,300/300/300/300/300/297
1700000103.650000,1,300,300,75.23,403.73,1,2500,300/300/300/300/300/300
1700000103.700000,1,300,300,75.51,51.49,0,2500,300/300/300/300/300/300
1700000103.750000,1,300,300,75.79,49.29,0,2500,300/300/300/300/300/300
1700000103.800000,1,300,300,76.06,432.80,1,2542,300/300/300/300/300/300
1700000103.850000,1,300,300,76.33,63.13,0,2542,300/300/300/300/300/300
1700000103.900000,1,300,300,76.60,49.16,0,2542,300/300/300/300/300/300
1700000103.950000,1,300,300,76.86,358.96,1,2599,300/300/300/300/300/300
1700000104.000000,1,300,300,77.11,50.48,0,2599,300/300/300/300/300/300
1700000104.050000,1,300,300,77.37,48.88,0,2599,300/300/300/300/300/300
1700000104.100000,1,300,300,77.61,472.75,1,2566,300/300/300/300/300/300
1700000104.150000,1,300,300,77.86,53.54,0,2566,300/300/300/300/300/300
1700000104.200000,1,300,300,78.09,59.82,0,2566,300/300/300/300/300/300
1700000104.250000,1,300,300,78.33,449.05,1,2571,300/300/300/300/300/300
1700000104.300000,1,300,300,78.56,62.53,0,2571,300/300/300/300/300/300
1700000104.350000,1,300,300,78.79,59.40,0,2571,300/300/300/300/300/300
1700000104.400000,1,300,300,78.98,434.95,1,2544,300/300/300/300/300/300
1700000104.450000,1,300,300,79.20,47.89,0,2544,300/300/300/300/300/300
1700000104.500000,1,300,300,79.40,51.68,0,2544,300/300/300/300/300/300
1700000104.550000,1,300,300,79.60,394.60,1,2495,300/300/300/300/300/300
1700000104.600000,1,300,300,79.79,50.48,0,2495,300/300/300/300/300/300
1700000104.650000,1,300,300,79.98,48.82,0,2495,300/300/300/300/300/300
1700000104.700000,1,300,300,80.15,338.45,1,2474,300/300/300/300/300/300
1700000104.750000,1,300,300,80.32,48.58,0,2474,300/300/300/300/300/300
1700000104.800000,1,300,300,80.49,48.47,0,2474,300/300/300/300/300/300
1700000104.850000,1,300,300,80.64,433.31,1,2441,300/300/300/300/300/300
1700000104.900000,1,300,300,80.81,48.69,0,2441,300/300/300/300/300/300
1700000104.950000,1,300,300,80.95,47.97,0,2441,300/300/300/300/300/300
1700000105.000000,1,300,300,81.10,342.79,1,2366,300/300/300/300/300/300
1700000105.050000,1,300,300,81.23,49.02,0,2366,300/300/300/300/300/300
1700000105.100000,1,300,300,81.36,48.03,0,2366,300/300/300/300/300/300
1700000105.150000,1,300,300,81.48,221.18,1,2333,300/300/300/300/300/300
1700000105.200000,1,300,300,81.60,46.75,0,2333,300/300/300/300/300/300
1700000105.250000,1,300,300,81.72,47.57,0,2333,300/300/300/300/300/300
1700000105.300000,1,300,300,81.82,305.72,1,2312,300/300/300/300/300/300
1700000105.350000,1,300,300,81.94,50.32,0,2312,300/300/300/300/300/300
1700000105.400000,1,300,300,82.04,45.54,0,2312,300/300/300/300/300/300
1700000105.450000,1,300,300,82.12,410.38,1,2280,300/300/300/300/300/300
1700000105.500000,1,300,300,82.22,48.14,0,2280,300/300/300/300/300/300
1700000105.550000,1,300,300,82.30,47.33,0,2280,300/300/300/300/300/300
1700000105.600000,1,300,300,82.38,300.69,1,2262,300/300/300/300/300/300
1700000105.650000,1,300,300,82.44,46.44,0,2262,300/300/300/300/300/300
1700000105.700000,1,300,300,82.50,47.56,0,2262,300/300/300/300/300/300
1700000105.750000,1,300,300,82.57,324.72,1,2239,300/300/300/300/300/300
1700000105.800000,1,300,300,82.62,45.71,0,2239,300/300/300/300/300/300
1700000105.850000,1,300,300,82.66,50.08,0,2239,300/300/300/300/300/300
1700000105.900000,1,300,300,82.71,306.73,1,2218,300/300/300/300/300/300
1700000105.950000,1,300,300,82.73,46.56,0,2218,300/300/300/300/300/300
1700000106.000000,1,300,300,82.77,47.12,0,2218,300/300/300/300/300/300
1700000106.050000,1,300,300,82.80,405.18,1,2194,300/300/300/300/300/300
1700000106.100000,1,300,300,82.82,47.49,0,2194,300/300/300/300/300/300
1700000106.150000,1,300,300,82.83,47.61,0,2194,300/300/300/300/300/300
1700000106.200000,1,300,300,82.85,416.36,1,2187,300/300/300/300/300/300
1700000106.250000,1,300,300,82.86,49.05,0,2187,300/300/300/300/300/300
1700000106.300000,1,300,300,82.86,46.82,0,2187,300/300/300/300/300/300
1700000106.350000,1,300,300,82.86,425.21,1,2190,300/300/300/300/300/300
1700000106.400000,1,300,300,82.85,49.61,0,2190,300/300/300/300/300/300
1700000106.450000,1,300,300,82.84,46.99,0,2190,300/300/300/300/300/300
1700000106.500000,1,300,300,82.83,221.58,1,2166,300/300/300/300/300/300
1700000106.550000,1,300,300,82.80,47.61,0,2166,300/300/300/300/300/300
1700000106.600000,1,300,300,82.76,48.11,0,2166,300/300/300/300/300/300
1700000106.650000,1,300,300,82.73,310.91,1,2126,300/300/300/300/300/300
1700000106.700000,1,300,300,82.71,47.83,0,2126,300/300/300/300/300/300
1700000106.750000,1,300,300,82.65,49.72,0,2126,300/300/300/300/300/300
1700000106.800000,1,300,300,82.61,363.62,1,2132,300/300/300/300/300/300
1700000106.850000,1,300,300,82.55,47.58,0,2132,300/300/300/300/300/300
1700000106.900000,1,300,300,82.50,48.79,0,2132,300/300/300/300/300/300
1700000106.950000,1,300,300,82.44,313.17,1,2116,300/300/300/300/300/300
1700000107.000000,1,300,300,82.38,47.04,0,2116,300/300/300/300/300/300
1700000107.050000,1,300,300,82.32,47.89,0,2116,300/300/300/300/300/300
1700000107.100000,1,300,300,82.26,317.07,1,2097,300/300/300/300/300/300
1700000107.150000,1,300,300,82.18,50.72,0,2097,300/300/300/300/300/300
1700000107.200000,1,300,300,82.11,48.52,0,2097,300/300/300/300/300/300
1700000107.250000,1,300,300,82.02,429.57,1,2094,300/300/300/300/300/300
1700000107.300000,1,300,300,81.95,48.25,0,2094,300/300/300/300/300/300
1700000107.350000,1,300,300,81.87,47.28,0,2094,300/300/300/300/300/300
1700000107.400000,1,300,300,81.79,277.41,1,2084,300/300/300/300/300/300
1700000107.450000,1,300,300,81.68,47.29,0,2084,300/300/300/300/300/300
1700000107.500000,1,300,300,81.60,51.39,0,2084,300/300/300/300/300/300
1700000107.550000,1,300,300,81.50,454.02,1,2069,300/300/300/300/300/300
1700000107.600000,1,300,300,81.39,48.75,0,2069,300/300/300/300/300/300
1700000107.650000,1,300,300,81.30,48.36,0,2069,300/300/300/300/300/300
1700000107.700000,1,300,300,81.19,359.46,1,2042,300/300/300/300/300/300
1700000107.750000,1,300,300,81.08,48.71,0,2042,300/300/300/300/300/300
1700000107.800000,1,300,300,80.97,49.95,0,2042,300/300/300/300/300/300
1700000107.850000,1,300,300,80.85,319.43,1,2042,300/300/300/300/300/300
1700000107.900000,1,300,300,80.73,47.18,0,2042,300/300/300/300/300/300
1700000107.950000,1,300,300,80.61,50.35,0,2042,300/300/300/300/300/300
1700000108.000000,1,300,300,80.49,371.44,1,2013,300/300/300/300/300/300
1700000108.050000,1,300,300,80.37,49.53,0,2013,300/300/300/300/300/300
1700000108.100000,1,300,300,80.23,50.29,0,2013,300/300/300/300/300/300
1700000108.150000,1,300,300,80.11,437.43,1,2035,300/300/300/300/300/300
1700000108.200000,1,300,300,80.00,48.88,0,2035,300/300/300/300/300/300
1700000108.250000,1,300,300,79.86,48.78,0,2035,300/300/300/300/300/300
1700000108.300000,1,300,300,79.74,345.69,1,2030,300/300/300/300/300/300
1700000108.350000,1,300,300,79.61,51.47,0,2030,300/300/300/300/300/300
1700000108.400000,1,300,300,79.49,49.95,0,2030,300/300/300/300/300/300
1700000108.450000,1,300,300,79.36,390.00,1,2008,300/300/300/300/300/300
1700000108.500000,1,300,300,79.23,50.01,0,2008,300/300/300/300/300/300
1700000108.550000,1,300,300,79.10,50.01,0,2008,300/300/300/300/300/300
1700000108.600000,1,300,300,78.98,385.90,1,2000,300/300/300/300/300/300
1700000108.650000,1,300,300,78.86,49.47,0,2000,300/300/300/300/300/300
1700000108.700000,1,300,300,78.74,51.33,0,2000,300/300/300/300/300/300
1700000108.750000,1,300,300,78.62,399.75,1,1969,300/300/300/300/300/300
1700000108.800000,1,300,300,78.51,52.54,0,1969,300/300/300/300/300/300
1700000108.850000,1,300,300,78.40,51.99,0,1969,300/300/300/300/300/300
1700000108.900000,1,300,300,78.29,373.40,1,1977,300/300/300/300/300/300
1700000108.950000,1,300,300,78.18,53.84,0,1977,300/300/300/300/300/300
1700000109.000000,1,300,300,78.08,54.30,0,1977,300/300/300/300/300/300
1700000109.050000,1,300,300,77.99,416.13,1,1992,300/300/300/300/300/300
1700000109.100000,1,300,300,77.88,54.67,0,1992,300/300/300/300/300/300
1700000109.150000,1,300,300,77.80,55.15,0,1992,300/300/300/300/300/300
1700000109.200000,1,300,300,77.72,210.17,1,1989,300/300/300/300/300/300
1700000109.250000,1,300,300,77.65,57.68,0,1989,300/300/300/300/300/300
1700000109.300000,1,300,300,77.58,55.74,0,1989,300/300/300/300/300/293
1700000109.350000,1,300,300,77.53,389.81,1,1988,300/300/300/300/300/300
1700000109.400000,1,300,300,77.46,63.19,0,1988,300/300/300/281/300/298
1700000109.450000,1,300,300,77.42,56.63,0,1988,300/300/300/300/300/300
1700000109.500000,1,300,300,77.38,362.03,1,2011,300/300/300/269/300/300
1700000109.550000,1,300,300,77.35,61.04,0,2011,300/300/300/300/300/300
1700000109.600000,1,300,300,77.30,60.50,0,2011,300/300/300/270/300/292
1700000109.650000,1,300,300,77.28,211.21,1,1992,300/300/300/300/300/285
1700000109.700000,1,300,300,77.24,67.37,0,1992,300/300/300/300/300/300
1700000109.750000,1,300,300,77.22,67.53,0,1992,300/300/300/299/292/300
1700000109.800000,1,300,300,77.22,291.96,1,2002,300/300/300/300/300/300
1700000109.850000,1,300,300,77.22,78.26,0,2002,300/300/300/300/300/300
1700000109.900000,1,300,300,77.25,66.67,0,2002,300/300/300/300/300/300
1700000109.950000,1,300,300,77.28,293.51,1,2051,300/300/300/300/300/289
