Setting printing level to: INFO
parameter T_imu_cam not found, trying T_cam_imu instead (will return T_imu_cam still)!
parameter T_imu_cam not found, trying T_cam_imu instead (will return T_imu_cam still)!
parameter T_imu_cam not found, trying T_cam_imu instead (will return T_imu_cam still)!
parameter T_imu_cam not found, trying T_cam_imu instead (will return T_imu_cam still)!
[34m[TIME]: 0.0087 seconds total (114.7 hz, 1.36 ms behind)
[0m[33m[init]: not enough feats to compute disp: 0,0 < 15
[0m[34m[TIME]: 0.0054 seconds total (183.8 hz, 0.11 ms behind)
[0m[33m[init]: not enough feats to compute disp: 0,0 < 15
[0m[34m[TIME]: 0.0023 seconds total (429.4 hz, 0.13 ms behind)
[0m[33m[init]: not enough feats to compute disp: 0,78 < 15
[0m[34m[TIME]: 0.0022 seconds total (464.7 hz, 0.14 ms behind)
[0m[33m[init]: not enough feats to compute disp: 0,78 < 15
[0m[34m[TIME]: 0.0017 seconds total (588.6 hz, 0.15 ms behind)
[0m[33m[init]: not enough feats to compute disp: 0,78 < 15
[0m[34m[TIME]: 0.0018 seconds total (568.5 hz, 0.16 ms behind)
[0m[33m[init]: not enough feats to compute disp: 0,78 < 15
[0m[34m[TIME]: 0.0016 seconds total (628.1 hz, 0.17 ms behind)
[0m[33m[init]: not enough feats to compute disp: 0,78 < 15
[0m[34m[TIME]: 0.0016 seconds total (627.0 hz, 0.18 ms behind)
[0m[33m[init]: not enough feats to compute disp: 0,78 < 15
[0m[34m[TIME]: 0.0017 seconds total (603.9 hz, 0.19 ms behind)
[0m[33m[init]: not enough feats to compute disp: 0,78 < 15
[0m[34m[TIME]: 0.0017 seconds total (605.7 hz, 0.20 ms behind)
[0m[33m[init]: not enough feats to compute disp: 0,78 < 15
[0m[34m[TIME]: 0.0015 seconds total (667.6 hz, 0.21 ms behind)
[0m[33m[init]: not enough feats to compute disp: 0,78 < 15
[0m[34m[TIME]: 0.0016 seconds total (609.0 hz, 0.22 ms behind)
[0m[33m[init]: not enough feats to compute disp: 0,78 < 15
[0m[34m[TIME]: 0.0017 seconds total (578.4 hz, 0.23 ms behind)
[0m[33m[init]: not enough feats to compute disp: 0,78 < 15
[0m[34m[TIME]: 0.0016 seconds total (632.9 hz, 0.24 ms behind)
[0m[33m[init]: not enough feats to compute disp: 0,78 < 15
[0m[34m[TIME]: 0.0014 seconds total (727.8 hz, 0.00 ms behind)
[0m[33m[init]: not enough feats to compute disp: 0,78 < 15
[0m[34m[TIME]: 0.0014 seconds total (712.3 hz, 0.01 ms behind)
[0m[33m[init]: not enough feats to compute disp: 0,78 < 15
[0m[34m[TIME]: 0.0016 seconds total (632.5 hz, 0.02 ms behind)
[0m[33m[init]: not enough feats to compute disp: 0,78 < 15
[0m[34m[TIME]: 0.0017 seconds total (584.1 hz, 0.03 ms behind)
[0m[33m[init]: disparity is 0.089,0.173 (15.00 thresh)
[0m[33m[init]: failed static init: no accel jerk detected
[0m[34m[TIME]: 0.0016 seconds total (619.2 hz, 0.04 ms behind)
[0m[33m[init]: disparity is 0.120,0.204 (15.00 thresh)
[0m[33m[init]: failed static init: no accel jerk detected
[0m[34m[TIME]: 0.0015 seconds total (649.4 hz, 0.05 ms behind)
[0m[33m[init]: disparity is 0.113,0.156 (15.00 thresh)
[0m[33m[init]: failed static init: no accel jerk detected
[0m[34m[TIME]: 0.0016 seconds total (635.3 hz, 0.06 ms behind)
[0m[33m[init]: disparity is 0.141,0.141 (15.00 thresh)
[0m[33m[init]: failed static init: no accel jerk detected
[0m[34m[TIME]: 0.0016 seconds total (612.4 hz, 0.07 ms behind)
[0m[33m[init]: disparity is 0.163,0.153 (15.00 thresh)
[0m[33m[init]: failed static init: no accel jerk detected
[0m[34m[TIME]: 0.0019 seconds total (533.3 hz, 0.08 ms behind)
[0m[33m[init]: disparity is 0.160,0.144 (15.00 thresh)
[0m[33m[init]: failed static init: no accel jerk detected
[0m[34m[TIME]: 0.0017 seconds total (572.7 hz, 0.10 ms behind)
[0m[33m[init]: disparity is 0.205,0.175 (15.00 thresh)
[0m[33m[init]: failed static init: no accel jerk detected
[0m[34m[TIME]: 0.0017 seconds total (579.0 hz, 0.11 ms behind)
[0m[33m[init]: disparity is 0.189,0.196 (15.00 thresh)
[0m[33m[init]: failed static init: no accel jerk detected
[0m[34m[TIME]: 0.0018 seconds total (554.6 hz, 0.12 ms behind)
[0m[33m[init]: disparity is 0.172,0.205 (15.00 thresh)
[0m[33m[init]: failed static init: no accel jerk detected
[0m[34m[TIME]: 0.0017 seconds total (573.7 hz, 0.13 ms behind)
[0m[33m[init]: disparity is 0.166,0.199 (15.00 thresh)
[0m[33m[init]: failed static init: no accel jerk detected
[0m[34m[TIME]: 0.0018 seconds total (566.9 hz, 0.14 ms behind)
[0m[33m[init]: disparity is 0.174,0.207 (15.00 thresh)
[0m[33m[init]: failed static init: no accel jerk detected
[0m[34m[TIME]: 0.0017 seconds total (578.0 hz, 0.15 ms behind)
[0m[33m[init]: disparity is 0.184,0.224 (15.00 thresh)
[0m[33m[init]: failed static init: no accel jerk detected
[0m[34m[TIME]: 0.0018 seconds total (570.1 hz, 0.16 ms behind)
[0m[33m[init]: disparity is 0.164,0.197 (15.00 thresh)
[0m[33m[init]: failed static init: no accel jerk detected
[0m[34m[TIME]: 0.0018 seconds total (566.3 hz, 0.17 ms behind)
[0m[33m[init]: disparity is 0.196,0.175 (15.00 thresh)
[0m[33m[init]: failed static init: no accel jerk detected
[0m[34m[TIME]: 0.0017 seconds total (583.4 hz, 0.18 ms behind)
[0m[33m[init]: disparity is 0.209,0.179 (15.00 thresh)
[0m[33m[init]: failed static init: no accel jerk detected
[0m[34m[TIME]: 0.0018 seconds total (544.1 hz, 0.19 ms behind)
[0m[33m[init]: disparity is 0.208,0.132 (15.00 thresh)
[0m[33m[init]: failed static init: no accel jerk detected
[0m[34m[TIME]: 0.0017 seconds total (598.1 hz, 0.20 ms behind)
[0m[33m[init]: disparity is 0.216,0.179 (15.00 thresh)
[0m[33m[init]: failed static init: no accel jerk detected
[0m[34m[TIME]: 0.0016 seconds total (610.5 hz, 0.21 ms behind)
[0m[33m[init]: disparity is 0.166,0.148 (15.00 thresh)
[0m[33m[init]: failed static init: no accel jerk detected
[0m[34m[TIME]: 0.0017 seconds total (576.7 hz, 0.22 ms behind)
[0m[33m[init]: disparity is 0.180,0.128 (15.00 thresh)
[0m[33m[init]: failed static init: no accel jerk detected
[0m[34m[TIME]: 0.0019 seconds total (535.9 hz, 0.23 ms behind)
[0m[33m[init]: disparity is 0.150,0.111 (15.00 thresh)
[0m[33m[init]: failed static init: no accel jerk detected
[0m[34m[TIME]: 0.0017 seconds total (578.0 hz, 0.24 ms behind)
[0m[33m[init]: disparity is 0.175,0.092 (15.00 thresh)
[0m[33m[init]: failed static init: no accel jerk detected
[0m[34m[TIME]: 0.0017 seconds total (594.5 hz, 0.00 ms behind)
[0m[33m[init]: disparity is 0.215,0.107 (15.00 thresh)
[0m[33m[init]: failed static init: no accel jerk detected
[0m[34m[TIME]: 0.0017 seconds total (591.4 hz, 0.01 ms behind)
[0m[33m[init]: disparity is 0.172,0.120 (15.00 thresh)
[0m[33m[init]: failed static init: no accel jerk detected
[0m[34m[TIME]: 0.0017 seconds total (579.4 hz, 0.02 ms behind)
[0m[33m[init]: disparity is 0.186,0.169 (15.00 thresh)
[0m[33m[init]: failed static init: no accel jerk detected
[0m[34m[TIME]: 0.0017 seconds total (594.2 hz, 0.03 ms behind)
[0m[33m[init]: disparity is 0.201,0.175 (15.00 thresh)
[0m[33m[init]: failed static init: no accel jerk detected
[0m[34m[TIME]: 0.0015 seconds total (685.4 hz, 0.04 ms behind)
[0m[33m[init]: disparity is 0.219,0.169 (15.00 thresh)
[0m[33m[init]: failed static init: no accel jerk detected
[0m[34m[TIME]: 0.0019 seconds total (522.5 hz, 0.06 ms behind)
[0m[33m[init]: disparity is 0.207,0.163 (15.00 thresh)
[0m[33m[init]: failed static init: no accel jerk detected
[0m[34m[TIME]: 0.0018 seconds total (550.1 hz, 0.07 ms behind)
[0m[33m[init]: disparity is 0.222,0.154 (15.00 thresh)
[0m[33m[init]: failed static init: no accel jerk detected
[0m[34m[TIME]: 0.0015 seconds total (680.3 hz, 0.08 ms behind)
[0m[33m[init]: disparity is 0.224,0.153 (15.00 thresh)
[0m[33m[init]: failed static init: no accel jerk detected
[0m[34m[TIME]: 0.0018 seconds total (545.9 hz, 0.09 ms behind)
[0m[33m[init]: disparity is 0.190,0.156 (15.00 thresh)
[0m[33m[init]: failed static init: no accel jerk detected
[0m[34m[TIME]: 0.0025 seconds total (394.8 hz, 0.10 ms behind)
[0m[33m[init]: disparity is 0.172,0.122 (15.00 thresh)
[0m[33m[init]: failed static init: no accel jerk detected
[0m[34m[TIME]: 0.0023 seconds total (427.0 hz, 0.11 ms behind)
[0m[33m[init]: disparity is 0.188,0.143 (15.00 thresh)
[0m[33m[init]: failed static init: no accel jerk detected
[0m[34m[TIME]: 0.0019 seconds total (529.1 hz, 0.12 ms behind)
[0m[33m[init]: disparity is 0.098,0.103 (15.00 thresh)
[0m[33m[init]: failed static init: no accel jerk detected
[0m[34m[TIME]: 0.0022 seconds total (452.3 hz, 0.13 ms behind)
[0m[33m[init]: disparity is 0.135,0.127 (15.00 thresh)
[0m[33m[init]: failed static init: no accel jerk detected
[0m[34m[TIME]: 0.0018 seconds total (566.6 hz, 0.14 ms behind)
[0m[33m[init]: disparity is 0.149,0.121 (15.00 thresh)
[0m[33m[init]: failed static init: no accel jerk detected
[0m[34m[TIME]: 0.0017 seconds total (589.3 hz, 0.15 ms behind)
[0m[33m[init]: disparity is 0.127,0.128 (15.00 thresh)
[0m[33m[init]: failed static init: no accel jerk detected
[0m[34m[TIME]: 0.0017 seconds total (598.4 hz, 0.16 ms behind)
[0m[33m[init]: disparity is 0.114,0.147 (15.00 thresh)
[0m[33m[init]: failed static init: no accel jerk detected
[0m[34m[TIME]: 0.0016 seconds total (618.0 hz, 0.17 ms behind)
[0m[33m[init]: disparity is 0.122,0.168 (15.00 thresh)
[0m[33m[init]: failed static init: no accel jerk detected
[0m[34m[TIME]: 0.0018 seconds total (566.9 hz, 0.18 ms behind)
[0m[33m[init]: disparity is 0.137,0.172 (15.00 thresh)
[0m[33m[init]: failed static init: no accel jerk detected
[0m[34m[TIME]: 0.0014 seconds total (696.9 hz, 0.19 ms behind)
[0m[33m[init]: disparity is 0.132,0.180 (15.00 thresh)
[0m[33m[init]: failed static init: no accel jerk detected
[0m[34m[TIME]: 0.0016 seconds total (621.9 hz, 0.20 ms behind)
[0m[33m[init]: disparity is 0.189,0.173 (15.00 thresh)
[0m[33m[init]: failed static init: no accel jerk detected
[0m[34m[TIME]: 0.0018 seconds total (559.3 hz, 0.21 ms behind)
[0m[33m[init]: disparity is 0.163,0.179 (15.00 thresh)
[0m[33m[init]: failed static init: no accel jerk detected
[0m[34m[TIME]: 0.0018 seconds total (569.5 hz, 0.22 ms behind)
[0m[33m[init]: disparity is 0.138,0.216 (15.00 thresh)
[0m[33m[init]: failed static init: no accel jerk detected
[0m[34m[TIME]: 0.0016 seconds total (610.9 hz, 0.23 ms behind)
[0m[33m[init]: disparity is 0.152,0.158 (15.00 thresh)
[0m[33m[init]: failed static init: no accel jerk detected
[0m[34m[TIME]: 0.0019 seconds total (522.7 hz, 0.24 ms behind)
[0m[33m[init]: disparity is 0.150,0.126 (15.00 thresh)
[0m[33m[init]: failed static init: no accel jerk detected
[0m[34m[TIME]: 0.0017 seconds total (601.3 hz, 0.00 ms behind)
[0m[33m[init]: disparity is 0.106,0.163 (15.00 thresh)
[0m[33m[init]: failed static init: no accel jerk detected
[0m[34m[TIME]: 0.0016 seconds total (611.2 hz, 0.01 ms behind)
[0m[33m[init]: disparity is 0.171,0.173 (15.00 thresh)
[0m[33m[init]: failed static init: no accel jerk detected
[0m[34m[TIME]: 0.0016 seconds total (636.1 hz, 0.03 ms behind)
[0m[33m[init]: disparity is 0.149,0.171 (15.00 thresh)
[0m[33m[init]: failed static init: no accel jerk detected
[0m[34m[TIME]: 0.0018 seconds total (561.5 hz, 0.04 ms behind)
[0m[33m[init]: disparity is 0.162,0.152 (15.00 thresh)
[0m[33m[init]: failed static init: no accel jerk detected
[0m[34m[TIME]: 0.0018 seconds total (544.7 hz, 0.05 ms behind)
[0m[33m[init]: disparity is 0.125,0.183 (15.00 thresh)
[0m[33m[init]: failed static init: no accel jerk detected
[0m[34m[TIME]: 0.0013 seconds total (756.4 hz, 0.06 ms behind)
[0m[33m[init]: disparity is 0.107,0.201 (15.00 thresh)
[0m[33m[init]: failed static init: no accel jerk detected
[0m[34m[TIME]: 0.0018 seconds total (542.9 hz, 0.07 ms behind)
[0m[33m[init]: disparity is 0.133,0.239 (15.00 thresh)
[0m[33m[init]: failed static init: no accel jerk detected
[0m[34m[TIME]: 0.0017 seconds total (580.4 hz, 0.08 ms behind)
[0m[33m[init]: disparity is 0.154,0.205 (15.00 thresh)
[0m[33m[init]: failed static init: no accel jerk detected
[0m[34m[TIME]: 0.0016 seconds total (642.3 hz, 0.09 ms behind)
[0m[33m[init]: disparity is 0.169,0.232 (15.00 thresh)
[0m[33m[init]: failed static init: no accel jerk detected
[0m[34m[TIME]: 0.0022 seconds total (459.6 hz, 0.10 ms behind)
[0m[33m[init]: disparity is 0.180,0.223 (15.00 thresh)
[0m[33m[init]: failed static init: no accel jerk detected
[0m[34m[TIME]: 0.0018 seconds total (559.6 hz, 0.11 ms behind)
[0m[33m[init]: disparity is 0.168,0.248 (15.00 thresh)
[0m[33m[init]: failed static init: no accel jerk detected
[0m[34m[TIME]: 0.0019 seconds total (533.0 hz, 0.12 ms behind)
[0m[33m[init]: disparity is 0.179,0.249 (15.00 thresh)
[0m[33m[init]: failed static init: no accel jerk detected
[0m[34m[TIME]: 0.0018 seconds total (545.9 hz, 0.13 ms behind)
[0m[33m[init]: disparity is 0.204,0.195 (15.00 thresh)
[0m[33m[init]: failed static init: no accel jerk detected
[0m[34m[TIME]: 0.0018 seconds total (567.5 hz, 0.14 ms behind)
[0m[33m[init]: disparity is 0.166,0.197 (15.00 thresh)
[0m[33m[init]: failed static init: no accel jerk detected
[0m[34m[TIME]: 0.0019 seconds total (521.4 hz, 0.15 ms behind)
[0m[33m[init]: disparity is 0.188,0.195 (15.00 thresh)
[0m[33m[init]: failed static init: no accel jerk detected
[0m[34m[TIME]: 0.0020 seconds total (508.4 hz, 0.16 ms behind)
[0m[33m[init]: disparity is 0.185,0.209 (15.00 thresh)
[0m[33m[init]: failed static init: no accel jerk detected
[0m[34m[TIME]: 0.0017 seconds total (596.3 hz, 0.17 ms behind)
[0m[33m[init]: disparity is 0.149,0.198 (15.00 thresh)
[0m[33m[init]: failed static init: no accel jerk detected
[0m[34m[TIME]: 0.0016 seconds total (627.4 hz, 0.18 ms behind)
[0m[33m[init]: disparity is 0.141,0.211 (15.00 thresh)
[0m[33m[init]: failed static init: no accel jerk detected
[0m[34m[TIME]: 0.0019 seconds total (535.9 hz, 0.19 ms behind)
[0m[33m[init]: disparity is 0.141,0.183 (15.00 thresh)
[0m[33m[init]: failed static init: no accel jerk detected
[0m[34m[TIME]: 0.0016 seconds total (609.0 hz, 0.20 ms behind)
[0m[33m[init]: disparity is 0.147,0.161 (15.00 thresh)
[0m[33m[init]: failed static init: no accel jerk detected
[0m[34m[TIME]: 0.0017 seconds total (584.1 hz, 0.21 ms behind)
[0m[33m[init]: disparity is 0.160,0.133 (15.00 thresh)
[0m[33m[init]: failed static init: no accel jerk detected
[0m[34m[TIME]: 0.0015 seconds total (669.8 hz, 0.22 ms behind)
[0m[33m[init]: disparity is 0.250,0.149 (15.00 thresh)
[0m[33m[init]: failed static init: no accel jerk detected
[0m[34m[TIME]: 0.0017 seconds total (590.7 hz, 0.24 ms behind)
[0m[33m[init]: disparity is 0.240,0.119 (15.00 thresh)
[0m[33m[init]: failed static init: no accel jerk detected
[0m[34m[TIME]: 0.0017 seconds total (592.4 hz, 0.25 ms behind)
[0m[33m[init]: disparity is 0.235,0.138 (15.00 thresh)
[0m[33m[init]: failed static init: no accel jerk detected
[0m[34m[TIME]: 0.0017 seconds total (592.4 hz, 0.01 ms behind)
[0m[33m[init]: disparity is 0.227,0.150 (15.00 thresh)
[0m[33m[init]: failed static init: no accel jerk detected
[0m[34m[TIME]: 0.0018 seconds total (570.8 hz, 0.02 ms behind)
[0m[33m[init]: disparity is 0.261,0.141 (15.00 thresh)
[0m[33m[init]: failed static init: no accel jerk detected
[0m[34m[TIME]: 0.0018 seconds total (570.1 hz, 0.03 ms behind)
[0m[33m[init]: disparity is 0.244,0.113 (15.00 thresh)
[0m[33m[init]: failed static init: no accel jerk detected
[0m[34m[TIME]: 0.0017 seconds total (579.4 hz, 0.04 ms behind)
[0m[33m[init]: disparity is 0.219,0.121 (15.00 thresh)
[0m[33m[init]: failed static init: no accel jerk detected
[0m[34m[TIME]: 0.0017 seconds total (585.8 hz, 0.05 ms behind)
[0m[33m[init]: disparity is 0.234,0.131 (15.00 thresh)
[0m[33m[init]: failed static init: no accel jerk detected
[0m[34m[TIME]: 0.0016 seconds total (642.7 hz, 0.06 ms behind)
[0m[33m[init]: disparity is 0.178,0.125 (15.00 thresh)
[0m[33m[init]: failed static init: no accel jerk detected
[0m[34m[TIME]: 0.0017 seconds total (579.4 hz, 0.07 ms behind)
[0m[33m[init]: disparity is 0.185,0.150 (15.00 thresh)
[0m[33m[init]: failed static init: no accel jerk detected
[0m[34m[TIME]: 0.0015 seconds total (678.0 hz, 0.08 ms behind)
[0m[33m[init]: disparity is 0.196,0.104 (15.00 thresh)
[0m[33m[init]: failed static init: no accel jerk detected
[0m[34m[TIME]: 0.0018 seconds total (567.2 hz, 0.09 ms behind)
[0m[33m[init]: disparity is 0.247,0.119 (15.00 thresh)
[0m[33m[init]: failed static init: no accel jerk detected
[0m[34m[TIME]: 0.0017 seconds total (598.4 hz, 0.10 ms behind)
[0m[33m[init]: disparity is 0.231,0.138 (15.00 thresh)
[0m[33m[init]: failed static init: no accel jerk detected
[0m[34m[TIME]: 0.0017 seconds total (599.9 hz, 0.11 ms behind)
[0m[33m[init]: disparity is 0.197,0.125 (15.00 thresh)
[0m[33m[init]: failed static init: no accel jerk detected
[0m[34m[TIME]: 0.0018 seconds total (559.6 hz, 0.12 ms behind)
[0m[33m[init]: disparity is 0.197,0.133 (15.00 thresh)
[0m[33m[init]: failed static init: no accel jerk detected
[0m[34m[TIME]: 0.0014 seconds total (722.5 hz, 0.13 ms behind)
[0m[33m[init]: disparity is 0.180,0.147 (15.00 thresh)
[0m[33m[init]: failed static init: no accel jerk detected
[0m[34m[TIME]: 0.0016 seconds total (618.4 hz, 0.14 ms behind)
[0m[33m[init]: disparity is 0.117,0.127 (15.00 thresh)
[0m[33m[init]: failed static init: no accel jerk detected
[0m[34m[TIME]: 0.0017 seconds total (582.8 hz, 0.15 ms behind)
[0m[33m[init]: disparity is 0.151,0.121 (15.00 thresh)
[0m[33m[init]: failed static init: no accel jerk detected
[0m[34m[TIME]: 0.0017 seconds total (580.7 hz, 0.16 ms behind)
[0m[33m[init]: disparity is 0.145,0.103 (15.00 thresh)
[0m[33m[init]: failed static init: no accel jerk detected
[0m[34m[TIME]: 0.0014 seconds total (690.6 hz, 0.17 ms behind)
[0m[33m[init]: disparity is 0.137,0.111 (15.00 thresh)
[0m[33m[init]: failed static init: no accel jerk detected
[0m[34m[TIME]: 0.0017 seconds total (595.2 hz, 0.18 ms behind)
[0m[33m[init]: disparity is 0.129,0.108 (15.00 thresh)
[0m[33m[init]: failed static init: no accel jerk detected
[0m[34m[TIME]: 0.0017 seconds total (579.0 hz, 0.20 ms behind)
[0m[33m[init]: disparity is 0.142,0.112 (15.00 thresh)
[0m[33m[init]: failed static init: no accel jerk detected
[0m[34m[TIME]: 0.0017 seconds total (590.3 hz, 0.21 ms behind)
[0m[33m[init]: disparity is 0.130,0.132 (15.00 thresh)
[0m[33m[init]: failed static init: no accel jerk detected
[0m[34m[TIME]: 0.0016 seconds total (631.3 hz, 0.22 ms behind)
[0m[33m[init]: disparity is 0.134,0.121 (15.00 thresh)
[0m[33m[init]: failed static init: no accel jerk detected
[0m[34m[TIME]: 0.0015 seconds total (657.5 hz, 0.23 ms behind)
[0m[33m[init]: disparity is 0.142,0.142 (15.00 thresh)
[0m[33m[init]: failed static init: no accel jerk detected
[0m[34m[TIME]: 0.0016 seconds total (633.3 hz, 0.24 ms behind)
[0m[33m[init]: disparity is 0.113,0.125 (15.00 thresh)
[0m[33m[init]: failed static init: no accel jerk detected
[0m[34m[TIME]: 0.0017 seconds total (591.4 hz, 0.25 ms behind)
[0m[33m[init]: disparity is 0.150,0.111 (15.00 thresh)
[0m[33m[init]: failed static init: no accel jerk detected
[0m[34m[TIME]: 0.0017 seconds total (581.7 hz, 0.01 ms behind)
[0m[33m[init]: disparity is 0.130,0.110 (15.00 thresh)
[0m[33m[init]: failed static init: no accel jerk detected
[0m[34m[TIME]: 0.0017 seconds total (582.4 hz, 0.02 ms behind)
[0m[33m[init]: disparity is 0.119,0.097 (15.00 thresh)
[0m[33m[init]: failed static init: no accel jerk detected
[0m[34m[TIME]: 0.0018 seconds total (548.8 hz, 0.03 ms behind)
[0m[33m[init]: disparity is 0.133,0.089 (15.00 thresh)
[0m[33m[init]: failed static init: no accel jerk detected
[0m[34m[TIME]: 0.0017 seconds total (577.7 hz, 0.04 ms behind)
[0m[33m[init]: disparity is 0.139,0.125 (15.00 thresh)
[0m[33m[init]: failed static init: no accel jerk detected
[0m[34m[TIME]: 0.0015 seconds total (646.4 hz, 0.05 ms behind)
[0m[33m[init]: disparity is 0.144,0.114 (15.00 thresh)
[0m[33m[init]: failed static init: no accel jerk detected
[0m[34m[TIME]: 0.0013 seconds total (743.5 hz, 0.06 ms behind)
[0m[33m[init]: disparity is 0.145,0.130 (15.00 thresh)
[0m[33m[init]: failed static init: no accel jerk detected
[0m[34m[TIME]: 0.0017 seconds total (582.4 hz, 0.07 ms behind)
[0m[33m[init]: disparity is 0.110,0.123 (15.00 thresh)
[0m[33m[init]: failed static init: no accel jerk detected
[0m[34m[TIME]: 0.0015 seconds total (668.0 hz, 0.08 ms behind)
[0m[33m[init]: disparity is 0.125,0.114 (15.00 thresh)
[0m[33m[init]: failed static init: no accel jerk detected
[0m[34m[TIME]: 0.0019 seconds total (538.5 hz, 0.09 ms behind)
[0m[33m[init]: disparity is 0.115,0.414 (15.00 thresh)
[0m[33m[init]: failed static init: no accel jerk detected
[0m[34m[TIME]: 0.0019 seconds total (514.4 hz, 0.10 ms behind)
[0m[33m[init]: disparity is 0.115,6.597 (15.00 thresh)
[0m[33m[init]: failed static init: no accel jerk detected
[0m[34m[TIME]: 0.0023 seconds total (437.3 hz, 0.11 ms behind)
[0m[33m[init]: disparity is 0.123,12.417 (15.00 thresh)
[0m[33m[init]: failed static init: no accel jerk detected
[0m[34m[TIME]: 0.0019 seconds total (520.3 hz, 0.12 ms behind)
[0m[33m[init]: disparity is 0.111,15.355 (15.00 thresh)
[0m[32m[init]: successful initialization in 0.0009 seconds
[0m[32m[init]: orientation = 0.9999, 0.0001, 0.0088, 0.0085
[0m[32m[init]: bias gyro = 0.0009, 0.0001, -0.0000
[0m[32m[init]: velocity = 0.0000, 0.0000, 0.0000
[0m[32m[init]: bias accel = -0.0026, -0.0025, 0.1489
[0m[32m[init]: position = 0.0000, 0.0000, 0.0000
[0m[34m[TIME]: 0.0025 seconds total (403.1 hz, 0.13 ms behind)
[0m[34m[TIME]: 0.0103 seconds total (96.6 hz, 0.14 ms behind)
[0m[34m[TIME]: 0.0083 seconds total (121.0 hz, 0.15 ms behind)
[0m[34m[TIME]: 0.0095 seconds total (104.7 hz, 0.17 ms behind)
[0m[34m[TIME]: 0.0059 seconds total (170.4 hz, 0.18 ms behind)
[0mq_GtoI = -0.995,0.076,0.058,0.040 | p_IinG = 0.066,0.201,0.292 | dist = 0.00 (meters)
bg = 0.0167,0.0060,-0.0040 | ba = -0.0030,-0.0033,0.1532
camera-imu timeoffset = 0.00312
cam0 intrinsics = 351.647,351.146,367.887,253.424 | -0.037,-0.008,0.010,-0.003
cam1 intrinsics = 352.224,353.128,347.591,271.137 | -0.040,-0.006,0.005,-0.001
cam0 extrinsics = 0.500,0.499,0.496,0.505 | -0.029,0.012,-0.070
cam1 extrinsics = 0.499,0.504,0.497,0.500 | 0.049,0.014,-0.027
[34m[TIME]: 0.0094 seconds total (106.8 hz, 0.19 ms behind)
[0mq_GtoI = -0.994,0.073,0.063,0.047 | p_IinG = 0.074,0.258,0.358 | dist = 0.07 (meters)
bg = 0.0099,-0.0018,-0.0002 | ba = -0.0031,-0.0031,0.1664
camera-imu timeoffset = 0.00290
cam0 intrinsics = 351.251,350.819,367.520,253.965 | -0.042,-0.009,0.011,-0.002
cam1 intrinsics = 352.617,353.414,347.867,270.382 | -0.036,-0.005,0.004,-0.002
cam0 extrinsics = 0.499,0.501,0.495,0.504 | -0.033,0.010,-0.059
cam1 extrinsics = 0.499,0.502,0.497,0.501 | 0.060,0.012,-0.030
[34m[TIME]: 0.0091 seconds total (110.0 hz, 0.14 ms behind)
[0mq_GtoI = -0.994,0.071,0.069,0.044 | p_IinG = 0.084,0.314,0.413 | dist = 0.14 (meters)
bg = 0.0137,0.0063,-0.0068 | ba = -0.0027,-0.0032,0.1681
camera-imu timeoffset = 0.00161
cam0 intrinsics = 351.335,350.796,367.714,253.844 | -0.043,-0.010,0.010,-0.002
cam1 intrinsics = 352.647,353.316,347.825,270.543 | -0.035,-0.005,0.003,-0.003
cam0 extrinsics = 0.500,0.501,0.495,0.504 | -0.031,0.011,-0.062
cam1 extrinsics = 0.499,0.502,0.497,0.501 | 0.063,0.013,-0.033
[34m[TIME]: 0.0095 seconds total (105.5 hz, 0.17 ms behind)
[0mq_GtoI = -0.995,0.063,0.072,0.039 | p_IinG = 0.093,0.357,0.467 | dist = 0.21 (meters)
bg = 0.0129,0.0054,-0.0069 | ba = -0.0027,-0.0032,0.1680
camera-imu timeoffset = 0.00174
cam0 intrinsics = 351.333,350.812,367.701,253.840 | -0.043,-0.010,0.010,-0.002
cam1 intrinsics = 352.607,353.328,347.818,270.564 | -0.035,-0.005,0.003,-0.003
cam0 extrinsics = 0.500,0.501,0.495,0.504 | -0.031,0.011,-0.062
cam1 extrinsics = 0.499,0.502,0.497,0.501 | 0.064,0.014,-0.033
[34m[TIME]: 0.0071 seconds total (140.0 hz, 0.06 ms behind)
[0mq_GtoI = -0.995,0.053,0.078,0.033 | p_IinG = 0.102,0.398,0.523 | dist = 0.28 (meters)
bg = 0.0134,0.0085,-0.0054 | ba = -0.0026,-0.0034,0.1682
camera-imu timeoffset = 0.00135
cam0 intrinsics = 351.343,350.805,367.745,253.851 | -0.043,-0.010,0.010,-0.002
cam1 intrinsics = 352.618,353.332,347.809,270.604 | -0.035,-0.005,0.003,-0.003
cam0 extrinsics = 0.500,0.501,0.495,0.504 | -0.030,0.011,-0.061
cam1 extrinsics = 0.499,0.502,0.497,0.501 | 0.065,0.013,-0.032
[34m[TIME]: 0.0054 seconds total (185.8 hz, 0.05 ms behind)
[0mq_GtoI = -0.995,0.047,0.089,0.027 | p_IinG = 0.126,0.438,0.581 | dist = 0.35 (meters)
bg = 0.0245,0.0119,-0.0120 | ba = -0.0030,-0.0040,0.1724
camera-imu timeoffset = 0.00279
cam0 intrinsics = 351.258,350.915,367.647,253.759 | -0.041,-0.009,0.010,-0.004
cam1 intrinsics = 352.610,353.402,347.941,270.547 | -0.036,-0.006,0.003,-0.002
cam0 extrinsics = 0.500,0.500,0.496,0.504 | -0.028,0.008,-0.057
cam1 extrinsics = 0.499,0.501,0.498,0.502 | 0.066,0.011,-0.032
[34m[TIME]: 0.0071 seconds total (140.9 hz, 0.10 ms behind)
[0mq_GtoI = -0.993,0.039,0.108,0.032 | p_IinG = 0.132,0.474,0.639 | dist = 0.42 (meters)
bg = 0.0211,0.0180,-0.0110 | ba = -0.0030,-0.0046,0.1723
camera-imu timeoffset = 0.00273
cam0 intrinsics = 351.535,350.778,367.784,253.850 | -0.041,-0.008,0.011,-0.003
cam1 intrinsics = 352.749,353.167,347.961,270.678 | -0.035,-0.005,0.003,-0.002
cam0 extrinsics = 0.501,0.500,0.495,0.504 | -0.024,0.008,-0.055
cam1 extrinsics = 0.500,0.501,0.498,0.501 | 0.071,0.011,-0.032
[34m[TIME]: 0.0083 seconds total (120.1 hz, 0.22 ms behind)
[0mq_GtoI = -0.992,0.023,0.118,0.041 | p_IinG = 0.137,0.500,0.693 | dist = 0.49 (meters)
bg = 0.0064,0.0091,0.0022 | ba = -0.0017,-0.0032,0.1738
camera-imu timeoffset = 0.00198
cam0 intrinsics = 351.604,351.057,367.606,254.058 | -0.041,-0.009,0.010,-0.002
cam1 intrinsics = 352.688,352.872,348.303,270.474 | -0.036,-0.005,0.004,-0.002
cam0 extrinsics = 0.501,0.501,0.495,0.503 | -0.027,0.008,-0.055
cam1 extrinsics = 0.500,0.502,0.497,0.500 | 0.065,0.010,-0.033
[34m[TIME]: 0.0059 seconds total (169.3 hz, 0.24 ms behind)
[0mq_GtoI = -0.992,0.023,0.120,0.044 | p_IinG = 0.154,0.534,0.745 | dist = 0.55 (meters)
bg = 0.0026,0.0131,-0.0079 | ba = -0.0008,-0.0024,0.1759
camera-imu timeoffset = 0.00280
cam0 intrinsics = 351.464,350.781,367.457,254.158 | -0.039,-0.008,0.011,-0.003
cam1 intrinsics = 352.845,352.927,348.318,270.482 | -0.036,-0.005,0.004,-0.002
cam0 extrinsics = 0.501,0.501,0.495,0.503 | -0.030,0.009,-0.053
cam1 extrinsics = 0.500,0.502,0.497,0.500 | 0.063,0.010,-0.034
[34m[TIME]: 0.0061 seconds total (164.9 hz, 0.07 ms behind)
[0mq_GtoI = -0.993,0.013,0.111,0.039 | p_IinG = 0.166,0.574,0.792 | dist = 0.61 (meters)
bg = 0.0029,0.0090,-0.0071 | ba = -0.0024,-0.0036,0.1698
camera-imu timeoffset = 0.00247
cam0 intrinsics = 351.326,350.953,367.198,254.230 | -0.039,-0.008,0.010,-0.004
cam1 intrinsics = 352.821,352.989,348.454,270.442 | -0.037,-0.006,0.004,-0.002
cam0 extrinsics = 0.501,0.501,0.494,0.504 | -0.031,0.011,-0.054
cam1 extrinsics = 0.500,0.503,0.497,0.500 | 0.068,0.012,-0.036
[34m[TIME]: 0.0068 seconds total (146.3 hz, 0.00 ms behind)
[0mq_GtoI = -0.994,0.004,0.102,0.033 | p_IinG = 0.180,0.598,0.831 | dist = 0.67 (meters)
bg = 0.0014,0.0086,-0.0076 | ba = -0.0020,-0.0034,0.1678
camera-imu timeoffset = 0.00280
cam0 intrinsics = 351.566,350.924,367.138,254.222 | -0.038,-0.008,0.010,-0.004
cam1 intrinsics = 352.691,352.821,348.517,270.494 | -0.037,-0.005,0.004,-0.002
cam0 extrinsics = 0.501,0.501,0.493,0.504 | -0.032,0.013,-0.051
cam1 extrinsics = 0.500,0.503,0.497,0.500 | 0.069,0.014,-0.037
[34m[TIME]: 0.0068 seconds total (147.4 hz, 0.04 ms behind)
[0mq_GtoI = -0.996,-0.009,0.089,0.025 | p_IinG = 0.190,0.619,0.858 | dist = 0.71 (meters)
bg = 0.0003,0.0031,-0.0043 | ba = -0.0029,-0.0036,0.1596
camera-imu timeoffset = 0.00271
cam0 intrinsics = 351.696,351.060,367.125,254.315 | -0.038,-0.007,0.010,-0.005
cam1 intrinsics = 352.527,352.470,348.497,270.437 | -0.039,-0.006,0.004,-0.001
cam0 extrinsics = 0.501,0.501,0.493,0.504 | -0.034,0.016,-0.045
cam1 extrinsics = 0.500,0.503,0.497,0.499 | 0.069,0.019,-0.039
[34m[TIME]: 0.0083 seconds total (120.1 hz, 0.02 ms behind)
[0mq_GtoI = -0.996,-0.022,0.081,0.017 | p_IinG = 0.200,0.631,0.880 | dist = 0.75 (meters)
bg = -0.0016,-0.0026,-0.0007 | ba = -0.0010,-0.0026,0.1582
camera-imu timeoffset = 0.00301
cam0 intrinsics = 351.462,351.111,366.799,254.304 | -0.038,-0.008,0.010,-0.004
cam1 intrinsics = 353.245,352.132,348.505,270.437 | -0.039,-0.006,0.004,-0.001
cam0 extrinsics = 0.501,0.501,0.494,0.504 | -0.036,0.019,-0.047
cam1 extrinsics = 0.500,0.503,0.497,0.500 | 0.070,0.022,-0.045
[34m[TIME]: 0.0076 seconds total (130.9 hz, 0.04 ms behind)
[0mq_GtoI = -0.996,-0.039,0.073,0.013 | p_IinG = 0.216,0.643,0.905 | dist = 0.79 (meters)
bg = -0.0055,-0.0097,0.0048 | ba = 0.0047,-0.0002,0.1657
camera-imu timeoffset = 0.00283
cam0 intrinsics = 351.401,351.587,366.753,253.910 | -0.038,-0.008,0.010,-0.004
cam1 intrinsics = 353.041,352.831,348.040,270.959 | -0.039,-0.007,0.004,-0.001
cam0 extrinsics = 0.500,0.502,0.495,0.503 | -0.035,0.018,-0.056
cam1 extrinsics = 0.499,0.503,0.499,0.500 | 0.072,0.020,-0.055
[34m[TIME]: 0.0117 seconds total (85.2 hz, 0.02 ms behind)
[0mq_GtoI = -0.996,-0.054,0.067,0.009 | p_IinG = 0.231,0.653,0.924 | dist = 0.82 (meters)
bg = -0.0077,-0.0142,0.0084 | ba = 0.0083,0.0014,0.1701
camera-imu timeoffset = 0.00288
cam0 intrinsics = 352.046,351.860,366.730,254.026 | -0.038,-0.008,0.011,-0.004
cam1 intrinsics = 352.518,352.625,348.428,270.984 | -0.038,-0.005,0.005,-0.002
cam0 extrinsics = 0.500,0.502,0.495,0.503 | -0.033,0.020,-0.056
cam1 extrinsics = 0.498,0.503,0.499,0.500 | 0.072,0.022,-0.057
[34m[TIME]: 0.0075 seconds total (132.7 hz, 0.05 ms behind)
[0mq_GtoI = -0.996,-0.064,0.062,0.004 | p_IinG = 0.248,0.666,0.942 | dist = 0.85 (meters)
bg = -0.0075,-0.0148,0.0081 | ba = 0.0088,0.0015,0.1726
camera-imu timeoffset = 0.00293
cam0 intrinsics = 352.113,352.095,366.706,254.221 | -0.039,-0.009,0.011,-0.003
cam1 intrinsics = 352.399,352.585,348.859,270.744 | -0.039,-0.004,0.005,-0.001
cam0 extrinsics = 0.500,0.502,0.495,0.503 | -0.033,0.019,-0.055
cam1 extrinsics = 0.498,0.503,0.499,0.499 | 0.072,0.022,-0.055
[34m[TIME]: 0.0082 seconds total (121.6 hz, 0.06 ms behind)
[0mq_GtoI = -0.996,-0.070,0.060,0.002 | p_IinG = 0.270,0.684,0.959 | dist = 0.87 (meters)
bg = -0.0079,-0.0141,0.0055 | ba = 0.0061,0.0007,0.1721
camera-imu timeoffset = 0.00297
cam0 intrinsics = 351.790,352.390,366.665,254.336 | -0.038,-0.008,0.011,-0.004
cam1 intrinsics = 352.079,352.770,349.161,270.554 | -0.039,-0.003,0.006,-0.003
cam0 extrinsics = 0.500,0.502,0.495,0.504 | -0.034,0.019,-0.052
cam1 extrinsics = 0.498,0.505,0.499,0.499 | 0.073,0.022,-0.052
[34m[TIME]: 0.0061 seconds total (163.2 hz, 0.06 ms behind)
[0mq_GtoI = 0.995,0.074,-0.068,0.002 | p_IinG = 0.299,0.692,0.963 | dist = 0.90 (meters)
bg = -0.0025,-0.0063,-0.0020 | ba = 0.0063,0.0010,0.1713
camera-imu timeoffset = 0.00288
cam0 intrinsics = 351.799,353.003,366.813,254.043 | -0.040,-0.007,0.012,-0.005
cam1 intrinsics = 352.185,353.416,349.599,270.142 | -0.042,-0.003,0.008,-0.003
cam0 extrinsics = 0.500,0.500,0.495,0.505 | -0.036,0.018,-0.048
cam1 extrinsics = 0.498,0.503,0.499,0.499 | 0.070,0.021,-0.049
[34m[TIME]: 0.0080 seconds total (124.9 hz, 0.07 ms behind)
[0mq_GtoI = 0.994,0.088,-0.068,0.010 | p_IinG = 0.320,0.688,0.965 | dist = 0.93 (meters)
bg = -0.0011,-0.0067,-0.0002 | ba = 0.0066,0.0011,0.1685
camera-imu timeoffset = 0.00287
cam0 intrinsics = 351.340,352.800,367.025,254.179 | -0.039,-0.007,0.012,-0.005
cam1 intrinsics = 352.332,353.624,349.876,269.958 | -0.043,-0.002,0.008,-0.004
cam0 extrinsics = 0.500,0.500,0.495,0.505 | -0.036,0.016,-0.048
cam1 extrinsics = 0.499,0.502,0.499,0.500 | 0.068,0.020,-0.049
[34m[TIME]: 0.0076 seconds total (132.1 hz, 0.09 ms behind)
[0mq_GtoI = 0.992,0.104,-0.065,0.023 | p_IinG = 0.346,0.695,0.974 | dist = 0.95 (meters)
bg = -0.0012,-0.0064,-0.0011 | ba = 0.0076,0.0013,0.1693
camera-imu timeoffset = 0.00286
cam0 intrinsics = 351.384,352.841,367.045,254.121 | -0.038,-0.007,0.011,-0.005
cam1 intrinsics = 352.357,353.626,349.859,270.073 | -0.042,-0.003,0.007,-0.003
cam0 extrinsics = 0.501,0.500,0.495,0.505 | -0.036,0.017,-0.048
cam1 extrinsics = 0.499,0.502,0.499,0.500 | 0.069,0.020,-0.049
[34m[TIME]: 0.0045 seconds total (220.7 hz, 0.10 ms behind)
[0mq_GtoI = 0.990,0.120,-0.058,0.039 | p_IinG = 0.370,0.700,0.981 | dist = 0.98 (meters)
bg = -0.0009,-0.0065,-0.0008 | ba = 0.0072,0.0019,0.1690
camera-imu timeoffset = 0.00284
cam0 intrinsics = 351.380,352.950,367.131,254.179 | -0.039,-0.007,0.012,-0.005
cam1 intrinsics = 352.215,353.641,349.746,270.106 | -0.043,-0.003,0.007,-0.003
cam0 extrinsics = 0.501,0.499,0.495,0.505 | -0.037,0.015,-0.048
cam1 extrinsics = 0.499,0.502,0.499,0.500 | 0.068,0.019,-0.050
[34m[TIME]: 0.0073 seconds total (136.3 hz, 0.11 ms behind)
[0mq_GtoI = 0.989,0.131,-0.049,0.048 | p_IinG = 0.396,0.698,0.975 | dist = 1.01 (meters)
bg = -0.0002,-0.0070,-0.0006 | ba = 0.0064,0.0025,0.1644
camera-imu timeoffset = 0.00267
cam0 intrinsics = 351.434,353.087,367.288,253.986 | -0.039,-0.007,0.012,-0.005
cam1 intrinsics = 352.039,353.651,349.609,270.388 | -0.042,-0.003,0.006,-0.003
cam0 extrinsics = 0.500,0.500,0.495,0.505 | -0.036,0.014,-0.049
cam1 extrinsics = 0.499,0.502,0.499,0.500 | 0.069,0.016,-0.052
[34m[TIME]: 0.0068 seconds total (147.3 hz, 0.12 ms behind)
[0mq_GtoI = 0.989,0.135,-0.043,0.052 | p_IinG = 0.426,0.699,0.976 | dist = 1.04 (meters)
bg = -0.0001,-0.0068,-0.0009 | ba = 0.0057,0.0025,0.1645
camera-imu timeoffset = 0.00266
cam0 intrinsics = 351.381,353.186,367.322,254.052 | -0.039,-0.007,0.012,-0.005
cam1 intrinsics = 351.982,353.741,349.582,270.490 | -0.042,-0.003,0.006,-0.003
cam0 extrinsics = 0.500,0.500,0.495,0.505 | -0.036,0.013,-0.049
cam1 extrinsics = 0.499,0.502,0.499,0.500 | 0.069,0.016,-0.051
[34m[TIME]: 0.0046 seconds total (218.0 hz, 0.15 ms behind)
[0mq_GtoI = 0.988,0.135,-0.045,0.053 | p_IinG = 0.460,0.701,0.972 | dist = 1.07 (meters)
bg = 0.0002,-0.0049,-0.0026 | ba = 0.0038,0.0027,0.1642
camera-imu timeoffset = 0.00255
cam0 intrinsics = 351.239,353.408,367.359,254.215 | -0.040,-0.007,0.013,-0.005
cam1 intrinsics = 351.760,353.948,349.375,270.765 | -0.044,-0.002,0.007,-0.003
cam0 extrinsics = 0.501,0.500,0.494,0.505 | -0.035,0.012,-0.049
cam1 extrinsics = 0.499,0.502,0.498,0.500 | 0.070,0.015,-0.052
[34m[TIME]: 0.0091 seconds total (110.3 hz, 0.16 ms behind)
[0mq_GtoI = 0.989,0.132,-0.050,0.050 | p_IinG = 0.497,0.700,0.968 | dist = 1.11 (meters)
bg = 0.0004,-0.0048,-0.0027 | ba = 0.0029,0.0034,0.1645
camera-imu timeoffset = 0.00249
cam0 intrinsics = 351.214,353.402,367.393,254.210 | -0.041,-0.007,0.013,-0.005
cam1 intrinsics = 351.710,353.930,349.339,270.761 | -0.044,-0.002,0.008,-0.003
cam0 extrinsics = 0.501,0.500,0.494,0.505 | -0.035,0.011,-0.049
cam1 extrinsics = 0.499,0.502,0.498,0.500 | 0.070,0.013,-0.051
[34m[TIME]: 0.0062 seconds total (162.1 hz, 0.18 ms behind)
[0mq_GtoI = 0.990,0.125,-0.054,0.048 | p_IinG = 0.539,0.699,0.961 | dist = 1.15 (meters)
bg = 0.0003,-0.0044,-0.0018 | ba = 0.0071,0.0011,0.1670
camera-imu timeoffset = 0.00242
cam0 intrinsics = 351.007,353.632,367.733,254.378 | -0.041,-0.006,0.013,-0.006
cam1 intrinsics = 351.376,354.272,348.681,270.840 | -0.041,-0.003,0.005,-0.002
cam0 extrinsics = 0.500,0.501,0.495,0.504 | -0.035,0.013,-0.046
cam1 extrinsics = 0.499,0.502,0.498,0.501 | 0.071,0.015,-0.049
[34m[TIME]: 0.0113 seconds total (88.4 hz, 0.20 ms behind)
[0mq_GtoI = 0.991,0.111,-0.053,0.046 | p_IinG = 0.576,0.694,0.955 | dist = 1.19 (meters)
bg = 0.0004,-0.0035,-0.0028 | ba = 0.0044,0.0023,0.1685
camera-imu timeoffset = 0.00243
cam0 intrinsics = 351.018,353.604,367.861,254.405 | -0.042,-0.005,0.014,-0.007
cam1 intrinsics = 351.354,354.203,348.837,271.043 | -0.040,-0.004,0.004,-0.002
cam0 extrinsics = 0.501,0.501,0.494,0.504 | -0.040,0.011,-0.047
cam1 extrinsics = 0.500,0.502,0.498,0.501 | 0.067,0.014,-0.048
[34m[TIME]: 0.0091 seconds total (109.4 hz, 0.22 ms behind)
[0mq_GtoI = 0.993,0.098,-0.049,0.044 | p_IinG = 0.613,0.689,0.945 | dist = 1.23 (meters)
bg = 0.0005,-0.0029,-0.0030 | ba = 0.0074,0.0026,0.1689
camera-imu timeoffset = 0.00242
cam0 intrinsics = 351.003,353.778,367.953,254.316 | -0.041,-0.006,0.013,-0.006
cam1 intrinsics = 351.166,354.251,348.901,271.032 | -0.039,-0.004,0.004,-0.001
cam0 extrinsics = 0.501,0.501,0.494,0.504 | -0.045,0.011,-0.045
cam1 extrinsics = 0.500,0.502,0.498,0.500 | 0.062,0.014,-0.048
[34m[TIME]: 0.0100 seconds total (99.8 hz, 0.23 ms behind)
[0mq_GtoI = 0.994,0.086,-0.042,0.046 | p_IinG = 0.659,0.687,0.933 | dist = 1.27 (meters)
bg = 0.0000,-0.0026,-0.0032 | ba = 0.0042,0.0021,0.1686
camera-imu timeoffset = 0.00242
cam0 intrinsics = 351.023,353.736,367.869,254.304 | -0.041,-0.006,0.013,-0.006
cam1 intrinsics = 351.182,354.265,348.668,271.026 | -0.039,-0.005,0.004,-0.001
cam0 extrinsics = 0.501,0.501,0.494,0.504 | -0.041,0.010,-0.045
cam1 extrinsics = 0.500,0.502,0.498,0.501 | 0.067,0.013,-0.048
[34m[TIME]: 0.0074 seconds total (134.7 hz, 0.24 ms behind)
[0mq_GtoI = 0.995,0.076,-0.032,0.053 | p_IinG = 0.701,0.683,0.918 | dist = 1.32 (meters)
bg = -0.0004,-0.0029,-0.0031 | ba = 0.0001,0.0010,0.1684
camera-imu timeoffset = 0.00232
cam0 intrinsics = 351.149,353.752,367.739,254.288 | -0.041,-0.006,0.013,-0.006
cam1 intrinsics = 351.289,354.322,348.706,271.020 | -0.040,-0.005,0.004,-0.001
cam0 extrinsics = 0.501,0.501,0.494,0.504 | -0.040,0.011,-0.045
cam1 extrinsics = 0.499,0.502,0.498,0.501 | 0.067,0.014,-0.048
[34m[TIME]: 0.0089 seconds total (111.8 hz, 0.25 ms behind)
[0mq_GtoI = 0.996,0.066,-0.022,0.057 | p_IinG = 0.742,0.681,0.902 | dist = 1.36 (meters)
bg = -0.0004,-0.0030,-0.0030 | ba = 0.0031,0.0003,0.1667
camera-imu timeoffset = 0.00236
cam0 intrinsics = 351.132,353.841,367.638,254.046 | -0.042,-0.007,0.013,-0.006
cam1 intrinsics = 351.260,354.446,348.626,270.881 | -0.041,-0.004,0.005,-0.002
cam0 extrinsics = 0.501,0.501,0.494,0.504 | -0.039,0.010,-0.046
cam1 extrinsics = 0.499,0.502,0.498,0.500 | 0.069,0.013,-0.049
[34m[TIME]: 0.0117 seconds total (85.6 hz, 0.02 ms behind)
[0mq_GtoI = 0.998,0.050,-0.007,0.048 | p_IinG = 0.780,0.676,0.885 | dist = 1.40 (meters)
bg = -0.0004,-0.0030,-0.0031 | ba = 0.0041,0.0006,0.1656
camera-imu timeoffset = 0.00235
cam0 intrinsics = 351.141,353.958,367.571,253.953 | -0.041,-0.007,0.013,-0.006
cam1 intrinsics = 351.282,354.589,348.619,270.825 | -0.041,-0.004,0.005,-0.002
cam0 extrinsics = 0.501,0.501,0.495,0.504 | -0.039,0.011,-0.046
cam1 extrinsics = 0.500,0.502,0.499,0.500 | 0.069,0.013,-0.048
[34m[TIME]: 0.0102 seconds total (97.8 hz, 0.03 ms behind)
[0mq_GtoI = 0.999,0.034,0.002,0.029 | p_IinG = 0.821,0.670,0.869 | dist = 1.45 (meters)
bg = -0.0007,-0.0028,-0.0030 | ba = 0.0027,0.0002,0.1647
camera-imu timeoffset = 0.00237
cam0 intrinsics = 351.186,354.069,367.466,253.815 | -0.041,-0.007,0.013,-0.005
cam1 intrinsics = 351.329,354.721,348.586,270.804 | -0.041,-0.004,0.005,-0.002
cam0 extrinsics = 0.501,0.500,0.495,0.504 | -0.038,0.011,-0.046
cam1 extrinsics = 0.499,0.502,0.499,0.500 | 0.069,0.013,-0.048
[34m[TIME]: 0.0075 seconds total (133.7 hz, 0.04 ms behind)
[0mq_GtoI = 0.999,0.029,-0.002,0.014 | p_IinG = 0.858,0.667,0.853 | dist = 1.49 (meters)
bg = -0.0008,-0.0026,-0.0028 | ba = 0.0017,-0.0021,0.1649
camera-imu timeoffset = 0.00234
cam0 intrinsics = 351.194,354.024,367.355,253.621 | -0.041,-0.008,0.013,-0.005
cam1 intrinsics = 351.364,354.719,348.795,270.851 | -0.042,-0.004,0.006,-0.002
cam0 extrinsics = 0.501,0.500,0.494,0.504 | -0.038,0.011,-0.047
cam1 extrinsics = 0.499,0.502,0.499,0.500 | 0.070,0.013,-0.049
[34m[TIME]: 0.0084 seconds total (118.4 hz, 0.05 ms behind)
[0mq_GtoI = 0.999,0.032,-0.006,0.009 | p_IinG = 0.892,0.667,0.838 | dist = 1.52 (meters)
bg = -0.0011,-0.0023,-0.0027 | ba = 0.0009,-0.0033,0.1645
camera-imu timeoffset = 0.00227
cam0 intrinsics = 351.164,354.103,367.282,253.543 | -0.041,-0.008,0.013,-0.005
cam1 intrinsics = 351.314,354.812,348.850,270.863 | -0.042,-0.004,0.006,-0.003
cam0 extrinsics = 0.501,0.500,0.494,0.504 | -0.038,0.013,-0.046
cam1 extrinsics = 0.499,0.502,0.499,0.500 | 0.070,0.015,-0.047
[34m[TIME]: 0.0080 seconds total (124.3 hz, 0.06 ms behind)
[0mq_GtoI = 0.999,0.038,-0.007,0.010 | p_IinG = 0.924,0.670,0.823 | dist = 1.56 (meters)
bg = -0.0012,-0.0022,-0.0025 | ba = 0.0010,-0.0054,0.1642
camera-imu timeoffset = 0.00224
cam0 intrinsics = 351.136,354.117,367.263,253.449 | -0.041,-0.008,0.013,-0.005
cam1 intrinsics = 351.278,354.845,348.945,270.848 | -0.042,-0.003,0.006,-0.003
cam0 extrinsics = 0.501,0.500,0.494,0.504 | -0.038,0.014,-0.044
cam1 extrinsics = 0.499,0.502,0.499,0.501 | 0.070,0.017,-0.046
[34m[TIME]: 0.0072 seconds total (138.8 hz, 0.08 ms behind)
[0mq_GtoI = 0.999,0.042,-0.011,0.014 | p_IinG = 0.956,0.672,0.805 | dist = 1.59 (meters)
bg = -0.0013,-0.0021,-0.0024 | ba = 0.0028,-0.0070,0.1628
camera-imu timeoffset = 0.00223
cam0 intrinsics = 351.081,354.144,367.243,253.403 | -0.041,-0.008,0.013,-0.005
cam1 intrinsics = 351.231,354.881,349.008,270.842 | -0.042,-0.003,0.006,-0.003
cam0 extrinsics = 0.501,0.500,0.494,0.504 | -0.039,0.015,-0.044
cam1 extrinsics = 0.499,0.502,0.499,0.501 | 0.070,0.018,-0.045
[34m[TIME]: 0.0092 seconds total (109.0 hz, 0.09 ms behind)
[0mq_GtoI = 0.999,0.046,-0.011,0.016 | p_IinG = 0.988,0.671,0.784 | dist = 1.63 (meters)
bg = -0.0014,-0.0020,-0.0018 | ba = 0.0040,-0.0115,0.1628
camera-imu timeoffset = 0.00227
cam0 intrinsics = 350.961,354.055,367.189,253.333 | -0.042,-0.008,0.013,-0.005
cam1 intrinsics = 351.159,354.801,349.144,270.796 | -0.042,-0.003,0.007,-0.003
cam0 extrinsics = 0.501,0.500,0.494,0.505 | -0.039,0.017,-0.042
cam1 extrinsics = 0.499,0.502,0.499,0.501 | 0.070,0.019,-0.044
[34m[TIME]: 0.0103 seconds total (97.5 hz, 0.10 ms behind)
[0mq_GtoI = 0.998,0.053,-0.003,0.014 | p_IinG = 1.019,0.668,0.760 | dist = 1.67 (meters)
bg = -0.0015,-0.0019,-0.0013 | ba = 0.0051,-0.0153,0.1622
camera-imu timeoffset = 0.00230
cam0 intrinsics = 350.891,354.013,367.168,253.238 | -0.042,-0.008,0.012,-0.005
cam1 intrinsics = 351.124,354.784,349.252,270.780 | -0.043,-0.003,0.007,-0.003
cam0 extrinsics = 0.501,0.500,0.493,0.505 | -0.040,0.019,-0.041
cam1 extrinsics = 0.498,0.502,0.499,0.501 | 0.069,0.021,-0.042
[34m[TIME]: 0.0081 seconds total (123.5 hz, 0.11 ms behind)
[0mq_GtoI = 0.998,0.066,0.017,0.008 | p_IinG = 1.049,0.663,0.734 | dist = 1.71 (meters)
bg = -0.0014,-0.0018,-0.0010 | ba = 0.0067,-0.0177,0.1606
camera-imu timeoffset = 0.00228
cam0 intrinsics = 350.937,353.941,367.222,253.106 | -0.042,-0.008,0.013,-0.005
cam1 intrinsics = 351.140,354.734,349.306,270.830 | -0.043,-0.003,0.007,-0.003
cam0 extrinsics = 0.501,0.500,0.494,0.505 | -0.041,0.020,-0.040
cam1 extrinsics = 0.498,0.502,0.499,0.501 | 0.068,0.022,-0.041
[34m[TIME]: 0.0073 seconds total (137.7 hz, 0.12 ms behind)
[0mq_GtoI = 0.995,0.089,0.039,0.009 | p_IinG = 1.078,0.659,0.707 | dist = 1.75 (meters)
bg = -0.0014,-0.0016,-0.0007 | ba = 0.0062,-0.0195,0.1598
camera-imu timeoffset = 0.00231
cam0 intrinsics = 351.014,353.806,367.247,253.112 | -0.042,-0.008,0.013,-0.005
cam1 intrinsics = 351.194,354.608,349.411,270.940 | -0.043,-0.003,0.007,-0.003
cam0 extrinsics = 0.501,0.500,0.494,0.505 | -0.042,0.020,-0.040
cam1 extrinsics = 0.498,0.502,0.499,0.501 | 0.066,0.022,-0.041
[34m[TIME]: 0.0098 seconds total (102.0 hz, 0.13 ms behind)
[0mq_GtoI = 0.994,0.106,0.031,0.026 | p_IinG = 1.109,0.657,0.677 | dist = 1.80 (meters)
bg = -0.0013,-0.0017,-0.0005 | ba = 0.0021,-0.0234,0.1609
camera-imu timeoffset = 0.00224
cam0 intrinsics = 351.038,353.800,367.211,253.189 | -0.042,-0.008,0.013,-0.005
cam1 intrinsics = 351.235,354.604,349.428,271.028 | -0.043,-0.003,0.006,-0.003
cam0 extrinsics = 0.501,0.500,0.494,0.505 | -0.044,0.021,-0.041
cam1 extrinsics = 0.498,0.502,0.499,0.501 | 0.065,0.023,-0.042
[34m[TIME]: 0.0067 seconds total (149.9 hz, 0.14 ms behind)
[0mq_GtoI = 0.994,0.105,0.003,0.043 | p_IinG = 1.143,0.651,0.646 | dist = 1.84 (meters)
bg = -0.0012,-0.0016,-0.0004 | ba = -0.0004,-0.0267,0.1621
camera-imu timeoffset = 0.00214
cam0 intrinsics = 351.071,353.836,367.158,253.223 | -0.042,-0.008,0.013,-0.005
cam1 intrinsics = 351.323,354.662,349.430,271.031 | -0.043,-0.003,0.007,-0.003
cam0 extrinsics = 0.501,0.500,0.494,0.505 | -0.045,0.023,-0.040
cam1 extrinsics = 0.498,0.502,0.500,0.501 | 0.063,0.025,-0.041
[34m[TIME]: 0.0079 seconds total (126.8 hz, 0.15 ms behind)
[0mq_GtoI = 0.995,0.090,-0.024,0.047 | p_IinG = 1.177,0.639,0.618 | dist = 1.88 (meters)
bg = -0.0009,-0.0017,-0.0003 | ba = -0.0020,-0.0297,0.1630
camera-imu timeoffset = 0.00204
cam0 intrinsics = 351.265,353.664,367.144,253.259 | -0.042,-0.008,0.013,-0.005
cam1 intrinsics = 351.649,354.602,349.523,271.114 | -0.044,-0.003,0.007,-0.003
cam0 extrinsics = 0.501,0.500,0.494,0.504 | -0.047,0.025,-0.040
cam1 extrinsics = 0.497,0.502,0.500,0.500 | 0.062,0.028,-0.041
[34m[TIME]: 0.0072 seconds total (139.6 hz, 0.17 ms behind)
[0mq_GtoI = 0.996,0.074,-0.034,0.040 | p_IinG = 1.209,0.626,0.594 | dist = 1.92 (meters)
bg = -0.0008,-0.0016,-0.0002 | ba = -0.0031,-0.0310,0.1635
camera-imu timeoffset = 0.00202
cam0 intrinsics = 351.424,353.586,367.144,253.183 | -0.043,-0.008,0.013,-0.005
cam1 intrinsics = 351.826,354.523,349.565,271.071 | -0.044,-0.003,0.007,-0.003
cam0 extrinsics = 0.501,0.501,0.495,0.504 | -0.047,0.027,-0.040
cam1 extrinsics = 0.497,0.502,0.500,0.500 | 0.061,0.030,-0.040
[34m[TIME]: 0.0068 seconds total (146.6 hz, 0.19 ms behind)
[0mq_GtoI = 0.997,0.062,-0.033,0.037 | p_IinG = 1.242,0.615,0.572 | dist = 1.96 (meters)
bg = -0.0007,-0.0016,0.0000 | ba = -0.0039,-0.0294,0.1635
camera-imu timeoffset = 0.00203
cam0 intrinsics = 351.583,353.583,367.152,253.130 | -0.044,-0.008,0.013,-0.005
cam1 intrinsics = 351.947,354.475,349.544,271.105 | -0.044,-0.003,0.007,-0.003
cam0 extrinsics = 0.500,0.501,0.495,0.504 | -0.047,0.030,-0.039
cam1 extrinsics = 0.497,0.502,0.500,0.500 | 0.061,0.032,-0.039
[34m[TIME]: 0.0076 seconds total (131.4 hz, 0.21 ms behind)
[0mq_GtoI = 0.997,0.055,-0.034,0.043 | p_IinG = 1.275,0.609,0.550 | dist = 2.00 (meters)
bg = -0.0007,-0.0014,0.0002 | ba = -0.0074,-0.0284,0.1644
camera-imu timeoffset = 0.00208
cam0 intrinsics = 351.635,353.588,367.068,253.170 | -0.044,-0.008,0.013,-0.005
cam1 intrinsics = 351.985,354.478,349.547,271.113 | -0.044,-0.003,0.007,-0.003
cam0 extrinsics = 0.501,0.501,0.495,0.504 | -0.047,0.032,-0.038
cam1 extrinsics = 0.497,0.502,0.500,0.500 | 0.061,0.034,-0.038
[34m[TIME]: 0.0060 seconds total (165.9 hz, 0.22 ms behind)
[0mq_GtoI = 0.997,0.051,-0.033,0.055 | p_IinG = 1.309,0.605,0.528 | dist = 2.04 (meters)
bg = -0.0007,-0.0013,0.0004 | ba = -0.0091,-0.0266,0.1650
camera-imu timeoffset = 0.00209
cam0 intrinsics = 351.637,353.658,367.064,253.126 | -0.044,-0.008,0.013,-0.005
cam1 intrinsics = 351.982,354.541,349.574,271.077 | -0.044,-0.003,0.007,-0.003
cam0 extrinsics = 0.501,0.501,0.495,0.504 | -0.047,0.033,-0.038
cam1 extrinsics = 0.497,0.502,0.500,0.500 | 0.061,0.035,-0.038
[34m[TIME]: 0.0070 seconds total (143.3 hz, 0.22 ms behind)
[0mq_GtoI = 0.997,0.045,-0.024,0.056 | p_IinG = 1.342,0.599,0.507 | dist = 2.08 (meters)
bg = -0.0007,-0.0010,0.0006 | ba = -0.0110,-0.0239,0.1656
camera-imu timeoffset = 0.00208
cam0 intrinsics = 351.657,353.762,367.121,253.128 | -0.044,-0.009,0.013,-0.005
cam1 intrinsics = 351.984,354.634,349.638,271.090 | -0.044,-0.003,0.007,-0.003
cam0 extrinsics = 0.501,0.501,0.495,0.504 | -0.047,0.032,-0.037
cam1 extrinsics = 0.497,0.502,0.500,0.500 | 0.062,0.034,-0.038
[34m[TIME]: 0.0074 seconds total (134.9 hz, 0.23 ms behind)
[0mq_GtoI = 0.998,0.037,-0.009,0.042 | p_IinG = 1.374,0.592,0.488 | dist = 2.12 (meters)
bg = -0.0007,-0.0008,0.0007 | ba = -0.0128,-0.0215,0.1662
camera-imu timeoffset = 0.00209
cam0 intrinsics = 351.655,353.819,367.146,253.198 | -0.043,-0.009,0.013,-0.005
cam1 intrinsics = 351.957,354.660,349.639,271.123 | -0.044,-0.004,0.006,-0.003
cam0 extrinsics = 0.501,0.501,0.495,0.504 | -0.047,0.032,-0.038
cam1 extrinsics = 0.497,0.503,0.500,0.500 | 0.062,0.034,-0.038
[34m[TIME]: 0.0058 seconds total (171.5 hz, 0.24 ms behind)
[0mq_GtoI = 0.999,0.028,-0.014,0.027 | p_IinG = 1.407,0.583,0.470 | dist = 2.16 (meters)
bg = -0.0007,-0.0007,0.0007 | ba = -0.0132,-0.0206,0.1664
camera-imu timeoffset = 0.00206
cam0 intrinsics = 351.649,353.805,367.098,253.147 | -0.043,-0.009,0.013,-0.005
cam1 intrinsics = 351.942,354.646,349.704,271.121 | -0.043,-0.004,0.006,-0.003
cam0 extrinsics = 0.501,0.501,0.495,0.504 | -0.047,0.031,-0.038
cam1 extrinsics = 0.497,0.503,0.501,0.500 | 0.062,0.032,-0.038
[34m[TIME]: 0.0077 seconds total (130.3 hz, 0.00 ms behind)
[0mq_GtoI = 0.999,0.024,-0.033,0.020 | p_IinG = 1.439,0.576,0.450 | dist = 2.20 (meters)
bg = -0.0007,-0.0006,0.0010 | ba = -0.0115,-0.0200,0.1670
camera-imu timeoffset = 0.00204
cam0 intrinsics = 351.592,353.840,367.128,253.051 | -0.043,-0.009,0.013,-0.005
cam1 intrinsics = 351.869,354.692,349.747,271.013 | -0.043,-0.004,0.006,-0.002
cam0 extrinsics = 0.501,0.501,0.495,0.504 | -0.047,0.030,-0.038
cam1 extrinsics = 0.497,0.503,0.500,0.500 | 0.062,0.031,-0.039
[34m[TIME]: 0.0063 seconds total (159.6 hz, 0.01 ms behind)
[0mq_GtoI = 0.999,0.024,-0.043,0.021 | p_IinG = 1.470,0.570,0.433 | dist = 2.23 (meters)
bg = -0.0006,-0.0005,0.0012 | ba = -0.0133,-0.0175,0.1683
camera-imu timeoffset = 0.00211
cam0 intrinsics = 351.755,353.790,367.258,252.743 | -0.043,-0.009,0.012,-0.004
cam1 intrinsics = 351.935,354.605,349.971,270.769 | -0.042,-0.005,0.006,-0.002
cam0 extrinsics = 0.501,0.501,0.495,0.503 | -0.047,0.030,-0.038
cam1 extrinsics = 0.497,0.503,0.501,0.499 | 0.062,0.032,-0.038
[34m[TIME]: 0.0074 seconds total (134.6 hz, 0.03 ms behind)
[0mq_GtoI = 0.999,0.023,-0.041,0.028 | p_IinG = 1.502,0.567,0.413 | dist = 2.27 (meters)
bg = -0.0006,-0.0004,0.0013 | ba = -0.0118,-0.0176,0.1681
camera-imu timeoffset = 0.00212
cam0 intrinsics = 351.768,353.753,367.246,252.816 | -0.043,-0.009,0.012,-0.004
cam1 intrinsics = 352.005,354.584,349.959,270.739 | -0.042,-0.005,0.006,-0.002
cam0 extrinsics = 0.501,0.501,0.495,0.503 | -0.046,0.030,-0.038
cam1 extrinsics = 0.497,0.503,0.501,0.499 | 0.062,0.032,-0.038
[34m[TIME]: 0.0065 seconds total (152.9 hz, 0.03 ms behind)
[0mq_GtoI = 0.999,0.022,-0.035,0.031 | p_IinG = 1.537,0.563,0.389 | dist = 2.31 (meters)
bg = -0.0004,-0.0006,0.0012 | ba = -0.0077,-0.0193,0.1663
camera-imu timeoffset = 0.00214
cam0 intrinsics = 351.785,353.657,367.320,252.727 | -0.043,-0.009,0.012,-0.004
cam1 intrinsics = 352.053,354.501,350.019,270.633 | -0.043,-0.005,0.006,-0.002
cam0 extrinsics = 0.501,0.501,0.495,0.503 | -0.046,0.030,-0.038
cam1 extrinsics = 0.497,0.503,0.501,0.499 | 0.062,0.032,-0.038
[34m[TIME]: 0.0082 seconds total (122.3 hz, 0.04 ms behind)
[0mq_GtoI = 0.999,0.025,-0.028,0.031 | p_IinG = 1.571,0.555,0.363 | dist = 2.36 (meters)
bg = -0.0002,-0.0006,0.0013 | ba = -0.0044,-0.0201,0.1656
camera-imu timeoffset = 0.00215
cam0 intrinsics = 351.764,353.558,367.330,252.711 | -0.043,-0.010,0.012,-0.004
cam1 intrinsics = 352.067,354.430,350.040,270.602 | -0.043,-0.005,0.006,-0.002
cam0 extrinsics = 0.501,0.501,0.495,0.503 | -0.046,0.030,-0.039
cam1 extrinsics = 0.497,0.503,0.501,0.499 | 0.062,0.031,-0.039
[34m[TIME]: 0.0062 seconds total (161.2 hz, 0.05 ms behind)
[0mq_GtoI = 0.999,0.030,-0.021,0.034 | p_IinG = 1.605,0.548,0.336 | dist = 2.40 (meters)
bg = -0.0001,-0.0006,0.0013 | ba = -0.0026,-0.0204,0.1658
camera-imu timeoffset = 0.00215
cam0 intrinsics = 351.722,353.511,367.330,252.769 | -0.043,-0.009,0.012,-0.004
cam1 intrinsics = 352.040,354.386,350.046,270.681 | -0.043,-0.005,0.006,-0.002
cam0 extrinsics = 0.501,0.501,0.495,0.503 | -0.046,0.029,-0.040
cam1 extrinsics = 0.497,0.503,0.501,0.499 | 0.062,0.031,-0.040
[34m[TIME]: 0.0070 seconds total (143.5 hz, 0.06 ms behind)
[0mq_GtoI = 0.998,0.039,-0.009,0.041 | p_IinG = 1.642,0.544,0.313 | dist = 2.44 (meters)
bg = -0.0000,-0.0008,0.0011 | ba = -0.0016,-0.0218,0.1637
camera-imu timeoffset = 0.00217
cam0 intrinsics = 351.712,353.395,367.352,252.928 | -0.043,-0.009,0.012,-0.004
cam1 intrinsics = 352.194,354.338,349.865,270.648 | -0.043,-0.005,0.006,-0.002
cam0 extrinsics = 0.500,0.502,0.495,0.503 | -0.045,0.030,-0.040
cam1 extrinsics = 0.497,0.503,0.501,0.499 | 0.063,0.032,-0.039
[34m[TIME]: 0.0101 seconds total (98.6 hz, 0.07 ms behind)
[0mq_GtoI = 0.997,0.048,-0.009,0.051 | p_IinG = 1.676,0.539,0.290 | dist = 2.48 (meters)
bg = 0.0000,-0.0008,0.0011 | ba = -0.0014,-0.0227,0.1639
camera-imu timeoffset = 0.00216
cam0 intrinsics = 351.700,353.362,367.321,252.942 | -0.043,-0.009,0.012,-0.004
cam1 intrinsics = 352.192,354.311,349.851,270.657 | -0.043,-0.005,0.006,-0.002
cam0 extrinsics = 0.500,0.502,0.495,0.503 | -0.045,0.030,-0.040
cam1 extrinsics = 0.497,0.503,0.501,0.499 | 0.063,0.032,-0.040
[34m[TIME]: 0.0059 seconds total (169.3 hz, 0.08 ms behind)
[0mq_GtoI = 0.996,0.044,-0.030,0.067 | p_IinG = 1.708,0.533,0.269 | dist = 2.52 (meters)
bg = 0.0002,-0.0008,0.0011 | ba = 0.0012,-0.0234,0.1645
camera-imu timeoffset = 0.00216
cam0 intrinsics = 351.651,353.355,367.321,252.967 | -0.043,-0.009,0.012,-0.004
cam1 intrinsics = 352.149,354.307,349.919,270.745 | -0.043,-0.005,0.007,-0.002
cam0 extrinsics = 0.500,0.501,0.496,0.503 | -0.046,0.031,-0.040
cam1 extrinsics = 0.497,0.503,0.501,0.498 | 0.062,0.033,-0.040
[34m[TIME]: 0.0069 seconds total (145.4 hz, 0.09 ms behind)
[0mq_GtoI = 0.996,0.033,-0.055,0.067 | p_IinG = 1.741,0.523,0.252 | dist = 2.56 (meters)
bg = 0.0002,-0.0007,0.0011 | ba = 0.0031,-0.0231,0.1644
camera-imu timeoffset = 0.00215
cam0 intrinsics = 351.673,353.363,367.330,252.958 | -0.043,-0.009,0.012,-0.004
cam1 intrinsics = 352.116,354.291,349.949,270.773 | -0.043,-0.005,0.007,-0.002
cam0 extrinsics = 0.500,0.501,0.496,0.503 | -0.046,0.031,-0.040
cam1 extrinsics = 0.497,0.503,0.501,0.498 | 0.062,0.033,-0.040
[34m[TIME]: 0.0047 seconds total (210.9 hz, 0.10 ms behind)
[0mq_GtoI = 0.996,0.022,-0.063,0.058 | p_IinG = 1.771,0.511,0.236 | dist = 2.60 (meters)
bg = 0.0004,-0.0007,0.0011 | ba = 0.0061,-0.0240,0.1642
camera-imu timeoffset = 0.00214
cam0 intrinsics = 351.643,353.398,367.354,253.055 | -0.043,-0.009,0.012,-0.004
cam1 intrinsics = 352.112,354.311,349.944,270.860 | -0.043,-0.005,0.007,-0.002
cam0 extrinsics = 0.500,0.502,0.496,0.502 | -0.046,0.031,-0.041
cam1 extrinsics = 0.497,0.503,0.501,0.498 | 0.063,0.032,-0.040
[34m[TIME]: 0.0078 seconds total (128.5 hz, 0.11 ms behind)
[0mq_GtoI = 0.997,0.014,-0.057,0.056 | p_IinG = 1.799,0.500,0.220 | dist = 2.63 (meters)
bg = 0.0003,-0.0006,0.0011 | ba = 0.0057,-0.0237,0.1648
camera-imu timeoffset = 0.00215
cam0 intrinsics = 351.631,353.472,367.285,253.063 | -0.043,-0.009,0.012,-0.004
cam1 intrinsics = 352.111,354.404,349.888,270.868 | -0.043,-0.005,0.007,-0.002
cam0 extrinsics = 0.500,0.501,0.496,0.503 | -0.046,0.030,-0.040
cam1 extrinsics = 0.497,0.503,0.501,0.498 | 0.062,0.032,-0.040
[34m[TIME]: 0.0042 seconds total (236.6 hz, 0.12 ms behind)
[0mq_GtoI = 0.997,0.006,-0.046,0.061 | p_IinG = 1.828,0.491,0.201 | dist = 2.67 (meters)
bg = 0.0003,-0.0005,0.0012 | ba = 0.0053,-0.0223,0.1653
camera-imu timeoffset = 0.00214
cam0 intrinsics = 351.601,353.546,367.238,253.009 | -0.043,-0.009,0.012,-0.004
cam1 intrinsics = 352.064,354.464,349.815,270.847 | -0.043,-0.005,0.006,-0.002
cam0 extrinsics = 0.500,0.502,0.496,0.503 | -0.046,0.030,-0.040
cam1 extrinsics = 0.497,0.503,0.501,0.498 | 0.062,0.032,-0.040
[34m[TIME]: 0.0043 seconds total (235.2 hz, 0.13 ms behind)
[0mq_GtoI = 0.997,-0.009,-0.040,0.063 | p_IinG = 1.860,0.485,0.179 | dist = 2.71 (meters)
bg = 0.0003,-0.0006,0.0012 | ba = 0.0036,-0.0250,0.1645
camera-imu timeoffset = 0.00214
cam0 intrinsics = 351.653,353.541,367.211,253.066 | -0.043,-0.009,0.012,-0.004
cam1 intrinsics = 352.116,354.457,349.785,270.914 | -0.043,-0.005,0.006,-0.002
cam0 extrinsics = 0.500,0.501,0.495,0.503 | -0.046,0.030,-0.040
cam1 extrinsics = 0.497,0.503,0.501,0.499 | 0.062,0.032,-0.040
[34m[TIME]: 0.0087 seconds total (115.2 hz, 0.14 ms behind)
[0mq_GtoI = 0.997,-0.028,-0.042,0.059 | p_IinG = 1.895,0.475,0.155 | dist = 2.75 (meters)
bg = 0.0001,-0.0005,0.0013 | ba = -0.0006,-0.0240,0.1650
camera-imu timeoffset = 0.00215
cam0 intrinsics = 351.639,353.578,367.155,253.042 | -0.043,-0.009,0.012,-0.004
cam1 intrinsics = 352.096,354.500,349.673,270.928 | -0.043,-0.005,0.006,-0.002
cam0 extrinsics = 0.500,0.501,0.495,0.503 | -0.046,0.030,-0.040
cam1 extrinsics = 0.497,0.503,0.501,0.499 | 0.062,0.031,-0.040
[34m[TIME]: 0.0078 seconds total (128.7 hz, 0.15 ms behind)
[0mq_GtoI = 0.997,-0.051,-0.035,0.046 | p_IinG = 1.927,0.467,0.130 | dist = 2.79 (meters)
bg = 0.0002,-0.0005,0.0013 | ba = 0.0015,-0.0260,0.1649
camera-imu timeoffset = 0.00214
cam0 intrinsics = 351.679,353.616,367.129,253.079 | -0.043,-0.009,0.012,-0.004
cam1 intrinsics = 352.147,354.548,349.630,270.936 | -0.043,-0.005,0.006,-0.002
cam0 extrinsics = 0.500,0.501,0.495,0.503 | -0.046,0.029,-0.040
cam1 extrinsics = 0.497,0.503,0.501,0.499 | 0.062,0.031,-0.040
[34m[TIME]: 0.0053 seconds total (189.9 hz, 0.16 ms behind)
[0mq_GtoI = 0.997,-0.070,-0.022,0.031 | p_IinG = 1.960,0.459,0.103 | dist = 2.83 (meters)
bg = 0.0003,-0.0004,0.0013 | ba = 0.0105,-0.0233,0.1642
camera-imu timeoffset = 0.00211
cam0 intrinsics = 351.651,353.629,366.951,253.078 | -0.043,-0.009,0.012,-0.004
cam1 intrinsics = 352.087,354.527,349.428,270.968 | -0.042,-0.005,0.006,-0.002
cam0 extrinsics = 0.500,0.501,0.495,0.503 | -0.046,0.029,-0.039
cam1 extrinsics = 0.497,0.503,0.501,0.499 | 0.062,0.030,-0.039
[34m[TIME]: 0.0068 seconds total (148.1 hz, 0.18 ms behind)
[0mq_GtoI = 0.996,-0.077,-0.028,0.022 | p_IinG = 1.991,0.453,0.083 | dist = 2.87 (meters)
bg = 0.0003,-0.0003,0.0014 | ba = 0.0120,-0.0235,0.1649
camera-imu timeoffset = 0.00213
cam0 intrinsics = 351.610,353.634,366.891,253.223 | -0.042,-0.009,0.012,-0.004
cam1 intrinsics = 352.046,354.552,349.326,271.055 | -0.042,-0.004,0.006,-0.002
cam0 extrinsics = 0.500,0.501,0.495,0.503 | -0.045,0.029,-0.039
cam1 extrinsics = 0.497,0.503,0.501,0.499 | 0.063,0.030,-0.038
[34m[TIME]: 0.0061 seconds total (163.0 hz, 0.19 ms behind)
[0mq_GtoI = 0.996,-0.071,-0.040,0.020 | p_IinG = 2.022,0.449,0.061 | dist = 2.91 (meters)
bg = 0.0004,-0.0005,0.0013 | ba = 0.0134,-0.0279,0.1637
camera-imu timeoffset = 0.00214
cam0 intrinsics = 351.523,353.581,366.766,253.163 | -0.042,-0.009,0.012,-0.004
cam1 intrinsics = 352.050,354.575,349.350,271.104 | -0.042,-0.005,0.006,-0.002
cam0 extrinsics = 0.500,0.501,0.495,0.503 | -0.047,0.030,-0.039
cam1 extrinsics = 0.497,0.503,0.501,0.499 | 0.061,0.031,-0.038
[34m[TIME]: 0.0052 seconds total (192.7 hz, 0.20 ms behind)
[0mq_GtoI = 0.997,-0.062,-0.043,0.025 | p_IinG = 2.052,0.448,0.043 | dist = 2.94 (meters)
bg = 0.0004,-0.0005,0.0012 | ba = 0.0152,-0.0310,0.1633
camera-imu timeoffset = 0.00215
cam0 intrinsics = 351.523,353.572,366.747,253.187 | -0.042,-0.009,0.012,-0.004
cam1 intrinsics = 352.048,354.565,349.334,271.123 | -0.042,-0.005,0.006,-0.002
cam0 extrinsics = 0.500,0.501,0.495,0.503 | -0.047,0.029,-0.039
cam1 extrinsics = 0.497,0.503,0.501,0.499 | 0.061,0.031,-0.038
[34m[TIME]: 0.0066 seconds total (152.1 hz, 0.21 ms behind)
[0mq_GtoI = 0.997,-0.057,-0.039,0.031 | p_IinG = 2.082,0.445,0.024 | dist = 2.98 (meters)
bg = 0.0004,-0.0005,0.0012 | ba = 0.0164,-0.0319,0.1631
camera-imu timeoffset = 0.00216
cam0 intrinsics = 351.531,353.557,366.733,253.192 | -0.042,-0.009,0.012,-0.004
cam1 intrinsics = 352.061,354.553,349.317,271.123 | -0.042,-0.005,0.006,-0.002
cam0 extrinsics = 0.500,0.501,0.495,0.503 | -0.047,0.029,-0.039
cam1 extrinsics = 0.497,0.503,0.501,0.499 | 0.061,0.031,-0.038
[34m[TIME]: 0.0043 seconds total (231.3 hz, 0.22 ms behind)
[0mq_GtoI = 0.997,-0.056,-0.031,0.031 | p_IinG = 2.115,0.438,0.003 | dist = 3.02 (meters)
bg = 0.0004,-0.0005,0.0011 | ba = 0.0136,-0.0307,0.1629
camera-imu timeoffset = 0.00215
cam0 intrinsics = 351.598,353.623,366.814,253.293 | -0.043,-0.009,0.012,-0.004
cam1 intrinsics = 352.163,354.637,349.153,271.121 | -0.042,-0.005,0.006,-0.002
cam0 extrinsics = 0.500,0.501,0.495,0.503 | -0.047,0.029,-0.039
cam1 extrinsics = 0.497,0.503,0.501,0.499 | 0.061,0.030,-0.038
[34m[TIME]: 0.0065 seconds total (154.5 hz, 0.23 ms behind)
[0mq_GtoI = 0.998,-0.056,-0.025,0.030 | p_IinG = 2.147,0.431,-0.022 | dist = 3.06 (meters)
bg = 0.0004,-0.0006,0.0011 | ba = 0.0153,-0.0311,0.1627
camera-imu timeoffset = 0.00215
cam0 intrinsics = 351.600,353.609,366.806,253.292 | -0.042,-0.009,0.012,-0.004
cam1 intrinsics = 352.168,354.623,349.107,271.113 | -0.042,-0.005,0.006,-0.002
cam0 extrinsics = 0.500,0.501,0.495,0.503 | -0.047,0.029,-0.039
cam1 extrinsics = 0.497,0.503,0.501,0.499 | 0.062,0.030,-0.037
[34m[TIME]: 0.0066 seconds total (150.8 hz, 0.24 ms behind)
[0mq_GtoI = 0.998,-0.057,-0.016,0.033 | p_IinG = 2.179,0.422,-0.049 | dist = 3.10 (meters)
bg = 0.0004,-0.0006,0.0011 | ba = 0.0140,-0.0318,0.1626
camera-imu timeoffset = 0.00215
cam0 intrinsics = 351.608,353.601,366.820,253.292 | -0.043,-0.009,0.012,-0.004
cam1 intrinsics = 352.182,354.617,349.087,271.099 | -0.042,-0.005,0.006,-0.002
cam0 extrinsics = 0.500,0.501,0.495,0.503 | -0.047,0.029,-0.039
cam1 extrinsics = 0.497,0.503,0.501,0.499 | 0.062,0.030,-0.037
[34m[TIME]: 0.0072 seconds total (139.4 hz, 0.25 ms behind)
[0mq_GtoI = 0.997,-0.059,-0.007,0.041 | p_IinG = 2.211,0.415,-0.076 | dist = 3.14 (meters)
bg = 0.0005,-0.0006,0.0010 | ba = 0.0179,-0.0319,0.1622
camera-imu timeoffset = 0.00215
cam0 intrinsics = 351.599,353.580,366.811,253.333 | -0.042,-0.009,0.012,-0.004
cam1 intrinsics = 352.176,354.593,349.019,271.109 | -0.042,-0.005,0.006,-0.002
cam0 extrinsics = 0.500,0.501,0.495,0.503 | -0.047,0.029,-0.039
cam1 extrinsics = 0.497,0.503,0.501,0.499 | 0.062,0.030,-0.037
[34m[TIME]: 0.0070 seconds total (141.9 hz, 0.01 ms behind)
[0mq_GtoI = 0.996,-0.065,-0.020,0.053 | p_IinG = 2.245,0.406,-0.099 | dist = 3.18 (meters)
bg = 0.0005,-0.0005,0.0010 | ba = 0.0172,-0.0291,0.1623
camera-imu timeoffset = 0.00215
cam0 intrinsics = 351.607,353.573,366.880,253.363 | -0.043,-0.009,0.012,-0.004
cam1 intrinsics = 352.205,354.581,348.992,271.066 | -0.042,-0.005,0.006,-0.002
cam0 extrinsics = 0.500,0.501,0.495,0.503 | -0.047,0.029,-0.039
cam1 extrinsics = 0.497,0.503,0.501,0.499 | 0.062,0.030,-0.037
[34m[TIME]: 0.0093 seconds total (107.6 hz, 0.02 ms behind)
[0mq_GtoI = 0.994,-0.078,-0.044,0.059 | p_IinG = 2.280,0.402,-0.130 | dist = 3.22 (meters)
bg = 0.0009,-0.0003,0.0008 | ba = 0.0451,-0.0167,0.1605
camera-imu timeoffset = 0.00214
cam0 intrinsics = 351.542,353.514,366.694,253.402 | -0.042,-0.009,0.011,-0.004
cam1 intrinsics = 352.071,354.432,348.836,271.184 | -0.040,-0.006,0.005,-0.002
cam0 extrinsics = 0.501,0.501,0.495,0.503 | -0.047,0.029,-0.038
cam1 extrinsics = 0.498,0.503,0.501,0.499 | 0.061,0.030,-0.037
[34m[TIME]: 0.0113 seconds total (88.4 hz, 0.03 ms behind)
[0mq_GtoI = 0.993,-0.090,-0.049,0.054 | p_IinG = 2.307,0.392,-0.148 | dist = 3.25 (meters)
bg = 0.0009,-0.0003,0.0008 | ba = 0.0449,-0.0198,0.1600
camera-imu timeoffset = 0.00215
cam0 intrinsics = 351.581,353.518,366.709,253.433 | -0.042,-0.009,0.011,-0.004
cam1 intrinsics = 352.093,354.420,348.870,271.207 | -0.040,-0.006,0.005,-0.002
cam0 extrinsics = 0.500,0.501,0.495,0.503 | -0.047,0.028,-0.038
cam1 extrinsics = 0.498,0.503,0.501,0.499 | 0.062,0.029,-0.037
[34m[TIME]: 0.0090 seconds total (111.6 hz, 0.04 ms behind)
[0mq_GtoI = 0.993,-0.096,-0.045,0.055 | p_IinG = 2.335,0.386,-0.170 | dist = 3.29 (meters)
bg = 0.0010,-0.0004,0.0007 | ba = 0.0499,-0.0225,0.1586
camera-imu timeoffset = 0.00216
cam0 intrinsics = 351.541,353.488,366.810,253.449 | -0.042,-0.009,0.011,-0.004
cam1 intrinsics = 352.052,354.371,348.891,271.227 | -0.040,-0.006,0.005,-0.002
cam0 extrinsics = 0.500,0.501,0.496,0.503 | -0.046,0.028,-0.039
cam1 extrinsics = 0.497,0.503,0.501,0.499 | 0.062,0.029,-0.037
[34m[TIME]: 0.0064 seconds total (157.5 hz, 0.05 ms behind)
[0mq_GtoI = 0.992,-0.098,-0.044,0.060 | p_IinG = 2.365,0.383,-0.194 | dist = 3.32 (meters)
bg = 0.0011,-0.0004,0.0007 | ba = 0.0536,-0.0211,0.1579
camera-imu timeoffset = 0.00216
cam0 intrinsics = 351.521,353.447,366.793,253.517 | -0.042,-0.009,0.011,-0.004
cam1 intrinsics = 352.079,354.364,348.822,271.229 | -0.040,-0.006,0.005,-0.002
cam0 extrinsics = 0.500,0.501,0.496,0.503 | -0.046,0.028,-0.039
cam1 extrinsics = 0.498,0.503,0.501,0.499 | 0.062,0.029,-0.037
[34m[TIME]: 0.0088 seconds total (113.3 hz, 0.06 ms behind)
[0mq_GtoI = 0.992,-0.102,-0.045,0.062 | p_IinG = 2.394,0.380,-0.220 | dist = 3.36 (meters)
bg = 0.0011,-0.0004,0.0007 | ba = 0.0568,-0.0188,0.1576
camera-imu timeoffset = 0.00216
cam0 intrinsics = 351.526,353.434,366.779,253.505 | -0.042,-0.009,0.011,-0.004
cam1 intrinsics = 352.088,354.352,348.805,271.220 | -0.040,-0.006,0.005,-0.002
cam0 extrinsics = 0.500,0.501,0.496,0.503 | -0.046,0.028,-0.038
cam1 extrinsics = 0.497,0.503,0.501,0.499 | 0.063,0.029,-0.037
[34m[TIME]: 0.0062 seconds total (162.2 hz, 0.07 ms behind)
[0mq_GtoI = 0.991,-0.115,-0.046,0.055 | p_IinG = 2.424,0.375,-0.246 | dist = 3.40 (meters)
bg = 0.0011,-0.0004,0.0006 | ba = 0.0581,-0.0162,0.1575
camera-imu timeoffset = 0.00216
cam0 intrinsics = 351.534,353.437,366.792,253.505 | -0.042,-0.009,0.011,-0.004
cam1 intrinsics = 352.099,354.356,348.814,271.225 | -0.040,-0.006,0.005,-0.002
cam0 extrinsics = 0.500,0.501,0.496,0.503 | -0.046,0.028,-0.038
cam1 extrinsics = 0.497,0.503,0.501,0.499 | 0.063,0.029,-0.037
[34m[TIME]: 0.0103 seconds total (97.3 hz, 0.08 ms behind)
[0mq_GtoI = 0.990,-0.131,-0.042,0.043 | p_IinG = 2.453,0.370,-0.272 | dist = 3.44 (meters)
bg = 0.0011,-0.0004,0.0006 | ba = 0.0625,-0.0140,0.1568
camera-imu timeoffset = 0.00215
cam0 intrinsics = 351.543,353.440,366.760,253.539 | -0.042,-0.009,0.011,-0.004
cam1 intrinsics = 352.099,354.345,348.810,271.238 | -0.039,-0.006,0.005,-0.002
cam0 extrinsics = 0.500,0.501,0.496,0.503 | -0.046,0.028,-0.038
cam1 extrinsics = 0.497,0.503,0.501,0.499 | 0.063,0.029,-0.036
[34m[TIME]: 0.0093 seconds total (107.7 hz, 0.09 ms behind)
[0mq_GtoI = 0.987,-0.147,-0.050,0.031 | p_IinG = 2.481,0.365,-0.293 | dist = 3.47 (meters)
bg = 0.0012,-0.0004,0.0005 | ba = 0.0630,-0.0123,0.1567
camera-imu timeoffset = 0.00214
cam0 intrinsics = 351.550,353.449,366.795,253.580 | -0.042,-0.009,0.011,-0.004
cam1 intrinsics = 352.115,354.361,348.821,271.273 | -0.039,-0.006,0.005,-0.002
cam0 extrinsics = 0.500,0.501,0.496,0.503 | -0.046,0.028,-0.038
cam1 extrinsics = 0.497,0.503,0.501,0.499 | 0.063,0.029,-0.036
[34m[TIME]: 0.0104 seconds total (96.5 hz, 0.10 ms behind)
[0mq_GtoI = 0.985,-0.155,-0.067,0.024 | p_IinG = 2.508,0.360,-0.311 | dist = 3.50 (meters)
bg = 0.0012,-0.0003,0.0005 | ba = 0.0638,-0.0101,0.1568
camera-imu timeoffset = 0.00213
cam0 intrinsics = 351.552,353.467,366.830,253.609 | -0.042,-0.009,0.011,-0.004
cam1 intrinsics = 352.119,354.379,348.830,271.284 | -0.039,-0.006,0.004,-0.002
cam0 extrinsics = 0.500,0.501,0.496,0.503 | -0.045,0.027,-0.037
cam1 extrinsics = 0.497,0.503,0.501,0.499 | 0.063,0.028,-0.036
[34m[TIME]: 0.0100 seconds total (100.2 hz, 0.11 ms behind)
[0mq_GtoI = 0.985,-0.154,-0.077,0.020 | p_IinG = 2.535,0.355,-0.329 | dist = 3.54 (meters)
bg = 0.0012,-0.0004,0.0005 | ba = 0.0659,-0.0100,0.1567
camera-imu timeoffset = 0.00213
cam0 intrinsics = 351.547,353.464,366.858,253.630 | -0.042,-0.009,0.011,-0.004
cam1 intrinsics = 352.108,354.371,348.833,271.274 | -0.039,-0.006,0.004,-0.002
cam0 extrinsics = 0.500,0.501,0.496,0.503 | -0.046,0.027,-0.037
cam1 extrinsics = 0.497,0.503,0.501,0.499 | 0.063,0.028,-0.036
[34m[TIME]: 0.0066 seconds total (152.3 hz, 0.13 ms behind)
[0mq_GtoI = 0.984,-0.160,-0.081,0.023 | p_IinG = 2.564,0.350,-0.348 | dist = 3.57 (meters)
bg = 0.0011,-0.0003,0.0005 | ba = 0.0647,-0.0082,0.1568
camera-imu timeoffset = 0.00213
cam0 intrinsics = 351.542,353.462,366.878,253.651 | -0.042,-0.009,0.011,-0.004
cam1 intrinsics = 352.108,354.370,348.823,271.279 | -0.039,-0.006,0.004,-0.001
cam0 extrinsics = 0.500,0.501,0.496,0.503 | -0.045,0.027,-0.037
cam1 extrinsics = 0.498,0.503,0.501,0.499 | 0.063,0.028,-0.036
[34m[TIME]: 0.0048 seconds total (210.4 hz, 0.14 ms behind)
[0mq_GtoI = 0.982,-0.169,-0.075,0.023 | p_IinG = 2.592,0.342,-0.369 | dist = 3.61 (meters)
bg = 0.0011,-0.0003,0.0005 | ba = 0.0643,-0.0064,0.1569
camera-imu timeoffset = 0.00213
cam0 intrinsics = 351.530,353.460,366.904,253.666 | -0.042,-0.009,0.011,-0.004
cam1 intrinsics = 352.100,354.368,348.820,271.282 | -0.039,-0.006,0.004,-0.001
cam0 extrinsics = 0.500,0.501,0.496,0.503 | -0.046,0.027,-0.037
cam1 extrinsics = 0.498,0.503,0.501,0.499 | 0.063,0.028,-0.036
[34m[TIME]: 0.0080 seconds total (125.8 hz, 0.15 ms behind)
[0mq_GtoI = 0.982,-0.176,-0.063,0.022 | p_IinG = 2.620,0.331,-0.392 | dist = 3.64 (meters)
bg = 0.0011,-0.0003,0.0004 | ba = 0.0605,-0.0041,0.1574
camera-imu timeoffset = 0.00214
cam0 intrinsics = 351.516,353.476,366.910,253.677 | -0.042,-0.009,0.011,-0.004
cam1 intrinsics = 352.098,354.390,348.803,271.286 | -0.039,-0.006,0.004,-0.001
cam0 extrinsics = 0.500,0.501,0.496,0.503 | -0.046,0.027,-0.038
cam1 extrinsics = 0.498,0.503,0.501,0.499 | 0.063,0.028,-0.036
[34m[TIME]: 0.0094 seconds total (106.6 hz, 0.16 ms behind)
[0mq_GtoI = 0.983,-0.176,-0.055,0.022 | p_IinG = 2.651,0.322,-0.423 | dist = 3.69 (meters)
bg = 0.0011,-0.0003,0.0005 | ba = 0.0650,-0.0014,0.1570
camera-imu timeoffset = 0.00215
cam0 intrinsics = 351.473,353.456,366.928,253.668 | -0.042,-0.008,0.011,-0.004
cam1 intrinsics = 352.058,354.384,348.873,271.337 | -0.039,-0.006,0.004,-0.002
cam0 extrinsics = 0.500,0.501,0.496,0.503 | -0.045,0.027,-0.038
cam1 extrinsics = 0.497,0.503,0.501,0.499 | 0.063,0.028,-0.036
[34m[TIME]: 0.0078 seconds total (127.5 hz, 0.17 ms behind)
[0mq_GtoI = 0.984,-0.170,-0.052,0.023 | p_IinG = 2.683,0.312,-0.451 | dist = 3.73 (meters)
bg = 0.0011,-0.0003,0.0005 | ba = 0.0647,-0.0005,0.1571
camera-imu timeoffset = 0.00214
cam0 intrinsics = 351.466,353.461,366.939,253.676 | -0.042,-0.008,0.011,-0.004
cam1 intrinsics = 352.054,354.389,348.852,271.339 | -0.039,-0.006,0.004,-0.002
cam0 extrinsics = 0.500,0.501,0.496,0.503 | -0.045,0.027,-0.038
cam1 extrinsics = 0.497,0.503,0.501,0.499 | 0.064,0.028,-0.036
[34m[TIME]: 0.0082 seconds total (121.5 hz, 0.18 ms behind)
[0mq_GtoI = 0.985,-0.163,-0.044,0.030 | p_IinG = 2.713,0.306,-0.477 | dist = 3.77 (meters)
bg = 0.0011,-0.0003,0.0004 | ba = 0.0655,-0.0003,0.1571
camera-imu timeoffset = 0.00214
cam0 intrinsics = 351.450,353.463,366.952,253.689 | -0.042,-0.008,0.011,-0.004
cam1 intrinsics = 352.044,354.391,348.826,271.339 | -0.039,-0.005,0.004,-0.002
cam0 extrinsics = 0.500,0.501,0.496,0.503 | -0.045,0.027,-0.038
cam1 extrinsics = 0.497,0.503,0.501,0.499 | 0.064,0.028,-0.036
[34m[TIME]: 0.0049 seconds total (203.1 hz, 0.19 ms behind)
[0mq_GtoI = 0.986,-0.154,-0.049,0.039 | p_IinG = 2.744,0.301,-0.496 | dist = 3.81 (meters)
bg = 0.0011,-0.0003,0.0004 | ba = 0.0621,0.0004,0.1575
camera-imu timeoffset = 0.00213
cam0 intrinsics = 351.479,353.479,366.955,253.669 | -0.042,-0.008,0.011,-0.004
cam1 intrinsics = 352.067,354.401,348.818,271.318 | -0.039,-0.006,0.004,-0.002
cam0 extrinsics = 0.500,0.501,0.496,0.503 | -0.045,0.027,-0.038
cam1 extrinsics = 0.498,0.503,0.501,0.499 | 0.064,0.028,-0.036
[34m[TIME]: 0.0066 seconds total (151.3 hz, 0.20 ms behind)
[0mq_GtoI = 0.984,-0.155,-0.077,0.051 | p_IinG = 2.773,0.296,-0.513 | dist = 3.84 (meters)
bg = 0.0011,-0.0003,0.0004 | ba = 0.0629,0.0010,0.1576
camera-imu timeoffset = 0.00212
cam0 intrinsics = 351.478,353.467,366.948,253.671 | -0.042,-0.008,0.011,-0.004
cam1 intrinsics = 352.063,354.384,348.796,271.324 | -0.039,-0.005,0.004,-0.002
cam0 extrinsics = 0.500,0.501,0.496,0.503 | -0.045,0.027,-0.038
cam1 extrinsics = 0.498,0.503,0.501,0.499 | 0.064,0.028,-0.036
[34m[TIME]: 0.0063 seconds total (158.3 hz, 0.21 ms behind)
[0mq_GtoI = 0.981,-0.161,-0.094,0.054 | p_IinG = 2.799,0.291,-0.528 | dist = 3.87 (meters)
bg = 0.0011,-0.0003,0.0004 | ba = 0.0637,0.0014,0.1575
camera-imu timeoffset = 0.00212
cam0 intrinsics = 351.478,353.457,366.953,253.681 | -0.043,-0.008,0.012,-0.004
cam1 intrinsics = 352.063,354.370,348.778,271.326 | -0.039,-0.005,0.004,-0.002
cam0 extrinsics = 0.500,0.501,0.496,0.503 | -0.045,0.027,-0.038
cam1 extrinsics = 0.498,0.503,0.501,0.499 | 0.064,0.028,-0.036
[34m[TIME]: 0.0053 seconds total (187.2 hz, 0.22 ms behind)
[0mq_GtoI = 0.981,-0.165,-0.092,0.048 | p_IinG = 2.823,0.285,-0.544 | dist = 3.90 (meters)
bg = 0.0011,-0.0003,0.0004 | ba = 0.0706,0.0023,0.1572
camera-imu timeoffset = 0.00212
cam0 intrinsics = 351.435,353.433,366.961,253.694 | -0.043,-0.008,0.012,-0.004
cam1 intrinsics = 352.026,354.343,348.733,271.327 | -0.040,-0.005,0.004,-0.002
cam0 extrinsics = 0.500,0.501,0.496,0.503 | -0.045,0.027,-0.039
cam1 extrinsics = 0.498,0.503,0.501,0.499 | 0.064,0.028,-0.036
[34m[TIME]: 0.0060 seconds total (168.0 hz, 0.23 ms behind)
[0mq_GtoI = 0.981,-0.164,-0.088,0.047 | p_IinG = 2.849,0.281,-0.560 | dist = 3.93 (meters)
bg = 0.0011,-0.0003,0.0004 | ba = 0.0708,0.0020,0.1571
camera-imu timeoffset = 0.00212
cam0 intrinsics = 351.433,353.434,366.975,253.707 | -0.043,-0.008,0.012,-0.004
cam1 intrinsics = 352.021,354.339,348.728,271.337 | -0.040,-0.005,0.004,-0.002
cam0 extrinsics = 0.500,0.501,0.496,0.503 | -0.045,0.027,-0.039
cam1 extrinsics = 0.498,0.503,0.501,0.499 | 0.064,0.028,-0.036
[34m[TIME]: 0.0050 seconds total (199.0 hz, 0.24 ms behind)
[0mq_GtoI = 0.982,-0.159,-0.087,0.048 | p_IinG = 2.877,0.280,-0.581 | dist = 3.97 (meters)
bg = 0.0011,-0.0003,0.0004 | ba = 0.0715,0.0021,0.1571
camera-imu timeoffset = 0.00212
cam0 intrinsics = 351.433,353.432,366.984,253.714 | -0.043,-0.008,0.012,-0.004
cam1 intrinsics = 352.020,354.333,348.715,271.342 | -0.040,-0.005,0.004,-0.002
cam0 extrinsics = 0.500,0.501,0.496,0.503 | -0.045,0.027,-0.039
cam1 extrinsics = 0.498,0.503,0.501,0.499 | 0.064,0.028,-0.036
[34m[TIME]: 0.0036 seconds total (274.2 hz, 0.00 ms behind)
[0mq_GtoI = 0.983,-0.154,-0.085,0.051 | p_IinG = 2.905,0.279,-0.606 | dist = 4.00 (meters)
bg = 0.0011,-0.0003,0.0004 | ba = 0.0723,0.0022,0.1570
camera-imu timeoffset = 0.00212
cam0 intrinsics = 351.433,353.430,366.989,253.720 | -0.043,-0.008,0.012,-0.005
cam1 intrinsics = 352.020,354.327,348.701,271.345 | -0.040,-0.005,0.004,-0.002
cam0 extrinsics = 0.500,0.501,0.496,0.503 | -0.045,0.027,-0.039
cam1 extrinsics = 0.498,0.503,0.501,0.499 | 0.064,0.028,-0.036
[34m[TIME]: 0.0041 seconds total (244.0 hz, 0.01 ms behind)
[0mq_GtoI = 0.984,-0.150,-0.081,0.047 | p_IinG = 2.933,0.279,-0.634 | dist = 4.04 (meters)
bg = 0.0011,-0.0003,0.0004 | ba = 0.0731,0.0020,0.1569
camera-imu timeoffset = 0.00212
cam0 intrinsics = 351.434,353.429,367.000,253.728 | -0.043,-0.008,0.012,-0.005
cam1 intrinsics = 352.020,354.323,348.691,271.351 | -0.040,-0.005,0.004,-0.002
cam0 extrinsics = 0.500,0.501,0.496,0.503 | -0.045,0.027,-0.039
cam1 extrinsics = 0.498,0.503,0.501,0.499 | 0.064,0.028,-0.036
[34m[TIME]: 0.0055 seconds total (181.1 hz, 0.02 ms behind)
[0mq_GtoI = 0.987,-0.143,-0.072,0.036 | p_IinG = 2.959,0.277,-0.662 | dist = 4.08 (meters)
bg = 0.0011,-0.0003,0.0004 | ba = 0.0728,0.0019,0.1569
camera-imu timeoffset = 0.00212
cam0 intrinsics = 351.435,353.418,367.011,253.736 | -0.043,-0.008,0.012,-0.005
cam1 intrinsics = 352.025,354.312,348.674,271.354 | -0.040,-0.005,0.004,-0.002
cam0 extrinsics = 0.500,0.501,0.496,0.503 | -0.045,0.027,-0.039
cam1 extrinsics = 0.498,0.503,0.501,0.499 | 0.064,0.028,-0.036
[34m[TIME]: 0.0057 seconds total (174.1 hz, 0.03 ms behind)
[0mq_GtoI = 0.989,-0.136,-0.058,0.023 | p_IinG = 2.984,0.274,-0.688 | dist = 4.12 (meters)
bg = 0.0011,-0.0003,0.0004 | ba = 0.0744,0.0012,0.1566
camera-imu timeoffset = 0.00211
cam0 intrinsics = 351.437,353.390,367.017,253.745 | -0.043,-0.008,0.012,-0.005
cam1 intrinsics = 352.031,354.277,348.643,271.345 | -0.040,-0.005,0.004,-0.002
cam0 extrinsics = 0.500,0.501,0.496,0.503 | -0.046,0.027,-0.039
cam1 extrinsics = 0.498,0.503,0.501,0.499 | 0.064,0.028,-0.037
[34m[TIME]: 0.0050 seconds total (198.8 hz, 0.04 ms behind)
[0mq_GtoI = 0.989,-0.135,-0.056,0.023 | p_IinG = 3.011,0.273,-0.713 | dist = 4.15 (meters)
bg = 0.0012,-0.0003,0.0004 | ba = 0.0785,0.0013,0.1562
camera-imu timeoffset = 0.00211
cam0 intrinsics = 351.436,353.363,367.047,253.735 | -0.044,-0.008,0.012,-0.005
cam1 intrinsics = 352.055,354.266,348.627,271.338 | -0.040,-0.005,0.004,-0.002
cam0 extrinsics = 0.500,0.501,0.496,0.503 | -0.046,0.027,-0.039
cam1 extrinsics = 0.498,0.503,0.501,0.499 | 0.064,0.028,-0.037
[34m[TIME]: 0.0057 seconds total (174.4 hz, 0.06 ms behind)
[0mq_GtoI = 0.989,-0.130,-0.068,0.028 | p_IinG = 3.039,0.274,-0.733 | dist = 4.18 (meters)
bg = 0.0012,-0.0003,0.0004 | ba = 0.0808,0.0011,0.1560
camera-imu timeoffset = 0.00211
cam0 intrinsics = 351.444,353.349,367.072,253.730 | -0.044,-0.008,0.012,-0.005
cam1 intrinsics = 352.071,354.252,348.619,271.326 | -0.040,-0.005,0.005,-0.002
cam0 extrinsics = 0.500,0.501,0.496,0.503 | -0.046,0.027,-0.039
cam1 extrinsics = 0.497,0.503,0.501,0.499 | 0.064,0.028,-0.037
[34m[TIME]: 0.0055 seconds total (182.0 hz, 0.07 ms behind)
[0mq_GtoI = 0.989,-0.122,-0.080,0.035 | p_IinG = 3.055,0.275,-0.747 | dist = 4.22 (meters)
bg = 0.0012,-0.0005,0.0002 | ba = 0.0774,-0.0088,0.1556
camera-imu timeoffset = 0.00209
cam0 intrinsics = 351.529,353.293,367.047,253.754 | -0.044,-0.008,0.012,-0.005
cam1 intrinsics = 352.125,354.181,348.672,271.393 | -0.040,-0.005,0.004,-0.002
cam0 extrinsics = 0.500,0.501,0.496,0.503 | -0.046,0.028,-0.039
cam1 extrinsics = 0.497,0.503,0.501,0.499 | 0.063,0.029,-0.036
[34m[TIME]: 0.0062 seconds total (161.6 hz, 0.08 ms behind)
[0mq_GtoI = 0.989,-0.115,-0.084,0.042 | p_IinG = 3.084,0.276,-0.763 | dist = 4.25 (meters)
bg = 0.0012,-0.0005,0.0003 | ba = 0.0794,-0.0082,0.1555
camera-imu timeoffset = 0.00209
cam0 intrinsics = 351.554,353.304,367.087,253.745 | -0.044,-0.008,0.012,-0.005
cam1 intrinsics = 352.154,354.188,348.671,271.373 | -0.040,-0.005,0.004,-0.002
cam0 extrinsics = 0.500,0.501,0.496,0.503 | -0.046,0.028,-0.039
cam1 extrinsics = 0.497,0.503,0.501,0.499 | 0.063,0.029,-0.037
[34m[TIME]: 0.0063 seconds total (157.5 hz, 0.09 ms behind)
[0mq_GtoI = 0.990,-0.110,-0.080,0.041 | p_IinG = 3.116,0.275,-0.780 | dist = 4.28 (meters)
bg = 0.0012,-0.0005,0.0003 | ba = 0.0820,-0.0046,0.1554
camera-imu timeoffset = 0.00208
cam0 intrinsics = 351.558,353.294,367.125,253.749 | -0.044,-0.008,0.013,-0.005
cam1 intrinsics = 352.169,354.172,348.640,271.330 | -0.040,-0.005,0.004,-0.002
cam0 extrinsics = 0.500,0.501,0.496,0.503 | -0.046,0.028,-0.039
cam1 extrinsics = 0.497,0.503,0.501,0.499 | 0.063,0.029,-0.037
[34m[TIME]: 0.0071 seconds total (140.1 hz, 0.10 ms behind)
[0mq_GtoI = 0.991,-0.106,-0.069,0.038 | p_IinG = 3.145,0.273,-0.797 | dist = 4.31 (meters)
bg = 0.0012,-0.0005,0.0003 | ba = 0.0824,-0.0040,0.1552
camera-imu timeoffset = 0.00207
cam0 intrinsics = 351.572,353.283,367.159,253.752 | -0.044,-0.008,0.013,-0.005
cam1 intrinsics = 352.187,354.159,348.627,271.321 | -0.040,-0.005,0.004,-0.002
cam0 extrinsics = 0.500,0.501,0.497,0.503 | -0.046,0.028,-0.040
cam1 extrinsics = 0.497,0.503,0.501,0.499 | 0.063,0.029,-0.037
[34m[TIME]: 0.0059 seconds total (170.3 hz, 0.11 ms behind)
[0mq_GtoI = 0.993,-0.099,-0.055,0.032 | p_IinG = 3.174,0.273,-0.818 | dist = 4.35 (meters)
bg = 0.0013,-0.0005,0.0003 | ba = 0.0834,-0.0026,0.1552
camera-imu timeoffset = 0.00207
cam0 intrinsics = 351.567,353.273,367.192,253.754 | -0.044,-0.008,0.013,-0.005
cam1 intrinsics = 352.191,354.150,348.605,271.308 | -0.040,-0.005,0.005,-0.002
cam0 extrinsics = 0.500,0.501,0.497,0.503 | -0.046,0.028,-0.040
cam1 extrinsics = 0.497,0.503,0.501,0.499 | 0.064,0.029,-0.037
[34m[TIME]: 0.0059 seconds total (169.3 hz, 0.12 ms behind)
[0mq_GtoI = 0.995,-0.090,-0.039,0.026 | p_IinG = 3.189,0.271,-0.831 | dist = 4.38 (meters)
bg = 0.0012,-0.0005,0.0006 | ba = 0.0845,-0.0085,0.1559
camera-imu timeoffset = 0.00208
cam0 intrinsics = 351.627,353.373,367.195,253.733 | -0.045,-0.008,0.013,-0.005
cam1 intrinsics = 352.267,354.243,348.466,271.235 | -0.040,-0.005,0.005,-0.002
cam0 extrinsics = 0.500,0.501,0.496,0.503 | -0.046,0.028,-0.039
cam1 extrinsics = 0.498,0.503,0.501,0.499 | 0.063,0.029,-0.037
[34m[TIME]: 0.0050 seconds total (199.5 hz, 0.13 ms behind)
[0mq_GtoI = 0.996,-0.082,-0.024,0.026 | p_IinG = 3.215,0.273,-0.851 | dist = 4.41 (meters)
bg = 0.0012,-0.0005,0.0006 | ba = 0.0848,-0.0077,0.1559
camera-imu timeoffset = 0.00207
cam0 intrinsics = 351.648,353.372,367.214,253.729 | -0.045,-0.008,0.013,-0.005
cam1 intrinsics = 352.294,354.243,348.430,271.217 | -0.040,-0.005,0.005,-0.002
cam0 extrinsics = 0.500,0.501,0.497,0.503 | -0.046,0.028,-0.040
cam1 extrinsics = 0.498,0.502,0.501,0.499 | 0.063,0.029,-0.037
[34m[TIME]: 0.0065 seconds total (153.0 hz, 0.14 ms behind)
[0mq_GtoI = 0.995,-0.083,-0.031,0.036 | p_IinG = 3.246,0.279,-0.873 | dist = 4.44 (meters)
bg = 0.0013,-0.0005,0.0006 | ba = 0.0853,-0.0052,0.1557
camera-imu timeoffset = 0.00206
cam0 intrinsics = 351.654,353.348,367.246,253.711 | -0.045,-0.008,0.013,-0.005
cam1 intrinsics = 352.347,354.264,348.405,271.218 | -0.041,-0.005,0.005,-0.002
cam0 extrinsics = 0.500,0.501,0.497,0.503 | -0.046,0.029,-0.040
cam1 extrinsics = 0.498,0.502,0.501,0.499 | 0.063,0.030,-0.037
[34m[TIME]: 0.0078 seconds total (128.7 hz, 0.15 ms behind)
[0mq_GtoI = 0.994,-0.090,-0.057,0.037 | p_IinG = 3.275,0.280,-0.891 | dist = 4.48 (meters)
bg = 0.0013,-0.0005,0.0006 | ba = 0.0867,-0.0049,0.1559
camera-imu timeoffset = 0.00204
cam0 intrinsics = 351.705,353.372,367.235,253.661 | -0.045,-0.008,0.013,-0.005
cam1 intrinsics = 352.398,354.300,348.416,271.159 | -0.041,-0.005,0.005,-0.002
cam0 extrinsics = 0.500,0.501,0.497,0.503 | -0.046,0.029,-0.039
cam1 extrinsics = 0.497,0.502,0.501,0.499 | 0.063,0.029,-0.037
[34m[TIME]: 0.0090 seconds total (111.1 hz, 0.17 ms behind)
[0mq_GtoI = 0.992,-0.098,-0.076,0.033 | p_IinG = 3.301,0.281,-0.910 | dist = 4.51 (meters)
bg = 0.0013,-0.0005,0.0006 | ba = 0.0877,-0.0046,0.1559
camera-imu timeoffset = 0.00203
cam0 intrinsics = 351.703,353.341,367.267,253.690 | -0.045,-0.008,0.013,-0.005
cam1 intrinsics = 352.387,354.263,348.422,271.186 | -0.041,-0.005,0.005,-0.002
cam0 extrinsics = 0.500,0.501,0.497,0.503 | -0.047,0.028,-0.039
cam1 extrinsics = 0.497,0.502,0.501,0.499 | 0.063,0.029,-0.037
[34m[TIME]: 0.0069 seconds total (144.6 hz, 0.18 ms behind)
[0mq_GtoI = 0.991,-0.103,-0.078,0.029 | p_IinG = 3.327,0.282,-0.930 | dist = 4.54 (meters)
bg = 0.0013,-0.0005,0.0006 | ba = 0.0877,-0.0041,0.1560
camera-imu timeoffset = 0.00203
cam0 intrinsics = 351.696,353.327,367.275,253.690 | -0.045,-0.008,0.013,-0.005
cam1 intrinsics = 352.378,354.249,348.430,271.193 | -0.041,-0.005,0.005,-0.002
cam0 extrinsics = 0.500,0.501,0.497,0.503 | -0.047,0.028,-0.039
cam1 extrinsics = 0.497,0.502,0.501,0.499 | 0.063,0.029,-0.037
[34m[TIME]: 0.0069 seconds total (144.5 hz, 0.19 ms behind)
[0mq_GtoI = 0.992,-0.103,-0.070,0.032 | p_IinG = 3.354,0.286,-0.952 | dist = 4.58 (meters)
bg = 0.0013,-0.0005,0.0006 | ba = 0.0876,-0.0035,0.1560
camera-imu timeoffset = 0.00203
cam0 intrinsics = 351.696,353.325,367.274,253.680 | -0.045,-0.008,0.013,-0.005
cam1 intrinsics = 352.376,354.248,348.439,271.192 | -0.041,-0.005,0.005,-0.002
cam0 extrinsics = 0.500,0.501,0.497,0.503 | -0.047,0.029,-0.039
cam1 extrinsics = 0.497,0.502,0.501,0.499 | 0.063,0.030,-0.037
[34m[TIME]: 0.0046 seconds total (215.6 hz, 0.20 ms behind)
[0mq_GtoI = 0.992,-0.104,-0.064,0.037 | p_IinG = 3.382,0.292,-0.978 | dist = 4.62 (meters)
bg = 0.0014,-0.0005,0.0006 | ba = 0.0873,-0.0029,0.1561
camera-imu timeoffset = 0.00204
cam0 intrinsics = 351.685,353.320,367.289,253.678 | -0.045,-0.008,0.013,-0.005
cam1 intrinsics = 352.362,354.244,348.464,271.200 | -0.041,-0.005,0.005,-0.002
cam0 extrinsics = 0.500,0.501,0.497,0.503 | -0.047,0.029,-0.039
cam1 extrinsics = 0.497,0.502,0.501,0.499 | 0.063,0.030,-0.036
[34m[TIME]: 0.0044 seconds total (229.8 hz, 0.21 ms behind)
[0mq_GtoI = 0.992,-0.107,-0.061,0.036 | p_IinG = 3.411,0.297,-1.006 | dist = 4.66 (meters)
bg = 0.0014,-0.0005,0.0006 | ba = 0.0873,-0.0024,0.1562
camera-imu timeoffset = 0.00204
cam0 intrinsics = 351.687,353.321,367.290,253.672 | -0.045,-0.008,0.013,-0.005
cam1 intrinsics = 352.362,354.246,348.471,271.203 | -0.041,-0.005,0.005,-0.002
cam0 extrinsics = 0.500,0.501,0.497,0.503 | -0.047,0.029,-0.039
cam1 extrinsics = 0.497,0.502,0.501,0.499 | 0.063,0.030,-0.036
[34m[TIME]: 0.0058 seconds total (171.8 hz, 0.22 ms behind)
[0mq_GtoI = 0.992,-0.113,-0.053,0.027 | p_IinG = 3.445,0.303,-1.036 | dist = 4.70 (meters)
bg = 0.0014,-0.0005,0.0004 | ba = 0.0855,0.0004,0.1561
camera-imu timeoffset = 0.00204
cam0 intrinsics = 351.674,353.318,367.361,253.659 | -0.045,-0.008,0.013,-0.005
cam1 intrinsics = 352.323,354.219,348.529,271.218 | -0.041,-0.005,0.005,-0.002
cam0 extrinsics = 0.500,0.501,0.497,0.503 | -0.046,0.029,-0.039
cam1 extrinsics = 0.497,0.502,0.501,0.499 | 0.063,0.030,-0.036
[34m[TIME]: 0.0065 seconds total (154.2 hz, 0.23 ms behind)
[0mq_GtoI = 0.991,-0.122,-0.047,0.018 | p_IinG = 3.476,0.308,-1.061 | dist = 4.74 (meters)
bg = 0.0014,-0.0005,0.0005 | ba = 0.0852,0.0004,0.1562
camera-imu timeoffset = 0.00204
cam0 intrinsics = 351.666,353.322,367.370,253.643 | -0.045,-0.008,0.013,-0.005
cam1 intrinsics = 352.301,354.211,348.529,271.205 | -0.041,-0.005,0.005,-0.002
cam0 extrinsics = 0.500,0.501,0.497,0.503 | -0.046,0.029,-0.039
cam1 extrinsics = 0.497,0.502,0.501,0.499 | 0.063,0.030,-0.036
[34m[TIME]: 0.0054 seconds total (186.5 hz, 0.24 ms behind)
[0mq_GtoI = 0.991,-0.124,-0.058,0.007 | p_IinG = 3.508,0.312,-1.084 | dist = 4.78 (meters)
bg = 0.0014,-0.0005,0.0005 | ba = 0.0854,-0.0001,0.1563
camera-imu timeoffset = 0.00203
cam0 intrinsics = 351.678,353.322,367.364,253.613 | -0.045,-0.008,0.013,-0.005
cam1 intrinsics = 352.301,354.201,348.523,271.180 | -0.041,-0.005,0.005,-0.002
cam0 extrinsics = 0.500,0.501,0.497,0.503 | -0.046,0.029,-0.039
cam1 extrinsics = 0.497,0.502,0.501,0.499 | 0.063,0.030,-0.036
[34m[TIME]: 0.0045 seconds total (222.7 hz, 0.00 ms behind)
[0mq_GtoI = -0.991,0.113,0.076,0.004 | p_IinG = 3.539,0.319,-1.103 | dist = 4.82 (meters)
bg = 0.0014,-0.0005,0.0006 | ba = 0.0856,-0.0003,0.1564
camera-imu timeoffset = 0.00202
cam0 intrinsics = 351.668,353.306,367.391,253.591 | -0.045,-0.008,0.013,-0.005
cam1 intrinsics = 352.278,354.176,348.539,271.164 | -0.041,-0.005,0.005,-0.002
cam0 extrinsics = 0.500,0.501,0.497,0.503 | -0.046,0.029,-0.039
cam1 extrinsics = 0.497,0.502,0.501,0.499 | 0.063,0.030,-0.036
[34m[TIME]: 0.0061 seconds total (164.4 hz, 0.01 ms behind)
[0mq_GtoI = -0.992,0.100,0.083,0.003 | p_IinG = 3.570,0.330,-1.117 | dist = 4.85 (meters)
bg = 0.0014,-0.0005,0.0006 | ba = 0.0853,-0.0004,0.1565
camera-imu timeoffset = 0.00203
cam0 intrinsics = 351.654,353.280,367.436,253.581 | -0.045,-0.007,0.013,-0.005
cam1 intrinsics = 352.249,354.140,348.576,271.166 | -0.041,-0.005,0.005,-0.002
cam0 extrinsics = 0.500,0.501,0.497,0.503 | -0.046,0.029,-0.039
cam1 extrinsics = 0.497,0.502,0.501,0.499 | 0.063,0.030,-0.036
[34m[TIME]: 0.0066 seconds total (152.0 hz, 0.02 ms behind)
[0mq_GtoI = 0.993,-0.089,-0.074,0.004 | p_IinG = 3.602,0.340,-1.133 | dist = 4.89 (meters)
bg = 0.0014,-0.0005,0.0006 | ba = 0.0852,-0.0003,0.1563
camera-imu timeoffset = 0.00202
cam0 intrinsics = 351.680,353.283,367.435,253.585 | -0.045,-0.007,0.013,-0.005
cam1 intrinsics = 352.249,354.118,348.576,271.194 | -0.040,-0.005,0.005,-0.002
cam0 extrinsics = 0.500,0.501,0.497,0.503 | -0.046,0.029,-0.039
cam1 extrinsics = 0.497,0.502,0.501,0.499 | 0.063,0.030,-0.036
[34m[TIME]: 0.0069 seconds total (144.1 hz, 0.03 ms behind)
[0mq_GtoI = 0.995,-0.076,-0.057,0.008 | p_IinG = 3.636,0.349,-1.150 | dist = 4.92 (meters)
bg = 0.0014,-0.0004,0.0007 | ba = 0.0857,-0.0011,0.1561
camera-imu timeoffset = 0.00202
cam0 intrinsics = 351.688,353.291,367.477,253.576 | -0.045,-0.007,0.013,-0.005
cam1 intrinsics = 352.249,354.127,348.620,271.202 | -0.041,-0.005,0.005,-0.002
cam0 extrinsics = 0.500,0.501,0.497,0.503 | -0.046,0.029,-0.039
cam1 extrinsics = 0.497,0.502,0.501,0.499 | 0.063,0.030,-0.036
[34m[TIME]: 0.0062 seconds total (161.5 hz, 0.04 ms behind)
[0mq_GtoI = 0.997,-0.059,-0.041,0.012 | p_IinG = 3.669,0.355,-1.173 | dist = 4.96 (meters)
bg = 0.0014,-0.0004,0.0008 | ba = 0.0886,-0.0022,0.1556
camera-imu timeoffset = 0.00200
cam0 intrinsics = 351.747,353.296,367.457,253.513 | -0.045,-0.007,0.013,-0.005
cam1 intrinsics = 352.296,354.134,348.590,271.174 | -0.041,-0.005,0.005,-0.002
cam0 extrinsics = 0.500,0.501,0.497,0.503 | -0.047,0.028,-0.038
cam1 extrinsics = 0.497,0.502,0.501,0.499 | 0.063,0.029,-0.036
[34m[TIME]: 0.0062 seconds total (162.0 hz, 0.06 ms behind)
[0mq_GtoI = 0.999,-0.039,-0.033,0.018 | p_IinG = 3.708,0.365,-1.197 | dist = 5.00 (meters)
bg = 0.0013,-0.0003,0.0008 | ba = 0.0899,-0.0037,0.1550
camera-imu timeoffset = 0.00199
cam0 intrinsics = 351.780,353.296,367.596,253.515 | -0.046,-0.007,0.013,-0.005
cam1 intrinsics = 352.304,354.119,348.642,271.206 | -0.041,-0.005,0.005,-0.001
cam0 extrinsics = 0.500,0.501,0.497,0.503 | -0.047,0.028,-0.038
cam1 extrinsics = 0.497,0.502,0.501,0.499 | 0.063,0.029,-0.036
[34m[TIME]: 0.0069 seconds total (145.7 hz, 0.07 ms behind)
[0mq_GtoI = 0.999,-0.019,-0.026,0.028 | p_IinG = 3.741,0.377,-1.216 | dist = 5.04 (meters)
bg = 0.0013,-0.0002,0.0009 | ba = 0.0893,-0.0047,0.1548
camera-imu timeoffset = 0.00199
cam0 intrinsics = 351.802,353.285,367.647,253.466 | -0.046,-0.007,0.013,-0.005
cam1 intrinsics = 352.301,354.094,348.664,271.170 | -0.041,-0.005,0.005,-0.001
cam0 extrinsics = 0.500,0.501,0.497,0.502 | -0.047,0.028,-0.038
cam1 extrinsics = 0.497,0.502,0.501,0.499 | 0.062,0.029,-0.036
[34m[TIME]: 0.0073 seconds total (136.8 hz, 0.08 ms behind)
[0mq_GtoI = 0.999,-0.002,-0.023,0.040 | p_IinG = 3.772,0.388,-1.233 | dist = 5.07 (meters)
bg = 0.0013,-0.0002,0.0009 | ba = 0.0905,-0.0058,0.1545
camera-imu timeoffset = 0.00199
cam0 intrinsics = 351.825,353.278,367.708,253.423 | -0.046,-0.007,0.013,-0.005
cam1 intrinsics = 352.312,354.079,348.698,271.132 | -0.041,-0.005,0.005,-0.002
cam0 extrinsics = 0.500,0.501,0.497,0.502 | -0.047,0.028,-0.038
cam1 extrinsics = 0.497,0.502,0.501,0.499 | 0.062,0.028,-0.036
[34m[TIME]: 0.0072 seconds total (138.2 hz, 0.09 ms behind)
[0mq_GtoI = 0.998,0.003,-0.036,0.052 | p_IinG = 3.804,0.399,-1.250 | dist = 5.10 (meters)
bg = 0.0013,-0.0001,0.0009 | ba = 0.0925,-0.0077,0.1538
camera-imu timeoffset = 0.00199
cam0 intrinsics = 351.882,353.221,367.940,253.300 | -0.047,-0.007,0.013,-0.005
cam1 intrinsics = 352.403,354.028,348.776,270.945 | -0.041,-0.005,0.005,-0.002
cam0 extrinsics = 0.499,0.501,0.497,0.503 | -0.048,0.028,-0.038
cam1 extrinsics = 0.497,0.502,0.501,0.499 | 0.062,0.029,-0.036
[34m[TIME]: 0.0057 seconds total (174.3 hz, 0.10 ms behind)
[0mq_GtoI = 0.997,0.003,-0.051,0.056 | p_IinG = 3.837,0.405,-1.261 | dist = 5.13 (meters)
bg = 0.0013,-0.0000,0.0009 | ba = 0.0930,-0.0095,0.1533
camera-imu timeoffset = 0.00199
cam0 intrinsics = 351.949,353.204,367.976,253.244 | -0.047,-0.007,0.013,-0.005
cam1 intrinsics = 352.442,353.999,348.760,270.903 | -0.041,-0.005,0.005,-0.002
cam0 extrinsics = 0.499,0.501,0.497,0.502 | -0.048,0.027,-0.038
cam1 extrinsics = 0.497,0.502,0.501,0.499 | 0.062,0.028,-0.035
[34m[TIME]: 0.0065 seconds total (153.4 hz, 0.11 ms behind)
[0mq_GtoI = 0.997,0.007,-0.054,0.054 | p_IinG = 3.864,0.408,-1.266 | dist = 5.16 (meters)
bg = 0.0012,0.0001,0.0009 | ba = 0.0950,-0.0133,0.1531
camera-imu timeoffset = 0.00198
cam0 intrinsics = 352.036,353.152,367.914,253.108 | -0.047,-0.007,0.013,-0.005
cam1 intrinsics = 352.528,353.947,348.698,270.710 | -0.041,-0.006,0.005,-0.001
cam0 extrinsics = 0.499,0.501,0.497,0.502 | -0.048,0.027,-0.038
cam1 extrinsics = 0.497,0.502,0.501,0.499 | 0.061,0.028,-0.036
[34m[TIME]: 0.0071 seconds total (141.4 hz, 0.12 ms behind)
[0mq_GtoI = 0.997,0.015,-0.047,0.055 | p_IinG = 3.892,0.415,-1.276 | dist = 5.19 (meters)
bg = 0.0012,0.0001,0.0009 | ba = 0.0975,-0.0153,0.1527
camera-imu timeoffset = 0.00199
cam0 intrinsics = 352.064,353.142,367.942,253.098 | -0.047,-0.007,0.013,-0.005
cam1 intrinsics = 352.554,353.935,348.686,270.689 | -0.041,-0.006,0.005,-0.002
cam0 extrinsics = 0.499,0.501,0.497,0.502 | -0.048,0.027,-0.038
cam1 extrinsics = 0.497,0.502,0.501,0.499 | 0.061,0.028,-0.036
[34m[TIME]: 0.0073 seconds total (137.1 hz, 0.13 ms behind)
[0mq_GtoI = 0.997,0.024,-0.038,0.059 | p_IinG = 3.923,0.424,-1.289 | dist = 5.22 (meters)
bg = 0.0012,0.0002,0.0009 | ba = 0.1005,-0.0183,0.1523
camera-imu timeoffset = 0.00199
cam0 intrinsics = 352.085,353.146,368.003,253.079 | -0.047,-0.006,0.013,-0.005
cam1 intrinsics = 352.569,353.931,348.735,270.692 | -0.042,-0.005,0.005,-0.002
cam0 extrinsics = 0.499,0.501,0.497,0.502 | -0.049,0.027,-0.038
cam1 extrinsics = 0.497,0.502,0.501,0.499 | 0.061,0.028,-0.035
[34m[TIME]: 0.0096 seconds total (103.8 hz, 0.14 ms behind)
[0mq_GtoI = 0.997,0.028,-0.032,0.066 | p_IinG = 3.955,0.434,-1.308 | dist = 5.26 (meters)
bg = 0.0011,0.0002,0.0009 | ba = 0.1028,-0.0204,0.1519
camera-imu timeoffset = 0.00199
cam0 intrinsics = 352.120,353.142,368.044,253.091 | -0.047,-0.006,0.013,-0.005
cam1 intrinsics = 352.596,353.921,348.739,270.675 | -0.042,-0.005,0.005,-0.002
cam0 extrinsics = 0.499,0.501,0.497,0.502 | -0.049,0.026,-0.038
cam1 extrinsics = 0.497,0.502,0.501,0.499 | 0.061,0.027,-0.035
[34m[TIME]: 0.0073 seconds total (136.5 hz, 0.15 ms behind)
[0mq_GtoI = 0.997,0.028,-0.029,0.069 | p_IinG = 3.988,0.442,-1.330 | dist = 5.30 (meters)
bg = 0.0011,0.0003,0.0009 | ba = 0.1051,-0.0222,0.1517
camera-imu timeoffset = 0.00200
cam0 intrinsics = 352.153,353.154,368.072,253.090 | -0.047,-0.006,0.013,-0.005
cam1 intrinsics = 352.626,353.925,348.735,270.666 | -0.042,-0.005,0.005,-0.002
cam0 extrinsics = 0.499,0.501,0.497,0.502 | -0.049,0.026,-0.038
cam1 extrinsics = 0.497,0.502,0.501,0.499 | 0.061,0.027,-0.036
[34m[TIME]: 0.0080 seconds total (125.4 hz, 0.16 ms behind)
[0mq_GtoI = 0.997,0.025,-0.029,0.063 | p_IinG = 4.019,0.449,-1.354 | dist = 5.34 (meters)
bg = 0.0010,0.0003,0.0008 | ba = 0.1074,-0.0231,0.1514
camera-imu timeoffset = 0.00200
cam0 intrinsics = 352.184,353.160,368.175,253.093 | -0.047,-0.006,0.013,-0.005
cam1 intrinsics = 352.658,353.928,348.788,270.657 | -0.042,-0.005,0.005,-0.002
cam0 extrinsics = 0.499,0.502,0.497,0.502 | -0.049,0.026,-0.038
cam1 extrinsics = 0.497,0.502,0.501,0.499 | 0.061,0.027,-0.036
[34m[TIME]: 0.0084 seconds total (118.4 hz, 0.17 ms behind)
[0mq_GtoI = 0.998,0.017,-0.032,0.051 | p_IinG = 4.050,0.454,-1.375 | dist = 5.38 (meters)
bg = 0.0010,0.0003,0.0008 | ba = 0.1092,-0.0233,0.1513
camera-imu timeoffset = 0.00200
cam0 intrinsics = 352.228,353.162,368.219,253.111 | -0.048,-0.006,0.013,-0.005
cam1 intrinsics = 352.675,353.904,348.804,270.636 | -0.042,-0.005,0.005,-0.002
cam0 extrinsics = 0.499,0.502,0.497,0.502 | -0.049,0.026,-0.038
cam1 extrinsics = 0.497,0.502,0.501,0.499 | 0.061,0.028,-0.036
[34m[TIME]: 0.0091 seconds total (110.0 hz, 0.18 ms behind)
[0mq_GtoI = 0.999,0.008,-0.031,0.038 | p_IinG = 4.088,0.458,-1.393 | dist = 5.41 (meters)
bg = 0.0010,0.0003,0.0007 | ba = 0.1092,-0.0231,0.1510
camera-imu timeoffset = 0.00201
cam0 intrinsics = 352.271,353.151,368.274,253.136 | -0.048,-0.006,0.013,-0.005
cam1 intrinsics = 352.681,353.874,348.801,270.598 | -0.042,-0.005,0.005,-0.002
cam0 extrinsics = 0.499,0.502,0.497,0.502 | -0.049,0.027,-0.038
cam1 extrinsics = 0.497,0.503,0.501,0.499 | 0.061,0.028,-0.036
[34m[TIME]: 0.0119 seconds total (84.0 hz, 0.19 ms behind)
[0mq_GtoI = 0.999,-0.000,-0.034,0.032 | p_IinG = 4.129,0.464,-1.406 | dist = 5.45 (meters)
bg = 0.0010,0.0003,0.0006 | ba = 0.1077,-0.0230,0.1507
camera-imu timeoffset = 0.00201
cam0 intrinsics = 352.287,353.137,368.307,253.126 | -0.048,-0.006,0.013,-0.005
cam1 intrinsics = 352.698,353.874,348.811,270.591 | -0.042,-0.005,0.005,-0.002
cam0 extrinsics = 0.499,0.502,0.497,0.502 | -0.049,0.026,-0.038
cam1 extrinsics = 0.497,0.503,0.501,0.499 | 0.061,0.028,-0.036
[34m[TIME]: 0.0099 seconds total (100.6 hz, 0.20 ms behind)
[0mq_GtoI = 0.998,0.003,-0.048,0.034 | p_IinG = 4.161,0.471,-1.413 | dist = 5.49 (meters)
bg = 0.0010,0.0003,0.0005 | ba = 0.1096,-0.0215,0.1506
camera-imu timeoffset = 0.00201
cam0 intrinsics = 352.300,353.148,368.319,253.105 | -0.048,-0.006,0.013,-0.005
cam1 intrinsics = 352.715,353.883,348.785,270.549 | -0.042,-0.005,0.005,-0.002
cam0 extrinsics = 0.499,0.502,0.497,0.502 | -0.049,0.026,-0.039
cam1 extrinsics = 0.497,0.503,0.501,0.499 | 0.061,0.028,-0.036
[34m[TIME]: 0.0082 seconds total (122.1 hz, 0.21 ms behind)
[0mq_GtoI = 0.997,0.013,-0.059,0.040 | p_IinG = 4.196,0.480,-1.417 | dist = 5.52 (meters)
bg = 0.0010,0.0003,0.0005 | ba = 0.1108,-0.0208,0.1505
camera-imu timeoffset = 0.00200
cam0 intrinsics = 352.318,353.160,368.348,253.100 | -0.048,-0.006,0.013,-0.005
cam1 intrinsics = 352.735,353.894,348.785,270.532 | -0.042,-0.005,0.005,-0.002
cam0 extrinsics = 0.499,0.502,0.497,0.502 | -0.049,0.026,-0.039
cam1 extrinsics = 0.497,0.503,0.501,0.499 | 0.060,0.028,-0.036
[34m[TIME]: 0.0066 seconds total (150.8 hz, 0.22 ms behind)
[0mq_GtoI = 0.997,0.024,-0.057,0.045 | p_IinG = 4.229,0.489,-1.419 | dist = 5.56 (meters)
bg = 0.0009,0.0003,0.0004 | ba = 0.1122,-0.0195,0.1505
camera-imu timeoffset = 0.00199
cam0 intrinsics = 352.319,353.164,368.364,253.102 | -0.048,-0.006,0.013,-0.005
cam1 intrinsics = 352.755,353.907,348.752,270.508 | -0.043,-0.005,0.005,-0.002
cam0 extrinsics = 0.499,0.502,0.497,0.502 | -0.049,0.026,-0.039
cam1 extrinsics = 0.497,0.503,0.501,0.499 | 0.061,0.027,-0.037
[34m[TIME]: 0.0104 seconds total (96.4 hz, 0.24 ms behind)
[0mq_GtoI = 0.997,0.033,-0.048,0.045 | p_IinG = 4.265,0.498,-1.422 | dist = 5.59 (meters)
bg = 0.0009,0.0003,0.0004 | ba = 0.1132,-0.0183,0.1503
camera-imu timeoffset = 0.00198
cam0 intrinsics = 352.324,353.171,368.374,253.061 | -0.048,-0.006,0.013,-0.005
cam1 intrinsics = 352.751,353.909,348.716,270.470 | -0.043,-0.005,0.005,-0.002
cam0 extrinsics = 0.499,0.502,0.497,0.502 | -0.049,0.026,-0.039
cam1 extrinsics = 0.497,0.503,0.501,0.499 | 0.061,0.027,-0.037
[34m[TIME]: 0.0061 seconds total (163.9 hz, 0.25 ms behind)
[0mq_GtoI = 0.997,0.042,-0.042,0.042 | p_IinG = 4.302,0.508,-1.425 | dist = 5.63 (meters)
bg = 0.0009,0.0003,0.0003 | ba = 0.1136,-0.0172,0.1502
camera-imu timeoffset = 0.00198
cam0 intrinsics = 352.343,353.170,368.399,253.066 | -0.048,-0.006,0.013,-0.005
cam1 intrinsics = 352.764,353.905,348.704,270.479 | -0.043,-0.005,0.005,-0.002
cam0 extrinsics = 0.499,0.502,0.497,0.502 | -0.049,0.026,-0.039
cam1 extrinsics = 0.497,0.503,0.501,0.499 | 0.061,0.027,-0.037
[34m[TIME]: 0.0076 seconds total (131.0 hz, 0.01 ms behind)
[0mq_GtoI = 0.997,0.052,-0.036,0.040 | p_IinG = 4.338,0.519,-1.428 | dist = 5.66 (meters)
bg = 0.0009,0.0002,0.0003 | ba = 0.1139,-0.0160,0.1501
camera-imu timeoffset = 0.00198
cam0 intrinsics = 352.359,353.166,368.401,253.065 | -0.048,-0.006,0.013,-0.005
cam1 intrinsics = 352.776,353.898,348.685,270.481 | -0.043,-0.005,0.005,-0.002
cam0 extrinsics = 0.499,0.502,0.497,0.502 | -0.049,0.026,-0.039
cam1 extrinsics = 0.497,0.503,0.501,0.499 | 0.061,0.027,-0.037
[34m[TIME]: 0.0069 seconds total (144.6 hz, 0.02 ms behind)
[0mq_GtoI = 0.997,0.064,-0.032,0.037 | p_IinG = 4.375,0.531,-1.431 | dist = 5.70 (meters)
bg = 0.0009,0.0002,0.0003 | ba = 0.1137,-0.0149,0.1500
camera-imu timeoffset = 0.00198
cam0 intrinsics = 352.386,353.159,368.394,253.046 | -0.048,-0.006,0.013,-0.005
cam1 intrinsics = 352.790,353.886,348.646,270.481 | -0.043,-0.005,0.005,-0.002
cam0 extrinsics = 0.499,0.502,0.497,0.502 | -0.049,0.026,-0.039
cam1 extrinsics = 0.497,0.503,0.501,0.499 | 0.061,0.028,-0.037
[34m[TIME]: 0.0088 seconds total (113.7 hz, 0.03 ms behind)
[0mq_GtoI = 0.996,0.077,-0.028,0.035 | p_IinG = 4.408,0.543,-1.432 | dist = 5.74 (meters)
bg = 0.0009,0.0002,0.0003 | ba = 0.1125,-0.0131,0.1503
camera-imu timeoffset = 0.00199
cam0 intrinsics = 352.395,353.155,368.360,253.020 | -0.048,-0.006,0.013,-0.005
cam1 intrinsics = 352.798,353.880,348.602,270.453 | -0.042,-0.005,0.005,-0.002
cam0 extrinsics = 0.499,0.502,0.497,0.502 | -0.049,0.026,-0.039
cam1 extrinsics = 0.497,0.503,0.501,0.499 | 0.061,0.028,-0.037
[34m[TIME]: 0.0064 seconds total (156.3 hz, 0.04 ms behind)
[0mq_GtoI = 0.995,0.088,-0.026,0.041 | p_IinG = 4.440,0.556,-1.434 | dist = 5.77 (meters)
bg = 0.0009,0.0002,0.0003 | ba = 0.1123,-0.0121,0.1503
camera-imu timeoffset = 0.00198
cam0 intrinsics = 352.403,353.151,368.328,253.008 | -0.048,-0.006,0.013,-0.005
cam1 intrinsics = 352.817,353.896,348.623,270.413 | -0.043,-0.005,0.005,-0.002
cam0 extrinsics = 0.499,0.502,0.497,0.502 | -0.049,0.026,-0.039
cam1 extrinsics = 0.497,0.503,0.501,0.499 | 0.061,0.027,-0.037
[34m[TIME]: 0.0100 seconds total (99.8 hz, 0.05 ms behind)
[0mq_GtoI = 0.994,0.095,-0.031,0.051 | p_IinG = 4.470,0.569,-1.435 | dist = 5.80 (meters)
bg = 0.0009,0.0002,0.0003 | ba = 0.1121,-0.0102,0.1505
camera-imu timeoffset = 0.00198
cam0 intrinsics = 352.388,353.145,368.284,253.004 | -0.048,-0.006,0.013,-0.005
cam1 intrinsics = 352.808,353.892,348.582,270.389 | -0.042,-0.005,0.005,-0.002
cam0 extrinsics = 0.499,0.502,0.497,0.502 | -0.049,0.026,-0.038
cam1 extrinsics = 0.498,0.503,0.501,0.499 | 0.061,0.027,-0.037
[34m[TIME]: 0.0098 seconds total (101.9 hz, 0.06 ms behind)
[0mq_GtoI = 0.992,0.104,-0.036,0.055 | p_IinG = 4.500,0.580,-1.437 | dist = 5.84 (meters)
bg = 0.0009,0.0001,0.0003 | ba = 0.1119,-0.0087,0.1507
camera-imu timeoffset = 0.00198
cam0 intrinsics = 352.368,353.133,368.260,252.985 | -0.048,-0.006,0.013,-0.005
cam1 intrinsics = 352.797,353.887,348.555,270.372 | -0.042,-0.005,0.005,-0.002
cam0 extrinsics = 0.499,0.502,0.497,0.502 | -0.049,0.026,-0.038
cam1 extrinsics = 0.498,0.503,0.501,0.499 | 0.061,0.027,-0.037
[34m[TIME]: 0.0104 seconds total (96.2 hz, 0.07 ms behind)
[0mq_GtoI = 0.992,0.112,-0.031,0.055 | p_IinG = 4.529,0.591,-1.442 | dist = 5.87 (meters)
bg = 0.0009,0.0001,0.0003 | ba = 0.1112,-0.0064,0.1509
camera-imu timeoffset = 0.00198
cam0 intrinsics = 352.341,353.093,368.258,252.963 | -0.047,-0.006,0.013,-0.005
cam1 intrinsics = 352.800,353.884,348.545,270.336 | -0.043,-0.005,0.005,-0.002
cam0 extrinsics = 0.499,0.502,0.497,0.501 | -0.048,0.026,-0.039
cam1 extrinsics = 0.498,0.503,0.501,0.499 | 0.061,0.027,-0.037
[34m[TIME]: 0.0068 seconds total (148.1 hz, 0.08 ms behind)
[0mq_GtoI = 0.992,0.115,-0.018,0.055 | p_IinG = 4.557,0.602,-1.450 | dist = 5.90 (meters)
bg = 0.0009,0.0001,0.0003 | ba = 0.1106,-0.0049,0.1511
camera-imu timeoffset = 0.00198
cam0 intrinsics = 352.322,353.077,368.255,252.941 | -0.047,-0.006,0.013,-0.005
cam1 intrinsics = 352.789,353.877,348.547,270.317 | -0.043,-0.005,0.005,-0.002
cam0 extrinsics = 0.499,0.502,0.497,0.501 | -0.048,0.026,-0.039
cam1 extrinsics = 0.498,0.503,0.501,0.498 | 0.061,0.027,-0.037
[34m[TIME]: 0.0087 seconds total (114.7 hz, 0.09 ms behind)
[0mq_GtoI = 0.992,0.113,-0.006,0.055 | p_IinG = 4.586,0.613,-1.462 | dist = 5.94 (meters)
bg = 0.0009,0.0001,0.0002 | ba = 0.1101,-0.0038,0.1513
camera-imu timeoffset = 0.00198
cam0 intrinsics = 352.306,353.066,368.254,252.917 | -0.047,-0.006,0.013,-0.005
cam1 intrinsics = 352.780,353.873,348.552,270.298 | -0.043,-0.005,0.005,-0.002
cam0 extrinsics = 0.499,0.502,0.497,0.501 | -0.048,0.026,-0.039
cam1 extrinsics = 0.498,0.503,0.501,0.498 | 0.061,0.027,-0.037
[34m[TIME]: 0.0070 seconds total (142.3 hz, 0.10 ms behind)
[0mq_GtoI = 0.993,0.108,-0.001,0.052 | p_IinG = 4.616,0.624,-1.478 | dist = 5.98 (meters)
bg = 0.0009,0.0001,0.0002 | ba = 0.1105,-0.0027,0.1513
camera-imu timeoffset = 0.00199
cam0 intrinsics = 352.317,353.061,368.254,252.867 | -0.047,-0.006,0.013,-0.005
cam1 intrinsics = 352.778,353.860,348.553,270.262 | -0.043,-0.005,0.005,-0.002
cam0 extrinsics = 0.499,0.502,0.497,0.501 | -0.048,0.026,-0.038
cam1 extrinsics = 0.498,0.503,0.501,0.498 | 0.061,0.027,-0.037
[34m[TIME]: 0.0100 seconds total (100.2 hz, 0.11 ms behind)
[0mq_GtoI = 0.994,0.104,0.000,0.045 | p_IinG = 4.645,0.637,-1.496 | dist = 6.01 (meters)
bg = 0.0009,0.0001,0.0002 | ba = 0.1105,-0.0015,0.1514
camera-imu timeoffset = 0.00199
cam0 intrinsics = 352.312,353.056,368.236,252.874 | -0.047,-0.006,0.013,-0.005
cam1 intrinsics = 352.779,353.852,348.585,270.246 | -0.043,-0.005,0.005,-0.002
cam0 extrinsics = 0.499,0.502,0.497,0.501 | -0.048,0.026,-0.038
cam1 extrinsics = 0.498,0.503,0.501,0.498 | 0.061,0.027,-0.037
[34m[TIME]: 0.0087 seconds total (115.3 hz, 0.12 ms behind)
[0mq_GtoI = 0.994,0.104,0.003,0.037 | p_IinG = 4.674,0.652,-1.515 | dist = 6.05 (meters)
bg = 0.0009,0.0001,0.0002 | ba = 0.1101,0.0001,0.1516
camera-imu timeoffset = 0.00199
cam0 intrinsics = 352.298,353.048,368.237,252.861 | -0.047,-0.006,0.013,-0.005
cam1 intrinsics = 352.773,353.851,348.605,270.233 | -0.043,-0.005,0.005,-0.002
cam0 extrinsics = 0.499,0.502,0.497,0.501 | -0.048,0.026,-0.038
cam1 extrinsics = 0.498,0.503,0.501,0.498 | 0.061,0.027,-0.037
[34m[TIME]: 0.0094 seconds total (106.7 hz, 0.13 ms behind)
[0mq_GtoI = 0.994,0.108,0.013,0.027 | p_IinG = 4.701,0.671,-1.532 | dist = 6.09 (meters)
bg = 0.0009,0.0001,0.0001 | ba = 0.1094,0.0016,0.1518
camera-imu timeoffset = 0.00199
cam0 intrinsics = 352.282,353.039,368.234,252.850 | -0.047,-0.006,0.013,-0.005
cam1 intrinsics = 352.768,353.851,348.625,270.221 | -0.043,-0.005,0.005,-0.002
cam0 extrinsics = 0.499,0.502,0.497,0.501 | -0.048,0.026,-0.039
cam1 extrinsics = 0.498,0.503,0.501,0.498 | 0.061,0.027,-0.037
[34m[TIME]: 0.0077 seconds total (130.3 hz, 0.14 ms behind)
[0mq_GtoI = 0.993,0.116,0.029,0.021 | p_IinG = 4.729,0.693,-1.547 | dist = 6.13 (meters)
bg = 0.0009,0.0000,0.0001 | ba = 0.1083,0.0026,0.1520
camera-imu timeoffset = 0.00200
cam0 intrinsics = 352.285,353.045,368.251,252.824 | -0.047,-0.006,0.013,-0.005
cam1 intrinsics = 352.765,353.849,348.623,270.206 | -0.043,-0.005,0.005,-0.002
cam0 extrinsics = 0.500,0.502,0.497,0.501 | -0.048,0.026,-0.039
cam1 extrinsics = 0.498,0.503,0.501,0.498 | 0.061,0.027,-0.037
[34m[TIME]: 0.0087 seconds total (115.0 hz, 0.15 ms behind)
[0mq_GtoI = 0.991,0.127,0.032,0.023 | p_IinG = 4.755,0.718,-1.559 | dist = 6.17 (meters)
bg = 0.0009,0.0000,0.0001 | ba = 0.1075,0.0046,0.1523
camera-imu timeoffset = 0.00199
cam0 intrinsics = 352.259,353.044,368.250,252.807 | -0.047,-0.006,0.013,-0.005
cam1 intrinsics = 352.753,353.866,348.626,270.183 | -0.043,-0.005,0.005,-0.002
cam0 extrinsics = 0.500,0.502,0.497,0.501 | -0.048,0.026,-0.039
cam1 extrinsics = 0.498,0.503,0.501,0.498 | 0.062,0.027,-0.037
[34m[TIME]: 0.0074 seconds total (134.9 hz, 0.16 ms behind)
[0mq_GtoI = 0.988,0.148,0.023,0.030 | p_IinG = 4.782,0.746,-1.570 | dist = 6.21 (meters)
bg = 0.0009,0.0000,0.0001 | ba = 0.1073,0.0067,0.1525
camera-imu timeoffset = 0.00199
cam0 intrinsics = 352.232,353.028,368.248,252.807 | -0.047,-0.006,0.013,-0.005
cam1 intrinsics = 352.745,353.868,348.608,270.192 | -0.043,-0.005,0.005,-0.002
cam0 extrinsics = 0.500,0.502,0.497,0.501 | -0.048,0.026,-0.039
cam1 extrinsics = 0.498,0.503,0.501,0.498 | 0.062,0.027,-0.037
[34m[TIME]: 0.0086 seconds total (116.0 hz, 0.18 ms behind)
[0mq_GtoI = 0.984,0.175,0.017,0.034 | p_IinG = 4.806,0.775,-1.582 | dist = 6.25 (meters)
bg = 0.0009,-0.0000,0.0001 | ba = 0.1066,0.0088,0.1528
camera-imu timeoffset = 0.00200
cam0 intrinsics = 352.224,352.995,368.262,252.769 | -0.047,-0.006,0.013,-0.005
cam1 intrinsics = 352.742,353.846,348.630,270.170 | -0.043,-0.005,0.005,-0.002
cam0 extrinsics = 0.500,0.503,0.497,0.501 | -0.047,0.026,-0.039
cam1 extrinsics = 0.498,0.503,0.501,0.498 | 0.062,0.027,-0.037
[34m[TIME]: 0.0087 seconds total (114.9 hz, 0.19 ms behind)
[0mq_GtoI = 0.981,0.189,0.026,0.047 | p_IinG = 4.830,0.803,-1.594 | dist = 6.29 (meters)
bg = 0.0008,-0.0000,0.0001 | ba = 0.1062,0.0106,0.1530
camera-imu timeoffset = 0.00200
cam0 intrinsics = 352.206,352.962,368.256,252.731 | -0.047,-0.006,0.012,-0.005
cam1 intrinsics = 352.725,353.816,348.632,270.139 | -0.043,-0.005,0.005,-0.002
cam0 extrinsics = 0.500,0.503,0.497,0.501 | -0.047,0.026,-0.039
cam1 extrinsics = 0.498,0.503,0.501,0.498 | 0.062,0.027,-0.037
[34m[TIME]: 0.0066 seconds total (151.3 hz, 0.20 ms behind)
[0mq_GtoI = 0.977,0.201,0.043,0.053 | p_IinG = 4.853,0.830,-1.607 | dist = 6.33 (meters)
bg = 0.0008,-0.0000,0.0001 | ba = 0.1058,0.0115,0.1531
camera-imu timeoffset = 0.00200
cam0 intrinsics = 352.203,352.937,368.276,252.682 | -0.047,-0.006,0.012,-0.005
cam1 intrinsics = 352.719,353.793,348.656,270.098 | -0.043,-0.005,0.005,-0.002
cam0 extrinsics = 0.500,0.503,0.497,0.501 | -0.047,0.026,-0.039
cam1 extrinsics = 0.498,0.504,0.501,0.498 | 0.062,0.027,-0.037
[34m[TIME]: 0.0048 seconds total (206.3 hz, 0.21 ms behind)
[0mq_GtoI = 0.973,0.221,0.055,0.046 | p_IinG = 4.875,0.856,-1.623 | dist = 6.37 (meters)
bg = 0.0008,-0.0000,0.0001 | ba = 0.1052,0.0128,0.1533
camera-imu timeoffset = 0.00201
cam0 intrinsics = 352.194,352.921,368.303,252.602 | -0.047,-0.006,0.012,-0.005
cam1 intrinsics = 352.705,353.775,348.690,270.023 | -0.042,-0.005,0.005,-0.002
cam0 extrinsics = 0.500,0.503,0.497,0.501 | -0.047,0.026,-0.039
cam1 extrinsics = 0.498,0.504,0.501,0.498 | 0.062,0.027,-0.037
[34m[TIME]: 0.0078 seconds total (128.7 hz, 0.22 ms behind)
[0mq_GtoI = 0.967,0.247,0.058,0.031 | p_IinG = 4.897,0.882,-1.639 | dist = 6.41 (meters)
bg = 0.0008,-0.0000,0.0001 | ba = 0.1040,0.0145,0.1536
camera-imu timeoffset = 0.00201
cam0 intrinsics = 352.194,352.905,368.330,252.602 | -0.046,-0.006,0.012,-0.005
cam1 intrinsics = 352.703,353.761,348.720,270.039 | -0.042,-0.005,0.005,-0.002
cam0 extrinsics = 0.500,0.503,0.497,0.500 | -0.047,0.025,-0.039
cam1 extrinsics = 0.498,0.504,0.501,0.497 | 0.063,0.027,-0.037
[34m[TIME]: 0.0046 seconds total (215.6 hz, 0.23 ms behind)
[0mq_GtoI = 0.959,0.278,0.056,0.011 | p_IinG = 4.921,0.909,-1.655 | dist = 6.45 (meters)
bg = 0.0008,-0.0001,0.0001 | ba = 0.1042,0.0168,0.1538
camera-imu timeoffset = 0.00202
cam0 intrinsics = 352.176,352.885,368.297,252.590 | -0.046,-0.006,0.012,-0.005
cam1 intrinsics = 352.690,353.745,348.710,270.025 | -0.042,-0.005,0.004,-0.001
cam0 extrinsics = 0.500,0.503,0.497,0.500 | -0.046,0.025,-0.039
cam1 extrinsics = 0.498,0.504,0.501,0.497 | 0.063,0.026,-0.037
[34m[TIME]: 0.0083 seconds total (120.5 hz, 0.24 ms behind)
[0mq_GtoI = 0.950,0.307,0.055,0.004 | p_IinG = 4.943,0.940,-1.670 | dist = 6.49 (meters)
bg = 0.0008,-0.0001,0.0001 | ba = 0.1043,0.0191,0.1540
camera-imu timeoffset = 0.00202
cam0 intrinsics = 352.206,352.882,368.265,252.562 | -0.046,-0.006,0.012,-0.005
cam1 intrinsics = 352.717,353.740,348.690,270.012 | -0.042,-0.005,0.004,-0.001
cam0 extrinsics = 0.500,0.503,0.497,0.500 | -0.046,0.025,-0.039
cam1 extrinsics = 0.498,0.504,0.501,0.497 | 0.064,0.026,-0.037
[34m[TIME]: 0.0079 seconds total (126.6 hz, 0.25 ms behind)
[0mq_GtoI = 0.944,0.325,0.048,0.023 | p_IinG = 4.963,0.977,-1.683 | dist = 6.53 (meters)
bg = 0.0008,-0.0001,0.0001 | ba = 0.1042,0.0212,0.1542
camera-imu timeoffset = 0.00201
cam0 intrinsics = 352.235,352.879,368.252,252.543 | -0.046,-0.006,0.011,-0.005
cam1 intrinsics = 352.745,353.735,348.703,270.010 | -0.042,-0.005,0.004,-0.001
cam0 extrinsics = 0.500,0.503,0.497,0.500 | -0.045,0.025,-0.039
cam1 extrinsics = 0.498,0.504,0.501,0.497 | 0.064,0.026,-0.037
[34m[TIME]: 0.0064 seconds total (156.6 hz, 0.01 ms behind)
[0mq_GtoI = 0.939,0.341,0.032,0.043 | p_IinG = 4.983,1.016,-1.693 | dist = 6.58 (meters)
bg = 0.0008,-0.0001,0.0001 | ba = 0.1047,0.0222,0.1542
camera-imu timeoffset = 0.00200
cam0 intrinsics = 352.251,352.873,368.228,252.534 | -0.046,-0.006,0.011,-0.005
cam1 intrinsics = 352.766,353.736,348.676,270.018 | -0.042,-0.005,0.004,-0.001
cam0 extrinsics = 0.500,0.503,0.497,0.500 | -0.045,0.024,-0.039
cam1 extrinsics = 0.498,0.504,0.501,0.497 | 0.064,0.025,-0.037
[34m[TIME]: 0.0080 seconds total (125.1 hz, 0.02 ms behind)
[0mq_GtoI = 0.931,0.362,0.020,0.041 | p_IinG = 5.003,1.053,-1.702 | dist = 6.62 (meters)
bg = 0.0008,-0.0001,0.0001 | ba = 0.1056,0.0229,0.1542
camera-imu timeoffset = 0.00201
cam0 intrinsics = 352.260,352.875,368.186,252.511 | -0.046,-0.006,0.011,-0.005
cam1 intrinsics = 352.775,353.740,348.630,270.007 | -0.042,-0.005,0.004,-0.001
cam0 extrinsics = 0.500,0.503,0.497,0.500 | -0.045,0.024,-0.039
cam1 extrinsics = 0.498,0.504,0.500,0.497 | 0.064,0.025,-0.037
[34m[TIME]: 0.0075 seconds total (133.3 hz, 0.03 ms behind)
[0mq_GtoI = 0.922,0.385,0.015,0.027 | p_IinG = 5.024,1.090,-1.712 | dist = 6.66 (meters)
bg = 0.0008,-0.0001,0.0000 | ba = 0.1062,0.0236,0.1542
camera-imu timeoffset = 0.00201
cam0 intrinsics = 352.271,352.879,368.124,252.480 | -0.046,-0.006,0.011,-0.005
cam1 intrinsics = 352.786,353.743,348.566,269.989 | -0.042,-0.005,0.004,-0.001
cam0 extrinsics = 0.500,0.503,0.496,0.500 | -0.045,0.024,-0.039
cam1 extrinsics = 0.498,0.504,0.500,0.497 | 0.064,0.025,-0.037
[34m[TIME]: 0.0088 seconds total (113.9 hz, 0.04 ms behind)
[0mq_GtoI = 0.911,0.411,0.020,0.026 | p_IinG = 5.043,1.133,-1.725 | dist = 6.71 (meters)
bg = 0.0008,-0.0001,0.0000 | ba = 0.1035,0.0245,0.1545
camera-imu timeoffset = 0.00200
cam0 intrinsics = 352.260,352.870,368.061,252.394 | -0.046,-0.006,0.011,-0.005
cam1 intrinsics = 352.784,353.751,348.526,269.951 | -0.042,-0.005,0.004,-0.001
cam0 extrinsics = 0.500,0.503,0.496,0.500 | -0.045,0.023,-0.039
cam1 extrinsics = 0.498,0.504,0.500,0.497 | 0.064,0.024,-0.037
[34m[TIME]: 0.0084 seconds total (119.5 hz, 0.05 ms behind)
[0mq_GtoI = 0.899,0.435,0.034,0.034 | p_IinG = 5.058,1.180,-1.741 | dist = 6.76 (meters)
bg = 0.0008,-0.0001,-0.0000 | ba = 0.1018,0.0245,0.1546
camera-imu timeoffset = 0.00200
cam0 intrinsics = 352.253,352.874,368.053,252.406 | -0.045,-0.006,0.011,-0.005
cam1 intrinsics = 352.773,353.749,348.487,269.959 | -0.042,-0.005,0.004,-0.001
cam0 extrinsics = 0.500,0.503,0.496,0.500 | -0.045,0.023,-0.039
cam1 extrinsics = 0.498,0.504,0.500,0.497 | 0.064,0.024,-0.037
[34m[TIME]: 0.0109 seconds total (91.5 hz, 0.06 ms behind)
[0mq_GtoI = 0.891,0.449,0.054,0.040 | p_IinG = 5.075,1.228,-1.764 | dist = 6.82 (meters)
bg = 0.0008,-0.0001,-0.0000 | ba = 0.1022,0.0238,0.1545
camera-imu timeoffset = 0.00200
cam0 intrinsics = 352.255,352.880,368.047,252.422 | -0.045,-0.006,0.011,-0.005
cam1 intrinsics = 352.763,353.747,348.484,269.983 | -0.041,-0.005,0.004,-0.001
cam0 extrinsics = 0.500,0.503,0.496,0.500 | -0.045,0.023,-0.039
cam1 extrinsics = 0.498,0.504,0.500,0.497 | 0.064,0.024,-0.037
[34m[TIME]: 0.0102 seconds total (97.7 hz, 0.07 ms behind)
[0mq_GtoI = 0.882,0.467,0.059,0.034 | p_IinG = 5.093,1.275,-1.787 | dist = 6.87 (meters)
bg = 0.0008,-0.0001,-0.0000 | ba = 0.1022,0.0242,0.1546
camera-imu timeoffset = 0.00199
cam0 intrinsics = 352.270,352.900,368.023,252.427 | -0.045,-0.006,0.011,-0.004
cam1 intrinsics = 352.762,353.761,348.494,270.002 | -0.041,-0.005,0.004,-0.001
cam0 extrinsics = 0.500,0.503,0.496,0.500 | -0.045,0.023,-0.039
cam1 extrinsics = 0.498,0.504,0.500,0.497 | 0.064,0.024,-0.037
[34m[TIME]: 0.0149 seconds total (67.1 hz, 0.08 ms behind)
[0mq_GtoI = 0.874,0.483,0.057,0.026 | p_IinG = 5.112,1.324,-1.804 | dist = 6.93 (meters)
bg = 0.0008,-0.0001,-0.0000 | ba = 0.1022,0.0231,0.1545
camera-imu timeoffset = 0.00200
cam0 intrinsics = 352.207,352.863,368.031,252.490 | -0.045,-0.006,0.011,-0.004
cam1 intrinsics = 352.677,353.713,348.493,270.084 | -0.041,-0.005,0.004,-0.001
cam0 extrinsics = 0.500,0.503,0.496,0.500 | -0.045,0.022,-0.039
cam1 extrinsics = 0.498,0.504,0.500,0.497 | 0.064,0.023,-0.037
[34m[TIME]: 0.0127 seconds total (78.5 hz, 0.09 ms behind)
[0mq_GtoI = 0.865,0.499,0.049,0.023 | p_IinG = 5.126,1.374,-1.815 | dist = 6.99 (meters)
bg = 0.0008,-0.0001,-0.0000 | ba = 0.1022,0.0210,0.1544
camera-imu timeoffset = 0.00200
cam0 intrinsics = 352.138,352.795,368.033,252.532 | -0.045,-0.006,0.011,-0.004
cam1 intrinsics = 352.610,353.648,348.483,270.140 | -0.041,-0.005,0.004,-0.001
cam0 extrinsics = 0.500,0.503,0.496,0.500 | -0.045,0.022,-0.039
cam1 extrinsics = 0.498,0.504,0.500,0.497 | 0.064,0.023,-0.038
[34m[TIME]: 0.0098 seconds total (101.5 hz, 0.10 ms behind)
[0mq_GtoI = 0.855,0.516,0.045,0.031 | p_IinG = 5.135,1.425,-1.816 | dist = 7.04 (meters)
bg = 0.0008,-0.0001,-0.0001 | ba = 0.1021,0.0185,0.1542
camera-imu timeoffset = 0.00201
cam0 intrinsics = 352.077,352.750,368.041,252.670 | -0.045,-0.006,0.011,-0.005
cam1 intrinsics = 352.556,353.616,348.459,270.304 | -0.042,-0.004,0.004,-0.001
cam0 extrinsics = 0.500,0.503,0.496,0.500 | -0.045,0.022,-0.039
cam1 extrinsics = 0.499,0.504,0.500,0.497 | 0.064,0.023,-0.038
[34m[TIME]: 0.0108 seconds total (92.9 hz, 0.11 ms behind)
[0mq_GtoI = 0.841,0.537,0.045,0.037 | p_IinG = 5.140,1.472,-1.813 | dist = 7.09 (meters)
bg = 0.0008,-0.0001,-0.0000 | ba = 0.1024,0.0178,0.1541
camera-imu timeoffset = 0.00199
cam0 intrinsics = 352.076,352.736,368.011,252.734 | -0.045,-0.006,0.011,-0.005
cam1 intrinsics = 352.560,353.603,348.397,270.375 | -0.042,-0.004,0.004,-0.001
cam0 extrinsics = 0.500,0.503,0.496,0.500 | -0.045,0.021,-0.039
cam1 extrinsics = 0.499,0.504,0.500,0.497 | 0.064,0.022,-0.038
[34m[TIME]: 0.0076 seconds total (131.3 hz, 0.12 ms behind)
[0mq_GtoI = 0.829,0.557,0.043,0.030 | p_IinG = 5.146,1.518,-1.808 | dist = 7.13 (meters)
bg = 0.0008,-0.0001,0.0000 | ba = 0.1020,0.0180,0.1541
camera-imu timeoffset = 0.00199
cam0 intrinsics = 352.103,352.743,367.954,252.715 | -0.045,-0.006,0.011,-0.005
cam1 intrinsics = 352.601,353.624,348.308,270.392 | -0.042,-0.003,0.003,-0.001
cam0 extrinsics = 0.500,0.503,0.496,0.500 | -0.045,0.022,-0.039
cam1 extrinsics = 0.499,0.504,0.500,0.497 | 0.064,0.022,-0.038
[34m[TIME]: 0.0070 seconds total (142.9 hz, 0.13 ms behind)
[0mq_GtoI = 0.820,0.571,0.044,0.018 | p_IinG = 5.154,1.565,-1.805 | dist = 7.18 (meters)
bg = 0.0008,-0.0001,0.0001 | ba = 0.1020,0.0170,0.1540
camera-imu timeoffset = 0.00199
cam0 intrinsics = 352.082,352.723,367.958,252.759 | -0.045,-0.006,0.011,-0.005
cam1 intrinsics = 352.593,353.621,348.309,270.450 | -0.042,-0.003,0.003,-0.001
cam0 extrinsics = 0.500,0.503,0.496,0.500 | -0.045,0.021,-0.039
cam1 extrinsics = 0.499,0.504,0.500,0.497 | 0.064,0.022,-0.038
[34m[TIME]: 0.0070 seconds total (142.1 hz, 0.15 ms behind)
[0mq_GtoI = 0.813,0.580,0.048,0.009 | p_IinG = 5.160,1.614,-1.807 | dist = 7.23 (meters)
bg = 0.0008,-0.0001,0.0000 | ba = 0.1026,0.0166,0.1539
camera-imu timeoffset = 0.00199
cam0 intrinsics = 352.022,352.672,367.977,252.802 | -0.045,-0.006,0.011,-0.005
cam1 intrinsics = 352.537,353.577,348.307,270.509 | -0.042,-0.003,0.003,-0.001
cam0 extrinsics = 0.500,0.503,0.496,0.500 | -0.045,0.021,-0.039
cam1 extrinsics = 0.499,0.504,0.500,0.497 | 0.064,0.022,-0.038
[34m[TIME]: 0.0065 seconds total (152.7 hz, 0.16 ms behind)
[0mq_GtoI = -0.808,-0.588,-0.052,0.001 | p_IinG = 5.166,1.665,-1.812 | dist = 7.28 (meters)
bg = 0.0008,-0.0001,-0.0000 | ba = 0.1027,0.0155,0.1537
camera-imu timeoffset = 0.00199
cam0 intrinsics = 351.946,352.605,368.005,252.914 | -0.045,-0.006,0.011,-0.005
cam1 intrinsics = 352.469,353.514,348.322,270.630 | -0.043,-0.003,0.004,-0.002
cam0 extrinsics = 0.500,0.503,0.496,0.500 | -0.046,0.021,-0.040
cam1 extrinsics = 0.499,0.504,0.500,0.497 | 0.064,0.022,-0.038
[34m[TIME]: 0.0078 seconds total (127.8 hz, 0.17 ms behind)
[0mq_GtoI = -0.797,-0.601,-0.048,0.013 | p_IinG = 5.169,1.720,-1.820 | dist = 7.34 (meters)
bg = 0.0008,-0.0001,-0.0000 | ba = 0.1033,0.0146,0.1536
camera-imu timeoffset = 0.00199
cam0 intrinsics = 351.920,352.564,368.052,253.000 | -0.045,-0.006,0.011,-0.005
cam1 intrinsics = 352.443,353.477,348.362,270.705 | -0.043,-0.003,0.004,-0.002
cam0 extrinsics = 0.500,0.503,0.497,0.500 | -0.045,0.020,-0.040
cam1 extrinsics = 0.499,0.504,0.500,0.497 | 0.064,0.021,-0.039
[34m[TIME]: 0.0054 seconds total (185.1 hz, 0.18 ms behind)
[0mq_GtoI = -0.785,-0.619,-0.038,0.019 | p_IinG = 5.174,1.777,-1.827 | dist = 7.40 (meters)
bg = 0.0008,-0.0000,-0.0001 | ba = 0.1040,0.0119,0.1533
camera-imu timeoffset = 0.00200
cam0 intrinsics = 351.805,352.367,368.093,253.283 | -0.045,-0.006,0.011,-0.005
cam1 intrinsics = 352.351,353.292,348.331,271.006 | -0.043,-0.003,0.004,-0.002
cam0 extrinsics = 0.500,0.503,0.497,0.500 | -0.046,0.020,-0.041
cam1 extrinsics = 0.499,0.504,0.501,0.497 | 0.064,0.021,-0.039
[34m[TIME]: 0.0109 seconds total (91.9 hz, 0.19 ms behind)
[0mq_GtoI = -0.768,-0.639,-0.030,0.014 | p_IinG = 5.170,1.836,-1.834 | dist = 7.46 (meters)
bg = 0.0008,-0.0000,-0.0001 | ba = 0.1049,0.0127,0.1533
camera-imu timeoffset = 0.00199
cam0 intrinsics = 351.783,352.324,368.095,253.329 | -0.045,-0.006,0.011,-0.005
cam1 intrinsics = 352.333,353.249,348.322,271.056 | -0.043,-0.003,0.004,-0.002
cam0 extrinsics = 0.500,0.503,0.497,0.500 | -0.046,0.020,-0.041
cam1 extrinsics = 0.499,0.504,0.501,0.497 | 0.064,0.020,-0.039
[34m[TIME]: 0.0099 seconds total (100.8 hz, 0.20 ms behind)
[0mq_GtoI = -0.746,-0.665,-0.021,0.007 | p_IinG = 5.162,1.895,-1.840 | dist = 7.52 (meters)
bg = 0.0008,-0.0000,-0.0001 | ba = 0.1048,0.0136,0.1533
camera-imu timeoffset = 0.00198
cam0 intrinsics = 351.787,352.331,368.015,253.278 | -0.045,-0.006,0.011,-0.005
cam1 intrinsics = 352.350,353.272,348.269,270.993 | -0.043,-0.003,0.004,-0.002
cam0 extrinsics = 0.500,0.503,0.497,0.500 | -0.046,0.020,-0.041
cam1 extrinsics = 0.499,0.504,0.501,0.497 | 0.064,0.021,-0.039
[34m[TIME]: 0.0079 seconds total (126.8 hz, 0.21 ms behind)
[0mq_GtoI = -0.719,-0.695,-0.014,0.006 | p_IinG = 5.151,1.952,-1.843 | dist = 7.58 (meters)
bg = 0.0008,-0.0000,-0.0001 | ba = 0.1055,0.0128,0.1532
camera-imu timeoffset = 0.00198
cam0 intrinsics = 351.778,352.335,367.986,253.299 | -0.045,-0.006,0.011,-0.005
cam1 intrinsics = 352.348,353.278,348.258,271.008 | -0.043,-0.003,0.004,-0.002
cam0 extrinsics = 0.500,0.503,0.497,0.500 | -0.046,0.020,-0.041
cam1 extrinsics = 0.498,0.504,0.501,0.497 | 0.064,0.021,-0.039
[34m[TIME]: 0.0092 seconds total (109.1 hz, 0.22 ms behind)
[0mq_GtoI = -0.688,-0.726,-0.011,0.008 | p_IinG = 5.133,2.008,-1.844 | dist = 7.64 (meters)
bg = 0.0008,-0.0000,-0.0002 | ba = 0.1057,0.0130,0.1532
camera-imu timeoffset = 0.00198
cam0 intrinsics = 351.725,352.326,367.980,253.237 | -0.045,-0.006,0.011,-0.005
cam1 intrinsics = 352.302,353.276,348.276,270.929 | -0.042,-0.003,0.004,-0.002
cam0 extrinsics = 0.500,0.503,0.497,0.500 | -0.045,0.020,-0.041
cam1 extrinsics = 0.499,0.504,0.501,0.497 | 0.064,0.021,-0.039
[34m[TIME]: 0.0064 seconds total (157.3 hz, 0.23 ms behind)
[0mq_GtoI = -0.657,-0.753,-0.011,0.005 | p_IinG = 5.111,2.063,-1.845 | dist = 7.70 (meters)
bg = 0.0008,-0.0000,-0.0001 | ba = 0.1055,0.0144,0.1533
camera-imu timeoffset = 0.00198
cam0 intrinsics = 351.745,352.354,367.972,253.167 | -0.045,-0.006,0.011,-0.005
cam1 intrinsics = 352.346,353.323,348.299,270.841 | -0.042,-0.003,0.004,-0.002
cam0 extrinsics = 0.500,0.503,0.497,0.500 | -0.046,0.020,-0.041
cam1 extrinsics = 0.499,0.504,0.501,0.497 | 0.064,0.021,-0.039
[34m[TIME]: 0.0070 seconds total (143.2 hz, 0.24 ms behind)
[0mq_GtoI = -0.632,-0.775,-0.007,0.005 | p_IinG = 5.088,2.119,-1.845 | dist = 7.75 (meters)
bg = 0.0008,-0.0000,-0.0001 | ba = 0.1051,0.0158,0.1535
camera-imu timeoffset = 0.00198
cam0 intrinsics = 351.762,352.341,368.042,253.113 | -0.044,-0.006,0.011,-0.005
cam1 intrinsics = 352.351,353.314,348.334,270.788 | -0.042,-0.004,0.004,-0.001
cam0 extrinsics = 0.500,0.503,0.497,0.500 | -0.045,0.020,-0.041
cam1 extrinsics = 0.499,0.504,0.501,0.497 | 0.064,0.021,-0.039
[34m[TIME]: 0.0098 seconds total (101.9 hz, 0.00 ms behind)
[0mq_GtoI = -0.611,-0.792,-0.002,0.004 | p_IinG = 5.068,2.171,-1.848 | dist = 7.81 (meters)
bg = 0.0008,-0.0000,-0.0002 | ba = 0.1054,0.0167,0.1535
camera-imu timeoffset = 0.00198
cam0 intrinsics = 351.839,352.361,368.008,253.095 | -0.044,-0.007,0.011,-0.004
cam1 intrinsics = 352.423,353.333,348.288,270.770 | -0.042,-0.004,0.004,-0.001
cam0 extrinsics = 0.500,0.503,0.497,0.500 | -0.045,0.020,-0.040
cam1 extrinsics = 0.499,0.504,0.501,0.497 | 0.064,0.021,-0.039
[34m[TIME]: 0.0077 seconds total (129.6 hz, 0.01 ms behind)
[0mq_GtoI = -0.600,-0.800,-0.001,0.002 | p_IinG = 5.050,2.227,-1.853 | dist = 7.87 (meters)
bg = 0.0008,-0.0000,-0.0001 | ba = 0.1056,0.0162,0.1535
camera-imu timeoffset = 0.00197
cam0 intrinsics = 351.901,352.394,367.971,253.077 | -0.044,-0.007,0.011,-0.004
cam1 intrinsics = 352.498,353.375,348.257,270.756 | -0.042,-0.004,0.004,-0.001
cam0 extrinsics = 0.500,0.503,0.497,0.500 | -0.045,0.020,-0.040
cam1 extrinsics = 0.499,0.504,0.501,0.497 | 0.064,0.021,-0.039
[34m[TIME]: 0.0069 seconds total (145.5 hz, 0.02 ms behind)
[0mq_GtoI = 0.596,0.803,0.006,0.001 | p_IinG = 5.032,2.285,-1.858 | dist = 7.93 (meters)
bg = 0.0008,-0.0000,-0.0001 | ba = 0.1057,0.0161,0.1535
camera-imu timeoffset = 0.00197
cam0 intrinsics = 351.963,352.429,367.952,253.077 | -0.044,-0.007,0.011,-0.004
cam1 intrinsics = 352.574,353.422,348.231,270.758 | -0.042,-0.004,0.004,-0.001
cam0 extrinsics = 0.500,0.503,0.497,0.500 | -0.045,0.020,-0.040
cam1 extrinsics = 0.499,0.504,0.501,0.497 | 0.064,0.021,-0.038
[34m[TIME]: 0.0070 seconds total (143.6 hz, 0.03 ms behind)
[0mq_GtoI = 0.595,0.804,0.011,0.008 | p_IinG = 5.012,2.344,-1.864 | dist = 8.00 (meters)
bg = 0.0008,-0.0000,-0.0001 | ba = 0.1063,0.0171,0.1535
camera-imu timeoffset = 0.00196
cam0 intrinsics = 352.003,352.421,367.916,253.053 | -0.044,-0.007,0.011,-0.004
cam1 intrinsics = 352.626,353.423,348.191,270.738 | -0.042,-0.004,0.004,-0.001
cam0 extrinsics = 0.500,0.503,0.497,0.500 | -0.045,0.020,-0.040
cam1 extrinsics = 0.499,0.504,0.500,0.497 | 0.064,0.021,-0.038
[34m[TIME]: 0.0089 seconds total (112.9 hz, 0.04 ms behind)
[0mq_GtoI = 0.593,0.805,0.009,0.017 | p_IinG = 4.990,2.406,-1.865 | dist = 8.06 (meters)
bg = 0.0008,-0.0000,-0.0002 | ba = 0.1069,0.0191,0.1538
camera-imu timeoffset = 0.00196
cam0 intrinsics = 351.910,352.358,367.730,252.991 | -0.044,-0.007,0.011,-0.004
cam1 intrinsics = 352.541,353.362,348.048,270.700 | -0.042,-0.004,0.004,-0.001
cam0 extrinsics = 0.500,0.503,0.496,0.500 | -0.045,0.020,-0.040
cam1 extrinsics = 0.499,0.504,0.500,0.497 | 0.064,0.021,-0.038
[34m[TIME]: 0.0062 seconds total (160.0 hz, 0.06 ms behind)
[0mq_GtoI = 0.588,0.809,0.005,0.023 | p_IinG = 4.970,2.467,-1.864 | dist = 8.13 (meters)
bg = 0.0008,-0.0000,-0.0002 | ba = 0.1079,0.0205,0.1539
camera-imu timeoffset = 0.00195
cam0 intrinsics = 351.880,352.325,367.624,252.963 | -0.044,-0.007,0.011,-0.004
cam1 intrinsics = 352.515,353.328,347.953,270.664 | -0.042,-0.004,0.004,-0.001
cam0 extrinsics = 0.500,0.503,0.496,0.500 | -0.045,0.020,-0.040
cam1 extrinsics = 0.499,0.504,0.500,0.497 | 0.064,0.021,-0.038
[34m[TIME]: 0.0123 seconds total (81.5 hz, 0.07 ms behind)
[0mq_GtoI = 0.583,0.812,0.005,0.027 | p_IinG = 4.954,2.528,-1.859 | dist = 8.19 (meters)
bg = 0.0008,-0.0000,-0.0002 | ba = 0.1083,0.0210,0.1540
camera-imu timeoffset = 0.00194
cam0 intrinsics = 351.886,352.324,367.597,252.969 | -0.043,-0.007,0.011,-0.005
cam1 intrinsics = 352.531,353.333,347.931,270.668 | -0.042,-0.004,0.004,-0.001
cam0 extrinsics = 0.500,0.503,0.496,0.500 | -0.045,0.020,-0.040
cam1 extrinsics = 0.499,0.504,0.500,0.497 | 0.064,0.021,-0.038
[34m[TIME]: 0.0061 seconds total (162.7 hz, 0.08 ms behind)
[0mq_GtoI = 0.583,0.812,0.010,0.028 | p_IinG = 4.940,2.590,-1.851 | dist = 8.26 (meters)
bg = 0.0008,-0.0000,-0.0002 | ba = 0.1088,0.0215,0.1540
camera-imu timeoffset = 0.00195
cam0 intrinsics = 351.852,352.299,367.578,252.990 | -0.043,-0.007,0.011,-0.004
cam1 intrinsics = 352.525,353.330,347.918,270.686 | -0.042,-0.004,0.004,-0.001
cam0 extrinsics = 0.501,0.503,0.496,0.500 | -0.045,0.020,-0.040
cam1 extrinsics = 0.499,0.504,0.500,0.497 | 0.064,0.021,-0.038
[34m[TIME]: 0.0067 seconds total (149.4 hz, 0.09 ms behind)
[0mq_GtoI = 0.580,0.814,0.012,0.017 | p_IinG = 4.934,2.654,-1.846 | dist = 8.32 (meters)
bg = 0.0008,-0.0000,-0.0001 | ba = 0.1100,0.0194,0.1535
camera-imu timeoffset = 0.00194
cam0 intrinsics = 351.946,352.288,367.667,252.918 | -0.043,-0.007,0.011,-0.004
cam1 intrinsics = 352.625,353.349,347.909,270.589 | -0.042,-0.004,0.003,-0.001
cam0 extrinsics = 0.501,0.503,0.496,0.500 | -0.045,0.019,-0.040
cam1 extrinsics = 0.499,0.504,0.500,0.497 | 0.063,0.020,-0.038
[34m[TIME]: 0.0105 seconds total (95.3 hz, 0.10 ms behind)
[0mq_GtoI = -0.573,-0.819,-0.012,0.004 | p_IinG = 4.927,2.715,-1.836 | dist = 8.38 (meters)
bg = 0.0008,-0.0000,-0.0002 | ba = 0.1098,0.0206,0.1535
camera-imu timeoffset = 0.00193
cam0 intrinsics = 351.884,352.249,367.626,252.936 | -0.043,-0.007,0.011,-0.004
cam1 intrinsics = 352.583,353.314,347.891,270.576 | -0.042,-0.004,0.003,-0.001
cam0 extrinsics = 0.501,0.503,0.496,0.500 | -0.045,0.020,-0.040
cam1 extrinsics = 0.499,0.504,0.500,0.497 | 0.063,0.021,-0.038
[34m[TIME]: 0.0099 seconds total (101.0 hz, 0.11 ms behind)
[0mq_GtoI = -0.565,-0.824,-0.018,0.021 | p_IinG = 4.922,2.779,-1.827 | dist = 8.44 (meters)
bg = 0.0008,-0.0000,-0.0002 | ba = 0.1083,0.0214,0.1536
camera-imu timeoffset = 0.00193
cam0 intrinsics = 351.839,352.224,367.618,252.929 | -0.043,-0.007,0.011,-0.004
cam1 intrinsics = 352.553,353.287,347.845,270.594 | -0.042,-0.004,0.003,-0.001
cam0 extrinsics = 0.501,0.503,0.496,0.500 | -0.045,0.020,-0.040
cam1 extrinsics = 0.499,0.504,0.500,0.498 | 0.063,0.021,-0.038
[34m[TIME]: 0.0081 seconds total (123.2 hz, 0.12 ms behind)
[0mq_GtoI = -0.560,-0.827,-0.027,0.031 | p_IinG = 4.916,2.842,-1.823 | dist = 8.51 (meters)
bg = 0.0008,-0.0000,-0.0001 | ba = 0.1079,0.0222,0.1536
camera-imu timeoffset = 0.00193
cam0 intrinsics = 351.807,352.199,367.606,252.924 | -0.043,-0.007,0.011,-0.004
cam1 intrinsics = 352.534,353.272,347.821,270.587 | -0.042,-0.004,0.003,-0.001
cam0 extrinsics = 0.501,0.503,0.496,0.500 | -0.045,0.020,-0.040
cam1 extrinsics = 0.499,0.504,0.500,0.498 | 0.063,0.021,-0.038
[34m[TIME]: 0.0086 seconds total (116.6 hz, 0.13 ms behind)
[0mq_GtoI = -0.559,-0.828,-0.033,0.040 | p_IinG = 4.909,2.907,-1.823 | dist = 8.57 (meters)
bg = 0.0008,-0.0000,-0.0001 | ba = 0.1073,0.0226,0.1536
camera-imu timeoffset = 0.00193
cam0 intrinsics = 351.799,352.189,367.616,252.892 | -0.043,-0.007,0.011,-0.004
cam1 intrinsics = 352.541,353.271,347.794,270.569 | -0.042,-0.004,0.004,-0.001
cam0 extrinsics = 0.501,0.503,0.496,0.500 | -0.045,0.020,-0.040
cam1 extrinsics = 0.499,0.504,0.500,0.498 | 0.063,0.021,-0.038
[34m[TIME]: 0.0091 seconds total (110.0 hz, 0.14 ms behind)
[0mq_GtoI = -0.553,-0.831,-0.038,0.051 | p_IinG = 4.902,2.972,-1.826 | dist = 8.63 (meters)
bg = 0.0008,-0.0001,-0.0001 | ba = 0.1068,0.0239,0.1537
camera-imu timeoffset = 0.00194
cam0 intrinsics = 351.699,352.128,367.611,252.851 | -0.043,-0.008,0.011,-0.004
cam1 intrinsics = 352.474,353.228,347.797,270.510 | -0.042,-0.004,0.004,-0.001
cam0 extrinsics = 0.501,0.503,0.496,0.500 | -0.045,0.020,-0.040
cam1 extrinsics = 0.499,0.504,0.500,0.498 | 0.063,0.021,-0.038
[34m[TIME]: 0.0095 seconds total (105.0 hz, 0.15 ms behind)
[0mq_GtoI = -0.541,-0.838,-0.038,0.063 | p_IinG = 4.895,3.036,-1.828 | dist = 8.70 (meters)
bg = 0.0008,-0.0001,-0.0001 | ba = 0.1063,0.0240,0.1537
camera-imu timeoffset = 0.00195
cam0 intrinsics = 351.713,352.130,367.646,252.904 | -0.043,-0.008,0.011,-0.004
cam1 intrinsics = 352.505,353.238,347.846,270.528 | -0.042,-0.004,0.004,-0.001
cam0 extrinsics = 0.501,0.503,0.496,0.500 | -0.045,0.020,-0.040
cam1 extrinsics = 0.499,0.504,0.500,0.498 | 0.063,0.021,-0.038
[34m[TIME]: 0.0093 seconds total (107.1 hz, 0.16 ms behind)
[0mq_GtoI = -0.533,-0.843,-0.036,0.070 | p_IinG = 4.886,3.099,-1.830 | dist = 8.76 (meters)
bg = 0.0008,-0.0001,-0.0001 | ba = 0.1060,0.0248,0.1537
camera-imu timeoffset = 0.00195
cam0 intrinsics = 351.700,352.122,367.670,252.919 | -0.043,-0.008,0.011,-0.004
cam1 intrinsics = 352.510,353.245,347.867,270.533 | -0.042,-0.004,0.004,-0.001
cam0 extrinsics = 0.500,0.503,0.496,0.500 | -0.045,0.020,-0.040
cam1 extrinsics = 0.499,0.504,0.500,0.497 | 0.064,0.021,-0.038
[34m[TIME]: 0.0067 seconds total (150.2 hz, 0.17 ms behind)
[0mq_GtoI = -0.523,-0.849,-0.032,0.076 | p_IinG = 4.874,3.160,-1.831 | dist = 8.82 (meters)
bg = 0.0008,-0.0001,-0.0001 | ba = 0.1059,0.0257,0.1538
camera-imu timeoffset = 0.00196
cam0 intrinsics = 351.690,352.122,367.686,252.910 | -0.042,-0.008,0.011,-0.004
cam1 intrinsics = 352.520,353.257,347.876,270.538 | -0.042,-0.004,0.004,-0.001
cam0 extrinsics = 0.500,0.503,0.496,0.500 | -0.045,0.020,-0.040
cam1 extrinsics = 0.499,0.504,0.500,0.498 | 0.064,0.021,-0.038
[34m[TIME]: 0.0078 seconds total (128.3 hz, 0.18 ms behind)
[0mq_GtoI = -0.507,-0.858,-0.026,0.078 | p_IinG = 4.860,3.220,-1.831 | dist = 8.88 (meters)
bg = 0.0008,-0.0000,-0.0002 | ba = 0.1055,0.0265,0.1539
camera-imu timeoffset = 0.00196
cam0 intrinsics = 351.687,352.115,367.692,252.908 | -0.042,-0.008,0.011,-0.004
cam1 intrinsics = 352.524,353.256,347.873,270.539 | -0.042,-0.004,0.004,-0.001
cam0 extrinsics = 0.500,0.503,0.496,0.500 | -0.045,0.020,-0.040
cam1 extrinsics = 0.499,0.504,0.500,0.498 | 0.064,0.021,-0.038
[34m[TIME]: 0.0076 seconds total (130.8 hz, 0.19 ms behind)
[0mq_GtoI = -0.496,-0.865,-0.016,0.071 | p_IinG = 4.843,3.280,-1.832 | dist = 8.95 (meters)
bg = 0.0008,-0.0000,-0.0002 | ba = 0.1051,0.0274,0.1540
camera-imu timeoffset = 0.00195
cam0 intrinsics = 351.688,352.102,367.701,252.891 | -0.042,-0.008,0.011,-0.004
cam1 intrinsics = 352.531,353.248,347.870,270.528 | -0.042,-0.004,0.004,-0.001
cam0 extrinsics = 0.500,0.503,0.496,0.500 | -0.045,0.020,-0.040
cam1 extrinsics = 0.499,0.504,0.500,0.498 | 0.064,0.021,-0.038
[34m[TIME]: 0.0084 seconds total (119.3 hz, 0.20 ms behind)
[0mq_GtoI = -0.487,-0.871,-0.006,0.058 | p_IinG = 4.822,3.342,-1.831 | dist = 9.01 (meters)
bg = 0.0008,-0.0000,-0.0002 | ba = 0.1048,0.0278,0.1540
camera-imu timeoffset = 0.00194
cam0 intrinsics = 351.702,352.088,367.718,252.874 | -0.042,-0.008,0.011,-0.004
cam1 intrinsics = 352.556,353.242,347.876,270.521 | -0.041,-0.004,0.004,-0.001
cam0 extrinsics = 0.500,0.503,0.496,0.500 | -0.045,0.020,-0.040
cam1 extrinsics = 0.499,0.504,0.500,0.498 | 0.064,0.021,-0.038
[34m[TIME]: 0.0092 seconds total (108.4 hz, 0.21 ms behind)
[0mq_GtoI = -0.476,-0.879,-0.005,0.040 | p_IinG = 4.797,3.401,-1.831 | dist = 9.08 (meters)
bg = 0.0008,-0.0000,-0.0002 | ba = 0.1050,0.0285,0.1541
camera-imu timeoffset = 0.00195
cam0 intrinsics = 351.701,352.066,367.732,252.869 | -0.042,-0.008,0.011,-0.004
cam1 intrinsics = 352.563,353.225,347.882,270.513 | -0.041,-0.004,0.004,-0.001
cam0 extrinsics = 0.500,0.503,0.496,0.500 | -0.045,0.020,-0.040
cam1 extrinsics = 0.499,0.504,0.500,0.498 | 0.064,0.021,-0.038
[34m[TIME]: 0.0076 seconds total (131.8 hz, 0.22 ms behind)
[0mq_GtoI = -0.464,-0.885,-0.016,0.024 | p_IinG = 4.772,3.462,-1.832 | dist = 9.14 (meters)
bg = 0.0008,-0.0000,-0.0002 | ba = 0.1046,0.0288,0.1542
camera-imu timeoffset = 0.00195
cam0 intrinsics = 351.710,352.039,367.795,252.847 | -0.042,-0.008,0.011,-0.004
cam1 intrinsics = 352.569,353.197,347.930,270.502 | -0.041,-0.004,0.004,-0.001
cam0 extrinsics = 0.500,0.503,0.496,0.500 | -0.045,0.020,-0.040
cam1 extrinsics = 0.499,0.504,0.500,0.498 | 0.064,0.021,-0.038
[34m[TIME]: 0.0082 seconds total (122.2 hz, 0.23 ms behind)
[0mq_GtoI = -0.459,-0.888,-0.025,0.016 | p_IinG = 4.750,3.525,-1.836 | dist = 9.21 (meters)
bg = 0.0008,-0.0000,-0.0002 | ba = 0.1042,0.0290,0.1542
camera-imu timeoffset = 0.00195
cam0 intrinsics = 351.710,352.020,367.836,252.808 | -0.042,-0.008,0.011,-0.004
cam1 intrinsics = 352.575,353.184,347.960,270.475 | -0.041,-0.004,0.004,-0.001
cam0 extrinsics = 0.500,0.503,0.496,0.500 | -0.045,0.020,-0.040
cam1 extrinsics = 0.499,0.504,0.500,0.498 | 0.064,0.021,-0.038
[34m[TIME]: 0.0094 seconds total (106.3 hz, 0.24 ms behind)
[0mq_GtoI = -0.463,-0.886,-0.031,0.015 | p_IinG = 4.731,3.592,-1.839 | dist = 9.28 (meters)
bg = 0.0008,-0.0000,-0.0002 | ba = 0.1039,0.0291,0.1543
camera-imu timeoffset = 0.00196
cam0 intrinsics = 351.702,351.997,367.863,252.795 | -0.042,-0.008,0.011,-0.004
cam1 intrinsics = 352.572,353.168,347.980,270.465 | -0.041,-0.004,0.003,-0.001
cam0 extrinsics = 0.500,0.503,0.496,0.500 | -0.045,0.021,-0.040
cam1 extrinsics = 0.499,0.504,0.500,0.498 | 0.064,0.022,-0.038
[34m[TIME]: 0.0076 seconds total (131.3 hz, 0.00 ms behind)
[0mq_GtoI = -0.475,-0.879,-0.036,0.022 | p_IinG = 4.716,3.661,-1.841 | dist = 9.35 (meters)
bg = 0.0008,-0.0000,-0.0002 | ba = 0.1038,0.0293,0.1543
camera-imu timeoffset = 0.00195
cam0 intrinsics = 351.684,351.989,367.880,252.800 | -0.041,-0.008,0.010,-0.004
cam1 intrinsics = 352.568,353.170,348.022,270.448 | -0.041,-0.004,0.003,-0.001
cam0 extrinsics = 0.500,0.503,0.496,0.500 | -0.045,0.021,-0.040
cam1 extrinsics = 0.499,0.504,0.500,0.497 | 0.064,0.022,-0.038
[34m[TIME]: 0.0052 seconds total (193.2 hz, 0.02 ms behind)
[0mq_GtoI = -0.491,-0.870,-0.036,0.036 | p_IinG = 4.705,3.731,-1.842 | dist = 9.42 (meters)
bg = 0.0008,-0.0000,-0.0002 | ba = 0.1037,0.0292,0.1543
camera-imu timeoffset = 0.00195
cam0 intrinsics = 351.685,351.987,367.898,252.779 | -0.041,-0.008,0.010,-0.004
cam1 intrinsics = 352.568,353.171,348.019,270.431 | -0.041,-0.004,0.003,-0.001
cam0 extrinsics = 0.500,0.503,0.496,0.500 | -0.045,0.021,-0.040
cam1 extrinsics = 0.499,0.504,0.500,0.497 | 0.064,0.022,-0.038
[34m[TIME]: 0.0069 seconds total (144.4 hz, 0.03 ms behind)
[0mq_GtoI = -0.506,-0.860,-0.032,0.052 | p_IinG = 4.699,3.799,-1.840 | dist = 9.49 (meters)
bg = 0.0008,-0.0000,-0.0002 | ba = 0.1038,0.0292,0.1543
camera-imu timeoffset = 0.00195
cam0 intrinsics = 351.685,351.987,367.904,252.798 | -0.041,-0.008,0.010,-0.004
cam1 intrinsics = 352.577,353.175,348.049,270.430 | -0.041,-0.004,0.003,-0.001
cam0 extrinsics = 0.500,0.503,0.496,0.500 | -0.045,0.021,-0.040
cam1 extrinsics = 0.499,0.504,0.500,0.497 | 0.064,0.022,-0.038
[34m[TIME]: 0.0041 seconds total (241.3 hz, 0.04 ms behind)
[0mq_GtoI = -0.521,-0.851,-0.030,0.063 | p_IinG = 4.693,3.863,-1.837 | dist = 9.55 (meters)
bg = 0.0008,-0.0000,-0.0002 | ba = 0.1041,0.0290,0.1542
camera-imu timeoffset = 0.00195
cam0 intrinsics = 351.693,351.994,367.919,252.810 | -0.041,-0.008,0.010,-0.004
cam1 intrinsics = 352.582,353.182,348.056,270.436 | -0.041,-0.004,0.003,-0.001
cam0 extrinsics = 0.500,0.503,0.496,0.500 | -0.045,0.021,-0.040
cam1 extrinsics = 0.499,0.504,0.500,0.497 | 0.064,0.022,-0.038
[34m[TIME]: 0.0064 seconds total (155.8 hz, 0.05 ms behind)
[0mq_GtoI = -0.536,-0.841,-0.030,0.066 | p_IinG = 4.688,3.928,-1.833 | dist = 9.62 (meters)
bg = 0.0008,-0.0000,-0.0002 | ba = 0.1040,0.0288,0.1542
camera-imu timeoffset = 0.00195
cam0 intrinsics = 351.712,352.012,367.937,252.849 | -0.042,-0.008,0.010,-0.004
cam1 intrinsics = 352.597,353.198,348.071,270.476 | -0.041,-0.004,0.004,-0.001
cam0 extrinsics = 0.500,0.504,0.496,0.500 | -0.045,0.021,-0.040
cam1 extrinsics = 0.499,0.504,0.500,0.497 | 0.064,0.022,-0.038
[34m[TIME]: 0.0070 seconds total (143.3 hz, 0.06 ms behind)
[0mq_GtoI = -0.546,-0.835,-0.026,0.065 | p_IinG = 4.684,3.991,-1.829 | dist = 9.68 (meters)
bg = 0.0008,-0.0000,-0.0002 | ba = 0.1046,0.0286,0.1541
camera-imu timeoffset = 0.00196
cam0 intrinsics = 351.738,352.034,367.956,252.877 | -0.042,-0.008,0.010,-0.004
cam1 intrinsics = 352.606,353.202,348.086,270.511 | -0.041,-0.004,0.004,-0.001
cam0 extrinsics = 0.500,0.504,0.496,0.500 | -0.045,0.021,-0.040
cam1 extrinsics = 0.499,0.504,0.500,0.498 | 0.064,0.021,-0.038
[34m[TIME]: 0.0063 seconds total (158.8 hz, 0.07 ms behind)
[0mq_GtoI = -0.551,-0.832,-0.024,0.056 | p_IinG = 4.680,4.055,-1.826 | dist = 9.74 (meters)
bg = 0.0009,-0.0000,-0.0002 | ba = 0.1047,0.0282,0.1540
camera-imu timeoffset = 0.00196
cam0 intrinsics = 351.751,352.055,367.975,252.892 | -0.042,-0.008,0.010,-0.004
cam1 intrinsics = 352.621,353.225,348.103,270.520 | -0.041,-0.004,0.004,-0.001
cam0 extrinsics = 0.500,0.504,0.496,0.500 | -0.045,0.020,-0.040
cam1 extrinsics = 0.499,0.504,0.500,0.498 | 0.064,0.021,-0.038
[34m[TIME]: 0.0063 seconds total (158.9 hz, 0.08 ms behind)
[0mq_GtoI = -0.553,-0.832,-0.029,0.042 | p_IinG = 4.674,4.119,-1.825 | dist = 9.81 (meters)
bg = 0.0009,-0.0000,-0.0002 | ba = 0.1046,0.0277,0.1540
camera-imu timeoffset = 0.00196
cam0 intrinsics = 351.771,352.086,367.960,252.925 | -0.042,-0.008,0.010,-0.004
cam1 intrinsics = 352.630,353.253,348.082,270.558 | -0.041,-0.004,0.004,-0.001
cam0 extrinsics = 0.500,0.504,0.496,0.500 | -0.045,0.020,-0.040
cam1 extrinsics = 0.499,0.504,0.500,0.498 | 0.064,0.021,-0.038
[34m[TIME]: 0.0058 seconds total (171.1 hz, 0.09 ms behind)
[0mq_GtoI = -0.552,-0.833,-0.031,0.032 | p_IinG = 4.668,4.179,-1.826 | dist = 9.87 (meters)
bg = 0.0008,-0.0000,-0.0002 | ba = 0.1046,0.0274,0.1540
camera-imu timeoffset = 0.00195
cam0 intrinsics = 351.759,352.089,368.007,252.940 | -0.042,-0.008,0.010,-0.004
cam1 intrinsics = 352.633,353.262,348.127,270.577 | -0.041,-0.004,0.004,-0.001
cam0 extrinsics = 0.500,0.504,0.496,0.500 | -0.045,0.020,-0.040
cam1 extrinsics = 0.499,0.504,0.500,0.498 | 0.064,0.021,-0.038
[34m[TIME]: 0.0093 seconds total (107.6 hz, 0.10 ms behind)
[0mq_GtoI = -0.547,-0.836,-0.035,0.028 | p_IinG = 4.661,4.243,-1.830 | dist = 9.93 (meters)
bg = 0.0008,-0.0000,-0.0002 | ba = 0.1046,0.0271,0.1540
camera-imu timeoffset = 0.00194
cam0 intrinsics = 351.770,352.099,368.028,252.948 | -0.042,-0.008,0.010,-0.004
cam1 intrinsics = 352.642,353.277,348.135,270.599 | -0.041,-0.005,0.004,-0.001
cam0 extrinsics = 0.500,0.504,0.496,0.500 | -0.045,0.020,-0.040
cam1 extrinsics = 0.499,0.504,0.500,0.498 | 0.064,0.021,-0.038
[34m[TIME]: 0.0069 seconds total (144.0 hz, 0.11 ms behind)
[0mq_GtoI = -0.539,-0.841,-0.040,0.031 | p_IinG = 4.653,4.305,-1.836 | dist = 9.99 (meters)
bg = 0.0009,-0.0000,-0.0002 | ba = 0.1046,0.0272,0.1540
camera-imu timeoffset = 0.00194
cam0 intrinsics = 351.773,352.109,368.028,252.931 | -0.042,-0.008,0.010,-0.004
cam1 intrinsics = 352.647,353.290,348.138,270.593 | -0.041,-0.005,0.004,-0.001
cam0 extrinsics = 0.500,0.504,0.496,0.500 | -0.045,0.020,-0.040
cam1 extrinsics = 0.499,0.504,0.500,0.498 | 0.064,0.021,-0.038
[34m[TIME]: 0.0085 seconds total (117.5 hz, 0.12 ms behind)
[0mq_GtoI = -0.526,-0.849,-0.036,0.040 | p_IinG = 4.646,4.368,-1.841 | dist = 10.05 (meters)
bg = 0.0009,-0.0000,-0.0002 | ba = 0.1044,0.0273,0.1540
camera-imu timeoffset = 0.00194
cam0 intrinsics = 351.777,352.122,368.038,252.894 | -0.042,-0.008,0.010,-0.004
cam1 intrinsics = 352.649,353.304,348.145,270.563 | -0.041,-0.005,0.004,-0.001
cam0 extrinsics = 0.500,0.504,0.496,0.500 | -0.045,0.020,-0.040
cam1 extrinsics = 0.499,0.504,0.500,0.498 | 0.064,0.021,-0.038
[34m[TIME]: 0.0060 seconds total (168.0 hz, 0.13 ms behind)
[0mq_GtoI = -0.512,-0.857,-0.031,0.051 | p_IinG = 4.637,4.427,-1.846 | dist = 10.11 (meters)
bg = 0.0009,-0.0000,-0.0002 | ba = 0.1041,0.0273,0.1541
camera-imu timeoffset = 0.00194
cam0 intrinsics = 351.789,352.131,368.061,252.857 | -0.042,-0.007,0.010,-0.004
cam1 intrinsics = 352.653,353.309,348.170,270.532 | -0.041,-0.005,0.004,-0.001
cam0 extrinsics = 0.500,0.504,0.496,0.500 | -0.045,0.020,-0.040
cam1 extrinsics = 0.499,0.504,0.500,0.498 | 0.064,0.021,-0.038
[34m[TIME]: 0.0062 seconds total (162.4 hz, 0.14 ms behind)
[0mq_GtoI = -0.494,-0.867,-0.029,0.057 | p_IinG = 4.627,4.479,-1.848 | dist = 10.17 (meters)
bg = 0.0009,0.0000,-0.0002 | ba = 0.1037,0.0276,0.1541
camera-imu timeoffset = 0.00193
cam0 intrinsics = 351.791,352.120,368.082,252.813 | -0.042,-0.008,0.009,-0.004
cam1 intrinsics = 352.646,353.294,348.192,270.492 | -0.041,-0.005,0.004,-0.001
cam0 extrinsics = 0.500,0.504,0.496,0.500 | -0.045,0.020,-0.040
cam1 extrinsics = 0.499,0.504,0.500,0.498 | 0.064,0.020,-0.038
[34m[TIME]: 0.0065 seconds total (155.0 hz, 0.15 ms behind)
[0mq_GtoI = -0.480,-0.875,-0.020,0.057 | p_IinG = 4.618,4.529,-1.850 | dist = 10.22 (meters)
bg = 0.0009,0.0000,-0.0002 | ba = 0.1031,0.0279,0.1542
camera-imu timeoffset = 0.00193
cam0 intrinsics = 351.815,352.117,368.142,252.785 | -0.042,-0.007,0.009,-0.004
cam1 intrinsics = 352.660,353.286,348.244,270.469 | -0.041,-0.005,0.004,-0.001
cam0 extrinsics = 0.500,0.504,0.496,0.500 | -0.045,0.019,-0.040
cam1 extrinsics = 0.499,0.504,0.500,0.498 | 0.064,0.020,-0.039
[34m[TIME]: 0.0045 seconds total (220.4 hz, 0.16 ms behind)
[0mq_GtoI = -0.476,-0.878,-0.019,0.049 | p_IinG = 4.607,4.576,-1.850 | dist = 10.26 (meters)
bg = 0.0009,0.0000,-0.0002 | ba = 0.1027,0.0283,0.1543
camera-imu timeoffset = 0.00193
cam0 intrinsics = 351.847,352.136,368.195,252.757 | -0.042,-0.007,0.009,-0.004
cam1 intrinsics = 352.678,353.298,348.293,270.445 | -0.041,-0.005,0.004,-0.001
cam0 extrinsics = 0.500,0.504,0.496,0.500 | -0.045,0.019,-0.040
cam1 extrinsics = 0.499,0.504,0.500,0.497 | 0.064,0.020,-0.039
[34m[TIME]: 0.0059 seconds total (168.1 hz, 0.18 ms behind)
[0mq_GtoI = -0.468,-0.882,-0.022,0.038 | p_IinG = 4.594,4.618,-1.850 | dist = 10.31 (meters)
bg = 0.0009,0.0000,-0.0002 | ba = 0.1027,0.0285,0.1543
camera-imu timeoffset = 0.00193
cam0 intrinsics = 351.850,352.148,368.220,252.736 | -0.042,-0.007,0.009,-0.004
cam1 intrinsics = 352.672,353.307,348.315,270.424 | -0.041,-0.005,0.004,-0.001
cam0 extrinsics = 0.500,0.504,0.496,0.500 | -0.045,0.019,-0.040
cam1 extrinsics = 0.499,0.504,0.500,0.497 | 0.064,0.020,-0.039
[34m[TIME]: 0.0047 seconds total (211.3 hz, 0.19 ms behind)
[0mq_GtoI = -0.457,-0.888,-0.030,0.028 | p_IinG = 4.579,4.658,-1.850 | dist = 10.35 (meters)
bg = 0.0009,0.0000,-0.0002 | ba = 0.1027,0.0289,0.1543
camera-imu timeoffset = 0.00193
cam0 intrinsics = 351.869,352.170,368.268,252.721 | -0.042,-0.007,0.009,-0.004
cam1 intrinsics = 352.678,353.321,348.357,270.415 | -0.041,-0.005,0.004,-0.001
cam0 extrinsics = 0.500,0.504,0.496,0.500 | -0.045,0.019,-0.040
cam1 extrinsics = 0.499,0.504,0.500,0.497 | 0.064,0.020,-0.039
[34m[TIME]: 0.0082 seconds total (121.3 hz, 0.20 ms behind)
[0mq_GtoI = -0.449,-0.893,-0.036,0.018 | p_IinG = 4.564,4.701,-1.852 | dist = 10.40 (meters)
bg = 0.0009,0.0000,-0.0001 | ba = 0.1029,0.0291,0.1544
camera-imu timeoffset = 0.00193
cam0 intrinsics = 351.866,352.186,368.275,252.710 | -0.042,-0.007,0.009,-0.004
cam1 intrinsics = 352.665,353.331,348.359,270.404 | -0.041,-0.005,0.004,-0.001
cam0 extrinsics = 0.500,0.504,0.496,0.500 | -0.045,0.019,-0.040
cam1 extrinsics = 0.499,0.504,0.500,0.497 | 0.064,0.020,-0.039
[34m[TIME]: 0.0062 seconds total (162.4 hz, 0.21 ms behind)
[0mq_GtoI = -0.445,-0.894,-0.042,0.011 | p_IinG = 4.549,4.745,-1.856 | dist = 10.44 (meters)
bg = 0.0009,0.0000,-0.0001 | ba = 0.1029,0.0295,0.1545
camera-imu timeoffset = 0.00193
cam0 intrinsics = 351.875,352.218,368.258,252.751 | -0.042,-0.007,0.009,-0.004
cam1 intrinsics = 352.656,353.351,348.350,270.437 | -0.041,-0.005,0.004,-0.001
cam0 extrinsics = 0.500,0.504,0.496,0.500 | -0.045,0.019,-0.040
cam1 extrinsics = 0.498,0.504,0.500,0.497 | 0.064,0.020,-0.039
[34m[TIME]: 0.0090 seconds total (111.7 hz, 0.22 ms behind)
[0mq_GtoI = -0.445,-0.894,-0.045,0.010 | p_IinG = 4.535,4.790,-1.861 | dist = 10.49 (meters)
bg = 0.0009,0.0000,-0.0001 | ba = 0.1033,0.0293,0.1544
camera-imu timeoffset = 0.00193
cam0 intrinsics = 351.844,352.229,368.216,252.759 | -0.042,-0.007,0.009,-0.004
cam1 intrinsics = 352.623,353.362,348.296,270.445 | -0.041,-0.005,0.004,-0.001
cam0 extrinsics = 0.500,0.504,0.496,0.500 | -0.045,0.019,-0.040
cam1 extrinsics = 0.499,0.504,0.500,0.498 | 0.064,0.020,-0.039
[34m[TIME]: 0.0085 seconds total (118.1 hz, 0.23 ms behind)
[0mq_GtoI = -0.446,-0.893,-0.046,0.018 | p_IinG = 4.521,4.833,-1.866 | dist = 10.54 (meters)
bg = 0.0009,0.0000,-0.0001 | ba = 0.1035,0.0293,0.1544
camera-imu timeoffset = 0.00193
cam0 intrinsics = 351.835,352.237,368.208,252.742 | -0.042,-0.007,0.009,-0.004
cam1 intrinsics = 352.613,353.369,348.289,270.430 | -0.041,-0.005,0.004,-0.001
cam0 extrinsics = 0.500,0.504,0.496,0.500 | -0.045,0.019,-0.040
cam1 extrinsics = 0.499,0.504,0.500,0.498 | 0.064,0.020,-0.039
[34m[TIME]: 0.0070 seconds total (142.0 hz, 0.24 ms behind)
[0mq_GtoI = -0.447,-0.893,-0.044,0.033 | p_IinG = 4.509,4.875,-1.870 | dist = 10.58 (meters)
bg = 0.0009,0.0000,-0.0001 | ba = 0.1038,0.0292,0.1543
camera-imu timeoffset = 0.00193
cam0 intrinsics = 351.837,352.248,368.193,252.730 | -0.042,-0.007,0.009,-0.004
cam1 intrinsics = 352.614,353.379,348.268,270.424 | -0.041,-0.005,0.004,-0.001
cam0 extrinsics = 0.500,0.504,0.496,0.500 | -0.045,0.019,-0.040
cam1 extrinsics = 0.499,0.504,0.500,0.498 | 0.064,0.020,-0.039
[34m[TIME]: 0.0074 seconds total (134.8 hz, 0.25 ms behind)
[0mq_GtoI = -0.449,-0.892,-0.041,0.047 | p_IinG = 4.499,4.912,-1.872 | dist = 10.62 (meters)
bg = 0.0010,0.0000,-0.0001 | ba = 0.1040,0.0293,0.1543
camera-imu timeoffset = 0.00193
cam0 intrinsics = 351.880,352.277,368.224,252.732 | -0.042,-0.007,0.009,-0.004
cam1 intrinsics = 352.639,353.395,348.296,270.400 | -0.041,-0.005,0.004,-0.001
cam0 extrinsics = 0.500,0.504,0.496,0.500 | -0.045,0.019,-0.039
cam1 extrinsics = 0.499,0.504,0.500,0.497 | 0.064,0.020,-0.038
[34m[TIME]: 0.0062 seconds total (161.1 hz, 0.01 ms behind)
[0mq_GtoI = -0.457,-0.887,-0.040,0.052 | p_IinG = 4.490,4.946,-1.872 | dist = 10.66 (meters)
bg = 0.0010,0.0000,-0.0001 | ba = 0.1043,0.0294,0.1542
camera-imu timeoffset = 0.00193
cam0 intrinsics = 351.907,352.297,368.224,252.746 | -0.042,-0.007,0.009,-0.004
cam1 intrinsics = 352.640,353.394,348.295,270.414 | -0.041,-0.005,0.004,-0.001
cam0 extrinsics = 0.500,0.504,0.496,0.500 | -0.045,0.019,-0.039
cam1 extrinsics = 0.499,0.504,0.500,0.497 | 0.064,0.020,-0.038
[34m[TIME]: 0.0094 seconds total (106.2 hz, 0.02 ms behind)
[0mq_GtoI = -0.467,-0.882,-0.044,0.047 | p_IinG = 4.481,4.980,-1.872 | dist = 10.69 (meters)
bg = 0.0010,0.0000,-0.0001 | ba = 0.1042,0.0295,0.1543
camera-imu timeoffset = 0.00193
cam0 intrinsics = 351.888,352.292,368.219,252.732 | -0.042,-0.007,0.009,-0.004
cam1 intrinsics = 352.616,353.383,348.282,270.406 | -0.041,-0.005,0.004,-0.001
cam0 extrinsics = 0.500,0.504,0.496,0.500 | -0.045,0.019,-0.039
cam1 extrinsics = 0.499,0.504,0.500,0.497 | 0.064,0.020,-0.038
[34m[TIME]: 0.0062 seconds total (161.2 hz, 0.03 ms behind)
[0mq_GtoI = -0.470,-0.880,-0.045,0.039 | p_IinG = 4.472,5.012,-1.873 | dist = 10.73 (meters)
bg = 0.0010,0.0000,-0.0001 | ba = 0.1042,0.0295,0.1543
camera-imu timeoffset = 0.00193
cam0 intrinsics = 351.874,352.286,368.214,252.739 | -0.042,-0.006,0.009,-0.004
cam1 intrinsics = 352.600,353.375,348.277,270.407 | -0.041,-0.005,0.004,-0.001
cam0 extrinsics = 0.500,0.504,0.496,0.500 | -0.045,0.019,-0.040
cam1 extrinsics = 0.499,0.504,0.500,0.497 | 0.064,0.020,-0.038
[34m[TIME]: 0.0081 seconds total (123.8 hz, 0.04 ms behind)
[0mq_GtoI = -0.471,-0.881,-0.040,0.030 | p_IinG = 4.464,5.045,-1.874 | dist = 10.76 (meters)
bg = 0.0010,0.0000,-0.0001 | ba = 0.1042,0.0293,0.1542
camera-imu timeoffset = 0.00193
cam0 intrinsics = 351.859,352.280,368.200,252.739 | -0.042,-0.006,0.009,-0.004
cam1 intrinsics = 352.591,353.367,348.274,270.407 | -0.041,-0.005,0.004,-0.001
cam0 extrinsics = 0.500,0.504,0.496,0.500 | -0.045,0.019,-0.040
cam1 extrinsics = 0.499,0.504,0.500,0.497 | 0.064,0.020,-0.039
[34m[TIME]: 0.0067 seconds total (149.4 hz, 0.05 ms behind)
[0mq_GtoI = -0.473,-0.880,-0.036,0.022 | p_IinG = 4.458,5.071,-1.876 | dist = 10.79 (meters)
bg = 0.0009,0.0000,-0.0001 | ba = 0.1040,0.0295,0.1543
camera-imu timeoffset = 0.00192
cam0 intrinsics = 351.769,352.212,368.148,252.606 | -0.042,-0.006,0.009,-0.004
cam1 intrinsics = 352.486,353.286,348.168,270.368 | -0.041,-0.004,0.004,-0.001
cam0 extrinsics = 0.500,0.504,0.496,0.500 | -0.045,0.019,-0.040
cam1 extrinsics = 0.499,0.504,0.500,0.498 | 0.064,0.020,-0.040
[34m[TIME]: 0.0118 seconds total (85.0 hz, 0.06 ms behind)
[0mq_GtoI = -0.474,-0.880,-0.035,0.014 | p_IinG = 4.451,5.097,-1.879 | dist = 10.82 (meters)
bg = 0.0009,0.0000,-0.0001 | ba = 0.1040,0.0294,0.1544
camera-imu timeoffset = 0.00192
cam0 intrinsics = 351.752,352.207,368.123,252.605 | -0.042,-0.006,0.009,-0.004
cam1 intrinsics = 352.461,353.273,348.141,270.378 | -0.041,-0.004,0.004,-0.001
cam0 extrinsics = 0.500,0.504,0.496,0.500 | -0.045,0.019,-0.040
cam1 extrinsics = 0.499,0.504,0.500,0.498 | 0.064,0.020,-0.040
[34m[TIME]: 0.0060 seconds total (167.0 hz, 0.07 ms behind)
[0mq_GtoI = -0.472,-0.881,-0.033,0.009 | p_IinG = 4.445,5.118,-1.882 | dist = 10.84 (meters)
bg = 0.0009,0.0000,-0.0002 | ba = 0.1041,0.0293,0.1543
camera-imu timeoffset = 0.00192
cam0 intrinsics = 351.731,352.185,368.092,252.629 | -0.042,-0.006,0.009,-0.004
cam1 intrinsics = 352.427,353.239,348.101,270.412 | -0.041,-0.004,0.004,-0.001
cam0 extrinsics = 0.500,0.504,0.496,0.500 | -0.045,0.018,-0.041
cam1 extrinsics = 0.499,0.504,0.500,0.498 | 0.064,0.019,-0.040
[34m[TIME]: 0.0076 seconds total (131.2 hz, 0.08 ms behind)
[0mq_GtoI = -0.471,-0.881,-0.031,0.007 | p_IinG = 4.440,5.137,-1.884 | dist = 10.87 (meters)
bg = 0.0009,-0.0000,-0.0002 | ba = 0.1042,0.0292,0.1543
camera-imu timeoffset = 0.00192
cam0 intrinsics = 351.716,352.176,368.046,252.644 | -0.042,-0.006,0.009,-0.004
cam1 intrinsics = 352.399,353.217,348.064,270.434 | -0.041,-0.004,0.004,-0.001
cam0 extrinsics = 0.500,0.504,0.496,0.500 | -0.045,0.018,-0.041
cam1 extrinsics = 0.499,0.504,0.500,0.498 | 0.064,0.019,-0.040
[34m[TIME]: 0.0079 seconds total (126.4 hz, 0.09 ms behind)
[0mq_GtoI = -0.471,-0.882,-0.030,0.007 | p_IinG = 4.436,5.155,-1.884 | dist = 10.88 (meters)
bg = 0.0009,-0.0000,-0.0002 | ba = 0.1041,0.0291,0.1543
camera-imu timeoffset = 0.00192
cam0 intrinsics = 351.719,352.176,367.996,252.670 | -0.042,-0.006,0.009,-0.004
cam1 intrinsics = 352.398,353.206,347.998,270.476 | -0.041,-0.004,0.004,-0.002
cam0 extrinsics = 0.500,0.504,0.496,0.500 | -0.045,0.018,-0.041
cam1 extrinsics = 0.499,0.504,0.500,0.498 | 0.064,0.019,-0.040
[34m[TIME]: 0.0048 seconds total (206.7 hz, 0.10 ms behind)
[0mq_GtoI = -0.472,-0.881,-0.030,0.008 | p_IinG = 4.434,5.170,-1.884 | dist = 10.90 (meters)
bg = 0.0009,-0.0000,-0.0002 | ba = 0.1040,0.0290,0.1543
camera-imu timeoffset = 0.00192
cam0 intrinsics = 351.729,352.187,367.996,252.677 | -0.042,-0.006,0.009,-0.004
cam1 intrinsics = 352.407,353.208,347.998,270.496 | -0.041,-0.004,0.004,-0.002
cam0 extrinsics = 0.500,0.503,0.496,0.500 | -0.045,0.018,-0.041
cam1 extrinsics = 0.499,0.504,0.500,0.498 | 0.064,0.019,-0.040
[34m[TIME]: 0.0081 seconds total (123.5 hz, 0.11 ms behind)
[0mq_GtoI = -0.474,-0.880,-0.028,0.011 | p_IinG = 4.433,5.184,-1.884 | dist = 10.91 (meters)
bg = 0.0009,-0.0000,-0.0002 | ba = 0.1038,0.0289,0.1543
camera-imu timeoffset = 0.00192
cam0 intrinsics = 351.744,352.197,368.005,252.688 | -0.042,-0.006,0.009,-0.004
cam1 intrinsics = 352.429,353.214,348.011,270.519 | -0.041,-0.004,0.004,-0.002
cam0 extrinsics = 0.500,0.503,0.496,0.500 | -0.045,0.018,-0.040
cam1 extrinsics = 0.499,0.504,0.500,0.498 | 0.064,0.019,-0.040
[34m[TIME]: 0.0063 seconds total (159.1 hz, 0.13 ms behind)
[0mq_GtoI = -0.476,-0.879,-0.028,0.013 | p_IinG = 4.434,5.196,-1.885 | dist = 10.92 (meters)
bg = 0.0009,-0.0000,-0.0002 | ba = 0.1037,0.0289,0.1543
camera-imu timeoffset = 0.00192
cam0 intrinsics = 351.749,352.200,368.008,252.700 | -0.042,-0.006,0.009,-0.004
cam1 intrinsics = 352.436,353.218,348.013,270.519 | -0.041,-0.005,0.004,-0.002
cam0 extrinsics = 0.500,0.503,0.496,0.500 | -0.045,0.018,-0.040
cam1 extrinsics = 0.499,0.504,0.500,0.498 | 0.064,0.019,-0.040
[34m[TIME]: 0.0079 seconds total (126.1 hz, 0.14 ms behind)
[0mq_GtoI = -0.477,-0.878,-0.026,0.016 | p_IinG = 4.436,5.205,-1.887 | dist = 10.93 (meters)
bg = 0.0009,-0.0000,-0.0002 | ba = 0.1038,0.0289,0.1543
camera-imu timeoffset = 0.00192
cam0 intrinsics = 351.749,352.207,368.005,252.661 | -0.042,-0.006,0.009,-0.004
cam1 intrinsics = 352.432,353.223,348.021,270.488 | -0.041,-0.005,0.004,-0.002
cam0 extrinsics = 0.500,0.503,0.496,0.500 | -0.045,0.019,-0.040
cam1 extrinsics = 0.499,0.504,0.500,0.498 | 0.064,0.019,-0.040
[34m[TIME]: 0.0071 seconds total (140.2 hz, 0.15 ms behind)
[0mq_GtoI = -0.478,-0.878,-0.024,0.018 | p_IinG = 4.438,5.213,-1.888 | dist = 10.94 (meters)
bg = 0.0009,-0.0000,-0.0001 | ba = 0.1039,0.0289,0.1543
camera-imu timeoffset = 0.00192
cam0 intrinsics = 351.736,352.206,367.994,252.640 | -0.042,-0.006,0.009,-0.004
cam1 intrinsics = 352.419,353.219,348.028,270.472 | -0.041,-0.005,0.004,-0.002
cam0 extrinsics = 0.500,0.503,0.496,0.500 | -0.045,0.019,-0.040
cam1 extrinsics = 0.499,0.504,0.500,0.498 | 0.064,0.019,-0.040
[34m[TIME]: 0.0057 seconds total (175.1 hz, 0.16 ms behind)
[0mq_GtoI = -0.481,-0.876,-0.022,0.018 | p_IinG = 4.439,5.218,-1.890 | dist = 10.95 (meters)
bg = 0.0009,-0.0001,-0.0001 | ba = 0.1040,0.0288,0.1543
camera-imu timeoffset = 0.00192
cam0 intrinsics = 351.729,352.210,367.967,252.625 | -0.042,-0.006,0.009,-0.004
cam1 intrinsics = 352.403,353.215,348.031,270.458 | -0.041,-0.005,0.004,-0.002
cam0 extrinsics = 0.500,0.503,0.496,0.500 | -0.045,0.019,-0.040
cam1 extrinsics = 0.499,0.504,0.500,0.498 | 0.064,0.020,-0.040
[34m[TIME]: 0.0086 seconds total (116.6 hz, 0.17 ms behind)
[0mq_GtoI = -0.482,-0.876,-0.023,0.016 | p_IinG = 4.439,5.221,-1.892 | dist = 10.95 (meters)
bg = 0.0009,-0.0001,-0.0001 | ba = 0.1041,0.0287,0.1543
camera-imu timeoffset = 0.00192
cam0 intrinsics = 351.723,352.211,367.958,252.624 | -0.042,-0.006,0.009,-0.004
cam1 intrinsics = 352.396,353.214,348.042,270.460 | -0.041,-0.005,0.004,-0.002
cam0 extrinsics = 0.500,0.503,0.496,0.500 | -0.045,0.019,-0.040
cam1 extrinsics = 0.499,0.504,0.500,0.498 | 0.064,0.020,-0.040
[34m[TIME]: 0.0072 seconds total (137.9 hz, 0.18 ms behind)
[0mq_GtoI = -0.484,-0.875,-0.024,0.011 | p_IinG = 4.439,5.223,-1.894 | dist = 10.96 (meters)
bg = 0.0009,-0.0001,-0.0000 | ba = 0.1043,0.0287,0.1544
camera-imu timeoffset = 0.00192
cam0 intrinsics = 351.716,352.214,367.949,252.601 | -0.042,-0.006,0.009,-0.004
cam1 intrinsics = 352.396,353.219,348.055,270.438 | -0.041,-0.005,0.004,-0.002
cam0 extrinsics = 0.500,0.503,0.496,0.500 | -0.045,0.019,-0.040
cam1 extrinsics = 0.499,0.504,0.500,0.498 | 0.064,0.020,-0.040
[34m[TIME]: 0.0084 seconds total (118.3 hz, 0.19 ms behind)
[0mq_GtoI = -0.484,-0.875,-0.024,0.006 | p_IinG = 4.439,5.226,-1.897 | dist = 10.96 (meters)
bg = 0.0009,-0.0001,0.0000 | ba = 0.1044,0.0287,0.1544
camera-imu timeoffset = 0.00192
cam0 intrinsics = 351.704,352.218,367.933,252.617 | -0.043,-0.006,0.009,-0.004
cam1 intrinsics = 352.381,353.222,348.082,270.443 | -0.041,-0.004,0.004,-0.002
cam0 extrinsics = 0.500,0.503,0.496,0.500 | -0.045,0.019,-0.040
cam1 extrinsics = 0.499,0.504,0.500,0.498 | 0.064,0.020,-0.040
[34m[TIME]: 0.0090 seconds total (111.3 hz, 0.20 ms behind)
[0mq_GtoI = -0.485,-0.874,-0.022,0.000 | p_IinG = 4.439,5.229,-1.900 | dist = 10.97 (meters)
bg = 0.0009,-0.0001,0.0001 | ba = 0.1046,0.0287,0.1544
camera-imu timeoffset = 0.00192
cam0 intrinsics = 351.686,352.207,367.942,252.619 | -0.043,-0.006,0.009,-0.004
cam1 intrinsics = 352.389,353.230,348.102,270.441 | -0.041,-0.004,0.004,-0.002
cam0 extrinsics = 0.500,0.504,0.496,0.500 | -0.045,0.019,-0.040
cam1 extrinsics = 0.499,0.504,0.500,0.498 | 0.064,0.020,-0.040
[34m[TIME]: 0.0096 seconds total (104.2 hz, 0.21 ms behind)
[0mq_GtoI = 0.485,0.874,0.019,0.005 | p_IinG = 4.439,5.233,-1.904 | dist = 10.97 (meters)
bg = 0.0010,-0.0001,0.0001 | ba = 0.1047,0.0287,0.1544
camera-imu timeoffset = 0.00192
cam0 intrinsics = 351.681,352.207,367.944,252.597 | -0.043,-0.006,0.009,-0.004
cam1 intrinsics = 352.390,353.231,348.100,270.424 | -0.042,-0.004,0.004,-0.002
cam0 extrinsics = 0.500,0.504,0.496,0.500 | -0.045,0.020,-0.041
cam1 extrinsics = 0.499,0.504,0.500,0.498 | 0.064,0.020,-0.040
[34m[TIME]: 0.0091 seconds total (110.4 hz, 0.22 ms behind)
[0mq_GtoI = 0.487,0.873,0.015,0.008 | p_IinG = 4.441,5.238,-1.908 | dist = 10.98 (meters)
bg = 0.0010,-0.0001,0.0001 | ba = 0.1048,0.0287,0.1544
camera-imu timeoffset = 0.00192
cam0 intrinsics = 351.686,352.214,367.943,252.579 | -0.043,-0.006,0.009,-0.004
cam1 intrinsics = 352.398,353.239,348.094,270.408 | -0.042,-0.004,0.004,-0.002
cam0 extrinsics = 0.500,0.504,0.496,0.500 | -0.045,0.020,-0.040
cam1 extrinsics = 0.499,0.504,0.500,0.498 | 0.064,0.020,-0.040
[34m[TIME]: 0.0075 seconds total (133.5 hz, 0.23 ms behind)
[0mq_GtoI = 0.487,0.873,0.013,0.008 | p_IinG = 4.444,5.241,-1.912 | dist = 10.99 (meters)
bg = 0.0010,-0.0001,0.0001 | ba = 0.1049,0.0287,0.1544
camera-imu timeoffset = 0.00192
cam0 intrinsics = 351.681,352.219,367.934,252.551 | -0.043,-0.006,0.009,-0.004
cam1 intrinsics = 352.397,353.244,348.082,270.384 | -0.042,-0.004,0.004,-0.002
cam0 extrinsics = 0.500,0.504,0.496,0.500 | -0.045,0.020,-0.040
cam1 extrinsics = 0.499,0.504,0.500,0.498 | 0.064,0.020,-0.040
[34m[TIME]: 0.0062 seconds total (162.5 hz, 0.24 ms behind)
[0mq_GtoI = 0.486,0.874,0.012,0.006 | p_IinG = 4.445,5.246,-1.914 | dist = 10.99 (meters)
bg = 0.0010,-0.0001,0.0001 | ba = 0.1049,0.0288,0.1544
camera-imu timeoffset = 0.00192
cam0 intrinsics = 351.681,352.221,367.931,252.538 | -0.043,-0.006,0.009,-0.004
cam1 intrinsics = 352.401,353.248,348.076,270.369 | -0.042,-0.004,0.004,-0.002
cam0 extrinsics = 0.500,0.504,0.496,0.500 | -0.045,0.020,-0.040
cam1 extrinsics = 0.499,0.504,0.500,0.498 | 0.064,0.020,-0.040
[34m[TIME]: 0.0079 seconds total (127.1 hz, 0.00 ms behind)
[0mq_GtoI = 0.487,0.874,0.008,0.005 | p_IinG = 4.447,5.251,-1.917 | dist = 11.00 (meters)
bg = 0.0010,-0.0001,0.0001 | ba = 0.1049,0.0288,0.1544
camera-imu timeoffset = 0.00192
cam0 intrinsics = 351.679,352.221,367.930,252.519 | -0.043,-0.006,0.009,-0.004
cam1 intrinsics = 352.403,353.251,348.076,270.349 | -0.042,-0.004,0.004,-0.002
cam0 extrinsics = 0.500,0.504,0.496,0.500 | -0.045,0.020,-0.040
cam1 extrinsics = 0.499,0.504,0.500,0.498 | 0.064,0.020,-0.040
[34m[TIME]: 0.0083 seconds total (120.5 hz, 0.01 ms behind)
[0mq_GtoI = 0.488,0.873,0.005,0.004 | p_IinG = 4.449,5.257,-1.918 | dist = 11.01 (meters)
bg = 0.0010,-0.0001,0.0001 | ba = 0.1047,0.0289,0.1545
camera-imu timeoffset = 0.00192
cam0 intrinsics = 351.679,352.204,367.931,252.524 | -0.043,-0.006,0.009,-0.004
cam1 intrinsics = 352.406,353.237,348.064,270.352 | -0.041,-0.005,0.004,-0.002
cam0 extrinsics = 0.500,0.504,0.496,0.500 | -0.045,0.020,-0.040
cam1 extrinsics = 0.499,0.504,0.500,0.498 | 0.064,0.020,-0.040
[34m[TIME]: 0.0102 seconds total (97.7 hz, 0.02 ms behind)
[0mq_GtoI = 0.491,0.871,0.004,0.004 | p_IinG = 4.451,5.262,-1.919 | dist = 11.01 (meters)
bg = 0.0010,-0.0001,0.0001 | ba = 0.1047,0.0290,0.1545
camera-imu timeoffset = 0.00192
cam0 intrinsics = 351.659,352.185,367.914,252.521 | -0.043,-0.006,0.009,-0.004
cam1 intrinsics = 352.395,353.223,348.057,270.350 | -0.041,-0.005,0.004,-0.002
cam0 extrinsics = 0.500,0.504,0.496,0.500 | -0.045,0.019,-0.041
cam1 extrinsics = 0.499,0.504,0.500,0.498 | 0.064,0.020,-0.040
[34m[TIME]: 0.0073 seconds total (137.6 hz, 0.03 ms behind)
[0mq_GtoI = 0.493,0.870,0.005,0.004 | p_IinG = 4.452,5.268,-1.919 | dist = 11.02 (meters)
bg = 0.0009,-0.0001,0.0001 | ba = 0.1046,0.0290,0.1545
camera-imu timeoffset = 0.00192
cam0 intrinsics = 351.655,352.178,367.912,252.518 | -0.043,-0.006,0.009,-0.004
cam1 intrinsics = 352.396,353.220,348.059,270.346 | -0.041,-0.005,0.005,-0.002
cam0 extrinsics = 0.500,0.504,0.496,0.500 | -0.045,0.019,-0.041
cam1 extrinsics = 0.499,0.504,0.500,0.498 | 0.064,0.020,-0.040
[34m[TIME]: 0.0076 seconds total (131.2 hz, 0.04 ms behind)
[0mq_GtoI = 0.494,0.869,0.005,0.004 | p_IinG = 4.454,5.276,-1.919 | dist = 11.03 (meters)
bg = 0.0009,-0.0001,0.0001 | ba = 0.1045,0.0290,0.1545
camera-imu timeoffset = 0.00192
cam0 intrinsics = 351.645,352.168,367.907,252.516 | -0.043,-0.006,0.009,-0.004
cam1 intrinsics = 352.392,353.214,348.061,270.344 | -0.041,-0.005,0.005,-0.002
cam0 extrinsics = 0.500,0.504,0.496,0.500 | -0.045,0.019,-0.041
cam1 extrinsics = 0.499,0.504,0.500,0.498 | 0.064,0.020,-0.040
[34m[TIME]: 0.0058 seconds total (171.6 hz, 0.05 ms behind)
[0mq_GtoI = 0.495,0.869,0.005,0.006 | p_IinG = 4.457,5.285,-1.920 | dist = 11.04 (meters)
bg = 0.0009,-0.0001,0.0001 | ba = 0.1043,0.0291,0.1546
camera-imu timeoffset = 0.00192
cam0 intrinsics = 351.634,352.155,367.902,252.499 | -0.042,-0.006,0.009,-0.004
cam1 intrinsics = 352.388,353.209,348.076,270.317 | -0.041,-0.005,0.005,-0.002
cam0 extrinsics = 0.500,0.504,0.496,0.500 | -0.045,0.019,-0.041
cam1 extrinsics = 0.499,0.504,0.500,0.498 | 0.064,0.020,-0.040
[34m[TIME]: 0.0095 seconds total (105.3 hz, 0.06 ms behind)
[0mq_GtoI = 0.495,0.869,0.003,0.009 | p_IinG = 4.460,5.298,-1.922 | dist = 11.05 (meters)
bg = 0.0009,-0.0001,0.0001 | ba = 0.1042,0.0290,0.1546
camera-imu timeoffset = 0.00192
cam0 intrinsics = 351.630,352.162,367.896,252.494 | -0.042,-0.006,0.009,-0.004
cam1 intrinsics = 352.383,353.217,348.085,270.304 | -0.041,-0.005,0.005,-0.002
cam0 extrinsics = 0.500,0.504,0.496,0.500 | -0.045,0.020,-0.041
cam1 extrinsics = 0.499,0.504,0.500,0.498 | 0.064,0.020,-0.040
[34m[TIME]: 0.0099 seconds total (100.6 hz, 0.07 ms behind)
[0mq_GtoI = 0.494,0.869,-0.001,0.013 | p_IinG = 4.462,5.313,-1.925 | dist = 11.07 (meters)
bg = 0.0009,-0.0001,0.0001 | ba = 0.1042,0.0290,0.1547
camera-imu timeoffset = 0.00192
cam0 intrinsics = 351.624,352.163,367.902,252.511 | -0.042,-0.006,0.009,-0.004
cam1 intrinsics = 352.381,353.223,348.089,270.322 | -0.041,-0.005,0.005,-0.002
cam0 extrinsics = 0.500,0.504,0.496,0.500 | -0.045,0.020,-0.041
cam1 extrinsics = 0.499,0.504,0.500,0.498 | 0.064,0.020,-0.040
[34m[TIME]: 0.0136 seconds total (73.8 hz, 0.08 ms behind)
[0mq_GtoI = 0.494,0.869,-0.003,0.017 | p_IinG = 4.468,5.331,-1.931 | dist = 11.08 (meters)
bg = 0.0009,-0.0001,0.0001 | ba = 0.1039,0.0287,0.1547
camera-imu timeoffset = 0.00192
cam0 intrinsics = 351.653,352.196,367.935,252.459 | -0.042,-0.006,0.009,-0.004
cam1 intrinsics = 352.422,353.268,348.115,270.278 | -0.041,-0.005,0.005,-0.002
cam0 extrinsics = 0.500,0.504,0.496,0.500 | -0.045,0.020,-0.041
cam1 extrinsics = 0.499,0.504,0.500,0.498 | 0.064,0.020,-0.040
[34m[TIME]: 0.0116 seconds total (86.3 hz, 0.09 ms behind)
[0mq_GtoI = 0.493,0.870,-0.004,0.025 | p_IinG = 4.470,5.350,-1.937 | dist = 11.10 (meters)
bg = 0.0009,-0.0002,0.0001 | ba = 0.1039,0.0286,0.1548
camera-imu timeoffset = 0.00191
cam0 intrinsics = 351.675,352.216,367.954,252.458 | -0.042,-0.006,0.009,-0.004
cam1 intrinsics = 352.448,353.293,348.121,270.282 | -0.041,-0.005,0.005,-0.002
cam0 extrinsics = 0.500,0.504,0.496,0.500 | -0.045,0.020,-0.041
cam1 extrinsics = 0.499,0.504,0.500,0.498 | 0.064,0.020,-0.040
[34m[TIME]: 0.0073 seconds total (136.1 hz, 0.11 ms behind)
[0mq_GtoI = 0.494,0.869,-0.006,0.033 | p_IinG = 4.472,5.370,-1.942 | dist = 11.12 (meters)
bg = 0.0009,-0.0002,0.0001 | ba = 0.1039,0.0286,0.1548
camera-imu timeoffset = 0.00191
cam0 intrinsics = 351.676,352.215,367.953,252.459 | -0.042,-0.006,0.009,-0.004
cam1 intrinsics = 352.448,353.293,348.121,270.283 | -0.041,-0.005,0.005,-0.002
cam0 extrinsics = 0.500,0.504,0.496,0.500 | -0.045,0.020,-0.041
cam1 extrinsics = 0.499,0.504,0.500,0.498 | 0.064,0.020,-0.040
[34m[TIME]: 0.0098 seconds total (102.2 hz, 0.12 ms behind)
[0mq_GtoI = 0.493,0.869,-0.007,0.042 | p_IinG = 4.472,5.391,-1.948 | dist = 11.14 (meters)
bg = 0.0009,-0.0002,0.0001 | ba = 0.1039,0.0286,0.1548
camera-imu timeoffset = 0.00191
cam0 intrinsics = 351.676,352.215,367.953,252.459 | -0.042,-0.006,0.009,-0.004
cam1 intrinsics = 352.448,353.293,348.121,270.283 | -0.041,-0.005,0.005,-0.002
cam0 extrinsics = 0.500,0.504,0.496,0.500 | -0.045,0.020,-0.041
cam1 extrinsics = 0.499,0.504,0.500,0.498 | 0.064,0.020,-0.040
[34m[TIME]: 0.0098 seconds total (101.6 hz, 0.13 ms behind)
[0mq_GtoI = 0.492,0.869,-0.005,0.049 | p_IinG = 4.471,5.413,-1.952 | dist = 11.17 (meters)
bg = 0.0009,-0.0002,0.0001 | ba = 0.1039,0.0286,0.1548
camera-imu timeoffset = 0.00191
cam0 intrinsics = 351.676,352.215,367.953,252.459 | -0.042,-0.006,0.009,-0.004
cam1 intrinsics = 352.448,353.293,348.121,270.283 | -0.041,-0.005,0.005,-0.002
cam0 extrinsics = 0.500,0.504,0.496,0.500 | -0.045,0.020,-0.041
cam1 extrinsics = 0.499,0.504,0.500,0.498 | 0.064,0.020,-0.040
[34m[TIME]: 0.0086 seconds total (116.2 hz, 0.14 ms behind)
[0mq_GtoI = 0.489,0.871,-0.008,0.051 | p_IinG = 4.472,5.438,-1.955 | dist = 11.19 (meters)
bg = 0.0009,-0.0002,0.0001 | ba = 0.1038,0.0285,0.1548
camera-imu timeoffset = 0.00191
cam0 intrinsics = 351.671,352.204,367.947,252.462 | -0.042,-0.006,0.009,-0.004
cam1 intrinsics = 352.443,353.281,348.115,270.286 | -0.041,-0.005,0.005,-0.002
cam0 extrinsics = 0.500,0.504,0.496,0.500 | -0.045,0.020,-0.041
cam1 extrinsics = 0.499,0.504,0.500,0.498 | 0.064,0.020,-0.040
[34m[TIME]: 0.0072 seconds total (138.4 hz, 0.15 ms behind)
[0mq_GtoI = 0.483,0.874,-0.016,0.047 | p_IinG = 4.473,5.466,-1.955 | dist = 11.22 (meters)
bg = 0.0009,-0.0002,0.0001 | ba = 0.1038,0.0285,0.1548
camera-imu timeoffset = 0.00191
cam0 intrinsics = 351.671,352.202,367.946,252.462 | -0.043,-0.006,0.009,-0.004
cam1 intrinsics = 352.442,353.278,348.115,270.286 | -0.041,-0.005,0.005,-0.002
cam0 extrinsics = 0.500,0.504,0.496,0.500 | -0.045,0.020,-0.041
cam1 extrinsics = 0.499,0.504,0.500,0.498 | 0.064,0.020,-0.040
[34m[TIME]: 0.0072 seconds total (138.6 hz, 0.16 ms behind)
[0mq_GtoI = 0.475,0.879,-0.018,0.042 | p_IinG = 4.473,5.493,-1.953 | dist = 11.25 (meters)
bg = 0.0009,-0.0002,0.0001 | ba = 0.1038,0.0285,0.1548
camera-imu timeoffset = 0.00191
cam0 intrinsics = 351.669,352.199,367.946,252.463 | -0.043,-0.006,0.009,-0.004
cam1 intrinsics = 352.441,353.275,348.114,270.287 | -0.041,-0.005,0.005,-0.002
cam0 extrinsics = 0.500,0.504,0.496,0.500 | -0.045,0.020,-0.041
cam1 extrinsics = 0.499,0.504,0.500,0.498 | 0.064,0.020,-0.040
[34m[TIME]: 0.0045 seconds total (219.8 hz, 0.17 ms behind)
[0mq_GtoI = 0.469,0.882,-0.009,0.041 | p_IinG = 4.471,5.519,-1.948 | dist = 11.27 (meters)
bg = 0.0009,-0.0002,0.0001 | ba = 0.1039,0.0285,0.1548
camera-imu timeoffset = 0.00191
cam0 intrinsics = 351.667,352.196,367.945,252.464 | -0.043,-0.006,0.009,-0.004
cam1 intrinsics = 352.439,353.273,348.113,270.288 | -0.041,-0.005,0.005,-0.002
cam0 extrinsics = 0.500,0.504,0.496,0.500 | -0.045,0.020,-0.041
cam1 extrinsics = 0.499,0.504,0.500,0.498 | 0.064,0.020,-0.040
[34m[TIME]: 0.0069 seconds total (145.3 hz, 0.18 ms behind)
[0mq_GtoI = 0.465,0.884,0.001,0.041 | p_IinG = 4.469,5.548,-1.942 | dist = 11.30 (meters)
bg = 0.0009,-0.0002,0.0001 | ba = 0.1039,0.0285,0.1548
camera-imu timeoffset = 0.00191
cam0 intrinsics = 351.664,352.193,367.943,252.465 | -0.043,-0.006,0.009,-0.004
cam1 intrinsics = 352.436,353.269,348.111,270.289 | -0.041,-0.005,0.005,-0.002
cam0 extrinsics = 0.500,0.504,0.496,0.500 | -0.045,0.019,-0.041
cam1 extrinsics = 0.499,0.504,0.500,0.498 | 0.064,0.020,-0.040
[34m[TIME]: 0.0071 seconds total (141.8 hz, 0.19 ms behind)
[0mq_GtoI = 0.460,0.887,0.009,0.039 | p_IinG = 4.465,5.578,-1.936 | dist = 11.33 (meters)
bg = 0.0009,-0.0002,0.0001 | ba = 0.1039,0.0285,0.1548
camera-imu timeoffset = 0.00191
cam0 intrinsics = 351.663,352.194,367.942,252.467 | -0.043,-0.006,0.009,-0.004
cam1 intrinsics = 352.434,353.271,348.110,270.291 | -0.041,-0.005,0.005,-0.002
cam0 extrinsics = 0.500,0.504,0.496,0.500 | -0.045,0.019,-0.041
cam1 extrinsics = 0.499,0.504,0.500,0.498 | 0.064,0.020,-0.040
[34m[TIME]: 0.0063 seconds total (158.6 hz, 0.20 ms behind)
[0mq_GtoI = 0.453,0.891,0.015,0.036 | p_IinG = 4.461,5.609,-1.929 | dist = 11.36 (meters)
bg = 0.0009,-0.0002,0.0001 | ba = 0.1038,0.0285,0.1548
camera-imu timeoffset = 0.00191
cam0 intrinsics = 351.664,352.197,367.942,252.467 | -0.043,-0.006,0.009,-0.004
cam1 intrinsics = 352.436,353.273,348.110,270.290 | -0.041,-0.005,0.005,-0.002
cam0 extrinsics = 0.500,0.504,0.496,0.500 | -0.045,0.019,-0.041
cam1 extrinsics = 0.499,0.504,0.500,0.498 | 0.064,0.020,-0.040
[34m[TIME]: 0.0044 seconds total (227.9 hz, 0.21 ms behind)
[0mq_GtoI = 0.446,0.894,0.020,0.031 | p_IinG = 4.455,5.639,-1.923 | dist = 11.40 (meters)
bg = 0.0009,-0.0002,0.0001 | ba = 0.1038,0.0285,0.1548
camera-imu timeoffset = 0.00191
cam0 intrinsics = 351.662,352.193,367.945,252.473 | -0.042,-0.006,0.009,-0.004
cam1 intrinsics = 352.432,353.267,348.111,270.295 | -0.041,-0.005,0.005,-0.002
cam0 extrinsics = 0.500,0.504,0.496,0.500 | -0.045,0.019,-0.041
cam1 extrinsics = 0.499,0.504,0.500,0.498 | 0.064,0.020,-0.040
[34m[TIME]: 0.0083 seconds total (120.0 hz, 0.22 ms behind)
[0mq_GtoI = 0.439,0.898,0.025,0.026 | p_IinG = 4.445,5.669,-1.918 | dist = 11.43 (meters)
bg = 0.0009,-0.0001,0.0001 | ba = 0.1039,0.0286,0.1548
camera-imu timeoffset = 0.00191
cam0 intrinsics = 351.645,352.172,367.942,252.470 | -0.042,-0.006,0.009,-0.004
cam1 intrinsics = 352.417,353.246,348.103,270.291 | -0.041,-0.005,0.005,-0.002
cam0 extrinsics = 0.500,0.504,0.496,0.500 | -0.045,0.019,-0.041
cam1 extrinsics = 0.499,0.504,0.500,0.498 | 0.064,0.020,-0.040
[34m[TIME]: 0.0047 seconds total (212.0 hz, 0.23 ms behind)
[0mq_GtoI = 0.433,0.901,0.030,0.022 | p_IinG = 4.435,5.699,-1.914 | dist = 11.46 (meters)
bg = 0.0009,-0.0001,0.0001 | ba = 0.1040,0.0287,0.1547
camera-imu timeoffset = 0.00191
cam0 intrinsics = 351.638,352.159,367.936,252.468 | -0.042,-0.006,0.009,-0.004
cam1 intrinsics = 352.400,353.223,348.096,270.291 | -0.041,-0.005,0.005,-0.002
cam0 extrinsics = 0.500,0.504,0.496,0.500 | -0.045,0.019,-0.041
cam1 extrinsics = 0.499,0.504,0.500,0.498 | 0.064,0.020,-0.040
[34m[TIME]: 0.0110 seconds total (91.2 hz, 0.24 ms behind)
[0mq_GtoI = 0.428,0.903,0.033,0.018 | p_IinG = 4.426,5.731,-1.913 | dist = 11.49 (meters)
bg = 0.0009,-0.0001,0.0001 | ba = 0.1038,0.0286,0.1547
camera-imu timeoffset = 0.00191
cam0 intrinsics = 351.639,352.163,367.959,252.466 | -0.042,-0.006,0.009,-0.004
cam1 intrinsics = 352.409,353.242,348.087,270.302 | -0.041,-0.005,0.005,-0.002
cam0 extrinsics = 0.500,0.504,0.496,0.500 | -0.045,0.019,-0.041
cam1 extrinsics = 0.499,0.504,0.500,0.498 | 0.064,0.020,-0.040
[34m[TIME]: 0.0067 seconds total (149.8 hz, 0.00 ms behind)
[0mq_GtoI = 0.424,0.905,0.035,0.014 | p_IinG = 4.414,5.764,-1.914 | dist = 11.53 (meters)
bg = 0.0009,-0.0001,0.0001 | ba = 0.1038,0.0286,0.1547
camera-imu timeoffset = 0.00191
cam0 intrinsics = 351.637,352.153,367.949,252.466 | -0.042,-0.006,0.009,-0.004
cam1 intrinsics = 352.411,353.236,348.070,270.304 | -0.041,-0.005,0.005,-0.002
cam0 extrinsics = 0.500,0.504,0.496,0.500 | -0.045,0.019,-0.041
cam1 extrinsics = 0.499,0.504,0.500,0.498 | 0.064,0.020,-0.040
[34m[TIME]: 0.0082 seconds total (122.4 hz, 0.01 ms behind)
[0mq_GtoI = 0.417,0.908,0.035,0.007 | p_IinG = 4.399,5.798,-1.915 | dist = 11.57 (meters)
bg = 0.0009,-0.0001,0.0001 | ba = 0.1038,0.0286,0.1547
camera-imu timeoffset = 0.00191
cam0 intrinsics = 351.613,352.122,367.939,252.486 | -0.042,-0.006,0.009,-0.004
cam1 intrinsics = 352.411,353.231,348.054,270.321 | -0.041,-0.005,0.005,-0.002
cam0 extrinsics = 0.500,0.503,0.496,0.500 | -0.045,0.019,-0.041
cam1 extrinsics = 0.499,0.504,0.500,0.498 | 0.064,0.020,-0.040
[34m[TIME]: 0.0101 seconds total (98.7 hz, 0.02 ms behind)
[0mq_GtoI = -0.404,-0.914,-0.031,0.001 | p_IinG = 4.383,5.834,-1.918 | dist = 11.61 (meters)
bg = 0.0009,-0.0001,0.0001 | ba = 0.1039,0.0287,0.1547
camera-imu timeoffset = 0.00191
cam0 intrinsics = 351.600,352.106,367.929,252.502 | -0.042,-0.006,0.009,-0.004
cam1 intrinsics = 352.404,353.221,348.044,270.339 | -0.041,-0.005,0.005,-0.002
cam0 extrinsics = 0.500,0.503,0.496,0.500 | -0.045,0.019,-0.041
cam1 extrinsics = 0.499,0.504,0.500,0.498 | 0.064,0.020,-0.040
[34m[TIME]: 0.0090 seconds total (111.6 hz, 0.03 ms behind)
[0mq_GtoI = -0.392,-0.919,-0.030,0.003 | p_IinG = 4.365,5.870,-1.921 | dist = 11.65 (meters)
bg = 0.0009,-0.0001,0.0000 | ba = 0.1040,0.0287,0.1547
camera-imu timeoffset = 0.00191
cam0 intrinsics = 351.588,352.088,367.897,252.530 | -0.042,-0.006,0.009,-0.004
cam1 intrinsics = 352.418,353.221,348.032,270.370 | -0.041,-0.005,0.005,-0.002
cam0 extrinsics = 0.500,0.503,0.496,0.500 | -0.045,0.019,-0.041
cam1 extrinsics = 0.499,0.504,0.500,0.498 | 0.064,0.020,-0.040
[34m[TIME]: 0.0103 seconds total (97.4 hz, 0.04 ms behind)
[0mq_GtoI = -0.382,-0.924,-0.031,0.000 | p_IinG = 4.347,5.906,-1.924 | dist = 11.69 (meters)
bg = 0.0009,-0.0001,-0.0000 | ba = 0.1039,0.0287,0.1548
camera-imu timeoffset = 0.00191
cam0 intrinsics = 351.585,352.102,367.788,252.567 | -0.042,-0.006,0.009,-0.004
cam1 intrinsics = 352.450,353.251,347.983,270.388 | -0.041,-0.005,0.004,-0.002
cam0 extrinsics = 0.500,0.503,0.496,0.500 | -0.045,0.019,-0.041
cam1 extrinsics = 0.499,0.503,0.500,0.498 | 0.063,0.020,-0.040
[34m[TIME]: 0.0121 seconds total (82.5 hz, 0.05 ms behind)
[0mq_GtoI = 0.369,0.929,0.030,0.003 | p_IinG = 4.325,5.943,-1.926 | dist = 11.73 (meters)
bg = 0.0009,-0.0001,-0.0000 | ba = 0.1038,0.0288,0.1548
camera-imu timeoffset = 0.00190
cam0 intrinsics = 351.580,352.109,367.722,252.587 | -0.042,-0.006,0.009,-0.004
cam1 intrinsics = 352.461,353.268,347.941,270.403 | -0.041,-0.005,0.004,-0.001
cam0 extrinsics = 0.500,0.503,0.496,0.500 | -0.045,0.019,-0.041
cam1 extrinsics = 0.499,0.503,0.500,0.498 | 0.063,0.020,-0.040
[34m[TIME]: 0.0121 seconds total (82.6 hz, 0.07 ms behind)
[0mq_GtoI = 0.355,0.934,0.024,0.005 | p_IinG = 4.301,5.978,-1.927 | dist = 11.77 (meters)
bg = 0.0009,-0.0001,-0.0001 | ba = 0.1038,0.0288,0.1548
camera-imu timeoffset = 0.00190
cam0 intrinsics = 351.575,352.111,367.685,252.603 | -0.042,-0.006,0.009,-0.004
cam1 intrinsics = 352.467,353.277,347.920,270.411 | -0.041,-0.005,0.004,-0.001
cam0 extrinsics = 0.500,0.503,0.496,0.500 | -0.045,0.019,-0.041
cam1 extrinsics = 0.499,0.503,0.500,0.498 | 0.063,0.020,-0.040
[34m[TIME]: 0.0069 seconds total (145.8 hz, 0.08 ms behind)
[0mq_GtoI = 0.346,0.938,0.025,0.013 | p_IinG = 4.275,6.011,-1.927 | dist = 11.82 (meters)
bg = 0.0009,-0.0001,-0.0001 | ba = 0.1037,0.0289,0.1549
camera-imu timeoffset = 0.00190
cam0 intrinsics = 351.567,352.117,367.608,252.625 | -0.042,-0.006,0.009,-0.004
cam1 intrinsics = 352.473,353.288,347.872,270.409 | -0.041,-0.005,0.004,-0.001
cam0 extrinsics = 0.500,0.503,0.496,0.500 | -0.045,0.019,-0.041
cam1 extrinsics = 0.499,0.503,0.500,0.498 | 0.063,0.020,-0.040
[34m[TIME]: 0.0138 seconds total (72.7 hz, 0.09 ms behind)
[0mq_GtoI = 0.342,0.939,0.027,0.025 | p_IinG = 4.247,6.043,-1.929 | dist = 11.86 (meters)
bg = 0.0009,-0.0001,-0.0001 | ba = 0.1036,0.0289,0.1549
camera-imu timeoffset = 0.00190
cam0 intrinsics = 351.569,352.103,367.591,252.622 | -0.042,-0.006,0.009,-0.004
cam1 intrinsics = 352.478,353.280,347.843,270.424 | -0.042,-0.004,0.004,-0.001
cam0 extrinsics = 0.500,0.503,0.496,0.500 | -0.045,0.019,-0.041
cam1 extrinsics = 0.499,0.503,0.500,0.498 | 0.063,0.020,-0.040
[34m[TIME]: 0.0110 seconds total (90.8 hz, 0.10 ms behind)
[0mq_GtoI = 0.332,0.943,0.021,0.035 | p_IinG = 4.218,6.074,-1.930 | dist = 11.90 (meters)
bg = 0.0009,-0.0001,-0.0001 | ba = 0.1035,0.0289,0.1550
camera-imu timeoffset = 0.00190
cam0 intrinsics = 351.567,352.087,367.570,252.596 | -0.042,-0.006,0.009,-0.004
cam1 intrinsics = 352.477,353.266,347.822,270.393 | -0.042,-0.004,0.004,-0.001
cam0 extrinsics = 0.500,0.503,0.496,0.500 | -0.045,0.019,-0.041
cam1 extrinsics = 0.499,0.503,0.500,0.498 | 0.063,0.020,-0.040
[34m[TIME]: 0.0092 seconds total (108.4 hz, 0.11 ms behind)
[0mq_GtoI = 0.315,0.948,0.016,0.039 | p_IinG = 4.189,6.101,-1.932 | dist = 11.94 (meters)
bg = 0.0009,-0.0001,-0.0001 | ba = 0.1035,0.0290,0.1550
camera-imu timeoffset = 0.00190
cam0 intrinsics = 351.565,352.077,367.556,252.588 | -0.042,-0.006,0.008,-0.004
cam1 intrinsics = 352.479,353.261,347.809,270.380 | -0.042,-0.004,0.004,-0.001
cam0 extrinsics = 0.500,0.503,0.496,0.500 | -0.045,0.019,-0.041
cam1 extrinsics = 0.499,0.503,0.500,0.498 | 0.063,0.020,-0.040
[34m[TIME]: 0.0072 seconds total (139.8 hz, 0.12 ms behind)
[0mq_GtoI = 0.297,0.954,0.015,0.039 | p_IinG = 4.159,6.126,-1.934 | dist = 11.98 (meters)
bg = 0.0009,-0.0001,-0.0001 | ba = 0.1034,0.0290,0.1550
camera-imu timeoffset = 0.00190
cam0 intrinsics = 351.565,352.070,367.549,252.577 | -0.042,-0.006,0.008,-0.003
cam1 intrinsics = 352.483,353.260,347.796,270.366 | -0.042,-0.004,0.004,-0.001
cam0 extrinsics = 0.500,0.503,0.496,0.500 | -0.045,0.019,-0.041
cam1 extrinsics = 0.499,0.503,0.500,0.498 | 0.063,0.020,-0.040
[34m[TIME]: 0.0089 seconds total (112.9 hz, 0.13 ms behind)
[0mq_GtoI = 0.283,0.958,0.018,0.039 | p_IinG = 4.128,6.150,-1.936 | dist = 12.02 (meters)
bg = 0.0009,-0.0001,-0.0001 | ba = 0.1034,0.0291,0.1550
camera-imu timeoffset = 0.00190
cam0 intrinsics = 351.567,352.070,367.525,252.559 | -0.042,-0.006,0.008,-0.003
cam1 intrinsics = 352.488,353.262,347.767,270.347 | -0.042,-0.004,0.004,-0.001
cam0 extrinsics = 0.501,0.503,0.496,0.501 | -0.045,0.019,-0.041
cam1 extrinsics = 0.499,0.503,0.500,0.498 | 0.064,0.020,-0.040
[34m[TIME]: 0.0075 seconds total (133.4 hz, 0.14 ms behind)
[0mq_GtoI = 0.268,0.963,0.016,0.037 | p_IinG = 4.096,6.175,-1.939 | dist = 12.06 (meters)
bg = 0.0009,-0.0001,-0.0001 | ba = 0.1034,0.0291,0.1550
camera-imu timeoffset = 0.00190
cam0 intrinsics = 351.573,352.094,367.510,252.546 | -0.042,-0.006,0.008,-0.003
cam1 intrinsics = 352.506,353.293,347.746,270.326 | -0.042,-0.004,0.004,-0.001
cam0 extrinsics = 0.501,0.503,0.496,0.501 | -0.045,0.019,-0.041
cam1 extrinsics = 0.499,0.503,0.500,0.498 | 0.063,0.020,-0.040
[34m[TIME]: 0.0107 seconds total (93.3 hz, 0.15 ms behind)
[0mq_GtoI = 0.251,0.967,0.014,0.033 | p_IinG = 4.064,6.199,-1.941 | dist = 12.10 (meters)
bg = 0.0009,-0.0001,-0.0001 | ba = 0.1034,0.0292,0.1550
camera-imu timeoffset = 0.00190
cam0 intrinsics = 351.583,352.095,367.496,252.537 | -0.042,-0.006,0.008,-0.003
cam1 intrinsics = 352.522,353.301,347.728,270.316 | -0.042,-0.004,0.004,-0.001
cam0 extrinsics = 0.501,0.503,0.496,0.501 | -0.045,0.019,-0.041
cam1 extrinsics = 0.499,0.503,0.500,0.498 | 0.064,0.020,-0.040
[34m[TIME]: 0.0077 seconds total (129.2 hz, 0.16 ms behind)
[0mq_GtoI = 0.234,0.972,0.014,0.027 | p_IinG = 4.031,6.221,-1.943 | dist = 12.14 (meters)
bg = 0.0009,-0.0001,-0.0001 | ba = 0.1033,0.0292,0.1550
camera-imu timeoffset = 0.00190
cam0 intrinsics = 351.593,352.102,367.482,252.510 | -0.042,-0.006,0.008,-0.003
cam1 intrinsics = 352.538,353.312,347.692,270.295 | -0.042,-0.004,0.004,-0.001
cam0 extrinsics = 0.501,0.503,0.496,0.500 | -0.045,0.019,-0.041
cam1 extrinsics = 0.499,0.503,0.500,0.498 | 0.064,0.020,-0.040
[34m[TIME]: 0.0102 seconds total (97.8 hz, 0.17 ms behind)
[0mq_GtoI = 0.216,0.976,0.017,0.019 | p_IinG = 3.999,6.240,-1.944 | dist = 12.18 (meters)
bg = 0.0009,-0.0001,-0.0001 | ba = 0.1033,0.0292,0.1550
camera-imu timeoffset = 0.00190
cam0 intrinsics = 351.597,352.102,367.460,252.507 | -0.042,-0.006,0.008,-0.003
cam1 intrinsics = 352.548,353.319,347.657,270.286 | -0.042,-0.004,0.004,-0.001
cam0 extrinsics = 0.501,0.503,0.496,0.501 | -0.045,0.019,-0.041
cam1 extrinsics = 0.499,0.503,0.500,0.498 | 0.064,0.020,-0.040
[34m[TIME]: 0.0067 seconds total (150.3 hz, 0.18 ms behind)
[0mq_GtoI = 0.193,0.981,0.016,0.008 | p_IinG = 3.969,6.257,-1.943 | dist = 12.22 (meters)
bg = 0.0009,-0.0001,-0.0001 | ba = 0.1033,0.0294,0.1550
camera-imu timeoffset = 0.00190
cam0 intrinsics = 351.576,352.098,367.345,252.521 | -0.042,-0.006,0.008,-0.003
cam1 intrinsics = 352.543,353.323,347.563,270.284 | -0.042,-0.004,0.003,-0.001
cam0 extrinsics = 0.501,0.503,0.496,0.501 | -0.045,0.019,-0.041
cam1 extrinsics = 0.499,0.503,0.500,0.498 | 0.064,0.020,-0.040
[34m[TIME]: 0.0125 seconds total (79.8 hz, 0.19 ms behind)
[0mq_GtoI = -0.171,-0.985,-0.014,0.004 | p_IinG = 3.939,6.270,-1.942 | dist = 12.25 (meters)
bg = 0.0009,-0.0001,-0.0002 | ba = 0.1033,0.0294,0.1550
camera-imu timeoffset = 0.00190
cam0 intrinsics = 351.565,352.093,367.278,252.537 | -0.042,-0.006,0.008,-0.003
cam1 intrinsics = 352.541,353.326,347.487,270.300 | -0.042,-0.004,0.003,-0.001
cam0 extrinsics = 0.501,0.503,0.496,0.501 | -0.044,0.019,-0.041
cam1 extrinsics = 0.499,0.503,0.500,0.498 | 0.064,0.020,-0.040
[34m[TIME]: 0.0080 seconds total (125.1 hz, 0.20 ms behind)
[0mq_GtoI = -0.155,-0.988,-0.015,0.012 | p_IinG = 3.914,6.280,-1.944 | dist = 12.29 (meters)
bg = 0.0009,-0.0001,-0.0002 | ba = 0.1034,0.0294,0.1551
camera-imu timeoffset = 0.00190
cam0 intrinsics = 351.507,352.041,367.173,252.556 | -0.042,-0.006,0.008,-0.003
cam1 intrinsics = 352.452,353.250,347.306,270.306 | -0.042,-0.004,0.003,-0.001
cam0 extrinsics = 0.501,0.503,0.496,0.501 | -0.044,0.019,-0.041
cam1 extrinsics = 0.499,0.503,0.499,0.498 | 0.064,0.020,-0.041
[34m[TIME]: 0.0117 seconds total (85.1 hz, 0.21 ms behind)
[0mq_GtoI = -0.141,-0.990,-0.008,0.013 | p_IinG = 3.884,6.293,-1.946 | dist = 12.32 (meters)
bg = 0.0009,-0.0002,-0.0002 | ba = 0.1034,0.0295,0.1551
camera-imu timeoffset = 0.00190
cam0 intrinsics = 351.486,352.035,367.127,252.585 | -0.042,-0.006,0.008,-0.003
cam1 intrinsics = 352.444,353.254,347.242,270.335 | -0.042,-0.004,0.003,-0.001
cam0 extrinsics = 0.501,0.503,0.496,0.501 | -0.044,0.019,-0.042
cam1 extrinsics = 0.499,0.503,0.499,0.498 | 0.064,0.020,-0.041
[34m[TIME]: 0.0078 seconds total (128.2 hz, 0.22 ms behind)
[0mq_GtoI = -0.128,-0.992,-0.000,0.010 | p_IinG = 3.853,6.306,-1.951 | dist = 12.36 (meters)
bg = 0.0009,-0.0002,-0.0002 | ba = 0.1033,0.0295,0.1551
camera-imu timeoffset = 0.00190
cam0 intrinsics = 351.471,352.016,367.064,252.613 | -0.042,-0.006,0.008,-0.003
cam1 intrinsics = 352.432,353.236,347.155,270.361 | -0.042,-0.004,0.003,-0.001
cam0 extrinsics = 0.501,0.503,0.496,0.501 | -0.044,0.019,-0.042
cam1 extrinsics = 0.499,0.503,0.499,0.498 | 0.064,0.020,-0.041
[34m[TIME]: 0.0085 seconds total (117.5 hz, 0.23 ms behind)
[0mq_GtoI = -0.117,-0.993,0.001,0.004 | p_IinG = 3.823,6.315,-1.956 | dist = 12.39 (meters)
bg = 0.0009,-0.0002,-0.0002 | ba = 0.1032,0.0296,0.1552
camera-imu timeoffset = 0.00189
cam0 intrinsics = 351.435,351.981,366.994,252.636 | -0.042,-0.006,0.008,-0.003
cam1 intrinsics = 352.396,353.202,347.064,270.377 | -0.042,-0.004,0.003,-0.001
cam0 extrinsics = 0.501,0.503,0.496,0.501 | -0.044,0.019,-0.042
cam1 extrinsics = 0.499,0.503,0.499,0.498 | 0.064,0.020,-0.041
[34m[TIME]: 0.0087 seconds total (115.4 hz, 0.24 ms behind)
[0mq_GtoI = 0.111,0.994,0.001,0.003 | p_IinG = 3.792,6.325,-1.962 | dist = 12.42 (meters)
bg = 0.0009,-0.0002,-0.0002 | ba = 0.1032,0.0297,0.1553
camera-imu timeoffset = 0.00189
cam0 intrinsics = 351.407,351.953,366.948,252.622 | -0.042,-0.006,0.008,-0.003
cam1 intrinsics = 352.359,353.164,346.986,270.357 | -0.042,-0.004,0.003,-0.001
cam0 extrinsics = 0.501,0.503,0.496,0.501 | -0.044,0.019,-0.042
cam1 extrinsics = 0.500,0.503,0.499,0.498 | 0.064,0.020,-0.041
[34m[TIME]: 0.0138 seconds total (72.7 hz, 0.01 ms behind)
[0mq_GtoI = 0.105,0.994,0.003,0.009 | p_IinG = 3.762,6.334,-1.969 | dist = 12.46 (meters)
bg = 0.0009,-0.0002,-0.0002 | ba = 0.1032,0.0298,0.1554
camera-imu timeoffset = 0.00188
cam0 intrinsics = 351.386,351.925,366.897,252.636 | -0.042,-0.006,0.008,-0.003
cam1 intrinsics = 352.337,353.135,346.916,270.367 | -0.041,-0.004,0.003,-0.001
cam0 extrinsics = 0.501,0.503,0.496,0.501 | -0.044,0.019,-0.042
cam1 extrinsics = 0.500,0.503,0.499,0.499 | 0.064,0.020,-0.042
[34m[TIME]: 0.0078 seconds total (128.3 hz, 0.02 ms behind)
[0mq_GtoI = 0.099,0.995,0.007,0.011 | p_IinG = 3.733,6.342,-1.976 | dist = 12.49 (meters)
bg = 0.0009,-0.0002,-0.0002 | ba = 0.1032,0.0298,0.1554
camera-imu timeoffset = 0.00188
cam0 intrinsics = 351.371,351.902,366.864,252.655 | -0.042,-0.006,0.008,-0.003
cam1 intrinsics = 352.319,353.110,346.862,270.379 | -0.041,-0.005,0.003,-0.001
cam0 extrinsics = 0.501,0.503,0.496,0.501 | -0.044,0.019,-0.042
cam1 extrinsics = 0.500,0.503,0.499,0.499 | 0.064,0.020,-0.042
[34m[TIME]: 0.0113 seconds total (88.5 hz, 0.03 ms behind)
[0mq_GtoI = 0.092,0.996,0.006,0.012 | p_IinG = 3.706,6.347,-1.982 | dist = 12.52 (meters)
bg = 0.0009,-0.0002,-0.0002 | ba = 0.1031,0.0298,0.1555
camera-imu timeoffset = 0.00188
cam0 intrinsics = 351.359,351.879,366.827,252.686 | -0.042,-0.006,0.008,-0.003
cam1 intrinsics = 352.302,353.077,346.806,270.394 | -0.041,-0.005,0.003,-0.001
cam0 extrinsics = 0.501,0.503,0.496,0.501 | -0.044,0.019,-0.042
cam1 extrinsics = 0.500,0.503,0.499,0.499 | 0.064,0.020,-0.042
[34m[TIME]: 0.0095 seconds total (104.9 hz, 0.04 ms behind)
[0mq_GtoI = 0.080,0.997,0.003,0.011 | p_IinG = 3.681,6.351,-1.989 | dist = 12.55 (meters)
bg = 0.0009,-0.0002,-0.0002 | ba = 0.1031,0.0299,0.1556
camera-imu timeoffset = 0.00188
cam0 intrinsics = 351.345,351.852,366.789,252.720 | -0.042,-0.006,0.007,-0.003
cam1 intrinsics = 352.292,353.053,346.747,270.416 | -0.041,-0.005,0.003,-0.001
cam0 extrinsics = 0.501,0.503,0.496,0.501 | -0.044,0.019,-0.042
cam1 extrinsics = 0.500,0.503,0.499,0.499 | 0.064,0.020,-0.042
[34m[TIME]: 0.0128 seconds total (77.9 hz, 0.05 ms behind)
[0mq_GtoI = 0.067,0.998,0.001,0.010 | p_IinG = 3.659,6.353,-1.998 | dist = 12.57 (meters)
bg = 0.0009,-0.0002,-0.0002 | ba = 0.1030,0.0300,0.1556
camera-imu timeoffset = 0.00188
cam0 intrinsics = 351.322,351.818,366.730,252.762 | -0.041,-0.006,0.007,-0.003
cam1 intrinsics = 352.277,353.022,346.678,270.453 | -0.041,-0.005,0.003,-0.001
cam0 extrinsics = 0.501,0.503,0.496,0.501 | -0.044,0.019,-0.042
cam1 extrinsics = 0.500,0.503,0.499,0.499 | 0.064,0.020,-0.042
[34m[TIME]: 0.0086 seconds total (116.8 hz, 0.06 ms behind)
[0mq_GtoI = 0.050,0.999,-0.006,0.008 | p_IinG = 3.640,6.353,-2.007 | dist = 12.60 (meters)
bg = 0.0009,-0.0002,-0.0002 | ba = 0.1031,0.0304,0.1557
camera-imu timeoffset = 0.00188
cam0 intrinsics = 351.278,351.764,366.674,252.794 | -0.041,-0.006,0.007,-0.003
cam1 intrinsics = 352.228,352.971,346.574,270.490 | -0.041,-0.005,0.003,-0.001
cam0 extrinsics = 0.501,0.502,0.496,0.501 | -0.044,0.019,-0.043
cam1 extrinsics = 0.500,0.502,0.499,0.499 | 0.064,0.020,-0.042
[34m[TIME]: 0.0106 seconds total (94.3 hz, 0.07 ms behind)
[0mq_GtoI = 0.033,0.999,-0.009,0.007 | p_IinG = 3.623,6.353,-2.017 | dist = 12.62 (meters)
bg = 0.0009,-0.0002,-0.0002 | ba = 0.1031,0.0305,0.1557
camera-imu timeoffset = 0.00188
cam0 intrinsics = 351.268,351.735,366.655,252.843 | -0.041,-0.006,0.007,-0.003
cam1 intrinsics = 352.211,352.934,346.527,270.532 | -0.041,-0.005,0.003,-0.001
cam0 extrinsics = 0.501,0.502,0.496,0.501 | -0.044,0.019,-0.043
cam1 extrinsics = 0.500,0.502,0.499,0.499 | 0.064,0.020,-0.042
[34m[TIME]: 0.0157 seconds total (63.8 hz, 0.08 ms behind)
[0mq_GtoI = 0.016,1.000,-0.008,0.007 | p_IinG = 3.607,6.353,-2.029 | dist = 12.64 (meters)
bg = 0.0009,-0.0002,-0.0002 | ba = 0.1031,0.0307,0.1558
camera-imu timeoffset = 0.00188
cam0 intrinsics = 351.263,351.714,366.626,252.900 | -0.041,-0.006,0.007,-0.003
cam1 intrinsics = 352.204,352.908,346.486,270.570 | -0.041,-0.005,0.003,-0.001
cam0 extrinsics = 0.501,0.502,0.496,0.501 | -0.044,0.019,-0.043
cam1 extrinsics = 0.500,0.502,0.499,0.499 | 0.065,0.020,-0.042
[34m[TIME]: 0.0102 seconds total (98.2 hz, 0.09 ms behind)
[0mq_GtoI = -0.001,1.000,-0.003,0.008 | p_IinG = 3.593,6.351,-2.042 | dist = 12.66 (meters)
bg = 0.0009,-0.0002,-0.0002 | ba = 0.1030,0.0308,0.1558
camera-imu timeoffset = 0.00188
cam0 intrinsics = 351.262,351.708,366.594,252.923 | -0.041,-0.006,0.007,-0.003
cam1 intrinsics = 352.202,352.900,346.440,270.587 | -0.041,-0.005,0.003,-0.001
cam0 extrinsics = 0.501,0.502,0.496,0.501 | -0.044,0.019,-0.043
cam1 extrinsics = 0.500,0.502,0.499,0.499 | 0.065,0.020,-0.042
[34m[TIME]: 0.0114 seconds total (87.6 hz, 0.10 ms behind)
[0mq_GtoI = -0.020,1.000,0.001,0.008 | p_IinG = 3.580,6.351,-2.056 | dist = 12.68 (meters)
bg = 0.0009,-0.0002,-0.0002 | ba = 0.1029,0.0308,0.1558
camera-imu timeoffset = 0.00188
cam0 intrinsics = 351.254,351.693,366.524,252.939 | -0.041,-0.006,0.007,-0.003
cam1 intrinsics = 352.198,352.886,346.358,270.593 | -0.041,-0.005,0.003,-0.001
cam0 extrinsics = 0.501,0.502,0.496,0.501 | -0.044,0.019,-0.043
cam1 extrinsics = 0.500,0.502,0.499,0.499 | 0.065,0.020,-0.043
[34m[TIME]: 0.0095 seconds total (104.7 hz, 0.11 ms behind)
[0mq_GtoI = -0.042,0.999,0.006,0.004 | p_IinG = 3.571,6.349,-2.071 | dist = 12.70 (meters)
bg = 0.0009,-0.0002,-0.0002 | ba = 0.1028,0.0307,0.1558
camera-imu timeoffset = 0.00188
cam0 intrinsics = 351.253,351.674,366.493,252.946 | -0.041,-0.007,0.007,-0.003
cam1 intrinsics = 352.198,352.864,346.318,270.592 | -0.041,-0.005,0.003,-0.001
cam0 extrinsics = 0.501,0.502,0.496,0.501 | -0.044,0.019,-0.043
cam1 extrinsics = 0.500,0.502,0.499,0.499 | 0.065,0.020,-0.043
[34m[TIME]: 0.0100 seconds total (100.2 hz, 0.12 ms behind)
[0mq_GtoI = 0.069,-0.998,-0.010,0.002 | p_IinG = 3.564,6.347,-2.085 | dist = 12.71 (meters)
bg = 0.0009,-0.0002,-0.0002 | ba = 0.1026,0.0304,0.1558
camera-imu timeoffset = 0.00188
cam0 intrinsics = 351.260,351.668,366.491,252.969 | -0.041,-0.006,0.007,-0.003
cam1 intrinsics = 352.207,352.862,346.307,270.606 | -0.041,-0.005,0.002,-0.001
cam0 extrinsics = 0.501,0.502,0.496,0.501 | -0.044,0.019,-0.043
cam1 extrinsics = 0.500,0.502,0.499,0.499 | 0.064,0.020,-0.043
[34m[TIME]: 0.0115 seconds total (87.0 hz, 0.13 ms behind)
[0mq_GtoI = 0.098,-0.995,-0.012,0.009 | p_IinG = 3.559,6.344,-2.100 | dist = 12.73 (meters)
bg = 0.0009,-0.0002,-0.0002 | ba = 0.1026,0.0301,0.1558
camera-imu timeoffset = 0.00188
cam0 intrinsics = 351.267,351.668,366.485,252.991 | -0.041,-0.006,0.007,-0.003
cam1 intrinsics = 352.218,352.864,346.299,270.621 | -0.041,-0.005,0.002,-0.001
cam0 extrinsics = 0.501,0.502,0.496,0.501 | -0.044,0.019,-0.043
cam1 extrinsics = 0.500,0.502,0.499,0.499 | 0.064,0.020,-0.042
[34m[TIME]: 0.0065 seconds total (154.3 hz, 0.14 ms behind)
[0mq_GtoI = 0.125,-0.992,-0.012,0.013 | p_IinG = 3.557,6.342,-2.114 | dist = 12.74 (meters)
bg = 0.0009,-0.0002,-0.0002 | ba = 0.1026,0.0298,0.1558
camera-imu timeoffset = 0.00188
cam0 intrinsics = 351.275,351.669,366.479,253.002 | -0.041,-0.006,0.007,-0.003
cam1 intrinsics = 352.231,352.869,346.296,270.632 | -0.041,-0.005,0.002,-0.001
cam0 extrinsics = 0.501,0.502,0.496,0.501 | -0.044,0.019,-0.043
cam1 extrinsics = 0.500,0.502,0.499,0.499 | 0.064,0.019,-0.042
[34m[TIME]: 0.0096 seconds total (104.1 hz, 0.15 ms behind)
[0mq_GtoI = 0.149,-0.989,-0.003,0.013 | p_IinG = 3.555,6.341,-2.129 | dist = 12.76 (meters)
bg = 0.0009,-0.0002,-0.0003 | ba = 0.1025,0.0295,0.1558
camera-imu timeoffset = 0.00188
cam0 intrinsics = 351.275,351.662,366.468,252.991 | -0.041,-0.006,0.006,-0.003
cam1 intrinsics = 352.233,352.861,346.286,270.620 | -0.041,-0.004,0.002,-0.001
cam0 extrinsics = 0.501,0.502,0.496,0.501 | -0.044,0.018,-0.043
cam1 extrinsics = 0.500,0.502,0.499,0.499 | 0.064,0.019,-0.042
[34m[TIME]: 0.0081 seconds total (123.4 hz, 0.16 ms behind)
[0mq_GtoI = 0.166,-0.986,0.003,0.009 | p_IinG = 3.552,6.339,-2.144 | dist = 12.77 (meters)
bg = 0.0009,-0.0002,-0.0003 | ba = 0.1023,0.0293,0.1558
camera-imu timeoffset = 0.00188
cam0 intrinsics = 351.281,351.655,366.465,252.988 | -0.041,-0.006,0.006,-0.003
cam1 intrinsics = 352.240,352.855,346.279,270.613 | -0.041,-0.004,0.002,-0.001
cam0 extrinsics = 0.501,0.502,0.496,0.501 | -0.045,0.018,-0.043
cam1 extrinsics = 0.500,0.502,0.499,0.499 | 0.064,0.019,-0.042
[34m[TIME]: 0.0061 seconds total (164.1 hz, 0.17 ms behind)
[0mq_GtoI = -0.180,0.984,-0.009,0.000 | p_IinG = 3.548,6.337,-2.161 | dist = 12.79 (meters)
bg = 0.0009,-0.0002,-0.0003 | ba = 0.1021,0.0291,0.1558
camera-imu timeoffset = 0.00188
cam0 intrinsics = 351.287,351.651,366.464,252.981 | -0.041,-0.006,0.006,-0.003
cam1 intrinsics = 352.247,352.850,346.278,270.607 | -0.041,-0.004,0.002,-0.001
cam0 extrinsics = 0.501,0.502,0.496,0.501 | -0.045,0.018,-0.043
cam1 extrinsics = 0.500,0.502,0.499,0.499 | 0.064,0.019,-0.042
[34m[TIME]: 0.0075 seconds total (133.6 hz, 0.18 ms behind)
[0mq_GtoI = -0.196,0.981,-0.011,0.011 | p_IinG = 3.543,6.334,-2.177 | dist = 12.81 (meters)
bg = 0.0009,-0.0002,-0.0003 | ba = 0.1019,0.0289,0.1558
camera-imu timeoffset = 0.00188
cam0 intrinsics = 351.298,351.648,366.490,252.981 | -0.041,-0.006,0.006,-0.003
cam1 intrinsics = 352.258,352.849,346.297,270.610 | -0.041,-0.004,0.002,-0.001
cam0 extrinsics = 0.501,0.502,0.496,0.501 | -0.045,0.018,-0.043
cam1 extrinsics = 0.500,0.502,0.499,0.499 | 0.064,0.019,-0.042
[34m[TIME]: 0.0068 seconds total (147.9 hz, 0.20 ms behind)
[0mq_GtoI = -0.212,0.977,-0.004,0.019 | p_IinG = 3.539,6.327,-2.194 | dist = 12.83 (meters)
bg = 0.0009,-0.0002,-0.0003 | ba = 0.1019,0.0292,0.1558
camera-imu timeoffset = 0.00187
cam0 intrinsics = 351.300,351.631,366.507,252.958 | -0.041,-0.006,0.006,-0.003
cam1 intrinsics = 352.263,352.831,346.302,270.585 | -0.041,-0.004,0.002,-0.001
cam0 extrinsics = 0.501,0.502,0.496,0.501 | -0.045,0.018,-0.043
cam1 extrinsics = 0.500,0.502,0.499,0.499 | 0.064,0.019,-0.042
[34m[TIME]: 0.0103 seconds total (96.9 hz, 0.21 ms behind)
[0mq_GtoI = -0.229,0.973,0.005,0.022 | p_IinG = 3.533,6.318,-2.212 | dist = 12.85 (meters)
bg = 0.0009,-0.0002,-0.0002 | ba = 0.1019,0.0293,0.1558
camera-imu timeoffset = 0.00188
cam0 intrinsics = 351.310,351.619,366.516,252.949 | -0.041,-0.006,0.006,-0.003
cam1 intrinsics = 352.282,352.826,346.303,270.576 | -0.041,-0.004,0.002,-0.001
cam0 extrinsics = 0.501,0.502,0.496,0.501 | -0.045,0.018,-0.043
cam1 extrinsics = 0.500,0.502,0.499,0.499 | 0.064,0.019,-0.042
[34m[TIME]: 0.0072 seconds total (139.5 hz, 0.22 ms behind)
[0mq_GtoI = -0.241,0.970,0.015,0.023 | p_IinG = 3.526,6.309,-2.231 | dist = 12.87 (meters)
bg = 0.0009,-0.0002,-0.0002 | ba = 0.1018,0.0293,0.1559
camera-imu timeoffset = 0.00188
cam0 intrinsics = 351.315,351.602,366.509,252.939 | -0.041,-0.006,0.006,-0.003
cam1 intrinsics = 352.297,352.816,346.293,270.567 | -0.041,-0.004,0.002,-0.001
cam0 extrinsics = 0.501,0.502,0.496,0.501 | -0.045,0.019,-0.043
cam1 extrinsics = 0.500,0.502,0.499,0.499 | 0.064,0.019,-0.042
[34m[TIME]: 0.0079 seconds total (126.3 hz, 0.23 ms behind)
[0mq_GtoI = -0.253,0.967,0.013,0.024 | p_IinG = 3.516,6.302,-2.254 | dist = 12.90 (meters)
bg = 0.0009,-0.0002,-0.0003 | ba = 0.1020,0.0293,0.1559
camera-imu timeoffset = 0.00188
cam0 intrinsics = 351.306,351.599,366.491,252.912 | -0.041,-0.006,0.006,-0.003
cam1 intrinsics = 352.281,352.805,346.279,270.540 | -0.041,-0.004,0.002,-0.001
cam0 extrinsics = 0.501,0.502,0.496,0.501 | -0.045,0.019,-0.043
cam1 extrinsics = 0.500,0.502,0.499,0.499 | 0.064,0.020,-0.043
[34m[TIME]: 0.0074 seconds total (134.4 hz, 0.24 ms behind)
[0mq_GtoI = -0.259,0.966,0.011,0.021 | p_IinG = 3.503,6.296,-2.278 | dist = 12.93 (meters)
bg = 0.0009,-0.0002,-0.0003 | ba = 0.1020,0.0293,0.1559
camera-imu timeoffset = 0.00188
cam0 intrinsics = 351.305,351.590,366.473,252.895 | -0.041,-0.006,0.006,-0.003
cam1 intrinsics = 352.284,352.797,346.261,270.524 | -0.041,-0.004,0.002,-0.001
cam0 extrinsics = 0.501,0.502,0.496,0.501 | -0.045,0.019,-0.043
cam1 extrinsics = 0.500,0.502,0.499,0.499 | 0.064,0.020,-0.043
[34m[TIME]: 0.0099 seconds total (101.3 hz, 0.25 ms behind)
[0mq_GtoI = -0.266,0.964,0.008,0.015 | p_IinG = 3.490,6.291,-2.305 | dist = 12.96 (meters)
bg = 0.0009,-0.0002,-0.0003 | ba = 0.1022,0.0296,0.1559
camera-imu timeoffset = 0.00188
cam0 intrinsics = 351.305,351.582,366.439,252.871 | -0.042,-0.006,0.006,-0.003
cam1 intrinsics = 352.291,352.793,346.235,270.503 | -0.041,-0.004,0.003,-0.001
cam0 extrinsics = 0.501,0.502,0.496,0.501 | -0.045,0.019,-0.043
cam1 extrinsics = 0.500,0.502,0.499,0.499 | 0.064,0.020,-0.043
[34m[TIME]: 0.0106 seconds total (94.1 hz, 0.01 ms behind)
[0mq_GtoI = -0.272,0.962,0.002,0.009 | p_IinG = 3.475,6.286,-2.331 | dist = 12.99 (meters)
bg = 0.0009,-0.0002,-0.0003 | ba = 0.1023,0.0297,0.1559
camera-imu timeoffset = 0.00188
cam0 intrinsics = 351.316,351.597,366.415,252.854 | -0.042,-0.006,0.006,-0.003
cam1 intrinsics = 352.306,352.808,346.220,270.487 | -0.041,-0.004,0.003,-0.001
cam0 extrinsics = 0.501,0.502,0.496,0.501 | -0.045,0.019,-0.043
cam1 extrinsics = 0.500,0.502,0.499,0.499 | 0.064,0.020,-0.043
[34m[TIME]: 0.0087 seconds total (115.1 hz, 0.02 ms behind)
[0mq_GtoI = -0.279,0.960,-0.006,0.005 | p_IinG = 3.458,6.280,-2.357 | dist = 13.02 (meters)
bg = 0.0009,-0.0002,-0.0003 | ba = 0.1023,0.0293,0.1558
camera-imu timeoffset = 0.00188
cam0 intrinsics = 351.324,351.615,366.421,252.864 | -0.042,-0.006,0.006,-0.003
cam1 intrinsics = 352.319,352.831,346.223,270.495 | -0.041,-0.004,0.003,-0.001
cam0 extrinsics = 0.501,0.502,0.496,0.501 | -0.045,0.019,-0.043
cam1 extrinsics = 0.500,0.502,0.499,0.499 | 0.064,0.020,-0.043
[34m[TIME]: 0.0125 seconds total (79.9 hz, 0.03 ms behind)
[0mq_GtoI = 0.282,-0.959,0.007,0.001 | p_IinG = 3.444,6.274,-2.382 | dist = 13.05 (meters)
bg = 0.0009,-0.0002,-0.0003 | ba = 0.1026,0.0299,0.1558
camera-imu timeoffset = 0.00188
cam0 intrinsics = 351.344,351.643,366.427,252.843 | -0.042,-0.006,0.006,-0.003
cam1 intrinsics = 352.344,352.862,346.225,270.464 | -0.042,-0.004,0.003,-0.001
cam0 extrinsics = 0.501,0.502,0.496,0.501 | -0.045,0.019,-0.043
cam1 extrinsics = 0.500,0.502,0.499,0.499 | 0.064,0.020,-0.043
[34m[TIME]: 0.0088 seconds total (113.5 hz, 0.04 ms behind)
[0mq_GtoI = -0.281,0.960,-0.009,0.002 | p_IinG = 3.431,6.268,-2.404 | dist = 13.07 (meters)
bg = 0.0009,-0.0002,-0.0003 | ba = 0.1027,0.0303,0.1558
camera-imu timeoffset = 0.00188
cam0 intrinsics = 351.371,351.678,366.426,252.815 | -0.042,-0.006,0.006,-0.003
cam1 intrinsics = 352.374,352.898,346.236,270.436 | -0.042,-0.004,0.003,-0.001
cam0 extrinsics = 0.501,0.502,0.496,0.501 | -0.045,0.019,-0.043
cam1 extrinsics = 0.500,0.502,0.499,0.499 | 0.064,0.020,-0.043
[34m[TIME]: 0.0066 seconds total (152.0 hz, 0.05 ms behind)
[0mq_GtoI = -0.280,0.960,-0.016,0.014 | p_IinG = 3.416,6.262,-2.424 | dist = 13.10 (meters)
bg = 0.0009,-0.0002,-0.0003 | ba = 0.1029,0.0305,0.1558
camera-imu timeoffset = 0.00188
cam0 intrinsics = 351.395,351.707,366.427,252.812 | -0.042,-0.006,0.007,-0.003
cam1 intrinsics = 352.399,352.925,346.243,270.432 | -0.042,-0.004,0.003,-0.001
cam0 extrinsics = 0.501,0.502,0.496,0.501 | -0.045,0.019,-0.043
cam1 extrinsics = 0.500,0.502,0.499,0.499 | 0.064,0.020,-0.042
[34m[TIME]: 0.0107 seconds total (93.8 hz, 0.06 ms behind)
[0mq_GtoI = -0.278,0.960,-0.018,0.026 | p_IinG = 3.403,6.255,-2.446 | dist = 13.12 (meters)
bg = 0.0009,-0.0002,-0.0003 | ba = 0.1031,0.0306,0.1558
camera-imu timeoffset = 0.00188
cam0 intrinsics = 351.409,351.729,366.454,252.809 | -0.042,-0.006,0.007,-0.003
cam1 intrinsics = 352.413,352.946,346.263,270.427 | -0.041,-0.004,0.002,-0.001
cam0 extrinsics = 0.501,0.502,0.496,0.501 | -0.045,0.019,-0.043
cam1 extrinsics = 0.500,0.502,0.499,0.499 | 0.063,0.020,-0.042
[34m[TIME]: 0.0080 seconds total (125.5 hz, 0.07 ms behind)
[0mq_GtoI = -0.284,0.958,-0.018,0.033 | p_IinG = 3.393,6.245,-2.468 | dist = 13.15 (meters)
bg = 0.0009,-0.0002,-0.0003 | ba = 0.1032,0.0307,0.1558
camera-imu timeoffset = 0.00188
cam0 intrinsics = 351.416,351.738,366.485,252.805 | -0.042,-0.006,0.007,-0.003
cam1 intrinsics = 352.424,352.954,346.292,270.427 | -0.041,-0.004,0.003,-0.001
cam0 extrinsics = 0.501,0.502,0.496,0.501 | -0.045,0.019,-0.043
cam1 extrinsics = 0.500,0.502,0.499,0.499 | 0.063,0.020,-0.042
[34m[TIME]: 0.0088 seconds total (113.4 hz, 0.08 ms behind)
[0mq_GtoI = -0.296,0.955,-0.009,0.028 | p_IinG = 3.391,6.232,-2.491 | dist = 13.18 (meters)
bg = 0.0009,-0.0002,-0.0003 | ba = 0.1033,0.0308,0.1558
camera-imu timeoffset = 0.00188
cam0 intrinsics = 351.428,351.751,366.512,252.803 | -0.042,-0.006,0.007,-0.003
cam1 intrinsics = 352.436,352.966,346.319,270.426 | -0.041,-0.004,0.003,-0.001
cam0 extrinsics = 0.501,0.502,0.496,0.501 | -0.045,0.019,-0.043
cam1 extrinsics = 0.500,0.502,0.499,0.499 | 0.063,0.020,-0.042
[34m[TIME]: 0.0081 seconds total (123.7 hz, 0.09 ms behind)
[0mq_GtoI = -0.306,0.952,0.005,0.010 | p_IinG = 3.392,6.219,-2.515 | dist = 13.20 (meters)
bg = 0.0009,-0.0002,-0.0003 | ba = 0.1034,0.0308,0.1558
camera-imu timeoffset = 0.00188
cam0 intrinsics = 351.439,351.751,366.537,252.803 | -0.042,-0.006,0.007,-0.003
cam1 intrinsics = 352.447,352.964,346.348,270.426 | -0.041,-0.004,0.003,-0.001
cam0 extrinsics = 0.501,0.502,0.496,0.501 | -0.045,0.019,-0.043
cam1 extrinsics = 0.500,0.502,0.499,0.499 | 0.063,0.020,-0.042
[34m[TIME]: 0.0081 seconds total (124.2 hz, 0.10 ms behind)
[0mq_GtoI = 0.318,-0.948,-0.010,0.007 | p_IinG = 3.397,6.207,-2.540 | dist = 13.23 (meters)
bg = 0.0009,-0.0002,-0.0003 | ba = 0.1037,0.0307,0.1558
camera-imu timeoffset = 0.00188
cam0 intrinsics = 351.439,351.724,366.547,252.787 | -0.042,-0.006,0.007,-0.003
cam1 intrinsics = 352.450,352.938,346.372,270.406 | -0.041,-0.004,0.002,-0.001
cam0 extrinsics = 0.501,0.502,0.496,0.501 | -0.045,0.019,-0.043
cam1 extrinsics = 0.500,0.502,0.499,0.499 | 0.063,0.020,-0.042
[34m[TIME]: 0.0078 seconds total (128.8 hz, 0.11 ms behind)
[0mq_GtoI = 0.332,-0.943,-0.015,0.017 | p_IinG = 3.405,6.195,-2.564 | dist = 13.26 (meters)
bg = 0.0009,-0.0002,-0.0003 | ba = 0.1038,0.0308,0.1558
camera-imu timeoffset = 0.00188
cam0 intrinsics = 351.448,351.714,366.561,252.775 | -0.041,-0.006,0.007,-0.003
cam1 intrinsics = 352.461,352.929,346.396,270.391 | -0.041,-0.004,0.002,-0.001
cam0 extrinsics = 0.501,0.502,0.496,0.501 | -0.045,0.019,-0.043
cam1 extrinsics = 0.500,0.502,0.499,0.499 | 0.063,0.020,-0.042
[34m[TIME]: 0.0072 seconds total (138.0 hz, 0.12 ms behind)
[0mq_GtoI = 0.341,-0.940,-0.016,0.020 | p_IinG = 3.413,6.185,-2.587 | dist = 13.28 (meters)
bg = 0.0009,-0.0002,-0.0003 | ba = 0.1040,0.0309,0.1558
camera-imu timeoffset = 0.00188
cam0 intrinsics = 351.456,351.704,366.583,252.768 | -0.041,-0.006,0.007,-0.003
cam1 intrinsics = 352.471,352.920,346.427,270.382 | -0.041,-0.004,0.002,-0.001
cam0 extrinsics = 0.501,0.502,0.496,0.501 | -0.045,0.019,-0.042
cam1 extrinsics = 0.500,0.502,0.499,0.499 | 0.063,0.020,-0.042
[34m[TIME]: 0.0061 seconds total (163.5 hz, 0.13 ms behind)
[0mq_GtoI = 0.347,-0.938,-0.019,0.017 | p_IinG = 3.424,6.176,-2.609 | dist = 13.31 (meters)
bg = 0.0009,-0.0002,-0.0003 | ba = 0.1042,0.0310,0.1558
camera-imu timeoffset = 0.00188
cam0 intrinsics = 351.460,351.698,366.600,252.755 | -0.041,-0.006,0.006,-0.003
cam1 intrinsics = 352.484,352.921,346.443,270.369 | -0.041,-0.004,0.002,-0.001
cam0 extrinsics = 0.501,0.502,0.496,0.501 | -0.045,0.019,-0.042
cam1 extrinsics = 0.500,0.502,0.499,0.499 | 0.063,0.020,-0.042
[34m[TIME]: 0.0073 seconds total (136.8 hz, 0.14 ms behind)
[0mq_GtoI = 0.348,-0.937,-0.026,0.013 | p_IinG = 3.435,6.166,-2.629 | dist = 13.33 (meters)
bg = 0.0009,-0.0002,-0.0003 | ba = 0.1042,0.0303,0.1557
camera-imu timeoffset = 0.00187
cam0 intrinsics = 351.470,351.733,366.635,252.791 | -0.041,-0.006,0.006,-0.003
cam1 intrinsics = 352.490,352.949,346.483,270.405 | -0.041,-0.005,0.002,-0.001
cam0 extrinsics = 0.501,0.502,0.496,0.501 | -0.045,0.019,-0.042
cam1 extrinsics = 0.500,0.502,0.499,0.499 | 0.063,0.019,-0.042
[34m[TIME]: 0.0050 seconds total (198.8 hz, 0.15 ms behind)
[0mq_GtoI = 0.349,-0.937,-0.031,0.005 | p_IinG = 3.451,6.156,-2.646 | dist = 13.36 (meters)
bg = 0.0009,-0.0002,-0.0003 | ba = 0.1043,0.0303,0.1556
camera-imu timeoffset = 0.00187
cam0 intrinsics = 351.473,351.739,366.650,252.793 | -0.041,-0.006,0.006,-0.002
cam1 intrinsics = 352.495,352.957,346.500,270.406 | -0.041,-0.005,0.002,-0.001
cam0 extrinsics = 0.501,0.502,0.496,0.501 | -0.045,0.019,-0.042
cam1 extrinsics = 0.500,0.502,0.499,0.499 | 0.063,0.019,-0.042
[34m[TIME]: 0.0104 seconds total (96.1 hz, 0.17 ms behind)
[0mq_GtoI = -0.349,0.936,0.031,0.003 | p_IinG = 3.468,6.145,-2.662 | dist = 13.38 (meters)
bg = 0.0009,-0.0002,-0.0002 | ba = 0.1043,0.0302,0.1556
camera-imu timeoffset = 0.00187
cam0 intrinsics = 351.470,351.745,366.671,252.802 | -0.041,-0.006,0.006,-0.002
cam1 intrinsics = 352.492,352.963,346.520,270.414 | -0.041,-0.005,0.002,-0.001
cam0 extrinsics = 0.501,0.502,0.496,0.501 | -0.045,0.018,-0.042
cam1 extrinsics = 0.500,0.502,0.499,0.499 | 0.063,0.019,-0.042
[34m[TIME]: 0.0076 seconds total (132.0 hz, 0.18 ms behind)
[0mq_GtoI = -0.348,0.937,0.033,0.011 | p_IinG = 3.488,6.132,-2.677 | dist = 13.41 (meters)
bg = 0.0009,-0.0002,-0.0002 | ba = 0.1044,0.0302,0.1556
camera-imu timeoffset = 0.00188
cam0 intrinsics = 351.468,351.756,366.676,252.806 | -0.041,-0.006,0.006,-0.002
cam1 intrinsics = 352.490,352.971,346.528,270.417 | -0.041,-0.005,0.002,-0.001
cam0 extrinsics = 0.501,0.502,0.496,0.501 | -0.045,0.019,-0.042
cam1 extrinsics = 0.500,0.502,0.499,0.499 | 0.063,0.019,-0.042
[34m[TIME]: 0.0089 seconds total (112.7 hz, 0.19 ms behind)
[0mq_GtoI = -0.344,0.938,0.040,0.017 | p_IinG = 3.508,6.118,-2.695 | dist = 13.44 (meters)
bg = 0.0009,-0.0002,-0.0002 | ba = 0.1044,0.0302,0.1556
camera-imu timeoffset = 0.00188
cam0 intrinsics = 351.465,351.759,366.690,252.815 | -0.041,-0.006,0.006,-0.002
cam1 intrinsics = 352.487,352.974,346.540,270.426 | -0.041,-0.005,0.002,-0.001
cam0 extrinsics = 0.501,0.502,0.496,0.501 | -0.045,0.019,-0.042
cam1 extrinsics = 0.500,0.502,0.499,0.499 | 0.063,0.019,-0.042
[34m[TIME]: 0.0095 seconds total (105.6 hz, 0.20 ms behind)
[0mq_GtoI = -0.337,0.940,0.050,0.023 | p_IinG = 3.527,6.104,-2.713 | dist = 13.47 (meters)
bg = 0.0009,-0.0002,-0.0002 | ba = 0.1043,0.0302,0.1556
camera-imu timeoffset = 0.00187
cam0 intrinsics = 351.468,351.762,366.700,252.833 | -0.041,-0.006,0.006,-0.002
cam1 intrinsics = 352.490,352.977,346.546,270.443 | -0.041,-0.005,0.002,-0.001
cam0 extrinsics = 0.501,0.502,0.496,0.501 | -0.045,0.019,-0.042
cam1 extrinsics = 0.500,0.502,0.499,0.499 | 0.063,0.019,-0.042
[34m[TIME]: 0.0089 seconds total (111.8 hz, 0.21 ms behind)
[0mq_GtoI = -0.331,0.941,0.054,0.030 | p_IinG = 3.545,6.091,-2.733 | dist = 13.50 (meters)
bg = 0.0010,-0.0002,-0.0002 | ba = 0.1042,0.0303,0.1557
camera-imu timeoffset = 0.00187
cam0 intrinsics = 351.474,351.771,366.722,252.852 | -0.041,-0.006,0.006,-0.002
cam1 intrinsics = 352.497,352.986,346.557,270.462 | -0.041,-0.005,0.002,-0.001
cam0 extrinsics = 0.501,0.502,0.496,0.501 | -0.045,0.019,-0.042
cam1 extrinsics = 0.500,0.502,0.499,0.499 | 0.063,0.019,-0.041
[34m[TIME]: 0.0090 seconds total (111.4 hz, 0.22 ms behind)
[0mq_GtoI = -0.325,0.943,0.055,0.037 | p_IinG = 3.559,6.078,-2.757 | dist = 13.54 (meters)
bg = 0.0010,-0.0002,-0.0002 | ba = 0.1042,0.0302,0.1556
camera-imu timeoffset = 0.00187
cam0 intrinsics = 351.449,351.753,366.734,252.867 | -0.041,-0.006,0.006,-0.002
cam1 intrinsics = 352.471,352.967,346.562,270.476 | -0.041,-0.005,0.002,-0.001
cam0 extrinsics = 0.501,0.502,0.496,0.501 | -0.045,0.019,-0.042
cam1 extrinsics = 0.500,0.502,0.499,0.499 | 0.063,0.019,-0.042
[34m[TIME]: 0.0080 seconds total (124.6 hz, 0.23 ms behind)
[0mq_GtoI = -0.314,0.947,0.054,0.042 | p_IinG = 3.572,6.067,-2.781 | dist = 13.57 (meters)
bg = 0.0010,-0.0002,-0.0001 | ba = 0.1042,0.0302,0.1556
camera-imu timeoffset = 0.00187
cam0 intrinsics = 351.439,351.749,366.744,252.873 | -0.041,-0.006,0.006,-0.002
cam1 intrinsics = 352.462,352.964,346.564,270.483 | -0.041,-0.005,0.002,-0.001
cam0 extrinsics = 0.501,0.502,0.496,0.501 | -0.045,0.019,-0.042
cam1 extrinsics = 0.500,0.502,0.499,0.499 | 0.063,0.019,-0.042
[34m[TIME]: 0.0049 seconds total (204.2 hz, 0.24 ms behind)
[0mq_GtoI = -0.300,0.951,0.056,0.045 | p_IinG = 3.584,6.057,-2.808 | dist = 13.60 (meters)
bg = 0.0009,-0.0002,-0.0001 | ba = 0.1044,0.0301,0.1556
camera-imu timeoffset = 0.00187
cam0 intrinsics = 351.417,351.741,366.733,252.864 | -0.041,-0.006,0.006,-0.002
cam1 intrinsics = 352.446,352.951,346.560,270.483 | -0.041,-0.005,0.002,-0.001
cam0 extrinsics = 0.501,0.502,0.496,0.501 | -0.045,0.018,-0.042
cam1 extrinsics = 0.500,0.502,0.499,0.499 | 0.063,0.019,-0.042
[34m[TIME]: 0.0082 seconds total (121.5 hz, 0.00 ms behind)
[0mq_GtoI = -0.283,0.956,0.065,0.045 | p_IinG = 3.594,6.048,-2.838 | dist = 13.63 (meters)
bg = 0.0009,-0.0002,-0.0001 | ba = 0.1044,0.0300,0.1556
camera-imu timeoffset = 0.00187
cam0 intrinsics = 351.410,351.740,366.735,252.862 | -0.041,-0.006,0.006,-0.002
cam1 intrinsics = 352.441,352.950,346.564,270.481 | -0.041,-0.005,0.002,-0.001
cam0 extrinsics = 0.501,0.502,0.496,0.501 | -0.045,0.018,-0.042
cam1 extrinsics = 0.500,0.502,0.499,0.499 | 0.063,0.019,-0.042
[34m[TIME]: 0.0064 seconds total (156.3 hz, 0.01 ms behind)
[0mq_GtoI = -0.265,0.961,0.069,0.045 | p_IinG = 3.602,6.040,-2.869 | dist = 13.66 (meters)
bg = 0.0009,-0.0002,-0.0001 | ba = 0.1044,0.0299,0.1556
camera-imu timeoffset = 0.00187
cam0 intrinsics = 351.403,351.734,366.742,252.864 | -0.041,-0.006,0.006,-0.002
cam1 intrinsics = 352.435,352.943,346.568,270.481 | -0.041,-0.005,0.002,-0.001
cam0 extrinsics = 0.501,0.502,0.496,0.501 | -0.045,0.018,-0.042
cam1 extrinsics = 0.500,0.502,0.499,0.499 | 0.063,0.019,-0.042
[34m[TIME]: 0.0081 seconds total (123.1 hz, 0.02 ms behind)
[0mq_GtoI = -0.251,0.965,0.062,0.043 | p_IinG = 3.608,6.037,-2.898 | dist = 13.69 (meters)
bg = 0.0009,-0.0002,-0.0001 | ba = 0.1045,0.0299,0.1556
camera-imu timeoffset = 0.00187
cam0 intrinsics = 351.399,351.734,366.749,252.867 | -0.041,-0.006,0.006,-0.002
cam1 intrinsics = 352.431,352.943,346.575,270.484 | -0.041,-0.005,0.002,-0.001
cam0 extrinsics = 0.501,0.502,0.496,0.501 | -0.045,0.018,-0.042
cam1 extrinsics = 0.500,0.502,0.499,0.499 | 0.063,0.019,-0.042
[34m[TIME]: 0.0044 seconds total (228.9 hz, 0.03 ms behind)
[0mq_GtoI = -0.236,0.969,0.058,0.034 | p_IinG = 3.616,6.034,-2.922 | dist = 13.72 (meters)
bg = 0.0009,-0.0002,-0.0001 | ba = 0.1045,0.0299,0.1556
camera-imu timeoffset = 0.00187
cam0 intrinsics = 351.404,351.736,366.759,252.871 | -0.041,-0.006,0.006,-0.002
cam1 intrinsics = 352.436,352.945,346.583,270.487 | -0.041,-0.005,0.002,-0.001
cam0 extrinsics = 0.501,0.502,0.496,0.501 | -0.045,0.018,-0.042
cam1 extrinsics = 0.500,0.502,0.499,0.499 | 0.063,0.019,-0.042
[34m[TIME]: 0.0061 seconds total (163.5 hz, 0.04 ms behind)
[0mq_GtoI = -0.219,0.974,0.052,0.024 | p_IinG = 3.624,6.030,-2.943 | dist = 13.74 (meters)
bg = 0.0009,-0.0002,-0.0001 | ba = 0.1046,0.0300,0.1556
camera-imu timeoffset = 0.00187
cam0 intrinsics = 351.407,351.742,366.767,252.867 | -0.041,-0.006,0.006,-0.002
cam1 intrinsics = 352.443,352.955,346.587,270.483 | -0.041,-0.005,0.002,-0.001
cam0 extrinsics = 0.501,0.502,0.496,0.501 | -0.045,0.018,-0.042
cam1 extrinsics = 0.500,0.502,0.499,0.499 | 0.063,0.019,-0.042
[34m[TIME]: 0.0061 seconds total (164.0 hz, 0.05 ms behind)
[0mq_GtoI = -0.199,0.979,0.048,0.016 | p_IinG = 3.631,6.029,-2.958 | dist = 13.76 (meters)
bg = 0.0010,-0.0002,-0.0001 | ba = 0.1046,0.0301,0.1556
camera-imu timeoffset = 0.00187
cam0 intrinsics = 351.420,351.754,366.779,252.875 | -0.041,-0.006,0.006,-0.002
cam1 intrinsics = 352.450,352.963,346.599,270.488 | -0.041,-0.005,0.002,-0.001
cam0 extrinsics = 0.501,0.502,0.496,0.501 | -0.045,0.018,-0.042
cam1 extrinsics = 0.500,0.502,0.499,0.499 | 0.063,0.019,-0.042
[34m[TIME]: 0.0072 seconds total (138.9 hz, 0.06 ms behind)
[0mq_GtoI = -0.185,0.982,0.042,0.008 | p_IinG = 3.628,6.027,-2.969 | dist = 13.77 (meters)
bg = 0.0009,-0.0002,-0.0001 | ba = 0.1047,0.0294,0.1555
camera-imu timeoffset = 0.00187
cam0 intrinsics = 351.353,351.681,366.801,252.903 | -0.041,-0.006,0.006,-0.002
cam1 intrinsics = 352.377,352.882,346.616,270.516 | -0.041,-0.005,0.002,-0.001
cam0 extrinsics = 0.501,0.502,0.496,0.501 | -0.046,0.019,-0.043
cam1 extrinsics = 0.500,0.502,0.499,0.499 | 0.063,0.020,-0.042
[34m[TIME]: 0.0095 seconds total (105.0 hz, 0.07 ms behind)
[0mq_GtoI = 0.175,-0.984,-0.037,0.002 | p_IinG = 3.631,6.027,-2.977 | dist = 13.78 (meters)
bg = 0.0009,-0.0002,-0.0001 | ba = 0.1047,0.0293,0.1555
camera-imu timeoffset = 0.00187
cam0 intrinsics = 351.338,351.664,366.818,252.918 | -0.041,-0.006,0.006,-0.002
cam1 intrinsics = 352.360,352.864,346.629,270.529 | -0.041,-0.005,0.002,-0.001
cam0 extrinsics = 0.501,0.502,0.496,0.501 | -0.046,0.019,-0.043
cam1 extrinsics = 0.500,0.502,0.499,0.499 | 0.063,0.020,-0.042
[34m[TIME]: 0.0067 seconds total (148.2 hz, 0.08 ms behind)
[0mq_GtoI = 0.170,-0.985,-0.034,0.013 | p_IinG = 3.635,6.027,-2.984 | dist = 13.78 (meters)
bg = 0.0009,-0.0002,-0.0001 | ba = 0.1048,0.0293,0.1555
camera-imu timeoffset = 0.00187
cam0 intrinsics = 351.347,351.670,366.820,252.921 | -0.041,-0.006,0.006,-0.002
cam1 intrinsics = 352.365,352.864,346.636,270.530 | -0.041,-0.004,0.002,-0.001
cam0 extrinsics = 0.501,0.502,0.496,0.501 | -0.046,0.019,-0.043
cam1 extrinsics = 0.500,0.502,0.499,0.499 | 0.063,0.020,-0.042
[34m[TIME]: 0.0080 seconds total (125.6 hz, 0.09 ms behind)
[0mq_GtoI = 0.165,-0.986,-0.029,0.022 | p_IinG = 3.637,6.027,-2.988 | dist = 13.79 (meters)
bg = 0.0009,-0.0002,-0.0001 | ba = 0.1048,0.0293,0.1555
camera-imu timeoffset = 0.00187
cam0 intrinsics = 351.338,351.674,366.817,252.916 | -0.041,-0.006,0.006,-0.002
cam1 intrinsics = 352.362,352.873,346.628,270.527 | -0.041,-0.004,0.002,-0.001
cam0 extrinsics = 0.501,0.502,0.496,0.501 | -0.046,0.019,-0.043
cam1 extrinsics = 0.500,0.502,0.499,0.499 | 0.063,0.020,-0.042
[34m[TIME]: 0.0064 seconds total (156.3 hz, 0.10 ms behind)
[0mq_GtoI = 0.161,-0.986,-0.024,0.026 | p_IinG = 3.641,6.028,-2.991 | dist = 13.79 (meters)
bg = 0.0009,-0.0002,-0.0001 | ba = 0.1049,0.0294,0.1555
camera-imu timeoffset = 0.00187
cam0 intrinsics = 351.349,351.667,366.819,252.912 | -0.041,-0.006,0.006,-0.002
cam1 intrinsics = 352.381,352.873,346.633,270.516 | -0.041,-0.004,0.002,-0.001
cam0 extrinsics = 0.501,0.502,0.496,0.501 | -0.046,0.019,-0.043
cam1 extrinsics = 0.500,0.502,0.499,0.499 | 0.063,0.020,-0.042
[34m[TIME]: 0.0098 seconds total (102.5 hz, 0.11 ms behind)
[0mq_GtoI = 0.158,-0.987,-0.022,0.027 | p_IinG = 3.645,6.028,-2.996 | dist = 13.79 (meters)
bg = 0.0009,-0.0003,-0.0001 | ba = 0.1048,0.0298,0.1553
camera-imu timeoffset = 0.00187
cam0 intrinsics = 351.380,351.670,366.804,252.859 | -0.041,-0.006,0.006,-0.002
cam1 intrinsics = 352.425,352.881,346.636,270.484 | -0.041,-0.004,0.002,-0.001
cam0 extrinsics = 0.501,0.502,0.496,0.501 | -0.046,0.019,-0.042
cam1 extrinsics = 0.500,0.502,0.499,0.499 | 0.063,0.020,-0.042
[34m[TIME]: 0.0113 seconds total (88.6 hz, 0.12 ms behind)
[0mq_GtoI = 0.157,-0.987,-0.023,0.023 | p_IinG = 3.650,6.027,-2.999 | dist = 13.80 (meters)
bg = 0.0009,-0.0003,-0.0002 | ba = 0.1048,0.0299,0.1553
camera-imu timeoffset = 0.00187
cam0 intrinsics = 351.408,351.679,366.815,252.857 | -0.041,-0.006,0.006,-0.002
cam1 intrinsics = 352.452,352.886,346.648,270.482 | -0.041,-0.004,0.002,-0.001
cam0 extrinsics = 0.501,0.502,0.496,0.501 | -0.046,0.019,-0.042
cam1 extrinsics = 0.500,0.502,0.499,0.499 | 0.063,0.020,-0.042
[34m[TIME]: 0.0102 seconds total (97.8 hz, 0.14 ms behind)
[0mq_GtoI = 0.155,-0.988,-0.024,0.018 | p_IinG = 3.654,6.027,-3.003 | dist = 13.80 (meters)
bg = 0.0009,-0.0003,-0.0002 | ba = 0.1046,0.0299,0.1552
camera-imu timeoffset = 0.00187
cam0 intrinsics = 351.418,351.660,366.828,252.841 | -0.041,-0.006,0.006,-0.002
cam1 intrinsics = 352.460,352.866,346.658,270.464 | -0.041,-0.004,0.002,-0.001
cam0 extrinsics = 0.501,0.502,0.496,0.501 | -0.046,0.019,-0.042
cam1 extrinsics = 0.500,0.502,0.499,0.499 | 0.063,0.020,-0.042
[34m[TIME]: 0.0085 seconds total (117.0 hz, 0.15 ms behind)
[0mq_GtoI = 0.151,-0.988,-0.024,0.013 | p_IinG = 3.657,6.028,-3.006 | dist = 13.80 (meters)
bg = 0.0009,-0.0003,-0.0002 | ba = 0.1045,0.0299,0.1552
camera-imu timeoffset = 0.00187
cam0 intrinsics = 351.422,351.655,366.829,252.834 | -0.041,-0.006,0.006,-0.002
cam1 intrinsics = 352.463,352.857,346.661,270.456 | -0.041,-0.004,0.002,-0.001
cam0 extrinsics = 0.501,0.502,0.496,0.501 | -0.046,0.019,-0.042
cam1 extrinsics = 0.500,0.502,0.499,0.499 | 0.063,0.020,-0.042
[34m[TIME]: 0.0091 seconds total (110.2 hz, 0.16 ms behind)
[0mq_GtoI = 0.148,-0.989,-0.023,0.011 | p_IinG = 3.659,6.031,-3.010 | dist = 13.81 (meters)
bg = 0.0009,-0.0003,-0.0001 | ba = 0.1045,0.0298,0.1551
camera-imu timeoffset = 0.00187
cam0 intrinsics = 351.390,351.621,366.811,252.822 | -0.041,-0.006,0.006,-0.002
cam1 intrinsics = 352.426,352.816,346.637,270.441 | -0.041,-0.004,0.002,-0.001
cam0 extrinsics = 0.501,0.502,0.496,0.501 | -0.046,0.019,-0.043
cam1 extrinsics = 0.500,0.502,0.499,0.499 | 0.063,0.020,-0.042
[34m[TIME]: 0.0087 seconds total (114.6 hz, 0.17 ms behind)
[0mq_GtoI = 0.145,-0.989,-0.018,0.012 | p_IinG = 3.661,6.033,-3.013 | dist = 13.81 (meters)
bg = 0.0009,-0.0003,-0.0002 | ba = 0.1043,0.0298,0.1551
camera-imu timeoffset = 0.00187
cam0 intrinsics = 351.398,351.621,366.813,252.817 | -0.041,-0.006,0.006,-0.002
cam1 intrinsics = 352.432,352.811,346.640,270.435 | -0.041,-0.004,0.002,-0.001
cam0 extrinsics = 0.501,0.502,0.496,0.501 | -0.046,0.019,-0.043
cam1 extrinsics = 0.500,0.502,0.499,0.499 | 0.063,0.020,-0.042
[34m[TIME]: 0.0090 seconds total (111.7 hz, 0.18 ms behind)
[0mq_GtoI = 0.145,-0.989,-0.014,0.016 | p_IinG = 3.664,6.034,-3.015 | dist = 13.81 (meters)
bg = 0.0009,-0.0003,-0.0002 | ba = 0.1042,0.0298,0.1551
camera-imu timeoffset = 0.00187
cam0 intrinsics = 351.411,351.623,366.816,252.813 | -0.041,-0.006,0.006,-0.002
cam1 intrinsics = 352.444,352.809,346.643,270.431 | -0.041,-0.004,0.002,-0.001
cam0 extrinsics = 0.501,0.502,0.496,0.501 | -0.046,0.019,-0.043
cam1 extrinsics = 0.500,0.502,0.499,0.499 | 0.063,0.020,-0.042
[34m[TIME]: 0.0058 seconds total (173.5 hz, 0.19 ms behind)
[0mq_GtoI = 0.147,-0.989,-0.016,0.022 | p_IinG = 3.666,6.033,-3.016 | dist = 13.82 (meters)
bg = 0.0009,-0.0003,-0.0002 | ba = 0.1041,0.0298,0.1551
camera-imu timeoffset = 0.00187
cam0 intrinsics = 351.422,351.625,366.819,252.812 | -0.041,-0.006,0.006,-0.002
cam1 intrinsics = 352.453,352.807,346.646,270.429 | -0.041,-0.004,0.002,-0.001
cam0 extrinsics = 0.501,0.502,0.496,0.501 | -0.046,0.019,-0.043
cam1 extrinsics = 0.500,0.502,0.499,0.499 | 0.063,0.020,-0.042
[34m[TIME]: 0.0106 seconds total (94.1 hz, 0.20 ms behind)
[0mq_GtoI = 0.148,-0.989,-0.015,0.022 | p_IinG = 3.666,6.032,-3.016 | dist = 13.82 (meters)
bg = 0.0009,-0.0003,-0.0002 | ba = 0.1040,0.0298,0.1551
camera-imu timeoffset = 0.00187
cam0 intrinsics = 351.433,351.632,366.820,252.815 | -0.041,-0.006,0.006,-0.002
cam1 intrinsics = 352.458,352.807,346.650,270.424 | -0.041,-0.004,0.002,-0.001
cam0 extrinsics = 0.501,0.502,0.496,0.501 | -0.046,0.019,-0.043
cam1 extrinsics = 0.500,0.502,0.499,0.499 | 0.063,0.020,-0.042
[34m[TIME]: 0.0089 seconds total (112.4 hz, 0.21 ms behind)
[0mq_GtoI = 0.150,-0.988,-0.016,0.019 | p_IinG = 3.665,6.031,-3.017 | dist = 13.82 (meters)
bg = 0.0009,-0.0003,-0.0002 | ba = 0.1039,0.0298,0.1551
camera-imu timeoffset = 0.00187
cam0 intrinsics = 351.441,351.636,366.822,252.815 | -0.041,-0.006,0.006,-0.002
cam1 intrinsics = 352.465,352.807,346.653,270.422 | -0.041,-0.004,0.002,-0.001
cam0 extrinsics = 0.501,0.502,0.496,0.501 | -0.046,0.019,-0.043
cam1 extrinsics = 0.500,0.502,0.499,0.499 | 0.063,0.020,-0.042
[34m[TIME]: 0.0095 seconds total (105.3 hz, 0.22 ms behind)
[0mq_GtoI = 0.152,-0.988,-0.014,0.016 | p_IinG = 3.665,6.031,-3.019 | dist = 13.82 (meters)
bg = 0.0009,-0.0003,-0.0002 | ba = 0.1039,0.0298,0.1550
camera-imu timeoffset = 0.00187
cam0 intrinsics = 351.447,351.639,366.824,252.814 | -0.042,-0.005,0.006,-0.002
cam1 intrinsics = 352.468,352.805,346.655,270.420 | -0.041,-0.004,0.002,-0.001
cam0 extrinsics = 0.501,0.502,0.496,0.501 | -0.046,0.019,-0.043
cam1 extrinsics = 0.500,0.502,0.499,0.499 | 0.063,0.020,-0.042
[34m[TIME]: 0.0074 seconds total (135.0 hz, 0.23 ms behind)
[0mq_GtoI = 0.153,-0.988,-0.013,0.012 | p_IinG = 3.664,6.030,-3.021 | dist = 13.82 (meters)
bg = 0.0009,-0.0003,-0.0002 | ba = 0.1038,0.0299,0.1550
camera-imu timeoffset = 0.00187
cam0 intrinsics = 351.453,351.644,366.825,252.812 | -0.042,-0.005,0.006,-0.002
cam1 intrinsics = 352.473,352.807,346.658,270.416 | -0.041,-0.004,0.002,-0.001
cam0 extrinsics = 0.501,0.502,0.496,0.501 | -0.046,0.019,-0.043
cam1 extrinsics = 0.500,0.502,0.499,0.499 | 0.063,0.020,-0.042
[34m[TIME]: 0.0096 seconds total (104.0 hz, 0.24 ms behind)
[0mq_GtoI = 0.153,-0.988,-0.015,0.008 | p_IinG = 3.663,6.030,-3.022 | dist = 13.82 (meters)
bg = 0.0009,-0.0003,-0.0002 | ba = 0.1037,0.0300,0.1550
camera-imu timeoffset = 0.00187
cam0 intrinsics = 351.455,351.640,366.827,252.809 | -0.042,-0.005,0.006,-0.002
cam1 intrinsics = 352.475,352.801,346.658,270.412 | -0.041,-0.004,0.002,-0.001
cam0 extrinsics = 0.501,0.502,0.496,0.501 | -0.046,0.019,-0.043
cam1 extrinsics = 0.500,0.502,0.499,0.499 | 0.063,0.020,-0.042
[34m[TIME]: 0.0108 seconds total (92.3 hz, 0.25 ms behind)
[0mq_GtoI = 0.154,-0.988,-0.016,0.005 | p_IinG = 3.662,6.029,-3.023 | dist = 13.83 (meters)
bg = 0.0009,-0.0003,-0.0002 | ba = 0.1037,0.0301,0.1550
camera-imu timeoffset = 0.00187
cam0 intrinsics = 351.455,351.637,366.829,252.807 | -0.042,-0.005,0.006,-0.002
cam1 intrinsics = 352.475,352.795,346.661,270.408 | -0.041,-0.004,0.002,-0.001
cam0 extrinsics = 0.501,0.502,0.496,0.501 | -0.046,0.019,-0.043
cam1 extrinsics = 0.500,0.502,0.499,0.499 | 0.063,0.020,-0.042
[34m[TIME]: 0.0104 seconds total (96.4 hz, 0.01 ms behind)
[0mq_GtoI = 0.156,-0.988,-0.016,0.002 | p_IinG = 3.661,6.028,-3.024 | dist = 13.83 (meters)
bg = 0.0009,-0.0003,-0.0002 | ba = 0.1037,0.0303,0.1550
camera-imu timeoffset = 0.00187
cam0 intrinsics = 351.460,351.640,366.833,252.805 | -0.042,-0.005,0.006,-0.002
cam1 intrinsics = 352.479,352.796,346.665,270.405 | -0.041,-0.004,0.002,-0.001
cam0 extrinsics = 0.501,0.502,0.496,0.501 | -0.046,0.019,-0.043
cam1 extrinsics = 0.500,0.502,0.499,0.499 | 0.063,0.020,-0.042
[34m[TIME]: 0.0064 seconds total (157.0 hz, 0.02 ms behind)
[0mq_GtoI = 0.157,-0.987,-0.016,0.001 | p_IinG = 3.661,6.027,-3.024 | dist = 13.83 (meters)
bg = 0.0009,-0.0003,-0.0002 | ba = 0.1037,0.0304,0.1550
camera-imu timeoffset = 0.00187
cam0 intrinsics = 351.460,351.636,366.833,252.804 | -0.042,-0.005,0.006,-0.002
cam1 intrinsics = 352.478,352.788,346.666,270.403 | -0.041,-0.004,0.002,-0.001
cam0 extrinsics = 0.501,0.502,0.496,0.501 | -0.046,0.019,-0.043
cam1 extrinsics = 0.500,0.502,0.499,0.499 | 0.063,0.020,-0.042
[34m[TIME]: 0.0103 seconds total (96.9 hz, 0.03 ms behind)
[0mq_GtoI = 0.159,-0.987,-0.016,0.001 | p_IinG = 3.660,6.027,-3.024 | dist = 13.83 (meters)
bg = 0.0009,-0.0003,-0.0002 | ba = 0.1038,0.0305,0.1550
camera-imu timeoffset = 0.00187
cam0 intrinsics = 351.460,351.633,366.832,252.800 | -0.042,-0.005,0.006,-0.002
cam1 intrinsics = 352.475,352.781,346.665,270.398 | -0.041,-0.004,0.002,-0.001
cam0 extrinsics = 0.501,0.502,0.496,0.501 | -0.046,0.019,-0.043
cam1 extrinsics = 0.500,0.502,0.499,0.499 | 0.063,0.020,-0.042
[34m[TIME]: 0.0076 seconds total (131.3 hz, 0.04 ms behind)
[0mq_GtoI = 0.162,-0.987,-0.015,0.001 | p_IinG = 3.661,6.027,-3.024 | dist = 13.83 (meters)
bg = 0.0009,-0.0003,-0.0002 | ba = 0.1039,0.0307,0.1550
camera-imu timeoffset = 0.00187
cam0 intrinsics = 351.463,351.632,366.830,252.798 | -0.042,-0.005,0.006,-0.002
cam1 intrinsics = 352.478,352.777,346.663,270.395 | -0.041,-0.004,0.002,-0.001
cam0 extrinsics = 0.501,0.502,0.496,0.501 | -0.046,0.019,-0.043
cam1 extrinsics = 0.500,0.502,0.499,0.499 | 0.063,0.020,-0.042
[34m[TIME]: 0.0101 seconds total (99.0 hz, 0.05 ms behind)
[0mq_GtoI = 0.164,-0.986,-0.014,0.003 | p_IinG = 3.662,6.026,-3.024 | dist = 13.83 (meters)
bg = 0.0009,-0.0003,-0.0002 | ba = 0.1041,0.0307,0.1550
camera-imu timeoffset = 0.00187
cam0 intrinsics = 351.465,351.630,366.828,252.797 | -0.042,-0.005,0.006,-0.002
cam1 intrinsics = 352.477,352.772,346.661,270.393 | -0.041,-0.004,0.002,-0.001
cam0 extrinsics = 0.501,0.502,0.496,0.501 | -0.046,0.019,-0.043
cam1 extrinsics = 0.500,0.502,0.499,0.499 | 0.063,0.020,-0.042
[34m[TIME]: 0.0066 seconds total (151.7 hz, 0.06 ms behind)
[0mq_GtoI = 0.165,-0.986,-0.013,0.005 | p_IinG = 3.663,6.026,-3.023 | dist = 13.83 (meters)
bg = 0.0009,-0.0003,-0.0002 | ba = 0.1042,0.0310,0.1550
camera-imu timeoffset = 0.00187
cam0 intrinsics = 351.468,351.630,366.823,252.791 | -0.042,-0.005,0.006,-0.002
cam1 intrinsics = 352.479,352.769,346.657,270.386 | -0.041,-0.004,0.002,-0.001
cam0 extrinsics = 0.501,0.502,0.496,0.501 | -0.046,0.019,-0.043
cam1 extrinsics = 0.500,0.502,0.499,0.499 | 0.063,0.020,-0.042
[34m[TIME]: 0.0119 seconds total (84.3 hz, 0.07 ms behind)
[0mq_GtoI = 0.166,-0.986,-0.012,0.005 | p_IinG = 3.663,6.026,-3.023 | dist = 13.83 (meters)
bg = 0.0009,-0.0003,-0.0002 | ba = 0.1044,0.0310,0.1550
camera-imu timeoffset = 0.00187
cam0 intrinsics = 351.472,351.633,366.820,252.791 | -0.042,-0.005,0.006,-0.002
cam1 intrinsics = 352.481,352.768,346.656,270.384 | -0.041,-0.004,0.002,-0.001
cam0 extrinsics = 0.501,0.502,0.496,0.501 | -0.046,0.019,-0.043
cam1 extrinsics = 0.500,0.502,0.499,0.499 | 0.063,0.020,-0.042
[34m[TIME]: 0.0071 seconds total (140.7 hz, 0.08 ms behind)
[0mq_GtoI = 0.166,-0.986,-0.012,0.004 | p_IinG = 3.662,6.026,-3.023 | dist = 13.83 (meters)
bg = 0.0009,-0.0002,-0.0002 | ba = 0.1045,0.0311,0.1550
camera-imu timeoffset = 0.00187
cam0 intrinsics = 351.474,351.635,366.818,252.789 | -0.042,-0.005,0.006,-0.002
cam1 intrinsics = 352.481,352.766,346.655,270.382 | -0.041,-0.004,0.002,-0.001
cam0 extrinsics = 0.501,0.502,0.496,0.501 | -0.046,0.019,-0.043
cam1 extrinsics = 0.500,0.502,0.499,0.499 | 0.063,0.020,-0.042
[34m[TIME]: 0.0094 seconds total (106.0 hz, 0.09 ms behind)
[0mq_GtoI = 0.165,-0.986,-0.013,0.000 | p_IinG = 3.661,6.025,-3.024 | dist = 13.83 (meters)
bg = 0.0009,-0.0002,-0.0002 | ba = 0.1046,0.0312,0.1550
camera-imu timeoffset = 0.00187
cam0 intrinsics = 351.475,351.636,366.818,252.788 | -0.042,-0.005,0.006,-0.002
cam1 intrinsics = 352.480,352.763,346.655,270.379 | -0.041,-0.004,0.002,-0.001
cam0 extrinsics = 0.501,0.502,0.496,0.501 | -0.046,0.019,-0.043
cam1 extrinsics = 0.500,0.502,0.499,0.499 | 0.063,0.020,-0.042
[34m[TIME]: 0.0067 seconds total (149.7 hz, 0.10 ms behind)
[0mq_GtoI = 0.164,-0.986,-0.013,0.001 | p_IinG = 3.661,6.025,-3.024 | dist = 13.83 (meters)
bg = 0.0009,-0.0002,-0.0002 | ba = 0.1046,0.0312,0.1550
camera-imu timeoffset = 0.00187
cam0 intrinsics = 351.476,351.637,366.817,252.787 | -0.042,-0.005,0.006,-0.003
cam1 intrinsics = 352.479,352.760,346.655,270.377 | -0.041,-0.004,0.002,-0.001
cam0 extrinsics = 0.501,0.502,0.496,0.501 | -0.046,0.019,-0.043
cam1 extrinsics = 0.500,0.502,0.499,0.499 | 0.063,0.020,-0.042
[34m[TIME]: 0.0099 seconds total (101.4 hz, 0.11 ms behind)
[0mq_GtoI = 0.164,-0.986,-0.012,0.001 | p_IinG = 3.661,6.026,-3.024 | dist = 13.83 (meters)
bg = 0.0009,-0.0002,-0.0002 | ba = 0.1046,0.0313,0.1550
camera-imu timeoffset = 0.00187
cam0 intrinsics = 351.477,351.638,366.816,252.786 | -0.042,-0.005,0.006,-0.003
cam1 intrinsics = 352.478,352.757,346.655,270.375 | -0.041,-0.004,0.002,-0.001
cam0 extrinsics = 0.501,0.502,0.496,0.501 | -0.046,0.019,-0.043
cam1 extrinsics = 0.500,0.502,0.499,0.499 | 0.063,0.020,-0.042
[34m[TIME]: 0.0072 seconds total (138.2 hz, 0.13 ms behind)
[0mq_GtoI = 0.163,-0.987,-0.012,0.001 | p_IinG = 3.661,6.026,-3.024 | dist = 13.83 (meters)
bg = 0.0009,-0.0002,-0.0002 | ba = 0.1046,0.0314,0.1550
camera-imu timeoffset = 0.00187
cam0 intrinsics = 351.479,351.637,366.816,252.784 | -0.042,-0.005,0.006,-0.003
cam1 intrinsics = 352.478,352.753,346.655,270.372 | -0.041,-0.004,0.002,-0.001
cam0 extrinsics = 0.501,0.502,0.496,0.501 | -0.046,0.019,-0.043
cam1 extrinsics = 0.500,0.502,0.499,0.499 | 0.063,0.020,-0.042
[34m[TIME]: 0.0100 seconds total (100.1 hz, 0.14 ms behind)
[0mq_GtoI = 0.163,-0.987,-0.013,0.001 | p_IinG = 3.661,6.026,-3.024 | dist = 13.83 (meters)
bg = 0.0009,-0.0002,-0.0002 | ba = 0.1046,0.0315,0.1550
camera-imu timeoffset = 0.00187
cam0 intrinsics = 351.481,351.636,366.815,252.782 | -0.042,-0.005,0.006,-0.003
cam1 intrinsics = 352.479,352.749,346.655,270.369 | -0.041,-0.004,0.002,-0.001
cam0 extrinsics = 0.501,0.502,0.496,0.501 | -0.046,0.019,-0.043
cam1 extrinsics = 0.500,0.502,0.499,0.499 | 0.063,0.020,-0.042
[34m[TIME]: 0.0073 seconds total (136.6 hz, 0.15 ms behind)
[0mq_GtoI = 0.162,-0.987,-0.013,0.001 | p_IinG = 3.660,6.026,-3.024 | dist = 13.83 (meters)
bg = 0.0009,-0.0002,-0.0002 | ba = 0.1046,0.0316,0.1549
camera-imu timeoffset = 0.00187
cam0 intrinsics = 351.483,351.637,366.815,252.780 | -0.042,-0.005,0.006,-0.003
cam1 intrinsics = 352.479,352.745,346.656,270.366 | -0.041,-0.004,0.002,-0.001
cam0 extrinsics = 0.501,0.502,0.496,0.501 | -0.045,0.019,-0.043
cam1 extrinsics = 0.500,0.502,0.499,0.499 | 0.063,0.020,-0.042
[34m[TIME]: 0.0097 seconds total (103.1 hz, 0.16 ms behind)
[0mq_GtoI = 0.161,-0.987,-0.013,0.001 | p_IinG = 3.660,6.026,-3.024 | dist = 13.84 (meters)
bg = 0.0009,-0.0002,-0.0002 | ba = 0.1046,0.0317,0.1549
camera-imu timeoffset = 0.00187
cam0 intrinsics = 351.486,351.638,366.813,252.778 | -0.042,-0.005,0.006,-0.003
cam1 intrinsics = 352.479,352.742,346.655,270.364 | -0.041,-0.004,0.002,-0.001
cam0 extrinsics = 0.501,0.502,0.496,0.501 | -0.045,0.019,-0.043
cam1 extrinsics = 0.500,0.502,0.499,0.499 | 0.063,0.020,-0.042
[34m[TIME]: 0.0078 seconds total (129.0 hz, 0.17 ms behind)
[0mq_GtoI = 0.160,-0.987,-0.012,0.001 | p_IinG = 3.660,6.027,-3.024 | dist = 13.84 (meters)
bg = 0.0009,-0.0002,-0.0002 | ba = 0.1046,0.0318,0.1549
camera-imu timeoffset = 0.00187
cam0 intrinsics = 351.489,351.639,366.812,252.777 | -0.042,-0.005,0.006,-0.003
cam1 intrinsics = 352.480,352.739,346.655,270.361 | -0.041,-0.004,0.002,-0.001
cam0 extrinsics = 0.501,0.502,0.496,0.501 | -0.045,0.019,-0.043
cam1 extrinsics = 0.500,0.502,0.499,0.499 | 0.063,0.020,-0.042
[34m[TIME]: 0.0097 seconds total (103.5 hz, 0.18 ms behind)
[0mq_GtoI = 0.160,-0.987,-0.013,0.001 | p_IinG = 3.660,6.027,-3.024 | dist = 13.84 (meters)
bg = 0.0009,-0.0002,-0.0002 | ba = 0.1046,0.0319,0.1549
camera-imu timeoffset = 0.00187
cam0 intrinsics = 351.493,351.640,366.811,252.775 | -0.042,-0.005,0.006,-0.003
cam1 intrinsics = 352.482,352.736,346.655,270.358 | -0.041,-0.004,0.002,-0.000
cam0 extrinsics = 0.501,0.502,0.496,0.501 | -0.045,0.019,-0.043
cam1 extrinsics = 0.500,0.502,0.499,0.499 | 0.063,0.020,-0.042
[34m[TIME]: 0.0067 seconds total (149.0 hz, 0.19 ms behind)
[0mq_GtoI = 0.159,-0.987,-0.013,0.001 | p_IinG = 3.660,6.027,-3.024 | dist = 13.84 (meters)
bg = 0.0009,-0.0002,-0.0002 | ba = 0.1046,0.0320,0.1549
camera-imu timeoffset = 0.00187
cam0 intrinsics = 351.495,351.641,366.810,252.774 | -0.042,-0.005,0.006,-0.003
cam1 intrinsics = 352.482,352.733,346.655,270.356 | -0.041,-0.004,0.002,-0.000
cam0 extrinsics = 0.501,0.502,0.496,0.501 | -0.045,0.019,-0.043
cam1 extrinsics = 0.500,0.502,0.499,0.499 | 0.063,0.020,-0.042
[34m[TIME]: 0.0102 seconds total (97.7 hz, 0.20 ms behind)
[0mq_GtoI = 0.158,-0.987,-0.013,0.001 | p_IinG = 3.660,6.027,-3.024 | dist = 13.84 (meters)
bg = 0.0009,-0.0002,-0.0002 | ba = 0.1047,0.0320,0.1549
camera-imu timeoffset = 0.00187
cam0 intrinsics = 351.498,351.642,366.808,252.772 | -0.042,-0.005,0.006,-0.003
cam1 intrinsics = 352.482,352.730,346.654,270.353 | -0.041,-0.004,0.002,-0.000
cam0 extrinsics = 0.501,0.502,0.496,0.501 | -0.045,0.019,-0.043
cam1 extrinsics = 0.500,0.502,0.499,0.499 | 0.063,0.020,-0.042
[34m[TIME]: 0.0059 seconds total (168.5 hz, 0.21 ms behind)
[0mq_GtoI = 0.158,-0.987,-0.012,0.001 | p_IinG = 3.660,6.028,-3.024 | dist = 13.84 (meters)
bg = 0.0009,-0.0002,-0.0002 | ba = 0.1047,0.0321,0.1549
camera-imu timeoffset = 0.00187
cam0 intrinsics = 351.500,351.643,366.806,252.771 | -0.042,-0.005,0.006,-0.003
cam1 intrinsics = 352.482,352.727,346.653,270.351 | -0.041,-0.004,0.002,-0.000
cam0 extrinsics = 0.501,0.502,0.496,0.501 | -0.045,0.019,-0.043
cam1 extrinsics = 0.500,0.502,0.499,0.499 | 0.063,0.020,-0.042
[34m[TIME]: 0.0095 seconds total (105.2 hz, 0.22 ms behind)
[0mq_GtoI = 0.158,-0.987,-0.012,0.001 | p_IinG = 3.660,6.028,-3.024 | dist = 13.84 (meters)
bg = 0.0009,-0.0002,-0.0002 | ba = 0.1047,0.0321,0.1549
camera-imu timeoffset = 0.00187
cam0 intrinsics = 351.503,351.644,366.804,252.770 | -0.042,-0.005,0.006,-0.003
cam1 intrinsics = 352.482,352.724,346.651,270.348 | -0.041,-0.004,0.002,-0.000
cam0 extrinsics = 0.501,0.502,0.496,0.501 | -0.045,0.019,-0.042
cam1 extrinsics = 0.500,0.502,0.499,0.499 | 0.063,0.020,-0.042
[34m[TIME]: 0.0070 seconds total (142.1 hz, 0.23 ms behind)
[0mq_GtoI = 0.159,-0.987,-0.012,0.001 | p_IinG = 3.660,6.028,-3.024 | dist = 13.84 (meters)
bg = 0.0009,-0.0002,-0.0002 | ba = 0.1048,0.0321,0.1549
camera-imu timeoffset = 0.00187
cam0 intrinsics = 351.505,351.645,366.801,252.769 | -0.042,-0.005,0.006,-0.003
cam1 intrinsics = 352.482,352.721,346.650,270.346 | -0.041,-0.004,0.002,-0.000
cam0 extrinsics = 0.501,0.502,0.496,0.501 | -0.045,0.019,-0.042
cam1 extrinsics = 0.500,0.502,0.499,0.499 | 0.063,0.020,-0.042
[34m[TIME]: 0.0100 seconds total (100.5 hz, 0.24 ms behind)
[0mq_GtoI = 0.159,-0.987,-0.011,0.001 | p_IinG = 3.659,6.028,-3.024 | dist = 13.84 (meters)
bg = 0.0009,-0.0002,-0.0002 | ba = 0.1048,0.0321,0.1549
camera-imu timeoffset = 0.00187
cam0 intrinsics = 351.507,351.645,366.799,252.768 | -0.042,-0.005,0.006,-0.003
cam1 intrinsics = 352.481,352.717,346.649,270.344 | -0.041,-0.004,0.002,-0.000
cam0 extrinsics = 0.501,0.502,0.496,0.501 | -0.045,0.019,-0.042
cam1 extrinsics = 0.500,0.502,0.499,0.499 | 0.063,0.020,-0.042
[34m[TIME]: 0.0068 seconds total (146.3 hz, 0.00 ms behind)
[0mq_GtoI = 0.159,-0.987,-0.010,0.001 | p_IinG = 3.659,6.028,-3.024 | dist = 13.84 (meters)
bg = 0.0009,-0.0002,-0.0002 | ba = 0.1048,0.0322,0.1549
camera-imu timeoffset = 0.00187
cam0 intrinsics = 351.508,351.645,366.797,252.766 | -0.042,-0.005,0.006,-0.003
cam1 intrinsics = 352.480,352.713,346.648,270.342 | -0.041,-0.004,0.002,-0.000
cam0 extrinsics = 0.501,0.502,0.496,0.501 | -0.045,0.019,-0.042
cam1 extrinsics = 0.500,0.502,0.499,0.499 | 0.063,0.020,-0.042
[34m[TIME]: 0.0096 seconds total (103.9 hz, 0.01 ms behind)
[0mq_GtoI = 0.159,-0.987,-0.010,0.002 | p_IinG = 3.659,6.028,-3.024 | dist = 13.84 (meters)
bg = 0.0009,-0.0002,-0.0002 | ba = 0.1049,0.0322,0.1549
camera-imu timeoffset = 0.00187
cam0 intrinsics = 351.510,351.646,366.796,252.765 | -0.042,-0.005,0.006,-0.003
cam1 intrinsics = 352.480,352.710,346.647,270.340 | -0.041,-0.004,0.002,-0.000
cam0 extrinsics = 0.501,0.502,0.496,0.501 | -0.045,0.019,-0.042
cam1 extrinsics = 0.500,0.502,0.499,0.499 | 0.063,0.020,-0.042
[34m[TIME]: 0.0084 seconds total (118.9 hz, 0.02 ms behind)
[0mq_GtoI = 0.160,-0.987,-0.010,0.002 | p_IinG = 3.659,6.028,-3.025 | dist = 13.84 (meters)
bg = 0.0009,-0.0002,-0.0002 | ba = 0.1049,0.0322,0.1548
camera-imu timeoffset = 0.00187
cam0 intrinsics = 351.513,351.646,366.794,252.764 | -0.042,-0.005,0.006,-0.003
cam1 intrinsics = 352.480,352.706,346.646,270.338 | -0.041,-0.004,0.002,-0.000
cam0 extrinsics = 0.501,0.502,0.496,0.501 | -0.045,0.019,-0.042
cam1 extrinsics = 0.500,0.502,0.499,0.499 | 0.063,0.020,-0.042
[34m[TIME]: 0.0066 seconds total (150.8 hz, 0.03 ms behind)
[0mq_GtoI = 0.160,-0.987,-0.009,0.002 | p_IinG = 3.660,6.028,-3.025 | dist = 13.84 (meters)
bg = 0.0009,-0.0002,-0.0002 | ba = 0.1049,0.0322,0.1548
camera-imu timeoffset = 0.00187
cam0 intrinsics = 351.515,351.647,366.793,252.763 | -0.042,-0.005,0.006,-0.003
cam1 intrinsics = 352.479,352.703,346.645,270.336 | -0.041,-0.005,0.002,-0.000
cam0 extrinsics = 0.501,0.502,0.496,0.501 | -0.045,0.019,-0.042
cam1 extrinsics = 0.500,0.502,0.499,0.499 | 0.063,0.020,-0.042
[34m[TIME]: 0.0098 seconds total (102.2 hz, 0.04 ms behind)
[0mq_GtoI = 0.160,-0.987,-0.009,0.002 | p_IinG = 3.660,6.028,-3.025 | dist = 13.84 (meters)
bg = 0.0009,-0.0002,-0.0002 | ba = 0.1050,0.0322,0.1548
camera-imu timeoffset = 0.00187
cam0 intrinsics = 351.517,351.648,366.791,252.762 | -0.042,-0.005,0.006,-0.003
cam1 intrinsics = 352.480,352.699,346.645,270.334 | -0.041,-0.005,0.002,-0.000
cam0 extrinsics = 0.501,0.502,0.496,0.501 | -0.045,0.019,-0.042
cam1 extrinsics = 0.500,0.502,0.499,0.499 | 0.063,0.020,-0.042
[34m[TIME]: 0.0068 seconds total (146.5 hz, 0.05 ms behind)
[0mq_GtoI = 0.160,-0.987,-0.008,0.002 | p_IinG = 3.660,6.028,-3.025 | dist = 13.84 (meters)
bg = 0.0009,-0.0002,-0.0002 | ba = 0.1050,0.0322,0.1548
camera-imu timeoffset = 0.00187
cam0 intrinsics = 351.520,351.648,366.790,252.761 | -0.042,-0.005,0.006,-0.003
cam1 intrinsics = 352.480,352.696,346.644,270.332 | -0.041,-0.005,0.002,-0.000
cam0 extrinsics = 0.501,0.502,0.496,0.501 | -0.045,0.019,-0.042
cam1 extrinsics = 0.500,0.502,0.499,0.499 | 0.063,0.020,-0.042
[34m[TIME]: 0.0099 seconds total (101.0 hz, 0.06 ms behind)
[0mq_GtoI = 0.160,-0.987,-0.008,0.002 | p_IinG = 3.660,6.029,-3.025 | dist = 13.84 (meters)
bg = 0.0009,-0.0002,-0.0002 | ba = 0.1050,0.0321,0.1548
camera-imu timeoffset = 0.00187
cam0 intrinsics = 351.523,351.650,366.789,252.760 | -0.042,-0.005,0.006,-0.003
cam1 intrinsics = 352.480,352.693,346.645,270.330 | -0.041,-0.005,0.002,-0.000
cam0 extrinsics = 0.501,0.502,0.496,0.501 | -0.045,0.019,-0.042
cam1 extrinsics = 0.500,0.502,0.499,0.499 | 0.063,0.020,-0.042
[34m[TIME]: 0.0072 seconds total (138.7 hz, 0.07 ms behind)
[0mq_GtoI = 0.160,-0.987,-0.008,0.002 | p_IinG = 3.660,6.029,-3.025 | dist = 13.84 (meters)
bg = 0.0009,-0.0002,-0.0002 | ba = 0.1050,0.0321,0.1548
camera-imu timeoffset = 0.00187
cam0 intrinsics = 351.525,351.651,366.788,252.759 | -0.042,-0.005,0.006,-0.003
cam1 intrinsics = 352.480,352.690,346.644,270.328 | -0.041,-0.005,0.002,-0.000
cam0 extrinsics = 0.501,0.502,0.496,0.501 | -0.045,0.019,-0.042
cam1 extrinsics = 0.500,0.502,0.499,0.499 | 0.063,0.020,-0.042
[34m[TIME]: 0.0066 seconds total (151.1 hz, 0.08 ms behind)
[0mq_GtoI = 0.160,-0.987,-0.008,0.002 | p_IinG = 3.660,6.029,-3.025 | dist = 13.84 (meters)
bg = 0.0009,-0.0002,-0.0002 | ba = 0.1050,0.0322,0.1548
camera-imu timeoffset = 0.00187
cam0 intrinsics = 351.527,351.652,366.787,252.758 | -0.042,-0.005,0.006,-0.003
cam1 intrinsics = 352.479,352.688,346.644,270.326 | -0.041,-0.005,0.002,-0.000
cam0 extrinsics = 0.501,0.502,0.496,0.501 | -0.045,0.019,-0.042
cam1 extrinsics = 0.500,0.502,0.499,0.499 | 0.063,0.020,-0.042
[34m[TIME]: 0.0068 seconds total (146.2 hz, 0.09 ms behind)
[0mq_GtoI = 0.160,-0.987,-0.008,0.003 | p_IinG = 3.660,6.029,-3.025 | dist = 13.84 (meters)
bg = 0.0009,-0.0002,-0.0002 | ba = 0.1050,0.0322,0.1548
camera-imu timeoffset = 0.00187
cam0 intrinsics = 351.528,351.653,366.786,252.756 | -0.042,-0.005,0.006,-0.003
cam1 intrinsics = 352.478,352.685,346.644,270.324 | -0.041,-0.005,0.002,-0.000
cam0 extrinsics = 0.501,0.502,0.496,0.501 | -0.045,0.019,-0.042
cam1 extrinsics = 0.500,0.502,0.499,0.499 | 0.063,0.020,-0.042
[34m[TIME]: 0.0096 seconds total (104.6 hz, 0.11 ms behind)
[0mq_GtoI = 0.160,-0.987,-0.007,0.003 | p_IinG = 3.660,6.029,-3.025 | dist = 13.84 (meters)
bg = 0.0009,-0.0002,-0.0002 | ba = 0.1050,0.0322,0.1548
camera-imu timeoffset = 0.00187
cam0 intrinsics = 351.530,351.654,366.785,252.755 | -0.042,-0.005,0.006,-0.003
cam1 intrinsics = 352.477,352.681,346.644,270.322 | -0.041,-0.005,0.002,-0.000
cam0 extrinsics = 0.501,0.502,0.496,0.501 | -0.045,0.019,-0.042
cam1 extrinsics = 0.500,0.502,0.499,0.499 | 0.063,0.020,-0.042
[34m[TIME]: 0.0080 seconds total (124.7 hz, 0.12 ms behind)
[0mq_GtoI = 0.160,-0.987,-0.008,0.003 | p_IinG = 3.660,6.029,-3.025 | dist = 13.84 (meters)
bg = 0.0009,-0.0002,-0.0002 | ba = 0.1050,0.0322,0.1548
camera-imu timeoffset = 0.00187
cam0 intrinsics = 351.532,351.655,366.785,252.755 | -0.042,-0.005,0.006,-0.003
cam1 intrinsics = 352.477,352.678,346.645,270.320 | -0.041,-0.005,0.002,-0.000
cam0 extrinsics = 0.501,0.502,0.496,0.501 | -0.045,0.019,-0.042
cam1 extrinsics = 0.500,0.502,0.499,0.499 | 0.063,0.020,-0.042
[34m[TIME]: 0.0074 seconds total (135.9 hz, 0.13 ms behind)
[0mq_GtoI = 0.160,-0.987,-0.007,0.003 | p_IinG = 3.660,6.029,-3.025 | dist = 13.84 (meters)
bg = 0.0009,-0.0002,-0.0002 | ba = 0.1050,0.0322,0.1548
camera-imu timeoffset = 0.00187
cam0 intrinsics = 351.534,351.657,366.785,252.754 | -0.042,-0.005,0.006,-0.003
cam1 intrinsics = 352.477,352.676,346.646,270.318 | -0.041,-0.005,0.002,-0.000
cam0 extrinsics = 0.501,0.502,0.496,0.501 | -0.045,0.019,-0.042
cam1 extrinsics = 0.500,0.502,0.499,0.499 | 0.063,0.020,-0.042
[34m[TIME]: 0.0062 seconds total (160.6 hz, 0.14 ms behind)
[0mq_GtoI = 0.160,-0.987,-0.005,0.003 | p_IinG = 3.660,6.030,-3.025 | dist = 13.84 (meters)
bg = 0.0009,-0.0002,-0.0002 | ba = 0.1050,0.0322,0.1548
camera-imu timeoffset = 0.00187
cam0 intrinsics = 351.537,351.658,366.785,252.753 | -0.042,-0.005,0.006,-0.003
cam1 intrinsics = 352.477,352.673,346.646,270.316 | -0.041,-0.005,0.002,-0.000
cam0 extrinsics = 0.501,0.502,0.496,0.501 | -0.045,0.019,-0.042
cam1 extrinsics = 0.500,0.502,0.499,0.499 | 0.063,0.020,-0.042
[34m[TIME]: 0.0092 seconds total (108.7 hz, 0.15 ms behind)
[0mq_GtoI = 0.160,-0.987,-0.004,0.004 | p_IinG = 3.661,6.030,-3.026 | dist = 13.84 (meters)
bg = 0.0009,-0.0002,-0.0002 | ba = 0.1050,0.0322,0.1548
camera-imu timeoffset = 0.00187
cam0 intrinsics = 351.540,351.659,366.784,252.752 | -0.042,-0.005,0.006,-0.003
cam1 intrinsics = 352.478,352.670,346.647,270.314 | -0.041,-0.005,0.002,-0.000
cam0 extrinsics = 0.501,0.502,0.496,0.501 | -0.045,0.019,-0.042
cam1 extrinsics = 0.500,0.502,0.499,0.499 | 0.063,0.020,-0.042
[34m[TIME]: 0.0090 seconds total (110.6 hz, 0.16 ms behind)
[0mq_GtoI = 0.159,-0.987,-0.001,0.005 | p_IinG = 3.661,6.031,-3.026 | dist = 13.84 (meters)
bg = 0.0009,-0.0002,-0.0002 | ba = 0.1050,0.0322,0.1548
camera-imu timeoffset = 0.00187
cam0 intrinsics = 351.543,351.659,366.784,252.751 | -0.042,-0.005,0.006,-0.003
cam1 intrinsics = 352.478,352.666,346.648,270.313 | -0.041,-0.005,0.002,-0.000
cam0 extrinsics = 0.501,0.502,0.496,0.501 | -0.045,0.019,-0.042
cam1 extrinsics = 0.500,0.502,0.499,0.499 | 0.063,0.020,-0.042
[34m[TIME]: 0.0088 seconds total (113.4 hz, 0.17 ms behind)
[0mq_GtoI = 0.159,-0.987,-0.001,0.005 | p_IinG = 3.661,6.032,-3.026 | dist = 13.84 (meters)
bg = 0.0009,-0.0002,-0.0002 | ba = 0.1050,0.0322,0.1548
camera-imu timeoffset = 0.00188
cam0 intrinsics = 351.545,351.659,366.784,252.750 | -0.042,-0.005,0.006,-0.003
cam1 intrinsics = 352.477,352.662,346.649,270.311 | -0.040,-0.005,0.002,-0.000
cam0 extrinsics = 0.501,0.502,0.496,0.501 | -0.045,0.019,-0.042
cam1 extrinsics = 0.500,0.502,0.499,0.499 | 0.063,0.020,-0.042
[34m[TIME]: 0.0097 seconds total (103.3 hz, 0.18 ms behind)
[0mq_GtoI = 0.159,-0.987,-0.001,0.005 | p_IinG = 3.661,6.032,-3.026 | dist = 13.84 (meters)
bg = 0.0009,-0.0002,-0.0002 | ba = 0.1050,0.0322,0.1548
camera-imu timeoffset = 0.00188
cam0 intrinsics = 351.547,351.660,366.784,252.749 | -0.042,-0.005,0.006,-0.003
cam1 intrinsics = 352.477,352.658,346.650,270.309 | -0.040,-0.005,0.002,-0.000
cam0 extrinsics = 0.501,0.502,0.496,0.501 | -0.045,0.019,-0.042
cam1 extrinsics = 0.500,0.502,0.499,0.499 | 0.063,0.020,-0.042
[34m[TIME]: 0.0068 seconds total (147.5 hz, 0.19 ms behind)
[0mq_GtoI = 0.159,-0.987,-0.001,0.005 | p_IinG = 3.661,6.032,-3.026 | dist = 13.84 (meters)
bg = 0.0009,-0.0002,-0.0002 | ba = 0.1050,0.0322,0.1548
camera-imu timeoffset = 0.00188
cam0 intrinsics = 351.550,351.661,366.784,252.748 | -0.042,-0.005,0.006,-0.003
cam1 intrinsics = 352.477,352.655,346.651,270.307 | -0.040,-0.005,0.002,-0.000
cam0 extrinsics = 0.501,0.502,0.496,0.501 | -0.045,0.019,-0.042
cam1 extrinsics = 0.500,0.502,0.499,0.499 | 0.063,0.020,-0.042
[34m[TIME]: 0.0103 seconds total (97.3 hz, 0.20 ms behind)
[0mq_GtoI = 0.159,-0.987,-0.001,0.005 | p_IinG = 3.661,6.031,-3.026 | dist = 13.84 (meters)
bg = 0.0009,-0.0002,-0.0002 | ba = 0.1050,0.0322,0.1548
camera-imu timeoffset = 0.00188
cam0 intrinsics = 351.553,351.662,366.785,252.747 | -0.042,-0.005,0.006,-0.003
cam1 intrinsics = 352.477,352.652,346.653,270.305 | -0.040,-0.005,0.002,-0.000
cam0 extrinsics = 0.501,0.502,0.496,0.501 | -0.045,0.019,-0.042
cam1 extrinsics = 0.500,0.502,0.499,0.499 | 0.063,0.020,-0.042
[34m[TIME]: 0.0066 seconds total (151.8 hz, 0.21 ms behind)
[0mq_GtoI = 0.159,-0.987,-0.001,0.006 | p_IinG = 3.661,6.032,-3.026 | dist = 13.84 (meters)
bg = 0.0009,-0.0002,-0.0002 | ba = 0.1049,0.0322,0.1548
camera-imu timeoffset = 0.00188
cam0 intrinsics = 351.556,351.664,366.786,252.746 | -0.042,-0.005,0.006,-0.003
cam1 intrinsics = 352.477,352.650,346.655,270.303 | -0.040,-0.005,0.002,-0.000
cam0 extrinsics = 0.501,0.502,0.496,0.501 | -0.045,0.019,-0.042
cam1 extrinsics = 0.500,0.502,0.499,0.499 | 0.063,0.020,-0.042
[34m[TIME]: 0.0092 seconds total (108.9 hz, 0.22 ms behind)
[0mq_GtoI = 0.159,-0.987,-0.001,0.006 | p_IinG = 3.661,6.032,-3.026 | dist = 13.84 (meters)
bg = 0.0009,-0.0002,-0.0002 | ba = 0.1049,0.0322,0.1548
camera-imu timeoffset = 0.00188
cam0 intrinsics = 351.558,351.665,366.787,252.745 | -0.042,-0.005,0.006,-0.003
cam1 intrinsics = 352.477,352.647,346.657,270.301 | -0.040,-0.005,0.002,-0.000
cam0 extrinsics = 0.501,0.502,0.496,0.501 | -0.045,0.019,-0.042
cam1 extrinsics = 0.500,0.502,0.499,0.499 | 0.063,0.020,-0.042
[34m[TIME]: 0.0060 seconds total (167.6 hz, 0.23 ms behind)
[0mq_GtoI = 0.159,-0.987,-0.001,0.006 | p_IinG = 3.661,6.032,-3.027 | dist = 13.84 (meters)
bg = 0.0009,-0.0002,-0.0002 | ba = 0.1049,0.0321,0.1548
camera-imu timeoffset = 0.00188
cam0 intrinsics = 351.560,351.667,366.789,252.745 | -0.042,-0.005,0.006,-0.003
cam1 intrinsics = 352.477,352.644,346.660,270.300 | -0.040,-0.005,0.002,-0.000
cam0 extrinsics = 0.501,0.502,0.496,0.501 | -0.045,0.019,-0.042
cam1 extrinsics = 0.500,0.502,0.499,0.499 | 0.063,0.020,-0.042
[34m[TIME]: 0.0094 seconds total (106.1 hz, 0.24 ms behind)
[0mq_GtoI = 0.159,-0.987,-0.001,0.006 | p_IinG = 3.661,6.032,-3.027 | dist = 13.84 (meters)
bg = 0.0009,-0.0002,-0.0002 | ba = 0.1048,0.0321,0.1548
camera-imu timeoffset = 0.00188
cam0 intrinsics = 351.562,351.668,366.791,252.745 | -0.042,-0.005,0.006,-0.003
cam1 intrinsics = 352.476,352.642,346.662,270.299 | -0.040,-0.005,0.002,-0.000
cam0 extrinsics = 0.501,0.502,0.496,0.501 | -0.045,0.019,-0.042
cam1 extrinsics = 0.500,0.502,0.499,0.499 | 0.063,0.020,-0.042
[34m[TIME]: 0.0061 seconds total (163.3 hz, 0.00 ms behind)
[0mq_GtoI = 0.159,-0.987,-0.001,0.005 | p_IinG = 3.661,6.032,-3.027 | dist = 13.84 (meters)
bg = 0.0009,-0.0002,-0.0002 | ba = 0.1048,0.0321,0.1548
camera-imu timeoffset = 0.00188
cam0 intrinsics = 351.564,351.670,366.793,252.744 | -0.042,-0.005,0.006,-0.003
cam1 intrinsics = 352.475,352.639,346.665,270.298 | -0.040,-0.005,0.002,-0.000
cam0 extrinsics = 0.501,0.502,0.496,0.501 | -0.045,0.019,-0.042
cam1 extrinsics = 0.500,0.502,0.499,0.499 | 0.063,0.020,-0.042
[34m[TIME]: 0.0097 seconds total (103.4 hz, 0.01 ms behind)
[0mq_GtoI = 0.159,-0.987,-0.001,0.006 | p_IinG = 3.661,6.032,-3.027 | dist = 13.84 (meters)
bg = 0.0009,-0.0002,-0.0002 | ba = 0.1048,0.0321,0.1548
camera-imu timeoffset = 0.00188
cam0 intrinsics = 351.566,351.671,366.795,252.744 | -0.042,-0.005,0.006,-0.003
cam1 intrinsics = 352.474,352.636,346.667,270.296 | -0.040,-0.005,0.002,-0.000
cam0 extrinsics = 0.501,0.502,0.496,0.501 | -0.045,0.019,-0.042
cam1 extrinsics = 0.500,0.502,0.499,0.499 | 0.063,0.020,-0.042
[34m[TIME]: 0.0072 seconds total (139.7 hz, 0.02 ms behind)
[0mq_GtoI = 0.159,-0.987,-0.001,0.006 | p_IinG = 3.661,6.032,-3.027 | dist = 13.84 (meters)
bg = 0.0009,-0.0002,-0.0002 | ba = 0.1047,0.0320,0.1548
camera-imu timeoffset = 0.00188
cam0 intrinsics = 351.568,351.673,366.796,252.743 | -0.042,-0.005,0.006,-0.003
cam1 intrinsics = 352.473,352.634,346.669,270.295 | -0.040,-0.005,0.002,-0.000
cam0 extrinsics = 0.501,0.502,0.496,0.501 | -0.045,0.019,-0.042
cam1 extrinsics = 0.500,0.502,0.499,0.499 | 0.063,0.020,-0.042
[34m[TIME]: 0.0093 seconds total (107.4 hz, 0.03 ms behind)
[0mq_GtoI = 0.159,-0.987,-0.001,0.006 | p_IinG = 3.661,6.032,-3.027 | dist = 13.84 (meters)
bg = 0.0009,-0.0002,-0.0002 | ba = 0.1047,0.0320,0.1548
camera-imu timeoffset = 0.00188
cam0 intrinsics = 351.570,351.675,366.798,252.743 | -0.042,-0.005,0.006,-0.003
cam1 intrinsics = 352.472,352.632,346.672,270.293 | -0.040,-0.005,0.002,-0.000
cam0 extrinsics = 0.501,0.502,0.496,0.501 | -0.045,0.019,-0.042
cam1 extrinsics = 0.500,0.502,0.499,0.499 | 0.063,0.020,-0.042
[34m[TIME]: 0.0075 seconds total (133.7 hz, 0.04 ms behind)
[0mq_GtoI = 0.159,-0.987,-0.001,0.006 | p_IinG = 3.661,6.032,-3.027 | dist = 13.84 (meters)
bg = 0.0009,-0.0002,-0.0002 | ba = 0.1046,0.0320,0.1548
camera-imu timeoffset = 0.00188
cam0 intrinsics = 351.572,351.677,366.800,252.742 | -0.042,-0.005,0.006,-0.003
cam1 intrinsics = 352.472,352.629,346.674,270.292 | -0.040,-0.005,0.002,-0.000
cam0 extrinsics = 0.501,0.502,0.496,0.501 | -0.045,0.019,-0.043
cam1 extrinsics = 0.500,0.502,0.499,0.499 | 0.063,0.020,-0.042
[34m[TIME]: 0.0064 seconds total (156.5 hz, 0.05 ms behind)
[0mq_GtoI = 0.159,-0.987,-0.000,0.006 | p_IinG = 3.661,6.032,-3.027 | dist = 13.84 (meters)
bg = 0.0009,-0.0002,-0.0002 | ba = 0.1046,0.0320,0.1549
camera-imu timeoffset = 0.00188
cam0 intrinsics = 351.574,351.679,366.801,252.742 | -0.042,-0.005,0.006,-0.003
cam1 intrinsics = 352.470,352.627,346.676,270.290 | -0.040,-0.005,0.002,-0.000
cam0 extrinsics = 0.501,0.502,0.496,0.501 | -0.045,0.019,-0.043
cam1 extrinsics = 0.500,0.502,0.499,0.499 | 0.063,0.020,-0.042
[34m[TIME]: 0.0082 seconds total (121.3 hz, 0.06 ms behind)
[0mq_GtoI = 0.159,-0.987,-0.000,0.006 | p_IinG = 3.661,6.032,-3.027 | dist = 13.84 (meters)
bg = 0.0009,-0.0002,-0.0002 | ba = 0.1045,0.0320,0.1549
camera-imu timeoffset = 0.00188
cam0 intrinsics = 351.575,351.680,366.803,252.741 | -0.042,-0.005,0.006,-0.003
cam1 intrinsics = 352.469,352.625,346.678,270.289 | -0.040,-0.005,0.002,-0.000
cam0 extrinsics = 0.501,0.502,0.496,0.501 | -0.045,0.019,-0.043
cam1 extrinsics = 0.500,0.502,0.499,0.499 | 0.063,0.020,-0.042
[34m[TIME]: 0.0081 seconds total (123.2 hz, 0.07 ms behind)
[0mq_GtoI = 0.159,-0.987,-0.000,0.006 | p_IinG = 3.660,6.032,-3.027 | dist = 13.84 (meters)
bg = 0.0009,-0.0002,-0.0002 | ba = 0.1045,0.0321,0.1549
camera-imu timeoffset = 0.00188
cam0 intrinsics = 351.575,351.682,366.804,252.740 | -0.042,-0.005,0.006,-0.003
cam1 intrinsics = 352.467,352.622,346.680,270.287 | -0.040,-0.005,0.002,-0.000
cam0 extrinsics = 0.501,0.502,0.496,0.501 | -0.045,0.019,-0.043
cam1 extrinsics = 0.500,0.502,0.499,0.499 | 0.063,0.020,-0.042
[34m[TIME]: 0.0083 seconds total (120.4 hz, 0.08 ms behind)
[0mq_GtoI = 0.159,-0.987,-0.000,0.006 | p_IinG = 3.660,6.033,-3.027 | dist = 13.84 (meters)
bg = 0.0009,-0.0002,-0.0002 | ba = 0.1044,0.0321,0.1549
camera-imu timeoffset = 0.00188
cam0 intrinsics = 351.575,351.683,366.805,252.739 | -0.042,-0.005,0.006,-0.003
cam1 intrinsics = 352.464,352.619,346.681,270.285 | -0.040,-0.005,0.002,-0.000
cam0 extrinsics = 0.501,0.502,0.496,0.501 | -0.045,0.019,-0.043
cam1 extrinsics = 0.500,0.502,0.499,0.499 | 0.063,0.020,-0.042
[34m[TIME]: 0.0070 seconds total (142.3 hz, 0.09 ms behind)
[0mq_GtoI = 0.159,-0.987,-0.000,0.006 | p_IinG = 3.660,6.033,-3.027 | dist = 13.84 (meters)
bg = 0.0009,-0.0002,-0.0002 | ba = 0.1044,0.0321,0.1549
camera-imu timeoffset = 0.00188
cam0 intrinsics = 351.575,351.683,366.806,252.739 | -0.042,-0.005,0.006,-0.003
cam1 intrinsics = 352.461,352.616,346.683,270.283 | -0.040,-0.005,0.002,-0.000
cam0 extrinsics = 0.501,0.502,0.496,0.501 | -0.045,0.019,-0.043
cam1 extrinsics = 0.500,0.502,0.499,0.499 | 0.063,0.020,-0.042
[34m[TIME]: 0.0074 seconds total (134.7 hz, 0.11 ms behind)
[0mq_GtoI = 0.159,-0.987,-0.000,0.006 | p_IinG = 3.660,6.033,-3.027 | dist = 13.84 (meters)
bg = 0.0009,-0.0002,-0.0002 | ba = 0.1044,0.0321,0.1549
camera-imu timeoffset = 0.00188
cam0 intrinsics = 351.574,351.684,366.807,252.738 | -0.042,-0.005,0.006,-0.003
cam1 intrinsics = 352.459,352.612,346.684,270.282 | -0.040,-0.005,0.002,-0.000
cam0 extrinsics = 0.501,0.502,0.496,0.501 | -0.045,0.019,-0.043
cam1 extrinsics = 0.500,0.502,0.499,0.499 | 0.063,0.020,-0.042
[34m[TIME]: 0.0071 seconds total (140.9 hz, 0.12 ms behind)
[0mq_GtoI = 0.159,-0.987,-0.000,0.006 | p_IinG = 3.660,6.033,-3.027 | dist = 13.84 (meters)
bg = 0.0009,-0.0002,-0.0002 | ba = 0.1043,0.0321,0.1549
camera-imu timeoffset = 0.00188
cam0 intrinsics = 351.574,351.685,366.808,252.737 | -0.042,-0.005,0.006,-0.003
cam1 intrinsics = 352.456,352.609,346.686,270.280 | -0.040,-0.005,0.002,-0.000
cam0 extrinsics = 0.501,0.502,0.496,0.501 | -0.045,0.019,-0.043
cam1 extrinsics = 0.500,0.502,0.499,0.499 | 0.063,0.020,-0.042
[34m[TIME]: 0.0088 seconds total (113.1 hz, 0.13 ms behind)
[0mq_GtoI = 0.159,-0.987,-0.000,0.006 | p_IinG = 3.659,6.033,-3.027 | dist = 13.84 (meters)
bg = 0.0009,-0.0002,-0.0002 | ba = 0.1043,0.0321,0.1549
camera-imu timeoffset = 0.00188
cam0 intrinsics = 351.574,351.685,366.809,252.736 | -0.042,-0.005,0.006,-0.003
cam1 intrinsics = 352.453,352.606,346.687,270.278 | -0.040,-0.005,0.002,-0.000
cam0 extrinsics = 0.501,0.502,0.496,0.501 | -0.045,0.019,-0.043
cam1 extrinsics = 0.500,0.502,0.499,0.499 | 0.063,0.020,-0.042
[34m[TIME]: 0.0065 seconds total (152.7 hz, 0.14 ms behind)
[0mq_GtoI = 0.159,-0.987,-0.000,0.005 | p_IinG = 3.659,6.033,-3.027 | dist = 13.84 (meters)
bg = 0.0009,-0.0002,-0.0002 | ba = 0.1043,0.0322,0.1549
camera-imu timeoffset = 0.00188
cam0 intrinsics = 351.575,351.686,366.809,252.735 | -0.042,-0.005,0.006,-0.003
cam1 intrinsics = 352.451,352.602,346.688,270.277 | -0.040,-0.005,0.002,-0.000
cam0 extrinsics = 0.501,0.502,0.496,0.501 | -0.045,0.019,-0.043
cam1 extrinsics = 0.500,0.502,0.499,0.499 | 0.063,0.020,-0.042
[34m[TIME]: 0.0075 seconds total (133.9 hz, 0.15 ms behind)
[0mq_GtoI = 0.159,-0.987,-0.000,0.005 | p_IinG = 3.659,6.033,-3.027 | dist = 13.84 (meters)
bg = 0.0009,-0.0002,-0.0002 | ba = 0.1043,0.0322,0.1549
camera-imu timeoffset = 0.00188
cam0 intrinsics = 351.575,351.686,366.810,252.734 | -0.042,-0.005,0.006,-0.003
cam1 intrinsics = 352.449,352.599,346.690,270.275 | -0.040,-0.005,0.002,-0.000
cam0 extrinsics = 0.501,0.502,0.496,0.501 | -0.045,0.019,-0.043
cam1 extrinsics = 0.500,0.502,0.499,0.499 | 0.063,0.020,-0.042
[34m[TIME]: 0.0063 seconds total (158.1 hz, 0.16 ms behind)
[0mq_GtoI = 0.159,-0.987,-0.000,0.005 | p_IinG = 3.659,6.033,-3.027 | dist = 13.84 (meters)
bg = 0.0009,-0.0002,-0.0002 | ba = 0.1043,0.0322,0.1549
camera-imu timeoffset = 0.00188
cam0 intrinsics = 351.576,351.687,366.810,252.733 | -0.042,-0.004,0.006,-0.003
cam1 intrinsics = 352.447,352.595,346.691,270.273 | -0.040,-0.005,0.002,-0.000
cam0 extrinsics = 0.501,0.502,0.496,0.501 | -0.045,0.019,-0.043
cam1 extrinsics = 0.500,0.502,0.499,0.499 | 0.063,0.020,-0.042
[34m[TIME]: 0.0058 seconds total (171.0 hz, 0.17 ms behind)
[0mq_GtoI = 0.160,-0.987,-0.000,0.005 | p_IinG = 3.659,6.033,-3.027 | dist = 13.84 (meters)
bg = 0.0009,-0.0002,-0.0002 | ba = 0.1043,0.0322,0.1549
camera-imu timeoffset = 0.00188
cam0 intrinsics = 351.577,351.688,366.810,252.733 | -0.042,-0.004,0.006,-0.003
cam1 intrinsics = 352.445,352.592,346.691,270.272 | -0.040,-0.005,0.002,-0.000
cam0 extrinsics = 0.501,0.502,0.496,0.501 | -0.045,0.019,-0.043
cam1 extrinsics = 0.500,0.502,0.499,0.499 | 0.063,0.020,-0.042
[34m[TIME]: 0.0068 seconds total (147.9 hz, 0.18 ms behind)
[0mq_GtoI = 0.160,-0.987,-0.000,0.005 | p_IinG = 3.659,6.033,-3.027 | dist = 13.84 (meters)
bg = 0.0009,-0.0002,-0.0002 | ba = 0.1043,0.0322,0.1549
camera-imu timeoffset = 0.00188
cam0 intrinsics = 351.577,351.688,366.810,252.732 | -0.042,-0.004,0.006,-0.003
cam1 intrinsics = 352.443,352.589,346.692,270.270 | -0.040,-0.005,0.002,-0.000
cam0 extrinsics = 0.501,0.502,0.496,0.501 | -0.045,0.019,-0.043
cam1 extrinsics = 0.500,0.502,0.499,0.499 | 0.063,0.020,-0.042
[34m[TIME]: 0.0066 seconds total (151.0 hz, 0.19 ms behind)
[0mq_GtoI = 0.160,-0.987,-0.000,0.005 | p_IinG = 3.659,6.033,-3.027 | dist = 13.84 (meters)
bg = 0.0009,-0.0002,-0.0002 | ba = 0.1043,0.0322,0.1549
camera-imu timeoffset = 0.00188
cam0 intrinsics = 351.578,351.689,366.810,252.731 | -0.042,-0.004,0.006,-0.003
cam1 intrinsics = 352.441,352.586,346.693,270.268 | -0.040,-0.005,0.002,-0.000
cam0 extrinsics = 0.501,0.502,0.496,0.501 | -0.045,0.019,-0.043
cam1 extrinsics = 0.500,0.502,0.499,0.499 | 0.063,0.020,-0.042
[34m[TIME]: 0.0080 seconds total (124.9 hz, 0.20 ms behind)
[0mq_GtoI = 0.160,-0.987,-0.000,0.005 | p_IinG = 3.658,6.033,-3.027 | dist = 13.84 (meters)
bg = 0.0009,-0.0002,-0.0002 | ba = 0.1043,0.0322,0.1550
camera-imu timeoffset = 0.00188
cam0 intrinsics = 351.579,351.690,366.810,252.731 | -0.042,-0.004,0.006,-0.003
cam1 intrinsics = 352.440,352.583,346.693,270.267 | -0.040,-0.005,0.002,-0.000
cam0 extrinsics = 0.501,0.502,0.496,0.501 | -0.045,0.019,-0.043
cam1 extrinsics = 0.500,0.502,0.499,0.499 | 0.063,0.020,-0.042
[34m[TIME]: 0.0055 seconds total (183.0 hz, 0.21 ms behind)
[0mq_GtoI = 0.160,-0.987,-0.000,0.006 | p_IinG = 3.658,6.033,-3.027 | dist = 13.84 (meters)
bg = 0.0009,-0.0002,-0.0002 | ba = 0.1043,0.0322,0.1550
camera-imu timeoffset = 0.00188
cam0 intrinsics = 351.581,351.692,366.810,252.730 | -0.042,-0.004,0.006,-0.003
cam1 intrinsics = 352.438,352.580,346.694,270.265 | -0.040,-0.005,0.002,-0.000
cam0 extrinsics = 0.501,0.502,0.496,0.501 | -0.045,0.019,-0.043
cam1 extrinsics = 0.500,0.502,0.499,0.499 | 0.063,0.020,-0.042
[34m[TIME]: 0.0059 seconds total (169.0 hz, 0.22 ms behind)
[0mq_GtoI = 0.160,-0.987,-0.000,0.006 | p_IinG = 3.658,6.033,-3.027 | dist = 13.85 (meters)
bg = 0.0009,-0.0002,-0.0002 | ba = 0.1043,0.0322,0.1550
camera-imu timeoffset = 0.00188
cam0 intrinsics = 351.582,351.693,366.810,252.730 | -0.043,-0.004,0.006,-0.003
cam1 intrinsics = 352.437,352.577,346.695,270.264 | -0.040,-0.005,0.002,-0.000
cam0 extrinsics = 0.501,0.502,0.496,0.501 | -0.045,0.019,-0.043
cam1 extrinsics = 0.500,0.502,0.499,0.499 | 0.063,0.020,-0.042
[34m[TIME]: 0.0077 seconds total (130.3 hz, 0.23 ms behind)
[0mq_GtoI = 0.160,-0.987,-0.000,0.005 | p_IinG = 3.658,6.033,-3.027 | dist = 13.85 (meters)
bg = 0.0009,-0.0002,-0.0002 | ba = 0.1043,0.0322,0.1550
camera-imu timeoffset = 0.00188
cam0 intrinsics = 351.584,351.695,366.810,252.729 | -0.043,-0.004,0.006,-0.003
cam1 intrinsics = 352.435,352.575,346.695,270.263 | -0.040,-0.005,0.002,-0.000
cam0 extrinsics = 0.501,0.502,0.496,0.501 | -0.045,0.019,-0.043
cam1 extrinsics = 0.500,0.502,0.499,0.499 | 0.063,0.020,-0.042
[34m[TIME]: 0.0084 seconds total (118.4 hz, 0.24 ms behind)
[0mq_GtoI = 0.160,-0.987,-0.000,0.005 | p_IinG = 3.658,6.034,-3.027 | dist = 13.85 (meters)
bg = 0.0009,-0.0002,-0.0002 | ba = 0.1043,0.0322,0.1550
camera-imu timeoffset = 0.00188
cam0 intrinsics = 351.586,351.697,366.810,252.729 | -0.043,-0.004,0.006,-0.003
cam1 intrinsics = 352.434,352.573,346.696,270.261 | -0.040,-0.005,0.002,-0.000
cam0 extrinsics = 0.501,0.502,0.496,0.501 | -0.045,0.019,-0.043
cam1 extrinsics = 0.500,0.502,0.499,0.499 | 0.063,0.020,-0.042
[34m[TIME]: 0.0058 seconds total (172.8 hz, 0.00 ms behind)
[0mq_GtoI = 0.160,-0.987,-0.000,0.005 | p_IinG = 3.658,6.034,-3.027 | dist = 13.85 (meters)
bg = 0.0009,-0.0002,-0.0002 | ba = 0.1043,0.0322,0.1550
camera-imu timeoffset = 0.00188
cam0 intrinsics = 351.587,351.699,366.810,252.728 | -0.043,-0.004,0.006,-0.003
cam1 intrinsics = 352.433,352.570,346.697,270.260 | -0.040,-0.005,0.002,-0.000
cam0 extrinsics = 0.501,0.502,0.496,0.501 | -0.045,0.019,-0.043
cam1 extrinsics = 0.500,0.502,0.499,0.499 | 0.063,0.020,-0.042
[34m[TIME]: 0.0090 seconds total (111.7 hz, 0.01 ms behind)
[0mq_GtoI = 0.160,-0.987,-0.000,0.005 | p_IinG = 3.658,6.034,-3.027 | dist = 13.85 (meters)
bg = 0.0009,-0.0002,-0.0002 | ba = 0.1043,0.0322,0.1550
camera-imu timeoffset = 0.00188
cam0 intrinsics = 351.589,351.701,366.810,252.728 | -0.043,-0.004,0.006,-0.003
cam1 intrinsics = 352.432,352.568,346.698,270.258 | -0.040,-0.005,0.002,-0.000
cam0 extrinsics = 0.501,0.502,0.496,0.501 | -0.045,0.019,-0.043
cam1 extrinsics = 0.500,0.502,0.499,0.499 | 0.063,0.020,-0.042
[34m[TIME]: 0.0069 seconds total (144.3 hz, 0.02 ms behind)
[0mq_GtoI = 0.160,-0.987,-0.000,0.005 | p_IinG = 3.658,6.034,-3.027 | dist = 13.85 (meters)
bg = 0.0009,-0.0002,-0.0002 | ba = 0.1043,0.0323,0.1550
camera-imu timeoffset = 0.00188
cam0 intrinsics = 351.591,351.703,366.810,252.727 | -0.043,-0.004,0.006,-0.003
cam1 intrinsics = 352.430,352.566,346.698,270.257 | -0.040,-0.005,0.002,-0.000
cam0 extrinsics = 0.501,0.502,0.496,0.501 | -0.045,0.019,-0.043
cam1 extrinsics = 0.500,0.502,0.499,0.499 | 0.063,0.020,-0.042
[34m[TIME]: 0.0061 seconds total (162.7 hz, 0.03 ms behind)
[0mq_GtoI = 0.160,-0.987,-0.000,0.005 | p_IinG = 3.658,6.034,-3.027 | dist = 13.85 (meters)
bg = 0.0009,-0.0002,-0.0002 | ba = 0.1043,0.0323,0.1550
camera-imu timeoffset = 0.00188
cam0 intrinsics = 351.592,351.705,366.810,252.727 | -0.043,-0.004,0.006,-0.003
cam1 intrinsics = 352.429,352.564,346.699,270.255 | -0.040,-0.005,0.002,-0.000
cam0 extrinsics = 0.501,0.502,0.496,0.501 | -0.045,0.019,-0.043
cam1 extrinsics = 0.500,0.502,0.499,0.499 | 0.063,0.020,-0.042
[34m[TIME]: 0.0063 seconds total (157.5 hz, 0.04 ms behind)
[0mq_GtoI = 0.160,-0.987,-0.000,0.005 | p_IinG = 3.658,6.034,-3.027 | dist = 13.85 (meters)
bg = 0.0009,-0.0002,-0.0002 | ba = 0.1042,0.0323,0.1550
camera-imu timeoffset = 0.00188
cam0 intrinsics = 351.594,351.707,366.810,252.726 | -0.043,-0.004,0.006,-0.003
cam1 intrinsics = 352.428,352.562,346.700,270.254 | -0.040,-0.005,0.002,-0.000
cam0 extrinsics = 0.501,0.502,0.496,0.501 | -0.045,0.019,-0.043
cam1 extrinsics = 0.500,0.502,0.499,0.499 | 0.063,0.020,-0.042
[34m[TIME]: 0.0072 seconds total (138.1 hz, 0.05 ms behind)
[0mq_GtoI = 0.160,-0.987,-0.000,0.006 | p_IinG = 3.658,6.034,-3.027 | dist = 13.85 (meters)
bg = 0.0009,-0.0002,-0.0002 | ba = 0.1042,0.0323,0.1550
camera-imu timeoffset = 0.00188
cam0 intrinsics = 351.596,351.710,366.810,252.726 | -0.043,-0.004,0.006,-0.003
cam1 intrinsics = 352.426,352.561,346.701,270.252 | -0.040,-0.005,0.002,-0.000
cam0 extrinsics = 0.501,0.502,0.496,0.501 | -0.045,0.019,-0.043
cam1 extrinsics = 0.500,0.502,0.499,0.499 | 0.063,0.020,-0.042
[34m[TIME]: 0.0090 seconds total (111.3 hz, 0.06 ms behind)
[0mq_GtoI = 0.160,-0.987,-0.000,0.006 | p_IinG = 3.658,6.034,-3.027 | dist = 13.85 (meters)
bg = 0.0009,-0.0002,-0.0002 | ba = 0.1042,0.0323,0.1550
camera-imu timeoffset = 0.00188
cam0 intrinsics = 351.597,351.712,366.810,252.725 | -0.043,-0.004,0.006,-0.003
cam1 intrinsics = 352.425,352.559,346.702,270.251 | -0.040,-0.005,0.002,-0.000
cam0 extrinsics = 0.501,0.502,0.496,0.501 | -0.045,0.019,-0.043
cam1 extrinsics = 0.500,0.502,0.499,0.499 | 0.063,0.020,-0.042
[34m[TIME]: 0.0089 seconds total (112.2 hz, 0.07 ms behind)
[0mq_GtoI = 0.160,-0.987,-0.000,0.006 | p_IinG = 3.658,6.034,-3.027 | dist = 13.85 (meters)
bg = 0.0009,-0.0002,-0.0002 | ba = 0.1042,0.0323,0.1550
camera-imu timeoffset = 0.00188
cam0 intrinsics = 351.599,351.715,366.811,252.725 | -0.043,-0.004,0.006,-0.003
cam1 intrinsics = 352.424,352.557,346.703,270.249 | -0.040,-0.005,0.002,-0.000
cam0 extrinsics = 0.501,0.502,0.496,0.501 | -0.045,0.019,-0.043
cam1 extrinsics = 0.500,0.502,0.499,0.499 | 0.063,0.020,-0.042
[34m[TIME]: 0.0085 seconds total (118.3 hz, 0.08 ms behind)
[0mq_GtoI = 0.160,-0.987,-0.000,0.006 | p_IinG = 3.659,6.034,-3.027 | dist = 13.85 (meters)
bg = 0.0009,-0.0002,-0.0002 | ba = 0.1042,0.0323,0.1550
camera-imu timeoffset = 0.00188
cam0 intrinsics = 351.601,351.718,366.811,252.724 | -0.043,-0.004,0.006,-0.003
cam1 intrinsics = 352.423,352.556,346.704,270.248 | -0.040,-0.005,0.002,-0.000
cam0 extrinsics = 0.501,0.502,0.496,0.501 | -0.045,0.019,-0.043
cam1 extrinsics = 0.500,0.502,0.499,0.499 | 0.063,0.020,-0.042
[34m[TIME]: 0.0061 seconds total (165.0 hz, 0.10 ms behind)
[0mq_GtoI = 0.160,-0.987,-0.000,0.006 | p_IinG = 3.659,6.034,-3.027 | dist = 13.85 (meters)
bg = 0.0009,-0.0002,-0.0002 | ba = 0.1042,0.0323,0.1550
camera-imu timeoffset = 0.00188
cam0 intrinsics = 351.603,351.721,366.811,252.723 | -0.043,-0.004,0.006,-0.003
cam1 intrinsics = 352.422,352.555,346.705,270.246 | -0.040,-0.005,0.002,-0.000
cam0 extrinsics = 0.501,0.502,0.496,0.501 | -0.045,0.019,-0.043
cam1 extrinsics = 0.500,0.502,0.499,0.499 | 0.063,0.020,-0.042
[34m[TIME]: 0.0088 seconds total (113.5 hz, 0.11 ms behind)
[0mq_GtoI = 0.160,-0.987,-0.000,0.006 | p_IinG = 3.659,6.034,-3.027 | dist = 13.85 (meters)
bg = 0.0009,-0.0002,-0.0002 | ba = 0.1041,0.0323,0.1550
camera-imu timeoffset = 0.00188
cam0 intrinsics = 351.605,351.723,366.812,252.723 | -0.043,-0.004,0.006,-0.003
cam1 intrinsics = 352.420,352.554,346.706,270.245 | -0.040,-0.005,0.002,-0.000
cam0 extrinsics = 0.501,0.502,0.496,0.501 | -0.045,0.019,-0.043
cam1 extrinsics = 0.500,0.502,0.499,0.499 | 0.063,0.020,-0.042
[34m[TIME]: 0.0061 seconds total (163.4 hz, 0.12 ms behind)
[0mq_GtoI = 0.160,-0.987,-0.000,0.006 | p_IinG = 3.659,6.034,-3.027 | dist = 13.85 (meters)
bg = 0.0009,-0.0002,-0.0002 | ba = 0.1041,0.0323,0.1550
camera-imu timeoffset = 0.00188
cam0 intrinsics = 351.607,351.726,366.812,252.722 | -0.043,-0.004,0.006,-0.003
cam1 intrinsics = 352.419,352.552,346.707,270.243 | -0.040,-0.005,0.002,-0.000
cam0 extrinsics = 0.501,0.502,0.496,0.501 | -0.045,0.019,-0.043
cam1 extrinsics = 0.500,0.502,0.499,0.499 | 0.063,0.020,-0.042
[34m[TIME]: 0.0063 seconds total (159.6 hz, 0.13 ms behind)
[0mq_GtoI = 0.160,-0.987,-0.000,0.006 | p_IinG = 3.659,6.034,-3.027 | dist = 13.85 (meters)
bg = 0.0009,-0.0002,-0.0002 | ba = 0.1041,0.0323,0.1550
camera-imu timeoffset = 0.00188
cam0 intrinsics = 351.609,351.729,366.812,252.721 | -0.043,-0.004,0.006,-0.003
cam1 intrinsics = 352.418,352.551,346.708,270.242 | -0.040,-0.005,0.002,-0.000
cam0 extrinsics = 0.501,0.502,0.496,0.501 | -0.045,0.019,-0.043
cam1 extrinsics = 0.500,0.502,0.499,0.499 | 0.063,0.020,-0.042
[34m[TIME]: 0.0080 seconds total (124.9 hz, 0.14 ms behind)
[0mq_GtoI = 0.160,-0.987,-0.000,0.006 | p_IinG = 3.659,6.034,-3.027 | dist = 13.85 (meters)
bg = 0.0009,-0.0002,-0.0002 | ba = 0.1041,0.0323,0.1550
camera-imu timeoffset = 0.00188
cam0 intrinsics = 351.610,351.732,366.812,252.721 | -0.043,-0.004,0.006,-0.003
cam1 intrinsics = 352.417,352.550,346.709,270.240 | -0.040,-0.005,0.002,-0.000
cam0 extrinsics = 0.501,0.502,0.496,0.501 | -0.045,0.019,-0.043
cam1 extrinsics = 0.500,0.502,0.499,0.499 | 0.063,0.020,-0.042
[34m[TIME]: 0.0070 seconds total (143.8 hz, 0.15 ms behind)
[0mq_GtoI = 0.160,-0.987,-0.000,0.005 | p_IinG = 3.659,6.034,-3.027 | dist = 13.85 (meters)
bg = 0.0009,-0.0002,-0.0002 | ba = 0.1041,0.0323,0.1550
camera-imu timeoffset = 0.00188
cam0 intrinsics = 351.612,351.734,366.813,252.720 | -0.043,-0.004,0.006,-0.003
cam1 intrinsics = 352.416,352.548,346.711,270.239 | -0.040,-0.005,0.002,-0.000
cam0 extrinsics = 0.501,0.502,0.496,0.501 | -0.045,0.019,-0.043
cam1 extrinsics = 0.500,0.502,0.499,0.499 | 0.063,0.020,-0.042
[34m[TIME]: 0.0085 seconds total (118.2 hz, 0.16 ms behind)
[0mq_GtoI = 0.160,-0.987,-0.000,0.005 | p_IinG = 3.659,6.034,-3.027 | dist = 13.85 (meters)
bg = 0.0009,-0.0002,-0.0002 | ba = 0.1041,0.0323,0.1551
camera-imu timeoffset = 0.00188
cam0 intrinsics = 351.614,351.737,366.813,252.719 | -0.043,-0.004,0.006,-0.003
cam1 intrinsics = 352.414,352.547,346.712,270.237 | -0.040,-0.005,0.002,-0.000
cam0 extrinsics = 0.501,0.502,0.496,0.501 | -0.045,0.019,-0.043
cam1 extrinsics = 0.500,0.502,0.499,0.499 | 0.063,0.020,-0.042
[34m[TIME]: 0.0060 seconds total (166.4 hz, 0.17 ms behind)
[0mq_GtoI = 0.160,-0.987,-0.000,0.005 | p_IinG = 3.659,6.034,-3.027 | dist = 13.85 (meters)
bg = 0.0009,-0.0002,-0.0002 | ba = 0.1040,0.0323,0.1551
camera-imu timeoffset = 0.00188
cam0 intrinsics = 351.615,351.739,366.814,252.719 | -0.043,-0.004,0.006,-0.003
cam1 intrinsics = 352.413,352.545,346.713,270.236 | -0.040,-0.005,0.002,-0.000
cam0 extrinsics = 0.501,0.502,0.496,0.501 | -0.045,0.019,-0.043
cam1 extrinsics = 0.500,0.502,0.499,0.499 | 0.063,0.020,-0.042
[34m[TIME]: 0.0072 seconds total (138.7 hz, 0.18 ms behind)
[0mq_GtoI = 0.160,-0.987,-0.000,0.005 | p_IinG = 3.659,6.034,-3.027 | dist = 13.85 (meters)
bg = 0.0009,-0.0002,-0.0002 | ba = 0.1040,0.0323,0.1551
camera-imu timeoffset = 0.00188
cam0 intrinsics = 351.617,351.742,366.814,252.718 | -0.043,-0.004,0.006,-0.003
cam1 intrinsics = 352.412,352.543,346.714,270.234 | -0.040,-0.005,0.002,-0.000
cam0 extrinsics = 0.501,0.502,0.496,0.501 | -0.045,0.019,-0.043
cam1 extrinsics = 0.500,0.502,0.499,0.499 | 0.063,0.020,-0.042
[34m[TIME]: 0.0084 seconds total (118.9 hz, 0.19 ms behind)
[0mq_GtoI = 0.160,-0.987,-0.000,0.006 | p_IinG = 3.659,6.034,-3.027 | dist = 13.85 (meters)
bg = 0.0009,-0.0002,-0.0002 | ba = 0.1040,0.0323,0.1550
camera-imu timeoffset = 0.00188
cam0 intrinsics = 351.618,351.744,366.815,252.718 | -0.043,-0.004,0.006,-0.003
cam1 intrinsics = 352.410,352.542,346.715,270.233 | -0.040,-0.005,0.002,-0.000
cam0 extrinsics = 0.501,0.502,0.496,0.501 | -0.045,0.019,-0.043
cam1 extrinsics = 0.500,0.502,0.499,0.499 | 0.063,0.020,-0.042
[34m[TIME]: 0.0061 seconds total (163.2 hz, 0.20 ms behind)
[0mq_GtoI = 0.160,-0.987,-0.000,0.006 | p_IinG = 3.659,6.034,-3.027 | dist = 13.85 (meters)
bg = 0.0009,-0.0002,-0.0002 | ba = 0.1040,0.0323,0.1550
camera-imu timeoffset = 0.00188
cam0 intrinsics = 351.620,351.747,366.815,252.717 | -0.043,-0.004,0.006,-0.003
cam1 intrinsics = 352.409,352.540,346.716,270.231 | -0.040,-0.005,0.002,-0.000
cam0 extrinsics = 0.501,0.502,0.496,0.501 | -0.045,0.019,-0.043
cam1 extrinsics = 0.500,0.502,0.499,0.499 | 0.063,0.020,-0.042
[34m[TIME]: 0.0085 seconds total (118.2 hz, 0.21 ms behind)
[0mq_GtoI = 0.160,-0.987,-0.000,0.006 | p_IinG = 3.659,6.034,-3.027 | dist = 13.85 (meters)
bg = 0.0009,-0.0002,-0.0002 | ba = 0.1040,0.0323,0.1550
camera-imu timeoffset = 0.00188
cam0 intrinsics = 351.622,351.749,366.815,252.717 | -0.043,-0.004,0.006,-0.003
cam1 intrinsics = 352.407,352.538,346.717,270.230 | -0.040,-0.005,0.002,-0.000
cam0 extrinsics = 0.501,0.502,0.496,0.501 | -0.045,0.019,-0.043
cam1 extrinsics = 0.500,0.502,0.499,0.499 | 0.063,0.020,-0.042
[34m[TIME]: 0.0092 seconds total (109.2 hz, 0.22 ms behind)
[0mq_GtoI = 0.160,-0.987,-0.000,0.006 | p_IinG = 3.659,6.034,-3.027 | dist = 13.85 (meters)
bg = 0.0009,-0.0002,-0.0002 | ba = 0.1040,0.0324,0.1550
camera-imu timeoffset = 0.00188
cam0 intrinsics = 351.623,351.752,366.815,252.716 | -0.043,-0.004,0.006,-0.003
cam1 intrinsics = 352.406,352.537,346.718,270.228 | -0.040,-0.005,0.002,-0.000
cam0 extrinsics = 0.501,0.502,0.496,0.501 | -0.045,0.019,-0.043
cam1 extrinsics = 0.500,0.502,0.499,0.499 | 0.063,0.020,-0.042
[34m[TIME]: 0.0075 seconds total (132.6 hz, 0.23 ms behind)
[0mq_GtoI = 0.160,-0.987,-0.000,0.006 | p_IinG = 3.659,6.034,-3.027 | dist = 13.85 (meters)
bg = 0.0009,-0.0002,-0.0002 | ba = 0.1040,0.0324,0.1550
camera-imu timeoffset = 0.00188
cam0 intrinsics = 351.625,351.754,366.815,252.715 | -0.043,-0.004,0.006,-0.003
cam1 intrinsics = 352.405,352.535,346.718,270.227 | -0.040,-0.005,0.002,-0.000
cam0 extrinsics = 0.501,0.502,0.496,0.501 | -0.045,0.019,-0.043
cam1 extrinsics = 0.500,0.502,0.499,0.499 | 0.063,0.020,-0.042
[34m[TIME]: 0.0076 seconds total (132.0 hz, 0.24 ms behind)
[0mq_GtoI = 0.160,-0.987,-0.000,0.006 | p_IinG = 3.659,6.034,-3.027 | dist = 13.85 (meters)
bg = 0.0009,-0.0002,-0.0002 | ba = 0.1040,0.0324,0.1550
camera-imu timeoffset = 0.00188
cam0 intrinsics = 351.627,351.757,366.815,252.714 | -0.043,-0.004,0.006,-0.003
cam1 intrinsics = 352.403,352.534,346.719,270.225 | -0.040,-0.005,0.002,-0.000
cam0 extrinsics = 0.501,0.502,0.496,0.501 | -0.045,0.019,-0.043
cam1 extrinsics = 0.500,0.502,0.499,0.499 | 0.063,0.020,-0.042
[34m[TIME]: 0.0090 seconds total (111.5 hz, 0.00 ms behind)
[0mq_GtoI = 0.160,-0.987,-0.000,0.006 | p_IinG = 3.659,6.034,-3.027 | dist = 13.85 (meters)
bg = 0.0009,-0.0002,-0.0002 | ba = 0.1040,0.0324,0.1550
camera-imu timeoffset = 0.00188
cam0 intrinsics = 351.629,351.760,366.815,252.714 | -0.043,-0.004,0.006,-0.003
cam1 intrinsics = 352.402,352.532,346.720,270.224 | -0.040,-0.005,0.002,-0.000
cam0 extrinsics = 0.501,0.502,0.496,0.501 | -0.045,0.019,-0.043
cam1 extrinsics = 0.500,0.502,0.499,0.499 | 0.063,0.020,-0.042
[34m[TIME]: 0.0068 seconds total (147.5 hz, 0.01 ms behind)
[0mq_GtoI = 0.160,-0.987,-0.000,0.006 | p_IinG = 3.659,6.034,-3.027 | dist = 13.85 (meters)
bg = 0.0009,-0.0002,-0.0002 | ba = 0.1040,0.0324,0.1550
camera-imu timeoffset = 0.00188
cam0 intrinsics = 351.630,351.763,366.816,252.713 | -0.043,-0.004,0.006,-0.003
cam1 intrinsics = 352.401,352.531,346.721,270.222 | -0.039,-0.005,0.002,-0.000
cam0 extrinsics = 0.501,0.502,0.496,0.501 | -0.045,0.019,-0.043
cam1 extrinsics = 0.500,0.502,0.499,0.499 | 0.063,0.020,-0.042
[34m[TIME]: 0.0094 seconds total (106.5 hz, 0.02 ms behind)
[0mq_GtoI = 0.160,-0.987,-0.000,0.006 | p_IinG = 3.659,6.034,-3.027 | dist = 13.85 (meters)
bg = 0.0009,-0.0002,-0.0002 | ba = 0.1040,0.0324,0.1550
camera-imu timeoffset = 0.00188
cam0 intrinsics = 351.632,351.765,366.816,252.713 | -0.043,-0.004,0.006,-0.003
cam1 intrinsics = 352.399,352.530,346.722,270.221 | -0.039,-0.005,0.002,-0.000
cam0 extrinsics = 0.501,0.502,0.496,0.501 | -0.045,0.019,-0.043
cam1 extrinsics = 0.500,0.502,0.499,0.499 | 0.063,0.020,-0.042
[34m[TIME]: 0.0093 seconds total (107.3 hz, 0.03 ms behind)
[0mq_GtoI = 0.160,-0.987,-0.000,0.006 | p_IinG = 3.659,6.034,-3.027 | dist = 13.85 (meters)
bg = 0.0009,-0.0002,-0.0002 | ba = 0.1040,0.0324,0.1551
camera-imu timeoffset = 0.00188
cam0 intrinsics = 351.633,351.768,366.816,252.712 | -0.043,-0.004,0.006,-0.003
cam1 intrinsics = 352.398,352.528,346.722,270.220 | -0.039,-0.005,0.002,-0.000
cam0 extrinsics = 0.501,0.502,0.496,0.501 | -0.045,0.019,-0.043
cam1 extrinsics = 0.500,0.502,0.499,0.499 | 0.063,0.020,-0.042
[34m[TIME]: 0.0064 seconds total (155.8 hz, 0.04 ms behind)
[0mq_GtoI = 0.160,-0.987,-0.000,0.006 | p_IinG = 3.659,6.035,-3.027 | dist = 13.85 (meters)
bg = 0.0009,-0.0002,-0.0002 | ba = 0.1040,0.0324,0.1551
camera-imu timeoffset = 0.00188
cam0 intrinsics = 351.635,351.771,366.816,252.712 | -0.043,-0.004,0.006,-0.003
cam1 intrinsics = 352.396,352.527,346.723,270.219 | -0.039,-0.005,0.002,-0.000
cam0 extrinsics = 0.501,0.502,0.496,0.501 | -0.045,0.019,-0.043
cam1 extrinsics = 0.500,0.502,0.499,0.499 | 0.063,0.020,-0.042
[34m[TIME]: 0.0083 seconds total (120.0 hz, 0.05 ms behind)
[0mq_GtoI = 0.160,-0.987,-0.000,0.006 | p_IinG = 3.659,6.035,-3.027 | dist = 13.85 (meters)
bg = 0.0009,-0.0002,-0.0002 | ba = 0.1040,0.0323,0.1551
camera-imu timeoffset = 0.00188
cam0 intrinsics = 351.636,351.773,366.817,252.711 | -0.043,-0.004,0.006,-0.003
cam1 intrinsics = 352.394,352.525,346.725,270.217 | -0.039,-0.005,0.002,-0.000
cam0 extrinsics = 0.501,0.502,0.496,0.501 | -0.045,0.019,-0.043
cam1 extrinsics = 0.500,0.502,0.499,0.499 | 0.063,0.020,-0.042
[34m[TIME]: 0.0063 seconds total (157.9 hz, 0.06 ms behind)
[0mq_GtoI = 0.160,-0.987,-0.000,0.006 | p_IinG = 3.659,6.035,-3.027 | dist = 13.85 (meters)
bg = 0.0009,-0.0002,-0.0002 | ba = 0.1040,0.0323,0.1551
camera-imu timeoffset = 0.00188
cam0 intrinsics = 351.638,351.776,366.817,252.711 | -0.043,-0.004,0.006,-0.003
cam1 intrinsics = 352.393,352.524,346.726,270.216 | -0.039,-0.006,0.002,-0.000
cam0 extrinsics = 0.501,0.502,0.496,0.501 | -0.045,0.019,-0.043
cam1 extrinsics = 0.500,0.502,0.499,0.499 | 0.063,0.020,-0.042
[34m[TIME]: 0.0094 seconds total (106.4 hz, 0.08 ms behind)
[0mq_GtoI = 0.160,-0.987,-0.000,0.006 | p_IinG = 3.659,6.035,-3.027 | dist = 13.85 (meters)
bg = 0.0009,-0.0002,-0.0002 | ba = 0.1039,0.0323,0.1551
camera-imu timeoffset = 0.00188
cam0 intrinsics = 351.640,351.779,366.818,252.710 | -0.043,-0.004,0.006,-0.003
cam1 intrinsics = 352.392,352.523,346.727,270.215 | -0.039,-0.006,0.002,-0.000
cam0 extrinsics = 0.501,0.502,0.496,0.501 | -0.045,0.019,-0.043
cam1 extrinsics = 0.500,0.502,0.499,0.499 | 0.063,0.020,-0.042
[34m[TIME]: 0.0083 seconds total (120.2 hz, 0.09 ms behind)
[0mq_GtoI = 0.160,-0.987,-0.000,0.006 | p_IinG = 3.659,6.035,-3.027 | dist = 13.85 (meters)
bg = 0.0009,-0.0002,-0.0002 | ba = 0.1039,0.0323,0.1550
camera-imu timeoffset = 0.00188
cam0 intrinsics = 351.642,351.782,366.818,252.710 | -0.043,-0.004,0.006,-0.003
cam1 intrinsics = 352.390,352.522,346.728,270.213 | -0.039,-0.006,0.002,-0.000
cam0 extrinsics = 0.501,0.502,0.496,0.501 | -0.045,0.019,-0.043
cam1 extrinsics = 0.500,0.502,0.499,0.499 | 0.063,0.020,-0.042
[34m[TIME]: 0.0082 seconds total (122.1 hz, 0.10 ms behind)
[0mq_GtoI = 0.160,-0.987,-0.000,0.006 | p_IinG = 3.659,6.035,-3.027 | dist = 13.85 (meters)
bg = 0.0009,-0.0002,-0.0002 | ba = 0.1039,0.0323,0.1550
camera-imu timeoffset = 0.00188
cam0 intrinsics = 351.644,351.785,366.819,252.709 | -0.043,-0.004,0.006,-0.003
cam1 intrinsics = 352.389,352.520,346.729,270.212 | -0.039,-0.006,0.002,-0.000
cam0 extrinsics = 0.501,0.502,0.496,0.501 | -0.045,0.019,-0.043
cam1 extrinsics = 0.500,0.502,0.499,0.499 | 0.063,0.020,-0.042
[34m[TIME]: 0.0072 seconds total (139.7 hz, 0.11 ms behind)
[0mq_GtoI = 0.160,-0.987,-0.000,0.006 | p_IinG = 3.659,6.035,-3.027 | dist = 13.85 (meters)
bg = 0.0009,-0.0002,-0.0002 | ba = 0.1039,0.0323,0.1550
camera-imu timeoffset = 0.00188
cam0 intrinsics = 351.646,351.788,366.819,252.709 | -0.043,-0.004,0.006,-0.003
cam1 intrinsics = 352.388,352.519,346.730,270.211 | -0.039,-0.006,0.002,-0.000
cam0 extrinsics = 0.501,0.502,0.496,0.501 | -0.045,0.019,-0.043
cam1 extrinsics = 0.500,0.502,0.499,0.499 | 0.063,0.020,-0.042
[34m[TIME]: 0.0092 seconds total (109.1 hz, 0.12 ms behind)
[0mq_GtoI = 0.160,-0.987,-0.000,0.006 | p_IinG = 3.659,6.035,-3.027 | dist = 13.85 (meters)
bg = 0.0009,-0.0002,-0.0002 | ba = 0.1039,0.0324,0.1550
camera-imu timeoffset = 0.00188
cam0 intrinsics = 351.648,351.791,366.819,252.708 | -0.043,-0.004,0.006,-0.003
cam1 intrinsics = 352.387,352.518,346.731,270.209 | -0.039,-0.006,0.002,-0.000
cam0 extrinsics = 0.501,0.502,0.496,0.501 | -0.045,0.019,-0.043
cam1 extrinsics = 0.500,0.502,0.499,0.499 | 0.063,0.020,-0.042
[34m[TIME]: 0.0069 seconds total (145.0 hz, 0.13 ms behind)
[0mq_GtoI = 0.160,-0.987,-0.000,0.006 | p_IinG = 3.659,6.035,-3.027 | dist = 13.85 (meters)
bg = 0.0009,-0.0002,-0.0002 | ba = 0.1039,0.0324,0.1550
camera-imu timeoffset = 0.00188
cam0 intrinsics = 351.650,351.793,366.820,252.707 | -0.043,-0.004,0.006,-0.003
cam1 intrinsics = 352.386,352.517,346.732,270.208 | -0.039,-0.006,0.002,-0.000
cam0 extrinsics = 0.501,0.502,0.496,0.501 | -0.045,0.019,-0.043
cam1 extrinsics = 0.500,0.502,0.499,0.499 | 0.063,0.020,-0.042
[34m[TIME]: 0.0064 seconds total (157.4 hz, 0.14 ms behind)
[0mq_GtoI = 0.160,-0.987,-0.000,0.006 | p_IinG = 3.659,6.035,-3.027 | dist = 13.85 (meters)
bg = 0.0009,-0.0002,-0.0002 | ba = 0.1039,0.0324,0.1550
camera-imu timeoffset = 0.00188
cam0 intrinsics = 351.652,351.796,366.820,252.707 | -0.043,-0.004,0.006,-0.003
cam1 intrinsics = 352.385,352.515,346.732,270.206 | -0.039,-0.006,0.002,-0.000
cam0 extrinsics = 0.501,0.502,0.496,0.501 | -0.045,0.019,-0.043
cam1 extrinsics = 0.500,0.502,0.499,0.499 | 0.063,0.020,-0.042
[34m[TIME]: 0.0064 seconds total (157.4 hz, 0.15 ms behind)
[0mq_GtoI = 0.160,-0.987,-0.000,0.006 | p_IinG = 3.659,6.035,-3.027 | dist = 13.85 (meters)
bg = 0.0009,-0.0002,-0.0002 | ba = 0.1039,0.0324,0.1550
camera-imu timeoffset = 0.00188
cam0 intrinsics = 351.654,351.799,366.820,252.706 | -0.043,-0.004,0.006,-0.003
cam1 intrinsics = 352.384,352.514,346.733,270.205 | -0.039,-0.006,0.002,-0.000
cam0 extrinsics = 0.501,0.502,0.496,0.501 | -0.045,0.019,-0.043
cam1 extrinsics = 0.500,0.502,0.499,0.499 | 0.063,0.020,-0.042
[34m[TIME]: 0.0094 seconds total (106.1 hz, 0.16 ms behind)
[0mq_GtoI = 0.160,-0.987,-0.000,0.006 | p_IinG = 3.659,6.035,-3.027 | dist = 13.85 (meters)
bg = 0.0009,-0.0002,-0.0002 | ba = 0.1039,0.0324,0.1550
camera-imu timeoffset = 0.00188
cam0 intrinsics = 351.656,351.802,366.820,252.705 | -0.043,-0.004,0.006,-0.003
cam1 intrinsics = 352.383,352.513,346.734,270.203 | -0.039,-0.006,0.002,-0.000
cam0 extrinsics = 0.501,0.502,0.496,0.501 | -0.045,0.019,-0.043
cam1 extrinsics = 0.500,0.502,0.499,0.499 | 0.063,0.020,-0.042
[34m[TIME]: 0.0081 seconds total (123.3 hz, 0.17 ms behind)
[0mq_GtoI = 0.160,-0.987,-0.000,0.006 | p_IinG = 3.659,6.035,-3.027 | dist = 13.85 (meters)
bg = 0.0009,-0.0002,-0.0002 | ba = 0.1039,0.0324,0.1550
camera-imu timeoffset = 0.00188
cam0 intrinsics = 351.658,351.804,366.820,252.705 | -0.043,-0.004,0.006,-0.003
cam1 intrinsics = 352.382,352.512,346.735,270.202 | -0.039,-0.006,0.002,-0.000
cam0 extrinsics = 0.501,0.502,0.496,0.501 | -0.045,0.019,-0.043
cam1 extrinsics = 0.500,0.502,0.499,0.499 | 0.063,0.020,-0.042
[34m[TIME]: 0.0093 seconds total (107.7 hz, 0.18 ms behind)
[0mq_GtoI = 0.160,-0.987,-0.000,0.006 | p_IinG = 3.660,6.035,-3.027 | dist = 13.85 (meters)
bg = 0.0009,-0.0002,-0.0002 | ba = 0.1039,0.0324,0.1550
camera-imu timeoffset = 0.00188
cam0 intrinsics = 351.660,351.807,366.820,252.704 | -0.043,-0.004,0.006,-0.003
cam1 intrinsics = 352.381,352.510,346.735,270.200 | -0.039,-0.006,0.002,-0.000
cam0 extrinsics = 0.501,0.502,0.496,0.501 | -0.045,0.019,-0.043
cam1 extrinsics = 0.500,0.502,0.499,0.499 | 0.063,0.020,-0.042
[34m[TIME]: 0.0079 seconds total (126.4 hz, 0.19 ms behind)
[0mq_GtoI = 0.160,-0.987,-0.000,0.006 | p_IinG = 3.660,6.035,-3.027 | dist = 13.85 (meters)
bg = 0.0009,-0.0002,-0.0002 | ba = 0.1039,0.0324,0.1550
camera-imu timeoffset = 0.00188
cam0 intrinsics = 351.662,351.810,366.820,252.704 | -0.043,-0.004,0.006,-0.003
cam1 intrinsics = 352.380,352.509,346.736,270.199 | -0.039,-0.006,0.002,-0.000
cam0 extrinsics = 0.501,0.502,0.496,0.501 | -0.045,0.019,-0.043
cam1 extrinsics = 0.500,0.502,0.499,0.499 | 0.063,0.020,-0.042
[34m[TIME]: 0.0063 seconds total (159.6 hz, 0.20 ms behind)
[0mq_GtoI = 0.160,-0.987,-0.000,0.006 | p_IinG = 3.660,6.035,-3.027 | dist = 13.85 (meters)
bg = 0.0009,-0.0002,-0.0002 | ba = 0.1039,0.0324,0.1550
camera-imu timeoffset = 0.00188
cam0 intrinsics = 351.664,351.812,366.820,252.703 | -0.043,-0.004,0.006,-0.003
cam1 intrinsics = 352.379,352.508,346.737,270.197 | -0.039,-0.006,0.002,-0.000
cam0 extrinsics = 0.501,0.502,0.496,0.501 | -0.045,0.019,-0.043
cam1 extrinsics = 0.500,0.502,0.499,0.499 | 0.063,0.020,-0.042
[34m[TIME]: 0.0062 seconds total (161.4 hz, 0.21 ms behind)
[0mq_GtoI = 0.160,-0.987,-0.000,0.006 | p_IinG = 3.660,6.035,-3.027 | dist = 13.85 (meters)
bg = 0.0009,-0.0002,-0.0002 | ba = 0.1039,0.0325,0.1550
camera-imu timeoffset = 0.00188
cam0 intrinsics = 351.666,351.815,366.820,252.702 | -0.043,-0.004,0.006,-0.003
cam1 intrinsics = 352.378,352.507,346.737,270.196 | -0.039,-0.006,0.002,-0.000
cam0 extrinsics = 0.501,0.502,0.496,0.501 | -0.045,0.019,-0.043
cam1 extrinsics = 0.500,0.502,0.499,0.499 | 0.063,0.020,-0.042
[34m[TIME]: 0.0089 seconds total (112.6 hz, 0.22 ms behind)
[0mq_GtoI = 0.160,-0.987,-0.000,0.006 | p_IinG = 3.660,6.035,-3.027 | dist = 13.85 (meters)
bg = 0.0009,-0.0002,-0.0002 | ba = 0.1039,0.0325,0.1550
camera-imu timeoffset = 0.00188
cam0 intrinsics = 351.668,351.817,366.820,252.702 | -0.043,-0.004,0.006,-0.003
cam1 intrinsics = 352.377,352.505,346.738,270.194 | -0.039,-0.006,0.002,-0.000
cam0 extrinsics = 0.501,0.502,0.496,0.501 | -0.045,0.019,-0.043
cam1 extrinsics = 0.500,0.502,0.499,0.499 | 0.063,0.020,-0.042
[34m[TIME]: 0.0066 seconds total (151.9 hz, 0.23 ms behind)
[0mq_GtoI = 0.160,-0.987,-0.000,0.006 | p_IinG = 3.660,6.035,-3.027 | dist = 13.85 (meters)
bg = 0.0009,-0.0002,-0.0002 | ba = 0.1039,0.0325,0.1550
camera-imu timeoffset = 0.00188
cam0 intrinsics = 351.670,351.820,366.821,252.701 | -0.043,-0.004,0.006,-0.003
cam1 intrinsics = 352.376,352.504,346.739,270.193 | -0.039,-0.006,0.002,-0.000
cam0 extrinsics = 0.501,0.502,0.496,0.501 | -0.045,0.019,-0.043
cam1 extrinsics = 0.500,0.503,0.499,0.499 | 0.063,0.020,-0.042
[34m[TIME]: 0.0062 seconds total (161.5 hz, 0.24 ms behind)
[0mq_GtoI = 0.163,-0.987,0.005,0.002 | p_IinG = 3.659,6.036,-3.027 | dist = 13.85 (meters)
bg = 0.0009,-0.0002,-0.0002 | ba = 0.1039,0.0325,0.1550
camera-imu timeoffset = 0.00188
cam0 intrinsics = 351.672,351.822,366.821,252.701 | -0.043,-0.004,0.006,-0.003
cam1 intrinsics = 352.375,352.502,346.739,270.192 | -0.039,-0.006,0.002,-0.000
cam0 extrinsics = 0.501,0.502,0.496,0.501 | -0.045,0.019,-0.043
cam1 extrinsics = 0.500,0.503,0.499,0.499 | 0.063,0.020,-0.042
[34m[TIME]: 0.0081 seconds total (123.1 hz, 0.00 ms behind)
[0mq_GtoI = -0.170,0.985,-0.009,0.006 | p_IinG = 3.658,6.037,-3.024 | dist = 13.85 (meters)
bg = 0.0009,-0.0002,-0.0002 | ba = 0.1039,0.0325,0.1550
camera-imu timeoffset = 0.00188
cam0 intrinsics = 351.673,351.823,366.821,252.699 | -0.043,-0.004,0.006,-0.003
cam1 intrinsics = 352.373,352.499,346.740,270.190 | -0.039,-0.006,0.002,-0.000
cam0 extrinsics = 0.501,0.502,0.496,0.501 | -0.045,0.019,-0.043
cam1 extrinsics = 0.500,0.503,0.499,0.499 | 0.063,0.020,-0.042
[34m[TIME]: 0.0065 seconds total (152.9 hz, 0.01 ms behind)
[0mq_GtoI = -0.179,0.984,-0.012,0.007 | p_IinG = 3.657,6.040,-3.013 | dist = 13.86 (meters)
bg = 0.0009,-0.0002,-0.0002 | ba = 0.1039,0.0325,0.1549
camera-imu timeoffset = 0.00188
cam0 intrinsics = 351.675,351.823,366.822,252.700 | -0.043,-0.004,0.006,-0.003
cam1 intrinsics = 352.373,352.497,346.741,270.190 | -0.039,-0.006,0.002,-0.000
cam0 extrinsics = 0.501,0.502,0.496,0.501 | -0.045,0.019,-0.043
cam1 extrinsics = 0.500,0.503,0.499,0.499 | 0.063,0.020,-0.042
[34m[TIME]: 0.0062 seconds total (162.0 hz, 0.02 ms behind)
[0mq_GtoI = -0.186,0.982,-0.018,0.000 | p_IinG = 3.657,6.046,-2.993 | dist = 13.88 (meters)
bg = 0.0009,-0.0002,-0.0002 | ba = 0.1040,0.0325,0.1550
camera-imu timeoffset = 0.00188
cam0 intrinsics = 351.675,351.816,366.823,252.715 | -0.043,-0.004,0.006,-0.003
cam1 intrinsics = 352.371,352.487,346.740,270.204 | -0.039,-0.006,0.002,-0.000
cam0 extrinsics = 0.501,0.502,0.496,0.501 | -0.045,0.019,-0.043
cam1 extrinsics = 0.500,0.502,0.499,0.499 | 0.063,0.019,-0.042
[34m[TIME]: 0.0093 seconds total (107.6 hz, 0.03 ms behind)
[0mq_GtoI = 0.195,-0.981,0.023,0.006 | p_IinG = 3.655,6.056,-2.970 | dist = 13.91 (meters)
bg = 0.0009,-0.0002,-0.0002 | ba = 0.1040,0.0325,0.1550
camera-imu timeoffset = 0.00188
cam0 intrinsics = 351.671,351.819,366.820,252.725 | -0.043,-0.004,0.006,-0.003
cam1 intrinsics = 352.369,352.489,346.736,270.213 | -0.039,-0.006,0.002,-0.000
cam0 extrinsics = 0.501,0.502,0.496,0.501 | -0.045,0.019,-0.043
cam1 extrinsics = 0.500,0.502,0.499,0.499 | 0.063,0.019,-0.042
[34m[TIME]: 0.0076 seconds total (132.4 hz, 0.05 ms behind)
[0mq_GtoI = 0.205,-0.978,0.027,0.005 | p_IinG = 3.649,6.069,-2.945 | dist = 13.94 (meters)
bg = 0.0009,-0.0002,-0.0002 | ba = 0.1040,0.0325,0.1550
camera-imu timeoffset = 0.00188
cam0 intrinsics = 351.663,351.813,366.821,252.726 | -0.043,-0.003,0.006,-0.003
cam1 intrinsics = 352.367,352.487,346.732,270.216 | -0.039,-0.006,0.002,-0.000
cam0 extrinsics = 0.501,0.502,0.496,0.501 | -0.045,0.019,-0.043
cam1 extrinsics = 0.500,0.503,0.499,0.499 | 0.063,0.019,-0.042
[34m[TIME]: 0.0096 seconds total (104.6 hz, 0.06 ms behind)
[0mq_GtoI = -0.214,0.976,-0.031,0.001 | p_IinG = 3.639,6.086,-2.920 | dist = 13.97 (meters)
bg = 0.0009,-0.0002,-0.0002 | ba = 0.1041,0.0325,0.1549
camera-imu timeoffset = 0.00188
cam0 intrinsics = 351.656,351.801,366.831,252.728 | -0.043,-0.003,0.006,-0.003
cam1 intrinsics = 352.362,352.479,346.736,270.228 | -0.039,-0.006,0.002,-0.000
cam0 extrinsics = 0.501,0.502,0.496,0.501 | -0.045,0.019,-0.043
cam1 extrinsics = 0.500,0.503,0.499,0.499 | 0.063,0.019,-0.042
[34m[TIME]: 0.0108 seconds total (92.7 hz, 0.07 ms behind)
[0mq_GtoI = -0.219,0.975,-0.039,0.006 | p_IinG = 3.625,6.109,-2.894 | dist = 14.01 (meters)
bg = 0.0009,-0.0002,-0.0002 | ba = 0.1041,0.0325,0.1549
camera-imu timeoffset = 0.00188
cam0 intrinsics = 351.651,351.800,366.833,252.728 | -0.043,-0.003,0.006,-0.003
cam1 intrinsics = 352.361,352.478,346.732,270.229 | -0.039,-0.006,0.002,-0.000
cam0 extrinsics = 0.501,0.502,0.496,0.501 | -0.046,0.019,-0.043
cam1 extrinsics = 0.500,0.503,0.499,0.499 | 0.063,0.019,-0.042
[34m[TIME]: 0.0099 seconds total (101.1 hz, 0.08 ms behind)
[0mq_GtoI = -0.218,0.975,-0.049,0.009 | p_IinG = 3.607,6.140,-2.866 | dist = 14.05 (meters)
bg = 0.0009,-0.0001,-0.0002 | ba = 0.1042,0.0325,0.1549
camera-imu timeoffset = 0.00188
cam0 intrinsics = 351.649,351.778,366.842,252.747 | -0.043,-0.003,0.006,-0.003
cam1 intrinsics = 352.364,352.460,346.732,270.249 | -0.039,-0.006,0.002,-0.000
cam0 extrinsics = 0.501,0.502,0.496,0.501 | -0.046,0.019,-0.043
cam1 extrinsics = 0.500,0.503,0.499,0.499 | 0.063,0.019,-0.042
[34m[TIME]: 0.0086 seconds total (115.7 hz, 0.09 ms behind)
[0mq_GtoI = -0.213,0.975,-0.056,0.010 | p_IinG = 3.587,6.176,-2.837 | dist = 14.11 (meters)
bg = 0.0009,-0.0001,-0.0002 | ba = 0.1042,0.0325,0.1549
camera-imu timeoffset = 0.00188
cam0 intrinsics = 351.639,351.767,366.833,252.747 | -0.043,-0.003,0.006,-0.003
cam1 intrinsics = 352.363,352.453,346.721,270.249 | -0.039,-0.006,0.002,-0.000
cam0 extrinsics = 0.501,0.502,0.496,0.501 | -0.046,0.019,-0.043
cam1 extrinsics = 0.500,0.503,0.499,0.499 | 0.063,0.019,-0.042
[34m[TIME]: 0.0085 seconds total (117.8 hz, 0.10 ms behind)
[0mq_GtoI = -0.206,0.977,-0.060,0.005 | p_IinG = 3.565,6.218,-2.807 | dist = 14.16 (meters)
bg = 0.0009,-0.0001,-0.0002 | ba = 0.1042,0.0326,0.1549
camera-imu timeoffset = 0.00188
cam0 intrinsics = 351.630,351.752,366.820,252.746 | -0.043,-0.004,0.006,-0.003
cam1 intrinsics = 352.369,352.449,346.703,270.252 | -0.039,-0.005,0.002,-0.000
cam0 extrinsics = 0.501,0.502,0.496,0.501 | -0.046,0.019,-0.043
cam1 extrinsics = 0.500,0.503,0.499,0.499 | 0.063,0.019,-0.042
[34m[TIME]: 0.0081 seconds total (123.9 hz, 0.11 ms behind)
[0mq_GtoI = 0.197,-0.978,0.065,0.000 | p_IinG = 3.541,6.267,-2.777 | dist = 14.23 (meters)
bg = 0.0009,-0.0001,-0.0002 | ba = 0.1043,0.0327,0.1549
camera-imu timeoffset = 0.00187
cam0 intrinsics = 351.615,351.762,366.811,252.757 | -0.043,-0.004,0.006,-0.003
cam1 intrinsics = 352.375,352.473,346.685,270.261 | -0.039,-0.005,0.002,-0.000
cam0 extrinsics = 0.501,0.502,0.496,0.501 | -0.046,0.019,-0.043
cam1 extrinsics = 0.500,0.503,0.499,0.499 | 0.063,0.019,-0.042
[34m[TIME]: 0.0069 seconds total (144.1 hz, 0.12 ms behind)
[0mq_GtoI = 0.187,-0.980,0.069,0.005 | p_IinG = 3.513,6.320,-2.749 | dist = 14.29 (meters)
bg = 0.0009,-0.0001,-0.0002 | ba = 0.1043,0.0328,0.1549
camera-imu timeoffset = 0.00187
cam0 intrinsics = 351.613,351.764,366.803,252.758 | -0.043,-0.004,0.006,-0.003
cam1 intrinsics = 352.375,352.476,346.674,270.258 | -0.039,-0.005,0.002,-0.000
cam0 extrinsics = 0.501,0.502,0.496,0.501 | -0.045,0.019,-0.043
cam1 extrinsics = 0.500,0.503,0.499,0.499 | 0.063,0.019,-0.042
[34m[TIME]: 0.0059 seconds total (170.6 hz, 0.13 ms behind)
[0mq_GtoI = 0.176,-0.982,0.072,0.005 | p_IinG = 3.483,6.377,-2.723 | dist = 14.36 (meters)
bg = 0.0009,-0.0001,-0.0002 | ba = 0.1043,0.0329,0.1549
camera-imu timeoffset = 0.00187
cam0 intrinsics = 351.614,351.767,366.804,252.800 | -0.043,-0.004,0.006,-0.003
cam1 intrinsics = 352.380,352.480,346.685,270.285 | -0.039,-0.005,0.002,-0.000
cam0 extrinsics = 0.501,0.502,0.496,0.501 | -0.045,0.019,-0.043
cam1 extrinsics = 0.500,0.503,0.499,0.499 | 0.063,0.019,-0.042
[34m[TIME]: 0.0091 seconds total (110.3 hz, 0.14 ms behind)
[0mq_GtoI = 0.165,-0.984,0.074,0.004 | p_IinG = 3.451,6.438,-2.697 | dist = 14.44 (meters)
bg = 0.0009,-0.0001,-0.0002 | ba = 0.1043,0.0329,0.1548
camera-imu timeoffset = 0.00187
cam0 intrinsics = 351.615,351.756,366.811,252.809 | -0.043,-0.004,0.006,-0.003
cam1 intrinsics = 352.384,352.472,346.688,270.292 | -0.039,-0.005,0.002,-0.000
cam0 extrinsics = 0.501,0.502,0.496,0.501 | -0.045,0.019,-0.043
cam1 extrinsics = 0.500,0.503,0.499,0.499 | 0.063,0.019,-0.042
[34m[TIME]: 0.0074 seconds total (135.8 hz, 0.15 ms behind)
[0mq_GtoI = 0.152,-0.986,0.070,0.005 | p_IinG = 3.420,6.502,-2.671 | dist = 14.51 (meters)
bg = 0.0009,-0.0001,-0.0002 | ba = 0.1042,0.0329,0.1548
camera-imu timeoffset = 0.00187
cam0 intrinsics = 351.616,351.760,366.814,252.810 | -0.043,-0.004,0.006,-0.003
cam1 intrinsics = 352.385,352.477,346.702,270.297 | -0.039,-0.005,0.002,-0.000
cam0 extrinsics = 0.501,0.502,0.496,0.501 | -0.045,0.019,-0.043
cam1 extrinsics = 0.500,0.503,0.499,0.499 | 0.063,0.019,-0.042
[34m[TIME]: 0.0100 seconds total (100.2 hz, 0.16 ms behind)
[0mq_GtoI = 0.139,-0.988,0.060,0.010 | p_IinG = 3.392,6.570,-2.646 | dist = 14.59 (meters)
bg = 0.0009,-0.0001,-0.0002 | ba = 0.1042,0.0329,0.1548
camera-imu timeoffset = 0.00187
cam0 intrinsics = 351.622,351.740,366.830,252.844 | -0.043,-0.004,0.006,-0.003
cam1 intrinsics = 352.394,352.461,346.731,270.332 | -0.039,-0.005,0.002,-0.000
cam0 extrinsics = 0.501,0.502,0.496,0.501 | -0.045,0.019,-0.043
cam1 extrinsics = 0.500,0.503,0.499,0.499 | 0.063,0.019,-0.042
[34m[TIME]: 0.0074 seconds total (135.9 hz, 0.17 ms behind)
[0mq_GtoI = 0.121,-0.991,0.049,0.016 | p_IinG = 3.365,6.641,-2.621 | dist = 14.67 (meters)
bg = 0.0009,-0.0001,-0.0003 | ba = 0.1040,0.0330,0.1548
camera-imu timeoffset = 0.00187
cam0 intrinsics = 351.631,351.717,366.871,252.896 | -0.043,-0.004,0.005,-0.003
cam1 intrinsics = 352.408,352.442,346.784,270.388 | -0.039,-0.005,0.002,-0.000
cam0 extrinsics = 0.500,0.502,0.496,0.501 | -0.045,0.019,-0.043
cam1 extrinsics = 0.500,0.503,0.499,0.499 | 0.063,0.019,-0.042
[34m[TIME]: 0.0074 seconds total (135.5 hz, 0.18 ms behind)
[0mq_GtoI = 0.100,-0.994,0.040,0.023 | p_IinG = 3.338,6.715,-2.598 | dist = 14.75 (meters)
bg = 0.0009,-0.0001,-0.0003 | ba = 0.1038,0.0330,0.1548
camera-imu timeoffset = 0.00187
cam0 intrinsics = 351.634,351.697,366.907,252.938 | -0.043,-0.004,0.005,-0.003
cam1 intrinsics = 352.415,352.423,346.822,270.436 | -0.039,-0.005,0.001,-0.000
cam0 extrinsics = 0.500,0.502,0.496,0.501 | -0.046,0.019,-0.043
cam1 extrinsics = 0.500,0.503,0.499,0.499 | 0.063,0.019,-0.042
[34m[TIME]: 0.0083 seconds total (121.1 hz, 0.19 ms behind)
[0mq_GtoI = 0.075,-0.996,0.034,0.028 | p_IinG = 3.311,6.790,-2.577 | dist = 14.83 (meters)
bg = 0.0009,-0.0001,-0.0003 | ba = 0.1036,0.0331,0.1548
camera-imu timeoffset = 0.00188
cam0 intrinsics = 351.639,351.662,366.947,252.975 | -0.043,-0.004,0.005,-0.002
cam1 intrinsics = 352.424,352.389,346.860,270.477 | -0.039,-0.005,0.001,-0.000
cam0 extrinsics = 0.500,0.502,0.496,0.501 | -0.046,0.019,-0.043
cam1 extrinsics = 0.500,0.503,0.499,0.499 | 0.063,0.019,-0.042
[34m[TIME]: 0.0069 seconds total (144.3 hz, 0.20 ms behind)
[0mq_GtoI = 0.046,-0.998,0.030,0.029 | p_IinG = 3.285,6.867,-2.559 | dist = 14.92 (meters)
bg = 0.0009,-0.0001,-0.0003 | ba = 0.1035,0.0332,0.1548
camera-imu timeoffset = 0.00188
cam0 intrinsics = 351.645,351.633,366.978,253.008 | -0.042,-0.004,0.005,-0.002
cam1 intrinsics = 352.433,352.360,346.885,270.514 | -0.039,-0.005,0.001,0.000
cam0 extrinsics = 0.500,0.502,0.496,0.501 | -0.045,0.019,-0.043
cam1 extrinsics = 0.500,0.503,0.499,0.499 | 0.063,0.019,-0.042
[34m[TIME]: 0.0086 seconds total (115.8 hz, 0.21 ms behind)
[0mq_GtoI = 0.012,-0.999,0.028,0.027 | p_IinG = 3.259,6.944,-2.545 | dist = 15.00 (meters)
bg = 0.0009,-0.0001,-0.0003 | ba = 0.1036,0.0332,0.1548
camera-imu timeoffset = 0.00188
cam0 intrinsics = 351.633,351.622,366.974,252.995 | -0.042,-0.004,0.005,-0.002
cam1 intrinsics = 352.431,352.358,346.879,270.504 | -0.039,-0.005,0.001,0.000
cam0 extrinsics = 0.500,0.502,0.496,0.501 | -0.045,0.019,-0.043
cam1 extrinsics = 0.500,0.503,0.499,0.499 | 0.063,0.019,-0.042
[34m[TIME]: 0.0085 seconds total (118.2 hz, 0.22 ms behind)
[0mq_GtoI = -0.025,-0.999,0.029,0.022 | p_IinG = 3.234,7.021,-2.534 | dist = 15.08 (meters)
bg = 0.0009,-0.0001,-0.0003 | ba = 0.1037,0.0335,0.1547
camera-imu timeoffset = 0.00188
cam0 intrinsics = 351.633,351.597,367.010,252.990 | -0.042,-0.004,0.005,-0.002
cam1 intrinsics = 352.431,352.330,346.906,270.503 | -0.039,-0.005,0.001,0.000
cam0 extrinsics = 0.500,0.502,0.496,0.501 | -0.045,0.019,-0.043
cam1 extrinsics = 0.499,0.503,0.499,0.499 | 0.063,0.019,-0.042
[34m[TIME]: 0.0109 seconds total (91.7 hz, 0.23 ms behind)
[0mq_GtoI = -0.064,-0.997,0.034,0.017 | p_IinG = 3.213,7.099,-2.525 | dist = 15.16 (meters)
bg = 0.0009,-0.0001,-0.0003 | ba = 0.1037,0.0334,0.1547
camera-imu timeoffset = 0.00188
cam0 intrinsics = 351.636,351.598,367.019,253.007 | -0.042,-0.004,0.005,-0.002
cam1 intrinsics = 352.432,352.329,346.910,270.521 | -0.039,-0.005,0.001,0.000
cam0 extrinsics = 0.500,0.502,0.496,0.501 | -0.045,0.019,-0.043
cam1 extrinsics = 0.499,0.503,0.499,0.499 | 0.063,0.019,-0.042
[34m[TIME]: 0.0071 seconds total (140.3 hz, 0.25 ms behind)
[0mq_GtoI = -0.104,-0.994,0.043,0.013 | p_IinG = 3.195,7.177,-2.520 | dist = 15.24 (meters)
bg = 0.0009,-0.0001,-0.0003 | ba = 0.1038,0.0334,0.1547
camera-imu timeoffset = 0.00188
cam0 intrinsics = 351.627,351.595,367.034,252.996 | -0.042,-0.004,0.005,-0.002
cam1 intrinsics = 352.423,352.325,346.920,270.513 | -0.039,-0.006,0.001,0.000
cam0 extrinsics = 0.500,0.502,0.496,0.501 | -0.045,0.019,-0.043
cam1 extrinsics = 0.499,0.503,0.499,0.499 | 0.063,0.019,-0.042
[34m[TIME]: 0.0107 seconds total (93.4 hz, 0.00 ms behind)
[0mq_GtoI = -0.144,-0.988,0.049,0.010 | p_IinG = 3.179,7.253,-2.517 | dist = 15.32 (meters)
bg = 0.0009,-0.0001,-0.0003 | ba = 0.1038,0.0334,0.1547
camera-imu timeoffset = 0.00188
cam0 intrinsics = 351.629,351.598,367.056,253.001 | -0.042,-0.004,0.005,-0.002
cam1 intrinsics = 352.427,352.328,346.928,270.524 | -0.039,-0.005,0.001,0.000
cam0 extrinsics = 0.500,0.502,0.496,0.501 | -0.045,0.018,-0.043
cam1 extrinsics = 0.499,0.503,0.499,0.499 | 0.063,0.019,-0.042
[34m[TIME]: 0.0092 seconds total (108.4 hz, 0.01 ms behind)
[0mq_GtoI = -0.182,-0.982,0.055,0.007 | p_IinG = 3.164,7.329,-2.516 | dist = 15.40 (meters)
bg = 0.0009,-0.0001,-0.0003 | ba = 0.1039,0.0334,0.1547
camera-imu timeoffset = 0.00189
cam0 intrinsics = 351.636,351.612,367.072,253.020 | -0.042,-0.004,0.005,-0.002
cam1 intrinsics = 352.433,352.343,346.948,270.544 | -0.039,-0.005,0.001,0.000
cam0 extrinsics = 0.500,0.502,0.496,0.501 | -0.045,0.018,-0.043
cam1 extrinsics = 0.499,0.503,0.499,0.499 | 0.063,0.019,-0.042
[34m[TIME]: 0.0100 seconds total (100.2 hz, 0.02 ms behind)
[0mq_GtoI = -0.219,-0.974,0.059,0.003 | p_IinG = 3.151,7.406,-2.516 | dist = 15.48 (meters)
bg = 0.0009,-0.0001,-0.0003 | ba = 0.1039,0.0333,0.1547
camera-imu timeoffset = 0.00189
cam0 intrinsics = 351.639,351.611,367.082,253.019 | -0.042,-0.004,0.005,-0.002
cam1 intrinsics = 352.432,352.340,346.967,270.543 | -0.039,-0.006,0.001,0.000
cam0 extrinsics = 0.500,0.502,0.496,0.501 | -0.045,0.018,-0.043
cam1 extrinsics = 0.499,0.503,0.499,0.499 | 0.063,0.019,-0.042
[34m[TIME]: 0.0060 seconds total (166.5 hz, 0.04 ms behind)
[0mq_GtoI = -0.257,-0.964,0.062,0.001 | p_IinG = 3.139,7.484,-2.517 | dist = 15.56 (meters)
bg = 0.0009,-0.0001,-0.0003 | ba = 0.1039,0.0333,0.1547
camera-imu timeoffset = 0.00189
cam0 intrinsics = 351.640,351.615,367.069,253.019 | -0.042,-0.004,0.005,-0.002
cam1 intrinsics = 352.429,352.341,346.960,270.543 | -0.039,-0.006,0.001,0.000
cam0 extrinsics = 0.500,0.502,0.496,0.501 | -0.045,0.018,-0.043
cam1 extrinsics = 0.499,0.503,0.499,0.499 | 0.063,0.019,-0.042
[34m[TIME]: 0.0053 seconds total (187.0 hz, 0.04 ms behind)
[0mq_GtoI = 0.298,0.953,-0.059,0.001 | p_IinG = 3.130,7.565,-2.516 | dist = 15.64 (meters)
bg = 0.0009,-0.0001,-0.0003 | ba = 0.1040,0.0333,0.1547
camera-imu timeoffset = 0.00189
cam0 intrinsics = 351.645,351.624,367.060,253.021 | -0.042,-0.004,0.005,-0.002
cam1 intrinsics = 352.436,352.352,346.956,270.548 | -0.039,-0.005,0.001,0.000
cam0 extrinsics = 0.500,0.502,0.496,0.501 | -0.045,0.018,-0.043
cam1 extrinsics = 0.499,0.503,0.499,0.499 | 0.063,0.019,-0.042
[34m[TIME]: 0.0066 seconds total (150.6 hz, 0.06 ms behind)
[0mq_GtoI = 0.339,0.940,-0.049,0.000 | p_IinG = 3.125,7.647,-2.513 | dist = 15.72 (meters)
bg = 0.0009,-0.0001,-0.0003 | ba = 0.1041,0.0338,0.1547
camera-imu timeoffset = 0.00189
cam0 intrinsics = 351.653,351.648,367.069,253.075 | -0.042,-0.004,0.005,-0.002
cam1 intrinsics = 352.444,352.377,346.953,270.606 | -0.039,-0.005,0.001,0.000
cam0 extrinsics = 0.500,0.502,0.496,0.501 | -0.045,0.018,-0.043
cam1 extrinsics = 0.499,0.503,0.499,0.499 | 0.063,0.019,-0.042
[34m[TIME]: 0.0116 seconds total (86.0 hz, 0.07 ms behind)
[0mq_GtoI = -0.376,-0.926,0.041,0.001 | p_IinG = 3.124,7.731,-2.506 | dist = 15.80 (meters)
bg = 0.0009,-0.0001,-0.0003 | ba = 0.1041,0.0340,0.1547
camera-imu timeoffset = 0.00189
cam0 intrinsics = 351.656,351.653,367.064,253.075 | -0.042,-0.004,0.005,-0.002
cam1 intrinsics = 352.444,352.380,346.953,270.607 | -0.039,-0.006,0.001,0.000
cam0 extrinsics = 0.500,0.502,0.496,0.501 | -0.045,0.018,-0.043
cam1 extrinsics = 0.499,0.503,0.499,0.499 | 0.063,0.019,-0.042
[34m[TIME]: 0.0062 seconds total (161.4 hz, 0.08 ms behind)
[0mq_GtoI = -0.409,-0.912,0.031,0.004 | p_IinG = 3.127,7.815,-2.495 | dist = 15.89 (meters)
bg = 0.0009,-0.0001,-0.0003 | ba = 0.1040,0.0341,0.1547
camera-imu timeoffset = 0.00189
cam0 intrinsics = 351.654,351.649,367.066,253.090 | -0.042,-0.004,0.005,-0.002
cam1 intrinsics = 352.443,352.378,346.954,270.622 | -0.039,-0.006,0.001,0.000
cam0 extrinsics = 0.500,0.502,0.496,0.501 | -0.045,0.018,-0.043
cam1 extrinsics = 0.499,0.503,0.499,0.499 | 0.064,0.018,-0.042
[34m[TIME]: 0.0064 seconds total (157.4 hz, 0.09 ms behind)
[0mq_GtoI = -0.439,-0.898,0.021,0.011 | p_IinG = 3.132,7.898,-2.484 | dist = 15.97 (meters)
bg = 0.0009,-0.0001,-0.0003 | ba = 0.1041,0.0343,0.1547
camera-imu timeoffset = 0.00189
cam0 intrinsics = 351.643,351.632,367.065,253.094 | -0.042,-0.004,0.005,-0.002
cam1 intrinsics = 352.433,352.363,346.955,270.630 | -0.039,-0.006,0.001,0.000
cam0 extrinsics = 0.500,0.503,0.496,0.501 | -0.045,0.018,-0.043
cam1 extrinsics = 0.499,0.503,0.499,0.499 | 0.064,0.018,-0.042
[34m[TIME]: 0.0090 seconds total (110.9 hz, 0.10 ms behind)
[0mq_GtoI = -0.469,-0.883,0.012,0.011 | p_IinG = 3.140,7.980,-2.472 | dist = 16.06 (meters)
bg = 0.0009,-0.0001,-0.0003 | ba = 0.1040,0.0346,0.1547
camera-imu timeoffset = 0.00189
cam0 intrinsics = 351.636,351.623,367.074,253.111 | -0.042,-0.004,0.005,-0.002
cam1 intrinsics = 352.428,352.355,346.959,270.652 | -0.039,-0.006,0.001,0.000
cam0 extrinsics = 0.500,0.503,0.496,0.501 | -0.045,0.018,-0.043
cam1 extrinsics = 0.499,0.503,0.499,0.499 | 0.064,0.018,-0.042
[34m[TIME]: 0.0074 seconds total (135.6 hz, 0.11 ms behind)
[0mq_GtoI = -0.496,-0.868,0.005,0.008 | p_IinG = 3.149,8.063,-2.464 | dist = 16.14 (meters)
bg = 0.0009,-0.0001,-0.0003 | ba = 0.1039,0.0347,0.1547
camera-imu timeoffset = 0.00188
cam0 intrinsics = 351.639,351.619,367.109,253.111 | -0.042,-0.004,0.005,-0.002
cam1 intrinsics = 352.427,352.350,346.986,270.648 | -0.039,-0.006,0.001,0.000
cam0 extrinsics = 0.500,0.503,0.496,0.501 | -0.045,0.018,-0.043
cam1 extrinsics = 0.499,0.503,0.499,0.499 | 0.064,0.018,-0.042
[34m[TIME]: 0.0053 seconds total (187.8 hz, 0.12 ms behind)
[0mq_GtoI = -0.521,-0.854,-0.000,0.005 | p_IinG = 3.156,8.144,-2.458 | dist = 16.22 (meters)
bg = 0.0009,-0.0000,-0.0003 | ba = 0.1040,0.0354,0.1547
camera-imu timeoffset = 0.00188
cam0 intrinsics = 351.605,351.572,367.143,253.142 | -0.042,-0.004,0.005,-0.002
cam1 intrinsics = 352.405,352.315,347.020,270.685 | -0.039,-0.006,0.001,0.000
cam0 extrinsics = 0.500,0.503,0.496,0.501 | -0.044,0.018,-0.043
cam1 extrinsics = 0.499,0.503,0.499,0.499 | 0.064,0.018,-0.042
[34m[TIME]: 0.0061 seconds total (163.0 hz, 0.13 ms behind)
[0mq_GtoI = -0.542,-0.841,-0.002,0.004 | p_IinG = 3.165,8.225,-2.455 | dist = 16.30 (meters)
bg = 0.0008,-0.0000,-0.0003 | ba = 0.1038,0.0366,0.1548
camera-imu timeoffset = 0.00188
cam0 intrinsics = 351.605,351.591,367.151,253.132 | -0.042,-0.004,0.005,-0.002
cam1 intrinsics = 352.413,352.339,347.020,270.673 | -0.039,-0.005,0.001,0.000
cam0 extrinsics = 0.500,0.503,0.496,0.501 | -0.044,0.018,-0.043
cam1 extrinsics = 0.499,0.503,0.499,0.499 | 0.064,0.019,-0.042
[34m[TIME]: 0.0115 seconds total (86.9 hz, 0.14 ms behind)
[0mq_GtoI = -0.558,-0.830,-0.006,0.003 | p_IinG = 3.175,8.302,-2.453 | dist = 16.38 (meters)
bg = 0.0008,-0.0000,-0.0003 | ba = 0.1038,0.0368,0.1548
camera-imu timeoffset = 0.00188
cam0 intrinsics = 351.601,351.586,367.163,253.136 | -0.042,-0.004,0.005,-0.002
cam1 intrinsics = 352.411,352.334,347.034,270.676 | -0.039,-0.005,0.001,0.000
cam0 extrinsics = 0.500,0.503,0.496,0.501 | -0.044,0.018,-0.043
cam1 extrinsics = 0.499,0.503,0.499,0.499 | 0.064,0.019,-0.042
[34m[TIME]: 0.0048 seconds total (209.3 hz, 0.15 ms behind)
[0mq_GtoI = -0.569,-0.822,-0.004,0.006 | p_IinG = 3.184,8.377,-2.451 | dist = 16.45 (meters)
bg = 0.0008,-0.0000,-0.0003 | ba = 0.1038,0.0371,0.1548
camera-imu timeoffset = 0.00189
cam0 intrinsics = 351.601,351.592,367.179,253.108 | -0.042,-0.004,0.005,-0.002
cam1 intrinsics = 352.413,352.346,347.062,270.652 | -0.039,-0.005,0.001,0.000
cam0 extrinsics = 0.500,0.503,0.496,0.501 | -0.044,0.018,-0.043
cam1 extrinsics = 0.499,0.503,0.499,0.499 | 0.064,0.019,-0.042
[34m[TIME]: 0.0069 seconds total (145.0 hz, 0.16 ms behind)
[0mq_GtoI = -0.579,-0.816,-0.001,0.011 | p_IinG = 3.191,8.451,-2.445 | dist = 16.53 (meters)
bg = 0.0008,-0.0000,-0.0003 | ba = 0.1033,0.0371,0.1548
camera-imu timeoffset = 0.00189
cam0 intrinsics = 351.628,351.595,367.307,253.171 | -0.042,-0.004,0.005,-0.002
cam1 intrinsics = 352.428,352.354,347.130,270.692 | -0.039,-0.005,0.001,0.000
cam0 extrinsics = 0.500,0.503,0.496,0.501 | -0.044,0.018,-0.043
cam1 extrinsics = 0.499,0.503,0.499,0.499 | 0.065,0.019,-0.042
[34m[TIME]: 0.0065 seconds total (154.6 hz, 0.17 ms behind)
[0mq_GtoI = -0.583,-0.812,0.000,0.013 | p_IinG = 3.191,8.523,-2.436 | dist = 16.60 (meters)
bg = 0.0008,0.0000,-0.0003 | ba = 0.1033,0.0378,0.1548
camera-imu timeoffset = 0.00189
cam0 intrinsics = 351.622,351.606,367.318,253.137 | -0.042,-0.004,0.005,-0.002
cam1 intrinsics = 352.421,352.366,347.135,270.662 | -0.039,-0.005,0.001,0.000
cam0 extrinsics = 0.500,0.503,0.496,0.501 | -0.044,0.018,-0.043
cam1 extrinsics = 0.499,0.503,0.499,0.499 | 0.065,0.019,-0.042
[34m[TIME]: 0.0094 seconds total (106.9 hz, 0.18 ms behind)
[0mq_GtoI = -0.586,-0.811,-0.001,0.010 | p_IinG = 3.189,8.597,-2.425 | dist = 16.67 (meters)
bg = 0.0008,0.0000,-0.0003 | ba = 0.1031,0.0385,0.1549
camera-imu timeoffset = 0.00189
cam0 intrinsics = 351.612,351.588,367.358,253.131 | -0.042,-0.004,0.005,-0.002
cam1 intrinsics = 352.418,352.362,347.157,270.662 | -0.039,-0.006,0.001,0.000
cam0 extrinsics = 0.500,0.503,0.496,0.501 | -0.044,0.018,-0.043
cam1 extrinsics = 0.499,0.503,0.499,0.499 | 0.065,0.019,-0.042
[34m[TIME]: 0.0095 seconds total (105.6 hz, 0.19 ms behind)
[0mq_GtoI = -0.587,-0.810,-0.004,0.003 | p_IinG = 3.185,8.669,-2.416 | dist = 16.74 (meters)
bg = 0.0008,0.0000,-0.0003 | ba = 0.1032,0.0390,0.1549
camera-imu timeoffset = 0.00189
cam0 intrinsics = 351.624,351.603,367.370,253.099 | -0.042,-0.004,0.005,-0.002
cam1 intrinsics = 352.431,352.377,347.164,270.630 | -0.039,-0.006,0.001,0.000
cam0 extrinsics = 0.500,0.503,0.496,0.501 | -0.044,0.018,-0.043
cam1 extrinsics = 0.499,0.503,0.499,0.499 | 0.065,0.019,-0.042
[34m[TIME]: 0.0106 seconds total (94.5 hz, 0.20 ms behind)
[0mq_GtoI = 0.589,0.808,0.001,0.007 | p_IinG = 3.181,8.744,-2.408 | dist = 16.82 (meters)
bg = 0.0008,0.0000,-0.0003 | ba = 0.1031,0.0391,0.1549
camera-imu timeoffset = 0.00189
cam0 intrinsics = 351.623,351.591,367.407,253.093 | -0.042,-0.004,0.005,-0.002
cam1 intrinsics = 352.436,352.369,347.181,270.627 | -0.039,-0.006,0.001,0.000
cam0 extrinsics = 0.500,0.503,0.496,0.501 | -0.044,0.018,-0.043
cam1 extrinsics = 0.499,0.503,0.499,0.499 | 0.065,0.019,-0.042
[34m[TIME]: 0.0083 seconds total (120.9 hz, 0.21 ms behind)
[0mq_GtoI = 0.592,0.806,-0.005,0.012 | p_IinG = 3.179,8.819,-2.404 | dist = 16.89 (meters)
bg = 0.0008,0.0000,-0.0003 | ba = 0.1030,0.0391,0.1549
camera-imu timeoffset = 0.00189
cam0 intrinsics = 351.623,351.586,367.443,253.084 | -0.042,-0.004,0.005,-0.002
cam1 intrinsics = 352.434,352.367,347.186,270.626 | -0.039,-0.006,0.001,0.000
cam0 extrinsics = 0.500,0.503,0.496,0.501 | -0.044,0.018,-0.043
cam1 extrinsics = 0.499,0.503,0.499,0.499 | 0.065,0.019,-0.042
[34m[TIME]: 0.0139 seconds total (71.7 hz, 0.22 ms behind)
[0mq_GtoI = 0.597,0.803,-0.002,0.006 | p_IinG = 3.178,8.893,-2.404 | dist = 16.97 (meters)
bg = 0.0008,0.0000,-0.0003 | ba = 0.1030,0.0390,0.1549
camera-imu timeoffset = 0.00189
cam0 intrinsics = 351.620,351.579,367.479,253.080 | -0.042,-0.004,0.005,-0.002
cam1 intrinsics = 352.434,352.361,347.206,270.628 | -0.039,-0.006,0.001,0.000
cam0 extrinsics = 0.500,0.503,0.496,0.501 | -0.044,0.018,-0.043
cam1 extrinsics = 0.499,0.503,0.499,0.499 | 0.065,0.019,-0.042
[34m[TIME]: 0.0096 seconds total (104.0 hz, 0.23 ms behind)
[0mq_GtoI = -0.601,-0.799,-0.007,0.005 | p_IinG = 3.177,8.968,-2.407 | dist = 17.04 (meters)
bg = 0.0008,0.0000,-0.0003 | ba = 0.1031,0.0392,0.1549
camera-imu timeoffset = 0.00189
cam0 intrinsics = 351.615,351.564,367.493,253.086 | -0.042,-0.004,0.005,-0.002
cam1 intrinsics = 352.438,352.355,347.216,270.626 | -0.039,-0.006,0.001,0.000
cam0 extrinsics = 0.500,0.503,0.496,0.501 | -0.044,0.018,-0.043
cam1 extrinsics = 0.499,0.503,0.499,0.499 | 0.065,0.019,-0.042
[34m[TIME]: 0.0108 seconds total (92.8 hz, 0.24 ms behind)
[0mq_GtoI = -0.608,-0.794,-0.017,0.013 | p_IinG = 3.177,9.047,-2.412 | dist = 17.12 (meters)
bg = 0.0008,0.0001,-0.0003 | ba = 0.1030,0.0394,0.1550
camera-imu timeoffset = 0.00189
cam0 intrinsics = 351.609,351.548,367.523,253.081 | -0.042,-0.004,0.005,-0.002
cam1 intrinsics = 352.434,352.343,347.240,270.613 | -0.039,-0.006,0.001,0.000
cam0 extrinsics = 0.500,0.503,0.496,0.501 | -0.044,0.018,-0.043
cam1 extrinsics = 0.499,0.503,0.499,0.499 | 0.065,0.019,-0.042
[34m[TIME]: 0.0219 seconds total (45.7 hz, 0.00 ms behind)
[0mq_GtoI = -0.620,-0.784,-0.024,0.014 | p_IinG = 3.179,9.129,-2.418 | dist = 17.20 (meters)
bg = 0.0008,0.0001,-0.0003 | ba = 0.1029,0.0394,0.1550
camera-imu timeoffset = 0.00189
cam0 intrinsics = 351.590,351.531,367.543,253.078 | -0.042,-0.004,0.005,-0.002
cam1 intrinsics = 352.420,352.329,347.252,270.612 | -0.038,-0.006,0.001,0.000
cam0 extrinsics = 0.500,0.503,0.496,0.501 | -0.044,0.018,-0.043
cam1 extrinsics = 0.499,0.503,0.499,0.499 | 0.065,0.019,-0.042
[34m[TIME]: 0.0102 seconds total (97.8 hz, 0.01 ms behind)
[0mq_GtoI = -0.634,-0.773,-0.028,0.013 | p_IinG = 3.184,9.212,-2.420 | dist = 17.29 (meters)
bg = 0.0008,0.0001,-0.0003 | ba = 0.1028,0.0395,0.1550
camera-imu timeoffset = 0.00189
cam0 intrinsics = 351.577,351.518,367.553,253.084 | -0.042,-0.004,0.005,-0.002
cam1 intrinsics = 352.411,352.320,347.260,270.621 | -0.038,-0.006,0.001,0.000
cam0 extrinsics = 0.500,0.503,0.496,0.501 | -0.044,0.018,-0.043
cam1 extrinsics = 0.499,0.503,0.499,0.499 | 0.065,0.019,-0.042
[34m[TIME]: 0.0080 seconds total (125.7 hz, 0.02 ms behind)
[0mq_GtoI = -0.648,-0.761,-0.030,0.012 | p_IinG = 3.192,9.295,-2.417 | dist = 17.37 (meters)
bg = 0.0008,0.0001,-0.0003 | ba = 0.1027,0.0393,0.1550
camera-imu timeoffset = 0.00189
cam0 intrinsics = 351.557,351.499,367.562,253.088 | -0.042,-0.004,0.005,-0.002
cam1 intrinsics = 352.393,352.302,347.267,270.626 | -0.038,-0.006,0.001,0.000
cam0 extrinsics = 0.500,0.503,0.496,0.501 | -0.044,0.018,-0.043
cam1 extrinsics = 0.499,0.503,0.499,0.499 | 0.065,0.019,-0.042
[34m[TIME]: 0.0076 seconds total (131.0 hz, 0.04 ms behind)
[0mq_GtoI = -0.662,-0.749,-0.029,0.008 | p_IinG = 3.203,9.378,-2.410 | dist = 17.45 (meters)
bg = 0.0008,0.0001,-0.0003 | ba = 0.1025,0.0393,0.1550
camera-imu timeoffset = 0.00189
cam0 intrinsics = 351.537,351.484,367.577,253.079 | -0.042,-0.004,0.005,-0.002
cam1 intrinsics = 352.368,352.289,347.255,270.633 | -0.038,-0.006,0.001,0.000
cam0 extrinsics = 0.500,0.503,0.496,0.501 | -0.044,0.018,-0.043
cam1 extrinsics = 0.499,0.503,0.499,0.499 | 0.065,0.019,-0.042
[34m[TIME]: 0.0105 seconds total (95.5 hz, 0.05 ms behind)
[0mq_GtoI = -0.674,-0.738,-0.030,0.002 | p_IinG = 3.215,9.459,-2.401 | dist = 17.53 (meters)
bg = 0.0008,0.0001,-0.0003 | ba = 0.1025,0.0392,0.1549
camera-imu timeoffset = 0.00189
cam0 intrinsics = 351.507,351.465,367.589,253.083 | -0.041,-0.005,0.005,-0.002
cam1 intrinsics = 352.339,352.270,347.263,270.638 | -0.038,-0.007,0.001,0.000
cam0 extrinsics = 0.500,0.503,0.496,0.501 | -0.044,0.018,-0.043
cam1 extrinsics = 0.499,0.503,0.499,0.499 | 0.065,0.018,-0.042
[34m[TIME]: 0.0080 seconds total (125.5 hz, 0.06 ms behind)
[0mq_GtoI = 0.686,0.727,0.031,0.003 | p_IinG = 3.228,9.539,-2.391 | dist = 17.62 (meters)
bg = 0.0008,0.0001,-0.0003 | ba = 0.1025,0.0391,0.1549
camera-imu timeoffset = 0.00189
cam0 intrinsics = 351.477,351.450,367.591,253.081 | -0.041,-0.005,0.005,-0.002
cam1 intrinsics = 352.309,352.257,347.258,270.641 | -0.038,-0.007,0.001,0.000
cam0 extrinsics = 0.500,0.503,0.496,0.501 | -0.044,0.018,-0.043
cam1 extrinsics = 0.499,0.503,0.499,0.499 | 0.065,0.018,-0.042
[34m[TIME]: 0.0072 seconds total (139.1 hz, 0.07 ms behind)
[0mq_GtoI = 0.697,0.717,0.030,0.010 | p_IinG = 3.241,9.618,-2.384 | dist = 17.70 (meters)
bg = 0.0008,0.0000,-0.0002 | ba = 0.1024,0.0390,0.1549
camera-imu timeoffset = 0.00190
cam0 intrinsics = 351.453,351.438,367.585,253.091 | -0.041,-0.005,0.005,-0.002
cam1 intrinsics = 352.285,352.245,347.248,270.652 | -0.038,-0.007,0.002,0.000
cam0 extrinsics = 0.500,0.503,0.496,0.501 | -0.044,0.018,-0.043
cam1 extrinsics = 0.499,0.503,0.499,0.499 | 0.065,0.018,-0.042
[34m[TIME]: 0.0079 seconds total (126.3 hz, 0.08 ms behind)
[0mq_GtoI = 0.706,0.708,0.029,0.008 | p_IinG = 3.255,9.697,-2.380 | dist = 17.78 (meters)
bg = 0.0008,0.0000,-0.0002 | ba = 0.1024,0.0391,0.1549
camera-imu timeoffset = 0.00190
cam0 intrinsics = 351.433,351.431,367.581,253.094 | -0.041,-0.005,0.005,-0.002
cam1 intrinsics = 352.264,352.237,347.247,270.658 | -0.038,-0.007,0.002,0.000
cam0 extrinsics = 0.500,0.503,0.496,0.501 | -0.044,0.018,-0.043
cam1 extrinsics = 0.499,0.503,0.499,0.499 | 0.065,0.018,-0.042
[34m[TIME]: 0.0087 seconds total (115.0 hz, 0.09 ms behind)
[0mq_GtoI = -0.712,-0.701,-0.032,0.001 | p_IinG = 3.268,9.774,-2.380 | dist = 17.86 (meters)
bg = 0.0008,0.0001,-0.0002 | ba = 0.1025,0.0390,0.1549
camera-imu timeoffset = 0.00190
cam0 intrinsics = 351.427,351.417,367.565,253.109 | -0.041,-0.005,0.005,-0.002
cam1 intrinsics = 352.255,352.232,347.252,270.678 | -0.037,-0.007,0.002,0.000
cam0 extrinsics = 0.500,0.503,0.496,0.501 | -0.044,0.018,-0.043
cam1 extrinsics = 0.499,0.503,0.499,0.499 | 0.065,0.018,-0.042
[34m[TIME]: 0.0081 seconds total (124.0 hz, 0.10 ms behind)
[0mq_GtoI = -0.715,-0.698,-0.037,0.009 | p_IinG = 3.280,9.854,-2.384 | dist = 17.94 (meters)
bg = 0.0008,0.0000,-0.0002 | ba = 0.1021,0.0389,0.1549
camera-imu timeoffset = 0.00190
cam0 intrinsics = 351.405,351.395,367.560,253.124 | -0.041,-0.005,0.005,-0.002
cam1 intrinsics = 352.234,352.207,347.241,270.693 | -0.037,-0.007,0.001,0.000
cam0 extrinsics = 0.500,0.503,0.496,0.501 | -0.044,0.018,-0.043
cam1 extrinsics = 0.499,0.503,0.499,0.499 | 0.065,0.018,-0.042
[34m[TIME]: 0.0121 seconds total (82.9 hz, 0.11 ms behind)
[0mq_GtoI = -0.712,-0.701,-0.041,0.014 | p_IinG = 3.287,9.934,-2.389 | dist = 18.02 (meters)
bg = 0.0007,0.0000,-0.0002 | ba = 0.1019,0.0389,0.1550
camera-imu timeoffset = 0.00190
cam0 intrinsics = 351.397,351.387,367.560,253.128 | -0.041,-0.005,0.005,-0.002
cam1 intrinsics = 352.224,352.196,347.239,270.696 | -0.037,-0.007,0.001,0.000
cam0 extrinsics = 0.500,0.503,0.496,0.501 | -0.044,0.018,-0.043
cam1 extrinsics = 0.499,0.503,0.499,0.499 | 0.065,0.018,-0.042
[34m[TIME]: 0.0091 seconds total (109.4 hz, 0.12 ms behind)
[0mq_GtoI = -0.704,-0.708,-0.045,0.014 | p_IinG = 3.289,10.014,-2.391 | dist = 18.09 (meters)
bg = 0.0007,0.0000,-0.0002 | ba = 0.1015,0.0386,0.1550
camera-imu timeoffset = 0.00189
cam0 intrinsics = 351.380,351.360,367.576,253.132 | -0.041,-0.005,0.005,-0.002
cam1 intrinsics = 352.202,352.160,347.240,270.714 | -0.037,-0.007,0.001,0.000
cam0 extrinsics = 0.500,0.503,0.496,0.501 | -0.044,0.018,-0.044
cam1 extrinsics = 0.499,0.503,0.499,0.499 | 0.065,0.018,-0.043
[34m[TIME]: 0.0100 seconds total (100.0 hz, 0.13 ms behind)
[0mq_GtoI = -0.696,-0.716,-0.051,0.017 | p_IinG = 3.287,10.094,-2.390 | dist = 18.17 (meters)
bg = 0.0007,0.0000,-0.0002 | ba = 0.1013,0.0386,0.1550
camera-imu timeoffset = 0.00189
cam0 intrinsics = 351.374,351.353,367.576,253.142 | -0.041,-0.005,0.005,-0.002
cam1 intrinsics = 352.193,352.153,347.240,270.720 | -0.037,-0.007,0.001,0.000
cam0 extrinsics = 0.500,0.503,0.496,0.501 | -0.044,0.018,-0.044
cam1 extrinsics = 0.499,0.503,0.499,0.499 | 0.065,0.018,-0.043
[34m[TIME]: 0.0117 seconds total (85.2 hz, 0.14 ms behind)
[0mq_GtoI = -0.686,-0.726,-0.051,0.020 | p_IinG = 3.285,10.173,-2.385 | dist = 18.25 (meters)
bg = 0.0007,0.0000,-0.0002 | ba = 0.1011,0.0386,0.1550
camera-imu timeoffset = 0.00189
cam0 intrinsics = 351.370,351.343,367.578,253.147 | -0.041,-0.005,0.005,-0.002
cam1 intrinsics = 352.188,352.142,347.241,270.723 | -0.037,-0.007,0.001,0.000
cam0 extrinsics = 0.500,0.503,0.496,0.501 | -0.044,0.018,-0.044
cam1 extrinsics = 0.499,0.503,0.499,0.499 | 0.065,0.018,-0.043
[34m[TIME]: 0.0090 seconds total (111.3 hz, 0.15 ms behind)
[0mq_GtoI = -0.678,-0.734,-0.041,0.019 | p_IinG = 3.280,10.252,-2.379 | dist = 18.33 (meters)
bg = 0.0007,0.0001,-0.0002 | ba = 0.1010,0.0387,0.1551
camera-imu timeoffset = 0.00189
cam0 intrinsics = 351.368,351.337,367.574,253.154 | -0.041,-0.005,0.005,-0.002
cam1 intrinsics = 352.190,352.139,347.236,270.726 | -0.037,-0.007,0.001,0.000
cam0 extrinsics = 0.500,0.503,0.496,0.501 | -0.044,0.018,-0.044
cam1 extrinsics = 0.499,0.503,0.499,0.499 | 0.065,0.018,-0.043
[34m[TIME]: 0.0080 seconds total (125.5 hz, 0.16 ms behind)
[0mq_GtoI = -0.672,-0.739,-0.033,0.015 | p_IinG = 3.274,10.331,-2.373 | dist = 18.41 (meters)
bg = 0.0007,0.0001,-0.0002 | ba = 0.1009,0.0388,0.1551
camera-imu timeoffset = 0.00189
cam0 intrinsics = 351.368,351.332,367.576,253.159 | -0.041,-0.005,0.005,-0.002
cam1 intrinsics = 352.191,352.134,347.236,270.730 | -0.037,-0.007,0.002,0.000
cam0 extrinsics = 0.500,0.503,0.496,0.501 | -0.044,0.018,-0.044
cam1 extrinsics = 0.499,0.503,0.499,0.499 | 0.065,0.018,-0.043
[34m[TIME]: 0.0097 seconds total (102.8 hz, 0.17 ms behind)
[0mq_GtoI = -0.663,-0.748,-0.025,0.013 | p_IinG = 3.267,10.409,-2.371 | dist = 18.49 (meters)
bg = 0.0007,0.0001,-0.0002 | ba = 0.1009,0.0389,0.1551
camera-imu timeoffset = 0.00189
cam0 intrinsics = 351.365,351.320,367.575,253.166 | -0.041,-0.005,0.005,-0.002
cam1 intrinsics = 352.193,352.126,347.241,270.736 | -0.037,-0.007,0.002,0.000
cam0 extrinsics = 0.500,0.503,0.496,0.501 | -0.044,0.018,-0.044
cam1 extrinsics = 0.499,0.503,0.499,0.499 | 0.065,0.018,-0.043
[34m[TIME]: 0.0099 seconds total (100.9 hz, 0.18 ms behind)
[0mq_GtoI = -0.654,-0.756,-0.025,0.014 | p_IinG = 3.260,10.486,-2.372 | dist = 18.56 (meters)
bg = 0.0007,0.0001,-0.0002 | ba = 0.1009,0.0390,0.1551
camera-imu timeoffset = 0.00189
cam0 intrinsics = 351.364,351.312,367.577,253.175 | -0.041,-0.005,0.005,-0.002
cam1 intrinsics = 352.201,352.125,347.242,270.746 | -0.037,-0.007,0.002,0.000
cam0 extrinsics = 0.500,0.503,0.496,0.501 | -0.044,0.018,-0.044
cam1 extrinsics = 0.499,0.503,0.499,0.499 | 0.065,0.018,-0.043
[34m[TIME]: 0.0114 seconds total (87.8 hz, 0.19 ms behind)
[0mq_GtoI = -0.647,-0.761,-0.032,0.018 | p_IinG = 3.255,10.564,-2.377 | dist = 18.64 (meters)
bg = 0.0007,0.0001,-0.0002 | ba = 0.1010,0.0392,0.1551
camera-imu timeoffset = 0.00189
cam0 intrinsics = 351.372,351.320,367.584,253.176 | -0.041,-0.005,0.005,-0.002
cam1 intrinsics = 352.210,352.129,347.247,270.761 | -0.037,-0.007,0.002,0.000
cam0 extrinsics = 0.500,0.503,0.496,0.501 | -0.044,0.018,-0.044
cam1 extrinsics = 0.499,0.503,0.499,0.499 | 0.065,0.018,-0.043
[34m[TIME]: 0.0157 seconds total (63.5 hz, 0.20 ms behind)
[0mq_GtoI = -0.644,-0.764,-0.039,0.024 | p_IinG = 3.252,10.642,-2.385 | dist = 18.72 (meters)
bg = 0.0007,0.0001,-0.0002 | ba = 0.1010,0.0393,0.1552
camera-imu timeoffset = 0.00189
cam0 intrinsics = 351.373,351.317,367.592,253.178 | -0.041,-0.005,0.005,-0.002
cam1 intrinsics = 352.215,352.128,347.249,270.771 | -0.037,-0.007,0.002,0.000
cam0 extrinsics = 0.500,0.503,0.496,0.501 | -0.044,0.018,-0.044
cam1 extrinsics = 0.499,0.503,0.499,0.499 | 0.065,0.018,-0.043
[34m[TIME]: 0.0134 seconds total (74.8 hz, 0.21 ms behind)
[0mq_GtoI = -0.648,-0.760,-0.044,0.026 | p_IinG = 3.253,10.719,-2.392 | dist = 18.80 (meters)
bg = 0.0007,0.0001,-0.0002 | ba = 0.1013,0.0395,0.1552
camera-imu timeoffset = 0.00189
cam0 intrinsics = 351.374,351.308,367.578,253.180 | -0.041,-0.005,0.005,-0.002
cam1 intrinsics = 352.216,352.121,347.240,270.776 | -0.037,-0.007,0.002,-0.000
cam0 extrinsics = 0.500,0.503,0.496,0.501 | -0.044,0.018,-0.044
cam1 extrinsics = 0.499,0.503,0.499,0.499 | 0.065,0.018,-0.043
[34m[TIME]: 0.0127 seconds total (78.7 hz, 0.22 ms behind)
[0mq_GtoI = -0.656,-0.753,-0.041,0.027 | p_IinG = 3.261,10.800,-2.397 | dist = 18.88 (meters)
bg = 0.0007,0.0001,-0.0002 | ba = 0.1013,0.0396,0.1552
camera-imu timeoffset = 0.00189
cam0 intrinsics = 351.373,351.304,367.581,253.182 | -0.041,-0.005,0.005,-0.002
cam1 intrinsics = 352.215,352.115,347.240,270.781 | -0.038,-0.007,0.002,-0.000
cam0 extrinsics = 0.500,0.503,0.496,0.501 | -0.044,0.018,-0.044
cam1 extrinsics = 0.499,0.503,0.499,0.499 | 0.065,0.018,-0.043
[34m[TIME]: 0.0140 seconds total (71.4 hz, 0.23 ms behind)
[0mq_GtoI = -0.665,-0.745,-0.035,0.030 | p_IinG = 3.272,10.879,-2.398 | dist = 18.96 (meters)
bg = 0.0007,0.0001,-0.0002 | ba = 0.1014,0.0396,0.1552
camera-imu timeoffset = 0.00189
cam0 intrinsics = 351.368,351.294,367.580,253.189 | -0.041,-0.005,0.005,-0.002
cam1 intrinsics = 352.211,352.105,347.242,270.784 | -0.038,-0.007,0.002,0.000
cam0 extrinsics = 0.500,0.503,0.496,0.501 | -0.044,0.018,-0.044
cam1 extrinsics = 0.499,0.503,0.499,0.499 | 0.065,0.018,-0.043
[34m[TIME]: 0.0154 seconds total (65.1 hz, 0.24 ms behind)
[0mq_GtoI = -0.675,-0.737,-0.029,0.027 | p_IinG = 3.284,10.958,-2.394 | dist = 19.04 (meters)
bg = 0.0007,0.0001,-0.0002 | ba = 0.1013,0.0394,0.1552
camera-imu timeoffset = 0.00189
cam0 intrinsics = 351.366,351.288,367.579,253.200 | -0.041,-0.005,0.005,-0.002
cam1 intrinsics = 352.211,352.100,347.244,270.797 | -0.038,-0.007,0.002,-0.000
cam0 extrinsics = 0.500,0.503,0.496,0.501 | -0.044,0.018,-0.044
cam1 extrinsics = 0.499,0.503,0.499,0.499 | 0.065,0.018,-0.043
[34m[TIME]: 0.0121 seconds total (82.7 hz, 0.00 ms behind)
[0mq_GtoI = -0.682,-0.731,-0.029,0.023 | p_IinG = 3.297,11.035,-2.387 | dist = 19.12 (meters)
bg = 0.0007,0.0001,-0.0002 | ba = 0.1014,0.0393,0.1552
camera-imu timeoffset = 0.00189
cam0 intrinsics = 351.361,351.278,367.573,253.209 | -0.041,-0.005,0.005,-0.002
cam1 intrinsics = 352.209,352.089,347.238,270.806 | -0.038,-0.007,0.002,-0.000
cam0 extrinsics = 0.500,0.503,0.496,0.501 | -0.044,0.018,-0.044
cam1 extrinsics = 0.499,0.503,0.499,0.499 | 0.065,0.018,-0.043
[34m[TIME]: 0.0127 seconds total (78.7 hz, 0.01 ms behind)
[0mq_GtoI = -0.688,-0.725,-0.030,0.016 | p_IinG = 3.311,11.114,-2.379 | dist = 19.20 (meters)
bg = 0.0007,0.0001,-0.0002 | ba = 0.1013,0.0393,0.1552
camera-imu timeoffset = 0.00188
cam0 intrinsics = 351.370,351.278,367.557,253.230 | -0.041,-0.005,0.005,-0.002
cam1 intrinsics = 352.197,352.077,347.240,270.818 | -0.038,-0.007,0.002,-0.000
cam0 extrinsics = 0.500,0.503,0.496,0.501 | -0.044,0.018,-0.044
cam1 extrinsics = 0.499,0.503,0.499,0.499 | 0.065,0.018,-0.043
[34m[TIME]: 0.0143 seconds total (69.8 hz, 0.03 ms behind)
[0mq_GtoI = -0.696,-0.717,-0.033,0.005 | p_IinG = 3.323,11.190,-2.373 | dist = 19.28 (meters)
bg = 0.0007,0.0001,-0.0002 | ba = 0.1013,0.0391,0.1552
camera-imu timeoffset = 0.00189
cam0 intrinsics = 351.370,351.281,367.549,253.241 | -0.041,-0.005,0.005,-0.002
cam1 intrinsics = 352.195,352.075,347.238,270.833 | -0.038,-0.007,0.002,-0.000
cam0 extrinsics = 0.500,0.503,0.496,0.501 | -0.044,0.018,-0.044
cam1 extrinsics = 0.499,0.503,0.499,0.499 | 0.065,0.018,-0.043
[34m[TIME]: 0.0083 seconds total (119.8 hz, 0.04 ms behind)
[0mq_GtoI = -0.703,-0.710,-0.037,0.000 | p_IinG = 3.337,11.267,-2.370 | dist = 19.36 (meters)
bg = 0.0007,0.0001,-0.0002 | ba = 0.1013,0.0391,0.1553
camera-imu timeoffset = 0.00189
cam0 intrinsics = 351.376,351.283,367.542,253.269 | -0.041,-0.005,0.005,-0.002
cam1 intrinsics = 352.198,352.072,347.232,270.853 | -0.038,-0.007,0.002,-0.000
cam0 extrinsics = 0.500,0.503,0.496,0.501 | -0.044,0.018,-0.044
cam1 extrinsics = 0.499,0.503,0.499,0.499 | 0.065,0.018,-0.043
[34m[TIME]: 0.0077 seconds total (129.8 hz, 0.05 ms behind)
[0mq_GtoI = -0.706,-0.707,-0.043,0.005 | p_IinG = 3.351,11.339,-2.370 | dist = 19.44 (meters)
bg = 0.0007,0.0001,-0.0002 | ba = 0.1014,0.0388,0.1553
camera-imu timeoffset = 0.00189
cam0 intrinsics = 351.372,351.278,367.530,253.290 | -0.041,-0.005,0.005,-0.002
cam1 intrinsics = 352.192,352.061,347.220,270.863 | -0.038,-0.007,0.002,-0.000
cam0 extrinsics = 0.500,0.503,0.496,0.501 | -0.044,0.018,-0.044
cam1 extrinsics = 0.499,0.503,0.499,0.499 | 0.065,0.018,-0.043
[34m[TIME]: 0.0102 seconds total (98.5 hz, 0.06 ms behind)
[0mq_GtoI = -0.706,-0.707,-0.050,0.010 | p_IinG = 3.364,11.416,-2.373 | dist = 19.51 (meters)
bg = 0.0007,0.0001,-0.0002 | ba = 0.1014,0.0388,0.1553
camera-imu timeoffset = 0.00189
cam0 intrinsics = 351.378,351.281,367.519,253.313 | -0.041,-0.005,0.005,-0.002
cam1 intrinsics = 352.195,352.061,347.209,270.886 | -0.038,-0.007,0.002,-0.000
cam0 extrinsics = 0.500,0.503,0.496,0.501 | -0.044,0.018,-0.044
cam1 extrinsics = 0.499,0.503,0.499,0.499 | 0.065,0.018,-0.043
[34m[TIME]: 0.0111 seconds total (90.3 hz, 0.07 ms behind)
[0mq_GtoI = -0.701,-0.711,-0.055,0.009 | p_IinG = 3.372,11.492,-2.378 | dist = 19.59 (meters)
bg = 0.0007,0.0001,-0.0002 | ba = 0.1014,0.0387,0.1552
camera-imu timeoffset = 0.00188
cam0 intrinsics = 351.381,351.279,367.514,253.322 | -0.041,-0.005,0.005,-0.002
cam1 intrinsics = 352.200,352.059,347.205,270.888 | -0.038,-0.007,0.002,-0.000
cam0 extrinsics = 0.500,0.503,0.496,0.502 | -0.044,0.018,-0.044
cam1 extrinsics = 0.499,0.503,0.499,0.499 | 0.064,0.018,-0.043
[34m[TIME]: 0.0139 seconds total (72.0 hz, 0.08 ms behind)
[0mq_GtoI = -0.693,-0.719,-0.060,0.004 | p_IinG = 3.375,11.569,-2.380 | dist = 19.67 (meters)
bg = 0.0007,0.0001,-0.0002 | ba = 0.1014,0.0386,0.1552
camera-imu timeoffset = 0.00188
cam0 intrinsics = 351.383,351.280,367.504,253.338 | -0.041,-0.005,0.005,-0.002
cam1 intrinsics = 352.200,352.059,347.196,270.899 | -0.038,-0.007,0.002,-0.000
cam0 extrinsics = 0.500,0.503,0.496,0.502 | -0.044,0.017,-0.044
cam1 extrinsics = 0.499,0.503,0.499,0.499 | 0.064,0.018,-0.043
[34m[TIME]: 0.0083 seconds total (120.6 hz, 0.09 ms behind)
[0mq_GtoI = -0.684,-0.727,-0.064,0.004 | p_IinG = 3.374,11.643,-2.378 | dist = 19.74 (meters)
bg = 0.0007,0.0001,-0.0002 | ba = 0.1015,0.0385,0.1552
camera-imu timeoffset = 0.00188
cam0 intrinsics = 351.387,351.293,367.492,253.342 | -0.041,-0.005,0.005,-0.002
cam1 intrinsics = 352.200,352.071,347.205,270.910 | -0.038,-0.007,0.002,-0.000
cam0 extrinsics = 0.500,0.503,0.496,0.502 | -0.044,0.017,-0.044
cam1 extrinsics = 0.499,0.503,0.499,0.499 | 0.064,0.018,-0.043
[34m[TIME]: 0.0111 seconds total (90.2 hz, 0.10 ms behind)
[0mq_GtoI = -0.673,-0.737,-0.058,0.009 | p_IinG = 3.371,11.714,-2.372 | dist = 19.82 (meters)
bg = 0.0007,0.0001,-0.0002 | ba = 0.1016,0.0384,0.1552
camera-imu timeoffset = 0.00188
cam0 intrinsics = 351.384,351.294,367.491,253.359 | -0.041,-0.005,0.005,-0.002
cam1 intrinsics = 352.198,352.075,347.214,270.928 | -0.038,-0.007,0.002,-0.000
cam0 extrinsics = 0.500,0.503,0.496,0.502 | -0.044,0.017,-0.044
cam1 extrinsics = 0.499,0.503,0.499,0.499 | 0.064,0.018,-0.043
[34m[TIME]: 0.0104 seconds total (96.0 hz, 0.11 ms behind)
[0mq_GtoI = -0.663,-0.747,-0.046,0.012 | p_IinG = 3.364,11.785,-2.364 | dist = 19.89 (meters)
bg = 0.0007,0.0001,-0.0002 | ba = 0.1017,0.0383,0.1552
camera-imu timeoffset = 0.00188
cam0 intrinsics = 351.381,351.294,367.492,253.379 | -0.041,-0.005,0.005,-0.002
cam1 intrinsics = 352.196,352.077,347.216,270.948 | -0.038,-0.007,0.002,-0.000
cam0 extrinsics = 0.500,0.503,0.496,0.502 | -0.044,0.017,-0.044
cam1 extrinsics = 0.499,0.503,0.499,0.499 | 0.064,0.018,-0.043
[34m[TIME]: 0.0089 seconds total (112.8 hz, 0.12 ms behind)
[0mq_GtoI = -0.654,-0.756,-0.037,0.011 | p_IinG = 3.353,11.856,-2.355 | dist = 19.96 (meters)
bg = 0.0007,0.0001,-0.0002 | ba = 0.1018,0.0382,0.1552
camera-imu timeoffset = 0.00188
cam0 intrinsics = 351.377,351.296,367.507,253.389 | -0.041,-0.005,0.005,-0.002
cam1 intrinsics = 352.196,352.075,347.215,270.975 | -0.038,-0.007,0.002,-0.000
cam0 extrinsics = 0.500,0.503,0.496,0.502 | -0.044,0.017,-0.044
cam1 extrinsics = 0.499,0.503,0.499,0.499 | 0.064,0.018,-0.043
[34m[TIME]: 0.0105 seconds total (95.7 hz, 0.13 ms behind)
[0mq_GtoI = -0.644,-0.764,-0.035,0.013 | p_IinG = 3.340,11.926,-2.349 | dist = 20.04 (meters)
bg = 0.0007,0.0001,-0.0002 | ba = 0.1018,0.0381,0.1551
camera-imu timeoffset = 0.00188
cam0 intrinsics = 351.379,351.303,367.516,253.393 | -0.041,-0.005,0.005,-0.002
cam1 intrinsics = 352.198,352.077,347.208,270.991 | -0.038,-0.007,0.002,-0.000
cam0 extrinsics = 0.500,0.503,0.496,0.502 | -0.044,0.017,-0.044
cam1 extrinsics = 0.499,0.503,0.499,0.499 | 0.064,0.018,-0.043
[34m[TIME]: 0.0099 seconds total (100.6 hz, 0.14 ms behind)
[0mq_GtoI = -0.635,-0.772,-0.037,0.020 | p_IinG = 3.326,11.995,-2.347 | dist = 20.11 (meters)
bg = 0.0007,0.0001,-0.0002 | ba = 0.1019,0.0380,0.1551
camera-imu timeoffset = 0.00188
cam0 intrinsics = 351.376,351.298,367.523,253.410 | -0.041,-0.005,0.005,-0.002
cam1 intrinsics = 352.196,352.071,347.206,271.004 | -0.038,-0.007,0.002,-0.000
cam0 extrinsics = 0.500,0.503,0.496,0.502 | -0.044,0.017,-0.044
cam1 extrinsics = 0.499,0.503,0.499,0.499 | 0.064,0.018,-0.043
[34m[TIME]: 0.0080 seconds total (124.7 hz, 0.15 ms behind)
[0mq_GtoI = -0.628,-0.777,-0.041,0.029 | p_IinG = 3.312,12.067,-2.349 | dist = 20.18 (meters)
bg = 0.0007,0.0001,-0.0002 | ba = 0.1020,0.0379,0.1551
camera-imu timeoffset = 0.00188
cam0 intrinsics = 351.375,351.292,367.534,253.414 | -0.041,-0.005,0.005,-0.002
cam1 intrinsics = 352.203,352.075,347.204,271.011 | -0.038,-0.007,0.002,-0.000
cam0 extrinsics = 0.500,0.503,0.496,0.502 | -0.044,0.017,-0.044
cam1 extrinsics = 0.499,0.503,0.499,0.499 | 0.064,0.018,-0.043
[34m[TIME]: 0.0082 seconds total (121.7 hz, 0.16 ms behind)
[0mq_GtoI = -0.624,-0.779,-0.043,0.037 | p_IinG = 3.299,12.142,-2.356 | dist = 20.26 (meters)
bg = 0.0007,0.0001,-0.0002 | ba = 0.1021,0.0379,0.1551
camera-imu timeoffset = 0.00188
cam0 intrinsics = 351.375,351.289,367.544,253.425 | -0.041,-0.005,0.005,-0.002
cam1 intrinsics = 352.206,352.074,347.204,271.022 | -0.038,-0.006,0.002,-0.000
cam0 extrinsics = 0.500,0.503,0.496,0.502 | -0.044,0.017,-0.044
cam1 extrinsics = 0.499,0.503,0.499,0.499 | 0.064,0.018,-0.043
[34m[TIME]: 0.0093 seconds total (107.0 hz, 0.17 ms behind)
[0mq_GtoI = -0.625,-0.778,-0.045,0.039 | p_IinG = 3.288,12.220,-2.366 | dist = 20.34 (meters)
bg = 0.0008,0.0001,-0.0002 | ba = 0.1021,0.0379,0.1551
camera-imu timeoffset = 0.00188
cam0 intrinsics = 351.375,351.286,367.541,253.442 | -0.041,-0.005,0.005,-0.002
cam1 intrinsics = 352.213,352.076,347.196,271.033 | -0.038,-0.006,0.002,-0.000
cam0 extrinsics = 0.499,0.503,0.496,0.502 | -0.044,0.017,-0.044
cam1 extrinsics = 0.499,0.503,0.499,0.499 | 0.064,0.018,-0.043
[34m[TIME]: 0.0085 seconds total (117.8 hz, 0.18 ms behind)
[0mq_GtoI = -0.626,-0.777,-0.045,0.040 | p_IinG = 3.280,12.299,-2.374 | dist = 20.42 (meters)
bg = 0.0008,0.0001,-0.0002 | ba = 0.1022,0.0379,0.1551
camera-imu timeoffset = 0.00188
cam0 intrinsics = 351.377,351.287,367.547,253.457 | -0.041,-0.005,0.005,-0.002
cam1 intrinsics = 352.217,352.078,347.201,271.045 | -0.038,-0.006,0.002,-0.000
cam0 extrinsics = 0.499,0.503,0.496,0.502 | -0.044,0.017,-0.044
cam1 extrinsics = 0.499,0.503,0.499,0.499 | 0.064,0.018,-0.043
[34m[TIME]: 0.0072 seconds total (139.9 hz, 0.19 ms behind)
[0mq_GtoI = -0.626,-0.777,-0.048,0.038 | p_IinG = 3.272,12.376,-2.377 | dist = 20.50 (meters)
bg = 0.0008,0.0001,-0.0002 | ba = 0.1022,0.0378,0.1551
camera-imu timeoffset = 0.00188
cam0 intrinsics = 351.379,351.291,367.554,253.477 | -0.041,-0.005,0.005,-0.002
cam1 intrinsics = 352.220,352.083,347.217,271.060 | -0.038,-0.006,0.002,-0.000
cam0 extrinsics = 0.499,0.503,0.496,0.502 | -0.044,0.017,-0.044
cam1 extrinsics = 0.499,0.503,0.499,0.499 | 0.064,0.018,-0.043
[34m[TIME]: 0.0087 seconds total (114.6 hz, 0.20 ms behind)
[0mq_GtoI = -0.626,-0.778,-0.052,0.033 | p_IinG = 3.268,12.451,-2.376 | dist = 20.58 (meters)
bg = 0.0008,0.0001,-0.0003 | ba = 0.1023,0.0378,0.1551
camera-imu timeoffset = 0.00188
cam0 intrinsics = 351.378,351.288,367.564,253.495 | -0.041,-0.005,0.005,-0.002
cam1 intrinsics = 352.229,352.089,347.222,271.075 | -0.038,-0.006,0.002,-0.000
cam0 extrinsics = 0.499,0.503,0.496,0.502 | -0.044,0.017,-0.044
cam1 extrinsics = 0.499,0.503,0.499,0.499 | 0.064,0.018,-0.043
[34m[TIME]: 0.0081 seconds total (123.2 hz, 0.21 ms behind)
[0mq_GtoI = -0.629,-0.775,-0.055,0.025 | p_IinG = 3.264,12.526,-2.373 | dist = 20.65 (meters)
bg = 0.0008,0.0001,-0.0003 | ba = 0.1023,0.0377,0.1551
camera-imu timeoffset = 0.00188
cam0 intrinsics = 351.379,351.285,367.576,253.515 | -0.041,-0.005,0.005,-0.002
cam1 intrinsics = 352.233,352.089,347.233,271.091 | -0.038,-0.006,0.002,-0.000
cam0 extrinsics = 0.499,0.503,0.496,0.502 | -0.044,0.017,-0.044
cam1 extrinsics = 0.499,0.503,0.499,0.499 | 0.064,0.018,-0.043
[34m[TIME]: 0.0080 seconds total (124.5 hz, 0.23 ms behind)
[0mq_GtoI = -0.635,-0.770,-0.056,0.016 | p_IinG = 3.262,12.601,-2.368 | dist = 20.73 (meters)
bg = 0.0008,0.0001,-0.0003 | ba = 0.1023,0.0376,0.1550
camera-imu timeoffset = 0.00188
cam0 intrinsics = 351.382,351.286,367.596,253.520 | -0.041,-0.005,0.005,-0.002
cam1 intrinsics = 352.239,352.095,347.246,271.105 | -0.038,-0.007,0.002,-0.000
cam0 extrinsics = 0.499,0.503,0.496,0.501 | -0.044,0.017,-0.044
cam1 extrinsics = 0.499,0.503,0.499,0.499 | 0.064,0.018,-0.043
[34m[TIME]: 0.0101 seconds total (98.8 hz, 0.24 ms behind)
[0mq_GtoI = -0.644,-0.763,-0.054,0.010 | p_IinG = 3.261,12.674,-2.365 | dist = 20.80 (meters)
bg = 0.0008,0.0001,-0.0003 | ba = 0.1024,0.0375,0.1550
camera-imu timeoffset = 0.00188
cam0 intrinsics = 351.392,351.291,367.599,253.538 | -0.041,-0.005,0.005,-0.002
cam1 intrinsics = 352.240,352.098,347.272,271.129 | -0.038,-0.007,0.002,-0.000
cam0 extrinsics = 0.499,0.503,0.496,0.502 | -0.044,0.017,-0.043
cam1 extrinsics = 0.499,0.503,0.499,0.499 | 0.064,0.018,-0.043
[34m[TIME]: 0.0101 seconds total (99.0 hz, 0.25 ms behind)
[0mq_GtoI = -0.655,-0.753,-0.053,0.011 | p_IinG = 3.263,12.747,-2.365 | dist = 20.88 (meters)
bg = 0.0008,0.0001,-0.0003 | ba = 0.1024,0.0375,0.1550
camera-imu timeoffset = 0.00188
cam0 intrinsics = 351.396,351.302,367.611,253.548 | -0.041,-0.005,0.005,-0.002
cam1 intrinsics = 352.246,352.107,347.278,271.137 | -0.038,-0.007,0.002,-0.000
cam0 extrinsics = 0.499,0.503,0.496,0.501 | -0.044,0.017,-0.043
cam1 extrinsics = 0.499,0.503,0.499,0.499 | 0.064,0.018,-0.043
[34m[TIME]: 0.0074 seconds total (134.9 hz, 0.01 ms behind)
[0mq_GtoI = -0.664,-0.745,-0.052,0.021 | p_IinG = 3.266,12.820,-2.368 | dist = 20.95 (meters)
bg = 0.0008,0.0001,-0.0003 | ba = 0.1024,0.0374,0.1550
camera-imu timeoffset = 0.00188
cam0 intrinsics = 351.404,351.309,367.616,253.558 | -0.041,-0.005,0.005,-0.002
cam1 intrinsics = 352.254,352.114,347.284,271.151 | -0.038,-0.007,0.002,-0.000
cam0 extrinsics = 0.499,0.503,0.496,0.502 | -0.044,0.017,-0.044
cam1 extrinsics = 0.499,0.503,0.499,0.499 | 0.064,0.018,-0.043
[34m[TIME]: 0.0075 seconds total (132.6 hz, 0.02 ms behind)
[0mq_GtoI = -0.668,-0.742,-0.052,0.033 | p_IinG = 3.266,12.891,-2.375 | dist = 21.02 (meters)
bg = 0.0008,0.0001,-0.0003 | ba = 0.1024,0.0374,0.1550
camera-imu timeoffset = 0.00188
cam0 intrinsics = 351.399,351.305,367.614,253.559 | -0.041,-0.005,0.005,-0.002
cam1 intrinsics = 352.251,352.111,347.286,271.151 | -0.038,-0.007,0.002,-0.000
cam0 extrinsics = 0.499,0.503,0.496,0.502 | -0.044,0.017,-0.044
cam1 extrinsics = 0.499,0.503,0.499,0.499 | 0.064,0.018,-0.043
[34m[TIME]: 0.0104 seconds total (96.1 hz, 0.03 ms behind)
[0mq_GtoI = -0.666,-0.743,-0.052,0.039 | p_IinG = 3.262,12.965,-2.384 | dist = 21.10 (meters)
bg = 0.0008,0.0001,-0.0003 | ba = 0.1025,0.0374,0.1549
camera-imu timeoffset = 0.00188
cam0 intrinsics = 351.394,351.304,367.619,253.561 | -0.041,-0.005,0.005,-0.002
cam1 intrinsics = 352.249,352.111,347.289,271.149 | -0.038,-0.007,0.002,-0.000
cam0 extrinsics = 0.499,0.503,0.496,0.501 | -0.044,0.017,-0.044
cam1 extrinsics = 0.499,0.503,0.499,0.499 | 0.064,0.018,-0.043
[34m[TIME]: 0.0061 seconds total (163.6 hz, 0.04 ms behind)
[0mq_GtoI = -0.662,-0.746,-0.052,0.039 | p_IinG = 3.254,13.037,-2.392 | dist = 21.17 (meters)
bg = 0.0008,0.0001,-0.0003 | ba = 0.1026,0.0374,0.1549
camera-imu timeoffset = 0.00188
cam0 intrinsics = 351.387,351.302,367.623,253.558 | -0.041,-0.005,0.005,-0.002
cam1 intrinsics = 352.246,352.111,347.289,271.141 | -0.038,-0.007,0.002,-0.000
cam0 extrinsics = 0.499,0.503,0.496,0.501 | -0.044,0.017,-0.044
cam1 extrinsics = 0.499,0.503,0.499,0.499 | 0.064,0.018,-0.043
[34m[TIME]: 0.0078 seconds total (128.8 hz, 0.05 ms behind)
[0mq_GtoI = -0.659,-0.750,-0.049,0.040 | p_IinG = 3.244,13.109,-2.400 | dist = 21.25 (meters)
bg = 0.0008,0.0001,-0.0003 | ba = 0.1026,0.0374,0.1549
camera-imu timeoffset = 0.00188
cam0 intrinsics = 351.380,351.301,367.629,253.555 | -0.041,-0.005,0.005,-0.002
cam1 intrinsics = 352.243,352.113,347.292,271.135 | -0.038,-0.007,0.002,-0.000
cam0 extrinsics = 0.499,0.503,0.496,0.501 | -0.044,0.017,-0.044
cam1 extrinsics = 0.499,0.503,0.499,0.499 | 0.064,0.018,-0.043
[34m[TIME]: 0.0075 seconds total (133.0 hz, 0.06 ms behind)
[0mq_GtoI = -0.655,-0.753,-0.040,0.039 | p_IinG = 3.232,13.182,-2.404 | dist = 21.32 (meters)
bg = 0.0008,0.0001,-0.0003 | ba = 0.1027,0.0374,0.1549
camera-imu timeoffset = 0.00188
cam0 intrinsics = 351.375,351.306,367.635,253.545 | -0.041,-0.006,0.005,-0.002
cam1 intrinsics = 352.241,352.122,347.300,271.124 | -0.038,-0.007,0.002,-0.000
cam0 extrinsics = 0.499,0.503,0.496,0.501 | -0.044,0.017,-0.043
cam1 extrinsics = 0.499,0.503,0.499,0.499 | 0.064,0.018,-0.043
[34m[TIME]: 0.0075 seconds total (133.7 hz, 0.07 ms behind)
[0mq_GtoI = -0.657,-0.753,-0.028,0.031 | p_IinG = 3.218,13.253,-2.405 | dist = 21.40 (meters)
bg = 0.0008,0.0001,-0.0003 | ba = 0.1027,0.0374,0.1549
camera-imu timeoffset = 0.00188
cam0 intrinsics = 351.371,351.314,367.642,253.540 | -0.041,-0.006,0.005,-0.002
cam1 intrinsics = 352.237,352.128,347.313,271.117 | -0.038,-0.007,0.002,-0.000
cam0 extrinsics = 0.499,0.503,0.496,0.501 | -0.045,0.017,-0.043
cam1 extrinsics = 0.499,0.503,0.499,0.499 | 0.064,0.018,-0.043
[34m[TIME]: 0.0063 seconds total (159.2 hz, 0.08 ms behind)
[0mq_GtoI = -0.661,-0.750,-0.018,0.022 | p_IinG = 3.202,13.323,-2.405 | dist = 21.47 (meters)
bg = 0.0008,0.0001,-0.0003 | ba = 0.1028,0.0373,0.1549
camera-imu timeoffset = 0.00188
cam0 intrinsics = 351.367,351.320,367.653,253.537 | -0.041,-0.006,0.005,-0.002
cam1 intrinsics = 352.230,352.132,347.331,271.111 | -0.038,-0.007,0.002,-0.000
cam0 extrinsics = 0.499,0.503,0.496,0.501 | -0.045,0.017,-0.044
cam1 extrinsics = 0.499,0.503,0.499,0.499 | 0.064,0.018,-0.043
[34m[TIME]: 0.0101 seconds total (99.5 hz, 0.09 ms behind)
[0mq_GtoI = -0.666,-0.746,-0.011,0.019 | p_IinG = 3.185,13.391,-2.406 | dist = 21.54 (meters)
bg = 0.0008,0.0000,-0.0003 | ba = 0.1028,0.0373,0.1549
camera-imu timeoffset = 0.00188
cam0 intrinsics = 351.361,351.325,367.662,253.532 | -0.041,-0.006,0.005,-0.002
cam1 intrinsics = 352.224,352.136,347.343,271.104 | -0.038,-0.007,0.002,-0.000
cam0 extrinsics = 0.499,0.503,0.496,0.501 | -0.045,0.017,-0.044
cam1 extrinsics = 0.499,0.503,0.499,0.499 | 0.064,0.018,-0.043
[34m[TIME]: 0.0062 seconds total (161.5 hz, 0.10 ms behind)
[0mq_GtoI = -0.673,-0.739,-0.008,0.022 | p_IinG = 3.168,13.458,-2.408 | dist = 21.61 (meters)
bg = 0.0007,0.0000,-0.0003 | ba = 0.1028,0.0373,0.1548
camera-imu timeoffset = 0.00188
cam0 intrinsics = 351.354,351.328,367.671,253.527 | -0.041,-0.006,0.005,-0.002
cam1 intrinsics = 352.219,352.140,347.351,271.095 | -0.038,-0.007,0.002,-0.000
cam0 extrinsics = 0.499,0.503,0.496,0.501 | -0.045,0.017,-0.044
cam1 extrinsics = 0.499,0.503,0.499,0.499 | 0.064,0.018,-0.043
[34m[TIME]: 0.0102 seconds total (98.4 hz, 0.11 ms behind)
[0mq_GtoI = -0.684,-0.729,-0.010,0.029 | p_IinG = 3.151,13.519,-2.413 | dist = 21.68 (meters)
bg = 0.0008,0.0000,-0.0003 | ba = 0.1030,0.0372,0.1548
camera-imu timeoffset = 0.00188
cam0 intrinsics = 351.342,351.324,367.675,253.530 | -0.041,-0.006,0.005,-0.002
cam1 intrinsics = 352.208,352.143,347.366,271.099 | -0.038,-0.007,0.002,-0.000
cam0 extrinsics = 0.499,0.503,0.496,0.501 | -0.045,0.017,-0.044
cam1 extrinsics = 0.499,0.503,0.499,0.499 | 0.064,0.017,-0.043
[34m[TIME]: 0.0075 seconds total (133.0 hz, 0.12 ms behind)
[0mq_GtoI = -0.698,-0.715,-0.017,0.037 | p_IinG = 3.133,13.581,-2.421 | dist = 21.75 (meters)
bg = 0.0007,0.0000,-0.0003 | ba = 0.1030,0.0371,0.1548
camera-imu timeoffset = 0.00188
cam0 intrinsics = 351.346,351.322,367.647,253.511 | -0.041,-0.006,0.005,-0.002
cam1 intrinsics = 352.193,352.128,347.343,271.080 | -0.038,-0.007,0.002,-0.000
cam0 extrinsics = 0.499,0.503,0.496,0.501 | -0.045,0.017,-0.044
cam1 extrinsics = 0.499,0.503,0.499,0.499 | 0.064,0.018,-0.043
[34m[TIME]: 0.0080 seconds total (125.3 hz, 0.13 ms behind)
[0mq_GtoI = -0.718,-0.695,-0.027,0.040 | p_IinG = 3.117,13.652,-2.431 | dist = 21.82 (meters)
bg = 0.0007,0.0000,-0.0003 | ba = 0.1030,0.0371,0.1548
camera-imu timeoffset = 0.00189
cam0 intrinsics = 351.350,351.316,367.664,253.494 | -0.041,-0.006,0.005,-0.002
cam1 intrinsics = 352.200,352.129,347.333,271.081 | -0.038,-0.007,0.002,-0.000
cam0 extrinsics = 0.499,0.503,0.496,0.501 | -0.045,0.017,-0.044
cam1 extrinsics = 0.499,0.503,0.499,0.499 | 0.064,0.018,-0.043
[34m[TIME]: 0.0109 seconds total (91.6 hz, 0.14 ms behind)
[0mq_GtoI = -0.740,-0.670,-0.036,0.042 | p_IinG = 3.102,13.725,-2.442 | dist = 21.90 (meters)
bg = 0.0007,0.0000,-0.0003 | ba = 0.1030,0.0371,0.1548
camera-imu timeoffset = 0.00189
cam0 intrinsics = 351.359,351.325,367.656,253.474 | -0.041,-0.006,0.005,-0.002
cam1 intrinsics = 352.206,352.138,347.327,271.066 | -0.038,-0.007,0.002,-0.000
cam0 extrinsics = 0.499,0.503,0.496,0.501 | -0.045,0.017,-0.044
cam1 extrinsics = 0.499,0.503,0.499,0.499 | 0.064,0.018,-0.043
[34m[TIME]: 0.0110 seconds total (90.8 hz, 0.15 ms behind)
[0mq_GtoI = -0.762,-0.645,-0.039,0.043 | p_IinG = 3.088,13.798,-2.454 | dist = 21.97 (meters)
bg = 0.0007,0.0000,-0.0003 | ba = 0.1030,0.0371,0.1548
camera-imu timeoffset = 0.00189
cam0 intrinsics = 351.362,351.326,367.659,253.455 | -0.041,-0.005,0.005,-0.002
cam1 intrinsics = 352.210,352.143,347.328,271.053 | -0.038,-0.006,0.002,-0.000
cam0 extrinsics = 0.499,0.503,0.496,0.501 | -0.045,0.017,-0.044
cam1 extrinsics = 0.499,0.503,0.499,0.499 | 0.064,0.017,-0.043
[34m[TIME]: 0.0076 seconds total (131.6 hz, 0.16 ms behind)
[0mq_GtoI = -0.784,-0.619,-0.038,0.039 | p_IinG = 3.076,13.874,-2.466 | dist = 22.05 (meters)
bg = 0.0007,0.0000,-0.0003 | ba = 0.1030,0.0371,0.1548
camera-imu timeoffset = 0.00189
cam0 intrinsics = 351.367,351.331,367.658,253.423 | -0.041,-0.005,0.005,-0.002
cam1 intrinsics = 352.215,352.149,347.326,271.025 | -0.038,-0.006,0.002,-0.000
cam0 extrinsics = 0.500,0.503,0.496,0.501 | -0.045,0.017,-0.044
cam1 extrinsics = 0.499,0.503,0.499,0.499 | 0.064,0.017,-0.043
[34m[TIME]: 0.0069 seconds total (145.1 hz, 0.17 ms behind)
[0mq_GtoI = -0.806,-0.590,-0.031,0.035 | p_IinG = 3.069,13.952,-2.478 | dist = 22.12 (meters)
bg = 0.0007,0.0000,-0.0003 | ba = 0.1029,0.0372,0.1548
camera-imu timeoffset = 0.00188
cam0 intrinsics = 351.377,351.334,367.652,253.394 | -0.041,-0.005,0.005,-0.002
cam1 intrinsics = 352.225,352.159,347.324,271.000 | -0.039,-0.006,0.002,-0.000
cam0 extrinsics = 0.500,0.503,0.496,0.501 | -0.045,0.017,-0.044
cam1 extrinsics = 0.499,0.503,0.499,0.499 | 0.064,0.017,-0.043
[34m[TIME]: 0.0083 seconds total (121.1 hz, 0.18 ms behind)
[0mq_GtoI = -0.828,-0.559,-0.023,0.033 | p_IinG = 3.066,14.029,-2.492 | dist = 22.20 (meters)
bg = 0.0007,0.0000,-0.0003 | ba = 0.1027,0.0371,0.1548
camera-imu timeoffset = 0.00188
cam0 intrinsics = 351.385,351.341,367.650,253.377 | -0.041,-0.005,0.005,-0.002
cam1 intrinsics = 352.229,352.170,347.336,270.983 | -0.039,-0.006,0.002,-0.000
cam0 extrinsics = 0.500,0.503,0.496,0.501 | -0.045,0.017,-0.044
cam1 extrinsics = 0.499,0.503,0.499,0.499 | 0.064,0.017,-0.043
[34m[TIME]: 0.0086 seconds total (116.1 hz, 0.19 ms behind)
[0mq_GtoI = -0.849,-0.527,-0.015,0.030 | p_IinG = 3.065,14.101,-2.509 | dist = 22.27 (meters)
bg = 0.0007,0.0000,-0.0003 | ba = 0.1026,0.0370,0.1549
camera-imu timeoffset = 0.00188
cam0 intrinsics = 351.377,351.328,367.666,253.351 | -0.041,-0.005,0.005,-0.002
cam1 intrinsics = 352.213,352.148,347.368,270.961 | -0.038,-0.006,0.002,-0.000
cam0 extrinsics = 0.500,0.503,0.496,0.501 | -0.045,0.017,-0.044
cam1 extrinsics = 0.499,0.503,0.499,0.499 | 0.064,0.017,-0.043
[34m[TIME]: 0.0088 seconds total (113.0 hz, 0.20 ms behind)
[0mq_GtoI = -0.869,-0.495,-0.011,0.026 | p_IinG = 3.065,14.173,-2.528 | dist = 22.35 (meters)
bg = 0.0007,-0.0000,-0.0003 | ba = 0.1024,0.0369,0.1549
camera-imu timeoffset = 0.00188
cam0 intrinsics = 351.371,351.316,367.677,253.331 | -0.041,-0.005,0.005,-0.002
cam1 intrinsics = 352.206,352.135,347.382,270.944 | -0.038,-0.006,0.002,-0.000
cam0 extrinsics = 0.500,0.503,0.496,0.501 | -0.045,0.017,-0.044
cam1 extrinsics = 0.499,0.503,0.499,0.499 | 0.064,0.017,-0.043
[34m[TIME]: 0.0083 seconds total (121.2 hz, 0.22 ms behind)
[0mq_GtoI = -0.885,-0.465,-0.008,0.025 | p_IinG = 3.067,14.243,-2.551 | dist = 22.42 (meters)
bg = 0.0007,-0.0000,-0.0003 | ba = 0.1022,0.0369,0.1549
camera-imu timeoffset = 0.00187
cam0 intrinsics = 351.365,351.303,367.683,253.310 | -0.041,-0.005,0.005,-0.002
cam1 intrinsics = 352.199,352.122,347.392,270.925 | -0.038,-0.006,0.002,-0.000
cam0 extrinsics = 0.500,0.503,0.496,0.501 | -0.044,0.017,-0.044
cam1 extrinsics = 0.499,0.503,0.499,0.499 | 0.064,0.017,-0.043
[34m[TIME]: 0.0062 seconds total (161.7 hz, 0.23 ms behind)
[0mq_GtoI = -0.899,-0.438,-0.005,0.026 | p_IinG = 3.070,14.311,-2.577 | dist = 22.49 (meters)
bg = 0.0007,-0.0000,-0.0003 | ba = 0.1021,0.0368,0.1549
camera-imu timeoffset = 0.00187
cam0 intrinsics = 351.355,351.291,367.687,253.299 | -0.041,-0.006,0.005,-0.002
cam1 intrinsics = 352.189,352.108,347.400,270.914 | -0.038,-0.006,0.002,-0.000
cam0 extrinsics = 0.500,0.503,0.496,0.501 | -0.044,0.017,-0.044
cam1 extrinsics = 0.499,0.503,0.499,0.499 | 0.064,0.017,-0.043
[34m[TIME]: 0.0077 seconds total (129.9 hz, 0.24 ms behind)
[0mq_GtoI = -0.911,-0.411,-0.002,0.025 | p_IinG = 3.074,14.381,-2.608 | dist = 22.57 (meters)
bg = 0.0007,-0.0000,-0.0003 | ba = 0.1020,0.0367,0.1549
camera-imu timeoffset = 0.00187
cam0 intrinsics = 351.365,351.298,367.689,253.282 | -0.040,-0.006,0.005,-0.002
cam1 intrinsics = 352.200,352.111,347.405,270.894 | -0.038,-0.007,0.002,-0.000
cam0 extrinsics = 0.500,0.503,0.496,0.501 | -0.044,0.017,-0.044
cam1 extrinsics = 0.499,0.503,0.499,0.499 | 0.064,0.017,-0.043
[34m[TIME]: 0.0080 seconds total (124.3 hz, 0.25 ms behind)
[0mq_GtoI = -0.924,-0.381,0.001,0.021 | p_IinG = 3.078,14.446,-2.642 | dist = 22.64 (meters)
bg = 0.0007,-0.0000,-0.0003 | ba = 0.1020,0.0366,0.1549
camera-imu timeoffset = 0.00187
cam0 intrinsics = 351.382,351.337,367.702,253.286 | -0.041,-0.006,0.005,-0.002
cam1 intrinsics = 352.217,352.149,347.417,270.896 | -0.038,-0.007,0.002,-0.000
cam0 extrinsics = 0.500,0.503,0.496,0.501 | -0.045,0.017,-0.044
cam1 extrinsics = 0.499,0.503,0.499,0.499 | 0.064,0.017,-0.043
[34m[TIME]: 0.0079 seconds total (126.8 hz, 0.01 ms behind)
[0mq_GtoI = -0.936,-0.352,0.003,0.013 | p_IinG = 3.083,14.504,-2.679 | dist = 22.71 (meters)
bg = 0.0007,-0.0001,-0.0003 | ba = 0.1021,0.0363,0.1549
camera-imu timeoffset = 0.00187
cam0 intrinsics = 351.371,351.338,367.695,253.306 | -0.041,-0.006,0.005,-0.002
cam1 intrinsics = 352.207,352.150,347.403,270.920 | -0.038,-0.006,0.002,-0.000
cam0 extrinsics = 0.500,0.503,0.496,0.501 | -0.045,0.017,-0.044
cam1 extrinsics = 0.499,0.503,0.499,0.499 | 0.064,0.017,-0.043
[34m[TIME]: 0.0085 seconds total (117.9 hz, 0.02 ms behind)
[0mq_GtoI = -0.943,-0.333,0.009,0.014 | p_IinG = 3.089,14.553,-2.717 | dist = 22.78 (meters)
bg = 0.0007,-0.0001,-0.0002 | ba = 0.1023,0.0359,0.1549
camera-imu timeoffset = 0.00187
cam0 intrinsics = 351.345,351.313,367.676,253.321 | -0.041,-0.006,0.005,-0.002
cam1 intrinsics = 352.181,352.129,347.393,270.938 | -0.038,-0.007,0.002,-0.000
cam0 extrinsics = 0.500,0.503,0.496,0.501 | -0.045,0.017,-0.044
cam1 extrinsics = 0.499,0.503,0.499,0.499 | 0.064,0.017,-0.044
[34m[TIME]: 0.0108 seconds total (93.0 hz, 0.03 ms behind)
[0mq_GtoI = -0.948,-0.317,0.007,0.013 | p_IinG = 3.094,14.604,-2.757 | dist = 22.85 (meters)
bg = 0.0007,-0.0001,-0.0002 | ba = 0.1023,0.0358,0.1549
camera-imu timeoffset = 0.00187
cam0 intrinsics = 351.334,351.296,367.670,253.332 | -0.041,-0.006,0.005,-0.002
cam1 intrinsics = 352.173,352.114,347.391,270.951 | -0.038,-0.006,0.002,-0.000
cam0 extrinsics = 0.500,0.503,0.496,0.501 | -0.045,0.017,-0.044
cam1 extrinsics = 0.499,0.503,0.499,0.499 | 0.064,0.017,-0.044
[34m[TIME]: 0.0080 seconds total (125.8 hz, 0.04 ms behind)
[0mq_GtoI = -0.955,-0.297,-0.003,0.011 | p_IinG = 3.095,14.649,-2.795 | dist = 22.91 (meters)
bg = 0.0007,-0.0001,-0.0002 | ba = 0.1023,0.0356,0.1549
camera-imu timeoffset = 0.00187
cam0 intrinsics = 351.314,351.275,367.668,253.344 | -0.040,-0.006,0.005,-0.002
cam1 intrinsics = 352.156,352.095,347.395,270.963 | -0.038,-0.006,0.002,-0.000
cam0 extrinsics = 0.500,0.503,0.496,0.501 | -0.045,0.016,-0.044
cam1 extrinsics = 0.499,0.503,0.499,0.499 | 0.064,0.017,-0.044
[34m[TIME]: 0.0084 seconds total (119.5 hz, 0.05 ms behind)
[0mq_GtoI = -0.962,-0.272,-0.018,0.007 | p_IinG = 3.096,14.688,-2.836 | dist = 22.97 (meters)
bg = 0.0007,-0.0001,-0.0002 | ba = 0.1023,0.0354,0.1549
camera-imu timeoffset = 0.00187
cam0 intrinsics = 351.306,351.269,367.662,253.341 | -0.040,-0.005,0.005,-0.002
cam1 intrinsics = 352.157,352.094,347.398,270.958 | -0.038,-0.006,0.002,0.000
cam0 extrinsics = 0.500,0.503,0.496,0.501 | -0.045,0.016,-0.044
cam1 extrinsics = 0.499,0.503,0.499,0.499 | 0.064,0.017,-0.044
[34m[TIME]: 0.0100 seconds total (99.8 hz, 0.06 ms behind)
[0mq_GtoI = -0.969,-0.244,-0.028,0.007 | p_IinG = 3.096,14.720,-2.876 | dist = 23.02 (meters)
bg = 0.0007,-0.0001,-0.0002 | ba = 0.1024,0.0352,0.1549
camera-imu timeoffset = 0.00187
cam0 intrinsics = 351.303,351.274,367.660,253.329 | -0.040,-0.006,0.005,-0.002
cam1 intrinsics = 352.161,352.108,347.401,270.946 | -0.038,-0.006,0.001,0.000
cam0 extrinsics = 0.500,0.503,0.496,0.501 | -0.045,0.017,-0.044
cam1 extrinsics = 0.499,0.503,0.499,0.499 | 0.064,0.017,-0.044
[34m[TIME]: 0.0111 seconds total (89.8 hz, 0.07 ms behind)
[0mq_GtoI = -0.977,-0.210,-0.029,0.011 | p_IinG = 3.099,14.748,-2.917 | dist = 23.07 (meters)
bg = 0.0008,-0.0001,-0.0002 | ba = 0.1024,0.0350,0.1549
camera-imu timeoffset = 0.00188
cam0 intrinsics = 351.305,351.269,367.669,253.336 | -0.040,-0.006,0.005,-0.002
cam1 intrinsics = 352.161,352.102,347.407,270.950 | -0.038,-0.006,0.001,0.000
cam0 extrinsics = 0.500,0.503,0.496,0.501 | -0.045,0.017,-0.044
cam1 extrinsics = 0.499,0.503,0.499,0.499 | 0.064,0.017,-0.044
[34m[TIME]: 0.0117 seconds total (85.2 hz, 0.08 ms behind)
[0mq_GtoI = -0.985,-0.171,-0.022,0.022 | p_IinG = 3.104,14.776,-2.955 | dist = 23.12 (meters)
bg = 0.0007,-0.0001,-0.0002 | ba = 0.1024,0.0350,0.1549
camera-imu timeoffset = 0.00188
cam0 intrinsics = 351.295,351.258,367.669,253.331 | -0.040,-0.006,0.005,-0.002
cam1 intrinsics = 352.161,352.095,347.406,270.953 | -0.038,-0.006,0.001,0.000
cam0 extrinsics = 0.500,0.503,0.496,0.501 | -0.045,0.017,-0.044
cam1 extrinsics = 0.499,0.503,0.499,0.499 | 0.064,0.017,-0.044
[34m[TIME]: 0.0102 seconds total (98.2 hz, 0.09 ms behind)
[0mq_GtoI = -0.990,-0.137,-0.009,0.029 | p_IinG = 3.107,14.805,-2.991 | dist = 23.17 (meters)
bg = 0.0008,-0.0001,-0.0002 | ba = 0.1025,0.0349,0.1549
camera-imu timeoffset = 0.00187
cam0 intrinsics = 351.272,351.263,367.694,253.349 | -0.040,-0.006,0.005,-0.002
cam1 intrinsics = 352.150,352.111,347.414,270.974 | -0.038,-0.006,0.001,0.000
cam0 extrinsics = 0.500,0.503,0.496,0.501 | -0.045,0.017,-0.044
cam1 extrinsics = 0.499,0.503,0.499,0.499 | 0.064,0.017,-0.044
[34m[TIME]: 0.0088 seconds total (113.1 hz, 0.10 ms behind)
[0mq_GtoI = -0.994,-0.103,0.007,0.020 | p_IinG = 3.109,14.832,-3.021 | dist = 23.21 (meters)
bg = 0.0008,-0.0001,-0.0002 | ba = 0.1026,0.0347,0.1549
camera-imu timeoffset = 0.00187
cam0 intrinsics = 351.271,351.258,367.710,253.363 | -0.040,-0.006,0.005,-0.002
cam1 intrinsics = 352.152,352.110,347.429,270.990 | -0.038,-0.006,0.001,0.000
cam0 extrinsics = 0.500,0.503,0.496,0.501 | -0.045,0.016,-0.044
cam1 extrinsics = 0.499,0.503,0.499,0.499 | 0.064,0.017,-0.044
[34m[TIME]: 0.0085 seconds total (117.4 hz, 0.11 ms behind)
[0mq_GtoI = -0.997,-0.074,0.021,0.010 | p_IinG = 3.108,14.858,-3.048 | dist = 23.25 (meters)
bg = 0.0008,-0.0001,-0.0002 | ba = 0.1028,0.0345,0.1549
camera-imu timeoffset = 0.00187
cam0 intrinsics = 351.252,351.230,367.729,253.384 | -0.040,-0.006,0.005,-0.002
cam1 intrinsics = 352.142,352.091,347.437,271.013 | -0.039,-0.006,0.001,0.000
cam0 extrinsics = 0.500,0.503,0.496,0.501 | -0.045,0.016,-0.045
cam1 extrinsics = 0.499,0.503,0.499,0.499 | 0.064,0.017,-0.044
[34m[TIME]: 0.0081 seconds total (122.8 hz, 0.12 ms behind)
[0mq_GtoI = -0.998,-0.048,0.031,0.008 | p_IinG = 3.108,14.878,-3.071 | dist = 23.28 (meters)
bg = 0.0008,-0.0001,-0.0002 | ba = 0.1030,0.0342,0.1549
camera-imu timeoffset = 0.00186
cam0 intrinsics = 351.242,351.200,367.744,253.410 | -0.040,-0.006,0.005,-0.002
cam1 intrinsics = 352.141,352.070,347.443,271.044 | -0.039,-0.006,0.001,0.000
cam0 extrinsics = 0.500,0.503,0.496,0.501 | -0.045,0.016,-0.045
cam1 extrinsics = 0.499,0.503,0.499,0.499 | 0.063,0.017,-0.044
[34m[TIME]: 0.0087 seconds total (115.1 hz, 0.13 ms behind)
[0mq_GtoI = -0.999,-0.027,0.034,0.011 | p_IinG = 3.109,14.895,-3.090 | dist = 23.30 (meters)
bg = 0.0008,-0.0001,-0.0002 | ba = 0.1031,0.0341,0.1549
camera-imu timeoffset = 0.00187
cam0 intrinsics = 351.236,351.180,367.757,253.427 | -0.040,-0.006,0.005,-0.002
cam1 intrinsics = 352.134,352.049,347.450,271.064 | -0.039,-0.006,0.001,0.000
cam0 extrinsics = 0.500,0.503,0.496,0.501 | -0.045,0.016,-0.045
cam1 extrinsics = 0.499,0.503,0.499,0.499 | 0.063,0.016,-0.044
[34m[TIME]: 0.0076 seconds total (130.7 hz, 0.14 ms behind)
[0mq_GtoI = -0.999,-0.008,0.029,0.012 | p_IinG = 3.108,14.909,-3.103 | dist = 23.33 (meters)
bg = 0.0008,-0.0001,-0.0002 | ba = 0.1034,0.0342,0.1549
camera-imu timeoffset = 0.00187
cam0 intrinsics = 351.220,351.170,367.764,253.453 | -0.040,-0.006,0.005,-0.002
cam1 intrinsics = 352.126,352.048,347.440,271.086 | -0.038,-0.006,0.001,0.000
cam0 extrinsics = 0.500,0.503,0.496,0.501 | -0.045,0.016,-0.045
cam1 extrinsics = 0.499,0.503,0.499,0.499 | 0.063,0.016,-0.044
[34m[TIME]: 0.0134 seconds total (74.4 hz, 0.15 ms behind)
[0mq_GtoI = -1.000,0.014,0.020,0.008 | p_IinG = 3.109,14.917,-3.114 | dist = 23.34 (meters)
bg = 0.0008,-0.0001,-0.0002 | ba = 0.1035,0.0341,0.1550
camera-imu timeoffset = 0.00188
cam0 intrinsics = 351.218,351.167,367.796,253.486 | -0.040,-0.006,0.005,-0.002
cam1 intrinsics = 352.119,352.042,347.441,271.113 | -0.039,-0.006,0.001,0.000
cam0 extrinsics = 0.500,0.503,0.496,0.501 | -0.045,0.016,-0.045
cam1 extrinsics = 0.499,0.503,0.499,0.499 | 0.063,0.016,-0.044
[34m[TIME]: 0.0108 seconds total (92.5 hz, 0.16 ms behind)
[0mq_GtoI = -0.999,0.038,0.011,0.003 | p_IinG = 3.108,14.924,-3.122 | dist = 23.36 (meters)
bg = 0.0008,-0.0001,-0.0002 | ba = 0.1038,0.0341,0.1550
camera-imu timeoffset = 0.00188
cam0 intrinsics = 351.211,351.171,367.801,253.503 | -0.040,-0.006,0.005,-0.002
cam1 intrinsics = 352.107,352.042,347.432,271.130 | -0.039,-0.006,0.001,0.000
cam0 extrinsics = 0.500,0.503,0.496,0.501 | -0.046,0.016,-0.045
cam1 extrinsics = 0.499,0.503,0.499,0.499 | 0.063,0.016,-0.044
[34m[TIME]: 0.0066 seconds total (150.4 hz, 0.17 ms behind)
[0mq_GtoI = 0.998,-0.064,-0.003,0.003 | p_IinG = 3.109,14.928,-3.128 | dist = 23.37 (meters)
bg = 0.0008,-0.0001,-0.0002 | ba = 0.1040,0.0341,0.1550
camera-imu timeoffset = 0.00188
cam0 intrinsics = 351.207,351.174,367.808,253.513 | -0.040,-0.005,0.005,-0.002
cam1 intrinsics = 352.097,352.039,347.432,271.142 | -0.039,-0.006,0.001,0.000
cam0 extrinsics = 0.500,0.503,0.496,0.501 | -0.046,0.016,-0.045
cam1 extrinsics = 0.499,0.503,0.499,0.499 | 0.063,0.016,-0.044
[34m[TIME]: 0.0069 seconds total (145.7 hz, 0.18 ms behind)
[0mq_GtoI = 0.996,-0.089,0.005,0.005 | p_IinG = 3.107,14.928,-3.133 | dist = 23.37 (meters)
bg = 0.0008,-0.0001,-0.0002 | ba = 0.1042,0.0341,0.1550
camera-imu timeoffset = 0.00189
cam0 intrinsics = 351.203,351.186,367.807,253.519 | -0.041,-0.005,0.005,-0.002
cam1 intrinsics = 352.084,352.043,347.425,271.150 | -0.039,-0.006,0.001,0.000
cam0 extrinsics = 0.500,0.503,0.496,0.501 | -0.046,0.016,-0.045
cam1 extrinsics = 0.499,0.503,0.499,0.499 | 0.063,0.016,-0.045
[34m[TIME]: 0.0097 seconds total (102.7 hz, 0.19 ms behind)
[0mq_GtoI = 0.994,-0.109,0.014,0.001 | p_IinG = 3.109,14.928,-3.136 | dist = 23.38 (meters)
bg = 0.0008,-0.0001,-0.0002 | ba = 0.1042,0.0341,0.1550
camera-imu timeoffset = 0.00189
cam0 intrinsics = 351.196,351.170,367.800,253.514 | -0.041,-0.005,0.005,-0.002
cam1 intrinsics = 352.070,352.021,347.410,271.146 | -0.039,-0.006,0.001,0.000
cam0 extrinsics = 0.500,0.503,0.496,0.501 | -0.046,0.016,-0.045
cam1 extrinsics = 0.499,0.503,0.499,0.499 | 0.063,0.016,-0.045
[34m[TIME]: 0.0084 seconds total (118.4 hz, 0.20 ms behind)
[0mq_GtoI = -0.992,0.122,-0.020,0.008 | p_IinG = 3.109,14.928,-3.140 | dist = 23.38 (meters)
bg = 0.0008,-0.0001,-0.0002 | ba = 0.1041,0.0342,0.1551
camera-imu timeoffset = 0.00189
cam0 intrinsics = 351.196,351.174,367.839,253.536 | -0.041,-0.005,0.005,-0.002
cam1 intrinsics = 352.068,352.028,347.421,271.160 | -0.039,-0.006,0.001,0.000
cam0 extrinsics = 0.500,0.503,0.496,0.501 | -0.046,0.016,-0.045
cam1 extrinsics = 0.499,0.503,0.499,0.499 | 0.063,0.016,-0.045
[34m[TIME]: 0.0110 seconds total (91.2 hz, 0.21 ms behind)
[0mq_GtoI = -0.991,0.129,-0.020,0.012 | p_IinG = 3.111,14.930,-3.144 | dist = 23.39 (meters)
bg = 0.0008,-0.0001,-0.0002 | ba = 0.1041,0.0343,0.1551
camera-imu timeoffset = 0.00189
cam0 intrinsics = 351.188,351.170,367.839,253.545 | -0.041,-0.005,0.005,-0.002
cam1 intrinsics = 352.058,352.023,347.419,271.165 | -0.039,-0.006,0.001,0.000
cam0 extrinsics = 0.500,0.503,0.496,0.501 | -0.046,0.016,-0.045
cam1 extrinsics = 0.499,0.503,0.499,0.499 | 0.063,0.016,-0.045
[34m[TIME]: 0.0075 seconds total (132.8 hz, 0.23 ms behind)
[0mq_GtoI = -0.991,0.132,-0.013,0.009 | p_IinG = 3.117,14.932,-3.149 | dist = 23.40 (meters)
bg = 0.0008,-0.0001,-0.0002 | ba = 0.1042,0.0344,0.1551
camera-imu timeoffset = 0.00189
cam0 intrinsics = 351.177,351.151,367.841,253.551 | -0.041,-0.005,0.005,-0.002
cam1 intrinsics = 352.047,352.005,347.414,271.169 | -0.039,-0.006,0.001,0.000
cam0 extrinsics = 0.500,0.503,0.496,0.501 | -0.046,0.016,-0.046
cam1 extrinsics = 0.499,0.503,0.499,0.499 | 0.063,0.016,-0.045
[34m[TIME]: 0.0109 seconds total (91.8 hz, 0.24 ms behind)
[0mq_GtoI = -0.991,0.135,-0.003,0.001 | p_IinG = 3.122,14.935,-3.155 | dist = 23.41 (meters)
bg = 0.0008,-0.0001,-0.0002 | ba = 0.1044,0.0345,0.1551
camera-imu timeoffset = 0.00189
cam0 intrinsics = 351.171,351.132,367.827,253.550 | -0.040,-0.005,0.005,-0.002
cam1 intrinsics = 352.040,351.988,347.397,271.159 | -0.039,-0.006,0.001,0.000
cam0 extrinsics = 0.500,0.503,0.496,0.501 | -0.046,0.016,-0.046
cam1 extrinsics = 0.499,0.503,0.499,0.499 | 0.063,0.016,-0.045
[34m[TIME]: 0.0081 seconds total (123.2 hz, 0.25 ms behind)
[0mq_GtoI = 0.990,-0.138,-0.003,0.003 | p_IinG = 3.128,14.935,-3.160 | dist = 23.41 (meters)
bg = 0.0008,-0.0001,-0.0002 | ba = 0.1047,0.0344,0.1551
camera-imu timeoffset = 0.00189
cam0 intrinsics = 351.161,351.113,367.800,253.543 | -0.040,-0.005,0.005,-0.002
cam1 intrinsics = 352.030,351.971,347.373,271.147 | -0.039,-0.006,0.001,0.000
cam0 extrinsics = 0.500,0.503,0.496,0.501 | -0.046,0.016,-0.046
cam1 extrinsics = 0.499,0.503,0.499,0.499 | 0.063,0.016,-0.045
[34m[TIME]: 0.0120 seconds total (83.5 hz, 0.01 ms behind)
[0mq_GtoI = 0.990,-0.144,-0.004,0.003 | p_IinG = 3.131,14.935,-3.165 | dist = 23.42 (meters)
bg = 0.0008,-0.0001,-0.0002 | ba = 0.1048,0.0345,0.1551
camera-imu timeoffset = 0.00189
cam0 intrinsics = 351.158,351.100,367.794,253.547 | -0.040,-0.006,0.005,-0.002
cam1 intrinsics = 352.029,351.962,347.365,271.148 | -0.039,-0.006,0.001,0.000
cam0 extrinsics = 0.500,0.503,0.496,0.501 | -0.046,0.016,-0.046
cam1 extrinsics = 0.499,0.503,0.499,0.499 | 0.063,0.016,-0.045
[34m[TIME]: 0.0088 seconds total (113.3 hz, 0.02 ms behind)
[0mq_GtoI = 0.988,-0.151,-0.001,0.000 | p_IinG = 3.132,14.932,-3.169 | dist = 23.42 (meters)
bg = 0.0008,-0.0001,-0.0002 | ba = 0.1050,0.0345,0.1551
camera-imu timeoffset = 0.00189
cam0 intrinsics = 351.151,351.088,367.790,253.542 | -0.040,-0.006,0.005,-0.002
cam1 intrinsics = 352.024,351.953,347.356,271.141 | -0.039,-0.006,0.001,0.000
cam0 extrinsics = 0.500,0.503,0.496,0.501 | -0.046,0.016,-0.046
cam1 extrinsics = 0.499,0.503,0.499,0.499 | 0.063,0.016,-0.045
[34m[TIME]: 0.0126 seconds total (79.1 hz, 0.03 ms behind)
[0mq_GtoI = -0.987,0.158,-0.003,0.002 | p_IinG = 3.133,14.931,-3.172 | dist = 23.43 (meters)
bg = 0.0008,-0.0001,-0.0002 | ba = 0.1051,0.0345,0.1551
camera-imu timeoffset = 0.00189
cam0 intrinsics = 351.146,351.078,367.785,253.542 | -0.040,-0.006,0.005,-0.002
cam1 intrinsics = 352.021,351.946,347.348,271.139 | -0.039,-0.006,0.001,0.000
cam0 extrinsics = 0.500,0.503,0.496,0.501 | -0.045,0.016,-0.046
cam1 extrinsics = 0.499,0.503,0.499,0.499 | 0.063,0.016,-0.045
[34m[TIME]: 0.0078 seconds total (127.9 hz, 0.04 ms behind)
[0mq_GtoI = -0.986,0.166,-0.005,0.001 | p_IinG = 3.135,14.930,-3.174 | dist = 23.43 (meters)
bg = 0.0008,-0.0001,-0.0002 | ba = 0.1053,0.0346,0.1551
camera-imu timeoffset = 0.00189
cam0 intrinsics = 351.141,351.069,367.777,253.542 | -0.040,-0.006,0.005,-0.002
cam1 intrinsics = 352.019,351.941,347.337,271.136 | -0.039,-0.006,0.001,0.000
cam0 extrinsics = 0.500,0.503,0.496,0.501 | -0.045,0.016,-0.046
cam1 extrinsics = 0.499,0.503,0.499,0.499 | 0.063,0.016,-0.045
[34m[TIME]: 0.0119 seconds total (84.3 hz, 0.05 ms behind)
[0mq_GtoI = 0.986,-0.169,0.005,0.000 | p_IinG = 3.137,14.931,-3.176 | dist = 23.43 (meters)
bg = 0.0008,-0.0001,-0.0002 | ba = 0.1054,0.0346,0.1551
camera-imu timeoffset = 0.00189
cam0 intrinsics = 351.139,351.061,367.768,253.537 | -0.040,-0.006,0.006,-0.002
cam1 intrinsics = 352.020,351.937,347.327,271.129 | -0.039,-0.006,0.001,-0.000
cam0 extrinsics = 0.500,0.503,0.496,0.501 | -0.045,0.016,-0.046
cam1 extrinsics = 0.499,0.503,0.499,0.499 | 0.063,0.016,-0.045
[34m[TIME]: 0.0101 seconds total (98.6 hz, 0.06 ms behind)
[0mq_GtoI = 0.986,-0.170,0.002,0.002 | p_IinG = 3.140,14.933,-3.178 | dist = 23.44 (meters)
bg = 0.0008,-0.0001,-0.0002 | ba = 0.1055,0.0347,0.1551
camera-imu timeoffset = 0.00189
cam0 intrinsics = 351.138,351.054,367.762,253.539 | -0.040,-0.006,0.006,-0.002
cam1 intrinsics = 352.022,351.934,347.320,271.128 | -0.039,-0.006,0.002,-0.000
cam0 extrinsics = 0.500,0.503,0.496,0.501 | -0.045,0.016,-0.046
cam1 extrinsics = 0.499,0.503,0.499,0.499 | 0.063,0.016,-0.045
[34m[TIME]: 0.0081 seconds total (124.1 hz, 0.07 ms behind)
[0mq_GtoI = 0.986,-0.168,-0.001,0.005 | p_IinG = 3.143,14.935,-3.181 | dist = 23.44 (meters)
bg = 0.0009,-0.0001,-0.0002 | ba = 0.1056,0.0347,0.1551
camera-imu timeoffset = 0.00189
cam0 intrinsics = 351.138,351.046,367.760,253.539 | -0.040,-0.006,0.006,-0.002
cam1 intrinsics = 352.025,351.929,347.316,271.128 | -0.039,-0.006,0.002,-0.000
cam0 extrinsics = 0.500,0.503,0.496,0.501 | -0.045,0.016,-0.046
cam1 extrinsics = 0.499,0.503,0.499,0.499 | 0.064,0.016,-0.045
[34m[TIME]: 0.0116 seconds total (86.3 hz, 0.08 ms behind)
[0mq_GtoI = 0.986,-0.167,-0.003,0.008 | p_IinG = 3.144,14.938,-3.182 | dist = 23.45 (meters)
bg = 0.0009,-0.0001,-0.0002 | ba = 0.1058,0.0348,0.1551
camera-imu timeoffset = 0.00189
cam0 intrinsics = 351.139,351.036,367.759,253.540 | -0.040,-0.006,0.006,-0.002
cam1 intrinsics = 352.030,351.924,347.311,271.127 | -0.039,-0.006,0.002,-0.000
cam0 extrinsics = 0.500,0.503,0.496,0.501 | -0.045,0.016,-0.046
cam1 extrinsics = 0.499,0.503,0.499,0.499 | 0.064,0.016,-0.045
[34m[TIME]: 0.0092 seconds total (108.1 hz, 0.09 ms behind)
[0mq_GtoI = 0.985,-0.169,-0.003,0.015 | p_IinG = 3.144,14.940,-3.184 | dist = 23.45 (meters)
bg = 0.0009,-0.0001,-0.0002 | ba = 0.1059,0.0348,0.1551
camera-imu timeoffset = 0.00189
cam0 intrinsics = 351.140,351.027,367.760,253.540 | -0.040,-0.006,0.006,-0.002
cam1 intrinsics = 352.034,351.920,347.309,271.127 | -0.039,-0.006,0.002,-0.000
cam0 extrinsics = 0.500,0.503,0.496,0.501 | -0.045,0.016,-0.046
cam1 extrinsics = 0.499,0.503,0.499,0.499 | 0.064,0.016,-0.045
[34m[TIME]: 0.0092 seconds total (108.3 hz, 0.10 ms behind)
[0mq_GtoI = 0.984,-0.175,0.001,0.016 | p_IinG = 3.143,14.942,-3.184 | dist = 23.46 (meters)
bg = 0.0009,-0.0001,-0.0002 | ba = 0.1059,0.0348,0.1551
camera-imu timeoffset = 0.00189
cam0 intrinsics = 351.140,351.019,367.762,253.542 | -0.040,-0.007,0.006,-0.002
cam1 intrinsics = 352.038,351.915,347.308,271.128 | -0.039,-0.006,0.002,-0.000
cam0 extrinsics = 0.500,0.503,0.496,0.501 | -0.045,0.016,-0.046
cam1 extrinsics = 0.499,0.503,0.499,0.499 | 0.064,0.016,-0.045
[34m[TIME]: 0.0085 seconds total (117.4 hz, 0.11 ms behind)
[0mq_GtoI = 0.983,-0.184,0.009,0.020 | p_IinG = 3.141,14.942,-3.184 | dist = 23.46 (meters)
bg = 0.0009,-0.0001,-0.0002 | ba = 0.1060,0.0349,0.1552
camera-imu timeoffset = 0.00189
cam0 intrinsics = 351.140,351.009,367.766,253.546 | -0.040,-0.007,0.006,-0.002
cam1 intrinsics = 352.041,351.910,347.307,271.131 | -0.039,-0.006,0.002,-0.000
cam0 extrinsics = 0.500,0.503,0.496,0.501 | -0.045,0.016,-0.046
cam1 extrinsics = 0.499,0.503,0.499,0.499 | 0.064,0.016,-0.045
[34m[TIME]: 0.0095 seconds total (105.6 hz, 0.12 ms behind)
[0mq_GtoI = 0.980,-0.195,0.019,0.018 | p_IinG = 3.137,14.939,-3.181 | dist = 23.46 (meters)
bg = 0.0009,-0.0000,-0.0002 | ba = 0.1060,0.0350,0.1552
camera-imu timeoffset = 0.00189
cam0 intrinsics = 351.136,350.996,367.766,253.549 | -0.040,-0.007,0.006,-0.002
cam1 intrinsics = 352.040,351.901,347.304,271.133 | -0.039,-0.006,0.002,-0.000
cam0 extrinsics = 0.500,0.503,0.496,0.501 | -0.045,0.016,-0.046
cam1 extrinsics = 0.499,0.503,0.499,0.499 | 0.064,0.016,-0.045
[34m[TIME]: 0.0106 seconds total (94.6 hz, 0.13 ms behind)
[0mq_GtoI = 0.978,-0.208,0.031,0.015 | p_IinG = 3.134,14.937,-3.178 | dist = 23.47 (meters)
bg = 0.0009,-0.0000,-0.0002 | ba = 0.1060,0.0350,0.1552
camera-imu timeoffset = 0.00189
cam0 intrinsics = 351.131,350.982,367.766,253.556 | -0.040,-0.007,0.006,-0.002
cam1 intrinsics = 352.040,351.891,347.301,271.138 | -0.039,-0.006,0.002,-0.000
cam0 extrinsics = 0.500,0.503,0.496,0.501 | -0.045,0.016,-0.046
cam1 extrinsics = 0.499,0.503,0.499,0.499 | 0.064,0.016,-0.045
[34m[TIME]: 0.0089 seconds total (112.8 hz, 0.14 ms behind)
[0mq_GtoI = 0.975,-0.218,0.042,0.011 | p_IinG = 3.130,14.934,-3.177 | dist = 23.47 (meters)
bg = 0.0009,-0.0000,-0.0001 | ba = 0.1061,0.0351,0.1552
camera-imu timeoffset = 0.00189
cam0 intrinsics = 351.121,350.966,367.771,253.559 | -0.040,-0.007,0.006,-0.002
cam1 intrinsics = 352.035,351.881,347.303,271.139 | -0.039,-0.006,0.002,-0.000
cam0 extrinsics = 0.500,0.503,0.496,0.501 | -0.045,0.015,-0.046
cam1 extrinsics = 0.499,0.503,0.499,0.499 | 0.064,0.016,-0.045
[34m[TIME]: 0.0087 seconds total (115.2 hz, 0.15 ms behind)
[0mq_GtoI = 0.974,-0.223,0.049,0.006 | p_IinG = 3.128,14.932,-3.177 | dist = 23.47 (meters)
bg = 0.0009,-0.0000,-0.0001 | ba = 0.1061,0.0351,0.1552
camera-imu timeoffset = 0.00189
cam0 intrinsics = 351.112,350.953,367.774,253.560 | -0.040,-0.007,0.006,-0.002
cam1 intrinsics = 352.031,351.873,347.305,271.138 | -0.039,-0.006,0.002,-0.000
cam0 extrinsics = 0.500,0.503,0.496,0.501 | -0.045,0.015,-0.046
cam1 extrinsics = 0.499,0.503,0.499,0.499 | 0.064,0.016,-0.045
[34m[TIME]: 0.0089 seconds total (112.2 hz, 0.16 ms behind)
[0mq_GtoI = 0.974,-0.223,0.050,0.003 | p_IinG = 3.128,14.931,-3.178 | dist = 23.47 (meters)
bg = 0.0009,-0.0000,-0.0001 | ba = 0.1061,0.0352,0.1552
camera-imu timeoffset = 0.00189
cam0 intrinsics = 351.105,350.942,367.776,253.561 | -0.040,-0.007,0.006,-0.002
cam1 intrinsics = 352.029,351.867,347.303,271.138 | -0.039,-0.006,0.002,-0.000
cam0 extrinsics = 0.500,0.503,0.496,0.501 | -0.045,0.015,-0.046
cam1 extrinsics = 0.499,0.503,0.499,0.499 | 0.064,0.016,-0.045
[34m[TIME]: 0.0085 seconds total (117.8 hz, 0.17 ms behind)
[0mq_GtoI = 0.974,-0.221,0.046,0.004 | p_IinG = 3.128,14.932,-3.178 | dist = 23.47 (meters)
bg = 0.0009,-0.0000,-0.0001 | ba = 0.1061,0.0352,0.1552
camera-imu timeoffset = 0.00189
cam0 intrinsics = 351.099,350.932,367.777,253.561 | -0.040,-0.007,0.006,-0.002
cam1 intrinsics = 352.028,351.863,347.301,271.137 | -0.039,-0.006,0.002,-0.000
cam0 extrinsics = 0.500,0.503,0.496,0.501 | -0.045,0.015,-0.046
cam1 extrinsics = 0.499,0.503,0.499,0.499 | 0.064,0.016,-0.045
[34m[TIME]: 0.0111 seconds total (90.4 hz, 0.18 ms behind)
[0mq_GtoI = 0.975,-0.217,0.042,0.003 | p_IinG = 3.129,14.933,-3.179 | dist = 23.48 (meters)
bg = 0.0009,-0.0000,-0.0001 | ba = 0.1061,0.0353,0.1552
camera-imu timeoffset = 0.00189
cam0 intrinsics = 351.095,350.924,367.776,253.561 | -0.040,-0.007,0.006,-0.002
cam1 intrinsics = 352.028,351.860,347.298,271.136 | -0.039,-0.006,0.002,-0.000
cam0 extrinsics = 0.500,0.503,0.496,0.501 | -0.045,0.015,-0.046
cam1 extrinsics = 0.499,0.503,0.499,0.499 | 0.064,0.016,-0.045
[34m[TIME]: 0.0075 seconds total (133.6 hz, 0.20 ms behind)
[0mq_GtoI = 0.976,-0.213,0.037,0.003 | p_IinG = 3.131,14.934,-3.181 | dist = 23.48 (meters)
bg = 0.0009,-0.0000,-0.0001 | ba = 0.1061,0.0353,0.1552
camera-imu timeoffset = 0.00189
cam0 intrinsics = 351.091,350.916,367.776,253.562 | -0.040,-0.007,0.007,-0.002
cam1 intrinsics = 352.029,351.856,347.294,271.137 | -0.039,-0.006,0.002,-0.000
cam0 extrinsics = 0.500,0.503,0.496,0.501 | -0.045,0.015,-0.046
cam1 extrinsics = 0.499,0.503,0.499,0.499 | 0.064,0.016,-0.045
[34m[TIME]: 0.0104 seconds total (96.5 hz, 0.20 ms behind)
[0mq_GtoI = 0.977,-0.212,0.032,0.004 | p_IinG = 3.132,14.935,-3.181 | dist = 23.48 (meters)
bg = 0.0009,-0.0000,-0.0001 | ba = 0.1061,0.0353,0.1552
camera-imu timeoffset = 0.00189
cam0 intrinsics = 351.089,350.910,367.775,253.563 | -0.039,-0.008,0.007,-0.002
cam1 intrinsics = 352.030,351.854,347.290,271.138 | -0.039,-0.006,0.002,-0.000
cam0 extrinsics = 0.500,0.503,0.496,0.501 | -0.045,0.015,-0.046
cam1 extrinsics = 0.499,0.503,0.499,0.499 | 0.064,0.016,-0.045
[34m[TIME]: 0.0067 seconds total (148.9 hz, 0.21 ms behind)
[0mq_GtoI = 0.977,-0.212,0.031,0.003 | p_IinG = 3.132,14.935,-3.182 | dist = 23.48 (meters)
bg = 0.0009,-0.0000,-0.0001 | ba = 0.1061,0.0354,0.1552
camera-imu timeoffset = 0.00189
cam0 intrinsics = 351.086,350.904,367.774,253.565 | -0.039,-0.008,0.007,-0.002
cam1 intrinsics = 352.031,351.851,347.286,271.139 | -0.039,-0.006,0.002,-0.000
cam0 extrinsics = 0.500,0.503,0.496,0.501 | -0.045,0.015,-0.046
cam1 extrinsics = 0.499,0.503,0.499,0.499 | 0.064,0.016,-0.045
[34m[TIME]: 0.0104 seconds total (95.7 hz, 0.22 ms behind)
[0mq_GtoI = 0.977,-0.212,0.030,0.003 | p_IinG = 3.132,14.935,-3.182 | dist = 23.48 (meters)
bg = 0.0009,-0.0000,-0.0001 | ba = 0.1061,0.0354,0.1552
camera-imu timeoffset = 0.00189
cam0 intrinsics = 351.084,350.898,367.773,253.566 | -0.039,-0.008,0.007,-0.002
cam1 intrinsics = 352.031,351.849,347.282,271.140 | -0.039,-0.006,0.002,-0.000
cam0 extrinsics = 0.500,0.503,0.496,0.501 | -0.045,0.015,-0.046
cam1 extrinsics = 0.499,0.503,0.499,0.499 | 0.064,0.016,-0.045
[34m[TIME]: 0.0079 seconds total (125.8 hz, 0.24 ms behind)
[0mq_GtoI = 0.977,-0.211,0.030,0.002 | p_IinG = 3.131,14.935,-3.182 | dist = 23.48 (meters)
bg = 0.0009,-0.0000,-0.0001 | ba = 0.1061,0.0355,0.1552
camera-imu timeoffset = 0.00189
cam0 intrinsics = 351.081,350.893,367.772,253.567 | -0.039,-0.008,0.007,-0.002
cam1 intrinsics = 352.033,351.847,347.277,271.141 | -0.039,-0.006,0.002,-0.000
cam0 extrinsics = 0.500,0.503,0.496,0.501 | -0.045,0.015,-0.046
cam1 extrinsics = 0.499,0.503,0.499,0.499 | 0.064,0.016,-0.045
[34m[TIME]: 0.0106 seconds total (94.4 hz, 0.25 ms behind)
[0mq_GtoI = 0.977,-0.209,0.031,0.001 | p_IinG = 3.130,14.936,-3.183 | dist = 23.48 (meters)
bg = 0.0009,-0.0000,-0.0001 | ba = 0.1060,0.0355,0.1552
camera-imu timeoffset = 0.00189
cam0 intrinsics = 351.079,350.888,367.770,253.569 | -0.039,-0.008,0.007,-0.002
cam1 intrinsics = 352.034,351.845,347.273,271.142 | -0.039,-0.006,0.002,-0.000
cam0 extrinsics = 0.500,0.503,0.496,0.501 | -0.045,0.015,-0.046
cam1 extrinsics = 0.499,0.503,0.499,0.499 | 0.064,0.016,-0.045
[34m[TIME]: 0.0095 seconds total (104.9 hz, 0.01 ms behind)
[0mq_GtoI = -0.978,0.207,-0.036,0.000 | p_IinG = 3.130,14.936,-3.181 | dist = 23.49 (meters)
bg = 0.0009,-0.0000,-0.0001 | ba = 0.1060,0.0356,0.1552
camera-imu timeoffset = 0.00189
cam0 intrinsics = 351.077,350.883,367.769,253.570 | -0.039,-0.008,0.007,-0.002
cam1 intrinsics = 352.035,351.843,347.268,271.143 | -0.039,-0.006,0.002,-0.000
cam0 extrinsics = 0.500,0.503,0.496,0.501 | -0.045,0.015,-0.046
cam1 extrinsics = 0.499,0.503,0.499,0.499 | 0.064,0.016,-0.045
[34m[TIME]: 0.0105 seconds total (95.2 hz, 0.02 ms behind)
[0mq_GtoI = -0.978,0.203,-0.039,0.001 | p_IinG = 3.130,14.937,-3.181 | dist = 23.49 (meters)
bg = 0.0009,0.0000,-0.0001 | ba = 0.1060,0.0358,0.1552
camera-imu timeoffset = 0.00189
cam0 intrinsics = 351.065,350.871,367.772,253.559 | -0.039,-0.008,0.007,-0.002
cam1 intrinsics = 352.037,351.844,347.265,271.150 | -0.039,-0.006,0.002,-0.000
cam0 extrinsics = 0.500,0.503,0.496,0.501 | -0.045,0.015,-0.046
cam1 extrinsics = 0.499,0.503,0.499,0.499 | 0.064,0.016,-0.045
[34m[TIME]: 0.0092 seconds total (108.6 hz, 0.03 ms behind)
[0mq_GtoI = -0.979,0.202,-0.037,0.002 | p_IinG = 3.131,14.937,-3.182 | dist = 23.49 (meters)
bg = 0.0009,0.0000,-0.0001 | ba = 0.1059,0.0359,0.1552
camera-imu timeoffset = 0.00189
cam0 intrinsics = 351.063,350.867,367.771,253.559 | -0.039,-0.008,0.007,-0.002
cam1 intrinsics = 352.038,351.843,347.261,271.152 | -0.039,-0.006,0.002,-0.000
cam0 extrinsics = 0.500,0.503,0.496,0.501 | -0.045,0.016,-0.046
cam1 extrinsics = 0.499,0.503,0.499,0.499 | 0.064,0.016,-0.045
[34m[TIME]: 0.0096 seconds total (103.8 hz, 0.04 ms behind)
[0mq_GtoI = -0.979,0.204,-0.032,0.003 | p_IinG = 3.132,14.935,-3.183 | dist = 23.49 (meters)
bg = 0.0009,0.0000,-0.0001 | ba = 0.1059,0.0359,0.1552
camera-imu timeoffset = 0.00189
cam0 intrinsics = 351.061,350.864,367.771,253.559 | -0.039,-0.008,0.007,-0.002
cam1 intrinsics = 352.040,351.844,347.257,271.153 | -0.039,-0.006,0.002,-0.000
cam0 extrinsics = 0.500,0.503,0.496,0.501 | -0.045,0.016,-0.046
cam1 extrinsics = 0.499,0.503,0.499,0.499 | 0.064,0.016,-0.045
[34m[TIME]: 0.0087 seconds total (115.3 hz, 0.05 ms behind)
[0mq_GtoI = -0.978,0.207,-0.028,0.007 | p_IinG = 3.132,14.933,-3.186 | dist = 23.49 (meters)
bg = 0.0009,0.0000,-0.0001 | ba = 0.1059,0.0360,0.1552
camera-imu timeoffset = 0.00189
cam0 intrinsics = 351.059,350.860,367.769,253.559 | -0.039,-0.008,0.007,-0.002
cam1 intrinsics = 352.041,351.843,347.251,271.155 | -0.039,-0.006,0.002,-0.000
cam0 extrinsics = 0.500,0.503,0.496,0.501 | -0.045,0.016,-0.046
cam1 extrinsics = 0.499,0.503,0.499,0.499 | 0.064,0.016,-0.045
[34m[TIME]: 0.0093 seconds total (107.6 hz, 0.06 ms behind)
[0mq_GtoI = -0.977,0.211,-0.025,0.013 | p_IinG = 3.131,14.930,-3.189 | dist = 23.50 (meters)
bg = 0.0009,0.0000,-0.0001 | ba = 0.1059,0.0361,0.1552
camera-imu timeoffset = 0.00189
cam0 intrinsics = 351.056,350.855,367.767,253.560 | -0.039,-0.008,0.007,-0.002
cam1 intrinsics = 352.042,351.842,347.245,271.158 | -0.039,-0.006,0.002,-0.000
cam0 extrinsics = 0.500,0.503,0.496,0.501 | -0.045,0.016,-0.046
cam1 extrinsics = 0.499,0.503,0.499,0.499 | 0.064,0.016,-0.045
[34m[TIME]: 0.0082 seconds total (121.7 hz, 0.07 ms behind)
[0mq_GtoI = -0.976,0.214,-0.020,0.018 | p_IinG = 3.130,14.927,-3.192 | dist = 23.50 (meters)
bg = 0.0009,0.0000,-0.0001 | ba = 0.1059,0.0361,0.1551
camera-imu timeoffset = 0.00189
cam0 intrinsics = 351.054,350.849,367.763,253.560 | -0.039,-0.008,0.007,-0.002
cam1 intrinsics = 352.043,351.839,347.238,271.161 | -0.039,-0.006,0.002,-0.000
cam0 extrinsics = 0.500,0.503,0.496,0.501 | -0.045,0.016,-0.046
cam1 extrinsics = 0.499,0.503,0.499,0.499 | 0.064,0.016,-0.045
[34m[TIME]: 0.0068 seconds total (147.4 hz, 0.08 ms behind)
[0mq_GtoI = -0.976,0.215,-0.022,0.022 | p_IinG = 3.129,14.925,-3.193 | dist = 23.51 (meters)
bg = 0.0009,0.0000,-0.0001 | ba = 0.1059,0.0361,0.1551
camera-imu timeoffset = 0.00189
cam0 intrinsics = 351.051,350.843,367.759,253.560 | -0.039,-0.008,0.007,-0.002
cam1 intrinsics = 352.044,351.837,347.231,271.163 | -0.039,-0.006,0.002,-0.000
cam0 extrinsics = 0.500,0.503,0.496,0.501 | -0.045,0.016,-0.046
cam1 extrinsics = 0.499,0.503,0.499,0.499 | 0.064,0.016,-0.045
[34m[TIME]: 0.0083 seconds total (119.9 hz, 0.09 ms behind)
[0mq_GtoI = -0.976,0.215,-0.023,0.023 | p_IinG = 3.128,14.925,-3.193 | dist = 23.51 (meters)
bg = 0.0009,0.0000,-0.0001 | ba = 0.1059,0.0361,0.1551
camera-imu timeoffset = 0.00189
cam0 intrinsics = 351.049,350.838,367.754,253.561 | -0.039,-0.008,0.007,-0.002
cam1 intrinsics = 352.046,351.835,347.222,271.166 | -0.039,-0.006,0.002,-0.000
cam0 extrinsics = 0.500,0.503,0.496,0.501 | -0.045,0.016,-0.046
cam1 extrinsics = 0.499,0.503,0.499,0.499 | 0.064,0.016,-0.045
[34m[TIME]: 0.0102 seconds total (98.0 hz, 0.10 ms behind)
[0mq_GtoI = -0.976,0.215,-0.023,0.022 | p_IinG = 3.128,14.925,-3.193 | dist = 23.51 (meters)
bg = 0.0009,0.0000,-0.0001 | ba = 0.1059,0.0362,0.1551
camera-imu timeoffset = 0.00189
cam0 intrinsics = 351.046,350.834,367.749,253.561 | -0.039,-0.008,0.007,-0.002
cam1 intrinsics = 352.047,351.833,347.214,271.169 | -0.039,-0.006,0.002,-0.000
cam0 extrinsics = 0.500,0.503,0.496,0.501 | -0.045,0.016,-0.046
cam1 extrinsics = 0.499,0.503,0.499,0.499 | 0.064,0.016,-0.045
[34m[TIME]: 0.0067 seconds total (148.6 hz, 0.11 ms behind)
[0mq_GtoI = -0.976,0.213,-0.024,0.021 | p_IinG = 3.128,14.926,-3.192 | dist = 23.51 (meters)
bg = 0.0009,0.0000,-0.0001 | ba = 0.1059,0.0363,0.1551
camera-imu timeoffset = 0.00189
cam0 intrinsics = 351.045,350.830,367.745,253.561 | -0.039,-0.008,0.007,-0.002
cam1 intrinsics = 352.049,351.833,347.206,271.172 | -0.039,-0.006,0.002,-0.000
cam0 extrinsics = 0.500,0.503,0.496,0.501 | -0.045,0.016,-0.046
cam1 extrinsics = 0.499,0.503,0.499,0.499 | 0.064,0.016,-0.045
[34m[TIME]: 0.0108 seconds total (92.3 hz, 0.12 ms behind)
[0mq_GtoI = -0.977,0.211,-0.025,0.022 | p_IinG = 3.128,14.926,-3.192 | dist = 23.51 (meters)
bg = 0.0009,0.0000,-0.0001 | ba = 0.1058,0.0364,0.1551
camera-imu timeoffset = 0.00189
cam0 intrinsics = 351.043,350.826,367.738,253.560 | -0.039,-0.008,0.007,-0.002
cam1 intrinsics = 352.051,351.831,347.196,271.172 | -0.039,-0.006,0.002,-0.000
cam0 extrinsics = 0.500,0.503,0.496,0.501 | -0.045,0.016,-0.046
cam1 extrinsics = 0.499,0.503,0.499,0.499 | 0.064,0.016,-0.045
[34m[TIME]: 0.0121 seconds total (82.9 hz, 0.13 ms behind)
[0mq_GtoI = -0.977,0.210,-0.027,0.022 | p_IinG = 3.127,14.926,-3.192 | dist = 23.51 (meters)
bg = 0.0009,0.0000,-0.0001 | ba = 0.1058,0.0365,0.1551
camera-imu timeoffset = 0.00189
cam0 intrinsics = 351.041,350.822,367.734,253.561 | -0.039,-0.008,0.007,-0.002
cam1 intrinsics = 352.052,351.830,347.189,271.175 | -0.039,-0.006,0.002,-0.000
cam0 extrinsics = 0.500,0.503,0.496,0.501 | -0.045,0.016,-0.046
cam1 extrinsics = 0.499,0.503,0.499,0.499 | 0.064,0.016,-0.045
[34m[TIME]: 0.0104 seconds total (95.7 hz, 0.14 ms behind)
[0mq_GtoI = -0.977,0.211,-0.027,0.022 | p_IinG = 3.127,14.926,-3.192 | dist = 23.51 (meters)
bg = 0.0009,0.0000,-0.0001 | ba = 0.1058,0.0365,0.1551
camera-imu timeoffset = 0.00189
cam0 intrinsics = 351.039,350.819,367.731,253.561 | -0.039,-0.008,0.007,-0.002
cam1 intrinsics = 352.053,351.830,347.183,271.178 | -0.039,-0.006,0.002,-0.000
cam0 extrinsics = 0.500,0.503,0.496,0.501 | -0.045,0.016,-0.046
cam1 extrinsics = 0.499,0.503,0.499,0.499 | 0.064,0.016,-0.046
[34m[TIME]: 0.0122 seconds total (81.7 hz, 0.15 ms behind)
[0mq_GtoI = -0.977,0.213,-0.025,0.021 | p_IinG = 3.127,14.925,-3.192 | dist = 23.51 (meters)
bg = 0.0009,0.0000,-0.0001 | ba = 0.1058,0.0366,0.1551
camera-imu timeoffset = 0.00189
cam0 intrinsics = 351.037,350.816,367.728,253.563 | -0.039,-0.009,0.007,-0.002
cam1 intrinsics = 352.055,351.830,347.176,271.182 | -0.039,-0.006,0.002,-0.000
cam0 extrinsics = 0.500,0.503,0.496,0.501 | -0.045,0.016,-0.046
cam1 extrinsics = 0.499,0.503,0.499,0.499 | 0.064,0.016,-0.046
[34m[TIME]: 0.0088 seconds total (113.7 hz, 0.16 ms behind)
[0mq_GtoI = -0.977,0.213,-0.023,0.021 | p_IinG = 3.127,14.925,-3.192 | dist = 23.51 (meters)
bg = 0.0009,0.0000,-0.0001 | ba = 0.1058,0.0366,0.1551
camera-imu timeoffset = 0.00189
cam0 intrinsics = 351.035,350.814,367.725,253.563 | -0.039,-0.009,0.007,-0.002
cam1 intrinsics = 352.057,351.831,347.170,271.184 | -0.039,-0.006,0.002,-0.000
cam0 extrinsics = 0.500,0.503,0.496,0.501 | -0.045,0.016,-0.046
cam1 extrinsics = 0.499,0.503,0.499,0.499 | 0.064,0.016,-0.045
[34m[TIME]: 0.0113 seconds total (88.3 hz, 0.17 ms behind)
[0mq_GtoI = -0.977,0.213,-0.022,0.022 | p_IinG = 3.128,14.924,-3.193 | dist = 23.51 (meters)
bg = 0.0009,0.0000,-0.0001 | ba = 0.1058,0.0367,0.1551
camera-imu timeoffset = 0.00189
cam0 intrinsics = 351.033,350.812,367.722,253.563 | -0.039,-0.009,0.007,-0.002
cam1 intrinsics = 352.058,351.831,347.163,271.187 | -0.039,-0.006,0.002,-0.000
cam0 extrinsics = 0.500,0.503,0.496,0.501 | -0.045,0.016,-0.046
cam1 extrinsics = 0.499,0.503,0.499,0.499 | 0.064,0.016,-0.045
[34m[TIME]: 0.0096 seconds total (104.1 hz, 0.18 ms behind)
[0mq_GtoI = -0.977,0.212,-0.022,0.022 | p_IinG = 3.128,14.925,-3.192 | dist = 23.51 (meters)
bg = 0.0009,0.0000,-0.0001 | ba = 0.1058,0.0368,0.1551
camera-imu timeoffset = 0.00189
cam0 intrinsics = 351.032,350.809,367.719,253.564 | -0.039,-0.009,0.007,-0.002
cam1 intrinsics = 352.059,351.831,347.157,271.190 | -0.039,-0.006,0.002,-0.000
cam0 extrinsics = 0.500,0.503,0.496,0.501 | -0.045,0.016,-0.046
cam1 extrinsics = 0.499,0.503,0.499,0.499 | 0.064,0.016,-0.045
[34m[TIME]: 0.0086 seconds total (116.5 hz, 0.19 ms behind)
[0mq_GtoI = -0.977,0.210,-0.024,0.022 | p_IinG = 3.128,14.925,-3.192 | dist = 23.51 (meters)
bg = 0.0009,0.0000,-0.0001 | ba = 0.1058,0.0368,0.1551
camera-imu timeoffset = 0.00189
cam0 intrinsics = 351.030,350.807,367.715,253.565 | -0.039,-0.009,0.007,-0.002
cam1 intrinsics = 352.061,351.831,347.151,271.193 | -0.039,-0.006,0.002,-0.000
cam0 extrinsics = 0.500,0.503,0.496,0.501 | -0.045,0.016,-0.046
cam1 extrinsics = 0.499,0.503,0.499,0.499 | 0.064,0.016,-0.045
[34m[TIME]: 0.0105 seconds total (95.4 hz, 0.20 ms behind)
[0mq_GtoI = -0.977,0.209,-0.028,0.022 | p_IinG = 3.128,14.925,-3.191 | dist = 23.51 (meters)
bg = 0.0009,0.0000,-0.0001 | ba = 0.1058,0.0369,0.1551
camera-imu timeoffset = 0.00189
cam0 intrinsics = 351.028,350.805,367.713,253.565 | -0.039,-0.009,0.007,-0.002
cam1 intrinsics = 352.061,351.832,347.146,271.196 | -0.039,-0.006,0.002,-0.000
cam0 extrinsics = 0.500,0.503,0.496,0.501 | -0.045,0.016,-0.047
cam1 extrinsics = 0.499,0.502,0.499,0.499 | 0.064,0.016,-0.045
[34m[TIME]: 0.0080 seconds total (125.5 hz, 0.21 ms behind)
[0mq_GtoI = -0.977,0.209,-0.032,0.023 | p_IinG = 3.126,14.925,-3.190 | dist = 23.52 (meters)
bg = 0.0009,0.0000,-0.0001 | ba = 0.1058,0.0369,0.1551
camera-imu timeoffset = 0.00189
cam0 intrinsics = 351.027,350.803,367.711,253.565 | -0.039,-0.009,0.007,-0.002
cam1 intrinsics = 352.063,351.832,347.142,271.198 | -0.039,-0.006,0.002,-0.000
cam0 extrinsics = 0.500,0.503,0.496,0.501 | -0.045,0.016,-0.047
cam1 extrinsics = 0.499,0.502,0.499,0.499 | 0.064,0.016,-0.045
[34m[TIME]: 0.0070 seconds total (141.8 hz, 0.22 ms behind)
[0mq_GtoI = -0.978,0.205,-0.030,0.023 | p_IinG = 3.126,14.927,-3.190 | dist = 23.52 (meters)
bg = 0.0009,0.0000,-0.0001 | ba = 0.1059,0.0370,0.1551
camera-imu timeoffset = 0.00189
cam0 intrinsics = 351.025,350.801,367.709,253.566 | -0.039,-0.009,0.007,-0.002
cam1 intrinsics = 352.063,351.832,347.138,271.201 | -0.039,-0.006,0.002,-0.000
cam0 extrinsics = 0.500,0.503,0.496,0.501 | -0.045,0.016,-0.047
cam1 extrinsics = 0.499,0.502,0.499,0.499 | 0.064,0.016,-0.045
[34m[TIME]: 0.0102 seconds total (98.5 hz, 0.24 ms behind)
[0mq_GtoI = -0.979,0.199,-0.026,0.022 | p_IinG = 3.126,14.930,-3.191 | dist = 23.52 (meters)
bg = 0.0009,0.0001,-0.0001 | ba = 0.1059,0.0370,0.1551
camera-imu timeoffset = 0.00189
cam0 intrinsics = 351.023,350.800,367.708,253.567 | -0.039,-0.009,0.007,-0.002
cam1 intrinsics = 352.064,351.833,347.135,271.203 | -0.039,-0.006,0.002,-0.000
cam0 extrinsics = 0.500,0.503,0.496,0.501 | -0.045,0.016,-0.047
cam1 extrinsics = 0.499,0.502,0.499,0.499 | 0.064,0.016,-0.045
[34m[TIME]: 0.0078 seconds total (128.2 hz, 0.25 ms behind)
[0mq_GtoI = -0.980,0.194,-0.022,0.022 | p_IinG = 3.127,14.930,-3.191 | dist = 23.52 (meters)
bg = 0.0009,0.0001,-0.0001 | ba = 0.1059,0.0370,0.1551
camera-imu timeoffset = 0.00189
cam0 intrinsics = 351.021,350.799,367.706,253.567 | -0.039,-0.009,0.007,-0.002
cam1 intrinsics = 352.064,351.834,347.132,271.204 | -0.039,-0.006,0.002,-0.000
cam0 extrinsics = 0.500,0.503,0.496,0.501 | -0.045,0.016,-0.047
cam1 extrinsics = 0.499,0.502,0.499,0.499 | 0.064,0.017,-0.045
[34m[TIME]: 0.0098 seconds total (101.8 hz, 0.01 ms behind)
[0mq_GtoI = -0.981,0.194,-0.020,0.022 | p_IinG = 3.126,14.930,-3.192 | dist = 23.52 (meters)
bg = 0.0009,0.0001,-0.0001 | ba = 0.1059,0.0371,0.1551
camera-imu timeoffset = 0.00189
cam0 intrinsics = 351.020,350.798,367.704,253.567 | -0.039,-0.009,0.007,-0.002
cam1 intrinsics = 352.065,351.835,347.129,271.207 | -0.039,-0.006,0.002,-0.000
cam0 extrinsics = 0.500,0.503,0.496,0.501 | -0.045,0.016,-0.047
cam1 extrinsics = 0.499,0.502,0.499,0.499 | 0.064,0.017,-0.045
[34m[TIME]: 0.0070 seconds total (143.5 hz, 0.02 ms behind)
[0mq_GtoI = -0.980,0.195,-0.022,0.022 | p_IinG = 3.126,14.930,-3.191 | dist = 23.52 (meters)
bg = 0.0009,0.0001,-0.0001 | ba = 0.1059,0.0371,0.1551
camera-imu timeoffset = 0.00189
cam0 intrinsics = 351.019,350.797,367.704,253.568 | -0.039,-0.009,0.007,-0.002
cam1 intrinsics = 352.066,351.836,347.126,271.210 | -0.039,-0.006,0.002,-0.000
cam0 extrinsics = 0.500,0.503,0.496,0.501 | -0.045,0.016,-0.047
cam1 extrinsics = 0.499,0.502,0.499,0.499 | 0.064,0.017,-0.045
[34m[TIME]: 0.0083 seconds total (120.9 hz, 0.03 ms behind)
[0mq_GtoI = -0.980,0.196,-0.025,0.022 | p_IinG = 3.125,14.929,-3.191 | dist = 23.52 (meters)
bg = 0.0009,0.0001,-0.0001 | ba = 0.1059,0.0371,0.1551
camera-imu timeoffset = 0.00189
cam0 intrinsics = 351.018,350.797,367.704,253.568 | -0.039,-0.009,0.007,-0.002
cam1 intrinsics = 352.067,351.838,347.124,271.212 | -0.039,-0.006,0.002,-0.000
cam0 extrinsics = 0.500,0.503,0.496,0.501 | -0.045,0.016,-0.047
cam1 extrinsics = 0.499,0.502,0.499,0.499 | 0.064,0.017,-0.045
[34m[TIME]: 0.0097 seconds total (103.2 hz, 0.04 ms behind)
[0mq_GtoI = -0.980,0.197,-0.029,0.023 | p_IinG = 3.123,14.929,-3.190 | dist = 23.53 (meters)
bg = 0.0009,0.0001,-0.0001 | ba = 0.1059,0.0371,0.1551
camera-imu timeoffset = 0.00189
cam0 intrinsics = 351.017,350.796,367.703,253.568 | -0.039,-0.009,0.007,-0.002
cam1 intrinsics = 352.068,351.839,347.121,271.215 | -0.039,-0.006,0.002,-0.000
cam0 extrinsics = 0.500,0.503,0.496,0.501 | -0.045,0.016,-0.047
cam1 extrinsics = 0.499,0.502,0.499,0.499 | 0.064,0.017,-0.045
[34m[TIME]: 0.0089 seconds total (112.3 hz, 0.05 ms behind)
[0mq_GtoI = -0.979,0.198,-0.031,0.023 | p_IinG = 3.123,14.928,-3.189 | dist = 23.53 (meters)
bg = 0.0009,0.0001,-0.0001 | ba = 0.1059,0.0371,0.1551
camera-imu timeoffset = 0.00189
cam0 intrinsics = 351.017,350.795,367.704,253.568 | -0.039,-0.009,0.007,-0.002
cam1 intrinsics = 352.069,351.839,347.119,271.216 | -0.039,-0.006,0.002,-0.000
cam0 extrinsics = 0.500,0.503,0.496,0.501 | -0.045,0.016,-0.047
cam1 extrinsics = 0.499,0.502,0.499,0.499 | 0.064,0.017,-0.045
[34m[TIME]: 0.0108 seconds total (92.5 hz, 0.06 ms behind)
[0mq_GtoI = -0.979,0.199,-0.030,0.023 | p_IinG = 3.124,14.927,-3.190 | dist = 23.53 (meters)
bg = 0.0009,0.0001,-0.0001 | ba = 0.1059,0.0371,0.1551
camera-imu timeoffset = 0.00189
cam0 intrinsics = 351.016,350.794,367.704,253.567 | -0.039,-0.009,0.007,-0.002
cam1 intrinsics = 352.071,351.840,347.116,271.218 | -0.039,-0.006,0.002,-0.000
cam0 extrinsics = 0.500,0.503,0.496,0.501 | -0.045,0.016,-0.047
cam1 extrinsics = 0.499,0.502,0.499,0.499 | 0.064,0.017,-0.045
[34m[TIME]: 0.0075 seconds total (132.6 hz, 0.07 ms behind)
[0mq_GtoI = -0.979,0.201,-0.026,0.023 | p_IinG = 3.126,14.926,-3.190 | dist = 23.53 (meters)
bg = 0.0009,0.0001,-0.0001 | ba = 0.1059,0.0372,0.1551
camera-imu timeoffset = 0.00189
cam0 intrinsics = 351.015,350.793,367.704,253.568 | -0.039,-0.009,0.007,-0.002
cam1 intrinsics = 352.072,351.840,347.114,271.220 | -0.039,-0.005,0.002,-0.000
cam0 extrinsics = 0.500,0.503,0.496,0.501 | -0.045,0.016,-0.047
cam1 extrinsics = 0.499,0.502,0.499,0.499 | 0.064,0.017,-0.045
[34m[TIME]: 0.0082 seconds total (122.6 hz, 0.08 ms behind)
[0mq_GtoI = -0.979,0.201,-0.023,0.022 | p_IinG = 3.128,14.926,-3.191 | dist = 23.53 (meters)
bg = 0.0009,0.0001,-0.0001 | ba = 0.1059,0.0372,0.1551
camera-imu timeoffset = 0.00189
cam0 intrinsics = 351.015,350.791,367.704,253.568 | -0.039,-0.009,0.007,-0.002
cam1 intrinsics = 352.074,351.841,347.111,271.222 | -0.039,-0.005,0.002,-0.000
cam0 extrinsics = 0.500,0.503,0.496,0.501 | -0.045,0.016,-0.047
cam1 extrinsics = 0.499,0.502,0.499,0.499 | 0.064,0.017,-0.045
[34m[TIME]: 0.0083 seconds total (120.3 hz, 0.09 ms behind)
[0mq_GtoI = -0.979,0.201,-0.020,0.021 | p_IinG = 3.129,14.926,-3.192 | dist = 23.53 (meters)
bg = 0.0009,0.0001,-0.0001 | ba = 0.1060,0.0372,0.1551
camera-imu timeoffset = 0.00189
cam0 intrinsics = 351.014,350.790,367.703,253.568 | -0.039,-0.009,0.007,-0.002
cam1 intrinsics = 352.075,351.841,347.108,271.225 | -0.039,-0.005,0.002,-0.000
cam0 extrinsics = 0.500,0.503,0.496,0.501 | -0.045,0.016,-0.047
cam1 extrinsics = 0.499,0.502,0.499,0.499 | 0.064,0.017,-0.045
[34m[TIME]: 0.0081 seconds total (124.0 hz, 0.10 ms behind)
[0mq_GtoI = -0.979,0.201,-0.021,0.021 | p_IinG = 3.129,14.926,-3.191 | dist = 23.53 (meters)
bg = 0.0009,0.0001,-0.0001 | ba = 0.1060,0.0371,0.1551
camera-imu timeoffset = 0.00189
cam0 intrinsics = 351.013,350.789,367.703,253.569 | -0.039,-0.009,0.007,-0.002
cam1 intrinsics = 352.077,351.842,347.105,271.227 | -0.039,-0.005,0.002,-0.000
cam0 extrinsics = 0.500,0.503,0.496,0.501 | -0.045,0.016,-0.047
cam1 extrinsics = 0.499,0.502,0.499,0.499 | 0.064,0.017,-0.045
[34m[TIME]: 0.0106 seconds total (94.7 hz, 0.11 ms behind)
[0mq_GtoI = -0.979,0.202,-0.021,0.021 | p_IinG = 3.129,14.925,-3.192 | dist = 23.53 (meters)
bg = 0.0009,0.0001,-0.0001 | ba = 0.1060,0.0371,0.1551
camera-imu timeoffset = 0.00189
cam0 intrinsics = 351.013,350.787,367.703,253.569 | -0.039,-0.009,0.007,-0.002
cam1 intrinsics = 352.078,351.843,347.102,271.230 | -0.039,-0.005,0.002,-0.000
cam0 extrinsics = 0.500,0.503,0.496,0.501 | -0.045,0.016,-0.047
cam1 extrinsics = 0.499,0.502,0.499,0.499 | 0.064,0.017,-0.045
[34m[TIME]: 0.0087 seconds total (115.1 hz, 0.12 ms behind)
[0mq_GtoI = -0.979,0.202,-0.020,0.021 | p_IinG = 3.128,14.925,-3.192 | dist = 23.53 (meters)
bg = 0.0009,0.0001,-0.0001 | ba = 0.1060,0.0371,0.1551
camera-imu timeoffset = 0.00189
cam0 intrinsics = 351.012,350.786,367.702,253.570 | -0.039,-0.009,0.007,-0.002
cam1 intrinsics = 352.080,351.844,347.099,271.232 | -0.039,-0.005,0.002,-0.000
cam0 extrinsics = 0.500,0.503,0.496,0.501 | -0.045,0.016,-0.047
cam1 extrinsics = 0.499,0.502,0.499,0.499 | 0.064,0.017,-0.045
[34m[TIME]: 0.0119 seconds total (84.0 hz, 0.13 ms behind)
[0mq_GtoI = -0.979,0.201,-0.020,0.021 | p_IinG = 3.129,14.925,-3.192 | dist = 23.53 (meters)
bg = 0.0009,0.0001,-0.0001 | ba = 0.1060,0.0371,0.1551
camera-imu timeoffset = 0.00189
cam0 intrinsics = 351.011,350.784,367.702,253.571 | -0.039,-0.009,0.007,-0.002
cam1 intrinsics = 352.081,351.844,347.096,271.234 | -0.039,-0.005,0.002,-0.000
cam0 extrinsics = 0.500,0.503,0.496,0.501 | -0.045,0.016,-0.047
cam1 extrinsics = 0.499,0.502,0.499,0.499 | 0.064,0.017,-0.045
[34m[TIME]: 0.0073 seconds total (136.4 hz, 0.14 ms behind)
[0mq_GtoI = -0.979,0.201,-0.020,0.021 | p_IinG = 3.129,14.924,-3.192 | dist = 23.53 (meters)
bg = 0.0009,0.0001,-0.0001 | ba = 0.1060,0.0371,0.1551
camera-imu timeoffset = 0.00189
cam0 intrinsics = 351.010,350.783,367.701,253.571 | -0.039,-0.009,0.007,-0.002
cam1 intrinsics = 352.083,351.844,347.093,271.237 | -0.039,-0.005,0.002,-0.000
cam0 extrinsics = 0.500,0.503,0.496,0.501 | -0.045,0.016,-0.047
cam1 extrinsics = 0.499,0.502,0.499,0.500 | 0.064,0.017,-0.045
[34m[TIME]: 0.0078 seconds total (128.4 hz, 0.15 ms behind)
[0mq_GtoI = -0.979,0.202,-0.020,0.021 | p_IinG = 3.128,14.924,-3.192 | dist = 23.54 (meters)
bg = 0.0009,0.0001,-0.0001 | ba = 0.1060,0.0371,0.1551
camera-imu timeoffset = 0.00189
cam0 intrinsics = 351.010,350.781,367.701,253.572 | -0.039,-0.009,0.007,-0.002
cam1 intrinsics = 352.084,351.843,347.090,271.240 | -0.039,-0.005,0.002,-0.000
cam0 extrinsics = 0.500,0.503,0.496,0.501 | -0.045,0.016,-0.047
cam1 extrinsics = 0.499,0.502,0.499,0.500 | 0.064,0.017,-0.045
[34m[TIME]: 0.0080 seconds total (124.3 hz, 0.16 ms behind)
[0mq_GtoI = -0.979,0.202,-0.021,0.021 | p_IinG = 3.128,14.924,-3.192 | dist = 23.54 (meters)
bg = 0.0009,0.0001,-0.0001 | ba = 0.1060,0.0372,0.1551
camera-imu timeoffset = 0.00189
cam0 intrinsics = 351.009,350.778,367.700,253.573 | -0.039,-0.009,0.007,-0.002
cam1 intrinsics = 352.085,351.843,347.087,271.242 | -0.039,-0.005,0.002,-0.000
cam0 extrinsics = 0.500,0.503,0.496,0.501 | -0.045,0.016,-0.047
cam1 extrinsics = 0.499,0.502,0.499,0.500 | 0.064,0.017,-0.045
[34m[TIME]: 0.0106 seconds total (94.2 hz, 0.17 ms behind)
[0mq_GtoI = -0.979,0.202,-0.021,0.022 | p_IinG = 3.128,14.924,-3.192 | dist = 23.54 (meters)
bg = 0.0009,0.0001,-0.0001 | ba = 0.1060,0.0372,0.1551
camera-imu timeoffset = 0.00189
cam0 intrinsics = 351.008,350.777,367.700,253.573 | -0.039,-0.009,0.007,-0.002
cam1 intrinsics = 352.086,351.843,347.084,271.245 | -0.039,-0.005,0.002,-0.000
cam0 extrinsics = 0.500,0.503,0.496,0.501 | -0.045,0.016,-0.047
cam1 extrinsics = 0.499,0.502,0.499,0.500 | 0.064,0.017,-0.045
[34m[TIME]: 0.0090 seconds total (110.8 hz, 0.18 ms behind)
[0mq_GtoI = -0.979,0.202,-0.021,0.022 | p_IinG = 3.128,14.923,-3.191 | dist = 23.54 (meters)
bg = 0.0009,0.0001,-0.0001 | ba = 0.1060,0.0372,0.1551
camera-imu timeoffset = 0.00189
cam0 intrinsics = 351.007,350.775,367.700,253.574 | -0.039,-0.009,0.007,-0.002
cam1 intrinsics = 352.087,351.842,347.081,271.248 | -0.039,-0.005,0.002,-0.000
cam0 extrinsics = 0.500,0.503,0.496,0.501 | -0.045,0.016,-0.047
cam1 extrinsics = 0.499,0.502,0.499,0.500 | 0.064,0.017,-0.045
[34m[TIME]: 0.0074 seconds total (135.2 hz, 0.19 ms behind)
[0mq_GtoI = -0.979,0.202,-0.021,0.022 | p_IinG = 3.128,14.923,-3.191 | dist = 23.54 (meters)
bg = 0.0009,0.0001,-0.0001 | ba = 0.1060,0.0372,0.1551
camera-imu timeoffset = 0.00189
cam0 intrinsics = 351.006,350.773,367.699,253.575 | -0.039,-0.009,0.007,-0.002
cam1 intrinsics = 352.088,351.842,347.077,271.250 | -0.039,-0.005,0.002,-0.000
cam0 extrinsics = 0.500,0.503,0.496,0.501 | -0.045,0.016,-0.047
cam1 extrinsics = 0.499,0.502,0.499,0.500 | 0.064,0.017,-0.045
[34m[TIME]: 0.0080 seconds total (124.9 hz, 0.20 ms behind)
[0mq_GtoI = -0.979,0.202,-0.021,0.021 | p_IinG = 3.128,14.923,-3.191 | dist = 23.54 (meters)
bg = 0.0009,0.0001,-0.0001 | ba = 0.1060,0.0372,0.1551
camera-imu timeoffset = 0.00189
cam0 intrinsics = 351.006,350.771,367.699,253.576 | -0.039,-0.009,0.007,-0.002
cam1 intrinsics = 352.090,351.842,347.074,271.253 | -0.039,-0.005,0.002,-0.000
cam0 extrinsics = 0.500,0.503,0.496,0.501 | -0.045,0.016,-0.047
cam1 extrinsics = 0.499,0.502,0.499,0.500 | 0.064,0.017,-0.045
[34m[TIME]: 0.0105 seconds total (95.4 hz, 0.21 ms behind)
[0mq_GtoI = -0.979,0.202,-0.020,0.021 | p_IinG = 3.128,14.923,-3.191 | dist = 23.54 (meters)
bg = 0.0009,0.0001,-0.0001 | ba = 0.1060,0.0372,0.1551
camera-imu timeoffset = 0.00189
cam0 intrinsics = 351.005,350.769,367.699,253.576 | -0.039,-0.009,0.007,-0.002
cam1 intrinsics = 352.091,351.842,347.071,271.255 | -0.039,-0.005,0.002,-0.000
cam0 extrinsics = 0.500,0.503,0.496,0.501 | -0.045,0.016,-0.047
cam1 extrinsics = 0.499,0.502,0.499,0.500 | 0.064,0.017,-0.045
[34m[TIME]: 0.0075 seconds total (133.9 hz, 0.23 ms behind)
[0mq_GtoI = -0.979,0.202,-0.020,0.021 | p_IinG = 3.129,14.923,-3.191 | dist = 23.54 (meters)
bg = 0.0009,0.0001,-0.0001 | ba = 0.1061,0.0371,0.1551
camera-imu timeoffset = 0.00189
cam0 intrinsics = 351.004,350.767,367.699,253.577 | -0.039,-0.009,0.007,-0.002
cam1 intrinsics = 352.092,351.842,347.068,271.258 | -0.039,-0.005,0.002,-0.000
cam0 extrinsics = 0.500,0.503,0.496,0.501 | -0.045,0.016,-0.046
cam1 extrinsics = 0.499,0.502,0.499,0.500 | 0.064,0.017,-0.045
[34m[TIME]: 0.0104 seconds total (95.8 hz, 0.24 ms behind)
[0mq_GtoI = -0.979,0.201,-0.020,0.021 | p_IinG = 3.129,14.923,-3.191 | dist = 23.54 (meters)
bg = 0.0009,0.0001,-0.0001 | ba = 0.1061,0.0371,0.1551
camera-imu timeoffset = 0.00189
cam0 intrinsics = 351.003,350.765,367.699,253.578 | -0.039,-0.009,0.007,-0.002
cam1 intrinsics = 352.093,351.842,347.066,271.261 | -0.039,-0.005,0.002,-0.000
cam0 extrinsics = 0.500,0.503,0.496,0.501 | -0.045,0.016,-0.046
cam1 extrinsics = 0.499,0.502,0.499,0.500 | 0.064,0.017,-0.045
[34m[TIME]: 0.0076 seconds total (132.4 hz, 0.25 ms behind)
[0mq_GtoI = -0.979,0.201,-0.021,0.021 | p_IinG = 3.129,14.922,-3.191 | dist = 23.54 (meters)
bg = 0.0009,0.0001,-0.0001 | ba = 0.1061,0.0371,0.1550
camera-imu timeoffset = 0.00189
cam0 intrinsics = 351.002,350.764,367.699,253.579 | -0.039,-0.009,0.007,-0.002
cam1 intrinsics = 352.094,351.842,347.063,271.262 | -0.039,-0.005,0.002,-0.000
cam0 extrinsics = 0.500,0.503,0.496,0.501 | -0.045,0.016,-0.046
cam1 extrinsics = 0.499,0.502,0.499,0.500 | 0.064,0.017,-0.045
[34m[TIME]: 0.0089 seconds total (111.8 hz, 0.01 ms behind)
[0mq_GtoI = -0.979,0.201,-0.020,0.021 | p_IinG = 3.129,14.922,-3.191 | dist = 23.54 (meters)
bg = 0.0009,0.0001,-0.0001 | ba = 0.1061,0.0371,0.1550
camera-imu timeoffset = 0.00189
cam0 intrinsics = 351.002,350.762,367.699,253.580 | -0.038,-0.009,0.007,-0.002
cam1 intrinsics = 352.095,351.842,347.060,271.265 | -0.039,-0.005,0.002,-0.000
cam0 extrinsics = 0.500,0.503,0.496,0.501 | -0.045,0.016,-0.046
cam1 extrinsics = 0.499,0.502,0.499,0.500 | 0.064,0.017,-0.045
[34m[TIME]: 0.0076 seconds total (130.8 hz, 0.02 ms behind)
[0mq_GtoI = -0.979,0.200,-0.020,0.021 | p_IinG = 3.130,14.922,-3.191 | dist = 23.54 (meters)
bg = 0.0009,0.0001,-0.0001 | ba = 0.1061,0.0371,0.1550
camera-imu timeoffset = 0.00189
cam0 intrinsics = 351.001,350.761,367.699,253.581 | -0.038,-0.009,0.007,-0.002
cam1 intrinsics = 352.096,351.843,347.058,271.267 | -0.039,-0.005,0.002,-0.000
cam0 extrinsics = 0.500,0.503,0.496,0.501 | -0.045,0.016,-0.046
cam1 extrinsics = 0.499,0.502,0.499,0.500 | 0.064,0.017,-0.045
[34m[TIME]: 0.0073 seconds total (136.6 hz, 0.03 ms behind)
[0mq_GtoI = -0.979,0.200,-0.020,0.021 | p_IinG = 3.130,14.922,-3.191 | dist = 23.54 (meters)
bg = 0.0009,0.0001,-0.0001 | ba = 0.1061,0.0371,0.1550
camera-imu timeoffset = 0.00189
cam0 intrinsics = 351.001,350.760,367.699,253.582 | -0.038,-0.009,0.007,-0.002
cam1 intrinsics = 352.098,351.843,347.055,271.270 | -0.039,-0.005,0.002,-0.000
cam0 extrinsics = 0.500,0.503,0.496,0.501 | -0.045,0.016,-0.046
cam1 extrinsics = 0.499,0.502,0.499,0.500 | 0.064,0.017,-0.045
[34m[TIME]: 0.0068 seconds total (147.9 hz, 0.04 ms behind)
[0mq_GtoI = -0.979,0.200,-0.020,0.021 | p_IinG = 3.130,14.922,-3.191 | dist = 23.54 (meters)
bg = 0.0009,0.0001,-0.0001 | ba = 0.1061,0.0371,0.1550
camera-imu timeoffset = 0.00189
cam0 intrinsics = 351.000,350.759,367.700,253.582 | -0.038,-0.009,0.007,-0.002
cam1 intrinsics = 352.099,351.843,347.052,271.272 | -0.039,-0.005,0.002,-0.000
cam0 extrinsics = 0.500,0.503,0.496,0.501 | -0.045,0.016,-0.046
cam1 extrinsics = 0.499,0.502,0.499,0.500 | 0.064,0.017,-0.045
[34m[TIME]: 0.0078 seconds total (127.5 hz, 0.05 ms behind)
[0mq_GtoI = -0.979,0.200,-0.021,0.022 | p_IinG = 3.130,14.921,-3.191 | dist = 23.54 (meters)
bg = 0.0009,0.0001,-0.0001 | ba = 0.1062,0.0371,0.1550
camera-imu timeoffset = 0.00189
cam0 intrinsics = 351.000,350.758,367.700,253.583 | -0.038,-0.009,0.007,-0.002
cam1 intrinsics = 352.100,351.844,347.050,271.275 | -0.039,-0.005,0.002,-0.000
cam0 extrinsics = 0.500,0.503,0.496,0.501 | -0.045,0.016,-0.046
cam1 extrinsics = 0.499,0.502,0.499,0.500 | 0.064,0.017,-0.045
[34m[TIME]: 0.0097 seconds total (102.7 hz, 0.06 ms behind)
[0mq_GtoI = -0.979,0.200,-0.021,0.022 | p_IinG = 3.130,14.921,-3.191 | dist = 23.54 (meters)
bg = 0.0009,0.0001,-0.0001 | ba = 0.1062,0.0371,0.1550
camera-imu timeoffset = 0.00189
cam0 intrinsics = 350.999,350.757,367.699,253.584 | -0.038,-0.009,0.007,-0.002
cam1 intrinsics = 352.101,351.844,347.047,271.277 | -0.039,-0.005,0.002,-0.000
cam0 extrinsics = 0.500,0.503,0.496,0.501 | -0.045,0.016,-0.046
cam1 extrinsics = 0.499,0.502,0.499,0.500 | 0.064,0.017,-0.045
[34m[TIME]: 0.0081 seconds total (124.2 hz, 0.07 ms behind)
[0mq_GtoI = -0.979,0.200,-0.021,0.022 | p_IinG = 3.130,14.921,-3.191 | dist = 23.54 (meters)
bg = 0.0009,0.0001,-0.0001 | ba = 0.1062,0.0371,0.1550
camera-imu timeoffset = 0.00189
cam0 intrinsics = 350.998,350.756,367.699,253.584 | -0.038,-0.009,0.007,-0.002
cam1 intrinsics = 352.102,351.844,347.045,271.280 | -0.039,-0.005,0.002,-0.000
cam0 extrinsics = 0.500,0.503,0.496,0.501 | -0.045,0.016,-0.046
cam1 extrinsics = 0.499,0.502,0.499,0.500 | 0.064,0.017,-0.045
[34m[TIME]: 0.0083 seconds total (120.5 hz, 0.08 ms behind)
[0mq_GtoI = -0.979,0.200,-0.022,0.023 | p_IinG = 3.130,14.921,-3.191 | dist = 23.54 (meters)
bg = 0.0009,0.0001,-0.0001 | ba = 0.1062,0.0371,0.1550
camera-imu timeoffset = 0.00189
cam0 intrinsics = 350.998,350.755,367.700,253.585 | -0.038,-0.009,0.008,-0.002
cam1 intrinsics = 352.103,351.845,347.042,271.282 | -0.039,-0.005,0.002,-0.000
cam0 extrinsics = 0.500,0.503,0.496,0.501 | -0.045,0.016,-0.046
cam1 extrinsics = 0.499,0.502,0.499,0.500 | 0.064,0.017,-0.045
[34m[TIME]: 0.0096 seconds total (104.6 hz, 0.09 ms behind)
[0mq_GtoI = -0.979,0.200,-0.023,0.024 | p_IinG = 3.130,14.921,-3.191 | dist = 23.54 (meters)
bg = 0.0009,0.0001,-0.0001 | ba = 0.1062,0.0371,0.1550
camera-imu timeoffset = 0.00189
cam0 intrinsics = 350.997,350.754,367.700,253.585 | -0.038,-0.009,0.008,-0.002
cam1 intrinsics = 352.104,351.845,347.040,271.284 | -0.039,-0.005,0.002,-0.000
cam0 extrinsics = 0.500,0.503,0.496,0.501 | -0.045,0.016,-0.046
cam1 extrinsics = 0.499,0.502,0.499,0.500 | 0.064,0.017,-0.045
[34m[TIME]: 0.0086 seconds total (116.3 hz, 0.10 ms behind)
[0mq_GtoI = -0.979,0.200,-0.024,0.025 | p_IinG = 3.130,14.920,-3.191 | dist = 23.54 (meters)
bg = 0.0009,0.0001,-0.0001 | ba = 0.1062,0.0371,0.1550
camera-imu timeoffset = 0.00189
cam0 intrinsics = 350.997,350.754,367.700,253.586 | -0.038,-0.009,0.008,-0.002
cam1 intrinsics = 352.105,351.846,347.037,271.286 | -0.039,-0.005,0.002,-0.000
cam0 extrinsics = 0.500,0.503,0.496,0.501 | -0.045,0.016,-0.046
cam1 extrinsics = 0.499,0.502,0.499,0.500 | 0.064,0.017,-0.045
[34m[TIME]: 0.0107 seconds total (93.4 hz, 0.11 ms behind)
[0mq_GtoI = -0.979,0.200,-0.024,0.025 | p_IinG = 3.129,14.920,-3.191 | dist = 23.54 (meters)
bg = 0.0009,0.0001,-0.0001 | ba = 0.1062,0.0371,0.1550
camera-imu timeoffset = 0.00189
cam0 intrinsics = 350.997,350.753,367.700,253.586 | -0.038,-0.009,0.008,-0.002
cam1 intrinsics = 352.106,351.847,347.035,271.288 | -0.039,-0.005,0.002,-0.000
cam0 extrinsics = 0.500,0.503,0.496,0.501 | -0.045,0.016,-0.046
cam1 extrinsics = 0.499,0.502,0.499,0.500 | 0.064,0.017,-0.045
[34m[TIME]: 0.0073 seconds total (137.6 hz, 0.12 ms behind)
[0mq_GtoI = -0.979,0.201,-0.024,0.025 | p_IinG = 3.129,14.920,-3.191 | dist = 23.54 (meters)
bg = 0.0009,0.0001,-0.0001 | ba = 0.1062,0.0371,0.1550
camera-imu timeoffset = 0.00189
cam0 intrinsics = 350.996,350.752,367.700,253.587 | -0.038,-0.009,0.008,-0.002
cam1 intrinsics = 352.108,351.847,347.033,271.289 | -0.039,-0.005,0.002,-0.000
cam0 extrinsics = 0.500,0.503,0.496,0.501 | -0.045,0.016,-0.046
cam1 extrinsics = 0.499,0.502,0.499,0.500 | 0.064,0.017,-0.045
[34m[TIME]: 0.0122 seconds total (82.0 hz, 0.13 ms behind)
[0mq_GtoI = -0.979,0.201,-0.024,0.025 | p_IinG = 3.129,14.920,-3.191 | dist = 23.54 (meters)
bg = 0.0009,0.0001,-0.0001 | ba = 0.1063,0.0371,0.1550
camera-imu timeoffset = 0.00189
cam0 intrinsics = 350.996,350.752,367.700,253.588 | -0.038,-0.009,0.008,-0.002
cam1 intrinsics = 352.109,351.848,347.031,271.292 | -0.039,-0.005,0.002,-0.000
cam0 extrinsics = 0.500,0.503,0.496,0.501 | -0.045,0.016,-0.046
cam1 extrinsics = 0.499,0.502,0.499,0.500 | 0.064,0.017,-0.045
[34m[TIME]: 0.0103 seconds total (97.5 hz, 0.14 ms behind)
[0mq_GtoI = -0.979,0.201,-0.025,0.026 | p_IinG = 3.129,14.919,-3.192 | dist = 23.54 (meters)
bg = 0.0009,0.0001,-0.0001 | ba = 0.1063,0.0371,0.1550
camera-imu timeoffset = 0.00189
cam0 intrinsics = 350.995,350.751,367.701,253.588 | -0.038,-0.009,0.008,-0.002
cam1 intrinsics = 352.110,351.849,347.028,271.294 | -0.039,-0.005,0.002,-0.000
cam0 extrinsics = 0.500,0.503,0.496,0.501 | -0.045,0.016,-0.046
cam1 extrinsics = 0.499,0.502,0.499,0.500 | 0.064,0.017,-0.045
[34m[TIME]: 0.0089 seconds total (112.3 hz, 0.16 ms behind)
[0mq_GtoI = -0.979,0.201,-0.026,0.027 | p_IinG = 3.129,14.919,-3.192 | dist = 23.54 (meters)
bg = 0.0009,0.0001,-0.0001 | ba = 0.1063,0.0371,0.1550
camera-imu timeoffset = 0.00189
cam0 intrinsics = 350.995,350.751,367.701,253.588 | -0.038,-0.009,0.008,-0.002
cam1 intrinsics = 352.112,351.850,347.026,271.295 | -0.039,-0.005,0.002,-0.000
cam0 extrinsics = 0.500,0.503,0.496,0.501 | -0.045,0.016,-0.046
cam1 extrinsics = 0.499,0.502,0.499,0.500 | 0.064,0.017,-0.045
[34m[TIME]: 0.0077 seconds total (130.5 hz, 0.16 ms behind)
[0mq_GtoI = -0.979,0.201,-0.026,0.028 | p_IinG = 3.128,14.919,-3.192 | dist = 23.54 (meters)
bg = 0.0009,0.0001,-0.0001 | ba = 0.1063,0.0371,0.1550
camera-imu timeoffset = 0.00189
cam0 intrinsics = 350.995,350.750,367.701,253.589 | -0.038,-0.009,0.008,-0.002
cam1 intrinsics = 352.113,351.850,347.024,271.297 | -0.039,-0.005,0.002,-0.000
cam0 extrinsics = 0.500,0.503,0.496,0.501 | -0.045,0.016,-0.046
cam1 extrinsics = 0.499,0.502,0.499,0.500 | 0.064,0.017,-0.045
[34m[TIME]: 0.0079 seconds total (127.3 hz, 0.17 ms behind)
[0mq_GtoI = -0.979,0.201,-0.026,0.028 | p_IinG = 3.128,14.919,-3.192 | dist = 23.54 (meters)
bg = 0.0009,0.0001,-0.0001 | ba = 0.1063,0.0371,0.1550
camera-imu timeoffset = 0.00189
cam0 intrinsics = 350.995,350.750,367.701,253.589 | -0.038,-0.009,0.008,-0.002
cam1 intrinsics = 352.114,351.851,347.022,271.299 | -0.039,-0.005,0.002,-0.000
cam0 extrinsics = 0.500,0.503,0.496,0.501 | -0.045,0.016,-0.046
cam1 extrinsics = 0.499,0.502,0.499,0.500 | 0.064,0.017,-0.045
[34m[TIME]: 0.0082 seconds total (122.4 hz, 0.18 ms behind)
[0mq_GtoI = -0.979,0.201,-0.027,0.028 | p_IinG = 3.128,14.919,-3.192 | dist = 23.54 (meters)
bg = 0.0009,0.0001,-0.0001 | ba = 0.1063,0.0371,0.1550
camera-imu timeoffset = 0.00189
cam0 intrinsics = 350.994,350.749,367.701,253.589 | -0.038,-0.009,0.008,-0.002
cam1 intrinsics = 352.115,351.851,347.020,271.301 | -0.039,-0.005,0.002,-0.000
cam0 extrinsics = 0.500,0.503,0.496,0.501 | -0.045,0.016,-0.046
cam1 extrinsics = 0.499,0.502,0.499,0.500 | 0.064,0.017,-0.045
[34m[TIME]: 0.0073 seconds total (136.5 hz, 0.19 ms behind)
[0mq_GtoI = -0.979,0.201,-0.027,0.028 | p_IinG = 3.128,14.919,-3.192 | dist = 23.54 (meters)
bg = 0.0009,0.0001,-0.0001 | ba = 0.1063,0.0371,0.1550
camera-imu timeoffset = 0.00189
cam0 intrinsics = 350.994,350.748,367.701,253.589 | -0.038,-0.009,0.008,-0.002
cam1 intrinsics = 352.116,351.851,347.017,271.302 | -0.039,-0.005,0.002,-0.000
cam0 extrinsics = 0.500,0.503,0.496,0.501 | -0.045,0.016,-0.046
cam1 extrinsics = 0.499,0.502,0.499,0.500 | 0.064,0.017,-0.045
[34m[TIME]: 0.0062 seconds total (162.2 hz, 0.20 ms behind)
[0mq_GtoI = -0.979,0.201,-0.027,0.028 | p_IinG = 3.128,14.919,-3.192 | dist = 23.54 (meters)
bg = 0.0009,0.0001,-0.0001 | ba = 0.1063,0.0371,0.1550
camera-imu timeoffset = 0.00189
cam0 intrinsics = 350.993,350.747,367.701,253.590 | -0.038,-0.009,0.008,-0.002
cam1 intrinsics = 352.116,351.851,347.015,271.304 | -0.039,-0.005,0.001,-0.000
cam0 extrinsics = 0.500,0.503,0.496,0.501 | -0.045,0.016,-0.046
cam1 extrinsics = 0.499,0.502,0.499,0.500 | 0.064,0.016,-0.045
[34m[TIME]: 0.0101 seconds total (99.4 hz, 0.21 ms behind)
[0mq_GtoI = -0.979,0.201,-0.027,0.028 | p_IinG = 3.128,14.919,-3.192 | dist = 23.54 (meters)
bg = 0.0009,0.0001,-0.0001 | ba = 0.1063,0.0370,0.1550
camera-imu timeoffset = 0.00189
cam0 intrinsics = 350.993,350.746,367.700,253.590 | -0.038,-0.009,0.008,-0.002
cam1 intrinsics = 352.117,351.850,347.013,271.305 | -0.039,-0.005,0.001,-0.000
cam0 extrinsics = 0.500,0.503,0.496,0.501 | -0.045,0.016,-0.046
cam1 extrinsics = 0.499,0.502,0.499,0.500 | 0.064,0.016,-0.045
[34m[TIME]: 0.0079 seconds total (127.1 hz, 0.23 ms behind)
[0mq_GtoI = -0.979,0.201,-0.027,0.028 | p_IinG = 3.129,14.918,-3.192 | dist = 23.54 (meters)
bg = 0.0009,0.0001,-0.0001 | ba = 0.1063,0.0370,0.1550
camera-imu timeoffset = 0.00189
cam0 intrinsics = 350.992,350.744,367.700,253.590 | -0.038,-0.009,0.008,-0.002
cam1 intrinsics = 352.118,351.850,347.010,271.307 | -0.039,-0.005,0.001,-0.000
cam0 extrinsics = 0.500,0.503,0.496,0.501 | -0.045,0.016,-0.046
cam1 extrinsics = 0.499,0.502,0.499,0.500 | 0.064,0.016,-0.045
[34m[TIME]: 0.0107 seconds total (93.0 hz, 0.24 ms behind)
[0mq_GtoI = -0.979,0.200,-0.026,0.027 | p_IinG = 3.129,14.919,-3.192 | dist = 23.54 (meters)
bg = 0.0009,0.0001,-0.0001 | ba = 0.1063,0.0370,0.1549
camera-imu timeoffset = 0.00189
cam0 intrinsics = 350.992,350.743,367.700,253.590 | -0.038,-0.009,0.008,-0.002
cam1 intrinsics = 352.119,351.850,347.008,271.308 | -0.039,-0.005,0.001,-0.000
cam0 extrinsics = 0.500,0.503,0.496,0.501 | -0.045,0.016,-0.046
cam1 extrinsics = 0.499,0.502,0.499,0.500 | 0.064,0.016,-0.045
[34m[TIME]: 0.0085 seconds total (117.8 hz, 0.25 ms behind)
[0mq_GtoI = -0.979,0.200,-0.025,0.027 | p_IinG = 3.129,14.919,-3.191 | dist = 23.54 (meters)
bg = 0.0009,0.0001,-0.0001 | ba = 0.1063,0.0370,0.1549
camera-imu timeoffset = 0.00189
cam0 intrinsics = 350.991,350.742,367.699,253.590 | -0.038,-0.009,0.008,-0.002
cam1 intrinsics = 352.119,351.850,347.007,271.309 | -0.039,-0.005,0.001,-0.000
cam0 extrinsics = 0.500,0.503,0.496,0.501 | -0.045,0.016,-0.046
cam1 extrinsics = 0.499,0.502,0.499,0.500 | 0.064,0.016,-0.045
[34m[TIME]: 0.0091 seconds total (110.1 hz, 0.01 ms behind)
[0mq_GtoI = -0.979,0.200,-0.025,0.027 | p_IinG = 3.129,14.919,-3.191 | dist = 23.54 (meters)
bg = 0.0009,0.0001,-0.0001 | ba = 0.1063,0.0370,0.1549
camera-imu timeoffset = 0.00189
cam0 intrinsics = 350.990,350.741,367.699,253.590 | -0.038,-0.009,0.008,-0.002
cam1 intrinsics = 352.120,351.850,347.004,271.310 | -0.039,-0.005,0.001,-0.000
cam0 extrinsics = 0.500,0.503,0.496,0.501 | -0.045,0.016,-0.046
cam1 extrinsics = 0.499,0.502,0.499,0.500 | 0.064,0.016,-0.045
[34m[TIME]: 0.0083 seconds total (120.1 hz, 0.02 ms behind)
[0mq_GtoI = -0.979,0.200,-0.025,0.027 | p_IinG = 3.129,14.919,-3.191 | dist = 23.54 (meters)
bg = 0.0009,0.0001,-0.0001 | ba = 0.1063,0.0370,0.1549
camera-imu timeoffset = 0.00189
cam0 intrinsics = 350.990,350.740,367.699,253.590 | -0.038,-0.009,0.008,-0.002
cam1 intrinsics = 352.121,351.850,347.002,271.311 | -0.039,-0.005,0.001,-0.000
cam0 extrinsics = 0.500,0.503,0.496,0.501 | -0.045,0.016,-0.046
cam1 extrinsics = 0.499,0.502,0.499,0.500 | 0.064,0.016,-0.045
[34m[TIME]: 0.0072 seconds total (139.5 hz, 0.03 ms behind)
[0mq_GtoI = -0.979,0.200,-0.025,0.027 | p_IinG = 3.129,14.919,-3.191 | dist = 23.54 (meters)
bg = 0.0009,0.0001,-0.0001 | ba = 0.1063,0.0370,0.1549
camera-imu timeoffset = 0.00189
cam0 intrinsics = 350.989,350.739,367.698,253.590 | -0.038,-0.009,0.008,-0.002
cam1 intrinsics = 352.121,351.850,347.000,271.313 | -0.039,-0.005,0.001,-0.000
cam0 extrinsics = 0.500,0.503,0.496,0.501 | -0.045,0.016,-0.046
cam1 extrinsics = 0.499,0.502,0.499,0.500 | 0.064,0.017,-0.045
[34m[TIME]: 0.0096 seconds total (103.8 hz, 0.04 ms behind)
[0mq_GtoI = -0.979,0.200,-0.025,0.027 | p_IinG = 3.129,14.919,-3.191 | dist = 23.54 (meters)
bg = 0.0009,0.0001,-0.0001 | ba = 0.1063,0.0370,0.1549
camera-imu timeoffset = 0.00189
cam0 intrinsics = 350.988,350.738,367.698,253.590 | -0.038,-0.009,0.008,-0.002
cam1 intrinsics = 352.122,351.850,346.998,271.314 | -0.039,-0.005,0.001,-0.000
cam0 extrinsics = 0.500,0.503,0.496,0.501 | -0.045,0.016,-0.046
cam1 extrinsics = 0.499,0.502,0.499,0.500 | 0.064,0.017,-0.045
[34m[TIME]: 0.0079 seconds total (127.3 hz, 0.05 ms behind)
[0mq_GtoI = -0.979,0.200,-0.025,0.026 | p_IinG = 3.129,14.918,-3.191 | dist = 23.54 (meters)
bg = 0.0009,0.0001,-0.0001 | ba = 0.1063,0.0370,0.1549
camera-imu timeoffset = 0.00189
cam0 intrinsics = 350.988,350.737,367.698,253.590 | -0.038,-0.009,0.008,-0.002
cam1 intrinsics = 352.123,351.850,346.996,271.315 | -0.039,-0.005,0.001,-0.000
cam0 extrinsics = 0.500,0.503,0.496,0.501 | -0.045,0.016,-0.046
cam1 extrinsics = 0.499,0.502,0.499,0.500 | 0.064,0.017,-0.045
[34m[TIME]: 0.0118 seconds total (84.5 hz, 0.06 ms behind)
[0mq_GtoI = -0.979,0.200,-0.025,0.026 | p_IinG = 3.130,14.918,-3.191 | dist = 23.54 (meters)
bg = 0.0009,0.0001,-0.0001 | ba = 0.1063,0.0370,0.1549
camera-imu timeoffset = 0.00189
cam0 intrinsics = 350.987,350.736,367.698,253.590 | -0.038,-0.009,0.008,-0.002
cam1 intrinsics = 352.123,351.850,346.994,271.317 | -0.039,-0.005,0.001,-0.000
cam0 extrinsics = 0.500,0.503,0.496,0.501 | -0.045,0.016,-0.046
cam1 extrinsics = 0.499,0.502,0.499,0.500 | 0.064,0.017,-0.045
[34m[TIME]: 0.0080 seconds total (124.6 hz, 0.07 ms behind)
[0mq_GtoI = -0.979,0.200,-0.025,0.026 | p_IinG = 3.130,14.918,-3.191 | dist = 23.54 (meters)
bg = 0.0009,0.0001,-0.0001 | ba = 0.1063,0.0371,0.1549
camera-imu timeoffset = 0.00190
cam0 intrinsics = 350.987,350.735,367.698,253.590 | -0.038,-0.009,0.008,-0.002
cam1 intrinsics = 352.124,351.850,346.992,271.318 | -0.039,-0.005,0.001,-0.000
cam0 extrinsics = 0.500,0.503,0.496,0.501 | -0.045,0.016,-0.046
cam1 extrinsics = 0.499,0.502,0.499,0.500 | 0.064,0.017,-0.045
[34m[TIME]: 0.0106 seconds total (94.4 hz, 0.08 ms behind)
[0mq_GtoI = -0.979,0.200,-0.025,0.026 | p_IinG = 3.130,14.918,-3.191 | dist = 23.54 (meters)
bg = 0.0009,0.0001,-0.0001 | ba = 0.1063,0.0371,0.1549
camera-imu timeoffset = 0.00190
cam0 intrinsics = 350.986,350.735,367.698,253.590 | -0.038,-0.009,0.008,-0.002
cam1 intrinsics = 352.124,351.850,346.990,271.319 | -0.039,-0.005,0.001,-0.000
cam0 extrinsics = 0.500,0.503,0.496,0.501 | -0.045,0.016,-0.046
cam1 extrinsics = 0.499,0.502,0.499,0.500 | 0.064,0.017,-0.045
[34m[TIME]: 0.0072 seconds total (138.1 hz, 0.09 ms behind)
[0mq_GtoI = -0.979,0.200,-0.025,0.026 | p_IinG = 3.130,14.918,-3.191 | dist = 23.54 (meters)
bg = 0.0009,0.0001,-0.0001 | ba = 0.1063,0.0371,0.1549
camera-imu timeoffset = 0.00190
cam0 intrinsics = 350.985,350.734,367.698,253.590 | -0.038,-0.009,0.008,-0.002
cam1 intrinsics = 352.125,351.850,346.989,271.321 | -0.039,-0.005,0.001,-0.000
cam0 extrinsics = 0.500,0.503,0.496,0.501 | -0.045,0.016,-0.046
cam1 extrinsics = 0.499,0.502,0.499,0.500 | 0.064,0.017,-0.045
[34m[TIME]: 0.0096 seconds total (104.5 hz, 0.10 ms behind)
[0mq_GtoI = -0.979,0.200,-0.025,0.026 | p_IinG = 3.130,14.918,-3.191 | dist = 23.54 (meters)
bg = 0.0009,0.0001,-0.0001 | ba = 0.1063,0.0371,0.1549
camera-imu timeoffset = 0.00190
cam0 intrinsics = 350.985,350.733,367.699,253.590 | -0.038,-0.009,0.008,-0.002
cam1 intrinsics = 352.126,351.850,346.987,271.322 | -0.039,-0.005,0.001,-0.000
cam0 extrinsics = 0.500,0.503,0.496,0.501 | -0.045,0.016,-0.046
cam1 extrinsics = 0.499,0.502,0.499,0.500 | 0.064,0.017,-0.045
[34m[TIME]: 0.0075 seconds total (132.8 hz, 0.11 ms behind)
[0mq_GtoI = -0.979,0.200,-0.025,0.026 | p_IinG = 3.130,14.918,-3.191 | dist = 23.54 (meters)
bg = 0.0009,0.0001,-0.0001 | ba = 0.1063,0.0371,0.1549
camera-imu timeoffset = 0.00190
cam0 intrinsics = 350.985,350.733,367.699,253.590 | -0.038,-0.009,0.008,-0.002
cam1 intrinsics = 352.127,351.851,346.985,271.324 | -0.039,-0.005,0.001,-0.000
cam0 extrinsics = 0.500,0.503,0.496,0.501 | -0.045,0.016,-0.046
cam1 extrinsics = 0.499,0.502,0.499,0.500 | 0.064,0.017,-0.045
[34m[TIME]: 0.0102 seconds total (98.4 hz, 0.12 ms behind)
[0mq_GtoI = -0.979,0.200,-0.025,0.026 | p_IinG = 3.130,14.919,-3.191 | dist = 23.54 (meters)
bg = 0.0009,0.0001,-0.0001 | ba = 0.1063,0.0371,0.1549
camera-imu timeoffset = 0.00190
cam0 intrinsics = 350.984,350.732,367.699,253.591 | -0.038,-0.009,0.008,-0.002
cam1 intrinsics = 352.128,351.851,346.984,271.324 | -0.039,-0.005,0.001,-0.000
cam0 extrinsics = 0.500,0.503,0.496,0.501 | -0.045,0.016,-0.046
cam1 extrinsics = 0.499,0.502,0.499,0.500 | 0.064,0.017,-0.045
[34m[TIME]: 0.0092 seconds total (108.4 hz, 0.13 ms behind)
[0mq_GtoI = -0.979,0.200,-0.025,0.026 | p_IinG = 3.130,14.919,-3.191 | dist = 23.55 (meters)
bg = 0.0009,0.0001,-0.0001 | ba = 0.1063,0.0371,0.1549
camera-imu timeoffset = 0.00190
cam0 intrinsics = 350.983,350.732,367.699,253.591 | -0.038,-0.009,0.008,-0.002
cam1 intrinsics = 352.128,351.852,346.982,271.325 | -0.039,-0.005,0.001,-0.000
cam0 extrinsics = 0.500,0.503,0.496,0.501 | -0.045,0.016,-0.046
cam1 extrinsics = 0.499,0.502,0.499,0.500 | 0.064,0.017,-0.045
[34m[TIME]: 0.0090 seconds total (110.9 hz, 0.14 ms behind)
[0mq_GtoI = -0.979,0.200,-0.025,0.026 | p_IinG = 3.130,14.919,-3.191 | dist = 23.55 (meters)
bg = 0.0009,0.0001,-0.0001 | ba = 0.1063,0.0371,0.1549
camera-imu timeoffset = 0.00190
cam0 intrinsics = 350.983,350.731,367.699,253.591 | -0.038,-0.009,0.008,-0.002
cam1 intrinsics = 352.129,351.852,346.980,271.326 | -0.039,-0.005,0.001,-0.000
cam0 extrinsics = 0.500,0.503,0.496,0.501 | -0.045,0.016,-0.046
cam1 extrinsics = 0.499,0.502,0.499,0.500 | 0.064,0.017,-0.045
[34m[TIME]: 0.0076 seconds total (131.7 hz, 0.15 ms behind)
[0mq_GtoI = -0.979,0.200,-0.025,0.026 | p_IinG = 3.130,14.919,-3.191 | dist = 23.55 (meters)
bg = 0.0009,0.0001,-0.0001 | ba = 0.1063,0.0371,0.1549
camera-imu timeoffset = 0.00190
cam0 intrinsics = 350.983,350.731,367.700,253.591 | -0.038,-0.009,0.008,-0.002
cam1 intrinsics = 352.130,351.852,346.979,271.327 | -0.039,-0.005,0.001,-0.000
cam0 extrinsics = 0.500,0.503,0.496,0.501 | -0.045,0.016,-0.046
cam1 extrinsics = 0.499,0.502,0.499,0.500 | 0.064,0.017,-0.045
[34m[TIME]: 0.0087 seconds total (114.9 hz, 0.16 ms behind)
[0mq_GtoI = -0.979,0.200,-0.025,0.026 | p_IinG = 3.130,14.919,-3.191 | dist = 23.55 (meters)
bg = 0.0009,0.0001,-0.0001 | ba = 0.1063,0.0371,0.1549
camera-imu timeoffset = 0.00190
cam0 intrinsics = 350.982,350.730,367.700,253.591 | -0.038,-0.009,0.008,-0.002
cam1 intrinsics = 352.131,351.853,346.977,271.329 | -0.039,-0.005,0.001,-0.000
cam0 extrinsics = 0.500,0.503,0.496,0.501 | -0.045,0.016,-0.046
cam1 extrinsics = 0.499,0.502,0.499,0.500 | 0.065,0.017,-0.045
[34m[TIME]: 0.0075 seconds total (133.9 hz, 0.17 ms behind)
[0mq_GtoI = -0.979,0.200,-0.025,0.026 | p_IinG = 3.130,14.918,-3.191 | dist = 23.55 (meters)
bg = 0.0009,0.0001,-0.0001 | ba = 0.1063,0.0371,0.1549
camera-imu timeoffset = 0.00190
cam0 intrinsics = 350.982,350.730,367.700,253.591 | -0.038,-0.010,0.008,-0.002
cam1 intrinsics = 352.132,351.853,346.976,271.330 | -0.039,-0.005,0.001,-0.000
cam0 extrinsics = 0.500,0.503,0.496,0.501 | -0.045,0.016,-0.046
cam1 extrinsics = 0.499,0.502,0.499,0.500 | 0.065,0.017,-0.045
[34m[TIME]: 0.0083 seconds total (120.6 hz, 0.18 ms behind)
[0mq_GtoI = -0.979,0.199,-0.025,0.026 | p_IinG = 3.130,14.918,-3.191 | dist = 23.55 (meters)
bg = 0.0009,0.0000,-0.0001 | ba = 0.1063,0.0371,0.1549
camera-imu timeoffset = 0.00190
cam0 intrinsics = 350.982,350.730,367.701,253.591 | -0.038,-0.010,0.008,-0.002
cam1 intrinsics = 352.133,351.854,346.975,271.331 | -0.039,-0.005,0.001,-0.000
cam0 extrinsics = 0.500,0.503,0.496,0.501 | -0.045,0.016,-0.046
cam1 extrinsics = 0.499,0.502,0.499,0.500 | 0.065,0.017,-0.045
[34m[TIME]: 0.0069 seconds total (144.6 hz, 0.19 ms behind)
[0mq_GtoI = -0.979,0.198,-0.025,0.026 | p_IinG = 3.131,14.918,-3.191 | dist = 23.55 (meters)
bg = 0.0009,0.0000,-0.0001 | ba = 0.1064,0.0371,0.1549
camera-imu timeoffset = 0.00190
cam0 intrinsics = 350.981,350.729,367.701,253.591 | -0.038,-0.010,0.008,-0.002
cam1 intrinsics = 352.133,351.854,346.973,271.333 | -0.039,-0.005,0.001,-0.000
cam0 extrinsics = 0.500,0.503,0.496,0.501 | -0.045,0.016,-0.046
cam1 extrinsics = 0.499,0.502,0.499,0.500 | 0.065,0.017,-0.045
[34m[TIME]: 0.0099 seconds total (101.1 hz, 0.20 ms behind)
[0mq_GtoI = -0.979,0.199,-0.025,0.026 | p_IinG = 3.130,14.918,-3.191 | dist = 23.55 (meters)
bg = 0.0009,0.0000,-0.0001 | ba = 0.1064,0.0371,0.1549
camera-imu timeoffset = 0.00190
cam0 intrinsics = 350.981,350.729,367.702,253.590 | -0.038,-0.010,0.008,-0.002
cam1 intrinsics = 352.134,351.855,346.971,271.334 | -0.039,-0.005,0.001,-0.000
cam0 extrinsics = 0.500,0.503,0.496,0.501 | -0.045,0.016,-0.046
cam1 extrinsics = 0.499,0.502,0.499,0.500 | 0.065,0.017,-0.045
[34m[TIME]: 0.0077 seconds total (130.7 hz, 0.21 ms behind)
[0mq_GtoI = -0.979,0.199,-0.025,0.026 | p_IinG = 3.130,14.918,-3.191 | dist = 23.55 (meters)
bg = 0.0009,0.0000,-0.0001 | ba = 0.1064,0.0371,0.1549
camera-imu timeoffset = 0.00190
cam0 intrinsics = 350.981,350.728,367.702,253.590 | -0.038,-0.010,0.008,-0.002
cam1 intrinsics = 352.135,351.855,346.970,271.335 | -0.039,-0.005,0.001,-0.000
cam0 extrinsics = 0.500,0.503,0.496,0.501 | -0.045,0.016,-0.046
cam1 extrinsics = 0.499,0.502,0.499,0.500 | 0.065,0.017,-0.045
[34m[TIME]: 0.0068 seconds total (148.0 hz, 0.23 ms behind)
[0mq_GtoI = -0.979,0.199,-0.025,0.026 | p_IinG = 3.130,14.918,-3.191 | dist = 23.55 (meters)
bg = 0.0009,0.0000,-0.0001 | ba = 0.1064,0.0371,0.1549
camera-imu timeoffset = 0.00190
cam0 intrinsics = 350.980,350.728,367.703,253.590 | -0.038,-0.010,0.008,-0.002
cam1 intrinsics = 352.136,351.855,346.968,271.336 | -0.039,-0.005,0.001,-0.000
cam0 extrinsics = 0.500,0.503,0.496,0.501 | -0.045,0.016,-0.046
cam1 extrinsics = 0.499,0.502,0.499,0.500 | 0.065,0.017,-0.045
[34m[TIME]: 0.0093 seconds total (107.4 hz, 0.24 ms behind)
[0mq_GtoI = -0.979,0.199,-0.025,0.026 | p_IinG = 3.130,14.918,-3.191 | dist = 23.55 (meters)
bg = 0.0009,0.0000,-0.0001 | ba = 0.1064,0.0371,0.1549
camera-imu timeoffset = 0.00190
cam0 intrinsics = 350.980,350.727,367.703,253.590 | -0.038,-0.010,0.008,-0.002
cam1 intrinsics = 352.137,351.856,346.967,271.337 | -0.039,-0.005,0.001,-0.000
cam0 extrinsics = 0.500,0.503,0.496,0.501 | -0.045,0.016,-0.046
cam1 extrinsics = 0.499,0.502,0.499,0.500 | 0.065,0.017,-0.045
[34m[TIME]: 0.0069 seconds total (145.0 hz, 0.25 ms behind)
[0mq_GtoI = -0.979,0.199,-0.025,0.026 | p_IinG = 3.130,14.918,-3.191 | dist = 23.55 (meters)
bg = 0.0009,0.0000,-0.0001 | ba = 0.1064,0.0371,0.1549
camera-imu timeoffset = 0.00190
cam0 intrinsics = 350.979,350.727,367.703,253.591 | -0.038,-0.010,0.008,-0.002
cam1 intrinsics = 352.137,351.856,346.966,271.337 | -0.039,-0.005,0.001,-0.000
cam0 extrinsics = 0.500,0.503,0.496,0.501 | -0.045,0.016,-0.046
cam1 extrinsics = 0.499,0.502,0.499,0.500 | 0.065,0.017,-0.045
[34m[TIME]: 0.0099 seconds total (100.6 hz, 0.01 ms behind)
[0mq_GtoI = -0.979,0.199,-0.025,0.026 | p_IinG = 3.130,14.918,-3.191 | dist = 23.55 (meters)
bg = 0.0009,0.0000,-0.0001 | ba = 0.1064,0.0371,0.1549
camera-imu timeoffset = 0.00190
cam0 intrinsics = 350.979,350.726,367.704,253.590 | -0.038,-0.010,0.008,-0.002
cam1 intrinsics = 352.138,351.856,346.964,271.338 | -0.039,-0.005,0.001,-0.000
cam0 extrinsics = 0.500,0.503,0.496,0.501 | -0.045,0.016,-0.046
cam1 extrinsics = 0.499,0.502,0.499,0.500 | 0.065,0.017,-0.045
[34m[TIME]: 0.0072 seconds total (138.6 hz, 0.02 ms behind)
[0mq_GtoI = -0.979,0.199,-0.025,0.026 | p_IinG = 3.130,14.918,-3.191 | dist = 23.55 (meters)
bg = 0.0009,0.0000,-0.0001 | ba = 0.1064,0.0371,0.1549
camera-imu timeoffset = 0.00190
cam0 intrinsics = 350.979,350.726,367.704,253.590 | -0.038,-0.010,0.008,-0.002
cam1 intrinsics = 352.139,351.856,346.963,271.339 | -0.039,-0.005,0.001,-0.000
cam0 extrinsics = 0.500,0.503,0.496,0.501 | -0.045,0.016,-0.046
cam1 extrinsics = 0.499,0.502,0.499,0.500 | 0.065,0.017,-0.045
[34m[TIME]: 0.0083 seconds total (120.9 hz, 0.03 ms behind)
[0mq_GtoI = -0.979,0.199,-0.024,0.025 | p_IinG = 3.130,14.918,-3.191 | dist = 23.55 (meters)
bg = 0.0009,0.0000,-0.0001 | ba = 0.1064,0.0371,0.1549
camera-imu timeoffset = 0.00190
cam0 intrinsics = 350.979,350.725,367.705,253.590 | -0.038,-0.010,0.008,-0.002
cam1 intrinsics = 352.140,351.857,346.961,271.339 | -0.039,-0.005,0.001,-0.000
cam0 extrinsics = 0.500,0.503,0.496,0.501 | -0.045,0.016,-0.046
cam1 extrinsics = 0.499,0.502,0.499,0.500 | 0.065,0.017,-0.045
[34m[TIME]: 0.0073 seconds total (137.3 hz, 0.04 ms behind)
[0mq_GtoI = -0.979,0.200,-0.024,0.025 | p_IinG = 3.130,14.918,-3.191 | dist = 23.55 (meters)
bg = 0.0009,0.0000,-0.0001 | ba = 0.1064,0.0371,0.1549
camera-imu timeoffset = 0.00190
cam0 intrinsics = 350.978,350.725,367.705,253.590 | -0.038,-0.010,0.008,-0.002
cam1 intrinsics = 352.141,351.857,346.960,271.340 | -0.039,-0.005,0.001,-0.000
cam0 extrinsics = 0.500,0.503,0.496,0.501 | -0.045,0.016,-0.046
cam1 extrinsics = 0.499,0.502,0.499,0.500 | 0.065,0.017,-0.045
[34m[TIME]: 0.0100 seconds total (100.3 hz, 0.05 ms behind)
[0mq_GtoI = -0.979,0.200,-0.024,0.025 | p_IinG = 3.130,14.918,-3.191 | dist = 23.55 (meters)
bg = 0.0009,0.0000,-0.0001 | ba = 0.1064,0.0371,0.1549
camera-imu timeoffset = 0.00190
cam0 intrinsics = 350.978,350.725,367.705,253.590 | -0.038,-0.010,0.008,-0.002
cam1 intrinsics = 352.142,351.858,346.959,271.341 | -0.039,-0.005,0.001,-0.000
cam0 extrinsics = 0.500,0.503,0.496,0.501 | -0.045,0.016,-0.046
cam1 extrinsics = 0.499,0.502,0.499,0.500 | 0.065,0.017,-0.045
[34m[TIME]: 0.0092 seconds total (109.1 hz, 0.06 ms behind)
[0mq_GtoI = -0.979,0.200,-0.024,0.025 | p_IinG = 3.130,14.918,-3.191 | dist = 23.55 (meters)
bg = 0.0009,0.0000,-0.0001 | ba = 0.1064,0.0371,0.1549
camera-imu timeoffset = 0.00190
cam0 intrinsics = 350.978,350.725,367.706,253.590 | -0.038,-0.010,0.008,-0.002
cam1 intrinsics = 352.143,351.858,346.957,271.342 | -0.039,-0.005,0.001,-0.000
cam0 extrinsics = 0.500,0.503,0.496,0.501 | -0.045,0.016,-0.046
cam1 extrinsics = 0.499,0.502,0.499,0.500 | 0.065,0.017,-0.045
[34m[TIME]: 0.0085 seconds total (117.6 hz, 0.07 ms behind)
[0mq_GtoI = -0.979,0.200,-0.024,0.025 | p_IinG = 3.129,14.918,-3.191 | dist = 23.55 (meters)
bg = 0.0009,0.0000,-0.0001 | ba = 0.1064,0.0371,0.1549
camera-imu timeoffset = 0.00190
cam0 intrinsics = 350.978,350.724,367.706,253.590 | -0.038,-0.010,0.008,-0.002
cam1 intrinsics = 352.144,351.859,346.956,271.343 | -0.039,-0.005,0.001,-0.000
cam0 extrinsics = 0.500,0.503,0.496,0.501 | -0.045,0.016,-0.046
cam1 extrinsics = 0.499,0.502,0.499,0.500 | 0.065,0.017,-0.045
[34m[TIME]: 0.0075 seconds total (133.5 hz, 0.08 ms behind)
[0mq_GtoI = -0.979,0.200,-0.024,0.025 | p_IinG = 3.129,14.918,-3.191 | dist = 23.55 (meters)
bg = 0.0009,0.0000,-0.0001 | ba = 0.1064,0.0371,0.1549
camera-imu timeoffset = 0.00190
cam0 intrinsics = 350.977,350.724,367.706,253.590 | -0.038,-0.010,0.008,-0.002
cam1 intrinsics = 352.144,351.859,346.954,271.344 | -0.039,-0.005,0.001,-0.000
cam0 extrinsics = 0.500,0.503,0.496,0.501 | -0.045,0.016,-0.046
cam1 extrinsics = 0.499,0.502,0.499,0.500 | 0.065,0.017,-0.045
[34m[TIME]: 0.0074 seconds total (134.6 hz, 0.09 ms behind)
[0mq_GtoI = -0.979,0.200,-0.024,0.025 | p_IinG = 3.129,14.918,-3.191 | dist = 23.55 (meters)
bg = 0.0009,0.0000,-0.0001 | ba = 0.1064,0.0371,0.1548
camera-imu timeoffset = 0.00190
cam0 intrinsics = 350.977,350.723,367.706,253.590 | -0.038,-0.010,0.008,-0.002
cam1 intrinsics = 352.145,351.860,346.953,271.345 | -0.039,-0.005,0.001,-0.000
cam0 extrinsics = 0.500,0.503,0.496,0.501 | -0.045,0.016,-0.046
cam1 extrinsics = 0.499,0.502,0.499,0.500 | 0.065,0.017,-0.045
[34m[TIME]: 0.0092 seconds total (108.1 hz, 0.10 ms behind)
[0mq_GtoI = -0.979,0.200,-0.024,0.025 | p_IinG = 3.129,14.918,-3.191 | dist = 23.55 (meters)
bg = 0.0009,0.0000,-0.0001 | ba = 0.1064,0.0371,0.1548
camera-imu timeoffset = 0.00190
cam0 intrinsics = 350.976,350.723,367.706,253.590 | -0.038,-0.010,0.008,-0.002
cam1 intrinsics = 352.146,351.860,346.951,271.346 | -0.039,-0.005,0.001,-0.000
cam0 extrinsics = 0.500,0.503,0.496,0.501 | -0.045,0.016,-0.046
cam1 extrinsics = 0.499,0.502,0.499,0.500 | 0.065,0.017,-0.045
[34m[TIME]: 0.0090 seconds total (111.7 hz, 0.11 ms behind)
[0mq_GtoI = -0.979,0.200,-0.024,0.025 | p_IinG = 3.129,14.918,-3.191 | dist = 23.55 (meters)
bg = 0.0009,0.0000,-0.0001 | ba = 0.1064,0.0371,0.1548
camera-imu timeoffset = 0.00189
cam0 intrinsics = 350.976,350.722,367.707,253.590 | -0.038,-0.010,0.008,-0.002
cam1 intrinsics = 352.147,351.861,346.950,271.347 | -0.039,-0.005,0.001,-0.000
cam0 extrinsics = 0.500,0.503,0.496,0.501 | -0.045,0.016,-0.046
cam1 extrinsics = 0.499,0.502,0.499,0.500 | 0.065,0.017,-0.045
[34m[TIME]: 0.0110 seconds total (91.0 hz, 0.12 ms behind)
[0mq_GtoI = -0.979,0.200,-0.024,0.025 | p_IinG = 3.129,14.918,-3.191 | dist = 23.55 (meters)
bg = 0.0009,0.0000,-0.0001 | ba = 0.1064,0.0371,0.1548
camera-imu timeoffset = 0.00189
cam0 intrinsics = 350.976,350.722,367.706,253.590 | -0.038,-0.010,0.008,-0.002
cam1 intrinsics = 352.148,351.861,346.949,271.346 | -0.039,-0.005,0.001,-0.000
cam0 extrinsics = 0.500,0.503,0.496,0.501 | -0.045,0.016,-0.046
cam1 extrinsics = 0.499,0.502,0.499,0.500 | 0.065,0.017,-0.045
[34m[TIME]: 0.0095 seconds total (105.8 hz, 0.13 ms behind)
[0mq_GtoI = -0.979,0.200,-0.024,0.025 | p_IinG = 3.129,14.918,-3.191 | dist = 23.55 (meters)
bg = 0.0009,0.0000,-0.0001 | ba = 0.1064,0.0371,0.1548
camera-imu timeoffset = 0.00189
cam0 intrinsics = 350.975,350.722,367.707,253.590 | -0.038,-0.010,0.008,-0.002
cam1 intrinsics = 352.149,351.862,346.948,271.347 | -0.040,-0.005,0.001,-0.000
cam0 extrinsics = 0.500,0.503,0.496,0.501 | -0.045,0.016,-0.046
cam1 extrinsics = 0.499,0.502,0.499,0.500 | 0.065,0.017,-0.045
[34m[TIME]: 0.0087 seconds total (114.6 hz, 0.14 ms behind)
[0mq_GtoI = -0.979,0.200,-0.024,0.025 | p_IinG = 3.129,14.918,-3.191 | dist = 23.55 (meters)
bg = 0.0009,0.0000,-0.0001 | ba = 0.1064,0.0371,0.1548
camera-imu timeoffset = 0.00189
cam0 intrinsics = 350.975,350.722,367.707,253.589 | -0.038,-0.010,0.008,-0.002
cam1 intrinsics = 352.150,351.862,346.946,271.348 | -0.040,-0.005,0.001,-0.000
cam0 extrinsics = 0.500,0.503,0.496,0.501 | -0.045,0.016,-0.046
cam1 extrinsics = 0.499,0.502,0.499,0.500 | 0.065,0.017,-0.045
[34m[TIME]: 0.0081 seconds total (123.5 hz, 0.15 ms behind)
[0mq_GtoI = -0.979,0.200,-0.024,0.025 | p_IinG = 3.129,14.918,-3.191 | dist = 23.55 (meters)
bg = 0.0009,0.0000,-0.0001 | ba = 0.1064,0.0371,0.1548
camera-imu timeoffset = 0.00189
cam0 intrinsics = 350.975,350.721,367.708,253.589 | -0.038,-0.010,0.008,-0.002
cam1 intrinsics = 352.151,351.862,346.945,271.348 | -0.040,-0.005,0.001,-0.000
cam0 extrinsics = 0.500,0.503,0.496,0.501 | -0.045,0.016,-0.046
cam1 extrinsics = 0.499,0.502,0.499,0.500 | 0.065,0.017,-0.045
[34m[TIME]: 0.0076 seconds total (131.0 hz, 0.16 ms behind)
[0mq_GtoI = -0.979,0.200,-0.025,0.026 | p_IinG = 3.129,14.918,-3.191 | dist = 23.55 (meters)
bg = 0.0009,0.0000,-0.0001 | ba = 0.1064,0.0371,0.1548
camera-imu timeoffset = 0.00189
cam0 intrinsics = 350.975,350.721,367.709,253.588 | -0.038,-0.010,0.008,-0.002
cam1 intrinsics = 352.151,351.863,346.943,271.349 | -0.040,-0.005,0.001,-0.000
cam0 extrinsics = 0.500,0.503,0.496,0.501 | -0.045,0.016,-0.046
cam1 extrinsics = 0.499,0.502,0.499,0.500 | 0.065,0.017,-0.045
[34m[TIME]: 0.0107 seconds total (93.2 hz, 0.17 ms behind)
[0mq_GtoI = -0.979,0.200,-0.025,0.026 | p_IinG = 3.129,14.918,-3.191 | dist = 23.55 (meters)
bg = 0.0009,0.0000,-0.0001 | ba = 0.1064,0.0371,0.1548
camera-imu timeoffset = 0.00189
cam0 intrinsics = 350.975,350.721,367.709,253.588 | -0.038,-0.010,0.008,-0.002
cam1 intrinsics = 352.152,351.863,346.942,271.350 | -0.040,-0.005,0.001,-0.000
cam0 extrinsics = 0.500,0.503,0.496,0.501 | -0.045,0.016,-0.046
cam1 extrinsics = 0.499,0.502,0.499,0.500 | 0.065,0.017,-0.045
[34m[TIME]: 0.0078 seconds total (128.0 hz, 0.18 ms behind)
[0mq_GtoI = -0.979,0.201,-0.025,0.026 | p_IinG = 3.128,14.918,-3.191 | dist = 23.55 (meters)
bg = 0.0009,0.0000,-0.0001 | ba = 0.1064,0.0371,0.1548
camera-imu timeoffset = 0.00189
cam0 intrinsics = 350.974,350.720,367.709,253.587 | -0.038,-0.010,0.008,-0.002
cam1 intrinsics = 352.153,351.863,346.941,271.351 | -0.040,-0.005,0.001,-0.000
cam0 extrinsics = 0.500,0.503,0.496,0.501 | -0.045,0.016,-0.046
cam1 extrinsics = 0.499,0.502,0.499,0.500 | 0.065,0.017,-0.045
[34m[TIME]: 0.0069 seconds total (145.4 hz, 0.19 ms behind)
[0mq_GtoI = -0.979,0.201,-0.025,0.026 | p_IinG = 3.128,14.918,-3.191 | dist = 23.55 (meters)
bg = 0.0009,0.0000,-0.0001 | ba = 0.1064,0.0370,0.1548
camera-imu timeoffset = 0.00189
cam0 intrinsics = 350.974,350.720,367.710,253.587 | -0.038,-0.010,0.008,-0.002
cam1 intrinsics = 352.153,351.863,346.939,271.351 | -0.040,-0.005,0.001,-0.000
cam0 extrinsics = 0.500,0.503,0.496,0.501 | -0.045,0.016,-0.046
cam1 extrinsics = 0.499,0.502,0.499,0.500 | 0.065,0.017,-0.045
[34m[TIME]: 0.0074 seconds total (134.6 hz, 0.20 ms behind)
[0mq_GtoI = -0.979,0.201,-0.026,0.026 | p_IinG = 3.128,14.918,-3.191 | dist = 23.55 (meters)
bg = 0.0009,0.0000,-0.0001 | ba = 0.1064,0.0370,0.1548
camera-imu timeoffset = 0.00189
cam0 intrinsics = 350.974,350.719,367.711,253.586 | -0.038,-0.010,0.008,-0.002
cam1 intrinsics = 352.154,351.864,346.938,271.352 | -0.040,-0.005,0.001,-0.000
cam0 extrinsics = 0.500,0.503,0.496,0.501 | -0.045,0.016,-0.046
cam1 extrinsics = 0.499,0.502,0.499,0.500 | 0.065,0.017,-0.045
[34m[TIME]: 0.0102 seconds total (98.0 hz, 0.22 ms behind)
[0mq_GtoI = -0.979,0.201,-0.026,0.027 | p_IinG = 3.128,14.918,-3.191 | dist = 23.55 (meters)
bg = 0.0009,0.0000,-0.0001 | ba = 0.1064,0.0370,0.1548
camera-imu timeoffset = 0.00189
cam0 intrinsics = 350.973,350.718,367.711,253.586 | -0.038,-0.010,0.008,-0.002
cam1 intrinsics = 352.155,351.864,346.936,271.353 | -0.040,-0.005,0.001,-0.000
cam0 extrinsics = 0.500,0.503,0.496,0.501 | -0.045,0.016,-0.046
cam1 extrinsics = 0.499,0.502,0.499,0.500 | 0.065,0.017,-0.045
[34m[TIME]: 0.0076 seconds total (131.5 hz, 0.23 ms behind)
[0mq_GtoI = -0.979,0.201,-0.027,0.028 | p_IinG = 3.127,14.917,-3.191 | dist = 23.55 (meters)
bg = 0.0009,0.0000,-0.0001 | ba = 0.1064,0.0370,0.1548
camera-imu timeoffset = 0.00189
cam0 intrinsics = 350.973,350.717,367.711,253.586 | -0.038,-0.010,0.008,-0.002
cam1 intrinsics = 352.156,351.864,346.934,271.354 | -0.040,-0.005,0.001,-0.000
cam0 extrinsics = 0.500,0.503,0.496,0.501 | -0.045,0.016,-0.046
cam1 extrinsics = 0.499,0.502,0.499,0.500 | 0.065,0.017,-0.045
[34m[TIME]: 0.0107 seconds total (93.4 hz, 0.24 ms behind)
[0mq_GtoI = -0.979,0.201,-0.027,0.028 | p_IinG = 3.127,14.917,-3.191 | dist = 23.55 (meters)
bg = 0.0009,0.0000,-0.0001 | ba = 0.1064,0.0370,0.1548
camera-imu timeoffset = 0.00189
cam0 intrinsics = 350.972,350.717,367.711,253.585 | -0.038,-0.010,0.008,-0.002
cam1 intrinsics = 352.157,351.864,346.933,271.355 | -0.040,-0.005,0.001,-0.000
cam0 extrinsics = 0.500,0.503,0.496,0.501 | -0.045,0.016,-0.046
cam1 extrinsics = 0.499,0.502,0.499,0.500 | 0.065,0.017,-0.045
[34m[TIME]: 0.0074 seconds total (135.5 hz, 0.25 ms behind)
[0mq_GtoI = -0.979,0.201,-0.027,0.028 | p_IinG = 3.127,14.917,-3.191 | dist = 23.55 (meters)
bg = 0.0009,0.0000,-0.0001 | ba = 0.1064,0.0370,0.1547
camera-imu timeoffset = 0.00189
cam0 intrinsics = 350.972,350.716,367.711,253.585 | -0.038,-0.010,0.007,-0.002
cam1 intrinsics = 352.157,351.864,346.932,271.354 | -0.040,-0.005,0.001,-0.000
cam0 extrinsics = 0.500,0.503,0.496,0.501 | -0.045,0.016,-0.046
cam1 extrinsics = 0.499,0.502,0.499,0.500 | 0.065,0.017,-0.045
[34m[TIME]: 0.0090 seconds total (111.2 hz, 0.01 ms behind)
[0mq_GtoI = -0.979,0.201,-0.027,0.028 | p_IinG = 3.127,14.917,-3.191 | dist = 23.55 (meters)
bg = 0.0009,0.0000,-0.0001 | ba = 0.1065,0.0370,0.1547
camera-imu timeoffset = 0.00189
cam0 intrinsics = 350.972,350.715,367.711,253.585 | -0.038,-0.010,0.007,-0.002
cam1 intrinsics = 352.158,351.864,346.930,271.355 | -0.040,-0.005,0.001,-0.000
cam0 extrinsics = 0.500,0.503,0.496,0.501 | -0.045,0.016,-0.046
cam1 extrinsics = 0.499,0.502,0.499,0.500 | 0.065,0.017,-0.045
[34m[TIME]: 0.0081 seconds total (122.8 hz, 0.02 ms behind)
[0mq_GtoI = -0.979,0.201,-0.027,0.028 | p_IinG = 3.127,14.917,-3.191 | dist = 23.55 (meters)
bg = 0.0009,0.0000,-0.0001 | ba = 0.1065,0.0369,0.1547
camera-imu timeoffset = 0.00189
cam0 intrinsics = 350.971,350.715,367.711,253.585 | -0.038,-0.010,0.007,-0.002
cam1 intrinsics = 352.158,351.864,346.929,271.355 | -0.040,-0.005,0.001,-0.000
cam0 extrinsics = 0.500,0.503,0.496,0.501 | -0.045,0.016,-0.046
cam1 extrinsics = 0.499,0.502,0.499,0.500 | 0.065,0.017,-0.045
[34m[TIME]: 0.0095 seconds total (105.1 hz, 0.03 ms behind)
[0mq_GtoI = -0.979,0.201,-0.027,0.028 | p_IinG = 3.127,14.916,-3.191 | dist = 23.55 (meters)
bg = 0.0009,0.0000,-0.0001 | ba = 0.1065,0.0369,0.1547
camera-imu timeoffset = 0.00189
cam0 intrinsics = 350.971,350.714,367.711,253.584 | -0.038,-0.010,0.007,-0.002
cam1 intrinsics = 352.159,351.864,346.927,271.356 | -0.040,-0.005,0.001,-0.000
cam0 extrinsics = 0.500,0.503,0.496,0.501 | -0.045,0.016,-0.046
cam1 extrinsics = 0.499,0.502,0.499,0.500 | 0.065,0.017,-0.045
[34m[TIME]: 0.0087 seconds total (114.4 hz, 0.04 ms behind)
[0mq_GtoI = -0.979,0.201,-0.027,0.028 | p_IinG = 3.127,14.916,-3.191 | dist = 23.55 (meters)
bg = 0.0009,0.0001,-0.0001 | ba = 0.1065,0.0369,0.1547
camera-imu timeoffset = 0.00189
cam0 intrinsics = 350.971,350.714,367.711,253.584 | -0.038,-0.010,0.007,-0.002
cam1 intrinsics = 352.159,351.864,346.925,271.357 | -0.040,-0.005,0.001,-0.000
cam0 extrinsics = 0.500,0.503,0.496,0.501 | -0.045,0.016,-0.046
cam1 extrinsics = 0.499,0.502,0.499,0.500 | 0.065,0.017,-0.045
[34m[TIME]: 0.0100 seconds total (99.6 hz, 0.05 ms behind)
[0mq_GtoI = -0.979,0.201,-0.027,0.028 | p_IinG = 3.127,14.916,-3.191 | dist = 23.55 (meters)
bg = 0.0009,0.0001,-0.0001 | ba = 0.1065,0.0369,0.1547
camera-imu timeoffset = 0.00189
cam0 intrinsics = 350.971,350.714,367.711,253.584 | -0.038,-0.010,0.007,-0.002
cam1 intrinsics = 352.160,351.864,346.924,271.358 | -0.040,-0.005,0.001,-0.000
cam0 extrinsics = 0.500,0.503,0.496,0.501 | -0.045,0.016,-0.046
cam1 extrinsics = 0.499,0.502,0.499,0.500 | 0.065,0.017,-0.045
[34m[TIME]: 0.0091 seconds total (109.6 hz, 0.06 ms behind)
[0mq_GtoI = -0.979,0.201,-0.027,0.028 | p_IinG = 3.127,14.916,-3.191 | dist = 23.55 (meters)
bg = 0.0009,0.0001,-0.0001 | ba = 0.1065,0.0369,0.1547
camera-imu timeoffset = 0.00189
cam0 intrinsics = 350.970,350.713,367.711,253.584 | -0.038,-0.010,0.007,-0.002
cam1 intrinsics = 352.160,351.864,346.922,271.359 | -0.040,-0.005,0.001,-0.000
cam0 extrinsics = 0.500,0.503,0.496,0.501 | -0.045,0.016,-0.046
cam1 extrinsics = 0.499,0.502,0.499,0.500 | 0.065,0.017,-0.045
[34m[TIME]: 0.0093 seconds total (107.6 hz, 0.07 ms behind)
[0mq_GtoI = -0.979,0.201,-0.027,0.028 | p_IinG = 3.127,14.916,-3.191 | dist = 23.55 (meters)
bg = 0.0009,0.0001,-0.0001 | ba = 0.1065,0.0369,0.1547
camera-imu timeoffset = 0.00189
cam0 intrinsics = 350.970,350.713,367.711,253.584 | -0.038,-0.010,0.007,-0.002
cam1 intrinsics = 352.161,351.864,346.921,271.360 | -0.040,-0.005,0.001,-0.000
cam0 extrinsics = 0.500,0.503,0.496,0.501 | -0.045,0.016,-0.046
cam1 extrinsics = 0.499,0.502,0.499,0.500 | 0.065,0.017,-0.045
[34m[TIME]: 0.0089 seconds total (111.8 hz, 0.08 ms behind)
[0mq_GtoI = -0.979,0.201,-0.027,0.028 | p_IinG = 3.127,14.916,-3.191 | dist = 23.55 (meters)
bg = 0.0009,0.0001,-0.0001 | ba = 0.1065,0.0369,0.1547
camera-imu timeoffset = 0.00189
cam0 intrinsics = 350.969,350.712,367.712,253.583 | -0.038,-0.010,0.007,-0.002
cam1 intrinsics = 352.161,351.864,346.919,271.361 | -0.040,-0.005,0.001,-0.000
cam0 extrinsics = 0.500,0.503,0.496,0.501 | -0.045,0.016,-0.046
cam1 extrinsics = 0.499,0.502,0.499,0.500 | 0.065,0.017,-0.045
[34m[TIME]: 0.0096 seconds total (104.2 hz, 0.09 ms behind)
[0mq_GtoI = -0.979,0.201,-0.027,0.028 | p_IinG = 3.127,14.916,-3.191 | dist = 23.55 (meters)
bg = 0.0009,0.0001,-0.0001 | ba = 0.1065,0.0369,0.1547
camera-imu timeoffset = 0.00189
cam0 intrinsics = 350.969,350.711,367.712,253.583 | -0.038,-0.010,0.007,-0.002
cam1 intrinsics = 352.162,351.864,346.918,271.361 | -0.040,-0.005,0.001,-0.000
cam0 extrinsics = 0.500,0.503,0.496,0.501 | -0.045,0.016,-0.046
cam1 extrinsics = 0.499,0.502,0.499,0.500 | 0.065,0.017,-0.045
[34m[TIME]: 0.0107 seconds total (93.0 hz, 0.10 ms behind)
[0mq_GtoI = -0.979,0.201,-0.027,0.028 | p_IinG = 3.127,14.916,-3.191 | dist = 23.55 (meters)
bg = 0.0009,0.0001,-0.0001 | ba = 0.1065,0.0369,0.1547
camera-imu timeoffset = 0.00189
cam0 intrinsics = 350.969,350.711,367.713,253.583 | -0.038,-0.010,0.007,-0.002
cam1 intrinsics = 352.162,351.864,346.916,271.362 | -0.040,-0.005,0.001,-0.000
cam0 extrinsics = 0.500,0.503,0.496,0.501 | -0.045,0.016,-0.046
cam1 extrinsics = 0.499,0.502,0.499,0.500 | 0.065,0.017,-0.045
[34m[TIME]: 0.0092 seconds total (109.0 hz, 0.11 ms behind)
[0mq_GtoI = -0.979,0.201,-0.027,0.028 | p_IinG = 3.127,14.916,-3.191 | dist = 23.55 (meters)
bg = 0.0009,0.0001,-0.0001 | ba = 0.1065,0.0369,0.1547
camera-imu timeoffset = 0.00189
cam0 intrinsics = 350.968,350.710,367.713,253.582 | -0.038,-0.010,0.007,-0.002
cam1 intrinsics = 352.163,351.863,346.914,271.363 | -0.040,-0.005,0.001,-0.000
cam0 extrinsics = 0.500,0.503,0.496,0.501 | -0.045,0.016,-0.046
cam1 extrinsics = 0.499,0.502,0.499,0.500 | 0.065,0.017,-0.045
[34m[TIME]: 0.0092 seconds total (108.5 hz, 0.12 ms behind)
[0mq_GtoI = -0.979,0.201,-0.027,0.028 | p_IinG = 3.126,14.916,-3.191 | dist = 23.55 (meters)
bg = 0.0009,0.0001,-0.0001 | ba = 0.1065,0.0369,0.1547
camera-imu timeoffset = 0.00189
cam0 intrinsics = 350.968,350.709,367.712,253.582 | -0.038,-0.010,0.007,-0.002
cam1 intrinsics = 352.163,351.864,346.913,271.362 | -0.040,-0.005,0.001,-0.000
cam0 extrinsics = 0.500,0.503,0.496,0.501 | -0.045,0.016,-0.046
cam1 extrinsics = 0.499,0.502,0.499,0.500 | 0.065,0.017,-0.045
[34m[TIME]: 0.0129 seconds total (77.6 hz, 0.13 ms behind)
[0mq_GtoI = -0.979,0.201,-0.027,0.028 | p_IinG = 3.126,14.916,-3.191 | dist = 23.55 (meters)
bg = 0.0009,0.0001,-0.0001 | ba = 0.1065,0.0369,0.1547
camera-imu timeoffset = 0.00189
cam0 intrinsics = 350.967,350.709,367.713,253.582 | -0.038,-0.010,0.007,-0.002
cam1 intrinsics = 352.164,351.863,346.912,271.363 | -0.040,-0.005,0.001,-0.000
cam0 extrinsics = 0.500,0.503,0.496,0.501 | -0.045,0.016,-0.046
cam1 extrinsics = 0.499,0.502,0.499,0.500 | 0.065,0.017,-0.045
[34m[TIME]: 0.0071 seconds total (140.1 hz, 0.14 ms behind)
[0mq_GtoI = -0.979,0.201,-0.027,0.028 | p_IinG = 3.126,14.916,-3.191 | dist = 23.55 (meters)
bg = 0.0009,0.0001,-0.0001 | ba = 0.1065,0.0369,0.1547
camera-imu timeoffset = 0.00189
cam0 intrinsics = 350.967,350.708,367.713,253.581 | -0.038,-0.010,0.007,-0.002
cam1 intrinsics = 352.164,351.863,346.910,271.364 | -0.040,-0.005,0.001,-0.000
cam0 extrinsics = 0.500,0.503,0.496,0.501 | -0.045,0.016,-0.046
cam1 extrinsics = 0.499,0.502,0.499,0.500 | 0.065,0.017,-0.045
[34m[TIME]: 0.0093 seconds total (108.0 hz, 0.15 ms behind)
[0mq_GtoI = -0.979,0.201,-0.027,0.028 | p_IinG = 3.126,14.916,-3.191 | dist = 23.55 (meters)
bg = 0.0009,0.0001,-0.0001 | ba = 0.1065,0.0369,0.1547
camera-imu timeoffset = 0.00189
cam0 intrinsics = 350.966,350.707,367.714,253.581 | -0.038,-0.010,0.007,-0.002
cam1 intrinsics = 352.165,351.863,346.908,271.364 | -0.040,-0.005,0.001,-0.000
cam0 extrinsics = 0.500,0.503,0.496,0.501 | -0.045,0.016,-0.046
cam1 extrinsics = 0.499,0.502,0.499,0.500 | 0.065,0.017,-0.045
[34m[TIME]: 0.0076 seconds total (131.8 hz, 0.16 ms behind)
[0mq_GtoI = -0.979,0.201,-0.027,0.028 | p_IinG = 3.126,14.916,-3.191 | dist = 23.55 (meters)
bg = 0.0009,0.0001,-0.0001 | ba = 0.1065,0.0369,0.1547
camera-imu timeoffset = 0.00189
cam0 intrinsics = 350.966,350.706,367.714,253.581 | -0.038,-0.010,0.007,-0.002
cam1 intrinsics = 352.165,351.863,346.907,271.365 | -0.040,-0.005,0.001,-0.000
cam0 extrinsics = 0.500,0.503,0.496,0.501 | -0.045,0.016,-0.046
cam1 extrinsics = 0.499,0.502,0.499,0.500 | 0.065,0.017,-0.045
[34m[TIME]: 0.0079 seconds total (125.9 hz, 0.17 ms behind)
[0mq_GtoI = -0.979,0.201,-0.027,0.028 | p_IinG = 3.126,14.916,-3.191 | dist = 23.55 (meters)
bg = 0.0009,0.0001,-0.0001 | ba = 0.1065,0.0369,0.1547
camera-imu timeoffset = 0.00189
cam0 intrinsics = 350.966,350.706,367.715,253.580 | -0.038,-0.010,0.007,-0.002
cam1 intrinsics = 352.166,351.863,346.905,271.366 | -0.040,-0.005,0.001,-0.000
cam0 extrinsics = 0.500,0.503,0.496,0.501 | -0.045,0.016,-0.046
cam1 extrinsics = 0.499,0.502,0.499,0.500 | 0.065,0.017,-0.045
[34m[TIME]: 0.0127 seconds total (78.8 hz, 0.18 ms behind)
[0mq_GtoI = -0.979,0.201,-0.027,0.028 | p_IinG = 3.126,14.916,-3.191 | dist = 23.55 (meters)
bg = 0.0009,0.0001,-0.0001 | ba = 0.1064,0.0368,0.1547
camera-imu timeoffset = 0.00189
cam0 intrinsics = 350.965,350.705,367.716,253.580 | -0.038,-0.010,0.007,-0.002
cam1 intrinsics = 352.166,351.863,346.904,271.367 | -0.040,-0.005,0.001,-0.000
cam0 extrinsics = 0.500,0.503,0.496,0.501 | -0.045,0.016,-0.046
cam1 extrinsics = 0.499,0.502,0.499,0.500 | 0.065,0.017,-0.045
[34m[TIME]: 0.0084 seconds total (119.0 hz, 0.19 ms behind)
[0mq_GtoI = -0.979,0.201,-0.027,0.028 | p_IinG = 3.126,14.916,-3.191 | dist = 23.55 (meters)
bg = 0.0009,0.0001,-0.0001 | ba = 0.1064,0.0368,0.1547
camera-imu timeoffset = 0.00189
cam0 intrinsics = 350.965,350.705,367.716,253.580 | -0.038,-0.010,0.007,-0.002
cam1 intrinsics = 352.167,351.863,346.902,271.368 | -0.040,-0.005,0.001,-0.000
cam0 extrinsics = 0.500,0.503,0.496,0.501 | -0.045,0.016,-0.046
cam1 extrinsics = 0.499,0.502,0.499,0.500 | 0.065,0.017,-0.045
[34m[TIME]: 0.0112 seconds total (89.3 hz, 0.21 ms behind)
[0mq_GtoI = -0.979,0.201,-0.027,0.028 | p_IinG = 3.126,14.916,-3.191 | dist = 23.55 (meters)
bg = 0.0009,0.0001,-0.0001 | ba = 0.1064,0.0368,0.1547
camera-imu timeoffset = 0.00189
cam0 intrinsics = 350.965,350.704,367.717,253.579 | -0.038,-0.010,0.007,-0.002
cam1 intrinsics = 352.167,351.863,346.901,271.369 | -0.040,-0.005,0.001,-0.000
cam0 extrinsics = 0.500,0.503,0.496,0.501 | -0.045,0.016,-0.046
cam1 extrinsics = 0.499,0.502,0.499,0.500 | 0.065,0.017,-0.045
[34m[TIME]: 0.0093 seconds total (107.8 hz, 0.22 ms behind)
[0mq_GtoI = -0.979,0.201,-0.027,0.028 | p_IinG = 3.126,14.916,-3.191 | dist = 23.55 (meters)
bg = 0.0009,0.0001,-0.0001 | ba = 0.1064,0.0368,0.1547
camera-imu timeoffset = 0.00189
cam0 intrinsics = 350.964,350.703,367.718,253.579 | -0.038,-0.010,0.007,-0.002
cam1 intrinsics = 352.168,351.863,346.899,271.369 | -0.040,-0.005,0.001,-0.000
cam0 extrinsics = 0.500,0.503,0.496,0.501 | -0.045,0.016,-0.046
cam1 extrinsics = 0.499,0.502,0.499,0.500 | 0.065,0.017,-0.045
[34m[TIME]: 0.0080 seconds total (124.3 hz, 0.23 ms behind)
[0mq_GtoI = -0.979,0.201,-0.027,0.028 | p_IinG = 3.126,14.916,-3.191 | dist = 23.55 (meters)
bg = 0.0009,0.0001,-0.0001 | ba = 0.1064,0.0368,0.1547
camera-imu timeoffset = 0.00189
cam0 intrinsics = 350.964,350.703,367.718,253.578 | -0.038,-0.010,0.007,-0.002
cam1 intrinsics = 352.168,351.863,346.897,271.370 | -0.040,-0.005,0.001,-0.000
cam0 extrinsics = 0.500,0.503,0.496,0.501 | -0.045,0.016,-0.046
cam1 extrinsics = 0.499,0.502,0.499,0.500 | 0.065,0.017,-0.045
[34m[TIME]: 0.0097 seconds total (103.5 hz, 0.24 ms behind)
[0mq_GtoI = -0.979,0.201,-0.027,0.028 | p_IinG = 3.126,14.916,-3.191 | dist = 23.55 (meters)
bg = 0.0009,0.0001,-0.0001 | ba = 0.1064,0.0368,0.1547
camera-imu timeoffset = 0.00189
cam0 intrinsics = 350.963,350.702,367.719,253.578 | -0.038,-0.010,0.007,-0.002
cam1 intrinsics = 352.169,351.863,346.896,271.371 | -0.040,-0.005,0.001,-0.000
cam0 extrinsics = 0.500,0.503,0.496,0.501 | -0.045,0.016,-0.046
cam1 extrinsics = 0.499,0.502,0.499,0.500 | 0.065,0.017,-0.045
[34m[TIME]: 0.0088 seconds total (113.5 hz, 0.25 ms behind)
[0mq_GtoI = -0.979,0.201,-0.027,0.028 | p_IinG = 3.126,14.916,-3.191 | dist = 23.55 (meters)
bg = 0.0009,0.0001,-0.0001 | ba = 0.1064,0.0368,0.1547
camera-imu timeoffset = 0.00189
cam0 intrinsics = 350.962,350.701,367.719,253.578 | -0.038,-0.010,0.007,-0.002
cam1 intrinsics = 352.169,351.863,346.895,271.370 | -0.040,-0.005,0.001,-0.000
cam0 extrinsics = 0.500,0.503,0.496,0.501 | -0.045,0.016,-0.046
cam1 extrinsics = 0.499,0.502,0.499,0.500 | 0.065,0.017,-0.045
[34m[TIME]: 0.0092 seconds total (108.3 hz, 0.01 ms behind)
[0mq_GtoI = -0.979,0.201,-0.027,0.028 | p_IinG = 3.126,14.916,-3.191 | dist = 23.55 (meters)
bg = 0.0009,0.0001,-0.0001 | ba = 0.1064,0.0368,0.1547
camera-imu timeoffset = 0.00189
cam0 intrinsics = 350.962,350.701,367.720,253.578 | -0.038,-0.010,0.007,-0.002
cam1 intrinsics = 352.170,351.863,346.893,271.371 | -0.040,-0.005,0.001,-0.000
cam0 extrinsics = 0.500,0.503,0.496,0.501 | -0.045,0.016,-0.046
cam1 extrinsics = 0.499,0.502,0.499,0.500 | 0.065,0.017,-0.045
[34m[TIME]: 0.0085 seconds total (118.2 hz, 0.02 ms behind)
[0mq_GtoI = -0.979,0.201,-0.027,0.028 | p_IinG = 3.126,14.916,-3.190 | dist = 23.55 (meters)
bg = 0.0009,0.0001,-0.0001 | ba = 0.1064,0.0368,0.1547
camera-imu timeoffset = 0.00189
cam0 intrinsics = 350.962,350.700,367.720,253.577 | -0.038,-0.010,0.007,-0.002
cam1 intrinsics = 352.171,351.863,346.892,271.372 | -0.040,-0.004,0.001,-0.000
cam0 extrinsics = 0.500,0.503,0.496,0.501 | -0.045,0.016,-0.046
cam1 extrinsics = 0.499,0.502,0.499,0.500 | 0.065,0.017,-0.045
[34m[TIME]: 0.0091 seconds total (110.4 hz, 0.03 ms behind)
[0mq_GtoI = -0.979,0.201,-0.027,0.028 | p_IinG = 3.126,14.916,-3.190 | dist = 23.55 (meters)
bg = 0.0009,0.0001,-0.0001 | ba = 0.1064,0.0368,0.1547
camera-imu timeoffset = 0.00189
cam0 intrinsics = 350.961,350.700,367.721,253.577 | -0.038,-0.010,0.007,-0.002
cam1 intrinsics = 352.171,351.864,346.890,271.373 | -0.040,-0.004,0.001,-0.000
cam0 extrinsics = 0.500,0.503,0.496,0.501 | -0.045,0.016,-0.046
cam1 extrinsics = 0.499,0.502,0.499,0.500 | 0.065,0.017,-0.045
[34m[TIME]: 0.0091 seconds total (109.7 hz, 0.04 ms behind)
[0mq_GtoI = -0.979,0.201,-0.027,0.028 | p_IinG = 3.126,14.916,-3.190 | dist = 23.55 (meters)
bg = 0.0009,0.0001,-0.0001 | ba = 0.1064,0.0368,0.1547
camera-imu timeoffset = 0.00189
cam0 intrinsics = 350.961,350.700,367.721,253.577 | -0.038,-0.010,0.007,-0.002
cam1 intrinsics = 352.172,351.864,346.888,271.373 | -0.040,-0.004,0.001,-0.000
cam0 extrinsics = 0.500,0.503,0.496,0.501 | -0.045,0.016,-0.046
cam1 extrinsics = 0.499,0.502,0.499,0.500 | 0.065,0.017,-0.045
[34m[TIME]: 0.0086 seconds total (116.6 hz, 0.05 ms behind)
[0mq_GtoI = -0.979,0.201,-0.027,0.028 | p_IinG = 3.125,14.916,-3.190 | dist = 23.55 (meters)
bg = 0.0009,0.0001,-0.0001 | ba = 0.1064,0.0368,0.1547
camera-imu timeoffset = 0.00189
cam0 intrinsics = 350.960,350.699,367.722,253.576 | -0.038,-0.010,0.007,-0.002
cam1 intrinsics = 352.172,351.864,346.887,271.374 | -0.040,-0.004,0.001,-0.000
cam0 extrinsics = 0.500,0.503,0.496,0.501 | -0.045,0.016,-0.046
cam1 extrinsics = 0.499,0.502,0.499,0.500 | 0.065,0.017,-0.045
[34m[TIME]: 0.0095 seconds total (105.3 hz, 0.06 ms behind)
[0mq_GtoI = -0.979,0.201,-0.027,0.028 | p_IinG = 3.125,14.916,-3.190 | dist = 23.55 (meters)
bg = 0.0009,0.0001,-0.0001 | ba = 0.1064,0.0368,0.1547
camera-imu timeoffset = 0.00189
cam0 intrinsics = 350.960,350.698,367.722,253.576 | -0.038,-0.010,0.007,-0.002
cam1 intrinsics = 352.173,351.864,346.885,271.375 | -0.040,-0.004,0.001,-0.000
cam0 extrinsics = 0.500,0.503,0.496,0.501 | -0.045,0.016,-0.046
cam1 extrinsics = 0.499,0.502,0.499,0.500 | 0.065,0.017,-0.045
[34m[TIME]: 0.0075 seconds total (133.3 hz, 0.07 ms behind)
[0mq_GtoI = -0.979,0.201,-0.027,0.028 | p_IinG = 3.125,14.916,-3.190 | dist = 23.55 (meters)
bg = 0.0009,0.0001,-0.0001 | ba = 0.1064,0.0368,0.1547
camera-imu timeoffset = 0.00189
cam0 intrinsics = 350.959,350.698,367.723,253.576 | -0.038,-0.010,0.007,-0.002
cam1 intrinsics = 352.173,351.864,346.883,271.376 | -0.040,-0.004,0.001,-0.000
cam0 extrinsics = 0.500,0.503,0.496,0.501 | -0.045,0.016,-0.046
cam1 extrinsics = 0.499,0.502,0.499,0.500 | 0.065,0.017,-0.045
[34m[TIME]: 0.0075 seconds total (133.8 hz, 0.08 ms behind)
[0mq_GtoI = -0.979,0.201,-0.027,0.028 | p_IinG = 3.125,14.916,-3.190 | dist = 23.55 (meters)
bg = 0.0009,0.0001,-0.0001 | ba = 0.1064,0.0368,0.1547
camera-imu timeoffset = 0.00189
cam0 intrinsics = 350.959,350.697,367.724,253.575 | -0.038,-0.010,0.007,-0.002
cam1 intrinsics = 352.174,351.864,346.882,271.376 | -0.040,-0.004,0.001,-0.000
cam0 extrinsics = 0.500,0.503,0.496,0.501 | -0.045,0.016,-0.046
cam1 extrinsics = 0.499,0.502,0.499,0.500 | 0.065,0.017,-0.045
[34m[TIME]: 0.0075 seconds total (133.8 hz, 0.09 ms behind)
[0mq_GtoI = -0.979,0.201,-0.027,0.028 | p_IinG = 3.125,14.916,-3.190 | dist = 23.55 (meters)
bg = 0.0009,0.0001,-0.0001 | ba = 0.1064,0.0368,0.1547
camera-imu timeoffset = 0.00189
cam0 intrinsics = 350.959,350.696,367.725,253.575 | -0.038,-0.010,0.007,-0.002
cam1 intrinsics = 352.174,351.864,346.880,271.377 | -0.040,-0.004,0.001,-0.000
cam0 extrinsics = 0.500,0.503,0.496,0.501 | -0.045,0.016,-0.046
cam1 extrinsics = 0.499,0.502,0.499,0.500 | 0.065,0.017,-0.045
[34m[TIME]: 0.0083 seconds total (120.5 hz, 0.10 ms behind)
[0mq_GtoI = -0.979,0.201,-0.027,0.028 | p_IinG = 3.125,14.916,-3.190 | dist = 23.55 (meters)
bg = 0.0009,0.0001,-0.0001 | ba = 0.1064,0.0368,0.1547
camera-imu timeoffset = 0.00189
cam0 intrinsics = 350.958,350.696,367.725,253.575 | -0.038,-0.010,0.007,-0.002
cam1 intrinsics = 352.175,351.864,346.878,271.378 | -0.040,-0.004,0.001,-0.000
cam0 extrinsics = 0.500,0.503,0.496,0.501 | -0.045,0.016,-0.046
cam1 extrinsics = 0.499,0.502,0.499,0.500 | 0.065,0.017,-0.045
[34m[TIME]: 0.0079 seconds total (125.8 hz, 0.11 ms behind)
[0mq_GtoI = -0.979,0.201,-0.027,0.028 | p_IinG = 3.125,14.916,-3.190 | dist = 23.55 (meters)
bg = 0.0009,0.0001,-0.0001 | ba = 0.1064,0.0368,0.1547
camera-imu timeoffset = 0.00189
cam0 intrinsics = 350.958,350.695,367.726,253.574 | -0.038,-0.010,0.007,-0.002
cam1 intrinsics = 352.175,351.864,346.877,271.378 | -0.040,-0.004,0.001,-0.000
cam0 extrinsics = 0.500,0.503,0.496,0.501 | -0.045,0.016,-0.046
cam1 extrinsics = 0.499,0.502,0.499,0.500 | 0.065,0.017,-0.045
[34m[TIME]: 0.0105 seconds total (95.3 hz, 0.12 ms behind)
[0mq_GtoI = -0.979,0.201,-0.027,0.028 | p_IinG = 3.126,14.916,-3.190 | dist = 23.55 (meters)
bg = 0.0009,0.0001,-0.0001 | ba = 0.1064,0.0368,0.1547
camera-imu timeoffset = 0.00189
cam0 intrinsics = 350.957,350.695,367.726,253.575 | -0.038,-0.010,0.007,-0.002
cam1 intrinsics = 352.176,351.864,346.876,271.377 | -0.040,-0.004,0.001,-0.000
cam0 extrinsics = 0.500,0.503,0.496,0.501 | -0.045,0.016,-0.046
cam1 extrinsics = 0.499,0.502,0.499,0.500 | 0.065,0.017,-0.045
[34m[TIME]: 0.0094 seconds total (106.8 hz, 0.13 ms behind)
[0mq_GtoI = -0.979,0.201,-0.027,0.028 | p_IinG = 3.125,14.916,-3.190 | dist = 23.55 (meters)
bg = 0.0009,0.0001,-0.0001 | ba = 0.1064,0.0367,0.1547
camera-imu timeoffset = 0.00189
cam0 intrinsics = 350.957,350.695,367.726,253.574 | -0.038,-0.010,0.007,-0.002
cam1 intrinsics = 352.176,351.864,346.875,271.378 | -0.040,-0.004,0.001,-0.000
cam0 extrinsics = 0.500,0.503,0.496,0.501 | -0.045,0.016,-0.046
cam1 extrinsics = 0.499,0.502,0.499,0.500 | 0.065,0.017,-0.045
[34m[TIME]: 0.0090 seconds total (110.6 hz, 0.14 ms behind)
[0mq_GtoI = -0.979,0.201,-0.027,0.028 | p_IinG = 3.125,14.916,-3.190 | dist = 23.55 (meters)
bg = 0.0009,0.0001,-0.0001 | ba = 0.1064,0.0367,0.1547
camera-imu timeoffset = 0.00189
cam0 intrinsics = 350.956,350.694,367.727,253.574 | -0.038,-0.010,0.007,-0.002
cam1 intrinsics = 352.177,351.865,346.873,271.379 | -0.040,-0.004,0.001,-0.000
cam0 extrinsics = 0.500,0.503,0.496,0.501 | -0.045,0.016,-0.046
cam1 extrinsics = 0.499,0.502,0.499,0.500 | 0.065,0.017,-0.045
[34m[TIME]: 0.0074 seconds total (136.0 hz, 0.15 ms behind)
[0mq_GtoI = -0.979,0.201,-0.027,0.028 | p_IinG = 3.125,14.916,-3.190 | dist = 23.55 (meters)
bg = 0.0009,0.0001,-0.0001 | ba = 0.1064,0.0367,0.1547
camera-imu timeoffset = 0.00189
cam0 intrinsics = 350.956,350.694,367.728,253.574 | -0.038,-0.010,0.007,-0.002
cam1 intrinsics = 352.177,351.865,346.872,271.379 | -0.040,-0.004,0.001,-0.000
cam0 extrinsics = 0.500,0.503,0.496,0.501 | -0.045,0.016,-0.046
cam1 extrinsics = 0.499,0.502,0.499,0.500 | 0.065,0.017,-0.045
[34m[TIME]: 0.0094 seconds total (106.9 hz, 0.16 ms behind)
[0mq_GtoI = -0.979,0.201,-0.027,0.028 | p_IinG = 3.125,14.916,-3.190 | dist = 23.55 (meters)
bg = 0.0009,0.0001,-0.0001 | ba = 0.1064,0.0367,0.1546
camera-imu timeoffset = 0.00189
cam0 intrinsics = 350.956,350.693,367.728,253.574 | -0.038,-0.010,0.007,-0.002
cam1 intrinsics = 352.178,351.865,346.870,271.380 | -0.040,-0.004,0.001,-0.000
cam0 extrinsics = 0.500,0.503,0.496,0.501 | -0.045,0.016,-0.046
cam1 extrinsics = 0.499,0.502,0.499,0.500 | 0.065,0.017,-0.045
[34m[TIME]: 0.0080 seconds total (125.6 hz, 0.17 ms behind)
[0mq_GtoI = -0.979,0.201,-0.027,0.028 | p_IinG = 3.125,14.916,-3.190 | dist = 23.56 (meters)
bg = 0.0009,0.0001,-0.0001 | ba = 0.1064,0.0367,0.1546
camera-imu timeoffset = 0.00190
cam0 intrinsics = 350.955,350.693,367.729,253.574 | -0.038,-0.010,0.007,-0.002
cam1 intrinsics = 352.178,351.865,346.869,271.381 | -0.040,-0.004,0.001,-0.000
cam0 extrinsics = 0.500,0.503,0.496,0.501 | -0.045,0.016,-0.046
cam1 extrinsics = 0.499,0.502,0.499,0.500 | 0.065,0.017,-0.045
[34m[TIME]: 0.0125 seconds total (80.0 hz, 0.18 ms behind)
[0mq_GtoI = -0.979,0.201,-0.027,0.028 | p_IinG = 3.125,14.916,-3.190 | dist = 23.56 (meters)
bg = 0.0009,0.0001,-0.0001 | ba = 0.1064,0.0367,0.1546
camera-imu timeoffset = 0.00190
cam0 intrinsics = 350.955,350.693,367.730,253.573 | -0.038,-0.010,0.007,-0.002
cam1 intrinsics = 352.179,351.865,346.867,271.382 | -0.040,-0.004,0.001,-0.000
cam0 extrinsics = 0.500,0.503,0.496,0.501 | -0.045,0.016,-0.046
cam1 extrinsics = 0.499,0.502,0.499,0.500 | 0.065,0.017,-0.045
[34m[TIME]: 0.0079 seconds total (126.6 hz, 0.20 ms behind)
[0mq_GtoI = -0.979,0.201,-0.027,0.028 | p_IinG = 3.125,14.916,-3.190 | dist = 23.56 (meters)
bg = 0.0009,0.0001,-0.0001 | ba = 0.1064,0.0367,0.1546
camera-imu timeoffset = 0.00190
cam0 intrinsics = 350.955,350.692,367.731,253.573 | -0.038,-0.010,0.007,-0.002
cam1 intrinsics = 352.180,351.865,346.866,271.383 | -0.040,-0.004,0.001,-0.000
cam0 extrinsics = 0.500,0.503,0.496,0.501 | -0.045,0.016,-0.046
cam1 extrinsics = 0.499,0.502,0.499,0.500 | 0.065,0.017,-0.045
[34m[TIME]: 0.0109 seconds total (92.1 hz, 0.21 ms behind)
[0mq_GtoI = -0.979,0.201,-0.027,0.028 | p_IinG = 3.125,14.916,-3.190 | dist = 23.56 (meters)
bg = 0.0009,0.0001,-0.0001 | ba = 0.1064,0.0367,0.1546
camera-imu timeoffset = 0.00190
cam0 intrinsics = 350.954,350.692,367.731,253.573 | -0.038,-0.010,0.007,-0.002
cam1 intrinsics = 352.180,351.866,346.864,271.383 | -0.040,-0.004,0.001,-0.000
cam0 extrinsics = 0.500,0.503,0.496,0.501 | -0.045,0.016,-0.046
cam1 extrinsics = 0.499,0.502,0.499,0.500 | 0.065,0.017,-0.045
[34m[TIME]: 0.0073 seconds total (136.9 hz, 0.22 ms behind)
[0mq_GtoI = -0.979,0.201,-0.027,0.028 | p_IinG = 3.125,14.916,-3.190 | dist = 23.56 (meters)
bg = 0.0009,0.0001,-0.0001 | ba = 0.1064,0.0367,0.1546
camera-imu timeoffset = 0.00190
cam0 intrinsics = 350.954,350.692,367.732,253.573 | -0.038,-0.010,0.007,-0.002
cam1 intrinsics = 352.180,351.866,346.863,271.384 | -0.040,-0.004,0.001,-0.000
cam0 extrinsics = 0.500,0.503,0.496,0.501 | -0.045,0.016,-0.046
cam1 extrinsics = 0.499,0.502,0.499,0.500 | 0.065,0.017,-0.045
[34m[TIME]: 0.0073 seconds total (137.6 hz, 0.23 ms behind)
[0mq_GtoI = -0.979,0.201,-0.027,0.029 | p_IinG = 3.125,14.916,-3.190 | dist = 23.56 (meters)
bg = 0.0009,0.0001,-0.0001 | ba = 0.1064,0.0367,0.1546
camera-imu timeoffset = 0.00190
cam0 intrinsics = 350.954,350.691,367.733,253.572 | -0.038,-0.010,0.007,-0.002
cam1 intrinsics = 352.181,351.866,346.861,271.385 | -0.040,-0.004,0.001,-0.000
cam0 extrinsics = 0.500,0.503,0.496,0.501 | -0.045,0.016,-0.046
cam1 extrinsics = 0.499,0.502,0.499,0.500 | 0.065,0.017,-0.045
[34m[TIME]: 0.0083 seconds total (120.5 hz, 0.24 ms behind)
[0mq_GtoI = -0.979,0.201,-0.027,0.029 | p_IinG = 3.125,14.916,-3.190 | dist = 23.56 (meters)
bg = 0.0009,0.0001,-0.0001 | ba = 0.1064,0.0367,0.1546
camera-imu timeoffset = 0.00190
cam0 intrinsics = 350.953,350.691,367.733,253.572 | -0.038,-0.010,0.007,-0.002
cam1 intrinsics = 352.181,351.866,346.859,271.386 | -0.040,-0.004,0.001,-0.000
cam0 extrinsics = 0.500,0.503,0.496,0.501 | -0.045,0.016,-0.046
cam1 extrinsics = 0.499,0.502,0.499,0.500 | 0.065,0.017,-0.045
[34m[TIME]: 0.0100 seconds total (100.1 hz, 0.25 ms behind)
[0mq_GtoI = -0.979,0.201,-0.027,0.029 | p_IinG = 3.125,14.916,-3.190 | dist = 23.56 (meters)
bg = 0.0009,0.0001,-0.0001 | ba = 0.1064,0.0367,0.1546
camera-imu timeoffset = 0.00190
cam0 intrinsics = 350.953,350.691,367.733,253.573 | -0.038,-0.010,0.007,-0.002
cam1 intrinsics = 352.182,351.866,346.859,271.384 | -0.040,-0.004,0.001,-0.000
cam0 extrinsics = 0.500,0.503,0.496,0.501 | -0.045,0.016,-0.046
cam1 extrinsics = 0.499,0.502,0.499,0.500 | 0.065,0.017,-0.045
[34m[TIME]: 0.0109 seconds total (91.3 hz, 0.01 ms behind)
[0mq_GtoI = -0.979,0.201,-0.027,0.029 | p_IinG = 3.125,14.916,-3.190 | dist = 23.56 (meters)
bg = 0.0009,0.0001,-0.0001 | ba = 0.1064,0.0367,0.1546
camera-imu timeoffset = 0.00190
cam0 intrinsics = 350.952,350.690,367.733,253.572 | -0.038,-0.010,0.007,-0.002
cam1 intrinsics = 352.182,351.866,346.857,271.385 | -0.040,-0.004,0.001,-0.000
cam0 extrinsics = 0.500,0.503,0.496,0.501 | -0.045,0.016,-0.046
cam1 extrinsics = 0.499,0.502,0.499,0.500 | 0.065,0.017,-0.045
[34m[TIME]: 0.0110 seconds total (91.1 hz, 0.02 ms behind)
[0mq_GtoI = -0.979,0.201,-0.027,0.029 | p_IinG = 3.125,14.916,-3.190 | dist = 23.56 (meters)
bg = 0.0009,0.0001,-0.0001 | ba = 0.1064,0.0367,0.1546
camera-imu timeoffset = 0.00190
cam0 intrinsics = 350.952,350.690,367.734,253.572 | -0.038,-0.010,0.007,-0.002
cam1 intrinsics = 352.183,351.866,346.856,271.386 | -0.040,-0.004,0.001,-0.000
cam0 extrinsics = 0.500,0.503,0.496,0.501 | -0.045,0.016,-0.046
cam1 extrinsics = 0.499,0.502,0.499,0.500 | 0.065,0.017,-0.045
[34m[TIME]: 0.0076 seconds total (132.2 hz, 0.03 ms behind)
[0mq_GtoI = -0.979,0.201,-0.027,0.029 | p_IinG = 3.125,14.916,-3.190 | dist = 23.56 (meters)
bg = 0.0009,0.0001,-0.0001 | ba = 0.1064,0.0367,0.1546
camera-imu timeoffset = 0.00190
cam0 intrinsics = 350.952,350.690,367.734,253.572 | -0.038,-0.010,0.007,-0.002
cam1 intrinsics = 352.183,351.866,346.854,271.387 | -0.040,-0.004,0.001,-0.000
cam0 extrinsics = 0.500,0.503,0.496,0.501 | -0.045,0.016,-0.046
cam1 extrinsics = 0.499,0.502,0.499,0.500 | 0.065,0.017,-0.045
[34m[TIME]: 0.0115 seconds total (87.1 hz, 0.04 ms behind)
[0mq_GtoI = -0.979,0.201,-0.027,0.029 | p_IinG = 3.125,14.916,-3.190 | dist = 23.56 (meters)
bg = 0.0009,0.0001,-0.0001 | ba = 0.1064,0.0367,0.1546
camera-imu timeoffset = 0.00190
cam0 intrinsics = 350.951,350.689,367.735,253.572 | -0.038,-0.010,0.007,-0.002
cam1 intrinsics = 352.183,351.866,346.852,271.388 | -0.040,-0.004,0.001,-0.000
cam0 extrinsics = 0.500,0.503,0.496,0.501 | -0.045,0.016,-0.046
cam1 extrinsics = 0.499,0.502,0.499,0.500 | 0.065,0.017,-0.045
[34m[TIME]: 0.0088 seconds total (113.6 hz, 0.05 ms behind)
[0mq_GtoI = -0.979,0.201,-0.027,0.029 | p_IinG = 3.125,14.916,-3.190 | dist = 23.56 (meters)
bg = 0.0009,0.0001,-0.0001 | ba = 0.1064,0.0367,0.1546
camera-imu timeoffset = 0.00190
cam0 intrinsics = 350.951,350.689,367.736,253.572 | -0.038,-0.010,0.007,-0.002
cam1 intrinsics = 352.184,351.866,346.851,271.388 | -0.040,-0.004,0.001,-0.000
cam0 extrinsics = 0.500,0.503,0.496,0.501 | -0.045,0.016,-0.046
cam1 extrinsics = 0.499,0.502,0.499,0.500 | 0.065,0.017,-0.045
[34m[TIME]: 0.0104 seconds total (96.5 hz, 0.06 ms behind)
[0mq_GtoI = -0.979,0.201,-0.027,0.029 | p_IinG = 3.125,14.916,-3.190 | dist = 23.56 (meters)
bg = 0.0009,0.0001,-0.0001 | ba = 0.1064,0.0367,0.1546
camera-imu timeoffset = 0.00190
cam0 intrinsics = 350.951,350.688,367.737,253.571 | -0.038,-0.010,0.007,-0.002
cam1 intrinsics = 352.184,351.866,346.849,271.389 | -0.040,-0.004,0.001,-0.000
cam0 extrinsics = 0.500,0.503,0.496,0.501 | -0.045,0.016,-0.046
cam1 extrinsics = 0.499,0.502,0.499,0.500 | 0.065,0.017,-0.045
[34m[TIME]: 0.0107 seconds total (93.4 hz, 0.07 ms behind)
[0mq_GtoI = -0.979,0.201,-0.027,0.029 | p_IinG = 3.126,14.916,-3.190 | dist = 23.56 (meters)
bg = 0.0009,0.0001,-0.0001 | ba = 0.1064,0.0367,0.1546
camera-imu timeoffset = 0.00190
cam0 intrinsics = 350.951,350.688,367.737,253.571 | -0.038,-0.010,0.007,-0.002
cam1 intrinsics = 352.185,351.866,346.847,271.390 | -0.040,-0.004,0.001,-0.000
cam0 extrinsics = 0.500,0.503,0.496,0.501 | -0.045,0.016,-0.046
cam1 extrinsics = 0.499,0.502,0.499,0.500 | 0.065,0.017,-0.045
[34m[TIME]: 0.0081 seconds total (123.3 hz, 0.08 ms behind)
[0mq_GtoI = -0.979,0.201,-0.027,0.028 | p_IinG = 3.126,14.916,-3.190 | dist = 23.56 (meters)
bg = 0.0009,0.0001,-0.0001 | ba = 0.1064,0.0367,0.1546
camera-imu timeoffset = 0.00190
cam0 intrinsics = 350.950,350.688,367.738,253.571 | -0.038,-0.010,0.007,-0.002
cam1 intrinsics = 352.185,351.866,346.846,271.391 | -0.040,-0.004,0.001,-0.000
cam0 extrinsics = 0.500,0.503,0.496,0.501 | -0.045,0.016,-0.046
cam1 extrinsics = 0.499,0.502,0.499,0.500 | 0.065,0.017,-0.045
[34m[TIME]: 0.0105 seconds total (94.9 hz, 0.09 ms behind)
[0mq_GtoI = -0.978,0.203,-0.024,0.027 | p_IinG = 3.127,14.917,-3.190 | dist = 23.56 (meters)
bg = 0.0009,0.0001,-0.0001 | ba = 0.1064,0.0367,0.1546
camera-imu timeoffset = 0.00189
cam0 intrinsics = 350.950,350.687,367.739,253.571 | -0.038,-0.010,0.007,-0.002
cam1 intrinsics = 352.185,351.866,346.844,271.392 | -0.040,-0.004,0.001,-0.000
cam0 extrinsics = 0.500,0.503,0.496,0.501 | -0.045,0.016,-0.046
cam1 extrinsics = 0.499,0.502,0.499,0.500 | 0.065,0.017,-0.045
[34m[TIME]: 0.0073 seconds total (136.4 hz, 0.10 ms behind)
[0mq_GtoI = -0.978,0.207,-0.020,0.030 | p_IinG = 3.128,14.915,-3.189 | dist = 23.56 (meters)
bg = 0.0009,0.0001,-0.0001 | ba = 0.1064,0.0367,0.1546
camera-imu timeoffset = 0.00189
cam0 intrinsics = 350.950,350.685,367.739,253.571 | -0.038,-0.010,0.007,-0.002
cam1 intrinsics = 352.185,351.864,346.842,271.393 | -0.040,-0.004,0.001,-0.000
cam0 extrinsics = 0.500,0.503,0.496,0.501 | -0.045,0.016,-0.046
cam1 extrinsics = 0.499,0.502,0.499,0.500 | 0.065,0.017,-0.045
[34m[TIME]: 0.0106 seconds total (94.3 hz, 0.11 ms behind)
[0mq_GtoI = -0.977,0.210,-0.014,0.033 | p_IinG = 3.129,14.912,-3.186 | dist = 23.56 (meters)
bg = 0.0009,0.0001,-0.0001 | ba = 0.1064,0.0367,0.1546
camera-imu timeoffset = 0.00189
cam0 intrinsics = 350.949,350.682,367.740,253.571 | -0.038,-0.010,0.007,-0.002
cam1 intrinsics = 352.185,351.862,346.840,271.394 | -0.040,-0.004,0.001,-0.000
cam0 extrinsics = 0.500,0.503,0.496,0.501 | -0.045,0.016,-0.046
cam1 extrinsics = 0.499,0.502,0.499,0.500 | 0.065,0.017,-0.045
[34m[TIME]: 0.0115 seconds total (87.1 hz, 0.12 ms behind)
[0mq_GtoI = -0.979,0.204,-0.006,0.026 | p_IinG = 3.132,14.908,-3.177 | dist = 23.57 (meters)
bg = 0.0009,0.0000,-0.0001 | ba = 0.1064,0.0367,0.1546
camera-imu timeoffset = 0.00189
cam0 intrinsics = 350.947,350.679,367.739,253.570 | -0.038,-0.010,0.007,-0.002
cam1 intrinsics = 352.186,351.859,346.840,271.391 | -0.040,-0.004,0.001,-0.000
cam0 extrinsics = 0.500,0.503,0.496,0.501 | -0.045,0.016,-0.046
cam1 extrinsics = 0.499,0.502,0.499,0.500 | 0.065,0.017,-0.045
[34m[TIME]: 0.0105 seconds total (94.9 hz, 0.13 ms behind)
[0mq_GtoI = -0.981,0.191,-0.005,0.014 | p_IinG = 3.134,14.901,-3.161 | dist = 23.59 (meters)
bg = 0.0009,0.0000,-0.0001 | ba = 0.1064,0.0367,0.1546
camera-imu timeoffset = 0.00190
cam0 intrinsics = 350.947,350.677,367.739,253.568 | -0.038,-0.010,0.007,-0.002
cam1 intrinsics = 352.185,351.859,346.840,271.389 | -0.040,-0.004,0.001,-0.000
cam0 extrinsics = 0.500,0.503,0.496,0.501 | -0.045,0.016,-0.046
cam1 extrinsics = 0.499,0.502,0.499,0.500 | 0.065,0.016,-0.045
[34m[TIME]: 0.0085 seconds total (117.9 hz, 0.14 ms behind)
[0mq_GtoI = -0.984,0.177,-0.018,0.002 | p_IinG = 3.134,14.891,-3.138 | dist = 23.62 (meters)
bg = 0.0009,0.0000,-0.0001 | ba = 0.1063,0.0367,0.1546
camera-imu timeoffset = 0.00189
cam0 intrinsics = 350.943,350.678,367.740,253.567 | -0.038,-0.010,0.007,-0.002
cam1 intrinsics = 352.182,351.860,346.842,271.388 | -0.040,-0.004,0.001,-0.000
cam0 extrinsics = 0.500,0.503,0.496,0.501 | -0.045,0.016,-0.046
cam1 extrinsics = 0.499,0.502,0.499,0.500 | 0.064,0.016,-0.045
[34m[TIME]: 0.0102 seconds total (98.3 hz, 0.16 ms behind)
[0mq_GtoI = 0.987,-0.158,0.037,0.007 | p_IinG = 3.133,14.879,-3.109 | dist = 23.65 (meters)
bg = 0.0010,0.0000,-0.0001 | ba = 0.1063,0.0367,0.1546
camera-imu timeoffset = 0.00189
cam0 intrinsics = 350.935,350.678,367.741,253.567 | -0.038,-0.010,0.007,-0.002
cam1 intrinsics = 352.175,351.862,346.847,271.389 | -0.040,-0.004,0.001,-0.000
cam0 extrinsics = 0.500,0.503,0.496,0.501 | -0.045,0.015,-0.046
cam1 extrinsics = 0.499,0.502,0.499,0.500 | 0.064,0.016,-0.045
[34m[TIME]: 0.0077 seconds total (129.8 hz, 0.16 ms behind)
[0mq_GtoI = 0.990,-0.130,0.055,0.017 | p_IinG = 3.135,14.863,-3.076 | dist = 23.68 (meters)
bg = 0.0010,0.0000,-0.0001 | ba = 0.1063,0.0367,0.1546
camera-imu timeoffset = 0.00189
cam0 intrinsics = 350.925,350.679,367.736,253.564 | -0.038,-0.010,0.007,-0.002
cam1 intrinsics = 352.167,351.866,346.848,271.386 | -0.040,-0.004,0.001,-0.000
cam0 extrinsics = 0.500,0.503,0.496,0.501 | -0.045,0.015,-0.046
cam1 extrinsics = 0.499,0.502,0.499,0.500 | 0.064,0.016,-0.045
[34m[TIME]: 0.0078 seconds total (127.5 hz, 0.17 ms behind)
[0mq_GtoI = 0.993,-0.090,0.063,0.031 | p_IinG = 3.144,14.845,-3.041 | dist = 23.72 (meters)
bg = 0.0009,0.0000,-0.0001 | ba = 0.1063,0.0367,0.1546
camera-imu timeoffset = 0.00188
cam0 intrinsics = 350.910,350.677,367.731,253.556 | -0.038,-0.010,0.007,-0.002
cam1 intrinsics = 352.157,351.868,346.848,271.376 | -0.040,-0.004,0.001,-0.000
cam0 extrinsics = 0.500,0.503,0.496,0.501 | -0.045,0.015,-0.046
cam1 extrinsics = 0.499,0.502,0.499,0.500 | 0.064,0.016,-0.045
[34m[TIME]: 0.0103 seconds total (96.8 hz, 0.19 ms behind)
[0mq_GtoI = 0.996,-0.041,0.060,0.045 | p_IinG = 3.158,14.824,-3.005 | dist = 23.77 (meters)
bg = 0.0009,0.0000,-0.0001 | ba = 0.1062,0.0368,0.1546
camera-imu timeoffset = 0.00187
cam0 intrinsics = 350.881,350.674,367.721,253.536 | -0.037,-0.010,0.007,-0.002
cam1 intrinsics = 352.127,351.864,346.851,271.355 | -0.040,-0.005,0.001,-0.000
cam0 extrinsics = 0.500,0.503,0.496,0.501 | -0.045,0.015,-0.046
cam1 extrinsics = 0.499,0.502,0.499,0.500 | 0.064,0.016,-0.045
[34m[TIME]: 0.0078 seconds total (128.8 hz, 0.20 ms behind)
[0mq_GtoI = 0.997,0.012,0.048,0.057 | p_IinG = 3.177,14.802,-2.969 | dist = 23.81 (meters)
bg = 0.0009,0.0000,-0.0001 | ba = 0.1062,0.0369,0.1546
camera-imu timeoffset = 0.00186
cam0 intrinsics = 350.858,350.663,367.714,253.510 | -0.037,-0.010,0.007,-0.002
cam1 intrinsics = 352.110,351.858,346.849,271.331 | -0.040,-0.005,0.001,-0.000
cam0 extrinsics = 0.500,0.503,0.496,0.501 | -0.045,0.015,-0.046
cam1 extrinsics = 0.499,0.502,0.499,0.500 | 0.064,0.016,-0.045
[34m[TIME]: 0.0093 seconds total (107.6 hz, 0.21 ms behind)
[0mq_GtoI = 0.995,0.064,0.025,0.070 | p_IinG = 3.199,14.780,-2.932 | dist = 23.86 (meters)
bg = 0.0009,0.0000,-0.0002 | ba = 0.1062,0.0371,0.1546
camera-imu timeoffset = 0.00185
cam0 intrinsics = 350.843,350.658,367.700,253.491 | -0.037,-0.010,0.007,-0.002
cam1 intrinsics = 352.091,351.849,346.838,271.313 | -0.040,-0.005,0.001,-0.000
cam0 extrinsics = 0.500,0.503,0.496,0.501 | -0.045,0.015,-0.046
cam1 extrinsics = 0.499,0.502,0.499,0.500 | 0.064,0.016,-0.045
[34m[TIME]: 0.0093 seconds total (107.8 hz, 0.22 ms behind)
[0mq_GtoI = 0.991,0.110,-0.001,0.078 | p_IinG = 3.221,14.756,-2.893 | dist = 23.91 (meters)
bg = 0.0009,0.0000,-0.0002 | ba = 0.1062,0.0371,0.1546
camera-imu timeoffset = 0.00185
cam0 intrinsics = 350.840,350.658,367.694,253.481 | -0.038,-0.010,0.007,-0.002
cam1 intrinsics = 352.079,351.841,346.837,271.304 | -0.039,-0.005,0.002,-0.000
cam0 extrinsics = 0.500,0.503,0.496,0.501 | -0.045,0.015,-0.046
cam1 extrinsics = 0.499,0.502,0.499,0.500 | 0.064,0.016,-0.045
[34m[TIME]: 0.0106 seconds total (94.2 hz, 0.23 ms behind)
[0mq_GtoI = 0.984,0.152,-0.024,0.088 | p_IinG = 3.243,14.733,-2.852 | dist = 23.96 (meters)
bg = 0.0009,0.0000,-0.0002 | ba = 0.1061,0.0372,0.1546
camera-imu timeoffset = 0.00185
cam0 intrinsics = 350.835,350.664,367.675,253.471 | -0.038,-0.010,0.007,-0.002
cam1 intrinsics = 352.062,351.836,346.823,271.296 | -0.039,-0.005,0.002,-0.000
cam0 extrinsics = 0.500,0.503,0.496,0.501 | -0.045,0.015,-0.046
cam1 extrinsics = 0.499,0.502,0.499,0.500 | 0.064,0.016,-0.045
[34m[TIME]: 0.0093 seconds total (107.2 hz, 0.24 ms behind)
[0mq_GtoI = 0.976,0.193,-0.040,0.097 | p_IinG = 3.265,14.711,-2.811 | dist = 24.01 (meters)
bg = 0.0009,0.0000,-0.0002 | ba = 0.1061,0.0372,0.1546
camera-imu timeoffset = 0.00185
cam0 intrinsics = 350.830,350.667,367.671,253.459 | -0.038,-0.010,0.007,-0.002
cam1 intrinsics = 352.052,351.835,346.819,271.287 | -0.039,-0.005,0.002,-0.000
cam0 extrinsics = 0.500,0.503,0.496,0.501 | -0.045,0.015,-0.046
cam1 extrinsics = 0.499,0.502,0.499,0.500 | 0.064,0.016,-0.045
[34m[TIME]: 0.0083 seconds total (121.2 hz, 0.00 ms behind)
[0mq_GtoI = 0.966,0.233,-0.043,0.100 | p_IinG = 3.288,14.691,-2.768 | dist = 24.07 (meters)
bg = 0.0009,0.0000,-0.0002 | ba = 0.1061,0.0372,0.1546
camera-imu timeoffset = 0.00185
cam0 intrinsics = 350.825,350.665,367.673,253.454 | -0.038,-0.010,0.007,-0.002
cam1 intrinsics = 352.046,351.832,346.820,271.281 | -0.039,-0.005,0.002,-0.000
cam0 extrinsics = 0.500,0.503,0.496,0.501 | -0.045,0.015,-0.046
cam1 extrinsics = 0.499,0.502,0.499,0.500 | 0.064,0.016,-0.045
[34m[TIME]: 0.0069 seconds total (144.3 hz, 0.01 ms behind)
[0mq_GtoI = 0.958,0.269,-0.037,0.096 | p_IinG = 3.310,14.675,-2.726 | dist = 24.12 (meters)
bg = 0.0009,0.0000,-0.0002 | ba = 0.1060,0.0372,0.1546
camera-imu timeoffset = 0.00185
cam0 intrinsics = 350.827,350.668,367.670,253.449 | -0.038,-0.010,0.007,-0.002
cam1 intrinsics = 352.048,351.836,346.820,271.276 | -0.039,-0.005,0.002,-0.000
cam0 extrinsics = 0.500,0.503,0.496,0.501 | -0.045,0.015,-0.046
cam1 extrinsics = 0.499,0.502,0.499,0.500 | 0.064,0.016,-0.045
[34m[TIME]: 0.0086 seconds total (115.8 hz, 0.02 ms behind)
[0mq_GtoI = 0.951,0.298,-0.029,0.077 | p_IinG = 3.334,14.659,-2.687 | dist = 24.17 (meters)
bg = 0.0009,0.0000,-0.0002 | ba = 0.1060,0.0371,0.1546
camera-imu timeoffset = 0.00185
cam0 intrinsics = 350.830,350.672,367.670,253.449 | -0.038,-0.010,0.007,-0.002
cam1 intrinsics = 352.048,351.839,346.820,271.275 | -0.039,-0.005,0.002,-0.000
cam0 extrinsics = 0.500,0.503,0.496,0.501 | -0.045,0.015,-0.046
cam1 extrinsics = 0.499,0.502,0.499,0.500 | 0.064,0.016,-0.045
[34m[TIME]: 0.0080 seconds total (124.4 hz, 0.03 ms behind)
[0mq_GtoI = 0.944,0.325,-0.023,0.053 | p_IinG = 3.358,14.648,-2.652 | dist = 24.21 (meters)
bg = 0.0009,0.0000,-0.0002 | ba = 0.1060,0.0371,0.1546
camera-imu timeoffset = 0.00185
cam0 intrinsics = 350.837,350.676,367.672,253.453 | -0.038,-0.010,0.007,-0.002
cam1 intrinsics = 352.053,351.842,346.824,271.279 | -0.039,-0.005,0.002,-0.000
cam0 extrinsics = 0.500,0.503,0.496,0.501 | -0.045,0.015,-0.046
cam1 extrinsics = 0.499,0.502,0.499,0.500 | 0.064,0.016,-0.045
[34m[TIME]: 0.0107 seconds total (93.0 hz, 0.04 ms behind)
[0mq_GtoI = 0.936,0.349,-0.019,0.037 | p_IinG = 3.380,14.643,-2.620 | dist = 24.25 (meters)
bg = 0.0009,0.0000,-0.0002 | ba = 0.1060,0.0370,0.1546
camera-imu timeoffset = 0.00185
cam0 intrinsics = 350.836,350.667,367.679,253.445 | -0.037,-0.010,0.007,-0.002
cam1 intrinsics = 352.051,351.832,346.830,271.269 | -0.039,-0.005,0.001,-0.000
cam0 extrinsics = 0.500,0.503,0.496,0.501 | -0.045,0.015,-0.046
cam1 extrinsics = 0.499,0.502,0.499,0.500 | 0.064,0.016,-0.045
[34m[TIME]: 0.0072 seconds total (138.4 hz, 0.05 ms behind)
[0mq_GtoI = 0.926,0.376,-0.021,0.017 | p_IinG = 3.399,14.641,-2.590 | dist = 24.28 (meters)
bg = 0.0009,0.0000,-0.0002 | ba = 0.1062,0.0373,0.1547
camera-imu timeoffset = 0.00185
cam0 intrinsics = 350.805,350.632,367.679,253.414 | -0.037,-0.010,0.007,-0.002
cam1 intrinsics = 352.032,351.809,346.845,271.243 | -0.039,-0.005,0.001,-0.000
cam0 extrinsics = 0.500,0.503,0.496,0.501 | -0.044,0.015,-0.046
cam1 extrinsics = 0.499,0.502,0.499,0.500 | 0.065,0.016,-0.045
[34m[TIME]: 0.0100 seconds total (100.1 hz, 0.07 ms behind)
[0mq_GtoI = -0.918,-0.396,0.026,0.006 | p_IinG = 3.421,14.644,-2.562 | dist = 24.32 (meters)
bg = 0.0009,0.0000,-0.0002 | ba = 0.1063,0.0373,0.1546
camera-imu timeoffset = 0.00186
cam0 intrinsics = 350.801,350.604,367.674,253.426 | -0.037,-0.010,0.007,-0.002
cam1 intrinsics = 352.023,351.778,346.837,271.254 | -0.039,-0.005,0.002,-0.000
cam0 extrinsics = 0.500,0.503,0.496,0.501 | -0.044,0.015,-0.046
cam1 extrinsics = 0.499,0.502,0.499,0.500 | 0.065,0.016,-0.045
[34m[TIME]: 0.0071 seconds total (141.0 hz, 0.07 ms behind)
[0mq_GtoI = -0.912,-0.407,0.034,0.023 | p_IinG = 3.441,14.650,-2.533 | dist = 24.36 (meters)
bg = 0.0009,0.0000,-0.0002 | ba = 0.1064,0.0374,0.1547
camera-imu timeoffset = 0.00186
cam0 intrinsics = 350.791,350.602,367.664,253.423 | -0.037,-0.010,0.007,-0.002
cam1 intrinsics = 352.019,351.782,346.825,271.249 | -0.039,-0.005,0.001,-0.000
cam0 extrinsics = 0.500,0.503,0.496,0.501 | -0.044,0.015,-0.046
cam1 extrinsics = 0.499,0.502,0.499,0.500 | 0.065,0.016,-0.045
[34m[TIME]: 0.0078 seconds total (128.0 hz, 0.08 ms behind)
[0mq_GtoI = -0.909,-0.414,0.041,0.026 | p_IinG = 3.463,14.661,-2.504 | dist = 24.39 (meters)
bg = 0.0009,0.0000,-0.0002 | ba = 0.1065,0.0371,0.1546
camera-imu timeoffset = 0.00186
cam0 intrinsics = 350.822,350.550,367.649,253.457 | -0.038,-0.010,0.007,-0.002
cam1 intrinsics = 352.051,351.730,346.815,271.284 | -0.039,-0.005,0.001,-0.000
cam0 extrinsics = 0.500,0.503,0.496,0.501 | -0.045,0.015,-0.046
cam1 extrinsics = 0.499,0.502,0.499,0.500 | 0.064,0.016,-0.045
[34m[TIME]: 0.0074 seconds total (134.9 hz, 0.10 ms behind)
[0mq_GtoI = -0.906,-0.420,0.044,0.018 | p_IinG = 3.482,14.678,-2.477 | dist = 24.43 (meters)
bg = 0.0009,0.0000,-0.0002 | ba = 0.1066,0.0372,0.1546
camera-imu timeoffset = 0.00186
cam0 intrinsics = 350.825,350.558,367.648,253.471 | -0.038,-0.010,0.007,-0.002
cam1 intrinsics = 352.056,351.739,346.808,271.292 | -0.040,-0.004,0.001,-0.000
cam0 extrinsics = 0.500,0.503,0.496,0.501 | -0.045,0.015,-0.046
cam1 extrinsics = 0.499,0.502,0.499,0.500 | 0.064,0.016,-0.045
[34m[TIME]: 0.0101 seconds total (98.8 hz, 0.11 ms behind)
[0mq_GtoI = -0.901,-0.431,0.047,0.008 | p_IinG = 3.500,14.697,-2.453 | dist = 24.46 (meters)
bg = 0.0009,0.0000,-0.0002 | ba = 0.1066,0.0374,0.1546
camera-imu timeoffset = 0.00187
cam0 intrinsics = 350.827,350.553,367.647,253.478 | -0.038,-0.009,0.007,-0.002
cam1 intrinsics = 352.059,351.735,346.808,271.299 | -0.040,-0.004,0.001,-0.000
cam0 extrinsics = 0.500,0.503,0.496,0.501 | -0.044,0.015,-0.046
cam1 extrinsics = 0.499,0.502,0.499,0.500 | 0.064,0.016,-0.045
[34m[TIME]: 0.0088 seconds total (113.0 hz, 0.12 ms behind)
[0mq_GtoI = 0.895,0.443,-0.049,0.004 | p_IinG = 3.519,14.717,-2.430 | dist = 24.50 (meters)
bg = 0.0009,0.0000,-0.0002 | ba = 0.1066,0.0375,0.1546
camera-imu timeoffset = 0.00187
cam0 intrinsics = 350.834,350.556,367.644,253.488 | -0.038,-0.009,0.007,-0.002
cam1 intrinsics = 352.063,351.736,346.806,271.306 | -0.040,-0.004,0.001,-0.000
cam0 extrinsics = 0.500,0.503,0.496,0.501 | -0.044,0.015,-0.046
cam1 extrinsics = 0.499,0.502,0.499,0.500 | 0.065,0.016,-0.045
[34m[TIME]: 0.0079 seconds total (127.3 hz, 0.13 ms behind)
[0mq_GtoI = 0.886,0.460,-0.057,0.012 | p_IinG = 3.539,14.738,-2.407 | dist = 24.54 (meters)
bg = 0.0009,0.0000,-0.0002 | ba = 0.1066,0.0376,0.1546
camera-imu timeoffset = 0.00187
cam0 intrinsics = 350.842,350.561,367.643,253.501 | -0.038,-0.009,0.007,-0.002
cam1 intrinsics = 352.069,351.738,346.806,271.315 | -0.040,-0.004,0.001,-0.000
cam0 extrinsics = 0.500,0.503,0.496,0.501 | -0.044,0.015,-0.046
cam1 extrinsics = 0.499,0.502,0.499,0.500 | 0.065,0.016,-0.045
[34m[TIME]: 0.0087 seconds total (114.6 hz, 0.14 ms behind)
[0mq_GtoI = 0.877,0.477,-0.062,0.020 | p_IinG = 3.560,14.761,-2.382 | dist = 24.58 (meters)
bg = 0.0009,0.0000,-0.0002 | ba = 0.1065,0.0376,0.1546
camera-imu timeoffset = 0.00187
cam0 intrinsics = 350.842,350.550,367.637,253.510 | -0.038,-0.009,0.007,-0.002
cam1 intrinsics = 352.075,351.735,346.801,271.329 | -0.040,-0.004,0.001,-0.000
cam0 extrinsics = 0.500,0.503,0.496,0.501 | -0.044,0.015,-0.046
cam1 extrinsics = 0.499,0.502,0.499,0.500 | 0.065,0.016,-0.045
[34m[TIME]: 0.0090 seconds total (110.6 hz, 0.15 ms behind)
[0mq_GtoI = 0.870,0.489,-0.057,0.025 | p_IinG = 3.581,14.784,-2.355 | dist = 24.62 (meters)
bg = 0.0009,0.0000,-0.0002 | ba = 0.1064,0.0377,0.1545
camera-imu timeoffset = 0.00187
cam0 intrinsics = 350.849,350.556,367.635,253.510 | -0.038,-0.009,0.007,-0.002
cam1 intrinsics = 352.078,351.736,346.799,271.329 | -0.040,-0.004,0.001,-0.000
cam0 extrinsics = 0.500,0.503,0.496,0.501 | -0.044,0.015,-0.046
cam1 extrinsics = 0.499,0.502,0.499,0.500 | 0.065,0.016,-0.045
[34m[TIME]: 0.0086 seconds total (116.8 hz, 0.16 ms behind)
[0mq_GtoI = 0.865,0.499,-0.047,0.021 | p_IinG = 3.601,14.806,-2.326 | dist = 24.66 (meters)
bg = 0.0009,0.0000,-0.0002 | ba = 0.1062,0.0377,0.1545
camera-imu timeoffset = 0.00187
cam0 intrinsics = 350.853,350.572,367.654,253.513 | -0.038,-0.009,0.007,-0.002
cam1 intrinsics = 352.073,351.737,346.815,271.326 | -0.040,-0.004,0.001,-0.000
cam0 extrinsics = 0.500,0.503,0.496,0.501 | -0.044,0.015,-0.046
cam1 extrinsics = 0.499,0.502,0.499,0.500 | 0.065,0.016,-0.045
[34m[TIME]: 0.0079 seconds total (127.1 hz, 0.17 ms behind)
[0mq_GtoI = 0.861,0.507,-0.037,0.009 | p_IinG = 3.623,14.828,-2.298 | dist = 24.70 (meters)
bg = 0.0009,0.0000,-0.0002 | ba = 0.1061,0.0378,0.1545
camera-imu timeoffset = 0.00187
cam0 intrinsics = 350.855,350.564,367.655,253.514 | -0.038,-0.009,0.007,-0.002
cam1 intrinsics = 352.072,351.727,346.826,271.327 | -0.040,-0.004,0.001,-0.000
cam0 extrinsics = 0.500,0.503,0.496,0.501 | -0.044,0.015,-0.046
cam1 extrinsics = 0.499,0.502,0.499,0.500 | 0.065,0.016,-0.045
[34m[TIME]: 0.0099 seconds total (101.3 hz, 0.18 ms behind)
[0mq_GtoI = -0.857,-0.514,0.024,0.002 | p_IinG = 3.644,14.851,-2.272 | dist = 24.74 (meters)
bg = 0.0010,0.0000,-0.0002 | ba = 0.1059,0.0378,0.1545
camera-imu timeoffset = 0.00187
cam0 intrinsics = 350.856,350.547,367.640,253.514 | -0.038,-0.009,0.007,-0.002
cam1 intrinsics = 352.073,351.708,346.820,271.324 | -0.040,-0.004,0.001,-0.000
cam0 extrinsics = 0.500,0.503,0.496,0.501 | -0.044,0.015,-0.046
cam1 extrinsics = 0.499,0.502,0.499,0.500 | 0.065,0.016,-0.045
[34m[TIME]: 0.0094 seconds total (106.9 hz, 0.19 ms behind)
[0mq_GtoI = -0.853,-0.521,0.010,0.013 | p_IinG = 3.663,14.875,-2.250 | dist = 24.78 (meters)
bg = 0.0010,0.0000,-0.0002 | ba = 0.1059,0.0379,0.1545
camera-imu timeoffset = 0.00186
cam0 intrinsics = 350.860,350.534,367.652,253.508 | -0.038,-0.009,0.007,-0.002
cam1 intrinsics = 352.077,351.693,346.834,271.319 | -0.040,-0.004,0.001,-0.000
cam0 extrinsics = 0.500,0.503,0.496,0.501 | -0.044,0.015,-0.046
cam1 extrinsics = 0.499,0.502,0.499,0.500 | 0.065,0.016,-0.045
[34m[TIME]: 0.0107 seconds total (93.7 hz, 0.20 ms behind)
[0mq_GtoI = -0.848,-0.530,-0.006,0.020 | p_IinG = 3.680,14.901,-2.230 | dist = 24.82 (meters)
bg = 0.0010,-0.0000,-0.0002 | ba = 0.1058,0.0380,0.1545
camera-imu timeoffset = 0.00186
cam0 intrinsics = 350.862,350.520,367.660,253.513 | -0.038,-0.009,0.007,-0.002
cam1 intrinsics = 352.078,351.679,346.849,271.324 | -0.040,-0.004,0.001,-0.000
cam0 extrinsics = 0.500,0.503,0.496,0.501 | -0.044,0.015,-0.046
cam1 extrinsics = 0.499,0.502,0.499,0.500 | 0.065,0.016,-0.045
[34m[TIME]: 0.0064 seconds total (155.4 hz, 0.21 ms behind)
[0mq_GtoI = -0.843,-0.537,-0.022,0.022 | p_IinG = 3.697,14.928,-2.212 | dist = 24.86 (meters)
bg = 0.0010,-0.0000,-0.0002 | ba = 0.1059,0.0380,0.1545
camera-imu timeoffset = 0.00186
cam0 intrinsics = 350.869,350.518,367.648,253.515 | -0.038,-0.009,0.007,-0.002
cam1 intrinsics = 352.085,351.676,346.846,271.323 | -0.040,-0.004,0.001,-0.000
cam0 extrinsics = 0.500,0.503,0.496,0.501 | -0.044,0.015,-0.046
cam1 extrinsics = 0.499,0.502,0.499,0.500 | 0.065,0.016,-0.045
[34m[TIME]: 0.0080 seconds total (124.6 hz, 0.22 ms behind)
[0mq_GtoI = -0.837,-0.546,-0.033,0.020 | p_IinG = 3.714,14.956,-2.193 | dist = 24.89 (meters)
bg = 0.0010,-0.0000,-0.0002 | ba = 0.1058,0.0380,0.1545
camera-imu timeoffset = 0.00186
cam0 intrinsics = 350.869,350.515,367.652,253.519 | -0.038,-0.009,0.007,-0.002
cam1 intrinsics = 352.085,351.675,346.856,271.326 | -0.040,-0.004,0.001,-0.000
cam0 extrinsics = 0.500,0.503,0.496,0.501 | -0.044,0.015,-0.046
cam1 extrinsics = 0.499,0.502,0.499,0.500 | 0.065,0.016,-0.045
[34m[TIME]: 0.0062 seconds total (160.8 hz, 0.23 ms behind)
[0mq_GtoI = -0.828,-0.560,-0.035,0.021 | p_IinG = 3.731,14.985,-2.174 | dist = 24.93 (meters)
bg = 0.0010,-0.0000,-0.0002 | ba = 0.1057,0.0381,0.1545
camera-imu timeoffset = 0.00186
cam0 intrinsics = 350.870,350.513,367.651,253.520 | -0.038,-0.009,0.007,-0.002
cam1 intrinsics = 352.087,351.673,346.859,271.328 | -0.040,-0.004,0.001,-0.000
cam0 extrinsics = 0.500,0.503,0.496,0.501 | -0.044,0.015,-0.046
cam1 extrinsics = 0.499,0.502,0.499,0.500 | 0.065,0.016,-0.045
[34m[TIME]: 0.0058 seconds total (171.7 hz, 0.24 ms behind)
[0mq_GtoI = -0.817,-0.576,-0.033,0.020 | p_IinG = 3.744,15.015,-2.155 | dist = 24.97 (meters)
bg = 0.0010,-0.0000,-0.0002 | ba = 0.1057,0.0381,0.1545
camera-imu timeoffset = 0.00186
cam0 intrinsics = 350.866,350.498,367.649,253.521 | -0.038,-0.009,0.007,-0.002
cam1 intrinsics = 352.083,351.658,346.857,271.326 | -0.040,-0.004,0.001,-0.000
cam0 extrinsics = 0.500,0.503,0.496,0.501 | -0.044,0.015,-0.046
cam1 extrinsics = 0.499,0.502,0.499,0.500 | 0.065,0.016,-0.045
[34m[TIME]: 0.0089 seconds total (112.5 hz, 0.00 ms behind)
[0mq_GtoI = -0.800,-0.599,-0.026,0.019 | p_IinG = 3.754,15.045,-2.135 | dist = 25.01 (meters)
bg = 0.0010,-0.0000,-0.0002 | ba = 0.1056,0.0382,0.1545
camera-imu timeoffset = 0.00187
cam0 intrinsics = 350.865,350.495,367.645,253.522 | -0.038,-0.009,0.007,-0.002
cam1 intrinsics = 352.084,351.655,346.852,271.327 | -0.040,-0.004,0.001,-0.000
cam0 extrinsics = 0.500,0.503,0.496,0.501 | -0.044,0.015,-0.046
cam1 extrinsics = 0.499,0.502,0.499,0.500 | 0.065,0.016,-0.045
[34m[TIME]: 0.0059 seconds total (169.0 hz, 0.01 ms behind)
[0mq_GtoI = -0.783,-0.621,-0.025,0.011 | p_IinG = 3.757,15.073,-2.114 | dist = 25.04 (meters)
bg = 0.0010,-0.0000,-0.0002 | ba = 0.1056,0.0383,0.1545
camera-imu timeoffset = 0.00187
cam0 intrinsics = 350.866,350.488,367.638,253.524 | -0.038,-0.009,0.007,-0.002
cam1 intrinsics = 352.084,351.648,346.843,271.330 | -0.040,-0.004,0.001,-0.000
cam0 extrinsics = 0.500,0.503,0.496,0.501 | -0.044,0.015,-0.046
cam1 extrinsics = 0.499,0.502,0.499,0.500 | 0.065,0.016,-0.045
[34m[TIME]: 0.0081 seconds total (124.2 hz, 0.02 ms behind)
[0mq_GtoI = 0.765,0.643,0.029,0.000 | p_IinG = 3.756,15.100,-2.095 | dist = 25.08 (meters)
bg = 0.0010,-0.0000,-0.0002 | ba = 0.1056,0.0386,0.1545
camera-imu timeoffset = 0.00187
cam0 intrinsics = 350.869,350.480,367.627,253.540 | -0.038,-0.009,0.007,-0.002
cam1 intrinsics = 352.082,351.631,346.828,271.342 | -0.040,-0.004,0.001,-0.000
cam0 extrinsics = 0.500,0.503,0.496,0.501 | -0.044,0.015,-0.046
cam1 extrinsics = 0.499,0.502,0.499,0.500 | 0.065,0.016,-0.045
[34m[TIME]: 0.0082 seconds total (122.3 hz, 0.03 ms behind)
[0mq_GtoI = 0.743,0.668,0.032,0.007 | p_IinG = 3.754,15.127,-2.078 | dist = 25.11 (meters)
bg = 0.0010,-0.0000,-0.0002 | ba = 0.1055,0.0387,0.1545
camera-imu timeoffset = 0.00187
cam0 intrinsics = 350.868,350.472,367.608,253.543 | -0.038,-0.009,0.007,-0.002
cam1 intrinsics = 352.083,351.626,346.815,271.344 | -0.040,-0.004,0.001,-0.000
cam0 extrinsics = 0.500,0.503,0.496,0.501 | -0.044,0.015,-0.046
cam1 extrinsics = 0.499,0.502,0.499,0.500 | 0.065,0.016,-0.045
[34m[TIME]: 0.0095 seconds total (105.0 hz, 0.04 ms behind)
[0mq_GtoI = 0.723,0.690,0.027,0.005 | p_IinG = 3.754,15.153,-2.065 | dist = 25.14 (meters)
bg = 0.0010,-0.0000,-0.0002 | ba = 0.1054,0.0387,0.1545
camera-imu timeoffset = 0.00187
cam0 intrinsics = 350.865,350.461,367.614,253.538 | -0.038,-0.009,0.007,-0.002
cam1 intrinsics = 352.076,351.611,346.824,271.337 | -0.040,-0.004,0.001,-0.000
cam0 extrinsics = 0.500,0.503,0.496,0.501 | -0.044,0.015,-0.046
cam1 extrinsics = 0.499,0.502,0.499,0.500 | 0.065,0.016,-0.045
[34m[TIME]: 0.0072 seconds total (138.0 hz, 0.05 ms behind)
[0mq_GtoI = -0.706,-0.707,-0.024,0.000 | p_IinG = 3.755,15.180,-2.054 | dist = 25.17 (meters)
bg = 0.0010,-0.0000,-0.0002 | ba = 0.1053,0.0386,0.1545
camera-imu timeoffset = 0.00187
cam0 intrinsics = 350.870,350.461,367.610,253.544 | -0.038,-0.009,0.007,-0.002
cam1 intrinsics = 352.077,351.607,346.823,271.341 | -0.040,-0.004,0.001,-0.000
cam0 extrinsics = 0.500,0.503,0.496,0.501 | -0.044,0.015,-0.046
cam1 extrinsics = 0.499,0.502,0.499,0.500 | 0.065,0.016,-0.045
[34m[TIME]: 0.0082 seconds total (121.2 hz, 0.06 ms behind)
[0mq_GtoI = -0.691,-0.723,-0.028,0.003 | p_IinG = 3.754,15.206,-2.047 | dist = 25.19 (meters)
bg = 0.0010,-0.0000,-0.0002 | ba = 0.1052,0.0387,0.1545
camera-imu timeoffset = 0.00187
cam0 intrinsics = 350.872,350.462,367.611,253.549 | -0.038,-0.009,0.007,-0.002
cam1 intrinsics = 352.078,351.608,346.827,271.346 | -0.040,-0.004,0.001,-0.000
cam0 extrinsics = 0.500,0.503,0.496,0.501 | -0.044,0.015,-0.046
cam1 extrinsics = 0.499,0.502,0.499,0.500 | 0.065,0.016,-0.045
[34m[TIME]: 0.0079 seconds total (126.8 hz, 0.07 ms behind)
[0mq_GtoI = -0.680,-0.733,-0.028,0.010 | p_IinG = 3.756,15.233,-2.042 | dist = 25.22 (meters)
bg = 0.0010,-0.0000,-0.0002 | ba = 0.1052,0.0386,0.1545
camera-imu timeoffset = 0.00187
cam0 intrinsics = 350.880,350.473,367.607,253.552 | -0.038,-0.009,0.007,-0.002
cam1 intrinsics = 352.079,351.614,346.824,271.351 | -0.040,-0.004,0.001,-0.000
cam0 extrinsics = 0.500,0.503,0.496,0.501 | -0.044,0.015,-0.046
cam1 extrinsics = 0.499,0.502,0.499,0.500 | 0.065,0.016,-0.045
[34m[TIME]: 0.0097 seconds total (103.5 hz, 0.08 ms behind)
[0mq_GtoI = -0.671,-0.741,-0.027,0.019 | p_IinG = 3.759,15.258,-2.039 | dist = 25.24 (meters)
bg = 0.0010,-0.0000,-0.0002 | ba = 0.1051,0.0387,0.1545
camera-imu timeoffset = 0.00187
cam0 intrinsics = 350.878,350.471,367.560,253.550 | -0.038,-0.009,0.007,-0.002
cam1 intrinsics = 352.066,351.598,346.782,271.356 | -0.040,-0.004,0.001,-0.000
cam0 extrinsics = 0.500,0.503,0.496,0.501 | -0.044,0.015,-0.046
cam1 extrinsics = 0.499,0.502,0.499,0.500 | 0.065,0.016,-0.045
[34m[TIME]: 0.0095 seconds total (105.6 hz, 0.09 ms behind)
[0mq_GtoI = -0.664,-0.747,-0.024,0.030 | p_IinG = 3.762,15.282,-2.034 | dist = 25.27 (meters)
bg = 0.0010,-0.0000,-0.0002 | ba = 0.1052,0.0388,0.1545
camera-imu timeoffset = 0.00187
cam0 intrinsics = 350.889,350.478,367.543,253.549 | -0.038,-0.009,0.007,-0.002
cam1 intrinsics = 352.070,351.596,346.765,271.355 | -0.040,-0.004,0.001,-0.000
cam0 extrinsics = 0.500,0.503,0.496,0.501 | -0.044,0.015,-0.046
cam1 extrinsics = 0.499,0.502,0.499,0.500 | 0.065,0.016,-0.045
[34m[TIME]: 0.0088 seconds total (113.6 hz, 0.10 ms behind)
[0mq_GtoI = -0.664,-0.747,-0.024,0.036 | p_IinG = 3.766,15.305,-2.028 | dist = 25.29 (meters)
bg = 0.0010,-0.0000,-0.0002 | ba = 0.1053,0.0389,0.1545
camera-imu timeoffset = 0.00186
cam0 intrinsics = 350.891,350.476,367.531,253.530 | -0.038,-0.009,0.007,-0.002
cam1 intrinsics = 352.068,351.590,346.754,271.337 | -0.040,-0.004,0.001,-0.000
cam0 extrinsics = 0.500,0.503,0.496,0.501 | -0.044,0.015,-0.046
cam1 extrinsics = 0.499,0.502,0.499,0.500 | 0.064,0.016,-0.045
[34m[TIME]: 0.0097 seconds total (102.9 hz, 0.12 ms behind)
[0mq_GtoI = -0.666,-0.745,-0.021,0.040 | p_IinG = 3.769,15.327,-2.021 | dist = 25.32 (meters)
bg = 0.0010,-0.0000,-0.0002 | ba = 0.1053,0.0390,0.1544
camera-imu timeoffset = 0.00186
cam0 intrinsics = 350.893,350.485,367.532,253.525 | -0.038,-0.009,0.007,-0.002
cam1 intrinsics = 352.067,351.596,346.753,271.334 | -0.040,-0.004,0.001,-0.000
cam0 extrinsics = 0.500,0.503,0.496,0.501 | -0.044,0.015,-0.046
cam1 extrinsics = 0.499,0.502,0.499,0.500 | 0.064,0.016,-0.045
[34m[TIME]: 0.0082 seconds total (122.3 hz, 0.13 ms behind)
[0mq_GtoI = -0.668,-0.743,-0.017,0.041 | p_IinG = 3.772,15.349,-2.012 | dist = 25.34 (meters)
bg = 0.0010,-0.0001,-0.0002 | ba = 0.1054,0.0390,0.1544
camera-imu timeoffset = 0.00186
cam0 intrinsics = 350.896,350.491,367.519,253.536 | -0.038,-0.009,0.007,-0.002
cam1 intrinsics = 352.069,351.600,346.743,271.342 | -0.040,-0.004,0.001,-0.000
cam0 extrinsics = 0.500,0.503,0.496,0.501 | -0.044,0.015,-0.046
cam1 extrinsics = 0.499,0.502,0.499,0.500 | 0.064,0.016,-0.045
[34m[TIME]: 0.0119 seconds total (84.1 hz, 0.14 ms behind)
[0mq_GtoI = -0.674,-0.738,-0.015,0.031 | p_IinG = 3.775,15.367,-2.003 | dist = 25.37 (meters)
bg = 0.0010,-0.0000,-0.0002 | ba = 0.1055,0.0388,0.1544
camera-imu timeoffset = 0.00186
cam0 intrinsics = 350.890,350.481,367.497,253.528 | -0.038,-0.009,0.007,-0.002
cam1 intrinsics = 352.057,351.585,346.728,271.339 | -0.040,-0.004,0.001,-0.000
cam0 extrinsics = 0.500,0.503,0.496,0.501 | -0.045,0.015,-0.046
cam1 extrinsics = 0.499,0.502,0.499,0.500 | 0.064,0.016,-0.046
[34m[TIME]: 0.0092 seconds total (109.0 hz, 0.15 ms behind)
[0mq_GtoI = -0.678,-0.734,-0.010,0.022 | p_IinG = 3.778,15.386,-1.994 | dist = 25.39 (meters)
bg = 0.0009,-0.0000,-0.0002 | ba = 0.1056,0.0388,0.1544
camera-imu timeoffset = 0.00185
cam0 intrinsics = 350.889,350.477,367.503,253.528 | -0.038,-0.009,0.007,-0.002
cam1 intrinsics = 352.051,351.577,346.733,271.341 | -0.040,-0.004,0.001,-0.000
cam0 extrinsics = 0.500,0.503,0.496,0.501 | -0.045,0.015,-0.046
cam1 extrinsics = 0.499,0.502,0.499,0.500 | 0.064,0.016,-0.046
[34m[TIME]: 0.0077 seconds total (130.1 hz, 0.16 ms behind)
[0mq_GtoI = -0.677,-0.736,-0.006,0.018 | p_IinG = 3.780,15.401,-1.987 | dist = 25.40 (meters)
bg = 0.0009,-0.0000,-0.0002 | ba = 0.1057,0.0387,0.1544
camera-imu timeoffset = 0.00185
cam0 intrinsics = 350.888,350.470,367.516,253.529 | -0.038,-0.009,0.007,-0.002
cam1 intrinsics = 352.044,351.565,346.735,271.342 | -0.040,-0.004,0.001,-0.000
cam0 extrinsics = 0.500,0.503,0.496,0.501 | -0.045,0.015,-0.046
cam1 extrinsics = 0.499,0.502,0.499,0.500 | 0.064,0.015,-0.046
[34m[TIME]: 0.0079 seconds total (126.2 hz, 0.17 ms behind)
[0mq_GtoI = -0.671,-0.741,-0.005,0.015 | p_IinG = 3.782,15.415,-1.982 | dist = 25.42 (meters)
bg = 0.0009,-0.0001,-0.0002 | ba = 0.1058,0.0387,0.1544
camera-imu timeoffset = 0.00185
cam0 intrinsics = 350.886,350.468,367.514,253.532 | -0.038,-0.009,0.007,-0.002
cam1 intrinsics = 352.038,351.561,346.735,271.347 | -0.040,-0.004,0.001,-0.000
cam0 extrinsics = 0.500,0.503,0.496,0.501 | -0.045,0.014,-0.046
cam1 extrinsics = 0.499,0.502,0.499,0.500 | 0.064,0.015,-0.046
[34m[TIME]: 0.0066 seconds total (151.4 hz, 0.18 ms behind)
[0mq_GtoI = -0.667,-0.745,-0.001,0.011 | p_IinG = 3.784,15.430,-1.979 | dist = 25.44 (meters)
bg = 0.0009,-0.0001,-0.0002 | ba = 0.1058,0.0388,0.1544
camera-imu timeoffset = 0.00185
cam0 intrinsics = 350.884,350.465,367.515,253.540 | -0.038,-0.009,0.007,-0.002
cam1 intrinsics = 352.037,351.559,346.739,271.355 | -0.040,-0.004,0.001,-0.000
cam0 extrinsics = 0.500,0.503,0.496,0.501 | -0.045,0.014,-0.046
cam1 extrinsics = 0.499,0.502,0.499,0.500 | 0.064,0.015,-0.046
[34m[TIME]: 0.0091 seconds total (109.6 hz, 0.19 ms behind)
[0mq_GtoI = -0.666,-0.746,0.003,0.003 | p_IinG = 3.787,15.444,-1.978 | dist = 25.45 (meters)
bg = 0.0009,-0.0001,-0.0002 | ba = 0.1059,0.0388,0.1544
camera-imu timeoffset = 0.00185
cam0 intrinsics = 350.884,350.461,367.516,253.539 | -0.038,-0.009,0.007,-0.002
cam1 intrinsics = 352.036,351.555,346.739,271.356 | -0.039,-0.004,0.001,-0.000
cam0 extrinsics = 0.500,0.503,0.496,0.501 | -0.045,0.014,-0.046
cam1 extrinsics = 0.499,0.502,0.499,0.500 | 0.064,0.015,-0.046
[34m[TIME]: 0.0063 seconds total (159.3 hz, 0.20 ms behind)
[0mq_GtoI = 0.668,0.745,-0.004,0.008 | p_IinG = 3.788,15.458,-1.977 | dist = 25.46 (meters)
bg = 0.0009,-0.0001,-0.0002 | ba = 0.1059,0.0388,0.1544
camera-imu timeoffset = 0.00185
cam0 intrinsics = 350.881,350.455,367.516,253.539 | -0.038,-0.009,0.007,-0.002
cam1 intrinsics = 352.034,351.550,346.740,271.356 | -0.039,-0.004,0.001,-0.000
cam0 extrinsics = 0.500,0.503,0.496,0.501 | -0.045,0.014,-0.046
cam1 extrinsics = 0.499,0.502,0.499,0.500 | 0.064,0.015,-0.046
[34m[TIME]: 0.0075 seconds total (132.9 hz, 0.21 ms behind)
[0mq_GtoI = 0.665,0.746,-0.001,0.015 | p_IinG = 3.789,15.472,-1.978 | dist = 25.48 (meters)
bg = 0.0009,-0.0001,-0.0002 | ba = 0.1059,0.0388,0.1544
camera-imu timeoffset = 0.00185
cam0 intrinsics = 350.880,350.451,367.518,253.540 | -0.038,-0.009,0.007,-0.002
cam1 intrinsics = 352.033,351.546,346.742,271.357 | -0.039,-0.004,0.001,-0.000
cam0 extrinsics = 0.500,0.503,0.496,0.501 | -0.045,0.014,-0.046
cam1 extrinsics = 0.499,0.502,0.499,0.500 | 0.064,0.015,-0.046
[34m[TIME]: 0.0069 seconds total (145.3 hz, 0.22 ms behind)
[0mq_GtoI = 0.657,0.754,-0.003,0.014 | p_IinG = 3.790,15.487,-1.978 | dist = 25.49 (meters)
bg = 0.0009,-0.0001,-0.0002 | ba = 0.1059,0.0388,0.1544
camera-imu timeoffset = 0.00185
cam0 intrinsics = 350.878,350.448,367.519,253.540 | -0.038,-0.009,0.007,-0.002
cam1 intrinsics = 352.030,351.542,346.743,271.357 | -0.039,-0.004,0.001,-0.000
cam0 extrinsics = 0.500,0.503,0.496,0.501 | -0.045,0.014,-0.046
cam1 extrinsics = 0.499,0.502,0.499,0.500 | 0.064,0.015,-0.046
[34m[TIME]: 0.0092 seconds total (108.7 hz, 0.23 ms behind)
[0mq_GtoI = 0.641,0.767,-0.013,0.006 | p_IinG = 3.791,15.507,-1.980 | dist = 25.51 (meters)
bg = 0.0009,-0.0001,-0.0002 | ba = 0.1059,0.0388,0.1544
camera-imu timeoffset = 0.00185
cam0 intrinsics = 350.874,350.445,367.517,253.543 | -0.038,-0.009,0.007,-0.002
cam1 intrinsics = 352.026,351.541,346.743,271.359 | -0.039,-0.004,0.001,-0.000
cam0 extrinsics = 0.500,0.503,0.496,0.501 | -0.045,0.014,-0.046
cam1 extrinsics = 0.499,0.502,0.499,0.500 | 0.064,0.015,-0.046
[34m[TIME]: 0.0078 seconds total (127.9 hz, 0.24 ms behind)
[0mq_GtoI = 0.625,0.781,-0.017,0.004 | p_IinG = 3.788,15.529,-1.981 | dist = 25.54 (meters)
bg = 0.0009,-0.0001,-0.0002 | ba = 0.1059,0.0388,0.1544
camera-imu timeoffset = 0.00185
cam0 intrinsics = 350.871,350.444,367.519,253.544 | -0.038,-0.009,0.007,-0.002
cam1 intrinsics = 352.023,351.540,346.745,271.360 | -0.039,-0.004,0.001,-0.000
cam0 extrinsics = 0.500,0.503,0.496,0.501 | -0.045,0.014,-0.046
cam1 extrinsics = 0.499,0.502,0.499,0.500 | 0.064,0.015,-0.046
[34m[TIME]: 0.0111 seconds total (90.0 hz, 0.00 ms behind)
[0mq_GtoI = 0.610,0.792,-0.021,0.004 | p_IinG = 3.785,15.551,-1.982 | dist = 25.56 (meters)
bg = 0.0009,-0.0001,-0.0002 | ba = 0.1060,0.0387,0.1544
camera-imu timeoffset = 0.00185
cam0 intrinsics = 350.870,350.445,367.519,253.541 | -0.038,-0.009,0.007,-0.002
cam1 intrinsics = 352.018,351.537,346.745,271.359 | -0.039,-0.004,0.001,-0.000
cam0 extrinsics = 0.500,0.503,0.496,0.501 | -0.045,0.014,-0.046
cam1 extrinsics = 0.499,0.502,0.499,0.500 | 0.064,0.015,-0.046
[34m[TIME]: 0.0093 seconds total (107.6 hz, 0.01 ms behind)
[0mq_GtoI = 0.598,0.801,-0.024,0.006 | p_IinG = 3.781,15.572,-1.983 | dist = 25.58 (meters)
bg = 0.0009,-0.0001,-0.0002 | ba = 0.1062,0.0388,0.1544
camera-imu timeoffset = 0.00185
cam0 intrinsics = 350.854,350.427,367.514,253.538 | -0.038,-0.009,0.007,-0.002
cam1 intrinsics = 352.015,351.534,346.741,271.361 | -0.040,-0.004,0.001,-0.000
cam0 extrinsics = 0.500,0.503,0.496,0.501 | -0.045,0.014,-0.046
cam1 extrinsics = 0.499,0.502,0.499,0.500 | 0.064,0.015,-0.046
[34m[TIME]: 0.0097 seconds total (103.6 hz, 0.02 ms behind)
[0mq_GtoI = 0.587,0.809,-0.026,0.007 | p_IinG = 3.776,15.592,-1.984 | dist = 25.60 (meters)
bg = 0.0009,-0.0001,-0.0002 | ba = 0.1063,0.0387,0.1544
camera-imu timeoffset = 0.00185
cam0 intrinsics = 350.850,350.428,367.512,253.540 | -0.038,-0.009,0.007,-0.002
cam1 intrinsics = 352.012,351.536,346.740,271.362 | -0.040,-0.004,0.001,-0.000
cam0 extrinsics = 0.500,0.503,0.496,0.501 | -0.045,0.014,-0.046
cam1 extrinsics = 0.499,0.502,0.499,0.500 | 0.064,0.015,-0.046
[34m[TIME]: 0.0069 seconds total (145.1 hz, 0.04 ms behind)
[0mq_GtoI = 0.577,0.816,-0.028,0.006 | p_IinG = 3.772,15.611,-1.984 | dist = 25.62 (meters)
bg = 0.0009,-0.0001,-0.0002 | ba = 0.1063,0.0387,0.1544
camera-imu timeoffset = 0.00185
cam0 intrinsics = 350.849,350.427,367.512,253.539 | -0.038,-0.009,0.007,-0.002
cam1 intrinsics = 352.010,351.533,346.740,271.362 | -0.040,-0.004,0.001,-0.000
cam0 extrinsics = 0.500,0.503,0.496,0.501 | -0.045,0.014,-0.046
cam1 extrinsics = 0.499,0.502,0.499,0.500 | 0.064,0.015,-0.046
[34m[TIME]: 0.0082 seconds total (122.7 hz, 0.04 ms behind)
[0mq_GtoI = 0.568,0.823,-0.032,0.001 | p_IinG = 3.769,15.629,-1.984 | dist = 25.64 (meters)
bg = 0.0009,-0.0001,-0.0002 | ba = 0.1063,0.0387,0.1544
camera-imu timeoffset = 0.00185
cam0 intrinsics = 350.848,350.425,367.512,253.539 | -0.038,-0.009,0.007,-0.002
cam1 intrinsics = 352.008,351.531,346.740,271.361 | -0.039,-0.004,0.001,-0.000
cam0 extrinsics = 0.500,0.503,0.496,0.501 | -0.045,0.014,-0.046
cam1 extrinsics = 0.499,0.502,0.499,0.500 | 0.064,0.015,-0.046
[34m[TIME]: 0.0083 seconds total (120.5 hz, 0.06 ms behind)
[0mq_GtoI = -0.562,-0.827,0.033,0.004 | p_IinG = 3.767,15.646,-1.985 | dist = 25.66 (meters)
bg = 0.0009,-0.0001,-0.0002 | ba = 0.1064,0.0387,0.1544
camera-imu timeoffset = 0.00185
cam0 intrinsics = 350.851,350.432,367.512,253.539 | -0.038,-0.009,0.007,-0.002
cam1 intrinsics = 352.010,351.536,346.741,271.362 | -0.039,-0.004,0.001,-0.000
cam0 extrinsics = 0.500,0.503,0.496,0.501 | -0.045,0.014,-0.046
cam1 extrinsics = 0.499,0.502,0.499,0.500 | 0.064,0.015,-0.046
[34m[TIME]: 0.0133 seconds total (75.1 hz, 0.07 ms behind)
[0mq_GtoI = -0.559,-0.828,0.031,0.008 | p_IinG = 3.765,15.663,-1.987 | dist = 25.68 (meters)
bg = 0.0009,-0.0001,-0.0002 | ba = 0.1065,0.0388,0.1544
camera-imu timeoffset = 0.00185
cam0 intrinsics = 350.850,350.436,367.515,253.538 | -0.038,-0.009,0.007,-0.002
cam1 intrinsics = 352.006,351.536,346.745,271.359 | -0.039,-0.004,0.001,-0.000
cam0 extrinsics = 0.500,0.503,0.496,0.501 | -0.045,0.014,-0.046
cam1 extrinsics = 0.499,0.502,0.499,0.500 | 0.064,0.015,-0.046
[34m[TIME]: 0.0108 seconds total (92.6 hz, 0.08 ms behind)
[0mq_GtoI = -0.558,-0.829,0.029,0.012 | p_IinG = 3.763,15.682,-1.989 | dist = 25.70 (meters)
bg = 0.0009,-0.0001,-0.0002 | ba = 0.1065,0.0388,0.1544
camera-imu timeoffset = 0.00185
cam0 intrinsics = 350.849,350.433,367.516,253.537 | -0.038,-0.009,0.007,-0.002
cam1 intrinsics = 352.005,351.535,346.746,271.357 | -0.039,-0.004,0.001,-0.000
cam0 extrinsics = 0.500,0.503,0.496,0.501 | -0.045,0.014,-0.046
cam1 extrinsics = 0.499,0.502,0.499,0.500 | 0.064,0.015,-0.046
[34m[TIME]: 0.0145 seconds total (68.8 hz, 0.09 ms behind)
[0mq_GtoI = -0.557,-0.830,0.026,0.017 | p_IinG = 3.761,15.702,-1.991 | dist = 25.72 (meters)
bg = 0.0009,-0.0001,-0.0002 | ba = 0.1065,0.0388,0.1544
camera-imu timeoffset = 0.00185
cam0 intrinsics = 350.847,350.432,367.517,253.535 | -0.038,-0.009,0.007,-0.002
cam1 intrinsics = 352.004,351.534,346.747,271.356 | -0.039,-0.004,0.001,-0.000
cam0 extrinsics = 0.500,0.503,0.496,0.501 | -0.045,0.014,-0.046
cam1 extrinsics = 0.499,0.502,0.499,0.500 | 0.064,0.015,-0.046
[34m[TIME]: 0.0110 seconds total (91.2 hz, 0.10 ms behind)
[0mq_GtoI = -0.558,-0.829,0.026,0.022 | p_IinG = 3.757,15.725,-1.993 | dist = 25.74 (meters)
bg = 0.0009,-0.0001,-0.0002 | ba = 0.1065,0.0389,0.1544
camera-imu timeoffset = 0.00185
cam0 intrinsics = 350.846,350.431,367.518,253.534 | -0.038,-0.009,0.007,-0.002
cam1 intrinsics = 352.003,351.534,346.748,271.354 | -0.039,-0.004,0.001,-0.000
cam0 extrinsics = 0.500,0.503,0.496,0.501 | -0.045,0.014,-0.046
cam1 extrinsics = 0.499,0.502,0.499,0.500 | 0.064,0.015,-0.046
[34m[TIME]: 0.0068 seconds total (146.4 hz, 0.11 ms behind)
[0mq_GtoI = -0.562,-0.826,0.022,0.024 | p_IinG = 3.753,15.749,-1.994 | dist = 25.76 (meters)
bg = 0.0009,-0.0001,-0.0002 | ba = 0.1065,0.0388,0.1544
camera-imu timeoffset = 0.00185
cam0 intrinsics = 350.846,350.432,367.518,253.534 | -0.038,-0.009,0.007,-0.002
cam1 intrinsics = 352.004,351.535,346.748,271.354 | -0.039,-0.004,0.001,-0.000
cam0 extrinsics = 0.500,0.503,0.496,0.501 | -0.045,0.014,-0.046
cam1 extrinsics = 0.499,0.502,0.499,0.500 | 0.064,0.015,-0.046
[34m[TIME]: 0.0075 seconds total (133.5 hz, 0.12 ms behind)
[0mq_GtoI = -0.567,-0.824,0.016,0.022 | p_IinG = 3.746,15.773,-1.993 | dist = 25.79 (meters)
bg = 0.0009,-0.0001,-0.0002 | ba = 0.1065,0.0389,0.1544
camera-imu timeoffset = 0.00185
cam0 intrinsics = 350.851,350.435,367.518,253.533 | -0.038,-0.009,0.007,-0.002
cam1 intrinsics = 351.998,351.526,346.747,271.356 | -0.039,-0.005,0.001,-0.000
cam0 extrinsics = 0.500,0.503,0.496,0.501 | -0.045,0.014,-0.046
cam1 extrinsics = 0.499,0.502,0.499,0.500 | 0.064,0.015,-0.046
[34m[TIME]: 0.0080 seconds total (124.6 hz, 0.13 ms behind)
[0mq_GtoI = -0.567,-0.823,0.021,0.023 | p_IinG = 3.740,15.799,-1.992 | dist = 25.82 (meters)
bg = 0.0009,-0.0001,-0.0002 | ba = 0.1065,0.0389,0.1544
camera-imu timeoffset = 0.00185
cam0 intrinsics = 350.853,350.439,367.517,253.533 | -0.038,-0.009,0.007,-0.002
cam1 intrinsics = 351.993,351.524,346.743,271.353 | -0.039,-0.005,0.001,-0.000
cam0 extrinsics = 0.500,0.503,0.496,0.501 | -0.045,0.014,-0.046
cam1 extrinsics = 0.499,0.502,0.499,0.500 | 0.064,0.015,-0.046
[34m[TIME]: 0.0104 seconds total (96.1 hz, 0.14 ms behind)
[0mq_GtoI = -0.567,-0.823,0.022,0.020 | p_IinG = 3.732,15.826,-1.989 | dist = 25.85 (meters)
bg = 0.0009,-0.0001,-0.0002 | ba = 0.1065,0.0389,0.1544
camera-imu timeoffset = 0.00185
cam0 intrinsics = 350.854,350.440,367.514,253.534 | -0.038,-0.009,0.007,-0.002
cam1 intrinsics = 351.994,351.525,346.741,271.353 | -0.039,-0.005,0.001,-0.000
cam0 extrinsics = 0.500,0.503,0.496,0.501 | -0.045,0.014,-0.046
cam1 extrinsics = 0.499,0.502,0.499,0.500 | 0.064,0.015,-0.046
[34m[TIME]: 0.0101 seconds total (99.5 hz, 0.15 ms behind)
[0mq_GtoI = -0.567,-0.824,0.017,0.011 | p_IinG = 3.722,15.852,-1.986 | dist = 25.87 (meters)
bg = 0.0009,-0.0001,-0.0002 | ba = 0.1065,0.0389,0.1544
camera-imu timeoffset = 0.00185
cam0 intrinsics = 350.853,350.440,367.515,253.534 | -0.038,-0.009,0.007,-0.002
cam1 intrinsics = 351.994,351.525,346.741,271.353 | -0.039,-0.005,0.001,-0.000
cam0 extrinsics = 0.500,0.503,0.496,0.501 | -0.045,0.014,-0.046
cam1 extrinsics = 0.499,0.502,0.499,0.500 | 0.064,0.015,-0.046
[34m[TIME]: 0.0100 seconds total (99.9 hz, 0.16 ms behind)
[0mq_GtoI = -0.564,-0.826,0.015,0.003 | p_IinG = 3.712,15.880,-1.983 | dist = 25.90 (meters)
bg = 0.0009,-0.0001,-0.0002 | ba = 0.1065,0.0389,0.1544
camera-imu timeoffset = 0.00185
cam0 intrinsics = 350.853,350.439,367.516,253.534 | -0.038,-0.009,0.007,-0.002
cam1 intrinsics = 351.995,351.526,346.742,271.351 | -0.039,-0.005,0.001,-0.000
cam0 extrinsics = 0.500,0.503,0.496,0.501 | -0.045,0.014,-0.046
cam1 extrinsics = 0.499,0.502,0.499,0.500 | 0.064,0.015,-0.046
[34m[TIME]: 0.0138 seconds total (72.4 hz, 0.17 ms behind)
[0mq_GtoI = 0.557,0.830,-0.016,0.002 | p_IinG = 3.705,15.909,-1.981 | dist = 25.93 (meters)
bg = 0.0009,-0.0001,-0.0002 | ba = 0.1065,0.0389,0.1544
camera-imu timeoffset = 0.00185
cam0 intrinsics = 350.853,350.439,367.515,253.534 | -0.038,-0.009,0.007,-0.002
cam1 intrinsics = 351.995,351.526,346.742,271.351 | -0.039,-0.005,0.001,-0.000
cam0 extrinsics = 0.500,0.503,0.496,0.501 | -0.045,0.014,-0.046
cam1 extrinsics = 0.499,0.502,0.499,0.500 | 0.064,0.015,-0.046
[34m[TIME]: 0.0102 seconds total (98.5 hz, 0.18 ms behind)
[0mq_GtoI = 0.549,0.835,-0.017,0.006 | p_IinG = 3.698,15.938,-1.980 | dist = 25.96 (meters)
bg = 0.0009,-0.0001,-0.0002 | ba = 0.1065,0.0389,0.1544
camera-imu timeoffset = 0.00185
cam0 intrinsics = 350.854,350.442,367.515,253.534 | -0.038,-0.009,0.007,-0.002
cam1 intrinsics = 351.994,351.526,346.741,271.352 | -0.039,-0.005,0.001,-0.000
cam0 extrinsics = 0.500,0.503,0.496,0.501 | -0.045,0.014,-0.046
cam1 extrinsics = 0.499,0.502,0.499,0.500 | 0.064,0.015,-0.046
[34m[TIME]: 0.0085 seconds total (117.5 hz, 0.19 ms behind)
[0mq_GtoI = 0.544,0.839,-0.016,0.010 | p_IinG = 3.690,15.968,-1.979 | dist = 25.99 (meters)
bg = 0.0009,-0.0001,-0.0002 | ba = 0.1065,0.0390,0.1544
camera-imu timeoffset = 0.00185
cam0 intrinsics = 350.852,350.440,367.520,253.534 | -0.038,-0.009,0.007,-0.002
cam1 intrinsics = 351.992,351.525,346.745,271.352 | -0.039,-0.005,0.001,-0.000
cam0 extrinsics = 0.500,0.503,0.496,0.501 | -0.045,0.014,-0.046
cam1 extrinsics = 0.499,0.502,0.499,0.500 | 0.064,0.015,-0.046
[34m[TIME]: 0.0070 seconds total (142.3 hz, 0.20 ms behind)
[0mq_GtoI = 0.539,0.842,-0.013,0.012 | p_IinG = 3.686,15.998,-1.978 | dist = 26.02 (meters)
bg = 0.0009,-0.0001,-0.0002 | ba = 0.1065,0.0390,0.1544
camera-imu timeoffset = 0.00185
cam0 intrinsics = 350.851,350.442,367.518,253.530 | -0.038,-0.009,0.007,-0.002
cam1 intrinsics = 351.993,351.526,346.748,271.356 | -0.039,-0.004,0.001,-0.000
cam0 extrinsics = 0.500,0.503,0.496,0.501 | -0.045,0.014,-0.046
cam1 extrinsics = 0.499,0.502,0.499,0.500 | 0.064,0.015,-0.046
[34m[TIME]: 0.0104 seconds total (96.6 hz, 0.21 ms behind)
[0mq_GtoI = 0.531,0.847,-0.013,0.008 | p_IinG = 3.684,16.030,-1.976 | dist = 26.06 (meters)
bg = 0.0009,-0.0001,-0.0002 | ba = 0.1065,0.0390,0.1544
camera-imu timeoffset = 0.00185
cam0 intrinsics = 350.852,350.443,367.517,253.531 | -0.038,-0.009,0.007,-0.002
cam1 intrinsics = 351.993,351.527,346.748,271.358 | -0.039,-0.005,0.001,-0.000
cam0 extrinsics = 0.500,0.503,0.496,0.501 | -0.045,0.014,-0.046
cam1 extrinsics = 0.499,0.502,0.499,0.500 | 0.064,0.015,-0.046
[34m[TIME]: 0.0064 seconds total (156.3 hz, 0.22 ms behind)
[0mq_GtoI = 0.519,0.855,-0.013,0.001 | p_IinG = 3.682,16.061,-1.974 | dist = 26.09 (meters)
bg = 0.0009,-0.0001,-0.0002 | ba = 0.1065,0.0389,0.1544
camera-imu timeoffset = 0.00185
cam0 intrinsics = 350.854,350.444,367.515,253.530 | -0.038,-0.009,0.007,-0.002
cam1 intrinsics = 351.994,351.529,346.746,271.357 | -0.039,-0.005,0.001,-0.000
cam0 extrinsics = 0.500,0.503,0.496,0.501 | -0.045,0.014,-0.046
cam1 extrinsics = 0.499,0.502,0.499,0.500 | 0.064,0.015,-0.046
[34m[TIME]: 0.0131 seconds total (76.1 hz, 0.23 ms behind)
[0mq_GtoI = -0.504,-0.863,0.014,0.004 | p_IinG = 3.680,16.093,-1.971 | dist = 26.12 (meters)
bg = 0.0009,-0.0001,-0.0002 | ba = 0.1065,0.0389,0.1544
camera-imu timeoffset = 0.00185
cam0 intrinsics = 350.853,350.443,367.517,253.530 | -0.038,-0.009,0.007,-0.002
cam1 intrinsics = 351.994,351.528,346.747,271.357 | -0.039,-0.005,0.001,-0.000
cam0 extrinsics = 0.500,0.503,0.496,0.501 | -0.045,0.014,-0.046
cam1 extrinsics = 0.499,0.502,0.499,0.500 | 0.064,0.015,-0.046
[34m[TIME]: 0.0119 seconds total (83.9 hz, 0.24 ms behind)
[0mq_GtoI = 0.498,0.867,-0.010,0.000 | p_IinG = 3.676,16.125,-1.969 | dist = 26.15 (meters)
bg = 0.0009,-0.0001,-0.0002 | ba = 0.1065,0.0389,0.1544
camera-imu timeoffset = 0.00185
cam0 intrinsics = 350.854,350.445,367.518,253.533 | -0.038,-0.009,0.007,-0.002
cam1 intrinsics = 351.992,351.527,346.749,271.360 | -0.039,-0.004,0.001,-0.000
cam0 extrinsics = 0.500,0.503,0.496,0.501 | -0.045,0.014,-0.046
cam1 extrinsics = 0.499,0.502,0.499,0.500 | 0.064,0.015,-0.046
[34m[TIME]: 0.0107 seconds total (93.2 hz, 0.00 ms behind)
[0mq_GtoI = 0.492,0.870,-0.008,0.007 | p_IinG = 3.673,16.158,-1.967 | dist = 26.18 (meters)
bg = 0.0009,-0.0001,-0.0002 | ba = 0.1065,0.0389,0.1544
camera-imu timeoffset = 0.00185
cam0 intrinsics = 350.854,350.445,367.518,253.533 | -0.038,-0.009,0.007,-0.002
cam1 intrinsics = 351.992,351.527,346.749,271.360 | -0.039,-0.004,0.001,-0.000
cam0 extrinsics = 0.500,0.503,0.496,0.501 | -0.045,0.014,-0.046
cam1 extrinsics = 0.499,0.502,0.499,0.500 | 0.064,0.015,-0.046
[34m[TIME]: 0.0060 seconds total (167.7 hz, 0.01 ms behind)
[0mq_GtoI = 0.486,0.874,-0.006,0.013 | p_IinG = 3.671,16.191,-1.966 | dist = 26.22 (meters)
bg = 0.0009,-0.0001,-0.0002 | ba = 0.1065,0.0389,0.1544
camera-imu timeoffset = 0.00185
cam0 intrinsics = 350.855,350.444,367.518,253.533 | -0.038,-0.009,0.007,-0.002
cam1 intrinsics = 351.992,351.526,346.749,271.360 | -0.039,-0.004,0.001,-0.000
cam0 extrinsics = 0.500,0.503,0.496,0.501 | -0.045,0.014,-0.046
cam1 extrinsics = 0.499,0.502,0.499,0.500 | 0.064,0.015,-0.046
[34m[TIME]: 0.0075 seconds total (133.5 hz, 0.02 ms behind)
[0mq_GtoI = 0.478,0.878,-0.007,0.017 | p_IinG = 3.668,16.224,-1.965 | dist = 26.25 (meters)
bg = 0.0009,-0.0001,-0.0002 | ba = 0.1065,0.0389,0.1544
camera-imu timeoffset = 0.00185
cam0 intrinsics = 350.855,350.444,367.519,253.533 | -0.038,-0.009,0.007,-0.002
cam1 intrinsics = 351.992,351.526,346.749,271.360 | -0.039,-0.004,0.001,-0.000
cam0 extrinsics = 0.500,0.503,0.496,0.501 | -0.045,0.014,-0.046
cam1 extrinsics = 0.499,0.502,0.499,0.500 | 0.064,0.015,-0.046
[34m[TIME]: 0.0079 seconds total (125.9 hz, 0.03 ms behind)
[0mq_GtoI = 0.472,0.881,-0.009,0.020 | p_IinG = 3.666,16.258,-1.965 | dist = 26.28 (meters)
bg = 0.0009,-0.0001,-0.0002 | ba = 0.1065,0.0388,0.1543
camera-imu timeoffset = 0.00185
cam0 intrinsics = 350.856,350.445,367.519,253.533 | -0.038,-0.009,0.007,-0.002
cam1 intrinsics = 351.992,351.526,346.748,271.360 | -0.039,-0.004,0.001,-0.000
cam0 extrinsics = 0.500,0.503,0.496,0.501 | -0.045,0.014,-0.046
cam1 extrinsics = 0.499,0.502,0.499,0.500 | 0.064,0.015,-0.046
[34m[TIME]: 0.0069 seconds total (144.3 hz, 0.04 ms behind)
[0mq_GtoI = 0.470,0.882,-0.008,0.024 | p_IinG = 3.664,16.290,-1.965 | dist = 26.32 (meters)
bg = 0.0009,-0.0001,-0.0002 | ba = 0.1065,0.0388,0.1543
camera-imu timeoffset = 0.00185
cam0 intrinsics = 350.856,350.444,367.520,253.532 | -0.038,-0.009,0.007,-0.002
cam1 intrinsics = 351.992,351.525,346.749,271.359 | -0.039,-0.004,0.001,-0.000
cam0 extrinsics = 0.500,0.503,0.496,0.501 | -0.045,0.014,-0.046
cam1 extrinsics = 0.499,0.502,0.499,0.500 | 0.064,0.015,-0.046
[34m[TIME]: 0.0064 seconds total (156.7 hz, 0.06 ms behind)
[0mq_GtoI = 0.470,0.882,-0.007,0.027 | p_IinG = 3.660,16.322,-1.965 | dist = 26.35 (meters)
bg = 0.0009,-0.0001,-0.0002 | ba = 0.1064,0.0388,0.1543
camera-imu timeoffset = 0.00185
cam0 intrinsics = 350.856,350.444,367.520,253.532 | -0.038,-0.009,0.007,-0.002
cam1 intrinsics = 351.992,351.525,346.748,271.359 | -0.039,-0.004,0.001,-0.000
cam0 extrinsics = 0.500,0.503,0.496,0.501 | -0.045,0.014,-0.046
cam1 extrinsics = 0.499,0.502,0.499,0.500 | 0.064,0.015,-0.046
[34m[TIME]: 0.0076 seconds total (131.9 hz, 0.07 ms behind)
[0mq_GtoI = 0.472,0.881,-0.005,0.028 | p_IinG = 3.656,16.352,-1.965 | dist = 26.38 (meters)
bg = 0.0009,-0.0001,-0.0002 | ba = 0.1064,0.0388,0.1544
camera-imu timeoffset = 0.00185
cam0 intrinsics = 350.856,350.445,367.519,253.533 | -0.038,-0.009,0.007,-0.002
cam1 intrinsics = 351.991,351.525,346.748,271.360 | -0.039,-0.004,0.001,-0.000
cam0 extrinsics = 0.500,0.503,0.496,0.501 | -0.045,0.014,-0.046
cam1 extrinsics = 0.499,0.502,0.499,0.500 | 0.064,0.015,-0.046
[34m[TIME]: 0.0041 seconds total (241.2 hz, 0.08 ms behind)
[0mq_GtoI = 0.474,0.880,-0.001,0.026 | p_IinG = 3.650,16.383,-1.963 | dist = 26.41 (meters)
bg = 0.0009,-0.0001,-0.0002 | ba = 0.1063,0.0388,0.1544
camera-imu timeoffset = 0.00185
cam0 intrinsics = 350.855,350.443,367.520,253.530 | -0.038,-0.009,0.007,-0.002
cam1 intrinsics = 351.989,351.522,346.749,271.358 | -0.039,-0.005,0.001,-0.000
cam0 extrinsics = 0.500,0.503,0.496,0.501 | -0.045,0.014,-0.046
cam1 extrinsics = 0.499,0.502,0.499,0.500 | 0.064,0.015,-0.046
[34m[TIME]: 0.0085 seconds total (117.9 hz, 0.09 ms behind)
[0mq_GtoI = 0.477,0.879,0.003,0.021 | p_IinG = 3.646,16.413,-1.960 | dist = 26.44 (meters)
bg = 0.0009,-0.0001,-0.0002 | ba = 0.1063,0.0388,0.1544
camera-imu timeoffset = 0.00185
cam0 intrinsics = 350.854,350.443,367.520,253.530 | -0.038,-0.009,0.007,-0.002
cam1 intrinsics = 351.989,351.521,346.750,271.358 | -0.039,-0.005,0.001,-0.000
cam0 extrinsics = 0.500,0.503,0.496,0.501 | -0.045,0.014,-0.046
cam1 extrinsics = 0.499,0.502,0.499,0.500 | 0.064,0.015,-0.046
[34m[TIME]: 0.0062 seconds total (160.5 hz, 0.10 ms behind)
[0mq_GtoI = 0.480,0.877,0.008,0.012 | p_IinG = 3.641,16.444,-1.954 | dist = 26.47 (meters)
bg = 0.0009,-0.0001,-0.0002 | ba = 0.1063,0.0387,0.1543
camera-imu timeoffset = 0.00185
cam0 intrinsics = 350.857,350.445,367.521,253.531 | -0.038,-0.009,0.007,-0.002
cam1 intrinsics = 351.987,351.518,346.752,271.359 | -0.039,-0.005,0.001,-0.000
cam0 extrinsics = 0.500,0.503,0.496,0.501 | -0.045,0.014,-0.046
cam1 extrinsics = 0.499,0.502,0.499,0.500 | 0.064,0.015,-0.046
[34m[TIME]: 0.0059 seconds total (169.8 hz, 0.11 ms behind)
[0mq_GtoI = 0.481,0.877,0.014,0.000 | p_IinG = 3.635,16.472,-1.947 | dist = 26.49 (meters)
bg = 0.0009,-0.0001,-0.0002 | ba = 0.1062,0.0387,0.1543
camera-imu timeoffset = 0.00185
cam0 intrinsics = 350.858,350.441,367.523,253.532 | -0.038,-0.009,0.007,-0.002
cam1 intrinsics = 351.986,351.512,346.758,271.360 | -0.039,-0.005,0.001,-0.000
cam0 extrinsics = 0.500,0.503,0.496,0.501 | -0.045,0.014,-0.046
cam1 extrinsics = 0.499,0.502,0.499,0.500 | 0.064,0.015,-0.046
[34m[TIME]: 0.0088 seconds total (113.3 hz, 0.12 ms behind)
[0mq_GtoI = -0.477,-0.878,-0.016,0.013 | p_IinG = 3.627,16.500,-1.938 | dist = 26.52 (meters)
bg = 0.0009,-0.0001,-0.0002 | ba = 0.1061,0.0386,0.1543
camera-imu timeoffset = 0.00184
cam0 intrinsics = 350.859,350.432,367.529,253.534 | -0.038,-0.009,0.007,-0.002
cam1 intrinsics = 351.986,351.502,346.763,271.361 | -0.039,-0.005,0.001,-0.000
cam0 extrinsics = 0.500,0.503,0.496,0.501 | -0.045,0.014,-0.046
cam1 extrinsics = 0.499,0.502,0.499,0.500 | 0.064,0.015,-0.046
[34m[TIME]: 0.0095 seconds total (105.5 hz, 0.13 ms behind)
[0mq_GtoI = -0.473,-0.881,-0.020,0.022 | p_IinG = 3.618,16.526,-1.928 | dist = 26.55 (meters)
bg = 0.0009,-0.0001,-0.0002 | ba = 0.1060,0.0385,0.1543
camera-imu timeoffset = 0.00184
cam0 intrinsics = 350.860,350.425,367.531,253.532 | -0.038,-0.009,0.007,-0.002
cam1 intrinsics = 351.986,351.494,346.766,271.362 | -0.039,-0.005,0.001,-0.000
cam0 extrinsics = 0.500,0.503,0.496,0.501 | -0.045,0.014,-0.046
cam1 extrinsics = 0.499,0.502,0.499,0.500 | 0.064,0.015,-0.046
[34m[TIME]: 0.0072 seconds total (138.9 hz, 0.14 ms behind)
[0mq_GtoI = -0.471,-0.881,-0.026,0.023 | p_IinG = 3.606,16.556,-1.920 | dist = 26.57 (meters)
bg = 0.0009,-0.0000,-0.0002 | ba = 0.1059,0.0383,0.1543
camera-imu timeoffset = 0.00184
cam0 intrinsics = 350.860,350.421,367.534,253.535 | -0.038,-0.009,0.007,-0.002
cam1 intrinsics = 351.987,351.489,346.762,271.365 | -0.039,-0.005,0.001,-0.000
cam0 extrinsics = 0.500,0.503,0.496,0.501 | -0.045,0.014,-0.046
cam1 extrinsics = 0.499,0.502,0.499,0.500 | 0.064,0.015,-0.046
[34m[TIME]: 0.0076 seconds total (131.0 hz, 0.15 ms behind)
[0mq_GtoI = -0.466,-0.884,-0.029,0.022 | p_IinG = 3.594,16.580,-1.914 | dist = 26.60 (meters)
bg = 0.0009,-0.0000,-0.0002 | ba = 0.1059,0.0382,0.1543
camera-imu timeoffset = 0.00185
cam0 intrinsics = 350.860,350.417,367.536,253.536 | -0.038,-0.009,0.007,-0.002
cam1 intrinsics = 351.987,351.484,346.765,271.366 | -0.039,-0.005,0.001,-0.000
cam0 extrinsics = 0.500,0.503,0.496,0.501 | -0.045,0.014,-0.046
cam1 extrinsics = 0.499,0.502,0.499,0.500 | 0.064,0.015,-0.046
[34m[TIME]: 0.0074 seconds total (135.6 hz, 0.16 ms behind)
[0mq_GtoI = -0.454,-0.890,-0.029,0.022 | p_IinG = 3.583,16.604,-1.910 | dist = 26.63 (meters)
bg = 0.0009,-0.0000,-0.0002 | ba = 0.1059,0.0382,0.1543
camera-imu timeoffset = 0.00185
cam0 intrinsics = 350.860,350.415,367.540,253.539 | -0.038,-0.009,0.007,-0.002
cam1 intrinsics = 351.986,351.482,346.772,271.367 | -0.039,-0.005,0.001,-0.000
cam0 extrinsics = 0.500,0.503,0.496,0.501 | -0.045,0.014,-0.046
cam1 extrinsics = 0.499,0.502,0.499,0.500 | 0.064,0.015,-0.046
[34m[TIME]: 0.0072 seconds total (139.3 hz, 0.17 ms behind)
[0mq_GtoI = -0.438,-0.899,-0.025,0.020 | p_IinG = 3.570,16.629,-1.910 | dist = 26.65 (meters)
bg = 0.0009,-0.0000,-0.0002 | ba = 0.1059,0.0382,0.1543
camera-imu timeoffset = 0.00185
cam0 intrinsics = 350.861,350.415,367.538,253.539 | -0.038,-0.009,0.007,-0.002
cam1 intrinsics = 351.987,351.482,346.770,271.366 | -0.039,-0.005,0.001,-0.000
cam0 extrinsics = 0.500,0.503,0.496,0.501 | -0.045,0.014,-0.046
cam1 extrinsics = 0.499,0.502,0.499,0.500 | 0.064,0.015,-0.046
[34m[TIME]: 0.0098 seconds total (101.9 hz, 0.18 ms behind)
[0mq_GtoI = -0.418,-0.908,-0.019,0.015 | p_IinG = 3.555,16.654,-1.911 | dist = 26.68 (meters)
bg = 0.0009,-0.0000,-0.0002 | ba = 0.1059,0.0381,0.1543
camera-imu timeoffset = 0.00185
cam0 intrinsics = 350.862,350.415,367.533,253.541 | -0.038,-0.009,0.007,-0.002
cam1 intrinsics = 351.988,351.481,346.768,271.366 | -0.039,-0.005,0.001,-0.000
cam0 extrinsics = 0.500,0.503,0.496,0.501 | -0.045,0.014,-0.046
cam1 extrinsics = 0.499,0.502,0.499,0.500 | 0.064,0.015,-0.046
[34m[TIME]: 0.0074 seconds total (135.5 hz, 0.19 ms behind)
[0mq_GtoI = -0.397,-0.918,-0.016,0.007 | p_IinG = 3.537,16.683,-1.915 | dist = 26.71 (meters)
bg = 0.0009,0.0000,-0.0002 | ba = 0.1058,0.0380,0.1543
camera-imu timeoffset = 0.00185
cam0 intrinsics = 350.862,350.415,367.526,253.542 | -0.038,-0.009,0.007,-0.002
cam1 intrinsics = 351.991,351.482,346.759,271.365 | -0.039,-0.005,0.001,-0.000
cam0 extrinsics = 0.500,0.503,0.496,0.501 | -0.045,0.014,-0.046
cam1 extrinsics = 0.499,0.502,0.499,0.500 | 0.064,0.015,-0.046
[34m[TIME]: 0.0069 seconds total (145.1 hz, 0.20 ms behind)
[0mq_GtoI = 0.370,0.929,0.014,0.002 | p_IinG = 3.519,16.708,-1.920 | dist = 26.74 (meters)
bg = 0.0009,0.0000,-0.0002 | ba = 0.1058,0.0380,0.1543
camera-imu timeoffset = 0.00185
cam0 intrinsics = 350.861,350.414,367.515,253.543 | -0.038,-0.009,0.007,-0.002
cam1 intrinsics = 351.990,351.480,346.749,271.365 | -0.039,-0.005,0.001,-0.000
cam0 extrinsics = 0.500,0.503,0.496,0.501 | -0.045,0.014,-0.046
cam1 extrinsics = 0.499,0.502,0.499,0.500 | 0.064,0.015,-0.046
[34m[TIME]: 0.0084 seconds total (118.8 hz, 0.21 ms behind)
[0mq_GtoI = 0.341,0.940,0.015,0.010 | p_IinG = 3.498,16.735,-1.925 | dist = 26.77 (meters)
bg = 0.0009,0.0000,-0.0002 | ba = 0.1057,0.0380,0.1543
camera-imu timeoffset = 0.00185
cam0 intrinsics = 350.858,350.407,367.514,253.535 | -0.038,-0.009,0.007,-0.002
cam1 intrinsics = 351.986,351.473,346.751,271.354 | -0.039,-0.005,0.001,-0.000
cam0 extrinsics = 0.500,0.503,0.496,0.501 | -0.045,0.014,-0.047
cam1 extrinsics = 0.499,0.502,0.499,0.500 | 0.064,0.015,-0.046
[34m[TIME]: 0.0088 seconds total (114.1 hz, 0.22 ms behind)
[0mq_GtoI = 0.318,0.948,0.011,0.018 | p_IinG = 3.479,16.763,-1.931 | dist = 26.81 (meters)
bg = 0.0009,0.0000,-0.0002 | ba = 0.1057,0.0380,0.1543
camera-imu timeoffset = 0.00185
cam0 intrinsics = 350.855,350.407,367.513,253.529 | -0.038,-0.009,0.007,-0.002
cam1 intrinsics = 351.982,351.471,346.752,271.347 | -0.039,-0.005,0.001,-0.000
cam0 extrinsics = 0.500,0.503,0.496,0.501 | -0.045,0.014,-0.047
cam1 extrinsics = 0.499,0.502,0.499,0.500 | 0.064,0.015,-0.046
[34m[TIME]: 0.0076 seconds total (131.0 hz, 0.23 ms behind)
[0mq_GtoI = 0.295,0.955,0.001,0.020 | p_IinG = 3.462,16.790,-1.935 | dist = 26.84 (meters)
bg = 0.0010,0.0000,-0.0002 | ba = 0.1056,0.0381,0.1543
camera-imu timeoffset = 0.00184
cam0 intrinsics = 350.849,350.409,367.509,253.517 | -0.038,-0.009,0.007,-0.002
cam1 intrinsics = 351.973,351.470,346.753,271.334 | -0.039,-0.005,0.001,-0.000
cam0 extrinsics = 0.500,0.503,0.496,0.501 | -0.045,0.014,-0.047
cam1 extrinsics = 0.499,0.502,0.499,0.500 | 0.064,0.015,-0.046
[34m[TIME]: 0.0064 seconds total (155.9 hz, 0.24 ms behind)
[0mq_GtoI = 0.274,0.962,-0.004,0.020 | p_IinG = 3.445,16.821,-1.936 | dist = 26.88 (meters)
bg = 0.0010,0.0000,-0.0002 | ba = 0.1056,0.0380,0.1544
camera-imu timeoffset = 0.00184
cam0 intrinsics = 350.847,350.415,367.500,253.515 | -0.038,-0.009,0.007,-0.002
cam1 intrinsics = 351.969,351.473,346.747,271.329 | -0.039,-0.005,0.001,-0.000
cam0 extrinsics = 0.500,0.503,0.496,0.501 | -0.045,0.014,-0.047
cam1 extrinsics = 0.499,0.502,0.499,0.500 | 0.064,0.015,-0.046
[34m[TIME]: 0.0077 seconds total (130.5 hz, 0.00 ms behind)
[0mq_GtoI = 0.256,0.967,-0.008,0.019 | p_IinG = 3.430,16.853,-1.935 | dist = 26.91 (meters)
bg = 0.0010,0.0000,-0.0002 | ba = 0.1055,0.0380,0.1544
camera-imu timeoffset = 0.00184
cam0 intrinsics = 350.846,350.424,367.491,253.511 | -0.038,-0.009,0.007,-0.002
cam1 intrinsics = 351.965,351.479,346.743,271.322 | -0.039,-0.005,0.001,-0.000
cam0 extrinsics = 0.500,0.503,0.496,0.501 | -0.045,0.014,-0.047
cam1 extrinsics = 0.499,0.502,0.499,0.500 | 0.064,0.015,-0.046
[34m[TIME]: 0.0067 seconds total (148.5 hz, 0.01 ms behind)
[0mq_GtoI = 0.241,0.970,-0.013,0.019 | p_IinG = 3.418,16.883,-1.934 | dist = 26.95 (meters)
bg = 0.0010,-0.0000,-0.0002 | ba = 0.1056,0.0381,0.1543
camera-imu timeoffset = 0.00184
cam0 intrinsics = 350.848,350.436,367.494,253.500 | -0.038,-0.009,0.007,-0.002
cam1 intrinsics = 351.964,351.489,346.746,271.310 | -0.039,-0.005,0.001,-0.000
cam0 extrinsics = 0.500,0.503,0.496,0.501 | -0.045,0.014,-0.047
cam1 extrinsics = 0.499,0.502,0.499,0.500 | 0.064,0.015,-0.046
[34m[TIME]: 0.0068 seconds total (147.9 hz, 0.02 ms behind)
[0mq_GtoI = 0.232,0.972,-0.015,0.019 | p_IinG = 3.409,16.916,-1.931 | dist = 26.98 (meters)
bg = 0.0010,-0.0000,-0.0002 | ba = 0.1056,0.0381,0.1543
camera-imu timeoffset = 0.00184
cam0 intrinsics = 350.845,350.436,367.485,253.496 | -0.038,-0.009,0.007,-0.002
cam1 intrinsics = 351.961,351.488,346.742,271.309 | -0.039,-0.005,0.001,-0.000
cam0 extrinsics = 0.500,0.503,0.496,0.501 | -0.045,0.014,-0.047
cam1 extrinsics = 0.499,0.502,0.499,0.500 | 0.064,0.015,-0.046
[34m[TIME]: 0.0058 seconds total (173.4 hz, 0.03 ms behind)
[0mq_GtoI = 0.228,0.973,-0.012,0.019 | p_IinG = 3.402,16.949,-1.927 | dist = 27.02 (meters)
bg = 0.0010,-0.0000,-0.0002 | ba = 0.1056,0.0381,0.1543
camera-imu timeoffset = 0.00185
cam0 intrinsics = 350.846,350.435,367.486,253.492 | -0.038,-0.009,0.007,-0.002
cam1 intrinsics = 351.959,351.485,346.742,271.305 | -0.039,-0.005,0.001,-0.000
cam0 extrinsics = 0.500,0.503,0.496,0.501 | -0.045,0.014,-0.047
cam1 extrinsics = 0.499,0.502,0.499,0.500 | 0.064,0.015,-0.046
[34m[TIME]: 0.0058 seconds total (172.4 hz, 0.05 ms behind)
[0mq_GtoI = 0.231,0.973,-0.011,0.016 | p_IinG = 3.400,16.983,-1.924 | dist = 27.05 (meters)
bg = 0.0010,0.0000,-0.0002 | ba = 0.1057,0.0381,0.1543
camera-imu timeoffset = 0.00185
cam0 intrinsics = 350.848,350.436,367.482,253.489 | -0.038,-0.009,0.007,-0.002
cam1 intrinsics = 351.959,351.484,346.739,271.303 | -0.039,-0.005,0.001,-0.000
cam0 extrinsics = 0.500,0.503,0.496,0.501 | -0.045,0.014,-0.047
cam1 extrinsics = 0.499,0.502,0.499,0.500 | 0.064,0.015,-0.046
[34m[TIME]: 0.0061 seconds total (163.1 hz, 0.06 ms behind)
[0mq_GtoI = 0.240,0.971,-0.013,0.009 | p_IinG = 3.402,17.019,-1.920 | dist = 27.09 (meters)
bg = 0.0009,0.0000,-0.0002 | ba = 0.1057,0.0381,0.1543
camera-imu timeoffset = 0.00185
cam0 intrinsics = 350.849,350.433,367.481,253.486 | -0.038,-0.009,0.007,-0.002
cam1 intrinsics = 351.958,351.480,346.738,271.300 | -0.039,-0.005,0.001,-0.000
cam0 extrinsics = 0.500,0.503,0.496,0.501 | -0.045,0.014,-0.047
cam1 extrinsics = 0.499,0.502,0.499,0.500 | 0.064,0.015,-0.046
[34m[TIME]: 0.0087 seconds total (114.5 hz, 0.07 ms behind)
[0mq_GtoI = -0.253,-0.967,0.014,0.002 | p_IinG = 3.408,17.052,-1.916 | dist = 27.12 (meters)
bg = 0.0009,0.0000,-0.0002 | ba = 0.1057,0.0381,0.1543
camera-imu timeoffset = 0.00185
cam0 intrinsics = 350.851,350.430,367.482,253.483 | -0.038,-0.009,0.007,-0.002
cam1 intrinsics = 351.958,351.476,346.737,271.297 | -0.039,-0.005,0.001,-0.000
cam0 extrinsics = 0.500,0.503,0.496,0.501 | -0.045,0.014,-0.047
cam1 extrinsics = 0.499,0.502,0.499,0.500 | 0.064,0.015,-0.046
[34m[TIME]: 0.0063 seconds total (158.7 hz, 0.08 ms behind)
[0mq_GtoI = -0.276,-0.961,0.008,0.011 | p_IinG = 3.418,17.085,-1.912 | dist = 27.16 (meters)
bg = 0.0009,0.0000,-0.0002 | ba = 0.1057,0.0381,0.1543
camera-imu timeoffset = 0.00185
cam0 intrinsics = 350.853,350.429,367.482,253.480 | -0.038,-0.009,0.007,-0.002
cam1 intrinsics = 351.959,351.475,346.737,271.295 | -0.039,-0.005,0.001,-0.000
cam0 extrinsics = 0.500,0.503,0.496,0.501 | -0.045,0.014,-0.047
cam1 extrinsics = 0.499,0.502,0.499,0.500 | 0.064,0.015,-0.046
[34m[TIME]: 0.0049 seconds total (205.2 hz, 0.09 ms behind)
[0mq_GtoI = -0.307,-0.951,0.006,0.020 | p_IinG = 3.432,17.120,-1.910 | dist = 27.20 (meters)
bg = 0.0009,0.0000,-0.0002 | ba = 0.1058,0.0381,0.1543
camera-imu timeoffset = 0.00185
cam0 intrinsics = 350.856,350.430,367.483,253.480 | -0.038,-0.009,0.007,-0.002
cam1 intrinsics = 351.962,351.477,346.738,271.295 | -0.039,-0.005,0.001,-0.000
cam0 extrinsics = 0.500,0.503,0.496,0.501 | -0.045,0.014,-0.047
cam1 extrinsics = 0.499,0.502,0.499,0.500 | 0.064,0.015,-0.046
[34m[TIME]: 0.0053 seconds total (189.3 hz, 0.10 ms behind)
[0mq_GtoI = -0.339,-0.940,0.011,0.032 | p_IinG = 3.450,17.154,-1.908 | dist = 27.24 (meters)
bg = 0.0009,0.0000,-0.0002 | ba = 0.1058,0.0381,0.1543
camera-imu timeoffset = 0.00185
cam0 intrinsics = 350.859,350.420,367.473,253.471 | -0.038,-0.009,0.007,-0.002
cam1 intrinsics = 351.961,351.464,346.731,271.285 | -0.039,-0.005,0.002,-0.000
cam0 extrinsics = 0.500,0.503,0.496,0.501 | -0.045,0.014,-0.047
cam1 extrinsics = 0.499,0.502,0.499,0.500 | 0.064,0.015,-0.046
[34m[TIME]: 0.0066 seconds total (151.1 hz, 0.11 ms behind)
[0mq_GtoI = -0.369,-0.928,0.018,0.047 | p_IinG = 3.470,17.197,-1.909 | dist = 27.28 (meters)
bg = 0.0009,0.0000,-0.0002 | ba = 0.1058,0.0381,0.1543
camera-imu timeoffset = 0.00185
cam0 intrinsics = 350.863,350.428,367.476,253.478 | -0.038,-0.009,0.007,-0.002
cam1 intrinsics = 351.965,351.473,346.735,271.293 | -0.039,-0.005,0.002,-0.000
cam0 extrinsics = 0.500,0.503,0.496,0.501 | -0.045,0.014,-0.047
cam1 extrinsics = 0.499,0.502,0.499,0.500 | 0.064,0.015,-0.046
[34m[TIME]: 0.0066 seconds total (151.6 hz, 0.12 ms behind)
[0mq_GtoI = -0.397,-0.915,0.026,0.059 | p_IinG = 3.489,17.241,-1.911 | dist = 27.33 (meters)
bg = 0.0009,0.0000,-0.0002 | ba = 0.1057,0.0381,0.1543
camera-imu timeoffset = 0.00185
cam0 intrinsics = 350.868,350.440,367.485,253.480 | -0.038,-0.009,0.007,-0.002
cam1 intrinsics = 351.966,351.479,346.743,271.300 | -0.039,-0.005,0.002,-0.000
cam0 extrinsics = 0.500,0.503,0.496,0.501 | -0.045,0.014,-0.047
cam1 extrinsics = 0.499,0.502,0.499,0.500 | 0.064,0.015,-0.046
[34m[TIME]: 0.0057 seconds total (174.7 hz, 0.13 ms behind)
[0mq_GtoI = -0.426,-0.902,0.025,0.062 | p_IinG = 3.507,17.286,-1.915 | dist = 27.38 (meters)
bg = 0.0009,0.0000,-0.0002 | ba = 0.1057,0.0381,0.1542
camera-imu timeoffset = 0.00185
cam0 intrinsics = 350.874,350.444,367.494,253.489 | -0.038,-0.009,0.007,-0.002
cam1 intrinsics = 351.971,351.481,346.753,271.310 | -0.039,-0.005,0.002,-0.000
cam0 extrinsics = 0.500,0.503,0.496,0.501 | -0.045,0.014,-0.047
cam1 extrinsics = 0.499,0.502,0.499,0.500 | 0.064,0.015,-0.046
[34m[TIME]: 0.0074 seconds total (135.2 hz, 0.14 ms behind)
[0mq_GtoI = -0.457,-0.887,0.025,0.062 | p_IinG = 3.525,17.331,-1.920 | dist = 27.42 (meters)
bg = 0.0009,0.0000,-0.0002 | ba = 0.1057,0.0381,0.1542
camera-imu timeoffset = 0.00185
cam0 intrinsics = 350.878,350.446,367.500,253.493 | -0.038,-0.009,0.007,-0.002
cam1 intrinsics = 351.971,351.481,346.761,271.313 | -0.039,-0.005,0.002,-0.000
cam0 extrinsics = 0.500,0.503,0.496,0.501 | -0.045,0.014,-0.047
cam1 extrinsics = 0.499,0.502,0.499,0.500 | 0.064,0.015,-0.046
[34m[TIME]: 0.0072 seconds total (138.9 hz, 0.15 ms behind)
[0mq_GtoI = -0.487,-0.871,0.026,0.062 | p_IinG = 3.543,17.379,-1.927 | dist = 27.47 (meters)
bg = 0.0009,0.0001,-0.0002 | ba = 0.1057,0.0381,0.1542
camera-imu timeoffset = 0.00185
cam0 intrinsics = 350.879,350.445,367.504,253.497 | -0.038,-0.009,0.007,-0.002
cam1 intrinsics = 351.971,351.479,346.767,271.316 | -0.039,-0.005,0.002,-0.000
cam0 extrinsics = 0.500,0.503,0.496,0.501 | -0.045,0.014,-0.047
cam1 extrinsics = 0.499,0.502,0.499,0.500 | 0.064,0.015,-0.046
[34m[TIME]: 0.0059 seconds total (170.0 hz, 0.16 ms behind)
[0mq_GtoI = -0.518,-0.853,0.025,0.061 | p_IinG = 3.562,17.428,-1.935 | dist = 27.53 (meters)
bg = 0.0009,0.0001,-0.0002 | ba = 0.1056,0.0382,0.1542
camera-imu timeoffset = 0.00184
cam0 intrinsics = 350.872,350.433,367.498,253.526 | -0.038,-0.009,0.007,-0.002
cam1 intrinsics = 351.967,351.471,346.767,271.343 | -0.039,-0.005,0.002,-0.000
cam0 extrinsics = 0.500,0.503,0.496,0.501 | -0.045,0.014,-0.047
cam1 extrinsics = 0.499,0.502,0.499,0.500 | 0.064,0.015,-0.046
[34m[TIME]: 0.0069 seconds total (143.9 hz, 0.17 ms behind)
[0mq_GtoI = -0.548,-0.834,0.023,0.060 | p_IinG = 3.581,17.480,-1.942 | dist = 27.58 (meters)
bg = 0.0009,0.0001,-0.0002 | ba = 0.1055,0.0382,0.1542
camera-imu timeoffset = 0.00184
cam0 intrinsics = 350.872,350.433,367.500,253.532 | -0.038,-0.009,0.007,-0.002
cam1 intrinsics = 351.968,351.471,346.768,271.349 | -0.039,-0.005,0.002,-0.000
cam0 extrinsics = 0.500,0.503,0.496,0.501 | -0.045,0.014,-0.047
cam1 extrinsics = 0.499,0.502,0.499,0.500 | 0.064,0.015,-0.046
[34m[TIME]: 0.0071 seconds total (140.9 hz, 0.18 ms behind)
[0mq_GtoI = -0.578,-0.814,0.022,0.057 | p_IinG = 3.604,17.535,-1.947 | dist = 27.64 (meters)
bg = 0.0009,0.0001,-0.0002 | ba = 0.1055,0.0382,0.1542
camera-imu timeoffset = 0.00184
cam0 intrinsics = 350.880,350.448,367.507,253.551 | -0.038,-0.009,0.007,-0.002
cam1 intrinsics = 351.975,351.487,346.770,271.364 | -0.039,-0.005,0.002,-0.000
cam0 extrinsics = 0.500,0.503,0.496,0.501 | -0.045,0.014,-0.047
cam1 extrinsics = 0.499,0.502,0.499,0.500 | 0.064,0.015,-0.046
[34m[TIME]: 0.0063 seconds total (159.7 hz, 0.19 ms behind)
[0mq_GtoI = -0.606,-0.793,0.022,0.056 | p_IinG = 3.630,17.590,-1.949 | dist = 27.70 (meters)
bg = 0.0009,0.0001,-0.0002 | ba = 0.1055,0.0383,0.1542
camera-imu timeoffset = 0.00184
cam0 intrinsics = 350.883,350.450,367.496,253.552 | -0.038,-0.009,0.007,-0.002
cam1 intrinsics = 351.977,351.488,346.758,271.368 | -0.039,-0.005,0.002,-0.000
cam0 extrinsics = 0.500,0.503,0.496,0.501 | -0.045,0.014,-0.047
cam1 extrinsics = 0.499,0.502,0.499,0.500 | 0.064,0.015,-0.046
[34m[TIME]: 0.0075 seconds total (133.6 hz, 0.20 ms behind)
[0mq_GtoI = -0.633,-0.772,0.023,0.057 | p_IinG = 3.660,17.646,-1.947 | dist = 27.77 (meters)
bg = 0.0009,0.0001,-0.0002 | ba = 0.1054,0.0383,0.1542
camera-imu timeoffset = 0.00184
cam0 intrinsics = 350.884,350.452,367.479,253.561 | -0.039,-0.009,0.007,-0.002
cam1 intrinsics = 351.978,351.490,346.739,271.377 | -0.039,-0.005,0.002,-0.000
cam0 extrinsics = 0.500,0.503,0.496,0.501 | -0.045,0.014,-0.047
cam1 extrinsics = 0.499,0.502,0.499,0.500 | 0.064,0.015,-0.046
[34m[TIME]: 0.0085 seconds total (117.7 hz, 0.21 ms behind)
[0mq_GtoI = -0.659,-0.749,0.020,0.059 | p_IinG = 3.693,17.701,-1.941 | dist = 27.83 (meters)
bg = 0.0009,0.0001,-0.0002 | ba = 0.1054,0.0383,0.1542
camera-imu timeoffset = 0.00184
cam0 intrinsics = 350.877,350.442,367.465,253.576 | -0.038,-0.009,0.007,-0.002
cam1 intrinsics = 351.971,351.480,346.731,271.394 | -0.039,-0.006,0.002,-0.000
cam0 extrinsics = 0.500,0.503,0.496,0.501 | -0.045,0.014,-0.047
cam1 extrinsics = 0.499,0.502,0.499,0.500 | 0.064,0.015,-0.046
[34m[TIME]: 0.0091 seconds total (109.3 hz, 0.22 ms behind)
[0mq_GtoI = -0.685,-0.726,0.018,0.058 | p_IinG = 3.729,17.755,-1.933 | dist = 27.90 (meters)
bg = 0.0009,0.0001,-0.0002 | ba = 0.1053,0.0384,0.1541
camera-imu timeoffset = 0.00183
cam0 intrinsics = 350.867,350.427,367.442,253.592 | -0.038,-0.009,0.007,-0.002
cam1 intrinsics = 351.960,351.462,346.704,271.412 | -0.039,-0.006,0.002,-0.000
cam0 extrinsics = 0.500,0.503,0.496,0.502 | -0.044,0.014,-0.047
cam1 extrinsics = 0.499,0.502,0.499,0.500 | 0.064,0.015,-0.046
[34m[TIME]: 0.0075 seconds total (132.8 hz, 0.23 ms behind)
[0mq_GtoI = -0.709,-0.703,0.018,0.057 | p_IinG = 3.768,17.810,-1.925 | dist = 27.96 (meters)
bg = 0.0009,0.0001,-0.0002 | ba = 0.1052,0.0385,0.1541
camera-imu timeoffset = 0.00183
cam0 intrinsics = 350.850,350.408,367.427,253.606 | -0.038,-0.009,0.007,-0.002
cam1 intrinsics = 351.943,351.441,346.687,271.427 | -0.039,-0.006,0.002,-0.000
cam0 extrinsics = 0.500,0.503,0.496,0.502 | -0.044,0.014,-0.047
cam1 extrinsics = 0.499,0.502,0.499,0.500 | 0.064,0.015,-0.046
[34m[TIME]: 0.0061 seconds total (165.1 hz, 0.24 ms behind)
[0mq_GtoI = -0.729,-0.682,0.020,0.059 | p_IinG = 3.810,17.866,-1.918 | dist = 28.03 (meters)
bg = 0.0009,0.0001,-0.0002 | ba = 0.1052,0.0385,0.1541
camera-imu timeoffset = 0.00183
cam0 intrinsics = 350.841,350.406,367.405,253.609 | -0.038,-0.009,0.007,-0.002
cam1 intrinsics = 351.940,351.438,346.652,271.425 | -0.039,-0.006,0.002,-0.000
cam0 extrinsics = 0.500,0.503,0.496,0.502 | -0.044,0.014,-0.047
cam1 extrinsics = 0.499,0.502,0.499,0.500 | 0.065,0.015,-0.046
[34m[TIME]: 0.0087 seconds total (114.8 hz, 0.00 ms behind)
[0mq_GtoI = -0.749,-0.659,0.014,0.058 | p_IinG = 3.852,17.921,-1.914 | dist = 28.10 (meters)
bg = 0.0009,0.0001,-0.0002 | ba = 0.1052,0.0385,0.1541
camera-imu timeoffset = 0.00183
cam0 intrinsics = 350.835,350.401,367.387,253.611 | -0.038,-0.009,0.007,-0.002
cam1 intrinsics = 351.932,351.434,346.643,271.432 | -0.039,-0.006,0.002,-0.000
cam0 extrinsics = 0.500,0.503,0.496,0.502 | -0.044,0.014,-0.047
cam1 extrinsics = 0.499,0.502,0.499,0.500 | 0.065,0.015,-0.046
[34m[TIME]: 0.0067 seconds total (148.3 hz, 0.02 ms behind)
[0mq_GtoI = -0.768,-0.638,0.000,0.054 | p_IinG = 3.891,17.978,-1.913 | dist = 28.17 (meters)
bg = 0.0009,0.0001,-0.0002 | ba = 0.1052,0.0386,0.1541
camera-imu timeoffset = 0.00183
cam0 intrinsics = 350.836,350.404,367.390,253.608 | -0.038,-0.009,0.007,-0.002
cam1 intrinsics = 351.936,351.442,346.643,271.432 | -0.039,-0.006,0.002,-0.000
cam0 extrinsics = 0.500,0.503,0.496,0.502 | -0.044,0.014,-0.047
cam1 extrinsics = 0.499,0.502,0.499,0.500 | 0.065,0.015,-0.046
[34m[TIME]: 0.0099 seconds total (101.3 hz, 0.03 ms behind)
[0mq_GtoI = -0.777,-0.627,-0.008,0.054 | p_IinG = 3.930,18.032,-1.914 | dist = 28.24 (meters)
bg = 0.0009,0.0001,-0.0002 | ba = 0.1052,0.0386,0.1541
camera-imu timeoffset = 0.00183
cam0 intrinsics = 350.839,350.406,367.385,253.614 | -0.038,-0.009,0.007,-0.002
cam1 intrinsics = 351.939,351.443,346.640,271.441 | -0.039,-0.006,0.002,-0.000
cam0 extrinsics = 0.500,0.503,0.496,0.502 | -0.044,0.014,-0.047
cam1 extrinsics = 0.499,0.502,0.499,0.500 | 0.065,0.015,-0.046
[34m[TIME]: 0.0077 seconds total (130.3 hz, 0.04 ms behind)
[0mq_GtoI = -0.781,-0.622,-0.015,0.053 | p_IinG = 3.966,18.086,-1.916 | dist = 28.30 (meters)
bg = 0.0009,0.0001,-0.0002 | ba = 0.1052,0.0386,0.1541
camera-imu timeoffset = 0.00183
cam0 intrinsics = 350.836,350.404,367.377,253.609 | -0.038,-0.009,0.007,-0.002
cam1 intrinsics = 351.939,351.444,346.629,271.437 | -0.039,-0.006,0.002,-0.000
cam0 extrinsics = 0.500,0.503,0.496,0.502 | -0.044,0.014,-0.047
cam1 extrinsics = 0.499,0.502,0.499,0.500 | 0.065,0.015,-0.046
[34m[TIME]: 0.0075 seconds total (133.5 hz, 0.05 ms behind)
[0mq_GtoI = -0.782,-0.620,-0.022,0.055 | p_IinG = 4.001,18.139,-1.916 | dist = 28.37 (meters)
bg = 0.0009,0.0001,-0.0002 | ba = 0.1051,0.0385,0.1541
camera-imu timeoffset = 0.00183
cam0 intrinsics = 350.836,350.407,367.369,253.612 | -0.038,-0.009,0.007,-0.002
cam1 intrinsics = 351.939,351.447,346.623,271.440 | -0.039,-0.006,0.002,-0.000
cam0 extrinsics = 0.500,0.503,0.496,0.502 | -0.044,0.014,-0.047
cam1 extrinsics = 0.499,0.502,0.499,0.500 | 0.065,0.015,-0.046
[34m[TIME]: 0.0065 seconds total (153.9 hz, 0.06 ms behind)
[0mq_GtoI = -0.781,-0.621,-0.027,0.059 | p_IinG = 4.034,18.194,-1.914 | dist = 28.43 (meters)
bg = 0.0009,0.0001,-0.0002 | ba = 0.1051,0.0385,0.1541
camera-imu timeoffset = 0.00183
cam0 intrinsics = 350.836,350.409,367.361,253.619 | -0.038,-0.009,0.007,-0.002
cam1 intrinsics = 351.942,351.452,346.612,271.448 | -0.039,-0.005,0.002,-0.000
cam0 extrinsics = 0.500,0.503,0.496,0.502 | -0.044,0.014,-0.047
cam1 extrinsics = 0.499,0.502,0.499,0.500 | 0.065,0.015,-0.046
[34m[TIME]: 0.0072 seconds total (138.9 hz, 0.07 ms behind)
[0mq_GtoI = -0.779,-0.624,-0.030,0.055 | p_IinG = 4.065,18.249,-1.910 | dist = 28.49 (meters)
bg = 0.0009,0.0001,-0.0002 | ba = 0.1050,0.0385,0.1541
camera-imu timeoffset = 0.00183
cam0 intrinsics = 350.836,350.411,367.361,253.625 | -0.038,-0.009,0.007,-0.002
cam1 intrinsics = 351.942,351.452,346.605,271.452 | -0.039,-0.005,0.002,-0.000
cam0 extrinsics = 0.500,0.503,0.496,0.502 | -0.044,0.014,-0.047
cam1 extrinsics = 0.499,0.502,0.499,0.500 | 0.065,0.015,-0.046
[34m[TIME]: 0.0083 seconds total (120.3 hz, 0.08 ms behind)
[0mq_GtoI = -0.776,-0.628,-0.027,0.048 | p_IinG = 4.094,18.305,-1.907 | dist = 28.55 (meters)
bg = 0.0009,0.0001,-0.0002 | ba = 0.1050,0.0385,0.1541
camera-imu timeoffset = 0.00182
cam0 intrinsics = 350.837,350.411,367.354,253.634 | -0.038,-0.009,0.007,-0.002
cam1 intrinsics = 351.945,351.453,346.598,271.460 | -0.039,-0.005,0.002,-0.000
cam0 extrinsics = 0.500,0.503,0.496,0.502 | -0.044,0.014,-0.047
cam1 extrinsics = 0.499,0.502,0.499,0.500 | 0.065,0.015,-0.046
[34m[TIME]: 0.0077 seconds total (129.9 hz, 0.09 ms behind)
[0mq_GtoI = -0.775,-0.630,-0.022,0.034 | p_IinG = 4.121,18.362,-1.904 | dist = 28.62 (meters)
bg = 0.0009,0.0001,-0.0002 | ba = 0.1049,0.0385,0.1541
camera-imu timeoffset = 0.00182
cam0 intrinsics = 350.837,350.408,367.353,253.635 | -0.038,-0.009,0.007,-0.002
cam1 intrinsics = 351.946,351.450,346.598,271.457 | -0.039,-0.005,0.002,-0.000
cam0 extrinsics = 0.500,0.503,0.496,0.502 | -0.044,0.014,-0.047
cam1 extrinsics = 0.499,0.502,0.499,0.500 | 0.065,0.015,-0.046
[34m[TIME]: 0.0061 seconds total (163.6 hz, 0.10 ms behind)
[0mq_GtoI = -0.774,-0.633,-0.014,0.023 | p_IinG = 4.148,18.419,-1.904 | dist = 28.68 (meters)
bg = 0.0009,0.0001,-0.0002 | ba = 0.1048,0.0385,0.1541
camera-imu timeoffset = 0.00182
cam0 intrinsics = 350.836,350.398,367.356,253.642 | -0.038,-0.009,0.007,-0.002
cam1 intrinsics = 351.946,351.442,346.597,271.463 | -0.039,-0.006,0.002,-0.000
cam0 extrinsics = 0.499,0.503,0.496,0.502 | -0.044,0.014,-0.047
cam1 extrinsics = 0.499,0.502,0.499,0.500 | 0.065,0.015,-0.046
[34m[TIME]: 0.0098 seconds total (102.3 hz, 0.11 ms behind)
[0mq_GtoI = -0.772,-0.635,-0.009,0.016 | p_IinG = 4.174,18.478,-1.908 | dist = 28.74 (meters)
bg = 0.0009,0.0001,-0.0002 | ba = 0.1048,0.0385,0.1542
camera-imu timeoffset = 0.00182
cam0 intrinsics = 350.834,350.393,367.360,253.644 | -0.038,-0.009,0.007,-0.002
cam1 intrinsics = 351.945,351.436,346.598,271.463 | -0.039,-0.006,0.002,-0.000
cam0 extrinsics = 0.499,0.503,0.496,0.502 | -0.044,0.014,-0.047
cam1 extrinsics = 0.499,0.502,0.499,0.500 | 0.065,0.015,-0.046
[34m[TIME]: 0.0066 seconds total (152.1 hz, 0.12 ms behind)
[0mq_GtoI = -0.772,-0.636,-0.012,0.012 | p_IinG = 4.199,18.537,-1.914 | dist = 28.81 (meters)
bg = 0.0009,0.0001,-0.0002 | ba = 0.1048,0.0384,0.1542
camera-imu timeoffset = 0.00182
cam0 intrinsics = 350.836,350.395,367.360,253.661 | -0.038,-0.009,0.007,-0.002
cam1 intrinsics = 351.946,351.436,346.600,271.482 | -0.039,-0.006,0.002,-0.000
cam0 extrinsics = 0.499,0.503,0.496,0.502 | -0.044,0.014,-0.046
cam1 extrinsics = 0.499,0.502,0.499,0.500 | 0.065,0.015,-0.046
[34m[TIME]: 0.0099 seconds total (100.6 hz, 0.13 ms behind)
[0mq_GtoI = -0.771,-0.636,-0.020,0.009 | p_IinG = 4.224,18.598,-1.922 | dist = 28.88 (meters)
bg = 0.0008,0.0000,-0.0002 | ba = 0.1047,0.0384,0.1542
camera-imu timeoffset = 0.00182
cam0 intrinsics = 350.835,350.387,367.354,253.670 | -0.038,-0.009,0.007,-0.002
cam1 intrinsics = 351.942,351.426,346.594,271.490 | -0.039,-0.006,0.002,-0.000
cam0 extrinsics = 0.499,0.503,0.496,0.502 | -0.044,0.014,-0.046
cam1 extrinsics = 0.499,0.502,0.499,0.500 | 0.065,0.015,-0.046
[34m[TIME]: 0.0078 seconds total (127.9 hz, 0.14 ms behind)
[0mq_GtoI = -0.774,-0.633,-0.029,0.005 | p_IinG = 4.248,18.661,-1.930 | dist = 28.94 (meters)
bg = 0.0008,0.0000,-0.0002 | ba = 0.1046,0.0384,0.1542
camera-imu timeoffset = 0.00183
cam0 intrinsics = 350.834,350.373,367.348,253.671 | -0.038,-0.009,0.007,-0.002
cam1 intrinsics = 351.942,351.412,346.587,271.486 | -0.039,-0.006,0.002,-0.000
cam0 extrinsics = 0.499,0.503,0.496,0.502 | -0.044,0.014,-0.046
cam1 extrinsics = 0.499,0.502,0.499,0.500 | 0.065,0.014,-0.046
[34m[TIME]: 0.0091 seconds total (109.7 hz, 0.15 ms behind)
[0mq_GtoI = -0.779,-0.626,-0.035,0.002 | p_IinG = 4.275,18.725,-1.937 | dist = 29.01 (meters)
bg = 0.0008,0.0000,-0.0002 | ba = 0.1045,0.0384,0.1542
camera-imu timeoffset = 0.00183
cam0 intrinsics = 350.833,350.369,367.340,253.673 | -0.038,-0.009,0.007,-0.002
cam1 intrinsics = 351.940,351.408,346.581,271.486 | -0.039,-0.006,0.002,-0.000
cam0 extrinsics = 0.499,0.503,0.496,0.502 | -0.044,0.014,-0.046
cam1 extrinsics = 0.499,0.502,0.499,0.500 | 0.065,0.014,-0.046
[34m[TIME]: 0.0069 seconds total (145.5 hz, 0.16 ms behind)
[0mq_GtoI = -0.784,-0.620,-0.036,0.005 | p_IinG = 4.304,18.791,-1.941 | dist = 29.08 (meters)
bg = 0.0008,0.0001,-0.0002 | ba = 0.1044,0.0385,0.1542
camera-imu timeoffset = 0.00183
cam0 intrinsics = 350.835,350.371,367.332,253.677 | -0.038,-0.009,0.007,-0.002
cam1 intrinsics = 351.943,351.410,346.573,271.489 | -0.039,-0.006,0.002,-0.000
cam0 extrinsics = 0.499,0.503,0.496,0.502 | -0.044,0.014,-0.046
cam1 extrinsics = 0.499,0.502,0.499,0.500 | 0.065,0.014,-0.046
[34m[TIME]: 0.0117 seconds total (85.5 hz, 0.17 ms behind)
[0mq_GtoI = -0.789,-0.613,-0.032,0.000 | p_IinG = 4.332,18.857,-1.942 | dist = 29.15 (meters)
bg = 0.0008,0.0001,-0.0002 | ba = 0.1043,0.0385,0.1542
camera-imu timeoffset = 0.00183
cam0 intrinsics = 350.833,350.362,367.320,253.677 | -0.038,-0.009,0.007,-0.002
cam1 intrinsics = 351.942,351.402,346.563,271.488 | -0.039,-0.006,0.002,-0.000
cam0 extrinsics = 0.500,0.503,0.496,0.502 | -0.044,0.014,-0.047
cam1 extrinsics = 0.499,0.502,0.499,0.500 | 0.065,0.015,-0.046
[34m[TIME]: 0.0079 seconds total (127.3 hz, 0.18 ms behind)
[0mq_GtoI = 0.793,0.608,0.022,0.008 | p_IinG = 4.358,18.924,-1.938 | dist = 29.22 (meters)
bg = 0.0008,0.0001,-0.0002 | ba = 0.1042,0.0386,0.1542
camera-imu timeoffset = 0.00183
cam0 intrinsics = 350.831,350.355,367.302,253.676 | -0.038,-0.009,0.007,-0.002
cam1 intrinsics = 351.942,351.396,346.556,271.488 | -0.039,-0.006,0.002,-0.000
cam0 extrinsics = 0.500,0.503,0.496,0.502 | -0.044,0.014,-0.047
cam1 extrinsics = 0.499,0.502,0.499,0.500 | 0.065,0.015,-0.046
[34m[TIME]: 0.0093 seconds total (107.5 hz, 0.19 ms behind)
[0mq_GtoI = 0.796,0.606,0.012,0.010 | p_IinG = 4.386,18.988,-1.930 | dist = 29.29 (meters)
bg = 0.0008,0.0001,-0.0002 | ba = 0.1041,0.0386,0.1542
camera-imu timeoffset = 0.00183
cam0 intrinsics = 350.831,350.351,367.286,253.676 | -0.038,-0.009,0.007,-0.002
cam1 intrinsics = 351.943,351.394,346.544,271.488 | -0.039,-0.006,0.002,-0.000
cam0 extrinsics = 0.500,0.503,0.496,0.502 | -0.044,0.014,-0.046
cam1 extrinsics = 0.499,0.502,0.499,0.500 | 0.065,0.015,-0.046
[34m[TIME]: 0.0088 seconds total (113.9 hz, 0.20 ms behind)
[0mq_GtoI = 0.798,0.602,0.005,0.015 | p_IinG = 4.412,19.050,-1.922 | dist = 29.36 (meters)
bg = 0.0008,0.0001,-0.0002 | ba = 0.1040,0.0387,0.1542
camera-imu timeoffset = 0.00183
cam0 intrinsics = 350.831,350.347,367.286,253.677 | -0.038,-0.009,0.006,-0.002
cam1 intrinsics = 351.943,351.392,346.536,271.484 | -0.039,-0.006,0.002,-0.000
cam0 extrinsics = 0.500,0.503,0.496,0.502 | -0.044,0.014,-0.046
cam1 extrinsics = 0.499,0.502,0.499,0.500 | 0.065,0.015,-0.046
[34m[TIME]: 0.0073 seconds total (137.2 hz, 0.21 ms behind)
[0mq_GtoI = 0.800,0.600,0.006,0.019 | p_IinG = 4.437,19.111,-1.914 | dist = 29.43 (meters)
bg = 0.0008,0.0001,-0.0002 | ba = 0.1041,0.0387,0.1543
camera-imu timeoffset = 0.00183
cam0 intrinsics = 350.831,350.343,367.285,253.680 | -0.038,-0.008,0.006,-0.002
cam1 intrinsics = 351.943,351.387,346.536,271.486 | -0.039,-0.006,0.002,-0.000
cam0 extrinsics = 0.500,0.503,0.496,0.502 | -0.044,0.014,-0.046
cam1 extrinsics = 0.499,0.502,0.499,0.500 | 0.065,0.015,-0.046
[34m[TIME]: 0.0072 seconds total (139.1 hz, 0.22 ms behind)
[0mq_GtoI = 0.799,0.600,0.015,0.015 | p_IinG = 4.460,19.172,-1.909 | dist = 29.49 (meters)
bg = 0.0008,0.0001,-0.0002 | ba = 0.1041,0.0387,0.1543
camera-imu timeoffset = 0.00183
cam0 intrinsics = 350.830,350.340,367.287,253.684 | -0.038,-0.008,0.006,-0.002
cam1 intrinsics = 351.943,351.384,346.537,271.490 | -0.039,-0.006,0.002,-0.000
cam0 extrinsics = 0.500,0.503,0.496,0.502 | -0.044,0.014,-0.046
cam1 extrinsics = 0.499,0.502,0.499,0.500 | 0.065,0.015,-0.046
[34m[TIME]: 0.0076 seconds total (130.9 hz, 0.23 ms behind)
[0mq_GtoI = 0.796,0.604,0.029,0.009 | p_IinG = 4.480,19.235,-1.908 | dist = 29.56 (meters)
bg = 0.0008,0.0001,-0.0002 | ba = 0.1041,0.0387,0.1543
camera-imu timeoffset = 0.00183
cam0 intrinsics = 350.829,350.337,367.285,253.684 | -0.038,-0.008,0.006,-0.002
cam1 intrinsics = 351.943,351.382,346.535,271.491 | -0.039,-0.006,0.002,-0.000
cam0 extrinsics = 0.500,0.503,0.496,0.502 | -0.044,0.014,-0.046
cam1 extrinsics = 0.499,0.502,0.499,0.500 | 0.065,0.015,-0.046
[34m[TIME]: 0.0078 seconds total (127.9 hz, 0.25 ms behind)
[0mq_GtoI = 0.789,0.612,0.044,0.007 | p_IinG = 4.498,19.301,-1.911 | dist = 29.63 (meters)
bg = 0.0008,0.0001,-0.0002 | ba = 0.1041,0.0387,0.1543
camera-imu timeoffset = 0.00183
cam0 intrinsics = 350.830,350.338,367.277,253.687 | -0.038,-0.008,0.006,-0.002
cam1 intrinsics = 351.945,351.385,346.525,271.494 | -0.039,-0.006,0.002,-0.000
cam0 extrinsics = 0.500,0.503,0.496,0.502 | -0.044,0.014,-0.046
cam1 extrinsics = 0.499,0.502,0.499,0.500 | 0.065,0.015,-0.046
[34m[TIME]: 0.0069 seconds total (144.8 hz, 0.01 ms behind)
[0mq_GtoI = 0.778,0.626,0.056,0.009 | p_IinG = 4.510,19.368,-1.918 | dist = 29.70 (meters)
bg = 0.0008,0.0001,-0.0002 | ba = 0.1041,0.0387,0.1542
camera-imu timeoffset = 0.00183
cam0 intrinsics = 350.830,350.335,367.272,253.688 | -0.038,-0.008,0.006,-0.002
cam1 intrinsics = 351.946,351.384,346.525,271.496 | -0.039,-0.006,0.002,-0.000
cam0 extrinsics = 0.500,0.503,0.496,0.502 | -0.044,0.014,-0.046
cam1 extrinsics = 0.499,0.502,0.499,0.500 | 0.065,0.015,-0.046
[34m[TIME]: 0.0049 seconds total (204.7 hz, 0.02 ms behind)
[0mq_GtoI = 0.761,0.646,0.062,0.011 | p_IinG = 4.516,19.435,-1.923 | dist = 29.77 (meters)
bg = 0.0008,0.0001,-0.0002 | ba = 0.1042,0.0387,0.1543
camera-imu timeoffset = 0.00184
cam0 intrinsics = 350.830,350.336,367.268,253.697 | -0.038,-0.008,0.006,-0.002
cam1 intrinsics = 351.949,351.390,346.529,271.509 | -0.039,-0.006,0.002,-0.000
cam0 extrinsics = 0.500,0.503,0.496,0.502 | -0.044,0.014,-0.046
cam1 extrinsics = 0.499,0.502,0.499,0.500 | 0.065,0.015,-0.046
[34m[TIME]: 0.0061 seconds total (162.7 hz, 0.03 ms behind)
[0mq_GtoI = 0.742,0.667,0.069,0.008 | p_IinG = 4.516,19.501,-1.925 | dist = 29.83 (meters)
bg = 0.0008,0.0001,-0.0002 | ba = 0.1042,0.0387,0.1543
camera-imu timeoffset = 0.00183
cam0 intrinsics = 350.831,350.334,367.265,253.694 | -0.038,-0.008,0.006,-0.002
cam1 intrinsics = 351.951,351.390,346.526,271.507 | -0.039,-0.006,0.002,-0.000
cam0 extrinsics = 0.500,0.503,0.496,0.502 | -0.044,0.014,-0.046
cam1 extrinsics = 0.499,0.502,0.499,0.500 | 0.065,0.015,-0.046
[34m[TIME]: 0.0051 seconds total (195.5 hz, 0.04 ms behind)
[0mq_GtoI = 0.719,0.691,0.071,0.001 | p_IinG = 4.510,19.565,-1.922 | dist = 29.90 (meters)
bg = 0.0008,0.0001,-0.0002 | ba = 0.1043,0.0387,0.1543
camera-imu timeoffset = 0.00184
cam0 intrinsics = 350.831,350.331,367.264,253.691 | -0.038,-0.008,0.006,-0.002
cam1 intrinsics = 351.952,351.390,346.524,271.504 | -0.039,-0.006,0.002,-0.000
cam0 extrinsics = 0.500,0.503,0.496,0.502 | -0.044,0.014,-0.046
cam1 extrinsics = 0.499,0.502,0.499,0.500 | 0.065,0.015,-0.046
[34m[TIME]: 0.0066 seconds total (152.6 hz, 0.05 ms behind)
[0mq_GtoI = -0.696,-0.715,-0.066,0.003 | p_IinG = 4.496,19.626,-1.916 | dist = 29.96 (meters)
bg = 0.0008,0.0001,-0.0002 | ba = 0.1043,0.0387,0.1543
camera-imu timeoffset = 0.00184
cam0 intrinsics = 350.833,350.322,367.251,253.691 | -0.038,-0.008,0.006,-0.002
cam1 intrinsics = 351.955,351.383,346.515,271.504 | -0.039,-0.006,0.002,-0.000
cam0 extrinsics = 0.500,0.503,0.496,0.502 | -0.044,0.014,-0.046
cam1 extrinsics = 0.499,0.502,0.499,0.500 | 0.065,0.015,-0.046
[34m[TIME]: 0.0069 seconds total (144.7 hz, 0.06 ms behind)
[0mq_GtoI = 0.673,0.737,0.059,0.000 | p_IinG = 4.475,19.690,-1.907 | dist = 30.03 (meters)
bg = 0.0008,0.0001,-0.0002 | ba = 0.1043,0.0387,0.1543
camera-imu timeoffset = 0.00184
cam0 intrinsics = 350.832,350.319,367.263,253.700 | -0.038,-0.008,0.006,-0.002
cam1 intrinsics = 351.955,351.383,346.532,271.518 | -0.039,-0.006,0.002,-0.000
cam0 extrinsics = 0.500,0.503,0.496,0.502 | -0.044,0.014,-0.046
cam1 extrinsics = 0.499,0.502,0.499,0.500 | 0.065,0.015,-0.046
[34m[TIME]: 0.0065 seconds total (154.9 hz, 0.07 ms behind)
[0mq_GtoI = 0.648,0.760,0.054,0.005 | p_IinG = 4.448,19.750,-1.900 | dist = 30.10 (meters)
bg = 0.0008,0.0001,-0.0002 | ba = 0.1043,0.0387,0.1543
camera-imu timeoffset = 0.00184
cam0 intrinsics = 350.831,350.317,367.264,253.702 | -0.038,-0.008,0.006,-0.002
cam1 intrinsics = 351.956,351.384,346.536,271.521 | -0.039,-0.006,0.002,-0.000
cam0 extrinsics = 0.500,0.503,0.496,0.502 | -0.044,0.014,-0.046
cam1 extrinsics = 0.499,0.502,0.499,0.500 | 0.065,0.015,-0.046
[34m[TIME]: 0.0076 seconds total (130.9 hz, 0.08 ms behind)
[0mq_GtoI = 0.621,0.782,0.051,0.006 | p_IinG = 4.417,19.809,-1.896 | dist = 30.16 (meters)
bg = 0.0008,0.0001,-0.0002 | ba = 0.1043,0.0388,0.1543
camera-imu timeoffset = 0.00184
cam0 intrinsics = 350.830,350.318,367.271,253.707 | -0.038,-0.008,0.006,-0.002
cam1 intrinsics = 351.956,351.386,346.543,271.527 | -0.039,-0.006,0.002,-0.000
cam0 extrinsics = 0.500,0.503,0.496,0.502 | -0.044,0.014,-0.046
cam1 extrinsics = 0.499,0.502,0.499,0.500 | 0.065,0.015,-0.046
[34m[TIME]: 0.0055 seconds total (183.2 hz, 0.09 ms behind)
[0mq_GtoI = 0.594,0.802,0.055,0.004 | p_IinG = 4.385,19.868,-1.896 | dist = 30.23 (meters)
bg = 0.0008,0.0001,-0.0002 | ba = 0.1043,0.0388,0.1543
camera-imu timeoffset = 0.00184
cam0 intrinsics = 350.828,350.321,367.270,253.714 | -0.038,-0.008,0.006,-0.002
cam1 intrinsics = 351.956,351.392,346.540,271.534 | -0.039,-0.006,0.002,-0.000
cam0 extrinsics = 0.500,0.503,0.496,0.502 | -0.044,0.014,-0.046
cam1 extrinsics = 0.499,0.502,0.499,0.500 | 0.065,0.015,-0.046
[34m[TIME]: 0.0064 seconds total (155.9 hz, 0.10 ms behind)
[0mq_GtoI = 0.572,0.818,0.062,0.003 | p_IinG = 4.352,19.923,-1.899 | dist = 30.29 (meters)
bg = 0.0008,0.0001,-0.0002 | ba = 0.1042,0.0388,0.1543
camera-imu timeoffset = 0.00184
cam0 intrinsics = 350.828,350.321,367.275,253.712 | -0.038,-0.008,0.006,-0.002
cam1 intrinsics = 351.956,351.392,346.547,271.532 | -0.039,-0.006,0.002,-0.000
cam0 extrinsics = 0.500,0.503,0.496,0.502 | -0.044,0.014,-0.046
cam1 extrinsics = 0.499,0.502,0.499,0.500 | 0.064,0.015,-0.046
[34m[TIME]: 0.0080 seconds total (124.7 hz, 0.11 ms behind)
[0mq_GtoI = 0.555,0.829,0.070,0.003 | p_IinG = 4.319,19.979,-1.903 | dist = 30.36 (meters)
bg = 0.0008,0.0001,-0.0002 | ba = 0.1042,0.0388,0.1543
camera-imu timeoffset = 0.00184
cam0 intrinsics = 350.830,350.323,367.276,253.705 | -0.038,-0.008,0.006,-0.002
cam1 intrinsics = 351.957,351.394,346.551,271.526 | -0.039,-0.006,0.002,-0.000
cam0 extrinsics = 0.500,0.503,0.496,0.502 | -0.044,0.014,-0.046
cam1 extrinsics = 0.499,0.502,0.499,0.500 | 0.064,0.015,-0.046
[34m[TIME]: 0.0067 seconds total (150.2 hz, 0.12 ms behind)
[0mq_GtoI = 0.548,0.833,0.076,0.001 | p_IinG = 4.288,20.034,-1.904 | dist = 30.42 (meters)
bg = 0.0008,0.0001,-0.0002 | ba = 0.1042,0.0389,0.1543
camera-imu timeoffset = 0.00184
cam0 intrinsics = 350.830,350.324,367.278,253.699 | -0.038,-0.008,0.006,-0.002
cam1 intrinsics = 351.956,351.394,346.554,271.519 | -0.039,-0.006,0.002,-0.000
cam0 extrinsics = 0.500,0.503,0.496,0.502 | -0.044,0.014,-0.046
cam1 extrinsics = 0.499,0.502,0.499,0.500 | 0.064,0.015,-0.046
[34m[TIME]: 0.0098 seconds total (101.7 hz, 0.13 ms behind)
[0mq_GtoI = -0.543,-0.836,-0.082,0.005 | p_IinG = 4.256,20.088,-1.902 | dist = 30.48 (meters)
bg = 0.0008,0.0001,-0.0002 | ba = 0.1042,0.0389,0.1543
camera-imu timeoffset = 0.00184
cam0 intrinsics = 350.831,350.326,367.279,253.699 | -0.038,-0.008,0.006,-0.002
cam1 intrinsics = 351.956,351.396,346.557,271.520 | -0.039,-0.006,0.002,-0.000
cam0 extrinsics = 0.500,0.503,0.496,0.502 | -0.044,0.014,-0.046
cam1 extrinsics = 0.499,0.502,0.499,0.500 | 0.064,0.015,-0.046
[34m[TIME]: 0.0078 seconds total (128.1 hz, 0.14 ms behind)
[0mq_GtoI = -0.537,-0.839,-0.087,0.011 | p_IinG = 4.222,20.139,-1.896 | dist = 30.54 (meters)
bg = 0.0008,0.0001,-0.0002 | ba = 0.1042,0.0389,0.1543
camera-imu timeoffset = 0.00184
cam0 intrinsics = 350.830,350.325,367.282,253.702 | -0.038,-0.008,0.006,-0.002
cam1 intrinsics = 351.956,351.395,346.560,271.524 | -0.039,-0.006,0.002,-0.000
cam0 extrinsics = 0.500,0.503,0.496,0.502 | -0.044,0.014,-0.046
cam1 extrinsics = 0.499,0.502,0.499,0.500 | 0.064,0.015,-0.046
[34m[TIME]: 0.0080 seconds total (124.9 hz, 0.15 ms behind)
[0mq_GtoI = -0.523,-0.847,-0.091,0.012 | p_IinG = 4.187,20.190,-1.889 | dist = 30.60 (meters)
bg = 0.0008,0.0001,-0.0002 | ba = 0.1042,0.0390,0.1543
camera-imu timeoffset = 0.00184
cam0 intrinsics = 350.834,350.326,367.280,253.697 | -0.038,-0.008,0.006,-0.002
cam1 intrinsics = 351.960,351.397,346.559,271.519 | -0.039,-0.006,0.002,-0.000
cam0 extrinsics = 0.500,0.503,0.496,0.502 | -0.044,0.014,-0.046
cam1 extrinsics = 0.499,0.502,0.499,0.500 | 0.065,0.015,-0.046
[34m[TIME]: 0.0058 seconds total (172.1 hz, 0.16 ms behind)
[0mq_GtoI = -0.502,-0.860,-0.094,0.012 | p_IinG = 4.148,20.235,-1.881 | dist = 30.66 (meters)
bg = 0.0008,0.0001,-0.0002 | ba = 0.1042,0.0390,0.1543
camera-imu timeoffset = 0.00184
cam0 intrinsics = 350.833,350.325,367.283,253.694 | -0.038,-0.008,0.006,-0.002
cam1 intrinsics = 351.959,351.396,346.562,271.515 | -0.039,-0.006,0.002,-0.000
cam0 extrinsics = 0.500,0.503,0.496,0.502 | -0.044,0.014,-0.046
cam1 extrinsics = 0.499,0.502,0.499,0.500 | 0.065,0.015,-0.046
[34m[TIME]: 0.0084 seconds total (118.8 hz, 0.17 ms behind)
[0mq_GtoI = -0.479,-0.873,-0.092,0.007 | p_IinG = 4.107,20.277,-1.874 | dist = 30.72 (meters)
bg = 0.0008,0.0001,-0.0002 | ba = 0.1042,0.0390,0.1543
camera-imu timeoffset = 0.00184
cam0 intrinsics = 350.832,350.327,367.285,253.692 | -0.038,-0.008,0.006,-0.002
cam1 intrinsics = 351.959,351.398,346.564,271.513 | -0.039,-0.006,0.002,-0.000
cam0 extrinsics = 0.500,0.503,0.496,0.502 | -0.044,0.014,-0.046
cam1 extrinsics = 0.499,0.502,0.499,0.500 | 0.065,0.015,-0.046
[34m[TIME]: 0.0062 seconds total (160.5 hz, 0.18 ms behind)
[0mq_GtoI = -0.456,-0.886,-0.088,0.005 | p_IinG = 4.064,20.314,-1.867 | dist = 30.78 (meters)
bg = 0.0008,0.0001,-0.0002 | ba = 0.1042,0.0390,0.1543
camera-imu timeoffset = 0.00184
cam0 intrinsics = 350.831,350.327,367.285,253.689 | -0.038,-0.008,0.006,-0.002
cam1 intrinsics = 351.958,351.399,346.566,271.511 | -0.039,-0.006,0.002,-0.000
cam0 extrinsics = 0.500,0.503,0.496,0.502 | -0.044,0.014,-0.046
cam1 extrinsics = 0.499,0.502,0.499,0.500 | 0.065,0.015,-0.046
[34m[TIME]: 0.0067 seconds total (148.8 hz, 0.19 ms behind)
[0mq_GtoI = -0.431,-0.898,-0.087,0.011 | p_IinG = 4.020,20.347,-1.861 | dist = 30.83 (meters)
bg = 0.0008,0.0001,-0.0002 | ba = 0.1042,0.0390,0.1543
camera-imu timeoffset = 0.00184
cam0 intrinsics = 350.830,350.329,367.285,253.686 | -0.038,-0.008,0.006,-0.002
cam1 intrinsics = 351.958,351.402,346.567,271.509 | -0.039,-0.006,0.002,-0.000
cam0 extrinsics = 0.500,0.503,0.496,0.502 | -0.044,0.014,-0.046
cam1 extrinsics = 0.499,0.502,0.499,0.500 | 0.065,0.015,-0.046
[34m[TIME]: 0.0055 seconds total (181.7 hz, 0.20 ms behind)
[0mq_GtoI = -0.406,-0.909,-0.093,0.017 | p_IinG = 3.970,20.370,-1.857 | dist = 30.89 (meters)
bg = 0.0008,0.0001,-0.0002 | ba = 0.1041,0.0388,0.1543
camera-imu timeoffset = 0.00184
cam0 intrinsics = 350.822,350.360,367.305,253.674 | -0.038,-0.008,0.006,-0.002
cam1 intrinsics = 351.946,351.433,346.596,271.497 | -0.039,-0.006,0.002,-0.000
cam0 extrinsics = 0.500,0.503,0.496,0.502 | -0.044,0.014,-0.046
cam1 extrinsics = 0.499,0.502,0.499,0.500 | 0.064,0.015,-0.046
[34m[TIME]: 0.0103 seconds total (97.3 hz, 0.21 ms behind)
[0mq_GtoI = -0.379,-0.920,-0.097,0.023 | p_IinG = 3.922,20.400,-1.853 | dist = 30.95 (meters)
bg = 0.0008,0.0001,-0.0002 | ba = 0.1042,0.0388,0.1544
camera-imu timeoffset = 0.00184
cam0 intrinsics = 350.820,350.378,367.337,253.675 | -0.038,-0.009,0.006,-0.002
cam1 intrinsics = 351.941,351.448,346.626,271.501 | -0.039,-0.006,0.002,-0.000
cam0 extrinsics = 0.500,0.503,0.496,0.502 | -0.044,0.014,-0.046
cam1 extrinsics = 0.499,0.502,0.499,0.500 | 0.064,0.015,-0.046
[34m[TIME]: 0.0104 seconds total (96.3 hz, 0.22 ms behind)
[0mq_GtoI = -0.348,-0.932,-0.098,0.026 | p_IinG = 3.871,20.434,-1.849 | dist = 31.00 (meters)
bg = 0.0008,0.0001,-0.0002 | ba = 0.1043,0.0388,0.1544
camera-imu timeoffset = 0.00184
cam0 intrinsics = 350.832,350.420,367.383,253.676 | -0.038,-0.009,0.006,-0.002
cam1 intrinsics = 351.954,351.489,346.670,271.504 | -0.039,-0.006,0.003,-0.000
cam0 extrinsics = 0.500,0.503,0.496,0.502 | -0.044,0.014,-0.046
cam1 extrinsics = 0.499,0.502,0.499,0.500 | 0.064,0.015,-0.046
[34m[TIME]: 0.0083 seconds total (120.1 hz, 0.23 ms behind)
[0mq_GtoI = -0.313,-0.945,-0.092,0.032 | p_IinG = 3.820,20.456,-1.841 | dist = 31.05 (meters)
bg = 0.0008,0.0001,-0.0002 | ba = 0.1043,0.0388,0.1544
camera-imu timeoffset = 0.00183
cam0 intrinsics = 350.832,350.435,367.409,253.676 | -0.038,-0.009,0.006,-0.002
cam1 intrinsics = 351.957,351.506,346.700,271.505 | -0.039,-0.006,0.003,-0.000
cam0 extrinsics = 0.500,0.503,0.496,0.502 | -0.044,0.014,-0.046
cam1 extrinsics = 0.499,0.502,0.499,0.500 | 0.064,0.015,-0.046
[34m[TIME]: 0.0067 seconds total (149.6 hz, 0.25 ms behind)
[0mq_GtoI = -0.280,-0.956,-0.083,0.040 | p_IinG = 3.769,20.475,-1.831 | dist = 31.11 (meters)
bg = 0.0008,0.0002,-0.0002 | ba = 0.1044,0.0388,0.1544
camera-imu timeoffset = 0.00183
cam0 intrinsics = 350.837,350.456,367.456,253.683 | -0.038,-0.009,0.006,-0.002
cam1 intrinsics = 351.963,351.533,346.753,271.508 | -0.039,-0.006,0.003,-0.001
cam0 extrinsics = 0.500,0.503,0.496,0.502 | -0.045,0.014,-0.046
cam1 extrinsics = 0.499,0.502,0.499,0.500 | 0.064,0.015,-0.046
[34m[TIME]: 0.0081 seconds total (122.7 hz, 0.01 ms behind)
[0mq_GtoI = -0.246,-0.966,-0.069,0.045 | p_IinG = 3.718,20.485,-1.816 | dist = 31.16 (meters)
bg = 0.0008,0.0002,-0.0002 | ba = 0.1044,0.0388,0.1544
camera-imu timeoffset = 0.00183
cam0 intrinsics = 350.831,350.460,367.492,253.681 | -0.038,-0.009,0.006,-0.002
cam1 intrinsics = 351.958,351.540,346.797,271.508 | -0.039,-0.006,0.003,-0.001
cam0 extrinsics = 0.499,0.503,0.496,0.502 | -0.045,0.014,-0.046
cam1 extrinsics = 0.499,0.502,0.499,0.500 | 0.064,0.015,-0.046
[34m[TIME]: 0.0066 seconds total (151.6 hz, 0.02 ms behind)
[0mq_GtoI = -0.210,-0.975,-0.054,0.046 | p_IinG = 3.667,20.491,-1.798 | dist = 31.21 (meters)
bg = 0.0008,0.0002,-0.0002 | ba = 0.1045,0.0388,0.1544
camera-imu timeoffset = 0.00183
cam0 intrinsics = 350.822,350.461,367.529,253.671 | -0.038,-0.009,0.006,-0.002
cam1 intrinsics = 351.950,351.543,346.838,271.493 | -0.039,-0.006,0.003,-0.001
cam0 extrinsics = 0.499,0.503,0.496,0.502 | -0.045,0.014,-0.046
cam1 extrinsics = 0.499,0.502,0.499,0.500 | 0.064,0.015,-0.046
[34m[TIME]: 0.0078 seconds total (128.0 hz, 0.03 ms behind)
[0mq_GtoI = -0.176,-0.982,-0.043,0.044 | p_IinG = 3.618,20.492,-1.780 | dist = 31.26 (meters)
bg = 0.0008,0.0002,-0.0002 | ba = 0.1046,0.0388,0.1544
camera-imu timeoffset = 0.00183
cam0 intrinsics = 350.816,350.460,367.554,253.674 | -0.038,-0.009,0.006,-0.002
cam1 intrinsics = 351.944,351.544,346.864,271.496 | -0.039,-0.006,0.003,-0.001
cam0 extrinsics = 0.499,0.503,0.496,0.502 | -0.045,0.014,-0.046
cam1 extrinsics = 0.499,0.502,0.499,0.500 | 0.064,0.015,-0.046
[34m[TIME]: 0.0068 seconds total (146.5 hz, 0.04 ms behind)
[0mq_GtoI = -0.144,-0.988,-0.032,0.038 | p_IinG = 3.570,20.489,-1.761 | dist = 31.31 (meters)
bg = 0.0008,0.0002,-0.0002 | ba = 0.1047,0.0388,0.1544
camera-imu timeoffset = 0.00183
cam0 intrinsics = 350.808,350.459,367.579,253.673 | -0.038,-0.009,0.006,-0.002
cam1 intrinsics = 351.935,351.544,346.886,271.491 | -0.039,-0.006,0.003,-0.001
cam0 extrinsics = 0.499,0.503,0.496,0.502 | -0.045,0.014,-0.046
cam1 extrinsics = 0.499,0.502,0.499,0.500 | 0.064,0.015,-0.046
[34m[TIME]: 0.0072 seconds total (139.7 hz, 0.05 ms behind)
[0mq_GtoI = -0.115,-0.993,-0.023,0.034 | p_IinG = 3.528,20.478,-1.745 | dist = 31.36 (meters)
bg = 0.0008,0.0002,-0.0002 | ba = 0.1047,0.0389,0.1544
camera-imu timeoffset = 0.00183
cam0 intrinsics = 350.795,350.441,367.617,253.665 | -0.038,-0.009,0.006,-0.002
cam1 intrinsics = 351.923,351.527,346.923,271.483 | -0.039,-0.006,0.003,-0.001
cam0 extrinsics = 0.499,0.503,0.496,0.502 | -0.045,0.014,-0.046
cam1 extrinsics = 0.499,0.502,0.499,0.500 | 0.064,0.015,-0.046
[34m[TIME]: 0.0085 seconds total (117.4 hz, 0.06 ms behind)
[0mq_GtoI = -0.089,-0.995,-0.014,0.036 | p_IinG = 3.486,20.468,-1.730 | dist = 31.40 (meters)
bg = 0.0008,0.0002,-0.0002 | ba = 0.1048,0.0390,0.1544
camera-imu timeoffset = 0.00183
cam0 intrinsics = 350.780,350.415,367.654,253.670 | -0.038,-0.009,0.006,-0.002
cam1 intrinsics = 351.907,351.502,346.968,271.484 | -0.039,-0.006,0.003,-0.001
cam0 extrinsics = 0.499,0.503,0.496,0.502 | -0.045,0.014,-0.046
cam1 extrinsics = 0.499,0.502,0.499,0.500 | 0.064,0.015,-0.046
[34m[TIME]: 0.0081 seconds total (123.0 hz, 0.07 ms behind)
[0mq_GtoI = -0.068,-0.997,-0.001,0.042 | p_IinG = 3.445,20.460,-1.717 | dist = 31.45 (meters)
bg = 0.0008,0.0002,-0.0003 | ba = 0.1049,0.0390,0.1544
camera-imu timeoffset = 0.00183
cam0 intrinsics = 350.769,350.410,367.687,253.672 | -0.038,-0.009,0.006,-0.002
cam1 intrinsics = 351.895,351.497,346.999,271.487 | -0.039,-0.006,0.003,-0.001
cam0 extrinsics = 0.499,0.503,0.496,0.502 | -0.045,0.014,-0.046
cam1 extrinsics = 0.499,0.502,0.499,0.500 | 0.064,0.015,-0.046
[34m[TIME]: 0.0059 seconds total (169.9 hz, 0.08 ms behind)
[0mq_GtoI = -0.050,-0.998,0.012,0.046 | p_IinG = 3.406,20.452,-1.705 | dist = 31.49 (meters)
bg = 0.0008,0.0002,-0.0003 | ba = 0.1049,0.0390,0.1543
camera-imu timeoffset = 0.00183
cam0 intrinsics = 350.764,350.407,367.703,253.669 | -0.038,-0.009,0.006,-0.002
cam1 intrinsics = 351.890,351.496,347.013,271.484 | -0.039,-0.006,0.003,-0.001
cam0 extrinsics = 0.499,0.503,0.496,0.502 | -0.045,0.014,-0.046
cam1 extrinsics = 0.499,0.502,0.499,0.500 | 0.064,0.015,-0.046
[34m[TIME]: 0.0052 seconds total (191.2 hz, 0.09 ms behind)
[0mq_GtoI = -0.039,-0.998,0.020,0.046 | p_IinG = 3.369,20.444,-1.696 | dist = 31.53 (meters)
bg = 0.0008,0.0001,-0.0002 | ba = 0.1048,0.0391,0.1543
camera-imu timeoffset = 0.00183
cam0 intrinsics = 350.762,350.442,367.672,253.627 | -0.038,-0.009,0.006,-0.002
cam1 intrinsics = 351.891,351.531,346.972,271.443 | -0.039,-0.006,0.003,-0.001
cam0 extrinsics = 0.499,0.503,0.496,0.502 | -0.045,0.014,-0.046
cam1 extrinsics = 0.499,0.502,0.499,0.500 | 0.064,0.015,-0.046
[34m[TIME]: 0.0100 seconds total (100.2 hz, 0.10 ms behind)
[0mq_GtoI = -0.035,-0.998,0.020,0.045 | p_IinG = 3.333,20.436,-1.681 | dist = 31.57 (meters)
bg = 0.0008,0.0001,-0.0002 | ba = 0.1048,0.0392,0.1543
camera-imu timeoffset = 0.00182
cam0 intrinsics = 350.755,350.445,367.687,253.620 | -0.038,-0.009,0.007,-0.002
cam1 intrinsics = 351.885,351.536,346.983,271.436 | -0.039,-0.006,0.003,-0.001
cam0 extrinsics = 0.499,0.503,0.496,0.502 | -0.045,0.014,-0.046
cam1 extrinsics = 0.499,0.502,0.499,0.500 | 0.064,0.015,-0.046
[34m[TIME]: 0.0052 seconds total (192.8 hz, 0.11 ms behind)
[0mq_GtoI = -0.038,-0.998,0.013,0.041 | p_IinG = 3.305,20.425,-1.663 | dist = 31.61 (meters)
bg = 0.0008,0.0001,-0.0003 | ba = 0.1049,0.0395,0.1543
camera-imu timeoffset = 0.00182
cam0 intrinsics = 350.751,350.422,367.672,253.606 | -0.038,-0.009,0.006,-0.002
cam1 intrinsics = 351.876,351.507,346.952,271.426 | -0.039,-0.006,0.003,-0.001
cam0 extrinsics = 0.499,0.503,0.496,0.502 | -0.045,0.014,-0.046
cam1 extrinsics = 0.499,0.502,0.499,0.500 | 0.064,0.015,-0.046
[34m[TIME]: 0.0086 seconds total (116.0 hz, 0.12 ms behind)
[0mq_GtoI = -0.041,-0.999,0.006,0.033 | p_IinG = 3.273,20.421,-1.642 | dist = 31.65 (meters)
bg = 0.0008,0.0001,-0.0003 | ba = 0.1049,0.0397,0.1542
camera-imu timeoffset = 0.00182
cam0 intrinsics = 350.742,350.417,367.685,253.611 | -0.038,-0.009,0.007,-0.002
cam1 intrinsics = 351.868,351.501,346.958,271.432 | -0.039,-0.006,0.003,-0.001
cam0 extrinsics = 0.499,0.503,0.496,0.502 | -0.045,0.014,-0.046
cam1 extrinsics = 0.499,0.502,0.499,0.500 | 0.064,0.015,-0.046
[34m[TIME]: 0.0066 seconds total (150.7 hz, 0.13 ms behind)
[0mq_GtoI = -0.044,-0.999,-0.004,0.024 | p_IinG = 3.240,20.422,-1.620 | dist = 31.68 (meters)
bg = 0.0008,0.0001,-0.0003 | ba = 0.1049,0.0398,0.1541
camera-imu timeoffset = 0.00182
cam0 intrinsics = 350.727,350.416,367.711,253.608 | -0.038,-0.009,0.007,-0.002
cam1 intrinsics = 351.854,351.501,346.980,271.429 | -0.039,-0.006,0.003,-0.001
cam0 extrinsics = 0.499,0.503,0.496,0.502 | -0.045,0.014,-0.046
cam1 extrinsics = 0.499,0.502,0.499,0.500 | 0.064,0.015,-0.046
[34m[TIME]: 0.0081 seconds total (123.3 hz, 0.14 ms behind)
[0mq_GtoI = -0.047,-0.999,-0.014,0.022 | p_IinG = 3.208,20.423,-1.596 | dist = 31.72 (meters)
bg = 0.0008,0.0001,-0.0003 | ba = 0.1048,0.0400,0.1541
camera-imu timeoffset = 0.00182
cam0 intrinsics = 350.715,350.424,367.748,253.605 | -0.038,-0.009,0.007,-0.002
cam1 intrinsics = 351.841,351.506,347.019,271.428 | -0.039,-0.006,0.003,-0.001
cam0 extrinsics = 0.499,0.503,0.496,0.502 | -0.045,0.014,-0.046
cam1 extrinsics = 0.499,0.502,0.499,0.500 | 0.064,0.015,-0.046
[34m[TIME]: 0.0075 seconds total (133.0 hz, 0.15 ms behind)
[0mq_GtoI = -0.051,-0.998,-0.025,0.023 | p_IinG = 3.182,20.425,-1.572 | dist = 31.76 (meters)
bg = 0.0008,0.0001,-0.0003 | ba = 0.1049,0.0402,0.1541
camera-imu timeoffset = 0.00181
cam0 intrinsics = 350.708,350.426,367.770,253.605 | -0.038,-0.009,0.007,-0.002
cam1 intrinsics = 351.834,351.507,347.038,271.429 | -0.039,-0.007,0.003,-0.001
cam0 extrinsics = 0.499,0.503,0.496,0.502 | -0.045,0.014,-0.046
cam1 extrinsics = 0.499,0.502,0.499,0.500 | 0.064,0.015,-0.046
[34m[TIME]: 0.0080 seconds total (125.3 hz, 0.16 ms behind)
[0mq_GtoI = -0.055,-0.998,-0.033,0.025 | p_IinG = 3.155,20.429,-1.552 | dist = 31.79 (meters)
bg = 0.0008,0.0001,-0.0003 | ba = 0.1048,0.0402,0.1540
camera-imu timeoffset = 0.00182
cam0 intrinsics = 350.698,350.420,367.782,253.605 | -0.038,-0.009,0.007,-0.002
cam1 intrinsics = 351.826,351.501,347.047,271.432 | -0.039,-0.007,0.003,-0.001
cam0 extrinsics = 0.499,0.503,0.496,0.502 | -0.045,0.014,-0.046
cam1 extrinsics = 0.499,0.502,0.499,0.500 | 0.064,0.015,-0.046
[34m[TIME]: 0.0065 seconds total (154.4 hz, 0.17 ms behind)
[0mq_GtoI = -0.057,-0.997,-0.037,0.030 | p_IinG = 3.126,20.436,-1.534 | dist = 31.82 (meters)
bg = 0.0008,0.0000,-0.0003 | ba = 0.1047,0.0403,0.1540
camera-imu timeoffset = 0.00182
cam0 intrinsics = 350.691,350.423,367.805,253.608 | -0.038,-0.009,0.007,-0.002
cam1 intrinsics = 351.818,351.502,347.066,271.435 | -0.039,-0.007,0.003,-0.001
cam0 extrinsics = 0.499,0.503,0.496,0.502 | -0.045,0.014,-0.046
cam1 extrinsics = 0.499,0.502,0.499,0.500 | 0.064,0.015,-0.046
[34m[TIME]: 0.0091 seconds total (109.7 hz, 0.18 ms behind)
[0mq_GtoI = -0.058,-0.997,-0.041,0.034 | p_IinG = 3.094,20.444,-1.523 | dist = 31.85 (meters)
bg = 0.0008,0.0000,-0.0003 | ba = 0.1046,0.0403,0.1540
camera-imu timeoffset = 0.00181
cam0 intrinsics = 350.681,350.423,367.829,253.596 | -0.038,-0.009,0.007,-0.002
cam1 intrinsics = 351.808,351.503,347.090,271.424 | -0.038,-0.007,0.003,-0.001
cam0 extrinsics = 0.499,0.503,0.496,0.502 | -0.045,0.014,-0.046
cam1 extrinsics = 0.499,0.502,0.499,0.500 | 0.064,0.015,-0.046
[34m[TIME]: 0.0080 seconds total (124.3 hz, 0.20 ms behind)
[0mq_GtoI = -0.059,-0.996,-0.047,0.037 | p_IinG = 3.061,20.452,-1.516 | dist = 31.89 (meters)
bg = 0.0008,0.0000,-0.0003 | ba = 0.1045,0.0403,0.1540
camera-imu timeoffset = 0.00181
cam0 intrinsics = 350.675,350.423,367.844,253.589 | -0.038,-0.009,0.007,-0.002
cam1 intrinsics = 351.803,351.502,347.104,271.418 | -0.038,-0.007,0.003,-0.001
cam0 extrinsics = 0.499,0.503,0.496,0.502 | -0.045,0.014,-0.046
cam1 extrinsics = 0.499,0.502,0.499,0.500 | 0.064,0.015,-0.046
[34m[TIME]: 0.0076 seconds total (132.0 hz, 0.21 ms behind)
[0mq_GtoI = -0.061,-0.996,-0.054,0.042 | p_IinG = 3.026,20.458,-1.510 | dist = 31.92 (meters)
bg = 0.0008,0.0000,-0.0003 | ba = 0.1045,0.0404,0.1540
camera-imu timeoffset = 0.00181
cam0 intrinsics = 350.669,350.425,367.864,253.582 | -0.038,-0.009,0.007,-0.002
cam1 intrinsics = 351.797,351.503,347.120,271.413 | -0.038,-0.007,0.003,-0.001
cam0 extrinsics = 0.499,0.503,0.496,0.502 | -0.045,0.014,-0.046
cam1 extrinsics = 0.499,0.502,0.499,0.500 | 0.064,0.015,-0.046
[34m[TIME]: 0.0071 seconds total (140.9 hz, 0.22 ms behind)
[0mq_GtoI = -0.063,-0.995,-0.062,0.049 | p_IinG = 2.992,20.463,-1.505 | dist = 31.96 (meters)
bg = 0.0008,0.0000,-0.0003 | ba = 0.1044,0.0404,0.1540
camera-imu timeoffset = 0.00181
cam0 intrinsics = 350.665,350.424,367.876,253.575 | -0.038,-0.009,0.007,-0.002
cam1 intrinsics = 351.792,351.501,347.129,271.408 | -0.038,-0.007,0.003,-0.001
cam0 extrinsics = 0.499,0.503,0.496,0.502 | -0.045,0.014,-0.046
cam1 extrinsics = 0.499,0.502,0.499,0.500 | 0.064,0.015,-0.046
[34m[TIME]: 0.0071 seconds total (140.6 hz, 0.23 ms behind)
[0mq_GtoI = -0.061,-0.995,-0.065,0.052 | p_IinG = 2.956,20.468,-1.498 | dist = 31.99 (meters)
bg = 0.0008,0.0000,-0.0003 | ba = 0.1044,0.0403,0.1540
camera-imu timeoffset = 0.00181
cam0 intrinsics = 350.659,350.419,367.887,253.567 | -0.038,-0.009,0.006,-0.002
cam1 intrinsics = 351.791,351.499,347.142,271.402 | -0.038,-0.007,0.003,-0.001
cam0 extrinsics = 0.499,0.503,0.496,0.502 | -0.045,0.014,-0.046
cam1 extrinsics = 0.499,0.502,0.499,0.500 | 0.064,0.015,-0.046
[34m[TIME]: 0.0080 seconds total (125.2 hz, 0.24 ms behind)
[0mq_GtoI = -0.060,-0.995,-0.060,0.054 | p_IinG = 2.922,20.469,-1.491 | dist = 32.02 (meters)
bg = 0.0008,0.0000,-0.0003 | ba = 0.1044,0.0402,0.1540
camera-imu timeoffset = 0.00181
cam0 intrinsics = 350.654,350.417,367.888,253.544 | -0.038,-0.009,0.006,-0.002
cam1 intrinsics = 351.786,351.498,347.150,271.383 | -0.038,-0.007,0.003,-0.001
cam0 extrinsics = 0.499,0.503,0.496,0.502 | -0.045,0.014,-0.046
cam1 extrinsics = 0.499,0.502,0.499,0.500 | 0.064,0.015,-0.046
[34m[TIME]: 0.0082 seconds total (122.6 hz, 0.25 ms behind)
[0mq_GtoI = -0.062,-0.995,-0.054,0.050 | p_IinG = 2.887,20.466,-1.480 | dist = 32.06 (meters)
bg = 0.0008,0.0000,-0.0003 | ba = 0.1044,0.0402,0.1540
camera-imu timeoffset = 0.00181
cam0 intrinsics = 350.652,350.416,367.900,253.539 | -0.038,-0.009,0.006,-0.002
cam1 intrinsics = 351.784,351.496,347.159,271.380 | -0.038,-0.007,0.003,-0.001
cam0 extrinsics = 0.499,0.503,0.496,0.502 | -0.045,0.014,-0.046
cam1 extrinsics = 0.499,0.502,0.499,0.500 | 0.064,0.015,-0.046
[34m[TIME]: 0.0075 seconds total (132.6 hz, 0.01 ms behind)
[0mq_GtoI = -0.061,-0.996,-0.047,0.035 | p_IinG = 2.850,20.457,-1.466 | dist = 32.10 (meters)
bg = 0.0008,0.0000,-0.0003 | ba = 0.1044,0.0401,0.1540
camera-imu timeoffset = 0.00181
cam0 intrinsics = 350.649,350.416,367.907,253.536 | -0.038,-0.009,0.006,-0.002
cam1 intrinsics = 351.781,351.495,347.163,271.378 | -0.038,-0.007,0.003,-0.001
cam0 extrinsics = 0.499,0.503,0.496,0.502 | -0.045,0.014,-0.046
cam1 extrinsics = 0.499,0.502,0.499,0.500 | 0.064,0.015,-0.046
[34m[TIME]: 0.0054 seconds total (185.0 hz, 0.02 ms behind)
[0mq_GtoI = -0.053,-0.997,-0.039,0.027 | p_IinG = 2.813,20.445,-1.448 | dist = 32.14 (meters)
bg = 0.0008,0.0000,-0.0003 | ba = 0.1044,0.0401,0.1540
camera-imu timeoffset = 0.00181
cam0 intrinsics = 350.647,350.414,367.913,253.533 | -0.038,-0.009,0.006,-0.002
cam1 intrinsics = 351.779,351.493,347.164,271.377 | -0.038,-0.007,0.003,-0.001
cam0 extrinsics = 0.499,0.503,0.496,0.501 | -0.045,0.014,-0.046
cam1 extrinsics = 0.499,0.502,0.499,0.500 | 0.064,0.015,-0.046
[34m[TIME]: 0.0077 seconds total (130.4 hz, 0.03 ms behind)
[0mq_GtoI = -0.038,-0.998,-0.032,0.029 | p_IinG = 2.779,20.428,-1.429 | dist = 32.19 (meters)
bg = 0.0008,0.0000,-0.0003 | ba = 0.1044,0.0401,0.1540
camera-imu timeoffset = 0.00181
cam0 intrinsics = 350.646,350.414,367.919,253.530 | -0.038,-0.009,0.006,-0.002
cam1 intrinsics = 351.776,351.490,347.167,271.374 | -0.038,-0.007,0.003,-0.001
cam0 extrinsics = 0.499,0.503,0.496,0.501 | -0.045,0.014,-0.046
cam1 extrinsics = 0.499,0.503,0.499,0.500 | 0.064,0.015,-0.046
[34m[TIME]: 0.0075 seconds total (133.8 hz, 0.04 ms behind)
[0mq_GtoI = -0.021,-0.999,-0.030,0.033 | p_IinG = 2.744,20.409,-1.411 | dist = 32.23 (meters)
bg = 0.0008,0.0000,-0.0003 | ba = 0.1043,0.0400,0.1540
camera-imu timeoffset = 0.00181
cam0 intrinsics = 350.645,350.418,367.931,253.524 | -0.038,-0.009,0.006,-0.002
cam1 intrinsics = 351.774,351.494,347.177,271.368 | -0.038,-0.007,0.003,-0.001
cam0 extrinsics = 0.499,0.503,0.496,0.501 | -0.045,0.014,-0.046
cam1 extrinsics = 0.499,0.503,0.499,0.500 | 0.064,0.015,-0.046
[34m[TIME]: 0.0052 seconds total (190.5 hz, 0.05 ms behind)
[0mq_GtoI = -0.004,-0.999,-0.026,0.036 | p_IinG = 2.708,20.390,-1.395 | dist = 32.27 (meters)
bg = 0.0008,0.0000,-0.0003 | ba = 0.1043,0.0400,0.1540
camera-imu timeoffset = 0.00181
cam0 intrinsics = 350.646,350.419,367.936,253.519 | -0.038,-0.009,0.006,-0.002
cam1 intrinsics = 351.776,351.495,347.179,271.365 | -0.038,-0.007,0.003,-0.001
cam0 extrinsics = 0.499,0.503,0.496,0.501 | -0.045,0.014,-0.046
cam1 extrinsics = 0.499,0.503,0.499,0.500 | 0.064,0.015,-0.046
[34m[TIME]: 0.0048 seconds total (209.2 hz, 0.06 ms behind)
[0mq_GtoI = 0.011,-0.999,-0.017,0.036 | p_IinG = 2.669,20.372,-1.382 | dist = 32.31 (meters)
bg = 0.0008,0.0000,-0.0003 | ba = 0.1043,0.0400,0.1540
camera-imu timeoffset = 0.00181
cam0 intrinsics = 350.648,350.428,367.937,253.517 | -0.038,-0.009,0.006,-0.002
cam1 intrinsics = 351.779,351.504,347.179,271.364 | -0.038,-0.007,0.003,-0.001
cam0 extrinsics = 0.499,0.503,0.496,0.501 | -0.045,0.014,-0.046
cam1 extrinsics = 0.499,0.503,0.499,0.500 | 0.064,0.015,-0.046
[34m[TIME]: 0.0066 seconds total (151.7 hz, 0.07 ms behind)
[0mq_GtoI = 0.022,-0.999,-0.008,0.038 | p_IinG = 2.628,20.357,-1.371 | dist = 32.36 (meters)
bg = 0.0008,0.0000,-0.0003 | ba = 0.1042,0.0399,0.1540
camera-imu timeoffset = 0.00181
cam0 intrinsics = 350.652,350.433,367.942,253.515 | -0.038,-0.009,0.006,-0.002
cam1 intrinsics = 351.777,351.505,347.185,271.365 | -0.038,-0.007,0.003,-0.001
cam0 extrinsics = 0.499,0.503,0.496,0.501 | -0.045,0.014,-0.046
cam1 extrinsics = 0.499,0.502,0.499,0.500 | 0.064,0.015,-0.046
[34m[TIME]: 0.0062 seconds total (161.5 hz, 0.08 ms behind)
[0mq_GtoI = 0.028,-0.999,0.003,0.042 | p_IinG = 2.587,20.345,-1.361 | dist = 32.40 (meters)
bg = 0.0008,0.0000,-0.0003 | ba = 0.1042,0.0398,0.1540
camera-imu timeoffset = 0.00181
cam0 intrinsics = 350.654,350.436,367.950,253.512 | -0.038,-0.009,0.006,-0.002
cam1 intrinsics = 351.779,351.509,347.191,271.362 | -0.038,-0.007,0.003,-0.001
cam0 extrinsics = 0.499,0.503,0.496,0.501 | -0.045,0.014,-0.046
cam1 extrinsics = 0.499,0.502,0.499,0.500 | 0.064,0.015,-0.046
[34m[TIME]: 0.0121 seconds total (82.8 hz, 0.09 ms behind)
[0mq_GtoI = 0.027,-0.999,0.011,0.045 | p_IinG = 2.544,20.336,-1.351 | dist = 32.44 (meters)
bg = 0.0008,0.0000,-0.0003 | ba = 0.1042,0.0398,0.1540
camera-imu timeoffset = 0.00181
cam0 intrinsics = 350.653,350.443,367.956,253.507 | -0.038,-0.009,0.006,-0.002
cam1 intrinsics = 351.777,351.515,347.197,271.358 | -0.038,-0.007,0.003,-0.001
cam0 extrinsics = 0.499,0.503,0.496,0.501 | -0.045,0.014,-0.046
cam1 extrinsics = 0.499,0.502,0.499,0.500 | 0.064,0.015,-0.046
[34m[TIME]: 0.0052 seconds total (192.3 hz, 0.10 ms behind)
[0mq_GtoI = 0.021,-0.999,0.008,0.047 | p_IinG = 2.502,20.330,-1.339 | dist = 32.49 (meters)
bg = 0.0008,0.0000,-0.0003 | ba = 0.1042,0.0398,0.1540
camera-imu timeoffset = 0.00181
cam0 intrinsics = 350.654,350.446,367.957,253.508 | -0.038,-0.009,0.006,-0.002
cam1 intrinsics = 351.775,351.517,347.200,271.360 | -0.038,-0.007,0.003,-0.001
cam0 extrinsics = 0.499,0.503,0.496,0.502 | -0.045,0.014,-0.046
cam1 extrinsics = 0.499,0.502,0.499,0.500 | 0.064,0.015,-0.046
[34m[TIME]: 0.0083 seconds total (120.4 hz, 0.11 ms behind)
[0mq_GtoI = 0.014,-0.999,-0.008,0.052 | p_IinG = 2.458,20.324,-1.323 | dist = 32.53 (meters)
bg = 0.0008,0.0000,-0.0003 | ba = 0.1042,0.0396,0.1541
camera-imu timeoffset = 0.00181
cam0 intrinsics = 350.649,350.454,367.958,253.498 | -0.038,-0.009,0.006,-0.002
cam1 intrinsics = 351.770,351.526,347.201,271.352 | -0.038,-0.007,0.003,-0.001
cam0 extrinsics = 0.499,0.503,0.496,0.502 | -0.045,0.014,-0.046
cam1 extrinsics = 0.499,0.502,0.499,0.500 | 0.064,0.015,-0.046
[34m[TIME]: 0.0112 seconds total (89.2 hz, 0.12 ms behind)
[0mq_GtoI = 0.006,-0.998,-0.033,0.053 | p_IinG = 2.416,20.319,-1.305 | dist = 32.58 (meters)
bg = 0.0008,0.0000,-0.0003 | ba = 0.1042,0.0395,0.1541
camera-imu timeoffset = 0.00182
cam0 intrinsics = 350.647,350.454,367.961,253.492 | -0.038,-0.009,0.006,-0.002
cam1 intrinsics = 351.768,351.527,347.203,271.345 | -0.038,-0.007,0.003,-0.001
cam0 extrinsics = 0.499,0.503,0.496,0.502 | -0.045,0.014,-0.046
cam1 extrinsics = 0.499,0.502,0.499,0.500 | 0.064,0.015,-0.046
[34m[TIME]: 0.0077 seconds total (130.1 hz, 0.13 ms behind)
[0mq_GtoI = -0.005,-0.997,-0.059,0.046 | p_IinG = 2.376,20.318,-1.284 | dist = 32.62 (meters)
bg = 0.0008,0.0000,-0.0002 | ba = 0.1042,0.0394,0.1541
camera-imu timeoffset = 0.00182
cam0 intrinsics = 350.646,350.448,367.965,253.485 | -0.038,-0.009,0.006,-0.002
cam1 intrinsics = 351.765,351.517,347.204,271.339 | -0.038,-0.007,0.003,-0.001
cam0 extrinsics = 0.499,0.503,0.496,0.502 | -0.045,0.014,-0.046
cam1 extrinsics = 0.499,0.502,0.499,0.500 | 0.064,0.015,-0.046
[34m[TIME]: 0.0064 seconds total (156.7 hz, 0.14 ms behind)
[0mq_GtoI = -0.015,-0.997,-0.070,0.042 | p_IinG = 2.340,20.324,-1.260 | dist = 32.67 (meters)
bg = 0.0008,0.0000,-0.0002 | ba = 0.1043,0.0394,0.1541
camera-imu timeoffset = 0.00182
cam0 intrinsics = 350.644,350.437,367.970,253.484 | -0.038,-0.009,0.006,-0.002
cam1 intrinsics = 351.764,351.507,347.207,271.338 | -0.038,-0.007,0.003,-0.001
cam0 extrinsics = 0.499,0.503,0.496,0.502 | -0.045,0.014,-0.046
cam1 extrinsics = 0.499,0.502,0.499,0.500 | 0.064,0.015,-0.046
[34m[TIME]: 0.0083 seconds total (120.9 hz, 0.15 ms behind)
[0mq_GtoI = -0.026,-0.996,-0.071,0.041 | p_IinG = 2.309,20.336,-1.237 | dist = 32.71 (meters)
bg = 0.0008,0.0000,-0.0002 | ba = 0.1043,0.0394,0.1541
camera-imu timeoffset = 0.00183
cam0 intrinsics = 350.642,350.435,367.977,253.478 | -0.038,-0.009,0.006,-0.002
cam1 intrinsics = 351.763,351.504,347.213,271.332 | -0.038,-0.007,0.003,-0.001
cam0 extrinsics = 0.499,0.503,0.496,0.502 | -0.045,0.014,-0.046
cam1 extrinsics = 0.499,0.502,0.499,0.500 | 0.064,0.015,-0.046
[34m[TIME]: 0.0055 seconds total (180.4 hz, 0.16 ms behind)
[0mq_GtoI = -0.036,-0.996,-0.072,0.041 | p_IinG = 2.280,20.350,-1.216 | dist = 32.74 (meters)
bg = 0.0008,0.0000,-0.0003 | ba = 0.1043,0.0394,0.1541
camera-imu timeoffset = 0.00183
cam0 intrinsics = 350.639,350.426,367.982,253.474 | -0.038,-0.009,0.006,-0.002
cam1 intrinsics = 351.763,351.498,347.219,271.329 | -0.038,-0.007,0.003,-0.001
cam0 extrinsics = 0.499,0.503,0.496,0.502 | -0.045,0.014,-0.046
cam1 extrinsics = 0.499,0.502,0.499,0.500 | 0.064,0.014,-0.046
[34m[TIME]: 0.0067 seconds total (150.2 hz, 0.17 ms behind)
[0mq_GtoI = -0.044,-0.995,-0.076,0.043 | p_IinG = 2.252,20.363,-1.198 | dist = 32.78 (meters)
bg = 0.0008,0.0000,-0.0003 | ba = 0.1043,0.0394,0.1541
camera-imu timeoffset = 0.00183
cam0 intrinsics = 350.637,350.423,367.987,253.476 | -0.038,-0.009,0.006,-0.002
cam1 intrinsics = 351.760,351.495,347.223,271.331 | -0.038,-0.007,0.003,-0.001
cam0 extrinsics = 0.499,0.503,0.496,0.502 | -0.045,0.014,-0.046
cam1 extrinsics = 0.499,0.502,0.499,0.500 | 0.064,0.014,-0.046
[34m[TIME]: 0.0048 seconds total (210.4 hz, 0.18 ms behind)
[0mq_GtoI = -0.052,-0.994,-0.085,0.050 | p_IinG = 2.222,20.376,-1.186 | dist = 32.81 (meters)
bg = 0.0008,0.0000,-0.0003 | ba = 0.1043,0.0394,0.1541
camera-imu timeoffset = 0.00183
cam0 intrinsics = 350.634,350.415,367.993,253.472 | -0.038,-0.009,0.006,-0.002
cam1 intrinsics = 351.760,351.489,347.226,271.328 | -0.038,-0.007,0.003,-0.001
cam0 extrinsics = 0.499,0.503,0.496,0.502 | -0.045,0.014,-0.046
cam1 extrinsics = 0.499,0.502,0.499,0.500 | 0.064,0.014,-0.046
[34m[TIME]: 0.0059 seconds total (169.0 hz, 0.19 ms behind)
[0mq_GtoI = -0.063,-0.992,-0.094,0.058 | p_IinG = 2.191,20.387,-1.174 | dist = 32.85 (meters)
bg = 0.0008,0.0000,-0.0002 | ba = 0.1042,0.0392,0.1541
camera-imu timeoffset = 0.00183
cam0 intrinsics = 350.625,350.384,367.987,253.470 | -0.038,-0.009,0.006,-0.002
cam1 intrinsics = 351.766,351.472,347.236,271.328 | -0.038,-0.007,0.003,-0.001
cam0 extrinsics = 0.499,0.503,0.496,0.501 | -0.045,0.014,-0.046
cam1 extrinsics = 0.499,0.502,0.499,0.500 | 0.064,0.014,-0.046
[34m[TIME]: 0.0075 seconds total (133.2 hz, 0.20 ms behind)
[0mq_GtoI = -0.071,-0.991,-0.097,0.063 | p_IinG = 2.161,20.398,-1.163 | dist = 32.88 (meters)
bg = 0.0008,0.0000,-0.0002 | ba = 0.1042,0.0392,0.1541
camera-imu timeoffset = 0.00182
cam0 intrinsics = 350.623,350.382,367.978,253.454 | -0.038,-0.009,0.006,-0.002
cam1 intrinsics = 351.765,351.469,347.224,271.310 | -0.038,-0.007,0.003,-0.001
cam0 extrinsics = 0.499,0.503,0.496,0.501 | -0.045,0.014,-0.046
cam1 extrinsics = 0.499,0.503,0.499,0.500 | 0.064,0.014,-0.046
[34m[TIME]: 0.0087 seconds total (114.9 hz, 0.22 ms behind)
[0mq_GtoI = -0.073,-0.991,-0.092,0.064 | p_IinG = 2.131,20.408,-1.150 | dist = 32.92 (meters)
bg = 0.0008,0.0000,-0.0002 | ba = 0.1041,0.0392,0.1541
camera-imu timeoffset = 0.00183
cam0 intrinsics = 350.621,350.381,367.976,253.449 | -0.038,-0.009,0.006,-0.002
cam1 intrinsics = 351.764,351.468,347.220,271.305 | -0.038,-0.007,0.003,-0.001
cam0 extrinsics = 0.499,0.503,0.496,0.501 | -0.045,0.014,-0.046
cam1 extrinsics = 0.499,0.503,0.499,0.500 | 0.064,0.014,-0.046
[34m[TIME]: 0.0071 seconds total (140.9 hz, 0.23 ms behind)
[0mq_GtoI = -0.062,-0.993,-0.077,0.061 | p_IinG = 2.100,20.414,-1.135 | dist = 32.95 (meters)
bg = 0.0008,0.0000,-0.0002 | ba = 0.1041,0.0392,0.1541
camera-imu timeoffset = 0.00183
cam0 intrinsics = 350.621,350.381,367.981,253.450 | -0.038,-0.009,0.006,-0.002
cam1 intrinsics = 351.765,351.468,347.219,271.304 | -0.038,-0.007,0.003,-0.001
cam0 extrinsics = 0.499,0.503,0.496,0.501 | -0.045,0.014,-0.046
cam1 extrinsics = 0.499,0.503,0.499,0.500 | 0.064,0.014,-0.046
[34m[TIME]: 0.0081 seconds total (123.0 hz, 0.24 ms behind)
[0mq_GtoI = -0.047,-0.996,-0.068,0.043 | p_IinG = 2.068,20.413,-1.117 | dist = 32.99 (meters)
bg = 0.0008,0.0000,-0.0002 | ba = 0.1041,0.0392,0.1540
camera-imu timeoffset = 0.00182
cam0 intrinsics = 350.620,350.379,367.980,253.446 | -0.038,-0.009,0.006,-0.002
cam1 intrinsics = 351.764,351.465,347.216,271.300 | -0.038,-0.007,0.003,-0.001
cam0 extrinsics = 0.499,0.503,0.496,0.501 | -0.045,0.014,-0.046
cam1 extrinsics = 0.499,0.503,0.499,0.500 | 0.064,0.014,-0.046
[34m[TIME]: 0.0069 seconds total (146.0 hz, 0.25 ms behind)
[0mq_GtoI = -0.029,-0.997,-0.061,0.023 | p_IinG = 2.036,20.408,-1.096 | dist = 33.03 (meters)
bg = 0.0008,0.0000,-0.0002 | ba = 0.1041,0.0392,0.1541
camera-imu timeoffset = 0.00182
cam0 intrinsics = 350.620,350.375,367.982,253.443 | -0.038,-0.009,0.006,-0.002
cam1 intrinsics = 351.762,351.460,347.218,271.297 | -0.038,-0.007,0.003,-0.001
cam0 extrinsics = 0.499,0.503,0.496,0.501 | -0.045,0.014,-0.046
cam1 extrinsics = 0.499,0.503,0.499,0.500 | 0.064,0.014,-0.046
[34m[TIME]: 0.0051 seconds total (195.7 hz, 0.01 ms behind)
[0mq_GtoI = -0.008,-0.999,-0.047,0.022 | p_IinG = 2.007,20.397,-1.071 | dist = 33.06 (meters)
bg = 0.0008,-0.0000,-0.0002 | ba = 0.1041,0.0392,0.1541
camera-imu timeoffset = 0.00182
cam0 intrinsics = 350.616,350.360,367.978,253.427 | -0.038,-0.009,0.006,-0.002
cam1 intrinsics = 351.764,351.448,347.219,271.282 | -0.038,-0.007,0.003,-0.001
cam0 extrinsics = 0.499,0.503,0.496,0.501 | -0.045,0.013,-0.046
cam1 extrinsics = 0.499,0.503,0.499,0.500 | 0.064,0.014,-0.046
[34m[TIME]: 0.0112 seconds total (89.7 hz, 0.02 ms behind)
[0mq_GtoI = 0.015,-0.999,-0.035,0.025 | p_IinG = 1.981,20.384,-1.048 | dist = 33.10 (meters)
bg = 0.0008,-0.0000,-0.0002 | ba = 0.1040,0.0391,0.1541
camera-imu timeoffset = 0.00183
cam0 intrinsics = 350.617,350.352,367.989,253.421 | -0.038,-0.009,0.006,-0.002
cam1 intrinsics = 351.761,351.439,347.222,271.279 | -0.038,-0.007,0.003,-0.001
cam0 extrinsics = 0.499,0.503,0.496,0.501 | -0.045,0.013,-0.046
cam1 extrinsics = 0.499,0.503,0.499,0.500 | 0.064,0.014,-0.046
[34m[TIME]: 0.0057 seconds total (175.9 hz, 0.03 ms behind)
[0mq_GtoI = 0.036,-0.999,-0.026,0.024 | p_IinG = 1.953,20.367,-1.029 | dist = 33.14 (meters)
bg = 0.0008,-0.0000,-0.0002 | ba = 0.1040,0.0391,0.1541
camera-imu timeoffset = 0.00183
cam0 intrinsics = 350.614,350.343,368.001,253.414 | -0.037,-0.009,0.006,-0.002
cam1 intrinsics = 351.756,351.429,347.231,271.272 | -0.038,-0.007,0.003,-0.001
cam0 extrinsics = 0.499,0.503,0.496,0.501 | -0.045,0.013,-0.047
cam1 extrinsics = 0.499,0.503,0.499,0.500 | 0.064,0.014,-0.046
[34m[TIME]: 0.0049 seconds total (204.4 hz, 0.04 ms behind)
[0mq_GtoI = 0.052,-0.998,-0.015,0.022 | p_IinG = 1.924,20.351,-1.014 | dist = 33.17 (meters)
bg = 0.0008,-0.0000,-0.0002 | ba = 0.1040,0.0390,0.1541
camera-imu timeoffset = 0.00182
cam0 intrinsics = 350.613,350.338,368.018,253.407 | -0.038,-0.009,0.006,-0.002
cam1 intrinsics = 351.748,351.417,347.243,271.264 | -0.038,-0.007,0.003,-0.001
cam0 extrinsics = 0.499,0.503,0.496,0.501 | -0.045,0.013,-0.047
cam1 extrinsics = 0.499,0.503,0.499,0.500 | 0.064,0.014,-0.046
[34m[TIME]: 0.0068 seconds total (147.0 hz, 0.05 ms behind)
[0mq_GtoI = 0.061,-0.998,0.001,0.018 | p_IinG = 1.892,20.337,-1.004 | dist = 33.21 (meters)
bg = 0.0008,-0.0000,-0.0002 | ba = 0.1039,0.0389,0.1540
camera-imu timeoffset = 0.00183
cam0 intrinsics = 350.608,350.323,368.049,253.390 | -0.038,-0.009,0.006,-0.002
cam1 intrinsics = 351.739,351.398,347.279,271.245 | -0.038,-0.007,0.003,-0.001
cam0 extrinsics = 0.499,0.503,0.496,0.501 | -0.045,0.013,-0.047
cam1 extrinsics = 0.499,0.503,0.499,0.500 | 0.063,0.014,-0.046
[34m[TIME]: 0.0079 seconds total (127.2 hz, 0.06 ms behind)
[0mq_GtoI = 0.063,-0.998,0.019,0.015 | p_IinG = 1.859,20.328,-0.993 | dist = 33.24 (meters)
bg = 0.0008,-0.0000,-0.0002 | ba = 0.1039,0.0388,0.1540
camera-imu timeoffset = 0.00182
cam0 intrinsics = 350.603,350.313,368.078,253.372 | -0.038,-0.009,0.006,-0.002
cam1 intrinsics = 351.733,351.388,347.308,271.227 | -0.038,-0.007,0.003,-0.001
cam0 extrinsics = 0.499,0.503,0.496,0.501 | -0.046,0.013,-0.047
cam1 extrinsics = 0.499,0.503,0.499,0.500 | 0.063,0.014,-0.046
[34m[TIME]: 0.0082 seconds total (122.2 hz, 0.07 ms behind)
[0mq_GtoI = 0.063,-0.997,0.030,0.013 | p_IinG = 1.825,20.320,-0.979 | dist = 33.27 (meters)
bg = 0.0008,-0.0000,-0.0002 | ba = 0.1038,0.0387,0.1540
camera-imu timeoffset = 0.00182
cam0 intrinsics = 350.596,350.293,368.106,253.351 | -0.037,-0.009,0.006,-0.002
cam1 intrinsics = 351.725,351.368,347.339,271.206 | -0.038,-0.007,0.003,-0.001
cam0 extrinsics = 0.499,0.503,0.496,0.501 | -0.046,0.013,-0.047
cam1 extrinsics = 0.499,0.503,0.499,0.500 | 0.063,0.014,-0.046
[34m[TIME]: 0.0084 seconds total (118.5 hz, 0.08 ms behind)
[0mq_GtoI = 0.060,-0.998,0.025,0.014 | p_IinG = 1.793,20.315,-0.963 | dist = 33.31 (meters)
bg = 0.0008,-0.0000,-0.0002 | ba = 0.1038,0.0385,0.1540
camera-imu timeoffset = 0.00182
cam0 intrinsics = 350.594,350.279,368.138,253.332 | -0.037,-0.009,0.006,-0.002
cam1 intrinsics = 351.719,351.352,347.378,271.186 | -0.038,-0.007,0.003,-0.001
cam0 extrinsics = 0.499,0.503,0.496,0.501 | -0.046,0.013,-0.047
cam1 extrinsics = 0.499,0.503,0.499,0.500 | 0.063,0.014,-0.046
[34m[TIME]: 0.0070 seconds total (143.2 hz, 0.09 ms behind)
[0mq_GtoI = 0.056,-0.998,0.009,0.015 | p_IinG = 1.763,20.316,-0.943 | dist = 33.34 (meters)
bg = 0.0008,-0.0000,-0.0002 | ba = 0.1038,0.0385,0.1540
camera-imu timeoffset = 0.00183
cam0 intrinsics = 350.591,350.276,368.149,253.317 | -0.037,-0.009,0.006,-0.002
cam1 intrinsics = 351.715,351.349,347.390,271.172 | -0.038,-0.007,0.003,-0.001
cam0 extrinsics = 0.499,0.503,0.496,0.501 | -0.046,0.013,-0.047
cam1 extrinsics = 0.499,0.503,0.499,0.500 | 0.063,0.014,-0.046
[34m[TIME]: 0.0057 seconds total (176.6 hz, 0.10 ms behind)
[0mq_GtoI = 0.049,-0.999,-0.005,0.007 | p_IinG = 1.733,20.321,-0.921 | dist = 33.38 (meters)
bg = 0.0008,-0.0001,-0.0002 | ba = 0.1038,0.0385,0.1540
camera-imu timeoffset = 0.00183
cam0 intrinsics = 350.589,350.273,368.156,253.307 | -0.037,-0.009,0.006,-0.002
cam1 intrinsics = 351.714,351.346,347.398,271.162 | -0.038,-0.007,0.003,-0.001
cam0 extrinsics = 0.499,0.503,0.496,0.501 | -0.046,0.013,-0.047
cam1 extrinsics = 0.499,0.503,0.499,0.500 | 0.063,0.014,-0.046
[34m[TIME]: 0.0088 seconds total (113.9 hz, 0.11 ms behind)
[0mq_GtoI = -0.035,0.999,0.019,0.002 | p_IinG = 1.702,20.330,-0.896 | dist = 33.42 (meters)
bg = 0.0008,-0.0001,-0.0002 | ba = 0.1037,0.0384,0.1540
camera-imu timeoffset = 0.00183
cam0 intrinsics = 350.585,350.269,368.161,253.297 | -0.037,-0.009,0.006,-0.002
cam1 intrinsics = 351.711,351.342,347.402,271.151 | -0.038,-0.007,0.003,-0.001
cam0 extrinsics = 0.499,0.503,0.496,0.501 | -0.046,0.013,-0.047
cam1 extrinsics = 0.499,0.503,0.499,0.500 | 0.063,0.014,-0.046
[34m[TIME]: 0.0080 seconds total (124.7 hz, 0.12 ms behind)
[0mq_GtoI = -0.019,0.999,0.028,0.004 | p_IinG = 1.674,20.344,-0.870 | dist = 33.46 (meters)
bg = 0.0008,-0.0001,-0.0002 | ba = 0.1037,0.0384,0.1540
camera-imu timeoffset = 0.00183
cam0 intrinsics = 350.579,350.259,368.162,253.279 | -0.037,-0.009,0.006,-0.002
cam1 intrinsics = 351.703,351.334,347.408,271.135 | -0.038,-0.007,0.003,-0.001
cam0 extrinsics = 0.499,0.503,0.496,0.501 | -0.046,0.013,-0.047
cam1 extrinsics = 0.499,0.503,0.499,0.500 | 0.063,0.013,-0.046
[34m[TIME]: 0.0112 seconds total (89.2 hz, 0.13 ms behind)
[0mq_GtoI = -0.002,0.999,0.035,0.001 | p_IinG = 1.648,20.360,-0.845 | dist = 33.50 (meters)
bg = 0.0008,-0.0001,-0.0002 | ba = 0.1037,0.0384,0.1540
camera-imu timeoffset = 0.00184
cam0 intrinsics = 350.578,350.257,368.165,253.281 | -0.037,-0.009,0.006,-0.002
cam1 intrinsics = 351.702,351.333,347.414,271.136 | -0.038,-0.007,0.003,-0.001
cam0 extrinsics = 0.499,0.503,0.496,0.501 | -0.046,0.013,-0.047
cam1 extrinsics = 0.499,0.503,0.499,0.500 | 0.063,0.013,-0.046
[34m[TIME]: 0.0101 seconds total (98.6 hz, 0.14 ms behind)
[0mq_GtoI = -0.012,-0.999,-0.042,0.009 | p_IinG = 1.623,20.376,-0.824 | dist = 33.54 (meters)
bg = 0.0008,-0.0001,-0.0002 | ba = 0.1037,0.0383,0.1540
camera-imu timeoffset = 0.00184
cam0 intrinsics = 350.578,350.258,368.169,253.279 | -0.037,-0.009,0.006,-0.002
cam1 intrinsics = 351.705,351.337,347.420,271.136 | -0.038,-0.007,0.003,-0.001
cam0 extrinsics = 0.499,0.503,0.496,0.501 | -0.046,0.013,-0.047
cam1 extrinsics = 0.499,0.503,0.499,0.500 | 0.063,0.013,-0.046
[34m[TIME]: 0.0094 seconds total (106.5 hz, 0.15 ms behind)
[0mq_GtoI = -0.021,-0.998,-0.050,0.022 | p_IinG = 1.598,20.391,-0.805 | dist = 33.57 (meters)
bg = 0.0008,-0.0001,-0.0002 | ba = 0.1036,0.0383,0.1540
camera-imu timeoffset = 0.00184
cam0 intrinsics = 350.577,350.255,368.175,253.277 | -0.037,-0.009,0.006,-0.002
cam1 intrinsics = 351.705,351.335,347.425,271.134 | -0.038,-0.007,0.003,-0.001
cam0 extrinsics = 0.499,0.503,0.496,0.501 | -0.046,0.013,-0.047
cam1 extrinsics = 0.499,0.503,0.499,0.500 | 0.063,0.013,-0.046
[34m[TIME]: 0.0065 seconds total (153.1 hz, 0.16 ms behind)
[0mq_GtoI = -0.028,-0.997,-0.057,0.035 | p_IinG = 1.574,20.403,-0.787 | dist = 33.60 (meters)
bg = 0.0008,-0.0001,-0.0002 | ba = 0.1036,0.0383,0.1540
camera-imu timeoffset = 0.00184
cam0 intrinsics = 350.577,350.255,368.180,253.272 | -0.037,-0.009,0.006,-0.002
cam1 intrinsics = 351.706,351.335,347.427,271.130 | -0.038,-0.007,0.003,-0.001
cam0 extrinsics = 0.499,0.503,0.496,0.501 | -0.046,0.013,-0.047
cam1 extrinsics = 0.499,0.503,0.499,0.500 | 0.063,0.013,-0.046
[34m[TIME]: 0.0060 seconds total (166.1 hz, 0.17 ms behind)
[0mq_GtoI = -0.030,-0.997,-0.060,0.049 | p_IinG = 1.549,20.412,-0.768 | dist = 33.64 (meters)
bg = 0.0008,-0.0001,-0.0002 | ba = 0.1036,0.0383,0.1540
camera-imu timeoffset = 0.00184
cam0 intrinsics = 350.578,350.252,368.174,253.267 | -0.037,-0.009,0.006,-0.002
cam1 intrinsics = 351.706,351.331,347.423,271.124 | -0.038,-0.007,0.003,-0.001
cam0 extrinsics = 0.499,0.503,0.496,0.501 | -0.046,0.013,-0.047
cam1 extrinsics = 0.499,0.503,0.499,0.500 | 0.063,0.013,-0.046
[34m[TIME]: 0.0052 seconds total (193.6 hz, 0.18 ms behind)
[0mq_GtoI = -0.025,-0.997,-0.051,0.061 | p_IinG = 1.526,20.416,-0.747 | dist = 33.67 (meters)
bg = 0.0008,-0.0001,-0.0002 | ba = 0.1036,0.0384,0.1540
camera-imu timeoffset = 0.00184
cam0 intrinsics = 350.580,350.252,368.168,253.260 | -0.037,-0.009,0.006,-0.002
cam1 intrinsics = 351.706,351.330,347.418,271.118 | -0.038,-0.007,0.003,-0.001
cam0 extrinsics = 0.499,0.503,0.496,0.501 | -0.046,0.013,-0.047
cam1 extrinsics = 0.499,0.503,0.499,0.500 | 0.063,0.013,-0.046
[34m[TIME]: 0.0048 seconds total (210.4 hz, 0.19 ms behind)
[0mq_GtoI = -0.012,-0.997,-0.038,0.063 | p_IinG = 1.503,20.416,-0.723 | dist = 33.70 (meters)
bg = 0.0008,-0.0001,-0.0002 | ba = 0.1036,0.0384,0.1540
camera-imu timeoffset = 0.00184
cam0 intrinsics = 350.582,350.250,368.170,253.251 | -0.037,-0.009,0.006,-0.002
cam1 intrinsics = 351.708,351.328,347.423,271.109 | -0.038,-0.007,0.003,-0.001
cam0 extrinsics = 0.499,0.503,0.496,0.501 | -0.046,0.013,-0.047
cam1 extrinsics = 0.499,0.503,0.499,0.500 | 0.063,0.013,-0.046
[34m[TIME]: 0.0067 seconds total (149.1 hz, 0.20 ms behind)
[0mq_GtoI = 0.004,-0.998,-0.029,0.053 | p_IinG = 1.478,20.409,-0.698 | dist = 33.74 (meters)
bg = 0.0008,-0.0001,-0.0002 | ba = 0.1036,0.0383,0.1540
camera-imu timeoffset = 0.00184
cam0 intrinsics = 350.581,350.256,368.165,253.247 | -0.037,-0.009,0.006,-0.002
cam1 intrinsics = 351.705,351.330,347.420,271.104 | -0.038,-0.007,0.003,-0.000
cam0 extrinsics = 0.499,0.503,0.496,0.501 | -0.046,0.013,-0.047
cam1 extrinsics = 0.499,0.503,0.499,0.500 | 0.063,0.013,-0.046
[34m[TIME]: 0.0072 seconds total (138.8 hz, 0.21 ms behind)
[0mq_GtoI = 0.022,-0.999,-0.023,0.043 | p_IinG = 1.455,20.397,-0.673 | dist = 33.77 (meters)
bg = 0.0008,-0.0001,-0.0002 | ba = 0.1036,0.0383,0.1540
camera-imu timeoffset = 0.00184
cam0 intrinsics = 350.581,350.255,368.165,253.239 | -0.037,-0.009,0.006,-0.002
cam1 intrinsics = 351.705,351.331,347.421,271.098 | -0.038,-0.007,0.003,-0.000
cam0 extrinsics = 0.499,0.503,0.496,0.501 | -0.046,0.013,-0.047
cam1 extrinsics = 0.499,0.503,0.499,0.500 | 0.063,0.013,-0.046
[34m[TIME]: 0.0044 seconds total (225.4 hz, 0.22 ms behind)
[0mq_GtoI = 0.043,-0.998,-0.017,0.040 | p_IinG = 1.434,20.382,-0.650 | dist = 33.81 (meters)
bg = 0.0008,-0.0001,-0.0002 | ba = 0.1036,0.0383,0.1540
camera-imu timeoffset = 0.00184
cam0 intrinsics = 350.579,350.257,368.165,253.236 | -0.037,-0.009,0.006,-0.002
cam1 intrinsics = 351.704,351.334,347.431,271.094 | -0.038,-0.007,0.003,-0.000
cam0 extrinsics = 0.499,0.503,0.496,0.501 | -0.046,0.013,-0.047
cam1 extrinsics = 0.499,0.503,0.499,0.500 | 0.063,0.013,-0.046
[34m[TIME]: 0.0065 seconds total (154.1 hz, 0.23 ms behind)
[0mq_GtoI = 0.062,-0.997,-0.013,0.039 | p_IinG = 1.413,20.366,-0.630 | dist = 33.84 (meters)
bg = 0.0008,-0.0001,-0.0002 | ba = 0.1035,0.0383,0.1539
camera-imu timeoffset = 0.00184
cam0 intrinsics = 350.577,350.256,368.178,253.230 | -0.037,-0.009,0.006,-0.002
cam1 intrinsics = 351.701,351.334,347.442,271.089 | -0.038,-0.007,0.003,-0.000
cam0 extrinsics = 0.499,0.503,0.496,0.501 | -0.046,0.012,-0.047
cam1 extrinsics = 0.499,0.503,0.499,0.500 | 0.063,0.013,-0.046
[34m[TIME]: 0.0058 seconds total (172.1 hz, 0.24 ms behind)
[0mq_GtoI = 0.079,-0.996,-0.010,0.039 | p_IinG = 1.391,20.349,-0.615 | dist = 33.87 (meters)
bg = 0.0008,-0.0001,-0.0002 | ba = 0.1036,0.0383,0.1539
camera-imu timeoffset = 0.00184
cam0 intrinsics = 350.578,350.258,368.177,253.224 | -0.037,-0.009,0.006,-0.002
cam1 intrinsics = 351.701,351.331,347.443,271.081 | -0.038,-0.007,0.003,-0.000
cam0 extrinsics = 0.499,0.503,0.496,0.501 | -0.046,0.012,-0.047
cam1 extrinsics = 0.499,0.503,0.499,0.500 | 0.063,0.013,-0.046
[34m[TIME]: 0.0086 seconds total (116.5 hz, 0.01 ms behind)
[0mq_GtoI = 0.094,-0.995,-0.006,0.040 | p_IinG = 1.368,20.333,-0.603 | dist = 33.90 (meters)
bg = 0.0008,-0.0001,-0.0002 | ba = 0.1035,0.0383,0.1539
camera-imu timeoffset = 0.00184
cam0 intrinsics = 350.581,350.265,368.198,253.210 | -0.037,-0.009,0.006,-0.002
cam1 intrinsics = 351.695,351.330,347.463,271.068 | -0.038,-0.007,0.003,-0.000
cam0 extrinsics = 0.499,0.503,0.496,0.501 | -0.046,0.012,-0.047
cam1 extrinsics = 0.499,0.503,0.499,0.500 | 0.063,0.013,-0.046
[34m[TIME]: 0.0081 seconds total (124.1 hz, 0.02 ms behind)
[0mq_GtoI = 0.107,-0.993,-0.000,0.044 | p_IinG = 1.344,20.320,-0.594 | dist = 33.93 (meters)
bg = 0.0008,-0.0001,-0.0002 | ba = 0.1035,0.0383,0.1539
camera-imu timeoffset = 0.00185
cam0 intrinsics = 350.581,350.264,368.206,253.205 | -0.037,-0.009,0.006,-0.002
cam1 intrinsics = 351.692,351.326,347.472,271.062 | -0.038,-0.007,0.003,-0.000
cam0 extrinsics = 0.499,0.503,0.496,0.501 | -0.046,0.012,-0.047
cam1 extrinsics = 0.499,0.503,0.499,0.500 | 0.063,0.013,-0.046
[34m[TIME]: 0.0069 seconds total (144.8 hz, 0.03 ms behind)
[0mq_GtoI = 0.116,-0.992,0.004,0.053 | p_IinG = 1.319,20.310,-0.585 | dist = 33.96 (meters)
bg = 0.0008,-0.0001,-0.0002 | ba = 0.1035,0.0382,0.1539
camera-imu timeoffset = 0.00185
cam0 intrinsics = 350.580,350.258,368.218,253.196 | -0.037,-0.009,0.006,-0.002
cam1 intrinsics = 351.686,351.316,347.486,271.053 | -0.038,-0.007,0.003,-0.000
cam0 extrinsics = 0.499,0.503,0.496,0.501 | -0.046,0.012,-0.047
cam1 extrinsics = 0.499,0.503,0.499,0.500 | 0.063,0.013,-0.046
[34m[TIME]: 0.0067 seconds total (149.5 hz, 0.04 ms behind)
[0mq_GtoI = 0.118,-0.991,0.004,0.065 | p_IinG = 1.292,20.305,-0.572 | dist = 33.99 (meters)
bg = 0.0008,-0.0001,-0.0002 | ba = 0.1035,0.0383,0.1539
camera-imu timeoffset = 0.00184
cam0 intrinsics = 350.578,350.273,368.228,253.186 | -0.037,-0.009,0.006,-0.002
cam1 intrinsics = 351.683,351.331,347.501,271.043 | -0.038,-0.007,0.003,-0.000
cam0 extrinsics = 0.499,0.503,0.496,0.501 | -0.046,0.012,-0.047
cam1 extrinsics = 0.499,0.503,0.499,0.500 | 0.063,0.013,-0.046
[34m[TIME]: 0.0079 seconds total (126.5 hz, 0.05 ms behind)
[0mq_GtoI = 0.111,-0.991,-0.002,0.073 | p_IinG = 1.265,20.307,-0.556 | dist = 34.02 (meters)
bg = 0.0008,-0.0001,-0.0002 | ba = 0.1035,0.0383,0.1540
camera-imu timeoffset = 0.00184
cam0 intrinsics = 350.577,350.264,368.240,253.183 | -0.037,-0.009,0.006,-0.002
cam1 intrinsics = 351.679,351.320,347.511,271.042 | -0.038,-0.007,0.003,-0.000
cam0 extrinsics = 0.499,0.503,0.496,0.501 | -0.046,0.012,-0.047
cam1 extrinsics = 0.499,0.503,0.499,0.500 | 0.063,0.013,-0.047
[34m[TIME]: 0.0084 seconds total (118.7 hz, 0.06 ms behind)
[0mq_GtoI = 0.097,-0.993,-0.006,0.070 | p_IinG = 1.235,20.317,-0.536 | dist = 34.06 (meters)
bg = 0.0008,-0.0001,-0.0002 | ba = 0.1034,0.0383,0.1540
camera-imu timeoffset = 0.00184
cam0 intrinsics = 350.575,350.258,368.249,253.171 | -0.037,-0.009,0.006,-0.002
cam1 intrinsics = 351.674,351.312,347.524,271.032 | -0.038,-0.007,0.003,-0.000
cam0 extrinsics = 0.499,0.503,0.496,0.501 | -0.046,0.012,-0.047
cam1 extrinsics = 0.499,0.503,0.499,0.500 | 0.063,0.013,-0.047
[34m[TIME]: 0.0071 seconds total (141.5 hz, 0.07 ms behind)
[0mq_GtoI = 0.080,-0.995,-0.008,0.054 | p_IinG = 1.205,20.332,-0.513 | dist = 34.10 (meters)
bg = 0.0008,-0.0001,-0.0002 | ba = 0.1034,0.0382,0.1540
camera-imu timeoffset = 0.00184
cam0 intrinsics = 350.575,350.258,368.251,253.169 | -0.037,-0.009,0.006,-0.002
cam1 intrinsics = 351.674,351.311,347.526,271.029 | -0.038,-0.007,0.003,-0.000
cam0 extrinsics = 0.499,0.503,0.496,0.501 | -0.046,0.012,-0.047
cam1 extrinsics = 0.499,0.503,0.499,0.500 | 0.063,0.013,-0.047
[34m[TIME]: 0.0060 seconds total (167.0 hz, 0.08 ms behind)
[0mq_GtoI = 0.059,-0.998,-0.013,0.034 | p_IinG = 1.175,20.351,-0.487 | dist = 34.14 (meters)
bg = 0.0008,-0.0001,-0.0002 | ba = 0.1033,0.0382,0.1540
camera-imu timeoffset = 0.00184
cam0 intrinsics = 350.581,350.267,368.247,253.180 | -0.037,-0.009,0.006,-0.002
cam1 intrinsics = 351.672,351.314,347.513,271.041 | -0.038,-0.007,0.003,-0.001
cam0 extrinsics = 0.499,0.503,0.496,0.501 | -0.046,0.012,-0.047
cam1 extrinsics = 0.499,0.503,0.499,0.500 | 0.063,0.013,-0.047
[34m[TIME]: 0.0098 seconds total (101.6 hz, 0.09 ms behind)
[0mq_GtoI = 0.037,-0.999,-0.021,0.026 | p_IinG = 1.150,20.370,-0.461 | dist = 34.18 (meters)
bg = 0.0008,-0.0001,-0.0002 | ba = 0.1033,0.0381,0.1540
camera-imu timeoffset = 0.00185
cam0 intrinsics = 350.578,350.258,368.252,253.177 | -0.037,-0.009,0.006,-0.002
cam1 intrinsics = 351.677,351.309,347.516,271.036 | -0.038,-0.007,0.003,-0.001
cam0 extrinsics = 0.499,0.503,0.496,0.501 | -0.046,0.012,-0.047
cam1 extrinsics = 0.499,0.503,0.499,0.500 | 0.063,0.013,-0.047
[34m[TIME]: 0.0087 seconds total (114.6 hz, 0.10 ms behind)
[0mq_GtoI = 0.016,-0.999,-0.032,0.029 | p_IinG = 1.130,20.389,-0.437 | dist = 34.22 (meters)
bg = 0.0008,-0.0001,-0.0002 | ba = 0.1032,0.0380,0.1540
camera-imu timeoffset = 0.00185
cam0 intrinsics = 350.581,350.262,368.250,253.189 | -0.037,-0.009,0.006,-0.002
cam1 intrinsics = 351.681,351.314,347.511,271.045 | -0.038,-0.007,0.003,-0.001
cam0 extrinsics = 0.499,0.503,0.496,0.501 | -0.046,0.012,-0.047
cam1 extrinsics = 0.499,0.503,0.499,0.500 | 0.063,0.013,-0.047
[34m[TIME]: 0.0072 seconds total (139.0 hz, 0.11 ms behind)
[0mq_GtoI = -0.002,-0.998,-0.042,0.036 | p_IinG = 1.112,20.407,-0.416 | dist = 34.25 (meters)
bg = 0.0007,-0.0001,-0.0002 | ba = 0.1031,0.0379,0.1540
camera-imu timeoffset = 0.00185
cam0 intrinsics = 350.583,350.252,368.246,253.192 | -0.037,-0.009,0.006,-0.002
cam1 intrinsics = 351.686,351.305,347.514,271.048 | -0.038,-0.007,0.003,-0.001
cam0 extrinsics = 0.499,0.503,0.496,0.501 | -0.046,0.012,-0.047
cam1 extrinsics = 0.499,0.503,0.499,0.500 | 0.063,0.012,-0.047
[34m[TIME]: 0.0119 seconds total (84.2 hz, 0.12 ms behind)
[0mq_GtoI = -0.017,-0.998,-0.051,0.040 | p_IinG = 1.092,20.425,-0.400 | dist = 34.28 (meters)
bg = 0.0007,-0.0001,-0.0002 | ba = 0.1030,0.0378,0.1541
camera-imu timeoffset = 0.00185
cam0 intrinsics = 350.586,350.253,368.233,253.198 | -0.037,-0.009,0.006,-0.002
cam1 intrinsics = 351.693,351.308,347.499,271.054 | -0.038,-0.007,0.003,-0.001
cam0 extrinsics = 0.499,0.503,0.496,0.501 | -0.046,0.012,-0.047
cam1 extrinsics = 0.499,0.503,0.499,0.500 | 0.063,0.012,-0.047
[34m[TIME]: 0.0096 seconds total (104.5 hz, 0.13 ms behind)
[0mq_GtoI = -0.030,-0.997,-0.060,0.040 | p_IinG = 1.069,20.442,-0.387 | dist = 34.31 (meters)
bg = 0.0007,-0.0001,-0.0002 | ba = 0.1030,0.0377,0.1541
camera-imu timeoffset = 0.00184
cam0 intrinsics = 350.592,350.246,368.225,253.215 | -0.037,-0.008,0.006,-0.002
cam1 intrinsics = 351.698,351.296,347.499,271.071 | -0.038,-0.007,0.003,-0.001
cam0 extrinsics = 0.499,0.503,0.496,0.501 | -0.046,0.012,-0.047
cam1 extrinsics = 0.499,0.503,0.499,0.500 | 0.063,0.012,-0.047
[34m[TIME]: 0.0113 seconds total (88.5 hz, 0.14 ms behind)
[0mq_GtoI = -0.039,-0.996,-0.067,0.039 | p_IinG = 1.046,20.456,-0.378 | dist = 34.34 (meters)
bg = 0.0007,-0.0001,-0.0002 | ba = 0.1029,0.0377,0.1541
camera-imu timeoffset = 0.00184
cam0 intrinsics = 350.594,350.245,368.218,253.215 | -0.038,-0.008,0.005,-0.001
cam1 intrinsics = 351.699,351.293,347.492,271.069 | -0.038,-0.007,0.003,-0.001
cam0 extrinsics = 0.499,0.503,0.496,0.501 | -0.046,0.012,-0.047
cam1 extrinsics = 0.499,0.503,0.499,0.500 | 0.063,0.012,-0.047
[34m[TIME]: 0.0062 seconds total (161.6 hz, 0.15 ms behind)
[0mq_GtoI = -0.042,-0.996,-0.068,0.041 | p_IinG = 1.021,20.467,-0.369 | dist = 34.37 (meters)
bg = 0.0007,-0.0001,-0.0002 | ba = 0.1029,0.0377,0.1541
camera-imu timeoffset = 0.00184
cam0 intrinsics = 350.594,350.244,368.209,253.220 | -0.037,-0.008,0.005,-0.001
cam1 intrinsics = 351.700,351.292,347.482,271.072 | -0.038,-0.007,0.003,-0.001
cam0 extrinsics = 0.499,0.503,0.496,0.501 | -0.046,0.012,-0.047
cam1 extrinsics = 0.499,0.503,0.499,0.500 | 0.063,0.012,-0.047
[34m[TIME]: 0.0081 seconds total (123.5 hz, 0.16 ms behind)
[0mq_GtoI = -0.036,-0.997,-0.059,0.043 | p_IinG = 0.995,20.473,-0.357 | dist = 34.40 (meters)
bg = 0.0007,-0.0001,-0.0002 | ba = 0.1028,0.0377,0.1541
camera-imu timeoffset = 0.00184
cam0 intrinsics = 350.594,350.253,368.202,253.214 | -0.037,-0.008,0.005,-0.001
cam1 intrinsics = 351.702,351.301,347.467,271.063 | -0.038,-0.007,0.003,-0.001
cam0 extrinsics = 0.499,0.503,0.496,0.501 | -0.046,0.011,-0.047
cam1 extrinsics = 0.499,0.503,0.499,0.500 | 0.063,0.012,-0.047
[34m[TIME]: 0.0067 seconds total (150.1 hz, 0.17 ms behind)
[0mq_GtoI = -0.023,-0.998,-0.050,0.038 | p_IinG = 0.969,20.472,-0.343 | dist = 34.43 (meters)
bg = 0.0007,-0.0001,-0.0002 | ba = 0.1028,0.0377,0.1541
camera-imu timeoffset = 0.00184
cam0 intrinsics = 350.594,350.254,368.200,253.209 | -0.037,-0.008,0.005,-0.001
cam1 intrinsics = 351.702,351.302,347.462,271.058 | -0.038,-0.007,0.003,-0.001
cam0 extrinsics = 0.499,0.503,0.496,0.501 | -0.046,0.011,-0.047
cam1 extrinsics = 0.499,0.503,0.499,0.500 | 0.063,0.012,-0.047
[34m[TIME]: 0.0082 seconds total (122.2 hz, 0.18 ms behind)
[0mq_GtoI = -0.007,-0.999,-0.048,0.024 | p_IinG = 0.942,20.463,-0.325 | dist = 34.46 (meters)
bg = 0.0007,-0.0001,-0.0002 | ba = 0.1028,0.0377,0.1541
camera-imu timeoffset = 0.00184
cam0 intrinsics = 350.594,350.255,368.200,253.204 | -0.038,-0.008,0.005,-0.001
cam1 intrinsics = 351.701,351.301,347.461,271.052 | -0.038,-0.007,0.003,-0.001
cam0 extrinsics = 0.499,0.503,0.496,0.501 | -0.046,0.011,-0.047
cam1 extrinsics = 0.499,0.503,0.499,0.500 | 0.063,0.012,-0.047
[34m[TIME]: 0.0062 seconds total (161.1 hz, 0.19 ms behind)
[0mq_GtoI = 0.014,-0.999,-0.042,0.016 | p_IinG = 0.918,20.450,-0.303 | dist = 34.49 (meters)
bg = 0.0007,-0.0001,-0.0002 | ba = 0.1028,0.0377,0.1541
camera-imu timeoffset = 0.00185
cam0 intrinsics = 350.594,350.254,368.202,253.201 | -0.038,-0.008,0.005,-0.001
cam1 intrinsics = 351.699,351.300,347.464,271.048 | -0.038,-0.007,0.003,-0.001
cam0 extrinsics = 0.499,0.503,0.496,0.501 | -0.046,0.011,-0.047
cam1 extrinsics = 0.499,0.503,0.499,0.500 | 0.062,0.012,-0.047
[34m[TIME]: 0.0083 seconds total (120.4 hz, 0.20 ms behind)
[0mq_GtoI = 0.038,-0.999,-0.033,0.016 | p_IinG = 0.896,20.432,-0.281 | dist = 34.53 (meters)
bg = 0.0007,-0.0001,-0.0003 | ba = 0.1028,0.0376,0.1541
camera-imu timeoffset = 0.00185
cam0 intrinsics = 350.593,350.253,368.209,253.198 | -0.038,-0.008,0.005,-0.001
cam1 intrinsics = 351.698,351.298,347.474,271.046 | -0.038,-0.007,0.003,-0.001
cam0 extrinsics = 0.499,0.503,0.496,0.501 | -0.046,0.011,-0.047
cam1 extrinsics = 0.499,0.503,0.499,0.500 | 0.062,0.012,-0.047
[34m[TIME]: 0.0078 seconds total (127.6 hz, 0.21 ms behind)
[0mq_GtoI = 0.057,-0.998,-0.024,0.018 | p_IinG = 0.875,20.414,-0.260 | dist = 34.56 (meters)
bg = 0.0007,-0.0001,-0.0003 | ba = 0.1028,0.0376,0.1541
camera-imu timeoffset = 0.00185
cam0 intrinsics = 350.586,350.244,368.219,253.194 | -0.037,-0.008,0.005,-0.001
cam1 intrinsics = 351.703,351.302,347.482,271.048 | -0.038,-0.007,0.003,-0.001
cam0 extrinsics = 0.499,0.503,0.496,0.501 | -0.046,0.011,-0.048
cam1 extrinsics = 0.499,0.503,0.499,0.500 | 0.062,0.012,-0.047
[34m[TIME]: 0.0080 seconds total (125.3 hz, 0.22 ms behind)
[0mq_GtoI = 0.072,-0.997,-0.017,0.020 | p_IinG = 0.851,20.395,-0.242 | dist = 34.60 (meters)
bg = 0.0007,-0.0001,-0.0003 | ba = 0.1028,0.0375,0.1541
camera-imu timeoffset = 0.00185
cam0 intrinsics = 350.591,350.246,368.230,253.196 | -0.038,-0.008,0.005,-0.001
cam1 intrinsics = 351.695,351.290,347.494,271.043 | -0.038,-0.007,0.003,-0.001
cam0 extrinsics = 0.499,0.503,0.496,0.501 | -0.047,0.011,-0.048
cam1 extrinsics = 0.499,0.503,0.499,0.500 | 0.062,0.012,-0.047
[34m[TIME]: 0.0068 seconds total (147.4 hz, 0.23 ms behind)
[0mq_GtoI = 0.084,-0.996,-0.010,0.024 | p_IinG = 0.824,20.377,-0.225 | dist = 34.63 (meters)
bg = 0.0007,-0.0000,-0.0003 | ba = 0.1027,0.0375,0.1541
camera-imu timeoffset = 0.00185
cam0 intrinsics = 350.575,350.235,368.224,253.181 | -0.037,-0.008,0.005,-0.001
cam1 intrinsics = 351.696,351.302,347.502,271.026 | -0.038,-0.007,0.003,-0.001
cam0 extrinsics = 0.500,0.503,0.496,0.501 | -0.047,0.011,-0.048
cam1 extrinsics = 0.499,0.503,0.499,0.500 | 0.062,0.012,-0.047
[34m[TIME]: 0.0095 seconds total (105.0 hz, 0.24 ms behind)
[0mq_GtoI = 0.092,-0.995,-0.002,0.032 | p_IinG = 0.801,20.362,-0.211 | dist = 34.66 (meters)
bg = 0.0007,-0.0000,-0.0003 | ba = 0.1027,0.0375,0.1541
camera-imu timeoffset = 0.00185
cam0 intrinsics = 350.574,350.234,368.225,253.180 | -0.037,-0.008,0.005,-0.001
cam1 intrinsics = 351.700,351.307,347.504,271.027 | -0.038,-0.007,0.003,-0.001
cam0 extrinsics = 0.500,0.503,0.496,0.501 | -0.047,0.011,-0.048
cam1 extrinsics = 0.499,0.503,0.499,0.500 | 0.062,0.012,-0.047
[34m[TIME]: 0.0099 seconds total (100.9 hz, 0.00 ms behind)
[0mq_GtoI = 0.098,-0.994,0.004,0.040 | p_IinG = 0.774,20.350,-0.196 | dist = 34.69 (meters)
bg = 0.0007,-0.0000,-0.0003 | ba = 0.1027,0.0374,0.1541
camera-imu timeoffset = 0.00185
cam0 intrinsics = 350.575,350.247,368.228,253.177 | -0.037,-0.008,0.005,-0.001
cam1 intrinsics = 351.703,351.324,347.511,271.025 | -0.038,-0.007,0.003,-0.001
cam0 extrinsics = 0.500,0.503,0.496,0.501 | -0.047,0.011,-0.048
cam1 extrinsics = 0.499,0.503,0.499,0.500 | 0.062,0.012,-0.047
[34m[TIME]: 0.0078 seconds total (128.4 hz, 0.01 ms behind)
[0mq_GtoI = 0.098,-0.994,0.003,0.045 | p_IinG = 0.752,20.342,-0.179 | dist = 34.72 (meters)
bg = 0.0007,-0.0000,-0.0003 | ba = 0.1027,0.0374,0.1541
camera-imu timeoffset = 0.00185
cam0 intrinsics = 350.571,350.245,368.221,253.179 | -0.037,-0.008,0.005,-0.001
cam1 intrinsics = 351.707,351.328,347.507,271.028 | -0.038,-0.007,0.003,-0.001
cam0 extrinsics = 0.500,0.503,0.496,0.501 | -0.047,0.011,-0.048
cam1 extrinsics = 0.499,0.503,0.499,0.500 | 0.062,0.012,-0.047
[34m[TIME]: 0.0097 seconds total (103.2 hz, 0.02 ms behind)
[0mq_GtoI = 0.092,-0.994,-0.012,0.049 | p_IinG = 0.729,20.335,-0.159 | dist = 34.75 (meters)
bg = 0.0007,-0.0000,-0.0003 | ba = 0.1027,0.0374,0.1541
camera-imu timeoffset = 0.00185
cam0 intrinsics = 350.568,350.247,368.224,253.176 | -0.037,-0.008,0.005,-0.001
cam1 intrinsics = 351.709,351.335,347.511,271.026 | -0.038,-0.007,0.003,-0.001
cam0 extrinsics = 0.500,0.503,0.496,0.501 | -0.047,0.011,-0.048
cam1 extrinsics = 0.499,0.503,0.499,0.500 | 0.062,0.012,-0.047
[34m[TIME]: 0.0078 seconds total (128.2 hz, 0.04 ms behind)
[0mq_GtoI = 0.082,-0.995,-0.026,0.052 | p_IinG = 0.708,20.333,-0.138 | dist = 34.78 (meters)
bg = 0.0007,-0.0000,-0.0003 | ba = 0.1027,0.0374,0.1541
camera-imu timeoffset = 0.00185
cam0 intrinsics = 350.566,350.248,368.228,253.177 | -0.037,-0.008,0.005,-0.001
cam1 intrinsics = 351.710,351.340,347.515,271.026 | -0.038,-0.007,0.003,-0.001
cam0 extrinsics = 0.500,0.503,0.496,0.501 | -0.047,0.011,-0.048
cam1 extrinsics = 0.499,0.503,0.499,0.500 | 0.062,0.012,-0.047
[34m[TIME]: 0.0069 seconds total (145.7 hz, 0.05 ms behind)
[0mq_GtoI = 0.071,-0.996,-0.029,0.043 | p_IinG = 0.686,20.337,-0.114 | dist = 34.81 (meters)
bg = 0.0008,-0.0000,-0.0003 | ba = 0.1027,0.0374,0.1541
camera-imu timeoffset = 0.00185
cam0 intrinsics = 350.563,350.248,368.231,253.175 | -0.037,-0.008,0.005,-0.001
cam1 intrinsics = 351.711,351.344,347.515,271.025 | -0.038,-0.007,0.003,-0.001
cam0 extrinsics = 0.500,0.503,0.496,0.501 | -0.047,0.011,-0.048
cam1 extrinsics = 0.499,0.503,0.499,0.500 | 0.062,0.012,-0.047
[34m[TIME]: 0.0077 seconds total (130.5 hz, 0.06 ms behind)
[0mq_GtoI = 0.055,-0.997,-0.033,0.032 | p_IinG = 0.663,20.344,-0.090 | dist = 34.85 (meters)
bg = 0.0008,-0.0000,-0.0003 | ba = 0.1027,0.0373,0.1541
camera-imu timeoffset = 0.00184
cam0 intrinsics = 350.560,350.244,368.242,253.174 | -0.037,-0.008,0.005,-0.001
cam1 intrinsics = 351.711,351.341,347.527,271.024 | -0.038,-0.007,0.003,-0.001
cam0 extrinsics = 0.500,0.503,0.496,0.501 | -0.047,0.011,-0.048
cam1 extrinsics = 0.499,0.503,0.499,0.500 | 0.062,0.012,-0.047
[34m[TIME]: 0.0084 seconds total (119.3 hz, 0.07 ms behind)
[0mq_GtoI = 0.039,-0.998,-0.040,0.027 | p_IinG = 0.641,20.351,-0.066 | dist = 34.88 (meters)
bg = 0.0007,-0.0000,-0.0003 | ba = 0.1027,0.0373,0.1541
camera-imu timeoffset = 0.00184
cam0 intrinsics = 350.556,350.235,368.244,253.172 | -0.037,-0.008,0.005,-0.001
cam1 intrinsics = 351.712,351.334,347.525,271.021 | -0.038,-0.007,0.003,-0.001
cam0 extrinsics = 0.500,0.503,0.496,0.501 | -0.047,0.011,-0.048
cam1 extrinsics = 0.499,0.503,0.499,0.500 | 0.062,0.012,-0.047
[34m[TIME]: 0.0093 seconds total (107.5 hz, 0.08 ms behind)
[0mq_GtoI = 0.025,-0.998,-0.048,0.026 | p_IinG = 0.620,20.359,-0.045 | dist = 34.91 (meters)
bg = 0.0007,-0.0000,-0.0003 | ba = 0.1027,0.0372,0.1541
camera-imu timeoffset = 0.00184
cam0 intrinsics = 350.555,350.236,368.244,253.178 | -0.037,-0.008,0.005,-0.001
cam1 intrinsics = 351.712,351.335,347.524,271.028 | -0.038,-0.007,0.003,-0.001
cam0 extrinsics = 0.500,0.503,0.496,0.501 | -0.047,0.011,-0.048
cam1 extrinsics = 0.499,0.503,0.499,0.500 | 0.062,0.012,-0.047
[34m[TIME]: 0.0108 seconds total (92.5 hz, 0.09 ms behind)
[0mq_GtoI = 0.015,-0.998,-0.054,0.028 | p_IinG = 0.601,20.368,-0.027 | dist = 34.94 (meters)
bg = 0.0007,-0.0000,-0.0003 | ba = 0.1026,0.0372,0.1541
camera-imu timeoffset = 0.00184
cam0 intrinsics = 350.556,350.241,368.235,253.173 | -0.037,-0.009,0.005,-0.001
cam1 intrinsics = 351.715,351.339,347.506,271.023 | -0.038,-0.007,0.003,-0.001
cam0 extrinsics = 0.500,0.503,0.496,0.501 | -0.047,0.011,-0.048
cam1 extrinsics = 0.499,0.503,0.499,0.500 | 0.062,0.012,-0.047
[34m[TIME]: 0.0089 seconds total (112.6 hz, 0.10 ms behind)
[0mq_GtoI = 0.007,-0.998,-0.060,0.033 | p_IinG = 0.580,20.375,-0.013 | dist = 34.96 (meters)
bg = 0.0007,-0.0000,-0.0003 | ba = 0.1026,0.0373,0.1541
camera-imu timeoffset = 0.00184
cam0 intrinsics = 350.554,350.239,368.225,253.162 | -0.037,-0.009,0.005,-0.001
cam1 intrinsics = 351.714,351.337,347.498,271.014 | -0.038,-0.007,0.003,-0.001
cam0 extrinsics = 0.500,0.503,0.496,0.501 | -0.047,0.011,-0.048
cam1 extrinsics = 0.499,0.503,0.499,0.500 | 0.062,0.012,-0.047
[34m[TIME]: 0.0106 seconds total (94.7 hz, 0.11 ms behind)
[0mq_GtoI = -0.001,-0.997,-0.065,0.040 | p_IinG = 0.558,20.382,-0.005 | dist = 34.99 (meters)
bg = 0.0007,-0.0000,-0.0003 | ba = 0.1025,0.0373,0.1541
camera-imu timeoffset = 0.00184
cam0 intrinsics = 350.552,350.244,368.222,253.152 | -0.037,-0.009,0.005,-0.001
cam1 intrinsics = 351.713,351.343,347.494,271.004 | -0.038,-0.007,0.003,-0.001
cam0 extrinsics = 0.500,0.503,0.496,0.501 | -0.047,0.011,-0.048
cam1 extrinsics = 0.499,0.503,0.499,0.500 | 0.062,0.012,-0.047
[34m[TIME]: 0.0084 seconds total (118.4 hz, 0.12 ms behind)
[0mq_GtoI = -0.008,-0.997,-0.067,0.046 | p_IinG = 0.536,20.388,0.002 | dist = 35.01 (meters)
bg = 0.0007,-0.0000,-0.0003 | ba = 0.1025,0.0374,0.1541
camera-imu timeoffset = 0.00184
cam0 intrinsics = 350.551,350.248,368.215,253.144 | -0.037,-0.009,0.005,-0.001
cam1 intrinsics = 351.714,351.347,347.486,270.996 | -0.038,-0.007,0.003,-0.001
cam0 extrinsics = 0.500,0.503,0.496,0.501 | -0.047,0.011,-0.048
cam1 extrinsics = 0.499,0.503,0.499,0.500 | 0.062,0.012,-0.047
[34m[TIME]: 0.0061 seconds total (162.7 hz, 0.13 ms behind)
[0mq_GtoI = -0.011,-0.996,-0.070,0.052 | p_IinG = 0.513,20.392,0.008 | dist = 35.04 (meters)
bg = 0.0007,-0.0000,-0.0003 | ba = 0.1026,0.0374,0.1541
camera-imu timeoffset = 0.00184
cam0 intrinsics = 350.553,350.257,368.206,253.144 | -0.037,-0.009,0.005,-0.001
cam1 intrinsics = 351.715,351.355,347.487,270.990 | -0.038,-0.007,0.003,-0.001
cam0 extrinsics = 0.500,0.503,0.496,0.501 | -0.047,0.011,-0.047
cam1 extrinsics = 0.499,0.503,0.499,0.500 | 0.062,0.012,-0.047
[34m[TIME]: 0.0073 seconds total (136.2 hz, 0.14 ms behind)
[0mq_GtoI = -0.007,-0.996,-0.066,0.056 | p_IinG = 0.489,20.392,0.018 | dist = 35.06 (meters)
bg = 0.0007,-0.0000,-0.0003 | ba = 0.1025,0.0374,0.1541
camera-imu timeoffset = 0.00184
cam0 intrinsics = 350.552,350.257,368.204,253.138 | -0.037,-0.009,0.005,-0.001
cam1 intrinsics = 351.716,351.357,347.487,270.984 | -0.037,-0.007,0.003,-0.001
cam0 extrinsics = 0.500,0.503,0.496,0.501 | -0.047,0.011,-0.047
cam1 extrinsics = 0.499,0.503,0.499,0.500 | 0.062,0.012,-0.047
[34m[TIME]: 0.0077 seconds total (130.7 hz, 0.15 ms behind)
[0mq_GtoI = 0.005,-0.997,-0.052,0.057 | p_IinG = 0.465,20.391,0.031 | dist = 35.09 (meters)
bg = 0.0007,-0.0000,-0.0003 | ba = 0.1025,0.0374,0.1541
camera-imu timeoffset = 0.00184
cam0 intrinsics = 350.551,350.261,368.202,253.130 | -0.037,-0.009,0.005,-0.001
cam1 intrinsics = 351.716,351.361,347.488,270.977 | -0.037,-0.007,0.003,-0.001
cam0 extrinsics = 0.500,0.503,0.496,0.501 | -0.047,0.011,-0.047
cam1 extrinsics = 0.499,0.503,0.499,0.500 | 0.062,0.012,-0.047
[34m[TIME]: 0.0069 seconds total (145.5 hz, 0.16 ms behind)
[0mq_GtoI = 0.016,-0.998,-0.047,0.045 | p_IinG = 0.440,20.385,0.048 | dist = 35.12 (meters)
bg = 0.0007,-0.0000,-0.0003 | ba = 0.1026,0.0374,0.1541
camera-imu timeoffset = 0.00184
cam0 intrinsics = 350.548,350.266,368.196,253.119 | -0.037,-0.009,0.005,-0.001
cam1 intrinsics = 351.715,351.368,347.483,270.968 | -0.037,-0.007,0.003,-0.001
cam0 extrinsics = 0.500,0.503,0.496,0.501 | -0.047,0.011,-0.047
cam1 extrinsics = 0.499,0.503,0.499,0.500 | 0.062,0.012,-0.047
[34m[TIME]: 0.0063 seconds total (158.6 hz, 0.17 ms behind)
[0mq_GtoI = 0.028,-0.998,-0.046,0.029 | p_IinG = 0.416,20.376,0.069 | dist = 35.15 (meters)
bg = 0.0007,-0.0000,-0.0003 | ba = 0.1026,0.0374,0.1540
camera-imu timeoffset = 0.00184
cam0 intrinsics = 350.547,350.267,368.195,253.117 | -0.037,-0.009,0.006,-0.002
cam1 intrinsics = 351.715,351.370,347.482,270.965 | -0.037,-0.007,0.003,-0.001
cam0 extrinsics = 0.500,0.503,0.496,0.501 | -0.047,0.011,-0.047
cam1 extrinsics = 0.499,0.503,0.499,0.500 | 0.062,0.012,-0.047
[34m[TIME]: 0.0085 seconds total (117.9 hz, 0.18 ms behind)
[0mq_GtoI = 0.042,-0.998,-0.041,0.023 | p_IinG = 0.394,20.365,0.092 | dist = 35.19 (meters)
bg = 0.0007,-0.0000,-0.0003 | ba = 0.1026,0.0374,0.1540
camera-imu timeoffset = 0.00184
cam0 intrinsics = 350.546,350.267,368.201,253.114 | -0.037,-0.009,0.006,-0.002
cam1 intrinsics = 351.715,351.371,347.487,270.962 | -0.037,-0.007,0.003,-0.001
cam0 extrinsics = 0.500,0.503,0.496,0.501 | -0.047,0.011,-0.047
cam1 extrinsics = 0.499,0.503,0.499,0.500 | 0.062,0.011,-0.047
[34m[TIME]: 0.0076 seconds total (130.8 hz, 0.19 ms behind)
[0mq_GtoI = 0.054,-0.998,-0.035,0.026 | p_IinG = 0.375,20.351,0.114 | dist = 35.22 (meters)
bg = 0.0007,-0.0000,-0.0003 | ba = 0.1026,0.0374,0.1540
camera-imu timeoffset = 0.00184
cam0 intrinsics = 350.545,350.268,368.209,253.109 | -0.037,-0.009,0.006,-0.002
cam1 intrinsics = 351.716,351.375,347.494,270.959 | -0.037,-0.007,0.003,-0.001
cam0 extrinsics = 0.500,0.503,0.496,0.501 | -0.047,0.011,-0.048
cam1 extrinsics = 0.499,0.503,0.499,0.500 | 0.062,0.011,-0.047
[34m[TIME]: 0.0069 seconds total (145.0 hz, 0.20 ms behind)
[0mq_GtoI = 0.063,-0.997,-0.030,0.029 | p_IinG = 0.355,20.337,0.133 | dist = 35.25 (meters)
bg = 0.0007,-0.0000,-0.0003 | ba = 0.1025,0.0374,0.1540
camera-imu timeoffset = 0.00184
cam0 intrinsics = 350.540,350.262,368.220,253.107 | -0.037,-0.009,0.005,-0.002
cam1 intrinsics = 351.720,351.378,347.500,270.957 | -0.038,-0.007,0.003,-0.001
cam0 extrinsics = 0.500,0.503,0.496,0.501 | -0.047,0.011,-0.048
cam1 extrinsics = 0.499,0.503,0.499,0.500 | 0.062,0.011,-0.047
[34m[TIME]: 0.0124 seconds total (80.7 hz, 0.21 ms behind)
[0mq_GtoI = 0.069,-0.997,-0.026,0.033 | p_IinG = 0.335,20.323,0.149 | dist = 35.28 (meters)
bg = 0.0007,-0.0000,-0.0003 | ba = 0.1025,0.0374,0.1540
camera-imu timeoffset = 0.00184
cam0 intrinsics = 350.540,350.264,368.224,253.107 | -0.037,-0.009,0.005,-0.002
cam1 intrinsics = 351.724,351.384,347.503,270.957 | -0.038,-0.007,0.003,-0.001
cam0 extrinsics = 0.500,0.503,0.496,0.501 | -0.047,0.011,-0.048
cam1 extrinsics = 0.499,0.503,0.499,0.500 | 0.062,0.011,-0.047
[34m[TIME]: 0.0078 seconds total (127.7 hz, 0.22 ms behind)
[0mq_GtoI = 0.070,-0.997,-0.025,0.038 | p_IinG = 0.314,20.309,0.160 | dist = 35.31 (meters)
bg = 0.0007,-0.0000,-0.0003 | ba = 0.1026,0.0374,0.1540
camera-imu timeoffset = 0.00184
cam0 intrinsics = 350.540,350.266,368.225,253.111 | -0.037,-0.009,0.005,-0.001
cam1 intrinsics = 351.725,351.390,347.510,270.958 | -0.038,-0.007,0.003,-0.001
cam0 extrinsics = 0.500,0.503,0.496,0.501 | -0.047,0.011,-0.048
cam1 extrinsics = 0.499,0.503,0.499,0.500 | 0.062,0.011,-0.047
[34m[TIME]: 0.0067 seconds total (150.1 hz, 0.23 ms behind)
[0mq_GtoI = 0.067,-0.997,-0.024,0.042 | p_IinG = 0.292,20.298,0.168 | dist = 35.33 (meters)
bg = 0.0007,-0.0000,-0.0003 | ba = 0.1026,0.0373,0.1540
camera-imu timeoffset = 0.00184
cam0 intrinsics = 350.541,350.264,368.227,253.115 | -0.037,-0.009,0.005,-0.002
cam1 intrinsics = 351.726,351.389,347.512,270.962 | -0.038,-0.007,0.003,-0.001
cam0 extrinsics = 0.500,0.503,0.496,0.501 | -0.047,0.011,-0.048
cam1 extrinsics = 0.499,0.503,0.499,0.500 | 0.062,0.011,-0.047
[34m[TIME]: 0.0089 seconds total (111.9 hz, 0.24 ms behind)
[0mq_GtoI = 0.063,-0.997,-0.016,0.044 | p_IinG = 0.270,20.290,0.175 | dist = 35.36 (meters)
bg = 0.0007,-0.0000,-0.0003 | ba = 0.1026,0.0373,0.1540
camera-imu timeoffset = 0.00184
cam0 intrinsics = 350.540,350.259,368.230,253.117 | -0.037,-0.009,0.005,-0.002
cam1 intrinsics = 351.730,351.387,347.508,270.967 | -0.038,-0.007,0.003,-0.001
cam0 extrinsics = 0.500,0.503,0.496,0.501 | -0.047,0.011,-0.048
cam1 extrinsics = 0.499,0.503,0.499,0.500 | 0.062,0.011,-0.047
[34m[TIME]: 0.0103 seconds total (96.8 hz, 0.00 ms behind)
[0mq_GtoI = 0.055,-0.997,-0.008,0.045 | p_IinG = 0.246,20.286,0.184 | dist = 35.38 (meters)
bg = 0.0007,-0.0000,-0.0003 | ba = 0.1025,0.0373,0.1541
camera-imu timeoffset = 0.00184
cam0 intrinsics = 350.537,350.251,368.212,253.120 | -0.037,-0.009,0.006,-0.002
cam1 intrinsics = 351.730,351.383,347.497,270.971 | -0.038,-0.007,0.003,-0.001
cam0 extrinsics = 0.500,0.503,0.496,0.501 | -0.047,0.011,-0.048
cam1 extrinsics = 0.499,0.503,0.499,0.500 | 0.062,0.011,-0.047
[34m[TIME]: 0.0099 seconds total (100.9 hz, 0.01 ms behind)
[0mq_GtoI = 0.040,-0.998,-0.010,0.047 | p_IinG = 0.223,20.282,0.196 | dist = 35.41 (meters)
bg = 0.0007,-0.0000,-0.0004 | ba = 0.1025,0.0373,0.1541
camera-imu timeoffset = 0.00184
cam0 intrinsics = 350.536,350.248,368.215,253.121 | -0.037,-0.009,0.006,-0.002
cam1 intrinsics = 351.732,351.383,347.501,270.968 | -0.038,-0.007,0.003,-0.001
cam0 extrinsics = 0.500,0.503,0.496,0.501 | -0.047,0.011,-0.048
cam1 extrinsics = 0.499,0.503,0.499,0.500 | 0.062,0.011,-0.047
[34m[TIME]: 0.0079 seconds total (126.7 hz, 0.03 ms behind)
[0mq_GtoI = 0.021,-0.999,-0.017,0.044 | p_IinG = 0.200,20.281,0.212 | dist = 35.44 (meters)
bg = 0.0007,-0.0000,-0.0004 | ba = 0.1025,0.0373,0.1541
camera-imu timeoffset = 0.00184
cam0 intrinsics = 350.536,350.245,368.217,253.122 | -0.037,-0.009,0.006,-0.002
cam1 intrinsics = 351.736,351.383,347.500,270.969 | -0.038,-0.007,0.003,-0.001
cam0 extrinsics = 0.500,0.503,0.496,0.501 | -0.047,0.011,-0.048
cam1 extrinsics = 0.499,0.503,0.499,0.500 | 0.062,0.011,-0.047
[34m[TIME]: 0.0086 seconds total (116.6 hz, 0.04 ms behind)
[0mq_GtoI = 0.003,-0.999,-0.024,0.031 | p_IinG = 0.177,20.283,0.231 | dist = 35.47 (meters)
bg = 0.0007,-0.0000,-0.0004 | ba = 0.1024,0.0373,0.1541
camera-imu timeoffset = 0.00184
cam0 intrinsics = 350.538,350.247,368.221,253.123 | -0.037,-0.009,0.006,-0.002
cam1 intrinsics = 351.741,351.385,347.499,270.971 | -0.038,-0.007,0.003,-0.001
cam0 extrinsics = 0.500,0.503,0.496,0.501 | -0.047,0.011,-0.048
cam1 extrinsics = 0.499,0.503,0.499,0.500 | 0.062,0.011,-0.047
[34m[TIME]: 0.0076 seconds total (131.5 hz, 0.05 ms behind)
[0mq_GtoI = -0.017,-0.999,-0.035,0.021 | p_IinG = 0.153,20.288,0.253 | dist = 35.50 (meters)
bg = 0.0007,-0.0000,-0.0004 | ba = 0.1024,0.0373,0.1541
camera-imu timeoffset = 0.00184
cam0 intrinsics = 350.539,350.246,368.220,253.128 | -0.037,-0.009,0.006,-0.002
cam1 intrinsics = 351.745,351.386,347.496,270.974 | -0.038,-0.007,0.003,-0.001
cam0 extrinsics = 0.500,0.503,0.496,0.501 | -0.047,0.011,-0.048
cam1 extrinsics = 0.499,0.503,0.499,0.500 | 0.062,0.011,-0.047
[34m[TIME]: 0.0081 seconds total (123.7 hz, 0.06 ms behind)
[0mq_GtoI = -0.033,-0.998,-0.043,0.017 | p_IinG = 0.130,20.296,0.274 | dist = 35.53 (meters)
bg = 0.0007,-0.0000,-0.0004 | ba = 0.1024,0.0373,0.1541
camera-imu timeoffset = 0.00184
cam0 intrinsics = 350.540,350.248,368.219,253.134 | -0.037,-0.009,0.006,-0.002
cam1 intrinsics = 351.749,351.391,347.495,270.980 | -0.038,-0.007,0.003,-0.001
cam0 extrinsics = 0.500,0.503,0.496,0.501 | -0.047,0.011,-0.048
cam1 extrinsics = 0.499,0.503,0.499,0.500 | 0.062,0.011,-0.047
[34m[TIME]: 0.0073 seconds total (136.2 hz, 0.07 ms behind)
[0mq_GtoI = -0.047,-0.998,-0.048,0.017 | p_IinG = 0.108,20.305,0.294 | dist = 35.56 (meters)
bg = 0.0007,-0.0000,-0.0004 | ba = 0.1024,0.0373,0.1541
camera-imu timeoffset = 0.00184
cam0 intrinsics = 350.541,350.249,368.215,253.143 | -0.037,-0.009,0.006,-0.002
cam1 intrinsics = 351.752,351.394,347.493,270.987 | -0.038,-0.007,0.003,-0.001
cam0 extrinsics = 0.500,0.503,0.496,0.501 | -0.047,0.011,-0.048
cam1 extrinsics = 0.499,0.503,0.499,0.500 | 0.062,0.011,-0.047
[34m[TIME]: 0.0085 seconds total (118.0 hz, 0.08 ms behind)
[0mq_GtoI = -0.060,-0.997,-0.055,0.017 | p_IinG = 0.085,20.316,0.309 | dist = 35.59 (meters)
bg = 0.0007,0.0000,-0.0003 | ba = 0.1024,0.0373,0.1541
camera-imu timeoffset = 0.00184
cam0 intrinsics = 350.542,350.251,368.210,253.155 | -0.037,-0.009,0.006,-0.002
cam1 intrinsics = 351.756,351.397,347.486,270.997 | -0.038,-0.007,0.003,-0.001
cam0 extrinsics = 0.500,0.503,0.496,0.501 | -0.047,0.011,-0.048
cam1 extrinsics = 0.499,0.503,0.499,0.500 | 0.062,0.011,-0.047
[34m[TIME]: 0.0078 seconds total (128.7 hz, 0.09 ms behind)
[0mq_GtoI = -0.071,-0.995,-0.060,0.019 | p_IinG = 0.062,20.326,0.320 | dist = 35.62 (meters)
bg = 0.0007,0.0000,-0.0003 | ba = 0.1023,0.0374,0.1541
camera-imu timeoffset = 0.00184
cam0 intrinsics = 350.543,350.254,368.207,253.168 | -0.037,-0.009,0.006,-0.002
cam1 intrinsics = 351.760,351.403,347.478,271.010 | -0.038,-0.007,0.003,-0.001
cam0 extrinsics = 0.500,0.503,0.496,0.501 | -0.047,0.011,-0.048
cam1 extrinsics = 0.499,0.503,0.499,0.500 | 0.062,0.011,-0.047
[34m[TIME]: 0.0091 seconds total (109.7 hz, 0.10 ms behind)
[0mq_GtoI = -0.083,-0.994,-0.063,0.023 | p_IinG = 0.040,20.336,0.326 | dist = 35.65 (meters)
bg = 0.0007,0.0000,-0.0003 | ba = 0.1023,0.0374,0.1541
camera-imu timeoffset = 0.00184
cam0 intrinsics = 350.543,350.257,368.195,253.172 | -0.037,-0.009,0.006,-0.002
cam1 intrinsics = 351.760,351.405,347.468,271.015 | -0.038,-0.007,0.003,-0.001
cam0 extrinsics = 0.500,0.503,0.496,0.501 | -0.047,0.011,-0.048
cam1 extrinsics = 0.499,0.503,0.499,0.500 | 0.062,0.011,-0.047
[34m[TIME]: 0.0095 seconds total (105.5 hz, 0.11 ms behind)
[0mq_GtoI = -0.095,-0.993,-0.063,0.026 | p_IinG = 0.017,20.346,0.328 | dist = 35.67 (meters)
bg = 0.0007,0.0000,-0.0003 | ba = 0.1023,0.0374,0.1541
camera-imu timeoffset = 0.00184
cam0 intrinsics = 350.542,350.258,368.184,253.174 | -0.037,-0.009,0.005,-0.001
cam1 intrinsics = 351.759,351.404,347.458,271.016 | -0.038,-0.007,0.003,-0.001
cam0 extrinsics = 0.500,0.503,0.496,0.501 | -0.047,0.011,-0.048
cam1 extrinsics = 0.499,0.503,0.499,0.500 | 0.062,0.011,-0.047
[34m[TIME]: 0.0067 seconds total (149.6 hz, 0.12 ms behind)
[0mq_GtoI = -0.102,-0.993,-0.061,0.025 | p_IinG = -0.007,20.355,0.332 | dist = 35.70 (meters)
bg = 0.0007,-0.0000,-0.0003 | ba = 0.1023,0.0374,0.1541
camera-imu timeoffset = 0.00184
cam0 intrinsics = 350.541,350.257,368.179,253.178 | -0.037,-0.009,0.005,-0.001
cam1 intrinsics = 351.760,351.407,347.450,271.020 | -0.038,-0.007,0.003,-0.001
cam0 extrinsics = 0.500,0.503,0.496,0.501 | -0.047,0.011,-0.048
cam1 extrinsics = 0.499,0.503,0.499,0.500 | 0.062,0.011,-0.047
[34m[TIME]: 0.0085 seconds total (117.2 hz, 0.13 ms behind)
[0mq_GtoI = -0.101,-0.993,-0.055,0.020 | p_IinG = -0.032,20.362,0.338 | dist = 35.72 (meters)
bg = 0.0007,-0.0000,-0.0003 | ba = 0.1023,0.0373,0.1541
camera-imu timeoffset = 0.00184
cam0 intrinsics = 350.540,350.257,368.173,253.184 | -0.037,-0.009,0.005,-0.001
cam1 intrinsics = 351.762,351.409,347.443,271.023 | -0.038,-0.007,0.003,-0.001
cam0 extrinsics = 0.500,0.503,0.496,0.501 | -0.047,0.011,-0.048
cam1 extrinsics = 0.499,0.503,0.499,0.500 | 0.062,0.011,-0.047
[34m[TIME]: 0.0068 seconds total (147.3 hz, 0.14 ms behind)
[0mq_GtoI = -0.090,-0.995,-0.048,0.013 | p_IinG = -0.057,20.365,0.349 | dist = 35.75 (meters)
bg = 0.0007,-0.0000,-0.0003 | ba = 0.1023,0.0373,0.1541
camera-imu timeoffset = 0.00185
cam0 intrinsics = 350.540,350.258,368.170,253.187 | -0.037,-0.009,0.005,-0.001
cam1 intrinsics = 351.766,351.414,347.436,271.025 | -0.038,-0.007,0.003,-0.001
cam0 extrinsics = 0.500,0.503,0.496,0.501 | -0.047,0.011,-0.048
cam1 extrinsics = 0.499,0.503,0.499,0.500 | 0.062,0.011,-0.047
[34m[TIME]: 0.0099 seconds total (101.3 hz, 0.15 ms behind)
[0mq_GtoI = 0.079,0.996,0.047,0.004 | p_IinG = -0.082,20.365,0.366 | dist = 35.78 (meters)
bg = 0.0007,-0.0000,-0.0003 | ba = 0.1024,0.0373,0.1541
camera-imu timeoffset = 0.00185
cam0 intrinsics = 350.542,350.260,368.169,253.189 | -0.037,-0.009,0.005,-0.001
cam1 intrinsics = 351.768,351.416,347.434,271.025 | -0.038,-0.007,0.003,-0.001
cam0 extrinsics = 0.500,0.503,0.496,0.501 | -0.047,0.011,-0.048
cam1 extrinsics = 0.499,0.503,0.499,0.500 | 0.062,0.011,-0.047
[34m[TIME]: 0.0075 seconds total (133.6 hz, 0.16 ms behind)
[0mq_GtoI = 0.069,0.996,0.043,0.022 | p_IinG = -0.106,20.364,0.388 | dist = 35.82 (meters)
bg = 0.0007,-0.0000,-0.0003 | ba = 0.1023,0.0373,0.1541
camera-imu timeoffset = 0.00185
cam0 intrinsics = 350.544,350.265,368.167,253.194 | -0.037,-0.009,0.005,-0.001
cam1 intrinsics = 351.769,351.422,347.431,271.028 | -0.038,-0.007,0.003,-0.001
cam0 extrinsics = 0.500,0.503,0.496,0.501 | -0.047,0.011,-0.048
cam1 extrinsics = 0.499,0.503,0.499,0.500 | 0.062,0.011,-0.047
[34m[TIME]: 0.0086 seconds total (116.5 hz, 0.17 ms behind)
[0mq_GtoI = 0.058,0.997,0.032,0.025 | p_IinG = -0.128,20.362,0.414 | dist = 35.85 (meters)
bg = 0.0007,-0.0000,-0.0003 | ba = 0.1023,0.0373,0.1541
camera-imu timeoffset = 0.00184
cam0 intrinsics = 350.544,350.268,368.162,253.198 | -0.037,-0.009,0.005,-0.001
cam1 intrinsics = 351.769,351.426,347.426,271.030 | -0.038,-0.007,0.003,-0.001
cam0 extrinsics = 0.500,0.503,0.496,0.501 | -0.047,0.011,-0.048
cam1 extrinsics = 0.499,0.503,0.499,0.500 | 0.062,0.011,-0.047
[34m[TIME]: 0.0065 seconds total (155.0 hz, 0.18 ms behind)
[0mq_GtoI = 0.049,0.998,0.026,0.018 | p_IinG = -0.150,20.357,0.439 | dist = 35.89 (meters)
bg = 0.0007,-0.0000,-0.0003 | ba = 0.1023,0.0373,0.1540
camera-imu timeoffset = 0.00184
cam0 intrinsics = 350.544,350.263,368.155,253.199 | -0.037,-0.009,0.005,-0.001
cam1 intrinsics = 351.769,351.422,347.418,271.030 | -0.038,-0.007,0.003,-0.001
cam0 extrinsics = 0.500,0.503,0.496,0.501 | -0.047,0.011,-0.048
cam1 extrinsics = 0.499,0.503,0.499,0.500 | 0.062,0.011,-0.047
[34m[TIME]: 0.0085 seconds total (117.2 hz, 0.19 ms behind)
[0mq_GtoI = 0.041,0.999,0.023,0.010 | p_IinG = -0.173,20.350,0.462 | dist = 35.92 (meters)
bg = 0.0008,-0.0000,-0.0004 | ba = 0.1023,0.0373,0.1540
camera-imu timeoffset = 0.00184
cam0 intrinsics = 350.547,350.260,368.152,253.201 | -0.037,-0.009,0.005,-0.001
cam1 intrinsics = 351.772,351.418,347.411,271.033 | -0.038,-0.007,0.003,-0.001
cam0 extrinsics = 0.500,0.503,0.496,0.501 | -0.047,0.011,-0.048
cam1 extrinsics = 0.499,0.503,0.499,0.500 | 0.062,0.011,-0.047
[34m[TIME]: 0.0095 seconds total (105.5 hz, 0.20 ms behind)
[0mq_GtoI = 0.035,0.999,0.020,0.006 | p_IinG = -0.199,20.345,0.480 | dist = 35.95 (meters)
bg = 0.0008,-0.0000,-0.0004 | ba = 0.1023,0.0373,0.1540
camera-imu timeoffset = 0.00184
cam0 intrinsics = 350.546,350.255,368.148,253.203 | -0.037,-0.009,0.005,-0.001
cam1 intrinsics = 351.773,351.415,347.405,271.034 | -0.038,-0.007,0.003,-0.001
cam0 extrinsics = 0.500,0.503,0.496,0.501 | -0.047,0.011,-0.048
cam1 extrinsics = 0.499,0.503,0.499,0.500 | 0.062,0.011,-0.047
[34m[TIME]: 0.0068 seconds total (147.3 hz, 0.21 ms behind)
[0mq_GtoI = 0.031,0.999,0.013,0.003 | p_IinG = -0.226,20.343,0.494 | dist = 35.98 (meters)
bg = 0.0008,-0.0000,-0.0004 | ba = 0.1023,0.0373,0.1540
camera-imu timeoffset = 0.00184
cam0 intrinsics = 350.545,350.251,368.144,253.205 | -0.037,-0.009,0.005,-0.001
cam1 intrinsics = 351.775,351.413,347.401,271.034 | -0.038,-0.007,0.003,-0.001
cam0 extrinsics = 0.500,0.503,0.496,0.501 | -0.047,0.011,-0.048
cam1 extrinsics = 0.499,0.503,0.499,0.500 | 0.062,0.011,-0.047
[34m[TIME]: 0.0092 seconds total (108.7 hz, 0.22 ms behind)
[0mq_GtoI = 0.032,0.999,0.001,0.000 | p_IinG = -0.253,20.346,0.507 | dist = 36.01 (meters)
bg = 0.0008,-0.0000,-0.0004 | ba = 0.1023,0.0373,0.1540
camera-imu timeoffset = 0.00184
cam0 intrinsics = 350.545,350.251,368.141,253.211 | -0.037,-0.009,0.005,-0.001
cam1 intrinsics = 351.774,351.413,347.395,271.037 | -0.038,-0.007,0.003,-0.001
cam0 extrinsics = 0.500,0.503,0.496,0.501 | -0.047,0.010,-0.048
cam1 extrinsics = 0.499,0.503,0.499,0.500 | 0.062,0.011,-0.047
[34m[TIME]: 0.0068 seconds total (147.0 hz, 0.23 ms behind)
[0mq_GtoI = -0.039,-0.999,0.012,0.001 | p_IinG = -0.282,20.356,0.519 | dist = 36.05 (meters)
bg = 0.0008,-0.0001,-0.0004 | ba = 0.1024,0.0373,0.1540
camera-imu timeoffset = 0.00184
cam0 intrinsics = 350.544,350.251,368.138,253.213 | -0.037,-0.009,0.005,-0.001
cam1 intrinsics = 351.775,351.414,347.390,271.037 | -0.038,-0.007,0.003,-0.001
cam0 extrinsics = 0.500,0.503,0.496,0.501 | -0.047,0.010,-0.048
cam1 extrinsics = 0.499,0.503,0.499,0.500 | 0.062,0.011,-0.047
[34m[TIME]: 0.0073 seconds total (136.8 hz, 0.24 ms behind)
[0mq_GtoI = 0.053,0.998,-0.024,0.001 | p_IinG = -0.311,20.372,0.532 | dist = 36.08 (meters)
bg = 0.0008,-0.0001,-0.0004 | ba = 0.1024,0.0372,0.1540
camera-imu timeoffset = 0.00184
cam0 intrinsics = 350.542,350.251,368.137,253.213 | -0.037,-0.009,0.005,-0.001
cam1 intrinsics = 351.776,351.416,347.387,271.038 | -0.038,-0.007,0.003,-0.001
cam0 extrinsics = 0.500,0.503,0.496,0.501 | -0.047,0.010,-0.048
cam1 extrinsics = 0.499,0.503,0.499,0.500 | 0.062,0.011,-0.047
[34m[TIME]: 0.0071 seconds total (141.3 hz, 0.00 ms behind)
[0mq_GtoI = 0.078,0.997,-0.025,0.007 | p_IinG = -0.339,20.395,0.547 | dist = 36.12 (meters)
bg = 0.0008,-0.0001,-0.0004 | ba = 0.1024,0.0372,0.1540
camera-imu timeoffset = 0.00184
cam0 intrinsics = 350.542,350.256,368.138,253.216 | -0.037,-0.009,0.006,-0.001
cam1 intrinsics = 351.777,351.421,347.387,271.042 | -0.038,-0.008,0.003,-0.001
cam0 extrinsics = 0.500,0.503,0.496,0.501 | -0.047,0.010,-0.048
cam1 extrinsics = 0.499,0.503,0.499,0.500 | 0.062,0.011,-0.047
[34m[TIME]: 0.0078 seconds total (128.2 hz, 0.01 ms behind)
[0mq_GtoI = 0.105,0.994,-0.023,0.016 | p_IinG = -0.364,20.425,0.563 | dist = 36.16 (meters)
bg = 0.0008,-0.0001,-0.0004 | ba = 0.1024,0.0371,0.1539
camera-imu timeoffset = 0.00183
cam0 intrinsics = 350.537,350.257,368.144,253.224 | -0.036,-0.009,0.006,-0.001
cam1 intrinsics = 351.776,351.425,347.388,271.048 | -0.038,-0.008,0.004,-0.001
cam0 extrinsics = 0.500,0.503,0.496,0.501 | -0.047,0.010,-0.048
cam1 extrinsics = 0.499,0.503,0.499,0.500 | 0.062,0.011,-0.047
[34m[TIME]: 0.0095 seconds total (104.9 hz, 0.03 ms behind)
[0mq_GtoI = 0.134,0.991,-0.018,0.027 | p_IinG = -0.386,20.460,0.582 | dist = 36.21 (meters)
bg = 0.0008,-0.0001,-0.0004 | ba = 0.1025,0.0370,0.1539
camera-imu timeoffset = 0.00183
cam0 intrinsics = 350.537,350.256,368.140,253.228 | -0.036,-0.009,0.006,-0.001
cam1 intrinsics = 351.777,351.424,347.380,271.051 | -0.037,-0.008,0.004,-0.001
cam0 extrinsics = 0.500,0.503,0.496,0.501 | -0.047,0.010,-0.048
cam1 extrinsics = 0.499,0.503,0.499,0.500 | 0.062,0.011,-0.047
[34m[TIME]: 0.0075 seconds total (133.7 hz, 0.04 ms behind)
[0mq_GtoI = 0.164,0.986,-0.015,0.032 | p_IinG = -0.403,20.500,0.601 | dist = 36.26 (meters)
bg = 0.0008,-0.0001,-0.0004 | ba = 0.1025,0.0369,0.1539
camera-imu timeoffset = 0.00183
cam0 intrinsics = 350.538,350.255,368.135,253.235 | -0.036,-0.009,0.006,-0.001
cam1 intrinsics = 351.777,351.421,347.368,271.059 | -0.037,-0.008,0.004,-0.001
cam0 extrinsics = 0.500,0.503,0.496,0.501 | -0.047,0.010,-0.048
cam1 extrinsics = 0.499,0.502,0.499,0.500 | 0.062,0.011,-0.047
[34m[TIME]: 0.0078 seconds total (128.9 hz, 0.05 ms behind)
[0mq_GtoI = 0.193,0.981,-0.009,0.028 | p_IinG = -0.415,20.543,0.620 | dist = 36.31 (meters)
bg = 0.0008,-0.0001,-0.0004 | ba = 0.1025,0.0369,0.1539
camera-imu timeoffset = 0.00183
cam0 intrinsics = 350.537,350.258,368.136,253.242 | -0.036,-0.010,0.006,-0.001
cam1 intrinsics = 351.777,351.426,347.358,271.067 | -0.037,-0.008,0.004,-0.001
cam0 extrinsics = 0.500,0.503,0.496,0.501 | -0.047,0.010,-0.048
cam1 extrinsics = 0.499,0.502,0.499,0.500 | 0.062,0.011,-0.047
[34m[TIME]: 0.0100 seconds total (100.4 hz, 0.06 ms behind)
[0mq_GtoI = 0.218,0.976,-0.002,0.017 | p_IinG = -0.425,20.588,0.635 | dist = 36.35 (meters)
bg = 0.0008,-0.0001,-0.0004 | ba = 0.1025,0.0369,0.1539
camera-imu timeoffset = 0.00183
cam0 intrinsics = 350.538,350.259,368.135,253.246 | -0.036,-0.009,0.006,-0.001
cam1 intrinsics = 351.777,351.425,347.350,271.073 | -0.037,-0.008,0.004,-0.001
cam0 extrinsics = 0.500,0.503,0.496,0.501 | -0.047,0.010,-0.048
cam1 extrinsics = 0.499,0.502,0.499,0.500 | 0.062,0.011,-0.047
[34m[TIME]: 0.0096 seconds total (104.5 hz, 0.07 ms behind)
[0mq_GtoI = 0.238,0.971,0.004,0.007 | p_IinG = -0.435,20.634,0.646 | dist = 36.40 (meters)
bg = 0.0008,-0.0001,-0.0004 | ba = 0.1024,0.0369,0.1539
camera-imu timeoffset = 0.00183
cam0 intrinsics = 350.540,350.258,368.134,253.248 | -0.036,-0.009,0.006,-0.001
cam1 intrinsics = 351.778,351.423,347.340,271.077 | -0.037,-0.008,0.004,-0.001
cam0 extrinsics = 0.500,0.503,0.496,0.501 | -0.047,0.010,-0.048
cam1 extrinsics = 0.499,0.502,0.499,0.500 | 0.062,0.011,-0.047
[34m[TIME]: 0.0094 seconds total (106.2 hz, 0.08 ms behind)
[0mq_GtoI = -0.253,-0.967,-0.008,0.001 | p_IinG = -0.446,20.681,0.653 | dist = 36.45 (meters)
bg = 0.0008,-0.0001,-0.0004 | ba = 0.1024,0.0369,0.1539
camera-imu timeoffset = 0.00183
cam0 intrinsics = 350.541,350.255,368.127,253.241 | -0.036,-0.009,0.006,-0.001
cam1 intrinsics = 351.780,351.418,347.327,271.070 | -0.037,-0.008,0.004,-0.001
cam0 extrinsics = 0.500,0.503,0.496,0.501 | -0.047,0.010,-0.048
cam1 extrinsics = 0.499,0.502,0.499,0.500 | 0.062,0.011,-0.047
[34m[TIME]: 0.0088 seconds total (113.7 hz, 0.09 ms behind)
[0mq_GtoI = -0.268,-0.963,-0.013,0.006 | p_IinG = -0.458,20.728,0.656 | dist = 36.50 (meters)
bg = 0.0008,-0.0001,-0.0004 | ba = 0.1024,0.0369,0.1539
camera-imu timeoffset = 0.00183
cam0 intrinsics = 350.543,350.258,368.125,253.251 | -0.036,-0.009,0.006,-0.001
cam1 intrinsics = 351.781,351.419,347.322,271.078 | -0.037,-0.008,0.004,-0.001
cam0 extrinsics = 0.500,0.503,0.496,0.502 | -0.047,0.010,-0.048
cam1 extrinsics = 0.499,0.502,0.499,0.500 | 0.062,0.011,-0.047
[34m[TIME]: 0.0075 seconds total (133.5 hz, 0.10 ms behind)
[0mq_GtoI = -0.280,-0.960,-0.024,0.011 | p_IinG = -0.470,20.774,0.657 | dist = 36.55 (meters)
bg = 0.0008,-0.0001,-0.0004 | ba = 0.1024,0.0370,0.1539
camera-imu timeoffset = 0.00183
cam0 intrinsics = 350.542,350.260,368.125,253.249 | -0.036,-0.009,0.006,-0.001
cam1 intrinsics = 351.778,351.421,347.331,271.077 | -0.037,-0.008,0.004,-0.001
cam0 extrinsics = 0.500,0.503,0.496,0.502 | -0.047,0.010,-0.048
cam1 extrinsics = 0.499,0.502,0.499,0.500 | 0.062,0.011,-0.047
[34m[TIME]: 0.0055 seconds total (181.7 hz, 0.11 ms behind)
[0mq_GtoI = -0.286,-0.958,-0.031,0.022 | p_IinG = -0.482,20.820,0.656 | dist = 36.60 (meters)
bg = 0.0008,-0.0001,-0.0004 | ba = 0.1024,0.0370,0.1538
camera-imu timeoffset = 0.00183
cam0 intrinsics = 350.543,350.263,368.123,253.247 | -0.036,-0.009,0.006,-0.001
cam1 intrinsics = 351.778,351.424,347.329,271.075 | -0.037,-0.008,0.004,-0.001
cam0 extrinsics = 0.500,0.503,0.496,0.502 | -0.047,0.010,-0.048
cam1 extrinsics = 0.499,0.502,0.499,0.500 | 0.062,0.011,-0.047
[34m[TIME]: 0.0056 seconds total (178.1 hz, 0.12 ms behind)
[0mq_GtoI = -0.287,-0.957,-0.030,0.036 | p_IinG = -0.493,20.865,0.654 | dist = 36.64 (meters)
bg = 0.0008,-0.0001,-0.0004 | ba = 0.1025,0.0371,0.1538
camera-imu timeoffset = 0.00183
cam0 intrinsics = 350.542,350.264,368.123,253.246 | -0.036,-0.009,0.006,-0.001
cam1 intrinsics = 351.778,351.426,347.329,271.075 | -0.037,-0.008,0.004,-0.001
cam0 extrinsics = 0.500,0.503,0.496,0.502 | -0.047,0.010,-0.048
cam1 extrinsics = 0.499,0.502,0.499,0.500 | 0.062,0.011,-0.047
[34m[TIME]: 0.0094 seconds total (106.4 hz, 0.13 ms behind)
[0mq_GtoI = -0.282,-0.958,-0.021,0.048 | p_IinG = -0.506,20.910,0.650 | dist = 36.69 (meters)
bg = 0.0008,-0.0001,-0.0004 | ba = 0.1025,0.0371,0.1538
camera-imu timeoffset = 0.00183
cam0 intrinsics = 350.542,350.264,368.124,253.246 | -0.036,-0.009,0.006,-0.001
cam1 intrinsics = 351.778,351.426,347.331,271.076 | -0.037,-0.008,0.004,-0.001
cam0 extrinsics = 0.500,0.503,0.496,0.502 | -0.047,0.010,-0.048
cam1 extrinsics = 0.499,0.502,0.499,0.500 | 0.062,0.011,-0.047
[34m[TIME]: 0.0052 seconds total (191.9 hz, 0.14 ms behind)
[0mq_GtoI = -0.277,-0.959,-0.012,0.053 | p_IinG = -0.521,20.954,0.644 | dist = 36.73 (meters)
bg = 0.0008,-0.0001,-0.0004 | ba = 0.1025,0.0371,0.1538
camera-imu timeoffset = 0.00183
cam0 intrinsics = 350.543,350.270,368.116,253.241 | -0.036,-0.009,0.006,-0.001
cam1 intrinsics = 351.779,351.431,347.327,271.073 | -0.037,-0.008,0.004,-0.001
cam0 extrinsics = 0.500,0.503,0.496,0.502 | -0.047,0.010,-0.048
cam1 extrinsics = 0.499,0.502,0.499,0.500 | 0.062,0.011,-0.047
[34m[TIME]: 0.0050 seconds total (199.7 hz, 0.15 ms behind)
[0mq_GtoI = -0.274,-0.960,-0.007,0.051 | p_IinG = -0.538,20.994,0.633 | dist = 36.78 (meters)
bg = 0.0008,-0.0001,-0.0004 | ba = 0.1025,0.0372,0.1538
camera-imu timeoffset = 0.00183
cam0 intrinsics = 350.543,350.273,368.114,253.243 | -0.036,-0.009,0.006,-0.001
cam1 intrinsics = 351.779,351.435,347.326,271.076 | -0.037,-0.008,0.004,-0.001
cam0 extrinsics = 0.500,0.503,0.496,0.502 | -0.047,0.010,-0.048
cam1 extrinsics = 0.499,0.502,0.499,0.500 | 0.062,0.011,-0.047
[34m[TIME]: 0.0039 seconds total (259.7 hz, 0.16 ms behind)
[0mq_GtoI = -0.275,-0.960,-0.004,0.043 | p_IinG = -0.557,21.032,0.621 | dist = 36.82 (meters)
bg = 0.0008,-0.0001,-0.0004 | ba = 0.1025,0.0372,0.1538
camera-imu timeoffset = 0.00183
cam0 intrinsics = 350.543,350.277,368.112,253.245 | -0.036,-0.009,0.006,-0.001
cam1 intrinsics = 351.780,351.440,347.325,271.077 | -0.037,-0.008,0.004,-0.001
cam0 extrinsics = 0.500,0.503,0.496,0.502 | -0.047,0.010,-0.047
cam1 extrinsics = 0.499,0.502,0.499,0.500 | 0.062,0.011,-0.047
[34m[TIME]: 0.0059 seconds total (169.0 hz, 0.17 ms behind)
[0mq_GtoI = -0.278,-0.960,-0.000,0.034 | p_IinG = -0.574,21.067,0.607 | dist = 36.86 (meters)
bg = 0.0008,-0.0001,-0.0004 | ba = 0.1025,0.0373,0.1538
camera-imu timeoffset = 0.00183
cam0 intrinsics = 350.543,350.283,368.107,253.246 | -0.036,-0.009,0.006,-0.001
cam1 intrinsics = 351.780,351.445,347.322,271.077 | -0.037,-0.008,0.004,-0.001
cam0 extrinsics = 0.500,0.503,0.496,0.502 | -0.047,0.010,-0.047
cam1 extrinsics = 0.499,0.502,0.499,0.500 | 0.062,0.011,-0.047
[34m[TIME]: 0.0049 seconds total (204.6 hz, 0.18 ms behind)
[0mq_GtoI = -0.282,-0.959,0.007,0.027 | p_IinG = -0.589,21.099,0.595 | dist = 36.90 (meters)
bg = 0.0008,-0.0001,-0.0004 | ba = 0.1025,0.0375,0.1538
camera-imu timeoffset = 0.00183
cam0 intrinsics = 350.544,350.288,368.099,253.250 | -0.037,-0.009,0.005,-0.001
cam1 intrinsics = 351.781,351.450,347.315,271.080 | -0.037,-0.008,0.004,-0.001
cam0 extrinsics = 0.500,0.503,0.496,0.502 | -0.047,0.010,-0.047
cam1 extrinsics = 0.499,0.502,0.499,0.500 | 0.062,0.011,-0.047
[34m[TIME]: 0.0048 seconds total (209.0 hz, 0.19 ms behind)
[0mq_GtoI = -0.283,-0.959,0.016,0.020 | p_IinG = -0.606,21.125,0.582 | dist = 36.93 (meters)
bg = 0.0008,-0.0000,-0.0004 | ba = 0.1026,0.0377,0.1538
camera-imu timeoffset = 0.00183
cam0 intrinsics = 350.542,350.297,368.089,253.245 | -0.037,-0.009,0.005,-0.001
cam1 intrinsics = 351.780,351.461,347.307,271.076 | -0.037,-0.008,0.004,-0.001
cam0 extrinsics = 0.500,0.503,0.496,0.502 | -0.047,0.010,-0.048
cam1 extrinsics = 0.499,0.502,0.499,0.500 | 0.062,0.011,-0.047
[34m[TIME]: 0.0043 seconds total (230.3 hz, 0.20 ms behind)
[0mq_GtoI = -0.281,-0.959,0.024,0.013 | p_IinG = -0.619,21.147,0.569 | dist = 36.96 (meters)
bg = 0.0008,-0.0000,-0.0004 | ba = 0.1026,0.0379,0.1537
camera-imu timeoffset = 0.00183
cam0 intrinsics = 350.541,350.301,368.082,253.242 | -0.037,-0.009,0.005,-0.001
cam1 intrinsics = 351.778,351.465,347.301,271.073 | -0.037,-0.008,0.004,-0.001
cam0 extrinsics = 0.500,0.503,0.496,0.502 | -0.047,0.010,-0.048
cam1 extrinsics = 0.499,0.502,0.499,0.500 | 0.062,0.011,-0.047
[34m[TIME]: 0.0044 seconds total (228.2 hz, 0.21 ms behind)
[0mq_GtoI = -0.278,-0.960,0.032,0.007 | p_IinG = -0.628,21.163,0.559 | dist = 36.98 (meters)
bg = 0.0008,0.0000,-0.0004 | ba = 0.1027,0.0380,0.1537
camera-imu timeoffset = 0.00183
cam0 intrinsics = 350.539,350.298,368.079,253.237 | -0.037,-0.009,0.005,-0.001
cam1 intrinsics = 351.777,351.461,347.298,271.068 | -0.037,-0.008,0.004,-0.001
cam0 extrinsics = 0.500,0.503,0.496,0.502 | -0.047,0.010,-0.048
cam1 extrinsics = 0.499,0.502,0.499,0.500 | 0.062,0.011,-0.047
[34m[TIME]: 0.0046 seconds total (216.1 hz, 0.22 ms behind)
[0mq_GtoI = -0.277,-0.960,0.032,0.004 | p_IinG = -0.635,21.175,0.550 | dist = 37.00 (meters)
bg = 0.0008,0.0000,-0.0004 | ba = 0.1028,0.0381,0.1537
camera-imu timeoffset = 0.00183
cam0 intrinsics = 350.538,350.298,368.078,253.238 | -0.037,-0.009,0.005,-0.001
cam1 intrinsics = 351.776,351.460,347.298,271.068 | -0.037,-0.008,0.004,-0.001
cam0 extrinsics = 0.500,0.503,0.496,0.502 | -0.047,0.010,-0.048
cam1 extrinsics = 0.499,0.502,0.499,0.500 | 0.062,0.011,-0.047
[34m[TIME]: 0.0040 seconds total (247.0 hz, 0.23 ms behind)
[0mq_GtoI = -0.278,-0.960,0.024,0.002 | p_IinG = -0.641,21.183,0.541 | dist = 37.01 (meters)
bg = 0.0009,0.0000,-0.0004 | ba = 0.1029,0.0381,0.1538
camera-imu timeoffset = 0.00183
cam0 intrinsics = 350.541,350.292,368.076,253.237 | -0.037,-0.009,0.005,-0.001
cam1 intrinsics = 351.779,351.455,347.297,271.068 | -0.037,-0.008,0.004,-0.001
cam0 extrinsics = 0.500,0.503,0.496,0.502 | -0.047,0.010,-0.048
cam1 extrinsics = 0.499,0.502,0.499,0.500 | 0.062,0.011,-0.047
[34m[TIME]: 0.0065 seconds total (154.6 hz, 0.24 ms behind)
[0mq_GtoI = 0.278,0.960,-0.019,0.000 | p_IinG = -0.645,21.189,0.533 | dist = 37.02 (meters)
bg = 0.0009,0.0000,-0.0004 | ba = 0.1031,0.0382,0.1538
camera-imu timeoffset = 0.00183
cam0 intrinsics = 350.547,350.278,368.070,253.237 | -0.037,-0.009,0.005,-0.001
cam1 intrinsics = 351.785,351.442,347.298,271.072 | -0.037,-0.008,0.004,-0.001
cam0 extrinsics = 0.500,0.503,0.496,0.502 | -0.047,0.010,-0.047
cam1 extrinsics = 0.499,0.502,0.499,0.500 | 0.062,0.011,-0.047
[34m[TIME]: 0.0070 seconds total (143.1 hz, 0.00 ms behind)
[0mq_GtoI = 0.276,0.961,-0.017,0.004 | p_IinG = -0.650,21.193,0.525 | dist = 37.03 (meters)
bg = 0.0009,0.0001,-0.0004 | ba = 0.1032,0.0382,0.1538
camera-imu timeoffset = 0.00184
cam0 intrinsics = 350.550,350.271,368.070,253.234 | -0.037,-0.009,0.005,-0.001
cam1 intrinsics = 351.787,351.433,347.299,271.070 | -0.037,-0.008,0.004,-0.001
cam0 extrinsics = 0.500,0.503,0.496,0.502 | -0.047,0.011,-0.047
cam1 extrinsics = 0.499,0.502,0.499,0.500 | 0.062,0.011,-0.047
[34m[TIME]: 0.0061 seconds total (164.3 hz, 0.01 ms behind)
[0mq_GtoI = 0.270,0.963,-0.024,0.006 | p_IinG = -0.653,21.197,0.522 | dist = 37.04 (meters)
bg = 0.0009,0.0001,-0.0004 | ba = 0.1034,0.0383,0.1539
camera-imu timeoffset = 0.00184
cam0 intrinsics = 350.551,350.263,368.073,253.231 | -0.037,-0.009,0.005,-0.001
cam1 intrinsics = 351.786,351.422,347.300,271.070 | -0.037,-0.008,0.004,-0.001
cam0 extrinsics = 0.500,0.503,0.496,0.502 | -0.047,0.011,-0.047
cam1 extrinsics = 0.499,0.502,0.499,0.500 | 0.062,0.011,-0.047
[34m[TIME]: 0.0061 seconds total (164.8 hz, 0.03 ms behind)
[0mq_GtoI = 0.265,0.964,-0.028,0.005 | p_IinG = -0.655,21.199,0.521 | dist = 37.05 (meters)
bg = 0.0009,0.0001,-0.0004 | ba = 0.1035,0.0383,0.1539
camera-imu timeoffset = 0.00184
cam0 intrinsics = 350.552,350.260,368.074,253.235 | -0.037,-0.009,0.005,-0.001
cam1 intrinsics = 351.786,351.417,347.303,271.075 | -0.037,-0.008,0.004,-0.001
cam0 extrinsics = 0.500,0.503,0.496,0.502 | -0.047,0.011,-0.047
cam1 extrinsics = 0.499,0.502,0.499,0.500 | 0.062,0.011,-0.047
[34m[TIME]: 0.0049 seconds total (202.6 hz, 0.04 ms behind)
[0mq_GtoI = 0.265,0.964,-0.022,0.001 | p_IinG = -0.656,21.199,0.522 | dist = 37.05 (meters)
bg = 0.0009,0.0000,-0.0004 | ba = 0.1036,0.0383,0.1540
camera-imu timeoffset = 0.00184
cam0 intrinsics = 350.554,350.255,368.074,253.241 | -0.037,-0.009,0.005,-0.001
cam1 intrinsics = 351.789,351.414,347.298,271.082 | -0.037,-0.008,0.004,-0.001
cam0 extrinsics = 0.500,0.503,0.496,0.502 | -0.047,0.011,-0.047
cam1 extrinsics = 0.499,0.502,0.499,0.500 | 0.062,0.011,-0.047
[34m[TIME]: 0.0073 seconds total (136.4 hz, 0.05 ms behind)
[0mq_GtoI = -0.265,-0.964,0.018,0.005 | p_IinG = -0.656,21.200,0.524 | dist = 37.05 (meters)
bg = 0.0010,0.0000,-0.0004 | ba = 0.1037,0.0383,0.1540
camera-imu timeoffset = 0.00184
cam0 intrinsics = 350.553,350.255,368.077,253.245 | -0.037,-0.009,0.005,-0.001
cam1 intrinsics = 351.787,351.413,347.302,271.086 | -0.037,-0.008,0.004,-0.001
cam0 extrinsics = 0.500,0.503,0.496,0.502 | -0.047,0.011,-0.047
cam1 extrinsics = 0.499,0.502,0.499,0.500 | 0.062,0.011,-0.047
[34m[TIME]: 0.0061 seconds total (163.3 hz, 0.06 ms behind)
[0mq_GtoI = -0.266,-0.964,0.015,0.009 | p_IinG = -0.656,21.201,0.525 | dist = 37.06 (meters)
bg = 0.0010,0.0000,-0.0004 | ba = 0.1038,0.0383,0.1540
camera-imu timeoffset = 0.00184
cam0 intrinsics = 350.554,350.256,368.077,253.251 | -0.037,-0.009,0.005,-0.001
cam1 intrinsics = 351.789,351.414,347.301,271.092 | -0.037,-0.008,0.004,-0.001
cam0 extrinsics = 0.500,0.503,0.496,0.502 | -0.047,0.011,-0.047
cam1 extrinsics = 0.499,0.502,0.499,0.500 | 0.062,0.011,-0.047
[34m[TIME]: 0.0093 seconds total (107.6 hz, 0.07 ms behind)
[0mq_GtoI = -0.264,-0.964,0.015,0.008 | p_IinG = -0.658,21.201,0.523 | dist = 37.06 (meters)
bg = 0.0010,0.0000,-0.0004 | ba = 0.1038,0.0383,0.1541
camera-imu timeoffset = 0.00184
cam0 intrinsics = 350.554,350.258,368.077,253.253 | -0.037,-0.009,0.005,-0.001
cam1 intrinsics = 351.787,351.415,347.303,271.095 | -0.037,-0.008,0.004,-0.001
cam0 extrinsics = 0.500,0.503,0.496,0.502 | -0.047,0.011,-0.047
cam1 extrinsics = 0.499,0.502,0.499,0.500 | 0.062,0.011,-0.047
[34m[TIME]: 0.0059 seconds total (170.6 hz, 0.08 ms behind)
[0mq_GtoI = -0.263,-0.964,0.021,0.005 | p_IinG = -0.660,21.201,0.520 | dist = 37.06 (meters)
bg = 0.0010,0.0000,-0.0004 | ba = 0.1039,0.0383,0.1541
camera-imu timeoffset = 0.00184
cam0 intrinsics = 350.555,350.262,368.078,253.252 | -0.037,-0.008,0.005,-0.001
cam1 intrinsics = 351.785,351.415,347.303,271.098 | -0.037,-0.008,0.004,-0.001
cam0 extrinsics = 0.500,0.503,0.496,0.502 | -0.047,0.011,-0.047
cam1 extrinsics = 0.499,0.502,0.499,0.500 | 0.062,0.011,-0.047
[34m[TIME]: 0.0101 seconds total (99.0 hz, 0.09 ms behind)
[0mq_GtoI = -0.265,-0.964,0.022,0.003 | p_IinG = -0.660,21.202,0.518 | dist = 37.07 (meters)
bg = 0.0010,0.0000,-0.0004 | ba = 0.1039,0.0382,0.1541
camera-imu timeoffset = 0.00184
cam0 intrinsics = 350.554,350.262,368.078,253.252 | -0.037,-0.008,0.005,-0.001
cam1 intrinsics = 351.785,351.416,347.302,271.099 | -0.037,-0.008,0.004,-0.001
cam0 extrinsics = 0.500,0.503,0.496,0.502 | -0.047,0.011,-0.047
cam1 extrinsics = 0.499,0.502,0.499,0.500 | 0.062,0.011,-0.047
[34m[TIME]: 0.0080 seconds total (125.7 hz, 0.10 ms behind)
[0mq_GtoI = -0.264,-0.964,0.020,0.002 | p_IinG = -0.658,21.203,0.517 | dist = 37.07 (meters)
bg = 0.0010,0.0000,-0.0004 | ba = 0.1039,0.0382,0.1541
camera-imu timeoffset = 0.00184
cam0 intrinsics = 350.554,350.263,368.077,253.252 | -0.037,-0.008,0.005,-0.001
cam1 intrinsics = 351.785,351.416,347.302,271.100 | -0.037,-0.008,0.004,-0.001
cam0 extrinsics = 0.500,0.503,0.496,0.502 | -0.047,0.011,-0.047
cam1 extrinsics = 0.499,0.502,0.499,0.500 | 0.062,0.011,-0.047
[34m[TIME]: 0.0064 seconds total (157.3 hz, 0.11 ms behind)
[0mq_GtoI = -0.263,-0.965,0.017,0.004 | p_IinG = -0.656,21.203,0.517 | dist = 37.07 (meters)
bg = 0.0010,0.0000,-0.0004 | ba = 0.1039,0.0382,0.1541
camera-imu timeoffset = 0.00184
cam0 intrinsics = 350.551,350.260,368.076,253.252 | -0.037,-0.009,0.005,-0.001
cam1 intrinsics = 351.787,351.419,347.302,271.096 | -0.038,-0.008,0.004,-0.001
cam0 extrinsics = 0.500,0.503,0.496,0.502 | -0.047,0.011,-0.047
cam1 extrinsics = 0.499,0.502,0.499,0.500 | 0.062,0.011,-0.047
[34m[TIME]: 0.0076 seconds total (132.3 hz, 0.12 ms behind)
[0mq_GtoI = -0.265,-0.964,0.018,0.007 | p_IinG = -0.654,21.203,0.516 | dist = 37.07 (meters)
bg = 0.0010,-0.0000,-0.0004 | ba = 0.1039,0.0382,0.1541
camera-imu timeoffset = 0.00184
cam0 intrinsics = 350.551,350.260,368.075,253.250 | -0.037,-0.008,0.005,-0.001
cam1 intrinsics = 351.787,351.419,347.302,271.095 | -0.038,-0.008,0.004,-0.001
cam0 extrinsics = 0.500,0.503,0.496,0.502 | -0.047,0.011,-0.047
cam1 extrinsics = 0.499,0.502,0.499,0.500 | 0.062,0.011,-0.047
[34m[TIME]: 0.0074 seconds total (135.9 hz, 0.13 ms behind)
[0mq_GtoI = -0.268,-0.963,0.020,0.007 | p_IinG = -0.653,21.204,0.516 | dist = 37.07 (meters)
bg = 0.0010,-0.0000,-0.0004 | ba = 0.1039,0.0381,0.1542
camera-imu timeoffset = 0.00184
cam0 intrinsics = 350.551,350.261,368.076,253.248 | -0.037,-0.008,0.005,-0.001
cam1 intrinsics = 351.786,351.419,347.303,271.095 | -0.038,-0.008,0.004,-0.001
cam0 extrinsics = 0.500,0.503,0.496,0.502 | -0.047,0.011,-0.047
cam1 extrinsics = 0.499,0.502,0.499,0.500 | 0.062,0.011,-0.047
[34m[TIME]: 0.0072 seconds total (138.2 hz, 0.14 ms behind)
[0mq_GtoI = -0.268,-0.963,0.021,0.007 | p_IinG = -0.653,21.204,0.515 | dist = 37.07 (meters)
bg = 0.0010,-0.0000,-0.0004 | ba = 0.1039,0.0381,0.1542
camera-imu timeoffset = 0.00184
cam0 intrinsics = 350.552,350.261,368.076,253.247 | -0.037,-0.008,0.005,-0.001
cam1 intrinsics = 351.786,351.419,347.303,271.095 | -0.038,-0.008,0.004,-0.001
cam0 extrinsics = 0.500,0.503,0.496,0.502 | -0.047,0.011,-0.047
cam1 extrinsics = 0.499,0.502,0.499,0.500 | 0.062,0.011,-0.047
[34m[TIME]: 0.0074 seconds total (135.9 hz, 0.15 ms behind)
[0mq_GtoI = -0.268,-0.963,0.020,0.005 | p_IinG = -0.653,21.205,0.514 | dist = 37.07 (meters)
bg = 0.0010,-0.0000,-0.0004 | ba = 0.1039,0.0381,0.1542
camera-imu timeoffset = 0.00184
cam0 intrinsics = 350.552,350.262,368.076,253.246 | -0.037,-0.008,0.005,-0.001
cam1 intrinsics = 351.787,351.420,347.303,271.094 | -0.038,-0.008,0.004,-0.001
cam0 extrinsics = 0.500,0.503,0.496,0.502 | -0.047,0.011,-0.047
cam1 extrinsics = 0.499,0.502,0.499,0.500 | 0.062,0.011,-0.047
[34m[TIME]: 0.0054 seconds total (185.8 hz, 0.16 ms behind)
[0mq_GtoI = -0.266,-0.964,0.020,0.003 | p_IinG = -0.654,21.205,0.513 | dist = 37.07 (meters)
bg = 0.0010,-0.0000,-0.0004 | ba = 0.1039,0.0381,0.1542
camera-imu timeoffset = 0.00184
cam0 intrinsics = 350.553,350.263,368.076,253.244 | -0.037,-0.008,0.005,-0.001
cam1 intrinsics = 351.787,351.420,347.303,271.094 | -0.038,-0.008,0.004,-0.001
cam0 extrinsics = 0.500,0.503,0.496,0.502 | -0.047,0.011,-0.047
cam1 extrinsics = 0.499,0.502,0.499,0.500 | 0.062,0.011,-0.047
[34m[TIME]: 0.0090 seconds total (111.0 hz, 0.17 ms behind)
[0mq_GtoI = -0.266,-0.964,0.021,0.002 | p_IinG = -0.655,21.206,0.512 | dist = 37.08 (meters)
bg = 0.0010,-0.0000,-0.0004 | ba = 0.1039,0.0381,0.1542
camera-imu timeoffset = 0.00184
cam0 intrinsics = 350.554,350.264,368.076,253.244 | -0.037,-0.008,0.005,-0.001
cam1 intrinsics = 351.787,351.421,347.303,271.094 | -0.038,-0.008,0.004,-0.001
cam0 extrinsics = 0.500,0.503,0.496,0.502 | -0.047,0.011,-0.047
cam1 extrinsics = 0.499,0.502,0.499,0.500 | 0.062,0.011,-0.047
[34m[TIME]: 0.0098 seconds total (102.3 hz, 0.18 ms behind)
[0mq_GtoI = -0.266,-0.964,0.021,0.000 | p_IinG = -0.655,21.206,0.512 | dist = 37.08 (meters)
bg = 0.0010,-0.0000,-0.0004 | ba = 0.1039,0.0381,0.1542
camera-imu timeoffset = 0.00184
cam0 intrinsics = 350.554,350.265,368.076,253.243 | -0.037,-0.008,0.005,-0.001
cam1 intrinsics = 351.788,351.422,347.303,271.095 | -0.038,-0.008,0.004,-0.001
cam0 extrinsics = 0.500,0.503,0.496,0.502 | -0.047,0.011,-0.047
cam1 extrinsics = 0.499,0.502,0.499,0.500 | 0.062,0.011,-0.047
[34m[TIME]: 0.0068 seconds total (147.4 hz, 0.19 ms behind)
[0mq_GtoI = 0.266,0.964,-0.021,0.001 | p_IinG = -0.656,21.206,0.511 | dist = 37.08 (meters)
bg = 0.0010,-0.0000,-0.0004 | ba = 0.1039,0.0381,0.1542
camera-imu timeoffset = 0.00184
cam0 intrinsics = 350.554,350.265,368.076,253.241 | -0.037,-0.008,0.005,-0.001
cam1 intrinsics = 351.788,351.422,347.303,271.094 | -0.038,-0.008,0.004,-0.001
cam0 extrinsics = 0.500,0.503,0.496,0.502 | -0.047,0.011,-0.047
cam1 extrinsics = 0.499,0.502,0.499,0.500 | 0.062,0.011,-0.047
[34m[TIME]: 0.0080 seconds total (124.8 hz, 0.20 ms behind)
[0mq_GtoI = 0.266,0.964,-0.021,0.002 | p_IinG = -0.656,21.206,0.511 | dist = 37.08 (meters)
bg = 0.0010,-0.0000,-0.0004 | ba = 0.1039,0.0381,0.1542
camera-imu timeoffset = 0.00184
cam0 intrinsics = 350.555,350.266,368.076,253.240 | -0.037,-0.008,0.005,-0.001
cam1 intrinsics = 351.788,351.423,347.303,271.095 | -0.038,-0.008,0.004,-0.001
cam0 extrinsics = 0.500,0.503,0.496,0.502 | -0.047,0.011,-0.047
cam1 extrinsics = 0.499,0.502,0.499,0.500 | 0.062,0.011,-0.047
[34m[TIME]: 0.0071 seconds total (141.3 hz, 0.21 ms behind)
[0mq_GtoI = 0.266,0.964,-0.020,0.002 | p_IinG = -0.656,21.206,0.511 | dist = 37.08 (meters)
bg = 0.0010,-0.0000,-0.0004 | ba = 0.1039,0.0381,0.1542
camera-imu timeoffset = 0.00184
cam0 intrinsics = 350.555,350.267,368.076,253.239 | -0.037,-0.008,0.005,-0.001
cam1 intrinsics = 351.788,351.423,347.303,271.095 | -0.038,-0.008,0.004,-0.001
cam0 extrinsics = 0.500,0.503,0.496,0.502 | -0.047,0.011,-0.047
cam1 extrinsics = 0.499,0.502,0.499,0.500 | 0.062,0.011,-0.047
[34m[TIME]: 0.0083 seconds total (120.8 hz, 0.22 ms behind)
[0mq_GtoI = 0.265,0.964,-0.021,0.003 | p_IinG = -0.656,21.206,0.510 | dist = 37.08 (meters)
bg = 0.0010,-0.0000,-0.0004 | ba = 0.1039,0.0381,0.1542
camera-imu timeoffset = 0.00184
cam0 intrinsics = 350.556,350.267,368.077,253.238 | -0.037,-0.008,0.005,-0.001
cam1 intrinsics = 351.789,351.424,347.303,271.095 | -0.038,-0.008,0.004,-0.001
cam0 extrinsics = 0.500,0.503,0.496,0.502 | -0.047,0.011,-0.047
cam1 extrinsics = 0.499,0.502,0.499,0.500 | 0.062,0.011,-0.047
[34m[TIME]: 0.0084 seconds total (118.5 hz, 0.23 ms behind)
[0mq_GtoI = 0.265,0.964,-0.022,0.004 | p_IinG = -0.657,21.206,0.510 | dist = 37.08 (meters)
bg = 0.0010,-0.0000,-0.0004 | ba = 0.1039,0.0381,0.1542
camera-imu timeoffset = 0.00184
cam0 intrinsics = 350.556,350.268,368.077,253.238 | -0.037,-0.008,0.005,-0.001
cam1 intrinsics = 351.789,351.424,347.303,271.095 | -0.038,-0.008,0.004,-0.001
cam0 extrinsics = 0.500,0.503,0.496,0.502 | -0.047,0.011,-0.047
cam1 extrinsics = 0.499,0.502,0.499,0.500 | 0.062,0.011,-0.047
[34m[TIME]: 0.0068 seconds total (146.6 hz, 0.24 ms behind)
[0mq_GtoI = 0.264,0.964,-0.022,0.004 | p_IinG = -0.657,21.206,0.510 | dist = 37.08 (meters)
bg = 0.0010,-0.0000,-0.0004 | ba = 0.1039,0.0381,0.1542
camera-imu timeoffset = 0.00184
cam0 intrinsics = 350.556,350.268,368.077,253.237 | -0.037,-0.008,0.005,-0.001
cam1 intrinsics = 351.789,351.425,347.303,271.095 | -0.038,-0.008,0.004,-0.001
cam0 extrinsics = 0.500,0.503,0.496,0.502 | -0.047,0.011,-0.047
cam1 extrinsics = 0.499,0.502,0.499,0.500 | 0.062,0.011,-0.047
[34m[TIME]: 0.0087 seconds total (115.3 hz, 0.00 ms behind)
[0mq_GtoI = 0.262,0.965,-0.022,0.004 | p_IinG = -0.658,21.206,0.510 | dist = 37.08 (meters)
bg = 0.0010,-0.0000,-0.0004 | ba = 0.1039,0.0381,0.1542
camera-imu timeoffset = 0.00184
cam0 intrinsics = 350.556,350.269,368.077,253.236 | -0.037,-0.008,0.005,-0.001
cam1 intrinsics = 351.789,351.425,347.303,271.095 | -0.038,-0.008,0.004,-0.001
cam0 extrinsics = 0.500,0.503,0.496,0.502 | -0.047,0.011,-0.047
cam1 extrinsics = 0.499,0.502,0.499,0.500 | 0.062,0.011,-0.047
[34m[TIME]: 0.0075 seconds total (132.9 hz, 0.01 ms behind)
[0mq_GtoI = 0.261,0.965,-0.022,0.004 | p_IinG = -0.659,21.206,0.510 | dist = 37.08 (meters)
bg = 0.0009,-0.0000,-0.0004 | ba = 0.1039,0.0381,0.1542
camera-imu timeoffset = 0.00184
cam0 intrinsics = 350.557,350.269,368.078,253.235 | -0.037,-0.008,0.005,-0.001
cam1 intrinsics = 351.789,351.426,347.303,271.096 | -0.038,-0.008,0.004,-0.001
cam0 extrinsics = 0.500,0.503,0.496,0.502 | -0.047,0.011,-0.047
cam1 extrinsics = 0.499,0.502,0.499,0.500 | 0.062,0.011,-0.047
[34m[TIME]: 0.0072 seconds total (138.5 hz, 0.02 ms behind)
[0mq_GtoI = 0.260,0.965,-0.022,0.004 | p_IinG = -0.659,21.205,0.510 | dist = 37.08 (meters)
bg = 0.0009,-0.0000,-0.0004 | ba = 0.1039,0.0381,0.1543
camera-imu timeoffset = 0.00184
cam0 intrinsics = 350.557,350.269,368.078,253.233 | -0.037,-0.008,0.005,-0.001
cam1 intrinsics = 351.789,351.426,347.303,271.096 | -0.038,-0.008,0.004,-0.001
cam0 extrinsics = 0.500,0.503,0.496,0.502 | -0.047,0.011,-0.047
cam1 extrinsics = 0.499,0.502,0.499,0.500 | 0.062,0.011,-0.047
[34m[TIME]: 0.0082 seconds total (121.6 hz, 0.03 ms behind)
[0mq_GtoI = 0.259,0.966,-0.022,0.004 | p_IinG = -0.659,21.205,0.510 | dist = 37.08 (meters)
bg = 0.0009,-0.0000,-0.0004 | ba = 0.1039,0.0381,0.1543
camera-imu timeoffset = 0.00184
cam0 intrinsics = 350.557,350.270,368.078,253.233 | -0.037,-0.008,0.005,-0.001
cam1 intrinsics = 351.790,351.426,347.302,271.096 | -0.038,-0.008,0.004,-0.001
cam0 extrinsics = 0.500,0.503,0.496,0.502 | -0.047,0.011,-0.047
cam1 extrinsics = 0.499,0.502,0.499,0.500 | 0.062,0.011,-0.047
[34m[TIME]: 0.0059 seconds total (169.8 hz, 0.04 ms behind)
[0mq_GtoI = 0.259,0.966,-0.021,0.004 | p_IinG = -0.660,21.205,0.510 | dist = 37.08 (meters)
bg = 0.0009,-0.0000,-0.0004 | ba = 0.1039,0.0381,0.1543
camera-imu timeoffset = 0.00184
cam0 intrinsics = 350.557,350.270,368.078,253.232 | -0.037,-0.008,0.005,-0.001
cam1 intrinsics = 351.789,351.426,347.303,271.096 | -0.038,-0.008,0.004,-0.001
cam0 extrinsics = 0.500,0.503,0.496,0.502 | -0.047,0.011,-0.047
cam1 extrinsics = 0.499,0.502,0.499,0.500 | 0.062,0.011,-0.047
[34m[TIME]: 0.0067 seconds total (149.1 hz, 0.06 ms behind)
[0mq_GtoI = 0.259,0.966,-0.021,0.004 | p_IinG = -0.660,21.205,0.510 | dist = 37.08 (meters)
bg = 0.0009,-0.0000,-0.0004 | ba = 0.1039,0.0381,0.1543
camera-imu timeoffset = 0.00184
cam0 intrinsics = 350.557,350.270,368.079,253.231 | -0.037,-0.008,0.005,-0.001
cam1 intrinsics = 351.789,351.426,347.303,271.096 | -0.038,-0.008,0.004,-0.001
cam0 extrinsics = 0.500,0.503,0.496,0.502 | -0.047,0.011,-0.047
cam1 extrinsics = 0.499,0.502,0.499,0.500 | 0.062,0.011,-0.047
[34m[TIME]: 0.0073 seconds total (137.5 hz, 0.07 ms behind)
[0mq_GtoI = 0.259,0.966,-0.021,0.004 | p_IinG = -0.660,21.204,0.510 | dist = 37.08 (meters)
bg = 0.0009,-0.0000,-0.0004 | ba = 0.1039,0.0381,0.1543
camera-imu timeoffset = 0.00184
cam0 intrinsics = 350.557,350.270,368.079,253.230 | -0.037,-0.008,0.005,-0.001
cam1 intrinsics = 351.789,351.426,347.303,271.096 | -0.038,-0.008,0.004,-0.001
cam0 extrinsics = 0.500,0.503,0.496,0.502 | -0.047,0.011,-0.047
cam1 extrinsics = 0.499,0.502,0.499,0.500 | 0.062,0.011,-0.047
[34m[TIME]: 0.0055 seconds total (182.0 hz, 0.08 ms behind)
[0mq_GtoI = 0.259,0.966,-0.021,0.004 | p_IinG = -0.660,21.204,0.510 | dist = 37.08 (meters)
bg = 0.0009,-0.0000,-0.0004 | ba = 0.1039,0.0381,0.1543
camera-imu timeoffset = 0.00184
cam0 intrinsics = 350.557,350.270,368.080,253.229 | -0.037,-0.008,0.005,-0.001
cam1 intrinsics = 351.788,351.425,347.304,271.096 | -0.038,-0.008,0.004,-0.001
cam0 extrinsics = 0.500,0.503,0.496,0.502 | -0.047,0.011,-0.047
cam1 extrinsics = 0.499,0.502,0.499,0.500 | 0.062,0.011,-0.047
[34m[TIME]: 0.0060 seconds total (167.7 hz, 0.09 ms behind)
[0mq_GtoI = 0.258,0.966,-0.021,0.004 | p_IinG = -0.660,21.204,0.510 | dist = 37.08 (meters)
bg = 0.0009,-0.0000,-0.0004 | ba = 0.1039,0.0381,0.1543
camera-imu timeoffset = 0.00184
cam0 intrinsics = 350.557,350.270,368.080,253.228 | -0.037,-0.008,0.005,-0.001
cam1 intrinsics = 351.788,351.425,347.304,271.097 | -0.038,-0.008,0.004,-0.001
cam0 extrinsics = 0.500,0.503,0.496,0.502 | -0.047,0.011,-0.047
cam1 extrinsics = 0.499,0.502,0.499,0.500 | 0.062,0.011,-0.047
[34m[TIME]: 0.0075 seconds total (133.4 hz, 0.10 ms behind)
[0mq_GtoI = 0.258,0.966,-0.021,0.004 | p_IinG = -0.660,21.204,0.510 | dist = 37.08 (meters)
bg = 0.0009,-0.0000,-0.0004 | ba = 0.1039,0.0381,0.1543
camera-imu timeoffset = 0.00184
cam0 intrinsics = 350.557,350.270,368.081,253.227 | -0.037,-0.008,0.005,-0.001
cam1 intrinsics = 351.788,351.425,347.304,271.097 | -0.038,-0.008,0.004,-0.001
cam0 extrinsics = 0.500,0.503,0.496,0.502 | -0.047,0.011,-0.047
cam1 extrinsics = 0.499,0.502,0.499,0.500 | 0.062,0.011,-0.047
[34m[TIME]: 0.0064 seconds total (156.6 hz, 0.11 ms behind)
[0mq_GtoI = 0.258,0.966,-0.020,0.003 | p_IinG = -0.660,21.203,0.510 | dist = 37.08 (meters)
bg = 0.0009,-0.0000,-0.0004 | ba = 0.1039,0.0381,0.1543
camera-imu timeoffset = 0.00184
cam0 intrinsics = 350.557,350.271,368.081,253.227 | -0.037,-0.008,0.005,-0.001
cam1 intrinsics = 351.788,351.425,347.304,271.097 | -0.038,-0.008,0.004,-0.001
cam0 extrinsics = 0.500,0.503,0.496,0.502 | -0.047,0.011,-0.047
cam1 extrinsics = 0.499,0.502,0.499,0.500 | 0.062,0.011,-0.047
[34m[TIME]: 0.0084 seconds total (119.4 hz, 0.12 ms behind)
[0mq_GtoI = 0.258,0.966,-0.020,0.003 | p_IinG = -0.660,21.203,0.510 | dist = 37.08 (meters)
bg = 0.0009,-0.0000,-0.0004 | ba = 0.1039,0.0381,0.1543
camera-imu timeoffset = 0.00184
cam0 intrinsics = 350.557,350.271,368.081,253.226 | -0.037,-0.008,0.005,-0.001
cam1 intrinsics = 351.787,351.424,347.305,271.098 | -0.038,-0.008,0.004,-0.001
cam0 extrinsics = 0.500,0.503,0.496,0.502 | -0.047,0.011,-0.047
cam1 extrinsics = 0.499,0.502,0.499,0.500 | 0.062,0.011,-0.047
[34m[TIME]: 0.0065 seconds total (153.9 hz, 0.13 ms behind)
[0mq_GtoI = 0.258,0.966,-0.020,0.003 | p_IinG = -0.660,21.203,0.510 | dist = 37.08 (meters)
bg = 0.0009,-0.0000,-0.0004 | ba = 0.1039,0.0381,0.1543
camera-imu timeoffset = 0.00184
cam0 intrinsics = 350.557,350.271,368.082,253.225 | -0.037,-0.008,0.005,-0.001
cam1 intrinsics = 351.787,351.424,347.305,271.098 | -0.038,-0.008,0.004,-0.001
cam0 extrinsics = 0.500,0.503,0.496,0.502 | -0.047,0.011,-0.047
cam1 extrinsics = 0.499,0.502,0.499,0.500 | 0.062,0.011,-0.047
[34m[TIME]: 0.0089 seconds total (112.1 hz, 0.14 ms behind)
[0mq_GtoI = 0.258,0.966,-0.020,0.003 | p_IinG = -0.661,21.203,0.510 | dist = 37.08 (meters)
bg = 0.0009,0.0000,-0.0004 | ba = 0.1039,0.0381,0.1543
camera-imu timeoffset = 0.00184
cam0 intrinsics = 350.557,350.271,368.082,253.224 | -0.037,-0.008,0.005,-0.001
cam1 intrinsics = 351.787,351.424,347.305,271.099 | -0.038,-0.008,0.004,-0.001
cam0 extrinsics = 0.500,0.503,0.496,0.502 | -0.047,0.011,-0.047
cam1 extrinsics = 0.499,0.502,0.499,0.500 | 0.062,0.011,-0.047
[34m[TIME]: 0.0051 seconds total (194.2 hz, 0.15 ms behind)
[0mq_GtoI = 0.258,0.966,-0.019,0.003 | p_IinG = -0.661,21.202,0.510 | dist = 37.08 (meters)
bg = 0.0009,0.0000,-0.0004 | ba = 0.1039,0.0381,0.1543
camera-imu timeoffset = 0.00184
cam0 intrinsics = 350.557,350.271,368.083,253.224 | -0.037,-0.008,0.005,-0.001
cam1 intrinsics = 351.787,351.424,347.305,271.099 | -0.038,-0.008,0.004,-0.001
cam0 extrinsics = 0.500,0.503,0.496,0.502 | -0.047,0.011,-0.047
cam1 extrinsics = 0.499,0.502,0.499,0.500 | 0.062,0.011,-0.047
[34m[TIME]: 0.0058 seconds total (172.5 hz, 0.16 ms behind)
[0mq_GtoI = 0.258,0.966,-0.018,0.003 | p_IinG = -0.661,21.202,0.510 | dist = 37.08 (meters)
bg = 0.0009,0.0000,-0.0004 | ba = 0.1039,0.0381,0.1543
camera-imu timeoffset = 0.00184
cam0 intrinsics = 350.557,350.271,368.083,253.223 | -0.037,-0.008,0.004,-0.001
cam1 intrinsics = 351.786,351.423,347.306,271.100 | -0.038,-0.008,0.004,-0.001
cam0 extrinsics = 0.500,0.503,0.496,0.502 | -0.047,0.011,-0.047
cam1 extrinsics = 0.499,0.502,0.499,0.500 | 0.062,0.011,-0.047
[34m[TIME]: 0.0061 seconds total (163.1 hz, 0.17 ms behind)
[0mq_GtoI = 0.258,0.966,-0.017,0.002 | p_IinG = -0.661,21.201,0.510 | dist = 37.08 (meters)
bg = 0.0009,0.0000,-0.0004 | ba = 0.1039,0.0381,0.1543
camera-imu timeoffset = 0.00184
cam0 intrinsics = 350.557,350.271,368.083,253.222 | -0.037,-0.008,0.004,-0.001
cam1 intrinsics = 351.786,351.423,347.305,271.100 | -0.038,-0.008,0.004,-0.001
cam0 extrinsics = 0.500,0.503,0.496,0.502 | -0.047,0.011,-0.047
cam1 extrinsics = 0.499,0.502,0.499,0.500 | 0.062,0.011,-0.047
[34m[TIME]: 0.0085 seconds total (117.7 hz, 0.18 ms behind)
[0mq_GtoI = 0.258,0.966,-0.016,0.002 | p_IinG = -0.661,21.201,0.510 | dist = 37.08 (meters)
bg = 0.0009,0.0000,-0.0004 | ba = 0.1039,0.0381,0.1542
camera-imu timeoffset = 0.00184
cam0 intrinsics = 350.557,350.271,368.084,253.222 | -0.037,-0.008,0.004,-0.001
cam1 intrinsics = 351.786,351.423,347.305,271.101 | -0.038,-0.008,0.004,-0.001
cam0 extrinsics = 0.500,0.503,0.496,0.502 | -0.047,0.011,-0.047
cam1 extrinsics = 0.499,0.502,0.499,0.500 | 0.062,0.011,-0.047
[34m[TIME]: 0.0057 seconds total (174.5 hz, 0.19 ms behind)
[0mq_GtoI = 0.258,0.966,-0.016,0.002 | p_IinG = -0.661,21.201,0.510 | dist = 37.08 (meters)
bg = 0.0009,0.0000,-0.0004 | ba = 0.1039,0.0381,0.1543
camera-imu timeoffset = 0.00184
cam0 intrinsics = 350.557,350.271,368.084,253.221 | -0.037,-0.008,0.004,-0.001
cam1 intrinsics = 351.786,351.422,347.306,271.101 | -0.038,-0.008,0.004,-0.001
cam0 extrinsics = 0.500,0.503,0.496,0.502 | -0.047,0.011,-0.047
cam1 extrinsics = 0.499,0.502,0.499,0.500 | 0.062,0.011,-0.047
[34m[TIME]: 0.0057 seconds total (175.6 hz, 0.20 ms behind)
[0mq_GtoI = 0.258,0.966,-0.015,0.002 | p_IinG = -0.661,21.200,0.510 | dist = 37.08 (meters)
bg = 0.0009,0.0000,-0.0004 | ba = 0.1039,0.0381,0.1543
camera-imu timeoffset = 0.00184
cam0 intrinsics = 350.557,350.271,368.084,253.220 | -0.037,-0.008,0.004,-0.001
cam1 intrinsics = 351.786,351.422,347.306,271.101 | -0.038,-0.008,0.004,-0.001
cam0 extrinsics = 0.500,0.503,0.496,0.502 | -0.047,0.011,-0.047
cam1 extrinsics = 0.499,0.502,0.499,0.500 | 0.062,0.011,-0.047
[34m[TIME]: 0.0064 seconds total (156.2 hz, 0.21 ms behind)
[0mq_GtoI = 0.258,0.966,-0.014,0.002 | p_IinG = -0.661,21.200,0.510 | dist = 37.09 (meters)
bg = 0.0009,0.0000,-0.0004 | ba = 0.1039,0.0382,0.1543
camera-imu timeoffset = 0.00184
cam0 intrinsics = 350.557,350.270,368.084,253.220 | -0.037,-0.008,0.004,-0.001
cam1 intrinsics = 351.786,351.422,347.306,271.102 | -0.038,-0.008,0.004,-0.001
cam0 extrinsics = 0.500,0.503,0.496,0.502 | -0.047,0.011,-0.047
cam1 extrinsics = 0.499,0.502,0.499,0.500 | 0.062,0.011,-0.047
[34m[TIME]: 0.0055 seconds total (182.4 hz, 0.22 ms behind)
[0mq_GtoI = 0.258,0.966,-0.013,0.001 | p_IinG = -0.661,21.199,0.510 | dist = 37.09 (meters)
bg = 0.0009,0.0000,-0.0004 | ba = 0.1039,0.0382,0.1543
camera-imu timeoffset = 0.00184
cam0 intrinsics = 350.557,350.270,368.085,253.219 | -0.037,-0.008,0.004,-0.001
cam1 intrinsics = 351.786,351.421,347.306,271.102 | -0.038,-0.008,0.004,-0.001
cam0 extrinsics = 0.500,0.503,0.496,0.502 | -0.047,0.011,-0.047
cam1 extrinsics = 0.499,0.502,0.499,0.500 | 0.062,0.011,-0.047
[34m[TIME]: 0.0059 seconds total (168.1 hz, 0.23 ms behind)
[0mq_GtoI = 0.258,0.966,-0.010,0.001 | p_IinG = -0.662,21.198,0.510 | dist = 37.09 (meters)
bg = 0.0009,0.0000,-0.0004 | ba = 0.1039,0.0382,0.1543
camera-imu timeoffset = 0.00184
cam0 intrinsics = 350.557,350.270,368.085,253.219 | -0.037,-0.008,0.004,-0.001
cam1 intrinsics = 351.786,351.421,347.306,271.103 | -0.038,-0.008,0.004,-0.001
cam0 extrinsics = 0.500,0.503,0.496,0.502 | -0.047,0.011,-0.047
cam1 extrinsics = 0.499,0.502,0.499,0.500 | 0.062,0.011,-0.047
[34m[TIME]: 0.0061 seconds total (164.2 hz, 0.24 ms behind)
[0mq_GtoI = -0.257,-0.966,0.004,0.001 | p_IinG = -0.662,21.195,0.509 | dist = 37.09 (meters)
bg = 0.0009,0.0000,-0.0004 | ba = 0.1039,0.0382,0.1543
camera-imu timeoffset = 0.00184
cam0 intrinsics = 350.557,350.269,368.085,253.217 | -0.037,-0.008,0.004,-0.001
cam1 intrinsics = 351.785,351.420,347.306,271.103 | -0.038,-0.008,0.004,-0.001
cam0 extrinsics = 0.500,0.503,0.496,0.502 | -0.047,0.011,-0.047
cam1 extrinsics = 0.499,0.502,0.499,0.500 | 0.062,0.011,-0.047
[34m[TIME]: 0.0082 seconds total (121.8 hz, 0.00 ms behind)
[0mq_GtoI = -0.256,-0.967,-0.001,0.002 | p_IinG = -0.662,21.193,0.509 | dist = 37.09 (meters)
bg = 0.0009,0.0000,-0.0004 | ba = 0.1039,0.0382,0.1543
camera-imu timeoffset = 0.00184
cam0 intrinsics = 350.556,350.269,368.085,253.217 | -0.037,-0.008,0.004,-0.001
cam1 intrinsics = 351.785,351.419,347.306,271.104 | -0.038,-0.008,0.004,-0.001
cam0 extrinsics = 0.500,0.503,0.496,0.502 | -0.047,0.011,-0.047
cam1 extrinsics = 0.499,0.502,0.499,0.500 | 0.062,0.011,-0.047
[34m[TIME]: 0.0072 seconds total (138.5 hz, 0.01 ms behind)
[0mq_GtoI = -0.256,-0.967,-0.002,0.003 | p_IinG = -0.662,21.193,0.509 | dist = 37.09 (meters)
bg = 0.0009,0.0000,-0.0003 | ba = 0.1039,0.0382,0.1543
camera-imu timeoffset = 0.00184
cam0 intrinsics = 350.556,350.268,368.086,253.217 | -0.037,-0.008,0.004,-0.001
cam1 intrinsics = 351.785,351.418,347.307,271.104 | -0.038,-0.008,0.004,-0.001
cam0 extrinsics = 0.500,0.503,0.496,0.502 | -0.047,0.011,-0.047
cam1 extrinsics = 0.499,0.502,0.499,0.500 | 0.062,0.011,-0.047
[34m[TIME]: 0.0066 seconds total (152.2 hz, 0.02 ms behind)
[0mq_GtoI = -0.256,-0.967,-0.002,0.003 | p_IinG = -0.662,21.193,0.509 | dist = 37.09 (meters)
bg = 0.0009,0.0000,-0.0003 | ba = 0.1039,0.0382,0.1543
camera-imu timeoffset = 0.00184
cam0 intrinsics = 350.556,350.267,368.086,253.217 | -0.037,-0.008,0.004,-0.001
cam1 intrinsics = 351.785,351.417,347.307,271.105 | -0.038,-0.008,0.004,-0.001
cam0 extrinsics = 0.500,0.503,0.496,0.502 | -0.047,0.011,-0.047
cam1 extrinsics = 0.499,0.502,0.499,0.500 | 0.062,0.011,-0.047
[34m[TIME]: 0.0076 seconds total (132.4 hz, 0.03 ms behind)
[0mq_GtoI = -0.256,-0.967,-0.002,0.003 | p_IinG = -0.662,21.193,0.509 | dist = 37.09 (meters)
bg = 0.0009,0.0000,-0.0003 | ba = 0.1039,0.0382,0.1543
camera-imu timeoffset = 0.00184
cam0 intrinsics = 350.556,350.267,368.087,253.216 | -0.037,-0.008,0.004,-0.001
cam1 intrinsics = 351.784,351.416,347.308,271.106 | -0.038,-0.008,0.004,-0.001
cam0 extrinsics = 0.500,0.503,0.496,0.502 | -0.047,0.011,-0.047
cam1 extrinsics = 0.499,0.502,0.499,0.500 | 0.062,0.011,-0.047
[34m[TIME]: 0.0070 seconds total (142.2 hz, 0.04 ms behind)
[0mq_GtoI = -0.256,-0.967,-0.002,0.003 | p_IinG = -0.663,21.193,0.509 | dist = 37.09 (meters)
bg = 0.0009,0.0000,-0.0003 | ba = 0.1039,0.0382,0.1543
camera-imu timeoffset = 0.00184
cam0 intrinsics = 350.556,350.266,368.087,253.216 | -0.037,-0.008,0.004,-0.001
cam1 intrinsics = 351.784,351.416,347.308,271.106 | -0.038,-0.008,0.004,-0.001
cam0 extrinsics = 0.500,0.503,0.496,0.502 | -0.047,0.011,-0.047
cam1 extrinsics = 0.499,0.502,0.499,0.500 | 0.062,0.011,-0.047
[34m[TIME]: 0.0075 seconds total (133.5 hz, 0.05 ms behind)
[0mq_GtoI = -0.256,-0.967,-0.002,0.003 | p_IinG = -0.663,21.193,0.509 | dist = 37.09 (meters)
bg = 0.0009,0.0000,-0.0003 | ba = 0.1039,0.0382,0.1543
camera-imu timeoffset = 0.00184
cam0 intrinsics = 350.556,350.266,368.087,253.216 | -0.037,-0.008,0.004,-0.001
cam1 intrinsics = 351.784,351.415,347.309,271.107 | -0.038,-0.008,0.004,-0.001
cam0 extrinsics = 0.500,0.503,0.496,0.502 | -0.047,0.011,-0.047
cam1 extrinsics = 0.499,0.502,0.499,0.500 | 0.062,0.011,-0.047
[34m[TIME]: 0.0072 seconds total (139.7 hz, 0.07 ms behind)
[0mq_GtoI = -0.256,-0.967,-0.002,0.003 | p_IinG = -0.663,21.192,0.509 | dist = 37.09 (meters)
bg = 0.0009,0.0000,-0.0003 | ba = 0.1039,0.0382,0.1543
camera-imu timeoffset = 0.00184
cam0 intrinsics = 350.556,350.266,368.088,253.215 | -0.037,-0.008,0.004,-0.001
cam1 intrinsics = 351.784,351.414,347.309,271.108 | -0.038,-0.008,0.004,-0.001
cam0 extrinsics = 0.500,0.503,0.496,0.502 | -0.047,0.011,-0.047
cam1 extrinsics = 0.499,0.502,0.499,0.500 | 0.062,0.011,-0.047
[34m[TIME]: 0.0069 seconds total (143.9 hz, 0.08 ms behind)
[0mq_GtoI = -0.256,-0.967,-0.002,0.003 | p_IinG = -0.664,21.192,0.509 | dist = 37.09 (meters)
bg = 0.0009,0.0000,-0.0003 | ba = 0.1039,0.0382,0.1543
camera-imu timeoffset = 0.00184
cam0 intrinsics = 350.557,350.265,368.088,253.215 | -0.037,-0.008,0.004,-0.001
cam1 intrinsics = 351.784,351.414,347.310,271.109 | -0.038,-0.008,0.004,-0.001
cam0 extrinsics = 0.500,0.503,0.496,0.502 | -0.047,0.011,-0.047
cam1 extrinsics = 0.499,0.502,0.499,0.500 | 0.062,0.011,-0.047
[34m[TIME]: 0.0058 seconds total (173.9 hz, 0.09 ms behind)
[0mq_GtoI = -0.256,-0.967,-0.002,0.003 | p_IinG = -0.664,21.192,0.509 | dist = 37.09 (meters)
bg = 0.0009,0.0000,-0.0003 | ba = 0.1039,0.0382,0.1543
camera-imu timeoffset = 0.00184
cam0 intrinsics = 350.557,350.265,368.089,253.215 | -0.037,-0.008,0.004,-0.001
cam1 intrinsics = 351.784,351.413,347.311,271.110 | -0.038,-0.008,0.004,-0.001
cam0 extrinsics = 0.500,0.503,0.496,0.502 | -0.047,0.011,-0.047
cam1 extrinsics = 0.499,0.502,0.499,0.500 | 0.062,0.011,-0.047
[34m[TIME]: 0.0064 seconds total (156.7 hz, 0.10 ms behind)
[0mq_GtoI = -0.256,-0.967,-0.002,0.003 | p_IinG = -0.664,21.192,0.509 | dist = 37.09 (meters)
bg = 0.0009,0.0000,-0.0003 | ba = 0.1039,0.0381,0.1543
camera-imu timeoffset = 0.00184
cam0 intrinsics = 350.557,350.265,368.089,253.215 | -0.037,-0.008,0.004,-0.001
cam1 intrinsics = 351.784,351.413,347.312,271.111 | -0.038,-0.008,0.004,-0.001
cam0 extrinsics = 0.500,0.503,0.496,0.502 | -0.047,0.011,-0.047
cam1 extrinsics = 0.499,0.502,0.499,0.500 | 0.062,0.011,-0.047
[34m[TIME]: 0.0077 seconds total (130.5 hz, 0.11 ms behind)
[0mq_GtoI = -0.256,-0.967,-0.002,0.003 | p_IinG = -0.664,21.192,0.509 | dist = 37.09 (meters)
bg = 0.0009,0.0000,-0.0003 | ba = 0.1039,0.0381,0.1543
camera-imu timeoffset = 0.00184
cam0 intrinsics = 350.557,350.265,368.090,253.215 | -0.037,-0.008,0.004,-0.001
cam1 intrinsics = 351.784,351.412,347.312,271.112 | -0.038,-0.008,0.004,-0.001
cam0 extrinsics = 0.500,0.503,0.496,0.502 | -0.047,0.011,-0.047
cam1 extrinsics = 0.499,0.502,0.499,0.500 | 0.062,0.011,-0.047
[34m[TIME]: 0.0071 seconds total (140.4 hz, 0.12 ms behind)
[0mq_GtoI = -0.256,-0.967,-0.002,0.003 | p_IinG = -0.665,21.192,0.509 | dist = 37.09 (meters)
bg = 0.0009,0.0000,-0.0003 | ba = 0.1039,0.0381,0.1543
camera-imu timeoffset = 0.00184
cam0 intrinsics = 350.557,350.265,368.090,253.215 | -0.037,-0.008,0.004,-0.001
cam1 intrinsics = 351.784,351.412,347.313,271.113 | -0.038,-0.008,0.004,-0.001
cam0 extrinsics = 0.500,0.503,0.496,0.502 | -0.047,0.011,-0.047
cam1 extrinsics = 0.499,0.502,0.499,0.500 | 0.062,0.011,-0.047
[34m[TIME]: 0.0083 seconds total (121.0 hz, 0.13 ms behind)
[0mq_GtoI = -0.256,-0.967,-0.002,0.003 | p_IinG = -0.665,21.192,0.509 | dist = 37.09 (meters)
bg = 0.0009,0.0000,-0.0003 | ba = 0.1039,0.0381,0.1543
camera-imu timeoffset = 0.00184
cam0 intrinsics = 350.556,350.266,368.090,253.205 | -0.037,-0.008,0.004,-0.001
cam1 intrinsics = 351.776,351.407,347.318,271.106 | -0.038,-0.008,0.004,-0.001
cam0 extrinsics = 0.500,0.503,0.496,0.502 | -0.047,0.011,-0.047
cam1 extrinsics = 0.499,0.502,0.499,0.500 | 0.062,0.011,-0.047
[34m[TIME]: 0.0073 seconds total (137.0 hz, 0.14 ms behind)
[0mq_GtoI = -0.256,-0.967,-0.002,0.003 | p_IinG = -0.665,21.191,0.509 | dist = 37.09 (meters)
bg = 0.0009,0.0000,-0.0003 | ba = 0.1039,0.0381,0.1543
camera-imu timeoffset = 0.00184
cam0 intrinsics = 350.556,350.266,368.090,253.205 | -0.037,-0.008,0.004,-0.001
cam1 intrinsics = 351.775,351.406,347.319,271.106 | -0.038,-0.008,0.004,-0.001
cam0 extrinsics = 0.500,0.503,0.496,0.502 | -0.047,0.011,-0.047
cam1 extrinsics = 0.499,0.502,0.499,0.500 | 0.062,0.011,-0.047
[34m[TIME]: 0.0088 seconds total (113.1 hz, 0.15 ms behind)
[0mq_GtoI = -0.256,-0.967,-0.002,0.003 | p_IinG = -0.666,21.191,0.509 | dist = 37.09 (meters)
bg = 0.0009,0.0000,-0.0003 | ba = 0.1039,0.0381,0.1543
camera-imu timeoffset = 0.00184
cam0 intrinsics = 350.556,350.266,368.091,253.204 | -0.037,-0.008,0.004,-0.001
cam1 intrinsics = 351.775,351.405,347.320,271.106 | -0.038,-0.008,0.004,-0.001
cam0 extrinsics = 0.500,0.503,0.496,0.502 | -0.047,0.011,-0.047
cam1 extrinsics = 0.499,0.502,0.499,0.500 | 0.062,0.011,-0.047
[34m[TIME]: 0.0074 seconds total (136.0 hz, 0.16 ms behind)
[0mq_GtoI = -0.256,-0.967,-0.002,0.003 | p_IinG = -0.666,21.191,0.509 | dist = 37.09 (meters)
bg = 0.0009,-0.0000,-0.0003 | ba = 0.1039,0.0381,0.1543
camera-imu timeoffset = 0.00184
cam0 intrinsics = 350.556,350.266,368.091,253.203 | -0.037,-0.008,0.004,-0.001
cam1 intrinsics = 351.774,351.404,347.321,271.106 | -0.038,-0.008,0.004,-0.001
cam0 extrinsics = 0.500,0.503,0.496,0.502 | -0.047,0.011,-0.047
cam1 extrinsics = 0.499,0.502,0.499,0.500 | 0.062,0.011,-0.047
[34m[TIME]: 0.0056 seconds total (177.7 hz, 0.17 ms behind)
[0mq_GtoI = -0.256,-0.967,-0.002,0.003 | p_IinG = -0.666,21.191,0.509 | dist = 37.09 (meters)
bg = 0.0009,-0.0000,-0.0003 | ba = 0.1039,0.0381,0.1543
camera-imu timeoffset = 0.00184
cam0 intrinsics = 350.556,350.265,368.091,253.202 | -0.037,-0.008,0.004,-0.001
cam1 intrinsics = 351.773,351.403,347.321,271.106 | -0.038,-0.008,0.004,-0.001
cam0 extrinsics = 0.500,0.503,0.496,0.502 | -0.047,0.011,-0.047
cam1 extrinsics = 0.499,0.502,0.499,0.500 | 0.062,0.011,-0.047
[34m[TIME]: 0.0086 seconds total (115.9 hz, 0.18 ms behind)
[0mq_GtoI = -0.256,-0.967,-0.002,0.003 | p_IinG = -0.666,21.191,0.509 | dist = 37.09 (meters)
bg = 0.0009,-0.0000,-0.0003 | ba = 0.1039,0.0381,0.1543
camera-imu timeoffset = 0.00184
cam0 intrinsics = 350.556,350.265,368.091,253.201 | -0.037,-0.008,0.004,-0.001
cam1 intrinsics = 351.773,351.403,347.322,271.106 | -0.038,-0.008,0.004,-0.001
cam0 extrinsics = 0.500,0.503,0.496,0.502 | -0.047,0.011,-0.047
cam1 extrinsics = 0.499,0.502,0.499,0.500 | 0.062,0.011,-0.047
[34m[TIME]: 0.0061 seconds total (162.9 hz, 0.19 ms behind)
[0mq_GtoI = -0.256,-0.967,-0.002,0.003 | p_IinG = -0.666,21.191,0.509 | dist = 37.09 (meters)
bg = 0.0009,-0.0000,-0.0003 | ba = 0.1039,0.0381,0.1543
camera-imu timeoffset = 0.00184
cam0 intrinsics = 350.556,350.265,368.092,253.200 | -0.037,-0.008,0.004,-0.001
cam1 intrinsics = 351.772,351.402,347.323,271.106 | -0.038,-0.008,0.004,-0.001
cam0 extrinsics = 0.500,0.503,0.496,0.502 | -0.047,0.011,-0.047
cam1 extrinsics = 0.499,0.502,0.499,0.500 | 0.062,0.011,-0.047
[34m[TIME]: 0.0064 seconds total (156.4 hz, 0.20 ms behind)
[0mq_GtoI = -0.256,-0.967,-0.002,0.003 | p_IinG = -0.667,21.191,0.509 | dist = 37.09 (meters)
bg = 0.0009,-0.0000,-0.0003 | ba = 0.1039,0.0381,0.1543
camera-imu timeoffset = 0.00184
cam0 intrinsics = 350.556,350.265,368.092,253.199 | -0.037,-0.008,0.004,-0.001
cam1 intrinsics = 351.772,351.401,347.324,271.106 | -0.038,-0.008,0.004,-0.001
cam0 extrinsics = 0.500,0.503,0.496,0.502 | -0.047,0.011,-0.047
cam1 extrinsics = 0.499,0.502,0.499,0.500 | 0.062,0.011,-0.047
[34m[TIME]: 0.0087 seconds total (114.8 hz, 0.21 ms behind)
[0mq_GtoI = -0.256,-0.967,-0.002,0.003 | p_IinG = -0.667,21.191,0.509 | dist = 37.09 (meters)
bg = 0.0009,-0.0000,-0.0003 | ba = 0.1039,0.0381,0.1543
camera-imu timeoffset = 0.00184
cam0 intrinsics = 350.556,350.264,368.090,253.199 | -0.037,-0.008,0.004,-0.001
cam1 intrinsics = 351.773,351.404,347.328,271.105 | -0.038,-0.008,0.004,-0.001
cam0 extrinsics = 0.500,0.503,0.496,0.502 | -0.047,0.011,-0.047
cam1 extrinsics = 0.499,0.502,0.499,0.500 | 0.062,0.011,-0.047
[34m[TIME]: 0.0072 seconds total (139.7 hz, 0.22 ms behind)
[0mq_GtoI = -0.256,-0.967,-0.002,0.003 | p_IinG = -0.667,21.191,0.509 | dist = 37.09 (meters)
bg = 0.0009,-0.0000,-0.0003 | ba = 0.1039,0.0381,0.1542
camera-imu timeoffset = 0.00184
cam0 intrinsics = 350.556,350.264,368.090,253.198 | -0.037,-0.008,0.004,-0.001
cam1 intrinsics = 351.773,351.403,347.329,271.105 | -0.038,-0.008,0.004,-0.001
cam0 extrinsics = 0.500,0.503,0.496,0.502 | -0.047,0.011,-0.047
cam1 extrinsics = 0.499,0.502,0.499,0.500 | 0.062,0.011,-0.047
[34m[TIME]: 0.0087 seconds total (115.1 hz, 0.23 ms behind)
[0mq_GtoI = -0.256,-0.967,-0.002,0.003 | p_IinG = -0.667,21.191,0.509 | dist = 37.09 (meters)
bg = 0.0009,-0.0000,-0.0003 | ba = 0.1039,0.0381,0.1542
camera-imu timeoffset = 0.00184
cam0 intrinsics = 350.556,350.264,368.090,253.197 | -0.037,-0.008,0.004,-0.001
cam1 intrinsics = 351.773,351.403,347.330,271.105 | -0.038,-0.008,0.004,-0.001
cam0 extrinsics = 0.500,0.503,0.496,0.502 | -0.047,0.011,-0.047
cam1 extrinsics = 0.499,0.502,0.499,0.500 | 0.062,0.011,-0.047
[34m[TIME]: 0.0066 seconds total (152.5 hz, 0.24 ms behind)
[0mq_GtoI = -0.256,-0.967,-0.002,0.003 | p_IinG = -0.667,21.191,0.509 | dist = 37.09 (meters)
bg = 0.0009,-0.0000,-0.0003 | ba = 0.1039,0.0381,0.1542
camera-imu timeoffset = 0.00184
cam0 intrinsics = 350.556,350.264,368.090,253.196 | -0.037,-0.008,0.004,-0.001
cam1 intrinsics = 351.772,351.402,347.331,271.105 | -0.038,-0.008,0.004,-0.001
cam0 extrinsics = 0.500,0.503,0.496,0.502 | -0.047,0.011,-0.047
cam1 extrinsics = 0.499,0.502,0.499,0.500 | 0.062,0.011,-0.047
[34m[TIME]: 0.0076 seconds total (131.6 hz, 0.00 ms behind)
[0mq_GtoI = -0.256,-0.967,-0.002,0.003 | p_IinG = -0.667,21.190,0.509 | dist = 37.09 (meters)
bg = 0.0009,-0.0000,-0.0003 | ba = 0.1039,0.0381,0.1542
camera-imu timeoffset = 0.00184
cam0 intrinsics = 350.556,350.264,368.090,253.194 | -0.037,-0.008,0.004,-0.001
cam1 intrinsics = 351.772,351.402,347.332,271.104 | -0.038,-0.008,0.004,-0.001
cam0 extrinsics = 0.500,0.503,0.496,0.502 | -0.047,0.011,-0.047
cam1 extrinsics = 0.499,0.502,0.499,0.500 | 0.062,0.011,-0.047
[34m[TIME]: 0.0056 seconds total (177.6 hz, 0.01 ms behind)
[0mq_GtoI = -0.256,-0.967,-0.002,0.003 | p_IinG = -0.667,21.190,0.509 | dist = 37.09 (meters)
bg = 0.0009,-0.0000,-0.0003 | ba = 0.1039,0.0381,0.1542
camera-imu timeoffset = 0.00184
cam0 intrinsics = 350.556,350.263,368.090,253.193 | -0.037,-0.008,0.004,-0.001
cam1 intrinsics = 351.771,351.401,347.333,271.104 | -0.038,-0.008,0.004,-0.001
cam0 extrinsics = 0.500,0.503,0.496,0.502 | -0.047,0.011,-0.047
cam1 extrinsics = 0.499,0.502,0.499,0.500 | 0.062,0.011,-0.047
[34m[TIME]: 0.0086 seconds total (116.7 hz, 0.02 ms behind)
[0mq_GtoI = -0.256,-0.967,-0.002,0.003 | p_IinG = -0.667,21.190,0.509 | dist = 37.09 (meters)
bg = 0.0009,-0.0000,-0.0003 | ba = 0.1039,0.0381,0.1542
camera-imu timeoffset = 0.00184
cam0 intrinsics = 350.556,350.264,368.090,253.192 | -0.037,-0.008,0.004,-0.001
cam1 intrinsics = 351.771,351.401,347.333,271.104 | -0.038,-0.008,0.004,-0.001
cam0 extrinsics = 0.500,0.503,0.496,0.502 | -0.047,0.011,-0.047
cam1 extrinsics = 0.499,0.502,0.499,0.500 | 0.062,0.011,-0.047
[34m[TIME]: 0.0086 seconds total (116.9 hz, 0.03 ms behind)
[0mq_GtoI = -0.256,-0.967,-0.002,0.003 | p_IinG = -0.667,21.190,0.509 | dist = 37.10 (meters)
bg = 0.0009,-0.0000,-0.0003 | ba = 0.1039,0.0381,0.1542
camera-imu timeoffset = 0.00184
cam0 intrinsics = 350.556,350.264,368.090,253.191 | -0.037,-0.008,0.004,-0.001
cam1 intrinsics = 351.770,351.401,347.334,271.104 | -0.038,-0.008,0.004,-0.001
cam0 extrinsics = 0.500,0.503,0.496,0.502 | -0.047,0.011,-0.047
cam1 extrinsics = 0.499,0.502,0.499,0.500 | 0.062,0.011,-0.047
[34m[TIME]: 0.0079 seconds total (125.9 hz, 0.04 ms behind)
[0mq_GtoI = -0.256,-0.967,-0.002,0.003 | p_IinG = -0.668,21.190,0.509 | dist = 37.10 (meters)
bg = 0.0009,-0.0001,-0.0003 | ba = 0.1039,0.0381,0.1542
camera-imu timeoffset = 0.00184
cam0 intrinsics = 350.556,350.264,368.090,253.190 | -0.037,-0.008,0.004,-0.001
cam1 intrinsics = 351.770,351.400,347.335,271.104 | -0.038,-0.008,0.004,-0.001
cam0 extrinsics = 0.500,0.503,0.496,0.502 | -0.047,0.011,-0.047
cam1 extrinsics = 0.499,0.502,0.499,0.500 | 0.062,0.011,-0.047
[34m[TIME]: 0.0060 seconds total (166.6 hz, 0.06 ms behind)
[0mq_GtoI = -0.256,-0.967,-0.002,0.003 | p_IinG = -0.668,21.190,0.509 | dist = 37.10 (meters)
bg = 0.0009,-0.0001,-0.0003 | ba = 0.1039,0.0381,0.1542
camera-imu timeoffset = 0.00184
cam0 intrinsics = 350.556,350.264,368.090,253.189 | -0.037,-0.008,0.004,-0.001
cam1 intrinsics = 351.769,351.400,347.335,271.104 | -0.038,-0.008,0.004,-0.001
cam0 extrinsics = 0.500,0.503,0.496,0.502 | -0.047,0.011,-0.047
cam1 extrinsics = 0.499,0.502,0.499,0.500 | 0.062,0.011,-0.047
[34m[TIME]: 0.0058 seconds total (172.5 hz, 0.06 ms behind)
[0mq_GtoI = -0.256,-0.967,-0.002,0.003 | p_IinG = -0.668,21.190,0.509 | dist = 37.10 (meters)
bg = 0.0009,-0.0001,-0.0003 | ba = 0.1039,0.0381,0.1542
camera-imu timeoffset = 0.00184
cam0 intrinsics = 350.556,350.265,368.090,253.188 | -0.037,-0.008,0.004,-0.001
cam1 intrinsics = 351.769,351.400,347.336,271.104 | -0.038,-0.008,0.004,-0.001
cam0 extrinsics = 0.500,0.503,0.496,0.502 | -0.047,0.011,-0.047
cam1 extrinsics = 0.499,0.502,0.499,0.500 | 0.062,0.011,-0.047
[34m[TIME]: 0.0088 seconds total (113.9 hz, 0.08 ms behind)
[0mq_GtoI = -0.256,-0.967,-0.002,0.003 | p_IinG = -0.668,21.190,0.509 | dist = 37.10 (meters)
bg = 0.0009,-0.0001,-0.0003 | ba = 0.1039,0.0381,0.1542
camera-imu timeoffset = 0.00184
cam0 intrinsics = 350.556,350.265,368.090,253.188 | -0.037,-0.008,0.004,-0.001
cam1 intrinsics = 351.768,351.399,347.337,271.104 | -0.038,-0.008,0.004,-0.001
cam0 extrinsics = 0.500,0.503,0.496,0.502 | -0.047,0.011,-0.047
cam1 extrinsics = 0.499,0.502,0.499,0.500 | 0.062,0.011,-0.047
[34m[TIME]: 0.0067 seconds total (149.7 hz, 0.09 ms behind)
[0mq_GtoI = -0.256,-0.967,-0.002,0.003 | p_IinG = -0.668,21.190,0.509 | dist = 37.10 (meters)
bg = 0.0009,-0.0001,-0.0003 | ba = 0.1039,0.0381,0.1541
camera-imu timeoffset = 0.00184
cam0 intrinsics = 350.556,350.265,368.091,253.187 | -0.037,-0.008,0.004,-0.001
cam1 intrinsics = 351.767,351.399,347.338,271.104 | -0.038,-0.008,0.004,-0.001
cam0 extrinsics = 0.500,0.503,0.496,0.502 | -0.047,0.011,-0.047
cam1 extrinsics = 0.499,0.502,0.499,0.500 | 0.062,0.011,-0.047
[34m[TIME]: 0.0069 seconds total (144.7 hz, 0.10 ms behind)
[0mq_GtoI = -0.256,-0.967,-0.002,0.003 | p_IinG = -0.668,21.190,0.509 | dist = 37.10 (meters)
bg = 0.0009,-0.0001,-0.0003 | ba = 0.1039,0.0381,0.1541
camera-imu timeoffset = 0.00184
cam0 intrinsics = 350.556,350.265,368.091,253.186 | -0.037,-0.008,0.004,-0.001
cam1 intrinsics = 351.767,351.399,347.338,271.104 | -0.038,-0.008,0.004,-0.001
cam0 extrinsics = 0.500,0.503,0.496,0.502 | -0.047,0.011,-0.047
cam1 extrinsics = 0.499,0.502,0.499,0.500 | 0.062,0.011,-0.047
[34m[TIME]: 0.0085 seconds total (117.4 hz, 0.11 ms behind)
[0mq_GtoI = -0.256,-0.967,-0.002,0.003 | p_IinG = -0.669,21.190,0.508 | dist = 37.10 (meters)
bg = 0.0009,-0.0001,-0.0003 | ba = 0.1039,0.0381,0.1541
camera-imu timeoffset = 0.00184
cam0 intrinsics = 350.556,350.266,368.091,253.185 | -0.037,-0.008,0.004,-0.001
cam1 intrinsics = 351.766,351.399,347.339,271.104 | -0.038,-0.008,0.004,-0.001
cam0 extrinsics = 0.500,0.503,0.496,0.502 | -0.047,0.011,-0.047
cam1 extrinsics = 0.499,0.502,0.499,0.500 | 0.062,0.011,-0.047
[34m[TIME]: 0.0092 seconds total (109.0 hz, 0.12 ms behind)
[0mq_GtoI = -0.256,-0.967,-0.002,0.003 | p_IinG = -0.669,21.190,0.508 | dist = 37.10 (meters)
bg = 0.0009,-0.0001,-0.0003 | ba = 0.1039,0.0381,0.1541
camera-imu timeoffset = 0.00184
cam0 intrinsics = 350.556,350.266,368.091,253.184 | -0.037,-0.008,0.004,-0.001
cam1 intrinsics = 351.765,351.398,347.339,271.104 | -0.038,-0.008,0.004,-0.001
cam0 extrinsics = 0.500,0.503,0.496,0.502 | -0.047,0.011,-0.047
cam1 extrinsics = 0.499,0.502,0.499,0.500 | 0.062,0.011,-0.047
[34m[TIME]: 0.0078 seconds total (127.8 hz, 0.13 ms behind)
[0mq_GtoI = -0.256,-0.967,-0.002,0.003 | p_IinG = -0.669,21.190,0.508 | dist = 37.10 (meters)
bg = 0.0009,-0.0001,-0.0003 | ba = 0.1039,0.0381,0.1541
camera-imu timeoffset = 0.00184
cam0 intrinsics = 350.556,350.266,368.091,253.182 | -0.037,-0.008,0.004,-0.001
cam1 intrinsics = 351.764,351.398,347.340,271.103 | -0.038,-0.008,0.004,-0.001
cam0 extrinsics = 0.500,0.503,0.496,0.502 | -0.047,0.011,-0.047
cam1 extrinsics = 0.499,0.502,0.499,0.500 | 0.062,0.011,-0.047
[34m[TIME]: 0.0063 seconds total (159.4 hz, 0.14 ms behind)
[0mq_GtoI = -0.256,-0.967,-0.002,0.003 | p_IinG = -0.669,21.190,0.508 | dist = 37.10 (meters)
bg = 0.0009,-0.0001,-0.0003 | ba = 0.1039,0.0381,0.1541
camera-imu timeoffset = 0.00184
cam0 intrinsics = 350.556,350.266,368.091,253.181 | -0.037,-0.008,0.004,-0.001
cam1 intrinsics = 351.764,351.397,347.341,271.103 | -0.038,-0.008,0.004,-0.001
cam0 extrinsics = 0.500,0.503,0.496,0.502 | -0.047,0.011,-0.047
cam1 extrinsics = 0.499,0.502,0.499,0.500 | 0.062,0.011,-0.047
[34m[TIME]: 0.0060 seconds total (167.6 hz, 0.15 ms behind)
[0mq_GtoI = -0.256,-0.967,-0.002,0.003 | p_IinG = -0.669,21.190,0.508 | dist = 37.10 (meters)
bg = 0.0009,-0.0001,-0.0003 | ba = 0.1039,0.0381,0.1541
camera-imu timeoffset = 0.00184
cam0 intrinsics = 350.556,350.267,368.091,253.180 | -0.037,-0.008,0.004,-0.001
cam1 intrinsics = 351.763,351.397,347.341,271.103 | -0.038,-0.008,0.004,-0.001
cam0 extrinsics = 0.500,0.503,0.496,0.502 | -0.047,0.011,-0.047
cam1 extrinsics = 0.499,0.502,0.499,0.500 | 0.062,0.011,-0.047
[34m[TIME]: 0.0074 seconds total (134.4 hz, 0.16 ms behind)
[0mq_GtoI = -0.256,-0.967,-0.002,0.003 | p_IinG = -0.669,21.190,0.508 | dist = 37.10 (meters)
bg = 0.0009,-0.0001,-0.0003 | ba = 0.1039,0.0381,0.1541
camera-imu timeoffset = 0.00184
cam0 intrinsics = 350.556,350.267,368.091,253.178 | -0.037,-0.008,0.004,-0.001
cam1 intrinsics = 351.762,351.396,347.342,271.103 | -0.038,-0.008,0.004,-0.001
cam0 extrinsics = 0.500,0.503,0.496,0.502 | -0.047,0.011,-0.047
cam1 extrinsics = 0.499,0.502,0.499,0.500 | 0.062,0.011,-0.047
[34m[TIME]: 0.0070 seconds total (142.0 hz, 0.17 ms behind)
[0mq_GtoI = -0.256,-0.967,-0.002,0.003 | p_IinG = -0.669,21.189,0.508 | dist = 37.10 (meters)
bg = 0.0009,-0.0001,-0.0003 | ba = 0.1039,0.0381,0.1541
camera-imu timeoffset = 0.00184
cam0 intrinsics = 350.556,350.267,368.092,253.177 | -0.037,-0.008,0.004,-0.001
cam1 intrinsics = 351.761,351.395,347.343,271.103 | -0.038,-0.008,0.004,-0.001
cam0 extrinsics = 0.500,0.503,0.496,0.502 | -0.047,0.011,-0.047
cam1 extrinsics = 0.499,0.502,0.499,0.500 | 0.062,0.011,-0.047
[34m[TIME]: 0.0085 seconds total (117.5 hz, 0.18 ms behind)
[0mq_GtoI = -0.256,-0.967,-0.002,0.003 | p_IinG = -0.669,21.189,0.508 | dist = 37.10 (meters)
bg = 0.0009,-0.0001,-0.0003 | ba = 0.1039,0.0381,0.1541
camera-imu timeoffset = 0.00184
cam0 intrinsics = 350.556,350.268,368.092,253.176 | -0.037,-0.008,0.004,-0.001
cam1 intrinsics = 351.760,351.395,347.343,271.102 | -0.038,-0.008,0.004,-0.001
cam0 extrinsics = 0.500,0.503,0.496,0.502 | -0.047,0.011,-0.047
cam1 extrinsics = 0.499,0.502,0.499,0.500 | 0.062,0.011,-0.047
[34m[TIME]: 0.0071 seconds total (141.2 hz, 0.19 ms behind)
[0mq_GtoI = -0.256,-0.967,-0.002,0.003 | p_IinG = -0.669,21.189,0.508 | dist = 37.10 (meters)
bg = 0.0009,-0.0001,-0.0003 | ba = 0.1039,0.0381,0.1541
camera-imu timeoffset = 0.00184
cam0 intrinsics = 350.556,350.268,368.092,253.175 | -0.037,-0.008,0.004,-0.001
cam1 intrinsics = 351.759,351.394,347.344,271.102 | -0.038,-0.008,0.004,-0.001
cam0 extrinsics = 0.500,0.503,0.496,0.502 | -0.047,0.011,-0.047
cam1 extrinsics = 0.499,0.502,0.499,0.500 | 0.062,0.011,-0.047
[34m[TIME]: 0.0093 seconds total (107.9 hz, 0.20 ms behind)
[0mq_GtoI = -0.256,-0.967,-0.002,0.003 | p_IinG = -0.669,21.189,0.508 | dist = 37.10 (meters)
bg = 0.0009,-0.0001,-0.0003 | ba = 0.1039,0.0380,0.1541
camera-imu timeoffset = 0.00184
cam0 intrinsics = 350.556,350.268,368.092,253.173 | -0.037,-0.008,0.004,-0.001
cam1 intrinsics = 351.758,351.394,347.344,271.102 | -0.038,-0.008,0.004,-0.001
cam0 extrinsics = 0.500,0.503,0.496,0.502 | -0.047,0.011,-0.047
cam1 extrinsics = 0.499,0.502,0.499,0.500 | 0.062,0.011,-0.047
[34m[TIME]: 0.0074 seconds total (135.6 hz, 0.21 ms behind)
[0mq_GtoI = -0.256,-0.967,-0.002,0.003 | p_IinG = -0.669,21.189,0.508 | dist = 37.10 (meters)
bg = 0.0009,-0.0001,-0.0003 | ba = 0.1039,0.0380,0.1541
camera-imu timeoffset = 0.00184
cam0 intrinsics = 350.557,350.268,368.092,253.172 | -0.037,-0.008,0.004,-0.001
cam1 intrinsics = 351.757,351.393,347.345,271.101 | -0.038,-0.008,0.004,-0.001
cam0 extrinsics = 0.500,0.503,0.496,0.502 | -0.047,0.011,-0.047
cam1 extrinsics = 0.499,0.502,0.499,0.500 | 0.062,0.012,-0.047
[34m[TIME]: 0.0076 seconds total (132.0 hz, 0.22 ms behind)
[0mq_GtoI = -0.256,-0.967,-0.002,0.003 | p_IinG = -0.669,21.189,0.508 | dist = 37.10 (meters)
bg = 0.0009,-0.0001,-0.0003 | ba = 0.1039,0.0380,0.1541
camera-imu timeoffset = 0.00184
cam0 intrinsics = 350.557,350.269,368.092,253.171 | -0.037,-0.007,0.004,-0.001
cam1 intrinsics = 351.757,351.392,347.346,271.101 | -0.038,-0.008,0.004,-0.001
cam0 extrinsics = 0.500,0.503,0.496,0.502 | -0.047,0.011,-0.047
cam1 extrinsics = 0.499,0.502,0.499,0.500 | 0.062,0.012,-0.047
[34m[TIME]: 0.0077 seconds total (129.9 hz, 0.23 ms behind)
[0mq_GtoI = -0.256,-0.967,-0.002,0.003 | p_IinG = -0.670,21.189,0.508 | dist = 37.10 (meters)
bg = 0.0009,-0.0001,-0.0003 | ba = 0.1039,0.0380,0.1541
camera-imu timeoffset = 0.00184
cam0 intrinsics = 350.557,350.269,368.092,253.169 | -0.037,-0.007,0.004,-0.001
cam1 intrinsics = 351.756,351.392,347.346,271.100 | -0.038,-0.008,0.004,-0.001
cam0 extrinsics = 0.500,0.503,0.496,0.502 | -0.047,0.011,-0.047
cam1 extrinsics = 0.499,0.502,0.499,0.500 | 0.062,0.012,-0.047
[34m[TIME]: 0.0090 seconds total (111.5 hz, 0.24 ms behind)
[0mq_GtoI = -0.256,-0.967,-0.002,0.003 | p_IinG = -0.670,21.189,0.508 | dist = 37.10 (meters)
bg = 0.0009,-0.0001,-0.0003 | ba = 0.1039,0.0380,0.1540
camera-imu timeoffset = 0.00184
cam0 intrinsics = 350.557,350.269,368.092,253.168 | -0.037,-0.007,0.004,-0.001
cam1 intrinsics = 351.755,351.391,347.347,271.100 | -0.038,-0.008,0.004,-0.001
cam0 extrinsics = 0.500,0.503,0.496,0.502 | -0.047,0.011,-0.047
cam1 extrinsics = 0.499,0.502,0.499,0.500 | 0.062,0.012,-0.047
[34m[TIME]: 0.0057 seconds total (176.1 hz, 0.00 ms behind)
[0mq_GtoI = -0.256,-0.967,-0.002,0.003 | p_IinG = -0.670,21.189,0.508 | dist = 37.10 (meters)
bg = 0.0009,-0.0001,-0.0003 | ba = 0.1039,0.0380,0.1540
camera-imu timeoffset = 0.00184
cam0 intrinsics = 350.557,350.269,368.092,253.167 | -0.037,-0.007,0.004,-0.001
cam1 intrinsics = 351.754,351.390,347.348,271.100 | -0.038,-0.008,0.004,-0.001
cam0 extrinsics = 0.500,0.503,0.496,0.502 | -0.047,0.011,-0.047
cam1 extrinsics = 0.499,0.502,0.499,0.500 | 0.062,0.012,-0.047
[34m[TIME]: 0.0093 seconds total (108.1 hz, 0.01 ms behind)
[0mq_GtoI = -0.256,-0.967,-0.002,0.003 | p_IinG = -0.670,21.189,0.508 | dist = 37.10 (meters)
bg = 0.0009,-0.0001,-0.0003 | ba = 0.1039,0.0380,0.1540
camera-imu timeoffset = 0.00184
cam0 intrinsics = 350.557,350.269,368.092,253.165 | -0.037,-0.007,0.004,-0.001
cam1 intrinsics = 351.753,351.390,347.348,271.100 | -0.038,-0.008,0.004,-0.001
cam0 extrinsics = 0.500,0.503,0.496,0.502 | -0.047,0.011,-0.047
cam1 extrinsics = 0.499,0.502,0.499,0.500 | 0.062,0.012,-0.047
[34m[TIME]: 0.0063 seconds total (158.7 hz, 0.02 ms behind)
[0mq_GtoI = -0.256,-0.967,-0.002,0.003 | p_IinG = -0.670,21.189,0.508 | dist = 37.10 (meters)
bg = 0.0009,-0.0001,-0.0003 | ba = 0.1039,0.0380,0.1540
camera-imu timeoffset = 0.00184
cam0 intrinsics = 350.557,350.270,368.092,253.164 | -0.037,-0.007,0.004,-0.001
cam1 intrinsics = 351.753,351.389,347.348,271.099 | -0.037,-0.008,0.004,-0.001
cam0 extrinsics = 0.500,0.503,0.496,0.502 | -0.047,0.011,-0.047
cam1 extrinsics = 0.499,0.502,0.499,0.500 | 0.062,0.012,-0.047
[34m[TIME]: 0.0089 seconds total (112.2 hz, 0.03 ms behind)
[0mq_GtoI = -0.256,-0.967,-0.002,0.003 | p_IinG = -0.670,21.189,0.508 | dist = 37.10 (meters)
bg = 0.0009,-0.0001,-0.0003 | ba = 0.1039,0.0380,0.1540
camera-imu timeoffset = 0.00184
cam0 intrinsics = 350.557,350.270,368.092,253.163 | -0.037,-0.007,0.004,-0.001
cam1 intrinsics = 351.752,351.389,347.349,271.099 | -0.037,-0.008,0.004,-0.001
cam0 extrinsics = 0.500,0.503,0.496,0.502 | -0.047,0.011,-0.047
cam1 extrinsics = 0.499,0.502,0.499,0.500 | 0.062,0.012,-0.047
[34m[TIME]: 0.0057 seconds total (176.5 hz, 0.04 ms behind)
[0mq_GtoI = -0.256,-0.967,-0.002,0.003 | p_IinG = -0.670,21.189,0.508 | dist = 37.10 (meters)
bg = 0.0009,-0.0001,-0.0003 | ba = 0.1039,0.0380,0.1540
camera-imu timeoffset = 0.00184
cam0 intrinsics = 350.557,350.270,368.092,253.162 | -0.037,-0.007,0.004,-0.001
cam1 intrinsics = 351.751,351.388,347.349,271.099 | -0.037,-0.008,0.004,-0.001
cam0 extrinsics = 0.500,0.503,0.496,0.502 | -0.047,0.011,-0.047
cam1 extrinsics = 0.499,0.502,0.499,0.500 | 0.062,0.012,-0.047
[34m[TIME]: 0.0060 seconds total (167.8 hz, 0.05 ms behind)
[0mq_GtoI = -0.256,-0.967,-0.002,0.003 | p_IinG = -0.670,21.189,0.508 | dist = 37.10 (meters)
bg = 0.0009,-0.0001,-0.0003 | ba = 0.1039,0.0380,0.1540
camera-imu timeoffset = 0.00184
cam0 intrinsics = 350.558,350.271,368.092,253.160 | -0.037,-0.007,0.004,-0.001
cam1 intrinsics = 351.750,351.387,347.349,271.099 | -0.037,-0.008,0.004,-0.001
cam0 extrinsics = 0.500,0.503,0.496,0.502 | -0.047,0.011,-0.047
cam1 extrinsics = 0.499,0.502,0.499,0.500 | 0.062,0.012,-0.047
[34m[TIME]: 0.0078 seconds total (128.4 hz, 0.06 ms behind)
[0mq_GtoI = -0.256,-0.967,-0.002,0.003 | p_IinG = -0.670,21.189,0.508 | dist = 37.10 (meters)
bg = 0.0009,-0.0001,-0.0003 | ba = 0.1038,0.0380,0.1540
camera-imu timeoffset = 0.00184
cam0 intrinsics = 350.558,350.271,368.092,253.159 | -0.037,-0.007,0.004,-0.001
cam1 intrinsics = 351.749,351.387,347.350,271.099 | -0.037,-0.008,0.004,-0.001
cam0 extrinsics = 0.500,0.503,0.496,0.502 | -0.047,0.011,-0.047
cam1 extrinsics = 0.499,0.502,0.499,0.500 | 0.062,0.012,-0.047
[34m[TIME]: 0.0073 seconds total (137.5 hz, 0.07 ms behind)
[0mq_GtoI = -0.255,-0.967,-0.002,0.003 | p_IinG = -0.670,21.189,0.508 | dist = 37.10 (meters)
bg = 0.0009,-0.0001,-0.0003 | ba = 0.1038,0.0380,0.1540
camera-imu timeoffset = 0.00184
cam0 intrinsics = 350.558,350.272,368.092,253.158 | -0.037,-0.007,0.004,-0.001
cam1 intrinsics = 351.748,351.386,347.350,271.099 | -0.037,-0.008,0.004,-0.001
cam0 extrinsics = 0.500,0.503,0.496,0.502 | -0.047,0.011,-0.047
cam1 extrinsics = 0.499,0.502,0.499,0.500 | 0.062,0.012,-0.047
[34m[TIME]: 0.0082 seconds total (122.5 hz, 0.09 ms behind)
[0mq_GtoI = -0.255,-0.967,-0.002,0.003 | p_IinG = -0.670,21.189,0.508 | dist = 37.10 (meters)
bg = 0.0009,-0.0001,-0.0003 | ba = 0.1038,0.0380,0.1540
camera-imu timeoffset = 0.00184
cam0 intrinsics = 350.558,350.272,368.092,253.157 | -0.037,-0.007,0.004,-0.001
cam1 intrinsics = 351.747,351.386,347.350,271.098 | -0.037,-0.008,0.004,-0.001
cam0 extrinsics = 0.500,0.503,0.496,0.502 | -0.047,0.011,-0.047
cam1 extrinsics = 0.499,0.502,0.499,0.500 | 0.062,0.012,-0.047
[34m[TIME]: 0.0060 seconds total (167.5 hz, 0.10 ms behind)
[0mq_GtoI = -0.255,-0.967,-0.002,0.003 | p_IinG = -0.670,21.189,0.508 | dist = 37.10 (meters)
bg = 0.0009,-0.0001,-0.0003 | ba = 0.1038,0.0380,0.1540
camera-imu timeoffset = 0.00184
cam0 intrinsics = 350.558,350.273,368.092,253.156 | -0.037,-0.007,0.004,-0.001
cam1 intrinsics = 351.747,351.386,347.350,271.098 | -0.037,-0.008,0.004,-0.001
cam0 extrinsics = 0.500,0.503,0.496,0.502 | -0.047,0.011,-0.047
cam1 extrinsics = 0.499,0.502,0.499,0.500 | 0.062,0.012,-0.047
[34m[TIME]: 0.0088 seconds total (114.0 hz, 0.11 ms behind)
[0mq_GtoI = -0.255,-0.967,-0.002,0.003 | p_IinG = -0.670,21.189,0.508 | dist = 37.10 (meters)
bg = 0.0009,-0.0001,-0.0003 | ba = 0.1038,0.0380,0.1540
camera-imu timeoffset = 0.00184
cam0 intrinsics = 350.558,350.273,368.092,253.155 | -0.037,-0.007,0.004,-0.001
cam1 intrinsics = 351.746,351.385,347.351,271.098 | -0.037,-0.008,0.004,-0.001
cam0 extrinsics = 0.500,0.503,0.496,0.502 | -0.047,0.011,-0.047
cam1 extrinsics = 0.499,0.502,0.499,0.500 | 0.062,0.012,-0.047
[34m[TIME]: 0.0055 seconds total (180.6 hz, 0.12 ms behind)
[0mq_GtoI = -0.255,-0.967,-0.002,0.003 | p_IinG = -0.671,21.189,0.508 | dist = 37.10 (meters)
bg = 0.0009,-0.0001,-0.0003 | ba = 0.1038,0.0380,0.1540
camera-imu timeoffset = 0.00184
cam0 intrinsics = 350.558,350.273,368.092,253.154 | -0.037,-0.007,0.004,-0.001
cam1 intrinsics = 351.745,351.385,347.351,271.098 | -0.037,-0.008,0.004,-0.001
cam0 extrinsics = 0.500,0.503,0.496,0.502 | -0.047,0.011,-0.047
cam1 extrinsics = 0.499,0.502,0.499,0.500 | 0.062,0.012,-0.047
[34m[TIME]: 0.0085 seconds total (117.5 hz, 0.13 ms behind)
[0mq_GtoI = -0.255,-0.967,-0.002,0.003 | p_IinG = -0.671,21.189,0.508 | dist = 37.10 (meters)
bg = 0.0009,-0.0001,-0.0003 | ba = 0.1038,0.0380,0.1540
camera-imu timeoffset = 0.00184
cam0 intrinsics = 350.558,350.274,368.092,253.153 | -0.037,-0.007,0.004,-0.001
cam1 intrinsics = 351.744,351.385,347.351,271.098 | -0.037,-0.008,0.004,-0.001
cam0 extrinsics = 0.500,0.503,0.496,0.502 | -0.047,0.011,-0.047
cam1 extrinsics = 0.499,0.502,0.499,0.500 | 0.062,0.012,-0.047
[34m[TIME]: 0.0066 seconds total (151.7 hz, 0.14 ms behind)
[0mq_GtoI = -0.255,-0.967,-0.002,0.003 | p_IinG = -0.671,21.189,0.508 | dist = 37.10 (meters)
bg = 0.0009,-0.0001,-0.0003 | ba = 0.1038,0.0380,0.1539
camera-imu timeoffset = 0.00184
cam0 intrinsics = 350.558,350.274,368.092,253.151 | -0.037,-0.007,0.004,-0.001
cam1 intrinsics = 351.743,351.384,347.352,271.098 | -0.037,-0.008,0.004,-0.001
cam0 extrinsics = 0.500,0.503,0.496,0.502 | -0.047,0.011,-0.047
cam1 extrinsics = 0.499,0.502,0.499,0.500 | 0.062,0.012,-0.047
[34m[TIME]: 0.0065 seconds total (154.7 hz, 0.15 ms behind)
[0mq_GtoI = -0.255,-0.967,-0.002,0.003 | p_IinG = -0.671,21.188,0.508 | dist = 37.10 (meters)
bg = 0.0009,-0.0001,-0.0003 | ba = 0.1038,0.0380,0.1539
camera-imu timeoffset = 0.00184
cam0 intrinsics = 350.558,350.274,368.092,253.150 | -0.037,-0.007,0.004,-0.001
cam1 intrinsics = 351.742,351.384,347.353,271.097 | -0.037,-0.008,0.004,-0.001
cam0 extrinsics = 0.500,0.503,0.496,0.502 | -0.047,0.011,-0.047
cam1 extrinsics = 0.499,0.502,0.499,0.500 | 0.062,0.012,-0.047
[34m[TIME]: 0.0059 seconds total (170.9 hz, 0.16 ms behind)
[0mq_GtoI = -0.255,-0.967,-0.002,0.003 | p_IinG = -0.671,21.188,0.508 | dist = 37.10 (meters)
bg = 0.0009,-0.0001,-0.0003 | ba = 0.1038,0.0380,0.1539
camera-imu timeoffset = 0.00184
cam0 intrinsics = 350.558,350.275,368.092,253.149 | -0.037,-0.007,0.004,-0.001
cam1 intrinsics = 351.742,351.383,347.353,271.097 | -0.037,-0.008,0.004,-0.001
cam0 extrinsics = 0.500,0.503,0.496,0.502 | -0.047,0.011,-0.047
cam1 extrinsics = 0.499,0.502,0.499,0.500 | 0.062,0.012,-0.047
[34m[TIME]: 0.0078 seconds total (128.9 hz, 0.17 ms behind)
[0mq_GtoI = -0.255,-0.967,-0.002,0.003 | p_IinG = -0.671,21.188,0.508 | dist = 37.10 (meters)
bg = 0.0009,-0.0001,-0.0003 | ba = 0.1038,0.0380,0.1539
camera-imu timeoffset = 0.00184
cam0 intrinsics = 350.558,350.275,368.093,253.148 | -0.037,-0.007,0.004,-0.001
cam1 intrinsics = 351.741,351.383,347.354,271.097 | -0.037,-0.008,0.004,-0.001
cam0 extrinsics = 0.500,0.503,0.496,0.502 | -0.047,0.011,-0.047
cam1 extrinsics = 0.499,0.502,0.499,0.500 | 0.062,0.012,-0.047
[34m[TIME]: 0.0065 seconds total (154.6 hz, 0.18 ms behind)
[0mq_GtoI = -0.255,-0.967,-0.002,0.003 | p_IinG = -0.671,21.188,0.508 | dist = 37.10 (meters)
bg = 0.0009,-0.0001,-0.0003 | ba = 0.1038,0.0380,0.1539
camera-imu timeoffset = 0.00184
cam0 intrinsics = 350.558,350.275,368.093,253.146 | -0.037,-0.007,0.004,-0.001
cam1 intrinsics = 351.740,351.383,347.354,271.097 | -0.037,-0.008,0.004,-0.001
cam0 extrinsics = 0.500,0.503,0.496,0.502 | -0.047,0.011,-0.047
cam1 extrinsics = 0.499,0.502,0.499,0.500 | 0.062,0.012,-0.047
[34m[TIME]: 0.0087 seconds total (115.3 hz, 0.19 ms behind)
[0mq_GtoI = -0.255,-0.967,-0.002,0.003 | p_IinG = -0.671,21.188,0.508 | dist = 37.10 (meters)
bg = 0.0009,-0.0001,-0.0003 | ba = 0.1038,0.0380,0.1539
camera-imu timeoffset = 0.00184
cam0 intrinsics = 350.558,350.275,368.093,253.145 | -0.037,-0.007,0.004,-0.001
cam1 intrinsics = 351.739,351.382,347.354,271.096 | -0.037,-0.008,0.004,-0.001
cam0 extrinsics = 0.500,0.503,0.496,0.502 | -0.047,0.011,-0.047
cam1 extrinsics = 0.499,0.502,0.499,0.500 | 0.062,0.012,-0.047
[34m[TIME]: 0.0087 seconds total (115.5 hz, 0.20 ms behind)
[0mq_GtoI = -0.255,-0.967,-0.002,0.003 | p_IinG = -0.671,21.188,0.508 | dist = 37.10 (meters)
bg = 0.0009,-0.0001,-0.0003 | ba = 0.1038,0.0380,0.1539
camera-imu timeoffset = 0.00184
cam0 intrinsics = 350.559,350.276,368.093,253.143 | -0.037,-0.007,0.003,-0.001
cam1 intrinsics = 351.739,351.382,347.355,271.096 | -0.037,-0.008,0.004,-0.001
cam0 extrinsics = 0.500,0.503,0.496,0.502 | -0.047,0.011,-0.047
cam1 extrinsics = 0.499,0.502,0.499,0.500 | 0.062,0.012,-0.047
[34m[TIME]: 0.0077 seconds total (129.4 hz, 0.21 ms behind)
[0mq_GtoI = -0.255,-0.967,-0.002,0.003 | p_IinG = -0.671,21.188,0.508 | dist = 37.10 (meters)
bg = 0.0009,-0.0001,-0.0003 | ba = 0.1038,0.0380,0.1539
camera-imu timeoffset = 0.00184
cam0 intrinsics = 350.559,350.276,368.093,253.142 | -0.037,-0.007,0.003,-0.001
cam1 intrinsics = 351.738,351.381,347.355,271.095 | -0.037,-0.008,0.004,-0.001
cam0 extrinsics = 0.500,0.503,0.496,0.502 | -0.047,0.011,-0.047
cam1 extrinsics = 0.499,0.502,0.499,0.500 | 0.062,0.012,-0.047
[34m[TIME]: 0.0067 seconds total (149.0 hz, 0.22 ms behind)
[0mq_GtoI = -0.255,-0.967,-0.002,0.003 | p_IinG = -0.671,21.188,0.508 | dist = 37.10 (meters)
bg = 0.0009,-0.0001,-0.0003 | ba = 0.1038,0.0380,0.1539
camera-imu timeoffset = 0.00184
cam0 intrinsics = 350.559,350.276,368.092,253.141 | -0.037,-0.007,0.003,-0.001
cam1 intrinsics = 351.737,351.381,347.356,271.095 | -0.037,-0.008,0.004,-0.001
cam0 extrinsics = 0.500,0.503,0.496,0.502 | -0.047,0.011,-0.047
cam1 extrinsics = 0.499,0.502,0.499,0.500 | 0.061,0.012,-0.047
[34m[TIME]: 0.0063 seconds total (158.0 hz, 0.23 ms behind)
[0mq_GtoI = -0.255,-0.967,-0.002,0.003 | p_IinG = -0.671,21.188,0.508 | dist = 37.10 (meters)
bg = 0.0009,-0.0001,-0.0003 | ba = 0.1038,0.0380,0.1539
camera-imu timeoffset = 0.00184
cam0 intrinsics = 350.559,350.277,368.092,253.139 | -0.037,-0.007,0.003,-0.001
cam1 intrinsics = 351.736,351.381,347.356,271.095 | -0.037,-0.008,0.004,-0.001
cam0 extrinsics = 0.500,0.503,0.496,0.502 | -0.047,0.011,-0.047
cam1 extrinsics = 0.499,0.502,0.499,0.500 | 0.061,0.012,-0.047
[34m[TIME]: 0.0071 seconds total (139.9 hz, 0.24 ms behind)
[0mq_GtoI = -0.255,-0.967,-0.002,0.003 | p_IinG = -0.671,21.188,0.508 | dist = 37.10 (meters)
bg = 0.0009,-0.0001,-0.0003 | ba = 0.1038,0.0380,0.1539
camera-imu timeoffset = 0.00184
cam0 intrinsics = 350.559,350.277,368.092,253.138 | -0.037,-0.007,0.003,-0.001
cam1 intrinsics = 351.736,351.380,347.356,271.094 | -0.037,-0.008,0.004,-0.001
cam0 extrinsics = 0.500,0.503,0.496,0.502 | -0.047,0.011,-0.047
cam1 extrinsics = 0.499,0.502,0.499,0.500 | 0.061,0.012,-0.047
[34m[TIME]: 0.0060 seconds total (166.6 hz, 0.00 ms behind)
[0mq_GtoI = -0.255,-0.967,-0.002,0.003 | p_IinG = -0.671,21.188,0.507 | dist = 37.10 (meters)
bg = 0.0009,-0.0001,-0.0003 | ba = 0.1038,0.0380,0.1539
camera-imu timeoffset = 0.00184
cam0 intrinsics = 350.559,350.277,368.092,253.137 | -0.037,-0.007,0.003,-0.001
cam1 intrinsics = 351.735,351.380,347.357,271.094 | -0.037,-0.008,0.004,-0.001
cam0 extrinsics = 0.500,0.503,0.496,0.502 | -0.047,0.011,-0.047
cam1 extrinsics = 0.499,0.502,0.499,0.500 | 0.061,0.012,-0.047
[34m[TIME]: 0.0093 seconds total (107.7 hz, 0.01 ms behind)
[0mq_GtoI = -0.255,-0.967,-0.002,0.003 | p_IinG = -0.671,21.188,0.507 | dist = 37.10 (meters)
bg = 0.0009,-0.0001,-0.0003 | ba = 0.1038,0.0380,0.1539
camera-imu timeoffset = 0.00184
cam0 intrinsics = 350.559,350.278,368.092,253.135 | -0.037,-0.007,0.003,-0.001
cam1 intrinsics = 351.734,351.380,347.357,271.093 | -0.037,-0.008,0.004,-0.001
cam0 extrinsics = 0.500,0.503,0.496,0.502 | -0.047,0.011,-0.047
cam1 extrinsics = 0.499,0.502,0.499,0.500 | 0.061,0.012,-0.047
[34m[TIME]: 0.0092 seconds total (108.2 hz, 0.02 ms behind)
[0mq_GtoI = -0.255,-0.967,-0.002,0.003 | p_IinG = -0.671,21.188,0.507 | dist = 37.10 (meters)
bg = 0.0009,-0.0001,-0.0003 | ba = 0.1038,0.0380,0.1539
camera-imu timeoffset = 0.00184
cam0 intrinsics = 350.559,350.278,368.092,253.134 | -0.037,-0.007,0.003,-0.001
cam1 intrinsics = 351.733,351.379,347.357,271.093 | -0.037,-0.008,0.004,-0.001
cam0 extrinsics = 0.500,0.503,0.496,0.502 | -0.047,0.011,-0.047
cam1 extrinsics = 0.499,0.502,0.499,0.500 | 0.061,0.012,-0.047
[34m[TIME]: 0.0094 seconds total (106.8 hz, 0.03 ms behind)
[0mq_GtoI = -0.255,-0.967,-0.002,0.003 | p_IinG = -0.671,21.188,0.507 | dist = 37.10 (meters)
bg = 0.0009,-0.0000,-0.0003 | ba = 0.1038,0.0380,0.1538
camera-imu timeoffset = 0.00184
cam0 intrinsics = 350.559,350.279,368.092,253.132 | -0.037,-0.007,0.003,-0.001
cam1 intrinsics = 351.732,351.379,347.358,271.092 | -0.037,-0.008,0.004,-0.001
cam0 extrinsics = 0.500,0.503,0.496,0.502 | -0.047,0.011,-0.047
cam1 extrinsics = 0.499,0.502,0.499,0.500 | 0.061,0.012,-0.047
[34m[TIME]: 0.0086 seconds total (116.8 hz, 0.04 ms behind)
[0mq_GtoI = -0.255,-0.967,-0.002,0.003 | p_IinG = -0.671,21.188,0.507 | dist = 37.10 (meters)
bg = 0.0009,-0.0000,-0.0003 | ba = 0.1038,0.0380,0.1538
camera-imu timeoffset = 0.00184
cam0 intrinsics = 350.559,350.279,368.092,253.131 | -0.037,-0.007,0.003,-0.001
cam1 intrinsics = 351.731,351.379,347.358,271.092 | -0.037,-0.008,0.004,-0.001
cam0 extrinsics = 0.500,0.503,0.496,0.502 | -0.047,0.011,-0.047
cam1 extrinsics = 0.499,0.502,0.499,0.500 | 0.061,0.012,-0.047
[34m[TIME]: 0.0092 seconds total (108.8 hz, 0.05 ms behind)
[0mq_GtoI = -0.255,-0.967,-0.002,0.003 | p_IinG = -0.671,21.188,0.507 | dist = 37.10 (meters)
bg = 0.0009,-0.0000,-0.0003 | ba = 0.1038,0.0380,0.1538
camera-imu timeoffset = 0.00184
cam0 intrinsics = 350.559,350.279,368.092,253.129 | -0.037,-0.007,0.003,-0.001
cam1 intrinsics = 351.731,351.378,347.359,271.092 | -0.037,-0.008,0.004,-0.001
cam0 extrinsics = 0.500,0.503,0.496,0.502 | -0.047,0.011,-0.047
cam1 extrinsics = 0.499,0.502,0.499,0.500 | 0.061,0.012,-0.047
[34m[TIME]: 0.0089 seconds total (111.7 hz, 0.06 ms behind)
[0mq_GtoI = -0.255,-0.967,-0.002,0.003 | p_IinG = -0.671,21.188,0.507 | dist = 37.10 (meters)
bg = 0.0009,-0.0000,-0.0003 | ba = 0.1038,0.0380,0.1538
camera-imu timeoffset = 0.00184
cam0 intrinsics = 350.559,350.279,368.092,253.128 | -0.037,-0.007,0.003,-0.001
cam1 intrinsics = 351.730,351.378,347.359,271.091 | -0.037,-0.008,0.004,-0.001
cam0 extrinsics = 0.500,0.503,0.496,0.502 | -0.047,0.011,-0.047
cam1 extrinsics = 0.499,0.502,0.499,0.500 | 0.061,0.012,-0.047
[34m[TIME]: 0.0084 seconds total (119.1 hz, 0.07 ms behind)
[0mq_GtoI = -0.255,-0.967,-0.002,0.003 | p_IinG = -0.671,21.188,0.507 | dist = 37.10 (meters)
bg = 0.0009,-0.0000,-0.0003 | ba = 0.1038,0.0380,0.1538
camera-imu timeoffset = 0.00184
cam0 intrinsics = 350.559,350.280,368.092,253.126 | -0.037,-0.007,0.003,-0.001
cam1 intrinsics = 351.729,351.377,347.359,271.091 | -0.037,-0.008,0.004,-0.001
cam0 extrinsics = 0.500,0.503,0.496,0.502 | -0.047,0.011,-0.047
cam1 extrinsics = 0.499,0.502,0.499,0.500 | 0.061,0.012,-0.047
[34m[TIME]: 0.0066 seconds total (150.9 hz, 0.08 ms behind)
[0mq_GtoI = -0.255,-0.967,-0.002,0.003 | p_IinG = -0.671,21.188,0.507 | dist = 37.10 (meters)
bg = 0.0009,-0.0000,-0.0003 | ba = 0.1038,0.0380,0.1538
camera-imu timeoffset = 0.00184
cam0 intrinsics = 350.559,350.280,368.092,253.125 | -0.037,-0.007,0.003,-0.001
cam1 intrinsics = 351.728,351.377,347.360,271.090 | -0.037,-0.008,0.004,-0.001
cam0 extrinsics = 0.500,0.503,0.496,0.502 | -0.047,0.011,-0.047
cam1 extrinsics = 0.499,0.502,0.499,0.500 | 0.061,0.012,-0.047
[34m[TIME]: 0.0079 seconds total (126.2 hz, 0.10 ms behind)
[0mq_GtoI = -0.255,-0.967,-0.002,0.003 | p_IinG = -0.671,21.188,0.507 | dist = 37.10 (meters)
bg = 0.0009,-0.0000,-0.0003 | ba = 0.1038,0.0380,0.1538
camera-imu timeoffset = 0.00184
cam0 intrinsics = 350.559,350.281,368.092,253.123 | -0.037,-0.007,0.003,-0.001
cam1 intrinsics = 351.727,351.377,347.360,271.090 | -0.037,-0.008,0.004,-0.001
cam0 extrinsics = 0.500,0.503,0.496,0.502 | -0.047,0.011,-0.047
cam1 extrinsics = 0.499,0.502,0.499,0.500 | 0.061,0.012,-0.047
[34m[TIME]: 0.0072 seconds total (138.9 hz, 0.11 ms behind)
[0mq_GtoI = -0.255,-0.967,-0.002,0.003 | p_IinG = -0.671,21.188,0.507 | dist = 37.10 (meters)
bg = 0.0009,-0.0000,-0.0003 | ba = 0.1038,0.0380,0.1538
camera-imu timeoffset = 0.00184
cam0 intrinsics = 350.559,350.281,368.093,253.122 | -0.037,-0.007,0.003,-0.001
cam1 intrinsics = 351.726,351.376,347.361,271.089 | -0.037,-0.008,0.004,-0.001
cam0 extrinsics = 0.500,0.503,0.496,0.502 | -0.047,0.011,-0.047
cam1 extrinsics = 0.499,0.502,0.499,0.500 | 0.061,0.012,-0.047
[34m[TIME]: 0.0085 seconds total (118.0 hz, 0.12 ms behind)
[0mq_GtoI = -0.255,-0.967,-0.002,0.003 | p_IinG = -0.671,21.187,0.507 | dist = 37.10 (meters)
bg = 0.0009,-0.0000,-0.0003 | ba = 0.1038,0.0380,0.1538
camera-imu timeoffset = 0.00184
cam0 intrinsics = 350.559,350.281,368.093,253.121 | -0.037,-0.007,0.003,-0.001
cam1 intrinsics = 351.725,351.376,347.361,271.089 | -0.037,-0.008,0.004,-0.001
cam0 extrinsics = 0.500,0.503,0.496,0.502 | -0.047,0.011,-0.047
cam1 extrinsics = 0.499,0.502,0.499,0.500 | 0.061,0.012,-0.047
[34m[TIME]: 0.0084 seconds total (119.1 hz, 0.13 ms behind)
[0mq_GtoI = -0.255,-0.967,-0.002,0.003 | p_IinG = -0.671,21.187,0.507 | dist = 37.10 (meters)
bg = 0.0009,-0.0000,-0.0003 | ba = 0.1038,0.0380,0.1538
camera-imu timeoffset = 0.00184
cam0 intrinsics = 350.559,350.282,368.093,253.119 | -0.037,-0.007,0.003,-0.001
cam1 intrinsics = 351.724,351.375,347.362,271.089 | -0.037,-0.008,0.004,-0.001
cam0 extrinsics = 0.500,0.503,0.496,0.502 | -0.047,0.011,-0.047
cam1 extrinsics = 0.499,0.502,0.499,0.500 | 0.061,0.012,-0.047
[34m[TIME]: 0.0090 seconds total (111.6 hz, 0.14 ms behind)
[0mq_GtoI = -0.255,-0.967,-0.002,0.003 | p_IinG = -0.671,21.187,0.507 | dist = 37.10 (meters)
bg = 0.0009,-0.0000,-0.0003 | ba = 0.1038,0.0380,0.1538
camera-imu timeoffset = 0.00184
cam0 intrinsics = 350.559,350.282,368.093,253.118 | -0.037,-0.007,0.003,-0.001
cam1 intrinsics = 351.724,351.375,347.362,271.088 | -0.037,-0.008,0.004,-0.001
cam0 extrinsics = 0.500,0.503,0.496,0.502 | -0.047,0.011,-0.047
cam1 extrinsics = 0.499,0.502,0.499,0.500 | 0.061,0.012,-0.047
[34m[TIME]: 0.0091 seconds total (110.1 hz, 0.15 ms behind)
[0mq_GtoI = -0.255,-0.967,-0.002,0.003 | p_IinG = -0.671,21.187,0.507 | dist = 37.10 (meters)
bg = 0.0009,-0.0000,-0.0003 | ba = 0.1038,0.0380,0.1538
camera-imu timeoffset = 0.00184
cam0 intrinsics = 350.559,350.283,368.093,253.117 | -0.037,-0.007,0.003,-0.001
cam1 intrinsics = 351.723,351.375,347.362,271.088 | -0.037,-0.008,0.004,-0.001
cam0 extrinsics = 0.500,0.503,0.496,0.502 | -0.047,0.011,-0.047
cam1 extrinsics = 0.499,0.502,0.499,0.500 | 0.061,0.012,-0.047
[34m[TIME]: 0.0073 seconds total (136.9 hz, 0.16 ms behind)
[0mq_GtoI = -0.256,-0.967,-0.002,0.003 | p_IinG = -0.671,21.187,0.507 | dist = 37.10 (meters)
bg = 0.0009,-0.0000,-0.0003 | ba = 0.1038,0.0380,0.1538
camera-imu timeoffset = 0.00184
cam0 intrinsics = 350.559,350.281,368.094,253.105 | -0.037,-0.007,0.003,-0.001
cam1 intrinsics = 351.724,351.374,347.361,271.088 | -0.037,-0.008,0.004,-0.001
cam0 extrinsics = 0.500,0.503,0.496,0.502 | -0.047,0.011,-0.047
cam1 extrinsics = 0.499,0.502,0.499,0.500 | 0.061,0.012,-0.047
[34m[TIME]: 0.0079 seconds total (126.4 hz, 0.17 ms behind)
[0mq_GtoI = -0.256,-0.967,-0.002,0.003 | p_IinG = -0.671,21.187,0.507 | dist = 37.10 (meters)
bg = 0.0009,-0.0000,-0.0003 | ba = 0.1038,0.0380,0.1538
camera-imu timeoffset = 0.00184
cam0 intrinsics = 350.559,350.282,368.095,253.102 | -0.037,-0.007,0.003,-0.001
cam1 intrinsics = 351.723,351.373,347.361,271.088 | -0.037,-0.008,0.004,-0.001
cam0 extrinsics = 0.500,0.503,0.496,0.502 | -0.047,0.011,-0.047
cam1 extrinsics = 0.499,0.502,0.499,0.500 | 0.061,0.012,-0.047
[34m[TIME]: 0.0069 seconds total (145.7 hz, 0.18 ms behind)
[0mq_GtoI = -0.256,-0.967,-0.002,0.003 | p_IinG = -0.671,21.187,0.507 | dist = 37.10 (meters)
bg = 0.0009,-0.0000,-0.0003 | ba = 0.1038,0.0380,0.1538
camera-imu timeoffset = 0.00184
cam0 intrinsics = 350.558,350.282,368.095,253.100 | -0.037,-0.007,0.003,-0.001
cam1 intrinsics = 351.722,351.372,347.361,271.088 | -0.037,-0.008,0.004,-0.001
cam0 extrinsics = 0.500,0.503,0.496,0.502 | -0.047,0.011,-0.047
cam1 extrinsics = 0.499,0.502,0.499,0.500 | 0.061,0.012,-0.047
[34m[TIME]: 0.0068 seconds total (146.2 hz, 0.19 ms behind)
[0mq_GtoI = -0.256,-0.967,-0.002,0.003 | p_IinG = -0.671,21.187,0.507 | dist = 37.10 (meters)
bg = 0.0009,-0.0000,-0.0003 | ba = 0.1038,0.0380,0.1537
camera-imu timeoffset = 0.00184
cam0 intrinsics = 350.558,350.282,368.095,253.098 | -0.037,-0.007,0.003,-0.001
cam1 intrinsics = 351.722,351.372,347.361,271.088 | -0.037,-0.008,0.004,-0.001
cam0 extrinsics = 0.500,0.503,0.496,0.502 | -0.047,0.011,-0.047
cam1 extrinsics = 0.499,0.502,0.499,0.500 | 0.061,0.012,-0.047
[34m[TIME]: 0.0066 seconds total (151.2 hz, 0.20 ms behind)
[0mq_GtoI = -0.256,-0.967,-0.002,0.003 | p_IinG = -0.671,21.187,0.507 | dist = 37.10 (meters)
bg = 0.0009,-0.0000,-0.0003 | ba = 0.1038,0.0380,0.1537
camera-imu timeoffset = 0.00184
cam0 intrinsics = 350.558,350.282,368.095,253.095 | -0.037,-0.007,0.003,-0.001
cam1 intrinsics = 351.721,351.371,347.361,271.088 | -0.037,-0.008,0.004,-0.001
cam0 extrinsics = 0.500,0.503,0.496,0.502 | -0.047,0.011,-0.047
cam1 extrinsics = 0.499,0.502,0.499,0.500 | 0.061,0.012,-0.047
[34m[TIME]: 0.0073 seconds total (137.0 hz, 0.21 ms behind)
[0mq_GtoI = -0.256,-0.967,-0.002,0.003 | p_IinG = -0.671,21.187,0.507 | dist = 37.10 (meters)
bg = 0.0009,-0.0000,-0.0003 | ba = 0.1038,0.0380,0.1537
camera-imu timeoffset = 0.00184
cam0 intrinsics = 350.558,350.282,368.096,253.093 | -0.037,-0.007,0.003,-0.001
cam1 intrinsics = 351.720,351.370,347.361,271.087 | -0.038,-0.008,0.004,-0.001
cam0 extrinsics = 0.500,0.503,0.496,0.502 | -0.047,0.011,-0.047
cam1 extrinsics = 0.499,0.502,0.499,0.500 | 0.061,0.012,-0.047
[34m[TIME]: 0.0072 seconds total (139.6 hz, 0.22 ms behind)
[0mq_GtoI = -0.256,-0.967,-0.002,0.003 | p_IinG = -0.671,21.187,0.507 | dist = 37.10 (meters)
bg = 0.0009,-0.0000,-0.0003 | ba = 0.1038,0.0380,0.1537
camera-imu timeoffset = 0.00184
cam0 intrinsics = 350.558,350.283,368.096,253.090 | -0.037,-0.007,0.003,-0.001
cam1 intrinsics = 351.719,351.369,347.361,271.087 | -0.038,-0.008,0.004,-0.001
cam0 extrinsics = 0.500,0.503,0.495,0.502 | -0.047,0.011,-0.047
cam1 extrinsics = 0.499,0.502,0.499,0.500 | 0.061,0.012,-0.047
[34m[TIME]: 0.0068 seconds total (146.8 hz, 0.23 ms behind)
[0mq_GtoI = -0.256,-0.967,-0.002,0.003 | p_IinG = -0.671,21.187,0.507 | dist = 37.10 (meters)
bg = 0.0009,-0.0000,-0.0003 | ba = 0.1038,0.0380,0.1537
camera-imu timeoffset = 0.00184
cam0 intrinsics = 350.558,350.283,368.096,253.088 | -0.037,-0.007,0.003,-0.001
cam1 intrinsics = 351.718,351.369,347.361,271.087 | -0.038,-0.008,0.004,-0.001
cam0 extrinsics = 0.500,0.503,0.495,0.502 | -0.047,0.011,-0.047
cam1 extrinsics = 0.499,0.502,0.499,0.500 | 0.061,0.012,-0.047
[34m[TIME]: 0.0073 seconds total (136.4 hz, 0.24 ms behind)
[0mq_GtoI = -0.256,-0.967,-0.002,0.003 | p_IinG = -0.671,21.187,0.507 | dist = 37.10 (meters)
bg = 0.0009,-0.0000,-0.0003 | ba = 0.1038,0.0380,0.1537
camera-imu timeoffset = 0.00184
cam0 intrinsics = 350.558,350.283,368.096,253.085 | -0.037,-0.007,0.003,-0.001
cam1 intrinsics = 351.717,351.368,347.361,271.086 | -0.038,-0.008,0.003,-0.001
cam0 extrinsics = 0.500,0.503,0.495,0.502 | -0.047,0.011,-0.047
cam1 extrinsics = 0.499,0.502,0.499,0.500 | 0.061,0.012,-0.047
[34m[TIME]: 0.0071 seconds total (141.8 hz, 0.00 ms behind)
[0mq_GtoI = -0.256,-0.967,-0.002,0.003 | p_IinG = -0.671,21.187,0.507 | dist = 37.10 (meters)
bg = 0.0009,-0.0000,-0.0003 | ba = 0.1038,0.0380,0.1537
camera-imu timeoffset = 0.00184
cam0 intrinsics = 350.558,350.283,368.097,253.083 | -0.037,-0.007,0.003,-0.001
cam1 intrinsics = 351.717,351.367,347.361,271.086 | -0.038,-0.008,0.003,-0.001
cam0 extrinsics = 0.500,0.503,0.495,0.502 | -0.047,0.011,-0.047
cam1 extrinsics = 0.499,0.502,0.499,0.500 | 0.061,0.012,-0.047
[34m[TIME]: 0.0080 seconds total (124.3 hz, 0.01 ms behind)
[0mq_GtoI = -0.256,-0.967,-0.002,0.003 | p_IinG = -0.671,21.187,0.507 | dist = 37.10 (meters)
bg = 0.0009,-0.0000,-0.0003 | ba = 0.1038,0.0380,0.1537
camera-imu timeoffset = 0.00184
cam0 intrinsics = 350.558,350.283,368.097,253.080 | -0.037,-0.007,0.003,-0.001
cam1 intrinsics = 351.716,351.366,347.361,271.085 | -0.038,-0.008,0.003,-0.001
cam0 extrinsics = 0.500,0.503,0.495,0.502 | -0.047,0.011,-0.047
cam1 extrinsics = 0.499,0.502,0.499,0.500 | 0.061,0.012,-0.047
[34m[TIME]: 0.0076 seconds total (131.3 hz, 0.02 ms behind)
[0mq_GtoI = -0.256,-0.967,-0.002,0.003 | p_IinG = -0.671,21.187,0.507 | dist = 37.10 (meters)
bg = 0.0009,-0.0000,-0.0003 | ba = 0.1038,0.0380,0.1537
camera-imu timeoffset = 0.00184
cam0 intrinsics = 350.558,350.283,368.097,253.078 | -0.037,-0.007,0.003,-0.001
cam1 intrinsics = 351.715,351.366,347.362,271.085 | -0.038,-0.008,0.003,-0.001
cam0 extrinsics = 0.500,0.503,0.495,0.502 | -0.047,0.011,-0.047
cam1 extrinsics = 0.499,0.502,0.499,0.500 | 0.061,0.012,-0.047
[34m[TIME]: 0.0072 seconds total (138.8 hz, 0.03 ms behind)
[0mq_GtoI = -0.256,-0.967,-0.002,0.003 | p_IinG = -0.671,21.187,0.507 | dist = 37.10 (meters)
bg = 0.0009,-0.0000,-0.0003 | ba = 0.1038,0.0380,0.1537
camera-imu timeoffset = 0.00184
cam0 intrinsics = 350.558,350.283,368.097,253.076 | -0.037,-0.007,0.003,-0.001
cam1 intrinsics = 351.714,351.365,347.361,271.085 | -0.038,-0.008,0.003,-0.001
cam0 extrinsics = 0.500,0.503,0.495,0.502 | -0.047,0.011,-0.047
cam1 extrinsics = 0.499,0.502,0.499,0.500 | 0.061,0.012,-0.047
[34m[TIME]: 0.0073 seconds total (136.8 hz, 0.04 ms behind)
[0mq_GtoI = -0.256,-0.967,-0.002,0.003 | p_IinG = -0.671,21.187,0.507 | dist = 37.10 (meters)
bg = 0.0009,-0.0000,-0.0003 | ba = 0.1038,0.0380,0.1537
camera-imu timeoffset = 0.00184
cam0 intrinsics = 350.558,350.284,368.097,253.074 | -0.037,-0.007,0.003,-0.001
cam1 intrinsics = 351.714,351.364,347.361,271.085 | -0.038,-0.008,0.003,-0.001
cam0 extrinsics = 0.500,0.503,0.495,0.502 | -0.047,0.011,-0.047
cam1 extrinsics = 0.499,0.502,0.499,0.500 | 0.061,0.012,-0.047
[34m[TIME]: 0.0079 seconds total (127.4 hz, 0.05 ms behind)
[0mq_GtoI = -0.256,-0.967,-0.002,0.003 | p_IinG = -0.671,21.187,0.506 | dist = 37.10 (meters)
bg = 0.0009,-0.0000,-0.0003 | ba = 0.1038,0.0380,0.1536
camera-imu timeoffset = 0.00184
cam0 intrinsics = 350.559,350.284,368.097,253.072 | -0.037,-0.007,0.003,-0.001
cam1 intrinsics = 351.713,351.364,347.361,271.085 | -0.038,-0.008,0.003,-0.001
cam0 extrinsics = 0.500,0.503,0.495,0.502 | -0.047,0.011,-0.047
cam1 extrinsics = 0.499,0.502,0.499,0.500 | 0.061,0.012,-0.047
[34m[TIME]: 0.0072 seconds total (139.6 hz, 0.06 ms behind)
[0mq_GtoI = -0.256,-0.967,-0.002,0.003 | p_IinG = -0.671,21.187,0.506 | dist = 37.10 (meters)
bg = 0.0009,-0.0000,-0.0003 | ba = 0.1038,0.0379,0.1536
camera-imu timeoffset = 0.00184
cam0 intrinsics = 350.559,350.285,368.096,253.069 | -0.037,-0.007,0.003,-0.001
cam1 intrinsics = 351.712,351.363,347.361,271.084 | -0.038,-0.008,0.003,-0.001
cam0 extrinsics = 0.500,0.503,0.495,0.502 | -0.047,0.011,-0.047
cam1 extrinsics = 0.499,0.502,0.499,0.500 | 0.061,0.012,-0.047
[34m[TIME]: 0.0068 seconds total (146.7 hz, 0.07 ms behind)
[0mq_GtoI = -0.256,-0.967,-0.002,0.003 | p_IinG = -0.671,21.187,0.506 | dist = 37.10 (meters)
bg = 0.0009,-0.0000,-0.0003 | ba = 0.1038,0.0379,0.1536
camera-imu timeoffset = 0.00184
cam0 intrinsics = 350.559,350.285,368.096,253.067 | -0.037,-0.007,0.003,-0.001
cam1 intrinsics = 351.711,351.363,347.361,271.084 | -0.038,-0.008,0.003,-0.001
cam0 extrinsics = 0.500,0.503,0.495,0.502 | -0.047,0.011,-0.047
cam1 extrinsics = 0.499,0.502,0.499,0.500 | 0.061,0.012,-0.047
[34m[TIMterminate called after throwing an instance of 'class_loader::LibraryUnloadException'
  what():  Attempt to unload library that class_loader is unaware of: /opt/ros/noetic/lib//libcompressed_depth_image_transport.so
BENCH_STATS wall_s=22.9 cpu_s=26.6 cpu_percent=116 maxrss_mb=112.7
