t,tracked,n_obs0,n_obs1,mean0,ms
1520530308.199448,1,432,133,45.26,5.24
1520530308.249449,1,427,148,45.41,7.09
1520530308.299451,1,431,160,45.32,2.98
1520530308.349503,1,430,154,46.87,2.60
1520530308.399505,1,432,144,47.15,2.96
1520530308.449505,1,434,161,47.29,3.00
1520530308.499506,1,432,157,46.85,3.45
1520530308.549508,1,433,159,46.93,3.53
1520530308.599509,1,426,144,46.97,14.25
1520530308.649555,1,432,158,46.85,4.68
1520530308.699512,1,428,171,46.79,4.63
1520530308.749559,1,431,164,48.28,4.74
1520530308.799560,1,429,155,48.10,4.62
1520530308.849562,1,431,172,48.20,4.45
1520530308.899563,1,431,187,48.34,4.70
1520530308.949565,1,429,167,48.56,4.62
1520530308.999567,1,430,172,48.68,4.38
1520530309.049568,1,433,158,48.79,5.27
1520530309.099570,1,428,162,48.65,4.58
1520530309.149567,1,430,150,48.55,4.66
1520530309.199583,1,431,171,49.09,4.63
1520530309.249583,1,431,157,48.83,4.54
1520530309.299586,1,431,158,49.09,4.74
1520530309.349586,1,434,157,49.20,4.42
1520530309.399589,1,432,153,48.93,4.46
1520530309.449590,1,433,176,48.88,4.77
1520530309.499591,1,428,154,49.14,4.47
1520530309.549594,1,435,159,49.19,4.55
1520530309.599597,1,432,164,49.10,4.74
1520530309.649599,1,432,161,49.45,4.52
1520530309.699600,1,432,164,49.58,4.47
1520530309.749602,1,432,169,49.56,4.76
1520530309.799603,1,434,170,49.42,4.54
1520530309.849605,1,429,165,49.67,5.01
1520530309.899606,1,435,171,49.76,4.79
1520530309.949608,1,434,170,49.35,4.63
1520530309.999622,1,430,163,49.95,4.77
1520530310.049623,1,431,174,49.84,4.71
1520530310.099625,1,428,146,49.98,4.46
1520530310.149627,1,427,155,50.03,4.73
1520530310.199628,1,428,160,50.19,4.72
1520530310.249729,1,431,164,50.03,44.74
1520530310.299631,1,431,172,50.08,35.91
1520530310.349633,1,433,167,50.01,33.07
1520530310.399625,1,436,164,49.71,27.31
1520530310.449627,1,434,168,49.64,23.95
1520530310.499628,1,433,186,49.72,21.70
1520530310.549630,1,432,176,49.76,19.10
1520530310.599632,1,430,166,49.81,16.23
1520530310.649633,1,433,173,49.76,13.47
1520530310.699635,1,433,165,49.66,11.09
1520530310.749636,1,434,176,49.57,10.91
1520530310.799651,1,431,175,50.18,10.78
1520530310.849652,1,431,163,50.23,10.77
1520530310.899654,1,439,153,50.35,10.76
1520530310.949655,1,430,183,50.26,11.19
1520530310.999657,1,432,184,50.22,10.93
1520530311.049659,1,432,171,50.34,10.99
1520530311.099660,1,429,173,50.17,10.37
1520530311.149662,1,434,169,50.33,10.08
1520530311.199672,1,435,171,50.48,10.59
1520530311.249673,1,438,170,50.51,10.62
1520530311.299675,1,440,183,50.34,10.44
1520530311.349677,1,439,169,50.32,10.57
1520530311.399678,1,434,159,50.45,10.57
1520530311.449679,1,430,165,50.48,10.94
1520530311.499684,1,429,163,50.44,10.66
1520530311.549683,1,431,190,50.45,10.88
1520530311.599684,1,431,180,50.56,10.87
1520530311.649719,1,430,173,51.68,10.90
1520530311.699720,1,432,164,51.42,10.92
1520530311.749722,1,433,183,51.79,12.24
1520530311.799723,1,433,174,51.53,11.47
1520530311.849725,1,434,180,51.50,11.38
1520530311.899726,1,435,168,51.66,11.27
1520530311.949728,1,433,182,51.59,11.23
1520530311.999729,1,430,181,51.56,11.11
1520530312.049721,1,433,175,51.23,10.99
1520530312.099721,1,430,172,51.41,10.95
1520530312.149723,1,435,178,51.26,10.91
1520530312.199726,1,431,161,51.52,10.92
1520530312.249727,1,434,159,51.44,10.52
1520530312.299728,1,427,164,51.28,10.11
1520530312.349730,1,431,161,51.22,10.27
1520530312.399731,1,429,158,51.18,10.32
1520530312.449712,1,434,164,50.58,10.82
1520530312.499714,1,435,169,50.53,11.21
1520530312.549715,1,435,177,50.78,11.52
1520530312.599717,1,430,159,50.76,11.11
1520530312.649719,1,427,162,50.65,11.21
1520530312.699720,1,431,172,50.59,11.32
1520530312.749722,1,429,153,50.65,11.12
1520530312.799724,1,432,165,50.83,11.31
1520530312.849720,1,435,170,50.55,11.40
1520530312.899721,1,433,171,50.82,11.46
1520530312.949723,1,434,176,50.57,11.45
1520530312.999725,1,431,159,50.78,11.08
1520530313.049726,1,431,179,50.65,10.98
1520530313.099727,1,431,161,50.69,11.00
1520530313.149729,1,426,155,50.67,10.99
1520530313.199730,1,437,177,50.64,11.02
1520530313.249736,1,432,172,50.76,10.99
1520530313.299738,1,432,162,51.00,11.10
1520530313.349739,1,433,161,51.01,10.95
1520530313.399790,1,431,174,50.92,11.04
1520530313.449743,1,432,167,50.90,10.67
1520530313.499744,1,436,181,50.79,11.51
1520530313.549746,1,429,162,50.81,11.11
1520530313.599747,1,435,172,50.84,11.03
1520530313.649745,1,432,180,50.75,11.45
1520530313.699746,1,431,169,50.60,11.38
1520530313.749748,1,430,175,50.83,11.38
1520530313.799750,1,432,164,50.89,11.26
1520530313.849751,1,433,176,50.97,11.27
1520530313.899753,1,431,165,50.90,11.46
1520530313.949754,1,432,173,50.66,11.32
1520530313.999756,1,433,177,50.68,11.20
1520530314.049757,1,435,174,51.03,11.03
1520530314.099763,1,435,180,51.00,11.66
1520530314.149765,1,430,173,51.03,11.57
1520530314.199766,1,436,170,51.28,11.75
1520530314.249768,1,433,185,51.30,10.98
1520530314.299769,1,434,172,51.45,10.92
1520530314.349771,1,430,157,51.33,11.64
1520530314.399773,1,431,163,51.33,10.88
1520530314.449774,1,436,166,51.40,11.01
1520530314.499774,1,438,176,51.56,10.88
1520530314.549776,1,437,172,51.25,11.03
1520530314.599777,1,435,184,51.34,11.12
1520530314.649779,1,432,150,51.67,10.81
1520530314.699780,1,437,168,51.82,10.81
1520530314.749782,1,435,168,51.87,10.85
1520530314.799787,1,438,160,51.87,11.33
1520530314.849784,1,440,165,52.39,10.66
1520530314.899810,1,437,152,53.31,10.82
1520530314.949812,1,433,152,54.01,10.90
1520530314.999919,1,437,147,53.97,10.50
1520530315.049815,1,435,166,53.97,10.56
1520530315.099817,1,445,140,54.04,10.38
1520530315.149818,1,438,154,54.08,10.47
1520530315.199819,1,440,163,54.20,10.46
1520530315.249821,1,440,152,54.18,10.05
1520530315.299635,1,436,146,47.79,10.21
1520530315.349637,1,438,157,47.64,10.16
1520530315.399639,1,437,148,47.59,10.07
1520530315.449640,1,440,141,47.72,10.32
1520530315.499642,1,441,135,47.42,9.79
1520530315.549643,1,431,148,47.77,9.73
1520530315.599645,1,437,159,47.57,9.75
1520530315.649646,1,436,159,47.13,10.07
1520530315.699637,1,436,144,46.21,9.80
1520530315.749639,1,442,157,46.30,10.06
1520530315.799640,1,439,163,46.71,9.83
1520530315.849642,1,438,169,46.41,9.92
1520530315.899643,1,440,145,46.14,9.99
1520530315.949645,1,439,160,45.67,10.04
1520530315.999647,1,437,145,45.59,9.96
1520530316.049648,1,437,154,45.57,9.99
1520530316.100221,1,435,174,62.47,10.37
1520530316.150223,1,433,170,62.76,10.41
1520530316.200224,1,432,172,63.07,13.23
1520530316.250226,1,444,189,63.74,10.70
1520530316.300227,1,443,185,63.76,10.34
1520530316.350229,1,444,199,63.44,11.50
1520530316.400230,1,443,200,62.99,2.27
1520530316.450231,1,442,206,63.20,2.13
1520530316.500233,1,442,194,63.65,2.66
1520530316.550276,1,442,196,64.84,2.27
1520530316.600278,1,443,192,65.28,2.31
1520530316.650280,1,446,191,65.36,2.32
1520530316.700281,1,441,195,65.28,2.33
1520530316.750283,1,448,213,64.87,12.18
1520530316.800284,1,445,200,64.38,12.55
1520530316.850286,1,443,206,63.63,12.11
1520530316.900287,1,445,194,63.52,12.33
1520530316.949773,1,441,159,48.54,12.10
1520530316.999775,1,436,172,48.63,11.78
1520530317.049776,1,436,141,48.58,11.33
1520530317.099778,1,431,170,48.77,11.09
1520530317.149779,1,433,162,48.82,11.90
1520530317.199781,1,436,165,49.21,11.82
1520530317.249782,1,433,146,49.13,12.42
1520530317.299784,1,433,164,49.18,12.52
1520530317.349743,1,435,145,47.53,12.23
1520530317.399745,1,435,159,47.17,11.85
1520530317.449748,1,433,143,47.09,11.81
1520530317.499748,1,437,148,46.96,11.76
1520530317.549752,1,435,166,46.62,11.97
1520530317.599752,1,439,174,46.31,11.72
1520530317.649754,1,434,157,46.20,11.82
1520530317.699755,1,430,132,45.64,11.26
1520530317.750237,1,428,155,58.69,11.75
1520530317.800239,1,432,155,58.73,11.66
1520530317.850240,1,430,150,58.80,11.72
1520530317.900242,1,431,148,58.19,11.41
1520530317.950243,1,426,146,58.25,11.59
1520530318.000244,1,425,128,58.40,11.44
1520530318.050247,1,427,135,58.58,11.37
1520530318.100248,1,433,135,58.52,11.02
1520530318.150816,1,428,158,68.53,11.42
1520530318.200769,1,434,167,68.23,11.80
1520530318.250771,1,437,172,67.42,11.71
1520530318.300772,1,434,166,66.62,11.61
1520530318.350774,1,426,151,66.83,11.34
1520530318.400775,1,436,173,67.28,11.82
1520530318.450777,1,432,171,67.79,11.52
1520530318.500778,1,426,177,68.28,11.78
1520530318.550780,1,438,185,68.75,11.62
1520530318.600567,1,439,178,64.76,12.08
1520530318.650568,1,435,182,64.62,12.03
1520530318.700570,1,437,161,64.29,12.27
1520530318.750571,1,427,167,64.51,11.89
1520530318.800573,1,435,166,64.58,12.10
1520530318.850574,1,435,181,64.97,12.35
1520530318.900576,1,432,186,65.63,12.33
1520530318.950577,1,438,177,66.07,12.62
1520530318.999955,1,432,147,49.91,12.35
1520530319.049957,1,425,138,49.71,12.56
1520530319.099960,1,436,145,49.80,13.18
1520530319.149961,1,433,149,50.29,12.80
1520530319.199962,1,433,145,51.28,12.01
1520530319.249964,1,440,161,51.67,12.26
1520530319.299965,1,432,156,52.01,11.82
1520530319.349967,1,440,179,51.51,12.17
1520530319.399832,1,437,168,47.05,12.18
1520530319.449833,1,438,151,47.19,11.80
1520530319.499835,1,435,151,48.03,11.75
1520530319.549837,1,438,159,47.95,11.94
1520530319.599838,1,434,164,47.47,11.93
1520530319.649840,1,429,177,47.53,12.10
1520530319.699841,1,434,171,48.03,12.16
1520530319.749942,1,424,173,48.16,12.06
1520530319.800341,1,433,180,62.95,11.95
1520530319.850343,1,433,202,62.75,11.96
1520530319.900344,1,439,183,62.83,11.81
1520530319.950346,1,435,174,63.69,11.56
1520530320.000347,1,437,174,63.48,11.47
1520530320.050349,1,444,178,63.33,11.47
1520530320.100350,1,444,189,63.58,11.49
1520530320.150352,1,443,190,64.71,11.24
1520530320.200401,1,448,181,66.65,11.22
1520530320.250402,1,448,184,66.99,11.08
1520530320.300404,1,448,190,66.95,10.94
1520530320.350405,1,443,168,66.90,11.16
1520530320.400407,1,445,183,66.50,11.18
1520530320.450408,1,443,181,66.08,11.18
1520530320.500410,1,443,180,65.63,11.16
1520530320.550412,1,439,172,66.02,10.70
1520530320.599869,1,434,147,50.70,2.76
1520530320.649871,1,438,157,50.79,2.75
1520530320.699873,1,440,156,51.28,2.72
1520530320.749874,1,440,162,50.78,9.34
1520530320.799876,1,438,152,50.90,10.34
1520530320.849877,1,441,150,50.96,10.56
1520530320.899879,1,437,143,51.07,11.12
1520530320.949880,1,439,151,51.08,11.04
1520530320.999882,1,435,158,51.25,10.77
1520530321.049740,1,443,156,45.70,10.00
1520530321.099742,1,441,140,45.45,9.82
1520530321.149743,1,441,148,45.22,9.97
1520530321.199745,1,435,143,45.38,10.03
1520530321.249747,1,440,156,45.28,10.03
1520530321.299749,1,440,153,44.94,10.43
1520530321.349750,1,440,149,44.85,10.18
1520530321.399751,1,443,156,44.54,8.94
1520530321.449856,1,441,145,48.33,9.26
1520530321.499857,1,442,156,48.22,9.30
1520530321.549859,1,443,151,47.95,9.60
1520530321.599860,1,444,155,47.82,9.55
1520530321.649862,1,441,149,47.38,9.92
1520530321.699863,1,439,169,47.22,10.00
1520530321.749866,1,442,179,47.26,10.53
1520530321.799867,1,444,147,47.05,10.16
1520530321.850152,1,442,167,55.89,10.05
1520530321.900154,1,438,175,55.81,10.03
1520530321.950155,1,440,158,55.78,10.29
1520530322.000157,1,445,168,55.77,10.65
1520530322.050158,1,442,164,55.79,10.13
1520530322.100160,1,440,169,56.59,11.04
1520530322.150162,1,441,181,56.84,10.80
1520530322.200163,1,442,169,56.51,10.32
1520530322.250207,1,444,178,57.59,10.79
1520530322.300208,1,442,174,57.41,10.72
1520530322.350209,1,437,186,57.42,11.13
1520530322.400212,1,445,185,57.37,11.16
1520530322.450214,1,442,182,57.39,11.19
1520530322.500215,1,434,177,57.24,11.73
1520530322.550216,1,440,187,57.43,11.33
1520530322.600218,1,441,188,57.35,11.35
1520530322.650023,1,439,179,51.63,11.45
1520530322.700025,1,444,184,51.75,11.37
1520530322.750027,1,446,182,51.64,11.35
1520530322.800028,1,449,179,51.48,11.59
1520530322.850031,1,444,179,51.46,11.31
1520530322.900065,1,447,166,51.06,11.20
1520530322.950033,1,447,181,50.77,11.37
1520530323.000035,1,449,185,50.32,11.24
1520530323.050036,1,446,196,49.85,11.56
1520530323.100074,1,447,183,50.90,11.73
1520530323.150076,1,445,160,51.16,11.23
1520530323.200077,1,442,175,51.36,11.75
1520530323.250079,1,442,182,51.69,11.76
1520530323.300080,1,441,184,51.41,11.66
1520530323.350082,1,441,184,51.08,11.76
1520530323.400084,1,442,181,51.30,12.20
1520530323.450085,1,446,179,50.83,11.78
1520530323.500345,1,440,169,57.32,12.20
1520530323.550346,1,441,186,57.80,11.97
1520530323.600348,1,441,175,58.41,12.08
1520530323.650349,1,444,169,58.77,11.44
1520530323.700351,1,441,187,59.04,11.98
1520530323.750353,1,443,185,58.40,12.03
1520530323.800354,1,441,186,58.50,11.65
1520530323.850356,1,442,192,58.16,11.61
1520530323.900153,1,442,193,52.58,11.63
1520530323.950154,1,441,174,52.76,11.45
1520530324.000156,1,442,180,52.82,11.64
1520530324.050157,1,438,163,53.13,11.36
1520530324.100159,1,439,168,53.49,11.53
1520530324.150160,1,440,172,53.46,11.60
1520530324.200162,1,438,166,53.32,11.25
1520530324.250163,1,440,174,52.67,11.36
1520530324.299908,1,431,129,44.81,11.28
1520530324.349910,1,433,138,44.79,11.09
1520530324.399911,1,434,157,45.34,11.04
1520530324.449913,1,437,140,46.02,10.88
1520530324.499994,1,441,151,46.04,11.22
1520530324.549915,1,437,140,46.56,11.01
1520530324.599917,1,436,146,46.53,10.95
1520530324.649919,1,435,139,46.26,10.79
1520530324.700018,1,434,137,49.20,10.91
1520530324.750020,1,433,125,48.85,10.23
1520530324.800021,1,429,122,48.63,10.24
1520530324.850023,1,437,139,48.30,10.44
1520530324.900024,1,433,127,48.07,10.29
1520530324.950026,1,428,123,47.53,10.30
1520530325.000028,1,440,121,47.30,10.35
1520530325.050029,1,430,132,47.10,10.06
1520530325.100816,1,431,159,66.74,10.42
1520530325.150817,1,432,157,66.62,10.73
1520530325.200819,1,432,159,66.59,10.45
1520530325.250820,1,433,157,66.69,10.57
1520530325.300822,1,434,166,66.92,10.51
1520530325.350824,1,435,158,66.93,10.03
1520530325.400825,1,435,163,66.95,10.96
1520530325.450827,1,442,164,66.91,11.40
1520530325.500828,1,441,169,66.89,11.73
1520530325.550913,1,438,179,68.32,11.76
1520530325.600915,1,443,184,68.56,11.37
1520530325.650917,1,443,184,68.65,10.96
1520530325.700918,1,443,194,68.90,10.63
1520530325.750919,1,445,184,68.65,11.00
1520530325.800921,1,446,185,68.32,11.22
1520530325.850922,1,442,188,68.35,11.44
1520530325.900924,1,442,185,68.69,11.36
1520530325.950541,1,439,174,60.34,11.80
1520530326.000543,1,441,172,60.43,12.19
1520530326.050549,1,436,175,60.34,12.34
1520530326.100546,1,442,169,60.15,12.38
1520530326.150548,1,445,187,59.76,11.35
1520530326.200549,1,443,177,59.58,15.57
1520530326.250551,1,442,180,59.31,3.58
1520530326.300552,1,442,169,59.51,3.57
1520530326.350204,1,441,160,50.64,3.20
1520530326.400206,1,437,155,50.56,3.07
1520530326.450207,1,431,159,50.22,3.28
1520530326.500209,1,427,150,50.06,3.03
1520530326.550210,1,424,153,49.61,3.13
1520530326.600213,1,431,159,49.50,18.71
1520530326.650214,1,425,156,49.38,12.63
1520530326.700216,1,428,136,49.36,12.33
1520530326.750426,1,426,163,55.04,12.26
1520530326.800429,1,434,169,54.80,12.45
1520530326.850430,1,431,163,54.81,12.03
1520530326.900431,1,429,163,54.91,12.21
1520530326.950433,1,436,176,55.33,12.17
1520530327.000434,1,436,175,55.98,12.35
1520530327.050437,1,437,182,56.17,12.49
1520530327.100437,1,433,189,56.50,12.23
1520530327.150430,1,439,187,56.07,12.34
1520530327.200433,1,437,173,56.01,12.81
1520530327.250435,1,438,188,56.28,13.01
1520530327.300436,1,439,191,56.26,12.99
1520530327.350437,1,441,208,56.44,13.44
1520530327.400439,1,445,207,56.92,13.45
1520530327.450440,1,440,188,57.09,13.39
1520530327.500442,1,443,192,57.73,13.25
1520530327.550090,1,438,168,46.93,12.97
1520530327.600091,1,439,190,47.41,12.90
1520530327.650103,1,437,192,48.06,12.69
1520530327.700094,1,434,186,48.97,12.48
1520530327.750096,1,438,167,49.50,12.46
1520530327.800097,1,435,191,49.75,12.29
1520530327.850099,1,439,166,50.35,12.07
1520530327.900100,1,435,189,50.91,11.64
1520530327.950102,1,437,189,50.32,11.95
1520530328.000280,1,435,163,56.81,11.58
1520530328.050282,1,435,180,56.78,12.13
1520530328.100283,1,437,163,57.03,11.92
1520530328.150285,1,431,170,57.04,10.82
1520530328.200287,1,431,178,57.18,10.27
1520530328.250288,1,440,178,56.98,11.13
1520530328.300290,1,440,167,56.61,13.38
1520530328.350291,1,439,182,56.86,2.22
1520530328.400337,1,441,179,57.86,2.11
1520530328.450338,1,442,172,57.12,2.12
1520530328.500340,1,443,172,57.24,2.18
1520530328.550342,1,444,184,56.66,2.29
1520530328.600343,1,440,176,56.60,2.25
1520530328.650346,1,443,174,56.34,2.12
1520530328.700347,1,440,178,54.94,2.11
1520530328.750348,1,441,170,54.94,2.17
1520530328.800086,1,433,153,46.17,2.13
1520530328.850087,1,434,138,46.23,11.71
1520530328.900089,1,437,144,46.27,11.63
1520530328.950091,1,436,147,46.61,11.79
1520530329.000092,1,435,158,46.75,11.85
1520530329.050093,1,435,145,46.58,11.73
1520530329.100095,1,434,143,47.42,11.84
1520530329.150097,1,432,163,48.01,12.11
1520530329.200044,1,436,160,46.37,11.80
1520530329.250095,1,439,148,46.95,11.81
1520530329.300047,1,439,152,47.51,11.50
1520530329.350049,1,438,155,47.70,10.73
1520530329.400050,1,440,154,47.49,2.02
1520530329.450052,1,440,146,47.55,1.98
1520530329.500053,1,435,154,47.77,1.94
1520530329.550055,1,434,164,47.62,2.00
1520530329.600097,1,435,169,49.44,1.94
1520530329.650099,1,439,149,49.77,1.98
1520530329.700100,1,436,168,49.31,2.03
1520530329.750102,1,437,175,48.94,2.15
1520530329.800104,1,438,157,48.59,2.03
1520530329.850105,1,435,159,48.35,2.02
1520530329.900107,1,435,144,47.44,10.93
1520530329.950109,1,433,139,47.03,10.63
1520530330.000110,1,430,143,46.39,10.69
1520530330.050161,1,433,110,47.34,10.52
1520530330.100162,1,427,129,47.21,10.52
1520530330.150164,1,430,109,47.29,10.65
1520530330.200165,1,427,117,46.87,10.27
1520530330.250167,1,429,109,46.77,10.00
1520530330.300169,1,432,133,46.96,10.40
1520530330.350170,1,430,118,47.06,10.41
1520530330.400172,1,418,123,46.71,9.64
1520530330.450787,1,431,158,63.53,9.99
1520530330.500788,1,436,170,63.75,10.23
1520530330.550790,1,442,191,63.97,11.18
1520530330.600792,1,440,185,64.20,10.90
1520530330.650793,1,441,208,64.96,11.44
1520530330.700795,1,442,224,65.63,11.33
1520530330.750797,1,441,214,66.54,11.26
1520530330.800798,1,441,194,66.43,11.72
1520530330.850367,1,438,178,52.01,12.10
1520530330.900277,1,439,188,52.47,12.26
1520530330.950279,1,439,184,52.25,12.55
1520530331.000280,1,440,177,52.64,12.29
1520530331.050282,1,437,150,53.16,12.60
1520530331.100283,1,436,172,53.05,12.07
1520530331.150285,1,430,175,53.31,11.74
1520530331.200286,1,431,176,53.74,11.06
1520530331.250735,1,433,150,65.79,11.43
1520530331.300736,1,435,175,65.85,11.42
1520530331.350739,1,437,179,65.66,10.52
1520530331.400740,1,443,174,65.95,11.44
1520530331.450741,1,433,174,65.87,11.21
1520530331.500743,1,435,158,65.97,11.75
1520530331.550744,1,439,174,65.94,11.78
1520530331.600746,1,439,178,66.70,11.43
1520530331.650479,1,436,178,58.55,11.06
1520530331.700481,1,443,172,57.58,11.17
1520530331.750483,1,445,178,57.73,11.67
1520530331.800484,1,442,158,56.60,11.93
1520530331.850486,1,438,166,55.45,11.41
1520530331.900488,1,437,146,54.93,10.87
1520530331.950489,1,437,152,55.01,11.48
1520530332.000491,1,434,147,54.61,11.16
1520530332.050387,1,429,133,51.76,11.20
1520530332.100388,1,430,143,51.70,11.38
1520530332.150390,1,431,143,51.70,11.20
1520530332.200392,1,429,134,51.37,11.22
1520530332.250393,1,427,138,51.44,11.15
1520530332.300399,1,425,145,51.67,11.32
1520530332.350396,1,423,143,51.47,10.94
1520530332.400401,1,434,149,51.80,11.04
1520530332.450399,1,429,153,52.34,11.37
1520530332.500483,1,435,150,54.54,11.60
1520530332.550483,1,436,190,54.42,12.06
1520530332.600486,1,442,182,55.04,11.79
1520530332.650488,1,443,179,55.71,12.01
1520530332.700488,1,441,194,56.67,12.30
1520530332.750491,1,442,216,56.74,12.67
1520530332.800492,1,438,190,56.74,13.27
1520530332.850493,1,437,182,57.30,12.81
1520530332.900164,1,438,173,46.42,12.81
1520530332.950166,1,440,165,46.78,12.96
1520530333.000168,1,433,182,46.71,12.98
1520530333.050169,1,437,167,46.93,12.47
1520530333.100171,1,435,175,47.29,12.46
1520530333.150173,1,432,169,47.37,12.63
1520530333.200174,1,429,163,47.24,11.94
1520530333.250175,1,430,144,47.26,11.52
1520530333.300608,1,431,137,61.09,11.13
1520530333.350610,1,429,138,61.34,10.90
1520530333.400612,1,433,147,61.59,10.92
1520530333.450613,1,432,149,61.00,11.00
1520530333.500615,1,434,165,61.12,10.85
1520530333.550616,1,436,151,61.48,10.65
1520530333.600618,1,439,173,61.33,10.67
1520530333.650619,1,440,161,61.32,10.51
1520530333.700541,1,439,166,59.03,10.59
1520530333.750542,1,440,168,59.05,10.53
1520530333.800544,1,439,158,59.55,10.38
1520530333.850545,1,435,164,59.10,10.46
1520530333.900547,1,445,174,59.21,11.06
1520530333.950549,1,436,157,58.12,10.74
1520530334.000561,1,440,160,58.00,10.87
1520530334.050551,1,437,175,56.99,11.23
1520530334.100216,1,435,165,45.42,11.35
1520530334.150218,1,433,170,45.20,11.21
1520530334.200219,1,425,149,45.15,10.99
1520530334.250221,1,429,149,45.21,10.75
1520530334.300222,1,435,156,45.26,11.21
1520530334.350224,1,441,158,45.83,11.23
1520530334.400225,1,430,146,45.91,11.08
1520530334.450227,1,433,154,45.83,11.13
1520530334.500228,1,434,164,45.74,11.08
1520530334.550086,1,437,154,40.73,11.05
1520530334.600088,1,435,144,40.76,10.59
1520530334.650089,1,432,146,40.13,10.67
1520530334.700091,1,429,137,39.27,10.77
1520530334.750092,1,421,119,39.70,10.26
1520530334.800094,1,421,110,39.18,9.73
1520530334.850095,1,425,94,38.44,9.74
1520530334.900097,1,429,94,38.15,0.95
1520530334.950928,1,420,96,63.64,1.11
1520530335.000928,1,417,105,63.30,0.83
1520530335.050931,1,426,118,63.10,0.85
1520530335.100933,1,430,138,63.86,0.94
1520530335.150934,1,432,157,64.41,0.90
1520530335.200936,1,428,158,63.49,0.96
1520530335.250937,1,441,174,64.76,0.93
1520530335.300938,1,443,175,65.12,0.90
1520530335.351457,1,442,187,75.22,0.99
1520530335.401459,1,442,185,76.11,0.92
1520530335.451459,1,442,186,75.29,1.03
1520530335.501461,1,440,179,75.16,0.96
1520530335.551462,1,445,201,75.79,1.27
1520530335.601512,1,442,192,76.40,0.97
1520530335.651465,1,440,191,76.10,1.03
1520530335.701467,1,436,189,75.32,0.98
1520530335.750223,1,435,150,44.52,1.33
1520530335.800224,1,426,153,44.58,1.04
1520530335.850226,1,428,154,44.45,1.43
1520530335.900227,1,436,151,44.54,10.43
1520530335.950228,1,432,151,45.32,10.02
1520530336.000230,1,439,153,45.13,9.87
1520530336.050231,1,443,155,45.09,9.85
1520530336.100233,1,443,173,44.95,10.40
1520530336.150177,1,447,162,43.21,10.02
1520530336.200179,1,442,151,43.38,10.47
1520530336.250180,1,444,156,43.71,9.85
1520530336.300182,1,438,154,43.64,11.13
1520530336.350183,1,439,155,43.50,10.46
1520530336.400185,1,441,158,44.07,10.14
1520530336.450186,1,436,150,44.40,10.18
1520530336.500188,1,440,153,44.13,10.27
1520530336.550582,1,437,142,58.01,9.95
1520530336.600584,1,432,149,58.19,9.10
1520530336.650586,1,435,159,58.18,9.41
1520530336.700586,1,439,145,57.89,9.84
1520530336.750588,1,437,164,57.50,9.64
1520530336.800590,1,435,160,57.34,9.61
1520530336.850591,1,439,173,57.18,10.10
1520530336.900594,1,441,171,57.40,9.89
1520530336.950594,1,441,176,57.37,10.09
1520530337.000258,1,443,154,46.12,10.07
1520530337.050259,1,441,137,45.59,9.82
1520530337.100266,1,440,154,45.24,10.15
1520530337.150262,1,447,166,45.31,10.09
1520530337.200351,1,444,163,45.23,10.19
1520530337.250265,1,442,160,44.80,10.43
1520530337.300267,1,443,158,44.02,10.34
1520530337.350269,1,436,145,44.03,10.23
1520530337.400301,1,434,152,44.90,10.58
1520530337.450303,1,433,147,44.77,10.81
1520530337.500304,1,429,149,43.96,10.62
1520530337.550306,1,427,139,43.50,10.27
1520530337.600307,1,425,137,42.89,10.39
1520530337.650309,1,436,134,43.31,10.69
1520530337.700310,1,438,127,43.24,10.36
1520530337.750312,1,433,127,42.67,10.54
1520530337.800854,1,423,145,58.80,10.80
1520530337.850855,1,435,154,59.12,10.92
1520530337.900856,1,429,159,59.33,68.91
1520530337.950858,1,435,159,59.06,11.70
1520530338.000860,1,434,158,58.83,11.48
1520530338.050862,1,434,158,58.15,11.28
1520530338.100863,1,429,162,58.53,11.22
1520530338.150864,1,435,172,58.92,11.71
1520530338.200470,1,428,146,47.68,11.60
1520530338.250473,1,429,149,47.95,11.61
1520530338.300474,1,431,145,47.42,11.41
1520530338.350476,1,430,141,47.95,11.53
1520530338.400477,1,436,159,48.60,12.03
1520530338.450478,1,437,153,49.15,12.26
1520530338.500480,1,437,161,49.92,12.01
1520530338.550481,1,438,176,50.23,12.17
1520530338.600260,1,436,144,42.41,11.81
1520530338.650261,1,438,151,41.97,11.88
1520530338.700263,1,432,137,42.82,11.76
1520530338.750266,1,431,150,42.77,11.84
1520530338.800266,1,429,138,42.58,11.69
1520530338.850267,1,427,139,42.38,10.85
1520530338.900269,1,427,143,41.61,10.99
1520530338.950270,1,436,142,42.26,10.98
1520530339.000272,1,433,124,41.62,10.86
1520530339.050959,1,433,123,62.57,10.42
1520530339.100960,1,430,117,62.72,2.41
1520530339.150962,1,441,129,62.69,1.98
1520530339.200963,1,435,125,62.52,1.97
1520530339.250965,1,439,137,62.32,2.20
1520530339.300966,1,438,127,62.24,1.90
1520530339.350968,1,438,127,62.38,1.87
1520530339.400970,1,438,136,62.87,1.98
1520530339.451687,1,441,146,77.69,2.22
1520530339.501689,1,438,144,78.40,1.97
1520530339.551691,1,438,141,78.94,1.95
1520530339.601692,1,435,145,79.69,10.08
1520530339.651693,1,439,157,79.04,10.41
1520530339.701695,1,442,148,79.47,10.03
1520530339.751697,1,440,153,80.09,10.58
1520530339.801698,1,439,154,80.28,10.37
1520530339.851056,1,442,152,67.98,10.29
1520530339.901057,1,439,147,67.73,10.07
1520530339.951059,1,438,156,67.27,10.37
1520530340.001061,1,432,162,67.48,10.28
1520530340.051062,1,434,168,67.31,9.95
1520530340.101063,1,440,172,67.35,10.65
1520530340.151065,1,443,177,67.81,10.53
1520530340.201067,1,439,180,67.76,10.34
1520530340.250395,1,439,146,48.27,10.77
1520530340.300397,1,443,156,47.68,10.50
1520530340.350399,1,438,150,47.85,9.58
1520530340.400400,1,439,141,47.62,9.71
1520530340.450401,1,440,152,47.24,10.32
1520530340.500403,1,441,165,46.96,10.27
1520530340.550404,1,442,162,46.73,10.56
1520530340.600406,1,437,156,46.63,10.72
1520530340.650347,1,438,156,43.90,11.28
1520530340.700348,1,441,170,43.45,11.18
1520530340.750350,1,436,166,42.90,10.84
1520530340.800351,1,438,155,42.87,10.90
1520530340.850353,1,433,152,42.88,10.88
1520530340.900354,1,436,157,42.87,10.72
1520530340.950356,1,434,164,42.99,10.67
1520530341.000358,1,439,155,42.78,11.03
1520530341.050774,1,431,173,56.64,11.83
1520530341.100776,1,430,161,56.60,12.80
1520530341.150777,1,433,192,56.36,13.20
1520530341.200779,1,442,183,56.30,12.37
1520530341.250780,1,442,184,56.25,12.82
1520530341.300782,1,438,179,56.23,12.79
1520530341.350784,1,441,185,56.29,12.63
1520530341.400785,1,444,186,56.33,12.64
1520530341.450787,1,446,195,56.72,12.55
1520530341.500713,1,441,177,54.73,12.19
1520530341.550714,1,439,190,55.19,12.35
1520530341.600716,1,434,183,55.42,12.11
1520530341.650717,1,432,186,55.49,12.24
1520530341.700719,1,441,186,55.67,12.20
1520530341.750720,1,441,180,55.76,11.86
1520530341.800722,1,437,175,55.91,12.14
1520530341.850723,1,440,184,55.76,11.56
1520530341.900542,1,443,186,49.94,11.35
1520530341.950578,1,441,177,49.82,11.40
1520530342.000545,1,444,172,49.61,11.57
1520530342.050546,1,438,205,49.55,11.42
1520530342.100548,1,433,172,49.42,11.24
1520530342.150549,1,436,172,49.57,11.26
1520530342.200551,1,442,179,49.73,11.16
1520530342.250553,1,439,180,49.46,11.57
1520530342.300673,1,442,191,53.68,11.91
1520530342.350675,1,442,176,53.08,11.41
1520530342.400676,1,444,170,52.84,11.35
1520530342.450678,1,444,164,53.02,11.85
1520530342.500679,1,442,176,52.98,11.76
1520530342.550681,1,435,189,53.02,11.91
1520530342.600683,1,442,167,53.05,11.74
1520530342.650684,1,432,166,52.99,11.65
1520530342.700643,1,437,153,52.00,11.50
1520530342.750644,1,427,158,51.69,11.60
1520530342.800646,1,431,146,51.16,11.33
1520530342.850648,1,432,135,50.76,11.13
1520530342.900649,1,431,152,50.65,11.13
1520530342.950651,1,428,164,50.57,11.31
1520530343.000653,1,431,142,50.16,11.30
1520530343.050654,1,435,150,50.13,10.97
1520530343.101131,1,426,143,63.06,11.05
1520530343.151133,1,432,170,63.77,10.96
1520530343.201134,1,428,158,63.84,11.09
1520530343.251136,1,433,153,64.09,10.93
1520530343.301138,1,430,165,64.11,10.92
1520530343.351140,1,428,158,64.08,10.93
1520530343.401141,1,434,155,63.18,10.85
1520530343.451144,1,429,170,62.34,11.05
1520530343.501404,1,428,192,68.39,11.26
1520530343.551476,1,430,178,68.93,11.33
1520530343.601407,1,423,184,69.12,11.47
1520530343.651408,1,429,166,68.58,11.15
1520530343.701410,1,428,200,67.41,11.59
1520530343.751410,1,430,195,67.40,11.78
1520530343.801413,1,426,166,67.13,11.55
1520530343.851414,1,435,180,65.74,11.71
1520530343.901415,1,432,176,64.92,11.65
1520530343.951402,1,431,170,64.58,11.49
1520530344.001403,1,428,178,64.17,11.47
1520530344.051405,1,424,180,63.81,11.54
1520530344.101406,1,430,171,63.08,11.27
1520530344.151408,1,430,161,62.50,11.08
1520530344.201410,1,428,185,61.97,11.22
1520530344.251411,1,425,177,61.07,11.25
1520530344.301413,1,426,188,60.74,11.16
1520530344.351409,1,426,188,59.85,11.24
1520530344.401411,1,426,166,59.30,11.08
1520530344.451412,1,433,180,58.98,11.49
1520530344.501414,1,429,166,58.61,10.96
1520530344.551415,1,431,161,58.35,10.89
1520530344.601418,1,428,184,58.44,10.67
1520530344.651419,1,435,165,58.43,10.67
1520530344.701421,1,433,185,58.62,10.59
1520530344.751636,1,434,183,62.64,10.71
1520530344.801638,1,433,174,63.40,10.62
1520530344.851639,1,438,171,63.40,10.56
1520530344.901641,1,434,193,63.14,10.83
1520530344.951642,1,429,181,63.50,10.61
1520530345.001644,1,432,186,63.41,10.81
1520530345.051645,1,433,192,62.82,10.59
1520530345.101647,1,433,191,62.66,10.89
1520530345.151845,1,432,202,63.76,10.78
1520530345.201743,1,431,177,63.64,11.12
1520530345.251745,1,432,170,63.68,11.46
1520530345.301746,1,435,163,63.60,10.56
1520530345.351748,1,435,175,63.61,11.33
1520530345.401750,1,431,154,63.91,11.49
1520530345.451751,1,429,157,64.39,10.91
1520530345.501753,1,434,172,64.67,11.89
1520530345.551195,1,437,145,54.09,11.83
1520530345.601196,1,432,152,53.90,11.61
1520530345.651198,1,436,134,53.81,11.79
1520530345.701199,1,434,139,53.92,11.02
1520530345.751201,1,438,136,53.44,10.50
1520530345.801203,1,436,129,53.22,10.33
1520530345.851204,1,433,118,53.95,9.90
1520530345.901206,1,433,110,55.27,5.39
1520530345.951161,1,428,116,54.94,5.23
1520530346.001475,1,418,126,60.85,5.12
1520530346.051476,1,424,125,61.49,5.19
1520530346.101478,1,419,123,62.38,5.28
1520530346.151479,1,423,138,63.04,5.02
1520530346.201480,1,421,117,63.39,4.91
1520530346.251484,1,420,115,63.65,4.83
1520530346.301485,1,422,112,63.92,4.81
1520530346.351486,1,422,117,63.95,4.59
1520530346.401376,1,426,116,62.21,9.26
1520530346.451378,1,428,113,62.40,9.31
1520530346.501379,1,431,124,62.66,9.56
1520530346.551380,1,430,115,62.92,9.42
1520530346.601382,1,429,120,63.32,9.24
1520530346.651383,1,425,134,63.83,9.79
1520530346.701385,1,431,146,63.77,9.93
1520530346.751386,1,425,136,63.83,9.72
1520530346.801545,1,420,139,67.03,9.89
1520530346.851546,1,426,152,67.14,9.96
1520530346.901547,1,426,138,67.52,10.26
1520530346.951549,1,429,131,67.83,10.29
1520530347.001551,1,428,146,67.42,10.39
1520530347.051553,1,425,148,67.70,10.94
1520530347.101554,1,426,152,68.17,10.78
1520530347.151556,1,427,154,68.56,10.78
1520530347.201400,1,425,139,65.83,10.74
1520530347.251402,1,428,137,65.99,10.67
1520530347.301403,1,428,150,66.08,10.47
1520530347.351405,1,430,156,65.78,10.55
1520530347.401407,1,429,140,65.23,10.57
1520530347.451408,1,432,148,64.69,10.57
1520530347.501410,1,429,162,64.58,10.26
1520530347.551411,1,426,143,64.26,10.33
1520530347.601218,1,427,157,60.28,10.68
1520530347.651220,1,436,173,60.66,10.79
1520530347.701222,1,435,181,61.11,11.04
1520530347.751223,1,427,160,61.71,11.14
1520530347.801224,1,429,149,62.43,11.02
1520530347.851226,1,429,164,63.08,11.10
1520530347.901227,1,429,166,63.72,11.08
1520530347.951229,1,432,145,63.67,11.14
1520530348.001163,1,431,154,62.68,11.27
1520530348.051164,1,434,171,63.17,11.11
1520530348.101166,1,436,160,63.38,10.92
1520530348.151168,1,437,158,62.84,10.59
1520530348.201169,1,440,156,63.51,11.28
1520530348.251170,1,441,154,64.37,10.92
1520530348.301184,1,439,170,64.93,10.77
1520530348.351173,1,439,155,65.13,10.95
1520530348.401175,1,438,155,64.96,10.52
1520530348.451416,1,439,151,71.19,10.23
1520530348.501419,1,444,153,71.14,10.85
1520530348.551420,1,437,156,70.98,10.28
1520530348.601422,1,438,151,70.86,10.14
1520530348.651423,1,437,142,70.72,10.46
1520530348.701425,1,436,133,70.38,10.15
1520530348.751426,1,433,139,70.19,9.94
1520530348.801427,1,430,145,69.89,10.13
1520530348.851315,1,442,165,66.92,9.75
1520530348.901316,1,437,175,66.85,9.56
1520530348.951318,1,438,157,66.99,10.10
1520530349.001319,1,439,181,66.98,9.85
1520530349.051321,1,439,169,66.70,9.23
1520530349.101322,1,440,166,67.03,9.29
1520530349.151325,1,441,169,66.98,10.52
1520530349.201326,1,445,178,66.75,9.75
1520530349.251106,1,441,169,60.48,10.34
1520530349.301107,1,443,172,60.22,10.75
1520530349.351109,1,440,164,60.02,10.96
1520530349.401110,1,443,171,59.84,10.43
1520530349.451112,1,444,170,59.49,10.58
1520530349.501114,1,443,173,59.74,10.52
1520530349.551115,1,443,169,59.81,11.20
1520530349.601117,1,441,177,59.91,10.71
1520530349.650935,1,441,164,53.86,10.96
1520530349.700937,1,439,173,53.38,10.81
1520530349.750943,1,428,173,53.36,11.12
1520530349.800940,1,431,171,53.04,11.31
1520530349.850941,1,430,171,52.60,11.52
1520530349.900986,1,429,163,52.28,11.16
1520530349.950944,1,433,171,52.40,10.99
1520530350.000946,1,434,143,51.99,11.30
1520530350.051376,1,432,163,64.05,11.67
1520530350.101378,1,429,157,64.29,11.57
1520530350.151379,1,430,166,64.43,11.42
1520530350.201381,1,437,173,64.26,11.77
1520530350.251384,1,431,160,64.15,11.48
1520530350.301384,1,430,165,64.42,11.77
1520530350.351386,1,432,189,64.61,12.17
1520530350.401387,1,426,176,64.27,12.45
1520530350.451515,1,431,188,66.76,12.21
1520530350.501516,1,434,181,66.20,12.61
1520530350.551518,1,431,176,65.66,12.36
1520530350.601520,1,430,172,65.45,12.30
1520530350.651521,1,428,182,65.67,12.33
1520530350.701523,1,428,181,65.51,11.83
1520530350.751523,1,428,181,65.30,11.77
1520530350.801526,1,431,177,64.96,11.77
1520530350.851527,1,429,181,64.64,11.89
1520530350.901571,1,428,185,66.06,12.27
1520530350.951573,1,430,194,65.96,11.57
1520530351.001574,1,433,186,65.39,11.86
1520530351.051576,1,435,191,64.15,11.55
1520530351.101578,1,430,185,63.37,11.75
1520530351.151579,1,430,189,62.95,11.64
1520530351.201581,1,430,173,62.03,11.50
1520530351.251582,1,432,172,61.45,10.24
1520530351.301683,1,433,170,62.84,11.03
1520530351.351680,1,429,164,61.10,14.08
1520530351.401685,1,431,176,60.39,11.96
1520530351.451683,1,429,171,60.25,11.59
1520530351.501759,1,429,162,59.75,11.52
1520530351.551686,1,427,161,59.65,11.29
1520530351.601688,1,425,173,59.33,11.44
1520530351.651689,1,424,181,59.44,11.20
1520530351.701695,1,422,189,59.81,11.20
1520530351.751696,1,433,183,59.55,11.47
1520530351.801698,1,431,183,59.68,11.38
1520530351.851700,1,431,186,59.55,11.67
1520530351.901701,1,429,182,59.52,11.46
1520530351.951703,1,429,180,59.97,11.44
1520530352.001704,1,427,181,60.42,11.46
1520530352.051706,1,428,176,60.76,11.67
1520530352.101805,1,424,199,62.53,11.60
1520530352.151806,1,425,173,61.93,11.64
1520530352.201808,1,428,173,61.35,10.53
1520530352.251809,1,427,157,61.74,11.57
1520530352.301811,1,427,163,61.59,11.61
1520530352.351812,1,433,171,60.94,2.22
1520530352.401814,1,433,157,60.80,2.15
1520530352.451817,1,429,160,61.34,2.24
1520530352.501469,1,431,155,55.04,2.05
1520530352.551471,1,436,151,55.08,2.15
1520530352.601472,1,433,159,54.92,2.49
1520530352.651474,1,430,168,54.44,2.72
1520530352.701475,1,436,147,54.57,2.07
1520530352.751477,1,429,139,54.24,10.80
1520530352.801478,1,432,131,54.45,10.71
1520530352.851480,1,432,133,54.78,2.01
1520530352.901098,1,431,119,46.16,1.94
1520530352.951099,1,433,129,46.24,1.83
1520530353.001101,1,430,114,46.00,1.85
1520530353.051102,1,436,131,45.89,2.08
1520530353.101208,1,435,121,45.61,1.95
1520530353.151105,1,431,118,45.63,1.74
1520530353.201107,1,421,120,46.31,1.79
1520530353.251108,1,426,118,46.95,8.79
1520530353.301110,1,421,107,47.22,8.22
1520530353.351398,1,423,104,54.96,9.71
1520530353.401399,1,423,119,56.00,5.02
1520530353.451401,1,425,118,56.41,4.64
1520530353.501402,1,429,124,56.87,4.74
1520530353.551404,1,428,132,57.22,4.78
1520530353.601405,1,426,126,57.68,5.10
1520530353.651407,1,434,125,57.50,4.76
1520530353.701408,1,429,104,57.61,16.01
1520530353.751736,1,429,101,64.40,9.24
1520530353.801738,1,429,118,64.74,9.39
1520530353.851739,1,424,125,64.79,9.32
1520530353.901741,1,426,117,65.24,9.60
1520530353.951742,1,433,132,65.25,9.22
1520530354.001744,1,430,136,65.19,9.47
1520530354.051745,1,427,138,65.28,9.27
1520530354.101747,1,428,123,65.50,9.21
1520530354.151896,1,427,132,68.39,8.73
1520530354.201897,1,431,154,68.82,8.84
1520530354.251899,1,423,142,69.11,8.80
1520530354.301900,1,424,149,69.96,9.01
1520530354.351902,1,430,160,70.49,8.76
1520530354.401904,1,425,151,70.95,11.37
1520530354.451905,1,428,143,70.73,13.58
1520530354.501907,1,425,158,70.96,2.70
1520530354.551594,1,434,163,64.42,2.74
1520530354.601593,1,431,169,64.36,11.35
1520530354.651595,1,430,168,64.44,10.43
1520530354.701596,1,427,171,64.25,10.59
1520530354.751597,1,432,185,64.34,10.72
1520530354.801599,1,433,177,64.43,10.77
1520530354.851600,1,429,175,64.54,10.65
1520530354.901602,1,432,164,64.76,10.85
1520530354.951359,1,432,163,59.50,10.40
1520530355.001360,1,431,173,60.02,10.87
1520530355.051362,1,429,160,60.29,10.62
1520530355.101363,1,429,175,60.82,10.48
1520530355.151365,1,433,164,61.24,10.68
1520530355.201366,1,427,154,61.75,10.13
1520530355.251368,1,434,157,61.90,10.29
1520530355.301370,1,436,153,62.25,10.62
1520530355.351371,1,440,152,61.89,10.42
1520530355.401407,1,437,160,63.04,10.13
1520530355.451408,1,442,163,64.18,10.25
1520530355.501410,1,436,164,64.60,10.89
1520530355.551411,1,440,158,64.45,10.70
1520530355.601414,1,441,166,64.52,10.52
1520530355.651416,1,439,163,64.39,2.12
1520530355.701417,1,432,145,64.64,2.01
1520530355.751418,1,434,149,64.42,1.90
1520530355.801531,1,433,134,67.37,1.91
1520530355.851533,1,436,159,67.34,2.01
1520530355.901534,1,435,146,67.31,2.09
1520530355.951536,1,432,156,67.09,1.97
1520530356.001537,1,431,119,66.75,2.00
1520530356.051539,1,433,160,66.52,2.12
1520530356.101541,1,436,148,66.35,1.95
1520530356.151542,1,435,167,66.26,9.69
1520530356.201376,1,434,155,62.07,9.55
1520530356.251380,1,441,170,61.97,9.29
1520530356.301379,1,440,163,62.14,9.86
1520530356.351380,1,438,164,62.11,9.89
1520530356.401382,1,436,153,62.12,10.12
1520530356.451383,1,440,158,61.95,10.31
1520530356.501385,1,443,153,61.74,10.11
1520530356.551386,1,436,152,61.60,10.30
1520530356.601232,1,438,149,57.11,10.39
1520530356.651235,1,437,155,56.61,10.25
1520530356.701236,1,445,163,56.05,10.25
1520530356.751237,1,441,166,56.18,10.62
1520530356.801239,1,436,160,56.36,11.27
1520530356.851240,1,436,172,56.37,10.92
1520530356.901242,1,435,165,56.26,10.86
1520530356.951244,1,441,178,56.10,10.79
1520530357.001153,1,437,176,52.43,11.10
1520530357.051154,1,434,159,52.30,10.95
1520530357.101156,1,431,165,52.26,11.53
1520530357.151156,1,430,166,51.98,11.19
1520530357.201159,1,430,147,51.43,11.13
1520530357.251160,1,429,154,51.52,11.60
1520530357.301162,1,431,158,51.90,11.71
1520530357.351164,1,427,150,51.45,11.74
1520530357.401658,1,432,175,65.48,12.15
1520530357.451660,1,439,176,65.76,11.95
1520530357.501662,1,436,180,65.66,12.07
1520530357.551663,1,438,169,65.29,11.90
1520530357.601666,1,434,168,64.96,11.98
1520530357.651666,1,433,186,64.78,11.98
1520530357.701667,1,432,193,64.50,11.94
1520530357.751669,1,429,192,64.31,11.90
1520530357.801671,1,430,189,64.47,11.85
1520530357.851585,1,433,185,61.39,12.09
1520530357.901559,1,430,175,61.23,11.38
1520530357.951560,1,429,159,60.99,11.42
1520530358.001562,1,435,161,60.89,11.33
1520530358.051563,1,427,169,60.82,11.07
1520530358.101565,1,431,167,60.68,10.94
1520530358.151567,1,429,175,60.63,11.38
1520530358.201568,1,434,167,60.47,11.60
1520530358.251625,1,425,174,61.68,11.41
1520530358.301626,1,427,163,61.27,11.65
1520530358.351628,1,428,186,61.69,11.61
1520530358.401629,1,431,177,61.72,11.46
1520530358.451631,1,432,160,61.35,11.97
1520530358.501632,1,430,162,60.31,12.13
1520530358.551634,1,431,172,59.84,11.50
1520530358.601636,1,432,177,59.06,11.84
1520530358.651798,1,435,180,62.11,11.95
1520530358.701800,1,433,183,61.21,12.19
1520530358.751801,1,430,187,60.88,12.32
1520530358.801803,1,428,169,59.94,12.32
1520530358.851805,1,430,160,59.30,11.93
1520530358.901806,1,431,170,58.60,11.83
1520530358.951808,1,427,163,57.93,12.17
1520530359.001810,1,428,172,57.81,11.19
1520530359.051806,1,426,168,57.37,10.89
1520530359.101811,1,431,168,56.97,11.22
1520530359.151809,1,426,161,57.02,10.82
1520530359.201810,1,425,162,56.73,11.04
1520530359.251812,1,424,164,56.30,10.96
1520530359.301813,1,428,171,56.35,10.90
1520530359.351815,1,424,159,56.52,10.91
1520530359.401817,1,429,161,56.75,10.68
1520530359.451919,1,434,180,57.48,11.17
1520530359.501870,1,430,177,57.88,11.08
1520530359.551871,1,433,165,58.23,10.74
1520530359.601873,1,435,181,58.38,11.02
1520530359.651874,1,433,169,58.46,10.02
1520530359.701876,1,428,172,58.47,10.62
1520530359.751878,1,431,168,58.27,10.59
1520530359.801879,1,429,157,58.53,10.68
1520530359.851881,1,425,155,58.71,10.18
1520530359.901826,1,424,156,57.37,10.86
1520530359.951828,1,424,143,56.88,2.56
1520530360.001829,1,426,140,56.54,2.29
1520530360.051831,1,428,155,56.29,2.28
1520530360.101832,1,435,129,56.06,2.26
1520530360.151834,1,434,136,56.43,2.56
1520530360.201836,1,440,142,56.70,2.59
1520530360.251837,1,434,135,56.82,2.31
1520530360.301316,1,427,95,44.35,2.15
1520530360.351317,1,431,107,44.14,1.91
1520530360.401319,1,432,107,43.95,10.12
1520530360.451321,1,429,113,43.93,9.91
1520530360.501323,1,435,114,44.25,9.28
1520530360.551324,1,425,105,44.42,9.24
1520530360.601326,1,430,123,44.78,9.46
1520530360.651327,1,429,120,45.41,9.27
1520530360.700978,1,434,102,36.58,9.24
1520530360.750980,1,433,97,36.66,9.02
1520530360.800981,1,435,107,37.04,9.36
1520530360.850983,1,432,110,37.27,8.92
1520530360.900984,1,426,94,37.51,8.93
1520530360.950988,1,429,115,37.72,9.07
1520530361.000988,1,427,115,38.24,9.23
1520530361.051064,1,421,125,38.87,9.52
1520530361.101044,1,422,113,41.06,9.44
1520530361.151045,1,432,132,41.32,9.26
1520530361.201047,1,432,116,41.43,9.15
1520530361.251048,1,429,129,41.68,9.15
1520530361.301050,1,427,129,42.00,9.27
1520530361.351051,1,425,141,42.36,9.45
1520530361.401053,1,422,129,42.92,9.49
1520530361.451055,1,425,125,43.36,9.51
1520530361.501690,1,427,124,61.15,9.20
1520530361.551692,1,424,139,60.96,9.47
1520530361.601693,1,432,138,60.94,9.52
1520530361.651695,1,429,142,61.51,9.44
1520530361.701696,1,427,146,61.74,9.81
1520530361.751698,1,431,140,61.78,9.68
1520530361.801700,1,433,139,61.89,9.98
1520530361.851701,1,433,142,62.64,1.94
1520530361.901939,1,430,140,68.19,2.09
1520530361.951941,1,431,150,68.82,1.96
1520530362.001942,1,441,171,68.95,2.11
1520530362.051944,1,431,157,68.24,2.14
1520530362.101945,1,432,171,67.90,2.15
1520530362.151947,1,438,154,68.34,2.05
1520530362.201949,1,436,166,69.36,2.15
1520530362.251950,1,433,152,69.66,10.79
1520530362.301951,1,435,154,69.89,11.18
1520530362.351623,1,437,168,62.42,11.48
1520530362.401625,1,430,167,62.45,11.35
1520530362.451626,1,432,157,62.41,11.25
1520530362.501628,1,433,162,62.01,11.21
1520530362.551629,1,440,146,61.60,11.31
1520530362.601631,1,438,163,61.35,11.21
1520530362.651727,1,438,160,61.36,11.16
1520530362.701634,1,435,167,61.63,11.26
1520530362.751364,1,435,163,54.21,11.27
1520530362.801366,1,434,155,54.37,11.24
1520530362.851367,1,429,148,53.71,11.17
1520530362.901369,1,434,141,53.81,10.91
1520530362.951370,1,427,134,53.95,10.69
1520530363.001372,1,430,148,54.17,10.70
1520530363.051374,1,427,131,54.57,10.70
1520530363.101375,1,430,141,54.24,10.70
1520530363.151650,1,433,144,62.20,10.79
1520530363.201651,1,428,148,62.70,10.72
1520530363.251653,1,431,141,63.15,10.65
1520530363.301654,1,430,137,63.52,10.66
1520530363.351656,1,431,135,63.50,10.58
1520530363.401658,1,428,131,63.36,10.40
1520530363.451659,1,436,123,63.87,10.68
1520530363.501661,1,433,131,64.80,9.99
1520530363.551745,1,433,129,67.12,10.16
1520530363.601746,1,441,136,66.78,9.93
1520530363.651748,1,440,165,66.46,10.08
1520530363.701749,1,442,143,66.38,10.18
1520530363.751751,1,440,141,66.46,10.21
1520530363.801753,1,430,132,66.02,10.16
1520530363.851754,1,434,132,65.57,10.01
1520530363.901756,1,435,150,64.87,10.01
1520530363.951780,1,436,146,65.59,9.86
1520530364.001782,1,436,162,65.01,9.91
1520530364.051784,1,436,156,64.92,10.15
1520530364.101785,1,445,170,65.36,9.92
1520530364.151786,1,442,159,64.56,8.86
1520530364.201788,1,444,176,63.72,9.02
1520530364.251789,1,440,139,62.39,2.00
1520530364.301791,1,441,144,61.68,1.96
1520530364.351792,1,439,141,60.75,2.03
1520530364.401853,1,433,149,61.29,1.99
1520530364.451854,1,432,153,60.73,2.02
1520530364.501856,1,442,161,60.69,2.07
1520530364.551858,1,434,157,60.12,2.28
1520530364.601859,1,438,148,59.69,1.94
1520530364.651861,1,436,154,59.59,2.03
1520530364.701862,1,436,156,60.08,10.17
1520530364.751864,1,434,157,60.43,10.46
1520530364.802375,1,439,172,71.75,10.61
1520530364.852378,1,435,186,72.63,10.88
1520530364.902379,1,433,197,72.59,11.27
1520530364.952380,1,435,194,71.92,11.29
1520530365.002383,1,442,196,71.75,11.44
1520530365.052383,1,441,207,71.14,11.96
1520530365.102386,1,439,193,71.04,11.87
1520530365.152387,1,439,206,70.99,11.98
1520530365.201844,1,432,173,60.04,11.80
1520530365.251846,1,428,180,60.19,11.94
1520530365.301847,1,432,184,60.50,12.29
1520530365.351849,1,432,182,61.09,12.24
1520530365.401850,1,431,173,61.18,12.22
1520530365.451852,1,429,163,61.52,11.46
1520530365.501853,1,428,152,61.64,11.10
1520530365.551855,1,431,191,62.01,11.73
1520530365.601535,1,429,153,53.27,11.54
1520530365.651537,1,432,147,53.07,11.23
1520530365.701539,1,435,155,52.90,10.91
1520530365.751540,1,435,155,53.38,10.92
1520530365.801546,1,433,148,54.32,10.70
1520530365.851543,1,427,153,54.54,10.65
1520530365.901545,1,427,143,54.82,10.70
1520530365.951546,1,428,140,55.22,11.14
1520530366.001907,1,427,155,65.45,11.36
1520530366.051908,1,434,163,65.13,11.15
1520530366.101911,1,430,152,64.51,11.01
1520530366.151911,1,427,178,64.43,11.67
1520530366.201913,1,442,183,63.61,11.30
1520530366.251915,1,431,158,62.78,10.83
1520530366.301916,1,428,174,62.66,11.39
1520530366.351918,1,425,158,62.53,10.23
1520530366.402120,1,435,170,66.31,10.75
1520530366.452121,1,432,178,65.24,10.33
1520530366.502124,1,435,163,64.54,10.46
1520530366.552125,1,428,173,65.10,11.43
1520530366.602127,1,434,174,64.94,11.35
1520530366.652128,1,427,169,63.95,11.29
1520530366.702130,1,428,156,62.71,11.22
1520530366.752132,1,429,178,62.46,11.56
1520530366.802132,1,430,180,61.83,11.54
1520530366.852166,1,431,176,62.01,11.83
1520530366.902167,1,430,166,61.96,12.34
1520530366.952169,1,431,155,60.70,11.42
1520530367.002170,1,436,171,60.50,11.64
1520530367.052171,1,431,155,60.77,10.34
1520530367.102178,1,433,157,60.99,10.61
1520530367.152174,1,429,150,60.42,12.47
1520530367.202177,1,428,155,60.12,11.65
1520530367.252540,1,429,167,66.25,11.49
1520530367.302541,1,434,159,65.67,11.66
1520530367.352542,1,428,186,65.76,11.70
1520530367.402545,1,430,164,65.53,3.59
1520530367.452546,1,428,161,66.07,3.52
1520530367.502548,1,430,168,66.30,3.29
1520530367.552549,1,430,156,65.77,3.51
1520530367.602551,1,429,170,64.87,3.56
1520530367.652264,1,432,167,59.23,3.07
1520530367.702266,1,427,174,59.26,3.32
1520530367.752267,1,431,169,59.00,3.09
1520530367.802269,1,429,172,59.63,3.51
1520530367.852271,1,429,169,60.23,3.00
1520530367.902272,1,429,149,60.13,3.23
1520530367.952274,1,422,148,59.36,3.14
1520530368.002275,1,427,161,59.19,3.31
1520530368.052124,1,429,164,56.39,11.30
1520530368.102125,1,428,172,56.32,11.94
1520530368.152127,1,424,178,56.30,11.45
1520530368.202129,1,420,169,56.14,11.43
1520530368.252130,1,426,179,56.39,11.44
1520530368.302132,1,432,183,56.37,11.69
1520530368.352134,1,423,160,55.58,11.56
1520530368.402135,1,430,160,55.30,11.72
1520530368.452048,1,427,135,53.66,11.47
1520530368.502050,1,423,148,54.05,10.92
1520530368.552051,1,426,150,54.62,2.87
1520530368.602053,1,429,141,53.91,3.40
1520530368.652054,1,431,139,54.48,10.50
1520530368.702056,1,437,131,54.74,10.40
1520530368.752057,1,433,140,54.72,10.46
1520530368.802058,1,427,125,55.22,10.52
1520530368.851389,1,427,102,39.41,10.94
1520530368.901391,1,427,97,40.09,10.22
1520530368.951392,1,425,109,41.53,10.10
1520530369.001394,1,422,112,42.50,9.87
1520530369.051395,1,427,121,43.75,9.65
1520530369.101397,1,428,125,44.51,9.33
1520530369.151398,1,425,142,45.39,9.70
1520530369.201400,1,432,132,46.02,9.60
1520530369.251401,1,426,142,47.09,9.95
1520530369.301537,1,428,143,51.44,9.65
1520530369.351538,1,432,160,51.68,9.99
1520530369.401540,1,430,157,52.17,10.38
1520530369.451542,1,435,152,52.23,10.51
1520530369.501543,1,438,169,52.22,10.42
1520530369.551545,1,431,172,52.30,10.83
1520530369.601546,1,436,181,52.83,10.67
1520530369.651548,1,443,161,52.40,10.66
1520530369.701896,1,435,185,61.40,10.62
1520530369.751898,1,437,185,61.20,10.96
1520530369.801901,1,437,180,61.03,11.42
1520530369.851902,1,434,193,60.87,11.95
1520530369.901903,1,441,187,60.60,11.71
1520530369.951905,1,441,205,60.48,11.61
1520530370.001906,1,443,198,60.24,11.98
1520530370.051908,1,445,201,60.25,11.65
1520530370.101930,1,446,201,60.62,12.30
1520530370.151931,1,445,199,60.56,12.30
1520530370.201933,1,447,209,60.12,12.67
1520530370.251934,1,447,197,60.33,12.80
1520530370.301934,1,445,186,60.45,13.00
1520530370.351937,1,445,189,60.53,12.68
1520530370.401938,1,441,202,60.65,12.62
1520530370.451940,1,441,202,60.57,12.82
1520530370.501883,1,445,200,59.01,12.87
1520530370.551883,1,440,187,58.96,12.87
1520530370.601898,1,440,196,58.85,12.92
1520530370.651887,1,442,192,58.75,12.84
1520530370.701889,1,445,200,58.81,13.64
1520530370.751890,1,444,210,58.84,14.07
1520530370.801892,1,442,209,58.96,14.08
1520530370.851892,1,438,182,58.92,14.00
1520530370.901941,1,438,209,59.98,14.36
1520530370.951942,1,439,186,59.91,13.64
1520530371.001944,1,436,184,59.69,13.62
1520530371.051946,1,432,172,59.43,13.78
1520530371.101947,1,434,175,59.76,13.40
1520530371.151949,1,435,173,60.05,13.44
1520530371.201950,1,438,172,59.67,13.12
1520530371.251952,1,440,189,59.15,12.36
1520530371.301953,1,441,193,58.91,12.75
1520530371.351951,1,445,189,58.95,12.24
1520530371.401953,1,436,194,58.74,12.12
1520530371.451954,1,440,192,59.00,11.89
1520530371.501956,1,445,201,58.97,11.77
1520530371.551958,1,444,198,59.07,11.98
1520530371.601959,1,443,195,59.47,11.72
1520530371.651961,1,441,188,59.68,11.54
1520530371.701962,1,433,190,59.78,11.75
1520530371.751959,1,436,193,59.73,11.66
1520530371.801961,1,440,191,59.40,11.11
1520530371.851963,1,443,204,59.08,11.25
1520530371.901964,1,445,194,58.83,11.47
1520530371.951966,1,444,206,59.04,11.72
1520530372.001968,1,438,196,58.84,11.62
1520530372.051969,1,438,187,58.36,11.54
1520530372.101971,1,436,186,59.15,11.60
1520530372.151955,1,434,178,58.80,11.53
1520530372.201977,1,435,189,58.92,11.52
1520530372.251958,1,426,180,58.98,11.52
1520530372.301960,1,430,185,58.83,11.77
1520530372.351961,1,432,177,58.72,11.84
1520530372.401963,1,429,181,58.57,11.73
1520530372.451964,1,437,181,58.86,11.92
1520530372.501966,1,438,194,58.66,11.92
1520530372.551956,1,431,187,58.38,12.04
1520530372.601959,1,434,189,58.20,12.01
1520530372.651960,1,430,185,58.20,12.05
1520530372.701961,1,427,181,58.87,12.11
1520530372.751963,1,431,195,59.25,12.40
1520530372.801964,1,430,194,60.04,12.68
1520530372.851966,1,430,205,60.13,12.96
1520530372.901967,1,446,202,60.79,13.07
1520530372.951617,1,444,189,50.88,12.79
1520530373.001619,1,441,172,51.11,12.80
1520530373.051620,1,440,175,51.31,12.65
1520530373.101622,1,440,179,51.32,12.70
1520530373.151624,1,436,175,51.48,12.52
1520530373.201626,1,438,176,51.64,12.23
1520530373.251627,1,435,176,51.35,12.20
1520530373.301630,1,434,185,51.45,12.04
1520530373.351457,1,429,159,45.07,12.11
1520530373.401458,1,431,156,44.43,11.95
1520530373.451460,1,424,144,44.69,11.32
1520530373.501461,1,425,138,44.84,11.12
1520530373.551463,1,427,137,45.19,2.00
1520530373.601465,1,430,129,45.09,1.83
1520530373.651466,1,428,121,44.78,1.86
1520530373.701467,1,432,139,44.19,2.14
1520530373.751469,1,429,129,43.50,1.83
1520530373.801615,1,436,154,46.91,1.94
1520530373.851583,1,432,138,46.89,2.14
1520530373.901585,1,433,151,46.21,1.85
1520530373.951586,1,428,148,46.66,10.33
1520530374.001589,1,429,134,46.26,10.39
1520530374.051589,1,433,147,45.77,10.30
1520530374.101591,1,433,149,45.26,10.33
1520530374.151592,1,437,141,44.72,10.25
1520530374.201953,1,430,168,54.20,10.88
1520530374.251955,1,430,165,53.66,10.84
1520530374.301956,1,436,172,52.99,10.95
1520530374.351958,1,432,177,52.29,10.83
1520530374.401959,1,426,183,51.76,11.16
1520530374.451961,1,429,173,51.75,11.33
1520530374.501962,1,427,175,52.15,11.64
1520530374.551964,1,428,173,52.05,12.19
1520530374.602407,1,425,171,61.44,12.60
1520530374.652408,1,423,175,61.13,12.14
1520530374.702410,1,430,187,61.00,12.40
1520530374.752412,1,435,176,60.49,12.20
1520530374.802413,1,435,181,59.67,11.81
1520530374.852415,1,431,173,59.48,11.72
1520530374.902417,1,439,184,59.60,11.53
1520530374.952418,1,435,168,59.80,11.21
1520530375.002442,1,435,167,60.40,11.26
1520530375.052444,1,430,165,60.54,11.10
1520530375.102445,1,437,184,61.52,11.03
1520530375.152447,1,431,194,62.72,11.66
1520530375.202449,1,431,188,63.39,11.56
1520530375.252454,1,434,186,63.37,11.62
1520530375.302452,1,431,182,63.87,11.94
1520530375.352453,1,431,174,64.12,12.39
1520530375.402252,1,429,181,59.19,12.66
1520530375.452214,1,425,162,59.00,12.35
1520530375.502216,1,426,152,58.74,12.68
1520530375.552217,1,427,160,58.41,12.22
1520530375.602219,1,434,165,57.04,11.98
1520530375.652220,1,431,169,56.26,11.74
1520530375.702222,1,430,155,54.75,11.81
1520530375.752223,1,430,159,53.48,11.07
1520530375.802225,1,433,155,52.78,11.24
1520530375.852258,1,427,157,52.83,11.39
1520530375.902259,1,427,159,52.70,11.36
1520530375.952261,1,435,158,52.75,11.74
1520530376.002263,1,430,169,52.67,11.34
1520530376.052264,1,425,157,53.21,11.74
1520530376.102265,1,436,173,54.03,11.64
1520530376.152267,1,437,170,54.33,11.43
1520530376.202270,1,440,162,55.28,11.45
1520530376.251950,1,433,161,48.44,11.54
1520530376.301951,1,430,168,48.67,11.71
1520530376.351954,1,429,167,48.38,11.44
1520530376.401955,1,424,173,48.32,11.60
1520530376.451957,1,430,167,48.62,11.36
1520530376.501958,1,431,162,48.99,11.54
1520530376.551960,1,429,145,48.09,11.07
1520530376.601961,1,430,145,48.26,10.94
1520530376.652663,1,434,132,61.42,10.93
1520530376.702664,1,433,116,61.92,10.56
1520530376.752666,1,426,116,63.19,10.79
1520530376.802668,1,425,114,64.11,10.27
1520530376.852669,1,429,110,64.86,10.40
1520530376.902671,1,429,126,65.94,10.06
1520530376.952672,1,423,151,67.32,10.84
1520530377.002721,1,424,157,68.39,10.21
1520530377.052897,1,425,150,71.76,10.07
1520530377.102900,1,425,164,72.41,10.59
1520530377.152901,1,435,172,73.09,11.13
1520530377.202903,1,424,175,72.92,12.08
1520530377.252904,1,429,175,72.03,11.51
1520530377.302906,1,428,182,72.01,11.69
1520530377.352906,1,427,175,72.06,11.62
1520530377.402909,1,428,184,72.07,12.17
1520530377.451720,1,427,123,47.43,11.71
1520530377.501720,1,432,137,47.32,11.69
1520530377.551722,1,428,138,46.84,11.55
1520530377.601723,1,438,136,46.73,11.54
1520530377.651725,1,433,159,46.76,11.79
1520530377.701726,1,435,147,46.97,11.73
1520530377.751728,1,433,148,46.99,11.76
1520530377.801730,1,428,141,46.92,11.68
1520530377.851407,1,425,131,36.32,12.05
1520530377.901409,1,426,120,35.90,11.46
1520530377.951411,1,429,101,35.95,11.22
1520530378.001412,1,427,115,36.00,10.97
1520530378.051414,1,428,99,35.81,10.42
1520530378.101416,1,429,115,36.29,10.48
1520530378.151417,1,429,120,36.91,10.21
1520530378.201419,1,429,121,37.28,9.26
1520530378.251420,1,432,119,37.22,9.13
1520530378.301512,1,431,121,41.00,8.88
1520530378.351513,1,431,122,41.33,8.70
1520530378.401515,1,432,130,41.58,9.16
1520530378.451516,1,431,114,42.45,8.20
1520530378.501517,1,431,126,42.79,8.24
1520530378.551519,1,428,115,42.71,8.46
1520530378.601571,1,419,133,42.89,8.72
1520530378.651522,1,437,126,42.88,8.29
1520530378.702209,1,428,123,63.65,8.57
1520530378.752210,1,429,145,64.12,8.94
1520530378.802212,1,428,146,65.28,9.12
1520530378.852213,1,439,164,65.83,9.29
1520530378.902215,1,440,151,65.39,9.35
1520530378.952216,1,440,155,65.77,9.77
1520530379.002218,1,441,165,66.13,10.82
1520530379.052220,1,441,179,65.70,10.55
1520530379.102149,1,441,184,64.42,11.01
1520530379.152151,1,441,169,64.27,10.44
1520530379.202152,1,440,180,63.72,10.99
1520530379.252154,1,439,176,63.31,11.17
1520530379.302155,1,437,155,63.36,11.30
1520530379.352157,1,438,157,63.17,11.41
1520530379.402159,1,441,167,62.81,11.52
1520530379.452160,1,442,163,62.56,11.63
1520530379.501850,1,444,153,54.54,12.45
1520530379.551852,1,435,162,54.40,12.01
1520530379.601853,1,434,153,54.12,12.32
1520530379.651855,1,436,147,54.25,12.05
1520530379.701856,1,427,155,54.17,12.36
1520530379.751858,1,433,147,54.03,12.05
1520530379.801860,1,430,127,53.70,11.80
1520530379.851861,1,430,122,53.55,11.39
1520530379.901824,1,437,136,52.26,11.30
1520530379.951826,1,433,136,52.42,10.78
1520530380.001827,1,427,121,53.00,10.69
1520530380.051829,1,436,132,53.79,10.30
1520530380.101830,1,430,113,55.17,10.25
1520530380.151832,1,432,116,54.85,10.27
1520530380.201888,1,429,122,54.61,10.26
1520530380.251835,1,430,127,55.05,9.70
1520530380.301736,1,425,128,52.04,9.76
1520530380.352160,1,432,133,65.24,10.04
1520530380.402162,1,434,157,64.56,10.13
1520530380.452163,1,437,152,64.42,10.07
1520530380.502166,1,439,146,64.26,10.27
1520530380.552166,1,442,154,63.84,10.26
1520530380.602168,1,438,152,62.79,10.20
1520530380.652170,1,445,150,62.50,10.44
1520530380.702171,1,441,164,62.47,10.65
1520530380.752135,1,441,156,61.12,10.58
1520530380.802136,1,437,166,61.06,10.66
1520530380.852138,1,435,184,61.03,11.59
1520530380.902139,1,441,178,60.36,11.15
1520530380.952141,1,438,178,59.80,10.88
1520530381.002143,1,437,165,58.92,11.04
1520530381.052144,1,435,155,58.48,10.98
1520530381.102146,1,438,171,57.86,11.13
1520530381.152048,1,429,152,54.92,11.13
1520530381.202049,1,433,154,54.17,11.31
1520530381.252051,1,425,146,54.07,11.17
1520530381.302052,1,432,150,54.25,11.51
1520530381.352053,1,429,141,54.08,11.17
1520530381.402056,1,428,154,54.25,11.42
1520530381.452057,1,431,164,53.85,11.22
1520530381.502058,1,426,152,54.23,10.90
1520530381.552262,1,423,171,58.86,11.52
1520530381.602264,1,432,167,58.83,11.15
1520530381.652266,1,432,179,58.97,11.17
1520530381.702267,1,426,164,59.33,11.42
1520530381.752268,1,425,161,59.37,11.16
1520530381.802325,1,429,167,58.85,11.34
1520530381.852271,1,429,159,59.12,11.24
1520530381.902273,1,424,166,58.84,11.37
1520530381.952332,1,429,174,59.96,11.56
1520530382.002334,1,431,181,59.79,11.80
1520530382.052335,1,429,181,59.99,12.13
1520530382.102337,1,437,189,60.29,12.26
1520530382.152339,1,433,176,60.65,12.22
1520530382.202340,1,432,195,61.08,12.20
1520530382.252342,1,433,180,60.93,12.47
1520530382.302343,1,437,169,60.77,12.39
1520530382.352159,1,432,176,56.24,12.53
1520530382.402160,1,424,157,56.45,12.66
1520530382.452162,1,430,164,56.38,12.59
1520530382.502164,1,430,156,56.17,12.12
1520530382.552165,1,436,148,55.91,11.74
1520530382.602167,1,431,149,56.05,11.21
1520530382.652168,1,429,164,56.82,11.41
1520530382.702170,1,427,155,57.45,11.22
1520530382.752171,1,439,149,57.62,10.97
1520530382.802243,1,430,158,58.90,10.72
1520530382.852246,1,430,143,58.74,10.53
1520530382.902248,1,433,157,58.57,10.56
1520530382.952249,1,431,155,58.56,10.34
1520530383.002250,1,429,158,58.60,10.38
1520530383.052252,1,430,153,58.27,10.46
1520530383.102252,1,425,151,58.10,10.50
1520530383.152255,1,432,153,57.79,10.56
1520530383.202206,1,431,144,56.12,10.21
1520530383.252208,1,422,142,55.65,10.10
1520530383.302210,1,431,158,55.66,10.20
1520530383.352211,1,427,161,55.55,10.82
1520530383.402266,1,430,135,55.08,10.81
1520530383.452214,1,422,148,55.09,10.50
1520530383.502216,1,428,145,54.16,10.53
1520530383.552217,1,425,126,53.83,10.30
1520530383.602472,1,423,150,59.72,10.49
1520530383.652472,1,434,141,59.27,11.12
1520530383.702475,1,430,152,58.54,11.03
1520530383.752476,1,426,146,58.26,11.07
1520530383.802478,1,430,152,58.52,11.54
1520530383.852479,1,428,149,58.46,11.56
1520530383.902481,1,431,144,57.64,11.69
1520530383.952482,1,430,138,57.02,13.49
1520530384.002530,1,428,146,58.22,12.26
1520530384.052531,1,424,148,58.54,12.25
1520530384.102533,1,427,150,59.31,12.35
1520530384.152534,1,422,158,59.41,12.52
1520530384.202536,1,428,153,59.33,12.35
1520530384.252537,1,428,137,60.48,12.15
1520530384.302539,1,430,140,61.46,12.68
1520530384.352541,1,435,136,60.54,12.74
1520530384.402432,1,429,137,59.53,12.00
1520530384.452435,1,431,139,58.97,11.17
1520530384.502435,1,431,152,60.55,10.57
1520530384.552437,1,433,183,62.27,10.46
1520530384.602439,1,436,174,62.86,13.37
1520530384.652440,1,436,167,64.37,11.90
1520530384.702442,1,433,173,65.93,11.79
1520530384.752443,1,436,190,66.71,11.90
1520530384.802857,1,437,186,75.48,12.08
1520530384.852858,1,439,189,76.21,12.04
1520530384.902860,1,444,197,76.04,12.26
1520530384.952861,1,443,198,77.09,12.27
1520530385.002916,1,447,193,78.08,11.67
1520530385.052864,1,438,200,77.69,12.38
1520530385.102866,1,439,185,77.17,12.79
1520530385.152867,1,440,192,77.62,13.07
1520530385.202869,1,439,190,77.61,12.87
1520530385.252705,1,438,191,74.54,13.10
1520530385.302707,1,440,175,74.45,13.27
1520530385.352709,1,435,183,75.00,12.94
1520530385.402710,1,438,184,74.69,13.09
1520530385.452712,1,439,191,74.18,13.05
1520530385.502713,1,433,188,72.50,12.90
1520530385.552715,1,434,181,72.30,13.31
1520530385.602716,1,432,181,72.07,12.74
1520530385.652486,1,439,165,66.27,12.71
1520530385.702487,1,439,176,66.10,12.73
1520530385.752490,1,441,184,64.99,13.12
1520530385.802491,1,434,173,64.69,12.33
1520530385.852493,1,428,163,65.01,12.38
1520530385.902494,1,434,165,64.27,12.51
1520530385.952496,1,430,155,63.91,13.08
1520530386.002497,1,432,161,63.84,12.39
1520530386.052544,1,425,164,64.30,12.29
1520530386.102546,1,426,161,63.81,11.88
1520530386.152547,1,430,156,63.84,11.92
1520530386.202549,1,425,145,64.05,11.40
1520530386.252550,1,428,143,63.94,10.90
1520530386.302552,1,422,159,63.72,10.99
1520530386.352553,1,429,174,63.49,10.76
1520530386.402554,1,430,164,62.70,10.44
1520530386.452758,1,432,179,67.24,10.55
1520530386.502760,1,426,156,67.52,11.15
1520530386.552761,1,421,160,67.83,10.59
1520530386.602814,1,427,159,68.12,10.30
1520530386.652764,1,422,150,68.33,10.40
1520530386.702766,1,417,151,68.70,10.10
1520530386.752767,1,424,141,69.19,9.96
1520530386.802769,1,419,147,69.13,9.79
1520530386.852674,1,425,156,67.21,9.80
1520530386.902676,1,426,162,67.89,9.79
1520530386.952678,1,431,172,68.34,9.84
1520530387.002679,1,431,159,68.64,10.11
1520530387.052681,1,430,154,68.71,9.85
1520530387.102682,1,431,173,69.00,10.15
1520530387.152684,1,434,175,69.61,10.15
1520530387.202685,1,429,147,70.01,10.20
1520530387.252606,1,434,147,68.16,10.21
1520530387.302607,1,427,155,68.02,10.25
1520530387.352609,1,428,160,68.13,10.46
1520530387.402611,1,424,162,68.43,10.67
1520530387.452612,1,423,135,68.63,10.69
1520530387.502614,1,420,130,68.29,10.56
1520530387.552615,1,427,149,67.99,11.14
1520530387.602617,1,423,143,67.67,10.86
1520530387.652619,1,424,153,67.85,10.43
1520530387.702457,1,422,153,62.86,10.27
1520530387.752459,1,420,143,61.96,9.78
1520530387.802460,1,428,145,61.29,10.03
1520530387.852464,1,429,155,60.44,10.21
1520530387.902463,1,426,127,60.60,9.87
1520530387.952464,1,430,138,60.36,9.77
1520530388.002467,1,424,127,59.74,9.74
1520530388.052467,1,440,155,58.74,10.02
1520530388.102494,1,431,136,58.39,10.21
1520530388.152496,1,439,132,57.71,10.57
1520530388.202544,1,433,138,56.90,10.62
1520530388.252499,1,435,134,56.12,10.81
1520530388.302501,1,430,150,56.14,10.72
1520530388.352502,1,434,160,56.74,10.94
1520530388.402504,1,436,148,56.77,11.19
1520530388.452505,1,434,154,56.02,10.90
1520530388.502852,1,428,149,62.38,11.01
1520530388.552854,1,431,155,62.24,11.01
1520530388.602855,1,426,161,63.40,11.08
1520530388.652857,1,430,158,64.00,10.56
1520530388.702858,1,427,165,64.44,10.92
1520530388.752860,1,430,139,63.99,10.72
1520530388.802861,1,431,143,63.38,10.71
1520530388.852863,1,425,145,62.96,10.89
1520530388.902233,1,430,137,48.60,10.81
1520530388.952235,1,425,127,48.36,10.43
1520530389.002237,1,433,128,47.92,10.38
1520530389.052238,1,429,123,47.78,10.62
1520530389.102240,1,429,105,47.91,10.21
1520530389.152242,1,431,121,47.50,10.21
1520530389.202243,1,429,125,47.52,9.94
1520530389.252245,1,428,119,47.35,10.34
1520530389.302934,1,423,120,60.53,9.80
1520530389.352936,1,436,129,60.37,9.61
1520530389.402938,1,426,127,60.81,9.47
1520530389.452939,1,429,155,60.77,9.49
1520530389.502940,1,432,172,59.41,9.85
1520530389.552942,1,431,168,59.10,9.97
1520530389.602943,1,431,151,59.59,10.30
1520530389.652948,1,422,162,59.63,10.21
1520530389.702847,1,424,154,58.26,10.29
1520530389.753403,1,424,161,67.36,10.60
1520530389.803445,1,424,180,67.15,11.50
1520530389.853406,1,418,150,67.68,11.41
1520530389.903408,1,425,152,68.23,11.29
1520530389.953409,1,430,154,68.99,11.41
1520530390.003411,1,428,166,69.76,11.77
1520530390.053412,1,429,155,70.07,12.23
1520530390.103414,1,428,155,71.32,11.56
1520530390.152569,1,431,139,56.30,11.50
1520530390.202569,1,425,142,56.38,11.27
1520530390.252571,1,426,139,57.62,11.34
1520530390.302572,1,426,131,57.94,11.03
1520530390.352574,1,424,119,57.37,10.62
1520530390.402575,1,433,126,56.88,10.62
1520530390.452578,1,428,98,57.03,10.53
1520530390.502578,1,432,98,56.87,10.21
1520530390.553324,1,431,141,71.83,10.88
1520530390.603326,1,428,147,72.17,10.72
1520530390.653327,1,433,154,73.04,10.65
1520530390.703329,1,430,153,74.05,10.86
1520530390.753331,1,438,174,73.70,11.02
1520530390.803333,1,432,178,74.02,10.99
1520530390.853334,1,432,182,73.84,11.61
1520530390.903336,1,437,190,72.87,11.81
1520530390.953379,1,428,190,73.32,11.91
1520530391.003381,1,433,187,72.79,10.96
1520530391.053383,1,422,189,71.99,11.90
1520530391.103384,1,436,172,72.22,13.60
1520530391.153385,1,428,174,71.92,12.70
1520530391.203387,1,438,180,71.04,10.94
1520530391.253388,1,430,175,70.42,13.71
1520530391.303389,1,424,187,70.16,11.64
1520530391.352333,1,427,127,49.43,10.23
1520530391.402366,1,429,128,49.44,11.63
1520530391.452336,1,432,142,49.52,2.90
1520530391.502338,1,423,122,49.94,2.91
1520530391.552339,1,426,120,50.12,2.69
1520530391.602341,1,418,124,49.81,2.67
1520530391.652342,1,424,139,50.10,10.41
1520530391.702344,1,426,160,50.13,10.43
1520530391.752424,1,428,152,51.71,2.02
1520530391.802426,1,427,140,51.03,1.95
1520530391.852427,1,428,135,50.84,1.96
1520530391.902428,1,419,126,50.47,2.00
1520530391.952430,1,426,144,50.49,2.17
1520530392.002431,1,432,140,50.34,2.03
1520530392.052433,1,432,140,49.40,2.02
1520530392.102435,1,429,137,49.06,2.02
1520530392.152436,1,425,133,49.34,2.25
1520530392.203142,1,429,143,61.88,2.02
1520530392.253143,1,424,137,61.25,10.41
1520530392.303145,1,429,135,62.35,10.26
1520530392.353147,1,431,131,61.47,9.11
1520530392.403147,1,427,136,62.16,9.45
1520530392.453150,1,426,123,63.36,10.43
1520530392.503151,1,433,129,62.81,10.75
1520530392.553153,1,436,121,62.72,10.83
1520530392.602235,1,437,92,44.20,10.80
1520530392.652236,1,433,98,44.02,10.27
1520530392.702237,1,435,105,44.27,9.63
1520530392.752239,1,428,94,44.29,9.40
1520530392.802241,1,427,105,44.07,9.20
1520530392.852242,1,431,126,43.58,9.23
1520530392.902243,1,424,122,44.01,9.22
1520530392.952245,1,423,136,42.92,9.48
1520530393.002174,1,428,137,40.96,8.51
1520530393.052154,1,424,139,40.14,8.44
1520530393.102155,1,432,117,39.58,8.68
1520530393.152157,1,426,122,38.80,9.24
1520530393.202159,1,419,116,39.18,9.55
1520530393.252160,1,424,111,38.80,9.86
1520530393.302162,1,424,121,38.78,9.76
1520530393.352164,1,429,126,38.05,10.30
1520530393.402921,1,431,156,55.18,10.34
1520530393.452923,1,427,171,55.28,10.13
1520530393.502924,1,427,171,56.55,11.40
1520530393.552926,1,430,164,55.38,11.60
1520530393.602927,1,437,175,56.06,11.89
1520530393.652929,1,434,174,56.07,12.34
1520530393.702931,1,431,154,56.95,11.89
1520530393.752932,1,431,146,56.71,11.60
1520530393.802958,1,423,154,56.66,11.25
1520530393.852959,1,423,143,56.33,11.54
1520530393.902961,1,426,150,56.79,11.35
1520530393.952963,1,427,163,56.49,11.62
1520530394.002964,1,427,150,56.25,11.86
1520530394.052965,1,438,144,56.16,11.26
1520530394.102968,1,436,155,55.93,11.04
1520530394.152969,1,434,152,55.99,11.00
1520530394.202165,1,426,129,38.32,11.11
1520530394.252167,1,424,128,37.68,11.24
1520530394.302169,1,426,121,38.13,11.03
1520530394.352170,1,426,122,37.68,10.79
1520530394.402172,1,428,145,37.89,10.74
1520530394.452173,1,430,155,38.31,10.84
1520530394.502175,1,431,140,38.78,10.58
1520530394.552176,1,431,139,39.43,11.27
1520530394.602189,1,430,124,39.43,11.33
1520530394.652877,1,422,141,59.24,11.40
1520530394.702878,1,432,152,60.28,10.30
1520530394.752879,1,428,168,60.83,11.35
1520530394.802881,1,424,167,60.74,11.49
1520530394.852882,1,435,160,60.81,11.61
1520530394.902885,1,434,157,62.45,11.56
1520530394.952885,1,427,175,63.25,11.57
1520530395.002887,1,430,170,62.96,11.73
1520530395.053731,1,428,192,77.01,12.03
1520530395.103732,1,434,203,76.97,11.80
1520530395.153734,1,434,212,78.21,12.65
1520530395.203735,1,428,208,78.96,12.43
1520530395.253737,1,436,211,78.93,12.34
1520530395.303738,1,192,0,79.80,1.18
1520530395.353740,1,438,215,80.12,12.46
1520530395.403742,1,439,198,80.22,12.48
1520530395.452705,1,437,175,61.06,12.41
1520530395.502707,1,442,173,61.39,13.01
1520530395.552709,1,439,166,61.89,12.98
1520530395.602710,1,439,168,61.68,12.28
1520530395.652712,1,440,169,61.83,13.11
1520530395.702713,1,440,177,61.91,12.48
1520530395.752715,1,443,167,61.80,12.07
1520530395.802716,1,443,155,61.52,12.05
1520530395.853078,1,438,159,69.04,12.01
1520530395.903079,1,438,157,69.45,11.63
1520530395.953081,1,438,175,69.24,11.58
1520530396.003083,1,431,167,68.69,11.38
1520530396.053084,1,438,182,68.04,11.36
1520530396.103085,1,435,158,67.64,11.32
1520530396.153087,1,437,163,67.10,11.05
1520530396.203089,1,437,189,67.38,10.83
1520530396.253235,1,437,187,70.24,11.13
1520530396.303237,1,439,183,70.00,10.85
1520530396.353238,1,438,186,70.05,10.43
1520530396.403240,1,434,189,69.92,10.79
1520530396.453241,1,436,200,69.35,10.73
1520530396.503243,1,431,170,68.96,10.71
1520530396.553244,1,430,167,68.78,10.78
1520530396.603246,1,431,168,67.84,10.93
1520530396.653248,1,436,156,66.94,10.76
1520530396.703145,1,433,158,65.02,10.63
1520530396.753147,1,430,169,64.43,10.79
1520530396.803148,1,434,166,63.39,10.82
1520530396.853149,1,433,175,62.80,10.84
1520530396.903152,1,431,160,62.48,11.22
1520530396.953152,1,427,165,62.44,11.21
1520530397.003155,1,424,153,63.02,11.05
1520530397.053156,1,422,164,62.74,11.34
1520530397.102782,1,430,154,55.44,10.97
1520530397.152784,1,427,158,55.24,10.51
1520530397.202785,1,428,157,55.90,10.69
1520530397.252787,1,432,169,55.87,10.70
1520530397.302788,1,430,156,55.19,11.04
1520530397.352790,1,432,159,55.33,10.62
1520530397.402791,1,432,169,55.65,10.67
1520530397.452793,1,435,163,56.53,10.54
1520530397.502304,1,431,132,44.23,11.18
1520530397.552306,1,424,138,44.56,11.33
1520530397.602308,1,428,140,45.40,11.14
1520530397.652309,1,426,156,45.35,11.46
1520530397.702310,1,431,152,46.41,11.49
1520530397.752312,1,429,155,46.18,11.32
1520530397.802315,1,423,151,46.34,11.56
1520530397.852315,1,427,127,46.93,11.07
1520530397.902585,1,431,153,54.69,11.08
1520530397.952586,1,438,141,53.53,11.08
1520530398.002588,1,430,126,53.66,10.71
1520530398.052589,1,428,133,54.09,10.56
1520530398.102591,1,430,115,54.48,10.45
1520530398.152592,1,432,130,54.77,10.39
1520530398.202594,1,433,111,54.91,10.15
1520530398.252596,1,439,117,55.35,10.41
1520530398.303365,1,434,149,72.15,10.49
1520530398.353367,1,437,176,73.13,10.93
1520530398.403368,1,433,177,74.36,11.02
1520530398.453370,1,436,185,74.99,10.99
1520530398.503371,1,437,182,75.19,11.17
1520530398.553373,1,437,187,75.87,11.49
1520530398.603375,1,431,196,76.19,11.53
1520530398.653376,1,433,182,76.83,11.54
1520530398.703221,1,429,180,73.47,11.66
1520530398.753223,1,431,181,72.72,11.79
1520530398.803225,1,434,190,71.39,12.11
1520530398.853226,1,430,191,70.82,12.26
1520530398.903227,1,426,182,70.29,12.57
1520530398.953229,1,428,190,69.22,12.39
1520530399.003230,1,431,176,68.34,12.15
1520530399.053232,1,438,178,68.91,12.32
1520530399.103233,1,432,177,68.18,11.91
1520530399.152330,1,428,135,45.07,11.99
1520530399.202332,1,434,139,44.76,12.10
1520530399.252333,1,432,152,43.92,11.83
1520530399.302335,1,432,148,43.54,11.55
1520530399.352336,1,427,148,43.28,11.56
1520530399.402342,1,426,149,42.50,11.40
1520530399.452339,1,430,147,42.15,11.19
1520530399.502341,1,429,146,42.14,11.30
1520530399.553006,1,428,150,57.90,11.22
1520530399.603008,1,428,142,57.28,10.57
1520530399.653009,1,424,148,56.96,10.83
1520530399.703011,1,429,141,56.82,10.41
1520530399.753012,1,427,141,57.71,10.28
1520530399.803014,1,430,157,58.47,10.45
1520530399.853016,1,431,150,58.40,10.34
1520530399.903017,1,429,159,58.10,10.27
1520530399.953275,1,425,143,62.37,10.33
1520530400.003276,1,426,166,63.39,10.73
1520530400.053278,1,424,162,63.40,10.76
1520530400.103279,1,422,142,62.36,10.51
1520530400.153281,1,416,134,61.54,10.26
1520530400.203283,1,419,143,61.84,10.49
1520530400.253284,1,426,145,61.71,10.41
1520530400.303286,1,425,150,61.35,10.54
1520530400.352494,1,427,116,43.38,10.06
1520530400.402496,1,419,115,43.67,10.49
1520530400.452498,1,429,119,43.75,10.00
1520530400.502500,1,424,120,43.48,9.70
1520530400.552501,1,423,120,43.39,9.38
1520530400.602502,1,429,123,43.24,9.31
1520530400.652504,1,429,126,42.78,9.34
1520530400.702505,1,432,128,43.04,8.60
1520530400.752291,1,431,132,37.10,8.64
1520530400.802292,1,427,115,36.94,8.24
1520530400.852294,1,429,124,37.19,8.23
1520530400.902295,1,429,134,37.23,8.82
1520530400.952297,1,426,134,36.67,9.08
1520530401.002299,1,426,111,36.74,9.36
1520530401.052300,1,427,136,37.50,9.11
1520530401.102302,1,427,112,36.79,9.65
1520530401.152303,1,430,117,37.51,9.59
1520530401.202755,1,420,134,51.89,9.97
1520530401.252756,1,421,138,51.92,10.08
1520530401.302758,1,424,134,52.03,10.27
1520530401.352759,1,427,135,53.46,10.48
1520530401.402761,1,427,129,53.15,10.61
1520530401.452763,1,427,125,54.16,10.97
1520530401.502764,1,430,136,55.28,11.49
1520530401.552766,1,428,137,54.71,11.47
1520530401.603037,1,439,152,62.38,11.49
1520530401.653039,1,439,161,64.35,11.55
1520530401.703041,1,439,155,63.12,11.47
1520530401.753042,1,438,168,64.35,10.90
1520530401.803044,1,440,190,65.55,11.09
1520530401.853045,1,440,191,65.95,11.58
1520530401.903047,1,435,185,67.45,11.10
1520530401.953048,1,430,199,67.79,11.44
1520530402.002281,1,440,152,46.01,11.31
1520530402.052283,1,436,144,46.05,11.15
1520530402.102285,1,432,163,45.88,11.07
1520530402.152286,1,433,161,45.53,11.49
1520530402.202287,1,440,169,45.13,12.84
1520530402.252289,1,438,155,45.16,12.29
1520530402.302290,1,432,135,44.36,12.48
1520530402.352292,1,432,134,44.29,12.81
1520530402.402567,1,435,130,52.25,11.94
1520530402.452569,1,434,152,52.28,10.59
1520530402.502570,1,430,136,51.66,10.27
1520530402.552572,1,428,130,51.33,10.16
1520530402.602574,1,431,128,51.13,9.56
1520530402.652672,1,432,113,50.80,9.96
1520530402.702577,1,431,117,50.67,9.29
1520530402.752578,1,430,106,50.24,9.13
1520530402.803416,1,429,108,67.71,8.92
1520530402.853417,1,433,105,67.30,9.31
1520530402.903419,1,435,120,66.59,8.96
1520530402.953420,1,428,119,66.03,9.15
1520530403.003422,1,425,134,65.55,8.85
1520530403.053424,1,424,156,64.31,9.20
1520530403.103425,1,420,140,64.20,9.70
1520530403.153427,1,421,139,64.49,9.55
1520530403.202933,1,421,137,55.66,9.64
1520530403.252935,1,427,136,55.71,9.96
1520530403.302936,1,426,147,56.03,10.33
1520530403.352938,1,428,138,56.67,10.09
1520530403.402940,1,425,148,57.38,9.94
1520530403.452941,1,425,132,58.13,10.26
1520530403.502943,1,430,135,58.86,10.76
1520530403.552945,1,427,146,59.94,10.29
1520530403.602946,1,432,179,60.89,10.61
1520530403.652254,1,434,133,41.00,10.48
1520530403.702256,1,430,140,40.84,10.22
1520530403.752257,1,430,136,41.03,9.88
1520530403.802258,1,428,144,40.91,9.74
1520530403.852261,1,425,148,41.47,10.00
1520530403.902261,1,433,149,41.26,9.69
1520530403.952263,1,440,140,41.34,9.52
1520530404.002264,1,438,134,41.58,9.74
1520530404.052744,1,432,145,58.04,9.93
1520530404.102747,1,436,157,58.13,9.34
1520530404.152748,1,435,144,58.52,9.84
1520530404.202749,1,429,150,58.10,9.42
1520530404.252828,1,436,174,58.28,10.06
1520530404.302752,1,434,185,58.55,9.96
1520530404.352753,1,440,194,58.84,10.31
1520530404.402755,1,441,174,59.02,10.61
1520530404.453112,1,437,194,68.77,10.57
1520530404.503114,1,439,204,69.03,11.04
1520530404.553115,1,443,202,69.72,11.17
1520530404.603117,1,436,184,70.19,11.11
1520530404.653119,1,444,194,70.29,10.90
1520530404.703120,1,436,202,69.98,11.44
1520530404.753122,1,433,198,70.00,11.59
1520530404.803123,1,435,184,70.12,11.32
1520530404.852642,1,427,155,57.24,11.05
1520530404.902643,1,430,164,56.65,11.22
1520530404.952645,1,424,130,56.80,10.71
1520530405.002647,1,423,126,56.87,10.42
1520530405.052648,1,418,125,56.71,10.30
1520530405.102650,1,425,148,57.08,10.48
1520530405.152651,1,429,140,57.38,10.18
1520530405.202653,1,430,135,57.29,10.02
1520530405.252327,1,429,118,44.59,9.48
1520530405.302330,1,430,133,44.68,9.21
1520530405.352331,1,428,126,44.62,9.17
1520530405.402333,1,427,130,43.98,8.97
1520530405.452334,1,429,102,43.89,9.10
1520530405.502335,1,431,100,44.16,8.75
1520530405.552337,1,428,107,43.65,8.82
1520530405.602339,1,432,136,42.96,8.88
1520530405.652792,1,427,123,58.18,4.46
1520530405.702792,1,428,122,57.09,8.60
1520530405.752795,1,428,128,55.97,8.84
1520530405.802797,1,433,126,55.11,8.58
1520530405.852855,1,432,117,55.04,8.31
1520530405.902800,1,430,105,54.15,8.16
1520530405.952801,1,427,98,53.50,7.85
1520530406.002802,1,431,105,53.14,8.08
1520530406.052804,1,433,104,53.36,8.09
1520530406.103570,1,427,105,69.37,15.23
1520530406.153571,1,426,113,69.12,9.31
1520530406.203573,1,427,117,68.85,8.18
1520530406.253574,1,431,119,69.44,8.17
1520530406.303576,1,426,106,69.34,8.07
1520530406.353577,1,430,138,69.55,8.22
1520530406.403578,1,427,127,70.31,8.31
1520530406.453581,1,427,127,70.54,8.96
1520530406.503485,1,427,139,69.03,8.55
1520530406.553487,1,427,130,69.78,8.64
1520530406.603489,1,432,132,70.08,8.88
1520530406.653490,1,425,155,71.45,8.85
1520530406.703492,1,430,142,72.48,9.14
1520530406.753493,1,431,122,73.31,8.99
1520530406.803495,1,433,130,74.13,8.62
1520530406.853497,1,429,131,75.22,9.13
1520530406.902692,1,429,83,56.13,9.84
1520530406.952693,1,430,108,56.06,9.41
1520530407.002694,1,432,95,57.02,9.16
1520530407.052696,1,433,90,56.33,9.44
1520530407.102698,1,428,84,56.21,1.18
1520530407.152699,1,428,75,56.08,0.82
1520530407.202701,1,424,90,55.88,1.13
1520530407.252702,1,427,117,55.50,0.84
1520530407.303185,1,426,130,68.08,1.15
1520530407.353185,1,424,112,67.35,0.87
1520530407.403187,1,423,128,66.74,0.86
1520530407.453221,1,429,134,66.29,0.97
1520530407.503190,1,431,137,65.98,0.90
1520530407.553191,1,425,130,65.89,0.98
1520530407.603193,1,422,124,65.10,0.91
1520530407.653194,1,426,146,64.16,1.10
1520530407.703510,1,437,146,70.07,0.96
1520530407.753511,1,432,139,69.40,1.14
1520530407.803513,1,424,132,69.41,0.95
1520530407.853514,1,422,150,69.21,0.99
1520530407.903516,1,424,154,69.73,1.05
1520530407.953518,1,423,139,70.02,0.99
1520530408.003519,1,430,171,70.05,1.07
1520530408.053521,1,427,178,69.06,1.03
1520530408.103522,1,428,158,68.87,9.97
1520530408.153603,1,430,162,70.03,11.09
1520530408.203605,1,428,167,69.34,10.79
1520530408.253606,1,424,187,68.61,10.69
1520530408.303608,1,429,178,67.97,10.96
1520530408.353609,1,433,191,67.42,11.03
1520530408.403612,1,430,192,66.50,12.04
1520530408.453613,1,429,182,65.54,11.46
1520530408.503614,1,429,170,64.55,11.01
1520530408.553374,1,427,159,60.02,11.92
1520530408.603376,1,431,159,59.36,11.57
1520530408.653377,1,429,147,58.83,11.68
1520530408.703379,1,431,162,58.29,11.79
1520530408.753380,1,430,163,57.43,11.91
1520530408.803382,1,432,142,57.08,11.83
1520530408.853383,1,427,142,57.03,11.55
1520530408.903385,1,428,144,57.51,11.43
1520530408.952878,1,426,132,46.59,11.29
1520530409.002880,1,425,131,46.70,10.92
1520530409.052890,1,422,125,46.85,10.54
1520530409.102883,1,426,126,46.54,10.45
1520530409.152884,1,425,130,46.49,10.40
1520530409.202886,1,433,124,47.22,10.54
1520530409.252887,1,429,132,47.42,10.34
1520530409.302889,1,434,118,48.62,10.04
1520530409.352902,1,429,133,49.65,9.29
1520530409.402904,1,429,117,50.18,9.80
1520530409.452906,1,424,125,50.88,9.96
1520530409.502907,1,427,137,51.57,10.09
1520530409.552909,1,431,136,52.16,10.40
1520530409.602910,1,431,137,52.65,10.45
1520530409.652912,1,425,130,53.53,10.38
1520530409.702913,1,430,156,53.48,10.53
1520530409.752654,1,431,128,45.80,10.42
1520530409.802656,1,434,135,46.07,10.96
1520530409.852657,1,432,138,46.47,10.77
1520530409.902659,1,432,154,46.47,11.28
1520530409.952660,1,427,151,46.16,11.20
1520530410.002662,1,433,140,46.05,11.09
1520530410.052664,1,432,138,47.22,11.39
1520530410.102666,1,436,131,47.05,11.25
1520530410.153222,1,423,126,61.03,73.50
1520530410.203225,1,426,129,61.93,11.64
1520530410.253226,1,438,151,62.66,11.55
1520530410.303227,1,438,152,62.59,10.21
1520530410.353231,1,440,155,62.54,11.07
1520530410.403230,1,438,152,63.03,10.67
1520530410.453231,1,441,144,62.93,10.34
1520530410.503232,1,435,149,63.25,10.20
1520530410.553234,1,437,145,63.52,10.07
1520530410.603875,1,435,161,76.54,9.82
1520530410.653876,1,434,165,77.33,10.10
1520530410.703878,1,431,154,77.89,10.02
1520530410.753879,1,426,160,78.22,10.10
1520530410.803881,1,433,155,77.89,10.37
1520530410.853882,1,434,182,77.93,10.21
1520530410.903884,1,433,174,78.35,10.32
1520530410.953885,1,438,178,78.55,10.51
1520530411.003418,1,439,177,70.86,10.62
1520530411.053420,1,438,188,70.78,10.67
1520530411.103421,1,438,182,70.23,10.57
1520530411.153423,1,439,186,69.92,10.62
1520530411.203424,1,435,184,69.81,11.07
1520530411.253426,1,437,182,69.47,11.29
1520530411.303427,1,437,191,68.69,11.58
1520530411.353429,1,435,170,68.05,11.56
1520530411.403009,1,444,170,57.74,11.29
1520530411.453010,1,443,182,57.09,11.30
1520530411.503012,1,444,186,57.55,11.43
1520530411.553013,1,440,178,57.88,11.48
1520530411.603015,1,444,167,58.06,11.65
1520530411.653017,1,444,182,57.56,11.38
1520530411.703018,1,444,179,57.06,11.60
1520530411.753020,1,445,177,56.14,10.97
1520530411.802906,1,441,158,51.82,10.91
1520530411.852907,1,432,160,51.60,11.42
1520530411.902908,1,437,154,51.41,10.95
1520530411.952911,1,426,121,51.16,10.64
1520530412.002912,1,427,128,50.78,10.41
1520530412.052913,1,424,122,50.18,9.89
1520530412.102915,1,431,116,50.90,10.90
1520530412.152916,1,421,128,50.33,10.86
1520530412.203416,1,428,148,62.86,10.68
1520530412.253417,1,429,165,62.78,11.76
1520530412.303419,1,417,166,62.48,10.74
1520530412.353420,1,426,166,61.35,11.22
1520530412.403422,1,428,173,60.18,12.05
1520530412.453423,1,425,158,60.15,13.46
1520530412.503425,1,424,165,58.54,14.29
1520530412.553426,1,430,169,57.71,16.51
1520530412.603428,1,431,163,58.21,11.31
1520530412.653630,1,431,178,61.25,11.31
1520530412.703631,1,426,171,60.38,11.07
1520530412.753633,1,422,169,60.22,11.80
1520530412.803634,1,428,164,60.92,11.46
1520530412.853636,1,429,170,60.99,11.64
1520530412.903637,1,429,160,60.57,11.36
1520530412.953639,1,421,175,60.69,11.83
1520530413.003641,1,423,162,60.96,11.78
1520530413.053009,1,427,143,47.92,11.80
1520530413.103011,1,437,123,49.10,11.71
1520530413.153012,1,430,131,50.29,10.37
1520530413.203014,1,428,129,51.07,10.71
1520530413.253016,1,427,121,52.20,2.88
1520530413.303017,1,427,131,52.34,3.43
1520530413.353019,1,430,141,53.35,3.29
1520530413.403021,1,430,131,53.57,3.36
1520530413.452940,1,424,126,50.62,3.42
1520530413.502941,1,421,140,51.87,16.48
1520530413.552943,1,425,138,52.33,10.91
1520530413.602944,1,428,140,51.88,10.64
1520530413.652946,1,428,142,51.28,10.77
1520530413.702947,1,427,122,51.10,10.59
1520530413.752949,1,428,140,51.05,10.60
1520530413.802951,1,432,131,51.05,10.70
1520530413.853107,1,433,148,55.67,10.55
1520530413.903189,1,433,147,56.36,10.91
1520530413.953110,1,431,155,56.49,10.78
1520530414.003112,1,430,144,56.08,10.72
1520530414.053113,1,430,148,55.79,10.66
1520530414.103115,1,433,149,55.96,10.96
1520530414.153116,1,431,148,55.89,11.20
1520530414.203118,1,433,151,55.80,11.30
1520530414.252894,1,426,142,49.01,10.70
1520530414.302895,1,433,144,48.83,10.95
1520530414.352898,1,431,144,48.76,10.93
1520530414.402899,1,428,131,48.64,10.59
1520530414.452900,1,433,138,48.71,10.54
1520530414.502902,1,432,143,47.91,10.69
1520530414.552903,1,424,148,47.75,10.63
1520530414.602905,1,424,142,47.35,10.65
1520530414.652705,1,423,121,39.83,10.20
1520530414.702707,1,433,137,39.70,10.20
1520530414.752708,1,435,134,39.25,9.95
1520530414.802710,1,429,119,39.27,9.92
1520530414.852712,1,431,142,39.36,9.98
1520530414.902714,1,430,147,39.33,9.78
1520530414.952715,1,431,150,39.40,9.92
1520530415.002717,1,433,144,39.12,9.78
1520530415.052718,1,436,126,39.42,9.70
1520530415.103195,1,428,148,53.15,9.76
1520530415.153197,1,428,139,52.60,9.75
1520530415.203199,1,432,137,52.93,10.14
1520530415.253200,1,429,154,53.26,9.50
1520530415.303202,1,428,141,53.53,9.37
1520530415.353203,1,432,148,53.79,9.63
1520530415.403205,1,428,145,53.56,9.67
1520530415.453206,1,436,157,53.40,9.85
1520530415.503115,1,433,143,49.61,9.61
1520530415.553069,1,431,161,49.69,10.06
1520530415.603071,1,434,151,50.77,9.82
1520530415.653072,1,435,177,50.66,10.39
1520530415.703074,1,430,161,50.34,10.22
1520530415.753075,1,432,149,49.94,10.33
1520530415.803077,1,433,153,49.46,10.21
1520530415.853079,1,428,155,49.65,10.79
1520530415.903361,1,433,145,56.06,10.18
1520530415.953363,1,431,135,56.00,9.89
1520530416.003364,1,427,163,55.72,9.98
1520530416.053366,1,431,159,55.31,10.45
1520530416.103368,1,432,159,54.74,10.72
1520530416.153369,1,433,164,54.90,10.36
1520530416.203371,1,426,163,55.20,10.06
1520530416.253372,1,428,158,55.43,10.99
1520530416.303375,1,428,145,55.61,10.87
1520530416.353376,1,428,153,55.40,10.58
1520530416.403378,1,433,159,55.62,10.92
1520530416.453380,1,432,143,56.00,11.29
1520530416.503381,1,427,146,56.18,10.88
1520530416.553383,1,425,153,56.43,11.01
1520530416.603384,1,431,165,56.66,11.10
1520530416.653386,1,436,167,57.12,11.30
1520530416.703272,1,429,172,54.60,11.49
1520530416.753274,1,432,164,55.06,10.41
1520530416.803277,1,437,165,55.54,11.26
1520530416.853277,1,440,158,55.74,13.29
1520530416.903278,1,430,158,55.68,13.79
1520530416.953280,1,427,162,55.79,11.27
1520530417.003283,1,432,165,56.66,11.46
1520530417.053283,1,424,170,57.50,14.41
1520530417.103391,1,432,168,60.18,11.76
1520530417.153371,1,430,168,60.09,11.75
1520530417.203373,1,436,181,60.10,11.17
1520530417.253374,1,433,178,60.70,11.41
1520530417.303376,1,433,189,60.92,11.91
1520530417.353378,1,432,182,61.05,11.57
1520530417.403379,1,430,172,61.21,11.35
1520530417.453381,1,430,187,61.14,11.40
1520530417.503382,1,428,177,60.97,11.61
1520530417.553464,1,436,178,62.94,11.41
1520530417.603466,1,432,186,62.62,11.63
1520530417.653467,1,433,187,62.14,11.45
1520530417.703468,1,432,182,61.89,11.45
1520530417.753470,1,431,177,62.03,11.51
1520530417.803472,1,427,170,62.20,11.22
1520530417.853473,1,424,174,61.85,11.41
1520530417.903476,1,434,169,61.25,10.46
1520530417.953456,1,431,171,60.48,11.33
1520530418.003458,1,435,171,60.24,12.93
1520530418.053458,1,431,157,59.66,13.77
1520530418.103461,1,433,174,59.43,2.23
1520530418.153462,1,428,149,59.70,2.14
1520530418.203465,1,434,166,60.18,2.21
1520530418.253466,1,436,173,60.14,2.12
1520530418.303468,1,433,156,59.54,2.10
1520530418.353431,1,426,158,58.34,2.14
1520530418.403432,1,428,156,57.89,2.13
1520530418.453434,1,430,166,57.64,2.08
1520530418.503435,1,430,149,57.50,2.19
1520530418.553437,1,430,165,57.34,11.75
1520530418.603439,1,428,156,57.12,11.15
1520530418.653440,1,435,144,57.16,11.28
1520530418.703442,1,433,147,57.19,11.04
1520530418.753343,1,428,142,55.05,11.27
1520530418.803345,1,428,171,55.29,11.23
1520530418.853346,1,434,168,55.49,10.98
1520530418.903348,1,429,162,55.34,10.83
1520530418.953350,1,434,174,55.67,11.24
1520530419.003351,1,433,172,55.35,11.16
1520530419.053353,1,433,148,55.80,11.28
1520530419.103354,1,429,162,56.44,11.13
1520530419.153533,1,430,175,60.66,11.29
1520530419.203534,1,435,179,61.01,10.44
1520530419.253536,1,426,179,61.11,10.91
1520530419.303537,1,425,181,61.35,12.57
1520530419.353539,1,434,193,61.45,15.28
1520530419.403541,1,430,169,61.23,16.71
1520530419.453542,1,426,178,61.20,18.14
1520530419.503544,1,426,192,61.03,18.04
1520530419.553545,1,431,177,61.15,17.75
1520530419.603729,1,427,192,64.96,12.26
1520530419.653731,1,425,195,64.78,11.99
1520530419.703733,1,429,204,64.76,11.99
1520530419.753734,1,422,194,65.14,11.53
1520530419.803736,1,433,187,65.18,11.58
1520530419.853739,1,430,179,65.14,11.16
1520530419.903739,1,433,193,64.78,11.09
1520530419.953740,1,437,181,64.18,10.99
1520530420.003597,1,429,178,60.83,11.38
1520530420.053598,1,429,180,60.56,11.11
1520530420.103600,1,432,155,59.87,11.39
1520530420.153602,1,435,170,59.41,11.54
1520530420.203604,1,427,162,58.56,11.53
1520530420.253605,1,434,176,58.37,11.80
1520530420.303607,1,432,173,59.11,11.55
1520530420.353608,1,437,169,59.18,11.70
1520530420.403699,1,429,178,60.33,11.71
1520530420.453700,1,428,180,59.91,11.33
1520530420.503702,1,429,183,59.36,11.32
1520530420.553704,1,423,174,58.97,11.61
1520530420.603705,1,425,158,59.15,11.91
1520530420.653707,1,429,166,59.16,11.44
1520530420.703708,1,422,187,59.21,11.25
1520530420.753710,1,426,178,59.40,11.50
1520530420.803356,1,433,158,51.65,11.36
1520530420.853358,1,421,156,51.92,10.84
1520530420.903359,1,428,161,51.93,11.29
1520530420.953361,1,430,159,51.90,11.20
1520530421.003363,1,431,163,52.25,10.92
1520530421.053364,1,430,160,52.20,10.77
1520530421.103366,1,426,157,51.53,10.93
1520530421.153367,1,431,162,51.45,11.32
1520530421.203429,1,430,166,52.64,12.16
1520530421.253431,1,433,160,52.88,11.93
1520530421.303432,1,433,165,53.29,12.03
1520530421.353434,1,425,165,53.58,12.02
1520530421.403435,1,428,157,54.07,11.88
1520530421.453437,1,425,162,54.41,12.30
1520530421.503439,1,425,153,54.42,11.72
1520530421.553440,1,425,173,55.25,12.02
1520530421.603611,1,423,169,59.53,12.42
1520530421.653613,1,431,183,59.65,12.29
1520530421.703614,1,433,176,59.96,12.67
1520530421.753616,1,433,179,59.79,11.92
1520530421.803617,1,429,175,59.79,11.96
1520530421.853618,1,433,164,59.62,10.83
1520530421.903620,1,425,164,59.50,12.36
1520530421.953693,1,426,162,59.14,11.75
1520530422.003623,1,431,164,58.56,11.79
1520530422.053472,1,432,166,54.69,11.55
1520530422.103474,1,429,154,54.43,11.30
1520530422.153476,1,431,155,54.31,11.04
1520530422.203477,1,422,145,54.20,18.03
1520530422.253479,1,420,143,53.93,11.36
1520530422.303480,1,417,151,53.46,11.06
1520530422.353482,1,422,152,52.94,11.29
1520530422.403483,1,427,156,51.96,11.37
1520530422.453394,1,432,152,49.48,11.51
1520530422.503396,1,428,139,48.80,2.95
1520530422.553397,1,426,138,48.36,11.53
1520530422.603400,1,429,132,48.37,11.30
1520530422.653401,1,425,139,48.72,11.33
1520530422.703403,1,425,158,48.93,11.26
1520530422.753404,1,429,152,49.86,11.25
1520530422.803406,1,423,151,49.50,10.94
1520530422.853580,1,427,165,53.56,11.12
1520530422.903583,1,428,169,53.36,10.99
1520530422.953585,1,430,154,53.39,11.09
1520530423.003587,1,427,153,52.84,10.38
1520530423.053587,1,432,143,53.11,10.45
1520530423.103590,1,431,157,53.31,10.51
1520530423.153590,1,429,154,52.37,10.71
1520530423.203592,1,434,140,52.46,10.86
1520530423.253316,1,429,118,46.22,10.74
1520530423.303317,1,427,122,45.60,9.63
1520530423.353319,1,419,108,45.64,9.60
1520530423.403322,1,428,109,46.08,11.98
1520530423.453322,1,428,118,46.35,12.67
1520530423.503324,1,421,107,46.34,13.58
1520530423.553359,1,427,110,46.44,13.99
1520530423.603327,1,426,120,46.27,15.03
1520530423.652983,1,421,112,37.05,16.25
1520530423.702985,1,426,117,37.08,16.06
1520530423.752986,1,429,119,36.81,9.55
1520530423.802988,1,424,116,36.56,8.88
1520530423.852990,1,425,127,36.66,9.56
1520530423.902991,1,430,128,36.68,9.73
1520530423.952993,1,428,126,36.65,9.67
1520530424.002995,1,428,117,37.28,9.84
1520530424.052950,1,426,121,36.24,9.65
1520530424.103253,1,426,139,46.73,9.84
1520530424.153255,1,428,106,46.37,9.59
1520530424.203257,1,425,122,46.32,9.88
1520530424.253258,1,428,110,46.43,9.56
1520530424.303260,1,423,127,46.53,9.44
1520530424.353261,1,429,132,46.79,9.67
1520530424.403263,1,432,150,47.21,9.77
1520530424.453264,1,434,127,46.90,9.78
1520530424.504722,1,429,149,75.50,10.09
1520530424.554724,1,429,176,75.28,10.25
1520530424.604726,1,423,180,75.26,10.83
1520530424.654727,1,428,198,75.40,11.12
1520530424.704729,1,425,191,74.90,11.13
1520530424.754730,1,186,0,74.88,0.93
1520530424.804732,1,428,182,74.94,11.20
1520530424.854733,1,425,199,75.81,12.05
1520530424.903374,1,430,149,49.83,11.62
1520530424.953377,1,428,151,50.97,11.71
1520530425.003378,1,437,161,50.85,11.67
1520530425.053379,1,439,146,50.39,11.69
1520530425.103381,1,429,149,50.32,12.18
1520530425.153383,1,435,155,50.37,11.11
1520530425.203384,1,434,149,49.79,10.83
1520530425.253385,1,439,156,49.44,10.72
1520530425.303732,1,438,168,57.60,10.79
1520530425.353734,1,429,158,57.07,10.28
1520530425.403735,1,431,169,56.56,10.34
1520530425.453737,1,431,166,56.92,9.91
1520530425.503738,1,434,177,56.66,11.04
1520530425.553740,1,430,175,56.97,11.27
1520530425.603741,1,432,166,57.59,11.42
1520530425.653743,1,436,159,58.52,11.47
1520530425.703675,1,436,173,57.74,11.73
1520530425.753677,1,432,174,59.39,11.71
1520530425.803679,1,435,175,59.68,11.65
1520530425.853680,1,431,173,60.70,11.52
1520530425.903682,1,428,171,61.17,11.62
1520530425.953682,1,432,183,61.23,11.98
1520530426.003685,1,430,180,61.47,11.65
1520530426.053685,1,431,192,61.42,11.77
1520530426.103474,1,425,163,55.77,11.89
1520530426.153475,1,431,164,55.33,11.80
1520530426.203478,1,427,179,54.02,11.81
1520530426.253478,1,431,165,54.08,11.89
1520530426.303480,1,439,168,52.56,11.90
1520530426.353482,1,429,155,52.56,11.26
1520530426.403483,1,430,167,52.33,11.51
1520530426.453484,1,432,151,51.69,11.68
1520530426.503486,1,430,186,51.37,11.62
1520530426.553551,1,434,174,52.42,11.44
1520530426.603553,1,433,172,52.52,11.50
1520530426.653554,1,431,170,52.72,11.10
1520530426.703556,1,430,157,53.65,10.95
1520530426.753558,1,435,166,54.27,2.90
1520530426.803559,1,426,167,54.40,2.98
1520530426.853560,1,427,155,55.30,2.94
1520530426.903562,1,433,165,55.85,3.03
1520530426.953598,1,434,165,57.11,3.04
1520530427.003600,1,437,173,58.34,3.12
1520530427.053602,1,430,182,58.07,3.02
1520530427.103602,1,428,179,58.50,3.52
1520530427.153605,1,426,172,59.09,11.46
1520530427.203605,1,434,173,59.34,11.66
1520530427.253608,1,427,175,59.72,11.73
1520530427.303609,1,437,168,60.16,11.86
1520530427.353592,1,439,179,59.85,11.97
1520530427.403594,1,435,195,59.59,11.97
1520530427.453595,1,433,179,60.04,12.00
1520530427.503597,1,441,183,60.42,11.91
1520530427.553598,1,437,200,60.61,11.73
1520530427.603601,1,440,183,60.74,11.78
1520530427.653601,1,439,186,60.45,11.41
1520530427.703604,1,445,179,59.99,11.83
1520530427.753678,1,443,194,61.36,11.43
1520530427.803679,1,444,203,61.47,11.45
1520530427.853681,1,435,186,61.54,11.66
1520530427.903682,1,437,198,61.33,11.59
1520530427.953684,1,437,199,60.53,11.72
1520530428.003686,1,438,191,60.13,11.70
1520530428.053687,1,432,160,59.86,3.55
1520530428.103692,1,429,162,59.22,3.04
1520530428.153535,1,424,176,54.96,3.47
1520530428.203537,1,431,159,53.68,3.03
1520530428.253538,1,427,133,53.03,3.26
1520530428.303540,1,426,144,52.39,2.91
1520530428.353542,1,433,140,51.24,3.45
1520530428.403618,1,429,155,51.13,2.89
1520530428.453544,1,431,152,50.70,3.14
1520530428.503546,1,427,146,51.48,11.98
1520530428.553451,1,428,137,48.20,11.16
1520530428.603452,1,430,143,48.59,10.91
1520530428.653454,1,428,134,48.85,10.58
1520530428.703455,1,431,115,49.60,10.60
1520530428.753457,1,435,116,50.48,10.46
1520530428.803458,1,432,103,50.75,10.01
1520530428.853460,1,432,121,51.32,10.07
1520530428.903461,1,441,132,51.42,9.71
1520530428.953463,1,432,107,52.46,9.92
1520530429.003444,1,431,118,52.91,9.36
1520530429.053445,1,427,119,53.00,8.77
1520530429.103447,1,433,125,54.21,8.84
1520530429.153448,1,428,115,54.34,8.69
1520530429.203450,1,429,117,55.12,9.10
1520530429.253451,1,434,117,55.61,8.77
1520530429.303453,1,425,119,55.73,8.81
1520530429.353455,1,428,104,56.32,8.05
1520530429.403551,1,424,133,58.75,11.13
1520530429.453553,1,429,133,58.93,2.49
1520530429.503555,1,437,154,59.16,3.15
1520530429.553556,1,437,152,59.82,9.91
1520530429.603558,1,434,145,59.30,9.62
1520530429.653558,1,435,166,59.26,9.86
1520530429.703560,1,432,155,59.65,9.77
1520530429.753561,1,434,146,59.43,9.69
1520530429.803622,1,431,139,61.28,9.87
1520530429.853626,1,440,169,61.04,9.76
1520530429.903625,1,438,165,61.54,9.64
1520530429.953626,1,440,173,60.28,9.78
1520530430.003663,1,433,182,60.17,12.27
1520530430.053629,1,439,177,59.49,9.68
1520530430.103631,1,446,177,58.24,10.42
1520530430.153632,1,440,167,57.44,9.68
1520530430.203344,1,432,137,48.30,12.26
1520530430.253346,1,429,119,48.14,2.79
1520530430.303347,1,429,129,47.61,3.07
1520530430.353349,1,425,130,47.29,2.81
1520530430.403350,1,429,141,46.41,16.56
1520530430.453352,1,433,127,45.32,11.11
1520530430.503353,1,427,137,45.37,11.22
1520530430.553355,1,432,128,43.76,11.00
1520530430.603527,1,425,134,48.27,11.55
1520530430.653528,1,430,132,47.64,11.08
1520530430.703530,1,432,137,46.83,10.83
1520530430.753532,1,433,133,46.13,11.51
1520530430.803533,1,428,136,45.83,11.47
1520530430.853534,1,421,131,45.92,11.38
1520530430.903536,1,423,127,45.46,11.17
1520530430.953538,1,431,142,45.57,11.06
1520530431.003696,1,428,136,49.86,10.92
1520530431.053698,1,425,140,49.30,10.94
1520530431.103700,1,429,135,49.19,10.60
1520530431.153701,1,428,139,49.38,10.25
1520530431.203703,1,423,128,49.43,10.49
1520530431.253704,1,431,100,49.67,9.82
1520530431.303706,1,426,104,49.74,9.52
1520530431.353708,1,433,96,49.16,9.39
1520530431.403709,1,431,98,50.25,9.11
1520530431.453562,1,437,103,46.66,8.98
1520530431.503564,1,431,103,48.45,8.96
1520530431.553565,1,428,113,49.68,8.94
1520530431.603567,1,429,119,50.60,9.10
1520530431.653568,1,427,131,52.35,9.16
1520530431.703570,1,422,142,53.09,9.31
1520530431.753571,1,430,141,53.75,9.38
1520530431.803573,1,423,136,53.73,9.44
1520530431.853524,1,425,144,53.11,10.01
1520530431.903526,1,426,146,52.96,10.16
1520530431.953527,1,435,155,53.95,10.30
1520530432.003528,1,430,148,54.11,10.18
1520530432.053531,1,430,150,54.70,10.72
1520530432.103532,1,422,156,55.57,10.50
1520530432.153533,1,431,160,55.77,10.52
1520530432.203536,1,429,149,56.12,10.50
1520530432.253696,1,429,185,60.93,11.01
1520530432.303698,1,431,172,60.36,11.15
1520530432.353700,1,433,166,59.52,11.15
1520530432.403701,1,439,185,59.21,11.38
1520530432.453702,1,437,195,57.09,11.68
1520530432.503704,1,440,189,57.54,11.35
1520530432.553705,1,440,173,55.35,2.21
1520530432.603708,1,436,167,55.79,2.20
1520530432.653548,1,432,134,49.70,2.07
1520530432.703550,1,432,112,49.45,1.95
1520530432.753551,1,432,107,48.85,1.98
1520530432.803553,1,431,121,46.94,2.01
1520530432.853554,1,430,116,47.46,1.90
1520530432.903556,1,426,100,46.56,1.92
1520530432.953557,1,422,102,45.91,1.95
1520530433.003559,1,425,103,45.04,10.95
1520530433.053690,1,421,115,47.84,10.59
1520530433.103692,1,428,121,47.57,2.67
1520530433.153693,1,426,126,46.76,2.71
1520530433.203694,1,425,140,46.22,2.77
1520530433.253695,1,425,133,46.47,2.80
1520530433.303697,1,428,138,46.30,2.77
1520530433.353699,1,432,133,46.29,2.97
1520530433.403701,1,433,143,47.02,2.98
1520530433.453702,1,432,133,47.74,2.72
1520530433.503793,1,428,147,49.73,9.70
1520530433.553795,1,429,146,50.35,10.21
1520530433.603796,1,427,142,51.30,10.54
1520530433.653798,1,420,138,51.41,10.28
1520530433.703799,1,428,146,51.04,9.99
1520530433.753802,1,428,137,51.46,9.86
1520530433.803803,1,430,144,51.31,8.93
1520530433.853804,1,427,131,50.49,11.19
1520530433.903630,1,428,129,46.64,10.12
1520530433.953632,1,428,116,46.67,9.02
1520530434.003634,1,432,117,47.07,8.95
1520530434.053635,1,431,114,47.82,8.84
1520530434.103637,1,432,106,48.05,9.46
1520530434.153638,1,428,110,49.12,9.74
1520530434.203640,1,428,111,48.97,9.28
1520530434.253642,1,434,118,49.96,9.21
1520530434.303478,1,429,126,46.72,9.15
1520530434.353481,1,425,127,47.10,9.20
1520530434.403481,1,433,114,48.19,9.10
1520530434.453483,1,425,130,48.46,9.13
1520530434.503485,1,430,119,49.30,9.19
1520530434.553486,1,426,144,49.47,9.19
1520530434.603488,1,431,134,50.17,9.00
1520530434.653489,1,423,132,50.44,9.04
1520530434.703656,1,431,148,56.11,9.18
1520530434.753658,1,435,144,55.99,9.23
1520530434.803658,1,429,137,57.01,9.23
1520530434.853723,1,425,134,56.69,9.24
1520530434.903661,1,430,141,56.55,9.38
1520530434.953662,1,431,127,56.36,9.35
1520530435.003665,1,430,146,56.41,9.41
1520530435.053667,1,431,138,56.27,9.50
1520530435.103796,1,431,151,60.19,9.52
1520530435.153798,1,433,142,59.87,9.64
1520530435.203799,1,423,157,60.34,9.60
1520530435.253802,1,433,172,59.75,9.80
1520530435.303802,1,440,182,58.80,9.05
1520530435.353804,1,436,184,58.79,10.76
1520530435.403806,1,435,179,58.07,10.85
1520530435.453807,1,434,166,57.77,10.48
1520530435.504086,1,428,161,64.49,13.00
1520530435.554088,1,429,167,64.52,10.80
1520530435.604089,1,432,175,63.33,12.10
1520530435.654091,1,430,159,62.47,12.13
1520530435.704092,1,425,170,62.21,12.28
1520530435.754094,1,429,173,61.61,12.30
1520530435.804096,1,431,163,61.20,10.95
1520530435.854097,1,430,160,60.42,11.64
1520530435.904099,1,429,160,59.92,11.27
1520530435.953835,1,426,146,53.27,10.89
1520530436.003837,1,430,151,52.74,9.98
1520530436.053838,1,426,147,51.46,9.17
1520530436.103839,1,435,151,51.37,9.19
1520530436.153841,1,429,165,50.57,11.92
1520530436.203843,1,427,149,50.47,12.31
1520530436.253844,1,428,149,50.21,12.23
1520530436.303846,1,428,134,49.46,12.28
1520530436.353955,1,432,140,52.21,9.78
1520530436.403958,1,425,150,52.13,9.77
1520530436.453978,1,429,145,51.94,9.68
1520530436.503960,1,426,142,52.03,10.44
1520530436.553962,1,431,158,52.08,10.34
1520530436.603963,1,432,145,51.82,10.18
1520530436.653965,1,429,146,51.88,10.26
1520530436.703966,1,427,151,52.38,10.32
1520530436.754031,1,427,137,54.51,10.35
1520530436.804032,1,431,136,55.12,10.21
1520530436.854034,1,426,142,54.23,10.09
1520530436.904035,1,426,153,53.88,10.48
1520530436.954037,1,421,140,54.73,10.37
1520530437.004039,1,426,132,54.63,10.56
1520530437.054040,1,430,134,54.27,10.26
1520530437.104042,1,429,158,53.95,10.50
1520530437.153533,1,430,143,41.46,10.52
1520530437.203536,1,432,154,41.73,10.90
1520530437.253536,1,431,146,42.48,10.77
1520530437.303538,1,433,154,43.00,10.74
1520530437.353539,1,430,143,43.43,10.77
1520530437.403543,1,430,128,42.98,10.94
1520530437.453544,1,425,125,43.77,10.68
1520530437.503545,1,434,119,43.49,11.11
1520530437.553870,1,427,138,53.72,10.88
1520530437.603872,1,432,119,53.89,10.63
1520530437.653873,1,430,118,54.29,10.52
1520530437.703875,1,431,118,54.23,10.52
1520530437.753876,1,430,124,54.49,10.60
1520530437.803878,1,425,145,55.48,10.50
1520530437.853879,1,436,174,57.00,10.73
1520530437.903881,1,444,176,57.41,10.56
1520530437.954482,1,447,187,71.06,11.16
1520530438.004481,1,440,196,70.99,11.71
1520530438.054484,1,442,208,71.67,11.98
1520530438.104484,1,440,214,71.40,11.80
1520530438.154486,1,443,205,70.20,11.79
1520530438.204487,1,433,191,69.55,11.92
1520530438.254489,1,439,190,69.26,11.97
1520530438.304490,1,438,179,69.85,11.99
1520530438.354492,1,431,179,68.88,11.81
1520530438.403621,1,429,121,46.47,11.72
1520530438.453623,1,425,114,45.63,11.43
1520530438.503624,1,425,121,44.87,11.35
1520530438.553626,1,431,122,44.03,11.28
1520530438.603628,1,428,124,43.24,10.93
1520530438.653629,1,424,131,42.53,10.73
1520530438.703631,1,431,126,42.31,10.58
1520530438.753632,1,435,130,41.86,10.78
1520530438.804389,1,425,148,59.54,10.62
1520530438.854392,1,430,156,59.74,10.45
1520530438.904392,1,432,170,59.51,10.81
1520530438.954394,1,434,183,59.56,10.75
1520530439.004395,1,427,168,59.32,11.28
1520530439.054397,1,435,160,59.31,11.33
1520530439.104398,1,436,184,58.98,10.75
1520530439.154401,1,431,170,58.90,11.13
1520530439.204654,1,427,159,62.92,11.33
1520530439.254655,1,434,175,62.35,11.04
1520530439.304657,1,426,175,62.12,11.17
1520530439.354659,1,423,167,62.10,10.86
1520530439.404660,1,431,186,61.77,10.92
1520530439.454661,1,427,169,61.73,10.99
1520530439.504663,1,433,176,61.63,11.24
1520530439.554665,1,425,170,61.34,10.96
1520530439.604177,1,427,154,52.24,10.81
1520530439.654178,1,425,159,51.99,10.84
1520530439.704263,1,428,156,51.97,10.65
1520530439.754182,1,428,164,52.64,10.74
1520530439.804183,1,429,166,53.22,10.71
1520530439.854185,1,428,153,53.34,11.09
1520530439.904186,1,426,171,52.95,11.54
1520530439.954188,1,426,144,52.80,11.42
1520530440.004099,1,430,176,51.30,11.74
1520530440.054101,1,428,173,51.56,11.67
1520530440.104102,1,427,162,51.75,11.70
1520530440.154104,1,421,160,51.68,11.73
1520530440.204106,1,423,167,51.54,11.37
1520530440.254107,1,424,150,51.41,11.34
1520530440.304109,1,431,146,51.55,11.09
1520530440.354110,1,433,140,51.66,10.82
1520530440.404112,1,434,140,52.04,9.81
1520530440.453977,1,428,140,48.55,9.54
1520530440.503979,1,430,137,48.78,9.46
1520530440.553980,1,432,138,48.96,9.88
1520530440.603981,1,433,148,49.52,10.16
1520530440.653984,1,438,122,49.71,10.09
1520530440.703986,1,434,130,49.58,9.46
1520530440.753987,1,428,127,50.11,9.55
1520530440.803989,1,433,139,50.53,9.58
1520530440.853871,1,436,141,48.03,9.57
1520530440.903872,1,428,122,48.29,9.53
1520530440.953874,1,434,130,47.90,9.44
1520530441.003875,1,434,150,48.12,9.36
1520530441.053876,1,431,128,48.49,9.44
1520530441.103878,1,432,138,49.28,9.24
1520530441.153883,1,435,136,49.60,9.27
1520530441.203881,1,428,152,49.99,9.13
1520530441.253889,1,428,148,50.97,9.22
1520530441.303927,1,428,132,51.73,9.07
1520530441.353892,1,428,142,52.11,9.26
1520530441.403893,1,430,139,53.10,9.55
1520530441.453895,1,432,148,53.25,9.45
1520530441.503896,1,432,158,53.11,9.77
1520530441.553898,1,430,132,53.19,9.73
1520530441.603899,1,431,147,53.81,10.07
1520530441.654083,1,422,154,58.61,9.89
1520530441.704084,1,426,141,58.36,9.94
1520530441.754086,1,426,168,58.16,10.08
1520530441.804088,1,432,158,58.25,10.45
1520530441.854089,1,427,162,58.30,10.36
1520530441.904091,1,427,158,58.77,10.42
1520530441.954092,1,425,160,58.83,10.06
1520530442.004094,1,423,153,58.69,10.24
1520530442.054029,1,422,143,57.07,10.28
1520530442.104032,1,424,158,57.35,10.36
1520530442.154034,1,428,140,56.89,10.17
1520530442.204035,1,425,145,56.39,10.43
1520530442.254038,1,431,138,56.27,9.88
1520530442.304038,1,427,144,56.32,10.41
1520530442.354040,1,426,157,55.11,11.15
1520530442.404042,1,424,157,54.88,10.73
1520530442.453714,1,427,133,45.31,10.26
1520530442.503716,1,427,136,44.55,10.31
1520530442.553716,1,431,128,44.25,10.16
1520530442.603719,1,431,118,43.79,10.06
1520530442.653721,1,433,122,42.94,8.97
1520530442.703722,1,430,98,41.78,9.65
1520530442.753723,1,431,108,41.07,9.50
1520530442.803725,1,431,117,40.14,9.48
1520530442.853726,1,429,115,40.23,9.09
1520530442.904376,1,427,142,54.67,9.09
1520530442.954377,1,428,139,54.54,9.25
1520530443.004380,1,431,147,54.64,9.13
1520530443.054381,1,434,140,55.70,9.23
1520530443.104383,1,430,151,56.28,9.28
1520530443.154384,1,434,148,56.33,9.28
1520530443.204385,1,429,165,56.21,9.45
1520530443.254387,1,427,174,56.08,9.75
1520530443.304466,1,431,179,57.30,9.95
1520530443.354468,1,433,185,57.10,9.81
1520530443.404470,1,431,178,56.96,10.17
1520530443.454471,1,432,180,56.96,10.30
1520530443.504473,1,430,169,57.15,10.18
1520530443.554475,1,429,160,57.09,10.53
1520530443.604476,1,429,136,56.54,10.57
1520530443.654478,1,426,131,56.61,10.30
1520530443.704013,1,426,113,46.81,10.06
1520530443.754014,1,426,127,47.47,10.01
1520530443.804016,1,427,111,46.92,9.70
1520530443.854018,1,428,110,47.05,9.58
1520530443.904020,1,426,101,48.38,9.28
1520530443.954022,1,427,123,48.58,9.37
1520530444.004023,1,426,101,48.72,9.01
1520530444.054024,1,429,113,48.72,9.67
1520530444.104403,1,424,120,56.41,8.53
1520530444.154404,1,422,107,56.24,8.49
1520530444.204406,1,421,108,56.82,8.68
1520530444.254406,1,418,113,57.51,8.61
1520530444.304409,1,431,138,58.87,8.73
1520530444.354410,1,429,119,59.92,9.00
1520530444.404411,1,427,111,59.71,8.98
1520530444.454414,1,428,129,59.79,9.01
1520530444.505162,1,429,108,73.15,9.05
1520530444.555264,1,427,115,73.45,8.98
1520530444.605164,1,420,134,73.84,8.95
1520530444.655166,1,421,143,74.15,9.12
1520530444.705167,1,431,115,74.86,9.12
1520530444.755169,1,427,130,75.27,8.73
1520530444.805171,1,424,129,75.75,9.07
1520530444.855172,1,426,120,75.97,8.89
1520530444.905173,1,426,133,76.22,9.16
1520530444.954962,1,426,132,74.23,9.26
1520530445.004964,1,429,149,74.85,9.11
1520530445.054965,1,426,140,75.09,8.66
1520530445.104967,1,427,119,73.76,8.94
1520530445.154968,1,430,164,73.75,9.20
1520530445.204970,1,427,148,73.88,9.35
1520530445.254972,1,431,153,73.80,9.46
1520530445.304973,1,427,161,73.16,9.84
1520530445.353892,1,433,116,48.24,10.23
1520530445.403894,1,436,127,48.20,12.52
1520530445.453896,1,428,106,47.20,10.48
1520530445.503898,1,432,112,46.83,10.15
1520530445.553899,1,432,144,46.33,9.85
1520530445.603900,1,433,152,44.91,10.50
1520530445.653902,1,431,145,44.66,10.83
1520530445.703904,1,431,140,44.18,10.90
1520530445.753751,1,427,155,39.60,10.84
1520530445.803752,1,435,129,39.51,10.30
1520530445.853755,1,429,120,39.89,10.70
1520530445.903755,1,430,134,39.95,10.34
1520530445.953756,1,430,129,40.41,10.20
1520530446.003759,1,432,150,40.51,10.49
1520530446.053761,1,426,139,40.96,10.34
1520530446.103762,1,433,146,41.03,9.99
1520530446.154954,1,429,165,69.23,9.95
1520530446.204900,1,430,171,69.58,10.16
1520530446.254902,1,435,178,69.37,10.40
1520530446.304903,1,433,186,69.25,10.48
1520530446.354905,1,430,204,69.89,10.99
1520530446.404906,1,427,187,69.52,11.09
1520530446.454908,1,433,195,68.51,11.23
1520530446.504909,1,428,196,67.85,11.88
1520530446.554783,1,423,179,65.47,12.41
1520530446.604785,1,428,199,64.83,11.63
1520530446.654786,1,429,179,64.50,11.57
1520530446.704788,1,429,178,63.89,11.60
1520530446.754789,1,430,180,63.80,11.72
1520530446.804791,1,428,178,63.10,11.56
1520530446.854792,1,423,172,62.59,11.60
1520530446.904794,1,427,176,62.51,11.64
1520530446.954330,1,425,154,53.61,11.88
1520530447.004332,1,423,156,53.88,11.29
1520530447.054334,1,424,149,53.67,11.50
1520530447.104335,1,425,141,53.68,11.15
1520530447.154337,1,427,146,53.99,11.20
1520530447.204338,1,431,139,53.98,11.15
1520530447.254340,1,434,150,53.38,11.15
1520530447.304342,1,436,167,53.40,11.12
1520530447.354343,1,427,136,53.33,10.79
1520530447.404124,1,432,139,48.42,10.96
1520530447.454125,1,430,143,48.65,10.65
1520530447.504127,1,429,143,49.30,10.41
1520530447.554128,1,431,152,49.39,10.24
1520530447.604130,1,429,147,49.39,10.66
1520530447.654131,1,433,155,49.36,10.68
1520530447.704133,1,434,134,49.67,10.42
1520530447.754142,1,434,159,49.81,10.19
1520530447.804072,1,428,152,48.03,10.72
1520530447.854074,1,430,142,48.14,10.33
1520530447.904075,1,430,125,48.01,10.16
1520530447.954077,1,428,124,48.02,9.79
1520530448.004078,1,430,130,48.11,10.05
1520530448.054080,1,431,145,48.19,9.81
1520530448.104081,1,429,126,48.21,10.18
1520530448.154083,1,427,145,48.28,10.12
1520530448.203885,1,429,136,42.17,9.88
1520530448.253886,1,433,123,42.69,10.19
1520530448.303888,1,431,130,42.72,10.14
1520530448.353889,1,432,134,42.59,9.72
1520530448.403891,1,433,134,42.58,10.54
1520530448.453892,1,431,140,42.41,9.96
1520530448.503894,1,429,148,42.53,9.92
1520530448.553895,1,428,136,42.37,10.16
1520530448.603930,1,429,142,43.68,9.82
1520530448.653932,1,429,152,43.56,9.69
1520530448.703934,1,434,134,43.73,9.60
1520530448.753935,1,432,137,43.74,9.39
1520530448.803937,1,433,131,44.00,9.51
1520530448.853939,1,435,152,43.93,9.65
1520530448.903940,1,431,151,43.94,9.69
1520530448.953942,1,433,131,43.99,9.41
1520530449.003905,1,434,134,42.62,9.60
1520530449.053906,1,431,131,42.80,9.25
1520530449.103908,1,422,131,42.74,9.51
1520530449.153910,1,428,130,42.58,9.16
1520530449.203911,1,429,140,42.89,9.59
