t,tracked,n_obs0,n_obs1,mean0,ms,keyframe,n_landmarks
1649764528.073054,0,0,0,60.45,1.13,0,0
1649764528.098053,0,0,0,60.45,1.01,0,0
1649764528.123050,0,0,0,60.56,1.01,0,0
1649764528.148048,0,0,0,60.57,1.05,0,0
1649764528.173045,0,0,0,60.47,1.03,0,0
1649764528.198042,0,0,0,60.46,0.98,0,0
1649764528.223039,0,0,0,60.56,1.00,0,0
1649764528.248037,0,0,0,60.58,1.02,0,0
1649764528.273034,0,0,0,60.45,1.00,0,0
1649764528.298031,0,0,0,60.46,0.99,0,0
1649764528.323029,0,0,0,60.54,1.06,0,0
1649764528.348026,0,0,0,60.55,1.00,0,0
1649764528.373023,0,0,0,60.43,1.04,0,0
1649764528.398021,0,0,0,60.43,1.00,0,0
1649764528.423018,0,0,0,60.53,0.99,0,0
1649764528.448015,0,0,0,60.54,1.03,0,0
1649764528.473012,0,0,0,60.41,1.03,0,0
1649764528.498010,0,0,0,60.43,1.02,0,0
1649764528.523007,0,0,0,60.53,1.00,0,0
1649764528.548005,0,0,0,60.55,1.05,0,0
1649764528.573002,0,0,0,60.41,0.99,0,0
1649764528.597999,0,0,0,60.42,1.01,0,0
1649764528.622997,0,0,0,60.51,1.23,0,0
1649764528.647994,0,0,0,60.53,1.17,0,0
1649764528.672991,0,0,0,60.42,1.13,0,0
1649764528.697988,0,0,0,60.42,1.01,0,0
1649764528.722986,0,0,0,60.50,1.00,0,0
1649764528.747983,0,0,0,60.53,1.06,0,0
1649764528.772980,0,0,0,60.42,1.04,0,0
1649764528.797978,0,0,0,60.43,1.03,0,0
1649764528.822975,0,0,0,60.51,1.01,0,0
1649764528.847972,0,0,0,60.55,1.04,0,0
1649764528.872969,0,0,0,60.42,1.00,0,0
1649764528.897967,0,0,0,60.45,1.00,0,0
1649764528.922964,0,0,0,60.51,1.00,0,0
1649764528.947961,0,0,0,60.52,1.02,0,0
1649764528.972959,1,177,89,60.41,26.11,1,89
1649764528.997956,1,300,108,60.46,27.05,0,89
1649764529.022953,1,300,111,60.54,28.28,0,89
1649764529.047951,1,300,113,60.55,28.92,0,89
1649764529.072948,1,300,114,60.43,28.54,0,89
1649764529.097945,1,300,111,60.46,23.88,0,89
1649764529.122942,1,300,113,60.54,32.04,1,202
1649764529.147940,1,300,116,60.55,28.20,0,202
1649764529.172937,1,300,116,60.44,23.42,0,202
1649764529.197934,1,300,112,60.48,23.16,0,202
1649764529.222932,1,300,114,60.53,23.34,0,202
1649764529.247929,1,300,113,60.54,28.22,0,202
1649764529.272927,1,300,113,60.42,34.61,1,268
1649764529.297924,1,300,116,60.49,23.10,0,268
1649764529.322921,1,300,112,60.53,22.80,0,268
1649764529.347918,1,300,114,60.55,22.65,0,268
1649764529.372916,1,300,114,60.46,22.84,0,268
1649764529.397913,1,300,114,60.50,22.79,0,268
1649764529.422910,1,300,115,60.56,38.44,1,278
1649764529.447908,1,300,112,60.56,22.56,0,278
1649764529.472905,1,300,113,60.43,22.74,0,278
1649764529.497902,1,300,115,60.48,22.55,0,278
1649764529.522899,1,300,113,60.56,22.39,0,278
1649764529.547897,1,300,113,60.56,22.29,0,278
1649764529.572894,1,300,113,60.44,38.98,1,267
1649764529.597891,1,300,113,60.50,22.46,0,267
1649764529.622889,1,300,115,60.55,22.49,0,267
1649764529.647886,1,300,113,60.56,22.33,0,267
1649764529.672883,1,300,112,60.42,22.18,0,267
1649764529.697881,1,300,114,60.48,22.44,0,267
1649764529.722878,1,300,112,60.54,45.94,1,276
1649764529.747875,1,300,113,60.54,22.08,0,276
1649764529.772872,1,300,114,60.43,22.66,0,276
1649764529.797870,1,300,113,60.48,22.75,0,276
1649764529.822867,1,300,113,60.53,22.39,0,276
1649764529.847864,1,300,117,60.52,22.19,0,276
1649764529.872862,1,300,113,60.40,58.22,1,273
1649764529.897859,1,300,114,60.48,22.18,0,273
1649764529.922856,1,300,114,60.53,22.13,0,273
1649764529.947854,1,300,114,60.54,28.19,0,273
1649764529.972851,1,300,116,60.40,22.22,0,273
1649764529.997848,1,300,115,60.48,22.27,0,273
1649764530.022846,1,300,114,60.53,51.40,1,275
1649764530.047843,1,300,113,60.53,22.21,0,275
1649764530.072840,1,300,115,60.40,22.28,0,275
1649764530.097838,1,300,115,60.48,22.39,0,275
1649764530.122835,1,300,114,60.53,22.61,0,275
1649764530.147832,1,300,115,60.53,22.29,0,275
1649764530.172829,1,300,115,60.39,56.33,1,269
1649764530.197827,1,300,113,60.50,22.21,0,269
1649764530.222824,1,300,113,60.54,22.37,0,269
1649764530.247821,1,300,115,60.51,22.53,0,269
1649764530.272819,1,300,116,60.40,22.26,0,269
1649764530.297816,1,300,114,60.47,22.52,0,269
1649764530.322814,1,300,114,60.49,51.73,1,273
1649764530.347811,1,300,116,60.48,22.68,0,273
1649764530.372808,1,300,115,60.35,22.39,0,273
1649764530.397805,1,300,115,60.46,22.20,0,273
1649764530.422802,1,300,115,60.47,22.42,0,273
1649764530.447800,1,300,113,60.47,22.23,0,273
1649764530.472797,1,300,116,60.35,64.25,1,276
1649764530.497794,1,300,115,60.45,22.54,0,276
1649764530.522792,1,300,115,60.49,22.48,0,276
1649764530.547789,1,300,113,60.49,22.26,0,276
1649764530.572786,1,300,112,60.36,22.40,0,276
1649764530.597784,1,300,116,60.46,22.64,0,276
1649764530.622781,1,300,116,60.49,58.96,1,280
1649764530.647778,1,300,116,60.50,22.69,0,280
1649764530.672776,1,300,114,60.37,22.48,0,280
1649764530.697773,1,300,115,60.47,22.34,0,280
1649764530.722770,1,300,115,60.51,22.52,0,280
1649764530.747767,1,300,114,60.50,22.43,0,280
1649764530.772765,1,300,114,60.38,62.39,1,271
1649764530.797762,1,300,114,60.49,22.64,0,271
1649764530.822759,1,300,116,60.51,22.84,0,271
1649764530.847757,1,300,114,60.48,22.35,0,271
1649764530.872754,1,300,114,60.36,22.60,0,271
1649764530.897751,1,300,113,60.49,22.53,0,271
1649764530.922749,1,300,118,60.51,66.97,1,264
1649764530.947746,1,300,116,60.48,22.42,0,264
1649764530.972743,1,300,120,60.36,22.64,0,264
1649764530.997741,1,300,117,60.48,22.58,0,264
1649764531.022738,1,300,116,60.51,22.99,0,264
1649764531.047735,1,300,114,60.48,22.63,0,264
1649764531.072732,1,300,114,60.37,70.90,1,264
1649764531.097730,1,300,115,60.48,22.37,0,264
1649764531.122727,1,300,115,60.51,22.60,0,264
1649764531.147724,1,300,116,60.48,22.35,0,264
1649764531.172722,1,300,117,60.37,22.78,0,264
1649764531.197719,1,300,114,60.48,22.33,0,264
1649764531.222716,1,300,115,60.50,76.21,1,264
1649764531.247714,1,300,113,60.46,22.65,0,264
1649764531.272711,1,300,113,60.37,22.70,0,264
1649764531.297708,1,300,114,60.47,22.30,0,264
1649764531.322706,1,300,116,60.51,22.66,0,264
1649764531.347703,1,300,115,60.46,22.25,0,264
1649764531.372700,1,300,114,60.35,82.55,1,261
1649764531.397697,1,300,114,60.46,22.73,0,261
1649764531.422695,1,300,113,60.49,22.54,0,261
1649764531.447692,1,300,114,60.45,22.27,0,261
1649764531.472689,1,300,115,60.34,22.55,0,261
1649764531.497687,1,300,112,60.46,22.47,0,261
1649764531.522684,1,300,115,60.51,85.83,1,261
1649764531.547681,1,300,114,60.45,22.50,0,261
1649764531.572679,1,300,115,60.34,22.62,0,261
1649764531.597676,1,300,115,60.46,22.60,0,261
1649764531.622673,1,300,117,60.49,22.79,0,261
1649764531.647671,1,300,113,60.44,22.25,0,261
1649764531.672668,1,300,116,60.34,93.23,1,258
1649764531.697665,1,300,115,60.47,22.68,0,258
1649764531.722662,1,300,115,60.50,22.80,0,258
1649764531.747659,1,300,115,60.44,22.56,0,258
1649764531.772657,1,300,117,60.34,22.65,0,258
1649764531.797654,1,300,113,60.45,22.37,0,258
1649764531.822652,1,300,114,60.49,132.46,1,251
1649764531.847649,1,300,116,60.42,22.84,0,251
1649764531.872646,1,300,117,60.34,23.68,0,251
1649764531.897644,1,300,117,60.45,22.26,0,251
1649764531.922641,1,300,114,60.48,22.54,0,251
1649764531.947638,1,300,114,60.41,27.38,0,251
1649764531.972636,1,300,115,60.32,106.96,1,231
1649764531.997633,1,300,117,60.45,22.75,0,231
1649764532.022630,1,300,114,60.49,23.29,0,231
1649764532.047627,1,300,115,60.41,22.56,0,231
1649764532.072625,1,300,117,60.32,22.81,0,231
1649764532.097619,1,300,117,60.44,22.87,0,231
1649764532.122616,1,300,115,60.48,113.03,1,230
1649764532.147614,1,300,114,60.42,22.59,0,230
1649764532.172611,1,300,115,60.31,22.49,0,230
1649764532.197608,1,300,116,60.42,22.63,0,230
1649764532.222605,1,300,116,60.49,22.77,0,230
1649764532.247603,1,300,117,60.40,22.98,0,230
1649764532.272600,1,300,115,60.31,121.58,1,235
1649764532.297597,1,300,115,60.41,23.09,0,235
1649764532.322595,1,300,114,60.47,23.33,0,235
1649764532.347592,1,300,116,60.40,22.74,0,235
1649764532.372589,1,300,116,60.31,22.81,0,235
1649764532.397587,1,300,117,60.44,22.59,0,235
1649764532.422584,1,300,116,60.52,214.80,1,239
1649764532.447581,1,300,118,60.45,22.51,0,239
1649764532.472578,1,300,116,60.39,22.84,0,239
1649764532.497576,1,300,114,60.50,22.18,0,239
1649764532.522573,1,300,119,60.54,22.45,0,239
1649764532.547570,1,300,117,60.48,22.32,0,239
1649764532.572568,1,300,116,60.39,266.85,1,232
1649764532.597565,1,300,118,60.51,22.84,0,232
1649764532.622562,1,300,115,60.54,22.79,0,232
1649764532.647559,1,300,116,60.45,22.36,0,232
1649764532.672557,1,300,114,60.35,22.59,0,232
1649764532.697554,1,300,117,60.49,23.14,0,232
1649764532.722551,1,300,115,60.51,286.27,1,230
1649764532.747549,1,300,118,60.42,22.81,0,230
1649764532.772546,1,300,114,60.32,22.54,0,230
1649764532.797544,1,300,115,60.44,22.53,0,230
1649764532.822541,1,300,115,60.44,23.16,0,230
1649764532.847538,1,300,115,60.32,22.54,0,230
1649764532.872535,1,300,117,60.23,149.36,1,243
1649764532.897532,1,300,116,60.32,22.84,0,243
1649764532.922530,1,300,115,60.36,22.76,0,243
1649764532.947527,1,300,116,60.26,22.92,0,243
1649764532.972524,1,300,116,60.21,22.58,0,243
1649764532.997521,1,300,115,60.33,22.35,0,243
1649764533.022519,1,300,115,60.36,389.30,1,252
1649764533.047516,1,300,115,60.25,22.67,0,252
1649764533.072514,1,300,116,60.18,22.55,0,252
1649764533.097511,1,300,117,60.26,22.66,0,252
1649764533.122508,1,300,117,60.28,22.72,0,252
1649764533.147506,1,300,116,60.14,22.81,0,252
1649764533.172503,1,300,117,60.11,81.99,1,184
1649764533.197500,1,300,115,60.18,22.63,0,184
1649764533.222497,1,300,113,60.23,23.37,0,184
1649764533.247494,1,300,119,60.13,22.69,0,184
1649764533.272492,1,300,116,60.10,22.61,0,184
1649764533.297489,1,300,115,60.20,22.48,0,184
1649764533.322486,1,300,113,60.27,50.88,1,161
1649764533.347484,1,300,115,60.17,22.52,0,161
1649764533.372481,1,300,115,60.12,22.71,0,161
1649764533.397478,1,300,117,60.23,22.64,0,161
1649764533.422476,1,300,115,60.27,22.62,0,161
1649764533.447473,1,300,114,60.14,22.84,0,161
1649764533.472470,1,300,115,60.10,62.35,1,214
1649764533.497467,1,300,115,60.19,22.97,0,214
1649764533.522465,1,300,116,60.22,22.64,0,214
1649764533.547462,1,300,115,60.11,22.81,0,214
1649764533.572459,1,300,117,60.07,22.89,0,214
1649764533.597457,1,300,113,60.17,22.33,0,214
1649764533.622454,1,300,114,60.19,48.89,1,186
1649764533.647451,1,300,113,60.07,22.53,0,186
1649764533.672448,1,300,114,60.05,22.58,0,186
1649764533.697446,1,300,115,60.14,22.43,0,186
1649764533.722443,1,300,117,60.16,22.73,0,186
1649764533.747440,1,300,114,60.06,22.60,0,186
1649764533.772438,1,300,115,60.01,75.89,1,201
1649764533.797435,1,300,112,60.10,22.84,0,201
1649764533.822432,1,300,113,60.14,22.90,0,201
1649764533.847429,1,300,114,60.02,23.04,0,201
1649764533.872427,1,300,115,60.00,22.98,0,201
1649764533.897424,1,300,117,60.09,22.82,0,201
1649764533.922421,1,300,117,60.10,52.77,1,201
1649764533.947419,1,300,117,59.98,23.22,0,201
1649764533.972416,1,300,116,59.93,28.47,0,201
1649764533.997413,1,300,110,59.67,28.58,0,201
1649764534.022410,1,300,112,59.02,29.69,0,201
1649764534.047408,1,300,112,58.40,29.75,0,201
1649764534.072405,1,300,114,58.26,62.40,1,254
1649764534.097402,1,272,118,58.46,29.24,0,254
1649764534.122400,1,267,114,58.74,28.07,0,254
1649764534.147397,1,279,113,58.93,28.07,0,254
1649764534.172394,1,261,115,59.24,29.19,0,254
1649764534.197391,1,300,127,59.57,30.56,0,254
1649764534.222389,1,300,134,59.65,72.83,1,306
1649764534.247386,1,287,134,59.35,31.62,0,306
1649764534.272383,1,300,140,59.20,31.53,0,306
1649764534.297381,1,300,140,59.23,32.67,0,306
1649764534.322378,1,300,147,59.31,31.65,0,306
1649764534.347375,1,300,146,59.38,31.69,0,306
1649764534.372372,1,300,137,59.82,62.85,1,366
1649764534.397370,1,300,147,60.37,32.73,0,366
1649764534.422367,1,261,142,60.96,29.83,0,366
1649764534.447364,1,249,146,61.48,27.19,0,366
1649764534.472362,1,250,144,62.20,27.11,0,366
1649764534.497359,1,288,155,63.04,29.89,0,366
1649764534.522356,1,300,147,63.91,86.14,1,443
1649764534.547354,1,300,149,64.60,31.65,0,443
1649764534.572351,1,300,148,65.53,32.01,0,443
1649764534.597348,1,300,147,66.52,29.76,0,443
1649764534.622345,1,278,145,67.43,29.97,0,443
1649764534.647343,1,300,150,68.05,30.00,0,443
1649764534.672340,1,300,159,68.79,95.06,1,493
1649764534.697337,1,300,169,69.30,30.85,0,493
1649764534.722334,1,300,166,69.67,31.21,0,493
1649764534.747332,1,300,176,69.96,30.42,0,493
1649764534.772329,1,300,181,70.60,31.51,0,493
1649764534.797326,1,300,178,71.46,31.43,0,493
1649764534.822324,1,300,183,72.57,102.07,1,557
1649764534.847321,1,300,187,73.74,30.97,0,557
1649764534.872318,1,297,183,75.43,31.04,0,557
1649764534.897316,1,300,191,77.30,30.94,0,557
1649764534.922313,1,300,196,79.18,31.18,0,557
1649764534.947310,1,300,195,81.10,30.70,0,557
1649764534.972307,1,300,191,83.32,95.89,1,611
1649764534.997305,1,300,186,85.20,32.10,0,611
1649764535.022302,1,300,176,86.74,30.42,0,611
1649764535.047299,1,300,173,87.83,31.39,0,611
1649764535.072296,1,300,168,89.01,31.37,0,611
1649764535.097294,1,300,159,90.10,31.21,0,611
1649764535.122291,1,300,152,91.15,124.55,1,656
1649764535.147288,1,300,145,92.00,30.63,0,656
1649764535.172286,1,300,161,88.47,31.63,0,656
1649764535.197283,1,300,162,88.62,31.54,0,656
1649764535.222280,1,300,158,89.78,31.53,0,656
1649764535.247277,1,300,157,89.31,30.70,0,656
1649764535.272275,1,300,162,90.31,126.46,1,688
1649764535.297272,1,300,159,85.17,31.20,0,688
1649764535.322269,1,300,166,86.95,30.63,0,688
1649764535.347267,1,300,159,86.15,30.99,0,688
1649764535.372264,1,300,160,88.42,30.96,0,688
1649764535.397261,1,300,146,82.45,30.96,0,688
1649764535.422258,1,300,150,85.25,105.65,1,706
1649764535.447256,1,300,147,79.05,30.98,0,706
1649764535.472253,1,300,145,82.33,30.67,0,706
1649764535.497250,1,300,137,80.25,30.27,0,706
1649764535.522248,1,300,135,83.05,30.54,0,706
1649764535.547245,1,300,134,75.69,30.09,0,706
1649764535.572242,1,300,129,78.56,106.02,1,727
1649764535.597239,1,300,139,74.96,30.68,0,727
1649764535.622237,1,300,143,77.36,30.64,0,727
1649764535.647234,1,300,150,73.51,30.23,0,727
1649764535.672231,1,300,148,76.28,30.42,0,727
1649764535.697229,1,300,152,72.76,29.96,0,727
1649764535.722226,1,300,148,75.67,114.12,1,753
1649764535.747223,1,300,148,72.17,30.56,0,753
1649764535.772221,1,300,153,75.53,31.20,0,753
1649764535.797218,1,300,154,72.35,31.48,0,753
1649764535.822215,1,300,163,75.85,32.79,0,753
1649764535.847212,1,300,161,72.63,31.26,0,753
1649764535.872210,1,300,166,76.50,121.24,1,792
1649764535.897207,1,300,164,73.41,33.12,0,792
1649764535.922204,1,300,164,77.21,32.09,0,792
1649764535.947201,1,300,158,73.99,32.37,0,792
1649764535.972199,1,300,158,78.21,31.34,0,792
1649764535.997196,1,300,150,74.83,30.87,0,792
1649764536.022193,1,298,158,78.13,121.60,1,837
1649764536.047191,1,300,160,73.60,31.63,0,837
1649764536.072188,1,300,159,76.64,31.59,0,837
1649764536.097185,1,300,160,72.16,31.52,0,837
1649764536.122183,1,300,159,75.41,30.35,0,837
1649764536.147180,1,300,160,71.21,31.56,0,837
1649764536.172177,1,283,160,74.87,129.67,1,869
1649764536.197175,1,271,150,70.61,29.18,0,869
1649764536.222172,1,265,147,73.91,29.05,0,869
1649764536.247169,1,256,139,69.62,27.90,0,869
1649764536.272166,1,259,139,73.59,28.56,0,869
1649764536.297163,1,257,135,69.75,27.71,0,869
1649764536.322161,1,258,136,73.65,128.97,1,881
1649764536.347158,1,244,127,69.84,28.67,0,881
1649764536.372155,1,237,119,74.70,27.33,0,881
1649764536.397153,1,231,107,71.71,26.62,0,881
1649764536.422150,1,232,112,76.25,26.36,0,881
1649764536.447147,1,206,98,71.74,26.74,0,881
1649764536.472145,1,200,97,75.17,123.85,1,896
1649764536.497142,1,187,99,70.70,25.07,0,896
1649764536.522139,1,187,108,74.09,24.31,0,896
1649764536.547137,1,180,101,69.74,24.07,0,896
1649764536.572134,1,258,131,73.28,28.41,0,896
1649764536.597131,1,201,101,69.30,27.84,0,896
1649764536.622128,1,186,99,72.68,107.08,1,934
1649764536.647125,1,170,95,68.81,25.18,0,934
1649764536.672123,1,167,94,72.78,23.14,0,934
1649764536.697120,1,166,90,69.35,23.04,0,934
1649764536.722118,1,165,93,72.93,22.59,0,934
1649764536.747115,1,163,84,65.30,23.81,0,934
1649764536.772112,1,174,88,69.54,128.42,1,969
1649764536.797110,1,166,87,65.95,22.49,0,969
1649764536.822107,1,159,86,70.00,21.53,0,969
1649764536.847104,1,157,89,66.24,21.79,0,969
1649764536.872101,1,141,77,70.58,20.77,0,969
1649764536.897099,1,134,74,66.63,19.28,0,969
1649764536.922096,1,144,79,70.21,169.14,1,982
1649764536.947093,1,207,106,65.85,24.43,0,982
1649764536.972090,1,157,81,69.55,24.09,0,982
1649764536.997087,1,150,79,62.07,21.25,0,982
1649764537.022085,1,163,87,65.63,22.63,0,982
1649764537.047082,1,151,76,61.93,22.93,0,982
1649764537.072080,1,140,75,65.94,124.44,1,1005
1649764537.097080,1,142,70,62.54,21.74,0,1005
1649764537.122077,1,133,69,66.27,20.92,0,1005
1649764537.147074,1,127,66,62.75,19.03,0,1005
1649764537.172071,1,124,70,66.87,20.74,0,1005
1649764537.197069,1,100,53,63.76,19.46,0,1005
1649764537.222066,1,108,59,67.68,118.92,1,1033
1649764537.247063,1,112,56,64.63,19.66,0,1033
1649764537.272061,1,105,55,68.84,19.51,0,1033
1649764537.297058,1,101,48,65.70,17.40,0,1033
1649764537.322055,1,103,51,68.89,16.27,0,1033
1649764537.347052,1,87,44,65.34,16.60,0,1033
1649764537.372050,1,101,41,68.12,80.66,1,907
1649764537.397047,1,86,42,64.87,17.68,0,907
1649764537.422044,1,95,41,66.79,16.83,0,907
1649764537.447042,1,78,33,64.11,15.76,0,907
1649764537.472039,1,149,62,66.51,18.95,0,907
1649764537.497036,1,248,114,64.42,28.05,0,907
1649764537.522033,1,146,71,66.54,68.18,1,907
1649764537.547031,1,300,117,64.49,30.61,0,907
1649764537.572028,1,153,66,67.00,29.38,0,907
1649764537.597025,1,165,79,64.94,24.67,0,907
1649764537.622023,1,89,45,66.71,19.71,0,907
1649764537.647020,1,76,42,64.44,66.90,1,929
1649764537.672017,1,69,40,66.20,14.59,0,929
1649764537.697014,1,63,36,64.44,15.05,0,929
1649764537.722012,1,63,34,65.76,13.31,0,929
1649764537.747009,1,109,66,63.96,17.08,0,929
1649764537.772007,1,62,34,65.82,15.58,0,929
1649764537.797004,1,67,37,64.27,66.79,1,940
1649764537.822001,1,122,57,65.35,18.38,0,940
1649764537.846998,1,74,43,64.00,17.60,0,940
1649764537.871995,1,300,92,65.14,26.71,0,940
1649764537.896993,1,81,46,64.64,22.49,0,940
1649764537.921990,1,300,101,65.02,26.25,0,940
1649764537.946987,1,233,97,64.65,84.02,1,1013
1649764537.971985,1,141,77,65.25,24.53,0,1013
1649764537.996982,1,210,94,65.37,25.46,0,1013
1649764538.021979,1,138,78,65.17,78.02,1,1061
1649764538.046977,1,88,58,65.18,18.91,0,1061
1649764538.071974,1,80,57,65.12,69.80,1,1071
1649764538.096971,1,85,57,65.64,16.62,0,1071
1649764538.121968,1,100,60,64.78,17.69,0,1071
1649764538.146966,1,83,51,65.24,16.47,0,1071
1649764538.171963,1,106,58,64.53,17.75,0,1071
1649764538.196960,1,86,55,65.28,17.83,0,1071
1649764538.221957,1,110,68,63.23,78.92,1,1106
1649764538.246955,1,94,50,63.99,17.98,0,1106
1649764538.271952,1,219,92,61.91,23.82,0,1106
1649764538.296949,1,90,48,63.70,20.39,0,1106
1649764538.321947,1,300,95,60.96,26.60,0,1106
1649764538.346944,1,300,95,62.85,34.33,0,1106
1649764538.371941,1,300,108,60.46,97.26,1,1170
1649764538.396939,1,243,89,63.00,31.26,0,1170
1649764538.421936,1,300,100,59.75,32.38,0,1170
1649764538.446933,1,242,89,62.13,31.36,0,1170
1649764538.471930,1,300,104,59.03,33.09,0,1170
1649764538.496928,1,142,65,62.14,97.26,1,1145
1649764538.521925,1,300,92,58.08,28.82,0,1145
1649764538.546922,1,283,94,60.96,33.97,0,1145
1649764538.571920,1,300,99,57.17,34.18,0,1145
1649764538.596917,1,151,68,60.77,27.58,0,1145
1649764538.621914,1,284,102,56.10,29.95,0,1145
1649764538.646911,1,300,101,59.47,94.09,1,1147
1649764538.671909,1,300,107,55.23,36.91,0,1147
1649764538.696906,1,226,93,66.27,34.19,0,1147
1649764538.721903,1,300,120,61.74,32.73,0,1147
1649764538.746901,1,200,85,65.12,29.16,0,1147
1649764538.771898,1,300,119,61.19,32.27,0,1147
1649764538.796895,1,300,101,65.69,100.31,1,1165
1649764538.821892,1,300,102,61.06,38.91,0,1165
1649764538.846890,1,225,80,64.96,31.14,0,1165
1649764538.871887,1,300,97,61.25,33.01,0,1165
1649764538.896884,1,237,94,66.29,32.83,0,1165
1649764538.921882,1,300,101,61.87,33.36,0,1165
1649764538.946879,1,300,93,66.39,78.13,1,1152
1649764538.971876,1,300,91,62.69,35.58,0,1152
1649764538.996873,1,244,71,68.33,33.54,0,1152
1649764539.021871,1,216,75,63.36,28.76,0,1152
1649764539.046868,1,223,78,68.29,27.24,0,1152
1649764539.071865,1,146,61,64.47,96.89,1,1136
1649764539.096863,1,146,63,71.07,20.66,0,1136
1649764539.121860,1,130,65,65.71,20.38,0,1136
1649764539.146857,1,145,71,71.14,21.00,0,1136
1649764539.171854,1,139,66,66.53,19.77,0,1136
1649764539.196852,1,155,67,73.08,21.00,0,1136
1649764539.221849,1,300,87,67.09,92.23,1,1126
1649764539.246846,1,300,100,72.65,38.02,0,1126
1649764539.271844,1,300,106,68.31,37.95,0,1126
1649764539.296841,1,186,81,75.66,30.58,0,1126
1649764539.321838,1,191,90,70.01,25.25,0,1126
1649764539.346835,1,299,95,76.44,30.30,0,1126
1649764539.371833,1,251,92,72.27,98.07,1,1157
1649764539.396830,1,172,74,80.46,26.58,0,1157
1649764539.421827,1,256,75,74.79,26.80,0,1157
1649764539.446825,1,300,82,82.00,32.68,0,1157
1649764539.471822,1,259,76,77.99,32.21,0,1157
1649764539.496819,1,231,81,86.62,30.89,0,1157
1649764539.521816,1,136,64,74.31,89.88,1,1170
1649764539.546814,1,300,93,82.24,29.30,0,1170
1649764539.571811,1,168,63,76.71,28.31,0,1170
1649764539.596808,1,300,94,86.46,30.80,0,1170
1649764539.621806,1,300,84,73.40,39.42,0,1170
1649764539.646803,1,300,90,82.59,36.51,0,1170
1649764539.671800,1,300,85,72.41,92.55,1,1184
1649764539.696797,1,300,99,83.18,37.81,0,1184
1649764539.721795,1,179,74,70.39,86.34,1,1199
1649764539.746792,1,300,87,79.89,30.56,0,1199
1649764539.771790,1,198,67,73.09,29.67,0,1199
1649764539.796787,1,300,84,83.79,31.66,0,1199
1649764539.821784,1,167,60,70.61,31.26,0,1199
1649764539.846781,1,300,76,80.10,31.43,0,1199
1649764539.871778,1,225,60,73.85,91.85,1,1221
1649764539.896776,1,300,80,84.53,32.97,0,1221
1649764539.921773,1,300,69,71.07,39.94,0,1221
1649764539.946770,1,300,74,80.29,37.48,0,1221
1649764539.971768,1,300,75,74.57,37.57,0,1221
1649764539.996765,1,300,81,84.82,38.43,0,1221
1649764540.021762,1,300,60,72.41,97.09,1,1219
1649764540.046760,1,212,61,81.21,37.34,0,1219
1649764540.071757,1,300,55,76.15,33.36,0,1219
1649764540.096754,1,227,54,85.63,33.98,0,1219
1649764540.121752,1,300,57,72.72,35.82,0,1219
1649764540.146749,1,300,68,80.31,39.90,0,1219
1649764540.171746,1,300,55,75.83,96.47,1,1201
1649764540.196743,1,191,54,84.57,31.78,0,1201
1649764540.221740,1,300,55,73.26,35.50,0,1201
1649764540.246738,1,224,53,80.56,33.34,0,1201
1649764540.271735,1,155,43,77.24,89.22,1,1182
1649764540.296732,1,143,43,85.13,23.68,0,1182
1649764540.321730,1,112,32,74.48,23.03,0,1182
1649764540.346727,1,300,48,80.79,28.99,0,1182
1649764540.371724,1,156,42,78.36,33.23,0,1182
1649764540.396722,1,158,42,85.27,23.95,0,1182
1649764540.421719,1,126,37,80.23,79.14,1,1168
1649764540.446716,1,113,40,85.44,20.92,0,1168
1649764540.471714,1,106,34,83.90,19.56,0,1168
1649764540.496711,1,121,35,89.51,18.91,0,1168
1649764540.521708,1,109,35,81.63,19.69,0,1168
1649764540.546705,1,108,36,86.02,18.63,0,1168
1649764540.571703,1,230,37,86.70,81.37,1,1180
1649764540.596700,1,162,36,92.10,26.29,0,1180
1649764540.621697,1,123,31,91.15,77.32,1,1192
1649764540.646694,1,300,34,95.63,28.62,0,1192
1649764540.671692,1,300,31,98.36,40.46,0,1192
1649764540.696689,1,145,31,103.04,30.64,0,1192
1649764540.721686,1,101,35,98.13,20.08,0,1192
1649764540.746684,1,109,35,101.20,17.67,0,1192
1649764540.771681,1,125,53,99.07,79.56,1,1205
1649764540.796678,1,145,84,93.32,21.35,0,1205
1649764540.821676,1,165,112,84.31,22.97,0,1205
1649764540.846673,1,284,159,79.13,29.22,0,1205
1649764540.871670,1,226,157,79.42,30.44,0,1205
1649764540.896667,1,205,149,78.01,25.96,0,1205
1649764540.921665,1,196,141,76.31,85.63,1,1253
1649764540.946662,1,196,138,74.47,24.01,0,1253
1649764540.971659,1,188,136,75.24,23.07,0,1253
1649764540.996656,1,300,173,73.84,30.51,0,1253
1649764541.021654,1,265,152,73.38,30.19,0,1253
1649764541.046651,1,300,162,71.08,31.89,0,1253
1649764541.071648,1,300,158,72.35,99.33,1,1313
1649764541.096648,1,300,162,70.08,34.17,0,1313
1649764541.121645,1,231,141,69.99,29.58,0,1313
1649764541.146642,1,300,151,67.00,32.34,0,1313
1649764541.171639,1,300,166,69.00,37.33,0,1313
1649764541.196637,1,300,165,66.29,34.54,0,1313
1649764541.221634,1,300,148,67.22,116.85,1,1351
1649764541.246631,1,300,156,64.08,35.81,0,1351
1649764541.271629,1,187,114,76.69,33.94,0,1351
1649764541.296626,1,300,125,73.44,30.25,0,1351
1649764541.321623,1,209,104,76.03,30.13,0,1351
1649764541.346621,1,152,86,71.96,123.51,1,1346
1649764541.371618,1,124,82,77.20,20.25,0,1346
1649764541.396615,1,123,81,73.26,18.52,0,1346
1649764541.421613,1,116,76,76.39,17.65,0,1346
1649764541.446610,1,300,129,70.46,29.25,0,1346
1649764541.471607,1,289,120,74.90,38.90,0,1346
1649764541.496604,1,232,110,68.36,79.97,1,1381
1649764541.521602,1,300,95,71.03,36.17,0,1381
1649764541.546599,1,300,96,64.09,36.16,0,1381
1649764541.571596,1,96,51,69.71,116.70,1,1361
1649764541.596594,1,300,80,63.36,29.49,0,1361
1649764541.621591,1,300,82,67.45,42.66,0,1361
1649764541.646588,1,300,100,60.33,39.49,0,1361
1649764541.671586,1,300,86,76.17,41.83,0,1361
1649764541.696583,1,300,101,67.77,38.08,0,1361
1649764541.721580,1,300,101,73.17,101.42,1,1367
1649764541.746578,1,300,111,63.96,39.44,0,1367
1649764541.771575,1,300,108,71.78,43.60,0,1367
1649764541.796572,1,300,108,62.47,36.63,0,1367
1649764541.821569,1,300,91,68.41,37.24,0,1367
1649764541.846567,1,300,76,58.68,36.65,0,1367
1649764541.871564,1,300,69,67.27,87.22,1,1383
1649764541.896561,1,300,72,57.59,38.50,0,1383
1649764541.921559,1,300,54,64.40,40.49,0,1383
1649764541.946556,1,300,63,54.35,38.95,0,1383
1649764541.971553,1,300,65,72.37,36.56,0,1383
1649764541.996550,1,300,67,60.98,39.29,0,1383
1649764542.021548,1,300,75,69.69,99.08,1,1395
1649764542.046545,1,300,77,58.31,37.98,0,1395
1649764542.071543,1,300,84,70.00,35.81,0,1395
1649764542.096540,1,300,87,58.54,37.64,0,1395
1649764542.121537,1,300,87,68.42,37.10,0,1395
1649764542.146534,1,300,85,56.79,36.31,0,1395
1649764542.171531,1,300,92,69.26,83.42,1,1345
1649764542.196529,1,300,96,57.18,40.26,0,1345
1649764542.221526,1,300,100,67.60,37.70,0,1345
1649764542.246523,1,300,111,55.12,39.20,0,1345
1649764542.271521,1,300,117,68.00,37.67,0,1345
1649764542.296518,1,300,104,55.05,36.87,0,1345
1649764542.321516,1,300,105,65.88,87.72,1,1338
1649764542.346513,1,300,112,52.86,37.47,0,1338
1649764542.371510,1,300,112,75.35,35.31,0,1338
1649764542.396508,1,300,114,57.00,37.16,0,1338
1649764542.421504,1,300,121,69.24,37.93,0,1338
1649764542.446502,1,300,107,55.56,37.71,0,1338
1649764542.471499,1,300,114,70.58,108.37,1,1344
1649764542.496496,1,300,104,56.60,38.11,0,1344
1649764542.521494,1,300,103,69.60,38.98,0,1344
1649764542.546491,1,300,83,55.76,36.46,0,1344
1649764542.571489,1,297,88,71.17,38.35,0,1344
1649764542.596486,1,296,84,56.72,36.90,0,1344
1649764542.621483,1,300,87,70.13,98.73,1,1317
1649764542.646480,1,299,82,55.82,36.54,0,1317
1649764542.671478,1,266,84,71.61,35.16,0,1317
1649764542.696475,1,177,64,56.69,85.18,1,1320
1649764542.721472,1,230,80,70.48,29.78,0,1320
1649764542.746470,1,182,67,55.82,29.70,0,1320
1649764542.771467,1,182,71,71.73,27.29,0,1320
1649764542.796464,1,80,53,53.44,91.70,1,1264
1649764542.821461,1,79,51,66.90,16.83,0,1264
1649764542.846459,1,76,47,52.85,16.78,0,1264
1649764542.871456,1,73,45,77.49,14.54,0,1264
1649764542.896453,1,94,43,55.56,17.20,0,1264
1649764542.921451,1,87,43,69.31,16.23,0,1264
1649764542.946448,1,77,46,54.75,81.67,1,1280
1649764542.971445,1,83,43,70.23,17.62,0,1280
1649764542.996443,1,300,69,55.18,27.52,0,1280
1649764543.021440,1,300,73,68.82,37.61,0,1280
1649764543.046437,1,132,65,54.27,30.64,0,1280
1649764543.071434,1,165,66,79.05,22.50,0,1280
1649764543.096432,1,108,54,56.04,65.23,1,1256
1649764543.121429,1,172,70,69.74,22.73,0,1256
1649764543.146426,1,113,58,54.82,22.16,0,1256
1649764543.171424,1,148,70,70.27,20.86,0,1256
1649764543.196421,1,115,54,54.74,20.10,0,1256
1649764543.221418,1,202,78,68.67,23.85,0,1256
1649764543.246416,1,300,110,53.92,96.87,1,1253
1649764543.271413,1,300,116,78.85,37.62,0,1253
1649764543.296410,1,142,80,55.82,94.79,1,1257
1649764543.321408,1,300,123,69.80,29.16,0,1257
1649764543.346405,1,300,113,54.55,35.09,0,1257
1649764543.371402,1,152,86,79.38,28.46,0,1257
1649764543.396399,1,134,84,56.49,22.26,0,1257
1649764543.421397,1,134,81,70.44,20.77,0,1257
1649764543.446394,1,300,114,55.27,103.43,1,1329
1649764543.471391,1,300,119,70.75,40.20,0,1329
1649764543.496389,1,281,109,51.94,35.61,0,1329
1649764543.521386,1,168,103,74.49,69.53,1,1333
1649764543.546383,1,300,120,54.32,31.91,0,1333
1649764543.571381,1,300,124,70.11,36.19,0,1333
1649764543.596378,1,300,121,54.47,36.66,0,1333
1649764543.621375,1,300,131,68.95,38.84,0,1333
1649764543.646372,1,300,129,54.19,36.39,0,1333
1649764543.671370,1,300,142,70.05,92.43,1,1423
1649764543.696367,1,300,140,54.25,36.51,0,1423
1649764543.721364,1,300,148,68.46,36.97,0,1423
1649764543.746361,1,300,146,53.61,36.16,0,1423
1649764543.771359,1,229,132,68.58,34.00,0,1423
1649764543.796356,1,190,121,52.88,28.74,0,1423
1649764543.821354,1,300,153,66.17,111.97,1,1497
1649764543.846351,1,300,158,51.70,36.95,0,1497
1649764543.871348,1,238,165,75.37,32.79,0,1497
1649764543.896346,1,300,175,55.38,33.82,0,1497
1649764543.921343,1,300,201,78.09,36.99,0,1497
1649764543.946340,1,300,202,62.11,35.37,0,1497
1649764543.971337,1,300,218,77.68,102.35,1,1594
1649764543.996335,1,300,210,61.19,34.92,0,1594
1649764544.021332,1,300,208,75.44,35.49,0,1594
1649764544.046329,1,300,209,60.69,36.88,0,1594
1649764544.071327,1,300,224,76.13,35.93,0,1594
1649764544.096324,1,290,213,60.63,33.66,0,1594
1649764544.121321,1,300,219,74.65,95.42,1,1692
1649764544.146319,1,300,227,60.64,36.12,0,1692
1649764544.171316,1,300,219,75.75,36.31,0,1692
1649764544.196313,1,285,218,60.72,33.53,0,1692
1649764544.221310,1,297,219,74.17,34.81,0,1692
1649764544.246308,1,274,213,60.45,32.86,0,1692
1649764544.271305,1,283,194,84.17,106.94,1,1744
1649764544.296302,1,300,222,64.62,34.40,0,1744
1649764544.321300,1,300,215,77.04,35.50,0,1744
1649764544.346297,1,300,218,63.91,35.08,0,1744
1649764544.371294,1,300,211,77.14,34.90,0,1744
1649764544.396291,1,300,225,63.43,34.28,0,1744
1649764544.421289,1,300,214,75.59,123.37,1,1808
1649764544.446286,1,300,224,63.38,35.20,0,1808
1649764544.471283,1,300,219,76.74,36.62,0,1808
1649764544.496281,1,300,225,63.49,33.47,0,1808
1649764544.521278,1,274,201,75.96,33.33,0,1808
1649764544.546275,1,300,225,63.83,34.23,0,1808
1649764544.571273,1,300,218,77.45,109.48,1,1889
1649764544.596270,1,300,221,64.00,35.51,0,1889
1649764544.621267,1,300,218,76.47,34.91,0,1889
1649764544.646265,1,300,217,64.34,34.73,0,1889
1649764544.671262,1,300,217,77.73,33.70,0,1889
1649764544.696259,1,300,217,64.48,34.02,0,1889
1649764544.721256,1,300,204,76.78,110.16,1,1949
1649764544.746254,1,300,207,65.04,35.15,0,1949
1649764544.771251,1,300,208,78.14,34.92,0,1949
1649764544.796248,1,300,206,65.15,34.82,0,1949
1649764544.821246,1,300,199,77.05,33.28,0,1949
1649764544.846243,1,300,201,65.63,33.44,0,1949
1649764544.871240,1,300,203,78.29,94.55,1,2008
1649764544.896238,1,300,197,65.62,34.13,0,2008
1649764544.921235,1,300,207,77.14,35.21,0,2008
1649764544.946232,1,300,206,66.14,34.83,0,2008
1649764544.971230,1,300,216,78.37,34.89,0,2008
1649764544.996227,1,300,205,66.28,34.76,0,2008
1649764545.021224,1,300,205,77.43,117.99,1,2097
1649764545.046221,1,300,199,67.05,33.25,0,2097
1649764545.071219,1,300,209,78.87,34.02,0,2097
1649764545.096216,1,300,201,67.29,33.40,0,2097
1649764545.121213,1,300,204,78.12,34.08,0,2097
1649764545.146211,1,300,196,68.28,32.46,0,2097
1649764545.171208,1,300,189,79.99,103.94,1,2093
1649764545.196205,1,280,173,68.92,31.71,0,2093
1649764545.221202,1,300,197,79.81,34.31,0,2093
1649764545.246200,1,300,186,70.62,34.18,0,2093
1649764545.271197,1,300,197,82.40,34.75,0,2093
1649764545.296194,1,300,185,67.45,34.08,0,2093
1649764545.321192,1,300,186,78.15,109.79,1,2123
1649764545.346189,1,300,180,69.36,33.40,0,2123
1649764545.371186,1,300,183,80.67,34.17,0,2123
1649764545.396183,1,300,159,70.38,32.37,0,2123
1649764545.421181,1,300,162,80.86,32.95,0,2123
1649764545.446178,1,300,161,72.36,32.35,0,2123
1649764545.471175,1,300,166,83.36,123.00,1,2152
1649764545.496173,1,300,161,68.94,32.74,0,2152
1649764545.521170,1,300,174,78.66,33.11,0,2152
1649764545.546168,1,300,144,70.57,31.75,0,2152
1649764545.571165,1,300,149,80.38,31.93,0,2152
1649764545.596162,1,300,149,66.87,33.01,0,2152
1649764545.621159,1,300,143,75.27,124.69,1,2204
1649764545.646157,1,300,142,67.55,32.39,0,2204
1649764545.671154,1,300,127,76.22,30.74,0,2204
1649764545.696151,1,300,135,67.34,32.35,0,2204
1649764545.721148,1,300,127,75.13,31.88,0,2204
1649764545.746146,1,300,126,68.27,32.05,0,2204
1649764545.771143,1,300,121,76.46,125.67,1,2167
1649764545.796140,1,300,114,68.37,31.66,0,2167
1649764545.821138,1,300,111,75.63,31.27,0,2167
1649764545.846135,1,300,115,69.51,30.99,0,2167
1649764545.871132,1,300,111,77.04,30.93,0,2167
1649764545.896130,1,300,110,69.58,31.69,0,2167
1649764545.921127,1,300,111,76.10,112.78,1,2150
1649764545.946124,1,300,106,70.72,31.68,0,2150
1649764545.971121,1,300,101,77.56,31.76,0,2150
1649764545.996119,1,300,95,67.14,31.93,0,2150
1649764546.021116,1,300,101,72.88,33.54,0,2150
1649764546.046113,1,300,95,68.46,31.53,0,2150
1649764546.071111,1,300,91,74.12,141.21,1,2141
1649764546.096108,1,300,85,68.43,33.32,0,2141
1649764546.121105,1,300,79,73.18,32.08,0,2141
1649764546.146103,1,300,77,69.40,32.98,0,2141
1649764546.171100,1,300,72,74.25,32.32,0,2141
1649764546.196097,1,300,74,69.35,31.87,0,2141
1649764546.221095,1,300,73,73.23,139.82,1,2133
1649764546.246092,1,300,67,70.17,33.47,0,2133
1649764546.271089,1,300,66,73.85,32.21,0,2133
1649764546.296087,1,300,60,69.31,33.29,0,2133
1649764546.321084,1,300,58,71.86,33.27,0,2133
1649764546.346081,1,300,51,69.07,31.94,0,2133
1649764546.371078,1,300,51,71.47,127.97,1,2135
1649764546.396076,1,300,47,67.68,34.28,0,2135
1649764546.421073,1,300,51,69.55,32.64,0,2135
1649764546.446070,1,300,46,67.81,35.23,0,2135
1649764546.471068,1,300,42,69.85,33.48,0,2135
1649764546.496065,1,300,41,67.25,33.96,0,2135
1649764546.521062,1,300,40,68.58,129.64,1,2134
1649764546.546060,1,300,44,67.52,34.11,0,2134
1649764546.571057,1,300,41,68.64,33.70,0,2134
1649764546.596054,1,300,35,66.56,33.57,0,2134
1649764546.621051,1,300,33,67.05,33.72,0,2134
1649764546.646049,1,300,33,66.25,33.51,0,2134
1649764546.671046,1,300,32,66.54,128.59,1,2122
1649764546.696043,1,300,31,65.19,33.96,0,2122
1649764546.721041,1,300,29,65.07,33.13,0,2122
1649764546.746038,1,300,24,65.34,33.90,0,2122
1649764546.771035,1,300,21,65.10,32.48,0,2122
1649764546.796032,1,300,18,64.36,33.33,0,2122
1649764546.821030,1,300,14,63.61,143.70,1,2137
1649764546.846027,1,300,14,64.25,31.92,0,2137
1649764546.871024,1,300,15,63.48,31.93,0,2137
1649764546.896022,1,300,17,63.19,32.66,0,2137
1649764546.921019,1,300,17,61.92,33.05,0,2137
1649764546.946017,1,300,17,63.03,33.55,0,2137
1649764546.971014,1,300,21,61.82,146.18,1,2177
1649764546.996011,1,300,17,62.19,33.10,0,2177
1649764547.021008,1,300,16,60.59,32.45,0,2177
1649764547.046005,1,300,15,62.39,32.93,0,2177
1649764547.071003,1,300,13,60.89,34.34,0,2177
1649764547.096002,1,300,11,62.00,34.16,0,2177
1649764547.120999,1,300,7,60.38,169.25,1,2188
1649764547.145997,1,300,7,62.81,33.48,0,2188
1649764547.170994,1,300,7,61.26,33.63,0,2188
1649764547.195991,1,300,5,62.86,32.90,0,2188
1649764547.220989,1,300,8,60.94,33.71,0,2188
1649764547.245986,1,300,9,63.51,33.16,0,2188
1649764547.270983,1,300,8,61.64,137.91,1,2175
1649764547.295981,1,300,5,63.50,33.38,0,2175
1649764547.320978,1,300,6,61.38,33.47,0,2175
1649764547.345975,1,300,5,64.19,34.09,0,2175
1649764547.370972,1,300,4,62.19,33.99,0,2175
1649764547.395970,1,300,6,64.27,32.69,0,2175
1649764547.420967,1,300,7,62.15,125.81,1,2094
1649764547.445965,1,300,9,65.13,33.16,0,2094
1649764547.470962,1,300,9,63.11,32.69,0,2094
1649764547.495959,1,300,12,65.38,32.82,0,2094
1649764547.520957,1,300,9,63.17,31.60,0,2094
1649764547.545954,1,300,7,66.13,31.82,0,2094
1649764547.570951,1,300,11,63.92,131.05,1,2071
1649764547.595948,1,300,6,66.33,31.66,0,2071
1649764547.620946,1,300,9,64.06,31.68,0,2071
1649764547.645943,1,300,10,67.11,32.31,0,2071
1649764547.670940,1,300,10,64.98,31.69,0,2071
1649764547.695938,1,300,10,67.34,32.19,0,2071
1649764547.720935,1,300,9,65.07,141.06,1,1907
1649764547.745932,1,300,7,67.79,32.30,0,1907
1649764547.770929,1,300,9,65.51,32.81,0,1907
1649764547.795927,1,300,7,67.74,32.90,0,1907
1649764547.820924,1,300,6,65.73,32.92,0,1907
1649764547.845921,1,300,7,68.42,32.71,0,1907
1649764547.870919,1,300,11,66.81,138.45,1,1799
1649764547.895916,1,300,14,69.25,34.44,0,1799
1649764547.920913,1,300,12,68.06,32.32,0,1799
1649764547.945910,1,300,11,70.88,33.98,0,1799
1649764547.970908,1,300,10,70.05,34.30,0,1799
1649764547.995905,1,300,12,72.49,35.18,0,1799
1649764548.020902,1,300,16,71.63,117.86,1,1738
1649764548.045900,1,300,25,73.69,33.43,0,1738
1649764548.070897,1,300,30,72.99,32.39,0,1738
1649764548.095894,1,300,48,74.44,33.24,0,1738
1649764548.120892,1,300,49,73.98,32.47,0,1738
1649764548.145889,1,300,56,75.52,32.33,0,1738
1649764548.170886,1,300,61,75.23,125.63,1,1653
1649764548.195884,1,300,70,76.49,31.34,0,1653
1649764548.220881,1,300,79,76.40,30.31,0,1653
1649764548.245878,1,300,88,78.02,29.54,0,1653
1649764548.270875,1,300,94,78.54,28.39,0,1653
1649764548.295873,1,300,94,75.87,28.04,0,1653
1649764548.320870,1,300,101,75.94,100.42,1,1601
1649764548.345867,1,287,106,72.88,26.51,0,1601
1649764548.370865,1,300,111,72.92,26.98,0,1601
1649764548.395862,1,300,109,73.92,26.90,0,1601
1649764548.420859,1,300,112,74.07,26.55,0,1601
1649764548.445857,1,300,108,71.06,25.40,0,1601
1649764548.470854,1,300,105,71.18,118.25,1,1591
1649764548.495851,1,300,104,71.94,26.06,0,1591
1649764548.520849,1,300,104,71.98,24.77,0,1591
1649764548.545846,1,300,103,72.49,24.67,0,1591
1649764548.570843,1,300,101,72.32,24.37,0,1591
1649764548.595840,1,300,100,72.65,24.95,0,1591
1649764548.620838,1,300,104,72.41,116.92,1,1518
1649764548.645835,1,300,105,72.59,24.97,0,1518
1649764548.670832,1,300,104,72.29,24.52,0,1518
1649764548.695829,1,300,100,72.42,24.79,0,1518
1649764548.720827,1,300,106,72.11,24.94,0,1518
1649764548.745824,1,300,104,72.29,24.68,0,1518
1649764548.770822,1,300,102,72.02,96.98,1,1431
1649764548.795819,1,300,102,72.25,25.96,0,1431
1649764548.820816,1,300,104,72.02,25.73,0,1431
1649764548.845814,1,300,106,72.18,26.45,0,1431
1649764548.870811,1,300,105,71.85,25.36,0,1431
1649764548.895808,1,297,103,71.95,24.23,0,1431
1649764548.920805,1,300,107,71.65,98.16,1,1359
1649764548.945802,1,300,107,71.80,26.22,0,1359
1649764548.970800,1,300,112,71.59,25.75,0,1359
1649764548.995797,1,300,112,71.84,25.64,0,1359
1649764549.020795,1,300,111,71.68,25.52,0,1359
1649764549.045792,1,300,111,71.90,25.35,0,1359
1649764549.070789,1,300,111,71.76,120.81,1,1273
1649764549.095787,1,300,115,72.02,26.10,0,1273
1649764549.120784,1,300,113,71.90,20.91,0,1273
1649764549.145781,1,300,111,72.17,25.57,0,1273
1649764549.170778,1,300,111,72.17,24.99,0,1273
1649764549.195776,1,300,107,72.62,24.83,0,1273
1649764549.220773,1,300,105,72.69,114.52,1,1163
1649764549.245770,1,300,111,73.00,25.62,0,1163
1649764549.270768,1,300,113,72.86,25.55,0,1163
1649764549.295765,1,300,117,72.88,26.67,0,1163
1649764549.320762,1,300,116,72.43,26.32,0,1163
1649764549.345759,1,300,114,72.25,26.40,0,1163
1649764549.370757,1,300,115,71.72,117.13,1,1085
1649764549.395754,1,300,118,71.64,26.16,0,1085
1649764549.420751,1,300,120,71.35,26.33,0,1085
1649764549.445749,1,300,117,71.43,26.39,0,1085
1649764549.470746,1,300,121,71.16,26.98,0,1085
1649764549.495743,1,300,124,71.24,26.78,0,1085
1649764549.520741,1,300,115,70.97,75.99,1,1006
1649764549.545738,1,300,118,71.01,27.63,0,1006
1649764549.570735,1,300,125,70.69,26.81,0,1006
1649764549.595732,1,291,129,70.74,26.57,0,1006
1649764549.620730,1,300,138,70.39,27.59,0,1006
1649764549.645727,1,300,137,70.35,27.22,0,1006
1649764549.670724,1,300,129,69.93,78.33,1,954
1649764549.695722,1,300,124,69.83,27.53,0,954
1649764549.720719,1,291,125,69.48,27.51,0,954
1649764549.745716,1,300,139,69.49,28.99,0,954
1649764549.770714,1,300,139,69.25,27.61,0,954
1649764549.795711,1,298,139,69.29,27.02,0,954
1649764549.820708,1,300,143,69.00,97.05,1,942
1649764549.845706,1,300,134,68.99,29.44,0,942
1649764549.870703,1,298,128,68.69,28.03,0,942
1649764549.895700,1,300,123,68.69,27.61,0,942
1649764549.920697,1,300,122,68.51,27.23,0,942
1649764549.945695,1,300,125,68.59,27.82,0,942
1649764549.970692,1,300,124,68.41,118.64,1,938
1649764549.995689,1,300,126,68.49,27.92,0,938
1649764550.020687,1,300,124,68.33,28.61,0,938
1649764550.045684,1,300,128,68.41,22.20,0,938
1649764550.070681,1,300,127,68.23,26.82,0,938
1649764550.095679,1,300,131,68.29,27.31,0,938
1649764550.120676,1,300,129,68.16,123.12,1,909
1649764550.145673,1,300,136,68.28,27.49,0,909
1649764550.170670,1,300,137,68.18,27.51,0,909
1649764550.195668,1,300,138,68.32,27.70,0,909
1649764550.220665,1,300,135,68.27,27.56,0,909
1649764550.245662,1,297,133,68.49,27.58,0,909
1649764550.270660,1,293,137,68.53,128.23,1,904
1649764550.295657,1,295,139,68.78,28.17,0,904
1649764550.320654,1,300,140,68.86,27.59,0,904
1649764550.345652,1,300,139,69.09,27.90,0,904
1649764550.370649,1,300,128,69.13,27.43,0,904
1649764550.395646,1,298,132,69.36,28.20,0,904
1649764550.420643,1,287,128,69.44,104.67,1,885
1649764550.445641,1,279,122,69.76,27.34,0,885
1649764550.470638,1,272,119,69.93,26.55,0,885
1649764550.495635,1,300,128,70.34,28.95,0,885
1649764550.520633,1,283,121,70.68,28.09,0,885
1649764550.545630,1,270,120,71.33,27.95,0,885
1649764550.570627,1,259,116,71.84,108.43,1,872
1649764550.595625,1,264,118,72.61,27.60,0,872
1649764550.620622,1,247,113,73.14,26.96,0,872
1649764550.645619,1,266,114,73.80,27.57,0,872
1649764550.670617,1,256,118,74.19,27.60,0,872
1649764550.695614,1,232,116,74.74,26.36,0,872
1649764550.720611,1,223,106,75.06,125.11,1,856
1649764550.745608,1,231,110,75.46,26.26,0,856
1649764550.770606,1,233,108,75.69,25.86,0,856
1649764550.795603,1,226,109,76.06,24.88,0,856
1649764550.820600,1,226,112,76.25,25.14,0,856
1649764550.845598,1,227,112,76.66,26.61,0,856
1649764550.870595,1,219,107,76.91,123.30,1,819
1649764550.895592,1,221,103,77.34,24.42,0,819
1649764550.920590,1,224,106,77.69,23.85,0,819
1649764550.945587,1,217,105,78.21,25.14,0,819
1649764550.970584,1,212,103,78.53,24.24,0,819
1649764550.995581,1,224,102,74.49,25.30,0,819
1649764551.020579,1,220,93,74.71,103.35,1,776
1649764551.045576,1,216,94,75.12,24.91,0,776
1649764551.070573,1,300,103,75.41,28.45,0,776
1649764551.095574,1,263,92,75.74,29.17,0,776
1649764551.120571,1,254,91,75.85,27.98,0,776
1649764551.145569,1,241,84,76.12,25.88,0,776
1649764551.170566,1,230,80,76.32,108.36,1,771
1649764551.195564,1,300,75,76.63,29.11,0,771
1649764551.220561,1,262,70,76.76,28.21,0,771
1649764551.245558,1,242,65,77.06,25.94,0,771
1649764551.270555,1,230,55,77.25,25.12,0,771
1649764551.295553,1,223,51,77.52,24.42,0,771
1649764551.320550,1,211,46,77.58,108.48,1,772
1649764551.345547,1,206,49,77.65,22.86,0,772
1649764551.370545,1,205,47,77.46,22.54,0,772
1649764551.395542,1,199,48,77.36,22.66,0,772
1649764551.420539,1,201,43,76.94,22.97,0,772
1649764551.445537,1,194,42,76.57,22.94,0,772
1649764551.470534,1,300,52,76.17,114.21,1,776
1649764551.495531,1,258,49,76.20,28.29,0,776
1649764551.520529,1,239,49,76.27,25.81,0,776
1649764551.545526,1,214,51,76.54,24.85,0,776
1649764551.570523,1,199,50,76.78,23.01,0,776
1649764551.595520,1,202,56,77.30,22.89,0,776
1649764551.620518,1,194,56,77.64,110.56,1,780
1649764551.645515,1,184,51,78.06,23.34,0,780
1649764551.670512,1,185,49,78.44,21.58,0,780
1649764551.695510,1,300,59,78.78,30.81,0,780
1649764551.720507,1,226,58,78.78,28.30,0,780
1649764551.745504,1,245,62,78.72,26.19,0,780
1649764551.770502,1,300,68,78.44,119.95,1,780
1649764551.795499,1,300,76,78.09,33.77,0,780
1649764551.820496,1,225,71,77.58,29.12,0,780
1649764551.845494,1,300,79,77.11,29.57,0,780
1649764551.870491,1,300,76,76.52,32.31,0,780
1649764551.895488,1,300,78,75.93,32.82,0,780
1649764551.920486,1,219,78,75.24,137.46,1,810
1649764551.945483,1,300,84,74.57,31.18,0,810
1649764551.970480,1,221,85,73.88,29.58,0,810
1649764551.995477,1,234,86,73.20,26.88,0,810
1649764552.020475,1,300,100,72.40,31.28,0,810
1649764552.045472,1,300,103,71.50,36.54,0,810
1649764552.070470,1,211,99,70.54,134.67,1,801
1649764552.095467,1,300,110,69.47,32.15,0,801
1649764552.120464,1,300,116,68.37,35.48,0,801
1649764552.145462,1,300,99,67.22,35.03,0,801
1649764552.170459,1,300,89,66.07,34.21,0,801
1649764552.195456,1,234,89,64.96,31.47,0,801
1649764552.220453,1,300,95,63.95,119.81,1,786
1649764552.245450,1,300,89,62.91,34.01,0,786
1649764552.270448,1,300,93,61.98,33.06,0,786
1649764552.295445,1,300,89,61.01,33.73,0,786
1649764552.320443,1,300,97,60.13,31.81,0,786
1649764552.345440,1,300,101,59.22,33.45,0,786
1649764552.370437,1,300,100,58.48,114.00,1,752
1649764552.395434,1,300,104,57.73,32.98,0,752
1649764552.420432,1,300,102,64.91,34.90,0,752
1649764552.445429,1,267,107,64.29,30.62,0,752
1649764552.470427,1,262,106,63.94,30.42,0,752
1649764552.495424,1,263,111,63.76,29.74,0,752
1649764552.520421,1,262,111,63.80,115.63,1,696
1649764552.545419,1,261,110,63.81,29.49,0,696
1649764552.570416,1,263,113,63.84,28.95,0,696
1649764552.595413,1,269,108,63.79,28.92,0,696
1649764552.620410,1,269,107,63.83,29.63,0,696
1649764552.645408,1,300,103,63.81,31.19,0,696
1649764552.670405,1,300,97,63.94,77.06,1,691
1649764552.695402,1,300,102,64.05,31.28,0,691
1649764552.720400,1,300,104,64.30,32.06,0,691
1649764552.745397,1,298,101,64.47,29.99,0,691
1649764552.770394,1,300,103,64.73,29.86,0,691
1649764552.795392,1,300,103,64.88,30.19,0,691
1649764552.820389,1,300,104,65.12,118.74,1,733
1649764552.845386,1,300,104,65.21,24.78,0,733
1649764552.870384,1,300,110,65.38,24.45,0,733
1649764552.895381,1,300,112,65.32,24.44,0,733
1649764552.920378,1,300,110,65.28,29.09,0,733
1649764552.945375,1,300,111,65.08,24.62,0,733
1649764552.970373,1,300,108,64.97,81.99,1,732
1649764552.995370,1,300,108,64.66,30.23,0,732
1649764553.020368,1,300,107,64.51,24.40,0,732
1649764553.045365,1,300,109,64.24,30.95,0,732
1649764553.070362,1,300,103,64.12,24.57,0,732
1649764553.095360,1,300,106,63.95,24.31,0,732
1649764553.120357,1,300,109,63.96,109.01,1,718
1649764553.145354,1,300,108,63.88,30.41,0,718
1649764553.170351,1,300,108,64.05,24.41,0,718
1649764553.195349,1,300,108,64.10,24.46,0,718
1649764553.220346,1,300,108,64.36,24.54,0,718
1649764553.245343,1,300,110,64.45,24.61,0,718
1649764553.270341,1,300,108,64.72,97.54,1,707
1649764553.295338,1,300,109,64.73,25.11,0,707
1649764553.320335,1,300,113,64.79,24.35,0,707
1649764553.345333,1,300,111,64.58,29.53,0,707
1649764553.370330,1,300,109,64.58,24.48,0,707
1649764553.395327,1,300,106,64.36,24.40,0,707
1649764553.420325,1,300,108,64.34,126.81,1,695
1649764553.445322,1,300,106,64.12,24.45,0,695
1649764553.470319,1,300,104,64.05,24.11,0,695
1649764553.495317,1,300,103,63.79,24.11,0,695
1649764553.520314,1,300,98,63.74,28.98,0,695
1649764553.545311,1,300,100,63.52,29.52,0,695
1649764553.570308,1,300,98,63.49,136.93,1,682
1649764553.595306,1,300,102,63.27,24.33,0,682
1649764553.620303,1,300,104,63.30,24.43,0,682
1649764553.645300,1,300,104,63.14,23.92,0,682
1649764553.670298,1,300,103,63.21,23.62,0,682
1649764553.695295,1,300,100,63.05,23.79,0,682
1649764553.720292,1,300,104,63.14,113.99,1,659
1649764553.745290,1,300,98,63.07,23.90,0,659
1649764553.770287,1,300,100,63.17,23.99,0,659
1649764553.795284,1,300,100,63.12,23.92,0,659
1649764553.820282,1,299,101,63.31,29.43,0,659
1649764553.845279,1,299,96,63.26,28.39,0,659
1649764553.870276,1,299,101,63.44,137.12,1,608
1649764553.895273,1,300,102,63.39,29.27,0,608
1649764553.920271,1,300,99,63.50,23.58,0,608
1649764553.945268,1,300,97,63.34,23.44,0,608
1649764553.970265,1,299,94,63.33,28.33,0,608
1649764553.995263,1,299,98,63.09,27.95,0,608
1649764554.020260,1,298,100,63.07,117.34,1,560
1649764554.045258,1,298,97,62.96,28.03,0,560
1649764554.070255,1,298,95,63.06,28.23,0,560
1649764554.095252,1,300,96,62.94,28.68,0,560
1649764554.120249,1,300,101,63.09,29.88,0,560
1649764554.145247,1,300,98,62.98,23.43,0,560
1649764554.170244,1,300,100,63.09,82.11,1,548
1649764554.195241,1,300,98,62.97,23.81,0,548
1649764554.220239,1,300,103,63.10,23.26,0,548
1649764554.245236,1,300,99,62.98,23.22,0,548
1649764554.270233,1,300,103,63.10,23.70,0,548
1649764554.295231,1,300,103,62.98,23.50,0,548
1649764554.320228,1,300,97,63.11,101.21,1,538
1649764554.345225,1,300,99,63.01,23.12,0,538
1649764554.370223,1,300,104,63.18,22.99,0,538
1649764554.395220,1,300,101,63.02,22.65,0,538
1649764554.420217,1,300,100,63.16,22.84,0,538
1649764554.445215,1,300,105,63.04,22.91,0,538
1649764554.470212,1,300,104,63.19,145.47,1,517
1649764554.495209,1,300,106,63.04,23.27,0,517
1649764554.520206,1,300,101,63.19,22.66,0,517
1649764554.545204,1,300,104,63.07,22.82,0,517
1649764554.570201,1,300,104,63.20,29.70,0,517
1649764554.595198,1,300,103,63.07,23.49,0,517
1649764554.620196,1,300,102,63.24,164.61,1,498
1649764554.645193,1,300,104,63.09,23.85,0,498
1649764554.670190,1,300,105,63.24,23.75,0,498
1649764554.695188,1,300,106,63.11,23.45,0,498
1649764554.720185,1,300,102,63.25,23.84,0,498
1649764554.745182,1,300,105,63.12,23.23,0,498
1649764554.770180,1,300,102,63.28,136.40,1,483
1649764554.795177,1,300,106,63.16,24.24,0,483
1649764554.820174,1,300,104,63.28,23.66,0,483
1649764554.845171,1,300,102,63.13,23.32,0,483
1649764554.870169,1,300,104,63.29,23.75,0,483
1649764554.895166,1,300,101,63.14,23.61,0,483
1649764554.920163,1,300,100,63.31,138.35,1,464
1649764554.945161,1,300,100,63.17,23.69,0,464
1649764554.970158,1,300,103,63.33,23.44,0,464
1649764554.995156,1,300,101,63.18,23.45,0,464
1649764555.020153,1,300,102,63.34,23.79,0,464
1649764555.045150,1,300,98,63.22,23.71,0,464
1649764555.070147,1,300,100,63.36,140.01,1,448
1649764555.095145,1,300,104,63.23,23.57,0,448
1649764555.120142,1,300,102,63.36,23.25,0,448
1649764555.145139,1,300,100,63.22,23.13,0,448
1649764555.170137,1,300,102,63.36,23.28,0,448
1649764555.195134,1,300,103,63.22,23.12,0,448
1649764555.220131,1,300,98,63.37,109.58,1,428
1649764555.245128,1,300,99,63.22,23.64,0,428
1649764555.270126,1,300,97,63.38,23.39,0,428
1649764555.295123,1,300,102,63.23,23.23,0,428
1649764555.320121,1,300,100,63.38,23.37,0,428
1649764555.345118,1,300,100,63.23,23.64,0,428
1649764555.370115,1,300,105,63.40,221.42,1,409
1649764555.395113,1,300,99,63.28,23.86,0,409
1649764555.420110,1,300,100,63.47,23.75,0,409
1649764555.445107,1,300,98,63.37,23.51,0,409
1649764555.470104,1,300,103,63.52,23.71,0,409
1649764555.495102,1,300,99,63.43,24.07,0,409
1649764555.520099,1,300,102,63.62,170.13,1,404
1649764555.545096,1,300,106,63.47,24.06,0,404
1649764555.570094,1,300,101,63.59,23.37,0,404
1649764555.595091,1,300,102,63.43,23.41,0,404
1649764555.620088,1,300,100,63.55,23.47,0,404
1649764555.645086,1,300,100,63.37,23.50,0,404
1649764555.670083,1,300,101,63.46,109.25,1,373
1649764555.695080,1,300,100,63.28,23.66,0,373
1649764555.720078,1,300,100,63.37,23.33,0,373
1649764555.745075,1,300,97,63.19,23.66,0,373
1649764555.770072,1,300,98,63.28,23.63,0,373
1649764555.795069,1,300,98,63.07,23.34,0,373
1649764555.820067,1,300,99,63.13,179.55,1,370
1649764555.845064,1,300,98,62.93,22.87,0,370
1649764555.870062,1,300,102,62.98,22.84,0,370
1649764555.895059,1,300,99,62.77,23.06,0,370
1649764555.920056,1,300,99,62.81,23.06,0,370
1649764555.945053,1,300,99,62.61,22.81,0,370
1649764555.970051,1,300,97,62.66,172.79,1,339
1649764555.995048,1,300,105,62.43,23.35,0,339
1649764556.020045,1,300,101,62.46,23.15,0,339
1649764556.045043,1,300,99,62.21,22.95,0,339
1649764556.070040,1,300,102,62.20,23.10,0,339
1649764556.095035,1,300,97,61.96,22.62,0,339
1649764556.120032,1,300,98,61.94,144.46,1,317
1649764556.145029,1,300,102,61.75,30.38,0,317
1649764556.170027,1,300,104,70.37,24.05,0,317
1649764556.195024,1,300,102,70.29,28.85,0,317
1649764556.220021,1,300,102,70.48,23.36,0,317
1649764556.245018,1,300,99,70.42,23.11,0,317
1649764556.270016,1,300,97,70.64,228.48,1,301
1649764556.295013,1,300,95,70.60,23.50,0,301
1649764556.320010,1,300,97,70.82,23.10,0,301
1649764556.345008,1,300,98,70.76,23.14,0,301
1649764556.370005,1,300,98,70.94,23.25,0,301
1649764556.395002,1,300,100,70.90,23.14,0,301
1649764556.420000,1,300,97,71.08,103.81,1,274
1649764556.444997,1,300,95,70.99,23.26,0,274
1649764556.469994,1,300,98,71.15,23.28,0,274
1649764556.494992,1,300,100,71.04,23.29,0,274
1649764556.519989,1,300,97,71.18,23.24,0,274
1649764556.544986,1,300,99,71.06,23.13,0,274
1649764556.569983,1,300,99,71.20,84.34,1,256
1649764556.594981,1,300,99,71.10,23.48,0,256
1649764556.619978,1,300,95,71.24,22.99,0,256
1649764556.644976,1,300,94,71.15,23.17,0,256
1649764556.669973,1,300,96,71.27,23.27,0,256
1649764556.694970,1,300,98,71.21,23.29,0,256
1649764556.719968,1,300,96,71.35,78.19,1,236
1649764556.744965,1,300,99,71.28,23.74,0,236
1649764556.769962,1,300,97,71.42,23.16,0,236
1649764556.794960,1,300,95,71.36,22.87,0,236
1649764556.819957,1,300,99,71.48,23.38,0,236
1649764556.844954,1,300,95,71.42,23.26,0,236
1649764556.869951,1,300,99,71.54,67.96,1,216
1649764556.894949,1,300,98,71.49,23.63,0,216
1649764556.919946,1,300,101,71.61,23.15,0,216
1649764556.944943,1,300,98,71.56,23.24,0,216
1649764556.969940,1,300,100,71.66,23.73,0,216
1649764556.994938,1,300,98,71.64,23.37,0,216
1649764557.019935,1,300,101,71.74,67.43,1,218
1649764557.044933,1,300,98,71.67,23.44,0,218
1649764557.069930,1,300,102,71.78,23.66,0,218
1649764557.094927,1,300,98,71.72,23.08,0,218
1649764557.119925,1,300,100,71.80,23.48,0,218
1649764557.144922,1,300,99,71.74,23.47,0,218
1649764557.169919,1,300,97,71.80,59.93,1,198
1649764557.194917,1,300,96,71.74,23.32,0,198
1649764557.219914,1,300,99,71.79,23.18,0,198
1649764557.244911,1,300,102,71.73,23.29,0,198
1649764557.269908,1,300,99,71.77,23.01,0,198
1649764557.294906,1,300,98,71.72,23.19,0,198
1649764557.319903,1,300,98,71.75,79.05,1,218
1649764557.344900,1,300,97,71.68,23.37,0,218
1649764557.369898,1,300,101,71.72,23.36,0,218
1649764557.394895,1,300,98,71.68,23.10,0,218
1649764557.419892,1,300,98,71.71,23.09,0,218
1649764557.444890,1,300,101,71.68,23.29,0,218
1649764557.469887,1,300,102,71.71,90.49,1,237
1649764557.494884,1,300,99,71.68,23.22,0,237
1649764557.519881,1,300,97,71.73,23.34,0,237
1649764557.544879,1,300,100,71.69,23.63,0,237
1649764557.569876,1,300,100,71.74,23.96,0,237
1649764557.594874,1,300,101,71.70,23.27,0,237
1649764557.619871,1,300,101,71.76,66.06,1,228
1649764557.644868,1,300,98,71.77,23.20,0,228
1649764557.669865,1,300,101,71.80,23.32,0,228
1649764557.694863,1,300,103,71.77,23.39,0,228
1649764557.719860,1,300,101,71.81,23.29,0,228
1649764557.744857,1,300,102,71.79,23.11,0,228
1649764557.769855,1,300,100,71.80,102.03,1,228
1649764557.794852,1,300,101,71.80,23.67,0,228
1649764557.819849,1,300,98,71.81,23.43,0,228
1649764557.844846,1,300,101,71.82,23.29,0,228
1649764557.869844,1,300,100,71.82,23.45,0,228
1649764557.894841,1,300,101,71.83,23.20,0,228
1649764557.919839,1,300,99,71.85,82.20,1,229
1649764557.944836,1,300,96,71.85,23.24,0,229
1649764557.969833,1,300,99,71.84,22.91,0,229
1649764557.994831,1,300,99,71.87,23.42,0,229
1649764558.019828,1,300,98,71.88,23.32,0,229
1649764558.044825,1,300,98,71.89,23.22,0,229
1649764558.069823,1,300,102,71.90,99.31,1,224
1649764558.094820,1,300,97,71.90,22.33,0,224
1649764558.119817,1,300,97,71.89,22.48,0,224
1649764558.144814,1,300,102,71.90,22.47,0,224
1649764558.169812,1,300,102,71.89,22.85,0,224
1649764558.194809,1,300,98,71.92,22.18,0,224
1649764558.219806,1,300,97,71.91,72.61,1,224
1649764558.244804,1,300,99,71.95,22.50,0,224
1649764558.269801,1,300,100,71.94,22.29,0,224
1649764558.294798,1,300,100,71.99,22.33,0,224
1649764558.319796,1,300,100,71.97,22.18,0,224
1649764558.344793,1,300,101,71.98,22.25,0,224
1649764558.369790,1,300,98,71.94,89.96,1,215
1649764558.394788,1,300,100,72.00,22.67,0,215
1649764558.419785,1,300,100,71.94,22.21,0,215
1649764558.444782,1,300,100,71.96,22.44,0,215
1649764558.469780,1,300,101,71.81,22.63,0,215
1649764558.494777,1,300,101,71.78,22.58,0,215
1649764558.519774,1,300,96,71.70,123.65,1,226
1649764558.544772,1,300,100,71.76,22.32,0,226
1649764558.569769,1,300,100,71.76,29.01,0,226
1649764558.594766,1,300,100,71.82,22.36,0,226
1649764558.619763,1,300,98,71.74,22.22,0,226
1649764558.644761,1,300,99,71.77,22.61,0,226
1649764558.669758,1,300,102,71.67,81.75,1,216
1649764558.694755,1,300,99,71.74,22.48,0,216
1649764558.719753,1,300,95,71.68,22.51,0,216
1649764558.744750,1,300,100,71.72,22.22,0,216
1649764558.769747,1,300,101,71.66,22.42,0,216
1649764558.794744,1,300,100,71.71,22.27,0,216
1649764558.819742,1,300,98,71.60,100.10,1,202
1649764558.844739,1,300,99,71.68,22.41,0,202
1649764558.869737,1,300,100,71.57,22.39,0,202
1649764558.894734,1,300,100,71.61,22.23,0,202
1649764558.919731,1,300,101,71.55,22.45,0,202
1649764558.944729,1,300,102,71.61,22.46,0,202
1649764558.969726,1,300,101,71.56,102.42,1,201
1649764558.994723,1,300,100,71.66,22.37,0,201
1649764559.019721,1,300,101,71.59,22.27,0,201
1649764559.044718,1,300,100,71.75,22.52,0,201
1649764559.069715,1,300,100,71.73,22.43,0,201
1649764559.094712,1,300,101,71.90,22.23,0,201
1649764559.119710,1,300,102,71.87,106.08,1,178
1649764559.144707,1,300,102,72.05,22.59,0,178
1649764559.169704,1,300,101,71.99,22.43,0,178
1649764559.194702,1,300,102,72.19,22.33,0,178
1649764559.219699,1,300,101,72.12,27.82,0,178
1649764559.244696,1,300,101,72.20,23.29,0,178
1649764559.269694,1,300,102,72.15,155.72,1,171
1649764559.294691,1,300,100,72.28,22.87,0,171
1649764559.319689,1,300,104,72.16,22.94,0,171
1649764559.344686,1,300,101,72.27,22.93,0,171
1649764559.369683,1,300,102,72.13,22.91,0,171
1649764559.394680,1,300,104,72.26,23.12,0,171
1649764559.419678,1,300,102,72.12,143.89,1,172
1649764559.444675,1,300,100,72.22,23.03,0,172
1649764559.469672,1,300,103,72.06,23.17,0,172
1649764559.494670,1,300,103,72.17,30.11,0,172
1649764559.519667,1,300,100,71.83,30.59,0,172
1649764559.544664,1,300,104,71.62,29.73,0,172
1649764559.569661,1,300,102,71.31,104.50,1,246
1649764559.594659,1,297,100,71.51,30.48,0,246
1649764559.619656,1,300,102,71.80,29.49,0,246
1649764559.644653,1,292,100,72.58,29.30,0,246
1649764559.669651,1,287,103,73.29,28.34,0,246
1649764559.694648,1,281,103,74.33,27.66,0,246
1649764559.719645,1,300,106,75.07,194.98,1,275
1649764559.744642,1,284,115,76.04,29.77,0,275
1649764559.769640,1,272,114,76.66,28.85,0,275
1649764559.794637,1,300,112,77.56,30.37,0,275
1649764559.819635,1,300,125,78.24,32.07,0,275
1649764559.844632,1,300,121,79.32,31.69,0,275
1649764559.869629,1,273,125,80.16,140.72,1,291
1649764559.894627,1,300,126,81.41,31.27,0,291
1649764559.919624,1,300,131,82.39,31.54,0,291
1649764559.944621,1,300,134,78.43,30.73,0,291
1649764559.969618,1,300,132,79.21,32.09,0,291
1649764559.994616,1,300,135,80.30,32.39,0,291
1649764560.019613,1,300,133,75.88,120.62,1,342
1649764560.044611,1,300,125,76.54,32.22,0,342
1649764560.069608,1,300,121,76.72,30.67,0,342
1649764560.094599,1,300,129,77.12,31.27,0,342
1649764560.119597,1,283,135,76.81,30.01,0,342
1649764560.144594,1,274,138,76.62,30.14,0,342
1649764560.169591,1,269,140,75.92,202.19,1,372
1649764560.194588,1,263,139,75.54,30.68,0,372
1649764560.219586,1,268,150,74.58,29.82,0,372
1649764560.244583,1,259,152,73.93,28.90,0,372
1649764560.269580,1,251,151,72.95,29.00,0,372
1649764560.294578,1,251,154,72.40,28.33,0,372
1649764560.319575,1,293,168,71.55,180.68,1,410
1649764560.344572,1,275,175,71.02,30.72,0,410
1649764560.369570,1,269,177,70.15,29.74,0,410
1649764560.394567,1,259,193,69.62,30.08,0,410
1649764560.419564,1,258,193,68.89,29.84,0,410
1649764560.444561,1,244,186,68.52,29.94,0,410
1649764560.469558,1,242,177,67.88,176.07,1,442
1649764560.494556,1,239,178,67.54,29.21,0,442
1649764560.519553,1,243,183,66.95,26.98,0,442
1649764560.544550,1,300,205,66.75,31.52,0,442
1649764560.569548,1,283,206,66.32,31.56,0,442
1649764560.594545,1,283,217,66.37,31.26,0,442
1649764560.619542,1,294,222,66.25,96.50,1,481
1649764560.644540,1,292,233,66.68,32.51,0,481
1649764560.669537,1,280,233,66.84,31.54,0,481
1649764560.694534,1,281,237,67.44,30.89,0,481
1649764560.719531,1,300,230,67.92,32.49,0,481
1649764560.744529,1,283,225,68.81,31.87,0,481
1649764560.769526,1,290,222,69.47,80.95,1,516
1649764560.794523,1,300,220,70.48,31.37,0,516
1649764560.819520,1,300,213,71.15,31.47,0,516
1649764560.844518,1,299,211,72.27,30.98,0,516
1649764560.869515,1,300,205,73.14,30.80,0,516
1649764560.894512,1,300,191,74.38,29.83,0,516
1649764560.919510,1,300,193,71.12,81.66,1,566
1649764560.944507,1,300,192,72.25,30.95,0,566
1649764560.969504,1,300,185,73.11,29.63,0,566
1649764560.994501,1,300,177,74.32,31.26,0,566
1649764561.019499,1,296,178,70.66,29.62,0,566
1649764561.044496,1,300,184,71.80,30.29,0,566
1649764561.069494,1,300,185,72.50,77.54,1,594
1649764561.094491,1,300,183,73.65,30.55,0,594
1649764561.119488,1,300,182,74.21,30.18,0,594
1649764561.144485,1,300,180,75.10,30.26,0,594
1649764561.169482,1,294,169,75.45,28.71,0,594
1649764561.194480,1,300,167,76.23,30.21,0,594
1649764561.219477,1,300,158,72.54,77.97,1,650
1649764561.244474,1,300,156,73.20,29.03,0,650
1649764561.269472,1,297,146,73.46,28.23,0,650
1649764561.294469,1,300,143,74.11,28.10,0,650
1649764561.319466,1,300,142,74.25,27.87,0,650
1649764561.344464,1,300,133,74.75,29.21,0,650
1649764561.369461,1,300,133,74.77,64.19,1,695
1649764561.394458,1,300,132,75.15,28.19,0,695
1649764561.419456,1,300,132,75.03,27.82,0,695
1649764561.444453,1,300,128,75.32,27.81,0,695
1649764561.469450,1,300,127,75.13,27.62,0,695
1649764561.494447,1,293,128,75.37,27.02,0,695
1649764561.519444,1,300,125,75.18,79.93,1,727
1649764561.544442,1,300,108,75.36,26.77,0,727
1649764561.569439,1,300,105,75.07,26.22,0,727
1649764561.594436,1,300,103,75.15,26.47,0,727
1649764561.619434,1,295,101,74.80,25.84,0,727
1649764561.644431,1,300,103,74.86,25.75,0,727
1649764561.669428,1,300,97,74.53,65.61,1,754
1649764561.694426,1,300,97,74.67,26.60,0,754
1649764561.719423,1,300,105,74.37,27.46,0,754
1649764561.744420,1,300,102,74.56,26.95,0,754
1649764561.769418,1,300,109,74.35,27.61,0,754
1649764561.794415,1,300,111,74.48,26.94,0,754
1649764561.819412,1,300,104,74.07,67.66,1,786
1649764561.844409,1,300,107,74.04,26.86,0,786
1649764561.869406,1,300,102,73.58,27.34,0,786
1649764561.894404,1,300,93,73.64,26.08,0,786
1649764561.919401,1,300,95,73.30,26.07,0,786
1649764561.944398,1,300,104,73.42,27.42,0,786
1649764561.969395,1,300,117,73.18,71.58,1,823
1649764561.994393,1,300,129,73.43,28.65,0,823
1649764562.019390,1,300,127,73.25,28.20,0,823
1649764562.044388,1,299,119,73.49,27.28,0,823
1649764562.069385,1,291,116,73.27,26.93,0,823
1649764562.094382,1,287,118,73.48,26.53,0,823
1649764562.119379,1,300,119,73.21,107.42,1,865
1649764562.144377,1,300,121,73.33,28.90,0,865
1649764562.169374,1,300,117,73.03,28.15,0,865
1649764562.194371,1,300,116,73.16,27.56,0,865
1649764562.219368,1,300,113,72.91,27.59,0,865
1649764562.244365,1,300,117,73.14,28.07,0,865
1649764562.269363,1,300,119,72.93,75.52,1,895
1649764562.294360,1,300,122,73.10,27.94,0,895
1649764562.319358,1,300,127,72.79,28.56,0,895
1649764562.344355,1,300,123,72.89,27.63,0,895
1649764562.369352,1,300,119,72.53,27.93,0,895
1649764562.394349,1,300,116,72.60,27.75,0,895
1649764562.419347,1,300,115,72.25,86.96,1,927
1649764562.444344,1,300,123,72.35,28.12,0,927
1649764562.469341,1,300,125,72.01,28.87,0,927
1649764562.494339,1,297,121,72.02,27.29,0,927
1649764562.519336,1,300,128,71.57,27.71,0,927
1649764562.544333,1,300,131,71.59,27.76,0,927
1649764562.569330,1,283,127,71.21,115.98,1,951
1649764562.594327,1,300,138,71.26,28.23,0,951
1649764562.619325,1,300,141,70.81,29.87,0,951
1649764562.644322,1,300,147,70.73,28.86,0,951
1649764562.669319,1,300,150,70.13,29.17,0,951
1649764562.694317,1,300,145,69.94,28.65,0,951
1649764562.719314,1,300,150,69.37,122.26,1,995
1649764562.744311,1,300,152,69.18,29.12,0,995
1649764562.769309,1,292,154,68.62,27.63,0,995
1649764562.794306,1,300,152,68.46,28.12,0,995
1649764562.819303,1,300,161,67.92,28.91,0,995
1649764562.844301,1,300,149,67.84,29.06,0,995
1649764562.869298,1,300,151,67.38,126.82,1,1019
1649764562.894295,1,300,154,67.40,31.42,0,1019
1649764562.919292,1,291,151,67.03,28.70,0,1019
1649764562.944289,1,282,155,67.09,27.77,0,1019
1649764562.969287,1,274,150,66.76,27.25,0,1019
1649764562.994284,1,270,154,66.84,27.07,0,1019
1649764563.019282,1,269,154,66.51,115.38,1,1028
1649764563.044279,1,264,157,66.64,27.19,0,1028
1649764563.069276,1,300,173,66.34,28.99,0,1028
1649764563.094273,1,300,180,66.44,29.21,0,1028
1649764563.119271,1,297,176,66.05,29.61,0,1028
1649764563.144268,1,300,178,66.07,30.23,0,1028
1649764563.169265,1,300,176,65.68,108.15,1,1056
1649764563.194263,1,300,173,65.74,29.88,0,1056
1649764563.219260,1,300,164,65.32,29.37,0,1056
1649764563.244257,1,294,165,65.33,29.09,0,1056
1649764563.269254,1,282,161,64.91,28.05,0,1056
1649764563.294252,1,300,172,64.88,29.59,0,1056
1649764563.319249,1,300,169,64.49,126.46,1,1082
1649764563.344246,1,300,175,64.64,31.12,0,1082
1649764563.369243,1,300,173,64.38,30.88,0,1082
1649764563.394241,1,300,176,64.52,30.88,0,1082
1649764563.419238,1,300,171,64.16,30.36,0,1082
1649764563.444235,1,300,170,64.21,31.07,0,1082
1649764563.469233,1,292,172,63.69,93.90,1,1103
1649764563.494230,1,300,175,63.59,29.57,0,1103
1649764563.519227,1,288,163,63.08,28.82,0,1103
1649764563.544225,1,300,168,63.10,29.14,0,1103
1649764563.569222,1,300,164,62.66,29.97,0,1103
1649764563.594219,1,300,166,62.67,28.89,0,1103
1649764563.619216,1,300,176,62.05,96.47,1,1142
1649764563.644213,1,300,173,61.82,29.87,0,1142
1649764563.669211,1,300,174,61.08,29.37,0,1142
1649764563.694208,1,300,169,60.85,29.69,0,1142
1649764563.719205,1,300,181,60.22,32.33,0,1142
1649764563.744203,1,300,179,60.18,30.58,0,1142
1649764563.769200,1,291,182,59.73,155.03,1,1168
1649764563.794197,1,278,180,59.78,28.84,0,1168
1649764563.819195,1,278,183,59.43,28.92,0,1168
1649764563.844192,1,277,180,59.53,28.56,0,1168
1649764563.869189,1,300,199,59.18,29.89,0,1168
1649764563.894186,1,300,195,59.33,31.10,0,1168
1649764563.919184,1,300,208,59.02,104.32,1,1210
1649764563.944181,1,300,204,59.18,31.71,0,1210
1649764563.969178,1,300,203,58.91,31.02,0,1210
1649764563.994175,1,300,201,59.04,30.93,0,1210
1649764564.019173,1,300,200,58.76,30.49,0,1210
1649764564.044170,1,300,200,58.89,30.25,0,1210
1649764564.069167,1,300,202,58.55,106.31,1,1202
1649764564.094165,1,300,199,58.64,31.17,0,1202
1649764564.119162,1,300,198,58.24,30.37,0,1202
1649764564.144159,1,300,190,58.28,30.21,0,1202
1649764564.169156,1,300,197,57.86,30.39,0,1202
1649764564.194154,1,297,205,58.00,30.29,0,1202
1649764564.219151,1,300,212,57.70,173.19,1,1184
1649764564.244148,1,300,211,57.91,31.04,0,1184
1649764564.269145,1,300,215,57.65,30.63,0,1184
1649764564.294143,1,300,206,57.91,31.16,0,1184
1649764564.319140,1,300,212,57.70,30.16,0,1184
1649764564.344137,1,300,204,58.02,30.93,0,1184
1649764564.369135,1,300,215,57.84,132.98,1,1166
1649764564.394132,1,290,204,58.21,30.67,0,1166
1649764564.419129,1,300,215,57.97,31.31,0,1166
1649764564.444126,1,300,210,58.25,31.10,0,1166
1649764564.469124,1,300,222,57.99,31.20,0,1166
1649764564.494121,1,300,217,58.23,31.37,0,1166
1649764564.519119,1,300,234,57.92,136.35,1,1151
1649764564.544116,1,300,223,58.21,31.47,0,1151
1649764564.569113,1,300,223,57.96,31.29,0,1151
1649764564.594110,1,300,223,66.12,31.12,0,1151
1649764564.619107,1,300,233,65.76,31.37,0,1151
1649764564.644105,1,300,216,66.05,30.75,0,1151
1649764564.669102,1,300,230,65.67,144.57,1,1146
1649764564.694099,1,300,222,65.97,31.42,0,1146
1649764564.719097,1,300,230,65.63,31.50,0,1146
1649764564.744094,1,300,222,66.00,31.27,0,1146
1649764564.769091,1,300,241,65.71,31.90,0,1146
1649764564.794088,1,298,217,66.13,31.80,0,1146
1649764564.819086,1,297,220,65.89,170.23,1,1062
1649764564.844083,1,300,212,66.33,32.16,0,1062
1649764564.869081,1,300,222,66.08,31.95,0,1062
1649764564.894078,1,287,209,66.52,30.90,0,1062
1649764564.919075,1,285,208,66.23,30.58,0,1062
1649764564.944072,1,286,204,66.60,31.63,0,1062
1649764564.969069,1,276,194,66.23,162.58,1,1024
1649764564.994067,1,257,181,66.56,30.07,0,1024
1649764565.019064,1,259,173,66.17,28.94,0,1024
1649764565.044061,1,248,157,66.51,27.79,0,1024
1649764565.069059,1,246,157,66.04,27.42,0,1024
1649764565.094056,1,241,144,66.28,26.75,0,1024
1649764565.119053,1,235,142,65.69,180.65,1,999
1649764565.144051,1,228,123,65.84,26.01,0,999
1649764565.169048,1,220,124,65.11,25.05,0,999
1649764565.194045,1,246,135,65.12,26.38,0,999
1649764565.219042,1,236,131,64.23,26.99,0,999
1649764565.244040,1,284,141,64.14,30.21,0,999
1649764565.269037,1,300,147,63.15,129.24,1,1010
1649764565.294034,1,300,147,63.06,34.53,0,1010
1649764565.319031,1,273,151,62.19,30.21,0,1010
1649764565.344029,1,264,149,62.18,28.82,0,1010
1649764565.369026,1,259,152,61.38,29.42,0,1010
1649764565.394023,1,258,154,61.42,29.70,0,1010
1649764565.419021,1,257,152,60.65,143.68,1,1019
1649764565.444018,1,257,158,60.63,28.99,0,1019
1649764565.469015,1,250,152,59.75,27.65,0,1019
1649764565.494012,1,300,181,67.71,30.87,0,1019
1649764565.519010,1,300,191,66.69,31.44,0,1019
1649764565.544007,1,300,178,66.63,31.52,0,1019
1649764565.569004,1,286,182,65.73,157.48,1,1019
1649764565.594002,1,300,176,65.73,32.21,0,1019
1649764565.618999,1,295,177,64.89,32.32,0,1019
1649764565.643996,1,300,182,65.01,31.53,0,1019
1649764565.668993,1,299,177,64.32,30.81,0,1019
1649764565.693991,1,291,174,64.48,33.08,0,1019
1649764565.718988,1,286,173,63.95,141.14,1,1045
1649764565.743985,1,296,169,64.14,31.58,0,1045
1649764565.768983,1,295,173,63.68,31.97,0,1045
1649764565.793980,1,277,158,63.87,30.38,0,1045
1649764565.818977,1,277,144,63.49,29.83,0,1045
1649764565.843974,1,274,144,63.80,29.30,0,1045
1649764565.868972,1,269,138,63.65,153.56,1,1055
1649764565.893969,1,263,122,64.04,27.78,0,1055
1649764565.918966,1,259,119,64.07,27.93,0,1055
1649764565.943964,1,259,112,64.41,27.84,0,1055
1649764565.968961,1,251,100,64.45,30.24,0,1055
1649764565.993958,1,259,101,64.93,27.32,0,1055
1649764566.018955,1,300,102,65.23,153.66,1,1058
1649764566.043953,1,300,90,65.68,30.43,0,1058
1649764566.068950,1,300,94,65.91,30.71,0,1058
1649764566.093950,1,300,91,66.12,31.02,0,1058
1649764566.118947,1,300,89,66.31,30.13,0,1058
1649764566.143945,1,300,93,66.48,30.50,0,1058
1649764566.168942,1,300,88,66.71,134.33,1,1080
1649764566.193939,1,300,91,66.95,29.32,0,1080
1649764566.218936,1,300,88,67.25,29.25,0,1080
1649764566.243934,1,300,90,67.61,29.47,0,1080
1649764566.268931,1,300,90,68.06,29.64,0,1080
1649764566.293928,1,300,90,68.54,31.27,0,1080
1649764566.318926,1,300,88,69.09,130.64,1,1095
1649764566.343923,1,300,92,69.60,29.08,0,1095
1649764566.368920,1,300,93,70.25,29.17,0,1095
1649764566.393917,1,300,94,70.77,23.70,0,1095
1649764566.418915,1,300,94,71.29,23.29,0,1095
1649764566.443912,1,300,94,71.67,23.49,0,1095
1649764566.468909,1,300,91,72.16,144.52,1,1084
1649764566.493906,1,300,96,72.48,23.17,0,1084
1649764566.518904,1,300,99,72.79,28.34,0,1084
1649764566.543901,1,300,99,72.89,23.20,0,1084
1649764566.568898,1,300,95,73.06,25.10,0,1084
1649764566.593896,1,300,97,73.08,23.42,0,1084
1649764566.618893,1,300,98,73.18,128.27,1,1057
1649764566.643890,1,300,101,73.10,28.50,0,1057
1649764566.668888,1,300,100,73.20,23.75,0,1057
1649764566.693885,1,300,100,73.11,28.85,0,1057
1649764566.718882,1,300,96,73.28,28.41,0,1057
1649764566.743879,1,300,99,73.29,28.65,0,1057
1649764566.768877,1,300,96,73.53,155.58,1,1032
1649764566.793874,1,300,99,73.60,23.77,0,1032
1649764566.818871,1,300,97,73.84,29.92,0,1032
1649764566.843868,1,300,97,73.90,28.80,0,1032
1649764566.868866,1,300,97,74.17,28.74,0,1032
1649764566.893863,1,300,97,74.23,24.14,0,1032
1649764566.918860,1,300,98,74.46,86.25,1,999
1649764566.943858,1,300,97,74.42,23.26,0,999
1649764566.968855,1,300,97,74.55,22.72,0,999
1649764566.993852,1,300,96,74.44,22.84,0,999
1649764567.018850,1,300,99,74.47,22.87,0,999
1649764567.043847,1,300,97,74.30,28.42,0,999
1649764567.068844,1,300,101,74.34,121.81,1,964
1649764567.093841,1,300,99,74.17,23.17,0,964
1649764567.118839,1,300,100,74.20,23.06,0,964
1649764567.143836,1,300,102,74.08,23.18,0,964
1649764567.168833,1,300,99,74.27,23.25,0,964
1649764567.193830,1,300,101,74.25,23.61,0,964
1649764567.218828,1,300,100,74.50,138.24,1,951
1649764567.243825,1,300,100,74.64,22.70,0,951
1649764567.268822,1,300,101,75.04,22.28,0,951
1649764567.293820,1,300,97,75.27,28.05,0,951
1649764567.318817,1,300,98,75.77,23.64,0,951
1649764567.343814,1,300,106,72.01,28.69,0,951
1649764567.368812,1,300,102,72.56,137.51,1,903
1649764567.393809,1,300,105,72.76,23.74,0,903
1649764567.418806,1,300,106,73.12,23.32,0,903
1649764567.443803,1,300,103,73.13,27.90,0,903
1649764567.468801,1,300,102,73.31,22.73,0,903
1649764567.493798,1,300,102,73.17,22.59,0,903
1649764567.518795,1,300,101,73.27,141.35,1,877
1649764567.543792,1,300,102,73.09,22.73,0,877
1649764567.568790,1,300,102,73.16,22.72,0,877
1649764567.593787,1,300,104,72.94,22.68,0,877
1649764567.618784,1,300,100,72.90,27.08,0,877
1649764567.643782,1,300,101,72.61,22.91,0,877
1649764567.668779,1,300,103,72.61,127.57,1,843
1649764567.693776,1,300,103,72.42,23.98,0,843
1649764567.718774,1,300,102,72.52,22.91,0,843
1649764567.743771,1,300,100,72.34,22.24,0,843
1649764567.768768,1,300,102,72.46,28.24,0,843
1649764567.793765,1,300,101,72.31,22.21,0,843
1649764567.818763,1,300,103,72.46,166.71,1,805
1649764567.843760,1,300,103,72.31,21.83,0,805
1649764567.868757,1,300,104,72.42,21.86,0,805
1649764567.893754,1,300,103,72.21,21.99,0,805
1649764567.918752,1,300,101,72.29,21.89,0,805
1649764567.943749,1,300,104,72.15,22.27,0,805
1649764567.968746,1,300,103,72.23,128.98,1,770
1649764567.993744,1,300,104,71.98,28.89,0,770
1649764568.018741,1,300,102,72.01,22.70,0,770
1649764568.043738,1,300,98,71.78,22.59,0,770
1649764568.068736,1,300,100,71.90,22.52,0,770
1649764568.093733,1,300,102,71.76,23.37,0,770
1649764568.118730,1,300,102,71.95,150.19,1,717
1649764568.143727,1,300,98,71.84,22.86,0,717
1649764568.168725,1,300,101,72.06,28.04,0,717
1649764568.193722,1,300,100,71.99,28.32,0,717
1649764568.218719,1,300,97,72.20,22.70,0,717
1649764568.243716,1,300,96,72.11,22.84,0,717
1649764568.268714,1,300,95,72.30,144.62,1,690
1649764568.293711,1,300,94,72.18,22.70,0,690
1649764568.318708,1,300,96,72.33,22.43,0,690
1649764568.343706,1,300,94,72.16,22.30,0,690
1649764568.368703,1,300,95,72.31,21.84,0,690
1649764568.393700,1,300,95,72.16,24.02,0,690
1649764568.418697,1,300,93,72.31,147.12,1,675
1649764568.443695,1,300,95,72.13,22.58,0,675
1649764568.468692,1,300,97,72.24,21.94,0,675
1649764568.493689,1,300,97,72.02,21.86,0,675
1649764568.518687,1,300,98,72.15,27.76,0,675
1649764568.543684,1,300,95,71.92,22.40,0,675
1649764568.568681,1,300,97,72.08,161.44,1,654
1649764568.593678,1,300,95,71.94,22.72,0,654
1649764568.618676,1,300,98,72.15,22.34,0,654
1649764568.643673,1,300,100,71.99,22.50,0,654
1649764568.668670,1,300,93,72.21,22.38,0,654
1649764568.693668,1,300,95,72.06,22.28,0,654
1649764568.718665,1,300,95,72.24,132.70,1,618
1649764568.743662,1,300,98,72.03,22.10,0,618
1649764568.768659,1,300,96,72.20,21.62,0,618
1649764568.793657,1,300,96,72.01,21.88,0,618
1649764568.818654,1,300,95,72.13,21.58,0,618
1649764568.843651,1,300,98,71.94,22.35,0,618
1649764568.868649,1,300,97,72.08,174.62,1,600
1649764568.893646,1,300,95,71.87,22.27,0,600
1649764568.918643,1,300,94,72.03,21.54,0,600
1649764568.943640,1,300,98,71.85,21.84,0,600
1649764568.968638,1,300,98,72.01,21.53,0,600
1649764568.993635,1,300,100,71.76,21.58,0,600
1649764569.018632,1,300,99,71.77,188.79,1,578
1649764569.043630,1,300,99,71.42,29.62,0,578
1649764569.068627,1,300,99,71.41,27.81,0,578
1649764569.093624,1,300,95,71.08,23.07,0,578
1649764569.118621,1,300,97,71.15,27.67,0,578
1649764569.143619,1,300,98,70.94,22.64,0,578
1649764569.168616,1,300,100,71.14,150.65,1,543
1649764569.193613,1,300,98,71.00,23.40,0,543
1649764569.218611,1,300,98,71.22,22.84,0,543
1649764569.243608,1,300,97,71.07,22.66,0,543
1649764569.268605,1,300,99,71.26,22.87,0,543
1649764569.293602,1,300,99,71.14,22.88,0,543
1649764569.318600,1,300,99,71.35,201.92,1,523
1649764569.343597,1,300,100,71.21,22.46,0,523
1649764569.368594,1,300,102,71.45,21.75,0,523
1649764569.393591,1,300,99,71.32,22.25,0,523
1649764569.418589,1,300,99,71.52,21.86,0,523
1649764569.443586,1,300,96,71.35,22.14,0,523
1649764569.468583,1,300,98,71.59,174.99,1,446
1649764569.493581,1,300,98,71.40,22.73,0,446
1649764569.518578,1,300,100,71.60,21.89,0,446
1649764569.543575,1,300,96,71.36,21.82,0,446
1649764569.568573,1,300,99,71.56,21.61,0,446
1649764569.593570,1,300,98,71.38,21.96,0,446
1649764569.618567,1,300,95,71.54,135.07,1,441
1649764569.643564,1,300,97,71.36,21.92,0,441
1649764569.668561,1,300,98,71.56,21.83,0,441
1649764569.693559,1,300,96,71.37,21.39,0,441
1649764569.718556,1,300,98,71.58,21.38,0,441
1649764569.743553,1,300,99,71.37,21.53,0,441
1649764569.768551,1,300,97,71.56,194.84,1,378
1649764569.793548,1,300,97,71.36,22.12,0,378
1649764569.818545,1,300,96,71.53,21.66,0,378
1649764569.843543,1,300,100,71.36,21.80,0,378
1649764569.868540,1,300,99,71.57,21.51,0,378
1649764569.893537,1,300,97,71.36,21.11,0,378
1649764569.918535,1,300,95,71.56,173.47,1,337
1649764569.943532,1,300,97,71.37,21.35,0,337
1649764569.968529,1,300,100,71.58,21.63,0,337
1649764569.993526,1,300,98,71.39,21.45,0,337
1649764570.018523,1,300,96,71.58,21.05,0,337
1649764570.043521,1,300,99,71.41,21.21,0,337
1649764570.068518,1,300,98,71.60,127.59,1,335
1649764570.093521,1,300,98,71.41,21.52,0,335
1649764570.118519,1,300,98,71.60,21.44,0,335
1649764570.143516,1,300,98,71.39,21.21,0,335
1649764570.168513,1,300,98,71.60,21.26,0,335
1649764570.193510,1,300,98,71.41,21.46,0,335
1649764570.218508,1,300,98,71.59,115.47,1,258
1649764570.243505,1,300,98,71.37,21.89,0,258
1649764570.268502,1,300,96,71.58,21.25,0,258
1649764570.293500,1,300,97,71.38,21.30,0,258
1649764570.318497,1,300,96,71.59,21.49,0,258
1649764570.343494,1,300,99,71.37,21.51,0,258
1649764570.368491,1,300,97,71.58,66.87,1,250
1649764570.393489,1,300,97,71.36,21.69,0,250
1649764570.418486,1,300,98,71.54,21.76,0,250
1649764570.443483,1,300,99,71.32,21.48,0,250
1649764570.468481,1,300,97,71.53,21.42,0,250
1649764570.493478,1,300,98,71.35,21.43,0,250
1649764570.518476,1,300,97,71.55,76.23,1,279
1649764570.543473,1,300,96,71.32,22.10,0,279
1649764570.568470,1,300,95,71.55,21.61,0,279
1649764570.593467,1,300,97,71.34,21.55,0,279
1649764570.618465,1,300,98,71.54,21.62,0,279
1649764570.643462,1,300,99,71.33,21.50,0,279
1649764570.668459,1,300,97,71.53,69.21,1,288
1649764570.693457,1,300,97,71.33,21.63,0,288
1649764570.718454,1,300,96,71.54,27.18,0,288
1649764570.743451,1,300,97,71.35,22.58,0,288
1649764570.768449,1,300,97,71.58,22.49,0,288
1649764570.793446,1,300,96,71.36,22.41,0,288
1649764570.818443,1,300,95,71.57,75.72,1,293
1649764570.843441,1,300,96,71.36,22.18,0,293
1649764570.868438,1,300,96,71.57,22.57,0,293
1649764570.893435,1,300,95,71.36,22.08,0,293
1649764570.918432,1,300,96,71.58,22.03,0,293
1649764570.943430,1,300,95,71.36,22.20,0,293
1649764570.968427,1,300,98,71.60,62.08,1,289
1649764570.993424,1,300,98,71.37,21.75,0,289
1649764571.018422,1,300,98,71.58,21.60,0,289
1649764571.043419,1,300,98,71.37,22.08,0,289
1649764571.068416,1,300,96,71.60,21.79,0,289
1649764571.093414,1,300,97,71.38,21.48,0,289
1649764571.118411,1,300,97,71.61,70.08,1,296
1649764571.143408,1,300,95,71.39,21.93,0,296
1649764571.168406,1,300,96,71.61,21.65,0,296
1649764571.193403,1,300,94,71.37,21.33,0,296
1649764571.218400,1,300,99,71.62,21.89,0,296
1649764571.243398,1,300,98,71.39,21.67,0,296
1649764571.268395,1,300,98,71.62,61.49,1,296
1649764571.293392,1,300,97,71.39,21.72,0,296
1649764571.318389,1,300,98,71.61,21.79,0,296
1649764571.343387,1,300,97,71.39,21.45,0,296
1649764571.368384,1,300,98,71.62,21.44,0,296
1649764571.393381,1,300,97,71.39,21.26,0,296
1649764571.418379,1,300,96,71.60,68.68,1,296
1649764571.443376,1,300,97,71.36,22.39,0,296
1649764571.468373,1,300,97,71.59,21.82,0,296
1649764571.493371,1,300,98,71.35,21.61,0,296
1649764571.518368,1,300,96,71.57,21.47,0,296
1649764571.543365,1,300,96,71.36,21.31,0,296
1649764571.568363,1,300,94,71.58,70.75,1,295
1649764571.593360,1,300,96,71.36,21.60,0,295
1649764571.618357,1,300,97,71.55,21.41,0,295
1649764571.643355,1,300,94,71.34,21.44,0,295
1649764571.668352,1,300,96,71.58,21.40,0,295
1649764571.693349,1,300,95,71.34,21.81,0,295
1649764571.718347,1,300,97,71.56,87.69,1,297
1649764571.743344,1,300,94,71.36,21.79,0,297
1649764571.768341,1,300,97,71.57,21.66,0,297
1649764571.793338,1,300,97,71.35,21.73,0,297
1649764571.818336,1,300,95,71.58,21.87,0,297
1649764571.843333,1,300,97,71.35,21.62,0,297
1649764571.868330,1,300,98,71.57,118.00,1,293
1649764571.893328,1,300,96,71.33,21.53,0,293
1649764571.918325,1,300,94,71.56,21.48,0,293
1649764571.943322,1,300,95,71.36,21.60,0,293
1649764571.968320,1,300,96,71.59,22.07,0,293
1649764571.993317,1,300,95,71.35,21.11,0,293
1649764572.018314,1,300,96,71.57,77.88,1,291
1649764572.043312,1,300,94,71.35,21.60,0,291
1649764572.068309,1,300,96,71.57,21.46,0,291
1649764572.093306,1,300,95,71.36,21.48,0,291
1649764572.118304,1,300,95,71.59,21.14,0,291
1649764572.143301,1,300,97,71.36,21.60,0,291
1649764572.168298,1,300,96,71.58,99.97,1,296
1649764572.193295,1,300,95,71.35,21.40,0,296
1649764572.218293,1,300,95,71.60,21.90,0,296
1649764572.243290,1,300,94,71.36,21.54,0,296
1649764572.268287,1,300,94,71.60,21.44,0,296
1649764572.293285,1,300,94,71.35,21.51,0,296
1649764572.318282,1,300,95,71.58,125.49,1,298
1649764572.343279,1,300,99,71.33,21.74,0,298
1649764572.368277,1,300,97,71.58,21.43,0,298
1649764572.393274,1,300,96,71.32,21.58,0,298
1649764572.418271,1,300,100,71.54,21.67,0,298
1649764572.443269,1,300,96,71.31,21.75,0,298
1649764572.468266,1,300,98,71.54,91.24,1,288
1649764572.493263,1,300,97,71.30,21.75,0,288
1649764572.518261,1,300,99,71.53,21.76,0,288
1649764572.543258,1,300,96,71.31,21.38,0,288
1649764572.568255,1,300,96,71.56,22.04,0,288
1649764572.593253,1,300,100,71.30,21.78,0,288
1649764572.618250,1,300,97,71.55,97.23,1,289
1649764572.643247,1,300,94,71.33,21.43,0,289
1649764572.668244,1,300,97,71.55,21.56,0,289
1649764572.693242,1,300,96,71.33,21.41,0,289
1649764572.718239,1,300,95,71.56,21.36,0,289
1649764572.743236,1,300,97,71.33,21.73,0,289
1649764572.768234,1,300,95,71.57,135.62,1,286
1649764572.793231,1,300,94,71.33,22.00,0,286
1649764572.818228,1,300,95,71.57,21.30,0,286
1649764572.843226,1,300,95,71.34,21.72,0,286
1649764572.868223,1,300,95,71.58,21.76,0,286
1649764572.893220,1,300,95,71.41,21.78,0,286
1649764572.918217,1,300,96,71.60,141.07,1,287
1649764572.943215,1,300,94,71.38,21.74,0,287
1649764572.968212,1,300,97,71.63,21.95,0,287
1649764572.993209,1,300,99,71.39,21.76,0,287
1649764573.018207,1,300,96,71.61,21.50,0,287
1649764573.043204,1,300,98,71.38,21.79,0,287
1649764573.068202,1,300,97,71.62,117.28,1,287
1649764573.093199,1,300,96,71.38,21.84,0,287
1649764573.118196,1,300,97,71.63,21.85,0,287
1649764573.143193,1,300,96,71.36,21.58,0,287
1649764573.168191,1,300,96,71.62,21.84,0,287
1649764573.193188,1,300,98,71.36,21.79,0,287
1649764573.218185,1,300,95,71.59,166.09,1,285
1649764573.243183,1,300,95,71.38,21.81,0,285
1649764573.268180,1,300,97,71.61,21.66,0,285
1649764573.293177,1,300,96,71.37,21.64,0,285
1649764573.318175,1,300,97,71.63,21.73,0,285
1649764573.343172,1,300,96,71.39,21.48,0,285
1649764573.368169,1,300,96,71.63,131.48,1,281
1649764573.393167,1,300,98,71.40,21.81,0,281
1649764573.418164,1,300,97,71.62,21.73,0,281
1649764573.443161,1,300,97,71.40,21.47,0,281
1649764573.468158,1,300,98,71.63,21.90,0,281
1649764573.493156,1,300,98,71.39,21.81,0,281
1649764573.518153,1,300,96,71.64,175.39,1,276
1649764573.543150,1,300,95,71.40,21.41,0,276
1649764573.568148,1,300,95,71.62,21.38,0,276
1649764573.593145,1,300,96,71.40,21.59,0,276
1649764573.618142,1,300,95,71.63,21.46,0,276
1649764573.643140,1,300,95,71.42,22.00,0,276
1649764573.668137,1,300,96,71.64,118.23,1,260
1649764573.693134,1,300,96,71.43,22.10,0,260
1649764573.718132,1,300,96,71.65,21.68,0,260
1649764573.743129,1,300,95,71.42,21.53,0,260
1649764573.768126,1,300,96,71.66,21.59,0,260
1649764573.793123,1,300,94,71.42,21.60,0,260
1649764573.818121,1,300,96,71.66,121.84,1,273
1649764573.843118,1,300,95,71.43,21.95,0,273
1649764573.868115,1,300,96,71.67,21.53,0,273
1649764573.893113,1,300,96,71.44,21.98,0,273
1649764573.918110,1,300,95,71.66,21.76,0,273
1649764573.943107,1,300,97,71.44,21.45,0,273
1649764573.968105,1,300,96,71.66,148.88,1,246
1649764573.993102,1,300,96,71.43,24.19,0,246
1649764574.018100,1,300,97,71.68,22.22,0,246
1649764574.043097,1,300,95,71.42,21.58,0,246
1649764574.068094,1,300,96,71.67,21.68,0,246
1649764574.093091,1,300,94,71.42,27.26,0,246
1649764574.118089,1,300,95,71.67,137.97,1,239
1649764574.143086,1,300,95,71.44,23.21,0,239
1649764574.168083,1,300,94,71.67,22.21,0,239
1649764574.193081,1,300,95,71.42,22.14,0,239
1649764574.218078,1,300,95,71.66,22.24,0,239
1649764574.243075,1,300,94,71.43,22.15,0,239
1649764574.268072,1,300,98,71.68,145.86,1,251
1649764574.293070,1,300,94,71.44,22.45,0,251
1649764574.318067,1,300,94,71.66,22.24,0,251
1649764574.343065,1,300,96,71.45,22.52,0,251
1649764574.368062,1,300,93,71.67,22.39,0,251
1649764574.393059,1,300,94,71.44,22.19,0,251
1649764574.418056,1,300,95,71.66,80.12,1,199
1649764574.443054,1,300,94,71.42,21.63,0,199
1649764574.468051,1,300,97,71.66,21.80,0,199
1649764574.493048,1,300,95,71.43,21.51,0,199
1649764574.518046,1,300,98,71.67,21.51,0,199
1649764574.543043,1,300,95,71.43,22.03,0,199
1649764574.568040,1,300,95,71.68,63.37,1,172
1649764574.593038,1,300,95,71.47,21.69,0,172
1649764574.618035,1,300,95,71.70,21.62,0,172
1649764574.643032,1,300,96,71.47,21.73,0,172
1649764574.668030,1,300,97,71.73,21.83,0,172
1649764574.693027,1,300,96,71.51,21.89,0,172
1649764574.718024,1,300,95,71.76,60.43,1,189
1649764574.743021,1,300,98,71.55,22.15,0,189
1649764574.768019,1,300,95,71.81,21.80,0,189
1649764574.793016,1,300,95,71.60,21.72,0,189
1649764574.818013,1,300,97,71.84,21.73,0,189
1649764574.843011,1,300,96,71.60,22.14,0,189
1649764574.868008,1,300,97,71.85,73.14,1,219
1649764574.893005,1,300,95,71.64,21.79,0,219
1649764574.918003,1,300,96,71.87,21.61,0,219
1649764574.943000,1,300,94,71.65,21.40,0,219
1649764574.967998,1,300,95,71.89,21.53,0,219
1649764574.992995,1,300,95,71.68,21.61,0,219
1649764575.017992,1,300,93,71.91,66.64,1,203
1649764575.042989,1,300,96,71.68,22.15,0,203
1649764575.067987,1,300,97,71.90,21.64,0,203
1649764575.092984,1,300,97,71.67,21.60,0,203
1649764575.117981,1,300,96,71.92,21.42,0,203
1649764575.142979,1,300,93,71.68,21.46,0,203
1649764575.167976,1,300,96,71.92,77.95,1,227
1649764575.192973,1,300,95,71.70,21.70,0,227
1649764575.217970,1,300,94,71.91,21.66,0,227
1649764575.242968,1,300,95,71.68,21.57,0,227
1649764575.267965,1,300,96,71.91,21.64,0,227
1649764575.292963,1,300,95,71.71,21.44,0,227
1649764575.317960,1,300,96,71.92,60.53,1,225
1649764575.342957,1,300,95,71.69,21.64,0,225
1649764575.367954,1,300,96,71.92,21.52,0,225
1649764575.392951,1,300,97,71.68,21.65,0,225
1649764575.417949,1,300,94,71.90,21.74,0,225
1649764575.442946,1,300,96,71.67,21.80,0,225
1649764575.467943,1,300,96,71.90,61.94,1,222
1649764575.492941,1,300,96,71.67,23.55,0,222
1649764575.517938,1,300,96,71.90,21.74,0,222
1649764575.542936,1,300,96,71.67,21.78,0,222
1649764575.567933,1,300,95,71.90,21.62,0,222
1649764575.592930,1,300,94,71.68,21.91,0,222
1649764575.617928,1,300,94,71.90,77.03,1,219
1649764575.642925,1,300,95,71.64,21.64,0,219
1649764575.667922,1,300,93,71.89,21.47,0,219
1649764575.692919,1,300,95,71.67,21.69,0,219
1649764575.717917,1,300,96,71.88,21.51,0,219
1649764575.742914,1,300,94,71.66,21.87,0,219
1649764575.767911,1,300,95,71.88,66.26,1,210
1649764575.792909,1,300,96,71.65,22.57,0,210
1649764575.817906,1,300,96,71.88,21.67,0,210
1649764575.842903,1,300,96,71.65,21.70,0,210
1649764575.867901,1,300,96,71.86,21.66,0,210
1649764575.892898,1,300,94,71.66,21.66,0,210
1649764575.917895,1,300,95,71.89,68.46,1,209
1649764575.942893,1,300,97,71.64,21.91,0,209
1649764575.967890,1,300,96,71.86,21.35,0,209
1649764575.992887,1,300,95,71.66,21.51,0,209
1649764576.017885,1,300,97,71.87,21.59,0,209
1649764576.042882,1,300,95,71.65,21.62,0,209
1649764576.067879,1,300,97,71.88,85.59,1,208
1649764576.092876,1,300,96,71.66,22.00,0,208
1649764576.117874,1,300,95,71.88,21.56,0,208
1649764576.142871,1,300,95,71.66,21.55,0,208
1649764576.167868,1,300,97,71.87,21.67,0,208
1649764576.192866,1,300,96,71.67,22.09,0,208
1649764576.217863,1,300,95,71.88,72.57,1,202
1649764576.242860,1,300,95,71.66,21.81,0,202
1649764576.267858,1,300,97,71.88,21.72,0,202
1649764576.292855,1,300,93,71.67,21.31,0,202
1649764576.317852,1,300,96,71.88,21.73,0,202
1649764576.342849,1,300,96,71.66,21.51,0,202
1649764576.367847,1,300,96,71.90,89.44,1,206
1649764576.392844,1,300,98,71.67,22.30,0,206
1649764576.417842,1,300,95,71.89,21.68,0,206
1649764576.442839,1,300,94,71.68,21.50,0,206
1649764576.467836,1,300,96,71.93,21.47,0,206
1649764576.492834,1,300,96,71.69,21.68,0,206
1649764576.517831,1,300,94,71.94,79.06,1,212
1649764576.542828,1,300,95,71.69,21.58,0,212
1649764576.567825,1,300,95,71.91,21.76,0,212
1649764576.592823,1,300,94,71.71,21.23,0,212
1649764576.617820,1,300,97,71.87,21.60,0,212
1649764576.642817,1,300,96,71.66,21.73,0,212
1649764576.667815,1,300,97,71.92,97.60,1,241
1649764576.692812,1,300,95,71.65,21.76,0,241
1649764576.717809,1,300,94,71.90,21.53,0,241
1649764576.742806,1,300,97,71.70,22.10,0,241
1649764576.767804,1,300,96,71.92,22.02,0,241
1649764576.792801,1,300,96,71.76,22.19,0,241
1649764576.817799,1,300,91,72.05,108.21,1,260
1649764576.842796,1,300,93,71.89,28.43,0,260
1649764576.867793,1,300,93,72.13,28.29,0,260
1649764576.892791,1,300,91,71.88,28.60,0,260
1649764576.917788,1,300,94,71.97,28.66,0,260
1649764576.942785,1,300,90,71.58,29.10,0,260
1649764576.967782,1,300,93,71.70,117.97,1,274
1649764576.992780,1,300,99,71.33,29.64,0,274
1649764577.017777,1,300,103,71.40,29.76,0,274
1649764577.042774,1,300,105,70.98,28.77,0,274
1649764577.067772,1,300,106,70.98,28.61,0,274
1649764577.092766,1,300,110,70.47,28.85,0,274
1649764577.117763,1,300,107,70.22,108.69,1,301
1649764577.142761,1,300,106,69.36,29.83,0,301
1649764577.167758,1,279,107,68.92,28.36,0,301
1649764577.192755,1,273,99,67.67,27.17,0,301
1649764577.217753,1,300,106,66.83,28.11,0,301
1649764577.242750,1,283,104,65.46,28.25,0,301
1649764577.267747,1,270,100,64.84,145.43,1,327
1649764577.292744,1,286,98,63.52,27.03,0,327
1649764577.317742,1,259,97,62.81,28.05,0,327
1649764577.342739,1,300,98,61.73,28.59,0,327
1649764577.367736,1,278,100,61.62,29.84,0,327
1649764577.392734,1,276,104,60.67,26.89,0,327
1649764577.417731,1,268,106,60.62,123.97,1,362
1649764577.442729,1,264,109,59.89,28.23,0,362
1649764577.467726,1,271,111,59.94,28.63,0,362
1649764577.492723,1,250,107,59.09,27.01,0,362
1649764577.517720,1,237,98,67.34,26.94,0,362
1649764577.542718,1,233,98,66.44,25.80,0,362
1649764577.567715,1,224,98,66.98,111.61,1,394
1649764577.592712,1,227,103,66.39,27.23,0,394
1649764577.617710,1,223,102,67.41,26.24,0,394
1649764577.642707,1,223,113,66.73,25.24,0,394
1649764577.667704,1,217,105,67.76,26.20,0,394
1649764577.692701,1,219,114,66.86,26.02,0,394
1649764577.717699,1,212,113,67.84,150.02,1,432
1649764577.742696,1,209,106,66.76,24.93,0,432
1649764577.767694,1,217,107,67.77,25.89,0,432
1649764577.792691,1,215,109,66.63,24.84,0,432
1649764577.817688,1,216,112,67.76,25.46,0,432
1649764577.842685,1,217,116,66.53,24.27,0,432
1649764577.867682,1,218,111,67.65,127.33,1,472
1649764577.892680,1,222,116,66.29,24.42,0,472
1649764577.917677,1,236,118,67.44,25.16,0,472
1649764577.942675,1,229,117,65.96,24.82,0,472
1649764577.967672,1,238,121,67.12,26.77,0,472
1649764577.992669,1,245,123,65.55,27.06,0,472
1649764578.017667,1,244,121,66.69,113.66,1,519
1649764578.042664,1,247,119,64.96,26.56,0,519
1649764578.067661,1,253,117,66.17,26.50,0,519
1649764578.092659,1,257,123,64.32,27.20,0,519
1649764578.117656,1,276,130,65.50,28.55,0,519
1649764578.142653,1,255,126,63.49,28.66,0,519
1649764578.167650,1,259,125,64.77,113.75,1,548
1649764578.192648,1,257,125,62.77,28.33,0,548
1649764578.217645,1,265,127,64.28,28.72,0,548
1649764578.242642,1,273,125,62.26,28.91,0,548
1649764578.267640,1,266,116,63.89,30.34,0,548
1649764578.292637,1,273,134,61.76,29.94,0,548
1649764578.317634,1,244,105,63.53,104.10,1,570
1649764578.342632,1,225,110,61.24,27.45,0,570
1649764578.367629,1,222,101,63.15,25.46,0,570
1649764578.392626,1,236,113,60.73,26.41,0,570
1649764578.417624,1,258,110,62.67,28.55,0,570
1649764578.442621,1,227,112,59.90,27.51,0,570
1649764578.467618,1,236,103,61.75,121.89,1,601
1649764578.492615,1,216,104,58.89,27.02,0,601
1649764578.517613,1,215,85,60.92,26.18,0,601
1649764578.542610,1,276,101,57.88,28.08,0,601
1649764578.567608,1,226,62,67.64,27.99,0,601
1649764578.592605,1,222,71,64.24,25.81,0,601
1649764578.617602,1,300,75,66.38,102.90,1,610
1649764578.642599,1,260,71,62.79,30.42,0,610
1649764578.667597,1,300,73,64.94,30.42,0,610
1649764578.692594,1,270,80,61.11,30.44,0,610
1649764578.717591,1,300,75,63.34,32.02,0,610
1649764578.742589,1,262,91,59.20,31.07,0,610
1649764578.767586,1,300,91,69.32,96.56,1,643
1649764578.792583,1,300,98,65.31,33.74,0,643
1649764578.817580,1,300,97,67.95,33.44,0,643
1649764578.842578,1,300,90,63.96,32.43,0,643
1649764578.867575,1,300,94,66.81,33.10,0,643
1649764578.892573,1,291,99,62.84,31.52,0,643
1649764578.917570,1,300,99,65.90,79.26,1,708
1649764578.942567,1,300,90,61.79,32.40,0,708
1649764578.967565,1,300,86,64.86,32.02,0,708
1649764578.992562,1,300,78,60.69,32.28,0,708
1649764579.017559,1,300,79,71.76,32.65,0,708
1649764579.042557,1,300,74,67.62,31.21,0,708
1649764579.067554,1,300,69,70.24,77.15,1,753
1649764579.092551,1,300,64,66.20,30.92,0,753
1649764579.117548,1,300,75,69.29,31.09,0,753
1649764579.142546,1,300,63,65.28,31.04,0,753
1649764579.167543,1,300,82,68.41,31.23,0,753
1649764579.192540,1,300,64,64.43,31.48,0,753
1649764579.217538,1,300,75,67.83,84.39,1,802
1649764579.242535,1,300,67,63.68,30.65,0,802
1649764579.267532,1,300,86,67.12,32.07,0,802
1649764579.292530,1,300,60,63.20,30.88,0,802
1649764579.317527,1,300,89,67.02,33.88,0,802
1649764579.342524,1,300,65,63.03,33.48,0,802
1649764579.367522,1,300,70,66.75,88.24,1,838
1649764579.392519,1,300,54,62.75,32.76,0,838
1649764579.417516,1,300,73,73.33,33.25,0,838
1649764579.442513,1,300,64,69.82,32.24,0,838
1649764579.467511,1,300,87,72.49,32.72,0,838
1649764579.492508,1,300,73,68.80,32.93,0,838
1649764579.517506,1,300,100,71.49,90.20,1,916
1649764579.542503,1,300,80,67.51,32.05,0,916
1649764579.567500,1,300,120,69.79,33.53,0,916
1649764579.592497,1,300,98,65.52,31.49,0,916
1649764579.617495,1,300,117,67.67,35.19,0,916
1649764579.642492,1,300,95,63.33,34.64,0,916
1649764579.667489,1,300,98,65.55,101.82,1,943
1649764579.692487,1,300,100,61.17,32.16,0,943
1649764579.717484,1,300,107,63.81,34.76,0,943
1649764579.742481,1,300,118,59.42,33.70,0,943
1649764579.767478,1,300,113,67.93,34.42,0,943
1649764579.792476,1,300,118,65.15,33.45,0,943
1649764579.817473,1,300,103,68.02,106.14,1,1002
1649764579.842470,1,300,112,64.98,33.30,0,1002
1649764579.867468,1,300,110,67.69,33.78,0,1002
1649764579.892465,1,300,110,64.79,31.35,0,1002
1649764579.917462,1,300,104,68.57,31.42,0,1002
1649764579.942460,1,300,98,65.63,31.81,0,1002
1649764579.967457,1,300,92,68.85,105.84,1,1053
1649764579.992454,1,300,86,65.62,31.62,0,1053
1649764580.017452,1,300,80,68.92,32.34,0,1053
1649764580.042449,1,300,80,65.34,31.70,0,1053
1649764580.067446,1,300,73,68.48,31.90,0,1053
1649764580.092444,1,300,61,64.92,33.30,0,1053
1649764580.117441,1,300,57,68.61,91.94,1,1084
1649764580.142438,1,300,45,64.93,32.57,0,1084
1649764580.167435,1,300,41,68.26,35.34,0,1084
1649764580.192433,1,300,46,64.47,33.55,0,1084
1649764580.217430,1,300,42,67.89,34.76,0,1084
1649764580.242427,1,300,48,63.83,35.00,0,1084
1649764580.267425,1,300,78,67.54,115.09,1,1138
1649764580.292422,1,300,80,64.39,40.80,0,1138
1649764580.317420,1,300,76,68.77,38.10,0,1138
1649764580.342417,1,300,58,65.21,37.80,0,1138
1649764580.367414,1,300,47,69.26,38.82,0,1138
1649764580.392411,1,263,32,65.78,38.86,0,1138
1649764580.417409,1,300,41,70.22,94.62,1,1179
1649764580.442406,1,240,30,66.29,33.63,0,1179
1649764580.467403,1,231,29,69.89,30.92,0,1179
1649764580.492401,1,242,34,65.64,28.63,0,1179
1649764580.517398,1,300,36,69.11,35.39,0,1179
1649764580.542395,1,300,41,64.84,36.03,0,1179
1649764580.567393,1,300,45,68.17,124.76,1,1231
1649764580.592390,1,300,41,64.23,41.27,0,1231
1649764580.617387,1,300,43,67.92,37.90,0,1231
1649764580.642385,1,300,50,64.33,38.84,0,1231
1649764580.667382,1,300,48,68.11,36.09,0,1231
1649764580.692379,1,299,52,64.79,40.64,0,1231
1649764580.717376,1,300,52,69.23,94.18,1,1271
1649764580.742374,1,274,48,65.65,34.99,0,1271
1649764580.767371,1,272,47,69.72,32.43,0,1271
1649764580.792368,1,300,52,66.14,35.01,0,1271
1649764580.817366,1,300,49,70.90,36.03,0,1271
1649764580.842363,1,285,60,67.24,35.79,0,1271
1649764580.867360,1,300,65,71.74,124.78,1,1315
1649764580.892358,1,252,74,67.75,35.49,0,1315
1649764580.917355,1,300,81,72.30,33.33,0,1315
1649764580.942352,1,300,95,68.06,33.83,0,1315
1649764580.967350,1,240,104,72.45,30.40,0,1315
1649764580.992347,1,230,112,68.66,26.83,0,1315
1649764581.017344,1,300,134,73.85,116.59,1,1384
1649764581.042342,1,300,137,69.79,33.84,0,1384
1649764581.067339,1,300,148,74.61,32.76,0,1384
1649764581.092332,1,237,143,70.79,30.04,0,1384
1649764581.117330,1,300,150,76.54,30.22,0,1384
1649764581.142327,1,300,151,72.18,33.21,0,1384
1649764581.167324,1,300,160,77.20,100.87,1,1428
1649764581.192322,1,300,171,72.93,32.74,0,1428
1649764581.217319,1,300,185,78.84,32.61,0,1428
1649764581.242316,1,300,168,69.59,33.79,0,1428
1649764581.267314,1,300,200,76.47,33.64,0,1428
1649764581.292311,1,300,190,70.47,32.59,0,1428
1649764581.317308,1,300,219,78.13,104.96,1,1492
1649764581.342305,1,300,210,71.42,33.48,0,1492
1649764581.367303,1,300,199,78.06,31.97,0,1492
1649764581.392300,1,271,181,71.65,30.72,0,1492
1649764581.417297,1,233,170,79.27,28.41,0,1492
1649764581.442295,1,229,170,72.43,26.70,0,1492
1649764581.467292,1,246,181,79.25,122.10,1,1487
1649764581.492289,1,235,174,72.80,27.64,0,1487
1649764581.517287,1,248,184,80.71,27.54,0,1487
1649764581.542284,1,228,172,73.80,26.25,0,1487
1649764581.567281,1,222,167,80.84,25.92,0,1487
1649764581.592278,1,254,192,74.36,27.56,0,1487
1649764581.617276,1,239,186,82.47,99.74,1,1478
1649764581.642273,1,300,195,70.72,31.18,0,1478
1649764581.667270,1,300,214,79.13,32.38,0,1478
1649764581.692267,1,300,203,70.93,33.45,0,1478
1649764581.717265,1,300,218,80.41,33.97,0,1478
1649764581.742262,1,280,205,71.60,31.59,0,1478
1649764581.767260,1,300,224,80.03,107.73,1,1525
1649764581.792257,1,269,203,71.58,31.63,0,1525
1649764581.817254,1,300,224,81.16,32.50,0,1525
1649764581.842251,1,300,205,72.05,34.57,0,1525
1649764581.867249,1,271,212,80.54,30.47,0,1525
1649764581.892246,1,300,215,71.82,32.45,0,1525
1649764581.917243,1,275,201,81.47,107.95,1,1518
1649764581.942240,1,282,197,71.80,31.46,0,1518
1649764581.967238,1,286,205,80.10,31.97,0,1518
1649764581.992235,1,300,197,70.79,31.57,0,1518
1649764582.017233,1,300,197,80.22,32.67,0,1518
1649764582.042230,1,300,199,70.25,32.92,0,1518
1649764582.067227,1,222,163,78.47,133.11,1,1466
1649764582.092224,1,283,169,68.62,29.62,0,1466
1649764582.117222,1,231,155,77.70,29.36,0,1466
1649764582.142219,1,207,145,67.43,25.58,0,1466
1649764582.167216,1,294,155,75.81,29.34,0,1466
1649764582.192214,1,238,143,66.25,29.25,0,1466
1649764582.217211,1,300,145,75.95,88.06,1,1463
1649764582.242208,1,223,130,65.93,28.80,0,1463
1649764582.267206,1,191,118,74.71,24.16,0,1463
1649764582.292203,1,290,123,65.30,27.95,0,1463
1649764582.317200,1,250,118,75.54,30.55,0,1463
1649764582.342197,1,300,127,65.52,31.56,0,1463
1649764582.367195,1,197,118,74.90,108.00,1,1448
1649764582.392192,1,172,109,65.39,23.40,0,1448
1649764582.417189,1,300,125,76.28,29.72,0,1448
1649764582.442187,1,300,117,61.76,36.10,0,1448
1649764582.467184,1,300,120,72.73,35.69,0,1448
1649764582.492181,1,300,128,62.04,35.67,0,1448
1649764582.517179,1,300,129,74.65,103.31,1,1459
1649764582.542176,1,201,125,63.23,30.87,0,1459
1649764582.567173,1,300,140,74.72,32.21,0,1459
1649764582.592170,1,300,146,63.86,34.88,0,1459
1649764582.617168,1,200,140,77.16,29.03,0,1459
1649764582.642165,1,173,133,61.18,110.96,1,1441
1649764582.667162,1,170,135,74.17,22.77,0,1441
1649764582.692159,1,167,128,62.39,22.77,0,1441
1649764582.717157,1,181,141,77.06,22.72,0,1441
1649764582.742154,1,180,135,60.27,23.47,0,1441
1649764582.767152,1,197,148,74.08,24.24,0,1441
1649764582.792149,1,172,137,57.16,83.26,1,1422
1649764582.817146,1,179,137,72.70,22.89,0,1422
1649764582.842144,1,165,128,55.28,23.69,0,1422
1649764582.867141,1,229,156,69.20,26.01,0,1422
1649764582.892138,1,200,144,55.69,25.85,0,1422
1649764582.917135,1,194,146,70.62,24.14,0,1422
1649764582.942132,1,193,142,56.58,82.40,1,1417
1649764582.967130,1,207,152,78.11,26.34,0,1417
1649764582.992127,1,201,150,61.54,25.54,0,1417
1649764583.017125,1,247,168,75.52,28.42,0,1417
1649764583.042122,1,300,200,62.11,33.89,0,1417
1649764583.067119,1,296,208,74.56,36.10,0,1417
1649764583.092117,1,229,191,62.12,115.69,1,1438
1649764583.117114,1,300,216,75.14,34.79,0,1438
1649764583.142111,1,300,226,62.48,36.68,0,1438
1649764583.167108,1,300,218,74.22,37.34,0,1438
1649764583.192106,1,300,235,62.39,37.68,0,1438
1649764583.217103,1,300,232,74.61,37.16,0,1438
1649764583.242100,1,300,226,62.76,98.01,1,1500
1649764583.267098,1,300,232,74.16,36.98,0,1500
1649764583.292095,1,300,225,63.01,36.08,0,1500
1649764583.317092,1,300,233,74.90,37.52,0,1500
1649764583.342089,1,300,221,63.59,36.86,0,1500
1649764583.367087,1,300,232,74.94,37.83,0,1500
1649764583.392084,1,300,221,64.05,162.09,1,1552
1649764583.417081,1,300,220,75.82,37.12,0,1552
1649764583.442078,1,300,230,64.64,36.82,0,1552
1649764583.467076,1,300,228,76.20,37.20,0,1552
1649764583.492073,1,300,221,65.30,36.27,0,1552
1649764583.517071,1,300,219,77.55,38.78,0,1552
1649764583.542068,1,300,224,66.36,105.45,1,1616
1649764583.567065,1,179,161,78.71,106.46,1,1584
1649764583.592062,1,164,147,67.33,24.24,0,1584
1649764583.617059,1,152,131,80.24,22.73,0,1584
1649764583.642057,1,145,131,68.27,21.49,0,1584
1649764583.667054,1,260,170,81.05,28.33,0,1584
1649764583.692051,1,210,160,69.15,30.44,0,1584
1649764583.717049,1,300,188,82.44,103.63,1,1664
1649764583.742046,1,168,130,66.31,94.15,1,1638
1649764583.767044,1,300,200,79.81,33.98,0,1638
1649764583.792041,1,300,189,67.15,38.08,0,1638
1649764583.817038,1,300,173,80.84,37.81,0,1638
1649764583.842036,1,198,150,67.76,32.53,0,1638
1649764583.867033,1,154,123,81.25,24.19,0,1638
1649764583.892030,1,181,138,68.29,95.52,1,1697
1649764583.917027,1,146,114,81.77,24.41,0,1697
1649764583.942024,1,165,129,68.53,23.38,0,1697
1649764583.967022,1,194,133,81.95,25.71,0,1697
1649764583.992019,1,214,146,68.98,27.60,0,1697
1649764584.017017,1,185,128,82.55,26.87,0,1697
1649764584.042014,1,124,109,66.09,94.39,1,1655
1649764584.067011,1,125,102,80.18,20.48,0,1655
1649764584.092008,1,119,100,67.14,18.59,0,1655
1649764584.117006,1,119,98,81.52,19.23,0,1655
1649764584.142003,1,122,103,68.12,20.64,0,1655
1649764584.167000,1,115,96,82.86,19.35,0,1655
1649764584.191998,1,138,106,69.35,90.87,1,1645
1649764584.216995,1,118,97,84.30,20.97,0,1645
1649764584.241992,1,131,114,66.67,21.81,0,1645
1649764584.266989,1,118,97,90.50,22.12,0,1645
1649764584.291987,1,176,136,70.32,25.22,0,1645
1649764584.316984,1,144,117,85.55,24.39,0,1645
1649764584.341981,1,152,127,66.49,96.47,1,1682
1649764584.366979,1,133,104,90.37,23.57,0,1682
1649764584.391976,1,139,111,69.13,22.61,0,1682
1649764584.416973,1,162,126,84.55,24.72,0,1682
1649764584.441971,1,145,124,65.14,25.49,0,1682
1649764584.466968,1,176,127,89.30,24.44,0,1682
1649764584.491965,1,149,128,67.44,142.39,1,1699
1649764584.516963,1,151,123,83.32,22.88,0,1699
1649764584.541960,1,137,118,64.07,23.46,0,1699
1649764584.566957,1,219,118,89.11,25.71,0,1699
1649764584.591954,1,134,118,66.99,25.79,0,1699
1649764584.616951,1,210,129,83.67,25.86,0,1699
1649764584.641949,1,129,114,64.15,97.10,1,1694
1649764584.666946,1,196,109,89.53,25.41,0,1694
1649764584.691944,1,141,111,67.14,24.52,0,1694
1649764584.716941,1,300,128,83.39,28.69,0,1694
1649764584.741938,1,173,126,64.27,29.21,0,1694
1649764584.766936,1,112,95,90.64,22.99,0,1694
1649764584.791933,1,137,107,68.71,94.59,1,1699
1649764584.816930,1,196,119,92.89,25.79,0,1699
1649764584.841928,1,216,132,70.96,29.72,0,1699
1649764584.866925,1,120,106,95.09,25.37,0,1699
1649764584.891922,1,123,103,73.92,20.83,0,1699
1649764584.916919,1,110,93,97.08,19.68,0,1699
1649764584.941917,1,215,129,77.10,93.09,1,1726
1649764584.966914,1,218,114,99.97,31.21,0,1726
1649764584.991911,1,264,173,80.84,33.75,0,1726
1649764585.016909,1,300,165,95.31,38.15,0,1726
1649764585.041906,1,224,155,79.16,35.13,0,1726
1649764585.066903,1,75,41,101.02,94.66,1,1673
1649764585.091900,1,210,122,84.06,24.26,0,1673
1649764585.116898,1,197,101,98.39,27.49,0,1673
1649764585.141895,1,230,110,82.75,29.41,0,1673
1649764585.166892,1,84,69,97.69,23.40,0,1673
1649764585.191890,1,112,80,82.11,19.21,0,1673
1649764585.216887,1,118,53,104.99,95.01,1,1648
1649764585.241884,1,127,76,87.34,21.01,0,1648
1649764585.266881,1,160,92,102.94,24.36,0,1648
1649764585.291879,1,141,90,85.58,26.24,0,1648
1649764585.316876,1,188,106,101.69,25.72,0,1648
1649764585.341873,1,140,91,84.28,26.02,0,1648
1649764585.366871,1,117,69,109.69,77.51,1,1643
1649764585.391868,1,129,77,89.27,22.12,0,1643
1649764585.416865,1,247,107,105.69,28.95,0,1643
1649764585.441863,1,146,92,84.23,26.85,0,1643
1649764585.466860,1,232,128,92.82,28.42,0,1643
1649764585.491857,1,146,108,72.10,25.42,0,1643
1649764585.516855,1,138,98,84.73,86.08,1,1613
1649764585.541852,1,146,103,67.10,21.66,0,1613
1649764585.566849,1,136,95,78.89,21.73,0,1613
1649764585.591846,1,133,106,65.45,21.26,0,1613
1649764585.616844,1,142,99,76.91,21.12,0,1613
1649764585.641841,1,127,99,63.88,20.61,0,1613
1649764585.666838,1,140,100,75.23,92.45,1,1622
1649764585.691836,1,133,101,61.58,21.59,0,1622
1649764585.716833,1,150,95,72.01,21.68,0,1622
1649764585.741830,1,139,95,58.62,21.13,0,1622
1649764585.766828,1,159,95,78.80,23.56,0,1622
1649764585.791825,1,124,74,63.08,20.87,0,1622
1649764585.816822,1,124,79,82.74,112.44,1,1630
1649764585.841819,1,133,75,66.14,20.83,0,1630
1649764585.866817,1,118,65,77.86,21.59,0,1630
1649764585.891814,1,100,51,61.41,18.13,0,1630
1649764585.916811,1,121,65,71.48,20.42,0,1630
1649764585.941809,1,93,58,55.97,17.94,0,1630
1649764585.966806,1,90,45,64.97,90.60,1,1594
1649764585.991803,1,90,45,50.39,17.08,0,1594
1649764586.016800,1,69,23,66.86,15.07,0,1594
1649764586.041798,1,88,36,52.46,18.65,0,1594
1649764586.066795,1,300,71,59.94,28.33,0,1594
1649764586.091792,1,107,51,47.42,29.24,0,1594
1649764586.116790,1,300,81,63.60,100.60,1,1621
1649764586.141787,1,300,104,52.59,38.09,0,1621
1649764586.166784,1,300,95,66.93,34.79,0,1621
1649764586.191782,1,236,93,57.86,31.82,0,1621
1649764586.216779,1,207,86,64.86,26.67,0,1621
1649764586.241776,1,170,84,57.08,108.87,1,1662
1649764586.266773,1,300,106,63.95,30.72,0,1662
1649764586.291771,1,230,107,56.78,31.75,0,1662
1649764586.316768,1,248,105,69.80,28.73,0,1662
1649764586.341765,1,209,94,63.95,26.64,0,1662
1649764586.366763,1,300,122,69.35,30.50,0,1662
1649764586.391760,1,226,108,63.76,119.99,1,1693
1649764586.416757,1,210,100,68.97,26.39,0,1693
1649764586.441755,1,193,101,63.51,24.45,0,1693
1649764586.466752,1,191,99,68.37,23.55,0,1693
1649764586.491749,1,202,98,62.98,23.68,0,1693
1649764586.516747,1,186,92,67.77,23.13,0,1693
1649764586.541744,1,181,96,62.96,112.21,1,1688
1649764586.566741,1,186,93,67.95,22.78,0,1688
1649764586.591738,1,183,97,63.42,24.55,0,1688
1649764586.616736,1,176,93,68.31,22.68,0,1688
1649764586.641733,1,170,96,64.07,22.72,0,1688
1649764586.666730,1,170,88,69.02,21.63,0,1688
1649764586.691728,1,166,97,64.83,94.39,1,1652
1649764586.716725,1,168,86,69.46,21.87,0,1652
1649764586.741722,1,300,123,65.42,28.82,0,1652
1649764586.766720,1,300,131,69.82,33.34,0,1652
1649764586.791717,1,300,134,65.82,32.11,0,1652
1649764586.816714,1,300,137,69.92,33.30,0,1652
1649764586.841711,1,300,151,66.15,127.97,1,1696
1649764586.866709,1,300,136,70.23,33.50,0,1696
1649764586.891706,1,300,136,66.72,32.31,0,1696
1649764586.916703,1,300,134,70.59,32.43,0,1696
1649764586.941701,1,300,141,67.21,32.73,0,1696
1649764586.966698,1,300,147,70.70,32.48,0,1696
1649764586.991695,1,300,155,67.34,119.58,1,1708
1649764587.016692,1,300,143,70.60,32.09,0,1708
1649764587.041690,1,300,148,67.32,31.23,0,1708
1649764587.066687,1,286,143,69.90,30.84,0,1708
1649764587.091684,1,300,146,66.11,32.24,0,1708
1649764587.116682,1,300,147,68.14,32.07,0,1708
1649764587.141679,1,274,152,64.76,113.92,1,1693
1649764587.166676,1,276,151,67.21,29.89,0,1693
1649764587.191674,1,300,164,64.86,32.20,0,1693
1649764587.216671,1,273,147,67.73,30.63,0,1693
1649764587.241668,1,300,154,65.87,30.97,0,1693
1649764587.266665,1,300,143,68.55,31.63,0,1693
1649764587.291663,1,300,139,66.81,104.01,1,1648
1649764587.316660,1,300,142,69.20,31.68,0,1648
1649764587.341657,1,300,144,67.45,31.19,0,1648
1649764587.366655,1,300,140,69.51,32.36,0,1648
1649764587.391652,1,300,132,67.92,31.21,0,1648
1649764587.416649,1,300,130,70.07,32.16,0,1648
1649764587.441647,1,300,120,68.82,105.43,1,1579
1649764587.466644,1,300,119,70.91,30.86,0,1579
1649764587.491641,1,300,116,69.63,30.30,0,1579
1649764587.516639,1,300,115,71.50,30.46,0,1579
1649764587.541636,1,300,121,70.15,30.79,0,1579
1649764587.566633,1,300,125,71.80,31.04,0,1579
1649764587.591630,1,275,130,70.49,115.66,1,1545
1649764587.616628,1,267,126,72.23,28.89,0,1545
1649764587.641625,1,300,124,71.03,31.13,0,1545
1649764587.666622,1,300,130,72.23,31.55,0,1545
1649764587.691620,1,300,129,70.46,31.39,0,1545
1649764587.716617,1,279,142,71.50,31.88,0,1545
1649764587.741614,1,300,140,70.10,111.46,1,1456
1649764587.766611,1,300,142,71.58,31.62,0,1456
1649764587.791609,1,271,140,70.62,29.78,0,1456
1649764587.816606,1,300,153,72.35,30.95,0,1456
1649764587.841603,1,300,145,71.44,31.17,0,1456
1649764587.866601,1,261,136,73.03,29.59,0,1456
1649764587.891598,1,300,140,72.03,102.24,1,1414
1649764587.916595,1,275,145,73.82,30.93,0,1414
1649764587.941593,1,279,149,73.00,28.96,0,1414
1649764587.966590,1,268,146,74.87,30.51,0,1414
1649764587.991587,1,300,146,74.08,30.06,0,1414
1649764588.016584,1,272,143,76.05,30.03,0,1414
1649764588.041582,1,300,150,75.08,104.40,1,1433
1649764588.066579,1,300,145,76.79,32.03,0,1433
1649764588.091576,1,289,149,71.98,31.57,0,1433
1649764588.116574,1,300,151,73.93,30.61,0,1433
1649764588.141571,1,295,148,72.55,31.64,0,1433
1649764588.166568,1,300,151,74.18,32.97,0,1433
1649764588.191566,1,300,153,72.27,108.63,1,1413
1649764588.216563,1,300,148,73.08,31.73,0,1413
1649764588.241560,1,300,142,70.79,31.17,0,1413
1649764588.266557,1,300,148,71.88,31.04,0,1413
1649764588.291555,1,300,143,70.94,33.09,0,1413
1649764588.316552,1,300,134,73.54,31.22,0,1413
1649764588.341549,1,300,134,73.48,121.37,1,1431
1649764588.366547,1,300,137,75.96,31.75,0,1431
1649764588.391544,1,300,130,75.52,30.96,0,1431
1649764588.416541,1,300,131,77.75,31.07,0,1431
1649764588.441539,1,300,130,77.13,31.17,0,1431
1649764588.466536,1,300,136,79.00,31.40,0,1431
1649764588.491533,1,287,129,78.16,123.41,1,1441
1649764588.516531,1,282,121,79.90,30.70,0,1441
1649764588.541528,1,278,117,78.98,29.11,0,1441
1649764588.566525,1,248,106,80.62,27.96,0,1441
1649764588.591522,1,220,103,79.66,25.40,0,1441
1649764588.616520,1,219,104,81.36,23.89,0,1441
1649764588.641517,1,215,102,80.40,109.39,1,1387
1649764588.666514,1,212,107,82.00,24.93,0,1387
1649764588.691512,1,211,98,80.93,23.81,0,1387
1649764588.716509,1,241,109,82.51,26.03,0,1387
1649764588.741506,1,300,124,81.09,30.34,0,1387
1649764588.766503,1,278,125,82.01,30.97,0,1387
1649764588.791501,1,265,116,80.04,116.28,1,1344
1649764588.816498,1,217,109,81.13,29.31,0,1344
1649764588.841495,1,194,101,79.47,24.87,0,1344
1649764588.866493,1,185,101,80.90,22.92,0,1344
1649764588.891490,1,179,101,79.39,22.94,0,1344
1649764588.916487,1,178,104,81.21,22.54,0,1344
1649764588.941484,1,173,103,79.88,99.26,1,1313
1649764588.966482,1,231,118,81.98,26.43,0,1313
1649764588.991479,1,222,125,80.68,27.11,0,1313
1649764589.016476,1,197,114,82.98,24.84,0,1313
1649764589.041474,1,185,113,77.92,23.08,0,1313
1649764589.066471,1,300,127,80.30,29.11,0,1313
1649764589.091468,1,300,128,78.73,109.97,1,1301
1649764589.116466,1,300,140,81.51,33.11,0,1301
1649764589.141463,1,300,130,76.33,32.57,0,1301
1649764589.166460,1,300,134,79.13,31.14,0,1301
1649764589.191458,1,300,136,77.32,31.63,0,1301
1649764589.216455,1,300,133,80.06,31.88,0,1301
1649764589.241452,1,300,132,78.02,125.76,1,1230
1649764589.266449,1,300,129,80.47,32.45,0,1230
1649764589.291447,1,300,135,78.59,31.97,0,1230
1649764589.316444,1,300,130,81.42,32.36,0,1230
1649764589.341441,1,267,127,80.00,31.32,0,1230
1649764589.366439,1,300,133,83.02,30.23,0,1230
1649764589.391436,1,300,122,81.82,93.38,1,1250
1649764589.416433,1,296,131,84.90,30.10,0,1250
1649764589.441431,1,300,127,83.69,30.47,0,1250
1649764589.466428,1,300,131,86.63,30.02,0,1250
1649764589.491425,1,300,133,85.45,30.02,0,1250
1649764589.516423,1,300,129,88.42,29.94,0,1250
1649764589.541420,1,300,126,87.27,138.75,1,1272
1649764589.566417,1,300,128,90.08,30.47,0,1272
1649764589.591414,1,300,130,88.88,30.03,0,1272
1649764589.616412,1,300,123,91.54,30.20,0,1272
1649764589.641409,1,300,122,90.00,31.10,0,1272
1649764589.666406,1,300,117,92.27,30.42,0,1272
1649764589.691404,1,300,126,90.11,139.65,1,1243
1649764589.716401,1,300,123,91.80,31.24,0,1243
1649764589.741398,1,300,133,88.69,31.70,0,1243
1649764589.766395,1,300,135,89.63,31.47,0,1243
1649764589.791393,1,300,125,85.95,32.28,0,1243
1649764589.816390,1,300,133,86.70,32.97,0,1243
1649764589.841387,1,300,131,82.58,143.52,1,1230
1649764589.866385,1,300,127,83.16,33.02,0,1230
1649764589.891382,1,300,121,79.02,32.30,0,1230
1649764589.916379,1,300,114,80.14,33.07,0,1230
1649764589.941376,1,300,123,76.23,33.33,0,1230
1649764589.966374,1,300,121,77.81,34.09,0,1230
1649764589.991371,1,300,121,73.97,100.60,1,1228
1649764590.016368,1,300,120,76.11,33.92,0,1228
1649764590.041366,1,300,121,72.27,31.85,0,1228
1649764590.066363,1,300,120,74.56,33.55,0,1228
1649764590.091360,1,300,114,70.65,32.01,0,1228
1649764590.116358,1,300,115,73.27,32.96,0,1228
1649764590.141355,1,300,117,69.29,123.71,1,1241
1649764590.166352,1,300,116,72.08,33.79,0,1241
1649764590.191350,1,300,127,68.20,32.26,0,1241
1649764590.216347,1,300,111,71.43,31.87,0,1241
1649764590.241344,1,300,115,67.68,31.17,0,1241
1649764590.266341,1,300,128,71.01,33.04,0,1241
1649764590.291339,1,300,122,67.38,137.23,1,1200
1649764590.316336,1,300,128,70.76,32.19,0,1200
1649764590.341333,1,300,130,67.12,32.78,0,1200
1649764590.366331,1,300,130,70.35,30.97,0,1200
1649764590.391328,1,300,131,67.10,33.80,0,1200
1649764590.416325,1,300,130,70.77,31.06,0,1200
1649764590.441323,1,300,128,68.02,125.38,1,1170
1649764590.466320,1,300,138,71.60,32.96,0,1170
1649764590.491317,1,300,145,69.01,32.51,0,1170
1649764590.516314,1,300,158,72.52,31.46,0,1170
1649764590.541312,1,300,150,69.88,31.17,0,1170
1649764590.566309,1,300,166,80.23,33.23,0,1170
1649764590.591306,1,300,153,77.92,96.64,1,1161
1649764590.616304,1,300,158,80.68,31.54,0,1161
1649764590.641301,1,300,159,78.28,30.36,0,1161
1649764590.666298,1,300,164,80.79,30.80,0,1161
1649764590.691295,1,300,157,78.35,29.88,0,1161
1649764590.716293,1,300,162,80.80,31.09,0,1161
1649764590.741290,1,300,170,78.20,91.09,1,1221
1649764590.766287,1,300,166,80.46,31.81,0,1221
1649764590.791285,1,300,170,77.86,31.59,0,1221
1649764590.816282,1,272,165,80.37,30.01,0,1221
1649764590.841280,1,264,159,77.58,28.29,0,1221
1649764590.866277,1,300,166,79.84,30.38,0,1221
1649764590.891274,1,277,154,76.70,132.58,1,1240
1649764590.916271,1,300,155,78.82,32.19,0,1240
1649764590.941268,1,300,154,75.45,32.32,0,1240
1649764590.966266,1,247,144,77.68,29.44,0,1240
1649764590.991263,1,247,150,74.46,27.49,0,1240
1649764591.016260,1,300,168,77.17,30.62,0,1240
1649764591.041258,1,300,161,74.02,88.47,1,1188
1649764591.066255,1,251,147,76.85,29.94,0,1188
1649764591.091253,1,300,160,73.77,29.66,0,1188
1649764591.116250,1,300,166,76.88,31.16,0,1188
1649764591.141247,1,300,159,73.76,31.51,0,1188
1649764591.166244,1,300,151,76.96,31.81,0,1188
1649764591.191242,1,300,153,73.83,87.91,1,1192
1649764591.216239,1,300,152,77.15,31.89,0,1192
1649764591.241236,1,300,152,73.87,30.94,0,1192
1649764591.266234,1,300,151,77.08,31.47,0,1192
1649764591.291231,1,300,153,73.75,31.28,0,1192
1649764591.316228,1,300,158,77.09,31.78,0,1192
1649764591.341225,1,274,147,73.57,101.13,1,1190
1649764591.366223,1,300,147,76.56,30.80,0,1190
1649764591.391220,1,300,152,72.75,31.74,0,1190
1649764591.416217,1,300,147,75.45,31.40,0,1190
1649764591.441215,1,287,145,71.44,30.86,0,1190
1649764591.466212,1,300,146,73.83,30.27,0,1190
1649764591.491209,1,300,157,69.88,132.55,1,1182
1649764591.516207,1,299,157,72.36,31.42,0,1182
1649764591.541204,1,248,144,68.66,28.75,0,1182
1649764591.566201,1,281,160,71.24,28.08,0,1182
1649764591.591198,1,266,158,67.78,29.04,0,1182
1649764591.616196,1,251,160,70.46,27.94,0,1182
1649764591.641193,1,245,149,66.98,85.71,1,1161
1649764591.666190,1,300,172,75.69,30.60,0,1161
1649764591.691187,1,300,164,72.86,30.96,0,1161
1649764591.716185,1,300,172,74.59,31.11,0,1161
1649764591.741182,1,300,174,71.78,30.98,0,1161
1649764591.766180,1,300,166,73.50,31.45,0,1161
1649764591.791177,1,300,143,70.91,152.66,1,1153
1649764591.816174,1,300,153,72.86,32.29,0,1153
1649764591.841172,1,300,147,70.17,30.80,0,1153
1649764591.866168,1,300,144,77.17,30.80,0,1153
1649764591.891166,1,300,157,75.33,30.73,0,1153
1649764591.916163,1,300,165,76.63,30.98,0,1153
1649764591.941160,1,300,167,75.34,160.21,1,1175
1649764591.966158,1,300,156,77.16,31.32,0,1175
1649764591.991155,1,300,156,76.23,30.29,0,1175
1649764592.016153,1,288,148,78.05,29.34,0,1175
1649764592.041150,1,274,153,76.64,29.54,0,1175
1649764592.066147,1,300,151,78.29,30.41,0,1175
1649764592.091146,1,300,152,77.22,145.54,1,1159
1649764592.116144,1,300,151,79.42,34.19,0,1159
1649764592.141141,1,300,148,78.42,33.80,0,1159
1649764592.166138,1,300,139,80.55,31.46,0,1159
1649764592.191136,1,300,129,79.54,30.17,0,1159
1649764592.216133,1,300,133,81.76,30.15,0,1159
1649764592.241130,1,300,139,80.56,168.14,1,1174
1649764592.266128,1,300,126,82.59,31.04,0,1174
1649764592.291125,1,300,126,81.42,31.86,0,1174
1649764592.316122,1,300,127,83.58,30.13,0,1174
1649764592.341120,1,292,116,82.49,28.87,0,1174
1649764592.366117,1,262,116,84.73,28.16,0,1174
1649764592.391114,1,241,117,83.67,122.28,1,1168
1649764592.416111,1,300,122,85.85,28.65,0,1168
1649764592.441109,1,300,133,84.41,30.64,0,1168
1649764592.466106,1,300,126,86.07,29.85,0,1168
1649764592.491103,1,300,137,84.18,29.91,0,1168
1649764592.516101,1,300,125,85.38,29.81,0,1168
1649764592.541098,1,300,131,82.89,106.74,1,1163
1649764592.566095,1,300,133,83.57,31.02,0,1163
1649764592.591093,1,300,141,81.14,31.16,0,1163
1649764592.616090,1,300,128,81.88,31.08,0,1163
1649764592.641087,1,300,149,79.34,32.16,0,1163
1649764592.666084,1,300,144,80.00,31.21,0,1163
1649764592.691082,1,300,155,77.89,142.99,1,1189
1649764592.716079,1,298,146,79.06,31.71,0,1189
1649764592.741076,1,275,149,77.42,29.59,0,1189
1649764592.766074,1,262,141,78.89,29.01,0,1189
1649764592.791071,1,245,146,77.63,28.83,0,1189
1649764592.816068,1,242,134,79.13,27.30,0,1189
1649764592.841065,1,237,128,77.76,126.93,1,1198
1649764592.866063,1,235,131,79.12,26.34,0,1198
1649764592.891060,1,226,126,77.84,25.71,0,1198
1649764592.916057,1,223,130,79.30,24.65,0,1198
1649764592.941055,1,218,126,78.05,24.56,0,1198
1649764592.966052,1,196,121,84.03,24.47,0,1198
1649764592.991049,1,201,126,84.07,138.49,1,1185
1649764593.016047,1,219,142,85.10,25.33,0,1185
1649764593.041044,1,300,170,85.32,29.92,0,1185
1649764593.066041,1,300,166,86.59,31.40,0,1185
1649764593.091038,1,300,166,87.35,31.76,0,1185
1649764593.116036,1,300,160,89.13,31.85,0,1185
1649764593.141033,1,300,160,89.99,150.75,1,1223
1649764593.166030,1,300,158,91.72,33.86,0,1223
1649764593.191028,1,300,150,92.72,32.76,0,1223
1649764593.216025,1,232,116,94.81,30.46,0,1223
1649764593.241022,1,300,118,91.74,32.47,0,1223
1649764593.266020,1,300,101,94.67,35.25,0,1223
1649764593.291017,1,172,73,90.23,130.31,1,1208
1649764593.316014,1,234,76,93.95,25.87,0,1208
1649764593.341012,1,300,88,87.97,32.15,0,1208
1649764593.366009,1,184,76,92.13,30.05,0,1208
1649764593.391006,1,125,45,85.70,21.29,0,1208
1649764593.416003,1,114,42,90.25,17.80,0,1208
1649764593.441001,1,108,39,82.63,123.11,1,1183
1649764593.465998,1,103,34,87.16,16.77,0,1183
1649764593.490995,1,91,28,79.30,15.68,0,1183
1649764593.515993,1,71,25,83.86,15.62,0,1183
1649764593.540990,1,293,74,80.09,27.79,0,1183
1649764593.565987,1,171,55,84.66,27.78,0,1183
1649764593.590984,1,300,80,81.01,121.75,1,1176
1649764593.615982,1,185,58,85.94,30.30,0,1176
1649764593.640979,1,300,76,77.53,35.71,0,1176
1649764593.665976,1,179,39,82.37,100.47,1,1186
1649764593.690974,1,104,27,78.09,97.52,1,1229
1649764593.715971,1,94,25,82.70,17.36,0,1229
1649764593.740968,1,76,22,73.36,16.12,0,1229
1649764593.765965,1,300,47,77.58,29.06,0,1229
1649764593.790963,1,300,62,72.32,36.65,0,1229
1649764593.815960,1,300,46,76.23,36.13,0,1229
1649764593.840957,1,300,54,70.47,109.32,1,1270
1649764593.865955,1,300,48,73.91,36.39,0,1270
1649764593.890952,1,300,79,67.99,33.77,0,1270
1649764593.915949,1,300,62,71.18,38.42,0,1270
1649764593.940947,1,300,104,65.28,37.63,0,1270
1649764593.965944,1,300,89,68.38,39.55,0,1270
1649764593.990941,1,300,97,62.86,118.32,1,1344
1649764594.015939,1,300,73,66.02,38.32,0,1344
1649764594.040936,1,300,83,60.75,38.01,0,1344
1649764594.065933,1,300,68,63.90,39.73,0,1344
1649764594.090930,1,300,81,59.00,39.75,0,1344
1649764594.115928,1,300,59,62.27,41.79,0,1344
1649764594.140925,1,300,71,57.71,144.05,1,1380
1649764594.165922,1,300,65,61.05,40.04,0,1380
1649764594.190920,1,300,71,56.80,39.12,0,1380
1649764594.215917,1,300,53,60.25,39.96,0,1380
1649764594.240914,1,300,61,56.08,38.02,0,1380
1649764594.265912,1,300,36,59.35,38.83,0,1380
1649764594.290909,1,300,51,55.33,141.70,1,1394
1649764594.315906,1,300,42,58.66,39.36,0,1394
1649764594.340904,1,300,47,54.79,39.41,0,1394
1649764594.365901,1,300,40,58.19,36.55,0,1394
1649764594.390898,1,300,50,54.69,39.01,0,1394
1649764594.415895,1,300,37,58.29,37.95,0,1394
1649764594.440893,1,300,53,54.96,122.83,1,1406
1649764594.465890,1,300,38,58.66,38.51,0,1406
1649764594.490887,1,300,58,55.52,37.13,0,1406
1649764594.515885,1,300,40,59.35,39.71,0,1406
1649764594.540882,1,300,52,56.11,37.97,0,1406
1649764594.565879,1,300,40,59.70,36.94,0,1406
1649764594.590876,1,300,52,56.27,92.76,1,1436
1649764594.615874,1,300,38,59.53,36.25,0,1436
1649764594.640871,1,300,56,55.87,37.95,0,1436
1649764594.665869,1,300,40,58.84,37.29,0,1436
1649764594.690866,1,300,53,55.33,38.80,0,1436
1649764594.715863,1,300,38,58.40,37.91,0,1436
1649764594.740860,1,300,54,55.14,126.47,1,1453
1649764594.765857,1,300,36,58.32,41.51,0,1453
1649764594.790855,1,300,51,55.38,37.50,0,1453
1649764594.815852,1,300,43,58.64,37.21,0,1453
1649764594.840849,1,300,53,55.60,37.14,0,1453
1649764594.865847,1,300,44,58.65,38.92,0,1453
1649764594.890844,1,300,44,55.62,105.31,1,1420
1649764594.915842,1,300,43,58.56,36.63,0,1420
1649764594.940839,1,300,47,55.50,35.67,0,1420
1649764594.965836,1,300,34,58.32,36.39,0,1420
1649764594.990833,1,300,53,55.44,36.44,0,1420
1649764595.015831,1,300,41,58.25,35.62,0,1420
1649764595.040828,1,300,50,55.35,127.11,1,1434
1649764595.065825,1,300,41,57.97,35.84,0,1434
1649764595.090822,1,300,49,55.19,36.37,0,1434
1649764595.115820,1,300,36,57.79,35.57,0,1434
1649764595.140817,1,300,49,55.04,36.49,0,1434
1649764595.165815,1,300,30,57.53,35.55,0,1434
1649764595.190812,1,300,45,54.92,108.19,1,1446
1649764595.215809,1,300,37,57.41,36.23,0,1446
1649764595.240806,1,300,40,54.86,35.70,0,1446
1649764595.265804,1,300,34,57.27,35.24,0,1446
1649764595.290801,1,300,49,54.90,35.20,0,1446
1649764595.315798,1,300,30,57.27,35.30,0,1446
1649764595.340795,1,300,46,54.89,113.63,1,1428
1649764595.365793,1,300,37,57.10,34.95,0,1428
1649764595.390790,1,300,49,54.83,34.59,0,1428
1649764595.415787,1,300,35,57.03,34.39,0,1428
1649764595.440785,1,300,55,54.85,35.79,0,1428
1649764595.465782,1,300,42,56.95,36.61,0,1428
1649764595.490779,1,300,51,54.98,133.51,1,1425
1649764595.515776,1,300,38,57.08,34.75,0,1425
1649764595.540774,1,300,49,55.13,35.28,0,1425
1649764595.565771,1,300,36,57.09,33.88,0,1425
1649764595.590769,1,300,44,55.29,35.83,0,1425
1649764595.615766,1,300,41,57.17,34.56,0,1425
1649764595.640763,1,300,49,55.35,104.25,1,1431
1649764595.665761,1,300,39,57.10,34.05,0,1431
1649764595.690758,1,300,50,55.46,33.67,0,1431
1649764595.715755,1,300,44,57.17,33.12,0,1431
1649764595.740752,1,300,48,55.52,33.37,0,1431
1649764595.765749,1,300,46,57.09,33.49,0,1431
1649764595.790747,1,300,45,55.61,103.61,1,1423
1649764595.815744,1,300,39,57.14,32.77,0,1423
1649764595.840742,1,300,47,55.69,33.06,0,1423
1649764595.865739,1,300,43,57.08,33.15,0,1423
1649764595.890736,1,300,44,55.81,32.91,0,1423
1649764595.915734,1,300,38,57.14,32.37,0,1423
1649764595.940731,1,300,43,55.87,106.52,1,1443
1649764595.965728,1,300,42,57.05,32.56,0,1443
1649764595.990725,1,300,43,55.96,31.61,0,1443
1649764596.015723,1,300,41,57.10,31.28,0,1443
1649764596.040720,1,300,49,56.02,31.82,0,1443
1649764596.065717,1,300,42,57.02,31.20,0,1443
1649764596.090715,1,300,47,56.12,152.04,1,1407
1649764596.115713,1,300,41,57.06,31.54,0,1407
1649764596.140710,1,300,42,56.20,31.77,0,1407
1649764596.165707,1,300,43,57.01,31.27,0,1407
1649764596.190705,1,300,45,56.30,32.00,0,1407
1649764596.215702,1,300,44,57.09,31.19,0,1407
1649764596.240699,1,300,49,56.42,103.11,1,1387
1649764596.265697,1,300,43,57.08,31.51,0,1387
1649764596.290694,1,300,46,56.60,30.60,0,1387
1649764596.315691,1,300,44,57.17,30.48,0,1387
1649764596.340688,1,300,45,56.71,30.98,0,1387
1649764596.365686,1,300,41,57.12,30.31,0,1387
1649764596.390683,1,300,43,56.85,104.89,1,1360
1649764596.415680,1,300,50,57.20,31.00,0,1360
1649764596.440677,1,300,50,56.95,31.07,0,1360
1649764596.465675,1,300,45,57.15,30.37,0,1360
1649764596.490672,1,300,54,57.09,30.40,0,1360
1649764596.515670,1,300,49,57.24,30.37,0,1360
1649764596.540667,1,300,44,57.18,104.28,1,1320
1649764596.565664,1,300,50,57.18,30.90,0,1320
1649764596.590661,1,300,53,57.36,32.69,0,1320
1649764596.615659,1,300,46,57.39,30.67,0,1320
1649764596.640656,1,300,43,57.71,31.08,0,1320
1649764596.665653,1,300,50,57.69,31.32,0,1320
1649764596.690650,1,300,54,58.26,105.10,1,1321
1649764596.715648,1,300,60,58.08,32.17,0,1321
1649764596.740645,1,300,47,58.38,31.56,0,1321
1649764596.765642,1,300,50,57.97,31.19,0,1321
1649764596.790640,1,300,54,58.48,30.96,0,1321
1649764596.815637,1,300,46,57.96,30.06,0,1321
1649764596.840634,1,300,51,58.50,134.82,1,1278
1649764596.865632,1,300,44,57.85,31.23,0,1278
1649764596.890629,1,300,54,58.57,32.51,0,1278
1649764596.915626,1,300,49,57.85,32.70,0,1278
1649764596.940623,1,300,51,58.61,30.89,0,1278
1649764596.965621,1,300,51,57.76,31.15,0,1278
1649764596.990618,1,300,47,58.70,167.67,1,1236
1649764597.015615,1,300,52,57.79,31.37,0,1236
1649764597.040613,1,300,48,58.73,31.88,0,1236
1649764597.065610,1,300,56,57.67,31.54,0,1236
1649764597.090607,1,300,45,58.80,31.98,0,1236
1649764597.115604,1,300,53,57.67,31.68,0,1236
1649764597.140602,1,300,53,58.81,110.02,1,1222
1649764597.165599,1,300,52,57.54,32.47,0,1222
1649764597.190596,1,300,50,58.85,32.05,0,1222
1649764597.215594,1,300,46,57.53,32.80,0,1222
1649764597.240591,1,300,59,58.85,33.42,0,1222
1649764597.265589,1,300,43,57.43,32.13,0,1222
1649764597.290586,1,300,50,58.95,115.17,1,1215
1649764597.315583,1,300,52,57.48,33.31,0,1215
1649764597.340580,1,300,48,59.00,32.68,0,1215
1649764597.365577,1,300,61,57.41,32.84,0,1215
1649764597.390575,1,300,52,59.07,33.63,0,1215
1649764597.415572,1,300,56,57.39,35.14,0,1215
1649764597.440569,1,300,52,59.03,135.75,1,1170
1649764597.465567,1,300,59,57.23,34.49,0,1170
1649764597.490564,1,300,53,59.02,34.69,0,1170
1649764597.515562,1,300,56,57.15,34.57,0,1170
1649764597.540559,1,300,48,58.92,33.90,0,1170
1649764597.565556,1,300,57,56.95,34.68,0,1170
1649764597.590553,1,300,45,58.87,130.67,1,1127
1649764597.615551,1,300,58,56.83,34.40,0,1127
1649764597.640548,1,300,50,58.72,34.75,0,1127
1649764597.665545,1,300,56,56.58,35.43,0,1127
1649764597.690542,1,300,59,58.59,37.03,0,1127
1649764597.715540,1,300,57,56.40,34.91,0,1127
1649764597.740537,1,300,49,58.43,120.96,1,1145
1649764597.765534,1,300,60,56.21,36.10,0,1145
1649764597.790532,1,300,50,58.47,36.54,0,1145
1649764597.815529,1,300,52,56.25,35.00,0,1145
1649764597.840526,1,300,49,58.55,35.09,0,1145
1649764597.865523,1,300,54,56.30,35.62,0,1145
1649764597.890521,1,300,52,58.75,116.78,1,1044
1649764597.915518,1,300,58,56.47,36.74,0,1044
1649764597.940515,1,300,50,58.94,35.88,0,1044
1649764597.965513,1,300,57,56.57,37.58,0,1044
1649764597.990510,1,300,44,59.16,36.23,0,1044
1649764598.015507,1,300,57,56.73,35.60,0,1044
1649764598.040505,1,300,44,59.27,131.59,1,1002
1649764598.065502,1,300,49,56.74,37.14,0,1002
1649764598.090499,1,300,39,59.39,36.86,0,1002
1649764598.115496,1,300,49,56.74,37.59,0,1002
1649764598.140494,1,300,40,59.40,38.30,0,1002
1649764598.165491,1,300,52,56.70,38.52,0,1002
1649764598.190488,1,300,43,59.46,113.70,1,938
1649764598.215486,1,300,60,56.70,37.01,0,938
1649764598.240483,1,300,44,59.45,36.42,0,938
1649764598.265480,1,300,59,56.64,37.43,0,938
1649764598.290478,1,300,45,59.54,37.86,0,938
1649764598.315475,1,300,58,56.66,37.13,0,938
1649764598.340472,1,300,46,59.56,106.68,1,890
1649764598.365469,1,300,52,56.61,36.73,0,890
1649764598.390466,1,300,46,59.63,36.98,0,890
1649764598.415464,1,300,57,56.63,38.95,0,890
1649764598.440461,1,300,45,59.66,38.09,0,890
1649764598.465458,1,300,53,56.60,38.92,0,890
1649764598.490456,1,300,47,59.77,105.20,1,868
1649764598.515453,1,300,67,56.64,39.53,0,868
1649764598.540451,1,300,43,59.80,38.17,0,868
1649764598.565448,1,300,51,56.61,40.65,0,868
1649764598.590445,1,300,43,59.88,37.14,0,868
1649764598.615443,1,300,61,56.63,40.05,0,868
1649764598.640440,1,300,41,59.90,103.80,1,836
1649764598.665437,1,300,60,56.60,38.71,0,836
1649764598.690434,1,300,37,59.94,36.78,0,836
1649764598.715431,1,300,58,56.61,38.36,0,836
1649764598.740429,1,300,43,59.92,38.29,0,836
1649764598.765426,1,300,57,56.53,38.22,0,836
1649764598.790424,1,300,44,59.95,101.52,1,831
1649764598.815421,1,300,59,56.53,40.71,0,831
1649764598.840418,1,300,47,59.92,37.72,0,831
1649764598.865415,1,300,62,56.46,40.21,0,831
1649764598.890413,1,300,46,59.95,39.87,0,831
1649764598.915410,1,300,57,56.48,39.04,0,831
1649764598.940407,1,300,48,59.96,121.66,1,796
1649764598.965405,1,300,62,56.43,38.77,0,796
1649764598.990402,1,300,35,60.02,37.32,0,796
1649764599.015399,1,300,61,56.47,37.21,0,796
1649764599.040396,1,300,38,60.01,38.88,0,796
1649764599.065394,1,300,59,56.43,38.36,0,796
1649764599.090391,1,300,43,60.09,143.67,1,758
1649764599.115388,1,300,62,56.48,41.33,0,758
1649764599.140386,1,300,41,60.11,39.85,0,758
1649764599.165383,1,300,63,56.48,40.56,0,758
1649764599.190380,1,300,37,60.24,37.63,0,758
1649764599.215377,1,300,57,56.55,36.94,0,758
1649764599.240375,1,300,42,60.28,93.85,1,743
1649764599.265372,1,300,55,56.55,39.91,0,743
1649764599.290369,1,300,43,60.34,39.06,0,743
1649764599.315367,1,300,62,56.55,42.28,0,743
1649764599.340364,1,300,49,60.29,39.78,0,743
1649764599.365361,1,300,58,56.51,43.78,0,743
1649764599.390358,1,300,44,60.29,107.30,1,739
1649764599.415356,1,300,60,56.50,39.94,0,739
1649764599.440353,1,300,47,60.25,37.94,0,739
1649764599.465350,1,300,63,56.47,38.00,0,739
1649764599.490348,1,300,38,60.33,36.94,0,739
1649764599.515345,1,300,60,56.53,39.70,0,739
1649764599.540342,1,300,46,60.35,116.62,1,717
1649764599.565340,1,300,59,56.56,40.13,0,717
1649764599.590337,1,300,43,60.47,39.35,0,717
1649764599.615334,1,300,63,56.64,39.75,0,717
1649764599.640332,1,300,44,60.49,38.17,0,717
1649764599.665329,1,300,55,56.69,40.53,0,717
1649764599.690326,1,300,43,60.62,91.49,1,701
1649764599.715323,1,300,54,56.79,37.64,0,701
1649764599.740321,1,300,47,60.65,38.46,0,701
1649764599.765318,1,300,63,56.82,38.99,0,701
1649764599.790315,1,300,38,60.77,39.19,0,701
1649764599.815313,1,300,55,56.91,37.83,0,701
1649764599.840310,1,300,42,60.81,89.15,1,680
1649764599.865307,1,300,59,56.95,40.03,0,680
1649764599.890305,1,300,44,60.88,37.65,0,680
1649764599.915302,1,300,56,57.05,38.18,0,680
1649764599.940299,1,300,41,60.90,39.04,0,680
1649764599.965296,1,300,57,57.09,37.78,0,680
1649764599.990294,1,300,35,61.00,83.70,1,657
1649764600.015291,1,300,57,57.16,37.97,0,657
1649764600.040288,1,300,31,60.99,38.21,0,657
1649764600.065286,1,300,59,57.16,38.91,0,657
1649764600.090283,1,300,36,61.05,40.75,0,657
1649764600.115280,1,300,51,57.20,39.78,0,657
1649764600.140277,1,300,41,61.03,84.46,1,649
1649764600.165275,1,300,57,57.19,39.50,0,649
1649764600.190272,1,300,32,61.08,35.86,0,649
1649764600.215269,1,300,53,57.25,38.76,0,649
1649764600.240267,1,300,33,61.06,39.28,0,649
1649764600.265264,1,300,54,57.25,39.76,0,649
1649764600.290261,1,300,37,61.12,83.83,1,643
1649764600.315258,1,300,59,57.29,39.03,0,643
1649764600.340256,1,300,39,61.07,39.22,0,643
1649764600.365253,1,300,59,57.27,39.27,0,643
1649764600.390250,1,300,37,61.12,37.29,0,643
1649764600.415248,1,300,51,57.31,37.75,0,643
1649764600.440245,1,300,35,61.11,83.71,1,643
1649764600.465242,1,300,59,57.32,38.99,0,643
1649764600.490239,1,300,43,61.14,37.23,0,643
1649764600.515237,1,300,54,57.35,39.16,0,643
1649764600.540234,1,300,40,61.09,39.83,0,643
1649764600.565231,1,300,59,57.33,38.14,0,643
1649764600.590229,1,300,44,61.14,84.98,1,654
1649764600.615226,1,300,57,57.37,37.45,0,654
1649764600.640224,1,300,39,61.08,38.00,0,654
1649764600.665220,1,300,53,57.33,37.72,0,654
1649764600.690218,1,300,40,61.09,37.52,0,654
1649764600.715215,1,300,52,57.36,37.28,0,654
1649764600.740212,1,300,39,61.02,95.67,1,662
1649764600.765210,1,300,58,57.32,39.80,0,662
1649764600.790207,1,300,44,61.05,36.74,0,662
1649764600.815204,1,300,52,57.34,37.49,0,662
1649764600.840202,1,300,32,61.01,37.62,0,662
1649764600.865199,1,300,51,57.37,37.15,0,662
1649764600.890196,1,300,28,61.09,95.38,1,664
1649764600.915194,1,300,47,57.41,37.29,0,664
1649764600.940191,1,300,36,61.01,38.58,0,664
1649764600.965188,1,300,49,57.30,38.30,0,664
1649764600.990185,1,300,36,60.99,36.74,0,664
1649764601.015183,1,300,52,57.27,37.80,0,664
1649764601.040180,1,300,34,60.97,86.18,1,672
1649764601.065177,1,300,52,57.38,38.72,0,672
1649764601.090175,1,300,40,61.13,38.74,0,672
1649764601.115172,1,300,54,57.47,42.79,0,672
1649764601.140169,1,300,40,61.09,37.67,0,672
1649764601.165167,1,300,60,57.41,37.39,0,672
1649764601.190164,1,300,37,61.06,88.52,1,686
1649764601.215161,1,300,50,57.37,38.33,0,686
1649764601.240159,1,300,40,60.93,37.50,0,686
1649764601.265156,1,300,60,57.32,38.62,0,686
1649764601.290153,1,300,44,60.94,37.15,0,686
1649764601.315150,1,300,54,57.31,39.23,0,686
1649764601.340148,1,300,44,60.84,89.56,1,707
1649764601.365145,1,300,49,57.29,40.13,0,707
1649764601.390142,1,300,43,60.83,36.31,0,707
1649764601.415140,1,300,51,57.26,38.05,0,707
1649764601.440137,1,300,41,60.72,37.81,0,707
1649764601.465134,1,300,54,57.28,37.52,0,707
1649764601.490131,1,300,42,60.75,91.73,1,709
1649764601.515129,1,300,46,57.27,37.67,0,709
1649764601.540126,1,300,33,60.62,37.18,0,709
1649764601.565123,1,300,50,57.27,36.51,0,709
1649764601.590121,1,300,31,60.63,39.96,0,709
1649764601.615118,1,300,57,57.29,37.20,0,709
1649764601.640115,1,300,39,60.55,92.61,1,713
1649764601.665112,1,300,54,57.33,40.70,0,713
1649764601.690110,1,300,39,60.60,38.45,0,713
1649764601.715107,1,300,51,57.41,40.82,0,713
1649764601.740104,1,300,52,60.55,38.52,0,713
1649764601.765102,1,300,58,57.47,38.54,0,713
1649764601.790099,1,300,40,60.59,89.05,1,722
1649764601.815096,1,300,56,57.49,37.69,0,722
1649764601.840094,1,300,55,60.45,36.52,0,722
1649764601.865091,1,300,61,57.44,36.27,0,722
1649764601.890088,1,300,51,60.41,35.14,0,722
1649764601.915086,1,300,68,57.36,35.47,0,722
1649764601.940083,1,300,54,60.22,96.42,1,764
1649764601.965080,1,300,60,57.21,35.38,0,764
1649764601.990077,1,300,49,60.06,33.90,0,764
1649764602.015074,1,300,60,56.96,34.12,0,764
1649764602.040072,1,300,56,59.69,34.79,0,764
