t,tracked,n_obs0,n_obs1,mean0,ms,keyframe,n_landmarks
1649764528.073054,0,0,0,60.45,1.13,0,0
1649764528.098053,0,0,0,60.45,1.06,0,0
1649764528.123050,0,0,0,60.56,1.01,0,0
1649764528.148048,0,0,0,60.57,1.05,0,0
1649764528.173045,0,0,0,60.47,1.07,0,0
1649764528.198042,0,0,0,60.46,1.04,0,0
1649764528.223039,0,0,0,60.56,1.00,0,0
1649764528.248037,0,0,0,60.58,1.05,0,0
1649764528.273034,0,0,0,60.45,0.99,0,0
1649764528.298031,0,0,0,60.46,1.04,0,0
1649764528.323029,0,0,0,60.54,1.06,0,0
1649764528.348026,0,0,0,60.55,1.04,0,0
1649764528.373023,0,0,0,60.43,1.13,0,0
1649764528.398021,0,0,0,60.43,1.10,0,0
1649764528.423018,0,0,0,60.53,1.09,0,0
1649764528.448015,0,0,0,60.54,1.14,0,0
1649764528.473012,0,0,0,60.41,1.15,0,0
1649764528.498010,0,0,0,60.43,1.09,0,0
1649764528.523007,0,0,0,60.53,1.10,0,0
1649764528.548005,0,0,0,60.55,1.13,0,0
1649764528.573002,0,0,0,60.41,1.01,0,0
1649764528.597999,0,0,0,60.42,0.99,0,0
1649764528.622997,0,0,0,60.51,1.05,0,0
1649764528.647994,0,0,0,60.53,1.01,0,0
1649764528.672991,0,0,0,60.42,1.07,0,0
1649764528.697988,0,0,0,60.42,1.06,0,0
1649764528.722986,0,0,0,60.50,1.01,0,0
1649764528.747983,0,0,0,60.53,1.07,0,0
1649764528.772980,0,0,0,60.42,1.03,0,0
1649764528.797978,0,0,0,60.43,1.01,0,0
1649764528.822975,0,0,0,60.51,0.99,0,0
1649764528.847972,0,0,0,60.55,1.04,0,0
1649764528.872969,0,0,0,60.42,1.00,0,0
1649764528.897967,0,0,0,60.45,1.00,0,0
1649764528.922964,0,0,0,60.51,0.99,0,0
1649764528.947961,0,0,0,60.52,1.04,0,0
1649764528.972959,1,177,89,60.41,19.09,1,89
1649764528.997956,1,300,108,60.46,19.10,0,89
1649764529.022953,1,300,111,60.54,22.13,0,89
1649764529.047951,1,300,114,60.55,23.13,0,89
1649764529.072948,1,300,115,60.43,23.52,0,89
1649764529.097945,1,300,112,60.46,19.18,0,89
1649764529.122942,1,300,114,60.54,28.54,1,201
1649764529.147940,1,300,115,60.55,19.80,0,201
1649764529.172937,1,300,116,60.44,19.54,0,201
1649764529.197934,1,300,112,60.48,19.58,0,201
1649764529.222932,1,300,114,60.53,24.10,0,201
1649764529.247929,1,300,113,60.54,24.18,0,201
1649764529.272927,1,300,115,60.42,33.72,1,253
1649764529.297924,1,300,117,60.49,19.92,0,253
1649764529.322921,1,300,111,60.53,19.46,0,253
1649764529.347918,1,300,114,60.55,19.89,0,253
1649764529.372916,1,300,114,60.46,19.51,0,253
1649764529.397913,1,300,116,60.50,19.56,0,253
1649764529.422910,1,300,116,60.56,37.68,1,279
1649764529.447908,1,300,112,60.56,24.52,0,279
1649764529.472905,1,300,113,60.43,19.52,0,279
1649764529.497902,1,300,116,60.48,19.44,0,279
1649764529.522899,1,300,114,60.56,19.68,0,279
1649764529.547897,1,300,113,60.56,19.57,0,279
1649764529.572894,1,300,113,60.44,43.61,1,263
1649764529.597891,1,300,113,60.50,19.62,0,263
1649764529.622889,1,300,115,60.55,20.11,0,263
1649764529.647886,1,300,113,60.56,19.84,0,263
1649764529.672883,1,300,112,60.42,19.78,0,263
1649764529.697881,1,300,115,60.48,19.83,0,263
1649764529.722878,1,300,114,60.54,38.55,1,276
1649764529.747875,1,300,113,60.54,19.85,0,276
1649764529.772872,1,300,115,60.43,19.60,0,276
1649764529.797870,1,300,113,60.48,19.56,0,276
1649764529.822867,1,300,114,60.53,19.66,0,276
1649764529.847864,1,300,118,60.52,19.74,0,276
1649764529.872862,1,300,113,60.40,40.28,1,275
1649764529.897859,1,300,114,60.48,19.64,0,275
1649764529.922856,1,300,114,60.53,19.59,0,275
1649764529.947854,1,300,115,60.54,19.67,0,275
1649764529.972851,1,300,116,60.40,19.69,0,275
1649764529.997848,1,300,114,60.48,19.63,0,275
1649764530.022846,1,300,115,60.53,49.36,1,289
1649764530.047843,1,300,112,60.53,19.78,0,289
1649764530.072840,1,300,114,60.40,19.75,0,289
1649764530.097838,1,300,115,60.48,19.67,0,289
1649764530.122835,1,300,114,60.53,19.80,0,289
1649764530.147832,1,300,114,60.53,19.59,0,289
1649764530.172829,1,300,116,60.39,62.81,1,285
1649764530.197827,1,300,115,60.50,19.63,0,285
1649764530.222824,1,300,112,60.54,19.35,0,285
1649764530.247821,1,300,115,60.51,19.57,0,285
1649764530.272819,1,300,116,60.40,19.58,0,285
1649764530.297816,1,300,113,60.47,19.54,0,285
1649764530.322814,1,300,113,60.49,55.76,1,284
1649764530.347811,1,300,115,60.48,19.83,0,284
1649764530.372808,1,300,114,60.35,19.74,0,284
1649764530.397805,1,300,115,60.46,19.56,0,284
1649764530.422802,1,300,115,60.47,19.53,0,284
1649764530.447800,1,300,113,60.47,19.77,0,284
1649764530.472797,1,300,115,60.35,51.56,1,290
1649764530.497794,1,300,115,60.45,19.90,0,290
1649764530.522792,1,300,115,60.49,19.97,0,290
1649764530.547789,1,300,113,60.49,19.92,0,290
1649764530.572786,1,300,112,60.36,19.80,0,290
1649764530.597784,1,300,113,60.46,19.72,0,290
1649764530.622781,1,300,116,60.49,56.31,1,291
1649764530.647778,1,300,113,60.50,20.04,0,291
1649764530.672776,1,300,114,60.37,19.81,0,291
1649764530.697773,1,300,114,60.47,19.78,0,291
1649764530.722770,1,300,113,60.51,19.83,0,291
1649764530.747767,1,300,114,60.50,19.84,0,291
1649764530.772765,1,300,114,60.38,60.51,1,285
1649764530.797762,1,300,114,60.49,19.78,0,285
1649764530.822759,1,300,118,60.51,19.77,0,285
1649764530.847757,1,300,113,60.48,19.63,0,285
1649764530.872754,1,300,114,60.36,19.79,0,285
1649764530.897751,1,300,113,60.49,19.66,0,285
1649764530.922749,1,300,116,60.51,64.04,1,281
1649764530.947746,1,300,116,60.48,19.83,0,281
1649764530.972743,1,300,117,60.36,19.80,0,281
1649764530.997741,1,300,117,60.48,19.68,0,281
1649764531.022738,1,300,115,60.51,19.81,0,281
1649764531.047735,1,300,114,60.48,19.71,0,281
1649764531.072732,1,300,113,60.37,68.21,1,277
1649764531.097730,1,300,115,60.48,19.66,0,277
1649764531.122727,1,300,115,60.51,19.73,0,277
1649764531.147724,1,300,114,60.48,19.61,0,277
1649764531.172722,1,300,116,60.37,19.89,0,277
1649764531.197719,1,300,112,60.48,19.79,0,277
1649764531.222716,1,300,116,60.50,72.49,1,280
1649764531.247714,1,300,114,60.46,19.79,0,280
1649764531.272711,1,300,114,60.37,20.09,0,280
1649764531.297708,1,300,114,60.47,19.62,0,280
1649764531.322706,1,300,116,60.51,19.64,0,280
1649764531.347703,1,300,115,60.46,19.85,0,280
1649764531.372700,1,300,113,60.35,77.67,1,284
1649764531.397697,1,300,115,60.46,19.75,0,284
1649764531.422695,1,300,113,60.49,19.89,0,284
1649764531.447692,1,300,113,60.45,19.66,0,284
1649764531.472689,1,300,115,60.34,19.80,0,284
1649764531.497687,1,300,112,60.46,19.68,0,284
1649764531.522684,1,300,115,60.51,84.06,1,283
1649764531.547681,1,300,114,60.45,20.47,0,283
1649764531.572679,1,300,114,60.34,20.14,0,283
1649764531.597676,1,300,116,60.46,19.72,0,283
1649764531.622673,1,300,117,60.49,19.78,0,283
1649764531.647671,1,300,115,60.44,19.70,0,283
1649764531.672668,1,300,116,60.34,89.94,1,288
1649764531.697665,1,300,114,60.47,20.32,0,288
1649764531.722662,1,300,113,60.50,20.03,0,288
1649764531.747659,1,300,115,60.44,19.82,0,288
1649764531.772657,1,300,116,60.34,19.91,0,288
1649764531.797654,1,300,114,60.45,19.73,0,288
1649764531.822652,1,300,113,60.49,97.61,1,291
1649764531.847649,1,300,116,60.42,20.11,0,291
1649764531.872646,1,300,117,60.34,20.07,0,291
1649764531.897644,1,300,117,60.45,19.67,0,291
1649764531.922641,1,300,112,60.48,19.94,0,291
1649764531.947638,1,300,114,60.41,19.78,0,291
1649764531.972636,1,300,115,60.32,104.48,1,290
1649764531.997633,1,300,115,60.45,19.87,0,290
1649764532.022630,1,300,114,60.49,20.06,0,290
1649764532.047627,1,300,115,60.41,19.86,0,290
1649764532.072625,1,300,116,60.32,20.08,0,290
1649764532.097619,1,300,116,60.44,19.60,0,290
1649764532.122616,1,300,115,60.48,250.61,1,294
1649764532.147614,1,300,112,60.42,19.79,0,294
1649764532.172611,1,300,114,60.31,19.94,0,294
1649764532.197608,1,300,116,60.42,19.66,0,294
1649764532.222605,1,300,114,60.49,19.78,0,294
1649764532.247603,1,300,116,60.40,19.73,0,294
1649764532.272600,1,300,116,60.31,136.73,1,279
1649764532.297597,1,300,115,60.41,20.12,0,279
1649764532.322595,1,300,114,60.47,19.98,0,279
1649764532.347592,1,300,115,60.40,19.89,0,279
1649764532.372589,1,300,114,60.31,19.87,0,279
1649764532.397587,1,300,115,60.44,19.70,0,279
1649764532.422584,1,300,115,60.52,258.95,1,281
1649764532.447581,1,300,114,60.45,20.42,0,281
1649764532.472578,1,300,114,60.39,20.28,0,281
1649764532.497576,1,300,113,60.50,19.97,0,281
1649764532.522573,1,300,116,60.54,19.90,0,281
1649764532.547570,1,300,114,60.48,19.88,0,281
1649764532.572568,1,300,115,60.39,180.07,1,279
1649764532.597565,1,300,114,60.51,19.97,0,279
1649764532.622562,1,300,113,60.54,19.85,0,279
1649764532.647559,1,300,114,60.45,19.97,0,279
1649764532.672557,1,300,113,60.35,20.05,0,279
1649764532.697554,1,300,116,60.49,19.72,0,279
1649764532.722551,1,300,114,60.51,346.03,1,282
1649764532.747549,1,300,115,60.42,20.16,0,282
1649764532.772546,1,300,112,60.32,19.92,0,282
1649764532.797544,1,300,115,60.44,19.87,0,282
1649764532.822541,1,300,114,60.44,20.06,0,282
1649764532.847538,1,300,113,60.32,20.06,0,282
1649764532.872535,1,300,116,60.23,375.12,1,281
1649764532.897532,1,300,116,60.32,20.13,0,281
1649764532.922530,1,300,114,60.36,20.12,0,281
1649764532.947527,1,300,114,60.26,19.93,0,281
1649764532.972524,1,300,113,60.21,20.17,0,281
1649764532.997521,1,300,115,60.33,19.85,0,281
1649764533.022519,1,300,112,60.36,203.05,1,279
1649764533.047516,1,300,113,60.25,20.08,0,279
1649764533.072514,1,300,115,60.18,19.87,0,279
1649764533.097511,1,300,114,60.26,19.73,0,279
1649764533.122508,1,300,116,60.28,19.88,0,279
1649764533.147506,1,300,116,60.14,19.85,0,279
1649764533.172503,1,300,114,60.11,101.99,1,205
1649764533.197500,1,300,115,60.18,19.80,0,205
1649764533.222497,1,300,112,60.23,25.04,0,205
1649764533.247494,1,300,115,60.13,19.89,0,205
1649764533.272492,1,300,116,60.10,19.98,0,205
1649764533.297489,1,300,114,60.20,19.62,0,205
1649764533.322486,1,300,113,60.27,42.39,1,151
1649764533.347484,1,300,112,60.17,20.21,0,151
1649764533.372481,1,300,113,60.12,20.08,0,151
1649764533.397478,1,300,116,60.23,19.81,0,151
1649764533.422476,1,300,113,60.27,19.99,0,151
1649764533.447473,1,300,114,60.14,19.78,0,151
1649764533.472470,1,300,114,60.10,45.67,1,213
1649764533.497467,1,300,114,60.19,20.16,0,213
1649764533.522465,1,300,113,60.22,20.33,0,213
1649764533.547462,1,300,114,60.11,19.98,0,213
1649764533.572459,1,300,115,60.07,20.08,0,213
1649764533.597457,1,300,114,60.17,19.78,0,213
1649764533.622454,1,300,112,60.19,43.96,1,184
1649764533.647451,1,300,113,60.07,20.18,0,184
1649764533.672448,1,300,113,60.05,20.07,0,184
1649764533.697446,1,300,114,60.14,19.98,0,184
1649764533.722443,1,300,113,60.16,20.34,0,184
1649764533.747440,1,300,113,60.06,20.24,0,184
1649764533.772438,1,300,113,60.01,55.02,1,196
1649764533.797435,1,300,110,60.10,20.03,0,196
1649764533.822432,1,300,112,60.14,20.00,0,196
1649764533.847429,1,300,113,60.02,19.94,0,196
1649764533.872427,1,300,115,60.00,20.01,0,196
1649764533.897424,1,300,115,60.09,19.93,0,196
1649764533.922421,1,300,114,60.10,48.03,1,199
1649764533.947419,1,300,114,59.98,20.25,0,199
1649764533.972416,1,300,118,59.93,25.27,0,199
1649764533.997413,1,300,112,59.67,26.35,0,199
1649764534.022410,1,300,113,59.02,27.18,0,199
1649764534.047408,1,300,113,58.40,27.70,0,199
1649764534.072405,1,300,114,58.26,72.29,1,255
1649764534.097402,1,268,118,58.46,26.36,0,255
1649764534.122400,1,263,113,58.74,25.75,0,255
1649764534.147397,1,267,114,58.93,25.85,0,255
1649764534.172394,1,250,116,59.24,24.71,0,255
1649764534.197391,1,300,134,59.57,25.93,0,255
1649764534.222389,1,300,140,59.65,59.10,1,301
1649764534.247386,1,267,133,59.35,26.55,0,301
1649764534.272383,1,300,141,59.20,25.74,0,301
1649764534.297381,1,270,132,59.23,26.70,0,301
1649764534.322378,1,249,130,59.31,24.20,0,301
1649764534.347375,1,234,118,59.38,22.88,0,301
1649764534.372372,1,228,119,59.82,64.33,1,338
1649764534.397370,1,300,138,60.37,24.17,0,338
1649764534.422367,1,272,152,60.96,23.76,0,338
1649764534.447364,1,290,156,61.48,24.51,0,338
1649764534.472362,1,254,146,62.20,23.36,0,338
1649764534.497359,1,253,147,63.04,22.02,0,338
1649764534.522356,1,300,149,63.91,69.82,1,426
1649764534.547354,1,300,159,64.60,23.74,0,426
1649764534.572351,1,300,146,65.53,24.38,0,426
1649764534.597348,1,300,144,66.52,24.95,0,426
1649764534.622345,1,286,143,67.43,23.24,0,426
1649764534.647343,1,293,155,68.05,23.56,0,426
1649764534.672340,1,298,163,68.79,85.08,1,505
1649764534.697337,1,297,167,69.30,24.43,0,505
1649764534.722334,1,300,168,69.67,24.17,0,505
1649764534.747332,1,300,180,69.96,24.40,0,505
1649764534.772329,1,300,183,70.60,25.42,0,505
1649764534.797326,1,300,183,71.46,23.46,0,505
1649764534.822324,1,300,180,72.57,91.47,1,579
1649764534.847321,1,300,182,73.74,24.65,0,579
1649764534.872318,1,300,172,75.43,23.10,0,579
1649764534.897316,1,300,190,77.30,24.30,0,579
1649764534.922313,1,300,186,79.18,22.65,0,579
1649764534.947310,1,300,186,81.10,23.21,0,579
1649764534.972307,1,300,177,83.32,110.35,1,643
1649764534.997305,1,300,179,85.20,24.12,0,643
1649764535.022302,1,300,170,86.74,24.04,0,643
1649764535.047299,1,300,162,87.83,24.63,0,643
1649764535.072296,1,300,159,89.01,24.63,0,643
1649764535.097294,1,300,158,90.10,24.07,0,643
1649764535.122291,1,300,149,91.15,88.00,1,679
1649764535.147288,1,300,142,92.00,24.60,0,679
1649764535.172286,1,300,155,88.47,24.52,0,679
1649764535.197283,1,300,150,88.62,24.34,0,679
1649764535.222280,1,300,154,89.78,23.28,0,679
1649764535.247277,1,300,156,89.31,24.20,0,679
1649764535.272275,1,300,156,90.31,91.17,1,701
1649764535.297272,1,300,162,85.17,24.41,0,701
1649764535.322269,1,300,164,86.95,24.19,0,701
1649764535.347267,1,300,151,86.15,23.96,0,701
1649764535.372264,1,300,152,88.42,24.36,0,701
1649764535.397261,1,300,142,82.45,24.92,0,701
1649764535.422258,1,300,143,85.25,97.71,1,724
1649764535.447256,1,300,144,79.05,25.88,0,724
1649764535.472253,1,300,138,82.33,24.60,0,724
1649764535.497250,1,300,141,80.25,23.71,0,724
1649764535.522248,1,300,135,83.05,24.57,0,724
1649764535.547245,1,300,130,75.69,26.48,0,724
1649764535.572242,1,300,131,78.56,101.33,1,742
1649764535.597239,1,300,131,74.96,25.45,0,742
1649764535.622237,1,300,134,77.36,23.69,0,742
1649764535.647234,1,300,147,73.51,24.43,0,742
1649764535.672231,1,300,149,76.28,24.39,0,742
1649764535.697229,1,300,143,72.76,24.25,0,742
1649764535.722226,1,300,142,75.67,87.75,1,772
1649764535.747223,1,300,149,72.17,24.20,0,772
1649764535.772221,1,300,149,75.53,24.24,0,772
1649764535.797218,1,300,162,72.35,24.20,0,772
1649764535.822215,1,300,158,75.85,25.41,0,772
1649764535.847212,1,300,158,72.63,24.40,0,772
1649764535.872210,1,300,163,76.50,124.92,1,820
1649764535.897207,1,300,166,73.41,24.69,0,820
1649764535.922204,1,300,163,77.21,24.79,0,820
1649764535.947201,1,300,161,73.99,27.11,0,820
1649764535.972199,1,300,146,78.21,26.04,0,820
1649764535.997196,1,300,145,74.83,25.54,0,820
1649764536.022193,1,282,151,78.13,114.56,1,863
1649764536.047191,1,300,161,73.60,25.69,0,863
1649764536.072188,1,300,158,76.64,25.96,0,863
1649764536.097185,1,292,153,72.16,25.18,0,863
1649764536.122183,1,296,160,75.41,24.21,0,863
1649764536.147180,1,277,159,71.21,24.32,0,863
1649764536.172177,1,300,167,74.87,98.04,1,921
1649764536.197175,1,289,152,70.61,24.53,0,921
1649764536.222172,1,297,157,73.91,25.52,0,921
1649764536.247169,1,284,143,69.62,23.69,0,921
1649764536.272166,1,259,135,73.59,23.64,0,921
1649764536.297163,1,259,137,69.75,22.38,0,921
1649764536.322161,1,253,132,73.65,99.05,1,950
1649764536.347158,1,238,124,69.84,22.30,0,950
1649764536.372155,1,233,118,74.70,21.62,0,950
1649764536.397153,1,213,113,71.71,22.09,0,950
1649764536.422150,1,206,112,76.25,20.79,0,950
1649764536.447147,1,190,100,71.74,21.70,0,950
1649764536.472145,1,185,94,75.17,116.78,1,963
1649764536.497142,1,175,92,70.70,19.68,0,963
1649764536.522139,1,173,94,74.09,19.07,0,963
1649764536.547137,1,167,90,69.74,19.84,0,963
1649764536.572134,1,180,93,73.28,19.54,0,963
1649764536.597131,1,151,78,69.30,21.26,0,963
1649764536.622128,1,137,70,72.68,95.67,1,983
1649764536.647125,1,134,71,68.81,19.07,0,983
1649764536.672123,1,139,72,72.78,18.79,0,983
1649764536.697120,1,137,70,69.35,17.52,0,983
1649764536.722118,1,137,74,72.93,20.19,0,983
1649764536.747115,1,133,67,65.30,20.31,0,983
1649764536.772112,1,144,71,69.54,146.16,1,1010
1649764536.797110,1,134,77,65.95,19.45,0,1010
1649764536.822107,1,137,76,70.00,17.45,0,1010
1649764536.847104,1,128,74,66.24,18.16,0,1010
1649764536.872101,1,124,71,70.58,16.65,0,1010
1649764536.897099,1,115,66,66.63,17.28,0,1010
1649764536.922096,1,123,70,70.21,94.48,1,1036
1649764536.947093,1,138,75,65.85,16.89,0,1036
1649764536.972090,1,187,93,69.55,19.04,0,1036
1649764536.997087,1,158,86,62.07,21.15,0,1036
1649764537.022085,1,162,87,65.63,20.39,0,1036
1649764537.047082,1,149,76,61.93,19.37,0,1036
1649764537.072080,1,144,76,65.94,102.03,1,1079
1649764537.097080,1,138,70,62.54,21.45,0,1079
1649764537.122077,1,123,67,66.27,21.37,0,1079
1649764537.147074,1,114,62,62.75,19.23,0,1079
1649764537.172071,1,115,67,66.87,17.78,0,1079
1649764537.197069,1,108,66,63.76,19.76,0,1079
1649764537.222066,1,120,68,67.68,113.53,1,1105
1649764537.247063,1,118,62,64.63,17.54,0,1105
1649764537.272061,1,120,62,68.84,17.17,0,1105
1649764537.297058,1,107,48,65.70,16.27,0,1105
1649764537.322055,1,116,59,68.89,15.91,0,1105
1649764537.347052,1,103,53,65.34,17.33,0,1105
1649764537.372050,1,96,43,68.12,90.20,1,979
1649764537.397047,1,88,44,64.87,15.87,0,979
1649764537.422044,1,100,43,66.79,15.23,0,979
1649764537.447042,1,79,31,64.11,17.00,0,979
1649764537.472039,1,119,49,66.51,15.66,0,979
1649764537.497036,1,95,44,64.42,16.13,0,979
1649764537.522033,1,119,55,66.54,84.41,1,959
1649764537.547031,1,300,113,64.49,22.81,0,959
1649764537.572028,1,153,64,67.00,24.80,0,959
1649764537.597025,1,95,45,64.94,18.62,0,959
1649764537.622023,1,86,41,66.71,15.41,0,959
1649764537.647020,1,82,42,64.44,16.10,0,959
1649764537.672017,1,67,38,66.20,85.38,1,979
1649764537.697014,1,61,33,64.44,15.17,0,979
1649764537.722012,1,58,31,65.76,13.79,0,979
1649764537.747009,1,73,44,63.96,12.76,0,979
1649764537.772007,1,53,31,65.82,13.35,0,979
1649764537.797004,1,62,39,64.27,14.53,0,979
1649764537.822001,1,67,40,65.35,83.43,1,1001
1649764537.846998,1,62,38,64.00,13.77,0,1001
1649764537.871995,1,65,36,65.14,13.13,0,1001
1649764537.896993,1,60,36,64.64,14.14,0,1001
1649764537.921990,1,101,61,65.02,13.40,0,1001
1649764537.946987,1,82,48,64.65,14.97,0,1001
1649764537.971985,1,126,67,65.25,65.72,1,1046
1649764537.996982,1,73,39,65.37,63.90,1,1064
1649764538.021979,1,94,51,65.17,14.46,0,1064
1649764538.046977,1,79,44,65.18,15.06,0,1064
1649764538.071974,1,68,41,65.12,13.79,0,1064
1649764538.096971,1,64,41,65.64,13.45,0,1064
1649764538.121968,1,91,51,64.78,14.52,0,1064
1649764538.146966,1,71,39,65.24,68.13,1,1079
1649764538.171963,1,90,44,64.53,14.95,0,1079
1649764538.196960,1,75,45,65.28,15.91,0,1079
1649764538.221957,1,103,57,63.23,14.35,0,1079
1649764538.246955,1,87,43,63.99,15.27,0,1079
1649764538.271952,1,291,101,61.91,19.95,0,1079
1649764538.296949,1,96,47,63.70,89.10,1,1094
1649764538.321947,1,300,92,60.96,22.41,0,1094
1649764538.346944,1,122,57,62.85,22.17,0,1094
1649764538.371941,1,300,107,60.46,20.92,0,1094
1649764538.396939,1,116,63,63.00,22.21,0,1094
1649764538.421936,1,125,60,59.75,16.11,0,1094
1649764538.446933,1,269,82,62.13,81.36,1,1092
1649764538.471930,1,300,106,59.03,27.03,0,1092
1649764538.496928,1,258,91,62.14,26.37,0,1092
1649764538.521925,1,300,91,58.08,28.79,0,1092
1649764538.546922,1,276,90,60.96,28.72,0,1092
1649764538.571920,1,300,96,57.17,28.02,0,1092
1649764538.596917,1,257,85,60.77,86.78,1,1117
1649764538.621914,1,300,104,56.10,28.79,0,1117
1649764538.646911,1,300,91,59.47,31.15,0,1117
1649764538.671909,1,300,100,55.23,29.31,0,1117
1649764538.696906,1,226,85,66.27,28.55,0,1117
1649764538.721903,1,161,79,61.74,21.63,0,1117
1649764538.746901,1,300,96,65.12,91.30,1,1104
1649764538.771898,1,190,89,61.19,24.94,0,1104
1649764538.796895,1,185,72,65.69,21.44,0,1104
1649764538.821892,1,300,106,61.06,25.05,0,1104
1649764538.846890,1,218,83,64.96,26.76,0,1104
1649764538.871887,1,300,96,61.25,26.57,0,1104
1649764538.896884,1,231,90,66.29,66.40,1,1111
1649764538.921882,1,300,101,61.87,28.26,0,1111
1649764538.946879,1,240,89,66.39,28.33,0,1111
1649764538.971876,1,182,74,62.69,23.60,0,1111
1649764538.996873,1,209,69,68.33,21.33,0,1111
1649764539.021871,1,206,74,63.36,22.26,0,1111
1649764539.046868,1,212,78,68.29,96.64,1,1089
1649764539.071865,1,140,62,64.47,20.67,0,1089
1649764539.096863,1,141,67,71.07,16.82,0,1089
1649764539.121860,1,126,65,65.71,62.21,1,1047
1649764539.146857,1,213,78,71.14,19.34,0,1047
1649764539.171854,1,148,67,66.53,19.45,0,1047
1649764539.196852,1,165,66,73.08,19.55,0,1047
1649764539.221849,1,222,81,67.09,20.22,0,1047
1649764539.246846,1,300,99,72.65,27.86,0,1047
1649764539.271844,1,200,82,68.31,83.72,1,1086
1649764539.296841,1,300,83,75.66,26.06,0,1086
1649764539.321838,1,267,107,70.01,28.50,0,1086
1649764539.346835,1,181,76,76.44,24.90,0,1086
1649764539.371833,1,300,110,72.27,25.35,0,1086
1649764539.396830,1,297,95,80.46,29.75,0,1086
1649764539.421827,1,165,66,74.79,105.80,1,1106
1649764539.446825,1,215,76,82.00,21.26,0,1106
1649764539.471822,1,207,76,77.99,22.35,0,1106
1649764539.496819,1,300,89,86.62,25.13,0,1106
1649764539.521816,1,222,77,74.31,28.17,0,1106
1649764539.546814,1,300,90,82.24,26.97,0,1106
1649764539.571811,1,300,91,76.71,76.63,1,1129
1649764539.596808,1,300,101,86.46,30.42,0,1129
1649764539.621806,1,300,85,73.40,32.20,0,1129
1649764539.646803,1,198,76,82.59,30.79,0,1129
1649764539.671800,1,152,71,72.41,57.94,1,1125
1649764539.696797,1,241,87,83.18,22.56,0,1125
1649764539.721795,1,165,63,70.39,24.27,0,1125
1649764539.746792,1,300,84,79.89,24.68,0,1125
1649764539.771790,1,300,80,73.09,30.18,0,1125
1649764539.796787,1,300,89,83.79,31.52,0,1125
1649764539.821784,1,283,69,70.61,79.39,1,1135
1649764539.846781,1,300,80,80.10,30.39,0,1135
1649764539.871778,1,300,71,73.85,33.10,0,1135
1649764539.896776,1,300,84,84.53,30.38,0,1135
1649764539.921773,1,300,69,71.07,32.72,0,1135
1649764539.946770,1,300,81,80.29,29.60,0,1135
1649764539.971768,1,300,71,74.57,78.17,1,1135
1649764539.996765,1,300,80,84.82,35.18,0,1135
1649764540.021762,1,300,64,72.41,32.56,0,1135
1649764540.046760,1,300,68,81.21,33.32,0,1135
1649764540.071757,1,300,54,76.15,36.43,0,1135
1649764540.096754,1,300,58,85.63,34.91,0,1135
1649764540.121752,1,300,57,72.72,88.69,1,1117
1649764540.146749,1,185,57,80.31,30.38,0,1117
1649764540.171746,1,300,57,75.83,29.19,0,1117
1649764540.196743,1,300,60,84.57,34.03,0,1117
1649764540.221740,1,300,54,73.26,35.01,0,1117
1649764540.246738,1,184,54,80.56,28.10,0,1117
1649764540.271735,1,300,61,77.24,104.33,1,1099
1649764540.296732,1,168,57,85.13,87.38,1,1112
1649764540.321730,1,300,46,74.48,36.10,0,1112
1649764540.346727,1,194,51,80.79,29.87,0,1112
1649764540.371724,1,140,45,78.36,25.86,0,1112
1649764540.396722,1,146,41,85.27,21.19,0,1112
1649764540.421719,1,133,39,80.23,21.42,0,1112
1649764540.446716,1,114,41,85.44,79.65,1,1132
1649764540.471714,1,128,36,83.90,19.32,0,1132
1649764540.496711,1,135,36,89.51,19.86,0,1132
1649764540.521708,1,115,34,81.63,19.51,0,1132
1649764540.546705,1,300,40,86.02,25.18,0,1132
1649764540.571703,1,136,39,86.70,33.73,0,1132
1649764540.596700,1,145,38,92.10,81.09,1,1126
1649764540.621697,1,300,34,91.15,26.69,0,1126
1649764540.646694,1,300,34,95.63,35.87,0,1126
1649764540.671692,1,300,34,98.36,35.23,0,1126
1649764540.696689,1,151,29,103.04,28.59,0,1126
1649764540.721686,1,103,34,98.13,20.32,0,1126
1649764540.746684,1,116,34,101.20,82.57,1,1132
1649764540.771681,1,128,51,99.07,18.24,0,1132
1649764540.796678,1,143,89,93.32,17.97,0,1132
1649764540.821676,1,166,117,84.31,17.83,0,1132
1649764540.846673,1,176,131,79.13,18.39,0,1132
1649764540.871670,1,171,133,79.42,18.16,0,1132
1649764540.896667,1,161,128,78.01,89.76,1,1197
1649764540.921665,1,164,124,76.31,17.77,0,1197
1649764540.946662,1,171,127,74.47,17.18,0,1197
1649764540.971659,1,300,173,75.24,22.31,0,1197
1649764540.996656,1,300,176,73.84,24.67,0,1197
1649764541.021654,1,258,147,73.38,24.48,0,1197
1649764541.046651,1,300,164,71.08,85.07,1,1234
1649764541.071648,1,292,159,72.35,28.04,0,1234
1649764541.096648,1,300,162,70.08,25.86,0,1234
1649764541.121645,1,225,145,69.99,24.40,0,1234
1649764541.146642,1,300,159,67.00,24.66,0,1234
1649764541.171639,1,300,176,69.00,30.90,0,1234
1649764541.196637,1,300,163,66.29,100.10,1,1294
1649764541.221634,1,300,152,67.22,31.16,0,1294
1649764541.246631,1,300,167,64.08,29.30,0,1294
1649764541.271629,1,184,117,76.69,25.26,0,1294
1649764541.296626,1,300,129,73.44,23.67,0,1294
1649764541.321623,1,300,136,76.03,28.25,0,1294
1649764541.346621,1,183,97,71.96,95.23,1,1275
1649764541.371618,1,149,96,77.20,21.89,0,1275
1649764541.396615,1,139,89,73.26,16.96,0,1275
1649764541.421613,1,132,89,76.39,16.99,0,1275
1649764541.446610,1,300,131,70.46,22.21,0,1275
1649764541.471607,1,300,129,74.90,31.79,0,1275
1649764541.496604,1,198,106,68.36,87.04,1,1305
1649764541.521602,1,300,100,71.03,27.96,0,1305
1649764541.546599,1,300,99,64.09,29.29,0,1305
1649764541.571596,1,94,55,69.71,92.46,1,1287
1649764541.596594,1,300,84,63.36,23.02,0,1287
1649764541.621591,1,300,85,67.45,35.11,0,1287
1649764541.646588,1,300,100,60.33,31.62,0,1287
1649764541.671586,1,300,91,76.17,34.06,0,1287
1649764541.696583,1,300,102,67.77,32.60,0,1287
1649764541.721580,1,300,103,73.17,105.85,1,1300
1649764541.746578,1,300,105,63.96,32.14,0,1300
1649764541.771575,1,300,113,71.78,32.89,0,1300
1649764541.796572,1,300,100,62.47,31.48,0,1300
1649764541.821569,1,300,99,68.41,33.19,0,1300
1649764541.846567,1,300,72,58.68,32.62,0,1300
1649764541.871564,1,300,69,67.27,100.36,1,1316
1649764541.896561,1,300,71,57.59,32.98,0,1316
1649764541.921559,1,300,56,64.40,36.13,0,1316
1649764541.946556,1,300,55,54.35,36.86,0,1316
1649764541.971553,1,300,56,72.37,33.34,0,1316
1649764541.996550,1,300,56,60.98,35.21,0,1316
1649764542.021548,1,300,65,69.69,89.71,1,1317
1649764542.046545,1,300,67,58.31,34.43,0,1317
1649764542.071543,1,300,82,70.00,30.67,0,1317
1649764542.096540,1,300,83,58.54,34.02,0,1317
1649764542.121537,1,300,78,68.42,32.53,0,1317
1649764542.146534,1,300,80,56.79,31.45,0,1317
1649764542.171531,1,300,88,69.26,86.16,1,1295
1649764542.196529,1,300,94,57.18,31.55,0,1295
1649764542.221526,1,300,95,67.60,30.89,0,1295
1649764542.246523,1,300,109,55.12,32.65,0,1295
1649764542.271521,1,300,119,68.00,31.70,0,1295
1649764542.296518,1,300,102,55.05,31.02,0,1295
1649764542.321516,1,300,108,65.88,79.42,1,1318
1649764542.346513,1,300,108,52.86,33.68,0,1318
1649764542.371510,1,300,112,75.35,32.51,0,1318
1649764542.396508,1,300,109,57.00,32.20,0,1318
1649764542.421504,1,300,118,69.24,31.62,0,1318
1649764542.446502,1,300,104,55.56,34.53,0,1318
1649764542.471499,1,300,106,70.58,86.96,1,1336
1649764542.496496,1,300,103,56.60,31.60,0,1336
1649764542.521494,1,300,97,69.60,34.66,0,1336
1649764542.546491,1,300,81,55.76,32.50,0,1336
1649764542.571489,1,298,90,71.17,34.44,0,1336
1649764542.596486,1,300,84,56.72,32.05,0,1336
1649764542.621483,1,300,88,70.13,106.77,1,1330
1649764542.646480,1,300,84,55.82,31.58,0,1330
1649764542.671478,1,274,92,71.61,29.04,0,1330
1649764542.696475,1,189,71,56.69,26.22,0,1330
1649764542.721472,1,233,81,70.48,23.15,0,1330
1649764542.746470,1,181,68,55.82,26.30,0,1330
1649764542.771467,1,173,64,71.73,98.28,1,1305
1649764542.796464,1,78,49,53.44,74.00,1,1250
1649764542.821461,1,77,52,66.90,15.53,0,1250
1649764542.846459,1,87,47,52.85,15.81,0,1250
1649764542.871456,1,82,47,77.49,14.95,0,1250
1649764542.896453,1,76,46,55.56,15.78,0,1250
1649764542.921451,1,84,43,69.31,13.82,0,1250
1649764542.946448,1,77,45,54.75,71.93,1,1265
1649764542.971445,1,300,63,70.23,20.67,0,1265
1649764542.996443,1,300,71,55.18,30.49,0,1265
1649764543.021440,1,300,76,68.82,35.95,0,1265
1649764543.046437,1,300,89,54.27,29.47,0,1265
1649764543.071434,1,300,90,79.05,32.64,0,1265
1649764543.096432,1,300,88,56.04,98.34,1,1291
1649764543.121429,1,266,84,69.74,29.54,0,1291
1649764543.146426,1,140,71,54.82,61.40,1,1273
1649764543.171424,1,160,80,70.27,21.81,0,1273
1649764543.196421,1,127,69,54.74,18.85,0,1273
1649764543.221418,1,208,87,68.67,20.11,0,1273
1649764543.246416,1,184,87,53.92,22.22,0,1273
1649764543.271413,1,191,90,78.85,22.61,0,1273
1649764543.296410,1,300,117,55.82,97.75,1,1338
1649764543.321408,1,300,122,69.80,28.37,0,1338
1649764543.346405,1,135,76,54.55,80.56,1,1338
1649764543.371402,1,300,116,79.38,22.32,0,1338
1649764543.396399,1,300,124,56.49,27.88,0,1338
1649764543.421397,1,167,96,70.44,27.16,0,1338
1649764543.446394,1,129,80,55.27,19.04,0,1338
1649764543.471391,1,300,126,70.75,21.43,0,1338
1649764543.496389,1,155,96,51.94,98.69,1,1389
1649764543.521386,1,279,132,74.49,22.94,0,1389
1649764543.546383,1,225,111,54.32,26.65,0,1389
1649764543.571381,1,300,121,70.11,27.08,0,1389
1649764543.596378,1,300,121,54.47,30.02,0,1389
1649764543.621375,1,300,127,68.95,29.23,0,1389
1649764543.646372,1,300,123,54.19,75.23,1,1433
1649764543.671370,1,300,142,70.05,29.58,0,1433
1649764543.696367,1,285,137,54.25,28.79,0,1433
1649764543.721364,1,300,145,68.46,27.11,0,1433
1649764543.746361,1,196,116,53.61,26.08,0,1433
1649764543.771359,1,300,152,68.58,24.38,0,1433
1649764543.796356,1,193,124,52.88,70.50,1,1446
1649764543.821354,1,257,147,66.17,22.24,0,1446
1649764543.846351,1,258,142,51.70,23.54,0,1446
1649764543.871348,1,270,180,75.37,22.39,0,1446
1649764543.896346,1,300,181,55.38,24.66,0,1446
1649764543.921343,1,300,208,78.09,25.45,0,1446
1649764543.946340,1,300,204,62.11,72.34,1,1570
1649764543.971337,1,219,171,77.68,24.16,0,1570
1649764543.996335,1,300,204,61.19,23.45,0,1570
1649764544.021332,1,300,210,75.44,26.02,0,1570
1649764544.046329,1,300,207,60.69,26.78,0,1570
1649764544.071327,1,300,221,76.13,26.85,0,1570
1649764544.096324,1,300,219,60.63,99.20,1,1659
1649764544.121321,1,300,223,74.65,28.47,0,1659
1649764544.146319,1,300,232,60.64,25.33,0,1659
1649764544.171316,1,300,221,75.75,26.96,0,1659
1649764544.196313,1,300,227,60.72,25.84,0,1659
1649764544.221310,1,300,220,74.17,25.96,0,1659
1649764544.246308,1,300,224,60.45,88.92,1,1743
1649764544.271305,1,300,208,84.17,26.99,0,1743
1649764544.296302,1,300,228,64.62,25.63,0,1743
1649764544.321300,1,300,224,77.04,24.89,0,1743
1649764544.346297,1,300,222,63.91,26.96,0,1743
1649764544.371294,1,258,198,77.14,24.36,0,1743
1649764544.396291,1,300,225,63.43,88.25,1,1800
1649764544.421289,1,300,217,75.59,26.07,0,1800
1649764544.446286,1,300,223,63.38,24.45,0,1800
1649764544.471283,1,300,219,76.74,24.89,0,1800
1649764544.496281,1,300,221,63.49,24.97,0,1800
1649764544.521278,1,278,203,75.96,24.37,0,1800
1649764544.546275,1,300,223,63.83,105.11,1,1799
1649764544.571273,1,300,215,77.45,25.10,0,1799
1649764544.596270,1,300,225,64.00,25.13,0,1799
1649764544.621267,1,300,220,76.47,25.06,0,1799
1649764544.646265,1,300,222,64.34,25.12,0,1799
1649764544.671262,1,300,218,77.73,24.99,0,1799
1649764544.696259,1,300,224,64.48,80.62,1,1877
1649764544.721256,1,300,209,76.78,26.10,0,1877
1649764544.746254,1,300,216,65.04,26.34,0,1877
1649764544.771251,1,300,217,78.14,25.29,0,1877
1649764544.796248,1,300,211,65.15,25.68,0,1877
1649764544.821246,1,300,194,77.05,25.55,0,1877
1649764544.846243,1,300,200,65.63,95.88,1,1950
1649764544.871240,1,300,204,78.29,26.25,0,1950
1649764544.896238,1,300,204,65.62,26.42,0,1950
1649764544.921235,1,300,209,77.14,25.09,0,1950
1649764544.946232,1,300,203,66.14,26.07,0,1950
1649764544.971230,1,300,210,78.37,26.19,0,1950
1649764544.996227,1,300,205,66.28,95.20,1,2033
1649764545.021224,1,300,207,77.43,25.95,0,2033
1649764545.046221,1,300,203,67.05,24.96,0,2033
1649764545.071219,1,300,203,78.87,24.91,0,2033
1649764545.096216,1,300,197,67.29,25.46,0,2033
1649764545.121213,1,300,207,78.12,25.14,0,2033
1649764545.146211,1,300,195,68.28,123.33,1,2057
1649764545.171208,1,300,194,79.99,25.45,0,2057
1649764545.196205,1,300,193,68.92,26.58,0,2057
1649764545.221202,1,300,195,79.81,26.56,0,2057
1649764545.246200,1,300,190,70.62,25.56,0,2057
1649764545.271197,1,300,196,82.40,25.59,0,2057
1649764545.296194,1,300,189,67.45,105.51,1,2070
1649764545.321192,1,300,186,78.15,26.34,0,2070
1649764545.346189,1,300,177,69.36,25.46,0,2070
1649764545.371186,1,300,177,80.67,25.92,0,2070
1649764545.396183,1,300,151,70.38,27.60,0,2070
1649764545.421181,1,300,162,80.86,24.86,0,2070
1649764545.446178,1,300,158,72.36,90.04,1,2088
1649764545.471175,1,300,167,83.36,27.11,0,2088
1649764545.496173,1,300,159,68.94,26.16,0,2088
1649764545.521170,1,300,172,78.66,25.04,0,2088
1649764545.546168,1,300,141,70.57,25.76,0,2088
1649764545.571165,1,300,147,80.38,25.70,0,2088
1649764545.596162,1,300,146,66.87,92.25,1,2138
1649764545.621159,1,300,147,75.27,26.45,0,2138
1649764545.646157,1,300,142,67.55,26.03,0,2138
1649764545.671154,1,300,133,76.22,26.21,0,2138
1649764545.696151,1,300,133,67.34,25.47,0,2138
1649764545.721148,1,300,133,75.13,25.33,0,2138
1649764545.746146,1,300,132,68.27,133.48,1,2116
1649764545.771143,1,300,126,76.46,25.98,0,2116
1649764545.796140,1,300,122,68.37,26.95,0,2116
1649764545.821138,1,300,122,75.63,25.63,0,2116
1649764545.846135,1,300,126,69.51,25.81,0,2116
1649764545.871132,1,300,118,77.04,27.37,0,2116
1649764545.896130,1,300,118,69.58,123.49,1,2086
1649764545.921127,1,300,114,76.10,28.19,0,2086
1649764545.946124,1,300,110,70.72,27.27,0,2086
1649764545.971121,1,300,100,77.56,26.80,0,2086
1649764545.996119,1,300,103,67.14,27.56,0,2086
1649764546.021116,1,300,106,72.88,27.29,0,2086
1649764546.046113,1,300,98,68.46,135.40,1,2083
1649764546.071111,1,300,101,74.12,27.89,0,2083
1649764546.096108,1,300,95,68.43,28.11,0,2083
1649764546.121105,1,300,85,73.18,28.04,0,2083
1649764546.146103,1,300,85,69.40,28.02,0,2083
1649764546.171100,1,300,81,74.25,28.69,0,2083
1649764546.196097,1,300,74,69.35,144.00,1,2070
1649764546.221095,1,300,71,73.23,29.00,0,2070
1649764546.246092,1,300,70,70.17,27.89,0,2070
1649764546.271089,1,300,73,73.85,30.58,0,2070
1649764546.296087,1,300,65,69.31,30.10,0,2070
1649764546.321084,1,300,64,71.86,30.71,0,2070
1649764546.346081,1,300,57,69.07,121.69,1,2064
1649764546.371078,1,300,58,71.47,31.06,0,2064
1649764546.396076,1,300,55,67.68,32.27,0,2064
1649764546.421073,1,300,58,69.55,31.37,0,2064
1649764546.446070,1,300,50,67.81,31.60,0,2064
1649764546.471068,1,300,43,69.85,32.10,0,2064
1649764546.496065,1,300,42,67.25,125.34,1,2055
1649764546.521062,1,300,40,68.58,32.33,0,2055
1649764546.546060,1,300,42,67.52,31.54,0,2055
1649764546.571057,1,300,38,68.64,31.34,0,2055
1649764546.596054,1,300,34,66.56,32.28,0,2055
1649764546.621051,1,300,33,67.05,32.55,0,2055
1649764546.646049,1,300,34,66.25,144.59,1,2046
1649764546.671046,1,300,32,66.54,33.17,0,2046
1649764546.696043,1,300,30,65.19,34.04,0,2046
1649764546.721041,1,300,28,65.07,32.15,0,2046
1649764546.746038,1,300,24,65.34,32.45,0,2046
1649764546.771035,1,300,19,65.10,32.22,0,2046
1649764546.796032,1,300,16,64.36,126.31,1,2056
1649764546.821030,1,300,14,63.61,33.39,0,2056
1649764546.846027,1,300,16,64.25,34.76,0,2056
1649764546.871024,1,300,15,63.48,33.21,0,2056
1649764546.896022,1,300,17,63.19,33.50,0,2056
1649764546.921019,1,300,17,61.92,33.56,0,2056
1649764546.946017,1,300,19,63.03,129.07,1,2108
1649764546.971014,1,300,18,61.82,33.73,0,2108
1649764546.996011,1,300,18,62.19,35.58,0,2108
1649764547.021008,1,300,14,60.59,33.88,0,2108
1649764547.046005,1,300,15,62.39,34.11,0,2108
1649764547.071003,1,300,13,60.89,35.04,0,2108
1649764547.096002,1,300,11,62.00,202.09,1,2140
1649764547.120999,1,300,10,60.38,35.28,0,2140
1649764547.145997,1,300,8,62.81,35.28,0,2140
1649764547.170994,1,300,7,61.26,34.53,0,2140
1649764547.195991,1,300,7,62.86,34.43,0,2140
1649764547.220989,1,300,10,60.94,34.95,0,2140
1649764547.245986,1,300,10,63.51,179.37,1,2130
1649764547.270983,1,300,10,61.64,34.95,0,2130
1649764547.295981,1,300,8,63.50,34.11,0,2130
1649764547.320978,1,300,9,61.38,35.32,0,2130
1649764547.345975,1,300,9,64.19,35.38,0,2130
1649764547.370972,1,300,7,62.19,34.65,0,2130
1649764547.395970,1,300,7,64.27,142.19,1,2053
1649764547.420967,1,300,3,62.15,34.49,0,2053
1649764547.445965,1,300,4,65.13,34.05,0,2053
1649764547.470962,1,300,4,63.11,33.68,0,2053
1649764547.495959,1,300,7,65.38,35.94,0,2053
1649764547.520957,1,300,5,63.17,34.06,0,2053
1649764547.545954,1,300,5,66.13,149.27,1,1934
1649764547.570951,1,300,4,63.92,33.48,0,1934
1649764547.595948,1,300,4,66.33,33.06,0,1934
1649764547.620946,1,300,3,64.06,34.08,0,1934
1649764547.645943,1,300,2,67.11,33.46,0,1934
1649764547.670940,1,300,3,64.98,33.10,0,1934
1649764547.695938,1,300,5,67.34,123.49,1,1858
1649764547.720935,1,300,5,65.07,33.54,0,1858
1649764547.745932,1,300,4,67.79,34.93,0,1858
1649764547.770929,1,300,7,65.51,33.12,0,1858
1649764547.795927,1,300,4,67.74,33.80,0,1858
1649764547.820924,1,300,6,65.73,33.54,0,1858
1649764547.845921,1,300,7,68.42,119.01,1,1775
1649764547.870919,1,300,8,66.81,34.50,0,1775
1649764547.895916,1,300,12,69.25,33.73,0,1775
1649764547.920913,1,300,9,68.06,32.49,0,1775
1649764547.945910,1,300,12,70.88,33.96,0,1775
1649764547.970908,1,300,9,70.05,33.78,0,1775
1649764547.995905,1,300,13,72.49,132.38,1,1727
1649764548.020902,1,300,18,71.63,32.88,0,1727
1649764548.045900,1,300,29,73.69,31.93,0,1727
1649764548.070897,1,300,32,72.99,30.59,0,1727
1649764548.095894,1,300,47,74.44,31.39,0,1727
1649764548.120892,1,300,48,73.98,29.82,0,1727
1649764548.145889,1,300,55,75.52,105.86,1,1669
1649764548.170886,1,300,64,75.23,29.16,0,1669
1649764548.195884,1,300,74,76.49,27.83,0,1669
1649764548.220881,1,300,84,76.40,27.17,0,1669
1649764548.245878,1,298,88,78.02,25.74,0,1669
1649764548.270875,1,298,94,78.54,24.66,0,1669
1649764548.295873,1,300,94,75.87,111.96,1,1610
1649764548.320870,1,300,102,75.94,24.10,0,1610
1649764548.345867,1,288,106,72.88,22.90,0,1610
1649764548.370865,1,300,112,72.92,22.05,0,1610
1649764548.395862,1,300,109,73.92,21.67,0,1610
1649764548.420859,1,300,113,74.07,21.44,0,1610
1649764548.445857,1,300,107,71.06,106.77,1,1568
1649764548.470854,1,300,107,71.18,21.27,0,1568
1649764548.495851,1,300,107,71.94,20.93,0,1568
1649764548.520849,1,300,109,71.98,21.17,0,1568
1649764548.545846,1,300,103,72.49,20.96,0,1568
1649764548.570843,1,300,101,72.32,20.72,0,1568
1649764548.595840,1,300,98,72.65,114.48,1,1505
1649764548.620838,1,300,102,72.41,21.35,0,1505
1649764548.645835,1,300,102,72.59,20.52,0,1505
1649764548.670832,1,300,106,72.29,20.44,0,1505
1649764548.695829,1,300,100,72.42,20.98,0,1505
1649764548.720827,1,300,106,72.11,21.12,0,1505
1649764548.745824,1,300,104,72.29,80.73,1,1421
1649764548.770822,1,300,103,72.02,22.14,0,1421
1649764548.795819,1,300,103,72.25,21.12,0,1421
1649764548.820816,1,300,106,72.02,21.67,0,1421
1649764548.845814,1,300,105,72.18,21.27,0,1421
1649764548.870811,1,300,103,71.85,21.22,0,1421
1649764548.895808,1,294,101,71.95,116.48,1,1336
1649764548.920805,1,300,105,71.65,21.98,0,1336
1649764548.945802,1,300,107,71.80,21.96,0,1336
1649764548.970800,1,300,111,71.59,21.00,0,1336
1649764548.995797,1,300,111,71.84,21.21,0,1336
1649764549.020795,1,300,113,71.68,21.01,0,1336
1649764549.045792,1,300,114,71.90,109.18,1,1265
1649764549.070789,1,300,112,71.76,22.47,0,1265
1649764549.095787,1,300,118,72.02,21.49,0,1265
1649764549.120784,1,300,115,71.90,17.09,0,1265
1649764549.145781,1,300,112,72.17,22.21,0,1265
1649764549.170778,1,300,112,72.17,22.43,0,1265
1649764549.195776,1,300,108,72.62,110.80,1,1172
1649764549.220773,1,300,108,72.69,22.69,0,1172
1649764549.245770,1,300,113,73.00,21.64,0,1172
1649764549.270768,1,300,116,72.86,22.33,0,1172
1649764549.295765,1,300,120,72.88,22.19,0,1172
1649764549.320762,1,300,117,72.43,22.23,0,1172
1649764549.345759,1,300,117,72.25,120.18,1,1077
1649764549.370757,1,300,119,71.72,23.18,0,1077
1649764549.395754,1,300,121,71.64,22.12,0,1077
1649764549.420751,1,300,122,71.35,22.56,0,1077
1649764549.445749,1,300,118,71.43,23.09,0,1077
1649764549.470746,1,300,120,71.16,22.50,0,1077
1649764549.495743,1,300,125,71.24,104.57,1,1004
1649764549.520741,1,300,119,70.97,24.45,0,1004
1649764549.545738,1,300,126,71.01,23.45,0,1004
1649764549.570735,1,300,131,70.69,23.02,0,1004
1649764549.595732,1,292,128,70.74,22.84,0,1004
1649764549.620730,1,300,136,70.39,23.12,0,1004
1649764549.645727,1,300,143,70.35,102.12,1,960
1649764549.670724,1,300,131,69.93,25.11,0,960
1649764549.695722,1,300,127,69.83,24.14,0,960
1649764549.720719,1,292,128,69.48,24.14,0,960
1649764549.745716,1,300,143,69.49,24.30,0,960
1649764549.770714,1,300,144,69.25,23.95,0,960
1649764549.795711,1,297,142,69.29,111.90,1,928
1649764549.820708,1,293,145,69.00,24.84,0,928
1649764549.845706,1,300,136,68.99,24.99,0,928
1649764549.870703,1,300,131,68.69,24.38,0,928
1649764549.895700,1,300,129,68.69,24.56,0,928
1649764549.920697,1,300,127,68.51,24.30,0,928
1649764549.945695,1,300,124,68.59,105.08,1,912
1649764549.970692,1,300,123,68.41,23.81,0,912
1649764549.995689,1,300,127,68.49,24.51,0,912
1649764550.020687,1,300,124,68.33,23.94,0,912
1649764550.045684,1,300,128,68.41,17.79,0,912
1649764550.070681,1,300,126,68.23,22.82,0,912
1649764550.095679,1,300,134,68.29,107.44,1,906
1649764550.120676,1,300,130,68.16,24.01,0,906
1649764550.145673,1,300,133,68.28,24.35,0,906
1649764550.170670,1,300,135,68.18,23.40,0,906
1649764550.195668,1,300,137,68.32,23.09,0,906
1649764550.220665,1,300,139,68.27,23.96,0,906
1649764550.245662,1,298,135,68.49,112.11,1,893
1649764550.270660,1,293,134,68.53,23.65,0,893
1649764550.295657,1,300,143,68.78,23.75,0,893
1649764550.320654,1,300,142,68.86,24.74,0,893
1649764550.345652,1,292,133,69.09,24.50,0,893
1649764550.370649,1,289,129,69.13,24.54,0,893
1649764550.395646,1,282,129,69.36,114.58,1,884
1649764550.420643,1,280,126,69.44,24.80,0,884
1649764550.445641,1,272,121,69.76,23.62,0,884
1649764550.470638,1,268,119,69.93,25.28,0,884
1649764550.495635,1,267,112,70.34,24.09,0,884
1649764550.520633,1,257,108,70.68,24.34,0,884
1649764550.545630,1,300,120,71.33,129.05,1,883
1649764550.570627,1,300,124,71.84,28.49,0,883
1649764550.595625,1,287,117,72.61,26.01,0,883
1649764550.620622,1,267,113,73.14,25.54,0,883
1649764550.645619,1,258,121,73.80,24.83,0,883
1649764550.670617,1,252,118,74.19,24.24,0,883
1649764550.695614,1,243,121,74.74,141.12,1,873
1649764550.720611,1,234,110,75.06,23.56,0,873
1649764550.745608,1,300,116,75.46,24.78,0,873
1649764550.770606,1,300,120,75.69,27.88,0,873
1649764550.795603,1,300,120,76.06,27.31,0,873
1649764550.820600,1,300,129,76.25,27.26,0,873
1649764550.845598,1,300,128,76.66,140.56,1,840
1649764550.870595,1,300,129,76.91,28.12,0,840
1649764550.895592,1,300,117,77.34,28.11,0,840
1649764550.920590,1,271,120,77.69,26.21,0,840
1649764550.945587,1,257,108,78.21,24.10,0,840
1649764550.970584,1,246,106,78.53,23.50,0,840
1649764550.995581,1,294,111,74.49,138.42,1,828
1649764551.020579,1,280,106,74.71,26.32,0,828
1649764551.045576,1,274,106,75.12,25.53,0,828
1649764551.070573,1,259,105,75.41,26.46,0,828
1649764551.095574,1,300,96,75.74,26.73,0,828
1649764551.120571,1,300,97,75.85,27.77,0,828
1649764551.145569,1,268,91,76.12,143.54,1,833
1649764551.170566,1,253,86,76.32,25.06,0,833
1649764551.195564,1,300,85,76.63,26.46,0,833
1649764551.220561,1,269,72,76.76,26.98,0,833
1649764551.245558,1,258,69,77.06,25.25,0,833
1649764551.270555,1,249,66,77.25,25.04,0,833
1649764551.295553,1,241,62,77.52,126.76,1,840
1649764551.320550,1,233,53,77.58,23.25,0,840
1649764551.345547,1,232,49,77.65,24.42,0,840
1649764551.370545,1,229,50,77.46,22.95,0,840
1649764551.395542,1,225,47,77.36,23.09,0,840
1649764551.420539,1,225,45,76.94,23.37,0,840
1649764551.445537,1,211,42,76.57,146.04,1,828
1649764551.470534,1,217,42,76.17,23.83,0,828
1649764551.495531,1,211,46,76.20,22.95,0,828
1649764551.520529,1,211,49,76.27,22.32,0,828
1649764551.545526,1,194,50,76.54,22.04,0,828
1649764551.570523,1,193,42,76.78,21.81,0,828
1649764551.595520,1,192,47,77.30,146.87,1,823
1649764551.620518,1,190,52,77.64,21.14,0,823
1649764551.645515,1,181,53,78.06,20.77,0,823
1649764551.670512,1,178,53,78.44,20.81,0,823
1649764551.695510,1,178,56,78.78,20.44,0,823
1649764551.720507,1,177,62,78.78,20.41,0,823
1649764551.745504,1,168,56,78.72,142.72,1,811
1649764551.770502,1,300,62,78.44,26.58,0,811
1649764551.795499,1,300,79,78.09,28.57,0,811
1649764551.820496,1,300,85,77.58,29.84,0,811
1649764551.845494,1,300,90,77.11,30.25,0,811
1649764551.870491,1,300,88,76.52,29.79,0,811
1649764551.895488,1,300,89,75.93,154.73,1,833
1649764551.920486,1,300,95,75.24,30.07,0,833
1649764551.945483,1,300,97,74.57,29.00,0,833
1649764551.970480,1,300,98,73.88,29.46,0,833
1649764551.995477,1,300,99,73.20,30.22,0,833
1649764552.020475,1,300,98,72.40,30.00,0,833
1649764552.045472,1,300,104,71.50,120.23,1,858
1649764552.070470,1,300,106,70.54,29.94,0,858
1649764552.095467,1,229,101,69.47,25.86,0,858
1649764552.120464,1,230,91,68.37,23.26,0,858
1649764552.145462,1,300,91,67.22,27.80,0,858
1649764552.170459,1,300,85,66.07,29.22,0,858
1649764552.195456,1,300,98,64.96,140.64,1,809
1649764552.220453,1,300,95,63.95,30.72,0,809
1649764552.245450,1,300,87,62.91,29.66,0,809
1649764552.270448,1,300,98,61.98,28.85,0,809
1649764552.295445,1,300,90,61.01,30.48,0,809
1649764552.320443,1,300,99,60.13,29.77,0,809
1649764552.345440,1,300,102,59.22,130.11,1,764
1649764552.370437,1,300,99,58.48,29.34,0,764
1649764552.395434,1,300,101,57.73,29.74,0,764
1649764552.420432,1,300,102,64.91,29.20,0,764
1649764552.445429,1,269,107,64.29,26.48,0,764
1649764552.470427,1,257,108,63.94,25.32,0,764
1649764552.495424,1,259,106,63.76,118.70,1,724
1649764552.520421,1,261,110,63.80,25.94,0,724
1649764552.545419,1,253,107,63.81,25.20,0,724
1649764552.570416,1,280,106,63.84,26.24,0,724
1649764552.595413,1,280,109,63.79,26.27,0,724
1649764552.620410,1,281,109,63.83,25.67,0,724
1649764552.645408,1,300,107,63.81,118.74,1,707
1649764552.670405,1,300,107,63.94,28.88,0,707
1649764552.695402,1,300,109,64.05,27.65,0,707
1649764552.720400,1,298,105,64.30,26.88,0,707
1649764552.745397,1,300,105,64.47,30.57,0,707
1649764552.770394,1,300,104,64.73,27.89,0,707
1649764552.795392,1,300,110,64.88,82.29,1,758
1649764552.820389,1,300,107,65.12,27.24,0,758
1649764552.845386,1,300,109,65.21,26.61,0,758
1649764552.870384,1,300,108,65.38,21.16,0,758
1649764552.895381,1,299,116,65.32,25.55,0,758
1649764552.920378,1,300,112,65.28,25.47,0,758
1649764552.945375,1,300,114,65.08,120.52,1,761
1649764552.970373,1,300,115,64.97,27.92,0,761
1649764552.995370,1,300,116,64.66,27.81,0,761
1649764553.020368,1,300,115,64.51,27.81,0,761
1649764553.045365,1,300,119,64.24,27.09,0,761
1649764553.070362,1,300,113,64.12,21.25,0,761
1649764553.095360,1,300,112,63.95,77.73,1,753
1649764553.120357,1,300,113,63.96,21.02,0,753
1649764553.145354,1,300,111,63.88,26.14,0,753
1649764553.170351,1,300,110,64.05,20.62,0,753
1649764553.195349,1,300,112,64.10,20.71,0,753
1649764553.220346,1,300,113,64.36,20.60,0,753
1649764553.245343,1,300,111,64.45,114.56,1,731
1649764553.270341,1,300,114,64.72,20.97,0,731
1649764553.295338,1,300,113,64.73,20.53,0,731
1649764553.320335,1,300,112,64.79,20.24,0,731
1649764553.345333,1,300,112,64.58,26.05,0,731
1649764553.370330,1,300,114,64.58,21.26,0,731
1649764553.395327,1,300,115,64.36,97.93,1,724
1649764553.420325,1,300,112,64.34,21.12,0,724
1649764553.445322,1,300,114,64.12,20.89,0,724
1649764553.470319,1,300,114,64.05,26.70,0,724
1649764553.495317,1,300,110,63.79,20.84,0,724
1649764553.520314,1,300,115,63.74,25.80,0,724
1649764553.545311,1,300,114,63.52,138.52,1,717
1649764553.570308,1,300,113,63.49,27.06,0,717
1649764553.595306,1,300,112,63.27,20.63,0,717
1649764553.620303,1,300,114,63.30,20.83,0,717
1649764553.645300,1,300,115,63.14,20.87,0,717
1649764553.670298,1,300,116,63.21,26.24,0,717
1649764553.695295,1,300,112,63.05,132.08,1,692
1649764553.720292,1,300,111,63.14,20.78,0,692
1649764553.745290,1,300,110,63.07,20.88,0,692
1649764553.770287,1,300,112,63.17,20.47,0,692
1649764553.795284,1,300,109,63.12,20.39,0,692
1649764553.820282,1,300,110,63.31,20.65,0,692
1649764553.845279,1,300,110,63.26,114.54,1,651
1649764553.870276,1,300,108,63.44,27.02,0,651
1649764553.895273,1,300,108,63.39,20.62,0,651
1649764553.920271,1,300,110,63.50,20.07,0,651
1649764553.945268,1,300,108,63.34,20.39,0,651
1649764553.970265,1,299,106,63.33,25.51,0,651
1649764553.995263,1,299,107,63.09,85.12,1,605
1649764554.020260,1,299,109,63.07,25.59,0,605
1649764554.045258,1,299,108,62.96,25.55,0,605
1649764554.070255,1,299,109,63.06,25.38,0,605
1649764554.095252,1,300,111,62.94,24.81,0,605
1649764554.120249,1,300,113,63.09,26.85,0,605
1649764554.145247,1,300,110,62.98,80.09,1,580
1649764554.170244,1,300,112,63.09,20.40,0,580
1649764554.195241,1,300,110,62.97,20.24,0,580
1649764554.220239,1,300,111,63.10,20.35,0,580
1649764554.245236,1,300,109,62.98,20.05,0,580
1649764554.270233,1,300,109,63.10,20.30,0,580
1649764554.295231,1,300,110,62.98,81.66,1,575
1649764554.320228,1,300,108,63.11,20.88,0,575
1649764554.345225,1,300,110,63.01,20.42,0,575
1649764554.370223,1,300,115,63.18,20.50,0,575
1649764554.395220,1,300,111,63.02,20.04,0,575
1649764554.420217,1,300,112,63.16,20.17,0,575
1649764554.445215,1,300,110,63.04,122.90,1,555
1649764554.470212,1,300,112,63.19,20.23,0,555
1649764554.495209,1,300,111,63.04,20.17,0,555
1649764554.520206,1,300,111,63.19,20.25,0,555
1649764554.545204,1,300,111,63.07,20.32,0,555
1649764554.570201,1,300,115,63.20,20.06,0,555
1649764554.595198,1,300,113,63.07,125.44,1,536
1649764554.620196,1,300,113,63.24,20.27,0,536
1649764554.645193,1,300,115,63.09,20.30,0,536
1649764554.670190,1,300,112,63.24,20.32,0,536
1649764554.695188,1,300,113,63.11,20.11,0,536
1649764554.720185,1,300,115,63.25,26.29,0,536
1649764554.745182,1,300,112,63.12,119.75,1,497
1649764554.770180,1,300,115,63.28,26.62,0,497
1649764554.795177,1,300,114,63.16,20.50,0,497
1649764554.820174,1,300,114,63.28,20.14,0,497
1649764554.845171,1,300,114,63.13,19.98,0,497
1649764554.870169,1,300,113,63.29,20.37,0,497
1649764554.895166,1,300,108,63.14,127.59,1,497
1649764554.920163,1,300,115,63.31,20.23,0,497
1649764554.945161,1,300,113,63.17,20.13,0,497
1649764554.970158,1,300,112,63.33,19.98,0,497
1649764554.995156,1,300,113,63.18,20.70,0,497
1649764555.020153,1,300,111,63.34,19.99,0,497
1649764555.045150,1,300,112,63.22,85.69,1,445
1649764555.070147,1,300,111,63.36,20.19,0,445
1649764555.095145,1,300,115,63.23,19.90,0,445
1649764555.120142,1,300,116,63.36,20.02,0,445
1649764555.145139,1,300,111,63.22,20.29,0,445
1649764555.170137,1,300,115,63.36,19.81,0,445
1649764555.195134,1,300,113,63.22,135.75,1,420
1649764555.220131,1,300,114,63.37,29.00,0,420
1649764555.245128,1,300,112,63.22,20.00,0,420
1649764555.270126,1,300,113,63.38,20.35,0,420
1649764555.295123,1,300,112,63.23,20.32,0,420
1649764555.320121,1,300,114,63.38,20.09,0,420
1649764555.345118,1,300,114,63.23,264.32,1,399
1649764555.370115,1,300,115,63.40,20.50,0,399
1649764555.395113,1,300,115,63.28,20.15,0,399
1649764555.420110,1,300,117,63.47,21.76,0,399
1649764555.445107,1,300,114,63.37,20.29,0,399
1649764555.470104,1,300,119,63.52,20.20,0,399
1649764555.495102,1,300,112,63.43,117.00,1,386
1649764555.520099,1,300,111,63.62,20.81,0,386
1649764555.545096,1,300,115,63.47,19.91,0,386
1649764555.570094,1,300,114,63.59,19.92,0,386
1649764555.595091,1,300,114,63.43,19.66,0,386
1649764555.620088,1,300,112,63.55,20.04,0,386
1649764555.645086,1,300,114,63.37,187.71,1,391
1649764555.670083,1,300,112,63.46,20.34,0,391
1649764555.695080,1,300,111,63.28,20.19,0,391
1649764555.720078,1,300,110,63.37,25.99,0,391
1649764555.745075,1,300,112,63.19,20.06,0,391
1649764555.770072,1,300,110,63.28,20.25,0,391
1649764555.795069,1,300,114,63.07,106.45,1,383
1649764555.820067,1,300,110,63.13,20.40,0,383
1649764555.845064,1,300,109,62.93,20.23,0,383
1649764555.870062,1,300,111,62.98,20.10,0,383
1649764555.895059,1,300,112,62.77,20.04,0,383
1649764555.920056,1,300,111,62.81,20.35,0,383
1649764555.945053,1,300,114,62.61,120.92,1,380
1649764555.970051,1,300,112,62.66,20.34,0,380
1649764555.995048,1,300,115,62.43,19.96,0,380
1649764556.020045,1,300,116,62.46,20.20,0,380
1649764556.045043,1,300,114,62.21,27.13,0,380
1649764556.070040,1,300,117,62.20,20.67,0,380
1649764556.095035,1,300,118,61.96,153.56,1,331
1649764556.120032,1,300,111,61.94,20.18,0,331
1649764556.145029,1,300,114,61.75,26.56,0,331
1649764556.170027,1,300,115,70.37,20.16,0,331
1649764556.195024,1,300,112,70.29,27.58,0,331
1649764556.220021,1,300,112,70.48,19.97,0,331
1649764556.245018,1,300,115,70.42,188.81,1,331
1649764556.270016,1,300,115,70.64,19.88,0,331
1649764556.295013,1,300,115,70.60,20.23,0,331
1649764556.320010,1,300,113,70.82,19.69,0,331
1649764556.345008,1,300,114,70.76,19.87,0,331
1649764556.370005,1,300,109,70.94,19.88,0,331
1649764556.395002,1,300,113,70.90,135.68,1,306
1649764556.420000,1,300,112,71.08,20.19,0,306
1649764556.444997,1,300,115,70.99,20.29,0,306
1649764556.469994,1,300,112,71.15,19.83,0,306
1649764556.494992,1,300,114,71.04,19.71,0,306
1649764556.519989,1,300,113,71.18,19.68,0,306
1649764556.544986,1,300,111,71.06,87.09,1,273
1649764556.569983,1,300,112,71.20,20.05,0,273
1649764556.594981,1,300,115,71.10,20.65,0,273
1649764556.619978,1,300,113,71.24,20.12,0,273
1649764556.644976,1,300,112,71.15,19.91,0,273
1649764556.669973,1,300,111,71.27,19.90,0,273
1649764556.694970,1,300,113,71.21,101.32,1,267
1649764556.719968,1,300,111,71.35,19.99,0,267
1649764556.744965,1,300,112,71.28,20.22,0,267
1649764556.769962,1,300,112,71.42,20.07,0,267
1649764556.794960,1,300,113,71.36,19.74,0,267
1649764556.819957,1,300,112,71.48,19.80,0,267
1649764556.844954,1,300,112,71.42,77.60,1,224
1649764556.869951,1,300,113,71.54,19.98,0,224
1649764556.894949,1,300,111,71.49,19.75,0,224
1649764556.919946,1,300,113,71.61,19.71,0,224
1649764556.944943,1,300,113,71.56,19.82,0,224
1649764556.969940,1,300,110,71.66,19.88,0,224
1649764556.994938,1,300,113,71.64,62.14,1,205
1649764557.019935,1,300,110,71.74,20.30,0,205
1649764557.044933,1,300,111,71.67,20.05,0,205
1649764557.069930,1,300,113,71.78,19.79,0,205
1649764557.094927,1,300,112,71.72,19.65,0,205
1649764557.119925,1,300,111,71.80,19.78,0,205
1649764557.144922,1,300,112,71.74,83.45,1,207
1649764557.169919,1,300,112,71.80,20.36,0,207
1649764557.194917,1,300,113,71.74,19.93,0,207
1649764557.219914,1,300,112,71.79,19.76,0,207
1649764557.244911,1,300,111,71.73,19.91,0,207
1649764557.269908,1,300,109,71.77,19.61,0,207
1649764557.294906,1,300,112,71.72,74.81,1,219
1649764557.319903,1,300,111,71.75,20.01,0,219
1649764557.344900,1,300,110,71.68,19.77,0,219
1649764557.369898,1,300,109,71.72,19.80,0,219
1649764557.394895,1,300,109,71.68,20.27,0,219
1649764557.419892,1,300,109,71.71,19.97,0,219
1649764557.444890,1,300,109,71.68,63.41,1,219
1649764557.469887,1,300,111,71.71,20.10,0,219
1649764557.494884,1,300,113,71.68,19.86,0,219
1649764557.519881,1,300,113,71.73,19.66,0,219
1649764557.544879,1,300,112,71.69,19.64,0,219
1649764557.569876,1,300,108,71.74,19.84,0,219
1649764557.594874,1,300,114,71.70,66.06,1,219
1649764557.619871,1,300,111,71.76,20.07,0,219
1649764557.644868,1,300,111,71.77,24.95,0,219
1649764557.669865,1,300,112,71.80,19.80,0,219
1649764557.694863,1,300,114,71.77,19.80,0,219
1649764557.719860,1,300,111,71.81,19.72,0,219
1649764557.744857,1,300,111,71.79,70.23,1,215
1649764557.769855,1,300,113,71.80,20.15,0,215
1649764557.794852,1,300,112,71.80,19.81,0,215
1649764557.819849,1,300,112,71.81,20.61,0,215
1649764557.844846,1,300,112,71.82,20.11,0,215
1649764557.869844,1,300,113,71.82,19.75,0,215
1649764557.894841,1,300,111,71.83,72.88,1,207
1649764557.919839,1,300,113,71.85,20.01,0,207
1649764557.944836,1,300,111,71.85,19.97,0,207
1649764557.969833,1,300,112,71.84,19.59,0,207
1649764557.994831,1,300,115,71.87,19.87,0,207
1649764558.019828,1,300,110,71.88,19.89,0,207
1649764558.044825,1,300,113,71.89,98.75,1,238
1649764558.069823,1,300,111,71.90,19.83,0,238
1649764558.094820,1,300,110,71.90,19.62,0,238
1649764558.119817,1,300,112,71.89,19.79,0,238
1649764558.144814,1,300,114,71.90,19.72,0,238
1649764558.169812,1,300,112,71.89,19.87,0,238
1649764558.194809,1,300,112,71.92,88.25,1,228
1649764558.219806,1,300,112,71.91,19.87,0,228
1649764558.244804,1,300,113,71.95,19.61,0,228
1649764558.269801,1,300,114,71.94,19.59,0,228
1649764558.294798,1,300,115,71.99,19.46,0,228
1649764558.319796,1,300,110,71.97,20.19,0,228
1649764558.344793,1,300,113,71.98,75.04,1,223
1649764558.369790,1,300,113,71.94,19.95,0,223
1649764558.394788,1,300,114,72.00,19.61,0,223
1649764558.419785,1,300,113,71.94,19.47,0,223
1649764558.444782,1,300,112,71.96,19.64,0,223
1649764558.469780,1,300,112,71.81,19.65,0,223
1649764558.494777,1,300,114,71.78,128.89,1,232
1649764558.519774,1,300,110,71.70,20.36,0,232
1649764558.544772,1,300,112,71.76,25.68,0,232
1649764558.569769,1,300,111,71.76,25.62,0,232
1649764558.594766,1,300,111,71.82,19.98,0,232
1649764558.619763,1,300,112,71.74,19.80,0,232
1649764558.644761,1,300,111,71.77,101.53,1,232
1649764558.669758,1,300,112,71.67,19.88,0,232
1649764558.694755,1,300,113,71.74,19.60,0,232
1649764558.719753,1,300,111,71.68,19.54,0,232
1649764558.744750,1,300,109,71.72,19.87,0,232
1649764558.769747,1,300,111,71.66,19.89,0,232
1649764558.794744,1,300,113,71.71,82.51,1,215
1649764558.819742,1,300,113,71.60,19.87,0,215
1649764558.844739,1,300,113,71.68,20.05,0,215
1649764558.869737,1,300,111,71.57,20.27,0,215
1649764558.894734,1,300,111,71.61,19.53,0,215
1649764558.919731,1,300,112,71.55,19.49,0,215
1649764558.944729,1,300,113,71.61,100.56,1,204
1649764558.969726,1,300,117,71.56,20.04,0,204
1649764558.994723,1,300,116,71.66,19.51,0,204
1649764559.019721,1,300,115,71.59,19.50,0,204
1649764559.044718,1,300,113,71.75,19.53,0,204
1649764559.069715,1,300,115,71.73,19.63,0,204
1649764559.094712,1,300,115,71.90,146.69,1,181
1649764559.119710,1,300,114,71.87,19.83,0,181
1649764559.144707,1,300,115,72.05,19.75,0,181
1649764559.169704,1,300,111,71.99,20.00,0,181
1649764559.194702,1,300,112,72.19,19.69,0,181
1649764559.219699,1,300,112,72.12,19.74,0,181
1649764559.244696,1,300,113,72.20,143.96,1,172
1649764559.269694,1,300,113,72.15,19.81,0,172
1649764559.294691,1,300,115,72.28,19.94,0,172
1649764559.319689,1,300,110,72.16,19.79,0,172
1649764559.344686,1,300,116,72.27,19.61,0,172
1649764559.369683,1,300,113,72.13,19.72,0,172
1649764559.394680,1,300,115,72.26,87.71,1,161
1649764559.419678,1,300,117,72.12,19.68,0,161
1649764559.444675,1,300,115,72.22,19.71,0,161
1649764559.469672,1,300,117,72.06,19.59,0,161
1649764559.494670,1,300,114,72.17,20.65,0,161
1649764559.519667,1,300,114,71.83,27.39,0,161
1649764559.544664,1,300,109,71.62,118.22,1,246
1649764559.569661,1,300,109,71.31,26.50,0,246
1649764559.594659,1,297,106,71.51,25.83,0,246
1649764559.619656,1,297,105,71.80,25.99,0,246
1649764559.644653,1,289,104,72.58,25.90,0,246
1649764559.669651,1,275,103,73.29,25.36,0,246
1649764559.694648,1,273,102,74.33,219.95,1,268
1649764559.719645,1,268,108,75.07,24.62,0,268
1649764559.744642,1,261,114,76.04,24.10,0,268
1649764559.769640,1,258,117,76.66,23.62,0,268
1649764559.794637,1,292,111,77.56,24.04,0,268
1649764559.819635,1,300,124,78.24,26.33,0,268
1649764559.844632,1,300,124,79.32,209.09,1,298
1649764559.869629,1,265,121,80.16,24.83,0,298
1649764559.894627,1,300,122,81.41,25.27,0,298
1649764559.919624,1,300,125,82.39,26.81,0,298
1649764559.944621,1,300,138,78.43,25.69,0,298
1649764559.969618,1,300,133,79.21,27.46,0,298
1649764559.994616,1,300,133,80.30,102.37,1,350
1649764560.019613,1,300,130,75.88,26.30,0,350
1649764560.044611,1,300,125,76.54,25.94,0,350
1649764560.069608,1,300,132,76.72,26.38,0,350
1649764560.094599,1,300,129,77.12,26.83,0,350
1649764560.119597,1,270,130,76.81,25.64,0,350
1649764560.144594,1,258,128,76.62,106.69,1,393
1649764560.169591,1,245,133,75.92,23.88,0,393
1649764560.194588,1,232,134,75.54,23.81,0,393
1649764560.219586,1,240,136,74.58,22.63,0,393
1649764560.244583,1,232,143,73.93,22.50,0,393
1649764560.269580,1,234,144,72.95,22.64,0,393
1649764560.294578,1,232,153,72.40,93.10,1,425
1649764560.319575,1,232,150,71.55,22.41,0,425
1649764560.344572,1,225,151,71.02,21.48,0,425
1649764560.369570,1,223,152,70.15,21.40,0,425
1649764560.394567,1,223,168,69.62,20.37,0,425
1649764560.419564,1,218,166,68.89,20.12,0,425
1649764560.444561,1,300,198,68.52,122.87,1,501
1649764560.469558,1,300,198,67.88,24.99,0,501
1649764560.494556,1,292,204,67.54,25.33,0,501
1649764560.519553,1,283,204,66.95,24.67,0,501
1649764560.544550,1,276,210,66.75,23.36,0,501
1649764560.569548,1,263,209,66.32,24.25,0,501
1649764560.594545,1,254,210,66.37,91.05,1,529
1649764560.619542,1,267,213,66.25,22.63,0,529
1649764560.644540,1,271,225,66.68,21.18,0,529
1649764560.669537,1,268,227,66.84,20.75,0,529
1649764560.694534,1,266,230,67.44,21.15,0,529
1649764560.719531,1,273,220,67.92,21.67,0,529
1649764560.744529,1,271,216,68.81,79.06,1,552
1649764560.769526,1,296,223,69.47,22.08,0,552
1649764560.794523,1,300,226,70.48,21.83,0,552
1649764560.819520,1,300,221,71.15,22.46,0,552
1649764560.844518,1,300,213,72.27,22.87,0,552
1649764560.869515,1,300,205,73.14,23.40,0,552
1649764560.894512,1,300,195,74.38,81.42,1,607
1649764560.919510,1,300,195,71.12,23.19,0,607
1649764560.944507,1,300,186,72.25,23.69,0,607
1649764560.969504,1,300,180,73.11,24.65,0,607
1649764560.994501,1,300,176,74.32,25.88,0,607
1649764561.019499,1,300,179,70.66,23.07,0,607
1649764561.044496,1,299,188,71.80,93.80,1,647
1649764561.069494,1,300,188,72.50,24.17,0,647
1649764561.094491,1,294,182,73.65,24.08,0,647
1649764561.119488,1,300,181,74.21,23.40,0,647
1649764561.144485,1,300,184,75.10,23.36,0,647
1649764561.169482,1,300,176,75.45,22.90,0,647
1649764561.194480,1,300,170,76.23,73.24,1,692
1649764561.219477,1,300,163,72.54,24.88,0,692
1649764561.244474,1,300,157,73.20,24.58,0,692
1649764561.269472,1,294,154,73.46,22.96,0,692
1649764561.294469,1,299,145,74.11,23.50,0,692
1649764561.319466,1,300,138,74.25,24.37,0,692
1649764561.344464,1,300,138,74.75,73.70,1,740
1649764561.369461,1,300,135,74.77,24.34,0,740
1649764561.394458,1,300,138,75.15,23.73,0,740
1649764561.419456,1,300,134,75.03,24.19,0,740
1649764561.444453,1,300,128,75.32,23.73,0,740
1649764561.469450,1,300,132,75.13,24.00,0,740
1649764561.494447,1,297,124,75.37,73.53,1,780
1649764561.519444,1,300,123,75.18,23.67,0,780
1649764561.544442,1,300,109,75.36,23.88,0,780
1649764561.569439,1,300,103,75.07,23.86,0,780
1649764561.594436,1,300,105,75.15,23.42,0,780
1649764561.619434,1,297,107,74.80,22.80,0,780
1649764561.644431,1,300,103,74.86,97.14,1,798
1649764561.669428,1,300,98,74.53,23.62,0,798
1649764561.694426,1,300,101,74.67,22.68,0,798
1649764561.719423,1,300,103,74.37,22.98,0,798
1649764561.744420,1,300,104,74.56,23.41,0,798
1649764561.769418,1,300,107,74.35,23.38,0,798
1649764561.794415,1,300,108,74.48,86.30,1,829
1649764561.819412,1,300,110,74.07,22.71,0,829
1649764561.844409,1,300,109,74.04,23.25,0,829
1649764561.869406,1,300,102,73.58,22.64,0,829
1649764561.894404,1,300,95,73.64,22.53,0,829
1649764561.919401,1,300,98,73.30,23.44,0,829
1649764561.944398,1,300,103,73.42,85.31,1,854
1649764561.969395,1,300,115,73.18,24.81,0,854
1649764561.994393,1,300,123,73.43,24.26,0,854
1649764562.019390,1,300,127,73.25,24.11,0,854
1649764562.044388,1,300,118,73.49,24.07,0,854
1649764562.069385,1,291,118,73.27,23.71,0,854
1649764562.094382,1,291,122,73.48,94.35,1,897
1649764562.119379,1,300,123,73.21,24.84,0,897
1649764562.144377,1,300,124,73.33,24.55,0,897
1649764562.169374,1,300,118,73.03,23.89,0,897
1649764562.194371,1,300,116,73.16,23.62,0,897
1649764562.219368,1,300,112,72.91,23.83,0,897
1649764562.244365,1,300,113,73.14,90.18,1,925
1649764562.269363,1,300,114,72.93,25.22,0,925
1649764562.294360,1,300,119,73.10,24.83,0,925
1649764562.319358,1,300,121,72.79,24.52,0,925
1649764562.344355,1,300,120,72.89,23.63,0,925
1649764562.369352,1,300,118,72.53,24.62,0,925
1649764562.394349,1,300,118,72.60,84.35,1,965
1649764562.419347,1,300,115,72.25,24.84,0,965
1649764562.444344,1,300,124,72.35,23.61,0,965
1649764562.469341,1,300,128,72.01,22.86,0,965
1649764562.494339,1,299,125,72.02,23.32,0,965
1649764562.519336,1,300,131,71.57,22.98,0,965
1649764562.544333,1,300,137,71.59,85.41,1,992
1649764562.569330,1,286,128,71.21,23.25,0,992
1649764562.594327,1,300,139,71.26,22.46,0,992
1649764562.619325,1,300,144,70.81,23.61,0,992
1649764562.644322,1,300,146,70.73,22.86,0,992
1649764562.669319,1,300,146,70.13,24.14,0,992
1649764562.694317,1,300,146,69.94,76.77,1,1023
1649764562.719314,1,294,145,69.37,23.47,0,1023
1649764562.744311,1,300,151,69.18,23.18,0,1023
1649764562.769309,1,300,159,68.62,24.22,0,1023
1649764562.794306,1,300,157,68.46,23.14,0,1023
1649764562.819303,1,300,160,67.92,23.02,0,1023
1649764562.844301,1,300,155,67.84,120.53,1,1053
1649764562.869298,1,300,151,67.38,24.20,0,1053
1649764562.894295,1,300,153,67.40,24.21,0,1053
1649764562.919292,1,289,151,67.03,22.97,0,1053
1649764562.944289,1,281,152,67.09,23.60,0,1053
1649764562.969287,1,274,145,66.76,22.67,0,1053
1649764562.994284,1,273,147,66.84,78.14,1,1072
1649764563.019282,1,273,152,66.51,21.57,0,1072
1649764563.044279,1,271,157,66.64,21.32,0,1072
1649764563.069276,1,300,172,66.34,21.80,0,1072
1649764563.094273,1,300,182,66.44,21.80,0,1072
1649764563.119271,1,296,175,66.05,22.72,0,1072
1649764563.144268,1,300,180,66.07,93.96,1,1096
1649764563.169265,1,300,176,65.68,24.00,0,1096
1649764563.194263,1,300,173,65.74,23.28,0,1096
1649764563.219260,1,300,165,65.32,23.34,0,1096
1649764563.244257,1,294,166,65.33,23.16,0,1096
1649764563.269254,1,282,162,64.91,23.24,0,1096
1649764563.294252,1,300,171,64.88,100.29,1,1137
1649764563.319249,1,300,173,64.49,23.81,0,1137
1649764563.344246,1,300,178,64.64,23.32,0,1137
1649764563.369243,1,300,176,64.38,23.71,0,1137
1649764563.394241,1,300,176,64.52,24.99,0,1137
1649764563.419238,1,300,171,64.16,24.10,0,1137
1649764563.444235,1,300,171,64.21,118.18,1,1146
1649764563.469233,1,298,176,63.69,23.17,0,1146
1649764563.494230,1,300,176,63.59,23.13,0,1146
1649764563.519227,1,290,163,63.08,23.02,0,1146
1649764563.544225,1,300,172,63.10,22.63,0,1146
1649764563.569222,1,300,169,62.66,23.36,0,1146
1649764563.594219,1,300,172,62.67,124.00,1,1177
1649764563.619216,1,300,178,62.05,23.14,0,1177
1649764563.644213,1,300,177,61.82,24.25,0,1177
1649764563.669211,1,300,177,61.08,23.19,0,1177
1649764563.694208,1,300,176,60.85,22.96,0,1177
1649764563.719205,1,300,181,60.22,23.83,0,1177
1649764563.744203,1,300,180,60.18,109.58,1,1205
1649764563.769200,1,289,181,59.73,23.26,0,1205
1649764563.794197,1,273,177,59.78,22.61,0,1205
1649764563.819195,1,276,182,59.43,22.02,0,1205
1649764563.844192,1,296,190,59.53,21.88,0,1205
1649764563.869189,1,300,198,59.18,22.93,0,1205
1649764563.894186,1,290,194,59.33,133.19,1,1244
1649764563.919184,1,285,198,59.02,23.05,0,1244
1649764563.944181,1,292,202,59.18,22.44,0,1244
1649764563.969178,1,289,205,58.91,22.21,0,1244
1649764563.994175,1,291,201,59.04,22.35,0,1244
1649764564.019173,1,293,203,58.76,22.34,0,1244
1649764564.044170,1,293,200,58.89,136.57,1,1232
1649764564.069167,1,291,202,58.55,22.07,0,1232
1649764564.094165,1,300,208,58.64,22.25,0,1232
1649764564.119162,1,300,207,58.24,22.84,0,1232
1649764564.144159,1,300,196,58.28,23.57,0,1232
1649764564.169156,1,300,210,57.86,22.71,0,1232
1649764564.194154,1,297,213,58.00,96.80,1,1203
1649764564.219151,1,300,222,57.70,22.89,0,1203
1649764564.244148,1,300,214,57.91,23.02,0,1203
1649764564.269145,1,300,217,57.65,22.31,0,1203
1649764564.294143,1,300,213,57.91,22.65,0,1203
1649764564.319140,1,300,219,57.70,22.37,0,1203
1649764564.344137,1,300,210,58.02,144.92,1,1185
1649764564.369135,1,300,223,57.84,23.54,0,1185
1649764564.394132,1,300,208,58.21,23.80,0,1185
1649764564.419129,1,300,218,57.97,23.20,0,1185
1649764564.444126,1,300,213,58.25,22.82,0,1185
1649764564.469124,1,300,227,57.99,22.63,0,1185
1649764564.494121,1,300,217,58.23,150.09,1,1162
1649764564.519119,1,300,235,57.92,22.78,0,1162
1649764564.544116,1,292,224,58.21,22.39,0,1162
1649764564.569113,1,295,229,57.96,22.51,0,1162
1649764564.594110,1,297,223,66.12,22.76,0,1162
1649764564.619107,1,297,226,65.76,22.83,0,1162
1649764564.644105,1,300,218,66.05,128.36,1,1091
1649764564.669102,1,300,226,65.67,23.65,0,1091
1649764564.694099,1,300,214,65.97,23.31,0,1091
1649764564.719097,1,300,224,65.63,22.98,0,1091
1649764564.744094,1,300,222,66.00,22.42,0,1091
1649764564.769091,1,300,231,65.71,23.65,0,1091
1649764564.794088,1,300,214,66.13,160.84,1,1083
1649764564.819086,1,300,218,65.89,23.80,0,1083
1649764564.844083,1,290,208,66.33,22.80,0,1083
1649764564.869081,1,300,216,66.08,22.92,0,1083
1649764564.894078,1,289,210,66.52,22.73,0,1083
1649764564.919075,1,282,203,66.23,22.89,0,1083
1649764564.944072,1,268,193,66.60,165.04,1,1047
1649764564.969069,1,258,187,66.23,22.30,0,1047
1649764564.994067,1,254,179,66.56,22.23,0,1047
1649764565.019064,1,254,175,66.17,21.74,0,1047
1649764565.044061,1,245,160,66.51,22.44,0,1047
1649764565.069059,1,244,155,66.04,21.78,0,1047
1649764565.094056,1,233,138,66.28,174.44,1,996
1649764565.119053,1,226,137,65.69,22.15,0,996
1649764565.144051,1,226,122,65.84,21.99,0,996
1649764565.169048,1,218,126,65.11,20.81,0,996
1649764565.194045,1,300,151,65.12,24.69,0,996
1649764565.219042,1,300,153,64.23,26.22,0,996
1649764565.244040,1,300,152,64.14,126.92,1,1013
1649764565.269037,1,265,141,63.15,26.50,0,1013
1649764565.294034,1,251,140,63.06,23.82,0,1013
1649764565.319031,1,243,139,62.19,22.63,0,1013
1649764565.344029,1,242,142,62.18,22.67,0,1013
1649764565.369026,1,244,141,61.38,22.27,0,1013
1649764565.394023,1,235,142,61.42,113.59,1,1012
1649764565.419021,1,236,143,60.65,23.44,0,1012
1649764565.444018,1,234,146,60.63,22.26,0,1012
1649764565.469015,1,232,146,59.75,22.68,0,1012
1649764565.494012,1,300,181,67.71,23.50,0,1012
1649764565.519010,1,300,183,66.69,24.86,0,1012
1649764565.544007,1,273,160,66.63,138.38,1,1003
1649764565.569004,1,270,161,65.73,24.77,0,1003
1649764565.594002,1,269,163,65.73,23.65,0,1003
1649764565.618999,1,283,172,64.89,24.14,0,1003
1649764565.643996,1,287,174,65.01,24.70,0,1003
1649764565.668993,1,266,162,64.32,25.26,0,1003
1649764565.693991,1,260,152,64.48,144.95,1,1034
1649764565.718988,1,258,154,63.95,24.32,0,1034
1649764565.743985,1,248,147,64.14,23.30,0,1034
1649764565.768983,1,242,150,63.68,22.67,0,1034
1649764565.793980,1,238,140,63.87,21.99,0,1034
1649764565.818977,1,247,138,63.49,21.79,0,1034
1649764565.843974,1,246,130,63.80,142.62,1,1049
1649764565.868972,1,244,121,63.65,23.20,0,1049
1649764565.893969,1,237,118,64.04,22.40,0,1049
1649764565.918966,1,263,118,64.07,23.14,0,1049
1649764565.943964,1,255,113,64.41,23.65,0,1049
1649764565.968961,1,246,103,64.45,23.84,0,1049
1649764565.993958,1,256,104,64.93,132.72,1,1050
1649764566.018955,1,254,93,65.23,25.07,0,1050
1649764566.043953,1,267,83,65.68,24.73,0,1050
1649764566.068950,1,290,89,65.91,26.06,0,1050
1649764566.093950,1,300,89,66.12,26.22,0,1050
1649764566.118947,1,300,87,66.31,27.09,0,1050
1649764566.143945,1,300,87,66.48,129.91,1,1039
1649764566.168942,1,300,89,66.71,27.93,0,1039
1649764566.193939,1,300,87,66.95,27.20,0,1039
1649764566.218936,1,300,89,67.25,27.12,0,1039
1649764566.243934,1,300,87,67.61,27.32,0,1039
1649764566.268931,1,300,87,68.06,26.93,0,1039
1649764566.293928,1,300,88,68.54,91.17,1,1083
1649764566.318926,1,300,86,69.09,26.93,0,1083
1649764566.343923,1,300,90,69.60,26.78,0,1083
1649764566.368920,1,300,94,70.25,27.31,0,1083
1649764566.393917,1,300,92,70.77,26.85,0,1083
1649764566.418915,1,300,92,71.29,21.50,0,1083
1649764566.443912,1,300,92,71.67,140.35,1,1071
1649764566.468909,1,300,89,72.16,26.76,0,1071
1649764566.493906,1,300,94,72.48,21.31,0,1071
1649764566.518904,1,300,93,72.79,26.47,0,1071
1649764566.543901,1,300,93,72.89,26.88,0,1071
1649764566.568898,1,300,90,73.06,21.34,0,1071
1649764566.593896,1,300,92,73.08,125.84,1,1043
1649764566.618893,1,300,91,73.18,21.63,0,1043
1649764566.643890,1,300,90,73.10,21.71,0,1043
1649764566.668888,1,300,90,73.20,21.36,0,1043
1649764566.693885,1,300,90,73.11,21.34,0,1043
1649764566.718882,1,300,92,73.28,26.27,0,1043
1649764566.743879,1,300,89,73.29,87.96,1,1016
1649764566.768877,1,300,93,73.53,21.47,0,1016
1649764566.793874,1,300,93,73.60,20.93,0,1016
1649764566.818871,1,300,92,73.84,25.74,0,1016
1649764566.843868,1,300,90,73.90,25.62,0,1016
1649764566.868866,1,300,95,74.17,26.03,0,1016
1649764566.893863,1,300,94,74.23,114.47,1,983
1649764566.918860,1,300,93,74.46,20.89,0,983
1649764566.943858,1,300,92,74.42,20.55,0,983
1649764566.968855,1,300,92,74.55,20.34,0,983
1649764566.993852,1,300,92,74.44,20.64,0,983
1649764567.018850,1,300,91,74.47,26.59,0,983
1649764567.043847,1,300,92,74.30,121.09,1,952
1649764567.068844,1,300,93,74.34,26.30,0,952
1649764567.093841,1,300,94,74.17,26.39,0,952
1649764567.118839,1,300,97,74.20,20.47,0,952
1649764567.143836,1,300,94,74.08,26.61,0,952
1649764567.168833,1,300,96,74.27,25.91,0,952
1649764567.193830,1,300,95,74.25,88.12,1,936
1649764567.218828,1,300,95,74.50,20.86,0,936
1649764567.243825,1,300,91,74.64,20.77,0,936
1649764567.268822,1,300,91,75.04,20.45,0,936
1649764567.293820,1,300,92,75.27,25.21,0,936
1649764567.318817,1,300,92,75.77,25.54,0,936
1649764567.343814,1,300,95,72.01,121.95,1,894
1649764567.368812,1,300,96,72.56,25.51,0,894
1649764567.393809,1,300,95,72.76,25.25,0,894
1649764567.418806,1,300,99,73.12,25.30,0,894
1649764567.443803,1,300,95,73.13,25.93,0,894
1649764567.468801,1,300,95,73.31,20.49,0,894
1649764567.493798,1,300,95,73.17,134.21,1,861
1649764567.518795,1,300,97,73.27,20.74,0,861
1649764567.543792,1,300,94,73.09,25.08,0,861
1649764567.568790,1,300,96,73.16,20.56,0,861
1649764567.593787,1,300,95,72.94,20.67,0,861
1649764567.618784,1,300,96,72.90,20.76,0,861
1649764567.643782,1,300,96,72.61,104.80,1,834
1649764567.668779,1,300,95,72.61,26.02,0,834
1649764567.693776,1,300,94,72.42,20.89,0,834
1649764567.718774,1,300,94,72.52,20.57,0,834
1649764567.743771,1,300,91,72.34,20.72,0,834
1649764567.768768,1,300,93,72.46,20.68,0,834
1649764567.793765,1,300,93,72.31,103.69,1,798
1649764567.818763,1,300,91,72.46,20.52,0,798
1649764567.843760,1,300,92,72.31,20.52,0,798
1649764567.868757,1,300,93,72.42,20.77,0,798
1649764567.893754,1,300,92,72.21,20.55,0,798
1649764567.918752,1,300,92,72.29,20.52,0,798
1649764567.943749,1,300,93,72.15,185.35,1,757
1649764567.968746,1,300,92,72.23,20.85,0,757
1649764567.993744,1,300,92,71.98,26.59,0,757
1649764568.018741,1,300,92,72.01,25.76,0,757
1649764568.043738,1,300,92,71.78,20.56,0,757
1649764568.068736,1,300,93,71.90,26.26,0,757
1649764568.093733,1,300,92,71.76,130.58,1,716
1649764568.118730,1,300,92,71.95,26.12,0,716
1649764568.143727,1,300,90,71.84,26.53,0,716
1649764568.168725,1,300,93,72.06,21.32,0,716
1649764568.193722,1,300,90,71.99,20.80,0,716
1649764568.218719,1,300,90,72.20,26.36,0,716
1649764568.243716,1,300,88,72.11,129.37,1,687
1649764568.268714,1,300,90,72.30,26.77,0,687
1649764568.293711,1,300,87,72.18,20.86,0,687
1649764568.318708,1,300,89,72.33,20.43,0,687
1649764568.343706,1,300,88,72.16,20.24,0,687
1649764568.368703,1,300,89,72.31,19.63,0,687
1649764568.393700,1,300,90,72.16,161.61,1,657
1649764568.418697,1,300,89,72.31,20.44,0,657
1649764568.443695,1,300,88,72.13,20.11,0,657
1649764568.468692,1,300,92,72.24,20.24,0,657
1649764568.493689,1,300,90,72.02,20.25,0,657
1649764568.518687,1,300,89,72.15,25.14,0,657
1649764568.543684,1,300,91,71.92,166.25,1,640
1649764568.568681,1,300,89,72.08,20.19,0,640
1649764568.593678,1,300,90,71.94,20.18,0,640
1649764568.618676,1,300,91,72.15,20.19,0,640
1649764568.643673,1,300,95,71.99,20.28,0,640
1649764568.668670,1,300,87,72.21,20.25,0,640
1649764568.693668,1,300,89,72.06,179.21,1,614
1649764568.718665,1,300,91,72.24,20.60,0,614
1649764568.743662,1,300,93,72.03,20.13,0,614
1649764568.768659,1,300,90,72.20,20.03,0,614
1649764568.793657,1,300,89,72.01,20.12,0,614
1649764568.818654,1,300,89,72.13,20.06,0,614
1649764568.843651,1,300,90,71.94,161.43,1,593
1649764568.868649,1,300,88,72.08,20.37,0,593
1649764568.893646,1,300,92,71.87,20.41,0,593
1649764568.918643,1,300,88,72.03,20.46,0,593
1649764568.943640,1,300,88,71.85,20.55,0,593
1649764568.968638,1,300,87,72.01,20.13,0,593
1649764568.993635,1,300,89,71.76,166.75,1,572
1649764569.018632,1,300,89,71.77,20.97,0,572
1649764569.043630,1,300,92,71.42,27.19,0,572
1649764569.068627,1,300,91,71.41,26.90,0,572
1649764569.093624,1,300,89,71.08,26.21,0,572
1649764569.118621,1,300,92,71.15,25.74,0,572
1649764569.143619,1,300,90,70.94,181.58,1,552
1649764569.168616,1,300,94,71.14,20.57,0,552
1649764569.193613,1,300,88,71.00,20.80,0,552
1649764569.218611,1,300,90,71.22,20.75,0,552
1649764569.243608,1,300,91,71.07,20.42,0,552
1649764569.268605,1,300,91,71.26,20.30,0,552
1649764569.293602,1,300,92,71.14,188.19,1,531
1649764569.318600,1,300,92,71.35,20.85,0,531
1649764569.343597,1,300,92,71.21,20.69,0,531
1649764569.368594,1,300,91,71.45,20.12,0,531
1649764569.393591,1,300,93,71.32,20.26,0,531
1649764569.418589,1,300,91,71.52,20.54,0,531
1649764569.443586,1,300,90,71.35,102.03,1,442
1649764569.468583,1,300,88,71.59,21.12,0,442
1649764569.493581,1,300,93,71.40,20.35,0,442
1649764569.518578,1,300,95,71.60,20.57,0,442
1649764569.543575,1,300,89,71.36,20.71,0,442
1649764569.568573,1,300,93,71.56,20.21,0,442
1649764569.593570,1,300,92,71.38,108.26,1,436
1649764569.618567,1,300,90,71.54,20.20,0,436
1649764569.643564,1,300,90,71.36,20.61,0,436
1649764569.668561,1,300,91,71.56,20.57,0,436
1649764569.693559,1,300,90,71.37,20.09,0,436
1649764569.718556,1,300,89,71.58,19.83,0,436
1649764569.743553,1,300,91,71.37,147.51,1,371
1649764569.768551,1,300,89,71.56,20.24,0,371
1649764569.793548,1,300,91,71.36,19.89,0,371
1649764569.818545,1,300,91,71.53,19.78,0,371
1649764569.843543,1,300,90,71.36,20.10,0,371
1649764569.868540,1,300,91,71.57,20.28,0,371
1649764569.893537,1,300,91,71.36,130.52,1,349
1649764569.918535,1,300,90,71.56,20.25,0,349
1649764569.943532,1,300,89,71.37,20.51,0,349
1649764569.968529,1,300,90,71.58,19.79,0,349
1649764569.993526,1,300,88,71.39,19.85,0,349
1649764570.018523,1,300,87,71.58,19.97,0,349
1649764570.043521,1,300,87,71.41,95.96,1,328
1649764570.068518,1,300,88,71.60,20.42,0,328
1649764570.093521,1,300,88,71.41,19.91,0,328
1649764570.118519,1,300,92,71.60,20.04,0,328
1649764570.143516,1,300,91,71.39,19.86,0,328
1649764570.168513,1,300,91,71.60,19.89,0,328
1649764570.193510,1,300,90,71.41,128.32,1,296
1649764570.218508,1,300,89,71.59,20.47,0,296
1649764570.243505,1,300,90,71.37,19.96,0,296
1649764570.268502,1,300,88,71.58,19.95,0,296
1649764570.293500,1,300,89,71.38,19.87,0,296
1649764570.318497,1,300,88,71.59,19.99,0,296
1649764570.343494,1,300,91,71.37,74.38,1,237
1649764570.368491,1,300,91,71.58,21.01,0,237
1649764570.393489,1,300,88,71.36,20.00,0,237
1649764570.418486,1,300,89,71.54,20.18,0,237
1649764570.443483,1,300,88,71.32,19.91,0,237
1649764570.468481,1,300,87,71.53,20.35,0,237
1649764570.493478,1,300,89,71.35,61.67,1,287
1649764570.518476,1,300,87,71.55,20.38,0,287
1649764570.543473,1,300,89,71.32,20.20,0,287
1649764570.568470,1,300,87,71.55,20.49,0,287
1649764570.593467,1,300,87,71.34,20.00,0,287
1649764570.618465,1,300,90,71.54,19.93,0,287
1649764570.643462,1,300,89,71.33,59.94,1,291
1649764570.668459,1,300,87,71.53,20.14,0,291
1649764570.693457,1,300,89,71.33,19.92,0,291
1649764570.718454,1,300,87,71.54,20.00,0,291
1649764570.743451,1,300,87,71.35,19.99,0,291
1649764570.768449,1,300,88,71.58,20.14,0,291
1649764570.793446,1,300,87,71.36,56.36,1,292
1649764570.818443,1,300,88,71.57,20.29,0,292
1649764570.843441,1,300,88,71.36,19.91,0,292
1649764570.868438,1,300,89,71.57,19.87,0,292
1649764570.893435,1,300,88,71.36,19.85,0,292
1649764570.918432,1,300,86,71.58,19.95,0,292
1649764570.943430,1,300,88,71.36,69.87,1,299
1649764570.968427,1,300,91,71.60,23.36,0,299
1649764570.993424,1,300,90,71.37,21.86,0,299
1649764571.018422,1,300,90,71.58,20.35,0,299
1649764571.043419,1,300,90,71.37,20.18,0,299
1649764571.068416,1,300,88,71.60,20.29,0,299
1649764571.093414,1,300,89,71.38,77.52,1,298
1649764571.118411,1,300,89,71.61,20.15,0,298
1649764571.143408,1,300,89,71.39,20.27,0,298
1649764571.168406,1,300,87,71.61,20.21,0,298
1649764571.193403,1,300,88,71.37,19.95,0,298
1649764571.218400,1,300,90,71.62,20.05,0,298
1649764571.243398,1,300,88,71.39,71.97,1,300
1649764571.268395,1,300,90,71.62,20.22,0,300
1649764571.293392,1,300,91,71.39,20.05,0,300
1649764571.318389,1,300,90,71.61,19.99,0,300
1649764571.343387,1,300,91,71.39,21.40,0,300
1649764571.368384,1,300,90,71.62,20.04,0,300
1649764571.393381,1,300,90,71.39,75.07,1,290
1649764571.418379,1,300,89,71.60,20.35,0,290
1649764571.443376,1,300,88,71.36,20.06,0,290
1649764571.468373,1,300,91,71.59,20.53,0,290
1649764571.493371,1,300,88,71.35,19.98,0,290
1649764571.518368,1,300,91,71.57,20.11,0,290
1649764571.543365,1,300,88,71.36,65.14,1,297
1649764571.568363,1,300,86,71.58,20.76,0,297
1649764571.593360,1,300,87,71.36,20.35,0,297
1649764571.618357,1,300,87,71.55,20.39,0,297
1649764571.643355,1,300,88,71.34,20.07,0,297
1649764571.668352,1,300,87,71.58,19.98,0,297
1649764571.693349,1,300,86,71.34,79.96,1,294
1649764571.718347,1,300,90,71.56,20.65,0,294
1649764571.743344,1,300,87,71.36,20.16,0,294
1649764571.768341,1,300,89,71.57,19.97,0,294
1649764571.793338,1,300,87,71.35,19.88,0,294
1649764571.818336,1,300,88,71.58,19.93,0,294
1649764571.843333,1,300,89,71.35,84.10,1,293
1649764571.868330,1,300,88,71.57,20.12,0,293
1649764571.893328,1,300,90,71.33,20.18,0,293
1649764571.918325,1,300,88,71.56,20.77,0,293
1649764571.943322,1,300,88,71.36,20.17,0,293
1649764571.968320,1,300,89,71.59,20.15,0,293
1649764571.993317,1,300,88,71.35,73.20,1,292
1649764572.018314,1,300,87,71.57,20.10,0,292
1649764572.043312,1,300,87,71.35,19.90,0,292
1649764572.068309,1,300,88,71.57,19.87,0,292
1649764572.093306,1,300,90,71.36,20.04,0,292
1649764572.118304,1,300,89,71.59,20.29,0,292
1649764572.143301,1,300,89,71.36,77.94,1,290
1649764572.168298,1,300,90,71.58,20.32,0,290
1649764572.193295,1,300,88,71.35,19.94,0,290
1649764572.218293,1,300,88,71.60,19.90,0,290
1649764572.243290,1,300,88,71.36,20.19,0,290
1649764572.268287,1,300,89,71.60,20.02,0,290
1649764572.293285,1,300,88,71.35,82.01,1,297
1649764572.318282,1,300,90,71.58,20.18,0,297
1649764572.343279,1,300,90,71.33,20.00,0,297
1649764572.368277,1,300,89,71.58,20.02,0,297
1649764572.393274,1,300,89,71.32,19.99,0,297
1649764572.418271,1,300,88,71.54,20.26,0,297
1649764572.443269,1,300,90,71.31,106.52,1,289
1649764572.468266,1,300,89,71.54,20.06,0,289
1649764572.493263,1,300,89,71.30,19.91,0,289
1649764572.518261,1,300,92,71.53,19.92,0,289
1649764572.543258,1,300,88,71.31,20.01,0,289
1649764572.568255,1,300,88,71.56,20.12,0,289
1649764572.593253,1,300,91,71.30,113.17,1,289
1649764572.618250,1,300,90,71.55,20.20,0,289
1649764572.643247,1,300,88,71.33,20.21,0,289
1649764572.668244,1,300,89,71.55,19.92,0,289
1649764572.693242,1,300,89,71.33,19.96,0,289
1649764572.718239,1,300,88,71.56,19.96,0,289
1649764572.743236,1,300,90,71.33,95.08,1,290
1649764572.768234,1,300,89,71.57,20.47,0,290
1649764572.793231,1,300,86,71.33,20.13,0,290
1649764572.818228,1,300,88,71.57,20.08,0,290
1649764572.843226,1,300,89,71.34,20.00,0,290
1649764572.868223,1,300,88,71.58,20.13,0,290
1649764572.893220,1,300,91,71.41,102.97,1,290
1649764572.918217,1,300,88,71.60,26.62,0,290
1649764572.943215,1,300,87,71.38,19.92,0,290
1649764572.968212,1,300,91,71.63,19.80,0,290
1649764572.993209,1,300,88,71.39,19.95,0,290
1649764573.018207,1,300,90,71.61,19.91,0,290
1649764573.043204,1,300,88,71.38,107.49,1,290
1649764573.068202,1,300,89,71.62,20.24,0,290
1649764573.093199,1,300,89,71.38,20.22,0,290
1649764573.118196,1,300,87,71.63,20.22,0,290
1649764573.143193,1,300,87,71.36,20.03,0,290
1649764573.168191,1,300,89,71.62,20.10,0,290
1649764573.193188,1,300,89,71.36,116.77,1,286
1649764573.218185,1,300,87,71.59,20.44,0,286
1649764573.243183,1,300,86,71.38,20.31,0,286
1649764573.268180,1,300,89,71.61,20.33,0,286
1649764573.293177,1,300,89,71.37,19.96,0,286
1649764573.318175,1,300,89,71.63,19.94,0,286
1649764573.343172,1,300,89,71.39,121.92,1,278
1649764573.368169,1,300,88,71.63,20.43,0,278
1649764573.393167,1,300,89,71.40,20.36,0,278
1649764573.418164,1,300,88,71.62,20.17,0,278
1649764573.443161,1,300,90,71.40,20.11,0,278
1649764573.468158,1,300,88,71.63,20.27,0,278
1649764573.493156,1,300,88,71.39,129.00,1,278
1649764573.518153,1,300,89,71.64,20.21,0,278
1649764573.543150,1,300,88,71.40,20.09,0,278
1649764573.568148,1,300,88,71.62,20.09,0,278
1649764573.593145,1,300,87,71.40,20.35,0,278
1649764573.618142,1,300,89,71.63,20.10,0,278
1649764573.643140,1,300,87,71.42,112.69,1,264
1649764573.668137,1,300,86,71.64,20.44,0,264
1649764573.693134,1,300,87,71.43,20.24,0,264
1649764573.718132,1,300,91,71.65,20.77,0,264
1649764573.743129,1,300,88,71.42,20.30,0,264
1649764573.768126,1,300,89,71.66,20.12,0,264
1649764573.793123,1,300,87,71.42,118.39,1,262
1649764573.818121,1,300,86,71.66,20.47,0,262
1649764573.843118,1,300,88,71.43,20.28,0,262
1649764573.868115,1,300,87,71.67,20.37,0,262
1649764573.893113,1,300,87,71.44,20.17,0,262
1649764573.918110,1,300,88,71.66,19.94,0,262
1649764573.943107,1,300,87,71.44,139.10,1,253
1649764573.968105,1,300,88,71.66,20.98,0,253
1649764573.993102,1,300,87,71.43,21.10,0,253
1649764574.018100,1,300,88,71.68,20.15,0,253
1649764574.043097,1,300,87,71.42,20.19,0,253
1649764574.068094,1,300,89,71.67,19.84,0,253
1649764574.093091,1,300,86,71.42,139.68,1,262
1649764574.118089,1,300,87,71.67,20.16,0,262
1649764574.143086,1,300,89,71.44,19.95,0,262
1649764574.168083,1,300,87,71.67,19.92,0,262
1649764574.193081,1,300,88,71.42,20.02,0,262
1649764574.218078,1,300,87,71.66,19.94,0,262
1649764574.243075,1,300,86,71.43,107.85,1,260
1649764574.268072,1,300,89,71.68,20.37,0,260
1649764574.293070,1,300,89,71.44,20.21,0,260
1649764574.318067,1,300,87,71.66,20.02,0,260
1649764574.343065,1,300,88,71.45,20.01,0,260
1649764574.368062,1,300,86,71.67,19.91,0,260
1649764574.393059,1,300,88,71.44,100.31,1,218
1649764574.418056,1,300,88,71.66,20.14,0,218
1649764574.443054,1,300,86,71.42,19.94,0,218
1649764574.468051,1,300,89,71.66,20.42,0,218
1649764574.493048,1,300,86,71.43,20.18,0,218
1649764574.518046,1,300,88,71.67,20.16,0,218
1649764574.543043,1,300,89,71.43,82.03,1,170
1649764574.568040,1,300,87,71.68,20.21,0,170
1649764574.593038,1,300,89,71.47,20.12,0,170
1649764574.618035,1,300,87,71.70,19.94,0,170
1649764574.643032,1,300,87,71.47,20.11,0,170
1649764574.668030,1,300,90,71.73,20.43,0,170
1649764574.693027,1,300,87,71.51,69.09,1,197
1649764574.718024,1,300,86,71.76,20.32,0,197
1649764574.743021,1,300,86,71.55,20.10,0,197
1649764574.768019,1,300,88,71.81,20.08,0,197
1649764574.793016,1,300,87,71.60,19.98,0,197
1649764574.818013,1,300,87,71.84,20.03,0,197
1649764574.843011,1,300,88,71.60,80.31,1,210
1649764574.868008,1,300,90,71.85,20.30,0,210
1649764574.893005,1,300,87,71.64,19.96,0,210
1649764574.918003,1,300,86,71.87,20.11,0,210
1649764574.943000,1,300,88,71.65,20.29,0,210
1649764574.967998,1,300,88,71.89,20.56,0,210
1649764574.992995,1,300,86,71.68,65.56,1,205
1649764575.017992,1,300,87,71.91,20.47,0,205
1649764575.042989,1,300,89,71.68,20.43,0,205
1649764575.067987,1,300,89,71.90,20.46,0,205
1649764575.092984,1,300,88,71.67,20.03,0,205
1649764575.117981,1,300,89,71.92,19.93,0,205
1649764575.142979,1,300,87,71.68,65.00,1,198
1649764575.167976,1,300,88,71.92,20.27,0,198
1649764575.192973,1,300,87,71.70,19.88,0,198
1649764575.217970,1,300,87,71.91,20.22,0,198
1649764575.242968,1,300,89,71.68,20.44,0,198
1649764575.267965,1,300,88,71.91,20.17,0,198
1649764575.292963,1,300,89,71.71,64.68,1,192
1649764575.317960,1,300,87,71.92,20.04,0,192
1649764575.342957,1,300,88,71.69,19.98,0,192
1649764575.367954,1,300,88,71.92,19.95,0,192
1649764575.392951,1,300,89,71.68,20.13,0,192
1649764575.417949,1,300,87,71.90,20.12,0,192
1649764575.442946,1,300,88,71.67,68.62,1,201
1649764575.467943,1,300,87,71.90,20.12,0,201
1649764575.492941,1,300,88,71.67,20.11,0,201
1649764575.517938,1,300,89,71.90,20.29,0,201
1649764575.542936,1,300,89,71.67,20.24,0,201
1649764575.567933,1,300,89,71.90,19.79,0,201
1649764575.592930,1,300,89,71.68,90.98,1,188
1649764575.617928,1,300,87,71.90,20.16,0,188
1649764575.642925,1,300,89,71.64,20.28,0,188
1649764575.667922,1,300,86,71.89,20.19,0,188
1649764575.692919,1,300,87,71.67,20.15,0,188
1649764575.717917,1,300,89,71.88,19.86,0,188
1649764575.742914,1,300,88,71.66,61.60,1,182
1649764575.767911,1,300,87,71.88,20.34,0,182
1649764575.792909,1,300,86,71.65,20.28,0,182
1649764575.817906,1,300,88,71.88,20.28,0,182
1649764575.842903,1,300,88,71.65,20.10,0,182
1649764575.867901,1,300,89,71.86,20.04,0,182
1649764575.892898,1,300,87,71.66,105.38,1,206
1649764575.917895,1,300,89,71.89,20.18,0,206
1649764575.942893,1,300,90,71.64,20.11,0,206
1649764575.967890,1,300,87,71.86,20.61,0,206
1649764575.992887,1,300,88,71.66,20.14,0,206
1649764576.017885,1,300,89,71.87,20.07,0,206
1649764576.042882,1,300,89,71.65,63.84,1,177
1649764576.067879,1,300,89,71.88,20.54,0,177
1649764576.092876,1,300,89,71.66,20.15,0,177
1649764576.117874,1,300,88,71.88,19.95,0,177
1649764576.142871,1,300,88,71.66,19.94,0,177
1649764576.167868,1,300,88,71.87,19.94,0,177
1649764576.192866,1,300,86,71.67,75.48,1,181
1649764576.217863,1,300,88,71.88,20.28,0,181
1649764576.242860,1,300,87,71.66,20.19,0,181
1649764576.267858,1,300,87,71.88,19.94,0,181
1649764576.292855,1,300,87,71.67,19.92,0,181
1649764576.317852,1,300,88,71.88,20.01,0,181
1649764576.342849,1,300,88,71.66,66.11,1,241
1649764576.367847,1,300,89,71.90,20.17,0,241
1649764576.392844,1,300,89,71.67,20.04,0,241
1649764576.417842,1,300,89,71.89,20.24,0,241
1649764576.442839,1,300,88,71.68,20.20,0,241
1649764576.467836,1,300,89,71.93,19.82,0,241
1649764576.492834,1,300,89,71.69,97.51,1,246
1649764576.517831,1,300,88,71.94,20.83,0,246
1649764576.542828,1,300,89,71.69,20.14,0,246
1649764576.567825,1,300,89,71.91,20.05,0,246
1649764576.592823,1,300,87,71.71,19.90,0,246
1649764576.617820,1,300,90,71.87,20.07,0,246
1649764576.642817,1,300,88,71.66,71.52,1,253
1649764576.667815,1,300,89,71.92,20.16,0,253
1649764576.692812,1,300,87,71.65,20.14,0,253
1649764576.717809,1,300,88,71.90,20.49,0,253
1649764576.742806,1,300,88,71.70,20.50,0,253
1649764576.767804,1,300,88,71.92,20.51,0,253
1649764576.792801,1,300,88,71.76,76.35,1,272
1649764576.817799,1,300,85,72.05,26.81,0,272
1649764576.842796,1,300,85,71.89,21.27,0,272
1649764576.867793,1,300,88,72.13,21.12,0,272
1649764576.892791,1,300,87,71.88,26.60,0,272
1649764576.917788,1,300,92,71.97,27.32,0,272
1649764576.942785,1,300,88,71.58,138.32,1,290
1649764576.967782,1,300,94,71.70,26.52,0,290
1649764576.992780,1,300,97,71.33,26.74,0,290
1649764577.017777,1,300,99,71.40,25.91,0,290
1649764577.042774,1,300,99,70.98,26.36,0,290
1649764577.067772,1,300,103,70.98,27.19,0,290
1649764577.092766,1,300,110,70.47,138.09,1,314
1649764577.117763,1,298,108,70.22,26.52,0,314
1649764577.142761,1,299,110,69.36,25.08,0,314
1649764577.167758,1,270,106,68.92,25.49,0,314
1649764577.192755,1,266,100,67.67,22.02,0,314
1649764577.217753,1,275,97,66.83,22.70,0,314
1649764577.242750,1,269,97,65.46,111.35,1,343
1649764577.267747,1,260,93,64.84,24.09,0,343
1649764577.292744,1,275,94,63.52,23.60,0,343
1649764577.317742,1,249,90,62.81,24.16,0,343
1649764577.342739,1,300,96,61.73,25.48,0,343
1649764577.367736,1,277,99,61.62,24.67,0,343
1649764577.392734,1,269,103,60.67,117.47,1,378
1649764577.417731,1,268,99,60.62,25.48,0,378
1649764577.442729,1,258,106,59.89,24.39,0,378
1649764577.467726,1,259,106,59.94,24.36,0,378
1649764577.492723,1,246,103,59.09,23.35,0,378
1649764577.517720,1,235,100,67.34,22.97,0,378
1649764577.542718,1,222,100,66.44,96.11,1,414
1649764577.567715,1,220,106,66.98,22.45,0,414
1649764577.592712,1,218,109,66.39,21.05,0,414
1649764577.617710,1,214,109,67.41,21.18,0,414
1649764577.642707,1,212,117,66.73,20.98,0,414
1649764577.667704,1,212,113,67.76,21.90,0,414
1649764577.692701,1,214,118,66.86,209.62,1,444
1649764577.717699,1,210,118,67.84,21.87,0,444
1649764577.742696,1,204,113,66.76,20.89,0,444
1649764577.767694,1,224,125,67.77,21.38,0,444
1649764577.792691,1,216,117,66.63,21.12,0,444
1649764577.817688,1,219,123,67.76,21.39,0,444
1649764577.842685,1,221,125,66.53,83.94,1,495
1649764577.867682,1,223,118,67.65,21.73,0,495
1649764577.892680,1,227,117,66.29,20.72,0,495
1649764577.917677,1,234,118,67.44,21.09,0,495
1649764577.942675,1,243,127,65.96,21.77,0,495
1649764577.967672,1,300,144,67.12,23.96,0,495
1649764577.992669,1,281,136,65.55,149.37,1,549
1649764578.017667,1,281,132,66.69,24.39,0,549
1649764578.042664,1,282,136,64.96,23.66,0,549
1649764578.067661,1,286,130,66.17,23.51,0,549
1649764578.092659,1,280,136,64.32,23.39,0,549
1649764578.117656,1,269,124,65.50,24.16,0,549
1649764578.142653,1,300,140,63.49,141.69,1,598
1649764578.167650,1,300,135,64.77,25.48,0,598
1649764578.192648,1,291,139,62.77,24.47,0,598
1649764578.217645,1,290,132,64.28,26.09,0,598
1649764578.242642,1,290,135,62.26,25.96,0,598
1649764578.267640,1,264,119,63.89,25.54,0,598
1649764578.292637,1,256,123,61.76,110.06,1,627
1649764578.317634,1,251,115,63.53,23.88,0,627
1649764578.342632,1,245,115,61.24,22.66,0,627
1649764578.367629,1,234,106,63.15,22.61,0,627
1649764578.392626,1,235,116,60.73,22.24,0,627
1649764578.417624,1,249,112,62.67,23.90,0,627
1649764578.442621,1,246,114,59.90,99.85,1,654
1649764578.467618,1,243,101,61.75,24.73,0,654
1649764578.492615,1,228,103,58.89,23.80,0,654
1649764578.517613,1,300,98,60.92,26.65,0,654
1649764578.542610,1,239,92,57.88,25.48,0,654
1649764578.567608,1,238,70,67.64,24.47,0,654
1649764578.592605,1,238,77,64.24,90.41,1,670
1649764578.617602,1,270,77,66.38,26.67,0,670
1649764578.642599,1,266,83,62.79,25.45,0,670
1649764578.667597,1,300,74,64.94,28.69,0,670
1649764578.692594,1,282,90,61.11,26.98,0,670
1649764578.717591,1,300,76,63.34,27.92,0,670
1649764578.742589,1,300,91,59.20,79.32,1,694
1649764578.767586,1,300,85,69.32,29.47,0,694
1649764578.792583,1,300,98,65.31,29.16,0,694
1649764578.817580,1,300,94,67.95,30.46,0,694
1649764578.842578,1,300,104,63.96,29.64,0,694
1649764578.867575,1,300,99,66.81,30.03,0,694
1649764578.892573,1,300,104,62.84,86.94,1,760
1649764578.917570,1,300,96,65.90,29.86,0,760
1649764578.942567,1,300,90,61.79,29.88,0,760
1649764578.967565,1,300,85,64.86,29.08,0,760
1649764578.992562,1,300,84,60.69,30.07,0,760
1649764579.017559,1,300,76,71.76,30.24,0,760
1649764579.042557,1,300,74,67.62,65.54,1,812
1649764579.067554,1,300,78,70.24,29.93,0,812
1649764579.092551,1,300,74,66.20,28.51,0,812
1649764579.117548,1,300,76,69.29,29.46,0,812
1649764579.142546,1,300,69,65.28,28.98,0,812
1649764579.167543,1,300,82,68.41,28.44,0,812
1649764579.192540,1,300,72,64.43,89.66,1,869
1649764579.217538,1,300,79,67.83,29.27,0,869
1649764579.242535,1,300,71,63.68,29.06,0,869
1649764579.267532,1,300,84,67.12,28.77,0,869
1649764579.292530,1,300,64,63.20,29.39,0,869
1649764579.317527,1,300,87,67.02,28.33,0,869
1649764579.342524,1,300,68,63.03,66.39,1,902
1649764579.367522,1,300,74,66.75,30.75,0,902
1649764579.392519,1,300,61,62.75,29.66,0,902
1649764579.417516,1,300,80,73.33,29.31,0,902
1649764579.442513,1,300,69,69.82,29.06,0,902
1649764579.467511,1,300,91,72.49,28.33,0,902
1649764579.492508,1,300,80,68.80,97.55,1,949
1649764579.517506,1,300,102,71.49,29.69,0,949
1649764579.542503,1,300,79,67.51,29.65,0,949
1649764579.567500,1,300,115,69.79,29.22,0,949
1649764579.592497,1,300,93,65.52,28.08,0,949
1649764579.617495,1,300,114,67.67,31.95,0,949
1649764579.642492,1,300,90,63.33,103.34,1,975
1649764579.667489,1,300,97,65.55,31.49,0,975
1649764579.692487,1,300,100,61.17,29.10,0,975
1649764579.717484,1,300,108,63.81,30.58,0,975
1649764579.742481,1,300,116,59.42,29.03,0,975
1649764579.767478,1,300,116,67.93,29.79,0,975
1649764579.792476,1,300,118,65.15,99.28,1,1037
1649764579.817473,1,300,105,68.02,29.24,0,1037
1649764579.842470,1,300,102,64.98,27.64,0,1037
1649764579.867468,1,300,111,67.69,27.88,0,1037
1649764579.892465,1,300,116,64.79,27.26,0,1037
1649764579.917462,1,300,112,68.57,28.07,0,1037
1649764579.942460,1,300,98,65.63,88.12,1,1102
1649764579.967457,1,300,97,68.85,28.54,0,1102
1649764579.992454,1,300,88,65.62,28.78,0,1102
1649764580.017452,1,300,73,68.92,29.43,0,1102
1649764580.042449,1,300,76,65.34,29.77,0,1102
1649764580.067446,1,300,74,68.48,28.89,0,1102
1649764580.092444,1,300,66,64.92,89.56,1,1126
1649764580.117441,1,300,60,68.61,31.18,0,1126
1649764580.142438,1,300,44,64.93,30.07,0,1126
1649764580.167435,1,300,41,68.26,33.40,0,1126
1649764580.192433,1,300,44,64.47,30.31,0,1126
1649764580.217430,1,300,43,67.89,33.24,0,1126
1649764580.242427,1,300,49,63.83,106.90,1,1144
1649764580.267425,1,300,77,67.54,31.23,0,1144
1649764580.292422,1,300,84,64.39,36.13,0,1144
1649764580.317420,1,300,77,68.77,32.59,0,1144
1649764580.342417,1,298,55,65.21,34.88,0,1144
1649764580.367414,1,300,40,69.26,33.98,0,1144
1649764580.392411,1,264,22,65.78,103.69,1,1129
1649764580.417409,1,300,39,70.22,31.74,0,1129
1649764580.442406,1,244,30,66.29,31.74,0,1129
1649764580.467403,1,235,31,69.89,27.99,0,1129
1649764580.492401,1,242,37,65.64,29.21,0,1129
1649764580.517398,1,300,39,69.11,32.77,0,1129
1649764580.542395,1,300,41,64.84,114.67,1,1186
1649764580.567393,1,300,42,68.17,34.64,0,1186
1649764580.592390,1,300,41,64.23,36.60,0,1186
1649764580.617387,1,300,44,67.92,40.84,0,1186
1649764580.642385,1,300,47,64.33,36.21,0,1186
1649764580.667382,1,300,49,68.11,35.55,0,1186
1649764580.692379,1,297,49,64.79,96.84,1,1223
1649764580.717376,1,300,47,69.23,32.04,0,1223
1649764580.742374,1,275,47,65.65,32.85,0,1223
1649764580.767371,1,283,46,69.72,30.96,0,1223
1649764580.792368,1,300,50,66.14,33.96,0,1223
1649764580.817366,1,300,50,70.90,32.77,0,1223
1649764580.842363,1,300,61,67.24,118.42,1,1275
1649764580.867360,1,300,63,71.74,31.89,0,1275
1649764580.892358,1,259,71,67.75,29.01,0,1275
1649764580.917355,1,300,78,72.30,27.62,0,1275
1649764580.942352,1,300,95,68.06,28.80,0,1275
1649764580.967350,1,244,100,72.45,27.45,0,1275
1649764580.992347,1,213,105,68.66,87.18,1,1317
1649764581.017344,1,300,130,73.85,24.88,0,1317
1649764581.042342,1,300,135,69.79,28.28,0,1317
1649764581.067339,1,300,149,74.61,27.33,0,1317
1649764581.092332,1,236,142,70.79,25.34,0,1317
1649764581.117330,1,238,141,76.54,21.89,0,1317
1649764581.142327,1,300,152,72.18,78.75,1,1360
1649764581.167324,1,300,166,77.20,24.63,0,1360
1649764581.192322,1,300,170,72.93,24.34,0,1360
1649764581.217319,1,272,174,78.84,23.62,0,1360
1649764581.242316,1,300,168,69.59,24.95,0,1360
1649764581.267314,1,300,202,76.47,24.79,0,1360
1649764581.292311,1,300,186,70.47,102.61,1,1398
1649764581.317308,1,300,220,78.13,24.70,0,1398
1649764581.342305,1,228,183,71.42,22.11,0,1398
1649764581.367303,1,270,189,78.06,20.75,0,1398
1649764581.392300,1,231,170,71.65,21.17,0,1398
1649764581.417297,1,217,166,79.27,19.21,0,1398
1649764581.442295,1,212,160,72.43,101.37,1,1390
1649764581.467292,1,222,164,79.25,19.69,0,1390
1649764581.492289,1,208,159,72.80,19.20,0,1390
1649764581.517287,1,300,202,80.71,21.11,0,1390
1649764581.542284,1,237,177,73.80,22.41,0,1390
1649764581.567281,1,230,172,80.84,20.25,0,1390
1649764581.592278,1,300,209,74.36,101.57,1,1394
1649764581.617276,1,258,203,82.47,22.04,0,1394
1649764581.642273,1,300,198,70.72,22.26,0,1394
1649764581.667270,1,300,218,79.13,23.41,0,1394
1649764581.692267,1,300,212,70.93,24.25,0,1394
1649764581.717265,1,300,218,80.41,24.42,0,1394
1649764581.742262,1,278,208,71.60,92.39,1,1433
1649764581.767260,1,300,224,80.03,22.29,0,1433
1649764581.792257,1,272,210,71.58,22.69,0,1433
1649764581.817254,1,300,228,81.16,22.57,0,1433
1649764581.842251,1,300,212,72.05,23.98,0,1433
1649764581.867249,1,300,228,80.54,23.22,0,1433
1649764581.892246,1,300,220,71.82,107.95,1,1446
1649764581.917243,1,279,212,81.47,23.24,0,1446
1649764581.942240,1,282,204,71.80,22.02,0,1446
1649764581.967238,1,279,199,80.10,24.35,0,1446
1649764581.992235,1,300,195,70.79,23.38,0,1446
1649764582.017233,1,300,196,80.22,25.53,0,1446
1649764582.042230,1,300,191,70.25,111.42,1,1424
1649764582.067227,1,228,161,78.47,23.62,0,1424
1649764582.092224,1,290,165,68.62,21.69,0,1424
1649764582.117222,1,232,148,77.70,23.45,0,1424
1649764582.142219,1,217,137,67.43,20.18,0,1424
1649764582.167216,1,212,130,75.81,20.45,0,1424
1649764582.192214,1,200,122,66.25,70.36,1,1379
1649764582.217211,1,300,141,75.95,23.72,0,1379
1649764582.242208,1,216,119,65.93,23.86,0,1379
1649764582.267206,1,265,131,74.71,22.99,0,1379
1649764582.292203,1,279,123,65.30,25.04,0,1379
1649764582.317200,1,193,116,75.54,24.31,0,1379
1649764582.342197,1,300,124,65.52,99.25,1,1367
1649764582.367195,1,207,114,74.90,25.24,0,1367
1649764582.392192,1,284,115,65.39,24.14,0,1367
1649764582.417189,1,188,107,76.28,24.10,0,1367
1649764582.442187,1,222,106,61.76,22.48,0,1367
1649764582.467184,1,179,106,72.73,102.32,1,1357
1649764582.492181,1,300,119,62.04,24.65,0,1357
1649764582.517179,1,300,124,74.65,29.77,0,1357
1649764582.542176,1,176,116,63.23,26.46,0,1357
1649764582.567173,1,159,116,74.72,18.81,0,1357
1649764582.592170,1,158,124,63.86,17.30,0,1357
1649764582.617168,1,158,125,77.16,81.95,1,1347
1649764582.642165,1,149,121,61.18,17.53,0,1347
1649764582.667162,1,150,127,74.17,15.87,0,1347
1649764582.692159,1,157,126,62.39,16.25,0,1347
1649764582.717157,1,175,137,77.06,16.87,0,1347
1649764582.742154,1,173,131,60.27,18.30,0,1347
1649764582.767152,1,191,143,74.08,94.94,1,1347
1649764582.792149,1,173,135,57.16,18.46,0,1347
1649764582.817146,1,173,131,72.70,17.28,0,1347
1649764582.842144,1,161,122,55.28,18.33,0,1347
1649764582.867141,1,228,152,69.20,18.01,0,1347
1649764582.892138,1,195,137,55.69,20.35,0,1347
1649764582.917135,1,211,150,70.62,157.73,1,1353
1649764582.942132,1,193,142,56.58,20.21,0,1353
1649764582.967130,1,209,149,78.11,19.94,0,1353
1649764582.992127,1,201,148,61.54,20.19,0,1353
1649764583.017125,1,249,165,75.52,20.26,0,1353
1649764583.042122,1,300,197,62.11,24.28,0,1353
1649764583.067119,1,300,205,74.56,81.65,1,1401
1649764583.092117,1,300,212,62.12,25.73,0,1401
1649764583.117114,1,253,197,75.14,25.05,0,1401
1649764583.142111,1,300,225,62.48,25.37,0,1401
1649764583.167108,1,300,221,74.22,25.72,0,1401
1649764583.192106,1,300,234,62.39,25.97,0,1401
1649764583.217103,1,300,233,74.61,121.81,1,1464
1649764583.242100,1,300,227,62.76,27.51,0,1464
1649764583.267098,1,300,232,74.16,28.02,0,1464
1649764583.292095,1,300,224,63.01,25.93,0,1464
1649764583.317092,1,300,231,74.90,26.11,0,1464
1649764583.342089,1,300,218,63.59,26.80,0,1464
1649764583.367087,1,300,228,74.94,86.45,1,1543
1649764583.392084,1,300,216,64.05,25.94,0,1543
1649764583.417081,1,300,218,75.82,27.94,0,1543
1649764583.442078,1,300,225,64.64,25.77,0,1543
1649764583.467076,1,218,189,76.20,23.67,0,1543
1649764583.492073,1,300,215,65.30,23.74,0,1543
1649764583.517071,1,300,217,77.55,105.56,1,1623
1649764583.542068,1,300,214,66.36,26.90,0,1623
1649764583.567065,1,174,155,78.71,138.64,1,1630
1649764583.592062,1,300,207,67.33,23.34,0,1630
1649764583.617059,1,252,180,80.24,26.90,0,1630
1649764583.642057,1,176,142,68.27,21.84,0,1630
1649764583.667054,1,152,133,81.05,19.85,0,1630
1649764583.692051,1,202,154,69.15,19.28,0,1630
1649764583.717049,1,227,167,82.44,103.44,1,1703
1649764583.742046,1,293,200,66.31,25.80,0,1703
1649764583.767044,1,288,197,79.81,28.17,0,1703
1649764583.792041,1,278,182,67.15,28.87,0,1703
1649764583.817038,1,300,183,80.84,26.78,0,1703
1649764583.842036,1,300,177,67.76,28.03,0,1703
1649764583.867033,1,187,136,81.25,107.63,1,1699
1649764583.892030,1,193,146,68.29,21.06,0,1699
1649764583.917027,1,252,162,81.77,22.08,0,1699
1649764583.942024,1,186,142,68.53,22.49,0,1699
1649764583.967022,1,207,146,81.95,20.43,0,1699
1649764583.992019,1,243,158,68.98,22.58,0,1699
1649764584.017017,1,194,137,82.55,89.52,1,1683
1649764584.042014,1,128,115,66.09,19.72,0,1683
1649764584.067011,1,127,103,80.18,16.03,0,1683
1649764584.092008,1,120,104,67.14,16.08,0,1683
1649764584.117006,1,122,105,81.52,16.40,0,1683
1649764584.142003,1,119,102,68.12,16.41,0,1683
1649764584.167000,1,140,108,82.86,84.56,1,1652
1649764584.191998,1,142,109,69.35,17.53,0,1652
1649764584.216995,1,116,96,84.30,16.81,0,1652
1649764584.241992,1,128,112,66.67,17.00,0,1652
1649764584.266989,1,112,92,90.50,18.52,0,1652
1649764584.291987,1,140,118,70.32,18.13,0,1652
1649764584.316984,1,134,110,85.55,84.75,1,1676
1649764584.341981,1,156,130,66.49,18.85,0,1676
1649764584.366979,1,129,100,90.37,19.24,0,1676
1649764584.391976,1,135,109,69.13,18.11,0,1676
1649764584.416973,1,156,120,84.55,18.48,0,1676
1649764584.441971,1,140,119,65.14,18.58,0,1676
1649764584.466968,1,173,124,89.30,134.39,1,1723
1649764584.491965,1,147,126,67.44,20.90,0,1723
1649764584.516963,1,152,121,83.32,18.27,0,1723
1649764584.541960,1,137,119,64.07,18.59,0,1723
1649764584.566957,1,245,120,89.11,20.84,0,1723
1649764584.591954,1,139,121,66.99,20.62,0,1723
1649764584.616951,1,153,119,83.67,107.61,1,1733
1649764584.641949,1,129,113,64.15,18.06,0,1733
1649764584.666946,1,200,113,89.53,19.22,0,1733
1649764584.691944,1,170,123,67.14,19.64,0,1733
1649764584.716941,1,297,129,83.39,23.45,0,1733
1649764584.741938,1,188,133,64.27,24.59,0,1733
1649764584.766936,1,117,95,90.64,106.00,1,1723
1649764584.791933,1,169,117,68.71,18.03,0,1723
1649764584.816930,1,223,125,92.89,21.26,0,1723
1649764584.841928,1,237,139,70.96,23.82,0,1723
1649764584.866925,1,201,158,95.09,24.38,0,1723
1649764584.891922,1,137,113,73.92,19.99,0,1723
1649764584.916919,1,112,96,97.08,98.77,1,1718
1649764584.941917,1,128,105,77.10,17.64,0,1718
1649764584.966914,1,119,91,99.97,17.47,0,1718
1649764584.991911,1,194,146,80.84,17.81,0,1718
1649764585.016909,1,125,109,95.31,18.91,0,1718
1649764585.041906,1,165,124,79.16,19.09,0,1718
1649764585.066903,1,80,45,101.02,101.53,1,1663
1649764585.091900,1,81,56,84.06,15.53,0,1663
1649764585.116898,1,78,50,98.39,13.75,0,1663
1649764585.141895,1,158,87,82.75,16.43,0,1663
1649764585.166892,1,220,121,97.69,21.15,0,1663
1649764585.191890,1,122,87,82.11,21.58,0,1663
1649764585.216887,1,119,51,104.99,72.45,1,1654
1649764585.241884,1,125,75,87.34,18.99,0,1654
1649764585.266881,1,90,68,102.94,17.30,0,1654
1649764585.291879,1,139,88,85.58,16.81,0,1654
1649764585.316876,1,192,112,101.69,19.93,0,1654
1649764585.341873,1,153,96,84.28,21.96,0,1654
1649764585.366871,1,117,72,109.69,90.33,1,1644
1649764585.391868,1,134,87,89.27,18.63,0,1644
1649764585.416865,1,248,116,105.69,23.34,0,1644
1649764585.441863,1,144,94,84.23,22.58,0,1644
1649764585.466860,1,130,92,92.82,18.67,0,1644
1649764585.491857,1,139,100,72.10,17.31,0,1644
1649764585.516855,1,139,94,84.73,68.71,1,1633
1649764585.541852,1,159,107,67.10,18.50,0,1633
1649764585.566849,1,152,106,78.89,18.66,0,1633
1649764585.591846,1,142,109,65.45,18.53,0,1633
1649764585.616844,1,138,92,76.91,17.69,0,1633
1649764585.641841,1,132,99,63.88,17.25,0,1633
1649764585.666838,1,142,102,75.23,82.61,1,1666
1649764585.691836,1,132,93,61.58,17.30,0,1666
1649764585.716833,1,135,85,72.01,18.14,0,1666
1649764585.741830,1,140,92,58.62,17.06,0,1666
1649764585.766828,1,143,84,78.80,17.75,0,1666
1649764585.791825,1,118,76,63.08,17.69,0,1666
1649764585.816822,1,114,72,82.74,97.25,1,1632
1649764585.841819,1,131,75,66.14,16.58,0,1632
1649764585.866817,1,123,65,77.86,17.89,0,1632
1649764585.891814,1,99,53,61.41,16.84,0,1632
1649764585.916811,1,95,51,71.48,15.21,0,1632
1649764585.941809,1,89,53,55.97,14.75,0,1632
1649764585.966806,1,83,41,64.97,75.51,1,1601
1649764585.991803,1,91,44,50.39,16.33,0,1601
1649764586.016800,1,74,23,66.86,14.12,0,1601
1649764586.041798,1,88,38,52.46,17.54,0,1601
1649764586.066795,1,165,54,59.94,18.88,0,1601
1649764586.091792,1,98,51,47.42,21.84,0,1601
1649764586.116790,1,300,81,63.60,130.77,1,1620
1649764586.141787,1,300,99,52.59,30.71,0,1620
1649764586.166784,1,300,90,66.93,28.04,0,1620
1649764586.191782,1,192,81,57.86,25.91,0,1620
1649764586.216779,1,146,71,64.86,68.37,1,1627
1649764586.241776,1,300,114,57.08,24.84,0,1627
1649764586.266773,1,300,98,63.95,28.95,0,1627
1649764586.291771,1,300,119,56.78,29.19,0,1627
1649764586.316768,1,300,109,69.80,27.51,0,1627
1649764586.341765,1,259,107,63.95,25.49,0,1627
1649764586.366763,1,300,119,69.35,110.14,1,1694
1649764586.391760,1,300,124,63.76,26.96,0,1694
1649764586.416757,1,300,119,68.97,26.81,0,1694
1649764586.441755,1,300,129,63.51,26.21,0,1694
1649764586.466752,1,300,132,68.37,26.38,0,1694
1649764586.491749,1,300,134,62.98,26.33,0,1694
1649764586.516747,1,300,129,67.77,98.13,1,1732
1649764586.541744,1,256,128,62.96,25.21,0,1732
1649764586.566741,1,300,142,67.95,24.45,0,1732
1649764586.591738,1,300,139,63.42,25.49,0,1732
1649764586.616736,1,300,131,68.31,26.40,0,1732
1649764586.641733,1,300,133,64.07,26.35,0,1732
1649764586.666730,1,234,115,69.02,124.32,1,1743
1649764586.691728,1,215,124,64.83,21.09,0,1743
1649764586.716725,1,209,107,69.46,19.62,0,1743
1649764586.741722,1,201,120,65.42,19.39,0,1743
1649764586.766720,1,193,119,69.82,18.52,0,1743
1649764586.791717,1,191,114,65.82,21.11,0,1743
1649764586.816714,1,184,109,69.92,95.29,1,1743
1649764586.841711,1,179,114,66.15,18.81,0,1743
1649764586.866709,1,259,124,70.23,20.93,0,1743
1649764586.891706,1,281,131,66.72,22.98,0,1743
1649764586.916703,1,289,130,70.59,24.98,0,1743
1649764586.941701,1,300,138,67.21,24.60,0,1743
1649764586.966698,1,300,142,70.70,106.31,1,1735
1649764586.991695,1,300,139,67.34,25.59,0,1735
1649764587.016692,1,300,136,70.60,25.27,0,1735
1649764587.041690,1,300,142,67.32,25.23,0,1735
1649764587.066687,1,286,136,69.90,24.22,0,1735
1649764587.091684,1,300,137,66.11,25.05,0,1735
1649764587.116682,1,300,146,68.14,106.84,1,1714
1649764587.141679,1,274,142,64.76,24.26,0,1714
1649764587.166676,1,286,147,67.21,24.06,0,1714
1649764587.191674,1,300,151,64.86,24.59,0,1714
1649764587.216671,1,269,143,67.73,24.68,0,1714
1649764587.241668,1,267,145,65.87,22.76,0,1714
1649764587.266665,1,264,135,68.55,106.69,1,1628
1649764587.291663,1,268,139,66.81,22.99,0,1628
1649764587.316660,1,300,134,69.20,23.89,0,1628
1649764587.341657,1,300,140,67.45,25.04,0,1628
1649764587.366655,1,300,131,69.51,24.52,0,1628
1649764587.391652,1,300,128,67.92,25.37,0,1628
1649764587.416649,1,300,123,70.07,109.48,1,1565
1649764587.441647,1,300,114,68.82,26.62,0,1565
1649764587.466644,1,300,120,70.91,26.68,0,1565
1649764587.491641,1,300,111,69.63,26.13,0,1565
1649764587.516639,1,300,103,71.50,24.79,0,1565
1649764587.541636,1,300,117,70.15,25.50,0,1565
1649764587.566633,1,300,125,71.80,79.70,1,1521
1649764587.591630,1,300,122,70.49,25.28,0,1521
1649764587.616628,1,300,118,72.23,25.44,0,1521
1649764587.641625,1,300,121,71.03,24.62,0,1521
1649764587.666622,1,300,118,72.23,25.61,0,1521
1649764587.691620,1,300,122,70.46,25.31,0,1521
1649764587.716617,1,286,134,71.50,83.89,1,1451
1649764587.741614,1,271,128,70.10,24.45,0,1451
1649764587.766611,1,249,132,71.58,22.32,0,1451
1649764587.791609,1,276,144,70.62,22.06,0,1451
1649764587.816606,1,257,133,72.35,23.56,0,1451
1649764587.841603,1,277,135,71.44,23.24,0,1451
1649764587.866601,1,251,138,73.03,95.81,1,1449
1649764587.891598,1,259,142,72.03,22.07,0,1449
1649764587.916595,1,249,133,73.82,21.36,0,1449
1649764587.941593,1,246,136,73.00,20.78,0,1449
1649764587.966590,1,234,134,74.87,20.38,0,1449
1649764587.991587,1,227,127,74.08,19.74,0,1449
1649764588.016584,1,235,126,76.05,88.85,1,1401
1649764588.041582,1,227,123,75.08,20.18,0,1401
1649764588.066579,1,227,121,76.79,20.34,0,1401
1649764588.091576,1,214,125,71.98,20.69,0,1401
1649764588.116574,1,217,126,73.93,19.10,0,1401
1649764588.141571,1,217,126,72.55,19.80,0,1401
1649764588.166568,1,213,121,74.18,89.44,1,1373
1649764588.191566,1,300,130,72.27,23.16,0,1373
1649764588.216563,1,300,138,73.08,24.06,0,1373
1649764588.241560,1,300,133,70.79,24.66,0,1373
1649764588.266557,1,300,136,71.88,24.62,0,1373
1649764588.291555,1,300,137,70.94,25.47,0,1373
1649764588.316552,1,300,133,73.54,96.76,1,1366
1649764588.341549,1,300,136,73.48,26.42,0,1366
1649764588.366547,1,300,135,75.96,24.38,0,1366
1649764588.391544,1,300,141,75.52,26.05,0,1366
1649764588.416541,1,300,132,77.75,25.83,0,1366
1649764588.441539,1,300,130,77.13,25.22,0,1366
1649764588.466536,1,300,130,79.00,118.85,1,1371
1649764588.491533,1,285,126,78.16,25.66,0,1371
1649764588.516531,1,284,122,79.90,24.97,0,1371
1649764588.541528,1,259,110,78.98,23.46,0,1371
1649764588.566525,1,241,105,80.62,23.69,0,1371
1649764588.591522,1,223,97,79.66,21.42,0,1371
1649764588.616520,1,208,97,81.36,90.44,1,1348
1649764588.641517,1,208,97,80.40,19.19,0,1348
1649764588.666514,1,202,102,82.00,19.77,0,1348
1649764588.691512,1,201,98,80.93,19.25,0,1348
1649764588.716509,1,300,122,82.51,22.77,0,1348
1649764588.741506,1,300,128,81.09,25.64,0,1348
1649764588.766503,1,300,127,82.01,100.89,1,1321
1649764588.791501,1,292,126,80.04,26.18,0,1321
1649764588.816498,1,300,143,81.13,26.12,0,1321
1649764588.841495,1,270,133,79.47,24.58,0,1321
1649764588.866493,1,300,136,80.90,25.76,0,1321
1649764588.891490,1,244,128,79.39,24.90,0,1321
1649764588.916487,1,249,130,81.21,117.93,1,1295
1649764588.941484,1,213,119,79.88,21.50,0,1295
1649764588.966482,1,198,121,81.98,20.45,0,1295
1649764588.991479,1,198,124,80.68,18.70,0,1295
1649764589.016476,1,199,119,82.98,19.66,0,1295
1649764589.041474,1,189,115,77.92,19.41,0,1295
1649764589.066471,1,190,118,80.30,107.03,1,1269
1649764589.091468,1,196,119,78.73,19.55,0,1269
1649764589.116466,1,300,142,81.51,21.44,0,1269
1649764589.141463,1,300,127,76.33,28.16,0,1269
1649764589.166460,1,300,133,79.13,24.88,0,1269
1649764589.191458,1,300,147,77.32,24.89,0,1269
1649764589.216455,1,300,145,80.06,121.50,1,1263
1649764589.241452,1,300,137,78.02,25.87,0,1263
1649764589.266449,1,300,142,80.47,25.56,0,1263
1649764589.291447,1,300,140,78.59,26.23,0,1263
1649764589.316444,1,300,134,81.42,25.65,0,1263
1649764589.341441,1,300,133,80.00,25.66,0,1263
1649764589.366439,1,300,132,83.02,108.31,1,1290
1649764589.391436,1,300,135,81.82,26.65,0,1290
1649764589.416433,1,300,141,84.90,25.16,0,1290
1649764589.441431,1,300,134,83.69,25.34,0,1290
1649764589.466428,1,300,144,86.63,24.82,0,1290
1649764589.491425,1,300,135,85.45,25.31,0,1290
1649764589.516423,1,300,130,88.42,131.12,1,1318
1649764589.541420,1,300,132,87.27,27.30,0,1318
1649764589.566417,1,300,124,90.08,25.40,0,1318
1649764589.591414,1,300,126,88.88,25.67,0,1318
1649764589.616412,1,300,126,91.54,26.64,0,1318
1649764589.641409,1,300,129,90.00,26.26,0,1318
1649764589.666406,1,300,126,92.27,196.53,1,1310
1649764589.691404,1,300,123,90.11,25.74,0,1310
1649764589.716401,1,300,129,91.80,25.87,0,1310
1649764589.741398,1,300,130,88.69,26.79,0,1310
1649764589.766395,1,300,134,89.63,25.44,0,1310
1649764589.791393,1,300,129,85.95,27.33,0,1310
1649764589.816390,1,300,131,86.70,173.12,1,1282
1649764589.841387,1,300,129,82.58,26.72,0,1282
1649764589.866385,1,300,126,83.16,26.22,0,1282
1649764589.891382,1,300,116,79.02,28.43,0,1282
1649764589.916379,1,300,118,80.14,28.64,0,1282
1649764589.941376,1,300,128,76.23,26.73,0,1282
1649764589.966374,1,300,119,77.81,159.16,1,1275
1649764589.991371,1,300,123,73.97,27.35,0,1275
1649764590.016368,1,300,127,76.11,28.60,0,1275
1649764590.041366,1,300,122,72.27,26.99,0,1275
1649764590.066363,1,300,123,74.56,28.87,0,1275
1649764590.091360,1,300,120,70.65,26.45,0,1275
1649764590.116358,1,300,119,73.27,134.66,1,1296
1649764590.141355,1,300,119,69.29,25.93,0,1296
1649764590.166352,1,300,119,72.08,27.44,0,1296
1649764590.191350,1,300,124,68.20,24.88,0,1296
1649764590.216347,1,300,117,71.43,29.58,0,1296
1649764590.241344,1,300,121,67.68,25.63,0,1296
1649764590.266341,1,300,123,71.01,159.81,1,1323
1649764590.291339,1,300,128,67.38,27.19,0,1323
1649764590.316336,1,300,122,70.76,24.93,0,1323
1649764590.341333,1,300,124,67.12,25.84,0,1323
1649764590.366331,1,300,128,70.35,24.21,0,1323
1649764590.391328,1,300,128,67.10,25.79,0,1323
1649764590.416325,1,300,121,70.77,135.94,1,1225
1649764590.441323,1,235,114,68.02,26.07,0,1225
1649764590.466320,1,300,130,71.60,23.39,0,1225
1649764590.491317,1,300,144,69.01,26.82,0,1225
1649764590.516314,1,300,150,72.52,25.02,0,1225
1649764590.541312,1,300,145,69.88,25.27,0,1225
1649764590.566309,1,300,152,80.23,125.82,1,1197
1649764590.591306,1,300,149,77.92,25.51,0,1197
1649764590.616304,1,300,153,80.68,25.91,0,1197
1649764590.641301,1,300,155,78.28,25.80,0,1197
1649764590.666298,1,300,159,80.79,24.75,0,1197
1649764590.691295,1,300,161,78.35,24.79,0,1197
1649764590.716293,1,300,158,80.80,119.95,1,1209
1649764590.741290,1,300,160,78.20,25.51,0,1209
1649764590.766287,1,300,159,80.46,26.12,0,1209
1649764590.791285,1,300,165,77.86,26.61,0,1209
1649764590.816282,1,273,158,80.37,24.68,0,1209
1649764590.841280,1,267,156,77.58,23.50,0,1209
1649764590.866277,1,247,151,79.84,104.50,1,1195
1649764590.891274,1,245,146,76.70,21.80,0,1195
1649764590.916271,1,300,152,78.82,24.34,0,1195
1649764590.941268,1,266,143,75.45,23.65,0,1195
1649764590.966266,1,247,134,77.68,22.69,0,1195
1649764590.991263,1,300,156,74.46,23.48,0,1195
1649764591.016260,1,300,162,77.17,125.21,1,1236
1649764591.041258,1,275,151,74.02,24.75,0,1236
1649764591.066255,1,300,152,76.85,25.37,0,1236
1649764591.091253,1,300,152,73.77,25.30,0,1236
1649764591.116250,1,254,146,76.88,25.33,0,1236
1649764591.141247,1,300,150,73.76,24.73,0,1236
1649764591.166244,1,300,142,76.96,83.23,1,1223
1649764591.191242,1,275,143,73.83,24.22,0,1223
1649764591.216239,1,300,152,77.15,24.57,0,1223
1649764591.241236,1,300,152,73.87,25.15,0,1223
1649764591.266234,1,300,139,77.08,26.45,0,1223
1649764591.291231,1,283,139,73.75,23.91,0,1223
1649764591.316228,1,300,144,77.09,120.91,1,1218
1649764591.341225,1,285,141,73.57,24.41,0,1218
1649764591.366223,1,300,144,76.56,24.88,0,1218
1649764591.391220,1,300,141,72.75,25.05,0,1218
1649764591.416217,1,300,145,75.45,24.97,0,1218
1649764591.441215,1,300,145,71.44,26.11,0,1218
1649764591.466212,1,300,154,73.83,94.62,1,1222
1649764591.491209,1,300,151,69.88,26.07,0,1222
1649764591.516207,1,277,146,72.36,23.21,0,1222
1649764591.541204,1,300,147,68.66,24.29,0,1222
1649764591.566201,1,268,144,71.24,23.59,0,1222
1649764591.591198,1,300,156,67.78,23.60,0,1222
1649764591.616196,1,264,156,70.46,79.81,1,1206
1649764591.641193,1,252,151,66.98,23.18,0,1206
1649764591.666190,1,300,169,75.69,24.00,0,1206
1649764591.691187,1,300,162,72.86,24.67,0,1206
1649764591.716185,1,300,170,74.59,24.81,0,1206
1649764591.741182,1,300,161,71.78,24.20,0,1206
1649764591.766180,1,300,158,73.50,83.01,1,1200
1649764591.791177,1,300,143,70.91,25.32,0,1200
1649764591.816174,1,300,149,72.86,25.67,0,1200
1649764591.841172,1,300,145,70.17,25.13,0,1200
1649764591.866168,1,300,149,77.17,25.12,0,1200
1649764591.891166,1,300,157,75.33,25.12,0,1200
1649764591.916163,1,300,166,76.63,111.01,1,1221
1649764591.941160,1,300,163,75.34,24.87,0,1221
1649764591.966158,1,300,151,77.16,25.40,0,1221
1649764591.991155,1,300,155,76.23,24.68,0,1221
1649764592.016153,1,281,146,78.05,24.62,0,1221
1649764592.041150,1,300,158,76.64,24.13,0,1221
1649764592.066147,1,300,156,78.29,148.86,1,1227
1649764592.091146,1,300,158,77.22,25.77,0,1227
1649764592.116144,1,300,153,79.42,28.64,0,1227
1649764592.141141,1,300,145,78.42,25.78,0,1227
1649764592.166138,1,300,144,80.55,26.23,0,1227
1649764592.191136,1,300,134,79.54,25.72,0,1227
1649764592.216133,1,300,138,81.76,119.77,1,1264
1649764592.241130,1,300,136,80.56,25.72,0,1264
1649764592.266128,1,300,122,82.59,24.59,0,1264
1649764592.291125,1,300,129,81.42,26.01,0,1264
1649764592.316122,1,300,134,83.58,24.92,0,1264
1649764592.341120,1,285,122,82.49,23.67,0,1264
1649764592.366117,1,263,114,84.73,116.64,1,1283
1649764592.391114,1,250,114,83.67,23.17,0,1283
1649764592.416111,1,300,122,85.85,23.97,0,1283
1649764592.441109,1,300,134,84.41,25.43,0,1283
1649764592.466106,1,300,125,86.07,24.92,0,1283
1649764592.491103,1,300,130,84.18,24.55,0,1283
1649764592.516101,1,267,124,85.38,96.12,1,1261
1649764592.541098,1,300,129,82.89,24.80,0,1261
1649764592.566095,1,300,130,83.57,25.03,0,1261
1649764592.591093,1,300,136,81.14,25.20,0,1261
1649764592.616090,1,300,123,81.88,24.65,0,1261
1649764592.641087,1,300,141,79.34,25.93,0,1261
1649764592.666084,1,300,144,80.00,149.48,1,1264
1649764592.691082,1,300,151,77.89,25.46,0,1264
1649764592.716079,1,300,148,79.06,24.62,0,1264
1649764592.741076,1,300,156,77.42,26.67,0,1264
1649764592.766074,1,300,155,78.89,24.79,0,1264
1649764592.791071,1,300,176,77.63,26.05,0,1264
1649764592.816068,1,300,143,79.13,119.73,1,1288
1649764592.841065,1,300,136,77.76,25.00,0,1288
1649764592.866063,1,300,139,79.12,24.61,0,1288
1649764592.891060,1,300,142,77.84,24.93,0,1288
1649764592.916057,1,299,149,79.30,23.91,0,1288
1649764592.941055,1,300,140,78.05,25.13,0,1288
1649764592.966052,1,300,167,84.03,121.72,1,1285
1649764592.991049,1,300,168,84.07,23.95,0,1285
1649764593.016047,1,300,170,85.10,25.06,0,1285
1649764593.041044,1,300,169,85.32,25.93,0,1285
1649764593.066041,1,300,169,86.59,25.06,0,1285
1649764593.091038,1,300,177,87.35,26.66,0,1285
1649764593.116036,1,300,164,89.13,107.81,1,1318
1649764593.141033,1,300,155,89.99,27.95,0,1318
1649764593.166030,1,300,153,91.72,27.62,0,1318
1649764593.191028,1,300,153,92.72,26.69,0,1318
1649764593.216025,1,242,128,94.81,25.91,0,1318
1649764593.241022,1,300,117,91.74,26.77,0,1318
1649764593.266020,1,300,108,94.67,142.30,1,1345
1649764593.291017,1,224,87,90.23,28.66,0,1345
1649764593.316014,1,300,93,93.95,28.27,0,1345
1649764593.341012,1,251,84,87.97,28.46,0,1345
1649764593.366009,1,174,74,92.13,112.40,1,1345
1649764593.391006,1,117,52,85.70,21.38,0,1345
1649764593.416003,1,101,45,90.25,79.48,1,1357
1649764593.441001,1,93,37,82.63,16.44,0,1357
1649764593.465998,1,300,84,87.16,23.01,0,1357
1649764593.490995,1,136,48,79.30,23.46,0,1357
1649764593.515993,1,99,44,83.86,18.10,0,1357
1649764593.540990,1,300,84,80.09,22.94,0,1357
1649764593.565987,1,170,59,84.66,126.29,1,1325
1649764593.590984,1,300,87,81.01,29.79,0,1325
1649764593.615982,1,174,62,85.94,26.52,0,1325
1649764593.640979,1,82,35,77.53,101.37,1,1324
1649764593.665976,1,70,27,82.37,16.40,0,1324
1649764593.690974,1,63,18,78.09,14.84,0,1324
1649764593.715971,1,65,21,82.70,14.60,0,1324
1649764593.740968,1,67,23,73.36,14.98,0,1324
1649764593.765965,1,300,50,77.58,23.69,0,1324
1649764593.790963,1,300,66,72.32,106.16,1,1377
1649764593.815960,1,300,45,76.23,33.90,0,1377
1649764593.840957,1,300,43,70.47,29.34,0,1377
1649764593.865955,1,300,42,73.91,32.84,0,1377
1649764593.890952,1,300,75,67.99,30.24,0,1377
1649764593.915949,1,300,58,71.18,37.02,0,1377
1649764593.940947,1,300,103,65.28,141.87,1,1455
1649764593.965944,1,300,86,68.38,37.61,0,1455
1649764593.990941,1,300,93,62.86,30.99,0,1455
1649764594.015939,1,300,71,66.02,35.13,0,1455
1649764594.040936,1,300,75,60.75,34.86,0,1455
1649764594.065933,1,300,65,63.90,35.21,0,1455
1649764594.090930,1,300,76,59.00,119.44,1,1494
1649764594.115928,1,300,49,62.27,38.96,0,1494
1649764594.140925,1,300,70,57.71,34.84,0,1494
1649764594.165922,1,300,56,61.05,35.72,0,1494
1649764594.190920,1,300,70,56.80,33.36,0,1494
1649764594.215917,1,300,54,60.25,37.10,0,1494
1649764594.240914,1,300,69,56.08,116.60,1,1526
1649764594.265912,1,300,43,59.35,35.64,0,1526
1649764594.290909,1,300,55,55.33,33.00,0,1526
1649764594.315906,1,300,44,58.66,35.31,0,1526
1649764594.340904,1,300,55,54.79,37.13,0,1526
1649764594.365901,1,300,44,58.19,34.49,0,1526
1649764594.390898,1,300,55,54.69,94.27,1,1528
1649764594.415895,1,300,42,58.29,35.48,0,1528
1649764594.440893,1,300,60,54.96,34.29,0,1528
1649764594.465890,1,300,39,58.66,35.01,0,1528
1649764594.490887,1,300,55,55.52,33.25,0,1528
1649764594.515885,1,300,47,59.35,33.31,0,1528
1649764594.540882,1,300,53,56.11,113.29,1,1544
1649764594.565879,1,300,44,59.70,34.97,0,1544
1649764594.590876,1,300,53,56.27,33.45,0,1544
1649764594.615874,1,300,41,59.53,33.15,0,1544
1649764594.640871,1,300,54,55.87,33.83,0,1544
1649764594.665869,1,300,40,58.84,34.17,0,1544
1649764594.690866,1,300,49,55.33,93.99,1,1555
1649764594.715863,1,300,34,58.40,34.61,0,1555
1649764594.740860,1,300,50,55.14,33.92,0,1555
1649764594.765857,1,300,39,58.32,35.52,0,1555
1649764594.790855,1,300,50,55.38,33.41,0,1555
1649764594.815852,1,300,39,58.64,34.94,0,1555
1649764594.840849,1,300,58,55.60,98.73,1,1532
1649764594.865847,1,300,46,58.65,34.44,0,1532
1649764594.890844,1,300,46,55.62,32.17,0,1532
1649764594.915842,1,300,41,58.56,32.92,0,1532
1649764594.940839,1,300,47,55.50,32.89,0,1532
1649764594.965836,1,300,35,58.32,32.46,0,1532
1649764594.990833,1,300,52,55.44,96.50,1,1541
1649764595.015831,1,300,39,58.25,33.47,0,1541
1649764595.040828,1,300,46,55.35,33.75,0,1541
1649764595.065825,1,300,41,57.97,32.78,0,1541
1649764595.090822,1,300,46,55.19,32.69,0,1541
1649764595.115820,1,300,37,57.79,31.32,0,1541
1649764595.140817,1,300,47,55.04,107.52,1,1559
1649764595.165815,1,300,36,57.53,33.87,0,1559
1649764595.190812,1,300,45,54.92,32.99,0,1559
1649764595.215809,1,300,39,57.41,33.44,0,1559
1649764595.240806,1,300,49,54.86,33.65,0,1559
1649764595.265804,1,300,35,57.27,33.05,0,1559
1649764595.290801,1,300,45,54.90,103.78,1,1538
1649764595.315798,1,300,36,57.27,36.21,0,1538
1649764595.340795,1,300,46,54.89,31.66,0,1538
1649764595.365793,1,300,38,57.10,34.84,0,1538
1649764595.390790,1,300,41,54.83,31.09,0,1538
1649764595.415787,1,300,36,57.03,31.62,0,1538
1649764595.440785,1,300,46,54.85,106.90,1,1537
1649764595.465782,1,300,40,56.95,32.96,0,1537
1649764595.490779,1,300,53,54.98,31.95,0,1537
1649764595.515776,1,300,37,57.08,31.70,0,1537
1649764595.540774,1,300,49,55.13,31.73,0,1537
1649764595.565771,1,300,41,57.09,32.01,0,1537
1649764595.590769,1,300,46,55.29,119.20,1,1539
1649764595.615766,1,300,44,57.17,31.96,0,1539
1649764595.640763,1,300,48,55.35,32.26,0,1539
1649764595.665761,1,300,48,57.10,31.98,0,1539
1649764595.690758,1,300,52,55.46,30.77,0,1539
1649764595.715755,1,300,45,57.17,30.56,0,1539
1649764595.740752,1,300,41,55.52,116.25,1,1524
1649764595.765749,1,300,47,57.09,30.68,0,1524
1649764595.790747,1,300,42,55.61,30.14,0,1524
1649764595.815744,1,300,40,57.14,30.77,0,1524
1649764595.840742,1,300,46,55.69,31.31,0,1524
1649764595.865739,1,300,44,57.08,30.32,0,1524
1649764595.890736,1,300,44,55.81,109.16,1,1500
1649764595.915734,1,300,42,57.14,31.46,0,1500
1649764595.940731,1,300,45,55.87,29.80,0,1500
1649764595.965728,1,300,43,57.05,29.47,0,1500
1649764595.990725,1,300,43,55.96,29.79,0,1500
1649764596.015723,1,300,44,57.10,30.42,0,1500
1649764596.040720,1,300,44,56.02,103.93,1,1471
1649764596.065717,1,300,42,57.02,30.78,0,1471
1649764596.090715,1,300,48,56.12,29.86,0,1471
1649764596.115713,1,300,41,57.06,30.58,0,1471
1649764596.140710,1,300,47,56.20,29.55,0,1471
1649764596.165707,1,300,43,57.01,29.12,0,1471
1649764596.190705,1,300,39,56.30,116.77,1,1438
1649764596.215702,1,300,42,57.09,30.00,0,1438
1649764596.240699,1,300,41,56.42,29.65,0,1438
1649764596.265697,1,300,37,57.08,28.82,0,1438
1649764596.290694,1,300,47,56.60,28.55,0,1438
1649764596.315691,1,300,44,57.17,28.49,0,1438
1649764596.340688,1,300,41,56.71,102.13,1,1421
1649764596.365686,1,300,48,57.12,30.64,0,1421
1649764596.390683,1,300,44,56.85,28.38,0,1421
1649764596.415680,1,300,40,57.20,28.24,0,1421
1649764596.440677,1,300,41,56.95,28.26,0,1421
1649764596.465675,1,300,43,57.15,28.09,0,1421
1649764596.490672,1,300,49,57.09,95.28,1,1380
1649764596.515670,1,300,46,57.24,29.48,0,1380
1649764596.540667,1,300,43,57.18,28.25,0,1380
1649764596.565664,1,300,46,57.18,28.50,0,1380
1649764596.590661,1,300,49,57.36,28.27,0,1380
1649764596.615659,1,300,42,57.39,28.55,0,1380
1649764596.640656,1,300,42,57.71,126.24,1,1388
1649764596.665653,1,300,41,57.69,29.65,0,1388
1649764596.690650,1,300,50,58.26,29.10,0,1388
1649764596.715648,1,300,49,58.08,28.12,0,1388
1649764596.740645,1,300,48,58.38,28.69,0,1388
1649764596.765642,1,300,43,57.97,28.66,0,1388
1649764596.790640,1,300,53,58.48,104.41,1,1365
1649764596.815637,1,300,43,57.96,29.12,0,1365
1649764596.840634,1,300,51,58.50,28.51,0,1365
1649764596.865632,1,300,46,57.85,28.73,0,1365
1649764596.890629,1,300,55,58.57,28.52,0,1365
1649764596.915626,1,300,53,57.85,30.95,0,1365
1649764596.940623,1,300,46,58.61,170.83,1,1327
1649764596.965621,1,300,50,57.76,28.65,0,1327
1649764596.990618,1,300,44,58.70,28.93,0,1327
1649764597.015615,1,300,50,57.79,28.52,0,1327
1649764597.040613,1,300,43,58.73,29.48,0,1327
1649764597.065610,1,300,49,57.67,29.96,0,1327
1649764597.090607,1,300,44,58.80,122.17,1,1282
1649764597.115604,1,300,46,57.67,30.42,0,1282
1649764597.140602,1,300,49,58.81,29.87,0,1282
1649764597.165599,1,300,51,57.54,30.19,0,1282
1649764597.190596,1,300,55,58.85,29.82,0,1282
1649764597.215594,1,300,57,57.53,29.29,0,1282
1649764597.240591,1,300,59,58.85,112.73,1,1235
1649764597.265589,1,300,53,57.43,30.05,0,1235
1649764597.290586,1,300,49,58.95,30.92,0,1235
1649764597.315583,1,300,52,57.48,29.54,0,1235
1649764597.340580,1,300,47,59.00,30.23,0,1235
1649764597.365577,1,300,55,57.41,30.20,0,1235
1649764597.390575,1,300,49,59.07,136.49,1,1181
1649764597.415572,1,300,52,57.39,31.06,0,1181
1649764597.440569,1,300,49,59.03,31.81,0,1181
1649764597.465567,1,300,51,57.23,31.33,0,1181
1649764597.490564,1,300,47,59.02,31.70,0,1181
1649764597.515562,1,300,57,57.15,34.35,0,1181
1649764597.540559,1,300,48,58.92,159.16,1,1106
1649764597.565556,1,300,53,56.95,32.28,0,1106
1649764597.590553,1,300,47,58.87,32.52,0,1106
1649764597.615551,1,300,58,56.83,31.43,0,1106
1649764597.640548,1,300,54,58.72,33.16,0,1106
1649764597.665545,1,300,61,56.58,32.33,0,1106
1649764597.690542,1,300,55,58.59,136.60,1,1137
1649764597.715540,1,300,61,56.40,32.21,0,1137
1649764597.740537,1,300,47,58.43,32.74,0,1137
1649764597.765534,1,300,60,56.21,32.22,0,1137
1649764597.790532,1,300,52,58.47,33.33,0,1137
1649764597.815529,1,300,62,56.25,32.12,0,1137
1649764597.840526,1,300,43,58.55,112.89,1,1088
1649764597.865523,1,300,55,56.30,33.00,0,1088
1649764597.890521,1,300,48,58.75,31.88,0,1088
1649764597.915518,1,300,58,56.47,33.08,0,1088
1649764597.940515,1,300,43,58.94,32.27,0,1088
1649764597.965513,1,300,60,56.57,33.43,0,1088
1649764597.990510,1,300,40,59.16,114.12,1,1054
1649764598.015507,1,300,56,56.73,34.61,0,1054
1649764598.040505,1,300,42,59.27,33.20,0,1054
1649764598.065502,1,300,52,56.74,32.02,0,1054
1649764598.090499,1,300,41,59.39,33.16,0,1054
1649764598.115496,1,300,54,56.74,38.08,0,1054
1649764598.140494,1,300,40,59.40,113.27,1,986
1649764598.165491,1,300,50,56.70,34.86,0,986
1649764598.190488,1,300,37,59.46,33.55,0,986
1649764598.215486,1,300,58,56.70,33.61,0,986
1649764598.240483,1,300,40,59.45,34.11,0,986
1649764598.265480,1,300,57,56.64,34.19,0,986
1649764598.290478,1,300,42,59.54,123.13,1,925
1649764598.315475,1,300,56,56.66,33.85,0,925
1649764598.340472,1,300,41,59.56,33.80,0,925
1649764598.365469,1,300,52,56.61,33.55,0,925
1649764598.390466,1,300,37,59.63,34.53,0,925
1649764598.415464,1,300,57,56.63,34.20,0,925
1649764598.440461,1,300,43,59.66,106.54,1,881
1649764598.465458,1,300,56,56.60,34.19,0,881
1649764598.490456,1,300,46,59.77,33.70,0,881
1649764598.515453,1,300,65,56.64,33.41,0,881
1649764598.540451,1,300,45,59.80,35.25,0,881
1649764598.565448,1,300,62,56.61,34.75,0,881
1649764598.590445,1,300,45,59.88,113.75,1,860
1649764598.615443,1,300,70,56.63,33.75,0,860
1649764598.640440,1,300,41,59.90,33.31,0,860
1649764598.665437,1,300,65,56.60,34.12,0,860
1649764598.690434,1,300,48,59.94,35.77,0,860
1649764598.715431,1,300,67,56.61,35.17,0,860
1649764598.740429,1,300,50,59.92,97.63,1,830
1649764598.765426,1,300,63,56.53,34.15,0,830
1649764598.790424,1,300,45,59.95,33.63,0,830
1649764598.815421,1,300,59,56.53,35.08,0,830
1649764598.840418,1,300,51,59.92,36.09,0,830
1649764598.865415,1,300,59,56.46,35.26,0,830
1649764598.890413,1,300,47,59.95,97.62,1,811
1649764598.915410,1,300,57,56.48,35.18,0,811
1649764598.940407,1,300,44,59.96,34.29,0,811
1649764598.965405,1,300,58,56.43,33.56,0,811
1649764598.990402,1,300,41,60.02,36.18,0,811
1649764599.015399,1,300,61,56.47,33.07,0,811
1649764599.040396,1,300,43,60.01,117.44,1,775
1649764599.065394,1,300,64,56.43,34.44,0,775
1649764599.090391,1,300,50,60.09,34.57,0,775
1649764599.115388,1,300,72,56.48,36.55,0,775
1649764599.140386,1,300,51,60.11,36.17,0,775
1649764599.165383,1,300,60,56.48,35.67,0,775
1649764599.190380,1,300,46,60.24,93.10,1,746
1649764599.215377,1,300,58,56.55,36.28,0,746
1649764599.240375,1,300,45,60.28,36.36,0,746
1649764599.265372,1,300,57,56.55,35.87,0,746
1649764599.290369,1,300,41,60.34,34.92,0,746
1649764599.315367,1,300,61,56.55,35.74,0,746
1649764599.340364,1,300,46,60.29,91.88,1,733
1649764599.365361,1,300,59,56.51,34.31,0,733
1649764599.390358,1,300,43,60.29,35.21,0,733
1649764599.415356,1,300,59,56.50,33.97,0,733
1649764599.440353,1,300,46,60.25,36.55,0,733
1649764599.465350,1,300,54,56.47,35.32,0,733
1649764599.490348,1,300,41,60.33,102.83,1,723
1649764599.515345,1,300,61,56.53,36.13,0,723
1649764599.540342,1,300,45,60.35,35.44,0,723
1649764599.565340,1,300,56,56.56,35.16,0,723
1649764599.590337,1,300,39,60.47,35.77,0,723
1649764599.615334,1,300,54,56.64,36.07,0,723
1649764599.640332,1,300,39,60.49,88.86,1,705
1649764599.665329,1,300,52,56.69,36.08,0,705
1649764599.690326,1,300,40,60.62,35.88,0,705
1649764599.715323,1,300,51,56.79,33.97,0,705
1649764599.740321,1,300,48,60.65,35.68,0,705
1649764599.765318,1,300,54,56.82,34.72,0,705
1649764599.790315,1,300,40,60.77,86.14,1,686
1649764599.815313,1,300,57,56.91,34.08,0,686
1649764599.840310,1,300,34,60.81,35.47,0,686
1649764599.865307,1,300,55,56.95,37.68,0,686
1649764599.890305,1,300,42,60.88,38.36,0,686
1649764599.915302,1,300,54,57.05,37.05,0,686
1649764599.940299,1,300,39,60.90,84.70,1,669
1649764599.965296,1,300,49,57.09,34.78,0,669
1649764599.990294,1,300,40,61.00,34.81,0,669
1649764600.015291,1,300,54,57.16,33.06,0,669
1649764600.040288,1,300,30,60.99,34.76,0,669
1649764600.065286,1,300,60,57.16,34.59,0,669
1649764600.090283,1,300,37,61.05,89.70,1,657
1649764600.115280,1,300,51,57.20,37.74,0,657
1649764600.140277,1,300,37,61.03,36.77,0,657
1649764600.165275,1,300,52,57.19,36.11,0,657
1649764600.190272,1,300,36,61.08,35.15,0,657
1649764600.215269,1,300,52,57.25,35.46,0,657
1649764600.240267,1,300,35,61.06,79.92,1,625
1649764600.265264,1,300,55,57.25,34.23,0,625
1649764600.290261,1,300,39,61.12,36.47,0,625
1649764600.315258,1,300,57,57.29,35.00,0,625
1649764600.340256,1,300,37,61.07,36.55,0,625
1649764600.365253,1,300,53,57.27,35.81,0,625
1649764600.390250,1,300,36,61.12,79.23,1,616
1649764600.415248,1,300,51,57.31,35.79,0,616
1649764600.440245,1,300,38,61.11,35.60,0,616
1649764600.465242,1,300,60,57.32,38.14,0,616
1649764600.490239,1,300,43,61.14,36.03,0,616
1649764600.515237,1,300,58,57.35,35.51,0,616
1649764600.540234,1,300,33,61.09,80.20,1,616
1649764600.565231,1,300,55,57.33,34.75,0,616
1649764600.590229,1,300,39,61.14,35.53,0,616
1649764600.615226,1,300,56,57.37,33.85,0,616
1649764600.640224,1,300,42,61.08,35.43,0,616
1649764600.665220,1,300,53,57.33,33.78,0,616
1649764600.690218,1,300,39,61.09,80.89,1,604
1649764600.715215,1,300,54,57.36,34.92,0,604
1649764600.740212,1,300,33,61.02,35.48,0,604
1649764600.765210,1,300,56,57.32,34.19,0,604
1649764600.790207,1,300,42,61.05,34.97,0,604
1649764600.815204,1,300,47,57.34,34.11,0,604
1649764600.840202,1,300,30,61.01,88.37,1,643
1649764600.865199,1,300,52,57.37,35.17,0,643
1649764600.890196,1,300,29,61.09,38.76,0,643
1649764600.915194,1,300,46,57.41,35.06,0,643
1649764600.940191,1,300,37,61.01,34.27,0,643
1649764600.965188,1,300,47,57.30,34.23,0,643
1649764600.990185,1,300,36,60.99,87.51,1,651
1649764601.015183,1,300,54,57.27,35.61,0,651
1649764601.040180,1,300,40,60.97,35.34,0,651
1649764601.065177,1,300,53,57.38,35.17,0,651
1649764601.090175,1,300,41,61.13,34.45,0,651
1649764601.115172,1,300,49,57.47,35.82,0,651
1649764601.140169,1,300,37,61.09,98.14,1,674
1649764601.165167,1,300,54,57.41,33.83,0,674
1649764601.190164,1,300,35,61.06,35.07,0,674
1649764601.215161,1,300,45,57.37,36.70,0,674
1649764601.240159,1,300,44,60.93,36.51,0,674
1649764601.265156,1,300,63,57.32,34.16,0,674
1649764601.290153,1,300,39,60.94,80.39,1,686
1649764601.315150,1,300,53,57.31,34.65,0,686
1649764601.340148,1,300,47,60.84,36.59,0,686
1649764601.365145,1,300,54,57.29,33.63,0,686
1649764601.390142,1,300,43,60.83,34.66,0,686
1649764601.415140,1,300,51,57.26,34.32,0,686
1649764601.440137,1,300,37,60.72,94.14,1,688
1649764601.465134,1,300,51,57.28,35.22,0,688
1649764601.490131,1,300,35,60.75,33.86,0,688
1649764601.515129,1,300,47,57.27,34.94,0,688
1649764601.540126,1,300,34,60.62,35.15,0,688
1649764601.565123,1,300,54,57.27,33.32,0,688
1649764601.590121,1,300,31,60.63,85.49,1,687
1649764601.615118,1,300,50,57.29,36.98,0,687
1649764601.640115,1,300,32,60.55,36.66,0,687
1649764601.665112,1,300,55,57.33,33.07,0,687
1649764601.690110,1,300,37,60.60,34.74,0,687
1649764601.715107,1,300,50,57.41,36.92,0,687
1649764601.740104,1,300,46,60.55,81.30,1,698
1649764601.765102,1,300,46,57.47,36.06,0,698
1649764601.790099,1,300,42,60.59,33.40,0,698
1649764601.815096,1,300,52,57.49,33.76,0,698
1649764601.840094,1,300,57,60.45,31.84,0,698
1649764601.865091,1,300,63,57.44,32.31,0,698
1649764601.890088,1,300,50,60.41,84.20,1,728
1649764601.915086,1,300,60,57.36,32.15,0,728
1649764601.940083,1,300,55,60.22,31.43,0,728
1649764601.965080,1,300,60,57.21,31.25,0,728
1649764601.990077,1,300,47,60.06,31.34,0,728
1649764602.015074,1,300,56,56.96,30.47,0,728
1649764602.040072,1,300,56,59.69,85.00,1,757
