t,tracked,n_obs0,n_obs1,mean0,ms
1520530308.199448,1,429,332,61.16,5.67
1520530308.249449,1,377,0,61.35,0.58
1520530308.299451,1,362,0,61.22,0.60
1520530308.349503,1,338,0,63.37,0.50
1520530308.399505,1,331,0,63.58,0.50
1520530308.449505,1,328,0,63.53,0.61
1520530308.499506,1,324,0,63.17,0.53
1520530308.549508,1,312,0,63.14,0.53
1520530308.599509,1,305,0,63.35,0.61
1520530308.649555,1,301,0,63.36,0.52
1520530308.699512,1,295,0,63.23,0.86
1520530308.749559,1,293,0,65.20,0.57
1520530308.799560,1,286,0,64.92,0.56
1520530308.849562,1,281,0,64.96,0.62
1520530308.899563,1,279,0,64.96,0.56
1520530308.949565,1,277,0,65.38,0.57
1520530308.999567,1,276,0,65.32,0.69
1520530309.049568,1,274,0,65.55,0.57
1520530309.099570,1,270,0,65.38,0.58
1520530309.149567,1,270,0,65.27,0.69
1520530309.199583,1,269,0,66.00,0.60
1520530309.249583,1,268,0,65.79,0.59
1520530309.299586,1,266,0,66.13,0.67
1520530309.349586,1,264,0,66.23,0.60
1520530309.399589,1,264,0,66.05,0.92
1520530309.449590,1,262,0,66.04,0.62
1520530309.499591,1,261,0,66.02,0.64
1520530309.549594,1,260,0,66.27,0.75
1520530309.599597,1,258,0,66.33,0.66
1520530309.649599,1,259,0,66.50,0.69
1520530309.699600,1,258,0,66.63,0.77
1520530309.749602,1,258,0,66.56,0.68
1520530309.799603,1,257,0,66.43,0.92
1520530309.849605,1,254,0,66.78,0.70
1520530309.899606,1,253,0,66.68,0.70
1520530309.949608,1,253,0,66.57,0.80
1520530309.999622,1,253,0,67.20,0.72
1520530310.049623,1,252,0,67.27,0.90
1520530310.099625,1,251,0,67.24,0.74
1520530310.149627,1,251,0,67.52,0.74
1520530310.199628,1,249,0,67.46,0.82
1520530310.249729,1,248,0,67.35,0.74
1520530310.299631,1,247,0,67.23,0.74
1520530310.349633,1,242,0,67.07,0.82
1520530310.399625,1,242,0,66.82,0.75
1520530310.449627,1,242,0,66.78,0.83
1520530310.499628,1,240,0,66.83,0.82
1520530310.549630,1,240,0,66.82,0.82
1520530310.599632,1,239,0,66.84,0.84
1520530310.649633,1,238,0,66.89,0.76
1520530310.699635,1,238,0,66.82,0.84
1520530310.749636,1,238,0,66.66,0.79
1520530310.799651,1,236,0,67.37,1.08
1520530310.849652,1,235,0,67.31,0.79
1520530310.899654,1,233,0,67.43,0.81
1520530310.949655,1,231,0,67.24,0.87
1520530310.999657,1,230,0,67.41,0.82
1520530311.049659,1,229,0,67.37,0.91
1520530311.099660,1,229,0,67.29,0.82
1520530311.149662,1,229,0,67.41,0.83
1520530311.199672,1,227,0,67.44,0.91
1520530311.249673,1,227,0,67.46,0.83
1520530311.299675,1,227,0,67.47,1.02
1520530311.349677,1,227,0,67.51,0.85
1520530311.399678,1,226,0,67.51,1.15
1520530311.449679,1,225,0,67.46,0.86
1520530311.499684,1,224,0,67.61,0.87
1520530311.549683,1,223,0,67.41,0.94
1520530311.599684,1,223,0,67.56,0.86
1520530311.649719,1,222,0,69.10,0.98
1520530311.699720,1,222,0,68.88,0.89
1520530311.749722,1,220,0,69.14,0.88
1520530311.799723,1,221,0,69.01,0.97
1520530311.849725,1,221,0,68.94,0.89
1520530311.899726,1,220,0,69.04,0.98
1520530311.949728,1,220,0,69.11,0.91
1520530311.999729,1,220,0,69.07,0.99
1520530312.049721,1,219,0,68.65,0.92
1520530312.099721,1,220,0,68.80,0.93
1520530312.149723,1,219,0,68.76,1.00
1520530312.199726,1,219,0,69.03,0.93
1520530312.249727,1,218,0,68.99,1.01
1520530312.299728,1,218,0,68.89,0.95
1520530312.349730,1,218,0,68.87,1.03
1520530312.399731,1,217,0,68.84,0.95
1520530312.449712,1,217,0,68.03,1.04
1520530312.499714,1,216,0,67.87,0.98
1520530312.549715,1,216,0,67.95,0.98
1520530312.599717,1,216,0,68.03,1.06
1520530312.649719,1,214,0,68.04,0.99
1520530312.699720,1,214,0,68.05,1.07
1520530312.749722,1,213,0,68.13,1.01
1520530312.799724,1,213,0,68.16,1.08
1520530312.849720,1,213,0,67.99,1.02
1520530312.899721,1,212,0,67.90,1.09
1520530312.949723,1,212,0,67.80,1.01
1520530312.999725,1,212,0,67.97,1.25
1520530313.049726,1,212,0,67.77,1.14
1520530313.099727,1,212,0,67.79,1.14
1520530313.149729,1,210,0,67.89,1.07
1520530313.199730,1,211,0,67.87,1.16
1520530313.249736,1,210,0,68.07,1.08
1520530313.299738,1,210,0,68.33,1.09
1520530313.349739,1,210,0,68.21,1.17
1520530313.399790,1,210,0,68.07,1.13
1520530313.449743,1,210,0,68.06,1.19
1520530313.499744,1,210,0,67.96,1.09
1520530313.549746,1,210,0,68.12,1.17
1520530313.599747,1,210,0,68.13,1.10
1520530313.649745,1,210,0,67.97,1.21
1520530313.699746,1,209,0,67.96,1.15
1520530313.749748,1,209,0,67.95,1.21
1520530313.799750,1,208,0,67.99,1.14
1520530313.849751,0,208,0,68.08,1.30
1520530313.899753,1,428,325,68.06,0.96
1520530313.949754,1,392,0,68.03,0.64
1520530313.999756,1,366,0,68.12,0.56
1520530314.049757,1,352,0,68.46,0.64
1520530314.099763,1,336,0,68.49,0.55
1520530314.149765,1,331,0,68.64,0.55
1520530314.199766,1,321,0,68.76,0.78
1520530314.249768,1,313,0,69.01,0.55
1520530314.299769,1,308,0,69.10,0.56
1520530314.349771,1,301,0,69.12,0.64
1520530314.399773,1,297,0,69.14,0.55
1520530314.449774,1,290,0,68.82,0.58
1520530314.499774,1,279,0,68.66,0.64
1520530314.549776,1,272,0,68.45,0.57
1520530314.599777,1,267,0,68.86,0.59
1520530314.649779,1,261,0,68.88,0.67
1520530314.699780,1,248,0,69.10,0.59
1520530314.749782,1,241,0,69.08,0.90
1520530314.799787,1,231,0,68.94,0.57
1520530314.849784,1,226,0,69.55,0.57
1520530314.899810,1,214,0,71.09,0.68
1520530314.949812,1,204,0,72.11,0.58
1520530314.999919,1,201,0,71.94,0.59
1520530315.049815,1,196,0,71.85,0.67
1520530315.099817,1,188,0,72.00,0.58
1520530315.149818,1,186,0,71.90,0.67
1520530315.199819,1,185,0,71.90,0.59
1520530315.249821,1,184,0,71.99,0.60
1520530315.299635,1,432,327,63.00,6.69
1520530315.349637,1,296,0,62.92,0.91
1520530315.399639,1,283,0,62.91,0.62
1520530315.449640,1,276,0,63.33,0.55
1520530315.499642,1,264,0,63.57,0.62
1520530315.549643,1,258,0,63.67,0.54
1520530315.599645,1,254,0,62.60,0.53
1520530315.649646,1,246,0,61.76,0.62
1520530315.699637,1,236,0,60.81,0.55
1520530315.749639,1,232,0,61.22,0.76
1520530315.799640,1,226,0,61.42,0.55
1520530315.849642,1,220,0,61.24,0.56
1520530315.899643,1,213,0,60.54,0.55
1520530315.949645,1,209,0,60.14,0.63
1520530315.999647,1,206,0,60.19,0.54
1520530316.049648,1,202,0,60.07,0.88
1520530316.100221,1,434,351,83.33,3.06
1520530316.150223,1,339,0,83.64,0.60
1520530316.200224,1,317,0,84.31,0.56
1520530316.250226,1,306,0,85.12,0.62
1520530316.300227,1,292,0,85.21,0.59
1520530316.350229,1,280,0,85.48,0.59
1520530316.400230,1,270,0,85.03,0.64
1520530316.450231,1,262,0,84.74,0.55
1520530316.500233,1,252,0,84.91,0.54
1520530316.550276,1,247,0,86.29,0.64
1520530316.600278,1,237,0,86.75,0.54
1520530316.650280,1,231,0,87.08,0.53
1520530316.700281,1,228,0,86.93,0.63
1520530316.750283,1,219,0,86.60,0.55
1520530316.800284,1,217,0,86.47,0.55
1520530316.850286,1,215,0,86.00,0.63
1520530316.900287,1,212,0,86.45,0.56
1520530316.949773,1,193,0,66.70,0.55
1520530316.999775,1,191,0,66.96,0.63
1520530317.049776,1,189,0,66.92,0.56
1520530317.099778,1,439,376,67.25,3.18
1520530317.149779,1,361,0,67.52,0.89
1520530317.199781,1,354,0,67.55,0.56
1520530317.249782,1,337,0,67.39,0.55
1520530317.299784,1,323,0,67.64,0.56
1520530317.349743,1,304,0,65.46,0.63
1520530317.399745,1,295,0,65.34,0.57
1520530317.449748,1,286,0,65.14,0.80
1520530317.499748,1,272,0,65.16,0.56
1520530317.549752,1,260,0,64.68,0.56
1520530317.599752,1,256,0,64.30,0.56
1520530317.649754,1,251,0,64.33,0.64
1520530317.699755,1,240,0,63.72,0.58
1520530317.750237,1,186,0,83.42,0.91
1520530317.800239,1,185,0,82.30,0.55
1520530317.850240,1,439,360,81.43,3.10
1520530317.900242,1,346,0,80.48,0.62
1520530317.950243,1,330,0,80.34,0.65
1520530318.000244,1,313,0,80.02,0.58
1520530318.050247,1,302,0,80.05,0.57
1520530318.100248,1,286,0,80.04,0.68
1520530318.150816,1,236,0,94.64,0.57
1520530318.200769,1,231,0,94.92,0.53
1520530318.250771,1,212,0,95.85,0.97
1520530318.300772,1,203,0,96.17,0.55
1520530318.350774,1,195,0,96.48,0.95
1520530318.400775,1,186,0,96.79,0.53
1520530318.450777,1,183,0,96.75,0.55
1520530318.500778,1,429,366,96.75,3.14
1520530318.550780,1,357,0,97.16,0.62
1520530318.600567,1,339,0,91.27,0.66
1520530318.650568,1,332,0,91.31,0.57
1520530318.700570,0,332,0,91.33,0.68
1520530318.750571,1,430,364,91.21,0.98
1520530318.800573,1,394,0,91.25,0.96
1520530318.850574,1,355,0,90.78,0.59
1520530318.900576,1,338,0,91.33,0.59
1520530318.950577,1,326,0,91.66,0.60
1520530318.999955,1,288,0,70.35,0.67
1520530319.049957,1,269,0,70.30,0.57
1520530319.099960,1,253,0,70.73,0.68
1520530319.149961,1,242,0,70.73,0.56
1520530319.199962,1,232,0,71.11,0.57
1520530319.249964,1,220,0,70.70,0.63
1520530319.299965,1,206,0,71.24,0.54
1520530319.349967,1,198,0,70.93,0.54
1520530319.399832,1,439,355,64.79,2.60
1520530319.449833,1,316,0,65.21,0.96
1520530319.499835,1,285,0,65.82,0.57
1520530319.549837,1,264,0,65.32,0.55
1520530319.599838,1,248,0,64.58,0.64
1520530319.649840,1,231,0,64.45,0.53
1520530319.699841,1,220,0,64.75,0.53
1520530319.749942,1,204,0,64.95,0.63
1520530319.800341,1,437,355,84.89,3.07
1520530319.850343,1,328,0,84.60,0.59
1520530319.900344,0,328,0,84.23,0.57
1520530319.950346,1,433,341,84.40,1.02
1520530320.000347,1,313,0,84.53,0.62
1520530320.050349,1,271,0,84.77,0.54
1520530320.100350,1,244,0,84.98,0.60
1520530320.150352,1,211,0,85.53,0.50
1520530320.200401,1,200,0,88.13,0.49
1520530320.250402,1,191,0,89.25,0.58
1520530320.300404,1,189,0,89.42,0.48
1520530320.350405,1,431,354,89.50,2.82
1520530320.400407,1,304,0,89.35,0.59
1520530320.450408,1,284,0,88.90,0.62
1520530320.500410,1,276,0,88.52,0.52
1520530320.550412,1,262,0,88.76,0.53
1520530320.599869,1,240,0,67.08,0.88
1520530320.649871,1,233,0,67.14,0.52
1520530320.699873,1,230,0,67.36,0.53
1520530320.749874,1,225,0,66.98,0.63
1520530320.799876,1,223,0,67.10,0.55
1520530320.849877,1,218,0,67.21,0.53
1520530320.899879,1,207,0,67.27,0.63
1520530320.949880,1,202,0,67.78,0.54
1520530320.999882,1,200,0,68.03,0.54
1520530321.049740,1,197,0,60.40,0.64
1520530321.099742,1,189,0,59.94,0.54
1520530321.149743,1,433,333,59.87,2.94
1520530321.199745,1,285,0,59.69,0.56
1520530321.249747,1,266,0,59.26,0.61
1520530321.299749,1,259,0,58.77,0.52
1520530321.349750,1,247,0,58.48,0.52
1520530321.399751,1,230,0,58.00,0.61
1520530321.449856,1,207,0,62.88,0.52
1520530321.499857,1,200,0,62.45,0.52
1520530321.549859,1,199,0,61.90,0.83
1520530321.599860,1,196,0,61.62,0.52
1520530321.649862,1,194,0,61.13,0.53
1520530321.699863,1,194,0,61.05,0.61
1520530321.749866,1,191,0,61.05,0.54
1520530321.799867,1,190,0,60.92,0.62
1520530321.850152,1,436,319,73.20,3.52
1520530321.900154,1,305,0,72.75,0.61
1520530321.950155,1,283,0,72.42,0.57
1520530322.000157,1,276,0,72.41,0.74
1520530322.050158,1,259,0,72.44,0.58
1520530322.100160,1,252,0,73.19,0.57
1520530322.150162,1,246,0,73.11,0.64
1520530322.200163,1,240,0,72.62,0.54
1520530322.250207,1,235,0,74.45,0.55
1520530322.300208,1,230,0,74.12,0.63
1520530322.350209,1,219,0,74.13,0.55
1520530322.400212,1,216,0,74.34,0.54
1520530322.450214,1,208,0,74.37,0.62
1520530322.500215,1,204,0,74.46,0.53
1520530322.550216,1,200,0,74.65,0.88
1520530322.600218,1,196,0,74.25,0.54
1520530322.650023,1,192,0,65.88,0.54
1520530322.700025,1,188,0,66.04,0.53
1520530322.750027,1,185,0,66.20,0.62
1520530322.800028,1,423,352,66.39,3.16
1520530322.850031,1,319,0,66.29,0.59
1520530322.900065,1,306,0,65.97,0.63
1520530322.950033,1,294,0,65.77,0.55
1520530323.000035,1,282,0,65.66,0.55
1520530323.050036,1,273,0,65.18,0.67
1520530323.100074,1,250,0,67.02,0.54
1520530323.150076,1,242,0,67.15,0.56
1520530323.200077,1,238,0,67.34,0.63
1520530323.250079,1,227,0,67.45,0.53
1520530323.300080,1,220,0,67.65,0.57
1520530323.350082,1,218,0,67.79,0.63
1520530323.400084,1,216,0,67.97,0.55
1520530323.450085,1,211,0,67.87,0.56
1520530323.500345,1,196,0,77.78,0.65
1520530323.550346,1,185,0,77.73,0.56
1520530323.600348,1,183,0,78.06,0.56
1520530323.650349,1,434,372,78.26,3.17
1520530323.700351,1,332,0,79.07,0.70
1520530323.750353,1,315,0,79.35,0.58
1520530323.800354,1,293,0,79.50,0.83
1520530323.850356,1,282,0,79.09,0.66
1520530323.900153,1,269,0,71.27,0.56
1520530323.950154,1,261,0,71.76,0.55
1520530324.000156,0,261,0,71.98,0.81
1520530324.050157,1,424,345,72.26,0.97
1520530324.100159,1,364,0,72.60,0.70
1520530324.150160,1,322,0,72.63,0.54
1520530324.200162,1,314,0,73.07,0.54
1520530324.250163,1,293,0,73.00,0.65
1520530324.299908,1,280,0,61.64,0.54
1520530324.349910,1,279,0,61.84,0.88
1520530324.399911,1,267,0,62.55,0.56
1520530324.449913,1,254,0,63.11,0.59
1520530324.499994,1,246,0,62.85,0.94
1520530324.549915,1,236,0,63.10,0.56
1520530324.599917,1,214,0,63.11,0.55
1520530324.649919,1,210,0,62.93,0.64
1520530324.700018,1,204,0,67.29,0.56
1520530324.750020,1,193,0,66.89,0.56
1520530324.800021,1,435,358,66.79,2.68
1520530324.850023,1,342,0,66.67,0.70
1520530324.900024,1,322,0,66.66,0.57
1520530324.950026,1,312,0,66.22,0.56
1520530325.000028,1,296,0,65.88,0.65
1520530325.050029,1,291,0,65.87,0.57
1520530325.100816,1,429,352,95.00,2.80
1520530325.150817,1,339,0,95.08,0.64
1520530325.200819,1,330,0,94.74,0.74
1520530325.250820,1,308,0,94.34,0.64
1520530325.300822,1,292,0,94.28,0.60
1520530325.350824,1,285,0,93.76,0.68
1520530325.400825,1,277,0,93.36,0.62
1520530325.450827,1,271,0,93.26,0.60
1520530325.500828,1,250,0,93.15,0.67
1520530325.550913,1,245,0,95.30,0.58
1520530325.600915,1,239,0,95.15,0.56
1520530325.650917,1,233,0,95.12,0.65
1520530325.700918,1,228,0,95.35,0.56
1520530325.750919,1,225,0,95.53,0.92
1520530325.800921,1,215,0,95.37,0.56
1520530325.850922,1,212,0,95.46,0.57
1520530325.900924,1,212,0,94.94,0.57
1520530325.950541,1,203,0,83.74,0.67
1520530326.000543,1,200,0,83.37,0.57
1520530326.050549,1,199,0,83.21,0.67
1520530326.100546,1,195,0,82.83,0.58
1520530326.150548,1,194,0,82.49,0.58
1520530326.200549,1,190,0,82.27,0.71
1520530326.250551,1,187,0,82.06,0.60
1520530326.300552,1,435,372,82.32,3.07
1520530326.350204,1,349,0,69.06,0.60
1520530326.400206,1,342,0,69.19,0.67
1520530326.450207,1,332,0,69.22,0.57
1520530326.500209,1,321,0,69.40,0.57
1520530326.550210,1,296,0,69.45,0.66
1520530326.600213,1,286,0,69.80,0.56
1520530326.650214,1,268,0,70.14,0.67
1520530326.700216,1,242,0,70.34,0.65
1520530326.750426,1,230,0,78.93,0.56
1520530326.800429,1,229,0,79.02,0.69
1520530326.850430,1,227,0,78.83,0.56
1520530326.900431,1,224,0,78.27,0.56
1520530326.950433,1,221,0,78.12,0.57
1520530327.000434,1,208,0,78.03,0.66
1520530327.050437,1,206,0,77.86,0.56
1520530327.100437,1,200,0,78.15,0.67
1520530327.150430,1,194,0,77.35,0.56
1520530327.200433,1,423,362,76.86,3.03
1520530327.250435,1,343,0,76.44,0.61
1520530327.300436,1,325,0,76.55,0.67
1520530327.350437,1,208,0,76.43,0.51
1520530327.400439,1,201,0,76.50,0.49
1520530327.450440,1,192,0,76.85,0.57
1520530327.500442,1,186,0,77.37,0.47
1520530327.550090,1,425,341,62.78,3.30
1520530327.600091,1,303,0,62.82,0.60
1520530327.650103,1,270,0,63.22,0.64
1520530327.700094,1,257,0,64.68,0.53
1520530327.750096,1,235,0,64.88,0.55
1520530327.800097,1,216,0,65.80,0.63
1520530327.850099,1,202,0,66.49,0.52
1520530327.900100,1,185,0,66.62,0.79
1520530327.950102,1,426,335,66.28,3.28
1520530328.000280,1,254,0,75.08,0.66
1520530328.050282,1,217,0,75.01,0.54
1520530328.100283,1,189,0,74.89,0.70
1520530328.150285,1,183,0,74.79,0.48
1520530328.200287,1,432,318,74.78,3.66
1520530328.250288,1,282,0,74.98,0.58
1520530328.300290,1,261,0,75.38,0.63
1520530328.350291,1,250,0,75.91,0.53
1520530328.400337,1,219,0,76.60,0.53
1520530328.450338,1,203,0,76.41,0.58
1520530328.500340,1,195,0,76.96,0.51
1520530328.550342,1,187,0,75.58,0.50
1520530328.600343,1,429,358,75.89,4.55
1520530328.650346,1,300,0,75.49,0.61
1520530328.700347,1,280,0,74.67,0.91
1520530328.750348,1,267,0,75.56,0.56
1520530328.800086,1,247,0,63.59,0.57
1520530328.850087,1,235,0,63.94,0.52
1520530328.900089,1,231,0,63.91,0.60
1520530328.950091,1,226,0,64.25,0.55
1520530329.000092,1,223,0,64.17,1.04
1520530329.050093,1,216,0,63.67,0.56
1520530329.100095,1,208,0,64.39,0.77
1520530329.150097,1,192,0,64.91,0.62
1520530329.200044,1,185,0,62.02,0.52
1520530329.250095,1,433,352,62.56,4.80
1520530329.300047,1,280,0,62.66,0.66
1520530329.350049,1,238,0,62.98,0.56
1520530329.400050,1,221,0,63.18,0.53
1520530329.450052,1,213,0,63.17,0.60
1520530329.500053,1,206,0,63.11,0.51
1520530329.550055,1,201,0,63.20,0.52
1520530329.600097,1,199,0,65.78,0.61
1520530329.650099,1,192,0,66.21,0.52
1520530329.700100,1,427,355,66.47,5.12
1520530329.750102,1,308,0,66.32,0.61
1520530329.800104,1,282,0,66.03,0.56
1520530329.850105,1,270,0,66.16,0.64
1520530329.900107,1,255,0,65.87,0.53
1520530329.950109,1,249,0,64.70,0.54
1520530330.000110,1,239,0,64.09,0.63
1520530330.050161,1,222,0,66.19,0.55
1520530330.100162,1,209,0,65.69,0.54
1520530330.150164,1,194,0,65.88,0.62
1520530330.200165,1,429,362,65.48,4.93
1520530330.250167,1,309,0,65.55,0.63
1520530330.300169,1,277,0,66.22,0.65
1520530330.350170,1,255,0,65.87,0.56
1520530330.400172,1,242,0,66.81,0.89
1520530330.450787,1,433,378,89.06,4.91
1520530330.500788,1,339,0,89.73,0.63
1520530330.550790,1,318,0,89.95,0.58
1520530330.600792,1,234,0,90.35,0.55
1520530330.650793,1,215,0,90.09,0.87
1520530330.700795,1,203,0,91.27,0.52
1520530330.750797,1,438,386,91.72,4.64
1520530330.800798,1,318,0,91.14,0.69
1520530330.850367,1,266,0,72.01,0.55
1520530330.900277,1,236,0,71.42,0.55
1520530330.950279,1,219,0,69.94,0.62
1520530331.000280,1,204,0,70.71,0.55
1520530331.050282,1,192,0,70.74,0.51
1520530331.100283,1,184,0,70.86,0.61
1520530331.150285,1,424,334,71.05,4.78
1520530331.200286,1,267,0,70.97,0.59
1520530331.250735,1,208,0,87.53,0.60
1520530331.300736,1,197,0,87.63,0.50
1520530331.350739,1,188,0,87.42,0.58
1520530331.400740,1,426,350,87.08,4.84
1520530331.450741,1,316,0,88.02,0.59
1520530331.500743,1,273,0,88.06,0.72
1520530331.550744,1,248,0,88.01,0.54
1520530331.600746,1,225,0,88.95,0.53
1520530331.650479,1,209,0,79.35,0.60
1520530331.700481,1,189,0,79.38,0.49
1520530331.750483,1,438,388,79.83,4.47
1520530331.800484,1,361,0,78.85,0.71
1520530331.850486,1,329,0,78.42,0.58
1520530331.900488,1,304,0,77.64,0.57
1520530331.950489,1,290,0,77.15,0.66
1520530332.000491,1,272,0,77.14,0.59
1520530332.050387,1,247,0,73.35,0.57
1520530332.100388,1,217,0,72.86,0.63
1520530332.150390,1,201,0,72.45,0.53
1520530332.200392,1,191,0,72.10,0.81
1520530332.250393,1,428,355,72.60,4.82
1520530332.300399,1,320,0,73.15,0.63
1520530332.350396,1,298,0,72.88,0.65
1520530332.400401,1,283,0,72.90,0.58
1520530332.450399,1,264,0,73.93,0.57
1520530332.500483,1,255,0,77.04,0.64
1520530332.550483,1,243,0,77.64,0.56
1520530332.600486,1,212,0,77.92,0.53
1520530332.650488,1,193,0,78.00,0.60
1520530332.700488,1,432,385,78.10,4.79
1520530332.750491,1,348,0,77.97,0.64
1520530332.800492,1,313,0,78.52,0.66
1520530332.850493,1,274,0,78.10,0.55
1520530332.900164,1,233,0,61.52,0.64
1520530332.950166,1,224,0,61.53,0.53
1520530333.000168,1,208,0,61.30,0.53
1520530333.050169,1,189,0,61.06,0.66
1520530333.100171,1,430,331,61.75,4.73
1520530333.150173,1,285,0,62.08,0.62
1520530333.200174,1,246,0,62.14,0.63
1520530333.250175,1,216,0,61.94,0.52
1520530333.300608,1,426,332,81.30,38.25
1520530333.350610,1,293,0,82.08,1.22
1520530333.400612,1,241,0,81.97,0.96
1520530333.450613,1,197,0,80.39,0.96
1520530333.500615,1,436,336,80.21,29.01
1520530333.550616,1,335,0,80.83,1.24
1520530333.600618,1,308,0,81.31,1.07
1520530333.650619,1,278,0,80.57,0.98
1520530333.700541,1,255,0,77.60,1.06
1520530333.750542,1,233,0,79.07,0.97
1520530333.800544,1,208,0,78.86,1.01
1520530333.850545,1,428,354,78.52,29.96
1520530333.900547,1,305,0,79.26,1.24
1520530333.950549,1,269,0,77.48,1.04
1520530334.000561,1,254,0,78.20,1.03
1520530334.050551,1,233,0,77.96,0.92
1520530334.100216,1,210,0,61.97,0.91
1520530334.150218,1,202,0,61.47,0.98
1520530334.200219,1,201,0,61.30,0.88
1520530334.250221,1,196,0,61.47,0.96
1520530334.300222,1,193,0,61.91,0.94
1520530334.350224,1,192,0,60.99,0.98
1520530334.400225,1,432,356,61.17,29.65
1520530334.450227,1,335,0,62.05,1.38
1520530334.500228,1,288,0,61.93,1.09
1520530334.550086,1,269,0,54.28,0.98
1520530334.600088,1,260,0,54.51,1.05
1520530334.650089,1,243,0,53.55,0.95
1520530334.700091,1,222,0,52.20,1.04
1520530334.750092,1,203,0,51.53,0.98
1520530334.800094,1,197,0,51.47,1.09
1520530334.850095,1,192,0,51.27,0.98
1520530334.900097,1,418,312,50.79,30.49
1520530334.950928,1,424,352,89.31,28.42
1520530335.000928,1,379,0,88.94,1.24
1520530335.050931,1,313,0,88.42,1.06
1520530335.100933,1,290,0,88.00,0.99
1520530335.150934,1,260,0,87.92,1.02
1520530335.200936,1,230,0,86.87,0.89
1520530335.250937,1,195,0,88.29,0.93
1520530335.300938,1,439,353,88.97,28.48
1520530335.351457,1,317,0,101.24,1.26
1520530335.401459,1,289,0,101.54,1.14
1520530335.451459,1,266,0,102.52,1.01
1520530335.501461,1,245,0,101.90,1.01
1520530335.551462,1,235,0,103.33,0.93
1520530335.601512,1,226,0,103.89,0.93
1520530335.651465,1,219,0,103.80,0.98
1520530335.701467,1,218,0,103.68,0.90
1520530335.750223,1,434,335,59.49,27.98
1520530335.800224,1,343,0,59.94,1.32
1520530335.850226,1,310,0,60.16,1.11
1520530335.900227,1,288,0,60.04,1.14
1520530335.950228,1,269,0,59.39,1.09
1520530336.000230,1,246,0,59.56,1.06
1520530336.050231,1,224,0,60.02,0.95
1520530336.100233,1,215,0,59.17,0.96
1520530336.150177,1,204,0,56.36,0.94
1520530336.200179,1,197,0,56.63,1.04
1520530336.250180,1,196,0,57.17,0.93
1520530336.300182,1,191,0,57.78,1.01
1520530336.350183,1,184,0,57.57,0.98
1520530336.400185,1,430,327,57.40,26.99
1520530336.450186,1,281,0,57.23,1.14
1520530336.500188,1,237,0,57.51,1.05
1520530336.550582,1,434,352,76.74,25.24
1520530336.600584,1,325,0,76.41,1.45
1520530336.650586,1,297,0,76.67,1.10
1520530336.700586,1,284,0,77.02,1.05
1520530336.750588,1,277,0,77.15,1.09
1520530336.800590,1,270,0,77.13,1.03
1520530336.850591,1,250,0,76.78,1.09
1520530336.900594,1,240,0,77.18,1.00
1520530336.950594,1,234,0,77.19,1.04
1520530337.000258,1,220,0,61.35,1.00
1520530337.050259,1,209,0,60.84,1.01
1520530337.100266,1,205,0,60.10,0.96
1520530337.150262,1,194,0,60.26,1.27
1520530337.200351,1,188,0,60.27,0.95
1520530337.250265,1,442,348,60.40,27.20
1520530337.300267,1,340,0,59.44,1.27
1520530337.350269,1,306,0,59.62,1.15
1520530337.400301,1,278,0,61.39,1.03
1520530337.450303,1,257,0,60.96,1.08
1520530337.500304,1,246,0,60.16,0.98
1520530337.550306,1,234,0,60.18,1.04
1520530337.600307,1,220,0,59.97,0.96
1520530337.650309,1,203,0,59.93,0.94
1520530337.700310,1,441,386,59.51,26.75
1520530337.750312,1,369,0,59.59,1.26
1520530337.800854,1,204,0,82.84,0.89
1520530337.850855,1,196,0,83.53,0.93
1520530337.900856,1,435,382,83.59,26.86
1520530337.950858,1,375,0,83.41,1.40
1520530338.000860,1,347,0,82.69,1.29
1520530338.050862,1,316,0,81.80,1.18
1520530338.100863,1,283,0,82.60,1.07
1520530338.150864,1,270,0,82.67,1.13
1520530338.200470,1,248,0,66.29,1.03
1520530338.250473,1,233,0,66.38,1.05
1520530338.300474,1,213,0,66.23,1.00
1520530338.350476,1,202,0,66.67,0.98
1520530338.400477,1,427,360,67.21,27.34
1520530338.450478,1,344,0,67.21,1.29
1520530338.500480,1,318,0,67.80,1.11
1520530338.550481,1,292,0,68.52,1.12
1520530338.600260,1,254,0,56.45,1.03
1520530338.650261,1,241,0,56.83,1.07
1520530338.700263,1,219,0,57.38,0.99
1520530338.750266,1,199,0,57.40,1.02
1520530338.800266,1,188,0,56.88,0.94
1520530338.850267,1,430,317,55.73,26.80
1520530338.900269,1,299,0,53.65,1.20
1520530338.950270,1,264,0,53.28,1.05
1520530339.000272,1,232,0,52.68,0.97
1520530339.050959,1,434,334,83.97,26.25
1520530339.100960,1,339,0,85.44,1.17
1520530339.150962,1,308,0,85.79,1.05
1520530339.200963,1,281,0,84.69,0.99
1520530339.250965,1,257,0,84.21,1.03
1520530339.300966,1,241,0,84.19,0.94
1520530339.350968,1,227,0,84.17,1.00
1520530339.400970,1,216,0,84.68,0.93
1520530339.451687,1,431,339,106.94,26.40
1520530339.501689,1,338,0,107.28,1.16
1520530339.551691,1,297,0,107.71,1.05
1520530339.601692,1,270,0,108.83,1.00
1520530339.651693,1,237,0,108.53,0.94
1520530339.701695,1,212,0,108.06,1.00
1520530339.751697,1,199,0,108.62,0.89
1520530339.801698,1,182,0,109.27,0.93
1520530339.851056,1,421,334,91.36,26.43
1520530339.901057,1,317,0,90.85,1.19
1520530339.951059,1,247,0,90.51,0.95
1520530340.001061,1,222,0,90.81,1.00
1520530340.051062,1,214,0,90.68,0.91
1520530340.101063,1,202,0,90.71,0.89
1520530340.151065,1,200,0,90.91,0.94
1520530340.201067,1,197,0,90.41,0.85
1520530340.250395,1,421,349,63.21,26.55
1520530340.300397,1,353,0,62.98,1.31
1520530340.350399,1,310,0,63.27,1.13
1520530340.400400,1,284,0,63.51,1.00
1520530340.450401,1,269,0,63.02,1.09
1520530340.500403,1,259,0,62.65,1.03
1520530340.550404,1,247,0,62.26,1.03
1520530340.600406,1,238,0,61.68,1.03
1520530340.650347,1,227,0,58.54,1.05
1520530340.700348,1,221,0,57.73,0.99
1520530340.750350,1,204,0,56.71,1.17
1520530340.800351,1,190,0,56.88,0.93
1520530340.850353,1,184,0,57.32,0.97
1520530340.900354,1,437,352,57.72,26.08
1520530340.950356,1,378,0,57.86,1.30
1520530341.000358,1,360,0,57.63,1.24
1520530341.050774,1,236,0,77.35,1.16
1520530341.100776,1,237,0,76.84,0.93
1520530341.150777,1,233,0,76.51,0.96
1520530341.200779,1,230,0,76.28,0.98
1520530341.250780,1,223,0,76.69,0.92
1520530341.300782,1,215,0,76.83,0.98
1520530341.350784,1,208,0,76.55,0.93
1520530341.400785,1,207,0,75.88,0.98
1520530341.450787,1,204,0,75.97,0.92
1520530341.500713,1,194,0,73.27,0.88
1520530341.550714,1,192,0,73.64,0.96
1520530341.600716,1,188,0,73.93,0.90
1520530341.650717,1,428,323,73.96,25.57
1520530341.700719,1,384,0,74.31,1.16
1520530341.750720,1,361,0,74.24,1.32
1520530341.800722,1,343,0,74.35,1.05
1520530341.850723,1,330,0,74.29,1.06
1520530341.900542,1,301,0,66.20,1.02
1520530341.950578,1,288,0,66.05,1.01
1520530342.000545,1,286,0,66.00,1.08
1520530342.050546,1,282,0,66.03,1.26
1520530342.100548,1,279,0,66.11,1.06
1520530342.150549,1,271,0,66.32,1.02
1520530342.200551,1,267,0,66.71,1.12
1520530342.250553,1,257,0,66.67,1.02
1520530342.300673,1,247,0,72.70,1.12
1520530342.350675,1,243,0,72.86,1.08
1520530342.400676,1,235,0,73.28,1.07
1520530342.450678,1,232,0,73.54,1.00
1520530342.500679,1,226,0,73.45,1.05
1520530342.550681,1,226,0,73.33,0.98
1520530342.600683,1,218,0,73.32,1.05
1520530342.650684,1,216,0,72.83,1.00
1520530342.700643,1,208,0,70.98,1.00
1520530342.750644,1,196,0,71.65,1.03
1520530342.800646,1,192,0,71.29,0.97
1520530342.850648,1,184,0,70.67,1.03
1520530342.900649,1,433,330,70.47,25.81
1520530342.950651,1,376,0,70.37,1.18
1520530343.000653,1,345,0,70.15,1.04
1520530343.050654,1,331,0,69.96,1.09
1520530343.101131,1,235,0,89.15,0.94
1520530343.151133,1,228,0,90.02,1.01
1520530343.201134,1,212,0,91.04,0.87
1520530343.251136,1,202,0,91.39,1.13
1520530343.301138,1,186,0,91.61,0.85
1520530343.351140,1,438,364,91.80,25.53
1520530343.401141,1,364,0,90.80,1.20
1520530343.451144,1,323,0,89.75,1.02
1520530343.501404,1,269,0,97.92,1.05
1520530343.551476,1,244,0,97.42,0.91
1520530343.601407,1,236,0,96.88,1.20
1520530343.651408,1,220,0,95.49,0.91
1520530343.701410,1,198,0,94.45,0.99
1520530343.751410,1,429,337,94.15,25.74
1520530343.801413,1,351,0,92.75,1.22
1520530343.851414,1,313,0,91.10,1.12
1520530343.901415,1,290,0,90.08,0.98
1520530343.951402,1,271,0,89.42,1.01
1520530344.001403,1,253,0,88.63,1.05
1520530344.051405,1,235,0,87.71,1.28
1520530344.101406,1,221,0,86.67,0.92
1520530344.151408,1,204,0,86.12,1.14
1520530344.201410,1,185,0,85.58,0.88
1520530344.251411,1,418,318,84.72,25.99
1520530344.301413,1,357,0,83.94,1.22
1520530344.351409,1,332,0,82.47,1.16
1520530344.401411,1,299,0,82.02,1.07
1520530344.451412,1,269,0,81.35,0.98
1520530344.501414,1,252,0,79.90,1.05
1520530344.551415,1,223,0,79.44,0.94
1520530344.601418,1,202,0,79.41,1.01
1520530344.651419,1,196,0,80.31,0.90
1520530344.701421,1,185,0,80.87,0.95
1520530344.751636,1,429,358,85.60,25.76
1520530344.801638,1,378,0,85.95,1.24
1520530344.851639,1,340,0,87.38,1.08
1520530344.901641,1,306,0,88.34,1.28
1520530344.951642,1,280,0,89.40,1.05
1520530345.001644,1,258,0,88.66,1.20
1520530345.051645,1,249,0,87.92,0.99
1520530345.101647,1,239,0,87.82,1.11
1520530345.151845,1,226,0,89.31,0.97
1520530345.201743,1,208,0,89.31,0.95
1520530345.251745,1,194,0,89.38,0.99
1520530345.301746,1,440,351,89.43,26.02
1520530345.351748,1,379,0,89.27,1.33
1520530345.401750,1,350,0,89.35,1.08
1520530345.451751,1,317,0,89.70,1.08
1520530345.501753,1,288,0,89.92,1.01
1520530345.551195,1,243,0,76.36,1.02
1520530345.601196,1,225,0,76.63,0.92
1520530345.651198,1,198,0,76.71,0.89
1520530345.701199,1,180,0,76.98,0.84
1520530345.751201,1,427,320,76.53,26.42
1520530345.801203,1,317,0,76.07,1.28
1520530345.851204,1,264,0,76.26,0.95
1520530345.901206,1,218,0,76.99,0.95
1520530345.951161,1,186,0,76.18,0.83
1520530346.001475,1,433,316,85.08,26.35
1520530346.051476,1,315,0,85.03,1.16
1520530346.101478,1,257,0,85.55,0.99
1520530346.151479,1,222,0,86.36,0.86
1520530346.201480,1,196,0,86.78,0.92
1520530346.251484,1,183,0,86.74,0.79
1520530346.301485,1,428,314,86.87,25.77
1520530346.351486,1,324,0,86.78,1.17
1520530346.401376,1,280,0,84.26,1.01
1520530346.451378,1,240,0,84.50,0.98
1520530346.501379,1,220,0,84.65,0.91
1520530346.551380,1,201,0,84.46,0.92
1520530346.601382,1,182,0,84.93,0.84
1520530346.651383,1,430,288,85.79,25.31
1520530346.701385,1,268,0,86.04,1.07
1520530346.751386,1,221,0,86.12,0.96
1520530346.801545,1,185,0,90.66,0.91
1520530346.851546,1,426,293,90.78,25.48
1520530346.901547,1,298,0,91.02,1.14
1520530346.951549,1,246,0,90.89,0.96
1520530347.001551,1,210,0,90.76,0.95
1520530347.051553,1,185,0,91.22,0.83
1520530347.101554,1,434,295,91.78,25.28
1520530347.151556,1,322,0,92.46,1.22
1520530347.201400,1,282,0,88.56,0.96
1520530347.251402,1,258,0,88.73,1.01
1520530347.301403,1,241,0,88.56,0.93
1520530347.351405,1,214,0,88.36,0.95
1520530347.401407,1,193,0,87.98,0.88
1520530347.451408,1,435,317,87.39,25.10
1520530347.501410,1,331,0,87.11,1.17
1520530347.551411,1,292,0,87.15,0.98
1520530347.601218,1,244,0,80.48,0.98
1520530347.651220,1,222,0,80.31,0.91
1520530347.701222,1,198,0,80.59,0.99
1520530347.751223,1,183,0,81.60,0.88
1520530347.801224,1,429,297,82.30,24.72
1520530347.851226,1,318,0,83.22,1.12
1520530347.901227,1,278,0,84.15,1.01
1520530347.951229,1,252,0,84.38,1.00
1520530348.001163,1,230,0,82.82,0.93
1520530348.051164,1,194,0,83.12,0.90
1520530348.101166,1,428,309,83.47,23.98
1520530348.151168,1,313,0,83.47,1.15
1520530348.201169,1,251,0,84.74,0.90
1520530348.251170,1,226,0,85.63,0.96
1520530348.301184,1,199,0,85.93,0.86
1520530348.351173,1,186,0,85.52,0.92
1520530348.401175,1,438,306,85.13,23.36
1520530348.451416,1,301,0,94.37,1.18
1520530348.501419,1,253,0,94.80,1.31
1520530348.551420,1,235,0,95.20,0.90
1520530348.601422,1,211,0,95.31,1.10
1520530348.651423,1,202,0,95.63,0.86
1520530348.701425,1,185,0,95.25,0.83
1520530348.751426,1,427,320,95.25,23.23
1520530348.801427,1,315,0,94.91,1.14
1520530348.851315,1,268,0,90.32,0.95
1520530348.901316,1,242,0,89.70,1.02
1520530348.951318,1,219,0,89.50,0.90
1520530349.001319,1,192,0,89.15,0.84
1520530349.051321,1,183,0,88.61,0.96
1520530349.101322,1,440,323,88.62,23.13
1520530349.151325,1,283,0,88.17,1.10
1520530349.201326,1,241,0,88.16,0.89
1520530349.251106,1,214,0,79.38,0.96
1520530349.301107,1,205,0,79.18,0.91
1520530349.351109,1,197,0,79.66,0.93
1520530349.401110,1,194,0,80.10,0.89
1520530349.451112,1,428,348,80.34,21.91
1520530349.501114,1,325,0,80.81,1.22
1520530349.551115,1,300,0,80.77,1.10
1520530349.601117,1,279,0,80.16,1.03
1520530349.650935,1,250,0,72.18,1.15
1520530349.700937,1,242,0,72.48,0.97
1520530349.750943,1,234,0,72.97,1.12
1520530349.800940,1,224,0,73.33,0.94
1520530349.850941,1,207,0,73.04,1.03
1520530349.900986,1,196,0,72.78,0.91
1520530349.950944,1,185,0,72.29,0.90
1520530350.000946,1,433,363,72.35,21.34
1520530350.051376,1,315,0,88.60,1.16
1520530350.101378,1,291,0,89.87,1.06
1520530350.151379,1,256,0,90.41,0.95
1520530350.201381,1,223,0,89.47,1.00
1520530350.251384,1,192,0,89.14,0.87
1520530350.301384,1,431,353,89.40,23.63
1520530350.351386,1,342,0,89.03,1.23
1520530350.401387,1,301,0,88.40,1.08
1520530350.451515,1,263,0,91.92,1.03
1520530350.501516,1,240,0,91.63,1.01
1520530350.551518,1,198,0,91.00,0.91
1520530350.601520,1,431,345,90.72,23.89
1520530350.651521,1,371,0,90.72,1.25
1520530350.701523,1,319,0,90.69,1.03
1520530350.751523,1,295,0,90.22,1.08
1520530350.801526,1,248,0,89.05,0.95
1520530350.851527,1,223,0,88.46,0.98
1520530350.901571,1,197,0,89.95,0.95
1520530350.951573,1,428,339,89.87,24.56
1520530351.001574,1,358,0,89.18,1.49
1520530351.051576,1,311,0,87.89,1.08
1520530351.101578,1,287,0,86.50,1.07
1520530351.151579,1,267,0,85.51,1.02
1520530351.201581,1,234,0,84.93,0.99
1520530351.251582,1,205,0,84.81,0.99
1520530351.301683,1,189,0,86.51,0.93
1520530351.351680,1,426,332,84.46,24.09
1520530351.401685,1,363,0,83.36,1.24
1520530351.451683,1,338,0,82.92,1.13
1520530351.501759,1,307,0,82.59,1.14
1520530351.551686,1,285,0,82.23,1.06
1520530351.601688,1,249,0,81.76,1.09
1520530351.651689,1,241,0,81.94,1.04
1520530351.701695,1,227,0,81.75,1.08
1520530351.751696,1,197,0,81.65,0.96
1520530351.801698,1,193,0,81.56,1.02
1520530351.851700,1,185,0,81.84,0.94
1520530351.901701,1,426,350,81.78,24.52
1520530351.951703,1,366,0,82.15,1.30
1520530352.001704,1,303,0,82.27,1.08
1520530352.051706,1,283,0,82.94,1.41
1520530352.101805,1,255,0,86.56,1.02
1520530352.151806,1,226,0,86.92,1.05
1520530352.201808,1,207,0,86.88,0.98
1520530352.251809,1,197,0,87.54,1.13
1520530352.301811,1,433,357,86.37,24.72
1520530352.351812,1,344,0,85.06,1.39
1520530352.401814,1,286,0,84.68,1.11
1520530352.451817,1,257,0,85.58,1.01
1520530352.501469,1,234,0,77.04,1.03
1520530352.551471,1,222,0,76.97,0.94
1520530352.601472,1,204,0,77.08,0.93
1520530352.651474,1,190,0,77.09,0.98
1520530352.701475,1,433,336,77.51,24.20
1520530352.751477,1,354,0,77.75,1.24
1520530352.801478,1,297,0,78.08,1.06
1520530352.851480,1,256,0,78.01,1.24
1520530352.901098,1,203,0,65.65,0.95
1520530352.951099,1,429,325,65.68,27.04
1520530353.001101,1,342,0,65.37,1.19
1520530353.051102,1,285,0,64.94,1.07
1520530353.101208,1,246,0,64.32,0.98
1520530353.151105,1,214,0,64.32,1.00
1520530353.201107,1,183,0,64.85,0.86
1520530353.251108,1,425,308,65.32,26.38
1520530353.301110,1,294,0,64.71,1.19
1520530353.351398,1,201,0,74.17,1.11
1520530353.401399,1,424,271,75.74,25.39
1520530353.451401,1,282,0,76.50,1.08
1520530353.501402,1,226,0,77.30,0.98
1520530353.551404,1,200,0,77.53,0.88
1520530353.601405,1,186,0,77.72,0.89
1520530353.651407,1,432,294,77.45,24.50
1520530353.701408,1,316,0,77.24,1.13
1520530353.751736,1,245,0,87.43,0.97
1520530353.801738,1,205,0,87.82,0.85
1520530353.851739,1,185,0,88.05,0.89
1520530353.901741,1,432,306,88.88,24.98
1520530353.951742,1,274,0,89.28,1.04
1520530354.001744,1,225,0,89.06,0.95
1520530354.051745,1,196,0,89.08,0.87
1520530354.101747,1,428,286,89.12,25.16
1520530354.151896,1,290,0,92.99,1.21
1520530354.201897,1,249,0,93.60,0.99
1520530354.251899,1,217,0,93.61,0.98
1520530354.301900,1,192,0,94.47,0.86
1520530354.351902,1,432,319,95.25,24.71
1520530354.401904,1,313,0,95.23,1.11
1520530354.451905,1,269,0,95.69,0.97
1520530354.501907,1,234,0,96.36,0.99
1520530354.551594,1,212,0,87.16,0.98
1520530354.601593,1,194,0,87.15,0.95
1520530354.651595,1,180,0,86.59,0.91
1520530354.701596,1,428,310,86.37,25.37
1520530354.751597,1,334,0,86.11,1.22
1520530354.801599,1,292,0,85.99,1.04
1520530354.851600,1,272,0,85.95,1.06
1520530354.901602,1,252,0,86.38,0.98
1520530354.951359,1,222,0,78.58,0.99
1520530355.001360,1,202,0,79.53,0.93
1520530355.051362,1,194,0,79.77,0.96
1520530355.101363,1,429,302,80.52,23.53
1520530355.151365,1,314,0,80.95,1.25
1520530355.201366,1,266,0,81.44,1.02
1520530355.251368,1,224,0,81.60,0.98
1520530355.301370,1,198,0,82.49,0.90
1520530355.351371,1,428,291,82.47,23.06
1520530355.401407,1,293,0,84.44,1.11
1520530355.451408,1,253,0,84.90,1.00
1520530355.501410,1,227,0,85.07,0.98
1520530355.551411,1,209,0,84.74,0.88
1520530355.601414,1,197,0,85.07,0.88
1520530355.651416,1,424,316,85.51,23.02
1520530355.701417,1,298,0,86.30,1.17
1520530355.751418,1,267,0,86.31,0.99
1520530355.801531,1,236,0,90.73,1.04
1520530355.851533,1,228,0,90.81,0.93
1520530355.901534,1,215,0,90.87,0.91
1520530355.951536,1,208,0,90.79,0.98
1520530356.001537,1,193,0,90.21,0.90
1520530356.051539,1,431,318,90.00,23.44
1520530356.101541,1,340,0,89.75,1.30
1520530356.151542,1,290,0,89.32,1.04
1520530356.201376,1,260,0,81.72,1.03
1520530356.251380,1,235,0,81.17,1.00
1520530356.301379,1,219,0,81.36,0.98
1520530356.351380,1,211,0,81.17,0.92
1520530356.401382,1,204,0,81.16,0.97
1520530356.451383,1,436,334,80.74,23.75
1520530356.501385,1,312,0,80.57,1.28
1520530356.551386,1,278,0,80.60,1.07
1520530356.601232,1,262,0,74.21,1.10
1520530356.651235,1,249,0,74.23,1.02
1520530356.701236,1,240,0,74.95,1.03
1520530356.751237,1,233,0,75.62,1.03
1520530356.801239,1,221,0,76.04,1.04
1520530356.851240,1,211,0,75.57,1.00
1520530356.901242,1,199,0,75.04,1.06
1520530356.951244,1,433,358,75.24,23.33
1520530357.001153,1,361,0,70.85,1.26
1520530357.051154,1,324,0,71.21,1.11
1520530357.101156,1,305,0,72.12,1.10
1520530357.151156,1,294,0,72.07,1.07
1520530357.201159,1,280,0,71.45,1.08
1520530357.251160,1,244,0,71.19,0.99
1520530357.301162,1,223,0,71.84,1.03
1520530357.351164,1,204,0,72.09,0.93
1520530357.401658,1,431,354,91.13,24.39
1520530357.451660,1,374,0,91.41,1.25
1520530357.501662,1,335,0,91.18,1.11
1520530357.551663,1,298,0,90.42,1.10
1520530357.601666,1,268,0,90.30,0.98
1520530357.651666,1,243,0,90.35,1.01
1520530357.701667,1,225,0,90.30,0.95
1520530357.751669,1,198,0,89.90,0.95
1520530357.801671,1,428,341,90.32,23.76
1520530357.851585,1,361,0,86.92,1.28
1520530357.901559,1,327,0,86.67,1.45
1520530357.951560,1,294,0,86.01,1.06
1520530358.001562,1,258,0,85.22,1.09
1520530358.051563,1,235,0,84.79,0.98
1520530358.101565,1,226,0,84.89,1.01
1520530358.151567,1,220,0,84.68,0.99
1520530358.201568,1,202,0,83.67,1.12
1520530358.251625,1,436,317,85.47,24.75
1520530358.301626,1,356,0,85.25,1.19
1520530358.351628,1,294,0,85.49,1.31
1520530358.401629,1,274,0,85.20,1.04
1520530358.451631,1,264,0,84.42,1.13
1520530358.501632,1,241,0,82.96,0.98
1520530358.551634,1,233,0,82.14,1.04
1520530358.601636,1,223,0,81.59,0.96
1520530358.651798,1,207,0,85.56,0.94
1520530358.701800,1,193,0,84.55,0.97
1520530358.751801,1,181,0,83.70,0.95
1520530358.801803,1,426,326,82.54,24.79
1520530358.851805,1,349,0,81.71,1.24
1520530358.901806,1,317,0,81.08,1.19
1520530358.951808,1,290,0,80.63,1.10
1520530359.001810,1,274,0,80.45,1.21
1520530359.051806,1,251,0,80.10,1.03
1520530359.101811,1,225,0,79.53,0.94
1520530359.151809,1,207,0,79.30,1.01
1520530359.201810,1,195,0,78.50,0.94
1520530359.251812,1,180,0,77.53,1.00
1520530359.301813,1,418,328,76.45,25.41
1520530359.351815,1,340,0,76.80,1.30
1520530359.401817,1,314,0,77.31,1.19
1520530359.451919,1,295,0,78.86,1.12
1520530359.501870,1,269,0,80.10,1.06
1520530359.551871,1,249,0,81.24,1.01
1520530359.601873,1,223,0,81.14,1.04
1520530359.651874,1,207,0,81.17,0.98
1520530359.701876,1,182,0,81.71,0.97
1520530359.751878,1,436,355,82.39,25.79
1520530359.801879,1,349,0,83.31,1.22
1520530359.851881,1,302,0,83.75,1.03
1520530359.901826,1,274,0,80.94,1.07
1520530359.951828,1,245,0,79.50,0.96
1520530360.001829,1,211,0,79.00,1.10
1520530360.051831,1,185,0,78.75,0.96
1520530360.101832,1,438,344,78.80,25.89
1520530360.151834,1,338,0,79.01,1.25
1520530360.201836,1,266,0,80.12,1.01
1520530360.251837,1,223,0,79.38,0.99
1520530360.301316,1,430,307,63.30,25.29
1520530360.351317,1,285,0,63.32,1.34
1520530360.401319,1,219,0,63.11,0.95
1520530360.451321,1,186,0,62.73,0.93
1520530360.501323,1,435,298,62.16,23.97
1520530360.551324,1,255,0,61.36,1.12
1520530360.601326,1,210,0,61.36,1.16
1520530360.651327,1,185,0,62.22,0.86
1520530360.700978,1,439,307,49.43,24.91
1520530360.750980,1,302,0,49.42,1.40
1520530360.800981,1,240,0,49.97,0.91
1520530360.850983,1,203,0,50.78,0.94
1520530360.900984,1,434,273,51.12,23.71
1520530360.950988,1,282,0,51.18,1.03
1520530361.000988,1,229,0,51.69,0.89
1520530361.051064,1,195,0,52.41,0.88
1520530361.101044,1,415,246,54.67,22.45
1520530361.151045,1,278,0,54.26,1.01
1520530361.201047,1,226,0,53.93,0.87
1520530361.251048,1,193,0,53.63,0.89
1520530361.301050,1,428,261,54.15,22.37
1520530361.351051,1,287,0,54.45,1.07
1520530361.401053,1,219,0,54.43,0.91
1520530361.451055,1,197,0,54.52,0.88
1520530361.501690,1,427,284,80.95,22.34
1520530361.551692,1,295,0,81.41,1.02
1520530361.601693,1,260,0,82.00,0.96
1520530361.651695,1,233,0,81.98,0.93
1520530361.701696,1,206,0,82.35,0.89
1520530361.751698,1,434,297,82.62,23.00
1520530361.801700,1,323,0,83.53,1.43
1520530361.851701,1,263,0,83.96,1.04
1520530361.901939,1,229,0,91.65,0.95
1520530361.951941,1,206,0,92.18,0.98
1520530362.001942,1,187,0,92.26,0.90
1520530362.051944,1,430,336,91.82,22.79
1520530362.101945,1,324,0,92.00,1.50
1520530362.151947,1,287,0,91.78,1.10
1520530362.201949,1,263,0,92.14,1.02
1520530362.251950,1,247,0,92.54,1.12
1520530362.301951,1,230,0,92.69,1.01
1520530362.351623,1,220,0,82.41,1.06
1520530362.401625,1,213,0,82.68,0.96
1520530362.451626,1,210,0,82.91,1.28
1520530362.501628,1,192,0,82.51,1.00
1520530362.551629,1,435,334,82.29,22.25
1520530362.601631,1,316,0,81.90,1.21
1520530362.651727,1,274,0,82.00,1.09
1520530362.701634,1,250,0,82.28,1.07
1520530362.751364,1,229,0,71.68,0.99
1520530362.801366,1,217,0,71.22,1.02
1520530362.851367,1,203,0,70.05,0.93
1520530362.901369,1,195,0,69.53,0.95
1520530362.951370,1,191,0,69.61,0.92
1520530363.001372,1,435,294,69.71,22.71
1520530363.051374,1,330,0,70.04,1.46
1520530363.101375,1,278,0,70.45,1.06
1520530363.151650,1,233,0,82.45,1.11
1520530363.201651,1,209,0,83.20,0.88
1520530363.251653,1,186,0,84.31,0.83
1520530363.301654,1,434,289,85.23,22.13
1520530363.351656,1,299,0,85.62,1.31
1520530363.401658,1,248,0,86.22,1.06
1520530363.451659,1,214,0,87.27,0.87
1520530363.501661,1,195,0,87.85,0.87
1520530363.551745,1,431,293,91.01,21.78
1520530363.601746,1,271,0,90.33,1.31
1520530363.651748,1,224,0,89.27,0.98
1520530363.701749,1,192,0,88.87,1.05
1520530363.751751,1,423,309,88.89,22.46
1520530363.801753,1,299,0,88.80,1.15
1520530363.851754,1,246,0,88.67,0.92
1520530363.901756,1,205,0,86.91,0.97
1520530363.951780,1,434,330,87.47,23.18
1520530364.001782,1,312,0,86.61,1.13
1520530364.051784,1,274,0,86.39,0.98
1520530364.101785,1,240,0,86.73,1.08
1520530364.151786,1,216,0,85.50,0.94
1520530364.201788,1,440,360,84.89,22.99
1520530364.251789,1,364,0,83.29,1.58
1520530364.301791,1,324,0,82.27,1.18
1520530364.351792,1,298,0,81.94,1.10
1520530364.401853,1,277,0,83.49,1.07
1520530364.451854,1,268,0,83.11,1.02
1520530364.501856,1,249,0,82.74,1.13
1520530364.551858,1,238,0,82.33,1.01
1520530364.601859,1,228,0,82.25,1.07
1520530364.651861,1,200,0,81.89,0.96
1520530364.701862,1,185,0,81.40,0.98
1520530364.751864,1,432,338,82.37,24.59
1520530364.802375,1,321,0,97.89,1.55
1520530364.852378,1,278,0,98.58,1.14
1520530364.902379,1,251,0,98.82,0.99
1520530364.952380,1,233,0,98.33,1.08
1520530365.002383,1,211,0,98.49,0.93
1520530365.052383,1,198,0,98.03,0.95
1520530365.102386,1,191,0,97.65,0.93
1520530365.152387,1,185,0,97.46,1.21
1520530365.201844,1,421,351,82.15,24.76
1520530365.251846,1,366,0,82.62,1.62
1520530365.301847,1,341,0,83.23,1.57
1520530365.351849,1,320,0,84.25,1.33
1520530365.401850,1,299,0,85.17,1.23
1520530365.451852,1,279,0,85.48,1.08
1520530365.501853,1,269,0,85.61,1.10
1520530365.551855,1,256,0,86.23,1.01
1520530365.601535,1,227,0,74.94,1.04
1520530365.651537,1,217,0,74.72,1.03
1520530365.701539,1,213,0,74.69,1.02
1520530365.751540,1,198,0,75.27,0.98
1520530365.801546,1,195,0,76.34,1.03
1520530365.851543,1,431,339,76.88,2.72
1520530365.901545,1,379,0,77.18,1.23
1520530365.951546,1,339,0,77.92,1.07
1520530366.001907,1,288,0,92.40,1.04
1520530366.051908,1,268,0,92.74,1.01
1520530366.101911,1,241,0,91.91,0.98
1520530366.151911,1,224,0,91.21,0.93
1520530366.201913,1,209,0,89.88,0.96
1520530366.251915,1,184,0,88.52,0.92
1520530366.301916,1,427,354,88.31,2.88
1520530366.351918,1,340,0,87.68,1.15
1520530366.402120,1,293,0,92.48,1.07
1520530366.452121,1,255,0,90.89,1.00
1520530366.502124,1,202,0,89.80,0.97
1520530366.552125,1,191,0,89.48,0.90
1520530366.602127,1,428,356,88.92,2.69
1520530366.652128,1,363,0,87.92,1.23
1520530366.702130,1,328,0,85.92,1.19
1520530366.752132,1,295,0,85.10,1.35
1520530366.802132,1,255,0,84.80,1.02
1520530366.852166,1,226,0,85.67,1.08
1520530366.902167,1,197,0,84.59,0.95
1520530366.952169,1,425,334,83.97,2.89
1520530367.002170,1,343,0,83.07,1.70
1520530367.052171,1,291,0,83.46,1.04
1520530367.102178,1,254,0,84.07,1.04
1520530367.152174,1,217,0,83.40,0.96
1520530367.202177,1,200,0,82.93,0.93
1520530367.252540,1,184,0,91.89,0.98
1520530367.302541,1,436,339,92.24,2.77
1520530367.352542,1,357,0,92.09,1.24
1520530367.402545,1,302,0,91.96,1.12
1520530367.452546,1,273,0,92.03,1.03
1520530367.502548,1,241,0,91.78,1.08
1520530367.552549,1,218,0,91.55,0.96
1520530367.602551,1,207,0,90.97,0.98
1520530367.652264,1,198,0,83.10,0.97
1520530367.702266,1,191,0,82.85,0.95
1520530367.752267,1,441,356,82.68,2.80
1520530367.802269,1,339,0,83.34,1.25
1520530367.852271,1,288,0,84.01,1.07
1520530367.902272,1,273,0,84.20,1.14
1520530367.952274,1,222,0,82.87,0.98
1520530368.002275,1,209,0,82.63,0.99
1520530368.052124,1,199,0,79.21,0.93
1520530368.102125,1,189,0,80.01,1.00
1520530368.152127,1,431,358,80.15,2.75
1520530368.202129,1,380,0,80.18,1.33
1520530368.252130,1,350,0,80.23,1.48
1520530368.302132,1,321,0,79.98,1.17
1520530368.352134,1,289,0,79.33,1.13
1520530368.402135,1,256,0,79.56,1.04
1520530368.452048,1,234,0,76.66,1.30
1520530368.502050,1,204,0,76.67,0.98
1520530368.552051,1,434,329,76.16,2.85
1520530368.602053,1,296,0,76.32,1.37
1520530368.652054,1,218,0,77.37,0.98
1520530368.702056,1,186,0,77.60,0.89
1520530368.752057,1,430,319,76.95,25.60
1520530368.802058,1,262,0,76.53,1.40
1520530368.851389,1,432,311,54.46,25.50
1520530368.901391,1,277,0,54.71,1.17
1520530368.951392,1,208,0,55.49,0.97
1520530369.001394,1,421,286,56.65,24.64
1520530369.051395,1,292,0,57.29,1.27
1520530369.101397,1,216,0,58.28,0.93
1520530369.151398,1,426,296,59.30,24.21
1520530369.201400,1,266,0,60.32,1.05
1520530369.251401,1,205,0,61.64,1.01
1520530369.301537,1,425,296,67.92,23.73
1520530369.351538,1,303,0,68.11,1.22
1520530369.401540,1,273,0,68.56,1.10
1520530369.451542,1,248,0,68.58,1.02
1520530369.501543,1,232,0,68.98,1.23
1520530369.551545,1,219,0,68.97,0.94
1520530369.601546,1,198,0,69.41,0.99
1520530369.651548,1,437,326,69.65,24.02
1520530369.701896,1,297,0,82.68,1.15
1520530369.751898,1,280,0,81.89,1.03
1520530369.801901,1,262,0,81.42,1.00
1520530369.851902,1,255,0,80.80,0.99
1520530369.901903,1,236,0,80.29,0.98
1520530369.951905,1,223,0,80.12,0.96
1520530370.001906,1,211,0,80.03,1.01
1520530370.051908,1,194,0,80.67,0.91
1520530370.101930,1,191,0,81.16,0.89
1520530370.151931,1,189,0,81.02,0.96
1520530370.201933,1,187,0,81.11,0.93
1520530370.251934,1,431,338,81.06,23.53
1520530370.301934,1,315,0,81.37,1.14
1520530370.351937,1,293,0,81.49,1.10
1520530370.401938,1,282,0,81.45,1.10
1520530370.451940,1,277,0,81.15,1.03
1520530370.501883,1,272,0,79.01,1.08
1520530370.551883,1,260,0,79.28,1.04
1520530370.601898,1,246,0,79.74,1.27
1520530370.651887,1,229,0,79.89,1.02
1520530370.701889,1,225,0,80.03,1.01
1520530370.751890,1,222,0,79.95,0.97
1520530370.801892,1,217,0,80.16,1.01
1520530370.851892,1,212,0,80.13,1.01
1520530370.901941,1,208,0,81.76,1.00
1520530370.951942,1,205,0,82.38,1.09
1520530371.001944,1,198,0,81.89,1.03
1520530371.051946,1,196,0,80.98,1.09
1520530371.101947,1,188,0,80.61,1.01
1520530371.151949,1,419,339,80.75,24.01
1520530371.201950,1,336,0,79.78,1.33
1520530371.251952,1,297,0,79.03,1.08
1520530371.301953,1,286,0,79.69,1.11
1520530371.351951,1,274,0,79.89,0.99
1520530371.401953,1,267,0,79.77,1.04
1520530371.451954,1,255,0,79.83,1.08
1520530371.501956,1,246,0,80.64,1.33
1520530371.551958,1,233,0,80.73,1.02
1520530371.601959,1,226,0,81.15,1.01
1520530371.651961,1,215,0,81.65,1.04
1520530371.701962,1,205,0,81.91,1.01
1520530371.751959,1,203,0,81.71,1.02
1520530371.801961,1,201,0,81.72,0.97
1520530371.851963,1,197,0,80.93,1.02
1520530371.901964,1,191,0,80.16,1.00
1520530371.951966,1,429,374,80.45,24.04
1520530372.001968,1,360,0,80.23,1.36
1520530372.051969,1,324,0,79.61,1.15
1520530372.101971,1,298,0,80.20,1.15
1520530372.151955,1,281,0,79.82,1.09
1520530372.201977,1,272,0,80.26,1.27
1520530372.251958,1,260,0,80.38,1.03
1520530372.301960,1,257,0,80.12,1.11
1520530372.351961,1,249,0,80.00,1.06
1520530372.401963,1,242,0,80.02,1.01
1520530372.451964,1,238,0,80.19,1.09
1520530372.501966,1,233,0,79.98,1.07
1520530372.551956,1,218,0,79.51,1.04
1520530372.601959,1,217,0,79.28,1.06
1520530372.651960,1,210,0,79.48,1.08
1520530372.701961,1,205,0,80.28,1.01
1520530372.751963,1,193,0,80.86,1.04
1520530372.801964,1,191,0,81.78,1.01
1520530372.851966,1,186,0,82.34,1.08
1520530372.901967,1,432,365,82.60,23.97
1520530372.951617,1,319,0,69.43,1.24
1520530373.001619,1,296,0,69.94,1.12
1520530373.051620,1,270,0,71.02,1.06
1520530373.101622,1,262,0,71.26,1.03
1520530373.151624,1,254,0,70.89,1.07
1520530373.201626,1,250,0,70.88,1.35
1520530373.251627,1,241,0,71.34,1.02
1520530373.301630,1,236,0,71.69,1.13
1520530373.351457,1,230,0,62.90,1.01
1520530373.401458,1,226,0,62.28,1.30
1520530373.451460,1,207,0,61.95,0.99
1520530373.501461,1,190,0,62.19,0.95
1520530373.551463,1,418,340,62.82,24.15
1520530373.601465,1,347,0,62.23,1.26
1520530373.651466,1,313,0,62.18,1.12
1520530373.701467,1,281,0,61.67,1.10
1520530373.751469,1,258,0,60.90,1.03
1520530373.801615,1,238,0,65.10,1.07
1520530373.851583,1,211,0,64.37,0.93
1520530373.901585,1,191,0,63.73,0.96
1520530373.951586,1,424,331,63.74,23.92
1520530374.001589,1,329,0,63.20,1.41
1520530374.051589,1,277,0,62.31,1.08
1520530374.101591,1,247,0,61.87,0.94
1520530374.151592,1,214,0,61.01,1.00
1520530374.201953,1,431,340,73.77,24.67
1520530374.251955,1,322,0,73.42,1.37
1520530374.301956,1,280,0,72.60,1.08
1520530374.351958,1,244,0,71.68,0.95
1520530374.401959,1,231,0,71.22,1.00
1520530374.451961,1,217,0,71.42,0.91
1520530374.501962,1,206,0,71.51,0.99
1520530374.551964,1,199,0,71.29,0.90
1520530374.602407,1,185,0,84.36,0.89
1520530374.652408,1,430,351,84.20,22.31
1520530374.702410,1,352,0,84.51,1.26
1520530374.752412,1,333,0,84.75,1.16
1520530374.802413,1,300,0,84.34,1.21
1520530374.852415,1,266,0,83.71,1.06
1520530374.902417,1,250,0,83.61,1.01
1520530374.952418,1,232,0,83.61,1.03
1520530375.002442,1,222,0,84.05,1.02
1520530375.052444,1,211,0,84.95,1.07
1520530375.102445,1,205,0,85.25,0.98
1520530375.152447,1,187,0,86.00,1.00
1520530375.202449,1,436,365,87.41,23.10
1520530375.252454,1,368,0,87.80,1.41
1520530375.302452,1,339,0,88.20,1.30
1520530375.352453,1,298,0,88.47,1.12
1520530375.402252,1,273,0,81.77,1.12
1520530375.452214,1,264,0,81.78,1.03
1520530375.502216,1,256,0,81.44,1.32
1520530375.552217,1,234,0,80.77,0.97
1520530375.602219,1,221,0,79.43,1.17
1520530375.652220,1,211,0,78.75,0.95
1520530375.702222,1,193,0,77.33,0.95
1520530375.752223,1,432,339,75.65,24.86
1520530375.802225,1,323,0,75.44,1.21
1520530375.852258,1,259,0,75.06,1.00
1520530375.902259,1,241,0,74.29,1.03
1520530375.952261,1,224,0,74.41,0.95
1520530376.002263,1,211,0,73.81,0.97
1520530376.052264,1,198,0,74.13,0.95
1520530376.102265,1,183,0,74.82,1.33
1520530376.152267,1,425,352,75.08,24.58
1520530376.202270,1,333,0,76.83,1.76
1520530376.251950,1,271,0,67.81,1.03
1520530376.301951,1,242,0,68.93,1.01
1520530376.351954,1,199,0,68.33,0.98
1520530376.401955,1,185,0,68.47,1.19
1520530376.451957,1,428,334,67.56,23.63
1520530376.501958,1,310,0,67.85,1.15
1520530376.551960,1,266,0,67.36,1.02
1520530376.601961,1,235,0,68.02,0.97
1520530376.652663,1,436,352,87.93,23.19
1520530376.702664,1,323,0,88.26,1.13
1520530376.752666,1,281,0,88.98,1.17
1520530376.802668,1,227,0,89.26,0.95
1520530376.852669,1,191,0,90.05,0.87
1520530376.902671,1,423,330,90.35,24.54
1520530376.952672,1,282,0,91.30,1.22
1520530377.002721,1,214,0,92.25,0.96
1520530377.052897,1,427,313,96.86,24.30
1520530377.102900,1,308,0,97.38,1.29
1520530377.152901,1,245,0,97.99,1.20
1520530377.202903,1,196,0,97.67,0.94
1520530377.252904,1,428,328,96.76,24.50
1520530377.302906,1,283,0,96.23,1.28
1520530377.352906,1,242,0,96.20,1.02
1520530377.402909,1,215,0,96.82,1.02
1520530377.451720,1,426,282,63.20,24.86
1520530377.501720,1,228,0,63.19,1.04
1520530377.551722,1,430,298,62.26,25.39
1520530377.601723,1,246,0,62.47,1.31
1520530377.651725,1,192,0,63.01,0.94
1520530377.701726,1,437,305,63.31,24.40
1520530377.751728,1,241,0,64.32,1.11
1520530377.801730,1,187,0,63.77,0.97
1520530377.851407,1,425,304,48.27,24.83
1520530377.901409,1,237,0,47.69,1.43
1520530377.951411,1,431,328,47.00,24.37
1520530378.001412,1,266,0,46.73,1.14
1520530378.051414,1,207,0,46.96,0.95
1520530378.101416,1,423,284,47.67,23.55
1520530378.151417,1,284,0,48.24,1.11
1520530378.201419,1,203,0,48.67,1.00
1520530378.251420,1,425,289,48.08,20.69
1520530378.301512,1,260,0,52.71,1.14
1520530378.351513,1,222,0,53.89,1.06
1520530378.401515,1,190,0,54.69,0.92
1520530378.451516,1,424,303,55.19,21.91
1520530378.501517,1,256,0,55.94,1.12
1520530378.551519,1,204,0,56.59,0.88
1520530378.601571,1,414,311,56.70,22.94
1520530378.651522,1,310,0,56.80,1.63
1520530378.702209,1,422,334,86.74,25.78
1520530378.752210,1,314,0,86.73,1.26
1520530378.802212,1,269,0,87.01,1.04
1520530378.852213,1,231,0,88.74,1.04
1520530378.902215,1,194,0,87.96,0.91
1520530378.952216,1,436,333,87.23,4.58
1520530379.002218,1,317,0,87.56,1.15
1520530379.052220,1,258,0,87.48,1.00
1520530379.102149,1,227,0,85.37,1.01
1520530379.152151,1,202,0,85.96,0.92
1520530379.202152,1,190,0,85.41,0.92
1520530379.252154,1,432,318,84.67,4.57
1520530379.302155,1,323,0,84.66,1.39
1520530379.352157,1,269,0,84.77,1.06
1520530379.402159,1,251,0,84.40,1.02
1520530379.452160,1,226,0,84.24,1.05
1520530379.501850,1,199,0,72.57,0.94
1520530379.551852,1,433,317,72.17,4.47
1520530379.601853,1,302,0,71.09,1.16
1520530379.651855,1,234,0,71.06,1.21
1520530379.701856,1,186,0,70.43,0.92
1520530379.751858,1,429,303,70.51,4.22
1520530379.801860,1,253,0,70.17,1.12
1520530379.851861,1,198,0,69.99,0.88
1520530379.901824,1,430,282,67.79,26.35
1520530379.951826,1,266,0,68.97,1.07
1520530380.001827,1,220,0,70.78,0.96
1520530380.051829,1,199,0,71.74,0.90
1520530380.101830,1,435,298,73.03,23.31
1520530380.151832,1,254,0,73.67,1.25
1520530380.201888,1,218,0,73.98,0.94
1520530380.251835,1,178,0,75.00,0.81
1520530380.301736,1,407,286,70.76,23.00
1520530380.352160,1,197,0,88.50,1.01
1520530380.402162,1,413,278,86.89,22.81
1520530380.452163,1,264,0,85.46,1.40
1520530380.502166,1,230,0,84.14,0.98
1520530380.552166,1,189,0,83.85,0.90
1520530380.602168,1,422,329,83.39,22.77
1520530380.652170,1,292,0,83.37,1.36
1520530380.702171,1,255,0,83.35,1.03
1520530380.752135,1,223,0,81.70,0.99
1520530380.802136,1,202,0,81.15,0.94
1520530380.852138,1,185,0,81.12,0.90
1520530380.902139,1,437,356,80.93,23.14
1520530380.952141,1,336,0,80.64,1.30
1520530381.002143,1,294,0,80.12,1.11
1520530381.052144,1,255,0,79.86,1.07
1520530381.102146,1,238,0,79.73,1.03
1520530381.152048,1,223,0,75.44,1.27
1520530381.202049,1,208,0,73.87,0.92
1520530381.252051,1,431,351,73.20,23.12
1520530381.302052,1,344,0,73.43,1.49
1520530381.352053,1,302,0,73.31,1.15
1520530381.402056,1,278,0,73.70,1.39
1520530381.452057,1,252,0,73.21,1.05
1520530381.502058,1,234,0,72.81,0.97
1520530381.552262,1,216,0,79.79,1.00
1520530381.602264,1,203,0,80.11,0.95
1520530381.652266,1,185,0,80.68,0.94
1520530381.702267,1,425,329,81.09,23.69
1520530381.752268,1,345,0,80.88,1.27
1520530381.802325,1,311,0,80.52,1.40
1520530381.852271,1,292,0,81.19,1.09
1520530381.902273,1,271,0,81.76,1.13
1520530381.952332,1,256,0,83.69,1.05
1520530382.002334,1,250,0,83.30,1.07
1520530382.052335,1,239,0,83.27,1.11
1520530382.102337,1,230,0,83.85,1.29
1520530382.152339,1,227,0,84.60,1.02
1520530382.202340,1,207,0,85.08,1.07
1520530382.252342,1,203,0,84.98,1.07
1520530382.302343,1,194,0,84.60,1.00
1520530382.352159,1,184,0,78.82,1.01
1520530382.402160,1,427,361,79.17,24.19
1520530382.452162,1,358,0,79.69,1.59
1520530382.502164,1,332,0,79.41,1.16
1520530382.552165,1,306,0,79.45,1.13
1520530382.602167,1,293,0,79.78,1.13
1520530382.652168,1,276,0,81.47,1.06
1520530382.702170,1,255,0,82.24,1.20
1520530382.752171,1,240,0,82.74,1.03
1520530382.802243,1,231,0,84.88,1.04
1520530382.852246,1,224,0,85.05,1.05
1520530382.902248,1,218,0,84.75,1.03
1520530382.952249,1,213,0,84.55,1.00
1520530383.002250,1,209,0,84.22,0.99
1520530383.052252,1,202,0,83.96,1.04
1520530383.102252,1,199,0,83.96,0.99
1520530383.152255,1,197,0,83.87,1.02
1520530383.202206,1,186,0,82.05,0.95
1520530383.252208,1,437,348,81.75,24.73
1520530383.302210,1,366,0,81.08,1.33
1520530383.352211,1,313,0,80.31,1.14
1520530383.402266,1,285,0,79.27,1.12
1520530383.452214,1,274,0,79.19,1.04
1520530383.502216,1,255,0,78.39,1.13
1520530383.552217,1,235,0,77.59,1.02
1520530383.602472,1,217,0,84.51,1.01
1520530383.652472,1,213,0,84.34,0.94
1520530383.702475,1,210,0,84.04,1.01
1520530383.752476,1,205,0,83.99,0.93
1520530383.802478,1,200,0,83.89,1.01
1520530383.852479,1,190,0,84.03,0.92
1520530383.902481,1,434,369,83.50,25.48
1520530383.952482,1,369,0,82.56,1.36
1520530384.002530,1,335,0,83.09,1.22
1520530384.052531,1,293,0,83.15,1.12
1520530384.102533,1,255,0,83.19,1.03
1520530384.152534,1,222,0,83.03,1.00
1520530384.202536,1,193,0,84.31,0.93
1520530384.252537,1,423,355,85.46,26.11
1520530384.302539,1,330,0,85.80,1.43
1520530384.352541,1,300,0,86.03,1.13
1520530384.402432,1,272,0,83.19,0.98
1520530384.452435,1,240,0,82.14,1.21
1520530384.502435,1,221,0,84.13,0.96
1520530384.552437,1,205,0,85.70,1.33
1520530384.602439,1,187,0,87.12,0.93
1520530384.652440,1,438,376,89.20,26.91
1520530384.702442,1,343,0,91.37,1.46
1520530384.752443,1,311,0,93.07,1.16
1520530384.802857,1,276,0,104.73,1.01
1520530384.852858,1,259,0,105.36,1.04
1520530384.902860,1,244,0,105.76,0.93
1520530384.952861,1,225,0,105.66,1.19
1520530385.002916,1,219,0,106.04,0.91
1520530385.052864,1,206,0,106.10,1.23
1520530385.102866,1,441,366,106.75,27.47
1520530385.152867,1,357,0,106.78,1.15
1520530385.202869,1,324,0,106.62,1.08
1520530385.252705,1,279,0,101.99,1.03
1520530385.302707,1,247,0,101.79,0.97
1520530385.352709,1,221,0,101.60,1.27
1520530385.402710,1,435,332,100.45,27.12
1520530385.452712,1,326,0,99.82,1.17
1520530385.502713,1,292,0,98.11,1.09
1520530385.552715,1,266,0,97.41,1.05
1520530385.602716,1,235,0,96.71,0.96
1520530385.652486,1,210,0,88.61,1.06
1520530385.702487,1,186,0,88.09,0.90
1520530385.752490,1,433,334,87.36,24.26
1520530385.802491,1,280,0,87.26,1.08
1520530385.852493,1,238,0,87.99,0.92
1520530385.902494,1,201,0,87.31,0.93
1520530385.952496,1,431,336,86.74,24.01
1520530386.002497,1,341,0,86.12,1.18
1520530386.052544,1,284,0,86.81,1.07
1520530386.102546,1,244,0,86.63,1.02
1520530386.152547,1,219,0,86.22,0.92
1520530386.202549,1,196,0,85.73,0.95
1520530386.252550,1,425,306,85.85,24.92
1520530386.302552,1,306,0,85.56,1.63
1520530386.352553,1,255,0,84.96,0.95
1520530386.402554,1,224,0,84.55,0.97
1520530386.452758,1,195,0,90.59,0.88
1520530386.502760,1,427,295,90.65,23.48
1520530386.552761,1,319,0,91.26,1.21
1520530386.602814,1,260,0,91.91,1.03
1520530386.652764,1,217,0,92.48,0.90
1520530386.702766,1,187,0,92.19,0.91
1520530386.752767,1,429,300,92.65,23.24
1520530386.802769,1,288,0,92.68,1.10
1520530386.852674,1,252,0,89.83,0.95
1520530386.902676,1,225,0,90.03,0.98
1520530386.952678,1,212,0,90.37,0.90
1520530387.002679,1,191,0,91.28,0.94
1520530387.052681,1,423,302,91.73,23.11
1520530387.102682,1,299,0,91.27,1.18
1520530387.152684,1,230,0,91.72,0.94
1520530387.202685,1,189,0,92.41,0.90
1520530387.252606,1,421,284,90.84,23.40
1520530387.302607,1,295,0,90.93,1.41
1520530387.352609,1,259,0,90.57,1.04
1520530387.402611,1,228,0,90.37,0.90
1520530387.452612,1,198,0,90.91,1.20
1520530387.502614,1,417,289,91.33,22.41
1520530387.552615,1,249,0,91.58,1.15
1520530387.602617,1,183,0,91.14,0.87
1520530387.652619,1,415,283,90.75,21.77
1520530387.702457,1,266,0,83.45,1.39
1520530387.752459,1,423,286,82.09,22.74
1520530387.802460,1,258,0,79.99,1.31
1520530387.852464,1,206,0,79.07,0.89
1520530387.902463,1,425,300,78.90,22.80
1520530387.952464,1,297,0,78.28,1.32
1520530388.002467,1,223,0,77.42,0.94
1520530388.052467,1,195,0,77.25,0.84
1520530388.102494,1,439,320,77.24,20.42
1520530388.152496,1,304,0,77.17,1.53
1520530388.202544,1,250,0,77.21,1.04
1520530388.252499,1,208,0,76.70,1.01
1520530388.302501,1,434,339,76.14,21.38
1520530388.352502,1,334,0,76.28,1.21
1520530388.402504,1,288,0,77.51,1.04
1520530388.452505,1,248,0,77.75,0.98
1520530388.502852,1,214,0,86.72,0.99
1520530388.552854,1,196,0,86.27,0.95
1520530388.602855,1,184,0,87.31,0.96
1520530388.652857,1,441,310,87.48,25.73
1520530388.702858,1,353,0,87.82,1.34
1520530388.752860,1,314,0,87.94,1.10
1520530388.802861,1,276,0,88.02,1.10
1520530388.852863,1,247,0,88.02,0.98
1520530388.902233,1,194,0,68.93,0.95
1520530388.952235,1,434,315,68.58,4.42
1520530389.002237,1,331,0,67.87,1.71
1520530389.052238,1,275,0,66.98,1.04
1520530389.102240,1,226,0,66.58,0.92
1520530389.152242,1,199,0,65.93,0.90
1520530389.202243,1,187,0,65.52,0.83
1520530389.252245,1,424,307,64.98,4.31
1520530389.302934,1,211,0,84.33,1.19
1520530389.352936,1,198,0,84.45,1.16
1520530389.402938,1,433,326,85.43,4.26
1520530389.452939,1,317,0,86.32,1.32
1520530389.502940,1,267,0,85.19,1.01
1520530389.552942,1,233,0,84.40,0.93
1520530389.602943,1,183,0,84.00,0.90
1520530389.652948,1,439,280,83.88,4.30
1520530389.702847,1,284,0,81.93,1.30
1520530389.753403,1,208,0,93.23,0.95
1520530389.803445,1,422,278,92.65,4.33
1520530389.853406,1,273,0,93.31,1.54
1520530389.903408,1,199,0,93.89,0.88
1520530389.953409,1,430,317,95.58,23.45
1520530390.003411,1,299,0,96.80,1.41
1520530390.053412,1,242,0,97.59,1.03
1520530390.103414,1,215,0,98.73,0.94
1520530390.152569,1,429,325,77.01,22.43
1520530390.202569,1,258,0,77.78,1.38
1520530390.252571,1,205,0,79.02,0.93
1520530390.302572,1,185,0,79.06,0.84
1520530390.352574,1,434,315,78.78,23.43
1520530390.402575,1,325,0,78.43,1.27
1520530390.452578,1,297,0,78.35,1.01
1520530390.502578,1,264,0,78.40,1.05
1520530390.553324,1,196,0,99.32,0.92
1520530390.603326,1,439,344,99.08,23.82
1520530390.653327,1,359,0,100.42,1.73
1520530390.703329,1,317,0,102.27,1.10
1520530390.753331,1,281,0,102.84,1.11
1520530390.803333,1,241,0,102.02,1.06
1520530390.853334,1,203,0,101.20,0.99
1520530390.903336,1,429,373,99.93,24.35
1520530390.953379,1,343,0,100.44,1.28
1520530391.003381,1,293,0,100.73,1.14
1520530391.053383,1,261,0,99.87,1.04
1520530391.103384,1,245,0,100.70,0.99
1520530391.153385,1,226,0,101.80,1.04
1520530391.203387,1,217,0,101.06,0.95
1520530391.253388,1,200,0,100.63,1.02
1520530391.303389,1,186,0,100.15,0.92
1520530391.352333,1,432,344,71.54,24.71
1520530391.402366,1,333,0,71.49,1.28
1520530391.452336,1,301,0,70.53,1.28
1520530391.502338,1,261,0,70.87,1.08
1520530391.552339,1,234,0,72.38,1.01
1520530391.602341,1,230,0,71.67,1.00
1520530391.652342,1,226,0,71.16,0.94
1520530391.702344,1,212,0,71.69,1.01
1520530391.752424,1,203,0,74.32,1.00
1520530391.802426,1,194,0,73.92,1.02
1520530391.852427,1,186,0,73.39,0.92
1520530391.902428,1,182,0,72.81,0.97
1520530391.952430,1,430,355,72.58,24.86
1520530392.002431,1,362,0,72.41,1.54
1520530392.052433,1,334,0,72.22,1.21
1520530392.102435,1,296,0,72.25,1.06
1520530392.152436,1,261,0,72.31,1.07
1520530392.203142,1,193,0,89.24,0.92
1520530392.253143,1,420,320,86.69,24.92
1520530392.303145,1,324,0,87.27,1.20
1520530392.353147,1,270,0,87.00,1.00
1520530392.403147,1,242,0,87.64,0.96
1520530392.453150,1,220,0,88.81,0.90
1520530392.503151,1,188,0,89.14,0.90
1520530392.553153,1,436,292,89.07,24.74
1520530392.602235,1,277,0,61.44,1.33
1520530392.652236,1,233,0,61.39,0.98
1520530392.702237,1,215,0,61.32,0.91
1520530392.752239,1,192,0,61.63,0.96
1520530392.802241,1,427,321,61.56,25.35
1520530392.852242,1,313,0,60.01,1.73
1520530392.902243,1,252,0,62.21,1.01
1520530392.952245,1,226,0,61.57,1.04
1520530393.002174,1,209,0,58.68,0.95
1520530393.052154,1,200,0,57.79,0.89
1520530393.102155,1,432,328,57.92,25.84
1520530393.152157,1,351,0,57.13,1.48
1520530393.202159,1,284,0,58.03,1.10
1520530393.252160,1,265,0,58.46,1.00
1520530393.302162,1,240,0,58.24,1.01
1520530393.352164,1,231,0,57.56,0.92
1520530393.402921,1,432,353,80.77,26.14
1520530393.452923,1,381,0,80.67,1.55
1520530393.502924,1,354,0,81.28,1.20
1520530393.552926,1,319,0,79.39,1.06
1520530393.602927,1,276,0,79.22,1.06
1520530393.652929,1,236,0,79.39,0.98
1520530393.702931,1,205,0,80.05,0.90
1520530393.752932,1,426,326,80.13,26.01
1520530393.802958,1,295,0,79.59,1.17
1520530393.852959,1,272,0,79.41,1.08
1520530393.902961,1,258,0,79.90,1.43
1520530393.952963,1,247,0,79.52,1.05
1520530394.002964,1,235,0,79.24,1.08
1520530394.052965,1,231,0,79.20,1.05
1520530394.102968,1,226,0,79.75,1.16
1520530394.152969,1,217,0,79.12,0.99
1520530394.202165,1,433,368,53.96,26.22
1520530394.252167,1,324,0,54.16,1.23
1520530394.302169,1,283,0,54.76,1.10
1520530394.352170,1,261,0,54.02,1.01
1520530394.402172,1,242,0,54.56,1.01
1520530394.452173,1,223,0,53.62,1.02
1520530394.502175,1,207,0,55.00,0.96
1520530394.552176,1,191,0,54.93,1.00
1520530394.602189,1,431,337,54.69,25.85
1520530394.652877,1,218,0,81.77,1.59
1520530394.702878,1,198,0,83.48,0.90
1520530394.752879,1,192,0,84.04,0.95
1520530394.802881,1,187,0,84.53,0.83
1520530394.852882,1,435,342,84.73,25.99
1520530394.902885,1,316,0,87.04,1.24
1520530394.952885,1,280,0,87.14,1.05
1520530395.002887,1,251,0,88.00,1.06
1520530395.053731,1,213,0,107.50,0.97
1520530395.103732,1,206,0,108.44,1.05
1520530395.153734,1,186,0,109.82,0.97
1520530395.203735,1,427,378,111.05,25.76
1520530395.253737,1,376,0,111.75,1.62
1520530395.303738,1,353,0,112.19,1.29
1520530395.353740,1,336,0,113.34,1.20
1520530395.403742,1,309,0,113.04,1.22
1520530395.452705,1,266,0,87.41,1.13
1520530395.502707,1,243,0,87.50,1.01
1520530395.552709,1,225,0,87.99,1.06
1520530395.602710,1,210,0,87.09,1.06
1520530395.652712,1,197,0,85.82,1.01
1520530395.702713,1,192,0,85.18,1.05
1520530395.752715,1,191,0,84.46,1.01
1520530395.802716,1,188,0,84.02,1.15
1520530395.853078,1,446,392,94.72,26.60
1520530395.903079,1,407,0,95.40,1.41
1520530395.953081,1,381,0,95.43,1.20
1520530396.003083,1,351,0,95.52,1.19
1520530396.053084,1,329,0,94.45,1.10
1520530396.103085,1,305,0,93.03,1.15
1520530396.153087,1,291,0,91.71,1.08
1520530396.203089,1,268,0,92.34,1.10
1520530396.253235,1,238,0,96.24,1.09
1520530396.303237,1,220,0,95.25,1.09
1520530396.353238,1,201,0,95.12,1.01
1520530396.403240,1,436,351,95.44,27.01
1520530396.453241,1,351,0,94.36,1.56
1520530396.503243,1,289,0,93.39,1.20
1520530396.553244,1,260,0,93.25,1.02
1520530396.603246,1,236,0,91.94,1.04
1520530396.653248,1,215,0,90.91,0.97
1520530396.703145,1,198,0,87.24,1.05
1520530396.753147,1,188,0,86.98,0.94
1520530396.803148,1,436,315,85.93,26.86
1520530396.853149,1,330,0,85.38,1.62
1520530396.903152,1,274,0,85.23,1.17
1520530396.953152,1,241,0,85.35,1.00
1520530397.003155,1,220,0,86.29,0.98
1520530397.053156,1,200,0,87.02,0.91
1520530397.102782,1,181,0,77.55,0.96
1520530397.152784,1,434,292,77.94,26.63
1520530397.202785,1,303,0,78.05,1.17
1520530397.252787,1,252,0,77.68,1.03
1520530397.302788,1,225,0,77.29,0.98
1520530397.352790,1,213,0,78.30,0.97
1520530397.402791,1,202,0,79.08,0.97
1520530397.452793,1,191,0,79.55,0.93
1520530397.502304,1,431,337,61.35,25.79
1520530397.552306,1,337,0,62.17,1.49
1520530397.602308,1,282,0,62.54,1.11
1520530397.652309,1,249,0,62.39,1.05
1520530397.702310,1,211,0,62.77,1.04
1520530397.752312,1,192,0,62.52,0.97
1520530397.802315,1,428,352,62.78,25.90
1520530397.852315,1,318,0,63.77,1.51
1520530397.902585,1,245,0,74.53,1.10
1520530397.952586,1,231,0,73.13,1.07
1520530398.002588,1,208,0,72.50,1.03
1520530398.052589,1,190,0,74.15,0.96
1520530398.102591,1,445,336,75.18,25.60
1520530398.152592,1,368,0,75.75,1.19
1520530398.202594,1,322,0,75.39,1.20
1520530398.252596,1,278,0,76.13,1.01
1520530398.303365,1,200,0,99.02,0.99
1520530398.353367,1,431,372,99.36,26.20
1520530398.403368,1,320,0,100.13,1.40
1520530398.453370,1,285,0,102.65,1.10
1520530398.503371,1,251,0,103.40,0.97
1520530398.553373,1,234,0,103.07,1.10
1520530398.603375,1,213,0,104.60,0.97
1520530398.653376,1,187,0,107.06,0.95
1520530398.703221,1,433,358,103.43,26.28
1520530398.753223,1,333,0,102.72,1.19
1520530398.803225,1,313,0,101.19,1.10
1520530398.853226,1,282,0,101.77,1.11
1520530398.903227,1,257,0,101.20,0.99
1520530398.953229,1,228,0,99.78,1.05
1520530399.003230,1,208,0,98.53,0.97
1520530399.053232,1,423,362,96.84,26.29
1520530399.103233,1,331,0,95.50,1.45
1520530399.152330,1,233,0,62.68,1.00
1520530399.202332,1,192,0,61.88,0.90
1520530399.252333,1,430,330,60.38,25.12
1520530399.302335,1,342,0,59.15,1.21
1520530399.352336,1,278,0,57.84,1.06
1520530399.402342,1,223,0,57.60,1.03
1520530399.452339,1,193,0,56.39,0.91
1520530399.502341,1,426,304,55.88,23.46
1520530399.553006,1,190,0,79.23,1.49
1520530399.603008,1,436,327,77.93,23.16
1520530399.653009,1,314,0,78.53,1.16
1520530399.703011,1,245,0,78.52,1.01
1520530399.753012,1,201,0,78.96,0.95
1520530399.803014,1,427,323,79.55,25.01
1520530399.853016,1,298,0,80.73,1.53
1520530399.903017,1,256,0,81.53,0.97
1520530399.953275,1,209,0,87.98,0.94
1520530400.003276,1,423,292,88.20,25.10
1520530400.053278,1,273,0,88.78,1.37
1520530400.103279,1,216,0,88.63,1.00
1520530400.153281,1,422,290,88.27,2.58
1520530400.203283,1,244,0,88.02,1.02
1520530400.253284,1,207,0,87.68,1.27
1520530400.303286,1,189,0,87.48,0.90
1520530400.352494,1,432,346,63.29,2.86
1520530400.402496,1,285,0,64.06,1.31
1520530400.452498,1,234,0,64.51,1.00
1520530400.502500,1,207,0,63.84,0.89
1520530400.552501,1,185,0,63.76,0.92
1520530400.602502,1,437,357,63.72,2.54
1520530400.652504,1,315,0,62.96,1.13
1520530400.702505,1,263,0,63.38,1.21
1520530400.752291,1,238,0,54.54,0.96
1520530400.802292,1,209,0,53.84,1.11
1520530400.852294,1,422,353,53.88,2.55
1520530400.902295,1,303,0,54.35,1.13
1520530400.952297,1,249,0,54.03,1.04
1520530401.002299,1,227,0,54.61,1.01
1520530401.052300,1,209,0,56.53,0.92
1520530401.102302,1,434,351,55.42,2.63
1520530401.152303,1,324,0,56.69,1.17
1520530401.202755,1,224,0,76.21,1.01
1520530401.252756,1,200,0,76.68,0.90
1520530401.302758,1,430,352,76.62,2.60
1520530401.352759,1,333,0,76.57,1.14
1520530401.402761,1,270,0,76.30,1.00
1520530401.452763,1,202,0,76.98,0.92
1520530401.502764,1,423,362,77.76,2.52
1520530401.552766,1,345,0,78.45,1.15
1520530401.603037,1,271,0,86.87,1.01
1520530401.653039,1,233,0,87.16,1.00
1520530401.703041,1,192,0,87.30,0.88
1520530401.753042,1,427,345,87.46,2.72
1520530401.803044,1,328,0,89.27,1.55
1520530401.853045,1,298,0,89.81,1.05
1520530401.903047,1,270,0,91.51,1.06
1520530401.953048,1,248,0,92.89,1.10
1520530402.002281,1,422,324,62.11,3.00
1520530402.052283,1,318,0,62.11,1.41
1520530402.102285,1,265,0,61.09,1.13
1520530402.152286,1,221,0,60.40,1.03
1520530402.202287,1,195,0,58.96,1.00
1520530402.252289,1,438,329,58.51,24.69
1520530402.302290,1,279,0,57.70,1.64
1520530402.352292,1,223,0,56.03,0.98
1520530402.402567,1,432,320,67.34,25.69
1520530402.452569,1,272,0,66.87,1.18
1520530402.502570,1,211,0,65.84,0.96
1520530402.552572,1,429,308,65.23,2.79
1520530402.602574,1,289,0,65.14,1.08
1520530402.652672,1,216,0,64.63,0.95
1520530402.702577,1,441,314,64.60,2.52
1520530402.752578,1,251,0,64.81,1.56
1520530402.803416,1,434,309,92.40,2.34
1520530402.853417,1,259,0,91.79,1.01
1520530402.903419,1,191,0,90.66,0.84
1520530402.953420,1,430,284,89.24,2.43
1520530403.003422,1,236,0,88.86,1.04
1520530403.053424,1,185,0,88.39,0.91
1520530403.103425,1,429,283,88.25,2.97
1520530403.153427,1,232,0,87.66,0.95
1520530403.202933,1,429,319,75.95,2.57
1520530403.252935,1,262,0,76.78,1.93
1520530403.302936,1,204,0,77.55,0.88
1520530403.352938,1,431,354,78.21,2.62
1520530403.402940,1,294,0,78.98,1.60
1520530403.452941,1,244,0,80.57,0.93
1520530403.502943,1,196,0,81.42,0.93
1520530403.552945,1,430,333,82.56,2.52
1520530403.602946,1,307,0,83.16,1.09
1520530403.652254,1,203,0,54.82,0.92
1520530403.702256,1,436,317,54.51,2.46
1520530403.752257,1,288,0,54.28,1.55
1520530403.802258,1,218,0,54.06,0.89
1520530403.852261,1,426,316,54.07,2.62
1520530403.902261,1,300,0,53.81,1.11
1520530403.952263,1,219,0,53.39,1.06
1520530404.002264,1,429,327,53.86,2.84
1520530404.052744,1,193,0,77.07,1.19
1520530404.102747,1,432,351,76.76,2.66
1520530404.152748,1,332,0,76.85,1.68
1520530404.202749,1,289,0,76.65,1.05
1520530404.252828,1,252,0,76.95,1.05
1520530404.302752,1,229,0,77.82,1.01
1520530404.352753,1,206,0,78.68,1.16
1520530404.402755,1,432,351,79.05,2.67
1520530404.453112,1,285,0,92.99,1.13
1520530404.503114,1,270,0,93.62,1.06
1520530404.553115,1,246,0,94.81,1.07
1520530404.603117,1,227,0,95.43,0.97
1520530404.653119,1,207,0,96.00,1.03
1520530404.703120,1,197,0,95.64,0.93
1520530404.753122,1,422,351,94.65,2.84
1520530404.803123,1,330,0,93.43,1.43
1520530404.852642,1,278,0,76.89,1.06
1520530404.902643,1,249,0,77.39,1.41
1520530404.952645,1,230,0,77.38,0.96
1520530405.002647,1,211,0,77.24,1.30
1520530405.052648,1,187,0,76.95,0.90
1520530405.102650,1,421,323,76.91,2.86
1520530405.152651,1,286,0,76.94,1.61
1520530405.202653,1,221,0,76.59,1.01
1520530405.252327,1,425,294,58.92,2.70
1520530405.302330,1,242,0,57.83,1.51
1520530405.352331,1,424,288,58.32,2.42
1520530405.402333,1,232,0,57.28,0.99
1520530405.452334,1,426,265,56.60,2.36
1520530405.502335,1,235,0,56.29,0.97
1520530405.552337,1,430,274,54.75,2.42
1520530405.602339,1,226,0,53.57,1.16
1520530405.652792,1,423,274,74.17,2.24
1520530405.702792,1,258,0,72.15,1.53
1520530405.752795,1,185,0,70.61,0.80
1520530405.802797,1,430,291,69.04,2.52
1520530405.852855,1,277,0,68.62,1.22
1520530405.902800,1,211,0,68.18,0.88
1520530405.952801,1,428,286,67.94,2.32
1520530406.002802,1,287,0,68.14,1.26
1520530406.052804,1,232,0,68.39,1.22
1520530406.103570,1,423,300,92.86,2.28
1520530406.153571,1,304,0,93.14,1.04
1520530406.203573,1,236,0,93.36,0.91
1520530406.253574,1,184,0,94.44,0.90
1520530406.303576,1,434,300,95.27,2.30
1520530406.353577,1,273,0,96.26,1.00
1520530406.403578,1,213,0,96.65,0.86
1520530406.453581,1,425,301,96.48,2.43
1520530406.503485,1,281,0,94.33,1.01
1520530406.553487,1,222,0,94.76,0.87
1520530406.603489,1,189,0,94.90,0.88
1520530406.653490,1,433,276,96.03,2.39
1520530406.703492,1,250,0,97.76,0.98
1520530406.753493,1,212,0,99.31,0.86
1520530406.803495,1,429,290,99.66,2.35
1520530406.853497,1,243,0,101.52,1.11
1520530406.902692,1,427,241,72.85,2.18
1520530406.952693,1,218,0,73.29,0.94
1520530407.002694,1,424,227,74.44,2.02
1520530407.052696,1,197,0,73.28,0.85
1520530407.102698,1,427,245,73.61,20.82
1520530407.152699,1,198,0,73.42,0.94
1520530407.202701,1,424,266,72.16,20.56
1520530407.252702,1,236,0,71.50,1.00
1520530407.303185,1,428,324,90.61,19.90
1520530407.353185,1,296,0,89.64,1.45
1520530407.403187,1,236,0,88.69,1.03
1520530407.453221,1,183,0,87.89,1.30
1520530407.503190,1,431,326,87.42,22.94
1520530407.553191,1,296,0,86.68,1.17
1520530407.603193,1,250,0,85.94,1.05
1520530407.653194,1,216,0,85.64,1.00
1520530407.703510,1,185,0,94.55,0.94
1520530407.753511,1,432,378,95.04,27.72
1520530407.803513,1,347,0,95.10,1.32
1520530407.853514,1,302,0,96.17,1.16
1520530407.903516,1,239,0,96.89,1.18
1520530407.953518,1,192,0,97.82,0.95
1520530408.003519,1,431,368,98.27,24.86
1520530408.053521,1,341,0,96.16,1.31
1520530408.103522,1,258,0,95.31,1.02
1520530408.153603,1,220,0,96.64,1.05
1520530408.203605,1,201,0,95.38,0.90
1520530408.253606,1,422,346,94.49,24.63
1520530408.303608,1,328,0,93.06,1.26
1520530408.353609,1,302,0,92.36,1.10
1520530408.403612,1,271,0,91.44,1.09
1520530408.453613,1,245,0,90.22,0.99
1520530408.503614,1,232,0,89.83,1.04
1520530408.553374,1,206,0,84.19,0.94
1520530408.603376,1,191,0,84.06,0.98
1520530408.653377,1,426,346,83.56,23.07
1520530408.703379,1,344,0,83.30,1.23
1520530408.753380,1,327,0,83.07,1.15
1520530408.803382,1,307,0,83.91,1.14
1520530408.853383,1,274,0,83.97,1.10
1520530408.903385,1,249,0,83.76,1.10
1520530408.952878,1,230,0,67.85,0.98
1520530409.002880,1,220,0,67.10,1.06
1520530409.052890,1,196,0,66.28,1.03
1520530409.102883,1,422,322,65.90,22.56
1520530409.152884,1,299,0,66.12,1.21
1520530409.202886,1,273,0,66.77,1.02
1520530409.252887,1,248,0,67.36,1.05
1520530409.302889,1,229,0,68.81,0.95
1520530409.352902,1,214,0,70.23,0.99
1520530409.402904,1,433,356,70.84,23.82
1520530409.452906,1,306,0,71.14,1.23
1520530409.502907,1,269,0,72.41,1.27
1520530409.552909,1,240,0,74.22,0.97
1520530409.602910,1,211,0,75.33,0.91
1520530409.652912,1,188,0,75.92,0.99
1520530409.702913,1,425,372,75.76,26.20
1520530409.752654,1,337,0,63.91,1.24
1520530409.802656,1,297,0,64.82,1.08
1520530409.852657,1,272,0,65.42,1.13
1520530409.902659,1,254,0,64.83,1.06
1520530409.952660,1,220,0,63.32,1.02
1520530410.002662,1,193,0,62.48,0.93
1520530410.052664,1,439,354,62.05,26.69
1520530410.102666,1,314,0,61.51,1.21
1520530410.153222,1,192,0,83.92,0.96
1520530410.203225,1,437,352,84.60,26.11
1520530410.253226,1,353,0,85.17,1.24
1520530410.303227,1,316,0,84.84,1.06
1520530410.353231,1,291,0,83.63,1.09
1520530410.403230,1,260,0,83.94,1.01
1520530410.453231,1,230,0,84.54,1.07
1520530410.503232,1,213,0,84.60,0.95
1520530410.553234,1,187,0,85.07,1.01
1520530410.603875,1,430,343,103.97,24.35
1520530410.653876,1,351,0,104.79,1.31
1520530410.703878,1,309,0,105.81,1.12
1520530410.753879,1,289,0,106.79,1.03
1520530410.803881,1,254,0,106.71,1.15
1520530410.853882,1,250,0,106.92,0.99
1520530410.903884,1,238,0,107.32,1.23
1520530410.953885,1,219,0,107.00,0.94
1520530411.003418,1,214,0,95.50,0.96
1520530411.053420,1,202,0,95.09,0.98
1520530411.103421,1,433,343,95.38,25.52
1520530411.153423,1,355,0,95.56,1.19
1520530411.203424,1,318,0,95.46,1.11
1520530411.253426,1,302,0,94.79,1.06
1520530411.303427,1,284,0,93.81,1.03
1520530411.353429,1,271,0,92.60,1.00
1520530411.403009,1,258,0,77.06,0.99
1520530411.453010,1,253,0,76.11,1.19
1520530411.503012,1,245,0,76.19,0.97
1520530411.553013,1,236,0,76.83,1.06
1520530411.603015,1,225,0,76.76,1.07
1520530411.653017,1,214,0,75.90,1.15
1520530411.703018,1,204,0,76.45,1.07
1520530411.753020,1,191,0,75.85,0.97
1520530411.802906,1,432,374,71.09,25.60
1520530411.852907,1,354,0,72.00,1.32
1520530411.902908,1,318,0,71.56,1.21
1520530411.952911,1,274,0,71.39,1.17
1520530412.002912,1,234,0,70.07,1.12
1520530412.052913,1,187,0,69.19,0.90
1520530412.102915,1,432,343,69.68,26.27
1520530412.152916,1,334,0,68.72,1.24
1520530412.203416,1,233,0,86.60,1.08
1520530412.253417,1,207,0,85.96,0.91
1520530412.303419,1,430,314,84.95,26.50
1520530412.353420,1,306,0,84.90,1.13
1520530412.403422,1,251,0,83.61,1.05
1520530412.453423,1,216,0,82.52,0.95
1520530412.503425,1,189,0,81.05,1.00
1520530412.553426,1,432,311,80.27,25.92
1520530412.603428,1,309,0,80.60,1.18
1520530412.653630,1,267,0,85.59,1.01
1520530412.703631,1,249,0,85.77,1.13
1520530412.753633,1,233,0,87.07,0.94
1520530412.803634,1,218,0,87.80,1.12
1520530412.853636,1,203,0,88.14,0.88
1520530412.903637,1,431,313,88.19,25.32
1520530412.953639,1,306,0,88.39,1.19
1520530413.003641,1,260,0,87.44,1.12
1520530413.053009,1,217,0,68.58,1.05
1520530413.103011,1,200,0,70.30,0.98
1520530413.153012,1,430,347,71.16,25.43
1520530413.203014,1,320,0,73.50,1.23
1520530413.253016,1,283,0,74.95,1.13
1520530413.303017,1,244,0,75.42,0.99
1520530413.353019,1,205,0,76.98,1.03
1520530413.403021,1,429,361,77.14,25.31
1520530413.452940,1,342,0,74.02,1.37
1520530413.502941,1,304,0,74.40,1.24
1520530413.552943,1,280,0,73.87,1.30
1520530413.602944,1,260,0,73.32,1.09
1520530413.652946,1,238,0,72.69,1.06
1520530413.702947,1,224,0,72.14,1.00
1520530413.752949,1,223,0,72.11,0.99
1520530413.802951,1,221,0,72.13,1.05
1520530413.853107,1,214,0,79.50,1.07
1520530413.903189,1,210,0,80.48,1.04
1520530413.953110,1,205,0,81.34,0.95
1520530414.003112,1,198,0,81.17,1.03
1520530414.053113,1,195,0,80.55,1.01
1520530414.103115,1,192,0,81.26,1.12
1520530414.153116,1,191,0,80.88,1.04
1520530414.203118,1,185,0,80.31,1.09
1520530414.252894,1,432,366,70.28,24.95
1520530414.302895,1,369,0,69.72,1.56
1520530414.352898,1,349,0,69.34,1.19
1520530414.402899,1,327,0,68.87,1.18
1520530414.452900,1,312,0,68.33,1.19
1520530414.502902,1,306,0,67.56,1.09
1520530414.552903,1,300,0,66.50,1.22
1520530414.602905,1,289,0,65.92,1.42
1520530414.652705,1,275,0,56.14,1.14
1520530414.702707,1,252,0,56.43,1.07
1520530414.752708,1,236,0,56.37,1.17
1520530414.802710,1,222,0,56.06,1.02
1520530414.852712,1,206,0,55.95,1.09
1520530414.902714,1,194,0,55.81,1.00
1520530414.952715,1,430,329,55.54,24.79
1520530415.002717,1,314,0,54.37,1.21
1520530415.052718,1,272,0,54.44,1.12
1520530415.103195,1,424,315,74.25,24.28
1520530415.153197,1,306,0,74.51,1.19
1520530415.203199,1,277,0,74.83,1.33
1520530415.253200,1,254,0,74.63,1.00
1520530415.303202,1,238,0,74.68,1.18
1520530415.353203,1,230,0,74.04,0.95
1520530415.403205,1,217,0,73.18,1.16
1520530415.453206,1,214,0,73.04,0.96
1520530415.503115,1,188,0,67.36,0.92
1520530415.553069,1,432,301,66.86,23.69
1520530415.603071,1,336,0,67.36,1.28
1520530415.653072,1,293,0,67.45,1.07
1520530415.703074,1,278,0,67.00,1.16
1520530415.753075,1,266,0,66.37,1.01
1520530415.803077,1,255,0,65.67,1.25
1520530415.853079,1,243,0,65.27,0.97
1520530415.903361,1,206,0,74.07,0.97
1520530415.953363,1,201,0,73.67,1.00
1520530416.003364,1,196,0,73.44,0.98
1520530416.053366,1,190,0,73.51,0.90
1520530416.103368,1,439,324,73.63,24.29
1520530416.153369,1,372,0,74.41,1.17
1520530416.203371,1,357,0,75.10,1.16
1520530416.253372,1,337,0,75.28,1.26
1520530416.303375,1,326,0,75.42,1.00
1520530416.353376,1,317,0,75.35,1.04
1520530416.403378,1,314,0,75.34,1.04
1520530416.453380,1,313,0,75.76,1.00
1520530416.503381,1,305,0,75.93,1.13
1520530416.553383,1,285,0,76.11,1.01
1520530416.603384,1,263,0,76.88,1.09
1520530416.653386,1,237,0,77.94,1.04
1520530416.703272,1,215,0,73.98,1.01
1520530416.753274,1,193,0,74.85,0.98
1520530416.803277,1,437,345,75.75,23.95
1520530416.853277,1,313,0,75.49,1.37
1520530416.903278,1,268,0,75.79,1.13
1520530416.953280,1,247,0,75.87,1.04
1520530417.003283,1,226,0,77.14,1.05
1520530417.053283,1,201,0,77.86,0.99
1520530417.103391,1,434,361,81.32,25.00
1520530417.153371,1,355,0,81.37,1.44
1520530417.203373,1,319,0,81.69,1.24
1520530417.253374,1,299,0,82.46,1.13
1520530417.303376,1,286,0,82.68,1.16
1520530417.353378,1,279,0,82.98,1.05
1520530417.403379,1,278,0,83.41,1.09
1520530417.453381,1,276,0,83.36,1.08
1520530417.503382,1,275,0,83.01,1.21
1520530417.553464,1,258,0,85.78,1.04
1520530417.603466,1,253,0,85.49,1.19
1520530417.653467,1,252,0,85.15,1.07
1520530417.703468,1,246,0,84.72,1.06
1520530417.753470,1,240,0,84.43,1.01
1520530417.803472,1,234,0,84.34,1.04
1520530417.853473,1,227,0,83.87,1.02
1520530417.903476,1,212,0,83.18,1.18
1520530417.953456,1,195,0,82.33,1.02
1520530418.003458,1,188,0,81.86,1.13
1520530418.053458,1,424,321,81.58,24.85
1520530418.103461,1,319,0,81.21,1.22
1520530418.153462,1,289,0,81.66,1.08
1520530418.203465,1,266,0,81.69,0.99
1520530418.253466,1,250,0,82.13,1.08
1520530418.303468,1,243,0,82.16,1.00
1520530418.353431,1,213,0,80.57,0.98
1520530418.403432,1,202,0,80.17,0.91
1520530418.453434,1,198,0,79.96,0.92
1520530418.503435,1,190,0,79.86,0.92
1520530418.553437,1,182,0,79.62,0.87
1520530418.603439,1,426,319,79.24,23.63
1520530418.653440,1,353,0,78.92,1.26
1520530418.703442,1,313,0,78.96,1.08
1520530418.753343,1,285,0,75.51,1.08
1520530418.803345,1,270,0,75.42,1.04
1520530418.853346,1,236,0,75.49,1.06
1520530418.903348,1,216,0,75.27,0.97
1520530418.953350,1,197,0,75.68,1.00
1520530419.003351,1,188,0,75.55,0.96
1520530419.053353,1,432,323,75.64,24.33
1520530419.103354,1,293,0,76.55,1.29
1520530419.153533,1,253,0,82.64,1.04
1520530419.203534,1,230,0,82.96,1.03
1520530419.253536,1,223,0,83.92,0.99
1520530419.303537,1,216,0,84.34,1.01
1520530419.353539,1,213,0,84.39,0.97
1520530419.403541,1,208,0,84.04,1.10
1520530419.453542,1,198,0,84.16,0.96
1520530419.503544,1,195,0,84.05,1.06
1520530419.553545,1,192,0,84.10,1.02
1520530419.603729,1,187,0,89.30,1.00
1520530419.653731,1,186,0,89.14,0.99
1520530419.703733,1,184,0,89.22,0.97
1520530419.753734,1,184,0,89.21,1.02
1520530419.803736,1,428,336,89.45,24.12
1520530419.853739,1,351,0,88.72,1.29
1520530419.903739,1,318,0,87.89,1.22
1520530419.953740,1,294,0,86.94,1.12
1520530420.003597,1,254,0,82.96,1.12
1520530420.053598,1,232,0,82.36,1.00
1520530420.103600,1,222,0,81.01,1.09
1520530420.153602,1,212,0,80.77,1.00
1520530420.203604,1,190,0,79.44,1.01
1520530420.253605,1,434,341,79.89,24.08
1520530420.303607,1,311,0,80.56,1.29
1520530420.353608,1,265,0,81.13,1.13
1520530420.403699,1,245,0,83.37,0.98
1520530420.453700,1,229,0,82.92,1.04
1520530420.503702,1,214,0,82.67,0.96
1520530420.553704,1,194,0,82.84,1.00
1520530420.603705,1,187,0,83.17,0.93
1520530420.653707,1,185,0,83.17,1.02
1520530420.703708,1,182,0,83.35,0.91
1520530420.753710,1,181,0,83.16,1.22
1520530420.803356,1,425,299,72.27,24.15
1520530420.853358,1,329,0,72.19,1.19
1520530420.903359,1,288,0,71.71,1.26
1520530420.953361,1,264,0,71.00,1.04
1520530421.003363,1,244,0,71.12,1.04
1520530421.053364,1,225,0,71.14,1.01
1520530421.103366,1,208,0,70.44,0.94
1520530421.153367,1,194,0,70.67,0.99
1520530421.203429,1,432,340,71.83,24.02
1520530421.253431,1,322,0,72.10,1.23
1520530421.303432,1,277,0,72.57,1.08
1520530421.353434,1,246,0,72.95,1.08
1520530421.403435,1,223,0,74.47,1.07
1520530421.453437,1,204,0,75.37,0.97
1520530421.503439,1,188,0,75.41,0.96
1520530421.553440,1,433,365,76.51,24.33
1520530421.603611,1,361,0,82.25,1.28
1520530421.653613,1,333,0,83.20,1.26
1520530421.703614,1,316,0,83.19,1.14
1520530421.753616,1,299,0,83.92,1.11
1520530421.803617,1,289,0,84.15,1.02
1520530421.853618,1,275,0,84.46,1.07
1520530421.903620,1,261,0,84.30,1.03
1520530421.953693,1,255,0,83.90,1.09
1520530422.003623,1,244,0,83.22,1.05
1520530422.053472,1,212,0,78.28,1.02
1520530422.103474,1,212,0,78.03,0.96
1520530422.153476,1,205,0,77.87,0.94
1520530422.203477,1,199,0,77.45,0.98
1520530422.253479,1,195,0,76.92,0.96
1520530422.303480,1,190,0,76.02,1.05
1520530422.353482,1,186,0,75.54,0.97
1520530422.403483,1,435,363,74.40,24.56
1520530422.453394,1,334,0,69.94,1.26
1520530422.503396,1,302,0,69.12,1.12
1520530422.553397,1,260,0,68.47,1.07
1520530422.603400,1,236,0,68.18,1.05
1520530422.653401,1,199,0,68.93,1.03
1520530422.703403,1,423,356,69.00,24.51
1520530422.753404,1,352,0,69.34,1.45
1520530422.803406,1,324,0,69.74,1.17
1520530422.853580,1,297,0,75.27,1.05
1520530422.903583,1,277,0,75.19,1.06
1520530422.953585,1,272,0,75.43,1.02
1520530423.003587,1,267,0,75.91,1.07
1520530423.053587,1,258,0,76.50,1.01
1520530423.103590,1,250,0,76.80,1.02
1520530423.153590,1,243,0,75.58,1.04
1520530423.203592,1,224,0,75.22,1.05
1520530423.253316,1,181,0,66.46,0.94
1520530423.303317,1,427,313,65.00,24.35
1520530423.353319,1,288,0,64.64,1.15
1520530423.403322,1,247,0,64.72,1.00
1520530423.453322,1,222,0,64.74,1.01
1520530423.503324,1,217,0,64.23,0.93
1520530423.553359,1,212,0,64.38,1.09
1520530423.603327,1,211,0,65.10,0.93
1520530423.652983,1,189,0,51.69,0.94
1520530423.702985,1,423,338,52.17,24.88
1520530423.752986,1,317,0,52.51,1.56
1520530423.802988,1,289,0,53.57,1.19
1520530423.852990,1,253,0,53.19,0.97
1520530423.902991,1,233,0,52.99,1.13
1520530423.952993,1,216,0,52.74,0.96
1520530424.002995,1,203,0,52.15,1.14
1520530424.052950,1,432,351,50.26,25.17
1520530424.103253,1,286,0,64.69,1.39
1520530424.153255,1,257,0,63.96,1.13
1520530424.203257,1,245,0,63.75,0.98
1520530424.253258,1,239,0,64.15,1.02
1520530424.303260,1,233,0,64.09,0.98
1520530424.353261,1,229,0,64.89,1.06
1520530424.403263,1,224,0,64.30,0.98
1520530424.453264,1,217,0,64.02,1.05
1520530424.504722,1,433,358,103.35,25.82
1520530424.554724,1,333,0,103.40,1.79
1520530424.604726,1,294,0,104.15,1.09
1520530424.654727,1,273,0,104.43,1.14
1520530424.704729,1,265,0,104.60,1.05
1520530424.754730,1,260,0,104.84,1.01
1520530424.804732,1,257,0,104.94,1.08
1520530424.854733,1,253,0,105.11,0.96
1520530424.903374,1,216,0,70.12,1.00
1520530424.953377,1,211,0,69.96,1.00
1520530425.003378,1,200,0,69.54,1.03
1520530425.053379,1,199,0,68.44,0.99
1520530425.103381,1,199,0,68.04,1.05
1520530425.153383,1,195,0,68.27,1.00
1520530425.203384,1,190,0,68.24,1.10
1520530425.253385,1,186,0,67.99,0.98
1520530425.303732,1,435,345,78.98,26.09
1520530425.353734,1,330,0,77.78,1.27
1520530425.403735,1,299,0,76.97,1.31
1520530425.453737,1,280,0,77.48,1.06
1520530425.503738,1,271,0,77.43,1.07
1520530425.553740,1,269,0,78.00,1.05
1520530425.603741,1,262,0,78.76,1.07
1520530425.653743,1,251,0,80.31,1.02
1520530425.703675,1,234,0,78.66,1.06
1520530425.753677,1,217,0,80.33,0.95
1520530425.803679,1,209,0,81.81,1.03
1520530425.853680,1,191,0,84.40,1.00
1520530425.903682,1,439,372,84.75,26.66
1520530425.953682,1,352,0,84.49,1.38
1520530426.003685,1,335,0,85.17,1.23
1520530426.053685,1,328,0,84.89,1.16
1520530426.103474,1,315,0,77.37,1.09
1520530426.153475,1,305,0,77.02,1.12
1520530426.203478,1,274,0,74.50,1.09
1520530426.253478,1,250,0,73.04,1.12
1520530426.303480,1,226,0,72.07,1.00
1520530426.353482,1,210,0,72.20,1.00
1520530426.403483,1,193,0,71.01,0.97
1520530426.453484,1,432,362,70.51,26.72
1520530426.503486,1,325,0,70.30,1.44
1520530426.553551,1,284,0,71.96,1.10
1520530426.603553,1,277,0,72.24,1.02
1520530426.653554,1,268,0,72.37,1.09
1520530426.703556,1,262,0,72.75,1.04
1520530426.753558,1,250,0,73.66,1.11
1520530426.803559,1,231,0,74.66,0.96
1520530426.853560,1,212,0,75.39,1.38
1520530426.903562,1,201,0,75.66,0.96
1520530426.953598,1,194,0,77.25,1.35
1520530427.003600,1,185,0,79.36,0.97
1520530427.053602,1,432,384,80.16,26.96
1520530427.103602,1,388,0,80.44,1.32
1520530427.153605,1,362,0,81.20,1.27
1520530427.203605,1,326,0,81.93,1.14
1520530427.253608,1,303,0,82.96,1.21
1520530427.303609,1,284,0,83.59,1.12
1520530427.353592,1,256,0,82.01,1.15
1520530427.403594,1,237,0,81.70,1.00
1520530427.453595,1,226,0,81.93,1.04
1520530427.503597,1,219,0,82.32,0.99
1520530427.553598,1,212,0,82.26,1.02
1520530427.603601,1,208,0,82.35,0.93
1520530427.653601,1,209,0,82.29,1.29
1520530427.703604,1,208,0,81.95,1.00
1520530427.753678,1,206,0,84.01,1.01
1520530427.803679,1,204,0,84.29,1.04
1520530427.853681,1,201,0,84.47,0.99
1520530427.903682,1,196,0,84.75,1.03
1520530427.953684,1,190,0,83.15,1.01
1520530428.003686,1,186,0,82.07,1.01
1520530428.053687,1,433,375,81.95,27.09
1520530428.103692,1,317,0,80.92,1.28
1520530428.153535,1,279,0,74.22,1.02
1520530428.203537,1,228,0,73.00,1.07
1520530428.253538,1,427,323,72.64,25.97
1520530428.303540,1,294,0,70.81,1.18
1520530428.353542,1,246,0,69.62,0.97
1520530428.403618,1,200,0,69.57,0.98
1520530428.453544,1,424,303,69.91,25.28
1520530428.503546,1,278,0,71.64,1.57
1520530428.553451,1,221,0,68.49,0.90
1520530428.603452,1,186,0,68.98,1.14
1520530428.653454,1,443,325,68.66,25.73
1520530428.703455,1,301,0,68.54,1.16
1520530428.753457,1,232,0,69.26,0.95
1520530428.803458,1,190,0,69.96,0.83
1520530428.853460,1,436,308,70.71,25.82
1520530428.903461,1,291,0,70.67,1.06
1520530428.953463,1,232,0,71.08,1.07
1520530429.003444,1,190,0,71.28,0.83
1520530429.053445,1,430,286,70.16,24.51
1520530429.103447,1,283,0,70.72,1.62
1520530429.153448,1,202,0,70.60,0.85
1520530429.203450,1,422,289,71.62,24.66
1520530429.253451,1,260,0,72.27,1.29
1520530429.303453,1,198,0,73.40,0.90
1520530429.353455,1,427,299,74.29,24.39
1520530429.403551,1,254,0,78.09,1.07
1520530429.453553,1,183,0,78.16,0.87
1520530429.503555,1,423,304,78.84,25.12
1520530429.553556,1,289,0,78.56,1.17
1520530429.603558,1,238,0,78.82,1.05
1520530429.653558,1,197,0,78.67,0.91
1520530429.703560,1,428,328,79.43,24.67
1520530429.753561,1,327,0,78.54,1.21
1520530429.803622,1,290,0,80.95,1.08
1520530429.853626,1,268,0,80.92,1.06
1520530429.903625,1,243,0,80.78,1.00
1520530429.953626,1,216,0,80.12,1.08
1520530430.003663,1,204,0,80.44,1.02
1520530430.053629,1,194,0,79.65,0.97
1520530430.103631,1,438,376,79.68,24.93
1520530430.153632,1,387,0,79.22,1.34
1520530430.203344,1,300,0,67.54,1.15
1520530430.253346,1,269,0,68.16,1.05
1520530430.303347,1,227,0,68.04,1.01
1520530430.353349,1,427,364,68.11,25.31
1520530430.403350,1,344,0,65.56,1.75
1520530430.453352,1,286,0,63.92,1.19
1520530430.503353,1,244,0,63.35,1.05
1520530430.553355,1,218,0,61.62,0.96
1520530430.603527,1,200,0,67.65,0.93
1520530430.653528,1,429,356,66.81,25.53
1520530430.703530,1,349,0,66.52,1.53
1520530430.753532,1,310,0,65.24,1.15
1520530430.803533,1,274,0,64.07,1.05
1520530430.853534,1,249,0,63.81,1.05
1520530430.903536,1,226,0,63.26,0.96
1520530430.953538,1,204,0,63.56,1.04
1520530431.003696,1,191,0,69.21,0.91
1520530431.053698,1,431,323,69.70,25.41
1520530431.103700,1,308,0,69.79,1.21
1520530431.153701,1,269,0,70.18,1.02
1520530431.203703,1,233,0,71.02,0.94
1520530431.253704,1,193,0,71.95,0.84
1520530431.303706,1,425,308,71.25,25.00
1520530431.353708,1,330,0,71.20,1.10
1520530431.403709,1,261,0,72.49,1.00
1520530431.453562,1,221,0,66.25,0.87
1520530431.503564,1,181,0,66.46,0.82
1520530431.553565,1,437,304,66.97,2.44
1520530431.603567,1,291,0,67.38,1.14
1520530431.653568,1,219,0,69.17,0.92
1520530431.703570,1,425,272,70.26,2.44
1520530431.753571,1,274,0,70.78,1.28
1520530431.803573,1,218,0,71.08,0.98
1520530431.853524,1,425,299,70.05,2.46
1520530431.903526,1,316,0,70.24,1.35
1520530431.953527,1,245,0,71.64,1.01
1520530432.003528,1,203,0,72.03,0.91
1520530432.053531,1,431,346,73.03,2.66
1520530432.103532,1,312,0,73.97,1.38
1520530432.153533,1,255,0,74.13,1.05
1520530432.203536,1,212,0,75.25,0.90
1520530432.253696,1,426,342,82.39,2.67
1520530432.303698,1,354,0,80.92,1.15
1520530432.353700,1,310,0,80.23,1.11
1520530432.403701,1,276,0,79.25,1.06
1520530432.453702,1,256,0,77.49,1.00
1520530432.503704,1,221,0,77.12,1.03
1520530432.553705,1,196,0,76.05,1.02
1520530432.603708,1,431,362,76.80,2.75
1520530432.653548,1,338,0,69.53,1.43
1520530432.703550,1,279,0,69.73,1.06
1520530432.753551,1,241,0,68.34,1.15
1520530432.803553,1,208,0,67.48,0.94
1520530432.853554,1,425,338,68.24,2.60
1520530432.903556,1,350,0,68.53,1.36
1520530432.953557,1,302,0,69.20,1.12
1520530433.003559,1,263,0,67.86,0.95
1520530433.053690,1,220,0,71.14,0.96
1520530433.103692,1,194,0,70.72,0.85
1520530433.153693,1,428,369,69.15,2.77
1520530433.203694,1,350,0,66.73,1.17
1520530433.253695,1,298,0,66.77,1.10
1520530433.303697,1,274,0,67.11,1.14
1520530433.353699,1,255,0,66.51,0.92
1520530433.403701,1,211,0,66.15,0.99
1520530433.453702,1,198,0,67.08,1.02
1520530433.503793,1,184,0,70.74,0.93
1520530433.553795,1,431,345,71.29,2.65
1520530433.603796,1,340,0,71.57,1.74
1520530433.653798,1,302,0,71.87,1.05
1520530433.703799,1,267,0,72.34,1.09
1520530433.753802,1,238,0,73.09,1.05
1520530433.803803,1,217,0,72.26,1.04
1520530433.853804,1,194,0,70.49,0.93
1520530433.903630,1,435,318,65.15,25.41
1520530433.953632,1,295,0,65.51,1.14
1520530434.003634,1,256,0,65.62,0.94
1520530434.053635,1,209,0,66.21,1.00
1520530434.103637,1,429,308,65.76,24.54
1520530434.153638,1,289,0,66.21,1.44
1520530434.203640,1,230,0,65.33,0.98
1520530434.253642,1,441,314,65.32,26.10
1520530434.303478,1,294,0,60.08,1.16
1520530434.353481,1,232,0,61.23,0.92
1520530434.403481,1,189,0,62.64,0.97
1520530434.453483,1,427,278,63.05,24.74
1520530434.503485,1,261,0,64.10,1.31
1520530434.553486,1,432,296,64.52,24.72
1520530434.603488,1,269,0,64.55,1.05
1520530434.653489,1,205,0,64.43,0.88
1520530434.703656,1,427,294,72.22,24.36
1520530434.753658,1,267,0,72.64,1.32
1520530434.803658,1,203,0,73.99,0.90
1520530434.853723,1,431,329,75.13,24.70
1520530434.903661,1,320,0,74.58,1.46
1520530434.953662,1,249,0,73.93,0.99
1520530435.003665,1,218,0,73.66,0.91
1520530435.053667,1,199,0,74.15,0.94
1520530435.103796,1,438,332,80.77,24.44
1520530435.153798,1,353,0,80.99,1.24
1520530435.203799,1,313,0,82.14,1.10
1520530435.253802,1,282,0,80.89,1.04
1520530435.303802,1,266,0,80.67,1.01
1520530435.353804,1,248,0,80.99,1.01
1520530435.403806,1,233,0,80.07,0.95
1520530435.453807,1,219,0,79.68,0.88
1520530435.504086,1,190,0,89.54,0.93
1520530435.554088,1,434,370,89.90,24.32
1520530435.604089,1,367,0,87.92,1.21
1520530435.654091,1,333,0,86.11,1.11
1520530435.704092,1,291,0,85.40,0.99
1520530435.754094,1,242,0,84.09,1.04
1520530435.804096,1,211,0,83.22,0.95
1520530435.854097,1,186,0,82.41,0.90
1520530435.904099,1,428,334,81.92,23.48
1520530435.953835,1,345,0,72.77,1.21
1520530436.003837,1,287,0,71.67,1.00
1520530436.053838,1,255,0,70.92,1.03
1520530436.103839,1,225,0,69.82,0.90
1520530436.153841,1,202,0,68.74,0.93
1520530436.203843,1,185,0,68.35,0.91
1520530436.253844,1,430,307,68.24,24.27
1520530436.303846,1,308,0,68.56,1.41
1520530436.353955,1,252,0,72.86,0.97
1520530436.403958,1,227,0,72.20,0.96
1520530436.453978,1,217,0,72.49,0.83
1520530436.503960,1,202,0,73.00,0.82
1520530436.553962,1,193,0,73.52,0.85
1520530436.603963,1,435,308,73.69,24.37
1520530436.653965,1,348,0,74.04,1.27
1520530436.703966,1,300,0,74.54,1.09
1520530436.754031,1,264,0,76.15,0.99
1520530436.804032,1,220,0,76.44,0.99
1520530436.854034,1,187,0,75.96,0.86
1520530436.904035,1,420,276,77.66,24.08
1520530436.954037,1,234,0,77.88,1.09
1520530437.004039,1,186,0,76.71,0.96
1520530437.054040,1,437,326,76.69,24.90
1520530437.104042,1,301,0,76.58,1.19
1520530437.153533,1,223,0,58.29,0.96
1520530437.203536,1,198,0,58.51,1.00
1520530437.253536,1,422,331,59.92,23.94
1520530437.303538,1,298,0,60.15,1.19
1520530437.353539,1,257,0,60.76,1.45
1520530437.403543,1,233,0,59.57,0.99
1520530437.453544,1,184,0,60.61,1.10
1520530437.503545,1,435,325,60.63,23.67
1520530437.553870,1,287,0,75.10,1.10
1520530437.603872,1,254,0,75.36,0.99
1520530437.653873,1,231,0,75.89,0.98
1520530437.703875,1,215,0,76.24,0.91
1520530437.753876,1,189,0,76.13,0.92
1520530437.803878,1,429,360,76.72,24.78
1520530437.853879,1,332,0,78.49,1.47
1520530437.903881,1,284,0,79.03,1.12
1520530437.954482,1,233,0,96.75,1.00
1520530438.004481,1,225,0,96.71,0.99
1520530438.054484,1,216,0,97.59,0.95
1520530438.104484,1,208,0,97.28,1.01
1520530438.154486,1,201,0,96.66,1.01
1520530438.204487,1,197,0,97.20,1.02
1520530438.254489,1,187,0,97.17,0.88
1520530438.304490,1,435,369,98.39,25.51
1520530438.354492,1,338,0,98.00,1.28
1520530438.403621,1,251,0,67.51,1.26
1520530438.453623,1,223,0,65.92,0.95
1520530438.503624,1,193,0,64.13,0.95
1520530438.553626,1,429,326,62.24,25.09
1520530438.603628,1,334,0,59.77,1.25
1520530438.653629,1,275,0,58.83,1.03
1520530438.703631,1,244,0,58.30,0.98
1520530438.753632,1,229,0,57.50,1.20
1520530438.804389,1,426,331,81.26,24.14
1520530438.854392,1,344,0,81.35,1.33
1520530438.904392,1,307,0,81.52,1.29
1520530438.954394,1,280,0,81.94,1.01
1520530439.004395,1,259,0,81.55,1.18
1520530439.054397,1,246,0,81.71,0.99
1520530439.104398,1,238,0,81.75,1.21
1520530439.154401,1,232,0,81.62,0.99
1520530439.204654,1,227,0,87.17,1.19
1520530439.254655,1,223,0,86.81,0.96
1520530439.304657,1,200,0,86.70,0.98
1520530439.354659,1,194,0,86.69,0.97
1520530439.404660,1,188,0,86.54,0.91
1520530439.454661,1,421,331,86.40,24.68
1520530439.504663,1,357,0,86.37,1.38
1520530439.554665,1,337,0,86.20,1.24
1520530439.604177,1,317,0,74.50,1.09
1520530439.654178,1,311,0,74.15,1.08
1520530439.704263,1,308,0,73.60,1.09
1520530439.754182,1,299,0,74.08,1.30
1520530439.804183,1,290,0,74.58,1.04
1520530439.854185,1,279,0,75.18,1.05
1520530439.904186,1,264,0,74.99,1.05
1520530439.954188,1,256,0,74.95,1.06
1520530440.004099,1,247,0,72.83,1.11
1520530440.054101,1,238,0,73.86,1.04
1520530440.104102,1,220,0,74.06,1.02
1520530440.154104,1,199,0,73.86,0.95
1520530440.204106,1,196,0,73.18,0.99
1520530440.254107,1,189,0,72.27,0.90
1520530440.304109,1,434,332,71.96,24.63
1520530440.354110,1,358,0,71.92,1.29
1520530440.404112,1,331,0,72.18,1.03
1520530440.453977,1,299,0,67.54,1.08
1520530440.503979,1,278,0,67.51,1.04
1520530440.553980,1,263,0,67.62,1.03
1520530440.603981,1,251,0,67.94,0.98
1520530440.653984,1,241,0,68.48,1.23
1520530440.703986,1,223,0,68.27,0.93
1520530440.753987,1,218,0,68.74,1.13
1520530440.803989,1,196,0,69.06,0.94
1520530440.853871,1,178,0,65.06,1.07
1520530440.903872,1,423,321,64.96,26.48
1520530440.953874,1,346,0,64.53,1.38
1520530441.003875,1,301,0,64.16,1.06
1520530441.053876,1,279,0,64.43,1.01
1520530441.103878,1,247,0,64.82,0.96
1520530441.153883,1,225,0,65.11,1.20
1520530441.203881,1,213,0,65.43,0.91
1520530441.253889,1,199,0,66.30,0.98
1520530441.303927,1,422,295,67.82,25.66
1520530441.353892,1,302,0,68.53,1.35
1520530441.403893,1,254,0,69.09,0.94
1520530441.453895,1,225,0,69.15,0.83
1520530441.503896,1,202,0,69.61,0.84
1520530441.553898,1,184,0,69.59,0.84
1520530441.603899,1,423,307,70.21,25.76
1520530441.654083,1,287,0,76.77,1.07
1520530441.704084,1,264,0,76.41,0.98
1520530441.754086,1,235,0,76.57,0.99
1520530441.804088,1,212,0,76.84,0.92
1520530441.854089,1,198,0,77.18,1.00
1520530441.904091,1,189,0,77.49,0.85
1520530441.954092,1,423,289,77.67,23.47
1520530442.004094,1,294,0,77.27,1.14
1520530442.054029,1,250,0,74.83,1.00
1520530442.104032,1,222,0,74.88,0.87
1520530442.154034,1,198,0,74.47,0.91
1520530442.204035,1,427,287,74.97,22.22
1520530442.254038,1,288,0,75.06,1.16
1520530442.304038,1,230,0,73.83,0.93
1520530442.354040,1,185,0,72.35,0.92
1520530442.404042,1,428,268,72.64,20.58
1520530442.453714,1,248,0,59.37,1.24
1520530442.503716,1,436,263,59.33,20.53
1520530442.553716,1,222,0,58.64,0.98
1520530442.603719,1,184,0,56.93,0.83
1520530442.653721,1,438,268,56.07,21.39
1520530442.703722,1,287,0,55.48,1.26
1520530442.753723,1,214,0,54.40,0.93
1520530442.803725,1,438,304,53.57,23.73
1520530442.853726,1,348,0,53.43,1.16
1520530442.904376,1,431,317,74.98,21.11
1520530442.954377,1,349,0,74.76,1.19
1520530443.004380,1,296,0,75.47,1.04
1520530443.054381,1,270,0,76.75,1.02
1520530443.104383,1,246,0,77.79,0.95
1520530443.154384,1,232,0,77.59,0.99
1520530443.204385,1,198,0,76.94,0.90
1520530443.254387,1,188,0,76.16,0.93
1520530443.304466,1,435,317,78.18,21.48
1520530443.354468,1,373,0,78.15,1.60
1520530443.404470,1,346,0,78.00,1.12
1520530443.454471,1,334,0,78.30,1.39
1520530443.504473,1,314,0,78.78,1.05
1520530443.554475,1,287,0,79.14,1.08
1520530443.604476,1,273,0,78.40,1.02
1520530443.654478,1,254,0,78.56,1.06
1520530443.704013,1,231,0,65.07,1.03
1520530443.754014,1,217,0,65.97,0.94
1520530443.804016,1,201,0,65.71,0.96
1520530443.854018,1,436,320,65.95,21.80
1520530443.904020,1,314,0,66.70,1.10
1520530443.954022,1,270,0,66.69,0.97
1520530444.004023,1,242,0,66.58,1.01
1520530444.054024,1,207,0,65.55,0.89
1520530444.104403,1,433,330,76.97,20.06
1520530444.154404,1,292,0,77.03,1.35
1520530444.204406,1,215,0,76.81,0.92
1520530444.254406,1,431,320,76.92,2.48
1520530444.304409,1,310,0,77.22,1.31
1520530444.354410,1,249,0,77.97,1.01
1520530444.404411,1,213,0,77.99,0.89
1520530444.454414,1,183,0,77.36,0.90
1520530444.505162,1,422,325,98.55,2.38
1520530444.555264,1,342,0,99.27,1.11
1520530444.605164,1,280,0,99.80,0.95
1520530444.655166,1,244,0,99.90,0.94
1520530444.705167,1,215,0,100.55,0.84
1520530444.755169,1,199,0,100.87,0.91
1520530444.805171,1,432,323,101.82,2.43
1520530444.855172,1,323,0,102.76,1.15
1520530444.905173,1,272,0,103.37,0.99
1520530444.954962,1,225,0,98.75,0.96
1520530445.004964,1,185,0,99.78,0.84
1520530445.054965,1,424,280,101.10,2.46
1520530445.104967,1,278,0,99.43,1.04
1520530445.154968,1,224,0,98.57,0.90
1520530445.204970,1,195,0,98.44,0.86
1520530445.254972,1,430,289,98.12,2.49
1520530445.304973,1,284,0,96.78,1.13
1520530445.353892,1,430,283,63.84,2.30
1520530445.403894,1,253,0,64.24,1.06
1520530445.453896,1,199,0,63.36,0.86
1520530445.503898,1,431,314,63.24,2.57
1520530445.553899,1,272,0,62.48,1.56
1520530445.603900,1,221,0,60.69,1.02
1520530445.653902,1,428,318,60.73,2.65
1520530445.703904,1,258,0,59.48,1.32
1520530445.753751,1,424,326,52.89,23.29
1520530445.803752,1,270,0,51.77,1.13
1520530445.853755,1,222,0,52.21,0.94
1520530445.903755,1,193,0,51.58,0.94
1520530445.953756,1,429,316,52.40,23.36
1520530446.003759,1,324,0,53.30,1.21
1520530446.053761,1,275,0,53.21,1.17
1520530446.103762,1,243,0,53.73,1.01
1520530446.154954,1,438,344,93.78,23.57
1520530446.204900,1,338,0,94.21,1.71
1520530446.254902,1,296,0,94.03,1.08
1520530446.304903,1,279,0,93.95,1.00
1520530446.354905,1,259,0,95.20,1.09
1520530446.404906,1,237,0,94.93,1.29
1520530446.454908,1,221,0,94.52,1.04
1520530446.504909,1,210,0,93.36,0.95
1520530446.554783,1,198,0,89.86,1.00
1520530446.604785,1,191,0,88.96,0.91
1520530446.654786,1,426,358,88.28,24.09
1520530446.704788,1,332,0,88.22,1.23
1520530446.754789,1,293,0,87.84,1.04
1520530446.804791,1,280,0,87.71,1.17
1520530446.854792,1,256,0,87.22,1.07
1520530446.904794,1,245,0,86.87,1.06
1520530446.954330,1,214,0,74.09,0.94
1520530447.004332,1,199,0,74.55,0.98
1520530447.054334,1,182,0,74.08,1.00
1520530447.104335,1,422,329,74.22,24.03
1520530447.154337,1,338,0,74.72,1.86
1520530447.204338,1,288,0,74.31,1.07
1520530447.254340,1,269,0,73.42,1.10
1520530447.304342,1,249,0,73.46,1.02
1520530447.354343,1,226,0,73.50,0.98
1520530447.404124,1,210,0,66.31,0.93
1520530447.454125,1,189,0,66.28,0.87
1520530447.504127,1,437,327,66.42,24.11
1520530447.554128,1,349,0,66.53,1.16
1520530447.604130,1,306,0,66.81,0.99
1520530447.654131,1,270,0,67.23,1.05
1520530447.704133,1,250,0,67.46,0.94
1520530447.754142,1,235,0,67.59,0.98
1520530447.804072,1,224,0,65.25,0.95
1520530447.854074,1,215,0,65.38,1.02
1520530447.904075,1,205,0,65.08,0.92
1520530447.954077,1,202,0,64.96,0.98
1520530448.004078,1,196,0,64.97,0.93
1520530448.054080,1,193,0,65.06,0.91
1520530448.104081,1,190,0,64.82,0.92
1520530448.154083,1,187,0,64.90,0.90
1520530448.203885,1,434,296,56.76,2.86
1520530448.253886,1,348,0,56.61,1.39
1520530448.303888,1,307,0,56.37,1.06
1520530448.353889,1,298,0,56.41,1.06
1520530448.403891,1,276,0,56.50,0.95
1520530448.453892,1,272,0,56.45,0.93
1520530448.503894,1,265,0,56.52,1.00
1520530448.553895,1,262,0,56.41,0.95
1520530448.603930,1,258,0,58.31,0.99
1520530448.653932,1,250,0,58.25,0.94
1520530448.703934,1,244,0,58.33,0.96
1520530448.753935,1,233,0,58.45,0.96
1520530448.803937,1,228,0,58.43,0.93
1520530448.853939,1,226,0,58.29,0.98
1520530448.903940,1,223,0,58.19,0.92
1520530448.953942,1,221,0,58.08,0.91
1520530449.003905,1,219,0,56.33,0.90
1520530449.053906,1,217,0,56.46,0.95
1520530449.103908,1,217,0,56.18,0.91
1520530449.153910,1,217,0,55.84,0.94
1520530449.203911,1,216,0,56.04,0.94
