t,tracked,n_obs0,n_obs1,mean0,ms,keyframe,n_landmarks,allobs
1700000000.000000,0,0,0,49.51,3.99,0,0,0/0/0/0/0/0
1700000000.050000,0,0,0,49.51,3.15,0,0,0/0/0/0/0/0
1700000000.100000,0,0,0,49.51,3.08,0,0,0/0/0/0/0/0
1700000000.150000,0,0,0,49.50,2.81,0,0,0/0/0/0/0/0
1700000000.200000,0,0,0,49.51,2.92,0,0,0/0/0/0/0/0
1700000000.250000,0,0,0,49.50,2.71,0,0,0/0/0/0/0/0
1700000000.300000,0,0,0,49.51,2.94,0,0,0/0/0/0/0/0
1700000000.350000,0,0,0,49.51,2.72,0,0,0/0/0/0/0/0
1700000000.400000,0,0,0,49.50,2.97,0,0,0/0/0/0/0/0
1700000000.450000,0,0,0,49.50,2.59,0,0,0/0/0/0/0/0
1700000000.500000,0,0,0,49.50,2.62,0,0,0/0/0/0/0/0
1700000000.550000,0,0,0,49.52,2.52,0,0,0/0/0/0/0/0
1700000000.600000,0,0,0,49.51,2.54,0,0,0/0/0/0/0/0
1700000000.650000,0,0,0,49.50,1.78,0,0,0/0/0/0/0/0
1700000000.700000,0,0,0,49.50,2.38,0,0,0/0/0/0/0/0
1700000000.750000,0,0,0,49.51,2.19,0,0,0/0/0/0/0/0
1700000000.800000,0,0,0,49.51,2.21,0,0,0/0/0/0/0/0
1700000000.850000,0,0,0,49.51,1.87,0,0,0/0/0/0/0/0
1700000000.900000,1,300,300,49.51,30.15,1,0,300/300/300/300/300/300
1700000000.950000,1,300,300,49.51,37.07,0,0,300/300/300/300/300/300
1700000001.000000,1,300,300,49.52,35.46,0,0,300/300/300/300/300/300
1700000001.050000,1,300,300,49.51,60.69,1,121,300/300/300/300/300/300
1700000001.100000,1,300,300,49.51,38.99,0,121,300/300/300/300/300/300
1700000001.150000,1,300,300,49.51,36.70,0,121,300/300/300/300/300/300
1700000001.200000,1,300,300,49.50,76.37,1,337,300/300/300/300/300/300
1700000001.250000,1,300,300,49.51,32.07,0,337,300/300/300/300/300/300
1700000001.300000,1,300,300,49.51,31.74,0,337,300/300/300/300/300/300
1700000001.350000,1,300,300,49.50,81.26,1,548,300/300/300/300/300/300
1700000001.400000,1,300,300,49.51,32.18,0,548,300/300/300/300/300/300
1700000001.450000,1,300,300,49.50,30.84,0,548,300/300/300/300/300/300
1700000001.500000,1,300,300,49.51,100.53,1,570,300/300/300/300/300/300
1700000001.550000,1,300,300,49.50,32.93,0,570,300/300/300/300/300/300
1700000001.600000,1,300,300,49.51,27.98,0,570,300/300/300/300/300/300
1700000001.650000,1,300,300,49.52,99.71,1,563,300/300/300/300/300/300
1700000001.700000,1,300,300,49.53,32.23,0,563,300/300/300/300/300/300
1700000001.750000,1,300,300,49.56,35.75,0,563,300/300/300/300/300/300
1700000001.800000,1,300,300,49.59,124.76,1,849,300/300/300/300/300/300
1700000001.850000,1,300,300,49.65,33.12,0,849,300/300/300/300/300/300
1700000001.900000,1,300,300,49.71,38.83,0,849,300/300/300/300/300/300
1700000001.950000,1,300,300,49.81,127.12,1,927,300/300/300/300/300/300
1700000002.000000,1,300,300,49.92,40.95,0,927,300/300/300/300/300/300
1700000002.050000,1,300,300,50.08,41.58,0,927,300/300/300/300/300/300
1700000002.100000,1,300,300,50.25,154.71,1,970,300/300/300/300/300/300
1700000002.150000,1,300,300,50.47,43.20,0,970,300/300/300/300/300/300
1700000002.200000,1,300,300,50.72,42.60,0,970,300/300/300/300/300/300
1700000002.250000,1,300,300,51.01,162.81,1,292,300/300/300/300/300/300
1700000002.300000,1,300,300,51.38,45.01,0,292,300/300/300/300/300/300
1700000002.350000,1,300,300,51.78,43.03,0,292,300/300/300/300/300/300
1700000002.400000,1,300,300,52.25,151.71,1,783,300/300/300/300/300/300
1700000002.450000,1,300,300,52.80,48.59,0,783,300/300/300/300/300/300
1700000002.500000,1,300,300,53.42,47.44,0,783,300/300/300/300/300/300
1700000002.550000,1,300,300,54.15,166.37,1,889,300/300/300/300/300/300
1700000002.600000,1,300,300,54.98,49.01,0,889,300/300/300/300/300/300
1700000002.650000,1,300,300,55.94,49.43,0,889,300/300/300/300/300/300
1700000002.700000,1,300,300,57.03,165.10,1,1045,300/300/300/300/300/300
1700000002.750000,1,300,300,58.28,52.18,0,1045,300/300/300/300/300/300
1700000002.800000,1,300,300,59.69,52.71,0,1045,300/300/300/300/300/300
1700000002.850000,1,300,300,61.31,179.61,1,1064,300/300/300/300/300/300
1700000002.900000,1,300,300,63.18,57.88,0,1064,300/300/300/300/300/300
1700000002.950000,1,300,300,65.29,62.56,0,1064,300/300/300/300/300/300
1700000003.000000,1,300,300,67.59,189.32,1,1101,300/300/300/300/300/300
1700000003.050000,1,300,300,70.08,65.38,0,1101,300/300/300/300/300/300
1700000003.100000,1,300,300,72.75,64.35,0,1101,300/300/276/300/300/300
1700000003.150000,1,300,289,75.24,316.14,1,1204,300/289/272/300/300/300
1700000003.200000,1,300,300,76.91,57.00,0,1204,300/300/300/300/300/300
1700000003.250000,1,300,300,81.60,60.47,0,1204,300/300/280/235/300/300
1700000003.300000,1,244,300,87.24,217.10,1,1245,244/300/300/279/300/300
1700000003.350000,1,300,284,31.07,61.95,0,1245,300/284/266/300/300/246
1700000003.400000,1,300,300,31.00,67.93,0,1245,300/300/289/300/300/300
1700000003.450000,1,300,300,30.91,217.34,1,1252,300/300/300/300/300/300
1700000003.500000,1,300,300,30.83,99.54,0,1252,300/300/300/300/300/300
1700000003.550000,1,300,300,30.73,52.38,0,1252,300/300/300/300/300/300
1700000003.600000,1,300,300,30.64,202.28,1,1426,300/300/300/300/300/300
1700000003.650000,1,300,300,30.54,67.14,0,1426,300/300/300/300/300/300
1700000003.700000,1,300,300,25.00,61.72,0,1426,300/300/300/300/300/300
1700000003.750000,1,300,300,29.03,218.28,1,1516,300/300/300/300/300/300
1700000003.800000,1,300,300,40.84,65.23,0,1516,300/300/300/300/300/270
1700000003.850000,1,288,254,41.29,82.20,0,1516,288/254/140/299/295/300
1700000003.900000,1,267,300,39.12,225.33,1,1520,267/300/164/300/282/300
1700000003.950000,1,300,300,37.32,69.85,0,1520,300/300/171/300/300/300
1700000004.000000,1,300,300,35.89,83.91,0,1520,300/300/300/300/300/300
1700000004.050000,1,300,300,34.75,237.29,1,1668,300/300/300/300/300/300
1700000004.100000,1,300,300,33.74,92.78,0,1668,300/300/300/300/300/300
1700000004.150000,1,300,300,32.83,73.27,0,1668,300/300/300/300/300/300
1700000004.200000,1,300,300,32.14,224.66,1,1776,300/300/300/300/300/300
1700000004.250000,1,300,300,31.59,71.44,0,1776,300/300/300/300/300/300
1700000004.300000,1,300,300,31.13,57.19,0,1776,300/300/300/300/300/300
1700000004.350000,1,300,300,30.76,227.14,1,1926,300/300/300/300/300/300
1700000004.400000,1,300,300,30.44,58.09,0,1926,300/300/300/300/300/300
1700000004.450000,1,300,300,30.21,53.05,0,1926,300/300/300/300/300/300
1700000004.500000,1,300,300,30.02,230.17,1,2102,300/300/300/300/300/300
1700000004.550000,1,300,300,29.84,58.62,0,2102,300/300/300/300/300/300
1700000004.600000,1,300,300,29.70,52.05,0,2102,300/300/300/300/300/300
1700000004.650000,1,300,300,29.59,244.64,1,2309,300/300/300/300/300/300
1700000004.700000,1,300,300,29.49,53.45,0,2309,300/300/300/300/300/300
1700000004.750000,1,300,300,29.43,54.11,0,2309,300/300/300/300/300/300
1700000004.800000,1,300,300,29.39,252.96,1,2516,300/300/300/300/300/300
1700000004.850000,1,300,300,29.37,54.74,0,2516,300/300/300/300/300/300
1700000004.900000,1,300,300,29.38,54.78,0,2516,300/300/300/300/300/300
1700000004.950000,1,300,300,29.44,277.89,1,2695,300/300/300/300/300/300
1700000005.000000,1,300,300,29.50,51.35,0,2695,300/300/300/300/300/300
1700000005.050000,1,300,300,29.58,51.85,0,2695,300/300/300/300/300/300
1700000005.100000,1,300,300,29.70,251.18,1,2596,300/300/300/300/300/300
1700000005.150000,1,300,300,29.86,53.53,0,2596,300/300/300/300/300/300
1700000005.200000,1,300,300,30.00,54.23,0,2596,300/300/300/300/300/300
1700000005.250000,1,300,300,30.15,228.36,1,2450,300/300/300/300/300/300
1700000005.300000,1,300,300,30.32,52.93,0,2450,300/300/300/300/300/300
1700000005.350000,1,300,300,30.49,54.57,0,2450,300/300/300/300/300/300
1700000005.400000,1,300,300,30.70,193.57,1,2295,300/300/300/300/300/300
1700000005.450000,1,300,300,30.92,54.20,0,2295,300/300/300/300/300/300
1700000005.500000,1,300,300,31.16,51.10,0,2295,300/300/300/300/300/300
1700000005.550000,1,300,300,31.49,185.85,1,2259,300/300/300/300/300/300
1700000005.600000,1,300,300,31.83,53.13,0,2259,300/300/300/300/300/300
1700000005.650000,1,300,300,32.22,50.84,0,2259,300/300/300/300/300/300
1700000005.700000,1,300,300,32.62,200.60,1,2328,300/300/300/300/300/300
1700000005.750000,1,300,300,33.01,55.28,0,2328,300/300/300/300/300/300
1700000005.800000,1,300,300,33.41,53.26,0,2328,300/300/300/300/300/300
1700000005.850000,1,300,300,33.85,211.34,1,2422,300/300/300/300/300/300
1700000005.900000,1,300,300,34.34,57.20,0,2422,300/300/300/300/300/300
1700000005.950000,1,300,300,34.77,54.23,0,2422,300/300/300/300/300/300
1700000006.000000,1,300,300,35.23,222.81,1,2491,300/300/300/300/300/300
1700000006.050000,1,300,300,35.64,51.73,0,2491,300/300/300/300/300/300
1700000006.100000,1,300,300,35.92,57.27,0,2491,300/300/300/300/300/300
1700000006.150000,1,300,300,36.05,232.58,1,2564,300/300/300/300/300/300
1700000006.200000,1,300,300,36.23,52.84,0,2564,300/300/300/300/300/300
1700000006.250000,1,300,300,36.26,49.70,0,2564,300/300/300/300/300/300
1700000006.300000,1,300,300,36.25,241.05,1,2613,300/300/300/300/300/300
1700000006.350000,1,300,300,36.10,53.65,0,2613,300/300/300/300/300/300
1700000006.400000,1,300,300,35.82,53.24,0,2613,300/300/300/300/300/300
1700000006.450000,1,300,300,35.48,283.05,1,2658,300/300/300/300/300/300
1700000006.500000,1,300,300,35.06,55.89,0,2658,300/300/300/300/300/300
1700000006.550000,1,300,300,34.58,52.27,0,2658,300/300/300/300/300/300
1700000006.600000,1,300,300,34.17,210.71,1,2702,300/300/300/300/300/300
1700000006.650000,1,300,300,33.75,52.22,0,2702,300/300/300/300/300/300
1700000006.700000,1,300,300,33.37,54.92,0,2702,300/300/300/300/300/300
1700000006.750000,1,300,300,32.96,392.64,1,2626,300/300/300/300/300/300
1700000006.800000,1,300,300,32.59,53.29,0,2626,300/300/300/300/300/300
1700000006.850000,1,300,300,32.24,55.58,0,2626,300/300/300/300/300/300
1700000006.900000,1,300,300,31.90,276.23,1,2672,300/300/300/300/300/300
1700000006.950000,1,300,300,31.63,54.85,0,2672,300/300/300/300/300/300
1700000007.000000,1,300,300,31.41,53.86,0,2672,300/300/300/300/300/300
1700000007.050000,1,300,300,31.25,282.73,1,2664,300/300/300/300/300/300
1700000007.100000,1,300,300,31.08,53.51,0,2664,300/300/300/300/300/300
1700000007.150000,1,300,300,30.97,50.17,0,2664,300/300/300/300/300/300
1700000007.200000,1,300,300,30.83,333.40,1,2681,300/300/300/300/300/300
1700000007.250000,1,300,300,30.72,56.58,0,2681,300/300/300/300/300/300
1700000007.300000,1,300,300,30.63,49.65,0,2681,300/300/300/300/300/300
1700000007.350000,1,300,300,30.56,361.56,1,2700,300/300/300/300/300/300
1700000007.400000,1,300,300,30.50,54.78,0,2700,300/300/300/300/300/300
1700000007.450000,1,300,300,30.44,51.45,0,2700,300/300/300/300/300/300
1700000007.500000,1,300,300,30.38,349.33,1,2761,300/300/300/300/300/300
1700000007.550000,1,300,300,30.35,49.68,0,2761,300/300/300/300/300/300
1700000007.600000,1,300,300,30.32,51.46,0,2761,300/300/300/300/300/300
1700000007.650000,1,300,300,30.33,328.13,1,2640,300/300/300/300/300/300
1700000007.700000,1,300,300,30.32,53.19,0,2640,300/300/300/300/300/300
1700000007.750000,1,300,300,30.32,49.76,0,2640,300/300/300/300/300/300
1700000007.800000,1,300,300,30.33,455.02,1,2611,300/300/300/300/300/300
1700000007.850000,1,300,300,30.33,50.87,0,2611,300/300/300/300/300/300
1700000007.900000,1,300,300,30.33,49.00,0,2611,300/300/300/300/300/300
1700000007.950000,1,300,300,30.32,331.00,1,2672,300/300/300/300/300/300
1700000008.000000,1,300,300,30.30,52.58,0,2672,300/300/300/300/300/300
1700000008.050000,1,300,300,30.29,53.05,0,2672,300/300/300/300/300/300
1700000008.100000,1,300,300,30.27,588.36,1,2595,300/300/300/300/300/300
1700000008.150000,1,300,300,30.24,48.63,0,2595,300/300/300/300/300/300
1700000008.200000,1,300,300,30.21,47.48,0,2595,300/300/300/300/300/300
1700000008.250000,1,300,300,30.18,518.64,1,2576,300/300/300/300/300/300
1700000008.300000,1,300,300,30.14,47.60,0,2576,300/300/300/300/300/300
1700000008.350000,1,300,300,30.09,49.64,0,2576,300/300/300/300/300/300
1700000008.400000,1,300,300,30.05,211.18,1,2521,300/300/300/300/300/300
1700000008.450000,1,300,300,30.01,51.18,0,2521,300/300/300/300/300/300
1700000008.500000,1,300,300,29.98,48.92,0,2521,300/300/300/300/300/300
1700000008.550000,1,300,300,29.93,320.24,1,2411,300/300/300/300/300/300
1700000008.600000,1,300,300,29.90,44.40,0,2411,300/300/300/300/300/300
1700000008.650000,1,300,300,29.86,46.92,0,2411,300/300/300/300/300/300
1700000008.700000,1,300,300,29.83,356.38,1,2335,300/300/300/300/300/300
1700000008.750000,1,300,300,29.80,48.91,0,2335,300/300/300/300/300/300
1700000008.800000,1,300,300,29.76,48.27,0,2335,300/300/300/300/300/300
1700000008.850000,1,300,300,29.70,207.04,1,2293,300/300/300/300/300/300
1700000008.900000,1,300,300,29.64,50.48,0,2293,300/300/300/300/300/300
1700000008.950000,1,300,300,29.56,47.32,0,2293,300/300/300/300/300/300
1700000009.000000,1,300,300,29.50,365.34,1,2201,300/300/300/300/300/300
1700000009.050000,1,300,300,29.42,50.52,0,2201,300/300/300/300/300/300
1700000009.100000,1,300,300,29.35,49.45,0,2201,300/300/300/300/300/300
1700000009.150000,1,300,300,29.27,243.79,1,2182,300/300/300/300/300/300
1700000009.200000,1,300,300,29.20,49.19,0,2182,300/300/300/300/300/300
1700000009.250000,1,300,300,29.12,50.51,0,2182,300/300/300/300/300/300
1700000009.300000,1,300,300,29.07,247.79,1,2191,300/300/300/300/300/300
1700000009.350000,1,300,300,29.02,48.97,0,2191,300/300/300/300/300/300
1700000009.400000,1,300,300,28.97,48.30,0,2191,300/300/300/300/300/300
1700000009.450000,1,300,300,28.92,249.51,1,2179,300/300/300/300/300/300
1700000009.500000,1,300,300,28.88,46.44,0,2179,300/300/300/300/300/300
1700000009.550000,1,300,300,28.83,47.15,0,2179,300/300/300/300/300/300
1700000009.600000,1,300,300,28.80,262.67,1,2190,300/300/300/300/300/300
1700000009.650000,1,300,300,28.75,51.63,0,2190,300/300/300/300/300/300
1700000009.700000,1,300,300,28.73,47.02,0,2190,300/300/300/300/300/300
1700000009.750000,1,300,300,28.71,209.29,1,2182,300/300/300/300/300/300
1700000009.800000,1,300,300,28.65,47.14,0,2182,300/300/300/300/300/300
1700000009.850000,1,300,300,28.61,48.72,0,2182,300/300/300/300/300/300
1700000009.900000,1,300,300,28.55,293.65,1,2136,300/300/300/300/300/300
1700000009.950000,1,300,300,28.50,46.30,0,2136,300/300/300/300/300/300
1700000010.000000,1,300,300,28.44,42.92,0,2136,300/300/300/300/300/300
1700000010.050000,1,300,300,28.39,422.19,1,2106,300/300/300/300/300/300
1700000010.100000,1,300,300,28.34,48.14,0,2106,300/300/300/300/300/300
1700000010.150000,1,300,300,28.29,45.16,0,2106,300/300/300/300/300/300
1700000010.200000,1,300,300,28.24,256.72,1,2096,300/300/300/300/300/300
1700000010.250000,1,300,300,28.19,45.95,0,2096,300/300/300/300/300/300
1700000010.300000,1,300,300,28.15,44.19,0,2096,300/300/300/300/300/300
1700000010.350000,1,300,300,28.10,260.60,1,2097,300/300/300/300/300/300
1700000010.400000,1,300,300,28.06,47.80,0,2097,300/300/300/300/300/300
1700000010.450000,1,300,300,28.03,45.50,0,2097,300/300/300/300/300/300
1700000010.500000,1,300,300,28.00,309.71,1,2105,300/300/300/300/300/300
1700000010.550000,1,300,300,27.97,44.13,0,2105,300/300/300/300/300/300
1700000010.600000,1,300,300,27.96,43.00,0,2105,300/300/300/300/300/300
1700000010.650000,1,300,300,27.94,259.51,1,2073,300/300/300/300/300/300
1700000010.700000,1,300,300,27.93,45.05,0,2073,300/300/300/300/300/300
1700000010.750000,1,300,300,27.92,46.69,0,2073,300/300/300/300/300/300
1700000010.800000,1,300,300,27.90,404.14,1,2059,300/300/300/300/300/300
1700000010.850000,1,300,300,27.87,46.17,0,2059,300/300/300/300/300/300
1700000010.900000,1,300,300,27.86,43.06,0,2059,300/300/300/300/300/300
1700000010.950000,1,300,300,27.85,267.52,1,2013,300/300/300/300/300/300
1700000011.000000,1,300,300,27.83,48.98,0,2013,300/300/300/300/300/300
1700000011.050000,1,300,300,27.82,45.55,0,2013,300/300/300/300/300/300
1700000011.100000,1,300,300,27.79,319.20,1,2025,300/300/300/300/300/300
1700000011.150000,1,300,300,27.78,47.39,0,2025,300/300/300/300/300/300
1700000011.200000,1,300,300,27.75,49.02,0,2025,300/300/300/300/300/300
1700000011.250000,1,300,300,27.74,328.81,1,1974,300/300/300/300/300/300
1700000011.300000,1,300,300,27.72,51.62,0,1974,300/300/300/300/300/300
1700000011.350000,1,300,300,27.71,47.53,0,1974,300/300/300/300/300/300
1700000011.400000,1,300,300,27.69,428.71,1,1977,300/300/300/300/300/300
1700000011.450000,1,300,300,27.68,50.92,0,1977,300/300/300/300/300/300
1700000011.500000,1,300,300,27.66,47.21,0,1977,300/300/300/300/300/300
1700000011.550000,1,300,300,27.65,332.01,1,1958,300/300/300/300/300/300
1700000011.600000,1,300,300,27.63,45.97,0,1958,300/300/300/300/300/300
1700000011.650000,1,300,300,27.62,47.78,0,1958,300/300/300/300/300/300
1700000011.700000,1,300,300,27.60,558.61,1,1925,300/300/300/300/300/300
1700000011.750000,1,300,300,27.60,47.69,0,1925,300/300/300/300/300/300
1700000011.800000,1,300,300,27.58,45.91,0,1925,300/300/300/300/300/300
1700000011.850000,1,300,300,27.56,395.74,1,1908,300/300/300/300/300/300
1700000011.900000,1,300,300,27.56,44.30,0,1908,300/300/300/300/300/300
1700000011.950000,1,300,300,27.55,45.87,0,1908,300/300/300/300/300/300
1700000012.000000,1,300,300,27.54,403.97,1,1883,300/300/300/300/300/300
1700000012.050000,1,300,300,27.54,47.47,0,1883,300/300/300/300/300/300
1700000012.100000,1,300,300,27.52,47.23,0,1883,300/300/300/300/300/300
1700000012.150000,1,300,300,27.52,360.64,1,1865,300/300/300/300/300/300
1700000012.200000,1,300,300,27.51,47.18,0,1865,300/300/300/300/300/300
1700000012.250000,1,300,300,27.50,42.64,0,1865,300/300/300/300/300/300
1700000012.300000,1,300,300,27.49,344.87,1,1826,300/300/300/300/300/300
1700000012.350000,1,300,300,27.48,50.16,0,1826,300/300/300/300/300/300
1700000012.400000,1,300,300,27.48,46.93,0,1826,300/300/300/300/300/300
1700000012.450000,1,300,300,27.48,343.33,1,1805,300/300/300/300/300/300
1700000012.500000,1,300,300,27.47,48.48,0,1805,300/300/300/300/300/300
1700000012.550000,1,300,300,27.46,44.29,0,1805,300/300/300/300/300/300
1700000012.600000,1,300,300,27.46,355.95,1,1832,300/300/300/300/300/300
1700000012.650000,1,300,300,27.46,44.37,0,1832,300/300/300/300/300/300
1700000012.700000,1,300,300,27.45,47.63,0,1832,300/300/300/300/300/300
1700000012.750000,1,300,300,27.44,358.22,1,1759,300/300/300/300/300/300
1700000012.800000,1,300,300,27.44,43.43,0,1759,300/300/300/300/300/300
1700000012.850000,1,300,300,27.45,46.03,0,1759,300/300/300/300/300/300
1700000012.900000,1,300,300,27.44,307.19,1,1652,300/300/300/300/300/300
1700000012.950000,1,300,300,27.45,45.33,0,1652,300/300/300/300/300/300
1700000013.000000,1,300,300,27.43,47.25,0,1652,300/300/300/300/300/300
1700000013.050000,1,300,300,27.43,282.85,1,1669,300/300/300/300/300/300
1700000013.100000,1,300,300,27.43,46.89,0,1669,300/300/300/300/300/300
1700000013.150000,1,300,300,27.42,43.20,0,1669,300/300/300/300/300/300
1700000013.200000,1,300,300,27.43,287.34,1,1687,300/300/300/300/300/300
1700000013.250000,1,300,300,27.43,46.60,0,1687,300/300/300/300/300/300
1700000013.300000,1,300,300,27.43,45.94,0,1687,300/300/300/300/300/300
1700000013.350000,1,300,300,27.43,241.61,1,1667,300/300/300/300/300/300
1700000013.400000,1,300,300,27.43,46.37,0,1667,300/300/300/300/300/300
1700000013.450000,1,300,300,27.43,46.06,0,1667,300/300/300/300/300/300
1700000013.500000,1,300,300,27.44,244.52,1,1668,300/300/300/300/300/300
1700000013.550000,1,300,300,27.43,47.12,0,1668,300/300/300/300/300/300
1700000013.600000,1,300,300,27.44,46.64,0,1668,300/300/300/300/300/300
1700000013.650000,1,300,300,27.43,284.41,1,1648,300/300/300/300/300/300
1700000013.700000,1,300,300,27.44,46.02,0,1648,300/300/300/300/300/300
1700000013.750000,1,300,300,27.44,48.25,0,1648,300/300/300/300/300/300
1700000013.800000,1,300,300,27.44,241.63,1,1649,300/300/300/300/300/300
1700000013.850000,1,300,300,27.45,46.20,0,1649,300/300/300/300/300/300
1700000013.900000,1,300,300,27.46,44.36,0,1649,300/300/300/300/300/300
1700000013.950000,1,300,300,27.47,249.58,1,1659,300/300/300/300/300/300
1700000014.000000,1,300,300,27.49,46.24,0,1659,300/300/300/300/300/300
1700000014.050000,1,300,300,27.50,45.23,0,1659,300/300/300/300/300/300
1700000014.100000,1,300,300,27.51,247.51,1,1657,300/300/300/300/300/300
1700000014.150000,1,300,300,27.51,47.01,0,1657,300/300/300/300/300/300
1700000014.200000,1,300,300,27.54,44.02,0,1657,300/300/300/300/300/300
1700000014.250000,1,300,300,27.55,300.44,1,1617,300/300/300/300/300/300
1700000014.300000,1,300,300,27.57,44.81,0,1617,300/300/300/300/300/300
1700000014.350000,1,300,300,27.59,46.89,0,1617,300/300/300/300/300/300
1700000014.400000,1,300,300,27.60,254.12,1,1579,300/300/300/300/300/300
1700000014.450000,1,300,300,27.62,45.33,0,1579,300/300/300/300/300/300
1700000014.500000,1,300,300,27.64,46.77,0,1579,300/300/300/300/300/300
1700000014.550000,1,300,300,27.64,295.22,1,1565,300/300/300/300/300/300
1700000014.600000,1,300,300,27.66,47.18,0,1565,300/300/300/300/300/300
1700000014.650000,1,300,300,27.68,44.22,0,1565,300/300/300/300/300/300
1700000014.700000,1,300,300,27.70,300.12,1,1572,300/300/300/300/300/300
1700000014.750000,1,300,300,27.72,48.48,0,1572,300/300/300/300/300/300
1700000014.800000,1,300,300,27.73,46.94,0,1572,300/300/300/300/300/300
1700000014.850000,1,300,300,27.75,346.91,1,1553,300/300/300/300/300/300
1700000014.900000,1,300,300,27.77,47.46,0,1553,300/300/300/300/300/300
1700000014.950000,1,300,300,27.79,45.98,0,1553,300/300/300/300/300/300
1700000015.000000,1,300,300,27.80,339.89,1,1540,300/300/300/300/300/300
1700000015.050000,1,300,300,27.84,44.46,0,1540,300/300/300/300/300/300
1700000015.100000,1,300,300,27.85,46.78,0,1540,300/300/300/300/300/300
1700000015.150000,1,300,300,27.87,304.77,1,1536,300/300/300/300/300/300
1700000015.200000,1,300,300,27.89,47.64,0,1536,300/300/300/300/300/300
1700000015.250000,1,300,300,27.90,46.40,0,1536,300/300/300/300/300/300
1700000015.300000,1,300,300,27.93,316.57,1,1563,300/300/300/300/300/300
1700000015.350000,1,300,300,27.94,48.64,0,1563,300/300/300/300/300/300
1700000015.400000,1,300,300,27.96,47.63,0,1563,300/300/300/300/300/300
1700000015.450000,1,300,300,27.98,351.40,1,1546,300/300/300/300/300/300
1700000015.500000,1,300,300,28.01,47.17,0,1546,300/300/300/300/300/300
1700000015.550000,1,300,300,28.03,47.85,0,1546,300/300/300/300/300/300
1700000015.600000,1,300,300,28.05,307.61,1,1555,300/300/300/300/300/300
1700000015.650000,1,300,300,28.07,48.85,0,1555,300/300/300/300/300/300
1700000015.700000,1,300,300,28.08,47.17,0,1555,300/300/300/300/300/300
1700000015.750000,1,300,300,28.10,452.34,1,1590,300/300/300/300/300/300
1700000015.800000,1,300,300,28.12,48.19,0,1590,300/300/300/300/300/300
1700000015.850000,1,300,300,28.13,47.33,0,1590,300/300/300/300/300/300
1700000015.900000,1,300,300,28.15,320.02,1,1595,300/300/300/300/300/300
1700000015.950000,1,300,300,28.16,47.42,0,1595,300/300/300/300/300/300
1700000016.000000,1,300,300,28.17,47.29,0,1595,300/300/300/300/300/300
1700000016.050000,1,300,300,28.19,273.53,1,1613,300/300/300/300/300/300
1700000016.100000,1,300,300,28.21,50.06,0,1613,300/300/300/300/300/300
1700000016.150000,1,300,300,28.23,50.40,0,1613,300/300/300/300/300/300
1700000016.200000,1,300,300,28.26,377.42,1,1616,300/300/300/300/300/300
1700000016.250000,1,300,300,28.27,49.32,0,1616,300/300/300/300/300/300
1700000016.300000,1,300,300,28.30,47.04,0,1616,300/300/300/300/300/300
1700000016.350000,1,300,300,28.32,335.36,1,1639,300/300/300/300/300/300
1700000016.400000,1,300,300,28.34,48.95,0,1639,300/300/300/300/300/300
1700000016.450000,1,300,300,28.36,50.64,0,1639,300/300/300/300/300/300
1700000016.500000,1,300,300,28.38,276.84,1,1651,300/300/300/300/300/300
1700000016.550000,1,300,300,28.40,49.84,0,1651,300/300/300/300/300/300
1700000016.600000,1,300,300,28.42,52.41,0,1651,300/300/300/300/300/300
1700000016.650000,1,300,300,28.43,362.06,1,1628,300/300/300/300/300/300
1700000016.700000,1,300,300,28.46,50.23,0,1628,300/300/300/300/300/300
1700000016.750000,1,300,300,28.48,49.31,0,1628,300/300/300/300/300/300
1700000016.800000,1,300,300,28.48,285.03,1,1640,300/300/300/300/300/300
1700000016.850000,1,300,300,28.50,49.99,0,1640,300/300/300/300/300/300
1700000016.900000,1,300,300,28.52,49.15,0,1640,300/300/300/300/300/300
1700000016.950000,1,300,300,28.54,325.01,1,1621,300/300/300/300/300/300
1700000017.000000,1,300,300,28.55,48.24,0,1621,300/300/300/300/300/300
1700000017.050000,1,300,300,28.57,50.50,0,1621,300/300/300/300/300/300
1700000017.100000,1,300,300,28.58,249.55,1,1569,300/300/300/300/300/300
1700000017.150000,1,300,300,28.60,49.82,0,1569,300/300/300/300/300/300
1700000017.200000,1,300,300,28.61,49.03,0,1569,300/300/300/300/300/300
1700000017.250000,1,300,300,28.64,361.12,1,1589,300/300/300/300/300/300
1700000017.300000,1,300,300,28.66,51.99,0,1589,300/300/300/300/300/300
1700000017.350000,1,300,300,28.67,48.24,0,1589,300/300/300/300/300/300
1700000017.400000,1,300,300,28.69,264.72,1,1644,300/300/300/300/300/300
1700000017.450000,1,300,300,28.71,49.12,0,1644,300/300/300/300/300/300
1700000017.500000,1,300,300,28.73,49.46,0,1644,300/300/300/300/300/300
1700000017.550000,1,300,300,28.75,212.35,1,1645,300/300/300/300/300/300
1700000017.600000,1,300,300,28.76,51.09,0,1645,300/300/300/300/300/300
1700000017.650000,1,300,300,28.79,48.20,0,1645,300/300/300/300/300/300
1700000017.700000,1,300,300,28.82,258.31,1,1658,300/300/300/300/300/300
1700000017.750000,1,300,300,28.85,48.12,0,1658,300/300/300/300/300/300
1700000017.800000,1,300,300,28.87,49.14,0,1658,300/300/300/300/300/300
1700000017.850000,1,300,300,28.89,262.84,1,1666,300/300/300/300/300/300
1700000017.900000,1,300,300,28.92,49.48,0,1666,300/300/300/300/300/300
1700000017.950000,1,300,300,28.95,49.02,0,1666,300/300/300/300/300/300
1700000018.000000,1,300,300,28.97,234.29,1,1663,300/300/300/300/300/300
1700000018.050000,1,300,300,29.00,46.13,0,1663,300/300/300/300/300/300
1700000018.100000,1,300,300,29.03,49.88,0,1663,300/300/300/300/300/300
1700000018.150000,1,300,300,29.07,349.52,1,1668,300/300/300/300/300/300
1700000018.200000,1,300,300,29.09,46.47,0,1668,300/300/300/300/300/300
1700000018.250000,1,300,300,29.12,42.31,0,1668,300/300/300/300/300/300
1700000018.300000,1,300,300,29.17,291.54,1,1669,300/300/300/300/300/300
1700000018.350000,1,300,300,29.21,45.19,0,1669,300/300/300/300/300/300
1700000018.400000,1,300,300,29.25,48.44,0,1669,300/300/300/300/300/300
1700000018.450000,1,300,300,29.30,287.08,1,1652,300/300/300/300/300/300
1700000018.500000,1,300,300,29.34,47.70,0,1652,300/300/300/300/300/300
1700000018.550000,1,300,300,29.38,47.69,0,1652,300/300/300/300/300/300
1700000018.600000,1,300,300,29.42,280.35,1,1671,300/300/300/300/300/300
1700000018.650000,1,300,300,29.46,50.68,0,1671,300/300/300/300/300/300
1700000018.700000,1,300,300,29.51,46.74,0,1671,300/300/300/300/300/300
1700000018.750000,1,300,300,29.55,281.32,1,1690,300/300/300/300/300/300
1700000018.800000,1,300,300,29.59,49.39,0,1690,300/300/300/300/300/300
1700000018.850000,1,300,300,29.63,49.14,0,1690,300/300/300/300/300/300
1700000018.900000,1,300,300,29.68,243.07,1,1727,300/300/300/300/300/300
1700000018.950000,1,300,300,29.74,48.83,0,1727,300/300/300/300/300/300
1700000019.000000,1,300,300,29.78,50.29,0,1727,300/300/300/300/300/300
1700000019.050000,1,300,300,29.83,249.88,1,1735,300/300/300/300/300/300
1700000019.100000,1,300,300,29.88,49.58,0,1735,300/300/300/300/300/300
1700000019.150000,1,300,300,29.92,50.19,0,1735,300/300/300/300/300/300
1700000019.200000,1,300,300,29.97,258.54,1,1732,300/300/300/300/300/300
1700000019.250000,1,300,300,30.01,52.05,0,1732,300/300/300/300/300/300
1700000019.300000,1,300,300,30.06,52.08,0,1732,300/300/300/300/300/300
1700000019.350000,1,300,300,30.11,257.77,1,1710,300/300/300/300/300/300
1700000019.400000,1,300,300,30.15,49.60,0,1710,300/300/300/300/300/300
1700000019.450000,1,300,300,30.21,45.77,0,1710,300/300/300/300/300/300
1700000019.500000,1,300,300,30.24,243.09,1,1747,300/300/300/300/300/300
1700000019.550000,1,300,300,30.28,48.72,0,1747,300/300/300/300/300/300
1700000019.600000,1,300,300,30.32,48.09,0,1747,300/300/300/300/300/300
1700000019.650000,1,300,300,30.35,249.17,1,1739,300/300/300/300/300/300
1700000019.700000,1,300,300,30.39,48.18,0,1739,300/300/300/300/300/300
1700000019.750000,1,300,300,30.44,46.58,0,1739,300/300/300/300/300/300
1700000019.800000,1,300,300,30.46,334.73,1,1741,300/300/300/300/300/300
1700000019.850000,1,300,300,30.50,51.18,0,1741,300/300/300/300/300/300
1700000019.900000,1,300,300,30.52,46.92,0,1741,300/300/300/300/300/300
1700000019.950000,1,300,300,30.56,300.36,1,1732,300/300/300/300/300/300
1700000020.000000,1,300,300,30.58,48.61,0,1732,300/300/300/300/300/300
1700000020.050000,1,300,300,30.60,46.96,0,1732,300/300/300/300/300/300
1700000020.100000,1,300,300,30.62,257.09,1,1735,300/300/300/300/300/300
1700000020.150000,1,300,300,30.63,48.07,0,1735,300/300/300/300/300/300
1700000020.200000,1,300,300,30.64,47.80,0,1735,300/300/300/300/300/300
1700000020.250000,1,300,300,30.65,256.94,1,1741,300/300/300/300/300/300
1700000020.300000,1,300,300,30.65,48.25,0,1741,300/300/300/300/300/300
1700000020.350000,1,300,300,30.65,49.24,0,1741,300/300/300/300/300/300
1700000020.400000,1,300,300,30.66,340.30,1,1720,300/300/300/300/300/300
1700000020.450000,1,300,300,30.66,48.67,0,1720,300/300/300/300/300/300
1700000020.500000,1,300,300,30.65,49.15,0,1720,300/300/300/300/300/300
1700000020.550000,1,300,300,30.63,250.42,1,1697,300/300/300/300/300/300
1700000020.600000,1,300,300,30.63,49.55,0,1697,300/300/300/300/300/300
1700000020.650000,1,300,300,30.60,47.48,0,1697,300/300/300/300/300/300
1700000020.700000,1,300,300,30.58,250.27,1,1704,300/300/300/300/300/300
1700000020.750000,1,300,300,30.56,49.64,0,1704,300/300/300/300/300/300
1700000020.800000,1,300,300,30.53,49.53,0,1704,300/300/300/300/300/300
1700000020.850000,1,300,300,30.49,299.02,1,1701,300/300/300/300/300/300
1700000020.900000,1,300,300,30.45,48.95,0,1701,300/300/300/300/300/300
1700000020.950000,1,300,300,30.40,48.72,0,1701,300/300/300/300/300/300
1700000021.000000,1,300,300,30.36,251.11,1,1692,300/300/300/300/300/300
1700000021.050000,1,300,300,30.31,48.63,0,1692,300/300/300/300/300/300
1700000021.100000,1,300,300,30.27,49.41,0,1692,300/300/300/300/300/300
1700000021.150000,1,300,300,30.23,305.85,1,1687,300/300/300/300/300/300
1700000021.200000,1,300,300,30.18,47.50,0,1687,300/300/300/300/300/300
1700000021.250000,1,300,300,30.15,51.19,0,1687,300/300/300/300/300/300
1700000021.300000,1,300,300,30.10,347.25,1,1638,300/300/300/300/300/300
1700000021.350000,1,300,300,30.07,50.62,0,1638,300/300/300/300/300/300
1700000021.400000,1,300,300,30.00,47.01,0,1638,300/300/300/300/300/300
1700000021.450000,1,300,300,29.96,221.65,1,1599,300/300/300/300/300/300
1700000021.500000,1,300,300,29.91,47.17,0,1599,300/300/300/300/300/300
1700000021.550000,1,300,300,29.85,47.30,0,1599,300/300/300/300/300/300
1700000021.600000,1,300,300,29.78,225.25,1,1598,300/300/300/300/300/300
1700000021.650000,1,300,300,29.73,49.34,0,1598,300/300/300/300/300/300
1700000021.700000,1,300,300,29.66,46.60,0,1598,300/300/300/300/300/300
1700000021.750000,1,300,300,29.60,291.50,1,1594,300/300/300/300/300/300
1700000021.800000,1,300,300,29.54,46.73,0,1594,300/300/300/300/300/300
1700000021.850000,1,300,300,29.48,47.77,0,1594,300/300/300/300/300/300
1700000021.900000,1,300,300,29.42,238.76,1,1596,300/300/300/300/300/300
1700000021.950000,1,300,300,29.36,47.29,0,1596,300/300/300/300/300/300
1700000022.000000,1,300,300,29.31,48.99,0,1596,300/300/300/300/300/300
1700000022.050000,1,300,300,29.26,277.31,1,1621,300/300/300/300/300/300
1700000022.100000,1,300,300,29.20,47.10,0,1621,300/300/300/300/300/300
1700000022.150000,1,300,300,29.14,48.28,0,1621,300/300/300/300/300/300
1700000022.200000,1,300,300,29.09,239.91,1,1614,300/300/300/300/300/300
1700000022.250000,1,300,300,29.03,47.94,0,1614,300/300/300/300/300/300
1700000022.300000,1,300,300,28.97,47.84,0,1614,300/300/300/300/300/300
1700000022.350000,1,300,300,28.91,290.20,1,1632,300/300/300/300/300/300
1700000022.400000,1,300,300,28.87,47.40,0,1632,300/300/300/300/300/300
1700000022.450000,1,300,300,28.81,48.38,0,1632,300/300/300/300/300/300
1700000022.500000,1,300,300,28.76,364.64,1,1639,300/300/300/300/300/300
1700000022.550000,1,300,300,28.71,46.23,0,1639,300/300/300/300/300/300
1700000022.600000,1,300,300,28.67,50.72,0,1639,300/300/300/300/300/300
1700000022.650000,1,300,300,28.62,290.12,1,1618,300/300/300/300/300/300
1700000022.700000,1,300,300,28.58,47.18,0,1618,300/300/300/300/300/300
1700000022.750000,1,300,300,28.53,46.02,0,1618,300/300/300/300/300/300
1700000022.800000,1,300,300,28.48,295.41,1,1628,300/300/300/300/300/300
1700000022.850000,1,300,300,28.43,46.99,0,1628,300/300/300/300/300/300
1700000022.900000,1,300,300,28.41,48.63,0,1628,300/300/300/300/300/300
1700000022.950000,1,300,300,28.37,355.14,1,1608,300/300/300/300/300/300
1700000023.000000,1,300,300,28.34,45.45,0,1608,300/300/300/300/300/300
1700000023.050000,1,300,300,28.31,48.13,0,1608,300/300/300/300/300/300
1700000023.100000,1,300,300,28.28,372.65,1,1567,300/300/300/300/300/300
1700000023.150000,1,300,300,28.25,50.65,0,1567,300/300/300/300/300/300
1700000023.200000,1,300,300,28.23,51.03,0,1567,300/300/300/300/300/300
1700000023.250000,1,300,300,28.22,328.91,1,1604,300/300/300/300/300/300
1700000023.300000,1,300,300,28.20,49.29,0,1604,300/300/300/300/300/300
1700000023.350000,1,300,300,28.17,47.64,0,1604,300/300/300/300/300/300
1700000023.400000,1,300,300,28.15,358.53,1,1635,300/300/300/300/300/300
1700000023.450000,1,300,300,28.14,50.08,0,1635,300/300/300/300/300/300
1700000023.500000,1,300,300,28.12,52.78,0,1635,300/300/300/300/300/300
1700000023.550000,1,300,300,28.10,286.30,1,1600,300/300/300/300/300/300
1700000023.600000,1,300,300,28.08,50.03,0,1600,300/300/300/300/300/300
1700000023.650000,1,300,300,28.06,51.80,0,1600,300/300/300/300/300/300
1700000023.700000,1,300,300,28.05,294.72,1,1604,300/300/300/300/300/300
1700000023.750000,1,300,300,28.03,50.92,0,1604,300/300/300/300/300/300
1700000023.800000,1,300,300,28.04,51.80,0,1604,300/300/300/300/300/300
1700000023.850000,1,300,300,28.02,253.38,1,1591,300/300/300/300/300/300
1700000023.900000,1,300,300,28.00,48.68,0,1591,300/300/300/300/300/300
1700000023.950000,1,300,300,27.99,48.91,0,1591,300/300/300/300/300/300
1700000024.000000,1,300,300,27.97,302.25,1,1574,300/300/300/300/300/300
1700000024.050000,1,300,300,27.95,51.31,0,1574,300/300/300/300/300/300
1700000024.100000,1,300,300,27.93,48.97,0,1574,300/300/300/300/300/300
1700000024.150000,1,300,300,27.92,250.23,1,1554,300/300/300/300/300/300
1700000024.200000,1,300,300,27.90,50.39,0,1554,300/300/300/300/300/300
1700000024.250000,1,300,300,27.89,49.49,0,1554,300/300/300/300/300/300
1700000024.300000,1,300,300,27.89,257.65,1,1571,300/300/300/300/300/300
1700000024.350000,1,300,300,27.88,54.85,0,1571,300/300/300/300/300/300
1700000024.400000,1,300,300,27.86,50.51,0,1571,300/300/300/300/300/300
1700000024.450000,1,300,300,27.85,303.10,1,1574,300/300/300/300/300/300
1700000024.500000,1,300,300,27.84,49.77,0,1574,300/300/300/300/300/300
1700000024.550000,1,300,300,27.84,54.77,0,1574,300/300/300/300/300/300
1700000024.600000,1,300,300,27.84,214.50,1,1601,300/300/300/300/300/300
1700000024.650000,1,300,300,27.84,54.12,0,1601,300/300/300/300/300/300
1700000024.700000,1,300,300,27.83,51.11,0,1601,300/300/300/300/300/300
1700000024.750000,1,300,300,27.83,319.53,1,1600,300/300/300/300/300/300
1700000024.800000,1,300,300,27.83,49.03,0,1600,300/300/300/300/300/300
1700000024.850000,1,300,300,27.83,49.37,0,1600,300/300/300/300/300/300
1700000024.900000,1,300,300,27.82,263.73,1,1605,300/300/300/300/300/300
1700000024.950000,1,300,300,27.82,48.16,0,1605,300/300/300/300/300/300
1700000025.000000,1,300,300,27.82,55.53,0,1605,300/300/300/300/300/300
1700000025.050000,1,300,300,27.81,267.98,1,1620,300/300/300/300/300/300
1700000025.100000,1,300,300,27.81,51.38,0,1620,300/300/300/300/300/300
1700000025.150000,1,300,300,27.81,46.78,0,1620,300/300/300/300/300/300
1700000025.200000,1,300,300,27.80,310.38,1,1639,300/300/300/300/300/300
1700000025.250000,1,300,300,27.82,49.40,0,1639,300/300/300/300/300/300
1700000025.300000,1,300,300,27.82,52.37,0,1639,300/300/300/300/300/300
1700000025.350000,1,300,300,27.81,271.40,1,1648,300/300/300/300/300/300
1700000025.400000,1,300,300,27.81,50.92,0,1648,300/300/300/300/300/300
1700000025.450000,1,300,300,27.82,50.17,0,1648,300/300/300/300/300/300
1700000025.500000,1,300,300,27.81,270.10,1,1639,300/300/300/300/300/300
1700000025.550000,1,300,300,27.82,48.42,0,1639,300/300/300/300/300/300
1700000025.600000,1,300,300,27.82,49.81,0,1639,300/300/300/300/300/300
1700000025.650000,1,300,300,27.84,265.63,1,1645,300/300/300/300/300/300
1700000025.700000,1,300,300,27.84,49.49,0,1645,300/300/300/300/300/300
1700000025.750000,1,300,300,27.86,47.23,0,1645,300/300/300/300/300/300
1700000025.800000,1,300,300,27.87,265.56,1,1629,300/300/300/300/300/300
1700000025.850000,1,300,300,27.87,48.31,0,1629,300/300/300/300/300/300
1700000025.900000,1,300,300,27.88,48.34,0,1629,300/300/300/300/300/300
1700000025.950000,1,300,300,27.90,359.26,1,1643,300/300/300/300/300/300
1700000026.000000,1,300,300,27.92,47.06,0,1643,300/300/300/300/300/300
1700000026.050000,1,300,300,27.94,47.50,0,1643,300/300/300/300/300/300
1700000026.100000,1,300,300,27.95,344.55,1,1636,300/300/300/300/300/300
1700000026.150000,1,300,300,27.97,46.75,0,1636,300/300/300/300/300/300
1700000026.200000,1,300,300,27.99,46.51,0,1636,300/300/300/300/300/300
1700000026.250000,1,300,300,28.01,352.31,1,1663,300/300/300/300/300/300
1700000026.300000,1,300,300,28.03,47.63,0,1663,300/300/300/300/300/300
1700000026.350000,1,300,300,28.05,49.88,0,1663,300/300/300/300/300/300
1700000026.400000,1,300,300,28.08,266.25,1,1671,300/300/300/300/300/300
1700000026.450000,1,300,300,28.09,43.80,0,1671,300/300/300/300/300/300
1700000026.500000,1,300,300,28.13,46.06,0,1671,300/300/300/300/300/300
1700000026.550000,1,300,300,28.15,273.78,1,1682,300/300/300/300/300/300
1700000026.600000,1,300,300,28.18,48.98,0,1682,300/300/300/300/300/300
1700000026.650000,1,300,300,28.21,47.77,0,1682,300/300/300/300/300/300
1700000026.700000,1,300,300,28.25,327.32,1,1681,300/300/300/300/300/300
1700000026.750000,1,300,300,28.28,46.51,0,1681,300/300/300/300/300/300
1700000026.800000,1,300,300,28.31,46.55,0,1681,300/300/300/300/300/300
1700000026.850000,1,300,300,28.35,319.39,1,1692,300/300/300/300/300/300
1700000026.900000,1,300,300,28.39,46.91,0,1692,300/300/300/300/300/300
1700000026.950000,1,300,300,28.42,50.20,0,1692,300/300/300/300/300/300
1700000027.000000,1,300,300,28.46,276.18,1,1693,300/300/300/300/300/300
1700000027.050000,1,300,300,28.50,47.45,0,1693,300/300/300/300/300/300
1700000027.100000,1,300,300,28.54,48.57,0,1693,300/300/300/300/300/300
1700000027.150000,1,300,300,28.58,309.34,1,1658,300/300/300/300/300/300
1700000027.200000,1,300,300,28.62,49.42,0,1658,300/300/300/300/300/300
1700000027.250000,1,300,300,28.66,48.64,0,1658,300/300/300/300/300/300
1700000027.300000,1,300,300,28.69,303.17,1,1692,300/300/300/300/300/300
1700000027.350000,1,300,300,28.73,46.31,0,1692,300/300/300/300/300/300
1700000027.400000,1,300,300,28.78,47.23,0,1692,300/300/300/300/300/300
1700000027.450000,1,300,300,28.81,263.60,1,1680,300/300/300/300/300/300
1700000027.500000,1,300,300,28.86,47.29,0,1680,300/300/300/300/300/300
1700000027.550000,1,300,300,28.90,47.26,0,1680,300/300/300/300/300/300
1700000027.600000,1,300,300,28.93,367.45,1,1690,300/300/300/300/300/300
1700000027.650000,1,300,300,28.98,48.56,0,1690,300/300/300/300/300/300
1700000027.700000,1,300,300,29.02,46.03,0,1690,300/300/300/300/300/300
1700000027.750000,1,300,300,29.06,272.98,1,1704,300/300/300/300/300/300
1700000027.800000,1,300,300,29.10,48.98,0,1704,300/300/300/300/300/300
1700000027.850000,1,300,300,29.15,50.36,0,1704,300/300/300/300/300/300
1700000027.900000,1,300,300,29.18,267.71,1,1702,300/300/300/300/300/300
1700000027.950000,1,300,300,29.23,49.77,0,1702,300/300/300/300/300/300
1700000028.000000,1,300,300,29.26,46.86,0,1702,300/300/300/300/300/300
1700000028.050000,1,300,300,29.30,274.71,1,1729,300/300/300/300/300/300
1700000028.100000,1,300,300,29.34,48.56,0,1729,300/300/300/300/300/300
1700000028.150000,1,300,300,29.38,46.70,0,1729,300/300/300/300/300/300
1700000028.200000,1,300,300,29.41,277.56,1,1714,300/300/300/300/300/300
1700000028.250000,1,300,300,29.45,46.45,0,1714,300/300/300/300/300/300
1700000028.300000,1,300,300,29.49,46.22,0,1714,300/300/300/300/300/300
1700000028.350000,1,300,300,29.50,271.78,1,1705,300/300/300/300/300/300
1700000028.400000,1,300,300,29.53,47.77,0,1705,300/300/300/300/300/300
1700000028.450000,1,300,300,29.56,47.97,0,1705,300/300/300/300/300/300
1700000028.500000,1,300,300,29.58,268.24,1,1686,300/300/300/300/300/300
1700000028.550000,1,300,300,29.61,48.06,0,1686,300/300/300/300/300/300
1700000028.600000,1,300,300,29.63,49.70,0,1686,300/300/300/300/300/300
1700000028.650000,1,300,300,29.65,320.93,1,1654,300/300/300/300/300/300
1700000028.700000,1,300,300,29.67,49.59,0,1654,300/300/300/300/300/300
1700000028.750000,1,300,300,29.70,47.90,0,1654,300/300/300/300/300/300
1700000028.800000,1,300,300,29.71,425.06,1,1644,300/300/300/300/300/300
1700000028.850000,1,300,300,29.73,49.81,0,1644,300/300/300/300/300/300
1700000028.900000,1,300,300,29.75,48.12,0,1644,300/300/300/300/300/300
1700000028.950000,1,300,300,29.77,294.22,1,1626,300/300/300/300/300/300
1700000029.000000,1,300,300,29.79,46.23,0,1626,300/300/300/300/300/300
1700000029.050000,1,300,300,29.80,45.83,0,1626,300/300/300/300/300/300
1700000029.100000,1,300,300,29.81,363.33,1,1624,300/300/300/300/300/300
1700000029.150000,1,300,300,29.83,47.32,0,1624,300/300/300/300/300/300
1700000029.200000,1,300,300,29.84,48.21,0,1624,300/300/300/300/300/300
1700000029.250000,1,300,300,29.84,451.90,1,1646,300/300/300/300/300/300
1700000029.300000,1,300,300,29.86,59.09,0,1646,300/300/300/300/300/300
1700000029.350000,1,300,300,29.87,56.54,0,1646,300/300/300/300/300/300
1700000029.400000,1,300,300,29.89,476.17,1,1655,300/300/300/300/300/300
1700000029.450000,1,300,300,29.89,55.30,0,1655,300/300/300/300/300/300
1700000029.500000,1,300,300,29.92,45.97,0,1655,300/300/300/300/300/300
1700000029.550000,1,300,300,29.94,273.96,1,1666,300/300/300/300/300/300
1700000029.600000,1,300,300,29.95,49.38,0,1666,300/300/300/300/300/300
1700000029.650000,1,300,300,29.97,53.65,0,1666,300/300/300/300/300/300
1700000029.700000,1,300,300,29.99,366.93,1,1648,300/300/300/300/300/300
1700000029.750000,1,300,300,30.00,47.83,0,1648,300/300/300/300/300/300
1700000029.800000,1,300,300,30.02,47.94,0,1648,300/300/300/300/300/300
1700000029.850000,1,300,300,30.03,321.57,1,1659,300/300/300/300/300/300
1700000029.900000,1,300,300,30.04,48.03,0,1659,300/300/300/300/300/300
1700000029.950000,1,300,300,30.04,46.80,0,1659,300/300/300/300/300/300
1700000030.000000,1,300,300,30.06,316.56,1,1649,300/300/300/300/300/300
1700000030.050000,1,300,300,30.06,47.77,0,1649,300/300/300/300/300/300
1700000030.100000,1,300,300,30.08,46.96,0,1649,300/300/300/300/300/300
1700000030.150000,1,300,300,30.08,271.87,1,1646,300/300/300/300/300/300
1700000030.200000,1,300,300,30.09,47.44,0,1646,300/300/300/300/300/300
1700000030.250000,1,300,300,30.10,48.61,0,1646,300/300/300/300/300/300
1700000030.300000,1,300,300,30.11,311.92,1,1654,300/300/300/300/300/300
1700000030.350000,1,300,300,30.12,49.39,0,1654,300/300/300/300/300/300
1700000030.400000,1,300,300,30.12,46.92,0,1654,300/300/300/300/300/300
1700000030.450000,1,300,300,30.12,311.77,1,1672,300/300/300/300/300/300
1700000030.500000,1,300,300,30.13,52.21,0,1672,300/300/300/300/300/300
1700000030.550000,1,300,300,30.14,52.11,0,1672,300/300/300/300/300/300
1700000030.600000,1,300,300,30.15,268.22,1,1667,300/300/300/300/300/300
1700000030.650000,1,300,300,30.15,49.49,0,1667,300/300/300/300/300/300
1700000030.700000,1,300,300,30.15,48.44,0,1667,300/300/300/300/300/300
1700000030.750000,1,300,300,30.15,481.14,1,1667,300/300/300/300/300/300
1700000030.800000,1,300,300,30.15,47.64,0,1667,300/300/300/300/300/300
1700000030.850000,1,300,300,30.15,48.71,0,1667,300/300/300/300/300/300
1700000030.900000,1,300,300,30.15,270.88,1,1654,300/300/300/300/300/300
1700000030.950000,1,300,300,30.14,48.14,0,1654,300/300/300/300/300/300
1700000031.000000,1,300,300,30.15,46.32,0,1654,300/300/300/300/300/300
1700000031.050000,1,300,300,30.13,317.18,1,1649,300/300/300/300/300/300
1700000031.100000,1,300,300,30.12,50.45,0,1649,300/300/300/300/300/300
1700000031.150000,1,300,300,30.13,50.56,0,1649,300/300/300/300/300/300
1700000031.200000,1,300,300,30.12,282.08,1,1664,300/300/300/300/300/300
1700000031.250000,1,300,300,30.10,50.83,0,1664,300/300/300/300/300/300
1700000031.300000,1,300,300,30.10,49.30,0,1664,300/300/300/300/300/300
1700000031.350000,1,300,300,30.09,261.03,1,1650,300/300/300/300/300/300
1700000031.400000,1,300,300,30.09,48.69,0,1650,300/300/300/300/300/300
1700000031.450000,1,300,300,30.09,46.55,0,1650,300/300/300/300/300/300
1700000031.500000,1,300,300,30.08,304.20,1,1663,300/300/300/300/300/300
1700000031.550000,1,300,300,30.07,49.62,0,1663,300/300/300/300/300/300
1700000031.600000,1,300,300,30.06,49.60,0,1663,300/300/300/300/300/300
1700000031.650000,1,300,300,30.06,264.86,1,1660,300/300/300/300/300/300
1700000031.700000,1,300,300,30.04,48.95,0,1660,300/300/300/300/300/300
1700000031.750000,1,300,300,30.03,48.95,0,1660,300/300/300/300/300/300
1700000031.800000,1,300,300,30.02,307.73,1,1639,300/300/300/300/300/300
1700000031.850000,1,300,300,30.02,48.61,0,1639,300/300/300/300/300/300
1700000031.900000,1,300,300,30.00,50.97,0,1639,300/300/300/300/300/300
1700000031.950000,1,300,300,29.99,275.62,1,1648,300/300/300/300/300/300
1700000032.000000,1,300,300,29.98,48.44,0,1648,300/300/300/300/300/300
1700000032.050000,1,300,300,29.98,47.74,0,1648,300/300/300/300/300/300
1700000032.100000,1,300,300,29.99,336.51,1,1674,300/300/300/300/300/300
1700000032.150000,1,300,300,30.01,49.67,0,1674,300/300/300/300/300/300
1700000032.200000,1,300,300,30.02,47.81,0,1674,300/300/300/300/300/300
1700000032.250000,1,300,300,30.06,375.66,1,1705,300/300/300/300/300/300
1700000032.300000,1,300,300,30.07,50.76,0,1705,300/300/300/300/300/300
1700000032.350000,1,300,300,30.11,51.46,0,1705,300/300/300/300/300/300
1700000032.400000,1,300,300,30.15,356.41,1,1699,300/300/300/300/300/300
1700000032.450000,1,300,300,30.20,50.46,0,1699,300/300/300/300/300/300
1700000032.500000,1,300,300,30.26,50.22,0,1699,300/300/300/300/300/300
1700000032.550000,1,300,300,30.31,268.06,1,1705,300/300/300/300/300/300
1700000032.600000,1,300,300,30.36,50.03,0,1705,300/300/300/300/300/300
1700000032.650000,1,300,300,30.41,49.43,0,1705,300/300/300/300/300/300
1700000032.700000,1,300,300,30.47,273.07,1,1726,300/300/300/300/300/300
1700000032.750000,1,300,300,30.54,50.20,0,1726,300/300/300/300/300/300
1700000032.800000,1,300,300,30.58,48.31,0,1726,300/300/300/300/300/300
1700000032.850000,1,300,300,30.66,278.55,1,1729,300/300/300/300/300/300
1700000032.900000,1,300,300,30.72,51.31,0,1729,300/300/300/300/300/300
1700000032.950000,1,300,300,30.79,48.75,0,1729,300/300/300/300/300/300
1700000033.000000,1,300,300,30.86,285.50,1,1744,300/300/300/300/300/300
1700000033.050000,1,300,300,30.95,48.45,0,1744,300/300/300/300/300/300
1700000033.100000,1,300,300,31.03,49.42,0,1744,300/300/300/300/300/300
1700000033.150000,1,300,300,31.12,283.85,1,1743,300/300/300/300/300/300
1700000033.200000,1,300,300,31.21,53.67,0,1743,300/300/300/300/300/300
1700000033.250000,1,300,300,31.32,51.97,0,1743,300/300/300/300/300/300
1700000033.300000,1,300,300,31.42,274.93,1,1739,300/300/300/300/300/300
1700000033.350000,1,300,300,31.54,52.23,0,1739,300/300/300/300/300/300
1700000033.400000,1,300,300,31.66,55.20,0,1739,300/300/300/300/300/300
1700000033.450000,1,300,300,31.77,279.91,1,1747,300/300/300/300/300/300
1700000033.500000,1,300,300,31.90,50.93,0,1747,300/300/300/300/300/300
1700000033.550000,1,300,300,32.02,54.86,0,1747,300/300/300/300/300/300
1700000033.600000,1,300,300,32.17,282.67,1,1759,300/300/300/300/300/300
1700000033.650000,1,300,300,32.32,50.56,0,1759,300/300/300/300/300/300
1700000033.700000,1,300,300,32.47,49.63,0,1759,300/300/300/300/300/300
1700000033.750000,1,300,300,32.65,290.11,1,1785,300/300/300/300/300/300
1700000033.800000,1,300,300,32.82,54.06,0,1785,300/300/300/300/300/300
1700000033.850000,1,300,300,33.00,50.97,0,1785,300/300/300/300/300/300
1700000033.900000,1,300,300,33.20,337.50,1,1765,300/300/300/300/300/300
1700000033.950000,1,300,300,33.42,60.30,0,1765,300/300/300/300/300/300
1700000034.000000,1,300,300,33.65,56.07,0,1765,300/300/300/300/300/300
1700000034.050000,1,300,300,33.89,334.70,1,1763,300/300/300/300/300/300
1700000034.100000,1,300,300,34.16,54.16,0,1763,300/300/300/300/300/300
1700000034.150000,1,300,300,34.42,49.65,0,1763,300/300/300/300/300/300
1700000034.200000,1,300,300,34.74,394.93,1,1808,300/300/300/300/300/300
1700000034.250000,1,300,300,35.06,55.38,0,1808,300/300/300/300/300/300
1700000034.300000,1,300,300,35.40,52.37,0,1808,300/300/300/300/300/300
1700000034.350000,1,300,300,35.75,451.10,1,1774,300/300/300/300/300/300
1700000034.400000,1,300,300,36.13,52.72,0,1774,300/300/300/300/300/300
1700000034.450000,1,300,300,36.52,54.27,0,1774,300/300/300/300/300/300
1700000034.500000,1,300,300,36.96,191.94,1,1752,300/300/300/300/300/300
1700000034.550000,1,300,300,37.41,53.45,0,1752,300/300/300/300/300/300
1700000034.600000,1,300,300,37.89,52.87,0,1752,300/300/300/300/300/300
1700000034.650000,1,300,300,38.37,405.52,1,1788,300/300/300/300/300/300
1700000034.700000,1,300,300,38.88,54.75,0,1788,300/300/300/300/300/300
1700000034.750000,1,300,300,39.41,53.94,0,1788,300/300/300/300/300/300
1700000034.800000,1,300,300,39.93,233.99,1,1781,300/300/300/300/300/300
1700000034.850000,1,300,300,40.42,49.78,0,1781,300/300/300/300/300/300
1700000034.900000,1,300,300,40.96,56.23,0,1781,300/300/300/300/300/300
1700000034.950000,1,300,300,41.43,439.21,1,1807,300/300/300/300/300/300
1700000035.000000,1,300,300,41.90,51.99,0,1807,300/300/300/300/300/300
1700000035.050000,1,300,300,42.35,51.23,0,1807,300/300/300/300/300/300
1700000035.100000,1,300,300,42.81,297.52,1,1823,300/300/300/300/300/300
1700000035.150000,1,300,300,43.20,58.41,0,1823,300/300/300/300/300/300
1700000035.200000,1,300,300,43.60,55.84,0,1823,300/300/300/300/300/300
1700000035.250000,1,300,300,43.98,472.93,1,1800,300/300/300/300/300/300
1700000035.300000,1,300,300,44.33,55.64,0,1800,300/300/300/300/300/300
1700000035.350000,1,300,300,44.53,53.08,0,1800,300/300/300/300/300/300
1700000035.400000,1,300,300,44.69,287.35,1,1800,300/300/300/300/300/300
1700000035.450000,1,300,300,44.78,56.50,0,1800,300/300/300/300/300/300
1700000035.500000,1,300,300,44.81,57.42,0,1800,300/300/300/300/300/300
1700000035.550000,1,300,300,44.71,280.84,1,1774,300/300/300/300/300/300
1700000035.600000,1,300,300,44.48,53.26,0,1774,300/300/300/300/300/300
1700000035.650000,1,300,300,44.16,58.49,0,1774,300/300/300/300/300/300
1700000035.700000,1,300,300,43.77,283.37,1,1791,300/300/300/300/300/300
1700000035.750000,1,300,300,43.29,56.41,0,1791,300/300/300/300/300/300
1700000035.800000,1,300,300,42.78,58.11,0,1791,300/300/300/300/300/300
1700000035.850000,1,300,300,42.25,423.49,1,1819,300/300/300/300/300/300
1700000035.900000,1,300,300,41.71,58.99,0,1819,300/300/300/300/300/300
1700000035.950000,1,300,300,41.16,57.63,0,1819,300/300/300/300/300/300
1700000036.000000,1,300,300,40.62,445.16,1,1808,300/300/300/300/300/300
1700000036.050000,1,300,300,40.10,59.30,0,1808,300/300/300/300/300/300
1700000036.100000,1,300,300,39.54,55.25,0,1808,300/300/300/300/300/300
1700000036.150000,1,300,300,39.07,326.13,1,1766,300/300/300/300/300/300
1700000036.200000,1,297,300,38.59,62.78,0,1766,297/300/300/300/300/300
1700000036.250000,1,300,300,38.15,59.15,0,1766,300/300/300/300/300/300
1700000036.300000,1,300,300,37.74,353.24,1,1818,300/300/300/300/300/300
1700000036.350000,1,300,300,37.35,69.92,0,1818,300/300/300/300/300/300
1700000036.400000,1,300,300,36.96,65.49,0,1818,300/300/300/300/300/300
1700000036.450000,1,300,300,36.55,292.32,1,1833,300/300/300/300/300/300
1700000036.500000,1,300,300,36.16,63.28,0,1833,300/300/300/300/300/300
1700000036.550000,1,300,300,35.82,63.01,0,1833,300/300/300/300/300/300
1700000036.600000,1,300,300,35.52,284.13,1,1846,300/300/300/300/300/300
1700000036.650000,1,300,300,35.22,64.13,0,1846,300/300/300/300/300/300
1700000036.700000,1,300,300,34.94,68.57,0,1846,300/300/300/300/300/300
1700000036.750000,1,300,300,34.69,287.50,1,1878,300/300/300/300/300/300
1700000036.800000,1,300,300,34.42,64.55,0,1878,300/300/300/300/300/300
1700000036.850000,1,300,300,34.19,68.18,0,1878,300/300/300/300/300/300
1700000036.900000,1,300,300,33.95,284.87,1,1927,300/300/300/300/300/300
1700000036.950000,1,300,300,33.72,59.74,0,1927,300/300/300/300/300/300
1700000037.000000,1,300,300,33.49,58.17,0,1927,300/300/300/300/300/300
1700000037.050000,1,300,300,33.28,278.95,1,1975,300/300/300/300/300/300
1700000037.100000,1,300,300,33.08,57.16,0,1975,300/300/300/300/300/300
1700000037.150000,1,300,300,32.88,55.88,0,1975,300/300/300/300/300/300
1700000037.200000,1,300,300,32.69,278.74,1,1997,300/300/300/300/300/300
1700000037.250000,1,300,300,32.52,59.74,0,1997,300/300/300/300/300/300
1700000037.300000,1,300,300,32.35,55.11,0,1997,300/300/300/300/300/300
1700000037.350000,1,300,300,32.18,274.39,1,2003,300/300/300/300/300/300
1700000037.400000,1,300,300,32.03,55.31,0,2003,300/300/300/300/300/300
1700000037.450000,1,300,300,31.88,58.69,0,2003,300/300/300/300/300/300
1700000037.500000,1,300,300,31.74,272.18,1,2023,300/300/300/300/300/300
1700000037.550000,1,300,300,31.61,55.68,0,2023,300/300/300/300/300/300
1700000037.600000,1,300,300,31.46,56.76,0,2023,300/300/300/300/300/300
1700000037.650000,1,300,300,31.34,315.96,1,2003,300/300/300/300/300/300
1700000037.700000,1,300,300,31.22,60.16,0,2003,300/300/300/300/300/300
1700000037.750000,1,300,300,31.12,58.49,0,2003,300/300/300/300/300/300
1700000037.800000,1,300,300,31.01,299.01,1,2012,300/300/300/300/300/300
1700000037.850000,1,300,300,30.93,51.80,0,2012,300/300/300/300/300/300
1700000037.900000,1,300,300,30.84,49.69,0,2012,300/300/300/300/300/300
1700000037.950000,1,300,300,30.76,355.32,1,2090,300/300/300/300/300/300
1700000038.000000,1,300,300,30.69,53.42,0,2090,300/300/300/300/300/300
1700000038.050000,1,300,300,30.63,51.95,0,2090,300/300/300/300/300/300
1700000038.100000,1,300,300,30.56,301.23,1,2101,300/300/300/300/300/300
1700000038.150000,1,300,300,30.49,60.31,0,2101,300/300/300/300/300/300
1700000038.200000,1,300,300,30.44,54.92,0,2101,300/300/300/300/300/300
1700000038.250000,1,300,300,30.38,299.50,1,2075,300/300/300/300/300/300
1700000038.300000,1,300,300,30.33,54.19,0,2075,300/300/300/300/300/300
1700000038.350000,1,300,300,30.28,56.66,0,2075,300/300/300/300/300/300
1700000038.400000,1,300,300,30.24,301.53,1,2114,300/300/300/300/300/300
1700000038.450000,1,300,300,30.20,52.03,0,2114,300/300/300/300/300/300
1700000038.500000,1,300,300,30.16,50.63,0,2114,300/300/300/300/300/300
1700000038.550000,1,300,300,30.14,302.65,1,2118,300/300/300/300/300/300
1700000038.600000,1,300,300,30.12,51.72,0,2118,300/300/300/300/300/300
1700000038.650000,1,300,300,30.09,53.77,0,2118,300/300/300/300/300/300
1700000038.700000,1,300,300,30.06,343.39,1,2100,300/300/300/300/300/300
1700000038.750000,1,300,300,30.04,53.42,0,2100,300/300/300/300/300/300
1700000038.800000,1,300,300,30.03,53.07,0,2100,300/300/300/300/300/300
1700000038.850000,1,300,300,30.02,305.85,1,2111,300/300/300/300/300/300
1700000038.900000,1,300,300,30.01,50.21,0,2111,300/300/300/300/300/300
1700000038.950000,1,300,300,30.01,52.96,0,2111,300/300/300/300/300/300
1700000039.000000,1,300,300,30.01,318.43,1,2128,300/300/300/300/300/300
1700000039.050000,1,300,300,30.02,51.34,0,2128,300/300/300/300/300/300
1700000039.100000,1,300,300,30.03,49.18,0,2128,300/300/300/300/300/300
1700000039.150000,1,300,300,30.05,194.56,1,2148,300/300/300/300/300/300
1700000039.200000,1,300,300,30.07,54.62,0,2148,300/300/300/300/300/300
1700000039.250000,1,300,300,30.08,49.86,0,2148,300/300/300/300/300/300
1700000039.300000,1,300,300,30.11,333.43,1,2157,300/300/300/300/300/300
1700000039.350000,1,300,300,30.13,54.67,0,2157,300/300/300/300/300/300
1700000039.400000,1,300,300,30.15,48.96,0,2157,300/300/300/300/300/300
1700000039.450000,1,300,300,30.18,237.76,1,2147,300/300/300/300/300/300
1700000039.500000,1,300,300,30.20,54.01,0,2147,300/300/300/300/300/300
1700000039.550000,1,300,300,30.23,52.80,0,2147,300/300/300/300/300/300
1700000039.600000,1,300,300,30.26,341.45,1,2129,300/300/300/300/300/300
1700000039.650000,1,300,300,30.29,50.22,0,2129,300/300/300/300/300/300
1700000039.700000,1,300,300,30.32,51.39,0,2129,300/300/300/300/300/300
1700000039.750000,1,300,300,30.36,289.41,1,2121,300/300/300/300/300/300
1700000039.800000,1,300,300,30.41,52.92,0,2121,300/300/300/300/300/300
1700000039.850000,1,300,300,30.45,54.24,0,2121,300/300/300/300/300/300
1700000039.900000,1,300,300,30.48,296.93,1,2106,300/300/300/300/300/300
1700000039.950000,1,300,300,30.52,50.27,0,2106,300/300/300/300/300/300
1700000040.000000,1,300,300,30.56,49.97,0,2106,300/300/300/300/300/300
1700000040.050000,1,300,300,30.60,304.15,1,2104,300/300/300/300/300/300
1700000040.100000,1,300,300,30.64,52.20,0,2104,300/300/300/300/300/300
1700000040.150000,1,300,300,30.66,50.36,0,2104,300/300/300/300/300/300
1700000040.200000,1,300,300,30.69,308.99,1,2110,300/300/300/300/300/300
1700000040.250000,1,300,300,30.72,51.61,0,2110,300/300/300/300/300/300
1700000040.300000,1,300,300,30.74,51.30,0,2110,300/300/300/300/300/300
1700000040.350000,1,300,300,30.76,300.68,1,2088,300/300/300/300/300/300
1700000040.400000,1,300,300,30.78,51.09,0,2088,300/300/300/300/300/300
1700000040.450000,1,300,300,30.79,50.13,0,2088,300/300/300/300/300/300
1700000040.500000,1,300,300,30.80,301.65,1,2081,300/300/300/300/300/300
1700000040.550000,1,300,300,30.83,51.95,0,2081,300/300/300/300/300/300
1700000040.600000,1,300,300,30.84,50.26,0,2081,300/300/300/300/300/300
1700000040.650000,1,300,300,30.83,463.23,1,2078,300/300/300/300/300/300
1700000040.700000,1,300,300,30.84,51.27,0,2078,300/300/300/300/300/300
1700000040.750000,1,300,300,30.83,52.08,0,2078,300/300/300/300/300/300
1700000040.800000,1,300,300,30.83,299.03,1,2072,300/300/300/300/300/300
1700000040.850000,1,300,300,30.83,51.14,0,2072,300/300/300/300/300/300
1700000040.900000,1,300,300,30.82,49.82,0,2072,300/300/300/300/300/300
1700000040.950000,1,300,300,30.83,294.27,1,2043,300/300/300/300/300/300
1700000041.000000,1,300,300,30.80,50.32,0,2043,300/300/300/300/300/300
1700000041.050000,1,300,300,30.79,52.67,0,2043,300/300/300/300/300/300
1700000041.100000,1,300,300,30.78,274.87,1,2008,300/300/300/300/300/300
1700000041.150000,1,300,300,30.74,50.41,0,2008,300/300/300/300/300/300
1700000041.200000,1,300,300,30.71,49.68,0,2008,300/300/300/300/300/300
1700000041.250000,1,300,300,30.66,270.59,1,1999,300/300/300/300/300/300
1700000041.300000,1,300,300,30.64,50.10,0,1999,300/300/300/300/300/300
1700000041.350000,1,300,300,30.62,48.43,0,1999,300/300/300/300/300/300
1700000041.400000,1,300,300,30.61,273.30,1,2010,300/300/300/300/300/300
1700000041.450000,1,300,300,30.59,49.57,0,2010,300/300/300/300/300/300
1700000041.500000,1,300,300,30.55,51.06,0,2010,300/300/300/300/300/300
1700000041.550000,1,300,300,30.51,265.22,1,2010,300/300/300/300/300/300
1700000041.600000,1,300,300,30.47,49.02,0,2010,300/300/300/300/300/300
1700000041.650000,1,300,300,30.41,49.59,0,2010,300/300/300/300/300/300
1700000041.700000,1,300,300,30.37,267.05,1,2012,300/300/300/300/300/300
1700000041.750000,1,300,300,30.31,50.58,0,2012,300/300/300/300/300/300
1700000041.800000,1,300,300,30.27,48.29,0,2012,300/300/300/300/300/300
1700000041.850000,1,300,300,30.22,310.58,1,2012,300/300/300/300/300/300
1700000041.900000,1,300,300,30.17,49.69,0,2012,300/300/300/300/300/300
1700000041.950000,1,300,300,30.12,48.85,0,2012,300/300/300/300/300/300
1700000042.000000,1,300,300,30.08,260.14,1,1987,300/300/300/300/300/300
1700000042.050000,1,300,300,30.02,48.97,0,1987,300/300/300/300/300/300
1700000042.100000,1,300,300,29.98,47.81,0,1987,300/300/300/300/300/300
1700000042.150000,1,300,300,29.93,308.05,1,2026,300/300/300/300/300/300
1700000042.200000,1,300,300,29.89,49.60,0,2026,300/300/300/300/300/300
1700000042.250000,1,300,300,29.84,44.81,0,2026,300/300/300/300/300/300
1700000042.300000,1,300,300,29.79,312.64,1,2026,300/300/300/300/300/300
1700000042.350000,1,300,300,29.76,47.50,0,2026,300/300/300/300/300/300
1700000042.400000,1,300,300,29.72,48.37,0,2026,300/300/300/300/300/300
1700000042.450000,1,300,300,29.68,300.63,1,1982,300/300/300/300/300/300
1700000042.500000,1,300,300,29.63,50.16,0,1982,300/300/300/300/300/300
1700000042.550000,1,300,300,29.58,50.41,0,1982,300/300/300/300/300/300
1700000042.600000,1,300,300,29.53,265.56,1,1992,300/300/300/300/300/300
1700000042.650000,1,300,300,29.48,47.76,0,1992,300/300/300/300/300/300
1700000042.700000,1,300,300,29.45,48.42,0,1992,300/300/300/300/300/300
1700000042.750000,1,300,300,29.44,265.25,1,1993,300/300/300/300/300/300
1700000042.800000,1,300,300,29.43,46.30,0,1993,300/300/300/300/300/300
1700000042.850000,1,300,300,29.42,47.41,0,1993,300/300/300/300/300/300
1700000042.900000,1,300,300,29.42,271.46,1,1989,300/300/300/300/300/300
1700000042.950000,1,300,300,29.40,49.38,0,1989,300/300/300/300/300/300
1700000043.000000,1,300,300,29.39,49.77,0,1989,300/300/300/300/300/300
1700000043.050000,1,300,300,29.40,273.58,1,1967,300/300/300/300/300/300
1700000043.100000,1,300,300,29.41,48.49,0,1967,300/300/300/300/300/300
1700000043.150000,1,300,300,29.42,47.84,0,1967,300/300/300/300/300/300
1700000043.200000,1,300,300,29.45,275.91,1,1958,300/300/300/300/300/300
1700000043.250000,1,300,300,29.48,47.22,0,1958,300/300/300/300/300/300
1700000043.300000,1,300,300,29.51,47.06,0,1958,300/300/300/300/300/300
1700000043.350000,1,300,300,29.51,276.67,1,1972,300/300/300/300/300/300
1700000043.400000,1,300,300,29.53,49.18,0,1972,300/300/300/300/300/300
1700000043.450000,1,300,300,29.55,44.15,0,1972,300/300/300/300/300/300
1700000043.500000,1,300,300,29.57,281.00,1,1963,300/300/300/300/300/300
1700000043.550000,1,300,300,29.59,50.56,0,1963,300/300/300/300/300/300
1700000043.600000,1,300,300,29.64,49.77,0,1963,300/300/300/300/300/300
1700000043.650000,1,300,300,29.67,286.57,1,1973,300/300/300/300/300/300
1700000043.700000,1,300,300,29.72,44.71,0,1973,300/300/300/300/300/300
1700000043.750000,1,300,300,29.76,48.27,0,1973,300/300/300/300/300/300
1700000043.800000,1,300,300,29.81,406.14,1,1945,300/300/300/300/300/300
1700000043.850000,1,300,300,29.87,47.57,0,1945,300/300/300/300/300/300
1700000043.900000,1,300,300,29.92,47.93,0,1945,300/300/300/300/300/300
1700000043.950000,1,300,300,29.98,285.53,1,1939,300/300/300/300/300/300
1700000044.000000,1,300,300,30.06,44.95,0,1939,300/300/300/300/300/300
1700000044.050000,1,300,300,30.11,52.19,0,1939,300/300/300/300/300/300
1700000044.100000,1,300,300,30.16,299.80,1,1937,300/300/300/300/300/300
1700000044.150000,1,300,300,30.24,46.56,0,1937,300/300/300/300/300/300
1700000044.200000,1,300,300,30.32,49.37,0,1937,300/300/300/300/300/300
1700000044.250000,1,300,300,30.41,366.02,1,1923,300/300/300/300/300/300
1700000044.300000,1,300,300,30.50,51.45,0,1923,300/300/300/300/300/300
1700000044.350000,1,300,300,30.61,49.19,0,1923,300/300/300/300/300/300
1700000044.400000,1,300,300,30.72,305.17,1,1904,300/300/300/300/300/300
1700000044.450000,1,300,300,30.83,48.54,0,1904,300/300/300/300/300/300
1700000044.500000,1,300,300,30.94,49.33,0,1904,300/300/300/300/300/300
1700000044.550000,1,300,300,31.05,307.84,1,1893,300/300/300/300/300/300
1700000044.600000,1,300,300,31.18,48.77,0,1893,300/300/300/300/300/300
1700000044.650000,1,300,300,31.30,49.13,0,1893,300/300/300/300/300/300
1700000044.700000,1,300,300,31.46,302.67,1,1882,300/300/300/300/300/300
1700000044.750000,1,300,300,31.62,52.81,0,1882,300/300/300/300/300/300
1700000044.800000,1,300,300,31.78,50.38,0,1882,300/300/300/300/300/300
1700000044.850000,1,300,300,31.95,302.07,1,1876,300/300/300/300/300/300
1700000044.900000,1,300,300,32.14,52.20,0,1876,300/300/300/300/300/300
1700000044.950000,1,300,300,32.33,54.71,0,1876,300/300/300/300/300/300
1700000045.000000,1,300,300,32.54,296.36,1,1870,300/300/300/300/300/300
1700000045.050000,1,300,300,32.79,49.73,0,1870,300/300/300/300/300/300
1700000045.100000,1,300,300,33.03,51.56,0,1870,300/300/300/300/300/300
1700000045.150000,1,300,300,33.30,290.71,1,1869,300/300/300/300/300/300
1700000045.200000,1,300,300,33.59,53.54,0,1869,300/300/300/300/300/300
1700000045.250000,1,300,300,33.88,52.85,0,1869,300/300/300/300/300/300
1700000045.300000,1,300,300,34.21,283.63,1,1883,300/300/300/300/300/300
1700000045.350000,1,300,300,34.57,50.99,0,1883,300/300/300/300/300/300
1700000045.400000,1,300,300,34.96,52.37,0,1883,300/300/300/300/300/300
1700000045.450000,1,300,300,35.37,279.26,1,1882,300/300/300/300/300/300
1700000045.500000,1,300,300,35.80,50.86,0,1882,300/300/300/300/300/300
1700000045.550000,1,300,300,36.25,50.05,0,1882,300/300/300/300/300/300
1700000045.600000,1,300,300,36.79,273.05,1,1884,300/300/300/300/300/300
1700000045.650000,1,300,300,37.34,50.80,0,1884,300/300/300/300/300/300
1700000045.700000,1,300,300,37.90,51.38,0,1884,300/300/300/300/300/300
1700000045.750000,1,300,300,38.44,272.67,1,1883,300/300/300/300/300/300
1700000045.800000,1,300,300,39.01,53.56,0,1883,300/300/300/300/300/300
1700000045.850000,1,300,300,39.64,53.72,0,1883,300/300/300/300/300/300
1700000045.900000,1,300,300,40.33,267.75,1,1872,300/300/300/300/300/300
1700000045.950000,1,300,300,41.04,48.08,0,1872,300/300/300/300/300/300
1700000046.000000,1,300,300,41.68,54.07,0,1872,300/300/300/300/300/300
1700000046.050000,1,300,300,42.39,265.72,1,1874,300/300/300/300/300/300
1700000046.100000,1,300,300,43.24,50.64,0,1874,300/300/300/300/300/300
1700000046.150000,1,300,300,44.20,53.45,0,1874,300/300/300/300/300/300
1700000046.200000,1,300,300,45.20,311.09,1,1861,300/300/300/300/300/300
1700000046.250000,1,300,300,46.22,54.66,0,1861,300/300/300/300/300/300
1700000046.300000,1,300,300,47.37,55.21,0,1861,300/300/300/300/300/300
1700000046.350000,1,300,300,48.45,272.34,1,1857,300/300/300/300/300/300
1700000046.400000,1,300,300,49.38,57.05,0,1857,300/300/300/300/300/300
1700000046.450000,1,300,300,50.21,56.31,0,1857,300/300/300/300/300/300
1700000046.500000,1,300,300,51.02,272.34,1,1892,300/300/300/300/300/300
1700000046.550000,1,300,300,51.68,60.00,0,1892,300/300/300/300/300/300
1700000046.600000,1,300,300,52.16,61.24,0,1892,300/300/300/300/300/300
1700000046.650000,1,300,300,52.48,272.36,1,1879,300/300/300/300/300/300
1700000046.700000,1,300,300,52.72,59.73,0,1879,300/300/300/300/300/300
1700000046.750000,1,300,300,52.82,59.40,0,1879,300/300/300/300/300/300
1700000046.800000,1,300,300,52.84,278.30,1,1903,300/300/300/300/300/300
1700000046.850000,1,300,300,52.62,60.20,0,1903,300/300/300/300/300/300
1700000046.900000,1,300,300,52.16,65.50,0,1903,300/300/300/300/300/300
1700000046.950000,1,300,300,51.60,277.82,1,1926,300/300/300/300/300/300
1700000047.000000,1,300,300,51.10,69.02,0,1926,300/300/300/300/300/300
1700000047.050000,1,300,300,50.60,61.22,0,1926,300/300/300/300/300/300
1700000047.100000,1,300,300,50.07,274.22,1,1955,300/300/300/300/300/300
1700000047.150000,1,300,300,49.32,67.16,0,1955,300/300/300/300/300/300
1700000047.200000,1,300,300,48.49,68.34,0,1955,300/300/300/300/300/300
1700000047.250000,1,300,300,47.57,284.15,1,1951,300/300/300/300/300/300
1700000047.300000,1,300,300,46.54,67.95,0,1951,300/300/292/300/300/300
1700000047.350000,1,300,300,45.44,65.69,0,1951,300/300/300/300/300/300
1700000047.400000,1,300,300,44.30,277.15,1,1958,300/300/300/300/300/300
1700000047.450000,1,300,300,43.32,63.53,0,1958,300/300/300/300/300/300
1700000047.500000,1,300,300,42.37,60.27,0,1958,300/300/300/300/300/300
1700000047.550000,1,300,300,41.42,327.92,1,1996,300/300/300/300/300/300
1700000047.600000,1,300,300,40.53,59.65,0,1996,300/300/300/300/300/300
1700000047.650000,1,300,300,39.68,59.97,0,1996,300/300/300/300/300/300
1700000047.700000,1,300,300,38.83,280.52,1,2028,300/300/300/300/300/300
1700000047.750000,1,300,300,38.00,58.68,0,2028,300/300/300/300/300/300
1700000047.800000,1,300,300,37.29,57.85,0,2028,300/300/300/300/300/300
1700000047.850000,1,300,300,36.60,282.92,1,2085,300/300/300/300/300/300
1700000047.900000,1,300,300,35.96,59.07,0,2085,300/300/300/300/300/300
1700000047.950000,1,300,300,35.36,54.88,0,2085,300/300/300/300/300/300
1700000048.000000,1,300,300,34.82,329.43,1,2127,300/300/300/300/300/300
1700000048.050000,1,300,300,34.29,57.11,0,2127,300/300/300/300/300/300
1700000048.100000,1,300,300,33.81,51.11,0,2127,300/300/300/300/300/300
1700000048.150000,1,300,300,33.37,439.84,1,2170,300/300/300/300/300/300
1700000048.200000,1,300,300,32.97,52.52,0,2170,300/300/300/300/300/300
1700000048.250000,1,300,300,32.61,56.17,0,2170,300/300/300/300/300/300
1700000048.300000,1,300,300,32.24,364.19,1,2202,300/300/300/300/300/300
1700000048.350000,1,300,300,31.91,50.75,0,2202,300/300/300/300/300/300
1700000048.400000,1,300,300,31.64,50.36,0,2202,300/300/300/300/300/300
1700000048.450000,1,300,300,31.36,234.12,1,2227,300/300/300/300/300/300
1700000048.500000,1,300,300,31.11,54.16,0,2227,300/300/300/300/300/300
1700000048.550000,1,300,300,30.90,52.24,0,2227,300/300/300/300/300/300
1700000048.600000,1,300,300,30.70,286.50,1,2294,300/300/300/300/300/300
1700000048.650000,1,300,300,30.53,55.18,0,2294,300/300/300/300/300/300
1700000048.700000,1,300,300,30.37,51.77,0,2294,300/300/300/300/300/300
1700000048.750000,1,300,300,30.21,333.60,1,2328,300/300/300/300/300/300
1700000048.800000,1,300,300,30.08,51.41,0,2328,300/300/300/300/300/300
1700000048.850000,1,300,300,29.96,51.90,0,2328,300/300/300/300/300/300
1700000048.900000,1,300,300,29.85,283.67,1,2327,300/300/300/300/300/300
1700000048.950000,1,300,300,29.76,51.22,0,2327,300/300/300/300/300/300
1700000049.000000,1,300,300,29.66,49.81,0,2327,300/300/300/300/300/300
1700000049.050000,1,300,300,29.58,345.70,1,2375,300/300/300/300/300/300
1700000049.100000,1,300,300,29.49,48.08,0,2375,300/300/300/300/300/300
1700000049.150000,1,300,300,29.43,48.88,0,2375,300/300/300/300/300/300
1700000049.200000,1,300,300,29.36,237.72,1,2361,300/300/300/300/300/300
1700000049.250000,1,300,300,29.30,51.51,0,2361,300/300/300/300/300/300
1700000049.300000,1,300,300,29.23,50.76,0,2361,300/300/300/300/300/300
1700000049.350000,1,300,300,29.17,311.11,1,2334,300/300/300/300/300/300
1700000049.400000,1,300,300,29.12,52.68,0,2334,300/300/300/300/300/300
1700000049.450000,1,300,300,29.06,50.03,0,2334,300/300/300/300/300/300
1700000049.500000,1,300,300,29.01,187.89,1,2333,300/300/300/300/300/300
1700000049.550000,1,300,300,28.97,50.29,0,2333,300/300/300/300/300/300
1700000049.600000,1,300,300,28.92,49.60,0,2333,300/300/300/300/300/300
1700000049.650000,1,300,300,28.89,344.00,1,2337,300/300/300/300/300/300
1700000049.700000,1,300,300,28.85,50.18,0,2337,300/300/300/300/300/300
1700000049.750000,1,300,300,28.82,50.46,0,2337,300/300/300/300/300/300
1700000049.800000,1,300,300,28.81,324.35,1,2316,300/300/300/300/300/300
1700000049.850000,1,300,300,28.78,49.21,0,2316,300/300/300/300/300/300
1700000049.900000,1,300,300,28.75,51.63,0,2316,300/300/300/300/300/300
1700000049.950000,1,300,300,28.74,309.47,1,2305,300/300/300/300/300/300
1700000050.000000,1,300,300,28.72,49.09,0,2305,300/300/300/300/300/300
1700000050.050000,1,300,300,28.70,49.34,0,2305,300/300/300/300/300/300
1700000050.100000,1,300,300,28.69,241.03,1,2299,300/300/300/300/300/300
1700000050.150000,1,300,300,28.69,55.93,0,2299,300/300/300/300/300/300
1700000050.200000,1,300,300,28.69,50.99,0,2299,300/300/300/300/300/300
1700000050.250000,1,300,300,28.68,363.41,1,2261,300/300/300/300/300/300
1700000050.300000,1,300,300,28.69,49.79,0,2261,300/300/300/300/300/300
1700000050.350000,1,300,300,28.67,53.84,0,2261,300/300/300/300/300/300
1700000050.400000,1,300,300,28.68,236.60,1,2276,300/300/300/300/300/300
1700000050.450000,1,300,300,28.68,49.75,0,2276,300/300/300/300/300/300
1700000050.500000,1,300,300,28.70,52.09,0,2276,300/300/300/300/300/300
1700000050.550000,1,300,300,28.72,307.83,1,2263,300/300/300/300/300/300
1700000050.600000,1,300,300,28.73,48.88,0,2263,300/300/300/300/300/300
1700000050.650000,1,300,300,28.75,47.74,0,2263,300/300/300/300/300/300
1700000050.700000,1,300,300,28.77,415.47,1,2255,300/300/300/300/300/300
1700000050.750000,1,300,300,28.77,50.19,0,2255,300/300/300/300/300/300
1700000050.800000,1,300,300,28.80,50.62,0,2255,300/300/300/300/300/300
1700000050.850000,1,300,300,28.83,245.15,1,2215,300/300/300/300/300/300
1700000050.900000,1,300,300,28.86,48.85,0,2215,300/300/300/300/300/300
1700000050.950000,1,300,300,28.90,46.53,0,2215,300/300/300/300/300/300
1700000051.000000,1,300,300,28.94,304.24,1,2233,300/300/300/300/300/300
1700000051.050000,1,300,300,28.98,47.75,0,2233,300/300/300/300/300/300
1700000051.100000,1,300,300,29.01,49.49,0,2233,300/300/300/300/300/300
1700000051.150000,1,300,300,29.06,305.40,1,2219,300/300/300/300/300/300
1700000051.200000,1,300,300,29.09,50.68,0,2219,300/300/300/300/300/300
1700000051.250000,1,300,300,29.13,48.82,0,2219,300/300/300/300/300/300
1700000051.300000,1,300,300,29.18,364.26,1,2189,300/300/300/300/300/300
1700000051.350000,1,300,300,29.22,49.03,0,2189,300/300/300/300/300/300
1700000051.400000,1,300,300,29.26,51.18,0,2189,300/300/300/300/300/300
1700000051.450000,1,300,300,29.29,365.86,1,2212,300/300/300/300/300/300
1700000051.500000,1,300,300,29.34,49.26,0,2212,300/300/300/300/300/300
1700000051.550000,1,300,300,29.37,48.76,0,2212,300/300/300/300/300/300
1700000051.600000,1,300,300,29.42,460.46,1,2184,300/300/300/300/300/300
1700000051.650000,1,300,300,29.46,48.63,0,2184,300/300/300/300/300/300
1700000051.700000,1,300,300,29.50,48.37,0,2184,300/300/300/300/300/300
1700000051.750000,1,300,300,29.55,366.92,1,2174,300/300/300/300/300/300
1700000051.800000,1,300,300,29.60,49.43,0,2174,300/300/300/300/300/300
1700000051.850000,1,300,300,29.64,48.33,0,2174,300/300/300/300/300/300
1700000051.900000,1,300,300,29.69,304.60,1,2137,300/300/300/300/300/300
1700000051.950000,1,300,300,29.73,49.74,0,2137,300/300/300/300/300/300
1700000052.000000,1,300,300,29.77,49.08,0,2137,300/300/300/300/300/300
1700000052.050000,1,300,300,29.80,349.90,1,2124,300/300/300/300/300/300
1700000052.100000,1,300,300,29.83,48.55,0,2124,300/300/300/300/300/300
1700000052.150000,1,300,300,29.85,47.53,0,2124,300/300/300/300/300/300
1700000052.200000,1,300,300,29.88,303.25,1,2110,300/300/300/300/300/300
1700000052.250000,1,300,300,29.89,48.85,0,2110,300/300/300/300/300/300
1700000052.300000,1,300,300,29.92,48.89,0,2110,300/300/300/300/300/300
1700000052.350000,1,300,300,29.94,349.19,1,2099,300/300/300/300/300/300
1700000052.400000,1,300,300,29.96,47.87,0,2099,300/300/300/300/300/300
1700000052.450000,1,300,300,29.99,46.36,0,2099,300/300/300/300/300/300
1700000052.500000,1,300,300,30.03,309.67,1,2089,300/300/300/300/300/300
1700000052.550000,1,300,300,30.06,47.36,0,2089,300/300/300/300/300/300
1700000052.600000,1,300,300,30.06,47.49,0,2089,300/300/300/300/300/300
1700000052.650000,1,300,300,30.07,333.27,1,2058,300/300/300/300/300/300
1700000052.700000,1,300,300,30.08,47.80,0,2058,300/300/300/300/300/300
1700000052.750000,1,300,300,30.08,45.99,0,2058,300/300/300/300/300/300
1700000052.800000,1,300,300,30.08,283.90,1,2026,300/300/300/300/300/300
1700000052.850000,1,300,300,30.08,47.69,0,2026,300/300/300/300/300/300
1700000052.900000,1,300,300,30.10,47.80,0,2026,300/300/300/300/300/300
1700000052.950000,1,300,300,30.12,416.99,1,2014,300/300/300/300/300/300
1700000053.000000,1,300,300,30.12,46.93,0,2014,300/300/300/300/300/300
1700000053.050000,1,300,300,30.13,47.32,0,2014,300/300/300/300/300/300
1700000053.100000,1,300,300,30.14,322.60,1,1963,300/300/300/300/300/300
1700000053.150000,1,300,300,30.14,49.29,0,1963,300/300/300/300/300/300
1700000053.200000,1,300,300,30.14,47.03,0,1963,300/300/300/300/300/300
1700000053.250000,1,300,300,30.15,318.23,1,1959,300/300/300/300/300/300
1700000053.300000,1,300,300,30.13,46.04,0,1959,300/300/300/300/300/300
1700000053.350000,1,300,300,30.12,47.13,0,1959,300/300/300/300/300/300
1700000053.400000,1,300,300,30.09,372.70,1,1955,300/300/300/300/300/300
1700000053.450000,1,300,300,30.08,48.40,0,1955,300/300/300/300/300/300
1700000053.500000,1,300,300,30.07,49.16,0,1955,300/300/300/300/300/300
1700000053.550000,1,300,300,30.04,456.73,1,1943,300/300/300/300/300/300
1700000053.600000,1,300,300,30.04,49.27,0,1943,300/300/300/300/300/300
1700000053.650000,1,300,300,30.03,48.12,0,1943,300/300/300/300/300/300
1700000053.700000,1,300,300,29.99,275.53,1,1931,300/300/300/300/300/300
1700000053.750000,1,300,300,29.97,48.04,0,1931,300/300/300/300/300/300
1700000053.800000,1,300,300,29.94,47.04,0,1931,300/300/300/300/300/300
1700000053.850000,1,300,300,29.90,231.07,1,1945,300/300/300/300/300/300
1700000053.900000,1,300,300,29.87,49.36,0,1945,300/300/300/300/300/300
1700000053.950000,1,300,300,29.84,51.05,0,1945,300/300/300/300/300/300
1700000054.000000,1,300,300,29.82,335.07,1,1954,300/300/300/300/300/300
1700000054.050000,1,300,300,29.80,47.81,0,1954,300/300/300/300/300/300
1700000054.100000,1,300,300,29.79,49.89,0,1954,300/300/300/300/300/300
1700000054.150000,1,300,300,29.76,232.01,1,1934,300/300/300/300/300/300
1700000054.200000,1,300,300,29.73,49.81,0,1934,300/300/300/300/300/300
1700000054.250000,1,300,300,29.68,48.38,0,1934,300/300/300/300/300/300
1700000054.300000,1,300,300,29.64,337.22,1,1954,300/300/300/300/300/300
1700000054.350000,1,300,300,29.60,48.48,0,1954,300/300/300/300/300/300
1700000054.400000,1,300,300,29.56,46.87,0,1954,300/300/300/300/300/300
1700000054.450000,1,300,300,29.53,272.88,1,1957,300/300/300/300/300/300
1700000054.500000,1,300,300,29.50,48.07,0,1957,300/300/300/300/300/300
1700000054.550000,1,300,300,29.47,46.47,0,1957,300/300/300/300/300/300
1700000054.600000,1,300,300,29.45,393.90,1,1961,300/300/300/300/300/300
1700000054.650000,1,300,300,29.40,49.44,0,1961,300/300/300/300/300/300
1700000054.700000,1,300,300,29.37,47.86,0,1961,300/300/300/300/300/300
1700000054.750000,1,300,300,29.34,247.09,1,1962,300/300/300/300/300/300
1700000054.800000,1,300,300,29.29,49.19,0,1962,300/300/300/300/300/300
1700000054.850000,1,300,300,29.24,49.83,0,1962,300/300/300/300/300/300
1700000054.900000,1,300,300,29.21,355.80,1,1960,300/300/300/300/300/300
1700000054.950000,1,300,300,29.18,50.87,0,1960,300/300/300/300/300/300
1700000055.000000,1,300,300,29.15,51.40,0,1960,300/300/300/300/300/300
1700000055.050000,1,300,300,29.13,301.24,1,1916,300/300/300/300/300/300
1700000055.100000,1,300,300,29.10,50.10,0,1916,300/300/300/300/300/300
1700000055.150000,1,300,300,29.08,51.46,0,1916,300/300/300/300/300/300
1700000055.200000,1,300,300,29.07,329.62,1,1923,300/300/300/300/300/300
1700000055.250000,1,300,300,29.06,49.29,0,1923,300/300/300/300/300/300
1700000055.300000,1,300,300,29.03,50.83,0,1923,300/300/300/300/300/300
1700000055.350000,1,300,300,29.01,370.76,1,1945,300/300/300/300/300/300
1700000055.400000,1,300,300,29.01,52.75,0,1945,300/300/300/300/300/300
1700000055.450000,1,300,300,29.00,49.51,0,1945,300/300/300/300/300/300
1700000055.500000,1,300,300,28.99,424.58,1,1916,300/300/300/300/300/300
1700000055.550000,1,300,300,28.98,50.01,0,1916,300/300/300/300/300/300
1700000055.600000,1,300,300,28.99,48.33,0,1916,300/300/300/300/300/300
1700000055.650000,1,300,300,28.99,309.79,1,1927,300/300/300/300/300/300
1700000055.700000,1,300,300,29.00,52.76,0,1927,300/300/300/300/300/300
1700000055.750000,1,300,300,29.01,49.99,0,1927,300/300/300/300/300/300
1700000055.800000,1,300,300,29.04,311.12,1,1901,300/300/300/300/300/300
1700000055.850000,1,300,300,29.05,54.87,0,1901,300/300/300/300/300/300
1700000055.900000,1,300,300,29.07,50.71,0,1901,300/300/300/300/300/300
1700000055.950000,1,300,300,29.11,369.35,1,1894,300/300/300/300/300/300
1700000056.000000,1,300,300,29.15,51.15,0,1894,300/300/300/300/300/300
1700000056.050000,1,300,300,29.19,51.18,0,1894,300/300/300/300/300/300
1700000056.100000,1,300,300,29.23,392.35,1,1871,300/300/300/300/300/300
1700000056.150000,1,300,300,29.29,50.39,0,1871,300/300/300/300/300/300
1700000056.200000,1,300,300,29.33,49.09,0,1871,300/300/300/300/300/300
1700000056.250000,1,300,300,29.36,459.40,1,1886,300/300/300/300/300/300
1700000056.300000,1,300,300,29.39,49.73,0,1886,300/300/300/300/300/300
1700000056.350000,1,300,300,29.42,50.08,0,1886,300/300/300/300/300/300
1700000056.400000,1,300,300,29.47,241.10,1,1896,300/300/300/300/300/300
1700000056.450000,1,300,300,29.52,47.56,0,1896,300/300/300/300/300/300
1700000056.500000,1,300,300,29.57,49.44,0,1896,300/300/300/300/300/300
1700000056.550000,1,300,300,29.62,468.73,1,1884,300/300/300/300/300/300
1700000056.600000,1,300,300,29.69,49.94,0,1884,300/300/300/300/300/300
1700000056.650000,1,300,300,29.74,50.17,0,1884,300/300/300/300/300/300
1700000056.700000,1,300,300,29.77,395.48,1,1844,300/300/300/300/300/300
1700000056.750000,1,300,300,29.80,49.48,0,1844,300/300/300/300/300/300
1700000056.800000,1,300,300,29.84,49.64,0,1844,300/300/300/300/300/300
1700000056.850000,1,300,300,29.84,336.65,1,1840,300/300/300/300/300/300
1700000056.900000,1,300,300,29.87,51.63,0,1840,300/300/300/300/300/300
1700000056.950000,1,300,300,29.90,49.67,0,1840,300/300/300/300/300/300
1700000057.000000,1,300,300,29.90,228.80,1,1853,300/300/300/300/300/300
1700000057.050000,1,300,300,29.90,48.11,0,1853,300/300/300/300/300/300
1700000057.100000,1,300,300,29.88,49.64,0,1853,300/300/300/300/300/300
1700000057.150000,1,300,300,29.85,337.10,1,1847,300/300/300/300/300/300
1700000057.200000,1,300,300,29.85,50.17,0,1847,300/300/300/300/300/300
1700000057.250000,1,300,300,29.84,47.99,0,1847,300/300/300/300/300/300
1700000057.300000,1,300,300,29.83,276.44,1,1819,300/300/300/300/300/300
1700000057.350000,1,300,300,29.82,50.51,0,1819,300/300/300/300/300/300
1700000057.400000,1,300,300,29.82,48.52,0,1819,300/300/300/300/300/300
1700000057.450000,1,300,300,29.80,362.53,1,1822,300/300/300/300/300/300
1700000057.500000,1,300,300,29.78,51.68,0,1822,300/300/300/300/300/300
1700000057.550000,1,300,300,29.76,48.12,0,1822,300/300/300/300/300/300
1700000057.600000,1,300,300,29.75,287.11,1,1810,300/300/300/300/300/300
1700000057.650000,1,300,300,29.73,50.09,0,1810,300/300/300/300/300/300
1700000057.700000,1,300,300,29.72,50.49,0,1810,300/300/300/300/300/300
1700000057.750000,1,300,300,29.73,275.59,1,1798,300/300/300/300/300/300
1700000057.800000,1,300,300,29.75,48.96,0,1798,300/300/300/300/300/300
1700000057.850000,1,300,300,29.75,50.28,0,1798,300/300/300/300/300/300
1700000057.900000,1,300,300,29.75,267.39,1,1790,300/300/300/300/300/300
1700000057.950000,1,300,300,29.76,49.43,0,1790,300/300/300/300/300/300
1700000058.000000,1,300,300,29.78,48.47,0,1790,300/300/300/300/300/300
1700000058.050000,1,300,300,29.79,224.08,1,1805,300/300/300/300/300/300
1700000058.100000,1,300,300,29.81,50.81,0,1805,300/300/300/300/300/300
1700000058.150000,1,300,300,29.82,50.47,0,1805,300/300/300/300/300/300
1700000058.200000,1,300,300,29.81,361.35,1,1806,300/300/300/300/300/300
1700000058.250000,1,300,300,29.81,50.43,0,1806,300/300/300/300/300/300
1700000058.300000,1,300,300,29.81,48.86,0,1806,300/300/300/300/300/300
1700000058.350000,1,300,300,29.83,275.73,1,1799,300/300/300/300/300/300
1700000058.400000,1,300,300,29.85,48.93,0,1799,300/300/300/300/300/300
1700000058.450000,1,300,300,29.87,48.64,0,1799,300/300/300/300/300/300
1700000058.500000,1,300,300,29.89,350.15,1,1807,300/300/300/300/300/300
1700000058.550000,1,300,300,29.93,49.90,0,1807,300/300/300/300/300/300
1700000058.600000,1,300,300,29.96,46.87,0,1807,300/300/300/300/300/300
1700000058.650000,1,300,300,30.00,285.21,1,1814,300/300/300/300/300/300
1700000058.700000,1,300,300,30.01,47.79,0,1814,300/300/300/300/300/300
1700000058.750000,1,300,300,30.02,52.13,0,1814,300/300/300/300/300/300
1700000058.800000,1,300,300,30.03,387.98,1,1819,300/300/300/300/300/300
1700000058.850000,1,300,300,30.02,50.07,0,1819,300/300/300/300/300/300
1700000058.900000,1,300,300,30.03,49.43,0,1819,300/300/300/300/300/300
1700000058.950000,1,300,300,30.03,271.83,1,1850,300/300/300/300/300/300
1700000059.000000,1,300,300,30.05,50.88,0,1850,300/300/300/300/300/300
1700000059.050000,1,300,300,30.07,50.30,0,1850,300/300/300/300/300/300
1700000059.100000,1,300,300,30.07,332.53,1,1861,300/300/300/300/300/300
1700000059.150000,1,300,300,30.06,51.43,0,1861,300/300/300/300/300/300
1700000059.200000,1,300,300,30.03,48.88,0,1861,300/300/300/300/300/300
1700000059.250000,1,300,300,30.00,328.59,1,1828,300/300/300/300/300/300
1700000059.300000,1,300,300,29.97,49.98,0,1828,300/300/300/300/300/300
1700000059.350000,1,300,300,29.91,53.28,0,1828,300/300/300/300/300/300
1700000059.400000,1,300,300,29.86,281.19,1,1844,300/300/300/300/300/300
1700000059.450000,1,300,300,29.80,52.67,0,1844,300/300/300/300/300/300
1700000059.500000,1,300,300,29.77,50.84,0,1844,300/300/300/300/300/300
1700000059.550000,1,300,300,29.74,337.96,1,1857,300/300/300/300/300/300
1700000059.600000,1,300,300,29.71,51.24,0,1857,300/300/300/300/300/300
1700000059.650000,1,300,300,29.66,54.72,0,1857,300/300/300/300/300/300
1700000059.700000,1,300,300,29.62,280.81,1,1855,300/300/300/300/300/300
1700000059.750000,1,300,300,29.57,53.95,0,1855,300/300/300/300/300/300
1700000059.800000,1,300,300,29.51,53.57,0,1855,300/300/300/300/300/300
1700000059.850000,1,300,300,29.47,279.78,1,1891,300/300/300/300/300/300
1700000059.900000,1,300,300,29.45,52.90,0,1891,300/300/300/300/300/300
1700000059.950000,1,300,300,29.43,52.01,0,1891,300/300/300/300/300/300
1700000060.000000,1,300,300,29.40,339.12,1,1893,300/300/300/300/300/300
1700000060.050000,1,300,300,29.39,57.90,0,1893,300/300/300/300/300/300
1700000060.100000,1,300,300,29.38,53.00,0,1893,300/300/300/300/300/300
1700000060.150000,1,300,300,29.38,385.86,1,1913,300/300/300/300/300/300
1700000060.200000,1,300,300,29.36,53.07,0,1913,300/300/300/300/300/300
1700000060.250000,1,300,300,29.35,49.03,0,1913,300/300/300/300/300/300
1700000060.300000,1,300,300,29.35,241.04,1,1907,300/300/300/300/300/300
1700000060.350000,1,300,300,29.32,53.63,0,1907,300/300/300/300/300/300
1700000060.400000,1,300,300,29.29,52.04,0,1907,300/300/300/300/300/300
1700000060.450000,1,300,300,29.26,270.44,1,1897,300/300/300/300/300/300
1700000060.500000,1,300,300,29.23,54.99,0,1897,300/300/300/300/300/300
1700000060.550000,1,300,300,29.23,53.45,0,1897,300/300/300/300/300/300
1700000060.600000,1,300,300,29.23,268.17,1,1886,300/300/300/300/300/300
1700000060.650000,1,300,300,29.24,51.09,0,1886,300/300/300/300/300/300
1700000060.700000,1,300,300,29.26,55.51,0,1886,300/300/300/300/300/300
1700000060.750000,1,300,300,29.27,267.11,1,1898,300/300/300/300/300/300
1700000060.800000,1,300,300,29.28,53.89,0,1898,300/300/300/300/300/300
1700000060.850000,1,300,300,29.30,51.38,0,1898,300/300/300/300/300/300
1700000060.900000,1,300,300,29.32,363.83,1,1894,300/300/300/300/300/300
1700000060.950000,1,300,300,29.33,54.69,0,1894,300/300/300/300/300/300
1700000061.000000,1,300,300,29.35,50.17,0,1894,300/300/300/300/300/300
1700000061.050000,1,300,300,29.36,399.53,1,1891,300/300/300/300/300/300
1700000061.100000,1,300,300,29.37,53.49,0,1891,300/300/300/300/300/300
1700000061.150000,1,300,300,29.39,48.62,0,1891,300/300/300/300/300/300
1700000061.200000,1,300,300,29.40,263.97,1,1919,300/300/300/300/300/300
1700000061.250000,1,300,300,29.41,52.33,0,1919,300/300/300/300/300/300
1700000061.300000,1,300,300,29.41,50.05,0,1919,300/300/300/300/300/300
1700000061.350000,1,300,300,29.40,312.75,1,1946,300/300/300/300/300/300
1700000061.400000,1,300,300,29.41,51.41,0,1946,300/300/300/300/300/300
1700000061.450000,1,300,300,29.41,49.59,0,1946,300/300/300/300/300/300
1700000061.500000,1,300,300,29.42,304.74,1,1936,300/300/300/300/300/300
1700000061.550000,1,300,300,29.42,49.94,0,1936,300/300/300/300/300/300
1700000061.600000,1,300,300,29.42,49.97,0,1936,300/300/300/300/300/300
1700000061.650000,1,300,300,29.42,272.46,1,1967,300/300/300/300/300/300
1700000061.700000,1,300,300,29.42,49.04,0,1967,300/300/300/300/300/300
1700000061.750000,1,300,300,29.43,49.63,0,1967,300/300/300/300/300/300
1700000061.800000,1,300,300,29.42,259.17,1,1994,300/300/300/300/300/300
1700000061.850000,1,300,300,29.43,50.50,0,1994,300/300/300/300/300/300
1700000061.900000,1,300,300,29.43,48.58,0,1994,300/300/300/300/300/300
1700000061.950000,1,300,300,29.42,351.54,1,1998,300/300/300/300/300/300
1700000062.000000,1,300,300,29.42,49.44,0,1998,300/300/300/300/300/300
1700000062.050000,1,300,300,29.41,53.07,0,1998,300/300/300/300/300/300
1700000062.100000,1,300,300,29.41,268.81,1,1971,300/300/300/300/300/300
1700000062.150000,1,300,300,29.41,48.69,0,1971,300/300/300/300/300/300
1700000062.200000,1,300,300,29.40,48.80,0,1971,300/300/300/300/300/300
1700000062.250000,1,300,300,29.41,266.28,1,1997,300/300/300/300/300/300
1700000062.300000,1,300,300,29.40,49.86,0,1997,300/300/300/300/300/300
1700000062.350000,1,300,300,29.39,49.28,0,1997,300/300/300/300/300/300
1700000062.400000,1,300,300,29.39,266.76,1,2008,300/300/300/300/300/300
1700000062.450000,1,300,300,29.38,49.47,0,2008,300/300/300/300/300/300
1700000062.500000,1,300,300,29.37,49.69,0,2008,300/300/300/300/300/300
1700000062.550000,1,300,300,29.36,262.18,1,1983,300/300/300/300/300/300
1700000062.600000,1,300,300,29.36,51.35,0,1983,300/300/300/300/300/300
1700000062.650000,1,300,300,29.35,48.83,0,1983,300/300/300/300/300/300
1700000062.700000,1,300,300,29.34,268.94,1,1964,300/300/300/300/300/300
1700000062.750000,1,300,300,29.31,50.98,0,1964,300/300/300/300/300/300
1700000062.800000,1,300,300,29.30,49.93,0,1964,300/300/300/300/300/300
1700000062.850000,1,300,300,29.28,313.97,1,1968,300/300/300/300/300/300
1700000062.900000,1,300,300,29.24,49.60,0,1968,300/300/300/300/300/300
1700000062.950000,1,300,300,29.22,49.36,0,1968,300/300/300/300/300/300
1700000063.000000,1,300,300,29.20,318.15,1,1967,300/300/300/300/300/300
1700000063.050000,1,300,300,29.17,50.33,0,1967,300/300/300/300/300/300
1700000063.100000,1,300,300,29.15,50.80,0,1967,300/300/300/300/300/300
1700000063.150000,1,300,300,29.12,456.70,1,1990,300/300/300/300/300/300
1700000063.200000,1,300,300,29.10,51.17,0,1990,300/300/300/300/300/300
1700000063.250000,1,300,300,29.07,48.87,0,1990,300/300/300/300/300/300
1700000063.300000,1,300,300,29.05,276.84,1,2035,300/300/300/300/300/300
1700000063.350000,1,300,300,29.02,51.34,0,2035,300/300/300/300/300/300
1700000063.400000,1,300,300,29.00,48.60,0,2035,300/300/300/300/300/300
1700000063.450000,1,300,300,28.97,275.89,1,2021,300/300/300/300/300/300
1700000063.500000,1,300,300,28.96,49.18,0,2021,300/300/300/300/300/300
1700000063.550000,1,300,300,28.91,51.84,0,2021,300/300/300/300/300/300
1700000063.600000,1,300,300,28.89,283.73,1,2007,300/300/300/300/300/300
1700000063.650000,1,300,300,28.85,50.63,0,2007,300/300/300/300/300/300
1700000063.700000,1,300,300,28.82,49.52,0,2007,300/300/300/300/300/300
1700000063.750000,1,300,300,28.80,292.34,1,2002,300/300/300/300/300/300
1700000063.800000,1,300,300,28.77,51.97,0,2002,300/300/300/300/300/300
1700000063.850000,1,300,300,28.74,50.29,0,2002,300/300/300/300/300/300
1700000063.900000,1,300,300,28.72,484.66,1,1990,300/300/300/300/300/300
1700000063.950000,1,300,300,28.70,48.16,0,1990,300/300/300/300/300/300
1700000064.000000,1,300,300,28.69,50.09,0,1990,300/300/300/300/300/300
1700000064.050000,1,300,300,28.67,277.48,1,2003,300/300/300/300/300/300
1700000064.100000,1,300,300,28.65,50.42,0,2003,300/300/300/300/300/300
1700000064.150000,1,300,300,28.63,48.97,0,2003,300/300/300/300/300/300
1700000064.200000,1,300,300,28.62,317.74,1,1979,300/300/300/300/300/300
1700000064.250000,1,300,300,28.61,48.98,0,1979,300/300/300/300/300/300
1700000064.300000,1,300,300,28.59,48.41,0,1979,300/300/300/300/300/300
1700000064.350000,1,300,300,28.56,316.01,1,1984,300/300/300/300/300/300
1700000064.400000,1,300,300,28.54,47.88,0,1984,300/300/300/300/300/300
1700000064.450000,1,300,300,28.51,48.44,0,1984,300/300/300/300/300/300
1700000064.500000,1,300,300,28.49,368.07,1,1954,300/300/300/300/300/300
1700000064.550000,1,300,300,28.48,50.13,0,1954,300/300/300/300/300/300
1700000064.600000,1,300,300,28.47,50.02,0,1954,300/300/300/300/300/300
1700000064.650000,1,300,300,28.44,271.74,1,1941,300/300/300/300/300/300
1700000064.700000,1,300,300,28.44,48.36,0,1941,300/300/300/300/300/300
1700000064.750000,1,300,300,28.42,48.45,0,1941,300/300/300/300/300/300
1700000064.800000,1,300,300,28.42,328.49,1,1904,300/300/300/300/300/300
1700000064.850000,1,300,300,28.41,50.15,0,1904,300/300/300/300/300/300
1700000064.900000,1,300,300,28.39,46.44,0,1904,300/300/300/300/300/300
1700000064.950000,1,300,300,28.38,319.33,1,1898,300/300/300/300/300/300
1700000065.000000,1,300,300,28.36,49.30,0,1898,300/300/300/300/300/300
1700000065.050000,1,300,300,28.35,48.08,0,1898,300/300/300/300/300/300
1700000065.100000,1,300,300,28.34,276.23,1,1891,300/300/300/300/300/300
1700000065.150000,1,300,300,28.32,44.83,0,1891,300/300/300/300/300/300
1700000065.200000,1,300,300,28.31,47.17,0,1891,300/300/300/300/300/300
1700000065.250000,1,300,300,28.31,360.69,1,1874,300/300/300/300/300/300
1700000065.300000,1,300,300,28.27,48.18,0,1874,300/300/300/300/300/300
1700000065.350000,1,300,300,28.27,49.50,0,1874,300/300/300/300/300/300
1700000065.400000,1,300,300,28.26,282.01,1,1846,300/300/300/300/300/300
1700000065.450000,1,300,300,28.24,47.50,0,1846,300/300/300/300/300/300
1700000065.500000,1,300,300,28.23,45.27,0,1846,300/300/300/300/300/300
1700000065.550000,1,300,300,28.20,368.12,1,1842,300/300/300/300/300/300
1700000065.600000,1,300,300,28.17,45.76,0,1842,300/300/300/300/300/300
1700000065.650000,1,300,300,28.15,48.27,0,1842,300/300/300/300/300/300
1700000065.700000,1,300,300,28.13,333.96,1,1817,300/300/300/300/300/300
1700000065.750000,1,300,300,28.12,50.57,0,1817,300/300/300/300/300/300
1700000065.800000,1,300,300,28.09,46.04,0,1817,300/300/300/300/300/300
1700000065.850000,1,300,300,28.06,331.15,1,1780,300/300/300/300/300/300
1700000065.900000,1,300,300,28.04,49.56,0,1780,300/300/300/300/300/300
1700000065.950000,1,300,300,28.01,49.75,0,1780,300/300/300/300/300/300
1700000066.000000,1,300,300,27.97,279.87,1,1805,300/300/300/300/300/300
1700000066.050000,1,300,300,27.94,47.20,0,1805,300/300/300/300/300/300
1700000066.100000,1,300,300,27.91,47.41,0,1805,300/300/300/300/300/300
1700000066.150000,1,300,300,27.87,284.02,1,1815,300/300/300/300/300/300
1700000066.200000,1,300,300,27.84,47.82,0,1815,300/300/300/300/300/300
1700000066.250000,1,300,300,27.82,44.78,0,1815,300/300/300/300/300/300
1700000066.300000,1,300,300,27.78,288.38,1,1797,300/300/300/300/300/300
1700000066.350000,1,300,300,27.74,50.70,0,1797,300/300/300/300/300/300
1700000066.400000,1,300,300,27.73,48.01,0,1797,300/300/300/300/300/300
1700000066.450000,1,300,300,27.70,341.93,1,1769,300/300/300/300/300/300
1700000066.500000,1,300,300,27.68,50.17,0,1769,300/300/300/300/300/300
1700000066.550000,1,300,300,27.63,47.72,0,1769,300/300/300/300/300/300
1700000066.600000,1,300,300,27.61,292.13,1,1792,300/300/300/300/300/300
1700000066.650000,1,300,300,27.58,49.92,0,1792,300/300/300/300/300/300
1700000066.700000,1,300,300,27.56,49.73,0,1792,300/300/300/300/300/300
1700000066.750000,1,300,300,27.53,355.37,1,1815,300/300/300/300/300/300
1700000066.800000,1,300,300,27.50,51.48,0,1815,300/300/300/300/300/300
1700000066.850000,1,300,300,27.47,47.25,0,1815,300/300/300/300/300/300
1700000066.900000,1,300,300,27.45,344.65,1,1794,300/300/300/300/300/300
1700000066.950000,1,300,300,27.43,51.64,0,1794,300/300/300/300/300/300
1700000067.000000,1,300,300,27.41,49.33,0,1794,300/300/300/300/300/300
1700000067.050000,1,300,300,27.39,292.66,1,1795,300/300/300/300/300/300
1700000067.100000,1,300,300,27.38,49.06,0,1795,300/300/300/300/300/300
1700000067.150000,1,300,300,27.36,50.68,0,1795,300/300/300/300/300/300
1700000067.200000,1,300,300,27.33,291.99,1,1765,300/300/300/300/300/300
1700000067.250000,1,300,300,27.31,51.73,0,1765,300/300/300/300/300/300
1700000067.300000,1,300,300,27.29,49.19,0,1765,300/300/300/300/300/300
1700000067.350000,1,300,300,27.27,328.25,1,1710,300/300/300/300/300/300
1700000067.400000,1,300,300,27.26,53.41,0,1710,300/300/300/300/300/300
1700000067.450000,1,300,300,27.25,50.28,0,1710,300/300/300/300/300/300
1700000067.500000,1,300,300,27.23,278.65,1,1732,300/300/300/300/300/300
1700000067.550000,1,300,300,27.22,45.25,0,1732,300/300/300/300/300/300
1700000067.600000,1,300,300,27.22,49.75,0,1732,300/300/300/300/300/300
1700000067.650000,1,300,300,27.19,286.69,1,1757,300/300/300/300/300/300
1700000067.700000,1,300,300,27.18,49.87,0,1757,300/300/300/300/300/300
1700000067.750000,1,300,300,27.17,47.88,0,1757,300/300/300/300/300/300
1700000067.800000,1,300,300,27.14,283.87,1,1749,300/300/300/300/300/300
1700000067.850000,1,300,300,27.13,47.24,0,1749,300/300/300/300/300/300
1700000067.900000,1,300,300,27.13,44.07,0,1749,300/300/300/300/300/300
1700000067.950000,1,300,300,27.12,279.92,1,1752,300/300/300/300/300/300
1700000068.000000,1,300,300,27.11,44.53,0,1752,300/300/300/300/300/300
1700000068.050000,1,300,300,27.12,47.62,0,1752,300/300/300/300/300/300
1700000068.100000,1,300,300,27.12,275.46,1,1739,300/300/300/300/300/300
1700000068.150000,1,300,300,27.12,48.50,0,1739,300/300/300/300/300/300
1700000068.200000,1,300,300,27.13,44.91,0,1739,300/300/300/300/300/300
1700000068.250000,1,300,300,27.14,408.43,1,1728,300/300/300/300/300/300
1700000068.300000,1,300,300,27.16,49.29,0,1728,300/300/300/300/300/300
1700000068.350000,1,300,300,27.17,48.31,0,1728,300/300/300/300/300/300
1700000068.400000,1,300,300,27.17,408.34,1,1732,300/300/300/300/300/300
1700000068.450000,1,300,300,27.19,48.30,0,1732,300/300/300/300/300/300
1700000068.500000,1,300,300,27.21,50.12,0,1732,300/300/300/300/300/300
1700000068.550000,1,300,300,27.22,272.23,1,1741,300/300/300/300/300/300
1700000068.600000,1,300,300,27.25,48.25,0,1741,300/300/300/300/300/300
1700000068.650000,1,300,300,27.27,47.41,0,1741,300/300/300/300/300/300
1700000068.700000,1,300,300,27.28,266.78,1,1743,300/300/300/300/300/300
1700000068.750000,1,300,300,27.28,48.01,0,1743,300/300/300/300/300/300
1700000068.800000,1,300,300,27.29,47.80,0,1743,300/300/300/300/300/300
1700000068.850000,1,300,300,27.29,274.80,1,1766,300/300/300/300/300/300
1700000068.900000,1,300,300,27.31,50.72,0,1766,300/300/300/300/300/300
1700000068.950000,1,300,300,27.32,45.37,0,1766,300/300/300/300/300/300
1700000069.000000,1,300,300,27.33,327.42,1,1764,300/300/300/300/300/300
1700000069.050000,1,300,300,27.36,48.05,0,1764,300/300/300/300/300/300
1700000069.100000,1,300,300,27.37,49.37,0,1764,300/300/300/300/300/300
1700000069.150000,1,300,300,27.38,277.84,1,1777,300/300/300/300/300/300
1700000069.200000,1,300,300,27.40,48.91,0,1777,300/300/300/300/300/300
1700000069.250000,1,300,300,27.40,48.18,0,1777,300/300/300/300/300/300
1700000069.300000,1,300,300,27.42,279.21,1,1775,300/300/300/300/300/300
1700000069.350000,1,300,300,27.44,48.87,0,1775,300/300/300/300/300/300
1700000069.400000,1,300,300,27.45,47.56,0,1775,300/300/300/300/300/300
1700000069.450000,1,300,300,27.47,276.59,1,1796,300/300/300/300/300/300
1700000069.500000,1,300,300,27.48,43.33,0,1796,300/300/300/300/300/300
1700000069.550000,1,300,300,27.51,46.61,0,1796,300/300/300/300/300/300
1700000069.600000,1,300,300,27.51,324.97,1,1766,300/300/300/300/300/300
1700000069.650000,1,300,300,27.53,49.49,0,1766,300/300/300/300/300/300
1700000069.700000,1,300,300,27.55,48.72,0,1766,300/300/300/300/300/300
1700000069.750000,1,300,300,27.56,371.37,1,1761,300/300/300/300/300/300
1700000069.800000,1,300,300,27.57,47.77,0,1761,300/300/300/300/300/300
1700000069.850000,1,300,300,27.59,46.58,0,1761,300/300/300/300/300/300
1700000069.900000,1,300,300,27.62,332.29,1,1804,300/300/300/300/300/300
1700000069.950000,1,300,300,27.63,47.55,0,1804,300/300/300/300/300/300
1700000070.000000,1,300,300,27.65,49.90,0,1804,300/300/300/300/300/300
1700000070.050000,1,300,300,27.67,283.67,1,1771,300/300/300/300/300/300
1700000070.100000,1,300,300,27.68,49.41,0,1771,300/300/300/300/300/300
1700000070.150000,1,300,300,27.70,50.90,0,1771,300/300/300/300/300/300
1700000070.200000,1,300,300,27.72,277.33,1,1767,300/300/300/300/300/300
1700000070.250000,1,300,300,27.74,48.34,0,1767,300/300/300/300/300/300
1700000070.300000,1,300,300,27.76,48.52,0,1767,300/300/300/300/300/300
1700000070.350000,1,300,300,27.77,279.05,1,1758,300/300/300/300/300/300
1700000070.400000,1,300,300,27.79,49.31,0,1758,300/300/300/300/300/300
1700000070.450000,1,300,300,27.82,47.45,0,1758,300/300/300/300/300/300
1700000070.500000,1,300,300,27.83,339.61,1,1773,300/300/300/300/300/300
1700000070.550000,1,300,300,27.85,48.42,0,1773,300/300/300/300/300/300
1700000070.600000,1,300,300,27.88,50.37,0,1773,300/300/300/300/300/300
1700000070.650000,1,300,300,27.91,330.95,1,1750,300/300/300/300/300/300
1700000070.700000,1,300,300,27.93,51.50,0,1750,300/300/300/300/300/300
1700000070.750000,1,300,300,27.95,48.83,0,1750,300/300/300/300/300/300
1700000070.800000,1,300,300,27.98,379.09,1,1724,300/300/300/300/300/300
1700000070.850000,1,300,300,28.02,49.22,0,1724,300/300/300/300/300/300
1700000070.900000,1,300,300,28.03,50.58,0,1724,300/300/300/300/300/300
1700000070.950000,1,300,300,28.06,331.33,1,1777,300/300/300/300/300/300
1700000071.000000,1,300,300,28.08,48.65,0,1777,300/300/300/300/300/300
1700000071.050000,1,300,300,28.12,48.62,0,1777,300/300/300/300/300/300
1700000071.100000,1,300,300,28.15,332.72,1,1781,300/300/300/300/300/300
1700000071.150000,1,300,300,28.17,49.41,0,1781,300/300/300/300/300/300
1700000071.200000,1,300,300,28.22,49.00,0,1781,300/300/300/300/300/300
1700000071.250000,1,300,300,28.25,325.62,1,1780,300/300/300/300/300/300
1700000071.300000,1,300,300,28.29,52.13,0,1780,300/300/300/300/300/300
1700000071.350000,1,300,300,28.32,52.31,0,1780,300/300/300/300/300/300
1700000071.400000,1,300,300,28.36,357.62,1,1773,300/300/300/300/300/300
1700000071.450000,1,300,300,28.41,52.02,0,1773,300/300/300/300/300/300
1700000071.500000,1,300,300,28.46,52.15,0,1773,300/300/300/300/300/300
1700000071.550000,1,300,300,28.51,271.30,1,1759,300/300/300/300/300/300
1700000071.600000,1,300,300,28.57,52.92,0,1759,300/300/300/300/300/300
1700000071.650000,1,300,300,28.63,49.97,0,1759,300/300/300/300/300/300
1700000071.700000,1,300,300,28.69,229.90,1,1791,300/300/300/300/300/300
1700000071.750000,1,300,300,28.75,50.05,0,1791,300/300/300/300/300/300
1700000071.800000,1,300,300,28.80,48.90,0,1791,300/300/300/300/300/300
1700000071.850000,1,300,300,28.87,277.21,1,1784,300/300/300/300/300/300
1700000071.900000,1,300,300,28.93,50.54,0,1784,300/300/300/300/300/300
1700000071.950000,1,300,300,28.98,51.81,0,1784,300/300/300/300/300/300
1700000072.000000,1,300,300,29.05,341.24,1,1769,300/300/300/300/300/300
1700000072.050000,1,300,300,29.12,49.58,0,1769,300/300/300/300/300/300
1700000072.100000,1,300,300,29.18,50.83,0,1769,300/300/300/300/300/300
1700000072.150000,1,300,300,29.24,354.18,1,1764,300/300/300/300/300/300
1700000072.200000,1,300,300,29.30,50.63,0,1764,300/300/300/300/300/300
1700000072.250000,1,300,300,29.36,49.96,0,1764,300/300/300/300/300/300
1700000072.300000,1,300,300,29.42,264.40,1,1774,300/300/300/300/300/300
1700000072.350000,1,300,300,29.49,50.36,0,1774,300/300/300/300/300/300
1700000072.400000,1,300,300,29.53,49.80,0,1774,300/300/300/300/300/300
1700000072.450000,1,300,300,29.59,303.27,1,1800,300/300/300/300/300/300
1700000072.500000,1,300,300,29.66,50.50,0,1800,300/300/300/300/300/300
1700000072.550000,1,300,300,29.70,49.53,0,1800,300/300/300/300/300/300
1700000072.600000,1,300,300,29.76,260.16,1,1832,300/300/300/300/300/300
1700000072.650000,1,300,300,29.82,48.39,0,1832,300/300/300/300/300/300
1700000072.700000,1,300,300,29.87,52.12,0,1832,300/300/300/300/300/300
1700000072.750000,1,300,300,29.91,259.07,1,1837,300/300/300/300/300/300
1700000072.800000,1,300,300,29.96,47.91,0,1837,300/300/300/300/300/300
1700000072.850000,1,300,300,30.02,47.69,0,1837,300/300/300/300/300/300
1700000072.900000,1,300,300,30.08,267.85,1,1835,300/300/300/300/300/300
1700000072.950000,1,300,300,30.14,46.73,0,1835,300/300/300/300/300/300
1700000073.000000,1,300,300,30.18,46.57,0,1835,300/300/300/300/300/300
1700000073.050000,1,300,300,30.25,311.79,1,1852,300/300/300/300/300/300
1700000073.100000,1,300,300,30.30,47.66,0,1852,300/300/300/300/300/300
1700000073.150000,1,300,300,30.36,55.25,0,1852,300/300/300/300/300/300
1700000073.200000,1,300,300,30.42,272.39,1,1836,300/300/300/300/300/300
1700000073.250000,1,300,300,30.48,48.40,0,1836,300/300/300/300/300/300
1700000073.300000,1,300,300,30.55,46.94,0,1836,300/300/300/300/300/300
1700000073.350000,1,300,300,30.60,310.06,1,1861,300/300/300/300/300/300
1700000073.400000,1,300,300,30.65,48.14,0,1861,300/300/300/300/300/300
1700000073.450000,1,300,300,30.69,47.04,0,1861,300/300/300/300/300/300
1700000073.500000,1,300,300,30.74,414.16,1,1866,300/300/300/300/300/300
1700000073.550000,1,300,300,30.78,48.83,0,1866,300/300/300/300/300/300
1700000073.600000,1,300,300,30.84,49.00,0,1866,300/300/300/300/300/300
1700000073.650000,1,300,300,30.88,392.61,1,1869,300/300/300/300/300/300
1700000073.700000,1,300,300,30.92,48.12,0,1869,300/300/300/300/300/300
1700000073.750000,1,300,300,30.96,47.90,0,1869,300/300/300/300/300/300
1700000073.800000,1,300,300,31.02,329.93,1,1863,300/300/300/300/300/300
1700000073.850000,1,300,300,31.05,48.51,0,1863,300/300/300/300/300/300
1700000073.900000,1,300,300,31.09,47.24,0,1863,300/300/300/300/300/300
1700000073.950000,1,300,300,31.14,437.85,1,1832,300/300/300/300/300/300
1700000074.000000,1,300,300,31.19,47.52,0,1832,300/300/300/300/300/300
1700000074.050000,1,300,300,31.23,46.34,0,1832,300/300/300/300/300/300
1700000074.100000,1,300,300,31.26,427.20,1,1861,300/300/300/300/300/300
1700000074.150000,1,300,300,31.31,47.98,0,1861,300/300/300/300/300/300
1700000074.200000,1,300,300,31.34,47.41,0,1861,300/300/300/300/300/300
1700000074.250000,1,300,300,31.38,288.55,1,1856,300/300/300/300/300/300
1700000074.300000,1,300,300,31.40,48.70,0,1856,300/300/300/300/300/300
1700000074.350000,1,300,300,31.45,47.47,0,1856,300/300/300/300/300/300
1700000074.400000,1,300,300,31.47,444.86,1,1866,300/300/300/300/300/300
1700000074.450000,1,300,300,31.49,42.12,0,1866,300/300/300/300/300/300
1700000074.500000,1,300,300,31.52,45.80,0,1866,300/300/300/300/300/300
1700000074.550000,1,300,300,31.56,345.62,1,1875,300/300/300/300/300/300
1700000074.600000,1,300,300,31.61,43.23,0,1875,300/300/300/300/300/300
1700000074.650000,1,300,300,31.67,45.13,0,1875,300/300/300/300/300/300
1700000074.700000,1,300,300,31.71,296.55,1,1867,300/300/300/300/300/300
1700000074.750000,1,300,300,31.76,46.85,0,1867,300/300/300/300/300/300
1700000074.800000,1,300,300,31.79,46.63,0,1867,300/300/300/300/300/300
1700000074.850000,1,300,300,31.83,304.77,1,1870,300/300/300/300/300/300
1700000074.900000,1,300,300,31.86,46.23,0,1870,300/300/300/300/300/300
1700000074.950000,1,300,300,31.90,48.64,0,1870,300/300/300/300/300/300
1700000075.000000,1,300,300,31.94,293.72,1,1836,300/300/300/300/300/300
1700000075.050000,1,300,300,31.98,47.35,0,1836,300/300/300/300/300/300
1700000075.100000,1,300,300,32.03,43.94,0,1836,300/300/300/300/300/300
1700000075.150000,1,300,300,32.07,342.56,1,1806,300/300/300/300/300/300
1700000075.200000,1,300,300,32.11,46.48,0,1806,300/300/300/300/300/300
1700000075.250000,1,300,300,32.17,47.24,0,1806,300/300/300/300/300/300
1700000075.300000,1,300,300,32.21,296.94,1,1826,300/300/300/300/300/300
1700000075.350000,1,300,300,32.28,45.99,0,1826,300/300/300/300/300/300
1700000075.400000,1,300,300,32.33,46.50,0,1826,300/300/300/300/300/300
1700000075.450000,1,300,300,32.37,402.59,1,1832,300/300/300/300/300/300
1700000075.500000,1,300,300,32.44,48.18,0,1832,300/300/300/300/300/300
1700000075.550000,1,300,300,32.50,46.72,0,1832,300/300/300/300/300/300
1700000075.600000,1,300,300,32.56,357.52,1,1817,300/300/300/300/300/300
1700000075.650000,1,300,300,32.62,49.70,0,1817,300/300/300/300/300/300
1700000075.700000,1,300,300,32.68,46.66,0,1817,300/300/300/300/300/300
1700000075.750000,1,300,300,32.74,387.78,1,1779,300/300/300/300/300/300
1700000075.800000,1,300,300,32.81,47.05,0,1779,300/300/300/300/300/300
1700000075.850000,1,300,300,32.88,47.79,0,1779,300/300/300/300/300/300
1700000075.900000,1,300,300,32.95,294.46,1,1806,300/300/300/300/300/300
1700000075.950000,1,300,300,33.04,48.01,0,1806,300/300/300/300/300/300
1700000076.000000,1,300,300,33.13,45.64,0,1806,300/300/300/300/300/300
1700000076.050000,1,300,300,33.22,358.42,1,1814,300/300/300/300/300/300
1700000076.100000,1,300,300,33.31,47.82,0,1814,300/300/300/300/300/300
1700000076.150000,1,300,300,33.40,46.44,0,1814,300/300/300/300/300/300
1700000076.200000,1,300,300,33.49,289.26,1,1780,300/300/300/300/300/300
1700000076.250000,1,300,300,33.60,49.20,0,1780,300/300/300/300/300/300
1700000076.300000,1,300,300,33.72,47.99,0,1780,300/300/300/300/300/300
1700000076.350000,1,300,300,33.85,289.29,1,1762,300/300/300/300/300/300
1700000076.400000,1,300,300,33.97,47.95,0,1762,300/300/300/300/300/300
1700000076.450000,1,300,300,34.08,47.19,0,1762,300/300/300/300/300/300
1700000076.500000,1,300,300,34.20,283.86,1,1723,300/300/300/300/300/300
1700000076.550000,1,300,300,34.29,48.76,0,1723,300/300/300/300/300/300
1700000076.600000,1,300,300,34.39,47.30,0,1723,300/300/300/300/300/300
1700000076.650000,1,300,300,34.49,276.97,1,1713,300/300/300/300/300/300
1700000076.700000,1,300,300,34.60,50.35,0,1713,300/300/300/300/300/300
1700000076.750000,1,300,300,34.70,48.89,0,1713,300/300/300/300/300/300
1700000076.800000,1,300,300,34.81,323.55,1,1681,300/300/300/300/300/300
1700000076.850000,1,300,300,34.91,48.10,0,1681,300/300/300/300/300/300
1700000076.900000,1,300,300,35.00,46.32,0,1681,300/300/300/300/300/300
1700000076.950000,1,300,300,35.10,269.92,1,1670,300/300/300/300/300/300
1700000077.000000,1,300,300,35.20,49.59,0,1670,300/300/300/300/300/300
1700000077.050000,1,300,300,35.30,47.96,0,1670,300/300/300/300/300/300
1700000077.100000,1,300,300,35.42,418.32,1,1642,300/300/300/300/300/300
1700000077.150000,1,300,300,35.51,48.60,0,1642,300/300/300/300/300/300
1700000077.200000,1,300,300,35.63,49.81,0,1642,300/300/300/300/300/300
1700000077.250000,1,300,300,35.73,281.78,1,1641,300/300/300/300/300/300
1700000077.300000,1,300,300,35.84,47.77,0,1641,300/300/300/300/300/300
1700000077.350000,1,300,300,35.93,49.95,0,1641,300/300/300/300/300/300
1700000077.400000,1,300,300,36.03,301.91,1,1643,300/300/300/300/300/300
1700000077.450000,1,300,300,36.13,49.68,0,1643,300/300/300/300/300/300
1700000077.500000,1,300,300,36.24,48.30,0,1643,300/300/300/300/300/300
1700000077.550000,1,300,300,36.35,258.43,1,1635,300/300/300/300/300/300
1700000077.600000,1,300,300,36.45,46.76,0,1635,300/300/300/300/300/300
1700000077.650000,1,300,300,36.53,47.02,0,1635,300/300/300/300/300/300
1700000077.700000,1,300,300,36.64,303.09,1,1631,300/300/300/300/300/300
1700000077.750000,1,300,300,36.73,46.46,0,1631,300/300/300/300/300/300
1700000077.800000,1,300,300,36.86,48.39,0,1631,300/300/300/300/300/300
1700000077.850000,1,300,300,36.98,307.50,1,1647,300/300/300/300/300/300
1700000077.900000,1,300,300,37.10,49.89,0,1647,300/300/300/300/300/300
1700000077.950000,1,300,300,37.20,48.03,0,1647,300/300/300/300/300/300
1700000078.000000,1,300,300,37.30,265.91,1,1642,300/300/300/300/300/300
1700000078.050000,1,300,300,37.40,50.44,0,1642,300/300/300/300/300/300
1700000078.100000,1,300,300,37.53,48.29,0,1642,300/300/300/300/300/300
1700000078.150000,1,300,300,37.64,311.14,1,1635,300/300/300/300/300/300
1700000078.200000,1,300,300,37.77,47.54,0,1635,300/300/300/300/300/300
1700000078.250000,1,300,300,37.92,49.15,0,1635,300/300/300/300/300/300
1700000078.300000,1,300,300,38.09,360.77,1,1642,300/300/300/300/300/300
1700000078.350000,1,300,300,38.23,47.55,0,1642,300/300/300/300/300/300
1700000078.400000,1,300,300,38.38,49.41,0,1642,300/300/300/300/300/300
1700000078.450000,1,300,300,38.51,318.60,1,1619,300/300/300/300/300/300
1700000078.500000,1,300,300,38.65,49.81,0,1619,300/300/300/300/300/300
1700000078.550000,1,300,300,38.79,49.16,0,1619,300/300/300/300/300/300
1700000078.600000,1,300,300,38.93,272.97,1,1621,300/300/300/300/300/300
1700000078.650000,1,300,300,39.09,51.03,0,1621,300/300/300/300/300/300
1700000078.700000,1,300,300,39.22,49.60,0,1621,300/300/300/300/300/300
1700000078.750000,1,300,300,39.40,351.52,1,1611,300/300/300/300/300/300
1700000078.800000,1,300,300,39.55,51.73,0,1611,300/300/300/300/300/300
1700000078.850000,1,300,300,39.70,53.25,0,1611,300/300/300/300/300/300
1700000078.900000,1,300,300,39.84,285.38,1,1637,300/300/300/300/300/300
1700000078.950000,1,300,300,39.96,50.62,0,1637,300/300/300/300/300/300
1700000079.000000,1,300,300,40.07,51.83,0,1637,300/300/300/300/300/300
1700000079.050000,1,300,300,40.18,317.14,1,1632,300/300/300/300/300/300
1700000079.100000,1,300,300,40.27,53.28,0,1632,300/300/300/300/300/300
1700000079.150000,1,300,300,40.36,50.23,0,1632,300/300/300/300/300/300
1700000079.200000,1,300,300,40.41,274.04,1,1657,300/300/300/300/300/300
1700000079.250000,1,300,300,40.45,50.43,0,1657,300/300/300/300/300/300
1700000079.300000,1,300,300,40.45,51.56,0,1657,300/300/300/300/300/300
1700000079.350000,1,300,300,40.45,273.97,1,1649,300/300/300/300/300/300
1700000079.400000,1,300,300,40.45,52.69,0,1649,300/300/300/300/300/300
1700000079.450000,1,300,300,40.44,52.98,0,1649,300/300/300/300/300/300
1700000079.500000,1,300,300,40.41,276.84,1,1673,300/300/300/300/300/300
1700000079.550000,1,300,300,40.35,52.67,0,1673,300/300/300/300/300/300
1700000079.600000,1,300,300,40.22,52.36,0,1673,300/300/300/300/300/300
1700000079.650000,1,300,300,40.04,331.65,1,1677,300/300/300/300/300/300
1700000079.700000,1,300,300,39.79,51.11,0,1677,300/300/300/300/300/300
1700000079.750000,1,300,300,39.51,49.66,0,1677,300/300/300/300/300/300
1700000079.800000,1,300,300,39.25,419.48,1,1681,300/300/300/300/300/300
1700000079.850000,1,300,300,38.97,52.42,0,1681,300/300/300/300/300/300
1700000079.900000,1,300,300,38.68,52.39,0,1681,300/300/300/300/300/300
1700000079.950000,1,300,300,38.34,274.35,1,1653,300/300/300/300/300/300
1700000080.000000,1,300,300,37.97,54.03,0,1653,300/300/300/300/300/300
1700000080.050000,1,300,300,37.58,50.16,0,1653,300/300/300/300/300/300
1700000080.100000,1,300,300,37.21,274.01,1,1705,300/300/300/300/300/300
1700000080.150000,1,300,300,36.85,52.32,0,1705,300/300/300/300/300/300
1700000080.200000,1,300,300,36.51,49.46,0,1705,300/300/300/300/300/300
1700000080.250000,1,300,300,36.13,364.70,1,1704,300/300/300/300/300/300
1700000080.300000,1,300,300,35.74,54.67,0,1704,300/300/300/300/300/300
1700000080.350000,1,300,300,35.35,48.73,0,1704,300/300/300/300/300/300
1700000080.400000,1,300,300,34.98,361.40,1,1731,300/300/300/300/300/300
1700000080.450000,1,300,300,34.61,52.77,0,1731,300/300/300/300/300/300
1700000080.500000,1,300,300,34.27,52.70,0,1731,300/300/300/300/300/300
1700000080.550000,1,300,300,33.92,290.25,1,1751,300/300/300/300/300/300
1700000080.600000,1,300,300,33.60,52.77,0,1751,300/300/300/300/300/300
1700000080.650000,1,300,300,33.31,48.52,0,1751,300/300/300/300/300/300
1700000080.700000,1,300,300,33.01,342.49,1,1741,300/300/300/300/300/300
1700000080.750000,1,300,300,32.73,53.11,0,1741,300/300/300/300/300/300
1700000080.800000,1,300,300,32.44,50.23,0,1741,300/300/300/300/300/300
1700000080.850000,1,300,300,32.17,279.68,1,1778,300/300/300/300/300/300
1700000080.900000,1,300,300,31.90,50.83,0,1778,300/300/300/300/300/300
1700000080.950000,1,300,300,31.66,50.39,0,1778,300/300/300/300/300/300
1700000081.000000,1,300,300,31.44,311.75,1,1789,300/300/300/300/300/300
1700000081.050000,1,300,300,31.24,52.79,0,1789,300/300/300/300/300/300
1700000081.100000,1,300,300,31.06,49.61,0,1789,300/300/300/300/300/300
1700000081.150000,1,300,300,30.88,321.02,1,1800,300/300/300/300/300/300
1700000081.200000,1,300,300,30.72,49.82,0,1800,300/300/300/300/300/300
1700000081.250000,1,300,300,30.56,50.95,0,1800,300/300/300/300/300/300
1700000081.300000,1,300,300,30.42,319.74,1,1862,300/300/300/300/300/300
1700000081.350000,1,300,300,30.31,49.14,0,1862,300/300/300/300/300/300
1700000081.400000,1,300,300,30.19,49.39,0,1862,300/300/300/300/300/300
1700000081.450000,1,300,300,30.09,365.80,1,1880,300/300/300/300/300/300
1700000081.500000,1,300,300,29.98,50.36,0,1880,300/300/300/300/300/300
1700000081.550000,1,300,300,29.88,49.46,0,1880,300/300/300/300/300/300
1700000081.600000,1,300,300,29.80,314.98,1,1901,300/300/300/300/300/300
1700000081.650000,1,300,300,29.72,49.11,0,1901,300/300/300/300/300/300
1700000081.700000,1,300,300,29.65,49.25,0,1901,300/300/300/300/300/300
1700000081.750000,1,300,300,29.59,270.09,1,1919,300/300/300/300/300/300
1700000081.800000,1,300,300,29.54,49.95,0,1919,300/300/300/300/300/300
1700000081.850000,1,300,300,29.50,47.77,0,1919,300/300/300/300/300/300
1700000081.900000,1,300,300,29.45,321.77,1,1925,300/300/300/300/300/300
1700000081.950000,1,300,300,29.40,48.77,0,1925,300/300/300/300/300/300
1700000082.000000,1,300,300,29.35,47.99,0,1925,300/300/300/300/300/300
1700000082.050000,1,300,300,29.30,323.26,1,1950,300/300/300/300/300/300
1700000082.100000,1,300,300,29.26,49.23,0,1950,300/300/300/300/300/300
1700000082.150000,1,300,300,29.21,53.05,0,1950,300/300/300/300/300/300
1700000082.200000,1,300,300,29.17,329.35,1,1962,300/300/300/300/300/300
1700000082.250000,1,300,300,29.13,48.41,0,1962,300/300/300/300/300/300
1700000082.300000,1,300,300,29.10,45.96,0,1962,300/300/300/300/300/300
1700000082.350000,1,300,300,29.05,285.08,1,1968,300/300/300/300/300/300
1700000082.400000,1,300,300,29.01,48.06,0,1968,300/300/300/300/300/300
1700000082.450000,1,300,300,28.98,47.03,0,1968,300/300/300/300/300/300
1700000082.500000,1,300,300,28.95,335.94,1,1974,300/300/300/300/300/300
1700000082.550000,1,300,300,28.93,47.86,0,1974,300/300/300/300/300/300
1700000082.600000,1,300,300,28.92,46.70,0,1974,300/300/300/300/300/300
1700000082.650000,1,300,300,28.89,502.47,1,1986,300/300/300/300/300/300
1700000082.700000,1,300,300,28.88,45.92,0,1986,300/300/300/300/300/300
1700000082.750000,1,300,300,28.86,45.58,0,1986,300/300/300/300/300/300
1700000082.800000,1,300,300,28.86,341.47,1,2011,300/300/300/300/300/300
1700000082.850000,1,300,300,28.83,46.57,0,2011,300/300/300/300/300/300
1700000082.900000,1,300,300,28.83,46.82,0,2011,300/300/300/300/300/300
1700000082.950000,1,300,300,28.83,339.29,1,1977,300/300/300/300/300/300
1700000083.000000,1,300,300,28.82,46.05,0,1977,300/300/300/300/300/300
1700000083.050000,1,300,300,28.80,46.87,0,1977,300/300/300/300/300/300
1700000083.100000,1,300,300,28.81,239.02,1,1983,300/300/300/300/300/300
1700000083.150000,1,300,300,28.81,47.49,0,1983,300/300/300/300/300/300
1700000083.200000,1,300,300,28.81,48.50,0,1983,300/300/300/300/300/300
1700000083.250000,1,300,300,28.82,347.50,1,2000,300/300/300/300/300/300
1700000083.300000,1,300,300,28.83,45.72,0,2000,300/300/300/300/300/300
1700000083.350000,1,300,300,28.84,45.24,0,2000,300/300/300/300/300/300
1700000083.400000,1,300,300,28.87,388.40,1,1993,300/300/300/300/300/300
1700000083.450000,1,300,300,28.88,45.46,0,1993,300/300/300/300/300/300
1700000083.500000,1,300,300,28.89,45.44,0,1993,300/300/300/300/300/300
1700000083.550000,1,300,300,28.91,398.39,1,1965,300/300/300/300/300/300
1700000083.600000,1,300,300,28.94,46.51,0,1965,300/300/300/300/300/300
1700000083.650000,1,300,300,28.97,47.19,0,1965,300/300/300/300/300/300
1700000083.700000,1,300,300,29.00,392.33,1,1955,300/300/300/300/300/300
1700000083.750000,1,300,300,29.04,45.12,0,1955,300/300/300/300/300/300
1700000083.800000,1,300,300,29.06,47.81,0,1955,300/300/300/300/300/300
1700000083.850000,1,300,300,29.11,353.08,1,1945,300/300/300/300/300/300
1700000083.900000,1,300,300,29.15,50.36,0,1945,300/300/300/300/300/300
1700000083.950000,1,300,300,29.20,47.24,0,1945,300/300/300/300/300/300
1700000084.000000,1,300,300,29.26,356.58,1,1941,300/300/300/300/300/300
1700000084.050000,1,300,300,29.31,47.50,0,1941,300/300/300/300/300/300
1700000084.100000,1,300,300,29.37,45.76,0,1941,300/300/300/300/300/300
1700000084.150000,1,300,300,29.42,291.47,1,1909,300/300/300/300/300/300
1700000084.200000,1,300,300,29.49,44.97,0,1909,300/300/300/300/300/300
1700000084.250000,1,300,300,29.54,47.33,0,1909,300/300/300/300/300/300
1700000084.300000,1,300,300,29.60,463.17,1,1955,300/300/300/300/300/300
1700000084.350000,1,300,300,29.65,47.79,0,1955,300/300/300/300/300/300
1700000084.400000,1,300,300,29.71,47.16,0,1955,300/300/300/300/300/300
1700000084.450000,1,300,300,29.79,347.76,1,1928,300/300/300/300/300/300
1700000084.500000,1,300,300,29.85,48.04,0,1928,300/300/300/300/300/300
1700000084.550000,1,300,300,29.90,48.64,0,1928,300/300/300/300/300/300
1700000084.600000,1,300,300,29.95,403.82,1,1931,300/300/300/300/300/300
1700000084.650000,1,300,300,30.00,48.76,0,1931,300/300/300/300/300/300
1700000084.700000,1,300,300,30.03,44.99,0,1931,300/300/300/300/300/300
1700000084.750000,1,300,300,30.08,396.78,1,1900,300/300/300/300/300/300
1700000084.800000,1,300,300,30.12,46.55,0,1900,300/300/300/300/300/300
1700000084.850000,1,300,300,30.15,45.56,0,1900,300/300/300/300/300/300
1700000084.900000,1,300,300,30.20,341.94,1,1864,300/300/300/300/300/300
1700000084.950000,1,300,300,30.24,46.60,0,1864,300/300/300/300/300/300
1700000085.000000,1,300,300,30.28,48.27,0,1864,300/300/300/300/300/300
1700000085.050000,1,300,300,30.31,230.47,1,1862,300/300/300/300/300/300
1700000085.100000,1,300,300,30.33,46.42,0,1862,300/300/300/300/300/300
1700000085.150000,1,300,300,30.38,46.56,0,1862,300/300/300/300/300/300
1700000085.200000,1,300,300,30.42,297.05,1,1855,300/300/300/300/300/300
1700000085.250000,1,300,300,30.46,46.14,0,1855,300/300/300/300/300/300
1700000085.300000,1,300,300,30.49,46.24,0,1855,300/300/300/300/300/300
1700000085.350000,1,300,300,30.50,332.68,1,1797,300/300/300/300/300/300
1700000085.400000,1,300,300,30.53,46.13,0,1797,300/300/300/300/300/300
1700000085.450000,1,300,300,30.55,45.59,0,1797,300/300/300/300/300/300
1700000085.500000,1,300,300,30.57,283.10,1,1802,300/300/300/300/300/300
1700000085.550000,1,300,300,30.58,45.39,0,1802,300/300/300/300/300/300
1700000085.600000,1,300,300,30.59,47.36,0,1802,300/300/300/300/300/300
1700000085.650000,1,300,300,30.59,336.40,1,1768,300/300/300/300/300/300
1700000085.700000,1,300,300,30.60,45.85,0,1768,300/300/300/300/300/300
1700000085.750000,1,300,300,30.58,45.70,0,1768,300/300/300/300/300/300
1700000085.800000,1,300,300,30.57,326.93,1,1742,300/300/300/300/300/300
1700000085.850000,1,300,300,30.57,48.01,0,1742,300/300/300/300/300/300
1700000085.900000,1,300,300,30.55,45.52,0,1742,300/300/300/300/300/300
1700000085.950000,1,300,300,30.54,281.11,1,1748,300/300/300/300/300/300
1700000086.000000,1,300,300,30.50,45.59,0,1748,300/300/300/300/300/300
1700000086.050000,1,300,300,30.46,42.39,0,1748,300/300/300/300/300/300
1700000086.100000,1,300,300,30.42,275.80,1,1724,300/300/300/300/300/300
1700000086.150000,1,300,300,30.37,46.51,0,1724,300/300/300/300/300/300
1700000086.200000,1,300,300,30.31,41.70,0,1724,300/300/300/300/300/300
1700000086.250000,1,300,300,30.24,332.43,1,1718,300/300/300/300/300/300
1700000086.300000,1,300,300,30.17,46.34,0,1718,300/300/300/300/300/300
1700000086.350000,1,300,300,30.10,46.52,0,1718,300/300/300/300/300/300
1700000086.400000,1,300,300,30.02,285.80,1,1703,300/300/300/300/300/300
1700000086.450000,1,300,300,29.96,45.92,0,1703,300/300/300/300/300/300
1700000086.500000,1,300,300,29.88,47.22,0,1703,300/300/300/300/300/300
1700000086.550000,1,300,300,29.80,287.66,1,1723,300/300/300/300/300/300
1700000086.600000,1,300,300,29.72,46.95,0,1723,300/300/300/300/300/300
1700000086.650000,1,300,300,29.63,46.47,0,1723,300/300/300/300/300/300
1700000086.700000,1,300,300,29.54,340.13,1,1711,300/300/300/300/300/300
1700000086.750000,1,300,300,29.45,46.90,0,1711,300/300/300/300/300/300
1700000086.800000,1,300,300,29.35,46.31,0,1711,300/300/300/300/300/300
1700000086.850000,1,300,300,29.25,384.91,1,1706,300/300/300/300/300/300
1700000086.900000,1,300,300,29.15,47.37,0,1706,300/300/300/300/300/300
1700000086.950000,1,300,300,29.05,47.42,0,1706,300/300/300/300/300/300
1700000087.000000,1,300,300,28.95,288.77,1,1723,300/300/300/300/300/300
1700000087.050000,1,300,300,28.86,49.72,0,1723,300/300/300/300/300/300
1700000087.100000,1,300,300,28.76,46.28,0,1723,300/300/300/300/300/300
1700000087.150000,1,300,300,28.66,485.79,1,1706,300/300/300/300/300/300
1700000087.200000,1,300,300,28.58,46.31,0,1706,300/300/300/300/300/300
1700000087.250000,1,300,300,28.49,45.35,0,1706,300/300/300/300/300/300
1700000087.300000,1,300,300,28.42,412.65,1,1707,300/300/300/300/300/300
1700000087.350000,1,300,300,28.33,45.76,0,1707,300/300/300/300/300/300
1700000087.400000,1,300,300,28.26,46.28,0,1707,300/300/300/300/300/300
1700000087.450000,1,300,300,28.20,381.75,1,1696,300/300/300/300/300/300
1700000087.500000,1,300,300,28.13,46.31,0,1696,300/300/300/300/300/300
1700000087.550000,1,300,300,28.06,47.95,0,1696,300/300/300/300/300/300
1700000087.600000,1,300,300,27.98,338.75,1,1706,300/300/300/300/300/300
1700000087.650000,1,300,300,27.91,48.97,0,1706,300/300/300/300/300/300
1700000087.700000,1,300,300,27.84,47.05,0,1706,300/300/300/300/300/300
1700000087.750000,1,300,300,27.77,346.12,1,1728,300/300/300/300/300/300
1700000087.800000,1,300,300,27.71,47.64,0,1728,300/300/300/300/300/300
1700000087.850000,1,300,300,27.64,46.97,0,1728,300/300/300/300/300/300
1700000087.900000,1,300,300,27.59,512.67,1,1724,300/300/300/300/300/300
1700000087.950000,1,300,300,27.56,43.27,0,1724,300/300/300/300/300/300
1700000088.000000,1,300,300,27.50,46.70,0,1724,300/300/300/300/300/300
1700000088.050000,1,300,300,27.46,352.27,1,1721,300/300/300/300/300/300
1700000088.100000,1,300,300,27.43,48.73,0,1721,300/300/300/300/300/300
1700000088.150000,1,300,300,27.41,47.99,0,1721,300/300/300/300/300/300
1700000088.200000,1,300,300,27.38,352.26,1,1690,300/300/300/300/300/300
1700000088.250000,1,300,300,27.38,44.21,0,1690,300/300/300/300/300/300
1700000088.300000,1,300,300,27.36,48.32,0,1690,300/300/300/300/300/300
1700000088.350000,1,300,300,27.34,287.77,1,1670,300/300/300/300/300/300
1700000088.400000,1,300,300,27.33,46.35,0,1670,300/300/300/300/300/300
1700000088.450000,1,300,300,27.34,48.23,0,1670,300/300/300/300/300/300
1700000088.500000,1,300,300,27.33,295.96,1,1704,300/300/300/300/300/300
1700000088.550000,1,300,300,27.33,47.85,0,1704,300/300/300/300/300/300
1700000088.600000,1,300,300,27.33,43.20,0,1704,300/300/300/300/300/300
1700000088.650000,1,300,300,27.34,346.63,1,1678,300/300/300/300/300/300
1700000088.700000,1,300,300,27.34,47.36,0,1678,300/300/300/300/300/300
1700000088.750000,1,300,300,27.33,47.62,0,1678,300/300/300/300/300/300
1700000088.800000,1,300,300,27.33,297.55,1,1690,300/300/300/300/300/300
1700000088.850000,1,300,300,27.34,49.75,0,1690,300/300/300/300/300/300
1700000088.900000,1,300,300,27.35,48.09,0,1690,300/300/300/300/300/300
1700000088.950000,1,300,300,27.34,374.23,1,1697,300/300/300/300/300/300
1700000089.000000,1,300,300,27.35,46.94,0,1697,300/300/300/300/300/300
1700000089.050000,1,300,300,27.35,49.12,0,1697,300/300/300/300/300/300
1700000089.100000,1,300,300,27.35,383.18,1,1690,300/300/300/300/300/300
1700000089.150000,1,300,300,27.33,45.95,0,1690,300/300/300/300/300/300
1700000089.200000,1,300,300,27.35,47.14,0,1690,300/300/300/300/300/300
1700000089.250000,1,300,300,27.35,292.77,1,1711,300/300/300/300/300/300
1700000089.300000,1,300,300,27.36,49.46,0,1711,300/300/300/300/300/300
1700000089.350000,1,300,300,27.36,48.04,0,1711,300/300/300/300/300/300
1700000089.400000,1,300,300,27.37,347.42,1,1713,300/300/300/300/300/300
1700000089.450000,1,300,300,27.37,44.77,0,1713,300/300/300/300/300/300
1700000089.500000,1,300,300,27.37,46.71,0,1713,300/300/300/300/300/300
1700000089.550000,1,300,300,27.37,283.31,1,1688,300/300/300/300/300/300
1700000089.600000,1,300,300,27.38,43.05,0,1688,300/300/300/300/300/300
1700000089.650000,1,300,300,27.40,43.16,0,1688,300/300/300/300/300/300
1700000089.700000,1,300,300,27.40,294.58,1,1731,300/300/300/300/300/300
1700000089.750000,1,300,300,27.40,43.29,0,1731,300/300/300/300/300/300
1700000089.800000,1,300,300,27.42,47.01,0,1731,300/300/300/300/300/300
1700000089.850000,1,300,300,27.43,293.51,1,1719,300/300/300/300/300/300
1700000089.900000,1,300,300,27.44,42.57,0,1719,300/300/300/300/300/300
1700000089.950000,1,300,300,27.44,43.31,0,1719,300/300/300/300/300/300
1700000090.000000,1,300,300,27.47,288.01,1,1734,300/300/300/300/300/300
1700000090.050000,1,300,300,27.47,45.05,0,1734,300/300/300/300/300/300
1700000090.100000,1,300,300,27.47,41.35,0,1734,300/300/300/300/300/300
1700000090.150000,1,300,300,27.48,293.93,1,1782,300/300/300/300/300/300
1700000090.200000,1,300,300,27.49,41.57,0,1782,300/300/300/300/300/300
1700000090.250000,1,300,300,27.50,43.92,0,1782,300/300/300/300/300/300
1700000090.300000,1,300,300,27.51,293.04,1,1762,300/300/300/300/300/300
1700000090.350000,1,300,300,27.51,48.28,0,1762,300/300/300/300/300/300
1700000090.400000,1,300,300,27.53,41.97,0,1762,300/300/300/300/300/300
1700000090.450000,1,300,300,27.54,407.24,1,1763,300/300/300/300/300/300
1700000090.500000,1,300,300,27.55,45.05,0,1763,300/300/300/300/300/300
1700000090.550000,1,300,300,27.56,44.34,0,1763,300/300/300/300/300/300
1700000090.600000,1,300,300,27.56,346.23,1,1765,300/300/300/300/300/300
1700000090.650000,1,300,300,27.59,47.18,0,1765,300/300/300/300/300/300
1700000090.700000,1,300,300,27.61,45.43,0,1765,300/300/300/300/300/300
1700000090.750000,1,300,300,27.62,296.24,1,1767,300/300/300/300/300/300
1700000090.800000,1,300,300,27.65,45.16,0,1767,300/300/300/300/300/300
1700000090.850000,1,300,300,27.67,45.16,0,1767,300/300/300/300/300/300
1700000090.900000,1,300,300,27.69,347.47,1,1766,300/300/300/300/300/300
1700000090.950000,1,300,300,27.72,48.67,0,1766,300/300/300/300/300/300
1700000091.000000,1,300,300,27.74,42.32,0,1766,300/300/300/300/300/300
1700000091.050000,1,300,300,27.77,287.97,1,1766,300/300/300/300/300/300
1700000091.100000,1,300,300,27.79,48.08,0,1766,300/300/300/300/300/300
1700000091.150000,1,300,300,27.82,47.31,0,1766,300/300/300/300/300/300
1700000091.200000,1,300,300,27.85,295.80,1,1787,300/300/300/300/300/300
1700000091.250000,1,300,300,27.87,47.10,0,1787,300/300/300/300/300/300
1700000091.300000,1,300,300,27.90,45.40,0,1787,300/300/300/300/300/300
1700000091.350000,1,300,300,27.94,281.41,1,1786,300/300/300/300/300/300
1700000091.400000,1,300,300,27.97,46.28,0,1786,300/300/300/300/300/300
1700000091.450000,1,300,300,28.01,46.23,0,1786,300/300/300/300/300/300
1700000091.500000,1,300,300,28.05,391.16,1,1820,300/300/300/300/300/300
1700000091.550000,1,300,300,28.10,48.21,0,1820,300/300/300/300/300/300
1700000091.600000,1,300,300,28.15,44.82,0,1820,300/300/300/300/300/300
1700000091.650000,1,300,300,28.18,286.21,1,1818,300/300/300/300/300/300
1700000091.700000,1,300,300,28.23,47.64,0,1818,300/300/300/300/300/300
1700000091.750000,1,300,300,28.27,45.65,0,1818,300/300/300/300/300/300
1700000091.800000,1,300,300,28.33,233.78,1,1823,300/300/300/300/300/300
1700000091.850000,1,300,300,28.38,46.91,0,1823,300/300/300/300/300/300
1700000091.900000,1,300,300,28.43,48.81,0,1823,300/300/300/300/300/300
1700000091.950000,1,300,300,28.49,350.79,1,1825,300/300/300/300/300/300
1700000092.000000,1,300,300,28.55,46.30,0,1825,300/300/300/300/300/300
1700000092.050000,1,300,300,28.59,45.25,0,1825,300/300/300/300/300/300
1700000092.100000,1,300,300,28.66,463.38,1,1830,300/300/300/300/300/300
1700000092.150000,1,300,300,28.71,46.75,0,1830,300/300/300/300/300/300
1700000092.200000,1,300,300,28.77,47.35,0,1830,300/300/300/300/300/300
1700000092.250000,1,300,300,28.84,292.26,1,1824,300/300/300/300/300/300
1700000092.300000,1,300,300,28.90,48.13,0,1824,300/300/300/300/300/300
1700000092.350000,1,300,300,28.96,47.78,0,1824,300/300/300/300/300/300
1700000092.400000,1,300,300,29.03,347.53,1,1810,300/300/300/300/300/300
1700000092.450000,1,300,300,29.09,46.63,0,1810,300/300/300/300/300/300
1700000092.500000,1,300,300,29.18,46.97,0,1810,300/300/300/300/300/300
1700000092.550000,1,300,300,29.26,418.84,1,1804,300/300/300/300/300/300
1700000092.600000,1,300,300,29.34,48.27,0,1804,300/300/300/300/300/300
1700000092.650000,1,300,300,29.43,46.31,0,1804,300/300/300/300/300/300
1700000092.700000,1,300,300,29.51,284.23,1,1847,300/300/300/300/300/300
1700000092.750000,1,300,300,29.58,46.14,0,1847,300/300/300/300/300/300
1700000092.800000,1,300,300,29.67,49.00,0,1847,300/300/300/300/300/300
1700000092.850000,1,300,300,29.75,283.55,1,1857,300/300/300/300/300/300
1700000092.900000,1,300,300,29.85,47.49,0,1857,300/300/300/300/300/300
1700000092.950000,1,300,300,29.93,51.84,0,1857,300/300/300/300/300/300
1700000093.000000,1,300,300,30.03,343.13,1,1872,300/300/300/300/300/300
1700000093.050000,1,300,300,30.12,48.46,0,1872,300/300/300/300/300/300
1700000093.100000,1,300,300,30.20,47.79,0,1872,300/300/300/300/300/300
1700000093.150000,1,300,300,30.31,236.25,1,1904,300/300/300/300/300/300
1700000093.200000,1,300,300,30.40,49.52,0,1904,300/300/300/300/300/300
1700000093.250000,1,300,300,30.51,47.61,0,1904,300/300/300/300/300/300
1700000093.300000,1,300,300,30.61,334.73,1,1897,300/300/300/300/300/300
1700000093.350000,1,300,300,30.72,49.10,0,1897,300/300/300/300/300/300
1700000093.400000,1,300,300,30.83,49.32,0,1897,300/300/300/300/300/300
1700000093.450000,1,300,300,30.94,319.04,1,1890,300/300/300/300/300/300
1700000093.500000,1,300,300,31.04,48.28,0,1890,300/300/300/300/300/300
1700000093.550000,1,300,300,31.14,48.28,0,1890,300/300/300/300/300/300
1700000093.600000,1,300,300,31.27,343.39,1,1907,300/300/300/300/300/300
1700000093.650000,1,300,300,31.39,48.23,0,1907,300/300/300/300/300/300
1700000093.700000,1,300,300,31.50,50.11,0,1907,300/300/300/300/300/300
1700000093.750000,1,300,300,31.61,283.01,1,1891,300/300/300/300/300/300
1700000093.800000,1,300,300,31.72,51.51,0,1891,300/300/300/300/300/300
1700000093.850000,1,300,300,31.85,49.38,0,1891,300/300/300/300/300/300
1700000093.900000,1,300,300,31.98,341.17,1,1944,300/300/300/300/300/300
1700000093.950000,1,300,300,32.10,50.59,0,1944,300/300/300/300/300/300
1700000094.000000,1,300,300,32.24,48.53,0,1944,300/300/300/300/300/300
1700000094.050000,1,300,300,32.39,349.38,1,1943,300/300/300/300/300/300
1700000094.100000,1,300,300,32.51,50.29,0,1943,300/300/300/300/300/300
1700000094.150000,1,300,300,32.64,49.87,0,1943,300/300/300/300/300/300
1700000094.200000,1,300,300,32.76,328.99,1,1972,300/300/300/300/300/300
1700000094.250000,1,300,300,32.89,48.29,0,1972,300/300/300/300/300/300
1700000094.300000,1,300,300,33.03,49.03,0,1972,300/300/300/300/300/300
1700000094.350000,1,300,300,33.16,384.22,1,1994,300/300/300/300/300/300
1700000094.400000,1,300,300,33.27,49.12,0,1994,300/300/300/300/300/300
1700000094.450000,1,300,300,33.36,47.43,0,1994,300/300/300/300/300/300
1700000094.500000,1,300,300,33.46,195.57,1,2012,300/300/300/300/300/300
1700000094.550000,1,300,300,33.56,49.21,0,2012,300/300/300/300/300/300
1700000094.600000,1,300,300,33.69,48.82,0,2012,300/300/300/300/300/300
1700000094.650000,1,300,300,33.83,333.87,1,2029,300/300/300/300/300/300
1700000094.700000,1,300,300,33.95,54.69,0,2029,300/300/300/300/300/300
1700000094.750000,1,300,300,34.06,51.98,0,2029,300/300/300/300/300/300
1700000094.800000,1,300,300,34.13,234.64,1,2039,300/300/300/300/300/300
1700000094.850000,1,300,300,34.21,51.63,0,2039,300/300/300/300/300/300
1700000094.900000,1,300,300,34.27,50.94,0,2039,300/300/300/300/300/300
1700000094.950000,1,300,300,34.31,319.56,1,2066,300/300/300/300/300/300
1700000095.000000,1,300,300,34.35,47.66,0,2066,300/300/300/300/300/300
1700000095.050000,1,300,300,34.38,49.05,0,2066,300/300/300/300/300/300
1700000095.100000,1,300,300,34.42,385.07,1,2098,300/300/300/300/300/300
1700000095.150000,1,300,300,34.44,50.80,0,2098,300/300/300/300/300/300
1700000095.200000,1,300,300,34.45,51.95,0,2098,300/300/300/300/300/300
1700000095.250000,1,300,300,34.42,236.74,1,2102,300/300/300/300/300/300
1700000095.300000,1,300,300,34.39,51.70,0,2102,300/300/300/300/300/300
1700000095.350000,1,300,300,34.33,49.67,0,2102,300/300/300/300/300/300
1700000095.400000,1,300,300,34.25,312.40,1,2110,300/300/300/300/300/300
1700000095.450000,1,300,300,34.17,51.63,0,2110,300/300/300/300/300/300
1700000095.500000,1,300,300,34.09,51.93,0,2110,300/300/300/300/300/300
1700000095.550000,1,300,300,34.00,271.25,1,2116,300/300/300/300/300/300
1700000095.600000,1,300,300,33.91,50.65,0,2116,300/300/300/300/300/300
1700000095.650000,1,300,300,33.80,52.02,0,2116,300/300/300/300/300/300
1700000095.700000,1,300,300,33.70,278.29,1,2128,300/300/300/300/300/300
1700000095.750000,1,300,300,33.60,52.15,0,2128,300/300/300/300/300/300
1700000095.800000,1,300,300,33.51,53.25,0,2128,300/300/300/300/300/300
1700000095.850000,1,300,300,33.38,410.71,1,2139,300/300/300/300/300/300
1700000095.900000,1,300,300,33.22,51.82,0,2139,300/300/300/300/300/300
1700000095.950000,1,300,300,33.04,48.69,0,2139,300/300/300/300/300/300
1700000096.000000,1,300,300,32.87,351.35,1,2200,300/300/300/300/300/300
1700000096.050000,1,300,300,32.71,51.16,0,2200,300/300/300/300/300/300
1700000096.100000,1,300,300,32.60,50.28,0,2200,300/300/300/300/300/300
1700000096.150000,1,300,300,32.47,273.30,1,2203,300/300/300/300/300/300
1700000096.200000,1,300,300,32.36,51.81,0,2203,300/300/300/300/300/300
1700000096.250000,1,300,300,32.23,52.39,0,2203,300/300/300/300/300/300
1700000096.300000,1,300,300,32.12,276.06,1,2222,300/300/300/300/300/300
1700000096.350000,1,300,300,32.00,50.46,0,2222,300/300/300/300/300/300
1700000096.400000,1,300,300,31.87,49.03,0,2222,300/300/300/300/300/300
1700000096.450000,1,300,300,31.72,351.03,1,2248,300/300/300/300/300/300
1700000096.500000,1,300,300,31.59,48.71,0,2248,300/300/300/300/300/300
1700000096.550000,1,300,300,31.50,48.43,0,2248,300/300/300/300/300/300
1700000096.600000,1,300,300,31.41,380.61,1,2262,300/300/300/300/300/300
1700000096.650000,1,300,300,31.33,50.32,0,2262,300/300/300/300/300/300
1700000096.700000,1,300,300,31.26,49.42,0,2262,300/300/300/300/300/300
1700000096.750000,1,300,300,31.20,323.06,1,2220,300/300/300/300/300/300
1700000096.800000,1,300,300,31.14,49.51,0,2220,300/300/300/300/300/300
1700000096.850000,1,300,300,31.11,51.41,0,2220,300/300/300/300/300/300
1700000096.900000,1,300,300,31.10,294.51,1,2207,300/300/300/300/300/300
1700000096.950000,1,300,300,31.11,50.53,0,2207,300/300/300/300/300/300
1700000097.000000,1,300,300,31.13,48.72,0,2207,300/300/300/300/300/300
1700000097.050000,1,300,300,31.16,230.88,1,2234,300/300/300/300/300/300
1700000097.100000,1,300,300,31.18,48.61,0,2234,300/300/300/300/300/300
1700000097.150000,1,300,300,31.18,48.93,0,2234,300/300/300/300/300/300
1700000097.200000,1,300,300,31.20,264.79,1,2220,300/300/300/300/300/300
1700000097.250000,1,300,300,31.21,51.12,0,2220,300/300/300/300/300/300
1700000097.300000,1,300,300,31.24,50.23,0,2220,300/300/300/300/300/300
1700000097.350000,1,300,300,31.29,294.35,1,2208,300/300/300/300/300/300
1700000097.400000,1,300,300,31.33,51.97,0,2208,300/300/300/300/300/300
1700000097.450000,1,300,300,31.39,48.87,0,2208,300/300/300/300/300/300
1700000097.500000,1,300,300,31.44,272.69,1,2226,300/300/300/300/300/300
1700000097.550000,1,300,300,31.46,51.70,0,2226,300/300/300/300/300/300
1700000097.600000,1,300,300,31.51,47.35,0,2226,300/300/300/300/300/300
1700000097.650000,1,300,300,31.57,355.35,1,2208,300/300/300/300/300/300
1700000097.700000,1,300,300,31.60,49.62,0,2208,300/300/300/300/300/300
1700000097.750000,1,300,300,31.65,46.30,0,2208,300/300/300/300/300/300
1700000097.800000,1,300,300,31.70,346.66,1,2216,300/300/300/300/300/300
1700000097.850000,1,300,300,31.75,49.61,0,2216,300/300/300/300/300/300
1700000097.900000,1,300,300,31.82,47.30,0,2216,300/300/300/300/300/300
1700000097.950000,1,300,300,31.87,240.81,1,2179,300/300/300/300/300/300
1700000098.000000,1,300,300,31.94,51.24,0,2179,300/300/300/300/300/300
1700000098.050000,1,300,300,31.99,50.09,0,2179,300/300/300/300/300/300
1700000098.100000,1,300,300,32.08,349.96,1,2166,300/300/300/300/300/300
1700000098.150000,1,300,300,32.16,52.86,0,2166,300/300/300/300/300/300
1700000098.200000,1,300,300,32.23,49.13,0,2166,300/300/300/300/300/300
1700000098.250000,1,300,300,32.29,339.53,1,2119,300/300/300/300/300/300
1700000098.300000,1,300,300,32.33,48.58,0,2119,300/300/300/300/300/300
1700000098.350000,1,300,300,32.37,51.90,0,2119,300/300/300/300/300/300
1700000098.400000,1,300,300,32.39,346.34,1,2122,300/300/300/300/300/300
1700000098.450000,1,300,300,32.43,48.93,0,2122,300/300/300/300/300/300
1700000098.500000,1,300,300,32.48,48.93,0,2122,300/300/300/300/300/300
1700000098.550000,1,300,300,32.54,355.97,1,2116,300/300/300/300/300/300
1700000098.600000,1,300,300,32.60,49.55,0,2116,300/300/300/300/300/300
1700000098.650000,1,300,300,32.66,49.15,0,2116,300/300/300/300/300/300
1700000098.700000,1,300,300,32.71,356.01,1,2099,300/300/300/300/300/300
1700000098.750000,1,300,300,32.72,49.45,0,2099,300/300/300/300/300/300
1700000098.800000,1,300,300,32.72,49.57,0,2099,300/300/300/300/300/300
1700000098.850000,1,300,300,32.72,419.65,1,2087,300/300/300/300/300/300
1700000098.900000,1,300,300,32.73,48.81,0,2087,300/300/300/300/300/300
1700000098.950000,1,300,300,32.72,49.17,0,2087,300/300/300/300/300/300
1700000099.000000,1,300,300,32.70,350.59,1,2078,300/300/300/300/300/300
1700000099.050000,1,300,300,32.68,50.80,0,2078,300/300/300/300/300/300
1700000099.100000,1,300,300,32.62,47.64,0,2078,300/300/300/300/300/300
1700000099.150000,1,300,300,32.57,356.33,1,2046,300/300/300/300/300/300
1700000099.200000,1,300,300,32.50,50.41,0,2046,300/300/300/300/300/300
1700000099.250000,1,300,300,32.42,50.33,0,2046,300/300/300/300/300/300
1700000099.300000,1,300,300,32.36,348.99,1,2034,300/300/300/300/300/300
1700000099.350000,1,300,300,32.30,49.23,0,2034,300/300/300/300/300/300
1700000099.400000,1,300,300,32.23,47.92,0,2034,300/300/300/300/300/300
1700000099.450000,1,300,300,32.15,316.32,1,2014,300/300/300/300/300/300
1700000099.500000,1,300,300,32.10,50.04,0,2014,300/300/300/300/300/300
1700000099.550000,1,300,300,32.01,51.85,0,2014,300/300/300/300/300/300
1700000099.600000,1,300,300,31.93,369.06,1,1997,300/300/300/300/300/300
1700000099.650000,1,300,300,31.87,48.94,0,1997,300/300/300/300/300/300
1700000099.700000,1,300,300,31.76,49.03,0,1997,300/300/300/300/300/300
1700000099.750000,1,300,300,31.68,416.63,1,1991,300/300/300/300/300/300
1700000099.800000,1,300,300,31.60,47.76,0,1991,300/300/300/300/300/300
1700000099.850000,1,300,300,31.57,49.96,0,1991,300/300/300/300/300/300
1700000099.900000,1,300,300,31.56,240.28,1,1968,300/300/300/300/300/300
1700000099.950000,1,300,300,31.56,49.88,0,1968,300/300/300/300/300/300
1700000100.000000,1,300,300,31.56,50.26,0,1968,300/300/300/300/300/300
1700000100.050000,1,300,300,31.57,328.71,1,1910,300/300/300/300/300/300
1700000100.100000,1,300,300,31.61,50.13,0,1910,300/300/300/300/300/300
1700000100.150000,1,300,300,31.64,47.46,0,1910,300/300/300/300/300/300
1700000100.200000,1,300,300,31.69,236.02,1,1937,300/300/300/300/300/300
1700000100.250000,1,300,300,31.75,49.11,0,1937,300/300/300/300/300/300
1700000100.300000,1,300,300,31.81,49.83,0,1937,300/300/300/300/300/300
1700000100.350000,1,300,300,31.89,240.77,1,1939,300/300/300/300/300/300
1700000100.400000,1,300,300,31.96,49.65,0,1939,300/300/300/300/300/300
1700000100.450000,1,300,300,32.03,48.67,0,1939,300/300/300/300/300/300
1700000100.500000,1,300,300,32.11,412.05,1,1904,300/300/300/300/300/300
1700000100.550000,1,300,300,32.20,50.33,0,1904,300/300/300/300/300/300
1700000100.600000,1,300,300,32.30,47.93,0,1904,300/300/300/300/300/300
1700000100.650000,1,300,300,32.39,230.93,1,1899,300/300/300/300/300/300
1700000100.700000,1,300,300,32.52,45.62,0,1899,300/300/300/300/300/300
1700000100.750000,1,300,300,32.62,48.79,0,1899,300/300/300/300/300/300
1700000100.800000,1,300,300,32.77,334.57,1,1915,300/300/300/300/300/300
1700000100.850000,1,300,300,32.90,49.67,0,1915,300/300/300/300/300/300
1700000100.900000,1,300,300,33.02,49.95,0,1915,300/300/300/300/300/300
1700000100.950000,1,300,300,33.17,219.09,1,1913,300/300/300/300/300/300
1700000101.000000,1,300,300,33.33,49.91,0,1913,300/300/300/300/300/300
1700000101.050000,1,300,300,33.48,48.90,0,1913,300/300/300/300/300/300
1700000101.100000,1,300,300,33.64,326.31,1,1893,300/300/300/300/300/300
1700000101.150000,1,300,300,33.79,49.08,0,1893,300/300/300/300/300/300
1700000101.200000,1,300,300,33.96,47.39,0,1893,300/300/300/300/300/300
1700000101.250000,1,300,300,34.11,421.82,1,1883,300/300/300/300/300/300
1700000101.300000,1,300,300,34.31,47.63,0,1883,300/300/300/300/300/300
1700000101.350000,1,300,300,34.55,46.92,0,1883,300/300/300/300/300/300
1700000101.400000,1,300,300,34.78,367.22,1,1923,300/300/300/300/300/300
1700000101.450000,1,300,300,35.04,47.52,0,1923,300/300/300/300/300/300
1700000101.500000,1,300,300,35.33,48.96,0,1923,300/300/300/300/300/300
1700000101.550000,1,300,300,35.59,323.64,1,1928,300/300/300/300/300/300
1700000101.600000,1,300,300,35.84,46.56,0,1928,300/300/300/300/300/300
1700000101.650000,1,300,300,36.11,48.60,0,1928,300/300/300/300/300/300
1700000101.700000,1,300,300,36.39,330.54,1,1930,300/300/300/300/300/300
1700000101.750000,1,300,300,36.68,48.14,0,1930,300/300/300/300/300/300
1700000101.800000,1,300,300,37.00,49.78,0,1930,300/300/300/300/300/300
1700000101.850000,1,300,300,37.31,325.44,1,1915,300/300/300/300/300/300
1700000101.900000,1,300,300,37.64,47.76,0,1915,300/300/300/300/300/300
1700000101.950000,1,300,300,37.96,46.55,0,1915,300/300/300/300/300/300
1700000102.000000,1,300,300,38.32,319.65,1,1922,300/300/300/300/300/300
1700000102.050000,1,300,300,38.67,48.87,0,1922,300/300/300/300/300/300
1700000102.100000,1,300,300,39.03,47.26,0,1922,300/300/300/300/300/300
1700000102.150000,1,300,300,39.38,381.83,1,1922,300/300/300/300/300/300
1700000102.200000,1,300,300,39.74,47.23,0,1922,300/300/300/300/300/300
1700000102.250000,1,300,300,40.07,47.17,0,1922,300/300/300/300/300/300
1700000102.300000,1,300,300,40.42,313.39,1,1929,300/300/300/300/300/300
1700000102.350000,1,300,300,40.80,48.77,0,1929,300/300/300/300/300/300
1700000102.400000,1,300,300,41.08,49.08,0,1929,300/300/300/300/300/300
1700000102.450000,1,300,300,41.33,406.23,1,1913,300/300/300/300/300/300
1700000102.500000,1,300,300,41.51,49.50,0,1913,300/300/300/300/300/300
1700000102.550000,1,300,300,41.68,48.02,0,1913,300/300/300/300/300/300
1700000102.600000,1,300,300,41.81,336.19,1,1917,300/300/300/300/300/300
1700000102.650000,1,300,300,41.86,64.61,0,1917,300/300/300/300/300/300
1700000102.700000,1,300,300,41.90,60.45,0,1917,300/300/300/300/300/300
1700000102.750000,1,300,300,41.94,346.63,1,1931,300/300/300/300/300/300
1700000102.800000,1,300,300,41.95,52.52,0,1931,300/300/300/300/300/300
1700000102.850000,1,300,300,41.94,49.69,0,1931,300/300/300/300/300/300
1700000102.900000,1,300,300,41.89,330.92,1,1948,300/300/300/300/300/300
1700000102.950000,1,300,300,41.83,50.27,0,1948,300/300/300/300/300/300
1700000103.000000,1,300,300,41.73,47.72,0,1948,300/300/300/300/300/300
1700000103.050000,1,300,300,41.60,320.07,1,1941,300/300/300/300/300/300
1700000103.100000,1,300,300,41.47,51.50,0,1941,300/300/300/300/300/300
1700000103.150000,1,300,300,41.32,49.62,0,1941,300/300/300/300/300/300
1700000103.200000,1,300,300,41.18,371.62,1,1957,300/300/300/300/300/300
1700000103.250000,1,300,300,41.03,51.39,0,1957,300/300/300/300/300/300
1700000103.300000,1,300,300,40.88,47.98,0,1957,300/300/300/300/300/300
1700000103.350000,1,300,300,40.69,247.11,1,1970,300/300/300/300/300/300
1700000103.400000,1,300,300,40.54,51.02,0,1970,300/300/300/300/300/300
1700000103.450000,1,300,300,40.45,49.60,0,1970,300/300/300/300/300/300
1700000103.500000,1,300,300,40.39,383.30,1,1989,300/300/300/300/300/300
1700000103.550000,1,300,300,40.37,49.75,0,1989,300/300/300/300/300/300
1700000103.600000,1,300,300,40.39,50.40,0,1989,300/300/300/300/300/300
1700000103.650000,1,300,300,40.44,247.00,1,1997,300/300/300/300/300/300
1700000103.700000,1,300,300,40.55,53.51,0,1997,300/300/300/300/300/300
1700000103.750000,1,300,300,40.72,47.87,0,1997,300/300/300/300/300/300
1700000103.800000,1,300,300,40.95,288.53,1,1992,300/300/300/300/300/300
1700000103.850000,1,300,300,41.24,50.47,0,1992,300/300/300/300/300/300
1700000103.900000,1,300,300,41.60,51.04,0,1992,300/300/300/300/300/300
1700000103.950000,1,300,300,42.05,367.10,1,2020,300/300/300/300/300/300
1700000104.000000,1,300,300,42.60,59.03,0,2020,300/300/300/300/300/300
1700000104.050000,1,300,300,43.23,51.26,0,2020,300/300/300/300/300/300
1700000104.100000,1,300,300,43.99,237.47,1,2045,300/300/300/300/300/300
1700000104.150000,1,300,300,44.85,51.40,0,2045,300/300/300/300/300/300
1700000104.200000,1,300,300,45.85,50.82,0,2045,300/300/300/300/300/300
1700000104.250000,1,300,300,46.97,301.09,1,2034,300/300/300/300/300/300
1700000104.300000,1,300,300,48.28,51.32,0,2034,300/300/300/300/300/300
1700000104.350000,1,300,300,49.71,53.62,0,2034,300/300/300/300/300/300
1700000104.400000,1,300,300,51.26,230.32,1,2055,300/300/300/300/300/300
1700000104.450000,1,300,300,52.92,58.16,0,2055,300/300/300/300/300/300
1700000104.500000,1,300,300,54.69,54.06,0,2055,300/300/300/300/300/300
1700000104.550000,1,300,300,56.53,336.46,1,2064,300/300/300/300/300/300
1700000104.600000,1,300,300,58.49,54.70,0,2064,300/300/300/300/300/300
1700000104.650000,1,300,300,60.56,56.81,0,2064,300/300/300/300/300/300
1700000104.700000,1,300,300,62.78,325.16,1,2074,300/300/300/300/300/300
1700000104.750000,1,300,300,65.03,59.48,0,2074,300/300/300/300/300/300
1700000104.800000,1,300,300,67.43,56.80,0,2074,300/300/300/300/300/300
1700000104.850000,1,300,300,69.99,327.20,1,2098,300/300/300/300/300/300
1700000104.900000,1,300,300,72.62,59.58,0,2098,300/300/300/300/300/300
1700000104.950000,1,300,300,75.40,62.52,0,2098,300/300/300/300/300/300
1700000105.000000,1,300,300,78.29,372.40,1,2110,300/300/300/300/300/300
1700000105.050000,1,300,300,81.11,65.79,0,2110,300/300/300/300/300/300
1700000105.100000,1,300,300,83.52,57.70,0,2110,300/300/300/300/300/300
1700000105.150000,1,300,300,85.96,324.24,1,2119,300/300/300/300/300/300
1700000105.200000,1,300,300,87.80,54.22,0,2119,300/300/300/300/300/300
1700000105.250000,1,300,300,89.03,61.61,0,2119,300/300/300/300/300/300
1700000105.300000,1,300,300,90.92,357.21,1,2118,300/300/300/300/300/300
1700000105.350000,1,290,300,92.52,66.37,0,2118,290/300/300/300/300/300
1700000105.400000,1,300,272,93.59,119.78,0,2118,300/272/300/300/300/300
1700000105.450000,1,292,269,95.58,343.01,1,2091,292/269/300/300/300/300
1700000105.500000,1,300,300,90.40,61.06,0,2091,300/300/300/300/300/300
1700000105.550000,1,216,300,70.68,62.75,0,2091,216/300/300/300/300/300
1700000105.600000,1,300,241,30.13,284.81,1,2138,300/241/300/300/300/300
1700000105.650000,1,300,300,30.17,64.47,0,2138,300/300/300/300/300/300
1700000105.700000,1,300,300,30.22,57.44,0,2138,300/300/300/300/300/300
1700000105.750000,1,219,300,54.48,286.58,1,2086,219/300/300/300/300/300
1700000105.800000,1,300,300,57.35,57.81,0,2086,300/300/300/300/300/300
1700000105.850000,1,300,300,61.39,66.43,0,2086,300/300/300/300/300/300
1700000105.900000,1,300,300,65.18,297.92,1,2178,300/300/300/300/300/300
1700000105.950000,1,300,300,65.26,79.45,0,2178,300/300/300/300/300/300
1700000106.000000,1,300,300,65.38,63.92,0,2178,300/300/300/300/300/300
1700000106.050000,1,300,210,63.77,225.31,1,2240,300/210/300/300/300/165
1700000106.100000,1,300,213,61.36,87.98,0,2240,300/213/300/300/300/213
1700000106.150000,1,300,300,58.80,85.12,0,2240,300/300/300/300/300/215
1700000106.200000,1,300,268,56.30,253.77,1,2307,300/268/300/300/300/300
1700000106.250000,1,300,270,54.03,72.19,0,2307,300/270/300/300/300/300
1700000106.300000,1,300,300,51.86,69.18,0,2307,300/300/300/300/300/300
1700000106.350000,1,300,300,49.90,245.51,1,2390,300/300/300/300/300/300
1700000106.400000,1,300,300,48.20,66.48,0,2390,300/300/300/300/300/300
1700000106.450000,1,300,300,46.72,71.03,0,2390,300/300/300/300/300/300
1700000106.500000,1,300,300,45.41,335.70,1,2450,300/300/300/300/300/300
1700000106.550000,1,300,300,44.25,75.87,0,2450,300/300/300/300/300/300
1700000106.600000,1,300,300,43.22,76.89,0,2450,300/300/300/300/300/300
1700000106.650000,1,300,300,42.26,317.29,1,2484,300/300/300/300/300/300
1700000106.700000,1,300,300,41.40,63.49,0,2484,300/300/300/300/300/300
1700000106.750000,1,300,300,40.56,63.21,0,2484,300/300/300/300/300/300
1700000106.800000,1,300,300,39.80,296.82,1,2543,300/300/300/300/300/300
1700000106.850000,1,300,300,39.09,63.45,0,2543,300/300/300/300/300/300
1700000106.900000,1,300,300,38.45,56.99,0,2543,300/300/300/300/300/300
1700000106.950000,1,300,300,37.84,197.23,1,2617,300/300/300/300/300/300
1700000107.000000,1,300,300,37.26,53.71,0,2617,300/300/300/300/300/300
1700000107.050000,1,300,300,36.73,55.50,0,2617,300/300/300/300/300/300
1700000107.100000,1,300,300,36.27,279.06,1,2707,300/300/300/300/300/300
1700000107.150000,1,300,300,35.81,53.29,0,2707,300/300/300/300/300/300
1700000107.200000,1,300,300,35.39,53.04,0,2707,300/300/300/300/300/300
1700000107.250000,1,300,300,34.97,279.35,1,2739,300/300/300/300/300/300
1700000107.300000,1,300,300,34.61,51.58,0,2739,300/300/300/300/300/300
1700000107.350000,1,300,300,34.30,52.55,0,2739,300/300/300/300/300/300
1700000107.400000,1,300,300,34.03,230.54,1,2775,300/300/300/300/300/300
1700000107.450000,1,300,300,33.79,50.62,0,2775,300/300/300/300/300/300
1700000107.500000,1,300,300,33.59,52.81,0,2775,300/300/300/300/300/300
1700000107.550000,1,300,300,33.40,302.84,1,2793,300/300/300/300/300/300
1700000107.600000,1,300,300,33.25,50.60,0,2793,300/300/300/300/300/300
1700000107.650000,1,300,300,33.10,49.75,0,2793,300/300/300/300/300/300
1700000107.700000,1,300,300,32.97,207.46,1,2801,300/300/300/300/300/300
1700000107.750000,1,300,300,32.87,54.07,0,2801,300/300/300/300/300/300
1700000107.800000,1,300,300,32.78,48.53,0,2801,300/300/300/300/300/300
1700000107.850000,1,300,300,32.71,208.91,1,2834,300/300/300/300/300/300
1700000107.900000,1,300,300,32.67,48.72,0,2834,300/300/300/300/300/300
1700000107.950000,1,300,300,32.63,48.87,0,2834,300/300/300/300/300/300
1700000108.000000,1,300,300,32.62,410.01,1,2813,300/300/300/300/300/300
1700000108.050000,1,300,300,32.62,50.41,0,2813,300/300/300/300/300/300
1700000108.100000,1,300,300,32.63,49.29,0,2813,300/300/300/300/300/300
1700000108.150000,1,300,300,32.66,303.87,1,2807,300/300/300/300/300/300
1700000108.200000,1,300,300,32.69,49.69,0,2807,300/300/300/300/300/300
1700000108.250000,1,300,300,32.72,50.69,0,2807,300/300/300/300/300/300
1700000108.300000,1,300,300,32.75,221.56,1,2770,300/300/300/300/300/300
1700000108.350000,1,300,300,32.80,49.56,0,2770,300/300/300/300/300/300
1700000108.400000,1,300,300,32.85,49.48,0,2770,300/300/300/300/300/300
1700000108.450000,1,300,300,32.91,307.34,1,2749,300/300/300/300/300/300
1700000108.500000,1,300,300,32.96,49.08,0,2749,300/300/300/300/300/300
1700000108.550000,1,300,300,33.06,49.10,0,2749,300/300/300/300/300/300
1700000108.600000,1,300,300,33.14,292.60,1,2707,300/300/300/300/300/300
1700000108.650000,1,300,300,33.20,50.18,0,2707,300/300/300/300/300/300
1700000108.700000,1,300,300,33.29,48.61,0,2707,300/300/300/300/300/300
1700000108.750000,1,300,300,33.38,332.35,1,2679,300/300/300/300/300/300
1700000108.800000,1,300,300,33.49,50.08,0,2679,300/300/300/300/300/300
1700000108.850000,1,300,300,33.59,48.05,0,2679,300/300/300/300/300/300
1700000108.900000,1,300,300,33.71,336.33,1,2646,300/300/300/300/300/300
1700000108.950000,1,300,300,33.82,50.24,0,2646,300/300/300/300/300/300
1700000109.000000,1,300,300,33.97,46.91,0,2646,300/300/300/300/300/300
1700000109.050000,1,300,300,34.17,349.14,1,2610,300/300/300/300/300/300
1700000109.100000,1,300,300,34.38,50.19,0,2610,300/300/300/300/300/300
1700000109.150000,1,300,300,34.61,49.00,0,2610,300/300/300/300/300/300
1700000109.200000,1,300,300,34.82,347.31,1,2570,300/300/300/300/300/300
1700000109.250000,1,300,300,35.04,50.32,0,2570,300/300/300/300/300/300
1700000109.300000,1,300,300,35.33,48.55,0,2570,300/300/300/300/300/300
1700000109.350000,1,300,300,35.65,405.98,1,2550,300/300/300/300/300/300
1700000109.400000,1,300,300,36.03,50.30,0,2550,300/300/300/300/300/300
1700000109.450000,1,300,300,36.43,51.56,0,2550,300/300/300/300/300/300
1700000109.500000,1,300,300,36.88,387.06,1,2527,300/300/300/300/300/300
1700000109.550000,1,300,300,37.39,52.32,0,2527,300/300/300/300/300/300
1700000109.600000,1,300,300,37.97,48.64,0,2527,300/300/300/300/300/300
1700000109.650000,1,300,300,38.67,277.39,1,2439,300/300/300/300/300/300
1700000109.700000,1,300,300,39.48,51.00,0,2439,300/300/300/300/300/300
1700000109.750000,1,300,300,40.38,53.34,0,2439,300/300/300/300/300/300
1700000109.800000,1,300,300,41.44,414.64,1,2475,300/300/300/300/300/300
1700000109.850000,1,300,300,42.67,54.18,0,2475,300/300/300/300/300/300
1700000109.900000,1,300,300,44.09,52.69,0,2475,300/300/300/300/300/300
1700000109.950000,1,300,300,45.74,293.75,1,2405,300/300/300/300/300/300
