1520530314.792510033 -0.058442000 -0.145742000 0.124166000 0.020772000 -0.039064000 -0.653046000 0.756025000
1520530314.846080065 -0.088961000 -0.189619000 0.160801000 0.025093000 -0.021002000 -0.618181000 0.785354000
1520530314.896019936 -0.090095000 -0.207902000 0.189831000 0.015232000 -0.015421000 -0.612441000 0.790219000
1520530314.946029902 -0.096537000 -0.220480000 0.219996000 0.002423000 -0.008738000 -0.606894000 0.794731000
1520530314.996619940 -0.106331000 -0.236605000 0.252107000 -0.011826000 -0.004506000 -0.603340000 0.797384000
1520530315.046509981 -0.110724000 -0.245029000 0.282519000 -0.023620000 -0.001567000 -0.599316000 0.800162000
1520530315.098570108 -0.123342000 -0.253892000 0.311971000 -0.030295000 0.003646000 -0.594791000 0.803301000
1520530315.147929907 -0.125603000 -0.267800000 0.335269000 -0.032476000 0.008140000 -0.596042000 0.802255000
1520530315.197789907 -0.135979000 -0.284964000 0.354766000 -0.030316000 0.013409000 -0.594190000 0.803641000
1520530315.247790098 -0.138499000 -0.288915000 0.360247000 -0.033731000 0.015655000 -0.592130000 0.804984000
1520530315.299340010 -0.144530000 -0.298973000 0.356940000 -0.034340000 0.018262000 -0.593019000 0.804249000
1520530315.349430084 -0.144391000 -0.291417000 0.341397000 -0.033919000 0.019725000 -0.592976000 0.804264000
1520530315.399699926 -0.116885000 -0.251558000 0.277776000 -0.037885000 0.006870000 -0.603186000 0.796671000
1520530315.448250055 -0.123039000 -0.301148000 0.218369000 -0.032215000 -0.003242000 -0.615343000 0.787595000
1520530315.498640060 -0.121248000 -0.294022000 0.191869000 -0.021220000 -0.014136000 -0.615097000 0.788039000
1520530315.548749924 -0.119226000 -0.273552000 0.154260000 -0.008625000 -0.025592000 -0.611904000 0.790471000
1520530315.598799944 -0.115317000 -0.256081000 0.113006000 0.004231000 -0.036144000 -0.610751000 0.790986000
1520530315.648439884 -0.110857000 -0.225317000 0.073130000 0.017386000 -0.047436000 -0.610067000 0.790738000
1520530315.698630095 -0.102610000 -0.194323000 0.034805000 0.028550000 -0.057128000 -0.609784000 0.789990000
1520530315.748640060 -0.094172000 -0.161415000 -0.003060000 0.041117000 -0.063970000 -0.610005000 0.788740000
1520530315.799259901 -0.085015000 -0.120079000 -0.034705000 0.052172000 -0.069981000 -0.608345000 0.788858000
1520530315.848520041 -0.073738000 -0.069909000 -0.072142000 0.065307000 -0.076764000 -0.608565000 0.787077000
1520530315.898509979 -0.065544000 -0.027348000 -0.094485000 0.080433000 -0.081253000 -0.611827000 0.782686000
1520530315.948699951 -0.060200000 0.014601000 -0.106481000 0.094201000 -0.086259000 -0.614640000 0.778398000
1520530315.998840094 -0.057235000 0.060094000 -0.110891000 0.103728000 -0.090842000 -0.616463000 0.775217000
1520530316.048700094 -0.052006000 0.101282000 -0.121381000 0.105579000 -0.094689000 -0.620148000 0.771559000
1520530316.099450111 -0.054611000 0.142810000 -0.106772000 0.103644000 -0.095999000 -0.622328000 0.769902000
1520530316.149519920 -0.059716000 0.181740000 -0.083035000 0.096362000 -0.096248000 -0.623683000 0.769721000
1520530316.199559927 -0.067370000 0.221100000 -0.052186000 0.088404000 -0.092240000 -0.625767000 0.769475000
1520530316.249609947 -0.076130000 0.259760000 -0.016047000 0.082166000 -0.084265000 -0.630542000 0.767180000
1520530316.299669981 -0.086341000 0.297048000 0.022795000 0.076094000 -0.073715000 -0.636686000 0.763811000
1520530316.349699974 -0.095361000 0.332899000 0.060381000 0.068281000 -0.063959000 -0.643545000 0.759669000
1520530316.399569988 -0.107409000 0.373194000 0.102198000 0.060979000 -0.055921000 -0.647944000 0.757181000
1520530316.449529886 -0.116813000 0.410367000 0.138921000 0.054827000 -0.048627000 -0.652872000 0.753914000
1520530316.499609947 -0.127192000 0.448165000 0.174548000 0.048373000 -0.040968000 -0.655466000 0.752560000
1520530316.549629927 -0.138220000 0.484765000 0.209175000 0.041385000 -0.031870000 -0.657068000 0.752019000
1520530316.599570036 -0.149562000 0.519160000 0.240760000 0.034307000 -0.024711000 -0.656200000 0.753401000
1520530316.649559975 -0.160660000 0.553581000 0.269100000 0.028500000 -0.019634000 -0.654346000 0.755403000
1520530316.699529886 -0.170966000 0.586888000 0.290759000 0.024402000 -0.014654000 -0.656070000 0.754163000
1520530316.749490023 -0.182750000 0.620358000 0.308635000 0.021785000 -0.009853000 -0.660227000 0.750685000
1520530316.799459934 -0.194924000 0.653209000 0.320110000 0.020482000 -0.005092000 -0.665286000 0.746290000
1520530316.849489927 -0.208774000 0.687471000 0.325844000 0.019717000 -0.000632000 -0.669912000 0.742179000
1520530316.899559975 -0.222853000 0.719850000 0.325442000 0.018215000 0.004179000 -0.674043000 0.738455000
1520530316.949029922 -0.237298000 0.751417000 0.319926000 0.015323000 0.005238000 -0.678350000 0.734561000
1520530316.999000072 -0.247799000 0.780648000 0.306876000 0.013866000 0.002625000 -0.683156000 0.730136000
1520530317.049030066 -0.256757000 0.808811000 0.290306000 0.015386000 -0.002563000 -0.686763000 0.726714000
1520530317.099040031 -0.265207000 0.836089000 0.270891000 0.018692000 -0.007855000 -0.689946000 0.723577000
1520530317.149060011 -0.270236000 0.863689000 0.245855000 0.022113000 -0.013466000 -0.691351000 0.722055000
1520530317.199019909 -0.275523000 0.891490000 0.218830000 0.026188000 -0.018688000 -0.692896000 0.720319000
1520530317.249010086 -0.279997000 0.922007000 0.188453000 0.028700000 -0.027193000 -0.694015000 0.718874000
1520530317.299010038 -0.283213000 0.953470000 0.156813000 0.030007000 -0.037981000 -0.696783000 0.715647000
1520530317.348989964 -0.285179000 0.985782000 0.123878000 0.027680000 -0.050160000 -0.698420000 0.713391000
1520530317.399009943 -0.285758000 1.019900000 0.090779000 0.022428000 -0.061137000 -0.699635000 0.711527000
1520530317.449029922 -0.283902000 1.054498000 0.057416000 0.015259000 -0.071570000 -0.700827000 0.709568000
1520530317.499039888 -0.280652000 1.092469000 0.025568000 0.011781000 -0.079461000 -0.701554000 0.708074000
1520530317.549079895 -0.276559000 1.134227000 -0.003671000 0.011112000 -0.084276000 -0.702404000 0.706685000
1520530317.599119902 -0.272344000 1.177780000 -0.031283000 0.015126000 -0.084667000 -0.704533000 0.704440000
1520530317.649139881 -0.264903000 1.220645000 -0.058405000 0.023081000 -0.082375000 -0.707974000 0.701038000
1520530317.699160099 -0.256026000 1.264706000 -0.083785000 0.035511000 -0.079701000 -0.712014000 0.696723000
1520530317.749650002 -0.245334000 1.309089000 -0.106524000 0.048531000 -0.080728000 -0.714495000 0.693271000
1520530317.799649954 -0.233894000 1.353577000 -0.126061000 0.063522000 -0.083086000 -0.716565000 0.689635000
1520530317.849669933 -0.223688000 1.398701000 -0.142382000 0.076057000 -0.088640000 -0.719743000 0.684345000
1520530317.899669886 -0.213183000 1.442074000 -0.155202000 0.086226000 -0.095236000 -0.723909000 0.677828000
1520530317.949670076 -0.203510000 1.483851000 -0.163081000 0.095749000 -0.099809000 -0.730733000 0.668506000
1520530317.999660015 -0.195374000 1.525584000 -0.165531000 0.102842000 -0.103235000 -0.740103000 0.656516000
1520530318.049639940 -0.191260000 1.567139000 -0.161344000 0.105583000 -0.104406000 -0.750022000 0.644530000
1520530318.099649906 -0.187742000 1.605076000 -0.151612000 0.106058000 -0.098795000 -0.760414000 0.633057000
1520530318.150239944 -0.185306000 1.637605000 -0.137249000 0.104131000 -0.087122000 -0.770806000 0.622435000
1520530318.200180054 -0.186327000 1.666654000 -0.116778000 0.099409000 -0.073724000 -0.778853000 0.614875000
1520530318.250149965 -0.187970000 1.688994000 -0.092125000 0.093036000 -0.060664000 -0.785973000 0.608203000
1520530318.300019979 -0.193971000 1.705179000 -0.063586000 0.087612000 -0.047503000 -0.792244000 0.602011000
1520530318.349999905 -0.198935000 1.717222000 -0.032938000 0.083461000 -0.034099000 -0.797065000 0.597126000
1520530318.400029898 -0.205117000 1.724224000 0.000576000 0.078602000 -0.022233000 -0.800279000 0.594038000
1520530318.450040102 -0.211918000 1.727480000 0.035073000 0.073885000 -0.011211000 -0.800847000 0.594189000
1520530318.500060081 -0.218927000 1.722754000 0.070850000 0.069742000 -0.001470000 -0.800441000 0.595339000
1520530318.550070047 -0.224864000 1.713711000 0.106701000 0.066236000 0.007533000 -0.800081000 0.596176000
1520530318.599859953 -0.228996000 1.697539000 0.141631000 0.062048000 0.016328000 -0.798272000 0.598870000
1520530318.649859905 -0.230789000 1.676457000 0.174539000 0.057858000 0.026974000 -0.796862000 0.600780000
1520530318.699860096 -0.230425000 1.649635000 0.204673000 0.053981000 0.037631000 -0.795455000 0.602430000
1520530318.749860048 -0.232676000 1.620706000 0.230589000 0.048701000 0.045792000 -0.791889000 0.606995000
1520530318.799870014 -0.227042000 1.582919000 0.251303000 0.041925000 0.051884000 -0.789233000 0.610460000
1520530318.849889994 -0.218705000 1.538463000 0.265019000 0.033360000 0.055045000 -0.786776000 0.613874000
1520530318.899879932 -0.207874000 1.493984000 0.270814000 0.023167000 0.053199000 -0.782264000 0.620238000
1520530318.949870110 -0.200230000 1.448974000 0.267817000 0.014615000 0.047319000 -0.775815000 0.629014000
1520530318.999279976 -0.188775000 1.399530000 0.256285000 0.011837000 0.040485000 -0.770268000 0.636323000
1520530319.049269915 -0.180424000 1.351653000 0.237883000 0.013464000 0.034823000 -0.764124000 0.643988000
1520530319.099280119 -0.173545000 1.303650000 0.213507000 0.016404000 0.028737000 -0.757136000 0.652418000
1520530319.149290085 -0.162590000 1.253892000 0.183832000 0.019841000 0.019363000 -0.749707000 0.661189000
1520530319.199300051 -0.148415000 1.202935000 0.150170000 0.025875000 0.006853000 -0.743112000 0.668632000
1520530319.249289989 -0.133888000 1.152421000 0.113353000 0.033193000 -0.008135000 -0.736613000 0.675451000
1520530319.299299955 -0.120933000 1.103653000 0.076139000 0.041139000 -0.021866000 -0.730567000 0.681249000
1520530319.349299908 -0.106845000 1.052756000 0.038127000 0.048513000 -0.033004000 -0.725887000 0.685307000
1520530319.399169922 -0.092761000 1.004816000 0.000685000 0.056052000 -0.040565000 -0.721286000 0.689173000
1520530319.449170113 -0.079622000 0.958842000 -0.036162000 0.063177000 -0.046331000 -0.715691000 0.694009000
1520530319.499180079 -0.066547000 0.912624000 -0.071474000 0.071713000 -0.052533000 -0.708469000 0.700121000
1520530319.549210072 -0.053776000 0.865088000 -0.104198000 0.083421000 -0.058093000 -0.697897000 0.708947000
1520530319.599220037 -0.042063000 0.820845000 -0.131907000 0.098512000 -0.061406000 -0.684469000 0.719741000
1520530319.649240017 -0.032863000 0.773910000 -0.154344000 0.114572000 -0.061410000 -0.670777000 0.730178000
1520530319.699219942 -0.027196000 0.726455000 -0.171456000 0.129456000 -0.059479000 -0.655290000 0.741821000
1520530319.749300003 -0.025861000 0.677554000 -0.181422000 0.139299000 -0.057665000 -0.637479000 0.755574000
1520530319.799669981 -0.027680000 0.624376000 -0.184197000 0.142799000 -0.056302000 -0.616915000 0.771916000
1520530319.849649906 -0.033845000 0.571729000 -0.177165000 0.142606000 -0.050220000 -0.596881000 0.787956000
1520530319.899640083 -0.042114000 0.516320000 -0.160454000 0.136630000 -0.040764000 -0.580970000 0.801339000
1520530319.949650049 -0.051790000 0.461348000 -0.134576000 0.122436000 -0.031509000 -0.568824000 0.812684000
1520530319.999700069 -0.063588000 0.408884000 -0.100039000 0.104811000 -0.021488000 -0.563713000 0.819012000
1520530320.049720049 -0.075499000 0.357979000 -0.060117000 0.083974000 -0.015012000 -0.561528000 0.823049000
1520530320.099699974 -0.085438000 0.313007000 -0.017078000 0.062223000 -0.010759000 -0.555707000 0.828977000
1520530320.149719954 -0.094825000 0.269801000 0.028265000 0.044601000 -0.001372000 -0.548809000 0.834756000
1520530320.199759960 -0.102119000 0.230152000 0.074887000 0.031436000 0.007206000 -0.542733000 0.839286000
1520530320.249759912 -0.108990000 0.193428000 0.122257000 0.022148000 0.009655000 -0.536783000 0.843374000
1520530320.299770117 -0.113354000 0.157497000 0.167247000 0.017777000 0.012287000 -0.534286000 0.845027000
1520530320.349790096 -0.117153000 0.121085000 0.209794000 0.015208000 0.012777000 -0.533069000 0.845839000
1520530320.399790049 -0.118867000 0.084078000 0.248179000 0.012998000 0.016471000 -0.533689000 0.845420000
1520530320.449790001 -0.119963000 0.049269000 0.284058000 0.009039000 0.022318000 -0.534579000 0.844775000
1520530320.499789953 -0.118682000 0.012582000 0.314000000 0.001089000 0.028081000 -0.535868000 0.843834000
1520530320.549760103 -0.115946000 -0.026314000 0.336371000 -0.009332000 0.033017000 -0.540667000 0.840537000
1520530320.599200010 -0.113323000 -0.066890000 0.350608000 -0.020126000 0.034238000 -0.546486000 0.836526000
1520530320.649199963 -0.111191000 -0.110232000 0.356867000 -0.029413000 0.035059000 -0.550503000 0.833578000
1520530320.699209929 -0.110829000 -0.154417000 0.354473000 -0.035107000 0.035370000 -0.553746000 0.831193000
1520530320.749209881 -0.111543000 -0.197038000 0.344293000 -0.037629000 0.032534000 -0.559640000 0.827242000
1520530320.799220085 -0.113016000 -0.240591000 0.326998000 -0.038039000 0.025022000 -0.565812000 0.823276000
1520530320.849230051 -0.115188000 -0.280861000 0.305160000 -0.037347000 0.012905000 -0.569290000 0.821187000
1520530320.899240017 -0.116592000 -0.318027000 0.279397000 -0.035982000 0.000842000 -0.573230000 0.818604000
1520530320.949239969 -0.115262000 -0.350878000 0.250437000 -0.035488000 -0.007171000 -0.577632000 0.815494000
1520530320.999249935 -0.110468000 -0.378163000 0.219865000 -0.035596000 -0.011281000 -0.583147000 0.811508000
1520530321.049109936 -0.102201000 -0.400168000 0.188618000 -0.034748000 -0.010513000 -0.588956000 0.807349000
1520530321.099109888 -0.090732000 -0.418234000 0.156599000 -0.034320000 -0.008539000 -0.592871000 0.804520000
1520530321.149110079 -0.075106000 -0.433071000 0.124229000 -0.032024000 -0.007895000 -0.595397000 0.802755000
1520530321.199120045 -0.055301000 -0.445328000 0.092090000 -0.025756000 -0.008674000 -0.596582000 0.802092000
1520530321.249150038 -0.030798000 -0.455223000 0.061091000 -0.015007000 -0.009327000 -0.596288000 0.802576000
1520530321.299149990 -0.002638000 -0.463332000 0.031687000 -0.002583000 -0.009075000 -0.595875000 0.803022000
1520530321.349149942 0.028241000 -0.469799000 0.004360000 0.008279000 -0.009543000 -0.595227000 0.803458000
1520530321.399159908 0.061557000 -0.474984000 -0.020730000 0.016256000 -0.012780000 -0.594950000 0.803497000
1520530321.449259996 0.097493000 -0.477858000 -0.044074000 0.022858000 -0.019397000 -0.594735000 0.803363000
1520530321.499259949 0.135308000 -0.480277000 -0.066397000 0.030954000 -0.027333000 -0.596016000 0.801910000
1520530321.549259901 0.174720000 -0.480890000 -0.086985000 0.041349000 -0.034731000 -0.597358000 0.800155000
1520530321.599260092 0.215079000 -0.480634000 -0.104573000 0.053652000 -0.043957000 -0.596526000 0.799591000
1520530321.649260044 0.255695000 -0.480519000 -0.115921000 0.066872000 -0.059584000 -0.594180000 0.799330000
1520530321.699249983 0.294960000 -0.479481000 -0.118044000 0.080942000 -0.075279000 -0.591876000 0.798413000
1520530321.749249935 0.331298000 -0.478183000 -0.110808000 0.092017000 -0.088331000 -0.589983000 0.797277000
1520530321.799249887 0.363115000 -0.476397000 -0.095782000 0.097618000 -0.099573000 -0.588386000 0.796466000
1520530321.849550009 0.391394000 -0.472480000 -0.074250000 0.096572000 -0.104688000 -0.587169000 0.796835000
1520530321.899580002 0.415590000 -0.467818000 -0.046414000 0.089862000 -0.102327000 -0.586362000 0.798520000
1520530321.949620008 0.437649000 -0.461377000 -0.012879000 0.077713000 -0.093901000 -0.585817000 0.801225000
1520530321.999660015 0.458218000 -0.453640000 0.024118000 0.062570000 -0.080537000 -0.587223000 0.802975000
1520530322.049679995 0.476749000 -0.443912000 0.062002000 0.046603000 -0.066071000 -0.590392000 0.803057000
1520530322.099689960 0.495424000 -0.432531000 0.097788000 0.031730000 -0.052504000 -0.593394000 0.802571000
1520530322.149679899 0.515542000 -0.416451000 0.129077000 0.020388000 -0.039727000 -0.596984000 0.801009000
1520530322.199690104 0.532511000 -0.400686000 0.155566000 0.012371000 -0.029758000 -0.601109000 0.798517000
1520530322.249730110 0.547620000 -0.382540000 0.176298000 0.008835000 -0.022018000 -0.606126000 0.795014000
1520530322.299740076 0.562256000 -0.361214000 0.190633000 0.008761000 -0.017047000 -0.611507000 0.791007000
1520530322.349740028 0.574345000 -0.338400000 0.198644000 0.010402000 -0.013207000 -0.614441000 0.788784000
1520530322.399739981 0.584840000 -0.314251000 0.199691000 0.011978000 -0.008875000 -0.618534000 0.785617000
1520530322.449749947 0.593655000 -0.288640000 0.194402000 0.009745000 -0.005419000 -0.622885000 0.782234000
1520530322.499730110 0.602279000 -0.261213000 0.182865000 0.003665000 -0.004342000 -0.626173000 0.779664000
1520530322.549730062 0.607929000 -0.233499000 0.165233000 -0.002101000 -0.005616000 -0.631454000 0.775390000
1520530322.599730015 0.613528000 -0.204511000 0.142729000 -0.005064000 -0.008179000 -0.636723000 0.771033000
1520530322.649539948 0.616839000 -0.174200000 0.116175000 -0.004075000 -0.013354000 -0.639160000 0.768947000
1520530322.699549913 0.619118000 -0.141196000 0.086121000 0.000984000 -0.019232000 -0.641399000 0.766966000
1520530322.749560118 0.618845000 -0.107486000 0.054996000 0.006965000 -0.024410000 -0.643519000 0.765009000
1520530322.799570084 0.617691000 -0.070502000 0.022867000 0.013548000 -0.028405000 -0.645801000 0.762857000
1520530322.849570036 0.614952000 -0.032937000 -0.008570000 0.022024000 -0.031193000 -0.649547000 0.759362000
1520530322.899620056 0.611572000 0.005464000 -0.039354000 0.030408000 -0.034702000 -0.653318000 0.755677000
1520530322.949589968 0.608131000 0.043082000 -0.069360000 0.039916000 -0.036957000 -0.655944000 0.752847000
1520530322.999599934 0.603066000 0.080539000 -0.097676000 0.052738000 -0.038830000 -0.656988000 0.751051000
1520530323.049599886 0.597152000 0.117135000 -0.125368000 0.068991000 -0.041718000 -0.657833000 0.748837000
1520530323.099649906 0.590204000 0.153283000 -0.152040000 0.081176000 -0.052441000 -0.658121000 0.746685000
1520530323.149650097 0.580802000 0.188477000 -0.175615000 0.093786000 -0.064624000 -0.658852000 0.743601000
1520530323.199660063 0.569473000 0.223572000 -0.192208000 0.108264000 -0.076263000 -0.659216000 0.740201000
1520530323.249660015 0.554170000 0.258269000 -0.199684000 0.120337000 -0.090165000 -0.659682000 0.736348000
1520530323.299659967 0.534200000 0.292612000 -0.197076000 0.128466000 -0.100189000 -0.662237000 0.731369000
1520530323.349659920 0.509203000 0.325845000 -0.184421000 0.129167000 -0.104392000 -0.667110000 0.726211000
1520530323.399669886 0.478388000 0.357814000 -0.162585000 0.120510000 -0.102097000 -0.673426000 0.722185000
1520530323.449670076 0.442924000 0.388839000 -0.133065000 0.104872000 -0.091708000 -0.679569000 0.720262000
1520530323.499939919 0.402502000 0.418117000 -0.097060000 0.087622000 -0.075572000 -0.684446000 0.719823000
1520530323.549949884 0.362851000 0.447475000 -0.059069000 0.073599000 -0.056786000 -0.688052000 0.719683000
1520530323.599940062 0.322487000 0.475793000 -0.019994000 0.064288000 -0.040048000 -0.690044000 0.719793000
1520530323.649940014 0.284038000 0.503168000 0.019431000 0.059268000 -0.026883000 -0.691287000 0.719644000
1520530323.699939966 0.249131000 0.532732000 0.058116000 0.054775000 -0.015965000 -0.692669000 0.718995000
1520530323.749949932 0.215673000 0.560844000 0.095789000 0.048179000 -0.006219000 -0.694344000 0.718002000
1520530323.799949884 0.183183000 0.589103000 0.131648000 0.039123000 0.001044000 -0.695203000 0.717747000
1520530323.849950075 0.152259000 0.617907000 0.164619000 0.029988000 0.006289000 -0.697004000 0.716413000
1520530323.899749994 0.121476000 0.647288000 0.193242000 0.021649000 0.007965000 -0.697590000 0.716126000
1520530323.949749947 0.089677000 0.677991000 0.217032000 0.014961000 0.008737000 -0.698509000 0.715392000
1520530323.999749899 0.056682000 0.709152000 0.235163000 0.009422000 0.010246000 -0.700094000 0.713915000
1520530324.049760103 0.022625000 0.741508000 0.247851000 0.004425000 0.011170000 -0.700748000 0.713308000
1520530324.099760056 -0.011844000 0.773302000 0.255818000 0.001021000 0.012389000 -0.700092000 0.713944000
1520530324.149760008 -0.045893000 0.805240000 0.258438000 -0.000678000 0.017148000 -0.699719000 0.714212000
1520530324.199759960 -0.079534000 0.837425000 0.255598000 -0.002756000 0.025170000 -0.701661000 0.712061000
1520530324.249759912 -0.113661000 0.868949000 0.247016000 -0.004559000 0.032965000 -0.705024000 0.708402000
1520530324.299499989 -0.146813000 0.900551000 0.232653000 -0.003312000 0.036535000 -0.706826000 0.706436000
1520530324.349499941 -0.180688000 0.930871000 0.212465000 0.004616000 0.035223000 -0.707877000 0.705442000
1520530324.399490118 -0.214501000 0.959574000 0.187880000 0.016676000 0.026723000 -0.710137000 0.703359000
1520530324.449490070 -0.248070000 0.989499000 0.159810000 0.029134000 0.013844000 -0.713650000 0.699760000
1520530324.499569893 -0.281180000 1.019143000 0.131258000 0.036558000 0.000748000 -0.715468000 0.697688000
1520530324.549499989 -0.313616000 1.049163000 0.101693000 0.040728000 -0.007053000 -0.717000000 0.695846000
1520530324.599499941 -0.345369000 1.079340000 0.071854000 0.043587000 -0.009935000 -0.718787000 0.693791000
1520530324.649499893 -0.376873000 1.110592000 0.041812000 0.045389000 -0.011299000 -0.720696000 0.691671000
1520530324.699599981 -0.405913000 1.142062000 0.012535000 0.045847000 -0.014584000 -0.722330000 0.689873000
1520530324.749599934 -0.434039000 1.172972000 -0.014295000 0.046689000 -0.013824000 -0.724415000 0.687642000
1520530324.799609900 -0.458841000 1.203329000 -0.037130000 0.047468000 -0.008622000 -0.727255000 0.684670000
1520530324.849610090 -0.480600000 1.233290000 -0.056796000 0.046849000 -0.002503000 -0.731395000 0.680338000
1520530324.899600029 -0.499421000 1.262929000 -0.073505000 0.043659000 0.000107000 -0.736092000 0.675472000
1520530324.949599981 -0.514046000 1.292110000 -0.087724000 0.040411000 0.001767000 -0.740527000 0.670808000
1520530324.999609947 -0.523894000 1.321233000 -0.100598000 0.037876000 0.004889000 -0.743168000 0.668014000
1520530325.049609900 -0.529888000 1.348316000 -0.112929000 0.034417000 0.006296000 -0.743161000 0.668197000
1520530325.100399971 -0.531193000 1.375235000 -0.126279000 0.031870000 0.007145000 -0.742094000 0.669500000
1520530325.150399923 -0.527740000 1.401294000 -0.140315000 0.034074000 0.010074000 -0.741015000 0.670547000
1520530325.200400114 -0.520977000 1.426717000 -0.153370000 0.039102000 0.009447000 -0.736890000 0.674815000
1520530325.250410080 -0.512009000 1.451180000 -0.161646000 0.045306000 0.002279000 -0.730212000 0.681713000
1520530325.300410032 -0.501244000 1.474357000 -0.161168000 0.051595000 -0.008091000 -0.721539000 0.690402000
1520530325.350409985 -0.489613000 1.496717000 -0.150702000 0.056919000 -0.016227000 -0.712875000 0.698789000
1520530325.400409937 -0.476653000 1.517908000 -0.131408000 0.059716000 -0.017942000 -0.706045000 0.705416000
1520530325.450419903 -0.463107000 1.537303000 -0.105801000 0.060135000 -0.014824000 -0.699452000 0.711991000
1520530325.500420094 -0.447628000 1.554090000 -0.075589000 0.059651000 -0.011798000 -0.694584000 0.716837000
1520530325.550499916 -0.429954000 1.569527000 -0.042166000 0.056763000 -0.010384000 -0.692657000 0.718955000
1520530325.600490093 -0.406203000 1.584985000 -0.009050000 0.049897000 -0.010882000 -0.693704000 0.718447000
1520530325.650490046 -0.382409000 1.597534000 0.023486000 0.042185000 -0.009662000 -0.696167000 0.716575000
1520530325.700500011 -0.355722000 1.608489000 0.052965000 0.032265000 -0.008555000 -0.697897000 0.715420000
1520530325.750499964 -0.325557000 1.617265000 0.077808000 0.022491000 -0.006095000 -0.700467000 0.713304000
1520530325.800489902 -0.292696000 1.623883000 0.095791000 0.014537000 -0.003793000 -0.701974000 0.712044000
1520530325.850490093 -0.258445000 1.629954000 0.105137000 0.010247000 -0.003476000 -0.704440000 0.709681000
1520530325.900490046 -0.223212000 1.634387000 0.106180000 0.009969000 -0.004301000 -0.709280000 0.704843000
1520530325.950099945 -0.187131000 1.637847000 0.099696000 0.009848000 -0.007033000 -0.714681000 0.699346000
1520530326.000099897 -0.151702000 1.639639000 0.087027000 0.011184000 -0.009554000 -0.718370000 0.695505000
1520530326.050110102 -0.116377000 1.639755000 0.069268000 0.014975000 -0.012926000 -0.722393000 0.691199000
1520530326.100100040 -0.080677000 1.637784000 0.048542000 0.019252000 -0.019154000 -0.724925000 0.688292000
1520530326.150099993 -0.043445000 1.634954000 0.025998000 0.026392000 -0.025254000 -0.726872000 0.685800000
1520530326.200089931 -0.006412000 1.631480000 0.002999000 0.035484000 -0.031467000 -0.728435000 0.683472000
1520530326.250089884 0.030754000 1.628047000 -0.020109000 0.045660000 -0.035914000 -0.730390000 0.680555000
1520530326.300090075 0.068286000 1.623656000 -0.042815000 0.051812000 -0.042396000 -0.730569000 0.679549000
1520530326.349740028 0.104671000 1.620556000 -0.064785000 0.057579000 -0.048358000 -0.730287000 0.678990000
1520530326.399739981 0.141976000 1.617423000 -0.085893000 0.063714000 -0.052078000 -0.730938000 0.677465000
1520530326.449749947 0.178205000 1.614497000 -0.106419000 0.069550000 -0.054266000 -0.731678000 0.675918000
1520530326.499749899 0.213007000 1.612495000 -0.125746000 0.075304000 -0.055204000 -0.732082000 0.674787000
1520530326.549750090 0.248752000 1.609975000 -0.142947000 0.080594000 -0.059433000 -0.732708000 0.673135000
1520530326.599750042 0.281352000 1.607466000 -0.156421000 0.088330000 -0.068593000 -0.734012000 0.669865000
1520530326.649749994 0.311020000 1.604182000 -0.163708000 0.098399000 -0.080065000 -0.736696000 0.664219000
1520530326.699749947 0.335392000 1.600852000 -0.164290000 0.109378000 -0.086738000 -0.739846000 0.658134000
1520530326.749969959 0.355234000 1.594131000 -0.155808000 0.114743000 -0.087264000 -0.742921000 0.653673000
1520530326.799969912 0.366839000 1.586538000 -0.138417000 0.112675000 -0.082688000 -0.746099000 0.651002000
1520530326.849970102 0.372017000 1.576091000 -0.112579000 0.104018000 -0.072909000 -0.748127000 0.651284000
1520530326.899970055 0.370896000 1.562086000 -0.080633000 0.093507000 -0.056383000 -0.749468000 0.652974000
1520530326.949959993 0.365146000 1.544098000 -0.044599000 0.083755000 -0.033847000 -0.749846000 0.655416000
1520530326.999959946 0.357282000 1.520320000 -0.006169000 0.075123000 -0.008127000 -0.748959000 0.658294000
1520530327.049959898 0.347977000 1.491781000 0.032949000 0.067484000 0.019160000 -0.746477000 0.661703000
1520530327.099960089 0.338211000 1.456083000 0.071151000 0.061500000 0.045600000 -0.741843000 0.666189000
1520530327.149960041 0.329121000 1.414518000 0.106536000 0.055802000 0.066065000 -0.734715000 0.672842000
1520530327.199959993 0.319999000 1.368098000 0.137626000 0.048598000 0.080128000 -0.726431000 0.680820000
1520530327.249969959 0.311047000 1.318685000 0.163538000 0.040072000 0.087454000 -0.718641000 0.688695000
1520530327.299979925 0.303276000 1.266373000 0.182741000 0.030856000 0.087846000 -0.708996000 0.699039000
1520530327.349980116 0.296981000 1.211996000 0.193062000 0.025022000 0.081613000 -0.696535000 0.712427000
1520530327.399990082 0.293289000 1.156444000 0.192553000 0.027913000 0.071604000 -0.684871000 0.724601000
1520530327.450000048 0.290523000 1.101716000 0.182074000 0.035787000 0.061027000 -0.671036000 0.738042000
1520530327.500010014 0.288846000 1.046680000 0.163510000 0.043991000 0.053411000 -0.652399000 0.754711000
1520530327.549649954 0.290200000 0.989555000 0.139339000 0.049439000 0.048775000 -0.629857000 0.773600000
1520530327.599639893 0.292172000 0.929883000 0.111861000 0.053173000 0.043517000 -0.604473000 0.793657000
1520530327.649660110 0.294899000 0.871499000 0.082411000 0.062604000 0.035099000 -0.576726000 0.813779000
1520530327.699650049 0.300037000 0.812219000 0.054790000 0.078994000 0.020899000 -0.543432000 0.835467000
1520530327.749650002 0.305117000 0.754171000 0.032742000 0.092897000 0.002240000 -0.502515000 0.859560000
1520530327.799659967 0.309846000 0.698202000 0.019265000 0.100578000 -0.014771000 -0.458944000 0.882630000
1520530327.849669933 0.308974000 0.645708000 0.016467000 0.097458000 -0.025762000 -0.420193000 0.901818000
1520530327.899679899 0.303546000 0.594404000 0.022626000 0.082892000 -0.030535000 -0.391059000 0.916117000
1520530327.949690104 0.292885000 0.549109000 0.037315000 0.059067000 -0.034225000 -0.366610000 0.927867000
1520530327.999860048 0.277760000 0.504619000 0.057851000 0.030639000 -0.039986000 -0.341024000 0.938704000
1520530328.049860001 0.261091000 0.467214000 0.081883000 0.002185000 -0.044612000 -0.312497000 0.948868000
1520530328.099859953 0.240943000 0.435887000 0.106685000 -0.021867000 -0.045137000 -0.290439000 0.955578000
1520530328.149869919 0.218216000 0.409623000 0.130701000 -0.041073000 -0.045097000 -0.275696000 0.959307000
1520530328.199879885 0.193532000 0.389532000 0.152419000 -0.053447000 -0.042592000 -0.274405000 0.959183000
1520530328.249880075 0.167111000 0.374458000 0.170480000 -0.058546000 -0.039847000 -0.289525000 0.954547000
1520530328.299890041 0.138083000 0.363826000 0.184645000 -0.058366000 -0.037581000 -0.320646000 0.944652000
1520530328.349889994 0.107644000 0.356844000 0.194480000 -0.055033000 -0.038871000 -0.362069000 0.929713000
1520530328.399940014 0.077033000 0.352973000 0.200162000 -0.049667000 -0.040965000 -0.411246000 0.909248000
1520530328.449939966 0.046592000 0.354142000 0.202403000 -0.044424000 -0.040410000 -0.466779000 0.882333000
1520530328.499939919 0.017035000 0.357727000 0.202046000 -0.044930000 -0.036399000 -0.522353000 0.850766000
1520530328.549940109 -0.011800000 0.362853000 0.200117000 -0.050420000 -0.025659000 -0.575958000 0.815519000
1520530328.599940062 -0.038849000 0.369046000 0.196720000 -0.054904000 -0.009534000 -0.627364000 0.776730000
1520530328.649950027 -0.063145000 0.375335000 0.191971000 -0.054451000 0.006633000 -0.675740000 0.735097000
1520530328.699949980 -0.085246000 0.380888000 0.186375000 -0.047333000 0.019931000 -0.719233000 0.692868000
1520530328.749959946 -0.106212000 0.384647000 0.180936000 -0.034844000 0.029775000 -0.754397000 0.654816000
1520530328.799710035 -0.126696000 0.385270000 0.177797000 -0.019048000 0.038124000 -0.777686000 0.627207000
1520530328.849720001 -0.146641000 0.382368000 0.177821000 -0.003607000 0.046060000 -0.787744000 0.614268000
1520530328.899749994 -0.166434000 0.375277000 0.181303000 0.006593000 0.052205000 -0.784564000 0.617811000
1520530328.949759960 -0.183458000 0.365472000 0.186479000 0.010492000 0.053961000 -0.770857000 0.634631000
1520530328.999759912 -0.197286000 0.353839000 0.192130000 0.011006000 0.053590000 -0.748560000 0.660806000
1520530329.049760103 -0.210796000 0.341044000 0.197856000 0.010969000 0.054276000 -0.721710000 0.689977000
1520530329.099780083 -0.223210000 0.326304000 0.202860000 0.009562000 0.053586000 -0.690749000 0.721043000
1520530329.149770021 -0.228979000 0.310759000 0.205629000 0.008731000 0.050197000 -0.658527000 0.750830000
1520530329.199719906 -0.235042000 0.292985000 0.207750000 0.005119000 0.043111000 -0.622157000 0.781688000
1520530329.249769926 -0.238921000 0.275428000 0.208837000 -0.001574000 0.035698000 -0.582097000 0.812334000
1520530329.299720049 -0.239990000 0.257055000 0.208622000 -0.014998000 0.026399000 -0.539587000 0.841382000
1520530329.349730015 -0.239767000 0.238005000 0.207396000 -0.031631000 0.017285000 -0.498073000 0.866385000
1520530329.399739981 -0.240084000 0.221682000 0.205456000 -0.048442000 0.003655000 -0.465382000 0.883776000
1520530329.449739933 -0.237518000 0.206825000 0.203326000 -0.063650000 -0.013503000 -0.447506000 0.891911000
1520530329.499749899 -0.236543000 0.194734000 0.201993000 -0.078169000 -0.035080000 -0.446849000 0.890497000
1520530329.549760103 -0.237654000 0.186130000 0.201096000 -0.092140000 -0.059695000 -0.464092000 0.878957000
1520530329.599809885 -0.239886000 0.180855000 0.200721000 -0.108655000 -0.089583000 -0.492556000 0.858812000
1520530329.649820089 -0.241389000 0.179673000 0.200764000 -0.129595000 -0.122191000 -0.522944000 0.833549000
1520530329.699830055 -0.241193000 0.183032000 0.199623000 -0.152916000 -0.152436000 -0.554503000 0.803683000
1520530329.749840021 -0.239697000 0.191393000 0.197846000 -0.177176000 -0.179409000 -0.585850000 0.770195000
1520530329.799839973 -0.238200000 0.204529000 0.194103000 -0.197185000 -0.199998000 -0.617469000 0.734746000
1520530329.849839926 -0.236695000 0.221825000 0.186977000 -0.208663000 -0.217360000 -0.647620000 0.699859000
1520530329.899849892 -0.234671000 0.243511000 0.175229000 -0.206258000 -0.234179000 -0.677969000 0.665564000
1520530329.949870110 -0.232231000 0.268325000 0.160411000 -0.195775000 -0.253599000 -0.704549000 0.633223000
1520530329.999870062 -0.228115000 0.297490000 0.144031000 -0.178750000 -0.268842000 -0.727796000 0.605050000
1520530330.049930096 -0.224209000 0.331715000 0.127770000 -0.154160000 -0.270564000 -0.752439000 0.580402000
1520530330.099930048 -0.217500000 0.367967000 0.112604000 -0.122161000 -0.258636000 -0.777253000 0.560412000
1520530330.149930000 -0.209085000 0.406349000 0.100803000 -0.086696000 -0.234805000 -0.802995000 0.540878000
1520530330.199929953 -0.200158000 0.446318000 0.093360000 -0.056325000 -0.202237000 -0.826535000 0.522271000
1520530330.249929905 -0.191514000 0.485264000 0.091383000 -0.030190000 -0.161068000 -0.847343000 0.505129000
1520530330.299930096 -0.181668000 0.524665000 0.092994000 -0.000254000 -0.109672000 -0.865928000 0.487996000
1520530330.349940062 -0.172527000 0.558838000 0.098787000 0.034629000 -0.050326000 -0.878392000 0.474020000
1520530330.399930000 -0.165283000 0.586352000 0.108493000 0.073145000 0.011526000 -0.881583000 0.466185000
1520530330.450540066 -0.158455000 0.607200000 0.117867000 0.112577000 0.068138000 -0.873572000 0.468567000
1520530330.500540018 -0.152671000 0.619572000 0.127580000 0.152312000 0.113046000 -0.855888000 0.481121000
1520530330.550539970 -0.149125000 0.623339000 0.136252000 0.189424000 0.144274000 -0.831518000 0.501878000
1520530330.600539923 -0.145805000 0.618296000 0.142857000 0.223162000 0.167078000 -0.800221000 0.530970000
1520530330.650540113 -0.140844000 0.606708000 0.145027000 0.250599000 0.185919000 -0.761793000 0.567720000
1520530330.700540066 -0.137396000 0.586084000 0.145187000 0.273180000 0.203579000 -0.717147000 0.607971000
1520530330.750540018 -0.131598000 0.557989000 0.140445000 0.288018000 0.212460000 -0.671071000 0.649284000
1520530330.800539970 -0.123713000 0.524469000 0.130934000 0.298360000 0.211501000 -0.624881000 0.689762000
1520530330.850120068 -0.113990000 0.487634000 0.117356000 0.303684000 0.202317000 -0.582016000 0.726705000
1520530330.900019884 -0.101761000 0.445018000 0.102818000 0.303215000 0.182550000 -0.540936000 0.762971000
1520530330.950020075 -0.088205000 0.402582000 0.086318000 0.297574000 0.153634000 -0.503231000 0.796621000
1520530331.000020027 -0.073187000 0.360425000 0.070707000 0.288052000 0.122334000 -0.470291000 0.825158000
1520530331.050019979 -0.059005000 0.318653000 0.057898000 0.276258000 0.093616000 -0.443981000 0.847230000
1520530331.100019932 -0.046174000 0.277681000 0.049925000 0.261268000 0.063550000 -0.424961000 0.864354000
1520530331.150019884 -0.034674000 0.239109000 0.047958000 0.241890000 0.028852000 -0.411292000 0.878348000
1520530331.200020075 -0.026189000 0.204061000 0.052553000 0.217331000 -0.009732000 -0.401689000 0.889561000
1520530331.250479937 -0.019077000 0.171617000 0.065195000 0.185421000 -0.047597000 -0.398218000 0.897093000
1520530331.300479889 -0.010471000 0.149085000 0.081587000 0.145036000 -0.082128000 -0.401293000 0.900657000
1520530331.350480080 -0.008295000 0.135134000 0.100143000 0.094947000 -0.112041000 -0.412607000 0.898992000
1520530331.400490046 -0.012659000 0.127529000 0.122020000 0.037368000 -0.139974000 -0.431014000 0.890639000
1520530331.450489998 -0.019901000 0.128231000 0.142888000 -0.023659000 -0.166745000 -0.455613000 0.874101000
1520530331.500489950 -0.028563000 0.137184000 0.161766000 -0.084440000 -0.193008000 -0.483615000 0.849550000
1520530331.550479889 -0.038524000 0.153470000 0.175538000 -0.137141000 -0.216852000 -0.516412000 0.816998000
1520530331.600480080 -0.044143000 0.176277000 0.181874000 -0.176990000 -0.237463000 -0.554134000 0.777960000
1520530331.650199890 -0.053976000 0.203647000 0.181973000 -0.202568000 -0.252981000 -0.594565000 0.735839000
1520530331.700200081 -0.062600000 0.235393000 0.175727000 -0.218619000 -0.264958000 -0.633732000 0.693099000
1520530331.750200033 -0.067121000 0.271513000 0.162864000 -0.225522000 -0.271212000 -0.671883000 0.651273000
1520530331.800199986 -0.072075000 0.310050000 0.144654000 -0.224209000 -0.271646000 -0.708471000 0.611561000
1520530331.850199938 -0.074097000 0.350966000 0.122956000 -0.212126000 -0.263024000 -0.745599000 0.574371000
1520530331.900199890 -0.070695000 0.394748000 0.100020000 -0.191614000 -0.246933000 -0.780812000 0.540962000
1520530331.950210094 -0.066916000 0.435991000 0.080090000 -0.167003000 -0.227654000 -0.811200000 0.512092000
1520530332.000200033 -0.056293000 0.479920000 0.063973000 -0.139568000 -0.206729000 -0.836894000 0.487230000
1520530332.050100088 -0.050196000 0.516205000 0.052622000 -0.108641000 -0.183966000 -0.859285000 0.464740000
1520530332.100100040 -0.040200000 0.553227000 0.048201000 -0.076649000 -0.158292000 -0.878314000 0.444559000
1520530332.150099993 -0.029764000 0.585517000 0.050600000 -0.046155000 -0.128604000 -0.894470000 0.425739000
1520530332.200109959 -0.020368000 0.613914000 0.061721000 -0.015485000 -0.091778000 -0.907347000 0.409950000
1520530332.250109911 -0.013325000 0.633435000 0.079268000 0.017133000 -0.047024000 -0.914201000 0.402160000
1520530332.300110102 -0.009949000 0.643015000 0.101655000 0.048913000 0.004351000 -0.913504000 0.403854000
1520530332.350110054 -0.007545000 0.642912000 0.126355000 0.073865000 0.054515000 -0.905332000 0.414664000
1520530332.400120020 -0.004376000 0.634485000 0.151367000 0.097293000 0.102478000 -0.891160000 0.431122000
1520530332.450119972 -0.007782000 0.619897000 0.173950000 0.122195000 0.147773000 -0.871836000 0.450703000
1520530332.500210047 -0.010761000 0.598890000 0.191202000 0.144569000 0.188814000 -0.846102000 0.477033000
1520530332.550199986 -0.009749000 0.573170000 0.201794000 0.164179000 0.226640000 -0.814654000 0.507955000
1520530332.600209951 -0.020076000 0.540231000 0.206075000 0.180927000 0.254588000 -0.777700000 0.545557000
1520530332.650209904 -0.028307000 0.502959000 0.202587000 0.199857000 0.273053000 -0.738654000 0.583001000
1520530332.700210094 -0.030992000 0.468026000 0.190302000 0.218971000 0.283442000 -0.698998000 0.618962000
1520530332.750210047 -0.032867000 0.431552000 0.171627000 0.235063000 0.284745000 -0.662517000 0.651719000
1520530332.800199986 -0.033378000 0.394605000 0.149029000 0.243575000 0.273627000 -0.629348000 0.685362000
1520530332.850199938 -0.029468000 0.356286000 0.122903000 0.246376000 0.254137000 -0.598172000 0.718960000
1520530332.899859905 -0.024944000 0.319280000 0.095920000 0.245185000 0.228538000 -0.568492000 0.751313000
1520530332.949860096 -0.016134000 0.284005000 0.069646000 0.243140000 0.197559000 -0.539399000 0.781602000
1520530332.999860048 -0.004085000 0.249856000 0.047803000 0.240615000 0.159882000 -0.509703000 0.810398000
1520530333.049860001 0.009461000 0.218152000 0.033432000 0.236408000 0.121714000 -0.478819000 0.836678000
1520530333.099869967 0.028384000 0.188673000 0.028740000 0.228279000 0.089017000 -0.445398000 0.861153000
1520530333.149869919 0.048962000 0.165108000 0.033056000 0.213887000 0.061942000 -0.407747000 0.885527000
1520530333.199879885 0.060974000 0.146380000 0.045721000 0.193474000 0.039679000 -0.371437000 0.907209000
1520530333.249880075 0.074471000 0.132899000 0.064897000 0.165790000 0.017139000 -0.334798000 0.927432000
1520530333.300319910 0.089155000 0.126984000 0.087983000 0.132821000 -0.004540000 -0.299372000 0.944836000
1520530333.350310087 0.095522000 0.127716000 0.112039000 0.097436000 -0.026396000 -0.263065000 0.959482000
1520530333.400310040 0.104179000 0.133121000 0.136155000 0.063007000 -0.045257000 -0.226882000 0.970828000
1520530333.450309992 0.110323000 0.142498000 0.158379000 0.032967000 -0.062081000 -0.192917000 0.978694000
1520530333.500309944 0.112541000 0.155318000 0.177396000 0.010308000 -0.072846000 -0.169560000 0.982770000
1520530333.550319910 0.109786000 0.169982000 0.192295000 -0.005166000 -0.078637000 -0.164666000 0.983196000
1520530333.600330114 0.106439000 0.185800000 0.201843000 -0.014037000 -0.084071000 -0.181810000 0.979633000
1520530333.650330067 0.094361000 0.205623000 0.210242000 -0.018089000 -0.087900000 -0.224837000 0.970255000
1520530333.700259924 0.079102000 0.226337000 0.217617000 -0.023217000 -0.089741000 -0.279669000 0.955611000
1520530333.750260115 0.064572000 0.250575000 0.225416000 -0.035135000 -0.086186000 -0.340446000 0.935646000
1520530333.800270081 0.047854000 0.277622000 0.234125000 -0.052595000 -0.070565000 -0.410949000 0.907400000
1520530333.850280046 0.033899000 0.306954000 0.243110000 -0.076315000 -0.043943000 -0.481287000 0.872128000
1520530333.900279999 0.022688000 0.336099000 0.252157000 -0.099963000 -0.008239000 -0.549547000 0.829420000
1520530333.950279951 0.016894000 0.364144000 0.261124000 -0.116336000 0.036455000 -0.614645000 0.779326000
1520530334.000299931 0.015311000 0.387980000 0.270218000 -0.124747000 0.081191000 -0.667851000 0.729260000
1520530334.050290108 0.016880000 0.405526000 0.280615000 -0.131978000 0.116556000 -0.701737000 0.690334000
1520530334.099960089 0.020988000 0.416870000 0.292461000 -0.142656000 0.140533000 -0.716957000 0.667737000
1520530334.149980068 0.024941000 0.424828000 0.303462000 -0.154249000 0.155160000 -0.720332000 0.658220000
1520530334.199990034 0.027148000 0.429387000 0.312069000 -0.161861000 0.157951000 -0.717252000 0.659092000
1520530334.250000000 0.025705000 0.432739000 0.313698000 -0.148667000 0.138856000 -0.713634000 0.670332000
1520530334.300009966 0.022305000 0.433763000 0.308171000 -0.110385000 0.099194000 -0.711836000 0.686488000
1520530334.350019932 0.021775000 0.435808000 0.298553000 -0.063791000 0.053265000 -0.707562000 0.701748000
1520530334.400029898 0.013507000 0.432110000 0.286342000 -0.022208000 0.011092000 -0.700719000 0.713005000
1520530334.450040102 0.007691000 0.430401000 0.272228000 0.014979000 -0.024667000 -0.693358000 0.720015000
1520530334.500050068 0.003265000 0.427023000 0.256314000 0.049304000 -0.059137000 -0.685516000 0.723975000
1520530334.549920082 -0.001765000 0.423680000 0.240149000 0.081124000 -0.090422000 -0.678172000 0.724793000
1520530334.599920034 -0.004925000 0.421284000 0.223362000 0.111919000 -0.119086000 -0.670886000 0.723329000
1520530334.649919987 -0.004872000 0.419858000 0.205762000 0.143294000 -0.146660000 -0.662793000 0.720183000
1520530334.699919939 -0.004908000 0.418432000 0.188059000 0.174887000 -0.175814000 -0.652735000 0.715850000
1520530334.749919891 -0.005561000 0.419072000 0.170671000 0.205285000 -0.206051000 -0.641467000 0.709874000
1520530334.799930096 -0.004985000 0.421368000 0.153104000 0.235200000 -0.237536000 -0.629537000 0.701385000
1520530334.849930048 -0.003657000 0.424764000 0.136919000 0.263292000 -0.269851000 -0.617090000 0.690694000
1520530334.899940014 -0.001029000 0.428304000 0.124030000 0.287687000 -0.297767000 -0.606736000 0.678559000
1520530334.950779915 -0.000429000 0.433271000 0.117016000 0.299882000 -0.313800000 -0.601776000 0.670422000
1520530335.000790119 -0.002170000 0.437821000 0.117529000 0.293061000 -0.311502000 -0.606242000 0.670486000
1520530335.050800085 -0.005431000 0.441967000 0.123913000 0.269671000 -0.292362000 -0.618712000 0.677494000
1520530335.100810051 -0.010314000 0.445927000 0.134339000 0.236160000 -0.262183000 -0.635218000 0.687013000
1520530335.150810003 -0.014731000 0.449520000 0.148175000 0.198011000 -0.224520000 -0.653123000 0.695567000
1520530335.200819969 -0.017607000 0.452745000 0.163271000 0.157747000 -0.183428000 -0.670014000 0.701820000
1520530335.250819921 -0.019064000 0.455863000 0.179161000 0.115654000 -0.141423000 -0.683460000 0.706757000
1520530335.300829887 -0.018863000 0.458063000 0.194996000 0.071590000 -0.100533000 -0.692551000 0.710732000
1520530335.351340055 -0.017145000 0.459234000 0.210418000 0.027916000 -0.059740000 -0.697718000 0.713331000
1520530335.401340008 -0.013915000 0.459235000 0.225247000 -0.014537000 -0.019919000 -0.699724000 0.713987000
1520530335.451349974 -0.008676000 0.458522000 0.238190000 -0.053505000 0.015708000 -0.698321000 0.713610000
1520530335.501349926 -0.002745000 0.457012000 0.249583000 -0.084996000 0.046121000 -0.695416000 0.712071000
1520530335.551350117 0.003148000 0.455616000 0.259690000 -0.111561000 0.071187000 -0.691003000 0.710634000
1520530335.601399899 0.009206000 0.454447000 0.268789000 -0.135337000 0.094222000 -0.685076000 0.709561000
1520530335.651360035 0.014150000 0.449592000 0.276468000 -0.156469000 0.113856000 -0.678126000 0.709013000
1520530335.701359987 0.018439000 0.446857000 0.281636000 -0.172337000 0.127724000 -0.671620000 0.709163000
1520530335.750119925 0.020374000 0.442776000 0.282627000 -0.176627000 0.129487000 -0.667300000 0.711861000
1520530335.800120115 0.020623000 0.438800000 0.279179000 -0.164279000 0.119078000 -0.665463000 0.718325000
1520530335.850120068 0.019063000 0.433433000 0.271966000 -0.140299000 0.098012000 -0.662127000 0.729588000
1520530335.900120020 0.017252000 0.425896000 0.261456000 -0.108808000 0.070163000 -0.653629000 0.745659000
1520530335.950119972 0.016037000 0.415863000 0.248450000 -0.069146000 0.039035000 -0.641554000 0.762957000
1520530336.000119925 0.016427000 0.404192000 0.233221000 -0.020883000 0.008674000 -0.627176000 0.778549000
1520530336.050129890 0.018495000 0.390413000 0.217224000 0.028955000 -0.018127000 -0.610816000 0.791036000
1520530336.100130081 0.021714000 0.376209000 0.202166000 0.070804000 -0.036588000 -0.589498000 0.803829000
1520530336.150079966 0.024831000 0.356004000 0.188378000 0.100379000 -0.043612000 -0.568580000 0.815315000
1520530336.200089931 0.028349000 0.331224000 0.176375000 0.117322000 -0.042371000 -0.549415000 0.826186000
1520530336.250089884 0.032989000 0.301285000 0.166946000 0.123511000 -0.040401000 -0.528788000 0.838747000
1520530336.300090075 0.039797000 0.268825000 0.162482000 0.119959000 -0.038916000 -0.507029000 0.852653000
1520530336.350090027 0.047172000 0.234530000 0.165244000 0.102706000 -0.037060000 -0.485811000 0.867217000
1520530336.400089979 0.054058000 0.200683000 0.176651000 0.069145000 -0.033234000 -0.465516000 0.881708000
1520530336.450089931 0.059721000 0.170841000 0.196680000 0.022674000 -0.027068000 -0.449743000 0.892460000
1520530336.500089884 0.062565000 0.149256000 0.224828000 -0.026742000 -0.021960000 -0.443486000 0.895613000
1520530336.550489902 0.062879000 0.137513000 0.258931000 -0.074988000 -0.025011000 -0.440055000 0.894484000
1520530336.600490093 0.059980000 0.135169000 0.294341000 -0.113872000 -0.028956000 -0.438903000 0.890819000
1520530336.650490046 0.053365000 0.142114000 0.328142000 -0.141819000 -0.029816000 -0.443598000 0.884432000
1520530336.700489998 0.042455000 0.156898000 0.358660000 -0.161069000 -0.030940000 -0.453892000 0.875832000
1520530336.750489950 0.027106000 0.178863000 0.383868000 -0.174315000 -0.032088000 -0.467510000 0.866036000
1520530336.800489902 0.008200000 0.207739000 0.402098000 -0.181355000 -0.032003000 -0.486253000 0.854192000
1520530336.850490093 -0.011904000 0.242552000 0.410966000 -0.185675000 -0.030210000 -0.507190000 0.841053000
1520530336.900500059 -0.032394000 0.282046000 0.407508000 -0.186783000 -0.027510000 -0.530408000 0.826452000
1520530336.950500011 -0.051646000 0.324309000 0.390373000 -0.182581000 -0.030232000 -0.551936000 0.813091000
1520530337.000159979 -0.068270000 0.368577000 0.359510000 -0.168442000 -0.038029000 -0.569401000 0.803718000
1520530337.050169945 -0.082046000 0.415305000 0.316189000 -0.144456000 -0.052318000 -0.587242000 0.794697000
1520530337.100179911 -0.091604000 0.464141000 0.264117000 -0.115603000 -0.069191000 -0.604749000 0.784937000
1520530337.150180101 -0.094247000 0.515006000 0.207115000 -0.087275000 -0.086690000 -0.619809000 0.775051000
1520530337.200269938 -0.089863000 0.568736000 0.148579000 -0.058472000 -0.101748000 -0.636176000 0.762567000
1520530337.250180006 -0.077217000 0.623125000 0.091290000 -0.030416000 -0.111689000 -0.655024000 0.746689000
1520530337.300179958 -0.056413000 0.677109000 0.038338000 -0.009311000 -0.117679000 -0.675375000 0.727966000
1520530337.350189924 -0.028820000 0.730331000 -0.008531000 0.003940000 -0.121500000 -0.696304000 0.707378000
1520530337.400219917 0.004381000 0.782231000 -0.048114000 0.014379000 -0.124680000 -0.718922000 0.683666000
1520530337.450220108 0.042079000 0.832289000 -0.079459000 0.025136000 -0.129077000 -0.741337000 0.658124000
1520530337.500220060 0.082696000 0.879966000 -0.099123000 0.035097000 -0.131758000 -0.764095000 0.630529000
1520530337.550220013 0.122979000 0.923893000 -0.104684000 0.037394000 -0.131290000 -0.786442000 0.602389000
1520530337.600219965 0.159888000 0.964963000 -0.094965000 0.033527000 -0.124495000 -0.805773000 0.578019000
1520530337.650219917 0.190180000 1.001786000 -0.070710000 0.032262000 -0.106499000 -0.822880000 0.557213000
1520530337.700220108 0.211513000 1.034095000 -0.033730000 0.034029000 -0.080423000 -0.838335000 0.538116000
1520530337.750220060 0.224578000 1.059770000 0.013770000 0.033400000 -0.054198000 -0.849357000 0.523966000
1520530337.800760031 0.228864000 1.078806000 0.068353000 0.029572000 -0.033299000 -0.855312000 0.516195000
1520530337.850759983 0.225540000 1.090876000 0.126616000 0.024312000 -0.017313000 -0.857740000 0.513217000
1520530337.900759935 0.215375000 1.097744000 0.186413000 0.018701000 -0.000674000 -0.859646000 0.510547000
1520530337.950769901 0.199344000 1.097382000 0.245961000 0.013601000 0.019555000 -0.860013000 0.509715000
1520530338.000770092 0.179668000 1.089951000 0.302626000 0.008170000 0.043024000 -0.856868000 0.513673000
1520530338.050770044 0.156291000 1.075275000 0.355881000 0.000882000 0.067950000 -0.849001000 0.524004000
1520530338.100769997 0.130038000 1.055146000 0.402562000 -0.006666000 0.090022000 -0.836042000 0.541189000
1520530338.150779963 0.102734000 1.031009000 0.439933000 -0.010080000 0.101767000 -0.821607000 0.560806000
1520530338.200380087 0.075858000 1.003854000 0.465445000 -0.005239000 0.102139000 -0.807992000 0.580250000
1520530338.250390053 0.047643000 0.971088000 0.480374000 0.008385000 0.097871000 -0.793279000 0.600882000
1520530338.300390005 0.019715000 0.934513000 0.483727000 0.023497000 0.092211000 -0.777887000 0.621158000
1520530338.350389957 -0.006278000 0.893930000 0.475848000 0.035803000 0.086738000 -0.763407000 0.639065000
1520530338.400389910 -0.029029000 0.850584000 0.457766000 0.041988000 0.076950000 -0.747473000 0.658483000
1520530338.450390100 -0.049907000 0.803102000 0.429517000 0.044468000 0.058794000 -0.729517000 0.679978000
1520530338.500390053 -0.066239000 0.753493000 0.392028000 0.052828000 0.034168000 -0.713350000 0.697978000
1520530338.550390005 -0.078221000 0.703939000 0.347480000 0.066360000 0.005509000 -0.699151000 0.711867000
1520530338.600159883 -0.084332000 0.652284000 0.297106000 0.081468000 -0.024623000 -0.686975000 0.721680000
1520530338.650160074 -0.084625000 0.599590000 0.241990000 0.097131000 -0.054044000 -0.673850000 0.730459000
1520530338.700160027 -0.078371000 0.545868000 0.185185000 0.111668000 -0.079254000 -0.658708000 0.739833000
1520530338.750169992 -0.066243000 0.492539000 0.127860000 0.127433000 -0.096936000 -0.644263000 0.747857000
1520530338.800169945 -0.048511000 0.440195000 0.071420000 0.142067000 -0.109397000 -0.630965000 0.754806000
1520530338.850169897 -0.024299000 0.387658000 0.016363000 0.154684000 -0.124631000 -0.616153000 0.762165000
1520530338.900170088 0.004554000 0.335561000 -0.035006000 0.170604000 -0.144977000 -0.598423000 0.769263000
1520530338.950170040 0.039488000 0.284883000 -0.082407000 0.194377000 -0.163446000 -0.579327000 0.774521000
1520530339.000169992 0.080022000 0.235980000 -0.124649000 0.218924000 -0.179561000 -0.558409000 0.779750000
1520530339.050859928 0.124075000 0.187777000 -0.160182000 0.238038000 -0.194042000 -0.535054000 0.787022000
1520530339.100860119 0.168511000 0.141189000 -0.187018000 0.249770000 -0.206472000 -0.507242000 0.798555000
1520530339.150860071 0.213958000 0.094995000 -0.205951000 0.259124000 -0.212673000 -0.475428000 0.813384000
1520530339.200860023 0.258948000 0.051431000 -0.215541000 0.266013000 -0.212889000 -0.442851000 0.829336000
1520530339.250859976 0.300254000 0.008811000 -0.215124000 0.266466000 -0.212770000 -0.409802000 0.846042000
1520530339.300859928 0.336171000 -0.031799000 -0.204691000 0.260087000 -0.213092000 -0.379637000 0.861871000
1520530339.350869894 0.364583000 -0.070295000 -0.184289000 0.246127000 -0.214040000 -0.353989000 0.876527000
1520530339.400870085 0.384247000 -0.106648000 -0.154312000 0.223321000 -0.215463000 -0.332075000 0.890747000
1520530339.451580048 0.395746000 -0.140410000 -0.115616000 0.190881000 -0.215313000 -0.312962000 0.905129000
1520530339.501590014 0.399532000 -0.169618000 -0.071504000 0.151608000 -0.211951000 -0.299168000 0.917927000
1520530339.551589966 0.397224000 -0.193727000 -0.024522000 0.107773000 -0.206386000 -0.292512000 0.927484000
1520530339.601589918 0.387312000 -0.212698000 0.023995000 0.064332000 -0.199295000 -0.294302000 0.932485000
1520530339.651590109 0.371062000 -0.226080000 0.072308000 0.022987000 -0.192632000 -0.302140000 0.933315000
1520530339.701590061 0.346988000 -0.232886000 0.119924000 -0.015322000 -0.186061000 -0.311721000 0.931653000
1520530339.751600027 0.317228000 -0.235652000 0.163266000 -0.048823000 -0.176243000 -0.327058000 0.927140000
1520530339.801599979 0.283341000 -0.233281000 0.202983000 -0.080036000 -0.165197000 -0.346255000 0.920006000
1520530339.850960016 0.248531000 -0.227867000 0.238665000 -0.107871000 -0.155708000 -0.363687000 0.912059000
1520530339.900959969 0.210195000 -0.220399000 0.273801000 -0.134215000 -0.153377000 -0.379972000 0.902265000
1520530339.950959921 0.170047000 -0.210037000 0.307196000 -0.155385000 -0.146894000 -0.397380000 0.892394000
1520530340.000960112 0.131325000 -0.195783000 0.336225000 -0.170597000 -0.129694000 -0.419992000 0.881863000
1520530340.050960064 0.093950000 -0.176884000 0.358350000 -0.185319000 -0.103433000 -0.442911000 0.871085000
1520530340.100960016 0.059918000 -0.153457000 0.371479000 -0.201878000 -0.079216000 -0.464543000 0.858586000
1520530340.150959969 0.027087000 -0.127557000 0.373387000 -0.213655000 -0.063640000 -0.484250000 0.846052000
1520530340.200959921 -0.003796000 -0.098854000 0.363852000 -0.213017000 -0.055971000 -0.506355000 0.833724000
1520530340.250289917 -0.032973000 -0.068541000 0.343778000 -0.202034000 -0.055870000 -0.528834000 0.822432000
1520530340.300290108 -0.056306000 -0.031519000 0.315127000 -0.185081000 -0.058748000 -0.551897000 0.810989000
1520530340.350290060 -0.072999000 0.010239000 0.278641000 -0.168007000 -0.063612000 -0.572232000 0.800174000
1520530340.400290012 -0.088248000 0.051502000 0.236660000 -0.148627000 -0.066270000 -0.592059000 0.789294000
1520530340.450289965 -0.098263000 0.093899000 0.190045000 -0.129054000 -0.069562000 -0.610448000 0.778370000
1520530340.500289917 -0.101163000 0.138137000 0.141465000 -0.107572000 -0.073281000 -0.628669000 0.766703000
1520530340.550290108 -0.100882000 0.180701000 0.092954000 -0.084920000 -0.078913000 -0.649284000 0.751659000
1520530340.600290060 -0.095208000 0.223429000 0.045759000 -0.061787000 -0.083762000 -0.668308000 0.736567000
1520530340.650229931 -0.085973000 0.266832000 0.002170000 -0.039612000 -0.086723000 -0.685450000 0.721851000
1520530340.700229883 -0.073037000 0.308561000 -0.037724000 -0.021085000 -0.090157000 -0.699898000 0.708216000
1520530340.750230074 -0.056170000 0.349892000 -0.072100000 -0.004260000 -0.090833000 -0.713506000 0.694723000
1520530340.800240040 -0.037475000 0.391004000 -0.099025000 0.006187000 -0.091918000 -0.724240000 0.683366000
1520530340.850239992 -0.018100000 0.429545000 -0.118476000 0.012732000 -0.093432000 -0.733647000 0.672956000
1520530340.900239944 0.000839000 0.465471000 -0.130066000 0.019899000 -0.093087000 -0.742547000 0.662995000
1520530340.950239897 0.018136000 0.498081000 -0.134062000 0.027190000 -0.089928000 -0.750809000 0.653804000
1520530341.000240088 0.033024000 0.526890000 -0.130957000 0.033474000 -0.084247000 -0.757509000 0.646500000
1520530341.050649881 0.042503000 0.549665000 -0.119891000 0.039499000 -0.075933000 -0.760867000 0.643238000
1520530341.100650072 0.049746000 0.563826000 -0.102700000 0.043066000 -0.066354000 -0.760879000 0.644055000
1520530341.150650024 0.054618000 0.570500000 -0.081573000 0.042136000 -0.056286000 -0.757730000 0.648769000
1520530341.200659990 0.057165000 0.570380000 -0.059515000 0.036587000 -0.046570000 -0.752040000 0.656452000
1520530341.250659943 0.057877000 0.565140000 -0.039236000 0.026116000 -0.038588000 -0.742861000 0.667822000
1520530341.300659895 0.057516000 0.556081000 -0.021521000 0.012055000 -0.035584000 -0.729898000 0.682523000
1520530341.350660086 0.056599000 0.543516000 -0.006075000 -0.000664000 -0.037822000 -0.716512000 0.696548000
1520530341.400660038 0.055805000 0.528282000 0.007240000 -0.007734000 -0.040792000 -0.703429000 0.709552000
1520530341.450659990 0.055639000 0.511749000 0.018696000 -0.010720000 -0.042597000 -0.690997000 0.721522000
1520530341.500590086 0.054837000 0.495101000 0.028572000 -0.012864000 -0.043283000 -0.680481000 0.731374000
1520530341.550590038 0.053365000 0.479367000 0.036718000 -0.016169000 -0.042038000 -0.670612000 0.740439000
1520530341.600589991 0.049763000 0.465024000 0.042644000 -0.021211000 -0.037423000 -0.663247000 0.747163000
1520530341.650599957 0.045860000 0.450938000 0.046720000 -0.030224000 -0.032260000 -0.655126000 0.754225000
1520530341.700599909 0.041993000 0.438967000 0.048986000 -0.037241000 -0.025232000 -0.647995000 0.760315000
1520530341.750600100 0.038093000 0.428547000 0.049408000 -0.040338000 -0.024238000 -0.639140000 0.767650000
1520530341.800610065 0.033193000 0.419302000 0.047603000 -0.036288000 -0.028720000 -0.632060000 0.773537000
1520530341.850610018 0.026871000 0.410728000 0.043684000 -0.023933000 -0.034825000 -0.629059000 0.776208000
1520530341.900429964 0.018457000 0.402150000 0.038780000 -0.005691000 -0.041966000 -0.627845000 0.777185000
1520530341.950469971 0.008118000 0.391855000 0.033668000 0.011368000 -0.051703000 -0.627373000 0.776918000
1520530342.000439882 -0.004795000 0.380294000 0.028777000 0.022298000 -0.059828000 -0.629787000 0.774139000
1520530342.050440073 -0.021033000 0.368290000 0.024505000 0.028804000 -0.058490000 -0.637923000 0.767335000
1520530342.100440025 -0.040526000 0.356121000 0.021645000 0.029438000 -0.051914000 -0.650005000 0.757583000
1520530342.150439978 -0.061504000 0.343227000 0.019789000 0.022957000 -0.045960000 -0.664631000 0.745403000
1520530342.200449944 -0.084318000 0.330227000 0.019633000 0.008936000 -0.040526000 -0.679166000 0.732810000
1520530342.250449896 -0.108315000 0.317639000 0.023040000 -0.007114000 -0.030009000 -0.694154000 0.719165000
1520530342.300570011 -0.131739000 0.306797000 0.028950000 -0.020086000 -0.020045000 -0.711671000 0.701940000
1520530342.350569963 -0.154037000 0.297350000 0.036149000 -0.030812000 -0.016188000 -0.729044000 0.683581000
1520530342.400569916 -0.175568000 0.289558000 0.043348000 -0.037714000 -0.015558000 -0.746380000 0.664268000
1520530342.450579882 -0.195898000 0.284784000 0.048463000 -0.043052000 -0.018339000 -0.763417000 0.644208000
1520530342.500580072 -0.215972000 0.281855000 0.050887000 -0.048555000 -0.025933000 -0.776770000 0.627375000
1520530342.550580025 -0.237183000 0.281364000 0.050882000 -0.050897000 -0.034585000 -0.785910000 0.615271000
1520530342.600579977 -0.259417000 0.282321000 0.049101000 -0.048055000 -0.043307000 -0.791451000 0.607799000
1520530342.650589943 -0.283150000 0.284744000 0.044934000 -0.038497000 -0.051436000 -0.796616000 0.601061000
1520530342.700550079 -0.309413000 0.290533000 0.038326000 -0.025351000 -0.061280000 -0.801516000 0.594284000
1520530342.750550032 -0.339149000 0.297636000 0.029715000 -0.013914000 -0.073729000 -0.808035000 0.584337000
1520530342.800549984 -0.371414000 0.306429000 0.020540000 -0.008780000 -0.087636000 -0.813658000 0.574634000
1520530342.850549936 -0.405759000 0.317183000 0.012141000 -0.010297000 -0.098438000 -0.819360000 0.564671000
1520530342.900549889 -0.441855000 0.330404000 0.005305000 -0.017801000 -0.103810000 -0.824835000 0.555477000
1520530342.950550079 -0.478690000 0.346335000 0.001317000 -0.025797000 -0.104582000 -0.830560000 0.546413000
1520530343.000550032 -0.515823000 0.365262000 0.000072000 -0.028295000 -0.106912000 -0.837575000 0.535011000
1520530343.050549984 -0.550076000 0.388158000 0.002188000 -0.024941000 -0.111750000 -0.845733000 0.521177000
1520530343.101030111 -0.580699000 0.412659000 0.007193000 -0.027386000 -0.116166000 -0.853885000 0.506593000
1520530343.151030064 -0.609864000 0.439035000 0.013898000 -0.037333000 -0.111337000 -0.863569000 0.490367000
1520530343.201030016 -0.638441000 0.468326000 0.020182000 -0.047028000 -0.098182000 -0.875256000 0.471249000
1520530343.251029968 -0.666902000 0.499747000 0.023800000 -0.052169000 -0.085738000 -0.888610000 0.447548000
1520530343.301029921 -0.695631000 0.532849000 0.022653000 -0.058020000 -0.079161000 -0.900979000 0.422616000
1520530343.351030111 -0.724562000 0.568223000 0.017565000 -0.061554000 -0.074563000 -0.913436000 0.395330000
1520530343.401040077 -0.753894000 0.605110000 0.010761000 -0.059983000 -0.067815000 -0.925936000 0.366667000
1520530343.451040030 -0.783114000 0.641584000 0.004164000 -0.059414000 -0.060036000 -0.936406000 0.340601000
1520530343.501300097 -0.811818000 0.678869000 -0.000171000 -0.055728000 -0.050844000 -0.945837000 0.315755000
1520530343.551369905 -0.837975000 0.716805000 -0.001038000 -0.054889000 -0.044026000 -0.953166000 0.294150000
1520530343.601300001 -0.861467000 0.756589000 0.001637000 -0.058943000 -0.039935000 -0.958578000 0.275789000
1520530343.651299953 -0.881247000 0.798631000 0.006891000 -0.057943000 -0.038819000 -0.965341000 0.251499000
1520530343.701299906 -0.893707000 0.844236000 0.012891000 -0.055046000 -0.041114000 -0.974211000 0.214926000
1520530343.751300097 -0.899749000 0.892376000 0.019739000 -0.056304000 -0.043099000 -0.982117000 0.174408000
1520530343.801310062 -0.900187000 0.941074000 0.024825000 -0.063301000 -0.044016000 -0.987518000 0.137346000
1520530343.851310015 -0.897156000 0.990306000 0.026300000 -0.072681000 -0.044054000 -0.991205000 0.101432000
1520530343.901309967 -0.894049000 1.040232000 0.021785000 -0.082843000 -0.044914000 -0.993264000 0.067430000
1520530343.951299906 -0.891724000 1.091937000 0.011457000 -0.091281000 -0.046932000 -0.994024000 0.037162000
1520530344.001300097 -0.889347000 1.145565000 -0.001742000 -0.101599000 -0.049379000 -0.993469000 0.016060000
1520530344.051310062 -0.889629000 1.201205000 -0.015581000 -0.110531000 -0.052372000 -0.992490000 0.001881000
1520530344.101310015 -0.886527000 1.255639000 -0.023741000 0.115995000 0.056627000 0.991572000 0.011114000
1520530344.151309967 -0.880546000 1.308398000 -0.024434000 0.118762000 0.065126000 0.990433000 0.026410000
1520530344.201309919 -0.871708000 1.358285000 -0.017119000 0.118513000 0.076269000 0.989154000 0.041373000
1520530344.251310110 -0.863049000 1.407660000 -0.006384000 0.122623000 0.082072000 0.987294000 0.058979000
1520530344.301320076 -0.850236000 1.455314000 0.002263000 0.131506000 0.079108000 0.985069000 0.078018000
1520530344.351310015 -0.835614000 1.503864000 0.009385000 0.137902000 0.069765000 0.983165000 0.097485000
1520530344.401309967 -0.817873000 1.551079000 0.011637000 0.138749000 0.060048000 0.980946000 0.122015000
1520530344.451309919 -0.798786000 1.599189000 0.008458000 0.136016000 0.054449000 0.977794000 0.149845000
1520530344.501319885 -0.778604000 1.647851000 0.001570000 0.131927000 0.052719000 0.973486000 0.179281000
1520530344.551320076 -0.757173000 1.694485000 -0.007365000 0.130134000 0.052289000 0.968001000 0.208100000
1520530344.601320028 -0.735060000 1.741285000 -0.016029000 0.132007000 0.051382000 0.961014000 0.237458000
1520530344.651319981 -0.711770000 1.786052000 -0.021060000 0.134702000 0.050380000 0.952834000 0.267253000
1520530344.701319933 -0.687711000 1.828569000 -0.020230000 0.139743000 0.049775000 0.944620000 0.292724000
1520530344.751539946 -0.661477000 1.866875000 -0.015214000 0.141116000 0.052588000 0.935452000 0.319766000
1520530344.801539898 -0.631609000 1.902208000 -0.008678000 0.138121000 0.055900000 0.921901000 0.357627000
1520530344.851540089 -0.596990000 1.932512000 -0.001909000 0.135826000 0.054044000 0.905562000 0.398231000
1520530344.901550055 -0.560989000 1.959255000 0.003959000 0.137103000 0.048745000 0.890146000 0.431818000
1520530344.951550007 -0.524523000 1.987097000 0.004995000 0.141270000 0.044097000 0.874483000 0.461928000
1520530345.001549959 -0.485858000 2.012123000 0.000766000 0.143997000 0.039903000 0.859302000 0.489155000
1520530345.051549911 -0.445973000 2.042420000 -0.008033000 0.147390000 0.034401000 0.846608000 0.510243000
1520530345.101550102 -0.403773000 2.070468000 -0.018288000 0.153504000 0.028050000 0.837211000 0.524144000
1520530345.151750088 -0.359125000 2.098394000 -0.028342000 0.160113000 0.023189000 0.830181000 0.533504000
1520530345.201649904 -0.312835000 2.124290000 -0.034987000 0.164226000 0.021806000 0.823122000 0.543162000
1520530345.251650095 -0.264561000 2.152044000 -0.036398000 0.170538000 0.023946000 0.815816000 0.552076000
1520530345.301650047 -0.218125000 2.169383000 -0.031385000 0.180311000 0.026826000 0.809423000 0.558213000
1520530345.351650000 -0.170957000 2.182613000 -0.024905000 0.188834000 0.027831000 0.801644000 0.566510000
1520530345.401649952 -0.121646000 2.198094000 -0.021239000 0.194836000 0.024493000 0.793547000 0.575953000
1520530345.451649904 -0.070746000 2.210585000 -0.022020000 0.196175000 0.022977000 0.784023000 0.588468000
1520530345.501650095 -0.019031000 2.218988000 -0.027552000 0.195216000 0.029196000 0.770987000 0.605490000
1520530345.551090002 0.035921000 2.231319000 -0.037638000 0.195089000 0.037681000 0.757548000 0.621806000
1520530345.601089954 0.093630000 2.237591000 -0.049239000 0.197288000 0.042662000 0.746427000 0.634116000
1520530345.651089907 0.153616000 2.240891000 -0.059643000 0.200408000 0.043434000 0.736329000 0.644803000
1520530345.701090097 0.214426000 2.239643000 -0.066566000 0.198394000 0.044066000 0.723039000 0.660237000
1520530345.751100063 0.275056000 2.234914000 -0.068818000 0.195033000 0.043027000 0.705081000 0.680420000
1520530345.801100016 0.333961000 2.225870000 -0.066016000 0.194590000 0.039968000 0.684290000 0.701630000
1520530345.851099968 0.391706000 2.212332000 -0.057938000 0.191496000 0.037554000 0.656114000 0.728995000
1520530345.901099920 0.447949000 2.189875000 -0.046932000 0.180805000 0.031952000 0.622558000 0.760730000
1520530345.951060057 0.505092000 2.166031000 -0.034972000 0.166238000 0.020882000 0.591138000 0.788977000
1520530346.001369953 0.558117000 2.137041000 -0.024805000 0.155414000 0.005156000 0.562567000 0.811997000
1520530346.051369905 0.608956000 2.106909000 -0.019594000 0.148748000 -0.009819000 0.535400000 0.831339000
1520530346.101380110 0.659930000 2.075650000 -0.021254000 0.143749000 -0.021075000 0.509857000 0.847902000
1520530346.151380062 0.709615000 2.042312000 -0.028980000 0.139458000 -0.028949000 0.487342000 0.861517000
1520530346.201380014 0.760062000 2.009714000 -0.039231000 0.135936000 -0.032775000 0.468661000 0.872241000
1520530346.251379967 0.811508000 1.978832000 -0.047908000 0.133404000 -0.035593000 0.455175000 0.879632000
1520530346.301379919 0.859698000 1.943974000 -0.050359000 0.129748000 -0.038074000 0.444740000 0.885394000
1520530346.351389885 0.904361000 1.906855000 -0.048054000 0.125788000 -0.037054000 0.433683000 0.891473000
1520530346.401279926 0.945176000 1.867940000 -0.041769000 0.123473000 -0.035757000 0.420997000 0.897907000
1520530346.451280117 0.986844000 1.828633000 -0.035399000 0.122346000 -0.036700000 0.407694000 0.904141000
1520530346.501280069 1.025424000 1.785688000 -0.029418000 0.120986000 -0.036035000 0.391769000 0.911362000
1520530346.551280022 1.062542000 1.739977000 -0.026769000 0.118384000 -0.037932000 0.374902000 0.918692000
1520530346.601279974 1.101387000 1.691727000 -0.027901000 0.111529000 -0.039744000 0.358589000 0.925957000
1520530346.651279926 1.140478000 1.640522000 -0.031416000 0.100565000 -0.042213000 0.342934000 0.933007000
1520530346.701289892 1.178462000 1.586981000 -0.036218000 0.088294000 -0.047577000 0.328159000 0.939283000
1520530346.751290083 1.214631000 1.531373000 -0.040591000 0.074963000 -0.049304000 0.308665000 0.946929000
1520530346.801450014 1.247391000 1.473568000 -0.042236000 0.062202000 -0.044991000 0.283033000 0.956033000
1520530346.851449966 1.275260000 1.413923000 -0.039078000 0.055177000 -0.039180000 0.258053000 0.963758000
1520530346.901449919 1.298418000 1.355150000 -0.034736000 0.056058000 -0.029348000 0.230983000 0.970898000
1520530346.951450109 1.315282000 1.294625000 -0.029610000 0.061132000 -0.018583000 0.198482000 0.978020000
1520530347.001450062 1.331000000 1.232784000 -0.024568000 0.066632000 -0.013473000 0.167286000 0.983562000
1520530347.051450014 1.341755000 1.170877000 -0.021784000 0.072254000 -0.019194000 0.138885000 0.987483000
1520530347.101459980 1.351983000 1.108482000 -0.023087000 0.077971000 -0.029927000 0.114632000 0.989891000
1520530347.151459932 1.361956000 1.046573000 -0.029454000 0.085084000 -0.034703000 0.098129000 0.990922000
1520530347.201299906 1.370470000 0.984124000 -0.039551000 0.089510000 -0.037503000 0.085111000 0.991634000
1520530347.251310110 1.375540000 0.922723000 -0.049184000 0.089982000 -0.042656000 0.079346000 0.991861000
1520530347.301310062 1.386795000 0.861662000 -0.055886000 0.087022000 -0.045140000 0.077510000 0.992160000
1520530347.351310015 1.394924000 0.799516000 -0.055100000 0.081321000 -0.042326000 0.074597000 0.992991000
1520530347.401319981 1.401957000 0.738065000 -0.047766000 0.076583000 -0.037345000 0.070367000 0.993876000
1520530347.451319933 1.409219000 0.677895000 -0.036924000 0.073865000 -0.039266000 0.067848000 0.994182000
1520530347.501319885 1.416193000 0.617081000 -0.025734000 0.071493000 -0.046305000 0.065974000 0.994179000
1520530347.551320076 1.422585000 0.556482000 -0.016410000 0.070416000 -0.053811000 0.063281000 0.994053000
1520530347.601130009 1.427067000 0.497137000 -0.010768000 0.069881000 -0.059565000 0.058142000 0.994077000
1520530347.651129961 1.428604000 0.436618000 -0.010560000 0.065698000 -0.064536000 0.051711000 0.994407000
1520530347.701129913 1.430477000 0.372887000 -0.014976000 0.057081000 -0.067486000 0.042827000 0.995165000
1520530347.751130104 1.427227000 0.308309000 -0.022209000 0.047023000 -0.068625000 0.031850000 0.996025000
1520530347.801140070 1.421399000 0.242551000 -0.030297000 0.041692000 -0.071205000 0.019259000 0.996404000
1520530347.851140022 1.410544000 0.175930000 -0.036520000 0.043191000 -0.072018000 0.000165000 0.996468000
1520530347.901139975 1.394589000 0.110347000 -0.036853000 0.049247000 -0.075627000 -0.020031000 0.995718000
1520530347.951139927 1.373523000 0.049246000 -0.030728000 0.057501000 -0.081372000 -0.038195000 0.994290000
1520530348.001080036 1.349025000 -0.010884000 -0.021150000 0.062425000 -0.087333000 -0.061556000 0.992314000
1520530348.051079988 1.318887000 -0.070725000 -0.010256000 0.060983000 -0.088814000 -0.089757000 0.990120000
1520530348.101079941 1.286771000 -0.128492000 -0.001464000 0.058171000 -0.088483000 -0.116720000 0.987504000
1520530348.151079893 1.252929000 -0.183790000 0.001513000 0.056166000 -0.094920000 -0.140329000 0.983943000
1520530348.201090097 1.218163000 -0.239587000 -0.002966000 0.053744000 -0.102244000 -0.163385000 0.979777000
1520530348.251090050 1.182657000 -0.295767000 -0.012184000 0.049556000 -0.110215000 -0.183866000 0.975495000
1520530348.301100016 1.144992000 -0.348710000 -0.023127000 0.042766000 -0.117357000 -0.200477000 0.971703000
1520530348.351089954 1.106514000 -0.400348000 -0.031624000 0.033983000 -0.120468000 -0.215382000 0.968475000
1520530348.401089907 1.067678000 -0.451450000 -0.035313000 0.025446000 -0.117195000 -0.230405000 0.965677000
1520530348.451329947 1.026221000 -0.500251000 -0.032808000 0.021737000 -0.108117000 -0.249233000 0.962144000
1520530348.501329899 0.984371000 -0.545272000 -0.026106000 0.020779000 -0.103833000 -0.265197000 0.958362000
1520530348.551340103 0.940967000 -0.589214000 -0.019000000 0.018164000 -0.108141000 -0.277774000 0.954368000
1520530348.601340055 0.895050000 -0.630459000 -0.013590000 0.016820000 -0.110956000 -0.293735000 0.949276000
1520530348.651340008 0.847997000 -0.669463000 -0.010651000 0.016894000 -0.108910000 -0.314138000 0.942958000
1520530348.701339960 0.799062000 -0.707228000 -0.011029000 0.012933000 -0.107503000 -0.334086000 0.936303000
1520530348.751339912 0.747280000 -0.744539000 -0.014685000 0.005233000 -0.106178000 -0.354156000 0.929124000
1520530348.801340103 0.693327000 -0.780436000 -0.019928000 -0.004247000 -0.107904000 -0.373421000 0.921355000
1520530348.851229906 0.637220000 -0.813821000 -0.024449000 -0.013120000 -0.111638000 -0.394474000 0.912006000
1520530348.901230097 0.578544000 -0.841354000 -0.025316000 -0.018910000 -0.111957000 -0.421009000 0.899922000
1520530348.951230049 0.518599000 -0.865007000 -0.021868000 -0.021434000 -0.112038000 -0.447920000 0.886767000
1520530349.001240015 0.457700000 -0.882359000 -0.014925000 -0.017922000 -0.110178000 -0.478566000 0.870927000
1520530349.051239967 0.395279000 -0.893442000 -0.006198000 -0.013846000 -0.107123000 -0.514893000 0.850422000
1520530349.101239920 0.331882000 -0.898840000 0.002856000 -0.017088000 -0.107253000 -0.551478000 0.827089000
1520530349.151240110 0.268851000 -0.898882000 0.010155000 -0.025783000 -0.107559000 -0.585760000 0.802902000
1520530349.201240063 0.206874000 -0.894595000 0.013228000 -0.038018000 -0.108882000 -0.617049000 0.778428000
1520530349.251019955 0.144921000 -0.890867000 0.011736000 -0.049490000 -0.108270000 -0.645755000 0.754208000
1520530349.301019907 0.083142000 -0.882885000 0.006135000 -0.060682000 -0.107921000 -0.671223000 0.730843000
1520530349.351020098 0.023147000 -0.872956000 -0.002113000 -0.074110000 -0.111178000 -0.688889000 0.712446000
1520530349.401030064 -0.034974000 -0.860394000 -0.010064000 -0.087763000 -0.114301000 -0.699629000 0.699823000
1520530349.451030016 -0.092700000 -0.847265000 -0.013272000 -0.092488000 -0.108491000 -0.711594000 0.687975000
1520530349.501029968 -0.147836000 -0.831264000 -0.011550000 -0.090742000 -0.099944000 -0.724744000 0.675665000
1520530349.551029921 -0.199359000 -0.811711000 -0.006419000 -0.086919000 -0.094044000 -0.736403000 0.664312000
1520530349.601030111 -0.251034000 -0.790256000 -0.001251000 -0.085095000 -0.092163000 -0.749844000 0.649614000
1520530349.650850058 -0.302230000 -0.766185000 0.002191000 -0.087895000 -0.095212000 -0.762901000 0.633396000
1520530349.700850010 -0.354301000 -0.741154000 0.001998000 -0.090086000 -0.099622000 -0.775765000 0.616562000
1520530349.750859976 -0.405179000 -0.711255000 -0.001836000 -0.090525000 -0.103167000 -0.790615000 0.596732000
1520530349.800859928 -0.456660000 -0.677403000 -0.009168000 -0.091187000 -0.104760000 -0.806547000 0.574624000
1520530349.850860119 -0.508330000 -0.640601000 -0.018526000 -0.095295000 -0.105635000 -0.820914000 0.553046000
1520530349.900899887 -0.559272000 -0.600724000 -0.028368000 -0.103294000 -0.108381000 -0.832223000 0.533843000
1520530349.950860023 -0.607703000 -0.557069000 -0.037073000 -0.107303000 -0.114422000 -0.844601000 0.511902000
1520530350.000859976 -0.653096000 -0.511515000 -0.041046000 -0.103381000 -0.124140000 -0.858061000 0.487476000
1520530350.051290035 -0.693671000 -0.463774000 -0.038657000 -0.092451000 -0.133888000 -0.873860000 0.458144000
1520530350.101300001 -0.726881000 -0.412509000 -0.031676000 -0.082123000 -0.136477000 -0.892391000 0.422217000
1520530350.151299953 -0.756658000 -0.356185000 -0.022759000 -0.082303000 -0.130784000 -0.911116000 0.382085000
1520530350.201299906 -0.783348000 -0.296849000 -0.015252000 -0.090440000 -0.120149000 -0.927611000 0.341940000
1520530350.251300097 -0.806043000 -0.236323000 -0.011074000 -0.103335000 -0.111547000 -0.940489000 0.303906000
1520530350.301300049 -0.827521000 -0.175583000 -0.011841000 -0.113544000 -0.105324000 -0.950521000 0.269305000
1520530350.351310015 -0.848261000 -0.114276000 -0.016920000 -0.120774000 -0.100710000 -0.958326000 0.238502000
1520530350.401309967 -0.866950000 -0.052321000 -0.023961000 -0.126408000 -0.095729000 -0.964174000 0.212661000
1520530350.451440096 -0.883322000 0.009183000 -0.029415000 -0.129100000 -0.088118000 -0.968993000 0.191364000
1520530350.501440048 -0.897176000 0.070453000 -0.030556000 -0.128033000 -0.078992000 -0.973477000 0.172368000
1520530350.551440001 -0.908308000 0.131482000 -0.025976000 -0.123506000 -0.072288000 -0.977311000 0.156156000
1520530350.601439953 -0.917314000 0.189655000 -0.017561000 -0.118647000 -0.070574000 -0.979929000 0.143808000
1520530350.651439905 -0.927853000 0.247586000 -0.008745000 -0.120689000 -0.072457000 -0.980758000 0.135271000
1520530350.701440096 -0.937498000 0.306003000 -0.001838000 -0.122023000 -0.074591000 -0.981769000 0.125201000
1520530350.751450062 -0.944657000 0.364616000 0.001319000 -0.120429000 -0.074474000 -0.983777000 0.110149000
1520530350.801450014 -0.952144000 0.425071000 0.000138000 -0.119800000 -0.069274000 -0.985824000 0.094870000
1520530350.851449966 -0.960324000 0.488854000 -0.003694000 -0.119910000 -0.058044000 -0.987844000 0.080104000
1520530350.901489973 -0.965540000 0.553213000 -0.009424000 -0.122948000 -0.043307000 -0.989143000 0.067849000
1520530350.951489925 -0.969259000 0.618616000 -0.013539000 -0.126631000 -0.028916000 -0.989926000 0.056352000
1520530351.001499891 -0.968282000 0.684001000 -0.014951000 -0.123831000 -0.016831000 -0.991416000 0.038432000
1520530351.051500082 -0.965028000 0.749857000 -0.011244000 -0.120628000 -0.010010000 -0.992533000 0.015034000
1520530351.101500034 -0.956725000 0.812603000 -0.002662000 0.117404000 0.007342000 0.992979000 0.012476000
1520530351.151510000 -0.942283000 0.872174000 0.008792000 0.114656000 0.003507000 0.992266000 0.047438000
1520530351.201509953 -0.922764000 0.931313000 0.020340000 0.116309000 -0.004940000 0.989681000 0.083544000
1520530351.251509905 -0.900190000 0.988269000 0.029453000 0.120330000 -0.011705000 0.985657000 0.117746000
1520530351.301609993 -0.877437000 1.043277000 0.033004000 0.126272000 -0.011679000 0.980793000 0.148200000
1520530351.351609945 -0.856188000 1.099129000 0.030519000 0.130343000 -0.006717000 0.975987000 0.174398000
1520530351.401619911 -0.838511000 1.159517000 0.023231000 0.133983000 -0.002142000 0.971810000 0.193984000
1520530351.451610088 -0.820051000 1.218433000 0.013920000 0.138049000 -0.002360000 0.968404000 0.207678000
1520530351.501689911 -0.801053000 1.277362000 0.005352000 0.138021000 -0.007198000 0.966349000 0.216953000
1520530351.551620007 -0.782622000 1.335007000 0.000459000 0.131506000 -0.011972000 0.965520000 0.224353000
1520530351.601619959 -0.763831000 1.392964000 0.000008000 0.124641000 -0.011223000 0.964515000 0.232486000
1520530351.651619911 -0.745685000 1.447450000 0.003345000 0.122148000 -0.003669000 0.963714000 0.237323000
1520530351.701630116 -0.728323000 1.501891000 0.006165000 0.130540000 0.006398000 0.962192000 0.238965000
1520530351.751630068 -0.709365000 1.555593000 0.006864000 0.140924000 0.015878000 0.959984000 0.241493000
1520530351.801630020 -0.690234000 1.608179000 0.005233000 0.143363000 0.024307000 0.957351000 0.249672000
1520530351.851629972 -0.668711000 1.661204000 -0.000105000 0.138919000 0.029367000 0.954040000 0.263906000
1520530351.901629925 -0.643264000 1.712580000 -0.007453000 0.133170000 0.027411000 0.949971000 0.281194000
1520530351.951639891 -0.614230000 1.762012000 -0.015680000 0.129577000 0.018273000 0.945283000 0.298859000
1520530352.001640081 -0.582245000 1.810213000 -0.023484000 0.128062000 0.006508000 0.940471000 0.314758000
1520530352.051640034 -0.546172000 1.855345000 -0.028681000 0.121803000 0.000066000 0.933583000 0.337026000
1520530352.101739883 -0.508701000 1.897553000 -0.029453000 0.114215000 0.000592000 0.924476000 0.363730000
1520530352.151740074 -0.470858000 1.936796000 -0.025087000 0.110935000 0.004838000 0.914306000 0.389505000
1520530352.201740026 -0.430849000 1.971893000 -0.017586000 0.112675000 0.008206000 0.901125000 0.418582000
1520530352.251739979 -0.387403000 2.003330000 -0.010017000 0.117782000 0.006523000 0.886479000 0.447482000
1520530352.301739931 -0.342113000 2.029740000 -0.003442000 0.123108000 0.003358000 0.870422000 0.476654000
1520530352.351739883 -0.295198000 2.055619000 -0.001102000 0.127229000 -0.000004000 0.853008000 0.506153000
1520530352.401740074 -0.246890000 2.079335000 -0.003731000 0.131361000 -0.005923000 0.836326000 0.532229000
1520530352.451740026 -0.197397000 2.100958000 -0.010595000 0.135386000 -0.014142000 0.821760000 0.553337000
1520530352.501399994 -0.148589000 2.117988000 -0.018931000 0.139052000 -0.022198000 0.811656000 0.566909000
1520530352.551399946 -0.099750000 2.135699000 -0.026972000 0.141561000 -0.027338000 0.805627000 0.574612000
1520530352.601399899 -0.048883000 2.154351000 -0.032671000 0.139892000 -0.026411000 0.801939000 0.580195000
1520530352.651410103 0.002646000 2.167111000 -0.032822000 0.133848000 -0.016426000 0.796068000 0.589993000
1520530352.701410055 0.052796000 2.177690000 -0.028648000 0.136119000 -0.007831000 0.790651000 0.596893000
1520530352.751410007 0.104725000 2.187217000 -0.024656000 0.146090000 -0.005760000 0.783723000 0.603658000
1520530352.801409960 0.159534000 2.195397000 -0.021814000 0.153390000 -0.006910000 0.774081000 0.614185000
1520530352.851419926 0.212069000 2.197341000 -0.021408000 0.154233000 -0.007701000 0.761544000 0.629447000
1520530352.901030064 0.267499000 2.202156000 -0.024392000 0.151142000 -0.009918000 0.746491000 0.647927000
1520530352.951030016 0.325609000 2.203499000 -0.030874000 0.146904000 -0.016144000 0.731170000 0.665994000
1520530353.001039982 0.384559000 2.201883000 -0.039441000 0.144837000 -0.024604000 0.717149000 0.681259000
1520530353.051039934 0.442896000 2.196634000 -0.047658000 0.143431000 -0.029230000 0.703065000 0.695897000
1520530353.101140022 0.500564000 2.185626000 -0.052341000 0.136805000 -0.025444000 0.684339000 0.715763000
1520530353.151040077 0.556280000 2.172571000 -0.050798000 0.129514000 -0.018712000 0.662921000 0.737165000
1520530353.201040030 0.607883000 2.152353000 -0.045153000 0.124583000 -0.011565000 0.636361000 0.761176000
1520530353.251039982 0.657923000 2.128127000 -0.037211000 0.123762000 -0.011940000 0.602735000 0.788194000
1520530353.301039934 0.706653000 2.097930000 -0.029743000 0.123804000 -0.020921000 0.567369000 0.813835000
1520530353.351330042 0.752603000 2.062911000 -0.024801000 0.125064000 -0.034409000 0.530898000 0.837450000
1520530353.401329994 0.795525000 2.024724000 -0.024223000 0.127131000 -0.047599000 0.495237000 0.858087000
1520530353.451329947 0.839039000 1.984415000 -0.028412000 0.129461000 -0.059179000 0.461927000 0.875420000
1520530353.501329899 0.882172000 1.943630000 -0.036865000 0.132852000 -0.071229000 0.435932000 0.887265000
1520530353.551340103 0.925481000 1.902743000 -0.046858000 0.137471000 -0.080382000 0.419209000 0.893815000
1520530353.601340055 0.966312000 1.859964000 -0.054057000 0.140853000 -0.078811000 0.408914000 0.898186000
1520530353.651340008 1.006869000 1.817002000 -0.056728000 0.143166000 -0.077583000 0.405400000 0.899520000
1520530353.701339960 1.044558000 1.772221000 -0.053476000 0.142588000 -0.074899000 0.401045000 0.901788000
1520530353.751669884 1.079541000 1.728526000 -0.046872000 0.142573000 -0.076769000 0.394770000 0.904398000
1520530353.801670074 1.112897000 1.683517000 -0.040348000 0.144236000 -0.085965000 0.384591000 0.907687000
1520530353.851670027 1.144917000 1.636372000 -0.035732000 0.145021000 -0.092387000 0.370000000 0.912980000
1520530353.901669979 1.175070000 1.587372000 -0.034245000 0.143611000 -0.093408000 0.351825000 0.920255000
1520530353.951669931 1.202658000 1.535537000 -0.036213000 0.138901000 -0.092623000 0.331034000 0.928732000
1520530354.001669884 1.228310000 1.481340000 -0.040524000 0.131272000 -0.093319000 0.310744000 0.936748000
1520530354.051680088 1.250960000 1.424687000 -0.045579000 0.122609000 -0.097791000 0.294492000 0.942697000
1520530354.101680040 1.272418000 1.365313000 -0.050016000 0.111954000 -0.099139000 0.276514000 0.949304000
1520530354.151829958 1.290918000 1.304040000 -0.051207000 0.101607000 -0.092450000 0.253369000 0.957566000
1520530354.201829910 1.307016000 1.243362000 -0.047589000 0.098590000 -0.083705000 0.227759000 0.965090000
1520530354.251830101 1.317946000 1.184789000 -0.040131000 0.102599000 -0.072135000 0.197001000 0.972348000
1520530354.301830053 1.324338000 1.125022000 -0.031775000 0.106745000 -0.065944000 0.161008000 0.978945000
1520530354.351830006 1.324148000 1.064582000 -0.024374000 0.106623000 -0.065851000 0.126935000 0.983963000
1520530354.401839972 1.323020000 1.003951000 -0.020199000 0.103536000 -0.072699000 0.097108000 0.987201000
1520530354.451839924 1.320931000 0.942338000 -0.020611000 0.097320000 -0.080625000 0.069391000 0.989552000
1520530354.501840115 1.320560000 0.879152000 -0.024578000 0.088986000 -0.086702000 0.046142000 0.991179000
1520530354.551520109 1.322190000 0.815532000 -0.030763000 0.081103000 -0.093792000 0.030386000 0.991818000
1520530354.601520061 1.321935000 0.751926000 -0.036374000 0.072919000 -0.103010000 0.023366000 0.991729000
1520530354.651530027 1.321596000 0.688248000 -0.039352000 0.062612000 -0.113013000 0.024759000 0.991310000
1520530354.701529980 1.320177000 0.625048000 -0.036724000 0.053404000 -0.116544000 0.026717000 0.991389000
1520530354.751529932 1.317132000 0.564997000 -0.029127000 0.050153000 -0.109814000 0.026052000 0.992344000
1520530354.801529884 1.315383000 0.506571000 -0.020548000 0.051285000 -0.106218000 0.027514000 0.992638000
1520530354.851530075 1.312944000 0.448670000 -0.012576000 0.051888000 -0.108731000 0.031782000 0.992207000
1520530354.901530027 1.311258000 0.389732000 -0.008011000 0.051819000 -0.111515000 0.033095000 0.991859000
1520530354.951289892 1.307936000 0.331104000 -0.008077000 0.050823000 -0.110137000 0.030142000 0.992158000
1520530355.001290083 1.303186000 0.271209000 -0.011336000 0.047995000 -0.108294000 0.023695000 0.992677000
1520530355.051290035 1.295731000 0.210494000 -0.016602000 0.043314000 -0.107197000 0.014160000 0.993193000
1520530355.101300001 1.285835000 0.149183000 -0.022719000 0.036957000 -0.107610000 0.002455000 0.993503000
1520530355.151299953 1.272538000 0.087230000 -0.027818000 0.029782000 -0.107000000 -0.014267000 0.993711000
1520530355.201299906 1.254307000 0.026522000 -0.029418000 0.022875000 -0.103864000 -0.037899000 0.993606000
1520530355.251300097 1.234312000 -0.032712000 -0.025064000 0.019272000 -0.103363000 -0.062032000 0.992520000
1520530355.301300049 1.210987000 -0.088389000 -0.017235000 0.019698000 -0.100857000 -0.089830000 0.990641000
1520530355.351310015 1.183826000 -0.143946000 -0.008254000 0.019085000 -0.101544000 -0.122422000 0.987085000
1520530355.401340008 1.149549000 -0.192699000 -0.000513000 0.018579000 -0.102627000 -0.157371000 0.982017000
1520530355.451349974 1.116430000 -0.241899000 0.003875000 0.019602000 -0.107152000 -0.186934000 0.976315000
1520530355.501349926 1.081642000 -0.289485000 0.003342000 0.018614000 -0.114178000 -0.211335000 0.970543000
1520530355.551350117 1.045296000 -0.337138000 -0.001383000 0.012790000 -0.117113000 -0.231625000 0.965645000
1520530355.601350069 1.008969000 -0.385926000 -0.007371000 0.000516000 -0.120607000 -0.245377000 0.961896000
1520530355.651350021 0.971830000 -0.433517000 -0.012458000 -0.016165000 -0.125895000 -0.254220000 0.958781000
1520530355.701349974 0.933502000 -0.479016000 -0.015636000 -0.032331000 -0.129025000 -0.262799000 0.955638000
1520530355.751349926 0.893410000 -0.523782000 -0.015252000 -0.043138000 -0.124374000 -0.273588000 0.952796000
1520530355.801470041 0.852402000 -0.564151000 -0.011376000 -0.045550000 -0.114193000 -0.285526000 0.950453000
1520530355.851469994 0.812208000 -0.602008000 -0.007197000 -0.045275000 -0.111925000 -0.293230000 0.948388000
1520530355.901469946 0.770525000 -0.639557000 -0.004517000 -0.042942000 -0.112287000 -0.304787000 0.944803000
1520530355.951469898 0.727736000 -0.674492000 -0.004153000 -0.037565000 -0.108216000 -0.324433000 0.938947000
1520530356.001470089 0.684225000 -0.708611000 -0.006247000 -0.034584000 -0.104666000 -0.344895000 0.932146000
1520530356.051470041 0.637685000 -0.742127000 -0.010681000 -0.036853000 -0.103284000 -0.362622000 0.925462000
1520530356.101480007 0.587998000 -0.774654000 -0.016753000 -0.041027000 -0.102993000 -0.378367000 0.918993000
1520530356.151479959 0.536547000 -0.806005000 -0.022773000 -0.044141000 -0.104641000 -0.393687000 0.912202000
1520530356.201309919 0.482098000 -0.833114000 -0.026732000 -0.045628000 -0.104434000 -0.413461000 0.903361000
1520530356.251310110 0.425394000 -0.856480000 -0.027201000 -0.046155000 -0.102972000 -0.437915000 0.891906000
1520530356.301310062 0.368796000 -0.874525000 -0.023245000 -0.044738000 -0.102492000 -0.464813000 0.878318000
1520530356.351320028 0.313109000 -0.886871000 -0.016005000 -0.041010000 -0.099947000 -0.495916000 0.861624000
1520530356.401319981 0.256154000 -0.893490000 -0.007054000 -0.041366000 -0.097488000 -0.530711000 0.840911000
1520530356.451319933 0.197914000 -0.896372000 0.001344000 -0.046239000 -0.096237000 -0.565005000 0.818150000
1520530356.501319885 0.140609000 -0.894104000 0.006072000 -0.053110000 -0.099842000 -0.595556000 0.795314000
1520530356.551320076 0.083848000 -0.888692000 0.005894000 -0.060177000 -0.103577000 -0.622490000 0.773406000
1520530356.601170063 0.026784000 -0.882232000 0.002109000 -0.067001000 -0.101964000 -0.645700000 0.753781000
1520530356.651170015 -0.029378000 -0.873005000 -0.004306000 -0.075315000 -0.097903000 -0.665652000 0.735969000
1520530356.701169968 -0.084219000 -0.860731000 -0.011368000 -0.084880000 -0.094615000 -0.681436000 0.720755000
1520530356.751169920 -0.137364000 -0.845779000 -0.016722000 -0.093748000 -0.091861000 -0.693011000 0.708879000
1520530356.801170111 -0.192598000 -0.831001000 -0.017748000 -0.098849000 -0.089900000 -0.704146000 0.697370000
1520530356.851170063 -0.246196000 -0.813515000 -0.014908000 -0.095572000 -0.087016000 -0.718151000 0.683778000
1520530356.901180029 -0.297135000 -0.793908000 -0.010383000 -0.095555000 -0.090122000 -0.730812000 0.669821000
1520530356.951179981 -0.348969000 -0.772366000 -0.006933000 -0.099805000 -0.095789000 -0.742568000 0.655329000
1520530357.001090050 -0.400237000 -0.749004000 -0.005732000 -0.101965000 -0.099660000 -0.755462000 0.639490000
1520530357.051090002 -0.452256000 -0.724643000 -0.006996000 -0.101044000 -0.100930000 -0.770046000 0.621797000
1520530357.101089954 -0.503942000 -0.696962000 -0.011648000 -0.101211000 -0.098978000 -0.784593000 0.603633000
1520530357.151089907 -0.555673000 -0.666151000 -0.018429000 -0.103676000 -0.094259000 -0.800082000 0.583297000
1520530357.201100111 -0.605420000 -0.631972000 -0.025378000 -0.105512000 -0.086565000 -0.815915000 0.561834000
1520530357.251100063 -0.654507000 -0.595610000 -0.030705000 -0.104722000 -0.076423000 -0.832880000 0.538055000
1520530357.301100016 -0.697963000 -0.554622000 -0.032403000 -0.102980000 -0.066819000 -0.850068000 0.512167000
1520530357.351099968 -0.737901000 -0.512659000 -0.030609000 -0.103511000 -0.062672000 -0.865298000 0.486433000
1520530357.401599884 -0.774526000 -0.468727000 -0.025577000 -0.101740000 -0.060783000 -0.881814000 0.456463000
1520530357.451600075 -0.806335000 -0.421540000 -0.018360000 -0.099111000 -0.058428000 -0.898982000 0.422604000
1520530357.501600027 -0.834849000 -0.371553000 -0.012372000 -0.100781000 -0.058242000 -0.914213000 0.388157000
1520530357.551599979 -0.861121000 -0.319307000 -0.010328000 -0.106846000 -0.059678000 -0.926982000 0.354581000
1520530357.601599932 -0.886112000 -0.264050000 -0.012498000 -0.113078000 -0.058199000 -0.937797000 0.323051000
1520530357.651599884 -0.909985000 -0.206540000 -0.018297000 -0.118756000 -0.053118000 -0.946526000 0.295237000
1520530357.701610088 -0.933112000 -0.147976000 -0.025567000 -0.125278000 -0.047233000 -0.952786000 0.272532000
1520530357.751610041 -0.954857000 -0.089056000 -0.031251000 -0.132814000 -0.041867000 -0.956911000 0.254812000
1520530357.801609993 -0.974880000 -0.030160000 -0.033306000 -0.136825000 -0.036988000 -0.959806000 0.242245000
1520530357.851530075 -0.994092000 0.028442000 -0.030149000 -0.129330000 -0.035759000 -0.963660000 0.230986000
1520530357.901499987 -1.009121000 0.084650000 -0.022988000 -0.118136000 -0.037969000 -0.967524000 0.220227000
1520530357.951499939 -1.024737000 0.140951000 -0.016489000 -0.114551000 -0.040686000 -0.969941000 0.210799000
1520530358.001499891 -1.041553000 0.198356000 -0.011598000 -0.114693000 -0.041246000 -0.972227000 0.199795000
1520530358.051510096 -1.052987000 0.254388000 -0.008370000 -0.116036000 -0.040087000 -0.974599000 0.187309000
1520530358.101510048 -1.064643000 0.311171000 -0.008964000 -0.115680000 -0.036769000 -0.977048000 0.175054000
1520530358.151510000 -1.076201000 0.369192000 -0.012768000 -0.113408000 -0.031349000 -0.979399000 0.164116000
1520530358.201509953 -1.087796000 0.428762000 -0.018762000 -0.110032000 -0.025894000 -0.981615000 0.153797000
1520530358.251569986 -1.096551000 0.488507000 -0.024276000 -0.106348000 -0.022116000 -0.983796000 0.142643000
1520530358.301569939 -1.103394000 0.548241000 -0.027998000 -0.101117000 -0.021278000 -0.986696000 0.125514000
1520530358.351569891 -1.108724000 0.607306000 -0.026311000 -0.099795000 -0.021788000 -0.988828000 0.108558000
1520530358.401570082 -1.112740000 0.664183000 -0.018924000 -0.099708000 -0.022344000 -0.990383000 0.093274000
1520530358.451570034 -1.114279000 0.721004000 -0.009877000 -0.098831000 -0.020835000 -0.992080000 0.074676000
1520530358.501569986 -1.112982000 0.779995000 0.000014000 -0.096954000 -0.017678000 -0.993661000 0.054092000
1520530358.551569939 -1.107900000 0.837223000 0.006624000 -0.097276000 -0.015085000 -0.994509000 0.035522000
1520530358.601579905 -1.101966000 0.895162000 0.008922000 -0.098655000 -0.012215000 -0.994894000 0.017451000
1520530358.651740074 -1.092613000 0.953191000 0.004072000 -0.098741000 -0.009025000 -0.995072000 0.000482000
1520530358.701740026 -1.083503000 1.012242000 -0.005093000 0.101532000 0.006193000 0.994723000 0.013342000
1520530358.751739979 -1.073126000 1.071657000 -0.017100000 0.107590000 0.004376000 0.993888000 0.024329000
1520530358.801739931 -1.061020000 1.131053000 -0.028044000 0.111793000 0.002731000 0.993078000 0.035928000
1520530358.851739883 -1.047895000 1.191019000 -0.036179000 0.109335000 0.002326000 0.992800000 0.048883000
1520530358.901750088 -1.032179000 1.248610000 -0.042289000 0.103962000 0.003335000 0.992653000 0.061810000
1520530358.951750040 -1.013768000 1.302347000 -0.049218000 0.100854000 0.005106000 0.992111000 0.074279000
1520530359.001749992 -0.994752000 1.358549000 -0.058950000 0.106087000 0.007353000 0.990410000 0.088200000
1520530359.051739931 -0.974249000 1.412636000 -0.072541000 0.112692000 0.010949000 0.988569000 0.099560000
1520530359.101749897 -0.953250000 1.469985000 -0.090218000 0.116134000 0.016348000 0.986788000 0.111778000
1520530359.151750088 -0.929702000 1.524900000 -0.110469000 0.117916000 0.020532000 0.984672000 0.126871000
1520530359.201750040 -0.904188000 1.580742000 -0.131745000 0.116742000 0.019954000 0.982316000 0.145009000
1520530359.251749992 -0.876186000 1.633978000 -0.153388000 0.114572000 0.016548000 0.979166000 0.166832000
1520530359.301749945 -0.845983000 1.686256000 -0.173023000 0.109743000 0.012484000 0.975835000 0.188539000
1520530359.351749897 -0.813531000 1.737667000 -0.190636000 0.100413000 0.010660000 0.971874000 0.212754000
1520530359.401760101 -0.779736000 1.786674000 -0.203614000 0.096464000 0.012983000 0.966997000 0.235462000
1520530359.451859951 -0.743775000 1.835506000 -0.210178000 0.094367000 0.022100000 0.961704000 0.256381000
1520530359.501810074 -0.705207000 1.880627000 -0.207712000 0.088074000 0.029377000 0.955831000 0.278866000
1520530359.551810026 -0.663544000 1.922338000 -0.198985000 0.082793000 0.025931000 0.949266000 0.302271000
1520530359.601809978 -0.618842000 1.963632000 -0.186065000 0.079561000 0.018156000 0.941582000 0.326746000
1520530359.651809931 -0.572222000 2.000461000 -0.172070000 0.083159000 0.011252000 0.933083000 0.349735000
1520530359.701809883 -0.524107000 2.034670000 -0.158037000 0.090286000 0.006457000 0.923781000 0.372070000
1520530359.751810074 -0.472769000 2.068011000 -0.145185000 0.100449000 0.001500000 0.913764000 0.393627000
1520530359.801820040 -0.418973000 2.097533000 -0.132145000 0.109763000 -0.002051000 0.903955000 0.413294000
1520530359.851819992 -0.360684000 2.124932000 -0.118615000 0.114508000 -0.003032000 0.894524000 0.432094000
1520530359.901760101 -0.300752000 2.147765000 -0.100621000 0.113461000 -0.003197000 0.885055000 0.451436000
1520530359.951760054 -0.238443000 2.169550000 -0.076202000 0.110783000 -0.002587000 0.875239000 0.470825000
1520530360.001760006 -0.176315000 2.184453000 -0.045141000 0.108853000 -0.001442000 0.865180000 0.489503000
1520530360.051769972 -0.114857000 2.198160000 -0.012113000 0.109044000 -0.002622000 0.855529000 0.506135000
1520530360.101769924 -0.055660000 2.204606000 0.023127000 0.107577000 -0.007170000 0.846985000 0.520569000
1520530360.151770115 0.004480000 2.207955000 0.058607000 0.101609000 -0.012852000 0.835660000 0.539613000
1520530360.201770067 0.062661000 2.204751000 0.095557000 0.091727000 -0.020804000 0.821161000 0.562892000
1520530360.251770020 0.119074000 2.200415000 0.131961000 0.078087000 -0.032130000 0.805168000 0.587005000
1520530360.301249981 0.172528000 2.192629000 0.169866000 0.060176000 -0.044386000 0.787400000 0.611891000
1520530360.351249933 0.223170000 2.182061000 0.210201000 0.042147000 -0.059325000 0.767983000 0.636323000
1520530360.401249886 0.268867000 2.168153000 0.250363000 0.024832000 -0.074398000 0.748046000 0.658996000
1520530360.451250076 0.311250000 2.151679000 0.289320000 0.009652000 -0.086858000 0.728274000 0.679690000
1520530360.501260042 0.352280000 2.134420000 0.324157000 -0.003298000 -0.095896000 0.708037000 0.699626000
1520530360.551259995 0.394387000 2.115152000 0.350190000 -0.012437000 -0.098649000 0.685009000 0.721718000
1520530360.601259947 0.436420000 2.094138000 0.367586000 -0.014557000 -0.097067000 0.661861000 0.743173000
1520530360.651259899 0.479323000 2.071252000 0.373556000 -0.010742000 -0.092852000 0.638355000 0.764046000
1520530360.700910091 0.517316000 2.037896000 0.370559000 -0.006529000 -0.086996000 0.614259000 0.784267000
1520530360.750910044 0.560498000 2.008115000 0.355296000 -0.004667000 -0.080843000 0.589340000 0.803817000
1520530360.800909996 0.603729000 1.976543000 0.330198000 -0.005144000 -0.073100000 0.565961000 0.821169000
1520530360.850909948 0.646724000 1.943589000 0.300946000 -0.005180000 -0.065111000 0.548776000 0.833414000
1520530360.900909901 0.687666000 1.908210000 0.266604000 -0.003539000 -0.058136000 0.533465000 0.843814000
1520530360.950910091 0.725528000 1.870527000 0.229811000 0.000951000 -0.052827000 0.516124000 0.854883000
1520530361.000910044 0.760698000 1.833992000 0.192593000 0.009905000 -0.049066000 0.497433000 0.866057000
1520530361.050990105 0.791071000 1.794525000 0.155783000 0.022259000 -0.044416000 0.477609000 0.877167000
1520530361.100970030 0.817959000 1.755803000 0.117771000 0.037364000 -0.040644000 0.459257000 0.886586000
1520530361.150969982 0.842473000 1.717412000 0.079360000 0.051690000 -0.036541000 0.439937000 0.895795000
1520530361.200969934 0.862736000 1.677053000 0.039905000 0.062984000 -0.031346000 0.416963000 0.906197000
1520530361.250969887 0.881113000 1.635090000 -0.000971000 0.073441000 -0.028223000 0.389709000 0.917571000
1520530361.300970078 0.897139000 1.592553000 -0.042085000 0.084311000 -0.027738000 0.360844000 0.928393000
1520530361.350970030 0.911036000 1.550744000 -0.082424000 0.094223000 -0.024474000 0.332397000 0.938102000
1520530361.400979996 0.921923000 1.509570000 -0.120832000 0.103983000 -0.017737000 0.303810000 0.946875000
1520530361.450979948 0.927847000 1.469702000 -0.154189000 0.117443000 -0.008740000 0.276701000 0.953712000
1520530361.501610041 0.929526000 1.434274000 -0.183925000 0.133940000 0.003199000 0.251256000 0.958603000
1520530361.551620007 0.926065000 1.402185000 -0.206876000 0.149434000 0.012125000 0.224453000 0.962883000
1520530361.601619959 0.920082000 1.367958000 -0.222293000 0.163022000 0.015592000 0.191527000 0.967728000
1520530361.651619911 0.908510000 1.330920000 -0.230087000 0.171676000 0.018841000 0.151809000 0.973204000
1520530361.701620102 0.895307000 1.290776000 -0.230684000 0.175927000 0.018417000 0.107885000 0.978300000
1520530361.751620054 0.877665000 1.248910000 -0.222666000 0.176575000 0.014905000 0.063880000 0.982099000
1520530361.801630020 0.859534000 1.205098000 -0.207187000 0.170385000 0.012216000 0.024372000 0.985000000
1520530361.851629972 0.839607000 1.159454000 -0.185645000 0.155498000 0.011851000 -0.013146000 0.987678000
1520530361.901870012 0.823354000 1.109683000 -0.159512000 0.134328000 0.015384000 -0.049851000 0.989563000
1520530361.951869965 0.811371000 1.056548000 -0.128170000 0.111313000 0.021278000 -0.080378000 0.990301000
1520530362.001869917 0.800129000 1.002203000 -0.093069000 0.089305000 0.028718000 -0.105615000 0.989972000
1520530362.051879883 0.795655000 0.949410000 -0.048918000 0.067901000 0.033471000 -0.124223000 0.989362000
1520530362.101880074 0.799033000 0.894020000 -0.003135000 0.047011000 0.041367000 -0.136087000 0.988716000
1520530362.151880026 0.805711000 0.838896000 0.042782000 0.028276000 0.048393000 -0.143494000 0.988063000
1520530362.201889992 0.820809000 0.782781000 0.087738000 0.012097000 0.053025000 -0.149340000 0.987289000
1520530362.251889944 0.839220000 0.728641000 0.130019000 -0.003780000 0.056531000 -0.153545000 0.986516000
1520530362.301889896 0.863882000 0.673991000 0.166573000 -0.016691000 0.060514000 -0.153252000 0.986191000
1520530362.351560116 0.888584000 0.621337000 0.194843000 -0.023309000 0.062461000 -0.149157000 0.986563000
1520530362.401570082 0.919584000 0.564870000 0.212001000 -0.023373000 0.061871000 -0.142476000 0.987586000
1520530362.451570034 0.954624000 0.509134000 0.219905000 -0.021422000 0.058339000 -0.132446000 0.989240000
1520530362.501569986 0.993319000 0.452908000 0.219803000 -0.022176000 0.054829000 -0.118862000 0.991148000
1520530362.551569939 1.033871000 0.397843000 0.213080000 -0.026336000 0.049513000 -0.100662000 0.993339000
1520530362.601569891 1.074304000 0.344822000 0.202608000 -0.030119000 0.041098000 -0.085646000 0.995022000
1520530362.651669979 1.113166000 0.293685000 0.187208000 -0.028050000 0.028880000 -0.074525000 0.996406000
1520530362.701580048 1.149485000 0.244671000 0.169500000 -0.016342000 0.015696000 -0.065593000 0.997589000
1520530362.751310110 1.182046000 0.196642000 0.149983000 0.003493000 0.002555000 -0.061126000 0.998121000
1520530362.801320076 1.212722000 0.151713000 0.131456000 0.026568000 -0.013142000 -0.059486000 0.997789000
1520530362.851320028 1.239407000 0.106413000 0.115584000 0.048517000 -0.023742000 -0.064245000 0.996471000
1520530362.901319981 1.261310000 0.060419000 0.104690000 0.066947000 -0.031185000 -0.068051000 0.994944000
1520530362.951319933 1.278772000 0.007901000 0.102731000 0.080190000 -0.036964000 -0.068476000 0.993738000
1520530363.001319885 1.289466000 -0.042487000 0.107171000 0.085198000 -0.042179000 -0.064931000 0.993351000
1520530363.051330090 1.295816000 -0.095358000 0.119863000 0.081135000 -0.052939000 -0.057599000 0.993628000
1520530363.101330042 1.296273000 -0.147639000 0.139477000 0.069711000 -0.065371000 -0.050888000 0.994121000
1520530363.151609898 1.290145000 -0.199536000 0.165443000 0.052859000 -0.073283000 -0.049416000 0.994683000
1520530363.201610088 1.277019000 -0.248630000 0.193426000 0.033758000 -0.078763000 -0.051414000 0.994994000
1520530363.251610041 1.256503000 -0.293721000 0.220884000 0.017872000 -0.082999000 -0.055899000 0.994820000
1520530363.301609993 1.232570000 -0.339871000 0.245197000 0.009082000 -0.085867000 -0.060680000 0.994416000
1520530363.351619959 1.203921000 -0.382389000 0.265171000 0.005135000 -0.088243000 -0.068366000 0.993737000
1520530363.401619911 1.170484000 -0.422905000 0.280371000 0.001056000 -0.093913000 -0.079282000 0.992418000
1520530363.451620102 1.133104000 -0.463906000 0.290229000 -0.004056000 -0.101126000 -0.092894000 0.990519000
1520530363.501620054 1.090747000 -0.503853000 0.293648000 -0.006060000 -0.105074000 -0.112036000 0.988115000
1520530363.551709890 1.044561000 -0.543185000 0.289418000 -0.003575000 -0.107142000 -0.134576000 0.985087000
1520530363.601710081 0.996776000 -0.581605000 0.276984000 0.000113000 -0.109198000 -0.159974000 0.981063000
1520530363.651710033 0.947262000 -0.622386000 0.258637000 0.001557000 -0.109144000 -0.190114000 0.975675000
1520530363.701709986 0.896795000 -0.662735000 0.235851000 -0.001286000 -0.107800000 -0.220982000 0.969301000
1520530363.751709938 0.843672000 -0.700202000 0.209664000 -0.004005000 -0.105577000 -0.256632000 0.960717000
1520530363.801709890 0.787472000 -0.732333000 0.181418000 -0.004837000 -0.108160000 -0.293843000 0.949702000
1520530363.851720095 0.728466000 -0.758591000 0.150987000 -0.001641000 -0.113426000 -0.333511000 0.935896000
1520530363.901720047 0.666984000 -0.777551000 0.117322000 0.006838000 -0.119484000 -0.376005000 0.918856000
1520530363.951740026 0.607421000 -0.790913000 0.083232000 0.018760000 -0.125815000 -0.416406000 0.900236000
1520530364.001739979 0.547619000 -0.791771000 0.045266000 0.032798000 -0.131776000 -0.457089000 0.878993000
1520530364.051739931 0.490147000 -0.784690000 0.005404000 0.049389000 -0.135508000 -0.496538000 0.855949000
1520530364.101739883 0.435472000 -0.769521000 -0.036097000 0.069902000 -0.138926000 -0.535367000 0.830178000
1520530364.151750088 0.384116000 -0.746490000 -0.077705000 0.088039000 -0.147994000 -0.571773000 0.802136000
1520530364.201750040 0.336744000 -0.717532000 -0.117089000 0.100669000 -0.160451000 -0.604949000 0.773407000
1520530364.251749992 0.293223000 -0.681993000 -0.152634000 0.112141000 -0.167942000 -0.637789000 0.743267000
1520530364.301749945 0.255333000 -0.642823000 -0.181540000 0.123150000 -0.170642000 -0.667394000 0.714353000
1520530364.351749897 0.224484000 -0.599645000 -0.203737000 0.137457000 -0.168903000 -0.694554000 0.685691000
1520530364.401809931 0.201146000 -0.553769000 -0.219096000 0.149391000 -0.168800000 -0.717772000 0.658781000
1520530364.451809883 0.182396000 -0.507147000 -0.228027000 0.157400000 -0.172462000 -0.742140000 0.628259000
1520530364.501810074 0.167022000 -0.462026000 -0.230511000 0.158159000 -0.180501000 -0.768120000 0.593631000
1520530364.551820040 0.153774000 -0.418185000 -0.226981000 0.156598000 -0.186470000 -0.795734000 0.554538000
1520530364.601819992 0.141412000 -0.375170000 -0.218156000 0.152739000 -0.189847000 -0.823594000 0.512173000
1520530364.651819944 0.126577000 -0.335605000 -0.204456000 0.144394000 -0.191906000 -0.849228000 0.470250000
1520530364.701819897 0.111624000 -0.296765000 -0.186659000 0.134293000 -0.188818000 -0.872059000 0.431077000
1520530364.751820087 0.093801000 -0.261317000 -0.163804000 0.123147000 -0.179304000 -0.892566000 0.394982000
1520530364.802330017 0.072247000 -0.229083000 -0.134877000 0.110163000 -0.162042000 -0.911795000 0.360882000
1520530364.852339983 0.046821000 -0.201722000 -0.099636000 0.095801000 -0.137942000 -0.928662000 0.330727000
1520530364.902339935 0.018147000 -0.179476000 -0.058476000 0.084428000 -0.108330000 -0.942619000 0.304312000
1520530364.952339888 -0.018287000 -0.167527000 -0.010272000 0.073929000 -0.078656000 -0.952110000 0.286065000
1520530365.002350092 -0.055627000 -0.157281000 0.037953000 0.067731000 -0.053471000 -0.959193000 0.269264000
1520530365.052350044 -0.090860000 -0.144674000 0.083018000 0.063510000 -0.039008000 -0.965890000 0.247997000
1520530365.102349997 -0.133161000 -0.135171000 0.120782000 0.057954000 -0.039270000 -0.970061000 0.232555000
1520530365.152349949 -0.179535000 -0.127578000 0.153606000 0.054584000 -0.045261000 -0.971646000 0.225558000
1520530365.201809883 -0.227381000 -0.117726000 0.178829000 0.054071000 -0.048662000 -0.972408000 0.221657000
1520530365.251810074 -0.280554000 -0.106720000 0.197612000 0.052215000 -0.046013000 -0.973337000 0.218565000
1520530365.301810026 -0.337484000 -0.094238000 0.210399000 0.046181000 -0.037581000 -0.973755000 0.219671000
1520530365.351809978 -0.395961000 -0.080882000 0.216679000 0.033738000 -0.029472000 -0.972840000 0.227103000
1520530365.401809931 -0.458447000 -0.065558000 0.214509000 0.023626000 -0.024604000 -0.970188000 0.239939000
1520530365.451809883 -0.522958000 -0.050348000 0.205424000 0.018198000 -0.024939000 -0.967142000 0.252354000
1520530365.501810074 -0.587431000 -0.034848000 0.189696000 0.016740000 -0.030487000 -0.963305000 0.266147000
1520530365.551820040 -0.652077000 -0.022103000 0.172330000 0.018016000 -0.037359000 -0.958102000 0.283409000
1520530365.601500034 -0.715285000 -0.010482000 0.153491000 0.015975000 -0.046705000 -0.952384000 0.300879000
1520530365.651499987 -0.776846000 -0.000073000 0.134353000 0.009715000 -0.058809000 -0.946531000 0.317060000
1520530365.701499939 -0.834201000 0.009565000 0.115392000 0.003355000 -0.071525000 -0.940978000 0.330809000
1520530365.751499891 -0.890401000 0.020925000 0.097795000 -0.001022000 -0.084110000 -0.936213000 0.341217000
1520530365.801510096 -0.943970000 0.035366000 0.082620000 -0.004878000 -0.097553000 -0.932572000 0.347517000
1520530365.851510048 -0.996201000 0.053919000 0.072422000 -0.011059000 -0.110637000 -0.929613000 0.351363000
1520530365.901510000 -1.044950000 0.076573000 0.067468000 -0.018755000 -0.118923000 -0.927147000 0.354830000
1520530365.951509953 -1.093319000 0.103983000 0.069661000 -0.028517000 -0.118805000 -0.925277000 0.359075000
1520530366.001869917 -1.138239000 0.135493000 0.080900000 -0.043290000 -0.111321000 -0.923996000 0.363269000
1520530366.051870108 -1.178866000 0.172407000 0.100070000 -0.059420000 -0.098158000 -0.923804000 0.365268000
1520530366.101880074 -1.210004000 0.214963000 0.123661000 -0.074305000 -0.082142000 -0.926894000 0.358606000
1520530366.151880026 -1.233197000 0.265195000 0.148257000 -0.087591000 -0.066734000 -0.933419000 0.341472000
1520530366.201879978 -1.244836000 0.319266000 0.171454000 -0.101871000 -0.054109000 -0.940799000 0.318733000
1520530366.251889944 -1.247206000 0.375863000 0.190357000 -0.114372000 -0.044323000 -0.947996000 0.293698000
1520530366.301889896 -1.241630000 0.434725000 0.202889000 -0.123515000 -0.037315000 -0.955339000 0.265855000
1520530366.351890087 -1.232841000 0.496127000 0.207730000 -0.128820000 -0.032644000 -0.962703000 0.235674000
1520530366.402090073 -1.223311000 0.559888000 0.204466000 -0.132875000 -0.030268000 -0.969153000 0.205357000
1520530366.452090025 -1.208698000 0.622825000 0.193280000 -0.136459000 -0.030005000 -0.974351000 0.176408000
1520530366.502089977 -1.189478000 0.684740000 0.175065000 -0.136069000 -0.031310000 -0.979106000 0.147837000
1520530366.552089930 -1.168608000 0.745808000 0.152173000 -0.129408000 -0.034993000 -0.984039000 0.117035000
1520530366.602099895 -1.145739000 0.805939000 0.126673000 -0.121239000 -0.040585000 -0.988274000 0.083474000
1520530366.652100086 -1.116653000 0.861808000 0.098951000 -0.115666000 -0.046623000 -0.991005000 0.048551000
1520530366.702100039 -1.081289000 0.912821000 0.070007000 -0.109818000 -0.055282000 -0.992354000 0.010833000
1520530366.752099991 -1.044076000 0.958784000 0.040644000 0.103199000 0.067164000 0.992083000 0.024704000
1520530366.802099943 -1.003096000 0.998430000 0.012537000 0.095917000 0.082947000 0.990055000 0.060924000
1520530366.852139950 -0.963004000 1.034977000 -0.014328000 0.092912000 0.101119000 0.985670000 0.097967000
1520530366.902139902 -0.920536000 1.068097000 -0.038257000 0.093603000 0.118660000 0.979322000 0.134484000
1520530366.952140093 -0.875172000 1.098642000 -0.059194000 0.091345000 0.132652000 0.971838000 0.172020000
1520530367.002140045 -0.829358000 1.128403000 -0.075696000 0.084280000 0.141960000 0.963485000 0.210809000
1520530367.052139997 -0.781150000 1.154163000 -0.088292000 0.074484000 0.147170000 0.953601000 0.251869000
1520530367.102149963 -0.737168000 1.180885000 -0.093602000 0.064568000 0.149427000 0.942601000 0.291558000
1520530367.152149916 -0.695700000 1.206380000 -0.090207000 0.051688000 0.149311000 0.930602000 0.330173000
1520530367.202150106 -0.657833000 1.232139000 -0.078452000 0.035697000 0.147316000 0.918526000 0.365149000
1520530367.252510071 -0.623499000 1.260240000 -0.057936000 0.018840000 0.144360000 0.906376000 0.396595000
1520530367.302510023 -0.595008000 1.291628000 -0.030073000 0.007357000 0.138603000 0.895019000 0.423883000
1520530367.352509975 -0.568995000 1.324861000 0.001241000 -0.001024000 0.128837000 0.885330000 0.446755000
1520530367.402509928 -0.546793000 1.362149000 0.034481000 -0.013044000 0.114360000 0.877674000 0.465232000
1520530367.452510118 -0.529327000 1.404617000 0.067237000 -0.027116000 0.096890000 0.873026000 0.477182000
1520530367.502520084 -0.514179000 1.449092000 0.096194000 -0.039223000 0.080210000 0.871563000 0.482084000
1520530367.552520037 -0.501393000 1.499069000 0.120121000 -0.050735000 0.067849000 0.871063000 0.483810000
1520530367.602519989 -0.489814000 1.552067000 0.137061000 -0.057547000 0.057038000 0.871806000 0.483104000
1520530367.652240038 -0.479467000 1.607625000 0.146321000 -0.059711000 0.048128000 0.875121000 0.477788000
1520530367.702239990 -0.470899000 1.666639000 0.146750000 -0.054855000 0.042428000 0.881158000 0.467709000
1520530367.752239943 -0.464744000 1.724940000 0.140525000 -0.044988000 0.041669000 0.888452000 0.454855000
1520530367.802239895 -0.460058000 1.783096000 0.129525000 -0.031639000 0.045086000 0.894790000 0.443078000
1520530367.852240086 -0.456979000 1.842767000 0.115644000 -0.011350000 0.048551000 0.901444000 0.430015000
1520530367.902240038 -0.457070000 1.900369000 0.103384000 0.014715000 0.049993000 0.910305000 0.410645000
1520530367.952239990 -0.457699000 1.955010000 0.095201000 0.040378000 0.049496000 0.919551000 0.387745000
1520530368.002249956 -0.456735000 2.009056000 0.088705000 0.063606000 0.047278000 0.926217000 0.368566000
1520530368.052089930 -0.452393000 2.060857000 0.084828000 0.084076000 0.044164000 0.929530000 0.356308000
1520530368.102089882 -0.439777000 2.113128000 0.085165000 0.103631000 0.039240000 0.930214000 0.349889000
1520530368.152100086 -0.423211000 2.160696000 0.088393000 0.119676000 0.034396000 0.930017000 0.345778000
1520530368.202100039 -0.399375000 2.210486000 0.096284000 0.130672000 0.028579000 0.929858000 0.342742000
1520530368.252099991 -0.372185000 2.253450000 0.108147000 0.135193000 0.018813000 0.928993000 0.344006000
1520530368.302099943 -0.339337000 2.290706000 0.126295000 0.135959000 0.000518000 0.927626000 0.347888000
1520530368.352099895 -0.302264000 2.322988000 0.147950000 0.132390000 -0.024418000 0.924839000 0.355738000
1520530368.402110100 -0.258818000 2.347318000 0.170867000 0.124395000 -0.050719000 0.918357000 0.372254000
1520530368.452019930 -0.209843000 2.362679000 0.191496000 0.116145000 -0.073336000 0.906184000 0.399954000
1520530368.502029896 -0.158018000 2.370429000 0.206360000 0.113553000 -0.090599000 0.888605000 0.435063000
1520530368.552030087 -0.104059000 2.369980000 0.213190000 0.113289000 -0.102750000 0.864996000 0.477902000
1520530368.602030039 -0.046110000 2.363762000 0.216238000 0.109550000 -0.108876000 0.834994000 0.528139000
1520530368.652029991 0.012158000 2.352801000 0.213210000 0.102124000 -0.110451000 0.804412000 0.574711000
1520530368.702029943 0.069959000 2.337719000 0.204732000 0.095431000 -0.110602000 0.776007000 0.613574000
1520530368.752029896 0.127138000 2.318312000 0.191068000 0.091579000 -0.107168000 0.746128000 0.650708000
1520530368.802040100 0.182628000 2.296281000 0.173967000 0.088816000 -0.099060000 0.714585000 0.686780000
1520530368.851370096 0.236007000 2.271945000 0.156701000 0.088698000 -0.086624000 0.678156000 0.724384000
1520530368.901370049 0.287155000 2.241736000 0.143092000 0.087939000 -0.066982000 0.628717000 0.769737000
1520530368.951370001 0.335822000 2.208557000 0.134331000 0.095896000 -0.049880000 0.572419000 0.812805000
1520530369.001369953 0.381192000 2.174379000 0.130749000 0.103841000 -0.036916000 0.515797000 0.849593000
1520530369.051369905 0.422064000 2.143122000 0.131789000 0.105139000 -0.024196000 0.461757000 0.880421000
1520530369.101370096 0.457902000 2.109511000 0.133521000 0.099720000 -0.009043000 0.402048000 0.910127000
1520530369.151380062 0.490465000 2.074706000 0.136347000 0.086970000 0.005970000 0.334523000 0.938347000
1520530369.201380014 0.519886000 2.038889000 0.139484000 0.069362000 0.018850000 0.260509000 0.962792000
1520530369.251379967 0.546872000 2.003061000 0.141580000 0.053042000 0.027334000 0.186586000 0.980625000
1520530369.301520109 0.573237000 1.968183000 0.141871000 0.043533000 0.034580000 0.120474000 0.991158000
1520530369.351520061 0.600090000 1.933430000 0.140669000 0.038879000 0.040819000 0.060675000 0.996565000
1520530369.401520014 0.628967000 1.900443000 0.139721000 0.038594000 0.041679000 0.012558000 0.998306000
1520530369.451519966 0.656782000 1.868516000 0.141642000 0.037692000 0.041645000 -0.027400000 0.998045000
1520530369.501519918 0.681574000 1.836199000 0.147905000 0.033582000 0.041679000 -0.070004000 0.996110000
1520530369.551529884 0.699381000 1.802657000 0.158473000 0.028962000 0.043807000 -0.127765000 0.990413000
1520530369.601530075 0.712045000 1.768826000 0.170525000 0.026237000 0.042649000 -0.187699000 0.980949000
1520530369.651530027 0.721437000 1.734568000 0.182428000 0.024284000 0.039689000 -0.240879000 0.969439000
1520530369.701879978 0.728808000 1.699162000 0.193925000 0.023319000 0.040377000 -0.285093000 0.957365000
1520530369.751879930 0.735172000 1.663430000 0.204075000 0.025634000 0.042769000 -0.320446000 0.945953000
1520530369.801879883 0.742919000 1.627527000 0.213045000 0.033062000 0.042136000 -0.345705000 0.936813000
1520530369.851880074 0.751515000 1.591213000 0.219595000 0.044429000 0.039897000 -0.366495000 0.928502000
1520530369.901890039 0.760630000 1.554958000 0.225452000 0.052054000 0.039204000 -0.388191000 0.919272000
1520530369.951889992 0.770986000 1.517903000 0.232726000 0.048972000 0.043935000 -0.409617000 0.909882000
1520530370.001889944 0.782525000 1.480737000 0.242811000 0.036828000 0.057272000 -0.426989000 0.901689000
1520530370.051889896 0.794967000 1.440886000 0.251881000 0.024781000 0.074037000 -0.443013000 0.893109000
1520530370.101910114 0.809438000 1.403169000 0.263278000 0.021390000 0.091287000 -0.461605000 0.882117000
1520530370.151910067 0.824430000 1.365951000 0.272241000 0.028320000 0.106372000 -0.475040000 0.873052000
1520530370.201920033 0.841737000 1.328170000 0.281367000 0.041528000 0.125432000 -0.483886000 0.865099000
1520530370.251919985 0.858557000 1.288974000 0.288255000 0.054247000 0.144975000 -0.493798000 0.855689000
1520530370.301919937 0.877301000 1.249382000 0.295423000 0.064085000 0.161014000 -0.504405000 0.845898000
1520530370.351919889 0.893636000 1.205982000 0.300756000 0.074186000 0.172291000 -0.512913000 0.837695000
1520530370.401920080 0.910833000 1.161665000 0.305433000 0.084876000 0.180816000 -0.522240000 0.829076000
1520530370.451920033 0.926844000 1.116836000 0.310204000 0.095671000 0.187725000 -0.531665000 0.820328000
1520530370.501869917 0.943481000 1.071460000 0.315520000 0.108764000 0.195387000 -0.538317000 0.812532000
1520530370.551870108 0.959014000 1.025858000 0.320835000 0.125004000 0.207257000 -0.541440000 0.805147000
1520530370.601880074 0.973974000 0.977761000 0.326396000 0.139629000 0.215762000 -0.546124000 0.797307000
1520530370.651870012 0.989125000 0.929046000 0.333316000 0.149089000 0.216163000 -0.552227000 0.791259000
1520530370.701869965 1.003891000 0.879467000 0.340330000 0.151603000 0.209973000 -0.556703000 0.789310000
1520530370.751869917 1.016687000 0.828205000 0.345594000 0.145656000 0.203395000 -0.561591000 0.788689000
1520530370.801879883 1.027141000 0.777371000 0.348211000 0.132185000 0.193743000 -0.569147000 0.788075000
1520530370.851880074 1.036751000 0.727491000 0.349080000 0.116770000 0.183322000 -0.579686000 0.785317000
1520530370.901930094 1.043604000 0.679959000 0.346514000 0.100709000 0.167841000 -0.591194000 0.782417000
1520530370.951930046 1.050051000 0.632102000 0.340898000 0.083025000 0.143501000 -0.600469000 0.782273000
1520530371.001929998 1.056552000 0.585106000 0.334659000 0.064616000 0.110894000 -0.609403000 0.782404000
1520530371.051929951 1.060827000 0.539178000 0.328485000 0.045226000 0.070308000 -0.616974000 0.782531000
1520530371.101929903 1.060620000 0.495290000 0.324411000 0.025597000 0.026151000 -0.626109000 0.778877000
1520530371.151930094 1.056521000 0.457292000 0.322998000 0.010263000 -0.010357000 -0.633119000 0.773917000
1520530371.201940060 1.042413000 0.415218000 0.323707000 0.000986000 -0.035102000 -0.642776000 0.765249000
1520530371.251940012 1.035058000 0.374175000 0.326713000 -0.006737000 -0.059847000 -0.651102000 0.756597000
1520530371.301939964 1.027921000 0.335690000 0.330979000 -0.017679000 -0.082412000 -0.656181000 0.749881000
1520530371.351939917 1.019544000 0.297947000 0.334715000 -0.038197000 -0.102260000 -0.662622000 0.740956000
1520530371.401940107 1.008302000 0.259386000 0.338323000 -0.069207000 -0.121014000 -0.671312000 0.727947000
1520530371.451940060 0.997947000 0.220633000 0.340139000 -0.100693000 -0.139484000 -0.678535000 0.714140000
1520530371.501940012 0.984481000 0.182133000 0.338710000 -0.121825000 -0.161783000 -0.682154000 0.702602000
1520530371.551939964 0.966889000 0.145567000 0.335017000 -0.133819000 -0.180908000 -0.685828000 0.692102000
1520530371.601949930 0.947682000 0.110293000 0.330031000 -0.136365000 -0.195339000 -0.692046000 0.681410000
1520530371.651949883 0.926986000 0.078749000 0.324829000 -0.132966000 -0.206764000 -0.700204000 0.670286000
1520530371.701950073 0.904324000 0.051192000 0.320983000 -0.127800000 -0.213617000 -0.710394000 0.658312000
1520530371.751940012 0.880974000 0.027917000 0.318657000 -0.121991000 -0.214758000 -0.729981000 0.637280000
1520530371.801949978 0.857245000 0.009881000 0.318506000 -0.119256000 -0.209586000 -0.755962000 0.608583000
1520530371.851949930 0.830294000 -0.004395000 0.322991000 -0.120200000 -0.195259000 -0.783028000 0.578181000
1520530371.901949883 0.803795000 -0.015740000 0.327271000 -0.119831000 -0.171352000 -0.810849000 0.546629000
1520530371.951950073 0.775604000 -0.023295000 0.331942000 -0.115218000 -0.141558000 -0.839675000 0.511500000
1520530372.001950026 0.747681000 -0.029040000 0.335510000 -0.107406000 -0.110877000 -0.868369000 0.471281000
1520530372.051949978 0.723901000 -0.037788000 0.338723000 -0.101735000 -0.084773000 -0.892160000 0.431872000
1520530372.101949930 0.700409000 -0.048755000 0.343056000 -0.096673000 -0.062588000 -0.910285000 0.397640000
1520530372.151940107 0.677266000 -0.063451000 0.349589000 -0.090630000 -0.045150000 -0.923229000 0.370671000
1520530372.201960087 0.653527000 -0.085015000 0.357630000 -0.081777000 -0.029970000 -0.931854000 0.352224000
1520530372.251940012 0.628545000 -0.113853000 0.368598000 -0.075707000 -0.017541000 -0.936578000 0.341736000
1520530372.301949978 0.604144000 -0.148479000 0.383134000 -0.073339000 -0.004592000 -0.938843000 0.336413000
1520530372.351949930 0.578257000 -0.190203000 0.398676000 -0.070491000 0.009577000 -0.940771000 0.331495000
1520530372.401949883 0.553888000 -0.234830000 0.412372000 -0.062685000 0.023383000 -0.940538000 0.333035000
1520530372.451950073 0.530114000 -0.283271000 0.421847000 -0.050315000 0.035315000 -0.937833000 0.341600000
1520530372.501950026 0.506684000 -0.333863000 0.426093000 -0.040318000 0.044138000 -0.933908000 0.352479000
1520530372.551949978 0.481418000 -0.386642000 0.424107000 -0.035104000 0.051822000 -0.929064000 0.364586000
1520530372.601949930 0.452372000 -0.442756000 0.416177000 -0.035667000 0.059009000 -0.921585000 0.382003000
1520530372.651949883 0.424012000 -0.500557000 0.401606000 -0.036881000 0.066258000 -0.911823000 0.403521000
1520530372.701950073 0.398212000 -0.558617000 0.380465000 -0.038100000 0.075189000 -0.900802000 0.425970000
1520530372.751950026 0.369180000 -0.613880000 0.353475000 -0.035490000 0.085596000 -0.888415000 0.449592000
1520530372.801949978 0.341491000 -0.667548000 0.324374000 -0.029245000 0.091488000 -0.875395000 0.473770000
1520530372.851959944 0.314269000 -0.719598000 0.295391000 -0.019397000 0.091886000 -0.862451000 0.497353000
1520530372.901959896 0.287419000 -0.769208000 0.271305000 -0.007265000 0.086841000 -0.849727000 0.519970000
1520530372.951610088 0.261332000 -0.815862000 0.255372000 0.001296000 0.075955000 -0.837512000 0.541113000
1520530373.001610041 0.234785000 -0.858122000 0.246339000 0.004369000 0.061379000 -0.825754000 0.560664000
1520530373.051609993 0.205872000 -0.893344000 0.245272000 -0.001335000 0.044173000 -0.816960000 0.574998000
1520530373.101609945 0.173077000 -0.920899000 0.252575000 -0.011558000 0.025789000 -0.815190000 0.578504000
1520530373.151619911 0.136058000 -0.938668000 0.265868000 -0.020883000 0.013194000 -0.822780000 0.567823000
1520530373.201620102 0.094532000 -0.947681000 0.282119000 -0.030903000 0.006021000 -0.834653000 0.549875000
1520530373.251620054 0.049929000 -0.947557000 0.298444000 -0.039483000 0.002234000 -0.847204000 0.529794000
1520530373.301620007 0.001694000 -0.940903000 0.312402000 -0.048513000 -0.003270000 -0.859497000 0.508823000
1520530373.351449966 -0.049063000 -0.927236000 0.324543000 -0.056367000 -0.006348000 -0.872944000 0.484512000
1520530373.401449919 -0.110525000 -0.901812000 0.337784000 -0.063379000 -0.004170000 -0.887046000 0.457291000
1520530373.451450109 -0.168873000 -0.873912000 0.348657000 -0.068505000 0.001413000 -0.899710000 0.431076000
1520530373.501460075 -0.221951000 -0.842878000 0.355633000 -0.072560000 0.004375000 -0.911664000 0.404456000
1520530373.551460028 -0.273085000 -0.809344000 0.357985000 -0.073565000 0.004205000 -0.923333000 0.376863000
1520530373.601459980 -0.323646000 -0.774820000 0.355560000 -0.072217000 0.004243000 -0.933117000 0.352221000
1520530373.651459932 -0.370418000 -0.736417000 0.347127000 -0.068365000 0.007481000 -0.942727000 0.326398000
1520530373.701459885 -0.415752000 -0.694955000 0.334571000 -0.062765000 0.011517000 -0.952717000 0.297083000
1520530373.751470089 -0.457209000 -0.650051000 0.316573000 -0.053167000 0.012179000 -0.964112000 0.259831000
1520530373.801609993 -0.494734000 -0.601189000 0.294132000 -0.039443000 0.008809000 -0.975274000 0.217271000
1520530373.851579905 -0.529897000 -0.549630000 0.269587000 -0.022936000 0.003737000 -0.984754000 0.172395000
1520530373.901580095 -0.561739000 -0.497618000 0.245696000 -0.006796000 -0.000566000 -0.991755000 0.127963000
1520530373.951580048 -0.591009000 -0.445318000 0.223787000 0.006553000 -0.005363000 -0.996260000 0.085988000
1520530374.001590014 -0.617409000 -0.392522000 0.206518000 0.017827000 -0.010634000 -0.998777000 0.044882000
1520530374.051589966 -0.639075000 -0.338234000 0.193545000 0.026804000 -0.015674000 -0.999517000 0.001092000
1520530374.101589918 -0.653498000 -0.282821000 0.185831000 -0.033730000 0.021207000 0.997984000 0.049406000
1520530374.151590109 -0.660521000 -0.228069000 0.183141000 -0.039074000 0.026968000 0.993286000 0.105497000
1520530374.201950073 -0.661375000 -0.174813000 0.184816000 -0.042978000 0.030954000 0.985932000 0.158532000
1520530374.251950026 -0.656324000 -0.124639000 0.189058000 -0.048414000 0.033067000 0.977082000 0.204628000
1520530374.301949978 -0.647904000 -0.077549000 0.195516000 -0.056869000 0.033736000 0.966498000 0.248010000
1520530374.351959944 -0.638841000 -0.033389000 0.202797000 -0.063031000 0.032125000 0.954590000 0.289401000
1520530374.401959896 -0.632586000 0.009255000 0.211194000 -0.065284000 0.026547000 0.943012000 0.325209000
1520530374.451960087 -0.630717000 0.051339000 0.220349000 -0.063986000 0.015771000 0.932952000 0.353916000
1520530374.501960039 -0.633502000 0.093005000 0.230326000 -0.061996000 0.001164000 0.924487000 0.376136000
1520530374.551959991 -0.642803000 0.134340000 0.241413000 -0.059885000 -0.016146000 0.918734000 0.389975000
1520530374.602410078 -0.659325000 0.176840000 0.255135000 -0.062377000 -0.033011000 0.915947000 0.395044000
1520530374.652410030 -0.682064000 0.219471000 0.270709000 -0.064222000 -0.047923000 0.915078000 0.395237000
1520530374.702409983 -0.709581000 0.262369000 0.284410000 -0.062600000 -0.059939000 0.915760000 0.392266000
1520530374.752409935 -0.741302000 0.304594000 0.296784000 -0.057666000 -0.066975000 0.921164000 0.379008000
1520530374.802419901 -0.777688000 0.347816000 0.304864000 -0.051260000 -0.069866000 0.929913000 0.357425000
1520530374.852420092 -0.815218000 0.391864000 0.306724000 -0.045466000 -0.070690000 0.937755000 0.336973000
1520530374.902420044 -0.853664000 0.436920000 0.304588000 -0.041789000 -0.070727000 0.944928000 0.316800000
1520530374.952419996 -0.892448000 0.483664000 0.295403000 -0.039475000 -0.070435000 0.952924000 0.292261000
1520530375.002449989 -0.933286000 0.531739000 0.281068000 -0.038954000 -0.066447000 0.960720000 0.266617000
1520530375.052449942 -0.974993000 0.581079000 0.262120000 -0.038692000 -0.055230000 0.968361000 0.240271000
1520530375.102449894 -1.016552000 0.630601000 0.239442000 -0.038431000 -0.035468000 0.975687000 0.212838000
1520530375.152450085 -1.058237000 0.678538000 0.219066000 -0.040602000 -0.011253000 0.981885000 0.184737000
1520530375.202460051 -1.097050000 0.724847000 0.203272000 -0.041611000 0.007853000 0.986192000 0.160098000
1520530375.252460003 -1.134758000 0.771025000 0.195302000 -0.040433000 0.017568000 0.989400000 0.138360000
1520530375.302459955 -1.168373000 0.816178000 0.194414000 -0.034193000 0.021847000 0.991763000 0.121490000
1520530375.352459908 -1.195791000 0.860679000 0.199853000 -0.023531000 0.023893000 0.993884000 0.105213000
1520530375.402260065 -1.215658000 0.903239000 0.208679000 -0.011369000 0.024836000 0.995454000 0.091245000
1520530375.452219963 -1.230328000 0.949517000 0.223390000 -0.000978000 0.023254000 0.996611000 0.078899000
1520530375.502229929 -1.238056000 0.997251000 0.240250000 0.012487000 0.014409000 0.997586000 0.066769000
1520530375.552229881 -1.238864000 1.045638000 0.256908000 0.030873000 -0.001940000 0.997952000 0.055990000
1520530375.602230072 -1.231889000 1.097586000 0.273092000 0.049177000 -0.022779000 0.997290000 0.049745000
1520530375.652230024 -1.218199000 1.148506000 0.287668000 0.064018000 -0.045195000 0.995675000 0.049902000
1520530375.702229977 -1.194469000 1.205189000 0.302310000 0.071434000 -0.068490000 0.993254000 0.060434000
1520530375.752239943 -1.164176000 1.259897000 0.318834000 0.071444000 -0.096294000 0.989663000 0.078677000
1520530375.802239895 -1.129735000 1.313339000 0.335138000 0.071638000 -0.126602000 0.984009000 0.102792000
1520530375.852269888 -1.089849000 1.366433000 0.348630000 0.069310000 -0.156189000 0.976923000 0.128148000
1520530375.902270079 -1.051996000 1.420197000 0.359487000 0.068978000 -0.182977000 0.969392000 0.148460000
1520530375.952280045 -1.010117000 1.472192000 0.363548000 0.068959000 -0.202009000 0.961863000 0.171048000
1520530376.002279997 -0.964839000 1.522218000 0.360633000 0.069866000 -0.204741000 0.955794000 0.199141000
1520530376.052279949 -0.917742000 1.573162000 0.350772000 0.075035000 -0.189587000 0.952120000 0.227802000
1520530376.102279902 -0.867894000 1.622383000 0.333134000 0.082770000 -0.163350000 0.949163000 0.256039000
1520530376.152280092 -0.814410000 1.669937000 0.309339000 0.089548000 -0.133387000 0.944387000 0.286920000
1520530376.202280045 -0.757342000 1.716506000 0.281580000 0.092525000 -0.099612000 0.937327000 0.320835000
1520530376.251960039 -0.704202000 1.759359000 0.251419000 0.095743000 -0.059550000 0.928974000 0.352555000
1520530376.301970005 -0.651805000 1.799963000 0.220190000 0.101101000 -0.013332000 0.917977000 0.383300000
1520530376.351969957 -0.598988000 1.830834000 0.190381000 0.108623000 0.032147000 0.903620000 0.413084000
1520530376.401969910 -0.545463000 1.856002000 0.163186000 0.116548000 0.072171000 0.884997000 0.444959000
1520530376.451970100 -0.492041000 1.872831000 0.138885000 0.129008000 0.104394000 0.862452000 0.478158000
1520530376.501970053 -0.439879000 1.877909000 0.117199000 0.142940000 0.132909000 0.835723000 0.513293000
1520530376.551970005 -0.389307000 1.871714000 0.097453000 0.157148000 0.160480000 0.804488000 0.549864000
1520530376.601979971 -0.340271000 1.857962000 0.078655000 0.170807000 0.191461000 0.768789000 0.585774000
1520530376.652679920 -0.295155000 1.834630000 0.061445000 0.184736000 0.225293000 0.728988000 0.619428000
1520530376.702680111 -0.254359000 1.804510000 0.046481000 0.197378000 0.254067000 0.686644000 0.651930000
1520530376.752680063 -0.211945000 1.782509000 0.037690000 0.202972000 0.273680000 0.643333000 0.685583000
1520530376.802680016 -0.167370000 1.764098000 0.036377000 0.195428000 0.282305000 0.602397000 0.720576000
1520530376.852689981 -0.122782000 1.740920000 0.043933000 0.173173000 0.280252000 0.563326000 0.757716000
1520530376.902689934 -0.083860000 1.714723000 0.057015000 0.138522000 0.268613000 0.525888000 0.795047000
1520530376.952689886 -0.047800000 1.691582000 0.077045000 0.097672000 0.249565000 0.490942000 0.828947000
1520530377.002739906 -0.014169000 1.672390000 0.102478000 0.055072000 0.228175000 0.459056000 0.856837000
1520530377.052920103 0.015520000 1.656200000 0.130487000 0.013542000 0.207431000 0.426200000 0.880422000
1520530377.102920055 0.044656000 1.647271000 0.159158000 -0.023355000 0.188461000 0.398354000 0.897358000
1520530377.152920008 0.072014000 1.641674000 0.187183000 -0.061416000 0.175031000 0.376043000 0.907846000
1520530377.202919960 0.100813000 1.638839000 0.211616000 -0.104651000 0.169051000 0.355258000 0.913379000
1520530377.252919912 0.129264000 1.637385000 0.233709000 -0.149991000 0.169091000 0.337744000 0.913696000
1520530377.302930117 0.162518000 1.641720000 0.251022000 -0.190211000 0.168357000 0.332123000 0.908389000
1520530377.352930069 0.197519000 1.649424000 0.264360000 -0.225165000 0.167118000 0.339207000 0.897948000
1520530377.402930021 0.235986000 1.660398000 0.272888000 -0.253458000 0.162718000 0.355656000 0.884754000
1520530377.451740026 0.276583000 1.674330000 0.277508000 -0.271160000 0.153930000 0.379841000 0.870919000
1520530377.501739979 0.320190000 1.690624000 0.279977000 -0.279138000 0.138979000 0.408794000 0.857703000
1520530377.551739931 0.364372000 1.706347000 0.282563000 -0.278162000 0.119247000 0.437186000 0.846921000
1520530377.601749897 0.410173000 1.719427000 0.285414000 -0.264304000 0.091559000 0.462982000 0.841076000
1520530377.651750088 0.453606000 1.727337000 0.290709000 -0.240301000 0.057787000 0.482898000 0.840075000
1520530377.701750040 0.496788000 1.731142000 0.296096000 -0.208992000 0.020990000 0.498973000 0.840778000
1520530377.751749992 0.538476000 1.729333000 0.300174000 -0.174641000 -0.018141000 0.511939000 0.840887000
1520530377.801749945 0.579534000 1.720502000 0.302893000 -0.142115000 -0.057573000 0.515756000 0.842902000
1520530377.851429939 0.620416000 1.704708000 0.305370000 -0.111074000 -0.098801000 0.514146000 0.844722000
1520530377.901429892 0.660926000 1.683382000 0.302716000 -0.078174000 -0.142753000 0.507019000 0.846429000
1520530377.951430082 0.698517000 1.658266000 0.295948000 -0.042396000 -0.184409000 0.495632000 0.847670000
1520530378.001430035 0.735184000 1.627464000 0.283306000 -0.001384000 -0.220142000 0.481830000 0.848160000
1520530378.051429987 0.770659000 1.590310000 0.264834000 0.040930000 -0.245454000 0.464154000 0.850082000
1520530378.101429939 0.802580000 1.547620000 0.242464000 0.079617000 -0.264651000 0.440353000 0.854231000
1520530378.151439905 0.830048000 1.499556000 0.218012000 0.110567000 -0.277125000 0.408033000 0.862836000
1520530378.201440096 0.850998000 1.447160000 0.192116000 0.134872000 -0.288116000 0.369192000 0.873210000
1520530378.251440048 0.863429000 1.392036000 0.164719000 0.153459000 -0.299048000 0.323802000 0.884405000
1520530378.301529884 0.871439000 1.339050000 0.137879000 0.163795000 -0.306254000 0.277398000 0.895785000
1520530378.351530075 0.871358000 1.286298000 0.109237000 0.167497000 -0.307988000 0.232293000 0.907264000
1520530378.401540041 0.857491000 1.236427000 0.080547000 0.165930000 -0.303498000 0.187730000 0.919301000
1520530378.451539993 0.844456000 1.188427000 0.053314000 0.160278000 -0.296227000 0.141304000 0.930910000
1520530378.501539946 0.830288000 1.140933000 0.027352000 0.151755000 -0.285744000 0.092498000 0.941682000
1520530378.551539898 0.807848000 1.097264000 0.003598000 0.141635000 -0.273318000 0.043225000 0.950457000
1520530378.601589918 0.781614000 1.057142000 -0.018730000 0.130824000 -0.258316000 -0.005651000 0.957145000
1520530378.651540041 0.750414000 1.021298000 -0.032667000 0.119633000 -0.241530000 -0.051991000 0.961586000
1520530378.702229977 0.724543000 0.986615000 -0.040129000 0.107159000 -0.221948000 -0.096670000 0.964319000
1520530378.752229929 0.703567000 0.954395000 -0.038786000 0.091962000 -0.195026000 -0.141210000 0.966213000
1520530378.802229881 0.681389000 0.926835000 -0.024767000 0.072746000 -0.161329000 -0.180775000 0.967472000
1520530378.852230072 0.667730000 0.898732000 -0.003037000 0.051381000 -0.126898000 -0.213644000 0.967271000
1520530378.902240038 0.654968000 0.872982000 0.023348000 0.030434000 -0.092420000 -0.243521000 0.965002000
1520530378.952239990 0.645062000 0.849691000 0.055031000 0.008947000 -0.061300000 -0.268853000 0.961187000
1520530379.002239943 0.642883000 0.825221000 0.087772000 -0.010977000 -0.027096000 -0.288360000 0.957076000
1520530379.052239895 0.647015000 0.799395000 0.119150000 -0.027960000 0.010629000 -0.298897000 0.953816000
1520530379.102169991 0.660651000 0.771924000 0.149716000 -0.038762000 0.052254000 -0.299317000 0.951933000
1520530379.152179956 0.642932000 0.754867000 0.174976000 -0.046200000 0.095862000 -0.292095000 0.950451000
1520530379.202179909 0.654605000 0.723449000 0.192499000 -0.052514000 0.136759000 -0.277712000 0.949429000
1520530379.252180099 0.670786000 0.687626000 0.204708000 -0.060015000 0.172473000 -0.258455000 0.948605000
1520530379.302180052 0.700092000 0.644891000 0.212430000 -0.068213000 0.200557000 -0.234377000 0.948784000
1520530379.352180004 0.733415000 0.602830000 0.219526000 -0.075359000 0.222784000 -0.208508000 0.949322000
1520530379.402179956 0.786760000 0.545636000 0.211238000 -0.078707000 0.237127000 -0.181151000 0.951189000
1520530379.452179909 0.822905000 0.493677000 0.205302000 -0.075001000 0.241958000 -0.150464000 0.955611000
1520530379.501869917 0.865087000 0.444808000 0.195164000 -0.066587000 0.236618000 -0.120242000 0.961832000
1520530379.551870108 0.906055000 0.395909000 0.180386000 -0.055766000 0.220790000 -0.089348000 0.969618000
1520530379.601870060 0.946941000 0.347309000 0.163041000 -0.043288000 0.196440000 -0.055950000 0.977961000
1520530379.651870012 0.988254000 0.299737000 0.143963000 -0.029826000 0.164523000 -0.026672000 0.985561000
1520530379.701869965 1.028412000 0.252706000 0.125679000 -0.016126000 0.127717000 -0.004027000 0.991671000
1520530379.751879930 1.065439000 0.205071000 0.107486000 -0.001783000 0.086189000 0.016067000 0.996148000
1520530379.801879883 1.100001000 0.159574000 0.088767000 0.013184000 0.043902000 0.034236000 0.998362000
1520530379.851880074 1.130770000 0.114825000 0.073922000 0.026078000 0.004506000 0.046227000 0.998580000
1520530379.901839972 1.155946000 0.067687000 0.066390000 0.032448000 -0.035379000 0.049396000 0.997625000
1520530379.951839924 1.173438000 0.022129000 0.066775000 0.031936000 -0.077637000 0.046631000 0.995378000
1520530380.001849890 1.185505000 -0.019934000 0.073015000 0.025307000 -0.120970000 0.039849000 0.991533000
1520530380.051850080 1.187360000 -0.063889000 0.085802000 0.013566000 -0.161780000 0.024743000 0.986423000
1520530380.101850033 1.177039000 -0.104939000 0.102596000 -0.001654000 -0.201541000 0.002194000 0.979476000
1520530380.151849985 1.158763000 -0.145628000 0.120473000 -0.017428000 -0.236584000 -0.025087000 0.971131000
1520530380.201910019 1.130763000 -0.180970000 0.135895000 -0.032265000 -0.263820000 -0.057264000 0.962330000
1520530380.251859903 1.098347000 -0.216612000 0.147284000 -0.046005000 -0.288595000 -0.090058000 0.952096000
1520530380.301759958 1.058264000 -0.248570000 0.153822000 -0.057798000 -0.310118000 -0.122687000 0.940975000
1520530380.352180004 1.009173000 -0.275299000 0.154290000 -0.068269000 -0.327301000 -0.155340000 0.929560000
1520530380.402179956 0.947520000 -0.288390000 0.148734000 -0.078387000 -0.341337000 -0.185561000 0.918102000
1520530380.452179909 0.894557000 -0.311080000 0.137261000 -0.088248000 -0.347976000 -0.217490000 0.907647000
1520530380.502180099 0.839395000 -0.330332000 0.125631000 -0.097439000 -0.344459000 -0.252408000 0.898968000
1520530380.552190065 0.778828000 -0.339081000 0.113076000 -0.105551000 -0.331973000 -0.293377000 0.890271000
1520530380.602190018 0.717359000 -0.342355000 0.099942000 -0.111793000 -0.315957000 -0.338255000 0.879350000
1520530380.652189970 0.661424000 -0.350806000 0.086999000 -0.114857000 -0.299931000 -0.383082000 0.866082000
1520530380.702189922 0.603147000 -0.339499000 0.071427000 -0.114376000 -0.286346000 -0.426119000 0.850498000
1520530380.752150059 0.547327000 -0.324069000 0.054162000 -0.110876000 -0.279970000 -0.471709000 0.828743000
1520530380.802150011 0.493374000 -0.306547000 0.037196000 -0.105379000 -0.277834000 -0.519895000 0.800883000
1520530380.852159977 0.444066000 -0.271908000 0.015132000 -0.098808000 -0.273706000 -0.570462000 0.768046000
1520530380.902159929 0.399447000 -0.232432000 -0.007933000 -0.092313000 -0.263992000 -0.623230000 0.730322000
1520530380.952159882 0.359802000 -0.188096000 -0.029471000 -0.088032000 -0.248153000 -0.673641000 0.690563000
1520530381.002160072 0.327134000 -0.137373000 -0.048175000 -0.086767000 -0.228038000 -0.719255000 0.650494000
1520530381.052160025 0.297667000 -0.089553000 -0.060407000 -0.087155000 -0.207138000 -0.760781000 0.608859000
1520530381.102159977 0.279143000 -0.037163000 -0.068851000 -0.086793000 -0.189434000 -0.798368000 0.564969000
1520530381.152070045 0.269484000 0.015114000 -0.073914000 -0.084732000 -0.176855000 -0.832233000 0.518585000
1520530381.202069998 0.263258000 0.064070000 -0.074375000 -0.080122000 -0.165523000 -0.863116000 0.470333000
1520530381.252069950 0.270896000 0.116459000 -0.073272000 -0.073743000 -0.152819000 -0.891681000 0.419659000
1520530381.302069902 0.279309000 0.164160000 -0.068570000 -0.068925000 -0.140469000 -0.915643000 0.370290000
1520530381.352070093 0.290518000 0.208856000 -0.061103000 -0.063793000 -0.128053000 -0.933581000 0.328571000
1520530381.402070045 0.300658000 0.251493000 -0.052593000 -0.054080000 -0.114507000 -0.947426000 0.293848000
1520530381.452080011 0.308694000 0.293678000 -0.044035000 -0.041942000 -0.099154000 -0.958607000 0.263594000
1520530381.502079964 0.311100000 0.334295000 -0.034681000 -0.030885000 -0.083910000 -0.966955000 0.238756000
1520530381.552279949 0.309721000 0.375685000 -0.024533000 -0.020182000 -0.070444000 -0.973018000 0.218781000
1520530381.602279902 0.309548000 0.418395000 -0.012776000 -0.007988000 -0.056418000 -0.977142000 0.204808000
1520530381.652280092 0.297805000 0.460867000 0.002022000 0.006478000 -0.040019000 -0.980074000 0.194452000
1520530381.702290058 0.283875000 0.504816000 0.019531000 0.025917000 -0.021592000 -0.981762000 0.187099000
1520530381.752290010 0.269199000 0.544840000 0.041848000 0.046996000 -0.003230000 -0.982500000 0.180209000
1520530381.802350044 0.253996000 0.589514000 0.063034000 0.071407000 0.014945000 -0.982267000 0.172710000
1520530381.852289915 0.238921000 0.632985000 0.081743000 0.100904000 0.035836000 -0.979448000 0.170928000
1520530381.902290106 0.218317000 0.673720000 0.097233000 0.128337000 0.056893000 -0.973546000 0.180280000
1520530381.952349901 0.197710000 0.715944000 0.108365000 0.151876000 0.071177000 -0.965591000 0.198750000
1520530382.002360106 0.167785000 0.753220000 0.113092000 0.172053000 0.076950000 -0.957129000 0.219957000
1520530382.052360058 0.126709000 0.785864000 0.112544000 0.186437000 0.077195000 -0.949080000 0.241926000
1520530382.102360010 0.086496000 0.815542000 0.106473000 0.195748000 0.075793000 -0.941230000 0.264623000
1520530382.152359962 0.050976000 0.848647000 0.097418000 0.197177000 0.072232000 -0.933974000 0.289128000
1520530382.202359915 0.012933000 0.878919000 0.086190000 0.194222000 0.067098000 -0.927661000 0.311802000
1520530382.252360106 -0.024646000 0.909813000 0.077151000 0.186870000 0.057561000 -0.922143000 0.333794000
1520530382.302360058 -0.061432000 0.938830000 0.067365000 0.175136000 0.042406000 -0.916141000 0.358071000
1520530382.352180004 -0.096392000 0.966242000 0.058402000 0.162933000 0.026879000 -0.909890000 0.380567000
1520530382.402179956 -0.129203000 0.994394000 0.051373000 0.149074000 0.013563000 -0.904308000 0.399776000
1520530382.452179909 -0.159269000 1.020446000 0.046165000 0.128995000 0.000985000 -0.899748000 0.416908000
1520530382.502190113 -0.185771000 1.048534000 0.042020000 0.102134000 -0.012840000 -0.895006000 0.434015000
1520530382.552190065 -0.210530000 1.076826000 0.038545000 0.073095000 -0.028277000 -0.889364000 0.450432000
1520530382.602190018 -0.231914000 1.103049000 0.033458000 0.044667000 -0.044076000 -0.883494000 0.464221000
1520530382.652189970 -0.251810000 1.135464000 0.029739000 0.012318000 -0.062522000 -0.875691000 0.478648000
1520530382.702189922 -0.268920000 1.169153000 0.026716000 -0.024178000 -0.082391000 -0.865613000 0.493296000
1520530382.752190113 -0.283464000 1.205952000 0.024176000 -0.056412000 -0.098465000 -0.856018000 0.504337000
1520530382.802259922 -0.294669000 1.248661000 0.022508000 -0.082500000 -0.108790000 -0.849636000 0.509389000
1520530382.852269888 -0.301945000 1.294585000 0.021010000 -0.102972000 -0.115546000 -0.846829000 0.508849000
1520530382.902270079 -0.305204000 1.344071000 0.020286000 -0.120320000 -0.122226000 -0.845797000 0.505184000
1520530382.952270031 -0.306025000 1.397963000 0.019782000 -0.135554000 -0.133005000 -0.844975000 0.499952000
1520530383.002269983 -0.304219000 1.452036000 0.018789000 -0.142839000 -0.148231000 -0.846481000 0.491014000
1520530383.052269936 -0.300663000 1.505140000 0.015978000 -0.143786000 -0.163761000 -0.847553000 0.483903000
1520530383.102269888 -0.296880000 1.559602000 0.011535000 -0.137953000 -0.171853000 -0.850725000 0.477182000
1520530383.152280092 -0.291724000 1.614580000 0.007235000 -0.132306000 -0.172681000 -0.857434000 0.466351000
1520530383.202229977 -0.286560000 1.669660000 0.002410000 -0.128962000 -0.170890000 -0.865992000 0.451910000
1520530383.252229929 -0.282539000 1.725950000 -0.003798000 -0.118791000 -0.168508000 -0.875827000 0.436373000
1520530383.302229881 -0.279006000 1.782159000 -0.011538000 -0.101670000 -0.165874000 -0.886203000 0.420467000
1520530383.352240086 -0.276995000 1.839302000 -0.019426000 -0.078009000 -0.161931000 -0.896419000 0.405124000
1520530383.402290106 -0.276869000 1.895144000 -0.025703000 -0.053278000 -0.154683000 -0.905451000 0.391655000
1520530383.452239990 -0.279470000 1.948772000 -0.027237000 -0.032541000 -0.145354000 -0.911871000 0.382498000
1520530383.502239943 -0.285655000 2.000364000 -0.024542000 -0.012505000 -0.133474000 -0.916518000 0.376860000
1520530383.552249908 -0.296198000 2.050237000 -0.018395000 0.007368000 -0.120179000 -0.920158000 0.372575000
1520530383.602499962 -0.309914000 2.098207000 -0.008434000 0.026795000 -0.107214000 -0.922357000 0.370195000
1520530383.652499914 -0.325547000 2.143980000 0.003713000 0.045120000 -0.093374000 -0.924087000 0.367844000
1520530383.702510118 -0.344868000 2.184886000 0.016505000 0.059434000 -0.080006000 -0.924311000 0.368396000
1520530383.752510071 -0.368063000 2.220347000 0.029337000 0.069941000 -0.067568000 -0.922206000 0.374272000
1520530383.802510023 -0.396456000 2.250491000 0.040324000 0.077713000 -0.054624000 -0.917143000 0.387073000
1520530383.852509975 -0.430664000 2.276080000 0.048672000 0.082002000 -0.040132000 -0.909064000 0.406531000
1520530383.902519941 -0.468310000 2.296602000 0.054763000 0.083895000 -0.023753000 -0.899498000 0.428136000
1520530383.952519894 -0.502674000 2.304725000 0.059656000 0.082562000 -0.007247000 -0.889251000 0.449848000
1520530384.002569914 -0.546325000 2.322577000 0.060781000 0.080157000 0.007653000 -0.875312000 0.476807000
1520530384.052570105 -0.591509000 2.332367000 0.059639000 0.076487000 0.019446000 -0.857811000 0.507870000
1520530384.102580070 -0.637154000 2.340956000 0.056893000 0.073018000 0.031270000 -0.838753000 0.538687000
1520530384.152580023 -0.682787000 2.345397000 0.053084000 0.065891000 0.041148000 -0.816903000 0.571520000
1520530384.202579975 -0.726171000 2.338883000 0.048178000 0.056410000 0.045638000 -0.791155000 0.607296000
1520530384.252579927 -0.769881000 2.328595000 0.041392000 0.048103000 0.043669000 -0.761568000 0.644821000
1520530384.302580118 -0.811724000 2.312761000 0.033867000 0.035742000 0.028413000 -0.728257000 0.683781000
1520530384.352580070 -0.850248000 2.290941000 0.025217000 0.021829000 0.000486000 -0.692324000 0.721257000
1520530384.402470112 -0.882855000 2.262256000 0.016570000 0.009321000 -0.033702000 -0.656330000 0.753663000
1520530384.452480078 -0.916691000 2.232477000 0.006134000 -0.003216000 -0.070147000 -0.618936000 0.782296000
1520530384.502480030 -0.949303000 2.198687000 -0.004993000 -0.015389000 -0.103233000 -0.583837000 0.805134000
1520530384.552479982 -0.980901000 2.160880000 -0.015259000 -0.023016000 -0.127804000 -0.553763000 0.822486000
1520530384.602479935 -1.011082000 2.120352000 -0.024477000 -0.025567000 -0.146819000 -0.525473000 0.837657000
1520530384.652479887 -1.041246000 2.079378000 -0.030492000 -0.024237000 -0.163153000 -0.498789000 0.850884000
1520530384.702490091 -1.069524000 2.037297000 -0.033257000 -0.019200000 -0.174961000 -0.473700000 0.862918000
1520530384.752490044 -1.096100000 1.995654000 -0.033587000 -0.009463000 -0.175817000 -0.451742000 0.874601000
1520530384.802900076 -1.122970000 1.955612000 -0.030450000 0.005734000 -0.159177000 -0.435763000 0.885856000
1520530384.852900028 -1.149617000 1.917368000 -0.025495000 0.025491000 -0.122812000 -0.423958000 0.896954000
1520530384.902899981 -1.175957000 1.878104000 -0.018339000 0.047119000 -0.075824000 -0.410756000 0.907364000
1520530384.952909946 -1.202303000 1.837751000 -0.010192000 0.066592000 -0.026415000 -0.395515000 0.915661000
1520530385.002959967 -1.226996000 1.793611000 -0.001960000 0.079608000 0.021425000 -0.378399000 0.921964000
1520530385.052910089 -1.250815000 1.746392000 0.007529000 0.087521000 0.066304000 -0.360547000 0.926256000
1520530385.102910042 -1.272513000 1.695380000 0.016931000 0.092835000 0.110782000 -0.342890000 0.928189000
1520530385.152909994 -1.292272000 1.640945000 0.027244000 0.095073000 0.150943000 -0.324627000 0.928868000
1520530385.202909946 -1.307776000 1.582187000 0.035401000 0.094421000 0.183152000 -0.302731000 0.930534000
1520530385.252749920 -1.316964000 1.520632000 0.042393000 0.091617000 0.208446000 -0.275222000 0.934029000
1520530385.302750111 -1.319580000 1.455385000 0.046197000 0.085611000 0.223251000 -0.241415000 0.940504000
1520530385.352750063 -1.314986000 1.387743000 0.046924000 0.078965000 0.231438000 -0.206697000 0.947353000
1520530385.402760029 -1.302175000 1.320312000 0.043416000 0.070630000 0.231847000 -0.169343000 0.955291000
1520530385.452759981 -1.280270000 1.256224000 0.034621000 0.062341000 0.226119000 -0.128231000 0.963608000
1520530385.502759933 -1.251906000 1.196572000 0.020345000 0.057211000 0.214735000 -0.084999000 0.971283000
1520530385.552759886 -1.219228000 1.141022000 0.001960000 0.057159000 0.200876000 -0.042265000 0.977034000
1520530385.602760077 -1.181099000 1.089940000 -0.021624000 0.060578000 0.188029000 -0.003016000 0.980289000
1520530385.652529955 -1.139645000 1.043388000 -0.048411000 0.067378000 0.176077000 0.033681000 0.981490000
1520530385.702529907 -1.096028000 1.000289000 -0.077213000 0.079927000 0.161076000 0.067641000 0.981372000
1520530385.752530098 -1.050437000 0.960890000 -0.104904000 0.098307000 0.143513000 0.098350000 0.979830000
1520530385.802540064 -1.004436000 0.924220000 -0.126543000 0.119156000 0.128816000 0.129288000 0.975957000
1520530385.852540016 -0.955867000 0.890357000 -0.141334000 0.136346000 0.113689000 0.163347000 0.970465000
1520530385.902539968 -0.908020000 0.856715000 -0.146677000 0.148120000 0.094791000 0.196714000 0.964561000
1520530385.952539921 -0.859979000 0.825306000 -0.142095000 0.156740000 0.075920000 0.225792000 0.958482000
1520530386.002540112 -0.819846000 0.791596000 -0.126231000 0.161561000 0.060302000 0.250650000 0.952594000
1520530386.052589893 -0.781771000 0.760623000 -0.104327000 0.160541000 0.041734000 0.276973000 0.946452000
1520530386.102590084 -0.747723000 0.727793000 -0.076301000 0.153813000 0.024484000 0.302631000 0.940296000
1520530386.152590036 -0.717597000 0.691088000 -0.044717000 0.142821000 0.012213000 0.325648000 0.934562000
1520530386.202589989 -0.692616000 0.648618000 -0.011929000 0.130000000 -0.002323000 0.342152000 0.930606000
1520530386.252599955 -0.671611000 0.603514000 0.019599000 0.119029000 -0.023377000 0.354547000 0.927136000
1520530386.302599907 -0.656636000 0.553526000 0.047683000 0.111569000 -0.045575000 0.364340000 0.923435000
1520530386.352600098 -0.647942000 0.500100000 0.069944000 0.106559000 -0.060053000 0.368224000 0.921656000
1520530386.402600050 -0.644656000 0.443824000 0.084554000 0.100871000 -0.063714000 0.364734000 0.923436000
1520530386.452810049 -0.647437000 0.385289000 0.091287000 0.092398000 -0.056470000 0.355146000 0.928518000
1520530386.502810001 -0.655514000 0.326390000 0.090557000 0.085579000 -0.047642000 0.343966000 0.933860000
1520530386.552809954 -0.666873000 0.268224000 0.084343000 0.083720000 -0.034533000 0.331245000 0.939188000
1520530386.602859974 -0.682823000 0.211339000 0.074637000 0.086340000 -0.011933000 0.317840000 0.944130000
1520530386.652810097 -0.701885000 0.155893000 0.063108000 0.092763000 0.010175000 0.303853000 0.948137000
1520530386.702810049 -0.722824000 0.102640000 0.051349000 0.099786000 0.027536000 0.286154000 0.952576000
1520530386.752810001 -0.744361000 0.047460000 0.040931000 0.105874000 0.042851000 0.265183000 0.957409000
1520530386.802819967 -0.766539000 -0.008280000 0.035447000 0.110401000 0.058143000 0.243495000 0.961843000
1520530386.852720022 -0.786765000 -0.064492000 0.034581000 0.110959000 0.071902000 0.222528000 0.965919000
1520530386.902719975 -0.807411000 -0.118492000 0.039666000 0.105634000 0.082538000 0.203582000 0.969837000
1520530386.952719927 -0.818822000 -0.176792000 0.051594000 0.094386000 0.092157000 0.187995000 0.973271000
1520530387.002720118 -0.824896000 -0.229985000 0.071984000 0.078850000 0.102821000 0.177575000 0.975540000
1520530387.052730083 -0.822307000 -0.281033000 0.100441000 0.057585000 0.113639000 0.172465000 0.976743000
1520530387.102730036 -0.812260000 -0.328308000 0.135389000 0.031660000 0.122638000 0.170604000 0.977165000
1520530387.152729988 -0.794898000 -0.372806000 0.174481000 0.006162000 0.129027000 0.169916000 0.976956000
1520530387.202729940 -0.774161000 -0.413329000 0.214215000 -0.015816000 0.136829000 0.167219000 0.976251000
1520530387.252650023 -0.748475000 -0.448340000 0.251304000 -0.036567000 0.143210000 0.169248000 0.974427000
1520530387.302649975 -0.716935000 -0.480245000 0.282119000 -0.056841000 0.149723000 0.177734000 0.970960000
1520530387.352649927 -0.679438000 -0.510216000 0.304293000 -0.072010000 0.154851000 0.193919000 0.966039000
1520530387.402650118 -0.636132000 -0.540281000 0.316704000 -0.080419000 0.161797000 0.213475000 0.960095000
1520530387.452650070 -0.587381000 -0.568438000 0.319482000 -0.084142000 0.168523000 0.236355000 0.953235000
1520530387.502650023 -0.533356000 -0.593683000 0.310423000 -0.084063000 0.167631000 0.263514000 0.946252000
1520530387.552659988 -0.476194000 -0.615604000 0.290189000 -0.079620000 0.161876000 0.292385000 0.939131000
1520530387.602659941 -0.417326000 -0.635615000 0.260238000 -0.068908000 0.156221000 0.325603000 0.929962000
1520530387.652659893 -0.357986000 -0.651513000 0.222364000 -0.053169000 0.158350000 0.361494000 0.917290000
1520530387.702500105 -0.299146000 -0.661350000 0.180127000 -0.034982000 0.165516000 0.400663000 0.900472000
1520530387.752500057 -0.240616000 -0.661794000 0.135058000 -0.016111000 0.171792000 0.442267000 0.880129000
1520530387.802500010 -0.183674000 -0.654066000 0.089991000 0.002155000 0.176535000 0.483767000 0.857205000
1520530387.852509975 -0.130866000 -0.637520000 0.046810000 0.021853000 0.181570000 0.525422000 0.830955000
1520530387.902509928 -0.082057000 -0.613090000 0.006937000 0.042672000 0.188332000 0.564943000 0.802215000
1520530387.952510118 -0.036386000 -0.580566000 -0.028358000 0.065008000 0.193938000 0.603218000 0.770902000
1520530388.002510071 0.006644000 -0.542500000 -0.057114000 0.083872000 0.200605000 0.641328000 0.735813000
1520530388.052510023 0.045742000 -0.495981000 -0.078530000 0.094126000 0.207957000 0.678423000 0.698310000
1520530388.102540016 0.082239000 -0.445663000 -0.090146000 0.095035000 0.211847000 0.712609000 0.662025000
1520530388.152539968 0.116632000 -0.393664000 -0.092048000 0.092856000 0.208303000 0.742775000 0.629502000
1520530388.202589989 0.150214000 -0.342406000 -0.083676000 0.091655000 0.197903000 0.772063000 0.596953000
1520530388.252540112 0.183378000 -0.294216000 -0.066226000 0.088816000 0.183427000 0.799927000 0.564432000
1520530388.302540064 0.216340000 -0.252167000 -0.039913000 0.086585000 0.163190000 0.824675000 0.534586000
1520530388.352540016 0.249167000 -0.219579000 -0.006498000 0.085400000 0.140354000 0.844784000 0.509262000
1520530388.402539968 0.283622000 -0.196522000 0.033630000 0.082835000 0.118640000 0.859245000 0.490673000
1520530388.452539921 0.318597000 -0.182914000 0.077685000 0.078125000 0.097087000 0.870118000 0.476828000
1520530388.502890110 0.354490000 -0.174770000 0.119004000 0.071354000 0.072854000 0.877780000 0.468085000
1520530388.552890062 0.394448000 -0.175022000 0.154808000 0.064086000 0.050681000 0.881545000 0.464976000
1520530388.602890015 0.438404000 -0.179817000 0.180727000 0.058023000 0.036653000 0.881374000 0.467407000
1520530388.652889967 0.479899000 -0.183701000 0.193738000 0.058997000 0.027782000 0.879123000 0.472112000
1520530388.702889919 0.530960000 -0.195787000 0.197365000 0.063442000 0.025017000 0.875356000 0.478645000
1520530388.752899885 0.580744000 -0.207473000 0.188178000 0.066077000 0.028488000 0.870497000 0.486884000
1520530388.802900076 0.631592000 -0.222320000 0.171884000 0.063394000 0.038255000 0.865591000 0.495248000
1520530388.852900028 0.680439000 -0.240095000 0.150591000 0.056525000 0.051485000 0.860635000 0.503450000
1520530388.902270079 0.729704000 -0.256156000 0.127783000 0.048005000 0.067156000 0.854775000 0.512392000
1520530388.952270031 0.778107000 -0.271279000 0.103438000 0.043253000 0.082704000 0.849397000 0.519436000
1520530389.002269983 0.824814000 -0.283915000 0.081400000 0.039260000 0.098601000 0.845774000 0.522880000
1520530389.052279949 0.869574000 -0.296125000 0.064442000 0.031524000 0.116495000 0.842011000 0.525788000
1520530389.102279902 0.910506000 -0.306151000 0.051632000 0.023923000 0.132538000 0.836785000 0.530709000
1520530389.152280092 0.948694000 -0.312057000 0.043940000 0.018482000 0.147468000 0.829750000 0.537983000
1520530389.202280045 0.985834000 -0.312282000 0.042133000 0.018504000 0.159929000 0.822100000 0.546106000
1520530389.252279997 1.022158000 -0.305332000 0.047792000 0.019863000 0.167003000 0.816915000 0.551693000
1520530389.302969933 1.057973000 -0.290538000 0.060656000 0.012052000 0.167452000 0.814883000 0.554779000
1520530389.352969885 1.090671000 -0.267496000 0.079851000 -0.005310000 0.157544000 0.815300000 0.557169000
1520530389.402970076 1.120735000 -0.235674000 0.105126000 -0.024920000 0.137203000 0.818498000 0.557329000
1520530389.452970028 1.145663000 -0.195118000 0.134605000 -0.041607000 0.111284000 0.824836000 0.552747000
1520530389.502969980 1.164178000 -0.146416000 0.166865000 -0.055447000 0.085926000 0.835155000 0.540425000
1520530389.552969933 1.178844000 -0.089730000 0.198513000 -0.067209000 0.063634000 0.850184000 0.518287000
1520530389.602979898 1.185348000 -0.026824000 0.224588000 -0.074042000 0.046066000 0.866269000 0.491909000
1520530389.652980089 1.190041000 0.037769000 0.241736000 -0.076166000 0.036908000 0.881355000 0.464811000
1520530389.702879906 1.187790000 0.104356000 0.249378000 -0.078927000 0.033973000 0.896670000 0.434281000
1520530389.753429890 1.179259000 0.172097000 0.245760000 -0.084725000 0.033901000 0.912485000 0.398802000
1520530389.803469896 1.166272000 0.241937000 0.232011000 -0.092590000 0.037445000 0.928456000 0.357764000
1520530389.853430033 1.149896000 0.313592000 0.208420000 -0.096702000 0.044705000 0.943522000 0.313714000
1520530389.903439999 1.126572000 0.385925000 0.174476000 -0.090767000 0.055882000 0.958176000 0.265590000
1520530389.953439951 1.101189000 0.455036000 0.132578000 -0.079197000 0.073029000 0.969360000 0.220764000
1520530390.003439903 1.070570000 0.522730000 0.083187000 -0.066562000 0.097372000 0.976083000 0.182622000
1520530390.053440094 1.038422000 0.585492000 0.031912000 -0.054810000 0.128576000 0.978978000 0.148550000
1520530390.103440046 1.003044000 0.642617000 -0.021022000 -0.043370000 0.168652000 0.978125000 0.113782000
1520530390.152600050 0.963155000 0.690806000 -0.072852000 -0.031149000 0.214645000 0.973227000 0.076070000
1520530390.202600002 0.920588000 0.733783000 -0.118539000 -0.020023000 0.261646000 0.964384000 0.033235000
1520530390.252599955 0.875290000 0.771301000 -0.156518000 0.013437000 -0.303745000 -0.952601000 0.010456000
1520530390.302599907 0.827422000 0.804702000 -0.185192000 0.013595000 -0.340164000 -0.938586000 0.056205000
1520530390.352600098 0.779863000 0.835078000 -0.202426000 0.021755000 -0.370117000 -0.923491000 0.098513000
1520530390.402610064 0.734016000 0.864145000 -0.209742000 0.032864000 -0.394421000 -0.908150000 0.136440000
1520530390.452610016 0.685367000 0.897380000 -0.204162000 0.046663000 -0.409414000 -0.894941000 0.171126000
1520530390.502609968 0.638932000 0.933136000 -0.189221000 0.061901000 -0.412404000 -0.885680000 0.204113000
1520530390.553359985 0.592244000 0.973182000 -0.166118000 0.073043000 -0.401088000 -0.882425000 0.234776000
1520530390.603359938 0.545773000 1.016418000 -0.135779000 0.077506000 -0.375144000 -0.885881000 0.261676000
1520530390.653359890 0.503441000 1.061806000 -0.098925000 0.077780000 -0.337815000 -0.894131000 0.283482000
1520530390.703370094 0.464081000 1.107782000 -0.055751000 0.074249000 -0.294017000 -0.903911000 0.301639000
1520530390.753370047 0.429366000 1.153213000 -0.007549000 0.066145000 -0.246074000 -0.913843000 0.316170000
1520530390.803369999 0.400588000 1.196889000 0.044422000 0.052534000 -0.194173000 -0.923638000 0.326237000
1520530390.853369951 0.375942000 1.236280000 0.098384000 0.036133000 -0.139546000 -0.932152000 0.332135000
1520530390.903369904 0.360223000 1.273870000 0.151035000 0.020011000 -0.083390000 -0.938765000 0.333715000
1520530390.953419924 0.350905000 1.308013000 0.200585000 0.000893000 -0.026216000 -0.942712000 0.332573000
1520530391.003420115 0.346661000 1.340398000 0.244624000 -0.020549000 0.028857000 -0.943884000 0.328371000
1520530391.053420067 0.342915000 1.371795000 0.280897000 -0.044075000 0.078036000 -0.941950000 0.323570000
1520530391.103420019 0.340704000 1.404517000 0.309610000 -0.066300000 0.120997000 -0.937668000 0.318973000
1520530391.153419971 0.339189000 1.439148000 0.331697000 -0.085912000 0.158152000 -0.931558000 0.315922000
1520530391.203429937 0.335298000 1.478920000 0.344940000 -0.101901000 0.189517000 -0.924987000 0.313208000
1520530391.253429890 0.328374000 1.522032000 0.350254000 -0.111663000 0.210361000 -0.920029000 0.311170000
1520530391.303430080 0.319864000 1.571532000 0.345912000 -0.110414000 0.210685000 -0.920470000 0.310091000
1520530391.352370024 0.307291000 1.621000000 0.333149000 -0.099235000 0.186407000 -0.927265000 0.309166000
1520530391.402410030 0.291933000 1.679034000 0.309957000 -0.080390000 0.142657000 -0.938217000 0.304854000
1520530391.452379942 0.274764000 1.736441000 0.280406000 -0.059955000 0.089908000 -0.947520000 0.300877000
1520530391.502379894 0.256777000 1.791655000 0.245270000 -0.035222000 0.034750000 -0.953539000 0.297179000
1520530391.552380085 0.240587000 1.841735000 0.208027000 -0.011546000 -0.018853000 -0.955427000 0.294399000
1520530391.602380037 0.223679000 1.888193000 0.170271000 0.003245000 -0.066346000 -0.953806000 0.292986000
1520530391.652379990 0.208779000 1.931104000 0.133611000 0.011957000 -0.107230000 -0.950642000 0.290927000
1520530391.702379942 0.194705000 1.974381000 0.100969000 0.021341000 -0.142285000 -0.946296000 0.289523000
1520530391.752460003 0.181074000 2.017568000 0.074228000 0.029435000 -0.171116000 -0.942110000 0.286847000
1520530391.802469969 0.166731000 2.059685000 0.055250000 0.035588000 -0.188381000 -0.940286000 0.281261000
1520530391.852469921 0.153914000 2.104719000 0.046011000 0.037410000 -0.193139000 -0.941857000 0.272401000
1520530391.902470112 0.138982000 2.150836000 0.047398000 0.037148000 -0.184330000 -0.945725000 0.265040000
1520530391.952470064 0.122238000 2.195807000 0.059158000 0.032004000 -0.160397000 -0.951322000 0.261218000
1520530392.002470016 0.103929000 2.243345000 0.080341000 0.022751000 -0.124294000 -0.958415000 0.255880000
1520530392.052479982 0.087363000 2.288509000 0.108735000 0.009451000 -0.082145000 -0.966256000 0.243950000
1520530392.102479935 0.074504000 2.332352000 0.141612000 -0.002953000 -0.037702000 -0.973411000 0.225924000
1520530392.152479887 0.066617000 2.369504000 0.176890000 -0.010911000 0.010193000 -0.978770000 0.204415000
1520530392.203190088 0.061174000 2.403877000 0.210730000 -0.018450000 0.062680000 -0.980573000 0.184951000
1520530392.253190041 0.057504000 2.434116000 0.243273000 -0.025168000 0.117613000 -0.977984000 0.170534000
1520530392.303189993 0.054106000 2.462712000 0.275854000 -0.029319000 0.172565000 -0.971529000 0.159666000
1520530392.353189945 0.052532000 2.489324000 0.306876000 -0.032435000 0.225130000 -0.962368000 0.148699000
1520530392.403199911 0.052469000 2.513527000 0.334652000 -0.037740000 0.273617000 -0.951234000 0.137345000
1520530392.453200102 0.053231000 2.538221000 0.357630000 -0.043654000 0.317833000 -0.938809000 0.125356000
1520530392.503200054 0.055205000 2.562900000 0.377322000 -0.044099000 0.354726000 -0.927450000 0.109823000
1520530392.553200006 0.057351000 2.589872000 0.393760000 -0.042225000 0.380849000 -0.918852000 0.094245000
1520530392.602279902 0.056598000 2.619233000 0.404336000 -0.039754000 0.394751000 -0.914361000 0.080842000
1520530392.652280092 0.054954000 2.649762000 0.410457000 -0.035935000 0.394202000 -0.915903000 0.066599000
1520530392.702280045 0.049458000 2.686626000 0.407904000 -0.031364000 0.376774000 -0.924037000 0.056681000
1520530392.752290010 0.042208000 2.723370000 0.396121000 -0.025260000 0.340515000 -0.938544000 0.050472000
1520530392.802289963 0.035198000 2.760623000 0.376779000 -0.019175000 0.285989000 -0.957241000 0.039152000
1520530392.852279902 0.029388000 2.797659000 0.353407000 -0.017103000 0.217607000 -0.975609000 0.023266000
1520530392.902290106 0.024845000 2.828578000 0.321086000 -0.017890000 0.141895000 -0.989689000 0.007798000
1520530392.952290058 0.020041000 2.851991000 0.286046000 0.022381000 -0.071325000 0.997172000 0.007690000
1520530393.002219915 0.016134000 2.867070000 0.250398000 0.028707000 -0.020485000 0.998973000 0.028448000
1520530393.052200079 0.011969000 2.874403000 0.214031000 0.033393000 0.011544000 0.997966000 0.053056000
1520530393.102200031 0.005281000 2.874188000 0.177244000 0.031612000 0.039346000 0.995588000 0.079108000
1520530393.152199984 -0.004913000 2.866003000 0.139576000 0.029596000 0.072402000 0.991720000 0.101855000
1520530393.202199936 -0.017410000 2.853326000 0.103264000 0.028754000 0.109905000 0.986102000 0.121227000
1520530393.252199888 -0.033695000 2.837202000 0.071007000 0.031538000 0.146672000 0.979771000 0.132445000
1520530393.302210093 -0.052249000 2.814222000 0.046616000 0.033695000 0.176585000 0.974151000 0.136790000
1520530393.352210045 -0.076955000 2.792336000 0.033237000 0.030173000 0.198004000 0.970020000 0.137641000
1520530393.402970076 -0.110346000 2.777790000 0.035225000 0.024039000 0.206132000 0.968630000 0.136702000
1520530393.452970028 -0.140321000 2.754764000 0.047509000 0.019624000 0.192112000 0.971769000 0.135547000
1520530393.502969980 -0.171325000 2.731196000 0.070686000 0.015675000 0.153266000 0.979017000 0.133378000
1520530393.552969933 -0.202960000 2.700947000 0.101602000 0.015966000 0.091686000 0.987352000 0.128352000
1520530393.602969885 -0.232030000 2.663648000 0.136236000 0.019140000 0.014081000 0.992387000 0.120846000
1520530393.652970076 -0.254729000 2.620879000 0.173035000 0.021076000 -0.070604000 0.991086000 0.110994000
1520530393.702980042 -0.275807000 2.568529000 0.207328000 0.018770000 -0.150944000 0.983162000 0.101271000
1520530393.752979994 -0.298137000 2.513546000 0.233361000 0.015192000 -0.216384000 0.971393000 0.096659000
1520530393.802999973 -0.319741000 2.453922000 0.253997000 0.013935000 -0.263776000 0.959498000 0.097934000
1520530393.852999926 -0.338766000 2.396818000 0.270934000 0.016777000 -0.293574000 0.950504000 0.100375000
1520530393.903009892 -0.356678000 2.341954000 0.280971000 0.019812000 -0.306687000 0.946273000 0.100588000
1520530393.953010082 -0.374838000 2.292637000 0.282474000 0.021991000 -0.308293000 0.945854000 0.099160000
1520530394.003010035 -0.391724000 2.246087000 0.281561000 0.024466000 -0.305666000 0.946947000 0.096230000
1520530394.053020000 -0.409752000 2.206246000 0.272263000 0.025196000 -0.293330000 0.950947000 0.094985000
1520530394.103019953 -0.427669000 2.169422000 0.256132000 0.023720000 -0.262109000 0.960097000 0.094601000
1520530394.153019905 -0.446858000 2.134277000 0.233037000 0.023375000 -0.212063000 0.972541000 0.092983000
1520530394.202219963 -0.466647000 2.099943000 0.205260000 0.024682000 -0.152697000 0.983755000 0.091112000
1520530394.252219915 -0.486655000 2.061563000 0.175794000 0.026289000 -0.091505000 0.991497000 0.088705000
1520530394.302220106 -0.505868000 2.022407000 0.145400000 0.032212000 -0.033093000 0.995438000 0.083493000
1520530394.352220058 -0.527145000 1.980511000 0.115417000 0.036635000 0.024774000 0.996172000 0.075397000
1520530394.402220011 -0.548308000 1.935368000 0.085832000 0.040008000 0.083525000 0.993583000 0.064921000
1520530394.452219963 -0.568631000 1.885917000 0.057331000 0.043061000 0.141900000 0.987551000 0.052463000
1520530394.502229929 -0.588619000 1.833062000 0.030547000 0.045991000 0.194330000 0.979257000 0.034296000
1520530394.552229881 -0.611543000 1.778607000 0.009185000 0.046141000 0.235515000 0.970729000 0.009403000
1520530394.602240086 -0.633516000 1.723319000 -0.009295000 -0.044842000 -0.264680000 -0.963074000 0.020548000
1520530394.652930021 -0.654085000 1.662736000 -0.023661000 -0.038232000 -0.284791000 -0.956588000 0.048708000
1520530394.702929974 -0.674639000 1.601868000 -0.032183000 -0.034471000 -0.292143000 -0.952694000 0.076413000
1520530394.752929926 -0.693702000 1.547090000 -0.030583000 -0.028999000 -0.281626000 -0.953203000 0.106070000
1520530394.802939892 -0.713042000 1.485897000 -0.021418000 -0.024786000 -0.250484000 -0.957753000 0.139115000
1520530394.852930069 -0.729419000 1.425925000 -0.004623000 -0.023470000 -0.205592000 -0.962924000 0.173087000
1520530394.902940035 -0.747370000 1.363258000 0.019370000 -0.023605000 -0.159935000 -0.965183000 0.205634000
1520530394.952939987 -0.764693000 1.297977000 0.047879000 -0.030385000 -0.116535000 -0.964387000 0.235486000
1520530395.002939939 -0.780583000 1.235784000 0.080932000 -0.045311000 -0.069443000 -0.961646000 0.261460000
1520530395.053780079 -0.796127000 1.172799000 0.113776000 -0.062403000 -0.020413000 -0.956713000 0.283532000
1520530395.103780031 -0.808597000 1.109422000 0.141388000 -0.073374000 0.019453000 -0.949616000 0.304086000
1520530395.153779984 -0.820203000 1.045932000 0.159629000 -0.077059000 0.042538000 -0.940176000 0.329122000
1520530395.203789949 -0.831625000 0.980578000 0.166885000 -0.072952000 0.048199000 -0.929488000 0.358338000
1520530395.253789902 -0.845856000 0.910547000 0.161819000 -0.062940000 0.044387000 -0.918996000 0.386671000
1520530395.303790092 -0.856916000 0.847366000 0.150938000 -0.054141000 0.035248000 -0.908154000 0.413622000
1520530395.353800058 -0.865474000 0.786863000 0.134504000 -0.044113000 0.021679000 -0.897076000 0.439135000
1520530395.403800011 -0.870944000 0.726454000 0.113949000 -0.035562000 0.001286000 -0.883930000 0.466263000
1520530395.452759981 -0.872179000 0.664953000 0.090267000 -0.031119000 -0.024026000 -0.869402000 0.492538000
1520530395.502759933 -0.868722000 0.602792000 0.064305000 -0.026814000 -0.050252000 -0.856772000 0.512541000
1520530395.552769899 -0.859661000 0.542547000 0.038881000 -0.022222000 -0.077938000 -0.845552000 0.527706000
1520530395.602770090 -0.845684000 0.487374000 0.012561000 -0.013898000 -0.103541000 -0.836947000 0.537220000
1520530395.652770042 -0.823702000 0.435935000 -0.013130000 -0.005938000 -0.127760000 -0.830245000 0.542527000
1520530395.702769995 -0.794389000 0.391604000 -0.037558000 -0.001835000 -0.147325000 -0.827007000 0.542541000
1520530395.752769947 -0.758553000 0.357448000 -0.061038000 -0.001684000 -0.160161000 -0.828103000 0.537206000
1520530395.802769899 -0.715809000 0.331073000 -0.082546000 -0.003573000 -0.165515000 -0.834204000 0.526019000
1520530395.853140116 -0.665603000 0.314018000 -0.102416000 -0.005772000 -0.166280000 -0.843752000 0.510294000
1520530395.903140068 -0.610999000 0.300532000 -0.122251000 -0.001497000 -0.163812000 -0.856481000 0.489494000
1520530395.953140020 -0.551344000 0.292187000 -0.139384000 0.005962000 -0.161524000 -0.871094000 0.463755000
1520530396.003139973 -0.488523000 0.283964000 -0.153807000 0.011651000 -0.162992000 -0.885819000 0.434307000
1520530396.053139925 -0.422063000 0.276397000 -0.165186000 0.012811000 -0.170565000 -0.899420000 0.402228000
1520530396.103140116 -0.353880000 0.269799000 -0.174492000 0.011049000 -0.178308000 -0.912246000 0.368636000
1520530396.153140068 -0.283994000 0.260743000 -0.183840000 0.009878000 -0.177963000 -0.926468000 0.331494000
1520530396.203150034 -0.212459000 0.249307000 -0.193203000 0.010256000 -0.169016000 -0.941318000 0.291974000
1520530396.253289938 -0.141206000 0.235779000 -0.200920000 0.009403000 -0.154512000 -0.954874000 0.253482000
1520530396.303289890 -0.066680000 0.220180000 -0.206819000 0.011609000 -0.138690000 -0.966709000 0.214718000
1520530396.353290081 0.010115000 0.200150000 -0.211006000 0.013913000 -0.127680000 -0.976178000 0.174875000
1520530396.403300047 0.087117000 0.176871000 -0.211627000 0.013145000 -0.124928000 -0.983002000 0.133891000
1520530396.453299999 0.164674000 0.151456000 -0.208573000 0.010497000 -0.127182000 -0.987583000 0.091616000
1520530396.503299952 0.241383000 0.125832000 -0.203070000 0.006862000 -0.130522000 -0.990260000 0.047989000
1520530396.553299904 0.315573000 0.100460000 -0.195013000 0.002777000 -0.133922000 -0.990986000 0.001837000
1520530396.603300095 0.387999000 0.074961000 -0.183807000 -0.000247000 0.136506000 0.989650000 0.044261000
1520530396.653310061 0.456089000 0.050487000 -0.169383000 0.001644000 0.137100000 0.986770000 0.086521000
1520530396.703200102 0.521681000 0.027946000 -0.151398000 0.001131000 0.133620000 0.983334000 0.123281000
1520530396.753200054 0.583322000 0.009454000 -0.128617000 -0.001890000 0.125913000 0.979899000 0.154728000
1520530396.803210020 0.640838000 -0.003738000 -0.100873000 -0.005765000 0.115188000 0.976656000 0.181224000
1520530396.853209972 0.691047000 -0.013078000 -0.067889000 -0.011058000 0.102768000 0.973563000 0.203695000
1520530396.903209925 0.734292000 -0.017987000 -0.028892000 -0.021025000 0.089691000 0.970018000 0.224896000
1520530396.953210115 0.770253000 -0.018738000 0.015723000 -0.031424000 0.072295000 0.966993000 0.242304000
1520530397.003210068 0.796922000 -0.016059000 0.064484000 -0.042695000 0.048270000 0.965429000 0.252573000
1520530397.053210020 0.812408000 -0.010607000 0.115002000 -0.056768000 0.023110000 0.964633000 0.256373000
1520530397.102839947 0.817367000 -0.003283000 0.164503000 -0.069565000 -0.002249000 0.964703000 0.253977000
1520530397.152839899 0.806826000 0.008698000 0.212970000 -0.081634000 -0.023755000 0.966304000 0.242956000
1520530397.202840090 0.787133000 0.022179000 0.255135000 -0.095044000 -0.042256000 0.968758000 0.225144000
1520530397.252840042 0.755200000 0.037275000 0.288959000 -0.106242000 -0.057662000 0.972254000 0.200276000
1520530397.302839994 0.718411000 0.050699000 0.313220000 -0.113715000 -0.070403000 0.976313000 0.170073000
1520530397.352839947 0.669474000 0.062929000 0.326832000 -0.115774000 -0.083099000 0.980664000 0.134120000
1520530397.402839899 0.612283000 0.073564000 0.328164000 -0.116989000 -0.093666000 0.984097000 0.095361000
1520530397.452840090 0.544597000 0.081812000 0.315385000 -0.117899000 -0.098206000 0.986510000 0.057037000
1520530397.502360106 0.473904000 0.087969000 0.289881000 -0.116186000 -0.092976000 0.988681000 0.019145000
1520530397.552360058 0.397724000 0.088925000 0.251488000 0.108701000 0.076708000 -0.990836000 0.023344000
1520530397.602360010 0.317575000 0.086249000 0.201699000 0.097926000 0.052096000 -0.991618000 0.066262000
1520530397.652359962 0.235458000 0.076403000 0.143709000 0.084095000 0.022676000 -0.990115000 0.109937000
1520530397.702359915 0.150291000 0.058508000 0.081956000 0.068162000 -0.008935000 -0.985919000 0.152441000
1520530397.752360106 0.067262000 0.034993000 0.018271000 0.052609000 -0.043818000 -0.978957000 0.192240000
1520530397.802370071 -0.013984000 0.003138000 -0.045849000 0.041260000 -0.082797000 -0.968798000 0.229939000
1520530397.852370024 -0.093504000 -0.033246000 -0.104378000 0.035780000 -0.123941000 -0.954931000 0.267328000
1520530397.902640104 -0.170532000 -0.073671000 -0.155090000 0.033755000 -0.162891000 -0.937110000 0.306843000
1520530397.952640057 -0.243935000 -0.116473000 -0.195743000 0.033786000 -0.195908000 -0.916951000 0.345948000
1520530398.002640009 -0.314913000 -0.160331000 -0.224875000 0.036835000 -0.224034000 -0.895542000 0.382697000
1520530398.052639961 -0.380211000 -0.199184000 -0.242822000 0.042872000 -0.247277000 -0.873454000 0.417245000
1520530398.102639914 -0.441508000 -0.231934000 -0.250771000 0.049956000 -0.263952000 -0.851515000 0.450284000
1520530398.152640104 -0.501688000 -0.256391000 -0.246462000 0.055969000 -0.270033000 -0.831353000 0.482495000
1520530398.202640057 -0.558231000 -0.271215000 -0.232633000 0.056154000 -0.264938000 -0.814006000 0.513856000
1520530398.252650023 -0.611885000 -0.273620000 -0.205906000 0.049188000 -0.249837000 -0.798857000 0.544967000
1520530398.303410053 -0.667272000 -0.262682000 -0.168604000 0.032045000 -0.226605000 -0.785629000 0.574813000
1520530398.353410006 -0.717200000 -0.242650000 -0.118489000 0.006414000 -0.199304000 -0.776265000 0.598038000
1520530398.403409958 -0.764647000 -0.212165000 -0.061321000 -0.019549000 -0.167517000 -0.774586000 0.609568000
1520530398.453409910 -0.804709000 -0.172905000 0.001906000 -0.047730000 -0.136320000 -0.774734000 0.615569000
1520530398.503410101 -0.831160000 -0.124102000 0.069620000 -0.069311000 -0.102682000 -0.778206000 0.615669000
1520530398.553410053 -0.851287000 -0.063529000 0.136810000 -0.085241000 -0.064607000 -0.788385000 0.605813000
1520530398.603410006 -0.858056000 0.000485000 0.199318000 -0.102967000 -0.027069000 -0.800119000 0.590317000
1520530398.653409958 -0.860043000 0.070019000 0.254411000 -0.115405000 0.008796000 -0.814103000 0.569070000
1520530398.703259945 -0.853474000 0.141225000 0.297685000 -0.122033000 0.037110000 -0.828879000 0.544692000
1520530398.753259897 -0.846634000 0.216040000 0.327971000 -0.123084000 0.056896000 -0.846011000 0.515634000
1520530398.803260088 -0.825720000 0.287593000 0.344587000 -0.123283000 0.070544000 -0.864183000 0.482714000
1520530398.853260040 -0.798796000 0.362424000 0.347152000 -0.123358000 0.080329000 -0.881887000 0.447890000
1520530398.903249979 -0.767025000 0.437521000 0.335401000 -0.123813000 0.085007000 -0.899747000 0.409754000
1520530398.953249931 -0.731061000 0.511886000 0.309173000 -0.120663000 0.081339000 -0.917241000 0.370801000
1520530399.003249884 -0.688448000 0.583732000 0.268874000 -0.110496000 0.066540000 -0.935492000 0.328963000
1520530399.053260088 -0.637986000 0.650054000 0.218745000 -0.097203000 0.042317000 -0.952707000 0.284800000
1520530399.103260040 -0.578305000 0.708323000 0.162952000 -0.090765000 0.013612000 -0.966768000 0.238611000
1520530399.152349949 -0.514426000 0.757697000 0.106117000 -0.090784000 -0.016987000 -0.977073000 0.191830000
1520530399.202359915 -0.443233000 0.798584000 0.047609000 -0.092573000 -0.048742000 -0.984302000 0.142141000
1520530399.252360106 -0.366417000 0.830882000 -0.009433000 -0.096721000 -0.077722000 -0.988248000 0.089278000
1520530399.302360058 -0.282989000 0.854478000 -0.062182000 -0.104058000 -0.105272000 -0.988382000 0.034520000
1520530399.352360010 -0.196616000 0.869740000 -0.109951000 0.113853000 0.132188000 0.984438000 0.021127000
1520530399.402369976 -0.108214000 0.877937000 -0.151608000 0.124527000 0.155066000 0.977194000 0.074425000
1520530399.452359915 -0.016680000 0.880551000 -0.184641000 0.130430000 0.170881000 0.968587000 0.125007000
1520530399.502370119 0.072594000 0.880323000 -0.208891000 0.128443000 0.180954000 0.959318000 0.174547000
1520530399.553030014 0.158191000 0.878590000 -0.223589000 0.117173000 0.187845000 0.948863000 0.225041000
1520530399.603029966 0.241900000 0.878956000 -0.225082000 0.101391000 0.192320000 0.937630000 0.271263000
1520530399.653039932 0.321824000 0.879200000 -0.214459000 0.081195000 0.196413000 0.926548000 0.310383000
1520530399.703039885 0.391846000 0.883621000 -0.193509000 0.057174000 0.195518000 0.916050000 0.345480000
1520530399.753040075 0.455089000 0.894060000 -0.162373000 0.037756000 0.186687000 0.906292000 0.377304000
1520530399.803040028 0.512097000 0.911614000 -0.123690000 0.020931000 0.175122000 0.897718000 0.403728000
1520530399.853039980 0.564726000 0.936872000 -0.080278000 0.007816000 0.159541000 0.891594000 0.423729000
1520530399.903039932 0.611517000 0.970074000 -0.033247000 -0.006306000 0.139854000 0.888540000 0.436918000
1520530399.953299999 0.651766000 1.011420000 0.016662000 -0.028256000 0.115288000 0.886770000 0.446709000
1520530400.003299952 0.685566000 1.061627000 0.067980000 -0.053431000 0.087589000 0.885694000 0.452791000
1520530400.053299904 0.711588000 1.115852000 0.120403000 -0.074449000 0.058247000 0.885451000 0.455017000
1520530400.103310108 0.726207000 1.176055000 0.172981000 -0.090347000 0.029236000 0.885840000 0.454170000
1520530400.153310061 0.729884000 1.242299000 0.222415000 -0.099483000 0.001398000 0.887756000 0.449433000
1520530400.203310013 0.733247000 1.310601000 0.268635000 -0.099653000 -0.023345000 0.892258000 0.439772000
1520530400.253309965 0.733793000 1.372875000 0.311809000 -0.096177000 -0.044200000 0.898827000 0.425330000
1520530400.303309917 0.726971000 1.440871000 0.349210000 -0.094816000 -0.064376000 0.907398000 0.404344000
1520530400.352519989 0.714681000 1.506398000 0.381195000 -0.097065000 -0.086515000 0.916694000 0.377843000
1520530400.402519941 0.701036000 1.573322000 0.407060000 -0.100459000 -0.105345000 0.927065000 0.345488000
1520530400.452519894 0.679316000 1.647827000 0.422992000 -0.101955000 -0.115014000 0.938432000 0.309390000
1520530400.502530098 0.653624000 1.719890000 0.429836000 -0.098228000 -0.118002000 0.950822000 0.269007000
1520530400.552530050 0.622928000 1.791916000 0.426930000 -0.090245000 -0.118147000 0.963021000 0.224693000
1520530400.602530003 0.587972000 1.861982000 0.414679000 -0.080581000 -0.117291000 0.973358000 0.179790000
1520530400.652529955 0.550237000 1.928166000 0.392925000 -0.074054000 -0.114158000 0.980977000 0.138451000
1520530400.702529907 0.511624000 1.991223000 0.362740000 -0.067287000 -0.107073000 0.987066000 0.098532000
1520530400.752320051 0.470216000 2.049188000 0.324957000 -0.058721000 -0.092835000 0.992379000 0.055831000
1520530400.802320004 0.425730000 2.101288000 0.279016000 -0.055378000 -0.070416000 0.995887000 0.013556000
1520530400.852319956 0.375798000 2.145714000 0.229571000 0.054935000 0.043950000 -0.997123000 0.028209000
1520530400.902319908 0.324039000 2.183359000 0.182287000 0.055488000 0.016275000 -0.995954000 0.068793000
1520530400.952320099 0.270445000 2.210268000 0.134172000 0.058676000 -0.011088000 -0.992312000 0.108401000
1520530401.002320051 0.208061000 2.227812000 0.094341000 0.062861000 -0.034430000 -0.985979000 0.150696000
1520530401.052320004 0.145752000 2.238289000 0.057489000 0.064405000 -0.054278000 -0.976143000 0.200127000
1520530401.102319956 0.093091000 2.245552000 0.021799000 0.067922000 -0.073055000 -0.961679000 0.255388000
1520530401.152329922 0.027367000 2.241999000 0.001640000 0.072890000 -0.088901000 -0.943689000 0.310217000
1520530401.202780008 -0.041520000 2.229282000 -0.006352000 0.075569000 -0.096913000 -0.924363000 0.361178000
1520530401.252779961 -0.107281000 2.213337000 -0.004282000 0.070292000 -0.097765000 -0.905488000 0.406931000
1520530401.302779913 -0.176462000 2.193433000 0.014527000 0.059544000 -0.092654000 -0.885824000 0.450760000
1520530401.352780104 -0.234997000 2.169370000 0.046140000 0.044577000 -0.078877000 -0.864875000 0.493744000
1520530401.402780056 -0.289983000 2.143207000 0.087245000 0.028907000 -0.054680000 -0.843379000 0.533748000
1520530401.452780008 -0.334449000 2.113397000 0.136252000 0.012833000 -0.027289000 -0.821043000 0.570069000
1520530401.502779961 -0.370671000 2.081486000 0.188445000 -0.006190000 -0.003196000 -0.795618000 0.605759000
1520530401.552789927 -0.394678000 2.046847000 0.241455000 -0.024116000 0.018543000 -0.766312000 0.641748000
1520530401.603060007 -0.412084000 2.007203000 0.289290000 -0.038965000 0.038617000 -0.732608000 0.678437000
1520530401.653059959 -0.422164000 1.964670000 0.329596000 -0.050953000 0.058938000 -0.696427000 0.713386000
1520530401.703059912 -0.421752000 1.922841000 0.360961000 -0.062000000 0.079231000 -0.657984000 0.746281000
1520530401.753060102 -0.412800000 1.880430000 0.380573000 -0.072734000 0.097139000 -0.614311000 0.779676000
1520530401.803060055 -0.402926000 1.848751000 0.385593000 -0.079650000 0.109004000 -0.564445000 0.814356000
1520530401.853060007 -0.378240000 1.807901000 0.376558000 -0.081005000 0.114100000 -0.510461000 0.848439000
1520530401.903069973 -0.346759000 1.759723000 0.351604000 -0.078565000 0.112119000 -0.453655000 0.880599000
1520530401.953069925 -0.304363000 1.720642000 0.314263000 -0.067864000 0.108416000 -0.400116000 0.907495000
1520530402.002300024 -0.265229000 1.700158000 0.261777000 -0.048559000 0.103680000 -0.354058000 0.928189000
1520530402.052299976 -0.212005000 1.677317000 0.202909000 -0.023281000 0.092943000 -0.307583000 0.946685000
1520530402.102299929 -0.148199000 1.664932000 0.139791000 0.009693000 0.085366000 -0.259987000 0.961782000
1520530402.152309895 -0.078315000 1.657797000 0.074864000 0.043306000 0.080534000 -0.208183000 0.973806000
1520530402.202310085 -0.011036000 1.662651000 0.009068000 0.073469000 0.079156000 -0.153731000 0.982193000
1520530402.252310038 0.071152000 1.673391000 -0.050411000 0.100112000 0.077239000 -0.095360000 0.987379000
1520530402.302309990 0.161295000 1.691001000 -0.103402000 0.125062000 0.073364000 -0.035651000 0.988790000
1520530402.352309942 0.253120000 1.715607000 -0.149296000 0.150928000 0.067697000 0.023441000 0.985945000
1520530402.402590036 0.347457000 1.743869000 -0.185687000 0.177642000 0.065686000 0.081974000 0.978473000
1520530402.452589989 0.441503000 1.776933000 -0.210398000 0.199670000 0.064930000 0.137693000 0.967965000
1520530402.502589941 0.538161000 1.809527000 -0.222808000 0.213614000 0.061510000 0.188832000 0.956519000
1520530402.552589893 0.629929000 1.836816000 -0.222635000 0.220256000 0.046431000 0.232796000 0.946117000
1520530402.602590084 0.716096000 1.858256000 -0.210549000 0.219984000 0.031377000 0.270024000 0.936862000
1520530402.652689934 0.795353000 1.872893000 -0.186606000 0.213150000 0.013887000 0.302147000 0.929022000
1520530402.702589989 0.864651000 1.879404000 -0.152489000 0.200577000 -0.002862000 0.328500000 0.922956000
1520530402.752599955 0.925182000 1.878652000 -0.109057000 0.183070000 -0.018567000 0.351099000 0.918080000
1520530402.803430080 0.978261000 1.870344000 -0.057995000 0.159252000 -0.033019000 0.370214000 0.914598000
1520530402.853440046 1.019734000 1.853060000 -0.002381000 0.131124000 -0.047123000 0.384676000 0.912475000
1520530402.903439999 1.054008000 1.829100000 0.054870000 0.100261000 -0.062710000 0.397413000 0.909988000
1520530402.953439951 1.079259000 1.800367000 0.114773000 0.066988000 -0.079538000 0.409427000 0.906397000
1520530403.003439903 1.095358000 1.768268000 0.175184000 0.031975000 -0.095640000 0.420682000 0.901586000
1520530403.053440094 1.094753000 1.727914000 0.236542000 -0.004752000 -0.108200000 0.429989000 0.896315000
1520530403.103440046 1.091760000 1.689256000 0.292484000 -0.040799000 -0.118737000 0.433724000 0.892256000
1520530403.153450012 1.081500000 1.647884000 0.342594000 -0.072088000 -0.128972000 0.434353000 0.888542000
1520530403.202950001 1.066397000 1.603419000 0.382986000 -0.096119000 -0.131894000 0.431102000 0.887421000
1520530403.252949953 1.047058000 1.553570000 0.413966000 -0.112304000 -0.126523000 0.419060000 0.892058000
1520530403.302949905 1.022047000 1.498623000 0.434173000 -0.123147000 -0.121405000 0.397592000 0.901119000
1520530403.352960110 0.991531000 1.439166000 0.443129000 -0.129634000 -0.117554000 0.369509000 0.912600000
1520530403.402960062 0.960770000 1.375290000 0.439957000 -0.129396000 -0.114333000 0.339390000 0.924662000
1520530403.452960014 0.918729000 1.299771000 0.425526000 -0.122662000 -0.110624000 0.306297000 0.937496000
1520530403.502959967 0.878236000 1.229868000 0.399625000 -0.112823000 -0.105953000 0.268122000 0.950871000
1520530403.552959919 0.835962000 1.155582000 0.359058000 -0.098783000 -0.102875000 0.228877000 0.962951000
1520530403.602960110 0.790738000 1.088719000 0.309503000 -0.077223000 -0.097126000 0.191111000 0.973694000
1520530403.652270079 0.742323000 1.026377000 0.253428000 -0.048988000 -0.086666000 0.151125000 0.983489000
1520530403.702270031 0.681328000 0.967418000 0.195043000 -0.018809000 -0.075294000 0.108059000 0.991111000
1520530403.752269983 0.615448000 0.915144000 0.135519000 0.010199000 -0.067799000 0.060358000 0.995819000
1520530403.802269936 0.544821000 0.873553000 0.076940000 0.039396000 -0.064496000 0.008932000 0.997100000
1520530403.852279902 0.471837000 0.844430000 0.021811000 0.068946000 -0.067329000 -0.042840000 0.994423000
1520530403.902280092 0.395347000 0.825620000 -0.026637000 0.098202000 -0.077112000 -0.092281000 0.987874000
1520530403.952280045 0.318776000 0.814147000 -0.068050000 0.124666000 -0.085856000 -0.140484000 0.978443000
1520530404.002279997 0.239019000 0.809396000 -0.100946000 0.145241000 -0.087100000 -0.190071000 0.967053000
1520530404.052759886 0.160901000 0.806176000 -0.125291000 0.156340000 -0.086873000 -0.238996000 0.954407000
1520530404.102760077 0.084378000 0.805504000 -0.140291000 0.160836000 -0.081773000 -0.284850000 0.941438000
1520530404.152760029 0.008058000 0.807399000 -0.146027000 0.161913000 -0.076209000 -0.328310000 0.927464000
1520530404.202769995 -0.065487000 0.807186000 -0.140868000 0.163560000 -0.068819000 -0.367290000 0.913022000
1520530404.252840042 -0.138733000 0.806041000 -0.121392000 0.158646000 -0.058616000 -0.402599000 0.899616000
1520530404.302769899 -0.209332000 0.802346000 -0.085450000 0.144333000 -0.044544000 -0.432771000 0.888759000
1520530404.352770090 -0.271605000 0.790677000 -0.044288000 0.126745000 -0.024533000 -0.458406000 0.879317000
1520530404.402770042 -0.324560000 0.773180000 0.006207000 0.107111000 -0.005071000 -0.478549000 0.871488000
1520530404.453130007 -0.367568000 0.755226000 0.065363000 0.084920000 0.012770000 -0.493307000 0.865606000
1520530404.503129959 -0.401758000 0.726929000 0.126711000 0.063260000 0.028904000 -0.502817000 0.861590000
1520530404.553129911 -0.426560000 0.691684000 0.187817000 0.044370000 0.043928000 -0.507078000 0.859636000
1520530404.603130102 -0.453374000 0.644623000 0.246783000 0.028876000 0.057700000 -0.505769000 0.860253000
1520530404.653140068 -0.468105000 0.601528000 0.302270000 0.013286000 0.073059000 -0.500917000 0.862304000
1520530404.703140020 -0.478255000 0.546211000 0.352701000 -0.006217000 0.088426000 -0.491413000 0.866404000
1520530404.753139973 -0.481062000 0.489995000 0.396842000 -0.027109000 0.104990000 -0.479212000 0.870975000
1520530404.803139925 -0.478757000 0.427813000 0.434554000 -0.045813000 0.117014000 -0.459456000 0.879266000
1520530404.852659941 -0.474607000 0.357427000 0.464386000 -0.058904000 0.124454000 -0.434426000 0.890121000
1520530404.902659893 -0.463746000 0.288952000 0.488193000 -0.069684000 0.130028000 -0.408112000 0.900934000
1520530404.952660084 -0.447079000 0.223264000 0.505069000 -0.083583000 0.124696000 -0.380375000 0.912568000
1520530405.002660036 -0.427996000 0.153217000 0.510257000 -0.095943000 0.112337000 -0.349503000 0.925215000
1520530405.052659988 -0.404057000 0.082405000 0.503777000 -0.102614000 0.102471000 -0.316675000 0.937383000
1520530405.102659941 -0.377863000 0.010823000 0.485012000 -0.102332000 0.095482000 -0.278257000 0.950255000
1520530405.152659893 -0.346325000 -0.060775000 0.454542000 -0.093593000 0.091214000 -0.234788000 0.963221000
1520530405.202670097 -0.309243000 -0.131403000 0.413273000 -0.077567000 0.090501000 -0.190639000 0.974397000
1520530405.252340078 -0.265704000 -0.197227000 0.363200000 -0.058709000 0.088905000 -0.147290000 0.983339000
1520530405.302340031 -0.217975000 -0.258940000 0.306996000 -0.038597000 0.084581000 -0.107212000 0.989880000
1520530405.352339983 -0.171100000 -0.316061000 0.248726000 -0.017228000 0.082250000 -0.070972000 0.993932000
1520530405.402339935 -0.117014000 -0.362035000 0.190268000 0.005164000 0.083379000 -0.033064000 0.995956000
1520530405.452339888 -0.060511000 -0.402420000 0.132744000 0.026999000 0.082748000 0.006853000 0.996181000
1520530405.502340078 0.000466000 -0.434598000 0.076339000 0.048872000 0.082034000 0.050106000 0.994169000
1520530405.552350044 0.066629000 -0.455949000 0.022673000 0.070909000 0.083620000 0.095999000 0.989325000
1520530405.602349997 0.136393000 -0.467401000 -0.026098000 0.092923000 0.087582000 0.144243000 0.981269000
1520530405.652800083 0.209591000 -0.468476000 -0.067692000 0.116003000 0.089299000 0.194611000 0.969894000
1520530405.702800035 0.282632000 -0.460902000 -0.099781000 0.136496000 0.091058000 0.244437000 0.955682000
1520530405.752799988 0.355990000 -0.446103000 -0.123230000 0.152677000 0.089521000 0.293800000 0.939339000
1520530405.802809954 0.428753000 -0.427004000 -0.138719000 0.163308000 0.084707000 0.341134000 0.921837000
1520530405.852859974 0.500495000 -0.405118000 -0.146809000 0.169972000 0.080602000 0.385021000 0.903533000
1520530405.902810097 0.570061000 -0.381752000 -0.147793000 0.172616000 0.078369000 0.425748000 0.884760000
1520530405.952810049 0.638866000 -0.358426000 -0.142419000 0.170275000 0.078181000 0.460524000 0.867648000
1520530406.002810001 0.704456000 -0.339507000 -0.129838000 0.164306000 0.077726000 0.487878000 0.853778000
1520530406.052809954 0.768526000 -0.325720000 -0.109105000 0.159025000 0.072372000 0.507552000 0.843721000
1520530406.103579998 0.831015000 -0.317705000 -0.078752000 0.155415000 0.056467000 0.523499000 0.835827000
1520530406.153579950 0.888048000 -0.316598000 -0.040967000 0.148234000 0.035977000 0.534104000 0.831544000
1520530406.203579903 0.936337000 -0.325477000 0.003897000 0.134992000 0.011085000 0.538938000 0.831385000
1520530406.253580093 0.977543000 -0.341479000 0.053035000 0.113568000 -0.013077000 0.538095000 0.835096000
1520530406.303580046 1.006412000 -0.369590000 0.105908000 0.088847000 -0.037395000 0.536588000 0.838321000
1520530406.353590012 1.031166000 -0.403194000 0.155455000 0.064807000 -0.057173000 0.531265000 0.842787000
1520530406.403589964 1.051858000 -0.440126000 0.199401000 0.045941000 -0.073197000 0.522096000 0.848497000
1520530406.453589916 1.067362000 -0.480904000 0.235804000 0.031973000 -0.085498000 0.510131000 0.855239000
1520530406.503489971 1.077206000 -0.523802000 0.264177000 0.018220000 -0.094120000 0.496164000 0.862920000
1520530406.553499937 1.081014000 -0.568496000 0.283819000 0.002842000 -0.099475000 0.477374000 0.873047000
1520530406.603499889 1.077807000 -0.613078000 0.293923000 -0.012212000 -0.104525000 0.454081000 0.884724000
1520530406.653500080 1.069151000 -0.658119000 0.292074000 -0.025650000 -0.106072000 0.427301000 0.897499000
1520530406.703500032 1.057877000 -0.701458000 0.280690000 -0.037013000 -0.097269000 0.395779000 0.912430000
1520530406.753499985 1.040017000 -0.741372000 0.261809000 -0.040115000 -0.081268000 0.362170000 0.927696000
1520530406.803499937 1.016188000 -0.776889000 0.238645000 -0.032583000 -0.066406000 0.324435000 0.943011000
1520530406.853509903 0.984505000 -0.805837000 0.207309000 -0.016181000 -0.056244000 0.283435000 0.957204000
1520530406.902699947 0.943065000 -0.829042000 0.178746000 0.004141000 -0.048164000 0.240463000 0.969454000
1520530406.952699900 0.903369000 -0.847056000 0.150450000 0.023552000 -0.043824000 0.195963000 0.979348000
1520530407.002700090 0.856022000 -0.856992000 0.121125000 0.037859000 -0.041349000 0.146951000 0.987554000
1520530407.052710056 0.793883000 -0.857484000 0.092112000 0.048929000 -0.039198000 0.093403000 0.993653000
1520530407.102710009 0.735340000 -0.847098000 0.060093000 0.060001000 -0.037377000 0.035696000 0.996859000
1520530407.152709961 0.673437000 -0.824020000 0.026299000 0.072970000 -0.038257000 -0.023515000 0.996323000
1520530407.202709913 0.609625000 -0.787806000 -0.007989000 0.087491000 -0.042416000 -0.083062000 0.991790000
1520530407.252710104 0.546350000 -0.740188000 -0.042680000 0.102522000 -0.051263000 -0.140495000 0.983424000
1520530407.303200006 0.484432000 -0.680802000 -0.077341000 0.118421000 -0.062061000 -0.196802000 0.971285000
1520530407.353199959 0.425812000 -0.611031000 -0.109586000 0.132057000 -0.075011000 -0.254991000 0.954942000
1520530407.403199911 0.370999000 -0.530259000 -0.138550000 0.142921000 -0.087183000 -0.318287000 0.933095000
1520530407.453229904 0.320344000 -0.438900000 -0.163497000 0.150225000 -0.098754000 -0.385812000 0.904892000
1520530407.503200054 0.275502000 -0.337781000 -0.183926000 0.153398000 -0.112928000 -0.452888000 0.870982000
1520530407.553200006 0.237622000 -0.228421000 -0.199474000 0.153818000 -0.130004000 -0.514936000 0.833234000
1520530407.603199959 0.207539000 -0.112624000 -0.209229000 0.150537000 -0.147930000 -0.571854000 0.792741000
1520530407.653199911 0.186475000 0.007794000 -0.212413000 0.139404000 -0.163392000 -0.625332000 0.750220000
1520530407.703520060 0.174306000 0.132219000 -0.210794000 0.120253000 -0.174245000 -0.677960000 0.703952000
1520530407.753520012 0.171415000 0.257270000 -0.206831000 0.101672000 -0.179012000 -0.726591000 0.655502000
1520530407.803519964 0.177456000 0.381355000 -0.201464000 0.089266000 -0.178740000 -0.768680000 0.607630000
1520530407.853519917 0.189352000 0.504092000 -0.197014000 0.083486000 -0.174774000 -0.804370000 0.561670000
1520530407.903529882 0.211024000 0.621006000 -0.187208000 0.079711000 -0.167487000 -0.836352000 0.515858000
1520530407.953530073 0.237631000 0.732044000 -0.175015000 0.078074000 -0.157965000 -0.863902000 0.471831000
1520530408.003530025 0.268361000 0.836298000 -0.160943000 0.080105000 -0.147717000 -0.886734000 0.430657000
1520530408.053529978 0.301740000 0.933455000 -0.143881000 0.079651000 -0.138603000 -0.906667000 0.390385000
1520530408.103529930 0.336924000 1.023203000 -0.124726000 0.076829000 -0.130391000 -0.924444000 0.349998000
1520530408.153609991 0.373067000 1.105326000 -0.102821000 0.072181000 -0.123387000 -0.940051000 0.309629000
1520530408.203619957 0.407079000 1.182644000 -0.081330000 0.065650000 -0.116291000 -0.953402000 0.270538000
1520530408.253619909 0.438385000 1.256828000 -0.058777000 0.056405000 -0.108503000 -0.964415000 0.234412000
1520530408.303620100 0.467319000 1.325857000 -0.035647000 0.048355000 -0.099881000 -0.972944000 0.202648000
1520530408.353620052 0.490830000 1.393643000 -0.010885000 0.045685000 -0.089330000 -0.979818000 0.172888000
1520530408.403620005 0.512519000 1.456117000 0.019490000 0.042899000 -0.075789000 -0.985574000 0.145116000
1520530408.453619957 0.537739000 1.513435000 0.053506000 0.040949000 -0.057650000 -0.990300000 0.119607000
1520530408.503619909 0.550360000 1.568588000 0.091571000 0.038254000 -0.036906000 -0.993520000 0.100466000
1520530408.553380013 0.562567000 1.614986000 0.135071000 0.039621000 -0.015091000 -0.995755000 0.081694000
1520530408.603389978 0.568763000 1.658094000 0.180234000 0.039995000 0.006258000 -0.997253000 0.062037000
1520530408.653389931 0.568243000 1.699376000 0.224847000 0.037368000 0.026389000 -0.997790000 0.048190000
1520530408.703389883 0.561547000 1.741327000 0.265708000 0.035959000 0.045659000 -0.997427000 0.041973000
1520530408.753390074 0.555299000 1.775137000 0.308785000 0.034991000 0.065849000 -0.996316000 0.042345000
1520530408.803390026 0.543096000 1.802969000 0.351224000 0.033545000 0.087718000 -0.994466000 0.047088000
1520530408.853389978 0.523047000 1.827270000 0.389916000 0.031458000 0.109021000 -0.992013000 0.055086000
1520530408.903399944 0.497781000 1.853426000 0.424405000 0.028027000 0.126281000 -0.989318000 0.067218000
1520530408.952889919 0.468870000 1.870654000 0.457726000 0.024752000 0.139372000 -0.986348000 0.084140000
1520530409.002890110 0.434304000 1.888924000 0.486925000 0.021156000 0.151045000 -0.982573000 0.106246000
1520530409.052900076 0.396205000 1.899604000 0.515636000 0.019709000 0.164781000 -0.977300000 0.131699000
1520530409.102890015 0.354587000 1.903335000 0.541478000 0.020393000 0.181611000 -0.970052000 0.160004000
1520530409.152889967 0.310700000 1.902907000 0.563340000 0.018435000 0.199505000 -0.960331000 0.193962000
1520530409.202899933 0.263822000 1.896384000 0.574812000 0.014643000 0.213748000 -0.948806000 0.232087000
1520530409.252899885 0.214634000 1.888170000 0.576102000 0.010497000 0.221669000 -0.936312000 0.272164000
1520530409.302900076 0.165095000 1.879207000 0.567391000 0.006776000 0.220292000 -0.923956000 0.312620000
1520530409.352910042 0.113625000 1.862661000 0.547145000 0.008093000 0.209983000 -0.912220000 0.351704000
1520530409.402920008 0.063111000 1.840799000 0.516501000 0.014915000 0.196414000 -0.899483000 0.390037000
1520530409.452919960 0.015376000 1.812323000 0.478152000 0.023784000 0.183001000 -0.885519000 0.426382000
1520530409.502919912 -0.028307000 1.779031000 0.431491000 0.034094000 0.167308000 -0.870984000 0.460686000
1520530409.552920103 -0.064919000 1.736093000 0.379062000 0.044835000 0.146799000 -0.854946000 0.495487000
1520530409.602920055 -0.094569000 1.686843000 0.321576000 0.056179000 0.122273000 -0.837008000 0.530387000
1520530409.652920008 -0.116629000 1.628926000 0.261859000 0.068949000 0.097440000 -0.818048000 0.562627000
1520530409.702919960 -0.129017000 1.557230000 0.200661000 0.080030000 0.070408000 -0.798731000 0.592171000
1520530409.752660036 -0.133382000 1.490158000 0.137778000 0.091554000 0.042160000 -0.779939000 0.617685000
1520530409.802659988 -0.129771000 1.420389000 0.074099000 0.103042000 0.015198000 -0.762032000 0.639107000
1520530409.852669954 -0.118883000 1.347711000 0.013352000 0.111642000 -0.012056000 -0.745989000 0.656423000
1520530409.902669907 -0.101934000 1.271161000 -0.043060000 0.120579000 -0.038366000 -0.732899000 0.668467000
1520530409.952670097 -0.080826000 1.194646000 -0.096340000 0.133234000 -0.063039000 -0.720827000 0.677262000
1520530410.002670050 -0.054090000 1.113764000 -0.146312000 0.148068000 -0.086103000 -0.707061000 0.686095000
1520530410.052670002 -0.023605000 1.034026000 -0.193371000 0.163738000 -0.107630000 -0.688631000 0.698136000
1520530410.102669954 0.011703000 0.951715000 -0.234380000 0.179317000 -0.131786000 -0.666065000 0.711924000
1520530410.153229952 0.052868000 0.863927000 -0.265892000 0.195908000 -0.156999000 -0.641065000 0.725264000
1520530410.203229904 0.095183000 0.776230000 -0.287429000 0.211119000 -0.177806000 -0.614235000 0.739276000
1520530410.253230095 0.142249000 0.692303000 -0.301669000 0.224354000 -0.190810000 -0.588068000 0.753281000
1520530410.303230047 0.192263000 0.612205000 -0.306053000 0.235273000 -0.195248000 -0.561541000 0.768893000
1520530410.353230000 0.242523000 0.535442000 -0.303973000 0.242048000 -0.192563000 -0.533660000 0.787108000
1520530410.403229952 0.295006000 0.459999000 -0.294292000 0.241400000 -0.189531000 -0.504381000 0.807096000
1520530410.453229904 0.344663000 0.386831000 -0.275779000 0.237179000 -0.184860000 -0.475643000 0.826642000
1520530410.503240108 0.392022000 0.317853000 -0.247826000 0.228338000 -0.179794000 -0.448460000 0.845233000
1520530410.553240061 0.436225000 0.253550000 -0.212712000 0.218749000 -0.167443000 -0.427073000 0.861232000
1520530410.603879929 0.475753000 0.192801000 -0.171945000 0.205607000 -0.149863000 -0.415404000 0.873330000
1520530410.653879881 0.509341000 0.137395000 -0.127420000 0.188455000 -0.135365000 -0.411226000 0.881507000
1520530410.703880072 0.538110000 0.088499000 -0.077988000 0.168570000 -0.124990000 -0.409013000 0.888071000
1520530410.753880024 0.563348000 0.045024000 -0.025529000 0.148364000 -0.117844000 -0.405868000 0.894076000
1520530410.803879976 0.583609000 0.005975000 0.028713000 0.132768000 -0.106860000 -0.404457000 0.898537000
1520530410.853879929 0.600133000 -0.025914000 0.085137000 0.117711000 -0.093613000 -0.406329000 0.901265000
1520530410.903889894 0.613523000 -0.052414000 0.142069000 0.097113000 -0.079107000 -0.412458000 0.902325000
1520530410.953890085 0.625896000 -0.073191000 0.198525000 0.070060000 -0.065494000 -0.418470000 0.903153000
1520530411.003420115 0.636127000 -0.087241000 0.252865000 0.042411000 -0.050660000 -0.424277000 0.903119000
1520530411.053420067 0.644658000 -0.093908000 0.303821000 0.018011000 -0.037010000 -0.430140000 0.901824000
1520530411.103420019 0.651530000 -0.094298000 0.348770000 -0.003258000 -0.032140000 -0.437619000 0.898580000
1520530411.153419971 0.654297000 -0.088408000 0.386193000 -0.015458000 -0.031419000 -0.450195000 0.892243000
1520530411.203419924 0.654797000 -0.075481000 0.415716000 -0.021658000 -0.035217000 -0.464411000 0.884654000
1520530411.253420115 0.652524000 -0.057024000 0.435986000 -0.025183000 -0.040890000 -0.480552000 0.875650000
1520530411.303420067 0.648223000 -0.031861000 0.447131000 -0.029277000 -0.046595000 -0.498049000 0.865401000
1520530411.353430033 0.640417000 -0.004593000 0.448379000 -0.034947000 -0.050743000 -0.516829000 0.853869000
1520530411.403000116 0.629702000 0.029258000 0.439960000 -0.039520000 -0.054258000 -0.537631000 0.840504000
1520530411.453010082 0.615143000 0.066962000 0.420980000 -0.041844000 -0.058399000 -0.561410000 0.824414000
1520530411.503010035 0.600624000 0.109911000 0.392959000 -0.042634000 -0.065061000 -0.587020000 0.805827000
1520530411.553009987 0.585550000 0.159170000 0.356353000 -0.040526000 -0.074237000 -0.614026000 0.784741000
1520530411.603009939 0.572601000 0.214377000 0.311971000 -0.033213000 -0.085110000 -0.643251000 0.760185000
1520530411.653009892 0.562837000 0.275034000 0.260859000 -0.021273000 -0.100331000 -0.673214000 0.732300000
1520530411.703010082 0.558485000 0.340723000 0.203942000 -0.007553000 -0.119688000 -0.703611000 0.700392000
1520530411.753010035 0.559698000 0.411291000 0.142415000 0.006500000 -0.140326000 -0.734582000 0.663819000
1520530411.802900076 0.569728000 0.485833000 0.079021000 0.021558000 -0.157900000 -0.765544000 0.623334000
1520530411.852900028 0.589389000 0.564211000 0.016416000 0.035270000 -0.173751000 -0.796088000 0.578628000
1520530411.902899981 0.618344000 0.644388000 -0.043048000 0.046755000 -0.189471000 -0.825253000 0.529974000
1520530411.952899933 0.656497000 0.725472000 -0.095361000 0.056208000 -0.203215000 -0.853051000 0.477335000
1520530412.002899885 0.702960000 0.805764000 -0.138344000 0.063237000 -0.214556000 -0.878409000 0.422332000
1520530412.052910089 0.755008000 0.883169000 -0.169900000 0.069561000 -0.222196000 -0.900789000 0.366564000
1520530412.102910042 0.809616000 0.955618000 -0.189069000 0.076089000 -0.225569000 -0.919854000 0.311764000
1520530412.152909994 0.863530000 1.021346000 -0.194365000 0.082514000 -0.223476000 -0.935497000 0.260953000
1520530412.203409910 0.915059000 1.081678000 -0.185930000 0.088407000 -0.215981000 -0.948512000 0.214153000
1520530412.253410101 0.961348000 1.137300000 -0.166013000 0.096388000 -0.203233000 -0.959839000 0.167677000
1520530412.303410053 0.998872000 1.189276000 -0.134421000 0.098698000 -0.186659000 -0.969600000 0.123664000
1520530412.353410006 1.027790000 1.237904000 -0.093358000 0.098921000 -0.166422000 -0.977541000 0.083255000
1520530412.403419971 1.046235000 1.282982000 -0.042691000 0.097375000 -0.141248000 -0.984071000 0.046597000
1520530412.453419924 1.054177000 1.324690000 0.015361000 0.096893000 -0.110363000 -0.989041000 0.015185000
1520530412.503420115 1.051472000 1.362064000 0.079093000 -0.096578000 0.072928000 0.992603000 0.009679000
1520530412.553420067 1.034665000 1.394974000 0.148090000 -0.092929000 0.030023000 0.994881000 0.025972000
1520530412.603420019 1.007725000 1.423331000 0.218564000 -0.087626000 -0.013549000 0.995426000 0.035581000
1520530412.653620005 0.969055000 1.446156000 0.288042000 -0.078814000 -0.052692000 0.994876000 0.035132000
1520530412.703619957 0.919948000 1.464358000 0.354064000 -0.071378000 -0.085210000 0.993376000 0.029128000
1520530412.753619909 0.863883000 1.480269000 0.414691000 -0.059914000 -0.114974000 0.991385000 0.018607000
1520530412.803620100 0.793023000 1.499769000 0.466520000 0.045149000 0.142870000 -0.988690000 0.006442000
1520530412.853630066 0.722002000 1.508239000 0.507676000 0.036965000 0.166467000 -0.984592000 0.038741000
1520530412.903630018 0.644923000 1.511046000 0.538247000 0.029490000 0.186491000 -0.979047000 0.076279000
1520530412.953629971 0.563877000 1.508869000 0.555633000 0.024287000 0.200089000 -0.972291000 0.118429000
1520530413.003629923 0.479909000 1.504842000 0.558531000 0.019093000 0.206173000 -0.964140000 0.166019000
1520530413.052999973 0.396700000 1.497770000 0.546958000 0.012622000 0.205335000 -0.954359000 0.216511000
1520530413.102999926 0.312961000 1.487152000 0.522183000 0.003645000 0.197877000 -0.942997000 0.267558000
1520530413.153000116 0.230101000 1.474741000 0.485134000 -0.008082000 0.183321000 -0.931213000 0.314913000
1520530413.203010082 0.150049000 1.459382000 0.435281000 -0.017704000 0.161432000 -0.920468000 0.355478000
1520530413.253010035 0.074879000 1.440195000 0.376635000 -0.024565000 0.132400000 -0.910396000 0.391210000
1520530413.303009987 0.006552000 1.416056000 0.311540000 -0.031377000 0.098152000 -0.900193000 0.423124000
1520530413.353009939 -0.054023000 1.385524000 0.244763000 -0.042136000 0.062765000 -0.888607000 0.452397000
1520530413.403009892 -0.104494000 1.351432000 0.175170000 -0.049220000 0.031904000 -0.875419000 0.479794000
1520530413.452929974 -0.143932000 1.315455000 0.105140000 -0.047661000 0.009041000 -0.865621000 0.498344000
1520530413.502929926 -0.173022000 1.278858000 0.038052000 -0.044997000 -0.013049000 -0.856774000 0.513560000
1520530413.552930117 -0.191332000 1.246353000 -0.024471000 -0.035461000 -0.036754000 -0.850454000 0.523564000
1520530413.602940083 -0.203433000 1.215084000 -0.074286000 -0.013608000 -0.060670000 -0.847083000 0.527811000
1520530413.652940035 -0.211597000 1.190854000 -0.106352000 0.009679000 -0.083588000 -0.843278000 0.530849000
1520530413.702939987 -0.220322000 1.166357000 -0.111377000 0.029748000 -0.093909000 -0.841425000 0.531319000
1520530413.752939939 -0.230346000 1.147173000 -0.096018000 0.038030000 -0.091161000 -0.841141000 0.531719000
1520530413.802939892 -0.242478000 1.131986000 -0.061029000 0.040108000 -0.072993000 -0.845015000 0.528216000
1520530413.853100061 -0.258940000 1.119634000 -0.008464000 0.039046000 -0.046043000 -0.853019000 0.518376000
1520530413.903170109 -0.275288000 1.107533000 0.060724000 0.034660000 -0.018056000 -0.863402000 0.503001000
1520530413.953089952 -0.286170000 1.090319000 0.145748000 0.021837000 0.011205000 -0.873554000 0.486109000
1520530414.003089905 -0.293947000 1.068388000 0.244284000 0.012115000 0.041692000 -0.882637000 0.468046000
1520530414.053100109 -0.293143000 1.045640000 0.346822000 0.006041000 0.061935000 -0.888655000 0.454335000
1520530414.103100061 -0.285106000 1.020680000 0.440629000 0.000394000 0.068409000 -0.892157000 0.446516000
1520530414.153100014 -0.276828000 0.995102000 0.522815000 -0.004163000 0.068458000 -0.897877000 0.434871000
1520530414.203099966 -0.259484000 0.967030000 0.587676000 -0.013110000 0.063249000 -0.904821000 0.420864000
1520530414.252880096 -0.239298000 0.940013000 0.636493000 -0.023202000 0.052506000 -0.910836000 0.408758000
1520530414.302880049 -0.215580000 0.912663000 0.671520000 -0.032102000 0.039266000 -0.914688000 0.400966000
1520530414.352880001 -0.185828000 0.885316000 0.693883000 -0.037068000 0.025950000 -0.918541000 0.392728000
1520530414.402879953 -0.151667000 0.856822000 0.706796000 -0.045199000 0.013617000 -0.922091000 0.384084000
1520530414.452879906 -0.109918000 0.827188000 0.709442000 -0.051539000 0.005120000 -0.926196000 0.373468000
1520530414.502880096 -0.068571000 0.801366000 0.707142000 -0.056419000 0.002822000 -0.933108000 0.355131000
1520530414.552890062 -0.024419000 0.777622000 0.699341000 -0.058598000 0.007361000 -0.941047000 0.333080000
1520530414.602890015 0.024490000 0.754838000 0.686763000 -0.056406000 0.016218000 -0.949266000 0.308948000
1520530414.652689934 0.077392000 0.731821000 0.670776000 -0.052260000 0.029119000 -0.957827000 0.281049000
1520530414.702689886 0.132063000 0.709240000 0.651399000 -0.047821000 0.045092000 -0.965671000 0.251316000
1520530414.752690077 0.184990000 0.687256000 0.627130000 -0.040263000 0.058258000 -0.973241000 0.218600000
1520530414.802690029 0.238539000 0.665387000 0.598774000 -0.028914000 0.065448000 -0.980548000 0.182774000
1520530414.852699995 0.292357000 0.643443000 0.564827000 -0.014914000 0.065205000 -0.987700000 0.141331000
1520530414.902699947 0.341973000 0.622198000 0.522239000 -0.005260000 0.059474000 -0.993056000 0.101366000
1520530414.952699900 0.389451000 0.599666000 0.473745000 -0.002403000 0.051521000 -0.996532000 0.065303000
1520530415.002700090 0.433653000 0.574645000 0.419453000 0.001176000 0.044045000 -0.998636000 0.027999000
1520530415.052700043 0.473046000 0.546265000 0.362282000 -0.010102000 -0.040091000 0.999089000 0.010538000
1520530415.103179932 0.507181000 0.514188000 0.303436000 -0.020309000 -0.039328000 0.998012000 0.044866000
1520530415.153179884 0.536924000 0.477186000 0.245166000 -0.030054000 -0.037576000 0.995747000 0.078561000
1520530415.203180075 0.560869000 0.436454000 0.187024000 -0.038551000 -0.029666000 0.993488000 0.103031000
1520530415.253180027 0.579007000 0.393358000 0.129935000 -0.042487000 -0.017087000 0.991756000 0.119676000
1520530415.303189993 0.593791000 0.346588000 0.073882000 -0.044919000 -0.003845000 0.990167000 0.132427000
1520530415.353189945 0.602995000 0.300707000 0.018938000 -0.047030000 0.008953000 0.989095000 0.139277000
1520530415.403189898 0.605134000 0.255244000 -0.033592000 -0.045947000 0.018714000 0.988568000 0.142377000
1520530415.453190088 0.604738000 0.207398000 -0.080622000 -0.040869000 0.026049000 0.988907000 0.140408000
1520530415.503099918 0.600327000 0.159217000 -0.121147000 -0.031572000 0.036232000 0.989271000 0.137963000
1520530415.553050041 0.595138000 0.111154000 -0.153898000 -0.026621000 0.054559000 0.988946000 0.135280000
1520530415.603049994 0.592750000 0.062563000 -0.180148000 -0.020633000 0.083476000 0.987119000 0.134916000
1520530415.653059959 0.595756000 0.017379000 -0.201507000 -0.010519000 0.113318000 0.984051000 0.136721000
1520530415.703059912 0.604249000 -0.026593000 -0.214143000 -0.001643000 0.133533000 0.979847000 0.148544000
1520530415.753060102 0.620403000 -0.068947000 -0.219241000 0.002681000 0.141732000 0.976399000 0.162943000
1520530415.803060055 0.648533000 -0.113216000 -0.218481000 0.010630000 0.138242000 0.973478000 0.181978000
1520530415.853060007 0.676792000 -0.151250000 -0.211197000 0.020329000 0.124989000 0.971738000 0.199224000
1520530415.903340101 0.711430000 -0.190167000 -0.197371000 0.020281000 0.109036000 0.970247000 0.215224000
1520530415.953350067 0.745842000 -0.226705000 -0.179797000 0.007989000 0.094264000 0.968588000 0.229973000
1520530416.003350019 0.777676000 -0.260477000 -0.159864000 -0.005330000 0.079237000 0.966790000 0.242920000
1520530416.053349972 0.807225000 -0.292651000 -0.140636000 -0.017890000 0.065926000 0.964925000 0.253483000
1520530416.103349924 0.831651000 -0.319832000 -0.125168000 -0.027470000 0.054742000 0.963533000 0.260484000
1520530416.153350115 0.846766000 -0.341697000 -0.106226000 -0.037218000 0.048533000 0.962403000 0.264652000
1520530416.203350067 0.854881000 -0.357981000 -0.091728000 -0.044186000 0.045813000 0.961801000 0.266246000
1520530416.253350019 0.856558000 -0.373150000 -0.081827000 -0.045642000 0.045500000 0.961776000 0.266146000
1520530416.303359985 0.850293000 -0.380869000 -0.076184000 -0.045353000 0.047597000 0.962042000 0.264864000
1520530416.353359938 0.835338000 -0.382438000 -0.073708000 -0.047532000 0.051343000 0.962672000 0.261471000
1520530416.403359890 0.811341000 -0.381233000 -0.075596000 -0.049813000 0.053602000 0.963418000 0.257819000
1520530416.453360081 0.776723000 -0.374114000 -0.079029000 -0.055090000 0.054899000 0.964717000 0.251539000
1520530416.503360033 0.734113000 -0.367204000 -0.084761000 -0.057315000 0.054162000 0.968205000 0.237405000
1520530416.553359985 0.672878000 -0.352103000 -0.088246000 -0.056108000 0.053130000 0.973046000 0.217280000
1520530416.603359938 0.598206000 -0.338960000 -0.092306000 -0.055674000 0.052470000 0.978406000 0.192015000
1520530416.653369904 0.509967000 -0.325774000 -0.094884000 -0.052284000 0.052410000 0.984424000 0.159465000
1520530416.703249931 0.409606000 -0.314405000 -0.096118000 -0.050125000 0.053757000 0.989720000 0.122690000
1520530416.753249884 0.297817000 -0.304930000 -0.094798000 -0.044120000 0.055117000 0.993630000 0.087839000
1520530416.803250074 0.178385000 -0.298658000 -0.091292000 -0.034410000 0.053871000 0.996172000 0.059626000
1520530416.853260040 0.055298000 -0.294095000 -0.085349000 -0.018633000 0.051010000 0.997850000 0.036701000
1520530416.903259993 -0.066613000 -0.293498000 -0.074953000 0.002242000 0.049947000 0.998657000 0.013588000
1520530416.953259945 -0.183315000 -0.296738000 -0.061406000 -0.025842000 -0.054308000 -0.998092000 0.013939000
1520530417.003259897 -0.290852000 -0.303509000 -0.044487000 -0.042147000 -0.063209000 -0.996265000 0.041043000
1520530417.053260088 -0.387121000 -0.312958000 -0.026673000 -0.059227000 -0.074990000 -0.992808000 0.072118000
1520530417.103369951 -0.471186000 -0.323051000 -0.008788000 -0.072752000 -0.089294000 -0.988383000 0.099165000
1520530417.153350115 -0.542552000 -0.332117000 0.010224000 -0.081597000 -0.102898000 -0.983801000 0.122020000
1520530417.203350067 -0.604019000 -0.336930000 0.026064000 -0.089321000 -0.111449000 -0.979173000 0.144296000
1520530417.253350019 -0.650890000 -0.341906000 0.041361000 -0.094384000 -0.111938000 -0.975348000 0.165101000
1520530417.303349972 -0.684832000 -0.343604000 0.054813000 -0.099074000 -0.106205000 -0.972258000 0.183353000
1520530417.353359938 -0.706846000 -0.341516000 0.064585000 -0.101022000 -0.097441000 -0.970450000 0.196280000
1520530417.403359890 -0.716854000 -0.333213000 0.069297000 -0.101139000 -0.090001000 -0.969846000 0.202654000
1520530417.453360081 -0.715233000 -0.316805000 0.069610000 -0.101073000 -0.086582000 -0.970112000 0.202904000
1520530417.503360033 -0.702602000 -0.296209000 0.063975000 -0.100005000 -0.087121000 -0.970933000 0.199245000
1520530417.553440094 -0.677673000 -0.266551000 0.054047000 -0.095397000 -0.090349000 -0.972399000 0.192811000
1520530417.603440046 -0.645025000 -0.232992000 0.041421000 -0.088856000 -0.092734000 -0.974686000 0.183011000
1520530417.653450012 -0.602457000 -0.197954000 0.026541000 -0.080316000 -0.092734000 -0.977883000 0.169395000
1520530417.703449965 -0.550600000 -0.161844000 0.010351000 -0.070562000 -0.091305000 -0.981187000 0.154781000
1520530417.753449917 -0.492588000 -0.120689000 -0.003159000 -0.064402000 -0.088569000 -0.984050000 0.140195000
1520530417.803450108 -0.423416000 -0.081395000 -0.017106000 -0.059025000 -0.084026000 -0.986691000 0.126082000
1520530417.853450060 -0.347535000 -0.042995000 -0.027664000 -0.053572000 -0.078733000 -0.988703000 0.115746000
1520530417.903450012 -0.265096000 -0.005481000 -0.035675000 -0.043104000 -0.073010000 -0.990691000 0.106501000
1520530417.953429937 -0.177287000 0.029398000 -0.039047000 -0.028384000 -0.064628000 -0.992421000 0.100589000
1520530418.003439903 -0.086057000 0.060571000 -0.036649000 -0.009339000 -0.053506000 -0.993825000 0.096757000
1520530418.053440094 0.004763000 0.086713000 -0.028070000 0.006905000 -0.041119000 -0.994842000 0.092475000
1520530418.103440046 0.092465000 0.108978000 -0.014303000 0.018216000 -0.030257000 -0.996297000 0.078395000
1520530418.153439999 0.174514000 0.127316000 0.002958000 0.031183000 -0.022939000 -0.997558000 0.058132000
1520530418.203439951 0.247819000 0.142751000 0.021581000 0.045964000 -0.016933000 -0.998128000 0.036610000
1520530418.253439903 0.311382000 0.155072000 0.039202000 0.063178000 -0.010128000 -0.997837000 0.015079000
1520530418.303450108 0.363937000 0.165107000 0.053342000 0.077538000 -0.002164000 -0.996987000 0.000392000
1520530418.353410006 0.402703000 0.174507000 0.064256000 -0.083552000 -0.004172000 0.996429000 0.011425000
1520530418.403409958 0.427560000 0.185189000 0.070402000 -0.087378000 -0.006063000 0.995803000 0.026528000
1520530418.453409910 0.439945000 0.198467000 0.069821000 -0.089271000 -0.002669000 0.995187000 0.040328000
1520530418.503420115 0.440107000 0.213460000 0.062072000 -0.091871000 0.004744000 0.994283000 0.054207000
1520530418.553420067 0.428571000 0.231229000 0.047662000 -0.090116000 0.014203000 0.993801000 0.063544000
1520530418.603420019 0.407473000 0.252355000 0.027684000 -0.083410000 0.021642000 0.993757000 0.070863000
1520530418.653419971 0.375311000 0.274101000 0.002951000 -0.074655000 0.026257000 0.994131000 0.073764000
1520530418.703419924 0.330320000 0.299531000 -0.023416000 -0.070390000 0.029867000 0.994617000 0.069937000
1520530418.753319979 0.271195000 0.325807000 -0.050338000 -0.070395000 0.031254000 0.994893000 0.065238000
1520530418.803329945 0.202921000 0.353107000 -0.076929000 -0.071377000 0.028964000 0.995231000 0.059853000
1520530418.853329897 0.123416000 0.381526000 -0.099844000 -0.068782000 0.026252000 0.995934000 0.051909000
1520530418.903330088 0.036312000 0.411593000 -0.118542000 -0.061057000 0.026340000 0.996970000 0.040362000
1520530418.953330040 -0.057389000 0.440136000 -0.131174000 -0.044742000 0.027253000 0.998239000 0.027840000
1520530419.003329992 -0.154520000 0.467521000 -0.134545000 -0.018863000 0.029785000 0.999309000 0.011754000
1520530419.053339958 -0.251821000 0.491540000 -0.128557000 -0.008938000 -0.034619000 -0.999320000 0.009039000
1520530419.103339911 -0.345937000 0.512412000 -0.114129000 -0.027620000 -0.040687000 -0.998320000 0.030627000
1520530419.153520107 -0.433270000 0.529242000 -0.093161000 -0.041464000 -0.049002000 -0.996503000 0.053493000
1520530419.203520060 -0.511006000 0.543747000 -0.067335000 -0.051240000 -0.057035000 -0.994213000 0.075250000
1520530419.253520012 -0.578075000 0.557425000 -0.037291000 -0.063446000 -0.062599000 -0.991608000 0.093649000
1520530419.303519964 -0.633217000 0.570789000 -0.003531000 -0.075365000 -0.064577000 -0.988865000 0.110891000
1520530419.353519917 -0.676926000 0.584596000 0.031931000 -0.088918000 -0.061950000 -0.986530000 0.122530000
1520530419.403520107 -0.708966000 0.597612000 0.066399000 -0.107110000 -0.054385000 -0.983788000 0.133158000
1520530419.453530073 -0.729953000 0.613151000 0.096098000 -0.123113000 -0.042464000 -0.980796000 0.145185000
1520530419.503530025 -0.741732000 0.628579000 0.116928000 -0.132634000 -0.028948000 -0.978755000 0.153655000
1520530419.553529978 -0.743241000 0.646715000 0.128947000 -0.140656000 -0.018171000 -0.977077000 0.158766000
1520530419.603709936 -0.733328000 0.666929000 0.130766000 -0.143365000 -0.013230000 -0.976381000 0.161097000
1520530419.653719902 -0.710906000 0.694449000 0.122977000 -0.142566000 -0.014700000 -0.976202000 0.162754000
1520530419.703720093 -0.682910000 0.720522000 0.102448000 -0.143295000 -0.022399000 -0.975565000 0.165041000
1520530419.753720045 -0.643494000 0.748210000 0.072933000 -0.137762000 -0.035713000 -0.975776000 0.166152000
1520530419.803719997 -0.593255000 0.777636000 0.038089000 -0.128685000 -0.051063000 -0.976548000 0.164885000
1520530419.853719950 -0.527467000 0.807675000 0.000724000 -0.121129000 -0.064870000 -0.977607000 0.159384000
1520530419.903729916 -0.448406000 0.837982000 -0.037966000 -0.115137000 -0.074984000 -0.979026000 0.150427000
1520530419.953730106 -0.355054000 0.869812000 -0.073149000 -0.104953000 -0.082001000 -0.981489000 0.137623000
1520530420.003580093 -0.250165000 0.900280000 -0.103717000 -0.090178000 -0.089096000 -0.984218000 0.123470000
1520530420.053590059 -0.137539000 0.929819000 -0.125960000 -0.069852000 -0.095226000 -0.986882000 0.110080000
1520530420.103590012 -0.020977000 0.954668000 -0.137206000 -0.041231000 -0.097780000 -0.990235000 0.090414000
1520530420.153589964 0.092802000 0.974374000 -0.136184000 -0.013138000 -0.096066000 -0.993313000 0.062671000
1520530420.203589916 0.201130000 0.988382000 -0.123937000 0.016387000 -0.089907000 -0.995291000 0.032322000
1520530420.253590107 0.301300000 0.996542000 -0.098981000 -0.041731000 0.079485000 0.995962000 0.000900000
1520530420.303600073 0.389814000 0.999624000 -0.064228000 -0.060465000 0.065845000 0.995394000 0.034624000
1520530420.353600025 0.465576000 0.998934000 -0.024146000 -0.073387000 0.051654000 0.993573000 0.068984000
1520530420.403690100 0.527714000 0.996924000 0.017385000 -0.082358000 0.038394000 0.990940000 0.098899000
1520530420.453690052 0.576238000 0.996302000 0.056334000 -0.087379000 0.027033000 0.988379000 0.121415000
1520530420.503690004 0.612863000 0.995865000 0.090716000 -0.091169000 0.017912000 0.985783000 0.139997000
1520530420.553689957 0.638643000 0.997756000 0.118572000 -0.091044000 0.010841000 0.983081000 0.158575000
1520530420.603689909 0.653907000 1.003072000 0.137919000 -0.087860000 0.007187000 0.981310000 0.171055000
1520530420.653690100 0.659520000 1.011203000 0.147561000 -0.084792000 0.007708000 0.979783000 0.181044000
1520530420.703700066 0.655855000 1.023353000 0.145624000 -0.081608000 0.012171000 0.978984000 0.186501000
1520530420.753700018 0.643538000 1.038677000 0.131623000 -0.080242000 0.020219000 0.978981000 0.186411000
1520530420.803339958 0.622969000 1.058057000 0.108141000 -0.079578000 0.028227000 0.979117000 0.184932000
1520530420.853339911 0.592403000 1.081424000 0.075993000 -0.078577000 0.035527000 0.979786000 0.180506000
1520530420.903340101 0.551670000 1.107944000 0.036759000 -0.075980000 0.043294000 0.980929000 0.173580000
1520530420.953350067 0.498188000 1.137696000 -0.006790000 -0.069074000 0.051670000 0.983414000 0.159552000
1520530421.003350019 0.434474000 1.169264000 -0.052103000 -0.064145000 0.060026000 0.986183000 0.140444000
1520530421.053349972 0.360453000 1.200027000 -0.094955000 -0.056259000 0.063896000 0.989380000 0.117814000
1520530421.103349924 0.275806000 1.230640000 -0.131993000 -0.050466000 0.063812000 0.992448000 0.091800000
1520530421.153350115 0.182177000 1.259452000 -0.161800000 -0.038641000 0.059994000 0.995380000 0.064231000
1520530421.203419924 0.080172000 1.286027000 -0.180877000 -0.020623000 0.056529000 0.997676000 0.031955000
1520530421.253420115 -0.025884000 1.305503000 -0.193758000 0.001055000 -0.054332000 -0.998521000 0.001364000
1520530421.303420067 -0.132825000 1.320743000 -0.195344000 -0.017030000 -0.054862000 -0.997671000 0.036774000
1520530421.353420019 -0.236934000 1.330859000 -0.186882000 -0.033264000 -0.057234000 -0.995228000 0.071682000
1520530421.403419971 -0.335322000 1.336830000 -0.167023000 -0.050161000 -0.059249000 -0.991500000 0.104407000
1520530421.453419924 -0.424056000 1.338299000 -0.137161000 -0.064003000 -0.058549000 -0.986989000 0.135385000
1520530421.503420115 -0.500431000 1.340995000 -0.098064000 -0.076700000 -0.052278000 -0.982145000 0.163630000
1520530421.553420067 -0.564539000 1.344609000 -0.054244000 -0.092969000 -0.041364000 -0.976684000 0.189033000
1520530421.603590012 -0.616249000 1.350275000 -0.008342000 -0.109006000 -0.028372000 -0.971510000 0.208520000
1520530421.653599977 -0.656392000 1.356918000 0.035902000 -0.122634000 -0.013952000 -0.966636000 0.224456000
1520530421.703599930 -0.684884000 1.367867000 0.076854000 -0.131814000 0.000162000 -0.962783000 0.235952000
1520530421.753599882 -0.703580000 1.381431000 0.111015000 -0.139182000 0.011542000 -0.959725000 0.243769000
1520530421.803600073 -0.715592000 1.395179000 0.134290000 -0.145530000 0.017440000 -0.957378000 0.248887000
1520530421.853600025 -0.720391000 1.410634000 0.148532000 -0.147862000 0.019168000 -0.956115000 0.252217000
1520530421.903599977 -0.717723000 1.433292000 0.151582000 -0.146288000 0.018935000 -0.956545000 0.251521000
1520530421.953670025 -0.704281000 1.456210000 0.146812000 -0.140525000 0.018800000 -0.958692000 0.246595000
1520530422.003599882 -0.682685000 1.482811000 0.133726000 -0.137294000 0.020016000 -0.960487000 0.241277000
1520530422.053450108 -0.651992000 1.513279000 0.114105000 -0.130644000 0.022451000 -0.962848000 0.235269000
1520530422.103450060 -0.612022000 1.544235000 0.090021000 -0.120631000 0.022685000 -0.966494000 0.225440000
1520530422.153450012 -0.562530000 1.578544000 0.063203000 -0.111797000 0.018386000 -0.969829000 0.215859000
1520530422.203449965 -0.504176000 1.612870000 0.035605000 -0.101690000 0.009451000 -0.973149000 0.206279000
1520530422.253459930 -0.438716000 1.651194000 0.010179000 -0.088688000 -0.002367000 -0.976559000 0.196115000
1520530422.303459883 -0.365194000 1.689435000 -0.011530000 -0.076498000 -0.013640000 -0.980088000 0.182730000
1520530422.353460073 -0.285739000 1.725432000 -0.030027000 -0.064067000 -0.022207000 -0.983868000 0.165547000
1520530422.403460026 -0.202071000 1.758981000 -0.043597000 -0.047716000 -0.026925000 -0.988282000 0.142469000
1520530422.453370094 -0.117356000 1.790193000 -0.052185000 -0.028707000 -0.029022000 -0.992719000 0.113329000
1520530422.503370047 -0.031428000 1.817530000 -0.056111000 -0.011168000 -0.030688000 -0.996496000 0.077004000
1520530422.553369999 0.051928000 1.838555000 -0.055679000 0.003547000 -0.034400000 -0.998653000 0.038687000
1520530422.603379965 0.130663000 1.854384000 -0.050567000 -0.017481000 0.039944000 0.999049000 0.000926000
1520530422.653379917 0.203719000 1.865026000 -0.042029000 -0.028436000 0.044033000 0.997745000 0.041919000
1520530422.703380108 0.268393000 1.871288000 -0.030171000 -0.034990000 0.045980000 0.994980000 0.081711000
1520530422.753380060 0.322656000 1.872719000 -0.015919000 -0.036016000 0.047693000 0.991133000 0.118673000
1520530422.803380013 0.365721000 1.874060000 0.000712000 -0.032118000 0.050156000 0.986689000 0.151323000
1520530422.853559971 0.396402000 1.874078000 0.020303000 -0.027846000 0.050980000 0.982450000 0.177250000
1520530422.903559923 0.414728000 1.876554000 0.041737000 -0.020065000 0.045556000 0.979921000 0.193072000
1520530422.953569889 0.422946000 1.880023000 0.064916000 -0.013175000 0.034545000 0.979274000 0.199135000
1520530423.003570080 0.422763000 1.883789000 0.090350000 -0.008685000 0.015237000 0.980066000 0.197896000
1520530423.053570032 0.414562000 1.888076000 0.116665000 -0.005764000 -0.011473000 0.981747000 0.189755000
1520530423.103569984 0.402344000 1.888031000 0.143921000 -0.006747000 -0.046031000 0.982853000 0.178425000
1520530423.153569937 0.386271000 1.886850000 0.171259000 -0.010022000 -0.091613000 0.981949000 0.165173000
1520530423.203569889 0.369051000 1.878662000 0.197226000 -0.015226000 -0.144111000 0.977908000 0.150655000
1520530423.253299952 0.349880000 1.867881000 0.221929000 -0.019036000 -0.196630000 0.970796000 0.136120000
1520530423.303299904 0.325920000 1.857067000 0.242267000 -0.020479000 -0.243803000 0.961998000 0.121245000
1520530423.353300095 0.301194000 1.840664000 0.257643000 -0.019833000 -0.283981000 0.952484000 0.108328000
1520530423.403300047 0.276604000 1.820514000 0.268718000 -0.017906000 -0.318489000 0.943116000 0.093682000
1520530423.453299999 0.253059000 1.798485000 0.274509000 -0.015724000 -0.345937000 0.934933000 0.077336000
1520530423.503299952 0.227819000 1.778469000 0.273957000 -0.013342000 -0.361496000 0.930305000 0.060632000
1520530423.553339958 0.204278000 1.756833000 0.268315000 -0.006309000 -0.362485000 0.930963000 0.043269000
1520530423.603310108 0.180884000 1.734845000 0.255082000 0.002776000 -0.343362000 0.938853000 0.025505000
1520530423.652970076 0.156533000 1.713319000 0.236086000 0.011054000 -0.305074000 0.952228000 0.008292000
1520530423.702970028 0.131843000 1.690931000 0.212380000 -0.018229000 0.254179000 -0.966933000 0.010112000
1520530423.752969980 0.107032000 1.668850000 0.183607000 -0.025011000 0.196936000 -0.979636000 0.030075000
1520530423.802969933 0.082717000 1.642180000 0.152778000 -0.027180000 0.136359000 -0.989129000 0.047866000
1520530423.852969885 0.060451000 1.613615000 0.120136000 -0.026367000 0.073904000 -0.994918000 0.063090000
1520530423.902970076 0.039334000 1.582545000 0.088087000 -0.024685000 0.010150000 -0.996666000 0.077098000
1520530423.952980042 0.020955000 1.550638000 0.057319000 -0.017965000 -0.055796000 -0.994498000 0.086823000
1520530424.002979994 0.005845000 1.516089000 0.027950000 -0.011372000 -0.126366000 -0.987508000 0.093438000
1520530424.052930117 -0.005853000 1.479743000 0.000991000 -0.003158000 -0.198205000 -0.975273000 0.097713000
1520530424.103240013 -0.013562000 1.441766000 -0.021893000 0.006348000 -0.267044000 -0.958561000 0.099035000
1520530424.153239965 -0.015445000 1.403740000 -0.038252000 0.015310000 -0.324115000 -0.940699000 0.098996000
1520530424.203239918 -0.014344000 1.368631000 -0.046577000 0.024916000 -0.360935000 -0.927270000 0.096314000
1520530424.253240108 -0.011436000 1.336121000 -0.043953000 0.030572000 -0.371001000 -0.923326000 0.094307000
1520530424.303250074 -0.002334000 1.308302000 -0.034765000 0.032050000 -0.350627000 -0.931326000 0.093091000
1520530424.353250027 0.003059000 1.283011000 -0.014917000 0.030837000 -0.300088000 -0.948807000 0.093602000
1520530424.403249979 0.011371000 1.258261000 0.010838000 0.025341000 -0.224087000 -0.969799000 0.092909000
1520530424.453259945 0.019970000 1.231056000 0.039681000 0.014438000 -0.134141000 -0.986547000 0.092323000
1520530424.504719973 0.032450000 1.202753000 0.074062000 0.004177000 -0.036939000 -0.995443000 0.087809000
1520530424.554719925 0.043519000 1.170110000 0.105101000 -0.004495000 0.052425000 -0.995204000 0.082463000
1520530424.604720116 0.053987000 1.132539000 0.131284000 -0.010660000 0.127867000 -0.988622000 0.078499000
1520530424.654720068 0.063546000 1.092830000 0.151102000 -0.011957000 0.182410000 -0.980180000 0.076360000
1520530424.704730034 0.071290000 1.051401000 0.165156000 -0.010509000 0.212501000 -0.974187000 0.075447000
1520530424.754729986 0.077052000 1.010790000 0.173368000 -0.009858000 0.224776000 -0.971506000 0.074530000
1520530424.804729939 0.080557000 0.973814000 0.173502000 -0.012528000 0.215055000 -0.973866000 0.071972000
1520530424.854739904 0.082300000 0.941399000 0.164416000 -0.013921000 0.175679000 -0.981784000 0.071010000
1520530424.903379917 0.082426000 0.908475000 0.148170000 -0.014231000 0.114284000 -0.990915000 0.069453000
1520530424.953380108 0.083482000 0.875288000 0.127493000 -0.006710000 0.038378000 -0.997423000 0.060244000
1520530425.003380060 0.084108000 0.839377000 0.106173000 0.000102000 -0.037892000 -0.998221000 0.046038000
1520530425.053380013 0.084707000 0.799230000 0.087945000 0.008252000 -0.098440000 -0.994788000 0.025271000
1520530425.103389978 0.085394000 0.753599000 0.075251000 0.015175000 -0.134462000 -0.990803000 0.000019000
1520530425.153389931 0.084484000 0.711197000 0.067737000 -0.024632000 0.142277000 0.989024000 0.031344000
1520530425.203389883 0.081992000 0.665994000 0.067111000 -0.034396000 0.124571000 0.989535000 0.064175000
1520530425.253390074 0.079449000 0.619855000 0.071644000 -0.045337000 0.091939000 0.989934000 0.097585000
1520530425.303740025 0.076195000 0.577259000 0.077791000 -0.056169000 0.060054000 0.987727000 0.132796000
1520530425.353739977 0.074661000 0.535212000 0.085393000 -0.064318000 0.040531000 0.982128000 0.172177000
1520530425.403739929 0.074550000 0.495498000 0.091990000 -0.068630000 0.033156000 0.974054000 0.213094000
1520530425.453749895 0.075694000 0.458450000 0.098281000 -0.066416000 0.032014000 0.966281000 0.246708000
1520530425.503750086 0.076939000 0.424186000 0.105003000 -0.054883000 0.031293000 0.964324000 0.257075000
1520530425.553750038 0.077654000 0.394734000 0.111645000 -0.036296000 0.030216000 0.971113000 0.233901000
1520530425.603749990 0.076300000 0.368132000 0.118586000 -0.014610000 0.033890000 0.983114000 0.179236000
1520530425.653759956 0.071744000 0.339472000 0.125094000 0.004776000 0.042957000 0.994217000 0.098303000
1520530425.703690052 0.064881000 0.309060000 0.132159000 0.013954000 0.048024000 0.998720000 0.007577000
1520530425.753690004 0.055189000 0.275720000 0.139526000 -0.015809000 -0.042877000 -0.995447000 0.083648000
1520530425.803689957 0.043031000 0.239423000 0.146467000 -0.019529000 -0.027593000 -0.984898000 0.169806000
1520530425.853689909 0.029614000 0.199677000 0.150555000 -0.029915000 -0.008762000 -0.967658000 0.250332000
1520530425.903690100 0.017095000 0.158854000 0.152213000 -0.039904000 0.009818000 -0.947984000 0.315654000
1520530425.953690052 0.006778000 0.121929000 0.151294000 -0.049192000 0.022586000 -0.931888000 0.358684000
1520530426.003690004 -0.001046000 0.087828000 0.147814000 -0.050206000 0.025193000 -0.925830000 0.373741000
1520530426.053689957 -0.005055000 0.058478000 0.143116000 -0.042666000 0.017405000 -0.933252000 0.356256000
1520530426.103480101 -0.005303000 0.031591000 0.138876000 -0.036310000 0.002655000 -0.948421000 0.314916000
1520530426.153490067 -0.002046000 0.005900000 0.136066000 -0.029160000 -0.015662000 -0.964953000 0.260328000
1520530426.203490019 0.004996000 -0.018625000 0.134634000 -0.019908000 -0.034510000 -0.980024000 0.194847000
1520530426.253489971 0.014944000 -0.041905000 0.133049000 -0.008300000 -0.048030000 -0.991182000 0.123217000
1520530426.303499937 0.026508000 -0.063393000 0.133240000 -0.004169000 -0.053531000 -0.997234000 0.051392000
1520530426.353499889 0.040902000 -0.082019000 0.135868000 -0.005061000 0.047782000 0.998447000 0.028182000
1520530426.403500080 0.056238000 -0.107116000 0.139836000 -0.013556000 0.032987000 0.993640000 0.106802000
1520530426.453500032 0.071470000 -0.134699000 0.144632000 -0.023841000 0.017641000 0.983391000 0.179058000
1520530426.503509998 0.084560000 -0.163019000 0.147960000 -0.033476000 0.006895000 0.970701000 0.237849000
1520530426.553570032 0.095257000 -0.188660000 0.150159000 -0.033138000 0.002202000 0.962950000 0.267626000
1520530426.603569984 0.101099000 -0.210703000 0.151451000 -0.024417000 0.002682000 0.964831000 0.261722000
1520530426.653569937 0.101162000 -0.233667000 0.151551000 -0.012885000 0.008572000 0.974833000 0.222400000
1520530426.703579903 0.094788000 -0.259650000 0.150372000 -0.013021000 0.020095000 0.986316000 0.163117000
1520530426.753580093 0.081237000 -0.288103000 0.149102000 -0.018864000 0.030780000 0.995583000 0.086670000
1520530426.803580046 0.060310000 -0.321991000 0.146084000 -0.022500000 0.040230000 0.998934000 0.002482000
1520530426.853579998 0.034024000 -0.356523000 0.142828000 0.022707000 -0.044377000 -0.995551000 0.079957000
1520530426.903579950 0.002973000 -0.394094000 0.138122000 0.016781000 -0.044235000 -0.987152000 0.152619000
1520530426.953619957 -0.031418000 -0.431299000 0.133523000 0.010916000 -0.041663000 -0.976224000 0.212441000
1520530427.003619909 -0.067703000 -0.469572000 0.129443000 0.001459000 -0.041443000 -0.963487000 0.264526000
1520530427.053620100 -0.104214000 -0.505090000 0.126251000 -0.009048000 -0.044710000 -0.949374000 0.310819000
1520530427.103630066 -0.139157000 -0.540808000 0.123422000 -0.020280000 -0.050406000 -0.933408000 0.354678000
1520530427.153630018 -0.171294000 -0.578292000 0.121454000 -0.029250000 -0.057151000 -0.913586000 0.401546000
1520530427.203629971 -0.199980000 -0.613630000 0.119030000 -0.034289000 -0.062693000 -0.891395000 0.447559000
1520530427.253629923 -0.225756000 -0.646438000 0.116721000 -0.036295000 -0.065011000 -0.868726000 0.489665000
1520530427.303630114 -0.246647000 -0.679702000 0.114224000 -0.038030000 -0.066784000 -0.845059000 0.529121000
1520530427.353610039 -0.265391000 -0.709235000 0.109969000 -0.038856000 -0.069802000 -0.820578000 0.565924000
1520530427.403620005 -0.279963000 -0.736105000 0.106163000 -0.037809000 -0.074126000 -0.796442000 0.598962000
1520530427.453619957 -0.290832000 -0.758837000 0.101768000 -0.033458000 -0.078183000 -0.776442000 0.624424000
1520530427.503619909 -0.300775000 -0.773645000 0.098036000 -0.030136000 -0.082522000 -0.762416000 0.641095000
1520530427.553620100 -0.307947000 -0.781620000 0.095245000 -0.027495000 -0.086079000 -0.754904000 0.649580000
1520530427.603620052 -0.311445000 -0.786254000 0.093833000 -0.025924000 -0.089695000 -0.754230000 0.649938000
1520530427.653620005 -0.312538000 -0.779736000 0.092356000 -0.025944000 -0.090918000 -0.760270000 0.642689000
1520530427.703629971 -0.304464000 -0.765930000 0.092183000 -0.030920000 -0.089320000 -0.772077000 0.628461000
1520530427.753700018 -0.296620000 -0.737488000 0.092057000 -0.038151000 -0.084406000 -0.788087000 0.608554000
1520530427.803699970 -0.283024000 -0.696267000 0.092852000 -0.047940000 -0.078239000 -0.807539000 0.582634000
1520530427.853699923 -0.260612000 -0.644840000 0.094332000 -0.057436000 -0.070600000 -0.830528000 0.549490000
1520530427.903700113 -0.228582000 -0.586527000 0.096058000 -0.063302000 -0.058381000 -0.855961000 0.509820000
1520530427.953710079 -0.182395000 -0.523448000 0.098438000 -0.065436000 -0.041395000 -0.882523000 0.463851000
1520530428.003710032 -0.124337000 -0.458396000 0.099990000 -0.063178000 -0.021429000 -0.912702000 0.403144000
1520530428.053709984 -0.053909000 -0.394887000 0.100233000 -0.056008000 -0.001456000 -0.942905000 0.328315000
1520530428.103709936 0.028394000 -0.336384000 0.098992000 -0.050588000 0.013314000 -0.967667000 0.246749000
1520530428.153559923 0.119123000 -0.287005000 0.096295000 -0.045090000 0.018616000 -0.985476000 0.162655000
1520530428.203560114 0.216388000 -0.249382000 0.093068000 -0.036390000 0.015788000 -0.996118000 0.078588000
1520530428.253560066 0.316899000 -0.224801000 0.090850000 0.022732000 -0.011462000 0.999670000 0.003554000
1520530428.303560019 0.416780000 -0.214024000 0.090323000 0.012331000 -0.011205000 0.996257000 0.084817000
1520530428.353559971 0.512382000 -0.216643000 0.091976000 0.002394000 -0.015149000 0.985947000 0.166353000
1520530428.403640032 0.599333000 -0.231371000 0.096330000 -0.007732000 -0.023510000 0.969344000 0.244459000
1520530428.453569889 0.673949000 -0.255683000 0.101960000 -0.018134000 -0.031870000 0.947498000 0.317653000
1520530428.503570080 0.735726000 -0.285561000 0.107663000 -0.027152000 -0.037900000 0.920911000 0.386975000
1520530428.553469896 0.784886000 -0.317167000 0.112759000 -0.032193000 -0.039740000 0.891044000 0.451026000
1520530428.603470087 0.820418000 -0.348242000 0.116954000 -0.031485000 -0.037066000 0.859311000 0.509135000
1520530428.653480053 0.845707000 -0.376303000 0.119511000 -0.027199000 -0.031522000 0.825698000 0.562574000
1520530428.703480005 0.861445000 -0.400883000 0.120402000 -0.020034000 -0.026972000 0.790767000 0.611194000
1520530428.753479958 0.869891000 -0.421941000 0.118805000 -0.014279000 -0.023219000 0.754680000 0.655526000
1520530428.803479910 0.869891000 -0.440924000 0.115747000 -0.009364000 -0.021299000 0.716177000 0.697531000
1520530428.853480101 0.861642000 -0.457630000 0.111660000 -0.003823000 -0.021023000 0.674849000 0.737646000
1520530428.903480053 0.845555000 -0.472004000 0.107028000 0.005075000 -0.023598000 0.630775000 0.775590000
1520530428.953480005 0.826487000 -0.484754000 0.102130000 0.017128000 -0.026999000 0.582464000 0.812228000
1520530429.003469944 0.792537000 -0.495215000 0.098198000 0.028687000 -0.029217000 0.529417000 0.847373000
1520530429.053469896 0.745100000 -0.503863000 0.096339000 0.038517000 -0.032934000 0.472093000 0.880091000
1520530429.103470087 0.693684000 -0.507089000 0.092275000 0.046219000 -0.038498000 0.411795000 0.909289000
1520530429.153470039 0.634253000 -0.506870000 0.087825000 0.049969000 -0.041937000 0.350049000 0.934457000
1520530429.203469992 0.566575000 -0.503240000 0.084929000 0.050676000 -0.042075000 0.286346000 0.955859000
1520530429.253469944 0.496443000 -0.492035000 0.084895000 0.047354000 -0.039383000 0.221513000 0.973210000
1520530429.303479910 0.426608000 -0.473224000 0.084639000 0.040509000 -0.034550000 0.155217000 0.986445000
1520530429.353480101 0.356445000 -0.447103000 0.086054000 0.032198000 -0.028072000 0.089443000 0.995076000
1520530429.403569937 0.287921000 -0.412780000 0.089678000 0.025229000 -0.023059000 0.026647000 0.999060000
1520530429.453569889 0.222784000 -0.369861000 0.095367000 0.021339000 -0.018010000 -0.035275000 0.998987000
1520530429.503580093 0.161156000 -0.320810000 0.101561000 0.018432000 -0.015371000 -0.095223000 0.995167000
1520530429.553580046 0.103237000 -0.266304000 0.107720000 0.014944000 -0.015332000 -0.152068000 0.988138000
1520530429.603579998 0.049056000 -0.206449000 0.113092000 0.011069000 -0.015368000 -0.209852000 0.977550000
1520530429.653579950 -0.000499000 -0.141140000 0.117774000 0.005489000 -0.014958000 -0.267261000 0.963492000
1520530429.703579903 -0.043497000 -0.069640000 0.121752000 -0.002472000 -0.014775000 -0.320872000 0.947004000
1520530429.753580093 -0.081165000 0.007230000 0.124131000 -0.010110000 -0.013048000 -0.372041000 0.928070000
1520530429.803639889 -0.113653000 0.089353000 0.124496000 -0.015272000 -0.010326000 -0.421650000 0.906571000
1520530429.853650093 -0.137897000 0.177497000 0.123351000 -0.017078000 -0.007213000 -0.471761000 0.881532000
1520530429.903650045 -0.159362000 0.268679000 0.118806000 -0.017096000 -0.007020000 -0.521650000 0.852960000
1520530429.953649998 -0.173476000 0.362933000 0.114117000 -0.017485000 -0.009990000 -0.571114000 0.820624000
1520530430.003690004 -0.184944000 0.457528000 0.110391000 -0.017510000 -0.013703000 -0.622068000 0.782647000
1520530430.053649902 -0.188538000 0.553069000 0.107892000 -0.016621000 -0.016842000 -0.671366000 0.740748000
1520530430.103650093 -0.183238000 0.647558000 0.107091000 -0.014211000 -0.018576000 -0.719822000 0.693765000
1520530430.153650045 -0.168690000 0.742217000 0.106038000 -0.013494000 -0.020823000 -0.765028000 0.643519000
1520530430.203370094 -0.153420000 0.831153000 0.104444000 -0.017169000 -0.024237000 -0.806098000 0.591036000
1520530430.253370047 -0.131199000 0.919464000 0.101923000 -0.021951000 -0.027213000 -0.843620000 0.535801000
1520530430.303369999 -0.108352000 1.001810000 0.098354000 -0.025743000 -0.029406000 -0.876396000 0.480003000
1520530430.353369951 -0.077711000 1.079737000 0.093597000 -0.028286000 -0.030433000 -0.904698000 0.424022000
1520530430.403369904 -0.037533000 1.151216000 0.087778000 -0.029143000 -0.029202000 -0.927943000 0.370432000
1520530430.453370094 -0.000163000 1.220954000 0.083290000 -0.030472000 -0.026313000 -0.947057000 0.318532000
1520530430.503380060 0.033359000 1.287685000 0.081582000 -0.032457000 -0.023434000 -0.962357000 0.268824000
1520530430.553380013 0.072533000 1.349376000 0.082281000 -0.035252000 -0.021783000 -0.974565000 0.220241000
1520530430.603549957 0.109956000 1.403867000 0.086526000 -0.038014000 -0.020725000 -0.984213000 0.171613000
1520530430.653549910 0.151749000 1.452783000 0.091698000 -0.040004000 -0.018065000 -0.991624000 0.121474000
1520530430.703550100 0.192586000 1.497632000 0.097866000 -0.044084000 -0.014235000 -0.996387000 0.071182000
1520530430.753550053 0.244398000 1.528708000 0.102203000 -0.050674000 -0.011317000 -0.998401000 0.022361000
1520530430.803560019 0.294240000 1.559125000 0.105379000 0.056632000 0.009865000 0.998001000 0.026260000
1520530430.853559971 0.346364000 1.586427000 0.107015000 0.059377000 0.007651000 0.995324000 0.075809000
1520530430.903559923 0.395641000 1.606335000 0.107472000 0.060162000 0.002993000 0.990258000 0.125545000
1520530430.953560114 0.439371000 1.624156000 0.107552000 0.059511000 -0.003417000 0.982810000 0.174731000
1520530431.003720045 0.481999000 1.629734000 0.106493000 0.058618000 -0.009514000 0.972949000 0.223258000
1520530431.053719997 0.533751000 1.626640000 0.102168000 0.057168000 -0.012916000 0.960637000 0.271553000
1520530431.103719950 0.578833000 1.618961000 0.098980000 0.055417000 -0.014392000 0.945723000 0.319891000
1520530431.153719902 0.618086000 1.607902000 0.098796000 0.053865000 -0.015051000 0.927936000 0.368520000
1520530431.203730106 0.654345000 1.591326000 0.099003000 0.049892000 -0.016168000 0.906806000 0.418273000
1520530431.253730059 0.690269000 1.574905000 0.099742000 0.044768000 -0.020063000 0.881699000 0.469256000
1520530431.303730011 0.722191000 1.547974000 0.102306000 0.040542000 -0.024280000 0.852374000 0.520793000
1520530431.353729963 0.739791000 1.518657000 0.104307000 0.037667000 -0.024546000 0.817574000 0.574066000
1520530431.403729916 0.747658000 1.487557000 0.106122000 0.037107000 -0.022272000 0.777115000 0.627869000
1520530431.453579903 0.744126000 1.450119000 0.108220000 0.036232000 -0.020810000 0.730103000 0.682059000
1520530431.503590107 0.738991000 1.410400000 0.106732000 0.033555000 -0.022517000 0.677545000 0.734370000
1520530431.553590059 0.717898000 1.376186000 0.106697000 0.029844000 -0.027784000 0.622040000 0.781923000
1520530431.603590012 0.684379000 1.344309000 0.106202000 0.025428000 -0.032551000 0.562845000 0.825530000
1520530431.653589964 0.641043000 1.319091000 0.103824000 0.023281000 -0.034767000 0.498328000 0.865978000
1520530431.703589916 0.585941000 1.295471000 0.101007000 0.024322000 -0.036536000 0.431602000 0.900996000
1520530431.753590107 0.526090000 1.280544000 0.096821000 0.026593000 -0.039830000 0.363636000 0.930309000
1520530431.803600073 0.461072000 1.271771000 0.092530000 0.029174000 -0.043389000 0.296586000 0.953574000
1520530431.853549957 0.383137000 1.254335000 0.091777000 0.030542000 -0.044374000 0.228498000 0.972053000
1520530431.903549910 0.310946000 1.259695000 0.088996000 0.028577000 -0.041978000 0.158474000 0.986056000
1520530431.953550100 0.237322000 1.273797000 0.087717000 0.023338000 -0.038881000 0.085976000 0.995265000
1520530432.003550053 0.163865000 1.290941000 0.089927000 0.016776000 -0.038477000 0.013373000 0.999029000
1520530432.053550005 0.091414000 1.323202000 0.090541000 0.011426000 -0.038580000 -0.058113000 0.997499000
1520530432.103549957 0.022190000 1.365688000 0.091293000 0.008558000 -0.037774000 -0.128523000 0.990950000
1520530432.153559923 -0.043321000 1.413957000 0.090650000 0.007864000 -0.034923000 -0.197599000 0.979629000
1520530432.203560114 -0.104165000 1.468320000 0.088716000 0.008654000 -0.031100000 -0.261606000 0.964635000
1520530432.253720045 -0.158133000 1.528100000 0.086604000 0.010715000 -0.026260000 -0.321555000 0.946466000
1520530432.303719997 -0.205278000 1.590153000 0.084587000 0.014238000 -0.020706000 -0.379214000 0.924968000
1520530432.353719950 -0.244849000 1.653664000 0.082707000 0.018013000 -0.017444000 -0.433901000 0.900612000
1520530432.403719902 -0.277795000 1.717862000 0.081956000 0.021680000 -0.016450000 -0.485234000 0.873961000
1520530432.453720093 -0.303341000 1.782938000 0.081461000 0.024090000 -0.016210000 -0.535324000 0.844147000
1520530432.503730059 -0.319898000 1.843058000 0.081992000 0.024099000 -0.015480000 -0.585283000 0.810323000
1520530432.553730011 -0.328468000 1.904670000 0.083128000 0.021576000 -0.013941000 -0.636365000 0.770960000
1520530432.603729963 -0.332086000 1.962277000 0.086740000 0.016927000 -0.014717000 -0.685175000 0.728033000
1520530432.653569937 -0.330346000 2.010670000 0.087957000 0.012118000 -0.018952000 -0.730158000 0.682908000
1520530432.703569889 -0.322715000 2.048481000 0.088958000 0.007669000 -0.023246000 -0.770986000 0.636381000
1520530432.753570080 -0.309063000 2.089127000 0.092753000 0.002969000 -0.023545000 -0.809393000 0.586787000
1520530432.803570032 -0.288067000 2.112464000 0.095616000 -0.003061000 -0.018997000 -0.844909000 0.534563000
1520530432.853579998 -0.266686000 2.120605000 0.099062000 -0.010345000 -0.011868000 -0.877392000 0.479516000
1520530432.903579950 -0.232269000 2.129095000 0.102927000 -0.017767000 -0.005852000 -0.906863000 0.421011000
1520530432.953579903 -0.199941000 2.120886000 0.107274000 -0.022699000 -0.003629000 -0.932710000 0.359894000
1520530433.003580093 -0.161561000 2.106542000 0.110616000 -0.027980000 -0.005069000 -0.953857000 0.298912000
1520530433.053709984 -0.121565000 2.087523000 0.113117000 -0.035969000 -0.006222000 -0.969932000 0.240623000
1520530433.103709936 -0.071436000 2.082979000 0.112405000 -0.044202000 -0.005623000 -0.981800000 0.184617000
1520530433.153719902 -0.021787000 2.066333000 0.111286000 -0.047519000 -0.004580000 -0.990041000 0.132435000
1520530433.203720093 0.026279000 2.045301000 0.109856000 -0.044629000 -0.004255000 -0.995624000 0.081991000
1520530433.253720045 0.066316000 2.016245000 0.110578000 -0.041024000 -0.003095000 -0.998616000 0.032777000
1520530433.303719997 0.118150000 1.984699000 0.107767000 0.042433000 -0.000313000 0.999009000 0.013407000
1520530433.353719950 0.164497000 1.946988000 0.106682000 0.045535000 -0.004589000 0.997406000 0.055558000
1520530433.403719902 0.200409000 1.901183000 0.106952000 0.044343000 -0.007301000 0.994243000 0.097269000
1520530433.453720093 0.238125000 1.847982000 0.105837000 0.041470000 -0.009425000 0.989549000 0.137785000
1520530433.503819942 0.273580000 1.791194000 0.104534000 0.038151000 -0.012266000 0.983592000 0.175902000
1520530433.553819895 0.299550000 1.724192000 0.102686000 0.033517000 -0.014822000 0.976509000 0.212338000
1520530433.603820086 0.318980000 1.649581000 0.098504000 0.027430000 -0.014825000 0.968100000 0.248615000
1520530433.653820038 0.342370000 1.578653000 0.094314000 0.023233000 -0.009963000 0.957832000 0.286215000
1520530433.703819990 0.374847000 1.501923000 0.089936000 0.022263000 0.000016000 0.945312000 0.325406000
1520530433.753819942 0.393207000 1.425295000 0.086811000 0.024871000 0.011133000 0.931217000 0.363446000
1520530433.803829908 0.398781000 1.345411000 0.084578000 0.028558000 0.018980000 0.915071000 0.401833000
1520530433.853830099 0.397881000 1.266712000 0.085731000 0.031607000 0.020614000 0.896466000 0.441503000
1520530433.903650045 0.397527000 1.188397000 0.084697000 0.033402000 0.016159000 0.874694000 0.483253000
1520530433.953649998 0.385452000 1.110627000 0.083794000 0.033434000 0.009245000 0.849719000 0.526093000
1520530434.003659964 0.380996000 1.029712000 0.079349000 0.032406000 0.003762000 0.820970000 0.570039000
1520530434.053659916 0.372248000 0.946293000 0.074458000 0.032418000 0.001523000 0.789020000 0.613509000
1520530434.103660107 0.368640000 0.856462000 0.070044000 0.037018000 -0.000095000 0.755712000 0.653857000
1520530434.153660059 0.342229000 0.773407000 0.066098000 0.044401000 0.000424000 0.719734000 0.692829000
1520530434.203660011 0.310368000 0.689273000 0.064223000 0.052027000 0.002978000 0.679755000 0.731585000
1520530434.253659964 0.275849000 0.602245000 0.063471000 0.058395000 0.004114000 0.636436000 0.769105000
1520530434.303499937 0.235424000 0.514594000 0.063988000 0.062701000 0.003776000 0.590096000 0.804886000
1520530434.353499889 0.191123000 0.431224000 0.062349000 0.063553000 0.004373000 0.537005000 0.841170000
1520530434.403500080 0.139508000 0.343728000 0.063757000 0.063482000 0.001438000 0.478932000 0.875553000
1520530434.453510046 0.083015000 0.262375000 0.063482000 0.062628000 -0.004446000 0.419310000 0.905670000
1520530434.503509998 0.026821000 0.180804000 0.059566000 0.059740000 -0.011282000 0.356658000 0.932255000
1520530434.553509951 -0.033722000 0.107280000 0.055507000 0.055115000 -0.015628000 0.292527000 0.954540000
1520530434.603509903 -0.097686000 0.041818000 0.051784000 0.051673000 -0.015395000 0.227738000 0.972229000
1520530434.653510094 -0.161468000 -0.017152000 0.049198000 0.050470000 -0.017381000 0.165780000 0.984717000
1520530434.703680038 -0.229611000 -0.063026000 0.049813000 0.047928000 -0.021928000 0.103368000 0.993246000
1520530434.753679991 -0.294075000 -0.101213000 0.051459000 0.040531000 -0.023151000 0.034103000 0.998328000
1520530434.803679943 -0.355954000 -0.128298000 0.055013000 0.030364000 -0.023088000 -0.037413000 0.998572000
1520530434.853739977 -0.412364000 -0.146106000 0.059107000 0.022775000 -0.023450000 -0.108083000 0.993604000
1520530434.903680086 -0.462895000 -0.153878000 0.063465000 0.020444000 -0.025509000 -0.180887000 0.982960000
1520530434.953680038 -0.501798000 -0.162685000 0.066383000 0.020889000 -0.030273000 -0.253267000 0.966697000
1520530435.003690004 -0.536333000 -0.155118000 0.068877000 0.018677000 -0.035728000 -0.322321000 0.945771000
1520530435.053689957 -0.563123000 -0.139428000 0.070086000 0.011920000 -0.040120000 -0.388638000 0.920439000
1520530435.103820086 -0.586972000 -0.096847000 0.072036000 0.003058000 -0.042216000 -0.454811000 0.889582000
1520530435.153820038 -0.591830000 -0.072290000 0.072573000 -0.004985000 -0.045586000 -0.519439000 0.853276000
1520530435.203819990 -0.585243000 -0.039822000 0.073201000 -0.009825000 -0.050976000 -0.582077000 0.811475000
1520530435.253819942 -0.567424000 -0.009432000 0.073793000 -0.012085000 -0.056978000 -0.640551000 0.765704000
1520530435.303829908 -0.534867000 0.020171000 0.074744000 -0.017309000 -0.062326000 -0.692350000 0.718657000
1520530435.353830099 -0.494975000 0.057380000 0.072857000 -0.026402000 -0.065318000 -0.738823000 0.670207000
1520530435.403830051 -0.450694000 0.083565000 0.072845000 -0.034060000 -0.065253000 -0.780081000 0.621334000
1520530435.453830004 -0.400193000 0.109933000 0.071520000 -0.035205000 -0.062508000 -0.818057000 0.570645000
1520530435.504110098 -0.341699000 0.138833000 0.068670000 -0.032753000 -0.060197000 -0.852961000 0.517456000
1520530435.554110050 -0.276995000 0.161835000 0.065276000 -0.030245000 -0.060356000 -0.884088000 0.462418000
1520530435.604110003 -0.205982000 0.184013000 0.063512000 -0.031395000 -0.061561000 -0.910694000 0.407259000
1520530435.654109955 -0.131651000 0.206385000 0.059943000 -0.033028000 -0.060946000 -0.933502000 0.351808000
1520530435.704109907 -0.056408000 0.222518000 0.057930000 -0.032405000 -0.057862000 -0.953040000 0.295493000
1520530435.754120111 0.020164000 0.230532000 0.054798000 -0.030241000 -0.054866000 -0.968872000 0.239505000
1520530435.804120064 0.096951000 0.233424000 0.050688000 -0.028120000 -0.054931000 -0.980741000 0.185305000
1520530435.854120016 0.173193000 0.232564000 0.047654000 -0.024161000 -0.058488000 -0.989109000 0.132888000
1520530435.904119968 0.249403000 0.226779000 0.044343000 -0.019493000 -0.063015000 -0.994543000 0.080835000
1520530435.953860044 0.325452000 0.220207000 0.042750000 -0.015367000 -0.066077000 -0.997373000 0.025399000
1520530436.003859997 0.397304000 0.204523000 0.041888000 0.015829000 0.067121000 0.997095000 0.032341000
1520530436.053859949 0.468105000 0.188007000 0.041417000 0.019299000 0.067498000 0.993286000 0.091950000
1520530436.103859901 0.532617000 0.166391000 0.041786000 0.023119000 0.068273000 0.985455000 0.153894000
1520530436.153860092 0.590802000 0.141674000 0.042946000 0.026085000 0.068579000 0.973850000 0.215018000
1520530436.203870058 0.643685000 0.117814000 0.044352000 0.029287000 0.066105000 0.959629000 0.271817000
1520530436.253870010 0.688629000 0.093314000 0.044895000 0.032770000 0.061330000 0.943924000 0.322758000
1520530436.303869963 0.723708000 0.069106000 0.046362000 0.035983000 0.058152000 0.927467000 0.367597000
1520530436.353980064 0.752982000 0.050681000 0.046376000 0.038354000 0.058120000 0.910440000 0.407738000
1520530436.403980017 0.776027000 0.038618000 0.045727000 0.040141000 0.059227000 0.894250000 0.441811000
1520530436.453999996 0.793740000 0.034420000 0.044781000 0.041211000 0.059986000 0.880277000 0.468845000
1520530436.503979921 0.806244000 0.039107000 0.044916000 0.040898000 0.059836000 0.870026000 0.487649000
1520530436.553980112 0.813829000 0.052525000 0.046419000 0.038567000 0.058567000 0.862471000 0.501225000
1520530436.603990078 0.819128000 0.076691000 0.050495000 0.035032000 0.054593000 0.858238000 0.509137000
1520530436.653990030 0.821523000 0.109907000 0.057387000 0.031767000 0.046032000 0.857807000 0.510921000
1520530436.703989983 0.820630000 0.153321000 0.069178000 0.026332000 0.034092000 0.861848000 0.505334000
1520530436.754050016 0.819259000 0.207522000 0.083620000 0.014919000 0.019237000 0.869590000 0.493174000
1520530436.804049969 0.816375000 0.260036000 0.107329000 -0.001327000 -0.001240000 0.879029000 0.476765000
1520530436.854049921 0.801548000 0.318393000 0.135079000 -0.023321000 -0.026948000 0.889367000 0.455803000
1520530436.904059887 0.782155000 0.381799000 0.164560000 -0.052498000 -0.055399000 0.900512000 0.428080000
1520530436.954060078 0.751736000 0.448690000 0.191965000 -0.085534000 -0.084691000 0.912568000 0.390808000
1520530437.004060030 0.714273000 0.513275000 0.217010000 -0.115677000 -0.108318000 0.926540000 0.341190000
1520530437.054059982 0.668910000 0.576189000 0.232349000 -0.141532000 -0.120586000 0.940542000 0.284267000
1520530437.104059935 0.614463000 0.636036000 0.236347000 -0.158566000 -0.123640000 0.954603000 0.219778000
1520530437.153549910 0.544402000 0.686471000 0.225982000 -0.169221000 -0.117356000 0.966793000 0.151338000
1520530437.203560114 0.480047000 0.735511000 0.208310000 -0.174407000 -0.103815000 0.975858000 0.080661000
1520530437.253560066 0.412024000 0.775508000 0.180755000 -0.173561000 -0.083909000 0.981207000 0.008270000
1520530437.303560019 0.341385000 0.802996000 0.142718000 0.167811000 0.055953000 -0.982183000 0.063443000
1520530437.353559971 0.272000000 0.820473000 0.097484000 0.161639000 0.020310000 -0.977766000 0.132036000
1520530437.403559923 0.204988000 0.828006000 0.048477000 0.158370000 -0.019797000 -0.967301000 0.197117000
1520530437.453560114 0.140521000 0.825662000 0.001057000 0.152607000 -0.061935000 -0.950834000 0.262278000
1520530437.503560066 0.083067000 0.815202000 -0.039032000 0.139752000 -0.100808000 -0.928814000 0.328043000
1520530437.553889990 0.032507000 0.798251000 -0.067455000 0.123242000 -0.129325000 -0.901971000 0.393109000
1520530437.603889942 -0.011179000 0.779097000 -0.082577000 0.109916000 -0.147422000 -0.873332000 0.451084000
1520530437.653889894 -0.047159000 0.760421000 -0.084868000 0.095872000 -0.161769000 -0.842901000 0.504141000
1520530437.703890085 -0.075034000 0.744670000 -0.075457000 0.082490000 -0.172219000 -0.812251000 0.551167000
1520530437.753890038 -0.103416000 0.733478000 -0.052366000 0.063353000 -0.176759000 -0.780575000 0.596193000
1520530437.803900003 -0.121237000 0.728677000 -0.023896000 0.037530000 -0.172643000 -0.747206000 0.640678000
1520530437.853899956 -0.135342000 0.732089000 0.011080000 0.005138000 -0.163891000 -0.713459000 0.681241000
1520530437.903899908 -0.145270000 0.744337000 0.047176000 -0.026984000 -0.156198000 -0.684331000 0.711733000
1520530437.954499960 -0.153942000 0.765660000 0.081667000 -0.057054000 -0.149421000 -0.665280000 0.729260000
1520530438.004499912 -0.163425000 0.795571000 0.109996000 -0.088947000 -0.143288000 -0.659912000 0.732170000
1520530438.054500103 -0.176392000 0.830956000 0.130911000 -0.121005000 -0.137404000 -0.666908000 0.722296000
1520530438.104500055 -0.186346000 0.878128000 0.144800000 -0.149613000 -0.132554000 -0.684465000 0.701108000
1520530438.154500008 -0.202532000 0.940139000 0.148676000 -0.170845000 -0.128792000 -0.711403000 0.669425000
1520530438.204499960 -0.215747000 1.001738000 0.149020000 -0.186592000 -0.129621000 -0.742388000 0.630271000
1520530438.254509926 -0.216302000 1.068879000 0.139838000 -0.194009000 -0.135181000 -0.775928000 0.584827000
1520530438.304510117 -0.216807000 1.132301000 0.125724000 -0.195133000 -0.145710000 -0.808879000 0.535170000
1520530438.354510069 -0.207756000 1.201295000 0.111361000 -0.193813000 -0.162053000 -0.838893000 0.482114000
1520530438.403640032 -0.195753000 1.266002000 0.093179000 -0.187951000 -0.180827000 -0.866730000 0.425152000
1520530438.453639984 -0.180019000 1.326060000 0.072807000 -0.173232000 -0.201790000 -0.893436000 0.361998000
1520530438.503639936 -0.158089000 1.380252000 0.052156000 -0.150684000 -0.223551000 -0.914927000 0.300379000
1520530438.553639889 -0.130215000 1.430190000 0.033148000 -0.124636000 -0.242198000 -0.931729000 0.240181000
1520530438.603640079 -0.100022000 1.471365000 0.015952000 -0.104290000 -0.256137000 -0.943544000 0.182322000
1520530438.653640032 -0.070418000 1.505734000 0.002642000 -0.090526000 -0.265400000 -0.951293000 0.128097000
1520530438.703649998 -0.040726000 1.536826000 -0.004333000 -0.081548000 -0.266710000 -0.957100000 0.078582000
1520530438.753649950 -0.010952000 1.563037000 -0.007908000 -0.070295000 -0.257236000 -0.963152000 0.035019000
1520530438.804409981 0.017242000 1.587743000 -0.009336000 0.052960000 0.237346000 0.969978000 0.002015000
1520530438.854409933 0.043277000 1.608520000 -0.010946000 0.029128000 0.210650000 0.976628000 0.031236000
1520530438.904409885 0.065050000 1.631331000 -0.009824000 0.003849000 0.177438000 0.982687000 0.053176000
1520530438.954410076 0.074332000 1.656181000 -0.004826000 -0.016491000 0.141286000 0.987361000 0.069883000
1520530439.004410028 0.078731000 1.679685000 -0.002038000 -0.030864000 0.110917000 0.989906000 0.082655000
1520530439.054409981 0.081901000 1.703819000 0.000809000 -0.037939000 0.090910000 0.991103000 0.089498000
1520530439.104409933 0.077358000 1.737310000 0.008396000 -0.039329000 0.078702000 0.991844000 0.092221000
1520530439.154419899 0.074690000 1.764109000 0.011941000 -0.034480000 0.068878000 0.992922000 0.090401000
1520530439.204669952 0.068507000 1.792025000 0.015995000 -0.025871000 0.060845000 0.994394000 0.082518000
1520530439.254669905 0.062001000 1.821481000 0.020846000 -0.014874000 0.054127000 0.995986000 0.069716000
1520530439.304670095 0.048182000 1.848457000 0.022080000 -0.007519000 0.049091000 0.997216000 0.055617000
1520530439.354670048 0.037840000 1.875026000 0.024754000 -0.005761000 0.043945000 0.998028000 0.044439000
1520530439.404670000 0.025850000 1.906379000 0.028844000 -0.006352000 0.038323000 0.998517000 0.038147000
1520530439.454669952 0.016964000 1.929243000 0.029752000 -0.003498000 0.033143000 0.998911000 0.032655000
1520530439.504679918 0.010057000 1.950338000 0.030193000 0.000187000 0.029265000 0.999109000 0.030407000
1520530439.554680109 0.004382000 1.968107000 0.029975000 -0.000089000 0.026643000 0.999067000 0.033985000
1520530439.604190111 0.000663000 1.984773000 0.028814000 0.000084000 0.024636000 0.998685000 0.044953000
1520530439.654190063 -0.001334000 1.996094000 0.027827000 0.003237000 0.024336000 0.997767000 0.062116000
1520530439.704279900 -0.000684000 2.006862000 0.024522000 0.006857000 0.026154000 0.995918000 0.086118000
1520530439.754199982 0.002641000 2.014587000 0.020215000 0.011095000 0.030159000 0.992880000 0.114704000
1520530439.804199934 0.008489000 2.018756000 0.015093000 0.013055000 0.034926000 0.988233000 0.148345000
1520530439.854199886 0.016103000 2.019892000 0.010081000 0.015454000 0.039427000 0.981917000 0.184517000
1520530439.904200077 0.023467000 2.016680000 0.005943000 0.018460000 0.045325000 0.973620000 0.222864000
1520530439.954200029 0.030879000 2.012096000 0.002939000 0.021882000 0.053277000 0.963008000 0.263244000
1520530440.004110098 0.036443000 2.003468000 0.002437000 0.028499000 0.059356000 0.951527000 0.300433000
1520530440.054120064 0.040874000 1.992778000 0.002796000 0.036799000 0.062885000 0.940077000 0.333088000
1520530440.104120016 0.045188000 1.979436000 0.003606000 0.043621000 0.065772000 0.929000000 0.361567000
1520530440.154119968 0.050801000 1.964905000 0.004308000 0.047756000 0.068207000 0.916908000 0.390317000
1520530440.204119921 0.056735000 1.946406000 0.005177000 0.050495000 0.069829000 0.903394000 0.420064000
1520530440.254120111 0.062884000 1.923491000 0.006417000 0.053500000 0.069702000 0.889749000 0.447914000
1520530440.304130077 0.069840000 1.898364000 0.007696000 0.056684000 0.068247000 0.876003000 0.474077000
1520530440.354130030 0.077451000 1.870299000 0.008818000 0.056691000 0.067474000 0.861592000 0.499892000
1520530440.404129982 0.084654000 1.839204000 0.010291000 0.055229000 0.067328000 0.846607000 0.525046000
1520530440.453989983 0.091383000 1.806190000 0.012172000 0.054374000 0.065911000 0.830738000 0.550066000
1520530440.503999949 0.097271000 1.771913000 0.013533000 0.054820000 0.062160000 0.815093000 0.573371000
1520530440.553999901 0.101921000 1.736275000 0.014514000 0.055674000 0.057981000 0.799453000 0.595326000
1520530440.604000092 0.105008000 1.700558000 0.014113000 0.058285000 0.053963000 0.784670000 0.614804000
1520530440.654000044 0.107060000 1.663886000 0.013127000 0.063250000 0.050794000 0.770651000 0.632074000
1520530440.703999996 0.108049000 1.625730000 0.011546000 0.066671000 0.050450000 0.756926000 0.648130000
1520530440.754009962 0.107894000 1.586730000 0.009603000 0.069716000 0.051048000 0.744723000 0.661757000
1520530440.804009914 0.106636000 1.547493000 0.007135000 0.071986000 0.052804000 0.733574000 0.673720000
1520530440.853889942 0.105364000 1.507084000 0.004214000 0.074525000 0.054886000 0.722365000 0.685290000
1520530440.903889894 0.103268000 1.465990000 0.000932000 0.079031000 0.055810000 0.710829000 0.696679000
1520530440.953890085 0.100523000 1.424000000 -0.002764000 0.083966000 0.056524000 0.697954000 0.708953000
1520530441.003900051 0.097437000 1.381735000 -0.006869000 0.087969000 0.057790000 0.682456000 0.723309000
1520530441.053900003 0.094111000 1.338477000 -0.011393000 0.091195000 0.061304000 0.663606000 0.739968000
1520530441.103899956 0.088565000 1.294597000 -0.014414000 0.095342000 0.065319000 0.641433000 0.758424000
1520530441.153899908 0.080890000 1.251474000 -0.015481000 0.102047000 0.066473000 0.616731000 0.777696000
1520530441.203900099 0.071775000 1.208423000 -0.015408000 0.109232000 0.064658000 0.588677000 0.798340000
1520530441.253910065 0.062120000 1.165809000 -0.015236000 0.115089000 0.058954000 0.557500000 0.820044000
1520530441.303950071 0.051823000 1.125345000 -0.014672000 0.118325000 0.050913000 0.523531000 0.842213000
1520530441.353909969 0.040537000 1.084358000 -0.014203000 0.119151000 0.042421000 0.487085000 0.864148000
1520530441.403909922 0.028801000 1.045484000 -0.013349000 0.118770000 0.034393000 0.447872000 0.885506000
1520530441.453910112 0.016064000 1.007802000 -0.012000000 0.117087000 0.028133000 0.407261000 0.905338000
1520530441.503920078 0.003149000 0.971889000 -0.009782000 0.113788000 0.023966000 0.367642000 0.922669000
1520530441.553920031 -0.007717000 0.938252000 -0.006501000 0.108921000 0.021382000 0.331094000 0.937046000
1520530441.603919983 -0.016360000 0.905910000 -0.001476000 0.101156000 0.020973000 0.298048000 0.948944000
1520530441.654099941 -0.020379000 0.875719000 0.005242000 0.088296000 0.022645000 0.268492000 0.958959000
1520530441.704099894 -0.018232000 0.846935000 0.014449000 0.072064000 0.023622000 0.244877000 0.966584000
1520530441.754110098 -0.012923000 0.818369000 0.027827000 0.053243000 0.024727000 0.226373000 0.972270000
1520530441.804110050 -0.000603000 0.792345000 0.044301000 0.032606000 0.026313000 0.215296000 0.975650000
1520530441.854110003 0.018304000 0.770540000 0.063567000 0.011315000 0.030826000 0.212030000 0.976711000
1520530441.904109955 0.040124000 0.748887000 0.084107000 -0.011149000 0.037732000 0.214689000 0.975890000
1520530441.954109907 0.068716000 0.729784000 0.104723000 -0.035305000 0.045957000 0.223098000 0.973072000
1520530442.004110098 0.104334000 0.717034000 0.124905000 -0.059858000 0.053135000 0.236817000 0.968252000
1520530442.054049969 0.141320000 0.707399000 0.141649000 -0.079988000 0.056656000 0.255324000 0.961874000
1520530442.104049921 0.177565000 0.703377000 0.154889000 -0.092387000 0.058442000 0.277882000 0.954375000
1520530442.154050112 0.218139000 0.700874000 0.162448000 -0.099384000 0.060870000 0.305335000 0.945086000
1520530442.204050064 0.258977000 0.704771000 0.163738000 -0.102668000 0.064254000 0.337103000 0.933645000
1520530442.254060030 0.299227000 0.714853000 0.158962000 -0.101272000 0.069487000 0.372823000 0.919738000
1520530442.304059982 0.338548000 0.730676000 0.147646000 -0.092298000 0.075771000 0.412576000 0.903062000
1520530442.354059935 0.376747000 0.751219000 0.130262000 -0.076332000 0.083222000 0.454689000 0.883462000
1520530442.404059887 0.410309000 0.777740000 0.108827000 -0.055094000 0.090538000 0.498559000 0.860353000
1520530442.453730106 0.440854000 0.808051000 0.084109000 -0.030946000 0.100314000 0.544134000 0.832405000
1520530442.503740072 0.463073000 0.844552000 0.057594000 -0.004412000 0.111964000 0.590496000 0.799224000
1520530442.553740025 0.478294000 0.885037000 0.030218000 0.021817000 0.126029000 0.635767000 0.761210000
1520530442.603739977 0.487132000 0.926507000 0.004032000 0.043426000 0.140440000 0.678170000 0.720053000
1520530442.653739929 0.489479000 0.968223000 -0.018823000 0.060481000 0.151846000 0.717650000 0.676952000
1520530442.703739882 0.487166000 1.008518000 -0.036071000 0.074955000 0.159663000 0.754318000 0.632372000
1520530442.753740072 0.480945000 1.044961000 -0.047427000 0.089729000 0.164331000 0.787355000 0.587380000
1520530442.803750038 0.468642000 1.078693000 -0.051608000 0.105075000 0.167665000 0.816463000 0.542436000
1520530442.853749990 0.458890000 1.104399000 -0.050255000 0.118028000 0.169832000 0.841770000 0.498648000
1520530442.904400110 0.446061000 1.125789000 -0.042354000 0.125933000 0.167823000 0.864889000 0.456008000
1520530442.954400063 0.437272000 1.138462000 -0.026736000 0.129055000 0.158127000 0.885388000 0.417647000
1520530443.004400015 0.430592000 1.144261000 -0.004672000 0.126543000 0.138813000 0.903478000 0.385285000
1520530443.054399967 0.426625000 1.144277000 0.021969000 0.125301000 0.111990000 0.918892000 0.356925000
1520530443.104399920 0.433005000 1.132954000 0.051128000 0.124734000 0.086366000 0.930944000 0.332153000
1520530443.154409885 0.437332000 1.121991000 0.080749000 0.125054000 0.061765000 0.939719000 0.312211000
1520530443.204410076 0.442697000 1.108568000 0.108982000 0.130372000 0.036529000 0.945573000 0.295905000
1520530443.254410028 0.455676000 1.089498000 0.136186000 0.140423000 0.016679000 0.948593000 0.283149000
1520530443.304490089 0.468180000 1.068634000 0.159783000 0.152055000 0.003502000 0.949242000 0.275329000
1520530443.354490042 0.482864000 1.045485000 0.179464000 0.162139000 -0.005281000 0.947869000 0.274275000
1520530443.404489994 0.498295000 1.021294000 0.194619000 0.170382000 -0.013757000 0.945046000 0.278690000
1520530443.454489946 0.517498000 0.993777000 0.204552000 0.175931000 -0.021995000 0.940288000 0.290557000
1520530443.504499912 0.544114000 0.958708000 0.207034000 0.177527000 -0.029176000 0.933302000 0.310774000
1520530443.554500103 0.561420000 0.929855000 0.203675000 0.176748000 -0.033784000 0.923893000 0.337698000
1520530443.604500055 0.579423000 0.897645000 0.194085000 0.176344000 -0.032739000 0.912490000 0.367687000
1520530443.654500008 0.592949000 0.864045000 0.179123000 0.179514000 -0.027880000 0.900110000 0.395979000
1520530443.704040051 0.602159000 0.826107000 0.161034000 0.185418000 -0.019521000 0.886984000 0.422492000
1520530443.754040003 0.608781000 0.785063000 0.139813000 0.189077000 -0.006812000 0.872632000 0.450241000
1520530443.804039955 0.612258000 0.740466000 0.118309000 0.187610000 0.005337000 0.857910000 0.478293000
1520530443.854039907 0.611959000 0.694668000 0.095068000 0.181256000 0.014769000 0.842986000 0.506263000
1520530443.904040098 0.606817000 0.646340000 0.071100000 0.172182000 0.025066000 0.827227000 0.534247000
1520530443.954050064 0.598719000 0.594741000 0.047274000 0.167634000 0.038032000 0.809722000 0.561073000
1520530444.004050016 0.586090000 0.538320000 0.024340000 0.168410000 0.054861000 0.789485000 0.587658000
1520530444.054049969 0.568879000 0.481168000 -0.000345000 0.173173000 0.073823000 0.766756000 0.613716000
1520530444.104429960 0.548763000 0.421601000 -0.024227000 0.179285000 0.094226000 0.742193000 0.638849000
1520530444.154429913 0.526558000 0.360859000 -0.046444000 0.183290000 0.116497000 0.714371000 0.665212000
1520530444.204430103 0.502701000 0.298012000 -0.065427000 0.188111000 0.135567000 0.684423000 0.691232000
1520530444.254430056 0.476694000 0.235465000 -0.082253000 0.194846000 0.149824000 0.653446000 0.715958000
1520530444.304430008 0.447417000 0.173865000 -0.096651000 0.203707000 0.159051000 0.620844000 0.740108000
1520530444.354429960 0.416913000 0.111847000 -0.107067000 0.212820000 0.168528000 0.584952000 0.764288000
1520530444.404429913 0.385001000 0.050078000 -0.113791000 0.220255000 0.177220000 0.547428000 0.787657000
1520530444.454440117 0.351964000 -0.011159000 -0.116431000 0.225029000 0.182243000 0.511261000 0.809173000
1520530444.505179882 0.318188000 -0.071704000 -0.115364000 0.225777000 0.182693000 0.477044000 0.829504000
1520530444.555289984 0.286219000 -0.130534000 -0.110737000 0.224568000 0.177678000 0.447408000 0.847246000
1520530444.605190039 0.254727000 -0.185917000 -0.104089000 0.224258000 0.171417000 0.421023000 0.862012000
1520530444.655189991 0.226624000 -0.241650000 -0.095810000 0.226950000 0.169263000 0.396749000 0.873175000
1520530444.705189943 0.201894000 -0.295471000 -0.082594000 0.226355000 0.168993000 0.377917000 0.881693000
1520530444.755189896 0.180699000 -0.347722000 -0.063366000 0.214212000 0.166238000 0.366090000 0.890200000
1520530444.805190086 0.163709000 -0.395932000 -0.036786000 0.189217000 0.159774000 0.359968000 0.899495000
1520530444.855200052 0.151380000 -0.439361000 -0.003278000 0.154433000 0.153045000 0.358766000 0.907752000
1520530444.905200005 0.143425000 -0.476056000 0.035083000 0.113544000 0.146485000 0.363131000 0.913119000
1520530444.954989910 0.140551000 -0.503746000 0.075484000 0.069347000 0.138152000 0.376439000 0.913454000
1520530445.004990101 0.145924000 -0.517797000 0.118649000 0.025555000 0.127898000 0.396992000 0.908508000
1520530445.054990053 0.153642000 -0.523392000 0.159572000 -0.015166000 0.117300000 0.422131000 0.898786000
1520530445.104990005 0.166175000 -0.515199000 0.198346000 -0.052710000 0.102903000 0.450312000 0.885354000
1520530445.154989958 0.176079000 -0.496614000 0.230126000 -0.086343000 0.085478000 0.483371000 0.866943000
1520530445.204989910 0.186394000 -0.468381000 0.253469000 -0.114838000 0.070649000 0.519749000 0.843613000
1520530445.255000114 0.197717000 -0.432221000 0.267889000 -0.136158000 0.058928000 0.556739000 0.817331000
1520530445.305000067 0.206770000 -0.387871000 0.272008000 -0.147286000 0.051176000 0.594105000 0.789131000
1520530445.353919983 0.212252000 -0.338129000 0.265944000 -0.150384000 0.053003000 0.630982000 0.759235000
1520530445.403919935 0.212515000 -0.280867000 0.248923000 -0.145447000 0.060220000 0.670324000 0.725179000
1520530445.453919888 0.205320000 -0.218231000 0.222260000 -0.131463000 0.066361000 0.712600000 0.685941000
1520530445.503920078 0.187334000 -0.150338000 0.187615000 -0.111342000 0.071852000 0.752557000 0.645057000
1520530445.553920031 0.160206000 -0.078875000 0.146645000 -0.083729000 0.083869000 0.787850000 0.604357000
1520530445.603919983 0.122630000 -0.005835000 0.101107000 -0.052208000 0.106675000 0.820464000 0.559225000
1520530445.653929949 0.067545000 0.070214000 0.053979000 -0.022908000 0.136130000 0.850804000 0.507027000
1520530445.703929901 0.006498000 0.142938000 0.007442000 0.007540000 0.165887000 0.878508000 0.447938000
1520530445.753770113 -0.064579000 0.210095000 -0.034274000 0.040095000 0.192835000 0.901008000 0.386513000
1520530445.803780079 -0.141050000 0.272014000 -0.069274000 0.068323000 0.216802000 0.917812000 0.325500000
1520530445.853780031 -0.219457000 0.327192000 -0.095591000 0.089654000 0.236203000 0.930404000 0.265553000
1520530445.903779984 -0.295443000 0.375935000 -0.111519000 0.103135000 0.251535000 0.938915000 0.211024000
1520530445.953779936 -0.366880000 0.419095000 -0.115936000 0.116600000 0.260800000 0.945048000 0.158970000
1520530446.003779888 -0.430815000 0.456627000 -0.108388000 0.124945000 0.262089000 0.950584000 0.109948000
1520530446.053780079 -0.485001000 0.490558000 -0.091316000 0.129016000 0.252642000 0.956587000 0.066844000
1520530446.103790045 -0.531268000 0.523847000 -0.063823000 0.131188000 0.232101000 0.963328000 0.030310000
1520530446.154979944 -0.569126000 0.556655000 -0.031101000 -0.131150000 -0.202674000 -0.970423000 0.001307000
1520530446.204930067 -0.593686000 0.586675000 0.001708000 -0.130648000 -0.169199000 -0.976548000 0.025624000
1520530446.254930019 -0.609935000 0.616662000 0.034209000 -0.128189000 -0.132170000 -0.982012000 0.041850000
1520530446.304929972 -0.616335000 0.644689000 0.068048000 -0.124912000 -0.093214000 -0.986499000 0.050279000
1520530446.354929924 -0.613420000 0.671978000 0.100874000 -0.122638000 -0.053892000 -0.989628000 0.051881000
1520530446.404930115 -0.602105000 0.698866000 0.130502000 -0.120960000 -0.017049000 -0.991380000 0.047374000
1520530446.454930067 -0.577992000 0.722638000 0.157023000 -0.120006000 0.013463000 -0.991925000 0.038756000
1520530446.504930019 -0.551914000 0.747111000 0.177722000 -0.121811000 0.038201000 -0.991447000 0.027106000
1520530446.554810047 -0.517767000 0.769342000 0.193519000 -0.124639000 0.059027000 -0.990385000 0.010903000
1520530446.604809999 -0.478154000 0.791958000 0.204111000 0.124691000 -0.074111000 0.989338000 0.013051000
1520530446.654809952 -0.440729000 0.816398000 0.208570000 0.120937000 -0.083492000 0.988207000 0.043014000
1520530446.704809904 -0.392677000 0.838910000 0.209389000 0.116319000 -0.089519000 0.986192000 0.076695000
1520530446.754820108 -0.349509000 0.858564000 0.205163000 0.112649000 -0.093814000 0.983180000 0.108928000
1520530446.804820061 -0.305611000 0.872497000 0.196552000 0.109153000 -0.095031000 0.979915000 0.137188000
1520530446.854820013 -0.263201000 0.883867000 0.183140000 0.104830000 -0.092134000 0.975915000 0.167668000
1520530446.904819965 -0.220757000 0.888746000 0.167540000 0.100052000 -0.084930000 0.970215000 0.203617000
1520530446.954360008 -0.179183000 0.887618000 0.150959000 0.097139000 -0.073574000 0.962280000 0.243247000
1520530447.004359961 -0.138736000 0.882616000 0.133317000 0.097436000 -0.058693000 0.952547000 0.282338000
1520530447.054359913 -0.101148000 0.875518000 0.111876000 0.098544000 -0.040451000 0.941662000 0.319259000
1520530447.104360104 -0.066752000 0.866233000 0.088265000 0.099782000 -0.019399000 0.929633000 0.354190000
1520530447.154360056 -0.035399000 0.854164000 0.063582000 0.100057000 0.002238000 0.916602000 0.387071000
1520530447.204360008 -0.007622000 0.841595000 0.039533000 0.097222000 0.020758000 0.901547000 0.421107000
1520530447.254369974 0.015887000 0.832451000 0.016990000 0.091910000 0.035194000 0.884506000 0.456030000
1520530447.304369926 0.039249000 0.816477000 -0.001443000 0.086621000 0.044241000 0.866885000 0.488927000
1520530447.354370117 0.059214000 0.801195000 -0.014758000 0.082384000 0.049228000 0.849066000 0.519496000
1520530447.404150009 0.075591000 0.790913000 -0.022601000 0.080983000 0.053536000 0.832423000 0.545570000
1520530447.454149961 0.090350000 0.783726000 -0.024910000 0.081771000 0.059500000 0.816233000 0.568803000
1520530447.504149914 0.103758000 0.780716000 -0.022576000 0.083888000 0.061496000 0.800320000 0.590482000
1520530447.554150105 0.114687000 0.780630000 -0.016725000 0.083235000 0.058736000 0.785538000 0.610370000
1520530447.604150057 0.127316000 0.783922000 -0.005771000 0.078792000 0.053005000 0.771264000 0.629392000
1520530447.654160023 0.138421000 0.793265000 0.006793000 0.071845000 0.046563000 0.756845000 0.647963000
1520530447.704159975 0.145828000 0.803163000 0.017130000 0.061765000 0.040869000 0.744101000 0.663949000
1520530447.754169941 0.152003000 0.813507000 0.025591000 0.048264000 0.035745000 0.734020000 0.676467000
1520530447.804100037 0.154809000 0.826698000 0.031496000 0.032536000 0.031903000 0.727488000 0.684605000
1520530447.854099989 0.156559000 0.838824000 0.033408000 0.018484000 0.026151000 0.722414000 0.690718000
1520530447.904099941 0.154751000 0.850957000 0.031371000 0.006885000 0.027252000 0.718537000 0.694921000
1520530447.954099894 0.151341000 0.862416000 0.025562000 -0.004953000 0.034767000 0.716354000 0.696853000
1520530448.004100084 0.146333000 0.871391000 0.017370000 -0.014048000 0.038614000 0.715469000 0.697435000
1520530448.054100037 0.140467000 0.878561000 0.009058000 -0.018918000 0.039791000 0.714855000 0.697883000
1520530448.104110003 0.135056000 0.882640000 0.000221000 -0.020544000 0.042065000 0.714753000 0.697809000
1520530448.154109955 0.130430000 0.886779000 -0.009164000 -0.018370000 0.047367000 0.716350000 0.695889000
1520530448.203910112 0.124734000 0.889773000 -0.018586000 -0.012998000 0.053823000 0.718081000 0.693753000
1520530448.253910065 0.118954000 0.891517000 -0.027217000 -0.005437000 0.060063000 0.719503000 0.691865000
1520530448.303910017 0.112277000 0.892615000 -0.033916000 -0.002936000 0.065988000 0.720983000 0.689797000
1520530448.353909969 0.107959000 0.892971000 -0.038058000 -0.005234000 0.065196000 0.720720000 0.690134000
1520530448.403919935 0.102685000 0.894248000 -0.040064000 -0.009587000 0.061860000 0.721313000 0.689774000
1520530448.453919888 0.096672000 0.894373000 -0.040692000 -0.009151000 0.057179000 0.723187000 0.688220000
1520530448.503920078 0.091649000 0.893257000 -0.041495000 -0.009303000 0.057970000 0.722953000 0.688398000
1520530448.553920031 0.086896000 0.891630000 -0.042633000 -0.012905000 0.058002000 0.722413000 0.688904000
1520530448.603950024 0.083047000 0.889734000 -0.043251000 -0.015146000 0.051165000 0.722543000 0.689263000
1520530448.653959990 0.078906000 0.888257000 -0.044663000 -0.021237000 0.049106000 0.721943000 0.689881000
1520530448.703959942 0.075370000 0.887797000 -0.046498000 -0.027300000 0.048161000 0.721134000 0.690580000
1520530448.753959894 0.072793000 0.887438000 -0.049072000 -0.032642000 0.049139000 0.719564000 0.691915000
1520530448.803960085 0.070347000 0.886368000 -0.051576000 -0.035095000 0.050203000 0.717027000 0.694349000
1520530448.853960037 0.068454000 0.885469000 -0.053522000 -0.034680000 0.049859000 0.713624000 0.697892000
1520530448.903959990 0.066977000 0.884829000 -0.055012000 -0.031863000 0.052180000 0.710407000 0.701131000
1520530448.953969955 0.066351000 0.884864000 -0.056327000 -0.027202000 0.054966000 0.708801000 0.702738000
1520530449.003930092 0.065369000 0.884687000 -0.057481000 -0.023880000 0.057912000 0.708483000 0.702942000
1520530449.053930044 0.065365000 0.884372000 -0.059081000 -0.020385000 0.061517000 0.707611000 0.703624000
1520530449.103929996 0.064920000 0.884228000 -0.060538000 -0.015775000 0.063707000 0.707031000 0.704130000
1520530449.153929949 0.065013000 0.884474000 -0.061312000 -0.012771000 0.063102000 0.707164000 0.704112000
