1520530314.800050020 -0.076570000 -0.273598000 0.129832000 0.029427000 -0.030208000 -0.655964000 0.753613000
1520530314.848929882 -0.084450000 -0.296241000 0.143384000 0.024076000 -0.027823000 -0.643813000 0.764297000
1520530314.899389982 -0.094192000 -0.319847000 0.166190000 0.014338000 -0.021170000 -0.639715000 0.768187000
1520530314.949359894 -0.101840000 -0.338891000 0.194726000 0.001103000 -0.014938000 -0.635620000 0.771857000
1520530314.999399900 -0.107457000 -0.354980000 0.223358000 -0.013547000 -0.011480000 -0.632064000 0.774713000
1520530315.049309969 -0.113046000 -0.368951000 0.251316000 -0.025211000 -0.009027000 -0.629427000 0.776598000
1520530315.099250078 -0.118604000 -0.380835000 0.275628000 -0.030681000 -0.005605000 -0.628409000 0.777258000
1520530315.149440050 -0.124043000 -0.387878000 0.294731000 -0.031511000 -0.003799000 -0.628241000 0.777371000
1520530315.198990107 -0.125836000 -0.391112000 0.302258000 -0.034795000 -0.002797000 -0.626253000 0.778838000
1520530315.248709917 -0.129360000 -0.391484000 0.302214000 -0.039551000 -0.001878000 -0.625472000 0.779241000
1520530315.298810005 -0.133824000 -0.394125000 0.292065000 -0.042647000 0.000410000 -0.626722000 0.778075000
1520530315.348819971 -0.136421000 -0.393058000 0.276831000 -0.042675000 0.001289000 -0.627934000 0.777094000
1520530315.398819923 -0.138021000 -0.389093000 0.254562000 -0.038377000 -0.000555000 -0.629624000 0.775952000
1520530315.449609995 -0.126141000 -0.364553000 0.225674000 -0.032784000 -0.006173000 -0.627814000 0.777648000
1520530315.499680042 -0.124324000 -0.353430000 0.193092000 -0.022267000 -0.017064000 -0.626353000 0.779035000
1520530315.549740076 -0.121290000 -0.340095000 0.158807000 -0.008849000 -0.028470000 -0.624735000 0.780267000
1520530315.599620104 -0.116618000 -0.321104000 0.120987000 0.004750000 -0.039640000 -0.623349000 0.780924000
1520530315.649820089 -0.112386000 -0.300579000 0.083961000 0.016587000 -0.050497000 -0.623167000 0.780281000
1520530315.699860096 -0.105202000 -0.273875000 0.043970000 0.027764000 -0.060080000 -0.623900000 0.778696000
1520530315.749860048 -0.095882000 -0.242890000 0.007135000 0.040150000 -0.067155000 -0.624291000 0.777264000
1520530315.799949884 -0.085297000 -0.207013000 -0.028624000 0.051667000 -0.073620000 -0.623730000 0.776448000
1520530315.849859953 -0.073708000 -0.167742000 -0.060193000 0.064041000 -0.079914000 -0.624890000 0.773967000
1520530315.899760008 -0.064200000 -0.127316000 -0.085495000 0.079010000 -0.084294000 -0.628470000 0.769206000
1520530315.949830055 -0.056879000 -0.085295000 -0.100180000 0.092100000 -0.089656000 -0.630908000 0.765137000
1520530315.999759912 -0.052764000 -0.042969000 -0.106855000 0.101543000 -0.094007000 -0.633277000 0.761454000
1520530316.049479961 -0.053606000 -0.001368000 -0.102246000 0.105838000 -0.098080000 -0.635112000 0.758822000
1520530316.099989891 -0.056138000 0.039475000 -0.089996000 0.103938000 -0.098742000 -0.637281000 0.757179000
1520530316.149919987 -0.061566000 0.079074000 -0.068915000 0.096664000 -0.098301000 -0.638280000 0.757358000
1520530316.199959993 -0.068356000 0.117220000 -0.041634000 0.088508000 -0.093654000 -0.640530000 0.757044000
1520530316.249989986 -0.076145000 0.155564000 -0.009868000 0.081963000 -0.084979000 -0.645140000 0.754887000
1520530316.300060034 -0.084272000 0.192410000 0.025029000 0.075588000 -0.073859000 -0.651176000 0.751532000
1520530316.350090027 -0.092745000 0.228320000 0.062380000 0.068020000 -0.063867000 -0.657677000 0.747499000
1520530316.400099993 -0.101595000 0.263307000 0.100527000 0.060365000 -0.055321000 -0.662785000 0.744319000
1520530316.450099945 -0.110284000 0.297386000 0.137324000 0.054165000 -0.047822000 -0.667828000 0.740800000
1520530316.500109911 -0.118295000 0.330717000 0.172054000 0.047837000 -0.040031000 -0.670964000 0.738862000
1520530316.550129890 -0.125807000 0.363906000 0.204276000 0.040566000 -0.030760000 -0.673253000 0.737658000
1520530316.600110054 -0.133414000 0.396089000 0.233454000 0.033148000 -0.023473000 -0.672923000 0.738596000
1520530316.650110006 -0.139547000 0.427296000 0.258778000 0.026934000 -0.018163000 -0.672044000 0.739799000
1520530316.700079918 -0.147960000 0.461132000 0.280344000 0.023023000 -0.013166000 -0.673582000 0.738637000
1520530316.750030041 -0.157503000 0.495092000 0.296764000 0.020329000 -0.008377000 -0.677680000 0.735028000
1520530316.799979925 -0.168247000 0.529467000 0.307549000 0.019086000 -0.003744000 -0.682543000 0.730586000
1520530316.849960089 -0.179869000 0.563828000 0.312476000 0.018440000 0.000567000 -0.687275000 0.726163000
1520530316.899919987 -0.192119000 0.597897000 0.311356000 0.017242000 0.005182000 -0.691366000 0.722280000
1520530316.949379921 -0.205061000 0.630952000 0.305472000 0.014306000 0.006043000 -0.695746000 0.718120000
1520530316.999340057 -0.216580000 0.664107000 0.293866000 0.013029000 0.003102000 -0.699975000 0.714042000
1520530317.049319983 -0.226086000 0.696428000 0.277763000 0.014609000 -0.002390000 -0.703131000 0.710906000
1520530317.099299908 -0.234140000 0.728095000 0.257603000 0.017652000 -0.007932000 -0.706150000 0.707797000
1520530317.149300098 -0.240968000 0.758819000 0.233978000 0.021242000 -0.013792000 -0.706930000 0.706830000
1520530317.199300051 -0.246834000 0.789177000 0.207141000 0.025213000 -0.019206000 -0.708200000 0.705300000
1520530317.249320030 -0.250779000 0.819725000 0.177292000 0.027556000 -0.027865000 -0.709359000 0.703757000
1520530317.299340010 -0.253654000 0.850656000 0.145964000 0.028678000 -0.038688000 -0.712018000 0.700508000
1520530317.349319935 -0.254755000 0.883262000 0.113072000 0.026072000 -0.050724000 -0.713482000 0.698349000
1520530317.399329901 -0.253905000 0.916174000 0.079997000 0.020535000 -0.061528000 -0.714735000 0.696381000
1520530317.449330091 -0.251177000 0.950441000 0.047109000 0.013231000 -0.071789000 -0.715792000 0.694487000
1520530317.499350071 -0.245511000 0.986006000 0.015032000 0.009507000 -0.079464000 -0.716726000 0.692747000
1520530317.549370050 -0.239119000 1.024071000 -0.014912000 0.008621000 -0.084178000 -0.718010000 0.690870000
1520530317.599400043 -0.231491000 1.064302000 -0.043266000 0.012472000 -0.084679000 -0.720687000 0.687956000
1520530317.649430037 -0.222804000 1.106619000 -0.069886000 0.020484000 -0.082642000 -0.724061000 0.684460000
1520530317.699460030 -0.213219000 1.150019000 -0.094685000 0.032965000 -0.080308000 -0.727930000 0.680134000
1520530317.749949932 -0.201577000 1.193414000 -0.117198000 0.045928000 -0.081693000 -0.730380000 0.676581000
1520530317.799949884 -0.189069000 1.236997000 -0.136400000 0.060858000 -0.084442000 -0.732423000 0.672847000
1520530317.849960089 -0.176931000 1.281194000 -0.152431000 0.073190000 -0.090426000 -0.735623000 0.667327000
1520530317.899970055 -0.166123000 1.325725000 -0.164306000 0.083326000 -0.097323000 -0.739433000 0.660927000
1520530317.949970007 -0.156059000 1.370604000 -0.171415000 0.092816000 -0.102080000 -0.745768000 0.651762000
1520530317.999949932 -0.147742000 1.415065000 -0.173157000 0.099833000 -0.105637000 -0.754614000 0.639869000
1520530318.049930096 -0.141339000 1.457816000 -0.168856000 0.102425000 -0.106833000 -0.764334000 0.627606000
1520530318.099920034 -0.137345000 1.497638000 -0.158966000 0.102942000 -0.101124000 -0.774343000 0.616092000
1520530318.150480032 -0.135944000 1.533387000 -0.143449000 0.101534000 -0.089572000 -0.784040000 0.605763000
1520530318.200439930 -0.136976000 1.562942000 -0.122999000 0.097154000 -0.076278000 -0.791911000 0.598014000
1520530318.250449896 -0.140067000 1.587074000 -0.097984000 0.091125000 -0.063189000 -0.798632000 0.591515000
1520530318.300479889 -0.144989000 1.605370000 -0.069457000 0.086190000 -0.049937000 -0.804507000 0.585531000
1520530318.350480080 -0.151138000 1.617942000 -0.038236000 0.082406000 -0.036600000 -0.809169000 0.580617000
1520530318.400490046 -0.158194000 1.625217000 -0.005003000 0.077756000 -0.024687000 -0.812270000 0.577549000
1520530318.450500011 -0.165755000 1.626923000 0.029790000 0.073241000 -0.013746000 -0.813032000 0.577430000
1520530318.500499964 -0.173434000 1.623172000 0.065150000 0.069265000 -0.003984000 -0.812659000 0.578594000
1520530318.550509930 -0.180911000 1.613599000 0.100536000 0.065929000 0.004917000 -0.812575000 0.579095000
1520530318.600290060 -0.186820000 1.598449000 0.135149000 0.061891000 0.013769000 -0.810918000 0.581714000
1520530318.650290012 -0.191787000 1.578657000 0.167889000 0.057925000 0.024503000 -0.809412000 0.583864000
1520530318.700289965 -0.194370000 1.553954000 0.197642000 0.054191000 0.035307000 -0.807629000 0.586133000
1520530318.750289917 -0.195721000 1.524393000 0.223253000 0.048986000 0.043629000 -0.804336000 0.590543000
1520530318.800290108 -0.196059000 1.491100000 0.243457000 0.042265000 0.049827000 -0.801020000 0.595061000
1520530318.850300074 -0.194853000 1.453793000 0.257461000 0.033674000 0.053211000 -0.797348000 0.600226000
1520530318.900300026 -0.192510000 1.412943000 0.263005000 0.023439000 0.051400000 -0.791975000 0.607935000
1520530318.950309992 -0.189421000 1.369577000 0.260052000 0.014786000 0.045650000 -0.785142000 0.617455000
1520530318.999690056 -0.185118000 1.324703000 0.248812000 0.011901000 0.038982000 -0.778759000 0.625998000
1520530319.049679995 -0.179488000 1.277971000 0.230063000 0.013402000 0.033418000 -0.772462000 0.634040000
1520530319.099679947 -0.172608000 1.230376000 0.205248000 0.016219000 0.027335000 -0.765622000 0.642505000
1520530319.149679899 -0.163963000 1.182281000 0.175842000 0.019513000 0.017988000 -0.758020000 0.651691000
1520530319.199680090 -0.153553000 1.133673000 0.142732000 0.025395000 0.005513000 -0.750894000 0.659911000
1520530319.249690056 -0.142257000 1.085260000 0.107117000 0.032634000 -0.009502000 -0.743974000 0.667343000
1520530319.299690008 -0.129924000 1.037263000 0.069916000 0.040404000 -0.023218000 -0.737802000 0.673407000
1520530319.349689960 -0.116922000 0.989670000 0.032319000 0.047708000 -0.034318000 -0.732591000 0.678127000
1520530319.399559975 -0.103827000 0.942530000 -0.005141000 0.055177000 -0.041930000 -0.727941000 0.682129000
1520530319.449559927 -0.090709000 0.896421000 -0.042037000 0.062189000 -0.047766000 -0.722465000 0.686946000
1520530319.499569893 -0.078203000 0.850724000 -0.077331000 0.070666000 -0.054083000 -0.715223000 0.693208000
1520530319.549580097 -0.065831000 0.805001000 -0.110198000 0.082288000 -0.059702000 -0.704443000 0.702442000
1520530319.599600077 -0.054903000 0.759079000 -0.137124000 0.097409000 -0.063205000 -0.691430000 0.713051000
1520530319.649610043 -0.046131000 0.713747000 -0.159204000 0.113496000 -0.063296000 -0.677626000 0.723833000
1520530319.699630022 -0.041051000 0.667730000 -0.175325000 0.128488000 -0.061336000 -0.662037000 0.735823000
1520530319.749730110 -0.040132000 0.620112000 -0.184676000 0.138365000 -0.059497000 -0.644141000 0.749932000
1520530319.800129890 -0.043229000 0.568831000 -0.186104000 0.142033000 -0.057963000 -0.623456000 0.766661000
1520530319.850140095 -0.049955000 0.514972000 -0.178162000 0.141933000 -0.051802000 -0.603831000 0.782662000
1520530319.900130033 -0.058610000 0.460141000 -0.161216000 0.135955000 -0.042213000 -0.588043000 0.796203000
1520530319.950119972 -0.068727000 0.404629000 -0.135548000 0.121724000 -0.032858000 -0.576258000 0.807484000
1520530320.000109911 -0.080417000 0.350769000 -0.102097000 0.104055000 -0.022730000 -0.571602000 0.813589000
1520530320.050100088 -0.091815000 0.299688000 -0.063160000 0.083158000 -0.016120000 -0.569605000 0.817542000
1520530320.100130081 -0.103766000 0.251665000 -0.019055000 0.061669000 -0.011632000 -0.564515000 0.823033000
1520530320.150130033 -0.113085000 0.208636000 0.025960000 0.044143000 -0.002093000 -0.557737000 0.828840000
1520530320.200180054 -0.120457000 0.169096000 0.072316000 0.031065000 0.006479000 -0.551890000 0.833313000
1520530320.250180006 -0.127079000 0.132106000 0.119230000 0.021797000 0.008906000 -0.546232000 0.837303000
1520530320.300189972 -0.132509000 0.097587000 0.164957000 0.017663000 0.011433000 -0.543602000 0.839079000
1520530320.350199938 -0.136150000 0.063364000 0.207327000 0.015056000 0.011807000 -0.542187000 0.840040000
1520530320.400199890 -0.137987000 0.029702000 0.246033000 0.013040000 0.015360000 -0.542177000 0.840022000
1520530320.450200081 -0.137594000 -0.004839000 0.280438000 0.008879000 0.021247000 -0.543102000 0.839351000
1520530320.500210047 -0.135406000 -0.040768000 0.309691000 0.000860000 0.027096000 -0.544313000 0.838444000
1520530320.550209999 -0.133289000 -0.078225000 0.332496000 -0.009426000 0.031995000 -0.548754000 0.835319000
1520530320.599649906 -0.130888000 -0.117228000 0.346966000 -0.020133000 0.033155000 -0.554319000 0.831400000
1520530320.649650097 -0.129256000 -0.158437000 0.353630000 -0.029239000 0.033853000 -0.558138000 0.828541000
1520530320.699640036 -0.128964000 -0.200941000 0.351428000 -0.034877000 0.034040000 -0.561271000 0.826196000
1520530320.749629974 -0.129965000 -0.242382000 0.341506000 -0.037356000 0.031073000 -0.567080000 0.822228000
1520530320.799619913 -0.131947000 -0.283329000 0.324991000 -0.037693000 0.023535000 -0.572739000 0.818532000
1520530320.849620104 -0.134397000 -0.322730000 0.303256000 -0.037138000 0.011406000 -0.576044000 0.816495000
1520530320.899610043 -0.135417000 -0.359089000 0.277237000 -0.036054000 -0.000619000 -0.579754000 0.813993000
1520530320.949609995 -0.134124000 -0.391035000 0.248539000 -0.035669000 -0.008622000 -0.583971000 0.810945000
1520530320.999609947 -0.129455000 -0.418097000 0.218373000 -0.035848000 -0.012665000 -0.589316000 0.807008000
1520530321.049469948 -0.121607000 -0.440319000 0.187520000 -0.034985000 -0.011863000 -0.595047000 0.802842000
1520530321.099469900 -0.109954000 -0.458824000 0.155847000 -0.034589000 -0.009861000 -0.598909000 0.800009000
1520530321.149470091 -0.094370000 -0.474166000 0.124061000 -0.032210000 -0.009232000 -0.601379000 0.798261000
1520530321.199470043 -0.074385000 -0.486833000 0.092307000 -0.025952000 -0.010088000 -0.602561000 0.797587000
1520530321.249480009 -0.050532000 -0.497367000 0.061789000 -0.015135000 -0.010905000 -0.602416000 0.797964000
1520530321.299479961 -0.023124000 -0.506058000 0.032786000 -0.002644000 -0.010762000 -0.602049000 0.798382000
1520530321.349479914 0.007690000 -0.512893000 0.005590000 0.008144000 -0.011306000 -0.601403000 0.798824000
1520530321.399480104 0.040899000 -0.518400000 -0.019305000 0.016080000 -0.014649000 -0.601098000 0.798879000
1520530321.449589968 0.076836000 -0.522518000 -0.042498000 0.022569000 -0.021301000 -0.600974000 0.798666000
1520530321.499589920 0.114531000 -0.525669000 -0.064572000 0.030580000 -0.029299000 -0.602257000 0.797178000
1520530321.549590111 0.154061000 -0.526698000 -0.085074000 0.040847000 -0.036794000 -0.603618000 0.795376000
1520530321.599600077 0.194550000 -0.526576000 -0.102441000 0.053033000 -0.046118000 -0.602665000 0.794893000
1520530321.649600029 0.235249000 -0.526214000 -0.113503000 0.066171000 -0.061836000 -0.600129000 0.794760000
1520530321.699599981 0.274987000 -0.525166000 -0.115592000 0.080074000 -0.077585000 -0.597675000 0.793948000
1520530321.749609947 0.311824000 -0.523540000 -0.108143000 0.091038000 -0.090682000 -0.595648000 0.792901000
1520530321.799609900 0.344466000 -0.521514000 -0.093140000 0.096520000 -0.101943000 -0.593945000 0.792163000
1520530321.849920034 0.373050000 -0.518397000 -0.071422000 0.095430000 -0.106968000 -0.592834000 0.792464000
1520530321.899940014 0.397931000 -0.513915000 -0.043510000 0.088724000 -0.104507000 -0.592039000 0.794163000
1520530321.949949980 0.421344000 -0.507987000 -0.010261000 0.076572000 -0.095975000 -0.591585000 0.796839000
1520530321.999949932 0.443551000 -0.500492000 0.026255000 0.061502000 -0.082492000 -0.593030000 0.798579000
1520530322.049959898 0.464398000 -0.491298000 0.063516000 0.045567000 -0.067947000 -0.596231000 0.798633000
1520530322.099960089 0.484494000 -0.480051000 0.098938000 0.030777000 -0.054312000 -0.599267000 0.798111000
1520530322.149960041 0.504285000 -0.466635000 0.130303000 0.019578000 -0.041481000 -0.603194000 0.796274000
1520530322.199970007 0.522779000 -0.451165000 0.156538000 0.011625000 -0.031473000 -0.607329000 0.793741000
1520530322.250020027 0.539391000 -0.433665000 0.176903000 0.008144000 -0.023753000 -0.612399000 0.790150000
1520530322.300019979 0.555136000 -0.413682000 0.190922000 0.008108000 -0.018791000 -0.617955000 0.785947000
1520530322.350029945 0.568432000 -0.392207000 0.198635000 0.009765000 -0.014978000 -0.621069000 0.783552000
1520530322.400039911 0.580191000 -0.368920000 0.199322000 0.011315000 -0.010661000 -0.625355000 0.780185000
1520530322.450040102 0.591124000 -0.344902000 0.193556000 0.009075000 -0.007175000 -0.629878000 0.776608000
1520530322.500050068 0.599944000 -0.319415000 0.181555000 0.003034000 -0.006003000 -0.633491000 0.773721000
1520530322.550060034 0.607033000 -0.293114000 0.163577000 -0.002716000 -0.007210000 -0.638935000 0.769222000
1520530322.600070000 0.612603000 -0.264685000 0.140737000 -0.005648000 -0.009727000 -0.644253000 0.764730000
1520530322.649879932 0.616260000 -0.235115000 0.113874000 -0.004656000 -0.014898000 -0.646746000 0.762546000
1520530322.699879885 0.618447000 -0.203311000 0.083808000 0.000373000 -0.020814000 -0.649118000 0.760402000
1520530322.749890089 0.618690000 -0.169041000 0.052214000 0.006297000 -0.026003000 -0.651166000 0.758463000
1520530322.799890041 0.617864000 -0.132901000 0.020063000 0.012881000 -0.030033000 -0.653505000 0.756217000
1520530322.849900007 0.615870000 -0.095244000 -0.011456000 0.021366000 -0.032903000 -0.657181000 0.752712000
1520530322.899930000 0.612530000 -0.057024000 -0.042257000 0.029702000 -0.036488000 -0.660941000 0.748961000
1520530322.949899912 0.608460000 -0.018686000 -0.071692000 0.039218000 -0.038821000 -0.663443000 0.746190000
1520530322.999900103 0.603966000 0.019458000 -0.100074000 0.052063000 -0.040798000 -0.664376000 0.744466000
1520530323.049900055 0.598409000 0.056849000 -0.127964000 0.068285000 -0.043859000 -0.665092000 0.742338000
1520530323.099940062 0.591283000 0.093583000 -0.154578000 0.080344000 -0.054717000 -0.665259000 0.740257000
1520530323.149940014 0.582480000 0.131082000 -0.177988000 0.092866000 -0.066953000 -0.665744000 0.737345000
1520530323.199939966 0.571252000 0.167633000 -0.194509000 0.107249000 -0.078705000 -0.665871000 0.734111000
1520530323.249939919 0.556378000 0.203100000 -0.201868000 0.119218000 -0.092689000 -0.666167000 0.730354000
1520530323.299940109 0.535890000 0.237773000 -0.198982000 0.127275000 -0.102744000 -0.668585000 0.725423000
1520530323.349930048 0.510134000 0.271968000 -0.186094000 0.127944000 -0.106896000 -0.673252000 0.720371000
1520530323.399930000 0.478653000 0.304858000 -0.164292000 0.119309000 -0.104479000 -0.679453000 0.716375000
1520530323.449939966 0.443514000 0.337042000 -0.134886000 0.103770000 -0.093896000 -0.685522000 0.714475000
1520530323.500190020 0.405422000 0.368343000 -0.099888000 0.086669000 -0.077524000 -0.690417000 0.714005000
1520530323.550189972 0.366437000 0.398640000 -0.062133000 0.072838000 -0.058587000 -0.694039000 0.713843000
1520530323.600199938 0.327049000 0.428466000 -0.023220000 0.063694000 -0.041763000 -0.695989000 0.714001000
1520530323.650199890 0.288844000 0.457838000 0.016158000 0.058815000 -0.028549000 -0.697103000 0.713984000
1520530323.700210094 0.253556000 0.487214000 0.055031000 0.054447000 -0.017585000 -0.698513000 0.713307000
1520530323.750220060 0.220783000 0.517085000 0.092400000 0.047937000 -0.007748000 -0.700076000 0.712415000
1520530323.800220013 0.189393000 0.547028000 0.128034000 0.038950000 -0.000363000 -0.700815000 0.712279000
1520530323.850219965 0.158602000 0.578138000 0.160824000 0.029887000 0.004974000 -0.702385000 0.711152000
1520530323.900019884 0.128208000 0.609394000 0.189399000 0.021587000 0.006757000 -0.702773000 0.711055000
1520530323.950020075 0.096702000 0.641644000 0.213007000 0.014880000 0.007635000 -0.703486000 0.710512000
1520530324.000020027 0.064003000 0.674811000 0.231034000 0.009364000 0.009236000 -0.704843000 0.709241000
1520530324.050019979 0.030467000 0.708624000 0.243874000 0.004389000 0.010260000 -0.705271000 0.708850000
1520530324.100019932 -0.004071000 0.742094000 0.252232000 0.001023000 0.011529000 -0.704373000 0.709735000
1520530324.150019884 -0.038395000 0.775779000 0.255178000 -0.000645000 0.016344000 -0.703763000 0.710246000
1520530324.200020075 -0.072613000 0.809239000 0.252708000 -0.002657000 0.024396000 -0.705484000 0.708301000
1520530324.250010014 -0.107003000 0.842934000 0.244486000 -0.004426000 0.032225000 -0.708535000 0.704925000
1520530324.299760103 -0.141289000 0.875482000 0.230079000 -0.003141000 0.035760000 -0.710128000 0.703157000
1520530324.349750042 -0.175275000 0.907822000 0.210169000 0.004792000 0.034431000 -0.710909000 0.702424000
1520530324.399739981 -0.208800000 0.939119000 0.185867000 0.016802000 0.025905000 -0.712899000 0.700586000
1520530324.449749947 -0.241895000 0.970224000 0.158466000 0.029225000 0.013029000 -0.716280000 0.697079000
1520530324.499830008 -0.274535000 1.001343000 0.129999000 0.036560000 -0.000024000 -0.717964000 0.695120000
1520530324.549760103 -0.306474000 1.032531000 0.100857000 0.040698000 -0.007756000 -0.719406000 0.693353000
1520530324.599760056 -0.337981000 1.064094000 0.071237000 0.043549000 -0.010584000 -0.721029000 0.691454000
1520530324.649770021 -0.368992000 1.095911000 0.041538000 0.045343000 -0.011912000 -0.722885000 0.689376000
1520530324.699870110 -0.399142000 1.127611000 0.012778000 0.045849000 -0.015206000 -0.724353000 0.687735000
1520530324.749880075 -0.427375000 1.158713000 -0.013487000 0.046739000 -0.014408000 -0.726391000 0.685540000
1520530324.799880028 -0.453212000 1.189361000 -0.036084000 0.047545000 -0.009254000 -0.729177000 0.682608000
1520530324.849889994 -0.475714000 1.219449000 -0.055354000 0.046950000 -0.003178000 -0.733271000 0.678306000
1520530324.899879932 -0.494663000 1.248719000 -0.071671000 0.043783000 -0.000583000 -0.737998000 0.673381000
1520530324.949889898 -0.509563000 1.277280000 -0.085658000 0.040589000 0.001052000 -0.742433000 0.668689000
1520530324.999890089 -0.519640000 1.304971000 -0.098326000 0.038148000 0.004174000 -0.745101000 0.665847000
1520530325.049890041 -0.524845000 1.331443000 -0.110719000 0.034696000 0.005605000 -0.745161000 0.665957000
1520530325.100680113 -0.525771000 1.357471000 -0.123552000 0.032219000 0.006516000 -0.744164000 0.667188000
1520530325.150680065 -0.521215000 1.382423000 -0.137014000 0.034443000 0.009546000 -0.743176000 0.668141000
1520530325.200690031 -0.513899000 1.406745000 -0.149867000 0.039512000 0.008887000 -0.739108000 0.672369000
1520530325.250689983 -0.504112000 1.430514000 -0.157923000 0.045701000 0.001683000 -0.732512000 0.679217000
1520530325.300699949 -0.492279000 1.453254000 -0.157594000 0.051945000 -0.008681000 -0.723924000 0.687866000
1520530325.350699902 -0.479811000 1.474722000 -0.147551000 0.057257000 -0.016803000 -0.715358000 0.696206000
1520530325.400700092 -0.466573000 1.495179000 -0.128316000 0.060057000 -0.018488000 -0.708614000 0.702793000
1520530325.450700045 -0.452779000 1.513992000 -0.102776000 0.060486000 -0.015375000 -0.702118000 0.709320000
1520530325.500710011 -0.437445000 1.530892000 -0.072804000 0.060033000 -0.012397000 -0.697317000 0.714137000
1520530325.550790071 -0.418721000 1.545833000 -0.039570000 0.057115000 -0.010961000 -0.695461000 0.716207000
1520530325.600790024 -0.397304000 1.559028000 -0.005621000 0.050324000 -0.011416000 -0.696469000 0.715729000
1520530325.650789976 -0.373433000 1.570991000 0.026832000 0.042630000 -0.010159000 -0.698952000 0.713825000
1520530325.700789928 -0.345842000 1.581329000 0.055934000 0.032695000 -0.008980000 -0.700736000 0.712614000
1520530325.750799894 -0.315144000 1.590471000 0.080304000 0.022932000 -0.006495000 -0.703332000 0.710462000
1520530325.800800085 -0.281982000 1.597364000 0.098046000 0.015020000 -0.004193000 -0.704865000 0.709170000
1520530325.850800037 -0.246760000 1.603322000 0.107013000 0.010748000 -0.003821000 -0.707319000 0.706802000
1520530325.900799990 -0.211345000 1.607854000 0.107858000 0.010472000 -0.004656000 -0.712112000 0.701972000
1520530325.950419903 -0.176029000 1.610645000 0.101393000 0.010412000 -0.007395000 -0.717415000 0.696529000
1520530326.000420094 -0.140614000 1.611990000 0.088669000 0.011766000 -0.009926000 -0.721101000 0.692659000
1520530326.050430059 -0.105068000 1.612001000 0.070839000 0.015547000 -0.013317000 -0.725102000 0.688337000
1520530326.100419998 -0.069196000 1.610243000 0.049971000 0.019791000 -0.019577000 -0.727601000 0.685436000
1520530326.150429964 -0.032583000 1.607677000 0.027195000 0.026912000 -0.025735000 -0.729500000 0.682966000
1520530326.200429916 0.003670000 1.604334000 0.003697000 0.035983000 -0.032030000 -0.731048000 0.680623000
1520530326.250430107 0.040055000 1.600927000 -0.019511000 0.046144000 -0.036526000 -0.732909000 0.677776000
1520530326.300430059 0.076193000 1.596773000 -0.042286000 0.052264000 -0.043084000 -0.732962000 0.676889000
1520530326.350090027 0.113007000 1.593007000 -0.064352000 0.058012000 -0.049030000 -0.732718000 0.676281000
1520530326.400089979 0.150298000 1.589758000 -0.085729000 0.064131000 -0.052758000 -0.733357000 0.674753000
1520530326.450089931 0.186810000 1.586708000 -0.106526000 0.069934000 -0.054937000 -0.734061000 0.673235000
1520530326.500089884 0.223053000 1.584579000 -0.126055000 0.075663000 -0.055878000 -0.734520000 0.672037000
1520530326.550090075 0.258020000 1.582421000 -0.143405000 0.080949000 -0.060172000 -0.735081000 0.670434000
1520530326.600090027 0.290342000 1.579750000 -0.157005000 0.088672000 -0.069411000 -0.736362000 0.667151000
1520530326.650089979 0.319375000 1.576536000 -0.164867000 0.098693000 -0.080911000 -0.739018000 0.661488000
1520530326.700099945 0.343608000 1.572498000 -0.165589000 0.109639000 -0.087585000 -0.742166000 0.655361000
1520530326.750309944 0.362464000 1.567009000 -0.157642000 0.114964000 -0.088033000 -0.745039000 0.651115000
1520530326.800309896 0.374376000 1.559589000 -0.140653000 0.112842000 -0.083416000 -0.748205000 0.648458000
1520530326.850310087 0.379654000 1.549317000 -0.115099000 0.104184000 -0.073541000 -0.750198000 0.648799000
1520530326.900300026 0.378868000 1.535709000 -0.083431000 0.093718000 -0.056928000 -0.751533000 0.650519000
1520530326.950299978 0.374056000 1.517572000 -0.047719000 0.083988000 -0.034318000 -0.752001000 0.652889000
1520530327.000299931 0.366365000 1.494564000 -0.009344000 0.075395000 -0.008556000 -0.751122000 0.655788000
1520530327.050299883 0.357491000 1.465384000 0.029829000 0.067857000 0.018728000 -0.748759000 0.659094000
1520530327.100300074 0.348369000 1.429764000 0.068273000 0.061968000 0.045165000 -0.744229000 0.663508000
1520530327.150290012 0.339995000 1.387937000 0.103833000 0.056336000 0.065582000 -0.737281000 0.670031000
1520530327.200289965 0.332437000 1.340824000 0.135055000 0.049208000 0.079590000 -0.729303000 0.677762000
1520530327.250299931 0.325343000 1.289457000 0.160763000 0.040729000 0.086904000 -0.721847000 0.685365000
1520530327.300299883 0.318906000 1.235414000 0.179750000 0.031518000 0.087269000 -0.712505000 0.695505000
1520530327.350310087 0.313245000 1.179991000 0.189700000 0.025688000 0.081009000 -0.700275000 0.708796000
1520530327.400310040 0.310125000 1.124225000 0.189171000 0.028534000 0.070958000 -0.688685000 0.721016000
1520530327.450309992 0.308913000 1.068185000 0.178905000 0.036355000 0.060337000 -0.675121000 0.734336000
1520530327.500299931 0.308748000 1.011310000 0.160433000 0.044500000 0.052706000 -0.656805000 0.750899000
1520530327.549949884 0.309155000 0.953628000 0.136473000 0.049907000 0.048073000 -0.634343000 0.769940000
1520530327.599950075 0.310828000 0.894404000 0.109142000 0.053598000 0.042820000 -0.608914000 0.790264000
1520530327.649940014 0.313539000 0.834457000 0.080695000 0.063050000 0.034364000 -0.581332000 0.810492000
1520530327.699929953 0.317856000 0.775107000 0.053280000 0.079390000 0.020048000 -0.548132000 0.832374000
1520530327.749929905 0.322797000 0.715921000 0.031616000 0.093186000 0.001305000 -0.507426000 0.856641000
1520530327.799930096 0.326488000 0.658851000 0.018147000 0.100768000 -0.015754000 -0.464174000 0.879852000
1520530327.849940062 0.326402000 0.604888000 0.015024000 0.097469000 -0.026659000 -0.425844000 0.899136000
1520530327.899950027 0.321054000 0.554859000 0.021220000 0.082837000 -0.031241000 -0.396659000 0.913687000
1520530327.949949980 0.311018000 0.509116000 0.035420000 0.058899000 -0.034809000 -0.372449000 0.925528000
1520530328.000129938 0.296953000 0.467589000 0.056071000 0.030397000 -0.040398000 -0.346454000 0.936704000
1520530328.050139904 0.280787000 0.431637000 0.079942000 0.001885000 -0.044863000 -0.317801000 0.947093000
1520530328.100140095 0.261041000 0.401172000 0.104883000 -0.022107000 -0.045270000 -0.295696000 0.953953000
1520530328.150140047 0.239083000 0.375717000 0.128936000 -0.041301000 -0.045146000 -0.280936000 0.957774000
1520530328.200150013 0.215635000 0.356142000 0.150702000 -0.053618000 -0.042549000 -0.279680000 0.957650000
1520530328.250159979 0.189910000 0.341672000 0.169055000 -0.058639000 -0.039776000 -0.294775000 0.952936000
1520530328.300159931 0.161560000 0.331617000 0.183558000 -0.058395000 -0.037511000 -0.325833000 0.942876000
1520530328.350169897 0.131388000 0.325413000 0.193985000 -0.055037000 -0.038856000 -0.367189000 0.927703000
1520530328.400209904 0.100430000 0.323327000 0.200419000 -0.049655000 -0.041005000 -0.416135000 0.907020000
1520530328.450220108 0.070455000 0.325460000 0.203450000 -0.044390000 -0.040442000 -0.471583000 0.879775000
1520530328.500220060 0.041300000 0.330229000 0.203820000 -0.044875000 -0.036417000 -0.527015000 0.847889000
1520530328.550230026 0.013131000 0.336422000 0.202463000 -0.050294000 -0.025592000 -0.580465000 0.812327000
1520530328.600229979 -0.013037000 0.343383000 0.199641000 -0.054666000 -0.009411000 -0.631709000 0.773219000
1520530328.650239944 -0.036793000 0.350257000 0.195685000 -0.054119000 0.006729000 -0.679876000 0.731296000
1520530328.700239897 -0.057757000 0.356437000 0.190416000 -0.046872000 0.019988000 -0.723144000 0.688815000
1520530328.750250101 -0.077542000 0.360104000 0.185189000 -0.034281000 0.029785000 -0.758093000 0.650563000
1520530328.799999952 -0.096531000 0.361323000 0.182169000 -0.018414000 0.038071000 -0.781178000 0.622875000
1520530328.850019932 -0.115993000 0.359178000 0.182653000 -0.002919000 0.045911000 -0.791048000 0.610022000
1520530328.900029898 -0.134938000 0.353276000 0.186268000 0.007298000 0.051956000 -0.787792000 0.613703000
1520530328.950040102 -0.153867000 0.342973000 0.191811000 0.011255000 0.053708000 -0.774004000 0.630799000
1520530329.000050068 -0.170747000 0.330698000 0.197709000 0.011881000 0.053354000 -0.751659000 0.657283000
1520530329.050060034 -0.185082000 0.316886000 0.203424000 0.011873000 0.054069000 -0.724978000 0.686544000
1520530329.100059986 -0.196724000 0.301211000 0.208074000 0.010500000 0.053404000 -0.694385000 0.717543000
1520530329.150069952 -0.205941000 0.284719000 0.211106000 0.009843000 0.049982000 -0.662196000 0.747597000
1520530329.200010061 -0.212668000 0.266818000 0.212787000 0.006217000 0.042843000 -0.625991000 0.778628000
1520530329.250070095 -0.217120000 0.248254000 0.213413000 -0.000513000 0.035372000 -0.586303000 0.809319000
1520530329.300029993 -0.219150000 0.229017000 0.212932000 -0.014007000 0.026085000 -0.544052000 0.838529000
1520530329.350029945 -0.219296000 0.210015000 0.211388000 -0.030780000 0.017005000 -0.502690000 0.863751000
1520530329.400039911 -0.217076000 0.191900000 0.209066000 -0.047974000 0.003484000 -0.470614000 0.881027000
1520530329.450040102 -0.215174000 0.175911000 0.206899000 -0.063283000 -0.013601000 -0.453066000 0.889124000
1520530329.500050068 -0.214746000 0.162487000 0.205451000 -0.077905000 -0.035062000 -0.452689000 0.887567000
1520530329.550060034 -0.216159000 0.152907000 0.204585000 -0.092026000 -0.059572000 -0.470118000 0.875769000
1520530329.600110054 -0.218498000 0.147442000 0.204173000 -0.108747000 -0.089341000 -0.498491000 0.855394000
1520530329.650110006 -0.221121000 0.145737000 0.204356000 -0.129871000 -0.121767000 -0.528697000 0.829931000
1520530329.700129986 -0.222934000 0.148834000 0.204765000 -0.153416000 -0.151841000 -0.559815000 0.800009000
1520530329.750129938 -0.223015000 0.157246000 0.204094000 -0.177809000 -0.178666000 -0.590725000 0.766490000
1520530329.800129890 -0.221843000 0.170990000 0.201285000 -0.197922000 -0.199112000 -0.622007000 0.730951000
1520530329.850140095 -0.221029000 0.189237000 0.194735000 -0.209443000 -0.216457000 -0.651835000 0.695982000
1520530329.900140047 -0.218771000 0.211825000 0.183704000 -0.207117000 -0.233315000 -0.681890000 0.661584000
1520530329.950139999 -0.215625000 0.238271000 0.169652000 -0.196783000 -0.252781000 -0.708051000 0.629318000
1520530330.000139952 -0.211366000 0.268038000 0.153931000 -0.179794000 -0.268082000 -0.731055000 0.601136000
1520530330.050189972 -0.205835000 0.302215000 0.138339000 -0.155192000 -0.269786000 -0.755611000 0.576353000
1520530330.100199938 -0.198892000 0.339192000 0.123835000 -0.123059000 -0.258003000 -0.780283000 0.556281000
1520530330.150199890 -0.190026000 0.378500000 0.112205000 -0.087462000 -0.234332000 -0.805885000 0.536646000
1520530330.200200081 -0.180021000 0.418547000 0.104665000 -0.056910000 -0.201866000 -0.829324000 0.517912000
1520530330.250200033 -0.169442000 0.457574000 0.101699000 -0.030512000 -0.160704000 -0.850085000 0.500599000
1520530330.300189972 -0.158580000 0.494110000 0.102867000 -0.000205000 -0.109355000 -0.868676000 0.483160000
1520530330.350179911 -0.148112000 0.526595000 0.107822000 0.035053000 -0.050120000 -0.881050000 0.469053000
1520530330.400180101 -0.139428000 0.553611000 0.116099000 0.074016000 0.011503000 -0.884131000 0.461196000
1520530330.450789928 -0.131707000 0.573786000 0.125056000 0.113753000 0.067901000 -0.876053000 0.463660000
1520530330.500780106 -0.125890000 0.585786000 0.135642000 0.153734000 0.112476000 -0.858383000 0.476334000
1520530330.550790071 -0.121977000 0.589621000 0.144388000 0.191154000 0.143345000 -0.834082000 0.497213000
1520530330.600800037 -0.119689000 0.584707000 0.150855000 0.225046000 0.165842000 -0.802900000 0.526500000
1520530330.650799990 -0.117781000 0.570891000 0.154370000 0.252672000 0.184320000 -0.764761000 0.563314000
1520530330.700799942 -0.115817000 0.549409000 0.154654000 0.275377000 0.201696000 -0.720409000 0.603735000
1520530330.750809908 -0.112504000 0.519853000 0.150587000 0.290313000 0.210264000 -0.674686000 0.645218000
1520530330.800810099 -0.107714000 0.484505000 0.141536000 0.300701000 0.208972000 -0.628956000 0.685802000
1520530330.850379944 -0.100685000 0.445255000 0.129006000 0.306048000 0.199465000 -0.586631000 0.722781000
1520530330.900290012 -0.090194000 0.403807000 0.113576000 0.305310000 0.179594000 -0.545895000 0.759296000
1520530330.950289965 -0.077718000 0.361428000 0.097823000 0.299400000 0.150622000 -0.508467000 0.793180000
1520530331.000299931 -0.065133000 0.318624000 0.083353000 0.289643000 0.119277000 -0.475826000 0.821869000
1520530331.050299883 -0.050820000 0.277119000 0.070144000 0.277577000 0.090678000 -0.449753000 0.844068000
1520530331.100300074 -0.039349000 0.236029000 0.061932000 0.262333000 0.060688000 -0.430977000 0.861253000
1520530331.150300026 -0.028996000 0.196724000 0.059906000 0.242682000 0.026098000 -0.417479000 0.875292000
1520530331.200299978 -0.019893000 0.160922000 0.065707000 0.217845000 -0.012277000 -0.407916000 0.886565000
1520530331.250760078 -0.013140000 0.129443000 0.077213000 0.185650000 -0.049794000 -0.404290000 0.894206000
1520530331.300760031 -0.010598000 0.105095000 0.093163000 0.144954000 -0.084126000 -0.407745000 0.897583000
1520530331.350759983 -0.012791000 0.088871000 0.112512000 0.094623000 -0.113693000 -0.419282000 0.895725000
1520530331.400759935 -0.017006000 0.080140000 0.133583000 0.036915000 -0.141127000 -0.437621000 0.887247000
1520530331.450750113 -0.023479000 0.081428000 0.154344000 -0.024340000 -0.167362000 -0.462172000 0.870514000
1520530331.500740051 -0.031754000 0.089851000 0.172561000 -0.085267000 -0.193081000 -0.490064000 0.845746000
1520530331.550740004 -0.041837000 0.106740000 0.186338000 -0.138090000 -0.216493000 -0.522693000 0.812929000
1520530331.600739956 -0.051884000 0.128885000 0.193727000 -0.178152000 -0.236741000 -0.560643000 0.773237000
1520530331.650470018 -0.062210000 0.155450000 0.193595000 -0.203776000 -0.251978000 -0.600795000 0.730772000
1520530331.700469971 -0.070952000 0.186122000 0.187003000 -0.219851000 -0.263724000 -0.639661000 0.687713000
1520530331.750469923 -0.077678000 0.220931000 0.173945000 -0.226776000 -0.269840000 -0.677522000 0.645540000
1520530331.800470114 -0.080222000 0.258386000 0.155761000 -0.225392000 -0.270127000 -0.713799000 0.605575000
1520530331.850470066 -0.079638000 0.299365000 0.134088000 -0.213208000 -0.261495000 -0.750594000 0.568129000
1520530331.900470018 -0.075734000 0.341762000 0.112082000 -0.192467000 -0.245522000 -0.785472000 0.534518000
1520530331.950479984 -0.068779000 0.383707000 0.091345000 -0.167774000 -0.226368000 -0.815559000 0.505443000
1520530332.000479937 -0.059992000 0.424454000 0.074817000 -0.140160000 -0.205612000 -0.841105000 0.480230000
1520530332.050379992 -0.048792000 0.463257000 0.063833000 -0.109078000 -0.183093000 -0.863217000 0.457641000
1520530332.100379944 -0.036575000 0.499032000 0.058837000 -0.076930000 -0.157611000 -0.882090000 0.437216000
1520530332.150379896 -0.025299000 0.530687000 0.062248000 -0.046162000 -0.128164000 -0.898059000 0.418250000
1520530332.200390100 -0.014389000 0.556199000 0.072369000 -0.015183000 -0.091466000 -0.910853000 0.402181000
1520530332.250390053 -0.005904000 0.574493000 0.088821000 0.017814000 -0.046919000 -0.917620000 0.394278000
1520530332.300400019 0.000966000 0.584178000 0.110267000 0.049943000 0.004247000 -0.916872000 0.396021000
1520530332.350389957 0.004192000 0.583226000 0.135266000 0.075280000 0.054180000 -0.908740000 0.406927000
1520530332.400399923 0.003919000 0.574276000 0.160104000 0.099150000 0.101893000 -0.894618000 0.423611000
1520530332.450400114 0.003335000 0.558194000 0.182262000 0.124357000 0.146989000 -0.875488000 0.443227000
1520530332.500489950 -0.001154000 0.536140000 0.199312000 0.147085000 0.187765000 -0.849963000 0.469759000
1520530332.550489902 -0.008780000 0.506786000 0.211128000 0.167103000 0.225297000 -0.818628000 0.501165000
1520530332.600490093 -0.015666000 0.474986000 0.214666000 0.184040000 0.252979000 -0.782169000 0.538835000
1520530332.650490046 -0.020698000 0.440511000 0.210256000 0.202939000 0.271291000 -0.743383000 0.576714000
1520530332.700489998 -0.026012000 0.404738000 0.198320000 0.222150000 0.281421000 -0.704074000 0.612970000
1520530332.750499964 -0.029344000 0.368497000 0.180315000 0.238166000 0.282518000 -0.667819000 0.646125000
1520530332.800489902 -0.030348000 0.331087000 0.157817000 0.246510000 0.271247000 -0.634967000 0.680056000
1520530332.850490093 -0.030146000 0.292361000 0.132185000 0.249099000 0.251651000 -0.603995000 0.714011000
1520530332.900160074 -0.029253000 0.256034000 0.106237000 0.247641000 0.225917000 -0.574612000 0.746630000
1520530332.950150013 -0.024060000 0.219388000 0.081808000 0.245378000 0.194840000 -0.545828000 0.777109000
1520530333.000149965 -0.016440000 0.184498000 0.060908000 0.242537000 0.157026000 -0.516496000 0.806071000
1520530333.050149918 -0.007706000 0.152065000 0.047611000 0.237991000 0.118790000 -0.485903000 0.832555000
1520530333.100150108 0.004440000 0.123636000 0.042123000 0.229447000 0.086051000 -0.452770000 0.857291000
1520530333.150160074 0.016380000 0.100062000 0.045110000 0.214722000 0.058959000 -0.415510000 0.881913000
1520530333.200160027 0.027144000 0.082091000 0.056716000 0.194010000 0.036889000 -0.379344000 0.903935000
1520530333.250159979 0.036830000 0.069088000 0.074856000 0.166029000 0.014521000 -0.342913000 0.924464000
1520530333.300600052 0.043934000 0.062585000 0.098350000 0.132791000 -0.007023000 -0.307886000 0.942085000
1520530333.350600004 0.050158000 0.061534000 0.122993000 0.097255000 -0.028499000 -0.271743000 0.957019000
1520530333.400599957 0.052962000 0.066080000 0.148846000 0.062667000 -0.047139000 -0.235860000 0.968618000
1520530333.450599909 0.053980000 0.075694000 0.172834000 0.032496000 -0.063699000 -0.202133000 0.976744000
1520530333.500600100 0.052905000 0.086941000 0.192088000 0.009817000 -0.074232000 -0.178987000 0.980998000
1520530333.550590038 0.047296000 0.101705000 0.207277000 -0.005677000 -0.079871000 -0.174243000 0.981442000
1520530333.600589991 0.038245000 0.117614000 0.218456000 -0.014534000 -0.085229000 -0.191625000 0.977653000
1520530333.650589943 0.024010000 0.135843000 0.227146000 -0.018498000 -0.088954000 -0.234729000 0.967805000
1520530333.700500011 0.009693000 0.155905000 0.234791000 -0.023608000 -0.090602000 -0.289439000 0.952607000
1520530333.750499964 -0.006083000 0.179910000 0.242994000 -0.035444000 -0.086824000 -0.350046000 0.932026000
1520530333.800509930 -0.022722000 0.208069000 0.252085000 -0.052707000 -0.070900000 -0.420201000 0.903120000
1520530333.850509882 -0.036327000 0.238808000 0.261936000 -0.076138000 -0.043933000 -0.490067000 0.867241000
1520530333.900510073 -0.048359000 0.268128000 0.271100000 -0.099350000 -0.007882000 -0.557836000 0.823946000
1520530333.950510025 -0.055322000 0.296494000 0.280743000 -0.115202000 0.037076000 -0.622449000 0.773247000
1520530334.000530005 -0.057515000 0.320095000 0.290699000 -0.123143000 0.081956000 -0.675130000 0.722716000
1520530334.050519943 -0.057234000 0.336945000 0.301725000 -0.130020000 0.117431000 -0.708589000 0.683525000
1520530334.100199938 -0.054656000 0.348861000 0.313876000 -0.140509000 0.141464000 -0.723477000 0.660928000
1520530334.150209904 -0.050541000 0.356918000 0.325688000 -0.152041000 0.156201000 -0.726742000 0.651407000
1520530334.200229883 -0.048482000 0.361972000 0.334647000 -0.159658000 0.159007000 -0.723653000 0.652343000
1520530334.250240088 -0.049941000 0.365071000 0.336741000 -0.146608000 0.139718000 -0.720164000 0.663588000
1520530334.300240040 -0.050250000 0.368073000 0.331390000 -0.108816000 0.099653000 -0.718525000 0.679669000
1520530334.350260019 -0.053139000 0.368442000 0.321144000 -0.062717000 0.053336000 -0.714351000 0.694927000
1520530334.400259972 -0.056152000 0.367851000 0.308153000 -0.021703000 0.010719000 -0.707789000 0.706009000
1520530334.450269938 -0.059329000 0.366996000 0.293943000 0.014976000 -0.025409000 -0.700715000 0.712831000
1520530334.500260115 -0.061562000 0.365365000 0.278327000 0.048822000 -0.060219000 -0.692971000 0.716786000
1520530334.550120115 -0.064244000 0.364109000 0.262136000 0.080231000 -0.091865000 -0.685701000 0.717592000
1520530334.600130081 -0.065020000 0.363377000 0.245258000 0.110629000 -0.120879000 -0.678491000 0.716100000
1520530334.650130033 -0.064871000 0.362737000 0.227895000 0.141706000 -0.148761000 -0.670260000 0.713120000
1520530334.700129986 -0.064374000 0.362346000 0.210104000 0.172968000 -0.178208000 -0.660054000 0.708981000
1520530334.750129938 -0.063389000 0.363870000 0.192574000 0.202965000 -0.208755000 -0.648778000 0.703075000
1520530334.800129890 -0.062458000 0.366889000 0.175086000 0.232526000 -0.240523000 -0.636706000 0.694756000
1520530334.850130081 -0.060417000 0.370848000 0.158841000 0.260249000 -0.273087000 -0.624126000 0.684222000
1520530334.900130033 -0.057483000 0.375428000 0.145531000 0.284437000 -0.301117000 -0.613433000 0.672402000
1520530334.950959921 -0.056291000 0.379957000 0.138421000 0.296386000 -0.317167000 -0.608445000 0.664345000
1520530335.000960112 -0.057634000 0.383846000 0.138714000 0.289512000 -0.314698000 -0.612989000 0.664374000
1520530335.050960064 -0.060653000 0.387698000 0.144643000 0.266279000 -0.295225000 -0.625566000 0.671271000
1520530335.100960016 -0.064572000 0.391535000 0.154688000 0.233003000 -0.264681000 -0.642299000 0.680518000
1520530335.150959969 -0.068411000 0.395036000 0.168013000 0.195201000 -0.226587000 -0.660381000 0.688805000
1520530335.200959921 -0.070835000 0.397776000 0.182693000 0.155342000 -0.185067000 -0.677421000 0.694780000
1520530335.250960112 -0.071872000 0.399762000 0.198104000 0.113659000 -0.142612000 -0.691044000 0.699429000
1520530335.300960064 -0.071804000 0.400996000 0.213500000 0.070024000 -0.101253000 -0.700272000 0.703181000
1520530335.351480007 -0.070098000 0.401645000 0.228574000 0.026791000 -0.059987000 -0.705534000 0.705624000
1520530335.401479959 -0.066425000 0.401656000 0.242932000 -0.015250000 -0.019683000 -0.707543000 0.706231000
1520530335.451479912 -0.061930000 0.400722000 0.255884000 -0.053776000 0.016326000 -0.706093000 0.705885000
1520530335.501490116 -0.056139000 0.399257000 0.267123000 -0.084908000 0.047046000 -0.703113000 0.704422000
1520530335.551490068 -0.049354000 0.397298000 0.276995000 -0.111195000 0.072408000 -0.698756000 0.702946000
1520530335.601540089 -0.042162000 0.395074000 0.285796000 -0.134717000 0.095720000 -0.692849000 0.701889000
1520530335.651499987 -0.035469000 0.392711000 0.292988000 -0.155739000 0.115560000 -0.685682000 0.701592000
1520530335.701499939 -0.029980000 0.390132000 0.297821000 -0.171479000 0.129572000 -0.679101000 0.701875000
1520530335.750260115 -0.027359000 0.387086000 0.298629000 -0.175773000 0.131306000 -0.674738000 0.704692000
1520530335.800260067 -0.027071000 0.383342000 0.295274000 -0.163510000 0.120696000 -0.672932000 0.711238000
1520530335.850260019 -0.028160000 0.377433000 0.288092000 -0.139729000 0.099353000 -0.669752000 0.722521000
1520530335.900259972 -0.029779000 0.369729000 0.277748000 -0.108529000 0.071145000 -0.661405000 0.738717000
1520530335.950259924 -0.030408000 0.359899000 0.264880000 -0.069221000 0.039605000 -0.649489000 0.756177000
1520530336.000260115 -0.029473000 0.347652000 0.249739000 -0.021261000 0.008767000 -0.635330000 0.771899000
1520530336.050260067 -0.027041000 0.333651000 0.233965000 0.028262000 -0.018548000 -0.619130000 0.784560000
1520530336.100270033 -0.023623000 0.316523000 0.219149000 0.069865000 -0.037442000 -0.598344000 0.797309000
1520530336.150209904 -0.020300000 0.295801000 0.205658000 0.099335000 -0.044756000 -0.577568000 0.809039000
1520530336.200220108 -0.016787000 0.270626000 0.194058000 0.116280000 -0.043671000 -0.558494000 0.820156000
1520530336.250220060 -0.011783000 0.240799000 0.185096000 0.122482000 -0.041730000 -0.537885000 0.833028000
1520530336.300220013 -0.004193000 0.208150000 0.180624000 0.118925000 -0.040177000 -0.516288000 0.847166000
1520530336.350219965 0.003469000 0.173972000 0.183358000 0.101654000 -0.038101000 -0.495199000 0.861970000
1520530336.400219917 0.011015000 0.140838000 0.194570000 0.068103000 -0.033906000 -0.474970000 0.876707000
1520530336.450220108 0.017596000 0.112143000 0.214490000 0.021709000 -0.027257000 -0.459201000 0.887649000
1520530336.500220060 0.021971000 0.091593000 0.242269000 -0.027642000 -0.021690000 -0.452943000 0.890847000
1520530336.550620079 0.023722000 0.080664000 0.276116000 -0.075914000 -0.024297000 -0.449529000 0.889702000
1520530336.600620031 0.022254000 0.079728000 0.311440000 -0.114813000 -0.027893000 -0.448327000 0.886026000
1520530336.650619984 0.017030000 0.088006000 0.345042000 -0.142757000 -0.028517000 -0.452956000 0.879567000
1520530336.700619936 0.007339000 0.103858000 0.375315000 -0.162012000 -0.029498000 -0.463226000 0.870806000
1520530336.750629902 -0.006674000 0.126931000 0.400200000 -0.175259000 -0.030549000 -0.476847000 0.860795000
1520530336.800630093 -0.024203000 0.157010000 0.418120000 -0.182302000 -0.030430000 -0.495564000 0.848679000
1520530336.850630045 -0.043110000 0.192908000 0.426734000 -0.186597000 -0.028623000 -0.516482000 0.835229000
1520530336.900629997 -0.062355000 0.233373000 0.423093000 -0.187665000 -0.025950000 -0.539667000 0.820285000
1520530336.950629950 -0.080594000 0.276342000 0.405849000 -0.183464000 -0.028763000 -0.561136000 0.806623000
1520530337.000299931 -0.096488000 0.321139000 0.374989000 -0.169355000 -0.036773000 -0.578563000 0.797014000
1520530337.050299883 -0.109429000 0.368067000 0.331669000 -0.145476000 -0.051366000 -0.596382000 0.787735000
1520530337.100300074 -0.118128000 0.416869000 0.279709000 -0.116778000 -0.068590000 -0.613813000 0.777748000
1520530337.150300026 -0.120113000 0.467863000 0.223012000 -0.088621000 -0.086444000 -0.628720000 0.767714000
1520530337.200390100 -0.115029000 0.520867000 0.164522000 -0.059946000 -0.101839000 -0.645051000 0.754947000
1520530337.250299931 -0.101247000 0.574919000 0.107604000 -0.031998000 -0.112128000 -0.663769000 0.738793000
1520530337.300299883 -0.079896000 0.628322000 0.054783000 -0.010921000 -0.118387000 -0.683946000 0.719780000
1520530337.350300074 -0.051668000 0.680877000 0.008107000 0.002332000 -0.122383000 -0.704670000 0.698897000
1520530337.400330067 -0.017780000 0.732108000 -0.031379000 0.012804000 -0.125699000 -0.727027000 0.674884000
1520530337.450330019 0.020701000 0.780942000 -0.062596000 0.023570000 -0.130245000 -0.749210000 0.648973000
1520530337.500329971 0.061687000 0.827475000 -0.082601000 0.033574000 -0.133031000 -0.771647000 0.621077000
1520530337.550329924 0.102526000 0.870909000 -0.088078000 0.035893000 -0.132591000 -0.793646000 0.592669000
1520530337.600330114 0.139418000 0.911027000 -0.078409000 0.032152000 -0.125750000 -0.812736000 0.567991000
1520530337.650330067 0.169820000 0.947507000 -0.054171000 0.031154000 -0.107736000 -0.829612000 0.546961000
1520530337.700330019 0.191580000 0.979092000 -0.017337000 0.033282000 -0.081653000 -0.844861000 0.527670000
1520530337.750339985 0.204624000 1.004089000 0.029989000 0.033013000 -0.055404000 -0.855723000 0.513399000
1520530337.800879955 0.209380000 1.022211000 0.084301000 0.029459000 -0.034428000 -0.861631000 0.505508000
1520530337.850879908 0.205602000 1.033364000 0.142962000 0.024436000 -0.018367000 -0.864061000 0.502459000
1520530337.900890112 0.194752000 1.039027000 0.203331000 0.019074000 -0.001631000 -0.865969000 0.499731000
1520530337.950890064 0.177609000 1.037606000 0.263511000 0.014270000 0.018682000 -0.866369000 0.498850000
1520530338.000890017 0.156537000 1.029902000 0.320419000 0.009161000 0.042212000 -0.863289000 0.502858000
1520530338.050899982 0.132133000 1.015156000 0.373662000 0.002179000 0.067222000 -0.855606000 0.513240000
1520530338.100899935 0.104963000 0.995032000 0.420415000 -0.005106000 0.089361000 -0.842903000 0.530569000
1520530338.150899887 0.076316000 0.970464000 0.458104000 -0.008362000 0.101114000 -0.828755000 0.550338000
1520530338.200510025 0.047401000 0.942220000 0.484043000 -0.003466000 0.101385000 -0.815517000 0.569773000
1520530338.250509977 0.018803000 0.909619000 0.498880000 0.010079000 0.096952000 -0.801107000 0.590531000
1520530338.300509930 -0.008959000 0.873090000 0.502287000 0.025071000 0.091132000 -0.786031000 0.610919000
1520530338.350500107 -0.035018000 0.832901000 0.494512000 0.037250000 0.085539000 -0.771762000 0.629030000
1520530338.400500059 -0.058836000 0.789590000 0.476394000 0.043275000 0.075665000 -0.756102000 0.648623000
1520530338.450500011 -0.079740000 0.743181000 0.448212000 0.045463000 0.057488000 -0.738386000 0.670383000
1520530338.500499964 -0.097008000 0.694823000 0.410870000 0.053459000 0.032766000 -0.722372000 0.688657000
1520530338.550499916 -0.109582000 0.644667000 0.365916000 0.066617000 0.003934000 -0.708405000 0.702644000
1520530338.600280046 -0.116845000 0.593166000 0.315112000 0.081323000 -0.026365000 -0.696185000 0.712754000
1520530338.650279999 -0.118149000 0.540104000 0.259889000 0.096581000 -0.055952000 -0.683120000 0.721726000
1520530338.700289965 -0.113681000 0.486048000 0.203219000 0.110819000 -0.081315000 -0.667975000 0.731380000
1520530338.750289917 -0.102651000 0.432366000 0.145302000 0.126330000 -0.099147000 -0.653562000 0.739640000
1520530338.800290108 -0.086278000 0.378483000 0.088784000 0.140791000 -0.111769000 -0.640360000 0.746743000
1520530338.850290060 -0.064421000 0.324593000 0.033915000 0.153230000 -0.127182000 -0.625574000 0.754322000
1520530338.900290012 -0.036074000 0.271240000 -0.017861000 0.168866000 -0.147701000 -0.607935000 0.761632000
1520530338.950289965 -0.001475000 0.219278000 -0.065451000 0.192413000 -0.166403000 -0.588848000 0.767167000
1520530339.000289917 0.038089000 0.168620000 -0.107391000 0.216761000 -0.182795000 -0.567937000 0.772689000
1520530339.050980091 0.081155000 0.118614000 -0.142462000 0.235687000 -0.197486000 -0.544619000 0.780283000
1520530339.100980043 0.125054000 0.070292000 -0.168995000 0.247253000 -0.210017000 -0.516897000 0.792197000
1520530339.150979996 0.169815000 0.023556000 -0.188052000 0.256505000 -0.216230000 -0.485097000 0.807546000
1520530339.200979948 0.212831000 -0.021957000 -0.197203000 0.263385000 -0.216561000 -0.452712000 0.823882000
1520530339.250979900 0.252868000 -0.065715000 -0.196313000 0.263824000 -0.216462000 -0.419840000 0.840997000
1520530339.300990105 0.287111000 -0.107365000 -0.185364000 0.257418000 -0.216735000 -0.389878000 0.857180000
1520530339.350990057 0.313544000 -0.146692000 -0.164565000 0.243421000 -0.217536000 -0.364413000 0.872140000
1520530339.400990009 0.331532000 -0.183408000 -0.134479000 0.220558000 -0.218690000 -0.342667000 0.886627000
1520530339.451709986 0.341064000 -0.217140000 -0.095287000 0.188063000 -0.218191000 -0.323751000 0.901227000
1520530339.501709938 0.343396000 -0.246196000 -0.050987000 0.148773000 -0.214371000 -0.310170000 0.914170000
1520530339.551709890 0.339186000 -0.270279000 -0.003396000 0.104950000 -0.208317000 -0.303760000 0.923753000
1520530339.601710081 0.328949000 -0.288713000 0.045262000 0.061550000 -0.200688000 -0.305673000 0.928709000
1520530339.651710033 0.312475000 -0.301336000 0.093472000 0.020291000 -0.193524000 -0.313560000 0.929417000
1520530339.701709986 0.290273000 -0.307768000 0.140160000 -0.017917000 -0.186425000 -0.323121000 0.927641000
1520530339.751709938 0.261787000 -0.308789000 0.183330000 -0.051287000 -0.176195000 -0.338346000 0.922955000
1520530339.801709890 0.229177000 -0.305481000 0.222596000 -0.082365000 -0.164752000 -0.357480000 0.915577000
1520530339.851069927 0.194135000 -0.299334000 0.258237000 -0.110081000 -0.154941000 -0.374951000 0.907352000
1520530339.901070118 0.157008000 -0.290772000 0.293181000 -0.136407000 -0.152286000 -0.391145000 0.897334000
1520530339.951070070 0.118768000 -0.279186000 0.326322000 -0.157480000 -0.145496000 -0.408455000 0.887240000
1520530340.001070023 0.081998000 -0.263699000 0.355301000 -0.172492000 -0.128081000 -0.430956000 0.876424000
1520530340.051069975 0.046759000 -0.243180000 0.377419000 -0.186895000 -0.101645000 -0.453724000 0.865375000
1520530340.101069927 0.013961000 -0.218847000 0.390506000 -0.203134000 -0.077243000 -0.475249000 0.852589000
1520530340.151070118 -0.017079000 -0.191734000 0.392411000 -0.214677000 -0.061541000 -0.494808000 0.839817000
1520530340.201070070 -0.044218000 -0.159779000 0.383152000 -0.214019000 -0.053996000 -0.516619000 0.827276000
1520530340.250400066 -0.068722000 -0.125159000 0.363430000 -0.203071000 -0.054158000 -0.538672000 0.815881000
1520530340.300400019 -0.092204000 -0.089391000 0.333858000 -0.185986000 -0.057128000 -0.561754000 0.804101000
1520530340.350409985 -0.110803000 -0.049994000 0.297182000 -0.168864000 -0.062127000 -0.582254000 0.792846000
1520530340.400409937 -0.125378000 -0.008880000 0.254257000 -0.149469000 -0.064990000 -0.602039000 0.781655000
1520530340.450409889 -0.134989000 0.033384000 0.207449000 -0.129887000 -0.068529000 -0.620342000 0.770460000
1520530340.500410080 -0.138747000 0.076151000 0.158755000 -0.108372000 -0.072506000 -0.638550000 0.758454000
1520530340.550410032 -0.136624000 0.119412000 0.109849000 -0.085801000 -0.078454000 -0.658952000 0.743145000
1520530340.600409985 -0.129372000 0.162682000 0.062406000 -0.062738000 -0.083624000 -0.677749000 0.727823000
1520530340.650350094 -0.118791000 0.205090000 0.018375000 -0.040603000 -0.086861000 -0.694826000 0.712758000
1520530340.700350046 -0.105179000 0.246810000 -0.021401000 -0.022116000 -0.090563000 -0.709097000 0.698921000
1520530340.750360012 -0.088093000 0.288000000 -0.055551000 -0.005285000 -0.091488000 -0.722506000 0.685264000
1520530340.800359964 -0.068791000 0.327783000 -0.082590000 0.005163000 -0.092713000 -0.733222000 0.673619000
1520530340.850359917 -0.048650000 0.365632000 -0.102164000 0.011699000 -0.094316000 -0.742529000 0.663038000
1520530340.900360107 -0.029331000 0.400553000 -0.113854000 0.018898000 -0.094065000 -0.751395000 0.652841000
1520530340.950360060 -0.011733000 0.431570000 -0.117842000 0.026247000 -0.090999000 -0.759654000 0.643394000
1520530341.000360012 0.002631000 0.458543000 -0.114315000 0.032612000 -0.085409000 -0.766394000 0.635832000
1520530341.050780058 0.013563000 0.479499000 -0.103547000 0.038715000 -0.077153000 -0.769878000 0.632326000
1520530341.100780010 0.021435000 0.492893000 -0.086806000 0.042402000 -0.067620000 -0.769943000 0.633101000
1520530341.150779963 0.026563000 0.498849000 -0.065567000 0.041570000 -0.057540000 -0.766903000 0.637826000
1520530341.200779915 0.029233000 0.498467000 -0.044027000 0.036133000 -0.047760000 -0.761359000 0.645558000
1520530341.250790119 0.029763000 0.492491000 -0.024116000 0.025761000 -0.039641000 -0.752401000 0.657006000
1520530341.300790071 0.028639000 0.482424000 -0.006698000 0.011732000 -0.036463000 -0.739758000 0.671782000
1520530341.350790024 0.026676000 0.469159000 0.008628000 -0.001012000 -0.038531000 -0.726640000 0.685937000
1520530341.400789976 0.024981000 0.453559000 0.021840000 -0.008131000 -0.041399000 -0.713777000 0.699101000
1520530341.450799942 0.023639000 0.436765000 0.033203000 -0.011145000 -0.043172000 -0.701527000 0.711246000
1520530341.500720024 0.021765000 0.420020000 0.042937000 -0.013307000 -0.043843000 -0.691163000 0.721245000
1520530341.550719976 0.019348000 0.404347000 0.050879000 -0.016610000 -0.042549000 -0.681441000 0.730447000
1520530341.600729942 0.015393000 0.390079000 0.056514000 -0.021619000 -0.037857000 -0.674189000 0.737271000
1520530341.650729895 0.011030000 0.376819000 0.060361000 -0.030579000 -0.032561000 -0.666080000 0.744541000
1520530341.700730085 0.006728000 0.365279000 0.062595000 -0.037513000 -0.025436000 -0.659012000 0.750766000
1520530341.750730038 0.002583000 0.354495000 0.062979000 -0.040599000 -0.024395000 -0.650333000 0.758171000
1520530341.800729990 -0.002260000 0.344898000 0.061257000 -0.036608000 -0.028919000 -0.643396000 0.764111000
1520530341.850739956 -0.008819000 0.335960000 0.057338000 -0.024330000 -0.035197000 -0.640524000 0.766745000
1520530341.900559902 -0.017441000 0.326878000 0.052495000 -0.006201000 -0.042606000 -0.639442000 0.767633000
1520530341.950589895 -0.027883000 0.316939000 0.047405000 0.010682000 -0.052599000 -0.638975000 0.767353000
1520530342.000560045 -0.041283000 0.306388000 0.042669000 0.021469000 -0.060889000 -0.641270000 0.764594000
1520530342.050559998 -0.058278000 0.295342000 0.038539000 0.027982000 -0.059647000 -0.649241000 0.757724000
1520530342.100559950 -0.077859000 0.283645000 0.035704000 0.028706000 -0.053066000 -0.661198000 0.747782000
1520530342.150559902 -0.099175000 0.271479000 0.033889000 0.022311000 -0.047021000 -0.675602000 0.735427000
1520530342.200570107 -0.122178000 0.258906000 0.033790000 0.008384000 -0.041373000 -0.689964000 0.722611000
1520530342.250570059 -0.146180000 0.246938000 0.037045000 -0.007495000 -0.030608000 -0.704764000 0.708742000
1520530342.300689936 -0.169630000 0.236435000 0.042900000 -0.020292000 -0.020470000 -0.722058000 0.691232000
1520530342.350689888 -0.191830000 0.227181000 0.049848000 -0.030931000 -0.016463000 -0.739183000 0.672592000
1520530342.400690079 -0.213613000 0.220896000 0.056949000 -0.037812000 -0.015768000 -0.756111000 0.653160000
1520530342.450700045 -0.233788000 0.216819000 0.062013000 -0.043179000 -0.018487000 -0.772787000 0.632925000
1520530342.500699997 -0.254348000 0.215164000 0.064411000 -0.048791000 -0.026053000 -0.785772000 0.616038000
1520530342.550699949 -0.275738000 0.215288000 0.064562000 -0.051238000 -0.034698000 -0.794698000 0.603842000
1520530342.600699902 -0.298189000 0.217419000 0.062732000 -0.048516000 -0.043485000 -0.800043000 0.596395000
1520530342.650710106 -0.322158000 0.222009000 0.058842000 -0.039083000 -0.051804000 -0.804929000 0.589812000
1520530342.700670004 -0.348502000 0.228638000 0.052554000 -0.026084000 -0.061885000 -0.809739000 0.582934000
1520530342.750669956 -0.378189000 0.236861000 0.044083000 -0.014831000 -0.074551000 -0.816083000 0.572914000
1520530342.800669909 -0.410534000 0.246563000 0.035066000 -0.009909000 -0.088564000 -0.821581000 0.563084000
1520530342.850670099 -0.444890000 0.258402000 0.026722000 -0.011598000 -0.099341000 -0.827123000 0.553051000
1520530342.900670052 -0.480709000 0.273057000 0.019992000 -0.019249000 -0.104603000 -0.832506000 0.543711000
1520530342.950680017 -0.517314000 0.290330000 0.015772000 -0.027268000 -0.105280000 -0.838134000 0.534513000
1520530343.000679970 -0.554900000 0.310822000 0.015198000 -0.029738000 -0.107663000 -0.844966000 0.523027000
1520530343.050679922 -0.588882000 0.334533000 0.017451000 -0.026451000 -0.112582000 -0.853002000 0.508934000
1520530343.101160049 -0.619125000 0.359949000 0.022538000 -0.028959000 -0.116973000 -0.860970000 0.494175000
1520530343.151160002 -0.647957000 0.387437000 0.029122000 -0.038829000 -0.112003000 -0.870439000 0.477790000
1520530343.201159954 -0.676335000 0.417256000 0.035291000 -0.048286000 -0.098723000 -0.881945000 0.458362000
1520530343.251159906 -0.704276000 0.448828000 0.038519000 -0.053182000 -0.086220000 -0.895055000 0.434297000
1520530343.301160097 -0.732541000 0.482414000 0.037199000 -0.058895000 -0.079572000 -0.907118000 0.409068000
1520530343.351160049 -0.760925000 0.517852000 0.032044000 -0.062256000 -0.074900000 -0.919243000 0.381452000
1520530343.401160002 -0.788895000 0.554869000 0.025132000 -0.060508000 -0.068116000 -0.931350000 0.352542000
1520530343.451169968 -0.816974000 0.592337000 0.018607000 -0.059803000 -0.060310000 -0.941419000 0.326369000
1520530343.501430035 -0.844122000 0.630857000 0.014095000 -0.055973000 -0.051124000 -0.950449000 0.301497000
1520530343.551500082 -0.869506000 0.669751000 0.013425000 -0.055012000 -0.044338000 -0.957440000 0.279849000
1520530343.601429939 -0.892298000 0.710277000 0.016373000 -0.058971000 -0.040189000 -0.962582000 0.261425000
1520530343.651429892 -0.911185000 0.753627000 0.021736000 -0.057951000 -0.039083000 -0.968948000 0.237178000
1520530343.701430082 -0.923498000 0.799684000 0.028191000 -0.055033000 -0.041429000 -0.977273000 0.200480000
1520530343.751430035 -0.929216000 0.847707000 0.035302000 -0.056259000 -0.043369000 -0.984570000 0.159926000
1520530343.801440001 -0.930141000 0.895845000 0.041035000 -0.063166000 -0.044160000 -0.989449000 0.122679000
1520530343.851439953 -0.928164000 0.943936000 0.042704000 -0.072417000 -0.044050000 -0.992640000 0.086497000
1520530343.901439905 -0.924153000 0.993008000 0.038391000 -0.082558000 -0.044678000 -0.994208000 0.052330000
1520530343.951420069 -0.919428000 1.043848000 0.028350000 -0.091041000 -0.046455000 -0.994521000 0.021956000
1520530344.001420021 -0.914945000 1.096145000 0.014757000 -0.101441000 -0.048639000 -0.993652000 0.000743000
1520530344.051429987 -0.909302000 1.148654000 0.002025000 0.110506000 0.051257000 0.992458000 0.013693000
1520530344.101429939 -0.901722000 1.200626000 -0.006039000 0.116111000 0.055278000 0.991333000 0.026875000
1520530344.151429892 -0.892152000 1.251418000 -0.006938000 0.119063000 0.063634000 0.989945000 0.042244000
1520530344.201430082 -0.880398000 1.299724000 -0.000624000 0.119084000 0.074701000 0.988411000 0.057288000
1520530344.251440048 -0.866927000 1.346924000 0.008888000 0.123379000 0.080309000 0.986272000 0.074805000
1520530344.301440001 -0.852231000 1.394989000 0.016989000 0.132288000 0.077213000 0.983747000 0.093699000
1520530344.351429939 -0.835310000 1.442617000 0.023610000 0.138587000 0.067743000 0.981524000 0.113201000
1520530344.401429892 -0.816668000 1.489899000 0.025952000 0.139305000 0.058053000 0.978914000 0.137660000
1520530344.451440096 -0.795924000 1.536768000 0.023049000 0.136514000 0.052488000 0.975302000 0.165513000
1520530344.501440048 -0.774144000 1.583885000 0.015809000 0.132416000 0.050808000 0.970508000 0.194935000
1520530344.551440001 -0.751819000 1.631480000 0.006440000 0.130673000 0.050479000 0.964550000 0.223652000
1520530344.601439953 -0.728393000 1.678159000 -0.002380000 0.132564000 0.049565000 0.957084000 0.252903000
1520530344.651439905 -0.703776000 1.723231000 -0.007714000 0.135272000 0.048564000 0.948423000 0.282556000
1520530344.701440096 -0.678167000 1.765179000 -0.007424000 0.140318000 0.047893000 0.939778000 0.307953000
1520530344.751660109 -0.650909000 1.804907000 -0.003089000 0.141733000 0.050763000 0.930160000 0.334870000
1520530344.801660061 -0.618515000 1.838819000 0.002979000 0.138836000 0.054075000 0.915948000 0.372612000
1520530344.851660013 -0.581656000 1.868781000 0.009296000 0.136557000 0.052235000 0.898947000 0.412939000
1520530344.901659966 -0.543677000 1.894391000 0.014401000 0.137801000 0.046884000 0.882976000 0.446279000
1520530344.951669931 -0.506160000 1.918261000 0.015521000 0.141862000 0.042108000 0.866758000 0.476269000
1520530345.001669884 -0.466659000 1.941161000 0.011931000 0.144515000 0.037841000 0.851102000 0.503299000
1520530345.051670074 -0.425388000 1.965301000 0.003646000 0.147815000 0.032147000 0.837895000 0.524452000
1520530345.101670027 -0.382268000 1.991193000 -0.006353000 0.153842000 0.025689000 0.828276000 0.538175000
1520530345.151870012 -0.337183000 2.017958000 -0.016301000 0.160348000 0.020744000 0.821072000 0.547447000
1520530345.201770067 -0.290250000 2.041145000 -0.023051000 0.164437000 0.019272000 0.813811000 0.557046000
1520530345.251770020 -0.241690000 2.061662000 -0.024021000 0.170723000 0.021197000 0.806146000 0.566157000
1520530345.301769972 -0.194670000 2.079453000 -0.019180000 0.180575000 0.023955000 0.799685000 0.572122000
1520530345.351779938 -0.147798000 2.094661000 -0.013028000 0.189127000 0.024907000 0.791946000 0.580027000
1520530345.401779890 -0.098633000 2.107706000 -0.009193000 0.195054000 0.021456000 0.783690000 0.589342000
1520530345.451780081 -0.047607000 2.118630000 -0.009541000 0.196354000 0.019959000 0.773999000 0.601642000
1520530345.501780033 0.005260000 2.126672000 -0.015223000 0.195546000 0.026241000 0.760745000 0.618336000
1520530345.551219940 0.061047000 2.133653000 -0.024945000 0.195558000 0.034653000 0.746919000 0.634561000
1520530345.601219893 0.119244000 2.137228000 -0.036638000 0.197862000 0.039566000 0.735570000 0.646701000
1520530345.651220083 0.179746000 2.139438000 -0.047354000 0.201003000 0.040330000 0.725376000 0.657115000
1520530345.701220036 0.241305000 2.137785000 -0.054732000 0.198992000 0.041044000 0.711857000 0.672293000
1520530345.751219988 0.302003000 2.131673000 -0.057291000 0.195592000 0.040071000 0.693548000 0.692192000
1520530345.801219940 0.362100000 2.121377000 -0.054560000 0.195086000 0.037032000 0.672206000 0.713239000
1520530345.851219893 0.419487000 2.104893000 -0.046714000 0.191918000 0.034649000 0.643495000 0.740190000
1520530345.901230097 0.474970000 2.080425000 -0.035673000 0.181109000 0.029210000 0.609401000 0.771347000
1520530345.951179981 0.529409000 2.051687000 -0.023810000 0.166304000 0.018311000 0.577316000 0.799196000
1520530346.001490116 0.581819000 2.021314000 -0.013295000 0.155214000 0.002792000 0.548362000 0.821705000
1520530346.051490068 0.632144000 1.990046000 -0.007779000 0.148281000 -0.012037000 0.520857000 0.840581000
1520530346.101500034 0.680400000 1.956017000 -0.009001000 0.143062000 -0.023239000 0.495087000 0.856669000
1520530346.151489973 0.729909000 1.922194000 -0.016002000 0.138625000 -0.030992000 0.472339000 0.869896000
1520530346.201499939 0.778858000 1.887874000 -0.025773000 0.135035000 -0.034761000 0.453475000 0.880294000
1520530346.251499891 0.825959000 1.853010000 -0.033567000 0.132441000 -0.037607000 0.439888000 0.887437000
1520530346.301500082 0.874024000 1.817872000 -0.036379000 0.128759000 -0.040011000 0.429369000 0.893007000
1520530346.351500034 0.917907000 1.780409000 -0.033157000 0.124846000 -0.038902000 0.418269000 0.898861000
1520530346.401390076 0.958999000 1.741582000 -0.026965000 0.122561000 -0.037561000 0.405384000 0.905114000
1520530346.451390028 0.998734000 1.700710000 -0.020197000 0.121425000 -0.038523000 0.391925000 0.911135000
1520530346.501399994 1.036368000 1.657935000 -0.014426000 0.120059000 -0.037849000 0.375798000 0.918112000
1520530346.551399946 1.073557000 1.612860000 -0.011813000 0.117449000 -0.039691000 0.358920000 0.925098000
1520530346.601399899 1.111469000 1.564065000 -0.012772000 0.110559000 -0.041390000 0.342454000 0.932088000
1520530346.651400089 1.148893000 1.512002000 -0.016138000 0.099554000 -0.043693000 0.326667000 0.938866000
1520530346.701400042 1.184900000 1.457821000 -0.020456000 0.087185000 -0.048865000 0.311743000 0.944895000
1520530346.751399994 1.218023000 1.401190000 -0.023852000 0.073801000 -0.050368000 0.292005000 0.952234000
1520530346.801559925 1.247554000 1.342604000 -0.024786000 0.061106000 -0.045856000 0.266113000 0.960909000
1520530346.851560116 1.273133000 1.283316000 -0.022075000 0.054219000 -0.039946000 0.241123000 0.968155000
1520530346.901570082 1.292451000 1.224619000 -0.016811000 0.055275000 -0.030173000 0.213858000 0.974833000
1520530346.951570034 1.306051000 1.164308000 -0.010931000 0.060547000 -0.019548000 0.181248000 0.981377000
1520530347.001569986 1.315745000 1.102522000 -0.005764000 0.066118000 -0.014640000 0.149889000 0.986381000
1520530347.051579952 1.323112000 1.041054000 -0.002867000 0.071639000 -0.020510000 0.121454000 0.989796000
1520530347.101579905 1.330429000 0.978841000 -0.004256000 0.077179000 -0.031350000 0.097215000 0.991771000
1520530347.151580095 1.338323000 0.916690000 -0.011331000 0.084203000 -0.036228000 0.080627000 0.992520000
1520530347.201420069 1.345901000 0.854086000 -0.021224000 0.088598000 -0.039077000 0.067720000 0.992994000
1520530347.251430035 1.353476000 0.791947000 -0.031298000 0.089038000 -0.044172000 0.062188000 0.993103000
1520530347.301429987 1.362302000 0.730026000 -0.037835000 0.086015000 -0.046598000 0.060191000 0.993382000
1520530347.351429939 1.369866000 0.668001000 -0.037376000 0.080393000 -0.043659000 0.057374000 0.994152000
1520530347.401429892 1.376984000 0.606367000 -0.030707000 0.075769000 -0.038552000 0.053156000 0.994961000
1520530347.451430082 1.382508000 0.546455000 -0.019741000 0.073020000 -0.040436000 0.050618000 0.995224000
1520530347.501430035 1.386662000 0.486305000 -0.008423000 0.070499000 -0.047424000 0.048640000 0.995196000
1520530347.551440001 1.391066000 0.425902000 0.001323000 0.069298000 -0.054902000 0.045892000 0.995026000
1520530347.601239920 1.394322000 0.366467000 0.007613000 0.068674000 -0.060636000 0.040727000 0.994962000
1520530347.651249886 1.395362000 0.305823000 0.008537000 0.064418000 -0.065516000 0.034314000 0.995179000
1520530347.701250076 1.393473000 0.243164000 0.004897000 0.055731000 -0.068343000 0.025345000 0.995782000
1520530347.751250029 1.388127000 0.178965000 -0.001698000 0.045668000 -0.069323000 0.014332000 0.996445000
1520530347.801249981 1.379618000 0.113814000 -0.009333000 0.040307000 -0.071831000 0.001665000 0.996601000
1520530347.851249933 1.366744000 0.047971000 -0.015302000 0.041807000 -0.072671000 -0.017466000 0.996326000
1520530347.901249886 1.349838000 -0.017190000 -0.015526000 0.047823000 -0.076395000 -0.037609000 0.995220000
1520530347.951260090 1.329387000 -0.078953000 -0.009379000 0.056009000 -0.082267000 -0.055715000 0.993474000
1520530348.001189947 1.304304000 -0.138872000 0.000276000 0.060823000 -0.088317000 -0.079065000 0.991085000
1520530348.051189899 1.273616000 -0.198478000 0.011142000 0.059366000 -0.089761000 -0.107210000 0.988395000
1520530348.101190090 1.239520000 -0.255056000 0.019974000 0.056554000 -0.089415000 -0.134179000 0.985293000
1520530348.151190042 1.204753000 -0.309679000 0.022768000 0.054444000 -0.095836000 -0.157726000 0.981312000
1520530348.201200008 1.168865000 -0.365010000 0.018369000 0.051908000 -0.103128000 -0.180683000 0.976741000
1520530348.251199961 1.132533000 -0.421077000 0.009192000 0.047598000 -0.111037000 -0.201055000 0.972102000
1520530348.301209927 1.095736000 -0.476652000 -0.001353000 0.040768000 -0.118052000 -0.217411000 0.968057000
1520530348.351200104 1.057906000 -0.529809000 -0.009574000 0.031969000 -0.120981000 -0.232183000 0.964589000
1520530348.401200056 1.017583000 -0.578840000 -0.013014000 0.023471000 -0.117532000 -0.247232000 0.961515000
1520530348.451440096 0.975524000 -0.627609000 -0.010304000 0.019939000 -0.108363000 -0.266041000 0.957644000
1520530348.501440048 0.932259000 -0.671601000 -0.003284000 0.019049000 -0.104106000 -0.281977000 0.953566000
1520530348.551440001 0.887302000 -0.714131000 0.004270000 0.016342000 -0.108398000 -0.294554000 0.949327000
1520530348.601449966 0.840297000 -0.754746000 0.009910000 0.014957000 -0.111191000 -0.310474000 0.943938000
1520530348.651449919 0.792064000 -0.792414000 0.012936000 0.015053000 -0.109158000 -0.330833000 0.937234000
1520530348.701450109 0.742106000 -0.829485000 0.012725000 0.011116000 -0.107687000 -0.350722000 0.930201000
1520530348.751450062 0.688879000 -0.864064000 0.009341000 0.003408000 -0.106257000 -0.370757000 0.922625000
1520530348.801450014 0.633763000 -0.897802000 0.003974000 -0.006120000 -0.107833000 -0.389951000 0.914480000
1520530348.851340055 0.576339000 -0.928507000 -0.000446000 -0.015078000 -0.111419000 -0.410956000 0.904695000
1520530348.901340008 0.516812000 -0.954337000 -0.001402000 -0.020873000 -0.111648000 -0.437317000 0.892106000
1520530348.951339960 0.455815000 -0.975535000 0.002204000 -0.023403000 -0.111704000 -0.464081000 0.878410000
1520530349.001349926 0.393863000 -0.991186000 0.009320000 -0.019851000 -0.109932000 -0.494533000 0.861950000
1520530349.051350117 0.331156000 -0.999442000 0.018361000 -0.015751000 -0.106969000 -0.530572000 0.840716000
1520530349.101350069 0.267262000 -1.001712000 0.027872000 -0.019032000 -0.107055000 -0.566829000 0.816628000
1520530349.151350021 0.203390000 -0.998590000 0.035443000 -0.027762000 -0.107225000 -0.600782000 0.791702000
1520530349.201349974 0.140277000 -0.991829000 0.038820000 -0.040025000 -0.108345000 -0.631718000 0.766546000
1520530349.251130104 0.077783000 -0.982372000 0.037506000 -0.051530000 -0.107528000 -0.660137000 0.741621000
1520530349.301140070 0.015719000 -0.970722000 0.031901000 -0.062734000 -0.106980000 -0.685259000 0.717662000
1520530349.351140022 -0.044816000 -0.957133000 0.023341000 -0.076268000 -0.110034000 -0.702609000 0.698868000
1520530349.401139975 -0.103523000 -0.942590000 0.015530000 -0.089965000 -0.112895000 -0.713133000 0.686004000
1520530349.451139927 -0.160809000 -0.926053000 0.011969000 -0.094571000 -0.106977000 -0.724950000 0.673839000
1520530349.501140118 -0.215306000 -0.906850000 0.013931000 -0.092660000 -0.098458000 -0.737938000 0.661186000
1520530349.551150084 -0.266298000 -0.885906000 0.019089000 -0.088712000 -0.092634000 -0.749395000 0.649582000
1520530349.601150036 -0.316982000 -0.862512000 0.023923000 -0.086863000 -0.090809000 -0.762511000 0.634655000
1520530349.650969982 -0.366908000 -0.836429000 0.027079000 -0.089720000 -0.093796000 -0.775234000 0.618195000
1520530349.700969934 -0.416252000 -0.808123000 0.027031000 -0.091992000 -0.098117000 -0.787759000 0.601121000
1520530349.750969887 -0.465509000 -0.776074000 0.022795000 -0.092493000 -0.101649000 -0.802181000 0.581049000
1520530349.800970078 -0.515868000 -0.740390000 0.014992000 -0.093159000 -0.103216000 -0.817653000 0.558670000
1520530349.850970030 -0.566031000 -0.701565000 0.005418000 -0.097286000 -0.104018000 -0.831556000 0.536871000
1520530349.901020050 -0.615922000 -0.659942000 -0.004143000 -0.105303000 -0.106628000 -0.842459000 0.517498000
1520530349.950979948 -0.663865000 -0.614828000 -0.012223000 -0.109383000 -0.112621000 -0.854424000 0.495289000
1520530350.000979900 -0.707714000 -0.567105000 -0.015920000 -0.105640000 -0.122447000 -0.867426000 0.470552000
1520530350.051409960 -0.746458000 -0.517343000 -0.013458000 -0.094869000 -0.132406000 -0.882647000 0.440912000
1520530350.101409912 -0.778734000 -0.465011000 -0.006490000 -0.084565000 -0.135192000 -0.900457000 0.404659000
1520530350.151410103 -0.806636000 -0.407640000 0.001898000 -0.084616000 -0.129457000 -0.918386000 0.364209000
1520530350.201410055 -0.830709000 -0.346950000 0.009315000 -0.092551000 -0.118650000 -0.934126000 0.323675000
1520530350.251420021 -0.851568000 -0.285669000 0.013022000 -0.105256000 -0.109800000 -0.946269000 0.285377000
1520530350.301419973 -0.870226000 -0.223924000 0.012091000 -0.115330000 -0.103359000 -0.955647000 0.250508000
1520530350.351419926 -0.887437000 -0.161497000 0.006872000 -0.122480000 -0.098575000 -0.962870000 0.219463000
1520530350.401420116 -0.903364000 -0.098613000 -0.000460000 -0.128009000 -0.093465000 -0.968225000 0.193439000
1520530350.451550007 -0.915843000 -0.036210000 -0.006123000 -0.130555000 -0.085768000 -0.972638000 0.171971000
1520530350.501549959 -0.926483000 0.025809000 -0.007962000 -0.129309000 -0.076648000 -0.976756000 0.152814000
1520530350.551549911 -0.934770000 0.087367000 -0.003904000 -0.124653000 -0.070023000 -0.980288000 0.136361000
1520530350.601550102 -0.941904000 0.146352000 0.004164000 -0.119776000 -0.068431000 -0.982658000 0.123911000
1520530350.651550055 -0.949153000 0.204850000 0.012766000 -0.121887000 -0.070268000 -0.983315000 0.115312000
1520530350.701550007 -0.955844000 0.263650000 0.019643000 -0.123271000 -0.072362000 -0.984128000 0.105171000
1520530350.751559973 -0.960721000 0.322175000 0.022398000 -0.121666000 -0.072239000 -0.985838000 0.090009000
1520530350.801559925 -0.967185000 0.383140000 0.021585000 -0.120883000 -0.067046000 -0.987579000 0.074696000
1520530350.851560116 -0.971577000 0.446491000 0.017323000 -0.120778000 -0.055780000 -0.989296000 0.059964000
1520530350.901599884 -0.975188000 0.511032000 0.012516000 -0.123484000 -0.040975000 -0.990356000 0.047627000
1520530350.951600075 -0.976771000 0.576505000 0.008570000 -0.126859000 -0.026513000 -0.990909000 0.036097000
1520530351.001610041 -0.975328000 0.642909000 0.007346000 -0.123776000 -0.014521000 -0.992039000 0.018111000
1520530351.051609993 -0.970211000 0.708648000 0.011012000 0.120419000 0.007771000 0.992679000 0.005245000
1520530351.101609945 -0.959984000 0.771395000 0.019732000 0.117136000 0.005164000 0.992559000 0.032846000
1520530351.151609898 -0.943650000 0.830722000 0.031332000 0.114310000 0.001359000 0.991122000 0.067891000
1520530351.201610088 -0.921525000 0.888465000 0.043418000 0.115800000 -0.007168000 0.987779000 0.104075000
1520530351.251610041 -0.896125000 0.944248000 0.052666000 0.119704000 -0.014034000 0.983033000 0.138272000
1520530351.301719904 -0.870259000 0.998048000 0.056545000 0.125679000 -0.014143000 0.977518000 0.168712000
1520530351.351710081 -0.845250000 1.052312000 0.054581000 0.129882000 -0.009290000 0.972142000 0.194896000
1520530351.401720047 -0.820872000 1.106215000 0.047993000 0.133686000 -0.004905000 0.967530000 0.214453000
1520530351.451709986 -0.797784000 1.162100000 0.039149000 0.137786000 -0.005260000 0.963807000 0.228172000
1520530351.501790047 -0.775415000 1.219446000 0.031005000 0.137672000 -0.010106000 0.961558000 0.237382000
1520530351.551719904 -0.752818000 1.274308000 0.025486000 0.131100000 -0.014763000 0.960582000 0.244696000
1520530351.601720095 -0.730763000 1.329392000 0.025712000 0.124291000 -0.013864000 0.959424000 0.252716000
1520530351.651720047 -0.709943000 1.383231000 0.029218000 0.121996000 -0.006243000 0.958511000 0.257556000
1520530351.701719999 -0.689362000 1.435852000 0.032202000 0.130646000 0.003647000 0.956977000 0.259063000
1520530351.751729965 -0.667778000 1.488591000 0.032591000 0.141225000 0.012900000 0.954680000 0.261679000
1520530351.801729918 -0.645171000 1.541094000 0.030755000 0.143842000 0.021299000 0.951857000 0.269859000
1520530351.851730108 -0.620492000 1.594292000 0.025915000 0.139519000 0.026478000 0.948227000 0.284075000
1520530351.901730061 -0.591865000 1.644673000 0.018532000 0.133726000 0.024627000 0.943731000 0.301466000
1520530351.951730013 -0.559690000 1.693599000 0.010089000 0.129934000 0.015569000 0.938605000 0.319211000
1520530352.001729965 -0.524426000 1.742001000 0.002294000 0.128159000 0.003858000 0.933377000 0.335212000
1520530352.051729918 -0.486149000 1.788005000 -0.002918000 0.121729000 -0.002393000 0.925971000 0.357427000
1520530352.101830006 -0.446123000 1.830781000 -0.003386000 0.114156000 -0.001661000 0.916245000 0.384005000
1520530352.151829958 -0.405602000 1.869390000 0.001300000 0.110977000 0.002673000 0.905457000 0.409665000
1520530352.201829910 -0.363079000 1.902343000 0.008743000 0.112803000 0.005977000 0.891532000 0.438646000
1520530352.251840115 -0.317809000 1.930634000 0.016879000 0.117860000 0.004143000 0.876162000 0.467366000
1520530352.301840067 -0.270677000 1.955217000 0.022736000 0.123117000 0.000840000 0.859411000 0.496241000
1520530352.351840019 -0.222632000 1.976271000 0.024245000 0.127186000 -0.002650000 0.841300000 0.525387000
1520530352.401839972 -0.173131000 1.995682000 0.020251000 0.131135000 -0.008732000 0.823852000 0.551357000
1520530352.451839924 -0.122079000 2.013331000 0.012140000 0.134972000 -0.017091000 0.808702000 0.572268000
1520530352.501490116 -0.070791000 2.030737000 0.002554000 0.138442000 -0.025225000 0.798150000 0.585794000
1520530352.551500082 -0.018707000 2.047011000 -0.006615000 0.140854000 -0.030425000 0.791809000 0.593525000
1520530352.601500034 0.033887000 2.059299000 -0.012764000 0.139189000 -0.029512000 0.787759000 0.599326000
1520530352.651499987 0.087425000 2.069475000 -0.013324000 0.133401000 -0.019390000 0.781498000 0.609171000
1520530352.701499939 0.139275000 2.077631000 -0.010099000 0.135911000 -0.010895000 0.775763000 0.616117000
1520530352.751499891 0.191959000 2.083596000 -0.006523000 0.145951000 -0.009101000 0.768617000 0.622771000
1520530352.801500082 0.246361000 2.087642000 -0.004132000 0.153210000 -0.010436000 0.758749000 0.633023000
1520530352.851510048 0.301153000 2.089449000 -0.003024000 0.154022000 -0.011207000 0.745723000 0.648112000
1520530352.901119947 0.356754000 2.089353000 -0.004849000 0.150860000 -0.013347000 0.730157000 0.666284000
1520530352.951129913 0.414477000 2.085066000 -0.010483000 0.146472000 -0.019488000 0.714343000 0.684018000
1520530353.001130104 0.474127000 2.079275000 -0.018368000 0.144210000 -0.027891000 0.699875000 0.699000000
1520530353.051130056 0.533114000 2.070297000 -0.026362000 0.142697000 -0.032456000 0.685388000 0.713322000
1520530353.101229906 0.591768000 2.058178000 -0.030590000 0.136166000 -0.028437000 0.666214000 0.732673000
1520530353.151129961 0.647396000 2.042259000 -0.029022000 0.129048000 -0.021515000 0.644270000 0.753525000
1520530353.201129913 0.700179000 2.021776000 -0.022204000 0.124301000 -0.014200000 0.617086000 0.776886000
1520530353.251130104 0.750180000 1.995263000 -0.013817000 0.123465000 -0.014574000 0.582744000 0.803090000
1520530353.301140070 0.798039000 1.962975000 -0.005790000 0.123276000 -0.023579000 0.546756000 0.827831000
1520530353.351419926 0.842313000 1.926794000 0.000042000 0.124171000 -0.037106000 0.509728000 0.850519000
1520530353.401420116 0.884059000 1.888423000 0.001638000 0.125882000 -0.050338000 0.473576000 0.870256000
1520530353.451420069 0.924590000 1.847341000 -0.002061000 0.127879000 -0.062003000 0.439854000 0.886753000
1520530353.501420021 0.965393000 1.805575000 -0.009676000 0.130944000 -0.074156000 0.413573000 0.897949000
1520530353.551429987 1.006302000 1.762895000 -0.019028000 0.135321000 -0.083437000 0.396672000 0.904090000
1520530353.601429939 1.044910000 1.718511000 -0.026225000 0.138742000 -0.081961000 0.386296000 0.908190000
1520530353.651429892 1.081282000 1.672605000 -0.028792000 0.141043000 -0.080852000 0.382658000 0.909474000
1520530353.701430082 1.113838000 1.624762000 -0.025092000 0.140512000 -0.078207000 0.378221000 0.911641000
1520530353.751760006 1.144164000 1.577244000 -0.017677000 0.140455000 -0.080133000 0.371829000 0.914108000
1520530353.801759958 1.174303000 1.529365000 -0.010603000 0.141915000 -0.089392000 0.361538000 0.917147000
1520530353.851759911 1.203619000 1.480165000 -0.005807000 0.142555000 -0.095828000 0.346777000 0.922085000
1520530353.901760101 1.232112000 1.429384000 -0.004045000 0.141145000 -0.096803000 0.328349000 0.928921000
1520530353.951770067 1.258782000 1.375782000 -0.005663000 0.136476000 -0.095890000 0.307235000 0.936903000
1520530354.001770020 1.283132000 1.319628000 -0.009577000 0.128857000 -0.096401000 0.286644000 0.944425000
1520530354.051769972 1.305445000 1.262507000 -0.014709000 0.120097000 -0.100636000 0.270159000 0.949981000
1520530354.101769924 1.325000000 1.203142000 -0.018990000 0.109391000 -0.101694000 0.251912000 0.956155000
1520530354.151920080 1.341684000 1.142086000 -0.019854000 0.099212000 -0.094720000 0.228483000 0.963836000
1520530354.201920033 1.354895000 1.081852000 -0.015913000 0.096405000 -0.085899000 0.202605000 0.970710000
1520530354.251919985 1.363138000 1.023310000 -0.008616000 0.100700000 -0.074447000 0.171618000 0.977172000
1520530354.301919937 1.366519000 0.963754000 -0.000446000 0.104974000 -0.068391000 0.135391000 0.982839000
1520530354.351929903 1.364956000 0.903363000 0.006355000 0.104845000 -0.068307000 0.101169000 0.986968000
1520530354.401930094 1.360345000 0.843129000 0.009915000 0.101546000 -0.075106000 0.071178000 0.989435000
1520530354.451930046 1.354199000 0.782080000 0.008747000 0.095088000 -0.082891000 0.043324000 0.991065000
1520530354.501929998 1.347019000 0.720309000 0.003402000 0.086540000 -0.088819000 0.019934000 0.992081000
1520530354.551620007 1.339960000 0.659278000 -0.004101000 0.078386000 -0.095781000 0.004051000 0.992303000
1520530354.601619959 1.333652000 0.597780000 -0.010509000 0.069927000 -0.104828000 -0.002957000 0.992024000
1520530354.651619911 1.328424000 0.536089000 -0.014084000 0.059347000 -0.114579000 -0.001538000 0.991639000
1520530354.701620102 1.323248000 0.474010000 -0.012217000 0.050042000 -0.117839000 0.000297000 0.991771000
1520530354.751620054 1.317006000 0.415209000 -0.005252000 0.046990000 -0.111021000 -0.000422000 0.992706000
1520530354.801620007 1.311251000 0.358629000 0.003298000 0.048211000 -0.107481000 0.000998000 0.993037000
1520530354.851629972 1.305726000 0.301768000 0.010873000 0.048744000 -0.110011000 0.005203000 0.992721000
1520530354.901629925 1.300240000 0.244811000 0.015507000 0.048604000 -0.112795000 0.006530000 0.992407000
1520530354.951390028 1.294051000 0.187904000 0.016608000 0.047655000 -0.111380000 0.003603000 0.992628000
1520530355.001389980 1.286395000 0.129464000 0.013695000 0.044876000 -0.109464000 -0.002908000 0.992973000
1520530355.051389933 1.276399000 0.070252000 0.008140000 0.040215000 -0.108246000 -0.012519000 0.993232000
1520530355.101389885 1.264229000 0.010225000 0.001969000 0.033847000 -0.108484000 -0.024311000 0.993224000
1520530355.151390076 1.248652000 -0.050232000 -0.003015000 0.026696000 -0.107680000 -0.041078000 0.992978000
1520530355.201390028 1.228863000 -0.110004000 -0.004321000 0.019895000 -0.104362000 -0.064729000 0.992231000
1520530355.251399994 1.206633000 -0.167157000 0.000212000 0.016317000 -0.103756000 -0.088878000 0.990489000
1520530355.301399946 1.181578000 -0.220981000 0.008026000 0.016819000 -0.101261000 -0.116656000 0.987854000
1520530355.351399899 1.151691000 -0.273558000 0.016611000 0.016172000 -0.101959000 -0.149184000 0.983406000
1520530355.401439905 1.116763000 -0.321942000 0.024304000 0.015693000 -0.103060000 -0.183829000 0.977415000
1520530355.451440096 1.082140000 -0.369593000 0.028134000 0.016609000 -0.107611000 -0.213223000 0.970917000
1520530355.501440048 1.046787000 -0.416695000 0.026978000 0.015459000 -0.114570000 -0.237425000 0.964502000
1520530355.551440001 1.009874000 -0.464055000 0.021676000 0.009580000 -0.117306000 -0.257549000 0.959070000
1520530355.601439953 0.973290000 -0.514153000 0.014791000 -0.002733000 -0.120404000 -0.271161000 0.954970000
1520530355.651439905 0.935065000 -0.560759000 0.008897000 -0.019536000 -0.125208000 -0.279926000 0.951621000
1520530355.701450109 0.896013000 -0.605894000 0.005156000 -0.035749000 -0.127854000 -0.288427000 0.948254000
1520530355.751450062 0.855115000 -0.649295000 0.005213000 -0.046391000 -0.122878000 -0.299114000 0.945135000
1520530355.801559925 0.813127000 -0.686537000 0.009224000 -0.048534000 -0.112652000 -0.311001000 0.942461000
1520530355.851560116 0.772279000 -0.722216000 0.013505000 -0.048197000 -0.110402000 -0.318668000 0.940180000
1520530355.901560068 0.729892000 -0.757570000 0.016018000 -0.045868000 -0.110817000 -0.330167000 0.936272000
1520530355.951570034 0.686750000 -0.791768000 0.016453000 -0.040362000 -0.106870000 -0.349676000 0.929880000
1520530356.001569986 0.642520000 -0.822759000 0.014854000 -0.037318000 -0.103412000 -0.370018000 0.922497000
1520530356.051569939 0.595471000 -0.853903000 0.011117000 -0.039561000 -0.101966000 -0.387589000 0.915321000
1520530356.101569891 0.545165000 -0.882817000 0.005289000 -0.043751000 -0.101577000 -0.403215000 0.908397000
1520530356.151570082 0.492445000 -0.909349000 -0.000782000 -0.046948000 -0.103179000 -0.418411000 0.901156000
1520530356.201410055 0.437190000 -0.932060000 -0.004708000 -0.048459000 -0.102946000 -0.438045000 0.891723000
1520530356.251410007 0.379884000 -0.950968000 -0.005079000 -0.048981000 -0.101500000 -0.462279000 0.879544000
1520530356.301409960 0.322902000 -0.964431000 -0.001160000 -0.047580000 -0.101090000 -0.488890000 0.865161000
1520530356.351409912 0.266844000 -0.972644000 0.006070000 -0.043816000 -0.098690000 -0.519631000 0.847540000
1520530356.401420116 0.209641000 -0.975080000 0.014741000 -0.044138000 -0.096276000 -0.553912000 0.825811000
1520530356.451420069 0.152261000 -0.972473000 0.023023000 -0.049002000 -0.094891000 -0.587656000 0.802031000
1520530356.501420021 0.096049000 -0.964634000 0.027208000 -0.056030000 -0.098343000 -0.617636000 0.778277000
1520530356.551419973 0.040113000 -0.955654000 0.026929000 -0.063206000 -0.101891000 -0.643982000 0.755586000
1520530356.601269960 -0.015533000 -0.944345000 0.022714000 -0.070004000 -0.100089000 -0.666658000 0.735288000
1520530356.651269913 -0.071276000 -0.932403000 0.016359000 -0.078190000 -0.095825000 -0.686118000 0.716900000
1520530356.701270103 -0.126633000 -0.919642000 0.009533000 -0.087601000 -0.092303000 -0.701453000 0.701263000
1520530356.751280069 -0.181364000 -0.905090000 0.004458000 -0.096334000 -0.089363000 -0.712690000 0.689062000
1520530356.801280022 -0.235972000 -0.888118000 0.003093000 -0.101342000 -0.087284000 -0.723504000 0.677239000
1520530356.851279974 -0.289060000 -0.868547000 0.006053000 -0.097961000 -0.084520000 -0.737164000 0.663212000
1520530356.901279926 -0.339785000 -0.847398000 0.010627000 -0.098022000 -0.087680000 -0.749394000 0.648932000
1520530356.951280117 -0.390269000 -0.823567000 0.013802000 -0.102426000 -0.093253000 -0.760713000 0.634136000
1520530357.001189947 -0.440703000 -0.798414000 0.014869000 -0.104660000 -0.097097000 -0.773130000 0.617971000
1520530357.051199913 -0.489657000 -0.771324000 0.013282000 -0.103751000 -0.098390000 -0.787131000 0.599983000
1520530357.101200104 -0.539230000 -0.741717000 0.008212000 -0.103816000 -0.096415000 -0.801117000 0.581496000
1520530357.151200056 -0.588293000 -0.708538000 0.000784000 -0.106120000 -0.091632000 -0.815941000 0.560876000
1520530357.201200008 -0.636465000 -0.672491000 -0.007052000 -0.107689000 -0.083908000 -0.831064000 0.539162000
1520530357.251199961 -0.682405000 -0.633063000 -0.012493000 -0.106594000 -0.073799000 -0.847286000 0.515071000
1520530357.301199913 -0.725628000 -0.590974000 -0.014361000 -0.104535000 -0.064305000 -0.863721000 0.488797000
1520530357.351200104 -0.765377000 -0.547687000 -0.012477000 -0.104908000 -0.060206000 -0.878199000 0.462749000
1520530357.401700020 -0.800801000 -0.502404000 -0.007472000 -0.103034000 -0.058389000 -0.893866000 0.432410000
1520530357.451699972 -0.831249000 -0.454392000 -0.000627000 -0.100300000 -0.056114000 -0.910074000 0.398192000
1520530357.501699924 -0.857452000 -0.403440000 0.005660000 -0.101937000 -0.055862000 -0.924363000 0.363374000
1520530357.551700115 -0.881207000 -0.350401000 0.008357000 -0.108011000 -0.057115000 -0.936213000 0.329511000
1520530357.601700068 -0.903724000 -0.294543000 0.006361000 -0.114171000 -0.055445000 -0.946163000 0.297769000
1520530357.651700020 -0.924931000 -0.236528000 0.001019000 -0.119692000 -0.050194000 -0.954139000 0.269764000
1520530357.701699972 -0.944043000 -0.177510000 -0.005632000 -0.126058000 -0.044101000 -0.959784000 0.246938000
1520530357.751709938 -0.962738000 -0.118232000 -0.011488000 -0.133443000 -0.038523000 -0.963435000 0.229132000
1520530357.801709890 -0.979526000 -0.059123000 -0.013718000 -0.137308000 -0.033525000 -0.966001000 0.216482000
1520530357.851619959 -0.994877000 -0.000385000 -0.010759000 -0.129767000 -0.032478000 -0.969561000 0.205076000
1520530357.901599884 -1.007614000 0.055883000 -0.003946000 -0.118652000 -0.034991000 -0.973122000 0.194246000
1520530357.951600075 -1.019770000 0.112204000 0.002819000 -0.115157000 -0.037776000 -0.975298000 0.184676000
1520530358.001600027 -1.031616000 0.169549000 0.007681000 -0.115360000 -0.038301000 -0.977282000 0.173624000
1520530358.051599979 -1.041957000 0.226112000 0.009467000 -0.116699000 -0.037132000 -0.979315000 0.161074000
1520530358.101599932 -1.052349000 0.283339000 0.009370000 -0.116242000 -0.033836000 -0.981446000 0.148686000
1520530358.151599884 -1.062530000 0.341794000 0.006146000 -0.113809000 -0.028489000 -0.983512000 0.137624000
1520530358.201600075 -1.071894000 0.401322000 0.000554000 -0.110280000 -0.023112000 -0.985465000 0.127135000
1520530358.251660109 -1.079972000 0.461247000 -0.005295000 -0.106472000 -0.019422000 -0.987375000 0.115658000
1520530358.301660061 -1.085188000 0.520981000 -0.008439000 -0.101223000 -0.018728000 -0.989810000 0.098379000
1520530358.351660013 -1.089046000 0.579868000 -0.006528000 -0.099915000 -0.019265000 -0.991482000 0.081298000
1520530358.401659966 -1.090648000 0.636259000 0.000669000 -0.099862000 -0.019808000 -0.992612000 0.066011000
1520530358.451669931 -1.089326000 0.692243000 0.009797000 -0.098948000 -0.018292000 -0.993796000 0.047380000
1520530358.501669884 -1.084281000 0.748811000 0.019175000 -0.096971000 -0.015139000 -0.994808000 0.026929000
1520530358.551670074 -1.076526000 0.804985000 0.025846000 -0.097248000 -0.012516000 -0.995147000 0.008314000
1520530358.601670027 -1.066722000 0.861085000 0.027544000 0.098584000 0.009586000 0.995035000 0.009684000
1520530358.651829958 -1.055434000 0.918280000 0.023328000 0.098584000 0.006388000 0.994751000 0.026658000
1520530358.701839924 -1.043431000 0.976394000 0.013892000 0.101335000 0.003480000 0.994026000 0.040389000
1520530358.751840115 -1.029814000 1.034758000 0.001559000 0.107381000 0.001492000 0.992884000 0.051458000
1520530358.801840067 -1.014891000 1.092414000 -0.010454000 0.111573000 -0.000251000 0.991772000 0.062770000
1520530358.851840019 -0.998073000 1.149936000 -0.019850000 0.109104000 -0.000621000 0.991131000 0.075865000
1520530358.901839972 -0.979106000 1.205609000 -0.026487000 0.103783000 0.000504000 0.990610000 0.089004000
1520530358.951839924 -0.958795000 1.259560000 -0.033311000 0.100758000 0.002377000 0.989705000 0.101619000
1520530359.001849890 -0.937188000 1.312736000 -0.043415000 0.106069000 0.004467000 0.987638000 0.115329000
1520530359.051840067 -0.914723000 1.366025000 -0.056930000 0.112784000 0.007902000 0.985497000 0.126543000
1520530359.101850033 -0.890902000 1.418752000 -0.074536000 0.116387000 0.013185000 0.983413000 0.138491000
1520530359.151839972 -0.865721000 1.472409000 -0.094655000 0.118301000 0.017341000 0.980915000 0.153329000
1520530359.201849937 -0.838036000 1.524679000 -0.115660000 0.117124000 0.016793000 0.978108000 0.171186000
1520530359.251849890 -0.808463000 1.576493000 -0.137192000 0.114861000 0.013462000 0.974394000 0.192824000
1520530359.301850080 -0.776971000 1.628356000 -0.156837000 0.109925000 0.009563000 0.970516000 0.214297000
1520530359.351850033 -0.743139000 1.677955000 -0.174234000 0.100552000 0.008014000 0.965951000 0.238250000
1520530359.401849985 -0.707372000 1.725741000 -0.187063000 0.096703000 0.010463000 0.960477000 0.260812000
1520530359.451950073 -0.669310000 1.771817000 -0.193063000 0.094848000 0.019647000 0.954645000 0.281551000
1520530359.501909971 -0.628747000 1.815528000 -0.190352000 0.088751000 0.027090000 0.948186000 0.303864000
1520530359.551909924 -0.584442000 1.855740000 -0.181011000 0.083401000 0.023778000 0.940936000 0.327289000
1520530359.601910114 -0.536880000 1.892994000 -0.167744000 0.079996000 0.016078000 0.932537000 0.351735000
1520530359.651910067 -0.487309000 1.928407000 -0.153237000 0.083429000 0.009105000 0.923330000 0.374724000
1520530359.701910019 -0.435947000 1.960899000 -0.139200000 0.090439000 0.004116000 0.913266000 0.397176000
1520530359.751909971 -0.382030000 1.989369000 -0.125284000 0.100492000 -0.001153000 0.902552000 0.418688000
1520530359.801919937 -0.325641000 2.014507000 -0.112480000 0.109741000 -0.004989000 0.892165000 0.438147000
1520530359.851919889 -0.266565000 2.037814000 -0.099208000 0.114451000 -0.006120000 0.882206000 0.456701000
1520530359.901859999 -0.205509000 2.058958000 -0.082081000 0.113412000 -0.006254000 0.872220000 0.475742000
1520530359.951869965 -0.143296000 2.074759000 -0.058283000 0.110775000 -0.005602000 0.861946000 0.494719000
1520530360.001869917 -0.081240000 2.086246000 -0.028072000 0.108894000 -0.004420000 0.851432000 0.513017000
1520530360.051870108 -0.019436000 2.094733000 0.005942000 0.109012000 -0.005634000 0.841208000 0.529579000
1520530360.101870060 0.041327000 2.098409000 0.041868000 0.107404000 -0.010151000 0.832045000 0.544116000
1520530360.151870012 0.101220000 2.098585000 0.078345000 0.101243000 -0.015653000 0.820127000 0.562936000
1520530360.201869965 0.159686000 2.094344000 0.114353000 0.091183000 -0.023321000 0.805090000 0.585638000
1520530360.251869917 0.216401000 2.086840000 0.151701000 0.077211000 -0.034255000 0.788342000 0.609411000
1520530360.301350117 0.270072000 2.077529000 0.190561000 0.058957000 -0.045975000 0.769860000 0.633818000
1520530360.351350069 0.320647000 2.065611000 0.231211000 0.040509000 -0.060379000 0.749772000 0.657689000
1520530360.401360035 0.367685000 2.051192000 0.271538000 0.022799000 -0.074926000 0.729135000 0.679874000
1520530360.451359987 0.410652000 2.034260000 0.310998000 0.007278000 -0.086920000 0.708757000 0.700039000
1520530360.501359940 0.451654000 2.016236000 0.346631000 -0.005931000 -0.095551000 0.687928000 0.719437000
1520530360.551359892 0.493052000 1.995842000 0.374523000 -0.015193000 -0.097991000 0.664201000 0.740948000
1520530360.601360083 0.535412000 1.974786000 0.392986000 -0.017259000 -0.096297000 0.640454000 0.761740000
1520530360.651360035 0.575483000 1.949472000 0.400262000 -0.013376000 -0.092190000 0.616365000 0.781931000
1520530360.701009989 0.616251000 1.921467000 0.396252000 -0.009015000 -0.086359000 0.591701000 0.801468000
1520530360.751009941 0.657887000 1.890615000 0.381746000 -0.007016000 -0.080249000 0.566237000 0.820297000
1520530360.801009893 0.699291000 1.858016000 0.358565000 -0.007321000 -0.072475000 0.542367000 0.836978000
1520530360.851020098 0.738935000 1.823594000 0.328709000 -0.007182000 -0.064495000 0.524817000 0.848738000
1520530360.901020050 0.776880000 1.787394000 0.293831000 -0.005383000 -0.057577000 0.509154000 0.858731000
1520530360.951020002 0.812294000 1.749731000 0.257660000 -0.000781000 -0.052405000 0.491415000 0.869347000
1520530361.001019955 0.845054000 1.711918000 0.220955000 0.008277000 -0.048940000 0.472336000 0.880020000
1520530361.051100016 0.873949000 1.673214000 0.183709000 0.020749000 -0.044643000 0.452152000 0.890581000
1520530361.101079941 0.899084000 1.634941000 0.145537000 0.035948000 -0.041311000 0.433519000 0.899479000
1520530361.151079893 0.920714000 1.596321000 0.107163000 0.050352000 -0.037639000 0.413872000 0.908162000
1520530361.201080084 0.938637000 1.556470000 0.067922000 0.061777000 -0.032801000 0.390574000 0.917910000
1520530361.251080036 0.955028000 1.514924000 0.027852000 0.072324000 -0.030019000 0.362991000 0.928496000
1520530361.301079988 0.969515000 1.472668000 -0.012191000 0.083233000 -0.029887000 0.333852000 0.938468000
1520530361.351079941 0.980466000 1.430762000 -0.051546000 0.093231000 -0.026950000 0.305087000 0.947367000
1520530361.401079893 0.989356000 1.389779000 -0.088711000 0.103206000 -0.020540000 0.276220000 0.955316000
1520530361.451080084 0.995561000 1.350724000 -0.122085000 0.116979000 -0.011925000 0.248937000 0.961355000
1520530361.501719952 0.996422000 1.315112000 -0.150008000 0.133867000 -0.000539000 0.223334000 0.965506000
1520530361.551719904 0.992577000 1.283312000 -0.171631000 0.149647000 0.007903000 0.196427000 0.968999000
1520530361.601720095 0.984750000 1.250298000 -0.187426000 0.163313000 0.010948000 0.163273000 0.972909000
1520530361.651730061 0.972545000 1.214758000 -0.195762000 0.172041000 0.013969000 0.123402000 0.977230000
1520530361.701730013 0.956260000 1.176179000 -0.195976000 0.176256000 0.013362000 0.079272000 0.981056000
1520530361.751729965 0.937151000 1.136136000 -0.187759000 0.176798000 0.009820000 0.035203000 0.983568000
1520530361.801729918 0.917742000 1.093958000 -0.172133000 0.170519000 0.007318000 -0.004355000 0.985318000
1520530361.851730108 0.898786000 1.049101000 -0.150841000 0.155645000 0.007438000 -0.041862000 0.986898000
1520530361.901969910 0.881238000 1.000595000 -0.125179000 0.134585000 0.011601000 -0.078565000 0.987714000
1520530361.951970100 0.865760000 0.949015000 -0.095124000 0.111736000 0.018151000 -0.109099000 0.987564000
1520530362.001970053 0.853493000 0.894957000 -0.060716000 0.089972000 0.026231000 -0.134298000 0.986499000
1520530362.051980019 0.845861000 0.840320000 -0.020973000 0.068763000 0.031560000 -0.152860000 0.985347000
1520530362.101979971 0.844030000 0.785059000 0.022575000 0.048120000 0.040017000 -0.164736000 0.984350000
1520530362.151979923 0.846646000 0.729887000 0.068472000 0.029602000 0.047531000 -0.172207000 0.983468000
1520530362.201980114 0.855202000 0.675229000 0.114457000 0.013536000 0.052560000 -0.178144000 0.982506000
1520530362.251980066 0.869244000 0.621052000 0.157145000 -0.002240000 0.056495000 -0.182367000 0.981604000
1520530362.301980019 0.887907000 0.565842000 0.193662000 -0.015023000 0.060812000 -0.182186000 0.981267000
1520530362.351660013 0.910609000 0.509405000 0.221150000 -0.021522000 0.062974000 -0.178237000 0.981734000
1520530362.401659966 0.936677000 0.451069000 0.238384000 -0.021583000 0.062344000 -0.171714000 0.982935000
1520530362.451659918 0.966741000 0.393510000 0.246811000 -0.019751000 0.058730000 -0.161950000 0.984852000
1520530362.501660109 1.000411000 0.335317000 0.247045000 -0.020621000 0.055213000 -0.148501000 0.987154000
1520530362.551670074 1.036978000 0.278030000 0.241640000 -0.024944000 0.050019000 -0.130375000 0.989888000
1520530362.601670027 1.073996000 0.222624000 0.231475000 -0.028970000 0.041696000 -0.115244000 0.992039000
1520530362.651760101 1.110211000 0.168519000 0.217282000 -0.027238000 0.029422000 -0.104143000 0.993754000
1520530362.701669931 1.144490000 0.116754000 0.200366000 -0.015895000 0.015911000 -0.095155000 0.995208000
1520530362.751399994 1.175549000 0.066343000 0.183122000 0.003561000 0.002218000 -0.090600000 0.995879000
1520530362.801399946 1.204168000 0.017821000 0.165588000 0.026182000 -0.014146000 -0.088976000 0.995589000
1520530362.851399899 1.228567000 -0.030552000 0.150217000 0.047822000 -0.025380000 -0.093691000 0.994128000
1520530362.901400089 1.248509000 -0.079316000 0.140316000 0.066030000 -0.033347000 -0.097417000 0.992491000
1520530362.951410055 1.262711000 -0.130063000 0.137849000 0.079057000 -0.039459000 -0.097633000 0.991292000
1520530363.001410007 1.270945000 -0.182089000 0.142765000 0.083892000 -0.044796000 -0.094076000 0.991012000
1520530363.051409960 1.273927000 -0.235385000 0.155208000 0.079490000 -0.055418000 -0.086748000 0.991506000
1520530363.101409912 1.271069000 -0.288205000 0.174629000 0.067690000 -0.067499000 -0.080113000 0.992191000
1520530363.151690006 1.261456000 -0.340261000 0.199707000 0.050598000 -0.074885000 -0.078709000 0.992792000
1520530363.201689959 1.246062000 -0.389188000 0.227138000 0.031334000 -0.079760000 -0.080723000 0.993046000
1520530363.251689911 1.224231000 -0.437683000 0.254789000 0.015352000 -0.083485000 -0.085460000 0.992719000
1520530363.301690102 1.198434000 -0.484456000 0.278958000 0.006503000 -0.086086000 -0.090329000 0.992163000
1520530363.351690054 1.167916000 -0.526854000 0.298798000 0.002493000 -0.088348000 -0.098067000 0.991247000
1520530363.401700020 1.132795000 -0.566461000 0.313832000 -0.001762000 -0.093918000 -0.109001000 0.989593000
1520530363.451699972 1.092783000 -0.604565000 0.323782000 -0.007123000 -0.101002000 -0.122649000 0.987272000
1520530363.501699924 1.048665000 -0.642890000 0.327361000 -0.009254000 -0.104889000 -0.141822000 0.984276000
1520530363.551779985 1.001061000 -0.681382000 0.323225000 -0.006836000 -0.107021000 -0.164403000 0.980547000
1520530363.601779938 0.950140000 -0.718732000 0.311094000 -0.003213000 -0.109202000 -0.189836000 0.975719000
1520530363.651789904 0.897396000 -0.755887000 0.292273000 -0.001783000 -0.109202000 -0.219804000 0.969411000
1520530363.701790094 0.843986000 -0.792390000 0.269079000 -0.004595000 -0.107777000 -0.250466000 0.962097000
1520530363.751790047 0.788277000 -0.826052000 0.242553000 -0.007247000 -0.105473000 -0.285840000 0.952427000
1520530363.801789999 0.730018000 -0.854745000 0.214198000 -0.008172000 -0.108059000 -0.322734000 0.940266000
1520530363.851789951 0.669151000 -0.877956000 0.183565000 -0.005136000 -0.113430000 -0.362031000 0.925225000
1520530363.901789904 0.606603000 -0.893130000 0.149879000 0.003151000 -0.119739000 -0.404004000 0.906881000
1520530363.951819897 0.544931000 -0.899218000 0.113878000 0.014789000 -0.126474000 -0.443992000 0.886937000
1520530364.001820087 0.484960000 -0.895682000 0.075058000 0.028597000 -0.132895000 -0.484058000 0.864413000
1520530364.051820040 0.427854000 -0.884277000 0.034644000 0.045039000 -0.137151000 -0.522829000 0.840125000
1520530364.101819992 0.374081000 -0.865021000 -0.007409000 0.065414000 -0.141223000 -0.560874000 0.813141000
1520530364.151819944 0.324742000 -0.839253000 -0.049142000 0.083252000 -0.150840000 -0.596375000 0.783998000
1520530364.201819897 0.278919000 -0.808789000 -0.088476000 0.095517000 -0.163675000 -0.628609000 0.754279000
1520530364.251830101 0.237702000 -0.772600000 -0.123772000 0.106799000 -0.171485000 -0.660447000 0.723185000
1520530364.301830053 0.202290000 -0.732692000 -0.152675000 0.117755000 -0.174506000 -0.689076000 0.693438000
1520530364.351830006 0.174219000 -0.689217000 -0.174667000 0.132151000 -0.173175000 -0.715283000 0.664016000
1520530364.401890039 0.153102000 -0.643880000 -0.189287000 0.144142000 -0.173415000 -0.737580000 0.636495000
1520530364.451889992 0.136554000 -0.598105000 -0.197624000 0.152078000 -0.177301000 -0.760977000 0.605269000
1520530364.501899958 0.123432000 -0.553184000 -0.199811000 0.152603000 -0.185346000 -0.785862000 0.569895000
1520530364.551899910 0.111768000 -0.509923000 -0.195726000 0.150902000 -0.191242000 -0.812263000 0.529984000
1520530364.601900101 0.100373000 -0.467689000 -0.185999000 0.146984000 -0.194478000 -0.838817000 0.486785000
1520530364.651900053 0.088095000 -0.426222000 -0.171552000 0.138508000 -0.196308000 -0.863269000 0.443898000
1520530364.701900005 0.074862000 -0.387484000 -0.153194000 0.128514000 -0.192883000 -0.884906000 0.404008000
1520530364.751909971 0.059782000 -0.351178000 -0.129545000 0.117634000 -0.182997000 -0.904338000 0.367214000
1520530364.802419901 0.040357000 -0.317960000 -0.100164000 0.105176000 -0.165315000 -0.922515000 0.332529000
1520530364.852420092 0.016599000 -0.289430000 -0.064954000 0.091567000 -0.140757000 -0.938454000 0.301839000
1520530364.902420044 -0.010445000 -0.265773000 -0.023778000 0.081111000 -0.110783000 -0.951590000 0.275001000
1520530364.952419996 -0.039896000 -0.247392000 0.021919000 0.071391000 -0.080814000 -0.960484000 0.256598000
1520530365.002429962 -0.073286000 -0.232981000 0.068820000 0.065921000 -0.055468000 -0.967053000 0.239553000
1520530365.052429914 -0.109242000 -0.219245000 0.112643000 0.062186000 -0.040893000 -0.973083000 0.218107000
1520530365.102430105 -0.148835000 -0.206684000 0.150063000 0.056587000 -0.040976000 -0.976783000 0.202518000
1520530365.152430058 -0.191516000 -0.194925000 0.182327000 0.052985000 -0.046856000 -0.978185000 0.195325000
1520530365.201889992 -0.237468000 -0.182409000 0.207614000 0.052364000 -0.050196000 -0.978832000 0.191382000
1520530365.251889944 -0.287259000 -0.168062000 0.227112000 0.050558000 -0.047436000 -0.979688000 0.188160000
1520530365.301889896 -0.340972000 -0.152187000 0.240292000 0.044755000 -0.038778000 -0.980169000 0.189108000
1520530365.351890087 -0.398826000 -0.134626000 0.245448000 0.032584000 -0.030307000 -0.979449000 0.196723000
1520530365.401900053 -0.460102000 -0.116186000 0.242803000 0.022649000 -0.025122000 -0.977216000 0.209534000
1520530365.451900005 -0.523268000 -0.096557000 0.232917000 0.017223000 -0.025314000 -0.974543000 0.222100000
1520530365.501899958 -0.586853000 -0.077574000 0.217931000 0.015622000 -0.030816000 -0.971129000 0.236038000
1520530365.551899910 -0.650265000 -0.060420000 0.200116000 0.016695000 -0.037728000 -0.966438000 0.253566000
1520530365.601579905 -0.712081000 -0.044449000 0.180560000 0.014347000 -0.047021000 -0.961316000 0.271024000
1520530365.651580095 -0.772457000 -0.030512000 0.160999000 0.007721000 -0.058916000 -0.955994000 0.287305000
1520530365.701580048 -0.830238000 -0.016982000 0.142436000 0.001008000 -0.071448000 -0.950825000 0.301372000
1520530365.751590014 -0.885640000 -0.001679000 0.125178000 -0.003739000 -0.083905000 -0.946362000 0.312001000
1520530365.801589966 -0.938773000 0.016483000 0.110749000 -0.007991000 -0.097233000 -0.942902000 0.318462000
1520530365.851589918 -0.989389000 0.037773000 0.100872000 -0.014572000 -0.110101000 -0.940077000 0.322367000
1520530365.901590109 -1.037966000 0.063650000 0.096416000 -0.022504000 -0.118150000 -0.937724000 0.325896000
1520530365.951590061 -1.084971000 0.094045000 0.099251000 -0.032240000 -0.117722000 -0.935992000 0.330183000
1520530366.001950026 -1.128803000 0.128525000 0.110577000 -0.046763000 -0.109780000 -0.934868000 0.334339000
1520530366.051949978 -1.166960000 0.167428000 0.129564000 -0.062462000 -0.096117000 -0.934742000 0.336330000
1520530366.101949930 -1.198525000 0.212898000 0.153106000 -0.076802000 -0.079719000 -0.937569000 0.329714000
1520530366.151949883 -1.220319000 0.264311000 0.177168000 -0.089574000 -0.063915000 -0.943560000 0.312386000
1520530366.201950073 -1.231258000 0.318961000 0.199841000 -0.103427000 -0.050879000 -0.950231000 0.289440000
1520530366.251960039 -1.233192000 0.375539000 0.218169000 -0.115583000 -0.040746000 -0.956620000 0.264309000
1520530366.301959991 -1.228380000 0.434326000 0.229682000 -0.124450000 -0.033508000 -0.963040000 0.236524000
1520530366.351959944 -1.218266000 0.494623000 0.233229000 -0.129588000 -0.028737000 -0.969378000 0.206609000
1520530366.402159929 -1.202962000 0.555385000 0.228882000 -0.133599000 -0.026231000 -0.974852000 0.176427000
1520530366.452159882 -1.183872000 0.616076000 0.217152000 -0.137198000 -0.025858000 -0.979157000 0.147513000
1520530366.502160072 -1.161531000 0.676408000 0.198990000 -0.136859000 -0.027175000 -0.983059000 0.118857000
1520530366.552160025 -1.135609000 0.735063000 0.175710000 -0.130350000 -0.031035000 -0.987079000 0.087870000
1520530366.602159977 -1.105041000 0.791167000 0.149272000 -0.122434000 -0.036806000 -0.990321000 0.054027000
1520530366.652169943 -1.068684000 0.841875000 0.120773000 -0.117135000 -0.042936000 -0.992005000 0.019030000
1520530366.702169895 -1.031617000 0.890561000 0.091083000 0.111557000 0.051787000 0.992234000 0.018572000
1520530366.752170086 -0.992255000 0.933415000 0.061234000 0.105327000 0.063877000 0.990920000 0.053886000
1520530366.802170038 -0.950587000 0.970500000 0.032466000 0.098533000 0.079900000 0.987840000 0.089884000
1520530366.852200031 -0.907174000 1.002385000 0.005460000 0.096104000 0.098117000 0.982370000 0.126834000
1520530366.902199984 -0.862683000 1.031367000 -0.018769000 0.097291000 0.115596000 0.974967000 0.163131000
1520530366.952209949 -0.816820000 1.059336000 -0.038752000 0.095427000 0.129684000 0.966399000 0.200370000
1520530367.002209902 -0.770181000 1.085252000 -0.056080000 0.088619000 0.139179000 0.956922000 0.238907000
1520530367.052210093 -0.723022000 1.109878000 -0.068363000 0.078923000 0.144735000 0.945896000 0.279470000
1520530367.102220058 -0.678118000 1.133811000 -0.073645000 0.069067000 0.147284000 0.933747000 0.318833000
1520530367.152209997 -0.636007000 1.156634000 -0.070139000 0.056177000 0.147542000 0.920641000 0.357065000
1520530367.202219963 -0.597999000 1.181620000 -0.057614000 0.040104000 0.146054000 0.907550000 0.391680000
1520530367.252579927 -0.563298000 1.208795000 -0.036528000 0.023150000 0.143619000 0.894501000 0.422736000
1520530367.302580118 -0.532778000 1.238292000 -0.008608000 0.011521000 0.138204000 0.882319000 0.449756000
1520530367.352590084 -0.505508000 1.269777000 0.023460000 0.002851000 0.128685000 0.871946000 0.472379000
1520530367.402590036 -0.482059000 1.304272000 0.056866000 -0.009575000 0.114524000 0.863724000 0.490686000
1520530367.452589989 -0.461856000 1.343466000 0.089857000 -0.024148000 0.097432000 0.858714000 0.502528000
1520530367.502589941 -0.444730000 1.388155000 0.118405000 -0.036780000 0.081138000 0.857166000 0.507278000
1520530367.552599907 -0.429159000 1.436490000 0.141698000 -0.048655000 0.069106000 0.856667000 0.508900000
1520530367.602600098 -0.415576000 1.488280000 0.158663000 -0.055815000 0.058489000 0.857476000 0.508133000
1520530367.652309895 -0.403179000 1.542104000 0.168129000 -0.058245000 0.049615000 0.861017000 0.502788000
1520530367.702320099 -0.392316000 1.598194000 0.169332000 -0.053566000 0.043733000 0.867348000 0.492875000
1520530367.752320051 -0.383439000 1.655244000 0.163192000 -0.043729000 0.042683000 0.875081000 0.480103000
1520530367.802320004 -0.375543000 1.712532000 0.151780000 -0.030252000 0.045705000 0.881817000 0.468395000
1520530367.852319956 -0.369148000 1.769951000 0.138986000 -0.009840000 0.048553000 0.888836000 0.455540000
1520530367.902319908 -0.366336000 1.826238000 0.128177000 0.016267000 0.049234000 0.898234000 0.436448000
1520530367.952330112 -0.364022000 1.881604000 0.119539000 0.041942000 0.048027000 0.908197000 0.413658000
1520530368.002330065 -0.359933000 1.935265000 0.113839000 0.065111000 0.045149000 0.915381000 0.394714000
1520530368.052180052 -0.351673000 1.987143000 0.111035000 0.085529000 0.041446000 0.918947000 0.382758000
1520530368.102180004 -0.339041000 2.036951000 0.111136000 0.104882000 0.035969000 0.919939000 0.376056000
1520530368.152179956 -0.320345000 2.084424000 0.114617000 0.120800000 0.030714000 0.919919000 0.371770000
1520530368.202179909 -0.296268000 2.128636000 0.122308000 0.131569000 0.024540000 0.919881000 0.368656000
1520530368.252180099 -0.266937000 2.169158000 0.134848000 0.135829000 0.014644000 0.918989000 0.369858000
1520530368.302180052 -0.233689000 2.204932000 0.152299000 0.136080000 -0.003624000 0.917620000 0.373421000
1520530368.352180004 -0.194758000 2.234605000 0.173883000 0.131821000 -0.028450000 0.914566000 0.381292000
1520530368.402179956 -0.149556000 2.256853000 0.196695000 0.123090000 -0.054492000 0.907565000 0.397751000
1520530368.452100039 -0.099011000 2.269766000 0.216767000 0.114232000 -0.076841000 0.894568000 0.425200000
1520530368.502099991 -0.045670000 2.273878000 0.231744000 0.111184000 -0.094020000 0.875910000 0.459978000
1520530368.552099943 0.010219000 2.269848000 0.240534000 0.110554000 -0.106143000 0.850901000 0.502472000
1520530368.602099895 0.068155000 2.258528000 0.243447000 0.106682000 -0.112140000 0.819480000 0.551812000
1520530368.652100086 0.124663000 2.243042000 0.240188000 0.099217000 -0.113497000 0.787585000 0.597481000
1520530368.702100039 0.179730000 2.224488000 0.231528000 0.092545000 -0.113440000 0.758187000 0.635389000
1520530368.752099991 0.234135000 2.201156000 0.217828000 0.088803000 -0.109909000 0.727271000 0.671648000
1520530368.802099943 0.287884000 2.174603000 0.200529000 0.086298000 -0.101738000 0.694637000 0.706881000
1520530368.851429939 0.339176000 2.145764000 0.182910000 0.086534000 -0.089303000 0.657052000 0.743518000
1520530368.901439905 0.387656000 2.112520000 0.169049000 0.086365000 -0.069627000 0.606367000 0.787408000
1520530368.951440096 0.433655000 2.078529000 0.160507000 0.094816000 -0.052699000 0.549003000 0.828751000
1520530369.001440048 0.475584000 2.043817000 0.156719000 0.103108000 -0.039919000 0.491564000 0.863794000
1520530369.051440001 0.514340000 2.009711000 0.157406000 0.104759000 -0.027212000 0.436650000 0.893097000
1520530369.101439953 0.548603000 1.974239000 0.159952000 0.099765000 -0.011860000 0.376162000 0.921091000
1520530369.151449919 0.579753000 1.937744000 0.163430000 0.087444000 0.003554000 0.307884000 0.947390000
1520530369.201450109 0.607360000 1.900268000 0.167251000 0.070196000 0.016967000 0.233246000 0.969732000
1520530369.251450062 0.632317000 1.862755000 0.170118000 0.054117000 0.025939000 0.158909000 0.985468000
1520530369.301589966 0.655574000 1.824647000 0.170472000 0.044831000 0.033420000 0.092409000 0.994150000
1520530369.351589918 0.680817000 1.788267000 0.169422000 0.040344000 0.039816000 0.032509000 0.997863000
1520530369.401590109 0.707972000 1.753220000 0.168312000 0.040072000 0.040698000 -0.015659000 0.998245000
1520530369.451590061 0.733359000 1.719342000 0.170439000 0.039148000 0.040682000 -0.055623000 0.996854000
1520530369.501600027 0.756227000 1.685433000 0.176910000 0.035014000 0.040840000 -0.098226000 0.993709000
1520530369.551599979 0.772454000 1.650608000 0.187570000 0.030445000 0.043126000 -0.155818000 0.986374000
1520530369.601599932 0.783089000 1.614948000 0.198689000 0.027687000 0.042030000 -0.215575000 0.975189000
1520530369.651599884 0.791455000 1.579223000 0.209195000 0.025652000 0.039158000 -0.268355000 0.962182000
1520530369.701950073 0.797071000 1.542344000 0.220153000 0.024699000 0.039889000 -0.312268000 0.948835000
1520530369.751950026 0.802565000 1.505355000 0.229844000 0.027074000 0.042247000 -0.347249000 0.936429000
1520530369.801959991 0.808439000 1.467802000 0.237813000 0.034485000 0.041403000 -0.372213000 0.926582000
1520530369.851959944 0.817462000 1.429760000 0.243160000 0.045771000 0.038895000 -0.392766000 0.917675000
1520530369.901959896 0.824982000 1.392369000 0.248813000 0.053339000 0.037990000 -0.414263000 0.907798000
1520530369.951960087 0.833598000 1.354619000 0.256375000 0.050338000 0.042811000 -0.435530000 0.897745000
1520530370.001960039 0.842860000 1.315699000 0.264106000 0.038574000 0.056468000 -0.452668000 0.889053000
1520530370.051959991 0.854850000 1.276456000 0.275066000 0.026968000 0.073572000 -0.468699000 0.879875000
1520530370.101989985 0.866844000 1.237737000 0.286959000 0.024073000 0.090885000 -0.487051000 0.868298000
1520530370.151989937 0.880600000 1.198512000 0.297439000 0.031437000 0.105775000 -0.500134000 0.858888000
1520530370.201989889 0.895654000 1.158689000 0.306763000 0.045189000 0.124426000 -0.508884000 0.850596000
1520530370.251990080 0.909675000 1.118090000 0.315699000 0.058464000 0.143543000 -0.518705000 0.840787000
1520530370.301990032 0.923521000 1.075304000 0.323335000 0.068797000 0.159210000 -0.529227000 0.830565000
1520530370.351989985 0.937660000 1.030284000 0.329870000 0.079214000 0.170161000 -0.537561000 0.822070000
1520530370.401999950 0.951774000 0.984655000 0.335956000 0.090134000 0.178333000 -0.546671000 0.813157000
1520530370.451999903 0.965362000 0.938425000 0.341797000 0.101119000 0.184890000 -0.555893000 0.804098000
1520530370.501940012 0.979553000 0.891610000 0.347766000 0.114428000 0.192143000 -0.562366000 0.796073000
1520530370.551939964 0.993108000 0.843942000 0.354735000 0.131002000 0.203530000 -0.565278000 0.788590000
1520530370.601959944 1.005898000 0.795283000 0.361158000 0.145827000 0.211591000 -0.569690000 0.780652000
1520530370.651940107 1.017881000 0.744441000 0.368706000 0.155270000 0.211697000 -0.575553000 0.774477000
1520530370.701950073 1.029278000 0.692373000 0.375427000 0.157541000 0.205467000 -0.579789000 0.772534000
1520530370.751950026 1.038784000 0.639592000 0.380940000 0.151379000 0.199055000 -0.584637000 0.771790000
1520530370.801949978 1.046519000 0.587641000 0.383429000 0.137606000 0.189790000 -0.592160000 0.770967000
1520530370.851949930 1.052941000 0.536644000 0.383699000 0.121876000 0.179817000 -0.602555000 0.767945000
1520530370.901999950 1.058222000 0.486029000 0.381117000 0.105370000 0.164826000 -0.613889000 0.764768000
1520530370.951999903 1.062459000 0.436698000 0.375084000 0.086973000 0.141011000 -0.623113000 0.764384000
1520530371.002000093 1.065608000 0.388034000 0.367471000 0.067623000 0.108952000 -0.631995000 0.764290000
1520530371.052010059 1.066957000 0.339674000 0.360192000 0.047067000 0.068931000 -0.639582000 0.764178000
1520530371.102010012 1.065453000 0.294019000 0.355240000 0.026162000 0.025379000 -0.648511000 0.760333000
1520530371.152009964 1.061157000 0.249567000 0.353686000 0.009808000 -0.010610000 -0.655237000 0.755285000
1520530371.202009916 1.053296000 0.206134000 0.354885000 -0.000219000 -0.035011000 -0.664608000 0.746371000
1520530371.252010107 1.043365000 0.167163000 0.357583000 -0.008683000 -0.059581000 -0.672815000 0.737356000
1520530371.302010059 1.035387000 0.128167000 0.361475000 -0.020287000 -0.081822000 -0.677698000 0.730493000
1520530371.352010012 1.025790000 0.091518000 0.365611000 -0.041430000 -0.101093000 -0.683961000 0.721291000
1520530371.402009964 1.013728000 0.054339000 0.369654000 -0.072997000 -0.118944000 -0.692260000 0.708026000
1520530371.452009916 0.999656000 0.017380000 0.372222000 -0.105025000 -0.136526000 -0.699168000 0.693898000
1520530371.502019882 0.983258000 -0.019118000 0.371194000 -0.126787000 -0.158239000 -0.702421000 0.682268000
1520530371.552020073 0.963649000 -0.052864000 0.367775000 -0.139341000 -0.177028000 -0.705812000 0.671621000
1520530371.602020025 0.941678000 -0.084642000 0.363026000 -0.142301000 -0.191416000 -0.711726000 0.660724000
1520530371.652019978 0.917595000 -0.112665000 0.358025000 -0.139252000 -0.202958000 -0.719634000 0.649264000
1520530371.702019930 0.891105000 -0.137215000 0.354331000 -0.134323000 -0.209987000 -0.729592000 0.636835000
1520530371.752019882 0.862782000 -0.157775000 0.353296000 -0.128447000 -0.211367000 -0.748445000 0.615350000
1520530371.802020073 0.833747000 -0.174077000 0.354600000 -0.125495000 -0.206314000 -0.773569000 0.585899000
1520530371.852020025 0.804529000 -0.185399000 0.358462000 -0.125975000 -0.191988000 -0.799687000 0.554772000
1520530371.902019978 0.775068000 -0.192912000 0.363610000 -0.124807000 -0.168147000 -0.826483000 0.522566000
1520530371.952019930 0.746957000 -0.198878000 0.368385000 -0.119295000 -0.138503000 -0.854276000 0.486619000
1520530372.002029896 0.720432000 -0.202310000 0.372239000 -0.110607000 -0.108055000 -0.881875000 0.445407000
1520530372.052030087 0.695421000 -0.207353000 0.375875000 -0.104166000 -0.082148000 -0.904574000 0.405151000
1520530372.102030039 0.671238000 -0.216079000 0.380396000 -0.098451000 -0.060129000 -0.921737000 0.370261000
1520530372.152009964 0.646364000 -0.231329000 0.387013000 -0.091894000 -0.042862000 -0.934042000 0.342468000
1520530372.202039957 0.621354000 -0.253413000 0.395170000 -0.082581000 -0.027946000 -0.942161000 0.323623000
1520530372.252019882 0.595727000 -0.280134000 0.406075000 -0.076164000 -0.015700000 -0.946604000 0.312880000
1520530372.302020073 0.569078000 -0.313303000 0.420252000 -0.073428000 -0.002823000 -0.948802000 0.307205000
1520530372.352020025 0.541680000 -0.351699000 0.435493000 -0.070169000 0.011244000 -0.950610000 0.302142000
1520530372.402019978 0.513859000 -0.395046000 0.448949000 -0.061948000 0.024798000 -0.950477000 0.303549000
1520530372.452019930 0.486431000 -0.442832000 0.457944000 -0.049228000 0.036364000 -0.948084000 0.312075000
1520530372.502029896 0.458085000 -0.492959000 0.461574000 -0.038982000 0.044891000 -0.944516000 0.323039000
1520530372.552020073 0.428676000 -0.544396000 0.458650000 -0.033575000 0.052461000 -0.940050000 0.335300000
1520530372.602020025 0.396404000 -0.598068000 0.450491000 -0.033949000 0.059709000 -0.933123000 0.352937000
1520530372.652019978 0.362906000 -0.652756000 0.434830000 -0.034957000 0.067033000 -0.923962000 0.374939000
1520530372.702019930 0.328780000 -0.707228000 0.413180000 -0.035887000 0.076007000 -0.913622000 0.397781000
1520530372.752029896 0.294892000 -0.760523000 0.386806000 -0.032951000 0.086333000 -0.902067000 0.421588000
1520530372.802030087 0.262425000 -0.812193000 0.357071000 -0.026529000 0.092044000 -0.889914000 0.445956000
1520530372.852030039 0.230599000 -0.860837000 0.327684000 -0.016685000 0.092136000 -0.877718000 0.469941000
1520530372.902029991 0.199465000 -0.906896000 0.303451000 -0.004751000 0.086723000 -0.865609000 0.493130000
1520530372.951679945 0.169005000 -0.950018000 0.286758000 0.003442000 0.075602000 -0.854010000 0.514722000
1520530373.001679897 0.137598000 -0.989010000 0.278214000 0.006054000 0.060927000 -0.842797000 0.534737000
1520530373.051680088 0.105340000 -1.021473000 0.277461000 -0.000185000 0.043907000 -0.834279000 0.549591000
1520530373.101680040 0.069421000 -1.046046000 0.284667000 -0.010968000 0.025847000 -0.832646000 0.553093000
1520530373.151690006 0.030501000 -1.060921000 0.297788000 -0.020680000 0.013546000 -0.839967000 0.542075000
1520530373.201689959 -0.012325000 -1.067165000 0.314337000 -0.030914000 0.006678000 -0.851329000 0.523679000
1520530373.251689911 -0.058331000 -1.064417000 0.331315000 -0.039587000 0.003123000 -0.863326000 0.503082000
1520530373.301690102 -0.107159000 -1.053119000 0.346257000 -0.048786000 -0.002139000 -0.875063000 0.481539000
1520530373.351520061 -0.157364000 -1.036000000 0.358674000 -0.056721000 -0.004979000 -0.887775000 0.456742000
1520530373.401520014 -0.208656000 -1.011616000 0.369873000 -0.063648000 -0.002560000 -0.900475000 0.430218000
1520530373.451519966 -0.259661000 -0.981086000 0.379484000 -0.068620000 0.003165000 -0.912123000 0.404119000
1520530373.501519918 -0.310015000 -0.945477000 0.386613000 -0.072601000 0.006212000 -0.923319000 0.377057000
1520530373.551529884 -0.357811000 -0.905833000 0.389585000 -0.073629000 0.006030000 -0.934174000 0.349086000
1520530373.601530075 -0.404519000 -0.866477000 0.387488000 -0.072303000 0.006029000 -0.943243000 0.324081000
1520530373.651530027 -0.449638000 -0.825893000 0.380197000 -0.068336000 0.009109000 -0.952048000 0.298080000
1520530373.701529980 -0.491758000 -0.781628000 0.368111000 -0.062617000 0.012948000 -0.961128000 0.268596000
1520530373.751529932 -0.530488000 -0.734249000 0.350512000 -0.052986000 0.013294000 -0.971360000 0.231249000
1520530373.801680088 -0.565850000 -0.683716000 0.328496000 -0.039354000 0.009488000 -0.981263000 0.188373000
1520530373.851650000 -0.597918000 -0.631264000 0.303933000 -0.023007000 0.003927000 -0.989399000 0.143335000
1520530373.901649952 -0.627236000 -0.576871000 0.279932000 -0.006998000 -0.000863000 -0.995100000 0.098627000
1520530373.951649904 -0.653337000 -0.522076000 0.258132000 0.006200000 -0.006064000 -0.998363000 0.056538000
1520530374.001650095 -0.675640000 -0.466061000 0.240124000 0.017274000 -0.011678000 -0.999669000 0.015075000
1520530374.051650047 -0.693652000 -0.409339000 0.227428000 -0.026103000 0.017005000 0.999095000 0.028969000
1520530374.101650000 -0.704778000 -0.352831000 0.219796000 -0.032871000 0.022748000 0.996034000 0.079492000
1520530374.151659966 -0.708545000 -0.298035000 0.216900000 -0.038039000 0.028657000 0.989629000 0.135522000
1520530374.202019930 -0.705857000 -0.245057000 0.218345000 -0.041815000 0.032749000 0.980660000 0.188373000
1520530374.252019882 -0.698121000 -0.195679000 0.222709000 -0.047197000 0.035020000 0.970409000 0.234208000
1520530374.302020073 -0.687595000 -0.149748000 0.229378000 -0.055645000 0.035933000 0.958498000 0.277297000
1520530374.352020025 -0.677233000 -0.106352000 0.237050000 -0.061891000 0.034502000 0.945348000 0.318271000
1520530374.402019978 -0.669301000 -0.064263000 0.245604000 -0.064331000 0.028974000 0.932660000 0.353789000
1520530374.452029943 -0.665307000 -0.022423000 0.254945000 -0.063369000 0.018133000 0.921739000 0.382169000
1520530374.502029896 -0.666258000 0.019532000 0.265118000 -0.061831000 0.003445000 0.912624000 0.404081000
1520530374.552030087 -0.673673000 0.061924000 0.276140000 -0.060240000 -0.013923000 0.906442000 0.417780000
1520530374.602479935 -0.687774000 0.105640000 0.289744000 -0.063226000 -0.030716000 0.903497000 0.422792000
1520530374.652479887 -0.707283000 0.149713000 0.304431000 -0.065469000 -0.045570000 0.902600000 0.423025000
1520530374.702480078 -0.732010000 0.194016000 0.318848000 -0.064185000 -0.057678000 0.903410000 0.420004000
1520530374.752480030 -0.761434000 0.238815000 0.330888000 -0.059419000 -0.064867000 0.909260000 0.406826000
1520530374.802479982 -0.794573000 0.283869000 0.339657000 -0.053052000 -0.067998000 0.918708000 0.385406000
1520530374.852489948 -0.828892000 0.330281000 0.341939000 -0.047216000 -0.069028000 0.927233000 0.365028000
1520530374.902489901 -0.864423000 0.377853000 0.339621000 -0.043503000 -0.069195000 0.935038000 0.344998000
1520530374.952490091 -0.901115000 0.427140000 0.330472000 -0.041172000 -0.068987000 0.943772000 0.320686000
1520530375.002520084 -0.938166000 0.477656000 0.314695000 -0.040481000 -0.065029000 0.952321000 0.295325000
1520530375.052520037 -0.975724000 0.529510000 0.293749000 -0.039823000 -0.053833000 0.960738000 0.269257000
1520530375.102519989 -1.013764000 0.581354000 0.270369000 -0.038946000 -0.034112000 0.968899000 0.241981000
1520530375.152519941 -1.051690000 0.631039000 0.248654000 -0.040368000 -0.009880000 0.975897000 0.214238000
1520530375.202529907 -1.089123000 0.679049000 0.232113000 -0.040840000 0.009166000 0.981037000 0.189245000
1520530375.252530098 -1.124344000 0.727444000 0.223423000 -0.039378000 0.018802000 0.984907000 0.167493000
1520530375.302530050 -1.154984000 0.774873000 0.221709000 -0.032996000 0.022875000 0.987767000 0.150682000
1520530375.352530003 -1.179879000 0.822527000 0.226557000 -0.022251000 0.024619000 0.990373000 0.134387000
1520530375.402329922 -1.197951000 0.868916000 0.235725000 -0.010068000 0.025220000 0.992381000 0.120178000
1520530375.452290058 -1.210123000 0.915792000 0.249310000 0.000265000 0.023308000 0.993909000 0.107709000
1520530375.502300024 -1.215702000 0.964763000 0.265319000 0.013476000 0.014069000 0.995247000 0.095411000
1520530375.552299976 -1.214453000 1.015569000 0.281231000 0.031384000 -0.002778000 0.995917000 0.084598000
1520530375.602299929 -1.205166000 1.068353000 0.296284000 0.049103000 -0.024110000 0.995441000 0.078129000
1520530375.652299881 -1.188572000 1.122198000 0.310726000 0.063315000 -0.046894000 0.993803000 0.078410000
1520530375.702300072 -1.162965000 1.176518000 0.325086000 0.070022000 -0.070396000 0.991097000 0.088699000
1520530375.752300024 -1.129067000 1.228974000 0.341815000 0.069296000 -0.098159000 0.987023000 0.106530000
1520530375.802299976 -1.090978000 1.282861000 0.357994000 0.068671000 -0.128404000 0.980704000 0.130447000
1520530375.852329969 -1.049267000 1.334977000 0.372454000 0.065580000 -0.157842000 0.972981000 0.155219000
1520530375.902329922 -1.005824000 1.384747000 0.382189000 0.064572000 -0.184632000 0.964895000 0.175271000
1520530375.952330112 -0.960416000 1.434855000 0.386045000 0.064045000 -0.203639000 0.956737000 0.197696000
1520530376.002330065 -0.912042000 1.484009000 0.382636000 0.064901000 -0.206349000 0.949896000 0.225622000
1520530376.052340031 -0.862401000 1.534006000 0.371591000 0.070506000 -0.191301000 0.945449000 0.254085000
1520530376.102339983 -0.810364000 1.583021000 0.353164000 0.078977000 -0.165253000 0.941740000 0.282098000
1520530376.152339935 -0.755294000 1.630348000 0.328627000 0.086580000 -0.135456000 0.936168000 0.312641000
1520530376.202339888 -0.698491000 1.675003000 0.300258000 0.090494000 -0.101734000 0.928343000 0.345890000
1520530376.252019882 -0.642351000 1.715323000 0.268964000 0.094810000 -0.061763000 0.919181000 0.377230000
1520530376.302020073 -0.585661000 1.750462000 0.236384000 0.101443000 -0.015714000 0.907419000 0.407496000
1520530376.352020025 -0.529403000 1.778404000 0.205090000 0.110190000 0.029526000 0.892269000 0.436854000
1520530376.402019978 -0.473142000 1.800135000 0.176754000 0.119197000 0.069315000 0.872802000 0.468193000
1520530376.452019930 -0.417760000 1.813209000 0.150685000 0.132524000 0.101169000 0.849412000 0.500700000
1520530376.502029896 -0.364181000 1.818331000 0.128011000 0.147197000 0.129350000 0.821781000 0.535049000
1520530376.552030087 -0.312484000 1.813912000 0.106801000 0.162126000 0.156564000 0.789521000 0.570840000
1520530376.602030039 -0.263334000 1.801462000 0.087286000 0.176566000 0.187229000 0.752903000 0.605729000
1520530376.652729988 -0.216004000 1.782342000 0.069650000 0.191405000 0.220757000 0.712086000 0.638407000
1520530376.702729940 -0.172205000 1.758462000 0.055331000 0.204833000 0.249309000 0.668757000 0.669816000
1520530376.752729893 -0.130390000 1.730724000 0.046558000 0.210957000 0.268727000 0.624478000 0.702361000
1520530376.802740097 -0.089822000 1.701100000 0.044058000 0.203585000 0.277427000 0.582647000 0.736281000
1520530376.852740049 -0.050427000 1.671333000 0.048951000 0.181093000 0.275906000 0.542877000 0.772247000
1520530376.902740002 -0.012666000 1.643077000 0.062730000 0.146088000 0.265235000 0.504502000 0.808570000
1520530376.952749968 0.022621000 1.616672000 0.083234000 0.104726000 0.247281000 0.468658000 0.841573000
1520530377.002799988 0.055073000 1.594123000 0.108591000 0.061538000 0.227012000 0.436124000 0.868605000
1520530377.052969933 0.085334000 1.576265000 0.137625000 0.019479000 0.207403000 0.402479000 0.891412000
1520530377.102969885 0.112734000 1.563554000 0.166959000 -0.017938000 0.189370000 0.374231000 0.907617000
1520530377.152970076 0.140050000 1.555646000 0.195473000 -0.056368000 0.176957000 0.351669000 0.917517000
1520530377.202980042 0.168276000 1.550579000 0.221602000 -0.099790000 0.172121000 0.330777000 0.922498000
1520530377.252979994 0.199519000 1.549887000 0.244517000 -0.145134000 0.173461000 0.313183000 0.922369000
1520530377.302979946 0.232389000 1.550972000 0.262185000 -0.185363000 0.173723000 0.307791000 0.916911000
1520530377.352979898 0.269430000 1.556100000 0.274988000 -0.220299000 0.173399000 0.315180000 0.906677000
1520530377.402980089 0.308945000 1.563928000 0.283553000 -0.248685000 0.169692000 0.332029000 0.893934000
1520530377.451790094 0.350137000 1.574022000 0.288642000 -0.266598000 0.161301000 0.356603000 0.880762000
1520530377.501790047 0.394833000 1.586205000 0.291725000 -0.274949000 0.146482000 0.385943000 0.868328000
1520530377.551800013 0.440658000 1.597633000 0.294379000 -0.274459000 0.126641000 0.414646000 0.858314000
1520530377.601799965 0.486349000 1.607027000 0.298941000 -0.261345000 0.098533000 0.440527000 0.853186000
1520530377.651799917 0.531378000 1.612139000 0.304333000 -0.238230000 0.064099000 0.460430000 0.852726000
1520530377.701800108 0.575134000 1.613705000 0.310056000 -0.207921000 0.026452000 0.476451000 0.853852000
1520530377.751800060 0.616678000 1.610734000 0.315742000 -0.174675000 -0.013576000 0.489343000 0.854311000
1520530377.801800013 0.657068000 1.601010000 0.319722000 -0.143266000 -0.053858000 0.493058000 0.856428000
1520530377.851480007 0.697404000 1.582966000 0.321100000 -0.113347000 -0.095924000 0.491340000 0.858217000
1520530377.901479959 0.738918000 1.559818000 0.319954000 -0.081628000 -0.140715000 0.484089000 0.859764000
1520530377.951479912 0.777480000 1.530859000 0.314055000 -0.046930000 -0.183329000 0.472633000 0.860701000
1520530378.001480103 0.814425000 1.497437000 0.302537000 -0.006852000 -0.220140000 0.458831000 0.860793000
1520530378.051490068 0.848272000 1.457022000 0.285558000 0.034786000 -0.246589000 0.441094000 0.862218000
1520530378.101490021 0.879021000 1.411444000 0.264832000 0.072967000 -0.266819000 0.417165000 0.865712000
1520530378.151489973 0.905352000 1.362024000 0.242244000 0.103573000 -0.280083000 0.384623000 0.873437000
1520530378.201489925 0.924230000 1.306132000 0.218484000 0.127589000 -0.291743000 0.345456000 0.882761000
1520530378.251490116 0.936116000 1.251139000 0.193727000 0.145795000 -0.303150000 0.299560000 0.892809000
1520530378.301589966 0.941487000 1.194959000 0.169683000 0.156012000 -0.310629000 0.252974000 0.902870000
1520530378.351589918 0.940238000 1.142724000 0.143036000 0.159626000 -0.312424000 0.207490000 0.913159000
1520530378.401590109 0.929602000 1.092626000 0.116698000 0.158094000 -0.307864000 0.162300000 0.924059000
1520530378.451590061 0.914439000 1.044769000 0.089990000 0.152655000 -0.300421000 0.115617000 0.934385000
1520530378.501590014 0.892488000 0.998811000 0.064630000 0.144396000 -0.289743000 0.066608000 0.943802000
1520530378.551599979 0.855506000 0.958596000 0.042153000 0.134577000 -0.277182000 0.017268000 0.951189000
1520530378.601650000 0.828462000 0.918945000 0.024276000 0.124307000 -0.261852000 -0.031488000 0.956551000
1520530378.651599884 0.803782000 0.880703000 0.010709000 0.113634000 -0.244683000 -0.077948000 0.959761000
1520530378.702290058 0.778774000 0.845884000 0.004320000 0.101688000 -0.224733000 -0.122730000 0.961297000
1520530378.752290010 0.752842000 0.815586000 0.007411000 0.087179000 -0.197426000 -0.167310000 0.961993000
1520530378.802289963 0.732968000 0.786046000 0.019075000 0.068882000 -0.163167000 -0.206955000 0.962186000
1520530378.852289915 0.714689000 0.759646000 0.039617000 0.048382000 -0.128198000 -0.239970000 0.961061000
1520530378.902299881 0.701403000 0.734404000 0.068007000 0.028362000 -0.093154000 -0.269790000 0.957983000
1520530378.952300072 0.689848000 0.711198000 0.100348000 0.007718000 -0.061482000 -0.294976000 0.953493000
1520530379.002300024 0.688440000 0.684632000 0.133094000 -0.011254000 -0.026725000 -0.314321000 0.948874000
1520530379.052299976 0.688162000 0.658299000 0.164885000 -0.027217000 0.011396000 -0.324743000 0.945342000
1520530379.102230072 0.696308000 0.627196000 0.192172000 -0.036857000 0.053262000 -0.325069000 0.943470000
1520530379.152230024 0.710965000 0.595497000 0.216102000 -0.043031000 0.097303000 -0.317348000 0.942322000
1520530379.202229977 0.730163000 0.553454000 0.231614000 -0.048170000 0.138387000 -0.302742000 0.941741000
1520530379.252229929 0.751338000 0.512791000 0.242077000 -0.054754000 0.174278000 -0.283381000 0.941448000
1520530379.302229881 0.778700000 0.466828000 0.248534000 -0.062233000 0.202537000 -0.259283000 0.942273000
1520530379.352240086 0.810780000 0.419988000 0.251610000 -0.068870000 0.224897000 -0.233151000 0.943567000
1520530379.402240038 0.844546000 0.368882000 0.249361000 -0.071943000 0.239190000 -0.205957000 0.946147000
1520530379.452239990 0.878633000 0.315300000 0.240530000 -0.068150000 0.243894000 -0.175428000 0.951365000
1520530379.501929998 0.916135000 0.263365000 0.228135000 -0.059912000 0.238289000 -0.145367000 0.958383000
1520530379.551929951 0.955957000 0.211839000 0.212741000 -0.049552000 0.222175000 -0.114655000 0.966973000
1520530379.601929903 0.994523000 0.159817000 0.194980000 -0.037735000 0.197475000 -0.081503000 0.976185000
1520530379.651930094 1.033245000 0.109487000 0.175437000 -0.025141000 0.165198000 -0.052480000 0.984542000
1520530379.701930046 1.069892000 0.060537000 0.154393000 -0.012441000 0.128028000 -0.030058000 0.991237000
1520530379.751929998 1.104661000 0.012904000 0.132669000 0.000757000 0.086143000 -0.010033000 0.996232000
1520530379.801929951 1.137383000 -0.034660000 0.112276000 0.014598000 0.043489000 0.008070000 0.998915000
1520530379.851929903 1.166674000 -0.081336000 0.096491000 0.026434000 0.003785000 0.020067000 0.999442000
1520530379.901900053 1.189868000 -0.128993000 0.088465000 0.031734000 -0.036247000 0.023348000 0.998566000
1520530379.951900005 1.206239000 -0.177781000 0.089666000 0.030135000 -0.078484000 0.020706000 0.996245000
1520530380.001899958 1.214303000 -0.222055000 0.097026000 0.022369000 -0.121659000 0.014054000 0.992220000
1520530380.051899910 1.214751000 -0.259321000 0.109166000 0.009533000 -0.162104000 -0.000545000 0.986727000
1520530380.101900101 1.203342000 -0.299417000 0.126810000 -0.006696000 -0.201462000 -0.022784000 0.979208000
1520530380.151910067 1.183599000 -0.336901000 0.144140000 -0.023367000 -0.236078000 -0.049749000 0.970178000
1520530380.201960087 1.153381000 -0.376370000 0.160933000 -0.038869000 -0.262973000 -0.081845000 0.960539000
1520530380.251909971 1.120691000 -0.411302000 0.172508000 -0.053215000 -0.287349000 -0.114334000 0.949487000
1520530380.301810026 1.079686000 -0.442608000 0.179871000 -0.065535000 -0.308558000 -0.146647000 0.937546000
1520530380.352240086 1.033055000 -0.475956000 0.180659000 -0.076453000 -0.325386000 -0.179298000 0.925273000
1520530380.402240038 0.980783000 -0.501753000 0.176077000 -0.086998000 -0.339031000 -0.209710000 0.912968000
1520530380.452239990 0.924883000 -0.524034000 0.167648000 -0.096933000 -0.345432000 -0.241166000 0.901731000
1520530380.502239943 0.865689000 -0.537096000 0.155444000 -0.106023000 -0.341715000 -0.275715000 0.892172000
1520530380.552239895 0.805419000 -0.546260000 0.143654000 -0.113810000 -0.328992000 -0.316510000 0.882402000
1520530380.602250099 0.743928000 -0.547142000 0.131662000 -0.119629000 -0.312824000 -0.361070000 0.870321000
1520530380.652250051 0.683850000 -0.540044000 0.119421000 -0.122228000 -0.296844000 -0.405081000 0.856069000
1520530380.702250004 0.626572000 -0.524739000 0.104222000 -0.121413000 -0.283291000 -0.447652000 0.839412000
1520530380.752209902 0.572519000 -0.502182000 0.087080000 -0.117755000 -0.277048000 -0.492503000 0.816590000
1520530380.802210093 0.521779000 -0.474654000 0.067609000 -0.112266000 -0.275058000 -0.539935000 0.787534000
1520530380.852220058 0.474866000 -0.437980000 0.045888000 -0.105633000 -0.271089000 -0.589722000 0.753379000
1520530380.902220011 0.432060000 -0.395866000 0.023691000 -0.098906000 -0.261558000 -0.641524000 0.714319000
1520530380.952219963 0.394568000 -0.349317000 0.002917000 -0.094229000 -0.245831000 -0.690914000 0.673295000
1520530381.002219915 0.363727000 -0.299301000 -0.014913000 -0.092461000 -0.225745000 -0.735561000 0.632013000
1520530381.052220106 0.340074000 -0.247264000 -0.027961000 -0.092340000 -0.204853000 -0.775960000 0.589402000
1520530381.102220058 0.325538000 -0.193449000 -0.036192000 -0.091552000 -0.187172000 -0.812431000 0.544555000
1520530381.152129889 0.318911000 -0.141266000 -0.040172000 -0.089156000 -0.174666000 -0.845110000 0.497325000
1520530381.202130079 0.320581000 -0.089168000 -0.041144000 -0.084293000 -0.163474000 -0.874674000 0.448460000
1520530381.252130032 0.327999000 -0.040039000 -0.038914000 -0.077570000 -0.150934000 -0.901991000 0.397007000
1520530381.302129984 0.338537000 0.005359000 -0.033681000 -0.072410000 -0.138712000 -0.924713000 0.347019000
1520530381.352129936 0.352122000 0.048282000 -0.025700000 -0.066958000 -0.126425000 -0.941591000 0.304861000
1520530381.402129889 0.365423000 0.089155000 -0.016523000 -0.056924000 -0.113106000 -0.954551000 0.269812000
1520530381.452130079 0.374733000 0.128523000 -0.006666000 -0.044391000 -0.098039000 -0.964980000 0.239233000
1520530381.502140045 0.380663000 0.167914000 0.003298000 -0.032963000 -0.083062000 -0.972697000 0.214184000
1520530381.552340031 0.382626000 0.208211000 0.013565000 -0.021934000 -0.069842000 -0.978252000 0.194074000
1520530381.602339983 0.380906000 0.250347000 0.025306000 -0.009363000 -0.056137000 -0.982031000 0.179936000
1520530381.652339935 0.375845000 0.292053000 0.040068000 0.005487000 -0.040035000 -0.984681000 0.169619000
1520530381.702349901 0.368650000 0.334122000 0.058178000 0.025346000 -0.022013000 -0.986185000 0.162208000
1520530381.752350092 0.357432000 0.378485000 0.078086000 0.046851000 -0.004219000 -0.986727000 0.155427000
1520530381.802400112 0.344340000 0.422439000 0.099269000 0.071703000 0.013360000 -0.986300000 0.147963000
1520530381.852349997 0.326828000 0.464461000 0.118464000 0.101773000 0.033470000 -0.983454000 0.146084000
1520530381.902349949 0.304651000 0.503219000 0.134594000 0.129797000 0.053778000 -0.977834000 0.155246000
1520530381.952409983 0.278448000 0.540946000 0.145821000 0.153845000 0.067333000 -0.970468000 0.173175000
1520530382.002409935 0.248030000 0.578769000 0.150250000 0.174207000 0.072509000 -0.962593000 0.194446000
1520530382.052419901 0.214765000 0.614546000 0.149400000 0.188497000 0.072461000 -0.955055000 0.216998000
1520530382.102420092 0.177114000 0.648358000 0.143247000 0.197737000 0.070859000 -0.947712000 0.240251000
1520530382.152420044 0.141078000 0.681128000 0.135330000 0.199095000 0.067287000 -0.941078000 0.264963000
1520530382.202419996 0.103663000 0.713427000 0.125319000 0.196016000 0.062207000 -0.935362000 0.287760000
1520530382.252419949 0.066517000 0.743146000 0.115374000 0.188448000 0.052880000 -0.930392000 0.309939000
1520530382.302419901 0.030357000 0.771938000 0.105742000 0.176334000 0.038065000 -0.924952000 0.334545000
1520530382.352240086 -0.004228000 0.799567000 0.096881000 0.163748000 0.022893000 -0.919204000 0.357389000
1520530382.402240038 -0.036215000 0.827350000 0.089753000 0.149560000 0.009973000 -0.914051000 0.376886000
1520530382.452239990 -0.065344000 0.855639000 0.084551000 0.129143000 -0.002091000 -0.909824000 0.394383000
1520530382.502249956 -0.090457000 0.882844000 0.079832000 0.101918000 -0.015244000 -0.905500000 0.411642000
1520530382.552249908 -0.114184000 0.909926000 0.076307000 0.072522000 -0.029942000 -0.900260000 0.428224000
1520530382.602250099 -0.135325000 0.938182000 0.072926000 0.043696000 -0.045066000 -0.894690000 0.442255000
1520530382.652250051 -0.154662000 0.970504000 0.069761000 0.010885000 -0.062732000 -0.887283000 0.456810000
1520530382.702250004 -0.171011000 1.005245000 0.066839000 -0.026080000 -0.081715000 -0.877464000 0.471910000
1520530382.752249956 -0.183982000 1.043313000 0.064694000 -0.058669000 -0.097016000 -0.867989000 0.483467000
1520530382.802330017 -0.192271000 1.085762000 0.063309000 -0.084981000 -0.106713000 -0.861540000 0.489019000
1520530382.852329969 -0.197190000 1.132039000 0.062657000 -0.105569000 -0.113004000 -0.858548000 0.488856000
1520530382.902329922 -0.198086000 1.182438000 0.062483000 -0.123020000 -0.119310000 -0.857284000 0.485485000
1520530382.952330112 -0.195657000 1.234729000 0.061737000 -0.138479000 -0.129694000 -0.856370000 0.480243000
1520530383.002340078 -0.190887000 1.287259000 0.060269000 -0.146091000 -0.144720000 -0.857690000 0.471255000
1520530383.052340031 -0.184014000 1.339699000 0.057263000 -0.147414000 -0.160158000 -0.858743000 0.463875000
1520530383.102339983 -0.176636000 1.393413000 0.052713000 -0.141751000 -0.168343000 -0.861761000 0.457094000
1520530383.152349949 -0.168117000 1.447355000 0.047982000 -0.136145000 -0.169237000 -0.868321000 0.445917000
1520530383.202300072 -0.159852000 1.501751000 0.042861000 -0.132750000 -0.167512000 -0.876545000 0.431261000
1520530383.252300024 -0.152207000 1.556486000 0.036243000 -0.122554000 -0.165308000 -0.886142000 0.415219000
1520530383.302299976 -0.146199000 1.612104000 0.028137000 -0.105343000 -0.163072000 -0.896148000 0.399036000
1520530383.352309942 -0.142452000 1.669093000 0.020168000 -0.081586000 -0.159688000 -0.906054000 0.383288000
1520530383.402359962 -0.140754000 1.725506000 0.014302000 -0.056707000 -0.153044000 -0.914839000 0.369366000
1520530383.452310085 -0.141826000 1.778883000 0.012839000 -0.035772000 -0.144191000 -0.921119000 0.359819000
1520530383.502310038 -0.147124000 1.830726000 0.015832000 -0.015459000 -0.132796000 -0.925742000 0.353734000
1520530383.552309990 -0.156531000 1.880756000 0.022452000 0.004722000 -0.120002000 -0.929400000 0.348988000
1520530383.602570057 -0.169356000 1.928258000 0.032635000 0.024462000 -0.107543000 -0.931648000 0.346220000
1520530383.652570009 -0.185215000 1.972815000 0.044823000 0.043151000 -0.094160000 -0.933250000 0.343972000
1520530383.702569962 -0.204402000 2.012935000 0.057366000 0.057787000 -0.081168000 -0.933529000 0.344379000
1520530383.752569914 -0.228091000 2.048087000 0.069333000 0.068584000 -0.068971000 -0.931463000 0.350593000
1520530383.802570105 -0.257350000 2.080187000 0.079349000 0.076636000 -0.056198000 -0.926592000 0.363863000
1520530383.852570057 -0.292441000 2.108220000 0.086706000 0.081275000 -0.041812000 -0.918901000 0.383753000
1520530383.902580023 -0.332621000 2.133248000 0.091542000 0.083524000 -0.025438000 -0.909538000 0.406347000
1520530383.952579975 -0.376293000 2.155099000 0.093269000 0.082476000 -0.008749000 -0.898620000 0.430817000
1520530384.002629995 -0.421784000 2.173060000 0.093539000 0.080297000 0.006318000 -0.884669000 0.459209000
1520530384.052629948 -0.468472000 2.187191000 0.091784000 0.076830000 0.018180000 -0.867562000 0.491022000
1520530384.102629900 -0.515415000 2.195981000 0.088254000 0.073545000 0.030138000 -0.848758000 0.522774000
1520530384.152630091 -0.562933000 2.198245000 0.083835000 0.066587000 0.040249000 -0.827074000 0.556682000
1520530384.202630043 -0.609324000 2.193855000 0.078378000 0.057129000 0.044967000 -0.801424000 0.593662000
1520530384.252629995 -0.654232000 2.183711000 0.072240000 0.048812000 0.043127000 -0.772407000 0.631780000
1520530384.302629948 -0.696981000 2.167930000 0.064673000 0.036197000 0.028067000 -0.739737000 0.671336000
1520530384.352639914 -0.737516000 2.148085000 0.055781000 0.021808000 0.000349000 -0.704291000 0.709577000
1520530384.402529955 -0.775029000 2.123821000 0.045864000 0.008736000 -0.033656000 -0.668173000 0.743193000
1520530384.452529907 -0.811298000 2.096702000 0.035942000 -0.004380000 -0.069958000 -0.631216000 0.772433000
1520530384.502530098 -0.846175000 2.065896000 0.025994000 -0.017095000 -0.102887000 -0.596527000 0.795787000
1520530384.552530050 -0.880879000 2.032271000 0.016438000 -0.025107000 -0.127402000 -0.566621000 0.813682000
1520530384.602530003 -0.914863000 1.996044000 0.008343000 -0.027930000 -0.146471000 -0.538298000 0.829458000
1520530384.652539968 -0.947574000 1.957559000 0.002706000 -0.026840000 -0.162843000 -0.511647000 0.843196000
1520530384.702539921 -0.978996000 1.918342000 0.000659000 -0.021949000 -0.174749000 -0.486581000 0.855698000
1520530384.752540112 -1.007387000 1.878576000 0.001471000 -0.012241000 -0.175768000 -0.464827000 0.867693000
1520530384.802949905 -1.035649000 1.840043000 0.005133000 0.003204000 -0.159315000 -0.448956000 0.879231000
1520530384.852950096 -1.064600000 1.803253000 0.011071000 0.023521000 -0.123213000 -0.437273000 0.890538000
1520530384.902960062 -1.092589000 1.765846000 0.017546000 0.045837000 -0.076483000 -0.423884000 0.901316000
1520530384.952960014 -1.119751000 1.725935000 0.024193000 0.066033000 -0.027218000 -0.408546000 0.909939000
1520530385.003010035 -1.145303000 1.682755000 0.031805000 0.079713000 0.020493000 -0.391460000 0.916507000
1520530385.052959919 -1.171239000 1.636475000 0.040123000 0.088249000 0.065337000 -0.373292000 0.921193000
1520530385.102960110 -1.194782000 1.586517000 0.049287000 0.094130000 0.109792000 -0.355340000 0.923482000
1520530385.152970076 -1.215876000 1.533079000 0.059520000 0.096795000 0.149961000 -0.336692000 0.924544000
1520530385.202970028 -1.232743000 1.474978000 0.068037000 0.096487000 0.182218000 -0.314515000 0.926589000
1520530385.252799988 -1.243073000 1.413679000 0.075114000 0.093903000 0.207578000 -0.286769000 0.930515000
1520530385.302799940 -1.247333000 1.348043000 0.079382000 0.088015000 0.222468000 -0.252799000 0.937472000
1520530385.352809906 -1.244275000 1.280177000 0.080545000 0.081445000 0.230725000 -0.218097000 0.944757000
1520530385.402810097 -1.233654000 1.211826000 0.077694000 0.073197000 0.231182000 -0.181030000 0.953114000
1520530385.452810049 -1.214601000 1.146641000 0.069168000 0.064847000 0.225545000 -0.139906000 0.961951000
1520530385.502810001 -1.188397000 1.085783000 0.055189000 0.059504000 0.214235000 -0.096387000 0.970192000
1520530385.552809954 -1.155516000 1.030292000 0.035762000 0.059300000 0.200392000 -0.053975000 0.976429000
1520530385.602809906 -1.120257000 0.977582000 0.012546000 0.062648000 0.187485000 -0.014933000 0.980154000
1520530385.652580023 -1.080797000 0.929669000 -0.014046000 0.069380000 0.175422000 0.021469000 0.981811000
1520530385.702589989 -1.038763000 0.885211000 -0.042590000 0.081801000 0.160222000 0.055152000 0.982138000
1520530385.752589941 -0.995731000 0.843040000 -0.069549000 0.100095000 0.142392000 0.085464000 0.981020000
1520530385.802589893 -0.951053000 0.804578000 -0.091139000 0.120789000 0.127406000 0.116204000 0.977586000
1520530385.852590084 -0.905727000 0.766279000 -0.104921000 0.137919000 0.111994000 0.150012000 0.972591000
1520530385.902590036 -0.859800000 0.729199000 -0.109689000 0.149498000 0.092904000 0.183283000 0.967175000
1520530385.952589989 -0.814572000 0.693749000 -0.104307000 0.157953000 0.073848000 0.212094000 0.961568000
1520530386.002599955 -0.773762000 0.659096000 -0.089321000 0.162439000 0.058301000 0.237827000 0.955852000
1520530386.052639961 -0.735056000 0.629250000 -0.067929000 0.161090000 0.039741000 0.264118000 0.950112000
1520530386.102639914 -0.702083000 0.594217000 -0.040148000 0.154138000 0.022600000 0.289930000 0.944283000
1520530386.152640104 -0.672001000 0.556864000 -0.009508000 0.142953000 0.010520000 0.313182000 0.938814000
1520530386.202650070 -0.647104000 0.513696000 0.022698000 0.129916000 -0.003821000 0.329975000 0.934999000
1520530386.252650023 -0.627232000 0.467438000 0.054163000 0.118681000 -0.024726000 0.342583000 0.931633000
1520530386.302649975 -0.612949000 0.417678000 0.082115000 0.110922000 -0.046799000 0.352631000 0.927986000
1520530386.352649927 -0.605513000 0.362174000 0.104067000 0.105754000 -0.061195000 0.356524000 0.926262000
1520530386.402650118 -0.603945000 0.305477000 0.119074000 0.100014000 -0.064778000 0.353091000 0.927970000
1520530386.452860117 -0.609970000 0.248071000 0.127496000 0.091606000 -0.057483000 0.343570000 0.932879000
1520530386.502860069 -0.619095000 0.190598000 0.127235000 0.084878000 -0.048575000 0.332597000 0.937985000
1520530386.552860022 -0.632031000 0.133597000 0.121239000 0.083156000 -0.035445000 0.319885000 0.943134000
1520530386.602910042 -0.648482000 0.077225000 0.111393000 0.086034000 -0.012865000 0.306408000 0.947917000
1520530386.652859926 -0.668689000 0.023521000 0.099876000 0.092688000 0.009140000 0.292316000 0.951775000
1520530386.702860117 -0.691255000 -0.027628000 0.088745000 0.099884000 0.026373000 0.274737000 0.955953000
1520530386.752860069 -0.713833000 -0.080050000 0.079298000 0.106106000 0.041576000 0.253741000 0.960536000
1520530386.802860022 -0.736102000 -0.133366000 0.073392000 0.110768000 0.056799000 0.231911000 0.964739000
1520530386.852770090 -0.757908000 -0.186931000 0.072625000 0.111443000 0.070511000 0.210928000 0.968565000
1520530386.902770042 -0.776082000 -0.242042000 0.076713000 0.106241000 0.081287000 0.191818000 0.972271000
1520530386.952769995 -0.788803000 -0.297723000 0.087905000 0.095065000 0.091015000 0.176174000 0.975521000
1520530387.002769947 -0.795676000 -0.350820000 0.107935000 0.079645000 0.101853000 0.165709000 0.977662000
1520530387.052769899 -0.794563000 -0.401484000 0.135798000 0.058493000 0.112917000 0.160668000 0.978782000
1520530387.102770090 -0.786406000 -0.447577000 0.169480000 0.032648000 0.122201000 0.158844000 0.979168000
1520530387.152780056 -0.769768000 -0.493615000 0.206480000 0.007253000 0.128929000 0.158016000 0.978956000
1520530387.202780008 -0.749769000 -0.535755000 0.245128000 -0.014615000 0.136995000 0.155340000 0.978207000
1520530387.252700090 -0.724578000 -0.572795000 0.281074000 -0.035260000 0.143638000 0.157307000 0.976411000
1520530387.302700043 -0.693772000 -0.605596000 0.310849000 -0.055424000 0.150423000 0.165597000 0.973077000
1520530387.352699995 -0.657102000 -0.636348000 0.332251000 -0.070495000 0.155767000 0.181587000 0.968397000
1520530387.402699947 -0.614127000 -0.666496000 0.344108000 -0.078815000 0.162833000 0.201111000 0.962719000
1520530387.452699900 -0.565009000 -0.694851000 0.345860000 -0.082407000 0.169698000 0.223752000 0.956215000
1520530387.502700090 -0.510710000 -0.720279000 0.336668000 -0.082355000 0.168813000 0.251025000 0.949582000
1520530387.552700043 -0.453320000 -0.744008000 0.316311000 -0.077982000 0.163000000 0.280041000 0.942829000
1520530387.602710009 -0.394573000 -0.764693000 0.285682000 -0.067329000 0.157223000 0.313293000 0.934128000
1520530387.652709961 -0.334925000 -0.782153000 0.247667000 -0.051548000 0.159156000 0.349346000 0.921938000
1520530387.702549934 -0.275419000 -0.796046000 0.205967000 -0.033199000 0.166070000 0.388731000 0.905653000
1520530387.752549887 -0.217045000 -0.800891000 0.161613000 -0.014206000 0.172076000 0.430562000 0.885892000
1520530387.802550077 -0.160221000 -0.796799000 0.116929000 0.004164000 0.176565000 0.472249000 0.863590000
1520530387.852550030 -0.107204000 -0.781490000 0.073726000 0.023914000 0.181345000 0.514221000 0.837925000
1520530387.902549982 -0.057920000 -0.758995000 0.034079000 0.044827000 0.187828000 0.554088000 0.809752000
1520530387.952549934 -0.011813000 -0.728056000 -0.001160000 0.067230000 0.193134000 0.592749000 0.778992000
1520530388.002559900 0.031983000 -0.688875000 -0.030725000 0.086185000 0.199564000 0.631160000 0.744569000
1520530388.052560091 0.073002000 -0.644792000 -0.052201000 0.096577000 0.206780000 0.668733000 0.707609000
1520530388.102580070 0.111042000 -0.595020000 -0.064075000 0.097538000 0.210660000 0.703406000 0.671810000
1520530388.152590036 0.147244000 -0.544058000 -0.066307000 0.095335000 0.207143000 0.733984000 0.639742000
1520530388.202630043 0.182134000 -0.493474000 -0.058841000 0.094001000 0.196749000 0.763712000 0.607616000
1520530388.252589941 0.216684000 -0.444707000 -0.041525000 0.090948000 0.182328000 0.792025000 0.575484000
1520530388.302589893 0.250650000 -0.403082000 -0.015797000 0.088442000 0.162119000 0.817182000 0.545994000
1520530388.352590084 0.284357000 -0.370690000 0.017401000 0.086943000 0.139306000 0.837623000 0.520983000
1520530388.402590036 0.319186000 -0.347836000 0.056820000 0.084070000 0.117630000 0.852357000 0.502576000
1520530388.452589989 0.354301000 -0.334443000 0.100468000 0.079054000 0.096143000 0.863428000 0.488876000
1520530388.502939939 0.391848000 -0.329616000 0.143215000 0.071983000 0.072014000 0.871259000 0.480146000
1520530388.552939892 0.429485000 -0.327434000 0.177409000 0.064342000 0.049958000 0.875029000 0.477167000
1520530388.602940083 0.472036000 -0.331811000 0.203212000 0.058056000 0.036012000 0.874842000 0.479566000
1520530388.652940035 0.517917000 -0.341245000 0.218801000 0.059005000 0.027141000 0.872709000 0.483902000
1520530388.702939987 0.565752000 -0.353351000 0.222287000 0.063368000 0.024280000 0.868982000 0.490169000
1520530388.752949953 0.616251000 -0.368473000 0.215117000 0.066072000 0.027682000 0.864506000 0.497491000
1520530388.802949905 0.667480000 -0.385060000 0.198313000 0.063521000 0.037473000 0.859498000 0.505790000
1520530388.852950096 0.717251000 -0.404372000 0.176221000 0.056838000 0.050776000 0.854401000 0.513994000
1520530388.902319908 0.765898000 -0.420834000 0.151783000 0.048488000 0.066549000 0.848662000 0.522487000
1520530388.952320099 0.813934000 -0.436935000 0.128009000 0.043931000 0.082138000 0.843221000 0.529435000
1520530389.002330065 0.861814000 -0.450732000 0.107110000 0.040151000 0.098093000 0.839504000 0.532916000
1520530389.052330017 0.906639000 -0.463707000 0.089965000 0.032628000 0.116078000 0.835727000 0.535744000
1520530389.102329969 0.948133000 -0.474368000 0.077161000 0.025237000 0.132209000 0.830435000 0.540612000
1520530389.152329922 0.986980000 -0.480208000 0.069382000 0.019985000 0.147224000 0.823227000 0.547926000
1520530389.202330112 1.026765000 -0.481328000 0.068804000 0.020209000 0.159693000 0.815468000 0.555969000
1520530389.252330065 1.064719000 -0.475257000 0.075144000 0.021673000 0.166742000 0.810235000 0.561468000
1520530389.303020000 1.102524000 -0.461533000 0.088783000 0.013883000 0.167274000 0.808208000 0.564470000
1520530389.353019953 1.137575000 -0.439380000 0.108846000 -0.003581000 0.157563000 0.808641000 0.566799000
1520530389.403019905 1.169882000 -0.408740000 0.134365000 -0.023393000 0.137441000 0.811867000 0.566953000
1520530389.453020096 1.196883000 -0.369133000 0.163956000 -0.040355000 0.111722000 0.818239000 0.562471000
1520530389.503020048 1.217447000 -0.321293000 0.196271000 -0.054470000 0.086523000 0.828727000 0.550234000
1520530389.553030014 1.231190000 -0.265159000 0.227537000 -0.066492000 0.064334000 0.843997000 0.528308000
1520530389.603029966 1.238492000 -0.202474000 0.253580000 -0.073521000 0.046827000 0.860395000 0.502118000
1520530389.653029919 1.239965000 -0.136522000 0.270247000 -0.075806000 0.037648000 0.875815000 0.475168000
1520530389.702929974 1.236039000 -0.069781000 0.277476000 -0.078628000 0.034749000 0.891376000 0.445038000
1520530389.753489971 1.226600000 -0.001306000 0.273879000 -0.084455000 0.034736000 0.907586000 0.409814000
1520530389.803529978 1.213953000 0.068661000 0.259753000 -0.092290000 0.038403000 0.923976000 0.369156000
1520530389.853490114 1.196827000 0.140285000 0.235742000 -0.096328000 0.045758000 0.939483000 0.325574000
1520530389.903490067 1.174420000 0.213351000 0.201612000 -0.090264000 0.056897000 0.954708000 0.277755000
1520530389.953490019 1.148759000 0.284831000 0.158979000 -0.078540000 0.073885000 0.966549000 0.232712000
1520530390.003489971 1.118337000 0.352692000 0.109575000 -0.065629000 0.098089000 0.973733000 0.194721000
1520530390.053489923 1.088558000 0.418017000 0.058854000 -0.053512000 0.129198000 0.977074000 0.160532000
1520530390.103499889 1.053672000 0.476121000 0.005918000 -0.041586000 0.169143000 0.976651000 0.125758000
1520530390.152650118 1.015610000 0.526031000 -0.044631000 -0.028835000 0.215051000 0.972210000 0.087921000
1520530390.202650070 0.972382000 0.570266000 -0.090051000 -0.017193000 0.261892000 0.963900000 0.044877000
1520530390.252650023 0.926642000 0.609599000 -0.127096000 -0.010127000 0.303915000 0.952645000 0.001063000
1520530390.302659988 0.879168000 0.644620000 -0.155055000 0.009845000 -0.340349000 -0.939179000 0.044807000
1520530390.352659941 0.831173000 0.676839000 -0.172065000 0.017743000 -0.370367000 -0.924582000 0.087527000
1520530390.402659893 0.784003000 0.708456000 -0.177876000 0.028682000 -0.394786000 -0.909662000 0.125847000
1520530390.452660084 0.736602000 0.742512000 -0.171819000 0.042220000 -0.409940000 -0.896884000 0.160514000
1520530390.502660036 0.690683000 0.780177000 -0.156393000 0.057440000 -0.413101000 -0.888002000 0.193651000
1520530390.553410053 0.643888000 0.821352000 -0.133052000 0.068720000 -0.401895000 -0.885112000 0.224353000
1520530390.603410006 0.597388000 0.865042000 -0.103064000 0.073474000 -0.375980000 -0.888909000 0.251160000
1520530390.653409958 0.552489000 0.909942000 -0.067563000 0.074314000 -0.338567000 -0.897362000 0.273112000
1520530390.703409910 0.511626000 0.956636000 -0.024644000 0.071378000 -0.294684000 -0.907276000 0.291406000
1520530390.753420115 0.475925000 1.002766000 0.023440000 0.063846000 -0.246634000 -0.917335000 0.305928000
1520530390.803420067 0.446380000 1.046808000 0.075674000 0.050839000 -0.194555000 -0.927188000 0.316048000
1520530390.853420019 0.426245000 1.091393000 0.128408000 0.034917000 -0.139881000 -0.935860000 0.321529000
1520530390.903419971 0.411588000 1.130064000 0.181464000 0.019401000 -0.083547000 -0.942480000 0.323070000
1520530390.953459978 0.401891000 1.163114000 0.231632000 0.000920000 -0.026122000 -0.946386000 0.321978000
1520530391.003469944 0.399613000 1.196667000 0.276047000 -0.019962000 0.029178000 -0.947478000 0.317860000
1520530391.053469896 0.401309000 1.230490000 0.313411000 -0.043080000 0.078585000 -0.945402000 0.313343000
1520530391.103470087 0.403070000 1.265187000 0.342406000 -0.064935000 0.121754000 -0.941003000 0.308986000
1520530391.153470039 0.404009000 1.300328000 0.364293000 -0.084187000 0.159108000 -0.934868000 0.305973000
1520530391.203469992 0.402477000 1.341601000 0.377358000 -0.099934000 0.190611000 -0.928182000 0.303577000
1520530391.253469944 0.398709000 1.384574000 0.383392000 -0.109586000 0.211541000 -0.923110000 0.301842000
1520530391.303469896 0.390827000 1.434070000 0.379107000 -0.108315000 0.211844000 -0.923546000 0.300752000
1520530391.352420092 0.379357000 1.486146000 0.367161000 -0.097292000 0.187419000 -0.930493000 0.299317000
1520530391.402450085 0.364113000 1.541316000 0.346199000 -0.079055000 0.143496000 -0.941126000 0.295706000
1520530391.452419996 0.348669000 1.600053000 0.316476000 -0.059106000 0.090546000 -0.950487000 0.291345000
1520530391.502419949 0.331074000 1.655344000 0.283876000 -0.034931000 0.035159000 -0.956409000 0.287793000
1520530391.552419901 0.314625000 1.706929000 0.247976000 -0.011768000 -0.018680000 -0.958224000 0.285166000
1520530391.602420092 0.298544000 1.755058000 0.211630000 0.002538000 -0.066332000 -0.956626000 0.283655000
1520530391.652420044 0.282929000 1.801891000 0.177268000 0.010870000 -0.107330000 -0.953299000 0.282105000
1520530391.702419996 0.269006000 1.847172000 0.145766000 0.019927000 -0.142491000 -0.948943000 0.280726000
1520530391.752500057 0.255153000 1.892230000 0.120168000 0.027760000 -0.171402000 -0.944723000 0.278119000
1520530391.802500010 0.240260000 1.937760000 0.102914000 0.033757000 -0.188756000 -0.942844000 0.272538000
1520530391.852509975 0.225743000 1.984157000 0.094756000 0.035637000 -0.193496000 -0.944224000 0.264064000
1520530391.902509928 0.209472000 2.031233000 0.097069000 0.035506000 -0.184663000 -0.948012000 0.256733000
1520530391.952510118 0.192663000 2.078757000 0.109412000 0.030583000 -0.160695000 -0.953563000 0.252903000
1520530392.002510071 0.175431000 2.125735000 0.129546000 0.021653000 -0.124474000 -0.960607000 0.247530000
1520530392.052510023 0.160512000 2.171910000 0.157055000 0.008737000 -0.082196000 -0.968246000 0.235940000
1520530392.102509975 0.149384000 2.217364000 0.188401000 -0.003309000 -0.037658000 -0.975178000 0.218173000
1520530392.152509928 0.141998000 2.258188000 0.221158000 -0.010879000 0.010269000 -0.980336000 0.196767000
1520530392.203219891 0.137124000 2.293261000 0.254247000 -0.018007000 0.062824000 -0.981972000 0.177371000
1520530392.253220081 0.133650000 2.324035000 0.287008000 -0.024219000 0.117824000 -0.979323000 0.162657000
1520530392.303220034 0.130985000 2.352495000 0.319061000 -0.027887000 0.172825000 -0.972801000 0.151701000
1520530392.353219986 0.129139000 2.381061000 0.348236000 -0.030496000 0.225407000 -0.963584000 0.140600000
1520530392.403219938 0.128777000 2.407198000 0.374861000 -0.035341000 0.273930000 -0.952375000 0.129210000
1520530392.453229904 0.128779000 2.435971000 0.397314000 -0.040834000 0.318160000 -0.939872000 0.117246000
1520530392.503230095 0.130301000 2.461510000 0.417215000 -0.040865000 0.355068000 -0.928400000 0.101640000
1520530392.553230047 0.132088000 2.487541000 0.433040000 -0.038656000 0.381201000 -0.919674000 0.085968000
1520530392.602309942 0.131748000 2.516958000 0.443560000 -0.036027000 0.395090000 -0.915066000 0.072523000
1520530392.652309895 0.130101000 2.547731000 0.448703000 -0.032224000 0.394517000 -0.916472000 0.058281000
1520530392.702320099 0.125062000 2.582704000 0.446619000 -0.027834000 0.377082000 -0.924498000 0.048344000
1520530392.752320051 0.117967000 2.621251000 0.436800000 -0.022089000 0.340747000 -0.938955000 0.042033000
1520530392.802320004 0.111103000 2.657796000 0.418783000 -0.016522000 0.286194000 -0.957541000 0.030593000
1520530392.852319956 0.105863000 2.693436000 0.393750000 -0.015116000 0.217825000 -0.975761000 0.014658000
1520530392.902319908 0.101567000 2.724669000 0.362721000 0.016607000 -0.142134000 0.989708000 0.000830000
1520530392.952320099 0.097781000 2.748286000 0.327455000 0.021726000 -0.071631000 0.997058000 0.016483000
1520530393.002249956 0.094387000 2.764957000 0.291259000 0.028512000 -0.020858000 0.998677000 0.037354000
1520530393.052229881 0.091049000 2.773679000 0.253951000 0.033496000 0.011124000 0.997446000 0.062090000
1520530393.102230072 0.086174000 2.774343000 0.216214000 0.032006000 0.038940000 0.994813000 0.088354000
1520530393.152230024 0.077924000 2.770529000 0.178649000 0.030361000 0.072057000 0.990701000 0.111341000
1520530393.202229977 0.065390000 2.762071000 0.142625000 0.029885000 0.109602000 0.984901000 0.130627000
1520530393.252239943 0.047917000 2.746026000 0.111152000 0.032956000 0.146307000 0.978513000 0.141493000
1520530393.302239895 0.027448000 2.735201000 0.088208000 0.035328000 0.176329000 0.972895000 0.145379000
1520530393.352240086 0.002438000 2.717202000 0.075572000 0.031972000 0.197788000 0.968777000 0.146045000
1520530393.403000116 -0.027428000 2.695892000 0.076289000 0.025999000 0.205844000 0.967375000 0.145389000
1520530393.453000069 -0.054243000 2.676350000 0.087500000 0.021534000 0.191867000 0.970520000 0.144270000
1520530393.503000021 -0.084377000 2.651821000 0.111074000 0.017252000 0.153007000 0.977797000 0.142142000
1520530393.552999973 -0.113504000 2.619619000 0.142023000 0.017041000 0.091367000 0.986163000 0.137275000
1520530393.602999926 -0.137276000 2.572504000 0.176159000 0.019601000 0.013587000 0.991226000 0.130008000
1520530393.653000116 -0.169941000 2.529885000 0.204917000 0.020570000 -0.071118000 0.990052000 0.119653000
1520530393.703000069 -0.194946000 2.479906000 0.235022000 0.017517000 -0.151394000 0.982214000 0.109676000
1520530393.753000021 -0.214610000 2.427427000 0.263904000 0.013388000 -0.216778000 0.970443000 0.105211000
1520530393.803030014 -0.234711000 2.370681000 0.287693000 0.011681000 -0.264130000 0.958498000 0.106676000
1520530393.853029966 -0.253877000 2.315396000 0.305296000 0.014213000 -0.293934000 0.949465000 0.109168000
1520530393.903029919 -0.273166000 2.262015000 0.315673000 0.017166000 -0.307059000 0.945252000 0.109176000
1520530393.953039885 -0.294015000 2.211231000 0.316829000 0.019367000 -0.308723000 0.944864000 0.107460000
1520530394.003040075 -0.311656000 2.163016000 0.314803000 0.021852000 -0.306156000 0.945973000 0.104530000
1520530394.053040028 -0.328951000 2.123333000 0.305393000 0.022694000 -0.293850000 0.949971000 0.103404000
1520530394.103049994 -0.347845000 2.087799000 0.287556000 0.021474000 -0.262597000 0.959143000 0.103090000
1520530394.153049946 -0.366431000 2.052929000 0.263689000 0.021556000 -0.212564000 0.971596000 0.101751000
1520530394.202239990 -0.386349000 2.017602000 0.234869000 0.023360000 -0.153251000 0.982818000 0.100183000
1520530394.252249956 -0.405744000 1.980375000 0.203121000 0.025513000 -0.092090000 0.990569000 0.098196000
1520530394.302249908 -0.426135000 1.941044000 0.171988000 0.031972000 -0.033753000 0.994587000 0.092923000
1520530394.352250099 -0.446697000 1.898892000 0.140651000 0.036963000 0.024023000 0.995378000 0.085318000
1520530394.402250051 -0.467145000 1.852533000 0.109894000 0.040973000 0.082681000 0.992884000 0.075280000
1520530394.452250004 -0.489315000 1.801815000 0.080347000 0.044636000 0.140996000 0.986992000 0.063048000
1520530394.502249956 -0.511406000 1.749443000 0.052616000 0.048119000 0.193386000 0.978915000 0.044861000
1520530394.552259922 -0.533492000 1.693811000 0.029113000 0.048892000 0.234476000 0.970675000 0.020514000
1520530394.602269888 -0.556046000 1.639106000 0.009605000 -0.047944000 -0.263638000 -0.963383000 0.009436000
1520530394.652960062 -0.578776000 1.581359000 -0.005691000 -0.041346000 -0.283887000 -0.957200000 0.038313000
1520530394.702960014 -0.602202000 1.520730000 -0.013940000 -0.037423000 -0.291304000 -0.953568000 0.066706000
1520530394.752959967 -0.624515000 1.462261000 -0.012915000 -0.031674000 -0.280776000 -0.954367000 0.096669000
1520530394.802959919 -0.645469000 1.402608000 -0.003715000 -0.027011000 -0.249704000 -0.959154000 0.130164000
1520530394.852960110 -0.664530000 1.341588000 0.013447000 -0.025161000 -0.204816000 -0.964568000 0.164397000
1520530394.902960062 -0.684001000 1.279329000 0.038731000 -0.024834000 -0.159196000 -0.967045000 0.197139000
1520530394.952970028 -0.701021000 1.215422000 0.067937000 -0.031278000 -0.115728000 -0.966501000 0.226945000
1520530395.002969980 -0.718528000 1.152160000 0.100551000 -0.045751000 -0.068493000 -0.963906000 0.253181000
1520530395.053809881 -0.735300000 1.089013000 0.133105000 -0.062399000 -0.019331000 -0.959070000 0.275530000
1520530395.103810072 -0.751428000 1.023824000 0.158855000 -0.072962000 0.020540000 -0.951915000 0.296838000
1520530395.153820038 -0.767432000 0.954451000 0.174748000 -0.076359000 0.043644000 -0.942516000 0.322379000
1520530395.203819990 -0.780452000 0.886699000 0.181280000 -0.072178000 0.049277000 -0.931966000 0.351855000
1520530395.253819942 -0.792653000 0.819087000 0.177829000 -0.062272000 0.045381000 -0.921629000 0.380345000
1520530395.303819895 -0.803228000 0.755274000 0.167260000 -0.053548000 0.036217000 -0.911027000 0.407248000
1520530395.353830099 -0.813697000 0.690441000 0.149786000 -0.043556000 0.022604000 -0.900089000 0.432933000
1520530395.403830051 -0.817843000 0.634674000 0.131476000 -0.035214000 0.002054000 -0.887146000 0.460138000
1520530395.452790022 -0.820265000 0.571047000 0.107982000 -0.030932000 -0.023264000 -0.872871000 0.486414000
1520530395.502789974 -0.818123000 0.506799000 0.082170000 -0.026791000 -0.049517000 -0.860387000 0.506522000
1520530395.552789927 -0.808577000 0.448957000 0.057830000 -0.022458000 -0.077258000 -0.849333000 0.521690000
1520530395.602790117 -0.794555000 0.394777000 0.030771000 -0.014315000 -0.102950000 -0.840759000 0.531339000
1520530395.652790070 -0.772024000 0.346582000 0.005383000 -0.006595000 -0.127278000 -0.834183000 0.536558000
1520530395.702800035 -0.742996000 0.303731000 -0.019228000 -0.002667000 -0.146915000 -0.831014000 0.536493000
1520530395.752799988 -0.705699000 0.271557000 -0.042286000 -0.002639000 -0.159769000 -0.831971000 0.531310000
1520530395.802799940 -0.663042000 0.244765000 -0.064199000 -0.004551000 -0.165111000 -0.837934000 0.520178000
1520530395.853159904 -0.612164000 0.226443000 -0.084529000 -0.006736000 -0.165839000 -0.847265000 0.504572000
1520530395.903160095 -0.557564000 0.211878000 -0.104376000 -0.002430000 -0.163397000 -0.859814000 0.483751000
1520530395.953160048 -0.498372000 0.200889000 -0.121817000 0.005061000 -0.161138000 -0.874221000 0.457980000
1520530396.003170013 -0.435583000 0.189411000 -0.136894000 0.010729000 -0.162610000 -0.888751000 0.428445000
1520530396.053169966 -0.369982000 0.181418000 -0.147656000 0.011814000 -0.170220000 -0.902200000 0.396132000
1520530396.103169918 -0.300764000 0.172920000 -0.156370000 0.009925000 -0.177938000 -0.914840000 0.362365000
1520530396.153170109 -0.230867000 0.163664000 -0.164953000 0.008694000 -0.177602000 -0.928876000 0.324917000
1520530396.203170061 -0.159737000 0.152271000 -0.173008000 0.009091000 -0.168699000 -0.943494000 0.285090000
1520530396.253319979 -0.087145000 0.137576000 -0.179961000 0.008226000 -0.154204000 -0.956838000 0.246202000
1520530396.303319931 -0.012858000 0.120244000 -0.185573000 0.010533000 -0.138396000 -0.968396000 0.207233000
1520530396.353319883 0.063772000 0.099492000 -0.189048000 0.012880000 -0.127422000 -0.977578000 0.167149000
1520530396.403320074 0.141371000 0.074487000 -0.189779000 0.012097000 -0.124657000 -0.984082000 0.126082000
1520530396.453320026 0.218625000 0.047439000 -0.186705000 0.009441000 -0.126882000 -0.988324000 0.083824000
1520530396.503319979 0.295367000 0.019450000 -0.181367000 0.005784000 -0.130184000 -0.990653000 0.040316000
1520530396.553329945 0.370402000 -0.008330000 -0.173426000 -0.001673000 0.133541000 0.991025000 0.005719000
1520530396.603329897 0.442555000 -0.035965000 -0.162436000 0.000874000 0.136093000 0.989343000 0.051753000
1520530396.653330088 0.511791000 -0.062240000 -0.147650000 0.002788000 0.136708000 0.986154000 0.093830000
1520530396.703229904 0.577425000 -0.086563000 -0.129197000 0.002233000 0.133279000 0.982446000 0.130503000
1520530396.753230095 0.638633000 -0.106871000 -0.107030000 -0.000843000 0.125561000 0.978775000 0.161969000
1520530396.803230047 0.694319000 -0.122213000 -0.079999000 -0.004801000 0.114806000 0.975293000 0.188681000
1520530396.853230000 0.744036000 -0.133456000 -0.047641000 -0.010188000 0.102397000 0.972016000 0.211176000
1520530396.903239965 0.786664000 -0.139973000 -0.008847000 -0.020258000 0.089371000 0.968297000 0.232386000
1520530396.953239918 0.822336000 -0.142016000 0.035590000 -0.030796000 0.072036000 0.965136000 0.249751000
1520530397.003240108 0.848212000 -0.140429000 0.084229000 -0.042266000 0.048072000 0.963478000 0.260026000
1520530397.053240061 0.863009000 -0.135426000 0.135115000 -0.056552000 0.023004000 0.962654000 0.263763000
1520530397.102869987 0.866059000 -0.127371000 0.185797000 -0.069583000 -0.002271000 0.962767000 0.261214000
1520530397.152869940 0.854984000 -0.115558000 0.234645000 -0.081832000 -0.023727000 0.964443000 0.250180000
1520530397.202869892 0.833755000 -0.101826000 0.277554000 -0.095420000 -0.042134000 0.967024000 0.232345000
1520530397.252870083 0.802149000 -0.086478000 0.312282000 -0.106741000 -0.057430000 0.970710000 0.207435000
1520530397.302870035 0.761443000 -0.070937000 0.338109000 -0.114388000 -0.070076000 0.975006000 0.177110000
1520530397.352869987 0.712651000 -0.057814000 0.352222000 -0.116540000 -0.082732000 0.979640000 0.140997000
1520530397.402869940 0.655769000 -0.046410000 0.353729000 -0.117827000 -0.093268000 0.983358000 0.102098000
1520530397.452879906 0.591831000 -0.037424000 0.341768000 -0.118693000 -0.097779000 0.986059000 0.063548000
1520530397.502389908 0.520194000 -0.032018000 0.314441000 -0.116994000 -0.092581000 0.988473000 0.025725000
1520530397.552390099 0.443615000 -0.029682000 0.275498000 0.109398000 0.076315000 -0.990922000 0.016779000
1520530397.602390051 0.362755000 -0.032389000 0.225855000 0.098490000 0.051740000 -0.992010000 0.059482000
1520530397.652390003 0.280833000 -0.042436000 0.168029000 0.084469000 0.022417000 -0.990830000 0.103049000
1520530397.702389956 0.197451000 -0.059816000 0.106606000 0.068290000 -0.009101000 -0.986936000 0.145640000
1520530397.752389908 0.112604000 -0.082832000 0.043542000 0.052541000 -0.043886000 -0.980270000 0.185431000
1520530397.802400112 0.030685000 -0.112236000 -0.019313000 0.040898000 -0.082852000 -0.970402000 0.223119000
1520530397.852400064 -0.050895000 -0.147703000 -0.077086000 0.035167000 -0.123979000 -0.956799000 0.260629000
1520530397.902669907 -0.131784000 -0.188368000 -0.126556000 0.032941000 -0.162918000 -0.939287000 0.300187000
1520530397.952670097 -0.206792000 -0.230519000 -0.167798000 0.032740000 -0.195957000 -0.919422000 0.339399000
1520530398.002670050 -0.277248000 -0.272653000 -0.198501000 0.035591000 -0.224125000 -0.898208000 0.376461000
1520530398.052670002 -0.344447000 -0.312690000 -0.217656000 0.041510000 -0.247387000 -0.876377000 0.411145000
1520530398.102669954 -0.407332000 -0.345411000 -0.225034000 0.048483000 -0.264127000 -0.854690000 0.444287000
1520530398.152669907 -0.467962000 -0.369634000 -0.221237000 0.054446000 -0.270253000 -0.834748000 0.476649000
1520530398.202680111 -0.525709000 -0.383342000 -0.206526000 0.054651000 -0.265196000 -0.817618000 0.508119000
1520530398.252680063 -0.580540000 -0.386672000 -0.179312000 0.047799000 -0.250044000 -0.802724000 0.539284000
1520530398.303450108 -0.633858000 -0.376820000 -0.139051000 0.030886000 -0.226677000 -0.789525000 0.569486000
1520530398.353450060 -0.681561000 -0.355402000 -0.087208000 0.005454000 -0.199221000 -0.780118000 0.593040000
1520530398.403450012 -0.724639000 -0.322926000 -0.029381000 -0.020267000 -0.167298000 -0.778089000 0.605127000
1520530398.453449965 -0.762718000 -0.284745000 0.033504000 -0.048184000 -0.135955000 -0.777923000 0.611581000
1520530398.503449917 -0.790172000 -0.235211000 0.100891000 -0.069551000 -0.102253000 -0.781263000 0.611829000
1520530398.553450108 -0.813317000 -0.166265000 0.169348000 -0.085328000 -0.064317000 -0.791210000 0.602137000
1520530398.603450060 -0.819068000 -0.103384000 0.231031000 -0.102866000 -0.026706000 -0.802725000 0.586803000
1520530398.653450012 -0.818626000 -0.035058000 0.285511000 -0.115154000 0.009202000 -0.816439000 0.565758000
1520530398.703299999 -0.808747000 0.035352000 0.329053000 -0.121704000 0.037532000 -0.830941000 0.541587000
1520530398.753299952 -0.795231000 0.109117000 0.359785000 -0.122769000 0.057318000 -0.847727000 0.512836000
1520530398.803299904 -0.774187000 0.182505000 0.376204000 -0.122963000 0.070879000 -0.865581000 0.480235000
1520530398.853300095 -0.744872000 0.256404000 0.378859000 -0.123058000 0.080667000 -0.883096000 0.445524000
1520530398.903300047 -0.711017000 0.330338000 0.366717000 -0.123536000 0.085360000 -0.900784000 0.407480000
1520530398.953299999 -0.670896000 0.403059000 0.339634000 -0.120475000 0.081684000 -0.918062000 0.368750000
1520530399.003299952 -0.629059000 0.474348000 0.299042000 -0.110322000 0.066844000 -0.936197000 0.326948000
1520530399.053299904 -0.580026000 0.540279000 0.249056000 -0.097062000 0.042579000 -0.953304000 0.282802000
1520530399.103300095 -0.521903000 0.598197000 0.193472000 -0.090669000 0.013854000 -0.967274000 0.236575000
1520530399.152400017 -0.458410000 0.646525000 0.136491000 -0.090754000 -0.016733000 -0.977473000 0.189817000
1520530399.202399969 -0.385952000 0.686241000 0.077943000 -0.092636000 -0.048474000 -0.984589000 0.140194000
1520530399.252399921 -0.308962000 0.718079000 0.021043000 -0.096850000 -0.077456000 -0.988428000 0.087358000
1520530399.302409887 -0.226531000 0.740855000 -0.032038000 -0.104234000 -0.104978000 -0.988461000 0.032546000
1520530399.352410078 -0.140793000 0.755350000 -0.079998000 0.114075000 0.131861000 0.984412000 0.023082000
1520530399.402410030 -0.052511000 0.762919000 -0.121580000 0.124794000 0.154711000 0.977067000 0.076360000
1520530399.452409983 0.035834000 0.765167000 -0.155345000 0.130671000 0.170484000 0.968367000 0.126983000
1520530399.502409935 0.126025000 0.764426000 -0.179154000 0.128696000 0.180583000 0.959021000 0.176366000
1520530399.553080082 0.212976000 0.762382000 -0.193043000 0.117453000 0.187514000 0.948478000 0.226787000
1520530399.603080034 0.298076000 0.761358000 -0.194131000 0.101746000 0.191985000 0.937123000 0.273110000
1520530399.653079987 0.376211000 0.761500000 -0.184264000 0.081520000 0.196119000 0.925979000 0.312176000
1520530399.703079939 0.446268000 0.765268000 -0.163426000 0.057490000 0.195265000 0.915429000 0.347212000
1520530399.753079891 0.509714000 0.774990000 -0.132444000 0.038064000 0.186462000 0.905621000 0.378990000
1520530399.803080082 0.566644000 0.792086000 -0.093709000 0.021213000 0.174927000 0.897012000 0.405363000
1520530399.853090048 0.618636000 0.816488000 -0.049743000 0.008077000 0.159348000 0.890845000 0.425368000
1520530399.903090000 0.665479000 0.849359000 -0.002585000 -0.006089000 0.139691000 0.887772000 0.438533000
1520530399.953350067 0.703584000 0.891614000 0.048932000 -0.028133000 0.115185000 0.885967000 0.448335000
1520530400.003350019 0.735260000 0.942129000 0.101259000 -0.053383000 0.087549000 0.884832000 0.454486000
1520530400.053349972 0.760169000 0.998403000 0.154067000 -0.074492000 0.058308000 0.884600000 0.456655000
1520530400.103349924 0.780436000 1.055678000 0.204495000 -0.090343000 0.029291000 0.885037000 0.455729000
1520530400.153350115 0.786988000 1.118894000 0.254839000 -0.099462000 0.001393000 0.887019000 0.450890000
1520530400.203350067 0.790552000 1.184738000 0.301345000 -0.099668000 -0.023375000 0.891468000 0.441367000
1520530400.253360033 0.780631000 1.255240000 0.345615000 -0.096442000 -0.044074000 0.898093000 0.426831000
1520530400.303359985 0.775786000 1.316914000 0.384185000 -0.095068000 -0.064391000 0.906656000 0.405945000
1520530400.352570057 0.762201000 1.384497000 0.415211000 -0.097377000 -0.086479000 0.916055000 0.379318000
1520530400.402570009 0.738807000 1.455375000 0.439885000 -0.100998000 -0.105172000 0.926395000 0.347175000
1520530400.452569962 0.714724000 1.527104000 0.455871000 -0.102569000 -0.114838000 0.937750000 0.311313000
1520530400.502569914 0.691354000 1.599904000 0.461901000 -0.098788000 -0.117795000 0.950259000 0.270876000
1520530400.552570105 0.658905000 1.672108000 0.456313000 -0.090819000 -0.117923000 0.962546000 0.226609000
1520530400.602570057 0.623655000 1.741410000 0.443603000 -0.081158000 -0.117083000 0.972966000 0.181775000
1520530400.652580023 0.586778000 1.807496000 0.422148000 -0.074601000 -0.113959000 0.980674000 0.140452000
1520530400.702579975 0.546527000 1.872218000 0.394009000 -0.067818000 -0.106846000 0.986854000 0.100522000
1520530400.752360106 0.505660000 1.932069000 0.356143000 -0.059187000 -0.092572000 0.992265000 0.057775000
1520530400.802360058 0.460393000 1.984833000 0.309986000 -0.055791000 -0.070140000 0.995856000 0.015439000
1520530400.852370024 0.411978000 2.031802000 0.261286000 0.055234000 0.043647000 -0.997167000 0.026482000
1520530400.902369976 0.359923000 2.069042000 0.211718000 0.055729000 0.015978000 -0.996051000 0.067239000
1520530400.952369928 0.304582000 2.097500000 0.165019000 0.058871000 -0.011423000 -0.992467000 0.106829000
1520530401.002370119 0.246164000 2.118437000 0.122780000 0.062925000 -0.034773000 -0.986144000 0.149500000
1520530401.052370071 0.186746000 2.130448000 0.084870000 0.064386000 -0.054612000 -0.976337000 0.199093000
1520530401.102370024 0.132344000 2.129935000 0.048673000 0.067905000 -0.073379000 -0.962140000 0.253559000
1520530401.152379990 0.064536000 2.124294000 0.028254000 0.072856000 -0.089225000 -0.944301000 0.308264000
1520530401.202830076 -0.005502000 2.111365000 0.018018000 0.075517000 -0.097234000 -0.925058000 0.359320000
1520530401.252830029 -0.072040000 2.095187000 0.020206000 0.070223000 -0.098074000 -0.906283000 0.405094000
1520530401.302829981 -0.142473000 2.081813000 0.040422000 0.059423000 -0.093005000 -0.886608000 0.449161000
1520530401.352829933 -0.201877000 2.057359000 0.071011000 0.044468000 -0.079188000 -0.865762000 0.492147000
1520530401.402829885 -0.254831000 2.031875000 0.112980000 0.028814000 -0.054923000 -0.844216000 0.532403000
1520530401.452830076 -0.300417000 2.002687000 0.162094000 0.012777000 -0.027513000 -0.821920000 0.568794000
1520530401.502840042 -0.334000000 1.972099000 0.215129000 -0.006261000 -0.003372000 -0.796501000 0.604595000
1520530401.552839994 -0.358944000 1.937700000 0.268708000 -0.024151000 0.018389000 -0.767255000 0.640623000
1520530401.603110075 -0.383995000 1.891294000 0.313838000 -0.038845000 0.038487000 -0.733640000 0.677334000
1520530401.653110027 -0.396580000 1.848126000 0.353809000 -0.050797000 0.058813000 -0.697448000 0.712409000
1520530401.703109980 -0.397699000 1.807506000 0.384767000 -0.061836000 0.079102000 -0.659060000 0.745359000
1520530401.753109932 -0.393939000 1.762345000 0.402950000 -0.072491000 0.097003000 -0.615484000 0.778791000
1520530401.803109884 -0.377521000 1.730649000 0.409423000 -0.079495000 0.108928000 -0.565296000 0.813791000
1520530401.853120089 -0.350574000 1.689624000 0.400964000 -0.080885000 0.114030000 -0.511245000 0.847988000
1520530401.903120041 -0.320946000 1.651887000 0.377729000 -0.078570000 0.111955000 -0.454466000 0.880201000
1520530401.953119993 -0.282361000 1.617723000 0.341198000 -0.067898000 0.108203000 -0.401096000 0.907085000
1520530402.002350092 -0.235302000 1.592225000 0.294251000 -0.048624000 0.103537000 -0.354505000 0.928031000
1520530402.052350044 -0.180422000 1.570936000 0.236959000 -0.023386000 0.092789000 -0.307988000 0.946566000
1520530402.102360010 -0.117474000 1.558912000 0.174983000 0.009582000 0.085187000 -0.260423000 0.961681000
1520530402.152359962 -0.052875000 1.550784000 0.109672000 0.043218000 0.080295000 -0.208689000 0.973722000
1520530402.202359915 0.024887000 1.558848000 0.046052000 0.073260000 0.079084000 -0.153542000 0.982244000
1520530402.252360106 0.103951000 1.570865000 -0.012859000 0.099889000 0.077162000 -0.095103000 0.987433000
1520530402.302360058 0.195325000 1.588616000 -0.065898000 0.124845000 0.073319000 -0.035423000 0.988829000
1520530402.352360010 0.288416000 1.612992000 -0.110895000 0.150718000 0.067714000 0.023797000 0.985968000
1520530402.402640104 0.383225000 1.642753000 -0.146304000 0.177416000 0.065732000 0.082324000 0.978481000
1520530402.452640057 0.479090000 1.674871000 -0.170571000 0.199461000 0.065067000 0.138245000 0.967920000
1520530402.502640009 0.572422000 1.705674000 -0.183253000 0.213431000 0.061569000 0.189208000 0.956481000
1520530402.552639961 0.665123000 1.734190000 -0.182751000 0.220064000 0.046501000 0.233145000 0.946072000
1520530402.602639914 0.751097000 1.756364000 -0.170400000 0.219787000 0.031457000 0.270378000 0.936803000
1520530402.652740002 0.829873000 1.771382000 -0.146203000 0.212956000 0.013964000 0.302503000 0.928949000
1520530402.702650070 0.899994000 1.779011000 -0.112026000 0.200386000 -0.002748000 0.328936000 0.922843000
1520530402.752650023 0.960332000 1.775280000 -0.070747000 0.182949000 -0.018449000 0.351647000 0.917897000
1520530402.803489923 1.010404000 1.765232000 -0.018338000 0.159140000 -0.032959000 0.370707000 0.914420000
1520530402.853490114 1.058845000 1.755102000 0.034835000 0.130966000 -0.046981000 0.385238000 0.912268000
1520530402.903490067 1.092578000 1.731301000 0.092905000 0.100094000 -0.062603000 0.397893000 0.909804000
1520530402.953490019 1.114794000 1.700797000 0.153725000 0.066831000 -0.079489000 0.409852000 0.906221000
1520530403.003489971 1.131743000 1.667918000 0.213832000 0.031846000 -0.095602000 0.421094000 0.901402000
1520530403.053489923 1.136798000 1.632509000 0.273018000 -0.004842000 -0.108108000 0.430664000 0.896001000
1520530403.103490114 1.116603000 1.583851000 0.332804000 -0.040880000 -0.118841000 0.434187000 0.892013000
1520530403.153500080 1.101408000 1.539923000 0.383823000 -0.072158000 -0.129130000 0.434762000 0.888313000
1520530403.203000069 1.083482000 1.493242000 0.424519000 -0.096164000 -0.132076000 0.431487000 0.887202000
1520530403.253000021 1.061108000 1.442113000 0.455288000 -0.112338000 -0.126735000 0.419451000 0.891840000
1520530403.302999973 1.033366000 1.390285000 0.478302000 -0.123246000 -0.121605000 0.397863000 0.900960000
1520530403.353009939 0.998168000 1.329998000 0.488105000 -0.129730000 -0.117794000 0.369782000 0.912445000
1520530403.403009892 0.964382000 1.261728000 0.484724000 -0.129437000 -0.114606000 0.339672000 0.924519000
1520530403.453010082 0.929367000 1.190873000 0.470732000 -0.122709000 -0.110816000 0.306604000 0.937367000
1520530403.503010035 0.888153000 1.120815000 0.447657000 -0.112859000 -0.106135000 0.268438000 0.950757000
1520530403.553009987 0.845953000 1.048674000 0.409044000 -0.098842000 -0.103036000 0.229134000 0.962866000
1520530403.603009939 0.801620000 0.978414000 0.359392000 -0.077232000 -0.097268000 0.191337000 0.973635000
1520530403.652319908 0.747261000 0.916139000 0.305023000 -0.049017000 -0.086839000 0.151281000 0.983448000
1520530403.702320099 0.690606000 0.856463000 0.245110000 -0.018803000 -0.075423000 0.108300000 0.991075000
1520530403.752320051 0.626335000 0.805641000 0.185210000 0.010202000 -0.067905000 0.060666000 0.995793000
1520530403.802330017 0.556228000 0.765715000 0.126223000 0.039391000 -0.064586000 0.009272000 0.997091000
1520530403.852329969 0.481575000 0.736072000 0.072110000 0.068950000 -0.067429000 -0.042511000 0.994431000
1520530403.902329922 0.402656000 0.718208000 0.024468000 0.098204000 -0.077223000 -0.091951000 0.987896000
1520530403.952330112 0.325002000 0.707314000 -0.016629000 0.124662000 -0.085959000 -0.140195000 0.978476000
1520530404.002330065 0.244199000 0.702648000 -0.049024000 0.145236000 -0.087194000 -0.189782000 0.967102000
1520530404.052809954 0.166315000 0.699304000 -0.072562000 0.156330000 -0.086962000 -0.238746000 0.954463000
1520530404.102809906 0.093072000 0.696991000 -0.087431000 0.160829000 -0.081828000 -0.284642000 0.941497000
1520530404.152810097 0.016305000 0.698419000 -0.092539000 0.161909000 -0.076268000 -0.328114000 0.927529000
1520530404.202820063 -0.060086000 0.701094000 -0.086257000 0.163533000 -0.068911000 -0.367162000 0.913072000
1520530404.252890110 -0.130580000 0.696550000 -0.067265000 0.158634000 -0.058670000 -0.402441000 0.899686000
1520530404.302819967 -0.199287000 0.692387000 -0.035940000 0.144333000 -0.044550000 -0.432458000 0.888911000
1520530404.352819920 -0.261665000 0.684004000 0.005517000 0.126714000 -0.024561000 -0.458141000 0.879459000
1520530404.402820110 -0.314676000 0.670215000 0.057506000 0.107046000 -0.005126000 -0.478379000 0.871590000
1520530404.453180075 -0.359343000 0.652213000 0.117083000 0.084856000 0.012703000 -0.493139000 0.865709000
1520530404.503180027 -0.389853000 0.622079000 0.181422000 0.063185000 0.028870000 -0.502643000 0.861699000
1520530404.553179979 -0.415496000 0.583664000 0.244720000 0.044313000 0.043902000 -0.506818000 0.859793000
1520530404.603179932 -0.436392000 0.542485000 0.304127000 0.028771000 0.057689000 -0.505574000 0.860371000
1520530404.653189898 -0.450076000 0.496035000 0.359828000 0.013192000 0.073072000 -0.500705000 0.862427000
1520530404.703190088 -0.456665000 0.438020000 0.409141000 -0.006299000 0.088475000 -0.491122000 0.866563000
1520530404.753190041 -0.459478000 0.380093000 0.452737000 -0.027174000 0.105038000 -0.478900000 0.871139000
1520530404.803189993 -0.458566000 0.315546000 0.489429000 -0.045840000 0.117048000 -0.459121000 0.879435000
1520530404.852710009 -0.450869000 0.249993000 0.518237000 -0.058941000 0.124497000 -0.434207000 0.890220000
1520530404.902709961 -0.438721000 0.180569000 0.538991000 -0.069705000 0.130077000 -0.407886000 0.901027000
1520530404.952709913 -0.421318000 0.113477000 0.553125000 -0.083582000 0.124759000 -0.380267000 0.912604000
1520530405.002710104 -0.403438000 0.041594000 0.556197000 -0.095908000 0.112400000 -0.349416000 0.925244000
1520530405.052710056 -0.383412000 -0.031912000 0.548530000 -0.102541000 0.102504000 -0.316547000 0.937431000
1520530405.102710009 -0.359605000 -0.105320000 0.529319000 -0.102238000 0.095490000 -0.278073000 0.950318000
1520530405.152709961 -0.330294000 -0.178199000 0.498509000 -0.093485000 0.091201000 -0.234589000 0.963281000
1520530405.202719927 -0.294999000 -0.249652000 0.457105000 -0.077450000 0.090480000 -0.190496000 0.974436000
1520530405.252389908 -0.253724000 -0.316865000 0.407074000 -0.058586000 0.088861000 -0.147170000 0.983368000
1520530405.302390099 -0.207106000 -0.379146000 0.351028000 -0.038484000 0.084524000 -0.107116000 0.989899000
1520530405.352400064 -0.157538000 -0.433652000 0.293181000 -0.017152000 0.082231000 -0.070880000 0.993942000
1520530405.402400017 -0.102541000 -0.478562000 0.235370000 0.005217000 0.083387000 -0.033048000 0.995955000
1520530405.452399969 -0.045431000 -0.518238000 0.178352000 0.027042000 0.082761000 0.006822000 0.996179000
1520530405.502399921 0.015694000 -0.550082000 0.122555000 0.048903000 0.082041000 0.049992000 0.994172000
1520530405.552400112 0.081323000 -0.571841000 0.068916000 0.070934000 0.083614000 0.095864000 0.989337000
1520530405.602400064 0.152526000 -0.582227000 0.020567000 0.092948000 0.087612000 0.144094000 0.981286000
1520530405.652859926 0.226049000 -0.583119000 -0.021259000 0.116021000 0.089319000 0.194447000 0.969923000
1520530405.702860117 0.298736000 -0.575780000 -0.053511000 0.136509000 0.091067000 0.244283000 0.955719000
1520530405.752860069 0.371457000 -0.561489000 -0.077071000 0.152688000 0.089511000 0.293653000 0.939384000
1520530405.802860022 0.444232000 -0.542409000 -0.092500000 0.163310000 0.084697000 0.340996000 0.921888000
1520530405.852920055 0.515807000 -0.520688000 -0.100557000 0.169972000 0.080591000 0.384879000 0.903594000
1520530405.902859926 0.585149000 -0.497516000 -0.101555000 0.172612000 0.078360000 0.425605000 0.884831000
1520530405.952869892 0.654811000 -0.474257000 -0.094257000 0.170282000 0.078195000 0.460413000 0.867704000
1520530406.002870083 0.720404000 -0.455410000 -0.081571000 0.164310000 0.077741000 0.487763000 0.853842000
1520530406.052870035 0.784436000 -0.441747000 -0.060726000 0.159033000 0.072375000 0.507435000 0.843789000
1520530406.103630066 0.847098000 -0.433746000 -0.030147000 0.155420000 0.056466000 0.523375000 0.835904000
1520530406.153640032 0.903900000 -0.433146000 0.008249000 0.148237000 0.035964000 0.533991000 0.831616000
1520530406.203639984 0.953511000 -0.440867000 0.053131000 0.134975000 0.011102000 0.538860000 0.831438000
1520530406.253639936 0.995463000 -0.456074000 0.102148000 0.113530000 -0.013048000 0.538027000 0.835146000
1520530406.303639889 1.030990000 -0.476803000 0.152002000 0.088751000 -0.037264000 0.536544000 0.838364000
1520530406.353640079 1.060908000 -0.504485000 0.199732000 0.064665000 -0.056961000 0.531267000 0.842810000
1520530406.403640032 1.084748000 -0.537688000 0.242653000 0.045777000 -0.072946000 0.522128000 0.848508000
1520530406.453639984 1.102243000 -0.575723000 0.278105000 0.031789000 -0.085229000 0.510199000 0.855232000
1520530406.503550053 1.113575000 -0.617167000 0.306537000 0.018027000 -0.093840000 0.496232000 0.862915000
1520530406.553550005 1.117408000 -0.661198000 0.325844000 0.002640000 -0.099211000 0.477447000 0.873037000
1520530406.603549957 1.107935000 -0.710360000 0.336817000 -0.012391000 -0.104372000 0.454219000 0.884668000
1520530406.653549910 1.099690000 -0.755246000 0.335049000 -0.025818000 -0.105914000 0.427432000 0.897451000
1520530406.703560114 1.085629000 -0.801783000 0.323270000 -0.037131000 -0.097157000 0.395958000 0.912359000
1520530406.753560066 1.067130000 -0.842437000 0.305201000 -0.040209000 -0.081175000 0.362375000 0.927620000
1520530406.803560019 1.042774000 -0.878424000 0.281760000 -0.032658000 -0.066334000 0.324660000 0.942936000
1520530406.853559971 1.011707000 -0.908526000 0.254692000 -0.016249000 -0.056141000 0.283504000 0.957188000
1520530406.902760029 0.977570000 -0.931752000 0.226624000 0.004137000 -0.047940000 0.240686000 0.969409000
1520530406.952759981 0.937341000 -0.949419000 0.198152000 0.023526000 -0.043621000 0.196141000 0.979322000
1520530407.002759933 0.891197000 -0.957711000 0.167407000 0.037795000 -0.041139000 0.147105000 0.987542000
1520530407.052759886 0.822729000 -0.958843000 0.137670000 0.048852000 -0.039081000 0.093763000 0.993627000
1520530407.102760077 0.765584000 -0.948174000 0.105110000 0.059924000 -0.037236000 0.036103000 0.996855000
1520530407.152760029 0.704045000 -0.924646000 0.071484000 0.072886000 -0.038117000 -0.023085000 0.996344000
1520530407.202769995 0.640852000 -0.887889000 0.037046000 0.087400000 -0.042272000 -0.082597000 0.991843000
1520530407.252769947 0.577860000 -0.839960000 0.002350000 0.102431000 -0.051122000 -0.140028000 0.983507000
1520530407.303250074 0.516337000 -0.780146000 -0.032354000 0.118329000 -0.061920000 -0.196338000 0.971399000
1520530407.353250027 0.458261000 -0.709857000 -0.064580000 0.131953000 -0.074871000 -0.254547000 0.955086000
1520530407.403249979 0.403128000 -0.629088000 -0.093632000 0.142826000 -0.087051000 -0.317855000 0.933269000
1520530407.453289986 0.352757000 -0.537344000 -0.118637000 0.150127000 -0.098632000 -0.385390000 0.905101000
1520530407.503259897 0.308552000 -0.435979000 -0.139051000 0.153302000 -0.112810000 -0.452466000 0.871233000
1520530407.553260088 0.270910000 -0.326242000 -0.154551000 0.153725000 -0.129901000 -0.514526000 0.833521000
1520530407.603260040 0.241262000 -0.210002000 -0.164195000 0.150443000 -0.147840000 -0.571462000 0.793058000
1520530407.653259993 0.220364000 -0.089119000 -0.167718000 0.139313000 -0.163314000 -0.624940000 0.750580000
1520530407.703579903 0.208497000 0.035748000 -0.166146000 0.120161000 -0.174185000 -0.677589000 0.704340000
1520530407.753580093 0.205731000 0.161311000 -0.162995000 0.101587000 -0.178967000 -0.726241000 0.655915000
1520530407.803580046 0.210220000 0.286285000 -0.159896000 0.089215000 -0.178720000 -0.768326000 0.608091000
1520530407.853579998 0.220210000 0.408657000 -0.157365000 0.083470000 -0.174758000 -0.804020000 0.562178000
1520530407.903579950 0.239458000 0.526545000 -0.150235000 0.079728000 -0.167495000 -0.836015000 0.516399000
1520530407.953579903 0.270519000 0.636550000 -0.134041000 0.078053000 -0.157940000 -0.863591000 0.472413000
1520530408.003580093 0.301007000 0.740732000 -0.120440000 0.080092000 -0.147689000 -0.886439000 0.431277000
1520530408.053590059 0.334552000 0.838055000 -0.103010000 0.079627000 -0.138584000 -0.906396000 0.391025000
1520530408.103590012 0.369317000 0.928947000 -0.083872000 0.076800000 -0.130398000 -0.924205000 0.350634000
1520530408.153670073 0.405335000 1.012196000 -0.063554000 0.072137000 -0.123422000 -0.939864000 0.310192000
1520530408.203670025 0.438709000 1.090771000 -0.043154000 0.065599000 -0.116355000 -0.953248000 0.271065000
1520530408.253669977 0.467827000 1.165023000 -0.020436000 0.056408000 -0.108564000 -0.964248000 0.235071000
1520530408.303669930 0.493261000 1.237714000 0.000501000 0.048396000 -0.100006000 -0.972795000 0.203291000
1520530408.353669882 0.522946000 1.304896000 0.023934000 0.045646000 -0.089424000 -0.979704000 0.173494000
1520530408.403680086 0.545961000 1.369345000 0.052525000 0.042841000 -0.075898000 -0.985479000 0.145725000
1520530408.453680038 0.568500000 1.428385000 0.086356000 0.040960000 -0.057758000 -0.990190000 0.120461000
1520530408.503679991 0.580334000 1.483921000 0.124122000 0.038267000 -0.037013000 -0.993425000 0.101352000
1520530408.553440094 0.589238000 1.535250000 0.165764000 0.039654000 -0.015266000 -0.995685000 0.082497000
1520530408.603440046 0.595083000 1.580213000 0.210199000 0.040003000 0.006062000 -0.997207000 0.062774000
1520530408.653439999 0.594153000 1.618325000 0.254996000 0.037374000 0.026239000 -0.997757000 0.048939000
1520530408.703439951 0.590048000 1.652337000 0.298951000 0.035943000 0.045615000 -0.997401000 0.042636000
1520530408.753439903 0.581257000 1.684060000 0.342011000 0.034961000 0.065862000 -0.996267000 0.043490000
1520530408.803450108 0.566265000 1.727187000 0.379421000 0.033502000 0.087559000 -0.994424000 0.048297000
1520530408.853450060 0.548796000 1.745403000 0.422207000 0.031364000 0.108934000 -0.991963000 0.056211000
1520530408.903450012 0.521589000 1.764403000 0.458239000 0.027946000 0.126260000 -0.989246000 0.068337000
1520530408.952939987 0.492802000 1.779699000 0.490743000 0.024674000 0.139357000 -0.986269000 0.085109000
1520530409.002939939 0.459893000 1.796625000 0.520504000 0.021061000 0.151048000 -0.982479000 0.107123000
1520530409.052949905 0.423226000 1.811042000 0.549590000 0.019577000 0.164751000 -0.977193000 0.132541000
1520530409.102950096 0.381617000 1.816371000 0.575113000 0.020229000 0.181575000 -0.969917000 0.160879000
1520530409.152950048 0.337204000 1.816524000 0.596118000 0.018255000 0.199461000 -0.960162000 0.194864000
1520530409.202950001 0.289683000 1.812902000 0.606343000 0.014417000 0.213664000 -0.948572000 0.233132000
1520530409.252949953 0.240974000 1.805583000 0.609388000 0.010253000 0.221573000 -0.936035000 0.273202000
1520530409.302949905 0.189751000 1.793037000 0.599887000 0.006551000 0.220211000 -0.923578000 0.313795000
1520530409.352969885 0.138526000 1.774958000 0.579431000 0.007897000 0.209913000 -0.911816000 0.352797000
1520530409.402970076 0.088806000 1.752238000 0.550870000 0.014767000 0.196366000 -0.899077000 0.391003000
1520530409.452970028 0.040702000 1.723658000 0.511308000 0.023656000 0.182957000 -0.885073000 0.427333000
1520530409.502969980 -0.002557000 1.688029000 0.465302000 0.034006000 0.167290000 -0.870519000 0.461578000
1520530409.552969933 -0.039414000 1.644846000 0.414541000 0.044795000 0.146774000 -0.854453000 0.496348000
1520530409.602969885 -0.069303000 1.595246000 0.356342000 0.056173000 0.122246000 -0.836523000 0.531159000
1520530409.652970076 -0.091381000 1.539012000 0.294792000 0.068955000 0.097393000 -0.817637000 0.563231000
1520530409.702970028 -0.105075000 1.476729000 0.230581000 0.079995000 0.070287000 -0.798292000 0.592782000
1520530409.752720118 -0.109770000 1.409160000 0.167136000 0.091536000 0.042054000 -0.779471000 0.618286000
1520530409.802720070 -0.105870000 1.338359000 0.103553000 0.103040000 0.015110000 -0.761579000 0.639650000
1520530409.852720022 -0.095082000 1.266460000 0.042145000 0.111653000 -0.012141000 -0.745517000 0.656955000
1520530409.902719975 -0.078222000 1.194281000 -0.016330000 0.120565000 -0.038466000 -0.732417000 0.668992000
1520530409.952719927 -0.056332000 1.117056000 -0.070370000 0.133221000 -0.063116000 -0.720418000 0.677691000
1520530410.002720118 -0.031640000 1.051730000 -0.123891000 0.147984000 -0.086264000 -0.706503000 0.686668000
1520530410.052720070 -0.000851000 0.970947000 -0.170256000 0.163679000 -0.107757000 -0.688036000 0.698716000
1520530410.102730036 0.035178000 0.883749000 -0.209733000 0.179334000 -0.131834000 -0.665356000 0.712573000
1520530410.153280020 0.077138000 0.791550000 -0.238947000 0.195984000 -0.156987000 -0.640358000 0.725870000
1520530410.203289986 0.122764000 0.704225000 -0.259177000 0.211150000 -0.177742000 -0.613616000 0.739796000
1520530410.253289938 0.171590000 0.619534000 -0.269921000 0.224392000 -0.190693000 -0.587459000 0.753775000
1520530410.303289890 0.222128000 0.539395000 -0.272189000 0.235321000 -0.195098000 -0.560919000 0.769370000
1520530410.353290081 0.272853000 0.463317000 -0.266357000 0.242043000 -0.192446000 -0.533238000 0.787424000
1520530410.403290033 0.325763000 0.389487000 -0.254612000 0.241414000 -0.189367000 -0.503812000 0.807486000
1520530410.453289986 0.376232000 0.317417000 -0.235492000 0.237186000 -0.184673000 -0.475042000 0.827027000
1520530410.503289938 0.424201000 0.248779000 -0.207440000 0.228350000 -0.179592000 -0.447817000 0.845614000
1520530410.553299904 0.468405000 0.184934000 -0.172189000 0.218787000 -0.167216000 -0.426312000 0.861643000
1520530410.603940010 0.508288000 0.123968000 -0.131662000 0.205658000 -0.149624000 -0.414535000 0.873772000
1520530410.653939962 0.542140000 0.068356000 -0.087233000 0.188528000 -0.135121000 -0.410214000 0.882000000
1520530410.703939915 0.571909000 0.017854000 -0.038893000 0.168641000 -0.124762000 -0.407998000 0.888556000
1520530410.753940105 0.597263000 -0.027448000 0.013021000 0.148482000 -0.117616000 -0.404673000 0.894628000
1520530410.803940058 0.618024000 -0.069323000 0.066337000 0.132913000 -0.106631000 -0.403233000 0.899092000
1520530410.853940010 0.635047000 -0.102243000 0.122261000 0.117842000 -0.093400000 -0.405102000 0.901821000
1520530410.903939962 0.649259000 -0.129226000 0.178852000 0.097216000 -0.078914000 -0.411231000 0.902890000
1520530410.953949928 0.662152000 -0.149137000 0.235465000 0.070132000 -0.065343000 -0.417196000 0.903747000
1520530411.003479958 0.673530000 -0.162785000 0.289591000 0.042448000 -0.050538000 -0.423079000 0.903686000
1520530411.053479910 0.683532000 -0.169330000 0.340274000 0.018007000 -0.036920000 -0.429106000 0.902320000
1520530411.103480101 0.692418000 -0.169761000 0.384789000 -0.003285000 -0.032059000 -0.436729000 0.899015000
1520530411.153480053 0.695418000 -0.164880000 0.422082000 -0.015463000 -0.031357000 -0.449360000 0.892666000
1520530411.203480005 0.696137000 -0.153865000 0.451218000 -0.021635000 -0.035155000 -0.463642000 0.885060000
1520530411.253479958 0.694113000 -0.136246000 0.471327000 -0.025149000 -0.040831000 -0.479843000 0.876043000
1520530411.303489923 0.689869000 -0.113438000 0.482122000 -0.029221000 -0.046509000 -0.497472000 0.865739000
1520530411.353490114 0.682177000 -0.084906000 0.483767000 -0.034888000 -0.050683000 -0.516169000 0.854274000
1520530411.403069973 0.670844000 -0.051769000 0.475276000 -0.039419000 -0.054219000 -0.536809000 0.841037000
1520530411.453069925 0.655043000 -0.013787000 0.456585000 -0.041685000 -0.058425000 -0.560299000 0.825175000
1520530411.503070116 0.637722000 0.028734000 0.428568000 -0.042395000 -0.065126000 -0.585710000 0.806787000
1520530411.553070068 0.621492000 0.076924000 0.391966000 -0.040242000 -0.074296000 -0.612737000 0.785757000
1520530411.603070021 0.606844000 0.130685000 0.347668000 -0.032867000 -0.085157000 -0.641972000 0.761275000
1520530411.653069973 0.596620000 0.191219000 0.296571000 -0.020890000 -0.100355000 -0.671987000 0.733434000
1520530411.703069925 0.592609000 0.257241000 0.239650000 -0.007159000 -0.119678000 -0.702474000 0.701538000
1520530411.753079891 0.594509000 0.328295000 0.178304000 0.006901000 -0.140282000 -0.733542000 0.664973000
1520530411.802959919 0.603545000 0.403160000 0.115083000 0.021980000 -0.157826000 -0.764596000 0.624500000
1520530411.852960110 0.622465000 0.481531000 0.052924000 0.035726000 -0.173654000 -0.795198000 0.579852000
1520530411.902960062 0.650527000 0.561821000 -0.006438000 0.047230000 -0.189351000 -0.824441000 0.531236000
1520530411.952970028 0.688405000 0.642622000 -0.058661000 0.056694000 -0.203067000 -0.852330000 0.478626000
1520530412.002969980 0.733906000 0.722991000 -0.101719000 0.063744000 -0.214383000 -0.877762000 0.423687000
1520530412.052969933 0.785170000 0.800295000 -0.133486000 0.070039000 -0.221995000 -0.900286000 0.367829000
1520530412.102969885 0.839057000 0.872276000 -0.152879000 0.076539000 -0.225339000 -0.919470000 0.312953000
1520530412.152970076 0.892511000 0.937924000 -0.158096000 0.082953000 -0.223222000 -0.935177000 0.262172000
1520530412.203469992 0.943256000 0.997919000 -0.149612000 0.088829000 -0.215702000 -0.948270000 0.215328000
1520530412.253469944 0.988002000 1.052973000 -0.129867000 0.096798000 -0.202897000 -0.959665000 0.168835000
1520530412.303469896 1.024903000 1.104628000 -0.098450000 0.099076000 -0.186307000 -0.969479000 0.124839000
1520530412.353480101 1.053014000 1.153057000 -0.057246000 0.099275000 -0.166048000 -0.977461000 0.084508000
1520530412.403480053 1.071785000 1.198654000 -0.007078000 0.097688000 -0.140872000 -0.984028000 0.047977000
1520530412.453480005 1.078665000 1.240256000 0.051109000 0.097188000 -0.109976000 -0.989030000 0.016730000
1520530412.503479958 1.076333000 1.277907000 0.113910000 -0.096792000 0.072520000 0.992627000 0.007980000
1520530412.553479910 1.057540000 1.310553000 0.183136000 -0.093102000 0.029625000 0.994924000 0.024076000
1520530412.603480101 1.029717000 1.338234000 0.253458000 -0.087715000 -0.013939000 0.995478000 0.033684000
1520530412.653680086 0.991813000 1.361560000 0.322381000 -0.078801000 -0.053031000 0.994927000 0.033156000
1520530412.703680038 0.943245000 1.379805000 0.388030000 -0.071291000 -0.085503000 0.993412000 0.027203000
1520530412.753690004 0.888476000 1.394991000 0.448036000 -0.059757000 -0.115239000 0.991395000 0.016874000
1520530412.803689957 0.822874000 1.407070000 0.500277000 0.045135000 0.143165000 -0.988649000 0.006319000
1520530412.853689909 0.751034000 1.415327000 0.541626000 0.036984000 0.166732000 -0.984550000 0.038658000
1520530412.903690100 0.673278000 1.417275000 0.572080000 0.029545000 0.186750000 -0.979004000 0.076178000
1520530412.953690052 0.591521000 1.414553000 0.589582000 0.024367000 0.200329000 -0.972250000 0.118344000
1520530413.003700018 0.507664000 1.409183000 0.592618000 0.019243000 0.206402000 -0.964152000 0.165649000
1520530413.053060055 0.423002000 1.400365000 0.581562000 0.012831000 0.205572000 -0.954402000 0.216084000
1520530413.103070021 0.338097000 1.388749000 0.557003000 0.003876000 0.198108000 -0.943062000 0.267157000
1520530413.153069973 0.255405000 1.374596000 0.519291000 -0.007806000 0.183573000 -0.931360000 0.314339000
1520530413.203069925 0.176294000 1.358660000 0.466672000 -0.017419000 0.161674000 -0.920668000 0.354863000
1520530413.253070116 0.101744000 1.336296000 0.408467000 -0.024241000 0.132703000 -0.910704000 0.390411000
1520530413.303070068 0.033905000 1.310141000 0.342936000 -0.031058000 0.098491000 -0.900598000 0.422207000
1520530413.353080034 -0.026157000 1.279361000 0.275632000 -0.041863000 0.063105000 -0.889112000 0.451381000
1520530413.403079987 -0.076982000 1.243389000 0.207034000 -0.048946000 0.032281000 -0.876005000 0.478725000
1520530413.453000069 -0.116963000 1.203607000 0.137892000 -0.047351000 0.009474000 -0.866320000 0.497150000
1520530413.503000021 -0.146147000 1.165449000 0.071218000 -0.044708000 -0.012614000 -0.857529000 0.512334000
1520530413.552999973 -0.165519000 1.128758000 0.010022000 -0.035138000 -0.036297000 -0.851287000 0.522262000
1520530413.602999926 -0.175476000 1.096314000 -0.041236000 -0.013358000 -0.060227000 -0.848014000 0.526371000
1520530413.653000116 -0.184326000 1.066212000 -0.071775000 0.009935000 -0.083120000 -0.844365000 0.529188000
1520530413.703000069 -0.191122000 1.047116000 -0.081364000 0.029909000 -0.093532000 -0.842240000 0.530084000
1520530413.753010035 -0.200063000 1.027084000 -0.066713000 0.038185000 -0.090765000 -0.841834000 0.530678000
1520530413.803009987 -0.212476000 1.014422000 -0.031685000 0.040282000 -0.072609000 -0.845420000 0.527608000
1520530413.853159904 -0.228458000 1.007172000 0.020895000 0.039164000 -0.045729000 -0.853278000 0.517968000
1520530413.903239965 -0.243517000 0.995294000 0.089934000 0.034752000 -0.017740000 -0.863614000 0.502642000
1520530413.953160048 -0.254794000 0.982080000 0.178905000 0.021877000 0.011466000 -0.873636000 0.485952000
1520530414.003170013 -0.258766000 0.963153000 0.276741000 0.012077000 0.041943000 -0.882670000 0.467961000
1520530414.053169966 -0.257453000 0.941676000 0.379373000 0.005979000 0.062140000 -0.888745000 0.454130000
1520530414.103169918 -0.254007000 0.916222000 0.474342000 0.000388000 0.068559000 -0.892161000 0.446485000
1520530414.153170109 -0.240709000 0.889820000 0.555712000 -0.004225000 0.068661000 -0.898052000 0.434476000
1520530414.203170061 -0.223671000 0.861628000 0.621442000 -0.013176000 0.063444000 -0.904971000 0.420510000
1520530414.252949953 -0.203401000 0.834266000 0.670413000 -0.023273000 0.052698000 -0.910977000 0.408414000
1520530414.302949905 -0.173491000 0.805817000 0.704633000 -0.032243000 0.039534000 -0.914942000 0.400347000
1520530414.352950096 -0.142315000 0.778749000 0.727607000 -0.037239000 0.026221000 -0.918802000 0.392082000
1520530414.402950048 -0.107903000 0.750443000 0.741110000 -0.045378000 0.013885000 -0.922328000 0.383482000
1520530414.452950001 -0.066716000 0.722001000 0.745358000 -0.051709000 0.005353000 -0.926393000 0.372952000
1520530414.502949953 -0.022950000 0.694352000 0.742519000 -0.056610000 0.003119000 -0.933396000 0.354340000
1520530414.552949905 0.020604000 0.668849000 0.735183000 -0.058748000 0.007694000 -0.941297000 0.332338000
1520530414.602960110 0.069792000 0.644416000 0.723126000 -0.056524000 0.016584000 -0.949511000 0.308153000
1520530414.652760029 0.123059000 0.619884000 0.707262000 -0.052358000 0.029511000 -0.958014000 0.280353000
1520530414.702759981 0.176394000 0.596527000 0.687899000 -0.047879000 0.045482000 -0.965759000 0.250894000
1520530414.752759933 0.230466000 0.573832000 0.664760000 -0.040328000 0.058649000 -0.973277000 0.218323000
1520530414.802759886 0.284686000 0.551506000 0.636844000 -0.028990000 0.065825000 -0.980571000 0.182505000
1520530414.852760077 0.337615000 0.529706000 0.602024000 -0.014990000 0.065535000 -0.987716000 0.141060000
1520530414.902770042 0.388432000 0.507124000 0.560510000 -0.005361000 0.059823000 -0.993069000 0.101029000
1520530414.952769995 0.435881000 0.483425000 0.512501000 -0.002510000 0.051881000 -0.996533000 0.064990000
1520530415.002769947 0.480993000 0.456961000 0.458959000 0.001062000 0.044430000 -0.998631000 0.027576000
1520530415.052769899 0.521636000 0.426609000 0.402701000 -0.009964000 -0.040502000 0.999067000 0.011190000
1520530415.103250027 0.557285000 0.393055000 0.343939000 -0.020140000 -0.039721000 0.997957000 0.045813000
1520530415.153249979 0.586926000 0.355840000 0.285975000 -0.029889000 -0.037945000 0.995674000 0.079375000
1520530415.203249931 0.610737000 0.315553000 0.227847000 -0.038376000 -0.029990000 0.993418000 0.103679000
1520530415.253249884 0.628939000 0.272273000 0.170941000 -0.042312000 -0.017393000 0.991686000 0.120274000
1520530415.303250074 0.642094000 0.226931000 0.114931000 -0.044780000 -0.004137000 0.990148000 0.132607000
1520530415.353260040 0.649325000 0.182390000 0.059741000 -0.046945000 0.008677000 0.989128000 0.139095000
1520530415.403259993 0.652765000 0.136856000 0.007096000 -0.045837000 0.018467000 0.988588000 0.142308000
1520530415.453259945 0.651663000 0.089250000 -0.039769000 -0.040772000 0.025804000 0.988953000 0.140159000
1520530415.503170013 0.646305000 0.041354000 -0.080136000 -0.031522000 0.036000000 0.989341000 0.137532000
1520530415.553119898 0.640024000 -0.005585000 -0.112819000 -0.026639000 0.054365000 0.989053000 0.134566000
1520530415.603120089 0.637605000 -0.053113000 -0.139292000 -0.020689000 0.083325000 0.987253000 0.134015000
1520530415.653120041 0.640193000 -0.099256000 -0.159188000 -0.010624000 0.113141000 0.984205000 0.135748000
1520530415.703130007 0.648634000 -0.143828000 -0.170879000 -0.001816000 0.133330000 0.980047000 0.147405000
1520530415.753129959 0.663003000 -0.185359000 -0.174708000 0.002414000 0.141529000 0.976665000 0.161523000
1520530415.803129911 0.686796000 -0.225322000 -0.175030000 0.010219000 0.138108000 0.973882000 0.179933000
1520530415.853130102 0.715699000 -0.263840000 -0.167868000 0.019984000 0.124866000 0.972152000 0.197306000
1520530415.903409958 0.748946000 -0.304198000 -0.154144000 0.019851000 0.108866000 0.970775000 0.212955000
1520530415.953409910 0.782998000 -0.340141000 -0.137095000 0.007562000 0.094074000 0.969190000 0.227517000
1520530416.003410101 0.815323000 -0.375322000 -0.117444000 -0.005694000 0.078999000 0.967390000 0.240588000
1520530416.053420067 0.844231000 -0.407744000 -0.098304000 -0.018215000 0.065669000 0.965531000 0.251209000
1520530416.103420019 0.867315000 -0.437449000 -0.082675000 -0.027836000 0.054414000 0.964211000 0.257994000
1520530416.153419971 0.883423000 -0.462203000 -0.065662000 -0.037549000 0.048146000 0.963080000 0.262200000
1520530416.203419924 0.891952000 -0.479626000 -0.052041000 -0.044483000 0.045423000 0.962460000 0.263874000
1520530416.253420115 0.892975000 -0.492441000 -0.041926000 -0.045900000 0.045187000 0.962377000 0.263975000
1520530416.303420067 0.886468000 -0.500440000 -0.036419000 -0.045613000 0.047299000 0.962642000 0.262683000
1520530416.353430033 0.871231000 -0.503920000 -0.035198000 -0.047815000 0.051019000 0.963279000 0.259239000
1520530416.403429985 0.846988000 -0.500550000 -0.036363000 -0.050076000 0.053334000 0.963992000 0.255668000
1520530416.453429937 0.814423000 -0.499724000 -0.041223000 -0.055365000 0.054505000 0.965338000 0.249171000
1520530416.503429890 0.767314000 -0.489002000 -0.045594000 -0.057650000 0.053836000 0.968809000 0.234921000
1520530416.553430080 0.706286000 -0.472769000 -0.049746000 -0.056451000 0.052823000 0.973644000 0.214571000
1520530416.603430033 0.632404000 -0.453478000 -0.052767000 -0.055981000 0.052241000 0.978989000 0.188993000
1520530416.653439999 0.545246000 -0.440440000 -0.055559000 -0.052610000 0.052172000 0.984970000 0.156025000
1520530416.703320026 0.444282000 -0.428117000 -0.056367000 -0.050458000 0.053562000 0.990143000 0.119174000
1520530416.753319979 0.331776000 -0.418410000 -0.054974000 -0.044470000 0.054966000 0.993936000 0.084212000
1520530416.803329945 0.211983000 -0.411609000 -0.051045000 -0.034722000 0.053773000 0.996373000 0.056068000
1520530416.853329897 0.088807000 -0.407308000 -0.045561000 -0.018913000 0.050981000 0.997968000 0.033207000
1520530416.903330088 -0.032900000 -0.407071000 -0.035678000 0.001984000 0.050003000 0.998696000 0.010102000
1520530416.953330040 -0.149471000 -0.411613000 -0.022488000 -0.025575000 -0.054455000 -0.998038000 0.017331000
1520530417.003329992 -0.256802000 -0.420011000 -0.006148000 -0.041841000 -0.063407000 -0.996121000 0.044413000
1520530417.053329945 -0.352980000 -0.429596000 0.011126000 -0.058884000 -0.075267000 -0.992553000 0.075540000
1520530417.103440046 -0.436733000 -0.439775000 0.028779000 -0.072344000 -0.089645000 -0.988017000 0.102724000
1520530417.153419971 -0.508413000 -0.449469000 0.045394000 -0.081130000 -0.103287000 -0.983349000 0.125600000
1520530417.203419924 -0.568633000 -0.457729000 0.061695000 -0.088726000 -0.111866000 -0.978551000 0.148500000
1520530417.253420115 -0.616341000 -0.464100000 0.076942000 -0.093740000 -0.112382000 -0.974601000 0.169516000
1520530417.303420067 -0.651696000 -0.465599000 0.089625000 -0.098442000 -0.106665000 -0.971442000 0.187701000
1520530417.353430033 -0.674233000 -0.463318000 0.099598000 -0.100414000 -0.097924000 -0.969563000 0.200690000
1520530417.403429985 -0.685162000 -0.457295000 0.104534000 -0.100510000 -0.090493000 -0.968888000 0.207282000
1520530417.453429937 -0.685154000 -0.442388000 0.102048000 -0.100423000 -0.087081000 -0.969121000 0.207692000
1520530417.503429890 -0.672824000 -0.421208000 0.096089000 -0.099362000 -0.087616000 -0.969959000 0.204036000
1520530417.553509951 -0.650284000 -0.392580000 0.085921000 -0.094682000 -0.090826000 -0.971453000 0.197651000
1520530417.603509903 -0.615651000 -0.357446000 0.073734000 -0.088175000 -0.093162000 -0.973767000 0.187946000
1520530417.653520107 -0.572498000 -0.320056000 0.059497000 -0.079666000 -0.093129000 -0.977033000 0.174319000
1520530417.703520060 -0.520022000 -0.282816000 0.044640000 -0.069963000 -0.091651000 -0.980412000 0.159677000
1520530417.753520012 -0.456850000 -0.242355000 0.030100000 -0.063851000 -0.088835000 -0.983266000 0.145667000
1520530417.803519964 -0.386358000 -0.201779000 0.017233000 -0.058531000 -0.084262000 -0.985977000 0.131619000
1520530417.853519917 -0.309055000 -0.161212000 0.006035000 -0.053116000 -0.078930000 -0.988040000 0.121349000
1520530417.903520107 -0.224663000 -0.121981000 -0.001239000 -0.042704000 -0.073154000 -0.990072000 0.112167000
1520530417.953500032 -0.134357000 -0.086502000 -0.003740000 -0.028061000 -0.064670000 -0.991817000 0.106436000
1520530418.003509998 -0.042456000 -0.053438000 -0.000677000 -0.009077000 -0.053453000 -0.993242000 0.102617000
1520530418.053509951 0.049867000 -0.026327000 0.008510000 0.007070000 -0.040979000 -0.994289000 0.098287000
1520530418.103509903 0.139208000 -0.002937000 0.022838000 0.018303000 -0.030065000 -0.995829000 0.084178000
1520530418.153510094 0.223203000 0.016017000 0.040615000 0.031205000 -0.022689000 -0.997223000 0.063699000
1520530418.203510046 0.299049000 0.031285000 0.058957000 0.045949000 -0.016575000 -0.997910000 0.042295000
1520530418.253509998 0.363337000 0.043575000 0.076640000 0.063133000 -0.009655000 -0.997741000 0.020837000
1520530418.303519964 0.415450000 0.053149000 0.091654000 0.077446000 -0.001617000 -0.996978000 0.005928000
1520530418.353480101 0.454206000 0.062095000 0.102724000 -0.083443000 -0.004773000 0.996484000 0.005801000
1520530418.403480053 0.480644000 0.071461000 0.108297000 -0.087248000 -0.006753000 0.995951000 0.020581000
1520530418.453480005 0.493083000 0.083856000 0.108006000 -0.089170000 -0.003384000 0.995421000 0.034280000
1520530418.503479958 0.492394000 0.099108000 0.101323000 -0.091831000 0.004029000 0.994605000 0.048085000
1520530418.553489923 0.479414000 0.117596000 0.088225000 -0.090149000 0.013555000 0.994173000 0.057531000
1520530418.603490114 0.456873000 0.138006000 0.069092000 -0.083521000 0.021040000 0.994165000 0.064949000
1520530418.653490067 0.422083000 0.162096000 0.046381000 -0.074863000 0.025834000 0.994518000 0.068286000
1520530418.703490019 0.376110000 0.187467000 0.020590000 -0.070650000 0.029479000 0.994977000 0.064507000
1520530418.753390074 0.318720000 0.213924000 -0.006299000 -0.070655000 0.030810000 0.995265000 0.059214000
1520530418.803400040 0.249362000 0.242215000 -0.031972000 -0.071664000 0.028531000 0.995570000 0.053757000
1520530418.853399992 0.170840000 0.270291000 -0.055387000 -0.069028000 0.025815000 0.996243000 0.045483000
1520530418.903399944 0.083590000 0.299929000 -0.074001000 -0.061306000 0.025957000 0.997210000 0.033756000
1520530418.953399897 -0.010568000 0.327224000 -0.087070000 -0.044993000 0.026959000 0.998401000 0.021062000
1520530419.003400087 -0.108424000 0.352896000 -0.091111000 -0.019123000 0.029648000 0.999365000 0.004924000
1520530419.053400040 -0.207195000 0.374625000 -0.086081000 -0.008621000 -0.034632000 -0.999240000 0.015674000
1520530419.103399992 -0.301897000 0.393636000 -0.072926000 -0.027251000 -0.040795000 -0.998100000 0.037279000
1520530419.153579950 -0.389961000 0.409915000 -0.052853000 -0.041037000 -0.049198000 -0.996147000 0.059885000
1520530419.203589916 -0.468200000 0.424735000 -0.027848000 -0.050773000 -0.057299000 -0.993733000 0.081450000
1520530419.253590107 -0.534853000 0.438759000 0.001560000 -0.062962000 -0.062948000 -0.991016000 0.099798000
1520530419.303590059 -0.589397000 0.453331000 0.035351000 -0.074876000 -0.065025000 -0.988168000 0.117001000
1520530419.353590012 -0.632767000 0.467791000 0.070687000 -0.088454000 -0.062492000 -0.985761000 0.128627000
1520530419.403589964 -0.664836000 0.482660000 0.105224000 -0.106699000 -0.055057000 -0.982974000 0.139090000
1520530419.453589916 -0.685674000 0.498699000 0.134695000 -0.122760000 -0.043244000 -0.979905000 0.151151000
1520530419.503590107 -0.696658000 0.515908000 0.155169000 -0.132394000 -0.029803000 -0.977817000 0.159551000
1520530419.553590059 -0.698207000 0.535326000 0.166491000 -0.140488000 -0.019085000 -0.976121000 0.164582000
1520530419.603780031 -0.689311000 0.555849000 0.167114000 -0.143191000 -0.014141000 -0.975439000 0.166779000
1520530419.653779984 -0.669058000 0.577845000 0.157326000 -0.142335000 -0.015473000 -0.975264000 0.168408000
1520530419.703779936 -0.640027000 0.603245000 0.136630000 -0.143049000 -0.023162000 -0.974595000 0.170779000
1520530419.753779888 -0.600848000 0.629598000 0.106615000 -0.137436000 -0.036394000 -0.974821000 0.171785000
1520530419.803790092 -0.549954000 0.657200000 0.071219000 -0.128293000 -0.051625000 -0.975599000 0.170538000
1520530419.853790045 -0.484357000 0.688304000 0.033773000 -0.120679000 -0.065355000 -0.976745000 0.164725000
1520530419.903789997 -0.404493000 0.720644000 -0.003436000 -0.114679000 -0.075447000 -0.978233000 0.155619000
1520530419.953789949 -0.310474000 0.754312000 -0.037624000 -0.104513000 -0.082410000 -0.980784000 0.142648000
1520530420.003649950 -0.205269000 0.786878000 -0.067557000 -0.089735000 -0.089441000 -0.983619000 0.128223000
1520530420.053649902 -0.093065000 0.819132000 -0.089946000 -0.069331000 -0.095514000 -0.986353000 0.114796000
1520530420.103650093 0.024045000 0.844571000 -0.101291000 -0.040674000 -0.097919000 -0.989781000 0.095345000
1520530420.153650045 0.139115000 0.864872000 -0.100462000 -0.012609000 -0.096044000 -0.992994000 0.067675000
1520530420.203660011 0.249185000 0.881034000 -0.087855000 0.016885000 -0.089769000 -0.995115000 0.037450000
1520530420.253659964 0.349958000 0.891794000 -0.063361000 0.042241000 -0.079200000 -0.995952000 0.004730000
1520530420.303659916 0.438846000 0.896708000 -0.028612000 -0.060929000 0.065414000 0.995587000 0.028544000
1520530420.353660107 0.514832000 0.898100000 0.011261000 -0.073798000 0.051110000 0.993998000 0.062533000
1520530420.403749943 0.577397000 0.897346000 0.052300000 -0.082708000 0.037729000 0.991601000 0.091999000
1520530420.453749895 0.626251000 0.897290000 0.091052000 -0.087656000 0.026273000 0.989238000 0.114165000
1520530420.503750086 0.662804000 0.899086000 0.125803000 -0.091388000 0.017159000 0.986788000 0.132679000
1520530420.553760052 0.688192000 0.900556000 0.154470000 -0.091220000 0.010052000 0.984241000 0.151157000
1520530420.603760004 0.703669000 0.906120000 0.173799000 -0.087998000 0.006403000 0.982599000 0.163448000
1520530420.653759956 0.709669000 0.914458000 0.183076000 -0.084920000 0.006925000 0.981197000 0.173183000
1520530420.703759909 0.706225000 0.925620000 0.180815000 -0.081758000 0.011371000 0.980481000 0.178449000
1520530420.753760099 0.693460000 0.939882000 0.166803000 -0.080477000 0.019397000 0.980495000 0.178261000
1520530420.803410053 0.672012000 0.958663000 0.143328000 -0.079904000 0.027391000 0.980643000 0.176648000
1520530420.853410006 0.641502000 0.980305000 0.110535000 -0.078940000 0.034644000 0.981318000 0.171995000
1520530420.903409958 0.599707000 1.006635000 0.071345000 -0.076436000 0.042447000 0.982408000 0.165014000
1520530420.953409910 0.545417000 1.035829000 0.027804000 -0.069603000 0.050884000 0.984792000 0.150832000
1520530421.003410101 0.479380000 1.067460000 -0.016751000 -0.064825000 0.059305000 0.987418000 0.131481000
1520530421.053420067 0.402839000 1.098123000 -0.059157000 -0.057028000 0.063273000 0.990415000 0.108733000
1520530421.103420019 0.315820000 1.128067000 -0.096030000 -0.051274000 0.063257000 0.993250000 0.082603000
1520530421.153419971 0.220095000 1.156532000 -0.125903000 -0.039427000 0.059585000 0.995930000 0.054951000
1520530421.203480005 0.116715000 1.180646000 -0.146544000 -0.021367000 0.056278000 0.997931000 0.022582000
1520530421.253479958 0.009329000 1.199072000 -0.159362000 0.001794000 -0.054316000 -0.998465000 0.010682000
1520530421.303479910 -0.099129000 1.213046000 -0.161782000 -0.016269000 -0.055037000 -0.997290000 0.046041000
1520530421.353490114 -0.205001000 1.222147000 -0.153423000 -0.032456000 -0.057586000 -0.994524000 0.080952000
1520530421.403490067 -0.304358000 1.228642000 -0.132752000 -0.049331000 -0.059817000 -0.990494000 0.113625000
1520530421.453490019 -0.394044000 1.232223000 -0.102216000 -0.063201000 -0.059314000 -0.985739000 0.144242000
1520530421.503489971 -0.471432000 1.235679000 -0.063555000 -0.075967000 -0.053184000 -0.980656000 0.172377000
1520530421.553489923 -0.535701000 1.240104000 -0.020140000 -0.092372000 -0.042423000 -0.974998000 0.197601000
1520530421.603660107 -0.587654000 1.246590000 0.025466000 -0.108544000 -0.029579000 -0.969662000 0.217022000
1520530421.653660059 -0.627599000 1.255717000 0.070901000 -0.122325000 -0.015344000 -0.964622000 0.233035000
1520530421.703660011 -0.656690000 1.267969000 0.111216000 -0.131631000 -0.001318000 -0.960679000 0.244473000
1520530421.753669977 -0.676096000 1.283684000 0.145545000 -0.139101000 0.009956000 -0.957553000 0.252277000
1520530421.803669930 -0.687540000 1.301728000 0.171255000 -0.145526000 0.015654000 -0.955058000 0.257761000
1520530421.853669882 -0.691815000 1.320365000 0.185515000 -0.147914000 0.017306000 -0.953705000 0.261285000
1520530421.903670073 -0.687705000 1.344512000 0.190686000 -0.146409000 0.017035000 -0.953988000 0.261116000
1520530421.953739882 -0.672019000 1.373709000 0.187090000 -0.140749000 0.016814000 -0.956070000 0.256589000
1520530422.003669977 -0.648193000 1.404062000 0.174575000 -0.137624000 0.018007000 -0.957807000 0.251675000
1520530422.053519964 -0.617104000 1.432137000 0.154351000 -0.131013000 0.020644000 -0.960208000 0.245785000
1520530422.103519917 -0.574479000 1.464977000 0.130169000 -0.121103000 0.021021000 -0.963913000 0.236143000
1520530422.153529882 -0.523589000 1.501873000 0.103026000 -0.112272000 0.016855000 -0.967358000 0.226560000
1520530422.203530073 -0.465112000 1.539987000 0.075332000 -0.102067000 0.008010000 -0.970788000 0.217001000
1520530422.253530025 -0.398666000 1.578552000 0.048546000 -0.088971000 -0.003575000 -0.974346000 0.206689000
1520530422.303529978 -0.325814000 1.616959000 0.025045000 -0.076633000 -0.014650000 -0.977973000 0.193601000
1520530422.353529930 -0.246960000 1.654198000 0.005730000 -0.064083000 -0.023015000 -0.981925000 0.176596000
1520530422.403529882 -0.162788000 1.688749000 -0.008260000 -0.047701000 -0.027476000 -0.986610000 0.153524000
1520530422.453439951 -0.077112000 1.721831000 -0.016541000 -0.028716000 -0.029319000 -0.991395000 0.124306000
1520530422.503449917 0.008862000 1.750564000 -0.020675000 -0.011182000 -0.030762000 -0.995582000 0.088004000
1520530422.553450108 0.093012000 1.774050000 -0.019496000 0.003519000 -0.034321000 -0.998177000 0.049528000
1520530422.603450060 0.172714000 1.791192000 -0.014221000 0.017471000 -0.039695000 -0.999010000 0.009883000
1520530422.653450012 0.245754000 1.803068000 -0.005597000 -0.028484000 0.043648000 0.998161000 0.030952000
1520530422.703449965 0.309776000 1.810092000 0.005672000 -0.035074000 0.045511000 0.995850000 0.070577000
1520530422.753449917 0.363252000 1.814579000 0.019776000 -0.036143000 0.047273000 0.992412000 0.107594000
1520530422.803459883 0.406500000 1.814721000 0.036546000 -0.032243000 0.049711000 0.988355000 0.140157000
1520530422.853630066 0.437209000 1.816412000 0.056280000 -0.027989000 0.050603000 0.984420000 0.166052000
1520530422.903630018 0.456462000 1.818718000 0.077494000 -0.020120000 0.045243000 0.982083000 0.181825000
1520530422.953639984 0.465558000 1.823902000 0.100353000 -0.013121000 0.034336000 0.981501000 0.187893000
1520530423.003639936 0.465546000 1.829121000 0.125051000 -0.008441000 0.015073000 0.982302000 0.186503000
1520530423.053639889 0.459953000 1.833133000 0.150659000 -0.005153000 -0.011622000 0.983907000 0.178228000
1520530423.103640079 0.446902000 1.834820000 0.178770000 -0.005797000 -0.046179000 0.984863000 0.166967000
1520530423.153640032 0.433721000 1.829340000 0.206126000 -0.008418000 -0.091957000 0.983845000 0.153366000
1520530423.203639984 0.412594000 1.824003000 0.232203000 -0.013164000 -0.144498000 0.979614000 0.138937000
1520530423.253370047 0.389840000 1.812764000 0.255060000 -0.016380000 -0.197142000 0.972353000 0.124083000
1520530423.303369999 0.366693000 1.799365000 0.274421000 -0.017205000 -0.244385000 0.963354000 0.109218000
1520530423.353369951 0.343365000 1.781199000 0.289078000 -0.016029000 -0.284577000 0.953663000 0.096367000
1520530423.403369904 0.320630000 1.761011000 0.299549000 -0.013676000 -0.319029000 0.944102000 0.081886000
1520530423.453370094 0.298304000 1.737498000 0.305038000 -0.011138000 -0.346467000 0.935700000 0.065595000
1520530423.503370047 0.276539000 1.711378000 0.304961000 -0.008467000 -0.362132000 0.930805000 0.048895000
1520530423.553410053 0.254740000 1.686343000 0.298917000 -0.001405000 -0.363080000 0.931225000 0.031492000
1520530423.603379965 0.231566000 1.662605000 0.285527000 0.007413000 -0.343856000 0.938895000 0.013550000
1520530423.653029919 0.208867000 1.639300000 0.267457000 -0.015182000 0.305485000 -0.952068000 0.003777000
1520530423.703039885 0.185946000 1.615224000 0.242208000 -0.021713000 0.254504000 -0.966567000 0.022459000
1520530423.753040075 0.163830000 1.589170000 0.213545000 -0.027791000 0.197275000 -0.979019000 0.042798000
1520530423.803040028 0.141736000 1.561528000 0.181531000 -0.029162000 0.136662000 -0.988327000 0.060681000
1520530423.853049994 0.122511000 1.531896000 0.147200000 -0.027559000 0.074227000 -0.993958000 0.076014000
1520530423.903049946 0.105204000 1.500555000 0.113050000 -0.025086000 0.010489000 -0.995572000 0.089981000
1520530423.953049898 0.088282000 1.467384000 0.081136000 -0.017466000 -0.055375000 -0.993299000 0.099925000
1520530424.003050089 0.076278000 1.431453000 0.050266000 -0.009960000 -0.125854000 -0.986267000 0.106486000
1520530424.053009987 0.066269000 1.394236000 0.022072000 -0.000796000 -0.197604000 -0.974025000 0.110578000
1520530424.103310108 0.060967000 1.356348000 -0.002657000 0.009576000 -0.266354000 -0.957341000 0.111634000
1520530424.153310061 0.058899000 1.318245000 -0.020310000 0.019422000 -0.323312000 -0.939485000 0.111622000
1520530424.203310013 0.064254000 1.283475000 -0.030733000 0.029360000 -0.359998000 -0.926149000 0.108573000
1520530424.253319979 0.070218000 1.252134000 -0.030548000 0.035014000 -0.370002000 -0.922260000 0.106342000
1520530424.303319931 0.075991000 1.226740000 -0.021420000 0.036664000 -0.349601000 -0.930152000 0.106079000
1520530424.353319883 0.084363000 1.202461000 -0.003604000 0.034698000 -0.299052000 -0.947602000 0.106840000
1520530424.403320074 0.092530000 1.179341000 0.021495000 0.028216000 -0.223150000 -0.968524000 0.106627000
1520530424.453320026 0.100627000 1.153799000 0.051484000 0.016132000 -0.133399000 -0.985190000 0.106516000
1520530424.504780054 0.109756000 1.128720000 0.085641000 0.004610000 -0.036434000 -0.994041000 0.102634000
1520530424.554780006 0.121707000 1.100254000 0.116532000 -0.005374000 0.052677000 -0.993842000 0.097340000
1520530424.604789972 0.134842000 1.067043000 0.143471000 -0.012656000 0.127906000 -0.987336000 0.092995000
1520530424.654789925 0.145644000 1.028791000 0.163700000 -0.014710000 0.182363000 -0.978937000 0.090603000
1520530424.704790115 0.154913000 0.989907000 0.178107000 -0.013663000 0.212402000 -0.972979000 0.089501000
1520530424.754790068 0.162068000 0.951834000 0.186967000 -0.013164000 0.224620000 -0.970333000 0.088462000
1520530424.804790020 0.166800000 0.917289000 0.187671000 -0.015674000 0.214792000 -0.972749000 0.085891000
1520530424.854789972 0.169538000 0.886895000 0.178185000 -0.016486000 0.175345000 -0.980690000 0.085029000
1520530424.903439999 0.171039000 0.859107000 0.161818000 -0.015905000 0.113846000 -0.989857000 0.083480000
1520530424.953439951 0.172372000 0.827580000 0.141484000 -0.007268000 0.038032000 -0.996455000 0.074683000
1520530425.003439903 0.173334000 0.793210000 0.120348000 0.000703000 -0.038126000 -0.997422000 0.060784000
1520530425.053440094 0.174467000 0.753728000 0.101988000 0.009828000 -0.098502000 -0.994272000 0.040309000
1520530425.103440046 0.174749000 0.711984000 0.088744000 0.017354000 -0.134433000 -0.990656000 0.015070000
1520530425.153439999 0.175152000 0.669120000 0.081300000 -0.026948000 0.142046000 0.989360000 0.016212000
1520530425.203449965 0.173901000 0.628130000 0.079098000 -0.036466000 0.124226000 0.990377000 0.048900000
1520530425.253449917 0.173157000 0.584505000 0.083228000 -0.046904000 0.091448000 0.991297000 0.082270000
1520530425.303790092 0.171056000 0.542738000 0.090317000 -0.057272000 0.059403000 0.989644000 0.117457000
1520530425.353800058 0.170389000 0.503034000 0.097721000 -0.065140000 0.039771000 0.984667000 0.156862000
1520530425.403800011 0.171962000 0.463252000 0.105222000 -0.069319000 0.032325000 0.977219000 0.197974000
1520530425.453799963 0.174695000 0.424826000 0.112218000 -0.067066000 0.031182000 0.969967000 0.231721000
1520530425.503799915 0.176874000 0.391440000 0.119393000 -0.055526000 0.030636000 0.968179000 0.242092000
1520530425.553800106 0.178068000 0.362294000 0.126749000 -0.036923000 0.029827000 0.974605000 0.218842000
1520530425.603800058 0.177174000 0.334970000 0.133382000 -0.015286000 0.033818000 0.985761000 0.164006000
1520530425.653810024 0.173409000 0.305147000 0.139966000 0.003969000 0.043162000 0.995616000 0.082881000
1520530425.703739882 0.167190000 0.272072000 0.146098000 -0.013101000 -0.048314000 -0.998716000 0.007762000
1520530425.753740072 0.158372000 0.237360000 0.152408000 -0.015057000 -0.043158000 -0.994053000 0.098837000
1520530425.803740025 0.146667000 0.199928000 0.157986000 -0.019036000 -0.027898000 -0.982230000 0.184617000
1520530425.853739977 0.134155000 0.158044000 0.161262000 -0.029729000 -0.009162000 -0.963833000 0.264684000
1520530425.903739929 0.122673000 0.115338000 0.161715000 -0.040015000 0.009327000 -0.943268000 0.329480000
1520530425.953739882 0.113488000 0.076228000 0.161106000 -0.049505000 0.021998000 -0.926673000 0.371944000
1520530426.003750086 0.107037000 0.039382000 0.157599000 -0.050562000 0.024634000 -0.920444000 0.386807000
1520530426.053750038 0.103964000 0.007567000 0.153105000 -0.042914000 0.016990000 -0.928138000 0.369364000
1520530426.103539944 0.104431000 -0.021415000 0.149076000 -0.036355000 0.002364000 -0.943873000 0.328295000
1520530426.153539896 0.108371000 -0.050542000 0.145939000 -0.028941000 -0.015798000 -0.961149000 0.274052000
1520530426.203540087 0.115442000 -0.078439000 0.144058000 -0.019422000 -0.034460000 -0.977173000 0.208732000
1520530426.253540039 0.124801000 -0.101666000 0.142832000 -0.007639000 -0.047815000 -0.989360000 0.137192000
1520530426.303550005 0.136860000 -0.126179000 0.143539000 -0.003456000 -0.053212000 -0.996424000 0.065547000
1520530426.353549957 0.151344000 -0.148119000 0.145653000 -0.005684000 0.047268000 0.998769000 0.013894000
1520530426.403549910 0.166292000 -0.172958000 0.149711000 -0.013946000 0.032377000 0.995072000 0.092673000
1520530426.453550100 0.180634000 -0.201240000 0.154457000 -0.024030000 0.016890000 0.985820000 0.165217000
1520530426.503550053 0.193992000 -0.225868000 0.158310000 -0.033492000 0.006088000 0.973927000 0.224292000
1520530426.553620100 0.204190000 -0.247403000 0.160357000 -0.033082000 0.001485000 0.966559000 0.254298000
1520530426.603620052 0.209094000 -0.269764000 0.161955000 -0.024389000 0.002098000 0.968327000 0.248481000
1520530426.653620005 0.208192000 -0.291993000 0.162220000 -0.012964000 0.008174000 0.977764000 0.209147000
1520530426.703619957 0.200852000 -0.316847000 0.161581000 -0.013290000 0.019722000 0.988419000 0.149876000
1520530426.753619909 0.185757000 -0.347370000 0.160303000 -0.019267000 0.030324000 0.996645000 0.073544000
1520530426.803620100 0.163966000 -0.379844000 0.157603000 0.023047000 -0.039764000 -0.998888000 0.010528000
1520530426.853620052 0.135797000 -0.415466000 0.154239000 0.023319000 -0.043901000 -0.994458000 0.092644000
1520530426.903630018 0.103479000 -0.453010000 0.149981000 0.017409000 -0.043854000 -0.985167000 0.164983000
1520530426.953660011 0.067846000 -0.489838000 0.145552000 0.011505000 -0.041377000 -0.973555000 0.224378000
1520530427.003659964 0.030599000 -0.531010000 0.140948000 0.002018000 -0.041240000 -0.960282000 0.275961000
1520530427.053659916 -0.007438000 -0.569135000 0.136852000 -0.008487000 -0.044592000 -0.945774000 0.321638000
1520530427.103660107 -0.043064000 -0.607833000 0.134567000 -0.019683000 -0.050380000 -0.929429000 0.365015000
1520530427.153670073 -0.074943000 -0.646860000 0.131824000 -0.028619000 -0.057199000 -0.909164000 0.411496000
1520530427.203670025 -0.103252000 -0.685988000 0.128821000 -0.033643000 -0.062733000 -0.886593000 0.457040000
1520530427.253669977 -0.128492000 -0.721786000 0.126135000 -0.035665000 -0.065028000 -0.863603000 0.498687000
1520530427.303669930 -0.149872000 -0.758013000 0.123622000 -0.037416000 -0.066769000 -0.839708000 0.537617000
1520530427.353650093 -0.167717000 -0.789620000 0.118824000 -0.038221000 -0.069772000 -0.814904000 0.574110000
1520530427.403650045 -0.181808000 -0.818016000 0.114209000 -0.037113000 -0.074056000 -0.790494000 0.606842000
1520530427.453660011 -0.193332000 -0.840919000 0.109666000 -0.032719000 -0.078074000 -0.770396000 0.631921000
1520530427.503659964 -0.202844000 -0.857415000 0.106022000 -0.029339000 -0.082367000 -0.756186000 0.648489000
1520530427.553659916 -0.210036000 -0.870334000 0.103078000 -0.026606000 -0.085869000 -0.748547000 0.656959000
1520530427.603660107 -0.213712000 -0.874698000 0.101387000 -0.025018000 -0.089477000 -0.747957000 0.657213000
1520530427.653660059 -0.214812000 -0.868569000 0.099879000 -0.025056000 -0.090699000 -0.754117000 0.649964000
1520530427.703660011 -0.210303000 -0.845126000 0.101077000 -0.030139000 -0.089274000 -0.766442000 0.635365000
1520530427.753740072 -0.202559000 -0.811298000 0.101806000 -0.037470000 -0.084497000 -0.782661000 0.615547000
1520530427.803740025 -0.189752000 -0.767058000 0.103175000 -0.047323000 -0.078468000 -0.802324000 0.589813000
1520530427.853739977 -0.168179000 -0.713319000 0.104819000 -0.056893000 -0.070943000 -0.825589000 0.556896000
1520530427.903739929 -0.136208000 -0.653421000 0.106509000 -0.062900000 -0.058786000 -0.851341000 0.517499000
1520530427.953739882 -0.092131000 -0.589724000 0.108516000 -0.065180000 -0.041809000 -0.878359000 0.471687000
1520530428.003740072 -0.035062000 -0.523400000 0.109745000 -0.063113000 -0.021820000 -0.909082000 0.411231000
1520530428.053750038 0.034826000 -0.458370000 0.109797000 -0.056141000 -0.001800000 -0.939924000 0.336732000
1520530428.103749990 0.115471000 -0.399279000 0.108488000 -0.050850000 0.013007000 -0.965421000 0.255357000
1520530428.153589964 0.204857000 -0.349102000 0.105780000 -0.045408000 0.018349000 -0.983998000 0.171314000
1520530428.203599930 0.301453000 -0.309707000 0.102788000 -0.036703000 0.015585000 -0.995389000 0.087242000
1520530428.253599882 0.401608000 -0.283291000 0.100840000 -0.023023000 0.011359000 -0.999658000 0.005048000
1520530428.303600073 0.501432000 -0.271036000 0.100379000 0.012640000 -0.011181000 0.996940000 0.076323000
1520530428.353600025 0.597222000 -0.272064000 0.102029000 0.002744000 -0.015196000 0.987323000 0.157973000
1520530428.403680086 0.684558000 -0.285448000 0.106385000 -0.007307000 -0.023625000 0.971386000 0.236214000
1520530428.453599930 0.759637000 -0.308167000 0.111870000 -0.017607000 -0.032074000 0.950154000 0.309628000
1520530428.503609896 0.822209000 -0.337093000 0.117682000 -0.026571000 -0.038161000 0.924167000 0.379148000
1520530428.553509951 0.871518000 -0.368215000 0.122786000 -0.031564000 -0.040035000 0.894787000 0.443573000
1520530428.603509903 0.908139000 -0.398759000 0.126997000 -0.030875000 -0.037328000 0.863580000 0.501880000
1520530428.653510094 0.934358000 -0.426689000 0.129539000 -0.026631000 -0.031725000 0.830419000 0.555597000
1520530428.703510046 0.951394000 -0.451124000 0.130142000 -0.019491000 -0.027088000 0.795918000 0.604484000
1520530428.753520012 0.959509000 -0.472693000 0.129313000 -0.013789000 -0.023270000 0.760112000 0.649229000
1520530428.803519964 0.958877000 -0.492153000 0.127025000 -0.008888000 -0.021315000 0.721873000 0.691640000
1520530428.853519917 0.951343000 -0.509122000 0.123630000 -0.003342000 -0.020975000 0.680870000 0.732096000
1520530428.903520107 0.936254000 -0.524113000 0.118366000 0.005582000 -0.023461000 0.637126000 0.770382000
1520530428.953520060 0.915312000 -0.538266000 0.113790000 0.017634000 -0.026808000 0.589015000 0.807485000
1520530429.003499985 0.882231000 -0.549646000 0.109398000 0.029219000 -0.028919000 0.536278000 0.843040000
1520530429.053499937 0.837190000 -0.557813000 0.106562000 0.039049000 -0.032494000 0.479577000 0.876028000
1520530429.103509903 0.786174000 -0.562615000 0.102884000 0.046818000 -0.037989000 0.419498000 0.905752000
1520530429.153510094 0.727897000 -0.563205000 0.098427000 0.050576000 -0.041351000 0.358053000 0.931413000
1520530429.203510046 0.661892000 -0.560255000 0.095175000 0.051271000 -0.041434000 0.294772000 0.953291000
1520530429.253509998 0.591679000 -0.550727000 0.094419000 0.047924000 -0.038773000 0.230189000 0.971192000
1520530429.303509951 0.520971000 -0.533234000 0.094325000 0.040994000 -0.034001000 0.163987000 0.985024000
1520530429.353509903 0.450969000 -0.508414000 0.095912000 0.032604000 -0.027581000 0.098325000 0.994238000
1520530429.403609991 0.382340000 -0.475854000 0.099722000 0.025592000 -0.022619000 0.035582000 0.998783000
1520530429.453609943 0.316483000 -0.435324000 0.104793000 0.021679000 -0.017608000 -0.026342000 0.999263000
1520530429.503609896 0.254255000 -0.387968000 0.111009000 0.018741000 -0.014992000 -0.086317000 0.995979000
1520530429.553620100 0.194914000 -0.335177000 0.116935000 0.015246000 -0.014994000 -0.143226000 0.989459000
1520530429.603620052 0.139466000 -0.277529000 0.122051000 0.011385000 -0.015061000 -0.201107000 0.979387000
1520530429.653620005 0.087947000 -0.213001000 0.127241000 0.005763000 -0.014714000 -0.258668000 0.965837000
1520530429.703619957 0.044005000 -0.142707000 0.131288000 -0.002213000 -0.014594000 -0.312416000 0.949831000
1520530429.753619909 0.005258000 -0.066910000 0.133765000 -0.009879000 -0.012929000 -0.363745000 0.931357000
1520530429.803679943 -0.028137000 0.014221000 0.134223000 -0.015078000 -0.010243000 -0.413532000 0.910307000
1520530429.853689909 -0.062288000 0.097299000 0.129393000 -0.016785000 -0.007249000 -0.463913000 0.885692000
1520530429.903690100 -0.087074000 0.186619000 0.125136000 -0.016785000 -0.007059000 -0.514068000 0.857556000
1520530429.953690052 -0.106911000 0.278772000 0.119769000 -0.017107000 -0.010064000 -0.563828000 0.825654000
1520530430.003720045 -0.117521000 0.373349000 0.115002000 -0.017138000 -0.013733000 -0.615071000 0.788166000
1520530430.053689957 -0.120324000 0.467919000 0.112423000 -0.016248000 -0.016804000 -0.664699000 0.746746000
1520530430.103689909 -0.116565000 0.562347000 0.113212000 -0.013850000 -0.018506000 -0.713574000 0.700199000
1520530430.153690100 -0.104561000 0.655170000 0.111742000 -0.013107000 -0.020721000 -0.759218000 0.650375000
1520530430.203399897 -0.088872000 0.744003000 0.110225000 -0.016797000 -0.024136000 -0.800749000 0.598277000
1520530430.253410101 -0.069594000 0.829365000 0.106881000 -0.021528000 -0.027109000 -0.838748000 0.543418000
1520530430.303410053 -0.044473000 0.910553000 0.102865000 -0.025355000 -0.029285000 -0.872020000 0.487935000
1520530430.353410006 -0.016633000 0.988922000 0.098266000 -0.027904000 -0.030353000 -0.900838000 0.432194000
1520530430.403409958 0.014475000 1.063117000 0.093818000 -0.028720000 -0.029219000 -0.924563000 0.378820000
1520530430.453409910 0.050686000 1.130886000 0.090000000 -0.030086000 -0.026301000 -0.944138000 0.327117000
1520530430.503410101 0.090218000 1.194454000 0.088350000 -0.032186000 -0.023357000 -0.959894000 0.277530000
1520530430.553420067 0.125671000 1.254278000 0.090915000 -0.034985000 -0.021707000 -0.972534000 0.229089000
1520530430.603590012 0.165482000 1.309069000 0.094861000 -0.037816000 -0.020666000 -0.982631000 0.180496000
1520530430.653589964 0.207225000 1.357573000 0.099323000 -0.039859000 -0.018022000 -0.990492000 0.130430000
1520530430.703589916 0.251220000 1.399660000 0.104769000 -0.044039000 -0.014194000 -0.995708000 0.080155000
1520530430.753590107 0.297291000 1.435686000 0.109597000 -0.050610000 -0.011417000 -0.998160000 0.031383000
1520530430.803590059 0.347555000 1.466037000 0.112267000 0.056602000 0.010025000 0.998197000 0.017249000
1520530430.853590012 0.396388000 1.490591000 0.114109000 0.059357000 0.007803000 0.995970000 0.066781000
1520530430.903599977 0.451260000 1.506512000 0.113737000 0.060268000 0.003117000 0.991345000 0.116590000
1520530430.953599930 0.499299000 1.528321000 0.113901000 0.059725000 -0.003237000 0.984327000 0.165902000
1520530431.003760099 0.553479000 1.552564000 0.108827000 0.058936000 -0.009091000 0.974863000 0.214675000
1520530431.053760052 0.601680000 1.555354000 0.104594000 0.057457000 -0.012441000 0.962981000 0.263079000
1520530431.103760004 0.648981000 1.550504000 0.100274000 0.055719000 -0.013891000 0.948484000 0.311578000
1520530431.153759956 0.691406000 1.542779000 0.097452000 0.054173000 -0.014516000 0.931120000 0.360376000
1520530431.203759909 0.730665000 1.526094000 0.096925000 0.050225000 -0.015658000 0.910440000 0.410281000
1520530431.253760099 0.760123000 1.508173000 0.100573000 0.045086000 -0.019642000 0.885831000 0.461395000
1520530431.303770065 0.782388000 1.478560000 0.103124000 0.040831000 -0.023955000 0.857005000 0.513129000
1520530431.353770018 0.804928000 1.447168000 0.106665000 0.038010000 -0.024238000 0.822692000 0.566698000
1520530431.403769970 0.813871000 1.415431000 0.107755000 0.037437000 -0.021963000 0.782722000 0.620856000
1520530431.453619957 0.812949000 1.382721000 0.108938000 0.036524000 -0.020456000 0.736206000 0.675462000
1520530431.503619909 0.803549000 1.346368000 0.109556000 0.033797000 -0.022192000 0.684115000 0.728253000
1520530431.553630114 0.780720000 1.309721000 0.109938000 0.030127000 -0.027517000 0.629019000 0.776318000
1520530431.603630066 0.750221000 1.279645000 0.108242000 0.025748000 -0.032292000 0.570243000 0.820437000
1520530431.653630018 0.707116000 1.251987000 0.106290000 0.023628000 -0.034532000 0.506090000 0.861465000
1520530431.703629971 0.649940000 1.235132000 0.101728000 0.024614000 -0.036277000 0.439745000 0.897052000
1520530431.753629923 0.590363000 1.221066000 0.097368000 0.026893000 -0.039547000 0.372047000 0.926981000
1520530431.803630114 0.522976000 1.209532000 0.093643000 0.029503000 -0.043107000 0.305174000 0.950863000
1520530431.853590012 0.453467000 1.208465000 0.090690000 0.030760000 -0.043981000 0.237409000 0.969926000
1520530431.903589964 0.381029000 1.213837000 0.089171000 0.028748000 -0.041615000 0.167464000 0.984580000
1520530431.953589916 0.299828000 1.207455000 0.096920000 0.023607000 -0.038651000 0.095043000 0.994442000
1520530432.003590107 0.227572000 1.229677000 0.096669000 0.016990000 -0.038305000 0.022391000 0.998871000
1520530432.053590059 0.154951000 1.262489000 0.096948000 0.011629000 -0.038462000 -0.049116000 0.997984000
1520530432.103590012 0.086865000 1.303866000 0.097218000 0.008761000 -0.037676000 -0.119535000 0.992076000
1520530432.153589964 0.020935000 1.351886000 0.096488000 0.008037000 -0.034839000 -0.188710000 0.981382000
1520530432.203599930 -0.039097000 1.407537000 0.095091000 0.008773000 -0.031011000 -0.252857000 0.966967000
1520530432.253760099 -0.094359000 1.465819000 0.093102000 0.010801000 -0.026163000 -0.312936000 0.949352000
1520530432.303760052 -0.143013000 1.526591000 0.090769000 0.014285000 -0.020588000 -0.370766000 0.928388000
1520530432.353760004 -0.184683000 1.589242000 0.088969000 0.018038000 -0.017308000 -0.425666000 0.904535000
1520530432.403759956 -0.215367000 1.654962000 0.088064000 0.021679000 -0.016274000 -0.477237000 0.878357000
1520530432.453759909 -0.241596000 1.717216000 0.087332000 0.024105000 -0.016007000 -0.527538000 0.849039000
1520530432.503760099 -0.261579000 1.776953000 0.087402000 0.024123000 -0.015295000 -0.577801000 0.815678000
1520530432.553770065 -0.274329000 1.838028000 0.088381000 0.021605000 -0.013802000 -0.629205000 0.776816000
1520530432.603770018 -0.282193000 1.891066000 0.088558000 0.017017000 -0.014621000 -0.678320000 0.734424000
1520530432.653609991 -0.287926000 1.943665000 0.091051000 0.012261000 -0.018962000 -0.723776000 0.689666000
1520530432.703609943 -0.281392000 1.984647000 0.094471000 0.007843000 -0.023320000 -0.765085000 0.643459000
1520530432.753609896 -0.270718000 2.022508000 0.097085000 0.003183000 -0.023650000 -0.803898000 0.594288000
1520530432.803610086 -0.253760000 2.045108000 0.098410000 -0.002852000 -0.019152000 -0.839907000 0.542385000
1520530432.853610039 -0.223485000 2.056827000 0.103257000 -0.010255000 -0.012063000 -0.872997000 0.487469000
1520530432.903620005 -0.188394000 2.065931000 0.106903000 -0.017725000 -0.006107000 -0.903001000 0.429230000
1520530432.953619957 -0.163752000 2.059059000 0.112755000 -0.022626000 -0.003945000 -0.929435000 0.368271000
1520530433.003619909 -0.126713000 2.035511000 0.116475000 -0.027869000 -0.005366000 -0.951123000 0.307505000
1520530433.053750038 -0.082432000 2.027260000 0.118514000 -0.035881000 -0.006634000 -0.967756000 0.249231000
1520530433.103749990 -0.034826000 2.014817000 0.119067000 -0.044089000 -0.006053000 -0.980096000 0.193470000
1520530433.153749943 0.014398000 1.998515000 0.118201000 -0.047403000 -0.005034000 -0.988800000 0.141428000
1520530433.203749895 0.059585000 1.972658000 0.117137000 -0.044492000 -0.004646000 -0.994840000 0.091063000
1520530433.253760099 0.099939000 1.935582000 0.117435000 -0.040903000 -0.003398000 -0.998281000 0.041841000
1520530433.303760052 0.140432000 1.894055000 0.116732000 0.042284000 -0.000062000 0.999097000 0.004136000
1520530433.353760004 0.168121000 1.849923000 0.120106000 0.045329000 -0.004359000 0.997897000 0.046132000
1520530433.403759956 0.211373000 1.806630000 0.119556000 0.044203000 -0.007079000 0.995118000 0.087960000
1520530433.453759909 0.251082000 1.756087000 0.119144000 0.041365000 -0.009222000 0.990803000 0.128507000
1520530433.503849983 0.289796000 1.702406000 0.117467000 0.038089000 -0.012080000 0.985202000 0.166674000
1520530433.553849936 0.320384000 1.640526000 0.114747000 0.033495000 -0.014649000 0.978462000 0.203166000
1520530433.603859901 0.353459000 1.574253000 0.109855000 0.027467000 -0.014653000 0.970384000 0.239553000
1520530433.653860092 0.382369000 1.504451000 0.104968000 0.023251000 -0.009819000 0.960447000 0.277316000
1520530433.703860044 0.392162000 1.421631000 0.101978000 0.022077000 0.000082000 0.948363000 0.316419000
1520530433.753859997 0.417480000 1.340647000 0.098615000 0.024629000 0.011195000 0.934612000 0.354640000
1520530433.803859949 0.434144000 1.264679000 0.096583000 0.028285000 0.019112000 0.918851000 0.393124000
1520530433.853859901 0.444382000 1.187019000 0.094449000 0.031370000 0.020801000 0.900497000 0.433230000
1520530433.903690100 0.448934000 1.106049000 0.094267000 0.033236000 0.016353000 0.879107000 0.475183000
1520530433.953690052 0.448548000 1.025537000 0.092204000 0.033402000 0.009460000 0.854471000 0.518337000
1520530434.003690004 0.441847000 0.943188000 0.089212000 0.032421000 0.003952000 0.826139000 0.562519000
1520530434.053689957 0.429438000 0.859779000 0.084907000 0.032435000 0.001697000 0.794643000 0.606207000
1520530434.103699923 0.409865000 0.775885000 0.080474000 0.036958000 0.000085000 0.761932000 0.646602000
1520530434.153700113 0.384255000 0.689351000 0.077508000 0.044356000 0.000660000 0.726307000 0.685937000
1520530434.203700066 0.355025000 0.602237000 0.075317000 0.051985000 0.003286000 0.686704000 0.725068000
1520530434.253700018 0.327589000 0.505675000 0.075463000 0.058415000 0.004484000 0.643709000 0.763025000
1520530434.303539991 0.288041000 0.424368000 0.074933000 0.062697000 0.004230000 0.597784000 0.799191000
1520530434.353539944 0.243970000 0.338272000 0.074540000 0.063553000 0.004825000 0.545037000 0.835986000
1520530434.403539896 0.195486000 0.253821000 0.073086000 0.063504000 0.001913000 0.487319000 0.870910000
1520530434.453540087 0.142048000 0.169353000 0.071684000 0.062729000 -0.003978000 0.427976000 0.901602000
1520530434.503540039 0.086779000 0.088111000 0.068109000 0.059901000 -0.010823000 0.365632000 0.928767000
1520530434.553550005 0.027634000 0.010835000 0.064088000 0.055339000 -0.015211000 0.301722000 0.951667000
1520530434.603549957 -0.034612000 -0.056213000 0.059979000 0.051904000 -0.014995000 0.237127000 0.969975000
1520530434.653549910 -0.098859000 -0.114520000 0.057476000 0.050712000 -0.016993000 0.175305000 0.983060000
1520530434.703720093 -0.164240000 -0.163854000 0.057697000 0.048231000 -0.021543000 0.112998000 0.992190000
1520530434.753720045 -0.230617000 -0.200734000 0.060102000 0.040828000 -0.022842000 0.043788000 0.997945000
1520530434.803719997 -0.290881000 -0.232396000 0.063760000 0.030684000 -0.022863000 -0.027710000 0.998883000
1520530434.853780031 -0.347683000 -0.251434000 0.067873000 0.023106000 -0.023294000 -0.098426000 0.994603000
1520530434.903719902 -0.398690000 -0.259913000 0.072196000 0.020798000 -0.025370000 -0.171323000 0.984669000
1520530434.953720093 -0.439685000 -0.262044000 0.076322000 0.021235000 -0.030131000 -0.243904000 0.969099000
1520530435.003720045 -0.475415000 -0.253302000 0.079119000 0.019064000 -0.035608000 -0.313160000 0.948841000
1520530435.053730011 -0.502155000 -0.239488000 0.080464000 0.012358000 -0.040051000 -0.379699000 0.924160000
1520530435.103859901 -0.519436000 -0.221276000 0.082321000 0.003658000 -0.042142000 -0.445941000 0.894062000
1520530435.153860092 -0.526339000 -0.194681000 0.082428000 -0.004363000 -0.045596000 -0.510932000 0.858400000
1520530435.203860044 -0.519993000 -0.168902000 0.081471000 -0.009104000 -0.051010000 -0.573897000 0.817287000
1520530435.253859997 -0.503142000 -0.137767000 0.081774000 -0.011317000 -0.057022000 -0.632833000 0.772103000
1520530435.303859949 -0.473924000 -0.105191000 0.084438000 -0.016508000 -0.062429000 -0.685088000 0.725593000
1520530435.353859901 -0.437613000 -0.064339000 0.087118000 -0.025596000 -0.065524000 -0.731981000 0.677684000
1520530435.403870106 -0.390789000 -0.034409000 0.085368000 -0.033302000 -0.065522000 -0.773800000 0.629152000
1520530435.453870058 -0.343217000 -0.003618000 0.084050000 -0.034481000 -0.062810000 -0.812308000 0.578811000
1520530435.504149914 -0.283059000 0.023760000 0.080869000 -0.032074000 -0.060431000 -0.847794000 0.525895000
1520530435.554150105 -0.219567000 0.043850000 0.077523000 -0.029543000 -0.060549000 -0.879434000 0.471228000
1520530435.604150057 -0.151240000 0.066071000 0.075184000 -0.030671000 -0.061772000 -0.906562000 0.416400000
1520530435.654150009 -0.079864000 0.083641000 0.072621000 -0.032268000 -0.061145000 -0.929865000 0.361347000
1520530435.704149961 -0.003803000 0.106323000 0.069854000 -0.031730000 -0.058087000 -0.950002000 0.305148000
1520530435.754149914 0.073704000 0.120078000 0.065910000 -0.029629000 -0.055094000 -0.966418000 0.249246000
1520530435.804160118 0.151264000 0.126345000 0.062176000 -0.027533000 -0.055154000 -0.978835000 0.195148000
1520530435.854160070 0.228206000 0.126856000 0.058157000 -0.023537000 -0.058676000 -0.987722000 0.142856000
1520530435.904160023 0.304461000 0.124179000 0.055279000 -0.018834000 -0.063169000 -0.993679000 0.090864000
1520530435.953890085 0.379017000 0.117121000 0.054087000 -0.014670000 -0.066172000 -0.997068000 0.035508000
1520530436.003900051 0.451349000 0.101675000 0.052913000 0.015125000 0.067220000 0.997376000 0.022242000
1520530436.053900003 0.521767000 0.085204000 0.052034000 0.018584000 0.067626000 0.994177000 0.081813000
1520530436.103899956 0.588547000 0.067027000 0.051576000 0.022421000 0.068470000 0.986969000 0.143880000
1520530436.153899908 0.647965000 0.044803000 0.052625000 0.025388000 0.068822000 0.975985000 0.205116000
1520530436.203900099 0.699428000 0.019712000 0.054653000 0.028604000 0.066352000 0.962357000 0.262008000
1520530436.253900051 0.742044000 -0.007657000 0.057069000 0.032128000 0.061567000 0.947177000 0.313102000
1520530436.303910017 0.776351000 -0.033262000 0.057914000 0.035347000 0.058411000 0.931239000 0.357955000
1520530436.354020119 0.803971000 -0.054214000 0.057526000 0.037701000 0.058380000 0.914671000 0.398180000
1520530436.404020071 0.824130000 -0.070346000 0.055470000 0.039447000 0.059471000 0.898906000 0.432291000
1520530436.454040051 0.841075000 -0.076564000 0.052693000 0.040495000 0.060237000 0.885263000 0.459392000
1520530436.504019976 0.851725000 -0.073570000 0.052014000 0.040166000 0.060073000 0.875262000 0.478219000
1520530436.554019928 0.858131000 -0.061214000 0.053016000 0.037846000 0.058774000 0.867883000 0.491826000
1520530436.604020119 0.862689000 -0.039969000 0.055966000 0.034380000 0.054750000 0.863709000 0.499828000
1520530436.654030085 0.863104000 -0.008786000 0.062742000 0.031204000 0.046144000 0.863307000 0.501595000
1520530436.704030037 0.864227000 0.039049000 0.070737000 0.025903000 0.034191000 0.867304000 0.495927000
1520530436.754090071 0.861801000 0.089108000 0.086090000 0.014671000 0.019201000 0.874882000 0.483734000
1520530436.804090023 0.852539000 0.146964000 0.107888000 -0.001438000 -0.001429000 0.884215000 0.467075000
1520530436.854089975 0.837720000 0.207815000 0.135270000 -0.023150000 -0.027353000 0.894336000 0.445958000
1520530436.904089928 0.822087000 0.275122000 0.164733000 -0.051989000 -0.056065000 0.905133000 0.418195000
1520530436.954099894 0.796176000 0.343942000 0.193215000 -0.084643000 -0.085672000 0.916767000 0.380834000
1520530437.004100084 0.758550000 0.407184000 0.217124000 -0.114538000 -0.109574000 0.930123000 0.331280000
1520530437.054100037 0.714222000 0.470617000 0.231876000 -0.140248000 -0.122074000 0.943489000 0.274330000
1520530437.104099989 0.657205000 0.527348000 0.236055000 -0.157260000 -0.125309000 0.956852000 0.209767000
1520530437.153589964 0.597050000 0.579977000 0.228742000 -0.167908000 -0.119050000 0.968289000 0.141596000
1520530437.203589916 0.531008000 0.625639000 0.210124000 -0.173225000 -0.105600000 0.976650000 0.070689000
1520530437.253590107 0.462013000 0.661512000 0.181126000 0.172588000 0.085687000 -0.981259000 0.001639000
1520530437.303600073 0.391790000 0.687609000 0.142529000 0.167119000 0.057665000 -0.981512000 0.073350000
1520530437.353600025 0.322578000 0.702951000 0.097911000 0.161316000 0.021963000 -0.976407000 0.141859000
1520530437.403599977 0.256398000 0.709797000 0.049891000 0.158447000 -0.018192000 -0.965302000 0.206774000
1520530437.453599930 0.193547000 0.706085000 0.002269000 0.153079000 -0.060397000 -0.948225000 0.271640000
1520530437.503599882 0.135272000 0.692551000 -0.037057000 0.140639000 -0.099357000 -0.925517000 0.337293000
1520530437.553930044 0.086319000 0.674709000 -0.066379000 0.124417000 -0.128014000 -0.898000000 0.402155000
1520530437.603929996 0.045225000 0.653757000 -0.083635000 0.111278000 -0.146202000 -0.868728000 0.459950000
1520530437.653929949 0.009154000 0.633062000 -0.085416000 0.097413000 -0.160674000 -0.837717000 0.512762000
1520530437.703929901 -0.019462000 0.616573000 -0.075186000 0.084169000 -0.171261000 -0.806548000 0.559522000
1520530437.753930092 -0.040691000 0.605096000 -0.055949000 0.064999000 -0.175956000 -0.774476000 0.604154000
1520530437.803940058 -0.058777000 0.599838000 -0.026861000 0.039155000 -0.172099000 -0.740616000 0.648334000
1520530437.853940010 -0.073083000 0.601949000 0.007938000 0.006697000 -0.163673000 -0.706421000 0.688575000
1520530437.903939962 -0.083698000 0.612400000 0.043613000 -0.025463000 -0.156304000 -0.676908000 0.718830000
1520530437.954540014 -0.092023000 0.634134000 0.077855000 -0.055606000 -0.149852000 -0.657663000 0.736160000
1520530438.004539967 -0.100047000 0.665855000 0.107221000 -0.087581000 -0.144070000 -0.652217000 0.739044000
1520530438.054539919 -0.110338000 0.703869000 0.128149000 -0.119748000 -0.138517000 -0.659375000 0.729176000
1520530438.104540110 -0.118769000 0.752145000 0.141221000 -0.148423000 -0.133974000 -0.677122000 0.708186000
1520530438.154540062 -0.125165000 0.817479000 0.149024000 -0.169720000 -0.130504000 -0.704060000 0.677100000
1520530438.204550028 -0.136041000 0.879014000 0.146857000 -0.185465000 -0.131523000 -0.735466000 0.638274000
1520530438.254549980 -0.141287000 0.941785000 0.138767000 -0.192773000 -0.137151000 -0.769520000 0.593184000
1520530438.304549932 -0.142576000 1.005847000 0.124287000 -0.193799000 -0.147700000 -0.803034000 0.543842000
1520530438.354549885 -0.136664000 1.071031000 0.108918000 -0.192284000 -0.164019000 -0.833624000 0.491117000
1520530438.403680086 -0.128261000 1.132117000 0.089766000 -0.186191000 -0.182715000 -0.862088000 0.434456000
1520530438.453680038 -0.115073000 1.189315000 0.066983000 -0.171237000 -0.203504000 -0.889506000 0.371542000
1520530438.503679991 -0.095356000 1.244601000 0.046806000 -0.148436000 -0.225043000 -0.911665000 0.310144000
1520530438.553679943 -0.069433000 1.292130000 0.027119000 -0.122204000 -0.243372000 -0.929144000 0.250054000
1520530438.603689909 -0.040938000 1.333775000 0.010148000 -0.101701000 -0.257112000 -0.941561000 0.192387000
1520530438.653690100 -0.011531000 1.368249000 -0.003657000 -0.087845000 -0.266233000 -0.949884000 0.138289000
1520530438.703690052 0.019267000 1.398135000 -0.011686000 -0.078883000 -0.267428000 -0.956224000 0.088859000
1520530438.753690004 0.055684000 1.427684000 -0.014002000 -0.067778000 -0.257869000 -0.962724000 0.045514000
1520530438.804450035 0.085460000 1.457179000 -0.011609000 -0.050638000 -0.237845000 -0.969944000 0.008669000
1520530438.854449987 0.110264000 1.483107000 -0.009062000 0.027053000 0.210940000 0.976912000 0.020403000
1520530438.904449940 0.130528000 1.506792000 -0.006346000 0.002139000 0.177448000 0.983219000 0.042297000
1520530438.954459906 0.145295000 1.534319000 0.001287000 -0.017762000 0.141116000 0.988075000 0.058982000
1520530439.004460096 0.155476000 1.558074000 0.006207000 -0.031722000 0.110614000 0.990751000 0.071912000
1520530439.054460049 0.161153000 1.583083000 0.011182000 -0.038552000 0.090559000 0.992017000 0.078835000
1520530439.104460001 0.158791000 1.612674000 0.019387000 -0.039765000 0.078318000 0.992764000 0.081886000
1520530439.154459953 0.156810000 1.639515000 0.024773000 -0.034800000 0.068550000 0.993814000 0.080153000
1520530439.204720020 0.139288000 1.664886000 0.029448000 -0.026212000 0.060569000 0.995173000 0.072628000
1520530439.254719973 0.125189000 1.693106000 0.032158000 -0.015222000 0.053940000 0.996630000 0.059894000
1520530439.304719925 0.109618000 1.722567000 0.034996000 -0.007874000 0.049008000 0.997717000 0.045792000
1520530439.354720116 0.095609000 1.750946000 0.035221000 -0.006123000 0.043890000 0.998422000 0.034492000
1520530439.404720068 0.082497000 1.781191000 0.037537000 -0.006675000 0.038251000 0.998863000 0.027658000
1520530439.454720020 0.071676000 1.804611000 0.038434000 -0.003787000 0.033105000 0.999203000 0.021980000
1520530439.504719973 0.063062000 1.825713000 0.038532000 -0.000076000 0.029267000 0.999379000 0.019640000
1520530439.554719925 0.056238000 1.844143000 0.038149000 -0.000339000 0.026646000 0.999379000 0.023045000
1520530439.604239941 0.051269000 1.859810000 0.037462000 -0.000146000 0.024626000 0.999125000 0.033812000
1520530439.654239893 0.048551000 1.874178000 0.035824000 0.003004000 0.024399000 0.998415000 0.050631000
1520530439.704319954 0.048546000 1.886113000 0.032574000 0.006605000 0.026273000 0.996858000 0.074429000
1520530439.754240036 0.051429000 1.894123000 0.028749000 0.010782000 0.030327000 0.994170000 0.102905000
1520530439.804239988 0.057339000 1.900969000 0.023696000 0.012669000 0.035146000 0.989936000 0.136499000
1520530439.854239941 0.064872000 1.904887000 0.018852000 0.014999000 0.039709000 0.984105000 0.172440000
1520530439.904249907 0.072356000 1.904149000 0.014926000 0.017892000 0.045659000 0.976271000 0.210928000
1520530439.954250097 0.078670000 1.899085000 0.012425000 0.021208000 0.053640000 0.966271000 0.250985000
1520530440.004159927 0.083459000 1.890518000 0.011660000 0.027736000 0.059792000 0.955421000 0.287795000
1520530440.054160118 0.087242000 1.878258000 0.011761000 0.035997000 0.063414000 0.944636000 0.319915000
1520530440.104160070 0.091605000 1.864791000 0.012718000 0.042750000 0.066379000 0.934062000 0.348272000
1520530440.154160023 0.097058000 1.849192000 0.013709000 0.046838000 0.068837000 0.922444000 0.377048000
1520530440.204169989 0.103311000 1.830441000 0.015080000 0.049537000 0.070503000 0.909487000 0.406705000
1520530440.254169941 0.110463000 1.809986000 0.016720000 0.052519000 0.070506000 0.896510000 0.434212000
1520530440.304169893 0.118214000 1.785074000 0.018387000 0.055721000 0.069119000 0.883267000 0.460388000
1520530440.354170084 0.126750000 1.758115000 0.020015000 0.055726000 0.068401000 0.869491000 0.486005000
1520530440.404170036 0.135027000 1.727821000 0.021599000 0.054258000 0.068222000 0.854984000 0.511278000
1520530440.454040051 0.142975000 1.696171000 0.023145000 0.053409000 0.066784000 0.839659000 0.536339000
1520530440.504040003 0.150007000 1.662607000 0.024089000 0.053915000 0.063017000 0.824517000 0.559727000
1520530440.554039955 0.156457000 1.627952000 0.024570000 0.054863000 0.058846000 0.809331000 0.581816000
1520530440.604039907 0.161661000 1.592867000 0.024151000 0.057562000 0.054875000 0.794911000 0.601492000
1520530440.654040098 0.165484000 1.556525000 0.023145000 0.062578000 0.051798000 0.781205000 0.618966000
1520530440.704050064 0.168207000 1.518128000 0.021670000 0.066007000 0.051510000 0.767745000 0.635262000
1520530440.754050016 0.169799000 1.478922000 0.019629000 0.069037000 0.052132000 0.755836000 0.649021000
1520530440.804049969 0.170684000 1.439545000 0.017122000 0.071305000 0.053932000 0.744907000 0.661151000
1520530440.853929996 0.171606000 1.398588000 0.014129000 0.073845000 0.056048000 0.733921000 0.672878000
1520530440.903929949 0.171394000 1.357656000 0.010553000 0.078335000 0.057069000 0.722606000 0.684432000
1520530440.953929901 0.171125000 1.315353000 0.006573000 0.083274000 0.057870000 0.710024000 0.696837000
1520530441.003940105 0.170380000 1.272312000 0.002046000 0.087273000 0.059180000 0.694786000 0.711445000
1520530441.053940058 0.169150000 1.228604000 -0.002513000 0.090426000 0.062761000 0.676220000 0.728430000
1520530441.103940010 0.165868000 1.183772000 -0.006057000 0.094510000 0.066843000 0.654400000 0.747235000
1520530441.153939962 0.160258000 1.139952000 -0.007409000 0.101188000 0.068119000 0.630049000 0.766915000
1520530441.203939915 0.154264000 1.095600000 -0.008199000 0.108437000 0.066418000 0.602442000 0.787968000
1520530441.253950119 0.147612000 1.053416000 -0.008127000 0.114382000 0.060876000 0.571772000 0.810116000
1520530441.303989887 0.140271000 1.011492000 -0.007755000 0.117773000 0.052897000 0.538288000 0.832813000
1520530441.353950024 0.132095000 0.971304000 -0.007151000 0.118746000 0.044493000 0.502291000 0.855350000
1520530441.403949976 0.123187000 0.932482000 -0.006449000 0.118506000 0.036500000 0.463484000 0.877386000
1520530441.453959942 0.113740000 0.894321000 -0.005532000 0.116949000 0.030246000 0.423309000 0.897896000
1520530441.503959894 0.103804000 0.857515000 -0.003698000 0.113735000 0.026038000 0.384065000 0.915904000
1520530441.553960085 0.094554000 0.822532000 -0.000586000 0.108903000 0.023355000 0.347717000 0.930961000
1520530441.603960037 0.088915000 0.789373000 0.003626000 0.101157000 0.022825000 0.314940000 0.943429000
1520530441.654139996 0.087221000 0.757735000 0.009911000 0.088276000 0.024261000 0.285570000 0.953975000
1520530441.704139948 0.090164000 0.727256000 0.019071000 0.072013000 0.024921000 0.261975000 0.962061000
1520530441.754149914 0.104516000 0.701253000 0.031205000 0.053246000 0.025816000 0.243996000 0.967969000
1520530441.804150105 0.121510000 0.676619000 0.047530000 0.032585000 0.027083000 0.233114000 0.971526000
1520530441.854150057 0.142548000 0.653749000 0.066237000 0.011219000 0.031187000 0.229914000 0.972646000
1520530441.904150009 0.167785000 0.632435000 0.085966000 -0.011356000 0.037692000 0.232650000 0.971763000
1520530441.954149961 0.197100000 0.613673000 0.106119000 -0.035686000 0.045467000 0.240914000 0.968824000
1520530442.004149914 0.231834000 0.600301000 0.125657000 -0.060391000 0.052156000 0.254434000 0.963793000
1520530442.054090023 0.268559000 0.589893000 0.142158000 -0.080589000 0.055284000 0.272761000 0.957105000
1520530442.104089975 0.303805000 0.578751000 0.154458000 -0.092973000 0.056705000 0.295324000 0.949170000
1520530442.154089928 0.341743000 0.576026000 0.161789000 -0.100064000 0.059001000 0.322427000 0.939440000
1520530442.204090118 0.381325000 0.580996000 0.163119000 -0.103441000 0.062339000 0.353877000 0.927461000
1520530442.254100084 0.421736000 0.592005000 0.158123000 -0.102153000 0.067596000 0.389352000 0.912907000
1520530442.304100037 0.461241000 0.609210000 0.146903000 -0.093306000 0.074047000 0.428814000 0.895505000
1520530442.354099989 0.499431000 0.631731000 0.129972000 -0.077493000 0.081797000 0.470569000 0.875140000
1520530442.404099941 0.532122000 0.658698000 0.109210000 -0.056404000 0.089492000 0.513975000 0.851257000
1520530442.453769922 0.559942000 0.689370000 0.085175000 -0.032454000 0.099709000 0.558887000 0.822587000
1520530442.503770113 0.580007000 0.725237000 0.059417000 -0.006154000 0.111814000 0.604620000 0.788603000
1520530442.553780079 0.596041000 0.764233000 0.033039000 0.019831000 0.126321000 0.649241000 0.749757000
1520530442.603780031 0.604952000 0.804534000 0.007835000 0.041178000 0.141099000 0.690918000 0.707833000
1520530442.653779984 0.607145000 0.845085000 -0.013790000 0.058024000 0.152796000 0.729613000 0.664042000
1520530442.703779936 0.603396000 0.884343000 -0.029796000 0.072335000 0.160860000 0.765474000 0.618822000
1520530442.753779888 0.597125000 0.919118000 -0.040332000 0.087016000 0.165778000 0.797718000 0.573229000
1520530442.803780079 0.587381000 0.950734000 -0.044275000 0.102338000 0.169359000 0.826001000 0.527794000
1520530442.853790045 0.578374000 0.975833000 -0.042207000 0.115243000 0.171760000 0.850527000 0.483552000
1520530442.904439926 0.568740000 0.994860000 -0.033732000 0.123213000 0.169860000 0.872868000 0.440531000
1520530442.954440117 0.561049000 1.005949000 -0.015232000 0.126495000 0.160213000 0.892684000 0.401803000
1520530443.004440069 0.556008000 1.009833000 0.007703000 0.124319000 0.140839000 0.910202000 0.369110000
1520530443.054440022 0.558246000 1.002433000 0.035284000 0.123576000 0.113926000 0.925138000 0.340395000
1520530443.104439974 0.559421000 0.995951000 0.063684000 0.123419000 0.088349000 0.936649000 0.315674000
1520530443.154439926 0.562823000 0.993353000 0.090547000 0.124175000 0.063825000 0.945012000 0.295733000
1520530443.204440117 0.572643000 0.977692000 0.118987000 0.129963000 0.038658000 0.950552000 0.279403000
1520530443.254450083 0.573638000 0.966401000 0.144084000 0.140206000 0.019107000 0.953429000 0.266363000
1520530443.304529905 0.586201000 0.946921000 0.167251000 0.152057000 0.006140000 0.953898000 0.258687000
1520530443.354530096 0.606516000 0.918697000 0.187392000 0.162318000 -0.002511000 0.952539000 0.257519000
1520530443.404530048 0.619373000 0.896112000 0.202295000 0.170659000 -0.010823000 0.949812000 0.261945000
1520530443.454530001 0.636496000 0.870684000 0.212293000 0.176312000 -0.018936000 0.945292000 0.273822000
1520530443.504529953 0.656952000 0.842871000 0.216157000 0.177938000 -0.026055000 0.938611000 0.294394000
1520530443.554529905 0.675482000 0.814071000 0.213746000 0.177226000 -0.030712000 0.929644000 0.321574000
1520530443.604540110 0.693449000 0.782189000 0.204670000 0.176773000 -0.029694000 0.918762000 0.351776000
1520530443.654540062 0.709091000 0.747338000 0.189760000 0.179859000 -0.024807000 0.906852000 0.380335000
1520530443.704070091 0.721447000 0.712967000 0.172378000 0.185609000 -0.016366000 0.893974000 0.407545000
1520530443.754070044 0.728827000 0.670894000 0.150354000 0.189027000 -0.003625000 0.880051000 0.435621000
1520530443.804080009 0.732695000 0.626753000 0.128154000 0.187327000 0.008464000 0.865765000 0.463992000
1520530443.854079962 0.733851000 0.579661000 0.104408000 0.180807000 0.017767000 0.851337000 0.492156000
1520530443.904079914 0.729583000 0.534865000 0.075815000 0.171544000 0.027900000 0.835848000 0.520723000
1520530443.954080105 0.724511000 0.484154000 0.050684000 0.166793000 0.040796000 0.818661000 0.548005000
1520530444.004080057 0.711425000 0.434432000 0.023993000 0.167241000 0.057644000 0.798502000 0.575415000
1520530444.054080009 0.697020000 0.378817000 -0.001679000 0.171705000 0.076670000 0.776052000 0.601983000
1520530444.104460001 0.678454000 0.320020000 -0.026698000 0.177497000 0.097129000 0.751745000 0.627647000
1520530444.154459953 0.660065000 0.258853000 -0.049387000 0.181174000 0.119453000 0.724323000 0.654418000
1520530444.204469919 0.639871000 0.197178000 -0.069766000 0.185705000 0.138587000 0.694663000 0.680992000
1520530444.254470110 0.616457000 0.131851000 -0.086972000 0.192251000 0.152893000 0.664048000 0.706189000
1520530444.304470062 0.590514000 0.070178000 -0.101974000 0.200969000 0.162247000 0.631802000 0.730831000
1520530444.354470015 0.558873000 0.006473000 -0.112143000 0.209955000 0.171748000 0.596162000 0.755654000
1520530444.404469967 0.528760000 -0.055208000 -0.119259000 0.217258000 0.180512000 0.558945000 0.779612000
1520530444.454469919 0.497667000 -0.116303000 -0.122525000 0.221954000 0.185574000 0.523057000 0.801692000
1520530444.505219936 0.465584000 -0.176992000 -0.121546000 0.222701000 0.185989000 0.489102000 0.822552000
1520530444.555320024 0.435282000 -0.235021000 -0.118023000 0.221564000 0.180916000 0.459635000 0.840782000
1520530444.605230093 0.408277000 -0.291353000 -0.111498000 0.221355000 0.174693000 0.433589000 0.855853000
1520530444.655230045 0.380883000 -0.345645000 -0.102299000 0.224088000 0.172518000 0.409335000 0.867449000
1520530444.705229998 0.357281000 -0.398877000 -0.089111000 0.223493000 0.172201000 0.390585000 0.876266000
1520530444.755229950 0.337557000 -0.450352000 -0.070007000 0.211375000 0.169248000 0.378868000 0.884949000
1520530444.805229902 0.322439000 -0.497999000 -0.043603000 0.186460000 0.162420000 0.372906000 0.894312000
1520530444.855230093 0.311756000 -0.540755000 -0.010379000 0.151764000 0.155186000 0.371842000 0.902563000
1520530444.905230045 0.305936000 -0.576686000 0.027850000 0.110965000 0.148044000 0.376315000 0.907831000
1520530444.955019951 0.305208000 -0.603162000 0.068530000 0.066883000 0.139088000 0.389685000 0.907925000
1520530445.005029917 0.312410000 -0.611586000 0.112401000 0.023211000 0.128232000 0.410168000 0.902652000
1520530445.055030107 0.321448000 -0.617279000 0.152864000 -0.017344000 0.117038000 0.435276000 0.892489000
1520530445.105030060 0.323356000 -0.613624000 0.188456000 -0.054726000 0.101903000 0.463447000 0.878543000
1520530445.155030012 0.331622000 -0.595454000 0.220138000 -0.088109000 0.083949000 0.496355000 0.859547000
1520530445.205029964 0.340085000 -0.568551000 0.243288000 -0.116384000 0.068662000 0.532516000 0.835564000
1520530445.255029917 0.350596000 -0.532908000 0.257680000 -0.137522000 0.056605000 0.569221000 0.808623000
1520530445.305030107 0.358637000 -0.490229000 0.261859000 -0.148518000 0.048666000 0.606273000 0.779748000
1520530445.353950024 0.362261000 -0.441553000 0.255218000 -0.151648000 0.050444000 0.642758000 0.749214000
1520530445.403949976 0.360284000 -0.385113000 0.237982000 -0.146830000 0.057745000 0.681606000 0.714506000
1520530445.453959942 0.351002000 -0.323217000 0.211284000 -0.132950000 0.064115000 0.723309000 0.674565000
1520530445.503959894 0.332063000 -0.255775000 0.176222000 -0.112918000 0.069953000 0.762676000 0.632994000
1520530445.553960085 0.303500000 -0.186935000 0.135641000 -0.085488000 0.082415000 0.797406000 0.591645000
1520530445.603960037 0.257150000 -0.115099000 0.090711000 -0.054405000 0.105740000 0.829241000 0.546093000
1520530445.653959990 0.206546000 -0.044869000 0.043009000 -0.025500000 0.135670000 0.858860000 0.493257000
1520530445.703959942 0.144958000 0.022765000 -0.005722000 0.004462000 0.165897000 0.885703000 0.433576000
1520530445.753809929 0.071979000 0.088116000 -0.047174000 0.036576000 0.193407000 0.907194000 0.371827000
1520530445.803809881 -0.006613000 0.147108000 -0.082769000 0.064394000 0.217838000 0.923029000 0.310513000
1520530445.853820086 -0.087176000 0.200280000 -0.108717000 0.085402000 0.237618000 0.934634000 0.250408000
1520530445.903820038 -0.171907000 0.250074000 -0.121534000 0.098621000 0.253228000 0.942189000 0.196036000
1520530445.953819990 -0.244894000 0.291188000 -0.126172000 0.111943000 0.262723000 0.947490000 0.143901000
1520530446.003819942 -0.311904000 0.327394000 -0.118337000 0.120207000 0.264177000 0.952260000 0.094668000
1520530446.053819895 -0.367688000 0.359740000 -0.101427000 0.124425000 0.254805000 0.957573000 0.051446000
1520530446.103820086 -0.415031000 0.391190000 -0.077008000 0.126863000 0.234296000 0.963743000 0.014541000
1520530446.155019999 -0.451675000 0.422509000 -0.047074000 -0.127387000 -0.204833000 -0.970322000 0.017066000
1520530446.204960108 -0.478637000 0.452288000 -0.015094000 -0.127410000 -0.171360000 -0.976053000 0.041517000
1520530446.254960060 -0.494585000 0.480788000 0.018576000 -0.125562000 -0.134305000 -0.981245000 0.057920000
1520530446.304960012 -0.501074000 0.508395000 0.052588000 -0.122940000 -0.095296000 -0.985590000 0.066454000
1520530446.354969978 -0.495064000 0.534503000 0.085762000 -0.121363000 -0.055931000 -0.988684000 0.068161000
1520530446.404969931 -0.483010000 0.561438000 0.115705000 -0.120314000 -0.019061000 -0.990507000 0.063702000
1520530446.454969883 -0.456550000 0.586884000 0.142961000 -0.119901000 0.011463000 -0.991205000 0.054818000
1520530446.504970074 -0.433025000 0.614953000 0.162799000 -0.122078000 0.036162000 -0.990932000 0.042923000
1520530446.554850101 -0.401582000 0.639901000 0.178866000 -0.125204000 0.056941000 -0.990137000 0.026637000
1520530446.604850054 -0.366776000 0.667028000 0.188032000 -0.125424000 0.072022000 -0.989482000 0.002532000
1520530446.654850006 -0.330309000 0.690293000 0.194328000 0.121832000 -0.081498000 0.988828000 0.027078000
1520530446.704849958 -0.286055000 0.711394000 0.194827000 0.117344000 -0.087643000 0.987403000 0.059874000
1520530446.754849911 -0.241035000 0.725915000 0.193097000 0.113879000 -0.092066000 0.984994000 0.091330000
1520530446.804850101 -0.197205000 0.740681000 0.183783000 0.110426000 -0.093363000 0.982233000 0.119612000
1520530446.854850054 -0.153508000 0.751572000 0.171042000 0.106111000 -0.090560000 0.978802000 0.149955000
1520530446.904860020 -0.110072000 0.757150000 0.155747000 0.101222000 -0.083456000 0.973725000 0.186141000
1520530446.954390049 -0.067805000 0.755743000 0.138983000 0.098122000 -0.072188000 0.966476000 0.226021000
1520530447.004390001 -0.027537000 0.752275000 0.118858000 0.098131000 -0.057318000 0.957392000 0.265491000
1520530447.054399967 0.012762000 0.741578000 0.098094000 0.098995000 -0.039104000 0.947202000 0.302455000
1520530447.104399920 0.048320000 0.729717000 0.074088000 0.099913000 -0.018064000 0.935880000 0.337373000
1520530447.154400110 0.080745000 0.715753000 0.049062000 0.099834000 0.003551000 0.923481000 0.370410000
1520530447.204400063 0.109172000 0.703883000 0.025019000 0.096671000 0.022023000 0.909038000 0.404747000
1520530447.254400015 0.135364000 0.691131000 0.004909000 0.091187000 0.036358000 0.892885000 0.439453000
1520530447.304399967 0.157463000 0.673805000 -0.011178000 0.085742000 0.045241000 0.875803000 0.472833000
1520530447.354409933 0.178522000 0.659935000 -0.020276000 0.081438000 0.050197000 0.858520000 0.503776000
1520530447.404190063 0.195114000 0.656443000 -0.026396000 0.079926000 0.054555000 0.842171000 0.530456000
1520530447.454190016 0.209846000 0.651608000 -0.027411000 0.080591000 0.060561000 0.826399000 0.553988000
1520530447.504189968 0.222623000 0.654194000 -0.024499000 0.082621000 0.062617000 0.810643000 0.576291000
1520530447.554189920 0.234517000 0.655341000 -0.017659000 0.082030000 0.059871000 0.796064000 0.596631000
1520530447.604190111 0.245440000 0.664467000 -0.007877000 0.077632000 0.054055000 0.781750000 0.616376000
1520530447.654190063 0.254067000 0.674257000 0.002485000 0.070773000 0.047435000 0.767573000 0.635274000
1520530447.704190016 0.261491000 0.685371000 0.013293000 0.060795000 0.041582000 0.755029000 0.651542000
1520530447.754199982 0.266750000 0.698979000 0.021826000 0.047343000 0.036240000 0.744932000 0.664471000
1520530447.804130077 0.269743000 0.712794000 0.026979000 0.031680000 0.032157000 0.738572000 0.672662000
1520530447.854130030 0.270877000 0.725715000 0.028513000 0.017724000 0.026172000 0.733433000 0.679027000
1520530447.904139996 0.269179000 0.737382000 0.026710000 0.006127000 0.027092000 0.729660000 0.683246000
1520530447.954139948 0.266357000 0.749238000 0.021046000 -0.005825000 0.034437000 0.727454000 0.685267000
1520530448.004139900 0.261599000 0.757633000 0.013326000 -0.014955000 0.038135000 0.726626000 0.685811000
1520530448.054140091 0.255754000 0.764746000 0.005517000 -0.019836000 0.039241000 0.725997000 0.686291000
1520530448.104140043 0.250164000 0.769459000 -0.002474000 -0.021495000 0.041503000 0.725749000 0.686371000
1520530448.154139996 0.245066000 0.772717000 -0.011573000 -0.019388000 0.046828000 0.727219000 0.684532000
1520530448.203949928 0.239637000 0.775130000 -0.020469000 -0.014096000 0.053368000 0.728874000 0.682419000
1520530448.253950119 0.234911000 0.777408000 -0.028237000 -0.006610000 0.059754000 0.730189000 0.680595000
1520530448.303950071 0.228838000 0.777994000 -0.034779000 -0.004184000 0.065715000 0.731613000 0.678532000
1520530448.353950024 0.223341000 0.777876000 -0.038818000 -0.006478000 0.064867000 0.731282000 0.678953000
1520530448.403949976 0.217206000 0.777304000 -0.040940000 -0.010781000 0.061407000 0.731973000 0.678476000
1520530448.453949928 0.211408000 0.777008000 -0.041367000 -0.010255000 0.056743000 0.733770000 0.676946000
1520530448.503950119 0.206407000 0.775842000 -0.041863000 -0.010413000 0.057551000 0.733450000 0.677222000
1520530448.553960085 0.202281000 0.774840000 -0.042381000 -0.013994000 0.057573000 0.732731000 0.677935000
1520530448.603990078 0.198942000 0.772832000 -0.042219000 -0.016114000 0.050714000 0.732758000 0.678405000
1520530448.653990030 0.195308000 0.771166000 -0.043125000 -0.022147000 0.048582000 0.731943000 0.679271000
1520530448.703989983 0.192313000 0.770115000 -0.044722000 -0.028168000 0.047538000 0.731020000 0.680116000
1520530448.753999949 0.190454000 0.768974000 -0.046880000 -0.033508000 0.048404000 0.729528000 0.681413000
1520530448.803999901 0.188798000 0.767707000 -0.048972000 -0.035966000 0.049426000 0.727028000 0.683881000
1520530448.854000092 0.187931000 0.766740000 -0.050248000 -0.035510000 0.049093000 0.723582000 0.687574000
1520530448.904000044 0.187457000 0.765991000 -0.051670000 -0.032703000 0.051438000 0.720449000 0.690824000
1520530448.953999996 0.185703000 0.765278000 -0.053327000 -0.028121000 0.054259000 0.718899000 0.692423000
1520530449.003969908 0.184239000 0.764914000 -0.054409000 -0.024837000 0.057262000 0.718438000 0.692785000
1520530449.053970098 0.183888000 0.764386000 -0.055853000 -0.021376000 0.060914000 0.717421000 0.693643000
1520530449.103970051 0.183695000 0.763865000 -0.057186000 -0.016762000 0.063146000 0.716719000 0.694294000
1520530449.153970003 0.183838000 0.763600000 -0.057861000 -0.013729000 0.062555000 0.716732000 0.694401000
