ply
format ascii 1.0
element vertex 12442
property float x
property float y
property float z
property uchar red
property uchar green
property uchar blue
end_header
61.2691 -11.6900 -0.9332 80 200 120
3.0340 -6.0019 -0.1107 80 200 120
113.0044 -33.3097 -1.1903 80 200 120
30.0278 -3.0078 -0.3192 80 200 120
5.7255 -6.5252 -3.1203 80 200 120
7.1384 -4.5294 -2.9165 80 200 120
18.4351 -11.8543 -0.2484 80 200 120
7.3895 -2.8631 -2.0347 80 200 120
5.5650 -0.2550 -1.7533 80 200 120
7.6207 -3.9873 -0.8520 80 200 120
8.3664 -2.5243 -3.7761 80 200 120
10.8495 0.4638 -0.3631 80 200 120
6.8414 -3.9577 -3.3209 80 200 120
8.3306 -2.7744 -3.0280 80 200 120
19.5558 -9.5836 -0.4170 80 200 120
3.6543 -6.2469 -0.3158 80 200 120
5.0491 0.2508 -2.2231 80 200 120
6.2194 -0.9507 -2.5479 80 200 120
5.1711 0.6846 -0.0694 80 200 120
6.4083 -0.8030 -1.0357 80 200 120
4.8287 -6.6649 -1.9924 80 200 120
4.5343 -6.3923 -0.6398 80 200 120
7.0288 -1.5349 -1.5497 80 200 120
3.4495 1.2094 -1.1561 80 200 120
5.9633 -1.3184 -3.7825 80 200 120
8.2831 -2.7514 -0.7245 80 200 120
7.6608 -3.3289 -1.5231 80 200 120
4.6704 0.2481 -1.4965 80 200 120
4.8941 -5.0680 -0.2815 80 200 120
6.0732 -5.0610 -1.3342 80 200 120
9.3611 -9.2084 -4.5886 80 200 120
7.0217 -5.3340 -0.0164 80 200 120
0.2648 0.2839 0.0083 80 200 120
5.4071 -2.8459 -3.0532 80 200 120
1.9445 1.9510 -0.0327 80 200 120
1.0608 2.2456 -0.0078 80 200 120
5.2450 -0.0705 -1.1700 80 200 120
6.9214 -3.0173 -3.6046 80 200 120
6.1869 -4.6340 -2.0847 80 200 120
6.0363 -5.3880 -0.2159 80 200 120
7.2413 -3.3379 -2.7564 80 200 120
1.2759 2.1141 -0.0691 80 200 120
5.0821 -0.1244 -2.3300 80 200 120
3.9869 0.9138 -1.4532 80 200 120
29.9770 -11.5281 -0.6960 80 200 120
3.7355 1.1617 -2.1392 80 200 120
5.9311 -0.8316 -3.3524 80 200 120
5.4673 -1.3462 -0.5652 80 200 120
2.5230 1.9940 -0.4741 80 200 120
5.4391 -6.8453 -2.7701 80 200 120
4.2650 -4.9992 -0.1390 80 200 120
2.6649 1.2475 -0.0995 80 200 120
6.5293 -1.9562 -1.2329 80 200 120
5.8072 -4.5888 -2.7529 80 200 120
3.0283 1.6053 -1.6711 80 200 120
2.5254 0.8812 -0.0809 80 200 120
4.3273 0.5961 -1.4839 80 200 120
2.4742 1.5132 -0.0443 80 200 120
3.6786 1.0064 -0.8650 80 200 120
5.8414 -6.3852 -1.3837 80 200 120
10.4903 -4.5984 -1.0962 80 200 120
3.7827 0.9798 -0.1143 80 200 120
3.3595 1.2819 -0.7279 80 200 120
6.7661 -3.9688 -1.9280 80 200 120
3.9599 -5.5128 -0.0872 80 200 120
3.0859 1.5657 -0.6503 80 200 120
3.8307 0.4870 -1.7152 80 200 120
7.0417 -5.5825 -0.7641 80 200 120
5.2226 -0.5730 -1.3148 80 200 120
4.0584 0.7347 -1.1052 80 200 120
5.2655 -6.3828 -0.9062 80 200 120
7.2993 -3.6306 -2.1269 80 200 120
11.6468 0.0165 -1.2480 80 200 120
6.4122 -4.4189 -1.2743 80 200 120
2.0469 1.5486 -0.0958 80 200 120
7.6390 0.7638 -0.8355 80 200 120
2.1253 1.8791 -0.1202 80 200 120
4.0683 0.7357 -2.4082 80 200 120
2.5694 1.8144 -0.7578 80 200 120
6.4462 -1.5710 -2.3645 80 200 120
7.3054 -3.8276 -1.5000 80 200 120
2.8828 1.6520 -0.3165 80 200 120
4.1516 0.6920 -0.5340 80 200 120
3.3619 1.2494 -0.4292 80 200 120
1.8394 2.2239 -0.3553 80 200 120
3.0540 1.2880 -1.2989 80 200 120
2.7083 1.7496 -0.5234 80 200 120
3.1484 1.3656 -1.0272 80 200 120
7.5002 -6.5623 -2.6623 80 200 120
1.0663 3.3390 -0.3994 80 200 120
0.3804 4.3211 -0.0356 80 200 120
-3.2321 0.2713 0.0163 80 200 120
-0.5383 2.5418 -0.0739 80 200 120
0.9664 4.4966 -0.0490 80 200 120
-0.8241 2.0634 -0.0477 80 200 120
-0.8427 2.6552 -0.0310 80 200 120
-0.1186 0.3075 -0.0430 80 200 120
-0.2452 3.2990 0.0189 80 200 120
-3.7814 0.9615 0.0115 80 200 120
1.2442 4.2872 0.0339 80 200 120
-0.9959 1.8528 -0.1790 80 200 120
-0.2496 0.1165 -0.0089 80 200 120
-0.0403 3.1767 -0.9031 80 200 120
-0.1421 0.2868 -0.0504 80 200 120
-0.1322 0.2948 -0.0987 80 200 120
1.5447 4.1932 0.0056 80 200 120
-0.6148 2.4591 -0.4160 80 200 120
-2.6291 2.1277 -0.1370 80 200 120
0.0196 3.4925 0.0117 80 200 120
-2.5755 0.0782 -0.1804 80 200 120
-0.9737 2.3057 -0.2806 80 200 120
-0.2025 0.1333 0.0079 80 200 120
-0.2423 0.1324 -0.0124 80 200 120
-0.5838 2.4918 -1.0536 80 200 120
-0.2334 0.1532 -0.0305 80 200 120
0.6996 3.4949 -0.3331 80 200 120
-1.3916 1.7729 -0.0936 80 200 120
-0.2907 0.0999 0.0158 80 200 120
-1.2479 1.7188 -0.5722 80 200 120
-0.1238 0.3066 -0.0684 80 200 120
-1.6567 1.4668 -0.6860 80 200 120
-5.9341 3.6648 0.0028 80 200 120
-0.2151 0.1707 -0.0252 80 200 120
-0.1597 0.2789 -0.0704 80 200 120
-0.1991 0.1942 -0.0203 80 200 120
-0.1980 0.1541 0.0079 80 200 120
-7.3835 2.3758 -0.0227 80 200 120
-0.2034 0.1871 -0.0369 80 200 120
-0.1366 0.2949 -0.0733 80 200 120
0.8822 3.4314 -0.5859 80 200 120
-1.4303 1.5045 -0.3791 80 200 120
3.3974 -8.3843 -0.0458 80 200 120
4.9104 -8.3417 -0.4417 80 200 120
-2.9103 -3.0229 -0.7748 80 200 120
0.5803 -5.8729 -0.5712 80 200 120
-1.4602 -3.7860 -0.0130 80 200 120
2.6438 -7.2479 -0.4154 80 200 120
-0.0102 -4.9159 -0.8243 80 200 120
-2.8747 -2.6269 -1.2650 80 200 120
0.8307 -5.8109 -0.0654 80 200 120
-2.5665 -2.7293 -1.0014 80 200 120
1.1809 -5.4405 -1.2583 80 200 120
-1.0300 -3.9024 -1.2552 80 200 120
-3.8082 -1.8280 -0.8068 80 200 120
-2.1815 -2.5195 -0.0054 80 200 120
-1.5657 -3.4864 -1.2248 80 200 120
-3.4164 -1.7363 -0.0018 80 200 120
-0.5424 -4.2822 -0.9394 80 200 120
-2.2057 -3.1363 -1.9718 80 200 120
-2.0695 -3.5899 -0.7173 80 200 120
2.1953 -7.1177 -0.8856 80 200 120
-2.4672 -3.1084 -0.7781 80 200 120
1.9535 -6.7712 -0.0143 80 200 120
-1.6533 -3.9972 -0.5393 80 200 120
-0.5368 -4.7919 -0.3721 80 200 120
-0.7448 -4.3347 -0.5938 80 200 120
0.0515 -4.8134 -1.9858 80 200 120
-2.9819 -2.6718 -0.1377 80 200 120
-2.4100 -3.2280 -0.3105 80 200 120
0.1656 -5.7401 -0.3412 80 200 120
-1.2058 -3.7765 -1.7397 80 200 120
-0.3957 -4.6519 -0.7471 80 200 120
3.8529 -7.2175 -1.0987 80 200 120
-2.6041 -2.8028 -1.7081 80 200 120
-2.7988 -0.4512 -0.2036 80 200 120
-0.8893 -4.6284 -0.3076 80 200 120
1.6211 -6.0996 -1.0298 80 200 120
-1.9835 -3.0284 -1.4154 80 200 120
0.5801 -4.4409 -0.9569 80 200 120
-0.0904 -4.5936 -1.4026 80 200 120
-0.9550 -3.9396 -1.8593 80 200 120
-2.3117 -2.8253 -1.8642 80 200 120
-1.7013 -3.3803 -0.0042 80 200 120
-2.9732 -2.3360 -1.3089 80 200 120
-1.9263 -3.2936 -1.9253 80 200 120
-2.6709 -0.2503 -0.1245 80 200 120
-2.0055 -3.3227 -0.0096 80 200 120
-1.5809 -3.4106 -1.5619 80 200 120
-1.3383 -4.0625 -0.2046 80 200 120
1.5384 -5.3677 -1.4727 80 200 120
-3.8452 -1.8282 -1.3636 80 200 120
-3.6098 -2.4098 -0.6075 80 200 120
-1.3199 -3.5738 -1.0213 80 200 120
-0.3075 -4.3559 -1.6110 80 200 120
-3.7355 -1.6867 -0.3530 80 200 120
-3.8616 -2.5394 -0.3240 80 200 120
-2.3584 -2.8523 -1.3606 80 200 120
-3.0036 -2.4513 -0.8919 80 200 120
6.0744 -8.4568 -0.0559 80 200 120
-0.7404 -4.0039 -1.4514 80 200 120
-3.3255 -2.0538 -1.5583 80 200 120
-2.5410 -2.9761 -0.3580 80 200 120
-3.2172 -2.2625 -1.0921 80 200 120
-1.8662 -3.7689 -0.5919 80 200 120
-0.2072 -5.3680 -0.0791 80 200 120
-1.2042 -4.2840 -0.7220 80 200 120
-0.2359 -4.1714 -1.9520 80 200 120
-1.9101 -3.2076 -1.0843 80 200 120
-2.7928 -2.6477 -1.5833 80 200 120
-2.0921 -3.0146 -1.0663 80 200 120
-3.7330 -1.3355 -1.0772 80 200 120
0.2992 -5.3150 -1.5285 80 200 120
3.9299 -2.9833 -4.2243 80 200 120
3.1187 -5.1091 -4.7075 80 200 120
4.4989 -3.6371 -3.5881 80 200 120
4.2859 -2.8685 -3.7812 80 200 120
4.0791 -0.2244 -4.7193 80 200 120
-0.3891 -1.0967 -2.0530 80 200 120
2.8382 0.5106 -3.6430 80 200 120
2.9510 -5.6295 -4.3731 80 200 120
5.3001 -3.3416 -3.8547 80 200 120
3.8884 -5.8620 -4.4993 80 200 120
1.9392 1.2240 -3.6629 80 200 120
3.5136 -1.6970 -4.4959 80 200 120
1.9930 -2.3201 -3.8393 80 200 120
-0.1482 -0.8113 -3.8172 80 200 120
4.3168 -0.0457 -3.9318 80 200 120
1.6807 1.5953 -4.0529 80 200 120
3.7976 -1.8407 -4.0081 80 200 120
0.8560 -4.3020 -4.4295 80 200 120
-1.0803 -2.7545 -4.2826 80 200 120
-0.0796 -1.1642 -1.9882 80 200 120
2.5673 0.4668 -4.5450 80 200 120
0.4332 2.0027 -4.4008 80 200 120
5.7550 -1.0781 -4.2480 80 200 120
1.9953 -2.0133 -4.7053 80 200 120
-1.4933 -3.3662 -4.5466 80 200 120
-0.4708 -3.3228 -4.5742 80 200 120
2.2214 1.7609 -3.3776 80 200 120
1.4310 1.3106 -4.6274 80 200 120
-0.3686 -3.9318 -4.1298 80 200 120
4.0736 -3.9006 -3.9199 80 200 120
3.5987 -7.4238 -4.5583 80 200 120
1.0209 1.5374 -4.5711 80 200 120
8.2843 -2.4804 -5.0330 80 200 120
2.4449 1.0657 -3.4414 80 200 120
-3.7896 -1.7386 -4.7089 80 200 120
1.7907 1.7794 -3.5050 80 200 120
1.7861 -4.3178 -4.7404 80 200 120
0.2413 -0.9980 -3.7954 80 200 120
3.2986 -2.3480 -4.3762 80 200 120
2.0684 0.7133 -4.4307 80 200 120
2.4664 -2.2611 -3.9230 80 200 120
4.6936 -5.5410 -4.3168 80 200 120
0.8206 1.9175 -3.3765 80 200 120
-2.8094 -1.9608 -3.8927 80 200 120
1.5811 -5.8996 -4.6072 80 200 120
-0.3454 -0.9556 -2.3219 80 200 120
4.9713 -1.1070 -4.5680 80 200 120
1.2742 2.1852 -3.4746 80 200 120
2.7903 -3.2997 -4.3747 80 200 120
1.8173 -2.3339 -4.3382 80 200 120
0.2466 -3.2141 -4.7581 80 200 120
2.4891 -6.5017 -4.6231 80 200 120
2.8384 0.8121 -3.4112 80 200 120
6.9484 -2.9993 -5.0318 80 200 120
3.1121 -1.4167 -4.7335 80 200 120
0.2907 -0.6157 -3.6191 80 200 120
13.0221 -1.8729 -0.2700 80 200 120
0.9136 -0.6895 -4.0888 80 200 120
0.9992 -2.2034 -4.7552 80 200 120
-0.8023 2.0662 -4.7296 80 200 120
3.6374 -0.9091 -4.7799 80 200 120
25.6216 -5.7523 -0.6009 80 200 120
-1.8496 0.8127 -4.7157 80 200 120
-0.0512 -3.5075 -4.1713 80 200 120
4.4221 -8.9309 -0.2617 80 200 120
1.5212 -3.7203 -4.7920 80 200 120
3.7045 -3.5577 -4.7673 80 200 120
1.9612 -6.3908 -2.8926 80 200 120
0.6294 -3.6204 -4.8058 80 200 120
-0.8686 -3.4278 -4.3806 80 200 120
5.5749 -1.7339 -4.7485 80 200 120
2.0076 -1.3947 -4.7476 80 200 120
1.2998 1.6564 -3.4085 80 200 120
12.3164 -5.8540 -0.2539 80 200 120
0.9655 -1.5223 -4.4807 80 200 120
1.7624 1.2950 -4.3429 80 200 120
0.0916 -4.3493 -4.1757 80 200 120
0.8058 2.5505 -3.4167 80 200 120
2.8171 -4.2706 -4.7787 80 200 120
-1.9367 -2.0220 -4.4063 80 200 120
0.0398 0.0921 -4.0202 80 200 120
-2.9897 -0.6927 -4.6669 80 200 120
-2.0445 -2.1174 -3.5575 80 200 120
-1.0343 1.5869 -4.7828 80 200 120
0.0552 -2.4060 -4.6649 80 200 120
1.7942 0.9716 -4.6747 80 200 120
-0.1249 -0.1964 -3.7440 80 200 120
-2.8697 -2.3044 -3.9398 80 200 120
-1.2188 -2.0018 -3.1303 80 200 120
1.0006 -5.6141 -1.8937 80 200 120
-1.2887 -0.8053 -4.7000 80 200 120
1.0496 -0.2907 -4.7078 80 200 120
3.1253 -5.5181 -0.7035 80 200 120
4.0864 -6.5224 -1.2354 80 200 120
3.3262 1.1663 -1.7076 80 200 120
7.0281 -2.0063 -1.9501 80 200 120
1.6929 2.0333 -0.0564 80 200 120
5.7053 -5.2723 -0.9348 80 200 120
3.1129 1.4470 -0.4071 80 200 120
3.7544 1.0851 -0.4724 80 200 120
3.0388 1.5653 -0.9578 80 200 120
4.6440 0.4648 -1.0359 80 200 120
5.9418 -0.5966 -2.8047 80 200 120
8.5361 -8.7593 -2.8698 80 200 120
5.8679 -1.1417 -2.9167 80 200 120
2.6858 -6.7625 -0.0283 80 200 120
4.8858 0.1554 -2.7917 80 200 120
3.5617 1.5599 -1.9578 80 200 120
3.0780 1.9046 -0.9532 80 200 120
3.2201 -6.8241 -0.9516 80 200 120
0.3714 3.8525 -1.4910 80 200 120
-2.1442 0.3424 -0.4086 80 200 120
0.3516 3.6444 -0.8758 80 200 120
-0.7238 2.3415 -0.9668 80 200 120
-1.0667 1.6848 -0.0198 80 200 120
-0.4336 2.6872 -1.0162 80 200 120
-1.7901 1.0053 -0.6639 80 200 120
-3.7759 0.9449 -0.2547 80 200 120
-0.1442 3.0207 -1.2558 80 200 120
-1.3878 1.6398 -0.9861 80 200 120
-1.1937 2.0944 -0.4975 80 200 120
-1.0663 2.2819 -0.4911 80 200 120
-2.7717 1.7586 -0.2139 80 200 120
-0.9036 2.5442 -0.2882 80 200 120
-1.2120 1.7643 -0.7910 80 200 120
-1.7869 0.9253 -0.3400 80 200 120
-7.1263 2.6262 -0.3960 80 200 120
-1.7613 1.2971 -0.2545 80 200 120
-1.5483 1.7025 -0.8316 80 200 120
-0.4537 2.6812 -0.4774 80 200 120
0.6924 3.7169 -0.9024 80 200 120
0.0247 3.3242 -1.2643 80 200 120
-1.0191 1.8956 -0.9930 80 200 120
-1.1550 1.8288 -0.9555 80 200 120
-0.2885 2.8253 -0.4275 80 200 120
-0.4989 2.9867 -0.8073 80 200 120
-0.0321 3.3092 -0.4136 80 200 120
0.1621 3.6449 -0.3275 80 200 120
-0.7196 2.4796 -0.5490 80 200 120
-1.0177 2.1311 -0.0199 80 200 120
-1.7455 1.1278 -0.6996 80 200 120
-0.4519 3.2279 -0.1954 80 200 120
-2.7092 -2.6623 -1.9466 80 200 120
-2.3718 -0.5566 0.0258 80 200 120
0.9810 -5.4238 -1.7943 80 200 120
-3.6590 -2.0639 -0.4606 80 200 120
3.7373 -8.9207 -1.4329 80 200 120
-3.5201 -1.1884 -0.2741 80 200 120
-3.1593 -2.7315 -0.4016 80 200 120
-3.0617 -1.0874 0.0189 80 200 120
-0.1803 -5.2390 -0.4301 80 200 120
-3.1420 -2.8326 -0.7960 80 200 120
-1.8293 -0.5071 -0.0854 80 200 120
-2.4096 -3.5372 -0.7853 80 200 120
-1.8493 -3.3005 -1.3701 80 200 120
-2.9612 -2.9249 -0.2879 80 200 120
-1.4361 -3.6882 -1.5859 80 200 120
-1.7614 -3.5474 -0.8747 80 200 120
-3.5386 -2.1757 -0.8269 80 200 120
1.0578 -5.9590 -0.4646 80 200 120
-2.8498 -2.1738 0.0139 80 200 120
-3.3147 -2.0214 0.0553 80 200 120
-0.7642 -4.2715 -1.1404 80 200 120
-3.7256 -1.4848 -0.7041 80 200 120
-3.5168 -2.0337 -1.1518 80 200 120
-1.4126 -4.1231 -0.8386 80 200 120
-2.2409 -3.5032 -0.3809 80 200 120
4.2692 -8.3265 -0.5174 80 200 120
-3.0629 -2.5693 -1.7915 80 200 120
0.6475 -1.8032 -4.6162 80 200 120
0.6774 -5.2449 -4.4835 80 200 120
1.4707 -1.2657 -4.7594 80 200 120
2.6689 -1.8754 -4.7940 80 200 120
2.9799 -0.9515 -4.7854 80 200 120
-2.1472 -0.8920 -4.7849 80 200 120
-0.4916 -0.6391 -4.0079 80 200 120
2.1935 1.2694 -3.4910 80 200 120
0.3549 1.0145 -4.8384 80 200 120
-0.2764 -1.0128 -3.3238 80 200 120
1.1332 1.5832 -4.0799 80 200 120
2.2129 0.7889 -3.5984 80 200 120
10.1569 -3.2269 -4.4702 80 200 120
2.6980 -7.0663 -2.6873 80 200 120
4.6300 -0.5604 -3.7462 80 200 120
-3.2213 -2.3408 -3.1308 80 200 120
-3.7585 -2.1272 -2.7999 80 200 120
2.4636 -5.2684 -4.8840 80 200 120
1.3080 -2.9978 -4.7840 80 200 120
6.6884 -4.2348 -2.7144 80 200 120
2.6277 1.4929 -3.5198 80 200 120
17.1180 -6.8493 -4.1485 80 200 120
-1.4973 1.1635 -4.8167 80 200 120
4.8981 -7.2609 -1.3795 80 200 120
4.6259 -1.1115 -5.0624 80 200 120
0.8521 0.5163 -4.8105 80 200 120
-2.5115 -2.8638 -3.2525 80 200 120
0.4364 -0.1115 -4.2856 80 200 120
2.1098 -0.1113 -4.8532 80 200 120
-1.9126 -3.6250 -4.3146 80 200 120
-0.3538 0.0867 -4.1978 80 200 120
0.7789 1.8682 -4.3819 80 200 120
5.2575 -8.4027 -0.2539 80 200 120
3.9962 0.6970 -3.1761 80 200 120
2.1733 -3.7208 -4.6308 80 200 120
3.7830 -7.6757 -2.4343 80 200 120
-0.4670 -0.2159 -4.0000 80 200 120
2.8752 -0.3372 -4.8216 80 200 120
-2.3611 -2.9610 -4.2345 80 200 120
0.8553 -5.5938 -0.0581 80 200 120
7.3429 -0.9360 -1.2410 80 200 120
2.9966 -7.2627 -1.7786 80 200 120
-2.6560 -2.8104 -2.6744 80 200 120
0.1740 -0.2584 -3.6227 80 200 120
-1.7418 -1.6945 -4.4098 80 200 120
1.9387 -0.9416 -4.7820 80 200 120
7.0073 -4.0489 -3.4926 80 200 120
-3.7399 -1.7734 -3.6607 80 200 120
0.6245 -5.4080 -2.2059 80 200 120
-3.4453 -1.3309 -4.6337 80 200 120
6.4740 -3.3941 -0.7929 80 200 120
-1.2678 1.6473 -3.6669 80 200 120
-2.5268 -1.3690 -4.8370 80 200 120
0.2935 0.2155 -4.6772 80 200 120
-1.2846 -1.1022 -4.1789 80 200 120
-0.6890 0.7971 -4.7683 80 200 120
1.3526 0.2662 -4.7810 80 200 120
0.2388 -5.0549 -2.8423 80 200 120
-0.6577 -1.0815 -2.3100 80 200 120
2.2461 -2.1548 -4.4200 80 200 120
4.5848 0.4346 -3.0600 80 200 120
0.9951 1.1391 -4.7833 80 200 120
-0.6810 1.3012 -4.7980 80 200 120
0.7801 -2.9873 -4.7738 80 200 120
1.4545 -5.1315 -4.7491 80 200 120
-3.3478 -1.0066 -3.8515 80 200 120
3.2373 1.1074 -3.4545 80 200 120
-0.1711 1.8436 -4.8224 80 200 120
5.4865 -0.4835 -3.2663 80 200 120
6.4963 -1.5081 -1.4736 80 200 120
-2.3329 0.0997 -4.7599 80 200 120
-1.0000 0.2812 -4.7404 80 200 120
-1.2217 -3.9687 -3.8624 80 200 120
4.7604 -1.6728 -4.8177 80 200 120
7.8856 -3.3021 -4.4750 80 200 120
6.0649 -1.2208 -3.0170 80 200 120
1.5901 -0.1541 -4.8442 80 200 120
-2.8262 -0.3051 -4.6567 80 200 120
-2.1952 -3.2096 -2.0631 80 200 120
-0.5920 -4.3826 -2.9518 80 200 120
4.9477 0.7412 -4.9786 80 200 120
-2.6638 -1.6114 -4.2251 80 200 120
0.0914 -1.7917 -4.5260 80 200 120
-0.3435 0.9380 -4.8216 80 200 120
-1.0550 -4.1193 -1.9252 80 200 120
-0.6505 -0.9530 -3.0965 80 200 120
-1.6010 -3.5471 -1.2074 80 200 120
4.1638 -5.0141 -4.7412 80 200 120
-2.8711 -2.7038 -1.2580 80 200 120
5.0736 -5.7645 -2.7412 80 200 120
-1.7319 -0.4421 -4.6974 80 200 120
6.0937 -4.9827 -1.3339 80 200 120
0.0192 -4.9618 -0.5280 80 200 120
4.3375 -7.2271 -1.8843 80 200 120
0.4037 -5.1694 -0.4445 80 200 120
1.4782 -6.1091 -1.7434 80 200 120
-2.8361 -0.2993 -3.7186 80 200 120
1.5131 -0.7861 -4.7918 80 200 120
0.5993 -0.4272 -3.8738 80 200 120
8.9983 -4.0970 -3.0831 80 200 120
-0.4524 -4.7984 -0.3042 80 200 120
0.4524 2.1365 -3.1673 80 200 120
0.4290 1.8775 -3.3231 80 200 120
-0.4630 2.2502 -4.8829 80 200 120
3.8844 -0.4824 -5.1976 80 200 120
-3.7351 -1.9380 -2.2305 80 200 120
3.8370 -2.1917 -3.5948 80 200 120
-0.0228 3.0117 -4.7229 80 200 120
-0.1019 2.3440 -4.8176 80 200 120
0.4859 2.4016 -3.5226 80 200 120
1.9817 -2.4530 -3.8887 80 200 120
-0.2272 -0.7771 -3.7779 80 200 120
2.3402 0.3436 -4.1831 80 200 120
2.2189 -2.1942 -3.9426 80 200 120
1.6669 1.5383 -4.0108 80 200 120
0.4660 -4.1329 -4.3063 80 200 120
-1.5362 -3.4866 -4.5815 80 200 120
1.3677 1.3320 -4.7251 80 200 120
2.4014 0.7926 -3.4039 80 200 120
-0.1111 -1.1684 -1.9663 80 200 120
-0.4362 -3.9164 -4.1555 80 200 120
-0.5554 -3.3962 -4.5757 80 200 120
0.1934 2.8368 -3.8385 80 200 120
0.3905 2.0055 -4.5773 80 200 120
-3.6670 -1.6978 -4.5149 80 200 120
0.1900 -1.0993 -3.8331 80 200 120
2.2184 -2.1161 -4.5823 80 200 120
1.7378 -2.3622 -4.2898 80 200 120
1.0039 1.7498 -3.5361 80 200 120
1.1020 1.5649 -5.0356 80 200 120
0.4128 2.0674 -3.6575 80 200 120
-2.6202 -1.8015 -3.7015 80 200 120
1.6481 -4.4319 -4.8057 80 200 120
-0.1528 -3.5140 -4.2028 80 200 120
0.3690 -3.6346 -4.7084 80 200 120
1.5772 -3.6141 -4.8392 80 200 120
-0.1164 -0.0086 -3.9524 80 200 120
0.7490 1.9109 -3.4615 80 200 120
1.9810 1.0190 -3.5849 80 200 120
1.1757 2.0800 -3.4767 80 200 120
1.5242 -5.9444 -4.5566 80 200 120
-3.0162 -0.7670 -4.5991 80 200 120
-1.1009 1.5581 -4.7785 80 200 120
-0.5510 -1.1182 -3.3811 80 200 120
0.9513 -1.5073 -4.4277 80 200 120
-0.3952 -1.0400 -3.7283 80 200 120
0.7487 1.7712 -4.8020 80 200 120
-1.1350 -1.3818 -2.8563 80 200 120
-0.5185 2.2631 -4.8455 80 200 120
2.1319 0.6760 -4.8792 80 200 120
0.6402 -1.9733 -4.7567 80 200 120
-1.4848 -1.6858 -2.8570 80 200 120
2.8795 -3.4716 -4.4988 80 200 120
0.2359 -0.6569 -3.6445 80 200 120
-1.9149 0.7448 -4.6875 80 200 120
0.8770 -0.7675 -4.1555 80 200 120
-1.4567 -2.2663 -3.6414 80 200 120
1.6841 1.7288 -3.5825 80 200 120
0.9414 -5.6944 -4.2898 80 200 120
0.4883 -4.9116 -4.3778 80 200 120
-0.0085 2.4114 -3.9837 80 200 120
-1.3622 -0.8577 -4.6756 80 200 120
2.2869 -1.5788 -4.7995 80 200 120
-2.2561 -2.6159 -2.9564 80 200 120
-2.1363 -0.8099 -4.7403 80 200 120
-1.4956 1.2617 -4.7006 80 200 120
-0.8339 -3.5786 -4.2921 80 200 120
-1.9033 -3.5861 -4.1899 80 200 120
-2.5535 -1.3684 -4.7673 80 200 120
0.9147 -0.1076 -4.8159 80 200 120
0.4270 -5.3189 -2.6647 80 200 120
0.8299 -3.6032 -4.8547 80 200 120
1.2115 -4.7630 -4.5187 80 200 120
-3.4685 -1.8180 -3.7819 80 200 120
1.1722 -3.0255 -4.8671 80 200 120
-3.4325 -1.9532 -2.5615 80 200 120
1.6505 0.5545 -4.8732 80 200 120
1.7779 0.9468 -4.7453 80 200 120
-0.0026 -0.4951 -3.6372 80 200 120
2.1914 -6.2529 -4.9994 80 200 120
-0.4245 2.7515 -3.3416 80 200 120
-2.7520 -0.3693 -4.6511 80 200 120
0.3152 0.9052 -4.8883 80 200 120
0.7182 -3.0369 -4.7976 80 200 120
1.4386 -1.2896 -4.7401 80 200 120
2.0027 -4.0733 -4.7409 80 200 120
-0.0303 -4.2464 -4.1502 80 200 120
-1.4643 1.3685 -3.0232 80 200 120
-2.4972 0.0100 -2.2355 80 200 120
-1.5300 -1.2732 -3.9898 80 200 120
-0.6053 -4.4859 -3.0321 80 200 120
-2.3250 0.3149 -3.9643 80 200 120
0.7197 0.5044 -4.8551 80 200 120
1.6949 1.2954 -4.2696 80 200 120
-0.0586 1.9290 -4.8691 80 200 120
0.1883 -0.1159 -4.1182 80 200 120
-2.3886 -2.9730 -4.1749 80 200 120
0.9274 -2.5585 -4.8251 80 200 120
-1.1822 0.8427 -4.8569 80 200 120
2.6090 0.0642 -4.8484 80 200 120
-0.7452 -0.7932 -4.2032 80 200 120
-2.1782 -1.8570 -2.7312 80 200 120
-3.7315 -1.9494 -2.1673 80 200 120
1.8211 -0.0998 -4.8738 80 200 120
-1.7265 -3.6092 -1.2602 80 200 120
0.5497 -0.4557 -3.8567 80 200 120
-3.0956 -1.6342 -4.6249 80 200 120
1.5908 -2.9156 -4.6172 80 200 120
2.5267 2.0260 -0.4299 80 200 120
4.5532 -3.7348 -2.2964 80 200 120
6.1418 -1.4555 -2.0416 80 200 120
3.1023 1.6503 -1.5379 80 200 120
3.2288 1.4320 -1.4224 80 200 120
2.2624 2.1772 -0.8938 80 200 120
2.6554 1.9576 -0.8304 80 200 120
-0.4179 2.7063 -1.3306 80 200 120
-0.7371 2.2256 -1.1483 80 200 120
-2.0308 0.6405 -0.6159 80 200 120
-0.6042 2.4249 -1.2881 80 200 120
1.2772 3.3326 -0.3331 80 200 120
-0.6602 2.7308 -0.7589 80 200 120
0.6891 3.7068 -0.1755 80 200 120
0.9290 3.0268 -0.3957 80 200 120
1.1358 3.0531 -0.1075 80 200 120
0.8810 3.2713 -0.1037 80 200 120
-27.7169 12.6488 -0.4752 80 200 120
0.9892 3.1078 -0.6468 80 200 120
-0.2864 2.9848 -0.9431 80 200 120
0.0802 3.3852 -0.6266 80 200 120
-1.3048 2.1918 -0.2591 80 200 120
-1.8213 1.6612 -0.0072 80 200 120
-1.3995 1.5006 -0.5300 80 200 120
-1.4926 1.8592 -0.3174 80 200 120
-1.6758 1.4533 -0.6730 80 200 120
-1.4372 1.6070 -0.2013 80 200 120
-1.4744 1.8639 -0.1278 80 200 120
-1.2150 1.8724 -0.5638 80 200 120
-2.1565 0.5267 -0.5906 80 200 120
2.7918 -7.3562 -2.4435 80 200 120
1.2557 -5.8702 -1.3544 80 200 120
0.5806 -5.2412 -1.3076 80 200 120
0.5961 -6.2215 -2.3363 80 200 120
1.7989 -6.3634 -1.6975 80 200 120
-4.2706 -1.4756 -1.4392 80 200 120
0.3963 -5.4714 -0.9231 80 200 120
28.2870 -6.6500 -0.5725 80 200 120
30.2877 -14.5865 -0.4836 80 200 120
16.9972 -12.7642 -0.5798 80 200 120
-2.7909 -2.5717 -2.9939 80 200 120
1.6814 0.5762 -4.7838 80 200 120
9.5631 -3.1175 -0.8367 80 200 120
5.0523 -9.6148 -1.1741 80 200 120
0.6312 -0.8468 -3.6443 80 200 120
-0.2030 -1.2932 -3.1595 80 200 120
2.6536 -7.0669 -0.5572 80 200 120
3.7840 -8.1894 -1.3756 80 200 120
3.3900 -2.4806 -4.7078 80 200 120
-0.5104 -0.1528 -4.0589 80 200 120
-0.6965 -1.0565 -2.5294 80 200 120
2.4550 -5.3825 -5.0697 80 200 120
-0.7258 1.3250 -4.7452 80 200 120
1.8037 -1.6981 -4.8655 80 200 120
-2.3446 0.0840 -4.6796 80 200 120
-3.6675 -1.7006 -3.2663 80 200 120
-1.1972 -3.8482 -3.7496 80 200 120
-3.7129 -1.6626 -1.8270 80 200 120
-0.4682 0.1325 -4.2366 80 200 120
-1.6589 -0.5610 -4.6293 80 200 120
2.4865 0.6372 -3.9115 80 200 120
-2.1858 -1.5242 -3.9776 80 200 120
-1.1259 0.3738 -4.6979 80 200 120
-0.9957 -0.0025 -4.5250 80 200 120
1.6217 -2.2670 -4.9165 80 200 120
-2.2762 -2.2388 -2.5975 80 200 120
2.4776 -3.8220 -4.8209 80 200 120
-2.7700 -0.3332 -2.7600 80 200 120
1.1870 0.2953 -4.7223 80 200 120
-0.7231 0.8693 -4.7381 80 200 120
1.4304 -0.7804 -4.6948 80 200 120
-1.0623 -4.0204 -2.1068 80 200 120
-1.1543 -1.0427 -4.1259 80 200 120
1.1384 1.5995 -3.8728 80 200 120
2.0543 -0.9838 -4.7309 80 200 120
-2.4966 -2.6857 -2.5411 80 200 120
-0.3095 1.0965 -4.7334 80 200 120
-1.2603 -0.2832 -4.5540 80 200 120
-0.7757 1.9468 -4.8205 80 200 120
1.1819 -0.4281 -4.6470 80 200 120
-1.2930 1.6524 -3.6529 80 200 120
0.4930 1.3519 -4.7327 80 200 120
-0.5863 -4.3765 -3.6950 80 200 120
-3.9022 -1.7936 -1.0527 80 200 120
3.0688 -0.9699 -4.9101 80 200 120
-3.1684 -1.1654 -4.5829 80 200 120
-2.7281 -2.6102 -1.2598 80 200 120
0.6102 -0.9110 -3.6960 80 200 120
-2.6409 -0.2115 -2.1625 80 200 120
-1.5351 0.1307 -4.6885 80 200 120
2.0743 -0.6478 -4.7564 80 200 120
-0.5494 2.6333 -3.6770 80 200 120
-2.2776 0.3126 -2.8696 80 200 120
0.8692 2.5667 -3.3940 80 200 120
-1.4803 1.3464 -2.5546 80 200 120
-2.1555 -3.0767 -1.9706 80 200 120
2.0749 1.4452 -3.7970 80 200 120
0.8123 -3.8964 -4.5089 80 200 120
-0.1391 -3.1113 -4.5563 80 200 120
-0.4263 -1.1144 -2.0976 80 200 120
-1.0697 -2.7199 -4.1803 80 200 120
3.2097 -1.5612 -4.9715 80 200 120
0.1121 -1.7128 -4.4327 80 200 120
-2.5339 -2.9161 -0.9414 80 200 120
1.4409 1.9685 -3.4612 80 200 120
2.3451 1.8860 -3.6408 80 200 120
2.5071 -6.6962 -4.6286 80 200 120
2.6785 -1.8630 -4.7978 80 200 120
0.1221 -2.4557 -4.7393 80 200 120
0.3287 3.5318 -4.1198 80 200 120
-0.5157 -1.0669 -2.7074 80 200 120
0.2968 3.6089 -3.6350 80 200 120
-0.2044 -1.2534 -2.8758 80 200 120
4.4959 -3.4262 -4.9154 80 200 120
4.0627 -0.2122 -4.7752 80 200 120
0.5004 2.3535 -3.3496 80 200 120
4.5114 -2.9963 -4.0016 80 200 120
4.5848 -3.5607 -3.6417 80 200 120
2.8451 0.5548 -3.7314 80 200 120
4.0182 -0.0142 -3.6755 80 200 120
1.6299 1.5473 -3.9029 80 200 120
5.4435 -3.4579 -3.9996 80 200 120
3.7563 -1.8258 -4.0356 80 200 120
2.6998 0.5122 -4.7651 80 200 120
1.9240 1.2164 -3.5951 80 200 120
2.2128 1.7769 -3.3937 80 200 120
1.9448 -2.2652 -3.7760 80 200 120
3.6369 -3.3263 -4.4136 80 200 120
1.3728 1.4017 -4.5451 80 200 120
3.4246 -1.6421 -4.4091 80 200 120
6.9279 -2.0214 -4.2394 80 200 120
5.5078 -0.9520 -4.1001 80 200 120
0.8619 -4.3959 -4.6558 80 200 120
1.9419 -1.9814 -4.6240 80 200 120
3.3296 -5.2110 -4.9060 80 200 120
0.4016 2.0260 -4.4687 80 200 120
0.2630 2.6491 -3.4728 80 200 120
2.6590 -2.5094 -4.0675 80 200 120
2.3318 0.9635 -3.3298 80 200 120
1.7695 1.8345 -3.4565 80 200 120
4.8776 -0.9718 -4.6587 80 200 120
0.7614 2.0085 -3.4468 80 200 120
3.2578 -2.2471 -3.9622 80 200 120
0.2200 -0.9420 -3.6230 80 200 120
1.7205 -2.1507 -3.8521 80 200 120
-2.8307 -0.6322 -4.4647 80 200 120
-0.3625 -0.9888 -3.4654 80 200 120
1.3576 2.0228 -3.3523 80 200 120
-1.8146 0.7955 -4.5926 80 200 120
5.5741 -1.6306 -4.9653 80 200 120
6.3280 -3.1349 -4.3113 80 200 120
0.2454 -0.5697 -3.6287 80 200 120
-0.1001 0.0593 -3.9376 80 200 120
0.8604 -1.2374 -4.3088 80 200 120
0.9054 1.3971 -4.1263 80 200 120
1.6459 -4.2213 -4.7078 80 200 120
3.5935 -0.9222 -4.7478 80 200 120
0.8986 -0.6732 -4.2994 80 200 120
1.7973 -3.3428 -4.7255 80 200 120
0.9889 -2.1850 -4.7206 80 200 120
2.9913 -1.3877 -4.7160 80 200 120
2.2389 0.7577 -4.9459 80 200 120
2.9016 0.8795 -3.5521 80 200 120
3.9663 -4.1257 -4.1280 80 200 120
2.0976 1.2674 -3.2895 80 200 120
3.9610 -1.8901 -3.6398 80 200 120
5.9588 -2.1987 -4.6349 80 200 120
2.4507 -1.9472 -3.9777 80 200 120
1.8078 0.9829 -4.7427 80 200 120
2.6314 -3.1946 -4.3570 80 200 120
0.3174 3.6411 -3.6308 80 200 120
3.0691 -2.0220 -4.3534 80 200 120
4.2381 -1.0942 -4.6740 80 200 120
7.0621 -2.7802 -4.5549 80 200 120
2.7301 1.2374 -3.2756 80 200 120
-0.8124 2.1287 -4.7525 80 200 120
-0.4118 -0.5205 -3.8585 80 200 120
0.0119 2.4204 -3.8027 80 200 120
0.7768 1.8614 -4.1417 80 200 120
0.8388 0.5456 -4.7996 80 200 120
1.7928 -1.1885 -4.7526 80 200 120
3.6837 -0.4000 -4.9936 80 200 120
-1.2030 -0.7050 -4.3941 80 200 120
0.9536 -0.1816 -4.7185 80 200 120
1.0270 1.7507 -3.3987 80 200 120
-1.5053 1.1370 -4.5927 80 200 120
0.2846 0.9851 -4.8002 80 200 120
-1.0805 1.6003 -4.6678 80 200 120
1.3140 -3.5191 -4.6496 80 200 120
1.1856 -2.9209 -4.7796 80 200 120
0.2059 -0.0791 -3.7357 80 200 120
-1.4619 1.3898 -3.0292 80 200 120
0.5360 -1.2440 -3.9219 80 200 120
0.0538 -0.3984 -3.5532 80 200 120
0.8337 -3.4073 -4.6889 80 200 120
2.4051 -1.4986 -4.7311 80 200 120
-0.7061 1.3935 -4.7051 80 200 120
6.3006 -1.1733 -3.0871 80 200 120
-0.1198 2.3352 -4.5112 80 200 120
2.0721 -0.0333 -4.8033 80 200 120
-2.4432 0.0482 -4.6103 80 200 120
4.0470 0.7662 -3.2505 80 200 120
-1.0782 0.0622 -4.6136 80 200 120
0.9297 2.3987 -3.3793 80 200 120
-2.3712 -0.3207 -4.6988 80 200 120
0.3421 -2.5069 -4.6588 80 200 120
-2.1060 -0.7825 -4.7548 80 200 120
-2.7235 -1.1900 -4.8022 80 200 120
1.2115 -1.0125 -4.5449 80 200 120
4.0271 -5.1742 -4.7285 80 200 120
1.2302 2.9933 -1.6320 80 200 120
-0.6293 -0.3039 -3.9750 80 200 120
4.3340 -0.2453 -3.3920 80 200 120
-0.2559 2.9429 -2.4678 80 200 120
1.0633 1.5771 -3.7706 80 200 120
2.8133 -0.8443 -4.7975 80 200 120
0.5020 -0.7350 -3.5788 80 200 120
8.3019 -2.7796 -3.1357 80 200 120
0.5418 -0.4165 -3.8140 80 200 120
-3.4045 -2.8085 -5.4520 80 200 120
0.2586 3.5685 -1.8306 80 200 120
1.5543 -0.1027 -4.7807 80 200 120
-0.0441 1.9569 -4.8079 80 200 120
6.2657 -4.4893 -3.6946 80 200 120
-2.2161 0.4499 -3.6156 80 200 120
-0.3834 2.7833 -3.2710 80 200 120
-1.7073 -0.3767 -4.6395 80 200 120
-1.2842 1.6690 -3.6421 80 200 120
0.7727 -2.7205 -4.6739 80 200 120
0.5520 1.3345 -4.6803 80 200 120
-0.9614 2.0362 -2.0347 80 200 120
-3.3088 -0.9211 -4.0394 80 200 120
7.4639 -4.5755 -3.4410 80 200 120
1.1850 3.0304 -2.7252 80 200 120
1.3145 0.3590 -4.6371 80 200 120
5.6984 -0.2801 -1.8929 80 200 120
7.8066 -2.3809 -3.7209 80 200 120
5.9885 -0.5822 -3.5518 80 200 120
6.1030 -0.9579 -2.4967 80 200 120
1.5542 2.7334 -2.9574 80 200 120
0.6910 3.4352 -1.9316 80 200 120
2.5546 1.6146 -3.3818 80 200 120
1.5765 -2.4178 -4.7172 80 200 120
1.6462 -1.6890 -4.6268 80 200 120
7.5273 -3.2717 -3.7553 80 200 120
-0.3670 0.8735 -4.7294 80 200 120
6.8621 -3.5879 -3.9410 80 200 120
-0.9575 0.5861 -4.6822 80 200 120
-1.5484 0.6310 -4.7789 80 200 120
4.9907 0.2614 -1.5800 80 200 120
2.9189 0.1096 -4.4967 80 200 120
2.0763 -0.4893 -4.6936 80 200 120
1.5917 2.7187 -2.0390 80 200 120
-1.7641 -1.3318 -4.5730 80 200 120
-1.0188 1.9763 -2.5587 80 200 120
7.4577 -1.6442 -1.7698 80 200 120
1.5803 -0.6752 -4.7334 80 200 120
-0.2085 -0.7408 -3.6662 80 200 120
0.4642 -5.1252 -5.4630 80 200 120
0.2365 2.2502 -3.8257 80 200 120
-3.8950 -1.7125 -4.7777 80 200 120
4.0579 -3.2622 -3.7870 80 200 120
3.4468 0.5971 -3.8335 80 200 120
0.6072 -1.8113 -4.5745 80 200 120
-0.2719 -3.4853 -4.3888 80 200 120
-0.1825 -0.2060 -3.7382 80 200 120
-3.2048 -1.5858 -4.6539 80 200 120
2.7647 -4.6041 -5.0931 80 200 120
-0.1205 -3.1085 -4.6268 80 200 120
-0.0490 -1.0329 -3.1888 80 200 120
2.2016 -3.4754 -4.6404 80 200 120
-3.1607 -1.0614 -4.5364 80 200 120
0.1344 -3.3740 -4.5302 80 200 120
-2.4666 -2.7346 -5.4502 80 200 120
-3.3821 -2.0304 -4.5768 80 200 120
10.2679 -1.5067 -0.3145 80 200 120
12.9892 -4.2194 -1.1640 80 200 120
3.3937 1.1696 -1.1410 80 200 120
3.7103 0.9266 -1.8408 80 200 120
4.3100 0.5231 -1.8979 80 200 120
3.2724 1.3996 -1.0496 80 200 120
2.2560 -5.5563 -0.0587 80 200 120
6.0220 0.7262 -0.1552 80 200 120
5.2784 -5.1130 -1.9611 80 200 120
9.2521 -6.6880 -5.1175 80 200 120
5.4345 -5.2017 -2.7212 80 200 120
6.0768 -8.4093 -2.4701 80 200 120
2.9758 -7.1960 -0.4850 80 200 120
5.0052 -5.4011 -1.2144 80 200 120
4.5035 0.8846 -0.1717 80 200 120
-0.9329 2.4806 -0.6100 80 200 120
-2.3135 0.6662 -0.3903 80 200 120
-1.1271 2.2293 -0.6950 80 200 120
-0.9141 2.1988 -1.0785 80 200 120
-4.5833 1.9090 -0.3625 80 200 120
-2.3865 0.8668 -0.4303 80 200 120
-4.6966 0.8889 -0.2456 80 200 120
-0.1675 3.1282 -1.6175 80 200 120
-0.8452 2.2569 -0.7965 80 200 120
-1.8046 1.1121 -0.4707 80 200 120
-1.1952 2.0247 -0.8054 80 200 120
-1.4663 1.2393 -0.4095 80 200 120
-1.5126 1.1933 -0.5594 80 200 120
-1.0225 2.2295 -0.8637 80 200 120
-1.2429 1.3944 -1.0537 80 200 120
-1.2293 1.5574 -0.5469 80 200 120
0.1573 3.6996 -1.0321 80 200 120
-1.4235 1.3254 -0.8523 80 200 120
0.3566 3.8184 -1.3945 80 200 120
-3.6020 -0.0312 -0.0222 80 200 120
0.8043 3.3600 -0.7285 80 200 120
-2.7428 0.0678 -0.2415 80 200 120
-1.2757 1.6856 -1.1294 80 200 120
0.9026 3.3999 -1.2900 80 200 120
0.6063 3.5164 -1.1591 80 200 120
-2.4471 0.1247 -0.4520 80 200 120
1.5957 3.0635 -0.3329 80 200 120
1.0273 3.2037 -0.9595 80 200 120
-1.1122 1.9605 -1.2661 80 200 120
-1.6261 1.5105 -0.2329 80 200 120
-1.7521 1.1373 -0.9506 80 200 120
-3.4213 -0.9728 -0.6408 80 200 120
-0.4838 -4.4235 -1.9448 80 200 120
-0.3044 -4.5124 -1.6681 80 200 120
-2.4668 -3.8365 -0.1163 80 200 120
4.9786 -8.5280 -0.4111 80 200 120
4.8506 -6.8880 -0.7260 80 200 120
-4.6670 0.5789 -0.0467 80 200 120
-1.2124 -3.8667 -1.7976 80 200 120
2.4779 -6.1055 -1.5163 80 200 120
1.7199 -5.9031 -2.0475 80 200 120
5.6168 -7.7063 -0.2090 80 200 120
-1.3083 -3.5705 -1.9500 80 200 120
0.3764 4.0131 -4.6983 80 200 120
1.0660 1.7145 -3.4100 80 200 120
2.8727 1.2648 -3.3982 80 200 120
3.5577 -1.7342 -4.5896 80 200 120
2.8609 -5.7146 -4.3826 80 200 120
3.8091 -0.9892 -4.8317 80 200 120
3.6387 -1.3739 -4.8012 80 200 120
2.8733 -5.1001 -4.5728 80 200 120
2.8349 0.4927 -3.7458 80 200 120
2.3698 0.9906 -3.3895 80 200 120
2.5995 1.5390 -3.4629 80 200 120
0.5067 -1.2362 -3.8596 80 200 120
2.5813 0.7732 -3.8926 80 200 120
0.4969 -3.5504 -4.6003 80 200 120
2.1589 -2.0290 -4.2530 80 200 120
11.7204 -7.6927 -0.2054 80 200 120
5.7346 -4.8381 -1.8308 80 200 120
2.5112 1.3783 -0.1338 80 200 120
5.1045 -4.3472 -0.1576 80 200 120
1.8987 1.8412 -0.1076 80 200 120
-2.7572 -0.2811 -0.3434 80 200 120
-1.9675 0.9828 -1.0046 80 200 120
-2.1901 0.9580 -0.9044 80 200 120
1.4291 3.2248 -0.1533 80 200 120
3.8456 -6.8100 -0.9109 80 200 120
4.7272 -7.2882 -1.4366 80 200 120
5.0450 -10.2068 -0.1429 80 200 120
-1.0014 -4.0657 -1.9117 80 200 120
1.4819 -6.4159 -2.6086 80 200 120
4.2150 0.0665 -4.2106 80 200 120
5.8060 -1.0927 -4.3219 80 200 120
2.5688 0.7658 -3.3291 80 200 120
-0.2829 -2.8538 -4.7637 80 200 120
4.0272 0.7560 -3.1772 80 200 120
2.0718 -0.5021 -4.7066 80 200 120
6.2990 -4.5451 -3.5927 80 200 120
0.5110 2.3343 -3.3346 80 200 120
0.8025 2.6906 -3.5640 80 200 120
0.7821 1.9475 -3.3661 80 200 120
1.2565 2.1635 -3.4003 80 200 120
2.9044 -6.9639 -3.3871 80 200 120
0.5022 -1.1839 -3.8018 80 200 120
0.7505 -5.7639 -0.2209 80 200 120
-2.2045 0.4067 -3.6264 80 200 120
-3.3593 -1.6834 -4.3834 80 200 120
-3.6127 -2.0452 -2.7401 80 200 120
3.8049 -0.4268 -5.1745 80 200 120
2.5434 0.4260 -4.4938 80 200 120
0.2363 -0.0894 -4.5800 80 200 120
0.0405 -2.0472 -4.6566 80 200 120
4.7462 -1.8071 -4.5847 80 200 120
4.1392 -4.0156 -3.5928 80 200 120
-1.1234 -2.9262 -3.9881 80 200 120
-0.6338 -3.5716 -5.0912 80 200 120
1.3725 1.6254 -3.3411 80 200 120
6.7228 -1.2739 -3.3005 80 200 120
1.4919 2.1509 -0.1647 80 200 120
17.3451 -2.5493 -1.4498 80 200 120
2.7586 1.8862 -0.7118 80 200 120
6.3962 -3.7430 -3.1395 80 200 120
2.4776 1.9325 -0.4450 80 200 120
3.3086 1.3684 -1.3713 80 200 120
2.5912 -4.9226 -0.1221 80 200 120
3.1049 -5.1360 -0.2756 80 200 120
2.8646 1.4034 -0.9881 80 200 120
1.4550 2.5342 -0.8159 80 200 120
-2.6049 -0.0706 -0.4767 80 200 120
-0.5218 2.6382 -1.5891 80 200 120
-2.6157 0.1657 -0.6755 80 200 120
-0.3203 2.8803 -1.6755 80 200 120
0.4212 4.2738 -0.0915 80 200 120
1.9993 3.4129 -0.0856 80 200 120
-0.1434 3.7404 -0.3831 80 200 120
-0.4158 3.6662 -0.1256 80 200 120
1.2238 2.8675 -0.5940 80 200 120
-2.5773 0.4421 -0.5082 80 200 120
-4.0541 2.2481 0.0371 80 200 120
-0.8113 2.1236 -1.3597 80 200 120
-0.5236 3.4762 -0.4613 80 200 120
-0.3446 3.3884 -0.7085 80 200 120
-2.3970 1.1435 -0.5594 80 200 120
-4.1144 2.0320 -0.4027 80 200 120
-0.0665 2.8046 -1.5016 80 200 120
3.7456 -8.0208 -1.3569 80 200 120
-27.9440 2.5905 -0.2025 80 200 120
-3.7569 -0.2532 -0.1246 80 200 120
2.8893 -7.2754 -1.0731 80 200 120
3.1013 -8.4227 -2.7326 80 200 120
0.8465 -5.4585 -1.0984 80 200 120
-1.7364 -3.4254 -0.1271 80 200 120
-1.9761 -0.3591 -0.0760 80 200 120
6.1968 -7.3805 -0.2472 80 200 120
1.7925 -6.0566 -2.1106 80 200 120
0.2630 -4.9389 -1.4132 80 200 120
6.9833 -3.4885 -4.6251 80 200 120
-1.0086 1.5677 -4.6925 80 200 120
6.0428 -1.9848 -4.4118 80 200 120
4.4103 -1.9191 -3.6492 80 200 120
2.9233 -4.2591 -4.4977 80 200 120
2.9428 -1.3184 -4.7192 80 200 120
-0.5403 -2.3141 -4.4205 80 200 120
-0.1801 -1.2695 -2.0971 80 200 120
0.1953 -5.0731 -2.9286 80 200 120
0.0802 3.3458 -2.2546 80 200 120
3.1866 -4.7939 -4.5584 80 200 120
1.7081 1.2586 -4.1953 80 200 120
0.8578 -4.7755 -5.0381 80 200 120
0.4372 -5.3718 -5.7801 80 200 120
3.7433 -2.2017 -3.7531 80 200 120
3.6440 1.0351 -1.1620 80 200 120
7.2126 -2.2128 -3.1276 80 200 120
1.5745 1.8034 -0.0798 80 200 120
4.8842 0.2443 -2.0857 80 200 120
4.8154 0.3838 -2.4706 80 200 120
2.0191 1.7023 -0.1376 80 200 120
-2.1539 0.3325 -0.7566 80 200 120
-0.1215 3.3612 -0.8996 80 200 120
-1.1550 1.7468 -1.2125 80 200 120
-1.0543 1.9643 -1.0186 80 200 120
-1.4291 1.7903 -0.6349 80 200 120
0.6527 4.1503 -0.5488 80 200 120
-2.9636 -0.6633 -0.5680 80 200 120
4.3660 -6.6887 -1.3325 80 200 120
-2.9499 -1.9038 -1.3799 80 200 120
-3.9193 -1.1870 -0.8779 80 200 120
-2.1823 -3.0661 -1.9822 80 200 120
0.4985 -5.3181 -2.0304 80 200 120
-1.8729 -3.1174 -1.7252 80 200 120
-2.2786 -2.8574 -1.8149 80 200 120
4.4364 0.1539 -4.4288 80 200 120
13.9800 -2.0205 -0.2490 80 200 120
-0.2142 -1.2535 -2.1488 80 200 120
0.4356 1.8897 -3.4091 80 200 120
4.1675 0.6236 -4.7141 80 200 120
1.8865 1.2185 -3.6031 80 200 120
1.4652 1.7288 -3.3659 80 200 120
0.8236 1.9208 -3.3606 80 200 120
1.3393 1.9673 -3.3031 80 200 120
3.7620 -0.9299 -4.7541 80 200 120
-0.1531 -1.2518 -3.8421 80 200 120
0.3296 3.5506 -3.5659 80 200 120
3.9227 -2.9255 -4.2063 80 200 120
3.3517 -2.5094 -3.0590 80 200 120
-0.7768 -3.3839 -4.2574 80 200 120
2.7379 -4.0235 -4.6104 80 200 120
-0.6706 -1.1714 -3.9909 80 200 120
4.2102 -0.5990 -0.1866 80 200 120
2.7178 0.2107 -4.9273 80 200 120
0.6152 3.6374 -1.2146 80 200 120
15.9220 -10.5637 -0.2988 80 200 120
7.2028 -4.6091 -2.9931 80 200 120
7.0866 -1.8263 -3.3853 80 200 120
2.9143 -5.5668 -0.2133 80 200 120
4.9236 -7.3402 -1.3309 80 200 120
2.8798 -4.6958 -0.1837 80 200 120
5.1017 -4.9056 -1.9613 80 200 120
13.3286 -0.9288 -1.0963 80 200 120
4.0430 0.8419 -0.7612 80 200 120
-1.6722 0.8743 -1.0691 80 200 120
0.8779 3.2624 -1.2349 80 200 120
2.0754 2.8570 -0.0734 80 200 120
1.5311 2.7523 -0.8628 80 200 120
-0.9095 1.9028 -1.1929 80 200 120
1.9825 3.2531 -0.0990 80 200 120
1.6478 3.4034 -0.3675 80 200 120
-0.0594 3.1510 -1.3596 80 200 120
-1.4726 1.6992 -0.9741 80 200 120
1.3393 2.8107 -0.6604 80 200 120
-2.8314 2.3164 -0.1485 80 200 120
0.6632 3.4399 -1.4215 80 200 120
-1.3861 1.0571 -1.0370 80 200 120
-3.7557 -0.0468 -0.1337 80 200 120
-0.9531 2.1749 -1.0526 80 200 120
-3.7119 -0.4264 -0.1518 80 200 120
0.7394 -4.8312 -2.2210 80 200 120
2.5446 -6.5745 -2.1627 80 200 120
-2.6989 -2.4018 -1.8619 80 200 120
6.4969 -10.7303 -0.2556 80 200 120
5.5569 -11.9689 -0.3128 80 200 120
1.2723 -5.7665 -1.3730 80 200 120
1.8567 -5.8251 -1.4808 80 200 120
5.9254 -8.3711 -0.9705 80 200 120
-2.9266 -2.3086 -1.2910 80 200 120
1.4146 -6.2226 -2.5134 80 200 120
0.0245 2.8222 -4.3993 80 200 120
2.7498 1.0559 -3.8863 80 200 120
0.7789 2.4319 -3.2337 80 200 120
2.2867 1.1984 -3.5309 80 200 120
1.2313 2.1095 -3.2685 80 200 120
2.9359 0.8411 -3.4863 80 200 120
2.5308 -4.9456 -3.7836 80 200 120
2.2004 0.9416 -3.5200 80 200 120
2.8638 0.5420 -3.8124 80 200 120
2.1266 1.1503 -3.3522 80 200 120
-2.5407 -2.8212 -0.9341 80 200 120
2.4172 0.8442 -3.3236 80 200 120
4.5551 -0.4256 -4.0341 80 200 120
0.8215 -3.9539 -4.2010 80 200 120
3.6657 -1.9106 -2.9917 80 200 120
-0.4037 -2.5316 -4.7254 80 200 120
1.9741 1.6449 -3.6068 80 200 120
0.2323 -0.0200 -4.0531 80 200 120
-0.1636 -1.2151 -3.8163 80 200 120
4.1709 -5.1982 -4.7802 80 200 120
6.1264 -11.5702 -1.5416 80 200 120
31.9235 -12.0363 -0.6478 80 200 120
3.3560 1.2699 -0.7138 80 200 120
1.5046 1.6119 -0.1168 80 200 120
5.8588 -0.5810 -2.0149 80 200 120
5.2331 -4.4031 -2.3289 80 200 120
6.2399 -4.5511 -1.8368 80 200 120
0.9450 3.2095 -0.9219 80 200 120
-1.7321 1.1508 -0.9553 80 200 120
0.9870 3.4131 -0.6777 80 200 120
1.3493 2.8938 -0.9857 80 200 120
-0.4952 2.8990 -1.0743 80 200 120
-0.2099 2.9096 -1.3642 80 200 120
-0.3133 2.7992 -1.6045 80 200 120
0.3258 3.7580 -1.4123 80 200 120
-0.4660 2.5133 -1.4971 80 200 120
-2.6506 2.4466 -0.1864 80 200 120
2.5849 -4.8610 -1.5941 80 200 120
-1.6610 -3.3290 -1.9598 80 200 120
3.0079 -7.9847 -1.2513 80 200 120
-4.1774 -1.9131 -0.8787 80 200 120
2.0392 -8.9173 -0.2205 80 200 120
-3.7911 -1.8843 -0.1940 80 200 120
-10.8012 0.9507 -0.1835 80 200 120
-10.2860 -0.2014 -0.1708 80 200 120
-4.2658 -1.6857 -0.4810 80 200 120
4.2720 -0.2900 -3.8952 80 200 120
3.8921 -3.7507 -4.3497 80 200 120
29.1916 -18.8725 -0.7241 80 200 120
-0.8057 -1.8079 -3.8478 80 200 120
0.5178 2.1949 -3.3244 80 200 120
0.7481 2.4905 -3.2894 80 200 120
1.1782 2.1330 -3.3721 80 200 120
-1.1197 -2.4118 -4.4515 80 200 120
1.4199 1.6604 -3.2698 80 200 120
-0.2360 2.9717 -2.5137 80 200 120
3.9055 -2.9081 -4.2079 80 200 120
-1.0724 -2.8608 -4.4737 80 200 120
0.6142 -0.2881 -3.9233 80 200 120
4.1489 -3.1866 -3.8373 80 200 120
-0.4986 -3.1768 -4.6188 80 200 120
2.6823 -1.7408 -4.6157 80 200 120
-0.2567 -3.2986 -4.2080 80 200 120
0.1797 -3.2300 -4.3773 80 200 120
-0.8319 -1.1194 -4.2882 80 200 120
6.7258 -3.0059 -4.8515 80 200 120
1.7377 0.5984 -4.6961 80 200 120
1.2237 2.9313 -1.6053 80 200 120
15.3552 -6.1592 -10.1724 80 200 120
5.8466 -0.7564 -0.9588 80 200 120
5.8184 -6.5640 -1.4413 80 200 120
3.6167 1.2778 -1.1910 80 200 120
5.6441 -0.2060 -2.4718 80 200 120
2.1295 1.5700 -0.2390 80 200 120
1.6921 1.4630 -0.1547 80 200 120
6.4230 -3.5091 -2.3982 80 200 120
0.1536 4.0402 -1.9657 80 200 120
-1.3772 1.2904 -1.1596 80 200 120
-4.0605 -0.2919 -0.4444 80 200 120
1.9492 3.7547 -0.1388 80 200 120
-2.1945 0.4140 -0.6504 80 200 120
-2.0767 0.2245 -0.5699 80 200 120
-1.6818 0.8493 -0.9297 80 200 120
0.4246 -4.9034 -2.5139 80 200 120
-0.7008 -4.1547 -2.4662 80 200 120
4.8545 -6.5562 -1.5341 80 200 120
-3.1354 -0.3387 -0.5492 80 200 120
-2.8755 -0.6587 -0.5258 80 200 120
34.4847 -17.6218 -0.9091 80 200 120
8.6933 -1.9953 -0.2894 80 200 120
2.6348 0.1532 -4.6761 80 200 120
0.7774 2.2761 -3.0602 80 200 120
-0.8815 -1.1161 -3.2575 80 200 120
-0.7756 -2.8692 -4.6211 80 200 120
2.7275 0.5275 -4.0693 80 200 120
3.9098 -0.3606 -4.3717 80 200 120
2.9681 -5.9077 -4.5400 80 200 120
1.9544 1.5824 -3.6277 80 200 120
1.0308 1.4969 -4.5087 80 200 120
0.6983 1.8019 -4.5564 80 200 120
2.5179 -2.3806 -3.8204 80 200 120
2.1399 0.7208 -4.5471 80 200 120
1.9768 -1.3388 -4.6875 80 200 120
0.2529 -4.9410 -2.8470 80 200 120
1.0695 1.5776 -3.8873 80 200 120
2.1439 1.2697 -3.3165 80 200 120
2.7128 -1.8456 -4.7609 80 200 120
-0.8370 2.1121 -1.6699 80 200 120
2.2586 -1.9676 -4.4138 80 200 120
3.1322 -3.8867 -4.6940 80 200 120
4.1246 -4.0803 -4.2942 80 200 120
7.2819 -3.9569 -4.9709 80 200 120
0.4628 -3.6639 -4.7306 80 200 120
4.5763 -3.5929 -3.6001 80 200 120
5.5185 -5.5490 -4.8794 80 200 120
4.1407 0.2758 -4.2441 80 200 120
7.4179 -2.1066 -1.3394 80 200 120
1.6263 1.6357 -0.1507 80 200 120
5.7697 -0.9434 -1.4418 80 200 120
10.4426 -8.0290 -1.1674 80 200 120
2.9853 1.4124 -0.1816 80 200 120
4.6529 0.2137 -1.9832 80 200 120
3.6602 -4.9131 -0.5541 80 200 120
-0.7436 1.9823 -1.5926 80 200 120
-1.3411 1.3862 -1.3778 80 200 120
-2.1987 0.1490 -0.8375 80 200 120
-0.8694 1.5394 -1.3457 80 200 120
-2.1904 0.5782 -0.9024 80 200 120
0.6897 3.2634 -1.3894 80 200 120
-3.3864 -0.9287 -0.8730 80 200 120
-3.3443 -2.0924 -1.5765 80 200 120
1.5023 -6.0436 -2.4730 80 200 120
-5.2021 -2.5988 -0.6266 80 200 120
-2.6853 -2.2457 -1.7149 80 200 120
2.4890 -6.5519 -1.5574 80 200 120
3.2948 -7.5381 -1.9023 80 200 120
-0.7240 -1.1367 -2.2820 80 200 120
1.2249 2.1254 -3.3005 80 200 120
-0.0805 -1.1514 -3.8310 80 200 120
1.6510 -2.1701 -4.7444 80 200 120
3.3066 -1.9828 -3.6044 80 200 120
2.9648 -4.2193 -3.8004 80 200 120
-0.8195 -2.8692 -4.6235 80 200 120
0.9454 -0.9502 -3.9569 80 200 120
-0.3715 -2.0727 -4.6058 80 200 120
0.3373 2.1610 -3.9397 80 200 120
-0.0359 -4.8952 -5.5413 80 200 120
8.2941 -2.4412 -5.0645 80 200 120
3.9532 -2.0666 -3.2736 80 200 120
-3.4812 -1.5746 -4.4692 80 200 120
-3.3241 -1.9652 -4.8354 80 200 120
1.0960 -1.6551 -4.6812 80 200 120
4.0227 -0.2104 -4.6733 80 200 120
3.3974 -3.7369 -0.1444 80 200 120
34.1972 6.8416 -0.4247 80 200 120
4.0055 -4.2311 -0.9750 80 200 120
2.4396 1.4246 -0.1926 80 200 120
6.2035 -4.4238 -2.3960 80 200 120
7.3556 -1.8985 -3.5542 80 200 120
0.1267 3.3484 -1.6132 80 200 120
-0.9440 1.9978 -1.4878 80 200 120
-1.1786 1.4947 -1.2560 80 200 120
-12.2540 -1.9251 -0.4958 80 200 120
-7.8699 -0.7796 -0.2980 80 200 120
4.7076 -7.5276 -1.4475 80 200 120
5.1370 -9.8691 -1.3027 80 200 120
-2.5811 -0.3375 -0.4968 80 200 120
5.1052 -1.1127 -4.5969 80 200 120
21.7723 -4.7833 -0.5532 80 200 120
0.7909 2.5110 -3.3185 80 200 120
-0.7925 2.0666 -4.7150 80 200 120
-1.3872 1.1570 -4.6609 80 200 120
1.0327 -1.0023 -4.3376 80 200 120
-1.0288 1.6336 -4.6949 80 200 120
-0.3104 -2.0823 -4.6518 80 200 120
3.7583 -5.8083 -4.4543 80 200 120
3.6697 -3.1068 -4.3024 80 200 120
2.4892 0.8876 -3.4330 80 200 120
3.5398 -3.4067 -4.2003 80 200 120
2.1985 1.7229 -3.3380 80 200 120
2.6601 0.4664 -4.6906 80 200 120
2.8904 0.8169 -3.4309 80 200 120
3.7787 -0.9654 -4.8611 80 200 120
-8.7487 -0.2956 -0.3219 80 200 120
-2.6246 -2.7796 -0.6436 80 200 120
0.9819 -6.0658 -2.0342 80 200 120
0.8756 -3.9994 -4.5249 80 200 120
-2.1140 0.4727 -3.5257 80 200 120
8.2321 -2.7056 -3.1030 80 200 120
6.6156 -1.5243 -4.5116 80 200 120
-1.5601 -1.4365 -4.8757 80 200 120
3.8270 -4.7086 -4.1865 80 200 120
7.4456 3.7807 -0.2253 80 200 120
32.4494 -12.6297 -0.7831 80 200 120
4.0916 0.6852 -0.5193 80 200 120
2.1754 1.7574 -0.2545 80 200 120
4.1913 0.4616 -1.8597 80 200 120
5.4214 -5.2385 -2.0857 80 200 120
9.6601 4.1072 -0.9037 80 200 120
6.2223 4.1006 -0.3276 80 200 120
3.4583 1.1518 -0.8544 80 200 120
-1.9296 0.4716 -1.1160 80 200 120
0.6992 3.7244 -0.7751 80 200 120
-0.7935 2.0804 -1.6172 80 200 120
0.1658 3.5558 -2.0258 80 200 120
1.2512 2.8742 -1.1171 80 200 120
0.6751 3.1152 -1.6752 80 200 120
-1.6894 1.2250 -1.1451 80 200 120
2.4987 3.1294 -0.4781 80 200 120
1.7176 2.4357 -0.8885 80 200 120
2.0964 4.9657 -0.2117 80 200 120
0.3178 3.7619 -1.7672 80 200 120
-2.4362 0.8064 -0.7259 80 200 120
2.1959 2.1378 -0.5658 80 200 120
3.6935 -7.4489 -2.4805 80 200 120
0.7663 -5.0226 -2.3961 80 200 120
0.0759 -4.7101 -1.8597 80 200 120
2.0142 -6.3207 -1.5472 80 200 120
4.2527 -7.1258 -1.9338 80 200 120
-0.9024 -3.7350 -2.2136 80 200 120
2.3658 -1.4334 -4.6053 80 200 120
3.7960 -7.8500 -4.8409 80 200 120
4.2005 -0.3440 -5.0004 80 200 120
3.1714 0.9548 -3.2787 80 200 120
3.2008 -4.5842 -4.6239 80 200 120
0.5868 3.4528 -1.1314 80 200 120
6.2390 4.9926 -0.3898 80 200 120
3.1255 0.9808 -1.0325 80 200 120
4.8239 0.2766 -1.1670 80 200 120
3.0221 0.7087 -0.9281 80 200 120
7.5263 -3.3494 -3.5395 80 200 120
5.2887 -7.7796 -0.3940 80 200 120
-3.1674 5.0822 -0.0647 80 200 120
-3.2608 -0.6863 -0.6018 80 200 120
1.4447 6.2179 -0.2237 80 200 120
0.8625 7.3676 -0.2417 80 200 120
2.4948 1.9216 -0.4810 80 200 120
-15.0615 0.9098 -0.8344 80 200 120
1.4894 2.7560 -0.8896 80 200 120
0.2897 3.8686 -0.9515 80 200 120
-1.4724 1.4238 -1.4134 80 200 120
-1.5792 1.3895 -1.2105 80 200 120
-2.4365 -0.1301 -0.6828 80 200 120
-1.8909 0.9819 -1.0813 80 200 120
-1.7488 0.8170 -1.2902 80 200 120
-1.6985 1.0439 -1.3487 80 200 120
1.0540 3.1457 -1.4831 80 200 120
-1.0426 1.7777 -1.4586 80 200 120
-0.5968 2.2682 -1.6779 80 200 120
-7.9180 -6.8456 -0.1627 80 200 120
2.3560 -6.4671 -2.6295 80 200 120
-1.7266 -3.6792 -2.3854 80 200 120
9.6191 -10.5913 -0.5767 80 200 120
-0.8851 -3.8532 -1.8233 80 200 120
-1.1474 -3.7312 -1.7496 80 200 120
-5.4526 -1.3780 -0.5618 80 200 120
-0.2200 -4.5013 -1.6028 80 200 120
-0.2029 -4.7179 -1.2946 80 200 120
-0.3790 -1.2173 -2.0612 80 200 120
6.2238 -14.3787 -0.6239 80 200 120
3.4298 -2.0758 -3.7707 80 200 120
-1.7380 -2.4900 -4.3749 80 200 120
3.5196 -11.2660 -0.4614 80 200 120
2.2355 1.7545 -3.3414 80 200 120
-1.5089 -2.0570 -3.5526 80 200 120
2.1968 1.7201 -3.3002 80 200 120
-8.0310 -8.0032 -0.3831 80 200 120
4.1581 -2.1888 -3.4179 80 200 120
-1.1104 -2.4344 -4.5479 80 200 120
3.4270 -2.6749 -2.9655 80 200 120
-0.7956 -1.7392 -4.1285 80 200 120
4.4387 -4.3432 -3.8094 80 200 120
-3.2636 -1.5279 -4.2675 80 200 120
-3.0389 -1.0401 -4.2429 80 200 120
10.8731 -1.9346 -5.6693 80 200 120
5.8966 -0.4598 -1.4045 80 200 120
5.1614 -3.7108 -1.3894 80 200 120
5.5660 -3.2310 -2.5718 80 200 120
3.7414 3.0779 -0.3926 80 200 120
-1.9503 4.9545 -0.2064 80 200 120
-5.6367 2.9635 -0.3473 80 200 120
0.2160 7.9824 -0.4835 80 200 120
1.8900 2.5064 -0.7737 80 200 120
1.9191 -6.0973 -2.7585 80 200 120
5.5042 -6.0830 -1.3193 80 200 120
1.2563 -5.5613 -2.7271 80 200 120
-2.6068 -2.2157 -1.6950 80 200 120
-3.4483 -1.4662 -0.5374 80 200 120
-2.1477 -2.6928 -1.6578 80 200 120
-1.9794 -2.2417 -1.6140 80 200 120
-3.0807 -0.9672 -0.7576 80 200 120
1.6511 -5.8690 -1.6691 80 200 120
2.4399 0.8962 -3.4143 80 200 120
4.7533 -2.6406 -4.0112 80 200 120
0.7651 1.9146 -3.2796 80 200 120
-1.3469 -1.2732 -3.4184 80 200 120
7.8701 -14.5684 -0.7423 80 200 120
4.2362 -2.4890 -4.1599 80 200 120
-2.9148 -2.2713 -3.5131 80 200 120
4.3625 -0.7735 -4.7758 80 200 120
3.1573 -6.5767 -4.9274 80 200 120
3.2335 -4.4871 -3.9772 80 200 120
2.9598 -3.4099 -4.4962 80 200 120
3.3583 -2.4636 -4.4907 80 200 120
1.0494 1.6994 -3.3361 80 200 120
3.7791 -3.4306 -4.5673 80 200 120
3.2940 -3.3297 -4.6496 80 200 120
1.4582 -1.1789 -4.6077 80 200 120
21.0988 -17.7093 -0.2238 80 200 120
27.6889 8.9283 -0.3791 80 200 120
14.5841 -14.0785 -0.5802 80 200 120
18.4927 7.4987 -0.5482 80 200 120
11.3812 6.7331 -0.7146 80 200 120
4.3234 0.3069 -2.1902 80 200 120
3.1754 1.0143 -1.0520 80 200 120
29.9372 -20.6683 -0.5864 80 200 120
2.9751 1.4598 -1.0190 80 200 120
2.7859 2.5204 -0.6221 80 200 120
3.3636 1.4733 -0.6853 80 200 120
-4.4982 2.5927 -0.4153 80 200 120
-0.7715 7.3410 -0.7524 80 200 120
0.9266 6.4712 -0.7163 80 200 120
-1.9936 0.5589 -1.3481 80 200 120
-2.2474 0.6500 -1.0211 80 200 120
1.7541 2.5318 -0.8956 80 200 120
-0.0502 3.0667 -1.4931 80 200 120
-2.1482 0.8188 -1.1897 80 200 120
0.0185 3.3648 -1.1350 80 200 120
-2.4849 0.1637 -0.8706 80 200 120
-2.2589 -0.1261 -0.6486 80 200 120
4.6598 -6.4285 -2.0391 80 200 120
5.0954 -6.0108 -1.6474 80 200 120
-6.6271 -6.3346 -0.4234 80 200 120
4.1622 -7.1336 -2.4799 80 200 120
129.5979 -40.1414 -1.2773 80 200 120
1.9764 1.5414 -3.5577 80 200 120
6.6890 -1.5103 -4.2484 80 200 120
-2.0767 -2.5879 -3.9222 80 200 120
2.7189 -7.3571 -5.0907 80 200 120
2.4052 1.0421 -3.1591 80 200 120
4.0457 0.6241 -4.6787 80 200 120
2.6721 0.4761 -4.6846 80 200 120
0.2663 -4.8134 -2.7659 80 200 120
6.5513 -2.4410 -4.1409 80 200 120
4.6322 0.4221 -4.9513 80 200 120
0.8615 3.1537 -1.1846 80 200 120
0.5836 -0.3250 -4.6735 80 200 120
-0.0608 -0.8920 -2.0407 80 200 120
4.1638 0.1002 -2.2752 80 200 120
8.7587 -2.0761 -4.4767 80 200 120
7.6137 2.3374 -1.2073 80 200 120
4.2370 2.8225 -0.6548 80 200 120
63.0041 -14.5305 -1.1638 80 200 120
24.9342 -14.4444 -0.5329 80 200 120
28.7863 -8.7922 -0.5800 80 200 120
6.5996 -3.5027 -2.4213 80 200 120
5.1595 0.3586 -1.1998 80 200 120
4.8295 -0.0294 -2.4488 80 200 120
6.7872 -0.9842 -3.4223 80 200 120
6.3819 -3.7738 -2.9418 80 200 120
7.2657 -2.8932 -3.8419 80 200 120
35.4309 8.3232 -0.8297 80 200 120
-1.7045 3.4141 -0.3729 80 200 120
0.0780 3.1695 -2.1486 80 200 120
-0.7000 2.0769 -1.8981 80 200 120
-1.5944 5.9293 -0.2475 80 200 120
0.1874 6.1073 -0.8669 80 200 120
0.3084 3.6423 -1.3175 80 200 120
-1.3046 1.4759 -1.5311 80 200 120
0.3654 3.5446 -1.6887 80 200 120
0.6616 3.2652 -1.3834 80 200 120
1.9405 6.5454 -0.3887 80 200 120
0.1894 3.3896 -1.9245 80 200 120
0.7135 3.2509 -1.7513 80 200 120
3.5584 6.0334 -0.3291 80 200 120
1.3237 6.8106 -0.3414 80 200 120
-0.3594 2.5959 -1.9589 80 200 120
13.1475 -10.3032 -0.6027 80 200 120
3.8103 -8.1418 -3.3911 80 200 120
-3.1497 -2.4980 -1.9321 80 200 120
-9.7999 -1.2612 -0.8992 80 200 120
-14.7353 -9.1414 -0.5824 80 200 120
-1.8245 -2.9857 -2.1027 80 200 120
-2.5295 -2.5602 -1.8307 80 200 120
0.4954 -3.8753 -4.1479 80 200 120
0.9796 1.6337 -3.1542 80 200 120
1.2129 2.0777 -3.2224 80 200 120
-3.3892 -1.9249 -2.6549 80 200 120
5.1719 -14.6832 -0.7272 80 200 120
-1.6336 -1.0384 -4.1626 80 200 120
-5.2615 -4.6896 -0.4550 80 200 120
3.6677 -5.5117 -4.2086 80 200 120
1.9185 -2.3349 -3.7445 80 200 120
3.2580 -4.5637 -4.0989 80 200 120
2.3302 -1.4859 -4.6411 80 200 120
0.9633 -5.3224 -4.1593 80 200 120
-13.8399 -8.4593 -0.6310 80 200 120
3.4857 -0.3662 -4.6532 80 200 120
4.1421 -4.1273 -5.2814 80 200 120
3.3843 -1.5406 -3.6417 80 200 120
5.1773 -0.9993 -4.2728 80 200 120
-0.9298 -1.7919 -4.1215 80 200 120
6.1438 -4.3158 -2.2697 80 200 120
6.1604 -3.8684 -2.4752 80 200 120
6.1907 -5.1017 -1.2622 80 200 120
4.4515 2.1302 -0.8625 80 200 120
3.2127 1.2596 -0.9706 80 200 120
3.6739 1.0392 -0.8284 80 200 120
3.3724 1.2342 -1.1391 80 200 120
6.7226 -4.0492 -1.2308 80 200 120
6.1764 -4.7832 -1.9294 80 200 120
5.2141 4.5850 -0.5173 80 200 120
5.6405 -5.2761 -1.3919 80 200 120
3.6937 1.0118 -1.2046 80 200 120
-0.1192 2.9244 -2.1317 80 200 120
-3.7480 1.2293 -0.5253 80 200 120
-3.6430 0.6043 -0.7876 80 200 120
-2.0220 0.9083 -1.3709 80 200 120
-2.1924 0.1440 -0.8673 80 200 120
-2.4087 0.4372 -1.1554 80 200 120
-2.9544 1.1710 -0.9644 80 200 120
-0.6612 4.7779 -0.5525 80 200 120
1.4688 1.6410 -3.1574 80 200 120
1.2948 1.5191 -3.3002 80 200 120
4.4843 -7.8844 -5.1495 80 200 120
0.2834 -4.6892 -2.7043 80 200 120
-1.7900 -3.0092 -4.4275 80 200 120
3.3238 -1.5549 -4.1487 80 200 120
3.6316 -7.3889 -4.5578 80 200 120
2.5863 -6.8579 -4.7298 80 200 120
1.6844 1.8097 -3.3188 80 200 120
3.8728 -1.0292 -4.1688 80 200 120
-1.6210 -2.0449 -2.8646 80 200 120
4.2855 0.7262 -5.0088 80 200 120
-0.6484 -3.3298 -4.8430 80 200 120
-1.2620 -1.2214 -4.2116 80 200 120
0.2777 -2.9910 -4.5201 80 200 120
3.7515 -2.9684 -3.1961 80 200 120
0.9562 1.5732 -4.3323 80 200 120
62.3969 5.4442 -0.9243 80 200 120
35.2574 -8.5522 -0.8879 80 200 120
23.1395 -7.3047 -0.6651 80 200 120
20.8215 -12.5491 -0.7677 80 200 120
4.0729 3.8343 -0.6825 80 200 120
6.4887 -1.4264 -2.5868 80 200 120
13.3010 -10.7931 -0.7132 80 200 120
10.6301 -10.4167 -0.5898 80 200 120
6.0471 -6.4369 -0.5486 80 200 120
5.3646 -0.4763 -2.2567 80 200 120
3.7687 0.8728 -1.0723 80 200 120
3.2645 1.6441 -0.7054 80 200 120
-1.7345 3.9091 -0.6565 80 200 120
-7.4303 5.9470 -0.4504 80 200 120
-11.1078 8.5846 0.2584 80 200 120
-0.5161 2.4786 -2.1468 80 200 120
-14.4650 9.5558 0.1584 80 200 120
-0.8979 1.9700 -1.8556 80 200 120
1.1092 6.2222 -0.5937 80 200 120
1.7683 3.0255 -0.8998 80 200 120
1.1404 2.8492 -1.3959 80 200 120
0.0400 4.3632 -1.0904 80 200 120
3.7119 4.7900 -0.5196 80 200 120
-0.8480 -3.8857 -2.2951 80 200 120
-1.7367 -2.9744 -2.0973 80 200 120
-0.7802 -3.7973 -1.7415 80 200 120
-2.6342 -2.2236 -1.7547 80 200 120
-1.1465 -2.5035 -4.6416 80 200 120
3.4923 -0.2239 -3.8087 80 200 120
4.0436 -0.2624 -4.8140 80 200 120
2.1189 1.6024 -3.1069 80 200 120
0.7240 2.4462 -3.2291 80 200 120
2.3817 1.3013 -3.3459 80 200 120
4.3787 -3.3240 -3.3665 80 200 120
-2.6647 -0.6430 -4.2833 80 200 120
1.9752 -2.3768 -3.6626 80 200 120
2.2194 -2.2262 -4.0967 80 200 120
-2.1577 -0.0396 -4.3289 80 200 120
3.7237 1.0704 -0.8580 80 200 120
3.4212 1.1067 -0.8974 80 200 120
6.8477 -1.3494 -3.1896 80 200 120
6.9158 -3.5839 -3.0752 80 200 120
3.0561 1.5541 -1.0300 80 200 120
-8.6215 3.7674 -0.7698 80 200 120
-15.2705 5.7345 -0.2563 80 200 120
-2.0605 0.4013 -1.5753 80 200 120
1.3168 2.7705 -1.3407 80 200 120
-17.7442 1.1018 -0.5749 80 200 120
13.2217 -9.0211 -0.5638 80 200 120
1.9962 -6.0526 -2.8027 80 200 120
0.2594 -4.8927 -2.7902 80 200 120
2.6562 -5.9331 -2.9556 80 200 120
3.7640 -7.8554 -3.3006 80 200 120
-1.4593 -3.3852 -2.1932 80 200 120
12.6476 -9.8471 -0.6070 80 200 120
-7.6503 -1.5706 -0.5172 80 200 120
-0.7151 -0.9890 -3.8349 80 200 120
2.5218 0.6389 -3.4445 80 200 120
3.1467 -10.0011 -0.6961 80 200 120
-0.8172 2.0855 -4.7662 80 200 120
0.9506 -5.4404 -4.2456 80 200 120
1.2236 2.2230 -3.3801 80 200 120
0.7251 2.0264 -3.3964 80 200 120
0.9652 1.9242 -3.5340 80 200 120
0.8380 -1.0380 -3.6832 80 200 120
3.1775 -1.8626 -4.6316 80 200 120
3.5813 -3.3864 -3.5557 80 200 120
3.7832 -0.0311 -4.0939 80 200 120
3.0026 -6.1924 -4.5657 80 200 120
3.5542 -2.4868 -4.1649 80 200 120
3.6465 -1.7552 -3.8540 80 200 120
3.2217 -2.3152 -4.3135 80 200 120
4.2793 -9.4103 -5.6145 80 200 120
2.3701 0.8400 -3.2951 80 200 120
3.6124 -0.9035 -4.5811 80 200 120
4.9939 -3.2984 -3.8980 80 200 120
0.3768 -0.0944 -4.3877 80 200 120
-3.4030 -1.5366 -4.4416 80 200 120
-0.6448 -3.3589 -4.8607 80 200 120
-0.8445 -2.7573 -4.5757 80 200 120
2.4211 1.3524 -3.3448 80 200 120
3.2692 -0.0031 -1.7114 80 200 120
4.6162 0.4120 -1.7516 80 200 120
7.4689 -2.0579 -3.6912 80 200 120
4.7765 3.6458 -0.6081 80 200 120
4.3311 2.6707 -0.6984 80 200 120
6.9813 3.8565 -0.7174 80 200 120
3.1493 2.4423 -0.6188 80 200 120
4.1565 0.5099 -1.8379 80 200 120
4.6500 -5.0288 -0.7547 80 200 120
4.7906 0.3871 -2.3908 80 200 120
4.1718 -5.0132 -0.7929 80 200 120
3.0429 0.4215 -1.4965 80 200 120
3.1297 1.4254 -0.8063 80 200 120
-2.1024 3.4930 -0.2842 80 200 120
-27.8196 8.4996 0.1800 80 200 120
-3.4269 3.9520 -0.2426 80 200 120
-6.0836 4.1584 -0.9190 80 200 120
-0.2668 2.7293 -2.2415 80 200 120
0.8334 2.9385 -1.9560 80 200 120
-1.0305 4.0583 -0.6304 80 200 120
-0.7085 2.3008 -2.2071 80 200 120
1.3744 5.1237 -0.8665 80 200 120
-1.1892 1.5352 -1.9880 80 200 120
0.2875 3.4340 -2.3807 80 200 120
2.0174 2.1450 -0.9917 80 200 120
1.7293 2.4577 -1.1686 80 200 120
1.1784 2.7045 -1.6706 80 200 120
-2.1302 -5.0210 -0.4487 80 200 120
6.9251 -12.2930 -0.5653 80 200 120
3.5811 -9.7914 -0.9071 80 200 120
-0.1733 -4.2108 -2.0934 80 200 120
-3.6603 -1.2667 -1.2282 80 200 120
3.8908 0.6435 -4.4985 80 200 120
2.7415 -2.1437 -4.4534 80 200 120
-1.6534 0.7953 -4.3820 80 200 120
-0.9264 1.5383 -4.5181 80 200 120
1.2573 -4.1957 -4.6003 80 200 120
2.7352 -6.8106 -4.1180 80 200 120
-2.7884 -0.6497 -4.4850 80 200 120
3.7481 -4.0888 -3.7339 80 200 120
3.4762 -5.0842 -3.8835 80 200 120
3.2296 -4.4102 -4.0596 80 200 120
0.6964 2.7231 -3.4079 80 200 120
3.5699 -3.2180 -4.2913 80 200 120
-9.0995 -0.7704 -0.7561 80 200 120
1.4155 1.4147 -3.3126 80 200 120
2.1010 0.7434 -4.3534 80 200 120
5.8884 -1.5834 -4.5887 80 200 120
3.7445 -2.6837 -3.9497 80 200 120
-1.0274 -1.7251 -4.1790 80 200 120
0.6611 -0.2786 -4.4178 80 200 120
5.8860 -4.8733 -1.2489 80 200 120
6.4505 -5.0044 -2.1010 80 200 120
5.8642 2.1895 -0.6763 80 200 120
6.7940 -4.3975 -0.6849 80 200 120
16.0391 5.0940 -0.7196 80 200 120
-2.1997 4.6956 -0.3542 80 200 120
-1.7494 3.4886 -0.6926 80 200 120
-4.4640 4.1236 -0.8385 80 200 120
0.6556 3.2076 -2.2997 80 200 120
0.6166 5.0430 -0.9044 80 200 120
-2.4721 0.6371 -1.4963 80 200 120
5.5855 -5.1306 -1.7326 80 200 120
-7.7241 -8.0064 -0.6192 80 200 120
-3.7959 -1.4492 -1.5648 80 200 120
7.4343 -5.9735 -1.3647 80 200 120
6.9393 -8.4114 -0.7240 80 200 120
3.5670 -7.0142 -2.9192 80 200 120
2.7498 -6.2016 -3.0779 80 200 120
1.4408 1.3620 -3.7914 80 200 120
-2.2858 -1.4974 -3.7474 80 200 120
-2.2783 -1.6071 -3.1901 80 200 120
42.6933 -13.7333 -0.7953 80 200 120
22.7005 -17.2312 -0.7958 80 200 120
-0.5347 -2.4977 -4.6715 80 200 120
35.5607 -8.6237 -0.9001 80 200 120
-1.5326 -1.9264 -3.6050 80 200 120
1.2058 2.1315 -3.2432 80 200 120
2.9010 -9.3036 -0.7944 80 200 120
3.8068 -10.5945 -0.8850 80 200 120
2.3988 0.6517 -3.8414 80 200 120
1.7176 -2.2364 -4.2178 80 200 120
0.2548 -4.7521 -2.7412 80 200 120
2.4701 -2.4064 -3.7855 80 200 120
-1.4420 -1.8283 -3.9667 80 200 120
4.3373 -0.5393 -4.6670 80 200 120
2.0830 1.0638 -3.3108 80 200 120
-0.0528 0.1123 -3.7439 80 200 120
14.2448 -4.5825 -0.7373 80 200 120
9.1491 -5.1387 -0.7469 80 200 120
23.9440 -6.0646 -0.9173 80 200 120
4.5044 -2.9219 -0.6791 80 200 120
3.3547 -2.9158 -0.7233 80 200 120
6.8029 -3.0829 -3.1704 80 200 120
3.5898 -3.2712 -0.9751 80 200 120
3.0384 1.9344 -0.6571 80 200 120
4.0294 0.8011 -2.1827 80 200 120
5.0971 -0.8008 -1.5922 80 200 120
6.3523 -4.5258 -2.3563 80 200 120
4.2565 0.8945 -2.0287 80 200 120
1.1847 3.1759 -1.1432 80 200 120
-1.6904 1.1227 -1.7686 80 200 120
1.4492 2.6840 -1.4224 80 200 120
1.7348 2.4297 -1.1713 80 200 120
-3.2127 -0.0088 -1.3719 80 200 120
-1.3173 1.5525 -1.8979 80 200 120
2.1262 3.6806 -0.6702 80 200 120
2.1347 2.2994 -0.8538 80 200 120
4.7194 -5.7865 -2.5468 80 200 120
4.6477 -4.3888 -1.7601 80 200 120
-0.7078 -4.0157 -0.4706 80 200 120
-1.0268 -4.0371 -2.9605 80 200 120
-1.2349 -3.5041 -2.6951 80 200 120
1.3733 -5.7736 -2.8730 80 200 120
-1.0657 -3.8066 -2.0828 80 200 120
1.8065 -6.5783 -3.5119 80 200 120
-4.3318 -1.8960 -1.0811 80 200 120
5.8340 -10.3315 -0.7374 80 200 120
-2.6843 -2.4113 -1.8488 80 200 120
-4.8146 -1.0641 -0.7176 80 200 120
-1.6496 -3.2722 -1.9737 80 200 120
-2.5359 -2.7104 -1.7074 80 200 120
-3.2714 -2.1388 -1.8987 80 200 120
0.0854 -4.6923 -2.3828 80 200 120
4.0236 -0.2504 -4.6150 80 200 120
0.9565 1.8389 -3.4436 80 200 120
0.3951 2.1683 -3.8680 80 200 120
4.2719 -0.5040 -4.5156 80 200 120
-0.4699 1.7774 -4.1431 80 200 120
-0.8378 1.5022 -4.3571 80 200 120
4.1719 -3.3121 -3.6946 80 200 120
-0.2671 -1.0174 -1.7207 80 200 120
-1.4496 -1.1456 -3.9804 80 200 120
2.1579 1.6792 -3.2103 80 200 120
1.1363 1.3865 -4.1386 80 200 120
4.2503 0.0077 -4.7718 80 200 120
3.8340 -3.5337 -4.6507 80 200 120
3.9439 -6.1158 -4.5491 80 200 120
3.5815 -7.2349 -4.3530 80 200 120
-3.3697 -1.5389 -4.4359 80 200 120
4.5731 0.9845 -1.1657 80 200 120
3.8574 1.0397 -1.9914 80 200 120
4.7671 1.5189 -1.0890 80 200 120
5.0452 -0.2976 -1.8446 80 200 120
53.9133 8.9683 -1.4449 80 200 120
3.6144 1.0163 -1.1553 80 200 120
-0.5251 5.5603 -0.7948 80 200 120
-11.1734 5.6960 -1.1002 80 200 120
0.1062 5.6534 -0.9862 80 200 120
0.8720 5.6940 -0.7081 80 200 120
-7.9836 0.3904 -0.7131 80 200 120
-0.5626 2.5234 -2.1565 80 200 120
-0.0384 2.9812 -1.7803 80 200 120
-1.7759 2.1176 -1.4136 80 200 120
-0.6029 2.2138 -2.1250 80 200 120
-2.1231 0.7794 -1.6403 80 200 120
-0.9478 1.8286 -1.4351 80 200 120
-2.6650 2.3936 -1.3028 80 200 120
-9.2134 -0.9219 -0.8280 80 200 120
-2.4474 -2.5633 -2.2861 80 200 120
-1.2982 -2.7634 -2.3103 80 200 120
1.5743 -7.8048 -0.6103 80 200 120
9.8208 -6.9136 -0.7909 80 200 120
9.9183 -3.0293 -5.9834 80 200 120
33.9762 -11.0667 -0.8918 80 200 120
1.0932 1.6276 -4.8935 80 200 120
0.6413 1.8883 -4.6249 80 200 120
0.6627 -0.2893 -4.5482 80 200 120
3.6685 -3.5262 -4.0057 80 200 120
2.5018 0.6376 -3.5476 80 200 120
1.7130 1.7115 -3.5960 80 200 120
6.5108 -3.1407 -4.6374 80 200 120
1.9543 -2.0022 -3.3669 80 200 120
2.2521 -2.4138 -3.5647 80 200 120
3.1623 -1.0940 -3.5029 80 200 120
3.4047 1.2215 -1.1373 80 200 120
4.5122 0.3702 -2.1919 80 200 120
2.0004 -0.1616 -0.9225 80 200 120
4.1645 -0.2927 -2.0867 80 200 120
-9.8687 3.5286 -1.0311 80 200 120
-11.0656 7.4760 -0.5571 80 200 120
-1.1705 4.5672 -0.4549 80 200 120
-4.9520 -1.2053 -0.9111 80 200 120
-4.0677 -0.1611 -1.1501 80 200 120
0.1200 3.2412 -2.1934 80 200 120
-1.6330 0.8407 -1.9619 80 200 120
1.7258 2.4810 -1.2623 80 200 120
1.9035 2.4004 -1.0167 80 200 120
1.8863 4.2498 -0.7251 80 200 120
2.0811 2.3146 -1.0374 80 200 120
2.2527 4.3633 -0.7375 80 200 120
2.8835 -7.3589 -4.4428 80 200 120
6.8441 -10.5632 -1.2126 80 200 120
2.8495 -6.4749 -3.2244 80 200 120
1.1232 -5.4899 -3.1838 80 200 120
-0.6211 -4.3765 -3.0350 80 200 120
4.7320 -5.9147 -2.4259 80 200 120
4.0319 -7.3797 -3.7583 80 200 120
5.3898 -3.9810 -3.8806 80 200 120
-2.6681 -1.1965 -4.7740 80 200 120
2.2713 -2.5468 -3.7272 80 200 120
3.5283 -0.4213 -4.5862 80 200 120
-2.3250 -1.4721 -3.9652 80 200 120
-1.9027 -1.3445 -3.2298 80 200 120
0.8310 -0.6196 -3.5008 80 200 120
-0.6807 1.9898 -4.5656 80 200 120
3.1361 0.8464 -3.2047 80 200 120
3.9090 -0.0116 -4.1824 80 200 120
4.1392 -0.2595 -4.8543 80 200 120
3.6672 -0.9215 -4.6305 80 200 120
4.2301 -1.1448 -4.6540 80 200 120
3.5702 -1.6907 -3.6525 80 200 120
2.8114 -4.8905 -4.4371 80 200 120
2.2668 0.6701 -4.3983 80 200 120
1.3673 1.3662 -4.4822 80 200 120
2.5248 0.8680 -3.3265 80 200 120
0.8328 -0.6004 -3.4805 80 200 120
0.3604 -1.1694 -3.7436 80 200 120
5.1414 0.2461 -2.5807 80 200 120
3.9324 0.6310 -1.4590 80 200 120
6.2320 -4.0890 -2.1928 80 200 120
5.5612 -4.4208 -1.2043 80 200 120
8.1106 -4.9291 -1.4318 80 200 120
6.9232 -3.8846 -2.3449 80 200 120
16.2741 -8.4946 -0.8543 80 200 120
5.8427 -4.1255 -1.6860 80 200 120
12.0882 -7.9796 -0.8381 80 200 120
-1.8002 2.4795 -0.6214 80 200 120
-9.2331 3.6460 -1.0852 80 200 120
-0.3888 2.5658 -2.4503 80 200 120
-0.0664 2.9148 -2.4933 80 200 120
-1.0961 1.6352 -2.3327 80 200 120
-1.8452 0.6255 -2.0568 80 200 120
-0.8820 1.9388 -1.9691 80 200 120
-0.4914 2.4711 -2.1423 80 200 120
-0.2459 2.7107 -2.2354 80 200 120
-0.6038 2.2611 -1.9874 80 200 120
1.2930 2.6811 -1.6510 80 200 120
-0.8350 2.4934 -1.3459 80 200 120
1.4571 2.7589 -1.4152 80 200 120
-2.5574 0.3586 -1.6206 80 200 120
5.1621 -7.5172 -3.9952 80 200 120
-15.6025 -9.1618 -1.5317 80 200 120
-1.2933 -3.4958 -2.4398 80 200 120
-0.6674 -4.1618 -2.1401 80 200 120
6.0353 -4.4327 -1.7535 80 200 120
2.9353 -6.4131 -2.5331 80 200 120
-0.6381 -1.4380 -3.9679 80 200 120
0.3602 2.1032 -4.5322 80 200 120
2.9996 0.7280 -4.1024 80 200 120
-1.6743 0.7782 -4.4970 80 200 120
-0.9033 1.5401 -4.5272 80 200 120
-2.7208 -0.6390 -4.5051 80 200 120
2.7676 -9.7211 -0.9532 80 200 120
-1.3274 1.1078 -4.6049 80 200 120
1.4731 1.6325 -3.1787 80 200 120
-0.7246 -1.4071 -3.8933 80 200 120
3.7680 -5.6978 -4.2319 80 200 120
3.3659 -2.3242 -3.8936 80 200 120
1.9502 1.6737 -3.6955 80 200 120
2.2613 1.9277 -3.4999 80 200 120
2.1870 0.8990 -3.4508 80 200 120
1.6934 1.8761 -3.4347 80 200 120
0.7989 -1.0912 -3.7807 80 200 120
0.2328 -4.8691 -2.8071 80 200 120
3.4881 -6.9551 -4.2402 80 200 120
2.5265 -6.2509 -4.3542 80 200 120
0.7368 -0.4162 -4.5529 80 200 120
3.7841 -1.8654 -3.4578 80 200 120
-10.1544 -8.1255 -0.9189 80 200 120
13.6800 -4.3361 -8.4021 80 200 120
4.1313 -0.2838 -3.9761 80 200 120
5.2854 -3.3075 -5.2751 80 200 120
-1.9433 -1.3957 -4.8473 80 200 120
1.4124 1.4303 -3.3960 80 200 120
3.6267 -1.3624 -4.2581 80 200 120
3.1673 -1.7932 -4.6409 80 200 120
-3.9327 -1.7326 -4.8542 80 200 120
11.8538 -2.3347 -5.8910 80 200 120
14.4162 -2.3994 -5.6924 80 200 120
3.4561 1.1897 -1.1554 80 200 120
3.9423 1.5724 -1.1029 80 200 120
4.9711 -0.0396 -1.6717 80 200 120
3.4593 1.4137 -0.9184 80 200 120
4.3712 0.5221 -1.1793 80 200 120
4.7640 0.3490 -2.7818 80 200 120
3.9545 0.6897 -1.2145 80 200 120
-5.9144 4.3334 -1.0781 80 200 120
-2.7418 -0.6150 -1.7105 80 200 120
-0.8474 1.8389 -2.4060 80 200 120
-0.5260 2.3855 -2.5032 80 200 120
-6.4786 -0.6687 -0.8698 80 200 120
-0.0129 2.9581 -2.0925 80 200 120
-4.6963 -2.0397 -1.1717 80 200 120
-1.4320 1.6185 -1.9446 80 200 120
-5.8187 -1.0867 -0.8786 80 200 120
-4.9328 -1.6377 -0.8132 80 200 120
-4.5859 -5.5075 -0.9332 80 200 120
-2.6939 -4.8862 -0.7118 80 200 120
-1.6866 -4.6488 -0.9723 80 200 120
-0.0668 -4.1138 -2.8915 80 200 120
12.2417 -9.1238 -1.1108 80 200 120
1.4620 -5.8330 -3.5484 80 200 120
-1.1779 -1.7429 -3.7601 80 200 120
0.9038 1.8144 -3.3970 80 200 120
1.2787 1.5398 -3.3263 80 200 120
3.5718 0.8613 -4.3722 80 200 120
3.8608 -1.3152 -4.6819 80 200 120
3.8524 -0.0059 -4.0923 80 200 120
2.5237 0.9038 -3.5012 80 200 120
2.7154 0.7726 -3.4305 80 200 120
2.9437 0.6213 -3.4659 80 200 120
4.0660 -3.1270 -4.4168 80 200 120
5.2084 -3.0029 -4.4913 80 200 120
4.2323 -2.2447 -4.7311 80 200 120
3.5262 -1.9650 -3.8316 80 200 120
2.0899 -2.0432 -3.6807 80 200 120
5.3865 -2.0426 -4.6242 80 200 120
6.9162 -2.6034 -2.4673 80 200 120
5.5330 -0.4950 -2.2947 80 200 120
6.1095 -1.6895 -2.6315 80 200 120
13.0032 -1.8565 -1.3689 80 200 120
11.3189 2.4155 -1.0351 80 200 120
27.0084 3.6317 -1.0670 80 200 120
7.4602 2.0159 -0.9665 80 200 120
14.2160 0.2274 -7.7623 80 200 120
5.7951 -4.1290 -0.9913 80 200 120
8.5285 -5.1798 -0.9768 80 200 120
7.1247 -4.7023 -0.9452 80 200 120
-4.6716 4.5608 -0.7328 80 200 120
-50.8236 13.3886 1.1464 80 200 120
-1.4708 3.4475 -0.8790 80 200 120
-1.8829 5.2742 -0.7694 80 200 120
-0.6848 2.1460 -2.5625 80 200 120
-2.3907 0.3190 -2.2711 80 200 120
-3.2973 -1.2976 -1.6129 80 200 120
-12.0376 3.4219 -1.3308 80 200 120
-2.8259 -0.1676 -2.1453 80 200 120
-3.4264 -2.2078 -1.1120 80 200 120
-0.0883 3.2677 -2.6672 80 200 120
1.7457 2.4521 -1.2642 80 200 120
-2.6963 0.0842 -1.5916 80 200 120
-3.4279 -1.2483 -1.2113 80 200 120
-0.1853 2.9337 -2.4969 80 200 120
1.6341 2.4757 -1.6064 80 200 120
1.1741 3.0701 -1.8809 80 200 120
-3.2726 -0.9933 -1.6508 80 200 120
-0.2449 2.8613 -1.9508 80 200 120
-2.0837 0.3667 -1.8391 80 200 120
3.4606 -6.4624 -4.0451 80 200 120
-0.5058 -7.1289 -0.4221 80 200 120
-2.1339 -3.8273 -0.7602 80 200 120
0.4665 -4.8264 -3.5085 80 200 120
9.5284 -5.8928 -1.0288 80 200 120
-1.5891 -3.5041 -2.2347 80 200 120
6.8834 -10.6246 -1.1446 80 200 120
2.0800 -5.7377 -3.3174 80 200 120
4.9595 -4.7376 -1.9093 80 200 120
6.1714 -4.7248 -2.0250 80 200 120
4.3050 -5.7442 -2.7038 80 200 120
3.7946 -6.6950 -3.5611 80 200 120
-2.3290 -2.8028 -1.7851 80 200 120
4.0878 -4.4986 -2.1143 80 200 120
0.8686 -3.8225 -4.5433 80 200 120
50.8780 -16.9499 -1.3036 80 200 120
1.8032 1.5881 -3.4258 80 200 120
2.2536 1.7261 -3.2995 80 200 120
33.6911 -4.5501 -1.2395 80 200 120
1.7037 1.7962 -3.2880 80 200 120
490.1895 -126.4823 -4.9158 80 200 120
-1.4556 -0.8589 -4.0760 80 200 120
-0.2674 -1.0118 -1.6255 80 200 120
3.9124 -8.4517 -5.0634 80 200 120
1.0860 -0.7460 -4.6881 80 200 120
0.5902 2.8575 -3.5075 80 200 120
3.6929 -5.5524 -4.1435 80 200 120
3.7829 -3.4463 -4.5232 80 200 120
4.0445 -4.4766 -3.6887 80 200 120
3.5889 -0.5131 -3.4246 80 200 120
3.0124 -4.4275 -4.6080 80 200 120
-1.5808 -1.2811 -4.4033 80 200 120
-1.0035 -1.6203 -4.1329 80 200 120
3.1873 -2.9855 -4.4633 80 200 120
0.2976 -2.2094 -4.4953 80 200 120
7.1069 -2.6731 -1.8929 80 200 120
5.3266 -0.2571 -1.6374 80 200 120
8.8077 -2.9986 -3.0968 80 200 120
11.4488 -2.8197 -1.8143 80 200 120
9.2397 -4.2936 -1.5719 80 200 120
4.6042 0.2271 -1.4240 80 200 120
14.1292 0.3019 -1.8234 80 200 120
6.7934 -3.0731 -2.5441 80 200 120
3.8796 0.8592 -1.3758 80 200 120
4.3337 0.6002 -1.4340 80 200 120
7.0595 -3.4992 -2.0074 80 200 120
16.7408 0.1096 -1.4732 80 200 120
8.0123 -4.5947 -1.5660 80 200 120
5.8958 -0.3943 -3.0400 80 200 120
31.5092 -1.7179 -1.2048 80 200 120
6.8742 -1.2964 -3.3568 80 200 120
6.6214 -1.0483 -2.6607 80 200 120
5.6368 -4.5431 -1.2478 80 200 120
7.0419 -1.4884 -2.9378 80 200 120
-1.3806 3.2746 -1.1310 80 200 120
-4.6526 4.0465 -0.9675 80 200 120
-1.0394 4.9784 -0.6186 80 200 120
-3.2294 -1.5966 -1.5771 80 200 120
-2.5007 0.0398 -2.2349 80 200 120
0.4757 3.1277 -1.9923 80 200 120
0.3925 3.3537 -1.7154 80 200 120
-1.5580 1.0650 -2.1228 80 200 120
0.2441 -6.2079 -0.8790 80 200 120
-0.7642 -6.3348 -0.9774 80 200 120
-53.7387 -30.5657 -3.0789 80 200 120
-1.0197 -3.8766 -1.2555 80 200 120
-2.1691 -3.9537 -1.3064 80 200 120
-1.2770 -5.3602 -1.0530 80 200 120
1.9633 -7.6848 -1.1465 80 200 120
-1.3818 -5.2419 -0.6403 80 200 120
-1.0578 -5.6467 -0.9232 80 200 120
1.4496 -6.9713 -1.1693 80 200 120
-2.5405 -3.3714 -1.4849 80 200 120
-1.8517 -3.6237 -1.6057 80 200 120
-1.9993 -4.2328 -1.1318 80 200 120
-2.5552 -2.9718 -1.4071 80 200 120
-1.1238 -4.4966 -1.5139 80 200 120
-4.0813 -4.8465 -1.2598 80 200 120
-6.7502 -6.1881 -1.3951 80 200 120
5.1079 -10.8705 -1.5359 80 200 120
6.3244 -4.1111 -2.1712 80 200 120
4.3637 -3.7123 -2.1445 80 200 120
-3.2926 -2.5361 -1.8788 80 200 120
-2.7041 -2.6223 -1.4370 80 200 120
-6.2509 -2.2886 -1.0404 80 200 120
6.1222 -5.9291 -1.7785 80 200 120
3.8715 -2.8381 -4.0263 80 200 120
3.0436 -4.8502 -4.5099 80 200 120
4.4987 -3.6685 -3.5886 80 200 120
4.7005 -3.2763 -4.2404 80 200 120
2.9487 -5.6266 -4.3557 80 200 120
5.3640 -3.3731 -3.8742 80 200 120
3.7927 -5.5215 -4.2721 80 200 120
1.9332 1.1483 -3.4842 80 200 120
3.5816 -1.7400 -4.5960 80 200 120
1.9847 -2.2893 -3.7551 80 200 120
-0.0639 -0.7917 -3.6470 80 200 120
3.9317 -1.8362 -4.2134 80 200 120
0.8343 -4.3609 -4.5081 80 200 120
-1.3468 -2.9418 -4.6807 80 200 120
2.6214 0.5304 -4.6601 80 200 120
1.9955 -1.9793 -4.6214 80 200 120
-1.4819 -3.3149 -4.5647 80 200 120
-0.4291 -3.2363 -4.5352 80 200 120
1.4817 1.2859 -4.4453 80 200 120
-0.2976 -3.8420 -4.0401 80 200 120
3.9714 -3.7744 -3.9322 80 200 120
3.6242 -7.3375 -4.4360 80 200 120
1.7923 -4.2328 -4.6816 80 200 120
0.3119 -0.9887 -3.6253 80 200 120
3.2990 -2.3311 -4.2467 80 200 120
2.1293 0.7972 -4.6208 80 200 120
2.4859 -2.2662 -3.8840 80 200 120
4.0078 -4.3843 -3.6195 80 200 120
1.5805 -5.7870 -4.5455 80 200 120
2.6897 -3.0032 -4.1480 80 200 120
0.3218 -3.0877 -4.6206 80 200 120
2.4321 -5.9851 -4.3099 80 200 120
6.6121 -2.8475 -4.6163 80 200 120
3.0900 -1.3671 -4.6328 80 200 120
0.3057 -0.5942 -3.5789 80 200 120
0.8551 -0.6422 -4.3514 80 200 120
1.0007 -2.1721 -4.7208 80 200 120
3.6129 -0.8972 -4.6708 80 200 120
-0.0615 -3.4888 -4.1528 80 200 120
1.6547 -3.0862 -4.1332 80 200 120
3.6198 -3.3011 -4.3781 80 200 120
1.9665 -6.3319 -2.8282 80 200 120
0.6721 -3.4968 -4.7153 80 200 120
-0.7861 -3.3368 -4.3001 80 200 120
5.6761 -1.7715 -4.7690 80 200 120
2.0051 -1.3813 -4.6869 80 200 120
0.9350 -1.5814 -4.7355 80 200 120
1.7366 1.2928 -4.3236 80 200 120
0.1932 -4.1573 -3.9992 80 200 120
2.8291 -4.3037 -4.7754 80 200 120
0.0000 0.1126 -4.0473 80 200 120
0.0473 -2.4181 -4.7259 80 200 120
1.8113 0.9794 -4.6491 80 200 120
-0.0575 -0.1688 -3.6506 80 200 120
1.0185 -5.4510 -1.8469 80 200 120
-0.8016 -0.7158 -4.0750 80 200 120
1.0258 -0.2921 -4.7423 80 200 120
4.6997 -10.8496 -0.8749 80 200 120
1.2651 1.3091 -4.2199 80 200 120
-0.0596 -1.1162 -3.6244 80 200 120
-2.2753 -1.3833 -4.2383 80 200 120
-2.0990 -1.0272 -4.1471 80 200 120
4.0546 -1.9685 -3.4498 80 200 120
3.9492 -1.9520 -4.2204 80 200 120
2.2230 1.8345 -3.4204 80 200 120
1.7052 1.8843 -3.4473 80 200 120
1.1445 2.1664 -3.3690 80 200 120
1.4225 1.7020 -3.3008 80 200 120
2.1656 1.1195 -3.3289 80 200 120
1.9738 1.0217 -3.4548 80 200 120
3.2689 -2.3553 -4.3029 80 200 120
2.0176 0.8223 -4.3797 80 200 120
-0.8045 -1.0147 -4.1892 80 200 120
2.2865 -2.1842 -3.6511 80 200 120
4.7289 -0.7048 -5.0721 80 200 120
2.0806 -1.9606 -3.6096 80 200 120
3.4085 0.9200 -4.3170 80 200 120
2.0033 -1.3935 -4.6645 80 200 120
6.7420 -1.8219 -1.7570 80 200 120
6.0628 1.9213 -1.0843 80 200 120
3.4407 1.4425 -0.9932 80 200 120
8.4111 -2.6180 -3.6577 80 200 120
5.5461 0.1007 -2.3932 80 200 120
4.4966 1.8362 -0.9814 80 200 120
4.8393 0.1535 -1.6997 80 200 120
72.6783 -11.2538 -1.2183 80 200 120
17.9366 -8.6746 -0.9906 80 200 120
-3.1081 4.8831 -0.6476 80 200 120
-2.5791 3.7811 -1.0241 80 200 120
-7.1764 4.2059 -1.0398 80 200 120
-4.7731 3.2334 -1.2747 80 200 120
-6.6583 2.7997 -1.3530 80 200 120
-6.2839 1.5875 -0.7342 80 200 120
-1.5518 0.9121 -2.3847 80 200 120
-2.5187 -0.4981 -2.1314 80 200 120
-2.7324 -0.9226 -1.9493 80 200 120
-0.8844 1.8958 -2.5038 80 200 120
-1.4021 1.3168 -2.5196 80 200 120
0.3924 3.1740 -2.4618 80 200 120
-3.6179 -0.7839 -1.3564 80 200 120
1.6325 2.4404 -1.5637 80 200 120
0.5054 5.0718 -0.9470 80 200 120
0.0358 3.0311 -2.6528 80 200 120
2.1947 2.1849 -1.1721 80 200 120
0.9892 -5.3881 -1.7902 80 200 120
-3.3962 -11.7106 -0.2524 80 200 120
-1.9429 -3.3610 -1.4269 80 200 120
-1.5261 -3.7503 -1.6477 80 200 120
-1.2702 -4.8091 -1.2501 80 200 120
-2.3902 -4.9284 -1.1023 80 200 120
3.5244 -7.4286 -3.6708 80 200 120
16.3022 -11.2570 -1.1090 80 200 120
0.6618 -1.7654 -4.6668 80 200 120
0.6791 -5.1433 -4.4997 80 200 120
1.4998 -1.1903 -4.6407 80 200 120
2.6803 -1.8274 -4.7019 80 200 120
2.9843 -0.8909 -4.7021 80 200 120
-1.9356 -0.7778 -4.6445 80 200 120
-0.3135 -0.5668 -3.7727 80 200 120
0.4502 1.0265 -4.6364 80 200 120
1.3096 1.2860 -3.4734 80 200 120
2.2166 0.8233 -3.4906 80 200 120
2.6414 -6.6855 -2.6082 80 200 120
4.7319 -0.5645 -3.7971 80 200 120
2.5111 -5.2910 -4.8475 80 200 120
1.4092 -2.6123 -4.3898 80 200 120
6.5134 -4.0652 -2.5659 80 200 120
6.3095 -11.1353 -1.8068 80 200 120
4.5498 -0.9688 -4.8297 80 200 120
0.9203 0.5617 -4.6365 80 200 120
0.4217 0.0114 -4.2848 80 200 120
2.1343 -0.0342 -4.6412 80 200 120
-1.7380 -3.4116 -4.2254 80 200 120
2.1625 -3.1784 -4.1159 80 200 120
3.6828 -7.3471 -2.3486 80 200 120
-0.2088 -0.1440 -3.6838 80 200 120
2.8740 -0.2793 -4.6803 80 200 120
2.8891 -6.7931 -1.7056 80 200 120
0.2019 -0.1924 -3.5697 80 200 120
1.9507 -0.8891 -4.6792 80 200 120
7.0273 -4.0593 -3.4445 80 200 120
0.6164 -5.3632 -2.2107 80 200 120
0.3395 0.2272 -4.5372 80 200 120
-0.6050 0.8215 -4.6548 80 200 120
1.3756 0.3013 -4.6683 80 200 120
0.2699 -4.9118 -2.8181 80 200 120
2.2508 -2.1577 -4.6181 80 200 120
1.0669 1.1742 -4.6182 80 200 120
-0.5544 1.3039 -4.6321 80 200 120
0.8230 -2.8764 -4.6858 80 200 120
1.4609 -5.0713 -4.7873 80 200 120
-0.0064 1.7729 -4.5494 80 200 120
-1.1383 -3.7839 -3.8503 80 200 120
4.8506 -1.6566 -4.8148 80 200 120
1.6113 -0.1200 -4.6917 80 200 120
-0.6265 -4.3809 -2.9848 80 200 120
0.3087 -1.6086 -4.1366 80 200 120
-0.3032 0.9584 -4.7478 80 200 120
3.8647 -4.4648 -4.3381 80 200 120
4.0463 -3.9667 -2.1130 80 200 120
-1.2201 -0.3499 -4.1705 80 200 120
4.5016 -7.9497 -1.9477 80 200 120
1.5011 -5.5209 -1.6798 80 200 120
1.5377 -0.7069 -4.6839 80 200 120
5.0949 -11.0630 -1.5181 80 200 120
-1.1544 -1.0953 -3.9165 80 200 120
1.1009 -0.7451 -4.7199 80 200 120
0.7396 -0.4338 -3.6414 80 200 120
0.5691 2.0031 -4.6378 80 200 120
1.2761 1.5387 -3.3167 80 200 120
2.2382 1.6660 -3.2314 80 200 120
1.7406 1.6475 -3.1543 80 200 120
2.5567 -6.5245 -2.0364 80 200 120
1.5051 1.6160 -3.1788 80 200 120
-0.1908 0.1026 -3.8838 80 200 120
-1.5374 -1.8135 -3.7367 80 200 120
-0.1579 -0.7060 -3.6534 80 200 120
2.2794 -2.2408 -3.9927 80 200 120
1.6784 1.4436 -3.6465 80 200 120
0.4820 -4.0890 -4.2885 80 200 120
-1.4141 -3.3111 -4.5132 80 200 120
-0.3168 -3.7462 -3.9949 80 200 120
-0.4629 -3.2069 -4.4792 80 200 120
0.3858 2.0297 -4.5565 80 200 120
-2.3257 -1.0562 -3.8211 80 200 120
0.2791 -1.0663 -3.6204 80 200 120
2.2321 -2.0308 -4.5370 80 200 120
1.7453 -2.1948 -4.2269 80 200 120
-1.9735 -1.3241 -3.2812 80 200 120
1.6936 -4.1406 -4.5590 80 200 120
-0.1213 -3.4292 -4.1690 80 200 120
0.4813 -3.3912 -4.5599 80 200 120
1.6863 -2.7803 -3.9759 80 200 120
-0.1209 -0.0017 -3.8853 80 200 120
1.5201 -5.8581 -4.5404 80 200 120
-2.2963 -0.6470 -4.2120 80 200 120
-1.0058 1.5233 -4.6357 80 200 120
-0.6940 -0.9817 -3.7958 80 200 120
0.9348 -1.5262 -4.7299 80 200 120
-0.3172 -0.9163 -3.6721 80 200 120
-0.9044 -1.0647 -3.0481 80 200 120
-0.4860 2.2420 -4.7529 80 200 120
0.6583 -1.9387 -4.7366 80 200 120
0.2664 -0.5943 -3.5773 80 200 120
-1.5134 0.6646 -4.3704 80 200 120
0.9938 -0.6403 -3.8283 80 200 120
0.5009 -4.8857 -4.3575 80 200 120
-0.3118 2.5490 -4.3291 80 200 120
-0.5509 -0.6455 -3.7733 80 200 120
-2.6050 -2.5572 -2.9463 80 200 120
-1.1755 -0.6181 -3.9971 80 200 120
-1.3450 1.2356 -4.5413 80 200 120
-0.6810 -3.3910 -4.1287 80 200 120
-1.5221 -3.2430 -3.9340 80 200 120
-1.5530 -0.8345 -4.0561 80 200 120
0.9244 -0.0885 -4.7540 80 200 120
0.9645 -3.2894 -4.5474 80 200 120
1.2071 -5.0306 -4.8260 80 200 120
-1.3633 -0.9248 -2.7827 80 200 120
1.3452 -2.5527 -4.3263 80 200 120
-0.4972 -0.9721 -1.5843 80 200 120
1.6815 0.5791 -4.7352 80 200 120
-0.0448 -0.4872 -3.6153 80 200 120
2.1659 -5.9680 -4.8259 80 200 120
-1.9186 -0.3454 -4.1162 80 200 120
0.3775 0.9462 -4.7456 80 200 120
0.8052 -2.8689 -4.6173 80 200 120
1.4644 -1.2389 -4.7019 80 200 120
2.0253 -3.6262 -4.3574 80 200 120
0.1151 -3.9909 -3.9308 80 200 120
-1.3726 1.3561 -2.9460 80 200 120
-2.3242 0.0344 -2.2005 80 200 120
-0.5038 -4.2828 -2.9291 80 200 120
-2.1556 0.3444 -3.8588 80 200 120
0.7726 0.5471 -4.6954 80 200 120
0.0235 1.9216 -4.7004 80 200 120
0.0944 -0.0373 -4.2416 80 200 120
0.9746 -2.4412 -4.6808 80 200 120
-1.1208 0.8823 -4.7940 80 200 120
-0.3403 -0.6332 -3.7077 80 200 120
-0.7977 -1.0370 -1.5603 80 200 120
1.8282 -0.0710 -4.6802 80 200 120
0.4249 -0.2891 -4.1736 80 200 120
-2.1715 -0.9922 -4.1091 80 200 120
1.5808 -2.4196 -4.0332 80 200 120
3.6018 -1.7260 -4.5756 80 200 120
2.6941 0.7550 -3.3988 80 200 120
4.6719 -3.8054 -3.9719 80 200 120
4.3944 -3.2233 -4.0379 80 200 120
4.0554 -0.2597 -4.7368 80 200 120
2.8838 -5.9740 -4.4498 80 200 120
3.8498 -0.0330 -4.0908 80 200 120
3.8716 -6.0631 -4.4735 80 200 120
3.6367 -3.3424 -3.8459 80 200 120
3.8730 -2.8038 -4.0651 80 200 120
3.8543 -3.7871 -3.4720 80 200 120
3.5790 -1.9561 -3.7549 80 200 120
2.5600 -6.4957 -4.4532 80 200 120
1.8395 -6.2962 -2.8430 80 200 120
3.2828 -1.5268 -4.6339 80 200 120
3.8170 -2.2206 -3.6259 80 200 120
5.3661 -3.0645 -5.7620 80 200 120
4.9567 -0.7883 -3.4852 80 200 120
4.0919 0.0129 -4.4774 80 200 120
2.2047 0.8792 -3.4629 80 200 120
9.8981 -4.2281 -6.4209 80 200 120
9.0636 -2.2993 -2.6786 80 200 120
51.6771 -18.8497 -1.7059 80 200 120
8.1915 -5.0066 -1.0202 80 200 120
42.0530 -9.6259 -1.0937 80 200 120
3.9619 0.6040 -1.4757 80 200 120
5.4908 -0.2374 -2.3242 80 200 120
5.3103 -0.6008 -1.4912 80 200 120
8.0107 -3.7854 -2.5813 80 200 120
7.6012 -2.0898 -3.6553 80 200 120
4.9598 0.6094 -2.6772 80 200 120
10.2174 -3.9035 -4.2825 80 200 120
-1.0612 3.3717 -1.4088 80 200 120
-1.6115 2.8702 -1.2603 80 200 120
-1.6936 4.5375 -1.1502 80 200 120
-7.7080 5.4779 -0.9619 80 200 120
-1.0247 1.7741 -2.7447 80 200 120
0.9125 5.5736 -1.0684 80 200 120
0.7891 3.1323 -2.0312 80 200 120
0.4313 -5.5289 -1.3812 80 200 120
0.1339 -5.8084 -1.1021 80 200 120
2.8362 -7.5722 -4.3758 80 200 120
7.0504 -9.4487 -1.3296 80 200 120
5.2105 -4.8825 -2.4822 80 200 120
5.8880 -4.9759 -2.5528 80 200 120
1.5338 -5.6961 -3.4991 80 200 120
3.4644 -6.9400 -4.2191 80 200 120
11.1765 -9.1291 -1.0944 80 200 120
2.2145 -5.8038 -3.2601 80 200 120
1.7019 0.6048 -4.8091 80 200 120
0.6927 -0.8246 -3.5364 80 200 120
2.7016 0.8205 -3.4596 80 200 120
4.2812 0.4404 -4.5238 80 200 120
-0.2263 -0.1705 -3.6792 80 200 120
-0.7965 1.3500 -4.8236 80 200 120
1.8329 -1.7235 -4.7761 80 200 120
-1.4157 0.0061 -4.0443 80 200 120
-2.9896 -1.2949 -3.0321 80 200 120
-1.1395 -3.7507 -3.7265 80 200 120
-1.2881 -1.0726 -1.5192 80 200 120
-0.3030 0.0488 -3.9292 80 200 120
-0.8675 -0.4980 -3.8970 80 200 120
-0.7607 0.2642 -4.2063 80 200 120
-0.3455 -0.0611 -3.7452 80 200 120
1.6910 -2.1355 -4.6017 80 200 120
-0.5165 -1.3442 -1.7715 80 200 120
2.3653 -2.8972 -3.9016 80 200 120
-2.6907 -0.3405 -2.7410 80 200 120
1.1891 0.2884 -4.7472 80 200 120
-0.7655 0.8699 -4.7973 80 200 120
1.4493 -0.7805 -4.7327 80 200 120
-0.6804 -0.7394 -3.8126 80 200 120
2.0806 -0.9655 -4.7320 80 200 120
-2.6704 -2.7144 -2.5267 80 200 120
-0.3584 1.1161 -4.8105 80 200 120
-0.5675 -0.2859 -3.7709 80 200 120
-0.7523 1.9739 -4.8186 80 200 120
1.1776 -0.4252 -4.7075 80 200 120
-1.2966 1.6618 -3.6693 80 200 120
0.5011 1.3545 -4.7113 80 200 120
-0.6028 -4.3844 -3.7331 80 200 120
-5.6639 -2.2675 -1.2032 80 200 120
-2.2201 -0.8996 -4.0901 80 200 120
0.6959 -0.8630 -3.5363 80 200 120
-2.4949 -0.2159 -2.1552 80 200 120
-0.5937 0.0304 -3.8255 80 200 120
2.0974 -0.6640 -4.7615 80 200 120
-0.4284 2.5378 -3.5455 80 200 120
-2.0879 0.2835 -2.7950 80 200 120
-2.2704 -3.1430 -2.0052 80 200 120
0.8093 -3.9430 -4.6089 80 200 120
-0.1716 -3.1736 -4.6692 80 200 120
-1.3975 -2.9724 -4.6855 80 200 120
0.2628 -1.5647 -4.1920 80 200 120
0.1757 -2.4435 -4.6848 80 200 120
4.9119 -0.4587 -4.7085 80 200 120
2.7810 0.5185 -3.7513 80 200 120
4.2714 -2.5768 -3.6046 80 200 120
4.3321 -2.2179 -4.0167 80 200 120
2.9243 0.7156 -3.6939 80 200 120
1.9666 1.3339 -3.5039 80 200 120
2.4747 0.8782 -3.4133 80 200 120
2.1900 0.8973 -3.4569 80 200 120
2.1671 1.1687 -3.4075 80 200 120
0.2731 -4.8742 -2.7797 80 200 120
1.4330 1.4489 -3.3752 80 200 120
3.2101 -2.1147 -4.4765 80 200 120
0.6118 2.1427 -3.1381 80 200 120
2.9832 0.7456 -4.3945 80 200 120
4.1690 0.0273 -3.7785 80 200 120
1.6738 1.2783 -3.4803 80 200 120
2.7167 0.5314 -4.6354 80 200 120
1.9281 1.1698 -3.4985 80 200 120
2.2232 1.7764 -3.3388 80 200 120
1.4657 1.3720 -4.3459 80 200 120
3.5237 -1.7090 -4.5230 80 200 120
1.9702 -1.9042 -4.4626 80 200 120
0.3545 2.0229 -4.5517 80 200 120
0.5676 2.2624 -3.0329 80 200 120
2.3601 1.0126 -3.3711 80 200 120
1.8110 1.7960 -3.3042 80 200 120
5.2464 -1.0827 -5.0613 80 200 120
0.8031 1.9837 -3.3986 80 200 120
0.3711 -0.9069 -3.4350 80 200 120
1.4442 2.0689 -3.2379 80 200 120
-1.6003 0.6999 -4.4504 80 200 120
5.3717 -1.5180 -4.6833 80 200 120
0.2494 -0.5350 -3.6086 80 200 120
0.7832 -1.1621 -4.3545 80 200 120
3.6214 -0.9451 -4.7310 80 200 120
0.8520 -0.6169 -4.4232 80 200 120
3.0226 -1.4411 -4.7750 80 200 120
2.8502 0.7796 -3.3910 80 200 120
2.1189 1.3826 -3.4518 80 200 120
1.8069 0.9412 -4.6063 80 200 120
0.5637 3.2261 -3.3023 80 200 120
3.1148 -2.0196 -4.2860 80 200 120
4.3371 -1.1539 -4.7454 80 200 120
2.8004 1.3567 -3.3972 80 200 120
-0.7064 2.0526 -4.6435 80 200 120
-0.1751 -0.5259 -3.6096 80 200 120
-0.0741 2.2927 -3.9314 80 200 120
0.8424 1.8315 -4.0979 80 200 120
0.8772 0.5641 -4.7043 80 200 120
1.8234 -1.2273 -4.7545 80 200 120
3.6139 -0.3795 -4.7516 80 200 120
-0.6427 -0.6283 -3.8149 80 200 120
0.9801 -0.1871 -4.7393 80 200 120
1.0574 1.7594 -3.3870 80 200 120
-1.4200 1.0792 -4.5437 80 200 120
0.3366 0.9974 -4.7177 80 200 120
-0.9043 1.4866 -4.4886 80 200 120
0.6176 -1.2116 -3.8136 80 200 120
0.1807 -0.4053 -3.4248 80 200 120
2.4438 -1.5082 -4.7141 80 200 120
-0.6628 1.3756 -4.6699 80 200 120
-0.1686 2.2416 -4.5629 80 200 120
2.0910 -0.0069 -4.6564 80 200 120
3.9650 0.7210 -3.1126 80 200 120
-0.2985 -0.0134 -3.7143 80 200 120
1.0640 2.3426 -3.2442 80 200 120
-1.5627 -0.6692 -4.2916 80 200 120
1.2330 -1.0480 -4.6568 80 200 120
-0.3128 -0.3072 -3.6530 80 200 120
4.4538 -0.2222 -3.4627 80 200 120
-0.2214 2.9136 -2.4254 80 200 120
1.1660 1.5824 -3.6084 80 200 120
2.8302 -0.8533 -4.7689 80 200 120
0.5266 -0.7118 -3.5399 80 200 120
1.5923 -0.1312 -4.6697 80 200 120
0.0023 1.9488 -4.7418 80 200 120
-0.1885 2.6144 -3.1236 80 200 120
-1.0207 -0.3108 -3.9971 80 200 120
-1.2294 1.6502 -3.6239 80 200 120
0.5768 1.3270 -4.6373 80 200 120
1.2150 2.9231 -2.6465 80 200 120
1.3373 0.3473 -4.6334 80 200 120
1.5842 2.6396 -2.8557 80 200 120
2.5859 1.6138 -3.3628 80 200 120
1.7126 -1.6947 -4.5489 80 200 120
-0.3548 0.8614 -4.7248 80 200 120
-0.9029 0.5957 -4.6013 80 200 120
-1.3114 0.6041 -4.5829 80 200 120
3.0187 0.1611 -4.6989 80 200 120
2.0830 -0.5168 -4.7201 80 200 120
1.6041 -0.6544 -4.7134 80 200 120
0.1099 2.2418 -4.0564 80 200 120
4.0461 0.8118 -4.7107 80 200 120
0.7175 -1.7413 -4.3966 80 200 120
-0.0133 -0.2008 -3.5135 80 200 120
2.4889 -2.2210 -4.4827 80 200 120
2.9990 1.2390 -3.3518 80 200 120
4.3881 -0.5830 -4.6385 80 200 120
-0.2740 5.5735 -1.1062 80 200 120
-1.9488 -1.3141 -4.9049 80 200 120
-0.0994 -0.8504 -3.6878 80 200 120
2.4187 0.5989 -4.5566 80 200 120
2.8463 -2.2803 -4.7272 80 200 120
7.3538 -0.5923 -3.6456 80 200 120
13.3590 -5.5999 -1.6009 80 200 120
6.5763 -3.8254 -1.8468 80 200 120
4.5559 -0.1583 -2.2709 80 200 120
6.9252 -3.0328 -2.7752 80 200 120
13.9336 1.2252 -1.2018 80 200 120
3.9267 1.2666 -1.0488 80 200 120
5.0448 1.5587 -1.0770 80 200 120
-3.2177 3.9854 -0.8284 80 200 120
-2.4127 3.1084 -1.0130 80 200 120
-0.9241 6.9141 -1.4414 80 200 120
-10.9371 3.4983 -1.6190 80 200 120
-2.5956 0.0687 -2.2588 80 200 120
-1.7666 0.5912 -2.0661 80 200 120
-0.0195 3.1384 -2.6983 80 200 120
-0.7734 2.0625 -2.2558 80 200 120
1.4136 -4.7152 -3.6790 80 200 120
-0.5117 -4.4267 -1.9560 80 200 120
4.1137 -5.5513 -3.3963 80 200 120
8.0121 -7.9495 -1.2639 80 200 120
3.6757 -6.0394 -4.1884 80 200 120
-0.1690 0.0934 -3.8596 80 200 120
5.2113 -3.5693 -4.2602 80 200 120
4.5747 -3.1265 -4.1465 80 200 120
0.5827 2.0935 -4.8902 80 200 120
1.4918 1.6663 -3.2551 80 200 120
1.7656 1.8126 -3.3110 80 200 120
3.2305 -3.9421 -4.7673 80 200 120
3.2302 -2.1172 -4.4467 80 200 120
3.0704 1.0673 -3.2844 80 200 120
0.4796 -1.3163 -3.8617 80 200 120
2.6564 1.5048 -3.3872 80 200 120
6.7615 -4.0966 -4.7071 80 200 120
5.8556 -10.8144 -1.2798 80 200 120
1.0301 -5.5714 -1.8347 80 200 120
0.4213 -4.6018 -2.7273 80 200 120
4.0149 -9.4301 -1.1702 80 200 120
3.2325 -2.7740 -4.2243 80 200 120
2.7459 -1.4656 -4.7625 80 200 120
2.1096 1.7267 -3.4269 80 200 120
6.0380 -1.8386 -2.2465 80 200 120
31.2444 -8.7901 -1.4022 80 200 120
2.4369 1.3147 -3.3704 80 200 120
1.2970 -3.2920 -4.4311 80 200 120
0.5294 -1.2180 -3.7906 80 200 120
3.6101 -5.0040 -4.4847 80 200 120
1.7588 1.7191 -3.5514 80 200 120
3.8402 -3.7147 -4.2440 80 200 120
3.8190 -7.8590 -4.6792 80 200 120
1.3109 2.0828 -3.3677 80 200 120
0.8067 -0.6677 -3.5523 80 200 120
1.4528 1.6662 -3.2672 80 200 120
1.7030 1.9176 -3.4394 80 200 120
4.8085 -3.9501 -4.0912 80 200 120
2.4156 1.3439 -3.4424 80 200 120
2.4998 0.6264 -3.5212 80 200 120
5.1565 -0.6922 -3.8556 80 200 120
7.2512 -1.6640 -4.9860 80 200 120
4.7320 -1.4758 -3.6062 80 200 120
5.8764 -1.6313 -4.6751 80 200 120
-6.4302 -2.5791 -6.6448 80 200 120
-2.7203 -2.3854 -5.2545 80 200 120
0.9603 -0.7274 -3.6859 80 200 120
0.9998 -0.6887 -4.8021 80 200 120
-1.5568 -1.8420 -4.7196 80 200 120
4.7651 1.7112 -1.2065 80 200 120
3.5954 1.3170 -1.1523 80 200 120
4.9733 0.1679 -2.3524 80 200 120
6.4105 -1.8128 -2.2735 80 200 120
5.8508 -0.7571 -2.5938 80 200 120
4.5477 0.3591 -1.7709 80 200 120
4.6579 0.8242 -1.3923 80 200 120
4.3410 0.7057 -1.8645 80 200 120
4.8918 0.4539 -2.1580 80 200 120
3.6911 0.9508 -1.4661 80 200 120
6.3055 -1.2840 -1.7421 80 200 120
3.8317 0.8471 -1.3850 80 200 120
5.1376 0.0031 -2.1413 80 200 120
5.0603 0.3684 -1.4848 80 200 120
-0.6351 2.3365 -2.8756 80 200 120
-1.8344 0.4574 -2.6267 80 200 120
-2.4045 0.0720 -2.6417 80 200 120
-0.2938 2.9267 -2.3759 80 200 120
0.2358 3.6758 -2.1236 80 200 120
-2.7919 -0.6099 -2.3155 80 200 120
-4.3037 -1.8738 -1.0727 80 200 120
1.1263 2.9863 -1.8941 80 200 120
-2.6044 -0.9198 -1.9541 80 200 120
56.8923 -19.5923 -1.3046 80 200 120
1.8640 -5.9282 -4.4961 80 200 120
5.8997 -4.7211 -3.0135 80 200 120
6.4518 -4.0031 -2.5499 80 200 120
0.6243 -6.3072 -3.9368 80 200 120
2.1286 -6.6000 -2.0845 80 200 120
12.6913 -7.1577 -1.3300 80 200 120
3.0260 -7.1091 -4.2713 80 200 120
5.5373 -0.9814 -4.0568 80 200 120
-0.2537 -2.7919 -4.7646 80 200 120
2.0818 -0.4855 -4.6976 80 200 120
2.8813 -6.9356 -3.3928 80 200 120
1.4266 1.3789 -3.3570 80 200 120
4.0964 -0.0269 -4.3885 80 200 120
-1.6985 -2.5612 -3.8236 80 200 120
-2.3193 -2.4603 -4.5686 80 200 120
4.2622 -1.2418 -4.6874 80 200 120
0.7184 2.7336 -3.4772 80 200 120
2.9809 -1.3159 -4.7028 80 200 120
4.4282 -3.2931 -4.0839 80 200 120
1.9549 1.0475 -3.5377 80 200 120
2.1241 -6.3737 -3.1769 80 200 120
3.7504 -3.4359 -4.4588 80 200 120
4.9263 -1.8997 -4.7376 80 200 120
1.3492 1.6319 -3.3135 80 200 120
4.5833 -2.4398 -4.6205 80 200 120
-5.3810 -2.2520 -6.9235 80 200 120
4.7289 1.1968 -1.2782 80 200 120
83.9510 -31.6315 -1.9164 80 200 120
24.2637 -3.3320 -1.4201 80 200 120
4.9046 -0.9891 -1.7592 80 200 120
81.4562 -17.2925 -0.5535 80 200 120
4.2978 0.5365 -1.5111 80 200 120
4.7420 -0.2553 -2.4416 80 200 120
4.9541 0.4112 -2.4481 80 200 120
4.1727 0.6975 -1.5202 80 200 120
5.0955 0.7623 -1.4305 80 200 120
4.9468 -0.4041 -2.3504 80 200 120
4.2988 0.5454 -1.9442 80 200 120
5.7549 -0.9079 -1.7706 80 200 120
4.7589 -0.8394 -1.9449 80 200 120
-1.0889 2.3348 -1.3787 80 200 120
-4.3258 7.5453 -0.6062 80 200 120
-1.8094 7.4323 -1.3946 80 200 120
-0.9339 2.0515 -2.9343 80 200 120
-1.0933 1.5722 -2.8194 80 200 120
-2.5494 -0.2473 -2.6360 80 200 120
0.6573 3.4554 -2.1219 80 200 120
0.4458 5.7649 -1.1200 80 200 120
0.1523 3.9655 -2.6210 80 200 120
3.5110 -7.0651 -1.5282 80 200 120
0.5033 -6.3062 -1.2717 80 200 120
-0.3229 -6.0915 -1.5582 80 200 120
4.7785 -4.3730 -3.1898 80 200 120
12.1302 -7.6280 -1.2949 80 200 120
0.4653 -5.0163 -2.5687 80 200 120
4.8640 -11.8935 -1.4299 80 200 120
4.6557 -5.4180 -3.1409 80 200 120
4.4223 -7.6615 -3.9538 80 200 120
0.1319 -4.9741 -3.0123 80 200 120
7.2951 -3.6851 -4.7981 80 200 120
6.6629 -2.2825 -4.8533 80 200 120
69.9460 -20.0314 -2.0498 80 200 120
2.1944 1.0968 -3.2457 80 200 120
5.5440 -2.1660 -4.8123 80 200 120
-1.9243 -2.8728 -4.6291 80 200 120
2.5662 -6.7872 -2.0372 80 200 120
7.9129 -2.6406 -2.8359 80 200 120
0.4103 -5.1857 -2.6590 80 200 120
-0.9433 -0.9706 -4.0937 80 200 120
0.1563 -0.4133 -3.5646 80 200 120
1.0138 -5.5501 -1.8282 80 200 120
44.1666 -15.9423 -1.5490 80 200 120
-0.7360 -2.5335 -4.7963 80 200 120
4.5472 -2.8002 -3.8382 80 200 120
3.9541 -2.8999 -4.0967 80 200 120
2.2366 1.7749 -3.3382 80 200 120
4.0382 -0.2843 -3.8469 80 200 120
1.6986 1.8369 -3.3658 80 200 120
4.6190 -2.5012 -3.8363 80 200 120
2.5002 -2.2234 -4.5457 80 200 120
4.0673 -0.0224 -4.4206 80 200 120
2.7965 0.6112 -3.9518 80 200 120
3.8199 -3.6168 -3.2187 80 200 120
3.8428 -3.7104 -3.6550 80 200 120
2.0894 -6.4441 -2.5364 80 200 120
1.8028 1.1233 -3.9634 80 200 120
4.2355 0.0738 -3.9318 80 200 120
4.3906 -0.1811 -3.6939 80 200 120
0.0098 -2.0340 -4.7497 80 200 120
5.9299 -1.1920 -4.0498 80 200 120
-0.0559 -0.8141 -3.6002 80 200 120
-1.6422 7.4436 -1.2376 80 200 120
-0.4610 6.4011 -1.2668 80 200 120
4.5712 -0.3741 -3.6395 80 200 120
1.6445 1.5474 -3.3663 80 200 120
0.4292 -1.0944 -3.5375 80 200 120
7.2948 1.2089 -1.2266 80 200 120
4.7522 0.1987 -2.3908 80 200 120
4.7414 0.0936 -2.1992 80 200 120
4.1985 1.5475 -1.1815 80 200 120
-1.9455 2.4729 -1.1497 80 200 120
-0.0312 2.8913 -2.9609 80 200 120
-3.3721 1.8001 -1.4281 80 200 120
-1.6510 0.9992 -3.0490 80 200 120
-1.9739 0.6495 -2.9915 80 200 120
-0.2225 -1.0307 -1.6223 80 200 120
1.2533 2.7972 -1.5710 80 200 120
-0.3959 2.6116 -2.4997 80 200 120
-0.9078 -0.9420 -1.6930 80 200 120
-1.5626 5.6147 -1.1908 80 200 120
-1.6364 1.1125 -2.6753 80 200 120
-1.3461 1.2367 -1.8815 80 200 120
-4.3837 -1.3447 -1.2496 80 200 120
-5.1425 -2.0501 -1.1602 80 200 120
0.1665 3.3062 -1.6961 80 200 120
-1.6744 5.0984 -1.6018 80 200 120
0.4264 -5.4362 -2.0524 80 200 120
-2.0947 -3.3082 -1.7740 80 200 120
5.6924 -11.5971 -2.0339 80 200 120
-0.4292 -4.3635 -2.8163 80 200 120
3.4661 -6.7437 -4.1273 80 200 120
3.9909 -5.3163 -3.7657 80 200 120
0.8953 -5.3834 -2.8443 80 200 120
13.0621 -9.7820 -1.5718 80 200 120
4.2329 0.1308 -4.0560 80 200 120
1.4907 1.2725 -4.5566 80 200 120
1.1800 1.4496 -4.5524 80 200 120
2.1239 -6.1087 -4.8220 80 200 120
4.5720 -0.0557 -3.9440 80 200 120
6.4768 -13.3102 -1.4298 80 200 120
3.8126 -1.5621 -4.3569 80 200 120
1.8057 1.0498 -4.4716 80 200 120
0.1135 -1.1048 -3.7229 80 200 120
1.4417 1.4094 -3.3244 80 200 120
4.1189 -4.3298 -2.8221 80 200 120
4.2613 -10.8575 -1.4705 80 200 120
-1.6319 -3.2532 -3.9761 80 200 120
0.8021 1.9658 -3.4244 80 200 120
-0.2186 -1.2914 -3.8162 80 200 120
4.3180 -3.1597 -3.9622 80 200 120
3.7730 -5.7456 -4.2421 80 200 120
4.3815 -3.8813 -3.5651 80 200 120
1.2106 2.1190 -3.2770 80 200 120
2.7577 0.2955 -4.7812 80 200 120
0.2562 -2.2849 -4.5986 80 200 120
0.5021 -0.2967 -4.8198 80 200 120
1.0411 -2.1915 -4.6977 80 200 120
1.0187 -0.1882 -4.7601 80 200 120
0.7241 -1.8612 -4.6413 80 200 120
6.2765 -4.0691 -6.3604 80 200 120
4.3168 -2.1290 -4.2042 80 200 120
6.5788 -2.4545 -4.9708 80 200 120
3.1113 -1.8899 -4.1507 80 200 120
2.7419 -1.4784 -4.8398 80 200 120
4.6309 1.3626 -1.2103 80 200 120
4.0274 1.0004 -1.4642 80 200 120
4.5896 -0.0321 -2.3665 80 200 120
3.6998 0.8184 -1.8173 80 200 120
6.0738 0.3299 -1.6195 80 200 120
9.3490 1.0262 -1.3174 80 200 120
43.7769 -5.7845 -1.6769 80 200 120
52.7987 -11.3414 -0.7425 80 200 120
3.9600 0.5906 -1.9084 80 200 120
8.0733 -4.3112 -2.2159 80 200 120
3.2905 1.3683 -1.7948 80 200 120
3.6156 1.0283 -1.5839 80 200 120
5.9842 -1.2238 -2.4416 80 200 120
3.6231 1.1950 -2.0020 80 200 120
-2.1090 2.9041 -1.1459 80 200 120
-1.2356 3.6005 -1.2593 80 200 120
-9.1250 1.9911 -1.1110 80 200 120
-9.2345 2.4534 -1.5877 80 200 120
-0.3406 2.6501 -3.0975 80 200 120
-2.1202 0.2108 -3.0485 80 200 120
-9.3854 -5.4372 -1.4254 80 200 120
-2.3907 -0.5782 -2.2197 80 200 120
1.1831 2.9246 -1.9181 80 200 120
0.0218 4.0630 -2.7749 80 200 120
-6.7918 -5.5836 -1.2334 80 200 120
2.5970 -6.9036 -2.1599 80 200 120
0.9655 -6.8139 -1.5096 80 200 120
2.8116 -9.2365 -1.5087 80 200 120
3.1522 -9.4623 -1.1828 80 200 120
8.9438 -8.0994 -1.6894 80 200 120
4.0997 -4.4048 -2.7409 80 200 120
4.2404 -3.6980 -2.3146 80 200 120
6.6722 -4.6585 -2.4688 80 200 120
1.9400 -5.8889 -3.2928 80 200 120
6.1150 -9.7648 -1.3221 80 200 120
2.9268 0.7638 -3.4410 80 200 120
3.4994 -10.6610 -1.3137 80 200 120
1.9485 1.4086 -3.5187 80 200 120
7.2863 -2.7341 -4.5104 80 200 120
2.2648 1.7622 -3.3257 80 200 120
4.4404 -3.4796 -3.6740 80 200 120
4.1048 -0.2797 -4.7893 80 200 120
3.8623 -2.2720 -3.7244 80 200 120
0.2475 -4.9364 -2.7992 80 200 120
4.1601 -0.2674 -4.0344 80 200 120
-0.7191 -0.9718 -2.3411 80 200 120
1.7833 -6.3208 -2.6986 80 200 120
4.6424 -2.8746 -3.9276 80 200 120
5.7073 -3.9265 -4.2379 80 200 120
3.8859 -3.8151 -3.3044 80 200 120
4.7652 -3.2957 -3.4031 80 200 120
3.9999 -3.0562 -4.1057 80 200 120
4.8289 -2.6818 -4.9602 80 200 120
-10.9494 1.3924 -1.3749 80 200 120
4.5324 -0.4478 -4.1651 80 200 120
4.6270 -0.5076 -4.0889 80 200 120
2.0563 1.6195 -3.4721 80 200 120
-0.0329 -0.0106 -4.2950 80 200 120
3.5108 -1.9394 -3.7675 80 200 120
2.0584 -2.1410 -3.8656 80 200 120
5.3979 -1.4281 -4.1984 80 200 120
2.0525 -1.8979 -4.4844 80 200 120
2.3065 -2.0382 -3.5680 80 200 120
3.9671 0.6697 -4.7053 80 200 120
8.8164 -1.6600 -2.8157 80 200 120
3.8364 1.0828 -1.4554 80 200 120
4.4434 0.5873 -1.5585 80 200 120
4.4244 0.4791 -1.8467 80 200 120
4.0848 0.6663 -1.4833 80 200 120
5.2521 -0.4179 -2.1458 80 200 120
131.2429 -45.4075 -1.7967 80 200 120
7.3551 -3.0219 -1.7016 80 200 120
17.4049 -5.3773 -3.9590 80 200 120
9.1430 -3.2699 -3.2175 80 200 120
5.4068 -0.2933 -1.9152 80 200 120
6.0697 -0.6722 -2.0290 80 200 120
3.1759 1.4063 -1.4164 80 200 120
-0.7239 3.2265 -1.6574 80 200 120
-0.1283 2.2101 -1.5182 80 200 120
-10.8601 1.6367 -1.4065 80 200 120
0.1533 5.5443 -1.2880 80 200 120
-7.5248 -3.3235 -1.3295 80 200 120
-1.3169 1.3643 -2.9529 80 200 120
-0.0352 3.2067 -3.0061 80 200 120
-1.0250 1.8499 -3.1888 80 200 120
-2.0534 -6.1301 -1.2126 80 200 120
-1.3166 -5.7396 -1.0752 80 200 120
-1.2803 -4.0941 -1.0837 80 200 120
-3.0543 -5.3655 -1.1947 80 200 120
46.4889 -15.5464 -1.7094 80 200 120
1.4682 -6.7643 -4.5709 80 200 120
3.7952 -5.9507 -4.0379 80 200 120
4.2274 -6.0296 -4.0975 80 200 120
5.1151 -4.8271 -3.3961 80 200 120
4.2213 -0.3158 -3.8629 80 200 120
3.8629 -3.6486 -4.2387 80 200 120
0.1863 -1.0957 -3.6486 80 200 120
-0.3055 0.2249 -4.6528 80 200 120
0.4661 -0.2834 -4.1838 80 200 120
0.5737 -0.3561 -3.6091 80 200 120
1.5359 1.3764 -4.0012 80 200 120
9.8680 -8.6071 -1.4839 80 200 120
1.8342 1.6539 -3.4715 80 200 120
0.2638 2.5456 -5.7996 80 200 120
-1.4256 -2.6464 -4.7978 80 200 120
1.7701 1.2274 -3.5267 80 200 120
4.0292 -0.0171 -4.2985 80 200 120
1.8265 1.6239 -3.4934 80 200 120
0.5302 2.0768 -3.3297 80 200 120
5.3484 -1.1879 -4.9136 80 200 120
2.0970 1.1960 -3.3966 80 200 120
4.8925 -0.7440 -4.0916 80 200 120
3.8431 -3.6567 -3.7170 80 200 120
-0.4360 -0.9495 -1.6338 80 200 120
1.7103 1.8397 -3.3506 80 200 120
1.1763 2.2080 -3.3495 80 200 120
-9.5299 -6.1611 -1.5079 80 200 120
2.9497 -6.9672 -3.4240 80 200 120
1.4637 1.7225 -3.2945 80 200 120
3.7678 0.5807 -4.2073 80 200 120
2.7327 -1.8258 -4.6983 80 200 120
1.7346 0.6042 -4.8001 80 200 120
0.3114 -1.3864 -3.9344 80 200 120
0.3310 -0.9869 -3.4441 80 200 120
3.3193 -2.4076 -4.0017 80 200 120
5.3033 -1.1594 -5.1504 80 200 120
4.2036 0.5543 -1.6848 80 200 120
8.0718 -3.0456 -2.1332 80 200 120
4.5169 0.3286 -1.9863 80 200 120
4.5416 -0.0590 -2.3068 80 200 120
4.8157 0.2019 -2.4133 80 200 120
4.4430 0.3715 -2.1268 80 200 120
7.9303 -4.0204 -1.8708 80 200 120
19.7652 -7.9390 -4.7306 80 200 120
-2.6703 5.7746 -0.9176 80 200 120
-2.3145 1.6863 -1.4222 80 200 120
-2.0234 0.6847 -3.4159 80 200 120
-3.2609 -1.1802 -3.3137 80 200 120
-0.8459 2.4590 -3.5257 80 200 120
-2.4547 -2.7326 -2.0989 80 200 120
-2.1883 0.4009 -3.4208 80 200 120
-1.2109 -1.2423 -2.3312 80 200 120
-1.2387 1.5884 -3.3894 80 200 120
-1.6658 -1.2329 -2.0167 80 200 120
-2.8190 -0.7443 -3.0057 80 200 120
-0.0086 3.0978 -2.5764 80 200 120
-1.5639 1.1140 -3.1256 80 200 120
-0.5785 -5.7489 -1.1673 80 200 120
0.9788 -5.0315 -3.4386 80 200 120
-2.4076 -3.2317 -2.0111 80 200 120
6.9318 -3.8796 -2.3844 80 200 120
-0.7151 -2.8617 -4.6405 80 200 120
2.7875 0.6131 -4.5147 80 200 120
2.4855 0.9574 -3.4866 80 200 120
3.2812 1.0139 -4.0970 80 200 120
72.2855 -21.2436 -2.0639 80 200 120
2.7140 0.8754 -3.5814 80 200 120
4.3968 -2.1365 -4.4226 80 200 120
3.1421 1.1669 -3.4383 80 200 120
5.1469 -1.0022 -4.0245 80 200 120
-1.4657 -3.3426 -4.5709 80 200 120
3.6658 -1.8563 -3.7413 80 200 120
2.2208 1.0806 -3.2916 80 200 120
3.5557 -5.2240 -4.7322 80 200 120
6.0605 -2.3817 -4.7184 80 200 120
2.0030 -1.3957 -4.7783 80 200 120
2.7630 -1.8906 -4.7840 80 200 120
2.6888 0.4584 -4.6783 80 200 120
3.6633 -1.7375 -4.6400 80 200 120
4.3766 0.1000 -4.2060 80 200 120
0.4710 -0.2003 -4.6800 80 200 120
3.3159 -1.5617 -4.7453 80 200 120
3.2583 -1.9404 -4.8127 80 200 120
3.2718 -5.4278 -4.3383 80 200 120
2.5964 -7.2929 -2.1343 80 200 120
2.3152 -2.0740 -4.5871 80 200 120
-2.8212 -0.6335 -4.5166 80 200 120
-0.0591 -2.1015 -4.8041 80 200 120
1.0924 -2.1666 -4.6346 80 200 120
2.6868 0.5285 -3.5507 80 200 120
-2.1990 7.9429 -1.5060 80 200 120
0.9496 -0.7062 -3.6541 80 200 120
0.5673 -1.3408 -4.0969 80 200 120
5.1032 -1.7908 -3.8784 80 200 120
-0.7592 2.1409 -1.6830 80 200 120
0.3413 -2.2043 -4.4780 80 200 120
4.8432 -1.3658 -4.9421 80 200 120
4.7688 0.2203 -2.0018 80 200 120
9.2602 -2.4911 -3.1112 80 200 120
4.6906 0.1013 -2.1555 80 200 120
4.7376 0.3692 -1.6203 80 200 120
3.5703 1.1294 -1.5579 80 200 120
-1.7287 7.7805 -1.7395 80 200 120
-1.6354 1.0087 -1.5947 80 200 120
-0.8608 5.3462 -1.6054 80 200 120
-5.7686 1.8066 -1.7305 80 200 120
-2.5710 -0.2449 -3.5162 80 200 120
-3.0842 -5.6724 -1.3005 80 200 120
-0.2775 6.2597 -1.4533 80 200 120
0.2639 3.0814 -2.1877 80 200 120
0.5242 4.4032 -1.7773 80 200 120
0.6716 3.3888 -2.0746 80 200 120
-0.8116 -0.9947 -1.5114 80 200 120
-2.3196 -2.2547 -1.8704 80 200 120
0.3468 3.2638 -1.9032 80 200 120
0.6601 5.5388 -1.4430 80 200 120
-4.4040 -4.5829 -1.4172 80 200 120
-8.8517 -5.7892 -1.4702 80 200 120
-3.6843 -5.0355 -1.4137 80 200 120
1.3178 -6.7914 -2.6241 80 200 120
2.6470 -5.9157 -1.5959 80 200 120
3.3811 -8.8798 -1.9785 80 200 120
7.4134 -3.4726 -2.8930 80 200 120
3.3188 -5.3809 -4.1043 80 200 120
0.6378 -4.8301 -2.8976 80 200 120
5.4586 -5.0718 -2.6025 80 200 120
5.4786 -5.4045 -3.6862 80 200 120
-1.7650 -4.4853 -1.3527 80 200 120
2.6866 -8.1375 -4.6238 80 200 120
6.2306 -5.5333 -3.8952 80 200 120
6.8782 -4.0081 -1.8851 80 200 120
6.9939 -4.3696 -3.1773 80 200 120
7.6517 -3.0353 -2.1097 80 200 120
10.4119 -4.7522 -1.4231 80 200 120
4.2802 -3.8241 -2.8370 80 200 120
1.7530 -2.1033 -4.6058 80 200 120
2.9860 -2.8525 -4.3627 80 200 120
0.1991 -3.6244 -3.8754 80 200 120
4.5453 -0.6219 -3.9094 80 200 120
3.5635 -7.1191 -3.2079 80 200 120
3.3693 0.8029 -4.5379 80 200 120
0.4478 -4.9064 -2.5317 80 200 120
4.1405 -3.0928 -3.8930 80 200 120
5.3836 -3.3346 -3.7718 80 200 120
-0.8768 -2.9285 -4.7203 80 200 120
0.7709 -1.0083 -4.2709 80 200 120
-0.4295 -2.0615 -4.6617 80 200 120
0.0228 2.4054 -4.4002 80 200 120
4.5108 -3.6744 -3.8356 80 200 120
3.9383 -3.9091 -3.4217 80 200 120
-2.9175 -2.0475 -2.9722 80 200 120
-11.0157 -6.6933 -1.5713 80 200 120
4.7969 -3.0325 -4.1030 80 200 120
5.5941 -3.8037 -4.1090 80 200 120
2.8929 0.5398 -4.4761 80 200 120
4.2654 -3.2021 -3.8955 80 200 120
5.1813 -1.1744 -4.6472 80 200 120
1.1577 -1.6419 -4.6126 80 200 120
4.0845 -0.3105 -4.7486 80 200 120
2.3635 0.6205 -4.5967 80 200 120
3.9848 -2.1989 -4.4664 80 200 120
0.2048 -1.4376 -3.9829 80 200 120
-1.0682 -1.4747 -4.1224 80 200 120
-1.3164 1.3860 -2.9663 80 200 120
-0.2718 6.1955 -1.4541 80 200 120
0.0051 -0.8319 -3.5330 80 200 120
2.4838 -2.2596 -4.5863 80 200 120
3.2917 -1.5229 -4.6684 80 200 120
3.5464 -1.9918 -4.7667 80 200 120
4.0238 -1.9093 -4.7774 80 200 120
8.6359 -1.9464 -1.9836 80 200 120
7.2221 -2.9253 -1.8200 80 200 120
15.9880 -0.0661 -1.5386 80 200 120
34.0553 -7.4520 -1.7342 80 200 120
5.5367 -0.6472 -2.3105 80 200 120
-2.7639 -2.7590 -2.5336 80 200 120
-3.7221 -1.5563 -2.3848 80 200 120
-2.0274 -3.0554 -1.9794 80 200 120
-1.6495 -1.6757 -2.3938 80 200 120
-2.4611 -2.0840 -2.2676 80 200 120
-2.9253 -0.8955 -3.6041 80 200 120
-0.7478 2.0149 -3.3697 80 200 120
6.2214 -4.3972 -3.6643 80 200 120
4.6738 -7.6165 -4.9545 80 200 120
2.6054 -5.1552 -2.6973 80 200 120
2.4572 -8.4453 -5.5734 80 200 120
1.9274 -7.3637 -5.3443 80 200 120
1.6237 -5.9028 -4.1100 80 200 120
-0.6311 -4.4277 -3.0120 80 200 120
1.7116 -4.8019 -3.1033 80 200 120
-1.1790 -4.0578 -2.2162 80 200 120
5.0560 -1.0649 -4.3825 80 200 120
0.9424 -1.0485 -4.5981 80 200 120
-0.3192 -2.1264 -4.6853 80 200 120
2.5424 1.3567 -3.3380 80 200 120
4.5218 -3.1556 -3.5579 80 200 120
1.7387 1.2165 -3.5050 80 200 120
4.0498 -0.0175 -4.2830 80 200 120
2.8585 0.6614 -3.5301 80 200 120
0.5934 2.1029 -3.4300 80 200 120
2.2706 1.7051 -3.3069 80 200 120
2.4605 0.8957 -3.4191 80 200 120
0.9897 1.7860 -3.3698 80 200 120
2.6821 1.4603 -3.3801 80 200 120
4.4048 -4.0241 -3.6574 80 200 120
1.4042 1.2964 -4.7127 80 200 120
4.8022 -2.6902 -4.3253 80 200 120
2.7015 0.5308 -3.6209 80 200 120
5.3917 -1.4023 -4.1870 80 200 120
-1.7561 5.5355 -1.4480 80 200 120
9.2664 0.7801 -1.4714 80 200 120
25.9323 -3.7054 -1.7204 80 200 120
18.8608 -1.1877 -1.4250 80 200 120
82.5711 -28.7432 -14.9303 80 200 120
4.4321 0.4987 -2.3250 80 200 120
4.1049 0.4662 -2.2067 80 200 120
5.3445 0.0163 -1.7053 80 200 120
4.4328 0.2615 -2.1681 80 200 120
4.3559 0.3703 -2.1470 80 200 120
4.7312 0.0734 -2.2794 80 200 120
3.9707 0.5643 -1.9249 80 200 120
4.7438 -0.3270 -2.2804 80 200 120
200.1160 -66.2013 -2.4993 80 200 120
6.5809 1.2473 -1.4771 80 200 120
-0.4298 1.7984 -1.6320 80 200 120
-1.2974 1.2366 -3.5584 80 200 120
-1.6758 -1.7236 -1.4102 80 200 120
-9.9978 -6.2039 -1.6534 80 200 120
-3.3134 -1.3807 -3.2247 80 200 120
-5.8890 -5.4250 -1.5282 80 200 120
-0.2910 2.6718 -3.0715 80 200 120
0.0960 3.0494 -2.9192 80 200 120
1.6521 2.5329 -1.9458 80 200 120
3.8136 -7.5825 -2.4659 80 200 120
0.8157 -5.1467 -2.3996 80 200 120
-0.2903 -5.3508 -1.9370 80 200 120
2.1822 -5.8442 -1.5798 80 200 120
3.9886 -5.3622 -1.8451 80 200 120
-0.2516 -4.7580 -1.4464 80 200 120
1.0132 -5.9824 -3.9248 80 200 120
6.4215 -2.7340 -2.1412 80 200 120
0.1495 -3.9491 -2.8418 80 200 120
19.6422 -6.8275 -1.9413 80 200 120
0.9978 -5.0683 -3.4634 80 200 120
7.4267 -3.7733 -2.0805 80 200 120
25.1239 -6.7297 -1.7628 80 200 120
-1.5606 -3.2501 -2.0134 80 200 120
2.3954 -1.4913 -4.7723 80 200 120
0.7597 -1.2480 -4.4032 80 200 120
0.3956 -0.1143 -4.6508 80 200 120
2.7126 -9.4981 -1.5950 80 200 120
3.7028 0.9533 -4.6300 80 200 120
2.5754 -7.0064 -2.0914 80 200 120
-0.6745 -3.5993 -4.3274 80 200 120
1.5037 1.3000 -4.6680 80 200 120
1.9865 1.0667 -3.5253 80 200 120
5.2601 -10.8895 -1.6214 80 200 120
0.2787 -4.7970 -4.3483 80 200 120
2.4962 -4.9400 -4.7329 80 200 120
0.2614 -1.7120 -4.4656 80 200 120
4.2727 -10.5849 -1.5579 80 200 120
2.6972 1.5714 -3.4597 80 200 120
5.1758 -3.7893 -3.7227 80 200 120
4.2588 -0.2763 -4.2258 80 200 120
3.7633 0.8716 -4.6603 80 200 120
-8.9229 -5.6380 -1.5668 80 200 120
4.2146 0.0569 -3.9458 80 200 120
5.2543 -3.1975 -5.5317 80 200 120
3.2935 1.0833 -4.4429 80 200 120
4.7582 -0.7316 -3.9816 80 200 120
0.8799 2.1988 -3.1400 80 200 120
2.0425 -1.9224 -4.5195 80 200 120
2.4897 -2.2309 -4.5878 80 200 120
0.0285 -0.8240 -3.5104 80 200 120
0.8652 -0.5911 -3.5327 80 200 120
3.2614 -2.3329 -4.3889 80 200 120
3.2287 -1.9767 -5.0191 80 200 120
0.1949 -1.0695 -3.5781 80 200 120
3.6837 -1.7174 -3.7497 80 200 120
0.2045 -1.3945 -3.9929 80 200 120
4.0594 -1.8014 -3.8372 80 200 120
-5.7905 -1.8386 -6.5985 80 200 120
-6.5045 -1.9517 -6.0915 80 200 120
0.5964 -0.3188 -4.6708 80 200 120
-1.9515 -0.5593 -4.0833 80 200 120
0.6712 -0.3774 -3.6155 80 200 120
5.5676 1.1159 -1.4986 80 200 120
7.2185 -0.2157 -1.8105 80 200 120
4.5290 0.2173 -1.7270 80 200 120
4.9850 0.1054 -1.7872 80 200 120
5.4425 -0.7586 -1.7422 80 200 120
9.3699 -1.8400 -2.8537 80 200 120
-0.2360 0.8775 -1.5227 80 200 120
-0.8893 2.5334 -1.7148 80 200 120
-2.5603 8.0626 -1.5935 80 200 120
-4.0784 2.9664 -1.3877 80 200 120
-2.2262 -2.9125 -2.6800 80 200 120
-1.8426 -4.4107 -1.8407 80 200 120
-1.8654 -4.0287 -2.1170 80 200 120
-2.9658 -2.5758 -3.2623 80 200 120
-0.5538 -0.9771 -1.6053 80 200 120
-0.0711 -1.1302 -1.6142 80 200 120
-2.6667 -2.7654 -2.4828 80 200 120
0.1713 3.2392 -2.1657 80 200 120
-2.1721 -1.8041 -2.9257 80 200 120
-2.2228 -0.7111 -2.9249 80 200 120
-2.6560 -0.6356 -3.5199 80 200 120
-3.0337 -0.3175 -3.7986 80 200 120
-1.7620 -3.3477 -1.8670 80 200 120
-2.1003 -4.8937 -1.5146 80 200 120
-0.5950 2.4700 -3.4404 80 200 120
2.4438 -6.4909 -2.5935 80 200 120
-1.9579 -4.4226 -1.8420 80 200 120
2.1784 -6.1985 -4.4787 80 200 120
5.7035 -5.8649 -3.8872 80 200 120
5.9958 -4.2907 -3.3932 80 200 120
3.4603 -2.0753 -3.7776 80 200 120
2.1899 1.1160 -3.3132 80 200 120
1.3594 1.3284 -4.3167 80 200 120
0.5099 -0.2801 -4.1602 80 200 120
2.3607 0.6730 -4.6651 80 200 120
-0.0703 -3.8590 -4.0700 80 200 120
-3.0116 -2.4700 -4.4557 80 200 120
5.1432 -3.8427 -4.1379 80 200 120
4.5694 -0.2434 -3.9134 80 200 120
3.3652 -2.3046 -3.7850 80 200 120
2.9067 0.6128 -3.4738 80 200 120
4.5560 -0.5225 -4.1329 80 200 120
2.7209 0.7364 -3.4309 80 200 120
1.9003 1.3036 -3.3578 80 200 120
1.8091 1.5765 -3.1853 80 200 120
2.1171 1.1817 -3.3550 80 200 120
1.0677 -0.6314 -4.6341 80 200 120
-1.8841 -2.2479 -4.1338 80 200 120
1.0779 -1.6326 -4.7456 80 200 120
1.9509 -1.4480 -4.7581 80 200 120
-0.2396 -1.9058 -4.9477 80 200 120
0.9866 -2.2233 -4.7052 80 200 120
1.4102 -1.2512 -4.7583 80 200 120
2.9310 0.6524 -3.4794 80 200 120
0.6289 -1.2635 -4.2850 80 200 120
2.3364 0.7341 -3.5006 80 200 120
9.3437 0.3584 -1.7840 80 200 120
6.9513 1.0056 -1.7145 80 200 120
5.1594 -0.1601 -2.1576 80 200 120
4.5756 0.1471 -2.2961 80 200 120
16.3913 -7.9094 -2.1876 80 200 120
5.2629 -0.2674 -2.3612 80 200 120
5.8901 -0.5932 -2.4152 80 200 120
7.6331 -2.7995 -2.0331 80 200 120
5.2251 -0.2980 -2.1394 80 200 120
-11.4881 2.2438 -1.9275 80 200 120
-2.2808 -2.7315 -3.0569 80 200 120
-1.9146 0.5815 -3.9722 80 200 120
-2.5058 -1.2326 -2.1977 80 200 120
-2.2811 -3.1847 -2.0541 80 200 120
-4.2377 -3.0685 -1.9602 80 200 120
-0.1154 -5.6009 -1.6529 80 200 120
1.9040 -5.2509 -1.6742 80 200 120
3.7082 -5.0627 -4.3361 80 200 120
2.7501 -6.4367 -4.6317 80 200 120
4.0186 -3.7318 -2.8330 80 200 120
3.5161 -6.2549 -4.6872 80 200 120
10.8219 -4.7634 -1.9054 80 200 120
7.0997 -4.0638 -2.4628 80 200 120
4.7913 -2.6636 -4.0839 80 200 120
4.0882 -2.1879 -3.8480 80 200 120
2.5131 -2.2836 -4.6800 80 200 120
2.3023 1.7354 -3.3113 80 200 120
2.0181 -2.2233 -3.8182 80 200 120
2.6390 1.6295 -3.4655 80 200 120
0.6270 -0.3739 -4.7339 80 200 120
4.7954 -1.0600 -1.5784 80 200 120
3.0394 -3.6163 -4.7457 80 200 120
5.7469 -4.0304 -4.2251 80 200 120
4.4364 -3.5485 -3.6916 80 200 120
2.9141 0.5880 -4.5888 80 200 120
0.2528 -0.8409 -1.5996 80 200 120
4.0408 -2.1758 -4.0211 80 200 120
3.6604 -1.6993 -4.4792 80 200 120
4.1832 -1.9366 -3.8522 80 200 120
1.3446 -1.4946 -3.3652 80 200 120
-4.5004 -1.5373 -5.4144 80 200 120
0.1899 -2.1709 -3.8107 80 200 120
1.9010 1.3599 -3.3858 80 200 120
-2.1310 -1.7216 -4.1127 80 200 120
4.8746 -0.4497 -3.8348 80 200 120
5.3634 -0.7434 -3.9985 80 200 120
4.7318 -0.1984 -4.0742 80 200 120
4.0004 -4.0958 -1.8329 80 200 120
4.0445 -6.0772 -2.3747 80 200 120
6.4006 -4.8014 -3.6672 80 200 120
7.0562 -3.6037 -3.0984 80 200 120
6.2829 -5.3503 -3.9285 80 200 120
3.1109 -5.9477 -4.5531 80 200 120
7.0224 -1.5705 -4.5898 80 200 120
4.8080 -2.7850 -4.6287 80 200 120
2.2895 -2.2300 -3.6668 80 200 120
0.1080 -1.8241 -4.6949 80 200 120
2.6976 -2.4488 -3.9779 80 200 120
0.3812 -1.3774 -4.2609 80 200 120
3.3185 0.9038 -4.7283 80 200 120
4.0859 -0.0346 -4.2643 80 200 120
2.8320 0.6627 -3.4956 80 200 120
4.7319 -0.2316 -4.0960 80 200 120
4.7505 -0.5269 -4.4354 80 200 120
5.0844 -3.8463 -3.6899 80 200 120
2.1412 1.2551 -3.4729 80 200 120
2.7213 0.7811 -3.4393 80 200 120
4.3954 -4.0637 -3.6589 80 200 120
2.4653 0.9287 -3.4493 80 200 120
1.4394 1.2925 -4.6762 80 200 120
-0.0423 -0.2790 -1.6064 80 200 120
1.9123 1.1509 -3.6139 80 200 120
1.8975 1.3394 -3.4155 80 200 120
4.2006 0.2168 -4.1157 80 200 120
5.2516 -0.9385 -3.8626 80 200 120
0.6758 -1.9366 -4.7719 80 200 120
1.6767 1.6444 -1.5760 80 200 120
4.8205 -0.7355 -4.0901 80 200 120
0.2389 0.0662 -4.4096 80 200 120
-2.3534 -2.4652 -4.5472 80 200 120
0.3289 -0.2809 -4.1687 80 200 120
8.1116 -3.1228 -7.9959 80 200 120
2.3364 -1.9883 -4.6929 80 200 120
6.1820 -1.7798 -5.0051 80 200 120
0.2318 0.7257 -1.5622 80 200 120
-0.0096 1.6255 -1.6539 80 200 120
1.5589 -0.0998 -4.7587 80 200 120
-0.0685 3.4207 -2.2160 80 200 120
3.6292 -1.6358 -4.4678 80 200 120
2.0042 1.5097 -1.5690 80 200 120
4.1971 0.0453 -4.2711 80 200 120
3.9982 -1.8988 -4.6025 80 200 120
5.6224 -0.6602 -2.3010 80 200 120
2.6994 1.6382 -1.8664 80 200 120
5.2326 -0.1434 -2.2164 80 200 120
4.4612 0.2258 -2.1856 80 200 120
5.1739 -0.0869 -1.8291 80 200 120
3.6407 0.9927 -1.9859 80 200 120
3.2024 1.4673 -2.0315 80 200 120
4.6568 0.2818 -1.7127 80 200 120
4.2678 0.3104 -2.2236 80 200 120
5.4928 -0.3495 -2.1056 80 200 120
3.7728 0.9891 -1.9305 80 200 120
4.4634 0.4326 -1.7095 80 200 120
4.5406 0.3857 -2.0659 80 200 120
4.3159 0.5740 -1.9634 80 200 120
4.5724 0.4188 -2.2270 80 200 120
4.8539 0.1416 -2.2874 80 200 120
4.4130 0.4567 -1.8236 80 200 120
3.6947 0.9179 -2.0669 80 200 120
5.9592 -0.8703 -1.8505 80 200 120
5.5900 -0.4124 -2.3449 80 200 120
4.0678 0.8110 -2.1904 80 200 120
4.0623 0.7483 -1.8287 80 200 120
4.2409 0.5748 -1.6794 80 200 120
-1.1640 1.5132 -3.8615 80 200 120
-0.8143 1.2367 -1.6216 80 200 120
-0.4383 2.7338 -2.0220 80 200 120
-0.7969 -0.9061 -2.6049 80 200 120
-2.0017 -1.5956 -2.0806 80 200 120
-1.9957 -0.9960 -2.5044 80 200 120
-1.9954 0.7720 -2.9623 80 200 120
-1.9564 0.7662 -3.6587 80 200 120
-0.1503 2.9653 -3.1142 80 200 120
0.0646 -0.8285 -1.5898 80 200 120
-0.9932 2.0208 -1.9758 80 200 120
-3.1288 -2.3749 -3.6812 80 200 120
-2.4016 -2.8740 -3.0744 80 200 120
-1.5715 1.4758 -3.0187 80 200 120
1.8620 1.7535 -1.5757 80 200 120
-1.7452 -3.4475 -2.0139 80 200 120
-2.1527 0.4236 -3.5256 80 200 120
-0.7721 -3.5133 -1.6152 80 200 120
-2.6114 -0.7425 -3.7107 80 200 120
-0.5358 -2.3787 -1.5918 80 200 120
2.2728 1.4264 -1.5626 80 200 120
-1.1216 -1.4389 -3.0668 80 200 120
0.3302 2.8005 -2.8284 80 200 120
-2.2606 0.5068 -2.7504 80 200 120
-2.5549 -2.3534 -1.7212 80 200 120
-0.5835 -2.8034 -1.5716 80 200 120
-2.3012 0.1296 -3.0487 80 200 120
0.9315 2.0239 -1.5910 80 200 120
0.1159 0.1192 -1.5746 80 200 120
-1.5665 1.3172 -2.3402 80 200 120
-0.7874 2.3694 -3.0908 80 200 120
-0.2296 -3.6773 -1.5908 80 200 120
-1.1532 1.7986 -3.6857 80 200 120
-1.9003 -3.4144 -2.8552 80 200 120
-1.2433 1.4960 -3.3547 80 200 120
-1.2302 1.7715 -3.0542 80 200 120
0.7886 2.8749 -2.5584 80 200 120
-2.9893 -0.2503 -3.2337 80 200 120
-1.6851 1.0770 -3.2752 80 200 120
2.0973 2.0790 -1.8002 80 200 120
-3.3510 -2.4501 -2.6938 80 200 120
-1.2138 0.9267 -3.5892 80 200 120
0.7286 3.0055 -2.2607 80 200 120
-0.5395 2.5230 -3.2873 80 200 120
-1.4781 -3.7399 -1.9502 80 200 120
3.4390 -2.8456 -1.5596 80 200 120
5.2497 -6.1701 -2.8655 80 200 120
6.8412 -4.1934 -3.1105 80 200 120
4.1891 -3.8224 -2.7915 80 200 120
1.4591 -3.8326 -1.5920 80 200 120
1.0967 -5.3463 -1.8001 80 200 120
3.5431 -8.8004 -4.8741 80 200 120
5.7449 -5.9825 -3.9148 80 200 120
-0.9678 -4.0063 -2.3986 80 200 120
5.6948 -5.7385 -2.1869 80 200 120
2.9560 -6.6685 -4.1056 80 200 120
6.1931 -5.4759 -2.6901 80 200 120
4.3126 -8.9778 -4.2389 80 200 120
7.6671 -3.0157 -2.0898 80 200 120
1.4947 -5.4763 -1.6694 80 200 120
3.6079 -7.2073 -3.6173 80 200 120
5.7261 -5.6336 -2.7094 80 200 120
0.1688 -4.8947 -2.8138 80 200 120
7.3994 -3.3362 -2.4234 80 200 120
0.4977 -4.7378 -3.4127 80 200 120
5.1873 -5.5892 -4.0141 80 200 120
0.4028 -4.1503 -4.3289 80 200 120
3.5970 -5.5385 -1.6380 80 200 120
2.4841 0.9196 -3.4305 80 200 120
2.8647 0.6287 -3.4205 80 200 120
2.2065 1.1350 -3.3562 80 200 120
2.6983 0.5026 -3.4901 80 200 120
2.6634 1.5824 -3.4319 80 200 120
1.1969 1.5027 -4.6507 80 200 120
2.1875 0.9132 -3.4849 80 200 120
2.3956 0.7304 -3.4759 80 200 120
5.1860 -0.7076 -3.9071 80 200 120
-0.3777 -0.7830 -3.6463 80 200 120
2.0498 -2.3098 -3.6824 80 200 120
2.3737 -1.5276 -4.7699 80 200 120
0.9262 -5.6247 -4.3332 80 200 120
2.3657 0.6678 -4.8416 80 200 120
2.9136 0.6017 -4.6919 80 200 120
2.0656 -2.0322 -4.5765 80 200 120
2.2515 0.6388 -4.3705 80 200 120
2.1116 -6.2489 -4.5745 80 200 120
4.6850 -2.7173 -3.9030 80 200 120
2.6975 0.4564 -4.7117 80 200 120
5.6872 -1.2232 -4.7052 80 200 120
0.8512 -0.9720 -1.6248 80 200 120
2.5191 -7.1153 -2.0666 80 200 120
4.0244 -2.1185 -3.9303 80 200 120
5.5786 -1.2882 -5.1405 80 200 120
1.3526 -2.0172 -4.3596 80 200 120
2.8398 0.5603 -3.9183 80 200 120
4.7954 -0.7847 -3.9538 80 200 120
2.7610 -3.3257 -4.7272 80 200 120
5.2268 -1.0274 -4.2860 80 200 120
3.8532 -1.3635 -4.7272 80 200 120
0.1014 -1.1368 -3.7109 80 200 120
3.5549 -2.0698 -4.8927 80 200 120
5.0395 -0.2550 -1.6352 80 200 120
4.9602 0.0786 -1.7321 80 200 120
3.6045 1.2422 -1.9631 80 200 120
3.7564 0.6022 -1.5470 80 200 120
4.9566 0.0956 -2.1798 80 200 120
5.0478 0.0040 -2.0252 80 200 120
5.1841 -0.8013 -1.5620 80 200 120
4.3955 -0.3914 -1.5909 80 200 120
4.3348 0.1621 -1.5520 80 200 120
2.8636 0.7939 -1.5449 80 200 120
5.8790 -0.6600 -1.9520 80 200 120
5.5919 -0.4624 -1.7876 80 200 120
4.6886 0.2754 -2.0898 80 200 120
4.2008 0.6313 -1.7868 80 200 120
6.3357 -1.1282 -2.1521 80 200 120
4.5573 0.3644 -1.7635 80 200 120
3.0661 1.0705 -1.5808 80 200 120
3.5985 0.9095 -1.5746 80 200 120
3.9936 0.1462 -1.5672 80 200 120
5.4277 -0.2356 -2.4336 80 200 120
4.4953 -0.1515 -1.5687 80 200 120
-1.1885 1.1490 -3.9770 80 200 120
-1.5102 -3.6656 -2.8524 80 200 120
-1.9685 -3.4041 -3.3095 80 200 120
-0.9719 -3.9267 -2.3531 80 200 120
1.2438 2.9129 -2.5581 80 200 120
-2.1686 -3.0548 -2.6973 80 200 120
-0.8953 2.0630 -3.4043 80 200 120
-1.8712 0.8236 -2.4143 80 200 120
1.3151 1.3380 -1.5762 80 200 120
-0.4951 -4.4257 -1.9239 80 200 120
0.9472 -0.9338 -1.5846 80 200 120
2.3701 1.5696 -1.5721 80 200 120
-2.4505 -2.8472 -3.5900 80 200 120
3.9987 -6.0271 -4.0346 80 200 120
4.6746 -1.3826 -1.6241 80 200 120
5.5693 -4.7996 -3.9177 80 200 120
3.1228 -4.3177 -1.5906 80 200 120
4.0079 -3.3579 -2.8819 80 200 120
3.8863 -5.9101 -4.5830 80 200 120
5.3172 -1.0402 -1.6052 80 200 120
5.6112 -4.2072 -3.9488 80 200 120
0.9725 -2.4323 -1.5735 80 200 120
8.4823 -2.3440 -2.0402 80 200 120
5.3245 -1.5659 -4.7746 80 200 120
3.1397 1.1050 -3.3434 80 200 120
3.6143 -4.2241 -4.6964 80 200 120
3.8145 -2.1087 -3.7670 80 200 120
2.7320 0.7020 -3.3524 80 200 120
4.7631 -0.3466 -3.8544 80 200 120
-1.8026 -3.0513 -4.5699 80 200 120
-3.0022 -2.6393 -3.4046 80 200 120
4.5021 -3.0285 -4.0090 80 200 120
5.6326 -4.0290 -4.5726 80 200 120
4.0655 -0.2584 -4.7115 80 200 120
4.1595 -0.0322 -4.4633 80 200 120
3.2992 1.0986 -4.3721 80 200 120
4.5254 -2.3863 -4.6019 80 200 120
0.7157 1.8241 -4.6666 80 200 120
0.0703 -1.4403 -3.9804 80 200 120
-0.2138 -0.8651 -3.6824 80 200 120
-2.4540 -0.3472 -2.7129 80 200 120
0.1407 -2.4047 -4.7436 80 200 120
5.9685 -1.1429 -4.1570 80 200 120
2.6627 -1.7705 -3.8859 80 200 120
0.3589 -1.3876 -4.1032 80 200 120
-0.5979 -2.7277 -4.4547 80 200 120
-0.2784 -2.3998 -4.6372 80 200 120
4.5934 0.0097 -1.5292 80 200 120
6.7014 -1.6860 -2.1490 80 200 120
3.2223 1.4829 -2.0121 80 200 120
3.8048 0.5327 -1.5654 80 200 120
4.3714 -0.2724 -1.5220 80 200 120
5.9833 -1.5509 -1.6111 80 200 120
4.4489 0.1270 -1.5466 80 200 120
4.1662 0.7271 -1.9977 80 200 120
4.1022 0.3622 -1.5797 80 200 120
3.9106 0.8976 -1.6629 80 200 120
4.7730 0.1679 -1.7694 80 200 120
3.9768 0.8138 -2.0952 80 200 120
5.7280 -1.1625 -1.5906 80 200 120
7.1936 -1.9437 -1.9011 80 200 120
5.7348 -0.5988 -2.3580 80 200 120
4.6898 0.3019 -2.2849 80 200 120
5.3144 -0.6128 -1.5618 80 200 120
1.9128 1.6978 -1.5634 80 200 120
0.8443 2.1858 -1.5795 80 200 120
-0.1728 3.3715 -3.0186 80 200 120
1.0910 -3.7531 -1.5712 80 200 120
0.2362 -3.9518 -1.6011 80 200 120
-0.2959 -0.9262 -2.1015 80 200 120
-2.4061 -0.2573 -4.1654 80 200 120
-0.4070 -0.9826 -2.8117 80 200 120
2.6903 1.4493 -1.5776 80 200 120
1.9280 2.3532 -1.7192 80 200 120
4.8322 -3.6827 -3.6182 80 200 120
4.1017 -2.2229 -1.5862 80 200 120
2.7027 -6.4119 -4.5706 80 200 120
3.8256 -3.5506 -3.1357 80 200 120
3.2542 -5.3976 -4.1763 80 200 120
2.1015 -6.2177 -4.5275 80 200 120
1.1116 -4.6354 -1.5821 80 200 120
0.2300 -4.1189 -1.5050 80 200 120
1.3719 -5.3495 -3.7244 80 200 120
4.5148 -3.5406 -3.3776 80 200 120
-0.3566 -4.1160 -1.8609 80 200 120
7.1664 -3.6531 -1.9640 80 200 120
5.8165 -2.7536 -3.2500 80 200 120
7.2627 -3.3704 -2.8080 80 200 120
3.4384 -5.7756 -4.4104 80 200 120
2.5960 -2.2751 -4.1786 80 200 120
3.3139 -1.5306 -4.6823 80 200 120
2.6220 1.6238 -3.4231 80 200 120
2.8460 0.5757 -3.5996 80 200 120
2.1275 0.9598 -3.5193 80 200 120
1.7424 1.2279 -3.4873 80 200 120
3.7136 -1.7948 -3.8152 80 200 120
2.4398 0.9343 -3.4439 80 200 120
2.6784 0.4971 -3.5124 80 200 120
4.2351 -0.6333 -4.1723 80 200 120
4.2771 -2.2286 -4.8822 80 200 120
2.1494 0.9251 -3.4888 80 200 120
1.9476 1.0721 -3.5051 80 200 120
5.8033 -1.2512 -4.8000 80 200 120
4.1067 -0.2442 -3.9672 80 200 120
4.4985 -0.2481 -3.7634 80 200 120
5.1207 -0.8884 -4.3493 80 200 120
-0.8791 -0.1790 -3.7115 80 200 120
-4.9457 -1.4840 -5.3423 80 200 120
-2.4111 -1.9011 -4.1837 80 200 120
0.0525 0.7571 -1.5799 80 200 120
1.7800 1.9631 -1.5757 80 200 120
0.4063 -0.0827 -4.6122 80 200 120
6.2823 -1.8271 -5.0790 80 200 120
-2.4052 0.4855 -3.5891 80 200 120
3.1786 -2.1263 -5.3074 80 200 120
-0.1128 -1.9192 -4.6447 80 200 120
3.1824 1.2791 -1.5577 80 200 120
3.0086 1.4089 -1.5854 80 200 120
3.3863 1.1681 -1.5760 80 200 120
4.1388 0.1569 -1.5456 80 200 120
3.5722 1.1810 -1.9369 80 200 120
5.1464 -0.4184 -1.5808 80 200 120
4.8217 -0.0048 -2.3921 80 200 120
2.9342 1.6850 -1.7537 80 200 120
7.7481 -2.4838 -1.8818 80 200 120
6.8253 -1.4146 -1.8170 80 200 120
2.6958 1.6789 -1.9038 80 200 120
3.7605 1.0208 -1.9241 80 200 120
5.9692 -0.7771 -2.2016 80 200 120
-0.9767 2.1127 -3.9694 80 200 120
-0.2244 -1.2423 -1.5674 80 200 120
-0.3440 -1.9056 -1.5452 80 200 120
-1.4104 -1.4323 -3.0492 80 200 120
1.5474 2.6785 -1.9564 80 200 120
0.0722 -2.4657 -1.5155 80 200 120
-0.9793 0.1282 -1.5470 80 200 120
-2.2113 0.5946 -2.1601 80 200 120
-1.6924 1.0837 -3.8862 80 200 120
2.0410 -6.3912 -2.8262 80 200 120
2.3127 -6.1686 -3.2735 80 200 120
6.9355 -3.8755 -2.8249 80 200 120
3.7492 -7.7198 -4.6210 80 200 120
4.3061 -2.9709 -1.6016 80 200 120
5.7251 -1.4154 -1.6062 80 200 120
3.8206 -2.5259 -1.6170 80 200 120
5.6341 -1.1674 -1.5935 80 200 120
5.8058 -1.9483 -1.6420 80 200 120
1.1596 -5.5978 -3.2565 80 200 120
4.6158 -2.3161 -1.6161 80 200 120
5.5178 -4.0522 -1.5191 80 200 120
4.7544 -2.1404 -1.5869 80 200 120
0.8126 -4.2444 -1.5415 80 200 120
5.7118 -4.9688 -1.7623 80 200 120
3.2731 -1.9819 -4.7335 80 200 120
2.5250 1.4034 -3.3921 80 200 120
4.0507 -2.3560 -3.6399 80 200 120
6.5476 -1.6693 -1.6274 80 200 120
4.4343 -0.4269 -3.8546 80 200 120
5.7307 -2.5739 -4.6917 80 200 120
4.3080 -3.9879 -3.5881 80 200 120
0.3051 -4.0457 -4.9287 80 200 120
5.0399 -3.9838 -3.7410 80 200 120
3.9625 -4.3366 -3.0557 80 200 120
5.5261 -1.1155 -1.6407 80 200 120
4.7464 -1.2952 -4.7123 80 200 120
2.9571 1.2590 -3.3428 80 200 120
2.8246 0.6213 -3.4065 80 200 120
1.1763 1.6258 -3.3688 80 200 120
2.1259 1.2304 -3.4166 80 200 120
2.4106 -2.5747 -4.5840 80 200 120
2.6921 0.7645 -3.3900 80 200 120
4.1829 0.0122 -4.5110 80 200 120
3.6649 -6.2508 -1.6372 80 200 120
2.4983 1.3148 -3.3651 80 200 120
3.6437 -1.7027 -4.6040 80 200 120
2.6665 -1.8081 -3.9352 80 200 120
-0.5440 -2.7034 -4.3932 80 200 120
-0.1740 -3.2010 -4.7549 80 200 120
1.9360 -2.0518 -4.2991 80 200 120
-2.5013 -2.4790 -4.5454 80 200 120
2.8488 0.5623 -3.6724 80 200 120
0.8515 -1.0626 -4.6093 80 200 120
-1.9583 -2.8520 -4.5717 80 200 120
3.2276 1.0432 -3.3848 80 200 120
2.1764 1.5198 -1.6441 80 200 120
4.1073 0.7696 -1.7158 80 200 120
4.9575 -0.0457 -2.2936 80 200 120
5.0464 -0.0228 -1.6298 80 200 120
2.6628 1.0810 -1.6404 80 200 120
2.7845 1.6074 -1.5988 80 200 120
4.6256 0.3114 -2.2477 80 200 120
6.7290 -1.7176 -1.5912 80 200 120
2.1749 1.9497 -1.7644 80 200 120
0.8902 2.7852 -1.6370 80 200 120
-2.5261 -2.8067 -4.1792 80 200 120
-0.7221 2.4679 -3.9226 80 200 120
-1.2770 -0.5654 -3.9515 80 200 120
0.6896 -5.0973 -1.8755 80 200 120
-1.7346 -3.2797 -3.7660 80 200 120
-0.8605 -4.4004 -3.0147 80 200 120
0.2184 -5.2411 -2.1131 80 200 120
1.1645 -4.1289 -1.5310 80 200 120
1.7263 2.0561 -1.5987 80 200 120
-1.4373 -2.9791 -1.4977 80 200 120
-0.1694 -4.5397 -1.6164 80 200 120
-2.0998 0.2195 -3.9538 80 200 120
-0.5188 -4.3972 -1.8797 80 200 120
-1.0107 -4.0939 -3.1556 80 200 120
-0.8348 -4.1555 -2.2599 80 200 120
0.1347 -4.8097 -1.8752 80 200 120
3.0115 -7.1816 -3.2344 80 200 120
4.0631 -5.3643 -3.2596 80 200 120
9.8782 -3.5878 -3.3340 80 200 120
4.3002 -4.2098 -2.2329 80 200 120
5.4868 -2.5251 -1.6083 80 200 120
6.5356 -3.4075 -3.6811 80 200 120
6.7852 -3.9280 -3.5423 80 200 120
4.7853 -4.4169 -3.8622 80 200 120
3.3698 -7.9597 -2.1288 80 200 120
3.8948 -4.0184 -3.4704 80 200 120
0.5053 -5.3124 -2.1716 80 200 120
1.0464 -5.4407 -1.7727 80 200 120
7.6775 -5.4216 -5.2001 80 200 120
4.0157 0.6636 -4.6586 80 200 120
2.7977 -2.2581 -4.6681 80 200 120
1.3531 -4.2679 -4.6231 80 200 120
2.8136 -6.5782 -4.0126 80 200 120
3.6220 -7.6932 -3.4193 80 200 120
1.5728 -6.2328 -4.7349 80 200 120
6.5822 -1.3322 -4.6644 80 200 120
3.8168 -7.5464 -2.6034 80 200 120
2.0338 1.2957 -3.2453 80 200 120
1.8827 1.4985 -3.1518 80 200 120
1.5718 1.6983 -3.0928 80 200 120
-0.9323 -0.9260 -1.6340 80 200 120
7.3952 -5.4473 -5.4929 80 200 120
-2.3590 -1.5042 -3.8521 80 200 120
2.0265 0.8147 -4.7231 80 200 120
-2.4123 -1.0658 -4.2791 80 200 120
0.1674 -1.3939 -3.9396 80 200 120
1.0886 2.3849 -1.6496 80 200 120
4.5482 -0.2192 -3.8587 80 200 120
0.3950 -1.3939 -4.1925 80 200 120
0.0373 -2.7975 -4.2007 80 200 120
0.8104 -0.6342 -3.5577 80 200 120
5.1366 -1.1506 -4.5684 80 200 120
4.0213 -0.1547 -4.5134 80 200 120
-1.5337 -2.5579 -3.8034 80 200 120
-1.1786 -1.8352 -4.2700 80 200 120
1.7105 2.1021 -1.6422 80 200 120
0.7784 -0.9074 -3.6640 80 200 120
1.5098 2.7192 -1.6893 80 200 120
2.1669 2.4733 -2.0569 80 200 120
4.8059 0.1177 -2.5682 80 200 120
4.4892 0.4148 -2.1825 80 200 120
4.8570 0.1107 -2.2823 80 200 120
3.6121 1.1277 -2.0992 80 200 120
3.3383 1.3165 -1.6950 80 200 120
3.5442 1.0596 -2.2486 80 200 120
4.0999 0.7057 -2.3295 80 200 120
3.8113 0.7830 -1.6328 80 200 120
4.2414 0.6138 -1.6819 80 200 120
2.4133 2.0806 -1.5819 80 200 120
5.8859 -1.1157 -1.5905 80 200 120
4.2257 0.3365 -1.5875 80 200 120
-2.6616 -2.5209 -4.4991 80 200 120
1.1651 -5.1774 -1.7630 80 200 120
0.0207 -4.9517 -2.4896 80 200 120
-2.9193 -2.0076 -4.3847 80 200 120
3.7294 -6.8670 -2.8716 80 200 120
2.5852 -6.6796 -2.9941 80 200 120
5.0051 -3.4585 -3.5845 80 200 120
0.7979 -5.2463 -2.4490 80 200 120
7.1722 -3.1479 -3.4066 80 200 120
1.6884 -6.2361 -2.0869 80 200 120
3.6967 -5.2596 -4.4842 80 200 120
3.4809 -5.0158 -3.9476 80 200 120
1.9946 -6.7503 -4.7380 80 200 120
1.6404 -5.5315 -3.4301 80 200 120
5.5530 -3.3632 -3.8542 80 200 120
6.6253 -4.1584 -2.6242 80 200 120
0.2347 -4.6094 -1.9637 80 200 120
-0.4197 -4.6204 -1.6221 80 200 120
3.1172 -5.7629 -4.2493 80 200 120
1.2399 -5.4638 -3.2072 80 200 120
0.2259 -5.0292 -2.8262 80 200 120
6.4130 -1.6755 -1.6362 80 200 120
4.0376 -3.1918 -1.5857 80 200 120
3.4134 -7.5910 -4.3920 80 200 120
5.8531 -1.2300 -1.6223 80 200 120
4.5184 -4.7582 -3.5270 80 200 120
3.6520 -3.7607 -1.5315 80 200 120
7.5234 -2.5744 -3.1533 80 200 120
5.8591 -2.1065 -1.6493 80 200 120
1.7893 -2.1298 -4.2447 80 200 120
2.0080 -2.0904 -3.7294 80 200 120
2.2684 -4.4854 -4.6988 80 200 120
7.9386 -2.3985 -3.4331 80 200 120
2.6677 0.2288 -4.6759 80 200 120
2.6363 1.5080 -3.3325 80 200 120
6.4060 -2.0067 -3.8455 80 200 120
1.6725 -2.7122 -3.9808 80 200 120
2.3066 -2.7269 -4.2322 80 200 120
-2.5810 -1.8303 -4.6462 80 200 120
2.0674 -6.6292 -3.1739 80 200 120
4.2130 -0.1727 -4.2921 80 200 120
3.2823 1.1627 -4.5361 80 200 120
4.5010 -2.3507 -4.5508 80 200 120
0.8769 -4.6392 -4.7180 80 200 120
3.2182 1.0736 -3.4201 80 200 120
-1.1355 -3.3236 -4.3832 80 200 120
2.0584 1.1653 -3.4528 80 200 120
-0.3251 0.1191 -4.1383 80 200 120
5.4315 -0.9940 -4.0717 80 200 120
3.1757 1.2489 -4.5045 80 200 120
0.6275 -0.3349 -4.6035 80 200 120
3.5171 -2.0815 -4.9961 80 200 120
2.1264 -2.0628 -4.5401 80 200 120
1.4407 1.2482 -4.6379 80 200 120
1.3211 2.7796 -1.6977 80 200 120
5.1556 -0.1754 -2.5774 80 200 120
8.3935 -2.3252 -1.9574 80 200 120
6.0521 -0.7373 -2.4613 80 200 120
6.3225 -1.0527 -1.6727 80 200 120
5.3451 -1.5833 -1.5160 80 200 120
4.7974 0.1252 -1.6135 80 200 120
5.3931 -0.2656 -2.4183 80 200 120
6.5453 -1.1493 -2.1275 80 200 120
2.2440 1.9161 -1.6041 80 200 120
5.6668 -0.3930 -2.3404 80 200 120
-1.8561 1.1735 -1.7972 80 200 120
-0.9710 -3.9252 -3.5670 80 200 120
0.1681 -0.8868 -1.5749 80 200 120
0.1273 -0.8706 -2.0598 80 200 120
-0.1085 3.2751 -2.9669 80 200 120
0.4004 -3.4274 -1.5678 80 200 120
2.7823 -7.4726 -4.2432 80 200 120
1.9645 -6.3249 -3.6661 80 200 120
1.0809 -5.6258 -3.8818 80 200 120
5.5017 -2.9684 -1.5451 80 200 120
5.5373 -3.5278 -1.5570 80 200 120
9.6342 -3.2498 -3.3714 80 200 120
4.0971 -0.2608 -4.8230 80 200 120
4.4109 -0.5215 -4.6777 80 200 120
4.2628 -3.3525 -3.6726 80 200 120
7.5036 -3.0299 -4.7409 80 200 120
6.6414 -1.7236 -1.6536 80 200 120
4.3030 -0.0459 -3.8470 80 200 120
1.1594 -1.6219 -4.6786 80 200 120
2.8468 0.5573 -3.8727 80 200 120
-0.2529 -0.9205 -3.5811 80 200 120
0.8172 1.7599 -4.6093 80 200 120
2.8462 0.5474 -3.5781 80 200 120
4.5177 -2.8998 -6.2622 80 200 120
5.6302 -2.4772 -3.8488 80 200 120
1.7323 1.7282 -3.2862 80 200 120
2.5444 -6.9789 -2.0417 80 200 120
0.1610 0.0678 -4.5443 80 200 120
2.0025 1.6053 -3.3718 80 200 120
-0.0469 -0.9032 -3.6112 80 200 120
4.4350 -0.0500 -3.8659 80 200 120
3.6625 -1.7335 -4.6840 80 200 120
-2.1551 -0.9913 -4.1471 80 200 120
2.5801 -2.1831 -4.5062 80 200 120
0.7766 2.9465 -1.6394 80 200 120
4.6274 -0.3690 -3.8493 80 200 120
-0.7312 2.0871 -1.6878 80 200 120
1.8647 2.1397 -1.9313 80 200 120
5.3477 -0.4181 -1.5225 80 200 120
5.2637 -0.2304 -1.6035 80 200 120
3.1274 1.5854 -1.6806 80 200 120
3.5486 1.1126 -1.9201 80 200 120
5.8495 -0.8251 -1.5426 80 200 120
7.5221 -2.0016 -2.2680 80 200 120
3.8951 0.9209 -2.5835 80 200 120
7.0839 -1.8806 -1.6010 80 200 120
6.7530 -1.5226 -1.5079 80 200 120
2.4836 2.0555 -1.9168 80 200 120
4.3704 0.6148 -2.5886 80 200 120
2.7847 1.7298 -2.0848 80 200 120
4.1179 0.6965 -2.4637 80 200 120
5.3741 -0.2805 -2.2218 80 200 120
-0.1636 0.5493 -1.4620 80 200 120
-0.0905 0.5663 -1.4782 80 200 120
-1.5935 0.8997 -4.4453 80 200 120
1.2853 2.5194 -2.0023 80 200 120
-0.7904 -1.3755 -3.9268 80 200 120
0.8109 -5.3034 -2.4426 80 200 120
-0.6230 -0.9813 -2.9234 80 200 120
4.2351 -3.9514 -2.8493 80 200 120
7.4442 -3.1198 -1.6648 80 200 120
7.7254 -3.5124 -4.1168 80 200 120
2.5091 -6.8052 -3.7263 80 200 120
4.6376 -4.4957 -1.6925 80 200 120
0.5994 -5.3012 -1.9003 80 200 120
0.5610 -4.4955 -1.6307 80 200 120
2.8479 -5.1395 -3.9545 80 200 120
4.7572 -3.4635 -3.5230 80 200 120
7.0881 -3.0966 -3.3714 80 200 120
7.5746 -2.0739 -4.5477 80 200 120
3.7049 -2.2792 -3.7073 80 200 120
6.4820 -1.3966 -1.6129 80 200 120
2.6692 0.4721 -4.7372 80 200 120
2.8863 0.6080 -4.7102 80 200 120
-0.9402 -0.8589 -1.6971 80 200 120
4.0043 -0.2703 -4.6270 80 200 120
4.2014 -0.1474 -4.2938 80 200 120
4.3676 -0.5166 -3.8208 80 200 120
4.5897 -0.6491 -4.9112 80 200 120
1.9686 0.9725 -4.7922 80 200 120
-0.0947 -1.1501 -3.7915 80 200 120
-1.4780 -1.4867 -3.9099 80 200 120
0.2125 -0.3142 -3.7166 80 200 120
4.8768 -0.4905 -3.7979 80 200 120
1.3078 -1.5900 -4.5395 80 200 120
-3.1272 -0.5398 -3.0110 80 200 120
0.5207 -1.7268 -4.3752 80 200 120
-2.4497 0.4962 -3.5784 80 200 120
-3.0255 -0.3897 -3.6356 80 200 120
3.2244 0.9478 -4.7971 80 200 120
5.1303 -1.1315 -4.5539 80 200 120
-3.0490 -2.4596 -4.2018 80 200 120
3.1534 -1.9735 -4.9931 80 200 120
1.6709 1.3972 -1.5760 80 200 120
6.8642 -1.4312 -1.8434 80 200 120
4.6953 0.2294 -1.6240 80 200 120
3.3643 1.3609 -1.7985 80 200 120
5.5794 -0.4240 -1.6982 80 200 120
4.4796 0.4542 -2.3432 80 200 120
5.4213 -0.2994 -1.7423 80 200 120
6.6587 -2.1102 -1.5843 80 200 120
2.9674 1.5405 -1.6837 80 200 120
4.5509 0.3522 -2.5975 80 200 120
4.8020 0.1941 -2.5886 80 200 120
4.5488 0.3746 -2.0215 80 200 120
3.7791 0.2258 -1.5676 80 200 120
1.4586 3.2711 -2.0731 80 200 120
5.1670 -0.1159 -1.6330 80 200 120
6.0495 -0.7199 -2.4496 80 200 120
4.4932 0.2571 -1.6109 80 200 120
6.3889 -1.0617 -1.8806 80 200 120
-1.0749 0.8859 -1.4632 80 200 120
-1.7108 0.8367 -2.0299 80 200 120
0.1560 -0.7469 -3.6272 80 200 120
-1.6750 -2.9345 -4.4628 80 200 120
-0.2291 -0.9429 -2.0313 80 200 120
1.0063 -5.6133 -1.8629 80 200 120
1.6936 -5.5144 -1.7270 80 200 120
-1.5541 -1.3294 -2.3985 80 200 120
0.7591 -5.1530 -1.6150 80 200 120
0.4146 -5.1723 -2.6083 80 200 120
-0.7960 -0.8582 -3.6837 80 200 120
-2.3302 -2.9123 -4.1729 80 200 120
-1.5889 -3.6439 -3.8865 80 200 120
3.7899 -7.1855 -4.8225 80 200 120
15.2623 -11.5395 -11.2146 80 200 120
3.2225 -4.7817 -1.5453 80 200 120
4.3598 -4.2653 -3.7301 80 200 120
5.7225 -3.6767 -1.5012 80 200 120
3.8921 -5.2741 -3.1849 80 200 120
8.2098 -2.1719 -2.0783 80 200 120
3.3088 -5.9895 -4.5241 80 200 120
4.8741 -4.7100 -4.0498 80 200 120
6.1866 -3.1484 -1.6384 80 200 120
5.7351 -5.9913 -3.9337 80 200 120
5.9096 -4.8153 -4.3765 80 200 120
3.5693 -0.4482 -4.7057 80 200 120
6.6009 -1.2275 -3.2101 80 200 120
4.9929 -1.8815 -4.7312 80 200 120
4.7774 -0.7688 -3.8945 80 200 120
3.2547 1.2108 -4.5330 80 200 120
6.6835 -4.1020 -3.0473 80 200 120
3.6882 -1.7205 -3.6844 80 200 120
4.2466 -3.8553 -3.5237 80 200 120
2.3304 -2.5817 -3.8840 80 200 120
4.6877 -3.1920 -3.6976 80 200 120
2.6524 -3.0069 -4.6033 80 200 120
3.6295 -1.9412 -3.6291 80 200 120
2.8143 -5.3895 -4.6452 80 200 120
5.9735 -4.4572 -4.4819 80 200 120
2.8056 0.6302 -3.4212 80 200 120
5.0613 -3.6454 -3.6223 80 200 120
5.2377 -1.0589 -4.0308 80 200 120
3.2669 1.2264 -4.6530 80 200 120
4.6792 -0.3042 -6.2215 80 200 120
6.4522 -3.8474 -4.4978 80 200 120
-1.6286 -1.3734 -3.1527 80 200 120
2.9531 -7.2034 -3.5247 80 200 120
2.0071 -2.9348 -3.9654 80 200 120
4.0780 -0.3867 -3.6487 80 200 120
7.0254 -3.4017 -4.6103 80 200 120
5.0503 -0.9216 -3.9684 80 200 120
4.8347 -3.8121 -3.6382 80 200 120
2.9611 0.6798 -3.4278 80 200 120
-0.3481 -1.1661 -1.5829 80 200 120
-1.7518 -2.2567 -4.6470 80 200 120
-2.3076 -2.6533 -1.6208 80 200 120
2.5707 0.8989 -3.4107 80 200 120
3.7225 0.8114 -4.5958 80 200 120
1.0956 -1.7798 -4.4472 80 200 120
-1.2801 -2.9946 -4.4066 80 200 120
4.3893 -0.4804 -3.8553 80 200 120
-2.0447 -2.9036 -4.6030 80 200 120
4.5558 -0.6214 -3.9068 80 200 120
-1.9641 -2.3803 -4.2786 80 200 120
4.7853 -0.7252 -3.8732 80 200 120
2.1002 -2.0071 -4.2220 80 200 120
4.6390 -1.0501 -4.7407 80 200 120
-0.3704 -3.2389 -4.5692 80 200 120
2.8369 0.5222 -4.0001 80 200 120
1.2779 3.9087 -2.4097 80 200 120
2.2939 2.1847 -1.9969 80 200 120
3.7678 0.9798 -1.9280 80 200 120
4.8513 0.1360 -2.4598 80 200 120
3.0394 1.3875 -2.1279 80 200 120
6.1042 -0.8228 -1.7587 80 200 120
5.3454 -0.2390 -2.3965 80 200 120
3.8881 0.0996 -1.5731 80 200 120
1.8929 1.4379 -1.6138 80 200 120
4.1888 0.6030 -1.8048 80 200 120
-0.9904 1.5784 -2.3661 80 200 120
-0.4942 2.5055 -2.1855 80 200 120
-0.6998 2.3453 -2.0483 80 200 120
-2.3182 -2.3658 -4.9122 80 200 120
-0.0233 -0.3987 -3.4523 80 200 120
-1.4662 -3.3047 -4.1337 80 200 120
-2.0792 -2.7056 -1.5208 80 200 120
3.0190 -6.9342 -2.5590 80 200 120
5.6957 -4.0433 -4.2298 80 200 120
4.7269 -3.2297 -3.7109 80 200 120
1.0075 -6.1598 -3.4783 80 200 120
2.1162 -6.8353 -4.7566 80 200 120
3.4651 -8.2684 -4.6585 80 200 120
7.9776 -2.6706 -2.8685 80 200 120
4.4072 -1.8630 -2.8182 80 200 120
8.0028 -2.4152 -3.4380 80 200 120
8.7556 -2.5591 -3.2344 80 200 120
6.7154 -4.3293 -2.1670 80 200 120
2.9484 0.8400 -4.5901 80 200 120
2.8849 0.6599 -3.4742 80 200 120
2.6247 -2.2750 -3.8729 80 200 120
4.9079 -0.9518 -4.6911 80 200 120
3.9211 -1.9823 -3.8637 80 200 120
3.0509 1.2087 -3.3786 80 200 120
2.0008 -1.6737 -4.8095 80 200 120
4.3055 -3.2018 -3.9581 80 200 120
4.2349 -2.1135 -4.6990 80 200 120
3.2673 1.0702 -3.4006 80 200 120
1.4727 -1.2248 -4.7545 80 200 120
4.4987 -2.2644 -4.3264 80 200 120
-0.5236 -1.3053 -3.8863 80 200 120
0.5518 -1.1842 -4.0531 80 200 120
0.5927 -0.3592 -4.7624 80 200 120
4.3511 0.1785 -4.3360 80 200 120
4.1695 -0.3276 -3.9851 80 200 120
1.4005 1.4964 -3.4055 80 200 120
4.6639 -0.5476 -3.8692 80 200 120
-1.6347 1.5035 -3.0400 80 200 120
3.6668 -1.7362 -4.6695 80 200 120
2.0039 -2.1355 -3.7610 80 200 120
5.1228 -1.0740 -4.8025 80 200 120
3.5361 -1.8748 -4.5083 80 200 120
4.1022 -0.0892 -4.0448 80 200 120
0.3587 -2.3154 -4.6052 80 200 120
5.3591 -1.0160 -4.0459 80 200 120
3.5534 1.1703 -1.9282 80 200 120
3.2932 1.4051 -2.0894 80 200 120
2.8221 1.9599 -1.8217 80 200 120
5.0378 -0.0183 -2.3276 80 200 120
7.1352 -1.8997 -1.6311 80 200 120
5.4341 -0.3470 -2.5832 80 200 120
5.7802 -0.6573 -1.5927 80 200 120
7.4120 -1.8817 -1.9315 80 200 120
3.5555 1.1131 -2.2671 80 200 120
4.1377 0.2390 -1.6780 80 200 120
5.1197 -0.8001 -1.5571 80 200 120
5.0510 -0.9935 -1.5279 80 200 120
3.6139 1.1569 -2.0999 80 200 120
-0.9070 -0.6013 -1.8033 80 200 120
-0.5568 2.4331 -2.5338 80 200 120
0.1306 2.8090 -2.1240 80 200 120
-1.4713 1.6647 -1.9946 80 200 120
-1.5803 -0.0587 -1.4915 80 200 120
0.6082 -1.0143 -3.5214 80 200 120
-0.4285 -0.9120 -3.7101 80 200 120
0.0530 -0.1211 -3.6708 80 200 120
-1.1981 -3.9805 -3.8433 80 200 120
1.5067 -5.5418 -1.7195 80 200 120
7.2905 -2.0252 -1.5654 80 200 120
4.3439 -3.4118 -3.6381 80 200 120
3.7263 -5.2775 -3.9930 80 200 120
2.9252 -4.8143 -3.9218 80 200 120
3.3153 -5.5115 -4.2834 80 200 120
4.5537 -3.3255 -3.6440 80 200 120
5.2851 -5.3625 -1.6067 80 200 120
3.8865 -1.3163 -4.7022 80 200 120
4.5744 -2.5811 -3.6895 80 200 120
5.0041 -0.5142 -3.8754 80 200 120
2.3856 -2.5777 -4.6385 80 200 120
7.0498 -1.8796 -1.6634 80 200 120
6.3504 -3.1263 -4.7804 80 200 120
5.6198 -4.0340 -4.6340 80 200 120
3.7927 0.9635 -4.7971 80 200 120
7.1807 -2.4261 -4.3603 80 200 120
7.0919 -1.4834 -4.9347 80 200 120
0.1395 2.2787 -4.3379 80 200 120
4.7174 -3.1882 -3.6935 80 200 120
5.1559 -1.0519 -3.9521 80 200 120
4.2582 -2.0559 -4.3258 80 200 120
-1.2796 -1.3662 -1.7937 80 200 120
-0.3863 -1.1895 -1.5383 80 200 120
3.7769 -7.2162 -1.6648 80 200 120
-3.1857 -0.1099 -1.5529 80 200 120
2.7074 0.7629 -3.4128 80 200 120
3.2522 1.2155 -4.6319 80 200 120
7.7058 -2.2762 -4.5440 80 200 120
4.0030 -1.9407 -4.5917 80 200 120
1.4854 -3.0583 -4.1524 80 200 120
1.5503 -3.0730 -4.1552 80 200 120
5.4673 -0.8343 -4.0100 80 200 120
5.1762 -1.0512 -4.0872 80 200 120
2.5235 0.6123 -4.0279 80 200 120
-1.3696 -3.0269 -4.4782 80 200 120
0.9817 -0.6671 -4.6914 80 200 120
-2.6675 -2.6219 -4.5673 80 200 120
4.1893 -2.1161 -4.6960 80 200 120
-3.0646 -2.4807 -4.1484 80 200 120
-2.6465 -2.9204 -3.2041 80 200 120
0.6846 -0.6904 -4.3105 80 200 120
-0.6915 -2.3050 -4.4080 80 200 120
4.4645 -0.3050 -1.5063 80 200 120
1.5647 2.3949 -1.4446 80 200 120
1.8921 2.4933 -1.7395 80 200 120
2.3763 0.7992 -1.5327 80 200 120
6.0583 -1.1865 -1.5405 80 200 120
6.3088 -0.8374 -2.3951 80 200 120
2.0827 0.7993 -1.5332 80 200 120
1.2243 1.9407 -1.4696 80 200 120
4.5611 0.3726 -2.0282 80 200 120
5.0336 -0.0627 -2.1659 80 200 120
-0.5613 2.0342 -2.5593 80 200 120
-0.2939 2.9231 -1.9724 80 200 120
2.4905 -6.7527 -2.0727 80 200 120
-0.3131 -3.7462 -3.9730 80 200 120
-2.5736 -2.6503 -3.9918 80 200 120
0.8706 -5.3712 -2.8615 80 200 120
-1.3640 -3.0501 -4.5061 80 200 120
-1.1175 -1.3217 -3.9510 80 200 120
2.6882 -6.2750 -1.6867 80 200 120
1.9175 -5.4880 -1.5834 80 200 120
6.2645 -4.8279 -2.0249 80 200 120
4.0119 -4.2201 -2.0876 80 200 120
4.2800 -4.3322 -1.6775 80 200 120
2.0944 -6.2970 -1.6366 80 200 120
1.5559 -5.8055 -3.5591 80 200 120
0.9327 -4.9352 -1.6610 80 200 120
2.9669 -7.1999 -4.2585 80 200 120
5.6077 -6.5440 -4.3862 80 200 120
4.4146 -4.7012 -1.9342 80 200 120
6.0305 -3.0492 -3.9537 80 200 120
5.9566 -6.3901 -4.1133 80 200 120
3.8226 -3.8067 -1.6720 80 200 120
6.8309 -3.9637 -3.5733 80 200 120
4.0118 -3.7236 -3.0878 80 200 120
7.3959 -2.0403 -1.9218 80 200 120
1.8545 -6.2268 -2.4837 80 200 120
2.8725 -3.7649 -4.8447 80 200 120
7.0800 -1.9115 -4.7499 80 200 120
1.7796 1.0692 -4.6227 80 200 120
4.1567 -3.7443 -3.7289 80 200 120
5.6540 -3.4172 -4.7189 80 200 120
7.7798 -2.5544 -4.6888 80 200 120
2.9311 -1.2236 -4.6670 80 200 120
4.1621 -1.6888 -4.7519 80 200 120
6.5878 -4.9791 -3.7424 80 200 120
3.7671 -6.2289 -4.1061 80 200 120
3.0159 0.7586 -4.8056 80 200 120
4.5710 -0.7309 -4.6474 80 200 120
3.1236 -4.4143 -4.7257 80 200 120
-0.1810 -0.7968 -3.5780 80 200 120
1.0951 -0.7144 -4.7356 80 200 120
2.9366 -5.0211 -4.9598 80 200 120
2.8416 0.6612 -3.4672 80 200 120
4.5571 -0.7239 -4.6633 80 200 120
0.6650 3.0718 -1.6743 80 200 120
-0.2799 0.1379 -3.6592 80 200 120
0.4542 -0.5602 -3.7371 80 200 120
3.0934 0.8119 -3.8801 80 200 120
-2.1374 0.4488 -3.5133 80 200 120
-0.6153 -2.6333 -4.6781 80 200 120
3.6847 -1.7653 -3.7513 80 200 120
-0.3616 -3.2403 -4.5784 80 200 120
4.5489 -0.2057 -3.8743 80 200 120
1.4112 2.5876 -1.6376 80 200 120
3.4441 -2.0599 -3.7573 80 200 120
2.3892 -2.2377 -3.7190 80 200 120
4.8639 -0.4873 -3.8414 80 200 120
-1.5744 1.4905 -2.9854 80 200 120
6.8763 -1.3031 -2.1030 80 200 120
4.2947 0.0891 -1.4882 80 200 120
2.5928 0.9355 -1.5233 80 200 120
5.1062 -0.6208 -1.5576 80 200 120
7.5329 -2.0197 -1.9860 80 200 120
0.1819 3.5220 -1.6520 80 200 120
7.4403 -2.0389 -1.5803 80 200 120
3.7518 1.2407 -1.8865 80 200 120
1.2358 2.8256 -1.8881 80 200 120
0.8693 1.5560 -1.5029 80 200 120
0.1175 -0.9358 -3.5476 80 200 120
-1.3370 -2.7097 -4.3407 80 200 120
1.3790 2.6223 -1.6164 80 200 120
0.2502 2.8300 -1.6546 80 200 120
6.7884 -3.1942 -4.4136 80 200 120
3.6322 -5.8127 -1.9581 80 200 120
6.2288 -4.0587 -1.5780 80 200 120
4.4048 -3.6602 -3.7725 80 200 120
5.5170 -3.8335 -4.0833 80 200 120
4.5178 -3.2543 -3.5979 80 200 120
2.6473 -6.5659 -3.6748 80 200 120
3.0282 -6.6941 -1.6883 80 200 120
7.5720 -3.4189 -4.0263 80 200 120
4.8564 -3.5214 -3.9261 80 200 120
4.1229 -3.4339 -1.6049 80 200 120
0.5330 -5.3141 -2.1604 80 200 120
4.1369 -3.5116 -3.6267 80 200 120
4.7917 -4.7024 -4.1508 80 200 120
3.7579 -4.8612 -3.9948 80 200 120
3.5944 -1.8074 -4.7184 80 200 120
3.9769 -1.9437 -4.5768 80 200 120
2.6242 0.6286 -4.7661 80 200 120
3.9256 -3.7205 -3.9746 80 200 120
2.0923 0.8113 -4.7050 80 200 120
6.8458 -3.0221 -4.7393 80 200 120
3.0754 -1.4222 -4.7479 80 200 120
3.6166 -0.9195 -4.7578 80 200 120
3.6410 -2.9757 -4.0441 80 200 120
5.6777 -1.7535 -4.7496 80 200 120
3.6916 -1.7639 -3.7600 80 200 120
3.6534 -2.0585 -3.7881 80 200 120
3.6122 -4.2069 -4.7068 80 200 120
5.9430 -1.6424 -4.7251 80 200 120
3.5683 -5.2417 -4.5800 80 200 120
2.5714 0.6043 -4.0654 80 200 120
5.1166 -2.8217 -4.7932 80 200 120
1.9737 -1.4734 -4.8002 80 200 120
4.4109 -2.4237 -3.9633 80 200 120
1.6377 0.7478 -4.8549 80 200 120
-0.3464 -0.8776 -3.5686 80 200 120
0.7429 -5.3233 -4.6177 80 200 120
-0.8800 -0.8170 -1.7776 80 200 120
3.4375 -2.1090 -3.8157 80 200 120
3.3803 1.1399 -4.7485 80 200 120
2.5597 -3.0595 -4.7541 80 200 120
-0.8788 2.8000 -1.4607 80 200 120
3.2260 -1.8036 -4.5469 80 200 120
-2.4022 -0.1015 -1.6335 80 200 120
-0.4853 -3.4640 -4.1267 80 200 120
-0.9866 -3.3703 -4.1683 80 200 120
-1.0760 2.3520 -1.6460 80 200 120
-3.1438 -1.7595 -4.1860 80 200 120
-3.1695 -2.3758 -3.6207 80 200 120
0.0481 2.9843 -2.1212 80 200 120
-0.1399 2.6015 -1.6206 80 200 120
2.9480 1.4725 -2.8361 80 200 120
2.0326 1.7298 -2.4463 80 200 120
4.0028 0.7661 -3.0218 80 200 120
-0.0989 3.1803 -1.5979 80 200 120
2.3246 1.5629 -2.0512 80 200 120
1.9174 2.4432 -1.6045 80 200 120
3.7902 0.2687 -1.5409 80 200 120
2.6586 1.4087 -2.0600 80 200 120
0.6562 3.2221 -2.2753 80 200 120
3.1418 1.4742 -2.7763 80 200 120
6.3735 -2.3517 -1.5423 80 200 120
-0.3118 -3.1884 -4.5039 80 200 120
-0.6652 -3.5537 -4.2908 80 200 120
-2.6690 -2.6214 -4.6771 80 200 120
-0.2204 2.2814 -1.6350 80 200 120
-2.2223 -3.0118 -4.0321 80 200 120
0.6374 3.1176 -1.6723 80 200 120
-0.3836 -3.8457 -4.0233 80 200 120
-3.6741 -1.8053 -4.1949 80 200 120
-0.9581 1.9959 -1.9763 80 200 120
1.0379 -5.5524 -1.8454 80 200 120
0.7806 -1.1046 -3.6115 80 200 120
3.5345 -5.1799 -1.6703 80 200 120
6.7862 -1.5216 -1.5825 80 200 120
7.6103 -2.6080 -3.2355 80 200 120
3.1742 -3.1930 -1.5607 80 200 120
7.7183 -2.1568 -1.9477 80 200 120
3.9270 -4.3343 -2.8875 80 200 120
4.3256 -4.5089 -2.6845 80 200 120
7.5553 -1.9692 -2.2883 80 200 120
5.1371 -6.8679 -2.5715 80 200 120
1.0979 -3.3548 -1.5225 80 200 120
6.3783 -4.7570 -3.6643 80 200 120
5.6618 -1.7088 -1.5512 80 200 120
3.3427 -2.4912 -1.5554 80 200 120
7.6502 -2.3108 -3.4453 80 200 120
2.6657 -1.8885 -4.7616 80 200 120
2.9945 -0.8829 -4.7170 80 200 120
4.7505 -0.5941 -3.8299 80 200 120
4.5247 -0.9542 -4.7668 80 200 120
2.1101 -0.0169 -4.7033 80 200 120
2.8639 -0.2825 -4.7293 80 200 120
7.1631 -4.1861 -3.5139 80 200 120
4.8072 -1.6365 -4.6527 80 200 120
3.7861 -3.9037 -4.1010 80 200 120
4.4928 -2.5012 -3.6751 80 200 120
4.8727 -2.7863 -3.9538 80 200 120
3.2584 1.0403 -3.3738 80 200 120
6.6778 -1.2237 -3.2761 80 200 120
2.8075 -3.3423 -4.7126 80 200 120
3.7923 -2.2697 -3.7211 80 200 120
4.0997 -2.7317 -3.7679 80 200 120
3.9606 -2.4337 -3.7440 80 200 120
2.9796 -5.1407 -4.8824 80 200 120
5.4174 -4.3101 -4.3029 80 200 120
3.4172 -4.4577 -4.4929 80 200 120
6.8329 -1.5096 -1.6011 80 200 120
6.4379 -3.8776 -4.8341 80 200 120
3.6428 -2.4646 -3.7766 80 200 120
7.2626 -1.9603 -1.6461 80 200 120
3.0994 0.8199 -3.8769 80 200 120
-0.0020 -0.7375 -3.5997 80 200 120
2.2697 -2.2280 -3.9299 80 200 120
0.5277 -4.0726 -4.2789 80 200 120
-1.3177 -3.2272 -4.5370 80 200 120
-0.5479 -3.9153 -4.1257 80 200 120
-0.4935 -3.2245 -4.5712 80 200 120
-1.0304 -0.8924 -3.5446 80 200 120
0.0061 -1.1106 -3.7346 80 200 120
1.9313 -1.9668 -4.1692 80 200 120
1.5154 -4.4488 -4.7795 80 200 120
-0.2171 -3.4966 -4.2112 80 200 120
0.9794 -2.9100 -4.1678 80 200 120
2.0586 -2.4366 -3.6940 80 200 120
0.1406 -0.1042 -3.7694 80 200 120
1.4941 -5.9570 -4.6074 80 200 120
-0.6087 -0.7036 -3.5982 80 200 120
-0.9943 1.4971 -4.6347 80 200 120
-0.0906 -0.9419 -3.5929 80 200 120
1.0240 -1.5338 -4.6875 80 200 120
-0.0299 -0.9308 -3.5902 80 200 120
-0.5518 -0.9733 -3.0318 80 200 120
1.2286 -1.8260 -4.3538 80 200 120
0.1987 -0.5883 -3.6184 80 200 120
-0.8159 0.5005 -4.1148 80 200 120
0.8483 -0.6540 -3.9323 80 200 120
0.3357 -5.0372 -4.5291 80 200 120
-0.1972 -0.6641 -3.6224 80 200 120
-2.9301 -2.6721 -3.0102 80 200 120
-0.3002 -0.6502 -3.6158 80 200 120
-1.3506 1.2319 -4.5607 80 200 120
-0.7384 -3.4580 -4.1364 80 200 120
-1.7327 -3.3994 -3.9766 80 200 120
-0.2238 -0.8008 -3.5754 80 200 120
0.8468 -0.0784 -4.8351 80 200 120
1.9253 -2.3945 -3.7232 80 200 120
1.3078 -4.8811 -4.7331 80 200 120
-1.0456 -0.8413 -2.8068 80 200 120
1.8965 -2.0534 -3.8392 80 200 120
-0.1539 -0.5059 -3.6372 80 200 120
-0.6999 -0.5144 -3.5882 80 200 120
0.4227 0.9181 -4.7362 80 200 120
1.8644 -2.0858 -3.7623 80 200 120
1.3800 -1.2621 -4.8115 80 200 120
1.7285 -4.1282 -4.7826 80 200 120
-0.2877 -4.2825 -4.1095 80 200 120
-0.6645 -4.4511 -2.9457 80 200 120
0.7616 0.5565 -4.7207 80 200 120
-0.0188 -0.0072 -4.3683 80 200 120
-0.8118 0.8231 -4.7037 80 200 120
-0.1520 -0.6606 -3.6250 80 200 120
1.8062 -0.0717 -4.7455 80 200 120
0.2337 -0.2372 -4.3110 80 200 120
-0.4036 -0.8733 -3.5584 80 200 120
1.9269 -2.0998 -3.7696 80 200 120
2.9740 -5.4650 -4.2477 80 200 120
3.5735 -1.9527 -3.7832 80 200 120
2.7502 -7.3487 -1.6025 80 200 120
4.2549 -3.9116 -3.8758 80 200 120
4.1788 -3.5447 -1.5822 80 200 120
2.9163 0.6129 -4.7372 80 200 120
0.3004 2.1281 -4.5092 80 200 120
6.4256 -1.1096 -4.7146 80 200 120
-0.7650 1.9304 -4.6811 80 200 120
7.4116 -2.5665 -4.5184 80 200 120
4.9936 -2.6404 -3.4148 80 200 120
2.4792 -7.1718 -2.0199 80 200 120
6.5440 -2.2286 -4.7639 80 200 120
2.1572 1.0230 -3.5837 80 200 120
3.9996 -1.9925 -3.7430 80 200 120
-0.1086 -3.1129 -4.4579 80 200 120
-3.3321 -2.1318 -4.5973 80 200 120
0.8020 -2.9717 -4.1943 80 200 120
3.8160 -1.7892 -4.5781 80 200 120
-0.3039 -1.2591 -1.9492 80 200 120
2.2278 -2.2465 -3.6830 80 200 120
0.2376 -0.8551 -1.9024 80 200 120
-2.6409 -0.3369 -2.7962 80 200 120
3.3168 -2.0739 -4.2466 80 200 120
-0.9535 2.6032 -2.6816 80 200 120
3.5538 1.0158 -3.0407 80 200 120
3.8830 0.9800 -3.0892 80 200 120
4.1164 0.7324 -2.9132 80 200 120
4.4761 0.4254 -2.8905 80 200 120
6.9407 -1.4722 -1.8534 80 200 120
4.0497 0.5862 -2.4701 80 200 120
-1.2708 -1.2447 -3.0540 80 200 120
0.0421 -0.9071 -1.5929 80 200 120
-0.0822 -1.2408 -1.5695 80 200 120
4.1460 -3.4653 -1.6271 80 200 120
2.8763 -6.6329 -1.7113 80 200 120
3.8618 -3.6673 -1.6547 80 200 120
1.4803 -5.6983 -1.6940 80 200 120
-2.4924 -1.8759 -5.1194 80 200 120
1.9308 -5.9910 -1.6443 80 200 120
2.1611 -6.5042 -2.0169 80 200 120
0.0908 -5.0271 -3.0008 80 200 120
8.1050 -2.1671 -4.2623 80 200 120
4.5793 -3.3976 -3.6697 80 200 120
7.8150 -6.0879 -5.9384 80 200 120
2.5685 -6.8111 -2.9582 80 200 120
2.2242 -6.6332 -3.2366 80 200 120
7.4667 -3.3250 -3.9862 80 200 120
7.4331 -2.5377 -1.5406 80 200 120
7.8912 -2.6571 -2.8791 80 200 120
4.0118 -3.3773 -2.9926 80 200 120
4.9165 -5.2630 -1.5641 80 200 120
1.9754 -5.6394 -1.5575 80 200 120
5.8072 -4.2565 -4.3703 80 200 120
4.2022 -3.5796 -3.6415 80 200 120
4.7680 -3.2311 -3.7110 80 200 120
8.7354 -3.8091 -5.4666 80 200 120
4.4334 -2.8063 -3.8351 80 200 120
4.2941 -3.1214 -3.4756 80 200 120
4.0359 -0.0961 -4.6576 80 200 120
2.7999 0.6911 -3.7712 80 200 120
4.9373 -0.8858 -3.9112 80 200 120
3.7817 -4.8675 -4.1319 80 200 120
1.9327 -1.6839 -4.8737 80 200 120
-0.3801 -0.1845 -3.6444 80 200 120
-1.2057 1.4965 -5.0177 80 200 120
1.8091 -1.7357 -4.7724 80 200 120
-1.3318 -3.8444 -3.7934 80 200 120
0.1493 -0.1001 -3.7116 80 200 120
-0.3393 -0.5553 -3.6447 80 200 120
-0.7188 0.3019 -4.2368 80 200 120
-0.2646 -0.1060 -3.6308 80 200 120
1.9106 -1.9195 -4.3477 80 200 120
1.6465 -3.4818 -4.6973 80 200 120
-2.3516 -0.3689 -2.7361 80 200 120
1.1089 0.3096 -4.8149 80 200 120
-0.7884 0.8925 -4.8577 80 200 120
1.4102 -0.7637 -4.7851 80 200 120
-0.1578 -0.7517 -3.6029 80 200 120
2.0743 -0.9628 -4.7506 80 200 120
-2.8449 -2.7825 -2.5579 80 200 120
-0.5561 1.1989 -4.9252 80 200 120
-0.4968 -0.3534 -3.6351 80 200 120
1.1108 -0.4034 -4.8009 80 200 120
0.2091 1.5550 -4.9333 80 200 120
-0.6781 -4.4187 -3.7860 80 200 120
-0.4928 -0.8346 -3.5674 80 200 120
0.5492 -0.8295 -3.6133 80 200 120
-0.2449 -0.0769 -3.6111 80 200 120
2.0718 -0.6605 -4.8043 80 200 120
1.1855 -3.4108 -4.2775 80 200 120
0.1852 -2.9146 -4.4301 80 200 120
-1.2462 -2.8864 -4.6775 80 200 120
0.0878 -1.4438 -4.3921 80 200 120
3.3924 -1.9598 -3.9580 80 200 120
5.1736 -1.0615 -3.9961 80 200 120
2.3834 -2.3934 -3.6651 80 200 120
0.8979 1.6966 -4.6916 80 200 120
2.0778 0.8793 -4.8182 80 200 120
3.2387 1.0926 -4.7728 80 200 120
2.3349 0.7367 -4.8779 80 200 120
0.6639 2.0121 -3.1033 80 200 120
3.0382 0.6419 -4.4466 80 200 120
1.6346 1.3226 -3.4926 80 200 120
2.7699 0.5198 -4.6388 80 200 120
2.1494 1.0066 -3.4615 80 200 120
2.4645 1.2389 -3.1803 80 200 120
1.2353 1.6409 -4.5101 80 200 120
0.2240 2.0478 -4.6762 80 200 120
0.6145 2.1247 -2.9771 80 200 120
2.4824 0.9301 -3.3860 80 200 120
1.9749 1.4530 -3.1374 80 200 120
1.0208 1.7677 -3.3174 80 200 120
1.6250 1.8665 -3.1082 80 200 120
3.6153 -0.9563 -4.7757 80 200 120
2.9955 -1.4717 -4.7772 80 200 120
2.7680 0.9305 -3.4537 80 200 120
2.2705 1.2635 -3.3965 80 200 120
1.5251 1.0922 -4.8298 80 200 120
1.4143 2.0691 -2.9531 80 200 120
4.3314 -1.1617 -4.7677 80 200 120
2.8241 1.0948 -3.3023 80 200 120
-0.6167 1.9401 -4.5867 80 200 120
-0.5513 -0.5299 -3.6433 80 200 120
0.2089 1.9365 -3.7038 80 200 120
1.3275 1.2604 -3.7318 80 200 120
0.7398 0.6438 -4.7612 80 200 120
1.9052 -1.2414 -4.6776 80 200 120
-0.4925 -0.6079 -3.6187 80 200 120
1.1327 1.6897 -3.3487 80 200 120
-0.2110 0.5773 -4.1853 80 200 120
0.2326 1.0505 -4.7906 80 200 120
-0.9130 1.4111 -4.5056 80 200 120
-0.6922 1.3004 -4.7402 80 200 120
-0.2631 2.2345 -4.6054 80 200 120
1.9815 0.0428 -4.7868 80 200 120
1.3319 1.9982 -3.0823 80 200 120
-0.2775 2.9458 -2.4302 80 200 120
1.1487 1.5897 -3.5153 80 200 120
2.9802 -0.9492 -4.4145 80 200 120
-0.1598 2.0917 -4.8767 80 200 120
-0.0710 2.4852 -3.0197 80 200 120
-1.2538 1.6673 -3.6623 80 200 120
0.3628 1.4535 -4.8211 80 200 120
2.6239 1.5008 -3.3125 80 200 120
-0.1561 0.7320 -4.7133 80 200 120
-0.0258 0.4213 -4.4216 80 200 120
-0.0611 0.3435 -4.2759 80 200 120
2.9529 0.2490 -4.8611 80 200 120
2.0147 -0.5144 -4.8124 80 200 120
0.4057 1.8346 -3.9477 80 200 120
2.9503 1.0797 -3.2903 80 200 120
4.4271 -0.5659 -4.7538 80 200 120
4.5138 -2.2753 -4.3740 80 200 120
-1.7477 -2.0694 -4.6293 80 200 120
-1.5681 1.6590 -1.9153 80 200 120
2.2229 -2.7581 -3.9824 80 200 120
5.0602 -1.0428 -4.7268 80 200 120
4.4407 -2.3422 -4.8338 80 200 120
2.3317 -2.4113 -3.6821 80 200 120
3.6773 -1.8112 -3.8736 80 200 120
3.2517 -2.3110 -3.8594 80 200 120
1.3877 -2.9219 -3.9915 80 200 120
3.9780 -1.9593 -4.6008 80 200 120
7.2586 -1.7516 -1.6962 80 200 120
3.0170 0.2358 -1.5576 80 200 120
0.4955 3.2038 -2.1305 80 200 120
7.0454 -2.4390 -1.5909 80 200 120
3.6642 -0.0801 -1.5006 80 200 120
1.7377 0.8547 -1.4814 80 200 120
5.9479 -1.5366 -1.5500 80 200 120
6.3302 -2.3520 -1.5692 80 200 120
-2.7834 0.0911 -2.2895 80 200 120
2.1803 -6.4104 -3.1847 80 200 120
0.4749 -5.1188 -4.4214 80 200 120
3.4257 -7.5066 -2.3727 80 200 120
3.8116 -6.1431 -1.7954 80 200 120
2.5571 -6.8459 -2.0681 80 200 120
-3.7969 -1.7564 -3.7839 80 200 120
-3.6843 -1.9661 -2.7116 80 200 120
2.5872 -6.7687 -2.6148 80 200 120
2.1172 -6.4235 -2.5491 80 200 120
1.8612 -6.3288 -2.7865 80 200 120
1.3239 2.7519 -1.5814 80 200 120
-1.9069 -0.4260 -3.5375 80 200 120
1.0939 -5.7632 -3.3300 80 200 120
-1.1832 -3.2151 -4.0485 80 200 120
-0.3234 -4.5758 -3.0337 80 200 120
-0.7210 -4.3536 -3.5062 80 200 120
-2.8037 1.2224 -4.7664 80 200 120
6.4132 -3.8481 -4.3873 80 200 120
3.2231 -7.1624 -3.9545 80 200 120
1.9806 -6.0292 -2.5258 80 200 120
4.8894 -5.8265 -4.2142 80 200 120
5.0803 -6.7055 -3.5938 80 200 120
6.4410 -2.9611 -1.5473 80 200 120
0.7034 -5.1326 -1.5936 80 200 120
4.3470 -3.4568 -3.6465 80 200 120
0.8801 -5.3992 -1.8515 80 200 120
0.7262 -5.0080 -2.1775 80 200 120
6.4406 -2.3277 -1.5641 80 200 120
2.5242 -7.0948 -3.7439 80 200 120
2.8687 -6.8197 -4.0705 80 200 120
5.2641 -3.6145 -4.2772 80 200 120
3.2532 -3.7528 -4.6387 80 200 120
3.3083 -2.0519 -4.2560 80 200 120
6.7435 -4.0801 -4.7149 80 200 120
2.7678 -1.4869 -4.7150 80 200 120
5.3044 -0.8436 -4.1128 80 200 120
4.6753 -1.1022 -4.6893 80 200 120
3.1980 -4.3108 -4.6274 80 200 120
4.2503 -0.4124 -4.7074 80 200 120
4.3232 -3.4043 -3.8611 80 200 120
4.1596 -0.0207 -3.9027 80 200 120
2.8163 0.7602 -3.4922 80 200 120
3.2444 1.0162 -3.3750 80 200 120
2.5494 -2.3050 -4.6401 80 200 120
6.4853 -4.2704 -4.6720 80 200 120
-0.0861 -1.1872 -4.0714 80 200 120
3.6545 -4.1867 -4.0851 80 200 120
3.8151 -3.7727 -4.2868 80 200 120
0.6139 -0.6210 -3.6424 80 200 120
3.8391 -3.8183 -3.9418 80 200 120
4.5880 -2.5515 -3.7740 80 200 120
4.0531 -0.2109 -3.9741 80 200 120
4.6424 -3.0459 -3.6068 80 200 120
4.4096 -2.6738 -3.7182 80 200 120
4.8241 -3.8511 -3.6824 80 200 120
4.1698 -0.3731 -4.7781 80 200 120
4.2022 -2.0895 -4.5663 80 200 120
4.5154 -0.6646 -4.7318 80 200 120
2.3189 0.9084 -3.6479 80 200 120
4.2376 0.0231 -3.8194 80 200 120
4.9736 -0.9105 -3.9513 80 200 120
3.8925 -1.9197 -3.7997 80 200 120
2.2270 -2.7225 -4.2515 80 200 120
1.7551 -3.1148 -3.9495 80 200 120
4.2451 -0.4381 -4.7003 80 200 120
2.7185 -3.3501 -4.7445 80 200 120
3.3335 0.9832 -3.0769 80 200 120
2.3550 1.8127 -3.0426 80 200 120
-0.2072 3.3890 -2.5448 80 200 120
2.5137 0.9763 -2.4362 80 200 120
4.1183 0.6051 -2.9541 80 200 120
3.5825 1.1623 -2.9166 80 200 120
4.0457 0.7593 -2.8074 80 200 120
7.6568 -2.0367 -1.9694 80 200 120
-0.4572 2.4438 -1.6662 80 200 120
2.8061 0.7361 -2.4771 80 200 120
6.9829 -1.4878 -1.8103 80 200 120
5.3609 -0.8472 -1.5523 80 200 120
-2.4285 0.0267 -2.6808 80 200 120
-0.7137 3.3692 -2.3763 80 200 120
-0.1926 -3.9594 -4.2179 80 200 120
3.6570 -5.7345 -2.0696 80 200 120
-2.7320 -2.0863 -4.4099 80 200 120
-2.1340 -2.5044 -4.5031 80 200 120
6.1313 -5.0645 -3.0806 80 200 120
2.2068 -6.3056 -2.1350 80 200 120
4.4948 -3.0705 -3.4293 80 200 120
2.0653 -6.5701 -3.1964 80 200 120
6.1183 -4.2475 -4.4456 80 200 120
2.9905 -6.8822 -2.3488 80 200 120
7.9153 -2.4410 -3.3749 80 200 120
4.2735 -3.9482 -3.1109 80 200 120
7.8591 -2.3705 -1.6179 80 200 120
5.4032 -4.7047 -1.5356 80 200 120
7.7500 -2.7098 -3.2408 80 200 120
1.9938 -6.3405 -1.6410 80 200 120
5.6072 -5.5778 -3.7877 80 200 120
6.1342 -0.9810 -4.7798 80 200 120
3.9811 0.0360 -4.2797 80 200 120
4.2742 -1.2411 -4.7400 80 200 120
2.8694 0.5814 -3.6797 80 200 120
5.3093 -1.2588 -4.7377 80 200 120
3.5090 -1.3528 -4.7423 80 200 120
5.1517 -3.3706 -3.6070 80 200 120
4.9113 -3.2969 -4.2470 80 200 120
3.5986 -1.8072 -4.3961 80 200 120
3.1418 -1.6216 -4.7533 80 200 120
6.6947 -4.1081 -3.0471 80 200 120
6.4427 -1.8188 -4.7706 80 200 120
3.4565 -1.0421 -4.7295 80 200 120
4.3940 -2.6801 -3.7272 80 200 120
2.9698 -1.3204 -4.7511 80 200 120
3.7714 -3.4048 -4.4877 80 200 120
5.0175 -1.0722 -4.6602 80 200 120
6.2889 -4.2299 -4.5419 80 200 120
3.3831 -2.1307 -3.9340 80 200 120
4.2177 -3.7072 -3.4459 80 200 120
2.0684 -6.6086 -3.2161 80 200 120
3.8450 -1.8424 -4.7363 80 200 120
0.3224 -1.3175 -4.5607 80 200 120
2.3895 -2.0642 -4.6426 80 200 120
0.2472 -5.0066 -2.8184 80 200 120
6.3949 -1.1035 -4.7128 80 200 120
4.1643 -0.3009 -3.9018 80 200 120
1.3582 1.6323 -3.3121 80 200 120
-1.7690 -1.2234 -3.1892 80 200 120
4.4528 -2.2518 -4.3568 80 200 120
-3.0712 0.0036 -1.5404 80 200 120
4.3532 -2.1901 -4.5648 80 200 120
4.9527 -1.0996 -3.9722 80 200 120
2.4240 -2.5568 -4.6295 80 200 120
3.1469 -2.4300 -4.0709 80 200 120
2.7538 1.2941 -3.0873 80 200 120
-0.5563 2.3588 -2.1728 80 200 120
3.7846 0.8462 -3.2234 80 200 120
0.6962 1.7623 -1.4692 80 200 120
-0.5874 1.7578 -1.7164 80 200 120
6.2724 -0.9979 -2.6385 80 200 120
4.3219 0.4835 -2.5648 80 200 120
6.6591 -2.0502 -1.5161 80 200 120
6.0098 -0.7551 -2.2826 80 200 120
4.7758 0.2051 -2.4059 80 200 120
4.4704 0.3954 -2.8809 80 200 120
-1.3089 -3.0254 -4.4715 80 200 120
-0.2839 -1.2154 -1.8783 80 200 120
0.3131 -3.9809 -4.2031 80 200 120
0.4882 -4.5144 -4.5337 80 200 120
-0.3810 0.0630 -3.8235 80 200 120
0.4079 -0.9530 -3.4465 80 200 120
0.8050 -5.7353 -4.3166 80 200 120
-0.5682 -2.0085 -4.9147 80 200 120
3.8601 -3.6971 -1.6301 80 200 120
7.6834 -2.2017 -2.8331 80 200 120
5.2222 -3.5067 -3.5406 80 200 120
7.3936 -3.3184 -3.5181 80 200 120
4.5002 -4.2239 -1.5304 80 200 120
4.0934 -3.8958 -2.1330 80 200 120
3.8226 -4.0112 -2.0816 80 200 120
3.8011 -3.9738 -2.3224 80 200 120
7.5073 -1.9310 -2.2910 80 200 120
7.0310 -1.7276 -1.6419 80 200 120
5.5012 -6.0558 -4.3076 80 200 120
6.6662 -4.4797 -4.7892 80 200 120
4.9080 -3.4452 -3.4236 80 200 120
2.8924 -7.5133 -4.3518 80 200 120
2.2848 -6.9963 -2.6014 80 200 120
5.1726 -7.0751 -2.6258 80 200 120
7.1638 -3.5692 -4.7142 80 200 120
6.5005 -2.2529 -4.6856 80 200 120
5.5197 -2.1393 -4.7463 80 200 120
2.8126 0.6292 -4.0966 80 200 120
3.0816 0.8298 -3.8853 80 200 120
2.8509 0.4868 -4.3113 80 200 120
3.6092 -0.6753 -4.7514 80 200 120
3.0146 0.8113 -4.8022 80 200 120
5.9048 -2.1020 -4.6190 80 200 120
7.4881 -2.1652 -1.7335 80 200 120
2.3636 0.0581 -4.7311 80 200 120
4.8117 -3.0588 -3.3417 80 200 120
4.3970 -2.5529 -3.4612 80 200 120
7.2874 -2.2640 -4.7684 80 200 120
4.5726 -2.3841 -4.2002 80 200 120
4.2534 -2.8759 -3.7302 80 200 120
5.1717 -3.3566 -4.5835 80 200 120
4.9444 -3.3114 -3.6765 80 200 120
3.8551 0.3087 -4.3624 80 200 120
1.4507 -2.0786 -3.7783 80 200 120
2.5755 -2.2417 -4.5395 80 200 120
0.7160 -4.3210 -4.7220 80 200 120
4.2008 -4.1799 -4.2870 80 200 120
4.5648 -2.4028 -4.2071 80 200 120
1.5754 -4.4178 -4.7653 80 200 120
1.5269 1.3252 -4.0220 80 200 120
2.9068 -3.7138 -4.7414 80 200 120
0.4694 -4.4372 -4.2660 80 200 120
-1.2361 -2.9921 -4.5242 80 200 120
2.0365 -2.8861 -3.8179 80 200 120
-0.1860 -3.0877 -4.4801 80 200 120
-0.2814 -1.2544 -1.9612 80 200 120
-0.7083 -3.4935 -4.2279 80 200 120
0.2636 3.4009 -1.6382 80 200 120
5.0444 -1.0471 -4.6975 80 200 120
-0.7778 2.1011 -1.6646 80 200 120
3.1602 1.0983 -3.4008 80 200 120
-3.8543 -1.8777 -2.2231 80 200 120
-0.3866 -3.8763 -4.1088 80 200 120
0.3415 2.9803 -2.2073 80 200 120
1.6468 2.2035 -1.7103 80 200 120
-3.3760 -2.4002 -3.6522 80 200 120
-2.8065 -2.9464 -3.2710 80 200 120
1.4392 -2.1224 -3.7677 80 200 120
-2.3817 0.0376 -2.1928 80 200 120
5.1730 -1.0181 -4.0424 80 200 120
4.5696 -0.6944 -4.7497 80 200 120
5.2951 -0.7463 -3.8980 80 200 120
4.8390 -0.8153 -3.9250 80 200 120
7.8077 -2.2869 -1.5979 80 200 120
-0.7585 2.1496 -1.9320 80 200 120
-0.3364 2.7455 -2.1710 80 200 120
7.3854 -2.6056 -1.5659 80 200 120
6.3209 -2.2781 -1.5859 80 200 120
6.9095 -1.8131 -1.5196 80 200 120
3.8563 0.9755 -2.2192 80 200 120
1.6424 0.3207 -1.5130 80 200 120
0.3124 0.8555 -1.4587 80 200 120
-1.8809 1.2215 -2.6605 80 200 120
0.2496 -4.3556 -3.9935 80 200 120
0.8033 -5.5149 -2.8418 80 200 120
-3.2282 -2.1778 -4.5830 80 200 120
-2.3717 -2.5799 -4.5857 80 200 120
0.0853 -0.9886 -1.6249 80 200 120
-3.4774 -1.5846 -4.5175 80 200 120
-2.2923 -2.1339 -4.8880 80 200 120
3.8173 -3.9670 -3.4022 80 200 120
4.9922 -3.4765 -3.8592 80 200 120
4.1738 -3.4101 -1.6540 80 200 120
1.8762 -5.7117 -1.5031 80 200 120
3.1197 -4.3218 -1.5627 80 200 120
1.3442 -5.5706 -2.4502 80 200 120
6.0587 -4.9663 -3.7164 80 200 120
5.6837 -3.1815 -1.5438 80 200 120
5.9095 -4.4268 -4.4813 80 200 120
7.4597 -2.0408 -3.8942 80 200 120
6.9013 -4.0018 -3.6383 80 200 120
7.9286 -2.6798 -2.8758 80 200 120
4.0259 -3.4757 -1.5784 80 200 120
4.3091 -4.4966 -3.2575 80 200 120
4.5197 -0.2180 -3.7501 80 200 120
3.7299 -1.7043 -4.4159 80 200 120
4.6437 -3.0671 -3.6589 80 200 120
5.9616 -0.6812 -3.5102 80 200 120
7.0959 -2.4816 -4.7681 80 200 120
2.0694 0.9072 -4.8020 80 200 120
5.6294 -4.0263 -4.3082 80 200 120
4.1334 -0.0778 -3.8724 80 200 120
1.8570 0.9593 -4.5492 80 200 120
2.7398 0.7593 -3.7888 80 200 120
4.7927 -3.5029 -3.4945 80 200 120
5.3098 -3.6193 -3.7352 80 200 120
4.1682 -2.7897 -3.7964 80 200 120
3.7914 -3.9809 -3.5374 80 200 120
2.9023 0.5533 -4.6718 80 200 120
4.8835 -3.9377 -3.7215 80 200 120
4.3239 -2.1966 -4.4136 80 200 120
4.5495 -3.0772 -3.9288 80 200 120
3.7802 -3.8271 -3.2505 80 200 120
3.8353 -3.8868 -2.8635 80 200 120
7.6184 -2.3380 -4.5059 80 200 120
5.2457 -3.4560 -4.6141 80 200 120
0.1811 -4.7087 -4.2038 80 200 120
4.5348 -3.2171 -3.5358 80 200 120
2.9983 0.0850 -4.6422 80 200 120
1.0223 -0.2106 -4.7900 80 200 120
3.0097 -1.5342 -4.3337 80 200 120
1.5898 -3.5290 -4.7534 80 200 120
-3.2842 -1.4556 -4.6152 80 200 120
0.5630 -4.4588 -4.7495 80 200 120
0.2616 -4.0286 -4.1883 80 200 120
1.4439 2.0286 -3.1426 80 200 120
-0.5391 2.5134 -2.5375 80 200 120
6.4895 -2.9776 -1.5483 80 200 120
2.4979 1.5194 -3.2274 80 200 120
0.8872 -5.0347 -4.6874 80 200 120
0.4419 -4.5907 -4.4259 80 200 120
0.6217 -4.8442 -4.6323 80 200 120
-3.5486 -1.3103 -3.4120 80 200 120
2.6813 -6.4930 -2.3514 80 200 120
0.7760 -5.7892 -4.3342 80 200 120
1.3094 -5.7636 -4.2011 80 200 120
-0.8236 -0.5697 -1.8864 80 200 120
3.8454 -3.7100 -1.6358 80 200 120
-1.5653 1.1601 -1.6236 80 200 120
-1.6562 1.9136 -3.6724 80 200 120
6.5330 -4.4792 -2.4530 80 200 120
4.8622 -6.1267 -1.5868 80 200 120
4.7231 -7.1648 -5.2027 80 200 120
1.1141 -5.5925 -1.9198 80 200 120
4.5544 -3.0893 -3.8925 80 200 120
3.2933 -1.6123 -4.4054 80 200 120
6.6012 -1.5434 -4.8175 80 200 120
5.0803 -1.0905 -4.6174 80 200 120
6.4203 -1.1055 -4.7359 80 200 120
3.2915 0.9172 -3.3344 80 200 120
4.2623 -0.7457 -4.7753 80 200 120
5.7892 -0.8394 -4.7400 80 200 120
4.2882 -0.9999 -4.7243 80 200 120
4.0309 -2.8599 -3.8758 80 200 120
3.7212 -2.7629 -3.9390 80 200 120
5.1371 -6.1011 -4.6933 80 200 120
-0.9495 -1.2024 -3.9798 80 200 120
4.3805 -5.6223 -1.7757 80 200 120
5.6207 -3.9398 -4.1259 80 200 120
5.0542 -3.6013 -3.6182 80 200 120
4.3250 -2.7773 -3.7222 80 200 120
6.3377 -4.2574 -4.5749 80 200 120
3.7440 -4.4377 -2.4687 80 200 120
0.0221 -0.0127 -4.3974 80 200 120
3.1502 -3.8450 -4.7388 80 200 120
1.2396 -4.8801 -4.5908 80 200 120
5.0272 -1.0373 -4.7194 80 200 120
1.9399 -2.8652 -3.8454 80 200 120
2.0430 -1.9943 -4.0769 80 200 120
0.5305 -4.3214 -4.1646 80 200 120
2.3644 -2.3697 -3.6666 80 200 120
-1.0191 -1.1931 -1.9385 80 200 120
-0.8306 -0.5434 -1.9080 80 200 120
4.1612 -2.0914 -4.7225 80 200 120
0.5500 -4.9892 -4.6987 80 200 120
5.4117 -0.3250 -1.9554 80 200 120
0.8103 1.9959 -2.9536 80 200 120
2.7722 1.2748 -3.2840 80 200 120
3.1518 1.2966 -3.4579 80 200 120
2.5900 1.2772 -2.8933 80 200 120
-0.8397 2.1376 -1.7540 80 200 120
-0.7269 2.7773 -1.6401 80 200 120
4.4735 0.3666 -2.8900 80 200 120
2.1075 1.4725 -2.8465 80 200 120
4.6319 0.4219 -2.8813 80 200 120
1.3372 -5.6665 -4.6737 80 200 120
-1.1202 -2.6102 -4.6148 80 200 120
1.4833 -6.2888 -4.3109 80 200 120
0.5840 2.6542 -2.2568 80 200 120
-0.9666 -1.1215 -3.1796 80 200 120
0.0543 -3.1028 -4.4220 80 200 120
-0.0332 -4.2623 -4.3719 80 200 120
2.6626 -6.5716 -2.0927 80 200 120
4.1699 -3.8771 -1.6683 80 200 120
7.9475 -2.2571 -2.8859 80 200 120
6.9375 -1.6039 -1.6279 80 200 120
6.8746 -1.7962 -1.5304 80 200 120
1.5939 -5.8726 -2.4109 80 200 120
5.9799 -4.4584 -4.5140 80 200 120
5.0579 -3.3863 -3.6788 80 200 120
4.8955 -3.8359 -3.6534 80 200 120
2.6424 -6.5402 -3.6749 80 200 120
4.7651 -6.1911 -1.9682 80 200 120
4.2228 -4.4540 -2.2525 80 200 120
8.1045 -2.4572 -3.6087 80 200 120
2.6246 -7.0051 -3.3196 80 200 120
3.2437 -5.3412 -1.9094 80 200 120
4.6575 -7.4415 -4.0904 80 200 120
3.8627 -3.6415 -1.9619 80 200 120
4.2481 -0.2826 -3.9083 80 200 120
6.7837 -3.3667 -4.7750 80 200 120
2.5906 0.3340 -4.9070 80 200 120
-0.1847 -2.4472 -4.3220 80 200 120
4.9640 -3.3374 -3.6657 80 200 120
5.6520 -3.9989 -4.5762 80 200 120
1.3215 -3.9361 -4.7772 80 200 120
2.0772 -6.5701 -2.5193 80 200 120
2.5480 -6.9496 -2.3195 80 200 120
2.7362 -2.5945 -4.5286 80 200 120
4.0461 -0.3131 -4.6387 80 200 120
4.1103 -3.4071 -4.3313 80 200 120
-3.1313 -2.4494 -3.8381 80 200 120
-3.1852 -2.8292 -2.5453 80 200 120
3.3020 -2.7839 -4.2315 80 200 120
1.7687 0.6356 -4.8376 80 200 120
2.2825 -2.6638 -4.1713 80 200 120
-1.2807 -3.9842 -3.8142 80 200 120
1.1918 -4.3623 -4.8014 80 200 120
-0.2309 -0.9290 -1.5504 80 200 120
3.1541 -2.8666 -4.3664 80 200 120
-4.3503 -2.1213 -1.5181 80 200 120
-1.2712 -0.2768 -2.2807 80 200 120
5.0692 -1.0448 -3.8801 80 200 120
6.2073 -1.1644 -4.5857 80 200 120
-0.3140 2.7997 -2.9972 80 200 120
1.1988 1.8892 -3.2025 80 200 120
-0.5153 2.5740 -2.8493 80 200 120
-1.1786 2.0253 -2.3414 80 200 120
2.6198 0.9544 -3.2452 80 200 120
4.3367 0.1822 -2.4378 80 200 120
7.5990 -1.9521 -1.9695 80 200 120
1.7425 -6.2172 -2.0955 80 200 120
-0.0090 -3.6852 -4.4666 80 200 120
-0.5675 -0.7190 -1.8760 80 200 120
-3.2861 -1.6857 -4.6317 80 200 120
0.1097 1.9488 -1.7500 80 200 120
-0.9069 -0.6728 -2.2424 80 200 120
2.4246 -6.9767 -2.8212 80 200 120
-1.0540 -0.2025 -1.7390 80 200 120
-1.1698 1.4531 -1.6134 80 200 120
0.4567 -4.4278 -4.8798 80 200 120
4.1864 -3.4508 -1.6706 80 200 120
3.8451 -3.7022 -1.6680 80 200 120
0.0349 2.0293 -2.5126 80 200 120
-0.5222 -1.4436 -4.7714 80 200 120
2.4653 -6.3761 -1.6694 80 200 120
3.4489 -4.9995 -2.4617 80 200 120
4.2286 -4.8729 -2.5249 80 200 120
7.7545 -2.7796 -3.1923 80 200 120
4.4585 -6.8014 -1.5391 80 200 120
4.4532 -2.3129 -4.8719 80 200 120
5.3406 -0.6332 -4.5591 80 200 120
6.1498 -2.4090 -4.7940 80 200 120
5.0132 -3.5016 -3.5881 80 200 120
4.5670 -2.4141 -3.8039 80 200 120
4.5283 -2.8402 -3.9149 80 200 120
2.8345 -0.3060 -4.7529 80 200 120
4.8475 -3.6731 -3.5715 80 200 120
3.8347 -1.8298 -4.7080 80 200 120
1.9037 1.1254 -4.9772 80 200 120
5.0632 -3.3718 -4.8958 80 200 120
2.7205 0.8260 -3.8174 80 200 120
4.9191 -3.2463 -3.9994 80 200 120
1.9775 -1.3869 -4.7944 80 200 120
3.0350 -1.9013 -4.3140 80 200 120
0.2160 -0.0763 -4.8323 80 200 120
3.5971 -1.6346 -4.0230 80 200 120
3.4081 -4.7309 -4.0033 80 200 120
2.6101 0.6145 -4.8846 80 200 120
6.7770 -3.4004 -4.7654 80 200 120
5.1447 -3.4230 -4.8418 80 200 120
4.3012 -3.4933 -3.9173 80 200 120
7.6678 -2.0302 -4.7348 80 200 120
7.7498 -2.7295 -4.6653 80 200 120
4.2442 -4.1267 -3.7200 80 200 120
7.5900 -3.5435 -4.9115 80 200 120
5.3208 -3.6047 -3.6387 80 200 120
2.0931 -6.5915 -3.2076 80 200 120
1.8449 -6.3191 -2.8341 80 200 120
4.8218 -3.5240 -3.6509 80 200 120
2.4743 0.9038 -3.7110 80 200 120
0.6811 -5.4785 -4.5359 80 200 120
-3.9673 -1.4394 -1.5352 80 200 120
3.6604 -1.7425 -3.9120 80 200 120
0.5110 -4.3515 -4.1946 80 200 120
1.0091 -5.1036 -4.7379 80 200 120
-1.4081 -1.0853 -3.6854 80 200 120
0.0269 3.8808 -1.5954 80 200 120
4.4255 -0.3679 -3.9731 80 200 120
-0.8203 2.1121 -1.6801 80 200 120
4.1995 -0.0453 -3.8552 80 200 120
4.7442 0.0934 -2.0460 80 200 120
1.0349 1.9000 -3.2316 80 200 120
3.3870 1.3152 -3.6911 80 200 120
-0.6536 1.9421 -2.6212 80 200 120
2.7881 1.0565 -3.4741 80 200 120
-1.5713 1.3132 -1.6466 80 200 120
3.0192 1.0948 -3.3337 80 200 120
-0.9731 0.5571 -1.5076 80 200 120
6.3207 -0.9951 -2.6435 80 200 120
0.6909 -4.8090 -4.6077 80 200 120
0.6781 -5.2058 -4.5631 80 200 120
1.2224 -5.7045 -4.5772 80 200 120
-0.0663 -3.1510 -4.4756 80 200 120
1.6289 -6.0523 -4.2201 80 200 120
0.8875 -5.6150 -4.2527 80 200 120
-0.4279 -0.1608 -1.5379 80 200 120
1.5278 -6.0526 -3.3081 80 200 120
3.0265 -6.2616 -1.8025 80 200 120
-1.4377 -1.1290 -1.8751 80 200 120
-1.6057 -3.3156 -4.1132 80 200 120
-1.3936 -1.2041 -3.6235 80 200 120
2.5558 -6.3374 -1.4720 80 200 120
6.9181 -4.0304 -1.8783 80 200 120
7.6456 -1.9922 -2.1030 80 200 120
6.5169 -3.4932 -1.5578 80 200 120
4.1976 -3.4785 -1.6282 80 200 120
3.8560 -3.6304 -2.8965 80 200 120
6.5722 -3.6909 -4.3829 80 200 120
7.0397 -3.8139 -4.0221 80 200 120
6.8732 -4.0320 -3.3545 80 200 120
6.9205 -3.6652 -4.5791 80 200 120
5.7203 -4.6331 -1.5427 80 200 120
2.7442 -3.8940 -1.5521 80 200 120
5.0828 -6.0553 -4.6302 80 200 120
4.6086 -6.8135 -4.6976 80 200 120
7.6708 -3.1089 -4.1600 80 200 120
4.5874 -0.5118 -3.9782 80 200 120
5.8415 -4.0304 -4.2037 80 200 120
5.3557 -3.6531 -3.6938 80 200 120
2.1642 0.0489 -4.8302 80 200 120
7.7603 -2.0766 -4.0441 80 200 120
4.7952 -3.1499 -3.6783 80 200 120
4.6965 -1.0993 -4.4269 80 200 120
4.8254 -3.6226 -3.7184 80 200 120
0.1310 -2.6937 -4.3204 80 200 120
0.6956 -1.0019 -4.3230 80 200 120
1.7361 -1.9379 -3.7057 80 200 120
4.3104 -3.4439 -4.2226 80 200 120
3.0718 -5.9735 -1.8514 80 200 120
2.1987 -5.5695 -4.6442 80 200 120
1.5655 -6.2160 -4.2691 80 200 120
3.1368 -4.0111 -4.7426 80 200 120
3.4766 -2.9018 -4.2476 80 200 120
-3.7114 -1.8942 -4.4004 80 200 120
5.2316 -3.4356 -4.2637 80 200 120
-3.5711 -2.3406 -3.1540 80 200 120
0.9187 -3.7063 -4.8034 80 200 120
-3.2102 -2.4531 -3.8469 80 200 120
4.0905 -0.3406 -4.7526 80 200 120
2.2609 0.7235 -4.7654 80 200 120
3.5651 -1.6140 -4.0707 80 200 120
4.6711 -0.5408 -3.8815 80 200 120
1.0675 3.1191 -1.5577 80 200 120
-0.0789 -1.1591 -1.7456 80 200 120
5.0197 -0.8600 -3.9740 80 200 120
2.2861 -2.6667 -4.4759 80 200 120
5.0494 -0.3210 -4.0148 80 200 120
2.1329 -2.7610 -3.9741 80 200 120
4.8578 -0.7998 -3.9263 80 200 120
3.7669 -1.7616 -4.3720 80 200 120
4.7554 -0.6639 -3.8866 80 200 120
4.2790 -2.1666 -4.5095 80 200 120
2.4632 0.8523 -3.4360 80 200 120
-0.6681 2.1520 -3.0853 80 200 120
-2.1766 1.0548 -2.0137 80 200 120
3.0719 1.2568 -3.7540 80 200 120
2.6635 0.8271 -3.4626 80 200 120
3.5265 1.3052 -3.0064 80 200 120
2.4424 -5.6550 -4.3712 80 200 120
0.5501 -4.5631 -4.3972 80 200 120
-0.5743 -3.5303 -4.1317 80 200 120
-0.3082 3.0581 -1.5804 80 200 120
-0.0620 -1.2227 -1.6291 80 200 120
0.7009 -4.3711 -4.6844 80 200 120
0.9505 -2.6382 -1.5305 80 200 120
2.4922 -7.1720 -3.3216 80 200 120
1.4844 -4.7062 -4.5518 80 200 120
-0.1808 -3.8713 -4.1647 80 200 120
-0.9156 -2.2166 -4.4287 80 200 120
0.9944 -5.4534 -4.6364 80 200 120
4.5017 -6.9776 -2.8260 80 200 120
7.2218 -1.8182 -1.6432 80 200 120
7.9304 -2.2410 -1.9638 80 200 120
1.6352 -6.3656 -2.0638 80 200 120
4.0748 -3.4554 -1.5960 80 200 120
6.5483 -1.3685 -1.5596 80 200 120
3.5589 -3.6556 -1.5815 80 200 120
3.9227 -3.4932 -1.5456 80 200 120
5.2684 -5.6520 -3.7952 80 200 120
6.8791 -3.5456 -3.7074 80 200 120
5.1903 -1.0017 -4.5652 80 200 120
5.3013 -3.5110 -4.4941 80 200 120
3.9019 0.1268 -4.6495 80 200 120
4.5992 -2.4452 -3.7737 80 200 120
1.8208 -1.8688 -4.1682 80 200 120
-2.3855 -2.8627 -3.2968 80 200 120
3.8547 -3.6207 -3.0995 80 200 120
4.2878 -3.4411 -4.6445 80 200 120
4.6495 -6.8043 -4.7039 80 200 120
1.2245 -5.5135 -4.7321 80 200 120
8.1784 -2.3695 -4.7803 80 200 120
-0.4848 -4.3598 -3.0092 80 200 120
4.2076 -3.8881 -3.5525 80 200 120
2.1415 -2.6964 -4.1107 80 200 120
4.9125 -3.2089 -4.7607 80 200 120
-1.0478 -1.2277 -4.1079 80 200 120
2.9577 -3.1888 -4.7824 80 200 120
5.2336 -0.8331 -3.8200 80 200 120
5.7809 -0.9578 -4.5210 80 200 120
5.1648 -0.6711 -3.8602 80 200 120
3.4776 -2.8539 -4.1773 80 200 120
-0.0955 -0.9043 -1.5459 80 200 120
1.5957 1.2836 -3.5837 80 200 120
-0.6404 2.3899 -3.4942 80 200 120
1.9921 1.1550 -3.6075 80 200 120
-1.7292 1.4584 -2.6112 80 200 120
3.2240 1.2149 -3.8619 80 200 120
-1.5203 0.9013 -2.4092 80 200 120
4.3402 0.5699 -3.1673 80 200 120
4.4458 0.1589 -2.8474 80 200 120
-0.4445 -1.1441 -1.5438 80 200 120
-0.6603 0.9197 -2.9526 80 200 120
0.5423 -5.3823 -1.9666 80 200 120
0.2900 -1.4134 -3.7278 80 200 120
-1.2622 -4.0033 -3.8269 80 200 120
-0.0338 -2.5577 -4.2506 80 200 120
-0.7373 -0.5685 -2.2926 80 200 120
1.2728 -6.2491 -4.8703 80 200 120
4.5977 -7.1830 -4.0003 80 200 120
5.0364 -6.5657 -2.2420 80 200 120
5.4506 -5.7623 -2.7702 80 200 120
2.2162 -5.2725 -1.5863 80 200 120
7.3560 -1.7442 -2.3003 80 200 120
3.8050 -7.6641 -2.3506 80 200 120
3.8196 -7.9967 -2.8201 80 200 120
8.2019 -2.4648 -3.4874 80 200 120
7.5993 -1.9371 -2.3341 80 200 120
4.5349 -3.8652 -1.5424 80 200 120
2.0226 -6.2307 -1.6164 80 200 120
2.0975 -6.5941 -1.9621 80 200 120
6.9914 -3.9228 -2.1170 80 200 120
4.4058 -4.5389 -1.5476 80 200 120
5.6920 -5.2648 -4.2023 80 200 120
4.3160 -7.0313 -3.7038 80 200 120
4.6167 -3.0295 -4.7844 80 200 120
4.5915 -2.4536 -3.7574 80 200 120
5.3736 -3.6619 -3.6952 80 200 120
4.9266 -3.7004 -3.5572 80 200 120
5.0295 -3.3526 -4.9391 80 200 120
4.7770 -3.4688 -3.6344 80 200 120
4.5433 -3.1663 -3.6127 80 200 120
4.6314 -3.0332 -4.7266 80 200 120
5.2801 -3.5117 -3.9659 80 200 120
6.8549 -1.4946 -4.6924 80 200 120
6.4606 -4.0141 -4.4956 80 200 120
3.8553 -3.5703 -4.4070 80 200 120
4.4298 -3.3068 -3.6092 80 200 120
4.7037 -3.7345 -3.6830 80 200 120
4.4142 -3.3255 -4.8588 80 200 120
6.4365 -1.1233 -4.7647 80 200 120
6.6334 -1.3492 -4.6824 80 200 120
6.0148 -0.8395 -4.7000 80 200 120
-0.1107 -1.4043 -4.1522 80 200 120
3.5465 -1.8357 -3.8623 80 200 120
0.2366 3.4256 -1.6583 80 200 120
1.4168 -4.3101 -4.7930 80 200 120
2.1765 -2.7346 -4.2265 80 200 120
1.1169 -5.0679 -4.7313 80 200 120
0.4852 -3.6298 -4.7267 80 200 120
3.8997 0.4877 -4.7437 80 200 120
1.8173 -2.4563 -3.7167 80 200 120
0.6754 -5.2149 -4.6494 80 200 120
-0.3534 -0.8070 -1.9164 80 200 120
-0.3460 -1.1545 -1.5849 80 200 120
-3.1115 -2.5969 -2.9620 80 200 120
-1.5134 1.9573 -3.1306 80 200 120
4.0270 0.5884 -3.8442 80 200 120
2.3976 0.8458 -3.1999 80 200 120
-1.5213 1.7371 -1.9085 80 200 120
-0.6657 -0.1601 -1.6024 80 200 120
-2.9644 -2.5727 -3.2610 80 200 120
-2.9720 -2.8074 -2.4608 80 200 120
0.0783 -3.4925 -4.6379 80 200 120
-3.7161 -1.8699 -3.7131 80 200 120
-1.4934 -1.1603 -3.1016 80 200 120
0.2903 -4.0092 -4.2097 80 200 120
3.6236 -3.9194 -1.9250 80 200 120
0.6169 -4.4064 -4.7509 80 200 120
4.1053 -5.1174 -2.0831 80 200 120
1.1594 -4.9962 -4.7850 80 200 120
3.8583 -3.6067 -1.7258 80 200 120
4.3676 -7.3351 -1.9195 80 200 120
3.8592 -3.5760 -1.7410 80 200 120
7.1268 -3.3936 -1.5268 80 200 120
7.5412 -3.0957 -4.0688 80 200 120
6.5313 -3.9476 -1.5716 80 200 120
6.1299 -4.4875 -1.5358 80 200 120
3.9914 -6.9721 -1.7339 80 200 120
4.2599 -6.4840 -2.4948 80 200 120
4.1235 -0.0387 -3.9508 80 200 120
6.9930 -3.8334 -4.7272 80 200 120
5.0524 -3.3653 -3.6663 80 200 120
4.3007 -3.5188 -4.5762 80 200 120
2.7009 0.1184 -4.7115 80 200 120
2.6922 0.8828 -4.2672 80 200 120
3.0026 0.9747 -3.9969 80 200 120
1.7093 -1.8128 -4.1512 80 200 120
-3.1795 -2.4806 -4.5294 80 200 120
3.3963 -2.3633 -3.8414 80 200 120
4.5960 -3.8349 -3.7608 80 200 120
2.9610 -3.2207 -4.7819 80 200 120
4.9646 -3.7060 -3.6072 80 200 120
5.2505 -3.4849 -4.3295 80 200 120
0.3392 -1.3355 -4.4650 80 200 120
5.0303 -3.2798 -4.5937 80 200 120
4.2972 -3.5056 -4.3436 80 200 120
3.2928 -3.3016 -4.7822 80 200 120
4.2867 -7.2412 -4.6946 80 200 120
4.3797 -5.5839 -4.7927 80 200 120
4.2612 -1.1582 -4.7646 80 200 120
1.2231 -5.8003 -4.1726 80 200 120
5.4569 -1.7161 -4.7957 80 200 120
2.4202 -1.6875 -4.4069 80 200 120
1.3835 -1.2628 -4.7945 80 200 120
2.8511 0.9661 -3.6243 80 200 120
1.3275 -1.5517 -4.0683 80 200 120
2.1617 1.0683 -3.6695 80 200 120
5.3833 -0.6847 -4.5425 80 200 120
5.2678 -0.8057 -3.8523 80 200 120
-3.1708 -2.7866 -1.4834 80 200 120
2.1998 -2.5802 -3.7368 80 200 120
3.0361 0.8419 -3.8822 80 200 120
1.9068 1.0519 -3.3563 80 200 120
2.4331 1.0058 -3.5964 80 200 120
2.7713 0.7517 -3.7759 80 200 120
0.4356 2.0363 -3.5471 80 200 120
1.9337 1.1682 -3.8237 80 200 120
-2.1860 -3.1541 -2.0723 80 200 120
-4.4706 -1.7226 -4.7892 80 200 120
-3.6661 -1.3221 -3.4654 80 200 120
-3.3103 -0.7452 -3.8349 80 200 120
0.5020 -3.1665 -1.5427 80 200 120
-1.9436 1.1593 -2.6525 80 200 120
0.1092 -0.0659 -1.5244 80 200 120
0.3303 -4.4849 -4.1239 80 200 120
-1.0914 2.2898 -1.5953 80 200 120
0.4067 -5.2317 -3.0965 80 200 120
4.1950 -3.5461 -1.5929 80 200 120
4.6136 -6.3541 -1.6915 80 200 120
-1.4675 -3.0049 -4.5177 80 200 120
-0.6478 -3.2894 -4.6727 80 200 120
-2.1025 -2.6849 -4.5306 80 200 120
0.6997 -3.5627 -4.6117 80 200 120
0.2250 -5.1708 -4.9058 80 200 120
-3.2700 -2.5416 -4.2377 80 200 120
-0.7964 -4.1063 -1.6526 80 200 120
-1.5004 -1.3985 -1.4473 80 200 120
-0.1149 -4.7604 -3.7455 80 200 120
6.9689 -3.9570 -2.4592 80 200 120
4.1478 -6.7776 -3.5967 80 200 120
3.6680 -7.4094 -1.9656 80 200 120
6.1854 -5.2704 -4.3661 80 200 120
4.6091 -6.6096 -3.8706 80 200 120
3.6408 -7.3614 -3.3745 80 200 120
3.7315 -6.7899 -3.6278 80 200 120
4.9338 -5.2335 -3.1904 80 200 120
4.8013 -6.2489 -3.1223 80 200 120
7.3647 -3.3975 -2.8670 80 200 120
7.0615 -3.7454 -3.4612 80 200 120
4.7454 -3.0726 -4.6529 80 200 120
5.4595 -2.4099 -4.7547 80 200 120
5.0723 -3.6108 -3.6572 80 200 120
5.0201 -3.3065 -4.8052 80 200 120
4.6345 -3.0315 -3.6548 80 200 120
5.6679 -0.8365 -4.5188 80 200 120
4.7855 -3.4837 -3.6449 80 200 120
4.9475 -3.3008 -3.7102 80 200 120
3.0525 -3.5996 -4.7419 80 200 120
4.4188 -3.5667 -3.6824 80 200 120
4.3313 -3.3990 -3.8830 80 200 120
4.5669 -3.3304 -3.6237 80 200 120
2.5956 -3.1848 -4.7881 80 200 120
6.9971 -3.8249 -4.7184 80 200 120
4.8640 -6.3178 -4.7967 80 200 120
0.2319 -5.2001 -2.5629 80 200 120
2.5462 -4.4262 -4.7385 80 200 120
1.5954 -1.0066 -4.7617 80 200 120
5.4592 -2.4313 -4.7606 80 200 120
3.5825 -2.5592 -3.8507 80 200 120
7.3274 -3.1553 -4.6102 80 200 120
7.1759 -3.5231 -4.7126 80 200 120
2.3306 -2.0183 -4.6453 80 200 120
2.1083 -2.6867 -3.8833 80 200 120
3.9249 -6.8847 -2.6477 80 200 120
6.9735 -1.4458 -4.7891 80 200 120
3.3797 -4.0863 -4.4026 80 200 120
7.7245 -2.7152 -4.7037 80 200 120
7.7412 -2.0761 -4.7393 80 200 120
4.0784 -4.4010 -2.9581 80 200 120
2.1795 -3.8593 -4.7944 80 200 120
4.1659 -3.5617 -4.2963 80 200 120
2.1186 -6.0753 -4.6087 80 200 120
5.1517 -0.9301 -3.9465 80 200 120
4.1933 -0.2995 -3.7267 80 200 120
3.8829 -3.5615 -4.1737 80 200 120
4.6152 -3.0340 -4.7391 80 200 120
4.1339 -3.4302 -4.7040 80 200 120
0.3382 -4.6493 -4.6194 80 200 120
4.3004 -3.4515 -4.3977 80 200 120
3.2037 -2.4269 -4.0362 80 200 120
0.7676 -4.1032 -4.7113 80 200 120
0.4173 -4.4586 -4.1037 80 200 120
0.6068 -4.9448 -4.7138 80 200 120
4.9643 -0.9477 -3.8507 80 200 120
3.6949 -1.7368 -3.8440 80 200 120
3.4790 -2.5122 -3.8382 80 200 120
3.1749 1.1255 -4.1330 80 200 120
-1.2434 1.8369 -3.5936 80 200 120
-1.7306 0.2621 -2.7641 80 200 120
3.5673 1.0429 -4.2618 80 200 120
-0.0556 -1.2245 -1.6355 80 200 120
-0.2509 -0.8131 -2.3937 80 200 120
0.0391 -0.9877 -1.9925 80 200 120
-2.0697 -1.0531 -1.7906 80 200 120
-3.6536 -1.5915 -2.0023 80 200 120
0.9307 -5.6445 -4.2825 80 200 120
-0.1866 -1.2312 -2.7884 80 200 120
-2.5394 0.5971 -3.5799 80 200 120
-1.3590 1.3873 -3.0152 80 200 120
-0.8112 2.9334 -1.5735 80 200 120
4.3724 -6.8670 -1.6620 80 200 120
1.1916 -4.9391 -4.7690 80 200 120
0.2208 -2.3115 -4.1725 80 200 120
1.3797 -5.7357 -4.1681 80 200 120
-2.0181 1.2154 -3.2951 80 200 120
7.1871 -3.6985 -3.1297 80 200 120
3.4474 -7.4415 -2.3484 80 200 120
6.5008 -4.4721 -3.7063 80 200 120
4.4976 -6.4196 -2.7987 80 200 120
5.6473 -5.7504 -3.2635 80 200 120
4.4954 -6.9412 -2.2358 80 200 120
7.4128 -3.3580 -2.3608 80 200 120
7.9813 -2.4909 -3.4140 80 200 120
4.1326 -3.8406 -1.8856 80 200 120
3.6291 -7.0161 -1.5584 80 200 120
6.1550 -4.9974 -2.8434 80 200 120
3.4618 -6.8694 -1.9794 80 200 120
4.8793 -6.6586 -1.7667 80 200 120
5.8455 -5.5233 -2.4107 80 200 120
6.4593 -4.5683 -2.9831 80 200 120
6.9959 -1.5991 -4.6317 80 200 120
3.3920 0.6066 -4.5983 80 200 120
4.6126 -3.1469 -4.5372 80 200 120
4.4376 -3.2333 -4.7724 80 200 120
5.3303 -3.5304 -3.8651 80 200 120
5.4735 -1.6875 -4.8142 80 200 120
5.0173 -1.4719 -4.7830 80 200 120
5.1061 -3.3289 -3.8579 80 200 120
3.0867 0.6470 -4.7021 80 200 120
5.3254 -0.8932 -3.8572 80 200 120
5.4113 -5.9223 -4.7654 80 200 120
2.2579 -2.5537 -3.7113 80 200 120
3.6509 -3.0097 -4.6884 80 200 120
3.8684 -3.5746 -4.0257 80 200 120
3.5654 -6.2819 -4.2579 80 200 120
3.8349 -7.8124 -4.6905 80 200 120
3.7738 -5.7502 -4.3466 80 200 120
3.7170 -5.5404 -4.7870 80 200 120
4.1506 -4.9756 -4.7868 80 200 120
-2.0907 -2.9770 -4.1897 80 200 120
6.6922 -3.0810 -4.7768 80 200 120
7.2651 -1.6598 -4.7818 80 200 120
2.5117 -2.3766 -4.7273 80 200 120
4.7093 -3.0550 -4.2927 80 200 120
4.8098 -3.6994 -3.6588 80 200 120
2.0339 -4.4553 -4.7530 80 200 120
5.3468 -1.2652 -4.7652 80 200 120
0.5098 -0.1533 -4.3886 80 200 120
0.3176 -0.3805 -4.2258 80 200 120
2.2743 -1.8648 -4.6422 80 200 120
1.5133 -0.0726 -4.8122 80 200 120
5.6984 -0.8368 -4.5556 80 200 120
4.3257 -3.3847 -4.6930 80 200 120
4.6083 -2.4409 -3.8191 80 200 120
5.2801 0.1563 -2.1487 80 200 120
5.1248 -0.3048 -1.9359 80 200 120
4.3147 0.2446 -2.0516 80 200 120
4.0634 0.5652 -1.8610 80 200 120
4.4742 -0.2475 -3.7986 80 200 120
2.7652 0.6631 -4.0957 80 200 120
-2.6794 -2.8994 -3.0418 80 200 120
-1.8162 -3.4776 -1.9818 80 200 120
-1.1817 -3.6364 -1.5235 80 200 120
-2.8972 -2.4236 -1.6447 80 200 120
-1.2201 1.0593 -2.3784 80 200 120
-1.4577 -3.7340 -1.9447 80 200 120
0.6459 -4.5459 -4.5036 80 200 120
-3.3959 -1.7997 -4.5357 80 200 120
-0.6073 -1.1012 -2.3324 80 200 120
-1.4268 1.0523 -1.6619 80 200 120
-2.5270 -1.3813 -4.6311 80 200 120
-0.0892 -1.2261 -3.6353 80 200 120
3.8082 -8.0669 -2.6441 80 200 120
5.1696 -5.9766 -2.8639 80 200 120
6.8005 -4.1448 -3.1068 80 200 120
5.6437 -5.6544 -2.1766 80 200 120
6.0199 -5.1816 -2.6593 80 200 120
7.7082 -3.0133 -2.0847 80 200 120
5.7073 -5.5912 -2.7146 80 200 120
7.0716 -2.7266 -1.5304 80 200 120
4.2195 -6.7853 -3.5936 80 200 120
4.2229 -7.4674 -2.4421 80 200 120
8.0519 -2.2843 -2.8656 80 200 120
5.0261 -6.5533 -2.5602 80 200 120
6.3816 -4.7208 -1.8120 80 200 120
6.3441 -1.4805 -1.5034 80 200 120
6.4360 -4.3680 -1.5609 80 200 120
6.0078 -4.0915 -1.5205 80 200 120
7.5074 -1.9581 -2.3661 80 200 120
6.6610 -1.5279 -1.6088 80 200 120
5.0294 -1.0352 -3.7274 80 200 120
3.6884 -1.7231 -3.8218 80 200 120
5.1745 -3.4176 -4.7292 80 200 120
5.2890 -3.5028 -4.4865 80 200 120
4.7581 -4.8563 -4.4481 80 200 120
4.5864 -2.4707 -4.4916 80 200 120
1.0392 -5.5284 -4.2981 80 200 120
1.9502 -1.9787 -4.6834 80 200 120
2.7224 -3.3497 -4.7976 80 200 120
0.5088 -3.3069 -4.7605 80 200 120
4.7956 -5.3592 -4.8090 80 200 120
4.1788 -3.0077 -4.1895 80 200 120
3.8139 -7.9370 -1.6130 80 200 120
1.0496 -2.9713 -4.8213 80 200 120
3.4335 -7.4306 -2.3900 80 200 120
7.1942 -1.9634 -4.8726 80 200 120
4.3339 -3.4750 -3.6413 80 200 120
3.5768 -7.8207 -3.4170 80 200 120
7.6444 -1.8969 -4.8118 80 200 120
3.3495 -2.3900 -4.0375 80 200 120
5.0098 -3.3345 -3.6110 80 200 120
5.1550 -3.4239 -3.6367 80 200 120
4.5081 -3.1600 -4.7098 80 200 120
0.4114 -5.1642 -2.6222 80 200 120
3.4592 -7.5420 -4.4069 80 200 120
4.2902 -2.8832 -4.5148 80 200 120
3.6014 -7.4709 -1.8766 80 200 120
4.6753 -3.0487 -3.6280 80 200 120
4.4042 -2.7362 -4.6985 80 200 120
3.9398 -6.9880 -2.6560 80 200 120
2.2370 -2.6607 -4.6085 80 200 120
1.9520 -1.8534 -4.0827 80 200 120
5.9909 -1.0254 -4.5771 80 200 120
-3.6539 -1.3374 -3.4154 80 200 120
4.1799 -2.9930 -4.2792 80 200 120
-0.2367 -1.1826 -1.5651 80 200 120
-0.1745 -0.9103 -1.9436 80 200 120
1.2511 -4.8936 -4.7129 80 200 120
3.3103 0.9216 -3.0401 80 200 120
4.8967 -0.4325 -1.8960 80 200 120
5.0055 -0.2693 -2.0655 80 200 120
4.3793 -0.6543 -1.8042 80 200 120
5.9479 -0.4793 -1.9000 80 200 120
4.5073 -0.3807 -1.9463 80 200 120
3.7059 0.3951 -1.7950 80 200 120
2.5803 0.6558 -4.1683 80 200 120
0.4282 1.9430 -4.4325 80 200 120
-0.2705 -1.2071 -1.5792 80 200 120
2.8449 1.0426 -3.4795 80 200 120
1.4509 1.4829 -4.3317 80 200 120
-1.7092 1.6378 -3.0146 80 200 120
-2.6784 -0.8759 -1.6918 80 200 120
-1.4300 -3.6529 -2.8165 80 200 120
0.3561 -1.5369 -3.8655 80 200 120
1.5638 -2.6325 -1.5532 80 200 120
-0.5769 1.9523 -1.7023 80 200 120
-3.6386 -1.9088 -3.7064 80 200 120
3.6451 -7.6676 -1.9153 80 200 120
0.6702 -4.8897 -4.6500 80 200 120
-0.7457 -2.8952 -4.8726 80 200 120
-2.9850 -1.2788 -1.7121 80 200 120
-2.5431 -0.8142 -3.0432 80 200 120
-0.8090 -2.6760 -4.6028 80 200 120
7.3723 -3.7344 -3.8999 80 200 120
5.4914 -6.4369 -2.5660 80 200 120
7.9333 -2.6146 -2.9983 80 200 120
7.9372 -2.2462 -3.4461 80 200 120
8.0990 -2.7143 -3.3203 80 200 120
3.2606 -7.1712 -1.6452 80 200 120
6.2109 -4.7664 -1.5648 80 200 120
7.5936 -2.1699 -1.6850 80 200 120
5.3295 -1.5543 -4.7811 80 200 120
4.7147 -0.8362 -3.6399 80 200 120
4.5713 -2.2953 -3.9903 80 200 120
5.0386 -3.5606 -3.6190 80 200 120
4.2963 -4.7213 -4.7477 80 200 120
4.4111 -2.7253 -4.6862 80 200 120
5.0178 -3.3294 -3.6209 80 200 120
4.8291 -3.7955 -3.6218 80 200 120
2.7580 0.3549 -4.6344 80 200 120
3.2155 1.2707 -4.7218 80 200 120
3.4085 -0.0765 -4.3373 80 200 120
4.5846 -2.4257 -4.0882 80 200 120
2.4225 0.1118 -4.7106 80 200 120
0.3728 -3.6795 -4.6905 80 200 120
3.5979 -5.6716 -4.2041 80 200 120
5.1363 -3.9968 -3.7025 80 200 120
2.0845 -2.6408 -4.4352 80 200 120
5.6227 -5.6332 -4.7414 80 200 120
4.4337 -7.1985 -4.0825 80 200 120
4.1482 -2.9826 -3.9168 80 200 120
4.6133 -2.4387 -4.5661 80 200 120
0.3669 -4.6614 -4.6309 80 200 120
4.7595 -4.9799 -4.7835 80 200 120
4.9683 -3.2713 -3.6349 80 200 120
3.4221 -2.9107 -4.8172 80 200 120
4.5843 -3.6156 -3.6141 80 200 120
4.5656 -2.3487 -3.8056 80 200 120
0.3356 -2.8521 -4.8509 80 200 120
0.7069 1.8064 -4.6627 80 200 120
1.8833 -1.9725 -3.8254 80 200 120
2.4575 -2.3547 -4.7562 80 200 120
4.0965 -3.4674 -4.7465 80 200 120
0.0304 2.0659 -1.7312 80 200 120
4.6605 -3.0358 -3.7482 80 200 120
5.0534 -1.0550 -4.7232 80 200 120
0.2973 -5.0196 -2.8539 80 200 120
-0.7237 -1.1066 -2.8383 80 200 120
4.5915 -2.4650 -3.8457 80 200 120
0.5049 -2.6584 -4.3414 80 200 120
3.9795 -1.8239 -3.9040 80 200 120
3.8638 -1.8623 -3.7968 80 200 120
4.5995 -0.9092 -1.8118 80 200 120
4.4848 -0.7450 -1.8197 80 200 120
7.7511 -2.1042 -1.5632 80 200 120
3.5877 1.2853 -3.9515 80 200 120
0.8795 -4.0878 -4.6282 80 200 120
0.0772 -3.8688 -4.9345 80 200 120
-1.9325 -2.0767 -1.4876 80 200 120
3.4170 -7.7175 -2.3741 80 200 120
3.7132 -8.8150 -3.0863 80 200 120
0.8752 -2.6434 -1.5507 80 200 120
-0.6768 -1.0511 -3.2545 80 200 120
-1.2545 1.2368 -2.9997 80 200 120
-4.3214 -0.9828 -4.1953 80 200 120
0.8757 -4.2518 -1.4858 80 200 120
3.8304 -7.7925 -1.6155 80 200 120
-1.5567 0.0861 -3.4991 80 200 120
3.5542 -8.0005 -3.4731 80 200 120
3.1837 -7.4701 -3.4982 80 200 120
3.3388 -7.5456 -3.2056 80 200 120
7.1619 -3.6683 -2.0058 80 200 120
4.8115 -4.8751 -1.5360 80 200 120
5.7993 -4.3648 -1.5234 80 200 120
6.8253 -1.3699 -1.8338 80 200 120
4.9171 -6.2778 -3.4723 80 200 120
4.0696 -5.3465 -1.5961 80 200 120
4.4066 -4.5181 -1.5293 80 200 120
3.4123 -6.2938 -1.4918 80 200 120
5.6519 -5.3760 -1.5442 80 200 120
2.9964 0.2535 -3.6217 80 200 120
5.1091 -4.0222 -3.6983 80 200 120
1.8744 1.1970 -4.9132 80 200 120
4.7255 -3.0785 -3.6549 80 200 120
3.8681 -1.8853 -3.7735 80 200 120
5.1857 -3.4306 -3.6698 80 200 120
4.6486 -3.0147 -3.6851 80 200 120
4.1556 -0.0923 -3.9029 80 200 120
4.9259 -3.8724 -3.6240 80 200 120
6.3433 -4.6111 -4.7707 80 200 120
1.9825 0.1430 -4.8313 80 200 120
4.5430 -2.6744 -4.3286 80 200 120
3.2569 -5.7177 -4.2033 80 200 120
-1.6476 -2.9885 -4.5985 80 200 120
4.1984 -2.9846 -4.7239 80 200 120
4.8379 -3.8283 -3.6664 80 200 120
7.4736 -3.1559 -4.6898 80 200 120
7.5256 -2.1609 -4.6294 80 200 120
-0.2296 -2.9363 -4.7444 80 200 120
3.5582 -7.7588 -3.8690 80 200 120
3.6167 -5.6372 -4.5680 80 200 120
4.2525 -4.3231 -4.7946 80 200 120
1.0437 -0.5997 -4.3784 80 200 120
-0.2415 -3.2243 -4.6858 80 200 120
4.6597 -0.5199 -3.8860 80 200 120
4.5277 -0.7811 -4.6850 80 200 120
4.3183 -2.7855 -4.7271 80 200 120
3.2344 1.0465 -1.6801 80 200 120
3.4945 0.7117 -1.7800 80 200 120
4.1589 0.0120 -1.6091 80 200 120
1.9881 0.8661 -4.4942 80 200 120
5.0567 -0.6977 -3.8703 80 200 120
4.7093 -0.5142 -3.9774 80 200 120
4.1783 -0.4504 -3.7671 80 200 120
2.3457 0.8992 -3.2364 80 200 120
-0.7243 1.6024 -4.5000 80 200 120
-0.7594 -3.4097 -4.2371 80 200 120
-2.3503 -2.1966 -4.8429 80 200 120
-2.7744 -0.8416 -2.3727 80 200 120
4.2491 -7.1575 -2.5028 80 200 120
-0.3938 -0.6092 -2.7190 80 200 120
3.5289 -7.8170 -3.8496 80 200 120
2.7783 -6.9538 -1.6438 80 200 120
2.9756 -7.0942 -3.5238 80 200 120
2.8851 -7.1688 -2.4240 80 200 120
2.0461 -2.3689 -1.5441 80 200 120
0.9010 -2.2087 -1.5024 80 200 120
-0.6148 -1.0072 -3.7323 80 200 120
2.5335 -6.9967 -3.2989 80 200 120
3.2351 -5.5295 -3.9347 80 200 120
7.0097 -3.9190 -2.8425 80 200 120
5.8867 -5.3211 -1.6331 80 200 120
7.3184 -1.7655 -2.3092 80 200 120
6.9081 -1.5989 -1.8708 80 200 120
6.5947 -3.1068 -1.5223 80 200 120
2.8913 -6.7532 -1.6788 80 200 120
6.6000 -2.6169 -1.5490 80 200 120
3.0678 -5.5702 -1.5840 80 200 120
6.3571 -4.5945 -3.7606 80 200 120
6.5800 -4.4302 -1.7256 80 200 120
3.9334 0.1297 -4.4896 80 200 120
4.4661 -0.7520 -3.7688 80 200 120
5.7802 -2.5917 -4.7525 80 200 120
4.6846 -2.1191 -4.0881 80 200 120
5.4513 -3.6012 -3.7709 80 200 120
4.8188 -5.3871 -4.8856 80 200 120
4.2938 -4.7832 -4.8054 80 200 120
6.5752 -4.3375 -4.7243 80 200 120
5.6442 -5.5597 -4.7851 80 200 120
4.7632 -4.9430 -4.7754 80 200 120
6.0738 -4.9709 -4.7209 80 200 120
6.6446 -3.7630 -4.7875 80 200 120
4.2234 -2.9835 -4.5623 80 200 120
4.3248 -2.8269 -4.8021 80 200 120
2.7369 1.2479 -3.4930 80 200 120
4.8846 -3.1890 -3.6673 80 200 120
4.1265 -4.9274 -4.7704 80 200 120
2.7927 0.6253 -4.1462 80 200 120
5.6581 -0.1770 -3.6289 80 200 120
4.9561 -3.8892 -3.7015 80 200 120
4.0727 -2.9041 -4.7217 80 200 120
-0.3147 -3.2876 -4.7444 80 200 120
8.0317 -2.3977 -4.6878 80 200 120
4.0458 -3.4466 -4.2686 80 200 120
4.2836 -4.7688 -4.7846 80 200 120
5.8453 -5.2882 -4.7653 80 200 120
3.4836 -5.4356 -4.6970 80 200 120
4.4910 -3.5435 -3.6481 80 200 120
3.3587 -5.4236 -4.4410 80 200 120
4.9835 -5.7382 -4.7863 80 200 120
4.0608 -3.7592 -4.6418 80 200 120
6.6536 -2.7419 -4.8038 80 200 120
-0.1445 -2.4543 -4.9391 80 200 120
6.7218 -4.2048 -4.7235 80 200 120
3.1082 -5.0992 -4.6614 80 200 120
2.2789 -2.6942 -4.0241 80 200 120
3.7920 -8.2003 -1.5206 80 200 120
3.1260 -5.2362 -4.3693 80 200 120
6.5279 -4.4814 -4.7411 80 200 120
3.7233 -7.0843 -2.0018 80 200 120
3.8130 -7.9222 -2.6299 80 200 120
3.4007 -7.7289 -2.3715 80 200 120
2.8356 -6.9190 -1.6703 80 200 120
2.9084 -5.5890 -4.2268 80 200 120
2.8699 -2.3798 -4.7476 80 200 120
2.5766 1.2514 -3.3369 80 200 120
3.2827 -1.6563 -4.0254 80 200 120
2.7433 0.8818 -3.7958 80 200 120
1.5904 -1.5232 -4.2515 80 200 120
-2.8642 -0.9549 -4.4882 80 200 120
0.3643 -4.0272 -4.1526 80 200 120
4.6165 -2.3897 -4.6999 80 200 120
-2.8885 -2.7855 -1.5614 80 200 120
4.1728 -2.9644 -4.7065 80 200 120
5.2267 -0.8785 -3.8448 80 200 120
5.0675 -1.0383 -4.7378 80 200 120
3.4529 -2.4329 -3.8782 80 200 120
4.6137 -2.3612 -3.8772 80 200 120
-0.5325 -0.7058 -1.9962 80 200 120
5.0090 -0.8665 -3.9054 80 200 120
4.0825 -3.7566 -4.6725 80 200 120
4.9161 -0.9923 -1.8886 80 200 120
3.3704 -0.2435 -2.0313 80 200 120
2.3445 0.5560 -4.5241 80 200 120
-3.1891 -3.0827 -1.4562 80 200 120
1.6688 0.7635 -3.7086 80 200 120
-0.5234 -1.0617 -1.5322 80 200 120
-1.0723 -0.9256 -1.8895 80 200 120
4.5025 -0.6065 -3.7013 80 200 120
3.1017 1.8091 -4.7971 80 200 120
-4.1881 -1.7983 -1.5549 80 200 120
-0.6646 -0.1395 -3.5719 80 200 120
-2.2245 -1.0020 -4.3819 80 200 120
2.4879 -6.9513 -2.2801 80 200 120
2.7441 -7.1808 -2.6959 80 200 120
3.0257 -7.2090 -1.6292 80 200 120
4.6337 -6.6998 -1.6339 80 200 120
2.3663 -6.7013 -1.8268 80 200 120
2.6006 -6.9331 -2.9604 80 200 120
3.6385 -6.9807 -1.5291 80 200 120
2.0188 -6.5935 -2.5457 80 200 120
1.9224 -6.5539 -3.2431 80 200 120
2.0336 -6.6097 -2.0047 80 200 120
3.0912 -5.3313 -4.0485 80 200 120
2.8717 -6.1889 -1.5685 80 200 120
3.1651 -7.4895 -2.8463 80 200 120
4.3716 -7.1273 -1.6184 80 200 120
2.0674 -6.7035 -3.5838 80 200 120
3.7782 -8.2922 -4.3081 80 200 120
8.0530 -2.2635 -2.8731 80 200 120
3.3683 -6.8604 -1.6079 80 200 120
8.0889 -2.1666 -3.4565 80 200 120
4.6101 -7.1130 -3.5393 80 200 120
3.6837 -7.7212 -3.0976 80 200 120
3.4870 -8.0030 -1.8293 80 200 120
3.9613 -7.3372 -1.6955 80 200 120
2.4141 -6.6152 -1.6607 80 200 120
3.5311 -5.9897 -1.6221 80 200 120
7.2373 -3.6858 -3.6830 80 200 120
5.4742 -6.0519 -2.5465 80 200 120
1.8448 2.3328 -3.3243 80 200 120
5.9924 -2.1202 -4.1500 80 200 120
1.2392 1.7988 -4.0848 80 200 120
4.6150 -2.9313 -3.7265 80 200 120
2.7266 2.5106 -3.5759 80 200 120
4.7733 -3.7774 -3.6732 80 200 120
4.2810 -2.8930 -3.9948 80 200 120
5.8421 -5.3522 -4.8104 80 200 120
4.8200 -4.5087 -4.8040 80 200 120
4.6210 -3.0298 -3.6087 80 200 120
1.9318 -6.2208 -4.7245 80 200 120
3.3441 -5.2679 -4.7506 80 200 120
3.5250 -8.0444 -3.4771 80 200 120
4.2451 -2.9062 -3.9842 80 200 120
5.5205 -3.5740 -3.8140 80 200 120
4.2305 -5.9212 -4.7836 80 200 120
2.5162 -6.9210 -2.2932 80 200 120
2.6169 -6.6502 -1.6862 80 200 120
4.2528 -6.9936 -2.4859 80 200 120
6.4183 -1.6963 -4.8285 80 200 120
3.7801 -5.1314 -4.8068 80 200 120
2.8936 -5.0789 -4.5489 80 200 120
6.0312 -5.0947 -4.7257 80 200 120
3.9750 -5.3050 -4.8052 80 200 120
4.7930 -4.5611 -4.8120 80 200 120
1.5130 -6.2024 -4.2625 80 200 120
5.2505 -5.2870 -4.7919 80 200 120
5.0781 -3.3503 -3.6346 80 200 120
2.5489 -6.9172 -3.2860 80 200 120
4.3981 -6.7933 -4.8029 80 200 120
3.4617 -4.8993 -4.7848 80 200 120
3.9027 -6.3002 -4.8240 80 200 120
1.9309 0.9556 -4.8148 80 200 120
1.5579 -1.8406 -3.8331 80 200 120
4.0449 -0.5668 -4.3349 80 200 120
0.4431 -0.6857 -3.8070 80 200 120
5.4898 -0.3539 -4.7955 80 200 120
6.2431 -0.4556 -5.0401 80 200 120
6.3060 -0.9173 -4.7681 80 200 120
3.4486 -5.5171 -4.2494 80 200 120
-0.3324 -1.1526 -1.5586 80 200 120
3.7542 -5.6568 -4.7600 80 200 120
4.8644 -0.1203 -2.3306 80 200 120
3.8851 0.2496 -1.8604 80 200 120
4.2849 -0.6551 -2.0356 80 200 120
2.6427 1.5385 -1.7603 80 200 120
4.2309 0.0852 -1.7457 80 200 120
3.2191 1.2343 -1.8523 80 200 120
0.2739 -1.1104 -3.5207 80 200 120
0.5181 -0.6994 -3.7367 80 200 120
4.1711 -0.5594 -3.7254 80 200 120
5.2887 -0.7684 -3.8814 80 200 120
-0.2588 0.2791 -3.7964 80 200 120
-0.4188 0.8982 -3.4826 80 200 120
3.7791 1.2344 -4.8907 80 200 120
1.9576 -6.3541 -1.6008 80 200 120
2.3084 -6.6639 -2.2751 80 200 120
2.6025 -6.9048 -2.6307 80 200 120
2.2593 -6.5573 -1.5193 80 200 120
1.9103 -6.2016 -4.3655 80 200 120
1.8538 -6.3531 -2.7724 80 200 120
1.5864 -6.2159 -2.5079 80 200 120
4.7657 -7.3316 -2.9090 80 200 120
4.0562 -5.7459 -1.5494 80 200 120
1.0114 -0.6318 -1.4415 80 200 120
1.6235 -6.3300 -2.0568 80 200 120
3.0141 -2.0614 -1.4985 80 200 120
1.3998 -6.1060 -3.3032 80 200 120
1.4073 -6.0505 -3.6543 80 200 120
3.3698 -4.5609 -1.5414 80 200 120
4.3322 -7.3240 -1.9245 80 200 120
3.0872 -5.6258 -1.5097 80 200 120
3.4439 -7.6994 -4.4082 80 200 120
1.4266 -6.0214 -2.3115 80 200 120
4.3083 -7.7504 -3.8672 80 200 120
3.1500 -7.5902 -4.1352 80 200 120
2.7251 -5.1369 -1.5384 80 200 120
1.3229 -6.0044 -2.9307 80 200 120
2.2409 -6.9134 -2.7963 80 200 120
6.7103 -4.2346 -2.6367 80 200 120
5.1735 -6.1212 -1.5655 80 200 120
4.0373 -5.7129 -1.5555 80 200 120
2.5157 -5.9255 -1.4587 80 200 120
2.4923 -6.3456 -1.4983 80 200 120
3.8191 -7.8536 -2.6201 80 200 120
3.4487 -7.4071 -2.3161 80 200 120
3.7883 -8.2550 -2.1947 80 200 120
5.5343 -5.6019 -1.5945 80 200 120
5.7708 -5.5148 -1.8858 80 200 120
1.1729 3.9638 -3.3578 80 200 120
2.7949 0.2514 -4.5708 80 200 120
4.0709 -1.9086 -3.8356 80 200 120
2.3053 1.2114 -3.5665 80 200 120
1.2072 1.5463 -4.7310 80 200 120
1.9187 1.1319 -4.8325 80 200 120
5.4133 -5.8438 -4.7285 80 200 120
1.9358 1.1535 -5.2747 80 200 120
5.9967 -2.9953 -4.2210 80 200 120
5.0384 -3.9580 -3.6978 80 200 120
4.9268 -3.8916 -3.8263 80 200 120
4.9279 -3.2431 -3.6077 80 200 120
3.8440 -1.7637 -3.8432 80 200 120
2.9422 1.1695 -3.9650 80 200 120
3.8698 -2.7083 -4.9129 80 200 120
4.2036 -3.5721 -4.6877 80 200 120
1.6231 -6.1683 -4.6740 80 200 120
2.0288 -5.7536 -4.7733 80 200 120
3.7465 -2.6493 -4.8241 80 200 120
3.8260 -7.9938 -1.5733 80 200 120
1.8017 -6.3510 -2.9042 80 200 120
2.0621 -6.5615 -3.2145 80 200 120
2.0910 -6.5215 -2.5620 80 200 120
3.5008 -2.4885 -4.7582 80 200 120
1.2699 -6.0047 -4.7598 80 200 120
2.5775 -6.9625 -2.9444 80 200 120
6.2561 -2.4490 -4.8163 80 200 120
3.8101 -7.5945 -2.9915 80 200 120
4.5167 -7.0006 -2.8060 80 200 120
3.7837 -4.5880 -4.8042 80 200 120
3.3999 -4.6487 -4.7994 80 200 120
2.3861 -6.5122 -2.3139 80 200 120
5.9601 -4.8983 -4.8060 80 200 120
8.4589 -2.3401 -4.9316 80 200 120
4.0852 -2.7504 -4.6758 80 200 120
8.0689 -2.0860 -4.9115 80 200 120
6.2146 -4.7938 -4.7005 80 200 120
3.9059 -4.3066 -4.8095 80 200 120
1.0841 -5.8613 -4.1792 80 200 120
4.3602 -5.1813 -4.8004 80 200 120
4.1202 -3.4748 -4.5630 80 200 120
0.9990 -5.5271 -4.1573 80 200 120
2.4201 -4.9671 -4.8174 80 200 120
6.6315 -3.7919 -4.7941 80 200 120
2.4385 -6.6414 -1.8848 80 200 120
7.3722 -3.0975 -4.5942 80 200 120
4.5578 -4.0527 -4.7852 80 200 120
4.0288 -5.6838 -4.7756 80 200 120
0.6021 -0.4589 -4.0156 80 200 120
3.1331 1.1769 -4.4951 80 200 120
1.7959 -1.3461 -4.0889 80 200 120
2.0437 -2.0297 -4.6385 80 200 120
1.0872 1.6765 -4.8397 80 200 120
5.2075 -0.8629 -3.8494 80 200 120
3.3454 -5.2921 -4.7213 80 200 120
3.2619 -5.4201 -4.2215 80 200 120
3.0847 -5.1270 -4.6861 80 200 120
2.9401 -5.3073 -4.5733 80 200 120
4.6275 -2.1903 -4.0146 80 200 120
4.1635 -2.9542 -3.7812 80 200 120
3.7412 -5.7110 -4.4844 80 200 120
4.2120 -3.5902 -4.8398 80 200 120
4.0752 -3.4543 -4.2027 80 200 120
4.0881 -2.8153 -4.6487 80 200 120
4.2994 -3.3940 -3.7874 80 200 120
0.1710 3.5641 -1.5919 80 200 120
3.6863 -2.5967 -4.7775 80 200 120
2.3346 -6.0672 -4.5437 80 200 120
3.9551 -2.8035 -3.7686 80 200 120
3.3492 -5.4099 -4.4220 80 200 120
6.3052 -1.1467 -1.7430 80 200 120
4.7014 -0.8517 -1.9125 80 200 120
2.5971 1.5706 -3.0724 80 200 120
3.1228 -0.2378 -4.2772 80 200 120
4.1979 -3.6158 -1.6039 80 200 120
8.3067 -2.3485 -1.5190 80 200 120
-0.3404 1.1868 -4.3545 80 200 120
1.0852 1.4888 -5.0578 80 200 120
3.6042 0.7772 -4.2186 80 200 120
5.7146 -0.7950 -3.8487 80 200 120
0.9366 -5.5959 -1.6129 80 200 120
0.9256 -5.6546 -4.1651 80 200 120
1.1156 -5.8475 -4.1831 80 200 120
1.4343 -5.9875 -1.6869 80 200 120
0.9686 -5.7926 -3.2045 80 200 120
1.1400 -5.8652 -3.6450 80 200 120
2.8078 -7.1489 -4.2683 80 200 120
2.7401 -7.1361 -2.1029 80 200 120
1.5764 -6.3323 -3.9767 80 200 120
3.8570 -7.9091 -2.2212 80 200 120
2.3075 -6.0422 -4.4936 80 200 120
0.4703 -5.3818 -2.0806 80 200 120
0.6156 -5.4966 -2.4287 80 200 120
1.0778 -5.7444 -4.6494 80 200 120
1.1396 -5.8952 -4.9839 80 200 120
0.6831 -5.3847 -1.5873 80 200 120
3.2347 -7.3148 -4.3983 80 200 120
2.2904 -5.3300 -1.5507 80 200 120
1.1302 -5.8515 -2.4672 80 200 120
2.3108 -6.7577 -3.9267 80 200 120
3.9862 -8.2659 -4.0090 80 200 120
3.3893 -6.4013 -1.5303 80 200 120
2.2952 -5.7902 -1.5420 80 200 120
3.0919 -5.9556 -4.1476 80 200 120
0.5296 -5.2967 -4.6764 80 200 120
0.1399 -5.0999 -2.8698 80 200 120
0.6589 -5.6583 -4.7520 80 200 120
1.4980 -6.2189 -4.3096 80 200 120
0.3284 -5.3063 -4.3201 80 200 120
0.8073 -5.4271 -5.0562 80 200 120
1.6233 -5.9160 -4.6174 80 200 120
2.0215 -4.8941 -1.5600 80 200 120
2.9457 -7.2101 -3.5750 80 200 120
1.6465 -6.3833 -3.4558 80 200 120
0.3258 -5.2728 -3.6831 80 200 120
0.7072 -5.5762 -2.8882 80 200 120
4.0577 -6.2673 -2.2010 80 200 120
6.2514 -2.1122 -1.4895 80 200 120
6.2685 -1.5219 -1.5531 80 200 120
2.9694 -7.0647 -1.5278 80 200 120
3.6918 -6.9762 -1.9615 80 200 120
7.8407 -2.0147 -3.0305 80 200 120
3.6250 -7.2992 -2.5924 80 200 120
7.2861 -1.5741 -2.9009 80 200 120
4.2337 -0.9451 -4.4279 80 200 120
-0.2281 2.6842 -4.9625 80 200 120
7.3785 -3.0804 -4.6467 80 200 120
1.2810 -0.5688 -4.8281 80 200 120
4.2774 -3.3792 -3.7661 80 200 120
4.5456 -2.9852 -3.7239 80 200 120
4.1581 -2.9334 -3.8075 80 200 120
4.9958 -3.9321 -3.7988 80 200 120
4.8162 -5.3315 -4.8054 80 200 120
4.7645 -4.9310 -4.7721 80 200 120
2.0387 0.0438 -4.7595 80 200 120
3.9324 -2.4094 -3.7818 80 200 120
3.0907 -0.6273 -4.5227 80 200 120
4.4549 -3.1729 -3.6602 80 200 120
4.4098 -3.2270 -3.6932 80 200 120
4.1648 -3.4834 -4.8094 80 200 120
4.2114 -3.6026 -4.7703 80 200 120
3.3567 -2.3460 -4.3977 80 200 120
5.2820 -3.7641 -3.7960 80 200 120
4.3599 -2.3047 -3.8440 80 200 120
4.1082 -0.0338 -3.9152 80 200 120
4.0887 -3.7699 -4.3494 80 200 120
4.2773 -4.7710 -4.7813 80 200 120
4.1242 -4.9468 -4.7987 80 200 120
1.7124 -1.2410 -4.9721 80 200 120
4.1594 -2.7439 -3.7741 80 200 120
5.9220 -0.7373 -3.4700 80 200 120
3.7724 -2.4372 -3.7804 80 200 120
5.2720 -3.4561 -3.6595 80 200 120
0.7515 -5.5839 -4.7607 80 200 120
4.8969 -4.2368 -4.7942 80 200 120
4.3341 -3.8720 -4.7746 80 200 120
1.7075 -5.2013 -4.7921 80 200 120
1.0965 -5.2454 -4.8751 80 200 120
3.6695 -7.0077 -4.8125 80 200 120
2.9785 -4.9164 -4.7853 80 200 120
3.6138 -4.4285 -4.8001 80 200 120
2.4467 -7.1523 -2.6062 80 200 120
3.5452 -9.8934 -2.0217 80 200 120
1.0360 -5.8917 -3.6816 80 200 120
5.0401 -3.9549 -3.6964 80 200 120
4.9376 -3.9179 -4.5561 80 200 120
5.0183 -3.2807 -3.6551 80 200 120
0.6406 -4.9103 -4.7878 80 200 120
1.2654 -4.5665 -4.8465 80 200 120
4.7738 -3.7407 -3.6237 80 200 120
2.0891 -4.4112 -4.7713 80 200 120
2.3086 -5.3891 -4.7506 80 200 120
2.9846 -5.2904 -4.2002 80 200 120
4.4169 -6.2808 -4.7990 80 200 120
4.5767 -5.2244 -4.7862 80 200 120
3.6873 -5.7831 -4.2444 80 200 120
4.8790 -0.6574 -3.9376 80 200 120
4.3135 -3.3914 -4.8031 80 200 120
1.7867 -6.3030 -4.7262 80 200 120
2.9965 -5.2588 -4.2062 80 200 120
4.6117 -2.3624 -4.0948 80 200 120
3.9388 -2.4180 -3.7696 80 200 120
1.2941 -5.9398 -4.7690 80 200 120
4.2430 -3.0063 -3.8342 80 200 120
-1.0537 3.3830 -1.4960 80 200 120
4.0810 -4.9788 -4.7986 80 200 120
3.9558 -1.4127 -4.0675 80 200 120
0.8254 -5.6400 -4.2568 80 200 120
3.8926 -1.7698 -3.8784 80 200 120
3.5433 -5.5336 -4.6008 80 200 120
5.0976 -1.4609 -1.8119 80 200 120
4.9975 -1.4120 -1.9220 80 200 120
5.7689 -1.0805 -1.6860 80 200 120
6.7049 -1.6263 -1.5829 80 200 120
2.9898 1.4054 -1.7951 80 200 120
5.6770 -0.2364 -3.6091 80 200 120
6.5309 -1.4403 -3.2504 80 200 120
6.4312 -0.8399 -2.5875 80 200 120
6.0954 -0.6004 -3.6556 80 200 120
4.1692 -1.3544 -1.4787 80 200 120
3.7735 1.4552 -5.0338 80 200 120
2.2930 0.6253 -4.6379 80 200 120
3.2458 1.2999 -4.7508 80 200 120
1.5732 0.8974 -3.7734 80 200 120
4.9771 -0.6232 -4.0579 80 200 120
4.8001 -0.3181 -2.6627 80 200 120
3.2240 -1.6672 -1.4796 80 200 120
3.7092 -1.3388 -1.5184 80 200 120
0.4830 -5.0132 -4.8377 80 200 120
0.5943 -4.5608 -4.4042 80 200 120
0.0568 -4.9588 -1.5552 80 200 120
3.5502 -7.7053 -3.8716 80 200 120
-0.0648 -5.0225 -4.4530 80 200 120
3.5413 -7.3053 -4.3196 80 200 120
-0.0420 -4.9591 -2.0111 80 200 120
0.6682 -5.6312 -3.6104 80 200 120
0.1984 -5.3033 -3.1327 80 200 120
2.2265 -6.6909 -3.2729 80 200 120
3.8408 -7.9041 -4.1806 80 200 120
2.1578 -6.5097 -2.8430 80 200 120
0.8295 -4.9692 -1.5435 80 200 120
1.8784 -6.4909 -3.7510 80 200 120
-0.3061 -4.8342 -3.8098 80 200 120
0.9110 -4.2877 -1.5171 80 200 120
-0.7133 -4.4343 -3.6319 80 200 120
0.3822 -5.2830 -2.5391 80 200 120
-0.2927 -4.6350 -1.5426 80 200 120
1.0177 -5.7499 -1.9475 80 200 120
1.8488 -6.4198 -2.4472 80 200 120
2.8301 -7.1602 -3.0219 80 200 120
0.5682 -4.2441 -4.2332 80 200 120
-0.0670 -4.6185 -4.2244 80 200 120
-0.6011 -4.4736 -3.0106 80 200 120
-1.4389 -4.0435 -2.1437 80 200 120
1.6444 -6.1965 -1.5751 80 200 120
-0.7533 -4.4768 -1.8252 80 200 120
7.5572 -3.1928 -1.6403 80 200 120
7.8705 -2.6700 -2.9652 80 200 120
8.3135 -2.6011 -3.3574 80 200 120
6.2898 -4.8622 -2.7394 80 200 120
5.2028 -6.5133 -2.7229 80 200 120
4.2090 -3.6396 -1.6285 80 200 120
5.2794 -6.1262 -2.9780 80 200 120
5.8166 -5.4673 -3.8480 80 200 120
6.9211 -4.1050 -3.2291 80 200 120
3.9477 -6.8610 -1.4443 80 200 120
5.9568 -2.5245 -1.4954 80 200 120
7.5633 -2.1284 -4.5917 80 200 120
1.6157 1.7155 -3.4122 80 200 120
4.9297 -3.8843 -4.7073 80 200 120
2.7932 0.8978 -3.4922 80 200 120
6.2029 -4.7870 -4.6743 80 200 120
4.0834 0.5965 -3.1700 80 200 120
7.7786 -1.8626 -2.0634 80 200 120
4.6630 -5.2190 -4.8275 80 200 120
5.0270 -3.2594 -3.6868 80 200 120
4.7385 -3.7516 -4.6877 80 200 120
4.2449 -3.1099 -3.9812 80 200 120
2.8109 2.3393 -3.5078 80 200 120
3.5752 -2.5627 -4.7491 80 200 120
4.1249 -2.5858 -3.7392 80 200 120
4.1943 -4.4301 -4.8014 80 200 120
4.6093 -1.2175 -3.9898 80 200 120
3.9456 -4.2794 -4.8004 80 200 120
4.9042 -3.2447 -3.5992 80 200 120
3.8947 -2.7932 -4.7356 80 200 120
3.9201 -5.0779 -4.8156 80 200 120
5.0254 -3.5762 -3.6328 80 200 120
3.3196 -5.3926 -4.1872 80 200 120
0.2044 -4.6600 -4.5668 80 200 120
1.5607 -4.2884 -4.7873 80 200 120
3.2130 -4.0780 -4.8027 80 200 120
2.4508 -4.5102 -4.8074 80 200 120
0.2312 -4.2548 -4.3688 80 200 120
0.3689 -5.3963 -4.8313 80 200 120
2.9475 -4.0405 -4.8248 80 200 120
0.5778 -4.3933 -4.6837 80 200 120
3.1011 -4.6524 -4.8270 80 200 120
5.6295 -5.0820 -4.7859 80 200 120
4.2295 -3.1079 -3.9913 80 200 120
3.1777 -6.1582 -4.2423 80 200 120
4.8871 -3.8395 -3.6467 80 200 120
0.0730 -3.7328 -4.9602 80 200 120
2.8816 -4.4388 -4.8205 80 200 120
3.1754 -7.4437 -4.3603 80 200 120
2.4777 0.1239 -4.9321 80 200 120
3.5810 -0.4991 -4.2168 80 200 120
3.0620 -5.1732 -4.4423 80 200 120
1.5125 -6.2193 -4.3093 80 200 120
3.2621 -5.6622 -4.1954 80 200 120
3.2118 -5.3301 -4.2938 80 200 120
3.9353 -4.2963 -4.8137 80 200 120
4.2866 -4.7964 -4.8245 80 200 120
4.5770 -2.2559 -3.8806 80 200 120
1.1384 -5.9135 -4.3385 80 200 120
3.7587 -2.6237 -3.7701 80 200 120
0.0865 -5.1093 -2.8775 80 200 120
4.4585 -3.5138 -3.6406 80 200 120
0.8041 -5.5930 -4.7385 80 200 120
4.2835 -2.8596 -3.7754 80 200 120
4.3555 -3.3003 -3.6822 80 200 120
6.8760 -1.6851 -4.6903 80 200 120
0.4474 -4.9424 -4.8470 80 200 120
3.9402 -3.7527 -4.7092 80 200 120
-0.7322 -4.4818 -2.9878 80 200 120
1.1700 -5.2482 -4.8505 80 200 120
2.9979 -4.0593 -4.8016 80 200 120
1.6376 -4.4558 -4.8168 80 200 120
2.6231 -6.3244 -4.5365 80 200 120
0.5147 -5.3852 -4.6922 80 200 120
3.2293 -4.0652 -4.8136 80 200 120
4.3219 -3.8685 -4.8072 80 200 120
-0.0734 -4.9971 -4.4704 80 200 120
0.5667 -5.2149 -2.6322 80 200 120
4.0432 -2.8875 -3.8108 80 200 120
4.0130 -3.8287 -4.0098 80 200 120
4.6060 -0.7455 -1.9126 80 200 120
3.4313 1.1047 -1.8779 80 200 120
5.3255 -1.2179 -1.9119 80 200 120
5.1481 -1.3004 -1.9800 80 200 120
4.9045 -1.4059 -1.9652 80 200 120
4.4371 -1.1793 -1.9831 80 200 120
4.4890 -0.3928 -3.7970 80 200 120
6.2585 -2.2996 -1.5028 80 200 120
4.8139 -1.3344 -3.4331 80 200 120
7.5045 -2.0063 -2.1141 80 200 120
3.3692 -0.3075 -1.4331 80 200 120
4.4192 -0.1069 -3.2582 80 200 120
3.6713 -1.3288 -3.8300 80 200 120
4.1625 -3.5581 -1.6940 80 200 120
7.8058 -2.5517 -1.6495 80 200 120
1.3186 2.9023 -2.6342 80 200 120
1.6947 -6.3705 -4.4742 80 200 120
-3.0391 -2.5771 -1.5750 80 200 120
-1.9914 -3.3096 -1.5464 80 200 120
-2.7254 -2.9047 -3.2581 80 200 120
0.8130 -5.5992 -4.6923 80 200 120
-1.2625 -3.9977 -3.8744 80 200 120
-0.9930 -4.1232 -1.6009 80 200 120
2.8422 -7.2076 -1.8029 80 200 120
-1.0551 -4.0902 -3.1181 80 200 120
2.3656 -6.2877 -4.3362 80 200 120
1.8265 -3.5315 -1.5273 80 200 120
-2.3289 -2.4884 -4.3597 80 200 120
2.8692 -5.9832 -4.2411 80 200 120
-3.8939 -1.8200 -3.7464 80 200 120
1.1964 -5.2663 -4.7787 80 200 120
0.6102 -3.1661 -1.5445 80 200 120
-3.9196 -1.6050 -2.2068 80 200 120
3.4628 -7.3169 -2.4711 80 200 120
6.0381 -5.1423 -1.9670 80 200 120
7.7816 -2.3155 -3.3931 80 200 120
3.7471 -6.9806 -2.0204 80 200 120
3.3706 -6.5483 -1.5524 80 200 120
3.9851 -5.8867 -1.4250 80 200 120
7.0072 -4.0175 -3.6394 80 200 120
3.6206 -7.7308 -1.3934 80 200 120
5.7836 -1.7899 -1.5910 80 200 120
3.2901 -7.0701 -1.7115 80 200 120
4.7031 -1.7789 -3.6458 80 200 120
5.2769 -3.7196 -3.7820 80 200 120
3.0884 0.6813 -3.8520 80 200 120
3.6087 0.7428 -4.1776 80 200 120
4.5382 -4.0173 -4.7744 80 200 120
4.9920 -3.9111 -3.7851 80 200 120
5.3017 -5.9676 -4.7404 80 200 120
1.6285 1.1492 -3.8827 80 200 120
3.9853 -3.7606 -4.2613 80 200 120
5.8177 -5.2761 -4.7522 80 200 120
4.7677 -3.7390 -3.6258 80 200 120
5.5709 -3.3863 -4.0021 80 200 120
5.4200 -3.5698 -3.9468 80 200 120
5.1215 -5.8030 -4.8063 80 200 120
5.4809 -5.7293 -4.6918 80 200 120
5.6008 -5.0468 -4.7669 80 200 120
4.4288 -3.8344 -4.7828 80 200 120
1.5340 3.6309 -3.1715 80 200 120
4.8363 -0.0979 -2.6483 80 200 120
4.3856 -5.6141 -4.8287 80 200 120
4.1690 -2.9415 -3.7648 80 200 120
3.5688 -2.4440 -3.7969 80 200 120
4.0034 -2.8360 -3.7939 80 200 120
5.1269 -3.3140 -3.6739 80 200 120
4.4794 -3.5046 -3.6511 80 200 120
4.8632 -3.8198 -3.6554 80 200 120
4.1601 -2.7420 -3.7613 80 200 120
3.6037 0.9419 -3.6265 80 200 120
3.0975 -4.0653 -4.7536 80 200 120
5.0369 -3.9339 -3.6896 80 200 120
4.9478 -3.9306 -4.6974 80 200 120
4.8197 -3.8017 -4.7693 80 200 120
1.4802 -3.6012 -4.8422 80 200 120
6.8319 -3.4008 -4.8007 80 200 120
7.3470 -3.2979 -4.6980 80 200 120
3.1610 -3.8464 -4.7607 80 200 120
1.1771 -4.0368 -4.8317 80 200 120
2.1865 -6.5439 -4.7326 80 200 120
7.6430 -2.9087 -4.7460 80 200 120
4.9975 -3.9358 -4.2288 80 200 120
3.4526 -5.5167 -4.2755 80 200 120
4.3396 -3.3873 -4.8800 80 200 120
4.2890 -3.2961 -4.6238 80 200 120
7.9458 -2.4800 -4.6607 80 200 120
0.8440 -5.6227 -4.2093 80 200 120
1.6396 -3.3443 -4.8348 80 200 120
0.1992 -5.1002 -4.6825 80 200 120
2.7383 -7.1590 -4.2115 80 200 120
2.8780 -3.6905 -4.8207 80 200 120
2.0632 -4.0719 -4.7974 80 200 120
3.7901 -0.0972 -4.2786 80 200 120
2.7008 0.9180 -4.1333 80 200 120
0.6239 -4.4170 -4.7176 80 200 120
-0.2034 -4.5383 -4.2928 80 200 120
4.4428 -2.1005 -3.8815 80 200 120
2.8689 -4.9753 -4.6678 80 200 120
0.3009 -5.4120 -2.1676 80 200 120
3.4657 -4.4776 -4.8023 80 200 120
4.1530 -2.7226 -3.7914 80 200 120
3.5922 -7.1339 -4.8656 80 200 120
1.9388 -5.3925 -4.7971 80 200 120
4.2367 -3.1460 -4.4565 80 200 120
4.4881 -3.0716 -3.7312 80 200 120
4.3606 -3.4856 -4.7104 80 200 120
4.8561 -1.9615 -4.1577 80 200 120
-0.7359 -3.9465 -4.2151 80 200 120
3.3062 -6.3363 -4.2628 80 200 120
4.3072 -3.3212 -4.5064 80 200 120
0.4280 -4.1631 -4.2184 80 200 120
5.0426 -0.4637 -4.0463 80 200 120
-1.9193 -3.2539 -1.6601 80 200 120
2.4364 -4.4810 -4.7999 80 200 120
3.6378 -5.3614 -4.7278 80 200 120
4.6740 -0.3120 -3.9877 80 200 120
4.1828 -5.9250 -4.7703 80 200 120
5.2934 -1.2104 -4.7741 80 200 120
-0.6718 -4.1719 -2.3184 80 200 120
1.3044 -4.0212 -4.7703 80 200 120
-0.6983 -3.3726 -4.2387 80 200 120
0.2397 -3.6771 -4.7454 80 200 120
1.5017 -3.5990 -4.7895 80 200 120
2.9780 -6.3129 -4.3854 80 200 120
2.1147 -3.8362 -4.7895 80 200 120
4.5084 -2.7605 -3.8653 80 200 120
1.1312 -4.9194 -4.8075 80 200 120
4.7613 -5.3349 -4.7936 80 200 120
3.7667 -6.0611 -4.4083 80 200 120
4.2039 -0.5352 -2.0184 80 200 120
6.2784 -0.8710 -3.6048 80 200 120
3.8408 0.9913 -4.8057 80 200 120
-3.0629 -2.2887 -1.7139 80 200 120
0.4835 -3.1476 -1.5415 80 200 120
4.6152 -0.8976 -4.0988 80 200 120
4.1746 -3.6366 -1.6007 80 200 120
4.8380 -2.2204 -1.7392 80 200 120
-3.3193 -1.7308 -2.3801 80 200 120
-3.5391 -1.4823 -1.5482 80 200 120
-2.0798 -3.1220 -4.0151 80 200 120
0.7418 -2.5765 -1.4993 80 200 120
0.3861 -5.3469 -4.7641 80 200 120
-0.4292 -3.9746 -4.1337 80 200 120
-4.0024 -1.1882 -3.4540 80 200 120
-0.0620 -5.0444 -5.1109 80 200 120
0.1865 -4.6815 -4.5329 80 200 120
-0.7698 -3.6216 -4.0691 80 200 120
-4.9680 -1.2366 -5.0211 80 200 120
-3.0008 -1.0034 -1.7297 80 200 120
-3.4141 -0.6383 -2.3703 80 200 120
-3.8554 0.0050 -3.6706 80 200 120
-2.9912 -0.3214 -2.9528 80 200 120
-3.2893 -2.6215 -2.5756 80 200 120
1.5700 -2.6912 -1.5284 80 200 120
6.6494 -4.3025 -2.2141 80 200 120
2.9773 -5.6968 -1.5470 80 200 120
7.5265 -2.8240 -1.5904 80 200 120
4.2035 -3.6456 -1.6504 80 200 120
3.9595 -6.9196 -2.6544 80 200 120
3.5837 -6.9930 -1.4939 80 200 120
6.5539 -1.1824 -1.9336 80 200 120
5.0347 -5.5224 -1.5276 80 200 120
4.0235 -3.7474 -1.6599 80 200 120
6.2784 -1.2785 -1.6861 80 200 120
5.9580 -4.2020 -1.4843 80 200 120
7.8039 -2.0405 -2.6972 80 200 120
4.6198 -2.4876 -3.7834 80 200 120
4.8988 -3.1852 -3.6619 80 200 120
3.8532 -2.6813 -3.6381 80 200 120
4.9271 -4.1916 -4.8190 80 200 120
4.8044 -3.7947 -3.9844 80 200 120
5.2220 -5.2645 -4.7803 80 200 120
6.5226 -1.2225 -3.1542 80 200 120
8.0061 -2.3094 -2.8464 80 200 120
4.1171 -4.2719 -4.8004 80 200 120
4.4360 0.8951 -2.8657 80 200 120
4.3868 -3.4966 -4.6981 80 200 120
5.0075 -3.9309 -4.2144 80 200 120
4.7236 -3.0051 -3.6583 80 200 120
3.9518 -2.1253 -3.6947 80 200 120
4.3272 -2.9285 -3.6630 80 200 120
3.9503 -2.3272 -3.7546 80 200 120
3.9901 -2.6406 -3.7475 80 200 120
4.7488 0.5276 -1.8830 80 200 120
5.1284 -6.1695 -4.7424 80 200 120
4.3470 -3.3954 -4.5184 80 200 120
4.0434 -3.7875 -4.7187 80 200 120
6.3007 -0.7646 -3.6313 80 200 120
2.2961 0.9691 -3.8356 80 200 120
4.6452 -3.6348 -4.1522 80 200 120
1.2762 -3.6853 -4.6580 80 200 120
2.6583 -4.2584 -4.8102 80 200 120
2.2193 -3.8488 -4.7099 80 200 120
2.9793 -3.5065 -4.8309 80 200 120
3.0990 -4.3318 -4.7918 80 200 120
0.7204 -4.6146 -4.3640 80 200 120
3.9027 -7.3935 -2.6463 80 200 120
4.9111 -3.8528 -3.6409 80 200 120
4.8055 -3.7866 -3.9504 80 200 120
2.6212 -3.2108 -4.7677 80 200 120
3.8185 -5.6701 -4.5285 80 200 120
0.7210 -4.1116 -4.7658 80 200 120
5.0387 -3.8797 -3.5894 80 200 120
4.8508 -3.8055 -3.6495 80 200 120
4.6458 -3.6906 -4.7382 80 200 120
2.3511 -4.3062 -4.8189 80 200 120
-2.2716 -2.5264 -4.3599 80 200 120
-0.2160 -3.2722 -4.4911 80 200 120
4.4381 -3.4957 -3.6262 80 200 120
-1.4327 -3.9766 -1.6073 80 200 120
3.0487 -3.6427 -4.8106 80 200 120
-3.0690 -2.6520 -2.9338 80 200 120
1.7593 -4.1358 -4.7900 80 200 120
-3.5903 -2.0477 -2.3003 80 200 120
4.6785 -4.9293 -4.7604 80 200 120
2.4255 -4.9622 -4.8066 80 200 120
1.9939 -5.7813 -4.7884 80 200 120
1.7037 -5.1894 -4.8042 80 200 120
-2.2829 -3.1208 -4.1246 80 200 120
5.3745 -0.6791 -4.6209 80 200 120
5.2197 -0.8491 -3.8621 80 200 120
4.6660 -2.8569 -3.7710 80 200 120
4.9903 -3.2592 -3.6635 80 200 120
4.8421 -3.8146 -3.6401 80 200 120
-1.3940 -2.1803 -4.7268 80 200 120
4.8107 -3.7848 -3.9708 80 200 120
-3.8699 -1.2850 -3.5273 80 200 120
0.3945 -2.8380 -4.7640 80 200 120
-3.4840 -1.9805 -3.7170 80 200 120
4.1736 -3.5210 -4.2179 80 200 120
1.6692 -3.3636 -4.7814 80 200 120
4.3742 -2.5814 -3.8350 80 200 120
3.4222 -4.9386 -4.7899 80 200 120
0.8113 -3.3866 -4.7799 80 200 120
4.6898 -0.3695 -4.3392 80 200 120
-3.5146 -2.4051 -1.6893 80 200 120
-1.7159 -3.7274 -2.5468 80 200 120
2.3863 -4.1708 -4.7825 80 200 120
-3.1942 -0.8316 -4.6165 80 200 120
4.3302 -3.3745 -3.7163 80 200 120
-2.0735 -0.5250 -3.5236 80 200 120
-3.2179 -0.8398 -1.6534 80 200 120
1.0383 -2.9192 -4.7979 80 200 120
-3.5379 -0.8468 -3.9560 80 200 120
2.7542 -3.4045 -4.7939 80 200 120
-3.3555 -0.4944 -2.9934 80 200 120
-0.2810 -2.0236 -4.7948 80 200 120
3.2870 -7.3453 -4.6675 80 200 120
4.9171 -3.1422 -3.7020 80 200 120
5.5738 -1.1562 -4.9260 80 200 120
3.4029 -5.7794 -4.1763 80 200 120
5.5012 -1.2635 -1.8118 80 200 120
4.0982 0.3139 -1.6939 80 200 120
4.8737 -1.8975 -1.8410 80 200 120
4.8594 -1.9596 -1.8054 80 200 120
-1.5448 -3.0419 -2.6521 80 200 120
3.5151 1.2264 -4.3567 80 200 120
-3.5685 -1.2360 -3.3895 80 200 120
-3.2281 -0.8618 -1.6007 80 200 120
6.5190 -1.2029 -3.1551 80 200 120
4.9677 -1.5076 -3.3989 80 200 120
7.6190 -1.9282 -2.0796 80 200 120
1.5225 -2.6184 -1.5414 80 200 120
6.0906 -0.4940 -2.4162 80 200 120
-2.9964 -0.2329 -2.7089 80 200 120
4.9556 -1.0206 -3.8238 80 200 120
-3.0966 -0.8553 -3.1236 80 200 120
-0.6487 -1.1615 -1.9320 80 200 120
1.6326 -2.0857 -1.5323 80 200 120
-2.1456 -0.4483 -1.7146 80 200 120
-0.1559 -1.1432 -1.7046 80 200 120
1.6900 -6.0880 -4.5810 80 200 120
-3.2189 -2.8144 -3.2929 80 200 120
-1.5842 -2.9154 -4.4878 80 200 120
-0.5903 -1.0875 -2.3663 80 200 120
-3.1759 -0.9125 -3.7761 80 200 120
1.6241 -6.2321 -3.1620 80 200 120
7.0369 -2.2156 -1.6440 80 200 120
5.3343 -5.4771 -1.5560 80 200 120
5.4787 -5.8184 -2.2203 80 200 120
7.7595 -2.9641 -2.0656 80 200 120
6.1559 -4.9648 -2.2548 80 200 120
5.8794 -3.3119 -1.5122 80 200 120
6.8006 -4.1216 -3.0948 80 200 120
7.8517 -2.4834 -3.4960 80 200 120
4.6259 -6.8086 -1.5720 80 200 120
4.7285 -2.0393 -3.3915 80 200 120
5.0204 -6.5023 -4.5927 80 200 120
5.8302 -4.8099 -4.8027 80 200 120
4.2595 -3.2283 -4.4065 80 200 120
7.6008 -1.9253 -2.0125 80 200 120
6.4561 -0.7585 -2.5770 80 200 120
4.2744 -5.2775 -4.7849 80 200 120
7.8564 -2.5435 -1.6660 80 200 120
6.8258 -1.7360 -1.6760 80 200 120
5.1786 -3.3774 -3.6491 80 200 120
5.3228 -3.3695 -3.7398 80 200 120
4.2802 -2.1775 -3.7322 80 200 120
4.7483 -3.4386 -3.5952 80 200 120
7.6019 -2.1977 -1.6341 80 200 120
7.4857 -2.0321 -2.3273 80 200 120
4.5685 -3.2532 -3.6161 80 200 120
4.5600 -3.5274 -3.6644 80 200 120
4.7586 -3.6256 -3.5738 80 200 120
4.4204 -3.4455 -3.5636 80 200 120
4.3413 -3.3683 -4.8629 80 200 120
3.8716 -3.6813 -4.7848 80 200 120
6.7511 -3.3859 -4.7300 80 200 120
3.4395 -6.2674 -4.5098 80 200 120
6.6396 -3.1064 -4.7340 80 200 120
2.9597 -3.2153 -4.7786 80 200 120
2.9180 -6.1263 -4.3087 80 200 120
1.5596 -7.0215 -3.0000 80 200 120
3.4396 -8.0829 -1.7762 80 200 120
1.4187 -6.2385 -4.3079 80 200 120
1.4266 -5.6987 -4.8231 80 200 120
-0.0610 -1.0797 -4.7484 80 200 120
-0.6082 -1.1035 -4.1573 80 200 120
2.0279 -2.5552 -4.6721 80 200 120
1.4202 -2.1438 -4.4370 80 200 120
-1.8154 -3.3051 -1.6597 80 200 120
4.1838 -3.2189 -3.8501 80 200 120
3.8013 -3.5842 -4.5696 80 200 120
-0.7273 -4.4599 -1.8323 80 200 120
0.3091 -1.1590 -4.1165 80 200 120
0.5985 -4.0772 -4.7833 80 200 120
-2.5999 -0.2176 -1.6523 80 200 120
3.5384 -5.6659 -4.2315 80 200 120
2.5153 -3.0313 -4.7646 80 200 120
1.1528 -2.6110 -4.7835 80 200 120
4.0963 0.0447 -3.9138 80 200 120
3.8641 -3.7105 -3.3217 80 200 120
2.9505 -3.2201 -4.7594 80 200 120
-0.2752 -0.6444 -3.6261 80 200 120
4.9138 -3.7851 -4.6275 80 200 120
4.9824 -3.9048 -4.2992 80 200 120
4.4901 -0.4420 -1.5171 80 200 120
5.8481 -1.5151 -1.6965 80 200 120
4.1952 -1.0615 -3.5859 80 200 120
0.7553 -2.6300 -1.5245 80 200 120
5.7408 -1.2480 -3.4306 80 200 120
4.6353 -1.3956 -3.6330 80 200 120
-0.2770 -0.8108 -1.8312 80 200 120
-4.1150 -1.8461 -3.7620 80 200 120
-3.4652 -1.5353 -1.5792 80 200 120
-1.8951 -3.3129 -1.6252 80 200 120
-0.7906 0.0260 -2.1494 80 200 120
-1.1114 -3.9160 -1.6695 80 200 120
-2.9595 -0.3100 -3.6912 80 200 120
-4.0493 -1.4830 -2.4658 80 200 120
0.8788 -4.2005 -1.5071 80 200 120
-3.3527 -0.5525 -2.3174 80 200 120
-0.3473 -1.1592 -3.1560 80 200 120
5.7311 -0.3335 -4.2507 80 200 120
-0.2210 -1.2624 -1.5455 80 200 120
-1.5506 1.4814 -3.0623 80 200 120
1.1513 -1.3162 -3.6910 80 200 120
-0.5644 -0.5085 -3.0997 80 200 120
-0.4699 -0.7966 -2.5258 80 200 120
-3.8185 -2.2050 -4.2141 80 200 120
1.6393 -2.0798 -1.4709 80 200 120
3.2218 -7.4633 -1.5897 80 200 120
2.5237 -6.8052 -1.6198 80 200 120
2.1029 -6.6768 -4.0659 80 200 120
6.2511 -4.8180 -2.0102 80 200 120
8.0106 -2.5841 -2.8747 80 200 120
5.2016 -3.0423 -1.5482 80 200 120
3.8239 -7.8354 -1.5488 80 200 120
6.6652 -4.3088 -1.9055 80 200 120
5.5354 -2.7994 -1.5956 80 200 120
5.2819 -5.7284 -1.5406 80 200 120
7.2755 -1.7656 -2.2919 80 200 120
6.7491 -2.2750 -4.5890 80 200 120
7.7016 -2.5695 -4.6784 80 200 120
5.0074 -3.8815 -3.5719 80 200 120
2.7235 -3.2872 -4.7595 80 200 120
3.0626 -4.0538 -4.7642 80 200 120
2.4287 -2.9732 -4.8354 80 200 120
3.1066 -3.6303 -4.7298 80 200 120
4.9445 -3.6701 -3.6012 80 200 120
4.0578 -4.7651 -4.7854 80 200 120
3.1001 -4.2609 -4.7799 80 200 120
5.0082 -3.8807 -4.3693 80 200 120
2.0219 -2.4812 -4.3861 80 200 120
4.2907 -3.3295 -3.7081 80 200 120
4.7638 -3.6669 -3.6500 80 200 120
2.9423 -3.1829 -4.7605 80 200 120
3.6014 -4.3856 -4.7714 80 200 120
2.8663 -4.3713 -4.7908 80 200 120
3.8693 -3.7096 -4.6796 80 200 120
4.7225 -3.2594 -3.6224 80 200 120
3.2543 -3.2998 -4.7911 80 200 120
3.2433 -3.5234 -4.8290 80 200 120
4.6665 -3.6346 -4.4092 80 200 120
3.6643 -8.8854 -1.2555 80 200 120
4.8379 -6.5542 -4.6687 80 200 120
4.7502 -3.7335 -3.5907 80 200 120
4.1613 -3.4068 -4.5730 80 200 120
2.7372 -3.3637 -4.8107 80 200 120
0.0440 -4.7081 -4.6151 80 200 120
1.3778 -3.5482 -4.8570 80 200 120
5.0159 -3.5680 -3.6178 80 200 120
-1.4659 1.4241 -2.9298 80 200 120
-0.6071 -4.3656 -3.6972 80 200 120
3.3006 -3.2576 -4.7614 80 200 120
0.3831 -5.3672 -2.1617 80 200 120
3.8409 -3.6582 -3.5507 80 200 120
2.4882 -2.2685 -4.7485 80 200 120
1.7508 -1.6194 -3.8319 80 200 120
4.4411 -3.5067 -3.6086 80 200 120
0.1164 -0.0519 -3.6651 80 200 120
-1.6226 -1.3545 -4.7554 80 200 120
-0.5218 -1.0543 -3.0967 80 200 120
3.2805 -5.4117 -4.2096 80 200 120
-1.1431 -3.9963 -2.1459 80 200 120
2.3210 -2.1286 -3.9306 80 200 120
3.7603 -3.5639 -2.9687 80 200 120
-0.3025 -0.8142 -1.9289 80 200 120
-0.4069 -1.0771 -1.5737 80 200 120
4.3980 -0.7197 -3.7311 80 200 120
1.6534 -2.0106 -3.8683 80 200 120
2.3107 -2.5224 -4.7120 80 200 120
-1.7088 1.8771 -1.8671 80 200 120
-0.9457 -0.9258 -2.3700 80 200 120
5.2794 -0.9424 -3.9979 80 200 120
4.2933 -2.4371 -2.1315 80 200 120
4.7733 -2.0180 -1.9126 80 200 120
-0.5430 -1.1379 -4.1683 80 200 120
1.5569 -1.4621 -4.0054 80 200 120
-0.9115 1.0226 -1.2687 80 200 120
-0.6989 2.7106 -0.7629 80 200 120
-1.4777 1.6660 -1.8551 80 200 120
0.1824 -0.6476 -3.4928 80 200 120
0.7450 -0.2621 -3.8738 80 200 120
-3.1591 -0.9203 -3.1747 80 200 120
-2.4110 -0.5245 -4.4277 80 200 120
-3.3312 -0.9213 -3.9806 80 200 120
7.4389 -2.0182 -1.9834 80 200 120
4.1714 -3.6269 -1.5952 80 200 120
-0.9227 0.2376 -2.6611 80 200 120
-0.3049 -4.5544 -4.3486 80 200 120
-0.4346 -0.6883 -1.8226 80 200 120
-1.2258 -0.8402 -2.3420 80 200 120
-0.7870 0.0700 -1.5246 80 200 120
-0.4791 -1.1919 -1.6282 80 200 120
6.2136 -4.0503 -1.5189 80 200 120
6.7015 -4.2259 -2.6287 80 200 120
6.5621 -4.1055 -1.6958 80 200 120
6.7384 -3.0511 -4.6386 80 200 120
5.0325 -3.1185 -3.6331 80 200 120
2.3414 -2.4407 -4.6861 80 200 120
3.8018 -3.5778 -4.5497 80 200 120
4.6198 -3.6094 -4.7740 80 200 120
4.4346 -3.5330 -4.7144 80 200 120
4.2821 -2.2721 -3.6838 80 200 120
3.2820 -3.3000 -4.7586 80 200 120
4.1557 -3.3412 -4.4908 80 200 120
4.2323 -3.1323 -3.7400 80 200 120
4.2965 -3.1004 -4.7865 80 200 120
0.7150 -4.3658 -4.7025 80 200 120
2.7330 -6.8000 -2.9590 80 200 120
4.2922 -3.1411 -4.3986 80 200 120
1.9139 -2.4254 -4.4440 80 200 120
0.0205 -4.6534 -4.5917 80 200 120
4.6591 -0.6086 -3.8457 80 200 120
2.3756 -2.1272 -4.1531 80 200 120
2.9362 -5.4572 -4.1691 80 200 120
-0.8820 0.0366 -2.1419 80 200 120
3.2554 -6.3160 -4.3104 80 200 120
-1.2021 2.4939 -1.6222 80 200 120
0.9782 -0.3234 -3.8711 80 200 120
3.4935 -7.1988 -4.8257 80 200 120
0.1930 2.5707 -3.3704 80 200 120
2.0103 -1.3753 -3.9331 80 200 120
2.7270 -2.2634 -4.8391 80 200 120
-1.2504 4.1147 -1.4277 80 200 120
-2.6060 -2.7086 -1.6882 80 200 120
-1.1952 2.5148 -1.6106 80 200 120
-0.6138 2.7595 -2.4956 80 200 120
-0.7355 0.9676 -3.4552 80 200 120
-3.6788 -1.6799 -2.3878 80 200 120
-0.3620 -1.3082 -3.0690 80 200 120
0.1804 2.5736 -4.0287 80 200 120
1.0828 0.0030 -3.9836 80 200 120
-1.3114 2.2763 -2.4782 80 200 120
-0.7096 2.1448 -3.7541 80 200 120
4.0761 -3.7728 -1.5974 80 200 120
4.1660 -3.4408 -1.6876 80 200 120
0.6846 2.1973 -3.3085 80 200 120
4.4339 -1.1073 -3.6392 80 200 120
4.7204 -0.7677 -3.8119 80 200 120
-0.8511 3.1751 -1.5633 80 200 120
-0.2404 2.5732 -3.1845 80 200 120
5.4817 -0.7009 -3.4930 80 200 120
7.6530 -2.1897 -1.6020 80 200 120
0.9708 -2.0057 -3.3517 80 200 120
0.6593 -3.5431 -1.4983 80 200 120
4.1936 -7.1842 -2.4615 80 200 120
3.2757 -7.5625 -1.5010 80 200 120
3.8627 -7.6139 -2.3150 80 200 120
4.3101 -7.2137 -1.5771 80 200 120
3.8360 -7.4699 -1.9247 80 200 120
4.4506 -2.6846 -3.2814 80 200 120
4.5548 -2.8929 -3.6898 80 200 120
0.8284 -2.0870 -4.8271 80 200 120
5.1571 -3.7061 -3.8429 80 200 120
4.3049 -3.2733 -3.7406 80 200 120
2.0332 -2.5409 -4.7329 80 200 120
4.8797 -3.7267 -3.6943 80 200 120
3.0412 -3.5924 -4.7994 80 200 120
7.7622 -1.7641 -1.9482 80 200 120
4.2006 -3.2282 -3.9139 80 200 120
3.2682 -3.5048 -4.7748 80 200 120
2.3503 -2.1838 -3.7857 80 200 120
1.9451 -2.3874 -4.4389 80 200 120
2.4716 -2.2134 -4.1430 80 200 120
5.1358 -6.1541 -4.7321 80 200 120
2.4461 -2.2741 -4.6387 80 200 120
0.4855 0.0945 -4.0560 80 200 120
5.3878 -5.8416 -4.7053 80 200 120
4.1256 -2.4593 -3.6975 80 200 120
2.5378 -3.0248 -4.7570 80 200 120
3.7347 -5.6061 -4.6999 80 200 120
5.1151 -5.7365 -4.7716 80 200 120
3.0245 -7.2077 -4.8545 80 200 120
5.0637 -3.8611 -4.3400 80 200 120
6.9676 -3.6719 -4.6413 80 200 120
6.7979 -3.3507 -4.7380 80 200 120
7.7878 -2.8361 -4.8093 80 200 120
2.2718 -5.1727 -4.7679 80 200 120
7.1237 -3.4062 -4.5250 80 200 120
2.7376 -7.0897 -4.7246 80 200 120
2.7463 -6.9185 -2.7253 80 200 120
4.8548 -3.7854 -3.6637 80 200 120
4.0178 -7.3413 -4.7459 80 200 120
4.0891 -4.7900 -4.7738 80 200 120
4.8852 -3.7673 -4.5189 80 200 120
6.6733 -3.0500 -4.7892 80 200 120
1.7357 -4.1294 -4.8205 80 200 120
4.7439 -2.7931 -3.7733 80 200 120
-1.2003 4.0572 -2.3031 80 200 120
0.8823 -1.0109 -3.7759 80 200 120
1.0948 2.0367 -3.3071 80 200 120
2.0083 -0.6225 -4.0592 80 200 120
0.9645 1.8702 -3.9973 80 200 120
3.2053 -2.2209 -4.1785 80 200 120
2.4695 -1.7632 -4.5888 80 200 120
3.7869 -3.5371 -4.1623 80 200 120
2.4441 -1.4516 -4.4066 80 200 120
0.7263 -2.0392 -4.8288 80 200 120
1.7986 -6.3979 -2.8781 80 200 120
-3.7759 -1.1015 -4.7413 80 200 120
0.6904 1.4854 -4.4498 80 200 120
0.2095 3.4984 -1.6606 80 200 120
-0.1398 3.5354 -2.3769 80 200 120
-2.9565 -2.7184 -2.5724 80 200 120
1.2995 -0.1552 -4.6513 80 200 120
1.7085 1.2521 -3.5556 80 200 120
2.4626 -6.9274 -2.1859 80 200 120
3.7138 -7.3241 -1.5121 80 200 120
2.8333 -7.1381 -4.2854 80 200 120
3.5489 -7.6126 -3.8217 80 200 120
3.1117 -3.2814 -1.5148 80 200 120
-2.4402 -3.1187 -1.9623 80 200 120
7.3700 -2.5779 -1.5296 80 200 120
4.8888 -5.2523 -1.5629 80 200 120
6.6526 -4.3878 -2.3492 80 200 120
6.7361 -0.8036 -1.8915 80 200 120
6.7778 -4.1637 -3.0830 80 200 120
7.5247 -1.6354 -1.9210 80 200 120
5.0952 -5.8237 -1.5161 80 200 120
3.5885 -7.4240 -1.9650 80 200 120
3.3881 -6.9949 -1.5206 80 200 120
6.6600 -2.1719 -2.8468 80 200 120
5.5779 -1.5532 -1.2390 80 200 120
3.7020 -6.8609 -1.5366 80 200 120
4.5808 -2.4663 -3.4837 80 200 120
5.1529 -3.7796 -4.3558 80 200 120
4.1370 -3.3538 -3.5108 80 200 120
-0.6318 3.6636 -4.9523 80 200 120
0.4568 2.8633 -3.2640 80 200 120
2.2668 -1.7339 -3.8673 80 200 120
3.2700 -5.2082 -4.7355 80 200 120
5.0576 -6.8537 -5.0875 80 200 120
5.3091 -3.6607 -4.3175 80 200 120
2.5193 -1.7333 -4.5873 80 200 120
2.7143 -2.2428 -4.8253 80 200 120
3.8268 -3.6265 -4.5296 80 200 120
3.3939 -5.7649 -4.1538 80 200 120
0.8059 1.0172 -4.2200 80 200 120
5.1237 -1.1165 -3.7758 80 200 120
2.7422 -0.9360 -3.1705 80 200 120
-2.2922 -2.8859 -1.6143 80 200 120
-3.3883 -2.0401 -1.6046 80 200 120
4.7249 -1.3763 -3.7302 80 200 120
-2.1155 -1.4353 -1.8411 80 200 120
4.4826 -1.5626 -3.5903 80 200 120
-1.4113 -3.9273 -3.8980 80 200 120
-0.3140 4.6086 -1.4955 80 200 120
2.0611 -6.5879 -4.7026 80 200 120
4.7428 -3.7364 -3.9332 80 200 120
3.6880 -3.5059 -4.0285 80 200 120
3.8264 -7.7750 -4.6707 80 200 120
2.4039 0.3989 -4.4624 80 200 120
4.3180 -3.2223 -4.6063 80 200 120
3.3015 -6.1846 -4.2310 80 200 120
-0.0788 -3.1491 -4.8022 80 200 120
2.4814 -6.8352 -4.7302 80 200 120
3.1550 -5.9868 -4.1953 80 200 120
4.4605 -6.8606 -4.5826 80 200 120
1.3830 -2.3702 -4.8188 80 200 120
5.7831 -1.7477 -1.6338 80 200 120
-3.3905 -2.0282 -4.3164 80 200 120
1.1622 1.6936 -4.7119 80 200 120
1.4884 2.3990 -1.5601 80 200 120
-3.6903 -2.4338 -3.1638 80 200 120
2.0864 -2.5240 -3.5615 80 200 120
2.5422 0.2469 -3.2993 80 200 120
-0.5951 -1.1207 -4.1492 80 200 120
5.1404 -0.6039 -4.0596 80 200 120
-2.9784 -0.9125 -4.6672 80 200 120
6.0149 -0.6804 -3.4989 80 200 120
-0.2203 -4.2724 -4.0938 80 200 120
-3.4728 0.2045 -2.0483 80 200 120
-1.8063 -3.1280 -4.0510 80 200 120
6.4185 -2.9237 -1.4995 80 200 120
6.6316 -2.1069 -1.4413 80 200 120
3.3159 -7.3393 -2.0215 80 200 120
6.6670 -4.0913 -4.6537 80 200 120
4.7751 -2.4334 -3.6153 80 200 120
4.3901 -2.9552 -3.6358 80 200 120
3.5764 -5.5143 -4.2683 80 200 120
1.5908 -1.6658 -3.7527 80 200 120
3.1477 -2.1588 -4.2668 80 200 120
4.6637 -3.6577 -4.3673 80 200 120
2.0326 0.4966 -3.3861 80 200 120
1.9119 0.0623 -4.2838 80 200 120
3.5978 -5.5121 -4.7509 80 200 120
6.4420 -3.0127 -4.8982 80 200 120
3.4544 -5.5173 -4.6444 80 200 120
6.4341 -0.7378 -2.5573 80 200 120
1.5401 1.1863 -3.9557 80 200 120
7.6967 -1.8163 -2.0367 80 200 120
4.8654 -4.0513 -4.1872 80 200 120
4.6718 -3.6746 -4.3542 80 200 120
3.5288 -8.0224 -3.4812 80 200 120
4.1828 -3.1203 -4.6213 80 200 120
5.0335 -3.8745 -4.0852 80 200 120
4.7833 -3.7771 -3.9151 80 200 120
3.3756 -6.1562 -4.2394 80 200 120
6.0905 -3.6768 -4.7555 80 200 120
0.5590 -4.6666 -4.9617 80 200 120
4.5384 -3.6366 -4.7045 80 200 120
-0.2537 -0.8363 -4.0490 80 200 120
3.5312 -5.6237 -4.1690 80 200 120
4.9762 -3.8958 -4.7808 80 200 120
4.4844 -3.4968 -3.6571 80 200 120
-0.8477 -4.0570 -1.6980 80 200 120
-2.7580 -0.3854 -4.5539 80 200 120
4.7940 -2.4714 -1.9257 80 200 120
1.1256 -2.4150 -3.1871 80 200 120
2.4922 1.5925 -1.4725 80 200 120
7.8082 -2.0941 -1.5364 80 200 120
0.2191 -1.3444 -4.4731 80 200 120
-0.5002 -1.1274 -1.6801 80 200 120
2.3389 -6.7288 -1.9896 80 200 120
2.3675 -2.6553 -1.5628 80 200 120
1.8374 -2.2953 -1.5665 80 200 120
0.7433 -5.5173 -1.8431 80 200 120
7.6327 -2.5359 -1.7071 80 200 120
5.3663 -4.6764 -1.5564 80 200 120
5.2617 -3.6278 -1.4460 80 200 120
7.0972 -3.7567 -2.8511 80 200 120
6.8233 -3.1554 -3.2783 80 200 120
6.1003 -1.6141 -1.7579 80 200 120
3.3676 -7.5672 -1.5736 80 200 120
6.9313 -4.1689 -2.6170 80 200 120
4.9527 -2.9818 -3.5939 80 200 120
4.7257 -3.0482 -3.6025 80 200 120
5.1793 -3.4313 -3.6023 80 200 120
1.5284 -3.5835 -4.7593 80 200 120
0.9049 -2.8253 -4.8551 80 200 120
1.3191 -3.2714 -4.7271 80 200 120
2.0321 -2.5279 -4.7385 80 200 120
1.8539 -2.3772 -4.5538 80 200 120
4.7059 -6.5344 -4.5654 80 200 120
4.9636 -6.3308 -4.6903 80 200 120
2.3782 -2.4193 -3.8110 80 200 120
5.4750 -1.6441 -3.3931 80 200 120
2.9394 -2.0351 -3.9637 80 200 120
3.6475 -3.0245 -2.9272 80 200 120
-0.1912 2.8699 -4.7082 80 200 120
1.6544 -2.2252 -4.3299 80 200 120
3.4521 -5.1514 -4.7404 80 200 120
3.1933 -5.1292 -4.7271 80 200 120
4.3401 -3.1256 -4.8917 80 200 120
0.8540 -5.6356 -4.2833 80 200 120
3.2998 -7.4900 -4.8222 80 200 120
6.5991 -4.2222 -4.6359 80 200 120
2.4731 -6.8827 -4.7499 80 200 120
2.5840 -7.0076 -2.9589 80 200 120
1.5405 -6.1772 -4.2659 80 200 120
1.9111 -5.4029 -4.7984 80 200 120
4.9699 -6.0910 -4.7987 80 200 120
6.6593 -3.0512 -4.7786 80 200 120
1.8461 -6.2879 -4.4043 80 200 120
3.0894 -1.7158 -4.0480 80 200 120
2.6564 0.7406 -3.9621 80 200 120
1.9203 1.5632 -3.5358 80 200 120
0.0506 3.8064 -1.5582 80 200 120
4.3902 -7.3475 -4.8790 80 200 120
0.2531 -5.0424 -2.8621 80 200 120
-2.1209 -3.3051 -1.5485 80 200 120
-3.6739 -2.0291 -1.5755 80 200 120
-0.4895 3.2325 -2.4687 80 200 120
3.0446 -5.6062 -4.1758 80 200 120
4.2982 -3.3607 -4.4527 80 200 120
-0.6173 2.8132 -1.5882 80 200 120
3.3739 -2.3467 -4.5192 80 200 120
0.6384 1.4533 -4.4156 80 200 120
4.2117 -3.3004 -1.8337 80 200 120
4.0763 -3.7670 -1.5673 80 200 120
7.5714 -1.9323 -2.0572 80 200 120
5.3167 -2.9697 -2.8974 80 200 120
4.1716 -3.6078 -1.6274 80 200 120
2.3425 0.3456 -4.4074 80 200 120
3.5823 -2.1501 -1.7306 80 200 120
-0.4096 -1.6533 -4.6937 80 200 120
4.5674 -1.8256 -3.4760 80 200 120
3.5722 -7.8179 -3.4405 80 200 120
3.5520 -7.5823 -3.7963 80 200 120
3.8054 -8.1772 -3.7267 80 200 120
2.3154 -4.3147 -1.5205 80 200 120
1.9466 -6.5033 -2.2741 80 200 120
1.5565 -6.1601 -4.2383 80 200 120
3.5900 -7.7131 -1.5747 80 200 120
2.0485 -4.5027 -1.5079 80 200 120
3.5373 -7.6936 -1.8657 80 200 120
8.2148 -1.9871 -2.9737 80 200 120
6.8826 -3.6420 -4.4948 80 200 120
5.4507 -3.3427 -3.8089 80 200 120
5.0460 -3.3931 -3.5543 80 200 120
6.8828 -2.5381 -4.6704 80 200 120
3.2805 -5.3304 -4.1288 80 200 120
3.5687 -5.8492 -4.2716 80 200 120
3.7217 -5.6685 -4.2462 80 200 120
3.0395 -5.1301 -4.4778 80 200 120
2.6942 -0.6825 -4.2403 80 200 120
3.3859 -5.3108 -4.6869 80 200 120
4.5387 -3.6061 -4.6975 80 200 120
4.6814 -3.7130 -4.7049 80 200 120
2.6604 0.5676 -3.9012 80 200 120
1.9305 -2.2747 -3.7151 80 200 120
0.7887 1.4911 -3.2244 80 200 120
1.1376 -0.6040 -3.9377 80 200 120
3.1565 -5.2299 -4.8017 80 200 120
3.5702 -5.4985 -4.7579 80 200 120
3.2628 -2.3274 -4.7069 80 200 120
6.6192 -3.8176 -4.7499 80 200 120
3.1761 -5.9182 -4.2064 80 200 120
2.6657 -7.0697 -2.7131 80 200 120
0.4311 -5.3432 -4.7583 80 200 120
4.1513 -3.8006 -4.6237 80 200 120
1.8276 -4.1504 -4.7733 80 200 120
5.6908 -3.5747 -4.7164 80 200 120
3.4807 -5.5931 -4.1748 80 200 120
2.0852 -3.9272 -4.7374 80 200 120
4.7671 -4.1912 -3.7765 80 200 120
6.6795 -3.4491 -4.6310 80 200 120
3.8192 -3.5215 -4.7121 80 200 120
3.5644 -5.8585 -4.2574 80 200 120
3.1887 -1.1385 -3.9957 80 200 120
2.6736 -7.1577 -4.8412 80 200 120
3.3641 -6.5151 -4.6438 80 200 120
4.7224 -3.7868 -3.8893 80 200 120
2.8144 0.7510 -3.5060 80 200 120
4.5777 -2.1810 -3.5202 80 200 120
5.3573 -1.8810 -4.1679 80 200 120
6.8012 -1.9005 -1.5613 80 200 120
2.1596 -2.6067 -3.6000 80 200 120
2.8270 0.6272 -3.4919 80 200 120
0.0091 -1.0075 -3.9324 80 200 120
2.6252 0.8310 -4.0210 80 200 120
2.1918 -2.1976 -3.5881 80 200 120
-3.8187 -1.9020 -3.8062 80 200 120
-1.7276 -1.4554 -4.7680 80 200 120
-0.2623 -0.8809 -4.7112 80 200 120
-3.1017 -1.1019 -3.8228 80 200 120
-0.8384 -1.1398 -2.9815 80 200 120
3.7984 -7.8800 -2.6015 80 200 120
2.9951 -7.3118 -2.7476 80 200 120
3.3210 -7.5447 -3.1901 80 200 120
-3.1919 -2.1068 -3.4937 80 200 120
-2.8944 -2.8249 -3.2293 80 200 120
2.6474 -7.0636 -2.2644 80 200 120
1.3668 -6.0593 -3.6637 80 200 120
2.4779 -7.0522 -3.3364 80 200 120
1.0482 -4.6592 -1.5160 80 200 120
5.6361 -3.1963 -1.5511 80 200 120
7.6230 -1.5570 -2.6373 80 200 120
4.5841 -7.0381 -2.0270 80 200 120
10.3260 3.5515 -2.6041 80 200 120
6.7613 -4.1517 -3.1200 80 200 120
5.6945 -5.4668 -2.6418 80 200 120
4.5293 -6.0228 -1.5474 80 200 120
3.0191 -7.2310 -1.6006 80 200 120
5.5535 -5.6476 -1.7201 80 200 120
3.7555 -7.7920 -1.8557 80 200 120
7.0938 -2.4528 -4.8152 80 200 120
3.6607 -2.6818 -3.9375 80 200 120
0.3269 -0.9861 -4.4841 80 200 120
3.3873 -2.8865 -4.7784 80 200 120
3.8402 -3.6198 -4.0755 80 200 120
4.4745 -3.5344 -4.7648 80 200 120
2.8765 -5.4110 -4.2322 80 200 120
4.5676 -3.7955 -4.5456 80 200 120
1.3518 -4.5266 -4.8770 80 200 120
3.5852 -7.6858 -3.4111 80 200 120
3.5922 -3.4456 -4.7014 80 200 120
-0.0913 4.1981 -1.5013 80 200 120
-3.1110 -0.7297 -2.0673 80 200 120
4.5841 -3.1743 -3.6657 80 200 120
3.4984 -2.5298 -4.8065 80 200 120
3.7315 -2.7852 -3.8595 80 200 120
3.3837 -2.9015 -4.7992 80 200 120
-0.6832 -0.9151 -3.4191 80 200 120
2.6477 -5.6071 -4.2542 80 200 120
4.2849 -3.3643 -4.1188 80 200 120
4.2340 -3.6307 -4.1402 80 200 120
0.1134 -5.0592 -2.8579 80 200 120
3.8059 -3.1519 -3.8737 80 200 120
-3.5124 -2.0611 -1.6239 80 200 120
-2.1589 -3.3221 -1.5832 80 200 120
2.2351 -0.5341 -4.1740 80 200 120
2.3015 0.4442 -4.4545 80 200 120
4.3012 -3.3299 -1.8941 80 200 120
3.7779 -3.3154 -2.3432 80 200 120
5.1828 -0.6231 -4.0533 80 200 120
-0.8864 -0.8362 -3.6944 80 200 120
-3.3483 -1.4790 -3.4239 80 200 120
1.1834 3.0659 -2.6184 80 200 120
-0.8695 -4.1522 -1.6069 80 200 120
-2.8510 -0.4050 -3.7579 80 200 120
2.9326 1.6842 -2.7888 80 200 120
7.5412 -2.2586 -1.6091 80 200 120
4.2905 -3.3645 -2.0771 80 200 120
1.1525 -2.9511 -1.5387 80 200 120
2.6484 -6.1334 -1.5082 80 200 120
-1.2552 -4.3608 -3.8504 80 200 120
-3.4242 -3.2086 -2.4888 80 200 120
3.7181 -7.7832 -3.1033 80 200 120
4.8624 -6.1887 -1.5083 80 200 120
5.8056 -3.8418 -3.0076 80 200 120
6.6871 -3.9957 -2.8839 80 200 120
3.8096 -7.9268 -2.2614 80 200 120
3.1638 -7.4965 -1.5471 80 200 120
4.5173 -3.0447 -3.5704 80 200 120
5.1404 -3.1175 -3.5584 80 200 120
3.1149 -0.4875 -4.0939 80 200 120
3.1144 -5.1089 -4.6449 80 200 120
1.8745 -2.1655 -3.7439 80 200 120
1.8231 1.9905 -3.4469 80 200 120
1.4811 -3.5802 -4.7633 80 200 120
4.2966 -3.3302 -4.0467 80 200 120
3.7694 -5.5654 -4.4207 80 200 120
3.7995 -3.4395 -3.3464 80 200 120
3.7056 -5.6932 -4.3681 80 200 120
3.7376 -3.0411 -2.9144 80 200 120
3.4073 -5.4445 -4.5698 80 200 120
4.2694 -2.8474 -2.2052 80 200 120
5.1673 -6.1283 -4.7199 80 200 120
6.6928 -3.4336 -4.6463 80 200 120
3.0884 -5.6140 -4.1660 80 200 120
6.7103 -3.0188 -4.8091 80 200 120
5.4136 -3.5241 -4.4891 80 200 120
4.0619 -3.8368 -4.6282 80 200 120
3.3083 -6.1754 -4.2462 80 200 120
-0.5114 -1.1700 -1.6910 80 200 120
-0.1853 -4.7210 -1.5971 80 200 120
4.7716 -3.7084 -3.9577 80 200 120
4.6330 -3.5707 -3.6198 80 200 120
4.9546 -3.9128 -4.7158 80 200 120
6.6617 -2.1947 -6.5563 80 200 120
6.9712 -1.9851 -7.5580 80 200 120
3.4463 -0.8883 -4.0000 80 200 120
5.0578 -3.6674 -3.7854 80 200 120
4.8183 -3.5608 -3.6218 80 200 120
5.0071 -3.5229 -3.6794 80 200 120
1.6233 -6.4910 -2.8993 80 200 120
4.8159 -2.1373 -2.2149 80 200 120
0.8892 1.0497 -4.3172 80 200 120
1.0379 1.9740 -4.8745 80 200 120
-2.4223 -0.4639 -1.5783 80 200 120
3.1667 1.0833 -3.4575 80 200 120
-3.7939 -1.2412 -4.7343 80 200 120
3.3186 -0.0348 -4.2617 80 200 120
1.8539 -6.4189 -3.0895 80 200 120
1.1507 -5.7223 -3.8523 80 200 120
3.0534 -7.4259 -2.2223 80 200 120
3.0339 -7.3445 -3.5197 80 200 120
0.2002 -2.5778 -1.5725 80 200 120
3.5937 -7.7336 -3.4153 80 200 120
1.9100 -4.1106 -1.4840 80 200 120
6.5203 -2.0957 -1.7884 80 200 120
6.8355 -1.8078 -1.5656 80 200 120
6.0318 -3.8337 -2.8222 80 200 120
5.6024 -1.6144 -1.8154 80 200 120
6.8930 -3.2412 -4.8578 80 200 120
0.9684 -3.6343 -4.7767 80 200 120
1.0079 -3.8974 -4.9168 80 200 120
0.4446 -2.8433 -4.7102 80 200 120
2.6220 1.2598 -3.4241 80 200 120
3.0577 -5.1430 -4.2861 80 200 120
3.5275 -2.5958 -4.7644 80 200 120
-0.1130 -0.9031 -4.7770 80 200 120
3.6580 -2.0771 -3.5668 80 200 120
0.2547 0.3331 -3.7062 80 200 120
5.1762 -6.1818 -4.7554 80 200 120
4.9088 -6.4217 -4.6628 80 200 120
0.8471 -2.0223 -4.8303 80 200 120
3.4042 -2.1274 -3.8842 80 200 120
4.5953 -6.6978 -4.5947 80 200 120
1.0302 -2.9253 -4.7716 80 200 120
1.0084 2.2673 -3.4109 80 200 120
3.7554 -7.2952 -4.7691 80 200 120
3.9035 -3.6836 -4.8216 80 200 120
3.8524 -3.7253 -4.4534 80 200 120
0.5954 -4.9489 -4.8277 80 200 120
4.1541 -3.5294 -4.6860 80 200 120
2.9185 -5.4092 -4.2324 80 200 120
5.6342 -3.5770 -4.6766 80 200 120
3.4211 -6.9775 -4.7750 80 200 120
1.0914 -5.8140 -4.4089 80 200 120
1.9186 -6.4944 -4.7162 80 200 120
-0.1211 -0.9977 -4.0747 80 200 120
4.6575 -3.6781 -4.2285 80 200 120
0.8531 1.8941 -1.7830 80 200 120
4.2851 -4.7777 -4.7961 80 200 120
5.1043 -1.1712 -3.7935 80 200 120
3.8201 -3.2197 -3.4437 80 200 120
-2.3902 -3.2143 -1.5056 80 200 120
3.5554 -2.2494 -3.8545 80 200 120
3.8126 -2.8167 -4.3757 80 200 120
4.1548 -3.5287 -2.3240 80 200 120
4.1857 -3.4583 -2.2786 80 200 120
-3.2419 -2.2830 -4.1572 80 200 120
1.1421 1.6826 -4.0056 80 200 120
-0.8604 -0.6628 -4.9919 80 200 120
3.8301 -3.2888 -2.2937 80 200 120
0.4101 -1.1594 -4.9872 80 200 120
-2.9275 -2.6314 -3.1229 80 200 120
2.6482 -7.0287 -1.8898 80 200 120
-2.9751 -2.6365 -2.9005 80 200 120
2.6005 -7.0140 -2.4311 80 200 120
0.2895 -5.2777 -3.1256 80 200 120
2.8930 -7.2383 -3.5686 80 200 120
4.3436 -7.2576 -1.5723 80 200 120
2.0487 -6.5184 -1.5808 80 200 120
2.7500 -7.2770 -3.2730 80 200 120
4.4178 -6.7545 -1.5295 80 200 120
5.5889 -2.7820 -1.5279 80 200 120
4.4145 -4.4638 -1.5273 80 200 120
5.4510 -5.6187 -1.5821 80 200 120
5.5683 -4.1033 -2.9771 80 200 120
4.1800 -3.6532 -1.6263 80 200 120
4.0760 -3.7771 -1.5943 80 200 120
4.4909 -3.1188 -3.4997 80 200 120
1.6245 -4.7224 -4.7052 80 200 120
-0.6416 -1.3694 -4.8079 80 200 120
-0.5379 -1.8174 -4.8145 80 200 120
0.6251 1.5166 -4.3048 80 200 120
3.3297 -5.2265 -4.4166 80 200 120
3.6014 -5.8321 -4.2979 80 200 120
0.1505 -0.4133 -3.6158 80 200 120
0.2688 1.4830 -3.1169 80 200 120
3.1329 -5.1710 -4.3716 80 200 120
2.9888 -5.0979 -4.3489 80 200 120
4.7542 -4.2430 -3.9376 80 200 120
0.3170 -5.3140 -4.8425 80 200 120
3.2672 -5.2320 -4.3296 80 200 120
7.1290 -3.3686 -4.4845 80 200 120
3.8219 -7.8345 -1.6121 80 200 120
-0.7916 3.2205 -1.5913 80 200 120
-3.4577 -1.6005 -1.5652 80 200 120
-0.4654 -0.6410 -1.8235 80 200 120
-0.6028 -1.1159 -1.8988 80 200 120
2.7379 -7.0171 -4.6918 80 200 120
2.1210 -2.4489 -3.6924 80 200 120
-0.3422 -4.9513 -1.5212 80 200 120
5.1158 -1.0637 -3.7783 80 200 120
-0.0203 -0.5924 -4.6449 80 200 120
2.8072 -1.8899 -4.4904 80 200 120
-2.4775 -1.3355 -1.6865 80 200 120
-3.7223 -1.4730 -1.5093 80 200 120
0.6253 -2.4940 -1.4959 80 200 120
2.4626 -6.9068 -1.7653 80 200 120
-2.9264 -2.1545 -2.1802 80 200 120
1.7091 -6.0930 -3.7532 80 200 120
3.5882 -7.5578 -2.8942 80 200 120
1.1813 -5.6960 -3.8110 80 200 120
7.5443 -3.6984 -1.6570 80 200 120
7.7320 -1.8514 -2.0686 80 200 120
6.5388 -3.4225 -1.5037 80 200 120
5.8681 -4.5445 -1.4294 80 200 120
3.6052 -7.7033 -1.5875 80 200 120
7.8552 -2.3762 -2.8553 80 200 120
6.9894 -4.0553 -3.1064 80 200 120
7.5919 -3.6387 -2.9246 80 200 120
2.8964 -7.3270 -1.5277 80 200 120
7.4967 -2.2285 -3.9406 80 200 120
4.2841 -3.2054 -3.4525 80 200 120
3.8245 -3.3115 -4.3920 80 200 120
3.0549 -5.1297 -4.3068 80 200 120
5.2093 -6.0636 -4.7508 80 200 120
4.6763 -7.1319 -5.0344 80 200 120
4.8235 -6.8662 -4.9628 80 200 120
0.9645 -3.5973 -4.7674 80 200 120
3.8122 -2.8536 -4.3229 80 200 120
3.5831 -5.5044 -4.6724 80 200 120
-0.3311 -0.6469 -4.8635 80 200 120
4.5572 -8.0328 -5.6116 80 200 120
1.5949 -4.2878 -4.6709 80 200 120
4.9756 -6.5066 -4.8277 80 200 120
0.8777 -5.5621 -4.6724 80 200 120
2.4714 -4.3748 -4.7629 80 200 120
3.8604 -3.5025 -4.8255 80 200 120
3.4588 -6.0011 -4.2836 80 200 120
2.7228 -1.4197 -4.7680 80 200 120
5.5146 -3.3905 -5.0002 80 200 120
-0.0091 3.9248 -1.4810 80 200 120
-0.2098 2.5941 -2.4482 80 200 120
5.2503 -3.4844 -4.5585 80 200 120
2.9212 -5.8326 -4.1740 80 200 120
3.8272 -3.4491 -4.2146 80 200 120
4.3319 -3.1709 -3.9215 80 200 120
-1.1073 -4.0470 -1.6225 80 200 120
4.0901 0.5825 -3.1426 80 200 120
-0.4243 -0.6540 -4.1843 80 200 120
5.0888 -1.6993 -3.4770 80 200 120
-3.0159 6.5683 0.0052 80 200 120
3.5470 1.0190 -3.8721 80 200 120
5.1294 -1.6514 -3.1162 80 200 120
3.3379 1.4874 -1.5603 80 200 120
-0.6836 -0.8381 -4.8693 80 200 120
-0.2416 -2.3506 -4.2106 80 200 120
-0.9251 -3.1997 -3.3260 80 200 120
-0.4055 -1.6337 -4.6664 80 200 120
-2.2335 -0.5782 -4.4724 80 200 120
-0.8041 -4.4404 -2.9828 80 200 120
7.2615 -1.7191 -1.6606 80 200 120
7.7321 -2.3305 -1.9996 80 200 120
5.6217 -2.7531 -1.5407 80 200 120
3.4131 -6.9717 -1.5456 80 200 120
5.1545 -6.2899 -1.6217 80 200 120
4.0229 -7.6875 -1.7592 80 200 120
6.1615 -2.3362 -2.0634 80 200 120
4.1721 -5.0262 -2.6641 80 200 120
4.5036 -3.8885 -1.6097 80 200 120
4.8928 -5.6914 -1.4891 80 200 120
3.5379 -7.6726 -1.8407 80 200 120
3.7632 -7.8515 -1.7964 80 200 120
4.4094 -3.2633 -3.4711 80 200 120
0.2392 2.5116 -3.3264 80 200 120
5.1509 -6.3291 -4.8477 80 200 120
4.6378 -6.7671 -4.6679 80 200 120
2.9798 -5.0713 -4.3174 80 200 120
2.6166 -5.5512 -4.3457 80 200 120
4.5356 -2.6669 -5.4828 80 200 120
4.9896 -3.4831 -5.1250 80 200 120
0.5424 -5.3272 -4.7013 80 200 120
4.4779 -6.9681 -4.6335 80 200 120
2.4360 -7.2112 -3.0037 80 200 120
4.1143 -3.8086 -4.5861 80 200 120
3.2590 -5.1396 -4.3743 80 200 120
-2.5165 -2.7837 -3.0632 80 200 120
-0.9994 1.9112 -1.9953 80 200 120
3.8720 -3.2704 -3.5260 80 200 120
3.0779 -5.1427 -4.3578 80 200 120
3.6760 -2.5861 -3.7881 80 200 120
3.8555 -3.1141 -3.3807 80 200 120
0.4682 -1.0452 -4.5303 80 200 120
-0.8321 -1.3148 -4.5752 80 200 120
3.6848 -0.1772 -4.1391 80 200 120
8.2429 0.9608 -3.6022 80 200 120
0.4803 -0.6431 -3.7983 80 200 120
1.7221 2.8666 -2.0182 80 200 120
3.8568 -3.0157 -2.1578 80 200 120
-0.8123 -2.2516 -4.8916 80 200 120
-1.8448 -1.9173 -4.8572 80 200 120
0.4445 -0.9129 -5.1134 80 200 120
-3.4059 -1.4802 -3.3786 80 200 120
-2.3341 -2.4701 -4.2059 80 200 120
-3.0254 -0.7671 -1.5835 80 200 120
-3.7326 -1.8631 -2.0867 80 200 120
2.9200 -6.8287 -1.5153 80 200 120
1.9653 -6.6258 -3.0141 80 200 120
0.7653 -3.2431 -1.5394 80 200 120
1.0857 -5.7757 -1.5656 80 200 120
0.3987 -2.2495 -1.4320 80 200 120
0.6231 -5.4090 -2.7475 80 200 120
2.8087 -7.1869 -2.3102 80 200 120
2.4806 -7.0531 -3.3378 80 200 120
2.8548 -7.2997 -3.6075 80 200 120
4.1123 -7.2656 -2.5350 80 200 120
1.7337 -6.3718 -2.9432 80 200 120
2.1492 -6.6660 -2.5388 80 200 120
7.4760 -3.6460 -1.9978 80 200 120
7.5601 -1.7082 -2.5933 80 200 120
8.8235 -1.8843 -3.7261 80 200 120
6.3034 -4.9345 -2.8418 80 200 120
5.8166 -1.5663 -1.4922 80 200 120
2.9116 -7.3914 -1.5005 80 200 120
2.9628 -6.7312 -1.5758 80 200 120
6.0789 -4.7414 -3.5395 80 200 120
6.9481 -4.0811 -3.1042 80 200 120
6.5749 -4.6163 -2.4569 80 200 120
4.4245 -7.0397 -1.5445 80 200 120
4.2220 -3.5291 -3.9960 80 200 120
4.5986 -3.7249 -4.6579 80 200 120
1.0268 -2.8487 -4.8061 80 200 120
3.8462 -3.4428 -3.4761 80 200 120
3.9004 -2.5484 -3.5298 80 200 120
0.3756 -0.8105 -3.7027 80 200 120
2.6727 -5.5642 -4.2568 80 200 120
1.5638 -4.2910 -4.6849 80 200 120
2.1355 -2.2323 -3.7672 80 200 120
1.0320 -5.6309 -4.6495 80 200 120
2.9934 -4.0372 -4.7859 80 200 120
6.5138 -2.1870 -6.0012 80 200 120
6.3274 -3.1624 -4.7735 80 200 120
3.9832 -3.8699 -4.6515 80 200 120
4.2907 -4.7965 -4.7835 80 200 120
4.7464 -3.9512 -4.2554 80 200 120
4.1461 -4.2331 -4.8379 80 200 120
3.6132 -6.5470 -4.7682 80 200 120
4.3318 -4.2605 -4.7507 80 200 120
2.8874 -7.2167 -3.5574 80 200 120
2.8754 -5.8444 -4.3345 80 200 120
5.4205 -4.2092 -4.8432 80 200 120
4.9271 -3.9208 -4.6952 80 200 120
1.1208 2.8681 -1.5838 80 200 120
3.9093 -2.8601 -3.2433 80 200 120
2.6303 0.8112 -4.0107 80 200 120
-2.3128 -2.7448 -1.7914 80 200 120
3.9000 -3.2229 -4.5131 80 200 120
4.3456 -3.2557 -2.2412 80 200 120
1.6896 -1.8756 -3.8100 80 200 120
-2.7530 0.1866 -2.1531 80 200 120
-3.2394 -1.4777 -4.6288 80 200 120
0.0264 -1.5432 -4.4742 80 200 120
1.2319 0.2062 -4.1182 80 200 120
2.3400 -0.3482 -4.2765 80 200 120
-3.3017 -0.7986 -4.5994 80 200 120
2.7374 0.3769 -4.1909 80 200 120
-0.1774 2.2998 -3.1269 80 200 120
-1.8572 -1.3807 -4.7894 80 200 120
-0.0687 -1.6827 -3.9412 80 200 120
1.5611 1.6905 -3.3304 80 200 120
2.7339 -0.8100 -4.2933 80 200 120
0.3438 -1.0177 -4.4705 80 200 120
0.0628 -4.9926 -1.6064 80 200 120
1.3287 1.2332 -3.7805 80 200 120
2.3159 -6.7769 -1.5533 80 200 120
1.7932 -6.3326 -1.6895 80 200 120
0.1370 -4.3747 -1.5248 80 200 120
-0.4756 -3.1164 -1.4883 80 200 120
0.9960 -5.7034 -2.6478 80 200 120
1.5599 -6.1768 -3.2770 80 200 120
3.3439 -7.5108 -3.1822 80 200 120
2.1576 -6.6763 -2.0671 80 200 120
2.4967 -6.9754 -3.1232 80 200 120
2.4546 -6.9273 -2.4986 80 200 120
3.1421 -7.4601 -1.8543 80 200 120
7.2897 -3.2716 -1.5254 80 200 120
6.9475 -0.4451 -2.8308 80 200 120
6.5980 -3.8045 -1.5463 80 200 120
6.1364 -4.4542 -1.4811 80 200 120
6.8444 -1.9842 -3.3056 80 200 120
5.9968 -2.0363 -2.8421 80 200 120
6.0547 -1.7558 -2.4015 80 200 120
6.4832 -0.9483 -1.6078 80 200 120
6.5814 -3.7548 -3.3360 80 200 120
5.0618 -2.1603 -1.8220 80 200 120
4.4213 -5.9224 -1.5044 80 200 120
6.1646 -4.2889 -2.7893 80 200 120
6.5544 -3.7486 -3.6748 80 200 120
5.8096 -5.4568 -2.6363 80 200 120
6.2544 -4.2787 -3.4418 80 200 120
5.6194 -1.5240 -2.2501 80 200 120
5.5525 -4.2567 -1.4247 80 200 120
7.0202 -3.7487 -4.7041 80 200 120
4.0790 0.5793 -3.1252 80 200 120
4.9318 -3.9180 -4.6545 80 200 120
-0.6579 3.8190 -2.2916 80 200 120
0.7511 -4.1011 -4.7027 80 200 120
3.7194 -2.2174 -3.8278 80 200 120
4.2750 -7.1579 -4.6119 80 200 120
4.3457 -5.5503 -4.7479 80 200 120
1.2198 -5.8806 -4.7524 80 200 120
1.3827 -4.5227 -4.8640 80 200 120
0.6202 -4.9522 -4.7963 80 200 120
6.6836 -3.8039 -4.4176 80 200 120
3.8448 -3.6744 -4.6859 80 200 120
7.0594 -1.8761 -6.8953 80 200 120
1.0706 1.7462 -3.9127 80 200 120
0.2269 -1.9018 -2.5142 80 200 120
3.8676 -0.8874 -3.9799 80 200 120
4.3789 -7.3630 -4.8680 80 200 120
2.4778 -6.9011 -4.7627 80 200 120
2.7566 -6.9384 -4.5934 80 200 120
4.6369 -3.7023 -4.1959 80 200 120
4.3405 -3.3196 -2.2482 80 200 120
4.3930 -3.3213 -2.0998 80 200 120
4.6168 -2.4555 -3.4002 80 200 120
5.6666 -1.0548 -3.4691 80 200 120
6.3762 -0.8595 -2.5255 80 200 120
0.5280 -5.3523 -2.2141 80 200 120
3.1991 -1.7290 -3.9433 80 200 120
-1.8661 -2.8910 -3.3479 80 200 120
3.8309 -3.5180 -3.0262 80 200 120
2.4365 -2.1532 -3.9323 80 200 120
2.2610 -1.5557 -3.7191 80 200 120
2.1191 -2.0519 -3.8380 80 200 120
0.1977 0.7730 -3.8000 80 200 120
4.3015 -1.1306 -1.7438 80 200 120
0.4033 -1.7513 -4.8343 80 200 120
4.4591 0.1600 -2.9171 80 200 120
0.7441 -0.9516 -4.1469 80 200 120
2.1983 -6.1379 -1.5085 80 200 120
3.5929 -7.7990 -3.4355 80 200 120
3.6522 -7.8653 -3.1092 80 200 120
-1.6786 -3.5160 -1.9832 80 200 120
2.7678 -7.1255 -2.5250 80 200 120
2.9933 -7.3022 -3.4961 80 200 120
-0.0095 -5.0320 -2.8816 80 200 120
-0.2920 -4.5670 -2.9468 80 200 120
6.6116 -4.0824 -2.3870 80 200 120
2.6889 -7.0392 -1.5588 80 200 120
4.1332 -3.5574 -3.1534 80 200 120
4.6412 -3.1199 -3.4644 80 200 120
-0.6676 3.8939 -1.5655 80 200 120
3.0656 -5.1016 -4.4361 80 200 120
3.6367 -0.2722 -4.0663 80 200 120
-0.3398 4.8871 -1.4347 80 200 120
0.1549 -0.6436 -4.5483 80 200 120
-0.6368 -1.0656 -4.5889 80 200 120
0.2669 -1.3161 -3.9518 80 200 120
4.9447 -6.3191 -4.8487 80 200 120
4.6444 -3.9117 -4.9367 80 200 120
2.3446 -6.3071 -4.7865 80 200 120
2.9715 -5.0568 -4.4631 80 200 120
2.5851 -6.9914 -2.9634 80 200 120
4.4650 -3.0284 -3.6788 80 200 120
4.0120 -2.5162 -3.3303 80 200 120
3.8721 -3.2163 -3.4313 80 200 120
3.7186 -5.6557 -4.2211 80 200 120
-0.3643 -1.3730 -1.9510 80 200 120
-0.3238 -0.7287 -1.8655 80 200 120
-3.3592 -2.1115 -1.9119 80 200 120
-2.9800 0.3848 -2.1830 80 200 120
3.5581 -3.0973 -4.8028 80 200 120
-0.2657 2.1834 -1.7027 80 200 120
0.7242 -4.6345 -4.8463 80 200 120
3.6338 -5.5450 -4.2139 80 200 120
-1.5887 -3.4386 -3.1523 80 200 120
-3.0583 -0.1763 -2.7459 80 200 120
-3.1341 -1.9507 -2.3884 80 200 120
-0.0635 -1.0274 -3.4672 80 200 120
1.5657 -1.9720 -4.2530 80 200 120
3.5741 -2.5030 -3.9119 80 200 120
3.6985 -2.7062 -3.6406 80 200 120
10.2982 -0.1523 -0.9185 80 200 120
3.6931 -0.4139 -4.0719 80 200 120
-0.4334 -1.6414 -4.7095 80 200 120
1.0022 -1.6263 -4.7799 80 200 120
-2.5966 -0.5325 -4.4686 80 200 120
4.0127 -4.0061 -2.7539 80 200 120
1.6000 -6.1206 -3.0123 80 200 120
3.1244 -7.4291 -2.5770 80 200 120
-3.6639 -2.9325 -3.3531 80 200 120
3.2187 -7.3739 -3.0633 80 200 120
6.4124 -3.8950 -2.3920 80 200 120
4.8760 -6.6455 -1.7434 80 200 120
7.0917 -1.6766 -2.8817 80 200 120
6.3131 0.4452 -1.8501 80 200 120
5.1212 -4.8698 -2.7932 80 200 120
4.2718 -3.7397 -2.0301 80 200 120
2.7814 -7.1707 -1.7459 80 200 120
3.7239 -7.2929 -1.5128 80 200 120
3.5496 -7.6979 -1.8302 80 200 120
5.2666 -3.5458 -3.5751 80 200 120
4.2850 -3.4701 -3.1242 80 200 120
-0.1306 -0.8508 -3.5346 80 200 120
0.6931 -4.3533 -4.6162 80 200 120
0.7207 -4.0893 -4.7151 80 200 120
4.3115 -3.2897 -2.2023 80 200 120
-0.5242 -1.6981 -4.7091 80 200 120
1.5083 -4.2572 -4.7355 80 200 120
5.4202 -5.8855 -4.7600 80 200 120
3.8335 -7.9137 -4.7785 80 200 120
3.7362 -5.7086 -4.2122 80 200 120
3.6520 -5.5076 -4.1703 80 200 120
4.1675 -4.9289 -4.8254 80 200 120
2.9422 -5.3905 -4.1886 80 200 120
3.3252 -6.6415 -4.7829 80 200 120
2.8308 -6.7263 -4.8035 80 200 120
4.7232 -3.7069 -4.7696 80 200 120
4.5961 -5.4434 -4.7955 80 200 120
4.2584 -3.4163 -4.5130 80 200 120
3.3285 -6.1482 -4.2364 80 200 120
-2.2929 -3.1669 -1.4957 80 200 120
-2.2663 2.7854 -1.4212 80 200 120
3.2749 -4.7040 -4.8172 80 200 120
0.2145 -5.0765 -2.8797 80 200 120
-0.3353 -4.6536 -1.6213 80 200 120
3.6009 -5.8157 -4.2806 80 200 120
2.7169 -7.0673 -4.7292 80 200 120
0.3420 2.2835 -3.3557 80 200 120
1.2839 1.6108 -3.3128 80 200 120
4.3621 -3.3925 -2.0969 80 200 120
4.3834 -3.3700 -2.0555 80 200 120
-1.8115 -3.0050 -4.1852 80 200 120
0.4221 -1.0219 -4.4872 80 200 120
6.7541 -1.0994 -3.2925 80 200 120
-2.1621 -2.0773 -4.4840 80 200 120
6.7504 -2.1882 -1.7207 80 200 120
-0.2379 -1.2796 -4.6362 80 200 120
4.3077 -1.2097 -3.5949 80 200 120
2.3213 -1.9032 -3.6634 80 200 120
4.1010 0.4087 -3.9918 80 200 120
2.3869 -2.7239 -3.5941 80 200 120
7.2395 -2.2213 -2.0694 80 200 120
8.7345 -1.9376 -1.4200 80 200 120
2.5368 0.8060 -4.7260 80 200 120
0.0364 3.9468 -1.6199 80 200 120
0.3898 -5.0955 -2.8498 80 200 120
-1.4318 2.5820 -2.3781 80 200 120
-0.9741 -4.1740 -1.6400 80 200 120
2.7246 0.6626 -4.1399 80 200 120
2.0695 -3.2384 -1.4863 80 200 120
-0.4628 -4.6177 -3.0984 80 200 120
2.2660 -6.7497 -2.5404 80 200 120
-2.3771 -3.9506 -2.3224 80 200 120
1.2746 -5.9153 -2.9264 80 200 120
2.4494 -6.7976 -2.8713 80 200 120
1.3208 -6.0432 -3.3479 80 200 120
-2.0609 -3.1583 -2.4968 80 200 120
2.4567 -7.0965 -3.3764 80 200 120
2.0979 -6.6939 -3.4655 80 200 120
5.5567 -5.6254 -2.1601 80 200 120
7.5015 -2.3040 -1.3899 80 200 120
6.3817 -4.6742 -1.7772 80 200 120
6.5128 -4.2957 -1.5253 80 200 120
6.0441 -4.0269 -1.4681 80 200 120
5.8595 -5.1904 -2.5362 80 200 120
2.9326 -7.3713 -1.5080 80 200 120
4.0624 -3.9340 -2.2743 80 200 120
6.6814 -3.6745 -3.7067 80 200 120
4.9855 -4.6550 -1.5087 80 200 120
4.1421 -3.5688 -3.0535 80 200 120
0.2727 -3.6955 -4.7298 80 200 120
4.0817 -2.0877 -3.4016 80 200 120
3.1456 -5.1136 -4.4413 80 200 120
3.8599 -4.4861 -3.2949 80 200 120
3.6173 -5.8109 -4.3749 80 200 120
3.3413 -6.1644 -4.2993 80 200 120
4.8006 -5.3089 -4.7946 80 200 120
3.4017 -7.6541 -4.4688 80 200 120
0.6898 -5.5705 -4.8228 80 200 120
2.6442 -5.6075 -4.2908 80 200 120
6.7868 -3.3845 -4.6981 80 200 120
4.3593 -3.2153 -3.6258 80 200 120
4.0686 -3.8732 -3.7670 80 200 120
4.3608 -0.5392 -3.7931 80 200 120
4.7493 -6.7879 -4.8140 80 200 120
-0.4650 -2.4701 -4.7454 80 200 120
4.8110 -2.6511 -2.1726 80 200 120
-0.7914 -3.8271 -4.0170 80 200 120
3.3221 -0.9206 -3.9211 80 200 120
1.7071 1.1227 -3.3601 80 200 120
2.2929 -0.1421 -4.3454 80 200 120
0.4086 0.2005 -3.7340 80 200 120
1.0339 3.2531 -2.5624 80 200 120
1.2781 1.2027 -3.8278 80 200 120
0.5314 -5.3626 -1.5842 80 200 120
0.9441 -2.8326 -3.1577 80 200 120
1.0726 -2.4225 -3.6281 80 200 120
3.6455 -7.8960 -1.8252 80 200 120
4.2251 -7.2587 -1.5490 80 200 120
3.8280 -8.0915 -2.5916 80 200 120
6.2843 -4.7111 -1.5179 80 200 120
7.8588 -1.9004 -1.6425 80 200 120
2.6930 -6.9646 -1.5924 80 200 120
6.4241 -1.2275 -2.3919 80 200 120
5.3984 -6.0818 -2.9947 80 200 120
4.2283 -3.5144 -3.4523 80 200 120
4.1677 -3.5347 -3.4521 80 200 120
2.4397 -6.8131 -4.7608 80 200 120
0.1963 3.5188 -1.5794 80 200 120
4.7615 -7.9220 -5.6622 80 200 120
4.7430 -6.9765 -4.9027 80 200 120
2.6255 -5.6162 -4.3041 80 200 120
-0.2206 -0.9006 -4.1363 80 200 120
3.6030 -5.6659 -4.2086 80 200 120
5.7362 -5.6067 -4.8316 80 200 120
4.4362 -7.2142 -4.1025 80 200 120
4.7598 -4.9578 -4.7828 80 200 120
7.1231 -2.5046 -5.3523 80 200 120
1.2999 -5.1435 -4.7425 80 200 120
2.9643 -5.4023 -4.1587 80 200 120
4.4821 -3.6519 -4.9505 80 200 120
3.9065 -3.2940 -3.5419 80 200 120
0.1090 -1.8836 -2.0143 80 200 120
2.9064 0.7069 -4.6595 80 200 120
0.1335 -1.3609 -1.8660 80 200 120
2.9097 -5.8458 -4.4713 80 200 120
-2.0939 -3.1163 -1.6666 80 200 120
0.1493 0.9784 -1.7736 80 200 120
3.6959 -2.5677 -4.2137 80 200 120
3.1174 -6.0266 -4.2682 80 200 120
-3.3182 -2.1336 -1.7170 80 200 120
3.8060 -3.2290 -3.4340 80 200 120
4.4252 -1.3289 -2.1750 80 200 120
2.6628 -1.3052 -4.7939 80 200 120
-1.5045 -0.5503 -5.3357 80 200 120
0.2867 -1.1970 -5.1166 80 200 120
-1.0315 -1.3915 -4.2411 80 200 120
-0.0952 -4.9650 -1.5742 80 200 120
3.4077 -7.6464 -2.3524 80 200 120
3.8098 -7.8321 -1.5645 80 200 120
-0.9455 -4.3192 -3.0975 80 200 120
2.3531 -6.8376 -2.2922 80 200 120
-3.0558 -1.6922 -1.5844 80 200 120
-2.5543 -2.9112 -2.4995 80 200 120
-0.2873 -3.5038 -1.5015 80 200 120
3.8587 -8.0270 -2.8052 80 200 120
5.8075 -4.3311 -1.4670 80 200 120
5.8264 -5.2861 -1.4661 80 200 120
7.2243 -0.8630 -1.8243 80 200 120
3.5284 -7.7709 -1.8442 80 200 120
3.9973 -4.0981 -2.1692 80 200 120
20.8484 4.7620 -8.7416 80 200 120
4.1584 -3.7234 -1.6591 80 200 120
4.3756 -4.4805 -1.5281 80 200 120
5.8825 -0.9573 -2.2299 80 200 120
6.4205 -4.5237 -4.8232 80 200 120
2.5685 -0.6412 -4.5836 80 200 120
4.9275 -6.5065 -4.7897 80 200 120
4.1944 -3.5712 -3.9338 80 200 120
0.6289 -4.0677 -4.7938 80 200 120
4.3923 -8.1839 -5.5128 80 200 120
3.3485 -6.1493 -4.3010 80 200 120
0.6077 -4.3706 -4.7348 80 200 120
3.2629 -5.6870 -4.1844 80 200 120
3.5417 -7.7330 -3.8425 80 200 120
3.6159 -5.6108 -4.2203 80 200 120
4.5960 -6.9661 -4.7713 80 200 120
4.3553 -7.2005 -4.7405 80 200 120
2.7914 -5.3951 -4.3319 80 200 120
4.7428 -6.7136 -4.7681 80 200 120
2.4707 -4.3637 -4.8196 80 200 120
4.3514 -6.7992 -4.8337 80 200 120
2.0454 -6.2235 -4.8163 80 200 120
4.5310 0.1677 -3.9625 80 200 120
-2.5039 -2.3962 -2.4267 80 200 120
0.4208 2.7771 -1.6797 80 200 120
4.4678 -3.2532 -1.9279 80 200 120
-0.6430 -2.2833 -4.7945 80 200 120
2.3848 -2.2176 -3.6666 80 200 120
-2.7410 -2.5668 -2.3841 80 200 120
-2.3047 -3.1324 -4.6239 80 200 120
1.3713 -1.5449 -4.4027 80 200 120
9.9265 0.0224 -1.6498 80 200 120
3.7396 -2.6512 -3.6758 80 200 120
-5.5256 -1.1233 -3.8571 80 200 120
1.0091 -1.5896 -4.6777 80 200 120
2.6973 -7.0063 -1.5762 80 200 120
2.7172 -7.0875 -2.7899 80 200 120
-0.7386 -4.2294 -2.2291 80 200 120
3.8243 -7.9559 -2.5859 80 200 120
0.7376 -5.4584 -2.7068 80 200 120
1.5406 -6.1833 -2.6423 80 200 120
2.3371 -6.8273 -2.4716 80 200 120
2.5377 -6.9230 -1.5747 80 200 120
1.5929 -4.9587 -1.5240 80 200 120
0.6183 -5.4967 -3.3217 80 200 120
3.6519 -7.9450 -3.0201 80 200 120
5.9600 -5.2623 -1.5962 80 200 120
6.6465 -1.4356 -3.2293 80 200 120
6.2265 -0.8274 -2.7034 80 200 120
6.7108 -2.9542 -1.4398 80 200 120
7.0661 -2.1332 -1.3802 80 200 120
6.6914 -4.3414 -1.6798 80 200 120
6.2910 -4.6670 -3.5393 80 200 120
6.0567 -4.3958 -3.3808 80 200 120
5.3128 -5.6750 -3.1155 80 200 120
5.8515 -5.1219 -3.6256 80 200 120
4.0037 -3.9218 -1.6376 80 200 120
5.6745 -2.5919 -3.7619 80 200 120
6.6792 -4.2463 -4.7806 80 200 120
5.6231 -5.5288 -4.7765 80 200 120
6.1636 -4.9049 -4.7838 80 200 120
6.9739 -3.4892 -5.0485 80 200 120
0.3035 -3.8631 -4.3005 80 200 120
0.4380 -4.5842 -4.6274 80 200 120
0.3718 -4.8978 -4.8883 80 200 120
-0.1640 -0.7898 -3.5882 80 200 120
1.2516 -1.2079 -4.2166 80 200 120
3.4474 -5.4098 -4.2433 80 200 120
0.2489 -3.6573 -4.7044 80 200 120
4.0345 -2.6598 -2.0741 80 200 120
-1.0384 1.2228 -3.5037 80 200 120
3.9755 -2.9709 -2.3475 80 200 120
3.0941 -6.0177 -4.3827 80 200 120
4.6345 -7.2041 -5.0001 80 200 120
5.9714 -5.2350 -4.8582 80 200 120
3.3594 -5.4333 -4.1959 80 200 120
4.9980 -5.7159 -4.8131 80 200 120
6.1503 -4.5998 -4.5197 80 200 120
2.8943 -5.5506 -4.1937 80 200 120
0.8715 -5.5158 -4.5935 80 200 120
1.2085 -5.8822 -4.7413 80 200 120
1.0554 -5.4235 -4.7642 80 200 120
1.1804 -5.2358 -4.7186 80 200 120
3.7982 -6.4737 -4.6772 80 200 120
1.0467 -5.8907 -4.3979 80 200 120
2.9368 -5.3839 -4.2089 80 200 120
4.0516 -3.6756 -4.7234 80 200 120
4.9663 -3.9026 -4.7529 80 200 120
-0.6708 -0.9670 -1.8759 80 200 120
-1.0236 2.3662 -1.6416 80 200 120
1.5880 -6.1630 -4.6483 80 200 120
4.1931 -3.6081 -1.8890 80 200 120
-0.4368 2.8436 -3.2374 80 200 120
-0.2992 -1.2616 -4.6670 80 200 120
-0.4182 -3.1845 -4.3016 80 200 120
4.5458 -2.9304 -2.9726 80 200 120
2.4238 -1.9564 -4.1970 80 200 120
3.2405 -1.4042 -4.0701 80 200 120
-1.6261 0.2167 -4.6289 80 200 120
2.6033 1.2421 -3.6129 80 200 120
0.6877 -1.9790 -3.7832 80 200 120
2.1344 -2.3063 -3.7851 80 200 120
-0.8109 -2.0823 -4.3774 80 200 120
2.0232 -3.7412 -3.4217 80 200 120
-0.0286 -2.2876 -4.5919 80 200 120
0.4071 -1.6965 -4.8839 80 200 120
2.9016 -3.0754 -3.8877 80 200 120
0.8508 -2.8283 -3.2136 80 200 120
2.0254 1.7743 -3.0741 80 200 120
-2.4633 -2.7038 -3.9440 80 200 120
2.9682 -7.2314 -1.5768 80 200 120
2.2788 -6.7465 -1.7716 80 200 120
2.5560 -6.9284 -2.9526 80 200 120
3.6252 -6.9486 -1.5422 80 200 120
1.9937 -6.5773 -2.5329 80 200 120
2.0399 -6.5737 -2.0003 80 200 120
2.8330 -6.1631 -1.5099 80 200 120
1.7101 -6.2974 -1.8408 80 200 120
3.8197 -7.8694 -2.2977 80 200 120
3.2339 -7.5174 -2.0100 80 200 120
3.0479 -7.2837 -2.9160 80 200 120
1.6505 -6.2509 -3.1821 80 200 120
2.0694 -6.5130 -3.1625 80 200 120
1.1489 -5.9969 -1.9349 80 200 120
5.2004 -3.0721 -2.9550 80 200 120
6.2371 -2.6684 -3.4565 80 200 120
5.4559 -5.6774 -3.7610 80 200 120
6.5927 -4.4142 -4.2062 80 200 120
5.2090 -5.0213 -3.4800 80 200 120
6.2997 -3.9251 -3.5926 80 200 120
5.8338 -3.9445 -3.0400 80 200 120
4.6123 -3.8275 -1.5472 80 200 120
2.4426 -7.0508 -1.4738 80 200 120
7.1514 -2.4501 -3.5398 80 200 120
7.8217 -1.9062 -3.0272 80 200 120
2.6472 -7.0839 -1.4917 80 200 120
3.7908 -3.7389 -2.0441 80 200 120
3.9447 -6.9653 -1.5244 80 200 120
2.8899 -6.8586 -1.4897 80 200 120
4.2910 -3.5122 -3.4498 80 200 120
4.8122 -4.4902 -4.7807 80 200 120
-1.2856 -2.3108 -4.5966 80 200 120
2.3248 -1.9805 -3.8526 80 200 120
-0.2230 -3.3588 -4.2747 80 200 120
4.0903 0.2860 -3.9436 80 200 120
-0.0850 -3.0167 -4.9067 80 200 120
1.7883 -6.2622 -4.8214 80 200 120
3.3692 -5.2735 -4.3124 80 200 120
4.0918 -5.8873 -4.5351 80 200 120
3.7827 -5.0950 -4.8047 80 200 120
5.9998 -5.0785 -4.7089 80 200 120
3.9404 -5.3049 -4.6998 80 200 120
4.7938 -4.5327 -4.8162 80 200 120
5.2918 -5.2468 -4.8421 80 200 120
3.4431 -4.8671 -4.7864 80 200 120
3.7827 -6.1936 -4.4807 80 200 120
0.4756 -4.9179 -4.8469 80 200 120
1.9990 -6.6098 -2.9756 80 200 120
1.7300 -5.0675 -4.8517 80 200 120
7.1736 -3.6083 -4.7248 80 200 120
6.5828 -3.5144 -4.5802 80 200 120
2.7314 -5.7106 -4.4056 80 200 120
4.8350 -3.6006 -5.2489 80 200 120
6.0485 -3.6868 -4.9163 80 200 120
4.5598 -6.0246 -4.7994 80 200 120
1.4563 -4.5670 -4.8005 80 200 120
4.7436 -4.1634 -4.4338 80 200 120
1.9276 -5.9293 -4.7909 80 200 120
3.4202 -5.5161 -4.1806 80 200 120
3.7440 -5.6412 -4.2536 80 200 120
3.3539 -6.1566 -4.2708 80 200 120
-0.8026 -0.0640 -1.6083 80 200 120
3.0972 -6.0757 -4.5804 80 200 120
-1.0965 1.0275 -1.8936 80 200 120
-1.8024 -2.4509 -1.7603 80 200 120
0.3053 2.2729 -3.3509 80 200 120
3.2563 -1.9502 -3.8983 80 200 120
-0.4436 5.1532 -1.3525 80 200 120
2.4342 -0.0031 -3.3203 80 200 120
1.6736 1.3464 -3.2364 80 200 120
0.0756 1.4213 -3.0717 80 200 120
-0.3490 -0.4093 -2.9027 80 200 120
0.2321 2.4043 -2.3511 80 200 120
1.5359 1.0136 -3.5190 80 200 120
2.1453 0.9373 -3.6052 80 200 120
3.5682 1.9573 -4.0848 80 200 120
3.7220 -3.9102 -3.3286 80 200 120
3.7306 -2.5078 -3.8397 80 200 120
1.6604 -2.1187 -4.5279 80 200 120
-5.4727 -1.1347 -3.8933 80 200 120
3.8171 -3.4285 -3.3169 80 200 120
2.1848 -2.4302 -4.3089 80 200 120
-0.1336 -3.0679 -4.1822 80 200 120
-5.2192 -0.9183 -2.3450 80 200 120
-0.4480 -4.6292 -1.6237 80 200 120
-2.1012 -0.0250 -3.7894 80 200 120
1.8955 -6.3974 -1.5440 80 200 120
2.2063 -6.7351 -2.2290 80 200 120
2.5380 -6.9919 -2.6364 80 200 120
2.2141 -6.5841 -1.4991 80 200 120
1.7744 -6.3787 -2.7875 80 200 120
1.5586 -6.2228 -2.5196 80 200 120
1.6594 -6.3050 -2.0801 80 200 120
1.1340 -6.0745 -2.3225 80 200 120
2.2812 -6.8283 -2.7669 80 200 120
2.2084 -6.7235 -1.5775 80 200 120
4.2108 -7.2918 -1.5280 80 200 120
1.6296 -6.3096 -2.7191 80 200 120
3.6649 -7.8660 -3.0272 80 200 120
2.5321 -7.0205 -3.1214 80 200 120
3.3965 -7.5511 -2.0884 80 200 120
3.9610 -7.0018 -1.5238 80 200 120
1.0588 -5.1813 -1.4932 80 200 120
5.2473 -6.1091 -1.5237 80 200 120
5.8251 -5.4990 -1.8647 80 200 120
3.7757 -7.7510 -1.6458 80 200 120
5.7796 -5.5350 -2.1163 80 200 120
5.9016 -3.8054 -3.3602 80 200 120
2.9554 -7.3183 -1.5542 80 200 120
5.4207 -5.5604 -2.7099 80 200 120
5.1148 -3.9020 -3.7415 80 200 120
3.6434 -4.8062 -3.1750 80 200 120
-0.1117 -2.3234 -4.8635 80 200 120
0.3834 -1.7033 -4.3306 80 200 120
1.6159 -6.1649 -4.6226 80 200 120
1.9882 -5.7612 -4.8267 80 200 120
3.7867 -4.5593 -4.8257 80 200 120
6.1143 -4.8180 -4.9426 80 200 120
6.1483 -4.8129 -4.6705 80 200 120
4.3753 -5.1614 -4.8275 80 200 120
7.6679 -3.2265 -5.4296 80 200 120
4.3966 -4.6024 -3.7950 80 200 120
4.5836 -3.5502 -5.1544 80 200 120
4.3876 -3.0298 -5.5053 80 200 120
3.3723 -5.3072 -4.3072 80 200 120
4.1528 -3.7300 -4.7327 80 200 120
2.1058 -6.1730 -4.8208 80 200 120
3.3536 -5.4289 -4.2254 80 200 120
4.2644 1.1578 -4.1899 80 200 120
3.5649 -0.6515 -4.0543 80 200 120
2.7597 0.9989 -3.5033 80 200 120
-0.2686 1.7466 -2.5112 80 200 120
2.6442 1.2678 -4.0936 80 200 120
-2.4156 -2.6759 -1.8620 80 200 120
4.0825 -3.8355 -4.1577 80 200 120
3.6353 -5.7984 -4.3012 80 200 120
0.1058 -5.0635 -4.7290 80 200 120
3.8175 -2.6253 -4.4998 80 200 120
4.2904 -3.4294 -2.0148 80 200 120
6.9566 -0.8273 -3.3272 80 200 120
6.8663 -2.5448 -2.1277 80 200 120
7.3955 -1.6698 -1.5457 80 200 120
3.9933 -3.0518 -1.8805 80 200 120
4.1316 -3.7399 -1.5661 80 200 120
0.5566 -1.3019 -4.3222 80 200 120
4.4685 -3.1108 -3.3194 80 200 120
7.5061 -2.3195 -1.5849 80 200 120
1.3615 -1.2354 -3.9979 80 200 120
3.2549 -2.0730 -3.8465 80 200 120
-2.4641 -2.4132 -4.7741 80 200 120
-0.9014 -1.2155 -4.9438 80 200 120
2.8023 -2.3054 -4.2742 80 200 120
-0.2623 -2.6573 -4.6270 80 200 120
11.5476 -0.2725 -0.8283 80 200 120
0.7514 -5.5812 -1.5408 80 200 120
1.3461 -6.0082 -1.6230 80 200 120
2.7379 -7.1187 -2.1045 80 200 120
0.4431 -5.3816 -2.0891 80 200 120
0.6682 -5.4818 -2.3953 80 200 120
0.6062 -5.3783 -1.5493 80 200 120
1.2044 -5.8485 -2.4803 80 200 120
2.2562 -5.7870 -1.5208 80 200 120
-3.9379 -1.3366 -1.5133 80 200 120
3.7398 -7.7612 -2.5932 80 200 120
5.0452 -6.7403 -1.4839 80 200 120
3.6941 -6.7710 -1.5464 80 200 120
-1.4843 -2.8843 -1.4451 80 200 120
2.8439 -7.1720 -2.1917 80 200 120
2.2122 -6.7234 -1.8638 80 200 120
6.9006 -1.2788 -2.7987 80 200 120
4.1427 -3.7118 -2.0593 80 200 120
4.1120 -3.7298 -1.5817 80 200 120
6.7916 -3.6366 -3.7962 80 200 120
5.3467 -5.6467 -3.1237 80 200 120
6.4208 -4.1004 -3.8160 80 200 120
3.5264 -7.7110 -1.8862 80 200 120
6.8098 -3.3829 -4.4280 80 200 120
4.2692 -3.5446 -3.4684 80 200 120
4.8543 -5.3016 -4.8191 80 200 120
4.7939 -4.9134 -4.7918 80 200 120
4.2531 -3.5513 -3.4880 80 200 120
4.1097 -3.7097 -4.6273 80 200 120
4.1607 -3.7730 -4.6526 80 200 120
4.2665 -4.7627 -4.7698 80 200 120
4.1510 -4.9111 -4.8626 80 200 120
2.3542 -1.6257 -3.8242 80 200 120
3.7900 -7.8334 -4.7062 80 200 120
4.0813 -7.7583 -4.8963 80 200 120
0.4485 -4.1865 -4.2584 80 200 120
0.4894 -1.2735 -4.7625 80 200 120
3.6633 -6.9884 -4.7854 80 200 120
2.2617 -5.3753 -4.8183 80 200 120
4.4392 -6.2794 -4.8319 80 200 120
4.5757 -5.2004 -4.8061 80 200 120
5.1246 -6.2528 -4.6450 80 200 120
4.8901 -6.4815 -4.5953 80 200 120
1.7054 -6.3250 -4.8066 80 200 120
2.9455 -5.2486 -4.3483 80 200 120
1.2349 -5.9395 -4.8110 80 200 120
4.0886 -4.9415 -4.8496 80 200 120
0.8564 -5.6295 -4.2257 80 200 120
3.5008 -5.5334 -4.1805 80 200 120
3.7346 -2.0145 -3.9432 80 200 120
4.7794 -4.0902 -4.5322 80 200 120
4.0744 -3.7873 -3.8507 80 200 120
3.0266 -7.2824 -4.6821 80 200 120
4.4133 -3.4211 -2.1419 80 200 120
2.2578 -2.7188 -4.1542 80 200 120
3.0722 -2.2777 -4.0436 80 200 120
1.6859 -2.2291 -4.1679 80 200 120
3.4673 -2.7777 -3.8305 80 200 120
4.2010 -3.5861 -2.8892 80 200 120
1.6450 -2.1203 -4.6187 80 200 120
0.0584 -4.9382 -1.5342 80 200 120
-0.1813 -4.9221 -2.0011 80 200 120
0.7703 -4.9328 -1.5211 80 200 120
0.7753 -5.3402 -2.5366 80 200 120
-0.3402 -4.6039 -1.5064 80 200 120
0.9244 -5.7207 -1.9132 80 200 120
1.7826 -6.4139 -2.4219 80 200 120
2.7946 -7.1530 -3.0185 80 200 120
1.6373 -6.1802 -1.5599 80 200 120
0.2024 -4.7749 -1.9825 80 200 120
0.4957 -5.1737 -2.8694 80 200 120
7.7305 -3.0558 -1.6076 80 200 120
2.5517 -6.8802 -1.6029 80 200 120
3.5572 -7.5895 -1.6662 80 200 120
6.2304 -4.9220 -2.8253 80 200 120
3.7831 -3.5610 -1.4930 80 200 120
5.3733 -3.8603 -3.6459 80 200 120
6.2885 -4.7210 -4.7373 80 200 120
4.6564 -5.1679 -4.8369 80 200 120
5.0254 -3.1377 -3.6597 80 200 120
4.1960 -4.3805 -4.8340 80 200 120
3.9348 -4.2183 -4.8256 80 200 120
3.9067 -5.0536 -4.7898 80 200 120
5.1644 -3.3228 -3.6957 80 200 120
0.2336 -4.5237 -4.6084 80 200 120
3.0956 -4.6333 -4.7959 80 200 120
5.6453 -5.0449 -4.7904 80 200 120
3.0849 -6.1640 -4.6088 80 200 120
3.1465 -7.4195 -4.3189 80 200 120
4.0150 -3.8499 -4.6759 80 200 120
3.0519 -4.1511 -4.6647 80 200 120
1.4303 -6.2100 -4.3602 80 200 120
3.2492 -5.6315 -4.1831 80 200 120
3.2081 -5.3136 -4.2641 80 200 120
3.9220 -4.2471 -4.8299 80 200 120
1.0498 -5.8955 -4.3775 80 200 120
0.7898 -5.5728 -4.7173 80 200 120
0.4309 -4.9252 -4.8040 80 200 120
3.9602 -3.5931 -4.8165 80 200 120
1.1525 -5.2196 -4.8268 80 200 120
2.9707 -3.9707 -4.8604 80 200 120
1.6236 -4.4475 -4.7815 80 200 120
2.4587 -6.4409 -4.8061 80 200 120
0.4211 -5.3429 -4.7207 80 200 120
3.2155 -4.0321 -4.8105 80 200 120
4.2238 -3.9847 -4.6451 80 200 120
-0.4604 -4.8730 -4.6372 80 200 120
2.6328 0.5596 -3.4345 80 200 120
4.7155 -3.5955 -4.2885 80 200 120
-0.1637 -4.3604 -3.6735 80 200 120
2.4944 -2.4472 -4.2616 80 200 120
3.6506 -3.9623 -3.2881 80 200 120
-1.9671 -1.0686 -4.9175 80 200 120
0.7275 -3.8967 -3.5863 80 200 120
3.9547 -4.0077 -3.0576 80 200 120
-0.2589 -2.6518 -4.6034 80 200 120
2.6106 0.1229 -4.5474 80 200 120
2.5108 -2.4691 -3.6181 80 200 120
2.5672 -2.7334 -3.8040 80 200 120
1.8050 -0.3757 -3.8718 80 200 120
-0.6391 -1.6888 -4.0563 80 200 120
-0.1100 -5.0239 -2.9116 80 200 120
-0.3781 -0.6995 -4.7899 80 200 120
2.6903 -1.2377 -4.8270 80 200 120
-2.9249 -2.5889 -1.5539 80 200 120
-1.0339 -4.0956 -1.5753 80 200 120
2.8207 -7.1423 -1.8120 80 200 120
-0.7624 -4.2873 -2.2411 80 200 120
3.2920 -7.0763 -1.5009 80 200 120
2.0645 -6.5540 -2.9585 80 200 120
2.0409 -6.4833 -3.2071 80 200 120
6.5482 -4.9931 -1.8517 80 200 120
3.8876 -4.0999 -2.3231 80 200 120
6.3053 -3.5048 -3.5042 80 200 120
4.5405 -3.9804 -4.7741 80 200 120
5.9439 -5.2262 -4.8558 80 200 120
5.0769 -3.8577 -3.7516 80 200 120
5.0770 -3.8811 -3.7927 80 200 120
5.8387 -4.9351 -4.9818 80 200 120
4.3238 -3.8730 -4.7012 80 200 120
4.4069 -3.5594 -3.6105 80 200 120
-1.5164 -1.4017 -4.7190 80 200 120
3.7375 -7.7116 -4.5888 80 200 120
-0.7175 -0.2040 -3.6391 80 200 120
0.2144 -3.9697 -4.3990 80 200 120
2.1399 -6.5324 -4.7328 80 200 120
3.4221 -5.5148 -4.1753 80 200 120
2.7376 -7.0845 -4.1481 80 200 120
3.6055 -4.3714 -4.8002 80 200 120
4.7291 -4.1601 -4.4438 80 200 120
4.6910 -3.8532 -4.6611 80 200 120
3.8863 -4.8490 -4.8152 80 200 120
4.4636 -4.3149 -4.5231 80 200 120
6.2094 -4.7202 -3.5059 80 200 120
0.5673 -4.3702 -4.7456 80 200 120
-0.6271 -4.3741 -4.4305 80 200 120
2.8184 -4.8870 -4.8047 80 200 120
3.4543 -4.4246 -4.8261 80 200 120
1.8999 -5.3627 -4.8323 80 200 120
4.2911 -3.6572 -4.5691 80 200 120
-1.3085 -3.7150 -4.4340 80 200 120
0.3774 -4.1178 -4.2104 80 200 120
2.4208 -4.4579 -4.7940 80 200 120
3.6368 -5.2650 -4.5641 80 200 120
1.2546 -3.9662 -4.8011 80 200 120
-0.8452 -3.2511 -4.2918 80 200 120
0.2509 -3.6681 -4.7072 80 200 120
1.4736 -3.5660 -4.7970 80 200 120
2.0676 -3.7614 -4.8312 80 200 120
1.1089 -4.8742 -4.8317 80 200 120
4.9742 -3.8924 -4.7717 80 200 120
3.9775 -0.4178 -3.8074 80 200 120
1.2797 -1.1210 -4.5568 80 200 120
-2.9506 -2.3735 -1.6889 80 200 120
0.3970 -3.0850 -1.5152 80 200 120
3.1139 -2.3550 -4.4224 80 200 120
-0.1513 -3.5587 -4.2427 80 200 120
4.1333 -2.6608 -3.3242 80 200 120
3.5950 -0.8867 -3.9703 80 200 120
2.3687 -4.7870 -2.5478 80 200 120
9.5549 -0.2903 -1.7633 80 200 120
3.6582 -2.8296 -3.7092 80 200 120
6.6347 -1.0620 -3.1382 80 200 120
-3.4107 -1.7407 -1.5965 80 200 120
2.9457 -7.2382 -2.5449 80 200 120
1.9213 -6.4872 -1.6590 80 200 120
-0.4147 -5.2825 -2.8171 80 200 120
1.4392 -5.6575 -2.8032 80 200 120
0.5663 -3.4848 -1.4911 80 200 120
2.7128 -7.0815 -2.7875 80 200 120
0.3115 -3.5718 -1.6393 80 200 120
0.7943 -4.2338 -1.4777 80 200 120
7.7431 -2.6179 -1.5137 80 200 120
5.0236 -5.5043 -1.5005 80 200 120
5.9442 -4.2026 -1.4688 80 200 120
3.9092 -3.3016 -1.6649 80 200 120
4.1561 -3.5722 -3.3640 80 200 120
4.7083 -3.3133 -3.5408 80 200 120
4.9992 -4.1356 -4.9304 80 200 120
4.8427 -3.7166 -4.0138 80 200 120
5.2935 -5.2098 -4.8766 80 200 120
5.8406 -2.0039 -3.0458 80 200 120
4.1144 -4.2385 -4.8154 80 200 120
4.2927 -3.7358 -4.4802 80 200 120
4.0480 -3.6207 -3.4002 80 200 120
4.2485 -3.6545 -4.2964 80 200 120
4.0487 -3.7081 -4.7816 80 200 120
4.6416 -3.5888 -4.1515 80 200 120
-0.3494 5.1706 -1.4069 80 200 120
4.1264 -3.7249 -3.8436 80 200 120
4.2486 -1.9600 -3.4695 80 200 120
3.6241 -5.7766 -4.2354 80 200 120
1.7657 -6.3614 -4.4955 80 200 120
0.1246 -5.4282 -5.2204 80 200 120
-2.2091 -2.5439 -4.3639 80 200 120
-0.1888 -3.2838 -4.4410 80 200 120
3.0415 -3.6451 -4.7859 80 200 120
1.7232 -4.0882 -4.8266 80 200 120
2.3980 -4.9307 -4.8423 80 200 120
1.9652 -5.7756 -4.8072 80 200 120
1.6709 -5.1784 -4.8091 80 200 120
1.9405 -5.1827 -2.9260 80 200 120
-1.3547 -2.1580 -4.6914 80 200 120
-4.2861 -0.9795 -3.5647 80 200 120
0.1734 -2.6161 -4.8886 80 200 120
2.3562 -5.3343 -2.7179 80 200 120
1.6303 -3.2665 -4.8408 80 200 120
3.4137 -4.9163 -4.7941 80 200 120
0.8158 -3.3863 -4.7607 80 200 120
2.3624 -4.1188 -4.8209 80 200 120
-3.1520 -0.8384 -4.6122 80 200 120
-2.9762 0.3005 -3.6468 80 200 120
0.9574 -2.8133 -4.8544 80 200 120
-3.3992 -0.9389 -3.9052 80 200 120
2.7375 -3.3372 -4.8338 80 200 120
-0.3863 -1.8787 -4.8725 80 200 120
-1.0681 -3.7807 -1.7547 80 200 120
0.2152 -4.8436 -1.7261 80 200 120
3.3640 -6.1554 -4.2812 80 200 120
4.2942 -3.5216 -2.1852 80 200 120
-2.8826 -1.1679 -1.6463 80 200 120
4.4244 -3.3548 -2.5101 80 200 120
-2.8189 -0.4112 -2.7035 80 200 120
-0.9337 -0.8495 -1.8657 80 200 120
4.3065 -1.3006 -3.9634 80 200 120
1.9811 -5.1170 -2.5471 80 200 120
3.8847 -2.8463 -3.7683 80 200 120
-1.3728 -3.8705 -1.8231 80 200 120
-3.1678 -2.1591 -2.1367 80 200 120
-0.3831 -4.6759 -1.6465 80 200 120
1.1879 -5.4286 -2.9207 80 200 120
7.1853 -2.0134 -1.6026 80 200 120
5.8811 -3.3232 -1.5044 80 200 120
4.6547 -6.8284 -1.5620 80 200 120
3.6906 -7.2743 -1.5065 80 200 120
2.0425 -6.8420 -1.4308 80 200 120
3.7300 -7.7152 -2.5847 80 200 120
3.5373 -7.6942 -1.8458 80 200 120
4.1244 -3.5723 -2.2589 80 200 120
5.9506 -4.7302 -4.9498 80 200 120
4.3019 -5.2633 -4.8374 80 200 120
5.2703 -3.2571 -3.6638 80 200 120
4.7014 -3.3717 -3.5858 80 200 120
4.3865 -3.5157 -3.4851 80 200 120
4.5097 -3.5448 -3.6495 80 200 120
4.8975 -3.3439 -3.6854 80 200 120
0.3045 2.3340 -3.5201 80 200 120
0.2150 -4.4918 -4.8341 80 200 120
3.4116 -6.1810 -4.2495 80 200 120
2.7923 -6.2352 -4.7473 80 200 120
1.4125 -5.6958 -4.8110 80 200 120
3.6971 -7.6363 -2.5809 80 200 120
1.9732 -6.6197 -2.9855 80 200 120
-0.1147 -1.0358 -4.7840 80 200 120
-0.9858 -0.6353 -4.2685 80 200 120
2.0161 -2.5184 -4.7035 80 200 120
0.9839 -1.2944 -4.8763 80 200 120
3.8172 -3.5167 -4.6368 80 200 120
0.6636 -4.1441 -4.7088 80 200 120
-3.0580 0.2219 -1.5634 80 200 120
2.4926 -2.9315 -4.8480 80 200 120
1.1456 -2.6521 -4.7562 80 200 120
2.9441 -3.1476 -4.8205 80 200 120
-0.7188 0.0466 -3.7089 80 200 120
1.1399 2.2714 -3.3704 80 200 120
0.4003 2.6755 -1.6666 80 200 120
-0.5601 -0.4177 -1.6850 80 200 120
0.7519 -2.6604 -1.5274 80 200 120
0.0200 -1.3118 -1.9144 80 200 120
-2.3474 -2.2407 -1.7449 80 200 120
-1.9592 -3.3072 -1.6011 80 200 120
-0.4478 -0.4817 -2.1862 80 200 120
-3.2057 -0.6607 -2.3072 80 200 120
-1.1921 0.9979 -3.0332 80 200 120
4.7955 -3.0383 -2.5606 80 200 120
-4.4092 -1.7131 -4.7718 80 200 120
-0.7047 -3.4798 -3.9855 80 200 120
3.1340 -0.9187 -1.3320 80 200 120
0.7822 -1.8537 -4.7340 80 200 120
4.1032 -2.7941 -3.5612 80 200 120
1.4029 -1.5274 -4.4585 80 200 120
4.2784 -2.2939 -3.4393 80 200 120
4.4174 -3.2403 -3.0174 80 200 120
2.4596 -2.2023 -4.3794 80 200 120
-0.3742 -1.8114 -4.6046 80 200 120
7.6994 -2.1503 -1.5165 80 200 120
0.3198 -2.1883 -4.5830 80 200 120
3.2095 -7.3709 -1.6209 80 200 120
1.8993 -6.4523 -1.7977 80 200 120
-0.5113 -3.3094 -1.4200 80 200 120
2.6469 -6.8519 -2.9104 80 200 120
0.2745 -5.2597 -2.5903 80 200 120
2.1855 -6.6793 -1.5961 80 200 120
1.8303 -6.3809 -2.0713 80 200 120
2.9390 -7.2127 -2.6853 80 200 120
2.3367 -6.7525 -1.5735 80 200 120
-0.5814 -5.6481 -3.7290 80 200 120
1.9385 -6.3941 -3.0423 80 200 120
6.3515 -4.7736 -1.9803 80 200 120
6.8676 -4.2203 -1.8052 80 200 120
5.4286 -5.7052 -1.4599 80 200 120
6.6056 -3.9876 -3.8540 80 200 120
3.3180 -4.4960 -1.4988 80 200 120
4.0754 -3.8178 -2.0100 80 200 120
3.8809 -3.4573 -1.7206 80 200 120
4.7091 -2.7596 -2.2008 80 200 120
5.1457 -3.8895 -3.7152 80 200 120
7.6126 -2.6068 -4.6554 80 200 120
2.7093 -3.2529 -4.7714 80 200 120
3.0526 -4.0089 -4.8153 80 200 120
5.0651 -3.4750 -3.6748 80 200 120
4.0893 -4.7203 -4.8447 80 200 120
3.0991 -4.2412 -4.7932 80 200 120
4.8126 -3.5704 -3.6933 80 200 120
2.9305 -3.1465 -4.7742 80 200 120
3.6094 -4.3460 -4.8266 80 200 120
3.9154 -3.5573 -4.8326 80 200 120
4.5155 -3.4371 -3.4974 80 200 120
-1.7807 1.4373 -3.9751 80 200 120
-0.6310 -1.0050 -4.0322 80 200 120
-1.1143 0.5499 -4.5063 80 200 120
1.7523 -4.0962 -4.7773 80 200 120
0.0138 -3.6427 -4.3026 80 200 120
1.2273 -5.1379 -4.8113 80 200 120
5.9089 -4.1630 -4.7126 80 200 120
3.2233 -3.9890 -4.7678 80 200 120
4.6738 -6.4834 -4.8801 80 200 120
2.6113 -4.0333 -5.0240 80 200 120
2.4757 -4.4241 -4.7387 80 200 120
1.9183 -5.3856 -4.8347 80 200 120
3.3047 -3.1328 -4.8529 80 200 120
2.4912 -2.1297 -4.8386 80 200 120
1.5090 -0.8959 -4.0378 80 200 120
0.4125 -0.6551 -3.5409 80 200 120
-2.2752 -0.7514 -5.0215 80 200 120
3.2735 -5.4084 -4.1923 80 200 120
2.3589 -2.1105 -3.9890 80 200 120
0.8198 0.1525 -4.5341 80 200 120
2.2915 -2.5846 -4.6690 80 200 120
3.5204 -2.0701 -3.8492 80 200 120
3.3864 -6.1940 -4.3858 80 200 120
3.7319 -5.6338 -4.2034 80 200 120
1.6453 2.6869 -3.5740 80 200 120
4.1814 0.6069 -4.0512 80 200 120
1.6780 -4.0056 -2.6864 80 200 120
3.1051 1.7924 -3.5081 80 200 120
-1.2916 1.3737 -1.8574 80 200 120
0.3765 -1.0420 -3.4047 80 200 120
-0.4161 -0.4951 -2.6321 80 200 120
-0.4876 -1.9132 -3.9818 80 200 120
7.6714 -1.7923 -2.0523 80 200 120
2.5768 0.5137 -3.5232 80 200 120
1.4939 4.6595 -3.6262 80 200 120
0.7652 -1.6738 -4.2128 80 200 120
3.5593 -1.3386 -3.8960 80 200 120
1.3679 -6.2211 -3.3210 80 200 120
0.8943 -3.4884 -1.6165 80 200 120
3.0473 -7.2759 -2.2661 80 200 120
2.8268 -6.9233 -1.4944 80 200 120
0.9008 -5.7130 -2.5860 80 200 120
6.3081 -4.0023 -1.4873 80 200 120
6.9396 -3.8963 -1.5906 80 200 120
5.9437 -4.3805 -2.7221 80 200 120
6.8534 -4.4819 -3.8221 80 200 120
3.1852 -7.4412 -1.5072 80 200 120
5.6057 -3.8299 -1.5118 80 200 120
6.4273 -3.9719 -3.0522 80 200 120
2.9560 -7.2280 -1.5841 80 200 120
3.5866 -4.2663 -1.5285 80 200 120
5.3088 -3.9606 -3.9580 80 200 120
4.8371 -3.2413 -3.5323 80 200 120
2.3415 -2.5728 -4.6021 80 200 120
3.8481 -3.4415 -4.6762 80 200 120
3.2749 -3.1956 -4.8246 80 200 120
4.0216 -3.6223 -3.5325 80 200 120
-0.9227 1.0148 -3.4828 80 200 120
4.6806 -4.1822 -4.4075 80 200 120
7.5800 -3.3851 -4.9836 80 200 120
0.5545 -5.3386 -4.6882 80 200 120
3.0289 -3.9315 -4.9012 80 200 120
0.8228 -5.5746 -4.7164 80 200 120
4.2603 -4.0144 -4.6265 80 200 120
1.8578 -2.2647 -4.5368 80 200 120
0.0310 -4.6423 -4.5054 80 200 120
2.3238 -1.2815 -4.5193 80 200 120
2.9281 -5.4237 -4.3017 80 200 120
0.0467 2.0932 -4.3992 80 200 120
2.1983 -1.8648 -3.8273 80 200 120
2.7222 -2.2266 -4.8535 80 200 120
4.2447 -3.8430 -4.4686 80 200 120
3.7058 -2.5711 -3.8296 80 200 120
3.6016 -5.7871 -4.2061 80 200 120
-4.0109 -1.1602 -1.5502 80 200 120
1.5139 -2.8242 -2.2329 80 200 120
-0.5714 2.6132 -2.4960 80 200 120
0.2407 -0.7487 -3.2360 80 200 120
0.7879 1.8353 -3.2705 80 200 120
-1.1516 4.1326 -1.4575 80 200 120
2.0203 -1.7668 -4.6662 80 200 120
4.4500 -2.1088 -1.9626 80 200 120
-0.1395 -2.3586 -4.8399 80 200 120
0.6229 -5.3746 -1.6311 80 200 120
2.1517 -0.1148 -4.4485 80 200 120
3.7909 -3.6352 -3.2781 80 200 120
3.1397 -2.6082 -4.1131 80 200 120
3.6486 -2.6662 -3.7706 80 200 120
2.0721 0.2724 -5.2400 80 200 120
3.0033 1.3481 -4.9232 80 200 120
0.1085 -1.9271 -4.7086 80 200 120
3.7709 -7.8726 -2.6072 80 200 120
3.0225 -7.3176 -2.7159 80 200 120
6.9528 -3.5602 -2.2957 80 200 120
4.3574 -7.2539 -1.5574 80 200 120
7.7084 -2.0872 -3.9320 80 200 120
5.2863 -5.2669 -1.4587 80 200 120
5.7691 -5.5158 -2.7260 80 200 120
3.7257 -7.7037 -2.2918 80 200 120
2.7056 -6.9937 -1.6034 80 200 120
2.2344 -6.6397 -1.6433 80 200 120
5.8235 -5.7383 -3.7688 80 200 120
2.5178 -6.9598 -1.5473 80 200 120
7.2335 -3.3335 -3.9507 80 200 120
3.5532 -3.0787 -1.5263 80 200 120
4.2044 -3.4119 -2.1797 80 200 120
4.1954 -3.5980 -2.0171 80 200 120
7.5124 -1.7440 -2.5697 80 200 120
3.5378 -7.7231 -1.8073 80 200 120
4.2318 -3.5490 -3.4187 80 200 120
5.0260 -3.8320 -3.8075 80 200 120
4.1647 -3.5948 -3.5978 80 200 120
4.8925 -3.7120 -3.7085 80 200 120
3.0453 -3.6325 -4.7501 80 200 120
3.2627 -3.4393 -4.8419 80 200 120
2.3508 -1.2627 -4.5662 80 200 120
2.4379 -2.1030 -4.7386 80 200 120
5.4402 -5.8448 -4.7483 80 200 120
2.5307 -2.9686 -4.8051 80 200 120
5.1673 -5.7288 -4.8542 80 200 120
1.1700 0.2714 -1.9577 80 200 120
-0.1846 -0.9587 -4.6452 80 200 120
3.8139 -7.9531 -4.8211 80 200 120
2.2417 -5.1657 -4.8248 80 200 120
2.7346 -7.0781 -4.6994 80 200 120
4.0485 -7.4343 -4.8791 80 200 120
4.1388 -4.7478 -4.8528 80 200 120
1.0780 -5.6524 -4.0592 80 200 120
4.9013 -6.4923 -4.6650 80 200 120
-2.7896 -2.8699 -4.2243 80 200 120
0.3071 0.2174 -4.0486 80 200 120
2.2555 -1.5754 -3.8387 80 200 120
3.2266 -2.0099 -4.2630 80 200 120
2.4613 -1.2014 -4.8570 80 200 120
2.5411 -2.0884 -4.1547 80 200 120
0.6824 -1.9634 -4.8869 80 200 120
3.6217 -7.5185 -4.3648 80 200 120
0.0752 -4.4216 -4.2784 80 200 120
5.1463 -3.7221 -4.9581 80 200 120
4.7095 -3.7833 -4.7029 80 200 120
-0.1716 3.5849 -2.3604 80 200 120
1.4926 -3.7664 -2.4938 80 200 120
-2.7057 0.6789 -3.9786 80 200 120
5.8608 -2.4822 -1.7921 80 200 120
3.2705 -1.7981 -3.9331 80 200 120
-32.2218 201.7315 -27.3054 80 200 120
4.9553 0.7372 -2.6195 80 200 120
2.4673 -6.9285 -2.1635 80 200 120
3.7132 -7.3107 -1.5262 80 200 120
-1.9650 -3.7213 -2.0942 80 200 120
2.7058 -7.0376 -2.7713 80 200 120
0.5614 -5.5976 -2.9252 80 200 120
7.4127 -2.4616 -1.5026 80 200 120
6.6300 -4.3819 -2.2979 80 200 120
7.2383 -1.8639 -1.9682 80 200 120
5.2483 -5.8397 -1.4393 80 200 120
3.7470 -6.9123 -1.4908 80 200 120
6.1037 -5.1091 -1.9418 80 200 120
6.1261 -5.0079 -3.1211 80 200 120
6.5081 -1.0534 -2.3629 80 200 120
3.8432 -8.0565 -2.5913 80 200 120
7.8998 -2.5094 -3.4225 80 200 120
4.1183 -1.7368 -1.5812 80 200 120
3.3695 -7.5183 -2.3167 80 200 120
5.0036 -3.9183 -4.1774 80 200 120
5.0515 -3.9195 -4.0818 80 200 120
2.4847 -1.2785 -4.8030 80 200 120
2.7122 -2.2279 -4.8407 80 200 120
-0.5810 -0.3539 -3.6490 80 200 120
-1.2869 5.2180 -2.3737 80 200 120
3.3910 -5.7660 -4.1788 80 200 120
0.0581 -5.0060 -4.8903 80 200 120
10.4853 -1.8232 -6.4822 80 200 120
3.6081 -5.4388 -4.3187 80 200 120
1.6687 -5.1815 -4.8219 80 200 120
4.1426 -4.2271 -4.8271 80 200 120
3.1286 -3.8479 -4.9611 80 200 120
4.8376 -3.7083 -4.8078 80 200 120
-3.5102 -1.9658 -3.5570 80 200 120
0.7772 1.3642 -4.3135 80 200 120
-1.1814 -4.0073 -3.7616 80 200 120
2.0824 -6.5834 -4.6661 80 200 120
-0.0963 -3.1643 -4.7845 80 200 120
1.3544 -2.2867 -4.8840 80 200 120
-1.2302 -0.2524 -1.7281 80 200 120
-8.3267 44.7722 -7.4401 80 200 120
1.7659 1.4785 -3.4660 80 200 120
-0.6815 5.4514 -3.5656 80 200 120
3.6451 -3.9382 -4.0157 80 200 120
-0.6084 2.5997 -2.4428 80 200 120
-0.0114 4.0692 -1.5224 80 200 120
3.9374 -0.3302 -3.8871 80 200 120
0.3054 -4.6543 -4.6999 80 200 120
1.1473 3.8827 -1.4468 80 200 120
-0.8510 -0.6884 -3.6414 80 200 120
2.5060 1.9385 -3.7535 80 200 120
4.3719 -0.3976 -3.7613 80 200 120
2.2513 -2.7767 -4.1014 80 200 120
3.7414 -3.6817 -3.2503 80 200 120
4.6072 -1.7724 -3.5480 80 200 120
3.6398 -2.1528 -3.8247 80 200 120
3.5305 -2.6312 -3.9272 80 200 120
4.1126 -2.1787 -3.7203 80 200 120
-1.6657 -2.0541 -4.5333 80 200 120
3.7343 -3.4702 -3.4978 80 200 120
4.1038 0.2792 -1.5060 80 200 120
1.5722 -4.8296 -2.5338 80 200 120
-8.0200 5.8401 -6.8540 80 200 120
0.4988 -5.1395 -2.8268 80 200 120
2.0428 -6.5543 -2.9553 80 200 120
2.6119 -7.0001 -1.8597 80 200 120
2.4647 -6.8594 -1.7775 80 200 120
1.0277 -5.0484 -2.4894 80 200 120
0.5052 -3.5550 -1.4939 80 200 120
3.5664 -7.4119 -2.5464 80 200 120
6.4221 -2.8766 -1.4835 80 200 120
6.4503 -2.2184 -1.4870 80 200 120
7.0191 -4.0685 -3.0811 80 200 120
8.1294 -0.7509 -3.8163 80 200 120
6.9127 -0.4462 -2.8239 80 200 120
2.9989 -7.2760 -1.5794 80 200 120
2.9051 -6.8020 -1.5186 80 200 120
6.2297 -4.6942 -3.6104 80 200 120
5.5688 -5.7518 -2.6896 80 200 120
6.8734 -3.9650 -4.7663 80 200 120
4.2595 -3.4831 -3.2651 80 200 120
4.0980 -3.5851 -3.3845 80 200 120
3.1700 -1.9119 -4.3547 80 200 120
4.6799 -3.6061 -4.3885 80 200 120
5.1471 -4.0088 -4.0570 80 200 120
4.8808 -2.8928 -2.5848 80 200 120
0.4833 -3.9436 -4.0393 80 200 120
-0.5257 -3.5796 -4.8876 80 200 120
0.6062 -4.3283 -4.6501 80 200 120
3.0971 1.2046 -3.3931 80 200 120
2.8350 -5.3250 -4.1946 80 200 120
3.3250 -6.1283 -4.2324 80 200 120
0.2724 -4.3880 -5.3360 80 200 120
1.6553 -5.7118 -4.7964 80 200 120
4.9570 -3.9025 -4.7045 80 200 120
0.4975 -5.3210 -4.7497 80 200 120
0.9089 -5.6396 -4.1730 80 200 120
0.8801 -5.1518 -4.8518 80 200 120
-2.9147 -0.2355 -4.6026 80 200 120
5.0378 -3.8135 -4.8246 80 200 120
-1.4447 11.8851 -1.3664 80 200 120
3.9928 -8.4726 -5.2775 80 200 120
2.7365 -5.4493 -4.2714 80 200 120
2.3399 1.3571 -1.5327 80 200 120
2.5871 -5.1439 -2.7088 80 200 120
0.8685 -2.4005 -4.4399 80 200 120
3.0570 -1.2497 -4.8459 80 200 120
4.0719 -3.7770 -2.9057 80 200 120
2.5419 -2.9736 -3.4658 80 200 120
0.4981 0.6476 -4.4487 80 200 120
1.8355 -2.6672 -3.8922 80 200 120
1.6978 -2.2131 -4.4607 80 200 120
1.1272 1.4344 -3.7758 80 200 120
-0.2343 -3.7092 -3.8620 80 200 120
2.3012 -6.6985 -1.9796 80 200 120
0.6460 -5.4898 -1.7986 80 200 120
1.7770 -6.3869 -2.8592 80 200 120
0.5533 -5.3881 -2.6938 80 200 120
2.4297 -6.8396 -1.5630 80 200 120
2.1694 -6.6515 -2.0699 80 200 120
4.0359 -7.0550 -1.4307 80 200 120
0.8196 -5.1881 -1.5138 80 200 120
3.7495 -6.8021 -1.4662 80 200 120
1.2060 -5.9343 -2.9563 80 200 120
6.4457 -4.0992 -2.3033 80 200 120
7.6963 -2.4058 -1.6627 80 200 120
5.1865 -3.6834 -1.4705 80 200 120
6.7186 -4.2159 -2.5459 80 200 120
3.6741 -7.4177 -2.0963 80 200 120
3.8760 -2.5844 -1.3484 80 200 120
2.8461 -7.1529 -1.5686 80 200 120
2.6854 -6.9575 -1.5975 80 200 120
5.6390 -5.5988 -3.2651 80 200 120
4.9157 -6.5665 -1.5119 80 200 120
4.5074 -3.3910 -3.3749 80 200 120
4.3850 -3.4719 -3.3938 80 200 120
5.2768 -3.2692 -3.6302 80 200 120
2.0298 -2.5117 -4.7227 80 200 120
1.8395 -2.3631 -4.5449 80 200 120
4.6325 -3.1094 -3.0941 80 200 120
1.1757 -1.0629 -4.8904 80 200 120
3.8419 -8.0198 -4.8841 80 200 120
0.1556 -4.4801 -4.6603 80 200 120
3.9820 -6.9402 -4.3068 80 200 120
0.9747 0.8660 -1.8823 80 200 120
0.8513 -5.3374 -4.4317 80 200 120
3.3330 -7.4576 -4.7878 80 200 120
2.4718 -6.8616 -4.7245 80 200 120
1.4428 -6.1891 -4.3119 80 200 120
5.0041 -6.0699 -4.8661 80 200 120
3.1666 -6.0410 -4.2707 80 200 120
4.0557 -7.6555 -4.7697 80 200 120
3.3595 -2.2351 -4.5688 80 200 120
1.3174 1.2350 -3.2869 80 200 120
-15.6772 50.5893 -1.1531 80 200 120
-4.1140 -1.7735 -1.6059 80 200 120
6.6303 -0.8158 -7.5187 80 200 120
2.4242 -1.6992 -4.6878 80 200 120
0.7709 -4.4519 -3.1164 80 200 120
2.2116 -2.5081 -4.2550 80 200 120
2.8234 1.4159 -1.8501 80 200 120
-0.8460 -3.1797 -3.7435 80 200 120
6.0762 -3.9668 -1.4534 80 200 120
2.6895 -4.0915 -2.8676 80 200 120
-0.2153 -0.9883 -4.6802 80 200 120
3.5380 -3.2261 -3.1175 80 200 120
3.6382 -3.5084 -3.1256 80 200 120
3.7371 -2.4401 -3.8054 80 200 120
1.9432 -6.4621 -2.2778 80 200 120
3.6097 -7.7752 -1.5203 80 200 120
2.0082 -6.5960 -1.8985 80 200 120
-1.6709 -4.0727 -3.0450 80 200 120
-2.9146 -1.1994 -1.6651 80 200 120
1.2752 -3.8896 -1.8008 80 200 120
6.7097 -1.4833 -3.2629 80 200 120
4.2697 -3.4689 -1.8495 80 200 120
6.0883 -2.6004 -3.3560 80 200 120
6.0244 -3.9031 -4.1796 80 200 120
5.0251 -3.7445 -3.6115 80 200 120
5.3993 -2.9158 -3.6941 80 200 120
5.1312 -3.9805 -3.8090 80 200 120
2.5554 0.2717 -4.5640 80 200 120
2.6024 1.5137 -4.0814 80 200 120
1.2726 -0.8945 -3.8194 80 200 120
3.2750 -2.0371 -4.8712 80 200 120
1.0075 -3.1283 -3.3980 80 200 120
0.2141 -4.0393 -4.3791 80 200 120
3.1687 -5.8909 -4.2361 80 200 120
3.4684 -5.5789 -4.1786 80 200 120
3.5522 -5.8411 -4.2047 80 200 120
4.9301 -3.9176 -4.6834 80 200 120
0.6867 -4.5955 -4.8634 80 200 120
4.8514 -4.3976 -4.8118 80 200 120
3.7463 -3.6726 -4.1985 80 200 120
3.8195 -8.0039 -4.8170 80 200 120
-7.3901 6.5076 -3.5728 80 200 120
3.8812 -3.3603 -3.3601 80 200 120
-0.3148 -0.5840 -4.2894 80 200 120
-3.7543 -1.9829 -1.8808 80 200 120
-2.5321 -2.2972 -4.8491 80 200 120
4.0472 -2.5248 -3.8716 80 200 120
3.5335 -2.3115 -4.0974 80 200 120
-0.4541 -1.6843 -4.6608 80 200 120
3.7384 -2.4237 -4.2146 80 200 120
2.9903 -1.1175 -4.9234 80 200 120
-0.0633 -3.2863 -4.0544 80 200 120
-2.7785 -0.6553 -4.7056 80 200 120
-1.5630 0.3170 -5.9876 80 200 120
2.6163 -7.0070 -2.2359 80 200 120
3.0310 -7.2685 -2.2655 80 200 120
0.3679 -5.2335 -3.1230 80 200 120
4.4861 -5.9911 -1.5299 80 200 120
5.6818 -5.6223 -1.7021 80 200 120
4.0540 -2.9619 -1.7765 80 200 120
3.6340 -7.4975 -2.2996 80 200 120
3.5148 -2.3770 -1.3333 80 200 120
4.2788 -3.4032 -2.1221 80 200 120
2.7898 -7.0937 -1.7931 80 200 120
5.6115 -5.5868 -3.2364 80 200 120
7.0376 -3.7495 -3.9947 80 200 120
4.1728 -2.6456 -2.0746 80 200 120
8.2454 -2.7514 -4.2730 80 200 120
5.5085 -5.6470 -3.7448 80 200 120
6.6924 -1.4353 -2.7851 80 200 120
5.1339 -4.0039 -3.8461 80 200 120
3.6889 -2.4345 -4.0288 80 200 120
3.3912 -2.7960 -4.8082 80 200 120
3.8660 -7.2946 -4.4181 80 200 120
4.2052 -3.5948 -3.9416 80 200 120
0.5776 -4.9735 -4.7662 80 200 120
1.2453 -4.8546 -4.7850 80 200 120
3.7088 -7.7492 -2.6132 80 200 120
3.5969 -4.3061 -4.7978 80 200 120
3.1362 -4.3370 -4.7784 80 200 120
1.9517 -4.0517 -5.0565 80 200 120
-3.3605 -0.5384 -2.0117 80 200 120
3.5770 -2.2680 -4.9794 80 200 120
3.3987 -2.7867 -4.8478 80 200 120
2.5967 -5.5900 -4.7256 80 200 120
2.3381 -0.0957 -4.3631 80 200 120
3.7753 -2.8667 -4.6508 80 200 120
-1.0101 2.2290 -1.6142 80 200 120
2.8969 2.0208 -2.7942 80 200 120
-2.4206 -0.0646 -4.6431 80 200 120
3.9055 -0.3706 -3.8619 80 200 120
1.4255 -1.4094 -4.8656 80 200 120
3.8582 -3.4166 -3.5363 80 200 120
3.1702 -2.1495 -4.2365 80 200 120
-2.1302 -1.8390 -3.6701 80 200 120
-4.0414 -1.0670 -3.4557 80 200 120
2.6484 -6.1107 -1.5179 80 200 120
-3.4747 -1.6933 -2.7283 80 200 120
-2.6277 -0.7872 -1.6887 80 200 120
-0.0707 -5.0084 -2.9040 80 200 120
2.6965 -7.1670 -2.7952 80 200 120
0.3737 -5.2928 -1.8790 80 200 120
2.0642 -6.5838 -1.5322 80 200 120
-2.9376 -2.8359 -1.9124 80 200 120
6.3605 -11.3867 -0.2660 80 200 120
1.5741 -4.9389 -1.5032 80 200 120
0.4331 -4.1118 -1.4998 80 200 120
1.9678 -6.5268 -2.0748 80 200 120
0.9719 -3.5436 -1.6539 80 200 120
4.8390 -6.1804 -1.5107 80 200 120
6.2079 -4.2951 -3.0051 80 200 120
3.3347 -7.3472 -1.6531 80 200 120
4.1659 -1.5749 -1.5192 80 200 120
7.0806 -3.8249 -3.5052 80 200 120
3.2549 -7.0368 -1.5072 80 200 120
2.6697 -6.8499 -1.6434 80 200 120
2.7150 -7.0762 -2.1373 80 200 120
4.2297 -3.5323 -3.3637 80 200 120
4.8763 -3.1855 -3.4550 80 200 120
3.2344 1.2636 -4.5560 80 200 120
1.7872 2.2530 -3.4568 80 200 120
1.4766 -3.5811 -4.7385 80 200 120
3.7497 -5.5748 -4.2804 80 200 120
3.0829 -5.5961 -4.1734 80 200 120
5.5102 -4.1310 -4.8723 80 200 120
0.0648 -5.0563 -4.7730 80 200 120
4.0289 -2.5216 -3.8913 80 200 120
4.6543 -3.5619 -4.8322 80 200 120
-2.6365 -0.3164 -1.5030 80 200 120
3.0697 0.1188 -3.3265 80 200 120
2.3458 -0.9550 -4.1901 80 200 120
4.0170 -2.0776 -3.7580 80 200 120
-4.3531 3.7546 -4.0479 80 200 120
4.3395 -0.4492 -3.8018 80 200 120
-3.1285 -2.2600 -1.7558 80 200 120
-2.2115 -2.8339 -3.4624 80 200 120
-2.5776 -2.3572 -2.5295 80 200 120
4.9870 0.0021 -3.7685 80 200 120
-3.1414 -0.1356 -3.7478 80 200 120
3.3328 -1.4948 -4.0413 80 200 120
1.2808 -1.0641 -4.3159 80 200 120
-2.4566 0.3248 -5.2094 80 200 120
-0.5738 -2.3678 -4.7838 80 200 120
-0.9959 -2.7829 -4.2975 80 200 120
-6.7806 -0.7873 -3.6151 80 200 120
-3.8207 -1.7912 -2.1439 80 200 120
3.7566 -6.8476 -1.4473 80 200 120
-3.9744 -1.9935 -2.7823 80 200 120
3.1901 -6.8920 -2.4412 80 200 120
-1.4477 -4.2148 -3.0184 80 200 120
1.3792 -6.1049 -1.8767 80 200 120
2.9283 -5.9754 -2.5436 80 200 120
0.3406 -5.2594 -3.1025 80 200 120
6.5082 -2.0226 -1.6364 80 200 120
6.4050 -1.6207 -1.8966 80 200 120
5.2533 -4.0137 -4.0667 80 200 120
2.6518 0.7132 -3.3483 80 200 120
3.4634 -2.8182 -4.5720 80 200 120
1.1893 -1.7832 -3.3255 80 200 120
1.0491 -2.3255 -4.6132 80 200 120
3.4324 -1.8490 -3.9555 80 200 120
1.2518 1.1590 -3.2920 80 200 120
3.8607 -8.0183 -4.8691 80 200 120
4.7393 -1.6056 -3.6410 80 200 120
0.8991 -4.2320 -4.5285 80 200 120
4.8228 -7.7199 -5.4053 80 200 120
3.6624 -7.1789 -4.6746 80 200 120
3.2764 -6.7568 -4.5393 80 200 120
1.9512 -6.4482 -4.6374 80 200 120
2.4651 -4.4085 -4.7808 80 200 120
4.3122 -4.1097 -4.7983 80 200 120
0.2652 -4.7906 -4.7426 80 200 120
-0.5582 -0.4417 -4.1356 80 200 120
4.2342 -4.7828 -4.7278 80 200 120
4.5412 -4.2070 -4.3461 80 200 120
1.3252 -1.0446 -4.7698 80 200 120
2.4504 -2.1114 -4.4769 80 200 120
2.9896 -1.2619 -4.8452 80 200 120
-7.9075 0.0285 -5.4821 80 200 120
3.2358 -1.6687 -4.4832 80 200 120
1.6008 -1.9621 -4.7908 80 200 120
0.2066 -5.0386 -1.6605 80 200 120
-36.0077 406.7551 -20.2385 80 200 120
-1.8557 -0.8750 -1.7598 80 200 120
2.6028 -6.9055 -2.4362 80 200 120
2.7372 -7.2069 -2.4841 80 200 120
1.4821 -6.0642 -1.5730 80 200 120
0.6649 -3.1689 -1.4863 80 200 120
0.7736 -5.6377 -2.8482 80 200 120
0.5100 -5.3995 -2.7030 80 200 120
1.2491 -3.6359 -1.5516 80 200 120
1.3944 -3.6092 -1.9061 80 200 120
2.0396 -6.5593 -2.4327 80 200 120
4.5224 -6.8031 -1.4587 80 200 120
5.5547 -5.5707 -1.5238 80 200 120
3.9503 -3.2413 -2.0247 80 200 120
3.9888 -8.3014 -2.2324 80 200 120
3.7738 -3.5891 -1.4979 80 200 120
4.3790 -1.9530 -2.0153 80 200 120
4.5315 -5.5422 -1.4776 80 200 120
2.7328 -6.9423 -2.1877 80 200 120
2.6971 -6.9355 -1.6437 80 200 120
4.4462 -4.4132 -1.4835 80 200 120
2.6434 -6.8668 -2.2847 80 200 120
7.9382 -2.2790 -2.7818 80 200 120
2.9838 -7.2052 -1.6207 80 200 120
2.8848 -6.8000 -1.5199 80 200 120
3.3249 -4.4880 -1.4865 80 200 120
7.3358 -1.9194 -3.3510 80 200 120
4.2361 -3.5301 -3.3364 80 200 120
1.0279 0.2815 -4.0113 80 200 120
3.4313 -5.2225 -4.6383 80 200 120
4.9167 -9.0713 -6.2373 80 200 120
0.7595 -3.0354 -3.9201 80 200 120
3.1289 -5.1614 -4.3454 80 200 120
3.2472 -5.1931 -4.3359 80 200 120
3.0254 -4.0346 -4.7741 80 200 120
4.0882 -6.1795 -4.4730 80 200 120
1.0655 -5.8169 -4.4213 80 200 120
2.9698 -5.5614 -4.1769 80 200 120
3.6669 -3.7776 -4.1135 80 200 120
-1.5908 -3.0118 -4.0678 80 200 120
-2.0784 -0.9653 -4.9683 80 200 120
-0.2364 -1.4954 -4.9567 80 200 120
-3.8630 -0.1635 -2.3281 80 200 120
1.4115 -1.4912 -1.4813 80 200 120
-3.1800 -0.9037 -3.2370 80 200 120
0.7398 -1.0129 -4.1815 80 200 120
3.2625 -1.2727 -3.8947 80 200 120
-2.9684 -1.0398 -4.3025 80 200 120
0.4259 -1.7485 -4.8117 80 200 120
0.8468 -1.9076 -4.7667 80 200 120
-1.4519 -2.1088 -2.4295 80 200 120
2.7479 -7.1067 -2.6120 80 200 120
1.2029 -5.9427 -2.9661 80 200 120
1.6490 -6.2825 -2.7177 80 200 120
3.6240 -7.6911 -1.6387 80 200 120
1.0997 -2.9351 -1.5190 80 200 120
0.4947 -5.3763 -3.1790 80 200 120
6.9595 -3.9470 -1.7025 80 200 120
7.8300 -1.7738 -2.0594 80 200 120
6.9246 -3.2161 -1.4123 80 200 120
5.6662 -4.6201 -1.4829 80 200 120
7.6833 -2.8941 -2.0262 80 200 120
6.9198 -4.0492 -3.0909 80 200 120
7.9012 -3.0355 -3.6085 80 200 120
5.6263 -5.5891 -3.2130 80 200 120
8.0444 -2.3977 -3.4639 80 200 120
7.3010 -2.3201 -3.6556 80 200 120
7.2922 -3.3583 -2.4521 80 200 120
7.7519 -2.0205 -4.0055 80 200 120
4.0953 -3.5842 -3.3249 80 200 120
4.0134 -3.0451 -4.6446 80 200 120
5.2218 -6.0577 -4.7608 80 200 120
0.8354 -3.4746 -4.9034 80 200 120
3.8812 -2.6617 -4.4687 80 200 120
0.4058 -4.6062 -4.7530 80 200 120
1.4772 -4.2318 -4.7949 80 200 120
3.4696 -6.0046 -4.2378 80 200 120
0.9461 -4.4124 -4.7689 80 200 120
0.8262 -5.6607 -4.2277 80 200 120
3.0983 -4.5518 -4.8338 80 200 120
2.7508 -5.5734 -4.6286 80 200 120
2.7158 -1.1875 -4.8758 80 200 120
3.8913 -1.9504 -4.0553 80 200 120
2.7462 -5.5226 -4.5270 80 200 120
-0.8008 -3.8790 -1.8422 80 200 120
-1.6547 5.2358 -1.2416 80 200 120
-1.2336 -0.7920 -3.3227 80 200 120
4.5137 -1.0457 -4.1735 80 200 120
3.6173 -5.5055 -4.2694 80 200 120
2.4429 -6.9573 -4.8998 80 200 120
4.2090 1.2735 -3.2195 80 200 120
3.1741 0.7149 -1.6851 80 200 120
2.1043 1.1344 -3.9378 80 200 120
4.2463 -2.7679 -3.5928 80 200 120
-3.8332 -1.9827 -3.7235 80 200 120
2.4664 -2.0955 -4.4921 80 200 120
1.6228 -2.0377 -4.7694 80 200 120
2.6622 -1.4822 -4.6810 80 200 120
0.3415 -2.0128 -1.3879 80 200 120
3.7024 -8.1857 -1.5966 80 200 120
-0.1883 -5.0160 -2.8996 80 200 120
-1.3863 -4.2350 -3.0202 80 200 120
0.8633 -5.6084 -1.5692 80 200 120
0.7797 -5.5967 -2.2895 80 200 120
-0.6475 -4.4725 -1.8062 80 200 120
1.5973 -6.2522 -2.1062 80 200 120
0.0308 -2.8744 -1.5221 80 200 120
2.2731 -6.7032 -2.5429 80 200 120
6.5908 -2.2274 -1.7936 80 200 120
7.6741 -2.3201 -1.9858 80 200 120
5.3623 -2.9689 -1.6459 80 200 120
5.1218 -6.2763 -1.6392 80 200 120
4.9235 -5.6996 -1.4707 80 200 120
3.4664 -3.2920 -1.6056 80 200 120
4.0850 -7.2827 -1.5323 80 200 120
3.0377 -7.3652 -1.5357 80 200 120
3.5310 -7.7343 -1.8273 80 200 120
6.3953 -3.9968 -3.7988 80 200 120
8.0954 -2.8850 -4.2169 80 200 120
5.3152 -4.8320 -3.4156 80 200 120
4.2398 -3.5370 -3.3612 80 200 120
4.9499 -6.2810 -4.6789 80 200 120
2.6479 -5.6395 -4.5411 80 200 120
1.9442 -1.5625 -3.6711 80 200 120
2.8882 -5.3069 -4.3726 80 200 120
2.7997 -5.4373 -4.4523 80 200 120
-0.7231 5.3087 -3.5233 80 200 120
1.4280 -6.0201 -4.8083 80 200 120
5.1439 -3.7630 -4.8980 80 200 120
4.8892 -3.9275 -5.0282 80 200 120
3.2050 -5.0999 -4.3053 80 200 120
0.4821 -1.1229 -4.5357 80 200 120
-1.0599 -0.9931 -4.6415 80 200 120
-0.7399 -0.8451 -2.5017 80 200 120
-0.0934 -3.9266 -4.1483 80 200 120
2.1629 -2.4604 -4.2982 80 200 120
4.4259 -4.2302 -4.2567 80 200 120
3.0850 -5.0890 -4.4573 80 200 120
3.0540 -7.0693 -4.4311 80 200 120
3.3784 -7.4002 -4.5218 80 200 120
3.1857 -1.6548 -4.8611 80 200 120
0.3372 -0.3285 -3.8519 80 200 120
1.7409 2.4775 -2.0346 80 200 120
3.6094 -2.0937 -3.8212 80 200 120
5.7017 -0.4628 -3.4667 80 200 120
5.5035 -2.3559 -3.0630 80 200 120
1.2758 -0.8928 -4.7675 80 200 120
1.3657 -1.2040 -4.2054 80 200 120
3.1177 1.7264 -3.4504 80 200 120
2.9366 -6.9450 -1.4270 80 200 120
1.0725 -5.7800 -1.5461 80 200 120
2.7932 -6.9470 -2.3430 80 200 120
-3.6275 -0.4625 -2.3661 80 200 120
2.5738 -6.9606 -2.4054 80 200 120
1.6734 -6.2275 -1.5395 80 200 120
1.0780 -2.9121 -1.4985 80 200 120
2.6761 -7.0562 -2.7182 80 200 120
3.0154 -7.0939 -2.3301 80 200 120
1.4846 -6.1226 -2.8153 80 200 120
-2.1929 -3.0599 -1.4704 80 200 120
0.2533 -5.2340 -3.1047 80 200 120
3.2212 -7.4116 -1.9963 80 200 120
0.4346 -3.8317 -1.5053 80 200 120
4.5021 -7.0757 -1.5090 80 200 120
4.7683 -4.8674 -1.4937 80 200 120
4.2895 -3.4320 -2.0496 80 200 120
4.6486 -3.7349 -4.6266 80 200 120
1.0643 -2.8867 -4.7586 80 200 120
4.3827 -2.6313 -3.8268 80 200 120
4.2915 -1.2069 -3.9316 80 200 120
2.1575 -2.3460 -3.7229 80 200 120
3.8161 -7.9521 -4.7938 80 200 120
4.7393 -0.6734 -3.7936 80 200 120
0.2210 -0.7278 -4.5792 80 200 120
-3.7112 4.7106 -5.8276 80 200 120
2.9217 -1.1255 -4.8284 80 200 120
4.3255 -7.1181 -4.6911 80 200 120
3.9797 -2.6874 -3.8006 80 200 120
4.3018 -4.7890 -4.7841 80 200 120
3.2720 -6.1971 -4.1908 80 200 120
2.7799 -5.7566 -4.2524 80 200 120
1.1749 -4.1389 -4.8243 80 200 120
0.2744 -4.5618 -4.5988 80 200 120
1.3173 -4.4359 -4.8176 80 200 120
1.0685 -5.7934 -4.4548 80 200 120
3.8901 -4.2565 -4.7934 80 200 120
2.9601 -5.3638 -4.2162 80 200 120
3.0709 -7.0996 -4.7098 80 200 120
0.8014 -5.6295 -4.2757 80 200 120
3.9757 -3.1821 -4.5197 80 200 120
2.7904 0.1821 -3.4051 80 200 120
4.0258 0.0076 -4.1487 80 200 120
2.0856 6.2652 -4.0589 80 200 120
3.7178 -2.4766 -3.8588 80 200 120
3.4568 -2.1546 -3.7857 80 200 120
3.9768 -2.7119 -3.8121 80 200 120
3.2191 -2.2371 -3.7684 80 200 120
-0.4375 -0.5785 -1.6795 80 200 120
3.4029 -5.3104 -4.3896 80 200 120
-2.5632 -0.0098 -2.1682 80 200 120
1.0147 1.2775 -4.4957 80 200 120
-2.7205 -1.9416 -4.3099 80 200 120
-3.5667 -1.2087 -3.9879 80 200 120
-4.1230 -1.4602 -2.3297 80 200 120
-2.7393 -2.4600 -3.5310 80 200 120
3.2066 -1.9133 -4.0050 80 200 120
2.6763 -1.3133 -4.7686 80 200 120
-2.0964 0.7566 -3.5148 80 200 120
-1.9464 -1.0451 -2.4417 80 200 120
-2.2529 -0.3081 -2.1905 80 200 120
1.7458 -6.3728 -1.6375 80 200 120
0.0258 -4.3298 -1.4647 80 200 120
-1.1435 -2.3123 -1.4895 80 200 120
3.1486 -7.4508 -1.8055 80 200 120
-1.4019 -3.9378 -2.1338 80 200 120
3.5753 -7.5651 -1.6713 80 200 120
-0.7192 -4.4130 -2.9058 80 200 120
3.5522 -7.7732 -1.7554 80 200 120
0.9637 -5.7361 -2.5540 80 200 120
7.6796 -3.0518 -1.4460 80 200 120
6.7233 -3.7274 -1.5251 80 200 120
5.9318 -4.4795 -1.5410 80 200 120
4.3790 -5.8964 -1.5197 80 200 120
5.2533 -4.2861 -1.5374 80 200 120
2.6847 -7.0160 -1.5731 80 200 120
2.8021 -7.1429 -1.8241 80 200 120
3.4125 -4.5457 -1.5026 80 200 120
2.9127 -6.8548 -1.4777 80 200 120
7.2523 -3.3331 -2.9156 80 200 120
3.9616 -3.2962 -1.9472 80 200 120
7.5937 -3.5348 -4.1916 80 200 120
3.9005 -3.4313 -1.6469 80 200 120
3.2558 -6.5884 -2.5971 80 200 120
2.5673 -6.9210 -2.3956 80 200 120
7.0391 -3.7063 -4.7171 80 200 120
4.9529 -3.8696 -4.7012 80 200 120
3.6429 -2.4273 -3.7445 80 200 120
4.1000 1.3379 -3.1525 80 200 120
3.3284 -6.0999 -4.1854 80 200 120
2.8898 -5.3364 -4.6385 80 200 120
3.0495 -5.1933 -4.7472 80 200 120
2.7144 -5.5108 -4.5830 80 200 120
4.4075 -5.5504 -4.8228 80 200 120
6.4247 -4.4522 -4.7560 80 200 120
3.0571 -5.1184 -4.4235 80 200 120
3.0064 -5.2054 -4.7155 80 200 120
2.7499 0.1286 -4.4866 80 200 120
1.2679 -0.4887 -2.0737 80 200 120
4.2182 -4.7268 -4.7920 80 200 120
1.9589 -6.4113 -4.6469 80 200 120
3.6204 -2.4201 -4.8753 80 200 120
2.7958 -5.3723 -4.5310 80 200 120
5.3345 -3.6570 -5.0755 80 200 120
4.5375 -0.1489 -1.5279 80 200 120
4.5420 0.5431 -2.9241 80 200 120
1.6572 1.2460 -3.4170 80 200 120
4.4388 -1.3003 -3.7021 80 200 120
5.3427 -0.4813 -3.9536 80 200 120
2.2735 -0.6786 -4.2137 80 200 120
4.0299 -2.7831 -3.7788 80 200 120
-1.9429 -0.0984 -4.9922 80 200 120
4.4261 -1.8567 -3.8641 80 200 120
3.2329 -1.8171 -4.4953 80 200 120
-0.3803 -1.1841 -1.5966 80 200 120
3.4446 -1.6600 -3.8114 80 200 120
1.8220 -1.5819 -3.9344 80 200 120
0.9163 -1.5992 -4.7901 80 200 120
2.4395 -1.8533 -4.6242 80 200 120
5.5542 -0.0578 -1.9299 80 200 120
2.2061 -6.1466 -1.4943 80 200 120
-0.5482 -1.0680 -1.6327 80 200 120
0.3502 -5.2376 -1.5863 80 200 120
-0.7610 -4.5198 -3.1240 80 200 120
-0.2706 -2.0276 -1.4923 80 200 120
1.8114 -6.3707 -2.8640 80 200 120
-5.0298 -0.4612 -3.6073 80 200 120
0.0370 -5.0516 -2.8962 80 200 120
0.9169 -5.6962 -3.0967 80 200 120
-4.5558 -0.5677 -2.2230 80 200 120
0.7258 -5.5689 -2.4938 80 200 120
1.6803 -6.3590 -2.8599 80 200 120
-4.1493 -2.5310 -2.8826 80 200 120
2.3793 -6.9894 -2.9217 80 200 120
2.6248 -7.0715 -2.2344 80 200 120
3.0119 -5.9576 -2.6673 80 200 120
5.9048 -5.1580 -2.5458 80 200 120
7.0222 -3.8423 -2.3337 80 200 120
6.1033 -5.0237 -3.7620 80 200 120
4.4110 -3.4267 -3.3432 80 200 120
3.6648 -0.4161 -4.0943 80 200 120
1.9363 2.0309 -3.4302 80 200 120
1.1239 -3.7067 -4.6052 80 200 120
3.4436 -2.2600 -4.5593 80 200 120
1.4910 -4.2464 -4.7814 80 200 120
3.8179 -7.9483 -4.7867 80 200 120
2.6736 -5.6657 -4.4405 80 200 120
3.7660 -2.8460 -4.6472 80 200 120
4.4037 -1.4829 -3.5927 80 200 120
4.8104 -6.2713 -4.8090 80 200 120
0.6559 -4.1341 -4.7560 80 200 120
0.0813 -4.6393 -4.4457 80 200 120
0.5700 -4.2983 -4.7242 80 200 120
2.3445 -6.3176 -4.8001 80 200 120
-2.6738 0.0581 -2.2069 80 200 120
3.5748 -3.0514 -4.8348 80 200 120
0.7334 -4.6435 -4.8247 80 200 120
-3.2484 -0.0274 -2.7687 80 200 120
-1.5848 1.4221 -2.9486 80 200 120
3.8237 -3.4376 -4.6917 80 200 120
2.0337 -3.9969 -4.8191 80 200 120
1.1326 -4.1891 -4.8155 80 200 120
3.9392 -3.1954 -4.4821 80 200 120
3.2216 -2.2313 -3.7749 80 200 120
2.8119 0.9816 -3.5237 80 200 120
4.2680 -4.0740 -4.2686 80 200 120
3.3466 -5.3256 -4.2569 80 200 120
3.8828 -2.9872 -3.7102 80 200 120
3.7683 -0.9529 -3.9232 80 200 120
-1.2734 -0.1552 -2.4754 80 200 120
2.2948 1.9894 -3.7161 80 200 120
0.0809 -1.2410 -3.4206 80 200 120
-0.5016 -1.1906 -4.5759 80 200 120
2.1595 -1.9979 -3.8971 80 200 120
2.5718 0.1512 -4.4730 80 200 120
3.2251 -1.9194 -4.0352 80 200 120
0.7027 -0.2762 -4.9974 80 200 120
2.3111 0.6308 -5.1579 80 200 120
3.5562 -2.3538 -4.1006 80 200 120
3.1476 0.8382 -4.4800 80 200 120
0.4496 -1.0847 -4.4617 80 200 120
2.2783 -1.0586 -2.7889 80 200 120
4.4768 -3.3659 -2.8250 80 200 120
2.9748 -1.1972 -4.8248 80 200 120
-2.5614 -2.9916 -3.3219 80 200 120
1.8077 -6.4728 -3.0895 80 200 120
0.8310 -2.7614 -1.6309 80 200 120
-1.7165 -0.2612 -2.0078 80 200 120
1.4876 -6.1084 -1.5373 80 200 120
-4.9175 -1.3713 -3.7050 80 200 120
1.4096 -6.0863 -3.2091 80 200 120
2.8195 -7.1093 -2.3350 80 200 120
4.9214 -6.6725 -1.7289 80 200 120
8.0646 -2.3423 -3.5430 80 200 120
3.8948 -7.4306 -1.4395 80 200 120
3.9710 -3.8202 -1.4776 80 200 120
7.1031 -2.1536 -3.1953 80 200 120
3.3668 -7.6950 -1.4734 80 200 120
5.1449 -3.6353 -3.5237 80 200 120
4.5383 -6.8609 -4.6789 80 200 120
4.1618 -3.0403 -4.0212 80 200 120
5.4069 -5.8692 -4.7452 80 200 120
3.7265 -7.6911 -4.6423 80 200 120
3.7753 -5.7242 -4.2527 80 200 120
4.1442 -4.9245 -4.8182 80 200 120
3.0650 -6.2063 -4.2426 80 200 120
2.8039 -6.5409 -4.5853 80 200 120
4.6376 -5.4735 -4.8041 80 200 120
4.7693 -3.6890 -4.7955 80 200 120
1.5097 -4.2453 -4.8102 80 200 120
2.9881 -4.8842 -4.8521 80 200 120
3.0767 -3.9593 -4.8530 80 200 120
2.8927 -5.4934 -4.2080 80 200 120
5.1281 -3.7914 -4.8751 80 200 120
3.2477 -5.1285 -4.6636 80 200 120
4.5622 -4.0255 -4.8569 80 200 120
-0.2991 -4.9000 -4.7418 80 200 120
2.4555 -3.9829 -4.7335 80 200 120
3.2791 -4.7065 -4.8409 80 200 120
2.9620 -5.2018 -4.7170 80 200 120
1.7991 0.6490 -3.2927 80 200 120
1.6411 -6.3957 -4.9391 80 200 120
3.5064 -5.5599 -4.2872 80 200 120
3.0777 -5.1292 -4.5840 80 200 120
2.4188 -4.6248 -2.6219 80 200 120
2.6135 -0.2941 -3.7369 80 200 120
3.5582 0.9535 -4.5550 80 200 120
3.8098 -2.7279 -4.7891 80 200 120
0.2562 3.1766 -1.7206 80 200 120
-1.0196 1.8216 -2.4469 80 200 120
2.7041 1.3762 -4.3210 80 200 120
-3.5079 -1.4992 -1.5729 80 200 120
4.8796 0.6159 -2.3250 80 200 120
-1.1534 -4.0722 -1.6046 80 200 120
3.8505 -2.6706 -3.8451 80 200 120
-0.1253 0.9287 -3.4716 80 200 120
-2.6368 -0.2521 -1.6117 80 200 120
-3.4355 -2.4919 -1.8039 80 200 120
1.2042 -5.9454 -2.9643 80 200 120
-0.1646 -3.1121 -1.4592 80 200 120
-2.8714 -0.1026 -2.5272 80 200 120
1.9983 -6.6740 -2.4831 80 200 120
1.3069 -6.0513 -3.3543 80 200 120
2.5812 -6.8049 -2.3898 80 200 120
1.4975 -6.2196 -2.6012 80 200 120
-0.0880 -4.9501 -1.8965 80 200 120
1.8711 -6.4319 -2.3922 80 200 120
6.9761 -2.5610 -1.5086 80 200 120
6.4102 -4.6611 -1.7693 80 200 120
6.4754 -4.3040 -1.5385 80 200 120
6.1415 -4.0042 -1.4464 80 200 120
4.9631 -4.6419 -1.5070 80 200 120
2.7325 -7.1706 -1.4959 80 200 120
2.9283 -7.1131 -2.6831 80 200 120
7.1210 -3.9072 -3.6619 80 200 120
7.6022 -3.1524 -4.0391 80 200 120
3.2995 -5.1831 -4.7419 80 200 120
1.4926 -0.9148 -4.1454 80 200 120
4.0661 -2.1274 -3.7106 80 200 120
2.8785 -5.3801 -4.8130 80 200 120
0.9637 -3.5581 -4.8306 80 200 120
7.3341 -1.2308 -1.4900 80 200 120
0.2526 -3.2575 -4.6378 80 200 120
3.4925 -5.5519 -4.2413 80 200 120
3.7801 -1.1766 -3.9842 80 200 120
2.9587 -5.3919 -4.2230 80 200 120
4.8347 -5.3106 -4.8154 80 200 120
3.4008 -7.6353 -4.4441 80 200 120
0.1601 -4.4582 -4.2378 80 200 120
-0.0846 -4.6672 -4.4691 80 200 120
0.4446 -5.0865 -4.8728 80 200 120
3.2796 -5.1708 -4.4291 80 200 120
3.6117 -4.3757 -4.8137 80 200 120
0.7078 -4.8465 -4.7597 80 200 120
2.0677 0.9280 -1.7493 80 200 120
-0.5323 -2.4218 -4.7949 80 200 120
2.7396 -7.2284 -4.8856 80 200 120
1.3435 -3.5301 -2.3366 80 200 120
-2.5921 -2.7178 -1.7123 80 200 120
2.6881 -5.6375 -4.3033 80 200 120
4.3470 -0.4393 -3.8360 80 200 120
3.1776 -2.1131 -3.9168 80 200 120
2.4566 -6.9223 -4.8345 80 200 120
-0.4350 -0.6791 -2.4531 80 200 120
0.4795 0.0592 -3.7069 80 200 120
1.1678 2.4707 -2.5621 80 200 120
1.2189 -0.8321 -4.7869 80 200 120
1.4199 -1.3782 -4.1175 80 200 120
0.2383 2.0858 -4.3330 80 200 120
-0.6986 -4.5548 -3.1688 80 200 120
2.5096 -6.9850 -2.5476 80 200 120
-3.3811 -2.6442 -2.5399 80 200 120
1.6615 -6.2661 -1.5535 80 200 120
1.8643 -6.3661 -1.5783 80 200 120
-2.2642 -0.2094 -2.1907 80 200 120
-1.7973 -0.4141 -1.7874 80 200 120
-2.5122 -0.6423 -2.9243 80 200 120
5.9419 -4.6938 -1.6056 80 200 120
6.9720 -2.3922 -1.8013 80 200 120
2.9066 -6.9780 -1.3950 80 200 120
3.5062 -8.0591 -2.2078 80 200 120
2.8192 -7.0865 -1.8230 80 200 120
4.0542 -3.1931 -2.0876 80 200 120
2.6213 -6.7941 -2.2856 80 200 120
2.6662 -6.8468 -2.7003 80 200 120
2.7838 -6.9961 -2.5459 80 200 120
2.5108 -6.8454 -2.1477 80 200 120
4.1829 -3.5762 -3.4062 80 200 120
4.1355 -3.5870 -3.4108 80 200 120
2.7783 -0.1084 -3.3386 80 200 120
1.6310 -0.2602 -3.1261 80 200 120
3.5979 -2.4696 -4.7903 80 200 120
-0.2431 -1.3058 -4.6227 80 200 120
2.6987 -5.6254 -4.8884 80 200 120
3.8407 -8.0154 -4.8259 80 200 120
0.0874 -1.0547 -4.6386 80 200 120
3.9967 -3.2355 -4.1972 80 200 120
3.8737 -2.6307 -4.8700 80 200 120
3.5776 -5.6565 -4.2208 80 200 120
5.6368 -5.5928 -4.7575 80 200 120
4.4465 -7.2171 -4.1021 80 200 120
4.8280 -4.9515 -4.8231 80 200 120
0.4126 -4.2070 -4.2473 80 200 120
-0.7486 -4.3083 -4.5137 80 200 120
0.4053 -3.8014 -4.7686 80 200 120
0.1988 -4.2919 -4.2126 80 200 120
2.5186 -6.7448 -4.6756 80 200 120
1.2857 -3.8761 -4.8304 80 200 120
2.5956 -6.8310 -2.9210 80 200 120
2.8539 -5.7811 -4.3209 80 200 120
3.7198 -2.4858 -4.2444 80 200 120
3.0570 -5.9336 -4.2534 80 200 120
0.2258 -3.8140 -4.2100 80 200 120
3.8225 -0.7390 -3.7333 80 200 120
4.0834 -3.7538 -4.4363 80 200 120
3.4019 -5.3880 -4.1010 80 200 120
3.3125 -3.1706 -4.2243 80 200 120
3.3680 -5.3484 -4.3135 80 200 120
3.9158 -2.7446 -4.7943 80 200 120
3.1757 -2.4403 -3.5509 80 200 120
1.6931 -6.3077 -4.7750 80 200 120
-0.6408 -0.9728 -2.9345 80 200 120
5.1263 0.4106 -1.9807 80 200 120
0.0318 -1.0644 -4.0113 80 200 120
3.4513 -0.1006 -4.2298 80 200 120
0.5724 0.0278 -4.7498 80 200 120
2.3059 -1.7176 -4.1271 80 200 120
2.4314 -1.1829 -4.6629 80 200 120
0.0421 -1.8065 -3.4178 80 200 120
-3.6077 -0.3683 -2.3134 80 200 120
3.9534 -1.6739 -3.8023 80 200 120
3.9303 -3.3691 -2.0601 80 200 120
-3.6555 -2.1308 -4.3229 80 200 120
-0.8036 -4.4211 -2.9296 80 200 120
-2.3138 -2.5617 -3.4650 80 200 120
2.3309 -6.9494 -2.4581 80 200 120
1.4420 -6.1671 -2.8277 80 200 120
0.5754 -2.4544 -1.4891 80 200 120
0.9482 -2.6902 -1.3912 80 200 120
1.1578 -5.9388 -2.4828 80 200 120
1.3477 -3.8822 -1.4918 80 200 120
5.6890 -4.3208 -1.5073 80 200 120
5.5770 -5.2095 -1.5617 80 200 120
4.4734 -3.3843 -2.1164 80 200 120
4.3358 -3.5385 -1.8702 80 200 120
2.6359 -7.1056 -1.8174 80 200 120
2.8069 -6.9819 -2.2010 80 200 120
5.6501 -5.6210 -2.0385 80 200 120
7.5169 -1.9027 -2.3099 80 200 120
2.1350 -6.5976 -1.5589 80 200 120
1.8224 -6.4893 -1.5016 80 200 120
7.9886 -2.2330 -2.8050 80 200 120
2.5142 -6.8755 -1.5842 80 200 120
6.3514 -4.5319 -4.7921 80 200 120
2.5380 1.8048 -5.6364 80 200 120
4.8890 -6.5216 -4.7915 80 200 120
4.4456 -7.2250 -4.8224 80 200 120
3.5790 -3.0518 -4.8358 80 200 120
4.0632 0.3522 -3.9667 80 200 120
4.6973 -6.7044 -4.7360 80 200 120
2.6946 -5.6577 -4.3675 80 200 120
-1.3913 5.6719 -6.0190 80 200 120
3.2700 -5.6968 -4.2181 80 200 120
3.5403 -7.6919 -3.8364 80 200 120
3.6215 -5.6277 -4.2745 80 200 120
1.4340 -3.5462 -4.8385 80 200 120
0.8653 -3.5656 -4.8404 80 200 120
4.3713 -6.7597 -4.5817 80 200 120
4.2790 -7.0801 -4.6570 80 200 120
2.8111 -5.3804 -4.7864 80 200 120
4.7358 -6.6824 -4.7734 80 200 120
4.0367 -6.4181 -4.4977 80 200 120
2.0537 -6.2711 -4.8900 80 200 120
4.0256 -3.7492 -4.7995 80 200 120
3.9257 -3.4736 -4.8628 80 200 120
5.0196 -3.7930 -4.8607 80 200 120
2.4535 -3.9228 -4.8264 80 200 120
2.0366 -6.5749 -2.9612 80 200 120
2.8911 -3.5820 -4.9213 80 200 120
5.4507 -4.2026 -4.8060 80 200 120
-4.1323 -1.4751 -2.3414 80 200 120
4.9960 -3.8702 -4.7986 80 200 120
3.9920 -2.6767 -3.8162 80 200 120
-1.6444 -3.2225 -4.3116 80 200 120
2.8459 -5.4129 -4.1960 80 200 120
-0.2642 -1.4977 -2.0015 80 200 120
-1.3515 3.0175 -1.5420 80 200 120
2.8239 -5.3914 -4.8252 80 200 120
7.8712 -1.9235 -4.0352 80 200 120
4.7678 -2.1938 -3.9656 80 200 120
3.6526 -2.0668 -4.1895 80 200 120
4.5377 -2.7102 -3.1189 80 200 120
-0.2179 -1.5622 -4.3646 80 200 120
-0.1235 1.9869 -3.1410 80 200 120
2.7243 -7.0531 -1.5413 80 200 120
2.5396 -6.9071 -1.5818 80 200 120
-3.9073 -1.1947 -3.4522 80 200 120
-0.1780 -1.3042 -1.3994 80 200 120
-1.9643 -3.1224 -2.5446 80 200 120
1.7995 -6.3659 -2.0681 80 200 120
3.4343 -7.1596 -1.7949 80 200 120
0.2346 -5.2456 -3.1785 80 200 120
-2.4420 -2.8886 -2.9792 80 200 120
1.0898 -5.9316 -2.2534 80 200 120
5.6923 -5.1772 -1.6972 80 200 120
6.4620 -3.0521 -1.5030 80 200 120
6.6952 -4.3453 -1.6882 80 200 120
3.8518 -8.0789 -2.6138 80 200 120
6.4319 -4.6237 -3.6853 80 200 120
4.1779 -7.7262 -3.7864 80 200 120
6.4886 -4.2699 -4.6831 80 200 120
5.6198 -5.5319 -4.7897 80 200 120
6.1238 -4.9178 -4.7748 80 200 120
5.1633 -4.0471 -4.0983 80 200 120
0.9333 -0.3433 -4.5241 80 200 120
3.6340 -5.5044 -4.5218 80 200 120
4.2076 -1.9151 -3.9334 80 200 120
3.1423 -6.0174 -4.2839 80 200 120
3.2657 -1.8154 -4.0505 80 200 120
5.8649 -5.2259 -4.7909 80 200 120
4.8840 -5.6631 -4.7670 80 200 120
1.0167 -5.4363 -4.8512 80 200 120
3.6972 -6.2449 -4.3405 80 200 120
6.5936 -4.3939 -4.7602 80 200 120
6.2145 -4.7229 -4.7862 80 200 120
2.8126 0.8686 -3.4811 80 200 120
3.9627 -0.5208 -3.7446 80 200 120
1.9748 -6.4617 -4.7258 80 200 120
1.4508 -4.2331 -4.8540 80 200 120
-3.5670 -2.0871 -1.6647 80 200 120
3.6830 -2.2226 -3.8468 80 200 120
3.7540 -2.4604 -3.8699 80 200 120
-0.9546 3.1461 -2.4446 80 200 120
1.6210 0.9658 -4.6425 80 200 120
2.6898 2.3600 -4.3043 80 200 120
3.2756 -2.0623 -3.6812 80 200 120
2.4757 -4.5148 -2.6904 80 200 120
-0.8998 -0.7229 -4.2396 80 200 120
-4.1138 -0.5504 -3.9272 80 200 120
-1.7056 -0.2986 -3.4444 80 200 120
0.8123 -1.1310 -4.6083 80 200 120
-0.8729 -0.7509 -3.0023 80 200 120
3.3351 -1.5374 -4.2015 80 200 120
6.4734 -0.8220 -2.5525 80 200 120
-5.3945 -0.3123 -3.6544 80 200 120
3.0136 -7.3417 -1.5254 80 200 120
2.2797 -6.8139 -1.7367 80 200 120
-2.9866 -0.5644 -3.6197 80 200 120
-1.3937 1.0739 -1.7979 80 200 120
-3.5033 -0.3297 -3.0269 80 200 120
1.7977 -6.4283 -2.8667 80 200 120
-0.7311 0.3150 -1.5172 80 200 120
-3.8913 -0.5684 -3.2451 80 200 120
-3.7072 -2.0707 -4.2956 80 200 120
-1.1649 -3.9961 -3.7934 80 200 120
-2.4812 -3.3203 -2.8388 80 200 120
4.6648 -3.7919 -1.5229 80 200 120
4.0431 -7.0801 -1.4844 80 200 120
4.1176 -3.1699 -1.8685 80 200 120
4.0934 -5.7481 -1.4699 80 200 120
3.8424 -8.0237 -3.0584 80 200 120
4.2089 -3.5919 -3.3898 80 200 120
4.7377 -4.4568 -4.7013 80 200 120
2.2370 -0.4943 -4.3621 80 200 120
5.1981 -0.6693 -3.9138 80 200 120
4.9426 -0.2998 -3.9316 80 200 120
3.2862 -5.6159 -4.2096 80 200 120
0.9180 -1.6083 -4.8548 80 200 120
4.6032 0.3637 -4.0214 80 200 120
1.7898 -6.3061 -4.9220 80 200 120
3.5577 -5.4115 -4.7237 80 200 120
3.9529 -5.8125 -4.3423 80 200 120
3.7831 -5.0955 -4.8283 80 200 120
5.9963 -5.0695 -4.7333 80 200 120
5.2598 -5.2399 -4.8279 80 200 120
3.4666 -4.8672 -4.8099 80 200 120
3.7824 -6.0407 -4.3048 80 200 120
2.7096 -5.7781 -4.3843 80 200 120
4.5311 -6.0155 -4.8060 80 200 120
1.9057 -5.9771 -4.8506 80 200 120
-0.2667 -3.9803 -4.2284 80 200 120
4.9048 -3.9096 -4.6883 80 200 120
3.0051 -4.0166 -4.7995 80 200 120
0.1191 -4.5167 -4.2778 80 200 120
0.4076 -4.2336 -4.1871 80 200 120
4.8757 -3.7112 -4.8337 80 200 120
-0.8606 0.6236 -1.9258 80 200 120
-0.5555 3.0326 -3.0892 80 200 120
0.0741 2.7960 -2.2798 80 200 120
3.0628 -1.1962 -4.8704 80 200 120
-2.3714 -3.2241 -1.5230 80 200 120
0.9401 -1.8368 -4.4568 80 200 120
-4.0161 -0.4020 -1.4707 80 200 120
-3.6292 -1.5148 -1.4951 80 200 120
3.0518 -5.1206 -4.7365 80 200 120
4.1177 -2.9404 -4.7387 80 200 120
2.6956 -5.6547 -4.2935 80 200 120
4.0273 -3.7219 -4.8236 80 200 120
3.3995 -5.3870 -4.3581 80 200 120
3.8966 -3.4909 -4.8820 80 200 120
-2.9986 -0.3679 -3.8232 80 200 120
3.3361 -5.6972 -4.2750 80 200 120
3.4799 1.6242 -4.0084 80 200 120
3.9585 -2.7704 -3.7727 80 200 120
-0.8159 -0.7648 -2.4838 80 200 120
3.7856 -2.7584 -3.7960 80 200 120
2.3203 -0.4059 -4.4889 80 200 120
4.5412 0.0555 -3.9218 80 200 120
4.7374 -0.3495 -3.8835 80 200 120
2.4346 -1.1735 -4.7205 80 200 120
2.2121 -6.7193 -2.2190 80 200 120
1.0644 -5.1684 -1.4979 80 200 120
1.6689 -6.2861 -2.7050 80 200 120
-0.7253 -4.4043 -2.8968 80 200 120
-1.7107 -3.9602 -3.1728 80 200 120
-3.7656 -2.4943 -4.5793 80 200 120
-0.0980 -4.9633 -1.8749 80 200 120
-0.6979 -3.7821 -1.4616 80 200 120
-4.7118 -1.1132 -2.7178 80 200 120
-3.2123 -0.4464 -1.6192 80 200 120
3.7532 -7.9106 -1.5392 80 200 120
-1.9545 -3.4759 -1.9459 80 200 120
1.3348 -6.0555 -3.3521 80 200 120
5.2252 -6.0665 -1.5554 80 200 120
5.7694 -5.4598 -1.8589 80 200 120
3.8308 -7.7190 -1.6892 80 200 120
5.3953 -6.0455 -4.2130 80 200 120
3.5208 -7.8522 -2.2247 80 200 120
8.0450 -2.5514 -2.9695 80 200 120
2.4192 -7.0024 -1.4820 80 200 120
2.6265 -7.0354 -2.2503 80 200 120
7.4400 -2.6126 -3.4544 80 200 120
2.2619 -6.8720 -1.8254 80 200 120
4.4959 -6.8498 -3.8119 80 200 120
6.8838 -3.7636 -3.9469 80 200 120
8.3463 -2.9514 -4.2147 80 200 120
5.0432 -3.8933 -3.8336 80 200 120
2.7410 -5.7312 -5.0189 80 200 120
3.1727 -1.6503 -4.8547 80 200 120
3.9824 -1.5645 -3.8410 80 200 120
1.3096 -1.3692 -4.0547 80 200 120
3.0576 -5.2222 -4.2394 80 200 120
0.7859 -1.9723 -4.8779 80 200 120
4.1800 1.5660 -3.1797 80 200 120
4.0569 -7.1211 -4.5533 80 200 120
1.6636 -6.1269 -4.6144 80 200 120
1.9858 -5.7535 -4.8577 80 200 120
4.4411 -5.1716 -4.8631 80 200 120
0.3203 -3.9301 -4.1567 80 200 120
1.2102 -5.8349 -4.7511 80 200 120
2.7002 -7.1103 -1.5336 80 200 120
2.0981 -6.1595 -4.8042 80 200 120
0.1090 -5.0452 -4.7032 80 200 120
3.8074 -2.6262 -4.4841 80 200 120
3.9051 -2.8914 -3.7370 80 200 120
1.9742 -2.3340 -3.6715 80 200 120
-0.3143 -0.5740 -4.4181 80 200 120
4.0627 -2.1860 -3.8163 80 200 120
-1.2327 -0.3740 -1.8076 80 200 120
4.3516 -0.5015 -3.7867 80 200 120
4.8247 -1.8518 -1.4619 80 200 120
1.6556 -1.9230 -3.8079 80 200 120
2.1502 -0.9510 -3.9652 80 200 120
-3.4224 -1.9014 -2.1765 80 200 120
3.4289 -1.7954 -3.7643 80 200 120
2.1279 -2.1642 -3.8565 80 200 120
3.4854 -2.3625 -3.7174 80 200 120
-1.8675 -3.1212 -1.7445 80 200 120
6.5264 -1.3156 -3.2188 80 200 120
3.3225 -1.6367 -4.2595 80 200 120
1.3847 -1.3578 -4.4653 80 200 120
0.9151 -0.7668 -4.3827 80 200 120
5.9675 -0.4213 -1.9703 80 200 120
2.0978 1.1951 -2.9766 80 200 120
1.3774 -5.9400 -1.6476 80 200 120
0.4349 -5.3784 -2.0677 80 200 120
0.6320 -5.4628 -2.3880 80 200 120
0.6497 -5.3265 -1.5723 80 200 120
0.8422 -0.2361 -1.4688 80 200 120
-1.2285 -2.9917 -1.4859 80 200 120
2.2110 -6.7443 -1.8243 80 200 120
-3.5365 -0.8711 -4.0048 80 200 120
-0.4959 0.7281 -1.4570 80 200 120
2.5066 -7.0067 -2.1766 80 200 120
2.5042 -6.6452 -2.5471 80 200 120
-1.9478 -3.8552 -4.0309 80 200 120
-2.4603 -0.4375 -2.9383 80 200 120
6.0324 -4.8447 -4.1801 80 200 120
4.2486 -7.0373 -3.9872 80 200 120
5.1863 -6.8727 -4.3483 80 200 120
2.4666 -7.5780 -1.9669 80 200 120
2.1940 -6.9083 -2.2091 80 200 120
2.7245 -6.2830 -2.5444 80 200 120
3.5910 -7.8400 -3.4313 80 200 120
5.1154 -4.0014 -3.8585 80 200 120
4.2083 -3.5846 -3.4066 80 200 120
4.7718 -5.2277 -4.7445 80 200 120
4.8385 -4.8926 -4.8093 80 200 120
4.1929 -3.5910 -3.4199 80 200 120
4.1335 -3.6732 -4.5524 80 200 120
4.1956 -3.7276 -4.6057 80 200 120
4.2946 -4.7440 -4.7819 80 200 120
4.1186 -4.8946 -4.8391 80 200 120
2.2904 -0.4259 -4.1997 80 200 120
2.2854 -3.0986 -3.1687 80 200 120
3.8010 -7.9083 -4.7518 80 200 120
4.1704 -2.9230 -4.3310 80 200 120
4.6327 -2.7858 -3.6627 80 200 120
2.6994 -5.7212 -4.4034 80 200 120
4.2772 -3.0818 -3.7255 80 200 120
3.0913 -5.9620 -4.1606 80 200 120
2.9725 -5.4052 -4.2299 80 200 120
3.3492 -6.4316 -4.2947 80 200 120
2.2488 -5.3521 -4.7629 80 200 120
4.6301 -5.1995 -4.8598 80 200 120
-0.2685 -3.2514 -4.7896 80 200 120
5.1268 -6.2449 -4.6423 80 200 120
2.0799 -6.3320 -2.9206 80 200 120
3.0854 -5.2063 -4.2459 80 200 120
4.9623 -3.6851 -4.9034 80 200 120
0.0940 -3.1688 -4.7929 80 200 120
1.2290 -5.9311 -4.8174 80 200 120
2.3355 -1.9216 -3.8780 80 200 120
-1.1411 1.3717 -3.5312 80 200 120
3.6529 -1.2153 -4.0271 80 200 120
3.5773 -2.6466 -4.6447 80 200 120
1.7651 1.9965 -3.4862 80 200 120
0.3394 2.8285 -1.6976 80 200 120
-1.3187 2.8255 -1.6043 80 200 120
3.3422 -1.6894 -4.0625 80 200 120
-3.1379 -1.3989 -4.8345 80 200 120
0.8817 -0.1629 -2.0217 80 200 120
-3.0240 -0.8079 -2.3796 80 200 120
0.7560 -1.0541 -4.1336 80 200 120
4.1886 -3.6716 -1.9493 80 200 120
3.8999 -3.4217 -2.0023 80 200 120
4.1400 -3.2188 -2.1662 80 200 120
2.5655 0.7740 -4.7742 80 200 120
3.5601 0.9028 -4.5888 80 200 120
-2.4728 0.1568 -3.1201 80 200 120
0.0305 -4.9310 -1.5192 80 200 120
0.7091 -4.9333 -1.4660 80 200 120
0.9742 -5.6487 -1.9432 80 200 120
-0.8246 1.1255 -1.9496 80 200 120
-4.3950 -1.7087 -3.7935 80 200 120
-3.7784 -2.5184 -2.4747 80 200 120
-3.6024 -2.5736 -3.3862 80 200 120
1.6396 -6.4342 -1.7751 80 200 120
-2.6923 -0.3602 -3.4351 80 200 120
0.1140 -2.0810 -1.4851 80 200 120
0.2975 -5.2218 -3.1190 80 200 120
1.7457 -6.5589 -2.9124 80 200 120
-1.5828 -3.4819 -4.0440 80 200 120
2.2912 -6.5242 -2.5351 80 200 120
0.9504 -2.6700 -1.4818 80 200 120
3.6249 -7.6037 -1.6777 80 200 120
6.2891 -4.9085 -2.8135 80 200 120
2.4923 -6.5895 -1.6850 80 200 120
7.6857 -3.1608 -3.5796 80 200 120
4.1083 -3.2503 -1.9154 80 200 120
3.3487 -7.5861 -3.1892 80 200 120
2.8535 -7.3645 -2.1213 80 200 120
5.0986 -3.9316 -3.7294 80 200 120
6.1570 -4.7057 -4.6710 80 200 120
4.6341 -5.1245 -4.8060 80 200 120
4.3132 -3.6168 -3.3677 80 200 120
4.1322 -4.3438 -4.7591 80 200 120
3.9509 -4.2010 -4.8414 80 200 120
3.9666 -5.0617 -4.8507 80 200 120
4.4726 -3.6438 -3.4158 80 200 120
1.1384 -0.9817 -3.8528 80 200 120
1.8794 0.2982 -3.2961 80 200 120
1.5398 -2.0155 -4.0047 80 200 120
2.9620 0.5184 -4.6405 80 200 120
4.4091 -0.1817 -3.8513 80 200 120
2.2191 -2.5808 -4.2242 80 200 120
2.9132 -5.8978 -4.2117 80 200 120
3.1531 -7.3482 -4.2870 80 200 120
0.4737 -2.9920 -4.8490 80 200 120
0.3152 -3.6880 -4.5828 80 200 120
0.1649 -4.6838 -4.5395 80 200 120
0.7633 -5.5594 -4.7364 80 200 120
0.3702 -4.9347 -4.8578 80 200 120
1.1403 -5.2126 -4.8160 80 200 120
2.9557 -3.9712 -4.8280 80 200 120
1.5872 -4.4314 -4.8005 80 200 120
0.4768 -5.3064 -4.6682 80 200 120
3.2137 -4.0139 -4.8092 80 200 120
0.0467 -4.7650 -4.2410 80 200 120
3.7895 -2.8435 -4.6186 80 200 120
-1.5490 1.6886 -1.5606 80 200 120
-0.4421 -1.0944 -1.5513 80 200 120
-3.8115 -1.8692 -1.6037 80 200 120
4.0215 -1.0564 -3.6433 80 200 120
2.6458 0.6927 -3.9365 80 200 120
-0.7337 -0.9394 -1.9428 80 200 120
-2.3798 -2.9790 -1.6109 80 200 120
-3.9113 -1.2147 -1.4495 80 200 120
0.9578 -3.5674 -4.8396 80 200 120
1.4349 1.5137 -4.4300 80 200 120
4.7796 -2.2142 -3.9286 80 200 120
3.8619 -1.8919 -3.6860 80 200 120
2.3735 0.8210 -3.9792 80 200 120
1.6114 -1.8503 -3.8631 80 200 120
1.7857 -0.5092 -4.2154 80 200 120
-2.2767 -3.0063 -1.6155 80 200 120
3.7558 -2.4387 -3.8679 80 200 120
2.3261 -2.0737 -3.9961 80 200 120
3.4993 -2.3994 -3.9758 80 200 120
3.9651 -3.3683 -1.5422 80 200 120
-1.0678 -4.0907 -1.5925 80 200 120
-3.6502 -1.6174 -4.7121 80 200 120
0.4336 -5.1454 -3.6642 80 200 120
-0.9631 -4.4005 -3.7627 80 200 120
4.0080 -8.4269 -4.3727 80 200 120
2.0738 -6.8351 -1.4270 80 200 120
1.8868 -6.9145 -1.7995 80 200 120
5.3689 -5.8399 -4.0879 80 200 120
4.2521 -7.1438 -3.6534 80 200 120
2.9879 -7.3307 -2.7572 80 200 120
2.0953 -6.7488 -1.9789 80 200 120
4.1847 -3.9536 -4.3140 80 200 120
5.8204 -5.2023 -4.7780 80 200 120
5.0132 -3.8592 -3.8320 80 200 120
5.0107 -3.8814 -3.9067 80 200 120
5.6443 -4.9126 -4.8493 80 200 120
4.0045 -3.8727 -4.2995 80 200 120
1.3755 1.1266 -4.5474 80 200 120
3.9760 -3.7382 -4.6277 80 200 120
2.3714 2.5554 -3.6126 80 200 120
5.8558 -4.1435 -4.3055 80 200 120
6.7425 -1.0626 -3.2471 80 200 120
4.5873 -3.6674 -4.1254 80 200 120
1.1775 1.7990 -3.9608 80 200 120
3.0792 -5.5564 -4.2022 80 200 120
4.4090 1.2069 -4.2679 80 200 120
4.0815 -7.4001 -4.6715 80 200 120
4.1854 -3.6783 -4.4192 80 200 120
2.7072 -5.6257 -4.2500 80 200 120
4.0283 -3.0352 -4.1434 80 200 120
3.0005 -5.4464 -4.2541 80 200 120
0.6759 -1.8533 -4.9848 80 200 120
1.1624 -1.8994 -4.5038 80 200 120
2.2111 -6.5361 -4.7817 80 200 120
3.4525 -5.5378 -4.2504 80 200 120
2.7618 -7.1761 -4.2099 80 200 120
3.9234 -4.8552 -4.8555 80 200 120
3.9199 -3.4589 -4.8449 80 200 120
5.6718 -5.5413 -4.7674 80 200 120
-0.3930 -3.6550 -4.1864 80 200 120
0.5283 -4.3722 -4.7653 80 200 120
-0.3147 -4.3789 -4.1645 80 200 120
2.8227 -4.8817 -4.8159 80 200 120
1.9004 -5.3666 -4.8433 80 200 120
-0.9182 -3.7887 -4.2015 80 200 120
0.4552 -4.1524 -4.1413 80 200 120
2.4246 -4.4521 -4.7980 80 200 120
1.2124 -3.9637 -4.8385 80 200 120
-1.1513 -3.2022 -4.4284 80 200 120
0.1374 -3.6194 -4.8018 80 200 120
1.4436 -3.5551 -4.8311 80 200 120
2.0377 -3.7711 -4.8632 80 200 120
1.1145 -4.8854 -4.8648 80 200 120
1.7008 -2.2718 -3.8124 80 200 120
1.7335 -2.2833 -4.0124 80 200 120
4.7460 2.0885 -4.5238 80 200 120
4.9328 0.0993 -4.0857 80 200 120
3.4513 -2.3608 -4.8216 80 200 120
-0.0893 3.1140 -2.2201 80 200 120
4.0241 -3.7078 -4.8414 80 200 120
2.7446 -5.5503 -4.8065 80 200 120
3.9672 -1.7685 -3.7809 80 200 120
3.7223 1.2685 -4.8919 80 200 120
-2.8201 -0.7588 -2.9859 80 200 120
7.0945 -1.3005 -1.7304 80 200 120
6.4161 -0.6402 -3.6347 80 200 120
2.3006 -0.9765 -4.2759 80 200 120
2.7126 -0.1138 -4.8421 80 200 120
-3.3149 -0.5918 -2.3892 80 200 120
-3.9505 -1.5235 -1.5652 80 200 120
1.9748 -6.3204 -1.7460 80 200 120
0.8195 -4.2541 -1.4965 80 200 120
-0.3048 1.9762 -1.6290 80 200 120
-3.4780 -1.2271 -4.5396 80 200 120
-0.8649 2.0514 -1.7459 80 200 120
-0.8066 -0.8413 -2.0433 80 200 120
-0.6325 -0.9328 -2.4559 80 200 120
4.4170 -3.5527 -2.2504 80 200 120
7.7183 -2.6039 -1.4719 80 200 120
4.8942 -5.3805 -1.5401 80 200 120
5.8539 -4.1746 -1.5089 80 200 120
2.7564 -7.3717 -2.7408 80 200 120
8.1957 -2.3077 -3.5257 80 200 120
3.6979 -8.4059 -4.1194 80 200 120
4.4176 -4.0876 -4.3692 80 200 120
4.8069 -3.7046 -4.0753 80 200 120
5.2500 -5.2083 -4.8446 80 200 120
4.0608 -4.1870 -4.7188 80 200 120
4.4304 -3.5532 -4.3604 80 200 120
3.5409 -5.6534 -4.1292 80 200 120
2.6541 0.7545 -3.9110 80 200 120
2.4925 -6.8512 -4.8111 80 200 120
1.0167 0.5191 -4.6128 80 200 120
6.4551 -0.7750 -2.5484 80 200 120
2.2112 -2.5184 -4.2825 80 200 120
8.5040 -2.3399 -2.8795 80 200 120
4.3720 -5.5836 -4.8435 80 200 120
3.2920 -5.3166 -4.2270 80 200 120
1.8061 -6.2952 -4.4662 80 200 120
4.4035 -3.6015 -4.8888 80 200 120
0.4566 -4.1930 -4.2523 80 200 120
6.0515 -5.3112 -4.8793 80 200 120
-0.0543 -4.2424 -4.2119 80 200 120
-3.3379 -2.1426 -4.7965 80 200 120
-0.7397 -3.1206 -4.6390 80 200 120
3.0537 -3.6144 -4.8287 80 200 120
1.6979 -4.0894 -4.8738 80 200 120
2.3836 -4.9332 -4.8201 80 200 120
1.6500 -5.1896 -4.8371 80 200 120
-1.7278 -1.9229 -4.9008 80 200 120
-4.1885 -1.0471 -3.5481 80 200 120
0.2597 -2.6868 -4.7848 80 200 120
1.6414 -3.2666 -4.8476 80 200 120
0.7869 -3.3501 -4.8270 80 200 120
2.3536 -4.1195 -4.8486 80 200 120
-3.1509 -0.7746 -4.6452 80 200 120
-1.3723 -0.8824 -3.3269 80 200 120
0.9724 -2.8406 -4.8147 80 200 120
-3.7176 -0.7523 -3.9492 80 200 120
2.7349 -3.3245 -4.8555 80 200 120
-0.3022 -1.9248 -4.8379 80 200 120
0.1116 -0.7771 -3.7000 80 200 120
2.1966 -2.4852 -3.7075 80 200 120
-0.4502 -1.1098 -1.5673 80 200 120
-2.9815 -1.0973 -1.5885 80 200 120
-0.8921 -0.8960 -1.9030 80 200 120
4.3204 -1.9036 -3.7974 80 200 120
-0.6554 -0.8687 -2.8900 80 200 120
0.9261 -0.5107 -3.9527 80 200 120
3.1313 0.8231 -4.5428 80 200 120
0.5500 0.0876 -3.7491 80 200 120
3.9845 -2.1946 -3.8076 80 200 120
3.4826 1.4039 -1.8902 80 200 120
-0.0765 -0.7186 -3.6701 80 200 120
2.1309 -0.0703 -4.3230 80 200 120
-0.3345 -1.2695 -2.3827 80 200 120
-0.9685 -0.0036 -3.1638 80 200 120
1.1274 -1.2652 -4.0799 80 200 120
1.9339 -1.1994 -3.9414 80 200 120
3.7450 -2.4162 -3.8611 80 200 120
0.1618 2.0399 -5.1271 80 200 120
0.6445 -0.8165 -4.2257 80 200 120
0.5286 -3.0948 -1.5213 80 200 120
4.8690 0.5637 -2.3025 80 200 120
-1.0405 -3.6318 -4.1713 80 200 120
-1.4230 -3.8619 -1.7877 80 200 120
-0.4448 -4.6660 -1.6651 80 200 120
-0.4445 3.9286 -1.1827 80 200 120
-3.3926 1.0098 -3.4304 80 200 120
-3.3368 -2.2870 -4.6234 80 200 120
-1.6147 -3.9349 -3.9372 80 200 120
-3.7008 -0.7805 -4.0488 80 200 120
0.2269 -5.2830 -3.6557 80 200 120
-2.6919 -3.2417 -4.4265 80 200 120
4.8032 -3.6388 -1.8902 80 200 120
4.6544 -6.7814 -1.6191 80 200 120
4.3072 -3.6272 -2.0664 80 200 120
4.5991 -7.1487 -2.7724 80 200 120
4.2282 -6.9386 -3.9591 80 200 120
5.8018 -4.7288 -4.8563 80 200 120
4.2927 -5.2625 -4.8332 80 200 120
4.4158 -3.6374 -3.3440 80 200 120
4.2744 -3.6658 -3.4738 80 200 120
4.9485 -3.9004 -4.3060 80 200 120
3.7567 -7.6908 -4.6495 80 200 120
4.3660 -2.9997 -4.4274 80 200 120
2.6467 -5.8036 -4.7807 80 200 120
2.3526 0.5465 -3.3360 80 200 120
2.8368 -5.5964 -4.4085 80 200 120
1.6894 -2.1818 -4.6431 80 200 120
3.4836 -2.3064 -3.7884 80 200 120
3.3533 -6.2437 -4.2871 80 200 120
2.6858 -6.0051 -4.4180 80 200 120
1.4271 -5.7175 -4.8776 80 200 120
-0.9785 -3.9586 -4.3388 80 200 120
2.7127 -6.8674 -1.6240 80 200 120
-1.5704 -3.5610 -4.3646 80 200 120
-1.0917 -3.3045 -4.3132 80 200 120
-0.6516 -3.2323 -4.2877 80 200 120
-0.0645 -3.6340 -4.1814 80 200 120
3.9111 -3.4883 -4.9077 80 200 120
0.1295 -3.5856 -4.7593 80 200 120
3.4309 -5.4106 -4.3113 80 200 120
-0.4605 -3.2378 -4.4516 80 200 120
-0.0904 -1.0407 -4.7419 80 200 120
-0.7113 -0.9645 -4.1386 80 200 120
2.0360 -2.5211 -4.6130 80 200 120
1.3184 -1.9173 -4.3556 80 200 120
0.5886 -4.1269 -4.7892 80 200 120
-2.8409 0.0690 -1.5706 80 200 120
2.4944 -2.9355 -4.8337 80 200 120
1.1504 -2.6369 -4.7405 80 200 120
2.9332 -3.1334 -4.8478 80 200 120
-0.3374 -0.5207 -3.5508 80 200 120
-0.9049 2.0508 -1.6266 80 200 120
-0.1428 -3.6140 -4.1720 80 200 120
4.3301 0.5929 -4.0496 80 200 120
5.4263 2.0310 -4.4897 80 200 120
3.9364 0.7304 -4.7066 80 200 120
3.0771 -5.1414 -4.8280 80 200 120
-0.4461 -1.2074 -1.9783 80 200 120
0.8493 2.3381 -2.0816 80 200 120
-1.4777 -2.6409 -4.7957 80 200 120
0.7177 -2.6380 -1.5276 80 200 120
-0.1187 -1.0386 -1.9645 80 200 120
-0.7437 -0.1173 -2.1343 80 200 120
-1.7475 1.7196 -3.0677 80 200 120
3.0756 -1.2721 -1.4226 80 200 120
5.6840 -0.2850 -1.5145 80 200 120
4.2615 -3.6529 -2.2784 80 200 120
3.5855 -1.8118 -3.6415 80 200 120
5.2866 -1.7640 -4.1988 80 200 120
4.0844 -0.9682 -3.5996 80 200 120
4.9320 -0.3091 -4.0291 80 200 120
2.8299 0.6484 -3.2448 80 200 120
6.5731 -1.1819 -4.7074 80 200 120
7.3452 -1.4293 -2.6247 80 200 120
3.9511 -3.3746 -1.5641 80 200 120
4.6067 -3.0111 -2.1317 80 200 120
0.1865 -0.1168 -1.5597 80 200 120
5.1267 -4.0877 -1.5020 80 200 120
-3.0975 -0.8452 -4.5372 80 200 120
1.8683 -6.5685 -1.7492 80 200 120
-0.6265 -3.3298 -1.4266 80 200 120
0.3239 -5.2408 -2.6110 80 200 120
2.1999 -6.6318 -1.6061 80 200 120
2.3519 -6.6996 -1.5908 80 200 120
-1.2294 2.2255 -1.8926 80 200 120
-1.7306 1.2492 -2.2844 80 200 120
6.3274 -4.7674 -1.9804 80 200 120
4.9984 -5.3840 -1.6576 80 200 120
4.3230 -3.1078 -2.0732 80 200 120
3.5463 -7.6766 -3.4072 80 200 120
1.8696 -7.1440 -2.5161 80 200 120
4.2942 -7.7131 -2.3955 80 200 120
5.0405 -3.8969 -3.8077 80 200 120
2.7238 -3.2332 -4.7949 80 200 120
3.0541 -4.0114 -4.8376 80 200 120
4.0995 -4.7185 -4.8485 80 200 120
3.1221 -4.2429 -4.8177 80 200 120
4.3990 -3.7006 -3.4641 80 200 120
2.9537 -3.1039 -4.8524 80 200 120
3.6082 -4.3534 -4.8439 80 200 120
3.9376 -3.5366 -4.8893 80 200 120
3.3940 -6.2036 -4.2785 80 200 120
4.3133 -3.1140 -3.9322 80 200 120
3.8822 -3.4094 -4.2771 80 200 120
2.9857 0.2869 -4.5277 80 200 120
3.9617 -7.0060 -4.4638 80 200 120
3.7520 -0.0937 -3.0414 80 200 120
2.6892 -5.7152 -4.3423 80 200 120
4.2268 -6.9256 -4.5906 80 200 120
2.9124 -5.8141 -4.1986 80 200 120
-1.3528 -2.5643 -4.5912 80 200 120
1.2043 -5.1473 -4.8190 80 200 120
4.1647 -6.1287 -4.5515 80 200 120
1.9084 -5.4150 -4.8716 80 200 120
0.0402 -3.1424 -4.8212 80 200 120
4.0710 -3.7301 -4.7205 80 200 120
3.2995 -3.1450 -4.8392 80 200 120
2.4763 -2.1731 -4.7361 80 200 120
0.0671 0.0050 -3.7099 80 200 120
-1.6920 -1.1250 -4.6955 80 200 120
0.8737 -0.2725 -4.3649 80 200 120
2.2508 -2.5654 -4.6383 80 200 120
3.9453 -1.7690 -3.7594 80 200 120
1.1458 -5.8494 -4.7738 80 200 120
4.1459 -2.8687 -4.7820 80 200 120
2.6597 -5.6000 -4.8111 80 200 120
2.9106 -5.5262 -5.0637 80 200 120
3.8083 -2.5587 -4.5158 80 200 120
-4.8287 -0.8171 -1.2810 80 200 120
4.5795 -2.9273 -4.6911 80 200 120
-1.5317 1.6918 -1.7697 80 200 120
-1.5906 0.8893 -2.6267 80 200 120
0.4479 -0.8275 -3.6962 80 200 120
6.9490 -3.8525 -2.3709 80 200 120
-0.8024 -0.7742 -2.7291 80 200 120
2.0845 1.3558 -3.4429 80 200 120
3.8830 -2.1413 -3.5931 80 200 120
4.0615 -3.7079 -2.1010 80 200 120
-0.4199 -4.0436 -4.0688 80 200 120
-1.7578 -3.1583 -4.2004 80 200 120
-3.6774 -1.7284 -4.7330 80 200 120
-3.8731 -1.8499 -3.6871 80 200 120
-0.1620 -0.9308 -2.8804 80 200 120
-0.2696 -0.8877 -1.5640 80 200 120
-0.8395 -4.3869 -3.7505 80 200 120
-2.2931 -2.3293 -4.6901 80 200 120
-0.8179 -4.4081 -2.9038 80 200 120
0.3797 2.7240 -1.3746 80 200 120
-1.6599 1.5485 -2.9489 80 200 120
-3.8958 -1.9934 -2.7816 80 200 120
-2.8706 -2.7723 -2.4665 80 200 120
6.2534 -3.9802 -1.4971 80 200 120
5.2122 -3.8617 -1.6641 80 200 120
2.3024 -6.6773 -1.8661 80 200 120
1.9648 -6.4707 -2.1861 80 200 120
4.0054 -7.2911 -3.6360 80 200 120
2.5945 -6.9608 -2.9756 80 200 120
3.4444 -7.2513 -3.6912 80 200 120
2.1596 -6.4706 -2.0351 80 200 120
2.2534 -6.6584 -2.5468 80 200 120
6.5694 -1.4868 -1.6649 80 200 120
4.3052 -7.2026 -1.8984 80 200 120
2.5319 -6.7706 -2.5039 80 200 120
3.5247 -5.7605 -1.4203 80 200 120
5.0570 -4.0017 -4.0125 80 200 120
3.9832 -3.3821 -4.7946 80 200 120
3.2862 -3.1851 -4.8362 80 200 120
2.3996 -1.8099 -4.6037 80 200 120
6.4282 -4.3892 -4.7603 80 200 120
1.9931 -2.4808 -4.6924 80 200 120
2.2288 -2.5655 -4.2209 80 200 120
3.4689 -7.4906 -4.7143 80 200 120
2.3552 -2.4606 -4.6625 80 200 120
2.3724 -2.0548 -3.7189 80 200 120
3.5231 -2.3629 -3.9978 80 200 120
2.6652 -1.2551 -4.8197 80 200 120
6.0913 -4.9038 -4.7019 80 200 120
0.8645 -5.5336 -4.6805 80 200 120
2.1554 -2.5482 -4.7778 80 200 120
-0.7043 -4.1853 -4.1772 80 200 120
5.6880 -5.1838 -4.6575 80 200 120
1.8640 -2.3195 -4.4364 80 200 120
-0.0107 -4.6668 -4.6140 80 200 120
2.3578 -2.1299 -3.8973 80 200 120
-0.2616 2.7449 -4.5559 80 200 120
2.2638 -1.8709 -3.7224 80 200 120
2.7240 -2.2245 -4.8588 80 200 120
-0.9852 -0.0956 -3.6553 80 200 120
-0.2190 4.4415 -1.4911 80 200 120
-0.7473 3.0051 -1.5106 80 200 120
-1.0010 1.1396 -3.4917 80 200 120
-0.4817 -4.1168 -4.1618 80 200 120
-0.6773 -0.9942 -1.8793 80 200 120
4.3160 -0.4253 -3.7979 80 200 120
-1.6317 -0.9268 -4.2252 80 200 120
-0.4581 4.0947 -2.1846 80 200 120
-0.6365 2.7109 -2.5203 80 200 120
-0.4651 0.5635 -3.5479 80 200 120
0.7125 2.0677 -3.2816 80 200 120
-0.5440 2.7307 -1.5467 80 200 120
2.2384 0.6130 -4.5911 80 200 120
-2.6270 -0.1538 -1.5750 80 200 120
-3.3635 -0.6552 -1.5317 80 200 120
0.8406 -0.8799 -3.7697 80 200 120
1.7642 0.8076 -4.5446 80 200 120
2.2383 2.2899 -1.9486 80 200 120
0.4147 -3.0469 -1.4787 80 200 120
3.2077 1.3524 -3.4309 80 200 120
1.4005 1.9931 -2.6132 80 200 120
4.1097 -2.0948 -3.8698 80 200 120
3.8016 -0.5299 -4.2136 80 200 120
5.2202 -1.2377 -4.2915 80 200 120
0.0248 0.2388 -3.6700 80 200 120
-2.1111 -2.0191 -4.8007 80 200 120
-0.4290 3.1874 -2.3644 80 200 120
-0.4417 -1.1815 -3.1185 80 200 120
-3.2784 -0.6217 -4.6395 80 200 120
2.1619 -5.7008 -2.3784 80 200 120
-0.8293 -3.3658 -4.1619 80 200 120
-2.3611 -2.9062 -3.1865 80 200 120
1.7396 -6.5911 -2.9102 80 200 120
-3.0075 -0.2117 -3.6100 80 200 120
-1.6681 -3.6579 -3.7732 80 200 120
-0.2584 -1.3126 -3.4745 80 200 120
-3.6570 -2.1461 -4.1557 80 200 120
4.2790 -7.0235 -1.6409 80 200 120
4.8530 -4.9719 -1.6446 80 200 120
5.7916 -5.5072 -2.6972 80 200 120
3.0334 -7.4465 -2.7331 80 200 120
1.9691 -6.3272 -1.5718 80 200 120
2.1321 -6.4924 -1.5570 80 200 120
4.0383 -3.3261 -1.7175 80 200 120
5.0415 -6.4324 -2.4883 80 200 120
1.8391 -6.3063 -2.3391 80 200 120
6.8013 -3.9445 -1.7789 80 200 120
1.6733 -6.1261 -1.5786 80 200 120
3.8052 -8.1142 -3.0336 80 200 120
4.9150 -3.8150 -3.8594 80 200 120
4.6917 -3.7137 -3.5992 80 200 120
3.0756 -3.6104 -4.7827 80 200 120
3.2437 -3.4301 -4.8314 80 200 120
2.4448 -2.0546 -4.7267 80 200 120
5.0328 -5.4853 -4.4514 80 200 120
2.5324 -2.9372 -4.8119 80 200 120
4.8149 -5.4787 -4.6406 80 200 120
2.1925 -2.5525 -4.7296 80 200 120
2.7211 1.3041 -3.5309 80 200 120
6.2053 -0.7823 -4.6255 80 200 120
4.2758 -2.8136 -3.9042 80 200 120
4.6941 -3.0061 -3.6778 80 200 120
2.7763 -0.8813 -4.6550 80 200 120
2.6751 0.9923 -3.9565 80 200 120
3.5689 0.5279 -4.5273 80 200 120
2.1601 -5.1876 -4.8304 80 200 120
2.7600 -6.1044 -4.1351 80 200 120
3.5564 -6.5569 -4.3291 80 200 120
4.1010 -4.7165 -4.8163 80 200 120
4.9359 -6.5321 -4.7032 80 200 120
-1.7256 -2.9063 -4.2752 80 200 120
-0.8986 -3.0645 -4.7076 80 200 120
5.5254 -5.6319 -4.6928 80 200 120
4.0228 -5.1541 -4.7853 80 200 120
-2.8921 -2.8656 -4.2775 80 200 120
0.4284 -0.1976 -3.8640 80 200 120
3.2596 -1.9427 -4.1216 80 200 120
2.4124 -1.7775 -4.3174 80 200 120
1.0688 -2.2501 -4.4963 80 200 120
0.3030 -4.3646 -4.1230 80 200 120
3.0765 0.5420 -4.4192 80 200 120
3.0588 -5.1128 -4.7828 80 200 120
3.9324 -3.7039 -4.7263 80 200 120
-0.4084 -1.0775 -1.5200 80 200 120
-0.4096 -0.6680 -1.8854 80 200 120
3.5898 -2.4509 -4.7876 80 200 120
0.8264 1.9320 -4.9693 80 200 120
3.5538 -2.3694 -3.6209 80 200 120
3.7894 -2.5989 -4.4614 80 200 120
-0.2936 3.8460 -2.3581 80 200 120
2.5872 0.7223 -4.7226 80 200 120
-1.6971 1.6174 -3.0085 80 200 120
7.3540 -1.5538 -1.4953 80 200 120
-0.2852 -0.7926 -2.2113 80 200 120
3.4635 0.8587 -4.5193 80 200 120
4.5403 0.0812 -3.9082 80 200 120
3.7660 0.6201 -4.5967 80 200 120
3.8373 0.5661 -3.8270 80 200 120
4.8143 -0.7651 -3.5370 80 200 120
1.0003 -0.6340 -4.0008 80 200 120
7.6937 -2.1352 -1.4390 80 200 120
-1.1811 -0.7749 -2.9847 80 200 120
4.0182 -3.3478 -2.0816 80 200 120
-0.1516 3.5310 -2.1320 80 200 120
0.7808 2.8126 -1.8519 80 200 120
-0.1995 3.1196 -1.5296 80 200 120
-2.5389 -2.6628 -4.7640 80 200 120
2.6930 -7.1244 -1.5133 80 200 120
-3.5053 -2.5799 -4.3157 80 200 120
-3.1477 -0.1578 -4.9388 80 200 120
6.6595 -4.3531 -2.2654 80 200 120
4.7204 -5.3019 -1.7170 80 200 120
3.9248 -7.2496 -1.3717 80 200 120
5.9866 -5.0434 -1.9393 80 200 120
3.6678 -8.2768 -3.5061 80 200 120
2.9893 -6.8700 -3.3737 80 200 120
5.6601 -2.4653 -1.9176 80 200 120
3.6453 -8.3259 -4.0560 80 200 120
4.7840 -6.8842 -2.8563 80 200 120
3.2988 -6.8579 -3.0685 80 200 120
6.8887 -4.1054 -3.0433 80 200 120
4.2209 -6.8456 -3.9333 80 200 120
2.0317 -6.5201 -2.5391 80 200 120
5.0420 -3.9794 -3.9556 80 200 120
2.6941 -2.1989 -4.8351 80 200 120
4.4027 -2.7287 -4.3696 80 200 120
3.2239 1.6350 -4.7110 80 200 120
4.3291 -2.7882 -4.5504 80 200 120
3.1208 -6.0103 -4.1622 80 200 120
4.0684 -3.2808 -4.2706 80 200 120
2.5416 0.3066 -4.7307 80 200 120
2.7716 -6.9085 -4.6037 80 200 120
4.5296 -2.9039 -3.9543 80 200 120
4.7210 -2.8546 -3.8485 80 200 120
5.9682 -1.3803 -4.4191 80 200 120
3.3018 -5.7385 -4.1856 80 200 120
3.7613 -5.5868 -4.5674 80 200 120
1.6645 -5.1681 -4.8170 80 200 120
-1.1985 -3.5807 -4.1771 80 200 120
2.7097 -6.8033 -1.6295 80 200 120
-4.1702 -1.7364 -3.6300 80 200 120
0.5163 2.1760 -4.5063 80 200 120
-0.2385 -3.1065 -4.8658 80 200 120
1.5313 -2.4407 -4.6243 80 200 120
0.1799 2.7217 -3.2416 80 200 120
0.2066 -4.6818 -4.8071 80 200 120
2.6637 -5.5617 -4.7466 80 200 120
0.1618 3.4003 -1.6121 80 200 120
2.7944 -5.3414 -4.7488 80 200 120
-0.1000 -0.8637 -4.0601 80 200 120
3.8440 -3.4741 -4.7944 80 200 120
1.3822 2.5044 -1.5830 80 200 120
2.4709 1.7481 -3.6859 80 200 120
4.0752 0.3771 -1.3940 80 200 120
-2.9664 -0.9443 -1.6402 80 200 120
-1.6669 1.0632 -1.6056 80 200 120
0.5864 3.5817 -1.9599 80 200 120
5.2104 -0.6390 -3.8693 80 200 120
6.3951 -1.2098 -4.6218 80 200 120
7.7567 -1.7775 -1.9627 80 200 120
5.8057 -0.4624 -3.8750 80 200 120
7.2885 -1.4666 -3.7589 80 200 120
2.6943 0.3960 -5.0761 80 200 120
0.4897 2.6706 -5.0306 80 200 120
5.4613 -1.2196 -4.3570 80 200 120
1.3357 1.8127 -4.0001 80 200 120
1.2172 -0.7721 -3.6431 80 200 120
3.5746 -0.1135 -1.3871 80 200 120
0.4729 -3.5421 -1.4740 80 200 120
-1.4961 -1.9830 -4.7802 80 200 120
-0.3146 -1.2688 -3.3898 80 200 120
-0.6691 -3.8627 -4.2331 80 200 120
-0.7453 -0.5074 -1.9331 80 200 120
-3.6303 -1.6000 -4.6694 80 200 120
1.6159 -8.1141 -2.4554 80 200 120
5.4573 -5.6450 -2.6557 80 200 120
1.5221 -6.1377 -2.6062 80 200 120
4.1068 -7.5756 -3.7194 80 200 120
5.0333 -3.9616 -3.9128 80 200 120
3.2621 -1.6341 -4.4571 80 200 120
4.9558 -3.9896 -4.1145 80 200 120
2.7763 0.2800 -4.4522 80 200 120
4.8547 -3.8520 -4.2474 80 200 120
4.2987 0.5630 -4.0135 80 200 120
2.8337 -5.8891 -4.2839 80 200 120
1.9458 -2.3876 -4.7772 80 200 120
3.9659 0.0536 -4.6593 80 200 120
2.4483 -2.2036 -4.1301 80 200 120
3.2224 -5.9496 -4.1465 80 200 120
1.6881 -5.7168 -4.8106 80 200 120
0.5204 -5.2893 -4.7048 80 200 120
0.9142 -5.1130 -4.8277 80 200 120
-1.0455 -3.3362 -4.2187 80 200 120
-1.8348 -2.8262 -4.5417 80 200 120
3.8559 -3.4855 -4.7555 80 200 120
3.9549 -3.7253 -4.7258 80 200 120
5.7462 -5.2098 -4.6803 80 200 120
6.3774 -4.4366 -4.6615 80 200 120
-0.6391 -1.0432 -1.6059 80 200 120
-2.6897 -0.1239 -1.6252 80 200 120
-0.6009 -0.5172 -1.8249 80 200 120
4.5637 -2.9406 -4.7275 80 200 120
3.1943 1.5051 -4.7558 80 200 120
1.6927 -2.0516 -3.7248 80 200 120
-0.3257 -1.2687 -3.4277 80 200 120
4.0840 -2.8912 -4.6728 80 200 120
2.3417 1.2532 -1.5136 80 200 120
1.1244 1.5722 -3.8025 80 200 120
1.5010 3.3618 -1.9860 80 200 120
-0.9128 4.9602 -4.3030 80 200 120
3.5544 -1.8160 -3.6342 80 200 120
1.3829 2.1460 -2.6328 80 200 120
0.1203 -1.2808 -1.4436 80 200 120
1.9220 1.5390 -3.9659 80 200 120
3.8997 -1.7900 -3.5803 80 200 120
6.4692 -0.9127 -1.4661 80 200 120
6.0106 -0.5445 -3.5089 80 200 120
0.1513 -1.6857 -1.5548 80 200 120
0.7000 -5.4515 -1.7878 80 200 120
0.7234 -5.2500 -1.4683 80 200 120
-4.0212 -1.7925 -3.7307 80 200 120
-1.5042 -3.9466 -3.8876 80 200 120
-3.2195 -2.2638 -4.5414 80 200 120
-0.7332 -3.3764 -4.1039 80 200 120
-0.2596 3.9548 -2.1514 80 200 120
-2.9200 -2.7380 -2.4554 80 200 120
0.7441 2.9872 -1.8516 80 200 120
-0.7057 3.2720 -2.9111 80 200 120
-2.0364 0.9098 -2.8335 80 200 120
-3.2509 -2.2604 -4.0027 80 200 120
4.0484 -3.7297 -2.0410 80 200 120
6.5346 -4.1615 -2.5218 80 200 120
4.7337 -6.2375 -1.6646 80 200 120
7.1104 -1.6296 -1.5970 80 200 120
7.4658 -1.8390 -2.3299 80 200 120
7.6888 -1.7551 -1.9048 80 200 120
7.0676 -4.1229 -3.0639 80 200 120
4.7925 -5.7049 -2.7358 80 200 120
3.7789 -9.2176 -4.2906 80 200 120
3.0089 -6.1744 -1.4257 80 200 120
5.0432 -3.9841 -3.8494 80 200 120
4.5607 -2.8840 -4.2994 80 200 120
3.1674 -5.9013 -4.1567 80 200 120
2.7638 -6.5312 -4.4196 80 200 120
6.1373 -4.4826 -3.6722 80 200 120
6.1169 -2.2890 -4.0724 80 200 120
2.0629 -6.5942 -4.7405 80 200 120
3.8768 -3.0485 -4.8222 80 200 120
3.7102 -2.5068 -3.8101 80 200 120
2.9042 -4.8547 -4.8615 80 200 120
6.0241 -0.4225 -3.5582 80 200 120
3.6593 1.0651 -4.7284 80 200 120
4.1223 -2.8772 -4.7081 80 200 120
6.6530 -1.2694 -4.6761 80 200 120
3.1324 -6.0448 -4.0460 80 200 120
1.3381 -6.2883 -4.3301 80 200 120
4.9128 -5.9816 -4.8255 80 200 120
3.0676 -5.6033 -4.0420 80 200 120
3.7601 -6.6612 -4.2839 80 200 120
3.9942 -3.7358 -4.3066 80 200 120
4.0016 -2.8259 -4.7350 80 200 120
-1.5740 -2.5985 -4.8191 80 200 120
-3.8352 -2.0527 -4.7494 80 200 120
3.8986 -2.7138 -4.7277 80 200 120
0.9547 -2.8661 -4.7300 80 200 120
3.3404 -2.2290 -4.5491 80 200 120
1.1300 2.0377 -3.3900 80 200 120
3.0651 -5.1191 -4.8061 80 200 120
4.7637 -1.2357 -4.1670 80 200 120
4.1520 -2.8535 -3.7795 80 200 120
2.8160 1.6405 -1.7612 80 200 120
3.1097 0.7787 -4.4753 80 200 120
3.4815 1.0822 -4.6146 80 200 120
1.3567 1.9862 -5.0750 80 200 120
3.6994 0.5184 -4.5120 80 200 120
2.1775 0.7261 -4.5998 80 200 120
3.1685 1.6171 -3.4358 80 200 120
4.7298 0.4911 -1.8913 80 200 120
-1.1343 2.0639 -2.5131 80 200 120
0.1388 1.4886 -4.6468 80 200 120
7.9461 -2.2078 -2.8072 80 200 120
3.5495 -1.7138 -1.4667 80 200 120
3.6715 -1.0672 -4.1229 80 200 120
2.0434 1.0519 -3.3720 80 200 120
4.0852 0.6722 -4.6157 80 200 120
3.8853 -3.6983 -2.3223 80 200 120
8.6439 -2.2481 -3.4783 80 200 120
3.6133 0.2089 -4.7339 80 200 120
1.9725 -6.6751 -1.8593 80 200 120
-2.8076 -1.1199 -1.6728 80 200 120
-0.3497 -1.2227 -3.8761 80 200 120
-2.0380 -1.3638 -4.7745 80 200 120
-2.4946 -1.9880 -4.9728 80 200 120
-3.2386 -2.5192 -3.0154 80 200 120
0.1694 -4.2899 -3.9670 80 200 120
-2.7836 -2.7791 -3.7292 80 200 120
-0.9247 2.7949 -2.3440 80 200 120
-1.4596 2.3756 -2.4853 80 200 120
-1.4064 -2.6623 -4.7704 80 200 120
3.1693 -7.3461 -4.0284 80 200 120
1.8387 -6.5145 -3.0638 80 200 120
1.8559 -6.1409 -2.8414 80 200 120
6.7642 -1.4338 -1.5686 80 200 120
5.6651 -5.4263 -2.6739 80 200 120
4.3857 -7.2022 -4.0970 80 200 120
2.8872 -7.4724 -3.5784 80 200 120
6.9464 -2.0193 -1.4861 80 200 120
4.5559 -3.2546 -1.9187 80 200 120
3.2272 -2.1051 -4.7758 80 200 120
4.2011 -3.3422 -4.7376 80 200 120
6.2473 -1.2711 -4.7393 80 200 120
5.6364 -0.8776 -4.5069 80 200 120
4.9937 -3.0833 -3.6350 80 200 120
4.3361 -3.1152 -4.6328 80 200 120
3.6944 -2.1285 -3.7517 80 200 120
4.2571 -5.9574 -4.8536 80 200 120
7.5305 -1.8522 -1.9740 80 200 120
3.1604 -5.5532 -4.0653 80 200 120
3.3918 -5.6328 -4.2335 80 200 120
3.5110 -5.8292 -4.1812 80 200 120
0.8010 -4.5181 -4.7200 80 200 120
2.1961 -2.5839 -4.6528 80 200 120
2.7192 -6.8017 -1.6285 80 200 120
0.5762 -3.4702 -4.6932 80 200 120
0.8927 -2.1264 -4.7731 80 200 120
-1.9085 -2.0983 -4.7983 80 200 120
3.8618 -2.6979 -4.7024 80 200 120
4.4737 -2.5173 -3.8390 80 200 120
-0.5963 -2.7905 -4.8066 80 200 120
4.4858 -0.7120 -3.7440 80 200 120
-2.4623 -2.8898 -1.5388 80 200 120
4.9749 -0.9085 -3.7778 80 200 120
-0.4067 -0.6431 -4.0780 80 200 120
-0.0341 -0.9194 -4.4389 80 200 120
4.1251 -0.7708 -3.6515 80 200 120
4.2383 -3.2420 -4.6238 80 200 120
0.4275 2.7402 -1.7423 80 200 120
-1.3820 2.8234 -1.5563 80 200 120
5.5926 -1.7963 -4.2104 80 200 120
6.8530 -1.4419 -4.7152 80 200 120
-1.4642 1.5907 -1.8619 80 200 120
-0.8639 2.9574 -1.5100 80 200 120
2.2972 -2.3584 -3.6518 80 200 120
-4.1170 -1.8393 -4.4218 80 200 120
0.9821 2.3963 -3.3768 80 200 120
7.8828 -1.9048 -4.0046 80 200 120
2.5542 -0.8143 -2.9768 80 200 120
0.4567 0.3195 -1.4295 80 200 120
0.9308 -0.8254 -1.4687 80 200 120
5.1919 -0.6723 -3.8442 80 200 120
0.7961 1.2859 -4.4441 80 200 120
0.6901 1.3719 -2.9682 80 200 120
3.6550 -1.5691 -3.7760 80 200 120
4.8321 0.6222 -4.1214 80 200 120
6.1806 -1.3655 -4.5085 80 200 120
1.1311 2.9612 -2.5592 80 200 120
-0.7251 2.4544 -3.4714 80 200 120
0.3506 -0.7411 -1.4795 80 200 120
4.6113 -0.5488 -4.1980 80 200 120
3.6430 -1.8230 -3.8046 80 200 120
-3.3189 -2.2182 -4.5808 80 200 120
0.3847 3.0833 -1.6445 80 200 120
-0.8298 0.7128 -3.6818 80 200 120
-3.8169 -1.8793 -3.6767 80 200 120
-0.0886 -0.7928 -3.5730 80 200 120
-0.7397 -3.8057 -4.1655 80 200 120
-0.6405 2.4485 -3.5391 80 200 120
0.0141 0.2109 -3.6461 80 200 120
4.5353 -6.0271 -1.5213 80 200 120
5.3084 -5.3023 -1.8419 80 200 120
2.0919 -7.0492 -3.4509 80 200 120
7.9870 -1.9911 -1.4910 80 200 120
1.8090 -6.1934 -2.6012 80 200 120
3.5118 -7.5954 -3.8123 80 200 120
4.1239 -3.3314 -1.9655 80 200 120
7.6901 -2.5364 -2.9287 80 200 120
2.5121 -6.9981 -3.2831 80 200 120
3.6486 -2.4698 -4.0027 80 200 120
3.4065 -2.7862 -4.8053 80 200 120
4.5732 -3.3735 -3.7562 80 200 120
3.0745 -5.1085 -4.4060 80 200 120
3.6094 -5.3967 -4.6881 80 200 120
2.4450 -2.3398 -4.6268 80 200 120
7.5305 -2.2894 -4.6314 80 200 120
3.0800 -6.1739 -4.3090 80 200 120
3.4420 -2.3671 -4.6629 80 200 120
7.6529 -1.7213 -4.4303 80 200 120
2.6226 -5.8498 -4.7808 80 200 120
2.5920 -5.9790 -4.5754 80 200 120
2.9532 1.2902 -4.9719 80 200 120
2.8223 -5.6988 -4.3255 80 200 120
3.9749 -2.5083 -3.7376 80 200 120
2.4981 -3.0712 -4.8595 80 200 120
3.7000 -2.5044 -4.1712 80 200 120
8.1613 -1.9139 -1.4168 80 200 120
4.7212 -3.2437 -3.6152 80 200 120
8.1302 -2.3825 -3.6587 80 200 120
6.3465 -0.6651 -3.6009 80 200 120
2.4258 -3.9109 -4.8509 80 200 120
2.7928 -0.7441 -4.7455 80 200 120
3.5827 -0.2063 -4.7932 80 200 120
7.2953 -1.4250 -3.7328 80 200 120
2.8304 -4.4169 -4.8614 80 200 120
1.3483 -4.7595 -4.7062 80 200 120
2.0199 -2.5253 -4.5186 80 200 120
-0.6506 -2.8066 -4.8409 80 200 120
-0.8956 -1.2648 -4.8990 80 200 120
2.4514 -2.3767 -4.5923 80 200 120
0.4247 -1.7700 -4.8229 80 200 120
2.0554 -2.3438 -4.5552 80 200 120
3.4002 -2.7935 -4.8222 80 200 120
2.2386 0.9800 -4.8058 80 200 120
3.3792 -2.2280 -3.7459 80 200 120
4.0390 -3.7345 -4.3416 80 200 120
3.9572 -3.3628 -4.6635 80 200 120
4.3135 -2.7377 -3.7493 80 200 120
0.9698 -0.2301 -4.6902 80 200 120
-0.4498 -0.8590 -1.4882 80 200 120
1.2794 1.6878 -4.0119 80 200 120
0.5568 -0.0320 -4.0568 80 200 120
-0.8601 1.9738 -1.6183 80 200 120
2.8371 2.5609 -2.8150 80 200 120
4.1587 0.4649 -4.1418 80 200 120
5.0619 -0.3657 -3.6434 80 200 120
4.2170 -0.8513 -1.4522 80 200 120
5.4503 0.4461 -4.3905 80 200 120
5.3919 -1.1737 -4.3504 80 200 120
3.9154 1.7146 -5.0661 80 200 120
4.6753 -0.1981 -3.9018 80 200 120
1.5462 1.5578 -4.9153 80 200 120
8.0074 -2.3756 -3.4082 80 200 120
-0.5846 -0.9704 -1.8359 80 200 120
0.3538 -5.2876 -1.8424 80 200 120
2.0503 -6.6180 -1.5036 80 200 120
0.4295 -4.1024 -1.4775 80 200 120
0.2484 6.7096 -2.5309 80 200 120
0.5415 1.7532 -3.2833 80 200 120
-1.7528 -2.8771 -4.5114 80 200 120
-2.9965 -2.5669 -1.5935 80 200 120
-1.8726 -2.1401 -4.6690 80 200 120
-3.1093 -1.7947 -4.4999 80 200 120
0.1232 -1.5400 -3.8734 80 200 120
-1.1003 -1.3907 -4.7228 80 200 120
4.5411 -5.5903 -1.7323 80 200 120
3.3900 -7.2004 -4.1818 80 200 120
3.7886 -7.5799 -3.5643 80 200 120
7.0769 -1.4263 -1.5303 80 200 120
3.4169 -6.3792 -1.3568 80 200 120
3.7987 -7.7389 -4.1708 80 200 120
1.9231 -6.6206 -3.2610 80 200 120
1.7723 -6.3873 -2.8404 80 200 120
1.7821 -6.6096 -3.0775 80 200 120
3.8820 -5.9860 -4.5820 80 200 120
7.4808 -1.8221 -4.7714 80 200 120
2.1699 -2.5143 -4.7987 80 200 120
7.6074 -3.1937 -4.1304 80 200 120
2.7806 -1.2610 -4.8874 80 200 120
4.0126 -2.7637 -3.9078 80 200 120
3.9874 -2.7483 -4.7671 80 200 120
3.6236 -8.0055 -3.4683 80 200 120
3.6373 -1.7944 -3.7971 80 200 120
2.5815 -6.1300 -4.4012 80 200 120
3.3171 -4.8276 -4.9428 80 200 120
4.0909 -3.0583 -4.7788 80 200 120
3.3089 -1.9787 -4.5606 80 200 120
5.2588 -0.8059 -4.4298 80 200 120
4.9752 -3.4136 -3.5518 80 200 120
2.3184 -2.3882 -4.7523 80 200 120
7.6381 -1.7882 -1.9587 80 200 120
2.2688 -5.0565 -4.7200 80 200 120
3.1286 -5.3002 -4.0239 80 200 120
0.3170 -4.8516 -4.5247 80 200 120
-3.4580 -0.5115 -4.7839 80 200 120
-3.7066 -1.0238 -4.8958 80 200 120
1.6951 -2.2491 -4.5844 80 200 120
-0.7403 -2.4726 -4.8532 80 200 120
3.1786 -3.9745 -4.7644 80 200 120
-0.1370 -2.3653 -4.8037 80 200 120
-0.0370 3.0152 -3.3782 80 200 120
3.6978 -2.4761 -3.7423 80 200 120
3.5646 -2.3937 -3.7546 80 200 120
1.2195 -2.1482 -4.1107 80 200 120
-0.6919 -1.3597 -4.7466 80 200 120
0.4654 -3.7950 -4.6328 80 200 120
-0.9782 2.2759 -1.6842 80 200 120
-0.4346 -0.3106 -1.6570 80 200 120
1.7361 1.0542 -2.6955 80 200 120
2.8962 0.7768 -4.8939 80 200 120
0.5666 1.9971 -3.7266 80 200 120
-0.2727 -1.1676 -1.5958 80 200 120
2.7432 0.3040 -3.5802 80 200 120
2.9640 0.7365 -3.7979 80 200 120
-0.0794 -0.9043 -1.6026 80 200 120
0.8937 1.7146 -4.6515 80 200 120
1.2699 1.6534 -4.7023 80 200 120
4.3567 0.3448 -4.0252 80 200 120
0.1330 -1.2178 -1.4496 80 200 120
4.4315 -3.4234 -2.0332 80 200 120
-3.9113 -1.7230 -2.2167 80 200 120
-0.6279 -1.0099 -3.0088 80 200 120
-0.8333 -3.2967 -4.3276 80 200 120
-0.7890 -3.8491 -4.1663 80 200 120
-0.0664 -3.6434 -4.1513 80 200 120
-0.6215 -4.0819 -4.1411 80 200 120
-1.3753 -3.9234 -3.8375 80 200 120
0.1918 -1.4646 -3.5390 80 200 120
3.9994 -3.7040 -2.1391 80 200 120
2.0542 -6.5663 -2.9148 80 200 120
7.8600 -2.8987 -2.0110 80 200 120
7.8537 -3.0000 -1.5654 80 200 120
4.0479 -7.3144 -3.6408 80 200 120
7.9959 -2.3502 -1.5303 80 200 120
3.3240 -4.5389 -1.4578 80 200 120
1.6227 -6.2792 -2.0230 80 200 120
3.9715 -2.3259 -3.7605 80 200 120
2.4535 -4.3797 -4.7479 80 200 120
7.9345 -1.8902 -4.0155 80 200 120
4.3391 -7.1607 -3.7090 80 200 120
7.1644 -1.4766 -4.7925 80 200 120
3.3373 -6.1317 -4.1653 80 200 120
3.0399 -5.5696 -3.9570 80 200 120
1.9705 -6.4048 -4.6002 80 200 120
2.3983 -4.4283 -4.8110 80 200 120
0.4778 -4.6367 -4.6678 80 200 120
4.5531 -2.9572 -4.6930 80 200 120
4.1527 -3.3520 -4.5650 80 200 120
4.1615 -2.8876 -4.7903 80 200 120
3.8679 -3.4966 -4.7770 80 200 120
2.7031 -7.2784 -1.4526 80 200 120
-0.6281 -1.5079 -4.7920 80 200 120
3.8790 -3.6673 -4.7677 80 200 120
2.4444 -2.3130 -4.6710 80 200 120
-3.2287 -2.4727 -4.2859 80 200 120
6.3143 -5.1601 -4.9161 80 200 120
-0.7142 -0.9656 -4.7328 80 200 120
-1.8537 -2.8627 -4.5330 80 200 120
3.8895 -3.6699 -4.7719 80 200 120
-0.0763 -0.8800 -3.9561 80 200 120
-0.9456 -0.8422 -1.5611 80 200 120
0.7960 -0.5312 -4.7082 80 200 120
0.4662 -5.5353 -4.8350 80 200 120
4.0956 0.1682 -4.8993 80 200 120
0.7920 1.2946 -2.9820 80 200 120
4.8523 -0.4379 -4.0088 80 200 120
5.4586 0.0645 -1.5264 80 200 120
-0.2951 2.4336 -3.1820 80 200 120
7.9176 -2.7504 -1.9940 80 200 120
8.0943 -2.0989 -1.8316 80 200 120
5.1849 -0.8332 -4.4429 80 200 120
4.5229 0.0028 -3.9079 80 200 120
6.6951 -1.1528 -4.7708 80 200 120
6.8128 -0.9245 -3.1607 80 200 120
6.2078 -0.4691 -3.6062 80 200 120
5.6916 -0.1043 -3.5053 80 200 120
7.0910 -1.1917 -3.2562 80 200 120
7.6311 -3.2676 -2.5861 80 200 120
0.6528 -3.1548 -1.4711 80 200 120
-3.6416 -2.1698 -4.7012 80 200 120
-0.1142 3.5621 -2.1635 80 200 120
-0.7922 -3.5191 -4.1520 80 200 120
-2.4992 -3.1289 -1.9094 80 200 120
-0.3402 -0.5772 -3.6882 80 200 120
-0.1435 0.3531 -3.7066 80 200 120
-1.4599 -3.2007 -4.2220 80 200 120
-0.5559 2.4637 -1.5996 80 200 120
-2.9924 -2.7430 -2.4919 80 200 120
4.4839 -6.5735 -1.5748 80 200 120
4.5339 -4.5691 -1.9616 80 200 120
4.0494 -8.7583 -2.1518 80 200 120
4.0268 -4.0191 -1.7276 80 200 120
6.9593 -3.7934 -1.4428 80 200 120
1.4645 -5.7326 -1.6265 80 200 120
3.1617 -7.2598 -4.0029 80 200 120
4.7547 -3.4846 -3.6468 80 200 120
2.6143 0.3947 -4.5886 80 200 120
4.2409 -2.9157 -4.0269 80 200 120
2.7750 -6.4408 -4.4872 80 200 120
4.1956 -2.8901 -4.5738 80 200 120
3.9371 -6.2904 -4.5263 80 200 120
3.0963 -5.2674 -4.0478 80 200 120
4.0202 -3.3756 -4.6968 80 200 120
-0.1596 -0.9476 -4.6971 80 200 120
4.3324 -3.1819 -4.6382 80 200 120
5.6862 -5.1690 -4.6681 80 200 120
3.9813 -3.3834 -4.8533 80 200 120
-0.1726 -3.4917 -4.7649 80 200 120
-1.7973 -0.5863 -1.8237 80 200 120
0.0784 1.5162 -4.7982 80 200 120
3.7268 -2.5607 -4.7924 80 200 120
3.6020 -0.1626 -4.8858 80 200 120
-3.8505 -0.5560 -1.4671 80 200 120
4.2870 -3.3141 -4.7358 80 200 120
5.3125 -0.7322 -4.5323 80 200 120
4.0805 0.0799 -4.8747 80 200 120
5.1389 -0.7791 -3.9179 80 200 120
4.1513 0.3174 -4.0221 80 200 120
-0.5880 5.1677 -1.3741 80 200 120
4.5098 0.0111 -3.9415 80 200 120
-0.2200 5.6565 -1.7257 80 200 120
4.7280 -0.5730 -3.9040 80 200 120
4.2410 -1.3973 -4.0669 80 200 120
3.9907 -2.3319 -3.7719 80 200 120
3.8888 -0.8641 -4.8382 80 200 120
3.2329 -2.1492 -4.8093 80 200 120
-1.7503 0.8364 -1.2040 80 200 120
-0.8236 0.0389 -1.5259 80 200 120
0.1951 -0.0591 -1.5503 80 200 120
-2.1492 1.6505 -1.5004 80 200 120
6.1638 -0.7547 -4.6575 80 200 120
4.2205 -1.3067 -1.4778 80 200 120
1.5165 3.5787 -2.5582 80 200 120
4.1761 0.4798 -4.6567 80 200 120
3.1851 1.1625 -4.6618 80 200 120
3.5344 1.3640 -4.7684 80 200 120
2.7656 0.3231 -3.9240 80 200 120
1.9783 2.0384 -1.7038 80 200 120
3.2481 1.4194 -4.3606 80 200 120
6.8011 -1.5694 -4.0871 80 200 120
0.2206 2.4796 -3.3340 80 200 120
-0.7010 -3.9025 -4.1950 80 200 120
-1.1177 0.6547 -3.7549 80 200 120
-1.5703 -2.9558 -4.6498 80 200 120
-0.7028 -3.1870 -4.6372 80 200 120
-2.0444 -2.7043 -4.3967 80 200 120
-1.7617 2.1620 -3.6828 80 200 120
0.0940 -5.2254 -2.5943 80 200 120
-3.4591 -1.6960 -4.7523 80 200 120
-0.2467 3.1498 -1.5343 80 200 120
0.3175 3.4354 -1.6010 80 200 120
1.2236 2.5726 -1.6092 80 200 120
-2.7057 -2.9005 -4.2367 80 200 120
0.6278 -5.3906 -2.4534 80 200 120
-2.2420 0.7171 -3.4262 80 200 120
-0.7447 2.7116 -3.5881 80 200 120
-1.8712 -3.6691 -3.8704 80 200 120
4.1117 -3.8426 -2.1353 80 200 120
0.4189 -5.2527 -2.1198 80 200 120
1.7983 -6.3900 -2.7807 80 200 120
0.6769 -5.4764 -1.7898 80 200 120
5.8358 -3.7555 -1.4274 80 200 120
2.4893 -7.9070 -3.4088 80 200 120
1.0753 -5.5784 -1.6137 80 200 120
4.5215 -7.5382 -4.1974 80 200 120
8.2163 -1.6828 -1.9281 80 200 120
3.5670 -8.0294 -3.9061 80 200 120
4.5544 -5.1378 -4.2496 80 200 120
3.9593 -2.6181 -4.5356 80 200 120
6.2792 -2.0772 -4.5696 80 200 120
4.2496 0.2479 -3.9563 80 200 120
4.0078 -3.7438 -3.7969 80 200 120
3.0447 1.1871 -4.9442 80 200 120
2.4786 -2.2955 -4.6778 80 200 120
3.0390 -6.0024 -4.1980 80 200 120
0.5952 -4.4782 -4.6672 80 200 120
3.3649 -5.8613 -4.2037 80 200 120
3.0015 -5.3886 -3.9506 80 200 120
2.8259 -5.4991 -4.6122 80 200 120
-0.8363 -3.8716 -4.2196 80 200 120
-3.4924 -1.1582 -4.8224 80 200 120
1.0426 -3.1235 -4.4536 80 200 120
2.7086 -1.1808 -4.9003 80 200 120
0.1053 2.7713 -3.3576 80 200 120
-3.5860 -2.4433 -4.3271 80 200 120
0.1251 -0.9621 -3.7846 80 200 120
4.1531 -2.8743 -4.8163 80 200 120
-1.0453 -0.7750 -2.3854 80 200 120
4.5192 -3.1320 -4.8543 80 200 120
4.2155 1.1765 -3.2638 80 200 120
3.2280 1.4449 -1.4940 80 200 120
8.1827 -1.8909 -4.1002 80 200 120
5.0041 -0.5842 -3.7873 80 200 120
5.5116 -1.8002 -1.4017 80 200 120
4.5821 0.5529 -1.4612 80 200 120
2.1079 0.1885 -1.4755 80 200 120
-0.7591 3.2539 -3.2325 80 200 120
1.8279 2.1219 -4.0317 80 200 120
8.2633 -2.8038 -1.9555 80 200 120
4.0130 1.3534 -4.9941 80 200 120
6.6642 -0.8824 -4.9043 80 200 120
7.8400 -3.0911 -1.5542 80 200 120
0.9140 -5.6364 -1.5811 80 200 120
-0.6465 -4.4747 -1.8530 80 200 120
-0.2428 -2.9031 -1.4434 80 200 120
-0.6892 -1.0085 -4.0831 80 200 120
-2.3453 -2.0736 -4.9379 80 200 120
-0.8923 3.5777 -3.2659 80 200 120
-3.1649 -1.1250 -5.0091 80 200 120
-0.8206 -1.0178 -4.5147 80 200 120
-1.7255 -1.1553 -4.7891 80 200 120
1.0623 3.1560 -1.9471 80 200 120
-1.5285 -2.5901 -4.8000 80 200 120
0.2841 -5.5280 -2.1839 80 200 120
-3.5384 -2.3241 -3.9611 80 200 120
-1.9887 0.2304 -2.0816 80 200 120
4.1321 -3.8359 -2.1419 80 200 120
4.3809 -4.9836 -2.0696 80 200 120
4.3650 -4.8827 -1.8034 80 200 120
4.1187 -7.0744 -1.6753 80 200 120
3.1369 -7.0222 -1.6964 80 200 120
3.4210 -6.8642 -2.0396 80 200 120
7.1003 -3.8686 -2.4036 80 200 120
4.1567 -4.0025 -2.7034 80 200 120
1.7562 -6.0494 -2.5788 80 200 120
6.9942 -3.9652 -3.6482 80 200 120
1.6340 -6.2156 -2.0554 80 200 120
8.1304 -2.4825 -2.9961 80 200 120
4.4164 -5.3841 -4.2663 80 200 120
3.2885 -1.4150 -4.8832 80 200 120
2.7751 -3.1301 -4.9897 80 200 120
4.6694 -3.5763 -3.5010 80 200 120
7.9639 -1.7297 -1.9831 80 200 120
5.8118 -0.0695 -3.5983 80 200 120
6.5211 -0.7469 -2.5775 80 200 120
3.8388 -1.4748 -3.9073 80 200 120
5.3314 -2.8637 -3.8520 80 200 120
1.5365 -5.9798 -4.8091 80 200 120
0.0636 -1.0468 -4.5993 80 200 120
-0.3921 -1.1238 -4.2404 80 200 120
-0.3226 -1.1616 -4.4963 80 200 120
-2.1429 -0.7860 -4.6742 80 200 120
0.4210 -1.1665 -4.8291 80 200 120
-0.7714 -1.1385 -4.5378 80 200 120
-0.1857 -3.9489 -4.1848 80 200 120
2.2022 -2.4912 -4.1135 80 200 120
3.2523 -1.6674 -4.9399 80 200 120
5.1068 -0.9210 -4.3650 80 200 120
4.2314 0.3357 -4.0290 80 200 120
-0.5642 -0.9655 -1.4616 80 200 120
4.5285 -0.1017 -3.9312 80 200 120
6.5049 -1.2721 -4.6924 80 200 120
1.1660 -0.8398 -4.9032 80 200 120
3.7956 -1.4454 -3.9089 80 200 120
4.7023 -0.3093 -3.9613 80 200 120
3.7764 -1.3904 -4.1912 80 200 120
4.4231 0.9708 -4.9917 80 200 120
2.2283 1.8929 -3.6206 80 200 120
6.1074 -0.3278 -3.3814 80 200 120
6.5408 -0.6636 -3.7388 80 200 120
4.8137 -0.3921 -4.4186 80 200 120
6.8332 -4.0313 -1.4452 80 200 120
-0.4163 -0.2605 -1.6968 80 200 120
3.2719 1.4240 -4.8072 80 200 120
8.4866 -2.1220 -2.8475 80 200 120
-1.7303 2.7897 -2.5195 80 200 120
8.3379 -2.3964 -3.6517 80 200 120
1.1150 -5.7946 -1.5979 80 200 120
-1.6143 -1.0761 -2.5906 80 200 120
-2.2940 -3.0830 -1.4448 80 200 120
0.2862 -3.9165 -1.4508 80 200 120
1.1510 1.2819 -3.7504 80 200 120
-0.1606 -0.6710 -3.7396 80 200 120
0.0014 0.2774 -3.7526 80 200 120
-0.7782 -1.2926 -4.9211 80 200 120
-0.8645 0.2930 -3.6799 80 200 120
-0.8141 0.7199 -3.7027 80 200 120
-1.4631 0.3929 -1.4640 80 200 120
-1.5586 -3.9874 -3.9178 80 200 120
-2.9090 -2.6112 -4.7759 80 200 120
-1.0288 -3.6179 -4.2252 80 200 120
4.4609 -6.7876 -1.6780 80 200 120
4.0063 -4.0036 -1.8950 80 200 120
5.6492 -3.3182 -1.4381 80 200 120
6.3721 -4.3332 -1.4746 80 200 120
7.1036 -4.1867 -3.1234 80 200 120
7.1566 -4.2906 -2.6233 80 200 120
7.2970 -1.3095 -1.5328 80 200 120
0.0096 -4.9282 -2.0085 80 200 120
4.7354 -2.4495 -4.0070 80 200 120
2.9856 -1.0872 -4.9338 80 200 120
4.0839 -2.7107 -3.9115 80 200 120
4.6144 -0.4232 -3.9039 80 200 120
3.7978 -1.1684 -4.5416 80 200 120
4.9391 -2.7752 -4.1496 80 200 120
2.6204 0.7377 -4.8284 80 200 120
4.6084 -3.6104 -3.8771 80 200 120
2.6024 -6.3828 -4.9689 80 200 120
2.9534 -5.8996 -4.2443 80 200 120
3.2251 -5.6301 -4.0589 80 200 120
2.8709 -5.8019 -4.3466 80 200 120
1.5301 -3.7865 -4.4507 80 200 120
0.5439 -4.3959 -4.6354 80 200 120
1.5758 -4.1128 -4.5509 80 200 120
1.1821 -5.6947 -4.4301 80 200 120
3.0774 -5.3472 -4.2210 80 200 120
3.0074 -5.4322 -3.9620 80 200 120
0.7416 -5.7682 -4.3733 80 200 120
4.0248 -3.7691 -4.5937 80 200 120
2.4716 -2.2890 -4.8076 80 200 120
3.9337 -3.7276 -3.9267 80 200 120
-0.1369 -0.8334 -4.4363 80 200 120
2.7857 -6.5484 -1.7378 80 200 120
2.0235 -6.7164 -2.5292 80 200 120
-3.6759 -2.4647 -4.4737 80 200 120
-4.5515 -1.6771 -3.8818 80 200 120
1.7253 -6.7349 -2.8158 80 200 120
3.9976 -3.7449 -4.2112 80 200 120
0.0962 -5.2523 -2.6180 80 200 120
-4.0293 -2.3004 -3.9178 80 200 120
-0.9031 -0.3890 -1.9312 80 200 120
6.1869 -0.7435 -4.7783 80 200 120
-1.6367 1.4871 -1.6007 80 200 120
-0.3211 3.9742 -2.2673 80 200 120
-0.0873 4.2115 -1.5410 80 200 120
4.2082 -2.8906 -4.8814 80 200 120
0.5929 3.6699 -1.8968 80 200 120
6.8410 -0.8225 -5.0031 80 200 120
6.6718 -0.5202 -5.0120 80 200 120
5.0320 0.6233 -2.6435 80 200 120
4.3686 -3.5715 -2.1939 80 200 120
7.3204 -3.9577 -2.3924 80 200 120
-0.4975 3.6153 -1.5803 80 200 120
4.4378 -0.3430 -3.8510 80 200 120
3.6085 1.3872 -4.8548 80 200 120
0.4801 2.0839 -3.0797 80 200 120
0.0144 -4.3899 -1.4675 80 200 120
-1.4451 -2.2530 -1.4485 80 200 120
-1.6875 -4.0771 -2.1284 80 200 120
-3.8885 -0.7304 -4.1384 80 200 120
-0.2095 3.8933 -2.2066 80 200 120
0.0247 -5.3931 -2.5487 80 200 120
0.0899 4.6046 -3.4212 80 200 120
-1.8705 -3.7674 -2.6086 80 200 120
-1.5534 -0.8616 -3.5157 80 200 120
3.8395 -1.0854 -1.4268 80 200 120
4.5186 -5.9852 -1.5808 80 200 120
4.2020 -3.8952 -2.0907 80 200 120
2.7613 -7.4044 -4.5940 80 200 120
3.2167 -6.2630 -4.2712 80 200 120
3.8019 -6.7418 -4.6348 80 200 120
0.8491 -5.9516 -3.2976 80 200 120
8.0494 -2.9310 -2.0700 80 200 120
3.4796 -7.4234 -2.3494 80 200 120
3.6664 -6.8491 -4.3211 80 200 120
3.7432 -2.4388 -3.8866 80 200 120
3.1932 -5.3193 -4.8405 80 200 120
4.8552 -1.1725 -4.5882 80 200 120
5.0855 -3.8652 -3.7344 80 200 120
3.2934 1.3100 -4.7396 80 200 120
4.1060 -3.9602 -4.1270 80 200 120
4.4948 -3.1385 -4.4353 80 200 120
3.6823 -0.6828 -5.0318 80 200 120
3.1918 -4.8800 -5.1804 80 200 120
4.2430 0.2568 -4.0209 80 200 120
4.6925 -3.6966 -4.2888 80 200 120
4.1709 -3.4089 -4.3799 80 200 120
4.5046 -5.6256 -4.9021 80 200 120
3.0954 -5.2483 -4.7981 80 200 120
3.4912 -5.3309 -4.8851 80 200 120
-0.3644 -1.0971 -3.9357 80 200 120
1.5954 -2.1115 -3.9575 80 200 120
2.4204 -2.1909 -3.8890 80 200 120
0.8748 -0.5682 -4.8920 80 200 120
2.1912 -2.5597 -3.8174 80 200 120
2.3935 -2.0952 -4.7217 80 200 120
4.0048 -3.6070 -4.9730 80 200 120
4.1177 -3.4374 -4.9242 80 200 120
2.5316 -8.3022 -1.8342 80 200 120
2.7255 0.9382 -4.9901 80 200 120
4.5968 -3.4242 -5.1229 80 200 120
6.9974 -1.3262 -4.8868 80 200 120
4.0914 -2.3593 -3.8736 80 200 120
2.3532 1.0645 -3.9076 80 200 120
5.4273 -0.6382 -4.0828 80 200 120
2.2432 1.0675 -3.4477 80 200 120
1.6021 2.1151 -3.4086 80 200 120
-4.7368 -1.1894 -1.3788 80 200 120
4.4001 0.1739 -4.0872 80 200 120
-0.4111 2.3637 -1.7369 80 200 120
-1.4703 -0.0228 -3.3800 80 200 120
-3.1661 -2.8706 -3.3485 80 200 120
5.3960 -0.3375 -3.9786 80 200 120
4.7157 0.1273 -1.4371 80 200 120
4.7562 0.8060 -2.9903 80 200 120
1.6891 1.4277 -3.5469 80 200 120
5.7219 0.0324 -1.9204 80 200 120
7.7917 -1.7557 -4.7936 80 200 120
7.9956 -1.9884 -4.7105 80 200 120
1.9365 0.5661 -2.7163 80 200 120
7.6237 -1.4944 -3.8824 80 200 120
6.6816 -2.1994 -1.4357 80 200 120
4.6197 0.8968 -3.5017 80 200 120
5.3699 -0.3059 -3.9350 80 200 120
-0.7350 3.1687 -2.0655 80 200 120
3.6206 1.7920 -2.9696 80 200 120
0.9048 2.3541 -3.3192 80 200 120
-0.4024 4.1587 -2.2239 80 200 120
5.2666 -0.4343 -4.1662 80 200 120
-0.6364 -1.0247 -1.6930 80 200 120
0.3597 -5.2825 -1.6467 80 200 120
-0.4374 -1.9923 -1.4853 80 200 120
-4.1111 -2.1171 -4.9131 80 200 120
-0.7907 -0.9782 -4.5311 80 200 120
-0.8972 -3.4282 -4.3285 80 200 120
1.8720 -6.3884 -1.6242 80 200 120
-1.1651 -4.2200 -2.3437 80 200 120
-1.4885 -3.6834 -1.5104 80 200 120
-0.6872 -3.9112 -4.2777 80 200 120
-0.3483 -3.5835 -4.3006 80 200 120
4.9422 -6.1462 -4.7070 80 200 120
2.9932 -6.1828 -4.2512 80 200 120
7.3921 -1.3709 -1.5752 80 200 120
0.5919 -5.3866 -1.6073 80 200 120
1.4823 -5.9427 -3.6921 80 200 120
5.0043 -4.0277 -1.9047 80 200 120
4.0212 0.2734 -4.4264 80 200 120
3.5106 -2.3031 -4.5353 80 200 120
3.3275 -2.0856 -4.0131 80 200 120
7.0415 -0.9522 -3.3381 80 200 120
2.9095 -3.6737 -4.9356 80 200 120
1.8617 -5.6906 -5.1189 80 200 120
4.8445 -2.7793 -4.1976 80 200 120
5.0259 -1.5361 -4.4106 80 200 120
8.3538 -2.0171 -1.4586 80 200 120
2.7595 -5.8050 -4.3456 80 200 120
4.1892 -4.0728 -3.8668 80 200 120
4.6448 -3.6271 -4.4897 80 200 120
8.0679 -1.7854 -1.9510 80 200 120
4.8984 -6.3878 -4.9835 80 200 120
1.0310 -3.7968 -4.5001 80 200 120
0.8470 -4.0506 -4.5690 80 200 120
-4.6443 -1.8700 -2.3998 80 200 120
-1.2669 -0.9117 -2.8543 80 200 120
-2.0659 1.9564 -3.0821 80 200 120
2.0569 -4.0974 -4.9863 80 200 120
1.1068 -4.3068 -4.9968 80 200 120
2.4320 1.2792 -3.6096 80 200 120
3.9625 -3.6900 -4.9615 80 200 120
4.2193 -3.4640 -4.5224 80 200 120
3.5315 -1.7937 -4.9617 80 200 120
2.2088 -2.6013 -4.0377 80 200 120
3.4039 -2.0550 -4.0964 80 200 120
5.1665 -0.8806 -4.8802 80 200 120
6.5859 -4.3598 -1.4420 80 200 120
2.3421 1.4404 -3.1457 80 200 120
5.4952 -0.5956 -4.0914 80 200 120
3.5965 1.0380 -1.5371 80 200 120
4.3827 -3.5776 -1.7296 80 200 120
7.1699 -2.7146 -1.4317 80 200 120
0.7396 1.9506 -1.4827 80 200 120
-0.5140 3.3760 -2.6011 80 200 120
7.2363 -1.1771 -3.3290 80 200 120
8.5643 -2.3642 -3.5485 80 200 120
0.0052 2.9124 -3.4467 80 200 120
-2.9958 -2.6235 -4.7936 80 200 120
-1.9247 -2.0016 -4.9752 80 200 120
-2.2017 1.4664 -4.2144 80 200 120
-3.7690 -1.4231 -4.8740 80 200 120
-2.7451 -2.9468 -4.3078 80 200 120
-0.7698 -0.9782 -4.1036 80 200 120
-1.6484 -3.1366 -4.9867 80 200 120
-2.8885 -0.5707 -4.9422 80 200 120
-3.7615 -0.7206 -3.3901 80 200 120
4.5456 -5.7212 -2.0145 80 200 120
4.0937 -7.5496 -1.5468 80 200 120
3.4314 -7.1869 -1.6937 80 200 120
5.0118 -4.0390 -1.6360 80 200 120
8.5830 -2.5319 -2.9479 80 200 120
8.3880 -1.7414 -1.9127 80 200 120
3.9093 -6.4449 -4.3849 80 200 120
3.8331 0.9678 -4.7325 80 200 120
3.3358 1.7128 -4.9556 80 200 120
2.5064 -2.2758 -4.8412 80 200 120
4.5879 -3.4943 -4.7104 80 200 120
8.0559 -2.8054 -4.9591 80 200 120
8.5150 -2.4782 -3.0044 80 200 120
2.9143 -1.0027 -5.0113 80 200 120
5.4429 -0.6342 -4.0734 80 200 120
4.7126 0.0891 -4.0196 80 200 120
5.5131 -0.2938 -4.0362 80 200 120
4.9122 -0.0991 -4.0133 80 200 120
3.7102 -1.6295 -4.0923 80 200 120
3.6005 -7.3398 -3.4284 80 200 120
1.9711 -6.6518 -5.0955 80 200 120
3.4627 -5.9710 -4.0879 80 200 120
3.9486 -6.4507 -4.7129 80 200 120
4.2170 -5.0066 -4.9328 80 200 120
2.8962 -5.7283 -4.2129 80 200 120
4.7839 -5.6216 -4.9235 80 200 120
1.8249 -3.7168 -4.3677 80 200 120
2.9877 -5.2795 -5.2795 80 200 120
3.0760 -5.4066 -4.2391 80 200 120
0.6765 -0.6133 -3.9482 80 200 120
4.5452 -3.4047 -5.0167 80 200 120
2.1628 -2.5646 -3.8656 80 200 120
4.0498 -3.4774 -4.9670 80 200 120
1.6593 -2.2410 -3.9427 80 200 120
3.9904 -3.6806 -4.9954 80 200 120
4.6410 -3.6983 -3.8987 80 200 120
4.0228 -3.7969 -4.4024 80 200 120
-2.8811 -2.8388 -1.5642 80 200 120
0.9460 -1.0544 -4.9712 80 200 120
3.7553 1.5030 -4.8916 80 200 120
4.2646 0.4226 -4.5809 80 200 120
2.1586 -2.5797 -3.8591 80 200 120
-0.3921 4.7133 -1.4724 80 200 120
-1.2576 2.7413 -1.5917 80 200 120
4.2754 1.0785 -4.9663 80 200 120
-3.2956 -2.6182 -4.9353 80 200 120
-0.9834 3.2987 -2.5102 80 200 120
3.8093 -0.6539 -5.0424 80 200 120
0.0709 -4.8433 -4.8496 80 200 120
1.2774 -4.4406 -5.0579 80 200 120
3.1217 0.9350 -3.4056 80 200 120
4.3481 -0.1682 -4.9592 80 200 120
-0.0220 3.9170 -1.6184 80 200 120
4.2356 0.2070 -4.0142 80 200 120
5.3709 -0.4151 -3.9515 80 200 120
2.3201 1.3649 -3.8715 80 200 120
6.9634 -0.6345 -5.1125 80 200 120
1.1456 2.6216 -3.4105 80 200 120
6.6269 -0.4419 -5.0073 80 200 120
4.7926 0.1442 -4.1999 80 200 120
7.5709 -0.9471 -5.2163 80 200 120
-0.9090 -0.9737 -2.0293 80 200 120
-0.1220 -3.1429 -1.4760 80 200 120
-0.8973 -0.9940 -2.7065 80 200 120
-4.0397 -1.7575 -4.3996 80 200 120
-2.7552 -3.0668 -2.8871 80 200 120
-3.9429 -2.1579 -1.9042 80 200 120
-1.4802 -0.0453 -3.7916 80 200 120
-2.9578 -2.8150 -3.7640 80 200 120
1.7739 2.7447 -2.0750 80 200 120
4.0307 -3.8825 -1.9116 80 200 120
2.8676 -6.8228 -1.6928 80 200 120
4.7073 -6.9125 -4.7926 80 200 120
4.4768 -3.6415 -1.6228 80 200 120
8.2711 -1.9422 -1.4761 80 200 120
4.1926 -3.4368 -1.4976 80 200 120
3.6740 -6.6420 -4.2838 80 200 120
3.2864 -6.0818 -4.2361 80 200 120
0.5622 -5.3515 -1.5822 80 200 120
1.4743 -5.8521 -1.6112 80 200 120
7.3391 -3.9140 -2.4094 80 200 120
3.4659 -5.4090 -4.9300 80 200 120
2.9655 -5.2990 -4.8322 80 200 120
4.3910 -0.0244 -4.9117 80 200 120
4.7658 -3.6447 -4.2043 80 200 120
4.3170 -3.5210 -4.6758 80 200 120
3.6699 -2.4797 -4.6735 80 200 120
5.0929 -0.3921 -4.0699 80 200 120
3.3366 -2.1115 -3.9656 80 200 120
5.3388 -1.9035 -4.5246 80 200 120
2.5293 -4.3847 -4.8769 80 200 120
4.6709 -0.3494 -4.9475 80 200 120
2.6531 -4.7210 -4.9761 80 200 120
4.7338 -3.8494 -3.7060 80 200 120
3.3066 -6.4727 -4.1065 80 200 120
0.6720 -4.8783 -4.7686 80 200 120
3.7410 -4.5768 -5.0538 80 200 120
0.8307 -4.7131 -4.7465 80 200 120
-0.0813 -0.3137 -3.7235 80 200 120
2.4572 -9.5016 -1.6274 80 200 120
-0.4017 -0.5639 -3.8209 80 200 120
0.7130 -0.2646 -4.5030 80 200 120
1.7767 -2.3997 -3.9137 80 200 120
1.2644 -1.0294 -5.0188 80 200 120
1.8104 -1.0592 -5.0075 80 200 120
-0.7922 -2.4326 -5.0489 80 200 120
1.6546 -2.2705 -3.9046 80 200 120
5.5255 -0.4831 -4.0247 80 200 120
3.3099 -2.1428 -3.8769 80 200 120
6.3780 -1.0384 -4.7415 80 200 120
4.0208 -3.4447 -4.9253 80 200 120
4.9373 -0.0499 -4.0331 80 200 120
-1.1914 2.4237 -4.9181 80 200 120
1.9623 1.3283 -4.9307 80 200 120
-0.7279 -3.4416 -4.3803 80 200 120
2.4435 -2.2406 -3.8080 80 200 120
2.5343 0.7338 -5.1351 80 200 120
3.7283 -1.5808 -4.9206 80 200 120
-4.1670 -2.3388 -3.7930 80 200 120
6.7814 -1.3488 -4.7734 80 200 120
2.1576 -2.0117 -4.8563 80 200 120
0.5837 1.0001 -5.0189 80 200 120
2.2989 1.3556 -3.5515 80 200 120
5.0596 -0.3829 -4.1266 80 200 120
1.6719 3.0562 -2.0383 80 200 120
-0.4482 5.5706 -2.6090 80 200 120
-0.7720 -0.9314 -2.0833 80 200 120
-2.0402 -1.1299 -5.0454 80 200 120
-0.8303 -0.9538 -4.5512 80 200 120
0.1401 2.5156 -4.5874 80 200 120
0.0447 0.1322 -3.7147 80 200 120
-3.9183 -0.8416 -4.9882 80 200 120
-0.7823 0.3305 -3.7971 80 200 120
-0.7392 -0.9635 -4.1024 80 200 120
1.6222 1.4190 -3.7278 80 200 120
-4.2139 -1.7721 -3.6925 80 200 120
-1.0029 2.2766 -4.8459 80 200 120
-2.1428 -1.6068 -4.9857 80 200 120
-0.7371 2.6900 -4.9276 80 200 120
3.0371 -6.8601 -1.4996 80 200 120
2.9266 -7.2299 -1.9005 80 200 120
3.9113 -6.5344 -4.4768 80 200 120
1.3371 -6.2515 -3.7733 80 200 120
8.2243 -1.7549 -1.9776 80 200 120
1.3749 -6.2556 -3.3743 80 200 120
0.1334 -5.5388 -2.5332 80 200 120
4.1059 -3.6109 -2.7904 80 200 120
3.8112 -2.6151 -4.6742 80 200 120
5.0245 -0.6064 -4.9373 80 200 120
2.7682 -5.8069 -4.3719 80 200 120
4.4548 -3.6899 -4.0080 80 200 120
4.4240 -3.6158 -4.1657 80 200 120
4.1162 -2.3562 -3.8880 80 200 120
4.2235 -2.0490 -3.8959 80 200 120
3.8722 -2.1580 -3.8643 80 200 120
3.9007 -2.5255 -3.8898 80 200 120
5.0501 -2.4798 -4.0902 80 200 120
2.4740 -2.2580 -4.8805 80 200 120
3.8134 -2.4525 -4.0574 80 200 120
1.7890 -1.1764 -5.1757 80 200 120
3.6015 -5.9887 -4.4663 80 200 120
1.1567 -3.2084 -4.2317 80 200 120
2.5783 -6.3563 -4.4872 80 200 120
1.8331 -3.2099 -4.1840 80 200 120
2.1316 -2.6033 -3.8946 80 200 120
0.6289 -1.4446 -4.9429 80 200 120
0.7995 0.1657 -5.0758 80 200 120
1.6353 -2.4103 -3.9876 80 200 120
5.2402 -0.8146 -4.9494 80 200 120
-1.3922 -2.9800 -4.8638 80 200 120
4.2159 -2.8726 -4.8841 80 200 120
2.9901 1.1059 -4.9580 80 200 120
3.7770 -1.5447 -4.5293 80 200 120
2.7767 1.0098 -3.8422 80 200 120
5.2310 0.4328 -2.0686 80 200 120
6.4146 -0.8316 -4.8051 80 200 120
4.5548 -0.4754 -3.8572 80 200 120
0.4675 2.2888 -3.0336 80 200 120
0.6192 4.5991 -2.6385 80 200 120
-0.4353 2.2150 -1.4099 80 200 120
7.0965 -1.4309 -4.2215 80 200 120
1.7361 2.1631 -1.3826 80 200 120
0.4718 -2.4690 -1.4680 80 200 120
1.4270 1.5728 -4.0381 80 200 120
0.1771 2.6698 -3.4665 80 200 120
-1.3626 0.2936 -3.9075 80 200 120
-0.0596 4.6458 -3.2099 80 200 120
1.5572 1.9589 -3.5906 80 200 120
-4.0800 -1.3964 -4.9299 80 200 120
-1.1680 2.0375 -5.1866 80 200 120
4.1159 -3.9236 -2.4821 80 200 120
0.4460 -5.6882 -2.5257 80 200 120
0.3613 -5.1637 -3.1234 80 200 120
0.6309 -5.7411 -2.9706 80 200 120
-0.1257 -5.2899 -2.9202 80 200 120
7.3003 -4.2911 -3.1332 80 200 120
4.4252 -7.0271 -4.7086 80 200 120
8.8279 -2.5649 -2.9566 80 200 120
4.2344 -5.0025 -4.2715 80 200 120
3.4974 -2.7685 -4.4601 80 200 120
4.7224 -6.6792 -4.7826 80 200 120
5.2701 -1.5976 -4.8141 80 200 120
5.5203 -1.0384 -4.9407 80 200 120
5.2598 -0.8068 -4.9637 80 200 120
4.6053 -0.0258 -3.9775 80 200 120
3.9930 1.6179 -5.1150 80 200 120
5.0230 -0.0302 -4.0444 80 200 120
4.3054 0.0570 -5.0509 80 200 120
4.5662 -1.1328 -4.6036 80 200 120
3.6533 -1.6349 -4.8815 80 200 120
4.3732 -6.8218 -4.6684 80 200 120
4.4696 -3.3597 -4.6522 80 200 120
3.6896 1.8003 -5.0642 80 200 120
3.2746 -5.3852 -4.1471 80 200 120
3.6045 -7.6980 -3.8872 80 200 120
3.7056 -6.1217 -4.5913 80 200 120
2.0252 -2.8863 -3.9939 80 200 120
1.5199 -3.0047 -4.1772 80 200 120
4.2341 -6.5400 -4.5316 80 200 120
3.9984 -6.4203 -4.3808 80 200 120
2.8512 -5.3265 -4.8560 80 200 120
3.9123 -6.3305 -4.5087 80 200 120
2.2080 -6.4504 -5.0647 80 200 120
2.4816 -4.0869 -5.0741 80 200 120
-0.4678 -0.5456 -3.8185 80 200 120
-0.5739 -1.2067 -4.0105 80 200 120
-1.7839 -3.1630 -4.4150 80 200 120
0.8546 -0.3836 -4.6994 80 200 120
2.4802 -2.2654 -4.9761 80 200 120
4.0074 -3.5967 -4.9617 80 200 120
4.3006 -3.5045 -4.7117 80 200 120
2.2607 -2.5503 -4.4332 80 200 120
-1.7246 -3.2585 -4.4287 80 200 120
1.8345 -1.8272 -3.9031 80 200 120
4.5581 -3.4372 -5.0737 80 200 120
5.1904 -0.8811 -4.3573 80 200 120
3.3316 -2.1511 -3.9021 80 200 120
3.7938 -1.5404 -3.9360 80 200 120
3.9929 -3.6830 -4.9805 80 200 120
2.0087 1.5632 -3.5202 80 200 120
6.8872 -0.8156 -5.0261 80 200 120
2.6694 0.6224 -3.2850 80 200 120
7.7865 -1.3697 -5.1564 80 200 120
3.5921 -1.8135 -3.8891 80 200 120
0.2617 -3.6715 -4.8825 80 200 120
2.3428 1.4240 -3.3345 80 200 120
-3.4225 -2.3011 -3.7103 80 200 120
-1.2686 2.4174 -1.9886 80 200 120
1.8492 -1.2604 -5.0067 80 200 120
1.9428 1.8215 -3.6052 80 200 120
2.5583 1.1787 -3.4001 80 200 120
8.5071 -2.1602 -2.8868 80 200 120
5.4604 -0.0181 -3.9712 80 200 120
-3.8731 -1.1928 -3.5242 80 200 120
-0.1238 -1.2647 -1.4632 80 200 120
1.3217 1.6014 -3.3793 80 200 120
-3.5717 -2.6627 -4.9939 80 200 120
-1.6407 -3.2444 -4.4470 80 200 120
-3.1737 -2.0643 -5.3956 80 200 120
-2.8181 0.2996 -3.2394 80 200 120
-1.4354 1.8187 -1.5613 80 200 120
0.0295 0.1467 -1.4739 80 200 120
2.3979 0.0278 -3.2128 80 200 120
-0.5572 -0.5908 -1.7848 80 200 120
-3.7897 -0.7221 -4.0911 80 200 120
-2.4979 -1.5987 -5.0902 80 200 120
-3.7844 -1.7546 -4.3125 80 200 120
1.7379 1.1227 -3.6388 80 200 120
-1.9148 -4.1773 -4.0567 80 200 120
1.7636 2.7480 -2.0940 80 200 120
-3.7551 -1.9164 -2.7807 80 200 120
3.3472 -5.6421 -4.4865 80 200 120
3.0887 -5.5119 -4.3917 80 200 120
1.4383 -6.4499 -4.4950 80 200 120
1.8553 -6.0825 -4.4090 80 200 120
4.9814 -6.2516 -4.6869 80 200 120
1.5493 -6.6659 -2.0009 80 200 120
4.6995 -5.8165 -3.4401 80 200 120
3.5422 -5.7129 -4.0286 80 200 120
-1.5919 -3.9628 -1.5657 80 200 120
7.9472 -2.9138 -2.0785 80 200 120
3.7968 -5.9319 -4.7344 80 200 120
4.2691 0.2778 -4.0481 80 200 120
3.8390 -1.5419 -4.7370 80 200 120
4.2203 0.3760 -4.5072 80 200 120
4.1512 1.0105 -4.8883 80 200 120
1.5108 -4.6455 -4.5695 80 200 120
3.5634 -5.8351 -4.2453 80 200 120
1.6237 -1.9002 -3.9875 80 200 120
-3.1866 -2.7323 -2.5430 80 200 120
3.5791 -1.8060 -4.9251 80 200 120
3.7000 -1.5977 -4.8589 80 200 120
4.0840 -3.8531 -4.5238 80 200 120
2.8653 1.2278 -3.5773 80 200 120
1.5128 1.5763 -5.0285 80 200 120
3.9426 -2.6750 -4.9042 80 200 120
-0.2451 -1.6633 -5.0303 80 200 120
4.0357 -3.4588 -4.9667 80 200 120
3.7656 -1.5474 -4.2337 80 200 120
7.7620 -1.6715 -4.8251 80 200 120
-1.1055 -0.3919 -2.4315 80 200 120
6.8634 -0.7296 -2.5807 80 200 120
5.5115 -0.6531 -4.1065 80 200 120
4.8303 -0.2333 -3.8576 80 200 120
4.2860 0.2937 -4.0904 80 200 120
4.2597 1.2914 -2.9970 80 200 120
8.2381 -1.9093 -4.1743 80 200 120
6.5907 -0.6170 -3.6896 80 200 120
5.0189 0.4739 -1.4796 80 200 120
5.9412 -0.3668 -3.9878 80 200 120
6.7127 -4.3828 -1.3385 80 200 120
0.6506 3.4441 -1.5601 80 200 120
3.8223 0.1283 -1.4586 80 200 120
-2.0596 1.7349 -1.7034 80 200 120
-0.9168 -1.0733 -3.0316 80 200 120
-0.9865 0.5538 -1.4725 80 200 120
-4.0129 -2.2214 -3.3582 80 200 120
-0.9648 3.2280 -3.7070 80 200 120
-1.2487 3.0953 -4.4541 80 200 120
-0.6229 4.3937 -3.1092 80 200 120
-1.6444 2.2370 -3.1303 80 200 120
0.1046 0.1874 -4.0750 80 200 120
4.1686 -7.0960 -1.6044 80 200 120
4.2103 -5.9337 -1.4631 80 200 120
1.0935 -6.1630 -4.3819 80 200 120
5.1855 -3.5252 -3.6674 80 200 120
3.9472 -5.9513 -4.7511 80 200 120
2.3188 -6.3398 -4.7188 80 200 120
-1.5468 -4.2293 -2.2886 80 200 120
-0.4152 -4.7728 -1.5371 80 200 120
2.6563 0.6167 -4.7581 80 200 120
2.4846 -2.2341 -4.8680 80 200 120
3.9904 -1.6022 -3.9694 80 200 120
4.9746 -2.1838 -4.2003 80 200 120
3.8349 -1.5398 -3.9642 80 200 120
7.5998 -3.5928 -4.9702 80 200 120
2.1525 -1.9402 -4.8016 80 200 120
3.3123 -2.1621 -4.9455 80 200 120
7.0303 -2.0734 -5.0340 80 200 120
4.1334 -2.3808 -3.9168 80 200 120
7.9746 -3.2492 -4.9307 80 200 120
3.7597 -1.5315 -4.2348 80 200 120
4.4122 -0.8848 -5.0272 80 200 120
3.3848 -2.3015 -4.7608 80 200 120
1.7720 -4.0969 -4.9047 80 200 120
1.9006 -6.2147 -4.9465 80 200 120
3.6410 -5.3833 -4.7666 80 200 120
4.2708 -6.8793 -4.9722 80 200 120
4.0191 -5.6211 -5.2052 80 200 120
3.7385 -5.5450 -5.3116 80 200 120
3.7407 -6.1672 -4.4291 80 200 120
2.7582 -6.3827 -4.7249 80 200 120
4.1664 -5.3310 -4.5535 80 200 120
2.0113 -6.0314 -5.0056 80 200 120
0.1824 -4.4879 -4.2297 80 200 120
-2.9847 -2.5525 -4.8221 80 200 120
0.7386 -0.3983 -5.0356 80 200 120
-0.1333 0.4186 -4.3043 80 200 120
4.0592 -3.8883 -4.2936 80 200 120
0.1684 0.1970 -4.8348 80 200 120
2.0825 -1.9650 -4.9327 80 200 120
3.1263 -1.1687 -5.0328 80 200 120
-1.8031 -0.7972 -3.7176 80 200 120
3.1093 1.5567 -3.5122 80 200 120
-0.6336 3.2082 -3.2418 80 200 120
0.8301 -1.4667 -5.0295 80 200 120
1.1678 3.0897 -1.6368 80 200 120
-0.7356 3.7588 -2.3681 80 200 120
4.9987 -0.7864 -5.0976 80 200 120
0.6293 -0.5768 -3.9873 80 200 120
4.4190 -0.8823 -5.0400 80 200 120
-0.1055 4.1619 -1.5779 80 200 120
-3.4613 -3.0248 -4.5253 80 200 120
-0.7664 2.9629 -1.6293 80 200 120
7.0247 -1.1121 -4.9177 80 200 120
4.7334 -0.1844 -3.9483 80 200 120
8.5237 -2.5959 -2.8759 80 200 120
4.2743 1.3103 -4.0447 80 200 120
4.2393 -3.4435 -1.5642 80 200 120
2.8667 1.9371 -3.9221 80 200 120
-0.8809 -3.8889 -1.4487 80 200 120
-0.9991 -1.0047 -2.1066 80 200 120
-2.1511 -3.5497 -1.9946 80 200 120
0.5011 -5.7851 -1.9937 80 200 120
1.1402 2.0210 -3.4370 80 200 120
2.1733 0.7648 -3.3103 80 200 120
-3.3576 -2.6517 -4.9262 80 200 120
-1.3304 2.7182 -4.9425 80 200 120
-0.8153 2.9810 -5.2731 80 200 120
-2.4056 -2.4520 -5.1353 80 200 120
-2.4315 -1.0864 -5.1950 80 200 120
0.9698 -5.5210 -1.9040 80 200 120
1.1292 3.0656 -3.3370 80 200 120
-1.4594 2.2490 -4.8412 80 200 120
0.1475 0.0560 -3.6917 80 200 120
-1.6678 -3.1501 -4.3864 80 200 120
-1.3230 -1.0601 -4.0907 80 200 120
-1.6048 -3.7134 -4.2616 80 200 120
-0.6263 -0.8182 -3.9606 80 200 120
1.4606 2.5384 -1.4484 80 200 120
1.8648 2.6953 -1.7238 80 200 120
-2.2353 -3.8423 -3.9974 80 200 120
4.3593 -4.7762 -2.0564 80 200 120
3.8960 -7.5415 -1.8743 80 200 120
2.6756 -8.1442 -2.2209 80 200 120
1.9134 -6.3904 -4.8108 80 200 120
3.6737 -5.6189 -4.7166 80 200 120
3.1619 -5.3947 -4.5738 80 200 120
0.8216 -5.7775 -4.3156 80 200 120
8.1734 -2.9543 -2.0281 80 200 120
6.5416 -4.5869 -3.7132 80 200 120
8.4004 -2.1022 -1.5277 80 200 120
3.3362 -5.5013 -4.3499 80 200 120
4.9709 -7.4106 -5.1018 80 200 120
4.0855 -3.9956 -1.5031 80 200 120
2.8733 -5.4865 -4.9177 80 200 120
3.2575 -1.6310 -5.0532 80 200 120
3.1830 -5.7849 -4.4948 80 200 120
3.3319 1.7984 -4.9215 80 200 120
3.4276 -2.2519 -4.1043 80 200 120
3.6521 1.5920 -5.0006 80 200 120
4.9666 -0.8048 -5.0580 80 200 120
3.4906 -2.0308 -4.0246 80 200 120
4.4425 0.1355 -3.8992 80 200 120
3.5540 -1.7876 -4.9281 80 200 120
3.5756 -1.8182 -3.8838 80 200 120
7.4752 -1.4517 -4.9207 80 200 120
1.7227 -6.1652 -4.6996 80 200 120
2.0405 -5.9075 -5.0379 80 200 120
4.1907 -4.5617 -4.5432 80 200 120
0.1105 -4.0933 -4.3791 80 200 120
1.4333 -5.4511 -4.6805 80 200 120
2.4110 -2.3762 -3.8140 80 200 120
-3.4519 -2.8962 -1.4472 80 200 120
0.5385 -0.1547 -4.8968 80 200 120
-1.7669 -1.4203 -4.2567 80 200 120
-1.0109 -0.9227 -3.0949 80 200 120
-3.5038 -2.5272 -3.0711 80 200 120
-5.0598 -1.5327 -1.4993 80 200 120
0.4663 -0.7689 -4.4666 80 200 120
1.9153 -1.9038 -3.8200 80 200 120
5.2799 -0.8078 -4.9835 80 200 120
4.8042 -0.3615 -5.0538 80 200 120
1.1315 -1.1436 -4.9878 80 200 120
6.0749 -1.4872 -5.2064 80 200 120
-0.9676 0.3608 -3.8022 80 200 120
-1.5233 1.4369 -1.6501 80 200 120
0.1753 -0.0759 -4.8480 80 200 120
5.4963 -1.0228 -4.9540 80 200 120
3.3228 -1.3874 -5.0251 80 200 120
0.0989 -3.1203 -4.8641 80 200 120
5.4741 -0.3964 -4.0220 80 200 120
5.0037 -1.8475 -1.4234 80 200 120
6.2829 -0.3149 -1.9731 80 200 120
1.3783 2.5766 -2.7442 80 200 120
5.4258 -0.7000 -4.0677 80 200 120
5.3555 -0.4974 -3.9699 80 200 120
4.6989 -0.0040 -4.1279 80 200 120
-0.9484 3.1153 -1.5441 80 200 120
7.5468 -3.0515 -3.6673 80 200 120
0.5039 -5.6641 -1.5175 80 200 120
-1.5733 -3.0870 -1.3950 80 200 120
-0.5357 0.8222 -1.5215 80 200 120
-0.9136 -1.0034 -2.9783 80 200 120
-2.7651 -1.4757 -1.9306 80 200 120
-4.3804 -1.6352 -3.9045 80 200 120
-4.2061 -1.1117 -3.5399 80 200 120
-3.8350 -1.2220 -4.8161 80 200 120
-0.0368 2.7966 -4.6343 80 200 120
2.2841 2.5662 -1.9752 80 200 120
-2.0458 -3.5308 -2.9113 80 200 120
-3.9371 -0.9907 -4.1104 80 200 120
0.3367 0.0358 -4.2773 80 200 120
-3.6176 -2.4100 -4.4331 80 200 120
2.5765 -7.1527 -2.0673 80 200 120
2.2981 -6.5094 -2.2972 80 200 120
6.8475 -4.5477 -2.4083 80 200 120
7.1898 -4.2267 -3.1051 80 200 120
2.7396 -5.8627 -4.3861 80 200 120
-2.1340 -3.3546 -1.5447 80 200 120
4.0195 -4.2021 -4.3045 80 200 120
3.9626 -4.2447 -4.5540 80 200 120
3.9580 -4.4468 -4.6856 80 200 120
3.9348 -3.9127 -4.5479 80 200 120
2.7708 -5.8515 -4.3926 80 200 120
6.4910 -3.4749 -4.5207 80 200 120
7.1364 -0.9839 -3.3409 80 200 120
4.4533 -0.2000 -5.0034 80 200 120
4.4564 -1.1676 -5.0129 80 200 120
4.3226 -2.1049 -3.9522 80 200 120
3.6915 -8.0560 -3.5036 80 200 120
4.0556 -1.7277 -3.9889 80 200 120
1.7093 -4.2893 -4.8033 80 200 120
3.9682 -1.1380 -5.0335 80 200 120
2.1103 -6.1940 -4.6971 80 200 120
6.1036 -1.6377 -5.0125 80 200 120
6.6125 -4.6456 -3.6792 80 200 120
7.7110 -1.5699 -1.4771 80 200 120
4.9520 -1.0627 -5.0064 80 200 120
3.2490 -5.1693 -3.9745 80 200 120
2.2411 -5.5626 -4.9498 80 200 120
-0.3618 -3.3136 -4.9550 80 200 120
2.0910 -6.3405 -2.9565 80 200 120
3.2014 -5.6496 -4.4750 80 200 120
-0.2440 0.4432 -4.2242 80 200 120
2.3439 -2.5328 -3.9246 80 200 120
4.0778 -3.9829 -4.6371 80 200 120
-0.3825 -0.5556 -3.7497 80 200 120
3.6883 -1.5836 -4.7804 80 200 120
3.9767 -3.6357 -4.9196 80 200 120
4.1560 -3.4686 -4.9909 80 200 120
4.1444 -4.5911 -4.0690 80 200 120
-2.8461 -1.3795 -4.7058 80 200 120
3.7856 -1.5674 -3.9114 80 200 120
5.5191 -0.6704 -4.1133 80 200 120
6.8792 -0.8515 -5.0287 80 200 120
6.6894 -2.2966 -5.0141 80 200 120
-0.0744 0.2766 -4.6526 80 200 120
4.8424 -0.3749 -4.0191 80 200 120
2.4234 -2.3272 -4.3243 80 200 120
0.3816 -1.6664 -5.0161 80 200 120
0.7263 0.2919 -4.9757 80 200 120
0.4751 -0.7770 -4.4734 80 200 120
3.7654 -1.5488 -4.2806 80 200 120
1.8810 -1.8903 -4.3500 80 200 120
0.0600 4.7491 -1.8340 80 200 120
2.4576 -2.2531 -3.7514 80 200 120
2.3126 1.4988 -3.4060 80 200 120
3.7648 -1.5440 -4.5496 80 200 120
3.3683 -2.2350 -4.6791 80 200 120
0.5951 -0.5067 -3.7484 80 200 120
4.0310 1.3820 -5.0094 80 200 120
0.5442 3.7597 -2.0390 80 200 120
5.4227 -0.1398 -4.0566 80 200 120
4.4436 -3.7248 -1.6035 80 200 120
4.2732 -3.5749 -1.4151 80 200 120
8.6343 -2.4231 -3.7099 80 200 120
4.1124 0.9605 -3.9018 80 200 120
3.3319 1.3809 -3.6617 80 200 120
7.9660 -1.6725 -4.8570 80 200 120
7.4850 -4.0375 -2.3292 80 200 120
6.9140 -3.4818 -1.3934 80 200 120
0.1302 -4.8414 -1.6360 80 200 120
0.6120 -5.1961 -1.4039 80 200 120
0.0390 -2.0744 -1.4714 80 200 120
1.1474 1.9803 -3.4121 80 200 120
0.8701 2.4067 -4.1446 80 200 120
-0.3046 -0.4094 -1.4266 80 200 120
0.2371 -3.2021 -1.4329 80 200 120
0.0060 0.3001 -4.1165 80 200 120
1.8091 2.0836 -3.5579 80 200 120
0.0449 0.0180 -3.9558 80 200 120
-0.2043 0.3381 -3.7290 80 200 120
-4.0354 -2.0738 -4.8800 80 200 120
1.6727 1.3971 -3.6977 80 200 120
-2.2953 -1.1519 -4.7929 80 200 120
1.2801 2.8505 -2.7035 80 200 120
-0.9890 -1.2388 -1.7314 80 200 120
-2.5221 -2.7228 -3.7219 80 200 120
-1.9477 -0.4072 -2.7143 80 200 120
3.7298 -7.9425 -1.7468 80 200 120
2.5634 -6.4284 -1.8060 80 200 120
3.0054 -9.1969 -2.0088 80 200 120
4.0084 -4.1980 -4.3770 80 200 120
3.8819 -4.0141 -4.6309 80 200 120
3.7636 -3.7596 -4.6162 80 200 120
4.1429 -5.5199 -5.1727 80 200 120
4.0715 -4.0627 -3.9501 80 200 120
2.1200 -1.9448 -4.8579 80 200 120
3.5175 -2.4564 -4.1837 80 200 120
2.5473 -3.1984 -5.0533 80 200 120
2.8430 0.9543 -4.8444 80 200 120
3.7613 -1.5231 -4.1973 80 200 120
4.6255 0.2949 -4.0147 80 200 120
3.7781 -2.6613 -4.3593 80 200 120
4.3058 0.3393 -4.1173 80 200 120
3.9629 -2.9229 -4.0499 80 200 120
4.4511 -1.9165 -4.1738 80 200 120
3.6174 1.4645 -4.9086 80 200 120
4.0847 1.2433 -4.9909 80 200 120
3.0423 -5.1786 -4.0340 80 200 120
3.1467 -6.2288 -4.0466 80 200 120
0.4589 -4.4781 -4.5347 80 200 120
1.6510 1.5360 -5.0409 80 200 120
2.4191 -2.4011 -4.4589 80 200 120
0.5773 -0.2285 -4.6270 80 200 120
4.0544 -3.8388 -3.9160 80 200 120
2.7082 0.9877 -4.1210 80 200 120
1.9998 -1.8579 -3.9015 80 200 120
7.1320 -1.4170 -4.8386 80 200 120
3.7598 -1.5440 -4.0594 80 200 120
-0.5400 2.5721 -4.9664 80 200 120
0.3190 2.4074 -3.7218 80 200 120
1.7550 1.5892 -3.5927 80 200 120
8.0549 -3.1565 -4.3005 80 200 120
6.4969 -4.2358 -1.4313 80 200 120
6.7186 -4.8481 -1.7620 80 200 120
5.7065 -0.6195 -4.1854 80 200 120
5.5948 -0.3417 -4.0573 80 200 120
7.6448 -3.6439 -1.9842 80 200 120
8.2945 -1.9075 -4.2087 80 200 120
4.9276 -1.5957 -1.4284 80 200 120
-1.0984 -4.1260 -1.6475 80 200 120
-1.0505 -0.9879 -4.1515 80 200 120
-0.5742 -0.6278 -3.7933 80 200 120
-1.7609 3.0256 -5.2074 80 200 120
-1.6628 2.1596 -3.7336 80 200 120
-0.8987 -4.4775 -3.1205 80 200 120
0.7132 -0.6108 -3.9520 80 200 120
1.5054 0.6283 -1.4708 80 200 120
-4.5376 -1.7241 -4.5249 80 200 120
-0.7620 1.2079 -5.1013 80 200 120
-3.9285 -1.3730 -4.8409 80 200 120
-2.5274 -2.8594 -4.3001 80 200 120
-1.2926 2.0217 -5.1496 80 200 120
2.1067 1.9182 -3.7281 80 200 120
4.4066 -4.5899 -2.0064 80 200 120
4.4913 -4.9311 -1.7190 80 200 120
0.9945 -5.8077 -4.7857 80 200 120
4.6226 -7.3487 -4.8688 80 200 120
3.6870 -2.9969 -4.1863 80 200 120
3.3484 1.9124 -4.9743 80 200 120
4.3413 0.0529 -4.0298 80 200 120
4.9273 -0.4655 -4.0732 80 200 120
3.4036 -1.9494 -3.8314 80 200 120
4.4973 -2.0318 -4.0742 80 200 120
4.3271 -3.2082 -4.0720 80 200 120
1.2930 -4.4962 -5.0841 80 200 120
2.7830 -3.4188 -5.0019 80 200 120
1.6561 -4.2737 -5.1175 80 200 120
2.2184 -6.8158 -4.9557 80 200 120
3.4680 -5.6233 -4.3723 80 200 120
2.8234 -4.4519 -3.6508 80 200 120
4.0143 -4.9989 -5.0278 80 200 120
2.3656 -2.5306 -4.0425 80 200 120
1.7692 -2.0267 -3.9897 80 200 120
-0.5447 0.6427 -4.3493 80 200 120
4.1558 -3.4407 -4.9414 80 200 120
4.0016 -3.6631 -4.9820 80 200 120
1.1794 1.9265 -5.0071 80 200 120
-0.0299 1.6534 -5.0129 80 200 120
-0.0995 0.2592 -3.7395 80 200 120
-0.2946 -0.6705 -3.7629 80 200 120
1.8315 -1.9627 -4.5596 80 200 120
-3.1686 -2.8482 -1.5161 80 200 120
2.6790 0.8659 -3.4420 80 200 120
-0.2411 -1.0708 -3.9140 80 200 120
-1.6435 -3.0825 -4.9724 80 200 120
-3.9080 -2.0476 -4.7559 80 200 120
3.7937 -1.5737 -4.3272 80 200 120
3.4767 1.5823 -5.1565 80 200 120
5.8953 -1.5253 -5.0475 80 200 120
-0.2000 0.3474 -4.7230 80 200 120
-2.6576 -2.4734 -4.7515 80 200 120
-2.2153 1.9568 -2.4590 80 200 120
6.2516 -1.4996 -4.9757 80 200 120
-1.1553 -3.1343 -4.9378 80 200 120
-3.0471 0.9764 -3.7282 80 200 120
7.6522 -1.2792 -1.6485 80 200 120
4.9278 -3.9817 -1.3552 80 200 120
0.2186 3.4905 -1.7365 80 200 120
7.4116 -1.1593 -5.0208 80 200 120
0.5378 3.8036 -2.0554 80 200 120
7.7618 -1.3567 -4.4579 80 200 120
-0.6500 -0.8738 -2.1518 80 200 120
-0.2032 0.4336 -4.2160 80 200 120
0.1355 2.5359 -4.4667 80 200 120
-0.5170 3.0979 -3.1931 80 200 120
-2.3239 -0.2308 -2.2983 80 200 120
1.0426 2.0639 -4.0423 80 200 120
1.3916 2.3663 -3.6738 80 200 120
1.7138 1.8333 -3.3311 80 200 120
1.3889 1.9742 -4.4897 80 200 120
-2.3278 -3.3031 -2.9036 80 200 120
4.5218 -5.2603 -1.6547 80 200 120
4.5363 -5.0942 -1.8524 80 200 120
2.8732 -9.2654 -2.8133 80 200 120
3.4993 -5.5482 -4.9783 80 200 120
3.7514 -6.2067 -4.5335 80 200 120
3.7782 -3.6697 -4.5087 80 200 120
4.0386 -4.2818 -4.2567 80 200 120
4.0355 -4.6945 -4.5294 80 200 120
3.3489 -5.4613 -4.3339 80 200 120
0.5586 -4.7905 -4.8406 80 200 120
1.9638 -6.7091 -4.9984 80 200 120
3.5493 -2.8294 -4.3432 80 200 120
1.0522 -5.1197 -5.0303 80 200 120
2.0399 -5.2905 -4.2161 80 200 120
0.2537 -4.3769 -4.4723 80 200 120
-0.2199 -4.4369 -4.3077 80 200 120
4.1247 -2.9955 -3.7683 80 200 120
3.9660 -3.7446 -4.5606 80 200 120
1.8927 -1.9106 -4.1748 80 200 120
3.8425 -3.4444 -3.8708 80 200 120
3.3640 -2.2314 -4.3414 80 200 120
3.9957 -3.8147 -4.3300 80 200 120
2.2332 1.1137 -4.9428 80 200 120
2.6562 -5.2586 -2.3242 80 200 120
0.0092 -5.3635 -2.6220 80 200 120
-0.4575 -1.9578 -5.0586 80 200 120
0.0996 -0.7295 -3.7676 80 200 120
5.4022 -0.8023 -4.7452 80 200 120
0.4554 -0.0708 -4.9123 80 200 120
-3.1453 -2.1087 -5.1927 80 200 120
0.6676 -0.3960 -4.5062 80 200 120
-1.8525 2.2755 -3.7527 80 200 120
5.3244 -1.7178 -5.0371 80 200 120
0.5529 -0.8900 -4.9136 80 200 120
-0.5456 0.5739 -3.7791 80 200 120
5.0474 0.6668 -2.3382 80 200 120
5.9378 -0.0477 -3.6872 80 200 120
4.4835 0.8789 -1.4451 80 200 120
7.7079 -1.4781 -3.8457 80 200 120
4.4897 1.0093 -3.2340 80 200 120
4.4665 -3.7762 -1.5986 80 200 120
7.1621 -4.1915 -3.0870 80 200 120
4.9405 -0.4221 -4.0765 80 200 120
4.3279 -3.5553 -1.4632 80 200 120
7.1695 -4.5274 -2.1591 80 200 120
8.2770 -2.7146 -4.4561 80 200 120
7.2496 -4.4419 -2.6337 80 200 120
5.6596 -3.3171 -1.4197 80 200 120
1.9047 1.8602 -3.5230 80 200 120
-1.0837 3.0913 -5.2454 80 200 120
-0.4812 1.9181 -5.2132 80 200 120
1.9844 2.3316 -3.5042 80 200 120
-0.9955 3.2890 -3.7279 80 200 120
-4.1743 -2.5295 -4.5284 80 200 120
-2.0377 0.5039 -3.8990 80 200 120
-3.0488 -1.3487 -4.5303 80 200 120
-2.1512 -1.1156 -3.3488 80 200 120
-3.4367 -2.9105 -3.8469 80 200 120
4.6317 -6.5325 -1.7670 80 200 120
2.9931 -5.4431 -4.9615 80 200 120
0.7521 -5.5503 -4.7697 80 200 120
-3.4061 -2.0692 -1.6299 80 200 120
4.6848 -3.5530 -3.7506 80 200 120
4.0047 -4.5123 -4.5725 80 200 120
2.5362 -7.0036 -2.0577 80 200 120
2.4466 -2.3175 -5.0684 80 200 120
4.0155 0.6979 -4.6287 80 200 120
3.4020 -1.8582 -3.7525 80 200 120
7.2596 -2.7374 -5.0742 80 200 120
5.4128 -0.0924 -4.1004 80 200 120
4.1902 -2.8941 -4.0910 80 200 120
3.7320 -1.5456 -4.2077 80 200 120
1.2744 -6.1615 -5.0167 80 200 120
5.3850 -0.8064 -4.7001 80 200 120
1.6713 -6.1407 -4.7541 80 200 120
2.0674 -4.1831 -4.8802 80 200 120
4.2007 0.2132 -4.0480 80 200 120
2.4090 -4.6877 -3.1698 80 200 120
4.0022 -3.8182 -3.2890 80 200 120
1.2228 -7.3343 -4.6805 80 200 120
3.4047 -6.5299 -4.3559 80 200 120
2.7706 -4.9663 -4.1961 80 200 120
2.0606 -3.8888 -4.2265 80 200 120
-0.0637 -3.6362 -4.2946 80 200 120
1.5363 -2.4320 -3.9091 80 200 120
3.4601 -5.3274 -4.3913 80 200 120
-0.2138 0.3600 -4.9197 80 200 120
0.1294 2.6433 -4.9569 80 200 120
0.6174 2.3045 -5.0368 80 200 120
-0.1560 2.8693 -4.6181 80 200 120
0.2394 -1.0823 -4.6505 80 200 120
-0.1372 0.5710 -4.3815 80 200 120
5.4738 -0.7385 -4.1038 80 200 120
5.0012 -0.0557 -4.0516 80 200 120
1.0073 3.5392 -1.5039 80 200 120
0.0795 2.8142 -3.4259 80 200 120
5.2704 -0.8042 -4.2902 80 200 120
5.9901 -0.9222 -4.5420 80 200 120
-0.0358 4.0247 -1.5770 80 200 120
4.3450 0.3889 -4.9402 80 200 120
1.0441 2.2406 -4.6615 80 200 120
2.0832 -1.9719 -4.9272 80 200 120
-1.0099 2.5173 -1.7240 80 200 120
4.9775 -1.0413 -5.0431 80 200 120
-0.7566 -0.4174 -3.7651 80 200 120
-0.8535 1.4437 -4.9062 80 200 120
3.7871 -1.5833 -3.9268 80 200 120
2.4633 -2.2268 -4.9574 80 200 120
5.8195 -0.2387 -1.5192 80 200 120
8.0897 -1.7474 -4.8562 80 200 120
6.0284 -3.2089 -1.4185 80 200 120
5.6417 -0.3113 -4.1062 80 200 120
-0.5512 -3.2924 -1.4982 80 200 120
-1.3904 2.4938 -1.8781 80 200 120
-2.1085 1.6018 -2.3255 80 200 120
-0.4005 -0.9685 -3.8501 80 200 120
1.5973 1.8168 -3.5604 80 200 120
1.1206 1.9120 -4.0039 80 200 120
-2.7783 -1.4981 -3.4961 80 200 120
-2.6065 -2.8447 -4.3378 80 200 120
-2.7507 -0.2850 -3.8102 80 200 120
-1.2777 -1.0424 -3.6536 80 200 120
-2.2032 1.9030 -4.9429 80 200 120
-0.1796 1.6375 -1.4903 80 200 120
1.0692 2.2438 -4.6567 80 200 120
1.3298 2.0715 -4.2185 80 200 120
-1.1636 2.5344 -4.9941 80 200 120
4.5467 -8.5447 -2.3921 80 200 120
3.2610 -5.1896 -4.8609 80 200 120
0.5466 -5.3014 -4.7344 80 200 120
-0.1113 -4.3447 -4.1247 80 200 120
1.2222 -6.5661 -5.0461 80 200 120
-3.1545 -2.5775 -1.5361 80 200 120
3.1428 -4.3363 -5.1447 80 200 120
3.8391 -4.0183 -4.5605 80 200 120
3.2643 -4.9295 -5.3284 80 200 120
3.0803 -3.4694 -5.3084 80 200 120
3.6949 -4.4374 -4.9952 80 200 120
3.6162 -2.5631 -4.0395 80 200 120
3.3281 -5.5337 -4.1403 80 200 120
4.0210 -7.4819 -4.5817 80 200 120
4.2149 -4.1893 -4.0886 80 200 120
3.7968 -1.5434 -4.0979 80 200 120
4.4062 -1.5715 -5.0576 80 200 120
3.4020 -2.6894 -4.8448 80 200 120
2.1065 -7.3186 -5.1460 80 200 120
2.1549 -2.9256 -3.8885 80 200 120
4.7482 -8.2022 -5.4445 80 200 120
2.3750 -3.3960 -4.0912 80 200 120
0.2452 -3.1572 -4.9046 80 200 120
3.8307 -3.3769 -4.0439 80 200 120
-0.3594 0.5255 -4.5252 80 200 120
-0.3466 0.3288 -3.8035 80 200 120
1.6949 -2.1341 -4.3793 80 200 120
-0.0827 0.1162 -3.8503 80 200 120
0.1464 0.3548 -4.9720 80 200 120
7.9956 -1.6423 -4.9368 80 200 120
0.0821 2.7342 -3.7890 80 200 120
4.8049 0.7706 -2.9346 80 200 120
5.6937 -0.7386 -4.2037 80 200 120
5.2565 -0.6253 -4.0432 80 200 120
4.7390 0.1563 -4.0422 80 200 120
7.9360 -3.0811 -1.6276 80 200 120
4.5314 0.5525 -4.1243 80 200 120
4.9712 -0.5517 -4.0166 80 200 120
0.5306 3.8275 -2.0266 80 200 120
7.1803 -4.4135 -2.6379 80 200 120
7.3177 -1.4523 -3.1593 80 200 120
-0.6102 -0.8143 -1.4931 80 200 120
-1.8497 1.8109 -3.0120 80 200 120
-0.7381 0.6127 -3.8782 80 200 120
1.5881 1.6810 -3.7818 80 200 120
-1.3658 1.7857 -4.7484 80 200 120
-1.6519 -3.7747 -1.8866 80 200 120
-1.8993 -3.7547 -2.6136 80 200 120
0.2870 -3.1404 -1.4783 80 200 120
-2.5481 0.8312 -1.6193 80 200 120
1.1114 3.3352 -3.0543 80 200 120
1.2889 1.7791 -3.6515 80 200 120
-0.6561 0.6759 -4.7092 80 200 120
2.5373 1.4129 -3.3801 80 200 120
-0.4131 2.9540 -4.8320 80 200 120
-2.2197 1.5142 -3.1987 80 200 120
2.3871 -6.3793 -1.9614 80 200 120
1.9597 -6.8370 -2.2092 80 200 120
2.6705 -7.3431 -3.0908 80 200 120
2.2551 -6.0448 -2.1426 80 200 120
2.3214 -6.3824 -2.6279 80 200 120
4.4967 -7.7848 -1.9060 80 200 120
2.5604 -7.1163 -2.5562 80 200 120
3.5660 -5.8535 -1.4504 80 200 120
3.9086 -5.7303 -5.1862 80 200 120
4.4445 -4.8545 -4.3331 80 200 120
0.1312 -4.7005 -4.3295 80 200 120
3.7029 -2.5527 -4.0095 80 200 120
3.3893 -3.3697 -5.1214 80 200 120
4.1072 -4.3634 -4.0938 80 200 120
2.1439 -1.9577 -4.8878 80 200 120
1.1780 -4.9049 -4.5709 80 200 120
3.9394 -8.4261 -1.4798 80 200 120
2.5943 -6.8322 -2.3621 80 200 120
2.1031 -3.4490 -4.3632 80 200 120
2.3318 -2.5272 -3.9663 80 200 120
2.4431 -2.4601 -4.8806 80 200 120
1.4697 -1.5517 -5.0397 80 200 120
4.4856 0.3891 -4.0051 80 200 120
1.1664 -6.0706 -5.0209 80 200 120
1.0633 -5.1466 -4.6099 80 200 120
-0.3796 -3.9158 -4.0558 80 200 120
1.2928 2.0455 -4.2836 80 200 120
0.4841 -0.2355 -3.7320 80 200 120
2.6048 -6.9330 -2.0452 80 200 120
-5.0756 -1.5491 -1.4412 80 200 120
-0.2719 2.8577 -4.6646 80 200 120
-1.5451 0.2005 -3.8515 80 200 120
6.4554 -2.1025 -4.8284 80 200 120
0.1452 4.1908 -3.2188 80 200 120
3.8274 -1.6023 -3.9448 80 200 120
3.7945 -1.5520 -4.6641 80 200 120
0.4618 -0.2706 -3.7465 80 200 120
-1.0657 3.3200 -3.6923 80 200 120
-0.4849 4.1411 -2.2535 80 200 120
6.9660 -1.0979 -4.9271 80 200 120
3.4075 -2.5746 -4.7282 80 200 120
-0.2186 3.5135 -1.6404 80 200 120
3.3734 -2.3742 -4.8005 80 200 120
5.2879 -0.1829 -4.0407 80 200 120
7.5020 -4.0374 -2.6444 80 200 120
3.5504 3.8593 -2.4718 80 200 120
4.8901 0.7910 -2.1884 80 200 120
3.6955 1.7162 -1.9936 80 200 120
4.6111 0.9680 -2.9841 80 200 120
8.1419 -3.1684 -4.4565 80 200 120
4.5552 1.0148 -1.8202 80 200 120
5.6763 0.0511 -1.9243 80 200 120
3.6741 -1.6708 -1.4290 80 200 120
5.5110 -0.2858 -4.0532 80 200 120
0.6884 4.1911 -1.3438 80 200 120
1.8902 2.6600 -1.8250 80 200 120
2.2678 2.4280 -2.0200 80 200 120
5.8491 -0.5084 -1.3601 80 200 120
6.8629 -2.9465 -1.4224 80 200 120
3.1384 1.9775 -1.4979 80 200 120
-0.4705 3.4536 -2.4238 80 200 120
-3.2362 -0.0538 -1.5596 80 200 120
1.6786 1.5955 -3.5124 80 200 120
-0.3865 2.9727 -3.2000 80 200 120
0.3387 0.0074 -4.3805 80 200 120
-2.8582 -2.9041 -4.4134 80 200 120
-0.8954 2.4145 -4.7705 80 200 120
0.4746 2.2354 -4.6799 80 200 120
-0.3890 3.2987 -4.0083 80 200 120
-0.8639 2.9128 -5.1681 80 200 120
0.1174 1.5776 -4.9397 80 200 120
-1.3138 -1.0611 -3.2897 80 200 120
-2.8718 -2.4934 -4.8308 80 200 120
-0.2037 -0.6642 -3.6843 80 200 120
-0.1514 -1.3554 -4.0999 80 200 120
0.8557 2.2341 -3.3090 80 200 120
-2.2594 -0.5317 -3.1110 80 200 120
0.3149 2.6405 -3.1339 80 200 120
4.2549 -6.5848 -1.8205 80 200 120
4.7955 -6.0689 -1.6533 80 200 120
3.1725 -9.0939 -2.8031 80 200 120
2.0841 -5.8816 -1.7424 80 200 120
2.1831 -6.2926 -1.6728 80 200 120
1.9024 -6.2243 -2.3833 80 200 120
1.6700 -6.2884 -1.6398 80 200 120
4.0318 -9.4432 -3.1724 80 200 120
-0.0853 -3.7336 -4.1041 80 200 120
2.7893 -5.9272 -4.4447 80 200 120
4.8072 -3.8178 -3.9246 80 200 120
-2.5642 -3.2437 -1.5405 80 200 120
4.9710 -3.6825 -3.8818 80 200 120
1.4442 -5.8588 -4.8151 80 200 120
3.1907 -4.1673 -5.3058 80 200 120
3.3627 -3.8589 -5.2755 80 200 120
5.7184 -0.8305 -4.3406 80 200 120
4.3501 -2.8667 -4.0272 80 200 120
5.3397 -3.5532 -4.0524 80 200 120
4.2038 -3.2377 -3.9543 80 200 120
-0.5682 -6.8293 -5.6569 80 200 120
3.6469 1.4819 -4.8532 80 200 120
1.6281 -5.8035 -4.2658 80 200 120
2.1575 -5.9616 -3.3460 80 200 120
2.6984 -1.1318 -5.0050 80 200 120
1.7804 -6.3425 -2.9384 80 200 120
8.1977 -1.8185 -1.9518 80 200 120
4.2285 1.0926 -4.9715 80 200 120
4.0360 1.3435 -4.9882 80 200 120
2.4168 -2.4647 -4.4562 80 200 120
2.3955 -3.7812 -4.3055 80 200 120
2.7733 -2.0149 -3.1275 80 200 120
5.2137 -19.8328 -7.6081 80 200 120
-1.1905 -3.1858 -4.9701 80 200 120
1.8037 -2.3979 -3.8509 80 200 120
2.6444 0.9074 -4.9936 80 200 120
2.0205 1.3637 -5.0833 80 200 120
3.7184 -1.5471 -4.8696 80 200 120
0.7948 2.1431 -5.0265 80 200 120
0.9204 2.0079 -5.0957 80 200 120
5.5745 -0.7275 -4.1405 80 200 120
2.6140 0.9972 -3.5920 80 200 120
0.3243 -1.0857 -4.6535 80 200 120
5.1230 -0.5139 -4.0468 80 200 120
1.8485 -1.9681 -4.9102 80 200 120
5.8107 -0.3794 -4.1224 80 200 120
2.2004 -1.9003 -5.1453 80 200 120
2.4724 -2.2240 -4.4312 80 200 120
5.5720 -0.0877 -4.1681 80 200 120
1.9248 -1.9516 -4.5218 80 200 120
7.8057 -1.5936 -1.4305 80 200 120
7.9027 -2.0896 -1.4814 80 200 120
8.0485 -1.6761 -2.5470 80 200 120
6.3887 -1.8491 -1.3496 80 200 120
6.9307 -1.7031 -1.3933 80 200 120
8.1167 -1.7262 -4.8837 80 200 120
7.9809 -1.5039 -3.9136 80 200 120
5.6318 0.1360 -3.9062 80 200 120
5.4687 0.4722 -3.7275 80 200 120
7.0258 -4.0849 -3.0383 80 200 120
1.6637 2.9584 -2.1718 80 200 120
8.3420 -1.9103 -4.1979 80 200 120
9.3131 -3.0402 -4.7616 80 200 120
2.3578 1.1588 -1.5423 80 200 120
8.1386 -3.3472 -2.3854 80 200 120
3.9133 1.2102 -1.3689 80 200 120
6.8858 -0.9915 -2.5027 80 200 120
2.4414 1.4951 -3.3390 80 200 120
-0.9088 -0.3249 -3.7966 80 200 120
-2.4625 1.3932 -1.9876 80 200 120
-1.4970 -4.2031 -1.7939 80 200 120
-0.7182 0.5605 -3.8020 80 200 120
-3.4201 -2.3777 -4.4007 80 200 120
1.0381 2.5880 -3.3134 80 200 120
-1.8692 1.7510 -4.9598 80 200 120
-3.0127 0.4029 -1.4831 80 200 120
4.1343 -7.7475 -1.3906 80 200 120
3.5030 -7.7268 -3.1847 80 200 120
1.9529 -7.5619 -2.5809 80 200 120
0.7075 -4.4355 -4.6291 80 200 120
2.2708 -4.6628 -4.2976 80 200 120
1.4740 -4.9541 -4.0746 80 200 120
4.7247 -2.8806 -4.0306 80 200 120
5.2722 -3.1652 -4.1993 80 200 120
4.1013 -3.9406 -4.3114 80 200 120
2.1099 0.6518 -5.0499 80 200 120
4.1620 -1.8425 -4.9950 80 200 120
4.3118 0.3824 -4.8005 80 200 120
2.0455 -1.8471 -4.3612 80 200 120
3.6275 -2.1708 -4.1022 80 200 120
1.7556 -4.4777 -4.3666 80 200 120
2.1158 -1.9560 -4.9103 80 200 120
2.8371 -6.5271 -1.7162 80 200 120
2.2617 -2.5058 -3.9290 80 200 120
5.0838 -5.0712 -1.7678 80 200 120
0.0455 -3.4119 -4.7913 80 200 120
4.5267 -18.0728 -7.5140 80 200 120
4.0083 -6.3417 -4.9550 80 200 120
2.5145 -2.2615 -3.6158 80 200 120
-1.0318 -3.5122 -4.2181 80 200 120
1.8567 -2.2461 -3.7626 80 200 120
4.8278 -4.5131 -4.3770 80 200 120
2.4503 1.0089 -4.9919 80 200 120
0.1948 2.7246 -4.8019 80 200 120
2.4068 -2.3567 -5.1131 80 200 120
7.6376 -1.6250 -4.7483 80 200 120
-1.7900 1.8244 -3.0819 80 200 120
-3.5139 1.0701 -3.7759 80 200 120
0.6478 2.1210 -3.3316 80 200 120
3.9803 -1.7050 -5.1067 80 200 120
-1.9151 1.8100 -4.9058 80 200 120
1.5599 -1.4991 -4.8811 80 200 120
1.4740 0.2646 -4.9485 80 200 120
4.7934 0.3893 -4.1262 80 200 120
0.6671 3.2196 -3.1502 80 200 120
0.8087 1.5342 -4.8917 80 200 120
1.1703 0.7145 -4.9022 80 200 120
4.1077 0.3946 -1.4786 80 200 120
8.3801 -1.8455 -1.9915 80 200 120
3.7359 -0.0111 -1.3605 80 200 120
1.1363 3.2545 -1.6545 80 200 120
1.3102 2.1074 -1.5718 80 200 120
8.0710 -2.5704 -1.4073 80 200 120
1.9149 3.0928 -1.3707 80 200 120
2.7367 1.9613 -2.8177 80 200 120
2.8877 1.3058 -1.4775 80 200 120
-0.5620 0.6274 -4.6669 80 200 120
0.3349 -0.0621 -3.7697 80 200 120
-0.6369 -0.6536 -3.7963 80 200 120
-2.0704 1.6851 -1.5838 80 200 120
-3.1204 -2.8063 -3.7851 80 200 120
-0.8237 0.7138 -4.3957 80 200 120
1.1687 2.0908 -4.5610 80 200 120
-1.0774 3.0578 -3.6974 80 200 120
4.2408 -4.1047 -2.7961 80 200 120
4.9402 -4.6632 -1.8940 80 200 120
0.6090 -6.0502 -4.5165 80 200 120
2.8570 -2.7077 -3.4418 80 200 120
0.2917 -4.5019 -4.3324 80 200 120
1.5286 -5.3291 -4.6613 80 200 120
1.1519 -5.3040 -4.6251 80 200 120
4.1082 0.2200 -4.8607 80 200 120
0.4117 -3.6620 -4.2538 80 200 120
3.9698 -3.7718 -1.5277 80 200 120
0.7610 -4.0053 -4.4935 80 200 120
-0.1852 -5.1522 -4.5124 80 200 120
2.1540 -2.8060 -3.9228 80 200 120
4.4693 0.8414 -4.8706 80 200 120
0.5606 -5.1838 -4.8034 80 200 120
3.6462 -5.9227 -1.9499 80 200 120
4.7479 -0.2665 -4.0541 80 200 120
2.1078 -6.1830 -2.5907 80 200 120
2.3206 -2.3927 -3.7969 80 200 120
21.1603 -210.9935 -54.5404 80 200 120
2.3619 -3.0668 -3.8842 80 200 120
0.8126 -4.7714 -4.5500 80 200 120
1.7232 -3.4887 -4.1673 80 200 120
-0.9167 -3.2050 -4.2976 80 200 120
-1.4252 -2.5835 -4.5053 80 200 120
-0.3402 0.5468 -4.1641 80 200 120
2.2796 -5.2163 -3.1709 80 200 120
3.7520 -1.5651 -4.9526 80 200 120
4.6048 -3.6198 -4.2453 80 200 120
3.4592 -2.5604 -4.1880 80 200 120
-1.6729 -1.0904 -2.1088 80 200 120
2.1169 1.2704 -4.9963 80 200 120
1.2356 2.0187 -4.5286 80 200 120
2.5776 -7.5154 -1.9627 80 200 120
3.5309 -1.7144 -4.8104 80 200 120
3.3403 1.6586 -4.9090 80 200 120
2.6901 1.1942 -3.5186 80 200 120
5.0859 0.3156 -4.2477 80 200 120
2.2441 1.2385 -3.5668 80 200 120
5.8533 -0.7775 -4.2813 80 200 120
2.1361 2.0992 -3.4149 80 200 120
3.3147 -2.2419 -4.9351 80 200 120
3.5825 -1.1555 -5.1013 80 200 120
4.5956 -0.1632 -4.0498 80 200 120
4.8834 -0.3645 -4.0351 80 200 120
3.0765 1.4938 -3.4398 80 200 120
-1.5218 2.0537 -3.7207 80 200 120
2.8508 1.7289 -3.4739 80 200 120
4.3324 -0.0712 -3.9686 80 200 120
6.7570 -0.8943 -1.4213 80 200 120
5.3916 -0.2908 -3.9969 80 200 120
1.6268 2.0393 -1.6380 80 200 120
6.0217 -0.0974 -3.4327 80 200 120
4.3046 -3.5144 -1.5263 80 200 120
5.8174 -3.5145 -1.3555 80 200 120
4.5173 -1.8758 -1.4279 80 200 120
4.9744 0.0310 -3.9730 80 200 120
6.0717 -4.8412 -1.4118 80 200 120
-2.3996 1.1927 -2.9430 80 200 120
-0.8459 -0.9610 -2.7507 80 200 120
-0.5141 -0.0505 -3.7852 80 200 120
0.6881 -3.2252 -1.5656 80 200 120
-3.5760 -3.4138 -3.6146 80 200 120
-1.3005 2.2597 -4.7440 80 200 120
1.3386 1.9454 -4.0394 80 200 120
2.0958 2.1165 -3.4308 80 200 120
-1.1977 2.6970 -4.9309 80 200 120
4.7593 -6.5587 -1.7342 80 200 120
4.7508 -6.2466 -1.2206 80 200 120
2.0440 -8.6318 -3.7771 80 200 120
4.2380 -4.4386 -2.8101 80 200 120
3.0627 -6.6723 -1.3596 80 200 120
5.6119 -4.4677 -1.7787 80 200 120
2.4050 -4.8216 -4.1889 80 200 120
1.2919 -6.9987 -4.6206 80 200 120
2.0258 -5.3166 -4.4622 80 200 120
3.3925 -4.7045 -4.6295 80 200 120
1.3090 -4.2803 -4.5322 80 200 120
-2.9499 -2.7217 -1.5434 80 200 120
2.8843 -4.1220 -4.6565 80 200 120
2.5237 -2.1782 -3.8751 80 200 120
4.0083 1.5074 -5.0546 80 200 120
7.5087 -1.4854 -1.5579 80 200 120
4.2445 -2.0345 -4.4263 80 200 120
7.8673 -69.4346 -18.5206 80 200 120
1.7365 -4.9098 -4.0549 80 200 120
-1.5460 -2.5453 -4.9363 80 200 120
-1.6831 -1.6162 -4.2176 80 200 120
4.0226 -2.9973 -4.1374 80 200 120
0.6399 2.2914 -5.0636 80 200 120
5.1127 -3.8808 -4.2963 80 200 120
1.9306 1.3212 -4.9019 80 200 120
1.2979 1.9197 -3.4284 80 200 120
1.5403 2.2184 -3.3730 80 200 120
3.9594 -1.6775 -4.9807 80 200 120
5.2500 -0.5416 -4.1300 80 200 120
6.0044 -1.5612 -5.1341 80 200 120
5.3480 0.1370 -4.2139 80 200 120
3.2638 1.6814 -3.5457 80 200 120
0.9003 -0.8624 -4.9020 80 200 120
-0.0152 0.3992 -4.0900 80 200 120
0.6955 2.1923 -4.8651 80 200 120
0.0106 0.3571 -3.6473 80 200 120
2.5530 1.9929 -3.4517 80 200 120
2.7722 1.0823 -4.3745 80 200 120
6.1869 -1.0405 -4.4886 80 200 120
0.2537 3.8275 -1.6575 80 200 120
-0.2505 0.4917 -4.4529 80 200 120
7.9302 -1.7056 -4.8343 80 200 120
0.0474 3.4598 -2.2564 80 200 120
4.5352 1.0020 -5.0498 80 200 120
4.8237 0.5854 -1.9606 80 200 120
2.9345 2.2419 -1.4530 80 200 120
5.2832 0.5670 -1.5726 80 200 120
5.7324 0.1167 -2.4194 80 200 120
4.1530 1.2610 -2.8608 80 200 120
6.7714 -4.8881 -1.7037 80 200 120
7.6382 -4.1473 -2.6539 80 200 120
3.1252 1.8689 -1.5179 80 200 120
4.2012 1.1913 -2.9788 80 200 120
6.9472 -1.1535 -4.1329 80 200 120
2.1440 2.9368 -1.8746 80 200 120
3.9023 0.7405 -1.3854 80 200 120
2.6631 2.2481 -3.1646 80 200 120
6.6012 -0.5961 -2.1032 80 200 120
7.1369 -3.9509 -1.8097 80 200 120
2.7161 2.2489 -2.7880 80 200 120
-1.1138 -1.0896 -2.0497 80 200 120
-3.4605 -2.5420 -3.0879 80 200 120
-1.2014 3.1937 -2.3980 80 200 120
-1.2684 2.3467 -2.5954 80 200 120
-1.1128 -0.6421 -1.9836 80 200 120
-3.1664 0.0206 -2.8016 80 200 120
-0.7772 2.7778 -5.2032 80 200 120
2.3357 2.0355 -3.4221 80 200 120
1.0211 2.1195 -3.7914 80 200 120
4.5734 -5.7047 -1.1741 80 200 120
2.9993 -10.6088 -4.0980 80 200 120
4.8286 -3.9361 -3.9472 80 200 120
5.2983 -4.3047 -3.9070 80 200 120
-1.8116 -4.0244 -1.5274 80 200 120
3.6943 -4.9528 -4.6065 80 200 120
4.9689 -3.1552 -3.7872 80 200 120
4.5858 -7.5863 -4.2982 80 200 120
3.7963 -5.3291 -3.5276 80 200 120
5.9872 -1.0937 -4.5582 80 200 120
5.4684 -0.8426 -4.3034 80 200 120
4.5156 -6.9518 -5.3791 80 200 120
4.2139 1.4473 -5.2586 80 200 120
2.0925 -1.6812 -3.8542 80 200 120
4.3311 -2.0986 -4.1510 80 200 120
2.1430 -1.9100 -4.8489 80 200 120
2.0000 -1.9033 -4.4314 80 200 120
1.3560 -5.2093 -4.1645 80 200 120
3.2686 -4.1300 -3.8873 80 200 120
1.3352 -3.6241 -4.2959 80 200 120
-0.3568 -1.5571 -4.2399 80 200 120
0.1929 -1.1233 -4.1480 80 200 120
2.6239 1.0567 -5.2028 80 200 120
3.5822 -2.5541 -4.0152 80 200 120
-1.0078 -0.5600 -2.0768 80 200 120
3.0026 -3.4906 -5.2648 80 200 120
1.7600 -2.1008 -5.0646 80 200 120
4.0398 -1.1831 -5.1996 80 200 120
4.2140 -1.0657 -5.0729 80 200 120
0.9937 2.7325 -3.3188 80 200 120
4.1693 0.3059 -4.7256 80 200 120
5.5192 -0.0735 -4.2293 80 200 120
0.1920 3.1062 -3.0343 80 200 120
-1.4859 1.4071 -4.7631 80 200 120
3.2375 -1.9914 -4.6534 80 200 120
5.2046 -0.7854 -4.9304 80 200 120
0.4212 -0.0980 -3.7306 80 200 120
2.2532 1.5032 -3.4710 80 200 120
-1.1537 1.8887 -4.8125 80 200 120
3.3696 1.9030 -2.6657 80 200 120
2.7184 2.3783 -2.0763 80 200 120
5.5796 0.2607 -2.0604 80 200 120
4.7463 0.8389 -3.0942 80 200 120
2.9990 2.3003 -2.8559 80 200 120
4.5652 -0.9859 -1.4308 80 200 120
2.7498 2.4408 -2.9719 80 200 120
3.8153 1.4280 -1.4050 80 200 120
4.8325 0.7824 -1.6471 80 200 120
-0.7989 5.6356 -0.7830 80 200 120
5.4084 0.3826 -3.2071 80 200 120
6.7262 -0.8147 -3.5166 80 200 120
-0.9424 -1.0764 -3.9464 80 200 120
-2.3466 -1.7347 -4.3918 80 200 120
-0.8940 -0.6393 -3.8066 80 200 120
-0.4819 3.3209 -5.3969 80 200 120
-2.1187 1.6023 -5.0557 80 200 120
-3.5922 -2.3755 -4.4140 80 200 120
-0.5815 -0.3791 -3.8093 80 200 120
0.6530 3.2547 -2.4367 80 200 120
0.6720 -3.2690 -1.5530 80 200 120
0.2365 -0.1108 -3.8221 80 200 120
0.7001 -0.4163 -3.7679 80 200 120
0.6073 -0.6185 -3.7759 80 200 120
0.9029 3.7448 -1.4573 80 200 120
-2.9541 -2.9844 -4.4189 80 200 120
-1.4716 -4.4755 -2.2602 80 200 120
-1.6756 2.0751 -4.2250 80 200 120
-0.6205 -0.7046 -2.8182 80 200 120
1.5578 -3.3154 -1.6013 80 200 120
-2.0506 -1.3556 -3.7938 80 200 120
0.3203 3.6991 -2.8072 80 200 120
4.8409 -7.1022 -1.3979 80 200 120
-2.5129 -2.5434 -1.6210 80 200 120
8.9313 -23.8936 -10.3532 80 200 120
2.6094 -13.3942 -8.1008 80 200 120
3.2398 -6.7117 -5.5720 80 200 120
0.3057 -4.5034 -4.3503 80 200 120
0.6881 -5.9562 -4.4480 80 200 120
6.6352 -13.8718 -7.0386 80 200 120
4.8746 -3.6680 -3.9545 80 200 120
3.5407 -15.6105 -8.2524 80 200 120
4.7107 -12.0959 -7.4654 80 200 120
10.3294 -3.1562 -5.8245 80 200 120
8.9690 -1.9418 -4.8907 80 200 120
5.1935 -3.7574 -3.8850 80 200 120
6.8080 -0.6171 -3.7576 80 200 120
2.4398 -4.3043 -5.2431 80 200 120
7.6383 -1.4055 -3.8589 80 200 120
2.9177 -4.6720 -5.1292 80 200 120
2.5249 -1.9003 -3.5797 80 200 120
3.6975 -1.7132 -3.9118 80 200 120
4.3548 1.1591 -5.0254 80 200 120
0.6385 -6.0494 -4.5031 80 200 120
1.3482 -2.4335 -4.1126 80 200 120
3.6069 -5.5960 -2.5212 80 200 120
3.8284 -4.0143 -4.1979 80 200 120
2.3541 -2.2105 -3.6170 80 200 120
-0.6027 -2.7639 -4.9689 80 200 120
4.5743 -2.2905 -3.9324 80 200 120
2.8757 1.1632 -5.1206 80 200 120
2.4804 0.9186 -4.8776 80 200 120
3.6859 -1.4758 -4.7847 80 200 120
-0.6029 -4.7028 -5.5574 80 200 120
-1.6015 1.3942 -4.8427 80 200 120
-2.3728 -2.5366 -1.6599 80 200 120
2.3148 1.0561 -4.8801 80 200 120
0.8934 -0.0671 -4.8927 80 200 120
1.3126 1.8385 -4.1275 80 200 120
6.4680 -0.4952 -4.4978 80 200 120
0.8511 2.2887 -3.2624 80 200 120
0.4957 -0.7813 -4.4287 80 200 120
-0.7833 3.0191 -3.6322 80 200 120
0.4689 -1.7626 -4.9662 80 200 120
1.9919 1.8025 -3.3978 80 200 120
2.5094 0.9341 -4.8864 80 200 120
1.1631 -0.3724 -4.9685 80 200 120
4.3826 -0.8089 -1.4368 80 200 120
0.3774 4.0694 -1.9748 80 200 120
5.2605 0.3940 -3.6638 80 200 120
3.6225 1.6359 -2.9735 80 200 120
4.2209 1.4686 -3.1480 80 200 120
2.2219 1.4463 -1.9590 80 200 120
1.1169 9.6435 0.4021 80 200 120
6.2180 -0.0436 -3.7498 80 200 120
4.1349 1.3513 -2.5452 80 200 120
2.4488 1.7970 -1.5116 80 200 120
3.9176 1.3486 -3.1337 80 200 120
5.5204 0.3790 -1.6033 80 200 120
-4.1625 -2.9282 -1.4586 80 200 120
-0.1804 -5.2426 -1.5528 80 200 120
-2.9303 -0.7369 -3.6563 80 200 120
-0.6094 2.5758 -4.9538 80 200 120
1.1428 1.9651 -3.7069 80 200 120
-1.5795 2.9990 -4.1253 80 200 120
0.0312 2.6987 -4.5425 80 200 120
1.4374 1.9461 -3.1894 80 200 120
1.7173 1.8508 -3.2731 80 200 120
-0.8354 -1.0500 -3.1302 80 200 120
-1.5363 1.9014 -1.9312 80 200 120
-1.1459 -0.0884 -3.7649 80 200 120
-4.0215 -2.3691 -3.9406 80 200 120
1.0255 2.9205 -2.2139 80 200 120
0.0636 2.8140 -4.1200 80 200 120
0.3574 2.9661 -3.0376 80 200 120
-1.0136 2.8844 -2.9323 80 200 120
-1.2475 -4.9661 -2.2860 80 200 120
4.9335 -7.0440 -1.5451 80 200 120
5.7857 -0.4113 -2.2874 80 200 120
4.0210 -13.6118 -5.6331 80 200 120
3.3738 -5.5620 -1.5854 80 200 120
1.8688 -7.4191 -3.4357 80 200 120
2.0627 -5.2053 -3.0800 80 200 120
4.5569 -2.4052 -3.6333 80 200 120
4.2230 -2.9203 -3.7743 80 200 120
4.6886 -2.5917 -3.4000 80 200 120
5.1867 -3.9193 -3.7615 80 200 120
7.7945 -8.7290 -2.7093 80 200 120
-1.3284 -3.9226 -2.0638 80 200 120
1.0421 -5.7587 -3.3877 80 200 120
4.5883 -4.1413 -2.7649 80 200 120
4.7567 -2.8368 -3.6645 80 200 120
4.9537 -3.9308 -3.8935 80 200 120
7.6059 -1.7742 -1.5969 80 200 120
6.6469 -1.1256 -1.6465 80 200 120
7.2998 -4.6624 -2.1535 80 200 120
7.3392 -4.3197 -3.1194 80 200 120
9.1118 -3.3754 -1.9306 80 200 120
7.6798 -4.1544 -2.3401 80 200 120
8.5010 -1.9815 -5.2538 80 200 120
8.9003 -3.8038 -4.5388 80 200 120
3.4689 -4.9396 -5.1670 80 200 120
3.4484 -2.0209 -4.8799 80 200 120
5.8681 -4.4452 -3.9303 80 200 120
1.7840 -2.0712 -5.0294 80 200 120
1.9798 -2.1989 -5.2332 80 200 120
3.6266 -1.9987 -4.0254 80 200 120
2.5576 -1.9751 -3.8164 80 200 120
4.5460 -2.1301 -5.1231 80 200 120
2.2367 -2.0231 -3.7373 80 200 120
2.6648 0.8744 -4.9109 80 200 120
4.8287 0.7733 -4.9974 80 200 120
3.7932 1.5404 -5.0317 80 200 120
28.5123 -311.6953 -85.2070 80 200 120
0.8227 -4.0723 -4.3232 80 200 120
4.7434 -2.9718 -3.6334 80 200 120
-0.2707 -2.1794 -4.7212 80 200 120
4.1482 -10.9489 -9.0220 80 200 120
0.0658 -2.1978 -4.8143 80 200 120
0.1573 -1.1641 -4.4333 80 200 120
10.0598 -13.3666 -6.8440 80 200 120
-0.6169 -0.6169 -2.1067 80 200 120
3.4696 -2.1655 -3.7667 80 200 120
4.9976 -3.1642 -4.0937 80 200 120
4.9339 -2.4114 -4.6010 80 200 120
4.2188 -1.9822 -4.0470 80 200 120
-0.0454 -3.1323 -4.1193 80 200 120
-1.5636 1.4144 -4.7608 80 200 120
1.6784 -2.2220 -5.2222 80 200 120
-1.5462 2.0837 -3.7164 80 200 120
1.6073 1.0227 -4.8969 80 200 120
0.6608 3.0557 -1.8562 80 200 120
1.2937 2.9362 -1.7267 80 200 120
-1.6854 4.8085 -1.1478 80 200 120
-0.3743 3.3515 -2.5573 80 200 120
3.2867 1.5932 -4.3851 80 200 120
-0.5153 2.5243 -2.7106 80 200 120
-0.7160 3.0432 -1.6086 80 200 120
-0.3746 0.5461 -4.1070 80 200 120
2.5118 1.3488 -3.5470 80 200 120
5.2250 -0.7670 -4.9232 80 200 120
0.2838 -1.0614 -4.5709 80 200 120
0.7116 -0.5789 -3.9396 80 200 120
2.6998 0.9447 -4.5393 80 200 120
4.5370 -1.1462 -5.1683 80 200 120
5.4596 -1.0379 -4.8642 80 200 120
0.4567 -0.1346 -4.4061 80 200 120
1.9752 2.8364 -3.1263 80 200 120
3.1638 1.4029 -3.4844 80 200 120
0.7274 3.1589 -2.4351 80 200 120
2.1683 2.5259 -3.2516 80 200 120
2.4751 2.1135 -3.2381 80 200 120
5.0046 0.6788 -2.6743 80 200 120
4.6952 -0.1432 -1.4638 80 200 120
2.9163 2.4620 -1.9697 80 200 120
3.7446 0.5303 -1.4067 80 200 120
5.6354 0.0867 -2.9029 80 200 120
1.7595 2.8160 -2.6299 80 200 120
3.8721 1.3777 -2.9169 80 200 120
3.3711 1.9740 -1.6774 80 200 120
4.9281 0.6185 -3.2371 80 200 120
-1.6241 5.6981 -1.1125 80 200 120
4.6068 -2.0665 -1.4301 80 200 120
-0.6494 3.8050 -1.5414 80 200 120
5.0735 -0.6443 -1.5227 80 200 120
1.1944 1.5717 -1.6066 80 200 120
5.6820 0.2238 -2.6565 80 200 120
1.4263 1.9295 -1.6558 80 200 120
1.6878 2.8885 -2.1621 80 200 120
-1.3693 -1.2461 -2.4611 80 200 120
-1.8317 -3.5700 -4.0057 80 200 120
-1.9055 -3.1792 -4.1699 80 200 120
0.6173 4.4162 -2.6285 80 200 120
0.9088 -16.2250 -3.3616 80 200 120
3.3831 -4.2887 -1.5957 80 200 120
3.5949 -2.5881 -3.9438 80 200 120
4.2164 -3.9981 -2.7694 80 200 120
3.9464 -3.1454 -3.3799 80 200 120
3.4010 -2.8949 -3.5252 80 200 120
2.4363 -19.6916 -10.5733 80 200 120
3.3958 -1.8576 -3.2527 80 200 120
-0.9103 -4.6346 -2.9061 80 200 120
8.4567 -1.8928 -1.8540 80 200 120
-1.1367 -4.7817 -1.8103 80 200 120
2.8577 1.1686 -5.1029 80 200 120
2.4628 0.9508 -4.8531 80 200 120
3.2519 1.4522 -4.5485 80 200 120
4.1327 0.3388 -4.5571 80 200 120
1.7942 -2.1594 -4.7128 80 200 120
1.5607 -9.8376 -5.9280 80 200 120
7.2380 -5.3628 -3.8281 80 200 120
2.2534 1.0828 -4.8456 80 200 120
3.4605 1.5479 -5.1255 80 200 120
8.5640 -2.2576 -3.5611 80 200 120
24.1138 -213.7273 -54.5534 80 200 120
4.1394 -20.1941 -7.4833 80 200 120
2.4215 -3.5913 -3.7823 80 200 120
2.5524 -3.3718 -4.3683 80 200 120
1.4804 -2.9932 -3.9741 80 200 120
0.2496 -1.3177 -4.4156 80 200 120
5.7096 -3.9554 -3.7054 80 200 120
6.6942 -3.9931 -4.6918 80 200 120
3.5762 -1.3357 -4.5832 80 200 120
3.6832 -1.4126 -3.7782 80 200 120
4.6602 -2.3549 -3.9187 80 200 120
1.6733 -7.2840 -2.8886 80 200 120
0.5212 -0.5895 -4.0464 80 200 120
4.8562 -2.3649 -4.1513 80 200 120
0.5135 2.5423 -5.4220 80 200 120
0.2685 2.4154 -4.7041 80 200 120
0.2966 0.0786 -4.8758 80 200 120
-1.0493 -1.1028 -2.5503 80 200 120
3.6986 -2.0051 -4.0650 80 200 120
4.5018 -2.0283 -4.8032 80 200 120
2.4771 0.9655 -4.9366 80 200 120
0.3931 -0.4955 -5.2933 80 200 120
-1.5050 -1.2560 -4.0193 80 200 120
-2.5759 -0.0658 -2.9030 80 200 120
-1.7163 1.7815 -3.0841 80 200 120
2.2937 2.2089 -3.4684 80 200 120
4.3155 -1.4546 -5.8197 80 200 120
-0.1846 3.6225 -3.0610 80 200 120
-2.1217 0.6855 -3.5807 80 200 120
1.6634 0.3226 -5.0414 80 200 120
2.1883 -1.0294 -4.8083 80 200 120
4.2663 -0.5417 -5.1399 80 200 120
1.5759 -1.1643 -4.9689 80 200 120
-0.0930 0.2564 -4.5651 80 200 120
0.4552 2.1531 -3.0800 80 200 120
0.1509 3.3728 -2.2918 80 200 120
0.5311 -0.3384 -3.7146 80 200 120
4.5777 0.4020 -4.1150 80 200 120
-3.6315 -0.1175 -3.9536 80 200 120
1.3640 -0.9908 -5.0262 80 200 120
0.0113 0.3542 -3.6171 80 200 120
0.4592 -1.7531 -4.9475 80 200 120
-0.1780 -1.6690 -4.7671 80 200 120
0.4607 -0.5309 -3.8501 80 200 120
-0.0606 0.1413 -3.7225 80 200 120
3.1456 -0.8109 -5.1063 80 200 120
5.4906 0.1201 -1.5952 80 200 120
-1.2484 5.1510 -2.0866 80 200 120
1.0672 3.3661 -3.1035 80 200 120
0.9039 3.7214 -2.6096 80 200 120
3.1263 1.7040 -3.4792 80 200 120
6.0884 -0.0837 -1.3767 80 200 120
4.4617 0.3299 -1.4294 80 200 120
2.1508 0.6036 -1.5399 80 200 120
0.4600 2.9421 -1.5523 80 200 120
1.5243 1.3169 -1.5948 80 200 120
2.7330 2.0889 -3.5402 80 200 120
3.3643 1.6461 -1.5884 80 200 120
0.4612 3.4799 -1.9032 80 200 120
2.0609 1.9804 -1.4180 80 200 120
4.1778 -0.2505 -1.4676 80 200 120
0.3981 1.5766 -1.4624 80 200 120
4.5226 1.0149 -2.5511 80 200 120
2.8760 2.0517 -1.7821 80 200 120
1.7867 1.8130 -1.4016 80 200 120
2.1269 0.8696 -1.5127 80 200 120
2.7342 1.8728 -3.2825 80 200 120
5.3535 -0.2863 -1.3789 80 200 120
-3.2479 -3.4904 -1.8741 80 200 120
-1.0045 2.9941 -1.4992 80 200 120
-3.6320 -2.9703 -2.5259 80 200 120
-1.5486 -2.3745 -4.8884 80 200 120
-2.8926 -3.4583 -5.0646 80 200 120
-1.4447 -3.9137 -3.9366 80 200 120
-0.3948 -4.9070 -3.3351 80 200 120
-3.4559 -3.3850 -2.8876 80 200 120
-0.7413 -0.6722 -3.7781 80 200 120
-0.5329 5.2631 -3.1772 80 200 120
0.2949 3.7472 -2.1264 80 200 120
0.0091 -4.9956 -1.3986 80 200 120
-0.1443 -0.0187 -3.6986 80 200 120
1.0745 -4.4550 -1.3208 80 200 120
-1.9574 4.4869 -1.2047 80 200 120
-0.6225 3.1955 -2.0486 80 200 120
-1.5305 -3.2951 -4.4635 80 200 120
4.6046 -6.8164 -1.6073 80 200 120
6.6279 -3.4220 -1.6403 80 200 120
3.8165 -20.0502 -6.5507 80 200 120
7.3670 -5.3863 -3.8554 80 200 120
-0.5312 -5.4281 -1.8467 80 200 120
3.4197 -3.2024 -3.8915 80 200 120
5.7759 -5.5016 -2.1107 80 200 120
6.9866 -4.1227 -4.8637 80 200 120
5.3178 -3.6654 -3.9587 80 200 120
8.7047 -2.6221 -2.9342 80 200 120
1.4353 -3.5715 -1.4757 80 200 120
7.5867 -4.2306 -3.8105 80 200 120
5.6851 -4.7847 -4.0955 80 200 120
3.3403 2.1512 -3.7362 80 200 120
4.9257 -2.4792 -5.1669 80 200 120
1.7884 -1.5890 -4.9794 80 200 120
1.6815 -2.1980 -5.0886 80 200 120
4.2193 -1.0556 -5.0763 80 200 120
7.6003 -4.5196 -3.1277 80 200 120
3.0568 -1.2125 -4.9054 80 200 120
3.2360 -5.7798 -4.2541 80 200 120
2.4662 -1.8762 -3.5274 80 200 120
-0.9009 -0.6178 -2.0514 80 200 120
2.0769 1.4629 -5.4202 80 200 120
3.8612 -3.2474 -3.7245 80 200 120
5.0933 -2.5492 -4.7709 80 200 120
4.7305 -2.7765 -3.9201 80 200 120
-2.4479 -2.5251 -1.6977 80 200 120
0.0299 1.6228 -4.8898 80 200 120
3.7546 -0.0984 -5.2740 80 200 120
4.2330 -0.9490 -5.4720 80 200 120
-0.6083 -1.3470 -3.9193 80 200 120
-1.8465 -2.6604 -4.6129 80 200 120
-3.8349 -0.5473 -3.2099 80 200 120
0.7146 -3.0985 -5.4635 80 200 120
-2.0909 -2.9232 -5.0741 80 200 120
-1.5547 -3.5322 -5.6257 80 200 120
-0.7835 -0.5822 -3.7810 80 200 120
-0.2789 -0.9887 -3.9644 80 200 120
3.8087 -0.4043 -5.2405 80 200 120
4.6880 -0.0041 -5.5409 80 200 120
1.6952 -2.1985 -5.2831 80 200 120
1.9576 -2.2845 -5.3048 80 200 120
2.6807 -1.0774 -4.9032 80 200 120
-3.5598 -0.6413 -4.1268 80 200 120
-1.2838 -0.0204 -3.8380 80 200 120
0.7408 -2.1999 -5.0340 80 200 120
0.8673 2.5811 -5.5317 80 200 120
4.2680 -0.8162 -4.8694 80 200 120
3.9736 0.9463 -4.9202 80 200 120
1.8177 -0.8164 -4.9569 80 200 120
-2.0991 3.0201 -1.3217 80 200 120
-0.4686 1.7352 -1.4672 80 200 120
-0.0309 3.4093 -3.0575 80 200 120
0.9147 2.8686 -3.2129 80 200 120
-0.4898 3.5073 -2.5850 80 200 120
-0.2840 3.5344 -2.7828 80 200 120
-0.6788 3.4195 -2.2594 80 200 120
-1.8946 3.3069 -1.4014 80 200 120
-0.5746 2.9848 -2.6652 80 200 120
3.2279 2.1842 -1.8327 80 200 120
2.5530 2.0280 -3.4324 80 200 120
1.6113 0.6123 -1.6108 80 200 120
4.7812 0.2309 -1.5167 80 200 120
3.4216 1.9206 -2.9739 80 200 120
0.8232 4.0687 -3.4509 80 200 120
4.4349 0.6907 -1.3983 80 200 120
0.3852 2.5336 -1.6535 80 200 120
-1.0878 5.8532 -2.8585 80 200 120
3.1394 2.0507 -3.3946 80 200 120
4.6602 0.9706 -3.0917 80 200 120
0.0056 1.7429 -1.6482 80 200 120
2.4889 2.0171 -1.7164 80 200 120
5.6810 0.1075 -2.4246 80 200 120
2.3267 2.1324 -3.4437 80 200 120
2.1597 3.2433 -2.8784 80 200 120
-2.1023 5.3849 -0.8404 80 200 120
-2.7633 0.9397 -3.5496 80 200 120
-2.9883 -6.6586 -5.2025 80 200 120
-0.9168 -4.3231 -3.9823 80 200 120
-2.5969 -4.0474 -5.5499 80 200 120
-0.0328 -5.1299 -3.4516 80 200 120
-0.7496 -19.2136 0.6603 80 200 120
-1.1756 -5.7210 -4.3448 80 200 120
-0.2846 -1.3312 -4.1133 80 200 120
0.7814 -5.9916 -1.7842 80 200 120
-0.3359 -7.7952 -2.4274 80 200 120
-0.1004 -5.3294 -2.9179 80 200 120
0.1395 -5.4039 -2.6527 80 200 120
-0.7950 -13.7863 -0.2499 80 200 120
-0.6166 -4.1354 -3.0542 80 200 120
0.6604 -5.0594 -1.6192 80 200 120
-2.1209 -3.9774 -3.2795 80 200 120
-0.4369 -4.3055 -1.6661 80 200 120
0.2738 -0.8456 -3.7795 80 200 120
5.6769 -9.0210 -0.5134 80 200 120
2.1590 -4.4230 -2.8059 80 200 120
6.0163 -3.8487 -1.3917 80 200 120
2.4433 -11.2834 -3.8909 80 200 120
0.9931 -5.7353 -1.6161 80 200 120
8.6260 -3.4106 -5.2892 80 200 120
6.7445 -3.7142 -3.0857 80 200 120
10.1000 -26.1330 -7.6813 80 200 120
6.1018 -1.9444 -1.3743 80 200 120
4.6155 -2.0737 -1.4005 80 200 120
4.6175 -3.5829 -4.1944 80 200 120
5.2054 -3.3735 -4.2168 80 200 120
7.6253 -3.4937 -4.8980 80 200 120
4.1543 -3.5086 -3.0939 80 200 120
5.2445 -3.6521 -2.6399 80 200 120
7.6935 -4.8420 -2.6188 80 200 120
4.3547 -5.9665 -2.8226 80 200 120
3.4555 -2.6747 -1.5414 80 200 120
3.2683 1.5503 -4.6345 80 200 120
5.0182 0.2397 -4.2271 80 200 120
2.7535 1.1274 -4.3848 80 200 120
2.7507 0.0523 -5.0425 80 200 120
7.8736 -4.3099 -2.3081 80 200 120
5.2104 -1.8894 -5.0486 80 200 120
4.3110 -1.8394 -4.7860 80 200 120
1.9144 -1.2204 -4.9740 80 200 120
2.7857 1.1107 -3.8779 80 200 120
3.0264 1.2107 -4.9120 80 200 120
2.9073 1.2314 -3.6037 80 200 120
4.3922 0.4545 -4.0315 80 200 120
2.7829 1.2084 -3.6169 80 200 120
7.4569 -3.4720 -5.1595 80 200 120
2.8580 -1.1322 -2.9638 80 200 120
1.5641 -2.8721 -3.9345 80 200 120
3.5545 -7.0708 -4.5493 80 200 120
3.3717 -9.8988 -5.0873 80 200 120
0.2682 -1.0130 -3.7694 80 200 120
10.2857 -5.2986 -6.0939 80 200 120
5.5134 -0.8651 -4.9662 80 200 120
10.9230 -4.3833 -6.1811 80 200 120
0.3842 -0.4421 -3.9018 80 200 120
1.8844 1.5110 -5.1946 80 200 120
4.9779 -0.3714 -4.1011 80 200 120
3.9240 -5.0678 -7.0061 80 200 120
-0.2637 0.4371 -3.6747 80 200 120
-0.3634 0.2844 -4.7194 80 200 120
3.0846 0.9619 -5.1095 80 200 120
2.7942 1.2210 -3.6364 80 200 120
0.1347 3.9994 -1.6321 80 200 120
2.9315 1.2075 -3.5742 80 200 120
3.5760 -2.0442 -6.1786 80 200 120
0.3439 -0.3848 -3.8182 80 200 120
0.2509 -0.0319 -3.7429 80 200 120
2.0985 -4.2091 -7.0561 80 200 120
0.7901 3.9171 -1.4054 80 200 120
-3.1820 -0.0262 -2.8734 80 200 120
2.3871 1.4142 -3.4749 80 200 120
2.2946 -2.0019 -4.9471 80 200 120
-3.5202 -2.4031 -4.3634 80 200 120
0.3126 -1.9519 -4.6557 80 200 120
3.0700 1.7064 -3.5306 80 200 120
3.1769 -1.3424 -4.5710 80 200 120
