t,tracked,n_obs0,n_obs1,mean0,ms,keyframe,n_landmarks,allobs
1700000000.000000,0,0,0,116.72,1.49,0,0,0/0/0
1700000000.050000,0,0,0,116.71,0.94,0,0,0/0/0
1700000000.100000,0,0,0,116.72,0.95,0,0,0/0/0
1700000000.150000,0,0,0,116.71,0.92,0,0,0/0/0
1700000000.200000,0,0,0,116.71,0.95,0,0,0/0/0
1700000000.250000,0,0,0,116.71,0.96,0,0,0/0/0
1700000000.300000,0,0,0,116.72,0.92,0,0,0/0/0
1700000000.350000,0,0,0,116.72,0.92,0,0,0/0/0
1700000000.400000,0,0,0,116.71,0.93,0,0,0/0/0
1700000000.450000,0,0,0,116.72,0.92,0,0,0/0/0
1700000000.500000,0,0,0,116.70,0.91,0,0,0/0/0
1700000000.550000,0,0,0,116.71,0.93,0,0,0/0/0
1700000000.600000,0,0,0,116.71,0.92,0,0,0/0/0
1700000000.650000,0,0,0,116.72,1.06,0,0,0/0/0
1700000000.700000,0,0,0,116.70,0.92,0,0,0/0/0
1700000000.750000,0,0,0,116.70,0.91,0,0,0/0/0
1700000000.800000,0,0,0,116.71,0.93,0,0,0/0/0
1700000000.850000,0,0,0,116.70,0.91,0,0,0/0/0
1700000000.900000,1,252,235,116.70,18.61,1,0,252/235/225
1700000000.950000,1,300,300,116.70,17.84,0,0,300/300/300
1700000001.000000,1,300,300,116.72,19.49,0,0,300/300/300
1700000001.050000,1,300,300,116.70,29.42,1,158,300/300/300
1700000001.100000,1,300,300,116.72,19.54,0,158,300/300/300
1700000001.150000,1,300,300,116.72,19.16,0,158,300/300/300
1700000001.200000,1,300,300,116.71,29.47,1,120,300/300/300
1700000001.250000,1,300,300,116.71,20.14,0,120,300/300/300
1700000001.300000,1,300,300,116.71,19.72,0,120,300/300/300
1700000001.350000,1,300,300,116.71,36.12,1,62,300/300/300
1700000001.400000,1,300,300,116.71,20.40,0,62,300/300/300
1700000001.450000,1,300,300,116.71,22.56,0,62,300/300/300
1700000001.500000,1,300,300,116.72,32.61,1,101,300/300/300
1700000001.550000,1,300,300,116.71,20.64,0,101,300/300/300
1700000001.600000,1,300,300,116.71,21.02,0,101,300/300/300
1700000001.650000,1,300,300,116.71,37.39,1,149,300/300/300
1700000001.700000,1,300,300,116.71,22.40,0,149,300/300/300
1700000001.750000,1,300,300,116.71,21.83,0,149,300/300/300
1700000001.800000,1,300,300,116.71,38.03,1,239,300/300/300
1700000001.850000,1,300,300,116.71,20.30,0,239,300/300/300
1700000001.900000,1,300,300,116.70,20.85,0,239,300/300/300
1700000001.950000,1,300,300,116.72,46.20,1,363,300/300/300
1700000002.000000,1,300,300,116.71,21.27,0,363,300/300/300
1700000002.050000,1,300,300,116.72,21.60,0,363,300/300/300
1700000002.100000,1,300,300,116.72,49.67,1,396,300/300/300
1700000002.150000,1,300,300,116.71,20.85,0,396,300/300/300
1700000002.200000,1,300,300,116.73,21.15,0,396,300/300/300
1700000002.250000,1,300,300,116.73,55.84,1,418,300/300/300
1700000002.300000,1,300,300,116.73,22.24,0,418,300/300/300
1700000002.350000,1,300,300,116.73,21.23,0,418,300/300/300
1700000002.400000,1,300,300,116.75,51.21,1,430,300/300/300
1700000002.450000,1,300,300,116.75,22.16,0,430,300/300/300
1700000002.500000,1,300,300,116.77,21.93,0,430,300/300/300
1700000002.550000,1,300,300,116.76,65.81,1,455,300/300/300
1700000002.600000,1,300,300,116.77,23.20,0,455,300/300/300
1700000002.650000,1,300,300,116.79,23.93,0,455,300/300/300
1700000002.700000,1,300,300,116.79,47.99,1,467,300/300/300
1700000002.750000,1,300,300,116.79,23.95,0,467,300/300/300
1700000002.800000,1,300,300,116.80,23.33,0,467,300/300/300
1700000002.850000,1,300,300,116.83,81.42,1,498,300/300/300
1700000002.900000,1,300,300,116.83,25.60,0,498,300/300/300
1700000002.950000,1,300,300,116.85,23.52,0,498,300/300/300
1700000003.000000,1,300,300,116.85,73.73,1,510,300/300/300
1700000003.050000,1,300,300,116.87,24.33,0,510,300/300/300
1700000003.100000,1,300,300,116.87,23.67,0,510,300/300/300
1700000003.150000,1,300,300,116.91,75.80,1,533,300/300/300
1700000003.200000,1,300,300,116.94,24.96,0,533,300/300/300
1700000003.250000,1,300,300,116.95,24.45,0,533,300/300/300
1700000003.300000,1,300,300,116.99,83.04,1,563,300/300/300
1700000003.350000,1,300,300,116.99,26.11,0,563,300/300/300
1700000003.400000,1,300,300,116.98,23.87,0,563,300/300/300
1700000003.450000,1,300,300,116.99,87.86,1,585,300/300/300
1700000003.500000,1,300,300,116.97,24.93,0,585,300/300/300
1700000003.550000,1,300,300,116.97,24.69,0,585,300/300/300
1700000003.600000,1,300,300,116.95,99.69,1,632,300/300/300
1700000003.650000,1,300,300,116.95,24.96,0,632,300/300/300
1700000003.700000,1,300,300,116.94,25.25,0,632,300/300/300
1700000003.750000,1,300,300,116.94,105.99,1,663,300/300/300
1700000003.800000,1,300,300,116.94,24.17,0,663,300/300/300
1700000003.850000,1,300,300,116.93,23.23,0,663,300/300/300
1700000003.900000,1,300,300,116.92,113.65,1,687,300/300/300
1700000003.950000,1,300,300,116.92,25.37,0,687,300/300/300
1700000004.000000,1,300,300,116.90,25.00,0,687,300/300/300
1700000004.050000,1,300,300,116.89,123.02,1,711,300/300/300
1700000004.100000,1,300,300,116.88,27.30,0,711,300/300/300
1700000004.150000,1,300,300,116.89,24.38,0,711,300/300/300
1700000004.200000,1,300,300,116.92,120.01,1,733,300/300/300
1700000004.250000,1,300,300,116.95,26.20,0,733,300/300/300
1700000004.300000,1,300,300,116.99,25.81,0,733,300/300/300
1700000004.350000,1,300,300,116.99,125.38,1,777,300/300/300
1700000004.400000,1,300,300,116.95,25.71,0,777,300/300/300
1700000004.450000,1,300,300,116.94,25.40,0,777,300/300/300
1700000004.500000,1,300,300,116.93,146.30,1,810,300/300/300
1700000004.550000,1,300,300,116.93,25.33,0,810,300/300/300
1700000004.600000,1,300,300,116.95,24.56,0,810,300/300/300
1700000004.650000,1,300,300,116.98,155.92,1,845,300/300/300
1700000004.700000,1,300,300,117.00,24.64,0,845,300/300/300
1700000004.750000,1,300,300,117.03,26.35,0,845,300/300/300
1700000004.800000,1,300,300,117.03,166.01,1,868,300/300/300
1700000004.850000,1,300,300,117.04,25.71,0,868,300/300/300
1700000004.900000,1,300,300,117.02,24.37,0,868,300/300/300
1700000004.950000,1,300,300,117.01,180.12,1,900,300/300/300
1700000005.000000,1,300,300,117.00,26.30,0,900,300/300/300
1700000005.050000,1,300,300,116.98,24.49,0,900,300/300/300
1700000005.100000,1,300,300,116.98,173.58,1,888,300/300/300
1700000005.150000,1,300,300,116.95,25.68,0,888,300/300/300
1700000005.200000,1,300,300,116.92,23.99,0,888,300/300/300
1700000005.250000,1,300,300,116.89,140.03,1,897,300/300/300
1700000005.300000,1,300,300,116.85,23.51,0,897,300/300/300
1700000005.350000,1,300,300,116.80,24.33,0,897,300/300/300
1700000005.400000,1,300,300,116.73,166.88,1,961,300/300/300
1700000005.450000,1,300,300,116.67,25.64,0,961,300/300/300
1700000005.500000,1,300,300,116.61,24.73,0,961,300/300/300
1700000005.550000,1,300,300,116.53,126.90,1,895,300/300/300
1700000005.600000,1,300,300,116.44,25.43,0,895,300/300/300
1700000005.650000,1,300,300,116.36,24.20,0,895,300/300/300
1700000005.700000,1,300,300,116.27,111.12,1,854,300/300/300
1700000005.750000,1,300,300,116.18,25.34,0,854,300/300/300
1700000005.800000,1,300,300,116.08,24.24,0,854,300/300/300
1700000005.850000,1,300,300,115.94,99.68,1,859,300/300/300
1700000005.900000,1,300,300,115.83,25.50,0,859,300/300/300
1700000005.950000,1,300,300,115.66,24.87,0,859,300/300/300
1700000006.000000,1,300,300,115.47,63.10,1,846,300/300/300
1700000006.050000,1,300,300,115.23,25.25,0,846,300/300/300
1700000006.100000,1,300,300,114.93,24.59,0,846,300/300/300
1700000006.150000,1,300,300,114.61,87.12,1,861,300/300/300
1700000006.200000,1,300,300,114.21,25.42,0,861,300/300/300
1700000006.250000,1,300,300,113.73,23.92,0,861,300/300/300
1700000006.300000,1,300,300,113.27,80.04,1,872,300/300/300
1700000006.350000,1,300,300,112.78,23.84,0,872,300/300/300
1700000006.400000,1,300,300,116.64,29.34,0,872,300/300/300
1700000006.450000,1,300,300,116.62,61.88,1,929,300/300/300
1700000006.500000,1,300,300,116.60,22.73,0,929,300/300/300
1700000006.550000,1,300,300,116.59,23.22,0,929,300/300/300
1700000006.600000,1,300,300,116.56,95.25,1,961,300/300/300
1700000006.650000,1,300,300,116.55,24.23,0,961,300/300/300
1700000006.700000,1,300,300,116.53,21.56,0,961,300/300/300
1700000006.750000,1,300,300,116.52,98.29,1,978,300/300/300
1700000006.800000,1,300,300,116.51,24.54,0,978,300/300/300
1700000006.850000,1,300,300,110.65,38.00,0,978,300/300/300
1700000006.900000,1,300,300,112.16,99.67,1,961,300/300/300
1700000006.950000,1,300,300,113.36,24.89,0,961,300/300/300
1700000007.000000,1,300,300,113.94,28.13,0,961,300/300/300
1700000007.050000,1,300,300,114.26,67.55,1,1046,300/300/300
1700000007.100000,1,300,300,114.47,24.49,0,1046,300/300/300
1700000007.150000,1,300,300,114.63,23.00,0,1046,300/300/300
1700000007.200000,1,300,300,114.75,69.79,1,1129,300/300/300
1700000007.250000,1,300,300,114.88,25.08,0,1129,300/300/300
1700000007.300000,1,300,300,114.98,23.12,0,1129,300/300/300
1700000007.350000,1,300,300,115.08,108.60,1,1127,300/300/300
1700000007.400000,1,300,300,115.18,24.99,0,1127,300/300/300
1700000007.450000,1,300,300,115.27,25.73,0,1127,300/300/300
1700000007.500000,1,300,300,115.37,110.30,1,1142,300/300/300
1700000007.550000,1,300,300,115.45,24.45,0,1142,300/300/300
1700000007.600000,1,300,300,115.53,24.23,0,1142,300/300/300
1700000007.650000,1,300,300,115.62,117.28,1,1121,300/300/300
1700000007.700000,1,300,300,115.72,25.31,0,1121,300/300/300
1700000007.750000,1,300,300,115.79,25.41,0,1121,300/300/300
1700000007.800000,1,300,300,115.86,72.09,1,1116,300/300/300
1700000007.850000,1,300,300,115.94,24.32,0,1116,300/300/300
1700000007.900000,1,300,300,116.01,23.99,0,1116,300/300/300
1700000007.950000,1,300,300,116.08,72.88,1,1125,300/300/300
1700000008.000000,1,300,300,116.15,24.09,0,1125,300/300/300
1700000008.050000,1,300,300,116.21,23.54,0,1125,300/300/300
1700000008.100000,1,300,300,116.29,103.67,1,1120,300/300/300
1700000008.150000,1,300,300,116.37,23.24,0,1120,300/300/300
1700000008.200000,1,300,300,116.44,23.66,0,1120,300/300/300
1700000008.250000,1,300,300,116.53,104.43,1,1123,300/300/300
1700000008.300000,1,300,300,116.62,24.81,0,1123,300/300/300
1700000008.350000,1,300,300,116.70,24.98,0,1123,300/300/300
1700000008.400000,1,300,300,116.76,104.57,1,1106,300/300/300
1700000008.450000,1,300,300,116.82,23.57,0,1106,300/300/300
1700000008.500000,1,300,300,116.90,23.09,0,1106,300/300/300
1700000008.550000,1,300,300,116.98,146.58,1,1104,300/300/300
1700000008.600000,1,300,300,117.09,24.30,0,1104,300/300/300
1700000008.650000,1,300,300,117.20,23.15,0,1104,300/300/300
1700000008.700000,1,300,300,117.35,135.00,1,1087,300/300/300
1700000008.750000,1,300,300,117.49,23.13,0,1087,300/300/300
1700000008.800000,1,300,300,117.62,23.69,0,1087,300/300/300
1700000008.850000,1,300,300,117.73,104.87,1,1095,300/300/300
1700000008.900000,1,300,300,117.84,23.97,0,1095,300/300/300
1700000008.950000,1,300,300,117.95,23.45,0,1095,300/300/300
1700000009.000000,1,300,300,118.04,139.70,1,1086,300/300/300
1700000009.050000,1,300,300,118.10,31.32,0,1086,300/300/300
1700000009.100000,1,300,300,118.19,30.86,0,1086,300/300/300
1700000009.150000,1,300,300,118.27,118.24,1,1077,300/300/300
1700000009.200000,1,300,300,118.34,31.45,0,1077,300/300/300
1700000009.250000,1,300,300,118.40,32.05,0,1077,300/300/300
1700000009.300000,1,300,300,118.46,93.48,1,1048,300/300/300
1700000009.350000,1,300,300,118.52,31.75,0,1048,300/300/300
1700000009.400000,1,300,300,118.57,31.82,0,1048,300/300/300
1700000009.450000,1,300,300,118.58,136.01,1,1016,300/300/300
1700000009.500000,1,300,300,118.57,32.62,0,1016,300/300/300
1700000009.550000,1,300,300,118.56,32.69,0,1016,300/300/300
1700000009.600000,1,300,300,118.53,126.85,1,1015,300/300/300
1700000009.650000,1,300,300,118.51,24.29,0,1015,300/300/300
1700000009.700000,1,300,300,118.48,23.93,0,1015,300/300/300
1700000009.750000,1,300,300,118.46,136.23,1,991,300/300/300
1700000009.800000,1,300,300,118.45,23.46,0,991,300/300/300
1700000009.850000,1,300,300,118.45,23.95,0,991,300/300/300
1700000009.900000,1,300,300,118.45,144.81,1,954,300/300/300
1700000009.950000,1,300,300,118.45,23.32,0,954,300/300/300
1700000010.000000,1,300,300,118.47,24.78,0,954,300/300/300
1700000010.050000,1,300,300,118.49,103.60,1,949,300/300/300
1700000010.100000,1,300,300,118.49,23.28,0,949,300/300/300
1700000010.150000,1,300,300,118.50,23.14,0,949,300/300/300
1700000010.200000,1,300,300,118.49,147.35,1,946,300/300/300
1700000010.250000,1,300,300,118.48,23.75,0,946,300/300/300
1700000010.300000,1,300,300,118.47,22.28,0,946,300/300/300
1700000010.350000,1,300,300,118.47,162.20,1,949,300/300/300
1700000010.400000,1,300,300,118.44,25.09,0,949,300/300/300
1700000010.450000,1,300,300,118.44,24.18,0,949,300/300/300
1700000010.500000,1,300,300,118.43,106.24,1,898,300/300/300
1700000010.550000,1,300,300,118.43,24.60,0,898,300/300/300
1700000010.600000,1,300,300,118.44,24.34,0,898,300/300/300
1700000010.650000,1,300,300,118.46,158.94,1,903,300/300/300
1700000010.700000,1,300,300,118.46,23.67,0,903,300/300/300
1700000010.750000,1,300,300,118.48,23.96,0,903,300/300/300
1700000010.800000,1,300,300,118.50,165.37,1,906,300/300/300
1700000010.850000,1,300,300,118.51,25.05,0,906,300/300/300
1700000010.900000,1,300,300,118.52,22.93,0,906,300/300/300
1700000010.950000,1,300,300,118.52,153.06,1,917,300/300/300
1700000011.000000,1,300,300,118.52,30.89,0,917,300/300/300
1700000011.050000,1,300,300,118.52,30.73,0,917,300/300/300
1700000011.100000,1,300,300,118.51,156.49,1,843,300/300/300
1700000011.150000,1,300,300,118.48,24.40,0,843,300/300/300
1700000011.200000,1,300,300,118.44,22.25,0,843,300/300/300
1700000011.250000,1,300,300,118.39,106.73,1,811,300/300/300
1700000011.300000,1,300,300,118.36,24.10,0,811,300/300/300
1700000011.350000,1,300,300,118.29,23.44,0,811,300/300/300
1700000011.400000,1,300,300,118.25,107.33,1,841,300/300/300
1700000011.450000,1,300,300,118.18,24.25,0,841,300/300/300
1700000011.500000,1,300,300,118.11,23.31,0,841,300/300/300
1700000011.550000,1,300,300,118.04,97.84,1,830,300/300/300
1700000011.600000,1,300,300,117.94,23.72,0,830,300/300/300
1700000011.650000,1,300,300,117.87,24.44,0,830,300/300/300
1700000011.700000,1,300,300,117.77,109.20,1,837,300/300/300
1700000011.750000,1,300,300,117.67,24.03,0,837,300/300/300
1700000011.800000,1,300,300,117.57,22.89,0,837,300/300/300
1700000011.850000,1,300,300,117.46,130.00,1,838,300/300/300
1700000011.900000,1,300,300,117.34,23.85,0,838,300/300/300
1700000011.950000,1,300,300,117.23,23.48,0,838,300/300/300
1700000012.000000,1,300,300,117.12,126.48,1,830,300/300/300
1700000012.050000,1,300,300,117.00,23.53,0,830,300/300/300
1700000012.100000,1,300,300,116.88,23.20,0,830,300/300/300
1700000012.150000,1,300,300,116.75,98.45,1,828,300/300/300
1700000012.200000,1,300,300,116.61,23.23,0,828,300/300/300
1700000012.250000,1,300,300,116.48,24.82,0,828,300/300/300
1700000012.300000,1,300,300,116.35,113.61,1,823,300/300/300
1700000012.350000,1,300,300,116.24,23.53,0,823,300/300/300
1700000012.400000,1,300,300,116.12,23.41,0,823,300/300/300
1700000012.450000,1,300,300,116.01,86.53,1,821,300/300/300
1700000012.500000,1,300,300,115.88,24.60,0,821,300/300/300
1700000012.550000,1,300,300,115.77,23.67,0,821,300/300/300
1700000012.600000,1,300,300,115.66,87.73,1,810,300/300/300
1700000012.650000,1,300,300,115.55,23.15,0,810,300/300/300
1700000012.700000,1,300,300,115.44,24.58,0,810,300/300/300
1700000012.750000,1,300,300,115.33,122.70,1,828,300/300/300
1700000012.800000,1,300,300,115.24,24.80,0,828,300/300/300
1700000012.850000,1,300,300,115.13,23.07,0,828,300/300/300
1700000012.900000,1,300,300,115.03,143.96,1,816,300/300/300
1700000012.950000,1,300,300,114.91,23.29,0,816,300/300/300
1700000013.000000,1,300,300,114.83,22.61,0,816,300/300/300
1700000013.050000,1,300,300,114.73,144.25,1,820,300/300/300
1700000013.100000,1,300,300,114.64,22.87,0,820,300/300/300
1700000013.150000,1,300,300,114.55,22.31,0,820,300/300/300
1700000013.200000,1,300,300,114.47,144.81,1,805,300/300/300
1700000013.250000,1,300,300,114.39,23.60,0,805,300/300/300
1700000013.300000,1,300,300,114.31,22.68,0,805,300/300/300
1700000013.350000,1,300,300,114.25,138.75,1,799,300/300/300
1700000013.400000,1,300,300,114.18,24.14,0,799,300/300/300
1700000013.450000,1,300,300,114.14,23.11,0,799,300/300/300
1700000013.500000,1,300,300,114.10,98.17,1,791,300/300/300
1700000013.550000,1,300,300,114.06,23.82,0,791,300/300/300
1700000013.600000,1,300,300,114.03,23.72,0,791,300/300/300
1700000013.650000,1,300,300,114.03,100.01,1,791,300/300/300
1700000013.700000,1,300,300,114.00,23.53,0,791,300/300/300
1700000013.750000,1,300,300,114.01,24.06,0,791,300/300/300
1700000013.800000,1,300,300,114.01,155.97,1,792,300/300/300
1700000013.850000,1,300,300,114.03,22.92,0,792,300/300/300
1700000013.900000,1,300,300,114.04,23.26,0,792,300/300/300
1700000013.950000,1,300,300,114.04,170.32,1,798,300/300/300
1700000014.000000,1,300,300,114.06,23.24,0,798,300/300/300
1700000014.050000,1,300,300,114.09,22.41,0,798,300/300/300
1700000014.100000,1,300,300,114.11,166.99,1,793,300/300/300
1700000014.150000,1,300,300,114.12,23.78,0,793,300/300/300
1700000014.200000,1,300,300,114.14,23.47,0,793,300/300/300
1700000014.250000,1,300,300,114.17,127.84,1,784,300/300/300
1700000014.300000,1,300,300,114.20,23.39,0,784,300/300/300
1700000014.350000,1,300,300,114.21,25.12,0,784,300/300/300
1700000014.400000,1,300,300,114.23,181.16,1,767,300/300/300
1700000014.450000,1,300,300,114.26,24.55,0,767,300/300/300
1700000014.500000,1,300,300,114.27,24.37,0,767,300/300/300
1700000014.550000,1,300,300,114.28,136.18,1,769,300/300/300
1700000014.600000,1,300,300,114.29,23.15,0,769,300/300/300
1700000014.650000,1,300,300,114.30,24.82,0,769,300/300/300
1700000014.700000,1,300,300,114.29,176.10,1,726,300/300/300
1700000014.750000,1,300,300,114.29,24.63,0,726,300/300/300
1700000014.800000,1,300,300,114.31,23.02,0,726,300/300/300
1700000014.850000,1,300,300,114.31,138.13,1,735,300/300/300
1700000014.900000,1,300,300,114.31,24.22,0,735,300/300/300
1700000014.950000,1,300,300,114.31,24.07,0,735,300/300/300
1700000015.000000,1,300,300,114.31,161.33,1,748,300/300/300
1700000015.050000,1,300,300,114.32,25.85,0,748,300/300/300
1700000015.100000,1,300,300,114.32,24.66,0,748,300/300/300
1700000015.150000,1,300,300,114.32,88.62,1,748,300/300/300
1700000015.200000,1,300,300,114.32,23.78,0,748,300/300/300
1700000015.250000,1,300,300,114.32,24.00,0,748,300/300/300
1700000015.300000,1,300,300,114.32,144.45,1,711,300/300/300
1700000015.350000,1,300,300,114.32,24.27,0,711,300/300/300
1700000015.400000,1,300,300,114.31,24.41,0,711,300/300/300
1700000015.450000,1,300,300,114.32,71.13,1,699,300/300/300
1700000015.500000,1,300,300,114.33,25.36,0,699,300/300/300
1700000015.550000,1,300,300,114.32,23.63,0,699,300/300/300
1700000015.600000,1,300,300,114.32,90.63,1,728,300/300/300
1700000015.650000,1,300,300,114.32,23.55,0,728,300/300/300
1700000015.700000,1,300,300,114.33,24.88,0,728,300/300/300
1700000015.750000,1,300,300,114.32,85.71,1,728,300/300/300
1700000015.800000,1,300,300,114.35,23.82,0,728,300/300/300
1700000015.850000,1,300,300,114.36,24.36,0,728,300/300/300
1700000015.900000,1,300,300,114.36,69.20,1,742,300/300/300
1700000015.950000,1,300,300,114.37,24.40,0,742,300/300/300
1700000016.000000,1,300,300,114.40,24.24,0,742,300/300/300
1700000016.050000,1,300,300,114.42,90.61,1,740,300/300/300
1700000016.100000,1,300,300,114.44,25.08,0,740,300/300/300
1700000016.150000,1,300,300,114.46,25.23,0,740,300/300/300
1700000016.200000,1,300,300,114.48,88.25,1,740,300/300/300
1700000016.250000,1,300,300,114.50,24.73,0,740,300/300/300
1700000016.300000,1,300,300,114.52,25.90,0,740,300/300/300
1700000016.350000,1,300,300,114.52,107.55,1,743,300/300/300
1700000016.400000,1,300,300,114.54,26.10,0,743,300/300/300
1700000016.450000,1,300,300,114.56,25.47,0,743,300/300/300
1700000016.500000,1,300,300,114.58,82.69,1,743,300/300/300
1700000016.550000,1,300,300,114.59,26.21,0,743,300/300/300
1700000016.600000,1,300,300,114.61,24.62,0,743,300/300/300
1700000016.650000,1,300,300,114.62,85.42,1,745,300/300/300
1700000016.700000,1,300,300,114.63,26.45,0,745,300/300/300
1700000016.750000,1,300,300,114.64,24.39,0,745,300/300/300
1700000016.800000,1,300,300,114.65,106.40,1,732,300/300/300
1700000016.850000,1,300,300,114.63,25.31,0,732,300/300/300
1700000016.900000,1,300,300,114.63,23.21,0,732,300/300/300
1700000016.950000,1,300,300,114.62,74.55,1,735,300/300/300
1700000017.000000,1,300,300,114.63,25.16,0,735,300/300/300
1700000017.050000,1,300,300,114.64,24.99,0,735,300/300/300
1700000017.100000,1,300,300,114.63,72.02,1,724,300/300/300
1700000017.150000,1,300,300,114.64,25.03,0,724,300/300/300
1700000017.200000,1,300,300,114.64,23.98,0,724,300/300/300
1700000017.250000,1,300,300,114.67,74.82,1,745,300/300/300
1700000017.300000,1,300,300,114.68,24.18,0,745,300/300/300
1700000017.350000,1,300,300,114.70,23.91,0,745,300/300/300
1700000017.400000,1,300,300,114.72,158.13,1,745,300/300/300
1700000017.450000,1,300,300,114.75,24.13,0,745,300/300/300
1700000017.500000,1,300,300,114.78,23.56,0,745,300/300/300
1700000017.550000,1,300,300,114.80,90.62,1,768,300/300/300
1700000017.600000,1,300,300,114.83,25.18,0,768,300/300/300
1700000017.650000,1,300,300,114.87,23.62,0,768,300/300/300
1700000017.700000,1,300,300,114.91,128.50,1,766,300/300/300
1700000017.750000,1,300,300,114.96,24.86,0,766,300/300/300
1700000017.800000,1,300,300,115.03,23.98,0,766,300/300/300
1700000017.850000,1,300,300,115.08,88.91,1,767,300/300/300
1700000017.900000,1,300,300,115.14,23.84,0,767,300/300/300
1700000017.950000,1,300,300,115.18,23.58,0,767,300/300/300
1700000018.000000,1,300,300,115.24,87.38,1,768,300/300/300
1700000018.050000,1,300,300,115.30,24.97,0,768,300/300/300
1700000018.100000,1,300,300,115.34,23.16,0,768,300/300/300
1700000018.150000,1,300,300,115.40,75.68,1,769,300/300/300
1700000018.200000,1,300,300,115.43,27.23,0,769,300/300/300
1700000018.250000,1,300,300,115.46,25.41,0,769,300/300/300
1700000018.300000,1,300,300,115.50,77.09,1,774,300/300/300
1700000018.350000,1,300,300,115.53,24.14,0,774,300/300/300
1700000018.400000,1,300,300,115.55,23.40,0,774,300/300/300
1700000018.450000,1,300,300,115.60,92.04,1,788,300/300/300
1700000018.500000,1,300,300,115.63,24.16,0,788,300/300/300
1700000018.550000,1,300,300,115.62,24.12,0,788,300/300/300
1700000018.600000,1,300,300,115.63,123.63,1,790,300/300/300
1700000018.650000,1,300,300,115.64,24.94,0,790,300/300/300
1700000018.700000,1,300,300,115.65,23.79,0,790,300/300/300
1700000018.750000,1,300,300,115.67,125.04,1,795,300/300/300
1700000018.800000,1,300,300,115.70,23.81,0,795,300/300/300
1700000018.850000,1,300,300,115.71,24.35,0,795,300/300/300
1700000018.900000,1,300,300,115.74,121.44,1,790,300/300/300
1700000018.950000,1,300,300,115.77,25.31,0,790,300/300/300
1700000019.000000,1,300,300,115.77,26.38,0,790,300/300/300
1700000019.050000,1,300,300,115.78,129.40,1,781,300/300/300
1700000019.100000,1,300,300,115.80,24.91,0,781,300/300/300
1700000019.150000,1,300,300,115.80,25.66,0,781,300/300/300
1700000019.200000,1,300,300,115.80,76.08,1,802,300/300/300
1700000019.250000,1,300,300,115.82,24.35,0,802,300/300/300
1700000019.300000,1,300,300,115.81,23.76,0,802,300/300/300
1700000019.350000,1,300,300,115.82,77.75,1,800,300/300/300
1700000019.400000,1,300,300,115.83,24.51,0,800,300/300/300
1700000019.450000,1,300,300,115.85,21.85,0,800,300/300/300
1700000019.500000,1,300,300,115.87,110.53,1,785,300/300/300
1700000019.550000,1,300,300,115.88,23.23,0,785,300/300/300
1700000019.600000,1,300,300,115.89,22.96,0,785,300/300/300
1700000019.650000,1,300,300,115.89,97.16,1,776,300/300/300
1700000019.700000,1,300,300,115.86,24.85,0,776,300/300/300
1700000019.750000,1,300,300,115.87,23.80,0,776,300/300/300
1700000019.800000,1,300,300,115.86,104.03,1,777,300/300/300
1700000019.850000,1,300,300,115.86,24.65,0,777,300/300/300
1700000019.900000,1,300,300,115.84,24.08,0,777,300/300/300
1700000019.950000,1,300,300,115.82,75.86,1,762,300/300/300
1700000020.000000,1,300,300,115.81,24.09,0,762,300/300/300
1700000020.050000,1,300,300,115.75,23.90,0,762,300/300/300
1700000020.100000,1,300,300,115.72,86.99,1,765,300/300/300
1700000020.150000,1,300,300,115.67,26.01,0,765,300/300/300
1700000020.200000,1,300,300,115.62,23.93,0,765,300/300/300
1700000020.250000,1,300,300,115.57,68.69,1,758,300/300/300
1700000020.300000,1,300,300,115.53,24.06,0,758,300/300/300
1700000020.350000,1,300,300,115.48,26.45,0,758,300/300/300
1700000020.400000,1,300,300,115.44,69.99,1,757,300/300/300
1700000020.450000,1,300,300,115.39,23.92,0,757,300/300/300
1700000020.500000,1,300,300,115.34,23.54,0,757,300/300/300
1700000020.550000,1,300,300,115.30,113.19,1,744,300/300/300
1700000020.600000,1,300,300,115.25,23.17,0,744,300/300/300
1700000020.650000,1,300,300,115.21,24.05,0,744,300/300/300
1700000020.700000,1,300,300,115.16,67.52,1,746,300/300/300
1700000020.750000,1,300,300,115.11,24.02,0,746,300/300/300
1700000020.800000,1,300,300,115.03,23.25,0,746,300/300/300
1700000020.850000,1,300,300,114.98,125.46,1,744,300/300/300
1700000020.900000,1,300,300,114.92,23.74,0,744,300/300/300
1700000020.950000,1,300,300,114.82,24.71,0,744,300/300/300
1700000021.000000,1,300,300,114.76,88.77,1,738,300/300/300
1700000021.050000,1,300,300,114.72,24.53,0,738,300/300/300
1700000021.100000,1,300,300,114.66,23.58,0,738,300/300/300
1700000021.150000,1,300,300,114.60,90.01,1,742,300/300/300
1700000021.200000,1,300,300,114.53,23.66,0,742,300/300/300
1700000021.250000,1,300,300,114.46,24.08,0,742,300/300/300
1700000021.300000,1,300,300,114.37,80.20,1,724,300/300/300
1700000021.350000,1,300,300,114.31,23.97,0,724,300/300/300
1700000021.400000,1,300,300,114.23,23.42,0,724,300/300/300
1700000021.450000,1,300,300,114.14,113.66,1,735,300/300/300
1700000021.500000,1,300,300,114.04,23.73,0,735,300/300/300
1700000021.550000,1,300,300,113.93,24.31,0,735,300/300/300
1700000021.600000,1,300,300,113.82,108.60,1,715,300/300/300
1700000021.650000,1,300,300,113.71,23.24,0,715,300/300/300
1700000021.700000,1,300,300,113.60,22.76,0,715,300/300/300
1700000021.750000,1,300,300,113.47,110.40,1,710,300/300/300
1700000021.800000,1,300,300,113.38,25.37,0,710,300/300/300
1700000021.850000,1,300,300,113.27,23.05,0,710,300/300/300
1700000021.900000,1,300,300,113.18,106.97,1,691,300/300/300
1700000021.950000,1,300,300,113.12,23.89,0,691,300/300/300
1700000022.000000,1,300,300,113.01,24.44,0,691,300/300/300
1700000022.050000,1,300,300,112.95,107.13,1,695,300/300/300
1700000022.100000,1,300,300,112.86,24.98,0,695,300/300/300
1700000022.150000,1,300,300,112.79,23.93,0,695,300/300/300
1700000022.200000,1,300,300,112.73,106.93,1,696,300/300/300
1700000022.250000,1,300,300,112.65,24.13,0,696,300/300/300
1700000022.300000,1,300,300,112.58,23.18,0,696,300/300/300
1700000022.350000,1,300,300,112.52,68.09,1,692,300/300/300
1700000022.400000,1,300,300,112.48,23.12,0,692,300/300/300
1700000022.450000,1,300,300,112.45,23.42,0,692,300/300/300
1700000022.500000,1,300,300,112.41,101.59,1,690,300/300/300
1700000022.550000,1,300,300,112.38,24.85,0,690,300/300/300
1700000022.600000,1,300,300,112.38,23.78,0,690,300/300/300
1700000022.650000,1,300,300,112.38,103.10,1,684,300/300/300
1700000022.700000,1,300,300,112.37,24.75,0,684,300/300/300
1700000022.750000,1,300,300,112.38,22.81,0,684,300/300/300
1700000022.800000,1,300,300,112.40,103.86,1,684,300/300/300
1700000022.850000,1,300,300,112.42,24.18,0,684,300/300/300
1700000022.900000,1,300,300,112.44,23.52,0,684,300/300/300
1700000022.950000,1,300,300,112.44,65.92,1,675,300/300/300
1700000023.000000,1,300,300,112.46,23.11,0,675,300/300/300
1700000023.050000,1,300,300,112.48,25.25,0,675,300/300/300
1700000023.100000,1,300,300,112.51,102.50,1,680,300/300/300
1700000023.150000,1,300,300,112.54,25.02,0,680,300/300/300
1700000023.200000,1,300,300,112.57,24.04,0,680,300/300/300
1700000023.250000,1,300,300,112.61,65.34,1,660,300/300/300
1700000023.300000,1,300,300,112.63,24.07,0,660,300/300/300
1700000023.350000,1,300,300,112.66,24.08,0,660,300/300/300
1700000023.400000,1,300,300,112.70,100.03,1,651,300/300/300
1700000023.450000,1,300,300,112.72,25.75,0,651,300/300/300
1700000023.500000,1,300,300,112.78,25.94,0,651,300/300/300
1700000023.550000,1,300,300,112.80,99.76,1,634,300/300/300
1700000023.600000,1,300,300,112.85,25.40,0,634,300/300/300
1700000023.650000,1,300,300,112.88,23.83,0,634,300/300/300
1700000023.700000,1,300,300,112.92,71.45,1,617,300/300/300
1700000023.750000,1,300,300,112.96,25.19,0,617,300/300/300
1700000023.800000,1,300,300,113.02,24.33,0,617,300/300/300
1700000023.850000,1,300,300,113.05,90.56,1,619,300/300/300
1700000023.900000,1,300,300,113.08,23.69,0,619,300/300/300
1700000023.950000,1,300,300,113.13,23.51,0,619,300/300/300
1700000024.000000,1,300,300,113.16,63.09,1,611,300/300/300
1700000024.050000,1,300,300,113.21,24.53,0,611,300/300/300
1700000024.100000,1,300,300,113.24,23.03,0,611,300/300/300
1700000024.150000,1,300,300,113.29,93.51,1,615,300/300/300
1700000024.200000,1,300,300,113.31,26.18,0,615,300/300/300
1700000024.250000,1,300,300,113.33,24.62,0,615,300/300/300
1700000024.300000,1,300,300,113.37,84.30,1,623,300/300/300
1700000024.350000,1,300,300,113.37,25.28,0,623,300/300/300
1700000024.400000,1,300,300,113.39,25.07,0,623,300/300/300
1700000024.450000,1,300,300,113.43,97.20,1,621,300/300/300
1700000024.500000,1,300,300,113.44,25.17,0,621,300/300/300
1700000024.550000,1,300,300,113.47,25.78,0,621,300/300/300
1700000024.600000,1,300,300,113.47,84.06,1,626,300/300/300
1700000024.650000,1,300,300,113.49,24.16,0,626,300/300/300
1700000024.700000,1,300,300,113.51,23.33,0,626,300/300/300
1700000024.750000,1,300,300,113.53,89.34,1,630,300/300/300
1700000024.800000,1,300,300,113.54,23.81,0,630,300/300/300
1700000024.850000,1,300,300,113.55,23.47,0,630,300/300/300
1700000024.900000,1,300,300,113.58,96.97,1,638,300/300/300
1700000024.950000,1,300,300,113.59,24.94,0,638,300/300/300
1700000025.000000,1,300,300,113.61,25.09,0,638,300/300/300
1700000025.050000,1,300,300,113.62,92.99,1,644,300/300/300
1700000025.100000,1,300,300,113.64,23.88,0,644,300/300/300
1700000025.150000,1,300,300,113.65,23.18,0,644,300/300/300
1700000025.200000,1,300,300,113.67,95.35,1,635,300/300/300
1700000025.250000,1,300,300,113.69,23.99,0,635,300/300/300
1700000025.300000,1,300,300,113.71,24.67,0,635,300/300/300
1700000025.350000,1,300,300,113.74,73.10,1,642,300/300/300
1700000025.400000,1,300,300,113.75,25.42,0,642,300/300/300
1700000025.450000,1,300,300,113.77,24.26,0,642,300/300/300
1700000025.500000,1,300,300,113.77,97.71,1,633,300/300/300
1700000025.550000,1,300,300,113.78,23.55,0,633,300/300/300
1700000025.600000,1,300,300,113.80,23.09,0,633,300/300/300
1700000025.650000,1,300,300,113.83,74.35,1,635,300/300/300
1700000025.700000,1,300,300,113.84,22.66,0,635,300/300/300
1700000025.750000,1,300,300,113.86,22.63,0,635,300/300/300
1700000025.800000,1,300,300,113.87,73.97,1,630,300/300/300
1700000025.850000,1,300,300,113.89,24.59,0,630,300/300/300
1700000025.900000,1,300,300,113.90,24.09,0,630,300/300/300
1700000025.950000,1,300,300,113.92,113.52,1,641,300/300/300
1700000026.000000,1,300,300,113.92,23.79,0,641,300/300/300
1700000026.050000,1,300,300,113.96,23.01,0,641,300/300/300
1700000026.100000,1,300,300,113.94,102.54,1,624,300/300/300
1700000026.150000,1,300,300,113.94,22.27,0,624,300/300/300
1700000026.200000,1,300,300,113.93,22.92,0,624,300/300/300
1700000026.250000,1,300,300,113.94,89.25,1,614,300/300/300
1700000026.300000,1,300,300,113.93,25.11,0,614,300/300/300
1700000026.350000,1,300,300,113.93,24.29,0,614,300/300/300
1700000026.400000,1,300,300,113.92,88.80,1,610,300/300/300
1700000026.450000,1,300,300,113.92,24.53,0,610,300/300/300
1700000026.500000,1,300,300,113.90,24.27,0,610,300/300/300
1700000026.550000,1,300,300,113.91,89.91,1,608,300/300/300
1700000026.600000,1,300,300,113.91,25.62,0,608,300/300/300
1700000026.650000,1,300,300,113.92,24.27,0,608,300/300/300
1700000026.700000,1,300,300,113.90,118.71,1,602,300/300/300
1700000026.750000,1,300,300,113.92,25.57,0,602,300/300/300
1700000026.800000,1,300,300,113.91,23.51,0,602,300/300/300
1700000026.850000,1,300,300,113.91,95.83,1,592,300/300/300
1700000026.900000,1,300,300,113.92,24.95,0,592,300/300/300
1700000026.950000,1,300,300,113.91,24.99,0,592,300/300/300
1700000027.000000,1,300,300,113.91,112.64,1,597,300/300/300
1700000027.050000,1,300,300,113.91,26.05,0,597,300/300/300
1700000027.100000,1,300,300,113.91,25.60,0,597,300/300/300
1700000027.150000,1,300,300,113.92,99.25,1,591,300/300/300
1700000027.200000,1,300,300,113.91,25.64,0,591,300/300/300
1700000027.250000,1,300,300,113.92,23.07,0,591,300/300/300
1700000027.300000,1,300,300,113.95,97.63,1,593,300/300/300
1700000027.350000,1,300,300,113.95,25.19,0,593,300/300/300
1700000027.400000,1,300,300,113.96,32.20,0,593,300/300/300
1700000027.450000,1,300,300,113.97,85.42,1,597,300/300/300
1700000027.500000,1,300,300,113.98,34.17,0,597,300/300/300
1700000027.550000,1,300,300,113.98,25.41,0,597,300/300/300
1700000027.600000,1,300,300,113.98,101.72,1,604,300/300/300
1700000027.650000,1,300,300,113.99,26.25,0,604,300/300/300
1700000027.700000,1,300,300,114.00,24.32,0,604,300/300/300
1700000027.750000,1,300,300,113.99,112.12,1,610,300/300/300
1700000027.800000,1,300,300,113.99,25.11,0,610,300/300/300
1700000027.850000,1,300,300,114.01,26.35,0,610,300/300/300
1700000027.900000,1,300,300,114.00,100.99,1,609,300/300/300
1700000027.950000,1,300,300,113.98,24.62,0,609,300/300/300
1700000028.000000,1,300,300,113.96,23.92,0,609,300/300/300
1700000028.050000,1,300,300,113.97,100.94,1,615,300/300/300
1700000028.100000,1,300,300,113.95,24.38,0,615,300/300/300
1700000028.150000,1,300,300,113.94,23.58,0,615,300/300/300
1700000028.200000,1,300,300,113.93,103.62,1,614,300/300/300
1700000028.250000,1,300,300,113.90,24.98,0,614,300/300/300
1700000028.300000,1,300,300,113.88,23.82,0,614,300/300/300
1700000028.350000,1,300,300,113.87,103.77,1,620,300/300/300
1700000028.400000,1,300,300,113.83,24.41,0,620,300/300/300
1700000028.450000,1,300,300,113.79,24.56,0,620,300/300/300
1700000028.500000,1,300,300,113.79,66.96,1,632,300/300/300
1700000028.550000,1,300,300,113.73,24.44,0,632,300/300/300
1700000028.600000,1,300,300,113.71,24.24,0,632,300/300/300
1700000028.650000,1,300,300,113.67,67.90,1,626,300/300/300
1700000028.700000,1,300,300,113.66,24.56,0,626,300/300/300
1700000028.750000,1,300,300,113.62,23.65,0,626,300/300/300
1700000028.800000,1,300,300,113.60,65.77,1,625,300/300/300
1700000028.850000,1,300,300,113.57,24.37,0,625,300/300/300
1700000028.900000,1,300,300,113.51,23.95,0,625,300/300/300
1700000028.950000,1,300,300,113.50,64.96,1,629,300/300/300
1700000029.000000,1,300,300,113.46,24.43,0,629,300/300/300
1700000029.050000,1,300,300,113.44,26.38,0,629,300/300/300
1700000029.100000,1,300,300,113.41,101.64,1,621,300/300/300
1700000029.150000,1,300,300,113.39,25.13,0,621,300/300/300
1700000029.200000,1,300,300,113.36,24.99,0,621,300/300/300
1700000029.250000,1,300,300,113.33,103.30,1,635,300/300/300
1700000029.300000,1,300,300,113.33,24.75,0,635,300/300/300
1700000029.350000,1,300,300,113.29,23.58,0,635,300/300/300
1700000029.400000,1,300,300,113.28,101.69,1,636,300/300/300
1700000029.450000,1,300,300,113.26,26.89,0,636,300/300/300
1700000029.500000,1,300,300,113.25,25.08,0,636,300/300/300
1700000029.550000,1,300,300,113.24,105.65,1,642,300/300/300
1700000029.600000,1,300,300,113.22,26.39,0,642,300/300/300
1700000029.650000,1,300,300,113.21,27.60,0,642,300/300/300
1700000029.700000,1,300,300,113.19,102.42,1,649,300/300/300
1700000029.750000,1,300,300,113.19,27.04,0,649,300/300/300
1700000029.800000,1,300,300,113.17,23.84,0,649,300/300/300
1700000029.850000,1,300,300,113.18,112.28,1,658,300/300/300
1700000029.900000,1,300,300,113.17,25.42,0,658,300/300/300
1700000029.950000,1,300,300,113.17,24.73,0,658,300/300/300
1700000030.000000,1,300,300,113.15,108.27,1,663,300/300/300
1700000030.050000,1,300,300,113.08,24.70,0,663,300/300/300
1700000030.100000,1,300,300,112.98,26.22,0,663,300/300/300
1700000030.150000,1,300,300,112.85,118.32,1,673,300/300/300
1700000030.200000,1,300,300,112.69,24.72,0,673,300/300/300
1700000030.250000,1,300,300,112.50,25.62,0,673,300/300/300
1700000030.300000,1,300,300,112.28,117.28,1,691,300/300/300
1700000030.350000,1,300,300,112.06,25.96,0,691,300/300/300
1700000030.400000,1,300,300,111.86,28.08,0,691,300/300/300
1700000030.450000,1,300,300,111.68,117.65,1,706,300/300/300
1700000030.500000,1,300,300,111.48,26.87,0,706,300/300/300
1700000030.550000,1,300,300,111.28,26.12,0,706,300/300/300
1700000030.600000,1,300,300,111.11,111.02,1,724,300/300/300
1700000030.650000,1,300,300,110.84,31.35,0,724,300/300/300
1700000030.700000,1,300,300,110.54,27.25,0,724,300/300/300
1700000030.750000,1,300,300,110.21,81.89,1,753,300/300/300
1700000030.800000,1,300,300,109.85,26.56,0,753,300/300/300
1700000030.850000,1,300,300,109.54,26.04,0,753,300/300/300
1700000030.900000,1,300,300,109.30,82.09,1,781,300/300/300
1700000030.950000,1,300,300,109.24,26.50,0,781,300/300/300
1700000031.000000,1,300,300,109.29,30.21,0,781,300/300/300
1700000031.050000,1,300,300,109.30,71.71,1,791,300/300/300
1700000031.100000,1,300,300,109.26,28.47,0,791,300/300/300
1700000031.150000,1,300,300,109.19,29.78,0,791,300/300/300
1700000031.200000,1,300,300,109.14,107.29,1,816,300/300/300
1700000031.250000,1,300,300,109.01,30.12,0,816,300/300/300
1700000031.300000,1,300,300,108.77,31.10,0,816,300/300/300
1700000031.350000,1,300,300,108.46,107.92,1,840,300/300/300
1700000031.400000,1,300,300,107.99,30.60,0,840,300/300/209
1700000031.450000,1,300,300,106.88,25.87,0,840,300/300/300
1700000031.500000,1,300,300,103.57,119.36,1,855,300/300/300
1700000031.550000,1,300,300,113.48,50.87,0,855,300/300/300
1700000031.600000,1,300,300,113.64,27.03,0,855,300/300/300
1700000031.650000,1,300,300,113.77,107.34,1,921,300/300/300
1700000031.700000,1,300,300,116.24,34.86,0,921,300/300/300
1700000031.750000,1,300,300,115.64,29.88,0,921,300/300/300
1700000031.800000,1,300,300,114.49,93.44,1,979,300/300/300
1700000031.850000,1,300,300,113.41,26.35,0,979,300/300/300
1700000031.900000,1,300,300,112.81,29.63,0,979,300/300/300
1700000031.950000,1,300,300,112.59,69.86,1,1126,300/300/300
1700000032.000000,1,300,300,112.47,26.80,0,1126,300/300/300
1700000032.050000,1,300,300,112.44,25.51,0,1126,300/300/300
1700000032.100000,1,300,300,112.57,70.95,1,1134,300/300/300
1700000032.150000,1,300,300,112.79,26.13,0,1134,300/300/300
1700000032.200000,1,300,300,112.99,27.27,0,1134,300/300/300
1700000032.250000,1,300,300,113.26,72.24,1,1139,300/300/300
1700000032.300000,1,300,300,113.60,25.14,0,1139,300/300/300
1700000032.350000,1,300,300,113.98,25.47,0,1139,300/300/300
1700000032.400000,1,300,300,114.31,110.81,1,1121,300/300/300
1700000032.450000,1,300,300,114.59,25.13,0,1121,300/300/300
1700000032.500000,1,300,300,114.86,24.37,0,1121,300/300/300
1700000032.550000,1,300,300,115.05,107.46,1,1104,300/300/300
1700000032.600000,1,300,300,115.14,24.26,0,1104,300/300/300
1700000032.650000,1,300,300,115.21,25.69,0,1104,300/300/300
1700000032.700000,1,300,300,115.27,111.37,1,1117,300/300/300
1700000032.750000,1,300,300,115.31,26.66,0,1117,300/300/300
1700000032.800000,1,300,300,115.35,24.61,0,1117,300/300/300
1700000032.850000,1,300,300,115.41,74.43,1,1107,300/300/300
1700000032.900000,1,300,300,115.44,26.55,0,1107,300/300/300
1700000032.950000,1,300,300,115.49,25.42,0,1107,300/300/300
1700000033.000000,1,300,300,115.52,102.98,1,1107,300/300/300
1700000033.050000,1,300,300,115.55,25.64,0,1107,300/300/300
1700000033.100000,1,300,300,115.56,25.75,0,1107,300/300/300
1700000033.150000,1,300,300,115.58,120.51,1,1114,300/300/300
1700000033.200000,1,300,300,115.60,24.06,0,1114,300/300/300
1700000033.250000,1,300,300,115.61,25.15,0,1114,300/300/300
1700000033.300000,1,300,300,115.63,90.65,1,1108,300/300/300
1700000033.350000,1,300,300,115.64,24.70,0,1108,300/300/300
1700000033.400000,1,300,300,115.64,25.70,0,1108,300/300/300
1700000033.450000,1,300,300,115.67,92.79,1,1101,300/300/300
1700000033.500000,1,300,300,115.67,26.58,0,1101,300/300/300
1700000033.550000,1,300,300,115.68,24.66,0,1101,300/300/300
1700000033.600000,1,300,300,115.69,93.09,1,1094,300/300/300
1700000033.650000,1,300,300,115.68,26.16,0,1094,300/300/300
1700000033.700000,1,300,300,115.67,24.94,0,1094,300/300/300
1700000033.750000,1,300,300,115.66,128.88,1,1084,300/300/300
1700000033.800000,1,300,300,115.66,26.10,0,1084,300/300/300
1700000033.850000,1,300,300,115.66,24.88,0,1084,300/300/300
1700000033.900000,1,300,300,115.65,130.79,1,1077,300/300/300
1700000033.950000,1,300,300,115.66,24.35,0,1077,300/300/300
1700000034.000000,1,300,300,115.66,23.95,0,1077,300/300/300
1700000034.050000,1,300,300,115.66,82.46,1,1080,300/300/300
1700000034.100000,1,300,300,115.67,24.89,0,1080,300/300/300
1700000034.150000,1,300,300,115.66,24.20,0,1080,300/300/300
1700000034.200000,1,300,300,115.67,102.19,1,1078,300/300/300
1700000034.250000,1,300,300,115.69,24.43,0,1078,300/300/300
1700000034.300000,1,300,300,115.70,25.17,0,1078,300/300/300
1700000034.350000,1,300,300,115.71,121.58,1,1067,300/300/300
1700000034.400000,1,300,300,115.72,25.68,0,1067,300/300/300
1700000034.450000,1,300,300,115.76,23.80,0,1067,300/300/300
1700000034.500000,1,300,300,115.77,144.85,1,1052,300/300/300
1700000034.550000,1,300,300,115.80,23.87,0,1052,300/300/300
1700000034.600000,1,300,300,115.81,24.23,0,1052,300/300/300
1700000034.650000,1,300,300,115.82,169.84,1,1031,300/300/300
1700000034.700000,1,300,300,115.85,24.34,0,1031,300/300/300
1700000034.750000,1,300,300,115.88,23.74,0,1031,300/300/300
1700000034.800000,1,300,300,115.91,160.70,1,1007,300/300/300
1700000034.850000,1,300,300,115.93,25.21,0,1007,300/300/300
1700000034.900000,1,300,300,115.96,25.35,0,1007,300/300/300
1700000034.950000,1,300,300,115.97,161.03,1,986,300/300/300
1700000035.000000,1,300,300,116.00,24.16,0,986,300/300/300
1700000035.050000,1,300,300,116.03,24.03,0,986,300/300/300
1700000035.100000,1,300,300,116.06,172.93,1,969,300/300/300
1700000035.150000,1,300,300,116.08,25.33,0,969,300/300/300
1700000035.200000,1,300,300,116.09,25.50,0,969,300/300/300
1700000035.250000,1,300,300,116.13,174.76,1,943,300/300/300
1700000035.300000,1,300,300,116.17,25.70,0,943,300/300/300
1700000035.350000,1,300,300,116.20,23.70,0,943,300/300/300
1700000035.400000,1,300,300,116.23,180.00,1,908,300/300/300
1700000035.450000,1,300,300,116.28,25.74,0,908,300/300/300
1700000035.500000,1,300,300,116.31,24.62,0,908,300/300/300
1700000035.550000,1,300,300,116.35,129.96,1,909,300/300/300
1700000035.600000,1,300,300,116.38,24.73,0,909,300/300/300
1700000035.650000,1,300,300,116.42,22.88,0,909,300/300/300
1700000035.700000,1,300,300,116.45,166.06,1,841,300/300/300
1700000035.750000,1,300,300,116.49,24.68,0,841,300/300/300
1700000035.800000,1,300,300,116.53,23.53,0,841,300/300/300
1700000035.850000,1,300,300,116.55,144.33,1,789,300/300/300
1700000035.900000,1,300,300,116.58,24.25,0,789,300/300/300
1700000035.950000,1,300,300,116.62,22.94,0,789,300/300/300
1700000036.000000,1,300,300,116.65,60.12,1,661,300/300/300
1700000036.050000,1,300,300,116.68,23.42,0,661,300/300/300
1700000036.100000,1,300,300,116.70,23.44,0,661,300/300/300
1700000036.150000,1,300,300,116.73,65.82,1,730,300/300/300
1700000036.200000,1,300,300,116.78,25.02,0,730,300/300/300
1700000036.250000,1,300,300,116.79,23.98,0,730,300/300/300
1700000036.300000,1,300,300,116.81,65.92,1,719,300/300/300
1700000036.350000,1,300,300,116.85,23.34,0,719,300/300/300
1700000036.400000,1,300,300,116.87,23.77,0,719,300/300/300
1700000036.450000,1,300,300,116.88,66.31,1,737,300/300/300
1700000036.500000,1,300,300,116.91,24.15,0,737,300/300/300
1700000036.550000,1,300,300,116.93,22.81,0,737,300/300/300
1700000036.600000,1,300,300,116.96,104.45,1,735,300/300/300
1700000036.650000,1,300,300,116.96,23.41,0,735,300/300/300
1700000036.700000,1,300,300,116.99,23.88,0,735,300/300/300
1700000036.750000,1,300,300,117.01,69.38,1,729,300/300/300
1700000036.800000,1,300,300,117.01,25.14,0,729,300/300/300
1700000036.850000,1,300,300,117.05,23.84,0,729,300/300/300
1700000036.900000,1,300,300,117.06,64.01,1,730,300/300/300
1700000036.950000,1,300,300,117.08,24.76,0,730,300/300/300
1700000037.000000,1,300,300,117.11,29.91,0,730,300/300/300
1700000037.050000,1,300,300,117.12,71.64,1,736,300/300/300
1700000037.100000,1,300,300,117.14,29.79,0,736,300/300/300
1700000037.150000,1,300,300,117.14,22.86,0,736,300/300/300
1700000037.200000,1,300,300,117.15,80.13,1,733,300/300/300
1700000037.250000,1,300,300,117.15,31.43,0,733,300/300/300
1700000037.300000,1,300,300,117.15,27.33,0,733,300/300/300
1700000037.350000,1,300,300,117.15,106.84,1,732,300/300/300
1700000037.400000,1,300,300,117.16,30.28,0,732,300/300/300
1700000037.450000,1,300,300,117.15,31.29,0,732,300/300/300
1700000037.500000,1,300,300,117.15,92.73,1,737,300/300/300
1700000037.550000,1,300,300,117.14,33.03,0,737,300/300/300
1700000037.600000,1,300,300,117.13,31.04,0,737,300/300/300
1700000037.650000,1,300,300,117.13,74.54,1,744,300/300/300
1700000037.700000,1,300,300,117.14,32.29,0,744,300/300/300
1700000037.750000,1,300,300,117.13,32.97,0,744,300/300/300
1700000037.800000,1,300,300,117.13,88.25,1,751,300/300/300
1700000037.850000,1,300,300,117.10,33.23,0,751,300/300/300
1700000037.900000,1,300,300,117.09,30.24,0,751,300/300/300
1700000037.950000,1,300,300,117.08,81.31,1,748,300/300/300
1700000038.000000,1,300,300,117.05,24.05,0,748,300/300/300
1700000038.050000,1,300,300,117.04,24.83,0,748,300/300/300
1700000038.100000,1,300,300,117.03,108.56,1,753,300/300/300
1700000038.150000,1,300,300,117.01,22.89,0,753,300/300/300
1700000038.200000,1,300,300,116.98,23.47,0,753,300/300/300
1700000038.250000,1,300,300,116.95,108.90,1,761,300/300/300
1700000038.300000,1,300,300,116.94,22.69,0,761,300/300/300
1700000038.350000,1,300,300,116.92,22.58,0,761,300/300/300
1700000038.400000,1,300,300,116.90,84.58,1,760,300/300/300
1700000038.450000,1,300,300,116.87,24.26,0,760,300/300/300
1700000038.500000,1,300,300,116.86,23.93,0,760,300/300/300
1700000038.550000,1,300,300,116.83,121.35,1,760,300/300/300
1700000038.600000,1,300,300,116.80,23.22,0,760,300/300/300
1700000038.650000,1,300,300,116.76,23.67,0,760,300/300/300
1700000038.700000,1,300,300,116.73,129.07,1,760,300/300/300
1700000038.750000,1,300,300,116.70,23.11,0,760,300/300/300
1700000038.800000,1,300,300,116.68,23.54,0,760,300/300/300
1700000038.850000,1,300,300,116.62,132.70,1,761,300/300/300
1700000038.900000,1,300,300,116.59,24.03,0,761,300/300/300
1700000038.950000,1,300,300,116.56,24.59,0,761,300/300/300
1700000039.000000,1,300,300,116.53,94.48,1,765,300/300/300
1700000039.050000,1,300,300,116.51,24.17,0,765,300/300/300
1700000039.100000,1,300,300,116.47,24.38,0,765,300/300/300
1700000039.150000,1,300,300,116.45,76.84,1,765,300/300/300
1700000039.200000,1,300,300,116.42,23.72,0,765,300/300/300
1700000039.250000,1,300,300,116.39,24.60,0,765,300/300/300
1700000039.300000,1,300,300,116.37,95.96,1,760,300/300/300
1700000039.350000,1,300,300,116.34,24.38,0,760,300/300/300
1700000039.400000,1,300,300,116.34,23.93,0,760,300/300/300
1700000039.450000,1,300,300,116.32,79.17,1,779,300/300/300
1700000039.500000,1,300,300,116.32,25.03,0,779,300/300/300
1700000039.550000,1,300,300,116.30,24.83,0,779,300/300/300
1700000039.600000,1,300,300,116.30,133.53,1,769,300/300/300
1700000039.650000,1,300,300,116.30,25.43,0,769,300/300/300
1700000039.700000,1,300,300,116.31,24.65,0,769,300/300/300
1700000039.750000,1,300,300,116.32,126.26,1,777,300/300/300
1700000039.800000,1,300,300,116.34,23.87,0,777,300/300/300
1700000039.850000,1,300,300,116.40,25.41,0,777,300/300/300
1700000039.900000,1,300,300,116.43,81.02,1,765,300/300/300
1700000039.950000,1,300,300,116.48,25.21,0,765,300/300/300
1700000040.000000,1,300,300,116.50,23.01,0,765,300/300/300
1700000040.050000,1,300,300,116.52,134.44,1,762,300/300/300
1700000040.100000,1,300,300,116.55,31.24,0,762,300/300/300
1700000040.150000,1,300,300,116.54,29.66,0,762,300/300/300
1700000040.200000,1,300,300,116.54,86.43,1,707,300/300/300
1700000040.250000,1,300,300,116.53,32.21,0,707,300/300/300
1700000040.300000,1,300,300,116.53,31.93,0,707,300/300/300
1700000040.350000,1,300,300,116.50,86.69,1,745,300/300/300
1700000040.400000,1,300,300,116.48,23.89,0,745,300/300/300
1700000040.450000,1,300,300,116.44,23.73,0,745,300/300/300
1700000040.500000,1,300,300,116.41,93.45,1,738,300/300/300
1700000040.550000,1,300,300,116.36,24.32,0,738,300/300/300
1700000040.600000,1,300,300,116.31,24.65,0,738,300/300/300
1700000040.650000,1,300,300,116.28,105.64,1,743,300/300/300
1700000040.700000,1,300,300,116.23,23.95,0,743,300/300/300
1700000040.750000,1,300,300,116.19,25.09,0,743,300/300/300
1700000040.800000,1,300,300,116.15,123.22,1,748,300/300/300
1700000040.850000,1,300,300,116.09,24.68,0,748,300/300/300
1700000040.900000,1,300,300,116.06,25.19,0,748,300/300/300
1700000040.950000,1,300,300,116.04,69.81,1,764,300/300/300
1700000041.000000,1,300,300,115.99,24.88,0,764,300/300/300
1700000041.050000,1,300,300,115.96,25.10,0,764,300/300/300
1700000041.100000,1,300,300,115.93,97.49,1,754,300/300/300
1700000041.150000,1,300,300,115.91,24.44,0,754,300/300/300
1700000041.200000,1,300,300,115.92,25.01,0,754,300/300/300
1700000041.250000,1,300,300,115.91,70.05,1,758,300/300/300
1700000041.300000,1,300,300,115.91,24.24,0,758,300/300/300
1700000041.350000,1,300,300,115.92,24.84,0,758,300/300/300
1700000041.400000,1,300,300,115.91,71.06,1,769,300/300/300
1700000041.450000,1,300,300,115.94,25.01,0,769,300/300/300
1700000041.500000,1,300,300,115.97,22.60,0,769,300/300/300
1700000041.550000,1,300,300,115.99,110.59,1,769,300/300/300
1700000041.600000,1,300,300,116.02,31.15,0,769,300/300/300
1700000041.650000,1,300,300,116.07,29.81,0,769,300/300/300
1700000041.700000,1,300,300,116.10,72.70,1,783,300/300/300
1700000041.750000,1,300,300,116.15,24.68,0,783,300/300/300
1700000041.800000,1,300,300,116.19,24.60,0,783,300/300/300
1700000041.850000,1,300,300,116.24,72.62,1,794,300/300/300
1700000041.900000,1,300,300,116.31,25.33,0,794,300/300/300
1700000041.950000,1,300,300,116.36,23.56,0,794,300/300/300
1700000042.000000,1,300,300,116.43,88.91,1,815,300/300/300
1700000042.050000,1,300,300,116.49,24.53,0,815,300/300/300
1700000042.100000,1,300,300,116.52,24.10,0,815,300/300/300
1700000042.150000,1,300,300,116.57,71.96,1,815,300/300/300
1700000042.200000,1,300,300,116.58,25.85,0,815,300/300/300
1700000042.250000,1,300,300,116.61,23.88,0,815,300/300/300
1700000042.300000,1,300,300,116.65,73.41,1,827,300/300/300
1700000042.350000,1,300,300,116.70,24.79,0,827,300/300/300
1700000042.400000,1,300,300,116.73,23.17,0,827,300/300/300
1700000042.450000,1,300,300,116.76,74.74,1,838,300/300/300
1700000042.500000,1,300,300,116.79,25.54,0,838,300/300/300
1700000042.550000,1,300,300,116.83,25.93,0,838,300/300/300
1700000042.600000,1,300,300,116.86,84.68,1,840,300/300/300
1700000042.650000,1,300,300,116.90,24.76,0,840,300/300/300
1700000042.700000,1,300,300,116.95,25.11,0,840,300/300/300
1700000042.750000,1,300,300,117.00,74.74,1,860,300/300/300
1700000042.800000,1,300,300,117.07,25.44,0,860,300/300/300
1700000042.850000,1,300,300,117.14,23.97,0,860,300/300/300
1700000042.900000,1,300,300,117.10,77.31,1,878,300/300/300
1700000042.950000,1,300,300,117.07,26.00,0,878,300/300/300
1700000043.000000,1,300,300,117.03,24.54,0,878,300/300/300
1700000043.050000,1,300,300,116.98,78.14,1,886,300/300/300
1700000043.100000,1,300,300,116.92,26.23,0,886,300/300/300
1700000043.150000,1,300,300,116.87,24.65,0,886,300/300/300
1700000043.200000,1,300,300,116.82,80.94,1,895,300/300/300
1700000043.250000,1,300,300,116.79,27.63,0,895,300/300/300
1700000043.300000,1,300,300,116.74,26.70,0,895,300/300/300
1700000043.350000,1,300,300,116.69,117.46,1,909,300/300/300
1700000043.400000,1,300,300,116.66,25.22,0,909,300/300/300
1700000043.450000,1,300,300,116.62,26.40,0,909,300/300/300
1700000043.500000,1,300,300,116.58,80.23,1,911,300/300/300
1700000043.550000,1,300,300,116.55,24.93,0,911,300/300/300
1700000043.600000,1,300,300,116.56,24.92,0,911,300/300/300
1700000043.650000,1,300,300,116.60,122.39,1,915,300/300/300
1700000043.700000,1,300,300,116.65,26.08,0,915,300/300/300
1700000043.750000,1,300,300,116.70,25.45,0,915,300/300/300
1700000043.800000,1,300,300,116.80,82.44,1,906,300/300/300
1700000043.850000,1,300,300,116.87,26.99,0,906,300/300/300
1700000043.900000,1,300,300,116.97,26.62,0,906,300/300/300
1700000043.950000,1,300,300,117.08,138.15,1,911,300/300/300
1700000044.000000,1,300,300,117.19,24.49,0,911,300/300/300
1700000044.050000,1,300,300,117.31,28.34,0,911,300/300/300
1700000044.100000,1,300,300,117.44,86.69,1,903,300/300/300
1700000044.150000,1,300,300,117.56,25.56,0,903,300/300/300
1700000044.200000,1,300,300,117.72,25.57,0,903,300/300/300
1700000044.250000,1,300,300,117.86,99.45,1,912,300/300/300
1700000044.300000,1,300,300,118.00,26.05,0,912,300/300/300
1700000044.350000,1,300,300,118.16,24.72,0,912,300/300/300
1700000044.400000,1,300,300,118.31,90.05,1,894,300/300/300
1700000044.450000,1,300,300,118.45,24.74,0,894,300/300/300
1700000044.500000,1,300,300,118.58,24.00,0,894,300/300/300
1700000044.550000,1,300,300,118.73,100.52,1,926,300/300/300
1700000044.600000,1,300,300,118.88,25.78,0,926,300/300/300
1700000044.650000,1,300,300,119.04,25.74,0,926,300/300/300
1700000044.700000,1,300,300,119.22,94.12,1,938,300/300/300
1700000044.750000,1,300,300,119.39,24.90,0,938,300/300/300
1700000044.800000,1,300,300,119.57,25.48,0,938,300/300/300
1700000044.850000,1,300,300,119.68,91.18,1,942,300/300/300
1700000044.900000,1,300,300,119.78,25.66,0,942,300/300/300
1700000044.950000,1,300,300,119.91,24.61,0,942,300/300/300
1700000045.000000,1,300,300,120.02,127.66,1,951,300/300/300
1700000045.050000,1,300,300,120.14,26.29,0,951,300/300/300
1700000045.100000,1,300,300,120.25,24.67,0,951,300/300/300
1700000045.150000,1,300,300,120.35,112.72,1,957,300/300/300
1700000045.200000,1,300,300,120.46,24.76,0,957,300/300/300
1700000045.250000,1,300,300,120.55,24.39,0,957,300/300/300
1700000045.300000,1,300,300,120.65,80.11,1,968,300/300/300
1700000045.350000,1,300,300,120.76,25.37,0,968,300/300/300
1700000045.400000,1,300,300,120.84,24.87,0,968,300/300/300
1700000045.450000,1,300,300,120.93,80.53,1,974,300/300/300
1700000045.500000,1,300,300,120.99,26.57,0,974,300/300/300
1700000045.550000,1,300,300,121.09,23.92,0,974,300/300/300
1700000045.600000,1,300,300,121.15,83.27,1,984,300/300/300
1700000045.650000,1,300,300,121.21,25.75,0,984,300/300/300
1700000045.700000,1,300,300,121.24,26.01,0,984,300/300/300
1700000045.750000,1,300,300,121.24,85.18,1,986,300/300/300
1700000045.800000,1,300,300,121.22,25.94,0,986,300/300/300
1700000045.850000,1,300,300,121.23,25.64,0,986,300/300/300
1700000045.900000,1,300,300,121.20,141.10,1,995,300/300/300
1700000045.950000,1,300,300,121.16,27.01,0,995,300/300/300
1700000046.000000,1,300,300,121.11,25.43,0,995,300/300/300
1700000046.050000,1,300,300,121.06,122.80,1,1011,300/300/300
1700000046.100000,1,300,300,120.97,27.28,0,1011,300/300/300
1700000046.150000,1,300,300,120.82,26.13,0,1011,300/300/300
1700000046.200000,1,300,300,120.62,102.51,1,1027,300/300/300
1700000046.250000,1,300,300,120.43,26.99,0,1027,300/300/300
1700000046.300000,1,300,300,120.22,26.55,0,1027,300/300/300
1700000046.350000,1,300,300,119.97,216.79,1,1034,300/300/300
1700000046.400000,1,300,300,119.70,26.51,0,1034,300/300/300
1700000046.450000,1,300,300,119.47,26.10,0,1034,300/300/300
1700000046.500000,1,300,300,119.26,167.92,1,1047,300/300/300
1700000046.550000,1,300,300,119.01,27.02,0,1047,300/300/300
1700000046.600000,1,300,300,118.82,25.70,0,1047,300/300/300
1700000046.650000,1,300,300,118.75,122.05,1,1073,300/300/300
1700000046.700000,1,300,300,118.64,28.94,0,1073,300/300/300
1700000046.750000,1,300,300,118.52,24.41,0,1073,300/300/300
1700000046.800000,1,300,300,118.42,118.55,1,1080,300/300/300
1700000046.850000,1,300,300,118.30,25.25,0,1080,300/300/300
1700000046.900000,1,300,300,118.24,26.87,0,1080,300/300/300
1700000046.950000,1,300,300,118.19,113.86,1,1090,300/300/300
1700000047.000000,1,300,300,118.15,25.27,0,1090,300/300/300
1700000047.050000,1,300,300,118.08,24.57,0,1090,300/300/300
1700000047.100000,1,300,300,118.11,113.92,1,1110,300/300/300
1700000047.150000,1,300,300,118.20,25.96,0,1110,300/300/300
1700000047.200000,1,300,300,118.25,24.71,0,1110,300/300/300
1700000047.250000,1,300,300,118.29,115.14,1,1132,300/300/300
1700000047.300000,1,300,300,118.33,25.44,0,1132,300/300/300
1700000047.350000,1,300,300,118.34,24.63,0,1132,300/300/300
1700000047.400000,1,300,300,118.36,178.29,1,1135,300/300/300
1700000047.450000,1,300,300,118.32,26.69,0,1135,300/300/300
1700000047.500000,1,300,300,118.26,26.80,0,1135,300/300/300
1700000047.550000,1,300,300,118.18,124.55,1,1133,300/300/300
1700000047.600000,1,300,300,118.14,25.56,0,1133,300/300/300
1700000047.650000,1,300,300,118.11,25.11,0,1133,300/300/300
1700000047.700000,1,300,300,118.09,158.74,1,1147,300/300/300
1700000047.750000,1,300,300,118.07,26.37,0,1147,300/300/300
1700000047.800000,1,300,300,118.08,25.03,0,1147,300/300/300
1700000047.850000,1,300,300,118.07,122.02,1,1183,300/300/300
1700000047.900000,1,300,300,118.08,26.05,0,1183,300/300/300
1700000047.950000,1,300,300,118.10,24.64,0,1183,300/300/300
1700000048.000000,1,300,300,118.13,139.11,1,1187,300/300/300
1700000048.050000,1,300,300,118.15,25.13,0,1187,300/300/300
1700000048.100000,1,300,300,118.16,24.59,0,1187,300/300/300
1700000048.150000,1,300,300,118.20,144.17,1,1221,300/300/300
1700000048.200000,1,300,300,118.23,24.46,0,1221,300/300/300
1700000048.250000,1,300,300,118.27,23.99,0,1221,300/300/300
1700000048.300000,1,300,300,118.29,124.59,1,1208,300/300/300
1700000048.350000,1,300,300,118.34,24.45,0,1208,300/300/300
1700000048.400000,1,300,300,118.39,23.65,0,1208,300/300/300
1700000048.450000,1,300,300,118.40,178.02,1,1205,300/300/300
1700000048.500000,1,300,300,118.41,24.87,0,1205,300/300/300
1700000048.550000,1,300,300,118.43,23.09,0,1205,300/300/300
1700000048.600000,1,300,300,118.40,152.73,1,1176,300/300/300
1700000048.650000,1,300,300,118.37,23.60,0,1176,300/300/300
1700000048.700000,1,300,300,118.31,23.33,0,1176,300/300/300
1700000048.750000,1,300,300,118.26,138.14,1,1160,300/300/300
1700000048.800000,1,300,300,118.21,23.24,0,1160,300/300/300
1700000048.850000,1,300,300,118.13,24.03,0,1160,300/300/300
1700000048.900000,1,300,300,118.03,141.44,1,1158,300/300/300
1700000048.950000,1,300,300,117.95,24.33,0,1158,300/300/300
1700000049.000000,1,300,300,117.85,23.69,0,1158,300/300/300
1700000049.050000,1,300,300,117.74,172.73,1,1134,300/300/300
1700000049.100000,1,300,300,117.67,24.31,0,1134,300/300/300
1700000049.150000,1,300,300,117.57,22.69,0,1134,300/300/300
1700000049.200000,1,300,300,117.50,105.49,1,1133,300/300/300
1700000049.250000,1,300,300,117.43,25.20,0,1133,300/300/300
1700000049.300000,1,300,300,117.35,25.23,0,1133,300/300/300
1700000049.350000,1,300,300,117.29,152.95,1,1118,300/300/300
1700000049.400000,1,300,300,117.22,24.47,0,1118,300/300/300
1700000049.450000,1,300,300,117.14,22.29,0,1118,300/300/300
1700000049.500000,1,300,300,117.07,154.45,1,1100,300/300/300
1700000049.550000,1,300,300,117.00,25.54,0,1100,300/300/300
1700000049.600000,1,300,300,116.94,24.23,0,1100,300/300/300
1700000049.650000,1,300,300,116.88,160.34,1,1086,300/300/300
1700000049.700000,1,300,300,116.80,24.28,0,1086,300/300/300
1700000049.750000,1,300,300,116.72,25.41,0,1086,300/300/300
1700000049.800000,1,300,300,116.64,207.70,1,1064,300/300/300
1700000049.850000,1,300,300,116.57,24.50,0,1064,300/300/300
1700000049.900000,1,300,300,116.53,23.72,0,1064,300/300/300
1700000049.950000,1,300,300,116.46,208.42,1,1044,300/300/300
1700000050.000000,1,300,300,116.40,24.88,0,1044,300/300/300
1700000050.050000,1,300,300,116.33,22.38,0,1044,300/300/300
1700000050.100000,1,300,300,116.27,119.33,1,1022,300/300/300
1700000050.150000,1,300,300,116.22,23.45,0,1022,300/300/300
1700000050.200000,1,300,300,116.15,23.16,0,1022,300/300/300
1700000050.250000,1,300,300,116.10,225.29,1,988,300/300/300
1700000050.300000,1,300,300,116.05,25.22,0,988,300/300/300
1700000050.350000,1,300,300,116.00,23.93,0,988,300/300/300
1700000050.400000,1,300,300,115.97,200.52,1,967,300/300/300
1700000050.450000,1,300,300,115.92,23.75,0,967,300/300/300
1700000050.500000,1,300,300,115.88,23.92,0,967,300/300/300
1700000050.550000,1,300,300,115.84,173.46,1,959,300/300/300
1700000050.600000,1,300,300,115.80,26.24,0,959,300/300/300
1700000050.650000,1,300,300,115.78,23.94,0,959,300/300/300
1700000050.700000,1,300,300,115.74,175.73,1,926,300/300/300
1700000050.750000,1,300,300,115.71,24.81,0,926,300/300/300
1700000050.800000,1,300,300,115.70,24.67,0,926,300/300/300
1700000050.850000,1,300,300,115.65,194.68,1,893,300/300/300
1700000050.900000,1,300,300,115.63,31.29,0,893,300/300/300
1700000050.950000,1,300,300,115.60,30.09,0,893,300/300/300
1700000051.000000,1,300,300,115.58,166.46,1,876,300/300/300
1700000051.050000,1,300,300,115.55,26.35,0,876,300/300/300
1700000051.100000,1,300,300,115.54,24.07,0,876,300/300/300
1700000051.150000,1,300,300,115.49,153.59,1,869,300/300/300
1700000051.200000,1,300,300,115.47,24.33,0,869,300/300/300
1700000051.250000,1,300,300,115.44,23.53,0,869,300/300/300
1700000051.300000,1,300,300,115.39,176.51,1,855,300/300/300
1700000051.350000,1,300,300,115.36,23.92,0,855,300/300/300
1700000051.400000,1,300,300,115.28,23.15,0,855,300/300/300
1700000051.450000,1,300,300,115.22,173.70,1,847,300/300/300
1700000051.500000,1,300,300,115.12,24.00,0,847,300/300/300
1700000051.550000,1,300,300,115.05,23.86,0,847,300/300/300
1700000051.600000,1,300,300,114.94,144.20,1,837,300/300/300
1700000051.650000,1,300,300,114.85,25.29,0,837,300/300/300
1700000051.700000,1,300,300,114.72,23.82,0,837,300/300/300
1700000051.750000,1,300,300,114.59,80.44,1,830,300/300/300
1700000051.800000,1,300,300,114.45,24.94,0,830,300/300/300
1700000051.850000,1,300,300,114.33,24.05,0,830,300/300/300
1700000051.900000,1,300,300,114.19,116.70,1,818,300/300/300
1700000051.950000,1,300,300,114.05,23.85,0,818,300/300/300
1700000052.000000,1,300,300,113.92,26.08,0,818,300/300/300
1700000052.050000,1,300,300,113.83,139.14,1,820,300/300/300
1700000052.100000,1,300,300,113.81,24.22,0,820,300/300/300
1700000052.150000,1,300,300,113.73,24.04,0,820,300/300/300
1700000052.200000,1,300,300,113.62,97.56,1,794,300/300/300
1700000052.250000,1,300,300,113.35,26.84,0,794,300/300/300
1700000052.300000,1,300,300,113.01,25.22,0,794,300/300/300
1700000052.350000,1,300,300,112.52,92.29,1,788,300/300/300
1700000052.400000,1,300,300,112.08,25.86,0,788,300/300/300
1700000052.450000,1,300,300,111.36,25.94,0,788,300/300/300
1700000052.500000,1,300,300,110.58,100.31,1,799,300/300/300
1700000052.550000,1,300,300,109.46,25.03,0,799,300/300/300
1700000052.600000,1,300,300,108.00,25.56,0,799,300/300/300
1700000052.650000,1,300,300,106.82,96.00,1,819,300/300/300
1700000052.700000,1,300,300,105.70,25.46,0,819,300/300/300
1700000052.750000,1,300,300,105.74,24.38,0,819,300/300/300
1700000052.800000,1,300,300,108.35,88.82,1,845,300/300/300
1700000052.850000,1,300,300,110.18,26.93,0,845,300/300/300
1700000052.900000,1,300,300,110.87,25.31,0,845,300/300/300
1700000052.950000,1,300,300,111.84,92.48,1,885,300/300/300
1700000053.000000,1,300,300,112.87,24.90,0,885,300/300/300
1700000053.050000,1,300,300,113.53,23.67,0,885,300/300/300
1700000053.100000,1,300,300,113.92,96.96,1,935,300/300/300
1700000053.150000,1,300,300,114.03,24.82,0,935,300/300/300
1700000053.200000,1,300,300,114.04,23.67,0,935,300/300/300
1700000053.250000,1,300,300,114.01,83.64,1,937,300/300/300
1700000053.300000,1,300,300,113.95,27.72,0,937,300/300/300
1700000053.350000,1,300,300,113.87,26.31,0,937,300/300/300
1700000053.400000,1,300,300,113.73,88.61,1,941,300/300/300
1700000053.450000,1,300,300,113.61,25.54,0,941,300/300/300
1700000053.500000,1,300,300,113.53,25.74,0,941,300/300/300
1700000053.550000,1,300,300,113.45,88.42,1,953,300/300/300
1700000053.600000,1,300,300,113.38,25.74,0,953,300/300/300
1700000053.650000,1,300,300,113.33,23.49,0,953,300/300/300
1700000053.700000,1,300,300,113.29,111.12,1,975,300/300/300
1700000053.750000,1,300,300,113.23,24.92,0,975,300/300/300
1700000053.800000,1,300,300,113.20,24.78,0,975,300/300/300
1700000053.850000,1,300,300,113.14,87.70,1,983,300/300/300
1700000053.900000,1,300,300,113.09,24.72,0,983,300/300/300
1700000053.950000,1,300,300,113.06,23.45,0,983,300/300/300
1700000054.000000,1,300,300,113.02,75.13,1,1014,300/300/300
1700000054.050000,1,300,300,112.98,24.94,0,1014,300/300/300
1700000054.100000,1,300,300,112.94,24.45,0,1014,300/300/300
1700000054.150000,1,300,300,112.92,116.76,1,1004,300/300/300
1700000054.200000,1,300,300,112.90,25.44,0,1004,300/300/300
1700000054.250000,1,300,300,112.85,24.77,0,1004,300/300/300
1700000054.300000,1,300,300,112.83,116.11,1,1017,300/300/300
1700000054.350000,1,300,300,112.82,24.98,0,1017,300/300/300
1700000054.400000,1,300,300,112.79,25.20,0,1017,300/300/300
1700000054.450000,1,300,300,112.80,76.79,1,1031,300/300/300
1700000054.500000,1,300,300,112.80,26.01,0,1031,300/300/300
1700000054.550000,1,300,300,112.81,26.51,0,1031,300/300/300
1700000054.600000,1,300,300,112.81,118.18,1,1017,300/300/300
1700000054.650000,1,300,300,112.82,26.40,0,1017,300/300/300
1700000054.700000,1,300,300,112.84,26.27,0,1017,300/300/300
1700000054.750000,1,300,300,112.85,97.58,1,1024,300/300/300
1700000054.800000,1,300,300,112.87,24.53,0,1024,300/300/300
1700000054.850000,1,300,300,112.90,23.92,0,1024,300/300/300
1700000054.900000,1,300,300,112.90,105.30,1,1034,300/300/300
1700000054.950000,1,300,300,112.94,27.11,0,1034,300/300/300
1700000055.000000,1,300,300,112.97,25.01,0,1034,300/300/300
1700000055.050000,1,300,300,113.00,102.56,1,1023,300/300/300
1700000055.100000,1,300,300,113.02,25.86,0,1023,300/300/300
1700000055.150000,1,300,300,113.05,24.94,0,1023,300/300/300
1700000055.200000,1,300,300,113.09,121.99,1,1003,300/300/300
1700000055.250000,1,300,300,113.12,24.61,0,1003,300/300/300
1700000055.300000,1,300,300,113.16,22.41,0,1003,300/300/300
1700000055.350000,1,300,300,113.20,120.54,1,997,300/300/300
1700000055.400000,1,300,300,113.22,25.83,0,997,300/300/300
1700000055.450000,1,300,300,113.25,25.51,0,997,300/300/300
1700000055.500000,1,300,300,113.30,117.66,1,991,300/300/300
1700000055.550000,1,300,300,113.34,24.35,0,991,300/300/300
1700000055.600000,1,300,300,113.37,25.30,0,991,300/300/300
1700000055.650000,1,300,300,113.41,84.42,1,991,300/300/300
1700000055.700000,1,300,300,113.44,24.79,0,991,300/300/300
1700000055.750000,1,300,300,113.47,24.42,0,991,300/300/300
1700000055.800000,1,300,300,113.50,79.60,1,967,300/300/300
1700000055.850000,1,300,300,113.54,23.88,0,967,300/300/300
1700000055.900000,1,300,300,113.57,24.14,0,967,300/300/300
1700000055.950000,1,300,300,113.61,78.86,1,951,300/300/300
1700000056.000000,1,300,300,113.67,24.27,0,951,300/300/300
1700000056.050000,1,300,300,113.70,23.38,0,951,300/300/300
1700000056.100000,1,300,300,113.73,78.82,1,932,300/300/300
1700000056.150000,1,300,300,113.77,23.33,0,932,300/300/300
1700000056.200000,1,300,300,113.78,24.15,0,932,300/300/300
1700000056.250000,1,300,300,113.80,77.11,1,918,300/300/300
1700000056.300000,1,300,300,113.83,30.06,0,918,300/300/300
1700000056.350000,1,300,300,113.84,23.02,0,918,300/300/300
1700000056.400000,1,300,300,113.87,119.79,1,901,300/300/300
1700000056.450000,1,300,300,113.88,25.50,0,901,300/300/300
1700000056.500000,1,300,300,113.91,25.02,0,901,300/300/300
1700000056.550000,1,300,300,113.91,129.59,1,876,300/300/300
1700000056.600000,1,300,300,113.93,24.15,0,876,300/300/300
1700000056.650000,1,300,300,113.96,24.29,0,876,300/300/300
1700000056.700000,1,300,300,113.96,128.45,1,851,300/300/300
1700000056.750000,1,300,300,113.94,23.74,0,851,300/300/300
1700000056.800000,1,300,300,113.95,23.35,0,851,300/300/300
1700000056.850000,1,300,300,113.91,93.57,1,838,300/300/300
1700000056.900000,1,300,300,113.93,24.48,0,838,300/300/300
1700000056.950000,1,300,300,113.88,23.76,0,838,300/300/300
1700000057.000000,1,300,300,113.87,114.90,1,792,300/300/300
1700000057.050000,1,300,300,113.85,24.57,0,792,300/300/300
1700000057.100000,1,300,300,113.82,23.35,0,792,300/300/300
1700000057.150000,1,300,300,113.78,110.16,1,774,300/300/300
1700000057.200000,1,300,300,113.75,24.07,0,774,300/300/300
1700000057.250000,1,300,300,113.72,24.20,0,774,300/300/300
1700000057.300000,1,300,300,113.67,107.41,1,783,300/300/300
1700000057.350000,1,300,300,113.63,24.85,0,783,300/300/300
1700000057.400000,1,300,300,113.58,24.42,0,783,300/300/300
1700000057.450000,1,300,300,113.51,74.75,1,788,300/300/300
1700000057.500000,1,300,300,113.45,24.77,0,788,300/300/300
1700000057.550000,1,300,300,113.40,24.07,0,788,300/300/300
1700000057.600000,1,300,300,113.33,108.74,1,784,300/300/300
1700000057.650000,1,300,300,113.26,24.51,0,784,300/300/300
1700000057.700000,1,300,300,113.21,23.64,0,784,300/300/300
1700000057.750000,1,300,300,113.14,83.59,1,775,300/300/300
1700000057.800000,1,300,300,113.08,24.32,0,775,300/300/300
1700000057.850000,1,300,300,113.02,24.08,0,775,300/300/300
1700000057.900000,1,300,300,112.95,108.97,1,794,300/300/300
1700000057.950000,1,300,300,112.89,24.16,0,794,300/300/300
1700000058.000000,1,300,300,112.83,23.92,0,794,300/300/300
1700000058.050000,1,300,300,112.79,106.95,1,785,300/300/300
1700000058.100000,1,300,300,112.71,23.76,0,785,300/300/300
1700000058.150000,1,300,300,112.63,25.56,0,785,300/300/300
1700000058.200000,1,300,300,112.58,81.93,1,799,300/300/300
1700000058.250000,1,300,300,112.53,25.50,0,799,300/300/300
1700000058.300000,1,300,300,112.49,24.40,0,799,300/300/300
1700000058.350000,1,300,300,112.44,100.03,1,803,300/300/300
1700000058.400000,1,300,300,112.41,25.73,0,803,300/300/300
1700000058.450000,1,300,300,112.37,25.28,0,803,300/300/300
1700000058.500000,1,300,300,112.35,115.14,1,796,300/300/300
1700000058.550000,1,300,300,112.32,25.69,0,796,300/300/300
1700000058.600000,1,300,300,112.30,25.09,0,796,300/300/300
1700000058.650000,1,300,300,112.27,124.86,1,801,300/300/300
1700000058.700000,1,300,300,112.24,24.68,0,801,300/300/300
1700000058.750000,1,300,300,112.20,23.87,0,801,300/300/300
1700000058.800000,1,300,300,112.19,113.38,1,814,300/300/300
1700000058.850000,1,300,300,112.15,26.06,0,814,300/300/300
1700000058.900000,1,300,300,112.10,25.00,0,814,300/300/300
1700000058.950000,1,300,300,112.06,134.81,1,811,300/300/300
1700000059.000000,1,300,300,112.02,25.61,0,811,300/300/300
1700000059.050000,1,300,300,111.99,25.20,0,811,300/300/300
1700000059.100000,1,300,300,111.95,75.03,1,812,300/300/300
1700000059.150000,1,300,300,111.90,26.33,0,812,300/300/300
1700000059.200000,1,300,300,111.87,24.95,0,812,300/300/300
1700000059.250000,1,300,300,111.82,86.78,1,815,300/300/300
1700000059.300000,1,300,300,111.80,26.07,0,815,300/300/300
1700000059.350000,1,300,300,111.78,26.38,0,815,300/300/300
1700000059.400000,1,300,300,111.75,77.32,1,810,300/300/300
1700000059.450000,1,300,300,111.72,25.53,0,810,300/300/300
1700000059.500000,1,300,300,111.71,25.16,0,810,300/300/300
1700000059.550000,1,300,300,111.66,75.94,1,828,300/300/300
1700000059.600000,1,300,300,111.65,26.00,0,828,300/300/300
1700000059.650000,1,300,300,111.63,24.03,0,828,300/300/300
1700000059.700000,1,300,300,111.59,75.01,1,830,300/300/300
1700000059.750000,1,300,300,111.57,26.05,0,830,300/300/300
1700000059.800000,1,300,300,111.53,24.68,0,830,300/300/300
1700000059.850000,1,300,300,111.51,83.47,1,841,300/300/300
1700000059.900000,1,300,300,111.49,25.25,0,841,300/300/300
1700000059.950000,1,300,300,111.45,23.32,0,841,300/300/300
1700000060.000000,1,300,300,111.43,147.23,1,844,300/300/300
1700000060.050000,1,300,300,111.41,23.90,0,844,300/300/300
1700000060.100000,1,300,300,111.38,23.54,0,844,300/300/300
1700000060.150000,1,300,300,111.36,75.55,1,851,300/300/300
1700000060.200000,1,300,300,111.33,24.58,0,851,300/300/300
1700000060.250000,1,300,300,111.31,24.06,0,851,300/300/300
1700000060.300000,1,300,300,111.29,117.79,1,859,300/300/300
1700000060.350000,1,300,300,111.26,23.75,0,859,300/300/300
1700000060.400000,1,300,300,111.24,24.24,0,859,300/300/300
1700000060.450000,1,300,300,111.20,123.32,1,870,300/300/300
1700000060.500000,1,300,300,111.17,28.42,0,870,300/300/300
1700000060.550000,1,300,300,111.13,25.11,0,870,300/300/300
1700000060.600000,1,300,300,111.11,126.10,1,871,300/300/300
1700000060.650000,1,300,300,111.07,24.65,0,871,300/300/300
1700000060.700000,1,300,300,111.03,23.90,0,871,300/300/300
1700000060.750000,1,300,300,111.00,154.26,1,867,300/300/300
1700000060.800000,1,300,300,110.95,24.08,0,867,300/300/300
1700000060.850000,1,300,300,110.93,25.04,0,867,300/300/300
1700000060.900000,1,300,300,110.89,172.20,1,869,300/300/300
1700000060.950000,1,300,300,110.85,24.66,0,869,300/300/300
1700000061.000000,1,300,300,110.82,24.55,0,869,300/300/300
1700000061.050000,1,300,300,110.78,139.94,1,865,300/300/300
1700000061.100000,1,300,300,110.77,25.59,0,865,300/300/300
1700000061.150000,1,300,300,110.73,25.13,0,865,300/300/300
1700000061.200000,1,300,300,110.71,101.12,1,844,300/300/300
1700000061.250000,1,300,300,110.68,26.58,0,844,300/300/300
1700000061.300000,1,300,300,110.67,26.99,0,844,300/300/300
1700000061.350000,1,300,300,110.65,165.49,1,842,300/300/300
1700000061.400000,1,300,300,110.64,25.34,0,842,300/300/300
1700000061.450000,1,300,300,110.65,24.61,0,842,300/300/300
1700000061.500000,1,300,300,110.65,106.69,1,850,300/300/300
1700000061.550000,1,300,300,110.65,25.57,0,850,300/300/300
1700000061.600000,1,300,300,110.66,26.31,0,850,300/300/300
1700000061.650000,1,300,300,110.67,136.83,1,853,300/300/300
1700000061.700000,1,300,300,110.70,25.14,0,853,300/300/300
1700000061.750000,1,300,300,110.72,24.27,0,853,300/300/300
1700000061.800000,1,300,300,110.74,138.39,1,851,300/300/300
1700000061.850000,1,300,300,110.78,24.54,0,851,300/300/300
1700000061.900000,1,300,300,110.82,24.53,0,851,300/300/300
1700000061.950000,1,300,300,110.86,132.95,1,833,300/300/300
1700000062.000000,1,300,300,110.90,27.17,0,833,300/300/300
1700000062.050000,1,300,300,110.97,26.47,0,833,300/300/300
1700000062.100000,1,300,300,111.02,133.06,1,829,300/300/300
1700000062.150000,1,300,300,111.09,24.61,0,829,300/300/300
1700000062.200000,1,300,300,111.16,23.72,0,829,300/300/300
1700000062.250000,1,300,300,111.25,162.34,1,842,300/300/300
1700000062.300000,1,300,300,111.34,24.30,0,842,300/300/300
1700000062.350000,1,300,300,111.45,23.91,0,842,300/300/300
1700000062.400000,1,300,300,111.56,128.50,1,844,300/300/300
1700000062.450000,1,300,300,111.71,25.36,0,844,300/300/300
1700000062.500000,1,300,300,111.85,24.92,0,844,300/300/300
1700000062.550000,1,300,300,112.02,128.60,1,852,300/300/300
1700000062.600000,1,300,300,112.19,23.85,0,852,300/300/300
1700000062.650000,1,300,300,112.36,24.44,0,852,300/300/300
1700000062.700000,1,300,300,112.54,129.03,1,871,300/300/300
1700000062.750000,1,300,300,112.71,24.89,0,871,300/300/300
1700000062.800000,1,300,300,112.91,24.48,0,871,300/300/300
1700000062.850000,1,300,300,113.03,139.38,1,869,300/300/300
1700000062.900000,1,300,300,112.76,24.67,0,869,300/300/300
1700000062.950000,1,300,300,112.06,24.55,0,869,300/300/300
1700000063.000000,1,300,300,112.66,126.69,1,880,300/300/300
1700000063.050000,1,300,300,113.54,25.98,0,880,300/300/300
1700000063.100000,1,300,300,114.09,26.60,0,880,300/300/300
1700000063.150000,1,300,300,114.88,122.55,1,913,300/300/300
1700000063.200000,1,300,300,115.71,26.50,0,913,300/300/300
1700000063.250000,1,300,300,116.01,24.49,0,913,300/300/300
1700000063.300000,1,300,300,116.47,124.89,1,929,300/300/300
1700000063.350000,1,300,300,117.17,25.51,0,929,300/300/300
1700000063.400000,1,300,300,117.97,24.94,0,929,300/300/300
1700000063.450000,1,300,300,118.81,138.80,1,943,300/300/300
1700000063.500000,1,300,300,119.24,25.17,0,943,300/300/300
1700000063.550000,1,300,300,118.30,24.38,0,943,300/300/300
1700000063.600000,1,300,300,116.64,137.11,1,948,300/300/300
1700000063.650000,1,300,300,115.89,25.97,0,948,300/300/300
1700000063.700000,1,300,300,115.82,24.59,0,948,300/300/300
1700000063.750000,1,300,300,115.86,113.68,1,969,300/300/300
1700000063.800000,1,300,300,115.49,25.22,0,969,300/300/300
1700000063.850000,1,300,300,114.57,24.08,0,969,300/300/300
1700000063.900000,1,300,300,115.22,77.87,1,974,300/300/300
1700000063.950000,1,300,300,116.28,24.36,0,974,300/300/300
1700000064.000000,1,300,300,115.47,23.82,0,974,300/300/300
1700000064.050000,1,300,300,114.84,110.60,1,997,300/300/300
1700000064.100000,1,300,300,114.47,24.43,0,997,300/300/300
1700000064.150000,1,300,300,113.37,24.82,0,997,300/300/300
1700000064.200000,1,300,300,112.94,81.88,1,1000,300/300/300
1700000064.250000,1,300,300,113.11,25.23,0,1000,300/300/300
1700000064.300000,1,300,300,112.53,24.52,0,1000,300/300/300
1700000064.350000,1,300,300,111.10,81.63,1,1011,300/300/300
1700000064.400000,1,300,300,106.58,27.02,0,1011,300/300/300
1700000064.450000,1,300,300,105.48,24.52,0,1011,300/300/300
1700000064.500000,1,300,300,104.91,83.30,1,1009,300/300/300
1700000064.550000,1,300,300,104.48,25.15,0,1009,300/300/300
1700000064.600000,1,300,300,104.24,24.93,0,1009,300/300/300
1700000064.650000,1,300,300,104.16,84.40,1,1045,300/300/300
1700000064.700000,1,300,300,104.42,24.85,0,1045,300/300/300
1700000064.750000,1,300,300,104.69,25.18,0,1045,300/300/300
1700000064.800000,1,300,300,105.00,87.56,1,1053,300/300/300
1700000064.850000,1,300,300,105.29,25.89,0,1053,300/300/300
1700000064.900000,1,300,300,105.58,24.14,0,1053,300/300/300
1700000064.950000,1,300,300,105.83,139.08,1,1058,300/300/300
1700000065.000000,1,300,300,106.05,26.50,0,1058,300/300/300
1700000065.050000,1,300,300,106.18,24.93,0,1058,300/300/300
1700000065.100000,1,300,300,106.28,145.11,1,1064,300/300/300
1700000065.150000,1,300,300,106.41,25.30,0,1064,300/300/300
1700000065.200000,1,300,300,106.52,25.29,0,1064,300/300/300
1700000065.250000,1,300,300,106.67,139.64,1,1071,300/300/300
1700000065.300000,1,300,300,106.89,24.32,0,1071,300/300/300
1700000065.350000,1,300,300,107.26,25.70,0,1071,300/300/300
1700000065.400000,1,300,300,107.64,116.90,1,1076,300/300/300
1700000065.450000,1,300,300,108.11,25.23,0,1076,300/300/300
1700000065.500000,1,300,300,108.60,25.38,0,1076,300/300/300
1700000065.550000,1,300,300,109.31,92.05,1,1096,300/300/300
1700000065.600000,1,300,300,110.35,25.11,0,1096,300/300/300
1700000065.650000,1,300,300,111.27,24.19,0,1096,300/300/300
1700000065.700000,1,300,300,110.96,123.63,1,1104,300/300/300
1700000065.750000,1,300,300,110.21,26.69,0,1104,300/300/300
1700000065.800000,1,300,300,109.15,25.65,0,1104,300/300/300
1700000065.850000,1,300,300,108.36,89.83,1,1119,300/300/300
1700000065.900000,1,300,300,108.17,25.73,0,1119,300/300/300
1700000065.950000,1,300,300,108.31,24.54,0,1119,300/300/300
1700000066.000000,1,300,300,108.34,91.11,1,1140,300/300/300
1700000066.050000,1,300,300,108.39,24.38,0,1140,300/300/300
1700000066.100000,1,300,300,108.55,23.32,0,1140,300/300/300
1700000066.150000,1,300,300,108.76,92.76,1,1134,300/300/300
1700000066.200000,1,300,300,108.94,24.86,0,1134,300/300/300
1700000066.250000,1,300,300,109.13,23.87,0,1134,300/300/300
1700000066.300000,1,300,300,109.30,120.79,1,1116,300/300/300
1700000066.350000,1,300,300,109.47,23.80,0,1116,300/300/300
1700000066.400000,1,300,300,109.64,23.96,0,1116,300/300/300
1700000066.450000,1,300,300,109.77,91.92,1,1114,300/300/300
1700000066.500000,1,300,300,109.94,23.49,0,1114,300/300/300
1700000066.550000,1,300,300,110.07,24.18,0,1114,300/300/300
1700000066.600000,1,300,300,110.21,109.94,1,1094,300/300/300
1700000066.650000,1,300,300,110.36,24.17,0,1094,300/300/300
1700000066.700000,1,300,300,110.48,24.30,0,1094,300/300/300
1700000066.750000,1,300,300,110.61,140.65,1,1077,300/300/300
1700000066.800000,1,300,300,110.73,24.43,0,1077,300/300/300
1700000066.850000,1,300,300,110.85,22.74,0,1077,300/300/300
1700000066.900000,1,300,300,110.96,149.40,1,1067,300/300/300
1700000066.950000,1,300,300,111.08,24.51,0,1067,300/300/300
1700000067.000000,1,300,300,111.17,23.88,0,1067,300/300/300
1700000067.050000,1,300,300,111.26,107.80,1,1047,300/300/300
1700000067.100000,1,300,300,111.34,25.20,0,1047,300/300/300
1700000067.150000,1,300,300,111.42,23.17,0,1047,300/300/300
1700000067.200000,1,300,300,111.50,131.82,1,1023,300/300/300
1700000067.250000,1,300,300,111.55,31.04,0,1023,300/300/300
1700000067.300000,1,300,300,111.63,31.40,0,1023,300/300/300
1700000067.350000,1,300,300,111.69,113.59,1,1020,300/300/300
1700000067.400000,1,300,300,111.73,32.57,0,1020,300/300/300
1700000067.450000,1,300,300,111.77,25.86,0,1020,300/300/300
1700000067.500000,1,300,300,111.82,98.77,1,1018,300/300/300
1700000067.550000,1,300,300,111.84,25.61,0,1018,300/300/300
1700000067.600000,1,300,300,111.88,23.98,0,1018,300/300/300
1700000067.650000,1,300,300,111.90,133.95,1,991,300/300/300
1700000067.700000,1,300,300,111.92,24.04,0,991,300/300/300
1700000067.750000,1,300,300,111.96,23.85,0,991,300/300/300
1700000067.800000,1,300,300,111.98,132.83,1,964,300/300/300
1700000067.850000,1,300,300,111.98,24.55,0,964,300/300/300
1700000067.900000,1,300,300,111.99,23.15,0,964,300/300/300
1700000067.950000,1,300,300,112.01,81.93,1,954,300/300/300
1700000068.000000,1,300,300,112.03,23.93,0,954,300/300/300
1700000068.050000,1,300,300,112.02,23.86,0,954,300/300/300
1700000068.100000,1,300,300,112.02,129.41,1,922,300/300/300
1700000068.150000,1,300,300,112.03,23.89,0,922,300/300/300
1700000068.200000,1,300,300,112.03,24.22,0,922,300/300/300
1700000068.250000,1,300,300,112.02,131.72,1,921,300/300/300
1700000068.300000,1,300,300,112.04,23.02,0,921,300/300/300
1700000068.350000,1,300,300,112.01,22.79,0,921,300/300/300
1700000068.400000,1,300,300,112.01,132.82,1,907,300/300/300
1700000068.450000,1,300,300,112.00,24.02,0,907,300/300/300
1700000068.500000,1,300,300,111.99,24.16,0,907,300/300/300
1700000068.550000,1,300,300,111.98,138.92,1,893,300/300/300
1700000068.600000,1,300,300,111.97,24.18,0,893,300/300/300
1700000068.650000,1,300,300,111.96,23.88,0,893,300/300/300
1700000068.700000,1,300,300,111.94,144.61,1,856,300/300/300
1700000068.750000,1,300,300,111.93,22.55,0,856,300/300/300
1700000068.800000,1,300,300,111.91,24.22,0,856,300/300/300
1700000068.850000,1,300,300,111.91,93.89,1,865,300/300/300
1700000068.900000,1,300,300,111.88,24.23,0,865,300/300/300
1700000068.950000,1,300,300,111.86,22.84,0,865,300/300/300
1700000069.000000,1,300,300,111.86,130.92,1,863,300/300/300
1700000069.050000,1,300,300,111.83,23.34,0,863,300/300/300
1700000069.100000,1,300,300,111.81,22.58,0,863,300/300/300
1700000069.150000,1,300,300,111.79,131.57,1,850,300/300/300
1700000069.200000,1,300,300,111.77,22.85,0,850,300/300/300
1700000069.250000,1,300,300,111.75,23.52,0,850,300/300/300
1700000069.300000,1,300,300,111.75,132.77,1,829,300/300/300
1700000069.350000,1,300,300,111.74,22.59,0,829,300/300/300
1700000069.400000,1,300,300,111.71,23.54,0,829,300/300/300
1700000069.450000,1,300,300,111.69,140.59,1,807,300/300/300
1700000069.500000,1,300,300,111.68,23.42,0,807,300/300/300
1700000069.550000,1,300,300,111.65,22.91,0,807,300/300/300
1700000069.600000,1,300,300,111.65,110.70,1,764,300/300/300
1700000069.650000,1,300,300,111.63,22.52,0,764,300/300/300
1700000069.700000,1,300,300,111.62,22.83,0,764,300/300/300
1700000069.750000,1,300,300,111.61,123.78,1,741,300/300/300
1700000069.800000,1,300,300,111.59,22.77,0,741,300/300/300
1700000069.850000,1,300,300,111.60,22.88,0,741,300/300/300
1700000069.900000,1,300,300,111.57,98.38,1,715,300/300/300
1700000069.950000,1,300,300,111.57,23.86,0,715,300/300/300
1700000070.000000,1,300,300,111.57,22.48,0,715,300/300/300
1700000070.050000,1,300,300,111.57,111.45,1,696,300/300/300
1700000070.100000,1,300,300,111.56,22.53,0,696,300/300/300
1700000070.150000,1,300,300,111.55,22.53,0,696,300/300/300
1700000070.200000,1,300,300,111.55,109.08,1,693,300/300/300
1700000070.250000,1,300,300,111.55,23.34,0,693,300/300/300
1700000070.300000,1,300,300,111.54,21.94,0,693,300/300/300
1700000070.350000,1,300,300,111.54,107.28,1,676,300/300/300
1700000070.400000,1,300,300,111.54,22.89,0,676,300/300/300
1700000070.450000,1,300,300,111.54,22.36,0,676,300/300/300
1700000070.500000,1,300,300,111.54,111.58,1,658,300/300/300
1700000070.550000,1,300,300,111.55,21.64,0,658,300/300/300
1700000070.600000,1,300,300,111.54,21.32,0,658,300/300/300
1700000070.650000,1,300,300,111.55,91.22,1,654,300/300/300
1700000070.700000,1,300,300,111.56,21.77,0,654,300/300/300
1700000070.750000,1,300,300,111.56,22.14,0,654,300/300/300
1700000070.800000,1,300,300,111.57,117.82,1,631,300/300/300
1700000070.850000,1,300,300,111.59,24.78,0,631,300/300/300
1700000070.900000,1,300,300,111.58,21.50,0,631,300/300/300
1700000070.950000,1,300,300,111.60,119.49,1,617,300/300/300
1700000071.000000,1,300,300,111.60,22.60,0,617,300/300/300
1700000071.050000,1,300,300,111.63,22.86,0,617,300/300/300
1700000071.100000,1,300,300,111.61,117.65,1,603,300/300/300
1700000071.150000,1,300,300,111.63,22.84,0,603,300/300/300
1700000071.200000,1,300,300,111.64,22.36,0,603,300/300/300
1700000071.250000,1,300,300,111.64,107.53,1,584,300/300/300
1700000071.300000,1,300,300,111.66,22.91,0,584,300/300/300
1700000071.350000,1,300,300,111.67,22.73,0,584,300/300/300
1700000071.400000,1,300,300,111.67,111.09,1,561,300/300/300
1700000071.450000,1,300,300,111.67,22.65,0,561,300/300/300
1700000071.500000,1,300,300,111.69,22.22,0,561,300/300/300
1700000071.550000,1,300,300,111.70,73.84,1,546,300/300/300
1700000071.600000,1,300,300,111.71,24.43,0,546,300/300/300
1700000071.650000,1,300,300,111.71,22.65,0,546,300/300/300
1700000071.700000,1,300,300,111.74,92.60,1,549,300/300/300
1700000071.750000,1,300,300,111.75,23.63,0,549,300/300/300
1700000071.800000,1,300,300,111.74,22.10,0,549,300/300/300
1700000071.850000,1,300,300,111.76,91.12,1,545,300/300/300
1700000071.900000,1,300,300,111.77,23.13,0,545,300/300/300
1700000071.950000,1,300,300,111.79,22.70,0,545,300/300/300
1700000072.000000,1,300,300,111.78,96.71,1,532,300/300/300
1700000072.050000,1,300,300,111.80,23.24,0,532,300/300/300
1700000072.100000,1,300,300,111.80,22.28,0,532,300/300/300
1700000072.150000,1,300,300,111.80,88.96,1,538,300/300/300
1700000072.200000,1,300,300,111.80,24.01,0,538,300/300/300
1700000072.250000,1,300,300,111.83,22.46,0,538,300/300/300
1700000072.300000,1,300,300,111.81,103.43,1,541,300/300/300
1700000072.350000,1,300,300,111.82,22.45,0,541,300/300/300
1700000072.400000,1,300,300,111.82,22.35,0,541,300/300/300
1700000072.450000,1,300,300,111.83,102.34,1,541,300/300/300
1700000072.500000,1,300,300,111.83,23.32,0,541,300/300/300
1700000072.550000,1,300,300,111.81,22.96,0,541,300/300/300
1700000072.600000,1,300,300,111.83,66.43,1,540,300/300/300
1700000072.650000,1,300,300,111.81,23.21,0,540,300/300/300
1700000072.700000,1,300,300,111.82,22.61,0,540,300/300/300
1700000072.750000,1,300,300,111.80,111.87,1,550,300/300/300
1700000072.800000,1,300,300,111.80,23.07,0,550,300/300/300
1700000072.850000,1,300,300,111.78,22.70,0,550,300/300/300
1700000072.900000,1,300,300,111.77,103.91,1,543,300/300/300
1700000072.950000,1,300,300,111.77,24.18,0,543,300/300/300
1700000073.000000,1,300,300,111.75,23.19,0,543,300/300/300
1700000073.050000,1,300,300,111.75,100.59,1,556,300/300/300
1700000073.100000,1,300,300,111.72,24.01,0,556,300/300/300
1700000073.150000,1,300,300,111.70,22.58,0,556,300/300/300
1700000073.200000,1,300,300,111.70,109.46,1,561,300/300/300
1700000073.250000,1,300,300,111.67,32.79,0,561,300/300/300
1700000073.300000,1,300,300,111.65,28.47,0,561,300/300/300
1700000073.350000,1,300,300,111.64,103.45,1,572,300/300/300
1700000073.400000,1,300,300,111.61,23.47,0,572,300/300/300
1700000073.450000,1,300,300,111.56,23.20,0,572,300/300/300
1700000073.500000,1,300,300,111.54,106.41,1,580,300/300/300
1700000073.550000,1,300,300,111.51,23.41,0,580,300/300/300
1700000073.600000,1,300,300,111.45,22.55,0,580,300/300/300
1700000073.650000,1,300,300,111.44,112.14,1,591,300/300/300
1700000073.700000,1,300,300,111.39,23.76,0,591,300/300/300
1700000073.750000,1,300,300,111.36,23.06,0,591,300/300/300
1700000073.800000,1,300,300,111.30,113.51,1,594,300/300/300
1700000073.850000,1,300,300,111.26,24.07,0,594,300/300/300
1700000073.900000,1,300,300,111.22,23.08,0,594,300/300/300
1700000073.950000,1,300,300,111.18,85.52,1,603,300/300/300
1700000074.000000,1,300,300,111.14,30.19,0,603,300/300/300
1700000074.050000,1,300,300,111.10,23.55,0,603,300/300/300
1700000074.100000,1,300,300,111.07,130.06,1,602,300/300/300
1700000074.150000,1,300,300,111.03,24.64,0,602,300/300/300
1700000074.200000,1,300,300,110.98,23.48,0,602,300/300/300
1700000074.250000,1,300,300,110.93,105.00,1,601,300/300/300
1700000074.300000,1,300,300,110.88,24.45,0,601,300/300/300
1700000074.350000,1,300,300,110.83,22.97,0,601,300/300/300
1700000074.400000,1,300,300,110.79,108.81,1,615,300/300/300
1700000074.450000,1,300,300,110.75,24.46,0,615,300/300/300
1700000074.500000,1,300,300,110.69,24.58,0,615,300/300/300
1700000074.550000,1,300,300,110.65,79.95,1,628,300/300/300
1700000074.600000,1,300,300,110.61,24.68,0,628,300/300/300
1700000074.650000,1,300,300,110.57,22.71,0,628,300/300/300
1700000074.700000,1,300,300,110.50,71.22,1,640,300/300/300
1700000074.750000,1,300,300,110.47,24.52,0,640,300/300/300
1700000074.800000,1,300,300,110.42,23.84,0,640,300/300/300
1700000074.850000,1,300,300,110.36,73.68,1,654,300/300/300
1700000074.900000,1,300,300,110.32,24.15,0,654,300/300/300
1700000074.950000,1,300,300,110.27,24.58,0,654,300/300/300
1700000075.000000,1,300,300,110.23,116.80,1,668,300/300/300
1700000075.050000,1,300,300,110.19,25.21,0,668,300/300/300
1700000075.100000,1,300,300,110.11,23.70,0,668,300/300/300
1700000075.150000,1,300,300,109.99,121.51,1,690,300/300/300
1700000075.200000,1,300,300,109.88,30.06,0,690,300/300/300
1700000075.250000,1,300,300,109.79,24.34,0,690,300/300/300
1700000075.300000,1,300,300,109.71,122.27,1,702,300/300/300
1700000075.350000,1,300,300,109.65,24.58,0,702,300/300/300
1700000075.400000,1,300,300,109.63,23.86,0,702,300/300/300
1700000075.450000,1,300,300,109.64,89.31,1,726,300/300/300
1700000075.500000,1,300,300,109.63,26.80,0,726,300/300/300
1700000075.550000,1,300,300,109.67,24.77,0,726,300/300/300
1700000075.600000,1,300,300,109.67,91.70,1,741,300/300/300
1700000075.650000,1,300,300,109.69,24.61,0,741,300/300/300
1700000075.700000,1,300,300,109.68,28.21,0,741,300/300/300
1700000075.750000,1,300,300,109.67,160.17,1,750,300/300/300
1700000075.800000,1,300,300,109.67,27.19,0,750,300/300/300
1700000075.850000,1,300,300,109.66,25.27,0,750,300/300/300
1700000075.900000,1,300,300,109.67,132.58,1,767,300/300/300
1700000075.950000,1,300,300,109.64,27.77,0,767,300/300/300
1700000076.000000,1,300,300,109.65,24.70,0,767,300/300/300
1700000076.050000,1,300,300,109.63,108.65,1,789,300/300/300
1700000076.100000,1,300,300,109.61,25.54,0,789,300/300/300
1700000076.150000,1,300,300,109.59,24.52,0,789,300/300/300
1700000076.200000,1,300,300,109.57,109.59,1,794,300/300/300
1700000076.250000,1,300,300,109.54,25.43,0,794,300/300/300
1700000076.300000,1,300,300,109.53,24.33,0,794,300/300/300
1700000076.350000,1,300,300,109.52,91.62,1,807,300/300/300
1700000076.400000,1,300,300,109.52,25.23,0,807,300/300/300
1700000076.450000,1,300,300,109.52,25.49,0,807,300/300/300
1700000076.500000,1,300,300,109.53,91.30,1,825,300/300/300
1700000076.550000,1,300,300,109.55,24.82,0,825,300/300/300
1700000076.600000,1,300,300,109.58,24.15,0,825,300/300/300
1700000076.650000,1,300,300,109.63,127.20,1,845,300/300/300
1700000076.700000,1,300,300,109.69,24.97,0,845,300/300/300
1700000076.750000,1,300,300,109.79,24.26,0,845,300/300/300
1700000076.800000,1,300,300,109.87,77.14,1,853,300/300/300
1700000076.850000,1,300,300,110.01,25.00,0,853,300/300/300
1700000076.900000,1,300,300,110.15,25.75,0,853,300/300/300
1700000076.950000,1,300,300,110.27,80.30,1,849,300/300/300
1700000077.000000,1,300,300,110.39,24.97,0,849,300/300/300
1700000077.050000,1,300,300,110.53,25.28,0,849,300/300/300
1700000077.100000,1,300,300,110.62,76.49,1,848,300/300/300
1700000077.150000,1,300,300,110.73,25.98,0,848,300/300/300
1700000077.200000,1,300,300,110.80,25.68,0,848,300/300/300
1700000077.250000,1,300,300,110.89,74.37,1,875,300/300/300
1700000077.300000,1,300,300,110.96,25.09,0,875,300/300/300
1700000077.350000,1,300,300,111.04,25.96,0,875,300/300/300
1700000077.400000,1,300,300,111.11,76.18,1,871,300/300/300
1700000077.450000,1,300,300,111.18,27.35,0,871,300/300/300
1700000077.500000,1,300,300,111.24,26.47,0,871,300/300/300
1700000077.550000,1,300,300,111.31,110.50,1,875,300/300/300
1700000077.600000,1,300,300,111.35,24.53,0,875,300/300/300
1700000077.650000,1,300,300,111.40,26.18,0,875,300/300/300
1700000077.700000,1,300,300,111.45,80.16,1,872,300/300/300
1700000077.750000,1,300,300,111.50,24.97,0,872,300/300/300
1700000077.800000,1,300,300,111.53,26.25,0,872,300/300/300
1700000077.850000,1,300,300,111.55,80.20,1,882,300/300/300
1700000077.900000,1,300,300,111.56,27.23,0,882,300/300/300
1700000077.950000,1,300,300,111.56,24.35,0,882,300/300/300
1700000078.000000,1,300,300,111.59,81.08,1,889,300/300/300
1700000078.050000,1,300,300,111.58,25.32,0,889,300/300/300
1700000078.100000,1,300,300,111.56,25.39,0,889,300/300/300
1700000078.150000,1,300,300,111.53,116.99,1,887,300/300/300
1700000078.200000,1,300,300,111.50,25.80,0,887,300/300/300
1700000078.250000,1,300,300,111.44,24.65,0,887,300/300/300
1700000078.300000,1,300,300,111.38,93.26,1,895,300/300/300
1700000078.350000,1,300,300,111.36,26.79,0,895,300/300/300
1700000078.400000,1,300,300,111.36,24.79,0,895,300/300/300
1700000078.450000,1,300,300,111.32,100.68,1,891,300/300/300
1700000078.500000,1,300,300,111.30,26.09,0,891,300/300/300
1700000078.550000,1,300,300,111.30,25.16,0,891,300/300/300
1700000078.600000,1,300,300,111.30,102.33,1,885,300/300/300
1700000078.650000,1,300,300,111.31,25.29,0,885,300/300/300
1700000078.700000,1,300,300,111.31,25.44,0,885,300/300/300
1700000078.750000,1,300,300,111.36,83.81,1,877,300/300/300
1700000078.800000,1,300,300,111.40,25.63,0,877,300/300/300
1700000078.850000,1,300,300,111.47,24.13,0,877,300/300/300
1700000078.900000,1,300,300,111.52,97.42,1,900,300/300/300
1700000078.950000,1,300,300,111.62,24.49,0,900,300/300/300
1700000079.000000,1,300,300,111.69,23.93,0,900,300/300/300
1700000079.050000,1,300,300,111.78,100.22,1,904,300/300/300
1700000079.100000,1,300,300,111.85,24.33,0,904,300/300/300
1700000079.150000,1,300,300,111.94,24.03,0,904,300/300/300
1700000079.200000,1,300,300,112.01,86.87,1,893,300/300/300
1700000079.250000,1,300,300,112.09,23.80,0,893,300/300/300
1700000079.300000,1,300,300,112.15,25.23,0,893,300/300/300
1700000079.350000,1,300,300,112.24,144.13,1,896,300/300/300
1700000079.400000,1,300,300,112.31,24.66,0,896,300/300/300
1700000079.450000,1,300,300,112.36,23.17,0,896,300/300/300
1700000079.500000,1,300,300,112.36,142.19,1,880,300/300/300
1700000079.550000,1,300,300,112.40,24.59,0,880,300/300/300
1700000079.600000,1,300,300,112.42,24.70,0,880,300/300/300
1700000079.650000,1,300,300,112.45,175.17,1,873,300/300/300
1700000079.700000,1,300,300,112.48,24.83,0,873,300/300/300
1700000079.750000,1,300,300,112.52,23.68,0,873,300/300/300
1700000079.800000,1,300,300,112.55,138.76,1,879,300/300/300
1700000079.850000,1,300,300,112.60,24.34,0,879,300/300/300
1700000079.900000,1,300,300,112.64,22.72,0,879,300/300/300
1700000079.950000,1,300,300,112.66,137.47,1,861,300/300/300
1700000080.000000,1,300,300,112.70,24.06,0,861,300/300/300
1700000080.050000,1,300,300,112.74,23.71,0,861,300/300/300
1700000080.100000,1,300,300,112.80,137.06,1,866,300/300/300
1700000080.150000,1,300,300,112.84,23.86,0,866,300/300/300
1700000080.200000,1,300,300,112.89,23.14,0,866,300/300/300
1700000080.250000,1,300,300,112.94,142.84,1,871,300/300/300
1700000080.300000,1,300,300,113.01,24.85,0,871,300/300/300
1700000080.350000,1,300,300,113.06,24.22,0,871,300/300/300
1700000080.400000,1,300,300,113.13,145.52,1,859,300/300/300
1700000080.450000,1,300,300,113.20,23.87,0,859,300/300/300
1700000080.500000,1,300,300,113.27,23.99,0,859,300/300/300
1700000080.550000,1,300,300,113.33,139.37,1,858,300/300/300
1700000080.600000,1,300,300,113.39,24.28,0,858,300/300/300
1700000080.650000,1,300,300,113.42,24.85,0,858,300/300/300
1700000080.700000,1,300,300,113.45,171.10,1,878,300/300/300
1700000080.750000,1,300,300,113.45,25.26,0,878,300/300/300
1700000080.800000,1,300,300,113.43,24.50,0,878,300/300/300
1700000080.850000,1,300,300,113.37,97.35,1,889,300/300/300
1700000080.900000,1,300,300,113.27,24.67,0,889,300/300/300
1700000080.950000,1,300,300,113.15,24.46,0,889,300/300/300
1700000081.000000,1,300,300,113.02,104.94,1,913,300/300/300
1700000081.050000,1,300,300,112.87,25.91,0,913,300/300/300
1700000081.100000,1,300,300,112.71,26.87,0,913,300/300/300
1700000081.150000,1,300,300,112.57,151.37,1,918,300/300/300
1700000081.200000,1,300,300,112.57,27.60,0,918,300/300/300
1700000081.250000,1,300,300,112.60,26.08,0,918,300/300/300
1700000081.300000,1,300,300,112.65,95.83,1,928,300/300/300
1700000081.350000,1,300,300,112.75,27.64,0,928,300/300/300
1700000081.400000,1,300,300,112.91,25.60,0,928,300/300/300
1700000081.450000,1,300,300,113.06,113.41,1,949,300/300/300
1700000081.500000,1,300,300,113.17,26.31,0,949,300/300/300
1700000081.550000,1,300,300,113.25,26.63,0,949,300/300/300
1700000081.600000,1,300,300,113.28,117.92,1,966,300/300/300
1700000081.650000,1,300,300,113.33,28.14,0,966,300/300/300
1700000081.700000,1,300,300,113.40,25.63,0,966,300/300/300
1700000081.750000,1,300,300,113.44,120.05,1,1012,300/300/300
1700000081.800000,1,300,300,113.49,27.70,0,1012,300/300/300
1700000081.850000,1,300,300,113.56,25.95,0,1012,300/300/300
1700000081.900000,1,300,300,113.64,123.65,1,1033,300/300/300
1700000081.950000,1,300,300,113.76,27.87,0,1033,300/300/300
1700000082.000000,1,300,300,113.94,27.49,0,1033,300/300/300
1700000082.050000,1,300,300,114.06,205.43,1,1059,300/300/300
1700000082.100000,1,300,300,114.21,27.62,0,1059,300/300/300
1700000082.150000,1,300,300,114.46,28.33,0,1059,300/300/300
1700000082.200000,1,300,300,114.80,139.36,1,1094,300/300/300
1700000082.250000,1,300,300,115.21,27.67,0,1094,300/300/300
1700000082.300000,1,300,300,115.69,25.33,0,1094,300/300/300
1700000082.350000,1,300,300,116.20,124.71,1,1136,300/300/300
1700000082.400000,1,300,300,116.62,26.44,0,1136,300/300/300
1700000082.450000,1,300,300,116.97,25.27,0,1136,300/300/300
1700000082.500000,1,300,300,117.35,148.04,1,1165,300/300/300
1700000082.550000,1,300,300,117.66,26.09,0,1165,300/300/300
1700000082.600000,1,300,300,117.82,26.47,0,1165,300/300/300
1700000082.650000,1,300,300,117.91,147.60,1,1200,300/300/300
1700000082.700000,1,300,300,117.92,26.06,0,1200,300/300/300
1700000082.750000,1,300,300,117.88,26.91,0,1200,300/300/300
1700000082.800000,1,300,300,117.81,143.23,1,1247,300/300/300
1700000082.850000,1,300,300,117.79,26.93,0,1247,300/300/300
1700000082.900000,1,300,300,117.80,25.31,0,1247,300/300/300
1700000082.950000,1,300,300,117.82,147.99,1,1253,300/300/300
1700000083.000000,1,300,300,117.86,26.65,0,1253,300/300/300
1700000083.050000,1,300,300,117.82,25.03,0,1253,300/300/300
1700000083.100000,1,300,300,117.81,135.74,1,1264,300/300/300
1700000083.150000,1,300,300,117.79,25.49,0,1264,300/300/300
1700000083.200000,1,300,300,117.72,24.64,0,1264,300/300/300
1700000083.250000,1,300,300,117.65,115.96,1,1306,300/300/300
1700000083.300000,1,300,300,117.55,26.10,0,1306,300/300/300
1700000083.350000,1,300,300,117.47,24.40,0,1306,300/300/300
1700000083.400000,1,300,300,117.37,163.52,1,1321,300/300/300
1700000083.450000,1,300,300,117.31,24.85,0,1321,300/300/300
1700000083.500000,1,300,300,117.22,24.48,0,1321,300/300/300
1700000083.550000,1,300,300,117.14,144.61,1,1320,300/300/300
1700000083.600000,1,300,300,117.06,25.21,0,1320,300/300/300
1700000083.650000,1,300,300,116.96,24.62,0,1320,300/300/300
1700000083.700000,1,300,300,116.87,141.77,1,1332,300/300/300
1700000083.750000,1,300,300,116.81,23.39,0,1332,300/300/300
1700000083.800000,1,300,300,116.72,24.10,0,1332,300/300/300
1700000083.850000,1,300,300,116.63,149.18,1,1318,300/300/300
1700000083.900000,1,300,300,116.57,24.56,0,1318,300/300/300
1700000083.950000,1,300,300,116.48,23.09,0,1318,300/300/300
1700000084.000000,1,300,300,116.41,189.52,1,1310,300/300/300
1700000084.050000,1,300,300,116.32,25.33,0,1310,300/300/300
1700000084.100000,1,300,300,116.24,25.11,0,1310,300/300/300
1700000084.150000,1,300,300,116.16,170.88,1,1281,300/300/300
1700000084.200000,1,300,300,116.08,24.81,0,1281,300/300/300
1700000084.250000,1,300,300,115.99,24.26,0,1281,300/300/300
1700000084.300000,1,300,300,115.90,131.72,1,1266,300/300/300
1700000084.350000,1,300,300,115.81,24.51,0,1266,300/300/300
1700000084.400000,1,300,300,115.71,24.32,0,1266,300/300/300
1700000084.450000,1,300,300,115.61,186.14,1,1255,300/300/300
1700000084.500000,1,300,300,115.57,25.09,0,1255,300/300/300
1700000084.550000,1,300,300,115.53,24.20,0,1255,300/300/300
1700000084.600000,1,300,300,115.51,113.97,1,1234,300/300/300
1700000084.650000,1,300,300,115.50,24.41,0,1234,300/300/300
1700000084.700000,1,300,300,115.52,23.22,0,1234,300/300/300
1700000084.750000,1,300,300,115.50,145.00,1,1195,300/300/300
1700000084.800000,1,300,300,115.52,23.97,0,1195,300/300/300
1700000084.850000,1,300,300,115.53,23.52,0,1195,300/300/300
1700000084.900000,1,300,300,115.55,186.09,1,1170,300/300/300
1700000084.950000,1,300,300,115.57,25.01,0,1170,300/300/300
1700000085.000000,1,300,300,115.61,23.04,0,1170,300/300/300
1700000085.050000,1,300,300,115.63,190.55,1,1137,300/300/300
1700000085.100000,1,300,300,115.67,24.90,0,1137,300/300/300
1700000085.150000,1,300,300,115.69,23.38,0,1137,300/300/300
1700000085.200000,1,300,300,115.71,169.92,1,1117,300/300/300
1700000085.250000,1,300,300,115.72,26.13,0,1117,300/300/300
1700000085.300000,1,300,300,115.74,23.67,0,1117,300/300/300
1700000085.350000,1,300,300,115.72,172.24,1,1080,300/300/300
1700000085.400000,1,300,300,115.71,25.79,0,1080,300/300/300
1700000085.450000,1,300,300,115.71,23.54,0,1080,300/300/300
1700000085.500000,1,300,300,115.70,196.30,1,1050,300/300/300
1700000085.550000,1,300,300,115.72,26.82,0,1050,300/300/300
1700000085.600000,1,300,300,115.74,24.27,0,1050,300/300/300
1700000085.650000,1,300,300,115.77,152.69,1,1032,300/300/300
1700000085.700000,1,300,300,115.78,26.66,0,1032,300/300/300
1700000085.750000,1,300,300,115.83,24.87,0,1032,300/300/300
1700000085.800000,1,300,300,115.86,173.60,1,987,300/300/300
1700000085.850000,1,300,300,115.91,26.64,0,987,300/300/300
1700000085.900000,1,300,300,115.97,26.64,0,987,300/300/300
1700000085.950000,1,300,300,116.04,134.64,1,971,300/300/300
1700000086.000000,1,300,300,116.11,25.71,0,971,300/300/300
1700000086.050000,1,300,300,116.21,25.18,0,971,300/300/300
1700000086.100000,1,300,300,116.25,169.10,1,938,300/300/300
1700000086.150000,1,300,300,116.21,25.48,0,938,300/300/300
1700000086.200000,1,300,300,116.11,23.98,0,938,300/300/300
1700000086.250000,1,300,300,116.01,122.72,1,909,300/300/300
1700000086.300000,1,300,300,115.89,27.46,0,909,300/300/300
1700000086.350000,1,300,300,115.78,24.05,0,909,300/300/300
1700000086.400000,1,300,300,115.67,182.17,1,876,300/300/300
1700000086.450000,1,300,300,115.57,25.11,0,876,300/300/300
1700000086.500000,1,300,300,115.50,24.16,0,876,300/300/300
1700000086.550000,1,300,300,115.43,150.60,1,860,300/300/300
1700000086.600000,1,300,300,115.39,24.86,0,860,300/300/300
1700000086.650000,1,300,300,115.34,24.92,0,860,300/300/300
1700000086.700000,1,300,300,115.28,153.43,1,833,300/300/300
1700000086.750000,1,300,300,115.21,25.64,0,833,300/300/300
1700000086.800000,1,300,300,115.14,23.35,0,833,300/300/300
1700000086.850000,1,300,300,115.05,126.65,1,818,300/300/300
1700000086.900000,1,300,300,114.96,25.31,0,818,300/300/300
1700000086.950000,1,300,300,114.90,23.09,0,818,300/300/300
1700000087.000000,1,300,300,114.83,102.44,1,805,300/300/300
1700000087.050000,1,300,300,114.74,25.08,0,805,300/300/300
1700000087.100000,1,300,300,114.66,24.37,0,805,300/300/300
1700000087.150000,1,300,300,114.57,157.34,1,796,300/300/300
1700000087.200000,1,300,300,114.48,23.25,0,796,300/300/300
1700000087.250000,1,300,300,114.42,23.46,0,796,300/300/300
1700000087.300000,1,300,300,114.36,81.57,1,768,300/300/300
1700000087.350000,1,300,300,114.28,25.27,0,768,300/300/300
1700000087.400000,1,300,300,114.20,23.29,0,768,300/300/300
1700000087.450000,1,300,300,114.11,90.93,1,752,300/300/300
1700000087.500000,1,300,300,114.04,23.84,0,752,300/300/300
1700000087.550000,1,300,300,113.97,24.06,0,752,300/300/300
1700000087.600000,1,300,300,113.88,91.73,1,741,300/300/300
1700000087.650000,1,300,300,113.80,24.48,0,741,300/300/300
1700000087.700000,1,300,300,113.71,24.51,0,741,300/300/300
1700000087.750000,1,300,300,113.64,94.95,1,735,300/300/300
1700000087.800000,1,300,300,113.57,24.46,0,735,300/300/300
1700000087.850000,1,300,300,113.51,25.26,0,735,300/300/300
1700000087.900000,1,300,300,113.44,105.99,1,729,300/300/300
1700000087.950000,1,300,300,113.38,24.27,0,729,300/300/300
1700000088.000000,1,300,300,113.33,23.35,0,729,300/300/300
1700000088.050000,1,300,300,113.24,122.87,1,758,300/300/300
1700000088.100000,1,300,300,113.18,24.08,0,758,300/300/300
1700000088.150000,1,300,300,113.10,24.06,0,758,300/300/300
1700000088.200000,1,300,300,113.05,87.08,1,768,300/300/300
1700000088.250000,1,300,300,112.99,24.51,0,768,300/300/300
1700000088.300000,1,300,300,112.93,23.44,0,768,300/300/300
1700000088.350000,1,300,300,112.90,86.96,1,778,300/300/300
1700000088.400000,1,300,300,112.86,24.36,0,778,300/300/300
1700000088.450000,1,300,300,112.85,24.89,0,778,300/300/300
1700000088.500000,1,300,300,112.79,95.30,1,801,300/300/300
1700000088.550000,1,300,300,112.73,23.79,0,801,300/300/300
1700000088.600000,1,300,300,112.69,23.88,0,801,300/300/300
1700000088.650000,1,300,300,112.64,94.83,1,814,300/300/300
1700000088.700000,1,300,300,112.59,25.44,0,814,300/300/300
1700000088.750000,1,300,300,112.59,23.90,0,814,300/300/300
1700000088.800000,1,300,300,112.64,96.92,1,828,300/300/300
1700000088.850000,1,300,300,112.68,24.00,0,828,300/300/300
1700000088.900000,1,300,300,112.72,24.20,0,828,300/300/300
1700000088.950000,1,300,300,112.76,99.18,1,857,300/300/300
1700000089.000000,1,300,300,112.82,24.47,0,857,300/300/300
1700000089.050000,1,300,300,112.91,24.63,0,857,300/300/300
1700000089.100000,1,300,300,112.98,107.16,1,876,300/300/300
1700000089.150000,1,300,300,113.13,24.66,0,876,300/300/300
1700000089.200000,1,300,300,113.28,23.53,0,876,300/300/300
1700000089.250000,1,300,300,113.44,104.40,1,886,300/300/300
1700000089.300000,1,300,300,113.67,24.53,0,886,300/300/300
1700000089.350000,1,300,300,113.85,24.53,0,886,300/300/300
1700000089.400000,1,300,300,114.03,106.66,1,893,300/300/300
1700000089.450000,1,300,300,114.12,23.55,0,893,300/300/300
1700000089.500000,1,300,300,114.20,24.11,0,893,300/300/300
1700000089.550000,1,300,300,114.30,109.99,1,932,300/300/300
1700000089.600000,1,300,300,114.45,25.05,0,932,300/300/300
1700000089.650000,1,300,300,114.59,24.62,0,932,300/300/300
1700000089.700000,1,300,300,114.69,112.80,1,941,300/300/300
1700000089.750000,1,300,300,114.79,24.69,0,941,300/300/300
1700000089.800000,1,300,300,114.88,23.64,0,941,300/300/300
1700000089.850000,1,300,300,114.94,117.35,1,960,300/300/300
1700000089.900000,1,300,300,114.95,24.55,0,960,300/300/300
1700000089.950000,1,300,300,115.00,25.06,0,960,300/300/300
1700000090.000000,1,300,300,115.03,121.04,1,947,300/300/300
1700000090.050000,1,300,300,115.08,25.01,0,947,300/300/300
1700000090.100000,1,300,300,115.13,22.60,0,947,300/300/300
1700000090.150000,1,300,300,115.23,119.51,1,939,300/300/300
1700000090.200000,1,300,300,115.32,23.72,0,939,300/300/300
1700000090.250000,1,300,300,115.43,24.74,0,939,300/300/300
1700000090.300000,1,300,300,115.52,200.44,1,930,300/300/300
1700000090.350000,1,300,300,115.59,24.24,0,930,300/300/300
1700000090.400000,1,300,300,115.68,24.88,0,930,300/300/300
1700000090.450000,1,300,300,115.74,129.20,1,925,300/300/300
1700000090.500000,1,300,300,115.83,24.55,0,925,300/300/300
1700000090.550000,1,300,300,115.91,23.78,0,925,300/300/300
1700000090.600000,1,300,300,115.96,130.63,1,914,300/300/300
1700000090.650000,1,300,300,116.03,24.09,0,914,300/300/300
1700000090.700000,1,300,300,116.11,23.70,0,914,300/300/300
1700000090.750000,1,300,300,116.19,114.09,1,905,300/300/300
1700000090.800000,1,300,300,116.26,25.56,0,905,300/300/300
1700000090.850000,1,300,300,116.35,26.27,0,905,300/300/300
1700000090.900000,1,300,300,116.42,92.37,1,886,300/300/300
1700000090.950000,1,300,300,116.48,24.21,0,886,300/300/300
1700000091.000000,1,300,300,116.55,23.38,0,886,300/300/300
1700000091.050000,1,300,300,116.62,124.49,1,887,300/300/300
1700000091.100000,1,300,300,116.67,23.75,0,887,300/300/300
1700000091.150000,1,300,300,116.72,22.52,0,887,300/300/300
1700000091.200000,1,300,300,116.78,75.72,1,893,300/300/300
1700000091.250000,1,300,300,116.83,22.81,0,893,300/300/300
1700000091.300000,1,300,300,116.88,23.39,0,893,300/300/300
1700000091.350000,1,300,300,116.93,117.01,1,895,300/300/300
1700000091.400000,1,300,300,116.95,23.77,0,895,300/300/300
1700000091.450000,1,300,300,117.00,24.08,0,895,300/300/300
1700000091.500000,1,300,300,117.04,120.73,1,884,300/300/300
1700000091.550000,1,300,300,117.06,23.71,0,884,300/300/300
1700000091.600000,1,300,300,117.08,23.12,0,884,300/300/300
1700000091.650000,1,300,300,117.10,124.27,1,881,300/300/300
1700000091.700000,1,300,300,117.12,24.49,0,881,300/300/300
1700000091.750000,1,300,300,117.14,24.71,0,881,300/300/300
1700000091.800000,1,300,300,117.14,118.15,1,870,300/300/300
1700000091.850000,1,300,300,117.15,23.43,0,870,300/300/300
1700000091.900000,1,300,300,117.15,30.00,0,870,300/300/300
1700000091.950000,1,300,300,117.16,134.11,1,867,300/300/300
1700000092.000000,1,300,300,117.15,32.87,0,867,300/300/300
1700000092.050000,1,300,300,117.17,31.40,0,867,300/300/300
1700000092.100000,1,300,300,117.15,128.43,1,847,300/300/300
1700000092.150000,1,300,300,117.16,33.05,0,847,300/300/300
1700000092.200000,1,300,300,117.16,25.24,0,847,300/300/300
1700000092.250000,1,300,300,117.16,133.01,1,845,300/300/300
1700000092.300000,1,300,300,117.15,25.06,0,845,300/300/300
1700000092.350000,1,300,300,117.14,24.49,0,845,300/300/300
1700000092.400000,1,300,300,117.12,138.14,1,849,300/300/300
1700000092.450000,1,300,300,117.10,24.98,0,849,300/300/300
1700000092.500000,1,300,300,117.09,24.87,0,849,300/300/300
1700000092.550000,1,300,300,117.07,130.81,1,845,300/300/300
1700000092.600000,1,300,300,117.06,24.76,0,845,300/300/300
1700000092.650000,1,300,300,117.03,23.15,0,845,300/300/300
1700000092.700000,1,300,300,117.01,137.06,1,849,300/300/300
1700000092.750000,1,300,300,117.01,23.50,0,849,300/300/300
1700000092.800000,1,300,300,116.99,22.21,0,849,300/300/300
1700000092.850000,1,300,300,116.97,145.07,1,844,300/300/300
1700000092.900000,1,300,300,116.97,24.66,0,844,300/300/300
1700000092.950000,1,300,300,116.96,23.14,0,844,300/300/300
1700000093.000000,1,300,300,116.95,126.98,1,820,300/300/300
1700000093.050000,1,300,300,116.95,25.29,0,820,300/300/300
1700000093.100000,1,300,300,116.93,23.11,0,820,300/300/300
1700000093.150000,1,300,300,116.93,167.69,1,814,300/300/300
1700000093.200000,1,300,300,116.92,25.86,0,814,300/300/300
1700000093.250000,1,300,300,116.89,24.50,0,814,300/300/300
1700000093.300000,1,300,300,116.89,145.08,1,811,300/300/300
1700000093.350000,1,300,300,116.88,23.94,0,811,300/300/300
1700000093.400000,1,300,300,116.89,30.29,0,811,300/300/300
1700000093.450000,1,300,300,116.88,132.24,1,806,300/300/300
1700000093.500000,1,300,300,116.88,24.19,0,806,300/300/300
1700000093.550000,1,300,300,116.89,23.71,0,806,300/300/300
1700000093.600000,1,300,300,116.89,87.09,1,781,300/300/300
1700000093.650000,1,300,300,116.89,23.87,0,781,300/300/300
1700000093.700000,1,300,300,116.90,23.75,0,781,300/300/300
1700000093.750000,1,300,300,116.92,87.59,1,789,300/300/300
1700000093.800000,1,300,300,116.94,23.93,0,789,300/300/300
1700000093.850000,1,300,300,116.96,23.85,0,789,300/300/300
1700000093.900000,1,300,300,116.98,114.27,1,775,300/300/300
1700000093.950000,1,300,300,116.99,24.10,0,775,300/300/300
1700000094.000000,1,300,300,117.02,23.73,0,775,300/300/300
1700000094.050000,1,300,300,117.05,117.84,1,785,300/300/300
1700000094.100000,1,300,300,117.06,24.70,0,785,300/300/300
1700000094.150000,1,300,300,117.08,24.11,0,785,300/300/300
1700000094.200000,1,300,300,117.11,119.94,1,795,300/300/300
1700000094.250000,1,300,300,117.12,25.11,0,795,300/300/300
1700000094.300000,1,300,300,117.16,23.62,0,795,300/300/300
1700000094.350000,1,300,300,117.17,102.15,1,788,300/300/300
1700000094.400000,1,300,300,117.19,24.90,0,788,300/300/300
1700000094.450000,1,300,300,117.20,23.66,0,788,300/300/300
1700000094.500000,1,300,300,117.21,166.98,1,788,300/300/300
1700000094.550000,1,300,300,117.23,23.94,0,788,300/300/300
1700000094.600000,1,300,300,117.23,24.38,0,788,300/300/300
1700000094.650000,1,300,300,117.25,150.67,1,783,300/300/300
1700000094.700000,1,300,300,117.28,24.04,0,783,300/300/300
1700000094.750000,1,300,300,117.30,24.62,0,783,300/300/300
1700000094.800000,1,300,300,117.31,118.23,1,772,300/300/300
1700000094.850000,1,300,300,117.32,27.63,0,772,300/300/300
1700000094.900000,1,300,300,117.34,23.46,0,772,300/300/300
1700000094.950000,1,300,300,117.38,122.12,1,781,300/300/300
1700000095.000000,1,300,300,117.39,24.93,0,781,300/300/300
1700000095.050000,1,300,300,117.41,24.88,0,781,300/300/300
1700000095.100000,1,300,300,117.45,118.69,1,773,300/300/300
1700000095.150000,1,300,300,117.47,25.45,0,773,300/300/300
1700000095.200000,1,300,300,117.49,23.78,0,773,300/300/300
1700000095.250000,1,300,300,117.51,117.69,1,760,300/300/300
1700000095.300000,1,300,300,117.54,23.57,0,760,300/300/300
1700000095.350000,1,300,300,117.55,24.21,0,760,300/300/300
1700000095.400000,1,300,300,117.58,116.41,1,751,300/300/300
1700000095.450000,1,300,300,117.59,23.38,0,751,300/300/300
1700000095.500000,1,300,300,117.60,23.85,0,751,300/300/300
1700000095.550000,1,300,300,117.61,120.01,1,771,300/300/300
1700000095.600000,1,300,300,117.60,25.76,0,771,300/300/300
1700000095.650000,1,300,300,117.59,23.32,0,771,300/300/300
1700000095.700000,1,300,300,117.60,121.99,1,778,300/300/300
1700000095.750000,1,300,300,117.60,24.81,0,778,300/300/300
1700000095.800000,1,300,300,117.60,23.59,0,778,300/300/300
1700000095.850000,1,300,300,117.60,121.81,1,784,300/300/300
1700000095.900000,1,300,300,117.60,25.51,0,784,300/300/300
1700000095.950000,1,300,300,117.60,24.08,0,784,300/300/300
1700000096.000000,1,300,300,117.61,102.87,1,809,300/300/300
1700000096.050000,1,300,300,117.60,24.74,0,809,300/300/300
1700000096.100000,1,300,300,117.63,23.34,0,809,300/300/300
1700000096.150000,1,300,300,117.63,123.30,1,805,300/300/300
1700000096.200000,1,300,300,117.64,25.01,0,805,300/300/300
1700000096.250000,1,300,300,117.64,24.61,0,805,300/300/300
1700000096.300000,1,300,300,117.64,151.87,1,809,300/300/300
1700000096.350000,1,300,300,117.63,24.02,0,809,300/300/300
1700000096.400000,1,300,300,117.62,23.46,0,809,300/300/300
1700000096.450000,1,300,300,117.61,106.17,1,801,300/300/300
1700000096.500000,1,300,300,117.61,25.19,0,801,300/300/300
1700000096.550000,1,300,300,117.59,23.01,0,801,300/300/300
1700000096.600000,1,300,300,117.59,91.32,1,803,300/300/300
1700000096.650000,1,300,300,117.56,25.82,0,803,300/300/300
1700000096.700000,1,300,300,117.55,23.36,0,803,300/300/300
1700000096.750000,1,300,300,117.55,124.54,1,797,300/300/300
1700000096.800000,1,300,300,117.51,24.22,0,797,300/300/300
1700000096.850000,1,300,300,117.51,23.04,0,797,300/300/300
1700000096.900000,1,300,300,117.48,122.81,1,812,300/300/300
1700000096.950000,1,300,300,117.44,24.12,0,812,300/300/300
1700000097.000000,1,300,300,117.41,24.87,0,812,300/300/300
1700000097.050000,1,300,300,117.39,115.06,1,824,300/300/300
1700000097.100000,1,300,300,117.36,23.35,0,824,300/300/300
1700000097.150000,1,300,300,117.31,23.75,0,824,300/300/300
1700000097.200000,1,300,300,117.28,122.17,1,817,300/300/300
1700000097.250000,1,300,300,117.23,25.46,0,817,300/300/300
1700000097.300000,1,300,300,117.20,24.01,0,817,300/300/300
1700000097.350000,1,300,300,117.15,123.34,1,821,300/300/300
1700000097.400000,1,300,300,117.11,23.84,0,821,300/300/300
1700000097.450000,1,300,300,117.07,24.57,0,821,300/300/300
1700000097.500000,1,300,300,117.01,124.65,1,821,300/300/300
1700000097.550000,1,300,300,116.97,24.84,0,821,300/300/300
1700000097.600000,1,300,300,116.95,24.20,0,821,300/300/300
1700000097.650000,1,300,300,116.90,129.38,1,824,300/300/300
1700000097.700000,1,300,300,116.86,23.66,0,824,300/300/300
1700000097.750000,1,300,300,116.83,23.02,0,824,300/300/300
1700000097.800000,1,300,300,116.78,117.95,1,814,300/300/300
1700000097.850000,1,300,300,116.76,25.21,0,814,300/300/300
1700000097.900000,1,300,300,116.73,23.00,0,814,300/300/300
1700000097.950000,1,300,300,116.67,125.08,1,838,300/300/300
1700000098.000000,1,300,300,116.64,23.65,0,838,300/300/300
1700000098.050000,1,300,300,116.59,23.70,0,838,300/300/300
1700000098.100000,1,300,300,116.54,77.59,1,812,300/300/300
1700000098.150000,1,300,300,116.48,25.27,0,812,300/300/300
1700000098.200000,1,300,300,116.43,24.81,0,812,300/300/300
1700000098.250000,1,300,300,116.37,121.88,1,814,300/300/300
1700000098.300000,1,300,300,116.30,25.09,0,814,300/300/300
1700000098.350000,1,300,300,116.24,23.31,0,814,300/300/300
1700000098.400000,1,300,300,116.17,122.87,1,817,300/300/300
1700000098.450000,1,300,300,116.10,25.64,0,817,300/300/300
1700000098.500000,1,300,300,116.04,24.39,0,817,300/300/300
1700000098.550000,1,300,300,115.96,125.76,1,813,300/300/300
1700000098.600000,1,300,300,115.90,25.12,0,813,300/300/300
1700000098.650000,1,300,300,115.82,23.40,0,813,300/300/300
1700000098.700000,1,300,300,115.73,90.90,1,817,300/300/300
1700000098.750000,1,300,300,115.65,24.02,0,817,300/300/300
1700000098.800000,1,300,300,115.57,23.89,0,817,300/300/300
1700000098.850000,1,300,300,115.48,126.21,1,825,300/300/300
1700000098.900000,1,300,300,115.40,25.09,0,825,300/300/300
1700000098.950000,1,300,300,115.32,24.48,0,825,300/300/300
1700000099.000000,1,300,300,115.22,126.60,1,820,300/300/300
1700000099.050000,1,300,300,115.12,24.92,0,820,300/300/300
1700000099.100000,1,300,300,114.99,26.00,0,820,300/300/300
1700000099.150000,1,300,300,114.82,126.93,1,820,300/300/300
1700000099.200000,1,300,300,114.60,25.26,0,820,300/300/300
1700000099.250000,1,300,300,114.09,24.61,0,820,300/300/300
1700000099.300000,1,300,300,113.51,95.79,1,815,300/300/300
1700000099.350000,1,300,300,112.77,24.74,0,815,300/300/300
1700000099.400000,1,300,300,112.11,25.34,0,815,300/300/300
1700000099.450000,1,300,300,111.17,115.03,1,819,300/300/300
1700000099.500000,1,300,300,110.22,24.06,0,819,300/300/300
1700000099.550000,1,300,300,109.50,24.88,0,819,300/300/300
1700000099.600000,1,300,300,109.30,79.82,1,817,300/300/300
1700000099.650000,1,300,300,110.38,26.16,0,817,300/300/300
1700000099.700000,1,300,300,114.08,26.25,0,817,300/300/300
1700000099.750000,1,300,300,119.24,106.98,1,828,300/300/300
1700000099.800000,1,300,300,117.45,26.25,0,828,300/300/300
1700000099.850000,1,300,300,116.31,24.98,0,828,300/300/300
1700000099.900000,1,300,300,114.67,126.72,1,866,300/300/300
1700000099.950000,1,300,300,113.99,24.63,0,866,300/300/300
1700000100.000000,1,300,300,113.37,24.30,0,866,300/300/300
1700000100.050000,1,300,300,113.04,78.17,1,862,300/300/300
1700000100.100000,1,300,300,112.70,25.39,0,862,300/300/300
1700000100.150000,1,300,300,112.48,24.27,0,862,300/300/300
1700000100.200000,1,300,300,112.42,130.95,1,880,300/300/300
1700000100.250000,1,300,300,112.51,26.65,0,880,300/300/300
1700000100.300000,1,300,300,112.66,24.70,0,880,300/300/300
1700000100.350000,1,300,300,112.75,103.56,1,885,300/300/300
1700000100.400000,1,300,300,112.80,23.88,0,885,300/300/300
1700000100.450000,1,300,300,112.89,24.27,0,885,300/300/300
1700000100.500000,1,300,300,112.99,126.20,1,888,300/300/300
1700000100.550000,1,300,300,113.02,25.10,0,888,300/300/300
1700000100.600000,1,300,300,112.98,23.98,0,888,300/300/300
1700000100.650000,1,300,300,112.91,127.34,1,884,300/300/300
1700000100.700000,1,300,300,112.87,23.72,0,884,300/300/300
1700000100.750000,1,300,300,112.81,24.26,0,884,300/300/300
1700000100.800000,1,300,300,112.76,126.34,1,884,300/300/300
1700000100.850000,1,300,300,112.74,25.81,0,884,300/300/300
1700000100.900000,1,300,300,112.74,24.90,0,884,300/300/300
1700000100.950000,1,300,300,112.76,122.68,1,874,300/300/300
1700000101.000000,1,300,300,112.73,24.30,0,874,300/300/300
1700000101.050000,1,300,300,112.73,25.31,0,874,300/300/300
1700000101.100000,1,300,300,112.77,122.12,1,860,300/300/300
1700000101.150000,1,300,300,112.78,25.76,0,860,300/300/300
1700000101.200000,1,300,300,112.84,25.23,0,860,300/300/300
1700000101.250000,1,300,300,112.91,94.94,1,857,300/300/300
1700000101.300000,1,300,300,113.02,25.42,0,857,300/300/300
1700000101.350000,1,300,300,113.14,24.20,0,857,300/300/300
1700000101.400000,1,300,300,113.34,95.27,1,844,300/300/300
1700000101.450000,1,300,300,113.45,24.39,0,844,300/300/300
1700000101.500000,1,300,300,113.48,23.34,0,844,300/300/300
1700000101.550000,1,300,300,113.45,120.53,1,857,300/300/300
1700000101.600000,1,300,300,113.37,25.55,0,857,300/300/300
1700000101.650000,1,300,300,113.25,24.68,0,857,300/300/300
1700000101.700000,1,300,300,113.12,112.88,1,851,300/300/300
1700000101.750000,1,300,300,113.05,25.85,0,851,300/300/300
1700000101.800000,1,300,300,113.02,24.48,0,851,300/300/300
1700000101.850000,1,300,300,112.97,122.89,1,846,300/300/300
1700000101.900000,1,300,300,112.94,24.93,0,846,300/300/300
1700000101.950000,1,300,300,112.90,23.85,0,846,300/300/300
1700000102.000000,1,300,300,112.89,94.40,1,828,300/300/300
1700000102.050000,1,300,300,112.87,25.33,0,828,300/300/300
1700000102.100000,1,300,300,112.83,24.82,0,828,300/300/300
1700000102.150000,1,300,300,112.85,121.80,1,837,300/300/300
1700000102.200000,1,300,300,112.86,25.12,0,837,300/300/300
1700000102.250000,1,300,300,112.89,25.68,0,837,300/300/300
1700000102.300000,1,300,300,112.89,88.94,1,823,300/300/300
1700000102.350000,1,300,300,112.87,25.06,0,823,300/300/300
1700000102.400000,1,300,300,112.81,23.61,0,823,300/300/300
1700000102.450000,1,300,300,112.76,76.81,1,819,300/300/300
1700000102.500000,1,300,300,112.72,23.75,0,819,300/300/300
1700000102.550000,1,300,300,112.62,24.87,0,819,300/300/300
1700000102.600000,1,300,300,112.52,77.53,1,817,300/300/300
1700000102.650000,1,300,300,112.40,25.28,0,817,300/300/300
1700000102.700000,1,300,300,112.31,24.55,0,817,300/300/300
1700000102.750000,1,300,300,112.16,76.48,1,816,300/300/300
1700000102.800000,1,300,300,112.03,24.25,0,816,300/300/300
1700000102.850000,1,300,300,111.87,26.35,0,816,300/300/300
1700000102.900000,1,300,300,111.75,141.12,1,812,300/300/300
1700000102.950000,1,300,300,111.61,24.04,0,812,300/300/300
1700000103.000000,1,300,300,111.45,24.16,0,812,300/300/300
1700000103.050000,1,300,300,111.28,144.18,1,809,300/300/300
1700000103.100000,1,300,300,111.14,25.51,0,809,300/300/300
1700000103.150000,1,300,300,111.03,24.87,0,809,300/300/300
1700000103.200000,1,300,300,110.95,140.33,1,811,300/300/300
1700000103.250000,1,300,300,110.91,24.97,0,811,300/300/300
1700000103.300000,1,300,300,110.86,24.21,0,811,300/300/300
1700000103.350000,1,300,300,110.83,139.80,1,813,300/300/300
1700000103.400000,1,300,300,110.79,25.18,0,813,300/300/300
1700000103.450000,1,300,300,110.75,25.24,0,813,300/300/300
1700000103.500000,1,300,300,110.73,140.02,1,808,300/300/300
1700000103.550000,1,300,300,110.73,25.97,0,808,300/300/300
1700000103.600000,1,300,300,110.72,24.58,0,808,300/300/300
1700000103.650000,1,300,300,110.73,136.64,1,794,300/300/300
1700000103.700000,1,300,300,110.75,24.64,0,794,300/300/300
1700000103.750000,1,300,300,110.77,24.37,0,794,300/300/300
1700000103.800000,1,300,300,110.78,135.53,1,783,300/300/300
1700000103.850000,1,300,300,110.80,24.74,0,783,300/300/300
1700000103.900000,1,300,300,110.82,23.91,0,783,300/300/300
1700000103.950000,1,300,300,110.86,122.89,1,753,300/300/300
1700000104.000000,1,300,300,110.87,24.29,0,753,300/300/300
1700000104.050000,1,300,300,110.87,23.60,0,753,300/300/300
1700000104.100000,1,300,300,110.87,72.95,1,740,300/300/300
1700000104.150000,1,300,300,110.86,24.57,0,740,300/300/300
1700000104.200000,1,300,300,110.87,23.52,0,740,300/300/300
1700000104.250000,1,300,300,110.85,106.90,1,726,300/300/300
1700000104.300000,1,300,300,110.87,24.36,0,726,300/300/300
1700000104.350000,1,300,300,110.86,22.54,0,726,300/300/300
1700000104.400000,1,300,300,110.85,119.25,1,729,300/300/300
1700000104.450000,1,300,300,110.85,24.37,0,729,300/300/300
1700000104.500000,1,300,300,110.84,23.58,0,729,300/300/300
1700000104.550000,1,300,300,110.84,117.30,1,717,300/300/300
1700000104.600000,1,300,300,110.83,24.90,0,717,300/300/300
1700000104.650000,1,300,300,110.83,24.00,0,717,300/300/300
1700000104.700000,1,300,300,110.83,119.91,1,712,300/300/300
1700000104.750000,1,300,300,110.81,23.91,0,712,300/300/300
1700000104.800000,1,300,300,110.81,24.02,0,712,300/300/300
1700000104.850000,1,300,300,110.81,110.65,1,703,300/300/300
1700000104.900000,1,300,300,110.80,23.43,0,703,300/300/300
1700000104.950000,1,300,300,110.79,24.56,0,703,300/300/300
1700000105.000000,1,300,300,110.79,107.50,1,691,300/300/300
1700000105.050000,1,300,300,110.79,24.11,0,691,300/300/300
1700000105.100000,1,300,300,110.78,23.32,0,691,300/300/300
1700000105.150000,1,300,300,110.79,105.70,1,690,300/300/300
1700000105.200000,1,300,300,110.77,24.68,0,690,300/300/300
1700000105.250000,1,300,300,110.76,23.97,0,690,300/300/300
1700000105.300000,1,300,300,110.76,118.42,1,688,300/300/300
1700000105.350000,1,300,300,110.76,23.77,0,688,300/300/300
1700000105.400000,1,300,300,110.76,23.62,0,688,300/300/300
1700000105.450000,1,300,300,110.77,81.76,1,697,300/300/300
1700000105.500000,1,300,300,110.76,23.83,0,697,300/300/300
1700000105.550000,1,300,300,110.77,23.43,0,697,300/300/300
1700000105.600000,1,300,300,110.78,95.50,1,668,300/300/300
1700000105.650000,1,300,300,110.81,24.30,0,668,300/300/300
1700000105.700000,1,300,300,110.82,22.88,0,668,300/300/300
1700000105.750000,1,300,300,110.84,96.50,1,665,300/300/300
1700000105.800000,1,300,300,110.85,23.26,0,665,300/300/300
1700000105.850000,1,300,300,110.87,23.17,0,665,300/300/300
1700000105.900000,1,300,300,110.90,120.41,1,659,300/300/300
1700000105.950000,1,300,300,110.91,24.07,0,659,300/300/300
1700000106.000000,1,300,300,110.94,23.13,0,659,300/300/300
1700000106.050000,1,300,300,110.97,108.01,1,647,300/300/300
1700000106.100000,1,300,300,110.98,24.23,0,647,300/300/300
1700000106.150000,1,300,300,111.02,23.64,0,647,300/300/300
1700000106.200000,1,300,300,111.05,108.60,1,635,300/300/300
1700000106.250000,1,300,300,111.07,25.12,0,635,300/300/300
1700000106.300000,1,300,300,111.10,23.77,0,635,300/300/300
1700000106.350000,1,300,300,111.14,80.52,1,639,300/300/300
1700000106.400000,1,300,300,111.15,24.14,0,639,300/300/300
1700000106.450000,1,300,300,111.17,24.43,0,639,300/300/300
1700000106.500000,1,300,300,111.20,98.91,1,632,300/300/300
1700000106.550000,1,300,300,111.23,23.87,0,632,300/300/300
1700000106.600000,1,300,300,111.24,32.27,0,632,300/300/300
1700000106.650000,1,300,300,111.27,138.48,1,627,300/300/300
1700000106.700000,1,300,300,111.30,23.35,0,627,300/300/300
1700000106.750000,1,300,300,111.32,23.68,0,627,300/300/300
1700000106.800000,1,300,300,111.33,84.27,1,619,300/300/300
1700000106.850000,1,300,300,111.35,23.39,0,619,300/300/300
1700000106.900000,1,300,300,111.37,24.76,0,619,300/300/300
1700000106.950000,1,300,300,111.38,72.88,1,621,300/300/300
1700000107.000000,1,300,300,111.41,24.32,0,621,300/300/300
1700000107.050000,1,300,300,111.43,22.75,0,621,300/300/300
1700000107.100000,1,300,300,111.45,115.59,1,614,300/300/300
1700000107.150000,1,300,300,111.47,24.94,0,614,300/300/300
1700000107.200000,1,300,300,111.50,30.10,0,614,300/300/300
1700000107.250000,1,300,300,111.51,122.01,1,603,300/300/300
1700000107.300000,1,300,300,111.52,33.40,0,603,300/300/300
1700000107.350000,1,300,300,111.55,32.16,0,603,300/300/300
1700000107.400000,1,300,300,111.56,123.17,1,594,300/300/300
1700000107.450000,1,300,300,111.59,33.80,0,594,300/300/300
1700000107.500000,1,300,300,111.61,32.57,0,594,300/300/300
1700000107.550000,1,300,300,111.63,126.47,1,597,300/300/300
1700000107.600000,1,300,300,111.67,33.91,0,597,300/300/300
1700000107.650000,1,300,300,111.69,27.41,0,597,300/300/300
1700000107.700000,1,300,300,111.72,158.08,1,602,300/300/300
1700000107.750000,1,300,300,111.73,24.69,0,602,300/300/300
1700000107.800000,1,300,300,111.77,23.79,0,602,300/300/300
1700000107.850000,1,300,300,111.81,130.02,1,604,300/300/300
1700000107.900000,1,300,300,111.84,30.83,0,604,300/300/300
1700000107.950000,1,300,300,111.86,25.54,0,604,300/300/300
1700000108.000000,1,300,300,111.89,126.07,1,594,300/300/300
1700000108.050000,1,300,300,111.92,23.58,0,594,300/300/300
1700000108.100000,1,300,300,111.96,23.68,0,594,300/300/300
1700000108.150000,1,300,300,111.99,121.29,1,593,300/300/300
1700000108.200000,1,300,300,112.03,25.15,0,593,300/300/300
1700000108.250000,1,300,300,112.06,23.87,0,593,300/300/300
1700000108.300000,1,300,300,112.09,115.15,1,591,300/300/300
1700000108.350000,1,300,300,112.14,24.58,0,591,300/300/300
1700000108.400000,1,300,300,112.18,23.75,0,591,300/300/300
1700000108.450000,1,300,300,112.22,106.05,1,570,300/300/300
1700000108.500000,1,300,300,112.26,24.07,0,570,300/300/300
1700000108.550000,1,300,300,112.28,22.99,0,570,300/300/300
1700000108.600000,1,300,300,112.32,104.65,1,585,300/300/300
1700000108.650000,1,300,300,112.38,24.32,0,585,300/300/300
1700000108.700000,1,300,300,112.41,23.07,0,585,300/300/300
1700000108.750000,1,300,300,112.44,66.25,1,576,300/300/300
1700000108.800000,1,300,300,112.48,24.68,0,576,300/300/300
1700000108.850000,1,300,300,112.51,23.10,0,576,300/300/300
1700000108.900000,1,300,300,112.57,65.62,1,578,300/300/300
1700000108.950000,1,300,300,112.60,24.28,0,578,300/300/300
1700000109.000000,1,300,300,112.63,24.07,0,578,300/300/300
1700000109.050000,1,300,300,112.66,99.79,1,585,300/300/300
1700000109.100000,1,300,300,112.70,26.73,0,585,300/300/300
1700000109.150000,1,300,300,112.72,23.39,0,585,300/300/300
1700000109.200000,1,300,300,112.75,105.93,1,583,300/300/300
1700000109.250000,1,300,300,112.79,24.22,0,583,300/300/300
1700000109.300000,1,300,300,112.82,23.92,0,583,300/300/300
1700000109.350000,1,300,300,112.85,105.38,1,584,300/300/300
1700000109.400000,1,300,300,112.89,25.21,0,584,300/300/300
1700000109.450000,1,300,300,112.94,25.25,0,584,300/300/300
1700000109.500000,1,300,300,112.97,100.52,1,589,300/300/300
1700000109.550000,1,300,300,113.04,25.45,0,589,300/300/300
1700000109.600000,1,300,300,113.08,23.88,0,589,300/300/300
1700000109.650000,1,300,300,113.12,63.57,1,604,300/300/300
1700000109.700000,1,300,300,113.17,25.10,0,604,300/300/300
1700000109.750000,1,300,300,113.23,23.63,0,604,300/300/300
1700000109.800000,1,300,300,113.28,88.37,1,613,300/300/300
1700000109.850000,1,300,300,113.37,24.97,0,613,300/300/300
1700000109.900000,1,300,300,113.45,25.10,0,613,300/300/300
1700000109.950000,1,300,300,113.54,73.36,1,608,300/300/300
