t,tracked,n_obs0,n_obs1,mean0,ms,keyframe,n_landmarks
1649764528.073054,0,0,0,60.45,1.11,0,0
1649764528.098053,0,0,0,60.45,1.00,0,0
1649764528.123050,0,0,0,60.56,1.00,0,0
1649764528.148048,0,0,0,60.57,1.06,0,0
1649764528.173045,0,0,0,60.47,1.04,0,0
1649764528.198042,0,0,0,60.46,1.00,0,0
1649764528.223039,0,0,0,60.56,1.00,0,0
1649764528.248037,0,0,0,60.58,1.03,0,0
1649764528.273034,0,0,0,60.45,0.97,0,0
1649764528.298031,0,0,0,60.46,1.00,0,0
1649764528.323029,0,0,0,60.54,1.00,0,0
1649764528.348026,0,0,0,60.55,0.99,0,0
1649764528.373023,0,0,0,60.43,1.02,0,0
1649764528.398021,0,0,0,60.43,0.98,0,0
1649764528.423018,0,0,0,60.53,0.99,0,0
1649764528.448015,0,0,0,60.54,1.04,0,0
1649764528.473012,0,0,0,60.41,1.02,0,0
1649764528.498010,0,0,0,60.43,0.99,0,0
1649764528.523007,0,0,0,60.53,1.03,0,0
1649764528.548005,0,0,0,60.55,1.02,0,0
1649764528.573002,0,0,0,60.41,0.99,0,0
1649764528.597999,0,0,0,60.42,0.98,0,0
1649764528.622997,0,0,0,60.51,1.02,0,0
1649764528.647994,0,0,0,60.53,0.99,0,0
1649764528.672991,0,0,0,60.42,1.08,0,0
1649764528.697988,0,0,0,60.42,1.00,0,0
1649764528.722986,0,0,0,60.50,1.04,0,0
1649764528.747983,0,0,0,60.53,1.03,0,0
1649764528.772980,0,0,0,60.42,1.04,0,0
1649764528.797978,0,0,0,60.43,0.97,0,0
1649764528.822975,0,0,0,60.51,0.99,0,0
1649764528.847972,0,0,0,60.55,1.02,0,0
1649764528.872969,0,0,0,60.42,0.99,0,0
1649764528.897967,0,0,0,60.45,0.99,0,0
1649764528.922964,0,0,0,60.51,1.07,0,0
1649764528.947961,0,0,0,60.52,1.04,0,0
1649764528.972959,1,177,89,60.41,23.48,1,88
1649764528.997956,1,300,108,60.46,24.34,0,88
1649764529.022953,1,300,111,60.54,25.62,0,88
1649764529.047951,1,300,113,60.55,26.45,0,88
1649764529.072948,1,300,114,60.43,25.99,0,88
1649764529.097945,1,300,111,60.46,21.61,0,88
1649764529.122942,1,300,113,60.54,30.09,1,183
1649764529.147940,1,300,116,60.55,26.58,0,183
1649764529.172937,1,300,116,60.44,22.06,0,183
1649764529.197934,1,300,112,60.48,21.71,0,183
1649764529.222932,1,300,114,60.53,21.72,0,183
1649764529.247929,1,300,113,60.54,21.34,0,183
1649764529.272927,1,300,113,60.42,37.46,1,264
1649764529.297924,1,300,116,60.49,21.67,0,264
1649764529.322921,1,300,113,60.53,21.42,0,264
1649764529.347918,1,300,114,60.55,21.57,0,264
1649764529.372916,1,300,114,60.46,21.39,0,264
1649764529.397913,1,300,115,60.50,21.39,0,264
1649764529.422910,1,300,117,60.56,47.10,1,245
1649764529.447908,1,300,113,60.56,21.56,0,245
1649764529.472905,1,300,114,60.43,21.82,0,245
1649764529.497902,1,300,117,60.48,21.51,0,245
1649764529.522899,1,300,114,60.56,21.62,0,245
1649764529.547897,1,300,114,60.56,21.60,0,245
1649764529.572894,1,300,114,60.44,37.83,1,220
1649764529.597891,1,300,114,60.50,21.90,0,220
1649764529.622889,1,300,116,60.55,21.71,0,220
1649764529.647886,1,300,114,60.56,21.67,0,220
1649764529.672883,1,300,113,60.42,21.59,0,220
1649764529.697881,1,300,115,60.48,21.48,0,220
1649764529.722878,1,300,113,60.54,40.58,1,206
1649764529.747875,1,300,114,60.54,21.48,0,206
1649764529.772872,1,300,115,60.43,21.80,0,206
1649764529.797870,1,300,114,60.48,21.52,0,206
1649764529.822867,1,300,115,60.53,21.66,0,206
1649764529.847864,1,300,118,60.52,21.91,0,206
1649764529.872862,1,300,114,60.40,47.59,1,259
1649764529.897859,1,300,115,60.48,21.41,0,259
1649764529.922856,1,300,115,60.53,21.63,0,259
1649764529.947854,1,300,116,60.54,26.84,0,259
1649764529.972851,1,300,117,60.40,21.53,0,259
1649764529.997848,1,300,116,60.48,21.66,0,259
1649764530.022846,1,300,115,60.53,44.61,1,241
1649764530.047843,1,300,114,60.53,21.70,0,241
1649764530.072840,1,300,116,60.40,21.75,0,241
1649764530.097838,1,300,116,60.48,21.79,0,241
1649764530.122835,1,300,115,60.53,21.57,0,241
1649764530.147832,1,300,116,60.53,21.42,0,241
1649764530.172829,1,300,116,60.39,47.48,1,232
1649764530.197827,1,300,115,60.50,21.76,0,232
1649764530.222824,1,300,114,60.54,21.43,0,232
1649764530.247821,1,300,116,60.51,21.68,0,232
1649764530.272819,1,300,117,60.40,21.56,0,232
1649764530.297816,1,300,115,60.47,21.55,0,232
1649764530.322814,1,300,114,60.49,50.38,1,222
1649764530.347811,1,300,117,60.48,21.92,0,222
1649764530.372808,1,300,116,60.35,21.58,0,222
1649764530.397805,1,300,116,60.46,21.60,0,222
1649764530.422802,1,300,115,60.47,21.82,0,222
1649764530.447800,1,300,115,60.47,21.56,0,222
1649764530.472797,1,300,117,60.35,61.69,1,239
1649764530.497794,1,300,116,60.45,21.67,0,239
1649764530.522792,1,300,116,60.49,21.43,0,239
1649764530.547789,1,300,114,60.49,21.39,0,239
1649764530.572786,1,300,113,60.36,21.53,0,239
1649764530.597784,1,300,117,60.46,21.75,0,239
1649764530.622781,1,300,117,60.49,53.20,1,212
1649764530.647778,1,300,116,60.50,21.50,0,212
1649764530.672776,1,300,115,60.37,21.51,0,212
1649764530.697773,1,300,116,60.47,21.56,0,212
1649764530.722770,1,300,116,60.51,21.83,0,212
1649764530.747767,1,300,115,60.50,21.53,0,212
1649764530.772765,1,300,115,60.38,56.61,1,197
1649764530.797762,1,300,115,60.49,21.83,0,197
1649764530.822759,1,300,117,60.51,21.81,0,197
1649764530.847757,1,300,115,60.48,21.83,0,197
1649764530.872754,1,300,115,60.36,21.91,0,197
1649764530.897751,1,300,115,60.49,21.45,0,197
1649764530.922749,1,300,118,60.51,68.72,1,215
1649764530.947746,1,300,117,60.48,21.72,0,215
1649764530.972743,1,300,121,60.36,21.86,0,215
1649764530.997741,1,300,118,60.48,21.60,0,215
1649764531.022738,1,300,118,60.51,21.78,0,215
1649764531.047735,1,300,116,60.48,21.53,0,215
1649764531.072732,1,300,115,60.37,57.71,1,181
1649764531.097730,1,300,116,60.48,21.55,0,181
1649764531.122727,1,300,116,60.51,21.46,0,181
1649764531.147724,1,300,117,60.48,21.49,0,181
1649764531.172722,1,300,118,60.37,21.95,0,181
1649764531.197719,1,300,114,60.48,21.87,0,181
1649764531.222716,1,300,116,60.50,86.53,1,213
1649764531.247714,1,300,114,60.46,21.88,0,213
1649764531.272711,1,300,114,60.37,21.82,0,213
1649764531.297708,1,300,115,60.47,21.69,0,213
1649764531.322706,1,300,117,60.51,21.97,0,213
1649764531.347703,1,300,116,60.46,21.67,0,213
1649764531.372700,1,300,115,60.35,92.41,1,204
1649764531.397697,1,300,115,60.46,21.90,0,204
1649764531.422695,1,300,114,60.49,22.00,0,204
1649764531.447692,1,300,115,60.45,21.66,0,204
1649764531.472689,1,300,116,60.34,21.54,0,204
1649764531.497687,1,300,114,60.46,21.58,0,204
1649764531.522684,1,300,116,60.51,113.62,1,196
1649764531.547681,1,300,115,60.45,21.83,0,196
1649764531.572679,1,300,117,60.34,22.17,0,196
1649764531.597676,1,300,116,60.46,21.80,0,196
1649764531.622673,1,300,118,60.49,21.62,0,196
1649764531.647671,1,300,114,60.44,21.64,0,196
1649764531.672668,1,300,117,60.34,120.55,1,221
1649764531.697665,1,300,116,60.47,21.74,0,221
1649764531.722662,1,300,116,60.50,21.86,0,221
1649764531.747659,1,300,116,60.44,21.50,0,221
1649764531.772657,1,300,118,60.34,21.64,0,221
1649764531.797654,1,300,114,60.45,21.43,0,221
1649764531.822652,1,300,115,60.49,90.83,1,189
1649764531.847649,1,300,118,60.42,21.78,0,189
1649764531.872646,1,300,118,60.34,21.84,0,189
1649764531.897644,1,300,119,60.45,21.72,0,189
1649764531.922641,1,300,116,60.48,21.76,0,189
1649764531.947638,1,300,115,60.41,21.53,0,189
1649764531.972636,1,300,116,60.32,74.54,1,179
1649764531.997633,1,300,117,60.45,21.66,0,179
1649764532.022630,1,300,115,60.49,21.92,0,179
1649764532.047627,1,300,116,60.41,21.54,0,179
1649764532.072625,1,300,117,60.32,21.68,0,179
1649764532.097619,1,300,117,60.44,21.74,0,179
1649764532.122616,1,300,116,60.48,103.40,1,201
1649764532.147614,1,300,116,60.42,22.02,0,201
1649764532.172611,1,300,116,60.31,21.97,0,201
1649764532.197608,1,300,118,60.42,21.76,0,201
1649764532.222605,1,300,117,60.49,21.99,0,201
1649764532.247603,1,300,118,60.40,22.17,0,201
1649764532.272600,1,300,116,60.31,84.94,1,197
1649764532.297597,1,300,116,60.41,21.74,0,197
1649764532.322595,1,300,115,60.47,21.75,0,197
1649764532.347592,1,300,117,60.40,21.70,0,197
1649764532.372589,1,300,117,60.31,22.02,0,197
1649764532.397587,1,300,118,60.44,21.63,0,197
1649764532.422584,1,300,118,60.52,90.54,1,168
1649764532.447581,1,300,119,60.45,22.12,0,168
1649764532.472578,1,300,119,60.39,22.19,0,168
1649764532.497576,1,300,115,60.50,21.67,0,168
1649764532.522573,1,300,120,60.54,21.80,0,168
1649764532.547570,1,300,118,60.48,21.61,0,168
1649764532.572568,1,300,117,60.39,96.24,1,176
1649764532.597565,1,300,118,60.51,21.72,0,176
1649764532.622562,1,300,116,60.54,21.83,0,176
1649764532.647559,1,300,117,60.45,21.74,0,176
1649764532.672557,1,300,115,60.35,21.87,0,176
1649764532.697554,1,300,118,60.49,21.82,0,176
1649764532.722551,1,300,116,60.51,103.42,1,190
1649764532.747549,1,300,119,60.42,21.62,0,190
1649764532.772546,1,300,116,60.32,21.65,0,190
1649764532.797544,1,300,118,60.44,21.63,0,190
1649764532.822541,1,300,117,60.44,21.78,0,190
1649764532.847538,1,300,116,60.32,21.90,0,190
1649764532.872535,1,300,118,60.23,111.15,1,191
1649764532.897532,1,300,118,60.32,22.07,0,191
1649764532.922530,1,300,117,60.36,21.84,0,191
1649764532.947527,1,300,117,60.26,22.06,0,191
1649764532.972524,1,300,118,60.21,21.83,0,191
1649764532.997521,1,300,116,60.33,21.42,0,191
1649764533.022519,1,300,116,60.36,123.66,1,211
1649764533.047516,1,300,116,60.25,21.68,0,211
1649764533.072514,1,300,118,60.18,21.78,0,211
1649764533.097511,1,300,118,60.26,21.81,0,211
1649764533.122508,1,300,118,60.28,21.70,0,211
1649764533.147506,1,300,117,60.14,21.89,0,211
1649764533.172503,1,300,117,60.11,70.44,1,196
1649764533.197500,1,300,116,60.18,21.79,0,196
1649764533.222497,1,300,115,60.23,21.77,0,196
1649764533.247494,1,300,121,60.13,21.78,0,196
1649764533.272492,1,300,117,60.10,21.61,0,196
1649764533.297489,1,300,116,60.20,21.33,0,196
1649764533.322486,1,300,114,60.27,47.73,1,174
1649764533.347484,1,300,116,60.17,22.29,0,174
1649764533.372481,1,300,116,60.12,22.18,0,174
1649764533.397478,1,300,118,60.23,21.71,0,174
1649764533.422476,1,300,116,60.27,21.88,0,174
1649764533.447473,1,300,115,60.14,21.64,0,174
1649764533.472470,1,300,116,60.10,56.04,1,237
1649764533.497467,1,300,116,60.19,22.15,0,237
1649764533.522465,1,300,117,60.22,22.16,0,237
1649764533.547462,1,300,116,60.11,21.94,0,237
1649764533.572459,1,300,118,60.07,21.99,0,237
1649764533.597457,1,300,114,60.17,21.76,0,237
1649764533.622454,1,300,115,60.19,54.11,1,205
1649764533.647451,1,300,114,60.07,21.72,0,205
1649764533.672448,1,300,116,60.05,22.04,0,205
1649764533.697446,1,300,117,60.14,21.72,0,205
1649764533.722443,1,300,118,60.16,21.94,0,205
1649764533.747440,1,300,115,60.06,21.80,0,205
1649764533.772438,1,300,117,60.01,52.98,1,188
1649764533.797435,1,300,114,60.10,22.32,0,188
1649764533.822432,1,300,115,60.14,21.87,0,188
1649764533.847429,1,300,115,60.02,21.78,0,188
1649764533.872427,1,300,116,60.00,21.85,0,188
1649764533.897424,1,300,118,60.09,22.10,0,188
1649764533.922421,1,300,118,60.10,65.02,1,185
1649764533.947419,1,300,118,59.98,22.38,0,185
1649764533.972416,1,300,116,59.93,27.62,0,185
1649764533.997413,1,300,110,59.67,27.09,0,185
1649764534.022410,1,300,112,59.02,28.08,0,185
1649764534.047408,1,300,112,58.40,28.71,0,185
1649764534.072405,1,300,114,58.26,58.12,1,241
1649764534.097402,1,275,118,58.46,27.78,0,241
1649764534.122400,1,256,113,58.74,26.05,0,241
1649764534.147397,1,264,113,58.93,26.04,0,241
1649764534.172394,1,252,115,59.24,27.03,0,241
1649764534.197391,1,300,128,59.57,27.60,0,241
1649764534.222389,1,276,132,59.65,90.10,1,286
1649764534.247386,1,300,136,59.35,30.83,0,286
1649764534.272383,1,300,137,59.20,31.09,0,286
1649764534.297381,1,295,144,59.23,30.15,0,286
1649764534.322378,1,251,128,59.31,28.59,0,286
1649764534.347375,1,300,150,59.38,28.44,0,286
1649764534.372372,1,259,138,59.82,65.18,1,338
1649764534.397370,1,251,141,60.37,27.24,0,338
1649764534.422367,1,245,141,60.96,25.88,0,338
1649764534.447364,1,297,162,61.48,28.03,0,338
1649764534.472362,1,265,154,62.20,27.96,0,338
1649764534.497359,1,255,148,63.04,26.57,0,338
1649764534.522356,1,300,152,63.91,82.34,1,388
1649764534.547354,1,300,157,64.60,30.07,0,388
1649764534.572351,1,300,155,65.53,30.51,0,388
1649764534.597348,1,300,143,66.52,28.99,0,388
1649764534.622345,1,300,147,67.43,27.92,0,388
1649764534.647343,1,300,157,68.05,30.02,0,388
1649764534.672340,1,300,160,68.79,85.72,1,444
1649764534.697337,1,297,161,69.30,28.22,0,444
1649764534.722334,1,300,165,69.67,29.22,0,444
1649764534.747332,1,300,176,69.96,30.00,0,444
1649764534.772329,1,300,186,70.60,28.89,0,444
1649764534.797326,1,300,183,71.46,28.65,0,444
1649764534.822324,1,300,188,72.57,84.20,1,489
1649764534.847321,1,300,183,73.74,30.34,0,489
1649764534.872318,1,289,174,75.43,30.39,0,489
1649764534.897316,1,300,193,77.30,29.60,0,489
1649764534.922313,1,300,188,79.18,31.41,0,489
1649764534.947310,1,300,184,81.10,29.84,0,489
1649764534.972307,1,300,187,83.32,86.51,1,547
1649764534.997305,1,300,178,85.20,30.34,0,547
1649764535.022302,1,300,168,86.74,30.03,0,547
1649764535.047299,1,300,164,87.83,30.35,0,547
1649764535.072296,1,300,159,89.01,30.23,0,547
1649764535.097294,1,300,151,90.10,29.06,0,547
1649764535.122291,1,300,146,91.15,91.93,1,593
1649764535.147288,1,300,142,92.00,29.36,0,593
1649764535.172286,1,300,158,88.47,29.47,0,593
1649764535.197283,1,300,156,88.62,29.15,0,593
1649764535.222280,1,300,156,89.78,29.18,0,593
1649764535.247277,1,300,156,89.31,28.95,0,593
1649764535.272275,1,300,158,90.31,94.77,1,641
1649764535.297272,1,300,160,85.17,30.25,0,641
1649764535.322269,1,300,166,86.95,28.63,0,641
1649764535.347267,1,300,155,86.15,29.45,0,641
1649764535.372264,1,300,160,88.42,29.21,0,641
1649764535.397261,1,300,146,82.45,28.37,0,641
1649764535.422258,1,300,147,85.25,77.72,1,647
1649764535.447256,1,300,147,79.05,31.21,0,647
1649764535.472253,1,300,140,82.33,28.49,0,647
1649764535.497250,1,300,139,80.25,29.85,0,647
1649764535.522248,1,300,135,83.05,28.83,0,647
1649764535.547245,1,300,134,75.69,28.61,0,647
1649764535.572242,1,300,133,78.56,94.15,1,666
1649764535.597239,1,300,139,74.96,29.77,0,666
1649764535.622237,1,300,139,77.36,29.57,0,666
1649764535.647234,1,300,149,73.51,29.94,0,666
1649764535.672231,1,300,156,76.28,30.76,0,666
1649764535.697229,1,300,155,72.76,30.11,0,666
1649764535.722226,1,300,149,75.67,102.65,1,687
1649764535.747223,1,300,150,72.17,28.60,0,687
1649764535.772221,1,300,142,75.53,29.84,0,687
1649764535.797218,1,300,156,72.35,31.34,0,687
1649764535.822215,1,300,161,75.85,30.46,0,687
1649764535.847212,1,300,162,72.63,30.70,0,687
1649764535.872210,1,300,160,76.50,74.21,1,723
1649764535.897207,1,300,160,73.41,31.61,0,723
1649764535.922204,1,300,160,77.21,30.53,0,723
1649764535.947201,1,300,161,73.99,30.31,0,723
1649764535.972199,1,300,160,78.21,30.51,0,723
1649764535.997196,1,300,157,74.83,30.36,0,723
1649764536.022193,1,296,159,78.13,106.64,1,763
1649764536.047191,1,300,157,73.60,29.93,0,763
1649764536.072188,1,285,153,76.64,29.47,0,763
1649764536.097185,1,281,153,72.16,27.77,0,763
1649764536.122183,1,278,151,75.41,27.84,0,763
1649764536.147180,1,300,164,71.21,29.20,0,763
1649764536.172177,1,300,162,74.87,123.20,1,786
1649764536.197175,1,300,152,70.61,30.46,0,786
1649764536.222172,1,300,149,73.91,29.89,0,786
1649764536.247169,1,282,139,69.62,29.25,0,786
1649764536.272166,1,264,129,73.59,27.86,0,786
1649764536.297163,1,263,134,69.75,27.97,0,786
1649764536.322161,1,257,130,73.65,105.80,1,798
1649764536.347158,1,243,124,69.84,26.64,0,798
1649764536.372155,1,239,112,74.70,26.17,0,798
1649764536.397153,1,225,108,71.71,25.62,0,798
1649764536.422150,1,219,111,76.25,24.70,0,798
1649764536.447147,1,198,96,71.74,23.85,0,798
1649764536.472145,1,186,90,75.17,137.31,1,810
1649764536.497142,1,179,99,70.70,23.31,0,810
1649764536.522139,1,169,101,74.09,22.68,0,810
1649764536.547137,1,165,95,69.74,21.65,0,810
1649764536.572134,1,255,128,73.28,27.09,0,810
1649764536.597131,1,210,112,69.30,27.21,0,810
1649764536.622128,1,202,110,72.68,87.54,1,844
1649764536.647125,1,190,111,68.81,24.59,0,844
1649764536.672123,1,188,107,72.78,23.82,0,844
1649764536.697120,1,180,98,69.35,22.88,0,844
1649764536.722118,1,180,104,72.93,23.19,0,844
1649764536.747115,1,178,98,65.30,22.98,0,844
1649764536.772112,1,186,99,69.54,109.22,1,876
1649764536.797110,1,179,97,65.95,23.88,0,876
1649764536.822107,1,172,95,70.00,22.70,0,876
1649764536.847104,1,175,100,66.24,24.28,0,876
1649764536.872101,1,162,87,70.58,20.54,0,876
1649764536.897099,1,155,91,66.63,20.34,0,876
1649764536.922096,1,160,91,70.21,97.04,1,896
1649764536.947093,1,164,90,65.85,22.09,0,896
1649764536.972090,1,151,82,69.55,20.38,0,896
1649764536.997087,1,146,80,62.07,20.59,0,896
1649764537.022085,1,159,85,65.63,21.40,0,896
1649764537.047082,1,152,73,61.93,21.01,0,896
1649764537.072080,1,146,75,65.94,111.98,1,924
1649764537.097080,1,133,70,62.54,18.94,0,924
1649764537.122077,1,122,61,66.27,18.29,0,924
1649764537.147074,1,118,55,62.75,17.71,0,924
1649764537.172071,1,120,58,66.87,19.15,0,924
1649764537.197069,1,108,55,63.76,17.77,0,924
1649764537.222066,1,101,57,67.68,116.23,1,939
1649764537.247063,1,105,55,64.63,18.79,0,939
1649764537.272061,1,105,61,68.84,17.26,0,939
1649764537.297058,1,176,90,65.70,21.56,0,939
1649764537.322055,1,123,64,68.89,22.76,0,939
1649764537.347052,1,112,62,65.34,17.25,0,939
1649764537.372050,1,134,56,68.12,97.69,1,913
1649764537.397047,1,105,53,64.87,19.22,0,913
1649764537.422044,1,100,42,66.79,15.63,0,913
1649764537.447042,1,82,34,64.11,15.33,0,913
1649764537.472039,1,176,72,66.51,18.50,0,913
1649764537.497036,1,212,97,64.42,24.32,0,913
1649764537.522033,1,171,79,66.54,95.40,1,954
1649764537.547031,1,176,86,64.49,21.85,0,954
1649764537.572028,1,300,94,67.00,29.30,0,954
1649764537.597025,1,106,48,64.94,25.11,0,954
1649764537.622023,1,91,46,66.71,80.08,1,988
1649764537.647020,1,83,42,64.44,15.86,0,988
1649764537.672017,1,75,39,66.20,14.04,0,988
1649764537.697014,1,65,35,64.44,14.38,0,988
1649764537.722012,1,60,32,65.76,12.86,0,988
1649764537.747009,1,57,31,63.96,12.36,0,988
1649764537.772007,1,52,32,65.82,59.05,1,1000
1649764537.797004,1,63,38,64.27,14.27,0,1000
1649764537.822001,1,78,43,65.35,13.73,0,1000
1649764537.846998,1,66,37,64.00,14.34,0,1000
1649764537.871995,1,72,38,65.14,13.78,0,1000
1649764537.896993,1,66,38,64.64,14.16,0,1000
1649764537.921990,1,118,65,65.02,66.73,1,1048
1649764537.946987,1,87,49,64.65,16.03,0,1048
1649764537.971985,1,300,99,65.25,24.83,0,1048
1649764537.996982,1,84,46,65.37,21.79,0,1048
1649764538.021979,1,93,51,65.17,16.48,0,1048
1649764538.046977,1,77,44,65.18,15.51,0,1048
1649764538.071974,1,87,49,65.12,62.54,1,1048
1649764538.096971,1,72,41,65.64,15.82,0,1048
1649764538.121968,1,93,51,64.78,15.11,0,1048
1649764538.146966,1,71,41,65.24,14.61,0,1048
1649764538.171963,1,94,49,64.53,15.68,0,1048
1649764538.196960,1,72,45,65.28,15.34,0,1048
1649764538.221957,1,104,62,63.23,65.62,1,1076
1649764538.246955,1,87,44,63.99,15.79,0,1076
1649764538.271952,1,300,100,61.91,24.50,0,1076
1649764538.296949,1,101,51,63.70,21.73,0,1076
1649764538.321947,1,300,94,60.96,23.89,0,1076
1649764538.346944,1,120,55,62.85,22.27,0,1076
1649764538.371941,1,300,105,60.46,67.16,1,1145
1649764538.396939,1,107,51,63.00,73.38,1,1139
1649764538.421936,1,104,50,59.75,16.77,0,1139
1649764538.446933,1,213,80,62.13,22.42,0,1139
1649764538.471930,1,300,103,59.03,30.58,0,1139
1649764538.496928,1,227,80,62.14,28.20,0,1139
1649764538.521925,1,300,95,58.08,29.76,0,1139
1649764538.546922,1,217,72,60.96,88.22,1,1132
1649764538.571920,1,300,101,57.17,30.05,0,1132
1649764538.596917,1,251,83,60.77,30.04,0,1132
1649764538.621914,1,300,106,56.10,31.86,0,1132
1649764538.646911,1,173,76,59.47,26.47,0,1132
1649764538.671909,1,300,97,55.23,27.51,0,1132
1649764538.696906,1,157,65,66.27,104.41,1,1134
1649764538.721903,1,146,71,61.74,19.43,0,1134
1649764538.746901,1,300,96,65.12,27.17,0,1134
1649764538.771898,1,300,106,61.19,31.72,0,1134
1649764538.796895,1,300,103,65.69,33.92,0,1134
1649764538.821892,1,276,100,61.06,32.53,0,1134
1649764538.846890,1,249,89,64.96,110.99,1,1145
1649764538.871887,1,300,97,61.25,30.71,0,1145
1649764538.896884,1,234,95,66.29,31.33,0,1145
1649764538.921882,1,220,90,61.87,26.60,0,1145
1649764538.946879,1,300,95,66.39,30.62,0,1145
1649764538.971876,1,253,89,62.69,31.57,0,1145
1649764538.996873,1,300,91,68.33,118.41,1,1159
1649764539.021871,1,219,79,63.36,31.37,0,1159
1649764539.046868,1,222,80,68.29,26.74,0,1159
1649764539.071865,1,143,66,64.47,108.47,1,1116
1649764539.096863,1,147,66,71.07,19.14,0,1116
1649764539.121860,1,133,69,65.71,20.32,0,1116
1649764539.146857,1,145,68,71.14,18.87,0,1116
1649764539.171854,1,138,63,66.53,18.15,0,1116
1649764539.196852,1,156,69,73.08,19.34,0,1116
1649764539.221849,1,300,92,67.09,104.62,1,1158
1649764539.246846,1,196,80,72.65,31.90,0,1158
1649764539.271844,1,300,98,68.31,28.76,0,1158
1649764539.296841,1,300,91,75.66,34.97,0,1158
1649764539.321838,1,300,107,70.01,34.55,0,1158
1649764539.346835,1,262,87,76.44,31.08,0,1158
1649764539.371833,1,300,100,72.27,101.37,1,1184
1649764539.396830,1,191,72,80.46,27.87,0,1184
1649764539.421827,1,174,61,74.79,73.58,1,1191
1649764539.446825,1,224,74,82.00,24.11,0,1191
1649764539.471822,1,170,65,77.99,24.80,0,1191
1649764539.496819,1,300,86,86.62,28.07,0,1191
1649764539.521816,1,300,83,74.31,34.16,0,1191
1649764539.546814,1,300,85,82.24,33.14,0,1191
1649764539.571811,1,168,65,76.71,90.13,1,1223
1649764539.596808,1,300,98,86.46,27.99,0,1223
1649764539.621806,1,142,58,73.40,28.65,0,1223
1649764539.646803,1,300,83,82.59,27.25,0,1223
1649764539.671800,1,300,77,72.41,35.26,0,1223
1649764539.696797,1,300,86,83.18,36.45,0,1223
1649764539.721795,1,300,76,70.39,116.75,1,1232
1649764539.746792,1,300,88,79.89,36.76,0,1232
1649764539.771790,1,300,74,73.09,33.75,0,1232
1649764539.796787,1,300,83,83.79,33.53,0,1232
1649764539.821784,1,238,69,70.61,34.14,0,1232
1649764539.846781,1,300,76,80.10,30.15,0,1232
1649764539.871778,1,300,69,73.85,98.64,1,1238
1649764539.896776,1,300,82,84.53,34.34,0,1238
1649764539.921773,1,300,73,71.07,34.60,0,1238
1649764539.946770,1,300,76,80.29,33.13,0,1238
1649764539.971768,1,300,73,74.57,35.25,0,1238
1649764539.996765,1,300,81,84.82,37.12,0,1238
1649764540.021762,1,300,63,72.41,85.06,1,1234
1649764540.046760,1,300,69,81.21,37.55,0,1234
1649764540.071757,1,186,50,76.15,33.38,0,1234
1649764540.096754,1,300,60,85.63,29.97,0,1234
1649764540.121752,1,196,48,72.72,31.70,0,1234
1649764540.146749,1,300,61,80.31,29.17,0,1234
1649764540.171746,1,300,64,75.83,81.32,1,1233
1649764540.196743,1,300,61,84.57,35.09,0,1233
1649764540.221740,1,137,47,73.26,84.56,1,1200
1649764540.246738,1,300,62,80.56,26.78,0,1200
1649764540.271735,1,161,45,77.24,31.02,0,1200
1649764540.296732,1,127,46,85.13,22.48,0,1200
1649764540.321730,1,106,37,74.48,19.82,0,1200
1649764540.346727,1,300,47,80.79,26.18,0,1200
1649764540.371724,1,168,41,78.36,67.79,1,1177
1649764540.396722,1,158,40,85.27,22.41,0,1177
1649764540.421719,1,130,36,80.23,24.85,0,1177
1649764540.446716,1,106,36,85.44,19.90,0,1177
1649764540.471714,1,98,26,83.90,52.10,1,1181
1649764540.496711,1,90,28,89.51,16.10,0,1181
1649764540.521708,1,104,31,81.63,17.27,0,1181
1649764540.546705,1,293,39,86.02,26.49,0,1181
1649764540.571703,1,300,38,86.70,42.30,0,1181
1649764540.596700,1,150,36,92.10,28.49,0,1181
1649764540.621697,1,300,34,91.15,89.92,1,1204
1649764540.646694,1,300,32,95.63,38.88,0,1204
1649764540.671692,1,300,31,98.36,39.60,0,1204
1649764540.696689,1,152,27,103.04,85.29,1,1210
1649764540.721686,1,92,32,98.13,20.36,0,1210
1649764540.746684,1,101,33,101.20,15.95,0,1210
1649764540.771681,1,125,44,99.07,17.53,0,1210
1649764540.796678,1,140,82,93.32,19.96,0,1210
1649764540.821676,1,160,109,84.31,21.38,0,1210
1649764540.846673,1,279,154,79.13,93.83,1,1260
1649764540.871670,1,223,148,79.42,28.35,0,1260
1649764540.896667,1,202,143,78.01,23.96,0,1260
1649764540.921665,1,189,139,76.31,22.74,0,1260
1649764540.946662,1,188,135,74.47,22.37,0,1260
1649764540.971659,1,300,170,75.24,28.67,0,1260
1649764540.996656,1,297,173,73.84,110.01,1,1306
1649764541.021654,1,249,146,73.38,28.53,0,1306
1649764541.046651,1,223,134,71.08,25.23,0,1306
1649764541.071648,1,172,108,72.35,87.99,1,1317
1649764541.096648,1,300,151,70.08,28.20,0,1317
1649764541.121645,1,236,140,69.99,28.11,0,1317
1649764541.146642,1,300,151,67.00,31.78,0,1317
1649764541.171639,1,300,167,69.00,37.63,0,1317
1649764541.196637,1,300,159,66.29,31.98,0,1317
1649764541.221634,1,300,142,67.22,79.02,1,1382
1649764541.246631,1,300,160,64.08,35.80,0,1382
1649764541.271629,1,184,111,76.69,28.47,0,1382
1649764541.296626,1,299,124,73.44,27.62,0,1382
1649764541.321623,1,208,105,76.03,28.31,0,1382
1649764541.346621,1,155,88,71.96,100.41,1,1375
1649764541.371618,1,128,82,77.20,19.43,0,1375
1649764541.396615,1,126,82,73.26,18.16,0,1375
1649764541.421613,1,119,74,76.39,17.49,0,1375
1649764541.446610,1,300,128,70.46,25.72,0,1375
1649764541.471607,1,289,118,74.90,35.95,0,1375
1649764541.496604,1,230,111,68.36,108.07,1,1419
1649764541.521602,1,300,94,71.03,33.03,0,1419
1649764541.546599,1,300,96,64.09,33.38,0,1419
1649764541.571596,1,94,47,69.71,107.27,1,1381
1649764541.596594,1,300,76,63.36,26.76,0,1381
1649764541.621591,1,300,83,67.45,43.51,0,1381
1649764541.646588,1,300,95,60.33,38.35,0,1381
1649764541.671586,1,300,84,76.17,41.41,0,1381
1649764541.696583,1,300,105,67.77,39.34,0,1381
1649764541.721580,1,300,95,73.17,83.75,1,1366
1649764541.746578,1,300,113,63.96,35.61,0,1366
1649764541.771575,1,300,110,71.78,37.78,0,1366
1649764541.796572,1,300,102,62.47,34.09,0,1366
1649764541.821569,1,300,91,68.41,35.25,0,1366
1649764541.846567,1,300,74,58.68,36.13,0,1366
1649764541.871564,1,300,66,67.27,112.51,1,1378
1649764541.896561,1,300,67,57.59,37.73,0,1378
1649764541.921559,1,300,57,64.40,38.23,0,1378
1649764541.946556,1,300,62,54.35,39.30,0,1378
1649764541.971553,1,300,65,72.37,33.79,0,1378
1649764541.996550,1,300,67,60.98,35.43,0,1378
1649764542.021548,1,300,72,69.69,81.41,1,1394
1649764542.046545,1,300,74,58.31,34.03,0,1394
1649764542.071543,1,300,84,70.00,34.52,0,1394
1649764542.096540,1,300,84,58.54,35.26,0,1394
1649764542.121537,1,300,83,68.42,33.77,0,1394
1649764542.146534,1,300,79,56.79,32.50,0,1394
1649764542.171531,1,300,88,69.26,127.27,1,1372
1649764542.196529,1,300,93,57.18,36.71,0,1372
1649764542.221526,1,300,93,67.60,36.08,0,1372
1649764542.246523,1,300,107,55.12,35.26,0,1372
1649764542.271521,1,300,113,68.00,35.26,0,1372
1649764542.296518,1,300,99,55.05,33.71,0,1372
1649764542.321516,1,300,106,65.88,117.94,1,1385
1649764542.346513,1,300,106,52.86,34.93,0,1385
1649764542.371510,1,300,108,75.35,35.03,0,1385
1649764542.396508,1,300,111,57.00,35.44,0,1385
1649764542.421504,1,300,116,69.24,33.82,0,1385
1649764542.446502,1,300,106,55.56,38.06,0,1385
1649764542.471499,1,300,108,70.58,106.52,1,1385
1649764542.496496,1,300,102,56.60,36.28,0,1385
1649764542.521494,1,300,101,69.60,37.73,0,1385
1649764542.546491,1,300,79,55.76,35.07,0,1385
1649764542.571489,1,293,88,71.17,35.20,0,1385
1649764542.596486,1,298,80,56.72,34.37,0,1385
1649764542.621483,1,300,85,70.13,104.54,1,1329
1649764542.646480,1,300,81,55.82,33.06,0,1329
1649764542.671478,1,267,86,71.61,34.80,0,1329
1649764542.696475,1,181,69,56.69,28.17,0,1329
1649764542.721472,1,236,79,70.48,27.71,0,1329
1649764542.746470,1,182,68,55.82,28.10,0,1329
1649764542.771467,1,181,71,71.73,102.85,1,1323
1649764542.796464,1,81,49,53.44,76.37,1,1290
1649764542.821461,1,77,51,66.90,15.34,0,1290
1649764542.846459,1,90,46,52.85,16.00,0,1290
1649764542.871456,1,83,46,77.49,15.15,0,1290
1649764542.896453,1,74,45,55.56,15.54,0,1290
1649764542.921451,1,80,42,69.31,14.44,0,1290
1649764542.946448,1,77,43,54.75,75.43,1,1307
1649764542.971445,1,300,64,70.23,23.87,0,1307
1649764542.996443,1,300,71,55.18,33.69,0,1307
1649764543.021440,1,300,72,68.82,35.51,0,1307
1649764543.046437,1,300,90,54.27,33.81,0,1307
1649764543.071434,1,184,73,79.05,29.97,0,1307
1649764543.096432,1,116,57,56.04,92.63,1,1294
1649764543.121429,1,177,73,69.74,20.54,0,1294
1649764543.146426,1,123,62,54.82,20.30,0,1294
1649764543.171424,1,153,71,70.27,19.70,0,1294
1649764543.196421,1,120,62,54.74,18.19,0,1294
1649764543.221418,1,300,96,68.67,25.85,0,1294
1649764543.246416,1,123,67,53.92,97.40,1,1247
1649764543.271413,1,167,83,78.85,21.09,0,1247
1649764543.296410,1,206,98,55.82,23.46,0,1247
1649764543.321408,1,300,121,69.80,31.07,0,1247
1649764543.346405,1,300,117,54.55,32.62,0,1247
1649764543.371402,1,205,102,79.38,29.44,0,1247
1649764543.396399,1,300,118,56.49,97.43,1,1269
1649764543.421397,1,228,100,70.44,29.78,0,1269
1649764543.446394,1,300,116,55.27,32.90,0,1269
1649764543.471391,1,300,126,70.75,35.42,0,1269
1649764543.496389,1,156,91,51.94,87.11,1,1245
1649764543.521386,1,226,113,74.49,25.81,0,1245
1649764543.546383,1,280,118,54.32,30.34,0,1245
1649764543.571381,1,300,126,70.11,33.79,0,1245
1649764543.596378,1,157,105,54.47,27.37,0,1245
1649764543.621375,1,300,132,68.95,27.27,0,1245
1649764543.646372,1,300,124,54.19,77.03,1,1307
1649764543.671370,1,300,140,70.05,34.02,0,1307
1649764543.696367,1,163,112,54.25,68.11,1,1320
1649764543.721364,1,300,140,68.46,28.31,0,1320
1649764543.746361,1,300,139,53.61,33.60,0,1320
1649764543.771359,1,226,132,68.58,30.93,0,1320
1649764543.796356,1,300,148,52.88,30.13,0,1320
1649764543.821354,1,300,156,66.17,33.60,0,1320
1649764543.846351,1,300,161,51.70,110.66,1,1430
1649764543.871348,1,270,184,75.37,32.60,0,1430
1649764543.896346,1,300,185,55.38,31.95,0,1430
1649764543.921343,1,300,207,78.09,33.20,0,1430
1649764543.946340,1,300,211,62.11,32.91,0,1430
1649764543.971337,1,300,224,77.68,33.87,0,1430
1649764543.996335,1,300,215,61.19,113.57,1,1544
1649764544.021332,1,300,212,75.44,33.83,0,1544
1649764544.046329,1,300,208,60.69,33.41,0,1544
1649764544.071327,1,300,224,76.13,33.91,0,1544
1649764544.096324,1,300,223,60.63,33.31,0,1544
1649764544.121321,1,300,226,74.65,33.36,0,1544
1649764544.146319,1,300,233,60.64,130.56,1,1648
1649764544.171316,1,300,220,75.75,33.78,0,1648
1649764544.196313,1,300,226,60.72,32.90,0,1648
1649764544.221310,1,300,224,74.17,33.77,0,1648
1649764544.246308,1,300,227,60.45,32.38,0,1648
1649764544.271305,1,300,204,84.17,32.95,0,1648
1649764544.296302,1,300,227,64.62,85.94,1,1723
1649764544.321300,1,300,217,77.04,33.26,0,1723
1649764544.346297,1,300,222,63.91,35.51,0,1723
1649764544.371294,1,300,214,77.14,33.97,0,1723
1649764544.396291,1,300,221,63.43,32.70,0,1723
1649764544.421289,1,300,214,75.59,32.36,0,1723
1649764544.446286,1,300,224,63.38,99.39,1,1761
1649764544.471283,1,300,218,76.74,33.45,0,1761
1649764544.496281,1,300,227,63.49,32.78,0,1761
1649764544.521278,1,272,200,75.96,30.75,0,1761
1649764544.546275,1,300,228,63.83,32.11,0,1761
1649764544.571273,1,300,218,77.45,33.62,0,1761
1649764544.596270,1,300,227,64.00,101.72,1,1846
1649764544.621267,1,300,215,76.47,33.13,0,1846
1649764544.646265,1,300,217,64.34,32.59,0,1846
1649764544.671262,1,300,212,77.73,32.28,0,1846
1649764544.696259,1,300,216,64.48,33.20,0,1846
1649764544.721256,1,300,207,76.78,33.91,0,1846
1649764544.746254,1,300,214,65.04,128.96,1,1929
1649764544.771251,1,300,213,78.14,33.66,0,1929
1649764544.796248,1,300,215,65.15,32.33,0,1929
1649764544.821246,1,300,204,77.05,32.05,0,1929
1649764544.846243,1,300,201,65.63,31.19,0,1929
1649764544.871240,1,300,199,78.29,32.74,0,1929
1649764544.896238,1,300,201,65.62,128.25,1,1983
1649764544.921235,1,300,209,77.14,33.79,0,1983
1649764544.946232,1,300,200,66.14,32.14,0,1983
1649764544.971230,1,300,210,78.37,33.16,0,1983
1649764544.996227,1,300,206,66.28,32.70,0,1983
1649764545.021224,1,300,207,77.43,34.33,0,1983
1649764545.046221,1,300,209,67.05,122.80,1,1974
1649764545.071219,1,300,211,78.87,33.09,0,1974
1649764545.096216,1,300,197,67.29,31.70,0,1974
1649764545.121213,1,300,201,78.12,31.88,0,1974
1649764545.146211,1,300,193,68.28,32.18,0,1974
1649764545.171208,1,300,193,79.99,32.16,0,1974
1649764545.196205,1,300,194,68.92,126.72,1,1985
1649764545.221202,1,300,201,79.81,32.62,0,1985
1649764545.246200,1,300,190,70.62,31.52,0,1985
1649764545.271197,1,300,198,82.40,31.58,0,1985
1649764545.296194,1,300,186,67.45,32.15,0,1985
1649764545.321192,1,300,188,78.15,32.53,0,1985
1649764545.346189,1,300,183,69.36,115.10,1,2067
1649764545.371186,1,300,179,80.67,32.86,0,2067
1649764545.396183,1,300,157,70.38,31.74,0,2067
1649764545.421181,1,300,168,80.86,29.80,0,2067
1649764545.446178,1,300,163,72.36,30.24,0,2067
1649764545.471175,1,300,173,83.36,30.99,0,2067
1649764545.496173,1,300,167,68.94,130.66,1,2071
1649764545.521170,1,300,171,78.66,31.05,0,2071
1649764545.546168,1,300,156,70.57,30.39,0,2071
1649764545.571165,1,300,155,80.38,31.36,0,2071
1649764545.596162,1,300,151,66.87,30.97,0,2071
1649764545.621159,1,300,146,75.27,29.95,0,2071
1649764545.646157,1,300,146,67.55,128.07,1,2108
1649764545.671154,1,300,134,76.22,31.63,0,2108
1649764545.696151,1,300,144,67.34,29.15,0,2108
1649764545.721148,1,300,132,75.13,29.20,0,2108
1649764545.746146,1,300,130,68.27,29.02,0,2108
1649764545.771143,1,300,128,76.46,30.40,0,2108
1649764545.796140,1,300,124,68.37,128.24,1,2058
1649764545.821138,1,300,120,75.63,30.97,0,2058
1649764545.846135,1,300,122,69.51,29.58,0,2058
1649764545.871132,1,300,123,77.04,29.42,0,2058
1649764545.896130,1,300,122,69.58,29.64,0,2058
1649764545.921127,1,300,120,76.10,30.20,0,2058
1649764545.946124,1,300,113,70.72,125.79,1,2028
1649764545.971121,1,300,107,77.56,30.01,0,2028
1649764545.996119,1,300,106,67.14,31.12,0,2028
1649764546.021116,1,300,111,72.88,30.51,0,2028
1649764546.046113,1,300,98,68.46,29.99,0,2028
1649764546.071111,1,300,99,74.12,28.91,0,2028
1649764546.096108,1,300,91,68.43,106.63,1,2013
1649764546.121105,1,300,86,73.18,30.15,0,2013
1649764546.146103,1,300,81,69.40,30.09,0,2013
1649764546.171100,1,300,81,74.25,29.29,0,2013
1649764546.196097,1,300,73,69.35,29.95,0,2013
1649764546.221095,1,300,77,73.23,30.36,0,2013
1649764546.246092,1,300,69,70.17,119.56,1,2008
1649764546.271089,1,300,74,73.85,30.01,0,2008
1649764546.296087,1,300,60,69.31,30.62,0,2008
1649764546.321084,1,300,60,71.86,29.38,0,2008
1649764546.346081,1,300,58,69.07,31.33,0,2008
1649764546.371078,1,300,54,71.47,31.84,0,2008
1649764546.396076,1,300,52,67.68,136.90,1,2006
1649764546.421073,1,300,53,69.55,31.81,0,2006
1649764546.446070,1,300,45,67.81,31.33,0,2006
1649764546.471068,1,300,41,69.85,30.15,0,2006
1649764546.496065,1,300,42,67.25,32.61,0,2006
1649764546.521062,1,300,39,68.58,31.54,0,2006
1649764546.546060,1,300,40,67.52,135.49,1,1996
1649764546.571057,1,300,34,68.64,31.18,0,1996
1649764546.596054,1,300,33,66.56,30.00,0,1996
1649764546.621051,1,300,31,67.05,31.52,0,1996
1649764546.646049,1,300,32,66.25,30.30,0,1996
1649764546.671046,1,300,32,66.54,30.89,0,1996
1649764546.696043,1,300,29,65.19,127.53,1,1999
1649764546.721041,1,300,26,65.07,31.74,0,1999
1649764546.746038,1,300,20,65.34,30.45,0,1999
1649764546.771035,1,300,17,65.10,30.23,0,1999
1649764546.796032,1,300,15,64.36,29.95,0,1999
1649764546.821030,1,300,16,63.61,29.71,0,1999
1649764546.846027,1,300,15,64.25,176.08,1,2006
1649764546.871024,1,300,18,63.48,30.44,0,2006
1649764546.896022,1,300,16,63.19,29.68,0,2006
1649764546.921019,1,300,17,61.92,31.12,0,2006
1649764546.946017,1,300,17,63.03,31.24,0,2006
1649764546.971014,1,300,16,61.82,30.92,0,2006
1649764546.996011,1,300,15,62.19,156.42,1,2038
1649764547.021008,1,300,12,60.59,30.85,0,2038
1649764547.046005,1,300,12,62.39,31.46,0,2038
1649764547.071003,1,300,10,60.89,31.67,0,2038
1649764547.096002,1,300,7,62.00,31.99,0,2038
1649764547.120999,1,300,4,60.38,32.04,0,2038
1649764547.145997,1,300,4,62.81,193.15,1,2018
1649764547.170994,1,300,6,61.26,31.91,0,2018
1649764547.195991,1,300,8,62.86,31.26,0,2018
1649764547.220989,1,300,7,60.94,31.45,0,2018
1649764547.245986,1,300,7,63.51,31.48,0,2018
1649764547.270983,1,300,4,61.64,31.15,0,2018
1649764547.295981,1,300,5,63.50,150.96,1,2010
1649764547.320978,1,300,7,61.38,32.10,0,2010
1649764547.345975,1,300,6,64.19,38.85,0,2010
1649764547.370972,1,300,5,62.19,31.65,0,2010
1649764547.395970,1,300,7,64.27,32.16,0,2010
1649764547.420967,1,300,9,62.15,31.34,0,2010
1649764547.445965,1,300,4,65.13,136.46,1,1969
1649764547.470962,1,300,5,63.11,32.02,0,1969
1649764547.495959,1,300,7,65.38,31.39,0,1969
1649764547.520957,1,300,5,63.17,29.92,0,1969
1649764547.545954,1,300,5,66.13,31.44,0,1969
1649764547.570951,1,300,8,63.92,29.96,0,1969
1649764547.595948,1,300,6,66.33,113.96,1,1883
1649764547.620946,1,300,3,64.06,31.72,0,1883
1649764547.645943,1,300,5,67.11,31.47,0,1883
1649764547.670940,1,300,6,64.98,31.28,0,1883
1649764547.695938,1,300,7,67.34,31.53,0,1883
1649764547.720935,1,300,6,65.07,31.34,0,1883
1649764547.745932,1,300,5,67.79,127.43,1,1825
1649764547.770929,1,300,8,65.51,30.79,0,1825
1649764547.795927,1,300,5,67.74,30.37,0,1825
1649764547.820924,1,300,5,65.73,31.00,0,1825
1649764547.845921,1,300,6,68.42,32.46,0,1825
1649764547.870919,1,300,12,66.81,30.88,0,1825
1649764547.895916,1,300,14,69.25,109.22,1,1706
1649764547.920913,1,300,9,68.06,31.66,0,1706
1649764547.945910,1,300,10,70.88,31.52,0,1706
1649764547.970908,1,300,8,70.05,30.18,0,1706
1649764547.995905,1,300,11,72.49,31.80,0,1706
1649764548.020902,1,300,17,71.63,30.27,0,1706
1649764548.045900,1,300,28,73.69,117.68,1,1649
1649764548.070897,1,300,33,72.99,29.67,0,1649
1649764548.095894,1,300,48,74.44,29.28,0,1649
1649764548.120892,1,300,51,73.98,28.91,0,1649
1649764548.145889,1,300,57,75.52,30.45,0,1649
1649764548.170886,1,300,65,75.23,28.99,0,1649
1649764548.195884,1,300,76,76.49,95.98,1,1586
1649764548.220881,1,300,82,76.40,28.48,0,1586
1649764548.245878,1,300,89,78.02,27.93,0,1586
1649764548.270875,1,300,95,78.54,26.06,0,1586
1649764548.295873,1,300,96,75.87,25.85,0,1586
1649764548.320870,1,300,105,75.94,26.26,0,1586
1649764548.345867,1,287,108,72.88,133.92,1,1539
1649764548.370865,1,300,113,72.92,25.62,0,1539
1649764548.395862,1,300,114,73.92,25.68,0,1539
1649764548.420859,1,300,115,74.07,26.51,0,1539
1649764548.445857,1,300,112,71.06,24.92,0,1539
1649764548.470854,1,300,109,71.18,24.30,0,1539
1649764548.495851,1,300,109,71.94,87.84,1,1482
1649764548.520849,1,300,108,71.98,24.61,0,1482
1649764548.545846,1,300,106,72.49,24.21,0,1482
1649764548.570843,1,300,104,72.32,23.93,0,1482
1649764548.595840,1,300,102,72.65,24.44,0,1482
1649764548.620838,1,300,107,72.41,24.32,0,1482
1649764548.645835,1,300,105,72.59,90.80,1,1417
1649764548.670832,1,300,108,72.29,24.75,0,1417
1649764548.695829,1,300,105,72.42,24.57,0,1417
1649764548.720827,1,300,107,72.11,23.82,0,1417
1649764548.745824,1,300,106,72.29,24.30,0,1417
1649764548.770822,1,300,105,72.02,23.91,0,1417
1649764548.795819,1,300,102,72.25,88.05,1,1324
1649764548.820816,1,300,107,72.02,24.55,0,1324
1649764548.845814,1,300,109,72.18,24.72,0,1324
1649764548.870811,1,300,107,71.85,24.38,0,1324
1649764548.895808,1,296,102,71.95,24.21,0,1324
1649764548.920805,1,300,110,71.65,24.60,0,1324
1649764548.945802,1,300,110,71.80,89.21,1,1246
1649764548.970800,1,300,112,71.59,25.43,0,1246
1649764548.995797,1,300,114,71.84,24.83,0,1246
1649764549.020795,1,300,113,71.68,25.19,0,1246
1649764549.045792,1,300,113,71.90,25.43,0,1246
1649764549.070789,1,300,113,71.76,25.49,0,1246
1649764549.095787,1,300,117,72.02,89.10,1,1161
1649764549.120784,1,300,114,71.90,25.42,0,1161
1649764549.145781,1,300,114,72.17,24.70,0,1161
1649764549.170778,1,300,114,72.17,24.54,0,1161
1649764549.195776,1,300,113,72.62,24.30,0,1161
1649764549.220773,1,300,108,72.69,24.23,0,1161
1649764549.245770,1,300,115,73.00,99.50,1,1060
1649764549.270768,1,300,117,72.86,25.32,0,1060
1649764549.295765,1,300,118,72.88,25.19,0,1060
1649764549.320762,1,300,118,72.43,25.16,0,1060
1649764549.345759,1,300,118,72.25,24.98,0,1060
1649764549.370757,1,300,119,71.72,25.01,0,1060
1649764549.395754,1,300,119,71.64,87.27,1,974
1649764549.420751,1,300,120,71.35,25.26,0,974
1649764549.445749,1,300,118,71.43,25.05,0,974
1649764549.470746,1,300,119,71.16,24.87,0,974
1649764549.495743,1,300,123,71.24,25.47,0,974
1649764549.520741,1,300,117,70.97,24.72,0,974
1649764549.545738,1,300,121,71.01,90.46,1,906
1649764549.570735,1,300,128,70.69,25.94,0,906
1649764549.595732,1,292,131,70.74,25.37,0,906
1649764549.620730,1,300,140,70.39,26.50,0,906
1649764549.645727,1,300,138,70.35,27.09,0,906
1649764549.670724,1,300,130,69.93,26.59,0,906
1649764549.695722,1,300,123,69.83,86.60,1,865
1649764549.720719,1,291,126,69.48,26.00,0,865
1649764549.745716,1,300,141,69.49,26.83,0,865
1649764549.770714,1,300,142,69.25,27.19,0,865
1649764549.795711,1,300,141,69.29,26.93,0,865
1649764549.820708,1,298,143,69.00,26.86,0,865
1649764549.845706,1,300,130,68.99,88.69,1,870
1649764549.870703,1,299,123,68.69,27.09,0,870
1649764549.895700,1,300,124,68.69,26.15,0,870
1649764549.920697,1,300,120,68.51,25.85,0,870
1649764549.945695,1,300,118,68.59,26.07,0,870
1649764549.970692,1,300,114,68.41,25.32,0,870
1649764549.995689,1,300,119,68.49,117.56,1,853
1649764550.020687,1,300,119,68.33,25.96,0,853
1649764550.045684,1,300,121,68.41,20.57,0,853
1649764550.070681,1,300,120,68.23,25.98,0,853
1649764550.095679,1,300,129,68.29,28.45,0,853
1649764550.120676,1,300,129,68.16,27.20,0,853
1649764550.145673,1,300,132,68.28,93.24,1,837
1649764550.170670,1,300,136,68.18,27.69,0,837
1649764550.195668,1,300,139,68.32,26.89,0,837
1649764550.220665,1,300,135,68.27,28.46,0,837
1649764550.245662,1,295,131,68.49,25.68,0,837
1649764550.270660,1,290,132,68.53,26.70,0,837
1649764550.295657,1,300,140,68.78,95.10,1,834
1649764550.320654,1,300,146,68.86,27.17,0,834
1649764550.345652,1,300,142,69.09,27.13,0,834
1649764550.370649,1,300,133,69.13,26.08,0,834
1649764550.395646,1,294,131,69.36,26.93,0,834
1649764550.420643,1,300,136,69.44,27.70,0,834
1649764550.445641,1,290,133,69.76,162.31,1,820
1649764550.470638,1,285,126,69.93,26.92,0,820
1649764550.495635,1,300,128,70.34,27.43,0,820
1649764550.520633,1,283,124,70.68,26.88,0,820
1649764550.545630,1,300,127,71.33,28.34,0,820
1649764550.570627,1,278,122,71.84,27.48,0,820
1649764550.595625,1,264,113,72.61,117.11,1,802
1649764550.620622,1,251,115,73.14,26.05,0,802
1649764550.645619,1,269,119,73.80,26.20,0,802
1649764550.670617,1,300,124,74.19,28.68,0,802
1649764550.695614,1,260,124,74.74,27.15,0,802
1649764550.720611,1,246,112,75.06,25.32,0,802
1649764550.745608,1,300,116,75.46,135.65,1,794
1649764550.770606,1,300,113,75.69,29.91,0,794
1649764550.795603,1,300,113,76.06,30.51,0,794
1649764550.820600,1,300,120,76.25,31.24,0,794
1649764550.845598,1,300,121,76.66,30.09,0,794
1649764550.870595,1,300,118,76.91,30.51,0,794
1649764550.895592,1,265,112,77.34,136.54,1,812
1649764550.920590,1,256,112,77.69,26.87,0,812
1649764550.945587,1,300,113,78.21,29.81,0,812
1649764550.970584,1,281,111,78.53,27.74,0,812
1649764550.995581,1,265,105,74.49,27.06,0,812
1649764551.020579,1,255,101,74.71,25.59,0,812
1649764551.045576,1,251,99,75.12,128.27,1,781
1649764551.070573,1,300,110,75.41,28.58,0,781
1649764551.095574,1,272,92,75.74,27.14,0,781
1649764551.120571,1,300,96,75.85,29.27,0,781
1649764551.145569,1,300,92,76.12,29.32,0,781
1649764551.170566,1,273,81,76.32,27.12,0,781
1649764551.195564,1,254,77,76.63,131.29,1,778
1649764551.220561,1,241,77,76.76,26.03,0,778
1649764551.245558,1,234,73,77.06,25.00,0,778
1649764551.270555,1,236,66,77.25,23.63,0,778
1649764551.295553,1,233,59,77.52,23.62,0,778
1649764551.320550,1,225,52,77.58,23.08,0,778
1649764551.345547,1,222,57,77.65,117.10,1,761
1649764551.370545,1,220,55,77.46,23.36,0,761
1649764551.395542,1,213,52,77.36,22.54,0,761
1649764551.420539,1,212,47,76.94,21.77,0,761
1649764551.445537,1,203,48,76.57,22.41,0,761
1649764551.470534,1,210,45,76.17,22.32,0,761
1649764551.495531,1,204,49,76.20,132.94,1,750
1649764551.520529,1,202,49,76.27,21.73,0,750
1649764551.545526,1,199,55,76.54,21.15,0,750
1649764551.570523,1,196,44,76.78,21.12,0,750
1649764551.595520,1,300,56,77.30,25.38,0,750
1649764551.620518,1,238,60,77.64,26.56,0,750
1649764551.645515,1,209,57,78.06,153.95,1,740
1649764551.670512,1,196,53,78.44,22.62,0,740
1649764551.695510,1,209,64,78.78,22.98,0,740
1649764551.720507,1,195,68,78.78,22.15,0,740
1649764551.745504,1,187,68,78.72,23.08,0,740
1649764551.770502,1,186,69,78.44,22.57,0,740
1649764551.795499,1,201,75,78.09,157.36,1,763
1649764551.820496,1,219,76,77.58,25.11,0,763
1649764551.845494,1,241,80,77.11,27.20,0,763
1649764551.870491,1,300,82,76.52,28.46,0,763
1649764551.895488,1,300,80,75.93,30.14,0,763
1649764551.920486,1,300,88,75.24,31.58,0,763
1649764551.945483,1,258,87,74.57,142.58,1,772
1649764551.970480,1,300,92,73.88,29.37,0,772
1649764551.995477,1,300,92,73.20,30.99,0,772
1649764552.020475,1,300,99,72.40,31.61,0,772
1649764552.045472,1,300,106,71.50,33.47,0,772
1649764552.070470,1,300,111,70.54,33.30,0,772
1649764552.095467,1,300,114,69.47,162.93,1,770
1649764552.120464,1,300,108,68.37,32.80,0,770
1649764552.145462,1,300,105,67.22,31.30,0,770
1649764552.170459,1,300,96,66.07,31.31,0,770
1649764552.195456,1,300,100,64.96,31.17,0,770
1649764552.220453,1,300,102,63.95,31.93,0,770
1649764552.245450,1,300,98,62.91,115.88,1,706
1649764552.270448,1,300,98,61.98,30.52,0,706
1649764552.295445,1,300,94,61.01,30.96,0,706
1649764552.320443,1,300,101,60.13,30.33,0,706
1649764552.345440,1,300,105,59.22,31.02,0,706
1649764552.370437,1,300,108,58.48,31.82,0,706
1649764552.395434,1,300,107,57.73,140.53,1,672
1649764552.420432,1,300,107,64.91,31.07,0,672
1649764552.445429,1,274,118,64.29,29.28,0,672
1649764552.470427,1,262,116,63.94,28.85,0,672
1649764552.495424,1,259,118,63.76,27.80,0,672
1649764552.520421,1,263,118,63.80,28.13,0,672
1649764552.545419,1,265,116,63.81,108.88,1,652
1649764552.570416,1,291,117,63.84,29.31,0,652
1649764552.595413,1,292,110,63.79,29.14,0,652
1649764552.620410,1,292,111,63.83,28.65,0,652
1649764552.645408,1,294,110,63.81,29.02,0,652
1649764552.670405,1,300,102,63.94,29.44,0,652
1649764552.695402,1,300,107,64.05,100.97,1,654
1649764552.720400,1,300,111,64.30,24.20,0,654
1649764552.745397,1,300,113,64.47,30.35,0,654
1649764552.770394,1,300,110,64.73,28.26,0,654
1649764552.795392,1,300,109,64.88,23.83,0,654
1649764552.820389,1,300,106,65.12,28.78,0,654
1649764552.845386,1,300,109,65.21,104.59,1,684
1649764552.870384,1,300,110,65.38,28.72,0,684
1649764552.895381,1,300,114,65.32,23.52,0,684
1649764552.920378,1,300,113,65.28,23.02,0,684
1649764552.945375,1,300,113,65.08,23.28,0,684
1649764552.970373,1,300,112,64.97,28.96,0,684
1649764552.995370,1,300,112,64.66,112.49,1,687
1649764553.020368,1,299,115,64.51,29.06,0,687
1649764553.045365,1,300,115,64.24,29.42,0,687
1649764553.070362,1,300,111,64.12,23.67,0,687
1649764553.095360,1,300,112,63.95,29.78,0,687
1649764553.120357,1,300,115,63.96,29.28,0,687
1649764553.145354,1,300,110,63.88,132.36,1,676
1649764553.170351,1,300,112,64.05,23.75,0,676
1649764553.195349,1,300,112,64.10,23.48,0,676
1649764553.220346,1,300,112,64.36,23.95,0,676
1649764553.245343,1,300,111,64.45,23.77,0,676
1649764553.270341,1,300,108,64.72,23.77,0,676
1649764553.295338,1,300,109,64.73,127.72,1,668
1649764553.320335,1,300,112,64.79,23.47,0,668
1649764553.345333,1,300,109,64.58,28.72,0,668
1649764553.370330,1,300,112,64.58,23.81,0,668
1649764553.395327,1,300,112,64.36,23.76,0,668
1649764553.420325,1,300,109,64.34,23.34,0,668
1649764553.445322,1,300,107,64.12,98.38,1,657
1649764553.470319,1,300,106,64.05,23.38,0,657
1649764553.495317,1,300,103,63.79,28.76,0,657
1649764553.520314,1,300,107,63.74,23.24,0,657
1649764553.545311,1,300,105,63.52,28.23,0,657
1649764553.570308,1,300,102,63.49,23.18,0,657
1649764553.595306,1,300,106,63.27,75.47,1,647
1649764553.620303,1,300,108,63.30,29.50,0,647
1649764553.645300,1,300,112,63.14,23.42,0,647
1649764553.670298,1,300,111,63.21,23.26,0,647
1649764553.695295,1,300,104,63.05,23.12,0,647
1649764553.720292,1,300,107,63.14,22.95,0,647
1649764553.745290,1,300,106,63.07,76.24,1,622
1649764553.770287,1,300,105,63.17,23.42,0,622
1649764553.795284,1,300,107,63.12,23.38,0,622
1649764553.820282,1,300,104,63.31,23.35,0,622
1649764553.845279,1,300,102,63.26,23.25,0,622
1649764553.870276,1,300,105,63.44,23.09,0,622
1649764553.895273,1,300,104,63.39,73.66,1,565
1649764553.920271,1,300,103,63.50,22.58,0,565
1649764553.945268,1,300,100,63.34,22.58,0,565
1649764553.970265,1,300,102,63.33,23.03,0,565
1649764553.995263,1,300,105,63.09,28.81,0,565
1649764554.020260,1,300,104,63.07,28.37,0,565
1649764554.045258,1,300,100,62.96,73.55,1,532
1649764554.070255,1,300,101,63.06,22.80,0,532
1649764554.095252,1,300,101,62.94,28.42,0,532
1649764554.120249,1,300,103,63.09,28.63,0,532
1649764554.145247,1,300,101,62.98,22.43,0,532
1649764554.170244,1,300,103,63.09,22.77,0,532
1649764554.195241,1,300,103,62.97,91.39,1,528
1649764554.220239,1,300,106,63.10,22.88,0,528
1649764554.245236,1,300,104,62.98,22.53,0,528
1649764554.270233,1,300,105,63.10,22.70,0,528
1649764554.295231,1,300,101,62.98,23.37,0,528
1649764554.320228,1,300,105,63.11,22.90,0,528
1649764554.345225,1,300,101,63.01,94.31,1,520
1649764554.370223,1,300,108,63.18,23.02,0,520
1649764554.395220,1,300,108,63.02,22.82,0,520
1649764554.420217,1,300,108,63.16,22.91,0,520
1649764554.445215,1,300,103,63.04,22.60,0,520
1649764554.470212,1,300,107,63.19,22.89,0,520
1649764554.495209,1,300,111,63.04,80.16,1,499
1649764554.520206,1,300,107,63.19,23.13,0,499
1649764554.545204,1,300,107,63.07,22.73,0,499
1649764554.570201,1,300,108,63.20,22.99,0,499
1649764554.595198,1,300,108,63.07,22.75,0,499
1649764554.620196,1,300,109,63.24,22.57,0,499
1649764554.645193,1,300,107,63.09,121.46,1,481
1649764554.670190,1,300,107,63.24,23.44,0,481
1649764554.695188,1,300,107,63.11,22.81,0,481
1649764554.720185,1,300,109,63.25,22.96,0,481
1649764554.745182,1,300,113,63.12,23.12,0,481
1649764554.770180,1,300,110,63.28,27.98,0,481
1649764554.795177,1,300,112,63.16,124.97,1,464
1649764554.820174,1,300,113,63.28,23.48,0,464
1649764554.845171,1,300,109,63.13,22.78,0,464
1649764554.870169,1,300,109,63.29,22.76,0,464
1649764554.895166,1,300,108,63.14,22.78,0,464
1649764554.920163,1,300,106,63.31,23.06,0,464
1649764554.945161,1,300,108,63.17,90.16,1,423
1649764554.970158,1,300,106,63.33,22.87,0,423
1649764554.995156,1,300,106,63.18,22.55,0,423
1649764555.020153,1,300,105,63.34,22.68,0,423
1649764555.045150,1,300,107,63.22,22.80,0,423
1649764555.070147,1,300,107,63.36,22.68,0,423
1649764555.095145,1,300,108,63.23,109.06,1,396
1649764555.120142,1,300,108,63.36,23.58,0,396
1649764555.145139,1,300,106,63.22,22.79,0,396
1649764555.170137,1,300,112,63.36,22.87,0,396
1649764555.195134,1,300,110,63.22,22.66,0,396
1649764555.220131,1,300,108,63.37,29.03,0,396
1649764555.245128,1,300,108,63.22,156.35,1,390
1649764555.270126,1,300,108,63.38,23.25,0,390
1649764555.295123,1,300,111,63.23,22.80,0,390
1649764555.320121,1,300,105,63.38,22.57,0,390
1649764555.345118,1,300,109,63.23,22.71,0,390
1649764555.370115,1,300,107,63.40,22.62,0,390
1649764555.395113,1,300,110,63.28,162.33,1,377
1649764555.420110,1,300,104,63.47,22.96,0,377
1649764555.445107,1,300,106,63.37,28.89,0,377
1649764555.470104,1,300,108,63.52,23.09,0,377
1649764555.495102,1,300,106,63.43,23.16,0,377
1649764555.520099,1,300,103,63.62,23.08,0,377
1649764555.545096,1,300,106,63.47,108.03,1,376
1649764555.570094,1,300,106,63.59,22.86,0,376
1649764555.595091,1,300,106,63.43,22.61,0,376
1649764555.620088,1,300,105,63.55,22.37,0,376
1649764555.645086,1,300,107,63.37,23.00,0,376
1649764555.670083,1,300,102,63.46,22.89,0,376
1649764555.695080,1,300,106,63.28,117.22,1,367
1649764555.720078,1,300,107,63.37,23.12,0,367
1649764555.745075,1,300,103,63.19,22.52,0,367
1649764555.770072,1,300,106,63.28,23.14,0,367
1649764555.795069,1,300,105,63.07,22.80,0,367
1649764555.820067,1,300,107,63.13,22.81,0,367
1649764555.845064,1,300,105,62.93,116.63,1,357
1649764555.870062,1,300,108,62.98,23.12,0,357
1649764555.895059,1,300,105,62.77,23.61,0,357
1649764555.920056,1,300,106,62.81,22.97,0,357
1649764555.945053,1,300,106,62.61,23.03,0,357
1649764555.970051,1,300,106,62.66,23.18,0,357
1649764555.995048,1,300,108,62.43,119.75,1,343
1649764556.020045,1,300,106,62.46,23.25,0,343
1649764556.045043,1,300,104,62.21,22.90,0,343
1649764556.070040,1,300,108,62.20,23.01,0,343
1649764556.095035,1,300,109,61.96,22.99,0,343
1649764556.120032,1,300,109,61.94,28.39,0,343
1649764556.145029,1,300,111,61.75,218.90,1,322
1649764556.170027,1,300,113,70.37,23.38,0,322
1649764556.195024,1,300,108,70.29,22.71,0,322
1649764556.220021,1,300,108,70.48,22.80,0,322
1649764556.245018,1,300,108,70.42,22.80,0,322
1649764556.270016,1,300,107,70.64,22.52,0,322
1649764556.295013,1,300,102,70.60,173.58,1,301
1649764556.320010,1,300,103,70.82,22.42,0,301
1649764556.345008,1,300,102,70.76,22.45,0,301
1649764556.370005,1,300,104,70.94,22.85,0,301
1649764556.395002,1,300,104,70.90,22.65,0,301
1649764556.420000,1,300,102,71.08,22.44,0,301
1649764556.444997,1,300,102,70.99,154.13,1,291
1649764556.469994,1,300,101,71.15,22.52,0,291
1649764556.494992,1,300,102,71.04,22.62,0,291
1649764556.519989,1,300,101,71.18,22.39,0,291
1649764556.544986,1,300,105,71.06,22.42,0,291
1649764556.569983,1,300,104,71.20,22.84,0,291
1649764556.594981,1,300,104,71.10,122.37,1,257
1649764556.619978,1,300,102,71.24,22.87,0,257
1649764556.644976,1,300,104,71.15,22.50,0,257
1649764556.669973,1,300,102,71.27,22.51,0,257
1649764556.694970,1,300,105,71.21,22.68,0,257
1649764556.719968,1,300,99,71.35,22.70,0,257
1649764556.744965,1,300,104,71.28,92.71,1,252
1649764556.769962,1,300,105,71.42,22.78,0,252
1649764556.794960,1,300,102,71.36,22.50,0,252
1649764556.819957,1,300,103,71.48,22.46,0,252
1649764556.844954,1,300,102,71.42,22.81,0,252
1649764556.869951,1,300,104,71.54,23.11,0,252
1649764556.894949,1,300,103,71.49,71.85,1,214
1649764556.919946,1,300,104,71.61,22.91,0,214
1649764556.944943,1,300,105,71.56,22.95,0,214
1649764556.969940,1,300,104,71.66,22.84,0,214
1649764556.994938,1,300,103,71.64,22.45,0,214
1649764557.019935,1,300,103,71.74,22.44,0,214
1649764557.044933,1,300,108,71.67,76.77,1,214
1649764557.069930,1,300,105,71.78,22.65,0,214
1649764557.094927,1,300,103,71.72,22.62,0,214
1649764557.119925,1,300,105,71.80,22.61,0,214
1649764557.144922,1,300,104,71.74,22.49,0,214
1649764557.169919,1,300,104,71.80,22.53,0,214
1649764557.194917,1,300,101,71.74,68.42,1,197
1649764557.219914,1,300,103,71.79,23.16,0,197
1649764557.244911,1,300,105,71.73,22.46,0,197
1649764557.269908,1,300,105,71.77,22.43,0,197
1649764557.294906,1,300,103,71.72,22.56,0,197
1649764557.319903,1,300,103,71.75,22.60,0,197
1649764557.344900,1,300,103,71.68,58.40,1,170
1649764557.369898,1,300,103,71.72,22.59,0,170
1649764557.394895,1,300,104,71.68,22.86,0,170
1649764557.419892,1,300,101,71.71,22.50,0,170
1649764557.444890,1,300,104,71.68,22.59,0,170
1649764557.469887,1,300,102,71.71,22.29,0,170
1649764557.494884,1,300,105,71.68,59.19,1,188
1649764557.519881,1,300,103,71.73,22.61,0,188
1649764557.544879,1,300,102,71.69,22.62,0,188
1649764557.569876,1,300,103,71.74,22.67,0,188
1649764557.594874,1,300,105,71.70,22.84,0,188
1649764557.619871,1,300,104,71.76,22.54,0,188
1649764557.644868,1,300,106,71.77,60.81,1,220
1649764557.669865,1,300,104,71.80,22.74,0,220
1649764557.694863,1,300,104,71.77,22.67,0,220
1649764557.719860,1,300,104,71.81,22.43,0,220
1649764557.744857,1,300,103,71.79,22.59,0,220
1649764557.769855,1,300,104,71.80,22.59,0,220
1649764557.794852,1,300,105,71.80,73.02,1,229
1649764557.819849,1,300,103,71.81,22.63,0,229
1649764557.844846,1,300,104,71.82,22.68,0,229
1649764557.869844,1,300,107,71.82,22.88,0,229
1649764557.894841,1,300,105,71.83,22.26,0,229
1649764557.919839,1,300,104,71.85,22.73,0,229
1649764557.944836,1,300,101,71.85,87.02,1,237
1649764557.969833,1,300,105,71.84,22.60,0,237
1649764557.994831,1,300,106,71.87,22.65,0,237
1649764558.019828,1,300,102,71.88,22.49,0,237
1649764558.044825,1,300,104,71.89,22.53,0,237
1649764558.069823,1,300,104,71.90,22.57,0,237
1649764558.094820,1,300,105,71.90,78.82,1,243
1649764558.119817,1,300,105,71.89,22.65,0,243
1649764558.144814,1,300,104,71.90,22.40,0,243
1649764558.169812,1,300,104,71.89,22.80,0,243
1649764558.194809,1,300,104,71.92,22.46,0,243
1649764558.219806,1,300,101,71.91,22.40,0,243
1649764558.244804,1,300,105,71.95,65.97,1,208
1649764558.269801,1,300,106,71.94,23.02,0,208
1649764558.294798,1,300,103,71.99,22.48,0,208
1649764558.319796,1,300,102,71.97,22.47,0,208
1649764558.344793,1,300,104,71.98,22.49,0,208
1649764558.369790,1,300,103,71.94,23.19,0,208
1649764558.394788,1,300,106,72.00,80.76,1,197
1649764558.419785,1,300,106,71.94,22.57,0,197
1649764558.444782,1,300,107,71.96,23.05,0,197
1649764558.469780,1,300,104,71.81,28.41,0,197
1649764558.494777,1,300,105,71.78,22.49,0,197
1649764558.519774,1,300,104,71.70,22.85,0,197
1649764558.544772,1,300,104,71.76,109.22,1,250
1649764558.569769,1,300,105,71.76,22.77,0,250
1649764558.594766,1,300,104,71.82,22.42,0,250
1649764558.619763,1,300,103,71.74,22.23,0,250
1649764558.644761,1,300,107,71.77,22.74,0,250
1649764558.669758,1,300,104,71.67,22.30,0,250
1649764558.694755,1,300,103,71.74,141.86,1,227
1649764558.719753,1,300,101,71.68,22.36,0,227
1649764558.744750,1,300,103,71.72,22.16,0,227
1649764558.769747,1,300,103,71.66,22.37,0,227
1649764558.794744,1,300,102,71.71,22.29,0,227
1649764558.819742,1,300,103,71.60,22.34,0,227
1649764558.844739,1,300,103,71.68,112.62,1,170
1649764558.869737,1,300,101,71.57,22.48,0,170
1649764558.894734,1,300,105,71.61,22.94,0,170
1649764558.919731,1,300,101,71.55,22.23,0,170
1649764558.944729,1,300,102,71.61,22.44,0,170
1649764558.969726,1,300,104,71.56,22.55,0,170
1649764558.994723,1,300,105,71.66,83.23,1,171
1649764559.019721,1,300,107,71.59,22.87,0,171
1649764559.044718,1,300,103,71.75,22.76,0,171
1649764559.069715,1,300,102,71.73,22.27,0,171
1649764559.094712,1,300,104,71.90,22.50,0,171
1649764559.119710,1,300,105,71.87,22.48,0,171
1649764559.144707,1,300,108,72.05,102.14,1,164
1649764559.169704,1,300,102,71.99,22.58,0,164
1649764559.194702,1,300,105,72.19,22.35,0,164
1649764559.219699,1,300,108,72.12,22.62,0,164
1649764559.244696,1,300,106,72.20,22.49,0,164
1649764559.269694,1,300,104,72.15,22.49,0,164
1649764559.294691,1,300,104,72.28,72.77,1,170
1649764559.319689,1,300,107,72.16,22.54,0,170
1649764559.344686,1,300,106,72.27,22.51,0,170
1649764559.369683,1,300,103,72.13,22.70,0,170
1649764559.394680,1,300,105,72.26,22.55,0,170
1649764559.419678,1,300,108,72.12,22.50,0,170
1649764559.444675,1,300,108,72.22,111.26,1,179
1649764559.469672,1,300,109,72.06,22.89,0,179
1649764559.494670,1,300,104,72.17,23.22,0,179
1649764559.519667,1,300,107,71.83,29.39,0,179
1649764559.544664,1,300,103,71.62,29.39,0,179
1649764559.569661,1,300,104,71.31,28.53,0,179
1649764559.594659,1,296,101,71.51,125.43,1,247
1649764559.619656,1,293,101,71.80,29.17,0,247
1649764559.644653,1,284,100,72.58,28.14,0,247
1649764559.669651,1,280,103,73.29,28.02,0,247
1649764559.694648,1,278,101,74.33,26.71,0,247
1649764559.719645,1,300,108,75.07,28.11,0,247
1649764559.744642,1,278,114,76.04,128.80,1,270
1649764559.769640,1,268,118,76.66,27.90,0,270
1649764559.794637,1,300,123,77.56,27.96,0,270
1649764559.819635,1,300,140,78.24,30.51,0,270
1649764559.844632,1,300,129,79.32,30.08,0,270
1649764559.869629,1,263,126,80.16,27.23,0,270
1649764559.894627,1,300,126,81.41,131.67,1,306
1649764559.919624,1,300,132,82.39,29.18,0,306
1649764559.944621,1,300,134,78.43,30.38,0,306
1649764559.969618,1,300,134,79.21,29.62,0,306
1649764559.994616,1,300,140,80.30,30.31,0,306
1649764560.019613,1,300,133,75.88,29.43,0,306
1649764560.044611,1,300,137,76.54,119.85,1,342
1649764560.069608,1,300,130,76.72,29.81,0,342
1649764560.094599,1,300,140,77.12,30.38,0,342
1649764560.119597,1,281,141,76.81,29.21,0,342
1649764560.144594,1,265,137,76.62,28.02,0,342
1649764560.169591,1,255,143,75.92,28.18,0,342
1649764560.194588,1,251,140,75.54,198.26,1,375
1649764560.219586,1,257,142,74.58,28.75,0,375
1649764560.244583,1,249,145,73.93,27.39,0,375
1649764560.269580,1,246,150,72.95,26.53,0,375
1649764560.294578,1,241,151,72.40,26.77,0,375
1649764560.319575,1,289,170,71.55,28.73,0,375
1649764560.344572,1,271,172,71.02,79.60,1,375
1649764560.369570,1,268,174,70.15,29.06,0,375
1649764560.394567,1,262,194,69.62,27.96,0,375
1649764560.419564,1,258,195,68.89,29.36,0,375
1649764560.444561,1,258,189,68.52,26.83,0,375
1649764560.469558,1,300,211,67.88,30.22,0,375
1649764560.494556,1,278,206,67.54,130.01,1,476
1649764560.519553,1,265,202,66.95,29.46,0,476
1649764560.544550,1,300,215,66.75,30.02,0,476
1649764560.569548,1,281,211,66.32,30.43,0,476
1649764560.594545,1,280,223,66.37,30.03,0,476
1649764560.619542,1,292,225,66.25,30.58,0,476
1649764560.644540,1,294,238,66.68,120.67,1,509
1649764560.669537,1,282,234,66.84,30.06,0,509
1649764560.694534,1,284,238,67.44,29.48,0,509
1649764560.719531,1,300,227,67.92,29.99,0,509
1649764560.744529,1,279,222,68.81,30.07,0,509
1649764560.769526,1,277,217,69.47,28.09,0,509
1649764560.794523,1,300,224,70.48,85.15,1,560
1649764560.819520,1,300,215,71.15,30.83,0,560
1649764560.844518,1,299,211,72.27,29.78,0,560
1649764560.869515,1,300,208,73.14,29.74,0,560
1649764560.894512,1,300,192,74.38,28.15,0,560
1649764560.919510,1,300,195,71.12,28.39,0,560
1649764560.944507,1,300,188,72.25,92.14,1,600
1649764560.969504,1,300,185,73.11,28.58,0,600
1649764560.994501,1,300,176,74.32,28.55,0,600
1649764561.019499,1,300,179,70.66,27.55,0,600
1649764561.044496,1,298,184,71.80,28.83,0,600
1649764561.069494,1,300,182,72.50,28.26,0,600
1649764561.094491,1,300,182,73.65,85.86,1,640
1649764561.119488,1,300,180,74.21,29.24,0,640
1649764561.144485,1,300,179,75.10,28.39,0,640
1649764561.169482,1,292,167,75.45,27.98,0,640
1649764561.194480,1,300,165,76.23,28.94,0,640
1649764561.219477,1,300,160,72.54,28.23,0,640
1649764561.244474,1,300,156,73.20,87.18,1,698
1649764561.269472,1,296,149,73.46,27.46,0,698
1649764561.294469,1,299,143,74.11,26.28,0,698
1649764561.319466,1,300,140,74.25,25.98,0,698
1649764561.344464,1,300,137,74.75,27.28,0,698
1649764561.369461,1,300,133,74.77,26.48,0,698
1649764561.394458,1,300,132,75.15,84.84,1,744
1649764561.419456,1,300,128,75.03,27.39,0,744
1649764561.444453,1,300,124,75.32,26.76,0,744
1649764561.469450,1,300,125,75.13,26.17,0,744
1649764561.494447,1,293,125,75.37,26.27,0,744
1649764561.519444,1,300,121,75.18,25.33,0,744
1649764561.544442,1,300,108,75.36,84.36,1,774
1649764561.569439,1,298,104,75.07,25.41,0,774
1649764561.594436,1,300,104,75.15,25.37,0,774
1649764561.619434,1,293,105,74.80,24.60,0,774
1649764561.644431,1,300,107,74.86,24.61,0,774
1649764561.669428,1,300,97,74.53,24.17,0,774
1649764561.694426,1,300,97,74.67,90.08,1,804
1649764561.719423,1,300,104,74.37,26.34,0,804
1649764561.744420,1,300,100,74.56,25.49,0,804
1649764561.769418,1,300,107,74.35,26.44,0,804
1649764561.794415,1,300,111,74.48,25.56,0,804
1649764561.819412,1,300,107,74.07,25.17,0,804
1649764561.844409,1,300,108,74.04,99.63,1,833
1649764561.869406,1,300,105,73.58,25.94,0,833
1649764561.894404,1,300,94,73.64,24.63,0,833
1649764561.919401,1,300,98,73.30,24.69,0,833
1649764561.944398,1,300,103,73.42,25.88,0,833
1649764561.969395,1,300,114,73.18,25.67,0,833
1649764561.994393,1,300,127,73.43,94.65,1,880
1649764562.019390,1,300,128,73.25,27.44,0,880
1649764562.044388,1,300,122,73.49,25.63,0,880
1649764562.069385,1,294,118,73.27,25.98,0,880
1649764562.094382,1,290,119,73.48,25.64,0,880
1649764562.119379,1,300,121,73.21,25.69,0,880
1649764562.144377,1,300,121,73.33,106.89,1,918
1649764562.169374,1,292,111,73.03,26.27,0,918
1649764562.194371,1,300,114,73.16,25.75,0,918
1649764562.219368,1,300,112,72.91,25.65,0,918
1649764562.244365,1,300,114,73.14,26.25,0,918
1649764562.269363,1,300,117,72.93,25.60,0,918
1649764562.294360,1,300,119,73.10,103.69,1,949
1649764562.319358,1,300,126,72.79,26.99,0,949
1649764562.344355,1,300,123,72.89,27.27,0,949
1649764562.369352,1,299,119,72.53,25.91,0,949
1649764562.394349,1,293,111,72.60,25.00,0,949
1649764562.419347,1,289,109,72.25,24.78,0,949
1649764562.444344,1,279,111,72.35,118.61,1,971
1649764562.469341,1,300,123,72.01,26.30,0,971
1649764562.494339,1,298,123,72.02,26.36,0,971
1649764562.519336,1,300,129,71.57,26.87,0,971
1649764562.544333,1,300,134,71.59,27.48,0,971
1649764562.569330,1,283,130,71.21,26.68,0,971
1649764562.594327,1,300,141,71.26,109.58,1,1011
1649764562.619325,1,300,142,70.81,28.63,0,1011
1649764562.644322,1,300,150,70.73,27.78,0,1011
1649764562.669319,1,300,151,70.13,29.00,0,1011
1649764562.694317,1,300,147,69.94,27.55,0,1011
1649764562.719314,1,300,151,69.37,27.32,0,1011
1649764562.744311,1,300,152,69.18,114.44,1,1050
1649764562.769309,1,288,149,68.62,27.16,0,1050
1649764562.794306,1,300,149,68.46,26.98,0,1050
1649764562.819303,1,300,158,67.92,28.19,0,1050
1649764562.844301,1,300,154,67.84,29.07,0,1050
1649764562.869298,1,300,152,67.38,28.42,0,1050
1649764562.894295,1,300,157,67.40,123.88,1,1081
1649764562.919292,1,288,153,67.03,27.97,0,1081
1649764562.944289,1,281,154,67.09,26.92,0,1081
1649764562.969287,1,272,149,66.76,25.40,0,1081
1649764562.994284,1,271,154,66.84,25.99,0,1081
1649764563.019282,1,269,155,66.51,26.34,0,1081
1649764563.044279,1,267,160,66.64,139.83,1,1095
1649764563.069276,1,300,176,66.34,28.36,0,1095
1649764563.094273,1,300,186,66.44,27.99,0,1095
1649764563.119271,1,296,179,66.05,28.06,0,1095
1649764563.144268,1,300,181,66.07,28.46,0,1095
1649764563.169265,1,294,176,65.68,27.87,0,1095
1649764563.194263,1,300,176,65.74,115.35,1,1106
1649764563.219260,1,300,164,65.32,29.02,0,1106
1649764563.244257,1,292,166,65.33,28.32,0,1106
1649764563.269254,1,280,162,64.91,27.81,0,1106
1649764563.294252,1,300,171,64.88,28.31,0,1106
1649764563.319249,1,300,171,64.49,28.86,0,1106
1649764563.344246,1,300,174,64.64,151.20,1,1114
1649764563.369243,1,300,173,64.38,29.81,0,1114
1649764563.394241,1,300,175,64.52,29.59,0,1114
1649764563.419238,1,300,169,64.16,28.25,0,1114
1649764563.444235,1,300,168,64.21,28.89,0,1114
1649764563.469233,1,295,172,63.69,27.50,0,1114
1649764563.494230,1,300,172,63.59,120.60,1,1130
1649764563.519227,1,300,166,63.08,27.91,0,1130
1649764563.544225,1,300,163,63.10,27.63,0,1130
1649764563.569222,1,300,160,62.66,28.04,0,1130
1649764563.594219,1,300,159,62.67,27.89,0,1130
1649764563.619216,1,300,172,62.05,28.71,0,1130
1649764563.644213,1,300,166,61.82,128.17,1,1140
1649764563.669211,1,300,167,61.08,29.02,0,1140
1649764563.694208,1,300,166,60.85,28.42,0,1140
1649764563.719205,1,300,179,60.22,27.69,0,1140
1649764563.744203,1,300,179,60.18,28.61,0,1140
1649764563.769200,1,286,182,59.73,28.48,0,1140
1649764563.794197,1,272,175,59.78,93.64,1,1159
1649764563.819195,1,276,183,59.43,27.71,0,1159
1649764563.844192,1,274,182,59.53,27.40,0,1159
1649764563.869189,1,300,198,59.18,28.07,0,1159
1649764563.894186,1,300,195,59.33,29.70,0,1159
1649764563.919184,1,300,208,59.02,29.34,0,1159
1649764563.944181,1,300,209,59.18,120.21,1,1200
1649764563.969178,1,300,209,58.91,30.05,0,1200
1649764563.994175,1,300,205,59.04,30.99,0,1200
1649764564.019173,1,298,201,58.76,29.48,0,1200
1649764564.044170,1,300,199,58.89,29.52,0,1200
1649764564.069167,1,300,200,58.55,29.97,0,1200
1649764564.094165,1,297,199,58.64,101.92,1,1200
1649764564.119162,1,300,199,58.24,29.45,0,1200
1649764564.144159,1,300,189,58.28,28.93,0,1200
1649764564.169156,1,296,194,57.86,28.82,0,1200
1649764564.194154,1,293,201,58.00,29.21,0,1200
1649764564.219151,1,300,213,57.70,28.78,0,1200
1649764564.244148,1,300,210,57.91,104.79,1,1178
1649764564.269145,1,296,210,57.65,30.16,0,1178
1649764564.294143,1,300,210,57.91,29.84,0,1178
1649764564.319140,1,298,211,57.70,29.12,0,1178
1649764564.344137,1,300,202,58.02,29.19,0,1178
1649764564.369135,1,296,213,57.84,29.42,0,1178
1649764564.394132,1,289,201,58.21,170.92,1,1159
1649764564.419129,1,300,216,57.97,30.11,0,1159
1649764564.444126,1,300,207,58.25,29.61,0,1159
1649764564.469124,1,300,220,57.99,29.81,0,1159
1649764564.494121,1,300,216,58.23,29.70,0,1159
1649764564.519119,1,300,234,57.92,30.67,0,1159
1649764564.544116,1,300,220,58.21,174.88,1,1131
1649764564.569113,1,297,219,57.96,30.47,0,1131
1649764564.594110,1,300,217,66.12,29.86,0,1131
1649764564.619107,1,298,226,65.76,29.90,0,1131
1649764564.644105,1,300,214,66.05,30.12,0,1131
1649764564.669102,1,300,221,65.67,30.02,0,1131
1649764564.694099,1,300,216,65.97,180.08,1,1085
1649764564.719097,1,299,220,65.63,30.63,0,1085
1649764564.744094,1,297,215,66.00,30.41,0,1085
1649764564.769091,1,296,231,65.71,30.45,0,1085
1649764564.794088,1,300,212,66.13,30.38,0,1085
1649764564.819086,1,299,217,65.89,30.33,0,1085
1649764564.844083,1,290,210,66.33,205.96,1,1046
1649764564.869081,1,292,218,66.08,31.29,0,1046
1649764564.894078,1,277,199,66.52,29.51,0,1046
1649764564.919075,1,270,197,66.23,28.67,0,1046
1649764564.944072,1,263,189,66.60,28.57,0,1046
1649764564.969069,1,261,183,66.23,29.60,0,1046
1649764564.994067,1,253,174,66.56,199.93,1,995
1649764565.019064,1,253,165,66.17,26.83,0,995
1649764565.044061,1,243,154,66.51,27.28,0,995
1649764565.069059,1,239,151,66.04,24.94,0,995
1649764565.094056,1,232,133,66.28,25.12,0,995
1649764565.119053,1,222,135,65.69,25.46,0,995
1649764565.144051,1,218,117,65.84,152.16,1,972
1649764565.169048,1,215,121,65.11,24.01,0,972
1649764565.194045,1,244,128,65.12,24.41,0,972
1649764565.219042,1,230,129,64.23,23.69,0,972
1649764565.244040,1,300,147,64.14,27.85,0,972
1649764565.269037,1,261,141,63.15,27.76,0,972
1649764565.294034,1,254,145,63.06,143.61,1,985
1649764565.319031,1,242,141,62.19,26.70,0,985
1649764565.344029,1,246,140,62.18,25.68,0,985
1649764565.369026,1,242,139,61.38,24.60,0,985
1649764565.394023,1,239,140,61.42,25.94,0,985
1649764565.419021,1,238,141,60.65,25.11,0,985
1649764565.444018,1,237,147,60.63,166.40,1,961
1649764565.469015,1,239,143,59.75,25.82,0,961
1649764565.494012,1,242,151,67.71,25.94,0,961
1649764565.519010,1,263,166,66.69,26.98,0,961
1649764565.544007,1,257,157,66.63,26.90,0,961
1649764565.569004,1,250,159,65.73,26.53,0,961
1649764565.594002,1,242,149,65.73,100.42,1,962
1649764565.618999,1,241,153,64.89,27.29,0,962
1649764565.643996,1,258,157,65.01,27.18,0,962
1649764565.668993,1,264,154,64.32,28.90,0,962
1649764565.693991,1,254,153,64.48,26.84,0,962
1649764565.718988,1,257,150,63.95,26.28,0,962
1649764565.743985,1,264,146,64.14,128.92,1,977
1649764565.768983,1,260,145,63.68,29.60,0,977
1649764565.793980,1,253,137,63.87,27.76,0,977
1649764565.818977,1,260,134,63.49,26.67,0,977
1649764565.843974,1,250,128,63.80,26.68,0,977
1649764565.868972,1,240,126,63.65,28.18,0,977
1649764565.893969,1,234,119,64.04,135.82,1,983
1649764565.918966,1,259,118,64.07,26.94,0,983
1649764565.943964,1,249,109,64.41,25.69,0,983
1649764565.968961,1,243,95,64.45,27.12,0,983
1649764565.993958,1,246,95,64.93,26.78,0,983
1649764566.018955,1,300,101,65.23,29.36,0,983
1649764566.043953,1,300,91,65.68,162.19,1,996
1649764566.068950,1,300,90,65.91,29.72,0,996
1649764566.093950,1,300,94,66.12,30.18,0,996
1649764566.118947,1,300,88,66.31,30.03,0,996
1649764566.143945,1,300,86,66.48,27.94,0,996
1649764566.168942,1,300,85,66.71,28.90,0,996
1649764566.193939,1,300,87,66.95,133.83,1,1015
1649764566.218936,1,300,91,67.25,29.71,0,1015
1649764566.243934,1,300,90,67.61,29.03,0,1015
1649764566.268931,1,300,86,68.06,29.13,0,1015
1649764566.293928,1,300,85,68.54,27.58,0,1015
1649764566.318926,1,300,88,69.09,29.55,0,1015
1649764566.343923,1,300,89,69.60,110.91,1,1031
1649764566.368920,1,300,93,70.25,28.09,0,1031
1649764566.393917,1,300,95,70.77,22.94,0,1031
1649764566.418915,1,300,94,71.29,22.95,0,1031
1649764566.443912,1,300,92,71.67,22.92,0,1031
1649764566.468909,1,300,89,72.16,27.72,0,1031
1649764566.493906,1,300,95,72.48,146.92,1,1005
1649764566.518904,1,300,98,72.79,29.57,0,1005
1649764566.543901,1,300,97,72.89,22.48,0,1005
1649764566.568898,1,300,96,73.06,22.41,0,1005
1649764566.593896,1,300,97,73.08,22.64,0,1005
1649764566.618893,1,300,95,73.18,22.54,0,1005
1649764566.643890,1,300,94,73.10,129.33,1,990
1649764566.668888,1,300,91,73.20,22.80,0,990
1649764566.693885,1,300,96,73.11,28.74,0,990
1649764566.718882,1,300,100,73.28,29.23,0,990
1649764566.743879,1,300,98,73.29,27.31,0,990
1649764566.768877,1,300,97,73.53,28.66,0,990
1649764566.793874,1,300,95,73.60,91.52,1,935
1649764566.818871,1,300,96,73.84,28.27,0,935
1649764566.843868,1,300,94,73.90,28.08,0,935
1649764566.868866,1,300,95,74.17,22.81,0,935
1649764566.893863,1,300,97,74.23,22.33,0,935
1649764566.918860,1,300,94,74.46,28.36,0,935
1649764566.943858,1,300,94,74.42,114.63,1,920
1649764566.968855,1,300,96,74.55,27.60,0,920
1649764566.993852,1,300,93,74.44,22.36,0,920
1649764567.018850,1,300,96,74.47,28.37,0,920
1649764567.043847,1,300,97,74.30,29.07,0,920
1649764567.068844,1,300,97,74.34,23.06,0,920
1649764567.093841,1,300,97,74.17,109.26,1,882
1649764567.118839,1,300,100,74.20,28.30,0,882
1649764567.143836,1,300,102,74.08,22.67,0,882
1649764567.168833,1,300,101,74.27,22.88,0,882
1649764567.193830,1,300,100,74.25,22.47,0,882
1649764567.218828,1,300,103,74.50,22.50,0,882
1649764567.243825,1,300,101,74.64,81.56,1,872
1649764567.268822,1,300,99,75.04,22.97,0,872
1649764567.293820,1,300,100,75.27,28.33,0,872
1649764567.318817,1,300,100,75.77,23.05,0,872
1649764567.343814,1,300,104,72.01,27.90,0,872
1649764567.368812,1,300,104,72.56,28.98,0,872
1649764567.393809,1,300,104,72.76,116.74,1,828
1649764567.418806,1,300,104,73.12,23.16,0,828
1649764567.443803,1,300,102,73.13,27.27,0,828
1649764567.468801,1,300,101,73.31,22.73,0,828
1649764567.493798,1,300,102,73.17,22.01,0,828
1649764567.518795,1,300,99,73.27,27.72,0,828
1649764567.543792,1,300,101,73.09,130.10,1,801
1649764567.568790,1,300,101,73.16,27.41,0,801
1649764567.593787,1,300,101,72.94,22.67,0,801
1649764567.618784,1,300,102,72.90,22.20,0,801
1649764567.643782,1,300,101,72.61,29.20,0,801
1649764567.668779,1,300,101,72.61,29.04,0,801
1649764567.693776,1,300,99,72.42,150.79,1,774
1649764567.718774,1,300,98,72.52,22.00,0,774
1649764567.743771,1,300,96,72.34,26.74,0,774
1649764567.768768,1,300,97,72.46,21.88,0,774
1649764567.793765,1,300,98,72.31,21.93,0,774
1649764567.818763,1,300,96,72.46,21.79,0,774
1649764567.843760,1,300,100,72.31,134.94,1,745
1649764567.868757,1,300,99,72.42,22.40,0,745
1649764567.893754,1,300,98,72.21,22.95,0,745
1649764567.918752,1,300,99,72.29,22.20,0,745
1649764567.943749,1,300,98,72.15,22.09,0,745
1649764567.968746,1,300,101,72.23,22.16,0,745
1649764567.993744,1,300,98,71.98,122.24,1,711
1649764568.018741,1,300,99,72.01,22.12,0,711
1649764568.043738,1,300,96,71.78,27.12,0,711
1649764568.068736,1,300,98,71.90,22.22,0,711
1649764568.093733,1,300,100,71.76,28.88,0,711
1649764568.118730,1,300,100,71.95,22.51,0,711
1649764568.143727,1,300,95,71.84,183.16,1,647
1649764568.168725,1,300,97,72.06,29.40,0,647
1649764568.193722,1,300,97,71.99,28.50,0,647
1649764568.218719,1,300,96,72.20,29.20,0,647
1649764568.243716,1,300,94,72.11,26.77,0,647
1649764568.268714,1,300,96,72.30,22.35,0,647
1649764568.293711,1,300,93,72.18,126.85,1,631
1649764568.318708,1,300,93,72.33,21.98,0,631
1649764568.343706,1,300,93,72.16,21.25,0,631
1649764568.368703,1,300,91,72.31,20.91,0,631
1649764568.393700,1,300,93,72.16,21.20,0,631
1649764568.418697,1,300,93,72.31,21.18,0,631
1649764568.443695,1,300,95,72.13,137.41,1,607
1649764568.468692,1,300,96,72.24,21.82,0,607
1649764568.493689,1,300,94,72.02,21.68,0,607
1649764568.518687,1,300,95,72.15,21.80,0,607
1649764568.543684,1,300,94,71.92,21.85,0,607
1649764568.568681,1,300,95,72.08,21.24,0,607
1649764568.593678,1,300,96,71.94,189.95,1,590
1649764568.618676,1,300,94,72.15,21.85,0,590
1649764568.643673,1,300,97,71.99,21.53,0,590
1649764568.668670,1,300,94,72.21,21.72,0,590
1649764568.693668,1,300,98,72.06,21.41,0,590
1649764568.718665,1,300,95,72.24,21.30,0,590
1649764568.743662,1,300,95,72.03,174.87,1,557
1649764568.768659,1,300,93,72.20,21.96,0,557
1649764568.793657,1,300,95,72.01,21.40,0,557
1649764568.818654,1,300,96,72.13,21.59,0,557
1649764568.843651,1,300,95,71.94,21.66,0,557
1649764568.868649,1,300,95,72.08,21.54,0,557
1649764568.893646,1,300,96,71.87,129.11,1,544
1649764568.918643,1,300,95,72.03,22.16,0,544
1649764568.943640,1,300,96,71.85,22.05,0,544
1649764568.968638,1,300,95,72.01,21.63,0,544
1649764568.993635,1,300,96,71.76,21.80,0,544
1649764569.018632,1,300,94,71.77,21.97,0,544
1649764569.043630,1,300,99,71.42,276.10,1,528
1649764569.068627,1,300,98,71.41,30.07,0,528
1649764569.093624,1,300,96,71.08,22.81,0,528
1649764569.118621,1,300,98,71.15,27.38,0,528
1649764569.143619,1,300,97,70.94,21.85,0,528
1649764569.168616,1,300,99,71.14,22.34,0,528
1649764569.193613,1,300,96,71.00,221.36,1,494
1649764569.218611,1,300,97,71.22,22.01,0,494
1649764569.243608,1,300,96,71.07,22.39,0,494
1649764569.268605,1,300,99,71.26,22.16,0,494
1649764569.293602,1,300,94,71.14,22.06,0,494
1649764569.318600,1,300,98,71.35,22.04,0,494
1649764569.343597,1,300,98,71.21,185.30,1,479
1649764569.368594,1,300,100,71.45,22.56,0,479
1649764569.393591,1,300,98,71.32,22.07,0,479
1649764569.418589,1,300,95,71.52,21.97,0,479
1649764569.443586,1,300,94,71.35,21.99,0,479
1649764569.468583,1,300,96,71.59,21.90,0,479
1649764569.493581,1,300,97,71.40,158.29,1,425
1649764569.518578,1,300,99,71.60,22.70,0,425
1649764569.543575,1,300,97,71.36,21.87,0,425
1649764569.568573,1,300,101,71.56,21.62,0,425
1649764569.593570,1,300,99,71.38,21.54,0,425
1649764569.618567,1,300,95,71.54,21.26,0,425
1649764569.643564,1,300,99,71.36,200.12,1,405
1649764569.668561,1,300,95,71.56,21.77,0,405
1649764569.693559,1,300,94,71.37,21.37,0,405
1649764569.718556,1,300,91,71.58,20.93,0,405
1649764569.743553,1,300,96,71.37,21.48,0,405
1649764569.768551,1,300,95,71.56,21.34,0,405
1649764569.793548,1,300,98,71.36,199.75,1,366
1649764569.818545,1,300,98,71.53,21.76,0,366
1649764569.843543,1,300,99,71.36,21.60,0,366
1649764569.868540,1,300,95,71.57,21.32,0,366
1649764569.893537,1,300,98,71.36,21.34,0,366
1649764569.918535,1,300,93,71.56,21.29,0,366
1649764569.943532,1,300,96,71.37,126.95,1,339
1649764569.968529,1,300,96,71.58,21.40,0,339
1649764569.993526,1,300,95,71.39,21.03,0,339
1649764570.018523,1,300,92,71.58,20.98,0,339
1649764570.043521,1,300,98,71.41,21.24,0,339
1649764570.068518,1,300,96,71.60,21.26,0,339
1649764570.093521,1,300,94,71.41,197.22,1,306
1649764570.118519,1,300,97,71.60,21.53,0,306
1649764570.143516,1,300,97,71.39,21.20,0,306
1649764570.168513,1,300,100,71.60,21.37,0,306
1649764570.193510,1,300,94,71.41,21.20,0,306
1649764570.218508,1,300,95,71.59,20.99,0,306
1649764570.243505,1,300,96,71.37,161.08,1,235
1649764570.268502,1,300,96,71.58,21.80,0,235
1649764570.293500,1,300,94,71.38,21.00,0,235
1649764570.318497,1,300,97,71.59,21.25,0,235
1649764570.343494,1,300,98,71.37,21.38,0,235
1649764570.368491,1,300,93,71.58,21.78,0,235
1649764570.393489,1,300,96,71.36,95.90,1,247
1649764570.418486,1,300,94,71.54,21.66,0,247
1649764570.443483,1,300,96,71.32,21.35,0,247
1649764570.468481,1,300,92,71.53,21.31,0,247
1649764570.493478,1,300,95,71.35,21.21,0,247
1649764570.518476,1,300,95,71.55,21.32,0,247
1649764570.543473,1,300,95,71.32,63.51,1,246
1649764570.568470,1,300,92,71.55,21.64,0,246
1649764570.593467,1,300,95,71.34,21.75,0,246
1649764570.618465,1,300,96,71.54,21.50,0,246
1649764570.643462,1,300,95,71.33,21.35,0,246
1649764570.668459,1,300,97,71.53,21.33,0,246
1649764570.693457,1,300,95,71.33,79.48,1,250
1649764570.718454,1,300,96,71.54,21.69,0,250
1649764570.743451,1,300,94,71.35,21.54,0,250
1649764570.768449,1,300,95,71.58,21.77,0,250
1649764570.793446,1,300,93,71.36,21.64,0,250
1649764570.818443,1,300,95,71.57,21.37,0,250
1649764570.843441,1,300,94,71.36,80.86,1,274
1649764570.868438,1,300,94,71.57,21.31,0,274
1649764570.893435,1,300,93,71.36,21.08,0,274
1649764570.918432,1,300,94,71.58,21.25,0,274
1649764570.943430,1,300,93,71.36,21.15,0,274
1649764570.968427,1,300,95,71.60,21.28,0,274
1649764570.993424,1,300,95,71.37,60.87,1,273
1649764571.018422,1,300,93,71.58,21.83,0,273
1649764571.043419,1,300,95,71.37,21.95,0,273
1649764571.068416,1,300,93,71.60,21.89,0,273
1649764571.093414,1,300,94,71.38,21.42,0,273
1649764571.118411,1,300,93,71.61,21.45,0,273
1649764571.143408,1,300,94,71.39,64.76,1,287
1649764571.168406,1,300,94,71.61,21.53,0,287
1649764571.193403,1,300,95,71.37,21.30,0,287
1649764571.218400,1,300,97,71.62,21.31,0,287
1649764571.243398,1,300,95,71.39,21.36,0,287
1649764571.268395,1,300,96,71.62,21.49,0,287
1649764571.293392,1,300,95,71.39,75.18,1,286
1649764571.318389,1,300,95,71.61,21.62,0,286
1649764571.343387,1,300,97,71.39,21.47,0,286
1649764571.368384,1,300,95,71.62,21.31,0,286
1649764571.393381,1,300,96,71.39,21.43,0,286
1649764571.418379,1,300,95,71.60,21.43,0,286
1649764571.443376,1,300,95,71.36,66.32,1,287
1649764571.468373,1,300,95,71.59,21.88,0,287
1649764571.493371,1,300,93,71.35,21.55,0,287
1649764571.518368,1,300,96,71.57,21.25,0,287
1649764571.543365,1,300,93,71.36,21.31,0,287
1649764571.568363,1,300,95,71.58,21.38,0,287
1649764571.593360,1,300,95,71.36,101.99,1,281
1649764571.618357,1,300,96,71.55,21.68,0,281
1649764571.643355,1,300,95,71.34,21.57,0,281
1649764571.668352,1,300,96,71.58,21.34,0,281
1649764571.693349,1,300,94,71.34,21.14,0,281
1649764571.718347,1,300,96,71.56,21.03,0,281
1649764571.743344,1,300,94,71.36,91.49,1,281
1649764571.768341,1,300,97,71.57,22.18,0,281
1649764571.793338,1,300,94,71.35,21.40,0,281
1649764571.818336,1,300,94,71.58,21.20,0,281
1649764571.843333,1,300,93,71.35,21.53,0,281
1649764571.868330,1,300,96,71.57,21.70,0,281
1649764571.893328,1,300,95,71.33,70.50,1,275
1649764571.918325,1,300,95,71.56,21.76,0,275
1649764571.943322,1,300,93,71.36,21.38,0,275
1649764571.968320,1,300,95,71.59,21.33,0,275
1649764571.993317,1,300,95,71.35,21.22,0,275
1649764572.018314,1,300,94,71.57,21.11,0,275
1649764572.043312,1,300,93,71.35,74.47,1,275
1649764572.068309,1,300,94,71.57,21.41,0,275
1649764572.093306,1,300,94,71.36,21.30,0,275
1649764572.118304,1,300,95,71.59,21.64,0,275
1649764572.143301,1,300,93,71.36,22.17,0,275
1649764572.168298,1,300,95,71.58,22.01,0,275
1649764572.193295,1,300,93,71.35,79.29,1,272
1649764572.218293,1,300,94,71.60,21.63,0,272
1649764572.243290,1,300,94,71.36,21.69,0,272
1649764572.268287,1,300,91,71.60,21.12,0,272
1649764572.293285,1,300,93,71.35,21.24,0,272
1649764572.318282,1,300,95,71.58,21.45,0,272
1649764572.343279,1,300,94,71.33,82.68,1,272
1649764572.368277,1,300,92,71.58,21.45,0,272
1649764572.393274,1,300,93,71.32,21.45,0,272
1649764572.418271,1,300,95,71.54,21.57,0,272
1649764572.443269,1,300,94,71.31,21.55,0,272
1649764572.468266,1,300,94,71.54,21.10,0,272
1649764572.493263,1,300,94,71.30,178.13,1,278
1649764572.518261,1,300,96,71.53,21.59,0,278
1649764572.543258,1,300,94,71.31,21.22,0,278
1649764572.568255,1,300,94,71.56,21.49,0,278
1649764572.593253,1,300,98,71.30,21.58,0,278
1649764572.618250,1,300,93,71.55,21.46,0,278
1649764572.643247,1,300,93,71.33,86.98,1,278
1649764572.668244,1,300,95,71.55,21.48,0,278
1649764572.693242,1,300,94,71.33,21.31,0,278
1649764572.718239,1,300,94,71.56,21.22,0,278
1649764572.743236,1,300,93,71.33,21.40,0,278
1649764572.768234,1,300,94,71.57,21.28,0,278
1649764572.793231,1,300,91,71.33,116.10,1,283
1649764572.818228,1,300,95,71.57,21.52,0,283
1649764572.843226,1,300,91,71.34,21.25,0,283
1649764572.868223,1,300,93,71.58,21.28,0,283
1649764572.893220,1,300,96,71.41,21.21,0,283
1649764572.918217,1,300,94,71.60,21.16,0,283
1649764572.943215,1,300,93,71.38,98.66,1,279
1649764572.968212,1,300,96,71.63,22.32,0,279
1649764572.993209,1,300,95,71.39,21.25,0,279
1649764573.018207,1,300,96,71.61,21.39,0,279
1649764573.043204,1,300,96,71.38,21.43,0,279
1649764573.068202,1,300,95,71.62,21.27,0,279
1649764573.093199,1,300,95,71.38,168.98,1,280
1649764573.118196,1,300,94,71.63,21.98,0,280
1649764573.143193,1,300,94,71.36,21.32,0,280
1649764573.168191,1,300,95,71.62,21.30,0,280
1649764573.193188,1,300,96,71.36,21.64,0,280
1649764573.218185,1,300,94,71.59,21.37,0,280
1649764573.243183,1,300,94,71.38,148.47,1,283
1649764573.268180,1,300,96,71.61,21.85,0,283
1649764573.293177,1,300,93,71.37,23.88,0,283
1649764573.318175,1,300,93,71.63,21.12,0,283
1649764573.343172,1,300,95,71.39,21.31,0,283
1649764573.368169,1,300,97,71.63,21.21,0,283
1649764573.393167,1,300,94,71.40,156.17,1,283
1649764573.418164,1,300,93,71.62,21.83,0,283
1649764573.443161,1,300,95,71.40,21.26,0,283
1649764573.468158,1,300,94,71.63,21.36,0,283
1649764573.493156,1,300,94,71.39,21.47,0,283
1649764573.518153,1,300,92,71.64,21.07,0,283
1649764573.543150,1,300,93,71.40,159.66,1,279
1649764573.568148,1,300,95,71.62,21.98,0,279
1649764573.593145,1,300,94,71.40,21.34,0,279
1649764573.618142,1,300,95,71.63,21.30,0,279
1649764573.643140,1,300,96,71.42,21.64,0,279
1649764573.668137,1,300,95,71.64,21.55,0,279
1649764573.693134,1,300,94,71.43,108.01,1,271
1649764573.718132,1,300,95,71.65,21.83,0,271
1649764573.743129,1,300,96,71.42,21.53,0,271
1649764573.768126,1,300,95,71.66,21.32,0,271
1649764573.793123,1,300,94,71.42,21.47,0,271
1649764573.818121,1,300,94,71.66,21.59,0,271
1649764573.843118,1,300,92,71.43,149.11,1,276
1649764573.868115,1,300,94,71.67,21.80,0,276
1649764573.893113,1,300,93,71.44,21.48,0,276
1649764573.918110,1,300,94,71.66,21.49,0,276
1649764573.943107,1,300,96,71.44,21.50,0,276
1649764573.968105,1,300,95,71.66,21.82,0,276
1649764573.993102,1,300,92,71.43,185.34,1,269
1649764574.018100,1,300,93,71.68,22.03,0,269
1649764574.043097,1,300,95,71.42,21.49,0,269
1649764574.068094,1,300,95,71.67,21.37,0,269
1649764574.093091,1,300,92,71.42,26.89,0,269
1649764574.118089,1,300,94,71.67,21.96,0,269
1649764574.143086,1,300,96,71.44,192.14,1,273
1649764574.168083,1,300,91,71.67,21.91,0,273
1649764574.193081,1,300,93,71.42,21.30,0,273
1649764574.218078,1,300,93,71.66,21.29,0,273
1649764574.243075,1,300,92,71.43,21.31,0,273
1649764574.268072,1,300,93,71.68,21.36,0,273
1649764574.293070,1,300,92,71.44,207.80,1,270
1649764574.318067,1,300,92,71.66,21.34,0,270
1649764574.343065,1,300,94,71.45,21.44,0,270
1649764574.368062,1,300,93,71.67,21.41,0,270
1649764574.393059,1,300,93,71.44,21.14,0,270
1649764574.418056,1,300,94,71.66,21.34,0,270
1649764574.443054,1,300,94,71.42,101.41,1,216
1649764574.468051,1,300,95,71.66,21.85,0,216
1649764574.493048,1,300,95,71.43,21.40,0,216
1649764574.518046,1,300,94,71.67,21.26,0,216
1649764574.543043,1,300,95,71.43,21.27,0,216
1649764574.568040,1,300,95,71.68,21.38,0,216
1649764574.593038,1,300,95,71.47,91.33,1,197
1649764574.618035,1,300,95,71.70,22.16,0,197
1649764574.643032,1,300,96,71.47,22.27,0,197
1649764574.668030,1,300,95,71.73,21.51,0,197
1649764574.693027,1,300,96,71.51,21.44,0,197
1649764574.718024,1,300,94,71.76,21.68,0,197
1649764574.743021,1,300,94,71.55,68.61,1,224
1649764574.768019,1,300,94,71.81,21.65,0,224
1649764574.793016,1,300,94,71.60,21.59,0,224
1649764574.818013,1,300,96,71.84,21.40,0,224
1649764574.843011,1,300,94,71.60,21.77,0,224
1649764574.868008,1,300,93,71.85,21.40,0,224
1649764574.893005,1,300,93,71.64,78.96,1,215
1649764574.918003,1,300,95,71.87,21.65,0,215
1649764574.943000,1,300,94,71.65,21.55,0,215
1649764574.967998,1,300,95,71.89,21.42,0,215
1649764574.992995,1,300,95,71.68,21.64,0,215
1649764575.017992,1,300,93,71.91,21.38,0,215
1649764575.042989,1,300,94,71.68,59.29,1,189
1649764575.067987,1,300,97,71.90,22.05,0,189
1649764575.092984,1,300,96,71.67,22.23,0,189
1649764575.117981,1,300,95,71.92,21.44,0,189
1649764575.142979,1,300,96,71.68,21.51,0,189
1649764575.167976,1,300,96,71.92,21.66,0,189
1649764575.192973,1,300,96,71.70,83.80,1,236
1649764575.217970,1,300,94,71.91,21.48,0,236
1649764575.242968,1,300,96,71.68,21.45,0,236
1649764575.267965,1,300,95,71.91,21.68,0,236
1649764575.292963,1,300,94,71.71,21.31,0,236
1649764575.317960,1,300,92,71.92,21.21,0,236
1649764575.342957,1,300,95,71.69,87.90,1,215
1649764575.367954,1,300,94,71.92,21.51,0,215
1649764575.392951,1,300,96,71.68,21.50,0,215
1649764575.417949,1,300,93,71.90,21.36,0,215
1649764575.442946,1,300,94,71.67,21.49,0,215
1649764575.467943,1,300,95,71.90,21.61,0,215
1649764575.492941,1,300,94,71.67,58.33,1,183
1649764575.517938,1,300,94,71.90,21.58,0,183
1649764575.542936,1,300,97,71.67,21.40,0,183
1649764575.567933,1,300,93,71.90,21.36,0,183
1649764575.592930,1,300,92,71.68,21.21,0,183
1649764575.617928,1,300,94,71.90,21.31,0,183
1649764575.642925,1,300,93,71.64,78.79,1,231
1649764575.667922,1,300,90,71.89,21.46,0,231
1649764575.692919,1,300,93,71.67,21.45,0,231
1649764575.717917,1,300,95,71.88,21.32,0,231
1649764575.742914,1,300,93,71.66,21.34,0,231
1649764575.767911,1,300,93,71.88,21.34,0,231
1649764575.792909,1,300,94,71.65,61.93,1,240
1649764575.817906,1,300,91,71.88,21.36,0,240
1649764575.842903,1,300,95,71.65,21.36,0,240
1649764575.867901,1,300,94,71.86,21.53,0,240
1649764575.892898,1,300,93,71.66,21.32,0,240
1649764575.917895,1,300,94,71.89,21.13,0,240
1649764575.942893,1,300,97,71.64,63.66,1,250
1649764575.967890,1,300,96,71.86,21.71,0,250
1649764575.992887,1,300,95,71.66,21.45,0,250
1649764576.017885,1,300,96,71.87,21.60,0,250
1649764576.042882,1,300,95,71.65,21.46,0,250
1649764576.067879,1,300,97,71.88,21.78,0,250
1649764576.092876,1,300,96,71.66,65.87,1,252
1649764576.117874,1,300,95,71.88,21.98,0,252
1649764576.142871,1,300,94,71.66,21.37,0,252
1649764576.167868,1,300,96,71.87,21.62,0,252
1649764576.192866,1,300,94,71.67,21.44,0,252
1649764576.217863,1,300,94,71.88,21.50,0,252
1649764576.242860,1,300,94,71.66,80.95,1,259
1649764576.267858,1,300,96,71.88,21.61,0,259
1649764576.292855,1,300,93,71.67,21.20,0,259
1649764576.317852,1,300,94,71.88,21.23,0,259
1649764576.342849,1,300,93,71.66,21.39,0,259
1649764576.367847,1,300,96,71.90,21.61,0,259
1649764576.392844,1,300,96,71.67,97.82,1,268
1649764576.417842,1,300,96,71.89,21.63,0,268
1649764576.442839,1,300,93,71.68,21.62,0,268
1649764576.467836,1,300,94,71.93,21.29,0,268
1649764576.492834,1,300,93,71.69,21.29,0,268
1649764576.517831,1,300,92,71.94,21.19,0,268
1649764576.542828,1,300,92,71.69,88.37,1,261
1649764576.567825,1,300,92,71.91,21.47,0,261
1649764576.592823,1,300,91,71.71,21.19,0,261
1649764576.617820,1,300,95,71.87,21.52,0,261
1649764576.642817,1,300,92,71.66,21.37,0,261
1649764576.667815,1,300,93,71.92,21.39,0,261
1649764576.692812,1,300,92,71.65,92.88,1,268
1649764576.717809,1,300,95,71.90,21.75,0,268
1649764576.742806,1,300,95,71.70,22.20,0,268
1649764576.767804,1,300,94,71.92,21.95,0,268
1649764576.792801,1,300,93,71.76,27.39,0,268
1649764576.817799,1,300,92,72.05,22.64,0,268
1649764576.842796,1,300,88,71.89,131.86,1,280
1649764576.867793,1,300,92,72.13,27.49,0,280
1649764576.892791,1,300,91,71.88,27.47,0,280
1649764576.917788,1,300,92,71.97,28.95,0,280
1649764576.942785,1,300,92,71.58,27.63,0,280
1649764576.967782,1,300,95,71.70,29.95,0,280
1649764576.992780,1,300,98,71.33,149.05,1,301
1649764577.017777,1,300,100,71.40,28.08,0,301
1649764577.042774,1,300,104,70.98,28.50,0,301
1649764577.067772,1,300,103,70.98,27.45,0,301
1649764577.092766,1,300,108,70.47,27.27,0,301
1649764577.117763,1,300,110,70.22,27.65,0,301
1649764577.142761,1,298,107,69.36,188.52,1,326
1649764577.167758,1,280,107,68.92,27.06,0,326
1649764577.192755,1,271,100,67.67,25.27,0,326
1649764577.217753,1,277,97,66.83,25.10,0,326
1649764577.242750,1,274,98,65.46,25.50,0,326
1649764577.267747,1,263,89,64.84,25.92,0,326
1649764577.292744,1,271,94,63.52,198.10,1,337
1649764577.317742,1,246,89,62.81,25.33,0,337
1649764577.342739,1,293,95,61.73,26.78,0,337
1649764577.367736,1,296,98,61.62,26.74,0,337
1649764577.392734,1,283,104,60.67,27.36,0,337
1649764577.417731,1,279,106,60.62,26.97,0,337
1649764577.442729,1,280,112,59.89,147.53,1,377
1649764577.467726,1,268,110,59.94,28.18,0,377
1649764577.492723,1,253,105,59.09,26.73,0,377
1649764577.517720,1,233,96,67.34,24.70,0,377
1649764577.542718,1,224,93,66.44,23.99,0,377
1649764577.567715,1,222,99,66.98,23.58,0,377
1649764577.592712,1,220,102,66.39,107.70,1,421
1649764577.617710,1,208,101,67.41,24.65,0,421
1649764577.642707,1,212,110,66.73,23.93,0,421
1649764577.667704,1,213,103,67.76,24.12,0,421
1649764577.692701,1,207,112,66.86,26.35,0,421
1649764577.717699,1,209,111,67.84,24.14,0,421
1649764577.742696,1,202,109,66.76,105.04,1,456
1649764577.767694,1,202,107,67.77,23.60,0,456
1649764577.792691,1,202,110,66.63,23.53,0,456
1649764577.817688,1,210,109,67.76,22.92,0,456
1649764577.842685,1,211,113,66.53,22.86,0,456
1649764577.867682,1,215,115,67.65,22.94,0,456
1649764577.892680,1,223,115,66.29,82.60,1,487
1649764577.917677,1,229,114,67.44,24.98,0,487
1649764577.942675,1,230,120,65.96,24.74,0,487
1649764577.967672,1,242,123,67.12,24.74,0,487
1649764577.992669,1,235,123,65.55,25.47,0,487
1649764578.017667,1,237,119,66.69,24.22,0,487
1649764578.042664,1,264,123,64.96,89.27,1,538
1649764578.067661,1,282,127,66.17,27.84,0,538
1649764578.092659,1,269,126,64.32,26.91,0,538
1649764578.117656,1,280,125,65.50,27.34,0,538
1649764578.142653,1,275,127,63.49,27.31,0,538
1649764578.167650,1,281,128,64.77,29.88,0,538
1649764578.192648,1,288,131,62.77,108.50,1,579
1649764578.217645,1,280,123,64.28,29.49,0,579
1649764578.242642,1,277,124,62.26,27.86,0,579
1649764578.267640,1,255,120,63.89,29.16,0,579
1649764578.292637,1,247,127,61.76,26.26,0,579
1649764578.317634,1,246,113,63.53,26.89,0,579
1649764578.342632,1,233,109,61.24,105.80,1,588
1649764578.367629,1,223,106,63.15,24.94,0,588
1649764578.392626,1,226,118,60.73,24.30,0,588
1649764578.417624,1,248,114,62.67,26.10,0,588
1649764578.442621,1,248,113,59.90,26.11,0,588
1649764578.467618,1,237,104,61.75,26.57,0,588
1649764578.492615,1,299,109,58.89,104.97,1,609
1649764578.517613,1,234,93,60.92,27.96,0,609
1649764578.542610,1,276,101,57.88,28.32,0,609
1649764578.567608,1,281,78,67.64,28.72,0,609
1649764578.592605,1,255,83,64.24,27.44,0,609
1649764578.617602,1,300,83,66.38,28.32,0,609
1649764578.642599,1,270,76,62.79,65.28,1,629
1649764578.667597,1,300,69,64.94,29.54,0,629
1649764578.692594,1,275,83,61.11,28.46,0,629
1649764578.717591,1,291,74,63.34,28.68,0,629
1649764578.742589,1,300,85,59.20,29.87,0,629
1649764578.767586,1,300,84,69.32,30.45,0,629
1649764578.792583,1,300,96,65.31,91.01,1,671
1649764578.817580,1,300,96,67.95,31.56,0,671
1649764578.842578,1,300,93,63.96,30.66,0,671
1649764578.867575,1,300,98,66.81,31.40,0,671
1649764578.892573,1,300,100,62.84,29.90,0,671
1649764578.917570,1,300,104,65.90,30.93,0,671
1649764578.942567,1,300,92,61.79,98.27,1,724
1649764578.967565,1,300,89,64.86,31.00,0,724
1649764578.992562,1,300,80,60.69,31.04,0,724
1649764579.017559,1,300,78,71.76,30.81,0,724
1649764579.042557,1,300,73,67.62,29.71,0,724
1649764579.067554,1,300,74,70.24,29.77,0,724
1649764579.092551,1,300,69,66.20,74.88,1,779
1649764579.117548,1,300,79,69.29,29.69,0,779
1649764579.142546,1,300,68,65.28,28.93,0,779
1649764579.167543,1,300,82,68.41,29.35,0,779
1649764579.192540,1,300,70,64.43,29.48,0,779
1649764579.217538,1,300,72,67.83,29.79,0,779
1649764579.242535,1,300,63,63.68,65.28,1,822
1649764579.267532,1,300,76,67.12,30.22,0,822
1649764579.292530,1,300,61,63.20,29.30,0,822
1649764579.317527,1,300,84,67.02,30.55,0,822
1649764579.342524,1,300,62,63.03,30.95,0,822
1649764579.367522,1,300,66,66.75,29.52,0,822
1649764579.392519,1,300,55,62.75,90.03,1,832
1649764579.417516,1,300,75,73.33,30.27,0,832
1649764579.442513,1,300,63,69.82,29.39,0,832
1649764579.467511,1,300,88,72.49,30.70,0,832
1649764579.492508,1,300,70,68.80,29.74,0,832
1649764579.517506,1,300,108,71.49,31.63,0,832
1649764579.542503,1,300,86,67.51,98.06,1,882
1649764579.567500,1,300,118,69.79,33.77,0,882
1649764579.592497,1,300,92,65.52,30.21,0,882
1649764579.617495,1,300,118,67.67,32.48,0,882
1649764579.642492,1,300,93,63.33,31.24,0,882
1649764579.667489,1,300,96,65.55,31.59,0,882
1649764579.692487,1,300,101,61.17,120.46,1,881
1649764579.717484,1,300,102,63.81,33.28,0,881
1649764579.742481,1,300,116,59.42,31.46,0,881
1649764579.767478,1,300,121,67.93,32.07,0,881
1649764579.792476,1,300,122,65.15,30.48,0,881
1649764579.817473,1,300,110,68.02,31.44,0,881
1649764579.842470,1,300,109,64.98,102.97,1,929
1649764579.867468,1,300,116,67.69,30.93,0,929
1649764579.892465,1,300,111,64.79,30.01,0,929
1649764579.917462,1,300,107,68.57,29.39,0,929
1649764579.942460,1,300,103,65.63,29.94,0,929
1649764579.967457,1,300,95,68.85,30.01,0,929
1649764579.992454,1,300,88,65.62,94.64,1,971
1649764580.017452,1,300,72,68.92,30.12,0,971
1649764580.042449,1,300,72,65.34,29.69,0,971
1649764580.067446,1,300,74,68.48,30.05,0,971
1649764580.092444,1,300,62,64.92,31.22,0,971
1649764580.117441,1,300,62,68.61,33.22,0,971
1649764580.142438,1,300,45,64.93,104.59,1,956
1649764580.167435,1,300,36,68.26,34.24,0,956
1649764580.192433,1,300,39,64.47,33.21,0,956
1649764580.217430,1,300,42,67.89,33.41,0,956
1649764580.242427,1,300,50,63.83,32.68,0,956
1649764580.267425,1,300,81,67.54,34.64,0,956
1649764580.292422,1,300,79,64.39,108.59,1,1001
1649764580.317420,1,300,74,68.77,35.39,0,1001
1649764580.342417,1,297,58,65.21,39.23,0,1001
1649764580.367414,1,300,49,69.26,35.81,0,1001
1649764580.392411,1,260,23,65.78,34.70,0,1001
1649764580.417409,1,295,41,70.22,31.94,0,1001
1649764580.442406,1,239,32,66.29,114.01,1,1032
1649764580.467403,1,229,28,69.89,29.84,0,1032
1649764580.492401,1,231,33,65.64,27.46,0,1032
1649764580.517398,1,300,34,69.11,32.29,0,1032
1649764580.542395,1,300,41,64.84,31.59,0,1032
1649764580.567393,1,300,43,68.17,38.17,0,1032
1649764580.592390,1,300,39,64.23,102.96,1,1064
1649764580.617387,1,300,46,67.92,36.98,0,1064
1649764580.642385,1,300,50,64.33,36.74,0,1064
1649764580.667382,1,300,50,68.11,34.63,0,1064
1649764580.692379,1,300,49,64.79,35.45,0,1064
1649764580.717376,1,300,51,69.23,33.20,0,1064
1649764580.742374,1,277,48,65.65,106.78,1,1108
1649764580.767371,1,283,48,69.72,31.04,0,1108
1649764580.792368,1,300,52,66.14,32.29,0,1108
1649764580.817366,1,300,49,70.90,36.12,0,1108
1649764580.842363,1,300,61,67.24,33.89,0,1108
1649764580.867360,1,300,65,71.74,33.46,0,1108
1649764580.892358,1,249,73,67.75,97.39,1,1172
1649764580.917355,1,300,81,72.30,31.45,0,1172
1649764580.942352,1,237,89,68.06,27.83,0,1172
1649764580.967350,1,224,95,72.45,26.04,0,1172
1649764580.992347,1,300,121,68.66,29.74,0,1172
1649764581.017344,1,300,132,73.85,31.21,0,1172
1649764581.042342,1,300,136,69.79,91.89,1,1237
1649764581.067339,1,300,147,74.61,32.12,0,1237
1649764581.092332,1,231,142,70.79,30.84,0,1237
1649764581.117330,1,300,151,76.54,28.77,0,1237
1649764581.142327,1,300,157,72.18,30.89,0,1237
1649764581.167324,1,300,165,77.20,29.77,0,1237
1649764581.192322,1,300,170,72.93,135.26,1,1272
1649764581.217319,1,300,187,78.84,31.70,0,1272
1649764581.242316,1,300,169,69.59,32.16,0,1272
1649764581.267314,1,300,199,76.47,32.46,0,1272
1649764581.292311,1,300,191,70.47,32.93,0,1272
1649764581.317308,1,300,219,78.13,33.26,0,1272
1649764581.342305,1,300,212,71.42,114.41,1,1313
1649764581.367303,1,300,200,78.06,30.84,0,1313
1649764581.392300,1,275,184,71.65,31.51,0,1313
1649764581.417297,1,234,174,79.27,26.94,0,1313
1649764581.442295,1,228,168,72.43,25.57,0,1313
1649764581.467292,1,246,181,79.25,24.99,0,1313
1649764581.492289,1,235,174,72.80,114.13,1,1317
1649764581.517287,1,238,178,80.71,26.58,0,1317
1649764581.542284,1,226,165,73.80,25.49,0,1317
1649764581.567281,1,223,161,80.84,24.56,0,1317
1649764581.592278,1,300,204,74.36,30.89,0,1317
1649764581.617276,1,300,218,82.47,33.70,0,1317
1649764581.642273,1,300,190,70.72,115.94,1,1295
1649764581.667270,1,300,212,79.13,31.09,0,1295
1649764581.692267,1,300,201,70.93,31.24,0,1295
1649764581.717265,1,300,215,80.41,31.75,0,1295
1649764581.742262,1,281,201,71.60,31.38,0,1295
1649764581.767260,1,300,225,80.03,30.77,0,1295
1649764581.792257,1,269,200,71.58,112.61,1,1301
1649764581.817254,1,300,221,81.16,31.42,0,1301
1649764581.842251,1,300,209,72.05,31.91,0,1301
1649764581.867249,1,300,231,80.54,32.33,0,1301
1649764581.892246,1,300,224,71.82,33.70,0,1301
1649764581.917243,1,279,206,81.47,30.80,0,1301
1649764581.942240,1,285,203,71.80,88.79,1,1313
1649764581.967238,1,287,202,80.10,33.34,0,1313
1649764581.992235,1,300,190,70.79,32.73,0,1313
1649764582.017233,1,300,197,80.22,32.90,0,1313
1649764582.042230,1,300,194,70.25,30.91,0,1313
1649764582.067227,1,230,160,78.47,27.78,0,1313
1649764582.092224,1,262,159,68.62,120.65,1,1285
1649764582.117222,1,300,166,77.70,30.95,0,1285
1649764582.142219,1,229,149,67.43,27.45,0,1285
1649764582.167216,1,300,163,75.81,28.71,0,1285
1649764582.192214,1,243,147,66.25,29.09,0,1285
1649764582.217211,1,300,148,75.95,28.35,0,1285
1649764582.242208,1,225,135,65.93,104.78,1,1260
1649764582.267206,1,196,124,74.71,24.14,0,1260
1649764582.292203,1,300,132,65.30,27.93,0,1260
1649764582.317200,1,205,118,75.54,29.45,0,1260
1649764582.342197,1,298,128,65.52,27.88,0,1260
1649764582.367195,1,210,112,74.90,27.55,0,1260
1649764582.392192,1,290,121,65.39,89.58,1,1255
1649764582.417189,1,211,124,76.28,29.10,0,1255
1649764582.442187,1,188,106,61.76,24.19,0,1255
1649764582.467184,1,181,111,72.73,22.36,0,1255
1649764582.492181,1,300,125,62.04,28.68,0,1255
1649764582.517179,1,300,124,74.65,33.93,0,1255
1649764582.542176,1,187,116,63.23,109.42,1,1273
1649764582.567173,1,300,141,74.72,29.62,0,1273
1649764582.592170,1,300,143,63.86,35.29,0,1273
1649764582.617168,1,202,140,77.16,29.15,0,1273
1649764582.642165,1,172,134,61.18,23.21,0,1273
1649764582.667162,1,169,138,74.17,22.88,0,1273
1649764582.692159,1,167,132,62.39,109.94,1,1242
1649764582.717157,1,183,144,77.06,21.82,0,1242
1649764582.742154,1,174,132,60.27,22.87,0,1242
1649764582.767152,1,184,142,74.08,23.62,0,1242
1649764582.792149,1,175,138,57.16,22.94,0,1242
1649764582.817146,1,180,136,72.70,21.19,0,1242
1649764582.842144,1,164,126,55.28,107.84,1,1238
1649764582.867141,1,227,154,69.20,26.39,0,1238
1649764582.892138,1,190,142,55.69,25.54,0,1238
1649764582.917135,1,213,153,70.62,25.20,0,1238
1649764582.942132,1,194,144,56.58,24.41,0,1238
1649764582.967130,1,210,154,78.11,26.59,0,1238
1649764582.992127,1,204,151,61.54,103.53,1,1251
1649764583.017125,1,251,172,75.52,26.84,0,1251
1649764583.042122,1,300,200,62.11,32.77,0,1251
1649764583.067119,1,300,210,74.56,33.19,0,1251
1649764583.092117,1,300,217,62.12,32.55,0,1251
1649764583.117114,1,300,218,75.14,34.66,0,1251
1649764583.142111,1,300,225,62.48,123.29,1,1302
1649764583.167108,1,300,223,74.22,36.08,0,1302
1649764583.192106,1,300,234,62.39,35.01,0,1302
1649764583.217103,1,300,237,74.61,35.29,0,1302
1649764583.242100,1,300,225,62.76,34.31,0,1302
1649764583.267098,1,300,235,74.16,34.09,0,1302
1649764583.292095,1,300,224,63.01,140.72,1,1352
1649764583.317092,1,300,234,74.90,34.22,0,1352
1649764583.342089,1,300,217,63.59,34.17,0,1352
1649764583.367087,1,300,229,74.94,34.68,0,1352
1649764583.392084,1,300,220,64.05,34.84,0,1352
1649764583.417081,1,300,221,75.82,34.43,0,1352
1649764583.442078,1,300,225,64.64,147.20,1,1420
1649764583.467076,1,300,227,76.20,35.87,0,1420
1649764583.492073,1,300,222,65.30,34.57,0,1420
1649764583.517071,1,300,222,77.55,35.41,0,1420
1649764583.542068,1,300,223,66.36,36.10,0,1420
1649764583.567065,1,178,157,78.71,103.62,1,1430
1649764583.592062,1,300,217,67.33,31.53,0,1430
1649764583.617059,1,300,212,80.24,36.25,0,1430
1649764583.642057,1,234,178,68.27,30.81,0,1430
1649764583.667054,1,267,178,81.05,30.92,0,1430
1649764583.692051,1,205,163,69.15,27.96,0,1430
1649764583.717049,1,231,169,82.44,106.81,1,1468
1649764583.742046,1,300,208,66.31,34.71,0,1468
1649764583.767044,1,195,155,79.81,29.13,0,1468
1649764583.792041,1,174,140,67.15,24.59,0,1468
1649764583.817038,1,154,128,80.84,22.31,0,1468
1649764583.842036,1,201,151,67.76,23.34,0,1468
1649764583.867033,1,300,182,81.25,115.21,1,1505
1649764583.892030,1,300,183,68.29,35.35,0,1505
1649764583.917027,1,238,157,81.77,32.11,0,1505
1649764583.942024,1,183,141,68.53,26.16,0,1505
1649764583.967022,1,208,146,81.95,25.14,0,1505
1649764583.992019,1,227,156,68.98,26.91,0,1505
1649764584.017017,1,196,138,82.55,126.24,1,1472
1649764584.042014,1,138,119,66.09,23.01,0,1472
1649764584.067011,1,136,111,80.18,19.21,0,1472
1649764584.092008,1,123,104,67.14,18.82,0,1472
1649764584.117006,1,120,100,81.52,18.63,0,1472
1649764584.142003,1,126,106,68.12,18.90,0,1472
1649764584.167000,1,143,110,82.86,113.41,1,1485
1649764584.191998,1,142,110,69.35,21.26,0,1485
1649764584.216995,1,119,102,84.30,19.37,0,1485
1649764584.241992,1,132,115,66.67,19.85,0,1485
1649764584.266989,1,118,97,90.50,20.28,0,1485
1649764584.291987,1,196,144,70.32,23.11,0,1485
1649764584.316984,1,147,119,85.55,100.42,1,1518
1649764584.341981,1,157,133,66.49,23.08,0,1518
1649764584.366979,1,132,103,90.37,21.05,0,1518
1649764584.391976,1,142,115,69.13,20.87,0,1518
1649764584.416973,1,160,123,84.55,21.68,0,1518
1649764584.441971,1,142,123,65.14,23.31,0,1518
1649764584.466968,1,175,126,89.30,88.06,1,1513
1649764584.491965,1,148,126,67.44,24.14,0,1513
1649764584.516963,1,150,120,83.32,21.52,0,1513
1649764584.541960,1,139,120,64.07,21.96,0,1513
1649764584.566957,1,215,116,89.11,23.46,0,1513
1649764584.591954,1,137,117,66.99,23.62,0,1513
1649764584.616951,1,204,125,83.67,103.41,1,1547
1649764584.641949,1,128,112,64.15,23.21,0,1547
1649764584.666946,1,193,107,89.53,22.25,0,1547
1649764584.691944,1,164,115,67.14,23.56,0,1547
1649764584.716941,1,121,98,83.39,79.31,1,1551
1649764584.741938,1,198,129,64.27,23.38,0,1551
1649764584.766936,1,111,93,90.64,24.05,0,1551
1649764584.791933,1,123,101,68.71,19.13,0,1551
1649764584.816930,1,117,90,92.89,18.97,0,1551
1649764584.841928,1,134,103,70.96,21.12,0,1551
1649764584.866925,1,112,100,95.09,104.53,1,1610
1649764584.891922,1,118,98,73.92,20.50,0,1610
1649764584.916919,1,108,92,97.08,19.95,0,1610
1649764584.941917,1,212,129,77.10,23.78,0,1610
1649764584.966914,1,216,112,99.97,28.06,0,1610
1649764584.991911,1,265,173,80.84,30.55,0,1610
1649764585.016909,1,233,153,95.31,107.49,1,1661
1649764585.041906,1,296,187,79.16,33.36,0,1661
1649764585.066903,1,78,43,101.02,117.16,1,1607
1649764585.091900,1,214,126,84.06,24.53,0,1607
1649764585.116898,1,83,56,98.39,20.59,0,1607
1649764585.141895,1,233,111,82.75,22.67,0,1607
1649764585.166892,1,88,72,97.69,22.57,0,1607
1649764585.191890,1,110,80,82.11,17.41,0,1607
1649764585.216887,1,120,55,104.99,102.25,1,1588
1649764585.241884,1,128,76,87.34,21.05,0,1588
1649764585.266881,1,159,92,102.94,22.64,0,1588
1649764585.291879,1,142,94,85.58,22.39,0,1588
1649764585.316876,1,104,77,101.69,19.48,0,1588
1649764585.341873,1,141,88,84.28,19.75,0,1588
1649764585.366871,1,117,71,109.69,71.10,1,1590
1649764585.391868,1,128,77,89.27,20.14,0,1590
1649764585.416865,1,109,75,105.69,19.34,0,1590
1649764585.441863,1,132,84,84.23,19.91,0,1590
1649764585.466860,1,126,87,92.82,19.74,0,1590
1649764585.491857,1,134,98,72.10,19.25,0,1590
1649764585.516855,1,252,129,84.73,95.32,1,1598
1649764585.541852,1,147,108,67.10,108.27,1,1608
1649764585.566849,1,133,94,78.89,20.73,0,1608
1649764585.591846,1,127,103,65.45,20.07,0,1608
1649764585.616844,1,141,99,76.91,20.61,0,1608
1649764585.641841,1,123,98,63.88,18.33,0,1608
1649764585.666838,1,139,98,75.23,19.54,0,1608
1649764585.691836,1,131,97,61.58,104.58,1,1644
1649764585.716833,1,143,93,72.01,20.93,0,1644
1649764585.741830,1,139,97,58.62,21.02,0,1644
1649764585.766828,1,137,87,78.80,20.41,0,1644
1649764585.791825,1,118,71,63.08,17.84,0,1644
1649764585.816822,1,120,77,82.74,20.36,0,1644
1649764585.841819,1,131,73,66.14,103.27,1,1645
1649764585.866817,1,117,63,77.86,19.96,0,1645
1649764585.891814,1,116,57,61.41,17.26,0,1645
1649764585.916811,1,106,57,71.48,18.45,0,1645
1649764585.941809,1,93,58,55.97,15.96,0,1645
1649764585.966806,1,91,45,64.97,16.86,0,1645
1649764585.991803,1,89,43,50.39,96.74,1,1638
1649764586.016800,1,68,23,66.86,16.41,0,1638
1649764586.041798,1,114,43,52.46,17.77,0,1638
1649764586.066795,1,104,42,59.94,17.46,0,1638
1649764586.091792,1,89,45,47.42,18.07,0,1638
1649764586.116790,1,300,80,63.60,26.25,0,1638
1649764586.141787,1,158,64,52.59,76.16,1,1645
1649764586.166784,1,300,85,66.93,27.67,0,1645
1649764586.191782,1,189,76,57.86,30.07,0,1645
1649764586.216779,1,192,81,64.86,23.05,0,1645
1649764586.241776,1,300,113,57.08,30.21,0,1645
1649764586.266773,1,300,103,63.95,33.89,0,1645
1649764586.291771,1,300,126,56.78,118.26,1,1718
1649764586.316768,1,300,115,69.80,33.99,0,1718
1649764586.341765,1,211,96,63.95,28.54,0,1718
1649764586.366763,1,300,123,69.35,29.80,0,1718
1649764586.391760,1,228,112,63.76,28.77,0,1718
1649764586.416757,1,214,104,68.97,26.18,0,1718
1649764586.441755,1,197,103,63.51,95.66,1,1733
1649764586.466752,1,195,97,68.37,24.43,0,1733
1649764586.491749,1,205,101,62.98,23.25,0,1733
1649764586.516747,1,194,101,67.77,25.26,0,1733
1649764586.541744,1,190,102,62.96,22.65,0,1733
1649764586.566741,1,189,96,67.95,23.60,0,1733
1649764586.591738,1,186,98,63.42,102.30,1,1718
1649764586.616736,1,183,94,68.31,24.67,0,1718
1649764586.641733,1,178,97,64.07,23.04,0,1718
1649764586.666730,1,175,94,69.02,23.35,0,1718
1649764586.691728,1,172,98,64.83,21.83,0,1718
1649764586.716725,1,169,88,69.46,22.65,0,1718
1649764586.741722,1,226,108,65.42,108.73,1,1712
1649764586.766720,1,300,131,69.82,30.62,0,1712
1649764586.791717,1,272,132,65.82,29.55,0,1712
1649764586.816714,1,243,129,69.92,30.64,0,1712
1649764586.841711,1,248,133,66.15,25.99,0,1712
1649764586.866709,1,248,130,70.23,28.78,0,1712
1649764586.891706,1,252,127,66.72,114.86,1,1733
1649764586.916703,1,237,126,70.59,28.31,0,1733
1649764586.941701,1,221,125,67.21,24.67,0,1733
1649764586.966698,1,227,123,70.70,24.86,0,1733
1649764586.991695,1,216,127,67.34,24.05,0,1733
1649764587.016692,1,210,125,70.60,23.81,0,1733
1649764587.041690,1,205,120,67.32,117.25,1,1712
1649764587.066687,1,200,121,69.90,24.37,0,1712
1649764587.091684,1,191,118,66.11,22.51,0,1712
1649764587.116682,1,185,112,68.14,24.11,0,1712
1649764587.141679,1,182,118,64.76,21.44,0,1712
1649764587.166676,1,178,114,67.21,23.02,0,1712
1649764587.191674,1,184,114,64.86,106.15,1,1652
1649764587.216671,1,189,112,67.73,24.16,0,1652
1649764587.241668,1,188,115,65.87,21.97,0,1652
1649764587.266665,1,186,112,68.55,23.36,0,1652
1649764587.291663,1,183,102,66.81,23.13,0,1652
1649764587.316660,1,183,101,69.20,22.16,0,1652
1649764587.341657,1,186,102,67.45,101.24,1,1540
1649764587.366655,1,187,102,69.51,22.97,0,1540
1649764587.391652,1,185,97,67.92,22.21,0,1540
1649764587.416649,1,239,104,70.07,23.06,0,1540
1649764587.441647,1,233,97,68.82,24.53,0,1540
1649764587.466644,1,300,115,70.91,28.39,0,1540
1649764587.491641,1,267,115,69.63,119.71,1,1481
1649764587.516639,1,260,112,71.50,28.01,0,1481
1649764587.541636,1,250,111,70.15,26.41,0,1481
1649764587.566633,1,246,112,71.80,26.55,0,1481
1649764587.591630,1,237,115,70.49,26.11,0,1481
1649764587.616628,1,237,109,72.23,25.76,0,1481
1649764587.641625,1,233,106,71.03,102.84,1,1436
1649764587.666622,1,223,104,72.23,25.58,0,1436
1649764587.691620,1,214,106,70.46,24.70,0,1436
1649764587.716617,1,206,111,71.50,22.35,0,1436
1649764587.741614,1,209,112,70.10,23.75,0,1436
1649764587.766611,1,194,111,71.58,23.91,0,1436
1649764587.791609,1,209,113,70.62,116.27,1,1400
1649764587.816606,1,209,114,72.35,24.38,0,1400
1649764587.841603,1,212,112,71.44,24.46,0,1400
1649764587.866601,1,207,112,73.03,25.80,0,1400
1649764587.891598,1,204,107,72.03,23.81,0,1400
1649764587.916595,1,200,111,73.82,24.18,0,1400
1649764587.941593,1,203,117,73.00,101.37,1,1353
1649764587.966590,1,195,114,74.87,23.94,0,1353
1649764587.991587,1,195,111,74.08,22.04,0,1353
1649764588.016584,1,300,140,76.05,28.07,0,1353
1649764588.041582,1,300,134,75.08,29.83,0,1353
1649764588.066579,1,300,143,76.79,31.55,0,1353
1649764588.091576,1,272,148,71.98,110.04,1,1313
1649764588.116574,1,300,151,73.93,28.99,0,1313
1649764588.141571,1,279,146,72.55,28.88,0,1313
1649764588.166568,1,270,150,74.18,29.24,0,1313
1649764588.191566,1,258,143,72.27,27.96,0,1313
1649764588.216563,1,251,137,73.08,26.39,0,1313
1649764588.241560,1,233,132,70.79,107.92,1,1295
1649764588.266557,1,300,144,71.88,29.83,0,1295
1649764588.291555,1,254,139,70.94,27.90,0,1295
1649764588.316552,1,263,141,73.54,26.73,0,1295
1649764588.341549,1,243,129,73.48,28.61,0,1295
1649764588.366547,1,234,125,75.96,27.33,0,1295
1649764588.391544,1,227,117,75.52,108.58,1,1276
1649764588.416541,1,300,129,77.75,27.83,0,1276
1649764588.441539,1,293,129,77.13,29.65,0,1276
1649764588.466536,1,283,130,79.00,29.28,0,1276
1649764588.491533,1,295,130,78.16,28.97,0,1276
1649764588.516531,1,300,126,79.90,29.16,0,1276
1649764588.541528,1,300,119,78.98,131.99,1,1255
1649764588.566525,1,300,116,80.62,31.53,0,1255
1649764588.591522,1,300,115,79.66,29.25,0,1255
1649764588.616520,1,276,115,81.36,27.63,0,1255
1649764588.641517,1,300,116,80.40,27.21,0,1255
1649764588.666514,1,300,120,82.00,29.59,0,1255
1649764588.691512,1,300,124,80.93,124.60,1,1235
1649764588.716509,1,300,125,82.51,30.22,0,1235
1649764588.741506,1,300,119,81.09,29.77,0,1235
1649764588.766503,1,300,125,82.01,30.98,0,1235
1649764588.791501,1,278,115,80.04,29.62,0,1235
1649764588.816498,1,300,135,81.13,30.87,0,1235
1649764588.841495,1,285,132,79.47,139.98,1,1200
1649764588.866493,1,250,116,80.90,31.06,0,1200
1649764588.891490,1,267,119,79.39,30.52,0,1200
1649764588.916487,1,250,129,81.21,29.97,0,1200
1649764588.941484,1,218,116,79.88,28.68,0,1200
1649764588.966482,1,194,113,81.98,26.84,0,1200
1649764588.991479,1,300,139,80.68,113.72,1,1218
1649764589.016476,1,264,137,82.98,32.70,0,1218
1649764589.041474,1,300,133,77.92,31.12,0,1218
1649764589.066471,1,300,139,80.30,32.58,0,1218
1649764589.091468,1,300,139,78.73,29.72,0,1218
1649764589.116466,1,255,145,81.51,29.89,0,1218
1649764589.141463,1,300,142,76.33,118.20,1,1209
1649764589.166460,1,293,139,79.13,28.83,0,1209
1649764589.191458,1,300,143,77.32,30.00,0,1209
1649764589.216455,1,300,145,80.06,31.88,0,1209
1649764589.241452,1,300,141,78.02,29.75,0,1209
1649764589.266449,1,300,133,80.47,29.64,0,1209
1649764589.291447,1,279,133,78.59,139.84,1,1131
1649764589.316444,1,300,134,81.42,29.42,0,1131
1649764589.341441,1,300,132,80.00,29.75,0,1131
1649764589.366439,1,300,137,83.02,30.22,0,1131
1649764589.391436,1,300,130,81.82,31.50,0,1131
1649764589.416433,1,300,132,84.90,28.82,0,1131
1649764589.441431,1,300,125,83.69,138.49,1,1140
1649764589.466428,1,300,134,86.63,31.05,0,1140
1649764589.491425,1,300,130,85.45,28.56,0,1140
1649764589.516423,1,300,133,88.42,28.80,0,1140
1649764589.541420,1,300,126,87.27,28.24,0,1140
1649764589.566417,1,300,126,90.08,30.52,0,1140
1649764589.591414,1,300,133,88.88,104.01,1,1154
1649764589.616412,1,300,128,91.54,29.83,0,1154
1649764589.641409,1,300,123,90.00,29.63,0,1154
1649764589.666406,1,300,124,92.27,30.08,0,1154
1649764589.691404,1,300,127,90.11,28.90,0,1154
1649764589.716401,1,300,127,91.80,29.48,0,1154
1649764589.741398,1,300,127,88.69,142.22,1,1052
1649764589.766395,1,300,131,89.63,30.20,0,1052
1649764589.791393,1,300,130,85.95,29.10,0,1052
1649764589.816390,1,300,130,86.70,29.76,0,1052
1649764589.841387,1,300,120,82.58,30.20,0,1052
1649764589.866385,1,300,123,83.16,33.50,0,1052
1649764589.891382,1,300,112,79.02,149.17,1,1046
1649764589.916379,1,300,114,80.14,33.22,0,1046
1649764589.941376,1,300,113,76.23,32.49,0,1046
1649764589.966374,1,300,110,77.81,33.78,0,1046
1649764589.991371,1,300,118,73.97,30.39,0,1046
1649764590.016368,1,300,115,76.11,32.67,0,1046
1649764590.041366,1,300,124,72.27,132.76,1,1055
1649764590.066363,1,300,127,74.56,33.40,0,1055
1649764590.091360,1,300,119,70.65,31.92,0,1055
1649764590.116358,1,300,122,73.27,33.51,0,1055
1649764590.141355,1,300,119,69.29,29.96,0,1055
1649764590.166352,1,300,121,72.08,32.39,0,1055
1649764590.191350,1,300,119,68.20,100.14,1,1076
1649764590.216347,1,300,120,71.43,32.87,0,1076
1649764590.241344,1,300,128,67.68,31.26,0,1076
1649764590.266341,1,300,131,71.01,32.07,0,1076
1649764590.291339,1,300,128,67.38,31.77,0,1076
1649764590.316336,1,300,131,70.76,29.91,0,1076
1649764590.341333,1,300,126,67.12,93.47,1,1044
1649764590.366331,1,300,125,70.35,31.03,0,1044
1649764590.391328,1,232,119,67.10,28.49,0,1044
1649764590.416325,1,300,126,70.77,27.65,0,1044
1649764590.441323,1,300,131,68.02,30.61,0,1044
1649764590.466320,1,300,132,71.60,30.14,0,1044
1649764590.491317,1,300,146,69.01,112.50,1,1013
1649764590.516314,1,300,151,72.52,30.04,0,1013
1649764590.541312,1,300,146,69.88,29.66,0,1013
1649764590.566309,1,300,158,80.23,32.79,0,1013
1649764590.591306,1,300,156,77.92,29.51,0,1013
1649764590.616304,1,300,158,80.68,29.83,0,1013
1649764590.641301,1,300,159,78.28,101.08,1,1032
1649764590.666298,1,300,168,80.79,32.25,0,1032
1649764590.691295,1,300,164,78.35,29.08,0,1032
1649764590.716293,1,300,164,80.80,30.33,0,1032
1649764590.741290,1,300,170,78.20,30.53,0,1032
1649764590.766287,1,300,164,80.46,31.17,0,1032
1649764590.791285,1,300,167,77.86,115.34,1,1071
1649764590.816282,1,266,153,80.37,29.75,0,1071
1649764590.841280,1,259,152,77.58,28.15,0,1071
1649764590.866277,1,300,159,79.84,28.86,0,1071
1649764590.891274,1,300,155,76.70,29.92,0,1071
1649764590.916271,1,300,151,78.82,31.67,0,1071
1649764590.941268,1,300,148,75.45,106.72,1,1067
1649764590.966266,1,258,138,77.68,29.29,0,1067
1649764590.991263,1,300,155,74.46,28.15,0,1067
1649764591.016260,1,300,150,77.17,32.40,0,1067
1649764591.041258,1,300,150,74.02,29.24,0,1067
1649764591.066255,1,264,145,76.85,28.57,0,1067
1649764591.091253,1,249,142,73.77,85.49,1,1065
1649764591.116250,1,300,159,76.88,30.47,0,1065
1649764591.141247,1,300,148,73.76,30.10,0,1065
1649764591.166244,1,300,149,76.96,30.00,0,1065
1649764591.191242,1,300,150,73.83,29.26,0,1065
1649764591.216239,1,300,148,77.15,30.88,0,1065
1649764591.241236,1,300,147,73.87,116.22,1,1080
1649764591.266234,1,300,146,77.08,30.73,0,1080
1649764591.291231,1,300,146,73.75,29.40,0,1080
1649764591.316228,1,300,158,77.09,30.56,0,1080
1649764591.341225,1,300,152,73.57,31.09,0,1080
1649764591.366223,1,300,149,76.56,30.27,0,1080
1649764591.391220,1,300,149,72.75,92.83,1,1109
1649764591.416217,1,300,152,75.45,31.93,0,1109
1649764591.441215,1,300,153,71.44,30.95,0,1109
1649764591.466212,1,300,155,73.83,31.15,0,1109
1649764591.491209,1,300,163,69.88,32.62,0,1109
1649764591.516207,1,300,160,72.36,29.65,0,1109
1649764591.541204,1,251,147,68.66,113.80,1,1123
1649764591.566201,1,283,159,71.24,29.63,0,1123
1649764591.591198,1,267,153,67.78,29.00,0,1123
1649764591.616196,1,243,149,70.46,27.75,0,1123
1649764591.641193,1,240,145,66.98,25.99,0,1123
1649764591.666190,1,300,167,75.69,30.10,0,1123
1649764591.691187,1,300,165,72.86,129.54,1,1116
1649764591.716185,1,300,171,74.59,30.55,0,1116
1649764591.741182,1,300,167,71.78,30.62,0,1116
1649764591.766180,1,300,160,73.50,31.72,0,1116
1649764591.791177,1,300,142,70.91,30.15,0,1116
1649764591.816174,1,300,148,72.86,31.56,0,1116
1649764591.841172,1,300,143,70.17,138.44,1,1131
1649764591.866168,1,300,147,77.17,32.03,0,1131
1649764591.891166,1,300,154,75.33,32.11,0,1131
1649764591.916163,1,300,160,76.63,30.06,0,1131
1649764591.941160,1,300,158,75.34,29.34,0,1131
1649764591.966158,1,300,159,77.16,29.39,0,1131
1649764591.991155,1,300,149,76.23,120.53,1,1157
1649764592.016153,1,284,150,78.05,29.83,0,1157
1649764592.041150,1,300,158,76.64,29.87,0,1157
1649764592.066147,1,300,150,78.29,30.33,0,1157
1649764592.091146,1,300,155,77.22,31.45,0,1157
1649764592.116144,1,252,138,79.42,28.28,0,1157
1649764592.141141,1,300,140,78.42,130.67,1,1196
1649764592.166138,1,300,138,80.55,31.05,0,1196
1649764592.191136,1,300,134,79.54,29.69,0,1196
1649764592.216133,1,300,130,81.76,28.90,0,1196
1649764592.241130,1,300,138,80.56,29.35,0,1196
1649764592.266128,1,300,124,82.59,30.29,0,1196
1649764592.291125,1,300,129,81.42,130.32,1,1205
1649764592.316122,1,300,128,83.58,29.36,0,1205
1649764592.341120,1,295,115,82.49,29.38,0,1205
1649764592.366117,1,260,114,84.73,28.09,0,1205
1649764592.391114,1,239,108,83.67,25.46,0,1205
1649764592.416111,1,300,123,85.85,28.99,0,1205
1649764592.441109,1,300,136,84.41,130.31,1,1238
1649764592.466106,1,300,127,86.07,30.04,0,1238
1649764592.491103,1,300,136,84.18,29.17,0,1238
1649764592.516101,1,267,118,85.38,26.73,0,1238
1649764592.541098,1,300,127,82.89,27.48,0,1238
1649764592.566095,1,300,131,83.57,30.61,0,1238
1649764592.591093,1,300,130,81.14,124.92,1,1257
1649764592.616090,1,300,128,81.88,29.47,0,1257
1649764592.641087,1,300,141,79.34,30.33,0,1257
1649764592.666084,1,300,140,80.00,30.91,0,1257
1649764592.691082,1,300,147,77.89,31.46,0,1257
1649764592.716079,1,300,138,79.06,28.96,0,1257
1649764592.741076,1,300,145,77.42,116.74,1,1274
1649764592.766074,1,300,146,78.89,31.73,0,1274
1649764592.791071,1,300,159,77.63,31.94,0,1274
1649764592.816068,1,300,142,79.13,30.49,0,1274
1649764592.841065,1,300,144,77.76,30.62,0,1274
1649764592.866063,1,300,140,79.12,32.04,0,1274
1649764592.891060,1,300,138,77.84,135.97,1,1271
1649764592.916057,1,300,146,79.30,29.64,0,1271
1649764592.941055,1,300,138,78.05,29.83,0,1271
1649764592.966052,1,300,163,84.03,32.31,0,1271
1649764592.991049,1,300,170,84.07,31.38,0,1271
1649764593.016047,1,300,162,85.10,29.20,0,1271
1649764593.041044,1,300,167,85.32,103.48,1,1294
1649764593.066041,1,300,169,86.59,32.12,0,1294
1649764593.091038,1,300,171,87.35,32.49,0,1294
1649764593.116036,1,300,164,89.13,32.07,0,1294
1649764593.141033,1,300,156,89.99,31.94,0,1294
1649764593.166030,1,300,154,91.72,30.86,0,1294
1649764593.191028,1,300,155,92.72,128.68,1,1290
1649764593.216025,1,300,144,94.81,32.88,0,1290
1649764593.241022,1,300,118,91.74,33.89,0,1290
1649764593.266020,1,300,112,94.67,34.40,0,1290
1649764593.291017,1,300,100,90.23,31.00,0,1290
1649764593.316014,1,243,87,93.95,30.07,0,1290
1649764593.341012,1,300,87,87.97,129.64,1,1270
1649764593.366009,1,192,78,92.13,28.79,0,1270
1649764593.391006,1,132,54,85.70,89.03,1,1266
1649764593.416003,1,114,49,90.25,18.95,0,1266
1649764593.441001,1,104,44,82.63,17.52,0,1266
1649764593.465998,1,98,40,87.16,17.20,0,1266
1649764593.490995,1,95,38,79.30,17.23,0,1266
1649764593.515993,1,76,34,83.86,108.97,1,1264
1649764593.540990,1,72,31,80.09,14.34,0,1264
1649764593.565987,1,300,90,84.66,27.40,0,1264
1649764593.590984,1,300,80,81.01,35.78,0,1264
1649764593.615982,1,175,53,85.94,28.20,0,1264
1649764593.640979,1,300,73,77.53,34.66,0,1264
1649764593.665976,1,184,44,82.37,129.02,1,1240
1649764593.690974,1,105,29,78.09,129.92,1,1271
1649764593.715971,1,95,27,82.70,17.68,0,1271
1649764593.740968,1,73,26,73.36,16.74,0,1271
1649764593.765965,1,300,48,77.58,26.18,0,1271
1649764593.790963,1,300,67,72.32,34.37,0,1271
1649764593.815960,1,300,44,76.23,33.77,0,1271
1649764593.840957,1,300,52,70.47,88.34,1,1312
1649764593.865955,1,300,43,73.91,38.29,0,1312
1649764593.890952,1,300,71,67.99,34.89,0,1312
1649764593.915949,1,300,58,71.18,36.62,0,1312
1649764593.940947,1,300,103,65.28,35.46,0,1312
1649764593.965944,1,300,87,68.38,43.21,0,1312
1649764593.990941,1,300,90,62.86,133.51,1,1377
1649764594.015939,1,300,72,66.02,39.64,0,1377
1649764594.040936,1,300,74,60.75,37.90,0,1377
1649764594.065933,1,300,65,63.90,38.03,0,1377
1649764594.090930,1,300,75,59.00,37.92,0,1377
1649764594.115928,1,300,52,62.27,38.33,0,1377
1649764594.140925,1,300,68,57.71,121.38,1,1410
1649764594.165922,1,300,53,61.05,40.94,0,1410
1649764594.190920,1,300,71,56.80,37.17,0,1410
1649764594.215917,1,300,49,60.25,37.95,0,1410
1649764594.240914,1,300,64,56.08,34.81,0,1410
1649764594.265912,1,300,40,59.35,37.89,0,1410
1649764594.290909,1,300,56,55.33,93.94,1,1404
1649764594.315906,1,300,45,58.66,39.25,0,1404
1649764594.340904,1,300,57,54.79,39.51,0,1404
1649764594.365901,1,300,38,58.19,36.27,0,1404
1649764594.390898,1,300,51,54.69,35.60,0,1404
1649764594.415895,1,300,41,58.29,37.51,0,1404
1649764594.440893,1,300,60,54.96,87.55,1,1436
1649764594.465890,1,300,40,58.66,37.20,0,1436
1649764594.490887,1,300,52,55.52,35.66,0,1436
1649764594.515885,1,300,44,59.35,37.75,0,1436
1649764594.540882,1,300,48,56.11,36.20,0,1436
1649764594.565879,1,300,37,59.70,36.72,0,1436
1649764594.590876,1,300,50,56.27,138.10,1,1453
1649764594.615874,1,300,45,59.53,35.67,0,1453
1649764594.640871,1,300,54,55.87,35.60,0,1453
1649764594.665869,1,300,42,58.84,36.89,0,1453
1649764594.690866,1,300,55,55.33,35.41,0,1453
1649764594.715863,1,300,41,58.40,34.41,0,1453
1649764594.740860,1,300,57,55.14,107.86,1,1461
1649764594.765857,1,300,40,58.32,36.79,0,1461
1649764594.790855,1,300,52,55.38,34.78,0,1461
1649764594.815852,1,300,46,58.64,36.13,0,1461
1649764594.840849,1,300,54,55.60,34.44,0,1461
1649764594.865847,1,300,47,58.65,35.30,0,1461
1649764594.890844,1,300,46,55.62,101.88,1,1458
1649764594.915842,1,300,46,58.56,35.29,0,1458
1649764594.940839,1,300,48,55.50,33.41,0,1458
1649764594.965836,1,300,39,58.32,34.24,0,1458
1649764594.990833,1,300,52,55.44,33.94,0,1458
1649764595.015831,1,300,40,58.25,34.86,0,1458
1649764595.040828,1,300,47,55.35,103.25,1,1477
1649764595.065825,1,300,41,57.97,35.13,0,1477
1649764595.090822,1,300,44,55.19,33.40,0,1477
1649764595.115820,1,300,40,57.79,33.89,0,1477
1649764595.140817,1,300,56,55.04,35.30,0,1477
1649764595.165815,1,300,28,57.53,33.70,0,1477
1649764595.190812,1,300,41,54.92,112.12,1,1479
1649764595.215809,1,300,37,57.41,37.17,0,1479
1649764595.240806,1,300,45,54.86,33.94,0,1479
1649764595.265804,1,300,34,57.27,34.72,0,1479
1649764595.290801,1,300,48,54.90,33.02,0,1479
1649764595.315798,1,300,34,57.27,36.44,0,1479
1649764595.340795,1,300,47,54.89,102.42,1,1472
1649764595.365793,1,300,38,57.10,35.12,0,1472
1649764595.390790,1,300,44,54.83,33.04,0,1472
1649764595.415787,1,300,39,57.03,32.95,0,1472
1649764595.440785,1,300,53,54.85,33.91,0,1472
1649764595.465782,1,300,39,56.95,33.75,0,1472
1649764595.490779,1,300,48,54.98,100.57,1,1468
1649764595.515776,1,300,28,57.08,32.78,0,1468
1649764595.540774,1,300,42,55.13,34.10,0,1468
1649764595.565771,1,300,41,57.09,33.59,0,1468
1649764595.590769,1,300,45,55.29,34.09,0,1468
1649764595.615766,1,300,45,57.17,34.18,0,1468
1649764595.640763,1,300,49,55.35,100.82,1,1460
1649764595.665761,1,300,42,57.10,33.15,0,1460
1649764595.690758,1,300,47,55.46,31.03,0,1460
1649764595.715755,1,300,42,57.17,31.97,0,1460
1649764595.740752,1,300,45,55.52,31.69,0,1460
1649764595.765749,1,300,49,57.09,33.80,0,1460
1649764595.790747,1,300,47,55.61,99.02,1,1448
1649764595.815744,1,300,37,57.14,32.64,0,1448
1649764595.840742,1,300,45,55.69,32.33,0,1448
1649764595.865739,1,300,42,57.08,32.95,0,1448
1649764595.890736,1,300,48,55.81,30.89,0,1448
1649764595.915734,1,300,43,57.14,32.09,0,1448
1649764595.940731,1,300,49,55.87,96.16,1,1398
1649764595.965728,1,300,43,57.05,33.23,0,1398
1649764595.990725,1,300,47,55.96,31.76,0,1398
1649764596.015723,1,300,41,57.10,30.09,0,1398
1649764596.040720,1,300,49,56.02,31.27,0,1398
1649764596.065717,1,300,41,57.02,31.99,0,1398
1649764596.090715,1,300,50,56.12,95.97,1,1383
1649764596.115713,1,300,43,57.06,31.33,0,1383
1649764596.140710,1,300,39,56.20,30.50,0,1383
1649764596.165707,1,300,47,57.01,31.90,0,1383
1649764596.190705,1,300,44,56.30,30.10,0,1383
1649764596.215702,1,300,44,57.09,30.61,0,1383
1649764596.240699,1,300,46,56.42,108.48,1,1395
1649764596.265697,1,300,44,57.08,31.94,0,1395
1649764596.290694,1,300,48,56.60,31.95,0,1395
1649764596.315691,1,300,54,57.17,29.34,0,1395
1649764596.340688,1,300,44,56.71,31.05,0,1395
1649764596.365686,1,300,46,57.12,29.79,0,1395
1649764596.390683,1,300,47,56.85,114.30,1,1324
1649764596.415680,1,300,48,57.20,29.26,0,1324
1649764596.440677,1,300,48,56.95,29.10,0,1324
1649764596.465675,1,300,48,57.15,29.18,0,1324
1649764596.490672,1,300,50,57.09,30.70,0,1324
1649764596.515670,1,300,51,57.24,29.39,0,1324
1649764596.540667,1,300,50,57.18,133.16,1,1273
1649764596.565664,1,300,50,57.18,24.59,0,1273
1649764596.590661,1,300,49,57.36,30.45,0,1273
1649764596.615659,1,300,46,57.39,31.39,0,1273
1649764596.640656,1,300,46,57.71,29.58,0,1273
1649764596.665653,1,300,48,57.69,31.80,0,1273
1649764596.690650,1,300,48,58.26,89.93,1,1278
1649764596.715648,1,300,53,58.08,30.79,0,1278
1649764596.740645,1,300,48,58.38,30.87,0,1278
1649764596.765642,1,300,48,57.97,31.18,0,1278
1649764596.790640,1,300,55,58.48,29.51,0,1278
1649764596.815637,1,300,45,57.96,29.81,0,1278
1649764596.840634,1,300,50,58.50,118.77,1,1256
1649764596.865632,1,300,51,57.85,31.67,0,1256
1649764596.890629,1,300,54,58.57,29.94,0,1256
1649764596.915626,1,300,54,57.85,31.67,0,1256
1649764596.940623,1,300,51,58.61,31.19,0,1256
1649764596.965621,1,300,55,57.76,31.16,0,1256
1649764596.990618,1,300,50,58.70,94.37,1,1209
1649764597.015615,1,300,49,57.79,30.57,0,1209
1649764597.040613,1,300,50,58.73,31.96,0,1209
1649764597.065610,1,300,46,57.67,30.04,0,1209
1649764597.090607,1,300,48,58.80,30.43,0,1209
1649764597.115604,1,300,52,57.67,29.24,0,1209
1649764597.140602,1,300,49,58.81,94.64,1,1169
1649764597.165599,1,300,53,57.54,32.62,0,1169
1649764597.190596,1,300,51,58.85,31.00,0,1169
1649764597.215594,1,300,53,57.53,31.97,0,1169
1649764597.240591,1,300,60,58.85,31.74,0,1169
1649764597.265589,1,300,53,57.43,32.34,0,1169
1649764597.290586,1,300,49,58.95,98.37,1,1125
1649764597.315583,1,300,51,57.48,32.05,0,1125
1649764597.340580,1,300,47,59.00,31.32,0,1125
1649764597.365577,1,300,58,57.41,32.44,0,1125
1649764597.390575,1,300,51,59.07,31.27,0,1125
1649764597.415572,1,300,55,57.39,32.33,0,1125
1649764597.440569,1,300,46,59.03,99.47,1,1077
1649764597.465567,1,300,57,57.23,33.91,0,1077
1649764597.490564,1,300,47,59.02,31.47,0,1077
1649764597.515562,1,300,61,57.15,33.71,0,1077
1649764597.540559,1,300,52,58.92,32.60,0,1077
1649764597.565556,1,300,56,56.95,34.27,0,1077
1649764597.590553,1,300,47,58.87,129.28,1,1034
1649764597.615551,1,300,63,56.83,32.81,0,1034
1649764597.640548,1,300,47,58.72,34.44,0,1034
1649764597.665545,1,300,58,56.58,33.99,0,1034
1649764597.690542,1,300,53,58.59,35.18,0,1034
1649764597.715540,1,300,64,56.40,35.67,0,1034
1649764597.740537,1,300,49,58.43,101.51,1,1061
1649764597.765534,1,300,63,56.21,35.76,0,1061
1649764597.790532,1,300,46,58.47,35.20,0,1061
1649764597.815529,1,300,54,56.25,33.79,0,1061
1649764597.840526,1,300,46,58.55,34.33,0,1061
1649764597.865523,1,300,55,56.30,33.87,0,1061
1649764597.890521,1,300,53,58.75,102.28,1,1015
1649764597.915518,1,300,61,56.47,36.24,0,1015
1649764597.940515,1,300,46,58.94,34.64,0,1015
1649764597.965513,1,300,62,56.57,37.97,0,1015
1649764597.990510,1,300,47,59.16,36.80,0,1015
1649764598.015507,1,300,61,56.73,34.05,0,1015
1649764598.040505,1,300,45,59.27,104.04,1,986
1649764598.065502,1,300,54,56.74,37.24,0,986
1649764598.090499,1,300,43,59.39,36.16,0,986
1649764598.115496,1,300,55,56.74,34.01,0,986
1649764598.140494,1,300,44,59.40,33.71,0,986
1649764598.165491,1,300,53,56.70,34.95,0,986
1649764598.190488,1,300,39,59.46,101.14,1,924
1649764598.215486,1,300,57,56.70,34.82,0,924
1649764598.240483,1,300,42,59.45,33.81,0,924
1649764598.265480,1,300,59,56.64,34.62,0,924
1649764598.290478,1,300,45,59.54,36.51,0,924
1649764598.315475,1,300,57,56.66,33.98,0,924
1649764598.340472,1,300,39,59.56,118.01,1,862
1649764598.365469,1,300,55,56.61,37.71,0,862
1649764598.390466,1,300,38,59.63,35.50,0,862
1649764598.415464,1,300,63,56.63,34.73,0,862
1649764598.440461,1,300,44,59.66,36.38,0,862
1649764598.465458,1,300,58,56.60,36.76,0,862
1649764598.490456,1,300,45,59.77,99.16,1,829
1649764598.515453,1,300,64,56.64,40.94,0,829
1649764598.540451,1,300,39,59.80,35.35,0,829
1649764598.565448,1,300,56,56.61,36.08,0,829
1649764598.590445,1,300,46,59.88,35.30,0,829
1649764598.615443,1,300,63,56.63,35.94,0,829
1649764598.640440,1,300,45,59.90,109.93,1,797
1649764598.665437,1,300,61,56.60,36.88,0,797
1649764598.690434,1,300,46,59.94,36.43,0,797
1649764598.715431,1,300,63,56.61,35.31,0,797
1649764598.740429,1,300,48,59.92,34.33,0,797
1649764598.765426,1,300,57,56.53,38.63,0,797
1649764598.790424,1,300,46,59.95,94.72,1,773
1649764598.815421,1,300,65,56.53,37.74,0,773
1649764598.840418,1,300,50,59.92,36.69,0,773
1649764598.865415,1,300,62,56.46,37.22,0,773
1649764598.890413,1,300,44,59.95,33.98,0,773
1649764598.915410,1,300,59,56.48,36.69,0,773
1649764598.940407,1,300,45,59.96,93.58,1,742
1649764598.965405,1,300,55,56.43,37.10,0,742
1649764598.990402,1,300,41,60.02,34.68,0,742
1649764599.015399,1,300,63,56.47,35.26,0,742
1649764599.040396,1,300,40,60.01,36.40,0,742
1649764599.065394,1,300,60,56.43,37.48,0,742
1649764599.090391,1,300,44,60.09,105.66,1,729
1649764599.115388,1,300,63,56.48,37.34,0,729
1649764599.140386,1,300,50,60.11,38.23,0,729
1649764599.165383,1,300,66,56.48,38.17,0,729
1649764599.190380,1,300,44,60.24,35.23,0,729
1649764599.215377,1,300,60,56.55,36.15,0,729
1649764599.240375,1,300,42,60.28,93.73,1,693
1649764599.265372,1,300,56,56.55,39.47,0,693
1649764599.290369,1,300,43,60.34,37.34,0,693
1649764599.315367,1,300,58,56.55,36.71,0,693
1649764599.340364,1,300,46,60.29,36.70,0,693
1649764599.365361,1,300,58,56.51,37.66,0,693
1649764599.390358,1,300,37,60.29,105.05,1,689
1649764599.415356,1,300,61,56.50,37.57,0,689
1649764599.440353,1,300,40,60.25,37.55,0,689
1649764599.465350,1,300,60,56.47,38.68,0,689
1649764599.490348,1,300,39,60.33,36.57,0,689
1649764599.515345,1,300,62,56.53,38.66,0,689
1649764599.540342,1,300,43,60.35,92.67,1,670
1649764599.565340,1,300,61,56.56,37.33,0,670
1649764599.590337,1,300,39,60.47,36.98,0,670
1649764599.615334,1,300,59,56.64,36.53,0,670
1649764599.640332,1,300,46,60.49,38.10,0,670
1649764599.665329,1,300,55,56.69,37.46,0,670
1649764599.690326,1,300,40,60.62,89.01,1,654
1649764599.715323,1,300,52,56.79,36.36,0,654
1649764599.740321,1,300,46,60.65,35.54,0,654
1649764599.765318,1,300,59,56.82,36.74,0,654
1649764599.790315,1,300,38,60.77,38.96,0,654
1649764599.815313,1,300,56,56.91,35.96,0,654
1649764599.840310,1,300,38,60.81,85.73,1,635
1649764599.865307,1,300,59,56.95,36.61,0,635
1649764599.890305,1,300,39,60.88,37.30,0,635
1649764599.915302,1,300,56,57.05,37.34,0,635
1649764599.940299,1,300,39,60.90,35.91,0,635
1649764599.965296,1,300,55,57.09,36.30,0,635
1649764599.990294,1,300,39,61.00,82.82,1,613
1649764600.015291,1,300,57,57.16,37.02,0,613
1649764600.040288,1,300,32,60.99,34.12,0,613
1649764600.065286,1,300,63,57.16,35.11,0,613
1649764600.090283,1,300,33,61.05,35.49,0,613
1649764600.115280,1,300,55,57.20,36.27,0,613
1649764600.140277,1,300,32,61.03,86.50,1,619
1649764600.165275,1,300,57,57.19,38.48,0,619
1649764600.190272,1,300,33,61.08,36.00,0,619
1649764600.215269,1,300,53,57.25,38.68,0,619
1649764600.240267,1,300,30,61.06,35.54,0,619
1649764600.265264,1,300,54,57.25,36.31,0,619
1649764600.290261,1,300,34,61.12,79.77,1,612
1649764600.315258,1,300,61,57.29,36.72,0,612
1649764600.340256,1,300,32,61.07,36.25,0,612
1649764600.365253,1,300,60,57.27,37.18,0,612
1649764600.390250,1,300,36,61.12,36.09,0,612
1649764600.415248,1,300,56,57.31,37.65,0,612
1649764600.440245,1,300,38,61.11,75.80,1,607
1649764600.465242,1,300,57,57.32,37.17,0,607
1649764600.490239,1,300,42,61.14,34.71,0,607
1649764600.515237,1,300,56,57.35,35.86,0,607
1649764600.540234,1,300,34,61.09,33.40,0,607
1649764600.565231,1,300,49,57.33,36.88,0,607
1649764600.590229,1,300,34,61.14,78.25,1,621
1649764600.615226,1,300,53,57.37,34.21,0,621
1649764600.640224,1,300,42,61.08,35.31,0,621
1649764600.665220,1,300,52,57.33,34.71,0,621
1649764600.690218,1,300,33,61.09,34.91,0,621
1649764600.715215,1,300,60,57.36,34.95,0,621
1649764600.740212,1,300,33,61.02,101.56,1,605
1649764600.765210,1,300,55,57.32,36.83,0,605
1649764600.790207,1,300,33,61.05,35.73,0,605
1649764600.815204,1,300,49,57.34,35.95,0,605
1649764600.840202,1,300,28,61.01,35.56,0,605
1649764600.865199,1,300,48,57.37,36.40,0,605
1649764600.890196,1,300,24,61.09,72.10,1,589
1649764600.915194,1,300,50,57.41,34.49,0,589
1649764600.940191,1,300,31,61.01,35.63,0,589
1649764600.965188,1,300,53,57.30,35.49,0,589
1649764600.990185,1,300,39,60.99,35.15,0,589
1649764601.015183,1,300,52,57.27,36.55,0,589
1649764601.040180,1,300,34,60.97,73.62,1,601
1649764601.065177,1,300,54,57.38,37.74,0,601
1649764601.090175,1,300,37,61.13,35.27,0,601
1649764601.115172,1,300,58,57.47,36.46,0,601
1649764601.140169,1,300,35,61.09,39.03,0,601
1649764601.165167,1,300,61,57.41,38.91,0,601
1649764601.190164,1,300,39,61.06,75.67,1,627
1649764601.215161,1,300,50,57.37,35.60,0,627
1649764601.240159,1,300,38,60.93,36.42,0,627
1649764601.265156,1,300,58,57.32,37.10,0,627
1649764601.290153,1,300,44,60.94,35.14,0,627
1649764601.315150,1,300,55,57.31,36.20,0,627
1649764601.340148,1,300,43,60.84,77.42,1,635
1649764601.365145,1,300,54,57.29,38.02,0,635
1649764601.390142,1,300,43,60.83,36.39,0,635
1649764601.415140,1,300,53,57.26,35.13,0,635
1649764601.440137,1,300,38,60.72,36.48,0,635
1649764601.465134,1,300,55,57.28,37.14,0,635
1649764601.490131,1,300,40,60.75,87.25,1,646
1649764601.515129,1,300,48,57.27,38.73,0,646
1649764601.540126,1,300,35,60.62,35.24,0,646
1649764601.565123,1,300,48,57.27,34.97,0,646
1649764601.590121,1,300,31,60.63,35.51,0,646
1649764601.615118,1,300,51,57.29,36.62,0,646
1649764601.640115,1,300,39,60.55,79.01,1,649
1649764601.665112,1,300,53,57.33,36.46,0,649
1649764601.690110,1,300,35,60.60,36.97,0,649
1649764601.715107,1,300,51,57.41,39.34,0,649
1649764601.740104,1,300,46,60.55,34.88,0,649
1649764601.765102,1,300,54,57.47,35.51,0,649
1649764601.790099,1,300,40,60.59,77.97,1,646
1649764601.815096,1,300,49,57.49,34.68,0,646
1649764601.840094,1,300,48,60.45,33.48,0,646
1649764601.865091,1,300,64,57.44,34.59,0,646
1649764601.890088,1,300,60,60.41,34.50,0,646
1649764601.915086,1,300,69,57.36,35.32,0,646
1649764601.940083,1,300,59,60.22,80.68,1,675
1649764601.965080,1,300,61,57.21,32.88,0,675
1649764601.990077,1,300,42,60.06,31.92,0,675
1649764602.015074,1,300,58,56.96,32.31,0,675
1649764602.040072,1,300,53,59.69,31.53,0,675
