t,tracked,n_obs0,n_obs1,mean0,ms,keyframe,n_landmarks,allobs
1700000000.000000,0,0,0,115.04,2.63,0,0,0/0/0/0/0/0
1700000000.050000,0,0,0,115.05,1.88,0,0,0/0/0/0/0/0
1700000000.100000,0,0,0,115.04,1.80,0,0,0/0/0/0/0/0
1700000000.150000,0,0,0,115.04,2.06,0,0,0/0/0/0/0/0
1700000000.200000,0,0,0,115.04,1.82,0,0,0/0/0/0/0/0
1700000000.250000,0,0,0,115.05,1.86,0,0,0/0/0/0/0/0
1700000000.300000,0,0,0,115.04,1.80,0,0,0/0/0/0/0/0
1700000000.350000,0,0,0,115.05,1.79,0,0,0/0/0/0/0/0
1700000000.400000,0,0,0,115.06,1.79,0,0,0/0/0/0/0/0
1700000000.450000,0,0,0,115.04,1.83,0,0,0/0/0/0/0/0
1700000000.500000,0,0,0,115.05,1.89,0,0,0/0/0/0/0/0
1700000000.550000,0,0,0,115.03,1.76,0,0,0/0/0/0/0/0
1700000000.600000,0,0,0,115.04,1.77,0,0,0/0/0/0/0/0
1700000000.650000,0,0,0,115.04,1.77,0,0,0/0/0/0/0/0
1700000000.700000,0,0,0,115.04,1.80,0,0,0/0/0/0/0/0
1700000000.750000,0,0,0,115.04,1.76,0,0,0/0/0/0/0/0
1700000000.800000,0,0,0,115.04,1.90,0,0,0/0/0/0/0/0
1700000000.850000,0,0,0,115.05,1.99,0,0,0/0/0/0/0/0
1700000000.900000,1,300,300,115.05,29.68,1,0,300/300/300/300/300/300
1700000000.950000,1,300,300,115.04,38.04,0,0,300/300/300/300/300/300
1700000001.000000,1,300,300,115.06,37.03,0,0,300/300/300/300/300/300
1700000001.050000,1,300,300,115.04,55.58,1,184,300/300/300/300/300/300
1700000001.100000,1,300,300,115.05,37.69,0,184,300/300/300/300/300/300
1700000001.150000,1,300,300,115.05,37.05,0,184,300/300/300/300/300/300
1700000001.200000,1,300,300,115.04,62.92,1,263,300/300/300/300/300/300
1700000001.250000,1,300,300,115.04,37.18,0,263,300/300/300/300/300/300
1700000001.300000,1,300,300,115.05,37.30,0,263,300/300/300/300/300/300
1700000001.350000,1,300,300,115.04,67.95,1,381,300/300/300/300/300/300
1700000001.400000,1,300,300,115.05,34.79,0,381,300/300/300/300/300/300
1700000001.450000,1,300,300,115.04,24.55,0,381,300/300/300/300/300/300
1700000001.500000,1,300,300,115.05,77.40,1,409,300/300/300/300/300/300
1700000001.550000,1,300,300,115.05,31.78,0,409,300/300/300/300/300/300
1700000001.600000,1,300,300,115.04,34.47,0,409,300/300/300/300/300/300
1700000001.650000,1,300,300,115.04,82.78,1,511,300/300/300/300/300/300
1700000001.700000,1,300,300,115.04,34.76,0,511,300/300/300/300/300/300
1700000001.750000,1,300,300,115.02,31.31,0,511,300/300/300/300/300/300
1700000001.800000,1,300,300,115.01,91.82,1,678,300/300/300/300/300/300
1700000001.850000,1,300,300,115.02,38.78,0,678,300/300/300/300/300/300
1700000001.900000,1,300,300,115.02,35.09,0,678,300/300/300/300/300/300
1700000001.950000,1,300,300,114.99,118.35,1,722,300/300/300/300/300/300
1700000002.000000,1,300,300,114.96,34.36,0,722,300/300/300/300/300/300
1700000002.050000,1,300,300,114.94,36.15,0,722,300/300/300/300/300/300
1700000002.100000,1,300,300,114.92,146.53,1,728,300/300/300/300/300/300
1700000002.150000,1,300,300,114.87,41.67,0,728,300/300/300/300/300/300
1700000002.200000,1,300,300,114.82,40.89,0,728,300/300/300/300/300/300
1700000002.250000,1,300,300,114.77,135.77,1,746,300/300/300/300/300/300
1700000002.300000,1,300,300,114.70,44.44,0,746,300/300/300/300/300/300
1700000002.350000,1,300,300,114.60,43.31,0,746,300/300/300/300/300/300
1700000002.400000,1,300,300,114.50,147.80,1,780,300/300/300/300/300/300
1700000002.450000,1,300,300,114.40,45.83,0,780,300/300/300/300/300/300
1700000002.500000,1,300,300,114.31,46.31,0,780,300/300/300/300/300/300
1700000002.550000,1,300,300,114.16,184.49,1,842,300/300/300/300/300/300
1700000002.600000,1,300,300,113.94,49.97,0,842,300/300/300/300/300/300
1700000002.650000,1,300,300,113.80,47.38,0,842,300/300/300/300/300/300
1700000002.700000,1,300,300,113.56,188.97,1,930,300/300/300/300/300/300
1700000002.750000,1,300,300,113.30,50.52,0,930,300/300/300/300/300/300
1700000002.800000,1,300,300,113.02,49.82,0,930,300/300/300/300/300/300
1700000002.850000,1,300,300,112.69,167.13,1,1006,300/300/300/300/300/300
1700000002.900000,1,300,300,112.41,54.65,0,1006,300/300/300/300/300/300
1700000002.950000,1,300,300,112.10,53.99,0,1006,300/300/300/300/300/300
1700000003.000000,1,300,300,111.63,173.46,1,1082,300/300/300/300/300/300
1700000003.050000,1,300,300,110.88,52.76,0,1082,300/300/300/300/300/300
1700000003.100000,1,300,300,109.97,55.60,0,1082,300/300/300/300/300/300
1700000003.150000,1,300,300,108.78,184.56,1,1182,300/300/300/300/300/300
1700000003.200000,1,300,300,106.78,55.82,0,1182,300/300/300/300/300/300
1700000003.250000,1,300,300,102.47,52.56,0,1182,300/300/300/300/300/300
1700000003.300000,1,280,300,96.23,202.90,1,1262,280/300/300/300/300/300
1700000003.350000,1,300,300,118.83,65.87,0,1262,300/300/300/300/300/300
1700000003.400000,1,300,300,118.86,49.19,0,1262,300/300/300/300/300/300
1700000003.450000,1,300,300,118.84,208.36,1,1354,300/300/300/300/300/300
1700000003.500000,1,300,300,118.90,55.03,0,1354,300/300/300/300/300/300
1700000003.550000,1,300,300,118.93,53.14,0,1354,300/300/300/300/300/300
1700000003.600000,1,300,300,118.97,223.21,1,1549,300/300/300/300/300/300
1700000003.650000,1,300,300,119.01,54.27,0,1549,300/300/300/300/300/300
1700000003.700000,1,300,300,107.38,67.25,0,1549,300/300/300/300/300/300
1700000003.750000,1,300,300,110.41,234.11,1,1658,300/300/300/300/300/300
1700000003.800000,1,300,300,112.31,58.56,0,1658,300/300/300/300/300/300
1700000003.850000,1,300,300,114.10,64.79,0,1658,300/300/300/300/300/300
1700000003.900000,1,300,300,114.86,240.77,1,1831,300/300/300/300/300/300
1700000003.950000,1,300,300,115.44,53.61,0,1831,300/300/300/300/300/300
1700000004.000000,1,300,300,115.97,54.99,0,1831,300/300/300/300/300/300
1700000004.050000,1,300,300,116.42,242.01,1,2000,300/300/300/300/300/300
1700000004.100000,1,300,300,116.80,54.91,0,2000,300/300/300/300/300/300
1700000004.150000,1,300,300,117.05,53.42,0,2000,300/300/300/300/300/300
1700000004.200000,1,300,300,117.35,258.86,1,2183,300/300/300/300/300/300
1700000004.250000,1,300,300,117.65,54.09,0,2183,300/300/300/300/300/300
1700000004.300000,1,300,300,117.89,52.47,0,2183,300/300/300/300/300/300
1700000004.350000,1,300,300,118.06,270.24,1,2326,300/300/300/300/300/300
1700000004.400000,1,300,300,118.24,54.51,0,2326,300/300/300/300/300/300
1700000004.450000,1,300,300,118.40,54.30,0,2326,300/300/300/300/300/300
1700000004.500000,1,300,300,118.59,288.26,1,2405,300/300/300/300/300/300
1700000004.550000,1,300,300,118.66,53.42,0,2405,300/300/300/300/300/300
1700000004.600000,1,300,300,118.77,54.33,0,2405,300/300/300/300/300/300
1700000004.650000,1,300,300,118.88,284.27,1,2512,300/300/300/300/300/300
1700000004.700000,1,300,300,118.89,58.87,0,2512,300/300/300/300/300/300
1700000004.750000,1,300,300,118.97,53.43,0,2512,300/300/300/300/300/300
1700000004.800000,1,300,300,119.02,297.52,1,2576,300/300/300/300/300/300
1700000004.850000,1,300,300,119.04,54.26,0,2576,300/300/300/300/300/300
1700000004.900000,1,300,300,119.08,54.64,0,2576,300/300/300/300/300/300
1700000004.950000,1,300,300,119.18,482.73,1,2716,300/300/300/300/300/300
1700000005.000000,1,300,300,119.23,55.86,0,2716,300/300/300/300/300/300
1700000005.050000,1,300,300,119.27,51.38,0,2716,300/300/300/300/300/300
1700000005.100000,1,300,300,119.37,317.84,1,2724,300/300/300/300/300/300
1700000005.150000,1,300,300,119.43,56.27,0,2724,300/300/300/300/300/300
1700000005.200000,1,300,300,119.42,52.66,0,2724,300/300/300/300/300/300
1700000005.250000,1,300,300,119.38,358.99,1,2601,300/300/300/300/300/300
1700000005.300000,1,300,300,119.34,51.72,0,2601,300/300/300/300/300/300
1700000005.350000,1,300,300,119.15,53.01,0,2601,300/300/300/300/300/300
1700000005.400000,1,300,300,118.99,329.85,1,2450,300/300/300/300/300/300
1700000005.450000,1,300,300,118.82,54.71,0,2450,300/300/300/300/300/300
1700000005.500000,1,300,300,118.65,54.80,0,2450,300/300/300/300/300/300
1700000005.550000,1,300,300,118.54,217.58,1,2418,300/300/300/300/300/300
1700000005.600000,1,300,300,118.39,55.57,0,2418,300/300/300/300/300/300
1700000005.650000,1,300,300,118.28,62.67,0,2418,300/300/300/300/300/300
1700000005.700000,1,300,300,118.06,158.88,1,2412,300/300/300/300/300/300
1700000005.750000,1,300,300,117.79,55.46,0,2412,300/300/300/300/300/300
1700000005.800000,1,300,300,117.45,57.55,0,2412,300/300/300/300/300/300
1700000005.850000,1,300,300,117.22,155.93,1,2465,300/300/300/300/300/300
1700000005.900000,1,300,300,117.11,56.89,0,2465,300/300/300/300/300/300
1700000005.950000,1,300,300,116.88,57.48,0,2465,300/300/300/300/300/300
1700000006.000000,1,300,300,116.82,162.04,1,2540,300/300/300/300/300/300
1700000006.050000,1,300,300,116.81,54.41,0,2540,300/300/300/300/300/300
1700000006.100000,1,300,300,116.70,58.41,0,2540,300/300/300/300/300/300
1700000006.150000,1,300,300,116.49,170.40,1,2632,300/300/300/300/300/300
1700000006.200000,1,300,300,116.70,59.43,0,2632,300/300/300/300/300/300
1700000006.250000,1,300,300,116.83,53.55,0,2632,300/300/300/300/300/300
1700000006.300000,1,300,300,117.08,252.00,1,2711,300/300/300/300/300/300
1700000006.350000,1,300,300,117.18,52.59,0,2711,300/300/300/300/300/300
1700000006.400000,1,300,300,117.26,54.53,0,2711,300/300/300/300/300/300
1700000006.450000,1,300,300,117.44,265.20,1,2801,300/300/300/300/300/300
1700000006.500000,1,300,300,117.53,56.04,0,2801,300/300/300/300/300/300
1700000006.550000,1,300,300,117.58,57.60,0,2801,300/300/300/300/300/300
1700000006.600000,1,300,300,117.77,270.84,1,2833,300/300/300/300/300/300
1700000006.650000,1,300,300,117.95,56.24,0,2833,300/300/300/300/300/300
1700000006.700000,1,300,300,118.19,57.01,0,2833,300/300/300/300/300/300
1700000006.750000,1,300,300,118.25,310.17,1,2869,300/300/300/300/300/300
1700000006.800000,1,300,300,118.35,52.84,0,2869,300/300/300/300/300/300
1700000006.850000,1,300,300,118.49,53.27,0,2869,300/300/300/300/300/300
1700000006.900000,1,300,300,118.54,268.81,1,2896,300/300/300/300/300/300
1700000006.950000,1,300,300,118.64,54.98,0,2896,300/300/300/300/300/300
1700000007.000000,1,300,300,118.77,52.23,0,2896,300/300/300/300/300/300
1700000007.050000,1,300,300,118.97,313.94,1,2900,300/300/300/300/300/300
1700000007.100000,1,300,300,119.07,62.66,0,2900,300/300/300/300/300/300
1700000007.150000,1,300,300,119.20,50.85,0,2900,300/300/300/300/300/300
1700000007.200000,1,300,300,119.29,282.53,1,2896,300/300/300/300/300/300
1700000007.250000,1,300,300,119.38,53.39,0,2896,300/300/300/300/300/300
1700000007.300000,1,300,300,119.44,54.03,0,2896,300/300/300/300/300/300
1700000007.350000,1,300,300,119.53,263.03,1,2909,300/300/300/300/300/300
1700000007.400000,1,300,300,119.50,53.19,0,2909,300/300/300/300/300/300
1700000007.450000,1,300,300,119.59,52.65,0,2909,300/300/300/300/300/300
1700000007.500000,1,300,300,119.57,350.69,1,2905,300/300/300/300/300/300
1700000007.550000,1,300,300,119.66,55.11,0,2905,300/300/300/300/300/300
1700000007.600000,1,300,300,119.70,56.63,0,2905,300/300/300/300/300/300
1700000007.650000,1,300,300,119.76,391.69,1,2782,300/300/300/300/300/300
1700000007.700000,1,300,300,119.81,54.20,0,2782,300/300/300/300/300/300
1700000007.750000,1,300,300,119.87,52.24,0,2782,300/300/300/300/300/300
1700000007.800000,1,300,300,119.91,297.75,1,2780,300/300/300/300/300/300
1700000007.850000,1,300,300,119.95,52.72,0,2780,300/300/300/300/300/300
1700000007.900000,1,300,300,119.98,53.88,0,2780,300/300/300/300/300/300
1700000007.950000,1,300,300,119.99,381.16,1,2728,300/300/300/300/300/300
1700000008.000000,1,300,300,119.99,53.48,0,2728,300/300/300/300/300/300
1700000008.050000,1,300,300,120.05,50.14,0,2728,300/300/300/300/300/300
1700000008.100000,1,300,300,120.03,301.60,1,2663,300/300/300/300/300/300
1700000008.150000,1,300,300,120.05,51.72,0,2663,300/300/300/300/300/300
1700000008.200000,1,300,300,120.06,52.29,0,2663,300/300/300/300/300/300
1700000008.250000,1,300,300,120.06,337.66,1,2586,300/300/300/300/300/300
1700000008.300000,1,300,300,120.05,52.25,0,2586,300/300/300/300/300/300
1700000008.350000,1,300,300,120.01,52.11,0,2586,300/300/300/300/300/300
1700000008.400000,1,300,300,120.02,262.53,1,2595,300/300/300/300/300/300
1700000008.450000,1,300,300,120.02,52.08,0,2595,300/300/300/300/300/300
1700000008.500000,1,300,300,120.01,51.70,0,2595,300/300/300/300/300/300
1700000008.550000,1,300,300,120.02,228.52,1,2618,300/300/300/300/300/300
1700000008.600000,1,300,300,120.02,54.06,0,2618,300/300/300/300/300/300
1700000008.650000,1,300,300,120.08,50.92,0,2618,300/300/300/300/300/300
1700000008.700000,1,300,300,120.11,277.81,1,2592,300/300/300/300/300/300
1700000008.750000,1,300,300,120.12,53.33,0,2592,300/300/300/300/300/300
1700000008.800000,1,300,300,120.19,52.40,0,2592,300/300/300/300/300/300
1700000008.850000,1,300,300,120.17,303.34,1,2611,300/300/300/300/300/300
1700000008.900000,1,300,300,120.20,53.35,0,2611,300/300/300/300/300/300
1700000008.950000,1,300,300,120.20,52.65,0,2611,300/300/300/300/300/300
1700000009.000000,1,300,300,120.19,293.30,1,2603,300/300/300/300/300/300
1700000009.050000,1,300,300,120.21,54.53,0,2603,300/300/300/300/300/300
1700000009.100000,1,300,300,120.23,56.04,0,2603,300/300/300/300/300/300
1700000009.150000,1,300,300,120.20,235.49,1,2606,300/300/300/300/300/300
1700000009.200000,1,300,300,120.18,54.25,0,2606,300/300/300/300/300/300
1700000009.250000,1,300,300,120.19,55.43,0,2606,300/300/300/300/300/300
1700000009.300000,1,300,300,120.20,272.60,1,2603,300/300/300/300/300/300
1700000009.350000,1,300,300,120.23,55.52,0,2603,300/300/300/300/300/300
1700000009.400000,1,300,300,120.30,53.17,0,2603,300/300/300/300/300/300
1700000009.450000,1,300,300,120.35,244.39,1,2596,300/300/300/300/300/300
1700000009.500000,1,300,300,120.39,51.18,0,2596,300/300/300/300/300/300
1700000009.550000,1,300,300,120.45,52.15,0,2596,300/300/300/300/300/300
1700000009.600000,1,300,300,120.50,237.21,1,2597,300/300/300/300/300/300
1700000009.650000,1,300,300,120.57,51.02,0,2597,300/300/300/300/300/300
1700000009.700000,1,300,300,120.63,54.43,0,2597,300/300/300/300/300/300
1700000009.750000,1,300,300,120.73,402.98,1,2605,300/300/300/300/300/300
1700000009.800000,1,300,300,120.77,51.08,0,2605,300/300/300/300/300/300
1700000009.850000,1,300,300,120.79,49.44,0,2605,300/300/300/300/300/300
1700000009.900000,1,300,300,120.81,299.99,1,2591,300/300/300/300/300/300
1700000009.950000,1,300,300,120.82,49.02,0,2591,300/300/300/300/300/300
1700000010.000000,1,300,300,120.85,49.18,0,2591,300/300/300/300/300/300
1700000010.050000,1,300,300,120.87,289.43,1,2592,300/300/300/300/300/300
1700000010.100000,1,300,300,120.90,49.95,0,2592,300/300/300/300/300/300
1700000010.150000,1,300,300,120.93,50.41,0,2592,300/300/300/300/300/300
1700000010.200000,1,300,300,120.90,241.96,1,2556,300/300/300/300/300/300
1700000010.250000,1,300,300,120.92,52.38,0,2556,300/300/300/300/300/300
1700000010.300000,1,300,300,120.94,51.10,0,2556,300/300/300/300/300/300
1700000010.350000,1,300,300,120.95,280.97,1,2532,300/300/300/300/300/300
1700000010.400000,1,300,300,120.97,51.89,0,2532,300/300/300/300/300/300
1700000010.450000,1,300,300,120.97,49.40,0,2532,300/300/300/300/300/300
1700000010.500000,1,300,300,120.99,246.30,1,2503,300/300/300/300/300/300
1700000010.550000,1,300,300,121.05,51.83,0,2503,300/300/300/300/300/300
1700000010.600000,1,300,300,121.09,49.81,0,2503,300/300/300/300/300/300
1700000010.650000,1,300,300,121.16,347.07,1,2496,300/300/300/300/300/300
1700000010.700000,1,300,300,121.21,48.63,0,2496,300/300/300/300/300/300
1700000010.750000,1,300,300,121.26,49.23,0,2496,300/300/300/300/300/300
1700000010.800000,1,300,300,121.32,291.24,1,2504,300/300/300/300/300/300
1700000010.850000,1,300,300,121.29,51.54,0,2504,300/300/300/300/300/300
1700000010.900000,1,300,300,121.35,52.65,0,2504,300/300/300/300/300/300
1700000010.950000,1,300,300,121.38,331.67,1,2477,300/300/300/300/300/300
1700000011.000000,1,300,300,121.38,51.43,0,2477,300/300/300/300/300/300
1700000011.050000,1,300,300,121.42,55.36,0,2477,300/300/300/300/300/300
1700000011.100000,1,300,300,121.41,256.30,1,2481,300/300/300/300/300/300
1700000011.150000,1,300,300,121.45,50.27,0,2481,300/300/300/300/300/300
1700000011.200000,1,300,300,121.43,49.64,0,2481,300/300/300/300/300/300
1700000011.250000,1,300,300,121.46,296.47,1,2487,300/300/300/300/300/300
1700000011.300000,1,300,300,121.47,51.27,0,2487,300/300/300/300/300/300
1700000011.350000,1,300,300,121.46,50.92,0,2487,300/300/300/300/300/300
1700000011.400000,1,300,300,121.50,300.31,1,2497,300/300/300/300/300/300
1700000011.450000,1,300,300,121.51,51.21,0,2497,300/300/300/300/300/300
1700000011.500000,1,300,300,121.52,51.90,0,2497,300/300/300/300/300/300
1700000011.550000,1,300,300,121.53,354.75,1,2483,300/300/300/300/300/300
1700000011.600000,1,300,300,121.52,50.95,0,2483,300/300/300/300/300/300
1700000011.650000,1,300,300,121.52,50.79,0,2483,300/300/300/300/300/300
1700000011.700000,1,300,300,121.53,212.11,1,2482,300/300/300/300/300/300
1700000011.750000,1,300,300,121.54,54.28,0,2482,300/300/300/300/300/300
1700000011.800000,1,300,300,121.56,50.00,0,2482,300/300/300/300/300/300
1700000011.850000,1,300,300,121.60,278.85,1,2450,300/300/300/300/300/300
1700000011.900000,1,300,300,121.60,51.50,0,2450,300/300/300/300/300/300
1700000011.950000,1,300,300,121.63,52.81,0,2450,300/300/300/300/300/300
1700000012.000000,1,300,300,121.62,306.28,1,2404,300/300/300/300/300/300
1700000012.050000,1,300,300,121.65,50.75,0,2404,300/300/300/300/300/300
1700000012.100000,1,300,300,121.66,51.67,0,2404,300/300/300/300/300/300
1700000012.150000,1,300,300,121.67,260.25,1,2385,300/300/300/300/300/300
1700000012.200000,1,300,300,121.67,50.45,0,2385,300/300/300/300/300/300
1700000012.250000,1,300,300,121.72,52.04,0,2385,300/300/300/300/300/300
1700000012.300000,1,300,300,121.74,347.84,1,2377,300/300/300/300/300/300
1700000012.350000,1,300,300,121.70,51.05,0,2377,300/300/300/300/300/300
1700000012.400000,1,300,300,121.74,49.16,0,2377,300/300/300/300/300/300
1700000012.450000,1,300,300,121.75,266.49,1,2316,300/300/300/300/300/300
1700000012.500000,1,300,300,121.75,49.78,0,2316,300/300/300/300/300/300
1700000012.550000,1,300,300,121.76,49.74,0,2316,300/300/300/300/300/300
1700000012.600000,1,300,300,121.78,308.91,1,2353,300/300/300/300/300/300
1700000012.650000,1,300,300,121.77,50.76,0,2353,300/300/300/300/300/300
1700000012.700000,1,300,300,121.75,50.91,0,2353,300/300/300/300/300/300
1700000012.750000,1,300,300,121.78,357.52,1,2345,300/300/300/300/300/300
1700000012.800000,1,300,300,121.75,50.07,0,2345,300/300/300/300/300/300
1700000012.850000,1,300,300,121.75,50.27,0,2345,300/300/300/300/300/300
1700000012.900000,1,300,300,121.76,242.99,1,2348,300/300/300/300/300/300
1700000012.950000,1,300,300,121.76,50.04,0,2348,300/300/300/300/300/300
1700000013.000000,1,300,300,121.74,48.89,0,2348,300/300/300/300/300/300
1700000013.050000,1,300,300,121.72,299.65,1,2319,300/300/300/300/300/300
1700000013.100000,1,300,300,121.73,48.67,0,2319,300/300/300/300/300/300
1700000013.150000,1,300,300,121.73,49.48,0,2319,300/300/300/300/300/300
1700000013.200000,1,300,300,121.72,237.73,1,2284,300/300/300/300/300/300
1700000013.250000,1,300,300,121.74,51.22,0,2284,300/300/300/300/300/300
1700000013.300000,1,300,300,121.73,49.30,0,2284,300/300/300/300/300/300
1700000013.350000,1,300,300,121.71,283.33,1,2271,300/300/300/300/300/300
1700000013.400000,1,300,300,121.69,52.27,0,2271,300/300/300/300/300/300
1700000013.450000,1,300,300,121.70,47.59,0,2271,300/300/300/300/300/300
1700000013.500000,1,300,300,121.71,245.59,1,2252,300/300/300/300/300/300
1700000013.550000,1,300,300,121.66,51.66,0,2252,300/300/300/300/300/300
1700000013.600000,1,300,300,121.70,47.96,0,2252,300/300/300/300/300/300
1700000013.650000,1,300,300,121.70,239.98,1,2224,300/300/300/300/300/300
1700000013.700000,1,300,300,121.67,48.22,0,2224,300/300/300/300/300/300
1700000013.750000,1,300,300,121.67,47.60,0,2224,300/300/300/300/300/300
1700000013.800000,1,300,300,121.66,305.04,1,2190,300/300/300/300/300/300
1700000013.850000,1,300,300,121.68,48.74,0,2190,300/300/300/300/300/300
1700000013.900000,1,300,300,121.67,49.87,0,2190,300/300/300/300/300/300
1700000013.950000,1,300,300,121.67,238.84,1,2173,300/300/300/300/300/300
1700000014.000000,1,300,300,121.69,47.53,0,2173,300/300/300/300/300/300
1700000014.050000,1,300,300,121.71,48.17,0,2173,300/300/300/300/300/300
1700000014.100000,1,300,300,121.68,248.81,1,2149,300/300/300/300/300/300
1700000014.150000,1,300,300,121.68,48.21,0,2149,300/300/300/300/300/300
1700000014.200000,1,300,300,121.72,47.52,0,2149,300/300/300/300/300/300
1700000014.250000,1,300,300,121.70,242.46,1,2127,300/300/300/300/300/300
1700000014.300000,1,300,300,121.75,47.44,0,2127,300/300/300/300/300/300
1700000014.350000,1,300,300,121.75,52.76,0,2127,300/300/300/300/300/300
1700000014.400000,1,300,300,121.77,245.94,1,2123,300/300/300/300/300/300
1700000014.450000,1,300,300,121.75,50.37,0,2123,300/300/300/300/300/300
1700000014.500000,1,300,300,121.79,50.18,0,2123,300/300/300/300/300/300
1700000014.550000,1,300,300,121.75,251.73,1,2115,300/300/300/300/300/300
1700000014.600000,1,300,300,121.76,51.56,0,2115,300/300/300/300/300/300
1700000014.650000,1,300,300,121.78,50.54,0,2115,300/300/300/300/300/300
1700000014.700000,1,300,300,121.77,425.04,1,2104,300/300/300/300/300/300
1700000014.750000,1,300,300,121.78,51.69,0,2104,300/300/300/300/300/300
1700000014.800000,1,300,300,121.74,49.84,0,2104,300/300/300/300/300/300
1700000014.850000,1,300,300,121.78,345.86,1,2078,300/300/300/300/300/300
1700000014.900000,1,300,300,121.76,50.32,0,2078,300/300/300/300/300/300
1700000014.950000,1,300,300,121.77,50.13,0,2078,300/300/300/300/300/300
1700000015.000000,1,300,300,121.78,336.58,1,2079,300/300/300/300/300/300
1700000015.050000,1,300,300,121.80,50.40,0,2079,300/300/300/300/300/300
1700000015.100000,1,300,300,121.82,49.79,0,2079,300/300/300/300/300/300
1700000015.150000,1,300,300,121.83,258.93,1,2081,300/300/300/300/300/300
1700000015.200000,1,300,300,121.85,50.04,0,2081,300/300/300/300/300/300
1700000015.250000,1,300,300,121.84,49.89,0,2081,300/300/300/300/300/300
1700000015.300000,1,300,300,121.83,260.10,1,2061,300/300/300/300/300/300
1700000015.350000,1,300,300,121.84,49.37,0,2061,300/300/300/300/300/300
1700000015.400000,1,300,300,121.86,50.03,0,2061,300/300/300/300/300/300
1700000015.450000,1,300,300,121.89,309.52,1,2037,300/300/300/300/300/300
1700000015.500000,1,300,300,121.90,53.96,0,2037,300/300/300/300/300/300
1700000015.550000,1,300,300,121.92,52.21,0,2037,300/300/300/300/300/300
1700000015.600000,1,300,300,121.97,309.29,1,2031,300/300/300/300/300/300
1700000015.650000,1,300,300,121.99,51.82,0,2031,300/300/300/300/300/300
1700000015.700000,1,300,300,122.00,50.17,0,2031,300/300/300/300/300/300
1700000015.750000,1,300,300,122.06,256.61,1,2044,300/300/300/300/300/300
1700000015.800000,1,300,300,122.11,53.24,0,2044,300/300/300/300/300/300
1700000015.850000,1,300,300,122.16,53.96,0,2044,300/300/300/300/300/300
1700000015.900000,1,300,300,122.20,341.33,1,2044,300/300/300/300/300/300
1700000015.950000,1,300,300,122.25,50.93,0,2044,300/300/300/300/300/300
1700000016.000000,1,300,300,122.27,52.11,0,2044,300/300/300/300/300/300
1700000016.050000,1,300,300,122.33,311.47,1,2058,300/300/300/300/300/300
1700000016.100000,1,300,300,122.43,51.13,0,2058,300/300/300/300/300/300
1700000016.150000,1,300,300,122.44,55.40,0,2058,300/300/300/300/300/300
1700000016.200000,1,300,300,122.53,263.40,1,2046,300/300/300/300/300/300
1700000016.250000,1,300,300,122.56,51.80,0,2046,300/300/300/300/300/300
1700000016.300000,1,300,300,122.64,53.96,0,2046,300/300/300/300/300/300
1700000016.350000,1,300,300,122.65,260.45,1,2036,300/300/300/300/300/300
1700000016.400000,1,300,300,122.72,53.19,0,2036,300/300/300/300/300/300
1700000016.450000,1,300,300,122.72,51.57,0,2036,300/300/300/300/300/300
1700000016.500000,1,300,300,122.77,264.77,1,2038,300/300/300/300/300/300
1700000016.550000,1,300,300,122.80,51.50,0,2038,300/300/300/300/300/300
1700000016.600000,1,300,300,122.83,52.31,0,2038,300/300/300/300/300/300
1700000016.650000,1,300,300,122.82,234.61,1,1987,300/300/300/300/300/300
1700000016.700000,1,300,300,122.84,53.37,0,1987,300/300/300/300/300/300
1700000016.750000,1,300,300,122.81,53.19,0,1987,300/300/300/300/300/300
1700000016.800000,1,300,300,122.78,269.63,1,2027,300/300/300/300/300/300
1700000016.850000,1,300,300,122.76,55.39,0,2027,300/300/300/300/300/300
1700000016.900000,1,300,300,122.75,53.51,0,2027,300/300/300/300/300/300
1700000016.950000,1,300,300,122.76,236.98,1,2034,300/300/300/300/300/300
1700000017.000000,1,300,300,122.76,53.21,0,2034,300/300/300/300/300/300
1700000017.050000,1,300,300,122.74,53.18,0,2034,300/300/300/300/300/300
1700000017.100000,1,300,300,122.74,235.28,1,2056,300/300/300/300/300/300
1700000017.150000,1,300,300,122.70,51.65,0,2056,300/300/300/300/300/300
1700000017.200000,1,300,300,122.72,51.35,0,2056,300/300/300/300/300/300
1700000017.250000,1,300,300,122.68,272.63,1,2060,300/300/300/300/300/300
1700000017.300000,1,300,300,122.68,51.29,0,2060,300/300/300/300/300/300
1700000017.350000,1,300,300,122.65,52.30,0,2060,300/300/300/300/300/300
1700000017.400000,1,300,300,122.66,237.19,1,2056,300/300/300/300/300/300
1700000017.450000,1,300,300,122.62,53.79,0,2056,300/300/300/300/300/300
1700000017.500000,1,300,300,122.65,49.21,0,2056,300/300/300/300/300/300
1700000017.550000,1,300,300,122.59,344.62,1,2072,300/300/300/300/300/300
1700000017.600000,1,300,300,122.61,49.34,0,2072,300/300/300/300/300/300
1700000017.650000,1,300,300,122.59,49.31,0,2072,300/300/300/300/300/300
1700000017.700000,1,300,300,122.62,263.36,1,2098,300/300/300/300/300/300
1700000017.750000,1,300,300,122.62,52.51,0,2098,300/300/300/300/300/300
1700000017.800000,1,300,300,122.57,49.77,0,2098,300/300/300/300/300/300
1700000017.850000,1,300,300,122.59,221.52,1,2098,300/300/300/300/300/300
1700000017.900000,1,300,300,122.58,51.64,0,2098,300/300/300/300/300/300
1700000017.950000,1,300,300,122.59,50.71,0,2098,300/300/300/300/300/300
1700000018.000000,1,300,300,122.55,224.26,1,2112,300/300/300/300/300/300
1700000018.050000,1,300,300,122.57,52.73,0,2112,300/300/300/300/300/300
1700000018.100000,1,300,300,122.57,47.45,0,2112,300/300/300/300/300/300
1700000018.150000,1,300,300,122.59,225.41,1,2152,300/300/300/300/300/300
1700000018.200000,1,300,300,122.57,49.05,0,2152,300/300/300/300/300/300
1700000018.250000,1,300,300,122.56,48.78,0,2152,300/300/300/300/300/300
1700000018.300000,1,300,300,122.61,353.38,1,2156,300/300/300/300/300/300
1700000018.350000,1,300,300,122.60,50.94,0,2156,300/300/300/300/300/300
1700000018.400000,1,300,300,122.60,52.60,0,2156,300/300/300/300/300/300
1700000018.450000,1,300,300,122.63,271.17,1,2152,300/300/300/300/300/300
1700000018.500000,1,300,300,122.65,52.60,0,2152,300/300/300/300/300/300
1700000018.550000,1,300,300,122.65,51.64,0,2152,300/300/300/300/300/300
1700000018.600000,1,300,300,122.64,230.96,1,2175,300/300/300/300/300/300
1700000018.650000,1,300,300,122.66,54.16,0,2175,300/300/300/300/300/300
1700000018.700000,1,300,300,122.65,48.91,0,2175,300/300/300/300/300/300
1700000018.750000,1,300,300,122.65,234.43,1,2179,300/300/300/300/300/300
1700000018.800000,1,300,300,122.69,51.95,0,2179,300/300/300/300/300/300
1700000018.850000,1,300,300,122.68,52.81,0,2179,300/300/300/300/300/300
1700000018.900000,1,300,300,122.72,230.48,1,2194,300/300/300/300/300/300
1700000018.950000,1,300,300,122.73,52.00,0,2194,300/300/300/300/300/300
1700000019.000000,1,300,300,122.77,49.71,0,2194,300/300/300/300/300/300
1700000019.050000,1,300,300,122.76,240.04,1,2198,300/300/300/300/300/300
1700000019.100000,1,300,300,122.80,51.42,0,2198,300/300/300/300/300/300
1700000019.150000,1,300,300,122.78,52.45,0,2198,300/300/300/300/300/300
1700000019.200000,1,300,300,122.81,240.59,1,2184,300/300/300/300/300/300
1700000019.250000,1,300,300,122.83,51.50,0,2184,300/300/300/300/300/300
1700000019.300000,1,300,300,122.84,51.36,0,2184,300/300/300/300/300/300
1700000019.350000,1,300,300,122.87,242.68,1,2165,300/300/300/300/300/300
1700000019.400000,1,300,300,122.88,53.88,0,2165,300/300/300/300/300/300
1700000019.450000,1,300,300,122.90,51.96,0,2165,300/300/300/300/300/300
1700000019.500000,1,300,300,122.92,241.80,1,2158,300/300/300/300/300/300
1700000019.550000,1,300,300,122.91,50.04,0,2158,300/300/300/300/300/300
1700000019.600000,1,300,300,122.93,51.55,0,2158,300/300/300/300/300/300
1700000019.650000,1,300,300,122.94,263.35,1,2142,300/300/300/300/300/300
1700000019.700000,1,300,300,122.95,52.93,0,2142,300/300/300/300/300/300
1700000019.750000,1,300,300,122.98,53.18,0,2142,300/300/300/300/300/300
1700000019.800000,1,300,300,122.99,314.32,1,2118,300/300/300/300/300/300
1700000019.850000,1,300,300,122.97,51.95,0,2118,300/300/300/300/300/300
1700000019.900000,1,300,300,122.97,51.48,0,2118,300/300/300/300/300/300
1700000019.950000,1,300,300,122.98,244.03,1,2105,300/300/300/300/300/300
1700000020.000000,1,300,300,122.96,51.81,0,2105,300/300/300/300/300/300
1700000020.050000,1,300,300,123.00,51.75,0,2105,300/300/300/300/300/300
1700000020.100000,1,300,300,122.96,327.34,1,2099,300/300/300/300/300/300
1700000020.150000,1,300,300,122.96,51.01,0,2099,300/300/300/300/300/300
1700000020.200000,1,300,300,122.93,57.93,0,2099,300/300/300/300/300/300
1700000020.250000,1,300,300,122.92,240.77,1,2104,300/300/300/300/300/300
1700000020.300000,1,300,300,122.92,54.48,0,2104,300/300/300/300/300/300
1700000020.350000,1,300,300,122.91,49.43,0,2104,300/300/300/300/300/300
1700000020.400000,1,300,300,122.92,327.31,1,2103,300/300/300/300/300/300
1700000020.450000,1,300,300,122.92,50.87,0,2103,300/300/300/300/300/300
1700000020.500000,1,300,300,122.93,54.49,0,2103,300/300/300/300/300/300
1700000020.550000,1,300,300,122.92,236.33,1,2068,300/300/300/300/300/300
1700000020.600000,1,300,300,122.94,54.64,0,2068,300/300/300/300/300/300
1700000020.650000,1,300,300,122.91,52.76,0,2068,300/300/300/300/300/300
1700000020.700000,1,300,300,122.91,341.84,1,2064,300/300/300/300/300/300
1700000020.750000,1,300,300,122.90,52.55,0,2064,300/300/300/300/300/300
1700000020.800000,1,300,300,122.89,50.67,0,2064,300/300/300/300/300/300
1700000020.850000,1,300,300,122.85,239.83,1,2007,300/300/300/300/300/300
1700000020.900000,1,300,300,122.83,53.87,0,2007,300/300/300/300/300/300
1700000020.950000,1,300,300,122.76,52.53,0,2007,300/300/300/300/300/300
1700000021.000000,1,300,300,122.74,174.51,1,2000,300/300/300/300/300/300
1700000021.050000,1,300,300,122.73,52.34,0,2000,300/300/300/300/300/300
1700000021.100000,1,300,300,122.70,52.82,0,2000,300/300/300/300/300/300
1700000021.150000,1,300,300,122.69,243.00,1,2000,300/300/300/300/300/300
1700000021.200000,1,300,300,122.66,55.09,0,2000,300/300/300/300/300/300
1700000021.250000,1,300,300,122.67,54.28,0,2000,300/300/300/300/300/300
1700000021.300000,1,300,300,122.64,220.57,1,2006,300/300/300/300/300/300
1700000021.350000,1,300,300,122.62,51.85,0,2006,300/300/300/300/300/300
1700000021.400000,1,300,300,122.60,53.78,0,2006,300/300/300/300/300/300
1700000021.450000,1,300,300,122.57,211.35,1,2001,300/300/300/300/300/300
1700000021.500000,1,300,300,122.55,52.76,0,2001,300/300/300/300/300/300
1700000021.550000,1,300,300,122.48,50.99,0,2001,300/300/300/300/300/300
1700000021.600000,1,300,300,122.45,239.75,1,1978,300/300/300/300/300/300
1700000021.650000,1,300,300,122.40,50.18,0,1978,300/300/300/300/300/300
1700000021.700000,1,300,300,122.34,52.56,0,1978,300/300/300/300/300/300
1700000021.750000,1,300,300,122.33,269.49,1,1971,300/300/300/300/300/300
1700000021.800000,1,300,300,122.29,49.79,0,1971,300/300/300/300/300/300
1700000021.850000,1,300,300,122.25,50.03,0,1971,300/300/300/300/300/300
1700000021.900000,1,300,300,122.21,255.62,1,1978,300/300/300/300/300/300
1700000021.950000,1,300,300,122.17,53.20,0,1978,300/300/300/300/300/300
1700000022.000000,1,300,300,122.16,53.26,0,1978,300/300/300/300/300/300
1700000022.050000,1,300,300,122.14,214.88,1,1977,300/300/300/300/300/300
1700000022.100000,1,300,300,122.11,56.43,0,1977,300/300/300/300/300/300
1700000022.150000,1,300,300,122.11,52.79,0,1977,300/300/300/300/300/300
1700000022.200000,1,300,300,122.08,320.46,1,1963,300/300/300/300/300/300
1700000022.250000,1,300,300,122.06,54.44,0,1963,300/300/300/300/300/300
1700000022.300000,1,300,300,122.01,52.61,0,1963,300/300/300/300/300/300
1700000022.350000,1,300,300,122.03,147.80,1,1973,300/300/300/300/300/300
1700000022.400000,1,300,300,122.04,55.59,0,1973,300/300/300/300/300/300
1700000022.450000,1,300,300,122.01,53.30,0,1973,300/300/300/300/300/300
1700000022.500000,1,300,300,122.05,218.51,1,2003,300/300/300/300/300/300
1700000022.550000,1,300,300,122.05,55.90,0,2003,300/300/300/300/300/300
1700000022.600000,1,300,300,122.06,52.24,0,2003,300/300/300/300/300/300
1700000022.650000,1,300,300,122.08,257.83,1,2001,300/300/300/300/300/300
1700000022.700000,1,300,300,122.11,54.00,0,2001,300/300/300/300/300/300
1700000022.750000,1,300,300,122.14,51.76,0,2001,300/300/300/300/300/300
1700000022.800000,1,300,300,122.14,257.50,1,1997,300/300/300/300/300/300
1700000022.850000,1,300,300,122.17,52.69,0,1997,300/300/300/300/300/300
1700000022.900000,1,300,300,122.19,53.02,0,1997,300/300/300/300/300/300
1700000022.950000,1,300,300,122.24,221.78,1,2021,300/300/300/300/300/300
1700000023.000000,1,300,300,122.26,53.47,0,2021,300/300/300/300/300/300
1700000023.050000,1,300,300,122.30,52.39,0,2021,300/300/300/300/300/300
1700000023.100000,1,300,300,122.29,260.20,1,2032,300/300/300/300/300/300
1700000023.150000,1,300,300,122.32,56.75,0,2032,300/300/300/300/300/300
1700000023.200000,1,300,300,122.37,54.76,0,2032,300/300/300/300/300/300
1700000023.250000,1,300,300,122.40,257.05,1,2040,300/300/300/300/300/300
1700000023.300000,1,300,300,122.44,52.15,0,2040,300/300/300/300/300/300
1700000023.350000,1,300,300,122.45,51.77,0,2040,300/300/300/300/300/300
1700000023.400000,1,300,300,122.44,370.22,1,2056,300/300/300/300/300/300
1700000023.450000,1,300,300,122.46,56.46,0,2056,300/300/300/300/300/300
1700000023.500000,1,300,300,122.41,52.08,0,2056,300/300/300/300/300/300
1700000023.550000,1,300,300,122.40,288.34,1,2055,300/300/300/300/300/300
1700000023.600000,1,300,300,122.39,52.50,0,2055,300/300/300/300/300/300
1700000023.650000,1,300,300,122.38,52.52,0,2055,300/300/300/300/300/300
1700000023.700000,1,300,300,122.42,218.22,1,2062,300/300/300/300/300/300
1700000023.750000,1,300,300,122.39,53.78,0,2062,300/300/300/300/300/300
1700000023.800000,1,300,300,122.39,53.19,0,2062,300/300/300/300/300/300
1700000023.850000,1,300,300,122.36,369.54,1,2077,300/300/300/300/300/300
1700000023.900000,1,300,300,122.34,54.73,0,2077,300/300/300/300/300/300
1700000023.950000,1,300,300,122.36,55.77,0,2077,300/300/300/300/300/300
1700000024.000000,1,300,300,122.28,242.44,1,2074,300/300/300/300/300/300
1700000024.050000,1,300,300,122.25,53.12,0,2074,300/300/300/300/300/300
1700000024.100000,1,300,300,122.25,55.44,0,2074,300/300/300/300/300/300
1700000024.150000,1,300,300,122.20,275.58,1,2067,300/300/300/300/300/300
1700000024.200000,1,300,300,122.19,55.55,0,2067,300/300/300/300/300/300
1700000024.250000,1,300,300,122.14,52.69,0,2067,300/300/300/300/300/300
1700000024.300000,1,300,300,122.12,278.60,1,2059,300/300/300/300/300/300
1700000024.350000,1,300,300,122.09,53.91,0,2059,300/300/300/300/300/300
1700000024.400000,1,300,300,122.11,53.04,0,2059,300/300/300/300/300/300
1700000024.450000,1,300,300,122.07,276.88,1,2064,300/300/300/300/300/300
1700000024.500000,1,300,300,122.06,54.32,0,2064,300/300/300/300/300/300
1700000024.550000,1,300,300,122.07,52.70,0,2064,300/300/300/300/300/300
1700000024.600000,1,300,300,122.09,247.48,1,2078,300/300/300/300/300/300
1700000024.650000,1,300,300,122.07,54.06,0,2078,300/300/300/300/300/300
1700000024.700000,1,300,300,122.10,54.48,0,2078,300/300/300/300/300/300
1700000024.750000,1,300,300,122.10,240.28,1,2090,300/300/300/300/300/300
1700000024.800000,1,300,300,122.08,53.01,0,2090,300/300/300/300/300/300
1700000024.850000,1,300,300,122.10,52.87,0,2090,300/300/300/300/300/300
1700000024.900000,1,300,300,122.07,325.45,1,2107,300/300/300/300/300/300
1700000024.950000,1,300,300,122.12,54.76,0,2107,300/300/300/300/300/300
1700000025.000000,1,300,300,122.11,53.58,0,2107,300/300/300/300/300/300
1700000025.050000,1,300,300,122.08,392.76,1,2085,300/300/300/300/300/300
1700000025.100000,1,300,300,122.13,52.22,0,2085,300/300/300/300/300/300
1700000025.150000,1,300,300,122.11,50.02,0,2085,300/300/300/300/300/300
1700000025.200000,1,300,300,122.12,241.75,1,2120,300/300/300/300/300/300
1700000025.250000,1,300,300,122.14,50.90,0,2120,300/300/300/300/300/300
1700000025.300000,1,300,300,122.15,51.14,0,2120,300/300/300/300/300/300
1700000025.350000,1,300,300,122.14,243.73,1,2100,300/300/300/300/300/300
1700000025.400000,1,300,300,122.15,51.52,0,2100,300/300/300/300/300/300
1700000025.450000,1,300,300,122.18,51.48,0,2100,300/300/300/300/300/300
1700000025.500000,1,300,300,122.17,242.42,1,2102,300/300/300/300/300/300
1700000025.550000,1,300,300,122.19,52.39,0,2102,300/300/300/300/300/300
1700000025.600000,1,300,300,122.20,50.04,0,2102,300/300/300/300/300/300
1700000025.650000,1,300,300,122.24,321.88,1,2109,300/300/300/300/300/300
1700000025.700000,1,300,300,122.24,51.63,0,2109,300/300/300/300/300/300
1700000025.750000,1,300,300,122.23,52.01,0,2109,300/300/300/300/300/300
1700000025.800000,1,300,300,122.23,277.82,1,2132,300/300/300/300/300/300
1700000025.850000,1,300,300,122.23,50.66,0,2132,300/300/300/300/300/300
1700000025.900000,1,300,300,122.21,52.19,0,2132,300/300/300/300/300/300
1700000025.950000,1,300,300,122.25,319.17,1,2127,300/300/300/300/300/300
1700000026.000000,1,300,300,122.22,51.64,0,2127,300/300/300/300/300/300
1700000026.050000,1,300,300,122.24,48.71,0,2127,300/300/300/300/300/300
1700000026.100000,1,300,300,122.23,275.71,1,2166,300/300/300/300/300/300
1700000026.150000,1,300,300,122.22,51.56,0,2166,300/300/300/300/300/300
1700000026.200000,1,300,300,122.18,49.37,0,2166,300/300/300/300/300/300
1700000026.250000,1,300,300,122.19,236.77,1,2177,300/300/300/300/300/300
1700000026.300000,1,300,300,122.18,49.12,0,2177,300/300/300/300/300/300
1700000026.350000,1,300,300,122.14,49.20,0,2177,300/300/300/300/300/300
1700000026.400000,1,300,300,122.14,284.32,1,2175,300/300/300/300/300/300
1700000026.450000,1,300,300,122.11,53.86,0,2175,300/300/300/300/300/300
1700000026.500000,1,300,300,122.13,49.80,0,2175,300/300/300/300/300/300
1700000026.550000,1,300,300,122.14,247.97,1,2152,300/300/300/300/300/300
1700000026.600000,1,300,300,122.09,50.36,0,2152,300/300/300/300/300/300
1700000026.650000,1,300,300,122.07,47.59,0,2152,300/300/300/300/300/300
1700000026.700000,1,300,300,122.07,239.29,1,2167,300/300/300/300/300/300
1700000026.750000,1,300,300,122.05,50.03,0,2167,300/300/300/300/300/300
1700000026.800000,1,300,300,122.08,51.23,0,2167,300/300/300/300/300/300
1700000026.850000,1,300,300,122.04,245.94,1,2182,300/300/300/300/300/300
1700000026.900000,1,300,300,122.02,49.83,0,2182,300/300/300/300/300/300
1700000026.950000,1,300,300,122.01,48.72,0,2182,300/300/300/300/300/300
1700000027.000000,1,300,300,122.00,248.24,1,2195,300/300/300/300/300/300
1700000027.050000,1,300,300,121.99,51.28,0,2195,300/300/300/300/300/300
1700000027.100000,1,300,300,122.01,52.58,0,2195,300/300/300/300/300/300
1700000027.150000,1,300,300,122.00,337.72,1,2165,300/300/300/300/300/300
1700000027.200000,1,300,300,121.98,60.00,0,2165,300/300/300/300/300/300
1700000027.250000,1,300,300,121.95,52.45,0,2165,300/300/300/300/300/300
1700000027.300000,1,300,300,121.95,259.07,1,2168,300/300/300/300/300/300
1700000027.350000,1,300,300,121.95,52.14,0,2168,300/300/300/300/300/300
1700000027.400000,1,300,300,121.94,53.35,0,2168,300/300/300/300/300/300
1700000027.450000,1,300,300,121.93,252.37,1,2180,300/300/300/300/300/300
1700000027.500000,1,300,300,121.94,53.39,0,2180,300/300/300/300/300/300
1700000027.550000,1,300,300,121.92,50.81,0,2180,300/300/300/300/300/300
1700000027.600000,1,300,300,121.92,247.93,1,2196,300/300/300/300/300/300
1700000027.650000,1,300,300,121.93,51.88,0,2196,300/300/300/300/300/300
1700000027.700000,1,300,300,121.93,52.00,0,2196,300/300/300/300/300/300
1700000027.750000,1,300,300,121.91,252.45,1,2202,300/300/300/300/300/300
1700000027.800000,1,300,300,121.92,52.87,0,2202,300/300/300/300/300/300
1700000027.850000,1,300,300,121.91,51.94,0,2202,300/300/300/300/300/300
1700000027.900000,1,300,300,121.91,250.71,1,2215,300/300/300/300/300/300
1700000027.950000,1,300,300,121.92,55.57,0,2215,300/300/300/300/300/300
1700000028.000000,1,300,300,121.91,53.96,0,2215,300/300/300/300/300/300
1700000028.050000,1,300,300,121.91,253.00,1,2222,300/300/300/300/300/300
1700000028.100000,1,300,300,121.95,51.57,0,2222,300/300/300/300/300/300
1700000028.150000,1,300,300,121.92,54.55,0,2222,300/300/300/300/300/300
1700000028.200000,1,300,300,121.93,247.90,1,2207,300/300/300/300/300/300
1700000028.250000,1,300,300,121.94,53.77,0,2207,300/300/300/300/300/300
1700000028.300000,1,300,300,121.94,51.06,0,2207,300/300/300/300/300/300
1700000028.350000,1,300,300,121.92,249.97,1,2221,300/300/300/300/300/300
1700000028.400000,1,300,300,121.92,50.73,0,2221,300/300/300/300/300/300
1700000028.450000,1,300,300,121.91,52.15,0,2221,300/300/300/300/300/300
1700000028.500000,1,300,300,121.90,243.52,1,2211,300/300/300/300/300/300
1700000028.550000,1,300,300,121.88,54.21,0,2211,300/300/300/300/300/300
1700000028.600000,1,300,300,121.87,51.64,0,2211,300/300/300/300/300/300
1700000028.650000,1,300,300,121.89,237.79,1,2200,300/300/300/300/300/300
1700000028.700000,1,300,300,121.85,52.45,0,2200,300/300/300/300/300/300
1700000028.750000,1,300,300,121.87,52.65,0,2200,300/300/300/300/300/300
1700000028.800000,1,300,300,121.81,238.14,1,2202,300/300/300/300/300/300
1700000028.850000,1,300,300,121.82,53.24,0,2202,300/300/300/300/300/300
1700000028.900000,1,300,300,121.79,51.50,0,2202,300/300/300/300/300/300
1700000028.950000,1,300,300,121.80,238.38,1,2200,300/300/300/300/300/300
1700000029.000000,1,300,300,121.80,51.19,0,2200,300/300/300/300/300/300
1700000029.050000,1,300,300,121.78,50.40,0,2200,300/300/300/300/300/300
1700000029.100000,1,300,300,121.78,238.91,1,2194,300/300/300/300/300/300
1700000029.150000,1,300,300,121.75,52.44,0,2194,300/300/300/300/300/300
1700000029.200000,1,300,300,121.77,51.23,0,2194,300/300/300/300/300/300
1700000029.250000,1,300,300,121.78,236.74,1,2152,300/300/300/300/300/300
1700000029.300000,1,300,300,121.75,49.43,0,2152,300/300/300/300/300/300
1700000029.350000,1,300,300,121.78,50.95,0,2152,300/300/300/300/300/300
1700000029.400000,1,300,300,121.77,239.77,1,2162,300/300/300/300/300/300
1700000029.450000,1,300,300,121.78,50.07,0,2162,300/300/300/300/300/300
1700000029.500000,1,300,300,121.81,52.01,0,2162,300/300/300/300/300/300
1700000029.550000,1,300,300,121.83,239.30,1,2155,300/300/300/300/300/300
1700000029.600000,1,300,300,121.84,52.05,0,2155,300/300/300/300/300/300
1700000029.650000,1,300,300,121.88,49.28,0,2155,300/300/300/300/300/300
1700000029.700000,1,300,300,121.91,237.19,1,2123,300/300/300/300/300/300
1700000029.750000,1,300,300,121.94,52.45,0,2123,300/300/300/300/300/300
1700000029.800000,1,300,300,121.96,54.06,0,2123,300/300/300/300/300/300
1700000029.850000,1,300,300,122.00,236.59,1,2092,300/300/300/300/300/300
1700000029.900000,1,300,300,122.00,52.93,0,2092,300/300/300/300/300/300
1700000029.950000,1,300,300,122.03,51.72,0,2092,300/300/300/300/300/300
1700000030.000000,1,300,300,122.05,241.90,1,2078,300/300/300/300/300/300
1700000030.050000,1,300,300,122.08,53.06,0,2078,300/300/300/300/300/300
1700000030.100000,1,300,300,122.09,50.44,0,2078,300/300/300/300/300/300
1700000030.150000,1,300,300,122.12,235.07,1,2047,300/300/300/300/300/300
1700000030.200000,1,300,300,122.14,51.02,0,2047,300/300/300/300/300/300
1700000030.250000,1,300,300,122.17,49.13,0,2047,300/300/300/300/300/300
1700000030.300000,1,300,300,122.18,235.27,1,2039,300/300/300/300/300/300
1700000030.350000,1,300,300,122.18,52.54,0,2039,300/300/300/300/300/300
1700000030.400000,1,300,300,122.22,49.00,0,2039,300/300/300/300/300/300
1700000030.450000,1,300,300,122.26,240.82,1,2050,300/300/300/300/300/300
1700000030.500000,1,300,300,122.26,54.58,0,2050,300/300/300/300/300/300
1700000030.550000,1,300,300,122.31,53.07,0,2050,300/300/300/300/300/300
1700000030.600000,1,300,300,122.31,242.26,1,2054,300/300/300/300/300/300
1700000030.650000,1,300,300,122.33,56.97,0,2054,300/300/300/300/300/300
1700000030.700000,1,300,300,122.35,55.50,0,2054,300/300/300/300/300/300
1700000030.750000,1,300,300,122.34,243.25,1,2046,300/300/300/300/300/300
1700000030.800000,1,300,300,122.32,53.34,0,2046,300/300/300/300/300/300
1700000030.850000,1,300,300,122.30,51.45,0,2046,300/300/300/300/300/300
1700000030.900000,1,300,300,122.30,277.25,1,2063,300/300/300/300/300/300
1700000030.950000,1,300,300,122.27,54.65,0,2063,300/300/300/300/300/300
1700000031.000000,1,300,300,122.22,55.60,0,2063,300/300/300/300/300/300
1700000031.050000,1,300,300,122.21,237.79,1,2049,300/300/300/300/300/300
1700000031.100000,1,300,300,122.16,54.42,0,2049,300/300/300/300/300/300
1700000031.150000,1,300,300,122.11,54.62,0,2049,300/300/300/300/300/300
1700000031.200000,1,300,300,122.04,409.56,1,2079,300/300/300/300/300/300
1700000031.250000,1,300,300,121.97,57.60,0,2079,300/300/300/300/300/300
1700000031.300000,1,300,300,121.95,56.65,0,2079,300/300/300/300/300/300
1700000031.350000,1,300,300,121.87,276.45,1,2068,300/300/300/300/300/300
1700000031.400000,1,300,300,121.83,54.30,0,2068,300/300/300/300/300/300
1700000031.450000,1,300,300,121.73,54.89,0,2068,300/300/300/300/300/300
1700000031.500000,1,300,300,121.65,294.60,1,2090,300/300/300/300/300/300
1700000031.550000,1,300,300,121.57,60.18,0,2090,300/300/300/300/300/300
1700000031.600000,1,300,300,121.52,58.50,0,2090,300/300/300/300/300/300
1700000031.650000,1,300,300,121.41,304.33,1,2064,300/300/300/300/300/300
1700000031.700000,1,300,300,121.34,55.83,0,2064,300/300/300/300/300/300
1700000031.750000,1,300,300,121.26,56.51,0,2064,300/300/300/300/300/300
1700000031.800000,1,300,300,121.21,273.51,1,2083,300/300/300/300/300/300
1700000031.850000,1,300,300,121.13,54.49,0,2083,300/300/300/300/300/300
1700000031.900000,1,300,300,121.04,58.73,0,2083,300/300/300/300/300/300
1700000031.950000,1,300,300,120.98,243.87,1,2109,300/300/300/300/300/300
1700000032.000000,1,300,300,120.88,56.34,0,2109,300/300/300/300/300/300
1700000032.050000,1,300,300,120.81,55.57,0,2109,300/300/300/300/300/300
1700000032.100000,1,300,300,120.77,310.69,1,2147,300/300/300/300/300/300
1700000032.150000,1,300,300,120.72,52.88,0,2147,300/300/300/300/300/300
1700000032.200000,1,300,300,120.65,54.24,0,2147,300/300/300/300/300/300
1700000032.250000,1,300,300,120.65,311.98,1,2160,300/300/300/300/300/300
1700000032.300000,1,300,300,120.58,58.41,0,2160,300/300/300/300/300/300
1700000032.350000,1,300,300,120.50,57.10,0,2160,300/300/300/300/300/300
1700000032.400000,1,300,300,120.57,421.07,1,2154,300/300/300/300/300/300
1700000032.450000,1,300,300,120.53,55.92,0,2154,300/300/300/300/300/300
1700000032.500000,1,300,300,120.54,58.40,0,2154,300/300/300/300/300/300
1700000032.550000,1,300,300,120.56,241.88,1,2160,300/300/300/300/300/300
1700000032.600000,1,300,300,120.55,56.46,0,2160,300/300/300/300/300/300
1700000032.650000,1,300,300,120.56,60.38,0,2160,300/300/300/300/300/300
1700000032.700000,1,300,300,120.52,244.34,1,2159,300/300/300/300/300/300
1700000032.750000,1,300,300,120.60,57.43,0,2159,300/300/300/300/300/300
1700000032.800000,1,300,300,120.54,54.95,0,2159,300/300/300/300/300/300
1700000032.850000,1,300,300,120.56,235.38,1,2172,300/300/300/300/300/300
1700000032.900000,1,300,300,120.55,59.73,0,2172,300/300/300/300/300/300
1700000032.950000,1,300,300,120.57,56.12,0,2172,300/300/300/300/300/300
1700000033.000000,1,300,300,120.55,243.99,1,2198,300/300/300/300/300/300
1700000033.050000,1,300,300,120.57,55.82,0,2198,300/300/300/300/300/300
1700000033.100000,1,300,300,120.58,59.07,0,2198,300/300/300/300/300/300
1700000033.150000,1,300,300,120.56,278.80,1,2204,300/300/300/300/300/300
1700000033.200000,1,300,300,120.51,57.30,0,2204,300/300/300/300/300/300
1700000033.250000,1,300,300,120.52,63.48,0,2204,300/300/300/300/300/300
1700000033.300000,1,300,300,120.51,281.79,1,2233,300/300/300/300/300/300
1700000033.350000,1,300,300,120.52,56.65,0,2233,300/300/300/300/300/300
1700000033.400000,1,300,300,120.50,55.03,0,2233,300/300/300/300/300/300
1700000033.450000,1,300,300,120.46,241.54,1,2241,300/300/300/300/300/300
1700000033.500000,1,300,300,120.39,59.22,0,2241,300/300/300/300/300/300
1700000033.550000,1,300,300,120.36,58.70,0,2241,300/300/300/300/300/300
1700000033.600000,1,300,300,120.31,283.52,1,2249,300/300/300/300/300/300
1700000033.650000,1,300,300,120.25,58.01,0,2249,300/300/300/300/300/300
1700000033.700000,1,300,300,120.18,56.22,0,2249,300/300/300/300/300/300
1700000033.750000,1,300,300,120.17,243.48,1,2283,300/300/300/300/300/300
1700000033.800000,1,300,300,120.11,56.48,0,2283,300/300/300/300/300/300
1700000033.850000,1,300,300,120.06,54.21,0,2283,300/300/300/300/300/300
1700000033.900000,1,300,300,120.02,249.18,1,2287,300/300/300/300/300/300
1700000033.950000,1,300,300,119.98,55.99,0,2287,300/300/300/300/300/300
1700000034.000000,1,300,300,119.92,56.38,0,2287,300/300/300/300/300/300
1700000034.050000,1,300,300,119.87,290.98,1,2307,300/300/300/300/300/300
1700000034.100000,1,300,300,119.84,60.20,0,2307,300/300/300/300/300/300
1700000034.150000,1,300,300,119.75,54.37,0,2307,300/300/300/300/300/300
1700000034.200000,1,300,300,119.72,250.87,1,2302,300/300/300/300/300/300
1700000034.250000,1,300,300,119.70,53.31,0,2302,300/300/300/300/300/300
1700000034.300000,1,300,300,119.61,52.70,0,2302,300/300/300/300/300/300
1700000034.350000,1,300,300,119.52,281.48,1,2327,300/300/300/300/300/300
1700000034.400000,1,300,300,119.46,50.97,0,2327,300/300/300/300/300/300
1700000034.450000,1,300,300,119.33,52.27,0,2327,300/300/300/300/300/300
1700000034.500000,1,300,300,119.29,284.06,1,2312,300/300/300/300/300/300
1700000034.550000,1,300,300,119.28,54.87,0,2312,300/300/300/300/300/300
1700000034.600000,1,300,300,119.27,54.89,0,2312,300/300/300/300/300/300
1700000034.650000,1,300,300,119.19,308.74,1,2327,300/300/300/300/300/300
1700000034.700000,1,300,300,119.21,59.77,0,2327,300/300/300/300/300/300
1700000034.750000,1,300,300,119.18,52.26,0,2327,300/300/300/300/300/300
1700000034.800000,1,300,300,119.09,370.99,1,2302,300/300/300/300/300/300
1700000034.850000,1,300,300,119.03,52.49,0,2302,300/300/300/300/300/300
1700000034.900000,1,300,300,119.04,55.74,0,2302,300/300/300/300/300/300
1700000034.950000,1,300,300,118.98,285.43,1,2296,300/300/300/300/300/300
1700000035.000000,1,300,300,118.94,55.70,0,2296,300/300/300/300/300/300
1700000035.050000,1,300,300,118.92,53.40,0,2296,300/300/300/300/300/300
1700000035.100000,1,300,300,118.86,279.48,1,2306,300/300/300/300/300/300
1700000035.150000,1,300,300,118.73,53.47,0,2306,300/300/300/300/300/300
1700000035.200000,1,300,300,118.75,50.72,0,2306,300/300/300/300/300/300
1700000035.250000,1,300,300,118.72,290.79,1,2300,300/300/300/300/300/300
1700000035.300000,1,300,300,118.74,53.34,0,2300,300/300/300/300/300/300
1700000035.350000,1,300,300,118.64,53.88,0,2300,300/300/300/300/300/300
1700000035.400000,1,300,300,118.52,291.75,1,2315,300/300/300/300/300/300
1700000035.450000,1,300,300,118.54,55.70,0,2315,300/300/300/300/300/300
1700000035.500000,1,300,300,118.71,51.86,0,2315,300/300/300/300/300/300
1700000035.550000,1,300,300,118.74,255.01,1,2292,300/300/300/300/300/300
1700000035.600000,1,300,300,118.82,54.11,0,2292,300/300/300/300/300/300
1700000035.650000,1,300,300,118.82,52.22,0,2292,300/300/300/300/300/300
1700000035.700000,1,300,300,118.86,258.13,1,2315,300/300/300/300/300/300
1700000035.750000,1,300,300,118.86,52.79,0,2315,300/300/300/300/300/300
1700000035.800000,1,300,300,118.80,52.99,0,2315,300/300/300/300/300/300
1700000035.850000,1,300,300,118.78,279.13,1,2335,300/300/300/300/300/300
1700000035.900000,1,300,300,118.80,52.33,0,2335,300/300/300/300/300/300
1700000035.950000,1,300,300,118.81,52.63,0,2335,300/300/300/300/300/300
1700000036.000000,1,300,300,118.78,243.94,1,2330,300/300/300/300/300/300
1700000036.050000,1,300,300,118.79,55.11,0,2330,300/300/300/300/300/300
1700000036.100000,1,300,300,118.65,53.04,0,2330,300/300/300/300/300/300
1700000036.150000,1,300,300,118.69,251.89,1,2305,300/300/300/300/300/300
1700000036.200000,1,300,300,118.67,53.38,0,2305,300/300/300/300/300/300
1700000036.250000,1,300,300,118.76,54.47,0,2305,300/300/300/300/300/300
1700000036.300000,1,300,300,118.82,244.46,1,2329,300/300/300/300/300/300
1700000036.350000,1,300,300,118.91,56.15,0,2329,300/300/300/300/300/300
1700000036.400000,1,300,300,118.94,59.30,0,2329,300/300/300/300/300/300
1700000036.450000,1,300,300,118.92,289.73,1,2346,300/300/300/300/300/300
1700000036.500000,1,300,300,118.84,55.05,0,2346,300/300/300/300/300/300
1700000036.550000,1,300,300,118.86,55.15,0,2346,300/300/300/300/300/300
1700000036.600000,1,300,300,118.91,248.31,1,2347,300/300/300/300/300/300
1700000036.650000,1,300,300,118.91,58.25,0,2347,300/300/300/300/300/300
1700000036.700000,1,300,300,118.92,60.14,0,2347,300/300/300/300/300/300
1700000036.750000,1,300,300,118.94,299.77,1,2349,300/300/300/300/300/300
1700000036.800000,1,300,300,118.95,54.61,0,2349,300/300/300/300/300/300
1700000036.850000,1,300,300,118.94,57.20,0,2349,300/300/300/300/300/300
1700000036.900000,1,300,300,118.92,257.18,1,2324,300/300/300/300/300/300
1700000036.950000,1,300,300,118.94,53.96,0,2324,300/300/300/300/300/300
1700000037.000000,1,300,300,118.93,56.17,0,2324,300/300/300/300/300/300
1700000037.050000,1,300,300,118.97,291.78,1,2315,300/300/300/300/300/300
1700000037.100000,1,300,300,119.02,57.10,0,2315,300/300/300/300/300/300
1700000037.150000,1,300,300,119.04,56.83,0,2315,300/300/300/300/300/300
1700000037.200000,1,300,300,119.06,261.56,1,2341,300/300/300/300/300/300
1700000037.250000,1,300,300,119.10,57.07,0,2341,300/300/300/300/300/300
1700000037.300000,1,300,300,119.17,55.28,0,2341,300/300/300/300/300/300
1700000037.350000,1,300,300,119.18,350.00,1,2330,300/300/300/300/300/300
1700000037.400000,1,300,300,119.24,58.18,0,2330,300/300/300/300/300/300
1700000037.450000,1,300,300,119.24,59.31,0,2330,300/300/300/300/300/300
1700000037.500000,1,300,300,119.27,325.17,1,2315,300/300/300/300/300/300
1700000037.550000,1,300,300,119.31,58.31,0,2315,300/300/300/300/300/300
1700000037.600000,1,300,300,119.29,55.60,0,2315,300/300/300/300/300/300
1700000037.650000,1,300,300,119.33,295.13,1,2327,300/300/300/300/300/300
1700000037.700000,1,300,300,119.32,58.84,0,2327,300/300/300/300/300/300
1700000037.750000,1,300,300,119.35,56.09,0,2327,300/300/300/300/300/300
1700000037.800000,1,300,300,119.35,255.69,1,2331,300/300/300/300/300/300
1700000037.850000,1,300,300,119.39,55.77,0,2331,300/300/300/300/300/300
1700000037.900000,1,300,300,119.42,51.86,0,2331,300/300/300/300/300/300
1700000037.950000,1,300,300,119.43,255.76,1,2369,300/300/300/300/300/300
1700000038.000000,1,300,300,119.45,56.28,0,2369,300/300/300/300/300/300
1700000038.050000,1,300,300,119.51,57.04,0,2369,300/300/300/300/300/300
1700000038.100000,1,300,300,119.52,256.68,1,2377,300/300/300/300/300/300
1700000038.150000,1,300,300,119.56,57.25,0,2377,300/300/300/300/300/300
1700000038.200000,1,300,300,119.56,62.04,0,2377,300/300/300/300/300/300
1700000038.250000,1,300,300,119.59,264.15,1,2382,300/300/300/300/300/300
1700000038.300000,1,300,300,119.59,56.38,0,2382,300/300/300/300/300/300
1700000038.350000,1,300,300,119.61,57.47,0,2382,300/300/300/300/300/300
1700000038.400000,1,300,300,119.65,263.97,1,2386,300/300/300/300/300/300
1700000038.450000,1,300,300,119.66,59.40,0,2386,300/300/300/300/300/300
1700000038.500000,1,300,300,119.67,60.79,0,2386,300/300/300/300/300/300
1700000038.550000,1,300,300,119.68,269.48,1,2394,300/300/300/300/300/300
1700000038.600000,1,300,300,119.69,59.17,0,2394,300/300/300/300/300/300
1700000038.650000,1,300,300,119.72,59.51,0,2394,300/300/300/300/300/300
1700000038.700000,1,300,300,119.73,358.06,1,2389,300/300/300/300/300/300
1700000038.750000,1,300,300,119.73,56.10,0,2389,300/300/300/300/300/300
1700000038.800000,1,300,300,119.76,59.23,0,2389,300/300/300/300/300/300
1700000038.850000,1,300,300,119.74,305.89,1,2403,300/300/300/300/300/300
1700000038.900000,1,300,300,119.78,60.82,0,2403,300/300/300/300/300/300
1700000038.950000,1,300,300,119.81,61.76,0,2403,300/300/300/300/300/300
1700000039.000000,1,300,300,119.83,291.58,1,2407,300/300/300/300/300/300
1700000039.050000,1,300,300,119.85,58.59,0,2407,300/300/300/300/300/300
1700000039.100000,1,300,300,119.88,58.88,0,2407,300/300/300/300/300/300
1700000039.150000,1,300,300,119.91,263.54,1,2445,300/300/300/300/300/300
1700000039.200000,1,300,300,119.95,58.52,0,2445,300/300/300/300/300/300
1700000039.250000,1,300,300,119.96,62.45,0,2445,300/300/300/300/300/300
1700000039.300000,1,300,300,120.00,263.36,1,2426,300/300/300/300/300/300
1700000039.350000,1,300,300,120.01,64.61,0,2426,300/300/300/300/300/300
1700000039.400000,1,300,300,120.06,61.87,0,2426,300/300/300/300/300/300
1700000039.450000,1,300,300,120.09,266.89,1,2448,300/300/300/300/300/300
1700000039.500000,1,300,300,120.13,59.57,0,2448,300/300/300/300/300/300
1700000039.550000,1,300,300,120.17,59.86,0,2448,300/300/300/300/300/300
1700000039.600000,1,300,300,120.23,267.02,1,2440,300/300/300/300/300/300
1700000039.650000,1,300,300,120.26,64.17,0,2440,300/300/300/300/300/300
1700000039.700000,1,300,300,120.32,57.22,0,2440,300/300/300/300/300/300
1700000039.750000,1,300,300,120.36,269.34,1,2458,300/300/300/300/300/300
1700000039.800000,1,300,300,120.43,57.83,0,2458,300/300/300/300/300/300
1700000039.850000,1,300,300,120.50,58.44,0,2458,300/300/300/300/300/300
1700000039.900000,1,300,300,120.54,301.90,1,2456,300/300/300/300/300/300
1700000039.950000,1,300,300,120.57,57.44,0,2456,300/300/300/300/300/300
1700000040.000000,1,300,300,120.63,55.46,0,2456,300/300/300/300/300/300
1700000040.050000,1,300,300,120.67,348.48,1,2455,300/300/300/300/300/300
1700000040.100000,1,300,300,120.72,59.68,0,2455,300/300/300/300/300/300
1700000040.150000,1,300,300,120.72,56.24,0,2455,300/300/300/300/300/300
1700000040.200000,1,300,300,120.74,339.85,1,2461,300/300/300/300/300/300
1700000040.250000,1,300,300,120.77,54.64,0,2461,300/300/300/300/300/300
1700000040.300000,1,300,300,120.80,56.83,0,2461,300/300/300/300/300/300
1700000040.350000,1,300,300,120.78,263.41,1,2441,300/300/300/300/300/300
1700000040.400000,1,300,300,120.79,55.31,0,2441,300/300/300/300/300/300
1700000040.450000,1,300,300,120.75,58.32,0,2441,300/300/300/300/300/300
1700000040.500000,1,300,300,120.75,318.21,1,2443,300/300/300/300/300/300
1700000040.550000,1,300,300,120.75,56.36,0,2443,300/300/300/300/300/300
1700000040.600000,1,300,300,120.78,56.60,0,2443,300/300/300/300/300/300
1700000040.650000,1,300,300,120.73,275.65,1,2471,300/300/300/300/300/300
1700000040.700000,1,300,300,120.73,54.14,0,2471,300/300/300/300/300/300
1700000040.750000,1,300,300,120.70,57.13,0,2471,300/300/300/300/300/300
1700000040.800000,1,300,300,120.68,249.55,1,2451,300/300/300/300/300/300
1700000040.850000,1,300,300,120.64,57.72,0,2451,300/300/300/300/300/300
1700000040.900000,1,300,300,120.68,53.06,0,2451,300/300/300/300/300/300
1700000040.950000,1,300,300,120.68,246.36,1,2442,300/300/300/300/300/300
1700000041.000000,1,300,300,120.65,55.35,0,2442,300/300/300/300/300/300
1700000041.050000,1,300,300,120.63,51.54,0,2442,300/300/300/300/300/300
1700000041.100000,1,300,300,120.64,311.50,1,2449,300/300/300/300/300/300
1700000041.150000,1,300,300,120.56,52.79,0,2449,300/300/300/300/300/300
1700000041.200000,1,300,300,120.49,53.08,0,2449,300/300/300/300/300/300
1700000041.250000,1,300,300,120.46,305.51,1,2439,300/300/300/300/300/300
1700000041.300000,1,300,300,120.42,57.15,0,2439,300/300/300/300/300/300
1700000041.350000,1,300,300,120.42,54.83,0,2439,300/300/300/300/300/300
1700000041.400000,1,300,300,120.43,362.51,1,2445,300/300/300/300/300/300
1700000041.450000,1,300,300,120.42,55.36,0,2445,300/300/300/300/300/300
1700000041.500000,1,300,300,120.42,56.95,0,2445,300/300/300/300/300/300
1700000041.550000,1,300,300,120.39,253.05,1,2474,300/300/300/300/300/300
1700000041.600000,1,300,300,120.39,56.30,0,2474,300/300/300/300/300/300
1700000041.650000,1,300,300,120.29,52.46,0,2474,300/300/300/300/300/300
1700000041.700000,1,300,300,120.30,368.94,1,2471,300/300/300/300/300/300
1700000041.750000,1,300,300,120.25,54.07,0,2471,300/300/300/300/300/300
1700000041.800000,1,300,300,120.22,53.86,0,2471,300/300/300/300/300/300
1700000041.850000,1,300,300,120.18,293.41,1,2459,300/300/300/300/300/300
1700000041.900000,1,300,300,120.15,53.92,0,2459,300/300/300/300/300/300
1700000041.950000,1,300,300,120.11,52.47,0,2459,300/300/300/300/300/300
1700000042.000000,1,300,300,120.09,372.07,1,2436,300/300/300/300/300/300
1700000042.050000,1,300,300,120.04,54.10,0,2436,300/300/300/300/300/300
1700000042.100000,1,300,300,120.02,53.47,0,2436,300/300/300/300/300/300
1700000042.150000,1,300,300,119.94,302.41,1,2437,300/300/300/300/300/300
1700000042.200000,1,300,300,119.92,55.63,0,2437,300/300/300/300/300/300
1700000042.250000,1,300,300,119.85,54.52,0,2437,300/300/300/300/300/300
1700000042.300000,1,300,300,119.82,257.92,1,2442,300/300/300/300/300/300
1700000042.350000,1,300,300,119.77,57.24,0,2442,300/300/300/300/300/300
1700000042.400000,1,300,300,119.72,53.81,0,2442,300/300/300/300/300/300
1700000042.450000,1,300,300,119.67,205.31,1,2435,300/300/300/300/300/300
1700000042.500000,1,300,300,119.60,56.87,0,2435,300/300/300/300/300/300
1700000042.550000,1,300,300,119.54,55.10,0,2435,300/300/300/300/300/300
1700000042.600000,1,300,300,119.41,253.83,1,2427,300/300/300/300/300/300
1700000042.650000,1,300,300,119.33,52.25,0,2427,300/300/300/300/300/300
1700000042.700000,1,300,300,119.30,52.09,0,2427,300/300/300/300/300/300
1700000042.750000,1,300,300,119.29,255.44,1,2460,300/300/300/300/300/300
1700000042.800000,1,300,300,119.30,52.15,0,2460,300/300/300/300/300/300
1700000042.850000,1,300,300,119.23,54.26,0,2460,300/300/300/300/300/300
1700000042.900000,1,300,300,119.25,344.91,1,2461,300/300/300/300/300/300
1700000042.950000,1,300,300,119.19,54.32,0,2461,300/300/300/300/300/300
1700000043.000000,1,300,300,119.13,54.89,0,2461,300/300/300/300/300/300
1700000043.050000,1,300,300,119.15,311.29,1,2447,300/300/300/300/300/300
1700000043.100000,1,300,300,119.12,58.14,0,2447,300/300/300/300/300/300
1700000043.150000,1,300,300,119.10,54.67,0,2447,300/300/300/300/300/300
1700000043.200000,1,300,300,119.09,327.45,1,2438,300/300/300/300/300/300
1700000043.250000,1,300,300,119.13,55.10,0,2438,300/300/300/300/300/300
1700000043.300000,1,300,300,119.06,50.86,0,2438,300/300/300/300/300/300
1700000043.350000,1,300,300,118.98,260.42,1,2444,300/300/300/300/300/300
1700000043.400000,1,300,300,118.89,57.52,0,2444,300/300/300/300/300/300
1700000043.450000,1,300,300,118.80,55.93,0,2444,300/300/300/300/300/300
1700000043.500000,1,300,300,118.74,261.73,1,2406,300/300/300/300/300/300
1700000043.550000,1,300,300,118.67,56.09,0,2406,300/300/300/300/300/300
1700000043.600000,1,300,300,118.62,58.11,0,2406,300/300/300/300/300/300
1700000043.650000,1,300,300,118.57,306.53,1,2411,300/300/300/300/300/300
1700000043.700000,1,300,300,118.51,53.78,0,2411,300/300/300/300/300/300
1700000043.750000,1,300,300,118.45,55.37,0,2411,300/300/300/300/300/300
1700000043.800000,1,300,300,118.38,317.18,1,2390,300/300/300/300/300/300
1700000043.850000,1,300,300,118.34,57.00,0,2390,300/300/300/300/300/300
1700000043.900000,1,300,300,118.27,58.70,0,2390,300/300/300/300/300/300
1700000043.950000,1,300,300,118.24,263.23,1,2358,300/300/300/300/300/300
1700000044.000000,1,300,300,118.19,56.28,0,2358,300/300/300/300/300/300
1700000044.050000,1,300,300,118.09,53.63,0,2358,300/300/300/300/300/300
1700000044.100000,1,300,300,118.02,293.58,1,2349,300/300/300/300/300/300
1700000044.150000,1,300,300,117.89,57.01,0,2349,300/300/300/300/300/300
1700000044.200000,1,300,300,117.82,59.42,0,2349,300/300/300/300/300/300
1700000044.250000,1,300,300,117.75,254.66,1,2336,300/300/300/300/300/300
1700000044.300000,1,300,300,117.66,59.88,0,2336,300/300/300/300/300/300
1700000044.350000,1,300,300,117.57,54.44,0,2336,300/300/300/300/300/300
1700000044.400000,1,300,300,117.48,372.69,1,2307,300/300/300/300/300/300
1700000044.450000,1,300,300,117.37,57.74,0,2307,300/300/300/300/300/300
1700000044.500000,1,300,300,117.26,56.95,0,2307,300/300/300/300/300/300
1700000044.550000,1,300,300,117.14,418.32,1,2289,300/300/300/300/300/300
1700000044.600000,1,300,300,117.04,56.11,0,2289,300/300/300/300/300/300
1700000044.650000,1,300,300,116.93,56.71,0,2289,300/300/300/300/300/300
1700000044.700000,1,300,300,116.84,243.29,1,2269,300/300/300/300/300/300
1700000044.750000,1,300,300,116.74,59.03,0,2269,300/300/300/300/300/300
1700000044.800000,1,300,300,116.67,58.25,0,2269,300/300/300/300/300/300
1700000044.850000,1,300,300,116.54,287.77,1,2282,300/300/300/300/300/300
1700000044.900000,1,300,300,116.43,53.37,0,2282,300/300/300/300/300/300
1700000044.950000,1,300,300,116.29,52.92,0,2282,300/300/300/300/300/300
1700000045.000000,1,300,300,116.17,248.93,1,2257,300/300/300/300/300/300
1700000045.050000,1,300,300,116.11,55.00,0,2257,300/300/300/300/300/300
1700000045.100000,1,300,300,115.95,56.27,0,2257,300/300/300/300/300/300
1700000045.150000,1,300,300,115.86,253.33,1,2224,300/300/300/300/300/300
1700000045.200000,1,300,300,115.80,57.19,0,2224,300/300/300/300/300/300
1700000045.250000,1,300,300,115.62,57.34,0,2224,300/300/300/300/300/300
1700000045.300000,1,300,300,115.57,248.28,1,2217,300/300/300/300/300/300
1700000045.350000,1,300,300,115.55,55.30,0,2217,300/300/300/300/300/300
1700000045.400000,1,300,300,115.54,57.97,0,2217,300/300/300/300/300/300
1700000045.450000,1,300,300,115.57,319.70,1,2215,300/300/300/300/300/300
1700000045.500000,1,300,300,115.57,59.58,0,2215,300/300/300/300/300/300
1700000045.550000,1,300,300,115.58,58.30,0,2215,300/300/300/300/300/300
1700000045.600000,1,300,300,115.57,254.57,1,2205,300/300/300/300/300/300
1700000045.650000,1,300,300,115.48,58.67,0,2205,300/300/300/300/300/300
1700000045.700000,1,300,300,115.36,60.04,0,2205,300/300/300/300/300/300
1700000045.750000,1,300,300,115.16,248.64,1,2193,300/300/300/300/300/300
1700000045.800000,1,300,300,114.94,57.79,0,2193,300/300/300/300/300/300
1700000045.850000,1,300,300,114.74,59.70,0,2193,300/300/300/300/300/300
1700000045.900000,1,300,300,114.61,245.12,1,2202,300/300/300/300/300/300
1700000045.950000,1,300,300,114.47,54.48,0,2202,300/300/300/300/300/300
1700000046.000000,1,300,300,114.13,55.11,0,2202,300/300/300/300/300/300
1700000046.050000,1,300,300,113.81,288.35,1,2257,300/300/300/300/300/300
1700000046.100000,1,300,300,113.54,52.17,0,2257,300/300/300/300/300/300
1700000046.150000,1,300,300,113.37,54.77,0,2257,300/300/300/300/300/300
1700000046.200000,1,300,300,113.22,250.07,1,2280,300/300/300/300/300/300
1700000046.250000,1,300,300,112.99,55.85,0,2280,300/300/300/300/300/300
1700000046.300000,1,300,300,113.01,55.05,0,2280,300/300/300/300/300/300
1700000046.350000,1,300,300,112.96,243.08,1,2275,300/300/300/300/300/300
1700000046.400000,1,300,300,112.78,55.55,0,2275,300/300/300/300/300/300
1700000046.450000,1,300,300,112.58,58.89,0,2275,300/300/300/300/300/300
1700000046.500000,1,300,300,112.43,251.28,1,2284,300/300/300/300/300/300
1700000046.550000,1,300,300,112.25,59.51,0,2284,300/300/300/300/300/300
1700000046.600000,1,300,300,112.09,62.04,0,2284,300/300/300/300/300/300
1700000046.650000,1,300,300,111.95,328.47,1,2297,300/300/300/300/300/300
1700000046.700000,1,300,300,111.92,58.09,0,2297,300/300/300/300/300/300
1700000046.750000,1,300,300,111.84,57.93,0,2297,300/300/300/300/300/300
1700000046.800000,1,300,300,111.91,300.46,1,2294,300/300/300/300/300/300
1700000046.850000,1,300,300,111.99,56.88,0,2294,300/300/300/300/300/300
1700000046.900000,1,300,300,112.07,53.39,0,2294,300/300/300/300/300/300
1700000046.950000,1,300,300,111.93,294.26,1,2310,300/300/300/300/300/300
1700000047.000000,1,300,300,111.62,59.12,0,2310,300/300/300/300/300/300
1700000047.050000,1,300,300,111.40,57.37,0,2310,300/300/300/300/300/300
1700000047.100000,1,300,300,111.63,319.03,1,2329,300/300/300/300/300/300
1700000047.150000,1,300,300,111.74,57.52,0,2329,300/300/300/300/300/300
1700000047.200000,1,300,300,111.97,59.23,0,2329,300/300/300/300/300/300
1700000047.250000,1,300,300,112.11,300.62,1,2323,300/300/300/300/300/300
1700000047.300000,1,300,300,112.38,60.62,0,2323,300/300/300/300/300/300
1700000047.350000,1,300,300,112.69,59.59,0,2323,300/300/300/300/300/300
1700000047.400000,1,300,300,112.85,256.59,1,2326,300/300/300/300/300/300
1700000047.450000,1,300,300,113.17,59.00,0,2326,300/300/300/300/300/300
1700000047.500000,1,300,300,113.60,57.91,0,2326,300/300/300/300/300/300
1700000047.550000,1,300,300,114.04,262.66,1,2339,300/300/300/300/300/300
1700000047.600000,1,300,300,114.44,56.44,0,2339,300/300/300/300/300/300
1700000047.650000,1,300,300,114.79,61.57,0,2339,300/300/300/300/300/300
1700000047.700000,1,300,300,115.00,264.12,1,2351,300/300/300/300/300/300
1700000047.750000,1,300,300,115.14,57.56,0,2351,300/300/300/300/300/300
1700000047.800000,1,300,300,115.37,56.52,0,2351,300/300/300/300/300/300
1700000047.850000,1,300,300,115.59,323.84,1,2341,300/300/300/300/300/300
1700000047.900000,1,300,300,115.78,55.01,0,2341,300/300/300/300/300/300
1700000047.950000,1,300,300,116.02,54.89,0,2341,300/300/300/300/300/300
1700000048.000000,1,300,300,116.24,263.59,1,2344,300/300/300/300/300/300
1700000048.050000,1,300,300,116.45,58.14,0,2344,300/300/300/300/300/300
1700000048.100000,1,300,300,116.63,56.26,0,2344,300/300/300/300/300/300
1700000048.150000,1,300,300,116.88,348.88,1,2329,300/300/300/300/300/300
1700000048.200000,1,300,300,117.07,61.14,0,2329,300/300/300/300/300/300
1700000048.250000,1,300,300,117.27,58.89,0,2329,300/300/300/300/300/300
1700000048.300000,1,300,300,117.37,266.73,1,2320,300/300/300/300/300/300
1700000048.350000,1,300,300,117.48,64.05,0,2320,300/300/300/300/300/300
1700000048.400000,1,300,300,117.60,55.81,0,2320,300/300/300/300/300/300
1700000048.450000,1,300,300,117.69,301.09,1,2339,300/300/300/300/300/300
1700000048.500000,1,300,300,117.74,59.34,0,2339,300/300/300/300/300/300
1700000048.550000,1,300,300,117.86,56.46,0,2339,300/300/300/300/300/300
1700000048.600000,1,300,300,117.94,295.77,1,2361,300/300/300/300/300/300
1700000048.650000,1,300,300,118.02,58.02,0,2361,300/300/300/300/300/300
1700000048.700000,1,300,300,118.11,57.19,0,2361,300/300/300/300/300/300
1700000048.750000,1,300,300,118.15,370.45,1,2360,300/300/300/300/300/300
1700000048.800000,1,300,300,118.26,59.66,0,2360,300/300/300/300/300/300
1700000048.850000,1,300,300,118.31,63.19,0,2360,300/300/300/300/300/300
1700000048.900000,1,300,300,118.39,299.83,1,2354,300/300/300/300/300/300
1700000048.950000,1,300,300,118.47,65.22,0,2354,300/300/300/300/300/300
1700000049.000000,1,300,300,118.55,60.96,0,2354,300/300/300/300/300/300
1700000049.050000,1,300,300,118.61,317.76,1,2374,300/300/300/300/300/300
1700000049.100000,1,300,300,118.66,61.67,0,2374,300/300/300/300/300/300
1700000049.150000,1,300,300,118.74,62.91,0,2374,300/300/300/300/300/300
1700000049.200000,1,300,300,118.78,323.28,1,2381,300/300/300/300/300/300
1700000049.250000,1,300,300,118.81,59.08,0,2381,300/300/300/300/300/300
1700000049.300000,1,300,300,118.89,59.02,0,2381,300/300/300/300/300/300
1700000049.350000,1,300,300,118.90,362.18,1,2392,300/300/300/300/300/300
1700000049.400000,1,300,300,118.94,54.80,0,2392,300/300/300/300/300/300
1700000049.450000,1,300,300,118.97,58.22,0,2392,300/300/300/300/300/300
1700000049.500000,1,300,300,118.98,259.22,1,2413,300/300/300/300/300/300
1700000049.550000,1,300,300,119.03,57.65,0,2413,300/300/300/300/300/300
1700000049.600000,1,300,300,119.05,59.49,0,2413,300/300/300/300/300/300
1700000049.650000,1,300,300,119.07,253.14,1,2404,300/300/300/300/300/300
1700000049.700000,1,300,300,119.10,58.54,0,2404,300/300/300/300/300/300
1700000049.750000,1,300,300,119.14,58.64,0,2404,300/300/300/300/300/300
1700000049.800000,1,300,300,119.18,297.80,1,2384,300/300/300/300/300/300
1700000049.850000,1,300,300,119.22,58.36,0,2384,300/300/300/300/300/300
1700000049.900000,1,300,300,119.24,55.21,0,2384,300/300/300/300/300/300
1700000049.950000,1,300,300,119.25,267.01,1,2379,300/300/300/300/300/300
1700000050.000000,1,300,300,119.27,58.88,0,2379,300/300/300/300/300/300
1700000050.050000,1,300,300,119.27,56.26,0,2379,300/300/300/300/300/300
1700000050.100000,1,300,300,119.29,256.83,1,2367,300/300/300/300/300/300
1700000050.150000,1,300,300,119.31,56.29,0,2367,300/300/300/300/300/300
1700000050.200000,1,300,300,119.37,56.94,0,2367,300/300/300/300/300/300
1700000050.250000,1,300,300,119.37,295.79,1,2327,300/300/300/300/300/300
1700000050.300000,1,300,300,119.42,57.52,0,2327,300/300/300/300/300/300
1700000050.350000,1,300,300,119.40,59.51,0,2327,300/300/300/300/300/300
1700000050.400000,1,300,300,119.46,252.81,1,2326,300/300/300/300/300/300
1700000050.450000,1,300,300,119.44,57.21,0,2326,300/300/300/300/300/300
1700000050.500000,1,300,300,119.49,49.76,0,2326,300/300/300/300/300/300
1700000050.550000,1,300,300,119.52,249.56,1,2352,300/300/300/300/300/300
1700000050.600000,1,300,300,119.54,51.04,0,2352,300/300/300/300/300/300
1700000050.650000,1,300,300,119.56,54.40,0,2352,300/300/300/300/300/300
1700000050.700000,1,300,300,119.61,251.59,1,2350,300/300/300/300/300/300
1700000050.750000,1,300,300,119.61,55.85,0,2350,300/300/300/300/300/300
1700000050.800000,1,300,300,119.64,54.24,0,2350,300/300/300/300/300/300
1700000050.850000,1,300,300,119.66,249.95,1,2329,300/300/300/300/300/300
1700000050.900000,1,300,300,119.70,57.00,0,2329,300/300/300/300/300/300
1700000050.950000,1,300,300,119.76,54.66,0,2329,300/300/300/300/300/300
1700000051.000000,1,300,300,119.81,250.87,1,2307,300/300/300/300/300/300
1700000051.050000,1,300,300,119.85,55.99,0,2307,300/300/300/300/300/300
1700000051.100000,1,300,300,119.90,54.49,0,2307,300/300/300/300/300/300
1700000051.150000,1,300,300,119.96,251.10,1,2315,300/300/300/300/300/300
1700000051.200000,1,300,300,120.00,55.14,0,2315,300/300/300/300/300/300
1700000051.250000,1,300,300,120.01,53.53,0,2315,300/300/300/300/300/300
1700000051.300000,1,300,300,120.08,328.17,1,2337,300/300/300/300/300/300
1700000051.350000,1,300,300,120.13,54.26,0,2337,300/300/300/300/300/300
1700000051.400000,1,300,300,120.16,54.62,0,2337,300/300/300/300/300/300
1700000051.450000,1,300,300,120.18,318.88,1,2336,300/300/300/300/300/300
1700000051.500000,1,300,300,120.20,54.54,0,2336,300/300/300/300/300/300
1700000051.550000,1,300,300,120.20,53.39,0,2336,300/300/300/300/300/300
1700000051.600000,1,300,300,120.25,285.24,1,2360,300/300/300/300/300/300
1700000051.650000,1,300,300,120.27,54.97,0,2360,300/300/300/300/300/300
1700000051.700000,1,300,300,120.28,54.51,0,2360,300/300/300/300/300/300
1700000051.750000,1,300,300,120.32,244.32,1,2366,300/300/300/300/300/300
1700000051.800000,1,300,300,120.30,55.83,0,2366,300/300/300/300/300/300
1700000051.850000,1,300,300,120.33,52.49,0,2366,300/300/300/300/300/300
1700000051.900000,1,300,300,120.35,252.05,1,2374,300/300/300/300/300/300
1700000051.950000,1,300,300,120.39,54.24,0,2374,300/300/300/300/300/300
1700000052.000000,1,300,300,120.40,53.53,0,2374,300/300/300/300/300/300
1700000052.050000,1,300,300,120.40,252.97,1,2374,300/300/300/300/300/300
1700000052.100000,1,300,300,120.36,53.45,0,2374,300/300/300/300/300/300
1700000052.150000,1,300,300,120.37,53.55,0,2374,300/300/300/300/300/300
1700000052.200000,1,300,300,120.37,292.54,1,2395,300/300/300/300/300/300
1700000052.250000,1,300,300,120.34,53.03,0,2395,300/300/300/300/300/300
1700000052.300000,1,300,300,120.34,51.71,0,2395,300/300/300/300/300/300
1700000052.350000,1,300,300,120.34,256.17,1,2395,300/300/300/300/300/300
1700000052.400000,1,300,300,120.32,55.88,0,2395,300/300/300/300/300/300
1700000052.450000,1,300,300,120.35,54.20,0,2395,300/300/300/300/300/300
1700000052.500000,1,300,300,120.38,257.72,1,2402,300/300/300/300/300/300
1700000052.550000,1,300,300,120.42,50.48,0,2402,300/300/300/300/300/300
1700000052.600000,1,300,300,120.41,51.88,0,2402,300/300/300/300/300/300
1700000052.650000,1,300,300,120.41,252.46,1,2398,300/300/300/300/300/300
1700000052.700000,1,300,300,120.41,53.95,0,2398,300/300/300/300/300/300
1700000052.750000,1,300,300,120.41,53.09,0,2398,300/300/300/300/300/300
1700000052.800000,1,300,300,120.41,254.64,1,2399,300/300/300/300/300/300
1700000052.850000,1,300,300,120.43,52.22,0,2399,300/300/300/300/300/300
1700000052.900000,1,300,300,120.48,54.19,0,2399,300/300/300/300/300/300
1700000052.950000,1,300,300,120.51,256.26,1,2379,300/300/300/300/300/300
1700000053.000000,1,300,300,120.58,52.46,0,2379,300/300/300/300/300/300
1700000053.050000,1,300,300,120.60,52.04,0,2379,300/300/300/300/300/300
1700000053.100000,1,300,300,120.69,256.14,1,2392,300/300/300/300/300/300
1700000053.150000,1,300,300,120.70,56.69,0,2392,300/300/300/300/300/300
1700000053.200000,1,300,300,120.75,53.14,0,2392,300/300/300/300/300/300
1700000053.250000,1,300,300,120.83,256.63,1,2376,300/300/300/300/300/300
1700000053.300000,1,300,300,120.84,54.07,0,2376,300/300/300/300/300/300
1700000053.350000,1,300,300,120.84,52.01,0,2376,300/300/300/300/300/300
1700000053.400000,1,300,300,120.84,318.17,1,2375,300/300/300/300/300/300
1700000053.450000,1,300,300,120.86,52.41,0,2375,300/300/300/300/300/300
1700000053.500000,1,300,300,120.89,53.20,0,2375,300/300/300/300/300/300
1700000053.550000,1,300,300,120.90,285.57,1,2327,300/300/300/300/300/300
1700000053.600000,1,300,300,120.98,53.39,0,2327,300/300/300/300/300/300
1700000053.650000,1,300,300,120.95,55.53,0,2327,300/300/300/300/300/300
1700000053.700000,1,300,300,120.98,236.26,1,2316,300/300/300/300/300/300
1700000053.750000,1,300,300,120.96,51.51,0,2316,300/300/300/300/300/300
1700000053.800000,1,300,300,120.95,54.23,0,2316,300/300/300/300/300/300
1700000053.850000,1,300,300,120.95,227.27,1,2318,300/300/300/300/300/300
1700000053.900000,1,300,300,120.96,51.39,0,2318,300/300/300/300/300/300
1700000053.950000,1,300,300,120.96,52.03,0,2318,300/300/300/300/300/300
1700000054.000000,1,300,300,120.96,274.07,1,2317,300/300/300/300/300/300
1700000054.050000,1,300,300,121.01,51.67,0,2317,300/300/300/300/300/300
1700000054.100000,1,300,300,121.01,54.28,0,2317,300/300/300/300/300/300
1700000054.150000,1,300,300,121.00,291.99,1,2287,300/300/300/300/300/300
1700000054.200000,1,300,300,120.96,54.94,0,2287,300/300/300/300/300/300
1700000054.250000,1,300,300,120.95,55.00,0,2287,300/300/300/300/300/300
1700000054.300000,1,300,300,120.91,306.49,1,2300,300/300/300/300/300/300
1700000054.350000,1,300,300,120.87,55.20,0,2300,300/300/300/300/300/300
1700000054.400000,1,300,300,120.84,53.68,0,2300,300/300/300/300/300/300
1700000054.450000,1,300,300,120.84,259.55,1,2282,300/300/300/300/300/300
1700000054.500000,1,300,300,120.77,53.24,0,2282,300/300/300/300/300/300
1700000054.550000,1,300,300,120.75,53.10,0,2282,300/300/300/300/300/300
1700000054.600000,1,300,300,120.72,260.42,1,2277,300/300/300/300/300/300
1700000054.650000,1,300,300,120.64,57.28,0,2277,300/300/300/300/300/300
1700000054.700000,1,300,300,120.57,54.16,0,2277,300/300/300/300/300/300
1700000054.750000,1,300,300,120.50,261.21,1,2272,300/300/300/300/300/300
1700000054.800000,1,300,300,120.41,56.73,0,2272,300/300/300/300/300/300
1700000054.850000,1,300,300,120.32,55.39,0,2272,300/300/300/300/300/300
1700000054.900000,1,300,300,120.25,349.16,1,2289,300/300/300/300/300/300
1700000054.950000,1,300,300,120.14,54.57,0,2289,300/300/300/300/300/300
1700000055.000000,1,300,300,120.11,54.32,0,2289,300/300/300/300/300/300
1700000055.050000,1,300,300,120.00,299.72,1,2276,300/300/300/300/300/300
1700000055.100000,1,300,300,119.91,55.38,0,2276,300/300/300/300/300/300
1700000055.150000,1,300,300,119.83,56.55,0,2276,300/300/300/300/300/300
1700000055.200000,1,300,300,119.76,313.19,1,2274,300/300/300/300/300/300
1700000055.250000,1,300,300,119.69,55.42,0,2274,300/300/300/300/300/300
1700000055.300000,1,300,300,119.57,54.27,0,2274,300/300/300/300/300/300
1700000055.350000,1,300,300,119.45,259.67,1,2255,300/300/300/300/300/300
1700000055.400000,1,300,300,119.37,54.49,0,2255,300/300/300/300/300/300
1700000055.450000,1,300,300,119.24,54.80,0,2255,300/300/300/300/300/300
1700000055.500000,1,300,300,119.15,253.77,1,2262,300/300/300/300/300/300
1700000055.550000,1,300,300,119.02,56.06,0,2262,300/300/300/300/300/300
1700000055.600000,1,300,300,118.94,54.15,0,2262,300/300/300/300/300/300
1700000055.650000,1,300,300,118.87,253.94,1,2259,300/300/300/300/300/300
1700000055.700000,1,300,300,118.78,52.06,0,2259,300/300/300/300/300/300
1700000055.750000,1,300,300,118.72,54.39,0,2259,300/300/300/300/300/300
1700000055.800000,1,300,300,118.64,284.31,1,2266,300/300/300/300/300/300
1700000055.850000,1,300,300,118.56,54.84,0,2266,300/300/300/300/300/300
1700000055.900000,1,300,300,118.52,55.57,0,2266,300/300/300/300/300/300
1700000055.950000,1,300,300,118.44,273.12,1,2276,300/300/300/300/300/300
1700000056.000000,1,300,300,118.40,57.09,0,2276,300/300/300/300/300/300
1700000056.050000,1,300,300,118.39,54.63,0,2276,300/300/300/300/300/300
1700000056.100000,1,300,300,118.32,241.94,1,2300,300/300/300/300/300/300
1700000056.150000,1,300,300,118.27,54.56,0,2300,300/300/300/300/300/300
1700000056.200000,1,300,300,118.23,53.51,0,2300,300/300/300/300/300/300
1700000056.250000,1,300,300,118.16,244.41,1,2304,300/300/300/300/300/300
1700000056.300000,1,300,300,118.09,60.02,0,2304,300/300/300/300/300/300
1700000056.350000,1,300,300,118.04,55.32,0,2304,300/300/300/300/300/300
1700000056.400000,1,300,300,117.98,242.98,1,2320,300/300/300/300/300/300
1700000056.450000,1,300,300,117.91,52.46,0,2320,300/300/300/300/300/300
1700000056.500000,1,300,300,117.91,52.49,0,2320,300/300/300/300/300/300
1700000056.550000,1,300,300,117.92,244.55,1,2310,300/300/300/300/300/300
1700000056.600000,1,300,300,117.94,54.49,0,2310,300/300/300/300/300/300
1700000056.650000,1,300,300,117.94,53.29,0,2310,300/300/300/300/300/300
1700000056.700000,1,300,300,117.94,250.93,1,2301,300/300/300/300/300/300
1700000056.750000,1,300,300,117.90,54.18,0,2301,300/300/300/300/300/300
1700000056.800000,1,300,300,117.92,52.88,0,2301,300/300/300/300/300/300
1700000056.850000,1,300,300,117.90,245.82,1,2285,300/300/300/300/300/300
1700000056.900000,1,300,300,117.94,53.59,0,2285,300/300/300/300/300/300
1700000056.950000,1,300,300,117.99,53.83,0,2285,300/300/300/300/300/300
1700000057.000000,1,300,300,117.99,248.32,1,2299,300/300/300/300/300/300
1700000057.050000,1,300,300,117.94,54.34,0,2299,300/300/300/300/300/300
1700000057.100000,1,300,300,117.93,54.40,0,2299,300/300/300/300/300/300
1700000057.150000,1,300,300,117.83,361.05,1,2273,300/300/300/300/300/300
1700000057.200000,1,300,300,117.84,54.30,0,2273,300/300/300/300/300/300
1700000057.250000,1,300,300,117.89,52.63,0,2273,300/300/300/300/300/300
1700000057.300000,1,300,300,117.92,286.12,1,2268,300/300/300/300/300/300
1700000057.350000,1,300,300,117.97,51.71,0,2268,300/300/300/300/300/300
1700000057.400000,1,300,300,117.96,52.55,0,2268,300/300/300/300/300/300
1700000057.450000,1,300,300,117.92,319.94,1,2248,300/300/300/300/300/300
1700000057.500000,1,300,300,117.93,52.40,0,2248,300/300/300/300/300/300
1700000057.550000,1,300,300,117.92,54.78,0,2248,300/300/300/300/300/300
1700000057.600000,1,300,300,117.90,288.19,1,2260,300/300/300/300/300/300
1700000057.650000,1,300,300,117.85,56.66,0,2260,300/300/300/300/300/300
1700000057.700000,1,300,300,117.82,58.12,0,2260,300/300/300/300/300/300
1700000057.750000,1,300,300,117.84,256.70,1,2263,300/300/300/300/300/300
1700000057.800000,1,300,300,117.89,55.68,0,2263,300/300/300/300/300/300
1700000057.850000,1,300,300,117.86,53.62,0,2263,300/300/300/300/300/300
1700000057.900000,1,300,300,117.86,410.97,1,2253,300/300/300/300/300/300
1700000057.950000,1,300,300,117.92,53.25,0,2253,300/300/300/300/300/300
1700000058.000000,1,300,300,117.95,51.83,0,2253,300/300/300/300/300/300
1700000058.050000,1,300,300,118.00,261.53,1,2222,300/300/300/300/300/300
1700000058.100000,1,300,300,118.00,54.77,0,2222,300/300/300/300/300/300
1700000058.150000,1,300,300,117.97,53.73,0,2222,300/300/300/300/300/300
1700000058.200000,1,300,300,117.95,298.82,1,2229,300/300/300/300/300/300
1700000058.250000,1,300,300,117.90,56.40,0,2229,300/300/300/300/300/300
1700000058.300000,1,300,300,117.86,57.68,0,2229,300/300/300/300/300/300
1700000058.350000,1,300,300,117.88,296.95,1,2223,300/300/300/300/300/300
1700000058.400000,1,300,300,117.86,58.27,0,2223,300/300/300/300/300/300
1700000058.450000,1,300,300,117.90,53.50,0,2223,300/300/300/300/300/300
1700000058.500000,1,300,300,117.93,398.90,1,2226,300/300/300/300/300/300
1700000058.550000,1,300,300,117.99,59.07,0,2226,300/300/300/300/300/300
1700000058.600000,1,300,300,118.06,54.06,0,2226,300/300/300/300/300/300
1700000058.650000,1,300,300,118.10,296.80,1,2217,300/300/300/300/300/300
1700000058.700000,1,300,300,118.10,57.04,0,2217,300/300/300/300/300/300
1700000058.750000,1,300,300,118.11,61.21,0,2217,300/300/300/300/300/300
1700000058.800000,1,300,300,118.06,298.00,1,2213,300/300/300/300/300/300
1700000058.850000,1,300,300,117.99,60.32,0,2213,300/300/300/300/300/300
1700000058.900000,1,300,300,118.03,56.63,0,2213,300/300/300/300/300/300
1700000058.950000,1,300,300,118.05,259.80,1,2189,300/300/300/300/300/300
1700000059.000000,1,300,300,118.13,59.23,0,2189,300/300/300/300/300/300
1700000059.050000,1,300,300,118.20,61.27,0,2189,300/300/300/300/300/300
1700000059.100000,1,300,300,118.24,236.47,1,2210,300/300/300/300/300/300
1700000059.150000,1,300,300,118.23,63.22,0,2210,300/300/300/300/300/300
1700000059.200000,1,300,300,118.26,64.98,0,2210,300/300/300/300/300/300
1700000059.250000,1,300,300,118.32,252.25,1,2220,300/300/300/300/300/300
1700000059.300000,1,300,300,118.34,60.23,0,2220,300/300/300/300/300/300
1700000059.350000,1,300,300,118.31,63.90,0,2220,300/300/300/300/300/300
1700000059.400000,1,300,300,118.37,397.95,1,2194,300/300/300/300/300/300
1700000059.450000,1,300,300,118.40,65.83,0,2194,300/300/300/300/300/300
1700000059.500000,1,300,300,118.57,61.90,0,2194,300/300/300/300/300/300
1700000059.550000,1,300,300,118.71,253.46,1,2195,300/300/300/300/300/300
1700000059.600000,1,300,300,118.88,61.38,0,2195,300/300/300/300/300/300
1700000059.650000,1,300,300,119.02,62.26,0,2195,300/300/300/300/300/300
1700000059.700000,1,300,300,119.16,252.85,1,2187,300/300/300/300/300/300
1700000059.750000,1,300,300,119.31,64.23,0,2187,300/300/300/300/300/300
1700000059.800000,1,300,300,119.44,62.84,0,2187,300/300/300/300/300/300
1700000059.850000,1,300,300,119.55,385.08,1,2209,300/300/300/300/300/300
1700000059.900000,1,300,300,119.74,64.31,0,2209,300/300/300/300/300/300
1700000059.950000,1,300,300,119.89,58.62,0,2209,300/300/300/300/300/300
1700000060.000000,1,300,300,120.03,281.77,1,2220,300/300/300/300/300/300
1700000060.050000,1,300,300,120.16,57.72,0,2220,300/300/300/300/300/300
1700000060.100000,1,300,300,120.29,55.66,0,2220,300/300/300/300/300/300
1700000060.150000,1,300,300,120.43,240.00,1,2225,300/300/300/300/300/300
1700000060.200000,1,300,300,120.52,56.40,0,2225,300/300/300/300/300/300
1700000060.250000,1,300,300,120.67,55.26,0,2225,300/300/300/300/300/300
1700000060.300000,1,300,300,120.76,244.19,1,2243,300/300/300/300/300/300
1700000060.350000,1,300,300,120.83,56.70,0,2243,300/300/300/300/300/300
1700000060.400000,1,300,300,120.85,56.57,0,2243,300/300/300/300/300/300
1700000060.450000,1,300,300,120.88,242.49,1,2213,300/300/300/300/300/300
1700000060.500000,1,300,300,120.87,59.62,0,2213,300/300/300/300/300/300
1700000060.550000,1,300,300,120.96,58.35,0,2213,300/300/300/300/300/300
1700000060.600000,1,300,300,121.03,245.10,1,2225,300/300/300/300/300/300
1700000060.650000,1,300,300,121.07,63.62,0,2225,300/300/300/300/300/300
1700000060.700000,1,300,300,121.17,60.92,0,2225,300/300/300/300/300/300
1700000060.750000,1,300,300,121.24,380.68,1,2237,300/300/300/300/300/300
1700000060.800000,1,300,300,121.31,55.02,0,2237,300/300/300/300/300/300
1700000060.850000,1,300,300,121.39,57.14,0,2237,300/300/300/300/300/300
1700000060.900000,1,300,300,121.43,276.67,1,2285,300/300/300/300/300/300
1700000060.950000,1,300,300,121.51,55.47,0,2285,300/300/300/300/300/300
1700000061.000000,1,300,300,121.58,54.98,0,2285,300/300/300/300/300/300
1700000061.050000,1,300,300,121.58,247.10,1,2278,300/300/300/300/300/300
1700000061.100000,1,300,300,121.62,60.45,0,2278,300/300/300/300/300/300
1700000061.150000,1,300,300,121.69,55.31,0,2278,300/300/300/300/300/300
1700000061.200000,1,300,300,121.70,270.36,1,2303,300/300/300/300/300/300
1700000061.250000,1,300,300,121.74,56.89,0,2303,300/300/300/300/300/300
1700000061.300000,1,300,300,121.75,54.98,0,2303,300/300/300/300/300/300
1700000061.350000,1,300,300,121.75,234.88,1,2329,300/300/300/300/300/300
1700000061.400000,1,300,300,121.77,55.04,0,2329,300/300/300/300/300/300
1700000061.450000,1,300,300,121.76,53.51,0,2329,300/300/300/300/300/300
1700000061.500000,1,300,300,121.79,265.22,1,2345,300/300/300/300/300/300
1700000061.550000,1,300,300,121.76,53.21,0,2345,300/300/300/300/300/300
1700000061.600000,1,300,300,121.78,52.71,0,2345,300/300/300/300/300/300
1700000061.650000,1,300,300,121.77,236.80,1,2370,300/300/300/300/300/300
1700000061.700000,1,300,300,121.81,52.50,0,2370,300/300/300/300/300/300
1700000061.750000,1,300,300,121.81,52.54,0,2370,300/300/300/300/300/300
1700000061.800000,1,300,300,121.80,239.30,1,2398,300/300/300/300/300/300
1700000061.850000,1,300,300,121.81,53.07,0,2398,300/300/300/300/300/300
1700000061.900000,1,300,300,121.79,53.17,0,2398,300/300/300/300/300/300
1700000061.950000,1,300,300,121.80,250.20,1,2403,300/300/300/300/300/300
1700000062.000000,1,300,300,121.82,52.28,0,2403,300/300/300/300/300/300
1700000062.050000,1,300,300,121.81,52.08,0,2403,300/300/300/300/300/300
1700000062.100000,1,300,300,121.81,246.96,1,2432,300/300/300/300/300/300
1700000062.150000,1,300,300,121.81,51.54,0,2432,300/300/300/300/300/300
1700000062.200000,1,300,300,121.84,53.40,0,2432,300/300/300/300/300/300
1700000062.250000,1,300,300,121.84,253.71,1,2436,300/300/300/300/300/300
1700000062.300000,1,300,300,121.86,53.08,0,2436,300/300/300/300/300/300
1700000062.350000,1,300,300,121.86,51.01,0,2436,300/300/300/300/300/300
1700000062.400000,1,300,300,121.84,302.08,1,2454,300/300/300/300/300/300
1700000062.450000,1,300,300,121.86,54.99,0,2454,300/300/300/300/300/300
1700000062.500000,1,300,300,121.85,54.57,0,2454,300/300/300/300/300/300
1700000062.550000,1,300,300,121.83,255.31,1,2434,300/300/300/300/300/300
1700000062.600000,1,300,300,121.83,51.01,0,2434,300/300/300/300/300/300
1700000062.650000,1,300,300,121.86,54.20,0,2434,300/300/300/300/300/300
1700000062.700000,1,300,300,121.86,428.01,1,2449,300/300/300/300/300/300
1700000062.750000,1,300,300,121.82,53.73,0,2449,300/300/300/300/300/300
1700000062.800000,1,300,300,121.77,50.17,0,2449,300/300/300/300/300/300
1700000062.850000,1,300,300,121.76,264.38,1,2471,300/300/300/300/300/300
1700000062.900000,1,300,300,121.69,53.86,0,2471,300/300/300/300/300/300
1700000062.950000,1,300,300,121.67,51.35,0,2471,300/300/300/300/300/300
1700000063.000000,1,300,300,121.61,312.92,1,2517,300/300/300/300/300/300
1700000063.050000,1,300,300,121.59,59.19,0,2517,300/300/300/300/300/300
1700000063.100000,1,300,300,121.56,53.26,0,2517,300/300/300/300/300/300
1700000063.150000,1,300,300,121.51,382.50,1,2512,300/300/300/300/300/300
1700000063.200000,1,300,300,121.50,51.75,0,2512,300/300/300/300/300/300
1700000063.250000,1,300,300,121.46,52.08,0,2512,300/300/300/300/300/300
1700000063.300000,1,300,300,121.46,256.86,1,2525,300/300/300/300/300/300
1700000063.350000,1,300,300,121.37,51.06,0,2525,300/300/300/300/300/300
1700000063.400000,1,300,300,121.36,51.21,0,2525,300/300/300/300/300/300
1700000063.450000,1,300,300,121.35,308.26,1,2539,300/300/300/300/300/300
1700000063.500000,1,300,300,121.30,51.89,0,2539,300/300/300/300/300/300
1700000063.550000,1,300,300,121.25,51.91,0,2539,300/300/300/300/300/300
1700000063.600000,1,300,300,121.20,260.26,1,2515,300/300/300/300/300/300
1700000063.650000,1,300,300,121.17,53.15,0,2515,300/300/300/300/300/300
1700000063.700000,1,300,300,121.13,55.56,0,2515,300/300/300/300/300/300
1700000063.750000,1,300,300,121.10,271.65,1,2512,300/300/300/300/300/300
1700000063.800000,1,300,300,121.05,52.43,0,2512,300/300/300/300/300/300
1700000063.850000,1,300,300,121.04,51.87,0,2512,300/300/300/300/300/300
1700000063.900000,1,300,300,121.01,484.82,1,2480,300/300/300/300/300/300
1700000063.950000,1,300,300,120.98,56.82,0,2480,300/300/300/300/300/300
1700000064.000000,1,300,300,120.97,52.04,0,2480,300/300/300/300/300/300
1700000064.050000,1,300,300,120.93,381.27,1,2448,300/300/300/300/300/300
1700000064.100000,1,300,300,120.92,55.77,0,2448,300/300/300/300/300/300
1700000064.150000,1,300,300,120.87,54.43,0,2448,300/300/300/300/300/300
1700000064.200000,1,300,300,120.87,265.63,1,2440,300/300/300/300/300/300
1700000064.250000,1,300,300,120.87,55.12,0,2440,300/300/300/300/300/300
1700000064.300000,1,300,300,120.84,53.31,0,2440,300/300/300/300/300/300
1700000064.350000,1,300,300,120.78,269.74,1,2424,300/300/300/300/300/300
1700000064.400000,1,300,300,120.75,52.32,0,2424,300/300/300/300/300/300
1700000064.450000,1,300,300,120.68,53.62,0,2424,300/300/300/300/300/300
1700000064.500000,1,300,300,120.68,269.26,1,2443,300/300/300/300/300/300
1700000064.550000,1,300,300,120.65,52.72,0,2443,300/300/300/300/300/300
1700000064.600000,1,300,300,120.63,57.11,0,2443,300/300/300/300/300/300
1700000064.650000,1,300,300,120.59,269.24,1,2428,300/300/300/300/300/300
1700000064.700000,1,300,300,120.56,53.84,0,2428,300/300/300/300/300/300
1700000064.750000,1,300,300,120.56,54.64,0,2428,300/300/300/300/300/300
1700000064.800000,1,300,300,120.56,260.11,1,2407,300/300/300/300/300/300
1700000064.850000,1,300,300,120.52,55.84,0,2407,300/300/300/300/300/300
1700000064.900000,1,300,300,120.51,53.39,0,2407,300/300/300/300/300/300
1700000064.950000,1,300,300,120.50,261.68,1,2384,300/300/300/300/300/300
1700000065.000000,1,300,300,120.45,52.63,0,2384,300/300/300/300/300/300
1700000065.050000,1,300,300,120.42,51.91,0,2384,300/300/300/300/300/300
1700000065.100000,1,300,300,120.42,264.72,1,2379,300/300/300/300/300/300
1700000065.150000,1,300,300,120.41,57.15,0,2379,300/300/300/300/300/300
1700000065.200000,1,300,300,120.39,52.97,0,2379,300/300/300/300/300/300
1700000065.250000,1,300,300,120.40,260.60,1,2361,300/300/300/300/300/300
1700000065.300000,1,300,300,120.38,58.78,0,2361,300/300/300/300/300/300
1700000065.350000,1,300,300,120.37,53.04,0,2361,300/300/300/300/300/300
1700000065.400000,1,300,300,120.35,255.16,1,2361,300/300/300/300/300/300
1700000065.450000,1,300,300,120.37,48.34,0,2361,300/300/300/300/300/300
1700000065.500000,1,300,300,120.36,52.99,0,2361,300/300/300/300/300/300
1700000065.550000,1,300,300,120.31,255.94,1,2367,300/300/300/300/300/300
1700000065.600000,1,300,300,120.27,52.28,0,2367,300/300/300/300/300/300
1700000065.650000,1,300,300,120.27,50.49,0,2367,300/300/300/300/300/300
1700000065.700000,1,300,300,120.20,259.16,1,2333,300/300/300/300/300/300
1700000065.750000,1,300,300,120.17,53.21,0,2333,300/300/300/300/300/300
1700000065.800000,1,300,300,120.16,52.17,0,2333,300/300/300/300/300/300
1700000065.850000,1,300,300,120.15,256.01,1,2305,300/300/300/300/300/300
1700000065.900000,1,300,300,120.09,56.73,0,2305,300/300/300/300/300/300
1700000065.950000,1,300,300,120.04,54.72,0,2305,300/300/300/300/300/300
1700000066.000000,1,300,300,120.00,256.62,1,2318,300/300/300/300/300/300
1700000066.050000,1,300,300,119.93,50.75,0,2318,300/300/300/300/300/300
1700000066.100000,1,300,300,119.93,48.96,0,2318,300/300/300/300/300/300
1700000066.150000,1,300,300,119.86,260.42,1,2292,300/300/300/300/300/300
1700000066.200000,1,300,300,119.84,50.32,0,2292,300/300/300/300/300/300
1700000066.250000,1,300,300,119.81,49.52,0,2292,300/300/300/300/300/300
1700000066.300000,1,300,300,119.78,258.08,1,2264,300/300/300/300/300/300
1700000066.350000,1,300,300,119.76,52.89,0,2264,300/300/300/300/300/300
1700000066.400000,1,300,300,119.73,50.72,0,2264,300/300/300/300/300/300
1700000066.450000,1,300,300,119.73,262.18,1,2237,300/300/300/300/300/300
1700000066.500000,1,300,300,119.70,53.80,0,2237,300/300/300/300/300/300
1700000066.550000,1,300,300,119.68,52.78,0,2237,300/300/300/300/300/300
1700000066.600000,1,300,300,119.64,261.74,1,2229,300/300/300/300/300/300
1700000066.650000,1,300,300,119.61,53.49,0,2229,300/300/300/300/300/300
1700000066.700000,1,300,300,119.60,51.21,0,2229,300/300/300/300/300/300
1700000066.750000,1,300,300,119.56,263.23,1,2218,300/300/300/300/300/300
1700000066.800000,1,300,300,119.55,51.80,0,2218,300/300/300/300/300/300
1700000066.850000,1,300,300,119.51,54.02,0,2218,300/300/300/300/300/300
1700000066.900000,1,300,300,119.48,265.26,1,2201,300/300/300/300/300/300
1700000066.950000,1,300,300,119.49,53.31,0,2201,300/300/300/300/300/300
1700000067.000000,1,300,300,119.49,50.27,0,2201,300/300/300/300/300/300
1700000067.050000,1,300,300,119.51,264.43,1,2178,300/300/300/300/300/300
1700000067.100000,1,300,300,119.49,56.02,0,2178,300/300/300/300/300/300
1700000067.150000,1,300,300,119.47,56.53,0,2178,300/300/300/300/300/300
1700000067.200000,1,300,300,119.46,267.45,1,2159,300/300/300/300/300/300
1700000067.250000,1,300,300,119.41,60.84,0,2159,300/300/300/300/300/300
1700000067.300000,1,300,300,119.39,57.92,0,2159,300/300/300/300/300/300
1700000067.350000,1,300,300,119.39,264.82,1,2126,300/300/300/300/300/300
1700000067.400000,1,300,300,119.40,55.04,0,2126,300/300/300/300/300/300
1700000067.450000,1,300,300,119.39,55.03,0,2126,300/300/300/300/300/300
1700000067.500000,1,300,300,119.36,263.19,1,2124,300/300/300/300/300/300
1700000067.550000,1,300,300,119.35,57.38,0,2124,300/300/300/300/300/300
1700000067.600000,1,300,300,119.39,54.54,0,2124,300/300/300/300/300/300
1700000067.650000,1,300,300,119.34,260.78,1,2114,300/300/300/300/300/300
1700000067.700000,1,300,300,119.30,51.67,0,2114,300/300/300/300/300/300
1700000067.750000,1,300,300,119.28,55.85,0,2114,300/300/300/300/300/300
1700000067.800000,1,300,300,119.23,256.65,1,2121,300/300/300/300/300/300
1700000067.850000,1,300,300,119.22,50.95,0,2121,300/300/300/300/300/300
1700000067.900000,1,300,300,119.19,52.07,0,2121,300/300/300/300/300/300
1700000067.950000,1,300,300,119.19,257.78,1,2118,300/300/300/300/300/300
1700000068.000000,1,300,300,119.20,50.63,0,2118,300/300/300/300/300/300
1700000068.050000,1,300,300,119.15,51.77,0,2118,300/300/300/300/300/300
1700000068.100000,1,300,300,119.19,259.21,1,2114,300/300/300/300/300/300
1700000068.150000,1,300,300,119.19,55.46,0,2114,300/300/300/300/300/300
1700000068.200000,1,300,300,119.21,51.33,0,2114,300/300/300/300/300/300
1700000068.250000,1,300,300,119.24,259.17,1,2104,300/300/300/300/300/300
1700000068.300000,1,300,300,119.27,51.61,0,2104,300/300/300/300/300/300
1700000068.350000,1,300,300,119.30,51.63,0,2104,300/300/300/300/300/300
1700000068.400000,1,300,300,119.29,257.93,1,2074,300/300/300/300/300/300
1700000068.450000,1,300,300,119.29,52.31,0,2074,300/300/300/300/300/300
1700000068.500000,1,300,300,119.37,50.49,0,2074,300/300/300/300/300/300
1700000068.550000,1,300,300,119.38,372.87,1,2044,300/300/300/300/300/300
1700000068.600000,1,300,300,119.39,48.53,0,2044,300/300/300/300/300/300
1700000068.650000,1,300,300,119.44,52.47,0,2044,300/300/300/300/300/300
1700000068.700000,1,300,300,119.42,321.40,1,2032,300/300/300/300/300/300
1700000068.750000,1,300,300,119.41,51.05,0,2032,300/300/300/300/300/300
1700000068.800000,1,300,300,119.41,49.53,0,2032,300/300/300/300/300/300
1700000068.850000,1,300,300,119.38,285.70,1,2030,300/300/300/300/300/300
1700000068.900000,1,300,300,119.45,50.95,0,2030,300/300/300/300/300/300
1700000068.950000,1,300,300,119.43,50.53,0,2030,300/300/300/300/300/300
1700000069.000000,1,300,300,119.45,245.09,1,1987,300/300/300/300/300/300
1700000069.050000,1,300,300,119.47,51.78,0,1987,300/300/300/300/300/300
1700000069.100000,1,300,300,119.46,50.26,0,1987,300/300/300/300/300/300
1700000069.150000,1,300,300,119.48,250.22,1,1983,300/300/300/300/300/300
1700000069.200000,1,300,300,119.50,52.11,0,1983,300/300/300/300/300/300
1700000069.250000,1,300,300,119.50,49.34,0,1983,300/300/300/300/300/300
1700000069.300000,1,300,300,119.50,268.78,1,1995,300/300/300/300/300/300
1700000069.350000,1,300,300,119.50,49.30,0,1995,300/300/300/300/300/300
1700000069.400000,1,300,300,119.49,48.43,0,1995,300/300/300/300/300/300
1700000069.450000,1,300,300,119.51,291.40,1,1980,300/300/300/300/300/300
1700000069.500000,1,300,300,119.51,49.71,0,1980,300/300/300/300/300/300
1700000069.550000,1,300,300,119.53,49.64,0,1980,300/300/300/300/300/300
1700000069.600000,1,300,300,119.51,279.72,1,1959,300/300/300/300/300/300
1700000069.650000,1,300,300,119.54,49.35,0,1959,300/300/300/300/300/300
1700000069.700000,1,300,300,119.47,50.24,0,1959,300/300/300/300/300/300
1700000069.750000,1,300,300,119.45,360.43,1,1967,300/300/300/300/300/300
1700000069.800000,1,300,300,119.46,48.98,0,1967,300/300/300/300/300/300
1700000069.850000,1,300,300,119.45,47.23,0,1967,300/300/300/300/300/300
1700000069.900000,1,300,300,119.48,283.84,1,1958,300/300/300/300/300/300
1700000069.950000,1,300,300,119.46,50.40,0,1958,300/300/300/300/300/300
1700000070.000000,1,300,300,119.44,54.07,0,1958,300/300/300/300/300/300
1700000070.050000,1,300,300,119.45,253.15,1,1946,300/300/300/300/300/300
1700000070.100000,1,300,300,119.42,55.14,0,1946,300/300/300/300/300/300
1700000070.150000,1,300,300,119.42,52.13,0,1946,300/300/300/300/300/300
1700000070.200000,1,300,300,119.40,255.76,1,1918,300/300/300/300/300/300
1700000070.250000,1,300,300,119.37,50.17,0,1918,300/300/300/300/300/300
1700000070.300000,1,300,300,119.38,50.51,0,1918,300/300/300/300/300/300
1700000070.350000,1,300,300,119.36,247.41,1,1968,300/300/300/300/300/300
1700000070.400000,1,300,300,119.33,48.55,0,1968,300/300/300/300/300/300
1700000070.450000,1,300,300,119.33,49.63,0,1968,300/300/300/300/300/300
1700000070.500000,1,300,300,119.30,255.86,1,1989,300/300/300/300/300/300
1700000070.550000,1,300,300,119.26,50.07,0,1989,300/300/300/300/300/300
1700000070.600000,1,300,300,119.28,49.06,0,1989,300/300/300/300/300/300
1700000070.650000,1,300,300,119.24,266.42,1,2009,300/300/300/300/300/300
1700000070.700000,1,300,300,119.21,54.97,0,2009,300/300/300/300/300/300
1700000070.750000,1,300,300,119.19,51.15,0,2009,300/300/300/300/300/300
1700000070.800000,1,300,300,119.13,258.82,1,1985,300/300/300/300/300/300
1700000070.850000,1,300,300,119.11,54.07,0,1985,300/300/300/300/300/300
1700000070.900000,1,300,300,119.05,52.64,0,1985,300/300/300/300/300/300
1700000070.950000,1,300,300,118.98,260.77,1,2018,300/300/300/300/300/300
1700000071.000000,1,300,300,118.93,50.43,0,2018,300/300/300/300/300/300
1700000071.050000,1,300,300,118.88,53.12,0,2018,300/300/300/300/300/300
1700000071.100000,1,300,300,118.82,262.96,1,2021,300/300/300/300/300/300
1700000071.150000,1,300,300,118.78,55.75,0,2021,300/300/300/300/300/300
1700000071.200000,1,300,300,118.71,55.67,0,2021,300/300/300/300/300/300
1700000071.250000,1,300,300,118.63,266.46,1,2015,300/300/300/300/300/300
1700000071.300000,1,300,300,118.57,56.88,0,2015,300/300/300/300/300/300
1700000071.350000,1,300,300,118.51,53.29,0,2015,300/300/300/300/300/300
1700000071.400000,1,300,300,118.45,304.17,1,2015,300/300/300/300/300/300
1700000071.450000,1,300,300,118.37,54.03,0,2015,300/300/300/300/300/300
1700000071.500000,1,300,300,118.31,57.49,0,2015,300/300/300/300/300/300
1700000071.550000,1,300,300,118.27,297.65,1,2024,300/300/300/300/300/300
1700000071.600000,1,300,300,118.23,52.70,0,2024,300/300/300/300/300/300
1700000071.650000,1,300,300,118.22,53.69,0,2024,300/300/300/300/300/300
1700000071.700000,1,300,300,118.20,309.44,1,2065,300/300/300/300/300/300
1700000071.750000,1,300,300,118.16,54.05,0,2065,300/300/300/300/300/300
1700000071.800000,1,300,300,118.13,55.64,0,2065,300/300/300/300/300/300
1700000071.850000,1,300,300,118.11,264.35,1,2058,300/300/300/300/300/300
1700000071.900000,1,300,300,118.08,51.17,0,2058,300/300/300/300/300/300
1700000071.950000,1,300,300,118.02,52.99,0,2058,300/300/300/300/300/300
1700000072.000000,1,300,300,117.99,261.93,1,2089,300/300/300/300/300/300
1700000072.050000,1,300,300,117.97,57.38,0,2089,300/300/300/300/300/300
1700000072.100000,1,300,300,117.90,55.63,0,2089,300/300/300/300/300/300
1700000072.150000,1,300,300,117.82,292.87,1,2103,300/300/300/300/300/300
1700000072.200000,1,300,300,117.79,59.11,0,2103,300/300/300/300/300/300
1700000072.250000,1,300,300,117.72,60.93,0,2103,300/300/300/300/300/300
1700000072.300000,1,300,300,117.65,293.29,1,2125,300/300/300/300/300/300
1700000072.350000,1,300,300,117.60,58.23,0,2125,300/300/300/300/300/300
1700000072.400000,1,300,300,117.52,55.94,0,2125,300/300/300/300/300/300
1700000072.450000,1,300,300,117.48,286.19,1,2140,300/300/300/300/300/300
1700000072.500000,1,300,300,117.42,57.54,0,2140,300/300/300/300/300/300
1700000072.550000,1,300,300,117.37,53.89,0,2140,300/300/300/300/300/300
1700000072.600000,1,300,300,117.30,244.11,1,2161,300/300/300/300/300/300
1700000072.650000,1,300,300,117.25,57.70,0,2161,300/300/300/300/300/300
1700000072.700000,1,300,300,117.22,55.01,0,2161,300/300/300/300/300/300
1700000072.750000,1,300,300,117.16,251.46,1,2174,300/300/300/300/300/300
1700000072.800000,1,300,300,117.10,58.33,0,2174,300/300/300/300/300/300
1700000072.850000,1,300,300,117.06,55.78,0,2174,300/300/300/300/300/300
1700000072.900000,1,300,300,117.05,246.93,1,2190,300/300/300/300/300/300
1700000072.950000,1,300,300,117.03,54.89,0,2190,300/300/300/300/300/300
1700000073.000000,1,300,300,116.97,57.60,0,2190,300/300/300/300/300/300
1700000073.050000,1,300,300,116.97,245.68,1,2192,300/300/300/300/300/300
1700000073.100000,1,300,300,116.97,53.62,0,2192,300/300/300/300/300/300
1700000073.150000,1,300,300,116.97,54.64,0,2192,300/300/300/300/300/300
1700000073.200000,1,300,300,116.95,247.88,1,2174,300/300/300/300/300/300
1700000073.250000,1,300,300,116.96,54.33,0,2174,300/300/300/300/300/300
1700000073.300000,1,300,300,116.94,52.50,0,2174,300/300/300/300/300/300
1700000073.350000,1,300,300,116.91,238.20,1,2163,300/300/300/300/300/300
1700000073.400000,1,300,300,116.90,54.13,0,2163,300/300/300/300/300/300
1700000073.450000,1,300,300,116.83,51.64,0,2163,300/300/300/300/300/300
1700000073.500000,1,300,300,116.81,236.07,1,2190,300/300/300/300/300/300
1700000073.550000,1,300,300,116.78,50.94,0,2190,300/300/300/300/300/300
1700000073.600000,1,300,300,116.75,52.64,0,2190,300/300/300/300/300/300
1700000073.650000,1,300,300,116.71,279.55,1,2196,300/300/300/300/300/300
1700000073.700000,1,300,300,116.66,51.29,0,2196,300/300/300/300/300/300
1700000073.750000,1,300,300,116.66,52.92,0,2196,300/300/300/300/300/300
1700000073.800000,1,300,300,116.63,244.99,1,2217,300/300/300/300/300/300
1700000073.850000,1,300,300,116.56,49.68,0,2217,300/300/300/300/300/300
1700000073.900000,1,300,300,116.55,49.93,0,2217,300/300/300/300/300/300
1700000073.950000,1,300,300,116.53,436.34,1,2235,300/300/300/300/300/300
1700000074.000000,1,300,300,116.49,50.46,0,2235,300/300/300/300/300/300
1700000074.050000,1,300,300,116.46,50.72,0,2235,300/300/300/300/300/300
1700000074.100000,1,300,300,116.45,333.18,1,2239,300/300/300/300/300/300
1700000074.150000,1,300,300,116.41,53.35,0,2239,300/300/300/300/300/300
1700000074.200000,1,300,300,116.37,49.83,0,2239,300/300/300/300/300/300
1700000074.250000,1,300,300,116.34,333.82,1,2262,300/300/300/300/300/300
1700000074.300000,1,300,300,116.28,51.45,0,2262,300/300/300/300/300/300
1700000074.350000,1,300,300,116.26,49.49,0,2262,300/300/300/300/300/300
1700000074.400000,1,300,300,116.21,248.15,1,2247,300/300/300/300/300/300
1700000074.450000,1,300,300,116.15,49.48,0,2247,300/300/300/300/300/300
1700000074.500000,1,300,300,116.06,48.95,0,2247,300/300/300/300/300/300
1700000074.550000,1,300,300,116.04,364.60,1,2237,300/300/300/300/300/300
1700000074.600000,1,300,300,116.02,51.70,0,2237,300/300/300/300/300/300
1700000074.650000,1,300,300,116.01,50.22,0,2237,300/300/300/300/300/300
1700000074.700000,1,300,300,116.00,201.84,1,2234,300/300/300/300/300/300
1700000074.750000,1,300,300,115.95,51.00,0,2234,300/300/300/300/300/300
1700000074.800000,1,300,300,115.89,52.55,0,2234,300/300/300/300/300/300
1700000074.850000,1,300,300,115.86,265.66,1,2256,300/300/300/300/300/300
1700000074.900000,1,300,300,115.82,50.56,0,2256,300/300/300/300/300/300
1700000074.950000,1,300,300,115.75,50.73,0,2256,300/300/300/300/300/300
1700000075.000000,1,300,300,115.67,304.53,1,2229,300/300/300/300/300/300
1700000075.050000,1,300,300,115.62,52.85,0,2229,300/300/300/300/300/300
1700000075.100000,1,300,300,115.62,50.88,0,2229,300/300/300/300/300/300
1700000075.150000,1,300,300,115.54,262.56,1,2229,300/300/300/300/300/300
1700000075.200000,1,300,300,115.49,50.22,0,2229,300/300/300/300/300/300
1700000075.250000,1,300,300,115.43,52.09,0,2229,300/300/300/300/300/300
1700000075.300000,1,300,300,115.36,326.85,1,2232,300/300/300/300/300/300
1700000075.350000,1,300,300,115.32,51.65,0,2232,300/300/300/300/300/300
1700000075.400000,1,300,300,115.28,54.33,0,2232,300/300/300/300/300/300
1700000075.450000,1,300,300,115.21,263.43,1,2202,300/300/300/300/300/300
1700000075.500000,1,300,300,115.15,51.44,0,2202,300/300/300/300/300/300
1700000075.550000,1,300,300,115.11,52.28,0,2202,300/300/300/300/300/300
1700000075.600000,1,300,300,115.03,259.60,1,2211,300/300/300/300/300/300
1700000075.650000,1,300,300,114.96,52.52,0,2211,300/300/300/300/300/300
1700000075.700000,1,300,300,114.91,52.68,0,2211,300/300/300/300/300/300
1700000075.750000,1,300,300,114.83,259.41,1,2186,300/300/300/300/300/300
1700000075.800000,1,300,300,114.77,54.85,0,2186,300/300/300/300/300/300
1700000075.850000,1,300,300,114.72,53.31,0,2186,300/300/300/300/300/300
1700000075.900000,1,300,300,114.65,261.09,1,2181,300/300/300/300/300/300
1700000075.950000,1,300,300,114.64,55.02,0,2181,300/300/300/300/300/300
1700000076.000000,1,300,300,114.58,51.38,0,2181,300/300/300/300/300/300
1700000076.050000,1,300,300,114.52,413.50,1,2154,300/300/300/300/300/300
1700000076.100000,1,300,300,114.50,52.45,0,2154,300/300/300/300/300/300
1700000076.150000,1,300,300,114.45,55.00,0,2154,300/300/300/300/300/300
1700000076.200000,1,300,300,114.42,259.15,1,2137,300/300/300/300/300/300
1700000076.250000,1,300,300,114.42,54.19,0,2137,300/300/300/300/300/300
1700000076.300000,1,300,300,114.45,49.60,0,2137,300/300/300/300/300/300
1700000076.350000,1,300,300,114.53,287.74,1,2135,300/300/300/300/300/300
1700000076.400000,1,300,300,114.57,49.95,0,2135,300/300/300/300/300/300
1700000076.450000,1,300,300,114.60,51.02,0,2135,300/300/300/300/300/300
1700000076.500000,1,300,300,114.59,246.85,1,2130,300/300/300/300/300/300
1700000076.550000,1,300,300,114.54,53.32,0,2130,300/300/300/300/300/300
1700000076.600000,1,300,300,114.52,55.94,0,2130,300/300/300/300/300/300
1700000076.650000,1,300,300,114.52,246.21,1,2106,300/300/300/300/300/300
1700000076.700000,1,300,300,114.46,54.41,0,2106,300/300/300/300/300/300
1700000076.750000,1,300,300,114.45,53.53,0,2106,300/300/300/300/300/300
1700000076.800000,1,300,300,114.42,315.31,1,2098,300/300/300/300/300/300
1700000076.850000,1,300,300,114.40,52.42,0,2098,300/300/300/300/300/300
1700000076.900000,1,300,300,114.36,51.97,0,2098,300/300/300/300/300/300
1700000076.950000,1,300,300,114.32,246.15,1,2099,300/300/300/300/300/300
1700000077.000000,1,300,300,114.30,52.47,0,2099,300/300/300/300/300/300
1700000077.050000,1,300,300,114.29,52.59,0,2099,300/300/300/300/300/300
1700000077.100000,1,300,300,114.26,243.89,1,2091,300/300/300/300/300/300
1700000077.150000,1,300,300,114.25,50.60,0,2091,300/300/300/300/300/300
1700000077.200000,1,300,300,114.20,52.10,0,2091,300/300/300/300/300/300
1700000077.250000,1,300,300,114.14,249.39,1,2092,300/300/300/300/300/300
1700000077.300000,1,300,300,114.06,52.18,0,2092,300/300/300/300/300/300
1700000077.350000,1,300,300,114.01,50.63,0,2092,300/300/300/300/300/300
1700000077.400000,1,300,300,113.96,294.36,1,2088,300/300/300/300/300/300
1700000077.450000,1,300,300,113.91,49.55,0,2088,300/300/300/300/300/300
1700000077.500000,1,300,300,113.85,49.74,0,2088,300/300/300/300/300/300
1700000077.550000,1,300,300,113.84,288.90,1,2062,300/300/300/300/300/300
1700000077.600000,1,300,300,113.79,51.95,0,2062,300/300/300/300/300/300
1700000077.650000,1,300,300,113.74,52.29,0,2062,300/300/300/300/300/300
1700000077.700000,1,300,300,113.67,247.99,1,2068,300/300/300/300/300/300
1700000077.750000,1,300,300,113.64,52.12,0,2068,300/300/300/300/300/300
1700000077.800000,1,300,300,113.62,49.43,0,2068,300/300/300/300/300/300
1700000077.850000,1,300,300,113.65,248.71,1,2073,300/300/300/300/300/300
1700000077.900000,1,300,300,113.63,53.40,0,2073,300/300/300/300/300/300
1700000077.950000,1,300,300,113.63,50.43,0,2073,300/300/300/300/300/300
1700000078.000000,1,300,300,113.54,278.73,1,2056,300/300/300/300/300/300
1700000078.050000,1,300,300,113.49,55.67,0,2056,300/300/300/300/300/300
1700000078.100000,1,300,300,113.41,52.26,0,2056,300/300/300/300/300/300
1700000078.150000,1,300,300,113.35,236.62,1,2083,300/300/300/300/300/300
1700000078.200000,1,300,300,113.32,50.75,0,2083,300/300/300/300/300/300
1700000078.250000,1,300,300,113.30,52.04,0,2083,300/300/300/300/300/300
1700000078.300000,1,300,300,113.36,301.14,1,2071,300/300/300/300/300/300
1700000078.350000,1,300,300,113.31,50.91,0,2071,300/300/300/300/300/300
1700000078.400000,1,300,300,113.31,51.21,0,2071,300/300/300/300/300/300
1700000078.450000,1,300,300,113.20,238.10,1,2030,300/300/300/300/300/300
1700000078.500000,1,300,300,113.17,50.60,0,2030,300/300/300/300/300/300
1700000078.550000,1,300,300,113.10,52.22,0,2030,300/300/300/300/300/300
1700000078.600000,1,300,300,113.05,240.20,1,2030,300/300/300/300/300/300
1700000078.650000,1,300,300,113.05,56.38,0,2030,300/300/300/300/300/300
1700000078.700000,1,300,300,112.94,52.62,0,2030,300/300/300/300/300/300
1700000078.750000,1,300,300,113.02,315.09,1,2028,300/300/300/300/300/300
1700000078.800000,1,300,300,113.01,54.41,0,2028,300/300/300/300/300/300
1700000078.850000,1,300,300,113.03,51.65,0,2028,300/300/300/300/300/300
1700000078.900000,1,300,300,113.06,287.83,1,2017,300/300/300/300/300/300
1700000078.950000,1,300,300,113.06,53.80,0,2017,300/300/300/300/300/300
1700000079.000000,1,300,300,113.10,54.49,0,2017,300/300/300/300/300/300
1700000079.050000,1,300,300,113.11,288.32,1,2022,300/300/300/300/300/300
1700000079.100000,1,300,300,113.14,52.54,0,2022,300/300/300/300/300/300
1700000079.150000,1,300,300,113.18,53.18,0,2022,300/300/300/300/300/300
1700000079.200000,1,300,300,113.24,253.46,1,2037,300/300/300/300/300/300
1700000079.250000,1,300,300,113.24,55.17,0,2037,300/300/300/300/300/300
1700000079.300000,1,300,300,113.23,53.52,0,2037,300/300/300/300/300/300
1700000079.350000,1,300,300,113.21,256.32,1,2035,300/300/300/300/300/300
1700000079.400000,1,300,300,113.21,51.77,0,2035,300/300/300/300/300/300
1700000079.450000,1,300,300,113.33,53.34,0,2035,300/300/300/300/300/300
1700000079.500000,1,300,300,113.43,253.23,1,2053,300/300/300/300/300/300
1700000079.550000,1,300,300,113.49,54.29,0,2053,300/300/300/300/300/300
1700000079.600000,1,300,300,113.50,53.37,0,2053,300/300/300/300/300/300
1700000079.650000,1,300,300,113.47,337.34,1,2032,300/300/300/300/300/300
1700000079.700000,1,300,300,113.45,53.11,0,2032,300/300/300/300/300/300
1700000079.750000,1,300,300,113.50,53.15,0,2032,300/300/300/300/300/300
1700000079.800000,1,300,300,113.61,250.82,1,2024,300/300/300/300/300/300
1700000079.850000,1,300,300,113.68,58.65,0,2024,300/300/300/300/300/300
1700000079.900000,1,300,300,113.78,53.39,0,2024,300/300/300/300/300/300
1700000079.950000,1,300,300,113.87,257.22,1,2019,300/300/300/300/300/300
1700000080.000000,1,300,300,113.90,53.26,0,2019,300/300/300/300/300/300
1700000080.050000,1,300,300,113.97,53.64,0,2019,300/300/300/300/300/300
1700000080.100000,1,300,300,114.05,265.62,1,2005,300/300/300/300/300/300
1700000080.150000,1,300,300,114.17,56.05,0,2005,300/300/300/300/300/300
1700000080.200000,1,300,300,114.28,54.29,0,2005,300/300/300/300/300/300
1700000080.250000,1,300,300,114.44,301.17,1,1996,300/300/300/300/300/300
1700000080.300000,1,300,300,114.51,53.99,0,1996,300/300/300/300/300/300
1700000080.350000,1,300,300,114.62,54.40,0,1996,300/300/300/300/300/300
1700000080.400000,1,300,300,114.74,370.83,1,1973,300/300/300/300/300/300
1700000080.450000,1,300,300,114.89,52.31,0,1973,300/300/300/300/300/300
1700000080.500000,1,300,300,115.03,53.79,0,1973,300/300/300/300/300/300
1700000080.550000,1,300,300,115.13,374.04,1,1953,300/300/300/300/300/300
1700000080.600000,1,300,300,115.27,53.97,0,1953,300/300/300/300/300/300
1700000080.650000,1,300,300,115.44,53.36,0,1953,300/300/300/300/300/300
1700000080.700000,1,300,300,115.56,255.96,1,1959,300/300/300/300/300/300
1700000080.750000,1,300,300,115.68,52.22,0,1959,300/300/300/300/300/300
1700000080.800000,1,300,300,115.78,51.27,0,1959,300/300/300/300/300/300
1700000080.850000,1,300,300,115.89,264.65,1,1950,300/300/300/300/300/300
1700000080.900000,1,300,300,116.00,53.47,0,1950,300/300/300/300/300/300
1700000080.950000,1,300,300,116.10,54.19,0,1950,300/300/300/300/300/300
1700000081.000000,1,300,300,116.21,351.69,1,1902,300/300/300/300/300/300
1700000081.050000,1,300,300,116.36,53.59,0,1902,300/300/300/300/300/300
1700000081.100000,1,300,300,116.47,51.42,0,1902,300/300/300/300/300/300
1700000081.150000,1,300,300,116.55,291.13,1,1938,300/300/300/300/300/300
1700000081.200000,1,300,300,116.62,55.11,0,1938,300/300/300/300/300/300
1700000081.250000,1,300,300,116.70,53.15,0,1938,300/300/300/300/300/300
1700000081.300000,1,300,300,116.73,292.51,1,1956,300/300/300/300/300/300
1700000081.350000,1,300,300,116.84,51.54,0,1956,300/300/300/300/300/300
1700000081.400000,1,300,300,116.90,53.14,0,1956,300/300/300/300/300/300
1700000081.450000,1,300,300,116.98,259.05,1,1967,300/300/300/300/300/300
1700000081.500000,1,300,300,117.01,54.37,0,1967,300/300/300/300/300/300
1700000081.550000,1,300,300,117.06,49.61,0,1967,300/300/300/300/300/300
1700000081.600000,1,300,300,117.07,260.92,1,2003,300/300/300/300/300/300
1700000081.650000,1,300,300,117.12,52.08,0,2003,300/300/300/300/300/300
1700000081.700000,1,300,300,117.15,54.66,0,2003,300/300/300/300/300/300
1700000081.750000,1,300,300,117.22,304.42,1,1987,300/300/300/300/300/300
1700000081.800000,1,300,300,117.30,52.91,0,1987,300/300/300/300/300/300
1700000081.850000,1,300,300,117.36,54.67,0,1987,300/300/300/300/300/300
1700000081.900000,1,300,300,117.42,430.06,1,1965,300/300/300/300/300/300
1700000081.950000,1,300,300,117.45,52.33,0,1965,300/300/300/300/300/300
1700000082.000000,1,300,300,117.46,52.24,0,1965,300/300/300/300/300/300
1700000082.050000,1,300,300,117.47,260.08,1,1987,300/300/300/300/300/300
1700000082.100000,1,300,300,117.48,53.56,0,1987,300/300/300/300/300/300
1700000082.150000,1,300,300,117.52,48.71,0,1987,300/300/300/300/300/300
1700000082.200000,1,300,300,117.51,286.88,1,1995,300/300/300/300/300/300
1700000082.250000,1,300,300,117.50,48.26,0,1995,300/300/300/300/300/300
1700000082.300000,1,300,300,117.53,49.21,0,1995,300/300/300/300/300/300
1700000082.350000,1,300,300,117.51,257.39,1,2015,300/300/300/300/300/300
1700000082.400000,1,300,300,117.51,51.17,0,2015,300/300/300/300/300/300
1700000082.450000,1,300,300,117.51,51.71,0,2015,300/300/300/300/300/300
1700000082.500000,1,300,300,117.51,261.59,1,2024,300/300/300/300/300/300
1700000082.550000,1,300,300,117.58,47.52,0,2024,300/300/300/300/300/300
1700000082.600000,1,300,300,117.61,52.61,0,2024,300/300/300/300/300/300
1700000082.650000,1,300,300,117.60,443.08,1,2033,300/300/300/300/300/300
1700000082.700000,1,300,300,117.62,52.31,0,2033,300/300/300/300/300/300
1700000082.750000,1,300,300,117.68,53.42,0,2033,300/300/300/300/300/300
1700000082.800000,1,300,300,117.69,327.81,1,2065,300/300/300/300/300/300
1700000082.850000,1,300,300,117.70,51.58,0,2065,300/300/300/300/300/300
1700000082.900000,1,300,300,117.74,50.35,0,2065,300/300/300/300/300/300
1700000082.950000,1,300,300,117.73,322.71,1,2090,300/300/300/300/300/300
1700000083.000000,1,300,300,117.74,52.28,0,2090,300/300/300/300/300/300
1700000083.050000,1,300,300,117.75,49.49,0,2090,300/300/300/300/300/300
1700000083.100000,1,300,300,117.76,245.90,1,2095,300/300/300/300/300/300
1700000083.150000,1,300,300,117.80,50.48,0,2095,300/300/300/300/300/300
1700000083.200000,1,300,300,117.77,50.27,0,2095,300/300/300/300/300/300
1700000083.250000,1,300,300,117.83,255.09,1,2107,300/300/300/300/300/300
1700000083.300000,1,300,300,117.83,49.80,0,2107,300/300/300/300/300/300
1700000083.350000,1,300,300,117.86,53.13,0,2107,300/300/300/300/300/300
1700000083.400000,1,300,300,117.91,250.72,1,2129,300/300/300/300/300/300
1700000083.450000,1,300,300,117.91,50.57,0,2129,300/300/300/300/300/300
1700000083.500000,1,300,300,117.90,50.42,0,2129,300/300/300/300/300/300
1700000083.550000,1,300,300,117.92,434.41,1,2130,300/300/300/300/300/300
1700000083.600000,1,300,300,117.96,53.08,0,2130,300/300/300/300/300/300
1700000083.650000,1,300,300,118.00,54.65,0,2130,300/300/300/300/300/300
1700000083.700000,1,300,300,117.97,304.99,1,2122,300/300/300/300/300/300
1700000083.750000,1,300,300,118.02,53.46,0,2122,300/300/300/300/300/300
1700000083.800000,1,300,300,118.04,53.23,0,2122,300/300/300/300/300/300
1700000083.850000,1,300,300,118.06,259.28,1,2135,300/300/300/300/300/300
1700000083.900000,1,300,300,118.05,53.29,0,2135,300/300/300/300/300/300
1700000083.950000,1,300,300,118.09,53.50,0,2135,300/300/300/300/300/300
1700000084.000000,1,300,300,118.16,258.51,1,2140,300/300/300/300/300/300
1700000084.050000,1,300,300,118.17,51.69,0,2140,300/300/300/300/300/300
1700000084.100000,1,300,300,118.25,51.18,0,2140,300/300/300/300/300/300
1700000084.150000,1,300,300,118.34,339.74,1,2148,300/300/300/300/300/300
1700000084.200000,1,300,300,118.39,50.42,0,2148,300/300/300/300/300/300
1700000084.250000,1,300,300,118.46,51.48,0,2148,300/300/300/300/300/300
1700000084.300000,1,300,300,118.52,292.45,1,2155,300/300/300/300/300/300
1700000084.350000,1,300,300,118.55,53.92,0,2155,300/300/300/300/300/300
1700000084.400000,1,300,300,118.60,53.29,0,2155,300/300/300/300/300/300
1700000084.450000,1,300,300,118.69,250.00,1,2142,300/300/300/300/300/300
1700000084.500000,1,300,300,118.72,54.64,0,2142,300/300/300/300/300/300
1700000084.550000,1,300,300,118.70,54.64,0,2142,300/300/300/300/300/300
1700000084.600000,1,300,300,118.72,257.68,1,2156,300/300/300/300/300/300
1700000084.650000,1,300,300,118.74,53.94,0,2156,300/300/300/300/300/300
1700000084.700000,1,300,300,118.68,51.09,0,2156,300/300/300/300/300/300
1700000084.750000,1,300,300,118.67,288.55,1,2179,300/300/300/300/300/300
1700000084.800000,1,300,300,118.67,50.08,0,2179,300/300/300/300/300/300
1700000084.850000,1,300,300,118.61,49.64,0,2179,300/300/300/300/300/300
1700000084.900000,1,300,300,118.61,284.89,1,2199,300/300/300/300/300/300
1700000084.950000,1,300,300,118.59,50.60,0,2199,300/300/300/300/300/300
1700000085.000000,1,300,300,118.57,47.34,0,2199,300/300/300/300/300/300
1700000085.050000,1,300,300,118.56,250.75,1,2231,300/300/300/300/300/300
1700000085.100000,1,300,300,118.54,50.82,0,2231,300/300/300/300/300/300
1700000085.150000,1,300,300,118.53,51.49,0,2231,300/300/300/300/300/300
1700000085.200000,1,300,300,118.61,337.41,1,2177,300/300/300/300/300/300
1700000085.250000,1,300,300,118.60,51.95,0,2177,300/300/300/300/300/300
1700000085.300000,1,300,300,118.67,52.98,0,2177,300/300/300/300/300/300
1700000085.350000,1,300,300,118.69,248.76,1,2171,300/300/300/300/300/300
1700000085.400000,1,300,300,118.70,49.49,0,2171,300/300/300/300/300/300
1700000085.450000,1,300,300,118.77,48.39,0,2171,300/300/300/300/300/300
1700000085.500000,1,300,300,118.78,284.82,1,2158,300/300/300/300/300/300
1700000085.550000,1,300,300,118.85,50.36,0,2158,300/300/300/300/300/300
1700000085.600000,1,300,300,118.90,48.63,0,2158,300/300/300/300/300/300
1700000085.650000,1,300,300,118.95,319.13,1,2140,300/300/300/300/300/300
1700000085.700000,1,300,300,118.97,50.63,0,2140,300/300/300/300/300/300
1700000085.750000,1,300,300,119.03,51.45,0,2140,300/300/300/300/300/300
1700000085.800000,1,300,300,119.09,287.36,1,2132,300/300/300/300/300/300
1700000085.850000,1,300,300,119.13,49.73,0,2132,300/300/300/300/300/300
1700000085.900000,1,300,300,119.18,49.54,0,2132,300/300/300/300/300/300
1700000085.950000,1,300,300,119.25,246.57,1,2154,300/300/300/300/300/300
1700000086.000000,1,300,300,119.29,50.22,0,2154,300/300/300/300/300/300
1700000086.050000,1,300,300,119.32,52.71,0,2154,300/300/300/300/300/300
1700000086.100000,1,300,300,119.35,245.56,1,2154,300/300/300/300/300/300
1700000086.150000,1,300,300,119.39,50.98,0,2154,300/300/300/300/300/300
1700000086.200000,1,300,300,119.40,48.70,0,2154,300/300/300/300/300/300
1700000086.250000,1,300,300,119.41,319.63,1,2116,300/300/300/300/300/300
1700000086.300000,1,300,300,119.42,53.30,0,2116,300/300/300/300/300/300
1700000086.350000,1,300,300,119.45,51.29,0,2116,300/300/300/300/300/300
1700000086.400000,1,300,300,119.46,286.43,1,2128,300/300/300/300/300/300
1700000086.450000,1,300,300,119.48,50.89,0,2128,300/300/300/300/300/300
1700000086.500000,1,300,300,119.47,52.81,0,2128,300/300/300/300/300/300
1700000086.550000,1,300,300,119.46,244.73,1,2157,300/300/300/300/300/300
1700000086.600000,1,300,300,119.42,54.72,0,2157,300/300/300/300/300/300
1700000086.650000,1,300,300,119.37,51.25,0,2157,300/300/300/300/300/300
1700000086.700000,1,300,300,119.36,414.78,1,2150,300/300/300/300/300/300
1700000086.750000,1,300,300,119.30,53.47,0,2150,300/300/300/300/300/300
1700000086.800000,1,300,300,119.30,50.23,0,2150,300/300/300/300/300/300
1700000086.850000,1,300,300,119.26,286.58,1,2133,300/300/300/300/300/300
1700000086.900000,1,300,300,119.19,55.04,0,2133,300/300/300/300/300/300
1700000086.950000,1,300,300,119.10,53.04,0,2133,300/300/300/300/300/300
1700000087.000000,1,300,300,119.07,249.43,1,2133,300/300/300/300/300/300
1700000087.050000,1,300,300,118.99,55.22,0,2133,300/300/300/300/300/300
1700000087.100000,1,300,300,118.92,51.15,0,2133,300/300/300/300/300/300
1700000087.150000,1,300,300,118.83,250.96,1,2128,300/300/300/300/300/300
1700000087.200000,1,300,300,118.80,51.97,0,2128,300/300/300/300/300/300
1700000087.250000,1,300,300,118.72,50.31,0,2128,300/300/300/300/300/300
1700000087.300000,1,300,300,118.68,244.77,1,2148,300/300/300/300/300/300
1700000087.350000,1,300,300,118.62,53.72,0,2148,300/300/300/300/300/300
1700000087.400000,1,300,300,118.53,51.84,0,2148,300/300/300/300/300/300
1700000087.450000,1,300,300,118.54,252.67,1,2133,300/300/300/300/300/300
1700000087.500000,1,300,300,118.52,54.12,0,2133,300/300/300/300/300/300
1700000087.550000,1,300,300,118.47,51.27,0,2133,300/300/300/300/300/300
1700000087.600000,1,300,300,118.45,253.83,1,2144,300/300/300/300/300/300
1700000087.650000,1,300,300,118.44,53.95,0,2144,300/300/300/300/300/300
1700000087.700000,1,300,300,118.42,52.19,0,2144,300/300/300/300/300/300
1700000087.750000,1,300,300,118.34,258.69,1,2169,300/300/300/300/300/300
1700000087.800000,1,300,300,118.30,55.14,0,2169,300/300/300/300/300/300
1700000087.850000,1,300,300,118.27,53.32,0,2169,300/300/300/300/300/300
1700000087.900000,1,300,300,118.26,255.31,1,2164,300/300/300/300/300/300
1700000087.950000,1,300,300,118.24,54.41,0,2164,300/300/300/300/300/300
1700000088.000000,1,300,300,118.21,52.03,0,2164,300/300/300/300/300/300
1700000088.050000,1,300,300,118.19,257.97,1,2190,300/300/300/300/300/300
1700000088.100000,1,300,300,118.18,54.63,0,2190,300/300/300/300/300/300
1700000088.150000,1,300,300,118.20,54.36,0,2190,300/300/300/300/300/300
1700000088.200000,1,300,300,118.20,259.36,1,2203,300/300/300/300/300/300
1700000088.250000,1,300,300,118.25,56.09,0,2203,300/300/300/300/300/300
1700000088.300000,1,300,300,118.26,52.60,0,2203,300/300/300/300/300/300
1700000088.350000,1,300,300,118.27,257.07,1,2210,300/300/300/300/300/300
1700000088.400000,1,300,300,118.27,53.30,0,2210,300/300/300/300/300/300
1700000088.450000,1,300,300,118.29,52.58,0,2210,300/300/300/300/300/300
1700000088.500000,1,300,300,118.31,260.12,1,2253,300/300/300/300/300/300
1700000088.550000,1,300,300,118.36,55.22,0,2253,300/300/300/300/300/300
1700000088.600000,1,300,300,118.38,53.63,0,2253,300/300/300/300/300/300
1700000088.650000,1,300,300,118.39,262.92,1,2269,300/300/300/300/300/300
1700000088.700000,1,300,300,118.39,51.63,0,2269,300/300/300/300/300/300
1700000088.750000,1,300,300,118.41,53.04,0,2269,300/300/300/300/300/300
1700000088.800000,1,300,300,118.41,260.54,1,2241,300/300/300/300/300/300
1700000088.850000,1,300,300,118.45,53.27,0,2241,300/300/300/300/300/300
1700000088.900000,1,300,300,118.45,50.09,0,2241,300/300/300/300/300/300
1700000088.950000,1,300,300,118.47,258.80,1,2215,300/300/300/300/300/300
1700000089.000000,1,300,300,118.45,50.57,0,2215,300/300/300/300/300/300
1700000089.050000,1,300,300,118.45,49.44,0,2215,300/300/300/300/300/300
1700000089.100000,1,300,300,118.46,258.04,1,2234,300/300/300/300/300/300
1700000089.150000,1,300,300,118.45,50.56,0,2234,300/300/300/300/300/300
1700000089.200000,1,300,300,118.46,50.26,0,2234,300/300/300/300/300/300
1700000089.250000,1,300,300,118.46,268.35,1,2250,300/300/300/300/300/300
1700000089.300000,1,300,300,118.45,50.93,0,2250,300/300/300/300/300/300
1700000089.350000,1,300,300,118.44,50.38,0,2250,300/300/300/300/300/300
1700000089.400000,1,300,300,118.46,263.25,1,2266,300/300/300/300/300/300
1700000089.450000,1,300,300,118.44,51.25,0,2266,300/300/300/300/300/300
1700000089.500000,1,300,300,118.43,51.06,0,2266,300/300/300/300/300/300
1700000089.550000,1,300,300,118.42,262.80,1,2268,300/300/300/300/300/300
1700000089.600000,1,300,300,118.43,49.15,0,2268,300/300/300/300/300/300
1700000089.650000,1,300,300,118.45,52.81,0,2268,300/300/300/300/300/300
1700000089.700000,1,300,300,118.46,270.31,1,2280,300/300/300/300/300/300
1700000089.750000,1,300,300,118.46,49.23,0,2280,300/300/300/300/300/300
1700000089.800000,1,300,300,118.45,51.17,0,2280,300/300/300/300/300/300
1700000089.850000,1,300,300,118.45,269.68,1,2282,300/300/300/300/300/300
1700000089.900000,1,300,300,118.44,50.46,0,2282,300/300/300/300/300/300
1700000089.950000,1,300,300,118.44,50.96,0,2282,300/300/300/300/300/300
1700000090.000000,1,300,300,118.49,278.64,1,2287,300/300/300/300/300/300
1700000090.050000,1,300,300,118.44,47.51,0,2287,300/300/300/300/300/300
1700000090.100000,1,300,300,118.44,48.99,0,2287,300/300/300/300/300/300
1700000090.150000,1,300,300,118.41,269.06,1,2273,300/300/300/300/300/300
1700000090.200000,1,300,300,118.40,50.75,0,2273,300/300/300/300/300/300
1700000090.250000,1,300,300,118.36,48.41,0,2273,300/300/300/300/300/300
1700000090.300000,1,300,300,118.36,274.66,1,2287,300/300/300/300/300/300
1700000090.350000,1,300,300,118.36,48.60,0,2287,300/300/300/300/300/300
1700000090.400000,1,300,300,118.32,49.26,0,2287,300/300/300/300/300/300
1700000090.450000,1,300,300,118.29,321.39,1,2251,300/300/300/300/300/300
1700000090.500000,1,300,300,118.21,51.05,0,2251,300/300/300/300/300/300
1700000090.550000,1,300,300,118.22,46.31,0,2251,300/300/300/300/300/300
1700000090.600000,1,300,300,118.18,295.47,1,2264,300/300/300/300/300/300
1700000090.650000,1,300,300,118.17,47.18,0,2264,300/300/300/300/300/300
1700000090.700000,1,300,300,118.12,46.69,0,2264,300/300/300/300/300/300
1700000090.750000,1,300,300,118.07,271.60,1,2291,300/300/300/300/300/300
1700000090.800000,1,300,300,118.06,48.08,0,2291,300/300/300/300/300/300
1700000090.850000,1,300,300,118.04,48.81,0,2291,300/300/300/300/300/300
1700000090.900000,1,300,300,118.00,336.07,1,2286,300/300/300/300/300/300
1700000090.950000,1,300,300,117.99,50.43,0,2286,300/300/300/300/300/300
1700000091.000000,1,300,300,117.96,49.90,0,2286,300/300/300/300/300/300
1700000091.050000,1,300,300,117.95,317.27,1,2250,300/300/300/300/300/300
1700000091.100000,1,300,300,117.87,50.31,0,2250,300/300/300/300/300/300
1700000091.150000,1,300,300,117.86,49.54,0,2250,300/300/300/300/300/300
1700000091.200000,1,300,300,117.81,310.56,1,2253,300/300/300/300/300/300
1700000091.250000,1,300,300,117.79,49.78,0,2253,300/300/300/300/300/300
1700000091.300000,1,300,300,117.72,49.13,0,2253,300/300/300/300/300/300
1700000091.350000,1,300,300,117.68,268.58,1,2231,300/300/300/300/300/300
1700000091.400000,1,300,300,117.65,52.99,0,2231,300/300/300/300/300/300
1700000091.450000,1,300,300,117.61,51.49,0,2231,300/300/300/300/300/300
1700000091.500000,1,300,300,117.58,273.67,1,2222,300/300/300/300/300/300
1700000091.550000,1,300,300,117.58,50.80,0,2222,300/300/300/300/300/300
1700000091.600000,1,300,300,117.54,50.32,0,2222,300/300/300/300/300/300
1700000091.650000,1,300,300,117.52,281.06,1,2228,300/300/300/300/300/300
1700000091.700000,1,300,300,117.45,56.34,0,2228,300/300/300/300/300/300
1700000091.750000,1,300,300,117.39,53.59,0,2228,300/300/300/300/300/300
1700000091.800000,1,300,300,117.36,267.03,1,2210,300/300/300/300/300/300
1700000091.850000,1,300,300,117.35,51.39,0,2210,300/300/300/300/300/300
1700000091.900000,1,300,300,117.35,49.71,0,2210,300/300/300/300/300/300
1700000091.950000,1,300,300,117.26,309.86,1,2223,300/300/300/300/300/300
1700000092.000000,1,300,300,117.22,50.56,0,2223,300/300/300/300/300/300
1700000092.050000,1,300,300,117.21,51.46,0,2223,300/300/300/300/300/300
1700000092.100000,1,300,300,117.14,301.18,1,2203,300/300/300/300/300/300
1700000092.150000,1,300,300,117.07,53.91,0,2203,300/300/300/300/300/300
1700000092.200000,1,300,300,117.05,50.65,0,2203,300/300/300/300/300/300
1700000092.250000,1,300,300,117.00,262.01,1,2226,300/300/300/300/300/300
1700000092.300000,1,300,300,116.93,50.88,0,2226,300/300/300/300/300/300
1700000092.350000,1,300,300,116.89,50.90,0,2226,300/300/300/300/300/300
1700000092.400000,1,300,300,116.84,305.54,1,2211,300/300/300/300/300/300
1700000092.450000,1,300,300,116.80,51.68,0,2211,300/300/300/300/300/300
1700000092.500000,1,300,300,116.74,53.81,0,2211,300/300/300/300/300/300
1700000092.550000,1,300,300,116.73,253.52,1,2187,300/300/300/300/300/300
1700000092.600000,1,300,300,116.72,53.33,0,2187,300/300/300/300/300/300
1700000092.650000,1,300,300,116.67,50.16,0,2187,300/300/300/300/300/300
1700000092.700000,1,300,300,116.61,249.93,1,2179,300/300/300/300/300/300
1700000092.750000,1,300,300,116.55,50.15,0,2179,300/300/300/300/300/300
1700000092.800000,1,300,300,116.48,49.37,0,2179,300/300/300/300/300/300
1700000092.850000,1,300,300,116.43,251.80,1,2193,300/300/300/300/300/300
1700000092.900000,1,300,300,116.35,53.18,0,2193,300/300/300/300/300/300
1700000092.950000,1,300,300,116.30,51.34,0,2193,300/300/300/300/300/300
1700000093.000000,1,300,300,116.22,287.42,1,2195,300/300/300/300/300/300
1700000093.050000,1,300,300,116.16,52.15,0,2195,300/300/300/300/300/300
1700000093.100000,1,300,300,116.07,50.79,0,2195,300/300/300/300/300/300
1700000093.150000,1,300,300,115.97,368.08,1,2196,300/300/300/300/300/300
1700000093.200000,1,300,300,115.91,52.41,0,2196,300/300/300/300/300/300
1700000093.250000,1,300,300,115.85,53.46,0,2196,300/300/300/300/300/300
1700000093.300000,1,300,300,115.78,291.76,1,2177,300/300/300/300/300/300
1700000093.350000,1,300,300,115.73,52.26,0,2177,300/300/300/300/300/300
1700000093.400000,1,300,300,115.67,53.15,0,2177,300/300/300/300/300/300
1700000093.450000,1,300,300,115.57,429.39,1,2154,300/300/300/300/300/300
1700000093.500000,1,300,300,115.47,53.48,0,2154,300/300/300/300/300/300
1700000093.550000,1,300,300,115.36,54.31,0,2154,300/300/300/300/300/300
1700000093.600000,1,300,300,115.29,467.82,1,2141,300/300/300/300/300/300
1700000093.650000,1,300,300,115.22,53.68,0,2141,300/300/300/300/300/300
1700000093.700000,1,300,300,115.12,52.93,0,2141,300/300/300/300/300/300
1700000093.750000,1,300,300,115.02,258.59,1,2154,300/300/300/300/300/300
1700000093.800000,1,300,300,114.91,54.61,0,2154,300/300/300/300/300/300
1700000093.850000,1,300,300,114.86,51.57,0,2154,300/300/300/300/300/300
1700000093.900000,1,300,300,114.77,348.60,1,2186,300/300/300/300/300/300
1700000093.950000,1,300,300,114.69,56.45,0,2186,300/300/300/300/300/300
1700000094.000000,1,300,300,114.65,53.76,0,2186,300/300/300/300/300/300
1700000094.050000,1,300,300,114.62,256.99,1,2152,300/300/300/300/300/300
1700000094.100000,1,300,300,114.53,53.81,0,2152,300/300/300/300/300/300
1700000094.150000,1,300,300,114.47,52.28,0,2152,300/300/300/300/300/300
1700000094.200000,1,300,300,114.41,290.03,1,2158,300/300/300/300/300/300
1700000094.250000,1,300,300,114.34,56.71,0,2158,300/300/300/300/300/300
1700000094.300000,1,300,300,114.33,55.10,0,2158,300/300/300/300/300/300
1700000094.350000,1,300,300,114.33,296.81,1,2174,300/300/300/300/300/300
1700000094.400000,1,300,300,114.26,55.24,0,2174,300/300/300/300/300/300
1700000094.450000,1,300,300,114.13,57.33,0,2174,300/300/300/300/300/300
1700000094.500000,1,300,300,114.07,254.48,1,2208,300/300/300/300/300/300
1700000094.550000,1,300,300,114.03,58.19,0,2208,300/300/300/300/300/300
1700000094.600000,1,300,300,114.08,57.05,0,2208,300/300/300/300/300/300
1700000094.650000,1,300,300,114.10,255.63,1,2201,300/300/300/300/300/300
1700000094.700000,1,300,300,114.14,58.67,0,2201,300/300/300/300/300/300
1700000094.750000,1,300,300,114.14,57.23,0,2201,300/300/300/300/300/300
1700000094.800000,1,300,300,114.09,297.61,1,2195,300/300/300/300/300/300
1700000094.850000,1,300,300,114.09,55.19,0,2195,300/300/300/300/300/300
1700000094.900000,1,300,300,114.03,54.44,0,2195,300/300/300/300/300/300
1700000094.950000,1,300,300,113.99,461.63,1,2210,300/300/300/300/300/300
1700000095.000000,1,300,300,113.93,53.67,0,2210,300/300/300/300/300/300
1700000095.050000,1,300,300,113.93,51.73,0,2210,300/300/300/300/300/300
1700000095.100000,1,300,300,113.97,258.69,1,2254,300/300/300/300/300/300
1700000095.150000,1,300,300,114.02,52.17,0,2254,300/300/300/300/300/300
1700000095.200000,1,300,300,114.09,56.20,0,2254,300/300/300/300/300/300
1700000095.250000,1,300,300,114.07,255.91,1,2266,300/300/300/300/300/300
1700000095.300000,1,300,300,114.07,56.38,0,2266,300/300/300/300/300/300
1700000095.350000,1,300,300,114.09,56.11,0,2266,300/300/300/300/300/300
1700000095.400000,1,300,300,114.09,256.87,1,2292,300/300/300/300/300/300
1700000095.450000,1,300,300,114.12,56.78,0,2292,300/300/300/300/300/300
1700000095.500000,1,300,300,114.16,56.23,0,2292,300/300/300/300/300/300
1700000095.550000,1,300,300,114.25,261.48,1,2326,300/300/300/300/300/300
1700000095.600000,1,300,300,114.33,53.36,0,2326,300/300/300/300/300/300
1700000095.650000,1,300,300,114.38,52.43,0,2326,300/300/300/300/300/300
1700000095.700000,1,300,300,114.52,340.33,1,2341,300/300/300/300/300/300
1700000095.750000,1,300,300,114.69,56.33,0,2341,300/300/300/300/300/300
1700000095.800000,1,300,300,114.88,56.72,0,2341,300/300/300/300/300/300
1700000095.850000,1,300,300,114.94,296.40,1,2324,300/300/300/300/300/300
1700000095.900000,1,300,300,114.97,56.01,0,2324,300/300/300/300/300/300
1700000095.950000,1,300,300,114.97,54.10,0,2324,300/300/300/300/300/300
1700000096.000000,1,300,300,114.97,285.90,1,2362,300/300/300/300/300/300
1700000096.050000,1,300,300,115.06,53.18,0,2362,300/300/300/300/300/300
1700000096.100000,1,300,300,115.20,54.06,0,2362,300/300/300/300/300/300
1700000096.150000,1,300,300,115.31,335.33,1,2381,300/300/300/300/300/300
1700000096.200000,1,300,300,115.46,52.20,0,2381,300/300/300/300/300/300
1700000096.250000,1,300,300,115.57,54.66,0,2381,300/300/300/300/300/300
1700000096.300000,1,300,300,115.66,355.19,1,2388,300/300/300/300/300/300
1700000096.350000,1,300,300,115.73,55.56,0,2388,300/300/300/300/300/300
1700000096.400000,1,300,300,115.75,54.98,0,2388,300/300/300/300/300/300
1700000096.450000,1,300,300,115.75,201.02,1,2403,300/300/300/300/300/300
1700000096.500000,1,300,300,115.78,55.70,0,2403,300/300/300/300/300/300
1700000096.550000,1,300,300,115.87,55.48,0,2403,300/300/300/300/300/300
1700000096.600000,1,300,300,115.94,285.83,1,2411,300/300/300/300/300/300
1700000096.650000,1,300,300,116.04,53.68,0,2411,300/300/300/300/300/300
1700000096.700000,1,300,300,116.13,53.33,0,2411,300/300/300/300/300/300
1700000096.750000,1,300,300,116.21,171.23,1,2404,300/300/300/300/300/300
1700000096.800000,1,300,300,116.29,52.85,0,2404,300/300/300/300/300/300
1700000096.850000,1,300,300,116.39,54.73,0,2404,300/300/300/300/300/300
1700000096.900000,1,300,300,116.52,269.75,1,2429,300/300/300/300/300/300
1700000096.950000,1,300,300,116.68,53.82,0,2429,300/300/300/300/300/300
1700000097.000000,1,300,300,116.83,52.33,0,2429,300/300/300/300/300/300
1700000097.050000,1,300,300,116.94,253.02,1,2425,300/300/300/300/300/300
1700000097.100000,1,300,300,117.08,55.20,0,2425,300/300/300/300/300/300
1700000097.150000,1,300,300,117.12,56.50,0,2425,300/300/300/300/300/300
1700000097.200000,1,300,300,117.17,256.69,1,2410,300/300/300/300/300/300
1700000097.250000,1,300,300,117.24,55.79,0,2410,300/300/300/300/300/300
1700000097.300000,1,300,300,117.31,55.95,0,2410,300/300/300/300/300/300
1700000097.350000,1,300,300,117.38,236.72,1,2433,300/300/300/300/300/300
1700000097.400000,1,300,300,117.43,56.23,0,2433,300/300/300/300/300/300
1700000097.450000,1,300,300,117.47,52.38,0,2433,300/300/300/300/300/300
1700000097.500000,1,300,300,117.54,299.09,1,2444,300/300/300/300/300/300
1700000097.550000,1,300,300,117.53,53.10,0,2444,300/300/300/300/300/300
1700000097.600000,1,300,300,117.59,56.86,0,2444,300/300/300/300/300/300
1700000097.650000,1,300,300,117.64,268.64,1,2439,300/300/300/300/300/300
1700000097.700000,1,300,300,117.62,56.16,0,2439,300/300/300/300/300/300
1700000097.750000,1,300,300,117.67,53.75,0,2439,300/300/300/300/300/300
1700000097.800000,1,300,300,117.66,402.47,1,2436,300/300/300/300/300/300
1700000097.850000,1,300,300,117.66,65.20,0,2436,300/300/300/300/300/300
1700000097.900000,1,300,300,117.68,62.45,0,2436,300/300/300/300/300/300
1700000097.950000,1,300,300,117.72,312.94,1,2438,300/300/300/300/300/300
1700000098.000000,1,300,300,117.73,67.83,0,2438,300/300/300/300/300/300
1700000098.050000,1,300,300,117.73,64.89,0,2438,300/300/300/300/300/300
1700000098.100000,1,300,300,117.78,211.72,1,2426,300/300/300/300/300/300
1700000098.150000,1,300,300,117.84,54.39,0,2426,300/300/300/300/300/300
1700000098.200000,1,300,300,117.88,52.53,0,2426,300/300/300/300/300/300
1700000098.250000,1,300,300,117.90,215.38,1,2408,300/300/300/300/300/300
1700000098.300000,1,300,300,117.88,53.74,0,2408,300/300/300/300/300/300
1700000098.350000,1,300,300,117.78,53.36,0,2408,300/300/300/300/300/300
1700000098.400000,1,300,300,117.74,296.28,1,2403,300/300/300/300/300/300
1700000098.450000,1,300,300,117.73,53.81,0,2403,300/300/300/300/300/300
1700000098.500000,1,300,300,117.73,57.75,0,2403,300/300/300/300/300/300
1700000098.550000,1,300,300,117.75,259.50,1,2390,300/300/300/300/300/300
1700000098.600000,1,300,300,117.82,54.88,0,2390,300/300/300/300/300/300
1700000098.650000,1,300,300,117.86,54.34,0,2390,300/300/300/300/300/300
1700000098.700000,1,300,300,117.85,297.54,1,2405,300/300/300/300/300/300
1700000098.750000,1,300,300,117.79,51.98,0,2405,300/300/300/300/300/300
1700000098.800000,1,300,300,117.72,56.88,0,2405,300/300/300/300/300/300
1700000098.850000,1,300,300,117.70,210.25,1,2402,300/300/300/300/300/300
1700000098.900000,1,300,300,117.72,54.69,0,2402,300/300/300/300/300/300
1700000098.950000,1,300,300,117.70,51.39,0,2402,300/300/300/300/300/300
1700000099.000000,1,300,300,117.69,259.63,1,2402,300/300/300/300/300/300
1700000099.050000,1,300,300,117.67,55.35,0,2402,300/300/300/300/300/300
1700000099.100000,1,300,300,117.63,56.01,0,2402,300/300/300/300/300/300
1700000099.150000,1,300,300,117.62,365.59,1,2393,300/300/300/300/300/300
1700000099.200000,1,300,300,117.59,52.46,0,2393,300/300/300/300/300/300
1700000099.250000,1,300,300,117.54,54.88,0,2393,300/300/300/300/300/300
1700000099.300000,1,300,300,117.60,244.18,1,2386,300/300/300/300/300/300
1700000099.350000,1,300,300,117.62,52.92,0,2386,300/300/300/300/300/300
1700000099.400000,1,300,300,117.64,55.15,0,2386,300/300/300/300/300/300
1700000099.450000,1,300,300,117.66,299.44,1,2344,300/300/300/300/300/300
1700000099.500000,1,300,300,117.72,55.39,0,2344,300/300/300/300/300/300
1700000099.550000,1,300,300,117.72,60.51,0,2344,300/300/300/300/300/300
1700000099.600000,1,300,300,117.68,253.53,1,2331,300/300/300/300/300/300
1700000099.650000,1,300,300,117.64,54.65,0,2331,300/300/300/300/300/300
1700000099.700000,1,300,300,117.48,53.94,0,2331,300/300/300/300/300/300
1700000099.750000,1,300,300,117.36,253.94,1,2321,300/300/300/300/300/300
1700000099.800000,1,300,300,117.23,59.25,0,2321,300/300/300/300/300/300
1700000099.850000,1,300,300,117.19,51.80,0,2321,300/300/300/300/300/300
1700000099.900000,1,300,300,117.17,286.67,1,2340,300/300/300/300/300/300
1700000099.950000,1,300,300,117.08,54.32,0,2340,300/300/300/300/300/300
1700000100.000000,1,300,300,117.04,55.16,0,2340,300/300/300/300/300/300
1700000100.050000,1,300,300,116.99,281.63,1,2287,300/300/300/300/300/300
1700000100.100000,1,300,300,116.97,53.01,0,2287,300/300/300/300/300/300
1700000100.150000,1,300,300,116.93,53.61,0,2287,300/300/300/300/300/300
1700000100.200000,1,300,300,116.88,318.66,1,2266,300/300/300/300/300/300
1700000100.250000,1,300,300,116.87,53.09,0,2266,300/300/300/300/300/300
1700000100.300000,1,300,300,116.89,54.30,0,2266,300/300/300/300/300/300
1700000100.350000,1,300,300,116.91,283.27,1,2248,300/300/300/300/300/300
1700000100.400000,1,300,300,116.84,53.02,0,2248,300/300/300/300/300/300
1700000100.450000,1,300,300,116.82,50.03,0,2248,300/300/300/300/300/300
1700000100.500000,1,300,300,116.80,277.85,1,2246,300/300/300/300/300/300
1700000100.550000,1,300,300,116.79,52.89,0,2246,300/300/300/300/300/300
1700000100.600000,1,300,300,116.72,54.29,0,2246,300/300/300/300/300/300
1700000100.650000,1,300,300,116.66,273.79,1,2225,300/300/300/300/300/300
1700000100.700000,1,300,300,116.65,54.06,0,2225,300/300/300/300/300/300
1700000100.750000,1,300,300,116.58,51.87,0,2225,300/300/300/300/300/300
1700000100.800000,1,300,300,116.64,195.01,1,2220,300/300/300/300/300/300
1700000100.850000,1,300,300,116.65,56.21,0,2220,300/300/300/300/300/300
1700000100.900000,1,300,300,116.61,55.25,0,2220,300/300/300/300/300/300
1700000100.950000,1,300,300,116.66,291.39,1,2188,300/300/300/300/300/300
1700000101.000000,1,300,300,116.63,55.57,0,2188,300/300/300/300/300/300
1700000101.050000,1,300,300,116.60,52.41,0,2188,300/300/300/300/300/300
1700000101.100000,1,300,300,116.61,247.85,1,2187,300/300/300/300/300/300
1700000101.150000,1,300,300,116.58,52.03,0,2187,300/300/300/300/300/300
1700000101.200000,1,300,300,116.57,52.65,0,2187,300/300/300/300/300/300
1700000101.250000,1,300,300,116.52,291.39,1,2199,300/300/300/300/300/300
1700000101.300000,1,300,300,116.51,50.25,0,2199,300/300/300/300/300/300
1700000101.350000,1,300,300,116.57,51.08,0,2199,300/300/300/300/300/300
1700000101.400000,1,300,300,116.58,288.59,1,2198,300/300/300/300/300/300
1700000101.450000,1,300,300,116.68,51.70,0,2198,300/300/300/300/300/300
1700000101.500000,1,300,300,116.80,51.84,0,2198,300/300/300/300/300/300
1700000101.550000,1,300,300,116.90,286.79,1,2215,300/300/300/300/300/300
1700000101.600000,1,300,300,116.88,51.73,0,2215,300/300/300/300/300/300
1700000101.650000,1,300,300,116.92,48.07,0,2215,300/300/300/300/300/300
1700000101.700000,1,300,300,116.89,288.52,1,2228,300/300/300/300/300/300
1700000101.750000,1,300,300,116.87,51.87,0,2228,300/300/300/300/300/300
1700000101.800000,1,300,300,116.92,48.60,0,2228,300/300/300/300/300/300
1700000101.850000,1,300,300,116.89,254.41,1,2237,300/300/300/300/300/300
1700000101.900000,1,300,300,116.90,52.73,0,2237,300/300/300/300/300/300
1700000101.950000,1,300,300,116.91,49.35,0,2237,300/300/300/300/300/300
1700000102.000000,1,300,300,116.98,259.99,1,2210,300/300/300/300/300/300
1700000102.050000,1,300,300,116.99,53.16,0,2210,300/300/300/300/300/300
1700000102.100000,1,300,300,117.00,49.57,0,2210,300/300/300/300/300/300
1700000102.150000,1,300,300,117.01,302.19,1,2221,300/300/300/300/300/300
1700000102.200000,1,300,300,117.09,52.13,0,2221,300/300/300/300/300/300
1700000102.250000,1,300,300,117.07,51.30,0,2221,300/300/300/300/300/300
1700000102.300000,1,300,300,117.16,264.90,1,2241,300/300/300/300/300/300
1700000102.350000,1,300,300,117.37,52.24,0,2241,300/300/300/300/300/300
1700000102.400000,1,300,300,117.39,49.40,0,2241,300/300/300/300/300/300
1700000102.450000,1,300,300,117.43,263.63,1,2228,300/300/300/300/300/300
1700000102.500000,1,300,300,117.38,54.71,0,2228,300/300/300/300/300/300
1700000102.550000,1,300,300,117.37,55.16,0,2228,300/300/300/300/300/300
1700000102.600000,1,300,300,117.39,268.11,1,2205,300/300/300/300/300/300
1700000102.650000,1,300,300,117.25,56.19,0,2205,300/300/300/300/300/300
1700000102.700000,1,300,300,117.19,53.89,0,2205,300/300/300/300/300/300
1700000102.750000,1,300,300,117.21,258.36,1,2190,300/300/300/300/300/300
1700000102.800000,1,300,300,117.23,57.47,0,2190,300/300/300/300/300/300
1700000102.850000,1,300,300,117.25,51.90,0,2190,300/300/300/300/300/300
1700000102.900000,1,300,300,117.27,266.37,1,2212,300/300/300/300/300/300
1700000102.950000,1,300,300,117.29,53.32,0,2212,300/300/300/300/300/300
1700000103.000000,1,300,300,117.24,54.56,0,2212,300/300/300/300/300/300
1700000103.050000,1,300,300,117.21,340.33,1,2217,300/300/300/300/300/300
1700000103.100000,1,300,300,117.24,58.76,0,2217,300/300/300/300/300/300
1700000103.150000,1,300,300,117.19,61.30,0,2217,300/300/300/300/300/300
1700000103.200000,1,300,300,117.20,299.30,1,2236,300/300/300/300/300/300
1700000103.250000,1,300,300,117.18,57.67,0,2236,300/300/300/300/300/300
1700000103.300000,1,300,300,117.17,56.00,0,2236,300/300/300/300/300/300
1700000103.350000,1,300,300,117.02,345.15,1,2240,300/300/300/300/300/300
1700000103.400000,1,300,300,116.93,56.18,0,2240,300/300/300/300/300/300
1700000103.450000,1,300,300,116.90,52.76,0,2240,300/300/300/300/300/300
1700000103.500000,1,300,300,116.93,290.97,1,2256,300/300/300/300/300/300
1700000103.550000,1,300,300,116.98,54.42,0,2256,300/300/300/300/300/300
1700000103.600000,1,300,300,117.02,54.01,0,2256,300/300/300/300/300/300
1700000103.650000,1,300,300,117.06,312.73,1,2258,300/300/300/300/300/300
1700000103.700000,1,300,300,117.12,54.23,0,2258,300/300/300/300/300/300
1700000103.750000,1,300,300,117.19,52.98,0,2258,300/300/300/300/300/300
1700000103.800000,1,300,300,117.27,261.82,1,2274,300/300/300/300/300/300
1700000103.850000,1,300,300,117.31,56.23,0,2274,300/300/300/300/300/300
1700000103.900000,1,300,300,117.36,54.12,0,2274,300/300/300/300/300/300
1700000103.950000,1,300,300,117.47,330.21,1,2289,300/300/300/300/300/300
1700000104.000000,1,300,300,117.51,59.49,0,2289,300/300/300/300/300/300
1700000104.050000,1,300,300,117.57,56.89,0,2289,300/300/300/300/300/300
1700000104.100000,1,300,300,117.65,280.25,1,2301,300/300/300/300/300/300
1700000104.150000,1,300,300,117.72,58.15,0,2301,300/300/300/300/300/300
1700000104.200000,1,300,300,117.79,55.99,0,2301,300/300/300/300/300/300
1700000104.250000,1,300,300,117.84,320.49,1,2305,300/300/300/300/300/300
1700000104.300000,1,300,300,117.93,58.96,0,2305,300/300/300/300/300/300
1700000104.350000,1,300,300,117.97,54.63,0,2305,300/300/300/300/300/300
1700000104.400000,1,300,300,118.00,260.32,1,2304,300/300/300/300/300/300
1700000104.450000,1,300,300,118.03,58.30,0,2304,300/300/300/300/300/300
1700000104.500000,1,300,300,118.05,56.26,0,2304,300/300/300/300/300/300
1700000104.550000,1,300,300,118.05,201.54,1,2322,300/300/300/300/300/300
1700000104.600000,1,300,300,118.01,59.08,0,2322,300/300/300/300/300/300
1700000104.650000,1,300,300,118.00,58.68,0,2322,300/300/300/300/300/300
1700000104.700000,1,300,300,118.05,199.78,1,2343,300/300/300/300/300/300
1700000104.750000,1,300,300,117.98,59.04,0,2343,300/300/300/300/300/300
1700000104.800000,1,300,300,117.99,59.10,0,2343,300/300/300/300/300/300
1700000104.850000,1,300,300,118.02,277.19,1,2375,300/300/300/300/300/300
1700000104.900000,1,300,300,117.88,60.71,0,2375,300/300/300/300/300/300
1700000104.950000,1,300,300,117.69,57.91,0,2375,300/300/300/300/300/300
1700000105.000000,1,300,300,117.43,285.16,1,2406,300/300/300/300/300/300
1700000105.050000,1,300,300,117.03,56.69,0,2406,300/300/300/300/300/300
1700000105.100000,1,300,300,116.41,57.09,0,2406,300/300/300/300/300/300
1700000105.150000,1,300,300,116.05,286.39,1,2444,300/300/300/300/300/300
1700000105.200000,1,300,300,115.46,55.13,0,2444,300/300/300/300/300/300
1700000105.250000,1,300,300,115.27,58.78,0,2444,300/300/300/300/300/300
1700000105.300000,1,300,300,115.92,219.77,1,2443,300/300/300/300/300/300
1700000105.350000,1,300,300,116.57,58.41,0,2443,300/300/300/300/300/300
1700000105.400000,1,300,300,116.50,56.64,0,2443,300/300/300/300/300/300
1700000105.450000,1,300,300,118.26,309.02,1,2493,300/300/300/300/300/300
1700000105.500000,1,300,300,115.94,57.14,0,2493,300/300/300/300/300/300
1700000105.550000,1,300,300,105.73,59.93,0,2493,300/300/300/300/300/300
1700000105.600000,1,300,300,120.20,315.74,1,2508,300/300/300/300/300/300
1700000105.650000,1,300,300,120.24,54.09,0,2508,300/300/300/300/300/300
1700000105.700000,1,300,300,120.27,54.07,0,2508,300/300/300/300/300/300
1700000105.750000,1,300,300,110.80,227.42,1,2542,300/300/300/300/300/300
1700000105.800000,1,300,300,112.45,52.06,0,2542,300/300/300/300/300/300
1700000105.850000,1,300,300,112.41,55.43,0,2542,300/300/300/300/300/300
1700000105.900000,1,300,300,113.06,317.85,1,2596,300/300/300/300/300/300
1700000105.950000,1,300,300,112.72,56.43,0,2596,300/300/300/300/300/300
1700000106.000000,1,300,300,113.13,52.83,0,2596,300/300/300/300/300/300
1700000106.050000,1,300,300,113.61,227.57,1,2608,300/300/300/300/300/300
1700000106.100000,1,300,300,114.00,61.98,0,2608,300/300/300/300/300/300
1700000106.150000,1,300,300,114.56,61.01,0,2608,300/300/300/300/300/300
1700000106.200000,1,300,300,115.14,268.92,1,2643,300/300/300/300/300/300
1700000106.250000,1,300,300,115.65,57.65,0,2643,300/300/300/300/300/300
1700000106.300000,1,300,300,115.99,53.76,0,2643,300/300/300/300/300/300
1700000106.350000,1,300,300,116.33,333.72,1,2741,300/300/300/300/300/300
1700000106.400000,1,300,300,116.73,52.38,0,2741,300/300/300/300/300/300
1700000106.450000,1,300,300,117.03,54.70,0,2741,300/300/300/300/300/300
1700000106.500000,1,300,300,117.33,248.25,1,2801,300/300/300/300/300/300
1700000106.550000,1,300,300,117.59,56.21,0,2801,300/300/300/300/300/300
1700000106.600000,1,300,300,117.75,50.68,0,2801,300/300/300/300/300/300
1700000106.650000,1,300,300,117.94,198.81,1,2815,300/300/300/300/300/300
1700000106.700000,1,300,300,118.11,58.88,0,2815,300/300/300/300/300/300
1700000106.750000,1,300,300,118.20,56.98,0,2815,300/300/300/300/300/300
1700000106.800000,1,300,300,118.27,293.89,1,2821,300/300/300/300/300/300
1700000106.850000,1,300,300,118.30,52.67,0,2821,300/300/300/300/300/300
1700000106.900000,1,300,300,118.36,55.98,0,2821,300/300/300/300/300/300
1700000106.950000,1,300,300,118.37,303.53,1,2818,300/300/300/300/300/300
1700000107.000000,1,300,300,118.35,52.37,0,2818,300/300/300/300/300/300
1700000107.050000,1,300,300,118.35,55.63,0,2818,300/300/300/300/300/300
1700000107.100000,1,300,300,118.37,275.52,1,2825,300/300/300/300/300/300
1700000107.150000,1,300,300,118.38,53.72,0,2825,300/300/300/300/300/300
1700000107.200000,1,300,300,118.32,57.72,0,2825,300/300/300/300/300/300
1700000107.250000,1,300,300,118.23,308.35,1,2814,300/300/300/300/300/300
1700000107.300000,1,300,300,118.24,51.81,0,2814,300/300/300/300/300/300
1700000107.350000,1,300,300,118.15,53.71,0,2814,300/300/300/300/300/300
1700000107.400000,1,300,300,118.16,262.68,1,2821,300/300/300/300/300/300
1700000107.450000,1,300,300,118.13,55.97,0,2821,300/300/300/300/300/300
1700000107.500000,1,300,300,118.13,55.20,0,2821,300/300/300/300/300/300
1700000107.550000,1,300,300,118.15,236.82,1,2807,300/300/300/300/300/300
1700000107.600000,1,300,300,118.15,57.73,0,2807,300/300/300/300/300/300
1700000107.650000,1,300,300,118.11,58.17,0,2807,300/300/300/300/300/300
1700000107.700000,1,300,300,118.12,278.19,1,2830,300/300/300/300/300/300
1700000107.750000,1,300,300,118.11,52.19,0,2830,300/300/300/300/300/300
1700000107.800000,1,300,300,118.08,54.46,0,2830,300/300/300/300/300/300
1700000107.850000,1,300,300,118.03,323.17,1,2812,300/300/300/300/300/300
1700000107.900000,1,300,300,118.03,54.97,0,2812,300/300/300/300/300/300
1700000107.950000,1,300,300,118.03,54.38,0,2812,300/300/300/300/300/300
1700000108.000000,1,300,300,118.05,326.49,1,2782,300/300/300/300/300/300
1700000108.050000,1,300,300,118.09,55.98,0,2782,300/300/300/300/300/300
1700000108.100000,1,300,300,118.12,55.64,0,2782,300/300/300/300/300/300
1700000108.150000,1,300,300,118.16,306.05,1,2760,300/300/300/300/300/300
1700000108.200000,1,300,300,118.19,55.16,0,2760,300/300/300/300/300/300
1700000108.250000,1,300,300,118.22,55.59,0,2760,300/300/300/300/300/300
1700000108.300000,1,300,300,118.22,336.36,1,2753,300/300/300/300/300/300
1700000108.350000,1,300,300,118.25,57.84,0,2753,300/300/300/300/300/300
1700000108.400000,1,300,300,118.25,54.50,0,2753,300/300/300/300/300/300
1700000108.450000,1,300,300,118.25,310.99,1,2727,300/300/300/300/300/300
1700000108.500000,1,300,300,118.24,57.19,0,2727,300/300/300/300/300/300
1700000108.550000,1,300,300,118.26,54.82,0,2727,300/300/300/300/300/300
1700000108.600000,1,300,300,118.26,312.33,1,2689,300/300/300/300/300/300
1700000108.650000,1,300,300,118.20,54.85,0,2689,300/300/300/300/300/300
1700000108.700000,1,300,300,118.19,53.95,0,2689,300/300/300/300/300/300
1700000108.750000,1,300,300,118.12,322.60,1,2678,300/300/300/300/300/300
1700000108.800000,1,300,300,118.04,53.98,0,2678,300/300/300/300/300/300
1700000108.850000,1,300,300,117.99,55.41,0,2678,300/300/300/300/300/300
1700000108.900000,1,300,300,117.94,323.28,1,2637,300/300/300/300/300/300
1700000108.950000,1,300,300,117.87,54.22,0,2637,300/300/300/300/300/300
1700000109.000000,1,300,300,117.87,53.06,0,2637,300/300/300/300/300/300
1700000109.050000,1,300,300,117.91,310.91,1,2609,300/300/300/300/300/300
1700000109.100000,1,300,300,117.93,54.94,0,2609,300/300/300/300/300/300
1700000109.150000,1,300,300,117.98,53.80,0,2609,300/300/300/300/300/300
1700000109.200000,1,300,300,117.92,314.94,1,2551,300/300/300/300/300/300
1700000109.250000,1,300,300,117.83,55.56,0,2551,300/300/300/300/300/300
1700000109.300000,1,300,300,117.81,55.16,0,2551,300/300/300/300/300/300
1700000109.350000,1,300,300,117.79,295.37,1,2524,300/300/300/300/300/300
1700000109.400000,1,300,300,117.73,55.65,0,2524,300/300/300/300/300/300
1700000109.450000,1,300,300,117.67,56.77,0,2524,300/300/300/300/300/300
1700000109.500000,1,300,300,117.61,325.18,1,2506,300/300/300/300/300/300
1700000109.550000,1,300,300,117.48,56.40,0,2506,300/300/300/300/300/300
1700000109.600000,1,300,300,117.38,59.05,0,2506,300/300/300/300/300/300
1700000109.650000,1,300,300,117.25,282.88,1,2488,300/300/300/300/300/300
1700000109.700000,1,300,300,117.09,59.86,0,2488,300/300/300/300/300/300
1700000109.750000,1,300,300,116.87,56.80,0,2488,300/300/300/300/300/300
1700000109.800000,1,300,300,116.62,195.56,1,2425,300/300/300/300/300/300
1700000109.850000,1,300,300,116.43,57.24,0,2425,300/300/300/300/300/300
1700000109.900000,1,300,300,116.23,56.29,0,2425,300/300/300/300/300/300
1700000109.950000,1,300,300,116.03,222.87,1,2373,300/300/300/300/300/300
