ply
format ascii 1.0
element vertex 20043
property float x
property float y
property float z
property uchar red
property uchar green
property uchar blue
end_header
14.8412 11.1006 -3.0895 80 200 120
8.3181 6.3371 -3.4607 80 200 120
4.5365 6.2457 0.2397 80 200 120
9.8617 9.0669 -4.0055 80 200 120
6.9115 3.8962 -1.7496 80 200 120
3.9322 4.1736 -1.5820 80 200 120
5.2226 3.3275 -2.4037 80 200 120
6.7369 2.2429 -2.9629 80 200 120
5.5173 5.4385 0.1699 80 200 120
7.7767 6.2282 -0.5408 80 200 120
6.1805 4.2622 0.2598 80 200 120
6.0147 6.7165 -1.7220 80 200 120
3.8378 7.1910 -0.3475 80 200 120
1.8418 0.0845 0.2661 80 200 120
6.5167 7.7911 -1.2625 80 200 120
4.9956 -1.7381 -1.3315 80 200 120
5.8209 3.0696 0.3139 80 200 120
4.6285 0.2797 -0.5337 80 200 120
8.1768 4.0301 -1.2628 80 200 120
3.4251 0.0477 0.0856 80 200 120
7.6420 3.1801 -2.9843 80 200 120
3.2355 0.7098 0.1355 80 200 120
5.0577 4.0666 0.2338 80 200 120
5.5376 6.4104 0.0250 80 200 120
5.1913 -1.4636 -0.7103 80 200 120
5.6325 -0.6675 -1.5249 80 200 120
7.1493 2.9619 -0.0111 80 200 120
5.6842 1.3996 -1.6525 80 200 120
8.0090 4.5366 -0.7912 80 200 120
4.8552 -2.1277 -1.4299 80 200 120
5.1244 -0.7680 -2.0746 80 200 120
3.9005 -2.9565 0.3231 80 200 120
14.2834 13.3472 -2.4580 80 200 120
5.2148 -0.3773 -0.1326 80 200 120
7.8843 3.1113 -1.0629 80 200 120
5.2534 -1.3593 -1.2742 80 200 120
15.9680 -19.0686 -8.5412 80 200 120
1.9187 -1.8079 0.3675 80 200 120
4.3189 -1.2540 0.2962 80 200 120
5.4244 -1.1590 -0.3435 80 200 120
6.7659 1.8261 -1.1378 80 200 120
4.3396 -0.7668 0.2519 80 200 120
4.6133 -0.0762 -0.3977 80 200 120
5.6728 -0.2758 -1.5167 80 200 120
4.4604 -2.9182 -1.3578 80 200 120
4.5979 -2.5278 -1.9766 80 200 120
4.6246 -2.7627 -0.7708 80 200 120
6.0863 1.7036 -0.0440 80 200 120
3.2978 4.0637 0.4962 80 200 120
4.2334 -3.3407 -1.0511 80 200 120
4.9993 -2.1042 -0.8673 80 200 120
4.9065 -0.7294 0.0312 80 200 120
1.0960 0.7848 0.3103 80 200 120
4.9898 -2.0338 -1.9643 80 200 120
4.7287 0.3146 -0.1661 80 200 120
6.1794 -0.8913 -0.6015 80 200 120
6.5608 3.4950 -3.1558 80 200 120
6.4683 2.2329 -1.5067 80 200 120
3.4242 -2.9748 0.3597 80 200 120
4.8971 -2.1165 0.0370 80 200 120
4.0845 -3.2806 -0.0759 80 200 120
5.9696 -0.4470 -0.9971 80 200 120
1.6153 0.2302 0.2595 80 200 120
1.7669 -0.3462 0.3021 80 200 120
1.7877 0.4311 0.2863 80 200 120
2.4936 -2.2062 -0.4184 80 200 120
7.1986 4.6978 -1.4175 80 200 120
8.1979 8.4952 -0.7150 80 200 120
5.4844 -0.9875 -1.6502 80 200 120
4.8027 -0.0472 -1.7826 80 200 120
5.2609 -1.0414 -0.8995 80 200 120
3.4767 0.2183 -0.7434 80 200 120
5.2871 -1.1859 -2.3343 80 200 120
4.5053 -2.9883 -0.2221 80 200 120
5.0704 -1.6913 -0.2922 80 200 120
4.6168 -0.2734 -1.8982 80 200 120
4.9560 -1.2662 -1.7301 80 200 120
5.1736 -1.7848 -2.4243 80 200 120
4.7110 7.3767 -0.1397 80 200 120
7.9611 10.1741 -0.6544 80 200 120
3.4461 6.4426 -1.1850 80 200 120
0.8184 0.8055 0.3184 80 200 120
2.6207 5.2338 0.1508 80 200 120
5.2617 2.7830 -1.8054 80 200 120
2.1871 0.4157 -0.5564 80 200 120
6.7553 6.2973 -1.9151 80 200 120
9.2839 12.7316 -2.3072 80 200 120
15.5559 25.3046 -5.5039 80 200 120
3.2818 7.1262 -0.8758 80 200 120
5.5992 -0.4611 -3.0490 80 200 120
4.9331 12.5597 0.2917 80 200 120
70.6390 164.9410 -7.5781 80 200 120
8.2625 2.0244 -3.7605 80 200 120
3.4207 0.8656 -2.1018 80 200 120
4.8595 2.1000 0.4312 80 200 120
1.7016 5.7130 0.1924 80 200 120
5.8111 -3.5924 -3.1483 80 200 120
3.9418 0.1370 -2.0833 80 200 120
10.7865 3.6084 -3.4434 80 200 120
5.9062 2.6265 -1.6814 80 200 120
4.8092 1.6008 0.3454 80 200 120
4.5756 7.0004 -0.7226 80 200 120
5.6409 3.5722 -3.3001 80 200 120
3.5716 -2.5738 -1.7802 80 200 120
2.9809 -3.0229 0.2289 80 200 120
2.7825 -2.6840 -0.1898 80 200 120
5.7071 -2.8540 -2.9537 80 200 120
2.9802 -2.6518 -1.2625 80 200 120
1.7431 8.2142 0.1862 80 200 120
2.6381 8.9055 -1.7425 80 200 120
0.5933 5.0492 0.3037 80 200 120
0.0210 4.8153 -1.1868 80 200 120
-0.3911 3.8168 -1.0636 80 200 120
-0.6427 3.1887 0.2847 80 200 120
0.1870 4.8206 0.2364 80 200 120
2.3612 9.0639 -0.7753 80 200 120
-1.6798 0.9726 0.2533 80 200 120
-0.5864 3.4320 -0.3293 80 200 120
3.1007 8.5968 -1.5211 80 200 120
-0.8387 2.9666 -0.0009 80 200 120
-1.7109 0.7607 0.2577 80 200 120
-1.4204 1.7177 -0.4437 80 200 120
-1.8957 0.4755 0.2497 80 200 120
-1.3437 1.7044 0.2563 80 200 120
-1.5557 1.4277 -0.2634 80 200 120
-0.3433 3.7203 0.2303 80 200 120
-0.5438 3.6108 -0.6931 80 200 120
-0.8058 3.1584 -0.5187 80 200 120
-1.1437 2.3640 -1.5508 80 200 120
-1.2716 1.9816 -0.7813 80 200 120
-1.4708 1.4303 0.2787 80 200 120
-1.4650 1.6136 -0.1454 80 200 120
-1.2043 2.1484 -0.7180 80 200 120
-1.3913 1.6947 -0.7358 80 200 120
-1.1013 2.5450 -1.0811 80 200 120
-1.4090 1.7431 0.0644 80 200 120
-1.5600 1.3759 -0.0543 80 200 120
-0.3282 4.0511 -0.1371 80 200 120
-1.6260 1.2285 0.0032 80 200 120
-0.5944 3.4342 -0.0551 80 200 120
-1.8097 0.9018 -0.0553 80 200 120
-1.3358 1.9058 0.1336 80 200 120
-0.9064 2.4663 0.2462 80 200 120
-1.5692 1.3208 0.1966 80 200 120
-1.6953 1.0801 0.0388 80 200 120
-1.5679 1.3523 -0.4263 80 200 120
-1.1951 1.8973 0.2600 80 200 120
-1.3241 1.9677 -0.5167 80 200 120
-1.2821 2.0756 -0.2580 80 200 120
-1.6277 1.2774 -0.1791 80 200 120
-1.1152 2.4042 -0.4546 80 200 120
-0.9901 2.5610 -0.4740 80 200 120
-1.0136 2.5432 -0.0009 80 200 120
-1.4362 1.2445 -0.6036 80 200 120
-0.8627 2.9020 -0.8440 80 200 120
-1.2998 1.0762 0.2871 80 200 120
-1.6117 1.1657 0.2996 80 200 120
-0.9630 2.6391 -1.0145 80 200 120
-1.3679 1.8774 -0.1526 80 200 120
-0.9745 2.0419 0.3281 80 200 120
-1.4835 1.5963 -0.6620 80 200 120
-1.5288 1.5033 -0.7839 80 200 120
-1.1331 2.3095 -0.1045 80 200 120
-1.6711 1.0487 -0.4704 80 200 120
-0.0732 5.3911 -0.7681 80 200 120
-0.9133 2.8266 -0.2316 80 200 120
-1.2206 2.1006 -0.0670 80 200 120
-1.0350 2.4180 -0.6620 80 200 120
-1.8444 0.6773 0.0257 80 200 120
-1.1581 2.3708 0.1129 80 200 120
-1.9229 0.6369 0.2601 80 200 120
0.2228 5.4370 -0.4595 80 200 120
-0.9557 2.8232 -1.6750 80 200 120
0.6235 6.1282 -0.8182 80 200 120
-0.7505 2.9500 -1.1115 80 200 120
-0.5744 3.6611 -1.3267 80 200 120
-0.7457 2.2437 0.2982 80 200 120
-0.2603 2.7251 0.3462 80 200 120
-1.7856 0.9838 0.1200 80 200 120
-1.3877 1.9090 -0.8904 80 200 120
-1.3406 1.7709 -0.5893 80 200 120
-1.8037 0.7856 0.0883 80 200 120
-1.3814 1.8859 -1.1000 80 200 120
-1.0254 2.3788 -1.3217 80 200 120
-1.6478 1.5803 -1.0425 80 200 120
-0.8801 2.7732 -1.3640 80 200 120
0.0654 7.2659 -2.4936 80 200 120
3.1100 6.2936 0.3151 80 200 120
3.3143 8.2280 -0.1911 80 200 120
2.0366 7.1839 0.2747 80 200 120
-1.8478 1.0116 -0.6091 80 200 120
-1.8088 0.8314 -0.4398 80 200 120
-0.6435 3.2936 -0.8732 80 200 120
-1.6828 0.5767 -0.4626 80 200 120
-1.8707 0.6876 -0.3721 80 200 120
2.3666 10.7725 -2.2715 80 200 120
-1.5718 1.3265 -0.8375 80 200 120
-1.2340 0.2794 0.2861 80 200 120
-1.9295 0.2579 0.2607 80 200 120
-1.8193 0.8008 -0.1969 80 200 120
-1.5032 1.6218 -1.1977 80 200 120
3.6442 7.7925 -1.7970 80 200 120
2.6080 7.9226 -2.7324 80 200 120
3.2541 9.1222 -2.5138 80 200 120
4.3069 6.5578 -0.4421 80 200 120
4.3796 5.5699 0.1374 80 200 120
3.8418 8.2851 -0.9864 80 200 120
-1.9916 0.4172 -0.4683 80 200 120
4.1454 7.6937 -0.3112 80 200 120
4.9410 6.4535 -0.5583 80 200 120
1.8864 11.1683 -0.4895 80 200 120
4.5259 8.3431 -1.4927 80 200 120
-2.6676 0.7371 -0.2342 80 200 120
0.3733 5.5633 -2.1104 80 200 120
-1.6796 1.2582 -0.6975 80 200 120
-1.7428 1.2587 -0.5274 80 200 120
1.8396 8.8624 -2.6299 80 200 120
-2.2927 -0.1732 -0.0011 80 200 120
-1.8473 -0.6916 0.0177 80 200 120
-1.3497 -0.8480 0.2704 80 200 120
-1.9799 -0.0014 -0.3830 80 200 120
-1.2105 -1.0784 0.3104 80 200 120
0.9458 -1.9948 0.3057 80 200 120
-1.5723 -0.7936 -0.0918 80 200 120
-0.9089 -1.3316 0.3546 80 200 120
-1.7063 -0.9107 0.3038 80 200 120
-2.1959 -0.6573 0.0797 80 200 120
-0.3869 -1.4657 0.3255 80 200 120
-1.8793 -0.8818 0.1820 80 200 120
0.2992 -1.7343 0.2981 80 200 120
0.4687 -1.7980 0.2949 80 200 120
-1.7310 -0.7230 0.3047 80 200 120
0.1275 -1.6525 0.3076 80 200 120
0.5470 -1.5890 0.3091 80 200 120
-1.4271 -0.9184 -0.0222 80 200 120
-0.1488 -1.3196 0.3140 80 200 120
0.0081 -1.6419 0.2522 80 200 120
-0.9344 -1.2755 0.1497 80 200 120
-2.0468 0.1468 0.2310 80 200 120
-1.1088 -1.1633 0.1747 80 200 120
-1.4773 -1.1641 0.2359 80 200 120
-1.5910 -1.0364 -0.2752 80 200 120
-2.1273 -0.5509 -0.2792 80 200 120
-1.0063 -0.7432 0.2691 80 200 120
-1.3955 -0.9015 0.1430 80 200 120
-0.5134 -1.4609 0.1838 80 200 120
0.4677 -1.8983 -0.0437 80 200 120
-0.9860 -1.3068 0.0464 80 200 120
-0.9067 -0.8082 0.3205 80 200 120
-2.3850 -0.5102 0.2680 80 200 120
-2.3252 -0.4246 0.0378 80 200 120
-2.0602 -0.6458 0.2968 80 200 120
-2.3589 -0.1924 0.2644 80 200 120
-1.9262 -0.0826 0.2943 80 200 120
-1.1611 -0.4349 0.2859 80 200 120
0.2230 -1.6292 -0.0249 80 200 120
-2.3699 -0.0876 0.1160 80 200 120
-2.1021 -0.4823 -0.1245 80 200 120
-1.1409 -1.2060 -0.3455 80 200 120
0.1983 -1.7992 0.1760 80 200 120
-1.7221 -0.7469 -0.0078 80 200 120
0.1782 -0.9708 0.3121 80 200 120
-1.2246 -0.2381 0.2535 80 200 120
-0.4287 -0.8200 0.2644 80 200 120
-1.1056 -0.5657 0.2959 80 200 120
-0.8826 -0.9252 0.2696 80 200 120
-2.5728 -0.3127 0.1793 80 200 120
-2.3465 -0.1883 -0.1642 80 200 120
-1.3405 -0.9828 -0.2322 80 200 120
-0.8972 -1.2640 -0.2380 80 200 120
-1.8448 -0.7403 -0.1416 80 200 120
-1.7222 -0.2953 0.2654 80 200 120
0.6850 -2.0207 -0.0184 80 200 120
-0.9614 -1.2728 -0.3099 80 200 120
-2.0927 -0.7952 0.2355 80 200 120
-2.1521 0.3341 0.1973 80 200 120
1.2492 -2.1637 0.0594 80 200 120
-0.3718 -1.3544 0.0992 80 200 120
0.4990 -1.9189 0.1549 80 200 120
-1.4774 -0.1383 0.2969 80 200 120
-1.9287 0.4861 0.2510 80 200 120
-1.5826 0.1159 0.2909 80 200 120
-1.4922 -0.9450 -0.4749 80 200 120
-0.9666 -1.2533 0.2487 80 200 120
-0.1076 -1.6350 -0.0848 80 200 120
-1.6683 0.5153 0.2902 80 200 120
0.1939 -1.7451 -0.2754 80 200 120
-0.7306 -1.4709 -0.7238 80 200 120
-1.4311 -0.3784 0.2888 80 200 120
-2.1748 0.1507 -0.1207 80 200 120
-1.8071 -0.7959 -0.4522 80 200 120
-1.1915 0.1252 0.2790 80 200 120
-0.5339 -0.9308 0.2671 80 200 120
-2.3301 -0.4589 -0.4539 80 200 120
-2.1777 -0.4085 -0.2430 80 200 120
-1.7293 0.7776 0.2664 80 200 120
-0.3711 -0.7378 0.2846 80 200 120
-1.8410 0.2721 -0.0457 80 200 120
-2.3237 -0.0332 -0.2530 80 200 120
1.6316 -2.1669 0.2434 80 200 120
1.3926 -2.2721 0.2998 80 200 120
-1.9466 -0.0984 -0.4263 80 200 120
0.0265 -0.7978 0.2901 80 200 120
-1.7536 0.3590 0.0436 80 200 120
1.1622 -1.3796 0.3355 80 200 120
-0.6759 -1.4395 -0.3226 80 200 120
1.8498 -0.7465 -2.9880 80 200 120
2.0803 0.0108 -2.7689 80 200 120
-0.1669 0.0915 -2.4786 80 200 120
4.7559 -0.4396 -2.5913 80 200 120
3.7405 1.5861 -2.3245 80 200 120
1.9694 0.4742 -2.2618 80 200 120
3.1727 -0.0353 -1.9877 80 200 120
2.6915 2.4079 -3.1086 80 200 120
6.0900 2.8177 -3.0519 80 200 120
5.1527 -0.2664 -2.0917 80 200 120
-2.4422 -0.4836 -3.0457 80 200 120
1.9468 -0.7962 -1.9047 80 200 120
-0.7599 0.4127 -2.5527 80 200 120
2.6965 0.0756 -2.7994 80 200 120
2.2573 0.6064 -1.6729 80 200 120
4.9767 0.3161 -2.0576 80 200 120
-0.3558 0.1893 -2.4920 80 200 120
3.2221 1.4603 -2.4749 80 200 120
2.5794 -2.8231 -2.9331 80 200 120
1.9324 0.4491 -3.1418 80 200 120
3.5687 3.5993 -3.6035 80 200 120
2.0878 -0.5400 -1.8486 80 200 120
5.1403 -0.9376 -2.8994 80 200 120
6.3718 -1.6583 -3.4516 80 200 120
17.9365 12.0129 -5.6244 80 200 120
1.4279 -1.7967 -0.4423 80 200 120
6.9624 0.4075 -2.8184 80 200 120
4.4473 -2.3908 0.2866 80 200 120
12.4092 8.5235 -1.0010 80 200 120
3.7967 1.3386 -2.1677 80 200 120
1.6229 -2.3909 -0.4274 80 200 120
1.2353 -1.7652 -0.5681 80 200 120
3.5116 -3.2400 -0.9665 80 200 120
-1.9918 -0.3787 0.1820 80 200 120
-0.1511 4.4145 -2.0988 80 200 120
1.2474 7.5759 -2.7805 80 200 120
5.2870 5.1755 0.1271 80 200 120
3.5209 5.6671 0.1974 80 200 120
-1.7516 1.0967 -0.7121 80 200 120
4.1798 3.5487 0.2838 80 200 120
-1.7220 1.0160 -0.3093 80 200 120
-1.1599 0.7038 0.3360 80 200 120
-1.2674 -0.6716 -0.2680 80 200 120
-1.0948 -1.2268 -0.6486 80 200 120
0.1998 -0.6967 0.3157 80 200 120
-0.2343 -1.6907 -0.4933 80 200 120
-1.8155 -0.9559 -0.5911 80 200 120
-2.2398 0.1912 0.0068 80 200 120
3.5389 -0.3633 -2.3007 80 200 120
2.6337 1.9607 -2.7725 80 200 120
1.8918 -2.5274 -2.9567 80 200 120
3.5099 -3.1262 -2.6729 80 200 120
2.4743 -0.6170 -1.8519 80 200 120
0.0210 0.4357 -2.7618 80 200 120
2.0710 -0.9402 -1.8147 80 200 120
3.6346 -1.4898 -2.3386 80 200 120
4.2084 -2.3853 -2.8693 80 200 120
-0.6828 -1.3190 -2.9409 80 200 120
4.6459 -1.1612 -2.5789 80 200 120
-0.3998 -1.4179 -3.0372 80 200 120
2.1291 1.4411 -3.0524 80 200 120
2.1722 -0.3169 -1.8381 80 200 120
0.0744 0.6670 -2.7247 80 200 120
2.8798 -2.5458 -3.0175 80 200 120
1.9313 -0.7388 -2.4475 80 200 120
2.0189 -0.4952 -2.1222 80 200 120
-0.0856 1.0035 -2.5051 80 200 120
3.1806 1.3105 -2.9716 80 200 120
-0.1889 0.2956 -2.4315 80 200 120
-0.2427 0.5813 -2.4395 80 200 120
-1.4189 -0.9883 -3.0763 80 200 120
1.5731 -0.2654 -2.3908 80 200 120
2.0690 0.4944 -2.5983 80 200 120
-0.2721 1.2578 -2.7902 80 200 120
0.7199 -1.9599 -3.1038 80 200 120
2.1949 1.8427 -2.9581 80 200 120
2.2398 0.5641 -2.2120 80 200 120
-0.6077 0.6168 -2.4693 80 200 120
1.3346 1.0126 -3.0896 80 200 120
1.8531 0.1670 -2.9905 80 200 120
0.8567 -0.2347 -3.0084 80 200 120
3.1283 1.8886 -3.0502 80 200 120
4.7722 -1.6622 -1.2866 80 200 120
-2.0887 -0.7540 -3.1095 80 200 120
1.1580 -2.1271 -3.0456 80 200 120
0.7803 -0.7410 -3.0346 80 200 120
2.3011 -1.4931 -2.3106 80 200 120
4.4131 -3.1525 -2.1777 80 200 120
2.0521 -0.3761 -2.5677 80 200 120
2.5886 1.0538 -3.0554 80 200 120
0.5679 -0.1357 -3.0725 80 200 120
-0.2838 -0.4150 -3.0470 80 200 120
-0.3647 0.4095 -2.3969 80 200 120
1.6462 -0.1507 -2.9958 80 200 120
1.6304 1.3592 -2.9926 80 200 120
-2.1035 0.3151 -3.2465 80 200 120
-1.2752 0.3160 -3.1218 80 200 120
0.1326 0.2578 -3.0045 80 200 120
0.0462 -0.4523 -3.0888 80 200 120
0.5613 -0.9078 -3.0266 80 200 120
2.3177 -1.8536 -2.9646 80 200 120
2.6230 3.1027 -3.2163 80 200 120
4.3288 -2.7406 -2.5993 80 200 120
0.4877 0.1979 -3.0277 80 200 120
5.0387 -1.4183 -0.6809 80 200 120
1.8940 0.6789 -2.8798 80 200 120
1.0907 1.7058 -3.0336 80 200 120
3.4942 0.1559 -0.5368 80 200 120
1.0746 0.5446 -3.0883 80 200 120
1.3604 -0.1001 -3.0327 80 200 120
-1.6443 -0.8061 -2.9219 80 200 120
1.2434 1.9572 -2.8072 80 200 120
5.1937 -0.9787 -1.7633 80 200 120
0.5016 0.8790 -2.9970 80 200 120
3.2376 -2.4225 -2.6910 80 200 120
-0.2258 0.7781 -2.3796 80 200 120
5.3675 -0.6331 -1.4517 80 200 120
0.3332 -0.3645 -3.0452 80 200 120
4.3330 -2.8349 -0.1877 80 200 120
4.3513 1.1447 -1.3365 80 200 120
1.1416 1.2567 -3.1209 80 200 120
1.8561 -1.3234 -2.9974 80 200 120
4.6026 -2.4169 -1.8915 80 200 120
-1.5468 0.1349 -3.0115 80 200 120
0.2725 1.5726 -3.0323 80 200 120
0.7433 1.6063 -2.9379 80 200 120
1.9570 1.0873 -3.0955 80 200 120
1.2419 -0.6885 -3.0322 80 200 120
0.2418 -0.0067 -3.0786 80 200 120
-2.2340 0.0278 -3.1394 80 200 120
0.8997 -1.6925 -3.0531 80 200 120
0.6336 1.1989 -3.0695 80 200 120
3.9798 -3.4742 -1.6141 80 200 120
4.6548 -2.0357 -1.4217 80 200 120
-0.0072 1.6324 -2.9471 80 200 120
1.8431 1.7992 -2.9819 80 200 120
1.9137 -1.1130 -2.4708 80 200 120
0.2579 0.5206 -3.0456 80 200 120
3.8762 -3.2598 -0.9006 80 200 120
-1.6843 -0.2077 -3.0038 80 200 120
0.5670 0.5479 -3.0414 80 200 120
2.1990 3.0380 -3.4617 80 200 120
-1.0459 -1.1815 -3.0913 80 200 120
1.8808 -1.8112 -3.0251 80 200 120
2.2174 0.1504 -1.3927 80 200 120
0.3057 -0.6391 -3.0327 80 200 120
0.8826 3.1043 -3.5094 80 200 120
2.4280 -2.4175 -3.0540 80 200 120
-0.6075 0.2842 -2.6230 80 200 120
2.8617 -2.5603 0.2279 80 200 120
3.1016 2.1704 -2.7157 80 200 120
1.7229 -0.7940 -3.2641 80 200 120
-0.5231 0.8077 -2.4997 80 200 120
1.7868 3.3417 -3.5352 80 200 120
3.3691 -1.9371 0.1970 80 200 120
-1.8960 0.8939 -3.1731 80 200 120
3.0576 -2.3103 0.2562 80 200 120
-2.2572 2.3917 -4.6748 80 200 120
-2.2334 -0.2292 -2.9456 80 200 120
-1.1340 1.6077 -2.7136 80 200 120
2.4057 0.0006 -1.9171 80 200 120
-1.9171 1.3207 -3.5958 80 200 120
3.8284 2.1484 -3.1068 80 200 120
7.8684 3.1667 -2.1094 80 200 120
1.9416 -0.8775 -2.2131 80 200 120
4.5306 1.9512 -1.6764 80 200 120
0.2772 0.9997 -2.7674 80 200 120
5.0610 1.8843 -2.4152 80 200 120
0.4391 -1.8527 -3.1053 80 200 120
4.9287 0.3633 -0.1317 80 200 120
0.9605 2.4280 -3.0646 80 200 120
2.9358 -1.4122 0.2012 80 200 120
8.8978 2.3056 -4.0034 80 200 120
6.0589 4.3237 -3.5809 80 200 120
0.0362 -1.3147 -3.0394 80 200 120
-2.0173 0.5509 -3.1485 80 200 120
0.4357 2.7912 -3.2028 80 200 120
4.5258 -0.3825 -0.1292 80 200 120
-1.8006 -0.5856 -3.1334 80 200 120
4.7686 2.8573 -2.7958 80 200 120
5.0209 4.2877 -4.5214 80 200 120
0.1288 0.7354 -2.7011 80 200 120
-0.0960 4.1182 -2.8172 80 200 120
-2.4776 -0.4672 -3.0263 80 200 120
-0.7663 0.4139 -2.5154 80 200 120
1.2702 0.2814 -2.2854 80 200 120
0.2313 4.5124 -2.6236 80 200 120
0.0144 0.4632 -2.7581 80 200 120
-0.3976 3.7731 -3.0681 80 200 120
-1.2887 1.9369 -3.0021 80 200 120
-0.0997 0.9917 -2.5145 80 200 120
0.7013 -2.0431 -3.2071 80 200 120
0.7072 2.6287 -3.0473 80 200 120
-1.7974 0.8113 -2.9627 80 200 120
-0.4417 -1.4283 -3.0596 80 200 120
0.1149 3.3648 -3.1205 80 200 120
-0.3020 1.1318 -2.5160 80 200 120
-0.7518 2.9174 -2.8823 80 200 120
-0.8228 0.5187 -4.7586 80 200 120
-0.1995 0.2892 -2.4438 80 200 120
-0.2702 0.5720 -2.4181 80 200 120
0.8411 -0.2541 -3.0353 80 200 120
0.9197 2.4349 -3.0649 80 200 120
-1.4934 1.5458 -2.9375 80 200 120
0.2093 1.0737 -2.7863 80 200 120
-1.2014 2.2786 -2.5886 80 200 120
-0.9791 2.5059 -3.0715 80 200 120
-2.3079 -0.1818 -2.9754 80 200 120
-0.2865 0.7790 -2.4229 80 200 120
-1.2990 -1.0461 -3.0125 80 200 120
1.2603 3.2989 -3.0763 80 200 120
-0.1537 -1.6174 -3.0454 80 200 120
-1.6003 1.0818 -3.0178 80 200 120
-2.0495 -0.6974 -3.0153 80 200 120
-0.6199 0.6650 -2.5336 80 200 120
0.3837 3.5622 -2.9303 80 200 120
0.6353 -0.1151 -3.0751 80 200 120
-2.4307 -0.4599 -0.7840 80 200 120
0.5341 -0.9158 -3.0312 80 200 120
-0.8247 3.0074 -2.5313 80 200 120
1.0983 0.6283 -3.0922 80 200 120
-0.2377 2.7532 -3.0938 80 200 120
1.3415 1.2244 -3.0900 80 200 120
-1.4517 1.5874 -1.1543 80 200 120
-1.6414 -0.8630 -3.0238 80 200 120
0.5541 3.5631 -2.5376 80 200 120
-0.9956 2.6910 -2.6543 80 200 120
-1.1537 0.2798 -2.7839 80 200 120
1.4998 -2.7421 -3.6972 80 200 120
0.7666 1.6747 -3.0414 80 200 120
-0.3006 -0.4200 -3.0560 80 200 120
0.0452 3.7208 -2.9776 80 200 120
1.3894 2.8335 -3.0758 80 200 120
-1.9839 0.4561 -1.7357 80 200 120
-0.8034 0.1041 -2.6164 80 200 120
1.0348 1.5215 -3.0701 80 200 120
0.7686 -0.7272 -3.0851 80 200 120
0.3053 0.4910 -3.0574 80 200 120
1.3829 0.0098 -3.1197 80 200 120
-1.3870 1.9737 -1.1447 80 200 120
-1.4408 1.5770 -1.3843 80 200 120
0.2979 -0.6123 -3.0323 80 200 120
0.3163 -1.7882 -3.0562 80 200 120
-1.8501 0.8113 -0.9801 80 200 120
-1.7598 0.9289 -1.1907 80 200 120
-1.5974 0.2608 -2.9962 80 200 120
2.6199 2.0760 -4.3051 80 200 120
0.4629 0.2046 -3.0528 80 200 120
-1.2015 1.3913 -3.0351 80 200 120
-0.5491 0.9113 -2.5846 80 200 120
-2.3141 -0.2069 -1.6398 80 200 120
-0.8526 -1.2768 -3.0508 80 200 120
0.0973 0.2446 -2.8667 80 200 120
0.5027 4.0398 -2.4573 80 200 120
-0.2004 2.2177 -3.0730 80 200 120
-2.1354 0.0999 -2.9657 80 200 120
-1.2390 0.6581 -2.9367 80 200 120
0.0195 -1.3136 -3.0365 80 200 120
1.2106 -0.6858 -3.0565 80 200 120
1.0497 1.0173 -3.0824 80 200 120
0.0182 -0.4540 -3.0665 80 200 120
-1.5576 1.4520 -1.4943 80 200 120
-0.8853 1.7077 -3.0688 80 200 120
0.3515 0.9026 -2.6905 80 200 120
0.2722 -0.0236 -3.0772 80 200 120
1.6628 1.1494 -3.0431 80 200 120
0.6137 2.0768 -3.0747 80 200 120
-1.8468 0.7138 -0.7784 80 200 120
-0.0144 1.7023 -3.0607 80 200 120
-1.5211 -0.1388 -3.0326 80 200 120
-0.5572 -0.9211 -3.0621 80 200 120
-1.3687 1.7992 -1.2844 80 200 120
0.4732 2.9027 -3.0887 80 200 120
-1.2665 -0.3419 -3.0334 80 200 120
-1.1518 -0.7581 -3.0959 80 200 120
0.7261 1.0156 -3.0917 80 200 120
0.6457 0.7507 -3.0312 80 200 120
0.3859 -0.3834 -3.0525 80 200 120
-1.9949 0.4452 -0.9304 80 200 120
-0.1508 -0.1797 -2.9922 80 200 120
4.4420 1.3180 -7.2021 80 200 120
0.6072 1.2808 -3.0792 80 200 120
-0.6710 -0.4673 -3.0229 80 200 120
1.6530 -0.1171 -2.9468 80 200 120
0.2612 1.5873 -3.0659 80 200 120
-2.5407 -0.4990 -0.5297 80 200 120
-2.3092 -0.1693 -2.0956 80 200 120
1.3270 2.3928 -3.2718 80 200 120
-2.3698 -0.1402 -0.0328 80 200 120
1.0019 0.5675 -2.0555 80 200 120
0.4108 2.3461 -3.1219 80 200 120
-0.4019 1.8786 -3.0561 80 200 120
-1.6529 -0.9116 -2.3505 80 200 120
-1.8160 0.0162 -3.0333 80 200 120
1.3807 1.9866 -3.0620 80 200 120
-0.5867 3.6604 -2.7222 80 200 120
-0.1891 0.0747 -2.5794 80 200 120
-0.9042 -0.1706 -2.9546 80 200 120
-2.1078 0.3038 -2.5358 80 200 120
-0.4086 0.2162 -3.7525 80 200 120
0.1663 2.6257 -1.3531 80 200 120
-2.1524 0.5243 -3.3013 80 200 120
2.5601 8.4924 -6.0809 80 200 120
0.5595 3.3422 -2.9980 80 200 120
1.7224 2.7256 -3.2057 80 200 120
0.5851 -1.3171 -3.0379 80 200 120
-1.8216 -0.2439 -3.0312 80 200 120
0.9014 0.0757 -1.7948 80 200 120
0.4046 5.7199 -2.2554 80 200 120
-2.1488 -0.4409 0.2153 80 200 120
-0.3906 3.0485 -0.9077 80 200 120
-0.3794 0.4198 -2.4148 80 200 120
1.0308 1.2086 -2.1196 80 200 120
1.8610 -0.7383 -3.0113 80 200 120
6.2829 4.6872 -1.3536 80 200 120
3.7090 -0.3062 -2.1072 80 200 120
-0.1708 0.1093 -2.5382 80 200 120
2.0271 0.0481 -2.7286 80 200 120
2.3658 0.5765 -1.4592 80 200 120
2.0212 0.4823 -2.3516 80 200 120
3.0966 1.3199 -1.9910 80 200 120
2.7535 0.0587 -1.7645 80 200 120
3.6614 5.4621 -3.0200 80 200 120
3.6950 -0.1830 -1.6120 80 200 120
3.2178 3.0704 -2.0006 80 200 120
2.1781 0.0041 -1.6982 80 200 120
6.5329 2.9114 -3.2906 80 200 120
2.8886 3.9760 -1.8962 80 200 120
1.2357 5.4800 -2.5394 80 200 120
4.1130 5.5813 0.2459 80 200 120
6.4873 5.0161 -2.6922 80 200 120
0.9201 4.2171 -2.5534 80 200 120
1.9236 -0.7759 -1.9142 80 200 120
6.3824 2.6596 -1.7466 80 200 120
0.2168 3.9732 -2.5288 80 200 120
6.1850 3.6061 -1.5979 80 200 120
0.2140 0.8427 -2.9253 80 200 120
-0.7593 0.4205 -2.5059 80 200 120
5.3623 4.9413 -2.3407 80 200 120
4.4101 6.9963 -2.8784 80 200 120
3.3700 2.4938 -2.1545 80 200 120
2.1365 0.5260 -1.5920 80 200 120
1.9773 -0.8394 -2.7615 80 200 120
2.4831 2.2746 -2.9297 80 200 120
0.7481 5.1264 -2.4685 80 200 120
2.4074 -1.1034 -2.0557 80 200 120
3.9118 1.3302 -1.8123 80 200 120
2.4643 -0.6886 -1.8767 80 200 120
1.0967 4.1194 -3.0019 80 200 120
-0.0003 0.4640 -2.8684 80 200 120
2.1109 -0.4898 -1.8604 80 200 120
-0.3869 1.2280 -2.5917 80 200 120
0.3971 3.5803 -2.9975 80 200 120
2.9256 -2.5591 -3.0590 80 200 120
1.6915 7.5617 -2.7296 80 200 120
2.4448 2.1878 -1.8278 80 200 120
7.3143 4.8017 -3.1700 80 200 120
3.8078 -1.4920 -2.4100 80 200 120
4.1986 4.9647 -1.7146 80 200 120
3.2014 3.9759 -2.9723 80 200 120
6.2572 6.2015 0.0965 80 200 120
2.8783 2.1095 -2.2227 80 200 120
4.8303 3.4583 0.2307 80 200 120
3.9804 -1.1637 -2.4067 80 200 120
1.9596 -0.5080 -2.1324 80 200 120
1.8925 0.4381 -3.1476 80 200 120
3.1919 5.7490 -3.1855 80 200 120
2.6910 5.5933 0.1632 80 200 120
3.9860 2.1644 -3.1115 80 200 120
0.6905 2.6770 -3.0544 80 200 120
2.6181 0.0983 -1.2933 80 200 120
3.1307 0.9812 -1.9741 80 200 120
4.8381 2.1406 -2.4940 80 200 120
4.0344 0.9762 -1.9619 80 200 120
3.8394 3.0587 -2.1722 80 200 120
4.5400 -2.3099 -2.3176 80 200 120
5.8999 6.1633 -0.6529 80 200 120
3.7357 5.7897 -1.4844 80 200 120
4.6988 6.4447 -1.1341 80 200 120
-1.2882 0.7291 0.2859 80 200 120
-2.2521 -0.3098 -0.3515 80 200 120
-1.2522 0.2960 0.3079 80 200 120
1.5451 -1.7859 0.2876 80 200 120
-2.3271 -0.4458 -0.7405 80 200 120
-1.8503 0.6085 0.2471 80 200 120
-2.1614 0.0197 -0.4123 80 200 120
0.7911 -2.0589 0.1935 80 200 120
0.0360 -1.6910 -0.2110 80 200 120
-1.7801 -0.6802 -0.6266 80 200 120
-1.8221 -0.6828 -3.1257 80 200 120
-0.4849 3.2852 -0.7540 80 200 120
2.4607 -0.3309 -1.8606 80 200 120
2.6921 8.2491 -3.0376 80 200 120
-0.2170 0.3204 -2.4082 80 200 120
3.0510 6.5189 -3.0440 80 200 120
1.7195 7.8588 0.2497 80 200 120
-1.4587 1.5582 -2.9523 80 200 120
-0.1028 0.9870 -2.5043 80 200 120
2.3411 0.5626 -2.3384 80 200 120
2.7039 2.8363 -2.8453 80 200 120
2.0799 1.4972 -3.0432 80 200 120
-0.3883 3.7130 -2.9872 80 200 120
1.3414 3.3666 -3.0586 80 200 120
0.0370 3.8952 -3.0511 80 200 120
1.9413 -0.8979 -2.3869 80 200 120
2.0868 6.0138 -3.0152 80 200 120
7.2614 2.3576 -1.7541 80 200 120
0.9273 2.4028 -3.0538 80 200 120
3.7937 8.2201 -0.9830 80 200 120
5.6689 6.5402 0.0032 80 200 120
0.5227 -0.8815 -3.0322 80 200 120
-1.2966 1.9500 -3.0270 80 200 120
2.6200 8.9281 -1.7747 80 200 120
2.6295 -0.1926 -1.8312 80 200 120
0.6146 -0.0965 -3.0514 80 200 120
-1.1816 2.2474 -2.5252 80 200 120
0.7621 1.6482 -3.0074 80 200 120
-1.0406 2.3323 -2.9695 80 200 120
-0.4088 3.8689 -1.1058 80 200 120
6.8962 6.2014 -0.6222 80 200 120
1.4919 2.8651 -3.0650 80 200 120
3.0475 1.1991 -3.0510 80 200 120
2.0810 1.8330 -3.0307 80 200 120
-0.2844 0.5725 -2.4133 80 200 120
2.7880 -2.0440 -2.7703 80 200 120
-0.6179 0.6500 -2.4787 80 200 120
4.0937 7.6363 -0.3474 80 200 120
1.9557 0.1780 -2.2819 80 200 120
2.3155 4.4748 -3.0726 80 200 120
3.8444 8.2140 -2.0098 80 200 120
2.0342 -0.3630 -2.5150 80 200 120
-0.2964 0.7819 -2.3976 80 200 120
0.8563 -0.2258 -3.0072 80 200 120
-0.9996 2.8306 -2.8200 80 200 120
1.3168 1.3205 -3.0365 80 200 120
5.2561 6.7312 -0.5725 80 200 120
4.1108 6.7921 -1.6935 80 200 120
3.0921 2.1621 -2.9641 80 200 120
0.7745 -0.7434 -3.0370 80 200 120
-0.7997 3.2237 -2.8544 80 200 120
2.9532 8.0954 -2.1354 80 200 120
4.8667 2.4635 0.1792 80 200 120
1.3293 0.0105 -3.0455 80 200 120
3.7729 7.9523 -2.8250 80 200 120
5.2263 -0.9751 -1.7559 80 200 120
1.9933 0.4882 -2.6638 80 200 120
1.2980 0.9740 -3.0565 80 200 120
5.6816 -2.9959 -2.3428 80 200 120
2.5658 1.0894 -3.0918 80 200 120
2.1662 1.1594 -3.1042 80 200 120
5.8253 3.2850 -2.9297 80 200 120
3.8708 4.7782 -2.8732 80 200 120
2.0527 3.5007 -3.0736 80 200 120
0.3276 0.4955 -3.0593 80 200 120
-0.5140 2.9627 -3.0823 80 200 120
1.7252 8.2141 -1.9450 80 200 120
-0.4317 0.3244 -2.3880 80 200 120
2.8212 0.9457 -2.1097 80 200 120
-0.3558 2.4756 -3.0835 80 200 120
6.1110 1.3306 0.2907 80 200 120
1.7040 -0.1230 -2.9866 80 200 120
-0.0840 2.2275 -3.0409 80 200 120
2.2602 -1.8325 -2.9815 80 200 120
1.0079 1.4911 -3.0054 80 200 120
-0.0219 -0.4778 -3.0313 80 200 120
0.3737 0.1715 -3.0342 80 200 120
1.2854 2.0680 -3.0484 80 200 120
-0.1588 4.4996 -2.1103 80 200 120
2.0397 -0.2062 -1.9027 80 200 120
1.0045 1.0396 -3.0531 80 200 120
1.5844 1.2037 -3.0441 80 200 120
3.8629 5.4795 -1.0602 80 200 120
-1.6076 1.0871 -3.0097 80 200 120
-1.1777 0.2786 -2.8857 80 200 120
1.2126 -0.6581 -3.0487 80 200 120
2.0720 8.3322 -0.6655 80 200 120
0.2269 1.0972 -2.9082 80 200 120
1.8277 0.8352 -3.0489 80 200 120
6.0438 6.5742 -1.6723 80 200 120
0.5893 2.0555 -3.0301 80 200 120
-0.0303 0.6782 -2.5201 80 200 120
1.8736 2.1342 -3.0865 80 200 120
1.0920 0.5432 -3.0644 80 200 120
0.5864 -1.3609 -3.0564 80 200 120
4.8703 -1.4184 -0.7073 80 200 120
0.6079 0.6287 -3.0166 80 200 120
2.7437 1.6727 -2.9958 80 200 120
0.9198 0.3129 -3.0291 80 200 120
3.0491 1.3982 -2.6984 80 200 120
6.2787 2.6393 0.0456 80 200 120
-2.1469 0.2093 -2.6229 80 200 120
4.5106 -0.4476 -1.4208 80 200 120
0.7292 1.0071 -3.0761 80 200 120
-0.3429 -0.4229 -3.0621 80 200 120
0.0262 -1.3353 -3.0646 80 200 120
3.9578 6.2634 -0.2990 80 200 120
0.3338 -0.1378 -3.0207 80 200 120
0.1333 5.1133 -2.0838 80 200 120
-0.3076 4.4971 -2.8264 80 200 120
9.1432 4.5178 -1.4040 80 200 120
1.6397 -0.3760 -3.0372 80 200 120
1.8583 4.7886 -3.0070 80 200 120
3.1105 7.9927 -1.3469 80 200 120
7.3016 4.4448 -0.1298 80 200 120
-1.6083 0.2693 -3.0358 80 200 120
0.0458 2.8189 -3.0744 80 200 120
-1.4846 -0.1436 -3.0451 80 200 120
8.0282 6.0053 -0.5502 80 200 120
4.4213 -0.8854 -2.5496 80 200 120
7.0332 2.9928 -2.6129 80 200 120
-1.8534 0.7869 -3.0251 80 200 120
-1.1734 1.6965 -3.0855 80 200 120
-0.8545 1.8600 -3.0552 80 200 120
-2.0702 0.0166 -2.7933 80 200 120
1.9625 -0.3953 -2.9311 80 200 120
2.6374 -1.6939 -1.8164 80 200 120
3.6766 -3.2653 -2.8260 80 200 120
3.4531 -2.5631 -2.8615 80 200 120
3.0896 -1.5481 -2.1862 80 200 120
3.4475 -3.1957 -3.0715 80 200 120
0.0247 4.8469 -1.2389 80 200 120
0.7171 6.0750 0.1814 80 200 120
3.1199 3.2390 -2.4551 80 200 120
2.6565 -2.8766 -3.0231 80 200 120
0.6846 -1.9447 -3.0362 80 200 120
1.1339 -2.2144 -2.9878 80 200 120
-0.5495 0.2352 -2.1740 80 200 120
2.3306 -2.9896 -3.4295 80 200 120
1.4897 -2.2326 -2.8570 80 200 120
2.3990 6.6715 0.1403 80 200 120
3.6052 0.1519 0.1837 80 200 120
0.9067 -2.0521 -3.0153 80 200 120
-0.1620 -1.6302 -3.1365 80 200 120
7.0935 4.8301 -2.2763 80 200 120
-0.5932 3.3092 -0.3174 80 200 120
4.7742 4.2387 0.1315 80 200 120
1.8050 0.1692 -2.9284 80 200 120
2.3946 -2.4310 -3.1134 80 200 120
-0.1543 3.6127 0.1369 80 200 120
-1.0733 -1.1479 -3.0371 80 200 120
-2.5310 -0.5011 -3.1678 80 200 120
-2.1638 -1.2039 -4.0826 80 200 120
-0.5043 -1.2689 -2.7979 80 200 120
2.9864 0.1699 -1.9849 80 200 120
10.7663 -5.2054 -6.6353 80 200 120
2.0407 5.4713 0.0797 80 200 120
4.1187 -1.7027 -2.6570 80 200 120
3.9901 6.6919 0.1373 80 200 120
2.7516 0.7020 -1.7504 80 200 120
3.9561 -2.3857 -2.7082 80 200 120
3.3202 7.9829 -3.0051 80 200 120
5.4470 9.3050 -2.8079 80 200 120
0.8114 7.4254 -1.8869 80 200 120
-1.9730 0.5803 -0.0590 80 200 120
-2.2284 -0.1631 -0.3647 80 200 120
-2.0497 0.4358 0.0761 80 200 120
-0.9915 -0.1493 0.2300 80 200 120
-1.7170 0.8212 0.2582 80 200 120
0.7035 -1.2587 0.3066 80 200 120
1.2525 -2.3087 -0.2971 80 200 120
1.0048 4.0683 -3.0119 80 200 120
6.2987 3.3277 -3.1029 80 200 120
7.5928 4.5716 -0.1413 80 200 120
3.9448 -0.7262 -2.3194 80 200 120
1.3015 5.6065 -2.5274 80 200 120
0.9637 5.9462 -2.6076 80 200 120
4.7175 3.4638 0.0968 80 200 120
6.7699 7.1260 -0.6622 80 200 120
-1.3023 1.6967 -1.2292 80 200 120
1.0771 2.6233 0.3385 80 200 120
2.3966 2.9088 0.2599 80 200 120
-1.9314 0.6863 0.0121 80 200 120
-1.9884 0.3620 -0.2573 80 200 120
-1.8030 -0.4411 -0.7025 80 200 120
1.8884 -2.2918 0.2167 80 200 120
1.9212 -2.4695 0.0199 80 200 120
1.1916 -1.6080 0.3021 80 200 120
-1.4860 -0.8506 -0.6413 80 200 120
15.4380 3.9402 -6.5960 80 200 120
5.0070 -0.2815 -2.0426 80 200 120
2.3218 0.1185 -1.1467 80 200 120
4.6439 1.2562 -2.6280 80 200 120
6.6517 2.4930 -3.1256 80 200 120
-1.4993 2.2351 -3.6286 80 200 120
-1.2005 1.3871 -3.0225 80 200 120
-0.3685 1.1669 -2.4778 80 200 120
-1.7920 1.1700 -3.2048 80 200 120
1.5369 10.3755 -4.7111 80 200 120
1.5466 -2.8654 -3.8470 80 200 120
1.6909 0.3454 -2.9801 80 200 120
-2.2538 -0.4576 0.2483 80 200 120
6.0703 2.0008 -2.7178 80 200 120
1.7223 -2.5870 -3.2505 80 200 120
-1.9320 -0.7480 -3.0539 80 200 120
3.9607 -2.4648 -2.6086 80 200 120
-2.4319 -0.2539 -3.0889 80 200 120
0.1067 -1.6380 -2.9431 80 200 120
-0.3260 -1.4295 -2.9477 80 200 120
-0.5178 -1.3204 -2.9007 80 200 120
-0.1322 3.3015 -2.9597 80 200 120
-1.9534 0.5541 -3.0140 80 200 120
3.3785 0.7795 0.2249 80 200 120
3.5470 1.8634 -2.3297 80 200 120
16.4356 25.4898 -1.6287 80 200 120
3.6557 1.3462 0.2170 80 200 120
303.6710 485.2892 -102.3920 80 200 120
4.1591 -2.9939 -2.1244 80 200 120
7.9634 11.1577 -1.7707 80 200 120
4.6758 -2.3638 -2.4658 80 200 120
3.2766 -0.2077 0.1164 80 200 120
6.8071 5.9932 -0.6761 80 200 120
5.3870 6.2354 -1.6338 80 200 120
4.1222 4.5431 -1.0399 80 200 120
2.2910 8.3432 -2.8544 80 200 120
4.4935 7.1040 -1.6310 80 200 120
0.6031 6.1065 -2.8772 80 200 120
-2.4439 -0.1300 -0.7007 80 200 120
-1.4252 1.0261 0.3203 80 200 120
-1.9170 -0.7357 -0.7408 80 200 120
1.2506 -2.1740 0.0170 80 200 120
-2.0296 -0.6470 -0.4659 80 200 120
-1.6611 0.9497 0.2391 80 200 120
0.8767 -2.1157 -0.1422 80 200 120
-1.9745 -0.7093 -0.2809 80 200 120
-2.1796 0.0172 -0.0157 80 200 120
-1.7375 -0.7169 -0.5144 80 200 120
-1.5381 0.3704 0.2882 80 200 120
-0.1571 -1.5559 -2.9422 80 200 120
-1.5012 1.3713 -2.9608 80 200 120
4.7844 2.3908 -2.4221 80 200 120
3.1504 -2.9505 -2.9180 80 200 120
1.2650 3.7970 -3.0089 80 200 120
-0.3371 0.2041 -2.4025 80 200 120
4.5910 -0.8012 -1.6179 80 200 120
0.4053 -1.8174 -2.9713 80 200 120
2.2313 0.0783 0.1853 80 200 120
4.9177 8.8325 -1.5194 80 200 120
3.9683 -1.8948 -2.5997 80 200 120
1.6872 0.1744 0.2617 80 200 120
3.3954 5.7606 0.1316 80 200 120
3.8461 -0.6305 -2.5181 80 200 120
3.3026 8.1632 -0.5334 80 200 120
3.8796 -3.4188 -1.6539 80 200 120
2.7972 -1.0360 0.3016 80 200 120
6.3319 4.0123 -2.2136 80 200 120
2.1938 6.2070 -2.8990 80 200 120
0.0544 4.8225 -1.9249 80 200 120
4.8141 30.9529 -3.7708 80 200 120
0.5996 5.5804 -1.9140 80 200 120
-0.3752 4.4093 -2.5485 80 200 120
-2.2757 0.0006 -0.6107 80 200 120
-1.7680 0.7698 0.0751 80 200 120
0.7761 -0.7875 0.2657 80 200 120
-2.2871 -0.4315 -0.7139 80 200 120
1.5880 -0.4905 -2.9957 80 200 120
1.8564 0.0478 -2.0638 80 200 120
-0.0979 0.9887 -2.4621 80 200 120
4.5330 -2.2862 -2.3851 80 200 120
0.9103 0.2832 -2.9778 80 200 120
-2.2888 -0.0438 -2.6906 80 200 120
4.6281 1.8658 -2.3281 80 200 120
-1.0757 1.5190 -2.5914 80 200 120
3.4616 -3.0038 0.2077 80 200 120
-0.5804 0.2355 -2.4177 80 200 120
1.4952 0.1280 -2.6007 80 200 120
1.3474 0.3117 -2.4977 80 200 120
1.5186 -0.4748 -2.9957 80 200 120
0.7350 -1.7446 -3.0700 80 200 120
0.0329 2.7282 -2.9931 80 200 120
3.6355 5.0566 -1.7370 80 200 120
0.4743 3.5148 -2.3808 80 200 120
1.6112 -2.3321 -2.9267 80 200 120
3.0548 -1.1758 -2.0162 80 200 120
7.3118 3.7549 -0.2043 80 200 120
3.3130 3.6848 0.3590 80 200 120
1.2386 5.3405 -2.4347 80 200 120
-1.6583 0.9072 0.0774 80 200 120
-1.8870 -0.7822 -0.9857 80 200 120
-1.9430 0.3503 -0.3990 80 200 120
-1.6351 1.0874 0.1418 80 200 120
-1.6298 -0.8101 -0.4574 80 200 120
-1.6366 -0.8847 -0.3326 80 200 120
1.7200 -1.8204 0.3078 80 200 120
1.1007 -2.1521 0.2667 80 200 120
-1.8341 0.6505 0.0426 80 200 120
1.3322 -2.3080 0.0502 80 200 120
0.2879 -1.6939 -0.3217 80 200 120
0.4878 -1.2233 0.3184 80 200 120
-2.0556 -0.6360 -2.9302 80 200 120
2.2025 -0.1495 -1.9887 80 200 120
0.1058 -1.6696 -2.9486 80 200 120
1.8757 3.7940 -3.0886 80 200 120
1.6552 4.8834 -2.9622 80 200 120
1.7034 1.4753 -3.2029 80 200 120
0.8621 -1.9858 -2.8867 80 200 120
-0.5148 1.0609 -2.5050 80 200 120
-0.5565 2.9447 -3.0433 80 200 120
-2.3882 -0.4309 -2.9594 80 200 120
-0.7152 -1.2249 -2.8426 80 200 120
-2.1458 -0.7036 -3.0978 80 200 120
2.3191 6.2338 0.1679 80 200 120
-0.3257 -1.3995 -2.9317 80 200 120
6.2874 -3.7517 -4.1474 80 200 120
2.8192 0.6796 -1.5426 80 200 120
1.7506 0.2146 -0.4683 80 200 120
4.5935 1.5245 0.3291 80 200 120
0.4415 6.2102 -2.2642 80 200 120
4.6909 4.6195 0.0560 80 200 120
7.0367 6.1277 -0.5396 80 200 120
3.8349 7.8914 -2.7946 80 200 120
-1.7866 0.8621 -0.4372 80 200 120
-2.0525 0.1943 -0.6003 80 200 120
-1.8394 0.8652 -0.1370 80 200 120
-2.0666 -0.5004 -0.8108 80 200 120
2.0733 -2.3468 0.2815 80 200 120
-1.3827 -0.9739 -0.6716 80 200 120
0.1684 -0.9451 0.3123 80 200 120
-2.0460 0.3069 -0.0441 80 200 120
-0.0068 -1.7554 -0.5245 80 200 120
-1.6286 1.0206 -2.9003 80 200 120
1.5962 0.3933 -1.0284 80 200 120
5.1667 1.6784 -2.3255 80 200 120
-1.8034 0.7438 -2.9413 80 200 120
1.4267 -2.3069 -2.9487 80 200 120
-0.7132 -1.2683 -2.9301 80 200 120
2.1682 1.0380 -2.9535 80 200 120
0.0762 0.9629 -2.4168 80 200 120
1.4260 4.8723 -2.6325 80 200 120
0.6613 5.7848 -2.7649 80 200 120
1.6392 0.1359 -2.7649 80 200 120
-0.4233 0.1735 -2.3967 80 200 120
2.5623 -2.8468 -3.0048 80 200 120
4.6200 -2.3451 -0.8641 80 200 120
1.7666 0.8008 -1.2653 80 200 120
6.8585 2.2715 -3.0406 80 200 120
2.1654 -2.5747 -0.6024 80 200 120
3.4293 -3.3092 -0.2922 80 200 120
2.0453 5.5153 0.0640 80 200 120
3.6802 7.9675 -0.9133 80 200 120
9.6067 14.6713 -4.4019 80 200 120
0.4392 5.6793 -0.0423 80 200 120
4.5270 7.2248 -2.9458 80 200 120
0.4421 5.6595 -2.8158 80 200 120
0.6932 4.9182 -2.6987 80 200 120
1.4416 4.6427 -2.2851 80 200 120
3.7048 5.8948 -1.3714 80 200 120
2.5869 5.3558 -2.6291 80 200 120
2.3065 6.0498 -2.7987 80 200 120
4.4550 7.0007 -0.3844 80 200 120
-0.9315 2.5687 -1.5538 80 200 120
-1.8337 0.6023 -0.3176 80 200 120
1.8053 -2.3476 0.2892 80 200 120
-2.2064 -0.1027 -0.5255 80 200 120
-2.3908 -0.3679 -0.9883 80 200 120
1.0478 -2.1026 -0.1615 80 200 120
-1.6213 0.2475 0.2858 80 200 120
-0.2016 0.9650 -2.3258 80 200 120
-1.9954 0.2908 -3.0056 80 200 120
1.9412 1.6661 -3.0558 80 200 120
2.3859 1.7103 -2.1963 80 200 120
-0.2901 0.7467 -2.3890 80 200 120
-2.1136 0.0493 -2.9713 80 200 120
1.2947 0.9724 -2.9857 80 200 120
1.2981 -0.1741 -2.9712 80 200 120
1.9138 0.3666 -3.2841 80 200 120
0.1605 0.8170 -2.8698 80 200 120
0.3433 0.9101 -2.8792 80 200 120
-2.3375 0.5204 -3.4299 80 200 120
0.4877 -1.2766 -2.9759 80 200 120
-0.4000 3.7878 -1.0641 80 200 120
2.0136 0.0597 -2.1201 80 200 120
-0.0742 0.2761 -2.7555 80 200 120
-1.4652 -0.6523 -2.5733 80 200 120
1.7309 0.1685 0.2734 80 200 120
4.1146 -1.4171 -2.5709 80 200 120
3.1554 0.7136 -1.6746 80 200 120
12.1009 11.1811 -5.0724 80 200 120
4.8681 -1.2959 -2.7725 80 200 120
5.3487 3.5328 -1.8293 80 200 120
4.0175 -0.6981 -2.3633 80 200 120
3.8644 1.2031 -2.0983 80 200 120
4.5874 6.0307 -2.1573 80 200 120
-1.5721 1.3446 -0.4266 80 200 120
-1.5306 1.3151 -0.8131 80 200 120
-0.3984 4.4887 -2.5525 80 200 120
1.8430 10.4792 -1.4272 80 200 120
-0.1671 3.9370 -1.9631 80 200 120
2.0024 -1.7364 0.2982 80 200 120
0.2814 -1.6548 -0.3484 80 200 120
-1.8991 0.6589 0.0597 80 200 120
-1.8347 0.9644 0.1307 80 200 120
-1.7104 0.7520 0.2317 80 200 120
-1.6759 1.0803 0.2763 80 200 120
-1.7698 0.8737 -0.0258 80 200 120
-1.9015 0.4486 -0.4282 80 200 120
-1.6854 1.1207 0.1140 80 200 120
-1.6031 1.2304 0.2538 80 200 120
-2.0684 0.2565 -0.4691 80 200 120
-0.6419 -1.3681 -0.4254 80 200 120
-0.5295 -1.3605 -0.1601 80 200 120
1.7921 0.4554 -1.1407 80 200 120
1.9611 0.1142 -1.0799 80 200 120
2.0522 -0.2728 -2.9871 80 200 120
4.5434 -0.2560 -1.9773 80 200 120
4.8561 -1.7155 -1.3138 80 200 120
2.7526 0.7750 -2.3309 80 200 120
5.7128 -0.6789 -1.5752 80 200 120
5.0959 -1.3525 -1.7895 80 200 120
0.5367 -1.2803 -2.9732 80 200 120
3.0584 1.0365 -1.9456 80 200 120
-0.3814 1.1597 -2.4718 80 200 120
1.1061 1.7875 -2.5676 80 200 120
2.0011 1.4299 -2.9763 80 200 120
0.9075 4.2260 -2.5191 80 200 120
1.7423 0.1273 -2.8975 80 200 120
1.1723 5.1683 -2.4011 80 200 120
0.7313 -2.2767 -3.4340 80 200 120
0.1759 -1.8603 -3.1155 80 200 120
3.2610 5.1757 0.2079 80 200 120
4.7701 0.7301 -1.9042 80 200 120
1.6501 -2.3996 -3.0323 80 200 120
2.8569 7.2367 0.3011 80 200 120
0.3160 -1.7728 -2.9849 80 200 120
4.6990 -0.3680 -2.6667 80 200 120
6.8087 4.4369 -2.9948 80 200 120
7.8097 3.3341 -3.0983 80 200 120
8.0292 6.1609 -1.2261 80 200 120
5.1620 3.8971 -1.5868 80 200 120
2.1338 0.4957 0.2300 80 200 120
2.6432 1.1645 -1.7381 80 200 120
4.4835 -2.0408 -2.8409 80 200 120
3.9700 -3.4619 -1.7625 80 200 120
0.1602 4.3008 -2.7275 80 200 120
6.1804 5.7316 -0.7964 80 200 120
-1.7539 0.8666 -0.4306 80 200 120
6.1812 5.5074 -1.5098 80 200 120
4.8831 4.7578 0.0288 80 200 120
-1.7367 0.7723 0.2374 80 200 120
5.2470 4.3353 0.0607 80 200 120
-1.3612 1.7451 -1.2595 80 200 120
6.3992 6.6824 -0.8960 80 200 120
-1.8557 0.6775 0.0422 80 200 120
0.2928 4.7986 -2.5704 80 200 120
-2.4469 -0.3823 -1.1932 80 200 120
-2.2955 -0.1910 -1.1002 80 200 120
-1.8762 0.6509 -0.5074 80 200 120
-1.5484 1.3760 0.2331 80 200 120
-1.7838 0.8072 -0.2857 80 200 120
-1.8718 0.6560 -0.3377 80 200 120
2.1042 -2.6817 0.0664 80 200 120
2.0053 -2.2253 0.2819 80 200 120
-1.7647 0.9663 0.2664 80 200 120
-1.6841 0.5715 0.2650 80 200 120
-1.0112 1.1470 0.3072 80 200 120
-1.9913 0.1392 -0.7578 80 200 120
-1.0511 -1.1018 0.1502 80 200 120
0.2573 -1.7844 -0.0061 80 200 120
-0.1067 -1.7209 -0.0435 80 200 120
2.5372 0.8281 -2.6679 80 200 120
5.8445 2.3486 -2.8426 80 200 120
3.6295 -3.1350 0.2408 80 200 120
0.2246 0.7342 -2.7965 80 200 120
5.2261 -0.5720 -1.9355 80 200 120
1.2919 1.2394 -2.9504 80 200 120
5.0366 -1.4149 -0.7140 80 200 120
3.1487 2.2461 -2.7770 80 200 120
4.9029 -2.7351 0.3180 80 200 120
2.1209 1.1172 -3.0692 80 200 120
-1.9874 0.2951 -2.9417 80 200 120
1.8798 1.6142 -3.0109 80 200 120
0.4824 6.0799 -2.4943 80 200 120
1.4046 1.6525 -2.9801 80 200 120
-1.8744 0.5273 -2.8955 80 200 120
0.3467 4.4832 -2.3320 80 200 120
-2.4142 -0.4504 -2.9731 80 200 120
5.5925 4.8276 0.0687 80 200 120
6.3208 1.1147 -1.3826 80 200 120
-2.2614 -0.1961 -2.9388 80 200 120
6.2182 0.9941 -1.3518 80 200 120
3.9874 -2.2144 -2.6898 80 200 120
1.8428 0.0956 0.2499 80 200 120
6.5785 3.3783 -3.0695 80 200 120
1.9433 2.4134 0.3512 80 200 120
5.0004 0.9509 -0.7379 80 200 120
1.8157 3.1426 0.2301 80 200 120
9.8174 6.7052 0.3694 80 200 120
6.2604 5.1270 -0.6159 80 200 120
3.8573 6.8702 -3.1563 80 200 120
3.1664 6.8460 -3.1836 80 200 120
-1.3622 1.8549 -1.0778 80 200 120
1.0978 7.5204 -0.1476 80 200 120
-1.8026 0.4711 0.2034 80 200 120
2.4933 4.2438 0.4697 80 200 120
0.8560 4.0103 -2.4101 80 200 120
0.0523 5.0498 -1.9853 80 200 120
1.5850 3.6807 0.3109 80 200 120
-0.0733 2.8420 0.3119 80 200 120
-1.3805 1.6731 0.2698 80 200 120
-1.7028 1.0149 -0.2921 80 200 120
-1.6335 1.3128 -0.1067 80 200 120
-1.4919 1.3422 -0.0490 80 200 120
-2.1337 0.1175 -0.9585 80 200 120
-2.4441 -0.3594 -0.9545 80 200 120
-1.9603 0.3378 -0.2056 80 200 120
-1.4276 1.4631 0.2589 80 200 120
-1.0291 -1.1342 -0.5905 80 200 120
-1.7189 -0.9000 -0.0828 80 200 120
-2.0021 0.2866 -0.7265 80 200 120
-1.8238 -0.8745 -0.7672 80 200 120
1.7668 -1.7373 0.3283 80 200 120
4.5809 -3.0453 -0.1995 80 200 120
1.8647 0.4432 -1.4431 80 200 120
-0.0995 0.9214 -2.3520 80 200 120
3.0879 0.9142 -2.1928 80 200 120
4.0770 -0.6477 -2.3742 80 200 120
-0.0831 0.1496 -2.7939 80 200 120
1.2189 0.2552 -2.9965 80 200 120
1.3553 6.4525 -2.4297 80 200 120
1.9027 0.4122 -3.1751 80 200 120
2.0134 3.4407 -3.1031 80 200 120
2.0721 4.6010 -3.1661 80 200 120
2.1935 0.0655 -1.9584 80 200 120
3.7704 6.1811 -2.6210 80 200 120
1.9189 -2.5190 -2.9331 80 200 120
-0.3283 -1.4524 -2.9916 80 200 120
-1.8343 -0.6603 -2.8702 80 200 120
5.9307 4.2200 0.0732 80 200 120
0.0799 0.6488 -2.9728 80 200 120
6.3841 2.1517 -2.1370 80 200 120
3.8238 -0.6660 -2.2805 80 200 120
3.9750 -3.3575 -2.8331 80 200 120
5.0393 -3.2862 -2.9972 80 200 120
5.1740 6.2187 -1.1233 80 200 120
5.8514 6.3591 -1.6641 80 200 120
6.8855 6.3530 -0.8465 80 200 120
26.3022 22.8387 -10.5009 80 200 120
31.3879 50.1450 -3.3972 80 200 120
6.5580 1.6945 -2.8397 80 200 120
5.1388 -1.2974 -1.8140 80 200 120
3.9346 -3.4321 -1.6289 80 200 120
3.9309 5.0381 -1.9503 80 200 120
1.8725 5.9025 -2.8640 80 200 120
0.8733 6.7608 -0.8663 80 200 120
-0.2299 4.4195 -2.1085 80 200 120
-0.7962 2.6928 0.2339 80 200 120
1.6464 8.0059 -1.5999 80 200 120
-0.4921 3.7560 -1.8475 80 200 120
0.4163 4.8643 -2.5396 80 200 120
0.8565 -2.0216 -0.6476 80 200 120
-2.5218 -0.5340 -1.4385 80 200 120
-1.9530 0.4187 -0.8680 80 200 120
-2.3676 -0.2376 -1.3118 80 200 120
-1.8204 0.8454 -0.1086 80 200 120
-2.0083 -0.7127 -0.9371 80 200 120
2.1797 -2.7768 0.0812 80 200 120
1.3127 -2.2636 0.0361 80 200 120
-1.5560 -0.9956 -1.1104 80 200 120
1.0509 -2.1598 -0.4575 80 200 120
1.2188 -2.2441 -0.3368 80 200 120
-1.9525 0.4246 -0.5831 80 200 120
-0.4922 -1.4615 -0.7068 80 200 120
-0.9133 -1.2603 -0.9037 80 200 120
-1.9200 0.5195 -0.7327 80 200 120
2.5511 -2.8258 -2.9358 80 200 120
4.2923 -2.6695 -2.7703 80 200 120
-0.1426 0.4191 -2.3984 80 200 120
3.5013 1.4702 -2.1607 80 200 120
2.1649 1.8283 -2.9511 80 200 120
2.5962 3.1564 -3.3129 80 200 120
0.0015 0.6246 -2.8400 80 200 120
1.0032 2.0964 -3.0100 80 200 120
0.6339 -1.9777 -3.0169 80 200 120
1.3431 4.6892 -2.5081 80 200 120
1.9848 -0.8797 -1.7770 80 200 120
1.3331 4.8399 -2.7184 80 200 120
5.1225 1.3720 -2.4286 80 200 120
3.8040 -2.7763 -2.6978 80 200 120
-0.3985 3.7608 -1.0566 80 200 120
4.3892 -0.3528 -2.5276 80 200 120
2.3900 4.7288 -0.0357 80 200 120
7.6195 9.9096 -0.6375 80 200 120
5.0556 -1.4386 -2.8554 80 200 120
7.2939 7.6264 -0.7242 80 200 120
6.8403 4.6988 -0.6414 80 200 120
3.9365 -1.5251 -2.5554 80 200 120
5.3217 -1.7190 -2.4094 80 200 120
6.8340 2.2555 -3.0517 80 200 120
3.6803 1.2183 -2.1135 80 200 120
4.3772 -3.1613 -2.1739 80 200 120
1.8817 3.1628 0.1822 80 200 120
2.9025 2.3327 0.2284 80 200 120
1.7645 0.2305 -0.4694 80 200 120
1.7059 2.1452 0.2430 80 200 120
3.8971 6.2088 -0.2828 80 200 120
1.4279 5.9881 -2.6615 80 200 120
6.3047 6.1989 0.1714 80 200 120
5.3256 5.9515 -1.5844 80 200 120
2.9816 4.6856 -1.5753 80 200 120
2.4097 6.3422 -2.9135 80 200 120
0.4817 5.8059 -2.3768 80 200 120
2.0823 3.5434 0.3327 80 200 120
-1.7044 0.9885 0.2657 80 200 120
-0.1432 4.0221 0.2319 80 200 120
1.9402 2.3769 0.3734 80 200 120
-1.7935 0.6397 0.0174 80 200 120
-0.4535 4.1539 -2.4197 80 200 120
-1.7887 0.9488 -0.5788 80 200 120
1.9646 -1.1941 0.2825 80 200 120
-1.1695 1.9274 0.2340 80 200 120
-1.8137 0.6436 -0.3509 80 200 120
-1.8335 0.8110 -0.4272 80 200 120
-1.6014 1.0030 -0.3028 80 200 120
-1.6333 1.2869 -0.2055 80 200 120
4.2226 -3.1593 -2.8161 80 200 120
-0.6449 0.2256 -2.4850 80 200 120
3.3970 2.5139 -3.5083 80 200 120
1.8855 -0.4691 -2.8913 80 200 120
0.0796 0.9689 -2.5001 80 200 120
3.7715 2.0504 -2.9592 80 200 120
2.2065 1.9027 -3.0391 80 200 120
1.0274 1.5122 -3.0560 80 200 120
1.8209 0.4629 -2.6314 80 200 120
-0.1609 0.4277 -2.3727 80 200 120
1.8031 -0.7428 -2.3757 80 200 120
3.2257 1.4435 -2.4871 80 200 120
2.1327 0.0566 -2.1437 80 200 120
0.6767 3.4101 -2.9569 80 200 120
35.5782 48.1015 -18.5847 80 200 120
-0.5223 -1.3573 -2.9794 80 200 120
7.5555 3.7959 -0.1850 80 200 120
1.4674 4.2828 -3.0359 80 200 120
0.2784 4.8306 0.2063 80 200 120
2.0132 1.2588 0.2983 80 200 120
2.3073 -2.7398 -0.6339 80 200 120
5.8319 2.6582 -2.9626 80 200 120
7.5946 4.9078 -3.3558 80 200 120
3.4816 -2.9178 -2.5807 80 200 120
5.5360 1.0290 0.2241 80 200 120
7.3318 5.0790 0.1547 80 200 120
5.0388 5.0233 -1.9411 80 200 120
7.5087 6.0311 -0.5561 80 200 120
7.1842 5.9367 0.1757 80 200 120
-1.8770 0.4834 0.2268 80 200 120
5.9567 5.0474 -0.9933 80 200 120
0.0750 4.3693 -2.7320 80 200 120
0.9003 6.6127 -0.0844 80 200 120
-1.6617 1.0851 -0.6086 80 200 120
-1.5547 1.4157 -0.3072 80 200 120
-1.8027 0.7196 -0.7052 80 200 120
-1.5674 1.2717 0.0230 80 200 120
-1.4027 1.5956 -0.1290 80 200 120
3.5830 1.5031 -2.2198 80 200 120
-0.1133 0.9603 -2.4301 80 200 120
-0.7325 0.3870 -2.3962 80 200 120
-1.7177 1.0731 -3.0634 80 200 120
4.9395 -1.8209 -1.4783 80 200 120
-0.6739 0.6191 -2.5322 80 200 120
0.7736 1.5640 -2.8891 80 200 120
1.0844 -0.0601 -2.9895 80 200 120
-1.9961 -0.6331 -2.8743 80 200 120
1.7406 0.4469 -1.2676 80 200 120
2.8024 -0.4769 -1.9962 80 200 120
1.8980 -0.6299 -2.6635 80 200 120
-0.3982 1.1462 -2.4827 80 200 120
4.9945 -1.3985 -0.7317 80 200 120
3.2157 -3.2765 -2.3109 80 200 120
0.4776 -0.8825 -2.9969 80 200 120
-0.3362 1.1014 -2.5191 80 200 120
2.0462 1.8664 -3.0471 80 200 120
-2.3400 -0.4217 -0.7971 80 200 120
1.8316 0.1165 -3.0328 80 200 120
2.1155 1.1122 -3.0500 80 200 120
1.8678 0.1316 -1.6775 80 200 120
1.9315 -2.5191 -2.9738 80 200 120
-1.3828 1.6112 -2.8797 80 200 120
6.7134 1.3068 -3.1852 80 200 120
6.8826 9.6234 0.6340 80 200 120
2.4695 1.0093 0.4292 80 200 120
2.3791 0.0074 -0.9831 80 200 120
6.4925 1.2523 -0.6496 80 200 120
3.1135 2.9571 0.3566 80 200 120
2.3662 0.4808 -1.4601 80 200 120
5.2049 2.2039 -1.8868 80 200 120
4.5818 1.4128 -2.4966 80 200 120
4.8167 7.5842 -0.3052 80 200 120
1.9833 3.4085 0.2901 80 200 120
0.6195 4.0047 -2.3144 80 200 120
-1.4301 1.7184 -0.4353 80 200 120
-1.5584 1.4170 -0.2570 80 200 120
1.0670 6.4099 -2.5771 80 200 120
0.2554 4.7497 -2.6374 80 200 120
4.0582 7.3418 -3.3183 80 200 120
3.0186 4.7918 -2.0471 80 200 120
0.8493 3.9422 -2.4071 80 200 120
1.3188 4.6025 -2.6433 80 200 120
3.9300 4.2634 -1.9586 80 200 120
7.2789 6.4499 -1.8484 80 200 120
-0.4045 4.2922 -2.4499 80 200 120
-1.7363 1.0104 -0.7903 80 200 120
-1.8420 0.8036 -0.9667 80 200 120
-2.1352 -0.0338 -1.4043 80 200 120
-1.7396 0.8821 -0.8413 80 200 120
-1.5051 1.6604 -0.3861 80 200 120
-1.3711 1.7609 0.2781 80 200 120
-1.7626 0.6389 -0.5178 80 200 120
-1.1996 1.9989 0.2557 80 200 120
-1.5435 1.3346 -0.4263 80 200 120
2.1066 -2.6573 0.1127 80 200 120
1.3206 -2.2659 0.0298 80 200 120
-1.4605 1.7917 0.0538 80 200 120
0.8429 -2.0739 -0.1302 80 200 120
-1.5965 0.2406 -2.9788 80 200 120
-0.6673 -0.0603 -2.5822 80 200 120
-1.9383 0.3295 -2.9169 80 200 120
2.2615 0.0223 -2.4366 80 200 120
2.6095 5.8038 -2.8187 80 200 120
2.6161 3.6254 -2.9841 80 200 120
2.3647 4.4053 -2.6527 80 200 120
-1.0901 -1.1265 -2.9965 80 200 120
-1.1716 2.0915 -2.8666 80 200 120
2.2587 2.1035 -2.7618 80 200 120
0.8269 -1.9357 -2.8715 80 200 120
0.6136 -2.0957 -3.1848 80 200 120
0.0720 -1.7971 -3.0603 80 200 120
-1.5117 1.4171 -2.9911 80 200 120
-0.0585 -1.5501 -2.9179 80 200 120
2.9392 0.8595 -2.4502 80 200 120
2.8092 0.7991 -2.9441 80 200 120
3.1776 7.9328 -2.7793 80 200 120
1.1239 -2.1740 -3.0090 80 200 120
0.6303 -1.9286 -3.0576 80 200 120
-0.4117 3.8023 -1.0591 80 200 120
1.8984 -0.5982 -2.6385 80 200 120
5.6799 1.0683 -2.1764 80 200 120
6.0663 2.1629 0.1948 80 200 120
2.4416 -0.0347 0.0769 80 200 120
5.7493 0.4064 0.0012 80 200 120
4.7332 -2.5732 -2.0252 80 200 120
3.1838 0.4821 -0.5312 80 200 120
3.7187 1.5566 0.3438 80 200 120
3.1491 0.4736 -1.4038 80 200 120
3.2394 5.0139 0.2590 80 200 120
4.0363 -1.5390 -2.5738 80 200 120
4.5935 -3.7455 -3.2595 80 200 120
4.3471 -3.0524 -2.1566 80 200 120
4.2270 -3.2467 0.0012 80 200 120
4.8248 -2.4596 -2.5345 80 200 120
2.3260 2.8788 0.3783 80 200 120
1.9469 5.2600 -3.1964 80 200 120
4.3584 6.0620 0.0695 80 200 120
5.8707 6.8582 -0.0394 80 200 120
4.4448 6.2187 -1.1652 80 200 120
7.0420 6.6531 -0.7684 80 200 120
3.7312 5.8841 -0.5716 80 200 120
7.1671 5.4026 -1.5703 80 200 120
7.4763 6.2733 -1.1238 80 200 120
0.0365 4.9696 -1.9431 80 200 120
-1.3387 1.6034 -0.1068 80 200 120
-2.2635 -0.1878 -1.6317 80 200 120
-1.3790 -1.1196 -1.0179 80 200 120
1.2229 -2.2126 -0.3236 80 200 120
2.9967 -1.6072 -2.0707 80 200 120
-0.2450 0.5724 -2.3724 80 200 120
-0.1223 0.4389 -2.3763 80 200 120
-0.3079 0.4159 -2.3314 80 200 120
1.9716 0.4477 -2.8007 80 200 120
-2.3973 -0.4757 -2.9718 80 200 120
0.2953 -2.0549 -3.2280 80 200 120
-0.1569 0.1339 -2.8727 80 200 120
1.2717 5.2475 -2.3708 80 200 120
2.6005 8.0039 -3.0074 80 200 120
2.2179 6.1991 -2.9853 80 200 120
1.9267 0.1219 -1.9628 80 200 120
4.9783 6.7933 -3.1312 80 200 120
6.6769 5.7997 0.1911 80 200 120
-1.6993 1.0876 -3.0680 80 200 120
3.6940 7.4586 -2.8025 80 200 120
-0.5921 1.0350 -2.5639 80 200 120
5.9039 3.0138 -1.5343 80 200 120
6.3735 0.5856 -1.8249 80 200 120
4.1494 -3.3861 -2.1554 80 200 120
2.0981 -2.6531 0.1097 80 200 120
4.1695 -3.3576 -1.2402 80 200 120
2.9840 0.6210 -1.9071 80 200 120
2.5551 1.1251 0.2944 80 200 120
4.8400 -1.6564 -2.3583 80 200 120
4.7639 -3.2136 -3.0538 80 200 120
2.8578 1.0527 0.3213 80 200 120
2.7106 8.0093 -2.8516 80 200 120
6.8641 4.5680 -1.2298 80 200 120
4.3595 4.3037 -1.7197 80 200 120
6.3686 3.1071 0.1994 80 200 120
6.7962 5.4857 0.2339 80 200 120
6.8931 4.1514 0.2080 80 200 120
3.7779 5.0190 -1.8278 80 200 120
0.6012 4.7611 -2.3456 80 200 120
0.2760 4.3405 -2.3920 80 200 120
7.3432 3.7679 -0.1806 80 200 120
-1.6517 -0.9144 -1.7778 80 200 120
1.9619 -1.8088 0.3461 80 200 120
-1.7024 1.0309 -0.7485 80 200 120
1.4039 -2.3736 0.0035 80 200 120
-0.8896 -1.2468 -0.8603 80 200 120
0.4406 -1.8694 -0.0670 80 200 120
-1.7555 1.1296 -0.9609 80 200 120
-2.3072 -0.1868 -0.7794 80 200 120
-1.5637 1.3700 -0.6506 80 200 120
2.6448 0.7666 -3.0533 80 200 120
2.5677 1.5988 -2.6435 80 200 120
2.8958 0.6384 -2.1494 80 200 120
4.8509 2.4972 -3.6993 80 200 120
0.1225 0.9113 -2.9480 80 200 120
-0.1128 0.9397 -2.4101 80 200 120
3.2950 1.4145 -3.1599 80 200 120
-2.1657 0.0931 -2.9778 80 200 120
2.9585 1.1596 -2.6306 80 200 120
1.8070 0.1672 -3.0773 80 200 120
2.9396 5.6650 -3.3208 80 200 120
2.5291 2.3293 -3.0508 80 200 120
2.8992 6.4048 -3.0423 80 200 120
0.8892 -1.9444 -2.9095 80 200 120
2.3571 2.0319 -3.2975 80 200 120
2.0738 1.4496 -3.0244 80 200 120
-0.2093 0.0856 -2.4601 80 200 120
4.6385 0.1842 -1.9311 80 200 120
3.6964 0.9066 -1.9771 80 200 120
1.8995 -0.8573 -2.2741 80 200 120
2.9098 0.7660 -1.9682 80 200 120
-0.1634 0.3965 -2.4106 80 200 120
5.9238 7.2160 -1.1632 80 200 120
0.2135 3.2891 -3.0250 80 200 120
1.9850 -0.9492 -2.7831 80 200 120
4.1470 0.5236 0.2981 80 200 120
7.6541 2.4794 -3.3358 80 200 120
5.2509 2.3195 -1.9508 80 200 120
3.6498 -3.2828 -0.9950 80 200 120
7.2367 6.4124 -0.1839 80 200 120
5.5408 0.6958 -2.1053 80 200 120
12.2274 11.3288 -2.5484 80 200 120
2.2393 -2.7105 -0.5928 80 200 120
6.6714 2.1500 -1.9541 80 200 120
1.8723 0.1074 0.2370 80 200 120
2.5979 -0.1252 -0.0378 80 200 120
8.5378 2.2692 -3.1116 80 200 120
2.3769 0.4220 0.2058 80 200 120
1.7563 0.2024 0.2940 80 200 120
2.3570 -0.0723 0.0624 80 200 120
-1.7612 0.7916 0.2421 80 200 120
-1.5312 1.6233 -0.1142 80 200 120
3.0774 4.6729 -2.6558 80 200 120
0.8474 4.0064 -2.4193 80 200 120
1.3765 4.9424 -2.8036 80 200 120
3.4683 6.2674 -2.9214 80 200 120
3.1287 6.7463 -3.1569 80 200 120
1.2124 -2.1645 -0.8328 80 200 120
-1.6880 1.0488 -1.0761 80 200 120
-1.2630 1.9220 -0.5170 80 200 120
-1.2742 1.9674 -0.0031 80 200 120
-1.5547 1.3649 -0.4387 80 200 120
-1.5094 1.5902 -0.7513 80 200 120
-1.4260 1.8041 -0.5783 80 200 120
1.8514 0.1326 -2.1889 80 200 120
1.7765 0.4588 -1.4066 80 200 120
0.7532 -0.0640 -3.0225 80 200 120
2.2715 0.8340 -3.0196 80 200 120
1.9561 0.0888 -1.3923 80 200 120
2.0520 1.5592 -2.1988 80 200 120
-1.6740 -0.0348 -2.9995 80 200 120
-0.2806 0.7680 -2.3808 80 200 120
2.3996 2.5312 -2.6260 80 200 120
2.5166 3.5119 -2.8872 80 200 120
4.8470 5.0641 -1.9291 80 200 120
-0.5876 3.4045 -2.9483 80 200 120
2.6033 2.3589 -2.5884 80 200 120
-0.9544 2.5857 -2.9707 80 200 120
2.6105 3.6525 -2.9667 80 200 120
4.4255 0.9939 -2.2425 80 200 120
5.5949 1.3828 -2.4959 80 200 120
7.3259 7.6556 -0.6839 80 200 120
5.1718 2.0122 -2.0271 80 200 120
4.4508 -3.1484 -2.1912 80 200 120
4.6194 -2.4153 -1.9310 80 200 120
3.2402 -3.2129 -2.3127 80 200 120
4.9292 -1.7282 -2.3637 80 200 120
3.3436 0.6289 -2.0379 80 200 120
3.4199 -3.2751 -0.2040 80 200 120
5.9138 0.3305 -0.5170 80 200 120
6.0440 1.0626 -1.7967 80 200 120
6.0132 0.6123 -0.9899 80 200 120
6.2956 3.1760 -1.1928 80 200 120
3.7645 6.0233 -2.3759 80 200 120
4.0367 4.8074 -1.7329 80 200 120
0.8902 4.4465 -2.2627 80 200 120
4.1488 7.0753 -2.0015 80 200 120
9.3583 5.3003 -0.8518 80 200 120
1.8679 5.0261 -2.9878 80 200 120
-0.1558 4.0882 -2.0430 80 200 120
6.4967 1.9315 0.2587 80 200 120
3.8224 3.8247 0.3191 80 200 120
7.9078 3.2892 0.0209 80 200 120
-0.5517 3.6239 -1.3040 80 200 120
-1.7507 1.0020 -1.2941 80 200 120
-1.8931 0.7341 -1.2792 80 200 120
-2.0013 0.2074 -1.2737 80 200 120
-1.1095 2.1674 0.2832 80 200 120
-2.0355 -0.5377 -2.0107 80 200 120
1.8910 0.0976 -1.5206 80 200 120
-1.6867 1.0766 -3.0195 80 200 120
2.2578 -0.8499 -1.8179 80 200 120
-0.5626 -0.9596 -3.0207 80 200 120
0.0126 0.5561 -2.3685 80 200 120
-1.9061 0.4484 -2.9789 80 200 120
-2.7988 -0.6044 -3.2283 80 200 120
0.6227 0.7380 -2.9586 80 200 120
-0.6682 0.6621 -2.4633 80 200 120
-0.3715 1.1303 -2.4872 80 200 120
4.5095 -3.0335 -0.1966 80 200 120
-2.1561 0.0979 -3.0286 80 200 120
3.3824 5.3753 -2.9903 80 200 120
3.1287 5.5774 -2.6918 80 200 120
2.8183 3.4000 -2.7229 80 200 120
1.0184 6.0473 -2.4381 80 200 120
1.6224 7.0592 -2.5836 80 200 120
3.1652 7.0572 -3.2530 80 200 120
1.7401 7.9217 -1.9168 80 200 120
4.0575 8.6796 -3.1384 80 200 120
0.0401 5.0015 -1.9305 80 200 120
7.4560 5.1756 0.1153 80 200 120
-0.1270 0.1452 -2.7907 80 200 120
1.9192 -0.5702 -1.8256 80 200 120
1.9163 -0.4920 -2.1056 80 200 120
-0.0744 0.3866 -2.5116 80 200 120
3.2767 8.2422 -0.1351 80 200 120
0.5074 -0.8601 -2.9748 80 200 120
0.6321 -1.9616 -3.0631 80 200 120
0.0840 0.9135 -2.7378 80 200 120
3.2228 0.4703 -2.0903 80 200 120
2.8957 0.5010 0.3001 80 200 120
2.2719 -2.7087 -0.2192 80 200 120
5.3740 0.4729 -2.1005 80 200 120
1.9869 1.2224 0.2912 80 200 120
4.3471 3.9207 0.3994 80 200 120
3.0691 3.1458 0.4263 80 200 120
2.2281 -2.9158 -1.8946 80 200 120
3.1011 -1.1993 -2.1453 80 200 120
4.4383 3.2954 0.3647 80 200 120
3.5504 5.4444 -3.0592 80 200 120
0.8146 3.6289 -2.2447 80 200 120
4.6632 4.6144 -1.7938 80 200 120
0.3469 4.0726 -2.2150 80 200 120
2.4708 4.7239 -2.8239 80 200 120
0.3812 3.6195 -2.3161 80 200 120
3.6627 3.8297 -1.9013 80 200 120
-1.3733 1.7348 0.2587 80 200 120
-0.7126 2.8100 0.2278 80 200 120
0.3033 -1.8628 -0.3452 80 200 120
0.0635 0.9558 -2.5419 80 200 120
2.0757 0.4480 -1.7272 80 200 120
3.6194 0.8757 -2.9201 80 200 120
-1.8772 -0.1079 -2.7219 80 200 120
2.1973 1.9017 -3.0222 80 200 120
0.9934 1.4614 -2.9658 80 200 120
3.4298 4.9195 -2.9561 80 200 120
3.1053 1.1533 -3.6844 80 200 120
2.6658 2.7927 -2.6054 80 200 120
2.3664 2.1888 -2.8587 80 200 120
1.8222 0.4420 -2.9278 80 200 120
-0.5605 3.3133 -2.8713 80 200 120
-0.2546 0.0627 -2.4851 80 200 120
-0.2991 -1.4419 -2.9378 80 200 120
-0.5229 -1.3234 -2.9315 80 200 120
1.7097 0.2180 -2.8775 80 200 120
2.2345 1.8952 -2.9744 80 200 120
-1.3729 -0.9440 -2.9271 80 200 120
2.5829 5.0709 -3.0978 80 200 120
8.6026 6.4327 -0.3543 80 200 120
2.2138 2.8667 -1.5759 80 200 120
3.2896 3.7430 -2.1143 80 200 120
-1.1216 2.3758 -3.0298 80 200 120
2.1722 0.4172 -1.4675 80 200 120
5.1654 2.6673 -1.4587 80 200 120
1.9710 -1.0275 -2.2989 80 200 120
3.6031 7.1967 0.2265 80 200 120
2.4101 -1.2309 -1.9390 80 200 120
6.3452 2.1393 -2.8745 80 200 120
2.9325 -1.3073 -2.0328 80 200 120
5.9236 5.1660 0.0703 80 200 120
2.6412 2.2918 0.3815 80 200 120
1.7136 -2.4401 -0.4019 80 200 120
1.8034 0.1153 0.1728 80 200 120
2.9857 -3.0112 -0.5864 80 200 120
2.8351 0.3187 0.0261 80 200 120
6.5952 1.6923 -2.8655 80 200 120
3.3745 0.9223 -2.0327 80 200 120
5.2510 5.7108 0.4753 80 200 120
3.8454 0.4427 -2.0338 80 200 120
7.2849 5.6778 0.1434 80 200 120
3.1398 -3.0897 -2.2928 80 200 120
4.2018 1.0014 -2.1050 80 200 120
6.8101 5.1808 -2.8545 80 200 120
3.8014 4.5993 -2.6940 80 200 120
0.7022 4.5811 -2.3162 80 200 120
6.8533 4.6128 -2.2593 80 200 120
3.3506 3.1489 -1.9963 80 200 120
3.6832 4.2997 -2.1603 80 200 120
-1.8933 0.8995 -1.6654 80 200 120
-1.4576 1.5605 -1.1539 80 200 120
-1.7826 1.0915 -1.4801 80 200 120
-2.3365 -0.1784 -2.0828 80 200 120
-0.8640 2.5833 0.2361 80 200 120
-1.1519 2.4283 0.1124 80 200 120
-1.3686 1.6722 -0.4477 80 200 120
-1.6983 1.0709 -3.0261 80 200 120
-0.4859 1.1684 -2.6214 80 200 120
-1.8640 -0.3105 -2.6596 80 200 120
2.5384 0.9444 -1.9409 80 200 120
3.1330 0.6214 -1.9227 80 200 120
3.2527 1.2051 -2.8740 80 200 120
3.0523 3.8826 -2.7067 80 200 120
2.8089 6.1235 -2.9148 80 200 120
3.2082 8.0052 -2.9070 80 200 120
-1.0363 -1.1040 -2.9415 80 200 120
-0.0619 0.3652 -2.4413 80 200 120
-0.1617 1.0531 -2.7738 80 200 120
1.2191 4.5537 -2.9010 80 200 120
-0.7356 -1.2444 -2.8778 80 200 120
1.6426 -2.4410 -2.9903 80 200 120
2.7578 2.8997 -2.5441 80 200 120
1.9188 -2.4074 -2.8938 80 200 120
2.7518 0.6872 -2.6431 80 200 120
0.6139 3.9782 -2.3218 80 200 120
-0.0712 1.0079 -2.6083 80 200 120
2.6968 2.1326 -2.9301 80 200 120
6.1115 3.8986 -1.4289 80 200 120
1.9401 -2.5545 -1.2123 80 200 120
3.7911 0.7844 -2.0402 80 200 120
4.9180 0.2002 -2.1192 80 200 120
3.7379 -3.2089 0.1765 80 200 120
0.8123 3.8569 -2.3632 80 200 120
2.1667 6.2896 -3.0347 80 200 120
2.4842 5.3875 -3.1046 80 200 120
2.9906 5.5749 -3.0858 80 200 120
4.7075 4.2585 -2.2318 80 200 120
-0.3406 4.0405 -2.4393 80 200 120
6.4022 3.6633 -1.6213 80 200 120
6.5032 3.1447 0.2191 80 200 120
3.8871 5.2424 -3.0349 80 200 120
0.3189 4.4879 -2.3343 80 200 120
0.4641 3.8838 -2.3766 80 200 120
-1.7027 -0.9230 -2.3421 80 200 120
-1.2626 1.9121 -0.9846 80 200 120
1.5785 -2.3796 -0.5912 80 200 120
1.9390 -1.8127 0.3282 80 200 120
-2.0205 0.4685 -1.7292 80 200 120
-1.2499 2.1108 -0.2551 80 200 120
-1.2235 2.1678 -0.8000 80 200 120
1.6131 1.3665 -2.9134 80 200 120
1.5294 1.1369 -2.9210 80 200 120
2.1313 -1.0176 -1.8674 80 200 120
0.1427 0.9040 -2.4707 80 200 120
3.4825 1.4400 -3.3376 80 200 120
2.4178 0.7839 -1.8784 80 200 120
2.9735 0.6246 -2.1815 80 200 120
-0.0511 1.0106 -2.4747 80 200 120
3.5448 0.8488 -2.8864 80 200 120
-1.2161 1.9219 -2.9624 80 200 120
0.1264 0.6261 -2.9463 80 200 120
0.0001 0.5821 -2.3962 80 200 120
-0.9455 2.4555 -2.9150 80 200 120
4.8804 -0.2777 -2.0553 80 200 120
3.6213 2.3862 -2.9095 80 200 120
7.2387 6.2540 -1.3578 80 200 120
2.2962 8.2232 0.2310 80 200 120
7.0488 4.1998 0.2081 80 200 120
4.0391 5.6691 -2.6092 80 200 120
-0.1105 0.1552 -2.7997 80 200 120
-0.1067 0.9238 -2.3645 80 200 120
0.0430 0.6305 -2.3563 80 200 120
2.2241 -1.2894 -2.0051 80 200 120
-0.0432 0.3945 -2.3981 80 200 120
1.1472 -2.1462 -2.9598 80 200 120
2.8676 -1.2654 -2.0605 80 200 120
2.6372 0.2640 0.0916 80 200 120
3.1417 -3.0788 -2.2784 80 200 120
8.2280 6.2079 -1.6553 80 200 120
7.4767 2.4225 -3.2553 80 200 120
4.4057 -3.1317 -2.1731 80 200 120
1.8673 -2.5755 -0.8019 80 200 120
4.8057 -2.5019 -2.5323 80 200 120
4.6868 -0.2018 -2.0030 80 200 120
5.9592 0.0397 -1.7626 80 200 120
5.2956 1.3131 0.3353 80 200 120
4.7092 4.9535 0.3675 80 200 120
6.2862 2.9111 -1.5517 80 200 120
2.4329 7.6301 -2.8005 80 200 120
1.0507 6.0155 -2.3413 80 200 120
7.8133 5.4006 -0.3233 80 200 120
7.5956 4.5068 -0.2069 80 200 120
2.8508 2.9149 0.3352 80 200 120
0.9683 4.1767 -2.2930 80 200 120
5.6589 7.0246 -0.9940 80 200 120
-0.1894 4.2879 -2.3667 80 200 120
-1.3965 1.7439 -1.2425 80 200 120
3.2088 -3.1968 0.1235 80 200 120
1.6988 -2.4157 -0.3984 80 200 120
-0.2078 1.0591 -2.4849 80 200 120
-0.5424 1.1854 -2.6063 80 200 120
2.9841 0.4749 -1.7421 80 200 120
-1.6324 1.4328 -3.0338 80 200 120
1.7373 0.1808 -2.4320 80 200 120
3.7775 -3.2335 -1.5918 80 200 120
-1.9066 0.7324 -3.0083 80 200 120
0.3836 1.0413 -2.9647 80 200 120
1.8009 -0.7885 -2.5372 80 200 120
2.0198 1.3954 -2.9026 80 200 120
-0.2478 0.8924 -2.3217 80 200 120
1.5434 -1.2235 -2.9480 80 200 120
3.5983 1.5601 -3.0783 80 200 120
-0.6591 0.5899 -2.4238 80 200 120
-0.3280 1.9524 -3.0356 80 200 120
0.7149 -0.2527 -2.9634 80 200 120
0.1442 0.8731 -2.4438 80 200 120
-1.4866 1.6298 -1.4459 80 200 120
3.1519 7.9534 -2.8626 80 200 120
3.4019 0.4153 -1.9612 80 200 120
2.3271 -1.1265 -1.8791 80 200 120
-1.2271 1.9763 -2.9419 80 200 120
0.0995 0.8975 -2.4758 80 200 120
0.0971 0.9262 -2.8284 80 200 120
-0.1320 1.0697 -2.6770 80 200 120
2.1528 0.3792 -2.2909 80 200 120
1.9309 -1.8260 0.3550 80 200 120
5.6707 -0.1121 0.0154 80 200 120
4.1532 3.7395 0.3477 80 200 120
3.3371 2.4352 0.3156 80 200 120
1.3247 -2.2618 0.0618 80 200 120
6.0150 2.7164 -1.6889 80 200 120
5.0175 0.2055 -2.0547 80 200 120
2.1658 -1.1045 -1.8935 80 200 120
1.7090 -2.4283 -0.4075 80 200 120
5.7753 2.8264 -1.8903 80 200 120
6.4038 3.8533 -2.5000 80 200 120
3.0192 3.1032 -1.9809 80 200 120
6.5999 3.8702 -1.6113 80 200 120
1.7037 7.8557 -2.6554 80 200 120
1.0942 7.0695 -1.3499 80 200 120
2.6887 8.0891 0.1972 80 200 120
6.5830 2.4194 0.0624 80 200 120
1.4847 8.3714 -2.2108 80 200 120
1.2925 6.0764 -2.7377 80 200 120
3.3983 5.4776 -2.4127 80 200 120
1.3143 4.8196 -2.7397 80 200 120
4.0820 4.8783 -2.3248 80 200 120
0.3323 5.7806 -2.0912 80 200 120
4.8482 5.1546 0.3714 80 200 120
1.9925 4.7767 -2.8686 80 200 120
-0.5094 3.3506 0.2045 80 200 120
4.4397 3.6291 0.3451 80 200 120
4.3153 7.2213 -2.1255 80 200 120
2.0387 6.5429 -3.0029 80 200 120
5.6706 0.8100 0.2871 80 200 120
1.6304 4.8952 -2.9621 80 200 120
1.2442 5.3151 0.3136 80 200 120
3.4034 4.8588 0.2821 80 200 120
-1.1599 1.6714 0.1741 80 200 120
-0.5634 3.2791 -0.2484 80 200 120
-1.1978 1.9925 0.2533 80 200 120
0.0806 -0.0347 0.0974 80 200 120
-1.4201 1.5725 -1.3537 80 200 120
-0.5223 3.1518 0.2137 80 200 120
-1.5620 1.4466 -1.5375 80 200 120
1.9065 -0.5123 -2.0970 80 200 120
2.2917 -2.4323 -2.7046 80 200 120
-1.9734 0.1164 -2.8279 80 200 120
2.5273 0.4739 -1.8843 80 200 120
2.5285 0.6576 -2.3563 80 200 120
2.8876 0.6061 -2.3496 80 200 120
0.0787 0.6985 -2.3760 80 200 120
3.3364 1.0914 -2.4178 80 200 120
0.6962 4.8492 -2.2558 80 200 120
0.7596 4.0062 -2.3727 80 200 120
1.2126 1.7247 -2.9614 80 200 120
3.4369 4.7772 -2.8254 80 200 120
2.4416 2.2575 -2.9331 80 200 120
2.7087 2.0422 -2.9031 80 200 120
2.5177 2.6223 -2.7015 80 200 120
2.7218 3.8696 -3.1328 80 200 120
3.2033 5.8704 -3.2510 80 200 120
2.8100 3.2139 -2.6735 80 200 120
2.2510 4.7002 -2.8181 80 200 120
0.9465 2.8933 -2.9613 80 200 120
1.8743 3.2439 -2.9862 80 200 120
-1.5922 0.9359 -1.1601 80 200 120
2.0787 1.4483 -3.0040 80 200 120
-0.5893 2.8766 -2.9932 80 200 120
0.7466 -0.7228 -2.9501 80 200 120
0.4109 5.2733 -2.0420 80 200 120
3.7329 8.0486 -2.9781 80 200 120
5.5513 2.8421 -1.5220 80 200 120
1.8201 0.1231 -1.6198 80 200 120
3.7857 0.1090 -2.0673 80 200 120
1.9656 0.4139 -2.9578 80 200 120
1.7676 0.1678 -2.3699 80 200 120
-0.0942 1.0850 -2.3716 80 200 120
2.1841 0.3446 -1.7686 80 200 120
3.3867 0.3527 -1.9170 80 200 120
6.3641 3.0364 0.1355 80 200 120
6.2645 1.7909 -2.1003 80 200 120
6.4180 3.6845 -1.6406 80 200 120
3.5805 0.1276 -2.0016 80 200 120
5.5327 -0.4202 -0.1562 80 200 120
1.7304 -2.1718 0.2734 80 200 120
2.1424 -0.5582 -1.8008 80 200 120
2.0828 -0.3563 -1.8203 80 200 120
1.9394 1.2074 0.2548 80 200 120
6.1767 0.9530 -0.1168 80 200 120
2.9831 3.3841 -2.5337 80 200 120
3.0769 3.8444 -2.8926 80 200 120
6.0280 2.8015 -1.5380 80 200 120
0.8150 3.6920 -2.2827 80 200 120
1.0913 5.7231 -2.2578 80 200 120
3.3629 2.8092 -1.9834 80 200 120
6.8250 2.4113 -0.8702 80 200 120
-0.6519 3.1617 -0.6575 80 200 120
0.6325 3.1320 0.3236 80 200 120
7.6996 4.4120 -0.8045 80 200 120
-1.6931 -0.0963 -0.4447 80 200 120
-0.8117 2.9991 -0.4681 80 200 120
-1.0698 1.8700 -0.7752 80 200 120
-1.9736 -0.6909 -1.9115 80 200 120
-0.6658 3.0602 0.0274 80 200 120
1.9049 -0.5828 -1.7988 80 200 120
1.8678 -0.4941 -2.8794 80 200 120
2.0997 -0.6048 -1.7636 80 200 120
2.0691 -0.3527 -1.8022 80 200 120
4.2369 -3.0603 -2.1588 80 200 120
2.7849 0.6090 -3.0533 80 200 120
-0.1621 0.9264 -2.3897 80 200 120
-2.3158 -0.4475 -0.7759 80 200 120
2.4130 -0.5343 -1.8450 80 200 120
1.4820 -0.7033 -2.9348 80 200 120
3.8311 -3.3511 -1.5975 80 200 120
-0.1074 0.2611 -2.5468 80 200 120
-0.8968 0.9395 -2.4695 80 200 120
-0.6606 0.5606 -2.4424 80 200 120
4.5901 -3.1401 -0.1837 80 200 120
2.8024 4.0309 -1.8461 80 200 120
1.8212 0.4477 -2.9228 80 200 120
2.8079 6.1712 -2.9281 80 200 120
1.2102 5.6925 -2.6133 80 200 120
1.3141 5.2186 -2.8445 80 200 120
4.0230 8.9785 -1.9349 80 200 120
2.2948 0.8368 -2.9689 80 200 120
5.0873 0.4149 -2.0581 80 200 120
1.7932 -0.7038 -2.9136 80 200 120
3.2957 5.2278 0.1408 80 200 120
2.1865 7.3743 0.1407 80 200 120
1.7259 -0.6181 -2.2319 80 200 120
-0.0953 4.1130 -2.8253 80 200 120
1.6205 -0.9526 0.3008 80 200 120
4.7708 3.1573 0.3497 80 200 120
7.1881 3.3937 -1.2825 80 200 120
5.4111 -0.4368 0.2532 80 200 120
3.5756 -1.9529 0.0242 80 200 120
8.8666 5.1061 -0.7368 80 200 120
10.3976 3.9290 -3.4279 80 200 120
1.2638 -1.6692 0.3083 80 200 120
3.1383 1.5865 0.2775 80 200 120
5.4525 -0.1544 -1.9457 80 200 120
5.0314 -0.7154 -2.0732 80 200 120
5.3742 -0.8718 -1.5869 80 200 120
5.0023 2.6777 -1.8618 80 200 120
3.1559 -3.0612 -2.2650 80 200 120
5.2666 2.2180 -1.7615 80 200 120
4.6641 3.1597 -2.4877 80 200 120
3.1756 4.9353 -1.7981 80 200 120
2.0368 6.4119 -2.9270 80 200 120
1.6888 7.6599 -2.6096 80 200 120
3.3328 5.0789 -2.8584 80 200 120
6.0185 5.9467 -2.1064 80 200 120
2.9269 5.2541 -2.9440 80 200 120
3.5925 4.8893 -2.3292 80 200 120
0.9968 3.9479 -2.3042 80 200 120
2.5302 4.9929 -2.9699 80 200 120
-1.3370 1.7146 -1.2419 80 200 120
-2.1252 -0.0146 -2.5994 80 200 120
2.0247 -2.1766 0.2372 80 200 120
1.9287 -1.8345 0.3358 80 200 120
0.0946 0.8725 -2.6763 80 200 120
0.0631 0.5694 -2.9676 80 200 120
1.9556 -2.0442 -2.6664 80 200 120
-0.2944 1.0674 -2.9711 80 200 120
1.9907 -0.9210 -1.8006 80 200 120
-0.0345 0.5278 -2.6115 80 200 120
-0.7851 1.2284 -2.6733 80 200 120
1.8847 -0.5331 -1.9200 80 200 120
2.4654 1.0148 -2.9773 80 200 120
-2.4064 -0.2469 -1.6152 80 200 120
3.5203 4.8906 -2.8945 80 200 120
2.6109 3.6136 -2.9738 80 200 120
2.1206 4.4237 -2.9319 80 200 120
1.9325 3.3421 -2.9723 80 200 120
2.1200 1.8596 -2.9811 80 200 120
-1.3056 1.5245 -1.1319 80 200 120
2.6301 2.6347 -3.0902 80 200 120
-1.3933 1.7790 -1.2440 80 200 120
2.0126 1.5876 -2.9559 80 200 120
0.1075 0.8532 -2.3959 80 200 120
3.3427 5.4143 -2.8987 80 200 120
-0.0479 0.9787 -2.8710 80 200 120
1.9305 6.1481 -2.9859 80 200 120
2.5067 2.2926 -2.4768 80 200 120
-1.3501 1.6606 -0.4121 80 200 120
2.3791 0.2957 -2.1473 80 200 120
3.4622 5.3230 -1.9950 80 200 120
2.9581 1.1314 -2.6695 80 200 120
5.2079 -1.0024 -1.6582 80 200 120
3.0760 0.0575 -1.9463 80 200 120
1.6747 -2.5475 -3.0556 80 200 120
2.7438 2.2632 -1.8549 80 200 120
3.2646 2.4648 -2.8792 80 200 120
6.6724 4.6199 0.3977 80 200 120
6.2438 3.2915 0.4342 80 200 120
7.0358 2.9550 0.0196 80 200 120
6.1808 1.4449 -1.7704 80 200 120
7.2710 2.8683 -1.0621 80 200 120
6.4556 1.7606 -1.1191 80 200 120
6.2461 1.7533 0.0190 80 200 120
6.0642 2.1045 -1.4739 80 200 120
3.4642 -3.1018 0.4981 80 200 120
3.0069 -3.1292 0.3355 80 200 120
5.3695 -0.5286 -1.7319 80 200 120
2.0828 -2.5309 -1.8101 80 200 120
3.9936 0.0342 0.3496 80 200 120
3.9549 1.5282 0.2668 80 200 120
4.8695 2.7873 0.2855 80 200 120
3.6457 0.0955 -2.0424 80 200 120
8.5331 6.1767 0.0380 80 200 120
3.0652 0.6203 -1.9341 80 200 120
6.6481 5.9310 0.4232 80 200 120
1.6294 7.8599 0.1046 80 200 120
2.5083 8.7193 -1.7326 80 200 120
0.5744 5.0313 0.3372 80 200 120
0.0037 4.6501 -1.1351 80 200 120
-0.4499 3.8147 -1.0323 80 200 120
-0.6296 3.0820 0.2965 80 200 120
0.1752 4.7410 0.2729 80 200 120
2.2402 8.5222 -0.6975 80 200 120
-0.6364 3.4412 -0.2479 80 200 120
2.9924 8.4957 -1.5118 80 200 120
-0.8142 2.8491 -0.0183 80 200 120
-0.4966 3.8914 0.3330 80 200 120
-0.5213 3.4742 -0.6854 80 200 120
-0.6206 3.3985 -0.0049 80 200 120
0.2116 5.1229 -0.4450 80 200 120
-0.8052 2.2363 0.3233 80 200 120
-0.2178 2.5909 0.2695 80 200 120
3.1058 6.0677 0.2465 80 200 120
3.2639 8.0338 -0.1331 80 200 120
2.0730 7.7790 0.4116 80 200 120
3.5966 7.6581 -1.7531 80 200 120
2.9511 8.4130 -2.4047 80 200 120
3.4745 6.3855 -0.5724 80 200 120
5.4018 7.4231 -0.5057 80 200 120
3.3703 6.0475 -1.4205 80 200 120
0.4055 4.6522 -2.3174 80 200 120
3.3403 3.9123 -2.4325 80 200 120
3.6806 4.3721 -2.1409 80 200 120
1.2966 5.2683 -2.9768 80 200 120
5.5726 0.8092 0.2690 80 200 120
-2.0317 -0.1014 -0.1113 80 200 120
-1.8952 -0.7110 -0.0173 80 200 120
-1.1092 -0.7429 0.1634 80 200 120
-1.1158 -1.0086 0.2411 80 200 120
-0.9143 -1.3194 0.3713 80 200 120
-1.3806 -0.7264 0.1513 80 200 120
-2.2261 -0.7329 0.0609 80 200 120
-0.2955 -1.3197 0.2474 80 200 120
-1.1351 -0.4983 -0.2005 80 200 120
0.3049 -1.6427 0.2578 80 200 120
0.4503 -1.7532 0.3018 80 200 120
-1.6346 -0.6684 0.2529 80 200 120
0.1514 -1.5602 0.2896 80 200 120
0.5267 -1.5265 0.2882 80 200 120
-1.2477 -0.8330 -0.1287 80 200 120
-0.1372 -1.2729 0.3094 80 200 120
0.0083 -1.5772 0.2282 80 200 120
-0.9478 -1.2497 0.1371 80 200 120
-2.9580 -0.1075 0.6159 80 200 120
-1.0649 -0.8736 -0.0063 80 200 120
-1.1320 -0.8462 0.3871 80 200 120
-1.2546 -0.8532 0.0705 80 200 120
-0.5671 -1.4540 0.1579 80 200 120
-1.0948 -0.9715 0.4876 80 200 120
-2.2484 -0.4937 0.1881 80 200 120
-2.2607 -0.3725 -0.0238 80 200 120
-1.7604 -0.5615 0.1595 80 200 120
-2.0822 -0.1380 0.1472 80 200 120
-2.1200 -0.1634 0.4299 80 200 120
-2.5600 -0.1641 0.1449 80 200 120
-2.2712 -0.5657 -0.0801 80 200 120
0.1726 -1.7619 0.1528 80 200 120
-1.6917 -0.6930 -0.0810 80 200 120
-1.0533 -0.2066 0.1690 80 200 120
-0.5111 -0.8679 0.3109 80 200 120
-1.0420 -0.5444 0.2870 80 200 120
-2.0983 -0.1630 -0.0178 80 200 120
-1.6030 -0.0084 -0.3597 80 200 120
-1.8089 -0.3858 0.3127 80 200 120
-1.5432 -0.5647 -0.0263 80 200 120
-4.4949 -0.0238 1.0957 80 200 120
0.4674 -1.9008 0.1485 80 200 120
-1.4962 -0.1491 0.3380 80 200 120
-3.6553 0.2491 1.0469 80 200 120
-2.2938 -0.0261 0.7413 80 200 120
-0.9683 -1.2293 0.2513 80 200 120
-1.2001 -0.2777 0.1795 80 200 120
-2.3903 0.0750 0.0086 80 200 120
-0.6729 -1.0563 0.3560 80 200 120
-1.7415 -0.2844 -0.5472 80 200 120
-1.8580 -0.2951 -0.3241 80 200 120
-0.4403 -0.7622 0.3376 80 200 120
-2.0326 -0.0011 -0.2864 80 200 120
-1.9458 0.2644 -2.5561 80 200 120
-0.8097 2.9081 0.0030 80 200 120
-0.1751 4.3243 0.3200 80 200 120
1.7628 -0.7266 -2.9601 80 200 120
1.7847 0.1314 -2.2886 80 200 120
-0.4187 0.0561 -2.5649 80 200 120
2.0753 0.4025 -2.3857 80 200 120
-0.2995 0.2186 -2.3659 80 200 120
1.8520 0.4408 -3.0360 80 200 120
2.6651 0.5658 -2.7355 80 200 120
1.7666 -0.7538 -2.3009 80 200 120
1.7753 -0.7530 -2.5328 80 200 120
1.7214 0.3790 -2.9367 80 200 120
1.7851 -0.7848 -2.1244 80 200 120
2.5459 0.4371 -2.8526 80 200 120
2.6509 0.8779 -2.7076 80 200 120
2.6964 0.6810 -2.5714 80 200 120
3.1450 0.8052 -2.6209 80 200 120
0.8375 0.9684 -2.9769 80 200 120
-1.7211 0.7361 -2.3113 80 200 120
2.1497 -0.4050 -1.6972 80 200 120
1.8090 0.0853 -2.1674 80 200 120
-0.3626 -1.3788 -2.9043 80 200 120
0.1108 3.7630 -2.2873 80 200 120
2.4993 7.8800 -2.8411 80 200 120
1.7044 7.8434 -2.6903 80 200 120
0.7472 3.4733 -2.9050 80 200 120
-0.6074 -1.2113 -2.8879 80 200 120
-1.4203 1.5951 -1.3833 80 200 120
2.4920 0.3973 -1.8678 80 200 120
-0.0407 0.4167 -2.8785 80 200 120
2.7515 0.4034 -3.1549 80 200 120
4.6232 0.9592 -1.9718 80 200 120
2.8693 0.1148 -2.0143 80 200 120
2.5908 0.2191 -2.1144 80 200 120
3.4954 0.7607 -1.9208 80 200 120
3.5763 1.4473 0.3310 80 200 120
5.1321 -0.9900 -1.7570 80 200 120
0.5000 -1.8608 0.1605 80 200 120
4.3223 1.9705 0.2792 80 200 120
2.7285 0.1997 -2.0200 80 200 120
3.6806 0.9423 -1.9238 80 200 120
5.6249 0.6595 0.3343 80 200 120
2.0533 -2.2225 0.2956 80 200 120
3.5255 1.1058 0.3161 80 200 120
4.2781 -0.2100 -2.0665 80 200 120
3.9650 -0.5279 -2.0191 80 200 120
3.2986 5.4062 0.0398 80 200 120
1.6200 3.8170 -2.9240 80 200 120
6.4985 1.2491 -1.3707 80 200 120
1.0125 4.0172 -2.2912 80 200 120
2.1394 4.5337 -2.9595 80 200 120
1.5764 5.1399 -3.0191 80 200 120
6.1246 2.9658 -1.6196 80 200 120
0.8389 3.6867 -2.2761 80 200 120
5.8644 2.8524 -2.0880 80 200 120
3.9768 5.0433 0.3677 80 200 120
5.5166 1.9163 -1.5467 80 200 120
1.2672 7.0329 -0.7794 80 200 120
6.9574 2.9456 -0.0450 80 200 120
-0.5418 3.5388 -0.7654 80 200 120
-0.4809 3.2551 -0.3575 80 200 120
-0.7147 3.3840 -0.8905 80 200 120
1.7270 -2.2170 -2.8083 80 200 120
-0.0502 0.3559 -2.8517 80 200 120
-0.3564 -1.2986 -2.9043 80 200 120
0.1126 0.6306 -2.7152 80 200 120
-0.1911 0.3233 -2.3480 80 200 120
-1.1856 -0.7967 -2.8437 80 200 120
2.0279 0.4083 -2.4645 80 200 120
0.6714 -1.8140 -2.9667 80 200 120
1.6942 0.2328 -2.7874 80 200 120
0.8091 -0.2353 -2.9272 80 200 120
1.0606 -1.9571 -2.9362 80 200 120
0.7338 -0.7327 -2.9520 80 200 120
1.9104 -0.2725 -2.3808 80 200 120
0.5125 -0.1024 -2.9607 80 200 120
-0.3432 -0.4198 -2.9920 80 200 120
1.5562 -0.1309 -2.9217 80 200 120
0.0042 -0.4489 -2.9994 80 200 120
0.5186 -0.8803 -2.9354 80 200 120
0.4433 0.1857 -2.9566 80 200 120
1.8893 0.6565 -2.9371 80 200 120
1.0012 0.5521 -2.9573 80 200 120
1.2907 -0.0949 -2.9458 80 200 120
-1.6722 -0.7305 -2.8618 80 200 120
0.4448 0.8415 -2.9529 80 200 120
0.2678 -0.3715 -2.9914 80 200 120
1.1782 -0.6986 -2.9759 80 200 120
0.1941 -0.0074 -2.9931 80 200 120
0.8352 -1.7065 -3.0260 80 200 120
0.5608 1.1628 -2.9892 80 200 120
0.4895 0.5168 -2.9899 80 200 120
-0.8246 -0.9754 -2.8500 80 200 120
1.6557 -0.9988 -2.4583 80 200 120
0.2561 -0.6719 -2.9739 80 200 120
0.3476 -1.9681 -3.1179 80 200 120
0.0075 -1.2295 -2.9674 80 200 120
-0.8043 -0.0508 -2.5400 80 200 120
-0.8394 1.2276 -2.6698 80 200 120
1.8130 -0.7823 -1.8122 80 200 120
2.8172 0.1618 -2.0890 80 200 120
0.1439 0.8617 -2.3616 80 200 120
2.3047 0.3184 -2.3481 80 200 120
-0.7654 0.7369 -2.4215 80 200 120
-0.0172 0.5871 -2.3659 80 200 120
-2.3213 -0.2158 -1.5956 80 200 120
0.2881 -0.8786 -2.9394 80 200 120
-1.7460 -0.8949 -1.9271 80 200 120
1.2186 1.1080 -2.9541 80 200 120
2.0615 0.8893 -2.9490 80 200 120
-2.1821 -0.1390 -2.0049 80 200 120
-0.1145 3.9291 -2.7616 80 200 120
-1.5747 -0.1651 -2.5556 80 200 120
0.3763 3.8385 -2.2092 80 200 120
-0.0464 0.4174 -2.8687 80 200 120
-0.3105 3.5325 -2.8352 80 200 120
-1.2362 1.8849 -2.8796 80 200 120
-0.1990 0.9938 -2.4553 80 200 120
0.6566 2.5605 -2.9538 80 200 120
0.0720 3.2544 -2.9921 80 200 120
-0.2227 0.2888 -2.3644 80 200 120
-0.1969 0.5836 -2.2924 80 200 120
0.8567 2.3953 -2.9880 80 200 120
-1.1779 1.3951 -2.6567 80 200 120
0.0184 1.1258 -3.0155 80 200 120
-1.2563 2.2654 -2.4981 80 200 120
-1.7455 -0.0431 -2.6411 80 200 120
-0.1705 0.7506 -2.2822 80 200 120
1.1951 3.1401 -2.9175 80 200 120
-0.2925 0.9410 -2.1827 80 200 120
0.2951 3.5541 -2.9003 80 200 120
0.5918 -0.0882 -2.9475 80 200 120
-0.7634 2.8528 -2.4263 80 200 120
1.0329 0.6137 -2.9548 80 200 120
-0.3140 2.7279 -3.0173 80 200 120
1.2479 1.2008 -2.9738 80 200 120
0.4864 3.5047 -2.4606 80 200 120
-0.9240 2.5710 -2.4988 80 200 120
0.7102 1.6527 -2.9558 80 200 120
-0.3098 -0.3889 -2.9484 80 200 120
-0.0011 3.6661 -2.9642 80 200 120
1.3146 2.7304 -2.9431 80 200 120
-1.6109 0.4642 -1.6502 80 200 120
0.9546 1.5132 -2.9896 80 200 120
0.2350 0.4579 -2.9951 80 200 120
0.2554 -0.6158 -2.9591 80 200 120
-0.8998 0.4699 -2.3928 80 200 120
0.4228 0.2053 -2.9617 80 200 120
-0.5689 1.1490 -2.5119 80 200 120
-0.1960 0.8910 -2.2481 80 200 120
0.4962 3.8875 -2.2910 80 200 120
-0.2256 2.1475 -2.9585 80 200 120
-1.3290 0.2477 -2.4818 80 200 120
0.9821 0.9764 -2.9572 80 200 120
-0.0118 -0.4320 -2.9558 80 200 120
-0.9754 1.6668 -3.0356 80 200 120
0.2359 -0.0253 -2.9727 80 200 120
1.5806 1.1168 -2.9601 80 200 120
0.5666 1.9965 -2.9514 80 200 120
-0.0387 1.6825 -2.9435 80 200 120
-0.6054 -0.8970 -2.9890 80 200 120
0.4093 2.8800 -2.9765 80 200 120
0.5409 0.7392 -3.0101 80 200 120
0.3350 -0.3793 -2.9810 80 200 120
-0.2046 -0.1686 -2.9497 80 200 120
0.5708 1.2366 -2.9468 80 200 120
0.2183 1.5382 -2.9634 80 200 120
0.3904 2.2461 -2.9467 80 200 120
-0.4191 1.8149 -2.9622 80 200 120
1.3091 1.9459 -2.9564 80 200 120
-0.5167 3.4467 -2.5890 80 200 120
-1.7184 0.3433 -2.3416 80 200 120
0.4940 3.3198 -2.9472 80 200 120
1.5805 2.4924 -2.9633 80 200 120
-0.2724 0.4463 -2.2820 80 200 120
3.5186 4.9697 -2.9009 80 200 120
3.2315 5.2102 -2.8337 80 200 120
-0.0810 -1.5416 -2.9234 80 200 120
2.6164 5.2288 -3.0375 80 200 120
2.4106 2.2176 -2.8855 80 200 120
0.4619 -0.8911 -2.9754 80 200 120
1.1844 7.1215 0.2986 80 200 120
2.4233 2.3658 -2.7455 80 200 120
3.1764 2.3804 -2.8396 80 200 120
4.0757 9.1851 -0.8339 80 200 120
1.8111 3.7385 -2.9541 80 200 120
6.8966 5.0603 -1.3665 80 200 120
3.0300 1.2826 -1.9744 80 200 120
3.2830 4.8076 -2.7719 80 200 120
2.7052 2.5292 -1.8011 80 200 120
3.4135 1.6147 -2.1003 80 200 120
1.1543 5.5803 -2.5466 80 200 120
7.1034 5.4997 -2.8662 80 200 120
0.8937 3.9322 -2.3877 80 200 120
5.7819 2.4587 -1.6733 80 200 120
0.2634 3.6755 -2.3402 80 200 120
6.3807 3.7843 -1.6417 80 200 120
0.1330 0.7970 -2.9695 80 200 120
5.6005 5.4258 -2.3161 80 200 120
2.9871 2.2492 -2.0195 80 200 120
2.4189 2.2172 -2.8706 80 200 120
0.7904 4.6000 -2.2302 80 200 120
1.0310 4.0538 -2.9515 80 200 120
0.3688 3.4464 -2.8860 80 200 120
1.5982 7.6337 -2.7319 80 200 120
2.6129 2.4139 -1.9042 80 200 120
6.4058 4.3145 -2.9110 80 200 120
4.1268 4.9746 -1.7015 80 200 120
2.7165 3.2013 -2.5716 80 200 120
6.4397 6.3482 0.1527 80 200 120
3.5854 2.9297 -2.7985 80 200 120
1.7935 0.4388 -3.0074 80 200 120
3.0175 5.4132 -3.0099 80 200 120
3.5461 1.9264 -2.8114 80 200 120
0.6449 2.6146 -2.9654 80 200 120
2.8472 0.9420 -1.8698 80 200 120
3.2692 2.6503 -1.9542 80 200 120
1.9889 0.4150 -1.6397 80 200 120
5.0908 -1.3108 -1.6766 80 200 120
8.4180 2.2580 -3.0027 80 200 120
5.2935 -0.9055 -0.1522 80 200 120
1.3418 -2.2386 0.0514 80 200 120
1.9444 -2.5843 -1.2126 80 200 120
7.8528 5.8877 -0.4812 80 200 120
1.9549 0.4435 0.1281 80 200 120
1.2728 -1.7449 0.3514 80 200 120
4.0173 1.1020 0.3165 80 200 120
2.6092 2.2816 0.2987 80 200 120
5.8155 1.3837 0.1338 80 200 120
5.2038 -1.0104 -0.6816 80 200 120
4.6667 3.0873 0.2787 80 200 120
2.5408 1.9778 0.3009 80 200 120
0.1880 -0.7477 0.2643 80 200 120
3.5986 0.1520 -2.0012 80 200 120
5.0869 -1.4846 -0.7330 80 200 120
2.1143 -2.7491 -1.8111 80 200 120
5.9111 2.4173 -1.6407 80 200 120
0.8279 4.9872 -2.2206 80 200 120
0.1290 4.5791 -1.8485 80 200 120
1.3767 4.0440 -2.8015 80 200 120
7.2367 3.4988 -1.1681 80 200 120
-2.0893 0.0040 -0.3758 80 200 120
-1.5829 1.4460 -1.5556 80 200 120
-1.9487 -0.3339 -2.7047 80 200 120
-1.4777 1.6364 -1.4274 80 200 120
0.0168 0.2405 -3.0695 80 200 120
-0.4715 -0.0595 -2.8972 80 200 120
2.8249 1.0703 -2.5439 80 200 120
1.7190 0.2395 -2.4728 80 200 120
-1.2294 -0.3548 -2.7195 80 200 120
-0.7974 -1.2908 -2.9625 80 200 120
2.9173 4.1698 -2.9755 80 200 120
3.0628 7.6142 -2.8159 80 200 120
2.5683 2.3662 -2.5686 80 200 120
-0.5242 -0.1142 -2.8988 80 200 120
2.9341 2.1772 -2.8867 80 200 120
-1.3007 -1.0202 -2.9318 80 200 120
-1.5692 -0.8521 -2.9242 80 200 120
-1.0560 -1.1432 -2.9598 80 200 120
2.5570 7.7230 -2.8651 80 200 120
2.9387 6.2644 -2.9171 80 200 120
2.6826 0.5229 -2.7977 80 200 120
2.4720 2.5051 -2.6422 80 200 120
2.0103 1.4882 -2.9868 80 200 120
1.2848 3.2586 -2.9551 80 200 120
-0.0042 3.8440 -3.0135 80 200 120
2.0089 5.8422 -2.9566 80 200 120
6.1993 2.0776 -1.6587 80 200 120
0.8855 2.3778 -2.9967 80 200 120
3.7031 8.0977 -0.9636 80 200 120
5.7638 6.6209 0.0687 80 200 120
2.4693 8.0979 -1.6722 80 200 120
0.5760 -0.0770 -2.9780 80 200 120
0.7230 1.6101 -2.9477 80 200 120
7.1284 6.3482 -0.5482 80 200 120
1.4306 2.7799 -2.9716 80 200 120
2.9868 1.1784 -2.9824 80 200 120
2.0303 1.8388 -3.0071 80 200 120
3.7250 6.9521 -0.4194 80 200 120
2.2491 4.3554 -2.9681 80 200 120
3.5872 7.5371 -1.9148 80 200 120
0.8300 -0.2296 -2.9528 80 200 120
1.2633 1.2966 -2.9709 80 200 120
5.7360 7.5995 -0.4690 80 200 120
3.4833 5.7475 -1.6394 80 200 120
3.0029 2.1328 -2.8842 80 200 120
2.9550 8.1122 -2.0806 80 200 120
1.3040 0.0091 -2.9566 80 200 120
2.0493 0.3787 -2.7245 80 200 120
1.2449 0.9691 -2.9604 80 200 120
2.4680 1.0485 -2.9736 80 200 120
2.0584 1.1334 -2.9895 80 200 120
4.5657 2.4855 -2.4673 80 200 120
3.4684 4.2909 -2.7158 80 200 120
1.9762 3.4367 -2.9923 80 200 120
0.3176 0.4899 -2.9688 80 200 120
2.5302 0.9119 -1.8663 80 200 120
1.6484 -0.1169 -2.9501 80 200 120
-0.1560 2.2339 -3.0262 80 200 120
0.9628 1.4921 -2.9558 80 200 120
0.3442 0.1836 -2.9608 80 200 120
1.2435 2.0421 -2.9643 80 200 120
0.9625 1.0144 -2.9733 80 200 120
1.5243 1.1861 -2.9901 80 200 120
3.6827 5.2973 -1.0305 80 200 120
1.1845 -0.6546 -2.9865 80 200 120
1.7634 0.8196 -2.9624 80 200 120
5.9436 6.5227 -1.5913 80 200 120
1.7890 2.0425 -2.9774 80 200 120
1.0443 0.5513 -2.9722 80 200 120
0.5656 0.6271 -2.9684 80 200 120
2.6845 1.6288 -2.9698 80 200 120
0.8804 0.3050 -2.9714 80 200 120
3.0989 1.3987 -2.7348 80 200 120
0.7020 1.0078 -2.9597 80 200 120
1.5872 -0.3567 -2.9625 80 200 120
1.8143 4.7144 -2.9356 80 200 120
3.1620 8.0475 -1.2771 80 200 120
0.0447 2.7139 -2.9748 80 200 120
5.5497 2.4051 -2.2113 80 200 120
2.9700 3.2022 -2.4238 80 200 120
7.3799 5.1610 -2.3163 80 200 120
1.7094 0.2548 -2.3735 80 200 120
2.5320 0.2951 -2.8846 80 200 120
0.8727 3.7304 -2.8810 80 200 120
3.3598 -0.4064 -2.2230 80 200 120
3.9606 5.6789 -0.0094 80 200 120
3.1825 1.4352 -2.2703 80 200 120
0.6430 2.9455 -3.0026 80 200 120
0.7368 -0.7421 -2.9892 80 200 120
5.5068 2.2628 -1.6236 80 200 120
1.9665 1.2221 0.2955 80 200 120
4.9164 -1.6650 -0.9554 80 200 120
2.0269 0.3508 0.0170 80 200 120
3.5812 0.3909 -1.9885 80 200 120
4.8458 -1.8316 -1.3993 80 200 120
8.2130 4.8186 -0.7875 80 200 120
3.9301 -0.6807 0.4100 80 200 120
3.6684 2.3367 0.3195 80 200 120
3.1405 7.4299 -2.8426 80 200 120
0.6661 4.2904 -2.2453 80 200 120
1.1121 4.4789 -2.9077 80 200 120
2.9511 3.0939 -1.9484 80 200 120
5.8816 2.5015 -2.1708 80 200 120
3.1320 3.5167 -2.3523 80 200 120
0.7785 6.2614 0.3318 80 200 120
5.9763 2.8308 -2.4884 80 200 120
7.0372 1.2767 -1.3188 80 200 120
2.5170 4.8076 -2.9368 80 200 120
6.4370 2.1536 -1.5890 80 200 120
-0.3597 3.7876 -1.0458 80 200 120
-0.4919 3.6657 -0.7610 80 200 120
5.7430 2.0928 -2.1733 80 200 120
2.9797 4.7197 0.4140 80 200 120
1.1401 7.3180 -1.9804 80 200 120
-1.6033 -0.0154 -0.4986 80 200 120
-5.7804 0.0390 1.4718 80 200 120
-0.4863 3.3500 -0.3115 80 200 120
-0.3675 3.5326 -0.7250 80 200 120
-0.6533 3.0565 -0.0118 80 200 120
1.3257 -2.2892 0.0158 80 200 120
-1.3451 1.7993 -1.2426 80 200 120
-0.7092 3.3745 -0.8873 80 200 120
0.2693 4.8742 0.2232 80 200 120
-0.1687 4.2570 0.2548 80 200 120
-0.7555 1.2265 -2.5730 80 200 120
0.0479 0.8505 -2.6532 80 200 120
-0.7380 1.2032 -3.0178 80 200 120
3.1517 -0.0201 -2.7025 80 200 120
-2.5074 -0.4953 -0.7697 80 200 120
1.6564 0.1727 -2.4530 80 200 120
-0.2139 0.7456 -2.3114 80 200 120
-0.2941 0.6067 -2.2466 80 200 120
2.8829 0.1367 -2.6998 80 200 120
2.5603 0.2852 -2.9416 80 200 120
0.0049 0.8514 -2.4314 80 200 120
2.7697 0.1321 -2.2188 80 200 120
2.0635 0.3702 -1.7793 80 200 120
2.8528 0.1148 -3.0427 80 200 120
-0.1680 0.9225 -2.3740 80 200 120
2.3981 0.5885 -1.7969 80 200 120
1.0020 4.0199 -2.9322 80 200 120
1.9356 0.4375 -2.9490 80 200 120
1.8006 0.4335 -2.9536 80 200 120
3.4038 6.7421 -2.6619 80 200 120
-0.3873 0.5848 -2.2482 80 200 120
3.4368 4.7485 -2.8017 80 200 120
0.7357 -0.7411 -2.9724 80 200 120
-0.3754 3.7189 -1.0431 80 200 120
0.0266 4.7223 -1.2013 80 200 120
-1.3476 1.5361 -0.7048 80 200 120
1.5226 4.2624 -2.9908 80 200 120
3.6621 4.9592 -2.3215 80 200 120
1.8761 8.2331 -1.7690 80 200 120
0.7401 -0.2471 -2.9577 80 200 120
0.1986 0.7268 -2.6772 80 200 120
2.8520 4.7144 -2.9811 80 200 120
2.5482 -0.0762 -2.1856 80 200 120
5.5969 2.6997 -1.8934 80 200 120
5.1817 6.6767 0.1297 80 200 120
2.4660 2.3587 -2.7533 80 200 120
0.9263 2.9496 -2.9434 80 200 120
2.5476 0.2767 -2.2255 80 200 120
2.6365 -0.2200 -1.7985 80 200 120
5.3536 0.5819 -2.0465 80 200 120
4.5191 -1.7486 0.2712 80 200 120
4.1146 3.2674 0.3276 80 200 120
4.9863 -1.6751 -0.4912 80 200 120
0.7705 0.6596 0.3177 80 200 120
3.5584 0.5290 -1.9550 80 200 120
4.7332 0.2682 0.3778 80 200 120
5.8024 0.3805 -1.3337 80 200 120
4.9309 -1.5077 0.2873 80 200 120
4.9927 2.8818 0.3072 80 200 120
3.2221 1.6277 0.3439 80 200 120
1.9953 1.4279 0.2844 80 200 120
4.0914 -1.0226 0.2702 80 200 120
3.8303 -1.4588 0.1077 80 200 120
3.9983 -0.9435 -2.8384 80 200 120
4.6347 -1.7138 -2.5441 80 200 120
4.8761 -0.1382 0.3699 80 200 120
3.6394 -0.7105 -2.8784 80 200 120
2.7819 1.8945 0.3043 80 200 120
3.4607 -0.3126 0.3635 80 200 120
4.5290 0.6639 0.3679 80 200 120
1.4487 -2.4005 -0.3312 80 200 120
2.6141 7.5069 -2.8439 80 200 120
5.7906 0.4195 -0.1813 80 200 120
0.0111 4.8675 -1.8895 80 200 120
4.5161 0.6714 0.3631 80 200 120
-0.6394 3.4654 -0.2946 80 200 120
6.9559 5.2581 -2.9087 80 200 120
7.4161 3.9861 -3.5198 80 200 120
2.5819 2.2429 -1.8368 80 200 120
2.1604 4.6467 -3.0411 80 200 120
1.2753 7.4007 -0.6945 80 200 120
-0.3773 3.7827 -1.0176 80 200 120
1.6246 3.6135 0.2162 80 200 120
1.9067 -1.7871 0.3032 80 200 120
-1.3948 0.1291 -2.4098 80 200 120
-1.1649 1.6546 -3.0486 80 200 120
2.7943 0.0282 -2.1410 80 200 120
-0.3262 1.9196 -3.0089 80 200 120
0.4277 -1.5932 -2.8466 80 200 120
5.2357 -1.6208 -3.0596 80 200 120
3.2944 5.2768 -2.4856 80 200 120
2.5324 7.6805 -2.9210 80 200 120
0.9196 4.4173 -2.4675 80 200 120
3.2067 2.4598 -2.8725 80 200 120
3.1425 1.4118 -2.7920 80 200 120
3.0384 8.3480 -2.1193 80 200 120
3.5616 1.3104 -1.9455 80 200 120
2.6246 -0.1654 -2.4647 80 200 120
2.5747 0.2391 -1.9822 80 200 120
2.8903 0.9561 -3.0067 80 200 120
5.1573 3.8585 -2.9581 80 200 120
7.3926 5.7704 0.2364 80 200 120
1.4851 7.2568 -1.7785 80 200 120
2.6133 -0.1558 -2.9155 80 200 120
6.1059 2.4889 -1.6811 80 200 120
8.2937 5.7623 0.2083 80 200 120
4.1317 -1.2653 -2.6510 80 200 120
2.6213 0.4260 -2.9437 80 200 120
7.5115 2.3087 -1.9274 80 200 120
5.0382 -1.6142 -2.2335 80 200 120
0.3953 -1.4593 0.4305 80 200 120
5.6246 -0.1414 -1.3794 80 200 120
2.8813 0.6218 -1.8585 80 200 120
4.9957 -1.5836 -1.5640 80 200 120
5.0940 -1.3856 -1.3287 80 200 120
1.6209 8.0842 -2.8497 80 200 120
2.2345 6.8321 -3.1217 80 200 120
6.4152 1.9219 0.1865 80 200 120
-0.2766 3.9797 -0.1437 80 200 120
3.5425 1.4587 0.3344 80 200 120
6.0220 3.8625 -2.7808 80 200 120
-1.5112 -0.5854 -0.8134 80 200 120
-2.1994 -0.7451 -0.3954 80 200 120
-2.0902 -0.7987 -0.2246 80 200 120
-2.6531 -0.0874 0.1324 80 200 120
-2.6725 0.2023 0.9430 80 200 120
0.6848 5.7905 0.2435 80 200 120
0.3352 5.3768 -0.2247 80 200 120
-0.0672 0.3203 -2.6952 80 200 120
-0.8267 1.2540 -2.6736 80 200 120
0.0121 0.2771 -3.1026 80 200 120
-0.0134 1.6179 -2.9762 80 200 120
0.6116 0.7572 -3.0006 80 200 120
-0.1530 0.8678 -2.3293 80 200 120
1.2308 3.9339 -3.0827 80 200 120
1.1927 6.7966 -1.9242 80 200 120
2.9773 2.2681 -2.4786 80 200 120
0.0940 0.8391 -2.6183 80 200 120
-0.8483 0.2716 -2.2588 80 200 120
-0.0394 4.9042 -1.1942 80 200 120
-1.3449 1.8507 -0.9592 80 200 120
-0.0508 0.5171 -2.5868 80 200 120
-0.5888 3.8311 -0.7538 80 200 120
2.4711 8.3067 -1.6577 80 200 120
-1.0340 -0.2735 -2.5885 80 200 120
1.1004 6.8635 -1.3776 80 200 120
1.1996 6.6757 -0.7795 80 200 120
-0.8745 0.9304 -0.5268 80 200 120
3.3614 3.2479 -1.8486 80 200 120
2.5606 4.8500 -2.9607 80 200 120
7.6649 4.4883 0.2066 80 200 120
1.4178 3.6313 -3.0240 80 200 120
6.1792 0.7921 -1.1288 80 200 120
5.2992 0.3189 -2.0577 80 200 120
6.2834 2.0503 -1.6263 80 200 120
4.1882 3.8713 -2.7261 80 200 120
2.6869 -0.2177 -2.1886 80 200 120
2.6559 -0.1880 -1.8150 80 200 120
5.9081 5.0033 -2.9309 80 200 120
1.6398 6.1222 -2.9675 80 200 120
2.7234 2.1810 -2.0107 80 200 120
3.6335 6.2304 -0.5852 80 200 120
1.7326 0.3537 -2.7701 80 200 120
1.1942 -0.7114 -2.9881 80 200 120
3.2284 1.1425 -2.0259 80 200 120
0.7388 1.6053 -2.9633 80 200 120
1.9221 8.8912 -2.5359 80 200 120
3.5085 0.4368 -1.9638 80 200 120
4.6097 -2.2523 0.2565 80 200 120
4.4118 -2.9909 -0.1403 80 200 120
3.8352 -2.1190 0.2772 80 200 120
7.3016 2.8257 -1.0479 80 200 120
6.2441 3.8900 0.1801 80 200 120
5.5270 2.1170 0.3241 80 200 120
3.8583 -1.7369 0.3660 80 200 120
4.6464 -2.5409 -1.0429 80 200 120
4.0412 -0.2154 0.3491 80 200 120
5.5523 -0.2182 -0.7768 80 200 120
6.7370 1.3433 -1.0114 80 200 120
6.2130 1.7735 -2.0698 80 200 120
6.6542 3.8830 -0.1268 80 200 120
4.1422 -2.8753 -2.1475 80 200 120
5.3039 -2.4095 -2.9212 80 200 120
4.5456 -2.5758 -1.7998 80 200 120
3.4502 0.7644 -1.9222 80 200 120
4.7176 -1.3880 -2.8133 80 200 120
6.5109 4.6762 0.3748 80 200 120
3.1257 -1.0703 0.3003 80 200 120
6.5330 4.9303 -2.8104 80 200 120
1.2782 6.2927 -2.8313 80 200 120
2.7218 2.8581 -1.8912 80 200 120
0.5086 4.1663 -2.2247 80 200 120
4.7081 5.9170 0.3106 80 200 120
0.3263 5.6452 -2.0456 80 200 120
3.2064 4.9449 -2.5012 80 200 120
1.5532 5.2893 -3.0721 80 200 120
3.1052 3.2149 -1.8491 80 200 120
1.2684 6.8693 0.1907 80 200 120
2.6374 6.1451 -2.9640 80 200 120
5.9676 1.6876 -1.8312 80 200 120
5.3823 1.3713 0.3690 80 200 120
-1.6345 -0.2688 -0.8361 80 200 120
-0.1636 0.3905 -2.4416 80 200 120
-0.9129 -0.1537 -2.7045 80 200 120
1.6523 3.6839 0.2801 80 200 120
-1.1956 2.1685 -2.4357 80 200 120
-0.8032 0.3956 -2.2135 80 200 120
-1.0560 2.3053 -1.8512 80 200 120
0.8867 0.2719 -3.0220 80 200 120
2.6218 -0.1912 -2.9868 80 200 120
0.0364 -1.5036 -2.8561 80 200 120
-0.9304 0.3899 -2.2365 80 200 120
0.0360 0.8215 -3.0468 80 200 120
2.5796 0.2761 -1.9470 80 200 120
2.6567 0.2059 -2.6647 80 200 120
1.9957 0.3830 -3.0395 80 200 120
1.7230 0.2946 -2.4275 80 200 120
2.5342 0.4344 -2.8193 80 200 120
-0.4665 -1.0684 -2.8112 80 200 120
2.9581 0.9827 -3.0958 80 200 120
2.8619 0.6746 -2.7954 80 200 120
2.3571 0.8344 -3.1047 80 200 120
-0.0078 2.7552 -3.0306 80 200 120
1.7818 0.4016 -3.0172 80 200 120
3.3497 5.3143 -2.5121 80 200 120
3.0576 1.2119 -3.0601 80 200 120
-1.3680 1.5579 -0.7138 80 200 120
2.8751 3.3865 -2.4046 80 200 120
1.9073 0.4227 -2.9903 80 200 120
4.3523 0.2657 -1.9513 80 200 120
3.2735 1.0342 -2.0746 80 200 120
1.1913 0.2155 -3.0044 80 200 120
2.9440 8.1977 -2.2057 80 200 120
2.4841 8.1338 -1.6198 80 200 120
6.3973 3.1880 -1.4819 80 200 120
3.0604 1.3444 -2.9381 80 200 120
6.6547 4.1526 -2.5359 80 200 120
3.6472 1.2739 -1.9681 80 200 120
2.5660 0.2614 -2.0711 80 200 120
2.5967 0.2473 -2.7837 80 200 120
3.6426 1.4341 -2.0390 80 200 120
2.5488 -0.1769 -3.0780 80 200 120
5.7830 6.6996 -0.0553 80 200 120
1.2161 2.4564 -2.9463 80 200 120
3.8498 0.7112 -2.0030 80 200 120
2.3102 3.3564 -3.0037 80 200 120
4.2481 -3.1026 0.2982 80 200 120
3.9963 0.8964 -2.0155 80 200 120
3.8249 -3.0398 0.4588 80 200 120
4.1504 -3.4896 -0.9703 80 200 120
4.0708 1.5889 0.3487 80 200 120
5.1047 -0.4971 0.4209 80 200 120
4.7935 -1.8494 -2.2220 80 200 120
4.0371 -3.5011 -1.7030 80 200 120
4.8240 -2.2007 -3.0783 80 200 120
7.5677 2.3585 -1.9159 80 200 120
3.5002 -3.4535 -0.1360 80 200 120
4.8894 -2.0573 0.1466 80 200 120
4.4725 -2.1592 -2.3653 80 200 120
6.2754 3.9916 -2.8598 80 200 120
6.4256 3.4599 -3.0826 80 200 120
5.3379 4.5960 -2.9670 80 200 120
6.7170 5.9983 -2.8876 80 200 120
5.2293 3.8868 -3.0146 80 200 120
4.5005 1.9668 -2.1512 80 200 120
1.6476 7.5147 -2.7917 80 200 120
1.0885 4.5028 -2.2818 80 200 120
2.1380 5.9156 -2.8514 80 200 120
1.9711 4.5091 -3.0718 80 200 120
2.5468 4.8585 -2.9906 80 200 120
-0.5241 3.6965 -0.8083 80 200 120
2.1473 7.9731 -2.7903 80 200 120
6.0471 2.2161 -2.0520 80 200 120
-0.8287 3.5907 -0.2887 80 200 120
3.9822 1.5186 0.3129 80 200 120
4.9912 2.8900 0.2986 80 200 120
2.5887 3.5664 0.3187 80 200 120
-1.6584 -0.8356 -0.4320 80 200 120
-1.5689 -0.8300 -0.3813 80 200 120
0.4750 -1.2551 0.3473 80 200 120
-0.0957 0.2420 -2.5348 80 200 120
-0.9695 2.6671 -2.4203 80 200 120
0.0924 4.6273 -1.1021 80 200 120
-0.5114 1.1343 -2.4317 80 200 120
-1.4141 -0.9923 -2.9819 80 200 120
-0.4737 0.2244 -2.3409 80 200 120
-0.0183 0.6144 -2.3757 80 200 120
-0.5531 1.1833 -2.5679 80 200 120
1.5060 0.3130 -2.9807 80 200 120
1.9667 0.8436 -2.9892 80 200 120
-1.2343 -0.4794 -2.7538 80 200 120
2.7533 0.1821 -1.9449 80 200 120
2.6390 -0.1657 -2.2179 80 200 120
2.5783 -0.0938 -2.0642 80 200 120
1.6652 5.0739 -3.0362 80 200 120
0.1377 0.8383 -2.9893 80 200 120
3.8608 3.4658 -2.8957 80 200 120
0.9720 5.3273 -2.3061 80 200 120
-0.5235 3.7554 -0.7577 80 200 120
-1.3660 -0.7632 -2.8880 80 200 120
2.2275 8.9468 -0.6173 80 200 120
3.6206 2.3745 -2.9706 80 200 120
2.0184 0.3789 -3.0306 80 200 120
2.7231 0.5864 -3.0333 80 200 120
0.8169 -0.2277 -2.9756 80 200 120
2.3114 -0.0500 -3.0125 80 200 120
2.5764 0.2668 -2.4121 80 200 120
1.8816 3.8848 -2.9520 80 200 120
1.2880 4.9355 -2.8558 80 200 120
3.6914 1.1288 -1.9332 80 200 120
4.5975 3.9250 -2.9973 80 200 120
2.7380 0.5163 -1.9627 80 200 120
0.9251 3.0103 -2.9906 80 200 120
3.8339 2.0444 -2.4461 80 200 120
6.8506 2.4462 -0.8938 80 200 120
7.9821 6.3707 -1.9318 80 200 120
1.5175 1.9492 -2.9718 80 200 120
2.1772 0.0179 -2.9788 80 200 120
3.0743 0.0644 -1.9147 80 200 120
2.6505 -0.1817 -2.6678 80 200 120
2.5729 0.2703 -2.2762 80 200 120
4.7177 -2.3341 -3.0348 80 200 120
3.6500 0.4978 -1.9646 80 200 120
6.5123 6.8801 -0.6721 80 200 120
3.6880 2.7986 -2.9655 80 200 120
4.6365 1.5045 0.3146 80 200 120
7.1678 3.6443 -0.1046 80 200 120
3.8469 1.2677 0.2892 80 200 120
6.9888 2.4635 -0.8778 80 200 120
3.1622 -3.1193 0.2100 80 200 120
4.3669 -2.5788 0.2181 80 200 120
4.1719 -3.3106 -0.0872 80 200 120
3.5272 0.4712 -1.9412 80 200 120
2.3035 -2.7937 -0.6993 80 200 120
3.7480 -3.4412 -1.0387 80 200 120
2.2801 -2.7184 -1.1363 80 200 120
3.6730 0.3103 -1.9890 80 200 120
2.9023 -3.0377 -0.7590 80 200 120
4.3851 -3.2045 -1.2145 80 200 120
3.2021 8.1789 -2.8696 80 200 120
1.5942 5.3234 -3.0975 80 200 120
4.7711 4.7853 -2.5855 80 200 120
0.2202 -0.9004 0.2698 80 200 120
-1.0189 2.0819 -2.8153 80 200 120
-0.0551 0.5285 -2.5850 80 200 120
-1.8617 -0.7162 -2.8754 80 200 120
-1.0399 -0.1539 -2.6983 80 200 120
-0.5318 -1.1105 -2.8134 80 200 120
-0.0220 0.9233 -2.3551 80 200 120
2.5631 -0.0599 -2.4580 80 200 120
2.0595 0.2550 -2.9297 80 200 120
-2.0868 -0.1782 -1.6090 80 200 120
-1.3627 1.6081 -2.9619 80 200 120
2.6702 -0.0463 -2.1444 80 200 120
-1.7421 -0.7336 -0.6559 80 200 120
2.5689 0.2824 -2.9226 80 200 120
2.6589 -0.2251 -3.0216 80 200 120
2.2937 -0.0419 -3.0039 80 200 120
2.5265 -0.2374 -3.2157 80 200 120
2.5532 0.2864 -2.0198 80 200 120
-2.3383 -0.4520 -0.7700 80 200 120
2.8838 1.0314 -2.9185 80 200 120
1.2184 1.1361 -3.0027 80 200 120
2.0761 1.0502 -2.9865 80 200 120
1.3184 0.9701 -2.9908 80 200 120
-0.9612 -0.2272 -2.9921 80 200 120
1.6428 7.4436 -1.2851 80 200 120
1.3448 7.2411 -2.3110 80 200 120
4.8468 4.2306 -3.1057 80 200 120
-1.2037 -0.2185 -2.7335 80 200 120
7.7071 7.1058 -3.5450 80 200 120
3.8212 3.1064 -2.9867 80 200 120
-0.4808 3.8445 -1.0244 80 200 120
0.5497 -0.1007 -2.9942 80 200 120
3.8923 3.4672 -2.6188 80 200 120
1.4943 7.7839 0.2275 80 200 120
-0.6778 3.3472 -0.9371 80 200 120
3.0859 1.1007 -1.9834 80 200 120
3.1386 0.5996 -1.9502 80 200 120
2.7561 0.6208 -3.0293 80 200 120
3.6844 0.3544 -1.9910 80 200 120
7.1725 3.0146 -0.0202 80 200 120
2.5185 0.7567 -2.9714 80 200 120
1.0664 4.3089 -2.9629 80 200 120
5.9446 0.4323 -0.1941 80 200 120
4.4990 2.8430 -2.9666 80 200 120
2.7670 0.6960 -1.9335 80 200 120
2.5707 0.2751 -2.5708 80 200 120
7.4401 5.7273 0.1678 80 200 120
4.5837 -2.2781 -2.3783 80 200 120
6.0506 0.5177 -0.1997 80 200 120
2.6449 -0.1793 -1.8058 80 200 120
4.6779 -2.4143 -3.0213 80 200 120
3.6019 0.2101 -1.9765 80 200 120
2.3552 -0.5748 -1.7933 80 200 120
2.0802 -2.3979 0.4124 80 200 120
3.9727 -1.5598 -3.0129 80 200 120
2.9615 -2.0319 0.2983 80 200 120
6.7166 2.4218 0.2122 80 200 120
3.4333 0.0808 -1.9680 80 200 120
3.3723 6.5672 -1.0892 80 200 120
0.4954 5.5366 -0.0941 80 200 120
3.4286 5.3396 -1.4113 80 200 120
4.3085 4.1430 -2.9392 80 200 120
4.6673 4.0265 -3.0514 80 200 120
5.6663 0.3092 0.2266 80 200 120
6.3003 1.2320 -1.3506 80 200 120
2.3268 6.1084 0.3547 80 200 120
1.2659 4.5967 -2.9422 80 200 120
5.2121 0.9088 -2.0331 80 200 120
3.2154 2.7861 -1.9627 80 200 120
6.0703 5.9339 -2.7941 80 200 120
6.3254 1.7567 -1.8609 80 200 120
-1.7287 -0.0195 -0.6307 80 200 120
-2.4716 0.0915 0.7688 80 200 120
1.3284 7.4936 0.1935 80 200 120
0.9739 6.4288 0.2463 80 200 120
-1.5275 1.3812 -3.1444 80 200 120
-0.7513 2.9084 -2.3932 80 200 120
-1.3439 1.9503 -3.2685 80 200 120
0.1828 1.5384 -3.0229 80 200 120
2.6744 0.5136 -2.7143 80 200 120
0.5528 1.3888 -3.0322 80 200 120
1.7374 0.3623 -2.5632 80 200 120
-2.2076 -0.0114 -0.5765 80 200 120
0.4524 1.2264 -3.0017 80 200 120
1.3042 0.9814 -2.9832 80 200 120
2.4928 8.4927 -1.6319 80 200 120
1.1428 7.0054 -1.4806 80 200 120
-0.5541 3.0854 -0.6966 80 200 120
2.0251 0.3571 -3.0547 80 200 120
1.7610 0.3916 -2.9853 80 200 120
-2.7649 0.8578 -0.6536 80 200 120
3.1180 1.3882 -2.1172 80 200 120
2.9302 0.9737 -1.9488 80 200 120
3.5038 3.3868 -2.8290 80 200 120
2.6001 6.6935 -2.8518 80 200 120
2.9985 2.3782 -2.8842 80 200 120
6.0028 2.2108 -2.0843 80 200 120
2.6684 -0.2231 -1.8182 80 200 120
2.8564 0.1371 -1.9608 80 200 120
2.8294 0.8822 -1.9255 80 200 120
3.0986 1.6249 -3.0454 80 200 120
4.2177 0.5233 -1.9371 80 200 120
6.3659 3.1522 0.5405 80 200 120
5.1895 0.7746 0.3819 80 200 120
4.8768 -3.5143 -3.1874 80 200 120
1.8794 -1.9212 0.4538 80 200 120
4.0226 -2.0027 -3.0111 80 200 120
4.3057 -1.8323 0.3909 80 200 120
0.0688 4.7109 -1.2438 80 200 120
2.1422 6.2578 -3.0511 80 200 120
6.6468 7.1227 -0.6263 80 200 120
1.8791 5.3208 -3.1478 80 200 120
-0.6609 3.5072 -0.2779 80 200 120
5.8758 0.4211 -0.1349 80 200 120
6.1180 0.7893 -1.1197 80 200 120
4.8163 4.9949 -2.6380 80 200 120
4.2717 0.9523 -2.0244 80 200 120
1.0356 5.7534 -2.4869 80 200 120
5.1498 6.7529 0.1114 80 200 120
-0.1150 4.3901 0.2693 80 200 120
3.0975 9.4881 -2.2477 80 200 120
-0.6468 3.8361 -0.6512 80 200 120
-0.5557 3.9657 -0.9960 80 200 120
-0.8168 3.2437 0.1104 80 200 120
-1.0338 3.0157 0.1089 80 200 120
3.6005 4.9405 -1.6352 80 200 120
-1.7880 2.6904 0.5206 80 200 120
-1.6091 0.6170 -0.1183 80 200 120
-1.6667 0.9405 0.0356 80 200 120
-1.8767 0.7069 0.3062 80 200 120
-1.0125 1.0029 -0.0885 80 200 120
-4.1995 0.2266 0.3507 80 200 120
-1.3825 1.0741 -0.0810 80 200 120
-1.0260 1.1350 -0.0657 80 200 120
-2.8416 0.1615 -0.1898 80 200 120
-0.4072 -0.0267 -2.8748 80 200 120
-0.0310 0.2789 -2.7028 80 200 120
-0.5228 3.4561 -2.4846 80 200 120
0.2041 0.8529 -2.5536 80 200 120
0.6947 3.0775 0.3031 80 200 120
0.0466 0.8867 -2.3311 80 200 120
-1.1396 1.8478 -2.8477 80 200 120
-0.3922 -1.0085 -2.7630 80 200 120
2.1932 0.0046 -2.9991 80 200 120
2.3043 0.0154 -2.8683 80 200 120
0.9766 1.0470 -2.9980 80 200 120
-1.7398 -0.0761 -1.9909 80 200 120
-0.1595 1.0744 -2.3420 80 200 120
0.7484 1.5771 -2.9508 80 200 120
1.5162 1.1593 -2.9836 80 200 120
-1.0479 2.0689 -2.9286 80 200 120
1.6941 1.1732 -2.9521 80 200 120
-0.6962 3.4857 -0.3199 80 200 120
2.5847 2.1795 -2.9003 80 200 120
-0.0274 0.2279 -3.0609 80 200 120
3.0058 1.1869 -3.0086 80 200 120
-0.8944 1.4396 -0.8494 80 200 120
2.5056 2.3432 -2.5183 80 200 120
4.1490 3.8947 -2.3964 80 200 120
4.1687 3.8868 -2.7937 80 200 120
2.9415 1.0688 -2.9920 80 200 120
4.7303 4.8941 -2.4620 80 200 120
5.0479 0.7549 -2.0173 80 200 120
3.1855 1.4606 -2.3271 80 200 120
7.0169 6.9877 0.3414 80 200 120
7.2208 6.4319 0.2957 80 200 120
1.8696 -0.5218 -2.7666 80 200 120
2.6646 -0.2243 -2.1998 80 200 120
3.0777 0.0699 -1.9150 80 200 120
2.6417 -0.1679 -2.3423 80 200 120
8.6381 5.1181 -0.5517 80 200 120
4.8811 4.6067 -2.6856 80 200 120
2.0240 0.1783 0.0811 80 200 120
1.9521 -2.6140 -1.1893 80 200 120
3.2795 -2.4835 0.2704 80 200 120
2.8358 -2.6073 0.3154 80 200 120
6.7403 3.8443 0.2923 80 200 120
2.0165 0.3822 0.3753 80 200 120
4.1761 -2.9294 -2.1410 80 200 120
3.5293 -1.7607 0.4132 80 200 120
2.0400 0.2071 -0.7993 80 200 120
4.5408 5.0921 -1.7844 80 200 120
1.2882 4.5036 -2.8782 80 200 120
0.1897 5.2224 -0.4788 80 200 120
-1.3977 -0.0979 -1.3108 80 200 120
-1.7983 -0.0645 -1.1684 80 200 120
-1.2563 1.3067 0.0783 80 200 120
-0.7114 0.7499 -0.6873 80 200 120
-1.1127 0.8904 -0.0821 80 200 120
-2.2901 0.4792 0.5835 80 200 120
-1.2777 1.1855 0.5417 80 200 120
0.8533 -0.0317 -0.9670 80 200 120
-0.5475 0.0359 -2.3072 80 200 120
1.8417 7.4678 0.0552 80 200 120
-0.8330 2.4872 -2.8836 80 200 120
1.7233 -1.8217 0.3823 80 200 120
-1.9691 -0.7382 -2.9102 80 200 120
-1.9126 0.8911 -1.1190 80 200 120
-1.3529 -0.8163 -2.2533 80 200 120
0.8773 0.7470 -2.9778 80 200 120
-0.0865 2.1248 -2.9374 80 200 120
1.3953 1.6690 -2.9835 80 200 120
3.3288 7.9261 -1.1971 80 200 120
4.6650 4.1009 -3.0106 80 200 120
1.8991 0.4401 -2.9408 80 200 120
2.0068 0.3741 -2.9774 80 200 120
5.3778 4.6266 -2.8273 80 200 120
6.5547 4.9786 -2.8734 80 200 120
5.9952 4.1015 -2.8753 80 200 120
3.2980 3.0677 -2.7309 80 200 120
1.2654 6.1618 0.0060 80 200 120
1.8048 0.4399 -2.8811 80 200 120
2.2274 9.1948 -0.4669 80 200 120
0.2959 1.0368 -3.0049 80 200 120
5.7412 1.0624 -1.3996 80 200 120
3.1979 1.4779 -2.1182 80 200 120
4.2199 -2.9945 -2.1725 80 200 120
3.2268 2.9165 -2.2318 80 200 120
2.9913 2.5231 -1.8191 80 200 120
4.0304 4.1810 -1.9856 80 200 120
3.8058 2.0718 -2.1820 80 200 120
4.0932 0.5195 -1.8968 80 200 120
1.9881 3.9593 -2.9610 80 200 120
3.1896 2.0344 -3.0268 80 200 120
2.9225 0.9055 -1.9424 80 200 120
5.9052 0.9455 -1.3797 80 200 120
3.0882 0.0529 -1.9115 80 200 120
1.7125 -2.6183 -0.3718 80 200 120
4.1482 0.1659 -1.9867 80 200 120
3.9100 -3.3347 0.2313 80 200 120
1.2413 -1.7704 0.4367 80 200 120
1.5651 3.7060 0.3505 80 200 120
4.1703 0.9309 -1.9923 80 200 120
1.9627 7.0816 -1.9752 80 200 120
0.5816 3.2128 0.4069 80 200 120
1.2272 6.0328 -2.3500 80 200 120
9.8720 8.3367 -2.3014 80 200 120
5.3258 0.8449 -2.0573 80 200 120
4.0335 4.0926 -2.0708 80 200 120
1.4547 7.5049 -2.4432 80 200 120
3.4674 3.2480 0.2756 80 200 120
-3.5172 -0.1363 -0.6763 80 200 120
-0.9670 -0.0034 -1.2008 80 200 120
-4.3057 0.0826 0.7101 80 200 120
-1.2183 -0.6725 -0.3136 80 200 120
-3.3233 0.1258 -0.3642 80 200 120
-1.6430 -0.8196 -0.7778 80 200 120
-1.4104 -1.1923 -2.9873 80 200 120
-1.2977 1.3315 -3.0370 80 200 120
-1.0477 1.7787 -2.8191 80 200 120
-1.3438 1.5200 -2.8559 80 200 120
0.2246 0.2245 -2.7202 80 200 120
2.1901 -0.0052 -3.0017 80 200 120
2.3751 -0.0661 -2.9555 80 200 120
-0.5840 1.9027 -2.3173 80 200 120
-0.2630 1.8869 -2.9835 80 200 120
-1.1422 1.3046 -2.8625 80 200 120
-2.2474 -0.4424 -0.7886 80 200 120
2.1698 -0.0879 -2.9187 80 200 120
-1.3068 1.7250 -2.9839 80 200 120
0.8373 1.2153 -3.0176 80 200 120
1.8446 -0.6157 -2.8649 80 200 120
1.7457 -0.8792 -2.7797 80 200 120
2.6334 -0.1546 -2.5006 80 200 120
2.5596 0.2712 -2.6548 80 200 120
1.5996 0.3504 -2.8423 80 200 120
1.2320 1.7021 -2.9784 80 200 120
-2.2956 -0.0211 -0.5147 80 200 120
-0.3546 1.6234 -2.9790 80 200 120
4.2871 4.1373 -2.4673 80 200 120
2.1733 -0.0003 -3.0043 80 200 120
2.6316 0.3987 -3.0094 80 200 120
2.9914 2.4908 -2.8691 80 200 120
1.9908 8.5381 0.0014 80 200 120
3.0909 1.3945 -2.6830 80 200 120
3.5743 0.2459 -1.9183 80 200 120
2.0428 0.1994 -2.6814 80 200 120
3.1455 2.6541 -2.8098 80 200 120
3.2583 1.9037 -2.8677 80 200 120
5.1675 6.7187 -1.3652 80 200 120
2.8447 2.0964 -2.9102 80 200 120
2.3006 -0.1041 -3.0771 80 200 120
2.0632 0.2448 -2.9792 80 200 120
2.7126 0.5911 -3.0206 80 200 120
5.8300 2.8519 0.3069 80 200 120
3.9624 -3.4997 -1.6897 80 200 120
1.7586 0.4205 0.1555 80 200 120
0.7862 7.0521 -0.7247 80 200 120
1.6860 7.6299 -1.5852 80 200 120
3.7150 5.2149 0.0676 80 200 120
2.0042 8.4532 -0.1191 80 200 120
3.6804 4.0472 -2.4152 80 200 120
-0.2302 5.1914 -1.1217 80 200 120
-1.1289 3.0827 0.1605 80 200 120
-0.6121 3.3650 -0.3865 80 200 120
-0.2301 5.0288 0.1390 80 200 120
4.6518 4.0104 -2.9809 80 200 120
0.4729 5.8388 -0.7191 80 200 120
6.4438 0.6378 -0.6181 80 200 120
4.4182 4.3895 -2.5511 80 200 120
3.3156 5.4118 -0.4176 80 200 120
1.0464 4.1767 -2.6659 80 200 120
-0.6050 3.0676 0.0040 80 200 120
6.4271 4.5380 0.3653 80 200 120
4.3927 0.6742 0.3417 80 200 120
1.9566 1.2113 0.3336 80 200 120
-0.2249 0.0401 -1.6325 80 200 120
-3.9793 0.2519 -0.3965 80 200 120
-1.0255 0.0448 -1.4378 80 200 120
-1.8394 0.8271 -0.0831 80 200 120
-0.7711 -0.3221 -1.1724 80 200 120
-5.8320 0.1093 0.5645 80 200 120
-9.8790 0.0931 1.3187 80 200 120
3.3535 5.3579 0.0611 80 200 120
1.8621 8.5185 -0.4273 80 200 120
0.1629 0.8427 -2.5568 80 200 120
-1.1850 -0.2159 -2.8131 80 200 120
0.2132 3.6323 -2.3320 80 200 120
2.3359 8.2811 0.2822 80 200 120
1.3211 7.1037 -0.7380 80 200 120
0.5578 5.0427 -1.9647 80 200 120
-0.1976 0.1767 -2.2379 80 200 120
1.7107 -0.8877 -2.4635 80 200 120
-0.1519 1.0672 -2.3419 80 200 120
1.2881 0.8282 -2.9471 80 200 120
-1.2485 -0.1799 -1.3131 80 200 120
-0.6888 0.9042 -1.5440 80 200 120
-0.8738 -0.2838 -1.9852 80 200 120
1.9746 0.0997 -2.6043 80 200 120
2.6377 -0.1578 -2.2434 80 200 120
-1.7636 0.9679 -1.0634 80 200 120
1.0022 2.0732 -2.9837 80 200 120
1.7696 0.4100 -2.9120 80 200 120
3.0919 1.3875 -2.4357 80 200 120
-2.2129 -0.5090 -2.9486 80 200 120
1.2766 6.5390 0.1347 80 200 120
4.0147 4.2203 -2.0300 80 200 120
0.9200 6.3499 0.2311 80 200 120
6.5663 5.8809 -2.1574 80 200 120
3.3380 0.7334 -1.8954 80 200 120
6.2283 1.7295 -1.2030 80 200 120
2.5547 0.2707 -2.6034 80 200 120
3.6061 0.1459 -1.8853 80 200 120
3.4557 0.1337 -1.9116 80 200 120
5.6736 -0.7330 -1.2900 80 200 120
7.5462 4.3897 0.1621 80 200 120
6.4744 3.6563 0.1820 80 200 120
4.0803 1.5763 0.3144 80 200 120
6.0602 2.0529 -1.0939 80 200 120
1.3324 -2.2578 0.0475 80 200 120
6.7764 2.4941 0.0637 80 200 120
3.4241 0.0358 -1.9135 80 200 120
3.6118 1.1216 0.3995 80 200 120
6.2910 6.1946 0.2214 80 200 120
6.0896 7.1436 -1.4178 80 200 120
2.0719 3.3024 0.1964 80 200 120
-0.7949 2.2855 0.1411 80 200 120
2.2643 3.0270 0.3754 80 200 120
-0.4390 3.7886 -1.0094 80 200 120
3.0448 2.5708 -1.9401 80 200 120
1.1923 7.4272 -2.3061 80 200 120
3.8653 4.3847 -1.8530 80 200 120
-0.7467 3.8138 -0.7182 80 200 120
3.0870 2.6421 -2.7529 80 200 120
-1.2207 0.8982 -0.7422 80 200 120
-1.4915 0.5844 -0.4536 80 200 120
-0.5500 0.7479 -0.8632 80 200 120
-1.7857 0.9890 -0.1834 80 200 120
-1.9890 1.2757 -0.0109 80 200 120
0.0198 0.2993 -2.1149 80 200 120
2.9136 7.7376 -0.0734 80 200 120
1.0979 7.2098 -1.2722 80 200 120
0.3893 3.8878 -2.3921 80 200 120
3.0859 6.6763 -0.0718 80 200 120
1.7546 8.1279 0.1861 80 200 120
2.1503 -0.0389 -2.7987 80 200 120
-0.2068 0.5991 -1.7665 80 200 120
-0.5410 1.6768 -2.5099 80 200 120
0.5312 1.3764 -2.9773 80 200 120
1.9976 0.3679 -2.9733 80 200 120
2.0458 0.1996 -2.7297 80 200 120
-0.1881 0.4507 -2.3321 80 200 120
4.3139 4.2320 -2.5300 80 200 120
-0.2794 3.4256 -0.7622 80 200 120
2.4497 2.2923 -2.4804 80 200 120
0.3020 3.6558 -0.0721 80 200 120
3.0116 2.5574 -2.6760 80 200 120
7.4764 3.7358 -0.1570 80 200 120
2.5797 1.9447 -2.8898 80 200 120
3.1653 1.7434 -2.9257 80 200 120
1.9051 1.5722 -2.9546 80 200 120
5.4784 1.2562 -1.3881 80 200 120
7.8546 5.3360 0.1250 80 200 120
7.6734 5.6637 -0.5284 80 200 120
2.5415 0.2806 -2.7947 80 200 120
6.7371 5.8621 -0.7503 80 200 120
2.6548 0.4925 -2.9249 80 200 120
3.5247 3.8550 -2.2633 80 200 120
7.6640 6.4942 -0.2101 80 200 120
7.4254 4.8250 -0.8135 80 200 120
5.9000 1.0830 0.5277 80 200 120
4.7843 -2.1629 -1.4050 80 200 120
2.1898 -2.9524 0.0672 80 200 120
1.7599 -2.2040 0.3239 80 200 120
7.1994 3.0755 -0.0440 80 200 120
5.4690 3.0769 0.4884 80 200 120
6.0431 0.8910 0.3588 80 200 120
7.5996 3.7074 0.4801 80 200 120
2.5245 -1.4471 0.4304 80 200 120
3.5976 1.5009 0.4111 80 200 120
2.3164 -2.7720 -1.0198 80 200 120
-0.2072 -2.2555 0.0668 80 200 120
1.6324 -1.5827 0.3764 80 200 120
3.8871 1.7005 0.3693 80 200 120
4.5759 -1.6693 0.5241 80 200 120
0.3374 -1.4412 0.4464 80 200 120
8.7873 6.3865 0.8446 80 200 120
8.3416 6.9404 -0.2782 80 200 120
0.9837 6.1366 -0.2173 80 200 120
3.5239 2.2314 0.1610 80 200 120
3.7797 4.0666 -2.8577 80 200 120
3.7980 3.0768 -2.8590 80 200 120
3.4019 3.2068 -2.8475 80 200 120
1.2177 4.8714 -2.8656 80 200 120
0.7892 5.6458 -2.4218 80 200 120
1.0770 6.0759 -2.4711 80 200 120
1.0643 3.9746 -2.3299 80 200 120
5.8385 6.3878 0.6098 80 200 120
5.9479 2.9221 0.4419 80 200 120
4.0944 3.3611 0.4876 80 200 120
-0.2443 3.6742 0.1414 80 200 120
-1.1992 1.3168 -0.4387 80 200 120
0.0352 0.6853 -1.1892 80 200 120
-1.3726 1.1978 -0.0823 80 200 120
1.4607 8.5360 -1.1935 80 200 120
-0.4189 3.2637 -2.8375 80 200 120
0.1073 3.6760 -2.3137 80 200 120
-0.0902 0.1158 -2.8689 80 200 120
3.2867 5.2265 0.1092 80 200 120
3.4468 4.9217 0.2467 80 200 120
-0.2604 2.9394 -2.9937 80 200 120
-0.1336 0.4192 -2.2072 80 200 120
-0.2111 0.0937 -2.2645 80 200 120
-0.9374 1.5798 -2.8896 80 200 120
0.2704 1.4506 -2.8955 80 200 120
-0.6387 1.9084 -2.3380 80 200 120
-0.3231 1.7692 -2.6424 80 200 120
0.9698 1.4307 -2.9516 80 200 120
1.4347 0.3444 -2.7395 80 200 120
-0.5773 2.1421 -2.8032 80 200 120
-0.5924 1.6719 -2.9657 80 200 120
-0.3455 2.4132 -2.8258 80 200 120
1.2510 1.3333 -2.9928 80 200 120
1.5570 0.4850 -2.9056 80 200 120
0.8832 1.6762 -3.0012 80 200 120
2.4794 0.7313 -2.8997 80 200 120
-0.0422 2.0654 -2.9241 80 200 120
-0.4467 1.0898 -2.5182 80 200 120
-1.0029 1.4602 -1.4159 80 200 120
4.1459 4.5179 -1.9239 80 200 120
4.1969 3.3995 -2.7729 80 200 120
3.6338 2.6432 -2.9169 80 200 120
3.1640 7.7397 -0.5607 80 200 120
0.0806 0.3008 -2.6057 80 200 120
0.0971 4.7833 -1.6464 80 200 120
5.3179 4.8944 -2.6566 80 200 120
-1.4904 1.8657 -0.9091 80 200 120
1.9666 0.1293 -2.8908 80 200 120
3.7201 4.1077 -2.4209 80 200 120
-0.7732 2.1303 -1.4781 80 200 120
3.1326 2.3222 -2.8885 80 200 120
5.0633 5.6960 -1.3010 80 200 120
3.1096 2.7372 -1.9719 80 200 120
2.1974 4.4579 -1.9288 80 200 120
1.0884 7.0409 0.2635 80 200 120
3.0663 8.4704 0.3428 80 200 120
1.3591 6.8946 -2.8468 80 200 120
0.4335 5.0444 -0.4185 80 200 120
2.1657 0.0377 -2.9120 80 200 120
4.8810 5.4862 -2.6569 80 200 120
3.0677 1.4029 -2.3297 80 200 120
3.0362 1.3612 -2.4780 80 200 120
3.9207 4.3864 -2.7285 80 200 120
3.0579 1.3714 -2.3934 80 200 120
2.8070 0.8383 -2.9343 80 200 120
2.8388 0.9602 -2.9434 80 200 120
2.0365 1.5798 -2.9158 80 200 120
3.9974 4.5160 -2.2944 80 200 120
2.6804 1.9510 -2.4796 80 200 120
2.0646 0.2942 -2.9061 80 200 120
2.3751 0.4131 -2.8014 80 200 120
1.5396 -0.8796 0.3178 80 200 120
5.8209 0.3645 -0.7891 80 200 120
5.0682 0.3339 0.4492 80 200 120
1.2378 6.5678 -1.7743 80 200 120
2.2022 4.7011 -1.5435 80 200 120
2.7925 3.3560 -1.6436 80 200 120
0.8808 0.7108 -1.5327 80 200 120
-0.2790 0.7919 -1.1799 80 200 120
-1.0562 0.5918 -0.7163 80 200 120
4.3679 4.5551 0.2473 80 200 120
-0.1307 1.0589 -2.3084 80 200 120
0.1118 1.0275 -2.7645 80 200 120
0.1820 0.8630 -2.8968 80 200 120
0.7801 4.4335 -2.2423 80 200 120
-0.3371 0.0999 -2.5452 80 200 120
1.9361 0.8357 -2.9544 80 200 120
-0.4451 2.8814 -3.0245 80 200 120
2.0889 -0.0419 -2.3512 80 200 120
1.7998 -0.0033 -2.4604 80 200 120
1.2340 0.2955 -2.6332 80 200 120
0.7207 1.5492 -2.9037 80 200 120
1.2025 0.3727 -2.7573 80 200 120
1.3407 0.6642 -2.9133 80 200 120
1.7890 0.5362 -2.9883 80 200 120
1.5983 0.8993 -2.9631 80 200 120
2.0891 -0.0406 -2.5122 80 200 120
1.8845 0.0502 -2.5488 80 200 120
-0.9064 1.4290 -1.5229 80 200 120
1.4383 1.8536 -2.8216 80 200 120
1.7368 1.1240 -2.8552 80 200 120
-0.8169 2.6138 -2.5580 80 200 120
1.0961 1.6855 -2.9792 80 200 120
2.0590 0.8633 -2.9015 80 200 120
-0.8399 1.9422 -2.7126 80 200 120
1.2678 6.7086 -0.7567 80 200 120
1.4640 7.0382 -0.1447 80 200 120
1.2530 2.3291 -2.8701 80 200 120
2.3909 2.3265 -2.4931 80 200 120
1.9750 0.3790 -2.9654 80 200 120
1.8848 0.4479 -2.8674 80 200 120
1.5895 1.3018 -2.9107 80 200 120
2.0455 7.7643 -0.0051 80 200 120
1.7774 0.4174 -2.8431 80 200 120
2.2377 6.6334 -0.9128 80 200 120
-0.8343 3.5275 -0.2168 80 200 120
2.2828 0.0374 -2.8554 80 200 120
1.8383 0.0555 -0.6506 80 200 120
4.8667 -0.2794 -2.0364 80 200 120
4.6926 0.1507 -2.0005 80 200 120
5.0854 -1.7503 -2.9888 80 200 120
4.1674 -2.9092 -2.8142 80 200 120
1.9788 0.1401 0.1631 80 200 120
4.3751 -2.7464 -2.9450 80 200 120
5.2601 1.3966 0.3384 80 200 120
3.5179 -3.6886 -3.0754 80 200 120
4.3343 -3.2772 -2.1396 80 200 120
3.7494 -3.0823 -2.8419 80 200 120
4.4120 -3.1329 -0.0251 80 200 120
4.6903 -1.6988 -2.8601 80 200 120
5.2559 -1.0165 -1.6503 80 200 120
4.7425 -0.0251 -2.0053 80 200 120
3.1394 -3.0267 -2.9063 80 200 120
4.5899 -2.3120 0.3748 80 200 120
1.6865 0.4155 0.2540 80 200 120
2.1723 -2.8825 -0.4159 80 200 120
3.9304 -3.6145 -1.6343 80 200 120
4.1036 -3.4566 -0.9800 80 200 120
4.7419 -2.0570 -1.4049 80 200 120
0.2654 -1.9134 -0.8149 80 200 120
1.2349 -1.6814 0.3793 80 200 120
4.8728 -1.9447 -2.5886 80 200 120
3.6777 -1.6975 0.3809 80 200 120
4.1338 -3.4230 0.0086 80 200 120
5.1049 -1.4297 -1.2573 80 200 120
5.1106 -1.3384 -0.6327 80 200 120
1.7818 0.3740 -0.6707 80 200 120
3.3194 -3.4578 0.2739 80 200 120
4.8577 -2.0040 -1.1240 80 200 120
1.5199 -2.4585 -0.4740 80 200 120
1.3502 -0.6028 0.4154 80 200 120
3.1049 -3.2358 -2.3988 80 200 120
5.3531 -0.8204 -2.0678 80 200 120
4.1652 -3.0225 0.3094 80 200 120
5.3809 -0.6695 -1.6642 80 200 120
3.8142 -2.7143 -2.9640 80 200 120
5.7655 0.2864 0.2877 80 200 120
4.4155 -2.8587 -2.6044 80 200 120
3.8000 -1.4158 -2.9226 80 200 120
3.7006 -2.9433 0.4408 80 200 120
5.2436 -1.1261 -0.2600 80 200 120
2.5121 -2.9945 -0.1056 80 200 120
6.9011 2.1574 0.4654 80 200 120
2.9760 -2.3800 -2.9992 80 200 120
4.7990 -2.1648 0.0935 80 200 120
2.2331 -2.8106 -0.7614 80 200 120
4.5195 -2.5987 -1.7669 80 200 120
1.7674 -2.5677 -0.2662 80 200 120
2.0769 -2.7292 0.2118 80 200 120
6.1268 0.9135 -0.1499 80 200 120
3.7108 -3.5544 -0.9694 80 200 120
4.7153 1.4589 0.3564 80 200 120
4.0690 0.5647 0.4006 80 200 120
4.6038 -1.5867 0.4099 80 200 120
0.3131 -1.5135 0.4524 80 200 120
4.9154 -1.5339 0.3167 80 200 120
3.4616 -3.6007 -0.1331 80 200 120
6.1119 0.8131 -1.0898 80 200 120
3.9128 -2.2808 0.4111 80 200 120
-0.1510 -1.8569 -0.7520 80 200 120
1.9366 1.2400 0.3603 80 200 120
4.9302 -1.6445 -0.5158 80 200 120
4.9613 -1.6929 -0.8772 80 200 120
4.2825 -1.3533 -2.9889 80 200 120
5.3417 -0.8680 -1.4100 80 200 120
1.9733 0.4130 0.4004 80 200 120
1.8334 -2.6188 -0.7370 80 200 120
5.2765 -0.9274 -0.1090 80 200 120
2.5669 -2.9688 -2.6152 80 200 120
2.2697 0.7512 0.4257 80 200 120
6.0117 0.6008 0.2266 80 200 120
1.1544 2.9605 0.2601 80 200 120
5.7826 5.4335 0.3505 80 200 120
1.7346 5.4409 -1.4445 80 200 120
-1.1335 3.6610 0.0178 80 200 120
1.9033 1.1993 0.4681 80 200 120
0.8581 2.8084 0.1135 80 200 120
3.0538 2.0647 0.3721 80 200 120
-1.2049 1.5415 -0.1287 80 200 120
0.4861 0.2832 -1.7907 80 200 120
0.6159 3.8281 -2.2613 80 200 120
3.3239 5.3466 -0.2510 80 200 120
-0.0047 3.5920 -2.5547 80 200 120
0.8073 0.7235 0.3433 80 200 120
0.0258 4.0057 -1.9216 80 200 120
5.2389 1.0133 0.2505 80 200 120
2.8895 -2.2107 0.4712 80 200 120
5.9113 0.3224 -0.4014 80 200 120
0.6838 0.7534 0.4628 80 200 120
4.5922 -2.3382 -2.3486 80 200 120
4.2841 -1.6032 0.3842 80 200 120
4.3231 -1.7959 -2.9921 80 200 120
0.0668 -1.9298 -0.1044 80 200 120
4.3127 1.4588 0.4362 80 200 120
2.4675 -2.4660 0.5398 80 200 120
2.2795 -3.1434 -3.0513 80 200 120
4.8954 2.7920 0.2411 80 200 120
5.5607 -0.5264 -1.5894 80 200 120
2.7698 -2.7130 0.4141 80 200 120
3.2192 1.1236 0.3855 80 200 120
6.5209 4.8221 -2.7881 80 200 120
6.7627 5.0149 -1.4711 80 200 120
5.7220 2.9112 -2.8531 80 200 120
4.3979 4.6807 -3.1030 80 200 120
4.6067 4.8112 -2.6600 80 200 120
7.3642 4.8366 -0.1478 80 200 120
5.7676 0.5814 -2.0202 80 200 120
5.8650 2.7413 -1.6042 80 200 120
5.9797 2.4531 -1.5530 80 200 120
6.3126 4.0183 -2.8227 80 200 120
6.4415 6.2185 0.1543 80 200 120
2.8329 2.1821 -1.7937 80 200 120
5.4287 2.2131 -2.2099 80 200 120
9.4379 2.4925 -3.6563 80 200 120
5.7051 6.8891 -1.1734 80 200 120
2.0529 8.2316 0.1473 80 200 120
5.7662 6.6505 -0.0542 80 200 120
1.9329 0.1086 0.3542 80 200 120
6.7936 4.6122 -0.7515 80 200 120
3.8081 5.6163 -1.4768 80 200 120
5.7347 2.5515 -1.9699 80 200 120
3.9390 4.1013 -1.9707 80 200 120
4.5476 3.8864 -2.9066 80 200 120
6.2122 3.9046 -2.3652 80 200 120
4.3982 4.7300 -1.7185 80 200 120
3.7420 4.1319 -2.4140 80 200 120
7.2962 6.1438 -0.3595 80 200 120
7.1934 5.4703 0.0495 80 200 120
6.1393 7.0691 -1.7518 80 200 120
6.3020 6.6306 -2.8179 80 200 120
6.1663 3.5396 -1.5360 80 200 120
3.7097 3.8209 -2.8067 80 200 120
6.8160 6.1718 -2.9308 80 200 120
6.0548 2.2186 -2.0228 80 200 120
5.1737 1.3377 0.2352 80 200 120
5.5101 0.8924 0.3044 80 200 120
4.2764 6.3401 0.3494 80 200 120
6.3912 6.8422 -0.6647 80 200 120
6.5549 4.3951 -2.0138 80 200 120
0.8353 6.0920 0.2391 80 200 120
4.0283 6.2421 -0.2068 80 200 120
3.0785 6.0063 -0.6889 80 200 120
5.0982 6.7295 0.1549 80 200 120
5.6140 7.1244 -0.5714 80 200 120
7.9399 4.8136 0.3706 80 200 120
5.9073 2.8703 0.3859 80 200 120
4.9185 3.2601 -2.9678 80 200 120
7.3122 3.1614 0.0824 80 200 120
6.6617 3.7737 0.3205 80 200 120
1.4146 7.2517 -0.0931 80 200 120
1.1657 5.0293 0.3226 80 200 120
3.9979 3.2729 -2.9633 80 200 120
7.4842 3.7956 -0.1507 80 200 120
2.8689 4.4273 0.3283 80 200 120
5.2467 3.2039 -2.9857 80 200 120
6.9723 4.7588 0.3831 80 200 120
6.3522 1.2269 -1.2851 80 200 120
5.8086 0.2666 0.3347 80 200 120
5.9261 0.4088 -0.0603 80 200 120
5.0332 7.2021 -0.2976 80 200 120
0.6352 5.2772 0.2361 80 200 120
3.6047 5.0887 0.0960 80 200 120
7.0398 6.0475 -1.0905 80 200 120
2.8885 2.3642 -2.0579 80 200 120
-0.0195 4.6066 -0.0410 80 200 120
3.4649 4.8131 -2.0281 80 200 120
1.3388 5.7844 0.3768 80 200 120
4.4284 3.6799 0.4038 80 200 120
6.0794 0.7857 -1.0992 80 200 120
5.6683 2.6332 -2.3529 80 200 120
-0.1177 4.1405 0.2187 80 200 120
6.8424 6.1588 -1.7716 80 200 120
3.7897 3.7862 0.3608 80 200 120
6.4421 2.1772 -1.7230 80 200 120
3.7703 4.3136 -1.8520 80 200 120
4.4431 4.6331 -2.1541 80 200 120
6.6215 1.8316 -1.8213 80 200 120
5.7206 5.3339 -3.0177 80 200 120
2.1388 3.6559 0.3581 80 200 120
5.3049 2.0580 0.3456 80 200 120
4.4610 0.6616 0.3655 80 200 120
5.0228 3.0293 0.3535 80 200 120
-0.5790 3.4098 0.2297 80 200 120
6.8773 2.5316 0.0317 80 200 120
3.1930 4.3732 -1.6152 80 200 120
-0.0949 4.8925 -1.1709 80 200 120
5.9989 0.9055 0.3692 80 200 120
-0.0744 3.8213 0.4478 80 200 120
6.8045 2.4010 -0.9015 80 200 120
-1.2216 0.9966 -0.8541 80 200 120
-1.6610 1.1145 -0.9388 80 200 120
-1.4206 1.3185 -0.6800 80 200 120
0.7700 3.3345 -2.8598 80 200 120
0.6354 2.6655 -2.9492 80 200 120
-0.7754 1.2123 -2.7817 80 200 120
0.9783 5.0876 -2.3289 80 200 120
-0.6814 2.8561 -2.8356 80 200 120
1.6013 -0.1474 -0.5713 80 200 120
2.1074 3.7269 0.3881 80 200 120
1.9949 0.1323 0.2084 80 200 120
1.1748 5.0138 0.3437 80 200 120
-0.1189 2.8565 -2.9441 80 200 120
2.3202 8.3300 0.3298 80 200 120
0.2478 0.7844 -2.8476 80 200 120
4.3756 5.9143 0.4082 80 200 120
3.5113 4.8210 0.2320 80 200 120
3.7920 5.6284 0.0319 80 200 120
-1.1267 2.2555 -1.4665 80 200 120
-1.0466 2.5881 -2.4359 80 200 120
2.9073 4.4991 0.3785 80 200 120
-0.2367 3.5580 -2.8422 80 200 120
2.1523 0.0043 -2.9314 80 200 120
2.6002 -0.2257 -2.9463 80 200 120
-0.4253 1.0887 -2.3637 80 200 120
2.1897 -0.1275 -3.0478 80 200 120
1.9409 0.3687 -2.9809 80 200 120
-0.1171 0.3817 -2.3667 80 200 120
2.3111 -0.1420 -3.0115 80 200 120
-0.1335 0.8364 -2.5698 80 200 120
1.6992 -0.0205 -2.9130 80 200 120
2.9315 -2.7547 -2.8672 80 200 120
-0.3457 0.5239 -2.5561 80 200 120
2.6011 -2.7148 -2.8435 80 200 120
0.7280 0.2711 -2.9741 80 200 120
1.6007 -0.0664 -2.7485 80 200 120
2.0322 0.1929 -2.9134 80 200 120
3.4257 -2.9105 -2.8316 80 200 120
4.2398 -2.6851 -2.8910 80 200 120
4.7497 -1.3370 -2.8358 80 200 120
4.4585 -2.3553 -2.8811 80 200 120
-1.0985 2.3742 -2.9572 80 200 120
1.8465 0.4141 -2.8839 80 200 120
4.6243 -2.0497 -2.8863 80 200 120
-0.6362 1.8595 -2.7252 80 200 120
1.2147 1.1086 -2.9694 80 200 120
1.6830 0.4178 -2.8918 80 200 120
3.8750 -3.1503 -2.8293 80 200 120
-0.6551 1.6092 -3.0036 80 200 120
3.2941 -1.2895 -2.9396 80 200 120
3.5856 -2.3269 -2.9321 80 200 120
0.2419 0.8205 -1.4915 80 200 120
0.4732 1.4016 -2.9794 80 200 120
2.9860 -2.2772 -2.9628 80 200 120
4.4361 -2.8419 -2.5114 80 200 120
-0.7324 2.5347 -2.3078 80 200 120
4.1661 -0.8108 -2.9644 80 200 120
1.9313 0.0899 -2.8989 80 200 120
1.2458 1.5496 -2.9310 80 200 120
0.6132 1.9157 -2.8712 80 200 120
4.7258 -1.6465 -2.8690 80 200 120
0.3164 0.6712 -2.2372 80 200 120
0.7444 0.9548 -3.0209 80 200 120
0.3827 0.4401 -2.1054 80 200 120
3.6004 -1.7902 -2.9352 80 200 120
1.0618 1.0421 -2.9382 80 200 120
4.1945 -1.3108 -2.9510 80 200 120
1.5364 1.2297 -2.9145 80 200 120
3.1947 -1.7892 -2.9690 80 200 120
1.2584 0.3186 -2.9460 80 200 120
1.8366 0.5459 -2.9366 80 200 120
0.9123 1.6344 -2.9685 80 200 120
2.5303 -0.1140 -2.9036 80 200 120
1.0332 0.2952 -2.1405 80 200 120
-1.4608 2.2767 -2.4536 80 200 120
4.1542 -3.0334 -2.7970 80 200 120
1.4872 0.5163 -2.9409 80 200 120
2.7778 -1.3460 -2.9577 80 200 120
4.2763 -3.1250 -2.1480 80 200 120
2.1593 -2.9775 -0.3815 80 200 120
2.1055 -0.0342 -1.8509 80 200 120
1.8416 0.6937 -2.9348 80 200 120
4.7005 -0.7960 -2.9554 80 200 120
3.0486 -3.1304 -1.8471 80 200 120
4.6573 -1.0199 -2.8404 80 200 120
3.7982 -1.2682 -2.9352 80 200 120
1.4406 -2.6844 -0.3777 80 200 120
3.9750 -1.9728 -2.9498 80 200 120
3.7848 -0.8584 -2.9424 80 200 120
2.0878 0.4865 -2.9448 80 200 120
2.1004 0.2204 -3.0390 80 200 120
1.2039 0.4628 -2.9344 80 200 120
2.9513 -0.6917 -2.9352 80 200 120
3.6700 -1.4158 -2.9509 80 200 120
-0.6732 1.5049 -1.8705 80 200 120
1.8271 3.8874 -2.5327 80 200 120
7.1704 5.5222 -1.3953 80 200 120
1.3278 4.6098 -2.8329 80 200 120
5.3069 2.1012 -2.7396 80 200 120
3.1358 3.2758 -2.5808 80 200 120
4.6407 4.9240 -2.6935 80 200 120
6.1294 3.3174 -2.9912 80 200 120
0.1267 3.6209 -2.8353 80 200 120
5.9698 3.7696 -2.8092 80 200 120
6.5819 4.9463 -2.8804 80 200 120
5.6195 2.6311 -2.8803 80 200 120
4.3890 4.6348 -3.0539 80 200 120
0.9929 4.1622 -2.2414 80 200 120
2.9517 2.4301 -2.8884 80 200 120
2.4444 2.1681 -2.8777 80 200 120
4.4475 -1.5117 -2.7669 80 200 120
2.0718 -2.7604 -1.7171 80 200 120
4.5460 -0.1445 -2.1616 80 200 120
3.8680 1.7161 0.3889 80 200 120
4.8283 -0.2636 -2.0350 80 200 120
2.5549 -0.3166 -1.7317 80 200 120
2.6170 -2.5780 -2.8072 80 200 120
5.1160 0.0771 -2.0007 80 200 120
4.3821 -2.1466 -2.7987 80 200 120
4.7050 0.4583 -2.0109 80 200 120
4.9103 -0.1317 -2.0124 80 200 120
3.4488 -3.2306 -2.8949 80 200 120
0.7600 -0.7882 0.4134 80 200 120
2.1513 0.0060 -1.8532 80 200 120
5.7107 2.7057 0.1430 80 200 120
6.3251 2.0172 -2.8531 80 200 120
5.8887 2.1159 -2.8617 80 200 120
3.5510 4.8203 -2.6450 80 200 120
-0.3953 3.9950 -0.1273 80 200 120
3.0884 3.0461 -2.2914 80 200 120
3.7344 5.5987 -0.8362 80 200 120
2.5327 3.8037 -1.5304 80 200 120
0.7305 5.9037 -1.0295 80 200 120
5.1863 0.9979 -2.0240 80 200 120
3.0805 2.9955 -2.4557 80 200 120
5.0729 0.7914 -1.9918 80 200 120
-1.3576 0.9998 -1.1342 80 200 120
-1.1435 1.9049 -0.0712 80 200 120
-1.2727 1.2925 -0.5179 80 200 120
-0.9906 1.4537 -0.8750 80 200 120
-0.1674 0.5492 -2.9780 80 200 120
0.1775 3.5716 -2.8171 80 200 120
-0.2362 0.2637 -2.9648 80 200 120
0.9291 3.6569 -2.8872 80 200 120
1.5907 4.5387 -2.2652 80 200 120
2.6101 -0.2374 -2.5349 80 200 120
0.6830 1.5780 -2.9461 80 200 120
2.4799 -2.1030 -2.8767 80 200 120
3.6087 -0.5350 -2.9469 80 200 120
-0.3371 1.2011 -1.5874 80 200 120
-0.7900 1.7311 -2.5585 80 200 120
3.4188 -0.9132 -2.9453 80 200 120
1.1644 1.3081 -2.9846 80 200 120
2.7559 -2.1802 -2.9269 80 200 120
2.1042 -0.0229 -1.7477 80 200 120
1.5315 -0.1158 -2.3771 80 200 120
-0.9792 1.3801 -2.7818 80 200 120
2.4447 -1.3897 -2.9179 80 200 120
2.0171 1.0546 -2.9427 80 200 120
1.9065 0.8242 -2.9620 80 200 120
1.7884 1.0188 -2.9617 80 200 120
-0.3924 2.3333 -2.8728 80 200 120
2.0180 0.8696 -2.9658 80 200 120
1.7043 0.8344 -2.9275 80 200 120
2.0946 -2.7380 -1.7271 80 200 120
1.4962 4.3883 -2.3357 80 200 120
1.3011 3.7781 -2.7616 80 200 120
0.9147 3.6184 -2.8329 80 200 120
0.6418 4.0830 -2.3364 80 200 120
0.7375 3.3559 -2.8614 80 200 120
0.2271 0.5712 -2.8443 80 200 120
1.9969 8.3298 0.1284 80 200 120
3.5341 4.8738 -2.6166 80 200 120
-0.5343 3.8461 -0.9766 80 200 120
0.4691 3.6567 -2.3145 80 200 120
-0.7636 2.9057 -2.4083 80 200 120
3.0838 2.7170 -2.6507 80 200 120
3.9177 4.0405 -1.9887 80 200 120
-0.8914 1.7649 -2.8062 80 200 120
3.7475 4.1451 -2.3996 80 200 120
-0.0121 2.7670 -2.8933 80 200 120
0.4715 2.8002 -2.9834 80 200 120
-0.0746 3.3738 -2.8428 80 200 120
1.2991 2.7586 -2.9583 80 200 120
2.7749 2.0745 -2.9335 80 200 120
-1.3065 2.2148 -2.4208 80 200 120
3.5740 2.8317 -2.9463 80 200 120
3.2665 3.2008 -2.9487 80 200 120
-0.9638 2.2443 -2.9091 80 200 120
-0.8604 2.5670 -2.3992 80 200 120
4.0965 5.6945 -1.4955 80 200 120
4.6254 3.9991 -2.9414 80 200 120
3.9156 3.2390 -2.9478 80 200 120
2.6110 2.1496 -2.9050 80 200 120
-0.0082 4.7665 -1.1239 80 200 120
0.6940 1.6014 -2.9599 80 200 120
3.6676 3.4895 -2.9596 80 200 120
6.2072 6.4551 -2.8266 80 200 120
1.2230 2.0654 -2.9643 80 200 120
1.6189 8.1102 0.5477 80 200 120
6.4752 5.6336 -2.8556 80 200 120
1.6262 1.1738 -2.9377 80 200 120
-1.3538 2.3687 -1.4191 80 200 120
3.8772 1.7939 -2.9469 80 200 120
2.8948 2.3310 -2.0556 80 200 120
1.2228 1.0859 -2.9610 80 200 120
3.2980 2.4937 -2.9683 80 200 120
2.3816 2.2697 -2.7517 80 200 120
3.5649 2.5219 -2.9686 80 200 120
0.8502 2.0617 -2.9594 80 200 120
5.5738 5.0072 -2.9377 80 200 120
0.8728 0.4738 -2.9982 80 200 120
5.0842 3.3980 -2.9857 80 200 120
1.2649 3.3091 -2.9923 80 200 120
0.3954 5.4142 0.2238 80 200 120
2.0295 1.0553 -2.9257 80 200 120
5.3311 3.0525 -3.0094 80 200 120
2.0510 1.4164 -2.9603 80 200 120
3.5894 4.1775 -2.9012 80 200 120
3.5801 4.2908 -2.0528 80 200 120
0.1760 3.4961 -2.4130 80 200 120
5.5656 7.4158 -0.4838 80 200 120
0.3332 4.6428 -1.9315 80 200 120
-0.7191 2.8591 -2.8424 80 200 120
1.7617 1.5890 -2.9105 80 200 120
1.6351 1.4705 -2.9056 80 200 120
1.9480 3.8258 -2.2255 80 200 120
-0.1052 4.0636 -1.8918 80 200 120
6.1893 7.0537 -1.7917 80 200 120
-1.0232 2.2601 -1.8106 80 200 120
3.3240 2.0471 -2.9617 80 200 120
4.8520 3.7849 -2.9822 80 200 120
0.6073 1.8560 -2.9000 80 200 120
-0.4713 3.3764 -2.4446 80 200 120
2.3406 2.4218 -2.4720 80 200 120
0.0581 0.8124 -2.5243 80 200 120
1.2367 4.3869 -1.9925 80 200 120
-0.9675 2.6555 -1.7575 80 200 120
4.0901 1.8617 -2.9263 80 200 120
3.5162 1.4881 -2.9428 80 200 120
0.8538 5.5380 -1.0852 80 200 120
1.0654 1.4894 -3.0035 80 200 120
-0.5470 0.3352 -2.4087 80 200 120
2.2808 2.2856 -2.5857 80 200 120
4.1194 6.4531 -0.1110 80 200 120
0.0786 0.3125 -2.6884 80 200 120
-0.4047 1.5520 -2.9501 80 200 120
0.3360 4.9022 -0.5091 80 200 120
3.7764 2.0645 -2.9393 80 200 120
1.0331 1.7995 -2.9755 80 200 120
1.5463 1.3415 -2.9190 80 200 120
3.2856 5.3250 -2.0795 80 200 120
1.3129 7.5465 -0.0045 80 200 120
3.7211 2.4618 -2.9594 80 200 120
1.9605 1.6411 -2.9950 80 200 120
5.1910 1.0116 -2.8738 80 200 120
4.7534 -0.2839 -2.6930 80 200 120
6.1384 1.2348 -2.9111 80 200 120
5.5350 2.4466 -2.8424 80 200 120
6.8531 5.2245 -2.8424 80 200 120
4.6708 -0.1884 -2.9105 80 200 120
6.5342 4.7863 -1.4682 80 200 120
4.7600 -0.2309 -2.0371 80 200 120
6.7138 2.2001 -2.9168 80 200 120
6.2347 3.9561 -2.8578 80 200 120
5.7402 2.9405 -2.8646 80 200 120
5.3343 1.0149 -2.0367 80 200 120
5.9715 2.4400 -1.5549 80 200 120
2.8195 -2.7789 -2.9099 80 200 120
4.9159 -1.5834 -2.9026 80 200 120
5.9062 2.4975 -2.2538 80 200 120
4.1952 -2.9823 -2.8647 80 200 120
4.9323 0.1188 -1.9930 80 200 120
2.5571 -2.8003 -2.9225 80 200 120
4.9889 -1.1481 -2.8548 80 200 120
5.6886 2.4948 -1.9704 80 200 120
4.2609 4.1663 -2.9887 80 200 120
6.2116 3.7770 -2.4222 80 200 120
5.0963 -0.7761 -2.8786 80 200 120
3.7958 1.5001 -2.9842 80 200 120
5.6431 2.0808 -2.8354 80 200 120
4.1522 -0.8060 -2.9526 80 200 120
3.3709 -3.2059 -2.9444 80 200 120
4.5031 -0.5388 -2.9720 80 200 120
5.5885 4.8571 -3.0062 80 200 120
6.0018 2.1989 -2.0286 80 200 120
4.7933 -0.3070 -2.2576 80 200 120
3.7826 1.7394 -2.9426 80 200 120
6.1680 3.3315 -1.5668 80 200 120
4.0000 1.8372 -2.9613 80 200 120
6.4964 1.7660 -2.8476 80 200 120
4.7166 0.1632 -2.8614 80 200 120
4.4309 -2.7843 -2.9010 80 200 120
6.7321 6.0653 -2.9172 80 200 120
4.1021 0.9192 -2.9669 80 200 120
4.4005 0.6031 -2.9332 80 200 120
4.7219 0.3974 -2.8085 80 200 120
4.7213 4.1748 -2.9822 80 200 120
4.6749 -1.8653 -2.9077 80 200 120
3.3720 -0.9026 -2.9531 80 200 120
3.6412 0.5918 -2.9345 80 200 120
3.8618 3.2390 -2.9903 80 200 120
6.1788 0.7839 -1.0500 80 200 120
3.7043 2.4664 -2.9609 80 200 120
4.1826 -1.2223 -2.9453 80 200 120
3.8809 2.1541 -2.9552 80 200 120
5.0899 3.4065 -3.0007 80 200 120
3.6040 -1.7628 -2.9499 80 200 120
3.3019 -1.2497 -2.9476 80 200 120
2.9642 -2.1951 -2.9960 80 200 120
4.5668 1.4042 -2.9647 80 200 120
3.4659 1.5517 -2.9657 80 200 120
5.1916 2.9931 -2.9818 80 200 120
4.2614 -3.1569 -2.1390 80 200 120
4.2534 0.4898 -2.9601 80 200 120
5.7939 1.6113 -2.9835 80 200 120
5.0682 1.2588 -2.9708 80 200 120
6.3523 4.4986 -3.1039 80 200 120
5.4167 -0.7225 -1.5743 80 200 120
3.9922 -0.1148 -2.9556 80 200 120
4.5472 1.0194 -2.9063 80 200 120
4.1719 1.3679 -2.9585 80 200 120
4.5453 -2.4890 -1.9160 80 200 120
4.0309 2.8418 -2.9896 80 200 120
5.9906 0.5725 -0.9262 80 200 120
3.5106 1.4911 0.4246 80 200 120
5.0295 -0.5488 0.4437 80 200 120
1.5448 -0.0972 -0.1602 80 200 120
3.5914 -1.8169 -2.9611 80 200 120
1.8730 -2.5618 -2.9045 80 200 120
0.7360 0.3116 -0.4798 80 200 120
0.9670 0.3352 -0.1746 80 200 120
5.9514 1.1331 -1.3921 80 200 120
3.3295 -1.3986 0.3833 80 200 120
3.4077 4.9583 -3.0431 80 200 120
3.2934 5.7015 -1.5074 80 200 120
3.4769 3.3615 -2.8966 80 200 120
5.8587 2.6981 -2.9685 80 200 120
5.9559 2.4239 -2.8842 80 200 120
5.7884 2.4123 -2.3190 80 200 120
4.6223 3.4588 -2.9311 80 200 120
5.2177 5.5038 -2.9053 80 200 120
2.9833 2.8044 -1.8651 80 200 120
6.1864 0.8943 -1.2904 80 200 120
-2.1669 0.9996 -1.2252 80 200 120
-7.9642 0.6405 -0.4002 80 200 120
-4.7492 -0.1575 -0.8470 80 200 120
-0.9199 2.0622 0.1773 80 200 120
0.3532 0.4573 -2.0776 80 200 120
5.5686 6.9761 0.2862 80 200 120
1.2263 3.9619 -2.8190 80 200 120
0.0687 1.0447 -2.7778 80 200 120
0.1306 0.7721 -2.8914 80 200 120
3.7660 5.6000 -0.0316 80 200 120
4.4672 4.7613 0.3492 80 200 120
0.7680 6.0709 -0.1782 80 200 120
2.0722 -0.0464 -1.7497 80 200 120
1.8575 8.0911 -0.4501 80 200 120
5.1846 1.3484 0.2651 80 200 120
-0.2745 1.9090 -1.5915 80 200 120
-2.5546 1.2040 -0.7350 80 200 120
-2.2885 0.5188 -1.6444 80 200 120
3.8395 -0.4686 -2.9421 80 200 120
-0.6937 1.9416 -3.0899 80 200 120
2.3705 -2.8652 -1.7068 80 200 120
0.8625 -0.4513 -1.8738 80 200 120
-2.2600 0.8168 -0.7427 80 200 120
-0.1393 1.7543 -2.0027 80 200 120
-0.2546 2.6029 -2.3434 80 200 120
2.5343 -0.3983 -2.7828 80 200 120
2.2273 0.0800 -2.5002 80 200 120
4.8372 -1.4638 -2.8658 80 200 120
0.5480 2.7124 -2.9793 80 200 120
2.1226 -2.2984 -2.8672 80 200 120
-0.3499 3.5996 -2.9622 80 200 120
-0.5898 2.8411 -2.8388 80 200 120
-0.4819 1.5593 -2.9574 80 200 120
4.9275 -1.2667 -2.8911 80 200 120
1.7698 0.0484 -1.7940 80 200 120
2.9264 7.6262 0.0288 80 200 120
3.4634 5.2362 -1.7147 80 200 120
1.1677 6.8904 0.2604 80 200 120
2.5979 3.7353 -1.4299 80 200 120
-3.1787 1.8990 -1.0971 80 200 120
4.4943 4.9585 -1.6524 80 200 120
1.0730 2.4738 -2.9646 80 200 120
0.9539 5.7615 0.1456 80 200 120
-1.3322 3.5653 -0.4336 80 200 120
3.7820 1.4972 -2.9775 80 200 120
1.6146 2.8285 -3.0152 80 200 120
-0.2548 3.2892 -1.3362 80 200 120
3.2873 5.5724 -0.5189 80 200 120
3.1310 1.9402 -2.9372 80 200 120
4.3103 0.0371 -2.9119 80 200 120
5.2626 -1.0370 -1.6332 80 200 120
3.1603 -2.2937 -2.9592 80 200 120
3.8994 0.2459 -2.9217 80 200 120
4.4863 1.8390 -2.9591 80 200 120
4.3451 1.1317 -2.9363 80 200 120
6.6297 1.7978 -2.0626 80 200 120
3.6590 -2.5928 -2.9796 80 200 120
4.9157 0.2868 -1.9841 80 200 120
4.5710 3.0117 -2.9801 80 200 120
5.8175 2.3729 -2.5686 80 200 120
4.3099 -0.2037 -2.9571 80 200 120
4.5619 2.4126 -2.9455 80 200 120
4.0868 0.7059 -2.9575 80 200 120
4.4141 1.5773 -2.9507 80 200 120
3.6841 1.9080 -2.9459 80 200 120
3.4103 0.8057 -2.9512 80 200 120
5.4759 -0.6789 -1.2967 80 200 120
3.7481 -1.4519 -2.9500 80 200 120
6.8215 2.3515 -1.6729 80 200 120
4.3409 -1.9531 -2.9982 80 200 120
3.8353 0.0637 -2.9531 80 200 120
4.4550 0.2085 -2.9509 80 200 120
3.6667 -0.9473 -2.9459 80 200 120
3.3516 -2.1004 -2.9583 80 200 120
3.8673 -0.2182 -2.9418 80 200 120
4.4504 -0.7098 -2.9283 80 200 120
4.7406 0.7173 -2.7700 80 200 120
3.6983 -0.4217 -2.9439 80 200 120
3.1048 -3.0245 -2.9235 80 200 120
4.4247 -2.8550 -2.5820 80 200 120
4.6351 -2.4402 -2.3932 80 200 120
4.3509 0.9326 -2.9625 80 200 120
4.5793 0.0400 -2.8453 80 200 120
3.9657 -3.2164 -2.8654 80 200 120
4.0269 1.6163 -2.9861 80 200 120
5.0073 1.7376 -2.9523 80 200 120
4.9685 0.5598 -2.9003 80 200 120
5.2684 0.5225 -1.9671 80 200 120
3.8710 -0.5064 -2.9439 80 200 120
2.4536 -1.3814 -2.9318 80 200 120
3.9519 1.3638 -2.9425 80 200 120
3.5371 2.7632 -2.9303 80 200 120
5.9562 1.3685 -3.0614 80 200 120
6.6145 6.9117 -2.8448 80 200 120
5.3472 2.7932 -2.9465 80 200 120
6.3253 4.1314 -2.0083 80 200 120
4.4283 -0.9255 -2.9568 80 200 120
4.6707 0.5353 -2.9397 80 200 120
3.4621 1.3704 -2.9494 80 200 120
5.7967 2.8265 -2.0219 80 200 120
-2.4090 -3.4813 0.1339 80 200 120
7.2247 1.3750 -0.8021 80 200 120
6.0123 2.9622 0.4370 80 200 120
4.6214 -2.3749 -2.3785 80 200 120
5.4271 -0.7038 -1.5984 80 200 120
4.9228 -1.1387 -2.8204 80 200 120
2.9730 -2.9757 -2.8285 80 200 120
4.2577 -1.8296 -2.9628 80 200 120
2.8694 -2.6446 -3.0251 80 200 120
1.8992 -2.6819 -1.1325 80 200 120
3.2511 4.8235 -2.6898 80 200 120
5.1484 0.4373 -1.9997 80 200 120
5.8642 2.3877 -1.8887 80 200 120
6.5983 4.9966 -2.1627 80 200 120
1.8499 1.2352 0.4920 80 200 120
2.3097 4.2944 0.3112 80 200 120
6.6779 4.9695 -2.8611 80 200 120
4.2373 4.5085 -2.4264 80 200 120
5.2098 0.8111 -2.0001 80 200 120
2.2565 7.9981 -0.6192 80 200 120
5.4503 1.0290 -2.0298 80 200 120
2.9827 6.1544 -1.8779 80 200 120
6.0245 4.1590 0.2553 80 200 120
-1.1375 1.6224 0.1037 80 200 120
-0.5711 -0.0492 -2.6545 80 200 120
3.8218 6.0988 -0.6982 80 200 120
2.5418 -0.3828 -2.9180 80 200 120
0.9818 1.7045 -2.9740 80 200 120
0.7225 -0.5722 -2.4043 80 200 120
1.8332 -2.5338 -2.6273 80 200 120
2.1853 0.7033 -2.9617 80 200 120
-7.5353 1.2473 1.4697 80 200 120
2.0810 1.4090 -2.9413 80 200 120
4.3087 -0.6035 -2.9405 80 200 120
4.3066 -3.1559 -2.1329 80 200 120
1.1809 2.1036 -2.9912 80 200 120
4.4156 -2.7776 -2.4964 80 200 120
0.5118 -0.5400 -0.7307 80 200 120
3.0429 -3.4696 -1.8010 80 200 120
1.5721 1.3356 -2.9251 80 200 120
1.6744 1.1416 -2.9247 80 200 120
0.2714 0.4252 -2.3154 80 200 120
3.0510 2.5991 -2.8077 80 200 120
-0.1209 0.6134 -2.3365 80 200 120
0.7236 0.5920 -2.7091 80 200 120
4.3486 4.6843 -2.4173 80 200 120
5.7784 3.0035 -2.9070 80 200 120
6.3587 4.2020 -2.9361 80 200 120
2.3434 2.3805 -2.4861 80 200 120
1.9977 0.7594 -2.9554 80 200 120
7.2887 6.8841 -1.6826 80 200 120
5.0807 7.0710 -0.1223 80 200 120
0.3033 4.9338 -0.4849 80 200 120
2.9394 2.4290 -2.0812 80 200 120
4.1029 0.9444 -2.9593 80 200 120
5.9811 2.4749 -1.8909 80 200 120
6.8410 3.5137 -1.3666 80 200 120
3.8637 -2.0625 -2.9619 80 200 120
6.4162 0.9336 -1.2136 80 200 120
4.2048 -0.4650 -2.9453 80 200 120
6.0260 0.5586 -0.9911 80 200 120
3.6465 1.4292 -2.9365 80 200 120
3.6967 1.6201 -2.9505 80 200 120
3.3212 2.5246 -2.9776 80 200 120
1.1943 -1.5155 -1.2267 80 200 120
3.3844 -2.6722 0.4422 80 200 120
2.4698 -1.5548 0.4821 80 200 120
4.6986 -1.2358 -2.7789 80 200 120
3.9680 -3.2615 -2.8362 80 200 120
0.7342 -2.0664 -0.6870 80 200 120
3.0609 -1.2535 0.5512 80 200 120
5.0727 -0.2271 -2.0123 80 200 120
4.6062 -0.5496 -2.6466 80 200 120
4.7038 -1.7777 -2.9212 80 200 120
4.5083 -2.4126 -2.8395 80 200 120
5.8307 3.0373 -2.9032 80 200 120
2.8862 5.1890 0.2166 80 200 120
5.6298 4.6211 -3.0405 80 200 120
7.8719 1.5155 -3.4590 80 200 120
6.4449 2.1050 -2.8600 80 200 120
3.0964 6.2797 -2.4394 80 200 120
3.7962 4.0015 -2.8864 80 200 120
6.5283 3.4561 -1.0873 80 200 120
3.4802 1.4260 0.3250 80 200 120
6.5935 1.7874 -2.8661 80 200 120
3.3784 5.0762 -1.8718 80 200 120
-1.1796 1.4800 -1.1891 80 200 120
-4.5695 1.2775 -1.1779 80 200 120
1.0877 0.3997 -2.0324 80 200 120
-0.4282 2.3317 -0.0304 80 200 120
-0.6681 2.1897 -0.1988 80 200 120
-1.1343 1.5950 -0.5036 80 200 120
-0.3842 1.0906 -2.9314 80 200 120
0.1419 0.7731 -2.8754 80 200 120
0.2586 3.5163 -2.8232 80 200 120
-0.0863 0.5504 -2.9532 80 200 120
-0.3202 0.8508 -2.5935 80 200 120
0.9471 3.6075 -2.8584 80 200 120
1.9431 -0.1283 -1.7031 80 200 120
0.1173 0.1119 -3.0917 80 200 120
-0.9107 1.2144 -0.6795 80 200 120
1.9729 -0.1068 -1.7046 80 200 120
-8.9977 -1.1266 -0.8688 80 200 120
0.6664 1.5788 -2.9724 80 200 120
2.2148 0.8070 -2.9658 80 200 120
2.3173 -0.0360 -2.9020 80 200 120
2.4639 -0.2112 -3.0078 80 200 120
1.7153 -2.6277 -2.9373 80 200 120
-0.6000 3.3745 -2.8707 80 200 120
0.2587 2.4986 -3.0343 80 200 120
-2.2262 1.7224 -0.9266 80 200 120
-1.4431 2.2034 -2.3863 80 200 120
-0.4861 1.3630 -1.6001 80 200 120
1.8780 1.4119 -2.9578 80 200 120
2.7620 -0.7037 -2.9485 80 200 120
-0.5711 1.9466 -3.0000 80 200 120
2.2081 -1.1041 -2.6118 80 200 120
0.8553 -0.3473 -2.5962 80 200 120
2.2221 -1.0700 -2.7717 80 200 120
2.3941 -0.1165 -2.9673 80 200 120
0.0138 0.1463 -0.7957 80 200 120
-0.2358 1.0382 -2.7768 80 200 120
5.7142 2.5883 -2.9339 80 200 120
5.8763 2.3914 -2.8964 80 200 120
3.0037 4.8940 -2.4779 80 200 120
1.3607 7.6638 0.0103 80 200 120
2.6865 4.5253 -1.4008 80 200 120
2.0646 1.8879 -2.9597 80 200 120
5.2630 3.0170 -2.9776 80 200 120
7.1931 2.4040 -3.0661 80 200 120
3.8344 5.8387 -0.8172 80 200 120
3.0251 6.8409 -1.5729 80 200 120
5.7583 7.1031 -1.1577 80 200 120
2.2659 4.7394 -1.2176 80 200 120
3.1868 5.7253 -1.0279 80 200 120
-1.5184 4.0458 0.0907 80 200 120
1.8784 3.1850 -2.2736 80 200 120
3.6006 -0.5438 -2.9775 80 200 120
4.2611 0.7676 -2.9717 80 200 120
4.6693 -0.4632 -2.9466 80 200 120
2.5798 -0.2320 -2.9693 80 200 120
5.3821 1.0703 -2.5081 80 200 120
5.0372 -0.6127 -2.0665 80 200 120
5.4163 0.9804 -3.1256 80 200 120
3.8658 1.6532 -2.9386 80 200 120
4.2379 1.2341 -2.9461 80 200 120
1.6191 -0.0301 -0.2602 80 200 120
1.9430 0.1733 -0.1205 80 200 120
4.5033 -2.7515 -0.5768 80 200 120
2.5958 -2.7981 -2.8673 80 200 120
2.8696 -2.5849 -2.8586 80 200 120
0.2389 -1.7401 -0.2987 80 200 120
3.3620 -3.4070 -3.0011 80 200 120
3.8307 -2.1209 -2.9745 80 200 120
2.0584 -2.7985 -1.7524 80 200 120
1.3347 -0.1207 -1.0054 80 200 120
3.7289 -3.5787 -2.9718 80 200 120
5.1225 1.3382 0.0904 80 200 120
4.6453 4.8180 -2.6288 80 200 120
5.7068 2.2765 -2.8116 80 200 120
7.1585 6.5602 0.4334 80 200 120
6.2086 2.3159 -2.9687 80 200 120
5.2201 5.4677 0.1709 80 200 120
5.7782 0.5859 0.3928 80 200 120
7.0485 5.5204 -2.9542 80 200 120
3.3345 5.1077 -2.9338 80 200 120
3.2821 5.3636 -1.1128 80 200 120
6.8868 2.3192 0.3863 80 200 120
5.3387 2.9620 -2.9176 80 200 120
2.7436 2.2703 0.2164 80 200 120
5.9255 1.5934 -2.4128 80 200 120
3.9998 3.1104 0.2898 80 200 120
5.8155 4.7721 0.3682 80 200 120
2.3416 5.4073 -1.3091 80 200 120
4.1537 4.3774 -2.4136 80 200 120
2.9880 2.9451 0.2335 80 200 120
4.6858 2.5654 -2.9798 80 200 120
6.0788 3.9301 0.6175 80 200 120
5.5265 2.2921 -2.5364 80 200 120
3.5742 4.3882 -2.9367 80 200 120
0.4481 5.3236 -0.2020 80 200 120
-1.1078 1.8422 -0.9948 80 200 120
-12.0116 -0.0376 -1.1411 80 200 120
-1.3804 2.1411 -0.1387 80 200 120
-2.7329 1.6295 -3.0546 80 200 120
-0.1195 0.2435 -2.9063 80 200 120
1.4560 -0.1699 -0.0459 80 200 120
-0.5549 2.8190 -2.3603 80 200 120
1.8105 -0.1438 -2.8619 80 200 120
1.8249 0.4370 -1.6560 80 200 120
2.0865 1.4170 -2.9396 80 200 120
0.6928 2.6464 -2.9354 80 200 120
-0.6981 2.5280 -2.3121 80 200 120
1.9273 1.8544 -2.9749 80 200 120
2.3476 -0.7964 -2.9264 80 200 120
2.1873 -2.5665 -2.9166 80 200 120
-1.0313 1.5007 -0.7750 80 200 120
2.4779 0.7355 -2.9406 80 200 120
-0.7089 0.8993 -1.0050 80 200 120
1.5112 -1.2105 -1.2476 80 200 120
2.3938 2.0671 -2.9885 80 200 120
1.7466 1.6331 -2.9422 80 200 120
1.6604 1.4749 -2.9136 80 200 120
-0.6401 2.4943 -1.8154 80 200 120
-0.9830 2.2714 -1.8376 80 200 120
1.6488 -2.2471 -0.5806 80 200 120
-0.3734 0.0950 -2.9318 80 200 120
0.3838 0.1333 -3.0472 80 200 120
2.0078 7.7626 0.1610 80 200 120
0.1237 5.4549 -0.3378 80 200 120
3.2675 4.3911 -3.0139 80 200 120
6.4051 6.8028 -0.6525 80 200 120
5.8886 7.0635 -2.9910 80 200 120
-0.6984 3.2002 -0.6314 80 200 120
6.6527 4.2525 -2.2343 80 200 120
2.9570 2.6468 -2.5257 80 200 120
4.0513 4.1842 -2.6688 80 200 120
0.0533 0.5364 -2.9092 80 200 120
1.6429 0.4057 -2.8949 80 200 120
-1.0766 4.2340 -0.7975 80 200 120
-3.0593 -0.2782 -2.9637 80 200 120
6.8741 6.4162 -3.0395 80 200 120
0.9812 6.1540 0.1372 80 200 120
0.1468 0.7703 -2.2654 80 200 120
6.0356 6.9155 -1.7729 80 200 120
2.6346 7.9159 0.1511 80 200 120
5.0560 -1.2112 -2.8565 80 200 120
4.9858 -1.6024 -2.8857 80 200 120
4.4495 -2.5285 -2.9344 80 200 120
4.5494 -2.0453 -2.8974 80 200 120
6.3005 2.0792 -1.9814 80 200 120
4.8639 3.4819 0.2446 80 200 120
5.2156 1.0146 -2.8898 80 200 120
5.3498 1.0276 -1.9964 80 200 120
5.8509 3.0731 -3.1683 80 200 120
5.8960 0.6481 0.1979 80 200 120
3.4872 1.0672 0.2258 80 200 120
6.3065 6.4787 -0.1432 80 200 120
1.9319 -0.1029 -1.6948 80 200 120
3.9369 6.6492 -0.5120 80 200 120
4.3256 4.4923 0.2428 80 200 120
0.7298 3.7856 -2.2650 80 200 120
3.2915 4.9323 -1.8298 80 200 120
2.3524 3.3218 -1.4854 80 200 120
5.3864 6.6565 0.2134 80 200 120
2.3292 -0.6987 -1.7482 80 200 120
0.5547 -0.4816 -2.6105 80 200 120
2.8789 7.3125 -2.0808 80 200 120
1.2490 2.6395 -2.9176 80 200 120
4.1643 -0.2379 -2.8939 80 200 120
4.3438 -2.7279 -2.4592 80 200 120
2.1787 -1.0375 -2.7949 80 200 120
4.8387 -1.4599 -2.8481 80 200 120
-1.3510 0.5713 -0.1957 80 200 120
4.3711 -0.5042 -2.8715 80 200 120
-1.1179 2.0820 -2.3865 80 200 120
0.5866 -1.7248 -0.9333 80 200 120
2.2805 -0.8328 -2.2849 80 200 120
1.7592 -2.9065 -1.0500 80 200 120
3.7325 5.0472 -1.5317 80 200 120
2.3707 1.9881 -2.8998 80 200 120
1.2494 6.4774 0.1722 80 200 120
3.2207 5.2850 -0.5780 80 200 120
2.3158 2.2539 -2.6418 80 200 120
5.5823 6.8007 -1.1407 80 200 120
7.2636 5.9554 -0.8189 80 200 120
2.4414 7.9441 -1.6127 80 200 120
2.2079 0.7895 -2.9120 80 200 120
4.3429 4.7532 -1.6662 80 200 120
3.5097 4.1475 -2.0314 80 200 120
1.3320 4.6304 0.1493 80 200 120
2.4233 0.7244 -2.8989 80 200 120
5.9538 1.5563 -2.7333 80 200 120
5.5006 -1.2678 -3.0207 80 200 120
4.8525 -0.9741 -2.7774 80 200 120
3.7253 -3.4568 -2.9027 80 200 120
4.6084 -2.0366 -2.9227 80 200 120
6.3364 5.6411 -2.8675 80 200 120
4.1611 -3.6060 -2.9663 80 200 120
2.3933 -2.8081 -2.9244 80 200 120
2.7449 -2.8207 -2.8908 80 200 120
3.4407 -1.5410 -2.9303 80 200 120
5.1426 3.1138 -2.9747 80 200 120
4.7194 0.1457 -2.8734 80 200 120
4.5522 0.2100 -2.8973 80 200 120
2.7605 -2.2807 -3.0277 80 200 120
4.2276 -3.3788 -2.1214 80 200 120
3.2090 -2.8584 -2.8492 80 200 120
3.0681 -2.6155 -3.0164 80 200 120
3.7874 -2.1014 -2.9392 80 200 120
4.7916 -0.3843 -2.1664 80 200 120
3.5555 -1.9168 -2.9107 80 200 120
5.6865 1.9036 -2.8661 80 200 120
4.5299 -2.6074 -1.8669 80 200 120
4.8836 0.3148 -2.9307 80 200 120
4.5699 -0.5457 -2.9450 80 200 120
4.4898 0.5963 -2.8820 80 200 120
4.0440 -0.7947 -2.8906 80 200 120
4.7807 1.6423 -2.8741 80 200 120
4.1951 -1.2875 -2.9237 80 200 120
4.5075 0.9996 -2.9036 80 200 120
4.3256 0.7371 -2.9091 80 200 120
4.2005 0.8869 -2.8945 80 200 120
5.1947 -1.0516 -1.6942 80 200 120
4.2537 1.4120 -2.9167 80 200 120
4.6008 0.9357 -2.9096 80 200 120
4.7812 -2.0858 -2.7026 80 200 120
3.5551 -0.8406 -2.8817 80 200 120
7.1602 2.0923 -1.7257 80 200 120
3.6371 -0.4322 -2.9194 80 200 120
4.1381 1.0675 -2.8376 80 200 120
5.0900 1.4970 -3.0090 80 200 120
3.3772 -0.3572 -2.8307 80 200 120
4.2213 0.1797 -2.8727 80 200 120
4.4622 1.2523 -2.8671 80 200 120
3.7543 -0.4166 -2.8889 80 200 120
4.1343 -0.4010 -2.9008 80 200 120
4.3387 0.0154 -2.9075 80 200 120
3.7093 -1.2261 -2.9192 80 200 120
7.1108 2.5204 -1.4650 80 200 120
3.9687 -1.1803 -2.9086 80 200 120
6.1043 0.3241 -1.1460 80 200 120
4.3663 1.3057 -2.9296 80 200 120
3.3260 -2.1984 -2.9472 80 200 120
4.3434 -2.8011 -2.5301 80 200 120
4.3698 -0.7780 -2.8851 80 200 120
4.6047 0.4728 -2.8845 80 200 120
3.3159 -0.9188 -2.9184 80 200 120
4.2023 -0.7669 -2.9278 80 200 120
5.2866 1.6220 -2.8970 80 200 120
5.1433 -0.9227 -1.9452 80 200 120
5.1639 1.3751 -2.8035 80 200 120
6.1153 -0.1721 -0.9476 80 200 120
4.1244 0.6625 -2.8880 80 200 120
4.8888 0.2303 -2.3731 80 200 120
5.9310 1.2099 -2.2756 80 200 120
4.7254 -2.0899 -1.9326 80 200 120
5.6239 -0.4335 -1.3272 80 200 120
5.2572 -1.7465 -1.0850 80 200 120
3.8690 0.7741 -2.9010 80 200 120
7.2328 0.7782 -1.1505 80 200 120
6.3315 0.5219 -0.8041 80 200 120
4.5142 1.1005 -2.8803 80 200 120
2.5143 -3.1349 -2.5853 80 200 120
4.1988 -0.2495 -2.8967 80 200 120
3.1796 -1.1855 -2.8913 80 200 120
4.0604 0.2123 -2.8924 80 200 120
4.1120 1.4232 -2.9711 80 200 120
5.6147 -0.6438 -1.4075 80 200 120
5.5109 -0.3720 -0.4600 80 200 120
6.3550 1.2790 -0.8824 80 200 120
5.4127 -0.0061 -0.0618 80 200 120
3.1246 -3.2873 -2.2607 80 200 120
4.7693 -1.9394 -2.0897 80 200 120
5.0010 -1.1429 -1.7797 80 200 120
2.8564 -3.2498 -0.4414 80 200 120
5.0114 1.5680 0.1928 80 200 120
4.1579 1.3864 0.2628 80 200 120
2.4711 -3.0967 -1.2473 80 200 120
4.5539 -2.3914 -2.3407 80 200 120
5.2618 -0.6310 -0.9474 80 200 120
5.7538 1.2558 0.5167 80 200 120
2.8007 -0.9931 0.3032 80 200 120
2.1318 -2.8042 0.0880 80 200 120
4.2615 0.8119 0.2034 80 200 120
2.9606 -3.3722 -1.7425 80 200 120
6.1642 1.5991 0.5348 80 200 120
2.8232 -0.5211 0.4068 80 200 120
6.1588 1.1462 -0.5757 80 200 120
5.1007 -1.2182 -2.2019 80 200 120
3.3283 0.2670 0.3236 80 200 120
1.8093 -2.7886 -1.1296 80 200 120
4.8447 -0.5298 -1.8700 80 200 120
2.6942 -3.2318 -2.3012 80 200 120
6.0200 0.8883 -0.6657 80 200 120
5.3960 -0.5179 -1.5012 80 200 120
2.2943 -2.8068 -2.1438 80 200 120
4.5582 -1.0430 -2.8829 80 200 120
4.1396 -1.1550 0.4875 80 200 120
4.6101 -2.2852 -1.6402 80 200 120
4.3739 -2.9611 -1.1932 80 200 120
5.0286 -1.4515 -2.5772 80 200 120
4.7262 -0.4301 -2.0265 80 200 120
4.9266 1.4296 0.4466 80 200 120
6.4092 1.2323 -1.2293 80 200 120
4.9197 -1.6423 -1.5261 80 200 120
5.5337 -0.2070 -1.3516 80 200 120
3.6226 0.4159 0.3446 80 200 120
4.1856 1.0628 0.2752 80 200 120
5.6474 0.1189 -0.2632 80 200 120
2.1561 -2.9018 -0.8943 80 200 120
5.0000 -1.4139 -1.9135 80 200 120
4.9398 -1.5318 -2.4021 80 200 120
4.5791 -0.8138 0.3025 80 200 120
4.7061 -0.2405 -1.9753 80 200 120
1.9821 -2.7842 -1.7158 80 200 120
4.9116 1.8742 0.4314 80 200 120
3.5206 1.0691 0.3114 80 200 120
4.6660 -2.1334 -2.5519 80 200 120
2.9264 -3.2709 -2.5573 80 200 120
1.9070 -2.5248 0.5705 80 200 120
1.5024 -1.6512 0.2236 80 200 120
1.4175 -2.6660 -0.2479 80 200 120
1.7979 -1.7933 0.3953 80 200 120
5.3317 0.9018 0.1698 80 200 120
1.4741 -2.4248 0.5422 80 200 120
4.6706 -1.6603 -2.8277 80 200 120
5.4254 2.0522 0.3762 80 200 120
2.1082 -1.1076 0.4591 80 200 120
5.5284 2.4909 -2.8383 80 200 120
6.4172 1.8019 -1.8057 80 200 120
5.8511 2.0629 -2.1865 80 200 120
6.2948 4.6369 -1.4857 80 200 120
6.4463 4.8828 -2.7878 80 200 120
6.1655 4.0114 -2.8316 80 200 120
6.0755 3.7413 -2.1759 80 200 120
6.4363 5.7312 -0.8495 80 200 120
6.0759 2.3800 0.4257 80 200 120
5.8115 0.2005 -0.3525 80 200 120
5.2178 -0.9288 -0.0771 80 200 120
5.3807 -0.3070 0.0426 80 200 120
5.9373 0.5392 -0.9509 80 200 120
4.1799 2.1180 0.2634 80 200 120
7.5909 4.0912 0.5746 80 200 120
3.7381 1.6071 0.2979 80 200 120
5.8073 0.6002 -0.4421 80 200 120
3.9715 0.5572 0.3293 80 200 120
4.5974 1.4297 0.2287 80 200 120
4.9784 1.5364 0.2631 80 200 120
4.6558 -2.1122 0.0623 80 200 120
6.3968 1.8431 -0.7560 80 200 120
5.5961 0.0463 -1.6595 80 200 120
4.8781 1.2421 -2.8844 80 200 120
3.3423 0.4237 0.2949 80 200 120
3.4556 1.3429 0.3879 80 200 120
5.9740 1.4624 0.4055 80 200 120
4.7929 0.8378 0.3077 80 200 120
6.3734 4.2970 -1.7324 80 200 120
5.5420 -0.1897 -0.7153 80 200 120
3.9485 1.5658 0.3356 80 200 120
4.6536 -0.0261 0.2984 80 200 120
4.1304 1.0491 0.3659 80 200 120
4.9783 -0.5366 0.5127 80 200 120
5.3840 -0.4682 -0.1159 80 200 120
5.2333 2.8027 0.2448 80 200 120
3.3487 0.7628 0.2478 80 200 120
5.8490 0.3646 -1.2618 80 200 120
6.1575 1.1571 -1.0141 80 200 120
5.6710 -0.2172 -1.2700 80 200 120
4.8614 -1.7942 0.5649 80 200 120
5.4719 -0.0414 0.0727 80 200 120
5.4688 -0.1518 -0.2575 80 200 120
5.7171 0.3652 -0.7162 80 200 120
6.5147 4.9739 -2.3663 80 200 120
5.2999 3.3933 0.4764 80 200 120
4.3631 1.3814 0.5044 80 200 120
6.3507 1.7139 -0.1337 80 200 120
5.0411 0.6937 0.2931 80 200 120
4.3424 0.1025 0.2828 80 200 120
4.3191 0.9476 -2.2717 80 200 120
6.1731 1.1924 -0.0443 80 200 120
4.8895 1.3061 0.4401 80 200 120
5.0342 -0.9804 0.1680 80 200 120
5.7663 0.6406 -0.7751 80 200 120
4.1783 0.2997 0.2793 80 200 120
3.8908 0.9240 0.3300 80 200 120
4.7162 -0.6249 0.4535 80 200 120
4.7499 -1.2037 0.5536 80 200 120
6.0943 1.4144 -1.2392 80 200 120
6.7442 2.5215 -0.4435 80 200 120
5.5234 2.6492 -2.0807 80 200 120
4.7288 2.5485 0.4492 80 200 120
3.6913 1.2181 0.2846 80 200 120
5.3547 -0.5591 0.3155 80 200 120
5.9258 0.8937 -0.6380 80 200 120
6.2519 1.4554 -2.2949 80 200 120
4.3427 -0.4151 0.4562 80 200 120
6.3033 6.5083 0.2636 80 200 120
5.7245 5.5467 -2.7021 80 200 120
6.0425 5.1225 -2.7688 80 200 120
5.2360 1.7729 -2.6553 80 200 120
4.2247 0.9820 -2.2441 80 200 120
5.6976 6.1841 -1.7828 80 200 120
5.4460 5.4360 0.2979 80 200 120
4.9245 2.9356 -2.8697 80 200 120
6.3975 5.8404 -2.3248 80 200 120
6.0036 6.0762 -0.7713 80 200 120
5.6241 2.3802 -2.5111 80 200 120
4.7679 3.3680 -2.8343 80 200 120
6.3868 2.4262 -1.1882 80 200 120
4.6430 1.7159 0.1917 80 200 120
3.8282 2.2907 0.4198 80 200 120
4.8703 3.1966 -2.9091 80 200 120
4.6702 0.9361 -2.1899 80 200 120
4.4791 2.9290 0.3446 80 200 120
5.9839 1.6008 -2.0402 80 200 120
5.5892 2.5744 -2.2601 80 200 120
6.3189 6.1919 0.1928 80 200 120
5.1485 1.0084 -2.8663 80 200 120
5.6183 2.2686 -2.8080 80 200 120
7.0327 2.3990 -2.9878 80 200 120
4.1893 -1.8742 -2.9246 80 200 120
4.5552 -1.5120 -2.9324 80 200 120
4.7689 -1.1930 -2.9242 80 200 120
4.0072 0.7739 -2.2458 80 200 120
4.6762 0.6732 -2.8736 80 200 120
4.8499 1.2352 -2.8786 80 200 120
3.5268 0.0386 -2.9127 80 200 120
4.6509 0.7988 -2.9021 80 200 120
3.9054 -0.1249 -2.9167 80 200 120
5.0191 -1.4551 -2.5792 80 200 120
3.8358 -0.0044 -2.9203 80 200 120
5.7444 0.0335 -1.6406 80 200 120
4.6727 -0.2671 -1.9881 80 200 120
5.7032 2.3940 -1.8477 80 200 120
5.9713 2.6356 -2.0775 80 200 120
5.7700 2.5150 -2.5382 80 200 120
6.0445 4.0772 -3.0169 80 200 120
6.1575 2.3236 -1.9793 80 200 120
5.3464 4.1055 -3.1243 80 200 120
4.5955 -0.2327 -2.6783 80 200 120
6.1221 2.2206 -2.2212 80 200 120
4.3241 0.5533 -2.8816 80 200 120
5.6012 2.5522 -2.2098 80 200 120
5.2225 0.7462 -3.0587 80 200 120
4.4062 0.1228 -2.8710 80 200 120
3.9043 -0.3113 -2.8878 80 200 120
4.4426 -0.6430 -2.9019 80 200 120
5.1157 0.8794 -1.9871 80 200 120
5.8736 2.3195 -2.2031 80 200 120
4.5132 0.3385 -2.8980 80 200 120
6.8018 5.3733 -2.8616 80 200 120
4.6792 -0.0197 -2.9045 80 200 120
5.3887 -0.3807 -0.1684 80 200 120
1.7403 -2.6607 -0.6896 80 200 120
2.0276 0.2677 0.2514 80 200 120
3.4885 1.3976 0.3042 80 200 120
1.3917 -0.4038 0.4405 80 200 120
2.4321 -0.9942 0.4445 80 200 120
1.4208 -1.1511 0.5944 80 200 120
5.0551 -1.3409 -2.8881 80 200 120
2.1061 0.4692 -0.2903 80 200 120
0.5993 -1.8100 0.2645 80 200 120
3.9510 1.0954 0.1984 80 200 120
0.8782 -2.5526 0.0516 80 200 120
3.3554 0.9301 0.3197 80 200 120
2.6057 -3.2311 -1.6028 80 200 120
4.5993 4.9093 -2.6371 80 200 120
4.3892 5.3697 0.2886 80 200 120
5.6048 6.9045 0.3343 80 200 120
4.9938 7.0366 -0.1032 80 200 120
4.3375 4.2122 0.0718 80 200 120
5.5669 6.8934 -1.1496 80 200 120
5.1896 5.1688 -2.7310 80 200 120
4.6713 5.3674 0.1616 80 200 120
5.2628 6.8346 -0.5147 80 200 120
4.2737 3.5530 0.4436 80 200 120
3.5708 2.1584 0.2902 80 200 120
3.8176 3.7720 -1.9560 80 200 120
4.3262 6.9015 0.1145 80 200 120
3.9064 6.8929 -0.5022 80 200 120
4.4957 3.9089 -2.8794 80 200 120
4.1967 4.1891 -2.8170 80 200 120
3.6215 8.2334 0.4867 80 200 120
3.5760 4.8162 -0.2659 80 200 120
4.5426 5.3156 -1.6800 80 200 120
3.9090 3.8004 -2.5980 80 200 120
6.8234 5.8841 0.1977 80 200 120
4.3186 -1.9398 0.2538 80 200 120
5.0409 1.3270 0.1772 80 200 120
3.6449 -1.6941 0.3527 80 200 120
5.6755 5.2970 0.3854 80 200 120
5.6855 4.3850 0.3165 80 200 120
4.6468 2.8918 0.1630 80 200 120
3.6301 -2.9361 0.4231 80 200 120
4.6946 2.6188 0.2194 80 200 120
2.0014 -2.8536 0.1783 80 200 120
5.3128 -0.5575 0.3149 80 200 120
5.8795 2.8373 0.3485 80 200 120
4.5632 1.3290 0.2123 80 200 120
5.5254 0.8456 0.4123 80 200 120
4.8395 3.4632 0.2706 80 200 120
5.7172 0.5418 0.3590 80 200 120
5.9075 4.0919 0.1159 80 200 120
4.3728 2.0030 0.2426 80 200 120
2.8986 -1.5771 0.9863 80 200 120
2.3310 -2.6492 0.6295 80 200 120
4.9132 2.1729 0.1069 80 200 120
5.3105 2.8507 0.2954 80 200 120
2.6513 -3.0733 0.6546 80 200 120
3.7773 1.6667 0.3331 80 200 120
3.8976 1.4797 0.4275 80 200 120
5.1145 3.3973 0.2856 80 200 120
4.1457 -1.6383 0.4354 80 200 120
5.7359 3.0575 0.3020 80 200 120
6.0482 3.6925 0.4191 80 200 120
4.3332 2.9408 0.2825 80 200 120
3.8058 -1.0600 0.4080 80 200 120
3.9827 0.5374 0.4778 80 200 120
2.5127 -2.9667 -0.0415 80 200 120
3.8516 -2.7195 0.6957 80 200 120
5.1620 1.9647 0.3323 80 200 120
3.3137 -2.9508 0.6430 80 200 120
2.8462 -2.1451 0.3910 80 200 120
4.0311 -1.2957 0.4645 80 200 120
4.1188 -0.9704 0.3214 80 200 120
5.0593 0.6854 0.3124 80 200 120
4.1230 1.2561 0.2766 80 200 120
2.8353 -0.6816 0.4801 80 200 120
3.9396 0.1288 0.1474 80 200 120
4.6347 -0.5658 0.3238 80 200 120
5.7019 2.5859 0.4805 80 200 120
4.3810 0.6799 0.3227 80 200 120
4.7625 -0.3633 0.4025 80 200 120
4.3144 -0.2203 0.4349 80 200 120
4.9172 0.0423 0.3004 80 200 120
4.3610 -1.5823 0.4695 80 200 120
3.7607 1.2896 0.3466 80 200 120
3.3389 -0.3575 0.4098 80 200 120
6.5620 3.2079 0.2961 80 200 120
3.2326 -2.2047 0.4480 80 200 120
4.2982 1.8277 0.4000 80 200 120
3.6113 -0.1314 0.2915 80 200 120
3.9287 0.8794 0.4130 80 200 120
5.2393 1.0139 0.2728 80 200 120
4.1456 1.0217 0.3502 80 200 120
3.7619 -0.5842 0.3402 80 200 120
5.7857 1.7607 0.4279 80 200 120
4.1714 2.1237 0.2478 80 200 120
4.8377 1.5974 0.2831 80 200 120
4.5630 1.7281 0.2690 80 200 120
2.9819 -0.7934 0.2733 80 200 120
4.0135 -2.0422 0.4702 80 200 120
4.4058 1.3876 0.4579 80 200 120
4.1130 1.4296 0.2910 80 200 120
5.0717 2.7001 0.5193 80 200 120
5.5375 1.2937 0.4642 80 200 120
3.3738 -1.5237 0.2080 80 200 120
3.6298 0.7466 0.3285 80 200 120
2.8213 -1.6373 0.6381 80 200 120
6.0617 2.2707 0.4248 80 200 120
4.5447 -1.2010 0.4156 80 200 120
4.5514 0.0414 0.3122 80 200 120
6.2345 4.8774 0.2495 80 200 120
4.1363 -0.7089 0.4016 80 200 120
4.0842 -0.2817 0.5327 80 200 120
6.1122 1.4972 0.4882 80 200 120
4.7602 2.2873 0.3602 80 200 120
4.7422 -1.1166 0.4104 80 200 120
4.2930 0.0564 0.3673 80 200 120
3.3555 0.1182 0.6680 80 200 120
4.8971 -0.5469 0.3314 80 200 120
2.6839 -1.2323 0.3467 80 200 120
6.0186 2.5962 0.3537 80 200 120
4.7110 0.4585 0.4329 80 200 120
3.1638 -0.2662 0.2840 80 200 120
3.3552 -0.0245 0.3432 80 200 120
3.3544 0.6486 0.3560 80 200 120
4.6848 -1.5984 0.2772 80 200 120
4.4497 0.4354 0.4999 80 200 120
3.3343 -3.6197 0.6263 80 200 120
4.8164 1.3121 0.3597 80 200 120
3.7700 0.3381 0.4009 80 200 120
4.5861 0.3024 0.2896 80 200 120
4.5068 4.1008 0.2324 80 200 120
1.8569 -2.6923 0.6553 80 200 120
6.0673 6.0421 -0.2584 80 200 120
1.8517 -1.7010 0.2868 80 200 120
1.5155 -2.6246 0.6187 80 200 120
3.4554 1.3951 0.2902 80 200 120
3.4921 1.0684 0.1885 80 200 120
2.3951 -1.1656 0.5140 80 200 120
1.9729 -2.1293 -0.4954 80 200 120
2.3499 -1.6125 0.5949 80 200 120
5.7085 3.8209 0.3648 80 200 120
2.3312 -2.9981 0.4554 80 200 120
2.7427 -3.1182 -2.9365 80 200 120
4.4397 -1.9131 -2.8186 80 200 120
4.1400 -3.2325 -2.8816 80 200 120
4.3303 -2.4063 -2.8325 80 200 120
3.4839 -1.8527 -2.9263 80 200 120
3.7796 -3.8941 -2.9249 80 200 120
2.5248 -2.7179 -2.8466 80 200 120
4.6658 -1.9960 -2.8912 80 200 120
3.3390 -0.9122 -2.8857 80 200 120
3.3777 -3.0465 -2.8779 80 200 120
4.0267 -0.7614 -2.8640 80 200 120
4.3723 -0.4835 -2.8738 80 200 120
4.1148 -1.3462 -2.9072 80 200 120
4.2157 -3.1907 -2.1274 80 200 120
3.1683 -1.2208 -2.8931 80 200 120
3.1882 -2.4353 -2.9058 80 200 120
4.2651 -0.4905 -2.9882 80 200 120
3.7723 -2.1133 -2.9316 80 200 120
4.3330 -0.6568 -2.8636 80 200 120
3.2916 -1.7790 -2.9581 80 200 120
3.7978 -1.0322 -2.8833 80 200 120
4.2369 -0.0188 -2.8864 80 200 120
4.3700 -2.9487 -2.4358 80 200 120
3.6296 -0.4114 -2.8792 80 200 120
4.2259 -1.1497 -2.8814 80 200 120
3.1208 -3.6694 -2.2249 80 200 120
3.6668 -1.2592 -2.9166 80 200 120
4.5310 -1.0229 -2.8832 80 200 120
4.4473 -1.2032 -2.8810 80 200 120
2.9117 -3.3358 -2.6048 80 200 120
2.3215 -3.2266 -2.1770 80 200 120
4.2085 -1.9117 -2.9182 80 200 120
3.3495 -0.4352 -2.8681 80 200 120
4.1486 -0.2311 -2.8682 80 200 120
3.0447 -1.7845 -2.9799 80 200 120
3.4619 -0.6298 -2.8900 80 200 120
3.8865 -0.1388 -2.9081 80 200 120
2.9526 -0.7582 -2.9367 80 200 120
2.4202 -3.3567 -2.5963 80 200 120
4.2313 -0.7496 -2.9105 80 200 120
4.2273 0.1534 -2.8706 80 200 120
3.7826 -0.4875 -2.8860 80 200 120
1.9802 -3.1140 -2.4263 80 200 120
2.8051 -1.4360 -2.8958 80 200 120
3.8714 -0.2903 -2.8908 80 200 120
3.8592 -0.7813 -2.8871 80 200 120
3.5467 -0.8811 -2.8773 80 200 120
3.2609 -0.2649 -2.8947 80 200 120
3.0146 -1.1120 -2.8798 80 200 120
4.0626 -2.5521 -2.9987 80 200 120
3.7269 -0.2189 -2.8690 80 200 120
3.1809 -0.6878 -2.8646 80 200 120
3.6241 -0.6761 -2.8754 80 200 120
3.9505 -0.4660 -2.8893 80 200 120
3.3847 0.0472 -2.9325 80 200 120
3.4894 -0.1096 -2.8670 80 200 120
2.6796 -1.3021 -2.9563 80 200 120
3.0629 -0.1563 -2.5823 80 200 120
3.8666 -3.5758 -1.5749 80 200 120
4.3055 -0.1540 -2.8939 80 200 120
3.4677 -3.4118 -2.4284 80 200 120
3.3713 0.3309 -2.9374 80 200 120
2.7634 -3.5702 -1.5334 80 200 120
3.1317 -0.2818 -2.9116 80 200 120
3.2258 -0.0860 -2.9467 80 200 120
1.9441 -2.8906 -1.9947 80 200 120
3.0728 -0.4512 -2.9190 80 200 120
3.4247 -0.2146 -2.8777 80 200 120
4.0260 -0.2697 -2.8900 80 200 120
4.0150 0.1855 -2.8805 80 200 120
3.9085 0.1195 -2.8939 80 200 120
4.5188 -2.5592 -2.6104 80 200 120
3.5447 -3.3126 -1.4035 80 200 120
3.7344 0.6621 -2.9383 80 200 120
3.0788 -3.4563 -1.2551 80 200 120
3.5082 0.0279 -2.9061 80 200 120
4.3292 0.2026 -2.8844 80 200 120
3.0566 -0.1547 -2.7112 80 200 120
3.2904 0.3387 -2.9049 80 200 120
2.0902 -2.2330 -3.0703 80 200 120
3.6276 -0.0276 -2.8797 80 200 120
3.7306 -0.0323 -2.8981 80 200 120
2.5464 -2.7794 -0.6703 80 200 120
3.1879 -0.4538 -2.8935 80 200 120
3.6985 0.0880 -2.9041 80 200 120
5.6277 2.5851 -2.8981 80 200 120
3.5249 0.8384 -2.8415 80 200 120
5.6896 2.0507 -2.7869 80 200 120
3.5833 0.9725 -2.8674 80 200 120
5.7423 4.7784 -2.7418 80 200 120
5.6129 2.8680 -3.0585 80 200 120
4.5553 2.4799 -2.8980 80 200 120
6.4625 6.1034 -1.9553 80 200 120
4.5423 1.8854 -2.8676 80 200 120
4.0681 1.6917 -2.8701 80 200 120
5.1234 2.6829 -2.8804 80 200 120
3.9570 1.2915 -2.9409 80 200 120
5.3256 -0.4403 0.3215 80 200 120
1.2376 -0.1274 0.1684 80 200 120
1.8523 0.1464 -0.0782 80 200 120
3.1145 -2.4363 -2.9819 80 200 120
0.2227 -1.1221 0.8840 80 200 120
5.0086 -0.3914 -1.9170 80 200 120
5.0977 -0.0265 -1.9208 80 200 120
-0.5978 -2.1836 0.9664 80 200 120
2.5318 6.1119 -0.4996 80 200 120
3.1505 5.7563 0.8246 80 200 120
2.8732 5.6335 -1.7390 80 200 120
3.9785 4.6156 -1.6414 80 200 120
1.4304 5.9535 -1.5350 80 200 120
1.2480 6.3403 0.0774 80 200 120
3.6231 5.6772 -1.1751 80 200 120
5.1153 1.0053 -1.9966 80 200 120
5.7277 2.4583 -2.0757 80 200 120
4.7964 -1.2933 0.1457 80 200 120
4.2883 5.0994 0.1449 80 200 120
5.4616 6.4709 0.1664 80 200 120
4.3641 4.6125 0.3052 80 200 120
5.5698 5.9796 0.4425 80 200 120
2.9779 -3.9449 0.6437 80 200 120
4.2738 3.4371 0.3146 80 200 120
3.7413 7.3880 0.1945 80 200 120
3.5928 4.9210 -0.1756 80 200 120
3.2966 5.0518 0.3579 80 200 120
1.9425 0.1083 0.2798 80 200 120
4.5623 -0.2255 -2.7114 80 200 120
3.2633 0.2636 -2.8789 80 200 120
4.7231 -0.7447 -2.9820 80 200 120
4.0475 -3.3424 -1.2081 80 200 120
3.1445 0.0097 -2.8844 80 200 120
3.5324 0.8230 -2.8364 80 200 120
5.0509 -1.2550 -2.8547 80 200 120
4.9273 -1.3419 -2.9024 80 200 120
4.6398 -0.5801 -2.9363 80 200 120
1.7637 -2.4010 -0.8438 80 200 120
2.8034 -3.4107 -2.0212 80 200 120
2.0427 -2.8092 -1.4228 80 200 120
3.4614 0.6765 -2.8589 80 200 120
1.6074 -2.7163 -2.0287 80 200 120
4.0564 0.0842 -2.8855 80 200 120
2.3660 -3.0830 -1.6592 80 200 120
1.7356 -2.8584 -2.8766 80 200 120
3.4227 0.6065 -2.8796 80 200 120
2.1768 -2.7857 -2.8879 80 200 120
2.7514 -0.5637 -2.3478 80 200 120
1.6457 -2.7855 -2.5863 80 200 120
4.7152 -1.9001 -2.6354 80 200 120
5.1713 -1.3800 -2.8192 80 200 120
3.7343 -3.4365 -1.0576 80 200 120
4.3521 1.6624 -2.8830 80 200 120
4.5014 1.2974 -2.8739 80 200 120
4.2787 1.2121 -2.8782 80 200 120
4.3126 1.3537 -2.9282 80 200 120
4.4299 2.0764 -2.8568 80 200 120
5.2781 2.1138 -2.9577 80 200 120
4.7822 2.2136 -2.8391 80 200 120
5.4695 1.9321 -2.9404 80 200 120
4.8483 1.5825 -2.8877 80 200 120
4.7672 1.6815 -2.8795 80 200 120
4.7811 2.5340 -2.8946 80 200 120
4.7438 1.8608 -2.8540 80 200 120
3.7486 1.1514 -2.8770 80 200 120
4.5244 1.6439 -2.8574 80 200 120
4.0458 1.2922 -2.8750 80 200 120
4.1049 1.5318 -2.8819 80 200 120
5.0522 1.1791 -2.9865 80 200 120
5.4882 1.7752 -2.7930 80 200 120
5.4021 5.0930 -2.7595 80 200 120
3.5546 0.9108 -2.8750 80 200 120
4.7824 3.2592 -2.8108 80 200 120
4.9398 2.9371 -2.8545 80 200 120
4.2406 1.9151 -2.8796 80 200 120
3.9018 1.5348 -2.8680 80 200 120
4.0114 1.8577 -2.8737 80 200 120
4.4694 1.4047 -2.8947 80 200 120
3.8345 1.3366 -2.8686 80 200 120
5.6594 3.0851 -2.5801 80 200 120
4.6471 2.9335 -2.9167 80 200 120
4.2433 2.1108 -2.8873 80 200 120
3.8011 1.0655 -2.8962 80 200 120
4.2014 1.6782 -2.8970 80 200 120
3.9404 1.1882 -2.9800 80 200 120
4.5126 4.7803 -2.7572 80 200 120
5.0515 5.6526 -2.7149 80 200 120
3.9996 3.8909 -2.3220 80 200 120
4.4842 4.6843 -1.7308 80 200 120
4.4837 3.7145 -2.8477 80 200 120
5.5815 2.3959 -2.5020 80 200 120
3.8090 1.7518 -2.8503 80 200 120
4.4794 3.1395 -2.7947 80 200 120
4.3035 2.7049 -2.8703 80 200 120
4.1939 1.4618 -2.9036 80 200 120
4.2747 2.4186 -2.8925 80 200 120
3.9287 2.0276 -2.8719 80 200 120
4.1386 4.2382 -2.8782 80 200 120
4.3738 4.6394 -2.4145 80 200 120
3.9548 3.8565 -2.5590 80 200 120
3.6236 5.5631 -1.1961 80 200 120
3.7025 1.5808 -2.8707 80 200 120
4.1539 3.5615 -2.9539 80 200 120
3.7905 2.0105 -2.8684 80 200 120
3.2848 4.0658 -2.7728 80 200 120
3.2520 4.2444 -2.4811 80 200 120
5.4977 2.4364 -2.0396 80 200 120
3.3670 4.4613 -1.6668 80 200 120
3.8162 3.7809 -1.9496 80 200 120
3.2718 4.3751 -2.1835 80 200 120
3.5185 4.0697 -2.2744 80 200 120
3.4618 3.0429 -2.8693 80 200 120
4.1903 4.7323 -1.6671 80 200 120
3.6754 3.8200 -2.7956 80 200 120
3.6842 1.7572 -2.8561 80 200 120
3.5175 2.3533 -2.8839 80 200 120
3.6245 2.7015 -2.8700 80 200 120
1.9676 6.5527 -2.6533 80 200 120
2.9442 2.6041 -2.8361 80 200 120
1.3889 6.4224 -2.7653 80 200 120
3.5946 1.0206 -2.7865 80 200 120
1.4777 6.7456 -1.2755 80 200 120
2.8432 3.7670 -2.8335 80 200 120
1.3869 6.3670 -0.7659 80 200 120
1.6000 6.8257 -1.9397 80 200 120
2.0928 7.6665 -0.0367 80 200 120
2.5968 6.8573 -1.6922 80 200 120
5.2988 5.9399 -1.2814 80 200 120
4.4887 1.0159 -2.4143 80 200 120
1.3175 7.5239 0.0275 80 200 120
1.9255 7.6629 -1.8925 80 200 120
6.0473 4.2252 -2.0464 80 200 120
6.5592 2.2374 -1.9079 80 200 120
5.5110 2.7061 -2.9692 80 200 120
4.6146 -0.3931 -2.6321 80 200 120
3.3107 -3.3660 -2.9260 80 200 120
3.0351 -3.1624 -2.9130 80 200 120
3.3036 -1.3908 -2.9428 80 200 120
2.4798 -2.9790 -3.0846 80 200 120
5.1481 1.0035 -1.9877 80 200 120
3.8340 -0.8390 -2.8967 80 200 120
5.6106 1.6825 -2.6163 80 200 120
6.0436 1.6145 -2.7562 80 200 120
5.1301 2.8530 -2.8752 80 200 120
4.8985 2.8433 -2.8406 80 200 120
4.2434 1.4118 -2.8994 80 200 120
4.2396 -3.4021 -2.0994 80 200 120
5.4388 3.4650 -2.7636 80 200 120
2.6386 -1.7724 -2.9844 80 200 120
4.6912 0.2824 -2.8962 80 200 120
4.6440 1.2723 -2.8904 80 200 120
5.8336 3.5269 -2.9354 80 200 120
5.3425 1.2974 -2.3682 80 200 120
5.6703 2.3971 -2.0785 80 200 120
5.5933 2.3499 -2.4907 80 200 120
4.9403 1.9237 -2.8717 80 200 120
4.7458 0.5470 -2.8976 80 200 120
5.2095 1.5857 -2.8399 80 200 120
3.2099 0.1761 -2.9141 80 200 120
4.9818 1.4657 -2.9575 80 200 120
3.8890 0.0588 0.2580 80 200 120
1.0497 -0.6224 -0.3568 80 200 120
5.4980 -0.1828 -1.0939 80 200 120
1.5078 0.3712 0.4441 80 200 120
6.7471 2.3184 0.3659 80 200 120
1.9253 -2.9213 -1.6797 80 200 120
3.3479 -2.7096 -2.7779 80 200 120
3.7935 -3.2548 -2.8653 80 200 120
4.5228 -2.4872 -2.9111 80 200 120
1.6122 0.7234 -0.3018 80 200 120
4.1238 -3.0511 -2.8054 80 200 120
2.0598 0.3727 -0.8853 80 200 120
1.3838 0.9359 0.0270 80 200 120
1.2059 -2.4453 -1.6689 80 200 120
3.3195 5.3108 -0.8458 80 200 120
5.2859 1.0596 -2.6065 80 200 120
5.5607 1.4604 -2.6362 80 200 120
3.2605 5.3010 -0.3868 80 200 120
4.6150 4.9562 -2.6607 80 200 120
5.7060 3.0814 -2.8482 80 200 120
5.1381 1.6830 -2.5793 80 200 120
3.9848 3.9300 -2.3410 80 200 120
2.4072 5.9614 -1.2957 80 200 120
2.0433 -3.0754 -1.0269 80 200 120
3.0936 5.5364 -0.5917 80 200 120
1.8666 7.8752 -2.5311 80 200 120
4.2203 4.5474 -1.6947 80 200 120
3.8141 3.8530 -1.9313 80 200 120
2.5791 6.3343 -0.3275 80 200 120
2.6477 6.7162 -1.6585 80 200 120
3.9669 7.0842 -0.4335 80 200 120
2.9255 2.8096 0.3251 80 200 120
3.1698 5.2291 -0.2890 80 200 120
3.6784 4.7024 -1.5273 80 200 120
2.9541 5.2325 0.2440 80 200 120
5.2755 5.9305 -1.2636 80 200 120
1.8768 7.6024 -0.4937 80 200 120
1.5428 6.8256 -2.2782 80 200 120
1.3880 7.9012 -1.2625 80 200 120
1.8831 6.3392 -2.8314 80 200 120
1.2876 0.2679 0.6464 80 200 120
6.9374 6.0867 0.2638 80 200 120
1.3659 7.4002 0.0072 80 200 120
1.4252 6.1989 0.1035 80 200 120
1.5101 5.8809 -1.4970 80 200 120
1.8778 -0.0198 -0.3209 80 200 120
0.7299 6.3398 0.2903 80 200 120
1.3621 6.5217 -0.8884 80 200 120
1.6818 4.7704 -1.1072 80 200 120
4.8175 5.7827 -1.0610 80 200 120
3.4654 0.7292 -2.9109 80 200 120
4.3620 -0.3495 -2.8964 80 200 120
3.5172 0.1658 -2.9142 80 200 120
3.2111 0.1450 -2.8672 80 200 120
3.0483 -0.1357 -2.8529 80 200 120
2.9323 -0.2806 -1.9961 80 200 120
4.5529 0.1960 -2.8979 80 200 120
4.4792 0.1039 -2.8982 80 200 120
2.8897 2.7187 -2.5636 80 200 120
2.8857 2.3800 -2.8353 80 200 120
6.3746 5.6557 -0.9228 80 200 120
3.1763 3.5292 -2.8410 80 200 120
1.9681 7.5055 -0.7931 80 200 120
2.5991 5.9504 -2.6627 80 200 120
1.3965 5.8730 -2.2530 80 200 120
1.3237 6.3091 0.0333 80 200 120
3.9363 6.8941 -0.4863 80 200 120
5.6328 6.1769 -1.7882 80 200 120
7.0001 1.7689 -3.1170 80 200 120
5.7000 2.3261 -2.8309 80 200 120
3.3698 -0.4459 -2.8916 80 200 120
6.3869 1.7743 -1.8255 80 200 120
4.8699 -1.5468 -2.1843 80 200 120
6.0325 4.0614 -2.6622 80 200 120
5.5800 1.9597 -2.7091 80 200 120
4.3613 -0.3996 -2.9104 80 200 120
5.4518 0.6734 0.2879 80 200 120
3.7537 -1.9550 -2.9071 80 200 120
3.2103 -2.1699 0.4734 80 200 120
3.5140 -2.0779 -2.9223 80 200 120
4.8888 -1.4395 -2.8124 80 200 120
5.8400 0.5700 -1.0023 80 200 120
6.1018 1.2176 -0.6341 80 200 120
5.9304 0.9625 -1.3054 80 200 120
4.6245 -1.9788 -2.8656 80 200 120
4.8209 -1.7633 -2.9098 80 200 120
4.9830 -0.3508 -1.8740 80 200 120
5.0099 -0.6408 -1.8729 80 200 120
5.2304 0.0070 -1.8717 80 200 120
5.9289 1.5098 0.3729 80 200 120
5.7423 1.7673 -2.6229 80 200 120
0.5108 3.2374 0.0444 80 200 120
4.1005 3.8999 -2.7973 80 200 120
6.1749 4.1012 -2.8918 80 200 120
0.9405 7.1357 -1.3871 80 200 120
4.3417 4.6535 -2.4273 80 200 120
0.8805 7.0199 0.5074 80 200 120
3.8190 3.9121 -1.9467 80 200 120
3.9226 3.7485 -2.5894 80 200 120
0.8188 5.1915 0.5158 80 200 120
0.4261 6.1893 0.0006 80 200 120
3.6131 4.1718 -1.7664 80 200 120
5.9498 1.3712 -2.7410 80 200 120
2.7320 5.2703 -2.6685 80 200 120
4.3779 4.6813 -2.9121 80 200 120
1.5681 3.6578 0.1943 80 200 120
2.0170 0.1651 -0.2398 80 200 120
4.2318 7.1743 0.1424 80 200 120
1.1414 4.8208 0.2960 80 200 120
2.4642 2.6992 -1.6347 80 200 120
2.0709 2.8211 -1.4527 80 200 120
1.2347 6.1549 -2.2618 80 200 120
0.3991 5.3098 0.2347 80 200 120
1.7478 2.5969 -2.1786 80 200 120
2.1347 7.2267 -1.9664 80 200 120
1.3070 2.5875 -0.1087 80 200 120
2.3993 0.0614 -1.1722 80 200 120
4.9274 -1.7291 -2.1317 80 200 120
4.9471 -0.9324 -2.8781 80 200 120
2.5529 -1.0503 -2.9505 80 200 120
4.1117 0.1911 -2.8571 80 200 120
0.9831 -3.0936 -2.9665 80 200 120
1.5100 -0.8079 -0.5246 80 200 120
0.8444 -3.1001 -1.8243 80 200 120
2.9422 -0.2779 -2.7511 80 200 120
1.9251 -1.3756 -2.7169 80 200 120
4.5783 -0.1874 -2.8520 80 200 120
2.5150 2.1413 -2.8360 80 200 120
3.2901 2.6970 -2.8206 80 200 120
1.1144 5.8544 -0.7314 80 200 120
3.5905 1.0170 -2.8843 80 200 120
3.3317 3.9582 -2.5134 80 200 120
1.5444 2.5270 -2.5701 80 200 120
2.1229 2.1786 -2.7687 80 200 120
3.6793 3.9029 -2.3153 80 200 120
1.9126 3.5627 -1.2719 80 200 120
2.9133 2.3405 -1.9367 80 200 120
2.9587 2.0371 -2.8253 80 200 120
3.8180 3.1092 -2.8408 80 200 120
1.5005 4.9521 -2.6062 80 200 120
1.4068 6.1283 -1.7995 80 200 120
2.7866 2.1665 -1.8575 80 200 120
3.4958 4.0555 -1.9644 80 200 120
2.8905 2.1838 -2.6139 80 200 120
3.4278 1.3045 -2.8866 80 200 120
5.8914 2.1507 -2.0242 80 200 120
4.9651 1.3901 -2.8988 80 200 120
5.1608 1.2896 -2.8542 80 200 120
4.2967 -0.1572 -2.9010 80 200 120
4.0574 -0.0835 -2.9054 80 200 120
4.7748 2.1837 -2.8542 80 200 120
5.7601 2.7490 -2.9629 80 200 120
5.5311 2.2223 -2.2705 80 200 120
5.1748 2.4038 -2.8248 80 200 120
4.3265 1.8453 -2.8459 80 200 120
4.8841 0.4376 -2.8842 80 200 120
4.6861 2.2931 -2.8741 80 200 120
5.4625 -0.6121 -1.5900 80 200 120
4.2575 1.1721 -2.8626 80 200 120
4.1597 1.7227 -2.8643 80 200 120
1.3968 -0.1398 0.8343 80 200 120
4.4608 -1.0432 -2.8567 80 200 120
4.3277 -2.9020 -2.5268 80 200 120
2.1899 -3.0584 -2.9530 80 200 120
1.1254 6.7893 -0.7831 80 200 120
1.2799 7.4023 -0.0334 80 200 120
4.1310 4.9056 -1.6460 80 200 120
1.4598 3.7301 0.2068 80 200 120
2.9395 2.8429 0.0998 80 200 120
4.2906 6.9714 -0.8839 80 200 120
0.0455 5.7711 0.5512 80 200 120
2.8963 4.3683 0.4038 80 200 120
3.6516 3.9615 -2.3242 80 200 120
0.4861 4.6114 -0.5676 80 200 120
5.0840 1.0165 -1.9947 80 200 120
2.3316 6.3864 -1.9504 80 200 120
6.1902 5.5194 0.3619 80 200 120
3.6839 3.7651 -2.7811 80 200 120
1.0593 2.8459 -2.6271 80 200 120
2.3735 2.1715 -2.8847 80 200 120
0.7554 2.9394 -1.2773 80 200 120
2.3363 3.1124 0.0590 80 200 120
0.1383 2.8915 -2.7102 80 200 120
-0.6659 2.9743 -0.4496 80 200 120
1.8737 0.1444 -0.8232 80 200 120
4.9728 6.8332 -0.1872 80 200 120
1.5094 0.6420 -0.1326 80 200 120
1.3092 7.7593 -1.7813 80 200 120
4.1654 4.5253 -1.6724 80 200 120
0.5789 4.8079 -0.4941 80 200 120
2.0607 -2.7909 -1.7234 80 200 120
1.8360 -3.4285 -0.1429 80 200 120
2.1745 -0.9947 -2.8924 80 200 120
4.6909 -0.1249 -2.9227 80 200 120
1.2079 -2.8476 -0.2833 80 200 120
4.6933 0.1260 -2.8602 80 200 120
4.5734 -0.1987 -2.6881 80 200 120
4.4728 -0.2929 -2.8383 80 200 120
1.7959 -2.9174 -1.0955 80 200 120
2.1067 -3.0416 -0.7978 80 200 120
4.3295 -0.0109 -2.8895 80 200 120
3.5521 -0.3373 -2.8928 80 200 120
4.1636 4.4419 -1.7077 80 200 120
5.3266 6.3211 -0.7647 80 200 120
2.5650 1.9857 -2.6093 80 200 120
5.6437 2.2930 -2.8190 80 200 120
2.8780 1.3532 -2.8817 80 200 120
0.4171 2.6845 -2.7548 80 200 120
1.9361 2.3000 -2.2321 80 200 120
0.0635 3.0787 -2.4611 80 200 120
0.1964 2.4225 -2.3183 80 200 120
5.5187 4.3495 -2.9634 80 200 120
5.5074 1.3104 -2.9177 80 200 120
5.3855 0.8444 -3.1067 80 200 120
5.0222 0.6786 -2.9104 80 200 120
3.5422 0.0231 -2.9282 80 200 120
5.3704 3.1812 -2.7598 80 200 120
6.6356 1.9003 -1.7628 80 200 120
5.6998 2.1839 -2.2220 80 200 120
4.5856 1.7152 -2.8756 80 200 120
3.7888 -0.6407 0.3869 80 200 120
6.6190 2.2373 0.2184 80 200 120
3.5222 1.3883 0.1803 80 200 120
1.3370 -2.2828 -1.7012 80 200 120
5.3431 -0.6313 -1.2817 80 200 120
5.4423 2.4046 -2.8145 80 200 120
2.1847 6.0476 -2.6513 80 200 120
2.9020 5.4236 -1.1701 80 200 120
1.0922 5.3424 0.1294 80 200 120
2.3515 5.3240 0.2463 80 200 120
2.0025 6.1928 -1.8810 80 200 120
-0.4135 4.8007 0.1276 80 200 120
1.9863 6.0753 -2.2907 80 200 120
5.9125 2.6603 -2.0592 80 200 120
5.8978 2.1397 -2.0343 80 200 120
5.8041 2.4963 -2.2586 80 200 120
5.6276 2.0267 -2.7407 80 200 120
3.4666 4.0752 -2.0277 80 200 120
5.4207 1.6927 -2.5969 80 200 120
1.9820 4.0537 -2.6376 80 200 120
1.5750 4.7643 -2.2749 80 200 120
2.6829 2.0105 -1.7758 80 200 120
3.7381 4.7754 -1.4874 80 200 120
1.5077 5.9191 -2.7694 80 200 120
3.5030 5.2083 -0.6126 80 200 120
-0.8318 2.9966 0.1014 80 200 120
-0.3302 3.8184 -0.1662 80 200 120
-1.0632 3.5985 -0.4561 80 200 120
0.3949 2.4590 0.5517 80 200 120
3.6725 -1.6808 0.2586 80 200 120
1.7622 3.9202 -1.2580 80 200 120
1.9168 -2.0214 -0.7530 80 200 120
4.0412 -3.3495 0.2212 80 200 120
1.7400 -1.3274 -0.0207 80 200 120
5.4696 5.8316 0.3746 80 200 120
3.6923 -2.6125 0.2272 80 200 120
3.9598 5.5959 0.2556 80 200 120
-0.2373 2.4357 -1.5084 80 200 120
3.2197 0.1337 -2.8766 80 200 120
4.5868 -2.5441 -2.3312 80 200 120
3.3186 0.3343 -2.8629 80 200 120
4.0991 -3.2132 -1.1677 80 200 120
4.7599 0.1912 -2.8676 80 200 120
2.5939 -0.1790 -1.4981 80 200 120
1.6336 -2.9002 -0.6068 80 200 120
3.8397 -3.6310 -1.7154 80 200 120
2.7472 -3.4632 -0.2467 80 200 120
2.6605 -3.4372 -0.8429 80 200 120
0.5889 3.0267 -1.2518 80 200 120
2.3913 2.6832 -1.5838 80 200 120
3.6903 5.2096 -1.3595 80 200 120
3.4760 1.0895 -2.8243 80 200 120
1.8714 3.6896 -1.2341 80 200 120
2.7458 2.0966 -2.1610 80 200 120
3.2100 2.4073 -2.8831 80 200 120
2.9134 2.6187 -2.5894 80 200 120
3.4026 4.0484 -2.4948 80 200 120
5.9618 3.9855 -2.4228 80 200 120
4.8787 5.5001 -2.0951 80 200 120
3.3064 1.1664 -2.8219 80 200 120
1.8517 4.7828 -2.8361 80 200 120
-0.3259 2.7462 -1.1167 80 200 120
3.5104 3.5425 -2.9122 80 200 120
3.2849 1.8251 -2.8665 80 200 120
1.5441 4.4453 -2.2993 80 200 120
2.5703 5.6772 -2.0469 80 200 120
2.8563 1.3211 -2.7770 80 200 120
5.9154 5.7783 -2.6962 80 200 120
4.7555 3.7275 -2.8321 80 200 120
5.5633 2.5200 -1.9445 80 200 120
5.0040 0.6004 -2.9278 80 200 120
5.4590 1.8816 -2.8607 80 200 120
6.1472 3.9183 -2.4000 80 200 120
4.9573 2.9896 -2.8461 80 200 120
4.9718 1.1168 -2.9054 80 200 120
5.2291 0.7590 -3.0274 80 200 120
6.2569 5.3793 -2.7866 80 200 120
5.8720 1.9635 -2.7675 80 200 120
5.8943 1.2906 -2.8570 80 200 120
5.0071 3.4943 -2.7719 80 200 120
6.4357 1.3767 -2.0590 80 200 120
6.1805 2.1411 -1.7055 80 200 120
6.2929 1.3343 -2.5407 80 200 120
6.3184 1.6684 -1.6301 80 200 120
4.5634 2.4512 -2.8827 80 200 120
5.3822 1.4825 -2.8327 80 200 120
4.4857 0.3357 0.1536 80 200 120
4.6498 -0.0704 0.2144 80 200 120
3.3348 -0.3004 0.3139 80 200 120
4.3183 0.6331 0.3733 80 200 120
1.7845 -0.3509 0.3246 80 200 120
6.0378 2.3990 0.4903 80 200 120
5.0945 0.6250 0.2697 80 200 120
5.7907 3.7331 0.4029 80 200 120
6.2872 1.6050 -1.3631 80 200 120
5.8093 0.5562 -1.0156 80 200 120
6.9884 3.0534 0.0278 80 200 120
6.4150 2.2663 -0.9811 80 200 120
6.4209 2.4205 -1.1524 80 200 120
1.0867 5.5897 -2.8024 80 200 120
3.2321 6.2076 -0.5136 80 200 120
1.2896 5.9299 -2.3482 80 200 120
5.4592 2.4280 -1.9998 80 200 120
3.8149 5.8914 0.4542 80 200 120
4.3496 4.2045 -2.8104 80 200 120
1.4319 4.3614 -2.2579 80 200 120
1.3134 6.0655 -2.7563 80 200 120
1.1469 2.6743 -0.0346 80 200 120
5.2735 4.0873 -2.7367 80 200 120
0.4564 4.8356 -0.4332 80 200 120
0.2989 3.3292 0.2613 80 200 120
2.6822 5.3079 0.3233 80 200 120
2.4085 2.0019 0.2563 80 200 120
4.7238 3.4011 -2.7606 80 200 120
1.4930 -3.1373 -2.9507 80 200 120
-0.0022 1.4356 0.4632 80 200 120
1.6334 -2.8506 -0.5676 80 200 120
0.2151 2.4967 -1.1915 80 200 120
2.2675 5.5016 0.1443 80 200 120
0.3880 3.3256 0.1728 80 200 120
1.6899 -1.8922 -2.6932 80 200 120
2.0588 -2.3601 -1.2361 80 200 120
1.9776 2.9733 0.3503 80 200 120
1.5824 3.0041 0.3256 80 200 120
3.4673 3.4809 0.2990 80 200 120
2.7258 2.0738 -2.1387 80 200 120
2.0249 1.1188 0.3746 80 200 120
1.8383 1.4241 -1.1075 80 200 120
2.4014 -0.7654 -2.7814 80 200 120
1.6776 0.3764 -0.8112 80 200 120
2.9251 -0.2544 -1.8783 80 200 120
4.2570 5.6388 -0.0091 80 200 120
0.8882 2.5876 -2.8480 80 200 120
2.4470 0.1886 -1.3663 80 200 120
1.5538 -0.0369 0.6423 80 200 120
5.0097 1.3182 0.1038 80 200 120
-0.9204 5.2615 0.5144 80 200 120
3.8259 -2.9085 -1.1968 80 200 120
2.1337 -2.8874 -0.4017 80 200 120
0.5930 6.2705 -0.9017 80 200 120
4.0864 -2.2355 0.1003 80 200 120
1.8131 -2.1794 -2.8144 80 200 120
1.4235 -1.0089 -0.7907 80 200 120
2.0535 0.9951 -0.4863 80 200 120
1.8431 -3.1848 -1.6253 80 200 120
2.7103 2.6852 -2.3286 80 200 120
3.4007 0.6043 -2.8627 80 200 120
3.6670 0.2540 -2.8525 80 200 120
2.7352 -0.4112 -2.3071 80 200 120
4.8157 0.3106 -2.8789 80 200 120
4.6166 -0.0643 -2.8602 80 200 120
4.8904 0.4745 -2.8820 80 200 120
4.5648 -0.2514 -2.8109 80 200 120
3.5606 0.9012 -2.8497 80 200 120
4.5607 0.4688 -2.8442 80 200 120
3.2576 0.1384 -2.9651 80 200 120
4.2584 4.5742 -2.3842 80 200 120
1.8739 7.0643 -0.1083 80 200 120
1.1646 5.7467 -0.3878 80 200 120
3.5576 0.9281 -2.8470 80 200 120
0.9836 5.3606 -0.3523 80 200 120
3.9109 3.6290 -2.8329 80 200 120
0.8932 2.2369 -2.8564 80 200 120
3.4866 1.3818 -2.8261 80 200 120
0.8751 5.7722 -0.9987 80 200 120
2.4895 1.8001 -2.8244 80 200 120
2.0972 1.8633 -2.8923 80 200 120
2.6782 2.1908 -1.7028 80 200 120
0.9205 5.2553 -1.7287 80 200 120
3.5364 0.6906 -2.7690 80 200 120
5.4614 5.6343 -1.8878 80 200 120
-0.1261 2.2182 -1.6329 80 200 120
4.0780 4.0866 -2.0960 80 200 120
2.6995 3.1380 -2.8159 80 200 120
3.5449 1.3715 -2.8668 80 200 120
5.3297 4.3771 -2.8881 80 200 120
3.2078 4.6375 -0.9645 80 200 120
3.5328 1.0370 -2.8222 80 200 120
1.5382 6.5996 -0.2668 80 200 120
0.3759 4.8982 -0.1974 80 200 120
3.4431 0.7376 -2.8700 80 200 120
5.0412 2.8496 -2.8347 80 200 120
2.7989 2.1447 -1.9486 80 200 120
6.3358 2.4768 -1.3518 80 200 120
5.3188 6.1404 -2.8503 80 200 120
4.7105 4.1671 -3.0218 80 200 120
6.3272 6.6312 -2.1531 80 200 120
4.7061 1.8738 -2.8318 80 200 120
4.5422 2.8863 -2.8092 80 200 120
4.8150 3.2778 -2.8199 80 200 120
5.2365 1.8639 -2.8492 80 200 120
6.2540 1.5283 -2.2632 80 200 120
4.4038 2.4641 -2.8482 80 200 120
5.0023 0.6786 -2.8902 80 200 120
6.0482 2.1515 -1.8896 80 200 120
5.6328 2.4025 -2.0757 80 200 120
4.4340 3.9702 -2.9922 80 200 120
4.9203 2.2786 -2.8362 80 200 120
4.0710 2.0648 -2.8356 80 200 120
5.5850 2.1965 -1.7827 80 200 120
5.7137 2.2120 -1.9661 80 200 120
5.1216 1.0324 -2.5464 80 200 120
6.4557 2.0168 -2.9563 80 200 120
5.6135 2.4414 -2.4823 80 200 120
4.2957 2.4195 -2.8567 80 200 120
5.1758 2.0743 -2.8740 80 200 120
4.2920 1.7493 -2.8479 80 200 120
5.6463 1.9180 -2.2015 80 200 120
4.3888 3.2261 -2.9387 80 200 120
4.5824 1.8517 -2.8143 80 200 120
6.2055 3.4470 0.1045 80 200 120
6.9731 3.6392 -0.4515 80 200 120
5.8280 0.7341 -1.0632 80 200 120
3.5660 1.0561 0.0704 80 200 120
5.7083 2.4521 0.1275 80 200 120
5.0537 3.5634 0.5855 80 200 120
7.1244 4.6875 -0.2759 80 200 120
5.8031 2.4791 -1.4760 80 200 120
6.2417 1.7464 -1.8123 80 200 120
8.4942 4.9796 0.5411 80 200 120
6.0534 1.1485 -1.0546 80 200 120
3.6624 1.2157 0.4452 80 200 120
5.6712 3.0003 -2.7881 80 200 120
3.3151 3.8424 -2.7457 80 200 120
3.5172 4.9570 -0.5669 80 200 120
0.5618 5.7982 -1.0013 80 200 120
1.3752 5.6646 0.4300 80 200 120
5.0345 2.7693 -2.8079 80 200 120
1.8568 3.8835 -2.6232 80 200 120
6.3002 4.2938 -2.4447 80 200 120
-1.3883 2.8340 0.2482 80 200 120
2.4598 2.8918 -1.6030 80 200 120
-0.6806 3.0888 -0.5690 80 200 120
1.9503 3.5101 -2.0548 80 200 120
-0.7653 3.4411 -0.0638 80 200 120
5.2244 4.8815 0.5422 80 200 120
1.0834 2.8207 0.6173 80 200 120
-0.0424 2.5759 -2.7202 80 200 120
-0.0240 2.1585 -2.2983 80 200 120
0.3396 1.8355 -0.9596 80 200 120
-1.1149 2.8762 -2.3428 80 200 120
2.7621 2.1230 -1.8383 80 200 120
-3.7913 3.0806 1.5770 80 200 120
0.3781 2.9272 -2.5200 80 200 120
2.4406 2.1774 -1.6571 80 200 120
0.2828 -3.3160 0.8056 80 200 120
1.1054 -2.5607 -1.6566 80 200 120
2.7483 -0.3719 -1.6909 80 200 120
4.8277 0.4111 -2.8621 80 200 120
3.4596 0.7026 -2.8528 80 200 120
3.3205 1.1355 -2.7913 80 200 120
3.7425 -3.4669 -1.0785 80 200 120
4.4499 0.2916 -2.8889 80 200 120
2.6052 -3.7604 -1.5059 80 200 120
3.6810 0.4603 -2.8891 80 200 120
1.3103 5.9983 -2.2772 80 200 120
1.9219 2.2931 -1.6255 80 200 120
2.3724 2.1949 -1.6292 80 200 120
-0.4121 1.9686 -1.8130 80 200 120
4.5362 4.7317 -2.6575 80 200 120
1.0636 1.6214 -2.3076 80 200 120
3.8918 2.2091 -2.8368 80 200 120
0.6408 4.1015 -0.0797 80 200 120
3.5775 0.9835 -2.7045 80 200 120
6.4734 5.8482 -1.7431 80 200 120
4.5894 4.9008 -2.6490 80 200 120
4.5655 4.8777 -2.9186 80 200 120
5.6006 6.2562 -2.1732 80 200 120
5.1246 6.3891 -2.3064 80 200 120
5.1684 0.7936 -2.9953 80 200 120
5.2956 1.6251 -2.8513 80 200 120
4.7661 1.6630 -2.8526 80 200 120
6.5565 2.0653 -1.6360 80 200 120
5.1450 1.6598 -2.8720 80 200 120
4.3995 1.9092 -2.8653 80 200 120
4.8370 0.7184 -2.8598 80 200 120
5.3919 2.3780 -2.1907 80 200 120
6.1053 1.3064 -2.4268 80 200 120
6.0300 2.2358 -2.9919 80 200 120
5.5910 2.2550 -2.5280 80 200 120
6.2598 1.8056 -2.4015 80 200 120
4.7266 0.2674 -2.8270 80 200 120
5.1055 0.9052 -2.9036 80 200 120
4.6272 -0.1380 -2.9067 80 200 120
3.8645 2.7722 -2.8528 80 200 120
5.6483 1.7867 -2.9137 80 200 120
6.8473 6.9019 -2.3926 80 200 120
3.8112 -0.3040 0.5256 80 200 120
5.0979 2.9101 0.4149 80 200 120
7.0511 4.0129 0.5650 80 200 120
4.3145 1.3098 0.5551 80 200 120
6.3344 4.4249 -0.1242 80 200 120
6.2757 2.3462 -1.2189 80 200 120
6.0293 1.2990 -1.1860 80 200 120
2.8201 0.1938 0.3851 80 200 120
0.2803 2.0082 -1.0169 80 200 120
-0.5780 0.4905 0.5849 80 200 120
6.6385 5.2337 -2.0797 80 200 120
5.0436 6.6941 -2.7111 80 200 120
2.7732 2.1561 -2.0118 80 200 120
1.9825 2.8066 -1.4851 80 200 120
2.9550 2.4875 -2.5622 80 200 120
1.2318 0.1852 0.6942 80 200 120
-4.5185 2.9147 1.9631 80 200 120
1.6174 0.7594 -0.2820 80 200 120
3.1268 3.3365 -2.7928 80 200 120
0.4104 2.3546 0.4421 80 200 120
3.2503 3.4095 0.3095 80 200 120
5.6044 2.4203 -2.1983 80 200 120
3.2852 6.2489 1.4197 80 200 120
5.1633 4.7709 -2.7090 80 200 120
4.0141 4.3330 -2.0979 80 200 120
3.4397 -3.2578 -2.8697 80 200 120
3.6993 -3.3641 -2.8407 80 200 120
3.2708 -3.1224 0.1760 80 200 120
2.1583 -2.0369 -2.7627 80 200 120
4.0556 -3.0421 0.2219 80 200 120
1.4325 -1.1445 0.5475 80 200 120
-1.1029 -2.4003 1.2535 80 200 120
-1.5471 3.1456 1.0108 80 200 120
-0.5742 1.3118 0.2897 80 200 120
2.4538 -2.8336 -2.8858 80 200 120
2.2588 -2.5220 -2.8350 80 200 120
1.2479 1.5884 -2.2843 80 200 120
2.9794 -2.3682 -2.7022 80 200 120
0.8476 2.0133 -2.6795 80 200 120
2.8060 5.6318 0.4304 80 200 120
2.5832 1.8520 0.1364 80 200 120
2.8735 4.0401 0.1763 80 200 120
2.5170 2.1654 -0.0679 80 200 120
3.0703 0.9564 -1.5823 80 200 120
4.4554 -2.5950 -1.7227 80 200 120
4.2993 -2.8220 -2.4091 80 200 120
2.8446 -3.7706 0.6031 80 200 120
2.3493 -0.6842 -2.5128 80 200 120
2.2203 -3.4212 -2.0609 80 200 120
2.5750 -3.5489 -0.7589 80 200 120
3.3838 0.5575 -2.8593 80 200 120
2.1117 -2.3972 -1.2936 80 200 120
4.1126 0.2242 -2.8230 80 200 120
4.6139 0.3280 -2.8380 80 200 120
4.3745 0.2830 -2.8456 80 200 120
3.8503 0.4101 -2.8610 80 200 120
4.8284 0.7202 -2.8551 80 200 120
1.4533 6.2001 -0.9233 80 200 120
1.3045 6.9642 -1.2123 80 200 120
2.4301 2.8820 -2.3741 80 200 120
3.5371 2.4603 -2.7758 80 200 120
3.5675 1.5310 -2.8248 80 200 120
-0.4833 2.2101 -0.7187 80 200 120
1.3403 4.3921 -2.6988 80 200 120
1.5454 3.9108 -2.0575 80 200 120
-0.2591 2.1184 -2.7823 80 200 120
-0.3977 2.1796 -2.1874 80 200 120
3.5878 0.8437 -2.7823 80 200 120
-0.2121 2.7335 -0.2409 80 200 120
-0.0035 2.7681 -0.8639 80 200 120
-0.1053 4.0874 0.1410 80 200 120
-0.1616 3.6729 -0.2173 80 200 120
3.7808 3.6108 -2.8959 80 200 120
3.4842 3.9099 -2.9123 80 200 120
3.8259 3.8987 -2.6810 80 200 120
3.6131 3.0804 -2.7968 80 200 120
5.9235 1.8876 -2.6833 80 200 120
6.5396 1.2130 -3.0448 80 200 120
5.9591 1.7237 -2.9272 80 200 120
4.9700 6.2095 -2.7907 80 200 120
4.1870 2.1627 -2.8224 80 200 120
4.2535 1.9229 -2.8361 80 200 120
4.4540 1.7445 -2.8505 80 200 120
6.7780 5.4453 -1.1976 80 200 120
4.0907 4.5642 -3.0110 80 200 120
5.7919 7.0418 -1.6895 80 200 120
4.3929 2.8413 -2.8430 80 200 120
6.3221 4.3357 -1.1926 80 200 120
6.6949 5.6715 -1.4872 80 200 120
6.1377 2.1304 -1.6804 80 200 120
4.1181 1.7313 -2.8406 80 200 120
5.7572 2.2888 -2.1925 80 200 120
5.4452 2.6597 -2.9402 80 200 120
4.3742 3.8102 -0.0429 80 200 120
5.9474 0.8852 -0.5897 80 200 120
4.7616 3.4292 0.1841 80 200 120
5.9615 0.9209 -1.2043 80 200 120
6.0220 5.3114 0.2856 80 200 120
5.4913 4.0608 0.2968 80 200 120
5.8093 0.7061 -0.2413 80 200 120
5.5991 4.5928 0.3674 80 200 120
5.2913 4.6656 0.3936 80 200 120
6.6095 3.2211 0.3328 80 200 120
4.5905 2.9237 0.2345 80 200 120
3.8306 2.6547 0.2242 80 200 120
6.2608 2.1254 -1.9350 80 200 120
6.5976 2.5105 0.0068 80 200 120
4.8587 2.9497 0.4883 80 200 120
5.5473 -0.0066 -1.1470 80 200 120
-1.6910 -0.7673 1.5477 80 200 120
-0.2698 2.3154 -2.3256 80 200 120
1.1632 0.1992 -0.5497 80 200 120
3.3353 3.8177 -2.7143 80 200 120
4.1672 3.7937 -2.7382 80 200 120
1.3589 5.8983 -2.3412 80 200 120
0.1817 5.2428 -1.9447 80 200 120
-1.4069 1.8000 -0.1878 80 200 120
2.5419 2.4950 -1.7408 80 200 120
4.8933 7.2414 -1.7272 80 200 120
-3.7022 1.9523 1.4035 80 200 120
0.3602 5.4941 -0.6125 80 200 120
4.5104 5.0545 -2.2032 80 200 120
2.2969 2.1713 0.2237 80 200 120
1.2511 5.2700 -2.3117 80 200 120
5.9493 3.6637 -2.3489 80 200 120
-2.2285 0.7061 0.4393 80 200 120
3.3117 4.1613 -2.4863 80 200 120
1.8013 2.4483 -1.4623 80 200 120
3.7068 3.7037 -2.7422 80 200 120
-3.0778 3.6286 1.6257 80 200 120
0.8165 2.2426 -1.7253 80 200 120
1.9532 1.0868 0.4450 80 200 120
0.8980 2.7482 0.2687 80 200 120
3.4917 0.5574 -2.7657 80 200 120
2.7597 -0.4986 -2.3676 80 200 120
3.2575 -2.3782 -2.7462 80 200 120
1.4073 1.1878 -1.1185 80 200 120
4.1977 -2.7117 -2.1241 80 200 120
3.5221 -1.5986 -2.8702 80 200 120
1.4422 5.5999 0.9240 80 200 120
1.7673 -0.3799 0.3977 80 200 120
3.5018 2.2073 0.2638 80 200 120
1.7002 -1.2040 -3.0547 80 200 120
2.5340 -0.7271 -2.6024 80 200 120
3.2848 0.2143 -2.8044 80 200 120
4.9818 1.3335 0.0902 80 200 120
3.7217 0.5234 -2.1098 80 200 120
2.4801 -2.3770 -1.0804 80 200 120
4.9017 -1.5960 -0.5658 80 200 120
1.0720 0.8297 -0.1475 80 200 120
3.6325 -2.7026 -2.3739 80 200 120
4.7479 -1.7811 0.1159 80 200 120
2.1274 0.7683 0.4133 80 200 120
2.4497 3.3552 0.2754 80 200 120
-3.7035 -6.8220 -2.3784 80 200 120
4.7670 0.2481 -2.8628 80 200 120
2.4319 -3.3643 -1.6910 80 200 120
4.4321 -0.0977 -2.8615 80 200 120
4.2711 0.5508 -2.8613 80 200 120
4.7380 0.3822 -2.8680 80 200 120
0.9094 -2.1950 -1.7379 80 200 120
5.0476 1.0113 -2.8086 80 200 120
4.9957 0.6728 -2.9023 80 200 120
2.7908 -3.1984 -2.3173 80 200 120
5.8752 1.2540 -2.8631 80 200 120
4.7048 0.1110 -2.6324 80 200 120
4.1704 0.3991 -2.8415 80 200 120
4.0545 0.5812 -2.8611 80 200 120
0.4875 5.8936 -0.9312 80 200 120
3.0289 -0.2491 -2.6900 80 200 120
2.8177 1.2857 -2.6689 80 200 120
3.0110 2.4336 -2.6043 80 200 120
-0.2053 1.6214 -1.0969 80 200 120
3.0130 -0.1012 -2.8604 80 200 120
3.5119 0.9935 -2.8600 80 200 120
2.8560 1.2999 -2.4797 80 200 120
0.7707 5.0637 -0.7378 80 200 120
3.3728 3.9108 -2.7008 80 200 120
4.2149 4.4556 -1.9805 80 200 120
3.5297 4.0583 -2.5150 80 200 120
4.0548 4.0416 -2.0770 80 200 120
4.3934 5.0876 -1.6498 80 200 120
6.1907 7.1244 -0.3874 80 200 120
3.8230 3.8621 -2.4303 80 200 120
5.7969 2.6143 -3.0462 80 200 120
5.0026 2.2586 -2.8607 80 200 120
4.6925 2.9787 -2.8819 80 200 120
4.2933 4.4965 -2.3822 80 200 120
4.5194 4.8076 -2.1829 80 200 120
4.6173 7.0561 -1.0887 80 200 120
6.1595 6.5302 -1.0568 80 200 120
5.7857 1.1389 -2.8636 80 200 120
6.4491 1.5056 -2.9415 80 200 120
4.6093 5.3052 -1.8928 80 200 120
6.5277 6.1176 -0.9809 80 200 120
5.7631 1.4076 -2.8542 80 200 120
4.1675 2.8204 -2.8471 80 200 120
5.4740 1.1993 -2.8962 80 200 120
6.1345 5.0463 -1.0825 80 200 120
3.3923 1.3969 0.3156 80 200 120
6.8851 3.8641 0.3610 80 200 120
5.7840 2.3199 -1.4873 80 200 120
3.6035 3.1438 -0.0599 80 200 120
5.4685 2.4819 -1.9842 80 200 120
6.4988 2.3232 -0.8751 80 200 120
4.7885 0.8434 0.2804 80 200 120
4.5433 1.3333 0.0719 80 200 120
6.2913 6.2851 0.1549 80 200 120
5.4403 6.2840 0.0700 80 200 120
5.3594 5.6089 0.3980 80 200 120
4.2765 5.8807 0.6278 80 200 120
6.8128 5.3001 0.3837 80 200 120
5.6720 2.5343 -1.4840 80 200 120
4.1800 3.5106 0.3871 80 200 120
5.8793 3.9961 0.2933 80 200 120
5.6595 3.6975 0.3319 80 200 120
6.0031 1.1444 -1.0755 80 200 120
6.1918 3.7202 -0.0798 80 200 120
4.1701 1.8876 0.3657 80 200 120
5.8656 6.1336 0.1724 80 200 120
5.9327 2.1139 -2.1784 80 200 120
6.1773 2.0434 -2.7277 80 200 120
5.5841 2.5456 0.3596 80 200 120
4.8123 -1.1659 -1.1072 80 200 120
2.7570 0.1853 0.4540 80 200 120
4.0984 2.1096 0.3262 80 200 120
6.2087 5.6982 -1.3261 80 200 120
6.4791 1.8522 -1.7320 80 200 120
1.5455 -0.1397 -0.5013 80 200 120
1.3036 5.2699 -2.7236 80 200 120
2.6238 0.3420 -0.8726 80 200 120
0.9609 4.9373 -2.2103 80 200 120
1.3206 4.4928 -2.6789 80 200 120
-0.7814 1.7504 -0.9883 80 200 120
1.3206 -0.7330 0.7943 80 200 120
0.8469 0.6058 0.2798 80 200 120
3.3838 4.1151 -1.9825 80 200 120
-1.0588 4.1597 0.2875 80 200 120
1.3265 0.8348 0.4954 80 200 120
1.9034 3.2065 -2.1623 80 200 120
2.1290 3.1010 -2.4575 80 200 120
-0.0818 2.5170 -2.3822 80 200 120
1.7708 5.3279 -2.6981 80 200 120
5.7262 5.6085 -2.6565 80 200 120
4.2653 5.1538 -0.1436 80 200 120
1.8553 2.1850 -1.6091 80 200 120
-1.7368 -3.4377 -0.0655 80 200 120
4.2107 -2.3729 -1.2745 80 200 120
2.6330 0.9721 0.4060 80 200 120
4.1005 -2.1469 -1.7237 80 200 120
4.0600 -1.6295 0.3844 80 200 120
0.1425 4.5604 0.6158 80 200 120
5.3662 -0.3472 -0.1618 80 200 120
-0.3920 4.2841 0.4599 80 200 120
2.0960 -0.1539 -2.1739 80 200 120
-1.8252 1.7731 -0.6439 80 200 120
3.2148 -2.7689 -2.1580 80 200 120
2.1725 -1.4460 -2.6363 80 200 120
1.5804 -2.9305 -2.8649 80 200 120
6.8328 2.4355 0.5945 80 200 120
2.7642 6.5566 1.4362 80 200 120
5.6771 0.4447 -0.3384 80 200 120
-1.3567 -2.1834 2.0279 80 200 120
2.5752 2.3107 0.4501 80 200 120
3.0713 1.7570 0.2260 80 200 120
2.8858 -2.1443 -2.8817 80 200 120
4.3335 -2.4887 -2.4098 80 200 120
4.2525 0.5783 0.4336 80 200 120
0.8625 1.8441 -0.0988 80 200 120
5.8848 1.4815 0.3776 80 200 120
2.7447 0.5151 -1.5031 80 200 120
1.7698 2.0525 0.1351 80 200 120
4.2796 0.2431 -2.8464 80 200 120
4.2705 0.3543 -2.8498 80 200 120
5.9977 1.5563 -2.8461 80 200 120
5.7166 1.1446 -2.8429 80 200 120
5.7416 1.4085 -2.8396 80 200 120
5.6584 1.2430 -2.8650 80 200 120
5.4084 1.5015 -2.8270 80 200 120
5.7979 0.9735 -2.8717 80 200 120
-0.4822 2.7939 -0.1136 80 200 120
-2.7257 1.6447 0.9299 80 200 120
-1.2374 1.8112 -0.2076 80 200 120
4.6722 0.1458 -2.8333 80 200 120
1.7111 2.3555 -1.4470 80 200 120
2.6482 -3.0632 -2.8433 80 200 120
-0.6451 2.3262 -2.3312 80 200 120
-0.3542 1.8963 -2.3200 80 200 120
1.5375 1.0183 -1.0935 80 200 120
3.6247 0.8304 -2.7729 80 200 120
3.8958 -1.1321 -2.8974 80 200 120
-0.7481 2.4790 -1.4274 80 200 120
-0.5109 2.7426 -2.5182 80 200 120
2.7623 2.1629 -1.9320 80 200 120
3.6273 -0.2460 -2.8220 80 200 120
3.8389 0.8155 -2.8838 80 200 120
3.8671 0.9073 -2.8056 80 200 120
-0.3003 2.7192 -1.7527 80 200 120
3.4434 0.2195 -2.3107 80 200 120
-1.0567 3.4269 0.2337 80 200 120
1.8086 2.2948 -2.4339 80 200 120
3.7821 -0.4379 -2.9468 80 200 120
-0.2819 1.4418 -1.7560 80 200 120
3.4860 0.8801 -2.8509 80 200 120
-0.9786 2.2925 -0.9503 80 200 120
-1.1865 2.1693 -0.4209 80 200 120
3.5959 0.8571 -2.6551 80 200 120
3.7927 0.2285 -2.8873 80 200 120
3.6267 3.9530 -1.9732 80 200 120
4.1814 8.2667 -0.4956 80 200 120
5.8688 3.5110 -2.3924 80 200 120
1.0915 7.0058 -2.2203 80 200 120
7.0809 7.1074 -0.2208 80 200 120
5.8666 2.3677 -2.9937 80 200 120
6.3402 0.8475 -2.9928 80 200 120
3.0911 4.4325 -2.2728 80 200 120
6.2455 4.4491 -2.0479 80 200 120
5.9157 5.8332 -1.6596 80 200 120
5.6952 7.1334 -2.6095 80 200 120
4.0147 3.1645 -2.9508 80 200 120
4.9037 2.6504 -2.8640 80 200 120
5.0453 2.0647 -2.8216 80 200 120
2.6677 4.5834 -2.5959 80 200 120
4.9640 7.4159 -0.6742 80 200 120
5.7548 2.6176 -2.1629 80 200 120
5.6725 6.1702 -1.2603 80 200 120
4.0809 4.2071 -2.2843 80 200 120
1.9638 5.0084 -2.7405 80 200 120
3.5725 3.2399 -2.8379 80 200 120
3.9073 3.7096 -2.2383 80 200 120
6.5180 1.0674 -3.0261 80 200 120
3.0177 4.1599 -2.8695 80 200 120
5.5795 2.6677 -1.9282 80 200 120
5.6996 0.5238 -0.2638 80 200 120
7.4281 8.2488 -3.1270 80 200 120
4.9732 6.9782 -1.3961 80 200 120
5.6229 5.2657 -2.6607 80 200 120
4.1460 5.8961 0.1933 80 200 120
5.9965 4.5932 0.3637 80 200 120
5.8759 6.1818 -0.7617 80 200 120
5.6947 6.6210 -1.7144 80 200 120
5.6953 3.3079 -2.6599 80 200 120
3.7015 7.3731 0.0918 80 200 120
5.6408 2.3712 -1.7702 80 200 120
5.4228 6.6984 -1.1624 80 200 120
5.3848 7.7843 -0.4164 80 200 120
4.3922 4.0862 0.2899 80 200 120
5.4612 4.3632 -2.7955 80 200 120
5.9203 2.1934 -2.0086 80 200 120
6.6671 5.5457 -1.4333 80 200 120
6.6299 5.1299 -0.9785 80 200 120
6.7052 5.5838 -0.1303 80 200 120
5.8913 5.1582 -2.6542 80 200 120
4.0817 7.4689 0.3032 80 200 120
6.3284 5.3518 -1.7891 80 200 120
4.5301 4.9947 -2.6740 80 200 120
3.1968 4.1016 -2.7971 80 200 120
2.2397 5.2003 -2.6494 80 200 120
-2.1201 1.2801 -1.1081 80 200 120
-0.1247 5.2348 -1.1553 80 200 120
6.8533 3.7259 0.5420 80 200 120
1.2930 6.3840 -1.8489 80 200 120
2.1794 2.9554 -1.4350 80 200 120
2.9483 2.4604 -2.7814 80 200 120
2.7096 2.6297 -2.6103 80 200 120
0.0534 1.8033 -2.6891 80 200 120
1.6476 0.0011 0.5339 80 200 120
-0.0085 2.1363 -2.7381 80 200 120
-2.3745 2.1018 -2.3232 80 200 120
3.8845 3.7792 -2.5320 80 200 120
1.3899 3.9705 -2.7214 80 200 120
4.9558 6.5403 -2.7737 80 200 120
6.5090 5.0306 -1.6752 80 200 120
2.9301 3.5441 -2.8025 80 200 120
2.7679 2.1603 -2.0051 80 200 120
3.4210 2.6291 -2.8412 80 200 120
2.5908 2.2827 0.5278 80 200 120
1.7069 2.0633 -2.6375 80 200 120
1.7667 2.0348 0.3605 80 200 120
5.4799 5.9364 -2.1756 80 200 120
-1.8616 1.2840 0.4228 80 200 120
1.8456 2.9922 0.4891 80 200 120
4.1986 3.7593 -2.3346 80 200 120
2.0781 3.3165 0.3441 80 200 120
0.6220 1.9061 -1.6326 80 200 120
4.0042 3.2699 -2.7845 80 200 120
1.8489 1.4572 -2.8417 80 200 120
-0.2934 1.6051 0.5321 80 200 120
3.6556 4.5669 0.7837 80 200 120
4.0192 4.0063 -1.8731 80 200 120
2.3937 -2.9955 1.0213 80 200 120
2.6136 -3.9691 -1.5831 80 200 120
5.2964 0.8682 0.2287 80 200 120
-0.6671 1.9787 0.0463 80 200 120
1.5186 2.5395 -0.2010 80 200 120
1.6914 -1.1860 -3.0154 80 200 120
2.0214 -1.2108 -2.7125 80 200 120
-5.8080 0.2464 2.0091 80 200 120
-1.2977 1.8074 -0.1554 80 200 120
2.1708 -0.0254 0.4960 80 200 120
2.0444 0.9442 0.0592 80 200 120
-1.6049 -3.4721 1.4217 80 200 120
6.2421 1.6830 -2.8210 80 200 120
5.4894 1.1942 -2.8710 80 200 120
5.6710 1.5198 -2.8412 80 200 120
5.4856 0.8401 -2.6874 80 200 120
5.9015 0.8654 -2.8480 80 200 120
6.0807 1.3746 -2.8182 80 200 120
6.1272 1.2398 -2.8629 80 200 120
4.6216 0.7383 -2.8401 80 200 120
5.9361 0.7424 -2.6843 80 200 120
6.1084 2.1716 -2.9771 80 200 120
4.7980 0.6224 -2.8451 80 200 120
2.9747 -3.4759 -2.5655 80 200 120
4.6885 0.5695 -2.8467 80 200 120
2.1901 -1.9483 -0.9986 80 200 120
0.9402 -3.2419 0.0439 80 200 120
2.7666 -0.2682 -2.9110 80 200 120
2.8805 -0.2950 -1.8735 80 200 120
1.5104 -1.9312 -0.2040 80 200 120
1.5276 -2.1115 -1.6799 80 200 120
2.7991 -0.7354 -2.8806 80 200 120
2.3155 -2.6112 -0.7941 80 200 120
3.7073 0.9732 -2.8909 80 200 120
1.9527 0.2432 -1.0607 80 200 120
2.5329 1.3052 -2.3176 80 200 120
3.2272 0.2625 -2.3149 80 200 120
0.7612 -4.4931 -1.3824 80 200 120
4.1774 0.7020 -2.8405 80 200 120
-4.0320 -6.1821 1.4216 80 200 120
1.6085 -1.0416 -1.4587 80 200 120
-33.3994 -43.9388 -8.1913 80 200 120
2.1031 -2.9241 -2.8504 80 200 120
3.5039 -1.6828 -2.8815 80 200 120
1.1429 -0.1559 -0.2595 80 200 120
1.6863 0.3190 -0.5753 80 200 120
1.4115 -0.3062 -0.7564 80 200 120
4.4213 0.1347 -2.8723 80 200 120
0.3707 -1.7017 -0.3185 80 200 120
3.7534 1.8420 -2.8237 80 200 120
2.9921 -3.3535 -2.3146 80 200 120
4.2865 0.1847 -2.8511 80 200 120
2.4763 0.5996 -1.3027 80 200 120
3.6904 0.7118 -2.7124 80 200 120
4.1812 -0.8439 -2.8007 80 200 120
0.8465 -1.2480 -0.1121 80 200 120
3.5366 3.1740 -2.8276 80 200 120
1.2935 -3.4868 -0.9261 80 200 120
3.0777 2.0655 -2.7670 80 200 120
0.8636 4.5761 -2.7985 80 200 120
0.9871 6.2502 -2.1453 80 200 120
6.0918 6.9022 -2.7749 80 200 120
4.5246 4.7019 -2.2231 80 200 120
6.1003 1.7422 -2.8222 80 200 120
2.7662 2.5904 -2.8162 80 200 120
1.3332 5.2523 -2.7450 80 200 120
3.5633 2.7671 -2.8495 80 200 120
5.7123 2.1434 -2.7862 80 200 120
3.4768 2.6218 -2.8567 80 200 120
3.0086 3.5468 -2.8262 80 200 120
5.7258 4.0924 -2.6369 80 200 120
4.1237 4.1725 -2.5189 80 200 120
2.4867 2.0963 0.2659 80 200 120
1.9234 3.4002 0.3548 80 200 120
5.1426 5.2255 -2.7035 80 200 120
4.0370 4.0757 -2.0720 80 200 120
2.8898 8.0358 0.3080 80 200 120
3.7954 7.5605 -0.3130 80 200 120
3.3542 5.3238 0.2489 80 200 120
4.3565 5.4256 0.3842 80 200 120
4.9789 6.7235 -0.1676 80 200 120
3.4756 4.9226 -0.5461 80 200 120
2.8460 2.8637 0.2172 80 200 120
4.6816 6.6974 0.2350 80 200 120
4.0274 5.0944 0.0218 80 200 120
4.7895 3.6623 0.3635 80 200 120
4.7827 4.3790 -2.7595 80 200 120
6.6561 6.5462 -2.1872 80 200 120
3.3906 5.7489 1.0076 80 200 120
3.6076 3.5960 0.3630 80 200 120
3.1046 5.4603 0.7216 80 200 120
5.4034 2.5655 -2.3623 80 200 120
7.5750 6.7453 0.4448 80 200 120
1.1720 6.5002 0.8370 80 200 120
4.4529 6.2872 0.6515 80 200 120
4.2496 4.9301 -1.6306 80 200 120
2.6070 3.7636 0.4829 80 200 120
6.6862 5.2993 -0.7617 80 200 120
3.2269 3.4255 0.3266 80 200 120
3.4132 2.2191 0.3441 80 200 120
2.5568 2.1029 -2.0909 80 200 120
1.4530 4.4001 -2.2524 80 200 120
2.5865 2.5703 -2.4113 80 200 120
3.5978 3.5928 -2.8757 80 200 120
-2.0569 0.8609 -0.1307 80 200 120
2.7529 2.2328 -2.5895 80 200 120
0.6694 5.9573 -2.1753 80 200 120
-2.1862 0.0019 0.6092 80 200 120
5.5772 0.5706 0.3188 80 200 120
3.7270 -1.1879 -2.8336 80 200 120
1.0907 -0.2730 1.0063 80 200 120
5.4008 -0.0236 0.0592 80 200 120
4.8536 -0.5917 0.6153 80 200 120
4.8935 0.2695 0.4390 80 200 120
2.5291 1.2380 0.2003 80 200 120
4.7488 1.3056 0.5732 80 200 120
3.1184 -2.1872 -0.9916 80 200 120
5.9392 0.8983 -0.6750 80 200 120
1.1940 3.4051 1.1727 80 200 120
5.1253 0.8304 0.3456 80 200 120
5.6049 1.3837 0.7247 80 200 120
2.8080 -5.0151 0.5095 80 200 120
6.1036 1.8876 -2.8562 80 200 120
4.6399 0.6294 -2.8480 80 200 120
5.3351 0.9722 -2.8623 80 200 120
5.6222 1.0310 -2.8536 80 200 120
5.6559 0.9253 -2.8272 80 200 120
5.4424 1.5075 -2.8431 80 200 120
4.5733 0.6361 -2.8319 80 200 120
6.1714 2.0450 -2.7482 80 200 120
5.8444 0.7668 -2.8422 80 200 120
6.1057 2.0321 -2.8816 80 200 120
6.3616 2.0032 -2.8121 80 200 120
5.4799 1.6658 -2.8483 80 200 120
5.5910 1.1184 -2.8473 80 200 120
4.9233 0.8022 -2.8826 80 200 120
6.2661 1.5309 -2.8786 80 200 120
6.3376 1.8445 -2.8431 80 200 120
6.0957 0.9416 -2.8887 80 200 120
5.9215 2.2036 -2.8562 80 200 120
5.6800 2.0219 -2.8894 80 200 120
5.6035 1.8417 -2.8362 80 200 120
5.4151 1.8742 -2.8515 80 200 120
5.1958 1.0502 -2.8375 80 200 120
5.9033 1.7178 -2.8630 80 200 120
5.6063 1.6321 -2.8469 80 200 120
5.7606 1.3955 -2.8490 80 200 120
0.7203 -2.1783 0.8323 80 200 120
2.0041 -2.0049 0.1471 80 200 120
3.9239 -2.6957 -1.7935 80 200 120
1.3139 -0.7925 0.1735 80 200 120
-1.5845 1.8161 -2.8941 80 200 120
3.1820 -1.8201 -2.7315 80 200 120
3.9633 -1.0087 -2.8602 80 200 120
2.5547 -1.7137 -2.6945 80 200 120
0.7218 0.7795 -0.2118 80 200 120
3.2566 1.4791 -2.8173 80 200 120
4.3224 0.6269 -2.8499 80 200 120
2.3476 -3.1585 0.0275 80 200 120
1.7696 1.4518 -2.8566 80 200 120
4.0059 0.6205 -2.7543 80 200 120
2.0584 -4.0131 -2.4963 80 200 120
3.5527 -3.0165 -2.4292 80 200 120
2.5325 -2.6249 -2.0781 80 200 120
4.4841 -0.3448 -2.7917 80 200 120
2.7846 -3.4004 -1.7867 80 200 120
4.0910 0.1560 -2.8360 80 200 120
0.9034 -3.0895 -0.8702 80 200 120
5.0448 1.0331 -2.7972 80 200 120
2.9024 0.9238 -1.5682 80 200 120
3.1821 0.2348 -2.8236 80 200 120
4.3345 -0.4748 -2.5949 80 200 120
4.1842 -1.0629 -2.6997 80 200 120
2.8678 2.1322 -2.8375 80 200 120
2.7405 0.1354 -1.6371 80 200 120
2.6785 2.4910 -2.4429 80 200 120
2.4412 -3.8090 -0.6708 80 200 120
4.0578 0.4656 -2.8430 80 200 120
4.3396 -0.2761 -2.8850 80 200 120
2.7449 2.1638 -1.9228 80 200 120
3.4617 0.7604 -2.3611 80 200 120
4.2551 0.7567 -2.8433 80 200 120
2.8793 -2.1818 -1.3816 80 200 120
0.8559 6.7839 -1.3902 80 200 120
6.6154 5.2348 -1.3278 80 200 120
1.2585 4.8407 -2.7485 80 200 120
1.9522 3.8947 -2.8850 80 200 120
0.9603 4.0685 -2.7028 80 200 120
6.2096 7.2908 -0.3168 80 200 120
3.4637 4.0354 -2.1582 80 200 120
5.3764 2.3613 -2.7819 80 200 120
5.6351 2.3084 -2.8338 80 200 120
0.6994 5.4651 -2.3177 80 200 120
7.2480 8.1787 -0.0956 80 200 120
5.2638 6.2897 -0.7540 80 200 120
5.3111 5.9959 -1.2607 80 200 120
0.9675 4.5875 -1.9576 80 200 120
3.7164 8.0128 -0.0842 80 200 120
3.1311 4.9426 -1.2970 80 200 120
1.5477 3.9007 -2.2615 80 200 120
4.2117 8.5768 -0.4657 80 200 120
5.5949 2.3994 -2.9578 80 200 120
6.7917 8.6589 -1.2077 80 200 120
2.0351 2.2152 0.2286 80 200 120
1.3098 3.4456 0.4248 80 200 120
3.8586 3.8984 -2.2853 80 200 120
3.7955 3.1027 0.4078 80 200 120
4.2863 7.2511 -0.8288 80 200 120
2.8975 4.3678 0.3175 80 200 120
2.2379 4.9135 0.4790 80 200 120
3.6079 4.1365 0.3420 80 200 120
5.6096 2.9609 -2.7065 80 200 120
0.6923 7.3905 0.7857 80 200 120
0.2676 6.8336 0.2323 80 200 120
3.8690 1.5023 0.3495 80 200 120
3.0625 6.9384 0.4576 80 200 120
4.2782 4.3669 -2.2105 80 200 120
5.5835 2.4168 -2.8372 80 200 120
2.5055 3.4273 -2.8308 80 200 120
2.0944 0.4648 -1.2588 80 200 120
-3.7979 -4.5271 2.8526 80 200 120
2.1889 0.1476 -0.4892 80 200 120
-1.9142 2.0369 -2.2835 80 200 120
2.4365 2.7587 -1.7598 80 200 120
1.2967 1.1127 -2.2884 80 200 120
3.1183 4.2062 -2.7754 80 200 120
0.2531 0.2836 -0.7786 80 200 120
-21.0928 -22.2822 3.6902 80 200 120
-1.7000 0.8151 -0.7515 80 200 120
4.9532 6.9315 -0.8049 80 200 120
0.7000 4.2959 -2.2200 80 200 120
0.8787 -5.0531 -2.0082 80 200 120
4.0896 3.7948 0.7322 80 200 120
4.7843 0.8520 0.3020 80 200 120
4.6352 2.9088 0.1291 80 200 120
4.7078 3.4883 0.3315 80 200 120
6.4624 2.2128 0.1766 80 200 120
6.9570 3.0770 0.1118 80 200 120
5.5491 0.3436 0.0946 80 200 120
5.8058 0.6989 -0.6950 80 200 120
3.2776 -3.1621 -2.8338 80 200 120
5.8576 0.7238 -0.9460 80 200 120
6.5753 2.6016 0.3363 80 200 120
5.8160 0.5262 -0.8973 80 200 120
5.4705 0.8200 -2.6821 80 200 120
4.9762 0.7779 -2.8568 80 200 120
5.5721 2.1081 -2.8363 80 200 120
6.0213 2.1291 -2.8232 80 200 120
4.9341 0.6576 -2.8746 80 200 120
4.8864 0.5937 -2.8297 80 200 120
5.4283 1.1518 -2.8459 80 200 120
5.3771 1.4404 -2.8180 80 200 120
5.9826 1.6380 -2.8502 80 200 120
5.3069 1.1414 -2.8207 80 200 120
5.8668 0.6149 -2.8487 80 200 120
6.0110 1.1038 -2.8477 80 200 120
6.1540 1.3842 -2.7305 80 200 120
5.0491 1.2736 -2.8238 80 200 120
5.1847 1.4941 -2.8776 80 200 120
2.5990 1.8502 -2.6270 80 200 120
3.3273 -3.0977 0.1260 80 200 120
4.5961 -0.0622 -2.8380 80 200 120
4.7716 0.2917 -2.8217 80 200 120
4.5204 0.4680 -2.8636 80 200 120
3.9929 -0.3967 -2.8196 80 200 120
3.2363 1.1516 -2.7994 80 200 120
2.9455 2.1586 -2.5793 80 200 120
3.6993 2.3480 -2.8310 80 200 120
2.1919 -2.7650 0.0066 80 200 120
4.1601 2.1888 -2.8344 80 200 120
-0.1839 1.3759 -0.9820 80 200 120
0.6825 1.1384 -1.0736 80 200 120
4.7933 0.3657 -2.8464 80 200 120
3.4379 -0.4795 -2.8425 80 200 120
3.7152 1.9722 -2.8125 80 200 120
4.0627 1.7338 -2.8480 80 200 120
3.3192 0.4657 -2.2036 80 200 120
4.2411 0.3178 -2.8391 80 200 120
3.9956 1.2803 -2.8198 80 200 120
4.3178 1.0000 -2.8614 80 200 120
0.6875 -1.8243 0.0766 80 200 120
4.2407 1.8656 -2.8533 80 200 120
3.3907 8.7203 0.8018 80 200 120
2.7669 5.6136 -0.6577 80 200 120
2.5026 1.8791 -2.5703 80 200 120
1.4409 1.5188 -2.8739 80 200 120
-0.3676 2.0176 -2.8352 80 200 120
0.0515 5.1161 -1.2105 80 200 120
2.7441 2.6382 -2.8583 80 200 120
5.8187 3.5816 -1.9880 80 200 120
2.1922 1.7282 -2.7804 80 200 120
3.5650 2.0051 -2.8242 80 200 120
4.9984 6.6805 -2.0266 80 200 120
2.8207 2.3467 -2.8021 80 200 120
2.7860 4.6771 -1.6878 80 200 120
3.5003 1.3697 -2.8586 80 200 120
2.6934 2.4842 -2.4010 80 200 120
0.6435 4.0617 -2.2831 80 200 120
4.2682 4.8816 -1.6311 80 200 120
2.8249 2.1996 -2.5825 80 200 120
2.6061 2.0152 -2.8092 80 200 120
3.6558 5.4841 -1.1952 80 200 120
0.9138 7.0630 -0.5551 80 200 120
2.7566 2.2007 -2.8356 80 200 120
3.8361 3.7710 -1.8387 80 200 120
3.9511 1.2565 -2.7984 80 200 120
2.8023 4.9366 -1.3870 80 200 120
334.3027 733.3945 37.6799 80 200 120
3.5133 1.4518 -2.7770 80 200 120
6.3944 6.2951 -1.1859 80 200 120
5.7504 3.1998 -2.6855 80 200 120
4.4040 7.2112 -0.2272 80 200 120
3.7482 1.9278 -2.8631 80 200 120
3.6760 2.3457 -2.8675 80 200 120
4.9623 8.1372 -0.3604 80 200 120
3.2877 4.2346 -2.1163 80 200 120
0.6860 5.7398 -1.0102 80 200 120
-0.7275 4.8156 0.2814 80 200 120
2.8875 4.4772 -2.2844 80 200 120
3.5310 4.7972 -1.3256 80 200 120
2.7329 5.4645 -0.1211 80 200 120
3.0765 4.9381 -1.1262 80 200 120
2.9607 6.1083 -0.5749 80 200 120
-0.6182 4.2236 0.5749 80 200 120
1.8409 6.2290 -0.3710 80 200 120
0.9815 5.0782 0.4198 80 200 120
1.0499 4.3154 0.4143 80 200 120
3.0428 4.7824 -1.5412 80 200 120
2.3230 5.0328 -1.7671 80 200 120
4.0171 4.5493 -1.6731 80 200 120
1.2245 5.4104 0.3949 80 200 120
2.6284 5.2419 0.2677 80 200 120
1.7041 4.3566 0.4718 80 200 120
4.9563 5.7095 0.3063 80 200 120
4.2107 4.8634 -2.4066 80 200 120
4.7010 7.2938 -2.7537 80 200 120
5.3492 4.4476 -2.7832 80 200 120
5.6719 4.3406 -2.5708 80 200 120
3.4340 4.0857 -2.3395 80 200 120
2.9239 5.4350 -0.8291 80 200 120
3.0327 1.2606 -2.7817 80 200 120
0.0305 6.6180 -2.2282 80 200 120
2.9537 2.2822 -2.7309 80 200 120
2.9422 2.8122 -2.7551 80 200 120
2.5286 2.7641 -2.6182 80 200 120
4.1525 -2.3015 0.5430 80 200 120
1.4361 5.8853 -2.2054 80 200 120
-0.8191 0.6963 -1.6307 80 200 120
1.7575 1.1908 -2.5988 80 200 120
2.6941 1.9727 -2.8006 80 200 120
-0.4972 1.4448 -2.6937 80 200 120
3.8343 4.1173 -1.5609 80 200 120
3.3765 0.4014 -2.7810 80 200 120
4.1333 4.0466 -2.3367 80 200 120
1.2655 1.9682 -2.5689 80 200 120
3.5802 3.9031 -2.2865 80 200 120
6.3055 2.2242 -1.1721 80 200 120
6.0438 1.3046 -1.1406 80 200 120
5.2308 -0.2116 -0.6859 80 200 120
4.4270 -1.3291 0.2533 80 200 120
5.2947 1.5476 0.3324 80 200 120
6.4371 3.7687 0.2900 80 200 120
6.7401 3.7323 0.5373 80 200 120
5.7294 3.7638 -2.8331 80 200 120
5.6247 2.2890 -2.8115 80 200 120
5.4290 0.8450 -2.7578 80 200 120
5.8885 0.8475 -2.8367 80 200 120
5.5402 1.9258 -2.8492 80 200 120
6.1140 1.3434 -2.8340 80 200 120
6.3541 1.8887 -2.4673 80 200 120
5.5733 0.8928 -2.8421 80 200 120
5.0207 1.1013 -2.8723 80 200 120
5.2225 1.6207 -2.8368 80 200 120
5.8815 1.4752 -2.8360 80 200 120
6.3412 1.7837 -2.4787 80 200 120
5.4028 1.2621 -2.8599 80 200 120
5.4909 1.8195 -2.8364 80 200 120
5.9426 0.9949 -2.2469 80 200 120
5.7041 0.5772 -2.7039 80 200 120
6.0733 1.3037 -2.0662 80 200 120
5.5297 1.4124 -2.8347 80 200 120
5.2155 1.2340 -2.8206 80 200 120
5.2701 1.5653 -2.8421 80 200 120
5.2105 1.9168 -2.8648 80 200 120
5.9611 2.0818 -2.8780 80 200 120
5.8652 0.5937 -2.6061 80 200 120
2.7671 -3.1881 0.6455 80 200 120
3.0249 -0.1911 -2.2721 80 200 120
4.9192 0.7758 -2.7614 80 200 120
1.9864 -1.6126 0.1788 80 200 120
1.4257 -1.4995 0.2341 80 200 120
2.5723 -2.3910 -2.1003 80 200 120
4.6119 0.3211 -2.9327 80 200 120
3.9169 0.6637 -2.8239 80 200 120
2.8805 -2.8524 -0.4683 80 200 120
4.6049 0.6072 -2.8669 80 200 120
5.0066 1.0058 -2.7654 80 200 120
2.9156 0.4828 -1.6641 80 200 120
4.5210 0.9539 -2.8486 80 200 120
0.2130 2.0145 -1.8821 80 200 120
2.3294 2.7587 -2.2331 80 200 120
0.0425 4.3248 -0.9560 80 200 120
0.2844 6.1842 0.0193 80 200 120
5.4416 4.8305 -2.8506 80 200 120
-0.3023 4.6696 -1.6329 80 200 120
3.4101 1.7076 -2.8155 80 200 120
0.4259 5.4823 -1.3694 80 200 120
5.1194 2.5956 -2.8287 80 200 120
2.5478 2.6912 -2.7009 80 200 120
3.7686 7.6054 -0.2092 80 200 120
5.2840 2.7914 -2.6612 80 200 120
4.9679 6.3869 -1.4610 80 200 120
0.5094 6.8466 -0.7402 80 200 120
4.2351 4.3680 -1.9550 80 200 120
5.6803 3.0364 -2.9253 80 200 120
3.3955 5.1714 -1.2108 80 200 120
4.0735 4.2440 -2.3507 80 200 120
4.3647 2.0819 -2.8391 80 200 120
5.4329 3.7229 -2.6898 80 200 120
3.6955 3.8964 -2.0155 80 200 120
0.6157 5.4516 -1.8947 80 200 120
3.6418 3.8187 -2.8046 80 200 120
3.8529 3.5037 -2.8493 80 200 120
-0.2872 4.5230 -1.4372 80 200 120
-0.4027 4.5535 -0.7568 80 200 120
3.6240 3.4305 -2.8370 80 200 120
4.2633 3.9520 -2.7199 80 200 120
4.0305 3.9067 -2.7770 80 200 120
4.6881 4.0753 -2.0148 80 200 120
4.0275 4.3245 -2.2526 80 200 120
0.2091 5.0291 -0.3668 80 200 120
4.5374 4.3586 -2.6930 80 200 120
4.3295 4.2959 -2.7490 80 200 120
5.1070 5.3846 -2.6684 80 200 120
2.0759 4.9835 -2.6380 80 200 120
5.6181 5.3112 -2.6447 80 200 120
4.3443 5.3827 -2.3381 80 200 120
3.7074 3.9126 -1.8998 80 200 120
5.0943 4.1082 -2.7963 80 200 120
3.7657 3.8791 -2.5367 80 200 120
4.1398 5.4303 -1.5349 80 200 120
-0.5053 6.6934 0.4756 80 200 120
0.2470 5.2667 0.3231 80 200 120
3.9589 4.1199 -2.0477 80 200 120
0.3076 5.5517 -0.6522 80 200 120
4.6942 4.4967 -2.7857 80 200 120
0.1260 3.3692 0.3148 80 200 120
5.5867 0.6054 -0.4829 80 200 120
1.1444 3.4001 0.4212 80 200 120
0.5222 2.2657 0.3499 80 200 120
1.1195 2.6194 0.4379 80 200 120
4.2259 4.5284 0.3724 80 200 120
4.6219 3.4782 -2.8533 80 200 120
1.9837 0.8112 0.5248 80 200 120
-0.6012 2.8569 0.4825 80 200 120
1.6822 5.4107 -2.1163 80 200 120
3.8688 3.8181 -2.8254 80 200 120
-0.1373 -0.3298 0.3129 80 200 120
2.7233 2.5602 -2.7888 80 200 120
3.3027 1.0881 -2.7894 80 200 120
1.7197 -0.0810 -0.1249 80 200 120
-0.3785 4.6435 -0.9781 80 200 120
2.0688 -0.5718 -1.3457 80 200 120
1.6096 -0.1121 -0.6551 80 200 120
1.7315 -2.2849 0.3836 80 200 120
3.6318 -1.6980 0.3972 80 200 120
3.5682 -2.8368 0.3589 80 200 120
-0.9180 6.5369 -1.1071 80 200 120
3.1707 -3.1407 0.1060 80 200 120
1.2327 -2.2805 0.1551 80 200 120
2.9185 -2.0801 0.4412 80 200 120
0.6791 1.0667 -2.2907 80 200 120
2.9382 -0.2292 -1.8054 80 200 120
3.4181 1.3572 -2.8638 80 200 120
2.3791 2.7318 -1.9642 80 200 120
1.7428 -2.6535 -0.6627 80 200 120
1.7443 -0.0468 -1.2081 80 200 120
-1.4921 -2.8508 1.3958 80 200 120
3.3367 -2.2192 0.3186 80 200 120
0.9993 -2.7439 -1.6404 80 200 120
2.4509 -1.4524 0.4833 80 200 120
1.1994 1.3557 0.3785 80 200 120
3.3131 1.3790 0.4324 80 200 120
1.5442 -0.6367 -1.1946 80 200 120
5.4115 6.7891 1.2965 80 200 120
3.4651 0.3307 -2.7069 80 200 120
3.5675 0.8694 -2.7692 80 200 120
2.1394 -2.8188 -0.4214 80 200 120
4.0693 -2.9929 0.2304 80 200 120
1.1262 1.6738 -2.7905 80 200 120
-0.2801 4.7368 -1.5260 80 200 120
4.4583 -0.1187 -1.8481 80 200 120
1.9116 -2.6241 -1.2155 80 200 120
5.2363 4.5811 0.3389 80 200 120
4.6993 -1.5144 0.4331 80 200 120
6.1846 1.7938 -0.1658 80 200 120
5.4980 2.6638 0.2114 80 200 120
5.8156 4.1523 0.2978 80 200 120
3.4978 0.9210 0.0379 80 200 120
5.0668 2.9466 0.4857 80 200 120
5.6144 3.6711 0.3412 80 200 120
5.8443 0.8483 0.5079 80 200 120
5.8180 0.7386 -0.9973 80 200 120
5.6191 0.4410 -0.8369 80 200 120
6.3696 4.8578 -2.9544 80 200 120
5.4889 2.7136 -2.8043 80 200 120
5.4040 2.7517 -2.8179 80 200 120
5.2725 1.2461 -2.8421 80 200 120
4.9369 2.2605 -2.8212 80 200 120
5.7840 1.8556 -2.8326 80 200 120
5.4241 2.2336 -2.8367 80 200 120
5.1793 1.2396 -2.8656 80 200 120
5.5566 2.4529 -2.8551 80 200 120
5.6898 2.2473 -2.8295 80 200 120
6.4146 5.5550 -2.8021 80 200 120
5.5052 1.2548 -2.8335 80 200 120
5.1280 2.6212 -2.8387 80 200 120
5.3504 2.2740 -2.8280 80 200 120
5.5029 0.8369 -2.7505 80 200 120
5.2175 2.2728 -2.8379 80 200 120
5.6258 1.7564 -2.8221 80 200 120
5.4085 2.4531 -2.8147 80 200 120
5.3352 2.6148 -2.8466 80 200 120
5.7943 2.1481 -2.8635 80 200 120
5.9809 1.7996 -2.8489 80 200 120
5.5336 2.1812 -2.8441 80 200 120
5.2263 2.1452 -2.8426 80 200 120
5.3525 1.0876 -2.8254 80 200 120
5.6306 2.3616 -2.7598 80 200 120
5.5437 2.0044 -2.8261 80 200 120
5.5398 1.7836 -2.8389 80 200 120
5.0954 1.2524 -2.8435 80 200 120
5.9280 1.3800 -2.8601 80 200 120
6.3703 1.1883 -2.9682 80 200 120
3.1795 -0.6830 -2.1790 80 200 120
5.8638 0.8314 -2.8296 80 200 120
3.6129 -2.8310 0.3751 80 200 120
4.2285 -2.2217 -0.2798 80 200 120
3.6243 -2.6917 -2.3677 80 200 120
4.0511 0.8565 -2.8257 80 200 120
5.5696 1.1470 -2.8322 80 200 120
4.1029 1.3040 -2.8394 80 200 120
4.1047 1.1405 -2.8121 80 200 120
1.2287 1.1389 -2.6710 80 200 120
5.0347 1.0677 -2.7699 80 200 120
2.8720 1.1687 -2.8329 80 200 120
1.3191 -1.6034 -0.9350 80 200 120
4.2866 1.1988 -2.8489 80 200 120
5.6476 1.2961 -2.8316 80 200 120
4.4602 0.6093 -2.8538 80 200 120
5.7008 1.1302 -2.8108 80 200 120
1.4775 2.5831 -1.2571 80 200 120
-1.2553 5.1080 0.5095 80 200 120
0.6131 1.5556 -2.5654 80 200 120
3.6290 1.7655 -2.8335 80 200 120
1.5909 5.6319 -2.2079 80 200 120
2.2455 3.0482 -2.8188 80 200 120
2.8777 1.2884 -2.7918 80 200 120
3.4087 1.1147 -2.7797 80 200 120
0.0365 1.9313 -2.3189 80 200 120
3.6740 0.9018 -2.7453 80 200 120
3.7444 3.9835 -2.6480 80 200 120
3.4609 2.9529 -2.8584 80 200 120
3.2888 1.2089 -2.7693 80 200 120
3.6603 1.5706 -2.8452 80 200 120
4.3050 2.2145 -2.8374 80 200 120
4.0011 1.7934 -2.8379 80 200 120
0.3093 4.8346 -2.1091 80 200 120
-0.5909 5.5707 -0.1417 80 200 120
3.5655 1.3969 -2.8357 80 200 120
5.6443 5.0841 -2.6197 80 200 120
5.2277 5.9667 -2.7665 80 200 120
3.4740 0.9391 -2.6688 80 200 120
5.1687 2.4104 -2.4675 80 200 120
1.2402 3.3948 -2.5195 80 200 120
3.1402 1.5167 -2.8691 80 200 120
1.1032 2.5356 -1.2387 80 200 120
0.4690 4.2063 -2.1696 80 200 120
3.4716 3.2932 -2.8420 80 200 120
1.1753 3.9722 -2.8027 80 200 120
1.3950 5.1179 -2.7561 80 200 120
5.6119 2.3612 -1.8680 80 200 120
0.6686 2.8533 0.3755 80 200 120
3.3142 1.3538 0.4183 80 200 120
1.2107 3.8432 0.3730 80 200 120
5.6118 2.3405 -1.7614 80 200 120
-0.7038 3.1580 -0.0515 80 200 120
1.9578 1.1235 0.3818 80 200 120
1.8948 3.7381 0.3605 80 200 120
5.5283 2.4618 -1.4664 80 200 120
6.2689 6.3854 -2.8348 80 200 120
-0.0685 3.2172 -0.8392 80 200 120
0.9855 4.8430 -2.6851 80 200 120
5.3166 4.2081 -2.7968 80 200 120
1.9875 2.3578 0.3692 80 200 120
5.9703 3.9711 -2.6075 80 200 120
-1.2075 2.7261 0.1902 80 200 120
5.5691 2.3143 -1.5878 80 200 120
2.9021 5.2027 -0.6988 80 200 120
0.9670 4.3859 -2.2221 80 200 120
-0.6911 3.8960 0.0953 80 200 120
5.7960 3.3824 -2.3651 80 200 120
3.6918 -0.3677 -2.5417 80 200 120
2.1221 11.2149 1.6954 80 200 120
3.2297 6.6070 0.3737 80 200 120
4.5391 7.2933 1.4497 80 200 120
2.7065 2.5956 -2.2037 80 200 120
2.7325 4.6621 -1.4112 80 200 120
0.9907 -0.0005 -0.9464 80 200 120
1.7096 1.5691 0.3515 80 200 120
2.6144 0.9423 0.4458 80 200 120
1.3086 -1.3367 0.3826 80 200 120
2.7548 -3.2427 -2.0484 80 200 120
2.7801 -0.3902 -2.2488 80 200 120
2.3863 -1.0493 0.4205 80 200 120
5.0105 3.7717 0.8891 80 200 120
4.8108 -0.6906 -1.4939 80 200 120
2.7351 -3.0206 -0.9572 80 200 120
5.4063 4.5791 -0.0836 80 200 120
5.2286 5.5463 0.4282 80 200 120
4.8849 -0.1567 -1.4375 80 200 120
5.9139 6.1619 0.1991 80 200 120
4.4608 -1.2938 -1.2685 80 200 120
6.0593 4.6488 0.3589 80 200 120
5.8132 3.5789 -0.0021 80 200 120
0.9206 -2.6069 0.9917 80 200 120
4.9306 1.5886 0.2022 80 200 120
4.7971 3.6533 0.3772 80 200 120
4.9778 4.5619 0.4372 80 200 120
5.0426 -0.6153 -1.0289 80 200 120
4.8779 -0.0906 0.5190 80 200 120
4.0654 3.6287 0.3929 80 200 120
5.5360 4.6211 0.3758 80 200 120
6.2124 5.8559 -1.7663 80 200 120
6.3191 1.8880 -2.8224 80 200 120
6.1621 1.7687 -2.7829 80 200 120
6.2003 2.0267 -2.6702 80 200 120
5.7336 0.9806 -2.8551 80 200 120
6.0686 5.7844 -2.8741 80 200 120
5.4980 3.2696 -2.8470 80 200 120
5.3170 2.8364 -2.8222 80 200 120
5.5990 1.9299 -2.8356 80 200 120
5.7543 1.6194 -2.8416 80 200 120
5.8281 3.4296 -2.8756 80 200 120
6.0819 0.8498 -2.8863 80 200 120
6.2531 1.2968 -2.8990 80 200 120
6.8770 6.7144 -1.5335 80 200 120
6.2009 1.4160 -2.8547 80 200 120
6.6557 7.0135 -2.1406 80 200 120
5.5206 2.2580 -2.8207 80 200 120
5.2597 2.7010 -2.8258 80 200 120
6.4184 7.1209 -2.6101 80 200 120
5.2716 1.4375 -2.8080 80 200 120
5.7381 5.3877 -2.2710 80 200 120
5.1675 2.4421 -2.8359 80 200 120
4.9998 1.0778 -2.7257 80 200 120
4.9784 0.9138 -2.7755 80 200 120
3.1774 -3.2060 -0.0727 80 200 120
5.2691 0.9041 -2.8077 80 200 120
2.8695 -3.1053 -1.3187 80 200 120
5.8228 0.6820 -2.8376 80 200 120
5.9018 1.1046 -2.7912 80 200 120
1.3366 -1.1753 -1.1421 80 200 120
6.1985 1.3817 -2.8575 80 200 120
4.8496 1.0883 -2.8359 80 200 120
4.3033 1.3302 -2.8238 80 200 120
5.5018 0.7429 -2.6580 80 200 120
5.1249 1.0126 -2.8064 80 200 120
5.9004 0.3782 -2.9075 80 200 120
3.4403 0.9241 -2.6785 80 200 120
4.5790 0.9100 -2.8381 80 200 120
4.0512 1.8096 -2.8357 80 200 120
3.6707 1.5602 -2.8616 80 200 120
3.1858 -3.8301 -0.2949 80 200 120
5.4281 1.1385 -2.8093 80 200 120
4.4136 0.9450 -2.8304 80 200 120
4.6944 0.4935 -2.9427 80 200 120
3.3915 0.6459 -2.0345 80 200 120
2.7954 2.4397 -2.4187 80 200 120
3.3535 0.9570 -2.8487 80 200 120
-0.1422 4.4309 -0.9319 80 200 120
3.4491 3.6415 -2.8238 80 200 120
3.9234 3.8182 -2.8341 80 200 120
2.6970 2.2141 -2.6071 80 200 120
4.2469 4.0874 -2.7973 80 200 120
2.6151 2.1312 -1.7934 80 200 120
0.6478 5.6405 -0.9440 80 200 120
1.9574 1.9685 -2.0762 80 200 120
5.8713 0.8849 0.3260 80 200 120
4.6774 1.4636 0.4442 80 200 120
1.5962 0.5092 0.4125 80 200 120
1.0685 3.7120 -2.7673 80 200 120
0.4545 0.8071 0.3174 80 200 120
2.6358 2.1429 -1.9880 80 200 120
2.7175 2.4234 -2.4311 80 200 120
3.4828 2.7452 -2.8301 80 200 120
3.0312 4.2702 -2.6798 80 200 120
0.5074 5.6286 -2.2489 80 200 120
-1.4004 1.6425 0.3016 80 200 120
4.5922 4.1680 -2.6725 80 200 120
1.3746 -0.1262 0.7501 80 200 120
5.4248 2.4756 -1.5437 80 200 120
0.3023 3.2597 -1.2042 80 200 120
6.4333 5.8953 -2.8296 80 200 120
1.6584 2.0080 0.3723 80 200 120
0.8389 3.4918 -2.7656 80 200 120
5.9751 3.9770 -2.8065 80 200 120
-0.7970 1.7406 -0.8809 80 200 120
-0.8284 1.2449 0.4043 80 200 120
-0.3313 2.8009 -0.5531 80 200 120
-0.2575 0.9660 -2.7726 80 200 120
2.2301 1.1202 -2.5471 80 200 120
-3.2887 0.4726 -2.2730 80 200 120
3.7270 -3.2418 -1.1495 80 200 120
3.6985 -0.0751 0.4302 80 200 120
3.5128 0.9617 -2.6530 80 200 120
4.7803 0.9727 -2.4208 80 200 120
3.6132 1.0475 -2.7678 80 200 120
3.7875 0.8862 -2.7025 80 200 120
3.3099 1.0850 -2.8101 80 200 120
1.9582 3.1520 -2.6709 80 200 120
-0.6576 7.9466 1.1931 80 200 120
2.6662 2.4547 -2.3870 80 200 120
2.6189 3.7320 0.4196 80 200 120
3.4576 0.8517 -2.3662 80 200 120
-2.3665 -0.2748 -0.6484 80 200 120
4.4444 0.3579 -2.6164 80 200 120
2.6026 -2.1706 -2.0674 80 200 120
2.0788 0.7298 0.4039 80 200 120
-0.1468 4.1395 0.5154 80 200 120
2.7912 1.1438 -2.0085 80 200 120
4.2210 0.5985 0.4216 80 200 120
3.2907 5.8912 1.1915 80 200 120
6.1356 5.0372 -1.1484 80 200 120
5.5632 6.4908 0.1785 80 200 120
5.1522 6.5342 0.1133 80 200 120
3.8707 2.6866 0.1219 80 200 120
4.3555 4.1080 0.3677 80 200 120
3.3246 1.3725 0.3843 80 200 120
3.3302 2.2620 0.1809 80 200 120
5.6316 2.6076 -1.2234 80 200 120
5.8560 5.4173 0.3844 80 200 120
4.5673 2.9955 0.3583 80 200 120
2.6733 0.9288 0.3787 80 200 120
3.2354 3.4758 0.3180 80 200 120
5.7749 2.2838 0.3708 80 200 120
3.8033 1.4620 0.3203 80 200 120
3.7805 1.2630 -0.1392 80 200 120
2.8361 0.4826 0.3676 80 200 120
6.0305 6.3216 -0.1074 80 200 120
5.4750 2.6327 -1.3706 80 200 120
6.6508 6.0538 -0.2925 80 200 120
5.7209 0.7679 -0.8054 80 200 120
5.6209 0.4260 -0.8095 80 200 120
4.9639 3.4239 0.3897 80 200 120
5.7932 0.7732 -1.0184 80 200 120
3.3299 -7.5383 1.9952 80 200 120
5.8417 2.9791 0.7202 80 200 120
4.9130 5.6002 0.2292 80 200 120
4.9956 5.6808 -1.9833 80 200 120
4.5719 7.4035 -2.1073 80 200 120
4.2229 4.0679 -2.7837 80 200 120
6.3328 7.5690 -0.7012 80 200 120
5.6017 2.4003 -2.8402 80 200 120
5.7271 2.0415 -2.8305 80 200 120
5.4483 2.1866 -2.8420 80 200 120
5.5955 6.7067 -2.1264 80 200 120
5.8720 1.9175 -2.8264 80 200 120
5.5713 3.0897 -2.8251 80 200 120
4.5555 3.2742 -2.8270 80 200 120
5.6995 4.8760 -1.9092 80 200 120
5.2326 3.4021 -2.8428 80 200 120
5.9279 2.0530 -2.9335 80 200 120
4.8671 3.2532 -2.8475 80 200 120
6.1394 4.3427 -2.8253 80 200 120
5.9671 9.2999 -1.3244 80 200 120
5.5402 5.4178 -2.8004 80 200 120
5.3059 4.4020 -2.8273 80 200 120
5.6193 3.9877 -2.8318 80 200 120
5.3633 2.2718 -2.8166 80 200 120
6.1469 1.7538 -2.7688 80 200 120
5.9704 1.8801 -2.8148 80 200 120
3.5318 0.8461 -2.8006 80 200 120
3.7960 0.8375 -2.7356 80 200 120
3.7452 -2.7664 -1.0901 80 200 120
2.9546 -5.3808 -0.9752 80 200 120
4.8360 0.7451 -2.9236 80 200 120
4.7579 1.2240 -2.8219 80 200 120
5.3638 0.9179 -2.7892 80 200 120
0.5764 -3.5456 -2.3859 80 200 120
5.7272 0.4205 -2.2634 80 200 120
5.9223 1.5382 -2.8073 80 200 120
3.0849 -0.0821 -2.2594 80 200 120
6.1876 1.5482 -2.8219 80 200 120
6.2704 1.6338 -2.8225 80 200 120
6.2307 1.9216 -2.7641 80 200 120
5.8287 1.5061 -2.8284 80 200 120
2.4393 -2.9097 -1.6612 80 200 120
3.9734 -2.1737 -0.5694 80 200 120
4.9207 0.6205 -2.6659 80 200 120
4.3375 3.3454 -2.7989 80 200 120
-0.9095 2.8948 0.1244 80 200 120
3.4610 -0.9790 -2.8909 80 200 120
-0.7563 0.9145 -2.7455 80 200 120
1.4557 0.8793 -2.6475 80 200 120
2.7520 4.5440 -1.8328 80 200 120
1.5450 4.6386 -2.2544 80 200 120
-1.7760 0.8328 -1.2982 80 200 120
4.0999 4.1746 -2.3580 80 200 120
4.0441 4.4099 -2.5561 80 200 120
4.3416 3.7802 -2.2241 80 200 120
0.3486 4.4463 -1.8283 80 200 120
0.6277 1.1325 -2.2388 80 200 120
0.5605 1.7746 -1.3724 80 200 120
3.8811 6.3612 -2.6360 80 200 120
-0.2000 0.3382 -2.2184 80 200 120
3.4058 1.1379 -2.7721 80 200 120
3.3648 0.7666 -2.8187 80 200 120
4.0959 0.8002 -2.7905 80 200 120
0.5915 5.3215 -1.3708 80 200 120
-1.5723 1.5691 -1.7546 80 200 120
-0.5201 0.7410 -3.1259 80 200 120
3.1307 0.4059 -2.4340 80 200 120
-2.0139 -0.3612 0.5829 80 200 120
-1.3722 0.9848 -0.4980 80 200 120
-2.4929 -0.3724 0.0790 80 200 120
-0.5723 1.1583 -1.1532 80 200 120
-1.8273 0.6890 0.3114 80 200 120
2.4644 2.1124 -1.7527 80 200 120
0.7654 4.6063 -2.2626 80 200 120
-1.1730 2.3014 0.4982 80 200 120
3.5423 5.8389 0.3163 80 200 120
-1.0039 0.3938 0.4841 80 200 120
0.9467 0.7042 0.4280 80 200 120
4.2042 0.5067 0.5990 80 200 120
4.1810 4.1698 -2.7664 80 200 120
-0.0550 1.5722 -1.5608 80 200 120
3.4023 -1.3948 -2.6709 80 200 120
-0.0090 1.7430 -2.4320 80 200 120
-1.8999 2.1534 0.5590 80 200 120
1.4395 -0.6230 -0.1440 80 200 120
2.6571 -0.7715 -1.9031 80 200 120
5.0064 1.2269 0.3563 80 200 120
3.4627 -1.9770 -2.6655 80 200 120
3.3094 0.4586 -2.2182 80 200 120
2.3963 1.9535 -2.5582 80 200 120
2.1266 1.7442 -2.7492 80 200 120
4.8168 -1.5127 -0.5944 80 200 120
2.6287 -1.6062 -1.7955 80 200 120
3.6096 -0.5887 -2.8269 80 200 120
2.9234 -0.2612 -2.6264 80 200 120
2.6700 1.9834 -2.7895 80 200 120
3.4765 1.3484 -2.8496 80 200 120
4.3602 4.3212 -0.4319 80 200 120
5.3149 0.7973 0.3948 80 200 120
3.2716 1.5173 -2.7950 80 200 120
4.1504 7.1686 0.3199 80 200 120
4.8298 6.8009 -0.1588 80 200 120
5.2976 6.8110 -0.6842 80 200 120
6.3713 6.0510 0.2647 80 200 120
4.3487 7.3981 1.5635 80 200 120
4.1292 5.1516 0.2555 80 200 120
5.5051 5.2068 0.3640 80 200 120
5.9791 6.5356 -0.6518 80 200 120
3.7290 3.0992 0.4297 80 200 120
4.2020 -4.5121 1.5674 80 200 120
5.7774 0.9116 0.3924 80 200 120
5.0743 2.8787 0.3659 80 200 120
4.2130 4.6096 0.3799 80 200 120
5.8623 1.4573 0.3475 80 200 120
5.4079 7.6797 -0.8725 80 200 120
4.3497 4.5641 -2.7864 80 200 120
4.7365 3.1708 -2.8291 80 200 120
5.2872 3.0833 -2.8217 80 200 120
4.7838 4.0058 -2.8386 80 200 120
5.1321 2.5911 -2.8251 80 200 120
5.2668 6.7230 -1.8265 80 200 120
5.3525 3.5473 -2.8414 80 200 120
4.4721 4.9619 -2.7880 80 200 120
5.3374 6.3559 -2.7482 80 200 120
4.4506 5.7934 -2.6892 80 200 120
6.6246 6.2850 -2.0362 80 200 120
5.1023 2.9351 -2.8311 80 200 120
6.1145 5.8794 -2.2143 80 200 120
5.0151 2.8209 -2.8307 80 200 120
4.8961 2.7304 -2.8475 80 200 120
6.5149 5.9979 -1.5958 80 200 120
5.8612 3.4674 -2.7704 80 200 120
4.2321 5.0177 -2.5550 80 200 120
4.5554 3.0508 -2.8270 80 200 120
5.5693 6.5926 -2.5785 80 200 120
4.9732 3.8156 -2.8448 80 200 120
5.0041 4.3830 -2.8159 80 200 120
5.1587 6.7604 -2.2204 80 200 120
4.5357 7.2742 -1.6465 80 200 120
5.9066 6.2281 -2.3453 80 200 120
5.0143 6.8960 -1.3529 80 200 120
5.0105 3.2705 -2.8211 80 200 120
4.1760 3.3356 -2.8573 80 200 120
6.1557 2.0708 -2.8163 80 200 120
5.8546 2.1733 -2.8165 80 200 120
6.0453 2.0244 -2.8543 80 200 120
5.7465 1.6443 -2.8487 80 200 120
5.6089 2.2896 -2.8188 80 200 120
5.6352 0.6185 -2.7909 80 200 120
5.8391 1.0551 -2.7723 80 200 120
4.6487 1.4027 -2.8341 80 200 120
4.7158 0.8870 -2.8674 80 200 120
4.4188 1.6259 -2.8530 80 200 120
5.9021 1.2173 -2.8508 80 200 120
5.4137 1.5655 -2.7938 80 200 120
2.9323 -0.1830 -2.8623 80 200 120
5.1077 1.0582 -2.7901 80 200 120
3.3268 -0.2614 -2.6614 80 200 120
5.0674 0.5877 -1.7128 80 200 120
4.9454 0.4541 -1.7404 80 200 120
4.8704 0.4169 -1.8228 80 200 120
4.6157 -0.3520 -1.6070 80 200 120
4.5104 0.8619 -2.8454 80 200 120
3.9767 1.6402 -2.8472 80 200 120
6.2686 1.7770 -2.4758 80 200 120
5.2796 1.2536 -2.8109 80 200 120
4.9296 1.0168 -2.9114 80 200 120
5.6104 1.5476 -2.8354 80 200 120
5.8572 0.8472 -2.4423 80 200 120
5.8919 1.7840 -2.8372 80 200 120
5.5026 -0.0384 -1.0995 80 200 120
5.7316 1.4117 -2.8381 80 200 120
5.9265 0.4898 -2.6601 80 200 120
4.0445 3.3733 -2.8948 80 200 120
3.3062 2.3060 -2.8398 80 200 120
0.1551 6.2687 -2.1862 80 200 120
2.1194 2.7842 -1.6316 80 200 120
1.4322 2.1682 -1.2321 80 200 120
1.9719 2.0081 -1.6240 80 200 120
1.1400 3.8113 -2.2530 80 200 120
0.7975 3.5018 -2.6803 80 200 120
4.7326 0.5083 -2.7160 80 200 120
3.6086 1.0925 -2.9020 80 200 120
0.2739 5.9053 -1.6084 80 200 120
2.5077 -0.6253 -2.9362 80 200 120
-0.1966 0.6650 -2.4720 80 200 120
4.7761 0.4649 -2.8117 80 200 120
0.2707 1.3689 -1.1807 80 200 120
0.6035 4.7450 -1.3416 80 200 120
4.6233 3.4858 -2.8579 80 200 120
5.5597 6.0959 -2.8030 80 200 120
5.8434 6.2442 -2.7069 80 200 120
-3.2508 -0.7071 -1.2319 80 200 120
0.2384 3.3298 -2.2317 80 200 120
6.0606 6.1958 -0.1908 80 200 120
1.0704 1.9046 -1.3187 80 200 120
4.3553 6.2556 -2.7682 80 200 120
4.0834 -1.1823 0.4628 80 200 120
2.0164 4.3264 0.4551 80 200 120
1.6555 0.2433 0.1396 80 200 120
4.5767 -1.9650 0.3067 80 200 120
0.7411 0.8243 -2.6663 80 200 120
5.2347 0.7408 -1.8547 80 200 120
3.0589 -1.2149 -2.6719 80 200 120
1.3441 1.1924 -2.9139 80 200 120
-0.9069 8.1898 1.9381 80 200 120
3.3834 0.2786 0.3908 80 200 120
5.6845 0.4362 -0.1989 80 200 120
2.6038 1.7431 0.4075 80 200 120
3.7943 0.8831 0.3712 80 200 120
4.7403 -0.5442 0.4159 80 200 120
0.8650 4.4851 0.6106 80 200 120
5.7841 0.9286 0.3478 80 200 120
3.0933 6.6364 0.5614 80 200 120
5.4621 7.6026 -0.9223 80 200 120
5.5738 5.9625 -1.8098 80 200 120
7.0346 11.6086 -0.9876 80 200 120
5.4110 0.6267 -1.8338 80 200 120
6.4982 6.2070 -0.6365 80 200 120
6.9303 6.2582 -1.3081 80 200 120
6.8173 5.9860 0.2319 80 200 120
5.2330 5.4436 0.3676 80 200 120
5.7633 6.5413 -1.1581 80 200 120
3.3847 3.3363 0.1191 80 200 120
4.6429 6.9387 0.2633 80 200 120
5.9177 3.8858 0.3694 80 200 120
3.7290 2.1972 0.4035 80 200 120
4.6798 1.3214 0.4291 80 200 120
4.8622 2.8266 0.3616 80 200 120
5.2865 1.4362 0.3968 80 200 120
5.2982 4.0912 0.3465 80 200 120
4.5680 4.5298 0.3708 80 200 120
5.6996 0.6862 -1.0671 80 200 120
4.6663 7.0965 -1.0853 80 200 120
4.0951 6.9183 -1.5611 80 200 120
4.8698 8.5790 -0.3109 80 200 120
5.3932 5.5480 -1.0234 80 200 120
3.7917 3.5117 -2.8014 80 200 120
5.1992 9.8610 0.4586 80 200 120
4.3424 6.8714 -1.3671 80 200 120
3.6474 4.0680 -2.4689 80 200 120
4.1799 5.6630 -1.4631 80 200 120
5.6418 3.0329 -2.8060 80 200 120
3.9341 3.7800 -2.8075 80 200 120
4.2349 4.3003 -2.7929 80 200 120
5.9118 6.3994 -2.7436 80 200 120
4.1780 4.5730 -2.2039 80 200 120
4.6437 3.7434 -2.8245 80 200 120
4.3567 5.5904 -2.2423 80 200 120
4.8021 6.3348 -2.7026 80 200 120
4.1032 3.9598 -2.7781 80 200 120
4.3491 4.7247 -2.3388 80 200 120
7.2648 8.2428 0.0514 80 200 120
6.1515 5.8112 -1.8240 80 200 120
4.3175 3.3964 -2.8226 80 200 120
5.1295 3.4361 -2.8416 80 200 120
5.4420 2.6032 -2.7872 80 200 120
4.0827 4.1908 -2.3309 80 200 120
6.1340 6.7302 -0.4198 80 200 120
4.4169 2.8513 -2.8059 80 200 120
3.7041 3.3992 -2.8365 80 200 120
5.8217 6.9875 -1.0381 80 200 120
3.3867 0.9150 -2.8541 80 200 120
4.2560 1.3035 -2.8505 80 200 120
4.6161 1.2341 -2.8468 80 200 120
5.0143 1.1086 -2.9077 80 200 120
5.6413 2.0533 -2.8079 80 200 120
5.3972 1.1986 -2.8687 80 200 120
4.2071 1.0310 -2.8606 80 200 120
5.0454 1.4774 -2.8344 80 200 120
4.3405 1.0164 -2.8344 80 200 120
4.7057 1.2824 -2.8861 80 200 120
3.3604 -3.3026 -1.7608 80 200 120
5.5281 1.5638 -2.8044 80 200 120
5.1631 1.2066 -2.8530 80 200 120
5.3637 0.8241 -2.8517 80 200 120
5.6960 2.4009 -2.8428 80 200 120
6.0950 2.0485 -2.6820 80 200 120
3.9592 -1.8551 -1.6498 80 200 120
1.7019 1.9700 -1.8696 80 200 120
-2.7383 -0.3247 -0.3032 80 200 120
-0.5215 0.6957 -1.6682 80 200 120
0.4353 3.7810 -2.1710 80 200 120
-0.2269 5.2817 -0.2962 80 200 120
-6.0864 -3.0028 1.7098 80 200 120
3.2784 0.5343 -2.4060 80 200 120
-0.7048 3.9917 0.0910 80 200 120
4.9993 3.8385 -2.8496 80 200 120
2.0246 2.8683 -2.2890 80 200 120
1.8453 -2.6633 -2.7952 80 200 120
3.3103 1.1385 -2.7652 80 200 120
2.6178 1.0431 -1.9892 80 200 120
2.6966 2.1797 -2.0010 80 200 120
3.4454 0.9401 -2.6362 80 200 120
-1.8195 0.1153 0.1384 80 200 120
4.1137 0.0173 -2.8165 80 200 120
2.7793 2.3780 -2.6085 80 200 120
2.4137 0.4859 -1.5383 80 200 120
-1.0276 -0.0470 -2.2023 80 200 120
1.8730 0.1411 0.3483 80 200 120
1.5646 -0.2258 -0.0969 80 200 120
-0.1242 0.9187 -1.7435 80 200 120
-1.9900 -0.4643 -0.9069 80 200 120
1.9473 2.9398 0.3996 80 200 120
0.4546 3.7348 -2.2963 80 200 120
6.7372 5.1651 0.3650 80 200 120
-1.9135 -1.0272 0.1576 80 200 120
4.2528 4.2222 -2.2061 80 200 120
3.8817 3.8558 -2.8413 80 200 120
2.1404 1.8800 -2.5658 80 200 120
4.9764 6.0136 -2.6843 80 200 120
2.7272 2.3270 -2.7793 80 200 120
4.4211 4.6232 -2.7858 80 200 120
0.9203 -0.0796 -0.2744 80 200 120
-0.6646 -0.2357 0.4490 80 200 120
2.4258 2.0472 -2.0881 80 200 120
3.0773 4.0399 -2.8401 80 200 120
6.3539 3.9446 0.3162 80 200 120
2.0407 2.1182 -1.5466 80 200 120
-2.3162 -0.5835 0.3746 80 200 120
3.9101 0.5861 0.3640 80 200 120
2.8218 6.3613 1.4831 80 200 120
2.8792 -0.0632 -2.8862 80 200 120
2.4449 -1.4311 -2.7036 80 200 120
3.0138 -4.7722 -2.3532 80 200 120
3.7277 4.2026 0.3717 80 200 120
5.0104 3.5492 0.5308 80 200 120
3.3945 1.3007 -2.8768 80 200 120
3.7258 -0.9860 0.4227 80 200 120
2.9474 5.0655 0.0521 80 200 120
2.9649 6.6174 -0.0008 80 200 120
4.9617 5.9745 -1.8398 80 200 120
6.0948 5.6879 -2.3147 80 200 120
4.1211 5.9829 0.2685 80 200 120
4.1062 5.7620 -0.6025 80 200 120
3.6039 4.0838 0.2303 80 200 120
6.3195 5.4610 0.3606 80 200 120
5.9078 0.9198 -0.0375 80 200 120
3.4600 5.0832 0.2811 80 200 120
3.7824 5.6884 0.3084 80 200 120
5.0894 4.4638 -1.8307 80 200 120
6.5965 5.1851 0.3827 80 200 120
5.8251 0.5827 -1.1132 80 200 120
4.0074 5.4342 -1.3968 80 200 120
4.4720 6.0035 -1.1637 80 200 120
5.5630 2.8615 -2.8039 80 200 120
5.4077 2.5045 -2.8114 80 200 120
4.5515 3.0733 -2.8353 80 200 120
5.7309 6.6151 -1.7157 80 200 120
4.0983 4.2602 -2.5141 80 200 120
6.5632 5.0364 -2.6080 80 200 120
6.1147 6.4344 -1.0812 80 200 120
5.0693 3.1213 -2.8427 80 200 120
5.9047 3.7820 -2.8546 80 200 120
6.4495 6.3967 -1.1204 80 200 120
4.5503 3.3201 -2.8323 80 200 120
5.5616 4.6724 -2.8480 80 200 120
5.2657 6.7188 -1.7803 80 200 120
5.4971 2.4355 -2.8354 80 200 120
4.5528 1.2834 -2.8200 80 200 120
4.7359 1.0317 -2.8629 80 200 120
5.6683 0.3677 -1.8060 80 200 120
5.5380 1.9354 -2.8311 80 200 120
5.5981 2.0131 -2.8445 80 200 120
5.2792 0.6793 -2.8911 80 200 120
5.9636 2.1189 -2.8177 80 200 120
3.9046 0.8867 -2.8455 80 200 120
6.3316 1.8280 -2.8229 80 200 120
6.2153 1.3327 -2.1724 80 200 120
5.7701 2.2303 -2.8328 80 200 120
4.6535 1.3837 -2.8480 80 200 120
5.4321 0.7922 -2.4550 80 200 120
5.2351 1.6809 -2.7953 80 200 120
5.1447 1.6006 -2.8421 80 200 120
5.9721 1.0438 -2.4419 80 200 120
3.0847 -0.3832 -2.5886 80 200 120
-0.1250 1.4872 -1.5748 80 200 120
1.9762 3.5954 -2.8410 80 200 120
-1.5973 1.3308 -0.0412 80 200 120
3.6687 -0.5667 -2.8335 80 200 120
2.0517 2.6468 -1.5333 80 200 120
4.8498 0.7913 -2.7567 80 200 120
4.2427 0.7165 -2.8173 80 200 120
3.0342 1.7404 -2.8243 80 200 120
-0.3751 3.1666 -0.2975 80 200 120
4.4231 -0.4419 -2.8083 80 200 120
-2.1609 -0.4090 -1.1455 80 200 120
5.1075 1.5158 -2.6095 80 200 120
3.2398 -2.3974 -2.8045 80 200 120
4.1830 -0.6733 -2.5902 80 200 120
2.9634 -0.2875 -1.9516 80 200 120
2.5449 -2.8893 -2.7246 80 200 120
3.6591 0.8480 -2.8186 80 200 120
1.3685 -0.2392 -0.4798 80 200 120
2.5876 -3.7857 -1.7374 80 200 120
4.0447 0.7227 -2.8186 80 200 120
3.7247 3.9566 -2.4696 80 200 120
0.1630 0.6307 -2.7704 80 200 120
-0.3908 0.9852 -2.2745 80 200 120
2.6882 2.5272 -2.8428 80 200 120
5.2763 6.1467 -2.7273 80 200 120
6.8190 4.8967 -0.4000 80 200 120
1.2349 4.3314 -2.7571 80 200 120
1.2345 3.1405 -2.9235 80 200 120
2.7674 2.4691 -2.3347 80 200 120
4.6333 6.6172 -2.7640 80 200 120
0.7887 1.2811 -2.6788 80 200 120
-0.0235 0.6341 -2.4002 80 200 120
4.3598 -0.8020 -2.6071 80 200 120
4.4330 -0.4410 -2.7949 80 200 120
-2.1797 -1.0102 -0.4955 80 200 120
6.0545 1.2406 -0.9484 80 200 120
1.4423 -0.6478 -0.7151 80 200 120
2.8877 -2.5005 -2.8081 80 200 120
1.4205 0.3152 -0.6018 80 200 120
3.2798 4.8305 0.2577 80 200 120
3.9018 -1.3141 -2.9226 80 200 120
2.7141 1.0603 -2.0033 80 200 120
3.9348 -2.8759 -1.8101 80 200 120
5.0550 0.6123 0.3554 80 200 120
6.2486 1.7671 -0.1864 80 200 120
2.2390 -0.5851 0.4266 80 200 120
3.0080 1.4940 0.3889 80 200 120
4.8633 1.0379 -2.6394 80 200 120
5.6243 2.3012 -1.5018 80 200 120
-0.7242 2.7804 0.0130 80 200 120
5.2647 0.7423 -1.8709 80 200 120
-1.0173 2.1125 0.2101 80 200 120
5.5755 0.5438 0.3194 80 200 120
4.8089 -1.1149 -1.5493 80 200 120
2.8179 -0.4323 0.4346 80 200 120
3.1588 5.4534 -0.5614 80 200 120
6.2605 5.8087 -2.8737 80 200 120
6.3617 6.3373 -1.7562 80 200 120
5.5920 6.4005 -2.1789 80 200 120
4.4890 5.3857 0.3658 80 200 120
4.4450 5.9926 0.4061 80 200 120
6.5449 6.0683 -2.0676 80 200 120
5.5489 2.7500 0.3896 80 200 120
5.6036 2.2966 -1.5155 80 200 120
5.9622 1.2218 -1.0886 80 200 120
5.7159 0.5993 0.1951 80 200 120
3.6430 4.8411 0.4090 80 200 120
3.3745 3.4941 0.3588 80 200 120
4.3794 6.9090 -0.9364 80 200 120
6.2022 4.1337 -1.3118 80 200 120
5.4629 2.5892 -1.5078 80 200 120
3.7760 3.0494 0.3850 80 200 120
4.7404 8.2789 0.1956 80 200 120
4.2482 4.5632 -2.4143 80 200 120
4.6452 3.4285 -2.8300 80 200 120
5.7456 6.6137 -1.2291 80 200 120
4.9008 6.8342 -1.7077 80 200 120
5.7459 3.2517 -2.8035 80 200 120
5.6454 3.2998 -2.8562 80 200 120
3.8908 3.6850 -2.8664 80 200 120
4.0499 4.1525 -2.8226 80 200 120
6.0557 3.9017 -2.3434 80 200 120
6.6871 6.6356 -0.5791 80 200 120
4.0095 3.9193 -2.7963 80 200 120
5.0898 6.2962 -2.7690 80 200 120
6.9344 6.5315 -0.1273 80 200 120
6.4098 5.1790 -1.1218 80 200 120
3.3013 3.3370 -2.8127 80 200 120
2.5873 3.8846 -2.8455 80 200 120
3.8195 3.8800 -2.4582 80 200 120
4.2776 3.6360 -2.8435 80 200 120
3.6716 0.1888 -2.8066 80 200 120
3.5461 -3.5551 -0.9264 80 200 120
2.2404 -3.0251 -2.0816 80 200 120
4.6708 -0.1647 -1.8355 80 200 120
4.5043 1.3853 -2.8459 80 200 120
5.5582 2.2991 -2.7607 80 200 120
5.8440 2.1708 -2.8104 80 200 120
5.4048 1.7580 -2.7945 80 200 120
4.2322 1.7374 -2.8543 80 200 120
4.7334 1.1882 -2.9584 80 200 120
5.5569 2.4073 -2.8326 80 200 120
5.1824 1.4666 -2.8613 80 200 120
5.5138 1.8235 -2.8017 80 200 120
5.8573 2.0592 -2.8336 80 200 120
2.9167 -3.3693 -1.3867 80 200 120
5.3300 1.7594 -2.8229 80 200 120
5.7825 1.7291 -2.8112 80 200 120
6.1225 1.2706 -2.0892 80 200 120
6.0549 1.2831 -2.6349 80 200 120
-0.0809 -1.4015 0.9179 80 200 120
0.2724 3.3770 -2.2776 80 200 120
0.6977 4.0966 -2.2755 80 200 120
3.3558 0.7276 -2.3469 80 200 120
-0.1185 4.6661 -1.5553 80 200 120
3.1533 0.1004 -2.7482 80 200 120
4.4976 -0.2445 -2.5552 80 200 120
3.0656 4.2590 -2.8174 80 200 120
-1.8220 0.5936 0.3038 80 200 120
-2.2118 -0.4607 0.2271 80 200 120
-1.3105 1.7943 0.2325 80 200 120
4.6583 0.1541 -2.8493 80 200 120
3.3231 4.2693 -2.2320 80 200 120
0.8676 5.2140 -2.2641 80 200 120
4.2225 1.2422 -2.8594 80 200 120
3.1186 1.2403 -2.7841 80 200 120
4.4609 6.0771 -1.7786 80 200 120
0.6971 5.0157 -1.9888 80 200 120
-2.5441 0.6987 -1.1720 80 200 120
4.6183 -0.3071 -1.8003 80 200 120
2.3386 0.3481 0.4307 80 200 120
-2.0443 -1.0696 0.1532 80 200 120
4.8928 3.6439 0.3447 80 200 120
3.1594 2.3053 0.3975 80 200 120
5.4154 0.9039 -2.6530 80 200 120
-0.4844 0.1908 -2.2167 80 200 120
-2.7224 -0.5000 -1.2730 80 200 120
5.6523 0.3671 -0.7404 80 200 120
5.1027 -0.5576 -1.5989 80 200 120
4.9875 3.4239 0.4302 80 200 120
2.0112 2.4416 0.3733 80 200 120
5.3766 6.8201 -1.0948 80 200 120
6.4015 6.3647 -1.1042 80 200 120
7.1049 4.7703 0.3922 80 200 120
6.3498 3.6784 0.4065 80 200 120
6.0793 4.1646 -1.4237 80 200 120
6.7323 6.1713 -1.6590 80 200 120
4.2669 7.2949 -0.0337 80 200 120
7.6108 5.5329 0.2639 80 200 120
2.7379 6.7419 -0.3811 80 200 120
4.6010 5.5592 -1.7691 80 200 120
3.6767 6.8780 -1.0275 80 200 120
5.6305 2.3791 -1.8301 80 200 120
3.1113 7.5072 -0.5947 80 200 120
5.0377 7.7069 0.2449 80 200 120
5.6112 7.5786 0.2648 80 200 120
3.2150 6.0916 -1.0171 80 200 120
3.0049 7.3274 -0.3936 80 200 120
-0.0950 5.9714 -1.8423 80 200 120
0.9185 4.0827 -2.7412 80 200 120
5.6974 3.0946 -2.8188 80 200 120
3.4197 4.0444 -2.7955 80 200 120
3.6112 12.1544 0.7411 80 200 120
5.4414 6.1527 -0.8127 80 200 120
3.1613 4.0333 -2.8503 80 200 120
1.0673 5.4592 -2.7762 80 200 120
1.2401 4.8189 -2.7339 80 200 120
5.3736 6.5531 -1.1518 80 200 120
5.6131 2.8566 -2.8739 80 200 120
6.4385 4.9676 -2.4845 80 200 120
3.9861 6.7100 -0.6151 80 200 120
4.2401 4.4775 -2.2367 80 200 120
3.9938 3.3346 -2.8421 80 200 120
5.9523 3.6421 -2.7162 80 200 120
2.2258 3.7167 -2.8581 80 200 120
5.5056 3.2568 -2.8413 80 200 120
4.1081 1.3342 -2.8481 80 200 120
4.1928 1.1831 -2.8444 80 200 120
4.8122 1.5574 -2.8592 80 200 120
5.4138 2.4856 -2.7940 80 200 120
5.5290 2.7320 -2.8273 80 200 120
5.5810 2.8408 -2.8309 80 200 120
5.3058 0.7565 -1.8869 80 200 120
4.3055 1.1303 -2.8524 80 200 120
5.5729 3.1185 -2.8712 80 200 120
5.7613 0.2935 -1.6572 80 200 120
5.1424 0.8582 -2.6139 80 200 120
5.5933 1.9841 -2.7701 80 200 120
5.6550 3.1189 -2.7908 80 200 120
5.4401 0.7634 -2.3931 80 200 120
5.7868 0.6268 -1.9328 80 200 120
2.3043 4.5981 -2.8749 80 200 120
5.7979 0.7239 -2.8258 80 200 120
1.8693 0.7103 -2.5466 80 200 120
1.4843 2.4114 -1.2466 80 200 120
1.8602 1.9107 -1.6312 80 200 120
0.8556 3.7822 -2.8507 80 200 120
0.6683 4.8016 -2.4605 80 200 120
-0.2066 0.2140 -2.7842 80 200 120
-1.2674 -0.9641 0.2943 80 200 120
-0.7115 -0.5113 -1.8088 80 200 120
-0.0923 5.5055 -1.8683 80 200 120
1.0044 -0.0055 -0.2796 80 200 120
-0.5578 3.3902 -0.6805 80 200 120
0.3031 -1.7823 -0.2249 80 200 120
1.3437 0.8683 -2.9580 80 200 120
-0.5947 3.6700 -0.9968 80 200 120
-0.5431 0.6343 0.5276 80 200 120
2.6504 2.5305 -2.8469 80 200 120
-0.7672 -0.2189 -2.8487 80 200 120
2.7940 2.3367 -2.7575 80 200 120
2.6838 4.5615 -2.7872 80 200 120
3.8925 3.8364 -2.8391 80 200 120
-0.0986 3.1782 -2.6587 80 200 120
2.4192 2.0156 -2.0810 80 200 120
5.1623 6.7635 0.2796 80 200 120
1.6462 -2.3134 0.4036 80 200 120
-2.5209 -1.5636 -2.2081 80 200 120
6.0639 4.1778 -1.4437 80 200 120
3.5462 -0.9380 -2.6160 80 200 120
-0.1727 0.0697 -2.7845 80 200 120
3.4551 0.9169 -2.8257 80 200 120
1.7156 2.0975 -1.4720 80 200 120
-0.8000 0.5649 -2.1496 80 200 120
3.4756 0.9577 -2.6394 80 200 120
-0.6873 3.1096 -0.5631 80 200 120
5.2741 0.5489 -1.8267 80 200 120
0.7673 1.5995 -1.3277 80 200 120
3.4874 1.1754 -2.7866 80 200 120
5.3986 2.4811 -1.5512 80 200 120
3.1981 0.0040 -2.9208 80 200 120
6.0486 1.2290 -0.9204 80 200 120
-1.7082 0.4935 -0.4672 80 200 120
3.4701 4.4799 0.3992 80 200 120
3.8175 7.5759 -0.2541 80 200 120
3.4110 5.0794 -0.8494 80 200 120
6.0633 6.1027 -2.7525 80 200 120
3.3513 5.1737 -0.3727 80 200 120
3.7002 9.8925 -1.9355 80 200 120
3.6455 7.4158 0.2283 80 200 120
5.9423 3.6333 -2.1311 80 200 120
4.7759 7.1301 -0.9292 80 200 120
3.9668 0.9683 0.3211 80 200 120
3.9331 1.5664 0.2119 80 200 120
6.4808 5.0021 -1.3916 80 200 120
3.2463 4.8339 0.2753 80 200 120
4.7630 6.8126 -2.7269 80 200 120
3.2414 4.7534 -0.7843 80 200 120
5.2859 6.2083 -2.7345 80 200 120
7.2370 5.8642 0.3150 80 200 120
6.4051 4.0012 0.3970 80 200 120
6.6039 3.6550 0.3633 80 200 120
3.9439 4.7519 -1.5005 80 200 120
3.1460 6.4490 0.0091 80 200 120
4.2876 6.9427 -0.1359 80 200 120
-0.2129 4.1015 -2.9703 80 200 120
4.3244 4.7679 -2.5291 80 200 120
6.0156 6.5145 -1.6499 80 200 120
5.7578 6.5552 -1.1533 80 200 120
6.5243 5.1478 -2.7370 80 200 120
3.8220 3.8850 -2.2764 80 200 120
5.4081 2.4831 -2.8139 80 200 120
3.5246 4.0384 -1.9210 80 200 120
6.0427 6.5463 -0.5989 80 200 120
3.8916 3.8605 -2.8352 80 200 120
4.1532 4.1418 -2.8955 80 200 120
6.1145 4.7377 -2.9044 80 200 120
0.9289 16.0421 2.6227 80 200 120
6.3501 6.1536 -1.2082 80 200 120
6.5463 6.2348 -2.1698 80 200 120
5.5580 3.5622 -2.8394 80 200 120
5.8826 3.7769 -2.8577 80 200 120
5.8149 3.3883 -2.8106 80 200 120
5.6260 3.0384 -2.8076 80 200 120
5.6510 0.6976 -2.3175 80 200 120
5.6645 3.3384 -2.8692 80 200 120
5.8786 0.8079 -2.3759 80 200 120
2.9257 -2.8387 -2.8418 80 200 120
5.7380 1.1513 -2.7281 80 200 120
6.0540 0.9730 -1.7124 80 200 120
6.1646 0.6659 -2.7116 80 200 120
5.6549 2.2433 -2.7322 80 200 120
3.7069 3.1126 -2.8504 80 200 120
1.1753 -1.9972 0.6737 80 200 120
5.5072 0.5512 -2.7531 80 200 120
4.0027 -2.3291 -1.7831 80 200 120
1.6972 -2.6873 -0.6813 80 200 120
1.7224 -2.9500 -1.1160 80 200 120
2.0669 -2.9349 -0.3202 80 200 120
2.4941 -4.2430 -1.5731 80 200 120
-0.7361 3.3546 -1.6892 80 200 120
3.1597 -4.1381 -2.3477 80 200 120
2.6414 2.2915 -2.0923 80 200 120
0.7414 1.3515 -2.2490 80 200 120
-0.1554 2.9269 -2.7372 80 200 120
3.6444 -3.1427 -0.9768 80 200 120
1.6867 0.3917 -0.9943 80 200 120
2.4704 0.8429 -1.6324 80 200 120
0.9142 1.9652 -1.1268 80 200 120
1.2159 -2.7427 -0.3147 80 200 120
2.8118 1.0811 -2.0149 80 200 120
-0.7963 3.1658 -0.0304 80 200 120
-3.5788 -1.7319 -0.1866 80 200 120
2.3070 2.6779 -2.7437 80 200 120
-0.9418 2.6472 -2.2915 80 200 120
4.0388 4.0595 -2.8107 80 200 120
4.3049 4.6954 -2.3984 80 200 120
7.3748 5.9130 0.3427 80 200 120
3.1497 7.3066 -0.7502 80 200 120
0.3560 -0.0230 0.3900 80 200 120
-0.1346 3.0198 0.0976 80 200 120
-0.7089 0.1217 -2.2406 80 200 120
5.6358 -0.0535 -2.5177 80 200 120
5.3034 1.2008 -2.6821 80 200 120
4.6898 -0.0161 -2.9054 80 200 120
4.0759 -1.1988 -2.5945 80 200 120
5.7857 1.2221 -2.7248 80 200 120
3.8765 -0.0264 -2.7494 80 200 120
3.9064 6.1946 -1.2221 80 200 120
3.4682 4.4672 0.3925 80 200 120
4.4460 5.0367 0.3787 80 200 120
4.6238 6.7966 -2.1911 80 200 120
2.7942 7.9969 0.3287 80 200 120
2.6281 7.1531 -0.1444 80 200 120
3.3836 3.4965 0.3832 80 200 120
5.0230 6.9270 -1.2026 80 200 120
4.3420 7.6317 -2.7806 80 200 120
3.5554 4.8670 -1.3686 80 200 120
6.4768 5.0351 -1.6022 80 200 120
0.6858 7.0902 0.4934 80 200 120
4.3251 6.8541 -1.6986 80 200 120
3.0465 4.9951 0.0821 80 200 120
3.3661 5.0635 -0.1150 80 200 120
6.8602 3.8817 0.3874 80 200 120
5.7064 0.5075 -0.0769 80 200 120
6.2890 6.4373 -2.6524 80 200 120
4.1400 4.3468 -2.2163 80 200 120
0.4334 5.5746 -2.2420 80 200 120
1.0565 4.5627 -2.7737 80 200 120
6.7489 6.1935 -1.6328 80 200 120
4.6325 6.0175 -2.8269 80 200 120
4.4141 3.6320 -2.8277 80 200 120
5.4824 2.6272 -2.8441 80 200 120
5.7165 3.1677 -2.8207 80 200 120
5.7461 3.2852 -2.8214 80 200 120
0.5678 4.8592 -2.4784 80 200 120
6.4369 6.1269 -2.7735 80 200 120
3.4340 2.9755 -2.8500 80 200 120
6.0786 3.8665 -2.1539 80 200 120
5.7569 1.5668 -2.6823 80 200 120
6.1317 4.1937 -2.7692 80 200 120
5.6953 3.9538 -2.8284 80 200 120
5.9633 4.1951 -2.8520 80 200 120
4.3451 -0.9090 -2.6179 80 200 120
4.2584 1.2999 -2.8457 80 200 120
5.5079 0.8304 -2.5105 80 200 120
6.2029 1.1450 -2.6485 80 200 120
5.3077 0.4602 -1.8232 80 200 120
5.1830 0.8926 -2.4661 80 200 120
1.1035 5.4525 -2.2991 80 200 120
2.0050 -3.3351 -2.0371 80 200 120
2.1262 1.2214 -2.7061 80 200 120
0.7963 4.5232 -2.2332 80 200 120
4.4434 -0.2691 -2.7884 80 200 120
-1.6712 -0.9071 0.0655 80 200 120
3.9803 -0.9245 -2.8612 80 200 120
2.1239 1.9498 -2.0383 80 200 120
2.9116 0.3383 -1.6955 80 200 120
3.7298 0.5049 -2.6980 80 200 120
4.0526 0.7657 -2.8340 80 200 120
4.2472 0.4233 -2.8109 80 200 120
4.2089 1.4772 -2.8560 80 200 120
2.4356 5.0132 -1.2303 80 200 120
2.3338 1.9689 -1.8483 80 200 120
2.1767 -1.2195 0.4437 80 200 120
-0.4306 -0.1977 -2.7188 80 200 120
5.7616 6.7367 -1.6902 80 200 120
2.0123 1.7420 -2.2319 80 200 120
0.3825 1.9889 -1.2444 80 200 120
3.3216 -1.8118 -2.6801 80 200 120
2.6534 -2.4955 -2.7166 80 200 120
2.0024 -2.8990 -2.9024 80 200 120
3.4909 -2.5350 -3.0539 80 200 120
-0.4114 3.2969 -0.3583 80 200 120
-0.5252 3.0384 -0.6502 80 200 120
3.3724 -0.8018 0.3906 80 200 120
-0.9014 -1.1343 -1.1021 80 200 120
3.4184 -3.2502 -2.3347 80 200 120
0.0870 0.1303 -2.6488 80 200 120
0.9522 1.3206 -1.8063 80 200 120
-1.3833 -1.1934 -2.0092 80 200 120
0.9585 2.2433 -1.2346 80 200 120
7.4664 4.3857 0.2446 80 200 120
3.8128 3.0681 0.3171 80 200 120
7.2401 5.4234 0.4203 80 200 120
3.6937 6.1748 0.3139 80 200 120
5.6134 2.3330 -1.4923 80 200 120
3.6823 3.3929 0.3933 80 200 120
7.7482 5.1768 -0.1818 80 200 120
3.5181 6.4519 -0.9505 80 200 120
6.0007 1.1528 -1.0193 80 200 120
2.2900 5.3677 0.1974 80 200 120
4.0832 5.9170 -0.5836 80 200 120
5.4868 2.6744 -2.8131 80 200 120
5.6401 3.0537 -2.7909 80 200 120
5.9998 3.9555 -2.7867 80 200 120
4.2032 3.5650 -2.8415 80 200 120
3.9557 5.9383 -1.3149 80 200 120
3.9643 3.9824 -2.8250 80 200 120
3.3879 5.8404 -0.8176 80 200 120
4.3248 6.8419 -0.8976 80 200 120
4.2310 6.2468 -1.7121 80 200 120
5.4860 5.0399 -2.8094 80 200 120
3.8259 3.8751 -2.2507 80 200 120
6.3539 4.6442 -2.5784 80 200 120
5.5493 3.5663 -2.8478 80 200 120
4.2614 4.6506 -2.8275 80 200 120
6.4151 4.9878 -1.5689 80 200 120
4.0173 6.6853 -0.6234 80 200 120
4.1767 4.4429 -2.8174 80 200 120
4.3724 4.7200 -2.8568 80 200 120
5.1352 3.4024 -2.8291 80 200 120
5.5436 3.9797 -2.8601 80 200 120
5.2995 1.8159 -2.7818 80 200 120
4.7899 1.5324 -2.8706 80 200 120
5.5504 3.5483 -2.8322 80 200 120
5.4506 3.4830 -2.8402 80 200 120
5.3375 3.7372 -2.8090 80 200 120
5.5141 1.1436 -2.6385 80 200 120
5.1443 0.9088 -2.6000 80 200 120
5.9881 3.6300 -2.2478 80 200 120
5.5725 2.8716 -2.8083 80 200 120
4.7163 1.8502 -2.8602 80 200 120
5.3643 3.4616 -2.8318 80 200 120
-0.4606 3.4427 -0.7096 80 200 120
-0.9050 2.6267 -2.3290 80 200 120
-1.0427 3.0200 -0.4758 80 200 120
0.5317 5.1449 -1.9193 80 200 120
2.7496 2.3335 -1.8663 80 200 120
0.8700 2.0387 -1.1340 80 200 120
1.9494 -2.7642 -1.6591 80 200 120
5.0528 1.0209 -2.8050 80 200 120
4.8886 0.1044 -2.9960 80 200 120
4.7509 0.1957 -2.8549 80 200 120
1.3996 2.3897 -1.2921 80 200 120
3.4044 3.3623 -2.8480 80 200 120
4.7835 1.2236 -2.9068 80 200 120
1.5344 2.9653 -2.8666 80 200 120
2.7651 1.0180 -2.0274 80 200 120
1.8658 -2.6741 -1.1889 80 200 120
1.8205 -2.3978 -0.7502 80 200 120
2.3357 2.6586 -2.7519 80 200 120
3.7258 4.8700 -1.3888 80 200 120
5.0154 1.3318 0.3879 80 200 120
2.2824 0.9411 0.3592 80 200 120
1.4907 5.3761 -2.8612 80 200 120
1.9601 2.6284 -2.5348 80 200 120
0.8275 5.2738 -2.3266 80 200 120
1.7970 -2.0271 0.2895 80 200 120
4.3224 4.6399 -2.3846 80 200 120
4.0890 4.2083 -2.3292 80 200 120
6.1590 6.5231 -0.0436 80 200 120
5.3415 6.7802 -0.5416 80 200 120
0.7969 -0.3192 -1.0985 80 200 120
4.4743 4.9319 -2.7786 80 200 120
3.2764 1.0156 0.3668 80 200 120
1.0814 4.3808 0.4483 80 200 120
3.4927 -0.1866 -2.8595 80 200 120
2.6678 1.3021 -2.3848 80 200 120
5.6172 1.1818 -2.6792 80 200 120
3.3810 3.5237 0.4248 80 200 120
5.4553 0.5876 -2.9054 80 200 120
5.5583 0.6533 -2.7155 80 200 120
3.8673 4.4437 -1.3807 80 200 120
4.1393 4.1325 -1.6776 80 200 120
7.0421 6.0391 -0.3962 80 200 120
7.5281 5.1383 0.4274 80 200 120
4.0382 4.5342 -1.5602 80 200 120
3.9706 4.1318 -1.3129 80 200 120
4.3403 6.6497 -1.7329 80 200 120
7.1620 3.7274 0.2050 80 200 120
6.4637 5.0538 -1.6490 80 200 120
5.9673 3.6459 -1.6632 80 200 120
6.1478 4.3067 -1.3492 80 200 120
6.5685 5.6939 -2.7072 80 200 120
5.7473 6.6460 -1.7566 80 200 120
5.3240 6.0232 -2.7133 80 200 120
3.5727 4.1836 0.3448 80 200 120
2.0240 4.3430 -2.8750 80 200 120
6.3240 6.3850 -2.3150 80 200 120
6.0678 3.9032 -2.3587 80 200 120
6.0643 6.6371 -0.5285 80 200 120
5.3299 6.3600 -1.2056 80 200 120
6.7619 6.2175 -1.6485 80 200 120
1.2624 5.3511 -2.3007 80 200 120
1.3711 5.0813 -2.5438 80 200 120
6.5841 6.3369 -0.6851 80 200 120
4.8708 6.9631 -0.4129 80 200 120
3.3843 3.7368 -2.8500 80 200 120
5.7103 3.6455 -2.8462 80 200 120
6.2027 1.4958 -2.3698 80 200 120
5.9997 3.9274 -2.8193 80 200 120
5.6795 2.9669 -2.8572 80 200 120
5.2982 0.5011 -1.8555 80 200 120
5.0527 -0.0940 -1.7810 80 200 120
5.9088 3.5850 -2.7991 80 200 120
6.0623 3.9033 -2.3520 80 200 120
5.7606 3.3876 -2.7981 80 200 120
6.1255 3.7418 -2.7680 80 200 120
4.2146 1.5236 -2.8480 80 200 120
5.2405 -0.6255 -1.5251 80 200 120
3.1857 2.7410 -2.8464 80 200 120
-0.0017 4.5510 -1.0870 80 200 120
5.4655 0.5405 -2.9132 80 200 120
0.1924 3.2006 -2.7343 80 200 120
5.5765 0.5377 -2.7572 80 200 120
-0.3946 -0.3448 -2.5704 80 200 120
-1.3698 2.7490 0.2588 80 200 120
2.8977 0.2132 -1.7045 80 200 120
-2.0068 -0.9386 -0.5320 80 200 120
1.5646 -0.0126 -0.9131 80 200 120
-0.6716 3.3571 -1.1362 80 200 120
-0.9105 -0.9604 0.2586 80 200 120
2.5780 2.0712 -1.7600 80 200 120
2.7741 4.4339 -2.8341 80 200 120
-0.4785 2.8670 -2.7955 80 200 120
4.3936 5.7472 -2.5834 80 200 120
2.6952 2.3735 -2.4314 80 200 120
4.2769 0.5750 0.3873 80 200 120
2.6813 2.2354 -1.9971 80 200 120
4.7730 6.9379 -2.5965 80 200 120
3.8036 1.5053 0.4133 80 200 120
3.7529 2.2780 0.3743 80 200 120
1.4405 3.6750 0.1564 80 200 120
0.8977 2.1570 -1.2330 80 200 120
3.4430 -0.9209 -2.8876 80 200 120
4.4535 -0.7104 -2.5581 80 200 120
4.2231 -0.1301 -2.4646 80 200 120
2.5600 2.1050 -1.7690 80 200 120
4.6398 -0.2414 -1.9321 80 200 120
4.1367 -0.4480 -2.7947 80 200 120
4.0060 0.6028 -2.8171 80 200 120
3.2676 4.7614 -0.1983 80 200 120
7.3019 4.0192 -0.4438 80 200 120
0.2293 7.2639 0.7291 80 200 120
6.2685 4.8027 -1.9365 80 200 120
2.5063 3.7643 0.4949 80 200 120
6.4746 2.2496 0.3213 80 200 120
3.7759 6.5692 -1.1046 80 200 120
4.7989 6.2777 -2.6400 80 200 120
3.2034 5.4351 -0.2345 80 200 120
5.4474 2.4568 -2.8613 80 200 120
1.3905 5.3466 -2.8842 80 200 120
5.9573 3.6281 -2.7710 80 200 120
6.3037 6.1338 -1.1725 80 200 120
5.2120 5.5048 -2.8695 80 200 120
2.6403 4.4856 -2.8316 80 200 120
6.3391 4.7263 -2.8210 80 200 120
3.3131 4.2096 -1.8867 80 200 120
4.9369 6.8540 -0.8556 80 200 120
6.4266 4.9438 -2.3053 80 200 120
4.1587 1.9873 -2.8280 80 200 120
4.1303 1.9150 -2.8230 80 200 120
5.5180 2.3064 -2.5256 80 200 120
4.1781 2.0628 -2.8414 80 200 120
6.0810 1.3181 -1.1218 80 200 120
6.1004 3.8714 -2.0581 80 200 120
5.6893 3.5102 -2.8569 80 200 120
5.8632 3.6927 -2.8709 80 200 120
6.1144 1.2748 -2.0456 80 200 120
5.4816 3.0655 -2.8643 80 200 120
4.5325 1.9167 -2.8318 80 200 120
5.9154 0.7484 -2.8387 80 200 120
3.3796 -1.2098 -2.8207 80 200 120
4.6622 1.6213 -2.8444 80 200 120
5.4855 2.7820 -2.9054 80 200 120
6.0426 3.9534 -2.6132 80 200 120
6.2300 3.8274 -2.4421 80 200 120
5.3339 3.7032 -2.8122 80 200 120
5.8828 0.6547 -1.4420 80 200 120
4.3511 -1.5894 -2.6133 80 200 120
5.7084 3.2631 -2.7791 80 200 120
3.1471 4.1645 -2.7894 80 200 120
1.6134 1.2943 -2.6890 80 200 120
1.9471 -0.1214 -1.3272 80 200 120
2.6777 2.1609 -1.9058 80 200 120
3.6278 -0.5155 -2.8162 80 200 120
3.9773 3.9256 -2.8173 80 200 120
5.0360 1.0548 -2.7986 80 200 120
5.9051 0.0919 -2.9614 80 200 120
1.3578 -0.0260 -2.1121 80 200 120
2.7429 2.4902 -2.7393 80 200 120
3.5465 3.9569 -2.8251 80 200 120
2.0250 1.7101 -2.4687 80 200 120
1.9186 1.6622 -2.2132 80 200 120
2.0438 5.0685 -2.7297 80 200 120
-1.0650 2.5119 -1.3547 80 200 120
3.8535 3.8133 -2.8316 80 200 120
2.6341 3.9058 -2.8260 80 200 120
1.8038 -2.0209 0.2904 80 200 120
1.4656 5.3436 -2.1548 80 200 120
-1.2044 -0.7969 -2.2958 80 200 120
0.0326 4.7348 -1.8373 80 200 120
3.5025 2.1016 0.3663 80 200 120
-0.0637 0.1788 -2.7327 80 200 120
4.4750 -0.1487 -2.7784 80 200 120
2.1935 0.8126 -2.4485 80 200 120
2.5628 1.0343 -2.6685 80 200 120
1.9148 -2.6145 -1.1849 80 200 120
6.2375 3.8483 -1.5154 80 200 120
7.3080 4.0411 0.2334 80 200 120
6.1645 6.0865 -2.7539 80 200 120
5.7407 5.9210 -2.7247 80 200 120
4.9716 0.6374 0.4208 80 200 120
4.9938 6.5301 -2.0402 80 200 120
7.0018 6.1489 -1.2541 80 200 120
6.1752 3.7887 -1.8142 80 200 120
6.0788 4.0208 -1.8879 80 200 120
5.8929 3.3373 -1.5331 80 200 120
6.4975 5.1308 -2.6446 80 200 120
6.5041 4.0392 -1.2321 80 200 120
7.1931 5.9728 -0.7740 80 200 120
4.4476 6.4503 -1.7255 80 200 120
6.3756 6.4159 -2.3149 80 200 120
5.3623 6.5574 -1.1583 80 200 120
2.7768 8.0351 0.3435 80 200 120
3.9737 5.9199 -1.2813 80 200 120
6.0769 3.9096 -2.3596 80 200 120
3.8231 7.3950 -0.3132 80 200 120
3.4474 3.3303 -2.8442 80 200 120
4.3576 3.9230 -2.8407 80 200 120
5.7139 3.2068 -2.8027 80 200 120
5.2781 6.3638 -0.7785 80 200 120
5.6536 0.2729 -1.0252 80 200 120
5.3421 2.3680 -2.4688 80 200 120
5.7963 0.6615 -1.1172 80 200 120
3.8893 1.7127 -2.8424 80 200 120
6.0596 1.1139 -1.0680 80 200 120
5.4407 -0.0470 -1.1889 80 200 120
6.1198 1.5635 -1.0965 80 200 120
5.0469 0.0054 -1.8145 80 200 120
6.1274 4.2994 -2.7428 80 200 120
5.6273 2.2688 -2.6849 80 200 120
4.3521 -1.5811 -2.1747 80 200 120
4.1020 2.2405 -2.8420 80 200 120
4.1130 2.1487 -2.8457 80 200 120
1.0398 4.4703 -2.8349 80 200 120
0.6421 5.4305 -1.8984 80 200 120
0.6913 4.4667 -1.9872 80 200 120
-5.8820 -2.1982 1.5196 80 200 120
-5.1513 -2.9080 1.2623 80 200 120
-0.0416 4.5425 -1.1115 80 200 120
2.0978 0.6008 -2.7180 80 200 120
0.6153 -0.3709 -1.0242 80 200 120
1.8531 4.3445 -2.8834 80 200 120
0.9162 4.0327 -2.5148 80 200 120
2.8413 2.4155 -2.4325 80 200 120
-0.1467 -0.4985 -2.7084 80 200 120
6.0356 1.1412 -0.9885 80 200 120
2.6840 -2.3377 -2.7163 80 200 120
0.9118 0.9090 -2.1763 80 200 120
0.0939 2.0272 -1.1495 80 200 120
2.5133 2.0695 -1.7592 80 200 120
5.2397 0.2521 -1.8682 80 200 120
3.3459 0.5081 -2.7176 80 200 120
-2.3134 -0.5212 -0.2489 80 200 120
4.9990 1.2254 0.4421 80 200 120
3.6939 4.2716 -1.1527 80 200 120
6.1484 3.8997 -2.1654 80 200 120
6.9450 6.1796 -0.9429 80 200 120
6.4151 4.6932 -1.3503 80 200 120
6.5636 5.0340 -2.8471 80 200 120
7.2400 3.7676 -0.1873 80 200 120
6.9507 3.1963 -0.0459 80 200 120
4.0796 6.1899 -1.3516 80 200 120
4.2596 6.5887 0.3885 80 200 120
6.1001 4.2170 -2.8311 80 200 120
5.7606 0.3394 0.0459 80 200 120
3.4058 5.6171 0.2182 80 200 120
2.8607 8.0373 -0.4828 80 200 120
3.8439 1.4477 0.4550 80 200 120
1.7679 8.9276 0.6705 80 200 120
4.7409 4.1893 -2.8296 80 200 120
3.4013 3.7171 -2.8490 80 200 120
4.4140 4.1708 -2.8317 80 200 120
5.9029 4.8229 -2.8272 80 200 120
3.5248 8.2171 0.6327 80 200 120
5.7533 3.3513 -2.8017 80 200 120
4.2997 6.1815 -1.4166 80 200 120
3.7473 3.8692 -2.7865 80 200 120
7.0542 6.1624 -1.1904 80 200 120
5.7608 0.5391 -0.8914 80 200 120
5.8254 0.7228 -0.9535 80 200 120
3.6065 1.1281 -2.9189 80 200 120
5.9348 0.9648 -0.9558 80 200 120
3.6341 1.0037 -2.8511 80 200 120
3.4279 0.6648 -2.7943 80 200 120
4.6965 -2.1641 -1.2928 80 200 120
6.6605 1.4054 -2.9679 80 200 120
5.2614 0.4146 -1.8891 80 200 120
5.9466 1.1744 -2.7577 80 200 120
6.5749 5.1611 -2.8267 80 200 120
6.2488 4.4375 -2.5612 80 200 120
6.1416 3.9339 -2.3478 80 200 120
6.0353 4.8178 -2.8502 80 200 120
3.3511 3.2600 -2.8375 80 200 120
3.2189 2.5874 -2.8430 80 200 120
5.0217 1.2414 -2.7203 80 200 120
-1.7683 0.9097 -0.1182 80 200 120
4.4984 -0.0485 -2.7637 80 200 120
3.9801 -0.8159 -2.7838 80 200 120
1.5516 3.4088 -2.8729 80 200 120
-1.1141 2.1003 -0.6848 80 200 120
3.2459 3.8799 -2.8331 80 200 120
1.4030 -0.6162 -1.0757 80 200 120
4.5363 1.2017 -2.8457 80 200 120
-1.4133 1.4662 -0.6412 80 200 120
1.5340 2.6254 -2.5127 80 200 120
2.4797 2.0277 -1.6961 80 200 120
-0.4576 3.6873 -1.0656 80 200 120
1.8898 -2.2353 -0.7821 80 200 120
2.9934 -0.0917 -2.3296 80 200 120
3.4086 -1.9928 -2.7174 80 200 120
3.8155 0.1741 -2.6641 80 200 120
3.4465 4.9293 0.2470 80 200 120
0.2442 2.5553 -2.8587 80 200 120
1.5278 0.1609 -0.0342 80 200 120
2.5311 4.6042 -2.8794 80 200 120
-0.9966 -0.9865 0.2722 80 200 120
5.7216 6.6398 -1.7253 80 200 120
-0.2161 2.1511 -2.2322 80 200 120
4.7001 6.9916 -2.7929 80 200 120
4.3284 4.7576 -2.4901 80 200 120
6.5667 2.2226 0.4313 80 200 120
2.2054 0.4587 -1.6602 80 200 120
-1.3625 2.0160 -0.5129 80 200 120
5.8849 1.4461 0.3698 80 200 120
4.6631 0.4760 -2.7229 80 200 120
5.1237 2.8569 0.3116 80 200 120
2.6471 0.4607 -1.7924 80 200 120
4.8362 0.4532 -1.9576 80 200 120
4.2190 0.6141 -2.8411 80 200 120
5.1801 0.9395 -2.4656 80 200 120
3.6127 6.9381 -1.1090 80 200 120
6.2120 3.9781 -2.3936 80 200 120
6.5946 6.2416 -2.0050 80 200 120
6.7758 5.4562 -2.7139 80 200 120
1.5411 3.9013 -2.6571 80 200 120
0.9403 5.5322 -2.3033 80 200 120
1.1612 4.5501 -2.7540 80 200 120
1.0149 5.2797 -2.5664 80 200 120
1.3206 4.7328 -2.6438 80 200 120
4.4154 5.6471 -2.0804 80 200 120
6.2213 3.7744 -2.7647 80 200 120
5.3374 6.8509 -0.5482 80 200 120
1.2815 4.4519 -2.1632 80 200 120
3.3431 6.7717 -0.8133 80 200 120
4.3646 6.9415 -0.9142 80 200 120
5.7914 6.5964 -1.1712 80 200 120
2.4497 3.4994 -2.7928 80 200 120
1.5729 4.8008 -2.9657 80 200 120
6.2083 6.9115 -0.4425 80 200 120
4.6446 4.5154 -2.8359 80 200 120
5.0979 4.6887 -2.8252 80 200 120
4.2387 3.9086 -2.8282 80 200 120
5.4125 -0.1951 -0.7385 80 200 120
5.2944 2.6051 -2.5246 80 200 120
3.3738 1.0387 -2.8044 80 200 120
3.5616 1.3789 -2.8509 80 200 120
3.2373 0.2601 -2.7966 80 200 120
4.7565 -1.1619 -0.9529 80 200 120
3.4981 -3.4521 -1.3391 80 200 120
5.0993 2.8493 -2.3974 80 200 120
5.0309 2.8391 -2.3530 80 200 120
3.6799 -1.6663 -2.7222 80 200 120
3.0078 -2.6483 -2.6813 80 200 120
6.2419 1.7601 -1.8868 80 200 120
0.2866 5.4652 -1.2149 80 200 120
1.4764 5.4960 -2.8417 80 200 120
2.2561 1.8928 -2.0926 80 200 120
4.4147 -0.6834 -2.5734 80 200 120
1.4216 1.1754 -2.1659 80 200 120
2.5110 2.6670 -2.7380 80 200 120
-2.2807 -0.4650 0.2929 80 200 120
4.9472 0.6336 -2.8807 80 200 120
4.7692 0.5406 -2.8556 80 200 120
2.0847 0.3139 -0.1522 80 200 120
-1.4057 -0.9655 0.3174 80 200 120
-0.9740 1.8820 0.1353 80 200 120
-1.8925 0.3114 0.2322 80 200 120
1.5414 -0.2576 -0.4374 80 200 120
2.6843 -2.3406 -2.6969 80 200 120
-0.9628 2.7458 0.0901 80 200 120
-1.5888 -0.6548 -0.6041 80 200 120
0.9440 0.6736 0.3463 80 200 120
0.6188 -0.5179 -1.0825 80 200 120
4.2738 -1.4709 -2.0709 80 200 120
6.9284 6.0483 0.2616 80 200 120
2.6217 2.1236 -1.9856 80 200 120
-1.7962 -0.8376 -0.6483 80 200 120
1.7149 -2.0572 0.3778 80 200 120
3.4218 7.5366 -0.9976 80 200 120
-1.2662 1.7342 -0.9101 80 200 120
2.9582 0.4464 -1.7459 80 200 120
4.5783 -0.4140 -1.9496 80 200 120
-1.2823 -1.1278 -2.0061 80 200 120
5.6390 0.2691 -2.8671 80 200 120
1.8638 0.4772 -2.7432 80 200 120
3.1760 0.2122 -2.7764 80 200 120
4.8813 0.6185 -2.8528 80 200 120
7.6046 5.7849 -0.4690 80 200 120
6.0876 4.0137 -1.8885 80 200 120
6.3643 4.6704 -1.6758 80 200 120
6.1250 4.1719 -2.0072 80 200 120
7.6598 4.6999 -0.0486 80 200 120
4.3195 7.2472 -0.8619 80 200 120
7.7037 5.7047 -0.1011 80 200 120
4.9944 1.1817 0.4709 80 200 120
4.2267 0.4276 0.5256 80 200 120
5.7475 0.3031 0.0363 80 200 120
3.0171 3.5517 -2.7893 80 200 120
6.5817 5.1665 -1.8725 80 200 120
2.9608 7.5582 0.0935 80 200 120
2.3020 7.8381 0.1853 80 200 120
6.0776 3.9149 -2.3667 80 200 120
6.1252 3.6605 -2.4798 80 200 120
3.5538 3.8581 -2.8315 80 200 120
3.9233 0.3006 -2.8256 80 200 120
5.6965 0.2610 -0.6709 80 200 120
6.4743 4.9607 -2.3447 80 200 120
6.0872 4.0238 -1.8946 80 200 120
4.5723 -0.6346 -1.9321 80 200 120
6.1620 3.8875 -2.0466 80 200 120
5.6303 2.2918 -1.4927 80 200 120
6.6194 5.2363 -2.6149 80 200 120
6.4306 4.8488 -2.8089 80 200 120
2.6207 -2.1052 -2.7579 80 200 120
4.7050 -1.8690 -1.1808 80 200 120
3.6953 0.4560 -2.7247 80 200 120
2.0124 2.5278 -2.6498 80 200 120
2.5095 1.9361 -1.8884 80 200 120
-3.1865 2.0443 1.0814 80 200 120
1.8788 4.3396 -2.8444 80 200 120
4.8188 1.2793 -2.8903 80 200 120
3.1261 0.0207 -2.4496 80 200 120
-1.2594 1.9471 -2.2577 80 200 120
2.8708 1.8227 -2.7361 80 200 120
5.8210 6.8923 -1.7235 80 200 120
1.5244 3.2422 -2.8437 80 200 120
1.6417 -0.0543 -0.9620 80 200 120
4.4481 5.6651 -1.5641 80 200 120
3.3885 0.9714 0.3763 80 200 120
1.3395 6.6047 -0.6776 80 200 120
3.3548 4.9245 -0.7755 80 200 120
2.5955 2.8214 0.3657 80 200 120
1.3621 0.1254 -2.5207 80 200 120
5.0487 -0.0089 -1.9150 80 200 120
3.4966 -2.6878 -2.7548 80 200 120
3.1151 -2.4557 -2.7615 80 200 120
-0.4405 3.2438 -0.2836 80 200 120
4.0065 -2.8833 -2.7737 80 200 120
5.9487 2.0929 -1.8636 80 200 120
2.5505 -2.9339 -2.8920 80 200 120
-0.4779 3.0691 -0.6253 80 200 120
6.6994 5.3495 -2.6614 80 200 120
3.2999 5.0655 0.0066 80 200 120
6.9924 3.4892 0.2816 80 200 120
6.0420 6.5305 -1.6958 80 200 120
6.3464 3.6970 -1.6623 80 200 120
6.4098 4.9891 -1.9435 80 200 120
6.2303 3.8271 -1.7976 80 200 120
5.5579 2.6466 -1.4738 80 200 120
5.3599 6.7167 -1.1153 80 200 120
6.3942 2.6843 -3.5408 80 200 120
3.4469 3.3383 -2.8367 80 200 120
7.1249 6.1025 -1.3967 80 200 120
2.7543 3.7861 -2.7855 80 200 120
6.1297 3.8963 -2.1663 80 200 120
3.5459 7.2463 -0.9277 80 200 120
4.5104 5.1914 -2.6481 80 200 120
0.9577 4.6360 -2.7862 80 200 120
6.5690 5.1239 -1.6073 80 200 120
0.9238 4.9336 -2.2767 80 200 120
1.0902 4.9498 -2.7195 80 200 120
7.3711 6.1842 -0.6382 80 200 120
4.0096 -3.7973 -0.5469 80 200 120
6.1941 4.3053 -2.1350 80 200 120
5.0109 2.9212 -2.3287 80 200 120
5.2021 3.0030 -2.4481 80 200 120
5.1433 2.9445 -2.4363 80 200 120
3.2801 1.1106 -2.7837 80 200 120
5.8321 0.9147 -2.7524 80 200 120
3.1907 2.8978 -2.8320 80 200 120
2.3878 -1.5307 -1.3451 80 200 120
2.4488 1.4141 -2.5613 80 200 120
1.5546 2.1056 -1.4724 80 200 120
2.7001 4.5230 -2.8319 80 200 120
1.7350 -2.5628 -0.7097 80 200 120
2.9066 -0.2328 -1.8056 80 200 120
-1.4087 1.1899 0.3324 80 200 120
-1.1210 -0.8402 -0.9271 80 200 120
-0.9483 2.2491 -2.7480 80 200 120
-1.2827 2.0190 -2.2778 80 200 120
2.5168 4.6101 -2.8284 80 200 120
-2.2561 -0.4867 -0.5170 80 200 120
7.5745 5.8958 0.3890 80 200 120
1.9208 4.3054 -2.8767 80 200 120
7.0596 6.1224 -0.2616 80 200 120
2.2457 4.5673 -2.8432 80 200 120
4.8705 7.0276 -0.3779 80 200 120
1.5887 -0.9607 0.3001 80 200 120
3.5799 -0.7274 -2.9008 80 200 120
5.2464 0.8958 -1.9420 80 200 120
2.5138 2.1151 -1.7073 80 200 120
5.4044 0.9068 -2.6436 80 200 120
5.2512 0.9011 -2.8009 80 200 120
2.4603 7.4664 -0.0046 80 200 120
7.0096 6.3661 -2.8641 80 200 120
2.9814 7.8704 -0.1233 80 200 120
6.0557 3.9411 -1.6334 80 200 120
3.3506 5.2278 -0.2004 80 200 120
6.3639 4.6859 -2.2136 80 200 120
6.2490 4.5292 -2.5548 80 200 120
2.8437 6.4600 -0.1673 80 200 120
6.4216 3.7172 -1.3932 80 200 120
5.5369 3.0541 -2.7481 80 200 120
1.2821 4.4864 -2.1446 80 200 120
0.5206 4.7995 -2.5462 80 200 120
4.9804 -0.1562 -1.9122 80 200 120
6.2487 3.6912 -1.6550 80 200 120
4.6469 -0.4049 -1.9795 80 200 120
2.3312 0.3364 -1.7301 80 200 120
-0.2019 2.5065 -2.8916 80 200 120
2.9209 0.6643 -1.8067 80 200 120
1.6178 -2.4931 -0.2180 80 200 120
0.8651 5.3045 -1.9064 80 200 120
2.1700 2.5839 -2.6068 80 200 120
2.1911 0.4791 -2.3598 80 200 120
3.8968 3.8511 -2.8517 80 200 120
-1.0163 2.3354 0.2562 80 200 120
-1.4186 1.5098 -1.2113 80 200 120
1.4725 -0.4889 -1.0638 80 200 120
2.3642 2.0634 0.3417 80 200 120
-1.1895 2.2401 -0.7461 80 200 120
4.4269 5.0897 -1.6467 80 200 120
2.4333 1.9314 -1.6949 80 200 120
3.2385 4.8287 0.2083 80 200 120
3.0992 4.2346 -1.6260 80 200 120
5.7864 6.5529 -1.1823 80 200 120
5.5840 6.7911 0.1078 80 200 120
0.8091 6.0236 -0.7825 80 200 120
2.9540 6.1703 -0.8626 80 200 120
-1.0493 2.5702 -1.3793 80 200 120
4.6433 5.7568 0.3703 80 200 120
1.6111 6.8671 -1.0204 80 200 120
1.6576 3.3500 -2.8842 80 200 120
2.2571 1.9542 0.3527 80 200 120
2.7897 0.2723 -1.8024 80 200 120
3.0243 7.3314 0.0429 80 200 120
5.9973 3.8308 -2.1272 80 200 120
3.0869 6.3718 0.0233 80 200 120
6.0245 3.9737 -1.9087 80 200 120
5.5945 0.5622 0.3162 80 200 120
4.2448 0.5125 0.4495 80 200 120
4.4380 5.1542 -1.6189 80 200 120
2.7455 8.0823 0.3591 80 200 120
2.9657 3.5536 -2.8160 80 200 120
4.0311 6.1218 -1.3908 80 200 120
3.1358 4.1604 -2.7985 80 200 120
5.1847 3.0119 -2.5010 80 200 120
5.5380 6.0797 -2.8409 80 200 120
4.3456 7.0272 -0.8796 80 200 120
3.2513 1.0826 -2.7824 80 200 120
6.3631 3.6932 -1.4047 80 200 120
6.3355 3.8137 -1.4869 80 200 120
3.9678 -3.6441 -0.9847 80 200 120
4.2662 2.3822 -2.8503 80 200 120
1.9375 0.9590 -2.2502 80 200 120
2.6072 1.9208 -2.4945 80 200 120
-1.4721 2.7102 0.2963 80 200 120
2.8640 -0.5915 -1.7839 80 200 120
3.5350 2.5062 -2.8293 80 200 120
2.9599 1.1402 -2.0392 80 200 120
3.5451 1.0522 -2.3023 80 200 120
5.0728 1.0228 -2.7960 80 200 120
4.9493 0.6381 -2.8827 80 200 120
-2.7467 -0.7543 -0.4152 80 200 120
5.4323 0.7243 -2.8545 80 200 120
4.4552 -0.3838 -2.5162 80 200 120
3.5656 1.0021 -2.4842 80 200 120
4.9743 3.4870 0.3550 80 200 120
2.3509 4.7179 -2.7717 80 200 120
0.8561 4.6540 -2.5883 80 200 120
1.0304 3.6206 -2.7034 80 200 120
1.4760 -0.4841 -0.2390 80 200 120
-1.3617 1.7422 -0.6253 80 200 120
0.6071 2.3036 -2.8179 80 200 120
1.8699 -0.5737 -1.3883 80 200 120
3.4836 -0.9254 -2.7657 80 200 120
1.2881 3.7162 0.4583 80 200 120
1.2370 3.4245 0.4149 80 200 120
-1.3866 1.6972 -0.8779 80 200 120
-1.7438 0.9233 -0.3068 80 200 120
-0.2482 -0.7900 -2.6794 80 200 120
-1.8562 0.7555 -0.8231 80 200 120
3.3427 7.7134 -0.9375 80 200 120
3.3118 5.3068 -0.1606 80 200 120
5.0097 1.3095 0.3827 80 200 120
3.4042 4.9216 -0.1810 80 200 120
3.1095 4.9316 -0.0671 80 200 120
6.1408 3.6282 -2.4666 80 200 120
0.8174 4.9497 -2.2641 80 200 120
2.6423 3.9021 -2.8048 80 200 120
1.9478 4.2995 -2.8491 80 200 120
2.1136 4.8384 -2.8627 80 200 120
5.2924 6.8269 -0.6336 80 200 120
6.3316 4.6660 -1.7268 80 200 120
5.5731 2.8161 -2.8398 80 200 120
6.3480 4.6513 -1.7243 80 200 120
6.4325 5.0363 -2.7673 80 200 120
6.0418 4.4194 -2.6846 80 200 120
2.8698 1.2048 -2.8499 80 200 120
6.8275 5.8362 -2.8293 80 200 120
3.2609 1.4178 -2.8430 80 200 120
4.1885 -2.6683 -2.0634 80 200 120
4.8599 -1.9356 -0.5357 80 200 120
4.9453 2.6801 -2.4122 80 200 120
3.6632 1.5973 -2.8988 80 200 120
4.9308 -1.2190 -1.6804 80 200 120
-1.0798 2.0360 -2.6871 80 200 120
3.9600 -2.8494 -2.7123 80 200 120
4.4234 1.0870 -2.8405 80 200 120
-2.2016 -0.4693 0.2786 80 200 120
4.1873 4.3621 -2.7974 80 200 120
-0.5001 3.1608 -0.1314 80 200 120
-1.2509 1.7267 0.2913 80 200 120
-1.9259 0.6864 -0.8225 80 200 120
-1.9044 -0.8930 -0.5561 80 200 120
1.2717 2.5939 -2.8653 80 200 120
-0.4920 3.6425 -0.9317 80 200 120
-1.1568 1.7781 -2.7734 80 200 120
0.5173 3.2857 -2.7972 80 200 120
0.6917 5.0268 -2.3267 80 200 120
1.1410 5.0770 -2.7107 80 200 120
-0.3414 0.5556 0.4674 80 200 120
1.6390 0.4750 0.3696 80 200 120
0.5572 2.3245 0.3496 80 200 120
4.4853 -0.8738 -2.6052 80 200 120
-1.4090 1.4267 -1.2523 80 200 120
4.7785 0.2168 -1.9467 80 200 120
-2.3530 -0.5299 -0.4607 80 200 120
-1.9683 -0.9377 -0.5378 80 200 120
1.3426 0.0633 -2.4533 80 200 120
5.3226 0.7859 -1.9367 80 200 120
3.3359 1.1277 -2.7576 80 200 120
3.5261 -3.1288 -2.8210 80 200 120
2.6995 -3.4521 -2.8362 80 200 120
5.2153 0.4962 -1.8887 80 200 120
-2.2340 -0.1841 0.0307 80 200 120
-1.6561 -0.8831 0.0500 80 200 120
2.2940 0.7051 -2.6018 80 200 120
4.5337 -0.3623 -2.8606 80 200 120
5.2232 -0.7493 -3.4595 80 200 120
4.8138 -0.0320 -2.9645 80 200 120
3.3048 4.6952 -0.8426 80 200 120
6.6828 5.9740 -2.7322 80 200 120
6.2781 6.4223 -2.8567 80 200 120
6.7042 5.2691 -2.8795 80 200 120
6.2171 3.9453 -2.4092 80 200 120
6.1172 3.8795 -2.0549 80 200 120
2.6731 8.3321 0.4539 80 200 120
4.0177 4.0981 -2.8419 80 200 120
1.4892 4.9393 -2.9004 80 200 120
2.8094 7.8068 0.2288 80 200 120
2.3522 7.6853 0.1306 80 200 120
1.1292 4.3388 -2.8043 80 200 120
7.0581 6.0209 -1.4525 80 200 120
1.9924 5.8546 -1.0686 80 200 120
3.5922 7.6763 0.3425 80 200 120
1.2576 5.3953 -2.5576 80 200 120
5.3516 3.1253 -2.6115 80 200 120
4.1182 4.2999 -2.8280 80 200 120
6.0032 3.5999 -2.7175 80 200 120
7.1645 6.0199 -0.4603 80 200 120
6.6114 6.3327 -0.6642 80 200 120
7.1771 6.0949 -1.0918 80 200 120
3.2975 3.4155 -2.8211 80 200 120
3.8093 7.3653 -0.3520 80 200 120
2.7036 3.7511 -2.7949 80 200 120
5.5108 2.3734 -1.5261 80 200 120
3.9605 -1.8458 -2.5600 80 200 120
6.3296 3.6737 -2.4838 80 200 120
6.3468 5.8248 -2.8585 80 200 120
5.0351 0.6565 -2.8242 80 200 120
6.7903 5.3497 -2.6144 80 200 120
5.7094 4.7541 -2.8235 80 200 120
3.8966 3.8296 -2.8330 80 200 120
2.6419 2.1429 -1.7250 80 200 120
2.4239 3.4479 -2.8032 80 200 120
1.8816 4.7258 -2.7932 80 200 120
3.3485 2.7011 -2.8349 80 200 120
-1.0806 2.1912 -1.6699 80 200 120
3.4884 -2.5799 -2.2958 80 200 120
2.5211 1.8681 -2.1179 80 200 120
2.0128 2.4677 -1.7004 80 200 120
-1.6139 2.1715 0.4068 80 200 120
-1.0489 -0.6489 0.1812 80 200 120
4.0240 4.1110 -2.8577 80 200 120
1.6854 0.1503 -0.7329 80 200 120
3.6529 3.8991 -2.8119 80 200 120
2.1133 4.9440 -2.9026 80 200 120
-0.9088 2.7585 0.0923 80 200 120
1.5730 -0.3764 -0.2706 80 200 120
5.5505 4.5596 0.3370 80 200 120
5.2234 4.5905 0.3137 80 200 120
3.7514 2.6251 0.3242 80 200 120
4.8085 2.9310 0.3752 80 200 120
-0.6495 3.3054 -1.0136 80 200 120
0.9440 6.6145 0.3529 80 200 120
-0.3889 -0.8060 0.3663 80 200 120
1.0459 4.6633 -2.9303 80 200 120
1.0887 5.4261 -2.7652 80 200 120
0.9220 3.7728 -2.7692 80 200 120
0.8280 3.5509 -2.9202 80 200 120
3.2885 4.3271 -1.5846 80 200 120
2.0821 2.1060 0.3989 80 200 120
-1.7381 0.8251 0.2370 80 200 120
1.9857 1.0871 0.4163 80 200 120
0.8480 2.7697 0.3007 80 200 120
-0.4380 3.1519 0.2048 80 200 120
-2.0329 -0.6825 0.4792 80 200 120
3.9785 -0.9377 -2.8481 80 200 120
-2.3609 -0.4430 -1.1028 80 200 120
6.1088 4.4755 -2.4583 80 200 120
6.6874 4.7514 -1.2763 80 200 120
5.8469 0.1062 0.0325 80 200 120
6.7666 5.2928 -2.3569 80 200 120
4.9914 1.2861 0.3673 80 200 120
5.5198 0.6906 0.2280 80 200 120
2.2685 3.7022 -2.8474 80 200 120
4.5088 5.2342 -2.4208 80 200 120
2.2690 4.5396 -2.8319 80 200 120
0.8586 5.2248 -2.2715 80 200 120
5.0147 6.4021 -2.4320 80 200 120
1.0111 4.0637 -2.7922 80 200 120
4.1634 7.4635 0.4223 80 200 120
1.8430 6.2988 -1.1867 80 200 120
6.3096 6.3570 -2.7568 80 200 120
6.7452 6.1223 -2.2790 80 200 120
2.2369 0.5978 -2.7625 80 200 120
6.3674 4.5697 -1.4374 80 200 120
3.5085 0.9454 -2.4041 80 200 120
5.2228 1.1326 -1.9342 80 200 120
2.9357 2.2521 -2.8406 80 200 120
4.8342 -1.4888 -0.6120 80 200 120
5.5315 4.9129 -2.8144 80 200 120
2.4630 0.5836 -1.7302 80 200 120
0.8487 5.9626 -2.8007 80 200 120
2.6931 0.2539 -1.7566 80 200 120
1.4177 5.5102 -2.9711 80 200 120
1.1119 5.4486 -2.2553 80 200 120
-0.1880 -1.4905 -0.8880 80 200 120
2.5280 1.8629 -2.2551 80 200 120
4.6543 -0.0037 -1.9499 80 200 120
6.2411 6.2184 0.1633 80 200 120
5.5343 6.6324 0.3140 80 200 120
5.3458 5.6081 0.3855 80 200 120
4.1856 3.4995 0.3626 80 200 120
5.9520 6.3375 0.3499 80 200 120
3.4450 4.0724 -1.6415 80 200 120
0.4867 3.7809 -2.2160 80 200 120
3.2012 7.2839 -1.1642 80 200 120
0.6546 2.6122 -2.7642 80 200 120
6.8455 6.1679 0.3394 80 200 120
0.6619 0.5022 0.3798 80 200 120
1.3449 0.8263 0.4420 80 200 120
-1.9676 1.2623 -1.2452 80 200 120
2.1364 0.2133 -2.3321 80 200 120
-0.5705 3.3435 -0.5839 80 200 120
3.6664 -0.2921 -2.7574 80 200 120
3.0090 -2.4731 -2.8042 80 200 120
6.0919 -0.0267 -2.9054 80 200 120
6.4096 6.4766 -2.2971 80 200 120
2.9699 7.8195 -0.5479 80 200 120
6.3179 3.4254 -1.4765 80 200 120
5.6409 2.2690 -1.4978 80 200 120
6.8204 5.2747 -2.9601 80 200 120
6.0027 6.0493 -2.7266 80 200 120
6.2313 4.3642 -1.8798 80 200 120
5.7855 3.5523 -2.7409 80 200 120
6.5146 5.1565 -2.3831 80 200 120
6.0339 3.8053 -2.7096 80 200 120
5.9187 3.1086 -3.0141 80 200 120
0.4189 3.8297 -2.9437 80 200 120
5.9261 3.3043 -2.9607 80 200 120
1.1564 5.2241 -2.6961 80 200 120
1.0456 4.8010 -2.2108 80 200 120
4.0735 4.2161 -2.8372 80 200 120
1.6556 3.8336 -2.8141 80 200 120
0.7761 4.6826 -2.4975 80 200 120
0.6557 4.0677 -2.5969 80 200 120
3.0954 7.7307 -1.1235 80 200 120
3.1189 0.2992 -1.8072 80 200 120
5.7520 1.5841 -2.6437 80 200 120
2.2227 4.8805 -2.8590 80 200 120
2.7761 4.4756 -2.7936 80 200 120
2.2873 1.3021 -2.3032 80 200 120
-1.2173 2.7043 0.1972 80 200 120
0.5916 2.3420 -2.7978 80 200 120
0.8431 3.1600 -2.8782 80 200 120
2.3110 0.4422 -2.0056 80 200 120
2.1466 2.5174 -2.2989 80 200 120
3.9013 3.8273 -2.8310 80 200 120
2.5055 0.7064 -2.6634 80 200 120
3.9127 -2.6758 -2.6680 80 200 120
3.5919 1.1229 -2.2846 80 200 120
3.3416 0.4777 -1.8880 80 200 120
2.4020 2.6114 -2.4221 80 200 120
2.0728 -2.9881 -0.3262 80 200 120
3.7695 -3.1258 -1.6837 80 200 120
3.3483 3.7399 -2.8329 80 200 120
-1.5846 -1.1483 0.3631 80 200 120
2.3904 4.5202 -2.8284 80 200 120
4.1003 6.0872 0.3798 80 200 120
3.7119 7.5341 0.2308 80 200 120
4.3486 4.0998 0.3590 80 200 120
4.0833 7.3239 0.2638 80 200 120
-1.5500 1.3912 -1.0008 80 200 120
3.4818 4.4250 -1.6412 80 200 120
2.1530 4.8875 -2.9009 80 200 120
2.0786 0.3811 0.0076 80 200 120
4.2669 4.6984 -1.6459 80 200 120
1.9205 0.3064 0.2930 80 200 120
2.6901 2.3042 0.4079 80 200 120
1.7670 2.0470 0.3708 80 200 120
-1.4935 1.3253 0.2808 80 200 120
0.0981 1.7354 0.3622 80 200 120
-0.2354 -1.4148 0.2155 80 200 120
2.6003 1.2356 -2.3847 80 200 120
4.5166 -0.1326 -2.7657 80 200 120
2.4095 1.2979 -2.3980 80 200 120
2.6367 0.9150 -2.4470 80 200 120
4.7822 0.0549 -1.9349 80 200 120
-0.8020 1.9077 -0.9643 80 200 120
3.2450 4.8246 0.3036 80 200 120
6.1533 3.8680 -2.0671 80 200 120
7.5649 4.5615 -0.6837 80 200 120
3.3552 6.9169 0.0090 80 200 120
6.3144 3.8255 -1.8036 80 200 120
6.8562 3.6215 -2.7285 80 200 120
2.9762 5.1231 0.1471 80 200 120
4.6458 5.7704 0.3673 80 200 120
3.0001 7.7384 -0.4963 80 200 120
2.9695 3.5776 -2.8135 80 200 120
1.0856 7.2238 -1.1382 80 200 120
0.9639 6.7604 -1.2182 80 200 120
6.8563 6.5951 -0.5747 80 200 120
7.0875 6.0423 -1.4543 80 200 120
4.1548 0.7164 -2.8284 80 200 120
4.3844 -0.0097 -2.9470 80 200 120
4.2835 -0.0631 -2.9269 80 200 120
4.1303 -0.8050 -2.7387 80 200 120
4.7552 -1.5202 0.1163 80 200 120
1.9814 0.7459 -2.8838 80 200 120
6.6528 5.1627 -1.4634 80 200 120
6.6950 5.0339 -1.3325 80 200 120
6.1978 3.9632 -1.3474 80 200 120
2.8400 1.7711 -2.8191 80 200 120
6.5605 3.7201 -1.3604 80 200 120
3.5005 1.7874 -2.8561 80 200 120
2.9908 3.5393 -2.8205 80 200 120
5.1262 0.7660 -2.9042 80 200 120
4.4963 -0.5654 -2.5187 80 200 120
-1.2354 1.5141 -2.6568 80 200 120
3.1462 0.8250 -1.8769 80 200 120
0.9052 5.5963 -2.6907 80 200 120
1.5446 5.4326 -2.7984 80 200 120
0.8979 5.2055 -2.2743 80 200 120
0.7460 4.9322 -2.2635 80 200 120
1.9141 -0.3560 -1.7349 80 200 120
-1.4758 0.4552 -2.0580 80 200 120
0.8044 6.0707 -2.8157 80 200 120
0.0538 3.4699 -0.8233 80 200 120
4.0410 4.1207 -2.8318 80 200 120
-0.1908 3.1040 -0.7040 80 200 120
0.8523 4.6727 -2.4161 80 200 120
0.9239 4.7543 -2.7948 80 200 120
4.2446 -1.5230 -2.5791 80 200 120
2.0761 -2.1163 -1.2182 80 200 120
1.8774 3.3830 0.3704 80 200 120
3.3376 6.1797 -0.4021 80 200 120
3.7608 7.5911 -0.3054 80 200 120
3.4353 5.0770 0.0085 80 200 120
4.3411 5.4312 0.4239 80 200 120
5.0013 6.8539 -0.0315 80 200 120
3.3776 4.9970 -0.4942 80 200 120
2.6351 2.8256 0.3873 80 200 120
4.6719 6.8002 0.3141 80 200 120
3.9344 5.4270 0.3588 80 200 120
3.5985 5.1804 0.3975 80 200 120
3.6037 3.5925 0.3585 80 200 120
1.7179 5.9537 0.4355 80 200 120
4.4221 5.9913 0.4011 80 200 120
2.7137 3.7075 0.3710 80 200 120
3.1827 3.4126 0.3569 80 200 120
3.3884 2.2050 0.3454 80 200 120
-1.5792 0.9705 -2.7665 80 200 120
3.3766 5.1724 -0.7191 80 200 120
2.9505 6.3631 -1.5291 80 200 120
1.0222 6.6529 -1.2553 80 200 120
-1.8664 0.5043 -1.6428 80 200 120
2.8978 5.3338 0.3473 80 200 120
1.2833 5.4734 -2.8603 80 200 120
0.4021 3.6336 -2.2351 80 200 120
0.8766 3.6383 -2.7304 80 200 120
-2.1945 -0.2279 -1.3789 80 200 120
0.5712 3.8829 -2.1737 80 200 120
3.3182 5.3327 -1.1437 80 200 120
-2.0080 -0.0109 0.4720 80 200 120
1.4930 0.1750 -2.3630 80 200 120
4.2135 0.1275 -2.9613 80 200 120
4.2165 -2.6225 -2.6738 80 200 120
4.7416 0.5486 -2.7456 80 200 120
4.7932 1.1329 -2.6472 80 200 120
10.0687 -1.1135 -2.5009 80 200 120
6.5529 4.9091 -1.3683 80 200 120
4.8436 6.9560 -0.4556 80 200 120
6.6755 5.2438 -1.2011 80 200 120
6.2094 4.3970 -1.5757 80 200 120
5.7576 0.2317 -0.0606 80 200 120
5.4829 2.4014 -1.5026 80 200 120
6.3315 4.9722 -1.5650 80 200 120
2.8927 7.3647 0.0289 80 200 120
4.4111 4.8935 -1.6615 80 200 120
3.8189 7.1133 -0.4349 80 200 120
6.8537 5.8384 -1.1555 80 200 120
0.9342 4.6123 -2.7427 80 200 120
6.0370 3.8808 -2.3575 80 200 120
0.6545 5.0285 -2.3485 80 200 120
5.9493 3.5977 -2.6451 80 200 120
4.2254 4.5756 -1.6496 80 200 120
6.3564 3.6978 -2.5366 80 200 120
3.3589 4.2469 -1.6352 80 200 120
5.4646 3.0978 -2.7131 80 200 120
4.3038 0.6217 -2.8318 80 200 120
4.4767 -0.2739 -2.7295 80 200 120
4.0683 0.0671 -2.8485 80 200 120
4.3197 -0.3970 -2.9350 80 200 120
4.2267 0.8185 -2.8081 80 200 120
5.3252 2.3264 -2.4700 80 200 120
3.5360 0.9912 -2.6240 80 200 120
2.6674 2.5909 -2.8738 80 200 120
5.9391 6.4911 -2.7555 80 200 120
5.6306 2.2722 -1.5018 80 200 120
1.7272 0.1331 -2.8788 80 200 120
2.8020 2.4662 -2.8400 80 200 120
6.1667 6.2787 -2.8080 80 200 120
2.9752 2.2681 -2.8214 80 200 120
3.3602 2.7155 -2.8297 80 200 120
6.3264 4.6985 -2.2359 80 200 120
3.3999 0.4422 -2.3116 80 200 120
3.4366 0.6031 -2.5312 80 200 120
6.2057 3.4192 -1.4884 80 200 120
1.9491 3.8444 -2.8448 80 200 120
0.9263 4.0678 -2.7270 80 200 120
1.1943 2.2967 -2.8521 80 200 120
0.9903 5.0354 -2.7922 80 200 120
2.7265 0.4588 -1.6968 80 200 120
0.9543 5.5397 -2.2631 80 200 120
2.1220 2.4677 -2.1745 80 200 120
-0.5785 1.0050 -2.5217 80 200 120
1.6318 5.0052 -2.8254 80 200 120
3.8159 3.0875 0.3632 80 200 120
4.2729 7.2561 -0.8314 80 200 120
2.8054 4.4019 0.3834 80 200 120
2.3452 4.8025 0.3348 80 200 120
3.6095 4.1455 0.3569 80 200 120
1.0642 7.0906 0.6106 80 200 120
0.7402 6.4019 0.0641 80 200 120
3.3675 5.7229 -0.2496 80 200 120
1.4653 7.4432 -1.7203 80 200 120
0.5611 3.2826 -2.7819 80 200 120
1.8013 -0.0710 0.2051 80 200 120
3.3081 4.1790 -1.6259 80 200 120
1.3197 7.8375 -1.2617 80 200 120
3.3363 5.3293 -0.9230 80 200 120
1.3029 -0.1439 -0.0288 80 200 120
-1.5847 1.2426 -0.0310 80 200 120
0.8963 5.6083 -2.6274 80 200 120
2.3176 0.2732 -2.6165 80 200 120
2.1809 0.6764 -2.5929 80 200 120
5.0175 0.2445 -1.9391 80 200 120
-2.0303 0.3856 -1.5320 80 200 120
3.4623 -1.6965 -2.7693 80 200 120
3.7825 7.4704 -0.3445 80 200 120
4.2487 5.4757 0.3896 80 200 120
6.1009 3.2391 -1.5273 80 200 120
3.2835 4.6921 -0.8816 80 200 120
5.9927 4.4844 -2.6600 80 200 120
2.9794 4.2663 -2.7130 80 200 120
6.3792 4.8798 -2.8313 80 200 120
6.3621 4.7185 -2.2645 80 200 120
0.2833 5.1840 -1.9042 80 200 120
6.1474 4.3222 -1.9797 80 200 120
1.7408 3.5857 -2.7892 80 200 120
4.5626 0.1488 -2.7359 80 200 120
4.5168 0.1618 -3.0172 80 200 120
4.2424 0.1437 -2.8888 80 200 120
5.5892 2.6673 -2.8827 80 200 120
2.6851 2.0266 -2.7636 80 200 120
6.5555 4.9958 -1.3938 80 200 120
2.8024 2.6371 -2.8744 80 200 120
3.4890 1.8827 -2.8747 80 200 120
2.8811 2.4275 -2.7290 80 200 120
2.8619 2.3274 -2.5412 80 200 120
2.9099 2.3861 -2.6553 80 200 120
3.7418 1.9042 -2.8745 80 200 120
3.6608 2.4422 -2.7470 80 200 120
4.4924 -0.6870 -2.5593 80 200 120
3.8915 -2.6419 -2.6582 80 200 120
1.7851 0.3700 -0.8368 80 200 120
5.5762 -0.2163 -3.3969 80 200 120
-1.1763 2.3175 0.3227 80 200 120
-0.5525 3.4780 -0.6773 80 200 120
-0.9747 2.7339 0.1267 80 200 120
-1.8209 0.8483 -1.3231 80 200 120
4.5692 -0.6129 -1.9793 80 200 120
4.7524 -0.1057 -2.0306 80 200 120
-0.8228 3.0277 -0.5282 80 200 120
-0.6332 3.1996 -0.0863 80 200 120
3.1010 4.0516 -2.8253 80 200 120
-0.0867 4.5531 -1.1027 80 200 120
1.5539 -0.6190 -0.8670 80 200 120
-1.3423 1.6714 0.2945 80 200 120
1.8500 2.7175 -2.8115 80 200 120
2.6446 2.9651 -2.8281 80 200 120
4.5408 1.8520 -2.8514 80 200 120
0.4207 5.9347 -0.9984 80 200 120
-0.1386 4.6126 0.1335 80 200 120
3.0623 5.1620 -0.4533 80 200 120
1.3564 7.3775 -0.2505 80 200 120
-0.1766 4.1067 0.3745 80 200 120
1.3575 6.8716 0.0144 80 200 120
1.0022 5.0574 0.3813 80 200 120
1.0871 4.2925 0.3638 80 200 120
1.1943 5.4181 0.3804 80 200 120
2.6137 5.3239 0.3339 80 200 120
1.7979 4.3232 0.3903 80 200 120
4.9886 5.7650 0.3979 80 200 120
0.9904 4.0597 -2.7560 80 200 120
3.2478 4.4382 -1.6539 80 200 120
4.0964 -2.2431 0.4381 80 200 120
3.2209 0.2733 -1.7667 80 200 120
1.8124 -0.5231 -1.7539 80 200 120
4.7884 0.4774 -2.7759 80 200 120
6.2106 4.2595 -1.3399 80 200 120
6.4956 4.7810 -2.3020 80 200 120
6.6846 5.1617 -2.8912 80 200 120
6.5918 5.1890 -2.5789 80 200 120
6.4027 4.6384 -2.8844 80 200 120
2.9944 7.9516 -0.0204 80 200 120
5.8429 3.7691 -2.9546 80 200 120
0.8006 4.6740 -2.1763 80 200 120
1.0117 6.7339 -1.3564 80 200 120
1.1937 7.0824 -1.1754 80 200 120
4.4454 4.5432 -2.8231 80 200 120
4.4791 5.0433 -2.3303 80 200 120
3.9763 3.9757 -2.8253 80 200 120
0.9570 7.1440 -0.5494 80 200 120
3.5187 4.8180 -1.6378 80 200 120
5.9600 2.3272 -3.2554 80 200 120
3.4649 4.4758 -1.6411 80 200 120
3.7985 7.6199 -0.2641 80 200 120
0.8407 4.2365 -2.1963 80 200 120
5.8277 6.6672 -1.1794 80 200 120
4.5897 0.2979 -3.0047 80 200 120
4.6178 0.3079 -3.0372 80 200 120
4.0304 -2.5510 0.0484 80 200 120
5.5421 4.1372 -2.6215 80 200 120
2.7091 2.5889 -2.7746 80 200 120
6.1142 4.2323 -2.1055 80 200 120
6.3707 4.2928 -1.3803 80 200 120
6.8143 5.3009 -2.4992 80 200 120
3.2719 0.5210 -1.8588 80 200 120
1.8982 0.1568 -2.8593 80 200 120
3.3544 1.6111 -2.8507 80 200 120
3.5340 0.9857 -2.2787 80 200 120
4.7092 1.3255 -2.8326 80 200 120
5.0319 2.7471 -2.4842 80 200 120
1.0636 2.7958 -2.8050 80 200 120
2.7199 1.2266 -2.0410 80 200 120
0.4121 5.6187 -1.9422 80 200 120
-0.1200 4.4975 -1.4499 80 200 120
-0.1143 4.4898 -0.8658 80 200 120
0.1491 5.0641 -0.3381 80 200 120
0.4669 6.0172 0.0738 80 200 120
0.2652 5.2494 0.3428 80 200 120
0.3252 5.5724 -0.6690 80 200 120
-0.0902 3.3522 0.4058 80 200 120
1.2702 3.4100 0.3642 80 200 120
0.5040 2.2484 0.3619 80 200 120
1.1746 2.6269 0.3972 80 200 120
4.2127 4.5450 0.3677 80 200 120
-0.4973 2.8547 0.4039 80 200 120
0.8628 6.8619 -1.8962 80 200 120
1.9415 0.1317 0.3440 80 200 120
2.8983 5.3012 -1.0978 80 200 120
-0.3195 4.0501 -1.8444 80 200 120
0.8631 3.7906 -2.7937 80 200 120
1.2994 7.2976 -2.3057 80 200 120
3.4926 4.8032 -1.6356 80 200 120
0.9970 5.6463 -2.2402 80 200 120
-0.4490 -0.5540 0.4353 80 200 120
1.8295 0.0209 -0.0070 80 200 120
1.7546 0.0525 -0.6526 80 200 120
1.8536 -1.8639 0.1873 80 200 120
3.6188 -2.0030 0.4665 80 200 120
3.5301 -2.7343 0.2591 80 200 120
3.1592 -3.1383 0.0678 80 200 120
2.8821 -2.2715 0.4404 80 200 120
1.7855 -2.5796 -0.6633 80 200 120
1.7317 0.0541 -1.1444 80 200 120
3.2555 -2.5658 0.3690 80 200 120
2.4586 -1.5232 0.4566 80 200 120
1.1431 1.3154 0.4199 80 200 120
3.2965 1.3038 0.4700 80 200 120
1.7699 -0.1292 -1.1215 80 200 120
2.1729 -2.7658 -0.4064 80 200 120
4.0668 -2.8792 0.1389 80 200 120
5.3938 0.6643 -1.9587 80 200 120
5.0155 0.9780 -1.8815 80 200 120
-0.5199 3.0666 -0.2015 80 200 120
1.9089 -0.1956 -1.9990 80 200 120
-0.7688 1.9336 -0.9479 80 200 120
-1.1086 1.5786 -1.2750 80 200 120
-1.6180 0.6390 -1.5422 80 200 120
5.2853 4.6024 0.3900 80 200 120
5.8713 4.1739 0.4103 80 200 120
5.6595 3.6661 0.4129 80 200 120
6.4136 3.7206 -1.3767 80 200 120
6.1425 4.2449 -2.1107 80 200 120
6.1915 2.8161 -1.5170 80 200 120
6.1760 3.8238 -1.5240 80 200 120
2.9211 7.9585 -0.4469 80 200 120
8.2386 5.8223 -0.7739 80 200 120
6.1909 4.3984 -2.3409 80 200 120
3.4159 4.9115 0.3128 80 200 120
6.3491 3.4826 -1.5209 80 200 120
6.1242 3.3333 -1.5002 80 200 120
6.2601 3.1265 -1.5088 80 200 120
3.7847 7.5806 -0.2950 80 200 120
6.4511 5.6003 -2.8022 80 200 120
1.5107 7.2982 -1.6861 80 200 120
4.6347 3.4059 -2.8352 80 200 120
6.1499 4.1476 -2.0346 80 200 120
4.2315 7.2503 -1.6684 80 200 120
4.9521 5.5386 -2.8583 80 200 120
4.2797 4.6835 -1.6556 80 200 120
6.0845 3.8553 -2.0871 80 200 120
7.0488 6.0182 -1.4117 80 200 120
3.1198 7.3032 -0.2660 80 200 120
3.3775 7.5013 -0.9343 80 200 120
5.9914 4.1319 -2.7965 80 200 120
6.0785 4.2951 -1.9744 80 200 120
2.7983 8.0375 -1.3636 80 200 120
0.9703 6.8009 -1.7594 80 200 120
2.3695 -2.9121 -1.0880 80 200 120
4.0483 0.8938 -2.8250 80 200 120
5.5548 1.1179 -2.9108 80 200 120
5.0647 2.0327 -2.4714 80 200 120
4.5178 0.2833 -3.0231 80 200 120
6.7009 6.2047 -1.6081 80 200 120
2.1103 -0.0144 -2.7847 80 200 120
2.6543 1.9693 -2.6089 80 200 120
6.5285 5.0959 -1.5864 80 200 120
3.5905 1.6241 -2.9124 80 200 120
2.2738 3.0362 -2.8239 80 200 120
2.9709 1.7060 -2.5969 80 200 120
3.6545 1.5607 -2.8460 80 200 120
3.9973 1.8205 -2.8272 80 200 120
3.5465 1.3931 -2.8399 80 200 120
3.1783 1.6249 -2.7922 80 200 120
1.2086 -0.2802 -0.0520 80 200 120
-3.1330 -0.9665 -0.9931 80 200 120
-2.2946 0.0563 -1.5234 80 200 120
2.1260 -2.9187 -0.3711 80 200 120
2.4249 2.5176 -2.6368 80 200 120
2.2081 4.9216 -2.6157 80 200 120
-1.2412 -0.8558 0.2549 80 200 120
5.3351 0.8596 -2.7959 80 200 120
3.5288 0.9282 -1.9797 80 200 120
-0.2144 0.5620 -2.3577 80 200 120
5.7533 -1.3229 -3.7838 80 200 120
3.0735 4.2496 -2.7114 80 200 120
2.0535 3.1196 -2.8312 80 200 120
0.6012 4.2255 -2.1950 80 200 120
0.8087 2.8794 0.3203 80 200 120
1.1940 3.8453 0.3769 80 200 120
-0.7219 3.1777 -0.0772 80 200 120
2.0226 1.2039 0.3333 80 200 120
1.9018 3.7251 0.3612 80 200 120
-0.6935 3.2379 -0.7110 80 200 120
0.9818 4.8950 -2.6991 80 200 120
1.9845 2.3776 0.3545 80 200 120
-0.9483 2.7482 0.1276 80 200 120
3.1578 4.8664 -0.8475 80 200 120
-0.4153 3.8526 0.0787 80 200 120
0.1727 3.1838 -2.5386 80 200 120
0.8224 4.4306 -2.0896 80 200 120
1.0539 7.0886 -2.1728 80 200 120
3.2409 6.5571 -0.4993 80 200 120
0.9181 6.2907 -2.7198 80 200 120
-0.7090 2.6257 -2.8267 80 200 120
0.8518 6.5080 -2.0266 80 200 120
-1.0651 2.2266 -1.8316 80 200 120
-1.4812 0.8272 -2.1148 80 200 120
1.6622 1.5089 0.3975 80 200 120
2.6567 0.9741 0.4059 80 200 120
1.9117 -0.2673 0.0518 80 200 120
2.3605 -1.1646 0.4607 80 200 120
2.7869 -2.7196 -0.9653 80 200 120
5.4446 1.0155 -2.6161 80 200 120
1.8579 0.0053 -2.3315 80 200 120
-0.2856 -1.5804 -0.8204 80 200 120
4.8691 -2.1868 -3.5239 80 200 120
3.9860 -0.8425 -2.8429 80 200 120
-1.4334 1.5602 -0.4104 80 200 120
1.1061 -0.4369 0.0855 80 200 120
6.0258 6.3481 0.3587 80 200 120
6.1109 4.6563 0.4040 80 200 120
4.8079 3.6483 0.3868 80 200 120
4.0748 3.6142 0.3750 80 200 120
5.5634 4.6230 0.3959 80 200 120
6.4875 3.6734 -1.9196 80 200 120
6.7102 5.2523 -2.4997 80 200 120
6.3968 4.7278 -2.2949 80 200 120
6.0558 4.0756 -1.9744 80 200 120
5.6007 5.3926 -2.5513 80 200 120
-0.5019 4.6694 -1.8980 80 200 120
6.4648 3.7110 -2.5740 80 200 120
3.0721 4.5403 -1.7260 80 200 120
1.0568 4.3656 -2.8393 80 200 120
5.8185 3.5491 -2.7699 80 200 120
3.0820 4.2176 -1.7060 80 200 120
5.5148 3.2356 -2.6663 80 200 120
3.5088 4.8140 -1.6410 80 200 120
0.9268 4.4583 -2.2274 80 200 120
1.3117 7.2885 -2.3080 80 200 120
1.4465 7.5468 -1.2264 80 200 120
0.8916 4.6585 -2.4453 80 200 120
0.7787 4.9875 -2.3186 80 200 120
6.1963 4.5576 -2.5066 80 200 120
1.8813 4.0668 -2.8455 80 200 120
2.8217 3.7626 -2.8187 80 200 120
2.3397 4.1896 -2.8146 80 200 120
0.3495 8.5307 0.5431 80 200 120
4.0761 7.1361 0.0883 80 200 120
5.4376 1.0209 -2.5160 80 200 120
4.0602 1.8284 -2.8411 80 200 120
3.3061 -3.1964 -0.3582 80 200 120
6.0171 0.2284 -3.3706 80 200 120
4.4500 0.8035 -2.9009 80 200 120
4.6016 0.8753 -2.8273 80 200 120
3.7159 1.3659 -2.0960 80 200 120
2.4919 0.5824 -1.8835 80 200 120
5.5367 3.5133 -1.4888 80 200 120
3.5505 1.0904 -1.9964 80 200 120
3.5427 1.1851 -2.3059 80 200 120
2.6023 0.6784 -2.8367 80 200 120
5.7808 -0.8897 -2.2101 80 200 120
2.8345 -0.0503 -1.8422 80 200 120
2.6933 2.3740 -2.5119 80 200 120
3.3410 0.8485 -2.8961 80 200 120
2.6212 2.1415 -2.6067 80 200 120
2.1763 2.3519 -2.2885 80 200 120
4.9832 1.8449 -2.2644 80 200 120
2.3667 4.7440 -2.6854 80 200 120
-1.0213 2.7225 0.1406 80 200 120
1.1376 1.1669 -2.0821 80 200 120
1.7391 -0.3969 -1.2433 80 200 120
0.5428 1.8656 -2.7878 80 200 120
-1.5603 1.7350 0.3643 80 200 120
1.6488 0.5930 0.3551 80 200 120
0.3091 0.7072 0.3829 80 200 120
-1.3154 1.6674 0.2764 80 200 120
1.7180 2.0475 0.3586 80 200 120
-1.0057 1.1962 0.4466 80 200 120
3.0793 5.0019 -0.9260 80 200 120
-1.8569 0.6713 -0.9059 80 200 120
3.2803 7.8810 -1.8615 80 200 120
0.8016 3.8028 -2.8247 80 200 120
1.3018 6.9105 -2.6709 80 200 120
1.1338 6.6192 -2.7290 80 200 120
1.4131 7.3886 -2.6390 80 200 120
3.7167 0.0205 0.3829 80 200 120
2.0745 0.7331 0.3751 80 200 120
4.2102 0.5123 0.4430 80 200 120
4.2278 -4.3461 -2.9479 80 200 120
3.7381 -3.0671 -1.6795 80 200 120
2.6101 0.5860 -1.7623 80 200 120
5.4567 2.4423 -1.5071 80 200 120
2.2542 1.3251 -2.2429 80 200 120
-0.1196 1.0479 -2.0677 80 200 120
3.3536 0.5977 -1.8573 80 200 120
5.6230 6.6263 0.2682 80 200 120
5.2286 6.8125 0.3043 80 200 120
4.3501 4.1079 0.3753 80 200 120
5.8534 5.3995 0.3743 80 200 120
4.5789 2.9939 0.3785 80 200 120
6.1374 6.4870 0.0625 80 200 120
6.7641 6.1767 -0.2199 80 200 120
4.9524 3.4249 0.3563 80 200 120
4.9466 5.7276 0.3831 80 200 120
6.1788 3.2392 -1.5312 80 200 120
6.2654 3.0192 -1.5060 80 200 120
6.3779 5.0268 -1.6175 80 200 120
6.7773 4.6371 -1.3918 80 200 120
3.0864 6.8394 -0.0897 80 200 120
5.2121 5.7682 0.3872 80 200 120
6.0245 4.3073 -2.7749 80 200 120
5.3122 4.4078 -2.8329 80 200 120
5.6892 3.9946 -2.8899 80 200 120
4.7718 3.1427 -2.8925 80 200 120
5.5776 4.8746 -2.8108 80 200 120
3.3640 4.5637 -1.6733 80 200 120
0.8667 6.5129 -2.0462 80 200 120
2.9805 2.8640 -2.8536 80 200 120
1.0687 6.9730 -0.6008 80 200 120
7.0544 6.0926 -1.2274 80 200 120
1.3682 4.6126 -2.8326 80 200 120
0.7170 4.6904 -2.1581 80 200 120
0.9794 5.5093 -2.2996 80 200 120
6.3017 3.5453 -2.5581 80 200 120
0.7750 3.7890 -2.8376 80 200 120
0.9709 4.1057 -2.7218 80 200 120
3.3542 2.7224 -2.8417 80 200 120
3.3371 5.4008 -1.1615 80 200 120
1.0446 7.1038 -2.2161 80 200 120
0.8060 5.7419 -2.6532 80 200 120
0.9983 3.5846 -2.8585 80 200 120
5.3124 3.4743 -2.8400 80 200 120
5.0663 0.5957 -3.2455 80 200 120
4.4053 -1.5350 0.1598 80 200 120
7.6583 5.0615 -0.0834 80 200 120
2.7585 0.4571 -1.8024 80 200 120
6.7097 5.1945 -1.4046 80 200 120
6.9718 5.0703 -1.3111 80 200 120
6.5163 2.5033 -1.5339 80 200 120
2.7073 2.6212 -2.7804 80 200 120
6.3154 3.9911 -1.3763 80 200 120
6.2263 3.7327 -1.6555 80 200 120
7.0322 6.0619 -1.2189 80 200 120
3.4126 0.8791 -2.7398 80 200 120
5.1536 0.9661 -1.7937 80 200 120
4.6760 -0.6227 -1.9784 80 200 120
1.4363 4.5802 -2.8241 80 200 120
-2.1299 -0.3106 0.2560 80 200 120
4.9311 2.8370 -2.3961 80 200 120
0.8263 6.0078 -2.7612 80 200 120
2.3483 2.1754 -1.7926 80 200 120
1.0465 5.3208 -2.8967 80 200 120
-2.9476 -0.9263 -0.3250 80 200 120
-1.7980 -0.2233 0.4713 80 200 120
-1.8547 0.7705 -0.4195 80 200 120
-2.2803 -0.2432 0.0394 80 200 120
-1.7930 0.7175 0.2812 80 200 120
0.7213 4.6537 -2.2862 80 200 120
-1.0332 2.3047 0.4426 80 200 120
3.5540 5.6985 0.1887 80 200 120
-0.8268 0.4670 0.4409 80 200 120
0.9563 0.7477 0.4002 80 200 120
1.0203 4.0396 -2.7347 80 200 120
0.4312 3.4109 -2.1668 80 200 120
0.4080 4.1097 -2.1116 80 200 120
-0.1173 3.1073 -2.6185 80 200 120
1.0162 4.2232 -2.7649 80 200 120
0.7344 6.0250 -2.7830 80 200 120
0.7610 4.1831 -2.2556 80 200 120
0.7228 3.9051 -2.2385 80 200 120
1.8199 -0.0618 -0.1491 80 200 120
5.0214 1.1435 0.4109 80 200 120
4.9050 -1.7980 -0.5559 80 200 120
5.1974 0.9757 0.2871 80 200 120
-1.2414 1.7721 -0.8917 80 200 120
4.5014 -3.1858 -1.8402 80 200 120
1.7001 -0.1632 -2.9556 80 200 120
1.3265 1.6111 -2.0483 80 200 120
-1.3986 1.4779 -1.2734 80 200 120
4.7326 0.1156 -2.0280 80 200 120
-0.1723 0.6589 -2.2397 80 200 120
4.1584 7.1861 0.3209 80 200 120
4.8589 6.9943 -0.0202 80 200 120
5.3316 6.8660 -0.6762 80 200 120
6.5031 6.1833 0.3634 80 200 120
4.1027 5.2378 0.3652 80 200 120
5.5174 5.2089 0.3797 80 200 120
6.0115 6.5657 -0.6435 80 200 120
5.1025 2.8593 0.3956 80 200 120
4.2224 4.6194 0.3897 80 200 120
5.6802 1.6566 0.2041 80 200 120
6.4601 4.9100 -1.4094 80 200 120
6.2587 6.4797 -2.8667 80 200 120
7.3722 5.8343 -1.1757 80 200 120
2.9767 8.0615 -0.0474 80 200 120
4.2255 7.3242 -1.6339 80 200 120
1.6690 3.5857 -2.8181 80 200 120
3.4576 3.3000 -2.8183 80 200 120
1.7184 3.3435 -2.8441 80 200 120
6.2264 4.1378 -2.0459 80 200 120
3.1318 6.3939 -1.8230 80 200 120
1.0653 5.1948 -2.7866 80 200 120
4.5117 5.1201 -1.7373 80 200 120
0.8131 6.1694 -2.7549 80 200 120
3.3077 7.5232 -1.8084 80 200 120
1.2195 6.9559 -2.7207 80 200 120
6.8990 5.0139 -1.3403 80 200 120
0.9480 4.9181 -2.7723 80 200 120
1.4916 7.3792 -2.6108 80 200 120
1.6444 4.3427 -2.7998 80 200 120
3.1272 3.1258 -2.8460 80 200 120
3.0042 8.1367 -1.1118 80 200 120
5.4221 1.9859 -2.6532 80 200 120
4.8140 0.4823 -3.1187 80 200 120
5.2865 1.7666 -2.7091 80 200 120
4.6541 0.3489 -3.1039 80 200 120
3.9906 1.7405 -2.8012 80 200 120
5.3136 1.8827 -2.6598 80 200 120
5.2467 2.3422 -2.4643 80 200 120
5.2015 1.7254 -2.1272 80 200 120
6.2536 3.4684 -1.5391 80 200 120
2.8154 2.2907 -2.7762 80 200 120
6.5683 5.1097 -1.5957 80 200 120
6.1980 3.5536 -2.6528 80 200 120
2.4980 0.5081 -2.6236 80 200 120
6.3445 3.1560 -1.5174 80 200 120
5.6802 2.4990 -1.5114 80 200 120
3.3381 2.3415 -2.8101 80 200 120
0.6869 3.5421 -2.7561 80 200 120
3.6513 1.3447 -2.7769 80 200 120
0.2784 0.4724 -2.7374 80 200 120
5.5514 0.4300 -2.9888 80 200 120
-0.2697 0.8544 -2.7789 80 200 120
5.1171 0.5613 -2.9264 80 200 120
3.7553 0.6372 -2.0147 80 200 120
1.5530 -0.0722 -0.7719 80 200 120
1.2956 6.7552 -2.6963 80 200 120
4.5964 0.6110 -2.6909 80 200 120
5.0959 -0.3753 -1.8946 80 200 120
-1.3870 1.3374 0.2509 80 200 120
1.0269 6.4791 -2.7414 80 200 120
5.1784 0.5827 -3.3510 80 200 120
3.1193 2.3504 -2.8418 80 200 120
0.7728 6.5731 -0.9024 80 200 120
0.4432 3.5972 -2.2574 80 200 120
-2.4214 0.1970 -2.3904 80 200 120
4.1168 -1.8391 0.6356 80 200 120
1.6503 0.2012 0.2344 80 200 120
4.5744 -1.9992 0.2655 80 200 120
3.3637 0.2879 0.3697 80 200 120
5.7112 0.3878 -0.1829 80 200 120
2.6337 1.7621 0.4003 80 200 120
3.8502 1.0075 0.3489 80 200 120
4.6798 -0.5109 0.3620 80 200 120
5.6591 1.2035 0.2093 80 200 120
5.0431 1.2993 -1.8263 80 200 120
3.5919 -3.3880 -0.8705 80 200 120
-0.9717 2.3507 0.2231 80 200 120
2.0867 0.0131 -2.7452 80 200 120
-0.4403 3.1628 0.2186 80 200 120
1.9272 0.1272 -2.2542 80 200 120
3.3238 5.8699 0.0132 80 200 120
6.6074 6.2938 -0.5596 80 200 120
6.8985 6.0477 0.2781 80 200 120
5.2574 5.4795 0.3892 80 200 120
5.8183 6.6018 -1.1292 80 200 120
4.6408 6.9415 0.2817 80 200 120
5.9780 3.8882 0.4206 80 200 120
5.3670 4.1025 0.4102 80 200 120
4.5736 4.5208 0.3728 80 200 120
6.7038 5.2373 -2.4764 80 200 120
6.4356 4.7390 -2.2802 80 200 120
6.1815 4.2552 -2.1248 80 200 120
4.6369 5.4075 -1.7468 80 200 120
2.9008 5.2604 -0.5771 80 200 120
6.4447 5.6672 -2.8999 80 200 120
2.4774 5.4035 -0.5470 80 200 120
5.3465 3.3626 -3.0741 80 200 120
6.5617 5.1021 -1.6019 80 200 120
1.3661 6.5131 -2.8728 80 200 120
6.1357 3.9234 -2.4260 80 200 120
7.1705 6.0792 -1.1165 80 200 120
7.3159 5.9033 -2.7583 80 200 120
6.2167 4.3211 -2.0192 80 200 120
1.4880 7.6593 -2.1393 80 200 120
0.9140 3.6862 -2.6873 80 200 120
0.8715 4.7060 -2.4308 80 200 120
0.8992 3.9958 -2.7841 80 200 120
6.8745 6.2543 -1.6711 80 200 120
0.8854 5.4254 -2.6335 80 200 120
7.1191 6.0586 -1.4145 80 200 120
2.1112 6.5494 -1.0006 80 200 120
1.1791 4.1487 -2.8806 80 200 120
0.7123 6.1366 -2.3840 80 200 120
3.3538 7.6089 -0.8913 80 200 120
0.5761 4.6982 -2.1794 80 200 120
4.3945 4.8022 -1.6985 80 200 120
1.3752 6.0378 -2.8720 80 200 120
3.9054 3.5549 -2.8255 80 200 120
4.7712 0.8120 -3.0913 80 200 120
5.1675 2.4387 -2.4750 80 200 120
5.6959 0.7644 -3.1505 80 200 120
4.3723 0.9658 -2.8678 80 200 120
5.2933 1.8494 -2.6701 80 200 120
5.3586 0.8157 -2.8827 80 200 120
5.8359 3.0351 -2.9449 80 200 120
2.4844 2.6388 -2.6051 80 200 120
2.7147 2.0844 -2.5284 80 200 120
6.4184 4.5539 -1.3785 80 200 120
6.4479 4.2882 -1.4014 80 200 120
2.4391 1.6126 -2.2785 80 200 120
0.5512 3.8499 -2.1968 80 200 120
3.2513 0.9573 -2.8055 80 200 120
2.7489 2.4198 -2.5552 80 200 120
1.9207 -2.6935 -1.1608 80 200 120
2.1925 1.2914 -1.8848 80 200 120
-1.1725 2.6929 0.1590 80 200 120
2.1352 1.5816 -1.7744 80 200 120
1.1628 4.1080 -2.8968 80 200 120
2.9012 2.9029 -2.8748 80 200 120
3.0626 4.2141 -2.5048 80 200 120
1.9556 2.9439 0.3772 80 200 120
-1.6482 -0.7896 0.0693 80 200 120
-0.7606 -0.3028 0.4684 80 200 120
1.4560 6.6296 -2.5535 80 200 120
1.9301 0.1033 0.3628 80 200 120
3.9403 0.7372 0.3170 80 200 120
3.7260 -1.3485 0.5286 80 200 120
5.1984 -0.2292 -2.0294 80 200 120
0.7002 0.8751 -2.2180 80 200 120
-2.3232 -0.3988 -1.1946 80 200 120
3.9911 2.2732 -1.8594 80 200 120
4.9160 -10.1333 -4.2483 80 200 120
4.5167 -0.5834 -2.5283 80 200 120
4.1349 6.0848 0.3567 80 200 120
6.3234 5.4436 0.3557 80 200 120
3.4695 5.0579 0.2408 80 200 120
3.7887 5.8196 0.4005 80 200 120
6.6813 5.2144 0.4448 80 200 120
6.0396 3.3704 -1.5082 80 200 120
7.1243 2.4706 -1.6398 80 200 120
5.6567 6.7144 -0.1782 80 200 120
6.7738 5.1729 -2.9091 80 200 120
5.5978 5.7575 -2.4400 80 200 120
6.5773 4.9361 -1.8697 80 200 120
6.7581 2.9251 -1.5596 80 200 120
5.7484 6.6205 -1.7267 80 200 120
5.9344 3.7771 -2.8886 80 200 120
1.0360 6.5385 -2.6954 80 200 120
2.9116 9.8783 1.6435 80 200 120
1.6635 6.6860 -2.8626 80 200 120
1.1044 3.3536 -2.8449 80 200 120
1.7070 3.5859 -2.7996 80 200 120
1.0765 5.8096 -2.8303 80 200 120
5.9135 3.9387 -2.7339 80 200 120
1.7231 7.4076 -2.8665 80 200 120
0.9075 4.4338 -2.2199 80 200 120
3.7900 7.4887 -0.3237 80 200 120
1.0989 3.0949 -2.8333 80 200 120
6.3145 4.8978 -1.9987 80 200 120
5.2816 6.7511 -0.6839 80 200 120
5.9139 3.3227 -2.8879 80 200 120
6.3374 4.6678 -1.7506 80 200 120
3.3720 4.4777 -1.6469 80 200 120
3.4481 5.0186 -1.7270 80 200 120
1.8117 3.1298 -2.7370 80 200 120
4.8506 0.5887 -3.1331 80 200 120
5.1704 2.3458 -2.5315 80 200 120
5.0310 2.5647 -2.4155 80 200 120
4.9208 1.3473 -2.5554 80 200 120
3.9071 1.0601 -2.7707 80 200 120
5.0839 2.5330 -1.7536 80 200 120
4.8597 2.2655 -2.4499 80 200 120
2.3077 0.0176 -1.7165 80 200 120
6.3018 3.2055 -1.4999 80 200 120
5.6054 2.7791 -1.9363 80 200 120
1.9661 3.5852 -2.8554 80 200 120
3.1010 2.0753 -2.6047 80 200 120
3.7023 1.1925 -2.6571 80 200 120
0.2128 4.1398 -2.1734 80 200 120
1.7860 -2.3385 -0.6973 80 200 120
-1.1468 2.2662 0.2666 80 200 120
1.9110 4.0507 -2.8599 80 200 120
4.7120 0.2456 -1.9171 80 200 120
0.9561 6.2559 -2.8083 80 200 120
0.6752 1.5338 -2.8471 80 200 120
1.0855 5.4305 -2.7942 80 200 120
0.5042 3.6137 -2.2300 80 200 120
0.1812 3.8502 -2.1361 80 200 120
2.4458 6.4116 -0.9760 80 200 120
0.1766 3.3846 -2.1411 80 200 120
-1.7362 -0.0351 -1.1928 80 200 120
-0.6965 3.2966 0.3228 80 200 120
1.6719 6.7016 -2.8846 80 200 120
-1.0928 2.1306 -2.8422 80 200 120
3.4367 5.1661 -0.2060 80 200 120
0.6935 3.9613 -2.4126 80 200 120
3.0209 5.1577 -1.0186 80 200 120
-0.6107 -1.2826 -0.6330 80 200 120
1.7394 6.1912 -2.8326 80 200 120
1.8131 -0.0082 -0.7946 80 200 120
5.0030 0.7134 0.3004 80 200 120
2.1937 -0.7171 0.4555 80 200 120
3.0139 1.4840 0.4069 80 200 120
5.3474 0.8666 0.1420 80 200 120
4.7320 -1.0140 -1.5321 80 200 120
2.7846 -0.6834 0.5265 80 200 120
1.9970 0.4784 -2.6811 80 200 120
3.5365 1.1105 -1.8779 80 200 120
2.5569 0.8098 -2.1263 80 200 120
3.5520 1.3041 -2.1119 80 200 120
2.4190 0.2594 -2.8154 80 200 120
3.0965 -0.6027 -2.1808 80 200 120
5.2644 0.3741 -1.9273 80 200 120
-1.7095 0.9201 -0.2826 80 200 120
6.3998 6.3675 -1.7519 80 200 120
4.5122 5.4155 0.3931 80 200 120
4.4619 6.0216 0.4126 80 200 120
5.5739 2.7222 0.4207 80 200 120
3.7902 7.5295 -0.2977 80 200 120
3.1073 7.3088 -0.3113 80 200 120
6.7917 2.5979 -0.9461 80 200 120
6.7251 4.3528 -1.3666 80 200 120
3.2067 4.8517 0.2195 80 200 120
3.4157 5.1214 -0.0444 80 200 120
3.4283 4.9294 0.3300 80 200 120
7.5949 5.9124 -2.9047 80 200 120
4.3391 7.2833 -0.7888 80 200 120
3.2678 5.7029 -0.5847 80 200 120
2.3433 6.1610 -0.1025 80 200 120
6.0757 1.2574 0.5127 80 200 120
6.1437 3.5422 -2.4682 80 200 120
1.9599 6.0258 -2.8650 80 200 120
2.2305 6.5677 -2.7677 80 200 120
0.4675 3.6046 -2.8883 80 200 120
0.7042 4.1856 -2.2755 80 200 120
7.1215 5.7217 -1.1955 80 200 120
0.4327 7.5633 -0.8994 80 200 120
3.5175 6.1265 -2.1309 80 200 120
3.3095 4.5916 -1.1239 80 200 120
1.7041 5.2414 -2.8576 80 200 120
1.4237 6.9513 -0.1043 80 200 120
0.7477 3.9763 -2.3848 80 200 120
3.3150 6.1905 -1.8144 80 200 120
4.5409 1.3005 -2.9139 80 200 120
5.2857 2.5371 -2.4988 80 200 120
5.2527 1.9853 -2.6596 80 200 120
5.1311 1.5918 -2.8137 80 200 120
5.3951 1.9683 -2.7099 80 200 120
5.3271 2.1621 -2.5628 80 200 120
3.7559 1.2977 -2.4071 80 200 120
6.3510 4.7844 -2.7952 80 200 120
2.8318 2.3101 -2.1883 80 200 120
5.6680 3.2366 -1.4568 80 200 120
1.8606 -0.3600 -2.6564 80 200 120
5.4375 3.2401 -2.5714 80 200 120
4.1435 -2.9254 -0.0934 80 200 120
6.1369 4.2410 -2.1160 80 200 120
7.2831 6.0506 -0.4505 80 200 120
4.7938 -1.3043 -0.6507 80 200 120
0.4843 3.4537 -2.2562 80 200 120
0.8476 4.1105 -2.2375 80 200 120
4.2152 1.1925 -2.8898 80 200 120
3.1205 1.5059 -2.6089 80 200 120
2.6442 2.2977 -1.8820 80 200 120
2.7397 2.1457 -2.1905 80 200 120
1.6529 4.8330 -2.8181 80 200 120
2.1651 1.7817 -1.9077 80 200 120
1.8177 -0.1536 -0.1344 80 200 120
3.7759 -3.7952 -1.6781 80 200 120
-0.8973 2.7457 0.0693 80 200 120
3.1667 -2.7900 0.0739 80 200 120
-2.1734 -0.2763 -1.0676 80 200 120
0.2719 5.2601 -2.1139 80 200 120
1.5423 7.5010 -2.6167 80 200 120
1.0226 7.1544 -2.8180 80 200 120
-1.2213 2.0244 -2.3063 80 200 120
1.2049 7.8302 -3.1261 80 200 120
3.4282 4.9176 0.3160 80 200 120
0.9275 6.6401 -2.2863 80 200 120
0.9944 7.1352 -1.8110 80 200 120
0.8974 5.4492 -2.3600 80 200 120
2.0151 0.3178 0.2821 80 200 120
5.2796 5.7723 0.4317 80 200 120
2.4109 0.4460 0.3750 80 200 120
5.3386 0.8869 -0.8118 80 200 120
5.3555 -1.3845 -1.6449 80 200 120
2.0180 2.4659 0.3574 80 200 120
2.8584 0.7327 -1.8788 80 200 120
0.4794 -1.6055 -0.8039 80 200 120
4.2818 -2.9722 -2.7190 80 200 120
1.4324 0.4295 -2.1111 80 200 120
4.0698 -1.7119 -3.1631 80 200 120
-1.1562 0.0327 -2.3671 80 200 120
5.4011 6.8407 -1.0810 80 200 120
6.4313 6.3622 -1.0859 80 200 120
7.1415 4.7746 0.4108 80 200 120
6.2829 3.6728 0.3650 80 200 120
6.7158 6.1530 -1.6648 80 200 120
4.2616 7.2535 -0.0266 80 200 120
7.7132 5.5918 0.3093 80 200 120
6.9397 5.8900 -2.7968 80 200 120
6.4711 2.2598 0.3448 80 200 120
7.0023 5.1583 -1.3113 80 200 120
6.1417 4.2561 -2.0997 80 200 120
5.7461 6.6416 -1.7463 80 200 120
6.6594 6.2980 -2.2704 80 200 120
6.1637 3.9440 -1.4117 80 200 120
6.8313 4.9053 -1.3713 80 200 120
1.0387 2.8601 -2.7850 80 200 120
2.5129 2.6572 -2.8042 80 200 120
1.6985 4.8459 -2.8111 80 200 120
5.0291 6.9561 -1.2640 80 200 120
1.5306 5.6199 -2.8569 80 200 120
1.6045 3.8398 -2.8665 80 200 120
3.4447 4.6620 -1.6628 80 200 120
4.5677 5.0204 -1.7753 80 200 120
1.8139 2.7375 -2.8530 80 200 120
0.7965 5.5922 -2.3660 80 200 120
2.5087 6.0092 -2.7148 80 200 120
1.2492 6.7573 -0.6563 80 200 120
2.9848 2.6320 -2.8440 80 200 120
1.3293 3.9402 -2.8633 80 200 120
0.8793 4.1151 -2.6117 80 200 120
1.0342 5.5451 -2.8253 80 200 120
3.3578 2.6965 -2.8550 80 200 120
3.3415 2.9980 -2.8713 80 200 120
5.3005 3.3771 -2.7019 80 200 120
4.9949 2.8927 -2.3940 80 200 120
4.3255 1.0738 -2.8894 80 200 120
5.1609 2.4068 -2.4703 80 200 120
5.5633 0.5629 -2.4065 80 200 120
5.7874 0.6663 -1.9592 80 200 120
5.1311 1.0882 0.3023 80 200 120
1.5741 -0.8835 -2.1558 80 200 120
4.8503 -2.4442 -1.2216 80 200 120
3.7894 -3.2453 -1.5246 80 200 120
2.7540 0.7347 -1.9125 80 200 120
7.0603 6.0912 -1.2357 80 200 120
3.6395 -3.5173 -0.9309 80 200 120
0.8483 3.7787 -2.8432 80 200 120
2.8817 2.4224 -2.1425 80 200 120
2.2781 2.2527 -2.5579 80 200 120
4.4080 2.8402 -1.8491 80 200 120
1.9596 1.7421 -2.2665 80 200 120
-1.1070 1.8984 0.2036 80 200 120
1.3709 5.6101 -2.8610 80 200 120
4.5546 -0.4063 -1.9537 80 200 120
4.7653 2.5769 -2.0702 80 200 120
4.0192 1.6395 -1.2624 80 200 120
1.7261 6.5907 -2.8402 80 200 120
-2.5937 -0.6942 -0.3935 80 200 120
1.0452 7.1474 -2.8287 80 200 120
4.4966 1.9976 -2.7634 80 200 120
0.9891 0.6505 0.3691 80 200 120
5.2879 6.9354 0.3852 80 200 120
0.5673 4.7646 -2.1852 80 200 120
2.8140 5.6492 -0.9129 80 200 120
1.7527 7.9319 -2.4151 80 200 120
2.7844 5.7809 -0.4550 80 200 120
0.1348 0.3509 -2.3742 80 200 120
4.1483 2.9772 -1.4486 80 200 120
-0.2402 0.4190 -2.3016 80 200 120
-1.0595 1.9598 -0.1914 80 200 120
5.2761 -0.2931 -0.0242 80 200 120
4.7224 -2.2042 -1.1119 80 200 120
5.9668 2.3277 -1.5461 80 200 120
-2.0486 0.3835 -1.5510 80 200 120
-1.5367 1.0777 -0.7658 80 200 120
3.6467 7.1898 0.1439 80 200 120
7.3343 5.9051 0.3564 80 200 120
6.4441 3.9986 0.4211 80 200 120
6.6214 3.6530 0.3665 80 200 120
6.8273 5.2618 -2.5528 80 200 120
6.3424 3.2729 -1.5503 80 200 120
6.0529 3.8032 -1.5774 80 200 120
3.4518 7.2281 -0.4830 80 200 120
3.3671 7.7563 -0.9277 80 200 120
7.5792 5.8499 -2.9039 80 200 120
6.9314 5.1862 -1.6560 80 200 120
6.6887 4.9742 -1.9912 80 200 120
6.1363 3.9197 -1.7133 80 200 120
5.4469 5.9297 -2.1605 80 200 120
7.4386 4.1237 0.0039 80 200 120
6.5935 5.1600 -2.7677 80 200 120
2.7352 5.6515 -2.6199 80 200 120
0.1716 4.6871 -1.8378 80 200 120
1.8218 4.2471 -2.8530 80 200 120
1.6758 3.0472 -2.8551 80 200 120
2.9999 2.8867 -2.8294 80 200 120
2.1494 6.6885 -0.2198 80 200 120
6.0830 4.4011 -2.8102 80 200 120
3.7879 6.9716 -2.5826 80 200 120
6.0005 0.1941 -2.4631 80 200 120
5.0090 3.6312 -2.4049 80 200 120
5.7628 0.9977 -2.2945 80 200 120
5.6118 1.4952 -2.2979 80 200 120
6.0707 2.4416 -1.5114 80 200 120
5.4496 2.4224 -1.6979 80 200 120
5.1957 5.4092 -2.1382 80 200 120
3.1591 2.0677 -2.7416 80 200 120
-0.7047 3.3314 -1.6653 80 200 120
0.3933 3.0608 -2.4216 80 200 120
1.0504 1.2137 -2.7694 80 200 120
-0.7695 1.2279 -3.0111 80 200 120
0.9776 6.5969 -2.7666 80 200 120
-1.0974 2.6008 -2.3271 80 200 120
1.7187 8.1764 -1.8234 80 200 120
1.1813 7.1040 -1.1457 80 200 120
1.1270 5.4317 -2.7666 80 200 120
0.7305 4.9752 -2.3541 80 200 120
0.9553 4.5216 -2.2625 80 200 120
0.2663 4.1774 -2.1450 80 200 120
0.6227 4.4782 -2.1245 80 200 120
0.8600 6.0241 -2.6890 80 200 120
0.8794 4.0002 -2.2250 80 200 120
1.5416 7.7326 0.2568 80 200 120
1.1508 6.9412 -2.6996 80 200 120
2.0267 7.5584 -1.2164 80 200 120
0.1587 3.2235 -2.2714 80 200 120
0.1067 3.8665 -2.1818 80 200 120
0.2607 -0.1932 0.4149 80 200 120
4.3995 0.3185 -2.5969 80 200 120
4.3767 -1.1495 -2.6139 80 200 120
-0.0155 -0.5092 -2.5548 80 200 120
4.2429 0.3585 -2.8620 80 200 120
3.5344 0.9229 -1.9266 80 200 120
2.9271 0.9569 -1.6845 80 200 120
3.8135 0.6403 -2.3044 80 200 120
3.4719 4.4640 0.4143 80 200 120
4.4441 5.0257 0.3648 80 200 120
6.7827 3.8893 0.3395 80 200 120
6.2883 5.5689 -2.7239 80 200 120
7.0639 6.0681 -2.7629 80 200 120
3.4074 5.4138 -0.0171 80 200 120
6.7328 2.3018 -0.7730 80 200 120
6.0882 3.9546 -1.8992 80 200 120
7.3128 2.6582 -1.6934 80 200 120
4.3467 7.2803 -1.6279 80 200 120
4.2181 7.4080 -2.0299 80 200 120
6.2345 2.0708 0.2506 80 200 120
3.0045 5.1591 -2.5210 80 200 120
5.4335 3.6975 -2.5151 80 200 120
0.7709 3.9680 -2.3949 80 200 120
2.2833 5.6864 -2.8308 80 200 120
0.5741 3.3108 -2.7555 80 200 120
0.6576 3.6168 -2.8088 80 200 120
2.5601 4.9559 -2.7804 80 200 120
1.0169 6.9273 -0.9845 80 200 120
5.5968 4.0034 -2.5581 80 200 120
2.8255 5.4546 -2.6633 80 200 120
2.2030 4.9431 -2.8399 80 200 120
1.9522 4.4311 -2.8174 80 200 120
2.2633 4.5873 -2.7827 80 200 120
2.1990 6.0694 -2.8688 80 200 120
5.2197 4.0485 -2.4248 80 200 120
4.2683 1.2756 -2.8771 80 200 120
5.5896 1.9050 -2.2470 80 200 120
3.7161 1.0668 -2.0811 80 200 120
2.6748 2.0425 -2.1035 80 200 120
2.8250 2.5468 -2.8343 80 200 120
2.9095 2.5662 -2.0568 80 200 120
2.9177 2.5186 -2.5732 80 200 120
2.9171 2.5940 -2.2971 80 200 120
3.3770 2.6911 -2.8603 80 200 120
3.3576 3.0268 -2.8601 80 200 120
2.2389 0.7802 -2.1217 80 200 120
6.4045 4.5589 -1.3613 80 200 120
0.8322 4.5471 -2.2187 80 200 120
3.7613 1.1643 -2.4278 80 200 120
4.0872 0.6182 -2.9064 80 200 120
4.3407 -0.2286 -3.0576 80 200 120
4.1730 1.6268 -2.8030 80 200 120
4.6597 -1.6897 -1.3149 80 200 120
1.0018 3.5652 -2.8566 80 200 120
1.7534 -2.4488 -0.7254 80 200 120
5.4315 2.4183 -2.3812 80 200 120
2.4873 6.4849 -3.6056 80 200 120
2.7555 5.8453 -3.2488 80 200 120
3.7770 -2.9102 -1.5691 80 200 120
1.2510 6.8939 -2.6984 80 200 120
0.6281 6.3022 0.3904 80 200 120
-0.5117 2.4282 -1.3681 80 200 120
1.1143 7.2786 -0.6290 80 200 120
0.8181 4.2488 -2.2137 80 200 120
-1.9805 0.4358 -1.4828 80 200 120
3.3336 -1.2644 0.5022 80 200 120
0.0392 0.2639 -2.3941 80 200 120
1.9041 -1.7511 -0.7585 80 200 120
3.7026 -3.0482 -3.7442 80 200 120
-2.1376 -0.2592 -0.9992 80 200 120
7.3499 4.3882 0.1969 80 200 120
7.3451 5.4640 0.4636 80 200 120
3.6950 6.2076 0.3628 80 200 120
8.0526 5.3023 -0.1309 80 200 120
7.4155 5.7628 -2.8097 80 200 120
6.6172 4.7905 -2.3700 80 200 120
6.4622 4.9170 -1.9072 80 200 120
0.9752 4.4401 -2.1926 80 200 120
-0.0025 4.1590 -2.2349 80 200 120
1.1735 7.1341 -1.0809 80 200 120
1.6143 3.5697 -2.8479 80 200 120
3.1335 4.9090 -2.5504 80 200 120
3.1496 4.9167 -2.2859 80 200 120
2.8834 4.9962 -2.8332 80 200 120
4.7425 2.6301 -2.2920 80 200 120
4.8909 1.2538 -3.0571 80 200 120
6.2959 0.0701 -3.1522 80 200 120
4.3216 2.6305 -2.3526 80 200 120
6.9230 5.2277 -1.7709 80 200 120
6.3688 4.7330 -2.2776 80 200 120
5.4087 3.0588 -1.4693 80 200 120
5.0412 3.4689 -1.3968 80 200 120
-1.1222 2.5275 -2.3414 80 200 120
1.5931 2.9926 -2.8114 80 200 120
4.5346 1.4400 -1.7412 80 200 120
4.8502 2.2119 -2.1602 80 200 120
5.3450 0.7761 -1.9226 80 200 120
0.8825 7.0616 -0.9518 80 200 120
-1.1924 2.0777 -2.2782 80 200 120
0.8486 6.6896 -2.2954 80 200 120
-0.2749 4.3029 -1.2073 80 200 120
0.6987 4.0178 -2.2215 80 200 120
3.2790 0.8824 0.4201 80 200 120
5.7278 -17.2623 -8.1703 80 200 120
5.7099 0.5415 -0.1431 80 200 120
5.6167 2.3317 -1.5214 80 200 120
7.1290 2.1968 -1.7004 80 200 120
6.3414 2.0520 -1.6356 80 200 120
-1.4531 -1.0471 0.3020 80 200 120
7.4462 1.6096 -1.6512 80 200 120
-0.4060 -2.6983 -1.9645 80 200 120
7.1398 6.0701 -0.3651 80 200 120
7.3417 5.1132 0.3438 80 200 120
7.0728 3.7469 0.1706 80 200 120
5.0336 6.9696 -1.2418 80 200 120
3.5595 7.4217 -0.1955 80 200 120
6.1607 4.3308 -1.8513 80 200 120
6.9659 5.2516 -2.4759 80 200 120
6.1391 5.5030 -2.5658 80 200 120
7.2925 5.3781 -2.1200 80 200 120
3.4377 5.1713 -0.6826 80 200 120
3.4421 5.1962 -0.0222 80 200 120
4.9400 7.0538 -0.3337 80 200 120
2.8466 5.3852 -2.8893 80 200 120
2.7709 5.5365 -2.5122 80 200 120
0.4580 4.4826 -2.1544 80 200 120
3.4444 5.0489 -2.2674 80 200 120
3.8013 6.0735 -2.8474 80 200 120
0.6077 3.9932 -2.2307 80 200 120
3.1933 4.8434 -2.6952 80 200 120
5.2356 3.8522 -2.4027 80 200 120
5.0734 2.6415 -1.8736 80 200 120
5.9651 3.9244 -2.7592 80 200 120
5.4446 3.7828 -2.4251 80 200 120
5.0390 3.7458 -2.2739 80 200 120
5.7652 3.8589 -2.4585 80 200 120
4.2407 1.4674 -2.9077 80 200 120
5.2311 -0.6124 -1.5279 80 200 120
2.8371 2.5753 -2.8069 80 200 120
2.6605 2.6568 -2.7720 80 200 120
7.8642 5.6086 0.3076 80 200 120
7.6330 5.7949 -0.3717 80 200 120
2.5251 -0.0439 -1.7076 80 200 120
3.2301 3.4070 -2.2136 80 200 120
0.5143 3.2630 -2.5252 80 200 120
-0.6543 3.3625 -1.1375 80 200 120
5.1234 0.3676 -2.9070 80 200 120
0.9152 4.3298 -2.2379 80 200 120
1.3275 -0.3148 0.2134 80 200 120
-0.1026 3.4580 -2.2005 80 200 120
-0.6446 3.4675 -0.6582 80 200 120
0.0911 0.1749 -2.3245 80 200 120
3.0454 5.1177 -2.9277 80 200 120
2.9523 5.3529 -2.9499 80 200 120
0.9887 7.2840 -2.8970 80 200 120
3.1913 4.8553 -2.8126 80 200 120
-2.1709 -1.0548 -1.9407 80 200 120
1.2218 7.4056 -2.3140 80 200 120
0.8406 4.2759 -2.2206 80 200 120
3.4388 4.8871 0.2022 80 200 120
1.0579 1.4662 0.4004 80 200 120
-1.0170 2.7633 -0.3801 80 200 120
-0.1262 4.5591 -1.1200 80 200 120
0.8283 5.6325 -2.6258 80 200 120
0.8287 5.2680 -2.3227 80 200 120
0.7878 5.0418 -2.1475 80 200 120
0.8576 4.6935 -2.4765 80 200 120
-2.0496 0.5261 -2.2458 80 200 120
1.4481 7.4055 -2.6038 80 200 120
-0.9552 2.8091 -2.2988 80 200 120
1.5382 0.2675 0.4241 80 200 120
0.6117 6.1007 -2.6585 80 200 120
0.3305 5.4149 -1.2363 80 200 120
3.8117 1.4090 0.4824 80 200 120
5.5943 1.4835 -2.5941 80 200 120
3.8855 1.2064 -2.6987 80 200 120
-1.7240 1.3069 -1.2862 80 200 120
4.4424 0.1159 -2.6783 80 200 120
3.8758 0.1433 -2.0412 80 200 120
3.2747 1.2440 -1.7325 80 200 120
5.0585 -0.5124 -3.2278 80 200 120
-1.3214 1.8040 -0.7225 80 200 120
-0.9592 2.9055 0.0981 80 200 120
-1.0481 2.3649 0.2459 80 200 120
4.6660 1.9281 -2.3279 80 200 120
1.3196 3.6981 0.4072 80 200 120
7.3457 4.0383 -0.4482 80 200 120
3.4229 4.9982 -0.0722 80 200 120
6.1753 6.3036 -2.2181 80 200 120
3.2056 4.8622 0.2635 80 200 120
5.0002 3.4689 0.3606 80 200 120
6.3705 4.1931 -1.3820 80 200 120
3.4203 4.9063 0.1847 80 200 120
4.0066 7.3366 -1.2824 80 200 120
4.1237 5.7635 0.4164 80 200 120
7.2909 3.4667 -1.1542 80 200 120
4.6727 3.5055 0.3710 80 200 120
3.4479 4.9480 -2.6381 80 200 120
3.4076 4.9228 -2.2551 80 200 120
0.8739 4.2508 -2.2174 80 200 120
3.3615 4.8776 -2.7658 80 200 120
4.1346 2.0120 -2.8233 80 200 120
4.1397 1.8608 -2.8770 80 200 120
5.2919 2.5215 -2.4369 80 200 120
5.0720 2.5878 -2.3651 80 200 120
4.1174 2.2454 -2.7339 80 200 120
4.7689 3.9136 -2.1589 80 200 120
4.3769 2.2544 -2.6102 80 200 120
4.6367 1.6207 -2.8526 80 200 120
4.4842 -2.7561 -2.8576 80 200 120
7.3667 5.8360 -2.7762 80 200 120
6.3483 5.0473 -2.6849 80 200 120
6.6154 2.3021 -1.6138 80 200 120
2.4524 2.6165 -2.3127 80 200 120
7.4428 2.4977 -1.7243 80 200 120
5.6253 4.6283 -2.4226 80 200 120
6.1557 4.2280 -1.3753 80 200 120
4.0110 3.6939 -1.7774 80 200 120
4.6991 3.2831 -2.3303 80 200 120
2.7323 2.1661 -1.7866 80 200 120
2.7225 2.4799 -2.6975 80 200 120
-0.9638 2.5672 -1.3312 80 200 120
2.6411 3.9001 -2.8418 80 200 120
4.9935 1.4401 -1.7844 80 200 120
6.3709 -0.0673 -3.1962 80 200 120
1.4841 0.6256 -2.1225 80 200 120
-0.0091 4.7601 -1.8347 80 200 120
1.4367 -0.1207 0.1276 80 200 120
0.8449 4.9449 -2.3210 80 200 120
1.7758 7.8345 -2.3271 80 200 120
-2.2251 -1.3028 -0.5301 80 200 120
0.5697 3.0335 0.3428 80 200 120
-1.1478 -1.2180 -1.0583 80 200 120
-0.0420 4.8464 0.3490 80 200 120
1.4847 8.0241 -0.5113 80 200 120
0.6362 3.6707 -2.1544 80 200 120
1.3035 7.1128 -1.6875 80 200 120
5.2749 2.4154 -2.2346 80 200 120
5.4000 2.2566 -2.3245 80 200 120
5.5346 2.6449 -2.0814 80 200 120
0.1733 1.2825 -2.0359 80 200 120
2.1201 0.7130 -1.9316 80 200 120
4.1936 -2.2618 -3.2912 80 200 120
5.3898 2.9632 -1.8457 80 200 120
-1.6758 -1.2197 -0.9019 80 200 120
2.2553 2.1101 -1.7212 80 200 120
5.1359 2.7961 -1.4132 80 200 120
5.2891 2.9137 -1.4285 80 200 120
6.3422 2.3846 -1.5886 80 200 120
5.8641 3.4392 -1.4973 80 200 120
-0.4062 -1.4359 -2.7587 80 200 120
4.9542 0.4427 -2.0529 80 200 120
7.2405 4.0400 0.2158 80 200 120
7.0291 6.1421 -1.2274 80 200 120
7.2517 5.9963 -0.7669 80 200 120
6.2833 4.4116 -1.3302 80 200 120
6.3312 1.6672 0.0476 80 200 120
4.1341 7.1482 -2.0364 80 200 120
6.2471 2.4691 0.2686 80 200 120
8.2929 5.6113 -0.5438 80 200 120
7.6847 4.5047 -1.1166 80 200 120
7.0588 5.9297 -1.7554 80 200 120
5.1942 6.8863 -2.2452 80 200 120
4.8560 6.8451 0.2418 80 200 120
4.1773 7.1786 -1.6128 80 200 120
6.5123 6.1783 -2.0462 80 200 120
0.5361 3.3053 -2.8037 80 200 120
3.3029 4.3673 -2.6806 80 200 120
2.8481 5.3419 -2.4604 80 200 120
3.6428 5.1368 -2.6534 80 200 120
3.4129 4.6359 -2.7288 80 200 120
3.7528 5.3696 -2.4994 80 200 120
3.4961 4.8276 -2.5353 80 200 120
2.8366 3.4788 -2.7861 80 200 120
0.9195 6.6419 -2.2972 80 200 120
3.3411 4.4751 -2.7457 80 200 120
5.4449 0.6513 -1.0340 80 200 120
5.6419 0.9214 -1.1107 80 200 120
3.8847 1.6990 -2.8671 80 200 120
6.2499 0.8310 -1.0423 80 200 120
5.1233 0.6939 -1.2018 80 200 120
5.0429 2.8754 -2.2870 80 200 120
7.3367 6.0048 -0.5876 80 200 120
6.4401 3.8360 -1.4237 80 200 120
7.9238 5.6313 0.3350 80 200 120
3.3985 4.9059 -2.8207 80 200 120
7.4904 5.4988 -2.3247 80 200 120
5.5700 5.4814 -2.1811 80 200 120
7.4119 5.8308 0.3213 80 200 120
7.9843 5.8773 -0.2675 80 200 120
1.0094 4.5135 -2.8814 80 200 120
0.2943 4.5983 -2.1498 80 200 120
4.4958 -0.8496 -1.2239 80 200 120
3.3983 4.9004 -2.9367 80 200 120
2.4379 6.6719 -3.5077 80 200 120
3.0455 5.1189 -3.1096 80 200 120
3.1942 4.1005 -2.2765 80 200 120
3.8497 -3.7681 -1.6807 80 200 120
0.9233 5.5166 -2.2459 80 200 120
0.0730 -1.4546 0.3217 80 200 120
3.1519 4.9166 0.1187 80 200 120
1.4196 7.7767 -0.0087 80 200 120
1.3169 3.6639 0.4062 80 200 120
1.4869 8.1646 -0.7988 80 200 120
-3.0045 -0.3526 -1.6797 80 200 120
0.4491 3.3640 -2.1846 80 200 120
5.7673 2.1056 -1.8396 80 200 120
3.4465 1.7080 -2.4392 80 200 120
8.3945 1.8807 -1.8334 80 200 120
4.4734 0.7016 -3.0099 80 200 120
5.5320 0.5628 -0.7561 80 200 120
5.7419 2.1269 -2.1402 80 200 120
2.7708 0.2180 -2.4171 80 200 120
0.0595 0.0013 -2.3840 80 200 120
0.1496 -1.8294 -0.1891 80 200 120
6.9074 6.1568 -0.9275 80 200 120
7.1441 3.7718 -0.2044 80 200 120
6.9159 3.1935 -0.0371 80 200 120
6.3744 2.6648 0.1357 80 200 120
6.1204 2.1772 0.2322 80 200 120
7.8697 5.7565 -2.9349 80 200 120
7.7341 5.0711 0.0678 80 200 120
6.8496 5.3566 -1.4617 80 200 120
5.6949 6.7636 -1.4190 80 200 120
5.8442 5.6296 -2.3002 80 200 120
5.4397 6.8924 -0.3457 80 200 120
3.1880 4.1141 -2.7431 80 200 120
2.9949 3.8657 -2.8057 80 200 120
1.7007 3.0838 -2.8484 80 200 120
1.1947 3.4120 -2.8470 80 200 120
2.6850 3.7289 -2.8976 80 200 120
5.5869 0.8401 -0.9071 80 200 120
3.6133 1.1952 -2.9159 80 200 120
3.6387 1.2531 -2.7429 80 200 120
5.9007 4.4688 -2.3645 80 200 120
6.2788 3.9369 -2.4055 80 200 120
7.1303 6.0794 -1.2349 80 200 120
6.5884 4.8049 -1.3714 80 200 120
2.9038 2.5055 -1.9147 80 200 120
3.0257 2.1004 -2.4102 80 200 120
3.8845 5.5779 -1.7932 80 200 120
3.2079 2.6858 -2.7413 80 200 120
4.4588 0.0732 -2.6945 80 200 120
3.8378 0.8033 -2.3404 80 200 120
1.5936 3.4119 -2.8056 80 200 120
-1.1322 2.1445 -0.6791 80 200 120
-1.7545 1.2681 -0.5847 80 200 120
-0.5126 3.6951 -1.0607 80 200 120
3.8042 0.9540 -2.4003 80 200 120
-1.9208 -0.0424 0.1569 80 200 120
3.2180 4.1570 -1.6777 80 200 120
3.1621 4.8621 -2.6124 80 200 120
-1.2474 -0.7963 0.2221 80 200 120
4.0823 3.6418 -1.8025 80 200 120
5.1318 0.1391 -1.9823 80 200 120
-1.7466 0.9165 -0.1138 80 200 120
0.9195 6.3770 -2.7426 80 200 120
4.8038 -0.0930 -2.0715 80 200 120
5.7931 2.0540 -2.6024 80 200 120
5.7568 -0.0297 -2.0847 80 200 120
1.0112 4.5330 -2.1733 80 200 120
0.6183 6.2594 -2.8116 80 200 120
0.8874 5.2238 -2.3117 80 200 120
0.7869 4.9170 -2.3311 80 200 120
-2.2212 -0.0625 -2.5761 80 200 120
0.8964 4.0511 -2.1336 80 200 120
2.3570 2.0930 0.3231 80 200 120
-2.1253 1.0610 -3.0106 80 200 120
1.9312 0.2306 0.3237 80 200 120
-2.0271 -1.2254 -1.8013 80 200 120
0.6142 5.9890 -2.7497 80 200 120
-1.0343 2.3370 -1.7877 80 200 120
4.8020 1.3184 -2.5703 80 200 120
-1.7987 1.5000 -0.9191 80 200 120
-3.9550 -1.1584 -1.7229 80 200 120
3.7317 -2.9381 -1.6713 80 200 120
-1.0727 2.2878 0.3722 80 200 120
0.6699 4.7513 -2.2734 80 200 120
0.2652 4.1624 -2.2017 80 200 120
1.7060 4.6677 -2.8636 80 200 120
2.6444 4.5294 -2.9052 80 200 120
0.9479 4.1807 -2.1843 80 200 120
1.2988 4.8796 -2.7987 80 200 120
0.9942 3.6698 -2.8058 80 200 120
0.3635 4.4811 -2.2061 80 200 120
2.1581 3.2715 -2.7915 80 200 120
0.3522 5.1558 -2.2331 80 200 120
4.6158 3.3994 -1.9911 80 200 120
3.5662 1.0975 -3.0257 80 200 120
2.9709 2.9254 -2.1460 80 200 120
5.8395 5.0221 -2.3739 80 200 120
2.3514 2.3288 -2.3908 80 200 120
2.8300 2.5988 -2.7816 80 200 120
2.9167 2.5851 -2.5606 80 200 120
3.3845 4.8839 -2.7279 80 200 120
5.4840 5.8911 -2.3828 80 200 120
2.4148 2.4090 -2.9150 80 200 120
2.8240 2.2989 -2.1637 80 200 120
0.7437 6.1711 -2.7707 80 200 120
3.2102 4.0561 -2.5213 80 200 120
3.3986 4.6146 -2.6491 80 200 120
0.7858 5.8413 -2.6202 80 200 120
3.0800 5.0750 -2.3587 80 200 120
3.2748 4.8368 -2.7721 80 200 120
4.8348 -2.7546 -1.3263 80 200 120
3.6560 0.1805 -0.2852 80 200 120
-0.6247 3.1551 0.2839 80 200 120
0.2671 3.2941 -2.2499 80 200 120
0.8326 6.5398 -2.0336 80 200 120
0.8297 6.7247 -2.3449 80 200 120
1.6013 8.3362 -0.3212 80 200 120
0.7017 5.8088 0.3081 80 200 120
-6.6814 -4.6289 -1.2551 80 200 120
-0.0416 3.5691 -2.1733 80 200 120
1.7458 8.5263 0.2060 80 200 120
4.5839 -0.5263 -1.9876 80 200 120
3.2597 0.6120 -1.9379 80 200 120
2.8979 0.2461 -1.7866 80 200 120
1.1576 0.3347 -2.2252 80 200 120
5.2255 1.0982 -1.9489 80 200 120
5.1521 2.8073 -1.4463 80 200 120
4.5153 1.0551 -2.5071 80 200 120
5.7570 0.8970 -2.7853 80 200 120
-0.9596 2.8876 0.1183 80 200 120
5.2664 3.0510 -1.8145 80 200 120
6.7746 3.9666 0.4220 80 200 120
5.6926 1.4660 -2.0297 80 200 120
7.6193 5.8100 -0.4615 80 200 120
6.6141 4.4526 -1.4312 80 200 120
6.5421 4.7821 -1.3616 80 200 120
6.7941 4.1188 -1.4331 80 200 120
4.8192 2.9136 0.2858 80 200 120
7.9917 4.8454 -0.7630 80 200 120
5.1547 2.8678 0.3895 80 200 120
4.7188 3.6910 0.3606 80 200 120
7.0603 5.8270 0.2842 80 200 120
4.4495 3.9258 0.3070 80 200 120
5.2475 4.8149 0.4042 80 200 120
7.8390 5.2498 -0.9259 80 200 120
4.8058 3.9539 0.4770 80 200 120
8.0150 4.9030 -1.0705 80 200 120
6.6079 3.5521 -0.5888 80 200 120
7.3301 5.9289 -1.5272 80 200 120
5.3030 3.6930 0.4128 80 200 120
7.6533 4.8463 -0.3471 80 200 120
0.5442 4.9061 -2.1812 80 200 120
2.5668 4.3835 -2.4833 80 200 120
1.0054 4.2998 -2.3436 80 200 120
0.1573 5.7361 -1.8683 80 200 120
1.7477 5.0088 -2.6557 80 200 120
0.1961 4.7334 -1.8437 80 200 120
1.2929 5.2241 -2.8680 80 200 120
1.1575 4.1532 -2.3559 80 200 120
0.6615 5.9142 -2.2532 80 200 120
1.4044 5.7879 -0.9795 80 200 120
2.2794 4.4177 -2.9233 80 200 120
3.1995 4.2147 -2.9397 80 200 120
-0.3186 3.6608 -2.3124 80 200 120
0.5061 5.6900 -1.3764 80 200 120
0.4219 5.7102 -2.1320 80 200 120
0.5011 5.4482 -2.2388 80 200 120
0.7955 5.1884 -1.7289 80 200 120
0.8176 4.9134 -2.4952 80 200 120
6.0660 4.0497 -1.8689 80 200 120
5.8661 3.9982 -1.9190 80 200 120
6.2253 3.8591 -1.3884 80 200 120
5.9681 3.0283 -1.5123 80 200 120
7.0924 2.6727 -1.6900 80 200 120
6.3211 4.1025 -1.3896 80 200 120
8.1549 0.8020 -1.7904 80 200 120
1.8515 4.3265 -2.8396 80 200 120
-1.2123 1.9663 -2.1978 80 200 120
3.0267 2.4361 -2.4199 80 200 120
0.5111 4.7515 -2.2155 80 200 120
6.2057 0.7856 -2.9100 80 200 120
3.2499 3.9389 -2.5534 80 200 120
1.0673 6.9175 -0.6146 80 200 120
-1.7445 0.8571 -2.7425 80 200 120
2.0966 8.2897 0.3691 80 200 120
-1.9961 0.4738 -2.2356 80 200 120
-1.3009 1.6400 -2.6836 80 200 120
0.8211 3.9202 -2.1848 80 200 120
0.4743 4.4625 -2.1890 80 200 120
-1.0398 2.1756 -2.2244 80 200 120
1.6454 8.4723 -1.9756 80 200 120
3.1771 4.8675 -0.2048 80 200 120
-0.3486 -0.7056 0.3196 80 200 120
-0.9765 2.6187 -1.3957 80 200 120
0.7011 3.6855 -2.1317 80 200 120
0.8251 5.0534 -2.2614 80 200 120
0.9091 5.2358 -2.2142 80 200 120
-0.0853 4.6810 -1.8990 80 200 120
6.5134 4.1333 -1.4122 80 200 120
1.9811 1.2743 -1.9414 80 200 120
4.0622 0.2929 -2.7735 80 200 120
3.3829 2.2089 -2.2159 80 200 120
5.5085 3.7254 -1.4267 80 200 120
2.6984 1.9352 -1.8396 80 200 120
6.4704 3.7779 -1.4345 80 200 120
1.9502 1.3239 -2.2345 80 200 120
6.2360 0.7623 -2.8920 80 200 120
3.5318 1.2209 -2.1023 80 200 120
4.4206 4.1249 -1.2548 80 200 120
2.0471 -2.4784 -1.3368 80 200 120
-0.6443 3.1678 0.3068 80 200 120
6.6434 3.6234 0.1448 80 200 120
7.5339 5.1496 -1.7843 80 200 120
6.6977 6.1853 -0.5619 80 200 120
6.1685 6.3277 0.1892 80 200 120
5.2975 6.6886 0.3040 80 200 120
2.0669 8.2727 0.3522 80 200 120
6.6578 6.1248 0.2800 80 200 120
4.1467 7.1733 0.2744 80 200 120
3.6411 7.5256 0.2741 80 200 120
2.7897 7.8387 0.2384 80 200 120
4.9628 6.7698 0.2936 80 200 120
7.5261 5.6817 -0.1056 80 200 120
6.9504 6.0426 -0.2258 80 200 120
6.4852 6.1225 -1.5929 80 200 120
6.1054 6.4570 -0.0719 80 200 120
1.5888 7.7372 0.2054 80 200 120
5.2272 5.7171 0.3955 80 200 120
3.5311 7.5738 -0.2220 80 200 120
3.8239 7.5038 -0.1683 80 200 120
6.1446 6.6049 -0.6698 80 200 120
1.7999 8.2618 0.0961 80 200 120
1.1892 6.7241 0.2244 80 200 120
4.3673 6.9248 0.1742 80 200 120
1.4803 5.9572 0.3898 80 200 120
5.8315 6.6127 -1.2069 80 200 120
5.4111 6.9061 -0.6536 80 200 120
5.7766 6.5611 0.3673 80 200 120
4.8053 7.0292 -0.0978 80 200 120
5.6629 5.2920 0.3815 80 200 120
2.9370 8.0707 -0.5086 80 200 120
4.0085 7.4570 -0.9323 80 200 120
3.0690 7.8448 0.3238 80 200 120
0.8007 8.7941 0.3183 80 200 120
1.0139 5.4709 -2.8523 80 200 120
0.6767 6.2264 -2.8226 80 200 120
1.5433 8.0541 -0.8053 80 200 120
1.1883 7.4671 -2.3535 80 200 120
1.0968 7.0607 -2.7602 80 200 120
0.8523 6.6158 -2.7618 80 200 120
0.9647 5.7789 -2.8258 80 200 120
1.1598 7.3019 -1.0857 80 200 120
0.8346 4.7296 -2.2133 80 200 120
3.1865 4.1434 -2.4560 80 200 120
4.7670 2.5354 -2.0649 80 200 120
3.7386 0.7415 -2.0315 80 200 120
2.9671 2.9712 -2.1236 80 200 120
4.1633 4.0561 -1.7129 80 200 120
3.2730 4.3035 -2.7765 80 200 120
4.9187 -1.7991 -0.5610 80 200 120
3.2088 4.1123 -2.4535 80 200 120
4.1982 -2.9439 -2.1617 80 200 120
2.6929 2.2074 -1.8561 80 200 120
3.0386 3.5834 -2.7862 80 200 120
3.2845 4.3668 -2.6960 80 200 120
5.3972 2.2785 -2.4127 80 200 120
3.1727 4.8513 -2.5764 80 200 120
5.4087 1.8555 -2.7828 80 200 120
1.8203 6.1685 -2.8349 80 200 120
1.9013 -1.6182 -0.7410 80 200 120
-0.7799 2.8267 0.0487 80 200 120
4.1618 -2.9275 -0.3098 80 200 120
0.8868 6.2327 -2.9108 80 200 120
-1.9376 -0.1143 -0.5168 80 200 120
-3.6606 -1.1115 -1.6484 80 200 120
1.1199 6.7835 0.2736 80 200 120
0.7466 4.8896 -2.2147 80 200 120
1.7600 8.1244 -1.5407 80 200 120
-0.7399 -1.7541 -0.8924 80 200 120
2.7589 7.8462 0.2472 80 200 120
1.9260 8.3438 -0.4678 80 200 120
4.8517 1.1995 -2.6297 80 200 120
1.3695 0.4805 -2.1591 80 200 120
0.4962 -0.0566 -2.6074 80 200 120
4.4371 -2.8920 -1.8307 80 200 120
4.0768 7.2914 0.0979 80 200 120
9.1551 5.6535 -1.1704 80 200 120
1.9407 8.3210 -0.4657 80 200 120
3.4221 7.7481 -0.8073 80 200 120
1.0134 4.4169 -2.1812 80 200 120
0.8343 3.9469 -2.1679 80 200 120
1.0395 6.3589 -2.8582 80 200 120
0.4616 3.2007 -2.8433 80 200 120
0.9033 4.7264 -2.7222 80 200 120
1.6981 8.2846 -2.8649 80 200 120
0.8509 3.8716 -2.8017 80 200 120
0.6424 4.5136 -2.0868 80 200 120
1.5888 8.2479 -2.5022 80 200 120
1.5296 7.8354 -2.7860 80 200 120
0.6860 4.3166 -2.1175 80 200 120
1.0275 4.5107 -2.8909 80 200 120
0.6990 4.8864 -2.1179 80 200 120
1.6356 5.5506 -2.8434 80 200 120
0.8471 4.9947 -2.7669 80 200 120
1.2742 6.5610 -2.8918 80 200 120
1.3069 4.0694 -2.8388 80 200 120
1.8190 6.5249 -2.8533 80 200 120
0.8840 6.8925 -1.3750 80 200 120
1.6722 5.1946 -2.8033 80 200 120
2.0362 7.2461 -2.8283 80 200 120
0.9046 4.1548 -2.7645 80 200 120
1.0404 3.6678 -2.7805 80 200 120
1.3019 4.3574 -2.8536 80 200 120
1.6347 8.4326 -2.0164 80 200 120
2.1575 6.5234 -2.8635 80 200 120
1.4404 4.6405 -2.8074 80 200 120
1.3939 5.9094 -2.8414 80 200 120
1.6788 4.7859 -2.8139 80 200 120
2.1048 5.5493 -2.8306 80 200 120
1.8472 6.1655 -2.8308 80 200 120
1.1031 7.0493 -2.2387 80 200 120
0.8122 6.7218 -2.3164 80 200 120
2.7740 3.1875 -3.3100 80 200 120
2.0097 5.8387 -2.8523 80 200 120
1.2870 7.5218 -2.7256 80 200 120
1.3041 7.4933 -1.6922 80 200 120
1.3770 6.1195 -2.8624 80 200 120
2.6837 4.5361 -2.8058 80 200 120
2.8852 5.1743 -1.0489 80 200 120
1.9313 4.7995 -2.8004 80 200 120
1.8419 6.9305 -2.8315 80 200 120
1.4720 6.9058 -2.8632 80 200 120
0.6730 6.0894 -2.4774 80 200 120
1.4209 4.7992 -2.8443 80 200 120
0.8813 6.5018 -2.0223 80 200 120
-0.0978 4.5707 -1.7618 80 200 120
0.9689 4.5249 -2.6527 80 200 120
1.5727 4.3597 -2.8303 80 200 120
2.5174 4.3467 -2.5655 80 200 120
0.9644 7.0252 -1.8792 80 200 120
1.5980 4.9939 -2.8413 80 200 120
-0.1118 3.9484 -2.1815 80 200 120
2.0305 6.2416 -2.8338 80 200 120
2.7222 5.2080 -2.9191 80 200 120
2.0781 7.7224 -2.7668 80 200 120
2.8320 4.4739 -2.7814 80 200 120
1.5275 3.7277 -2.7552 80 200 120
2.5617 5.0620 -2.8568 80 200 120
2.5193 3.6834 -2.9666 80 200 120
2.2246 5.6538 -2.8196 80 200 120
0.7211 6.4900 -2.3590 80 200 120
2.9993 4.3446 -3.1862 80 200 120
1.3352 7.6578 -1.2849 80 200 120
2.4359 5.6977 -2.8240 80 200 120
2.4211 3.8164 -3.0353 80 200 120
1.4840 7.2595 -2.8545 80 200 120
1.7563 4.1705 -2.7563 80 200 120
2.1608 4.9005 -2.8361 80 200 120
2.1235 5.3797 -2.8045 80 200 120
1.8212 5.8335 -2.7878 80 200 120
4.6914 0.6118 -1.7905 80 200 120
4.5070 0.0187 -1.9016 80 200 120
2.8053 2.5372 -2.8208 80 200 120
7.9904 5.6309 0.3425 80 200 120
5.3062 0.6967 -1.9978 80 200 120
3.6572 5.1417 -2.8287 80 200 120
3.7477 5.2840 -2.8541 80 200 120
3.7850 5.3803 -2.4021 80 200 120
5.0782 6.9920 -2.8564 80 200 120
3.5813 4.9396 -2.8493 80 200 120
5.2357 6.6926 -2.8297 80 200 120
5.9420 6.5191 -2.7633 80 200 120
5.0090 4.6734 -1.9809 80 200 120
6.0201 6.1894 -2.6822 80 200 120
7.1353 6.0808 -1.2304 80 200 120
8.6039 5.9618 -0.1286 80 200 120
4.7343 7.0102 -2.7953 80 200 120
3.6102 4.9798 -1.6801 80 200 120
2.9313 2.6941 -2.5128 80 200 120
2.9216 2.8446 -1.9849 80 200 120
3.0189 7.8895 -2.8382 80 200 120
4.7966 5.3478 -2.0005 80 200 120
3.7594 5.3613 -1.9504 80 200 120
0.5295 2.9708 -2.4811 80 200 120
-0.6076 2.2671 -1.1649 80 200 120
-0.4783 1.9231 -1.4474 80 200 120
-1.5035 0.7191 -2.4822 80 200 120
3.2375 3.9319 -2.1524 80 200 120
4.6300 -1.7502 -1.2945 80 200 120
0.5445 6.1844 -0.7673 80 200 120
1.1532 7.5342 -0.9874 80 200 120
-1.4739 1.4473 -2.7498 80 200 120
3.0303 7.6574 0.2917 80 200 120
-1.5411 1.8456 -2.3681 80 200 120
2.1495 1.6785 0.4684 80 200 120
3.5041 0.7908 -2.8585 80 200 120
-0.1926 -0.0130 -2.4970 80 200 120
0.0567 0.7755 -2.0428 80 200 120
-0.6763 3.2553 -0.2313 80 200 120
5.7239 0.9141 -1.0230 80 200 120
2.4738 1.2270 -1.8846 80 200 120
5.3391 1.9975 -2.3270 80 200 120
6.1509 1.0698 -1.2232 80 200 120
2.8750 -2.8454 -1.5863 80 200 120
1.3554 7.9097 0.0078 80 200 120
1.5196 8.1662 -0.7884 80 200 120
1.5106 7.7965 0.2562 80 200 120
1.0253 6.5158 0.2842 80 200 120
1.2604 5.1695 -2.8513 80 200 120
3.1463 4.8977 -2.6688 80 200 120
2.9673 7.8443 -2.8163 80 200 120
2.4702 7.2135 -2.8344 80 200 120
3.2877 4.6807 -3.2654 80 200 120
2.6604 8.1139 -1.8421 80 200 120
2.1924 8.1316 -2.8242 80 200 120
3.2877 4.2575 -2.9228 80 200 120
2.6646 7.8994 -2.0980 80 200 120
2.7065 7.8023 -2.6647 80 200 120
1.4720 3.9661 -2.7348 80 200 120
2.5123 6.6804 -2.8631 80 200 120
2.7086 6.3012 -2.8013 80 200 120
1.3118 5.6436 -2.8517 80 200 120
1.9564 8.3679 -1.5022 80 200 120
3.2685 7.7748 -1.8204 80 200 120
2.6772 7.3899 -2.8406 80 200 120
2.8484 8.0097 -2.4829 80 200 120
3.2830 7.7551 -2.3925 80 200 120
2.0380 4.4869 -2.8476 80 200 120
3.2099 3.9996 -2.6938 80 200 120
3.3843 6.4745 -2.8681 80 200 120
3.3184 7.0135 -2.8498 80 200 120
2.9712 3.8414 -2.8427 80 200 120
2.9617 6.9038 -2.8281 80 200 120
3.6882 7.4673 -2.8101 80 200 120
3.4706 7.6447 -2.8511 80 200 120
2.4169 3.5590 -2.8628 80 200 120
3.0466 7.4665 -2.8543 80 200 120
-0.3540 3.6072 -2.3349 80 200 120
3.1851 4.1198 -2.8153 80 200 120
3.0924 5.0509 -2.7405 80 200 120
1.6561 3.2557 -2.9116 80 200 120
1.8881 4.0606 -2.8062 80 200 120
2.7376 3.9401 -2.8315 80 200 120
2.3538 8.1342 -2.1818 80 200 120
1.3550 7.0234 -0.0890 80 200 120
2.2167 2.0952 -2.4513 80 200 120
2.3317 2.2504 -2.9363 80 200 120
3.2460 4.1230 -1.6205 80 200 120
2.4860 1.5541 -1.6958 80 200 120
-1.5942 1.9230 0.3992 80 200 120
4.9321 -1.6628 -0.6184 80 200 120
3.2720 4.2444 -1.6604 80 200 120
1.0319 5.6918 -2.7216 80 200 120
1.5166 1.4459 -2.8216 80 200 120
4.0366 -3.6174 0.4347 80 200 120
-0.8199 3.1577 -0.2657 80 200 120
1.3297 7.2951 0.0537 80 200 120
0.5668 4.7597 -2.1923 80 200 120
0.7234 4.6071 -2.2566 80 200 120
-1.1961 -1.3451 -1.0268 80 200 120
-1.5969 0.8621 -1.4911 80 200 120
2.4264 1.6844 0.3840 80 200 120
0.1048 -2.0568 -0.1633 80 200 120
0.3706 5.5133 0.3328 80 200 120
3.2591 0.0127 -2.0751 80 200 120
5.2040 3.1007 -1.7893 80 200 120
5.4167 2.5047 -1.8728 80 200 120
1.3331 3.7052 0.3817 80 200 120
-3.3865 -1.4902 -0.4776 80 200 120
5.2847 2.8495 -2.1918 80 200 120
2.8158 -2.3353 -0.5135 80 200 120
-1.4945 -0.1225 -1.7116 80 200 120
0.2833 -1.3744 -1.7786 80 200 120
2.9181 0.0476 -2.0245 80 200 120
6.1253 2.6895 -0.7982 80 200 120
6.4085 1.6631 -0.0524 80 200 120
2.7082 7.9312 0.2582 80 200 120
1.0531 6.8951 0.3158 80 200 120
1.2108 7.4374 0.0616 80 200 120
2.3300 7.9266 -1.5177 80 200 120
2.9584 7.9527 -0.5207 80 200 120
2.2215 8.1882 0.0926 80 200 120
1.6097 8.1459 -0.5339 80 200 120
1.5519 8.1908 0.2603 80 200 120
0.9666 6.6971 0.0481 80 200 120
1.5114 8.1853 -0.0591 80 200 120
2.0978 8.2175 -1.4217 80 200 120
1.5172 7.8370 -1.1498 80 200 120
1.2120 7.1841 0.3438 80 200 120
2.2319 7.6726 0.3874 80 200 120
2.8112 7.9550 0.0995 80 200 120
1.5232 5.9721 0.3583 80 200 120
2.1609 6.4185 0.3562 80 200 120
0.7330 7.7290 -0.3020 80 200 120
1.7818 8.3004 -0.2593 80 200 120
2.5453 8.0514 -0.7291 80 200 120
2.6021 8.0281 -0.1117 80 200 120
2.8231 6.5600 0.3886 80 200 120
1.6326 6.3419 0.4703 80 200 120
3.2265 6.6546 0.3701 80 200 120
1.3528 7.7419 -0.8756 80 200 120
1.9500 7.7040 0.3974 80 200 120
1.6345 8.3146 -0.9927 80 200 120
1.5887 6.1000 0.2382 80 200 120
3.0764 6.4504 0.3629 80 200 120
1.1996 7.0834 0.0096 80 200 120
2.4267 8.0254 0.2562 80 200 120
2.3857 6.5653 0.3771 80 200 120
3.1054 6.2344 0.3784 80 200 120
2.5973 7.6665 0.3709 80 200 120
1.3308 6.6136 -0.2728 80 200 120
2.9210 6.2491 0.4031 80 200 120
1.7578 6.5102 0.4168 80 200 120
1.8286 6.7787 -0.7686 80 200 120
3.6031 7.5271 0.2614 80 200 120
4.1489 7.2668 0.3314 80 200 120
3.0446 7.8290 0.3600 80 200 120
4.4922 7.1041 0.2845 80 200 120
3.4250 7.7349 -0.8981 80 200 120
0.5408 6.4541 0.4043 80 200 120
3.7748 7.5347 -0.1725 80 200 120
3.2698 7.7733 -1.1404 80 200 120
3.2834 7.5396 0.3054 80 200 120
3.0313 7.9086 -1.1395 80 200 120
3.8228 7.2755 0.3043 80 200 120
3.5484 5.9711 0.3777 80 200 120
3.8228 7.5129 -0.7226 80 200 120
4.1776 7.3466 0.0856 80 200 120
2.8630 7.6511 0.4454 80 200 120
3.0089 7.8898 -0.0631 80 200 120
3.1464 7.8008 -0.8595 80 200 120
1.2951 7.5540 0.3579 80 200 120
4.0925 7.3597 -0.2722 80 200 120
3.4943 7.6350 -0.1819 80 200 120
1.4235 6.5201 -0.4992 80 200 120
3.9517 7.4658 -0.3880 80 200 120
3.9410 7.4735 -0.9092 80 200 120
3.2715 7.7999 -0.4171 80 200 120
2.9533 6.8506 0.3990 80 200 120
2.8258 7.9219 -0.9211 80 200 120
4.0835 7.3619 -0.9032 80 200 120
3.7844 6.0745 0.3978 80 200 120
2.3518 7.8772 -1.0456 80 200 120
4.1506 6.9116 0.3415 80 200 120
1.8471 6.7026 0.3958 80 200 120
4.4011 7.2298 0.1316 80 200 120
3.6607 7.6449 -0.4173 80 200 120
4.7862 6.9748 -0.1258 80 200 120
4.3261 7.2656 -0.7631 80 200 120
4.9216 7.0836 -0.3354 80 200 120
0.7988 7.4581 -0.1469 80 200 120
1.2988 7.4994 -0.0844 80 200 120
4.1665 6.5573 0.3778 80 200 120
3.8022 5.8839 0.6043 80 200 120
4.3469 7.2990 -0.1576 80 200 120
4.5206 7.1866 -0.2070 80 200 120
3.3765 6.8981 0.3864 80 200 120
4.7115 7.0529 -2.8174 80 200 120
5.0946 6.9259 -2.8370 80 200 120
4.0563 7.3739 -2.8472 80 200 120
0.9809 5.3093 -2.6365 80 200 120
3.5036 6.2579 -2.8356 80 200 120
3.3661 6.0991 -2.8340 80 200 120
1.7890 3.8996 -2.7142 80 200 120
0.8649 4.7645 -2.1650 80 200 120
5.2795 6.7639 -2.8737 80 200 120
4.5363 6.1088 -2.8787 80 200 120
0.5347 4.5099 -2.1255 80 200 120
3.2551 5.1775 -2.2132 80 200 120
4.3806 5.8391 -2.9096 80 200 120
5.3871 6.4064 -2.8320 80 200 120
3.6358 1.6771 -2.8526 80 200 120
4.9322 -1.2160 -1.6386 80 200 120
4.7093 -0.8017 -2.0753 80 200 120
3.2617 0.8173 -2.9758 80 200 120
2.9050 2.5529 -2.3916 80 200 120
3.1274 4.9600 -2.6905 80 200 120
4.6788 -1.9553 -1.3354 80 200 120
2.9616 3.5516 -2.8707 80 200 120
2.3792 2.9516 -2.8589 80 200 120
3.1785 4.1270 -2.7530 80 200 120
2.6513 2.9211 -2.8680 80 200 120
2.0505 4.3975 -2.5579 80 200 120
2.5222 6.6478 -2.8604 80 200 120
3.0921 7.9873 -2.2808 80 200 120
2.8433 3.7911 -2.8462 80 200 120
2.1300 6.5946 -2.9349 80 200 120
2.6775 4.5388 -2.8491 80 200 120
2.6265 2.4774 -2.5092 80 200 120
2.5854 3.7728 -2.8483 80 200 120
2.1169 3.1145 -2.8438 80 200 120
2.1694 4.2327 -2.5003 80 200 120
2.4986 7.2282 -2.8534 80 200 120
2.4169 3.5652 -2.8522 80 200 120
2.4613 4.0571 -2.8194 80 200 120
3.1905 2.6628 -2.7968 80 200 120
2.7443 7.8592 -2.6886 80 200 120
2.6215 4.0031 -2.9286 80 200 120
2.4726 6.7835 -2.7023 80 200 120
3.0969 1.2187 -2.4147 80 200 120
4.5975 0.7457 -2.1604 80 200 120
2.6293 5.9156 -2.8490 80 200 120
3.1141 4.3061 -2.9299 80 200 120
1.8633 4.7068 -2.7336 80 200 120
2.5046 4.4554 -2.6537 80 200 120
1.8843 1.9385 -2.9537 80 200 120
2.4993 6.2517 -2.8292 80 200 120
2.6622 6.7739 -2.8813 80 200 120
2.1052 6.9289 -3.0800 80 200 120
-1.2329 1.8370 -2.7299 80 200 120
4.4996 0.8492 -2.9910 80 200 120
-1.7535 -0.7240 -0.5448 80 200 120
1.2922 2.6254 -2.8476 80 200 120
4.1910 3.9852 -1.7295 80 200 120
3.4597 4.7280 -2.8199 80 200 120
-0.0163 -2.1386 -0.1949 80 200 120
3.1433 4.8712 -2.5288 80 200 120
5.7901 -0.1023 -2.2109 80 200 120
3.1150 5.0272 -2.7762 80 200 120
-0.6647 3.5907 -0.9260 80 200 120
-1.4759 2.4618 0.2700 80 200 120
1.3994 -0.2133 -0.0226 80 200 120
6.7347 1.5471 -2.4777 80 200 120
0.3514 -1.0697 -2.5835 80 200 120
-0.5487 3.6433 -0.9398 80 200 120
1.0588 7.0782 -1.7957 80 200 120
-1.1136 2.1823 -0.5661 80 200 120
0.6385 3.6782 -2.1638 80 200 120
-0.5724 0.2858 0.5572 80 200 120
1.6700 0.6614 0.3449 80 200 120
0.4096 2.1916 0.4143 80 200 120
-1.9052 0.1689 -0.0281 80 200 120
-0.1298 -0.9760 -2.6162 80 200 120
0.2382 -1.1326 -2.7451 80 200 120
5.3241 1.1132 -2.5994 80 200 120
1.1379 -0.0724 -2.7530 80 200 120
4.6848 0.8255 -2.6872 80 200 120
5.5025 6.6919 0.2974 80 200 120
4.4736 6.9807 -1.3162 80 200 120
4.6562 5.6930 0.3824 80 200 120
5.2549 6.8668 0.3263 80 200 120
4.1038 7.0840 -1.5880 80 200 120
5.0035 6.9857 -0.7698 80 200 120
3.9851 7.3647 -1.2773 80 200 120
3.4829 7.6322 -0.6753 80 200 120
2.6920 8.0210 -1.7847 80 200 120
5.2839 6.8096 -0.5324 80 200 120
4.6935 7.1665 -0.3399 80 200 120
2.7797 7.9803 -1.3755 80 200 120
5.4157 6.7993 -0.9094 80 200 120
6.2252 6.3401 0.2291 80 200 120
6.2605 6.4970 -0.0047 80 200 120
0.9654 4.4442 -2.2215 80 200 120
5.8184 6.4594 -2.6880 80 200 120
0.8597 4.0429 -2.5415 80 200 120
2.3480 6.0993 -2.8547 80 200 120
4.4265 6.7248 -2.8411 80 200 120
4.8555 6.4280 -2.8300 80 200 120
1.0128 6.9008 -0.7640 80 200 120
2.5129 5.8643 -2.8221 80 200 120
1.1584 3.4140 -2.8635 80 200 120
2.2484 8.2504 -1.5406 80 200 120
2.4876 6.2063 -2.8065 80 200 120
0.6392 3.3025 -2.6538 80 200 120
0.9788 4.2320 -2.1585 80 200 120
3.2647 4.7618 -2.6792 80 200 120
1.9606 6.1150 -2.7044 80 200 120
5.4147 -0.6326 -2.1000 80 200 120
3.2304 1.0082 -1.8549 80 200 120
5.9672 -1.8147 -3.7989 80 200 120
1.7939 1.6464 -2.7844 80 200 120
3.3111 4.3680 -2.8506 80 200 120
4.3679 1.0584 -2.8477 80 200 120
2.9845 7.8768 -2.8254 80 200 120
3.7494 7.5659 -2.8595 80 200 120
3.4087 7.0351 -2.8415 80 200 120
3.5326 3.6217 -1.9086 80 200 120
3.4113 6.4827 -2.8576 80 200 120
2.9923 3.8936 -2.8504 80 200 120
3.3260 4.2625 -2.6742 80 200 120
3.4396 6.1717 -2.8632 80 200 120
2.2178 3.6213 -2.8580 80 200 120
1.9453 4.4548 -2.8169 80 200 120
3.3157 7.8327 -1.8149 80 200 120
2.9838 6.9348 -2.8313 80 200 120
3.9609 1.6239 -2.8823 80 200 120
4.0822 -0.7568 -1.5429 80 200 120
3.0253 2.4868 -2.7105 80 200 120
5.2966 1.0128 -2.7257 80 200 120
2.2878 2.3407 -2.3881 80 200 120
5.0609 1.3025 -1.8324 80 200 120
3.1858 4.1174 -1.9911 80 200 120
3.0443 2.8688 -2.9269 80 200 120
1.7807 3.3739 -2.8137 80 200 120
1.8692 4.2028 -2.6874 80 200 120
5.1359 -0.5301 -1.3823 80 200 120
6.0415 0.4326 -1.0082 80 200 120
5.4385 0.9335 -0.1633 80 200 120
5.6801 0.3053 -0.7059 80 200 120
2.9150 3.2999 -2.8485 80 200 120
3.2556 3.8612 -2.5519 80 200 120
3.5298 5.9041 -2.8530 80 200 120
3.2466 3.9723 -2.6845 80 200 120
2.8240 2.0461 -1.8440 80 200 120
3.9400 3.0689 -2.1559 80 200 120
4.7251 7.0229 -2.8050 80 200 120
3.2353 6.3912 -2.8404 80 200 120
5.0413 6.9701 -2.7937 80 200 120
4.0311 6.1207 -2.8666 80 200 120
3.3737 3.5452 -2.1605 80 200 120
2.4305 3.4689 -2.8041 80 200 120
-0.9093 2.3452 -1.5986 80 200 120
-1.2411 1.2593 0.1919 80 200 120
3.2159 4.1026 -2.6643 80 200 120
3.7656 -3.3306 -1.6068 80 200 120
3.9329 -1.4881 -1.9544 80 200 120
1.4406 5.9896 -2.8487 80 200 120
-0.5744 3.5147 -0.6453 80 200 120
3.2443 4.3207 -2.7390 80 200 120
3.2679 4.2639 -1.6539 80 200 120
4.4753 3.5011 -1.9651 80 200 120
1.3448 6.4846 -2.8456 80 200 120
1.5828 0.7538 0.1945 80 200 120
4.7711 -1.1714 -0.6702 80 200 120
-0.6738 3.2994 -0.9991 80 200 120
1.0284 6.5792 0.3279 80 200 120
3.0170 7.7509 0.3471 80 200 120
-1.9184 0.0165 -1.0410 80 200 120
2.1335 2.2577 0.3642 80 200 120
1.9945 1.1971 0.3925 80 200 120
-2.3272 -1.0537 0.5137 80 200 120
2.0927 1.1136 -1.9341 80 200 120
-1.7722 1.3038 0.4620 80 200 120
5.8146 1.3087 -2.0675 80 200 120
-2.0146 -0.7858 -1.7710 80 200 120
5.3027 2.8640 -2.1725 80 200 120
4.9016 3.8144 0.0236 80 200 120
1.1047 -1.0379 -1.1120 80 200 120
2.9261 0.3599 -1.7903 80 200 120
2.6220 8.0876 -2.1086 80 200 120
1.3880 6.7694 -0.8018 80 200 120
0.2661 6.9603 -0.1888 80 200 120
5.6163 6.5815 -1.7156 80 200 120
6.4947 6.0694 0.2474 80 200 120
6.3756 6.1067 -1.5623 80 200 120
6.5684 6.1176 -0.5802 80 200 120
5.1013 5.6979 0.3609 80 200 120
6.1390 6.5586 -0.6142 80 200 120
7.3872 5.8850 0.3508 80 200 120
6.7743 6.0134 -1.2639 80 200 120
6.8093 6.0182 -0.2724 80 200 120
5.3842 5.3355 0.4332 80 200 120
6.6865 5.8697 -0.6567 80 200 120
7.2875 5.6869 -0.1375 80 200 120
6.8654 5.6846 -0.5387 80 200 120
0.8949 5.2115 -2.2333 80 200 120
3.6610 6.1200 -2.8405 80 200 120
3.8437 5.3679 -2.5302 80 200 120
6.2775 6.3253 -2.8620 80 200 120
0.4527 4.2376 -2.2155 80 200 120
3.2117 5.1437 -2.8883 80 200 120
2.9573 7.8098 -0.5306 80 200 120
1.5209 8.4016 -0.2468 80 200 120
3.1916 4.2059 -2.6911 80 200 120
2.2525 8.2364 -2.8666 80 200 120
3.2043 4.1121 -1.8206 80 200 120
5.2386 6.7104 -2.8383 80 200 120
4.4436 6.1574 -2.8590 80 200 120
2.7317 5.1650 -2.8899 80 200 120
3.1230 6.1250 -2.8533 80 200 120
3.4768 4.6676 -2.9224 80 200 120
3.3408 4.7558 -2.9237 80 200 120
3.1957 5.1153 -2.8379 80 200 120
4.0878 3.8450 -1.6688 80 200 120
3.8672 5.4186 -2.2212 80 200 120
5.0066 2.2979 -2.4238 80 200 120
3.9086 5.4417 -2.6402 80 200 120
3.8824 5.4395 -2.0415 80 200 120
3.3837 4.4699 -2.2416 80 200 120
5.5788 6.5696 -1.7029 80 200 120
-0.1232 -1.3240 -0.8993 80 200 120
-1.3629 1.2607 -0.2350 80 200 120
3.0839 4.9980 -2.7429 80 200 120
5.7312 2.4710 -2.0968 80 200 120
4.7224 -0.1601 -1.4862 80 200 120
3.3579 4.7665 -2.9380 80 200 120
4.1245 -1.5418 0.1566 80 200 120
-0.4983 0.2607 -2.2024 80 200 120
0.4791 4.4561 -2.1374 80 200 120
-1.7240 0.5293 -2.8329 80 200 120
-0.5674 -1.4726 -0.8949 80 200 120
-0.4889 3.7978 -0.0477 80 200 120
1.0560 7.2574 -1.1017 80 200 120
-0.3932 2.7711 -2.3303 80 200 120
-0.0524 -2.0896 -0.7685 80 200 120
1.3273 -0.6439 0.0500 80 200 120
0.5680 6.0492 0.3349 80 200 120
0.5096 0.2095 0.4540 80 200 120
1.3101 0.7897 0.4593 80 200 120
4.9524 3.6569 -1.7157 80 200 120
3.7263 4.2089 -1.4812 80 200 120
4.1269 1.8537 -2.7939 80 200 120
3.6381 -3.5334 -0.8571 80 200 120
2.7703 1.9403 -1.8184 80 200 120
-1.9487 0.7408 -0.1494 80 200 120
5.5366 6.7153 0.0574 80 200 120
6.1690 5.6911 -1.1353 80 200 120
6.4429 5.4654 -1.1912 80 200 120
3.8081 5.3623 -1.7019 80 200 120
0.3541 4.4552 -2.1946 80 200 120
0.9194 4.1837 -2.1857 80 200 120
0.2829 4.9657 -2.3819 80 200 120
1.9596 4.2775 -2.8222 80 200 120
3.4625 4.6199 -2.9453 80 200 120
3.5591 5.1527 -2.6729 80 200 120
3.7506 5.3491 -2.8333 80 200 120
3.9026 5.4011 -2.2327 80 200 120
5.7154 6.1017 -2.9522 80 200 120
1.5712 4.6227 -2.7796 80 200 120
3.8925 5.3613 -1.7999 80 200 120
5.7497 6.4715 -2.8831 80 200 120
3.4779 5.1746 -2.7312 80 200 120
3.7310 6.9066 -2.8580 80 200 120
5.8527 1.4355 -1.2366 80 200 120
2.0385 4.4687 -2.8822 80 200 120
3.2269 4.0841 -1.7069 80 200 120
6.1018 6.2663 -2.7632 80 200 120
3.2751 4.2826 -1.6678 80 200 120
3.2730 5.1697 -1.2183 80 200 120
3.7609 7.5834 -2.8647 80 200 120
4.9559 2.9570 -1.7221 80 200 120
4.4052 -2.5126 -1.7002 80 200 120
1.9732 4.2790 -2.8236 80 200 120
2.1458 6.5900 -2.8846 80 200 120
5.8558 1.1997 -2.1164 80 200 120
6.3948 5.9024 -1.1721 80 200 120
0.6220 2.3975 -2.7642 80 200 120
0.8867 3.1806 -2.8264 80 200 120
3.3627 0.3536 -1.9616 80 200 120
0.0733 -0.4135 -2.5191 80 200 120
3.3848 4.6272 -2.7173 80 200 120
3.2338 4.0698 -1.8452 80 200 120
1.0294 6.2450 -2.5752 80 200 120
-0.9092 3.1137 -0.2287 80 200 120
-1.4142 2.1394 0.3991 80 200 120
3.1192 4.8867 -2.5960 80 200 120
3.2504 5.1488 -2.9415 80 200 120
0.9345 5.3826 -2.3193 80 200 120
-0.9424 1.9841 -0.9613 80 200 120
1.9494 -1.0153 0.0677 80 200 120
-0.2303 2.6664 -1.2551 80 200 120
0.9871 6.7441 0.0861 80 200 120
1.8371 -0.1509 0.3826 80 200 120
1.7967 2.0530 0.3762 80 200 120
0.1275 1.7801 0.3608 80 200 120
-0.3128 -1.5554 0.2322 80 200 120
3.8317 -3.8531 -1.5472 80 200 120
-0.7117 3.1713 0.3275 80 200 120
1.9607 1.7854 -1.9733 80 200 120
3.4991 1.3156 -2.1518 80 200 120
-0.9390 2.8578 0.1050 80 200 120
1.5117 5.8518 -0.4722 80 200 120
7.8597 5.0536 -0.0007 80 200 120
6.5561 6.1267 -1.6034 80 200 120
6.8808 5.4768 -1.5990 80 200 120
2.6816 8.1602 -1.8310 80 200 120
1.9229 6.0416 -0.8427 80 200 120
1.7242 6.2751 0.3855 80 200 120
5.5982 6.6774 -0.2337 80 200 120
3.3648 5.1559 -2.6885 80 200 120
7.0440 6.2233 -3.0734 80 200 120
0.6961 3.3677 -2.5876 80 200 120
0.9380 5.4115 -2.3230 80 200 120
-0.4622 3.1413 -2.4684 80 200 120
-0.2454 3.6775 -2.2903 80 200 120
0.8314 3.9536 -2.3525 80 200 120
4.2882 -0.0932 -2.9317 80 200 120
3.7563 1.1382 -2.2304 80 200 120
3.4845 1.8221 -2.8475 80 200 120
1.8574 8.2916 -2.9819 80 200 120
2.7445 8.0013 -1.9900 80 200 120
1.7409 7.2388 -2.8277 80 200 120
6.0645 6.3083 0.2031 80 200 120
3.4698 7.6589 -2.8088 80 200 120
3.4221 4.7042 -2.3142 80 200 120
3.6009 5.1597 -2.6419 80 200 120
3.7682 5.3286 -2.7442 80 200 120
-1.3890 1.3679 -2.6246 80 200 120
3.1885 0.3968 -2.0048 80 200 120
0.7593 5.6285 -2.7269 80 200 120
0.8953 5.1932 -2.2521 80 200 120
0.7376 4.9467 -2.2666 80 200 120
2.0506 0.5736 -1.6027 80 200 120
-1.9638 0.0544 -2.1194 80 200 120
0.8082 4.6660 -2.4368 80 200 120
0.9305 4.7481 -2.7641 80 200 120
3.7652 0.9864 -2.0233 80 200 120
4.4855 3.7270 -1.8808 80 200 120
4.1745 -3.1464 0.4043 80 200 120
4.3262 3.6413 -1.8426 80 200 120
0.6109 7.6990 -3.3052 80 200 120
1.8770 3.3789 0.3737 80 200 120
1.7364 5.9533 0.4176 80 200 120
1.8183 -0.6251 -0.1879 80 200 120
-0.5521 1.0284 -2.4661 80 200 120
0.8701 6.8230 -1.2804 80 200 120
3.0739 1.4347 0.3799 80 200 120
-1.7681 0.8201 -2.8004 80 200 120
-2.4106 -0.4373 0.5480 80 200 120
2.9535 -9.1902 -2.1420 80 200 120
3.8314 1.7666 -2.7741 80 200 120
5.5144 0.7923 -2.7103 80 200 120
3.7034 4.5525 -1.0803 80 200 120
6.3409 6.0693 0.2087 80 200 120
1.7090 8.4232 -1.7421 80 200 120
7.0392 5.0872 0.4988 80 200 120
5.8940 6.5268 0.3166 80 200 120
5.9167 6.6749 -1.2051 80 200 120
4.6670 5.7724 -2.9237 80 200 120
3.7062 7.4496 -2.7817 80 200 120
5.1373 5.9153 -2.9230 80 200 120
4.3847 -0.0019 -2.6682 80 200 120
3.9009 0.9164 -2.5487 80 200 120
4.1391 0.2692 -2.6921 80 200 120
1.6921 7.7965 -2.9657 80 200 120
3.4673 4.6481 -1.7057 80 200 120
6.7670 5.2294 -2.4440 80 200 120
7.7442 5.6196 0.2821 80 200 120
5.5331 2.4114 -1.5133 80 200 120
2.2396 2.0913 -2.8918 80 200 120
7.1556 6.0483 -1.2448 80 200 120
6.4710 6.1053 0.2451 80 200 120
8.0235 5.7965 -0.2755 80 200 120
3.2285 3.2447 -2.8193 80 200 120
7.8824 5.5590 -2.2987 80 200 120
7.1358 5.7961 -3.0116 80 200 120
3.3956 5.1683 -1.4295 80 200 120
2.2781 2.2638 -2.4484 80 200 120
4.6974 5.1627 -1.9418 80 200 120
5.2033 -0.7344 -1.4067 80 200 120
7.4181 6.0103 -0.6037 80 200 120
1.9725 3.8767 -2.7709 80 200 120
0.8335 4.0280 -2.7397 80 200 120
1.2882 2.4545 -2.7296 80 200 120
0.9053 5.0317 -2.8266 80 200 120
2.6960 0.2506 -1.6633 80 200 120
0.8137 5.5550 -2.3213 80 200 120
-0.3789 1.2501 -2.3676 80 200 120
-1.6985 0.3040 0.1040 80 200 120
-1.7604 2.2291 0.3365 80 200 120
1.1724 7.0036 0.5064 80 200 120
0.6379 6.4815 0.1215 80 200 120
-1.2609 1.6115 -0.1161 80 200 120
-0.5402 0.5811 -2.3997 80 200 120
0.8179 6.4265 0.2947 80 200 120
1.5188 8.4851 -0.2895 80 200 120
-1.4359 1.5372 -2.7899 80 200 120
-1.1935 2.3610 -2.2379 80 200 120
-2.0521 -0.0438 -2.8303 80 200 120
3.7444 0.0632 -2.4711 80 200 120
3.1653 5.1398 0.3527 80 200 120
6.3977 6.4466 0.2697 80 200 120
2.2180 1.5511 -1.8657 80 200 120
4.8142 0.3609 -2.8193 80 200 120
6.8557 5.7293 0.2039 80 200 120
4.1430 1.4633 -1.6466 80 200 120
2.8594 1.8720 -1.9328 80 200 120
1.4726 -0.0518 -1.8652 80 200 120
5.4520 5.7890 0.5001 80 200 120
5.1609 -0.6286 -1.3613 80 200 120
1.5601 5.9073 -0.6142 80 200 120
5.4536 4.8989 -0.1616 80 200 120
5.8433 6.6945 -1.7644 80 200 120
1.1802 7.3022 -1.1076 80 200 120
4.5257 5.0011 -0.5908 80 200 120
2.6968 8.0319 -1.7973 80 200 120
1.0001 4.4652 -2.2177 80 200 120
3.8534 5.3883 -2.8432 80 200 120
6.1306 6.3677 -2.8287 80 200 120
4.2935 -0.0815 -2.9728 80 200 120
4.8749 3.4071 -1.7121 80 200 120
6.5348 6.0664 -2.8504 80 200 120
7.5866 5.9527 0.4292 80 200 120
1.7079 3.2651 -2.9122 80 200 120
3.3961 4.6909 -1.0629 80 200 120
3.1996 4.8507 -1.1958 80 200 120
7.9647 5.6716 -2.9635 80 200 120
3.3694 5.1655 -1.3183 80 200 120
2.8091 2.6463 -2.9051 80 200 120
3.4901 1.8380 -2.9058 80 200 120
2.8878 2.5334 -2.6742 80 200 120
2.8698 2.6308 -2.3865 80 200 120
2.9188 2.5632 -2.5661 80 200 120
3.8034 1.7372 -2.9816 80 200 120
3.0654 1.9307 -2.5142 80 200 120
4.4329 -0.4119 -2.5502 80 200 120
1.8703 2.7818 -2.7857 80 200 120
2.6471 2.9271 -2.8841 80 200 120
3.5561 3.6390 -2.3829 80 200 120
3.4586 4.7063 -2.1925 80 200 120
4.4957 -1.3651 -1.2595 80 200 120
0.6024 6.2499 -2.8920 80 200 120
3.2964 4.2781 -1.6758 80 200 120
3.6289 5.1911 -2.7495 80 200 120
3.4646 4.7168 -1.6365 80 200 120
-1.4077 1.0906 0.2607 80 200 120
0.9744 5.5283 -2.8892 80 200 120
3.3998 5.1707 -2.6268 80 200 120
3.1002 4.8977 -2.5266 80 200 120
3.3507 4.4859 -2.1973 80 200 120
3.8963 -2.1775 0.2770 80 200 120
0.4938 5.9192 -0.9875 80 200 120
-0.1658 4.6190 0.1718 80 200 120
1.2010 7.6095 -0.1696 80 200 120
-0.3023 4.0774 0.4384 80 200 120
1.1800 7.1204 0.1677 80 200 120
0.9663 5.0684 0.4144 80 200 120
1.0225 4.2753 0.3966 80 200 120
1.1942 5.4107 0.3717 80 200 120
1.7853 4.3235 0.3887 80 200 120
-1.8275 -0.8525 -0.5912 80 200 120
-0.3752 3.8442 -2.1552 80 200 120
-0.6816 3.3868 -1.7610 80 200 120
-0.5041 2.9261 -2.4577 80 200 120
-1.5946 -0.9974 -1.8040 80 200 120
0.0751 2.9491 0.3214 80 200 120
0.2518 5.4991 -1.2967 80 200 120
0.2209 5.3477 0.1611 80 200 120
4.2546 -3.4943 0.6589 80 200 120
1.9358 -0.0323 -1.7215 80 200 120
3.5662 4.6496 -1.0474 80 200 120
2.6365 1.4471 -1.9166 80 200 120
2.0037 2.1526 -1.7936 80 200 120
3.7900 -3.5052 -1.5888 80 200 120
4.4674 4.1405 0.4126 80 200 120
3.3953 1.4731 -2.5362 80 200 120
5.5101 1.9197 -2.5164 80 200 120
1.2123 5.9839 -0.0138 80 200 120
4.0491 5.0522 -0.2183 80 200 120
3.4504 7.7184 -0.3910 80 200 120
5.4855 5.4316 -1.0934 80 200 120
6.0941 6.5861 -3.1733 80 200 120
3.1673 4.3754 -2.6162 80 200 120
3.1895 5.3726 -2.8445 80 200 120
1.7362 7.6314 -2.8869 80 200 120
0.3515 3.3413 -2.3354 80 200 120
0.3159 4.4463 -2.2242 80 200 120
0.8492 4.1694 -2.2364 80 200 120
0.2292 4.1414 -2.2189 80 200 120
-0.3304 3.5937 -2.3475 80 200 120
-1.3980 2.2651 -2.8288 80 200 120
1.1228 3.2139 -2.7227 80 200 120
1.2151 6.6383 -2.9942 80 200 120
1.2411 6.3388 -2.9739 80 200 120
2.8168 2.5946 -2.8032 80 200 120
5.0867 -1.3193 -2.1964 80 200 120
2.5177 2.3511 -3.0241 80 200 120
3.4922 2.7386 -2.8256 80 200 120
6.8975 6.2513 -0.5678 80 200 120
3.2617 1.9431 -2.6727 80 200 120
3.4416 1.4105 -2.1784 80 200 120
1.0763 2.8190 -2.8054 80 200 120
2.7907 1.7323 -1.9307 80 200 120
-0.1702 3.7069 -2.2992 80 200 120
4.8371 2.9638 -2.0970 80 200 120
4.2606 3.8782 -1.7585 80 200 120
3.4726 2.7401 -2.8008 80 200 120
1.4685 6.3687 -2.2832 80 200 120
4.3226 3.5522 -1.2626 80 200 120
-0.8921 2.4429 0.1983 80 200 120
3.6770 -2.3829 -1.4236 80 200 120
3.1192 -2.3656 0.1168 80 200 120
-0.8075 3.1631 -0.2638 80 200 120
-0.1725 4.4894 -0.8599 80 200 120
0.0873 5.0716 -0.3129 80 200 120
0.5001 6.0230 0.0622 80 200 120
0.1626 5.2723 0.4232 80 200 120
0.3623 5.5767 -0.6701 80 200 120
-0.0075 3.4194 0.3725 80 200 120
1.3376 3.4878 0.3375 80 200 120
0.4518 2.1929 0.3985 80 200 120
1.2485 2.7487 0.3570 80 200 120
-0.6621 2.7863 0.4396 80 200 120
-0.3914 4.0407 -1.8682 80 200 120
2.3321 1.5560 0.4923 80 200 120
-0.6211 -0.8179 0.4908 80 200 120
1.7852 -0.3035 0.0806 80 200 120
1.9910 -0.9118 0.0286 80 200 120
3.8247 -4.1770 0.7748 80 200 120
3.6207 -3.9882 0.4025 80 200 120
3.1135 -2.5495 0.0374 80 200 120
2.8289 -3.0650 0.5718 80 200 120
3.2698 -3.5540 0.4957 80 200 120
2.3729 -1.7386 0.4869 80 200 120
1.0279 1.0594 0.5208 80 200 120
3.2559 1.5639 0.3973 80 200 120
1.6996 -0.5260 -1.1085 80 200 120
2.2239 -1.6651 -0.4187 80 200 120
4.0454 -2.8840 0.1843 80 200 120
5.1182 5.3554 -1.2656 80 200 120
3.4787 5.1778 -0.5124 80 200 120
4.8590 -0.7846 -3.5321 80 200 120
3.6474 5.1824 -0.5647 80 200 120
2.7010 8.0350 -1.7828 80 200 120
5.8131 6.7115 -1.7700 80 200 120
0.7130 3.5351 -1.9117 80 200 120
-1.5865 2.0493 -2.4838 80 200 120
0.6390 3.3106 -2.6517 80 200 120
0.6666 3.8298 -2.2590 80 200 120
3.7191 5.2780 -2.8951 80 200 120
1.0006 2.5660 -3.0216 80 200 120
0.4585 4.7296 -2.2005 80 200 120
0.4774 3.1808 -2.4624 80 200 120
0.9497 4.6036 -2.1338 80 200 120
1.5163 8.4003 -2.7793 80 200 120
1.1192 7.0003 -3.0641 80 200 120
1.5352 8.0260 -2.8026 80 200 120
6.7649 4.9353 -1.4164 80 200 120
3.5299 4.5949 -1.5854 80 200 120
3.2359 4.0227 -1.9295 80 200 120
4.0949 4.1106 -1.6687 80 200 120
3.2886 0.8077 -2.9326 80 200 120
3.5339 1.7768 -2.8242 80 200 120
2.2765 3.0640 -2.8156 80 200 120
3.6666 1.5300 -2.8658 80 200 120
3.9996 1.8986 -2.8363 80 200 120
3.5684 1.3025 -2.8968 80 200 120
3.1356 1.9367 -2.5947 80 200 120
2.3373 2.1053 -2.9287 80 200 120
3.5044 1.0491 -2.0060 80 200 120
0.1426 1.2659 -2.1604 80 200 120
2.0802 3.1929 -2.7875 80 200 120
3.5278 5.1797 -2.5837 80 200 120
3.6762 5.3207 -2.6638 80 200 120
3.2830 5.1488 -2.9224 80 200 120
0.1825 0.7385 -2.6910 80 200 120
0.2094 -0.8488 -2.8232 80 200 120
3.0186 4.9987 -2.5376 80 200 120
0.5377 4.2831 -2.2526 80 200 120
1.9208 -0.8099 -0.7415 80 200 120
0.5582 5.9839 -2.8068 80 200 120
7.0672 0.0446 -1.3242 80 200 120
0.8541 2.9269 0.3191 80 200 120
1.1388 3.8078 0.4165 80 200 120
-0.6720 3.2444 -0.1178 80 200 120
1.9414 3.8447 0.2714 80 200 120
-0.6865 3.2687 -0.7150 80 200 120
-0.9088 2.8049 0.1101 80 200 120
-0.4675 3.7820 0.3698 80 200 120
1.1031 7.1752 -1.1214 80 200 120
-1.0700 2.3281 -1.7771 80 200 120
0.0341 3.8630 -2.2129 80 200 120
-0.3101 1.8947 -1.0118 80 200 120
-0.0654 1.9550 -1.4522 80 200 120
1.5455 1.1095 0.5206 80 200 120
2.6637 1.2153 0.3567 80 200 120
1.8841 -0.6146 0.1057 80 200 120
2.2985 -1.2827 0.4646 80 200 120
-0.3629 -1.7007 -0.7951 80 200 120
0.6602 -2.1192 0.4147 80 200 120
6.9586 0.8938 -3.2654 80 200 120
2.2602 -0.0367 -1.5835 80 200 120
-0.9328 2.3845 0.3077 80 200 120
3.4952 4.6878 -1.0250 80 200 120
5.8749 6.2844 0.0928 80 200 120
6.8651 6.2353 -0.5428 80 200 120
2.2620 1.4048 -1.9183 80 200 120
4.9811 -0.5502 -2.0157 80 200 120
2.8432 2.1692 -1.8147 80 200 120
6.5133 5.9442 -1.1530 80 200 120
7.1929 5.7761 -0.4226 80 200 120
4.6546 2.0395 -1.6232 80 200 120
7.9151 5.5562 -1.2362 80 200 120
1.2630 -0.4904 -1.8541 80 200 120
1.8369 7.9447 -1.6316 80 200 120
3.8686 5.0543 -0.4124 80 200 120
1.0237 6.8953 -0.6530 80 200 120
7.9972 6.4632 -1.8416 80 200 120
2.2677 8.1407 -1.5275 80 200 120
4.2359 7.1719 -1.5765 80 200 120
0.8230 5.0068 -2.3052 80 200 120
3.0494 4.9404 -2.5076 80 200 120
0.9574 4.4205 -2.2569 80 200 120
3.8013 5.3791 -2.7822 80 200 120
1.0313 3.0718 -2.8262 80 200 120
0.9692 6.8162 -2.8050 80 200 120
1.6954 3.2684 -2.8697 80 200 120
3.6105 1.5049 -2.1211 80 200 120
3.4547 1.4842 -1.9255 80 200 120
3.5071 1.2431 -2.2876 80 200 120
3.5933 4.5646 -1.0869 80 200 120
7.4243 5.5100 -1.5978 80 200 120
5.0900 5.8304 -2.8994 80 200 120
3.4358 5.1571 -1.4795 80 200 120
2.6877 2.6313 -2.3478 80 200 120
3.1366 1.6184 -2.4747 80 200 120
2.0668 2.0193 -2.4808 80 200 120
0.6154 1.9986 -2.7161 80 200 120
4.0388 3.7842 -1.2399 80 200 120
0.9143 6.3753 -2.6464 80 200 120
-0.0048 2.7006 -0.5564 80 200 120
3.1862 4.1910 -1.6393 80 200 120
2.1862 1.5568 -2.3039 80 200 120
3.5043 4.7016 -1.6567 80 200 120
3.1982 5.1526 -2.2792 80 200 120
3.2434 4.3211 -1.6257 80 200 120
3.3921 4.7409 -2.0633 80 200 120
2.0277 0.6751 -0.0383 80 200 120
4.5520 -0.6189 -0.6636 80 200 120
0.1069 0.2228 0.5315 80 200 120
-1.4027 1.6421 0.2918 80 200 120
1.7338 2.0229 0.3967 80 200 120
-0.5088 1.8950 0.2444 80 200 120
2.6444 -3.3312 0.5321 80 200 120
-1.1435 2.4065 -2.2368 80 200 120
0.0369 2.5969 -1.2270 80 200 120
2.4106 1.7840 0.4036 80 200 120
3.7753 -0.1924 0.4383 80 200 120
2.0455 0.6409 0.3822 80 200 120
4.3218 0.1781 0.5344 80 200 120
2.5182 0.6888 -1.6970 80 200 120
7.4358 5.6382 0.2097 80 200 120
4.3968 -0.2153 -2.6361 80 200 120
4.8164 2.3199 -2.1989 80 200 120
3.2370 2.1330 -2.2584 80 200 120
2.6862 5.1271 -0.8836 80 200 120
4.9577 -0.0407 -1.2968 80 200 120
3.7628 1.9404 -1.2706 80 200 120
2.6821 8.0128 -1.7868 80 200 120
2.6344 7.9098 -2.0264 80 200 120
6.7062 4.6517 0.1877 80 200 120
7.0600 5.5032 -1.1811 80 200 120
3.2682 7.7006 -1.7734 80 200 120
1.1369 7.2598 -0.6108 80 200 120
0.6042 5.7298 -2.7250 80 200 120
3.1087 4.2462 -2.5146 80 200 120
3.5335 4.6494 -3.0361 80 200 120
0.6593 3.3717 -2.5866 80 200 120
-1.1619 1.9970 -2.6448 80 200 120
0.6157 2.5908 -2.7028 80 200 120
0.6435 3.8112 -2.2675 80 200 120
0.6386 3.0450 -2.4467 80 200 120
3.9171 5.3969 -2.3403 80 200 120
3.1948 4.7852 -1.0337 80 200 120
4.7460 -0.1145 -2.0452 80 200 120
4.2975 5.3230 -1.8730 80 200 120
7.8835 5.6317 0.3358 80 200 120
3.9031 5.4073 -1.9765 80 200 120
3.2124 1.5645 -2.3926 80 200 120
1.4736 4.6099 -2.7622 80 200 120
1.0706 5.3585 -2.9004 80 200 120
0.5940 3.3115 -0.8824 80 200 120
3.7956 5.3434 -2.3288 80 200 120
-1.7776 -0.1549 0.5046 80 200 120
0.5755 3.3973 -0.6941 80 200 120
-2.1815 -0.1215 0.0246 80 200 120
-1.7266 0.8904 0.1889 80 200 120
-0.9810 2.3907 0.4475 80 200 120
-0.3810 1.1783 0.3096 80 200 120
0.7995 0.2582 0.5354 80 200 120
3.4745 -0.3125 0.6796 80 200 120
1.6798 7.9266 -0.3830 80 200 120
-0.7659 -1.2511 -0.3888 80 200 120
0.5245 4.4711 -1.8423 80 200 120
-0.6754 -1.2844 -1.7012 80 200 120
2.0977 2.6835 0.4503 80 200 120
1.8061 7.8297 0.1436 80 200 120
1.7967 -0.1715 -0.0830 80 200 120
5.1807 0.7988 0.5025 80 200 120
5.3611 0.6277 0.3600 80 200 120
3.7520 4.0822 -1.5271 80 200 120
4.5751 0.8195 -2.6268 80 200 120
3.4269 4.5567 -1.3065 80 200 120
3.2855 0.9669 -1.8594 80 200 120
4.0992 4.3362 0.1715 80 200 120
-1.6215 1.4106 0.4326 80 200 120
3.3696 5.1691 -0.5716 80 200 120
7.2131 5.5160 -1.5345 80 200 120
6.1358 6.3596 0.2426 80 200 120
7.9366 5.1030 -0.0964 80 200 120
1.1004 7.3870 -1.1215 80 200 120
2.0259 8.4504 -1.4522 80 200 120
6.3839 6.9490 -1.9353 80 200 120
4.0902 4.9911 -0.2848 80 200 120
1.7628 8.1599 -1.7006 80 200 120
3.8406 5.0449 -0.2270 80 200 120
1.0328 5.1860 -2.7882 80 200 120
0.5567 3.6652 -2.0744 80 200 120
0.5608 5.9692 -2.7524 80 200 120
-0.6103 3.1034 -2.4936 80 200 120
0.6182 4.2776 -2.1704 80 200 120
3.4410 5.1464 -1.5036 80 200 120
3.7815 5.0946 -1.4186 80 200 120
3.5539 5.1388 -1.4328 80 200 120
8.0193 6.3359 0.6830 80 200 120
6.5096 6.4677 0.3435 80 200 120
3.5445 5.1277 -1.7985 80 200 120
4.5973 0.6439 -3.0879 80 200 120
5.4589 6.8277 0.3848 80 200 120
5.7303 4.6838 -1.5990 80 200 120
1.6913 6.2335 -2.8356 80 200 120
3.3500 2.3024 -2.8356 80 200 120
0.8304 3.6994 -2.6622 80 200 120
3.7164 1.1322 -2.8948 80 200 120
5.6420 0.2780 -3.0601 80 200 120
-0.4669 0.5783 -2.8868 80 200 120
3.6861 1.0572 -1.9628 80 200 120
4.3220 1.1681 -2.4241 80 200 120
3.1122 2.4794 -2.7641 80 200 120
3.4694 5.1739 -2.5244 80 200 120
3.5829 5.3280 -2.5300 80 200 120
4.2981 3.3832 -1.8717 80 200 120
4.5892 -1.3533 -1.2422 80 200 120
3.6541 4.2759 -1.2243 80 200 120
0.8681 6.5092 -0.9053 80 200 120
0.8777 3.4656 -0.9564 80 200 120
-0.1273 3.5587 -2.2524 80 200 120
-0.8339 -0.0427 -2.4511 80 200 120
-0.1752 4.6568 -1.9319 80 200 120
-1.6838 0.2756 -2.7358 80 200 120
0.6946 -2.3915 -0.6086 80 200 120
0.7196 2.0279 0.4284 80 200 120
4.1548 -2.4622 0.7296 80 200 120
1.5922 -0.1317 0.3555 80 200 120
4.9097 -3.1381 0.5097 80 200 120
3.3498 0.2353 0.3745 80 200 120
2.6301 2.2407 0.2769 80 200 120
4.0078 0.6942 0.4800 80 200 120
5.2499 -2.1258 0.7095 80 200 120
6.0728 0.7961 0.3443 80 200 120
12.6697 5.8229 -3.4578 80 200 120
3.9826 4.4023 -1.1156 80 200 120
3.8704 4.4573 -1.5036 80 200 120
4.5662 0.6036 -2.2136 80 200 120
7.1419 6.0874 -1.2089 80 200 120
4.0260 1.1431 -2.5427 80 200 120
0.7009 6.2530 0.3105 80 200 120
7.6485 5.1162 0.6213 80 200 120
5.8055 5.8956 -0.9278 80 200 120
4.8441 7.1177 -1.9052 80 200 120
0.8277 4.7113 -2.4233 80 200 120
3.7398 5.3830 -2.1831 80 200 120
3.9421 5.3421 -2.6029 80 200 120
3.8665 5.3711 -2.8356 80 200 120
1.7437 3.4009 -2.7309 80 200 120
1.5724 6.4822 -2.7918 80 200 120
0.5600 3.3502 -2.1650 80 200 120
3.5363 3.4850 -2.7487 80 200 120
2.3267 2.0304 -3.0931 80 200 120
4.2157 5.0096 -1.1118 80 200 120
5.6627 6.6524 -1.7505 80 200 120
5.7812 6.3633 -0.1438 80 200 120
1.0657 5.4690 -2.8361 80 200 120
2.2397 2.2455 -2.6201 80 200 120
7.4673 5.1817 -0.0123 80 200 120
1.1471 6.3393 -2.7895 80 200 120
1.5707 2.9379 -3.2145 80 200 120
0.6320 3.9002 -2.1685 80 200 120
3.1015 1.5774 -2.4227 80 200 120
2.7562 2.5156 -2.4783 80 200 120
2.2600 2.1251 -1.6545 80 200 120
1.9926 0.9399 -1.8497 80 200 120
1.1832 4.1421 -2.8275 80 200 120
2.8770 2.9648 -2.8418 80 200 120
4.0773 4.3811 -1.6421 80 200 120
-1.5751 -0.6354 0.0374 80 200 120
-0.8224 -0.3696 0.5190 80 200 120
1.1840 4.1646 -0.8903 80 200 120
1.3573 -0.9201 -0.0905 80 200 120
0.5477 6.0651 -0.9191 80 200 120
0.2867 4.0288 -2.0378 80 200 120
0.1712 5.1402 -0.2118 80 200 120
1.2269 6.5165 -0.5126 80 200 120
-0.0280 4.0433 -2.2795 80 200 120
5.0775 -2.1554 -0.4834 80 200 120
4.1218 0.3357 0.4597 80 200 120
3.6513 -1.2835 0.4843 80 200 120
6.8038 5.0997 -1.6274 80 200 120
7.3770 5.6332 0.2223 80 200 120
6.4537 5.8856 -0.6647 80 200 120
4.9315 4.8961 -0.1310 80 200 120
6.4129 6.0351 0.2165 80 200 120
6.1438 5.6378 -0.4477 80 200 120
6.1065 6.3483 0.2004 80 200 120
6.4146 6.1314 -0.5427 80 200 120
2.2520 1.5173 -1.8698 80 200 120
6.4625 1.5949 -1.8106 80 200 120
3.6416 4.5816 0.2416 80 200 120
2.6318 8.0020 -2.0658 80 200 120
3.3142 7.8062 -1.8198 80 200 120
4.4957 5.3586 0.3907 80 200 120
6.0778 6.8241 -1.8546 80 200 120
5.2672 7.1299 -1.4215 80 200 120
-1.0528 1.3793 -2.6515 80 200 120
3.2368 4.1105 -2.8764 80 200 120
-1.0640 2.4932 -2.2978 80 200 120
0.8241 5.6205 -2.8052 80 200 120
3.9378 0.9733 -2.8128 80 200 120
1.7111 8.3634 -2.9621 80 200 120
1.2862 6.5816 -2.9790 80 200 120
4.6418 5.7702 -2.8609 80 200 120
1.7040 7.7444 -2.9645 80 200 120
6.3371 4.7057 0.0738 80 200 120
1.9894 3.6448 -2.8178 80 200 120
3.1626 1.9826 -2.6229 80 200 120
3.7664 0.9880 -2.7245 80 200 120
0.3432 4.2414 -2.1292 80 200 120
1.9405 4.1085 -2.8090 80 200 120
0.7680 1.7835 -2.7559 80 200 120
3.5659 5.1608 -2.6817 80 200 120
0.4301 4.4440 -2.1988 80 200 120
3.1937 5.1029 -2.8574 80 200 120
2.7351 1.5044 -1.5749 80 200 120
-0.2636 0.2393 -2.5858 80 200 120
-0.6263 3.3808 0.3212 80 200 120
1.9198 -3.4840 -0.7811 80 200 120
1.8439 -0.2547 -0.0193 80 200 120
0.3720 2.0566 -1.7550 80 200 120
-0.0546 -2.3514 -1.9268 80 200 120
-1.8419 9.2885 -0.6547 80 200 120
-1.3595 1.0724 -2.7994 80 200 120
0.0430 4.2800 -2.0589 80 200 120
2.3610 1.0174 0.4143 80 200 120
-0.0316 4.8635 -0.3725 80 200 120
0.6520 5.3108 -1.6843 80 200 120
5.4051 -0.0743 0.5004 80 200 120
2.2068 -0.0548 0.2962 80 200 120
3.0081 1.6255 0.3775 80 200 120
5.5254 0.5043 0.1939 80 200 120
4.5733 1.6362 -1.6521 80 200 120
3.9312 3.9327 -1.6215 80 200 120
5.4786 6.7110 0.3075 80 200 120
3.8255 5.0636 0.0553 80 200 120
4.9753 6.9238 0.3136 80 200 120
5.6620 5.0075 -1.7637 80 200 120
4.3897 3.7720 -1.2228 80 200 120
8.2162 5.5687 -2.3087 80 200 120
3.7527 -0.1184 -1.5036 80 200 120
3.6724 5.0777 -0.1632 80 200 120
3.6926 5.0733 -0.3474 80 200 120
1.7066 8.4330 -1.7555 80 200 120
0.8801 6.6378 0.3584 80 200 120
2.8907 7.8621 -1.7679 80 200 120
5.1269 5.1395 0.2365 80 200 120
0.6234 3.4441 -2.1081 80 200 120
-1.0834 2.1701 -2.6507 80 200 120
0.3677 3.5070 -2.1771 80 200 120
0.9979 4.2614 -2.7688 80 200 120
3.9348 0.6684 -2.6623 80 200 120
1.3252 7.2377 -2.1719 80 200 120
3.2881 4.3128 -1.6591 80 200 120
2.2844 2.2725 -2.7660 80 200 120
0.5423 3.5326 -2.2487 80 200 120
0.9502 4.2263 -2.1702 80 200 120
3.9845 1.7313 -2.6647 80 200 120
3.1766 1.2056 -2.6030 80 200 120
2.6487 2.4184 -1.8832 80 200 120
1.6605 4.8497 -2.8156 80 200 120
1.9553 0.6552 -2.2018 80 200 120
3.3364 3.8216 -2.4528 80 200 120
3.3033 4.7090 -2.6333 80 200 120
3.3968 4.7513 -1.5907 80 200 120
3.6893 5.3720 -2.1204 80 200 120
3.7558 5.3870 -2.4856 80 200 120
-1.1903 -2.4818 -3.2339 80 200 120
7.2830 -39.3979 4.4257 80 200 120
4.9005 -9.0782 1.8092 80 200 120
0.1178 3.9976 -2.2488 80 200 120
0.8168 -1.9537 -1.1576 80 200 120
2.8412 2.7839 0.4673 80 200 120
0.9727 6.7762 -0.4415 80 200 120
1.0888 6.9277 -0.5518 80 200 120
1.2222 4.2938 -0.8533 80 200 120
2.1120 2.6208 0.4950 80 200 120
2.4099 0.9480 0.2805 80 200 120
2.0440 2.5502 0.3506 80 200 120
0.4724 -1.4927 -0.7694 80 200 120
4.8939 1.0605 -2.7187 80 200 120
2.5227 2.0122 -1.8521 80 200 120
5.4402 0.9355 -2.6224 80 200 120
5.5654 4.7316 -1.3035 80 200 120
2.8463 1.1782 -1.7219 80 200 120
4.5477 0.1329 -1.8842 80 200 120
6.1031 4.7458 -0.6662 80 200 120
5.6245 6.7212 0.0455 80 200 120
3.2929 7.7283 -1.9662 80 200 120
4.5167 6.7207 0.3193 80 200 120
3.0526 7.8566 -1.6742 80 200 120
5.6661 6.9098 -1.1306 80 200 120
7.6895 4.6958 0.4138 80 200 120
4.5853 5.1629 0.5228 80 200 120
0.6650 5.5871 -2.4397 80 200 120
0.5725 2.4626 -2.7747 80 200 120
1.7110 3.3340 -2.8019 80 200 120
3.8466 5.3383 -2.4894 80 200 120
3.1499 4.2295 -2.6852 80 200 120
0.6880 2.1535 -2.8631 80 200 120
4.6614 3.8104 -1.2758 80 200 120
3.6748 5.0780 -1.3928 80 200 120
4.6291 5.0795 -1.7345 80 200 120
1.1710 5.4761 -2.7166 80 200 120
7.3949 -2.4859 -2.6593 80 200 120
8.2897 5.6631 0.4331 80 200 120
3.8739 5.1464 -1.6053 80 200 120
5.7180 6.1116 -2.8802 80 200 120
1.3601 7.8137 -2.7555 80 200 120
4.8577 3.0807 -1.3823 80 200 120
4.3186 3.8502 -1.2629 80 200 120
0.8930 3.8674 -2.7756 80 200 120
2.2472 2.1850 -2.6213 80 200 120
1.5783 0.1072 -2.8573 80 200 120
1.3627 5.6415 -2.8752 80 200 120
4.9500 -1.4749 -1.9721 80 200 120
3.3694 3.8316 -1.7625 80 200 120
3.6824 5.3298 -2.6941 80 200 120
-2.1918 0.1814 0.3768 80 200 120
0.5684 5.1198 -2.2832 80 200 120
4.8463 3.0405 -1.4255 80 200 120
5.4460 2.8313 -1.7074 80 200 120
-0.1991 1.6028 -2.0769 80 200 120
-0.7157 2.9684 -2.5357 80 200 120
-0.7986 2.4633 -2.6633 80 200 120
-1.8253 -0.3943 -1.7794 80 200 120
2.7257 -2.0335 -0.5184 80 200 120
-2.1180 0.2750 -2.3157 80 200 120
1.8794 0.0245 -0.7678 80 200 120
3.3079 0.8316 0.3836 80 200 120
2.1908 -1.6758 -0.5363 80 200 120
-1.0062 -2.0330 -1.8224 80 200 120
5.5161 -0.7208 0.0584 80 200 120
4.5680 -1.6465 -1.0830 80 200 120
6.4365 5.5054 -1.8602 80 200 120
5.1974 2.7115 -1.5132 80 200 120
1.1778 7.2712 -1.0577 80 200 120
2.7551 7.9843 -1.2089 80 200 120
1.2705 7.6068 -0.4607 80 200 120
5.5414 6.5471 -1.1584 80 200 120
1.0809 7.1430 -0.7559 80 200 120
1.4476 2.3775 -2.8540 80 200 120
3.7853 5.3809 -2.7258 80 200 120
1.1374 2.7535 -2.7766 80 200 120
3.1525 2.1870 -2.6794 80 200 120
3.4635 5.1356 -1.5288 80 200 120
4.3534 4.8763 -1.1745 80 200 120
6.9540 4.5198 -1.3792 80 200 120
3.3064 0.7705 -2.9450 80 200 120
0.5740 3.2091 -2.2944 80 200 120
-0.4023 1.6238 -2.7767 80 200 120
0.8801 4.7787 -2.1498 80 200 120
3.8207 -2.3694 0.2009 80 200 120
3.5242 5.1398 -3.0678 80 200 120
5.2285 0.9730 -2.7050 80 200 120
3.2880 4.3105 -1.6499 80 200 120
4.6961 -3.3289 0.6246 80 200 120
-0.5069 0.4452 -3.0363 80 200 120
0.2637 4.2498 -2.0994 80 200 120
3.1844 -3.8168 0.2608 80 200 120
0.1827 5.1758 -1.3653 80 200 120
-0.1247 0.2478 -2.4080 80 200 120
0.0635 1.4210 -1.9408 80 200 120
1.0411 6.9048 0.3238 80 200 120
0.8744 6.5984 0.3438 80 200 120
-0.0386 4.6985 -1.8842 80 200 120
0.6603 6.3108 -0.1975 80 200 120
-0.4072 -1.9115 0.7975 80 200 120
10.6110 5.6632 -2.0735 80 200 120
5.4743 1.6547 -2.4855 80 200 120
4.1384 4.2490 -1.6800 80 200 120
7.1970 4.7639 -1.3892 80 200 120
1.5034 6.7915 -1.5019 80 200 120
3.3044 7.7822 -1.8046 80 200 120
0.9087 6.7881 0.0884 80 200 120
1.3482 7.3446 -1.6352 80 200 120
0.6769 6.2871 0.3450 80 200 120
3.1881 5.1533 0.3633 80 200 120
1.2517 7.7696 -1.3115 80 200 120
-1.2738 1.0865 -2.3180 80 200 120
1.1395 7.3600 -2.8775 80 200 120
4.7610 7.0437 -2.8658 80 200 120
1.5119 8.1918 -0.7993 80 200 120
0.4747 3.2038 -2.2385 80 200 120
3.3817 4.5835 -2.8072 80 200 120
0.4139 3.8813 -2.1844 80 200 120
3.6853 5.0550 -1.4268 80 200 120
6.2176 6.4854 -0.0466 80 200 120
5.5790 6.4391 -2.7819 80 200 120
7.4266 5.5893 -1.6280 80 200 120
4.2135 4.9205 -1.4174 80 200 120
3.5274 4.3275 -1.7408 80 200 120
6.3362 6.3874 0.2891 80 200 120
1.1028 7.2671 -2.8633 80 200 120
3.4486 3.7658 -2.0165 80 200 120
7.8032 5.6217 -0.7258 80 200 120
0.9592 4.6213 -2.1243 80 200 120
4.0371 0.4336 -2.6516 80 200 120
4.0797 0.5550 -2.9026 80 200 120
4.1301 0.3787 -2.7780 80 200 120
4.0637 1.8907 -2.7078 80 200 120
1.1097 3.7095 -2.7252 80 200 120
0.9019 3.8220 -0.9540 80 200 120
5.6696 1.5956 -1.1750 80 200 120
0.5793 5.9748 -2.7581 80 200 120
1.1277 1.2390 -2.8001 80 200 120
1.0139 5.2817 -2.7014 80 200 120
0.6700 6.3192 0.3821 80 200 120
0.1967 4.0024 -2.0655 80 200 120
0.0102 3.5235 -2.4165 80 200 120
1.7186 0.9457 -1.2869 80 200 120
0.4819 3.3405 -2.0796 80 200 120
3.3952 2.2639 0.4023 80 200 120
1.0920 3.5449 0.3805 80 200 120
-0.6132 3.4385 -1.7619 80 200 120
2.5344 2.6410 0.3111 80 200 120
0.3053 3.4610 -1.3394 80 200 120
0.3932 3.5068 -1.1142 80 200 120
3.0166 0.3383 0.1364 80 200 120
1.9566 -1.1727 -0.7598 80 200 120
3.9332 -0.4027 -2.3594 80 200 120
4.6040 -0.0343 -1.8238 80 200 120
5.2598 0.3424 -1.9584 80 200 120
5.2694 1.4591 -1.0214 80 200 120
4.7111 0.4310 -1.2666 80 200 120
6.2015 1.0587 -1.2250 80 200 120
3.1997 1.4662 -0.6504 80 200 120
4.0748 4.2839 -0.3585 80 200 120
3.6739 4.5427 0.0328 80 200 120
8.1013 5.0757 -2.9602 80 200 120
3.4886 4.6570 -1.0741 80 200 120
3.2237 1.3601 -1.7279 80 200 120
2.6165 1.6673 -1.7246 80 200 120
2.8290 2.1458 -1.7435 80 200 120
4.3229 3.3488 -1.8823 80 200 120
7.9220 6.1393 -0.0658 80 200 120
6.8799 6.1734 -0.5296 80 200 120
6.6644 5.4165 0.3049 80 200 120
1.6047 8.6554 -2.0466 80 200 120
2.7095 8.0977 -1.8050 80 200 120
2.6901 8.3870 -2.2486 80 200 120
0.8257 6.6648 0.1823 80 200 120
2.2780 8.0832 -1.4930 80 200 120
2.4135 8.1985 -1.7178 80 200 120
2.7971 2.7229 -2.7275 80 200 120
3.8331 5.3937 -2.0556 80 200 120
4.1921 2.1410 -2.2676 80 200 120
7.1442 6.1615 0.4157 80 200 120
3.4341 4.6601 -1.6815 80 200 120
1.8795 6.5238 -2.8457 80 200 120
4.5197 3.8415 -1.2572 80 200 120
3.4579 5.1239 -1.5582 80 200 120
3.3725 4.3131 -1.6946 80 200 120
3.0416 2.0337 -2.4173 80 200 120
2.5428 2.2827 -3.0740 80 200 120
-1.4700 2.1919 -2.4255 80 200 120
1.6087 2.9879 -2.8019 80 200 120
3.8134 5.4810 -1.6078 80 200 120
3.2641 4.8165 -1.5428 80 200 120
3.6168 5.3420 -2.6419 80 200 120
3.2403 4.0980 -1.7804 80 200 120
3.7689 5.3944 -2.5504 80 200 120
3.3006 4.3858 -1.6360 80 200 120
4.6129 5.0829 -1.7739 80 200 120
0.6663 6.2535 -2.8197 80 200 120
5.5952 0.6114 -0.0923 80 200 120
6.6697 5.1540 -2.4570 80 200 120
0.9161 3.9843 -0.7949 80 200 120
-0.2337 4.3254 -1.1828 80 200 120
1.2717 -1.3130 -2.1348 80 200 120
0.2631 3.0183 -0.9576 80 200 120
-0.1349 0.6191 -2.8996 80 200 120
-1.9157 -0.5101 -1.7983 80 200 120
-0.3374 -2.2042 -2.7451 80 200 120
3.2359 1.0508 0.3763 80 200 120
5.9817 0.2002 -0.0487 80 200 120
5.3394 1.0707 -2.5909 80 200 120
5.0333 0.0910 -2.9769 80 200 120
5.0714 5.7324 0.3433 80 200 120
6.7434 5.7825 -0.4004 80 200 120
3.8779 4.0677 -1.5997 80 200 120
4.2081 3.6785 -1.5123 80 200 120
3.9628 4.9947 -0.0892 80 200 120
5.8321 1.2742 -2.1033 80 200 120
4.2079 0.9260 -2.6052 80 200 120
6.6300 4.9149 -2.0446 80 200 120
5.1184 4.7596 -0.4027 80 200 120
1.1360 7.0979 0.3094 80 200 120
3.5458 7.6586 -1.1405 80 200 120
3.4384 7.7156 -1.4013 80 200 120
5.3667 6.7875 -1.0974 80 200 120
0.6270 6.2994 0.3600 80 200 120
-0.5731 0.9962 -2.6397 80 200 120
3.4005 5.1198 -2.9837 80 200 120
0.7249 6.4183 -2.8504 80 200 120
0.4302 5.3232 -2.4421 80 200 120
3.0117 5.0699 -2.6545 80 200 120
2.6087 7.9722 -3.0518 80 200 120
3.2338 4.0834 -2.0207 80 200 120
6.6240 4.5366 -1.3192 80 200 120
1.6593 6.2727 -2.8944 80 200 120
1.1098 6.3728 -2.7942 80 200 120
2.5515 7.8161 -2.8943 80 200 120
7.8950 5.5264 -1.1938 80 200 120
0.5222 3.2386 -2.5589 80 200 120
1.0437 4.4639 -2.1208 80 200 120
-0.3035 3.3841 -2.3176 80 200 120
0.3840 0.8197 -2.1650 80 200 120
-1.1810 1.4213 -1.8378 80 200 120
2.9681 4.7952 -1.0766 80 200 120
3.2973 5.1687 -2.7571 80 200 120
4.1048 5.3418 -1.8221 80 200 120
3.3428 5.1668 -1.3187 80 200 120
3.7448 5.3794 -2.2443 80 200 120
-1.8618 0.2446 0.2508 80 200 120
3.6623 -2.8922 -1.5577 80 200 120
0.2227 3.4252 -0.8710 80 200 120
0.9541 1.1406 0.5213 80 200 120
-0.8849 2.8725 -0.3918 80 200 120
-0.2084 4.5321 -1.1230 80 200 120
1.4745 -0.3128 0.6032 80 200 120
-1.0818 0.1285 -2.5127 80 200 120
-0.0258 4.7006 -1.8931 80 200 120
-0.0518 4.2681 -2.0880 80 200 120
-1.0139 -2.1234 -2.4582 80 200 120
-1.9532 0.4467 -2.2564 80 200 120
3.4329 2.2305 0.3564 80 200 120
0.8935 6.8560 0.3866 80 200 120
0.7706 6.2660 0.2604 80 200 120
3.7856 -2.4700 0.5003 80 200 120
2.0243 1.3376 0.3357 80 200 120
3.0793 3.7500 0.1954 80 200 120
1.1711 7.6305 -0.0446 80 200 120
3.7945 1.4355 0.4906 80 200 120
3.8140 -3.9037 -1.5459 80 200 120
7.1409 6.2515 -0.4804 80 200 120
6.5875 5.6214 -2.2953 80 200 120
4.8072 4.9989 -1.7706 80 200 120
2.7563 2.1722 -1.7361 80 200 120
4.0604 4.9388 -0.2427 80 200 120
4.3578 7.1771 0.3386 80 200 120
1.7070 8.4121 -1.7340 80 200 120
3.2013 5.1283 0.3836 80 200 120
2.5326 8.0983 -0.7089 80 200 120
0.8394 6.9719 -1.2718 80 200 120
3.5910 7.5803 -0.8136 80 200 120
3.3547 7.9065 -1.8536 80 200 120
1.1218 7.7916 -1.7961 80 200 120
4.3594 7.3024 -1.6435 80 200 120
2.3291 8.2741 -1.9706 80 200 120
0.7407 6.4214 0.0700 80 200 120
-0.2860 0.9123 -2.7809 80 200 120
3.7627 5.3511 -2.8069 80 200 120
1.1662 2.5630 -2.8804 80 200 120
3.2270 4.4306 -2.6917 80 200 120
1.3628 7.7872 -2.7366 80 200 120
2.4411 3.3477 -3.0412 80 200 120
4.4005 3.9197 -1.2554 80 200 120
3.6691 5.0437 -1.4304 80 200 120
3.9914 4.9328 -1.1561 80 200 120
3.4223 5.1486 -1.5074 80 200 120
0.9417 6.9179 -2.8740 80 200 120
6.0494 1.9529 -1.6124 80 200 120
3.0021 4.2075 -1.4805 80 200 120
3.4346 2.8482 -2.7413 80 200 120
3.7071 5.2555 -1.6567 80 200 120
1.1009 5.8436 -2.9009 80 200 120
3.0476 7.5179 -2.8624 80 200 120
2.7128 2.5344 -2.6327 80 200 120
2.6349 3.9044 -2.8344 80 200 120
1.3571 -0.1943 -2.3251 80 200 120
7.1454 5.6496 -2.7237 80 200 120
3.4546 5.4006 -1.8159 80 200 120
3.7846 -0.1335 0.0326 80 200 120
0.0894 3.0245 -0.6021 80 200 120
0.6116 3.0795 0.3309 80 200 120
0.1331 4.9109 0.2571 80 200 120
0.7948 1.9536 -2.3189 80 200 120
0.4407 -0.1949 -2.8258 80 200 120
1.9430 0.0033 -1.7337 80 200 120
-1.5662 1.0656 -2.7894 80 200 120
4.1363 -2.8598 -0.0754 80 200 120
2.9854 -2.3641 0.0610 80 200 120
4.9403 -3.8176 0.6455 80 200 120
-3.2871 -1.6545 -0.6205 80 200 120
-0.1289 3.2794 -1.5237 80 200 120
-2.5579 0.4517 -1.6334 80 200 120
0.1461 2.0112 -2.3318 80 200 120
-0.0470 3.5119 -2.1793 80 200 120
-1.8264 1.2193 -0.6947 80 200 120
2.0410 -0.5815 -1.3272 80 200 120
0.8547 6.6137 0.3424 80 200 120
3.8303 4.1068 -1.5975 80 200 120
5.2736 2.0598 -2.3542 80 200 120
4.6486 1.4164 -2.5885 80 200 120
4.4151 4.8289 -1.4440 80 200 120
3.5181 3.7531 -1.8904 80 200 120
3.7938 4.4243 -1.5395 80 200 120
3.7044 4.4942 -0.1008 80 200 120
1.8110 8.3510 -1.0251 80 200 120
1.5212 8.4533 -1.4896 80 200 120
0.5406 6.0734 0.3483 80 200 120
4.9151 6.9121 -1.1584 80 200 120
0.7679 6.3935 0.3021 80 200 120
1.1363 7.3506 -1.8033 80 200 120
2.0626 8.2859 -0.8233 80 200 120
8.0351 6.1293 -0.0229 80 200 120
2.7087 8.0695 -1.8058 80 200 120
0.8342 6.9594 -1.4830 80 200 120
3.4727 5.1147 0.3989 80 200 120
-0.8052 1.7997 -2.5362 80 200 120
3.5095 3.7267 -1.8984 80 200 120
3.6417 3.4199 -1.4200 80 200 120
1.2496 5.9726 -2.8181 80 200 120
1.7107 8.3194 -1.9097 80 200 120
5.3976 6.7853 -1.0926 80 200 120
3.4887 5.1495 -1.9385 80 200 120
2.4662 3.0117 -2.8210 80 200 120
4.4333 2.4275 -2.1358 80 200 120
2.7970 2.6198 -2.7837 80 200 120
3.9022 2.0050 -2.4705 80 200 120
1.1131 4.6298 -2.7066 80 200 120
0.2391 4.6002 -2.1957 80 200 120
0.2077 3.1902 -1.0230 80 200 120
7.3287 5.1217 -2.6331 80 200 120
0.4390 4.7100 -2.2980 80 200 120
3.9828 5.3564 -1.7729 80 200 120
3.4612 5.1311 -1.3653 80 200 120
3.2825 4.8061 -1.1045 80 200 120
4.7403 4.7662 -1.2331 80 200 120
-0.0428 -1.8085 0.3765 80 200 120
1.3016 3.6418 0.4407 80 200 120
1.5377 -0.5125 -1.5294 80 200 120
-2.1063 -1.2033 -0.5602 80 200 120
1.2060 6.8204 0.1367 80 200 120
-0.3822 4.5418 -1.6773 80 200 120
0.0545 4.3365 -2.0283 80 200 120
3.6740 4.5302 -0.2976 80 200 120
4.4566 0.0454 -2.7150 80 200 120
4.7798 5.0009 -1.7749 80 200 120
4.7456 -1.5915 -2.7776 80 200 120
8.4748 5.5829 -1.9560 80 200 120
4.4570 0.9899 -2.6823 80 200 120
6.7543 4.8865 -0.1742 80 200 120
10.3773 4.8212 -3.7819 80 200 120
4.5388 5.2350 -1.9498 80 200 120
3.4231 4.7016 -1.6059 80 200 120
5.7855 6.6539 -1.7248 80 200 120
5.6533 0.3416 -0.7253 80 200 120
0.9980 7.6923 -0.8542 80 200 120
2.7061 7.2289 0.3917 80 200 120
1.0598 6.7889 -1.1763 80 200 120
1.7046 3.2355 -2.8701 80 200 120
4.2652 4.0004 -1.2354 80 200 120
4.6923 3.5586 -1.6479 80 200 120
1.4035 6.0656 -2.8733 80 200 120
7.2196 4.6424 -0.7262 80 200 120
4.2876 3.4353 -1.8324 80 200 120
6.1116 6.3849 0.2259 80 200 120
1.5175 5.5750 -2.8121 80 200 120
3.2623 2.5021 -2.8279 80 200 120
4.2245 0.6380 -2.5126 80 200 120
4.2039 0.0281 -2.5721 80 200 120
1.5493 3.2615 -2.8970 80 200 120
4.2209 -0.0188 -2.6903 80 200 120
4.9575 0.4207 -1.8704 80 200 120
4.7437 0.0823 -2.0440 80 200 120
5.6917 5.1555 -1.5266 80 200 120
5.9198 6.4697 -2.8855 80 200 120
6.1827 6.3365 -2.8257 80 200 120
3.3973 5.4099 -1.7217 80 200 120
3.4583 5.1267 -1.5376 80 200 120
0.5124 -1.5010 -2.6275 80 200 120
4.6834 2.9872 -1.9596 80 200 120
3.5876 -1.4204 -0.9560 80 200 120
4.9297 -3.1617 0.4088 80 200 120
4.7364 -0.4486 0.6033 80 200 120
0.2808 6.5146 0.0420 80 200 120
-2.1115 -0.7382 -1.8574 80 200 120
0.9870 -2.5883 -2.6943 80 200 120
0.7168 -1.5250 -2.7537 80 200 120
2.0774 -1.1907 -1.9320 80 200 120
2.7181 2.3911 -1.6835 80 200 120
5.1301 -0.3424 -1.4179 80 200 120
2.8389 7.7644 -1.7691 80 200 120
0.4178 6.0632 0.4320 80 200 120
1.5751 8.3694 -2.1534 80 200 120
4.9553 7.1764 -0.9527 80 200 120
0.7867 6.5953 -0.3750 80 200 120
0.9491 6.7616 0.2828 80 200 120
4.9468 6.0533 0.1385 80 200 120
0.9644 1.9084 -2.6593 80 200 120
-0.3393 1.4745 -2.4185 80 200 120
3.2364 3.9328 -2.5741 80 200 120
0.6360 6.2960 -2.8632 80 200 120
3.2963 4.3016 -1.6670 80 200 120
5.2151 -0.6682 -3.5692 80 200 120
3.7614 5.2778 -2.3037 80 200 120
3.2185 4.1620 -1.8217 80 200 120
5.9373 2.0408 -1.9578 80 200 120
2.7647 2.8939 -2.6189 80 200 120
3.4065 2.8249 -2.3098 80 200 120
0.7204 6.5356 -2.9012 80 200 120
2.3678 2.5567 -2.8318 80 200 120
2.8863 1.9404 -2.2325 80 200 120
6.6364 4.8039 -1.3901 80 200 120
8.6766 5.5643 -2.4906 80 200 120
0.6662 6.1930 -2.8220 80 200 120
4.7720 -1.2731 -0.5895 80 200 120
-2.0825 0.0068 0.3171 80 200 120
5.2357 6.7068 -2.8155 80 200 120
6.1424 4.6111 -1.2990 80 200 120
1.0480 4.3250 -2.6688 80 200 120
4.4195 -0.8511 -0.5264 80 200 120
-0.7553 1.9197 -1.2256 80 200 120
2.6851 -0.9646 -1.4501 80 200 120
-0.0866 0.4899 -2.8992 80 200 120
-0.0896 1.1839 -2.0846 80 200 120
1.9603 3.5323 0.3774 80 200 120
-0.4182 1.0617 -2.7487 80 200 120
-0.2719 3.2618 -2.3167 80 200 120
-1.3249 1.4205 -2.5181 80 200 120
0.2993 3.3742 -2.2676 80 200 120
-1.1304 2.0623 -2.6466 80 200 120
-1.8558 0.6010 -2.1978 80 200 120
0.1608 3.9910 -2.1288 80 200 120
-0.5170 3.7675 -2.2320 80 200 120
0.7702 3.6227 0.3585 80 200 120
1.0333 6.8730 0.3022 80 200 120
12.6364 4.7902 -6.0336 80 200 120
3.7057 7.3046 0.2288 80 200 120
7.4003 5.7737 -3.1578 80 200 120
6.5786 6.8854 -1.9277 80 200 120
4.7019 -10.0041 -0.7438 80 200 120
5.0279 -0.2558 -2.3927 80 200 120
6.3055 1.8008 -0.9787 80 200 120
3.3527 4.7557 -1.5640 80 200 120
4.1569 3.8433 -1.7387 80 200 120
4.0809 3.6699 -1.6933 80 200 120
5.3700 1.0321 -2.5594 80 200 120
7.0154 6.1586 -2.9516 80 200 120
17.2917 5.3839 -1.6434 80 200 120
2.8156 7.9384 -0.1263 80 200 120
0.9615 6.9847 -1.0021 80 200 120
5.7272 5.4465 0.5649 80 200 120
3.1826 5.1435 0.3682 80 200 120
1.0346 6.7697 -1.4064 80 200 120
0.6802 6.3246 -0.1433 80 200 120
3.3017 7.7877 -1.8138 80 200 120
4.1175 5.4135 0.2014 80 200 120
1.8960 8.2006 -1.8896 80 200 120
0.7343 6.5160 -0.1566 80 200 120
0.4864 6.1763 0.1140 80 200 120
0.7218 4.8597 -2.6308 80 200 120
1.1588 6.0919 -2.8476 80 200 120
-0.4603 2.2236 -1.9712 80 200 120
0.6171 4.9190 -2.2722 80 200 120
7.2858 5.6633 0.2154 80 200 120
4.0166 4.8836 -1.1383 80 200 120
5.7183 4.4788 -1.1954 80 200 120
1.0051 5.5023 -2.8885 80 200 120
3.5031 3.7499 -1.8653 80 200 120
3.3747 3.6260 -1.7695 80 200 120
3.3268 2.2691 -3.1160 80 200 120
1.8463 4.3531 -2.8182 80 200 120
-1.4773 1.6723 -2.3066 80 200 120
3.3915 1.2161 -2.9834 80 200 120
5.4096 1.7149 -2.5095 80 200 120
3.2397 3.9987 -2.5850 80 200 120
4.3086 6.7686 -2.5495 80 200 120
3.7184 5.0464 -1.4324 80 200 120
0.8892 6.3447 -2.6380 80 200 120
3.0641 -0.6708 -1.6801 80 200 120
-0.7733 -1.8018 0.5055 80 200 120
2.4769 0.8805 -1.6932 80 200 120
2.4006 1.4668 -1.7118 80 200 120
1.3471 -0.0105 -2.8005 80 200 120
1.9473 0.1791 -1.6916 80 200 120
3.5360 1.9729 0.4552 80 200 120
-0.2777 2.4319 -2.3884 80 200 120
9.2867 5.6521 -3.1678 80 200 120
4.8789 4.5871 -1.2478 80 200 120
4.7785 4.9949 -1.8067 80 200 120
4.0162 3.6852 -2.0806 80 200 120
2.7826 1.8718 -1.1405 80 200 120
4.4083 1.1873 -2.5210 80 200 120
3.1494 4.2624 -1.5936 80 200 120
4.8616 4.5843 -1.8623 80 200 120
8.3726 3.2353 -4.0464 80 200 120
2.0500 8.1964 0.3154 80 200 120
1.7738 8.3825 0.1772 80 200 120
1.6391 8.4585 -1.8871 80 200 120
1.3770 7.3315 -1.7437 80 200 120
1.0758 5.5125 -2.7002 80 200 120
0.7105 6.2256 -2.7470 80 200 120
1.2371 7.3640 -2.2373 80 200 120
1.1231 7.0222 -2.6888 80 200 120
0.8556 6.5917 -2.7248 80 200 120
1.0202 5.7548 -2.7120 80 200 120
2.7464 5.1961 -2.1602 80 200 120
1.3324 3.4462 -2.8055 80 200 120
1.1123 5.8355 -2.8630 80 200 120
1.7106 4.1423 -2.8293 80 200 120
3.9282 4.8784 -3.9004 80 200 120
1.2173 7.5127 -2.8674 80 200 120
0.9582 6.8484 -2.8147 80 200 120
4.1016 1.9963 -2.8622 80 200 120
5.3542 6.6726 0.2526 80 200 120
6.5601 6.0936 0.2394 80 200 120
0.7272 5.6522 -2.9366 80 200 120
2.6797 7.9835 -1.7778 80 200 120
2.6228 2.4678 -1.8071 80 200 120
3.0512 3.6003 -2.7896 80 200 120
4.9670 6.9382 -2.7477 80 200 120
6.7492 4.9197 -1.3820 80 200 120
6.7899 5.6138 -2.3793 80 200 120
7.0336 6.1842 -3.0069 80 200 120
3.0734 -2.7039 0.1473 80 200 120
4.1487 4.2287 -1.2149 80 200 120
7.3728 3.7588 -1.5039 80 200 120
2.7785 5.4961 -1.3551 80 200 120
5.7685 5.1692 -1.4664 80 200 120
-1.8591 -0.8321 -0.5573 80 200 120
5.2413 4.7817 -1.2582 80 200 120
-1.2905 1.9157 0.2849 80 200 120
1.0462 6.8453 -2.7713 80 200 120
1.6854 0.8566 -2.4278 80 200 120
5.2832 -0.2612 -0.0813 80 200 120
4.0321 -0.1196 -1.0316 80 200 120
0.9810 6.1491 -0.3191 80 200 120
0.4657 3.5987 -2.1290 80 200 120
-0.3031 3.4594 -2.3774 80 200 120
-0.0853 4.6804 -1.9048 80 200 120
-0.2531 4.3927 -1.1163 80 200 120
0.1062 -0.1396 -2.9653 80 200 120
5.0876 5.1209 -2.1746 80 200 120
3.8367 5.0047 -0.4827 80 200 120
9.3654 5.1167 -2.5518 80 200 120
5.3928 6.7655 -1.1150 80 200 120
1.9295 8.2107 -0.4650 80 200 120
0.6298 6.0680 0.2891 80 200 120
3.9733 5.7212 0.5156 80 200 120
1.7412 8.2889 -1.4606 80 200 120
3.2593 7.8185 -1.6409 80 200 120
3.0116 7.8336 -0.3141 80 200 120
1.7486 8.1557 0.4130 80 200 120
1.0561 6.3457 -2.8586 80 200 120
0.8554 4.6803 -2.8159 80 200 120
1.5805 9.0943 -3.5291 80 200 120
0.9345 4.0358 -2.6551 80 200 120
1.5186 7.8743 -2.8014 80 200 120
1.0889 4.6104 -2.7550 80 200 120
1.6476 5.5610 -2.8420 80 200 120
0.8383 4.9825 -2.7169 80 200 120
1.2336 6.5717 -2.9425 80 200 120
1.3213 4.1181 -2.8002 80 200 120
1.8092 6.5346 -2.8528 80 200 120
0.8760 6.9198 -1.3751 80 200 120
1.6521 5.1754 -2.8614 80 200 120
1.0316 3.6376 -2.8161 80 200 120
1.3163 4.4031 -2.8101 80 200 120
2.1612 6.5865 -2.9811 80 200 120
1.4369 4.6206 -2.8548 80 200 120
1.3950 5.9262 -2.8640 80 200 120
1.6870 4.8074 -2.8093 80 200 120
2.0970 5.5682 -2.8513 80 200 120
1.8425 6.1843 -2.8436 80 200 120
1.0404 7.1459 -2.3076 80 200 120
0.8217 6.7077 -2.3135 80 200 120
2.0064 5.8572 -2.8096 80 200 120
1.2143 7.7115 -2.9049 80 200 120
1.2782 7.5502 -1.7113 80 200 120
1.3697 6.1194 -2.8639 80 200 120
1.9329 4.7914 -2.8255 80 200 120
1.8469 6.9582 -2.8369 80 200 120
1.4698 6.9094 -2.8357 80 200 120
0.5428 6.1290 -2.5775 80 200 120
1.4130 4.8170 -2.8158 80 200 120
0.8149 6.5590 -2.0878 80 200 120
0.9636 4.5641 -2.6479 80 200 120
1.5675 4.3511 -2.8421 80 200 120
0.9602 7.0459 -1.8880 80 200 120
1.5621 4.9719 -2.9239 80 200 120
2.0240 6.2644 -2.8674 80 200 120
2.6451 5.2572 -2.7615 80 200 120
2.0865 8.0522 -2.9872 80 200 120
2.5659 5.0636 -2.8576 80 200 120
2.2148 5.6603 -2.8246 80 200 120
0.7617 6.4917 -2.3285 80 200 120
2.4239 5.7234 -2.7642 80 200 120
1.4799 7.2767 -2.8612 80 200 120
2.1457 4.9415 -2.7955 80 200 120
2.1237 5.3859 -2.8432 80 200 120
1.8030 5.8611 -2.8583 80 200 120
-0.7260 0.5579 -2.9583 80 200 120
2.7913 7.4977 -2.5035 80 200 120
1.0561 1.9755 -2.7820 80 200 120
0.0404 2.3299 -1.8875 80 200 120
1.5216 8.4803 -2.7155 80 200 120
1.0034 7.1985 -1.7690 80 200 120
4.0567 7.3927 -2.7584 80 200 120
4.4671 4.7051 -1.1479 80 200 120
4.6811 2.6276 -2.1735 80 200 120
3.3267 4.5071 -1.6260 80 200 120
0.3054 2.5816 -2.6652 80 200 120
-2.5167 -0.7021 -2.8826 80 200 120
6.1268 1.9214 -1.5121 80 200 120
6.0265 5.6993 -2.5591 80 200 120
0.6132 0.9426 -3.0994 80 200 120
0.9110 0.6358 -3.0090 80 200 120
3.9754 -1.1594 -1.5175 80 200 120
-0.1924 3.1410 -2.4535 80 200 120
-0.9317 2.5923 -2.1511 80 200 120
-0.4745 3.8015 -2.2940 80 200 120
-0.4795 0.4474 -2.1715 80 200 120
2.1437 1.8858 0.4021 80 200 120
6.5510 6.3792 -2.9108 80 200 120
3.9227 4.9440 -1.7763 80 200 120
3.6992 5.2397 -1.6209 80 200 120
3.9418 2.6301 -2.0791 80 200 120
7.0004 6.9937 -2.0676 80 200 120
3.1410 1.6532 -0.6036 80 200 120
1.3826 7.7972 -0.0520 80 200 120
1.5003 8.2483 -0.7793 80 200 120
1.5036 7.8481 0.2786 80 200 120
3.1299 7.6687 0.1261 80 200 120
2.2202 8.2097 -0.9816 80 200 120
5.4610 5.7359 0.5172 80 200 120
3.0614 4.9916 0.2804 80 200 120
3.5269 5.0873 0.4574 80 200 120
1.0296 6.9113 0.3172 80 200 120
-0.3464 4.6973 0.5385 80 200 120
1.0037 5.6956 -0.2382 80 200 120
1.1136 7.2775 0.1154 80 200 120
1.2657 5.1978 -2.8233 80 200 120
2.4902 7.2802 -2.9043 80 200 120
2.1994 8.3236 -2.9710 80 200 120
2.7165 7.8610 -2.6771 80 200 120
2.5048 6.6949 -2.8912 80 200 120
1.3136 5.6564 -2.8116 80 200 120
2.6724 7.4018 -2.8210 80 200 120
2.7586 7.7906 -2.3315 80 200 120
3.2685 6.4221 -2.7318 80 200 120
3.1943 6.9051 -2.6831 80 200 120
3.0313 6.9875 -2.9681 80 200 120
3.5660 7.7647 -2.9962 80 200 120
3.0382 7.4700 -2.8601 80 200 120
2.3313 8.0625 -2.1404 80 200 120
1.8197 7.9550 -2.8882 80 200 120
1.5263 3.8758 -2.8314 80 200 120
0.9665 3.1132 -1.8658 80 200 120
-19.8876 -38.5868 -13.3659 80 200 120
1.0218 5.4702 -2.3281 80 200 120
1.0161 5.3503 -2.6305 80 200 120
2.4295 3.6886 -2.7381 80 200 120
2.5029 1.7252 -1.6313 80 200 120
1.5380 1.5132 -2.8014 80 200 120
6.5530 5.5812 -1.5198 80 200 120
3.5078 -0.1322 -1.6829 80 200 120
-1.2407 -1.3735 -1.0045 80 200 120
0.0852 -2.0854 -0.1579 80 200 120
0.3901 5.5297 0.3239 80 200 120
2.1811 -1.3338 -2.9473 80 200 120
4.6482 -2.3188 0.2653 80 200 120
5.0502 -0.9989 -0.3277 80 200 120
1.1109 7.2738 0.1177 80 200 120
5.1566 -0.2759 0.3677 80 200 120
5.6041 2.7823 -1.9067 80 200 120
2.9550 -4.1561 -0.3761 80 200 120
6.3996 2.5021 -0.7994 80 200 120
6.2880 1.7718 -0.0684 80 200 120
4.7077 4.6426 -1.1975 80 200 120
3.8572 4.1216 -1.5883 80 200 120
3.2733 5.1839 0.3910 80 200 120
4.9970 5.1385 -2.1445 80 200 120
5.8788 -0.0275 -2.0966 80 200 120
3.9808 5.1897 -1.5160 80 200 120
4.2176 7.3699 0.3772 80 200 120
6.8778 5.6136 -0.2629 80 200 120
4.6608 1.0294 -1.6353 80 200 120
2.6820 7.8838 0.2465 80 200 120
2.9225 7.8852 -0.5308 80 200 120
2.2056 8.0912 0.0656 80 200 120
1.6106 8.1208 -0.5250 80 200 120
1.5663 8.1051 0.2216 80 200 120
1.5352 8.0879 -0.0986 80 200 120
2.2351 7.7594 0.4384 80 200 120
2.7762 7.8694 0.0894 80 200 120
1.7691 8.3866 -0.2183 80 200 120
2.5904 7.9510 -0.1244 80 200 120
2.8123 6.5656 0.3911 80 200 120
3.2534 6.6821 0.4069 80 200 120
1.3129 7.8561 -0.8843 80 200 120
1.9241 7.7649 0.4260 80 200 120
3.0832 6.4654 0.3833 80 200 120
2.4162 7.9459 0.2357 80 200 120
2.3658 6.5348 0.3324 80 200 120
3.0781 6.2257 0.3431 80 200 120
2.6065 7.7475 0.4151 80 200 120
2.9108 6.2589 0.3955 80 200 120
3.5821 7.5039 0.2501 80 200 120
4.1587 7.3010 0.3464 80 200 120
3.0218 7.7665 0.3410 80 200 120
4.5211 7.1275 0.3205 80 200 120
3.3954 7.6968 -0.8860 80 200 120
3.7745 7.5396 -0.1598 80 200 120
3.2448 7.7468 -1.1313 80 200 120
3.3422 7.5831 0.3411 80 200 120
3.1205 8.1034 -1.1417 80 200 120
3.9693 7.4084 0.4183 80 200 120
3.9900 7.6941 -0.7139 80 200 120
4.1126 7.3087 0.0580 80 200 120
2.8672 7.6407 0.4546 80 200 120
2.9540 7.7622 -0.1102 80 200 120
3.1422 7.7885 -0.8480 80 200 120
1.3233 7.4867 0.3074 80 200 120
3.9404 7.2529 -0.3273 80 200 120
3.5604 7.7293 -0.1404 80 200 120
3.7846 7.3283 -0.4316 80 200 120
3.7942 7.3447 -0.8960 80 200 120
3.5771 8.3369 -0.3227 80 200 120
2.9513 6.8501 0.3884 80 200 120
3.7533 7.1155 -0.8956 80 200 120
3.7283 6.0776 0.3640 80 200 120
4.1551 6.9209 0.3516 80 200 120
1.8409 6.6948 0.3701 80 200 120
4.3910 7.2342 0.1324 80 200 120
3.5592 7.5266 -0.4271 80 200 120
4.3458 7.2850 -0.7635 80 200 120
4.6079 6.9370 -0.3819 80 200 120
1.2690 7.5607 -0.0459 80 200 120
4.1960 6.5711 0.4071 80 200 120
4.4501 7.3725 -0.1175 80 200 120
4.8036 7.3693 -0.1383 80 200 120
3.3623 6.8992 0.3760 80 200 120
0.9169 6.9653 -0.7564 80 200 120
0.2209 5.4013 0.3976 80 200 120
1.6048 8.7446 -2.0688 80 200 120
2.6709 8.0049 -1.7818 80 200 120
1.4633 7.6332 -1.1694 80 200 120
1.2177 7.8870 -1.3126 80 200 120
0.8507 5.3254 -0.2438 80 200 120
0.6923 5.9204 -0.1007 80 200 120
1.2165 7.3785 0.0622 80 200 120
2.0921 3.5454 -2.2869 80 200 120
2.4290 2.2689 -3.3204 80 200 120
0.9878 5.3287 -2.6064 80 200 120
3.4596 6.2488 -2.7865 80 200 120
0.8207 4.7040 -2.2390 80 200 120
2.7718 5.1762 -2.2192 80 200 120
-3.0651 -1.4273 -2.9294 80 200 120
0.2993 0.3713 -2.9359 80 200 120
3.2050 4.9029 -2.7656 80 200 120
2.9602 3.5738 -2.8452 80 200 120
3.2064 4.0728 -2.7872 80 200 120
2.4877 6.6205 -2.7826 80 200 120
2.8244 3.8263 -2.8254 80 200 120
2.6607 4.5897 -2.8001 80 200 120
2.5159 7.2774 -2.8984 80 200 120
2.7433 7.8170 -2.6212 80 200 120
2.5851 4.0839 -2.8412 80 200 120
2.6264 5.9235 -2.8502 80 200 120
3.0697 4.3714 -2.8384 80 200 120
2.4817 6.2563 -2.7533 80 200 120
2.6107 6.6990 -2.7049 80 200 120
0.8182 5.5246 -2.3659 80 200 120
0.6063 5.9968 -2.7109 80 200 120
3.7639 4.4203 -1.1273 80 200 120
1.2447 5.9654 -2.7907 80 200 120
0.7362 4.9449 -3.0115 80 200 120
1.2275 5.6330 -2.7332 80 200 120
-1.3159 1.7766 -2.7416 80 200 120
4.4560 1.0936 -2.8921 80 200 120
1.2889 2.6518 -2.8406 80 200 120
5.1711 0.8873 -2.0565 80 200 120
-0.8064 2.4133 -0.7554 80 200 120
0.3090 5.7979 -3.0694 80 200 120
4.2097 6.3751 -2.2002 80 200 120
5.5448 5.9819 -2.3753 80 200 120
0.6732 5.2730 -2.3313 80 200 120
3.4884 0.8123 -0.1097 80 200 120
6.0244 5.5985 -2.1282 80 200 120
5.6095 6.4188 -2.7750 80 200 120
5.6363 0.5670 -0.0571 80 200 120
-0.5368 3.6642 -0.9563 80 200 120
2.2963 1.9938 -1.7492 80 200 120
5.3659 -0.4680 -0.0793 80 200 120
0.6730 0.2280 -2.9426 80 200 120
1.6936 1.3959 0.2038 80 200 120
7.7606 5.5980 -1.6212 80 200 120
6.7144 4.9474 -1.3767 80 200 120
5.2185 5.1267 -1.7494 80 200 120
5.9723 6.7494 -1.8082 80 200 120
1.4042 3.6438 0.3933 80 200 120
4.9971 6.5408 0.1421 80 200 120
5.4926 6.9453 0.4325 80 200 120
3.5454 7.7296 -0.6603 80 200 120
4.4804 7.0565 -0.3570 80 200 120
2.4408 8.9677 -2.2841 80 200 120
1.1854 7.2571 -1.0796 80 200 120
2.4129 8.2328 -0.8110 80 200 120
4.6313 6.9928 -0.0919 80 200 120
1.1706 7.3719 -0.8618 80 200 120
2.3476 6.1026 -2.8435 80 200 120
2.5150 5.8748 -2.8745 80 200 120
2.4756 6.2159 -2.7593 80 200 120
-0.1779 -0.0162 -2.3037 80 200 120
-20.5351 -20.5364 0.8320 80 200 120
-1.0265 -0.0534 -3.1887 80 200 120
-0.8145 0.3204 -2.4074 80 200 120
3.2004 5.2062 -2.7078 80 200 120
-1.2965 0.8720 -2.8747 80 200 120
1.6814 8.3864 -1.7888 80 200 120
3.2713 4.4495 -2.7782 80 200 120
2.8768 7.6606 -2.6307 80 200 120
3.3855 7.0177 -2.8248 80 200 120
3.3284 6.4523 -2.7641 80 200 120
2.9868 3.8862 -2.8667 80 200 120
3.3136 4.2925 -2.6471 80 200 120
3.4164 6.1801 -2.8260 80 200 120
2.9914 6.9522 -2.8644 80 200 120
2.8903 3.3384 -2.8242 80 200 120
3.4813 5.9148 -2.7970 80 200 120
3.2180 4.0394 -2.6640 80 200 120
4.6921 7.0136 -2.8024 80 200 120
3.1914 6.3789 -2.7898 80 200 120
4.8847 6.9091 -2.6943 80 200 120
3.9530 6.1185 -2.7928 80 200 120
1.1022 5.8517 -2.8654 80 200 120
4.1084 6.5546 -2.7903 80 200 120
0.4368 5.7711 -2.8721 80 200 120
1.4334 5.9051 -2.8363 80 200 120
1.9850 7.9255 -2.7810 80 200 120
1.6350 6.5321 -2.7667 80 200 120
1.4305 4.6262 -2.8626 80 200 120
3.9086 2.7860 -2.7248 80 200 120
2.4382 3.5439 -2.7579 80 200 120
3.2223 4.1078 -2.6603 80 200 120
3.2906 0.8803 -1.6391 80 200 120
3.2609 4.2973 -2.7390 80 200 120
0.9476 5.1873 -2.3113 80 200 120
-0.3140 1.0977 -1.9701 80 200 120
5.7284 5.0706 -1.2908 80 200 120
3.2393 4.8365 -1.3299 80 200 120
-0.8126 3.2012 -0.9961 80 200 120
0.2801 1.8339 -3.0855 80 200 120
3.2557 0.5010 -1.8333 80 200 120
-0.7923 1.3457 -2.7997 80 200 120
5.2141 0.8906 0.5138 80 200 120
1.8978 0.7004 -2.0992 80 200 120
0.7116 1.2130 -2.9109 80 200 120
0.6991 6.2921 -0.1675 80 200 120
2.1361 2.0341 0.4586 80 200 120
1.9951 1.9675 0.1976 80 200 120
6.9158 4.4980 -2.5676 80 200 120
8.2608 5.7613 -3.4514 80 200 120
5.1452 6.8764 0.2812 80 200 120
4.7438 1.3755 -2.5891 80 200 120
4.6807 5.1542 -0.1632 80 200 120
4.1857 4.8789 -1.1243 80 200 120
1.6617 8.3157 -1.6087 80 200 120
0.3681 5.0001 0.1717 80 200 120
1.3820 7.5414 -1.5357 80 200 120
1.0108 7.0473 0.0745 80 200 120
3.8741 6.7737 -0.7113 80 200 120
0.8614 5.2036 -2.2699 80 200 120
2.2029 7.7526 -2.4963 80 200 120
4.6492 6.4787 -2.4503 80 200 120
4.0854 6.0681 -2.5591 80 200 120
2.6718 5.2142 -2.7754 80 200 120
3.0795 6.1246 -2.8170 80 200 120
3.2338 4.9108 -2.5613 80 200 120
3.2109 4.8910 -2.6918 80 200 120
3.1890 5.0657 -2.9157 80 200 120
3.7559 5.4693 -2.5066 80 200 120
3.3555 4.5131 -2.2130 80 200 120
0.8103 4.7594 -2.8640 80 200 120
0.9281 5.4561 -2.4603 80 200 120
0.8749 5.5218 -2.3142 80 200 120
4.1979 7.1220 -2.6855 80 200 120
5.3573 6.8727 -0.6498 80 200 120
4.7763 -0.2805 -1.4577 80 200 120
3.2113 4.8990 -2.6795 80 200 120
3.4099 5.4166 -1.7268 80 200 120
3.2370 5.5719 -1.0323 80 200 120
5.7991 2.2962 -1.4492 80 200 120
4.6324 6.7750 -2.5484 80 200 120
13.2690 11.6474 -9.0391 80 200 120
-4.6210 -3.3996 1.0511 80 200 120
3.2820 0.1824 -0.0850 80 200 120
6.0761 1.1733 -1.2248 80 200 120
6.3180 5.5516 -1.8918 80 200 120
-0.5588 -1.4399 -0.8737 80 200 120
-0.4118 3.8818 -0.0776 80 200 120
-0.0112 -1.9962 -0.7534 80 200 120
0.6240 6.0487 0.2916 80 200 120
5.8339 0.3868 -0.0328 80 200 120
1.9578 -0.7085 -3.0490 80 200 120
4.3856 -1.1316 -1.3026 80 200 120
2.8474 -0.9859 0.4254 80 200 120
6.0538 1.3682 0.4730 80 200 120
1.0756 6.8574 0.2772 80 200 120
0.0633 3.9672 -2.2317 80 200 120
4.6389 0.8497 -2.6487 80 200 120
3.8338 -4.3955 -0.8610 80 200 120
14.5562 7.1489 -3.1375 80 200 120
5.8608 5.3910 -1.7046 80 200 120
6.9712 4.8031 -2.2189 80 200 120
5.2814 5.1199 -2.2930 80 200 120
4.8186 3.7947 -1.2517 80 200 120
7.7933 -24.9363 -3.3095 80 200 120
3.6761 -1.2751 -1.7730 80 200 120
3.5683 7.6384 0.0958 80 200 120
4.4104 9.0348 -1.7718 80 200 120
2.3304 8.1312 -1.9105 80 200 120
2.2209 2.3680 -2.8000 80 200 120
0.2655 4.9902 -2.4395 80 200 120
-0.5714 0.9704 -2.7701 80 200 120
0.7403 1.2060 -2.8525 80 200 120
2.7073 6.6479 -1.8741 80 200 120
3.5895 5.3905 -1.6383 80 200 120
3.2840 5.2651 -2.3982 80 200 120
3.6664 6.8873 -2.7823 80 200 120
5.4847 6.1454 -2.4691 80 200 120
3.6041 7.4711 -2.7122 80 200 120
2.1186 6.5422 -2.7641 80 200 120
3.6271 5.0953 -1.3853 80 200 120
1.0689 4.5646 -2.7674 80 200 120
0.7161 6.2604 -2.7357 80 200 120
0.9601 5.6404 -2.5905 80 200 120
3.2923 4.0742 -1.7267 80 200 120
3.2824 4.8176 -1.5338 80 200 120
3.3579 4.7639 -1.3719 80 200 120
4.2314 3.8444 -1.7521 80 200 120
3.4670 2.8028 -2.8068 80 200 120
0.6154 2.3858 -2.8017 80 200 120
0.8180 3.1175 -2.8569 80 200 120
3.2670 1.0067 -1.9138 80 200 120
4.6621 -2.3815 0.3272 80 200 120
4.9714 3.5317 -1.2844 80 200 120
1.1196 5.4682 -2.2082 80 200 120
5.7822 0.2074 -0.3826 80 200 120
3.2677 5.1790 0.3737 80 200 120
2.4769 0.4534 -1.7776 80 200 120
1.8908 1.3676 0.0708 80 200 120
1.8519 3.1726 0.0244 80 200 120
4.8923 4.9692 -1.8393 80 200 120
4.2883 4.8836 -1.1086 80 200 120
4.2613 4.9331 -1.3617 80 200 120
6.6388 4.4762 -1.4355 80 200 120
0.7241 6.2599 0.3057 80 200 120
1.2888 7.6781 -1.2727 80 200 120
2.5618 8.0136 -1.2853 80 200 120
2.5484 8.3227 -1.6628 80 200 120
2.4018 2.6198 -2.7945 80 200 120
0.8999 5.4409 -2.4322 80 200 120
0.0719 0.9984 -2.6694 80 200 120
-0.3159 -0.3690 -2.5052 80 200 120
1.6966 1.0763 -2.9922 80 200 120
3.1646 5.2180 -2.6652 80 200 120
3.4490 4.8581 -3.4605 80 200 120
3.3433 4.7612 -3.1018 80 200 120
3.3333 3.8705 -2.4649 80 200 120
3.3950 7.6284 -2.7573 80 200 120
3.2720 4.8645 -2.1126 80 200 120
3.4088 5.2466 -2.3364 80 200 120
3.4368 5.3360 -2.4070 80 200 120
0.6941 5.6543 -2.4524 80 200 120
0.9892 5.2364 -2.2432 80 200 120
-1.9401 0.6804 -2.8510 80 200 120
2.9352 1.6213 -1.7856 80 200 120
0.8609 5.6490 -2.5742 80 200 120
0.7378 4.9601 -2.2828 80 200 120
2.0622 -0.3516 -1.7027 80 200 120
0.8123 4.6764 -2.4982 80 200 120
0.8741 4.7137 -2.8730 80 200 120
4.4677 -0.5726 -2.4113 80 200 120
5.8142 5.2481 -2.1185 80 200 120
8.2420 5.6460 -2.8217 80 200 120
-5.1907 -4.1328 1.1514 80 200 120
3.6834 5.4158 -1.8485 80 200 120
3.5507 5.1285 -1.3725 80 200 120
3.0880 4.9279 -1.0191 80 200 120
3.2654 5.2033 -2.2648 80 200 120
0.8163 5.6415 -2.3219 80 200 120
3.2809 5.1972 -1.4519 80 200 120
-4.2725 -4.8077 -0.3891 80 200 120
-1.0624 2.2051 -2.6590 80 200 120
-0.3722 3.3049 -2.3837 80 200 120
0.0260 3.4038 -2.2887 80 200 120
-1.9367 0.6185 -1.2930 80 200 120
-0.4496 3.8262 -2.3171 80 200 120
4.6834 -1.0719 0.3235 80 200 120
4.4950 3.2190 0.5745 80 200 120
3.2782 4.8560 0.0631 80 200 120
4.5901 5.2819 0.0701 80 200 120
4.3776 0.1726 -1.8803 80 200 120
4.1296 5.3191 -1.8693 80 200 120
1.1312 7.3722 -1.0925 80 200 120
1.2497 6.7323 0.3966 80 200 120
1.6899 8.3972 -1.7482 80 200 120
0.6771 6.3004 -0.1708 80 200 120
0.9362 7.0280 -0.9198 80 200 120
1.4089 9.7640 -2.8243 80 200 120
0.8262 6.5820 -0.4224 80 200 120
2.1140 2.0826 -2.7355 80 200 120
1.0913 1.0807 -2.7881 80 200 120
-0.2999 3.7224 -0.6901 80 200 120
6.9551 5.2750 -2.4481 80 200 120
7.1481 5.7923 -0.3617 80 200 120
3.2718 3.1911 -2.8754 80 200 120
7.6546 5.6031 -2.2670 80 200 120
5.9305 5.7337 -2.4940 80 200 120
4.7853 5.1849 -1.9696 80 200 120
7.1028 6.0097 -0.6304 80 200 120
6.7673 6.1298 0.3037 80 200 120
3.3868 3.9249 -2.2456 80 200 120
1.6826 8.3867 -2.7722 80 200 120
0.9811 5.6472 -2.5622 80 200 120
7.0860 6.0918 -1.2328 80 200 120
3.2846 4.3213 -1.6638 80 200 120
1.9669 3.8480 -2.8342 80 200 120
1.0828 4.3729 -2.4493 80 200 120
1.2614 2.3864 -2.7739 80 200 120
0.9234 5.0483 -2.7189 80 200 120
-0.7765 0.5571 -2.6154 80 200 120
5.4226 3.2490 -1.3547 80 200 120
4.0070 5.3477 -1.7737 80 200 120
5.8839 5.0318 -1.3063 80 200 120
6.0755 6.3393 -2.7561 80 200 120
7.8165 5.5867 -1.6753 80 200 120
7.3706 6.0076 -3.2518 80 200 120
4.2730 5.1196 -1.6704 80 200 120
3.8480 5.2080 -1.6887 80 200 120
4.7652 -0.3093 -1.5411 80 200 120
2.2164 0.9385 -1.9830 80 200 120
1.9626 0.6506 -2.5743 80 200 120
0.0159 3.0105 -2.1456 80 200 120
0.0236 -0.6805 -2.9321 80 200 120
0.5915 6.0570 0.3224 80 200 120
2.7557 1.1646 -1.7607 80 200 120
4.9450 4.9963 -1.8567 80 200 120
6.8113 6.0821 -1.2277 80 200 120
4.1077 4.0500 -1.6367 80 200 120
6.7006 6.1203 -2.8440 80 200 120
5.6686 6.6695 -1.7244 80 200 120
7.1077 5.7193 -2.9939 80 200 120
5.2598 6.8466 -0.6684 80 200 120
8.6668 -13.2925 -2.1045 80 200 120
6.3906 1.5347 -2.4014 80 200 120
0.5330 5.9485 -0.0095 80 200 120
1.1351 7.8670 -1.8396 80 200 120
0.6659 6.3108 -0.4462 80 200 120
2.2123 8.1928 -0.5697 80 200 120
0.6268 5.8982 0.3511 80 200 120
0.5724 6.1817 -0.1197 80 200 120
1.9326 8.3307 -2.8383 80 200 120
1.6943 1.3841 -2.8500 80 200 120
0.3712 0.1763 -2.5036 80 200 120
3.9709 7.7758 -3.1127 80 200 120
3.2019 4.9849 -2.9682 80 200 120
-1.2827 1.8119 -0.7078 80 200 120
5.3823 5.9152 -2.3267 80 200 120
6.2432 5.6225 -2.3574 80 200 120
1.1735 4.1577 -2.8723 80 200 120
0.7104 5.2056 -2.2831 80 200 120
0.7597 5.6618 -2.3917 80 200 120
6.1404 4.7205 -1.3098 80 200 120
0.9481 5.2279 -2.2832 80 200 120
3.7734 2.7921 -2.8211 80 200 120
1.9663 7.9847 -2.8363 80 200 120
3.3333 4.0423 -1.7579 80 200 120
3.5767 4.6484 -1.4589 80 200 120
3.4514 3.3271 -2.8225 80 200 120
2.7755 2.7175 -2.8760 80 200 120
3.4931 1.8563 -2.9100 80 200 120
2.8827 2.5931 -2.6710 80 200 120
3.1551 1.8275 -2.6926 80 200 120
3.0606 2.1984 -2.8060 80 200 120
3.6492 2.0132 -2.8556 80 200 120
2.9455 2.1648 -2.2687 80 200 120
1.8826 2.8307 -2.7878 80 200 120
2.6411 2.9568 -2.8811 80 200 120
3.4018 4.0017 -2.1897 80 200 120
1.0609 5.5627 -2.7006 80 200 120
3.3727 4.5087 -2.2133 80 200 120
3.8818 -2.4168 0.3555 80 200 120
0.7154 5.6636 -2.4671 80 200 120
0.9153 5.4752 -2.5499 80 200 120
3.2640 -3.9505 0.4131 80 200 120
3.5101 4.7032 -1.4082 80 200 120
5.5205 6.3736 -2.7308 80 200 120
1.4830 -0.4842 -1.4707 80 200 120
-0.0118 4.7037 0.0949 80 200 120
-0.1482 4.2217 0.3541 80 200 120
1.0185 5.1202 0.3523 80 200 120
1.0421 4.3334 0.3566 80 200 120
-1.6088 -0.9785 -1.7971 80 200 120
-0.0500 2.7605 0.4185 80 200 120
0.2057 5.3713 0.1753 80 200 120
-0.6439 0.0187 -2.3284 80 200 120
0.6477 -0.7371 -3.0900 80 200 120
2.8728 -2.6322 -0.5832 80 200 120
3.7325 -1.4425 0.3284 80 200 120
7.4664 5.1586 -2.7109 80 200 120
7.8301 5.2803 -2.1610 80 200 120
6.6263 6.1928 -1.6475 80 200 120
6.1521 4.9608 -1.7934 80 200 120
4.6939 7.0035 -0.1139 80 200 120
3.4266 7.7050 -0.3887 80 200 120
1.3426 7.5871 0.2861 80 200 120
4.1051 7.3885 0.1560 80 200 120
4.3155 7.0741 0.4617 80 200 120
0.1520 5.4239 0.4254 80 200 120
3.5544 8.3039 -1.2283 80 200 120
2.2961 8.0339 -1.1603 80 200 120
2.2608 8.0701 -1.4978 80 200 120
3.4413 7.9182 -0.9757 80 200 120
4.6058 6.7619 0.4251 80 200 120
2.6600 7.4591 -1.2541 80 200 120
3.7875 6.3542 0.4574 80 200 120
3.2001 5.4000 -2.8460 80 200 120
1.6984 7.9207 -3.1185 80 200 120
0.1532 4.3560 -2.3675 80 200 120
0.9043 4.2485 -2.2235 80 200 120
0.2098 4.1392 -2.2747 80 200 120
1.6232 -0.0759 -2.9477 80 200 120
-1.4078 -0.8715 -0.8390 80 200 120
3.0572 5.2055 -2.6001 80 200 120
2.2623 2.3151 -2.7481 80 200 120
6.9387 6.2950 -0.5996 80 200 120
0.8411 4.9727 -2.2972 80 200 120
3.4452 1.5294 -2.8565 80 200 120
4.0194 -0.0348 -2.5536 80 200 120
1.0725 2.8205 -2.8204 80 200 120
2.5955 2.5175 -1.7150 80 200 120
-0.4885 3.4899 -2.5312 80 200 120
4.5979 3.6624 -2.0059 80 200 120
3.4696 2.7541 -2.8091 80 200 120
4.4047 6.8771 -2.5709 80 200 120
0.8584 5.1170 -2.2235 80 200 120
6.5298 5.1967 -2.3579 80 200 120
3.4675 4.7486 -1.0257 80 200 120
6.8845 5.6990 -2.5725 80 200 120
-2.9644 -1.3943 -3.0554 80 200 120
-0.4115 3.2007 -2.4693 80 200 120
3.3201 5.3119 -2.2860 80 200 120
6.6650 6.0797 -2.8963 80 200 120
8.3024 5.6039 -2.3885 80 200 120
5.1590 6.7613 -2.7937 80 200 120
-0.1519 4.5224 -0.8500 80 200 120
0.3192 5.3376 0.3338 80 200 120
-0.0333 3.4124 0.4062 80 200 120
1.3470 3.4981 0.3671 80 200 120
0.4259 2.1175 0.4320 80 200 120
1.2509 2.7185 0.3941 80 200 120
-0.7454 2.7161 0.4509 80 200 120
1.8876 0.1903 -2.2481 80 200 120
-0.9258 1.2421 -2.8128 80 200 120
-0.3946 3.3535 -2.4477 80 200 120
-0.0605 3.2837 -2.3911 80 200 120
3.8092 -3.1549 -1.6089 80 200 120
2.5512 2.6750 -0.2763 80 200 120
3.0789 -0.7716 0.0152 80 200 120
3.0557 -2.2455 0.0397 80 200 120
2.5910 1.4097 -0.1649 80 200 120
2.2891 0.1482 0.1785 80 200 120
3.2244 1.6591 0.3901 80 200 120
4.3344 -4.0916 0.3412 80 200 120
3.2571 4.8477 -0.3121 80 200 120
3.0031 8.0924 -0.4849 80 200 120
3.1823 7.6749 0.3288 80 200 120
3.1987 4.9645 0.4396 80 200 120
6.5540 4.9924 -2.7815 80 200 120
3.9474 4.0503 -1.6256 80 200 120
4.1265 3.6949 -1.7305 80 200 120
3.6197 7.5433 0.2825 80 200 120
5.9155 6.2182 -1.9758 80 200 120
5.3765 6.7963 -1.0920 80 200 120
8.0204 5.6801 -2.7231 80 200 120
2.2814 8.1702 -0.2886 80 200 120
4.4790 7.2192 0.3232 80 200 120
0.3946 5.6423 0.3557 80 200 120
3.7623 7.5150 -0.2978 80 200 120
0.9381 7.0051 -0.2162 80 200 120
2.9090 3.2225 -2.6926 80 200 120
0.3470 4.6907 -2.2740 80 200 120
0.8947 4.5767 -2.2235 80 200 120
1.4384 -0.3170 -2.7362 80 200 120
0.4161 -1.3100 -2.5741 80 200 120
3.0946 3.4715 -2.9054 80 200 120
1.5056 6.2336 -2.8713 80 200 120
-0.0562 -0.9636 -2.8429 80 200 120
1.5324 8.0053 -2.7734 80 200 120
5.7065 5.0920 -1.2807 80 200 120
3.3208 4.0743 -1.7401 80 200 120
7.3627 5.6543 0.2382 80 200 120
4.2181 3.8113 -1.7732 80 200 120
5.4756 6.7223 0.3007 80 200 120
1.1510 7.5218 -2.3513 80 200 120
6.3272 6.1347 0.2371 80 200 120
3.5709 1.7474 -2.8521 80 200 120
2.2827 3.0829 -2.8348 80 200 120
3.6078 1.6458 -2.8226 80 200 120
3.9812 2.0137 -2.8213 80 200 120
3.4971 1.4595 -2.8130 80 200 120
3.0952 2.0168 -2.4268 80 200 120
2.2799 2.3458 -2.8069 80 200 120
3.9869 -0.0453 -2.3227 80 200 120
-0.2109 0.4711 -2.4466 80 200 120
2.0799 3.1990 -2.8170 80 200 120
0.3298 1.2952 -2.5695 80 200 120
-0.0404 -1.5918 -3.0452 80 200 120
3.2204 4.9075 -2.8318 80 200 120
0.6021 4.3714 -2.1972 80 200 120
5.6753 0.4950 -0.0715 80 200 120
3.4652 3.3004 -2.8067 80 200 120
5.9955 1.2879 -1.2201 80 200 120
3.8149 5.3556 -1.6856 80 200 120
1.6118 -0.0049 -2.8732 80 200 120
4.0081 -2.9309 0.4122 80 200 120
0.5868 0.7909 -2.8322 80 200 120
3.0870 -1.9501 -0.1152 80 200 120
3.3127 4.3888 -2.3807 80 200 120
0.1745 3.4047 -2.2949 80 200 120
3.3170 6.4362 -2.7353 80 200 120
-1.1337 -4.1174 -0.9326 80 200 120
3.3031 4.8670 -1.9016 80 200 120
0.8026 2.7903 0.3789 80 200 120
1.1527 3.8726 0.3793 80 200 120
-0.7624 3.1936 -0.1126 80 200 120
-0.8340 3.1933 -0.7092 80 200 120
-0.9349 2.8389 0.1448 80 200 120
-0.3644 3.9118 0.3490 80 200 120
2.6844 1.7007 -1.7274 80 200 120
0.8653 1.7249 -2.7745 80 200 120
0.7621 -1.7326 0.2898 80 200 120
0.0050 2.4146 -2.5238 80 200 120
-0.8105 2.0951 -2.8064 80 200 120
1.9652 0.2111 -2.7167 80 200 120
3.8250 0.0342 -2.0308 80 200 120
0.5356 0.7560 -2.8211 80 200 120
2.1734 4.5895 -0.4592 80 200 120
3.3728 4.7662 -0.3932 80 200 120
3.2816 4.8198 -0.1799 80 200 120
4.8625 3.4970 -1.2534 80 200 120
8.1820 -17.5438 0.2757 80 200 120
10.3753 5.3197 -4.5699 80 200 120
5.0901 3.6396 -1.3123 80 200 120
0.9264 7.0547 -0.6225 80 200 120
0.8351 6.9711 -0.4332 80 200 120
2.5176 8.0371 -1.1887 80 200 120
1.1846 7.8749 -1.7209 80 200 120
3.9146 7.5116 -0.1420 80 200 120
3.2682 6.7799 0.4115 80 200 120
2.7225 7.8508 -0.3135 80 200 120
1.2117 7.8945 -1.0861 80 200 120
2.8069 2.5649 -2.7849 80 200 120
0.8261 5.0525 -2.3162 80 200 120
0.9664 4.4913 -2.2941 80 200 120
1.0306 3.0744 -2.8376 80 200 120
0.9733 6.8285 -2.7909 80 200 120
0.2831 2.5281 -2.7144 80 200 120
2.3082 1.6014 -2.6383 80 200 120
3.3218 4.0753 -2.9779 80 200 120
-1.8142 0.8227 -2.7397 80 200 120
3.9640 5.6751 -2.0787 80 200 120
3.2216 4.1501 -1.8619 80 200 120
2.7888 2.3511 -2.3250 80 200 120
2.8642 2.3817 -2.0179 80 200 120
2.0891 1.5008 -2.7643 80 200 120
0.5880 1.9007 -2.7938 80 200 120
2.2444 0.4119 -2.7765 80 200 120
5.7343 5.2325 -2.0283 80 200 120
8.6489 5.6842 -2.9520 80 200 120
4.7973 7.1080 -2.8643 80 200 120
2.1872 -12.6970 1.9340 80 200 120
6.3716 6.4027 -2.8811 80 200 120
7.3043 5.5703 -1.6246 80 200 120
7.2226 6.0879 -2.9347 80 200 120
4.2537 5.1890 -1.6838 80 200 120
5.6556 6.4473 -2.8086 80 200 120
0.2427 0.3469 0.5004 80 200 120
-1.2884 1.8334 0.2549 80 200 120
1.7180 2.0442 0.3985 80 200 120
4.5098 0.1358 -1.9024 80 200 120
-0.4359 0.4654 -2.2735 80 200 120
-0.3976 1.7165 0.5106 80 200 120
-0.1289 -2.0621 -3.0164 80 200 120
0.6501 -0.2371 -3.0083 80 200 120
2.5185 2.1164 -1.8230 80 200 120
3.5368 0.3976 0.3210 80 200 120
3.7560 1.4727 0.2597 80 200 120
5.7636 -4.8009 -1.5596 80 200 120
3.5295 7.6939 -0.1926 80 200 120
4.6377 6.7952 0.4335 80 200 120
3.7967 7.4591 -0.3118 80 200 120
1.1127 7.3346 -0.5984 80 200 120
3.5480 7.9108 -0.9125 80 200 120
4.5244 6.7294 0.3905 80 200 120
0.8279 5.6962 -2.4160 80 200 120
0.5160 3.1683 -2.6697 80 200 120
0.7322 3.9361 -2.1943 80 200 120
2.0254 0.0490 -2.7163 80 200 120
-0.2078 3.6652 -2.3871 80 200 120
0.5854 -0.4184 -3.0460 80 200 120
0.5307 3.5104 -2.2782 80 200 120
3.2281 4.8515 -2.5593 80 200 120
3.7322 5.4290 -2.1785 80 200 120
3.6360 5.3599 -1.5079 80 200 120
3.7501 2.8109 -2.8001 80 200 120
1.2787 7.2327 -2.0993 80 200 120
3.5165 4.7156 -1.3932 80 200 120
4.0969 3.9305 -1.7456 80 200 120
2.9487 2.2716 -2.0169 80 200 120
1.4548 4.5763 -2.8824 80 200 120
3.7004 5.4273 -1.9042 80 200 120
3.3090 4.8406 -1.5220 80 200 120
0.4881 5.7328 -2.7529 80 200 120
-0.3700 -0.8704 -2.5359 80 200 120
0.7504 6.2324 -2.7432 80 200 120
7.0458 6.0657 -1.2345 80 200 120
-1.6866 -0.0002 0.4649 80 200 120
-2.1652 -0.0094 0.0288 80 200 120
-1.6593 1.0162 0.1361 80 200 120
-0.9281 2.5020 0.4110 80 200 120
-0.6330 0.7001 0.4478 80 200 120
0.8685 0.4836 0.4574 80 200 120
-0.8050 -1.3128 -0.3929 80 200 120
2.8380 -4.3368 -5.0296 80 200 120
7.3138 0.9199 0.2316 80 200 120
-1.2779 -2.3661 -4.2019 80 200 120
1.6473 0.4137 -2.7339 80 200 120
3.1372 1.0267 -1.8473 80 200 120
5.2940 0.6122 0.5222 80 200 120
5.4410 0.4999 0.3769 80 200 120
6.4365 5.1956 -0.2207 80 200 120
3.4107 5.1807 -0.3028 80 200 120
3.9392 5.1028 -0.9690 80 200 120
3.0155 7.8735 0.3857 80 200 120
6.9592 5.3862 -1.0891 80 200 120
6.8082 6.5514 -3.0844 80 200 120
5.6029 2.7371 -1.8352 80 200 120
6.0342 6.5191 -0.6185 80 200 120
22.5388 -22.9814 -8.5963 80 200 120
6.9373 -2.5983 -2.7737 80 200 120
4.3882 3.7261 -1.8479 80 200 120
34.2016 -54.1714 -14.0377 80 200 120
5.9355 1.1520 -2.1059 80 200 120
2.0315 8.4202 -1.4231 80 200 120
1.0057 6.7591 -1.3899 80 200 120
2.2276 7.8731 -1.4182 80 200 120
0.3100 5.4300 0.3540 80 200 120
1.0259 5.1891 -2.7977 80 200 120
0.7345 5.8541 -2.4828 80 200 120
-0.7071 3.0251 -2.5860 80 200 120
0.6061 4.2799 -2.1935 80 200 120
3.1034 5.1869 -2.6461 80 200 120
0.7373 -3.6145 -3.1219 80 200 120
3.3742 4.7008 -2.6912 80 200 120
4.0090 5.1056 -1.1582 80 200 120
1.9489 4.3119 -2.8593 80 200 120
1.5700 8.4256 -0.2889 80 200 120
0.7917 4.9527 -2.3339 80 200 120
3.2839 4.8703 -1.8592 80 200 120
0.9496 5.1368 -2.7749 80 200 120
3.3715 2.2464 -2.8638 80 200 120
0.7277 3.5749 -2.8954 80 200 120
3.5942 1.3215 -2.8101 80 200 120
-0.1964 1.2075 -2.6299 80 200 120
4.4229 -0.5517 -2.3634 80 200 120
3.0992 2.4878 -2.7691 80 200 120
4.7484 -1.7448 -1.2837 80 200 120
5.8100 3.6574 -1.4026 80 200 120
7.5534 5.6528 -2.7845 80 200 120
5.1651 6.7409 -2.7891 80 200 120
2.6964 5.1983 -2.7802 80 200 120
8.0171 5.5922 -2.3089 80 200 120
6.4638 2.7151 -1.5862 80 200 120
-1.5140 1.0989 -2.7361 80 200 120
-2.0923 -0.1932 -2.5107 80 200 120
-0.4365 0.1526 -2.2818 80 200 120
-1.9698 -0.0896 -2.8765 80 200 120
0.8432 -1.6150 -0.6042 80 200 120
0.8015 2.2550 0.3699 80 200 120
1.1583 1.3697 -2.6783 80 200 120
1.2418 -0.4527 -2.8279 80 200 120
-0.7789 2.3126 -1.4984 80 200 120
2.0081 3.5306 0.3139 80 200 120
1.8866 0.0387 0.3600 80 200 120
5.0824 3.0910 0.3537 80 200 120
3.4954 -0.1562 0.3144 80 200 120
4.1674 -1.0331 0.2530 80 200 120
2.6968 1.8856 0.4186 80 200 120
3.7350 1.3827 0.3372 80 200 120
4.2742 0.0760 0.3118 80 200 120
5.8177 1.1321 0.2939 80 200 120
3.6889 5.1871 -0.2597 80 200 120
3.2455 4.8437 -0.0895 80 200 120
3.4477 5.1952 -0.1677 80 200 120
5.8406 0.7108 -0.9776 80 200 120
4.8742 7.1334 -0.0422 80 200 120
3.8127 4.4503 -1.4663 80 200 120
3.3230 4.3387 -1.2577 80 200 120
3.3715 7.6402 -0.8663 80 200 120
4.3682 3.3256 -1.5732 80 200 120
1.0883 6.6556 -1.1347 80 200 120
3.8444 7.4666 0.3243 80 200 120
0.6609 6.3155 -0.1548 80 200 120
0.8920 4.7079 -2.3965 80 200 120
1.5433 6.5836 -2.9316 80 200 120
2.3751 1.0870 -2.5238 80 200 120
3.2874 4.1060 -2.5507 80 200 120
3.2668 4.8661 -2.5442 80 200 120
5.6166 6.6561 -1.7366 80 200 120
6.7956 5.2208 -0.0876 80 200 120
0.7365 4.7320 -2.8491 80 200 120
7.2896 5.6601 0.2496 80 200 120
0.9178 5.2380 -2.3382 80 200 120
1.0974 5.5227 -2.6103 80 200 120
5.1893 6.6285 0.2391 80 200 120
6.1504 6.4158 0.2637 80 200 120
0.9659 6.1953 -2.8052 80 200 120
6.1930 6.5950 -0.6269 80 200 120
1.6630 8.4039 -1.9542 80 200 120
0.7087 5.9114 -2.5538 80 200 120
0.6452 3.9359 -2.1453 80 200 120
2.8109 2.4684 -1.9374 80 200 120
2.8322 2.3799 -2.4306 80 200 120
1.1655 4.1370 -2.8614 80 200 120
2.8695 3.0214 -2.8401 80 200 120
0.6005 5.7022 -2.6114 80 200 120
4.9761 2.8253 -2.7327 80 200 120
3.8264 5.3592 -1.7013 80 200 120
0.2184 4.1938 -2.2782 80 200 120
2.4288 0.7923 -2.2300 80 200 120
4.0519 5.1503 -0.9900 80 200 120
3.2975 5.2023 -1.4145 80 200 120
3.3066 4.8500 -1.5008 80 200 120
3.5064 4.7741 -1.3217 80 200 120
-1.8214 -0.9980 0.1154 80 200 120
-0.7744 -0.2426 0.4711 80 200 120
1.3609 -0.9369 -0.0347 80 200 120
0.0308 0.7643 -2.7793 80 200 120
-0.0180 -1.3163 -2.9567 80 200 120
7.8881 0.4787 0.2454 80 200 120
5.0387 -2.0371 -0.4947 80 200 120
3.9658 0.7665 0.3876 80 200 120
3.3714 -0.2835 0.3019 80 200 120
8.0529 5.6777 0.3287 80 200 120
6.0448 5.9404 0.1479 80 200 120
6.2816 6.3885 0.2467 80 200 120
3.2436 4.8666 0.0573 80 200 120
4.1483 7.2538 0.3155 80 200 120
6.5398 -0.9283 -2.4152 80 200 120
5.9372 2.8828 -2.1696 80 200 120
6.2241 3.4835 -1.4765 80 200 120
3.5763 4.7484 -0.8258 80 200 120
6.2061 5.8122 -0.6298 80 200 120
6.5110 6.3417 -2.2209 80 200 120
3.8236 7.3396 0.4407 80 200 120
1.7822 7.3377 -1.3575 80 200 120
5.2586 7.1177 0.6649 80 200 120
3.3425 7.3163 -0.7095 80 200 120
3.6945 0.5027 -3.6237 80 200 120
0.9869 5.5987 -2.5187 80 200 120
1.4089 -1.4851 -2.5897 80 200 120
3.3455 4.3567 -2.9010 80 200 120
-1.3528 1.7784 -0.6979 80 200 120
2.7967 2.5747 -2.7766 80 200 120
0.8590 -2.0730 -2.6147 80 200 120
1.2978 6.5515 -2.8699 80 200 120
3.6322 5.5692 -1.9757 80 200 120
1.6732 7.8469 -3.0221 80 200 120
1.9863 3.6764 -2.8051 80 200 120
3.2320 1.8638 -2.5650 80 200 120
3.7836 0.8792 -2.7559 80 200 120
1.9445 4.1312 -2.8479 80 200 120
0.7037 1.6696 -2.8590 80 200 120
0.3273 4.3950 -2.2799 80 200 120
3.1386 5.0707 -2.8052 80 200 120
3.0090 -0.1090 -2.0001 80 200 120
-0.0531 3.7016 -2.2778 80 200 120
-0.7026 0.7045 -2.3029 80 200 120
-1.3819 1.2625 -2.6519 80 200 120
-0.9854 2.2849 -2.6200 80 200 120
6.7705 6.5263 -3.0980 80 200 120
0.1710 3.5223 -2.2576 80 200 120
5.1141 7.2270 -3.0194 80 200 120
-0.6905 3.3791 0.3451 80 200 120
1.8104 -0.4041 -0.0092 80 200 120
0.0867 -1.7946 -1.8165 80 200 120
2.3558 1.0651 0.4205 80 200 120
1.8934 0.7205 -3.0405 80 200 120
3.9131 0.2898 -2.4176 80 200 120
4.9283 -1.1930 -2.6910 80 200 120
-1.2282 2.0294 -2.7704 80 200 120
2.3875 -0.1612 -2.8829 80 200 120
2.3918 1.8489 -1.8275 80 200 120
2.6210 2.1553 -1.8673 80 200 120
0.7003 1.1778 -2.9038 80 200 120
0.6413 -1.8911 -2.8393 80 200 120
1.1186 1.0011 -2.8348 80 200 120
5.0611 0.4466 0.3792 80 200 120
3.0030 1.6617 0.3700 80 200 120
5.5872 0.3973 0.2122 80 200 120
12.6226 -52.9685 8.2782 80 200 120
5.4364 6.7052 0.3029 80 200 120
3.4032 5.1810 -0.0482 80 200 120
6.2340 5.2310 -2.2468 80 200 120
5.1963 -0.6038 -1.3411 80 200 120
4.8942 4.0878 -1.9195 80 200 120
5.8735 6.2436 -2.6048 80 200 120
4.8221 7.0478 -0.4080 80 200 120
0.9293 6.5813 0.3330 80 200 120
1.1744 8.1400 -1.3942 80 200 120
3.1850 6.6741 0.3463 80 200 120
3.9567 -0.7758 -4.1849 80 200 120
-1.2010 2.0743 -2.6672 80 200 120
-0.0224 3.1143 -2.4883 80 200 120
1.0095 4.3434 -2.7407 80 200 120
3.5491 4.5680 -3.0073 80 200 120
-0.3745 -1.7499 -0.8726 80 200 120
3.1979 4.8844 -2.8736 80 200 120
3.6300 4.7529 -3.0246 80 200 120
3.0951 2.7608 -2.7311 80 200 120
0.7262 5.6819 -2.4451 80 200 120
3.3747 4.2399 -1.7444 80 200 120
4.4805 3.6726 -1.9356 80 200 120
3.2119 5.2199 -2.6670 80 200 120
6.3684 6.1370 0.2418 80 200 120
3.7218 3.7929 -1.8753 80 200 120
3.5421 3.2215 -2.9680 80 200 120
2.9983 3.5581 -2.8985 80 200 120
3.2850 5.5877 -2.2207 80 200 120
3.0550 5.4250 -2.5627 80 200 120
1.0654 4.5416 -2.8136 80 200 120
0.7389 4.7484 -2.8231 80 200 120
0.9346 5.2439 -2.3139 80 200 120
0.9650 4.6775 -2.7437 80 200 120
0.5236 3.5095 -2.2662 80 200 120
0.9247 4.2244 -2.2387 80 200 120
4.1606 1.5093 -2.7939 80 200 120
2.7942 2.4999 -1.9241 80 200 120
2.5377 2.6265 -1.8045 80 200 120
1.6482 4.8670 -2.8565 80 200 120
3.6325 3.7355 -2.7113 80 200 120
3.3923 4.7683 -2.7067 80 200 120
5.6055 3.7849 -2.2684 80 200 120
3.7430 4.7197 -1.2015 80 200 120
5.0646 0.3917 -1.7985 80 200 120
2.7925 2.9038 0.4283 80 200 120
2.1031 2.7972 0.4417 80 200 120
-0.9561 0.1564 -3.2034 80 200 120
-1.6695 -1.0782 -3.0966 80 200 120
-1.2255 2.3473 -2.2815 80 200 120
0.6827 0.0093 -2.9334 80 200 120
4.8961 -0.2708 -2.1167 80 200 120
2.9763 0.4797 -1.7260 80 200 120
4.5621 -2.9730 -1.7344 80 200 120
3.2931 0.3585 0.3542 80 200 120
5.6530 6.7498 0.0557 80 200 120
5.6189 6.6578 -1.6823 80 200 120
5.4321 2.6493 0.4406 80 200 120
4.2083 7.0213 0.3968 80 200 120
5.4493 5.4210 -1.2297 80 200 120
5.6200 5.2004 -1.1702 80 200 120
5.8593 6.4798 -1.6606 80 200 120
2.7742 7.9681 0.3415 80 200 120
0.1218 4.9016 0.3119 80 200 120
-0.1851 4.2697 0.2870 80 200 120
2.5282 7.6517 -0.7690 80 200 120
2.4338 1.5200 -2.0184 80 200 120
0.6952 5.5690 -2.4124 80 200 120
0.5450 2.3982 -2.8395 80 200 120
3.4306 2.8342 -2.7718 80 200 120
0.4050 0.7490 -2.8019 80 200 120
0.7775 3.7924 -2.7121 80 200 120
2.7075 5.1897 -2.8139 80 200 120
2.9209 7.6915 -2.6581 80 200 120
0.6964 -0.8541 -2.7927 80 200 120
5.0743 5.0630 -1.8822 80 200 120
3.4576 5.2246 -1.3602 80 200 120
4.1632 5.7164 -1.9194 80 200 120
7.2827 5.6319 0.2259 80 200 120
3.4027 3.9536 -2.4095 80 200 120
0.8673 4.9689 -2.6911 80 200 120
3.4105 4.8209 -1.3861 80 200 120
3.9268 6.4958 -2.1255 80 200 120
5.1407 4.0252 -2.0743 80 200 120
0.8621 3.8860 -2.8251 80 200 120
2.2333 2.0658 -2.6825 80 200 120
1.3779 5.6598 -2.7773 80 200 120
4.4929 -0.2894 -1.7011 80 200 120
4.9440 2.3884 -2.8502 80 200 120
5.5839 2.7519 -1.7285 80 200 120
6.3311 3.4248 -1.4887 80 200 120
0.3076 4.4383 -2.3281 80 200 120
0.9473 4.5882 -2.1799 80 200 120
3.4683 4.6492 -1.6859 80 200 120
0.8722 5.2837 -2.2724 80 200 120
0.8592 5.1186 -2.2040 80 200 120
0.8837 5.8699 -2.8825 80 200 120
5.9933 1.0840 -2.1588 80 200 120
3.7407 4.3165 -1.6604 80 200 120
6.3081 5.4650 -1.3847 80 200 120
5.9068 6.2872 -2.6679 80 200 120
4.6692 7.1031 -2.7553 80 200 120
5.5072 6.3876 -2.7282 80 200 120
4.9638 6.5663 -2.6284 80 200 120
2.1209 -10.2513 1.6013 80 200 120
7.1748 6.1191 -1.3050 80 200 120
7.0915 5.9952 -0.5844 80 200 120
1.8466 -0.6480 -0.8001 80 200 120
3.2753 0.8647 0.3843 80 200 120
-0.8486 -1.6081 -1.7432 80 200 120
-0.0873 0.4788 -2.9034 80 200 120
-0.6282 -0.6086 -2.8105 80 200 120
-0.1731 -1.6176 -2.3549 80 200 120
5.3806 1.2593 -0.9466 80 200 120
5.4150 -0.5154 0.0413 80 200 120
6.2103 6.0718 -2.6322 80 200 120
5.9448 5.6365 -2.4726 80 200 120
2.0865 3.2872 0.2039 80 200 120
5.4348 0.6348 -1.9544 80 200 120
5.6071 5.4944 -0.2891 80 200 120
3.5883 5.3210 0.0741 80 200 120
5.4274 2.4866 -1.4873 80 200 120
4.8492 4.0877 -1.8799 80 200 120
4.7335 3.3827 -1.5927 80 200 120
5.1546 5.3771 -1.4842 80 200 120
3.4614 7.8011 -0.9043 80 200 120
1.2342 7.7119 -0.4412 80 200 120
1.1335 6.9901 -0.7381 80 200 120
0.4832 5.9790 0.0097 80 200 120
3.2461 6.7672 0.4070 80 200 120
3.7897 7.5505 -0.3012 80 200 120
0.2114 5.4284 -0.0197 80 200 120
-0.0842 4.5730 0.3357 80 200 120
3.6814 7.2754 0.2464 80 200 120
1.4136 -1.1443 -2.4515 80 200 120
-1.7797 0.8727 -1.2259 80 200 120
3.1182 5.0452 -2.8994 80 200 120
3.3233 4.6405 -2.7008 80 200 120
3.3878 4.8418 -2.6652 80 200 120
-0.9770 2.0398 -0.6615 80 200 120
3.1972 4.1398 -2.8323 80 200 120
3.3624 3.4397 -2.7128 80 200 120
0.6893 4.7449 -2.3081 80 200 120
0.4414 5.1052 -2.3725 80 200 120
3.2878 4.1330 -1.7300 80 200 120
3.3358 4.8546 -1.5265 80 200 120
1.0633 4.5714 -2.7557 80 200 120
3.4334 4.6746 -1.6684 80 200 120
3.3198 4.2902 -1.6870 80 200 120
3.4290 3.3723 -2.8436 80 200 120
0.3597 2.9337 -2.4867 80 200 120
0.7898 4.7241 -2.2866 80 200 120
5.2262 0.9485 -2.7441 80 200 120
3.7214 5.3692 -1.6337 80 200 120
-0.8950 0.3664 -2.4366 80 200 120
-1.2858 1.3505 -2.5752 80 200 120
-0.6381 2.6488 -2.5175 80 200 120
3.7231 5.4222 -1.7913 80 200 120
3.4480 4.6637 -2.3927 80 200 120
3.8124 4.6490 -1.6508 80 200 120
4.3306 5.5081 -1.6311 80 200 120
5.5244 2.7464 -2.6866 80 200 120
3.3697 5.2195 -1.1704 80 200 120
3.2307 5.2232 -1.2372 80 200 120
5.7592 4.0797 -1.7755 80 200 120
2.3363 0.6580 -2.5348 80 200 120
5.5246 0.4994 -0.7264 80 200 120
-1.2102 -0.3186 -2.7898 80 200 120
-1.0463 -0.0034 -3.3171 80 200 120
5.8839 2.9957 -1.5119 80 200 120
6.2046 3.9207 -1.3624 80 200 120
6.2363 3.9592 -2.0169 80 200 120
6.3747 1.8487 -2.1625 80 200 120
3.2128 4.8857 0.2808 80 200 120
3.1884 5.1716 0.3942 80 200 120
2.0328 7.6849 0.1816 80 200 120
0.8741 6.8418 0.1105 80 200 120
2.0824 9.6673 -1.7734 80 200 120
0.9551 7.1778 -1.0272 80 200 120
0.5822 6.2044 -0.1116 80 200 120
0.1881 5.1671 0.3342 80 200 120
4.1886 7.3107 0.3285 80 200 120
4.1085 7.4038 0.1425 80 200 120
3.5041 7.6273 -0.1833 80 200 120
1.1532 7.3240 -2.8086 80 200 120
0.0131 2.6458 -2.6870 80 200 120
0.4209 3.8967 -2.1908 80 200 120
1.3551 -1.3484 -1.5185 80 200 120
1.5422 8.3729 -2.5868 80 200 120
2.1394 6.5771 -2.8900 80 200 120
2.4888 2.3815 -1.7619 80 200 120
1.2228 -0.0950 -2.7967 80 200 120
3.1930 5.1773 -2.8129 80 200 120
4.2856 5.9223 -1.9787 80 200 120
6.8822 5.5447 -1.5143 80 200 120
1.1886 7.0971 -2.6230 80 200 120
0.7198 3.7911 -2.9615 80 200 120
1.0302 4.5247 -2.2053 80 200 120
0.6388 5.3275 -2.3575 80 200 120
4.1781 3.8319 -1.7556 80 200 120
0.8020 4.9710 -2.3345 80 200 120
0.7537 5.1352 -2.3073 80 200 120
0.9210 4.7576 -2.5878 80 200 120
8.4588 5.8873 -0.2960 80 200 120
1.4557 7.9172 0.2921 80 200 120
2.9719 3.5870 -2.8573 80 200 120
6.1278 6.4944 -0.0738 80 200 120
2.6311 8.0887 -2.0961 80 200 120
1.3196 4.3898 -2.8442 80 200 120
4.2597 0.0245 -2.7496 80 200 120
3.9844 0.7406 -2.8306 80 200 120
4.2835 0.0923 -2.9002 80 200 120
4.2038 1.7206 -2.8222 80 200 120
1.0765 3.6402 -2.8438 80 200 120
1.0674 1.1171 -2.8505 80 200 120
1.0320 5.3009 -2.6671 80 200 120
0.5556 4.7962 -2.1405 80 200 120
0.6523 5.7005 -2.6084 80 200 120
3.8246 -2.3346 0.3039 80 200 120
0.8397 5.3006 -2.3171 80 200 120
2.3603 0.0024 -2.0468 80 200 120
-0.5848 0.8328 -2.8521 80 200 120
5.7373 2.9056 -1.3851 80 200 120
1.0891 3.5684 0.3815 80 200 120
2.5602 2.5202 0.3726 80 200 120
-1.1562 2.1017 -2.6884 80 200 120
2.1722 -2.1835 -0.3977 80 200 120
-0.9865 2.5772 -2.2075 80 200 120
-0.6665 3.5918 -0.9809 80 200 120
-1.3393 1.6738 -1.1607 80 200 120
1.5358 1.1893 -2.7594 80 200 120
1.0205 -1.3814 -1.0823 80 200 120
-2.4061 -0.2711 -1.8520 80 200 120
2.5538 2.4792 -1.7511 80 200 120
2.3940 2.2327 -1.5929 80 200 120
2.6614 2.5768 -1.6027 80 200 120
-1.6326 1.0937 -0.3065 80 200 120
2.2048 0.2362 -3.0641 80 200 120
3.4071 -2.1140 0.5096 80 200 120
6.0972 1.2052 -1.2093 80 200 120
7.1364 3.7517 0.2348 80 200 120
6.2263 3.4627 -1.4905 80 200 120
3.3392 4.8518 -0.0672 80 200 120
3.3738 4.8568 -0.2017 80 200 120
6.2261 2.4991 -1.3927 80 200 120
3.2344 5.2282 0.2697 80 200 120
3.0081 8.0442 0.4075 80 200 120
3.7618 4.7804 -0.3831 80 200 120
3.5407 5.2546 -0.0974 80 200 120
5.7998 0.8069 -0.9963 80 200 120
6.4868 2.2112 0.2424 80 200 120
5.7053 2.7371 -1.9712 80 200 120
5.6342 0.3035 -0.6815 80 200 120
0.8076 6.6841 0.2103 80 200 120
3.3283 7.5314 -0.4024 80 200 120
0.7690 6.6465 0.0291 80 200 120
1.6929 8.0973 -1.5509 80 200 120
0.9009 6.9452 -1.2606 80 200 120
2.7313 2.5073 -1.9003 80 200 120
3.4470 4.6134 -2.8891 80 200 120
-1.3310 1.7833 -0.7077 80 200 120
-0.9550 1.7629 -0.2928 80 200 120
3.3737 4.3192 -2.9974 80 200 120
3.8140 5.4361 -1.9834 80 200 120
1.8675 6.5040 -2.7544 80 200 120
6.2115 3.9145 -1.4014 80 200 120
3.8297 4.6832 -1.6742 80 200 120
3.3764 3.9990 -2.1631 80 200 120
3.3678 4.0190 -2.4097 80 200 120
6.6677 6.2213 -0.5375 80 200 120
0.9836 4.6643 -2.7125 80 200 120
1.6233 2.9265 -2.8669 80 200 120
3.8108 3.8210 -2.3713 80 200 120
3.7061 5.4037 -2.4540 80 200 120
3.3340 4.3727 -1.6644 80 200 120
6.4394 3.3655 -1.5210 80 200 120
6.0702 3.9969 -1.4173 80 200 120
-2.8354 -1.0216 -2.9572 80 200 120
-1.1386 1.8109 -2.6505 80 200 120
0.3065 4.4593 -2.3521 80 200 120
0.2607 4.1404 -2.2375 80 200 120
5.9239 0.2115 -0.0409 80 200 120
-0.0059 4.2535 -2.4751 80 200 120
-0.8248 2.4229 -2.6336 80 200 120
6.0537 3.9902 -1.8589 80 200 120
1.1716 5.4423 -2.5609 80 200 120
4.0171 -0.8481 0.2319 80 200 120
3.2997 4.8671 -1.4630 80 200 120
-0.3703 3.3458 -2.3883 80 200 120
5.1260 6.7692 -2.6677 80 200 120
4.6803 1.8078 -2.8380 80 200 120
4.8138 0.8332 -1.9745 80 200 120
5.9083 1.3245 -1.1697 80 200 120
6.0149 0.4319 -1.7417 80 200 120
-0.8565 0.3173 -2.5522 80 200 120
-0.4044 1.0886 -2.6825 80 200 120
4.2856 -0.6213 -2.8085 80 200 120
5.7012 0.8985 -1.0086 80 200 120
5.8841 0.2882 -0.0481 80 200 120
5.5707 0.4924 -0.6733 80 200 120
-0.2714 0.1227 -2.4222 80 200 120
0.3385 0.4015 -2.9057 80 200 120
5.3964 0.7517 0.3751 80 200 120
0.6759 -1.7580 -2.7797 80 200 120
3.1664 1.3031 0.3328 80 200 120
5.6837 0.5926 -0.0777 80 200 120
3.9747 5.4912 0.0640 80 200 120
5.8095 3.1569 -1.9371 80 200 120
4.0747 3.5749 0.3728 80 200 120
4.4183 4.3001 0.3804 80 200 120
6.2476 4.2104 -1.2984 80 200 120
3.9322 0.7116 -0.5311 80 200 120
3.7625 7.5255 -0.3047 80 200 120
6.9714 3.2193 -0.0482 80 200 120
6.6546 2.7879 -1.0849 80 200 120
1.1966 6.9617 0.2894 80 200 120
1.0407 7.1859 -0.2040 80 200 120
2.0728 10.7658 -2.0901 80 200 120
0.8250 6.2864 -2.6492 80 200 120
0.5104 5.2689 -2.2974 80 200 120
2.3696 7.1344 -2.3273 80 200 120
1.6230 6.2831 -2.8545 80 200 120
1.0874 6.4223 -2.8548 80 200 120
2.4231 7.5584 -2.7090 80 200 120
0.7687 4.7456 -2.1972 80 200 120
0.4043 4.7647 -2.3061 80 200 120
4.1069 3.5649 -2.1969 80 200 120
2.9609 7.9734 -0.5117 80 200 120
5.7105 4.2303 -1.8124 80 200 120
4.1922 3.6941 -1.8283 80 200 120
3.2400 4.1706 -1.7038 80 200 120
0.4406 5.1612 -2.4381 80 200 120
1.1286 4.1399 -2.8655 80 200 120
2.8015 8.0423 0.3751 80 200 120
0.5186 3.2978 -2.4796 80 200 120
1.0091 4.4605 -2.1653 80 200 120
3.7365 5.3928 -2.1783 80 200 120
4.0021 -4.3982 -1.7779 80 200 120
-0.2212 0.2330 -2.5083 80 200 120
5.5650 3.1428 -1.4214 80 200 120
3.3815 5.2244 -1.4004 80 200 120
4.6020 5.7966 -1.9300 80 200 120
0.8207 4.8503 -2.9073 80 200 120
4.6900 0.5356 -2.6918 80 200 120
0.5853 4.7814 -2.1769 80 200 120
1.0600 5.4755 -2.3087 80 200 120
0.8800 5.2537 -2.4150 80 200 120
2.7181 -1.1186 -2.1034 80 200 120
0.8267 5.1090 -2.2497 80 200 120
1.0830 1.5947 0.3993 80 200 120
-0.9395 2.8820 -0.3607 80 200 120
1.5777 0.6534 0.4140 80 200 120
3.5396 -1.5970 0.3491 80 200 120
2.9569 -0.1629 -1.9187 80 200 120
-1.4421 1.7898 -0.1584 80 200 120
-0.2591 -0.7267 -2.9089 80 200 120
-1.5426 1.3717 -1.5686 80 200 120
6.1237 1.4162 0.3768 80 200 120
1.8940 0.0250 -2.9030 80 200 120
3.2053 0.8271 -1.9193 80 200 120
2.6908 1.7898 -1.7628 80 200 120
3.7255 1.5992 0.4453 80 200 120
6.1207 4.3287 -2.0214 80 200 120
3.5767 7.5235 0.2781 80 200 120
6.7025 3.0927 0.3549 80 200 120
5.5723 6.8904 -1.1405 80 200 120
5.7328 6.6527 -1.1084 80 200 120
6.0792 6.5820 0.3348 80 200 120
5.9071 6.8185 -1.8243 80 200 120
7.1740 3.1464 -2.7358 80 200 120
3.5430 7.7630 -0.1791 80 200 120
0.6886 6.4749 0.0846 80 200 120
0.3903 5.7162 0.1296 80 200 120
3.5510 7.5352 0.1967 80 200 120
1.1738 2.6086 -2.8378 80 200 120
2.3959 1.4423 -2.0068 80 200 120
2.1194 -0.0593 -2.7733 80 200 120
2.5938 7.6095 -3.2501 80 200 120
1.4007 1.1941 -2.8308 80 200 120
3.2248 4.8983 -2.9089 80 200 120
2.9746 3.5385 -2.8388 80 200 120
-1.8527 0.6305 0.3315 80 200 120
3.3074 4.3377 -2.8803 80 200 120
0.2138 3.6170 -2.2045 80 200 120
-0.5533 3.6606 -0.9326 80 200 120
1.4224 7.5583 -2.5151 80 200 120
3.6019 5.2445 -1.5347 80 200 120
3.6491 5.2907 -1.6107 80 200 120
2.9367 7.4018 -2.8199 80 200 120
0.9459 4.5110 -2.3433 80 200 120
1.2971 4.0957 -2.8394 80 200 120
3.7003 6.0054 -1.9524 80 200 120
0.8571 3.9460 -2.7129 80 200 120
2.7626 2.5719 -2.5899 80 200 120
2.6335 3.9193 -2.8334 80 200 120
1.1525 -1.5818 -2.7447 80 200 120
0.6824 4.7112 -2.3445 80 200 120
0.8887 4.5757 -2.2624 80 200 120
5.6266 0.3634 -0.6958 80 200 120
4.6004 -4.5129 -0.0017 80 200 120
3.0882 -3.3024 0.1269 80 200 120
-2.1402 -0.0701 -0.6395 80 200 120
-1.3480 1.7409 -0.6805 80 200 120
2.0989 -0.5938 -1.3789 80 200 120
2.5131 2.2105 -1.8401 80 200 120
2.4026 2.1354 -1.5991 80 200 120
2.3114 -0.3781 -1.6773 80 200 120
2.7549 2.3730 -1.6136 80 200 120
5.0557 0.3852 -1.9615 80 200 120
4.5672 -0.0087 -1.8765 80 200 120
-1.3124 0.0141 -2.3487 80 200 120
6.0309 1.2268 -1.2214 80 200 120
4.6416 -0.4041 -0.3002 80 200 120
6.3247 4.5043 -1.5352 80 200 120
5.5193 2.4255 -1.5143 80 200 120
5.6869 2.7417 -1.9791 80 200 120
5.2529 6.1435 -0.1323 80 200 120
6.0429 3.3872 -1.8536 80 200 120
3.3132 4.8635 0.1259 80 200 120
7.8442 4.5652 -0.7075 80 200 120
7.3558 4.1516 -0.0596 80 200 120
3.2447 5.2006 -0.6660 80 200 120
7.4046 4.5147 0.3183 80 200 120
6.1472 4.5944 -2.1005 80 200 120
3.2080 4.8933 0.3522 80 200 120
0.8463 6.2578 0.2589 80 200 120
-0.2616 4.2392 0.3428 80 200 120
-0.6046 3.2210 0.2827 80 200 120
0.6513 6.0114 0.2875 80 200 120
-0.3456 3.9079 0.3044 80 200 120
1.3889 -0.7497 -2.2656 80 200 120
1.9387 -0.5286 -1.7471 80 200 120
2.4561 2.2074 -1.7805 80 200 120
-0.2605 3.8829 -2.2936 80 200 120
-1.2945 1.4211 -0.1961 80 200 120
3.2566 5.2585 -1.0625 80 200 120
0.9022 4.2149 -2.1985 80 200 120
3.5992 4.9142 -1.6881 80 200 120
3.3417 4.0747 -2.1785 80 200 120
4.6311 4.4272 -1.9052 80 200 120
1.6935 3.3207 -2.9013 80 200 120
3.2739 4.1474 -1.7482 80 200 120
0.3962 4.7926 -2.3021 80 200 120
3.5499 4.7003 -1.7692 80 200 120
3.3257 4.3148 -1.6938 80 200 120
0.9768 4.2496 -2.7719 80 200 120
4.1948 3.9420 -1.8262 80 200 120
1.0849 4.6374 -2.7378 80 200 120
6.1567 3.4897 -1.5079 80 200 120
6.1946 3.7615 -2.3401 80 200 120
3.3937 4.8662 -1.5001 80 200 120
6.2313 3.9206 -1.4422 80 200 120
3.2076 5.1970 -1.1087 80 200 120
4.6971 4.6057 -1.8534 80 200 120
6.4953 4.5132 -1.3962 80 200 120
0.3169 4.4950 -2.3209 80 200 120
3.6398 5.5234 -1.5294 80 200 120
3.8556 4.6667 -1.6619 80 200 120
0.0785 -1.4818 0.3115 80 200 120
1.3142 3.6915 0.4156 80 200 120
1.4969 -0.6571 -1.5168 80 200 120
-1.9504 -0.9143 -0.5593 80 200 120
1.2957 -2.1550 -3.0906 80 200 120
-0.7700 3.1937 -0.0379 80 200 120
0.2035 -1.4212 -2.7198 80 200 120
-0.2540 4.3839 0.3526 80 200 120
-0.0603 4.7641 0.3664 80 200 120
3.7103 7.4482 -0.3214 80 200 120
5.2585 6.7359 -1.0866 80 200 120
7.2220 3.8010 -0.2127 80 200 120
5.6882 2.8389 -1.4388 80 200 120
5.7181 3.1992 -1.4682 80 200 120
6.6229 4.7877 -1.2652 80 200 120
3.4385 7.6819 -0.8136 80 200 120
3.1866 5.1796 0.3788 80 200 120
0.6153 6.3017 0.1618 80 200 120
0.7216 6.9563 -0.7741 80 200 120
-0.0578 4.6981 -0.0410 80 200 120
0.9567 5.1328 0.3927 80 200 120
1.6962 3.2663 -2.8407 80 200 120
2.5438 -0.4464 -1.7565 80 200 120
3.1544 4.8864 -2.7732 80 200 120
3.3738 4.6445 -2.7706 80 200 120
3.3913 1.3221 -2.8974 80 200 120
3.2588 1.7421 -2.9738 80 200 120
3.3491 2.3256 -2.7960 80 200 120
-0.3009 1.3430 -2.9725 80 200 120
1.9902 1.2013 -2.7864 80 200 120
3.4758 2.7697 -2.8277 80 200 120
2.3756 -0.2815 -2.1021 80 200 120
3.4158 3.3539 -2.7361 80 200 120
3.1732 5.2220 -1.1052 80 200 120
1.4127 6.0691 -2.8229 80 200 120
1.5038 5.5850 -2.8452 80 200 120
0.7910 3.9761 -2.1897 80 200 120
3.4316 4.9085 -2.0080 80 200 120
4.5375 4.6512 -1.8156 80 200 120
0.2614 4.4529 -2.3797 80 200 120
4.4177 3.2900 -2.7253 80 200 120
3.4007 4.4564 -1.6915 80 200 120
3.4580 4.7011 -2.4015 80 200 120
3.0139 3.0288 -2.8402 80 200 120
6.3344 3.8241 -2.4125 80 200 120
6.0187 3.9565 -1.3810 80 200 120
5.4701 2.7080 -2.7818 80 200 120
0.4512 5.1227 -2.3658 80 200 120
6.0822 4.1344 -2.0102 80 200 120
0.7355 3.6958 -2.7498 80 200 120
6.5302 4.8152 -2.3092 80 200 120
3.2602 2.5204 -2.8316 80 200 120
4.4862 -0.3856 -2.6699 80 200 120
1.5447 3.3004 -2.8560 80 200 120
4.3217 -0.0857 -2.6204 80 200 120
4.8919 -0.1708 -2.1306 80 200 120
5.8910 2.1514 -2.5076 80 200 120
0.5352 4.8010 -2.2276 80 200 120
0.6829 4.7324 -2.3525 80 200 120
6.1976 3.9758 -1.9011 80 200 120
0.5631 -2.1299 -2.9395 80 200 120
0.9377 4.1144 -2.7569 80 200 120
-0.3490 1.1077 -2.7435 80 200 120
0.1093 0.8627 -2.7533 80 200 120
-0.2430 0.1772 -2.5274 80 200 120
5.3769 3.1007 -1.3062 80 200 120
0.1953 4.0713 -2.2601 80 200 120
0.5191 3.7529 -2.1528 80 200 120
0.2144 -1.0938 -2.9569 80 200 120
4.2124 -3.9294 -1.1570 80 200 120
1.0100 -1.8572 -2.4817 80 200 120
-0.1193 0.4269 -2.9615 80 200 120
3.5981 -2.4907 -2.5947 80 200 120
2.2619 0.2653 -2.0732 80 200 120
-0.2570 1.2837 -2.5662 80 200 120
-0.6950 0.6242 -2.4325 80 200 120
-1.4330 1.2019 -2.5662 80 200 120
-1.8948 -0.5400 -2.6243 80 200 120
-1.5166 1.6257 -0.7239 80 200 120
-1.8145 1.2060 -1.3765 80 200 120
-1.1871 -0.5178 -2.3762 80 200 120
6.6795 5.0989 -1.3874 80 200 120
6.1681 3.9496 -1.4326 80 200 120
5.1041 -0.1278 -0.0795 80 200 120
7.9296 5.3129 0.1053 80 200 120
5.8061 2.2855 -1.5932 80 200 120
6.4931 3.7281 -2.5430 80 200 120
6.7620 4.4520 -2.8707 80 200 120
6.7826 4.9384 -1.9871 80 200 120
7.7362 5.4919 -1.1635 80 200 120
7.6122 4.5924 -0.6898 80 200 120
1.0036 6.6093 0.2417 80 200 120
-0.9001 3.1547 -0.3341 80 200 120
1.2185 8.0825 -1.3586 80 200 120
0.4622 5.5110 0.3087 80 200 120
0.1185 5.2102 -0.1482 80 200 120
0.7270 7.3000 -1.4046 80 200 120
0.5604 5.6778 0.3000 80 200 120
3.4788 7.3244 0.2582 80 200 120
2.8551 7.6595 0.3154 80 200 120
3.0288 7.9807 -0.0674 80 200 120
3.2424 7.4365 0.2946 80 200 120
2.9993 6.9739 0.4038 80 200 120
2.7916 -0.1141 -1.8814 80 200 120
3.1659 5.1462 -2.8114 80 200 120
3.2589 4.1005 -2.6577 80 200 120
2.4106 2.3130 -1.7233 80 200 120
3.7424 1.7869 -2.8081 80 200 120
-1.6430 1.4365 -1.2221 80 200 120
3.4366 3.8413 -2.8364 80 200 120
3.2632 5.1411 -1.7093 80 200 120
0.8115 6.3995 -2.7081 80 200 120
6.6821 5.1572 -1.4031 80 200 120
3.3012 4.3166 -1.6801 80 200 120
6.1685 3.6354 -2.5384 80 200 120
6.7941 5.2787 -2.3693 80 200 120
3.8202 3.8940 -2.0463 80 200 120
2.3451 2.7052 -2.5590 80 200 120
2.6957 2.6146 -1.8123 80 200 120
4.8081 -1.3427 -0.5773 80 200 120
1.0206 4.3246 -2.6696 80 200 120
6.8169 5.2384 -2.3138 80 200 120
0.2442 3.0793 -2.4895 80 200 120
-0.3877 -1.4155 -2.7933 80 200 120
6.4680 4.7301 -2.2606 80 200 120
6.1665 3.1080 -1.5704 80 200 120
6.0096 4.0015 -2.7420 80 200 120
0.8696 5.6466 -2.6380 80 200 120
3.9459 3.8638 -1.9520 80 200 120
5.8565 4.6245 -2.5418 80 200 120
4.4365 -1.0254 -0.5153 80 200 120
2.9475 -2.9075 -1.7833 80 200 120
-2.0154 0.3698 -2.2898 80 200 120
0.7163 3.5736 0.3807 80 200 120
-0.4179 -1.4215 -2.7226 80 200 120
0.6654 -0.0692 -2.9233 80 200 120
0.2737 -0.1659 -2.8469 80 200 120
2.8832 1.2841 -1.7887 80 200 120
2.7370 0.5153 -1.9582 80 200 120
-2.0117 -0.6582 -1.8147 80 200 120
0.3786 0.5065 -2.9001 80 200 120
-1.6477 1.0028 -0.8183 80 200 120
4.5915 -0.1578 -1.8919 80 200 120
-0.2968 4.1238 0.3450 80 200 120
-1.7233 0.0285 -2.8748 80 200 120
-0.0620 -0.0607 -2.7006 80 200 120
5.9307 3.5453 -1.4581 80 200 120
7.7058 4.7783 -0.0597 80 200 120
7.6464 4.9521 0.3486 80 200 120
6.2677 4.5076 -1.3871 80 200 120
6.3667 5.3106 -1.7442 80 200 120
5.0352 6.5683 -0.9956 80 200 120
7.7153 5.3971 -2.7947 80 200 120
5.6136 4.0634 -1.6807 80 200 120
6.2618 4.7954 -2.2449 80 200 120
5.8279 1.4210 -1.1322 80 200 120
7.7225 5.7176 -0.0583 80 200 120
6.8236 3.4719 0.3301 80 200 120
4.3054 7.2382 -0.8565 80 200 120
4.5631 7.1078 0.3015 80 200 120
0.8279 6.3762 -0.1664 80 200 120
0.5343 5.8799 -0.6453 80 200 120
0.3829 5.3475 0.3143 80 200 120
3.1612 7.6980 0.1964 80 200 120
1.1817 6.0747 -2.8183 80 200 120
0.6390 4.9036 -2.1958 80 200 120
3.3856 4.6306 -2.7908 80 200 120
3.1718 1.8841 -2.4383 80 200 120
2.8427 2.4598 -1.7312 80 200 120
2.5146 2.6315 -1.6884 80 200 120
3.1396 5.2060 -1.1109 80 200 120
0.1002 4.1255 -2.3300 80 200 120
6.4615 4.5228 -1.4258 80 200 120
3.5133 4.0072 -2.4007 80 200 120
6.2552 4.5809 -2.8264 80 200 120
5.1585 3.8146 -2.3779 80 200 120
6.6370 4.8396 -1.4188 80 200 120
5.9949 3.9836 -2.7825 80 200 120
6.3521 4.9478 -2.8516 80 200 120
6.3134 4.2324 -1.3780 80 200 120
6.6528 5.3667 -1.8896 80 200 120
1.8351 4.3558 -2.8095 80 200 120
3.2193 1.9342 -2.5258 80 200 120
6.0142 1.1725 -2.8407 80 200 120
3.3713 4.0026 -2.7164 80 200 120
6.1530 5.0664 -2.6046 80 200 120
6.7048 5.0174 -1.3565 80 200 120
3.2074 5.2022 -1.1672 80 200 120
3.1514 5.1788 -1.4948 80 200 120
3.3371 5.4190 -1.3267 80 200 120
6.3165 4.4722 -1.4053 80 200 120
6.9564 5.4193 -1.4607 80 200 120
3.1529 5.1821 -1.2506 80 200 120
0.3139 3.6191 -2.1747 80 200 120
1.6419 0.7385 -2.8728 80 200 120
3.4752 -0.8315 0.1874 80 200 120
-0.5032 -1.0895 0.3865 80 200 120
1.9359 -0.2696 -1.8142 80 200 120
3.4220 2.1516 0.3988 80 200 120
-0.0776 0.5200 -2.9150 80 200 120
1.8679 -0.0989 -3.0089 80 200 120
1.5932 -0.1292 -0.4811 80 200 120
1.0092 -1.4311 -1.6395 80 200 120
4.9177 -1.3748 -1.1774 80 200 120
-2.0594 0.1720 -1.2098 80 200 120
-0.4168 -0.1118 -2.5984 80 200 120
0.8025 -0.5559 -2.7752 80 200 120
-0.6848 3.5084 -0.7036 80 200 120
-0.6521 -0.5669 -2.2500 80 200 120
-0.7898 3.1241 -0.8315 80 200 120
6.6966 5.8542 0.2900 80 200 120
7.4473 5.9527 -1.1567 80 200 120
5.7677 0.8050 -0.9963 80 200 120
3.8382 7.5432 -0.6841 80 200 120
4.0932 7.5902 -1.3216 80 200 120
7.3362 6.0108 -0.4476 80 200 120
3.4782 7.8054 -0.8183 80 200 120
3.7335 7.4791 -0.3142 80 200 120
3.5467 7.4311 0.2596 80 200 120
7.2346 4.1316 0.3318 80 200 120
3.4773 7.6773 -0.1971 80 200 120
3.8280 7.3238 0.3455 80 200 120
2.8512 8.1042 0.0554 80 200 120
2.0880 7.9236 0.2702 80 200 120
2.9408 7.8827 -0.5098 80 200 120
2.6900 7.8934 0.3083 80 200 120
2.0242 8.2485 0.2744 80 200 120
3.4427 7.2711 0.2628 80 200 120
-0.1510 4.3768 0.3145 80 200 120
1.7818 8.5958 0.0917 80 200 120
2.6834 8.7243 -0.7487 80 200 120
-0.7212 3.1739 0.3031 80 200 120
-0.2592 4.1820 0.2958 80 200 120
0.5862 6.2118 -0.8527 80 200 120
1.0619 5.5699 -2.7318 80 200 120
0.9823 5.8960 -2.3429 80 200 120
1.1223 7.0244 -2.6882 80 200 120
0.9259 6.4558 -2.5938 80 200 120
1.1071 5.7995 -2.7169 80 200 120
1.3127 3.4309 -2.8529 80 200 120
1.1954 5.7899 -2.7628 80 200 120
1.7043 4.1477 -2.8295 80 200 120
1.6836 8.1759 -2.6657 80 200 120
1.4463 7.7957 -2.7089 80 200 120
1.6253 8.1559 -3.1634 80 200 120
1.2847 7.0736 -2.0681 80 200 120
2.6096 1.9823 -1.6804 80 200 120
-0.0536 0.2235 -2.7138 80 200 120
1.8970 -0.3032 -1.6353 80 200 120
3.9391 0.2288 -2.8170 80 200 120
2.9213 1.2045 -1.7920 80 200 120
-1.9439 0.4945 -1.5499 80 200 120
3.1362 5.2151 -1.0806 80 200 120
1.2972 7.2316 -2.6246 80 200 120
1.0540 6.6711 -2.5996 80 200 120
2.6790 7.8705 -1.6879 80 200 120
2.4413 2.6181 -2.8205 80 200 120
2.6484 2.6330 -2.8124 80 200 120
3.3845 2.6914 -2.8973 80 200 120
5.1092 3.2709 -2.5038 80 200 120
4.0610 3.8379 -1.9195 80 200 120
5.0827 5.4018 -1.7046 80 200 120
3.1184 5.1402 -2.5355 80 200 120
3.9136 4.9546 -1.6362 80 200 120
2.5426 2.6058 -1.7311 80 200 120
3.0784 3.6012 -2.8292 80 200 120
2.7979 1.4459 -2.1720 80 200 120
0.5510 4.7925 -2.2015 80 200 120
0.7740 4.7111 -2.2571 80 200 120
0.4189 4.5036 -2.2525 80 200 120
1.0940 3.0806 -2.8311 80 200 120
-0.4094 1.0523 -2.7685 80 200 120
0.1492 0.9187 -2.7140 80 200 120
-0.8520 0.4687 -2.5043 80 200 120
0.2738 3.1369 -2.4747 80 200 120
6.6915 5.5580 -2.4314 80 200 120
-1.0512 2.2186 -2.8105 80 200 120
-0.3692 -1.3892 -2.8138 80 200 120
-2.2937 -0.4257 -2.7094 80 200 120
-1.4556 1.1471 -2.7024 80 200 120
-1.2624 1.8820 -2.6968 80 200 120
6.0976 2.5593 -1.4124 80 200 120
0.0874 4.1760 -2.3614 80 200 120
-0.6427 3.1283 0.3333 80 200 120
3.1257 -2.7101 -2.4549 80 200 120
2.3704 0.2755 -2.6208 80 200 120
2.6679 0.6008 -1.9560 80 200 120
2.9246 1.0818 -1.9192 80 200 120
4.8933 0.1806 -1.8018 80 200 120
6.1622 2.0912 -1.7427 80 200 120
6.6344 5.0884 -1.4427 80 200 120
6.4401 4.4696 -1.4417 80 200 120
6.7453 4.8040 -1.3509 80 200 120
6.0305 4.0038 -1.9228 80 200 120
6.9947 6.1100 -1.5170 80 200 120
4.0907 7.3583 0.1506 80 200 120
6.1489 2.5734 -1.5745 80 200 120
6.1247 4.6112 -1.6323 80 200 120
6.7042 6.2420 -0.5244 80 200 120
1.9190 8.3018 -0.4709 80 200 120
1.7392 7.9760 0.3488 80 200 120
-1.0116 2.3128 0.3556 80 200 120
1.1355 6.2280 -2.7487 80 200 120
0.9885 4.7036 -2.6502 80 200 120
0.9087 4.0008 -2.7550 80 200 120
1.0619 4.6236 -2.7995 80 200 120
1.6477 5.5809 -2.8765 80 200 120
0.9745 4.9232 -2.4924 80 200 120
1.2537 6.4767 -2.8238 80 200 120
1.3076 4.1143 -2.8451 80 200 120
1.8003 6.5108 -2.8155 80 200 120
1.6664 5.1747 -2.8265 80 200 120
1.0321 3.6423 -2.8752 80 200 120
1.2829 4.4011 -2.8719 80 200 120
1.4425 4.6239 -2.8302 80 200 120
1.4113 5.8798 -2.8052 80 200 120
1.6707 4.8045 -2.8260 80 200 120
2.0803 5.5892 -2.8737 80 200 120
1.8199 6.2356 -2.9068 80 200 120
0.9218 7.4310 -2.5179 80 200 120
0.7988 6.7354 -2.3305 80 200 120
2.0061 5.8475 -2.7976 80 200 120
1.1881 7.7737 -2.9430 80 200 120
1.3750 6.1237 -2.8551 80 200 120
1.9634 4.7801 -2.7842 80 200 120
1.5172 6.7353 -2.6574 80 200 120
0.7875 5.8239 -2.1715 80 200 120
1.3937 4.8178 -2.8197 80 200 120
0.7988 6.5496 -2.0690 80 200 120
0.9697 4.6005 -2.6040 80 200 120
1.5685 4.3557 -2.8139 80 200 120
0.8006 7.4088 -2.1018 80 200 120
2.0067 6.3125 -2.9253 80 200 120
2.5470 5.0597 -2.8123 80 200 120
2.2041 5.6816 -2.8417 80 200 120
0.6820 6.5861 -2.4347 80 200 120
2.1239 4.9391 -2.7966 80 200 120
2.1195 5.4218 -2.9051 80 200 120
1.7417 5.8555 -2.8048 80 200 120
1.0151 1.9079 -2.8303 80 200 120
2.2739 1.7694 -2.1304 80 200 120
3.9294 0.2547 -2.3909 80 200 120
1.9842 0.0083 -2.7911 80 200 120
2.5302 2.5976 -1.7178 80 200 120
3.0240 1.9617 -2.0970 80 200 120
2.5319 -1.0197 -1.9035 80 200 120
3.1851 4.1761 -2.7495 80 200 120
2.7387 0.9207 -2.0573 80 200 120
4.0972 0.5799 -3.1479 80 200 120
3.1518 5.1768 -1.2117 80 200 120
3.0992 5.1886 -1.1794 80 200 120
3.2366 5.9847 -1.6353 80 200 120
0.3472 3.5366 -2.2255 80 200 120
7.5561 5.5907 0.2778 80 200 120
4.5528 5.3964 -1.8744 80 200 120
0.8035 3.8436 -2.7817 80 200 120
0.0630 4.1316 -2.3743 80 200 120
0.5497 3.3626 -2.7234 80 200 120
0.3132 4.5046 -2.2825 80 200 120
-0.2345 3.7879 -2.4665 80 200 120
0.9283 4.1409 -2.7039 80 200 120
0.6235 3.6904 -2.2173 80 200 120
0.8598 4.2848 -2.2249 80 200 120
0.7852 3.9773 -2.2099 80 200 120
6.9870 6.0930 -1.2288 80 200 120
1.0453 3.0924 -2.8452 80 200 120
4.0550 4.0511 -1.7873 80 200 120
0.9346 4.7116 -2.6123 80 200 120
6.9150 4.8988 -1.3463 80 200 120
3.5037 4.6893 -1.7070 80 200 120
6.9190 5.1510 -1.6580 80 200 120
3.3881 4.9027 -2.3212 80 200 120
0.6009 3.6549 -2.1910 80 200 120
6.7748 4.5634 -1.5100 80 200 120
3.9241 4.7344 -1.6677 80 200 120
-0.3356 2.5549 -2.8610 80 200 120
0.7642 5.3567 -2.5870 80 200 120
-0.6174 -0.6439 -2.5946 80 200 120
5.5658 3.1349 -2.7498 80 200 120
2.4210 2.0725 -1.8386 80 200 120
-0.3348 3.3750 -2.5109 80 200 120
4.1635 4.0036 -1.8126 80 200 120
1.1831 5.3811 -2.5697 80 200 120
5.6989 5.4380 -2.3058 80 200 120
4.2290 -2.4665 -2.2975 80 200 120
5.5873 0.4179 -0.4194 80 200 120
1.2383 -2.0757 -3.1012 80 200 120
5.8295 0.7719 -1.0791 80 200 120
-1.2580 2.1091 -0.5071 80 200 120
7.2272 5.8093 -2.7134 80 200 120
6.9005 3.1573 -0.8052 80 200 120
6.2103 1.7610 0.0610 80 200 120
6.5802 2.5502 0.1882 80 200 120
6.5758 5.2727 -1.7825 80 200 120
6.9080 6.1784 -0.9748 80 200 120
3.1226 5.1188 0.3595 80 200 120
5.7418 1.4974 -1.1215 80 200 120
2.9556 7.9477 -0.5222 80 200 120
7.5006 5.5301 -0.5411 80 200 120
5.1381 0.9564 -0.3971 80 200 120
3.0024 7.4093 0.2929 80 200 120
4.1702 1.1666 0.1995 80 200 120
4.3213 5.2916 -1.1830 80 200 120
1.2925 8.1322 -0.0496 80 200 120
1.4043 8.8150 -0.8756 80 200 120
1.5434 7.6702 0.2274 80 200 120
1.1837 6.5044 0.2392 80 200 120
1.1557 7.0927 0.0985 80 200 120
-0.7676 2.9350 -0.3733 80 200 120
-1.5617 1.5359 0.3498 80 200 120
-0.3822 3.8083 -0.0108 80 200 120
1.3597 8.0887 -0.9774 80 200 120
0.6614 6.3207 -0.4695 80 200 120
-0.8053 3.1929 -0.0083 80 200 120
0.2796 6.0610 -0.2421 80 200 120
-0.2347 4.3301 -0.0610 80 200 120
-0.2504 3.9819 0.3073 80 200 120
-0.4581 3.5320 0.3168 80 200 120
1.2535 5.2152 -2.8802 80 200 120
1.2742 5.6752 -2.8625 80 200 120
1.5247 3.8826 -2.8289 80 200 120
2.8284 1.8635 -1.9711 80 200 120
3.6773 -2.4620 -2.5406 80 200 120
2.7552 -0.4287 -1.9373 80 200 120
3.2211 4.3624 -2.7078 80 200 120
3.4833 4.9707 -2.7721 80 200 120
3.7353 3.8406 -2.6813 80 200 120
3.0512 5.0600 -2.0696 80 200 120
2.4857 7.1086 -2.7544 80 200 120
4.3576 0.2938 -2.9278 80 200 120
3.0690 5.1953 -1.2940 80 200 120
3.0864 5.1839 -1.1188 80 200 120
0.9775 5.3262 -2.5874 80 200 120
-0.2964 3.4032 -2.4616 80 200 120
0.3721 3.1181 -2.5202 80 200 120
0.3779 3.3565 -2.3164 80 200 120
5.3903 2.6683 -2.7187 80 200 120
6.2268 3.8688 -1.3294 80 200 120
5.8628 3.6112 -2.7761 80 200 120
7.0654 5.9909 -0.6024 80 200 120
5.6167 3.1600 -2.8191 80 200 120
2.7577 0.9156 -2.0598 80 200 120
1.5399 1.4422 -2.8448 80 200 120
1.0326 4.4303 -2.1667 80 200 120
3.3253 4.3763 -1.6430 80 200 120
2.9874 1.3254 -2.5345 80 200 120
-0.3772 1.0639 -2.7415 80 200 120
-0.7159 0.6667 -2.4432 80 200 120
3.3002 4.1593 -1.7466 80 200 120
-0.0048 0.2293 -2.7483 80 200 120
0.5922 -1.7437 -2.7321 80 200 120
1.1286 4.5263 -2.6656 80 200 120
-1.1689 -1.1856 -0.9685 80 200 120
0.3449 -1.3936 -0.1577 80 200 120
4.0716 -0.8868 0.1812 80 200 120
4.9451 -0.8662 -0.3554 80 200 120
5.1377 -0.2564 0.3193 80 200 120
-1.1809 -1.4022 0.1059 80 200 120
-2.0811 0.1105 -2.8413 80 200 120
5.8404 1.6350 0.3136 80 200 120
2.4955 -0.2133 -2.0045 80 200 120
2.7465 0.6952 -1.8801 80 200 120
-0.3668 0.6688 -2.2924 80 200 120
2.9471 0.9955 -1.6644 80 200 120
2.0504 -0.0361 -2.5521 80 200 120
5.1457 -0.4437 -1.3456 80 200 120
-0.6844 3.1821 0.3181 80 200 120
2.2278 0.0457 -2.1412 80 200 120
4.8791 -1.3016 -1.6615 80 200 120
-1.5687 1.4047 -1.6541 80 200 120
5.0620 -2.3635 -2.4486 80 200 120
6.3666 1.7431 0.0603 80 200 120
-1.1715 2.4773 -0.5309 80 200 120
6.5494 2.4396 -0.8090 80 200 120
6.0224 0.5795 -1.0842 80 200 120
2.7131 7.8532 0.2709 80 200 120
4.2528 -0.2585 0.2800 80 200 120
5.7505 2.2941 -1.5600 80 200 120
6.0639 6.5360 0.2959 80 200 120
6.1296 6.4879 -0.0921 80 200 120
5.5130 0.4691 0.3542 80 200 120
6.6154 6.2709 0.2874 80 200 120
6.2042 6.4392 -0.8601 80 200 120
3.0159 8.0134 -0.0820 80 200 120
1.6494 7.8995 -0.4963 80 200 120
1.5346 8.2028 0.2027 80 200 120
1.4899 8.3779 -0.0847 80 200 120
1.7288 8.8443 -0.2209 80 200 120
1.8608 8.1972 0.4584 80 200 120
1.7382 7.0774 0.4647 80 200 120
1.2408 7.6193 -0.0207 80 200 120
1.1439 7.5576 0.0713 80 200 120
0.5857 6.7461 -0.9654 80 200 120
-0.1641 4.5909 0.0763 80 200 120
0.1245 5.0919 0.1264 80 200 120
1.0348 6.6129 -1.2392 80 200 120
0.9166 5.3298 -2.6369 80 200 120
0.8952 4.6901 -2.2270 80 200 120
-2.4192 -0.6091 -2.5687 80 200 120
3.7739 1.8779 -2.8314 80 200 120
-0.6096 -0.0149 -2.2798 80 200 120
3.3133 0.9247 -1.9374 80 200 120
3.2261 4.8790 -2.6627 80 200 120
3.2216 4.1071 -2.7367 80 200 120
2.4743 6.5608 -2.7037 80 200 120
2.8244 3.8231 -2.8221 80 200 120
2.6636 4.5985 -2.7879 80 200 120
2.5369 7.3012 -2.9160 80 200 120
2.7163 7.5727 -2.4337 80 200 120
2.5540 4.0903 -2.7977 80 200 120
2.6179 5.9215 -2.8285 80 200 120
3.0293 4.3533 -2.7651 80 200 120
2.4701 6.2336 -2.7378 80 200 120
2.6510 6.8096 -2.7933 80 200 120
5.9412 2.2020 -2.7407 80 200 120
1.2452 5.9886 -2.8162 80 200 120
1.2429 5.6785 -2.7889 80 200 120
5.7472 5.3290 -2.6029 80 200 120
2.7790 2.6145 -2.7703 80 200 120
3.3773 4.4329 -1.6719 80 200 120
1.3227 7.3920 -1.6073 80 200 120
8.0989 5.9613 -0.3539 80 200 120
0.6413 4.3912 -2.1756 80 200 120
5.8971 3.5571 -1.4652 80 200 120
4.7777 0.8892 -3.0423 80 200 120
1.2799 2.6390 -2.8605 80 200 120
5.2048 0.8410 -2.0642 80 200 120
5.5255 2.3669 -2.7172 80 200 120
6.5941 5.2187 -2.1793 80 200 120
6.4494 5.0755 -2.7290 80 200 120
6.0733 4.3781 -2.7223 80 200 120
1.9960 2.0265 -2.4024 80 200 120
6.7742 5.3146 -1.8625 80 200 120
-0.6771 -0.6834 -2.6272 80 200 120
5.7241 6.0678 -2.4673 80 200 120
3.6210 5.0510 -1.3040 80 200 120
3.4900 4.8283 -1.5752 80 200 120
3.8302 -2.8872 -2.6948 80 200 120
3.1813 5.2098 -2.4287 80 200 120
4.7596 4.2230 -2.1668 80 200 120
0.9957 5.5667 -2.4078 80 200 120
0.7634 4.7097 -2.2635 80 200 120
0.8945 5.2906 -2.3380 80 200 120
-1.6950 0.8730 -2.8465 80 200 120
5.1607 -0.1504 -0.0814 80 200 120
4.6199 -1.7015 -1.3419 80 200 120
-0.6884 3.2617 -0.2267 80 200 120
4.8071 -0.4745 0.3786 80 200 120
3.4775 -0.9889 0.3948 80 200 120
-0.6523 -1.5841 -1.5278 80 200 120
0.8365 3.6561 0.3669 80 200 120
-0.5504 3.5436 0.3230 80 200 120
2.2955 -0.4369 -1.7397 80 200 120
4.6533 -0.7595 -2.4297 80 200 120
4.5112 -1.5939 -2.7199 80 200 120
0.6829 -1.8166 -2.9525 80 200 120
2.9758 -2.5329 -2.3956 80 200 120
7.3783 5.4178 -2.5733 80 200 120
6.1108 1.1831 -1.2295 80 200 120
3.2706 5.3361 0.2634 80 200 120
4.8409 0.0543 0.3131 80 200 120
6.8725 -1.0716 -0.9519 80 200 120
1.3050 6.9293 -0.7468 80 200 120
-0.7668 3.1024 -0.5446 80 200 120
1.5584 7.9284 -0.7419 80 200 120
-0.8090 3.2110 -0.3195 80 200 120
0.0630 5.1118 -0.3286 80 200 120
1.5779 6.5196 -0.8506 80 200 120
0.0563 4.5432 0.3035 80 200 120
-0.6801 3.3447 0.0523 80 200 120
-0.4849 3.7902 0.0282 80 200 120
0.0756 4.7573 0.3250 80 200 120
2.3438 6.1165 -2.8459 80 200 120
-0.6321 0.6178 -2.2103 80 200 120
-1.0637 1.0685 -2.7218 80 200 120
2.5712 -0.8937 -2.0079 80 200 120
1.9472 -0.2804 -1.6094 80 200 120
2.4781 0.1959 -1.9678 80 200 120
-2.0682 -0.1221 0.3366 80 200 120
-1.3998 1.2092 -0.1467 80 200 120
-1.7173 0.8394 0.3807 80 200 120
3.3514 3.3040 -2.8301 80 200 120
3.9232 0.8522 -2.9151 80 200 120
3.1298 5.1625 -2.2415 80 200 120
-1.4685 1.6958 -0.8545 80 200 120
2.3430 0.1724 -2.5897 80 200 120
2.8901 1.2057 -2.4405 80 200 120
1.4897 0.1708 -2.1119 80 200 120
3.1478 4.8727 -2.8011 80 200 120
3.1955 4.4360 -2.6164 80 200 120
2.8211 7.3537 -2.4605 80 200 120
3.0459 6.1663 -2.1754 80 200 120
3.0221 5.8342 -2.2153 80 200 120
2.9451 3.8933 -2.8248 80 200 120
3.3209 4.3663 -2.4180 80 200 120
3.0492 5.5702 -2.1740 80 200 120
2.8650 6.5138 -2.5159 80 200 120
3.0384 5.3939 -2.1288 80 200 120
3.3070 4.0539 -2.7363 80 200 120
2.9362 5.8853 -2.3864 80 200 120
3.0627 5.3155 -1.6969 80 200 120
3.0777 5.2461 -1.4582 80 200 120
1.1756 5.8535 -2.8003 80 200 120
3.0482 5.2915 -1.4355 80 200 120
1.4387 5.8683 -2.7809 80 200 120
1.6166 6.5795 -2.8091 80 200 120
3.2859 4.1752 -1.7484 80 200 120
5.5039 2.4940 -2.8669 80 200 120
2.3514 2.4902 -2.7835 80 200 120
4.0031 2.7393 -2.8223 80 200 120
2.4691 3.5311 -2.8129 80 200 120
3.3110 4.1394 -2.6039 80 200 120
4.3852 -2.0243 -2.7445 80 200 120
3.2309 4.3197 -2.4921 80 200 120
-0.2385 0.5146 -2.4075 80 200 120
1.4421 -0.2008 -2.5404 80 200 120
6.8141 5.1814 -1.4748 80 200 120
6.2001 3.9845 -1.4568 80 200 120
5.9802 3.2087 -1.5420 80 200 120
6.6176 4.5985 -1.4741 80 200 120
4.0818 -2.8726 0.3674 80 200 120
0.4327 4.5178 -2.2287 80 200 120
-0.1710 3.8245 -2.4917 80 200 120
-0.5517 -1.3180 -2.6859 80 200 120
-0.1295 -1.2819 -2.9417 80 200 120
4.2837 -2.1842 -1.5894 80 200 120
2.2962 -1.4254 0.4245 80 200 120
2.1876 -3.0648 -1.1008 80 200 120
6.2439 2.4163 0.2715 80 200 120
6.2460 2.0495 0.3048 80 200 120
-1.5824 0.8116 -2.0527 80 200 120
-2.0492 -0.4624 -2.6125 80 200 120
5.7929 1.0073 -0.5506 80 200 120
5.9590 4.7154 -2.0499 80 200 120
6.3043 3.7372 -1.7498 80 200 120
6.0571 4.3939 -1.8377 80 200 120
7.1766 6.1664 -2.9087 80 200 120
3.5246 7.3995 0.3037 80 200 120
6.2292 4.2159 -1.1730 80 200 120
5.9752 1.4972 0.3604 80 200 120
0.6510 7.9523 0.0794 80 200 120
-0.9652 2.7381 0.1128 80 200 120
-1.4126 1.6416 0.3338 80 200 120
-0.1566 4.7189 -0.0524 80 200 120
-0.3304 3.7599 0.3188 80 200 120
0.8303 5.2027 -2.2764 80 200 120
2.6991 0.6751 -1.8213 80 200 120
-1.4288 1.4971 -1.2483 80 200 120
4.2597 -2.7031 -2.7310 80 200 120
-1.4350 1.5117 -2.7061 80 200 120
2.1842 7.7312 -2.4675 80 200 120
3.0848 5.2363 -1.2070 80 200 120
3.0563 5.2701 -1.4911 80 200 120
2.6239 5.1755 -2.7257 80 200 120
2.8987 5.8237 -2.5861 80 200 120
3.2714 4.8633 -2.4616 80 200 120
3.2324 4.8577 -2.6236 80 200 120
3.0849 4.9667 -2.6262 80 200 120
3.3627 4.5165 -2.2096 80 200 120
0.8915 5.4612 -2.4493 80 200 120
3.0614 5.3545 -1.2752 80 200 120
6.0721 3.5277 -1.5628 80 200 120
5.9150 2.1478 -2.6235 80 200 120
6.2867 3.8324 -1.3491 80 200 120
6.2362 4.2082 -1.4140 80 200 120
6.9175 5.2427 -1.4528 80 200 120
5.3150 5.5620 -2.3997 80 200 120
7.4188 5.5743 0.2871 80 200 120
3.1499 5.1409 0.3740 80 200 120
7.0392 6.1396 -1.2531 80 200 120
3.3632 2.7238 -2.8486 80 200 120
3.2618 4.9098 -2.6756 80 200 120
5.8730 2.2780 -1.5069 80 200 120
-0.2259 1.2178 -2.5940 80 200 120
-0.5558 -1.6148 -2.8635 80 200 120
1.1581 5.3726 -2.6242 80 200 120
0.8533 5.7502 -2.6835 80 200 120
3.4082 4.9401 -1.4042 80 200 120
5.9907 2.8378 -1.5400 80 200 120
3.6102 4.8047 -1.8632 80 200 120
3.3453 4.3912 -1.6757 80 200 120
0.1558 -1.7942 -2.8311 80 200 120
0.3543 3.6400 -2.1279 80 200 120
2.9136 7.6077 -2.5538 80 200 120
4.6930 5.0152 -1.9264 80 200 120
3.8605 4.6694 -1.6578 80 200 120
4.6577 5.4384 -2.0154 80 200 120
-0.5432 -1.4643 -0.8864 80 200 120
0.1859 -1.5567 -0.7076 80 200 120
4.6374 -0.2755 -1.9511 80 200 120
3.0382 0.6269 -1.8095 80 200 120
4.9669 0.2406 -1.6195 80 200 120
-1.6149 0.7321 -1.4583 80 200 120
-1.3585 1.7288 0.3625 80 200 120
-0.7321 3.0209 0.1298 80 200 120
3.4428 0.0380 -2.0561 80 200 120
-1.1558 2.2307 0.2564 80 200 120
2.7392 0.7718 -1.8450 80 200 120
4.1919 -2.2108 -0.5511 80 200 120
5.9567 0.9216 0.3939 80 200 120
5.5394 -0.0951 0.2499 80 200 120
1.2916 -1.1363 -2.3643 80 200 120
-0.8728 -0.5280 -2.4182 80 200 120
5.7761 0.3342 -0.0354 80 200 120
3.8040 7.6323 -0.3092 80 200 120
3.6556 7.9126 -0.1591 80 200 120
2.8386 8.1456 0.0433 80 200 120
6.2372 1.7647 -0.9662 80 200 120
7.2186 5.7926 -2.7108 80 200 120
7.4003 4.1780 -0.9270 80 200 120
6.9701 5.3631 -2.3426 80 200 120
6.4513 3.8141 -1.3577 80 200 120
6.7626 2.6886 -0.9444 80 200 120
-1.8914 1.0512 0.0487 80 200 120
-2.0030 0.7720 0.3597 80 200 120
0.8855 5.1365 0.4492 80 200 120
0.8365 6.2756 -0.8311 80 200 120
2.3136 8.4490 0.3643 80 200 120
0.7262 5.9621 -0.8295 80 200 120
-0.7064 2.9196 -0.3421 80 200 120
-0.5788 3.5011 -0.6029 80 200 120
-0.7176 3.2725 -0.2382 80 200 120
0.7107 5.9005 -0.4670 80 200 120
0.5061 5.9621 -0.8705 80 200 120
-0.7485 3.0830 -0.5368 80 200 120
-0.9858 2.6223 0.3242 80 200 120
2.6181 7.9283 -0.1093 80 200 120
-0.5315 1.0974 -2.6024 80 200 120
0.7475 1.2159 -2.8394 80 200 120
3.7880 -3.3281 -1.5840 80 200 120
-1.7245 0.9414 -0.1485 80 200 120
2.5746 0.7309 -2.6367 80 200 120
2.8346 2.4696 -1.8335 80 200 120
3.5942 0.8668 -2.7101 80 200 120
3.7741 3.8434 -2.6986 80 200 120
3.1190 5.2372 -2.3477 80 200 120
3.0800 5.6314 -1.7305 80 200 120
3.0913 6.0415 -1.7664 80 200 120
2.1256 6.5127 -2.6999 80 200 120
0.9399 6.0193 -2.4169 80 200 120
3.8889 5.3585 -1.6937 80 200 120
0.6060 2.3668 -2.8205 80 200 120
0.8739 3.1593 -2.7011 80 200 120
3.4237 0.9514 -1.9166 80 200 120
1.9389 -0.0376 -2.6579 80 200 120
8.7913 5.9868 0.3854 80 200 120
6.5088 4.5719 -1.4335 80 200 120
-0.4739 3.2933 -2.6133 80 200 120
3.1732 5.2145 -1.6087 80 200 120
3.6690 5.1720 -1.2426 80 200 120
3.6153 -1.2499 0.2927 80 200 120
-0.4655 0.9897 -2.2746 80 200 120
3.0389 0.7040 -1.8217 80 200 120
0.9432 4.0899 -2.7215 80 200 120
0.6653 -0.7306 -2.7591 80 200 120
1.7798 0.2761 -0.8647 80 200 120
2.9706 -0.6984 -2.1734 80 200 120
0.2999 -1.3802 -2.6040 80 200 120
-1.4370 1.6068 -1.0498 80 200 120
-0.7463 3.1075 0.3252 80 200 120
-1.6510 0.9825 -1.2206 80 200 120
6.3747 3.3008 -1.3850 80 200 120
5.6319 6.5598 -1.6455 80 200 120
2.6785 7.8632 0.2786 80 200 120
6.4344 6.2781 -1.6567 80 200 120
5.7563 6.8917 0.3076 80 200 120
6.5209 5.8740 -2.4979 80 200 120
6.0190 4.6301 -2.0731 80 200 120
6.0020 4.3316 -1.7830 80 200 120
7.1460 5.9082 0.3606 80 200 120
5.3631 6.7377 -1.0711 80 200 120
5.9846 1.2959 -1.1921 80 200 120
4.7563 6.2607 -0.5035 80 200 120
0.5969 6.4020 0.2781 80 200 120
1.5377 7.8923 -0.7515 80 200 120
1.9162 8.1576 -0.4407 80 200 120
1.4601 7.1483 -0.7007 80 200 120
2.4220 2.6052 -2.7861 80 200 120
0.8514 5.4779 -2.4731 80 200 120
-0.0445 0.7645 -2.8514 80 200 120
-0.3409 -0.2895 -2.3396 80 200 120
3.3420 4.5726 -2.7284 80 200 120
2.9134 -0.6767 -2.0894 80 200 120
1.9865 1.9290 -2.4609 80 200 120
3.1938 4.1673 -2.6405 80 200 120
4.9231 -2.0489 -3.0792 80 200 120
-1.7673 0.2511 -2.5331 80 200 120
3.0120 6.3323 -1.9834 80 200 120
3.3256 4.7598 -1.9036 80 200 120
3.1947 5.1181 -2.0553 80 200 120
3.1492 5.2431 -2.2019 80 200 120
7.6344 5.6162 0.3112 80 200 120
4.3224 5.8576 -1.8450 80 200 120
0.4333 3.2941 -2.3013 80 200 120
6.1943 3.5466 -1.6260 80 200 120
3.0145 1.1955 -2.0773 80 200 120
2.0450 -0.2728 -1.6665 80 200 120
4.6757 -0.6999 -2.4590 80 200 120
3.2559 5.2285 -2.2041 80 200 120
-0.4259 -1.4271 -2.8153 80 200 120
2.4391 2.4773 -1.6544 80 200 120
2.6436 0.8803 -2.6800 80 200 120
-0.2440 0.0183 -2.2205 80 200 120
0.8203 4.7114 -2.2406 80 200 120
-1.1572 -0.0301 -2.4218 80 200 120
0.8697 5.3211 -2.3416 80 200 120
1.0135 4.4254 -2.1719 80 200 120
0.6052 3.6827 -2.1928 80 200 120
0.8975 4.2231 -2.2328 80 200 120
2.6336 0.5766 -1.9216 80 200 120
6.5675 2.3614 -1.5470 80 200 120
6.0918 4.0105 -1.8881 80 200 120
4.0504 0.0860 0.2661 80 200 120
4.4046 -0.2975 -2.1537 80 200 120
1.6622 -2.4455 -0.5478 80 200 120
4.2625 -2.2042 -2.7815 80 200 120
3.4806 5.0116 0.2017 80 200 120
3.1268 5.1787 0.3032 80 200 120
4.6581 0.6604 0.2408 80 200 120
5.8287 6.7132 -1.1626 80 200 120
3.5908 7.7436 -0.1311 80 200 120
6.4937 4.8231 -1.6321 80 200 120
7.0027 3.3186 -1.1245 80 200 120
5.8312 0.7687 -0.9083 80 200 120
6.3018 6.5259 -2.1338 80 200 120
6.0011 2.7788 0.4049 80 200 120
1.1989 6.9850 0.3847 80 200 120
1.0026 6.1974 -0.3516 80 200 120
-1.5930 1.3902 -0.0204 80 200 120
-0.8908 2.9117 -0.0633 80 200 120
-0.6913 3.3126 -0.6507 80 200 120
2.1327 2.1669 -2.5181 80 200 120
1.0721 1.0375 -2.8050 80 200 120
4.4891 -0.1714 -2.7401 80 200 120
2.8449 2.4798 -1.7943 80 200 120
1.3422 8.0492 -2.9404 80 200 120
3.5176 0.9148 -1.9018 80 200 120
4.7906 -0.8009 -2.6556 80 200 120
3.8374 3.8281 -2.7897 80 200 120
1.7268 8.1011 -2.6801 80 200 120
3.0870 5.0567 -2.6460 80 200 120
-0.2086 0.5958 -2.3675 80 200 120
1.7830 7.9676 -2.4712 80 200 120
0.9747 5.7593 -2.6788 80 200 120
3.0692 5.3710 -1.4617 80 200 120
6.7695 6.1560 -2.6164 80 200 120
6.0145 2.1097 -2.6952 80 200 120
-0.8379 2.8417 -2.7283 80 200 120
5.3353 2.5802 -2.7114 80 200 120
3.1314 5.1925 0.1599 80 200 120
3.6223 5.1769 0.1959 80 200 120
3.1554 5.2203 0.3111 80 200 120
-0.1757 3.5643 -2.3490 80 200 120
1.9667 3.8585 -2.8844 80 200 120
1.0538 4.3672 -2.5275 80 200 120
1.2449 2.3601 -2.8625 80 200 120
-0.4493 0.0571 -2.5956 80 200 120
5.9361 3.1826 -1.5430 80 200 120
-1.4442 1.5058 -2.7710 80 200 120
3.4341 4.4514 -1.7977 80 200 120
0.3937 4.5369 -2.2556 80 200 120
3.7392 5.3232 -1.6330 80 200 120
1.1237 5.4359 -2.7291 80 200 120
0.8299 4.9906 -2.3160 80 200 120
6.2861 4.5280 -2.7760 80 200 120
6.7357 5.8625 -2.6539 80 200 120
5.6140 2.3873 -1.7789 80 200 120
4.7658 -0.3451 -1.5627 80 200 120
2.6762 -1.4198 -2.0706 80 200 120
5.8476 0.6997 -1.0127 80 200 120
-1.4207 -0.1064 -1.5373 80 200 120
1.2366 -0.7972 -1.8778 80 200 120
-1.5995 1.2267 0.3777 80 200 120
6.1225 3.5472 -1.5655 80 200 120
5.5004 6.8691 -1.1068 80 200 120
7.9980 5.6301 -0.4969 80 200 120
6.2555 3.3357 -1.3368 80 200 120
6.1414 3.9978 -1.4468 80 200 120
6.6423 4.4089 -1.3741 80 200 120
6.0485 4.0127 -1.8630 80 200 120
7.9426 5.3887 -1.2128 80 200 120
6.1866 2.0945 0.3237 80 200 120
0.4598 6.1784 0.3681 80 200 120
2.6802 7.9278 0.3066 80 200 120
1.1393 7.0162 -1.0960 80 200 120
1.6994 1.4106 -2.8256 80 200 120
2.2927 2.3415 -1.8547 80 200 120
3.1437 0.2974 -1.9488 80 200 120
3.0233 -1.5773 -2.5737 80 200 120
-2.3582 -0.4407 0.3555 80 200 120
3.2330 4.1692 -1.6985 80 200 120
1.9412 7.7837 -2.7172 80 200 120
2.7800 2.7664 -2.4838 80 200 120
3.4584 1.8972 -2.8506 80 200 120
2.9354 2.6084 -2.7018 80 200 120
3.1447 2.2116 -2.7204 80 200 120
3.0114 2.4773 -2.5050 80 200 120
3.6211 2.0096 -2.8409 80 200 120
2.9330 2.4498 -2.2103 80 200 120
1.9345 2.8184 -2.6761 80 200 120
2.6343 2.9745 -2.6697 80 200 120
3.5522 4.0163 -2.4441 80 200 120
5.7329 3.1187 -2.8921 80 200 120
6.1998 1.5793 -2.8578 80 200 120
10.5640 -28.2475 1.7879 80 200 120
3.1746 5.2469 -1.9894 80 200 120
-0.1688 1.2164 -2.5478 80 200 120
1.4343 -0.2104 -1.8850 80 200 120
-0.3177 -0.1068 -2.2768 80 200 120
0.0227 0.7814 -2.8041 80 200 120
-1.0057 0.0928 -2.3192 80 200 120
3.4210 0.2175 -2.0153 80 200 120
-1.9998 -1.4033 -1.9895 80 200 120
2.8308 -2.6326 -0.5557 80 200 120
-0.4224 -1.2079 -2.6045 80 200 120
3.4599 -3.2174 -2.8020 80 200 120
3.9924 -3.3820 -2.8830 80 200 120
-0.7236 -0.2157 -2.2351 80 200 120
-1.5914 1.4229 -0.6110 80 200 120
1.9099 -0.1136 -1.3675 80 200 120
-2.2887 0.2573 -1.7235 80 200 120
3.9987 -2.5902 -1.9135 80 200 120
5.2286 -0.0287 -1.7176 80 200 120
-1.2387 2.2958 0.3777 80 200 120
6.8440 2.9766 -1.5305 80 200 120
6.6928 2.3334 -1.5816 80 200 120
5.2940 6.8995 0.2921 80 200 120
5.0520 -0.1228 -0.0143 80 200 120
6.5072 4.9891 -2.0219 80 200 120
3.4799 6.6135 -0.2135 80 200 120
3.4435 4.9752 0.2102 80 200 120
6.4168 5.2783 -2.2298 80 200 120
6.1769 4.4719 -1.5575 80 200 120
1.3289 7.4506 0.2457 80 200 120
-2.1080 -0.2070 0.3203 80 200 120
-0.4202 3.6615 -0.8977 80 200 120
-1.6416 0.5993 0.3808 80 200 120
-0.8319 3.2414 -0.3314 80 200 120
2.8962 8.0879 0.0245 80 200 120
-0.5346 3.5274 -0.6958 80 200 120
-0.8332 3.0707 -0.5486 80 200 120
0.3807 4.2630 -2.0882 80 200 120
0.8163 4.2825 -2.3013 80 200 120
0.3567 4.0625 -2.1153 80 200 120
1.6925 0.3045 -2.7105 80 200 120
2.3180 2.5279 -1.9702 80 200 120
1.3833 7.9249 -2.8618 80 200 120
-1.9042 0.8455 -0.1582 80 200 120
3.5694 0.7973 -1.9895 80 200 120
4.7010 -0.6391 -2.5612 80 200 120
4.3214 0.1044 -2.5400 80 200 120
2.9007 2.4227 -1.9340 80 200 120
3.0715 5.5209 -1.4667 80 200 120
5.5000 2.5156 -2.8581 80 200 120
6.1696 3.5411 -1.6078 80 200 120
0.3924 3.3160 -2.3562 80 200 120
6.3584 3.8019 -1.3426 80 200 120
5.8576 3.3140 -1.5728 80 200 120
3.7754 3.8323 -2.7399 80 200 120
5.7740 3.2899 -2.8163 80 200 120
5.6421 2.8931 -2.9277 80 200 120
4.8184 4.7429 -2.3637 80 200 120
6.6865 5.1816 -1.4396 80 200 120
6.4728 5.2305 -2.3373 80 200 120
3.5312 5.0905 0.1949 80 200 120
3.1032 5.1325 0.1818 80 200 120
3.4966 1.5806 -2.8629 80 200 120
3.9545 0.1661 -2.5667 80 200 120
1.0851 2.8262 -2.7876 80 200 120
2.5812 2.5545 -1.7571 80 200 120
5.7801 3.4946 -2.8602 80 200 120
3.4787 2.7549 -2.8374 80 200 120
2.8035 -0.0815 -1.9599 80 200 120
5.8507 2.8628 -1.4629 80 200 120
-1.5463 1.1046 -2.7398 80 200 120
6.0825 3.5258 -1.5528 80 200 120
3.8164 5.4501 -1.7386 80 200 120
6.1687 4.0268 -1.4524 80 200 120
6.5954 3.8239 -1.4066 80 200 120
5.4281 5.9779 -2.5352 80 200 120
5.9277 3.1759 -1.5234 80 200 120
4.5718 5.9412 -2.1293 80 200 120
6.6156 3.3161 -1.4898 80 200 120
3.8664 4.6862 -1.6715 80 200 120
4.5128 4.4833 -2.0855 80 200 120
0.6552 3.6868 -2.1547 80 200 120
5.0381 5.3233 -2.3179 80 200 120
-0.4703 0.9948 -2.2782 80 200 120
6.6165 5.0990 -1.4105 80 200 120
-0.2597 0.6048 -2.4354 80 200 120
-0.6365 -1.6846 -2.9841 80 200 120
3.3642 -0.9761 -2.3859 80 200 120
0.7807 3.9299 -2.1795 80 200 120
1.2130 0.0692 -2.6196 80 200 120
-0.1294 -0.5877 -2.8644 80 200 120
3.8831 -3.4838 -1.6554 80 200 120
4.2519 -1.9827 -2.4508 80 200 120
-1.4944 0.4831 0.4388 80 200 120
2.8613 -2.5651 -1.5081 80 200 120
4.6547 -0.2667 -1.9677 80 200 120
2.6627 -1.7543 -2.2848 80 200 120
3.3604 -0.5503 -2.0988 80 200 120
6.2922 4.7129 -2.1948 80 200 120
6.0668 6.6054 -0.6289 80 200 120
5.4480 6.8795 -1.0976 80 200 120
5.3185 6.9217 -0.6531 80 200 120
7.8363 5.4576 -1.1332 80 200 120
6.4785 6.3718 -2.3177 80 200 120
6.7504 6.1027 -2.7064 80 200 120
7.0605 6.1214 -1.4957 80 200 120
6.5947 2.8119 -1.7722 80 200 120
6.7146 3.0825 -1.9212 80 200 120
5.5596 0.4872 -0.4306 80 200 120
5.6874 6.5826 -1.0848 80 200 120
1.1179 6.5158 -0.1645 80 200 120
-0.8686 2.9682 -0.8386 80 200 120
-0.2193 3.9461 0.3366 80 200 120
-1.8231 0.8464 0.3227 80 200 120
-0.2526 4.2536 -0.1679 80 200 120
0.5117 4.5385 -2.0493 80 200 120
0.8665 4.6027 -2.2643 80 200 120
0.7523 -0.5502 -2.0451 80 200 120
1.4431 6.3212 -2.9488 80 200 120
0.0380 -0.8473 -2.6822 80 200 120
3.8546 -3.2700 -2.7655 80 200 120
3.4027 4.9533 -2.4154 80 200 120
1.6023 7.6944 -2.5670 80 200 120
2.8109 2.5738 -2.7970 80 200 120
6.4938 4.5912 -1.4490 80 200 120
7.0658 6.1470 -1.2528 80 200 120
6.7731 3.2920 -1.5538 80 200 120
2.9009 2.4210 -1.9632 80 200 120
3.5911 1.7692 -2.8316 80 200 120
2.3209 3.0760 -2.6415 80 200 120
3.6414 1.6517 -2.8297 80 200 120
4.0222 1.9973 -2.8459 80 200 120
3.4988 1.4520 -2.8391 80 200 120
3.1610 2.1165 -2.7961 80 200 120
2.3469 2.5649 -1.9718 80 200 120
4.6571 -0.9979 -2.9139 80 200 120
2.0907 3.1807 -2.7392 80 200 120
3.2254 4.8609 -2.7109 80 200 120
3.4700 3.3060 -2.8370 80 200 120
1.6538 0.3096 -2.6530 80 200 120
0.0865 0.8143 -2.7532 80 200 120
-0.4002 -0.0903 -2.3733 80 200 120
1.5192 0.2627 -2.1287 80 200 120
3.8445 -2.1173 0.3456 80 200 120
-1.7413 0.0054 -2.3852 80 200 120
3.5427 0.9888 -2.1858 80 200 120
2.6816 2.0203 -2.0147 80 200 120
1.2045 -0.3980 0.2581 80 200 120
3.0120 -0.4245 -2.0091 80 200 120
-3.0058 -1.0019 -0.7560 80 200 120
3.0976 -3.6957 -2.5676 80 200 120
-0.7319 -0.8835 -2.4968 80 200 120
4.7120 -2.1178 -2.9936 80 200 120
0.2699 -1.9202 -2.7778 80 200 120
3.4276 4.9710 0.2158 80 200 120
3.1161 5.2307 0.1975 80 200 120
3.0075 4.9194 -0.0669 80 200 120
3.0825 4.9709 0.0529 80 200 120
6.1385 2.0560 0.3357 80 200 120
3.3436 4.9007 0.3599 80 200 120
3.2225 7.1510 0.3242 80 200 120
5.6699 1.4678 -1.0529 80 200 120
5.8484 1.5121 0.4020 80 200 120
6.2589 4.3869 -1.9257 80 200 120
2.8923 7.5353 0.3482 80 200 120
1.1862 6.4244 -0.4962 80 200 120
1.2546 5.9759 -0.2610 80 200 120
0.5582 5.6639 -0.2955 80 200 120
-0.1369 4.9924 -0.4521 80 200 120
3.5441 7.3635 0.3323 80 200 120
1.4445 8.7619 -0.3554 80 200 120
1.1699 6.9233 -1.0548 80 200 120
0.8865 4.9736 -2.2466 80 200 120
0.8944 4.5403 -2.4010 80 200 120
1.0512 3.0790 -2.7888 80 200 120
1.2030 6.3902 -2.4764 80 200 120
0.2086 2.4741 -2.7583 80 200 120
-1.7216 0.8868 -2.6724 80 200 120
1.8364 -0.2167 -2.5622 80 200 120
1.4472 7.6014 -2.6497 80 200 120
5.4662 -2.7785 -3.5742 80 200 120
3.1258 5.1932 -2.4898 80 200 120
3.0473 4.9067 -2.6221 80 200 120
4.2110 -2.5203 -2.6587 80 200 120
-1.8260 0.9134 -0.1450 80 200 120
2.9330 5.4197 -2.3010 80 200 120
0.5367 3.3337 -2.7303 80 200 120
2.5196 2.6145 -1.8174 80 200 120
0.3072 3.3085 -2.3725 80 200 120
0.5543 3.6673 -2.1872 80 200 120
2.3693 2.5624 -2.5112 80 200 120
0.2082 4.2566 -2.2546 80 200 120
-1.2504 2.0303 -2.7028 80 200 120
0.4803 4.6263 -2.0627 80 200 120
-0.0768 3.5840 -2.2460 80 200 120
0.7167 4.0485 -2.2422 80 200 120
2.8639 2.5717 -2.4518 80 200 120
2.9428 2.4306 -2.4745 80 200 120
2.0401 1.7541 -2.4439 80 200 120
0.6022 1.9014 -2.8058 80 200 120
2.2145 0.3412 -2.6775 80 200 120
2.3350 2.2540 -1.7805 80 200 120
2.1861 -0.4812 -1.7903 80 200 120
3.4066 4.9211 -2.2960 80 200 120
3.0614 4.9959 -2.2362 80 200 120
1.5641 0.2591 -1.5916 80 200 120
1.1157 5.4284 -2.7519 80 200 120
-0.1341 3.4316 -2.4754 80 200 120
0.8518 4.8119 -2.8161 80 200 120
4.5553 5.8727 -2.0779 80 200 120
0.2757 3.6431 -2.2265 80 200 120
3.2856 1.1705 -2.6225 80 200 120
7.2279 5.3168 0.2957 80 200 120
-1.1868 2.1828 -2.9227 80 200 120
0.2727 0.3047 0.4953 80 200 120
4.6817 -1.7384 -1.3148 80 200 120
3.5361 -0.0194 0.3894 80 200 120
2.0681 -2.6286 -1.3869 80 200 120
-0.3164 -1.0745 -2.5450 80 200 120
1.7809 0.2033 -0.8756 80 200 120
-2.7763 -0.7317 -1.2292 80 200 120
-0.0396 -1.0982 -0.7791 80 200 120
3.6141 -3.3733 -0.8996 80 200 120
2.3068 -2.7685 -2.0266 80 200 120
7.6493 5.6754 0.3507 80 200 120
4.8425 7.1267 -0.0667 80 200 120
4.2673 5.9347 0.4282 80 200 120
6.1956 3.5673 -1.6122 80 200 120
8.0097 5.5540 -1.1924 80 200 120
6.4087 4.6145 -1.4363 80 200 120
3.1045 4.9985 0.3582 80 200 120
6.6775 4.3687 -1.3209 80 200 120
4.8575 7.0375 -0.3839 80 200 120
6.9612 3.2310 -0.0534 80 200 120
6.4269 0.6084 -0.6945 80 200 120
6.3677 6.3318 -1.1551 80 200 120
-1.7207 0.9108 0.3884 80 200 120
-0.8549 2.8367 -0.3487 80 200 120
-0.3962 3.5585 -0.9087 80 200 120
2.9738 7.6639 -0.0585 80 200 120
1.8697 8.6289 -0.4628 80 200 120
-0.0932 4.5516 -1.0712 80 200 120
-1.8506 0.4171 0.3595 80 200 120
0.9563 5.5982 -2.3632 80 200 120
0.4030 3.2267 -2.7866 80 200 120
0.6718 3.9281 -2.2005 80 200 120
0.1810 3.6091 -2.0304 80 200 120
0.4925 3.5415 -2.3036 80 200 120
3.2326 1.3794 -2.8208 80 200 120
5.0687 -1.2733 -2.9634 80 200 120
4.2811 0.1511 -2.4663 80 200 120
3.4237 0.4801 -1.9348 80 200 120
3.2353 1.0346 -1.9061 80 200 120
2.5999 2.0492 -1.8007 80 200 120
2.2124 -0.2907 -1.6739 80 200 120
4.1676 -1.1838 -2.3649 80 200 120
-0.1416 3.3910 -2.5014 80 200 120
1.2805 7.2658 -2.1036 80 200 120
5.4682 2.5146 -2.8229 80 200 120
6.1510 3.5682 -1.6057 80 200 120
6.0867 4.4373 -2.7552 80 200 120
6.5703 3.8454 -1.4253 80 200 120
6.4352 3.2556 -1.4142 80 200 120
5.6343 2.9748 -2.8152 80 200 120
5.8543 3.1338 -1.5490 80 200 120
5.6296 2.6517 -1.5919 80 200 120
6.0354 2.1510 -2.6264 80 200 120
3.0788 2.0047 -2.8028 80 200 120
-0.5428 0.9343 -2.3501 80 200 120
6.3913 2.5366 -1.5054 80 200 120
0.4391 2.7343 -2.7919 80 200 120
5.4792 1.0491 -2.3858 80 200 120
-0.1344 0.2205 -2.1253 80 200 120
3.7792 5.4407 -1.8230 80 200 120
3.2351 5.7178 -1.6694 80 200 120
3.4973 4.9072 -1.7632 80 200 120
3.1911 5.5517 -1.9512 80 200 120
-2.4246 -0.2136 0.0558 80 200 120
-1.8701 0.8810 0.0943 80 200 120
-1.4720 -0.2546 0.5558 80 200 120
0.9765 0.4216 0.4229 80 200 120
-0.8361 -1.3555 -0.4273 80 200 120
0.4566 -1.5563 -2.5615 80 200 120
2.1747 -2.6870 -0.8930 80 200 120
4.7146 0.1284 0.3291 80 200 120
5.4146 0.4223 0.3836 80 200 120
3.1094 -2.5266 -2.5359 80 200 120
5.6466 0.3871 -0.7184 80 200 120
2.4163 -0.4763 -1.6824 80 200 120
2.7859 -2.1590 -2.7322 80 200 120
-1.8189 0.9140 -0.2834 80 200 120
-1.9049 -0.7513 -0.4335 80 200 120
-1.5240 1.4393 -0.0494 80 200 120
-1.7485 -1.0759 -2.2038 80 200 120
-0.6756 -1.4374 -0.8165 80 200 120
6.4506 5.1656 -2.2362 80 200 120
5.5052 6.3014 -1.0499 80 200 120
6.2588 4.6578 -1.7643 80 200 120
6.0472 3.3504 -1.3945 80 200 120
6.1436 2.6143 -1.3703 80 200 120
2.6981 8.0031 0.3073 80 200 120
6.2135 3.0416 -1.3472 80 200 120
5.9143 0.3234 -0.1446 80 200 120
3.2296 8.1437 0.4172 80 200 120
6.3463 0.9669 -1.0637 80 200 120
6.3866 1.7286 0.0545 80 200 120
0.6743 5.9085 -1.3507 80 200 120
0.1025 5.0825 -1.3171 80 200 120
0.1279 5.2204 -1.4118 80 200 120
-0.5836 3.7143 -1.2279 80 200 120
-1.5045 1.0466 -0.1079 80 200 120
2.9087 6.7103 0.3110 80 200 120
-2.1852 -0.3810 0.3610 80 200 120
-0.5466 3.4695 -0.6809 80 200 120
1.0559 5.1438 -2.7594 80 200 120
0.9542 5.6143 -2.2640 80 200 120
-0.7231 2.9925 -2.6285 80 200 120
0.6308 4.2441 -2.1466 80 200 120
2.9577 1.3290 -2.6834 80 200 120
3.3184 4.8219 -2.6629 80 200 120
3.1858 -2.5125 -2.4400 80 200 120
1.2429 7.3153 -2.2009 80 200 120
1.7289 -0.2994 -2.4819 80 200 120
1.8944 7.0865 -2.1690 80 200 120
3.4321 3.3283 -2.7969 80 200 120
3.2632 4.4665 -2.4291 80 200 120
1.9374 4.3071 -2.8284 80 200 120
1.0440 5.0404 -2.6422 80 200 120
0.3322 3.3417 -2.3872 80 200 120
0.5991 3.3297 -2.6594 80 200 120
3.3990 4.3182 -1.8252 80 200 120
3.5123 5.1095 0.1607 80 200 120
0.5675 3.6812 -2.1750 80 200 120
5.5945 2.8831 -1.4759 80 200 120
0.2584 4.1521 -2.1567 80 200 120
5.6582 2.2589 -2.7151 80 200 120
-0.0740 3.4290 -2.4137 80 200 120
5.5958 2.3632 -1.5067 80 200 120
7.7719 5.6471 0.3037 80 200 120
3.3609 2.2643 -2.8198 80 200 120
0.7221 3.6178 -2.9866 80 200 120
3.5425 1.2877 -2.8186 80 200 120
4.7224 -0.8254 -2.5206 80 200 120
3.1006 2.4978 -2.8326 80 200 120
4.7736 -1.8375 -1.3535 80 200 120
3.4272 4.4507 -2.0515 80 200 120
4.2863 3.9853 -2.7850 80 200 120
3.1627 5.3582 -2.3970 80 200 120
4.2939 5.9691 -1.9844 80 200 120
1.1423 4.4667 -2.6863 80 200 120
0.4292 3.3229 -2.3235 80 200 120
2.3770 2.4347 -1.8720 80 200 120
2.4808 -0.3382 -2.0204 80 200 120
0.6114 3.3001 -2.7396 80 200 120
3.1170 5.1599 -2.5842 80 200 120
0.3163 3.0994 -2.5622 80 200 120
0.9264 4.1357 -2.7303 80 200 120
1.7430 -0.5296 -1.9325 80 200 120
-0.4379 0.1884 -2.5945 80 200 120
-0.3526 0.6764 -2.3293 80 200 120
1.9528 0.2660 0.3702 80 200 120
-0.2363 -1.5051 -0.8600 80 200 120
-2.0389 -0.7317 -1.7965 80 200 120
2.9069 -2.2432 -1.8974 80 200 120
4.3631 -1.7506 -1.9766 80 200 120
-2.4651 -0.6030 -0.5366 80 200 120
3.3804 -2.6109 -2.1016 80 200 120
5.5651 0.4218 -0.4067 80 200 120
2.0630 -2.5108 0.0831 80 200 120
-0.8212 -1.3016 -1.5015 80 200 120
5.1106 -0.9796 -1.6988 80 200 120
-0.1803 -1.8389 -2.8374 80 200 120
0.5366 -1.0728 -1.4592 80 200 120
4.5409 -1.6481 -2.4816 80 200 120
5.5206 -0.2116 0.2680 80 200 120
6.5112 6.4326 -2.1985 80 200 120
5.4853 6.9685 -1.1217 80 200 120
2.9362 8.3097 -0.1137 80 200 120
6.4898 3.7828 -1.3558 80 200 120
3.0821 5.0699 0.1881 80 200 120
3.1116 5.0333 0.3626 80 200 120
6.1229 4.0337 -1.4488 80 200 120
3.4209 4.9577 0.1785 80 200 120
6.2384 4.3903 -1.9115 80 200 120
5.8696 6.9226 -1.8181 80 200 120
3.3590 4.9178 0.3677 80 200 120
-1.6695 1.1200 -0.5877 80 200 120
0.5288 6.5292 -0.1757 80 200 120
0.4208 5.5065 -1.4603 80 200 120
1.2939 7.5648 -1.5039 80 200 120
0.3951 5.4547 -0.8890 80 200 120
-1.2738 1.9573 -0.5292 80 200 120
0.0862 5.0791 -0.3723 80 200 120
0.9603 4.7273 -2.4143 80 200 120
1.5676 6.4511 -2.8119 80 200 120
2.4070 -0.4758 -1.8035 80 200 120
1.4718 0.0604 -1.6012 80 200 120
1.8762 -0.5932 -1.7763 80 200 120
2.2955 2.2042 -1.7932 80 200 120
4.2205 0.5529 -2.8143 80 200 120
1.5339 -1.2597 -2.8230 80 200 120
2.2193 -0.6538 -1.6441 80 200 120
3.0688 5.7084 -1.8493 80 200 120
3.0645 5.7895 -1.8114 80 200 120
1.0767 5.6151 -2.6942 80 200 120
1.0833 6.2946 -2.8084 80 200 120
1.6803 8.4168 -1.9567 80 200 120
3.5964 5.4429 -1.7070 80 200 120
0.3349 3.1046 -2.4641 80 200 120
5.9858 1.1925 -2.8567 80 200 120
2.2996 2.2365 -2.1636 80 200 120
2.8653 2.4750 -2.0020 80 200 120
5.9887 2.1255 -2.4534 80 200 120
2.8872 2.5309 -2.6498 80 200 120
2.8951 2.6281 -2.6957 80 200 120
2.8650 3.0212 -2.7704 80 200 120
2.4156 0.3153 -2.5011 80 200 120
-0.4895 0.9847 -2.8298 80 200 120
1.5836 0.3202 -2.0594 80 200 120
0.3094 -0.9255 -2.8011 80 200 120
6.1893 6.3045 -2.7186 80 200 120
1.9311 -0.4999 -1.5957 80 200 120
2.7859 -2.4584 -2.6039 80 200 120
1.1583 4.1437 -2.9508 80 200 120
-0.5338 -0.1520 -2.4515 80 200 120
7.5413 5.4734 0.3254 80 200 120
-1.7038 -0.8608 0.1227 80 200 120
-0.5944 -0.1856 0.4612 80 200 120
1.6063 0.1403 -0.0175 80 200 120
4.9218 -1.2488 -1.6976 80 200 120
2.3921 -0.7948 -2.0349 80 200 120
2.6719 -1.9096 -2.3016 80 200 120
1.7799 -0.3719 -1.0105 80 200 120
3.4286 -2.5374 0.3560 80 200 120
-1.9554 -1.7750 -2.3935 80 200 120
1.7775 0.2773 -0.8249 80 200 120
6.3971 2.5084 0.3834 80 200 120
4.9565 -0.0406 -0.0240 80 200 120
6.1379 3.6038 -1.5884 80 200 120
6.4656 3.2267 -1.3529 80 200 120
7.7316 5.7256 -0.0384 80 200 120
7.5219 6.0541 -1.1903 80 200 120
5.1021 0.0123 0.2662 80 200 120
4.8705 6.9240 -0.7402 80 200 120
6.2920 5.0748 -2.1271 80 200 120
6.6388 4.3069 -1.3041 80 200 120
5.2734 0.6074 0.3358 80 200 120
1.0068 6.3514 -0.6135 80 200 120
-0.1294 4.0899 -1.4040 80 200 120
0.0912 4.5851 -1.4418 80 200 120
-1.8701 0.8382 -0.3526 80 200 120
2.9316 7.7529 -0.4315 80 200 120
-1.3694 1.5273 -0.6033 80 200 120
-0.4617 3.5853 -0.8761 80 200 120
-1.4558 1.7638 -1.0130 80 200 120
0.9799 5.6694 -2.6280 80 200 120
3.3854 2.7356 -2.8430 80 200 120
4.4416 -0.0884 -2.6942 80 200 120
4.6968 -0.5946 -2.5251 80 200 120
4.5529 -0.8949 -2.4169 80 200 120
3.7676 -3.0016 -2.6144 80 200 120
-1.9541 0.8687 -0.1365 80 200 120
2.5541 1.9758 -2.0010 80 200 120
2.7641 -2.5858 -2.5751 80 200 120
4.4292 -0.0186 -1.7879 80 200 120
4.5675 -1.9667 -2.8943 80 200 120
3.3593 1.1495 -2.6282 80 200 120
-0.5914 -1.2271 -2.6273 80 200 120
-1.0909 2.2110 -2.7853 80 200 120
3.1200 -0.1796 -1.8619 80 200 120
3.1054 5.7190 -1.7188 80 200 120
2.9769 5.6378 -1.9869 80 200 120
3.1295 5.5728 -1.7858 80 200 120
1.3424 6.5772 -2.8587 80 200 120
1.7620 7.4964 -2.7882 80 200 120
2.5360 2.7305 -2.1132 80 200 120
3.0963 5.2233 0.1644 80 200 120
1.9719 3.6922 -2.8373 80 200 120
3.3485 1.7547 -2.8340 80 200 120
3.6807 0.9302 -2.5430 80 200 120
1.9526 4.1588 -2.8875 80 200 120
0.7370 1.6990 -2.7939 80 200 120
0.4702 3.2539 -2.5309 80 200 120
5.3989 3.6409 -2.8335 80 200 120
0.0088 0.7632 -2.8318 80 200 120
1.1197 -2.1188 -0.0352 80 200 120
3.1824 -1.9230 -2.1751 80 200 120
2.2066 -0.4683 -1.7213 80 200 120
1.7221 -0.2133 -1.2558 80 200 120
3.4262 -2.1543 -2.7178 80 200 120
5.1248 -0.3360 -1.4642 80 200 120
-1.4266 -0.9243 -0.8587 80 200 120
2.4391 -2.8044 -0.0927 80 200 120
2.2689 -2.9471 -2.1063 80 200 120
3.4488 -3.2443 -0.1181 80 200 120
7.0916 3.5126 -1.1285 80 200 120
7.3351 3.8611 -0.1976 80 200 120
6.5970 5.1523 -1.3894 80 200 120
6.5511 2.9802 -1.4348 80 200 120
5.8899 6.9440 -1.8262 80 200 120
6.2241 1.8777 -1.0146 80 200 120
6.4006 3.4459 -1.5624 80 200 120
6.2093 2.3424 -1.4007 80 200 120
5.7391 2.1813 -1.3123 80 200 120
6.1542 4.3709 -1.8928 80 200 120
6.1603 3.1048 -1.6761 80 200 120
1.1329 6.7851 -1.5702 80 200 120
0.6167 7.2313 0.2956 80 200 120
2.0512 8.0390 -1.3562 80 200 120
-1.5626 0.7682 -0.7327 80 200 120
-1.3250 1.5345 -0.9342 80 200 120
-0.8230 2.9711 -0.8720 80 200 120
3.0836 5.1125 0.2153 80 200 120
3.3042 4.8587 0.3787 80 200 120
-2.4834 -0.3317 0.0261 80 200 120
1.5161 8.1784 -0.8002 80 200 120
-0.2723 3.1045 -2.7957 80 200 120
1.0209 4.3057 -2.6943 80 200 120
2.4877 2.6565 -2.0261 80 200 120
4.9410 1.0393 -2.7083 80 200 120
3.0161 4.7723 -2.5068 80 200 120
1.8794 7.3781 -2.3568 80 200 120
2.9872 0.7763 -1.8118 80 200 120
3.0220 5.7779 -1.8407 80 200 120
2.9460 5.9224 -1.8590 80 200 120
2.8400 5.1398 -2.4904 80 200 120
6.6029 3.8517 -1.4439 80 200 120
2.8982 2.5119 -2.5877 80 200 120
6.5353 4.2512 -1.3230 80 200 120
0.1847 4.1566 -2.2044 80 200 120
0.5596 3.3214 -2.7506 80 200 120
5.4746 4.9621 -2.7764 80 200 120
6.6073 3.3173 -1.4954 80 200 120
0.7405 4.0503 -2.2175 80 200 120
4.1843 1.4877 -2.8289 80 200 120
2.8694 2.5703 -2.6482 80 200 120
3.7111 3.7413 -2.8038 80 200 120
5.0549 0.2977 -1.9108 80 200 120
6.8330 4.4044 -1.3561 80 200 120
3.7668 5.5031 -1.7562 80 200 120
2.5799 1.8729 -2.1524 80 200 120
6.3057 4.5485 -2.7878 80 200 120
-1.4705 1.4392 -0.0227 80 200 120
4.0291 -2.1264 -2.7795 80 200 120
-1.8590 -0.5871 -1.7331 80 200 120
1.7817 -1.9241 0.4095 80 200 120
5.3587 -1.3003 -0.0743 80 200 120
-1.9755 -0.2488 -0.9754 80 200 120
-1.6417 0.9815 -0.2421 80 200 120
0.0261 -1.4788 -2.0362 80 200 120
-1.1146 -1.0549 -1.4731 80 200 120
1.4763 -1.5171 -1.3926 80 200 120
-1.2393 -0.6731 -1.9190 80 200 120
6.2300 3.6747 -1.6355 80 200 120
6.6180 4.2946 -1.2746 80 200 120
3.0828 5.2510 0.1801 80 200 120
3.1077 5.0171 0.3712 80 200 120
3.4961 5.2234 0.0756 80 200 120
3.3405 4.8805 0.3534 80 200 120
4.3284 6.8986 0.2989 80 200 120
7.6076 4.5761 -0.7087 80 200 120
0.0934 4.8896 0.2625 80 200 120
1.3502 7.6382 -1.2309 80 200 120
-0.9431 2.7114 -1.2326 80 200 120
0.9370 5.2381 -2.1197 80 200 120
0.5718 2.4097 -2.8178 80 200 120
0.2954 0.6572 -2.9517 80 200 120
0.8660 3.7416 -2.6421 80 200 120
1.3788 0.3321 -1.7777 80 200 120
-2.5197 -0.5766 0.3141 80 200 120
1.8070 -0.3554 -1.9492 80 200 120
-0.3597 1.0512 -2.7153 80 200 120
3.8310 3.7875 -2.6938 80 200 120
2.8727 0.5354 -1.7996 80 200 120
4.7261 -1.2120 -2.5669 80 200 120
-0.7021 1.2790 -2.2956 80 200 120
2.8879 5.6372 -2.0545 80 200 120
2.9435 5.8485 -1.8855 80 200 120
1.0127 4.9000 -2.5254 80 200 120
5.1054 0.9643 -2.9046 80 200 120
3.3404 2.7531 -2.7975 80 200 120
6.6468 5.1897 -1.3732 80 200 120
6.5266 4.6428 -1.4910 80 200 120
4.8062 -0.6795 -2.0551 80 200 120
4.9612 2.4048 -2.8388 80 200 120
5.5237 2.7644 -1.6691 80 200 120
5.9479 1.1060 -2.1281 80 200 120
6.6296 5.1276 -1.3996 80 200 120
6.5906 5.2667 -2.3217 80 200 120
3.9153 -3.0568 -2.7253 80 200 120
1.8956 1.3599 -2.8541 80 200 120
2.8054 2.2599 -2.3658 80 200 120
3.2741 4.2922 -1.7541 80 200 120
1.7817 -0.4263 -2.5388 80 200 120
1.6187 0.4054 -2.1296 80 200 120
4.9457 0.6723 -2.8544 80 200 120
2.8708 0.5438 -1.8056 80 200 120
2.8412 -2.3266 -2.9557 80 200 120
1.8491 -2.5392 -1.0733 80 200 120
4.1077 -3.0921 -2.0732 80 200 120
4.8979 -0.5605 -1.2672 80 200 120
5.8954 0.3203 -0.1662 80 200 120
5.2900 -0.3256 -0.0509 80 200 120
3.9471 -1.7294 -1.9734 80 200 120
6.5034 3.2282 -1.3728 80 200 120
6.1919 4.3778 -1.9345 80 200 120
6.6349 2.9463 -1.4313 80 200 120
2.8658 7.1955 0.2492 80 200 120
5.4137 0.5971 -0.1093 80 200 120
6.1080 4.0366 -1.4260 80 200 120
6.2344 2.5785 -1.4317 80 200 120
7.7835 5.4432 -1.1786 80 200 120
6.6326 6.2863 -1.6032 80 200 120
5.0365 -0.1688 -0.0400 80 200 120
1.2954 6.6617 -0.6631 80 200 120
1.0880 6.2221 -1.6030 80 200 120
1.1112 6.7986 -1.7346 80 200 120
2.6221 7.8825 -1.1217 80 200 120
-1.6252 -0.9635 0.0155 80 200 120
0.6064 5.3638 -1.6216 80 200 120
0.4940 5.1030 -1.6153 80 200 120
-2.2157 -0.3790 -0.5903 80 200 120
-2.1414 0.7776 -1.0748 80 200 120
0.9801 6.5985 -1.1147 80 200 120
-1.4816 1.4635 -0.5708 80 200 120
-1.3996 1.4631 -0.9591 80 200 120
-1.5886 1.7366 -1.0858 80 200 120
2.9523 6.9219 -0.0183 80 200 120
3.5748 0.9575 -2.0827 80 200 120
5.2933 0.8317 -3.0844 80 200 120
4.7983 -0.7704 -2.6295 80 200 120
-1.4078 1.5046 -2.6954 80 200 120
-0.5919 0.9621 -2.3347 80 200 120
4.4946 0.0959 -1.6408 80 200 120
2.4749 -0.2450 -2.0632 80 200 120
1.5959 6.9483 -2.3239 80 200 120
2.7912 2.5734 -2.0384 80 200 120
1.2308 7.2109 -2.2376 80 200 120
2.8985 5.4349 -2.1406 80 200 120
2.9038 5.5661 -2.0589 80 200 120
2.9457 5.5317 -2.0182 80 200 120
1.1151 4.5457 -2.7182 80 200 120
3.4096 3.3686 -2.7957 80 200 120
0.5381 3.6765 -2.2013 80 200 120
1.1079 3.0735 -2.7745 80 200 120
2.7309 2.6122 -1.9891 80 200 120
3.1128 4.9937 0.3621 80 200 120
5.0527 1.0460 -2.5455 80 200 120
5.5455 2.7324 -2.7232 80 200 120
1.6240 0.3753 -1.7287 80 200 120
3.2555 1.0956 -1.9096 80 200 120
3.2432 -2.6779 -2.6488 80 200 120
3.7036 -1.4569 0.2563 80 200 120
0.0071 1.2099 -2.4119 80 200 120
0.4031 0.9720 -2.4848 80 200 120
-1.2760 -2.3245 -3.4104 80 200 120
1.8496 -0.8930 -1.7605 80 200 120
5.4463 4.9132 -2.7473 80 200 120
0.6645 -0.4408 -2.4001 80 200 120
0.3911 -0.2188 -2.8747 80 200 120
1.2268 -2.3368 -1.7092 80 200 120
4.4128 -2.1548 -2.2126 80 200 120
2.6074 -2.8887 -2.8123 80 200 120
1.9679 -0.5164 -1.5826 80 200 120
-2.6881 -0.3247 -0.4185 80 200 120
2.1187 -0.7455 -1.5062 80 200 120
2.7171 -3.0508 -1.0547 80 200 120
2.2383 -2.8737 -2.1403 80 200 120
2.8235 -2.9983 -2.0497 80 200 120
2.1069 -0.4583 -1.7763 80 200 120
1.7970 0.3467 -0.8200 80 200 120
1.8464 0.0440 0.2128 80 200 120
-1.5096 1.7151 0.3566 80 200 120
-1.9023 -0.8435 -0.5286 80 200 120
1.6466 0.1842 -0.1916 80 200 120
6.2082 3.6491 -1.6467 80 200 120
6.7238 3.8787 -1.4565 80 200 120
6.0953 3.8414 -1.7508 80 200 120
5.8144 6.5835 -1.6648 80 200 120
6.7797 6.2160 -2.0306 80 200 120
3.1183 5.1208 0.3909 80 200 120
3.4293 5.0957 0.3916 80 200 120
8.0341 5.7192 -0.7516 80 200 120
6.4195 5.2679 -2.1796 80 200 120
3.2737 5.1684 0.2452 80 200 120
4.8993 6.9270 -0.7714 80 200 120
6.9068 6.1135 -0.0812 80 200 120
6.1490 2.1117 -1.4956 80 200 120
7.0640 6.1383 -1.3646 80 200 120
0.4907 7.7552 0.0981 80 200 120
1.4918 6.7967 -1.6161 80 200 120
1.2352 6.1161 -1.5919 80 200 120
2.2666 7.9314 -1.4109 80 200 120
-0.2549 7.6378 -0.2001 80 200 120
0.4289 4.8866 0.2597 80 200 120
3.3688 4.9870 0.3704 80 200 120
3.1564 5.1449 0.0281 80 200 120
-0.0620 2.6012 -2.7778 80 200 120
0.5752 3.8086 -2.0570 80 200 120
1.5206 0.4833 -2.0722 80 200 120
3.3145 4.9349 -2.9112 80 200 120
3.2079 7.0432 -3.3264 80 200 120
-2.7274 -0.6688 0.3259 80 200 120
2.8485 5.6022 -2.0721 80 200 120
1.3402 6.8073 -2.4447 80 200 120
0.8942 4.9128 -2.2464 80 200 120
1.0158 4.7684 -2.5764 80 200 120
2.9640 3.5976 -2.8346 80 200 120
2.6955 6.5890 -1.5987 80 200 120
1.3801 4.3244 -2.7487 80 200 120
2.9369 5.6186 -1.9361 80 200 120
0.3524 4.1090 -2.0918 80 200 120
0.0100 3.4508 -2.3209 80 200 120
3.0461 5.5851 -1.1342 80 200 120
7.4580 5.2261 -1.4248 80 200 120
4.3362 -0.0490 -2.8609 80 200 120
3.9251 0.7320 -2.8304 80 200 120
4.2034 0.1579 -2.8185 80 200 120
4.1902 1.7366 -2.8326 80 200 120
1.0673 1.1439 -2.8171 80 200 120
2.3032 0.0410 -2.0934 80 200 120
5.7002 2.5994 -1.4633 80 200 120
-0.1431 0.0501 -2.8174 80 200 120
3.0781 5.0507 -2.4213 80 200 120
-0.1425 0.3467 -2.9641 80 200 120
2.1467 -2.5752 -0.4922 80 200 120
3.1579 -2.8618 -2.7296 80 200 120
0.9871 -2.0405 -0.9256 80 200 120
4.1388 -1.9792 0.3542 80 200 120
3.7773 -2.6218 -2.3674 80 200 120
1.6336 -0.4340 -1.3425 80 200 120
4.0962 -2.1638 -2.2046 80 200 120
-1.5108 1.0118 -0.3205 80 200 120
3.3364 -2.5453 -2.0243 80 200 120
7.2352 3.7940 0.2671 80 200 120
5.5511 7.1098 -1.1695 80 200 120
6.5746 3.2647 -1.4237 80 200 120
7.5633 5.3228 -1.1202 80 200 120
6.5818 2.9229 -1.4102 80 200 120
7.5900 4.5963 -0.6893 80 200 120
5.8593 6.7860 -1.1732 80 200 120
6.5886 2.4201 -0.7891 80 200 120
6.3391 6.4443 -2.2997 80 200 120
0.3786 7.5999 0.1970 80 200 120
0.6870 6.9021 0.0332 80 200 120
2.9174 7.2945 -0.3926 80 200 120
-2.6027 -0.3229 -0.4945 80 200 120
-2.0096 0.4392 -0.8157 80 200 120
-1.7109 0.9141 -0.1004 80 200 120
-1.8553 0.9881 -0.9068 80 200 120
-1.4802 1.7548 -0.9392 80 200 120
1.5112 7.2646 -2.4993 80 200 120
2.8266 2.5528 -2.1895 80 200 120
2.1934 -0.1745 -1.6916 80 200 120
-1.2028 2.0253 -2.2564 80 200 120
3.8140 3.7569 -2.6268 80 200 120
5.2290 -0.4556 -2.5747 80 200 120
2.8323 5.1987 -2.2172 80 200 120
2.8565 5.1471 -2.2748 80 200 120
1.8444 6.6333 -2.8356 80 200 120
3.7960 4.5643 -1.5861 80 200 120
1.1166 4.5856 -2.6624 80 200 120
6.1990 3.6454 -1.6331 80 200 120
6.1596 2.0668 -2.7432 80 200 120
3.1329 5.1549 0.3824 80 200 120
4.0474 4.2612 -2.6898 80 200 120
-0.1373 3.2572 -2.5687 80 200 120
5.6895 2.4283 -1.5598 80 200 120
5.9595 2.8832 -1.5251 80 200 120
6.8017 3.3219 -1.5509 80 200 120
6.1894 2.1321 -1.5223 80 200 120
8.0549 6.1718 -0.3677 80 200 120
5.9524 3.1619 -1.5476 80 200 120
1.6453 2.9389 -2.8222 80 200 120
3.9354 3.9789 -2.6985 80 200 120
4.6494 1.8303 -2.8266 80 200 120
5.2016 0.5317 -1.9645 80 200 120
3.3658 0.5029 -2.1061 80 200 120
-0.1430 0.7003 -2.9806 80 200 120
3.2677 4.2698 -1.7039 80 200 120
-0.8776 0.3168 -3.1537 80 200 120
-0.4752 0.2042 -2.4459 80 200 120
-0.3385 -0.1240 -2.4635 80 200 120
-0.2953 -1.3337 -2.7421 80 200 120
2.6186 -3.1211 -2.9438 80 200 120
3.3862 -2.0599 0.3659 80 200 120
5.2246 -1.1546 -1.7371 80 200 120
2.0025 -2.8813 -1.7516 80 200 120
-2.0975 0.4695 -0.4632 80 200 120
2.0640 -2.5912 0.0917 80 200 120
4.9428 -1.3783 -1.7183 80 200 120
-1.8834 0.5799 0.1247 80 200 120
-1.7477 0.8996 0.3738 80 200 120
6.1019 0.8158 -1.2967 80 200 120
4.7866 7.0019 -0.0945 80 200 120
6.1192 4.0013 -1.4007 80 200 120
6.0791 3.8356 -1.7377 80 200 120
7.4585 5.0618 -1.4382 80 200 120
6.2398 3.1736 -1.8320 80 200 120
3.1295 4.8972 0.0031 80 200 120
6.4199 6.3917 -1.1326 80 200 120
1.0635 7.3271 0.2394 80 200 120
4.7315 6.8592 0.2816 80 200 120
3.0936 4.7837 0.3610 80 200 120
3.4481 5.3018 -0.1171 80 200 120
3.5333 5.4485 0.2595 80 200 120
0.6802 6.8065 -1.5314 80 200 120
0.7960 4.9109 -1.9995 80 200 120
1.4911 0.1652 -1.6112 80 200 120
1.1473 6.2873 -1.2296 80 200 120
2.5857 0.8523 -2.0139 80 200 120
1.7377 7.5303 -2.1867 80 200 120
1.6880 -0.2989 -1.6629 80 200 120
-2.1749 -0.4581 -2.5986 80 200 120
1.5917 6.2267 -2.8314 80 200 120
1.2089 6.4116 -2.7991 80 200 120
2.4801 6.5126 -2.3159 80 200 120
0.7861 4.7576 -2.1886 80 200 120
1.3436 3.9831 -2.6463 80 200 120
2.2284 2.1737 -1.8360 80 200 120
4.7722 0.4766 -2.8051 80 200 120
2.9271 1.2726 -2.4011 80 200 120
-0.4394 1.0155 -2.8111 80 200 120
4.0224 4.1361 -1.9091 80 200 120
3.7687 -2.7425 -2.4625 80 200 120
-2.2283 -0.4453 -0.3820 80 200 120
3.9568 -3.2149 -1.0641 80 200 120
-0.9477 -1.3911 -1.5518 80 200 120
1.9747 -0.5394 -1.5322 80 200 120
4.8175 -1.1243 -0.5271 80 200 120
2.8206 -2.9621 -1.5526 80 200 120
4.9176 -0.2570 -0.7817 80 200 120
2.2944 -2.5692 -2.6587 80 200 120
6.7670 3.1276 0.4089 80 200 120
6.1631 2.4561 -1.3605 80 200 120
4.3287 7.3702 -0.8438 80 200 120
5.9878 1.1730 -0.9764 80 200 120
6.3143 1.2668 -1.1991 80 200 120
4.3244 7.3373 -0.0833 80 200 120
5.3465 6.8100 -1.0984 80 200 120
5.3596 7.0306 -0.6385 80 200 120
3.4645 5.3235 0.1549 80 200 120
6.3817 4.8411 -1.8219 80 200 120
3.5342 5.5515 -0.2112 80 200 120
5.5019 6.6174 0.0327 80 200 120
2.9784 5.1659 0.1668 80 200 120
6.0211 6.9080 -1.7869 80 200 120
0.7574 6.3545 0.0492 80 200 120
2.9123 5.9910 -0.2885 80 200 120
3.2982 5.2912 0.2199 80 200 120
2.6028 7.4609 -0.5552 80 200 120
1.8320 7.5313 -1.2840 80 200 120
-1.2779 -0.8345 0.3742 80 200 120
1.2215 2.5970 -2.7262 80 200 120
1.4142 1.2279 -2.7726 80 200 120
2.9530 3.5439 -2.8260 80 200 120
0.4671 3.5215 -2.0467 80 200 120
-2.2212 -0.4044 0.2918 80 200 120
2.9467 -0.1708 -1.9868 80 200 120
3.4475 0.6601 -1.9725 80 200 120
2.0750 -0.8831 -1.7789 80 200 120
2.2089 0.1647 -2.9632 80 200 120
2.1993 0.2179 -2.9365 80 200 120
2.2259 0.1677 -2.9324 80 200 120
2.2141 0.1836 -2.9546 80 200 120
2.2462 0.1985 -2.9180 80 200 120
1.5361 7.3023 -2.3854 80 200 120
2.7581 5.6556 -2.0727 80 200 120
0.9180 4.5493 -2.3783 80 200 120
1.5214 3.8825 -2.5681 80 200 120
1.8262 0.2365 -2.9318 80 200 120
2.5756 2.0344 -1.9595 80 200 120
6.0445 4.3774 -2.6963 80 200 120
2.5965 0.7115 -2.8839 80 200 120
2.8068 2.7332 -2.6013 80 200 120
2.6267 3.9232 -2.8081 80 200 120
6.6842 5.2311 -1.4465 80 200 120
2.3674 -0.4698 -1.5915 80 200 120
6.6015 5.2987 -2.3764 80 200 120
3.2718 4.3608 -1.7783 80 200 120
2.0220 -0.0999 -1.7094 80 200 120
1.6560 0.4011 -1.3297 80 200 120
2.9945 -0.1549 -1.9180 80 200 120
4.1173 -2.8111 0.0481 80 200 120
3.0366 -3.1191 0.1281 80 200 120
-0.9676 -0.8492 0.3246 80 200 120
-1.3890 -0.9482 -0.8638 80 200 120
-1.2190 1.6253 0.3482 80 200 120
7.3066 4.4373 0.3261 80 200 120
5.8039 6.6693 -1.1324 80 200 120
6.5298 2.5149 0.0898 80 200 120
4.9945 7.3214 -0.8534 80 200 120
7.0894 3.5423 -1.0807 80 200 120
6.3423 4.9409 -1.3141 80 200 120
6.2353 4.1097 -1.4585 80 200 120
6.3260 3.4798 -1.5290 80 200 120
1.2399 5.4704 0.1612 80 200 120
1.1226 7.1882 -2.0061 80 200 120
1.5864 7.9120 -1.9267 80 200 120
1.4514 4.5433 0.1520 80 200 120
0.8522 5.8856 -1.9025 80 200 120
0.2882 3.5276 -1.8146 80 200 120
2.7983 1.2232 -2.1383 80 200 120
3.8489 0.9525 -2.7826 80 200 120
3.2167 4.8917 -2.8853 80 200 120
3.7853 -3.0007 -2.6189 80 200 120
1.9546 7.1206 -2.2895 80 200 120
2.2783 0.2158 -2.7290 80 200 120
2.2846 0.1925 -2.7851 80 200 120
2.2535 0.2099 -2.8420 80 200 120
2.2719 0.2127 -2.7615 80 200 120
2.8962 5.6854 -1.8772 80 200 120
2.9551 5.6988 -1.8182 80 200 120
3.6125 4.8460 -1.6485 80 200 120
3.5462 4.6015 -1.6664 80 200 120
4.5021 5.2387 -1.8015 80 200 120
-0.3385 3.2913 -2.7362 80 200 120
-1.6558 1.4768 -2.8418 80 200 120
-0.0037 0.7805 -2.8322 80 200 120
5.3962 2.5488 -2.7478 80 200 120
5.0666 1.0169 -2.8444 80 200 120
5.4128 0.9212 -2.5062 80 200 120
3.4921 1.0252 -2.7808 80 200 120
6.0368 3.6131 -1.5397 80 200 120
5.6139 2.4429 -1.5180 80 200 120
6.2206 2.1005 -2.7288 80 200 120
5.8308 2.8705 -1.4733 80 200 120
6.5944 3.9091 -1.4432 80 200 120
8.0683 5.8701 0.3311 80 200 120
6.1240 2.1653 -1.5084 80 200 120
6.2263 4.0991 -1.4436 80 200 120
2.5477 2.6392 -1.8036 80 200 120
5.9981 3.6673 -2.1911 80 200 120
1.9537 0.2315 -1.3226 80 200 120
2.0123 0.0068 -2.2045 80 200 120
1.7410 0.4209 -2.7632 80 200 120
1.6604 0.4382 -1.5841 80 200 120
3.1247 0.1049 -1.9176 80 200 120
1.8585 -0.8037 -1.7449 80 200 120
1.3903 0.1677 0.1823 80 200 120
1.8784 0.1829 0.3552 80 200 120
1.9963 -0.5302 -1.5246 80 200 120
0.7493 -1.9320 -0.6550 80 200 120
1.4532 -2.0551 0.3523 80 200 120
4.8551 -1.3711 -0.7576 80 200 120
3.8974 -3.4188 -2.8174 80 200 120
6.0258 0.2779 -0.1605 80 200 120
1.7630 0.3989 -0.8792 80 200 120
5.4859 0.3709 0.3518 80 200 120
5.7904 0.7091 0.4401 80 200 120
6.2067 1.9765 0.3277 80 200 120
3.5636 5.7548 -0.2083 80 200 120
5.2044 7.5673 -1.4704 80 200 120
5.8309 7.7340 -1.8898 80 200 120
6.3886 4.8898 -1.8378 80 200 120
2.2687 7.6569 -1.6146 80 200 120
1.0854 5.4048 0.0952 80 200 120
-0.8675 2.9707 -0.9030 80 200 120
1.4877 8.4363 -0.8110 80 200 120
2.1324 2.7843 -2.0049 80 200 120
2.1016 1.2173 -2.5140 80 200 120
4.7109 -0.4443 -2.1434 80 200 120
4.7444 -0.6211 -2.6454 80 200 120
2.7912 2.6414 -2.0912 80 200 120
2.1672 2.2473 -2.0089 80 200 120
4.2107 -2.6909 -3.0494 80 200 120
2.5774 3.1827 -2.2472 80 200 120
4.5575 0.0158 -2.7322 80 200 120
2.7769 5.5406 -2.1223 80 200 120
1.4134 6.1162 -2.8533 80 200 120
1.5195 5.5890 -2.8385 80 200 120
3.4160 4.6567 -1.6700 80 200 120
6.0245 3.7348 -2.2050 80 200 120
6.2620 4.3356 -2.1049 80 200 120
6.3116 4.6296 -2.1038 80 200 120
6.6626 3.3600 -1.4972 80 200 120
2.8034 2.5739 -1.9978 80 200 120
3.5049 0.9861 -1.9710 80 200 120
3.2545 2.5312 -2.7952 80 200 120
4.4399 -0.2256 -2.5117 80 200 120
4.4007 -0.1453 -2.6995 80 200 120
4.6388 0.0603 -1.9021 80 200 120
6.0204 2.1845 -2.5319 80 200 120
5.4767 6.0179 -2.8641 80 200 120
6.4603 5.0158 -1.3571 80 200 120
3.1809 4.5581 -2.5588 80 200 120
3.1365 0.4109 -1.9772 80 200 120
3.1313 4.8027 -2.3550 80 200 120
-2.4449 -0.5543 -0.6441 80 200 120
-2.2383 -0.0778 -0.4204 80 200 120
1.2789 -2.1997 -1.6607 80 200 120
2.0501 -2.5749 -1.6753 80 200 120
1.9770 0.3437 -0.7016 80 200 120
1.8007 0.0158 0.1855 80 200 120
6.3337 5.3756 -2.0745 80 200 120
6.0733 2.1458 -1.4678 80 200 120
6.3325 2.5936 -1.4169 80 200 120
0.6460 7.4754 0.2144 80 200 120
1.8821 8.1814 -1.9787 80 200 120
1.8768 3.4802 0.1193 80 200 120
0.6603 4.6127 -0.0965 80 200 120
0.5492 5.5426 0.2389 80 200 120
3.5935 6.1601 -0.2259 80 200 120
1.8033 0.0233 -1.8043 80 200 120
2.6094 2.0079 -2.7218 80 200 120
3.1871 4.8053 -2.8068 80 200 120
2.7901 5.3659 -2.2148 80 200 120
3.4243 3.7681 -2.7240 80 200 120
5.8967 3.5505 -2.2419 80 200 120
2.6251 2.0576 -2.6114 80 200 120
5.9266 3.2138 -1.5145 80 200 120
0.0166 3.0864 -2.8103 80 200 120
3.0346 5.5529 0.2352 80 200 120
5.9644 1.2375 -2.8206 80 200 120
5.6361 2.2211 -2.7142 80 200 120
3.5168 5.5975 0.2204 80 200 120
2.8693 1.3006 -2.7386 80 200 120
5.9790 3.9759 -2.7031 80 200 120
5.9183 6.0456 -2.5904 80 200 120
1.5531 0.2965 -1.6235 80 200 120
4.2021 4.4649 -2.7522 80 200 120
4.7640 0.3051 -1.9339 80 200 120
4.6954 -1.6327 -0.6287 80 200 120
2.5333 -2.4061 -2.5855 80 200 120
1.6141 0.3822 0.3332 80 200 120
0.8957 -1.8664 -2.0742 80 200 120
-1.6061 -1.2616 -1.7036 80 200 120
-2.5861 -0.5290 -1.0781 80 200 120
3.8432 -2.8767 0.3577 80 200 120
2.8735 -2.6483 -2.5634 80 200 120
-2.4265 -1.0839 -0.5395 80 200 120
7.5192 4.6631 -0.0651 80 200 120
7.5645 4.8817 0.3565 80 200 120
6.9855 3.5571 0.3921 80 200 120
6.2940 2.3784 -1.4225 80 200 120
5.2732 -0.0070 -0.2082 80 200 120
5.7061 3.4561 -1.4082 80 200 120
6.2670 4.1586 -1.4743 80 200 120
5.7821 2.8083 -1.4186 80 200 120
6.0874 3.3909 -1.4324 80 200 120
5.6020 2.9900 -1.4686 80 200 120
5.5215 7.0471 -1.1692 80 200 120
6.0094 1.2555 -0.8886 80 200 120
6.0453 4.2943 -1.7999 80 200 120
1.3509 7.2128 -2.0394 80 200 120
0.6165 6.9010 -0.2320 80 200 120
1.8290 3.4274 0.1237 80 200 120
-2.4370 -0.1348 -0.4522 80 200 120
-1.5943 0.9626 -0.6213 80 200 120
1.2859 5.9602 -2.7653 80 200 120
0.8828 4.6587 -2.0164 80 200 120
2.2258 1.5631 -2.5590 80 200 120
1.7600 -0.0461 -1.4608 80 200 120
3.5190 3.9794 -2.3879 80 200 120
5.8692 3.8797 -2.5882 80 200 120
6.1195 4.6996 -2.6517 80 200 120
5.1095 0.5776 -1.8778 80 200 120
5.0059 1.0515 -2.7326 80 200 120
5.2434 1.0092 -2.2852 80 200 120
4.3546 4.9101 -1.9583 80 200 120
4.8134 0.3983 -1.9757 80 200 120
3.4699 1.0477 -2.7087 80 200 120
2.9306 2.5780 -2.8045 80 200 120
3.2706 1.8914 -2.8183 80 200 120
2.3526 2.8547 -1.9803 80 200 120
3.3838 3.9985 -2.7005 80 200 120
1.7632 0.8243 -2.6514 80 200 120
2.2419 -0.8068 -1.7614 80 200 120
2.3971 0.2705 -2.2743 80 200 120
4.7360 -1.4638 -2.7724 80 200 120
1.7208 0.4658 -2.0956 80 200 120
5.1239 -0.1286 -2.0503 80 200 120
6.6308 5.1826 -1.4270 80 200 120
6.5094 5.2380 -2.3745 80 200 120
6.3055 2.1679 -1.5971 80 200 120
6.1626 4.1292 -1.4607 80 200 120
6.9799 5.0165 -1.4778 80 200 120
4.2879 -2.5657 -2.7028 80 200 120
-0.4326 -0.0294 -2.3804 80 200 120
1.8435 -0.3676 -1.6356 80 200 120
4.0169 4.2469 -1.8822 80 200 120
1.7728 0.4256 -2.7638 80 200 120
4.2903 4.5062 -1.9289 80 200 120
3.4398 0.6305 -2.4899 80 200 120
0.9553 0.0248 0.2503 80 200 120
-1.5771 0.7186 0.3499 80 200 120
0.2007 -1.7589 -0.8169 80 200 120
0.6985 -1.9099 0.3495 80 200 120
5.6088 0.5023 -0.1329 80 200 120
7.2353 5.9362 -0.4347 80 200 120
7.3636 4.2515 0.3508 80 200 120
7.6109 4.6173 -0.6679 80 200 120
6.3700 2.2615 0.3736 80 200 120
6.3878 5.3816 -1.1835 80 200 120
6.6350 2.5631 0.2038 80 200 120
6.6603 2.6873 -0.9215 80 200 120
4.9781 5.2605 0.5132 80 200 120
7.2380 5.0202 -1.3900 80 200 120
3.4694 5.8868 0.0838 80 200 120
6.3353 2.0225 0.3498 80 200 120
5.1187 7.1513 -1.3581 80 200 120
2.0222 8.5007 0.2448 80 200 120
1.6100 7.8174 -2.1532 80 200 120
-0.1812 4.4473 0.2572 80 200 120
1.6782 8.9941 0.0059 80 200 120
-0.5558 3.1586 0.2344 80 200 120
-0.5701 4.4389 0.2331 80 200 120
0.5198 4.8282 -1.6346 80 200 120
3.0226 5.3131 -0.0463 80 200 120
0.0606 4.6304 -1.8029 80 200 120
-1.1351 2.1590 -1.4306 80 200 120
2.3887 7.1227 -1.2357 80 200 120
0.9356 6.5314 -2.0706 80 200 120
1.7552 7.9106 -1.5178 80 200 120
-1.5812 0.6453 0.0719 80 200 120
1.1646 5.3618 -2.6081 80 200 120
1.2281 5.5924 -2.2169 80 200 120
1.2517 5.8323 -2.2680 80 200 120
1.1188 5.8865 -2.8050 80 200 120
1.9344 2.8251 -2.0643 80 200 120
1.3013 5.6841 -2.7430 80 200 120
2.1089 3.4917 -2.1892 80 200 120
0.7738 0.4871 -2.1345 80 200 120
1.9920 -0.0649 -1.7630 80 200 120
3.5448 0.8749 -2.4976 80 200 120
2.7142 2.7386 -2.1289 80 200 120
2.5736 2.1061 -1.7314 80 200 120
4.7370 -1.5063 -2.8073 80 200 120
3.1193 0.1461 -1.8111 80 200 120
1.4252 0.4520 -1.9737 80 200 120
3.7991 -3.2139 -2.7119 80 200 120
1.8476 0.1329 -1.7252 80 200 120
4.7309 -0.2428 -1.8894 80 200 120
2.0048 0.0159 -2.3530 80 200 120
3.2721 1.0887 -1.9297 80 200 120
2.3864 2.6616 -1.8430 80 200 120
-1.3607 0.7524 0.2830 80 200 120
2.8485 2.3590 -2.7202 80 200 120
4.7758 -1.0492 -2.5644 80 200 120
3.9666 -0.7432 -2.8576 80 200 120
-1.7674 0.9062 -0.1158 80 200 120
1.4927 6.7956 -2.4107 80 200 120
2.7846 5.8503 -1.1598 80 200 120
4.4829 4.6359 -2.8968 80 200 120
3.0201 5.0462 -2.4291 80 200 120
3.9340 4.8621 -1.5213 80 200 120
2.1485 2.2584 -1.9520 80 200 120
6.1661 1.5753 -2.8623 80 200 120
-0.2772 1.1067 -2.6216 80 200 120
2.1880 2.6018 -2.0646 80 200 120
2.7464 2.7472 -2.0264 80 200 120
3.0717 3.6846 -2.9340 80 200 120
2.6032 2.0889 -1.7252 80 200 120
1.9104 0.1447 -1.6215 80 200 120
6.2410 5.6772 -2.7372 80 200 120
3.0131 -2.0815 -2.8307 80 200 120
6.2623 2.1182 -2.6890 80 200 120
1.6583 0.4268 -1.7950 80 200 120
4.8850 0.5868 -2.0028 80 200 120
5.8981 1.2990 -2.6169 80 200 120
4.0432 0.5155 -2.8169 80 200 120
2.1675 2.2594 -1.9398 80 200 120
6.1527 1.7032 -2.7532 80 200 120
5.0987 4.4467 -2.7802 80 200 120
3.8712 -3.3822 -2.8418 80 200 120
3.6683 4.0755 -1.7353 80 200 120
-1.1503 -0.6351 0.0250 80 200 120
2.0781 -1.5818 -1.9111 80 200 120
6.5354 6.0144 -0.5168 80 200 120
6.6271 3.2890 -1.4377 80 200 120
8.0115 5.5255 -1.0847 80 200 120
7.2289 5.1062 0.4485 80 200 120
6.3514 2.1841 -1.6042 80 200 120
1.8429 7.7035 0.2630 80 200 120
-1.1764 2.3843 0.3443 80 200 120
3.1117 5.8341 -0.8726 80 200 120
-1.3682 1.7480 -0.9496 80 200 120
-1.1787 1.8849 -0.1143 80 200 120
-0.9233 2.5750 -1.3524 80 200 120
1.2671 6.0853 -2.6938 80 200 120
1.2337 4.3939 -2.4367 80 200 120
1.3745 3.5399 -2.3301 80 200 120
1.3681 4.1836 -2.4669 80 200 120
1.6727 5.4638 -2.8220 80 200 120
1.0147 4.8696 -2.4644 80 200 120
1.6950 3.5937 -2.3549 80 200 120
1.9087 4.7951 -2.6036 80 200 120
1.7832 2.9798 -2.1437 80 200 120
1.5558 3.9578 -2.4952 80 200 120
1.6217 4.3015 -2.5739 80 200 120
1.4461 5.8084 -2.7983 80 200 120
2.0471 4.1996 -2.3780 80 200 120
1.4504 5.9727 -2.7925 80 200 120
2.1337 4.4789 -2.5519 80 200 120
1.5295 4.5658 -2.6521 80 200 120
1.1494 4.3688 -2.4404 80 200 120
1.8772 3.8506 -2.3678 80 200 120
2.1773 4.7720 -2.6434 80 200 120
1.0245 1.9272 -2.8221 80 200 120
2.0480 0.1697 -2.5443 80 200 120
1.4220 6.6838 -2.0437 80 200 120
3.8603 3.8487 -2.7912 80 200 120
1.2731 8.2809 -2.9107 80 200 120
1.3049 3.4131 -2.3115 80 200 120
1.2593 3.8032 -2.3637 80 200 120
0.7850 4.3472 -2.2873 80 200 120
4.4151 4.8937 -2.4700 80 200 120
6.9837 4.1806 -1.4989 80 200 120
5.6314 2.4032 -1.5444 80 200 120
5.4265 0.8483 -2.0196 80 200 120
7.9838 5.7990 0.3197 80 200 120
6.8354 3.4095 -1.5400 80 200 120
5.2629 0.5070 -2.0521 80 200 120
2.6274 2.0272 -2.7989 80 200 120
6.2263 4.1633 -1.3797 80 200 120
6.8180 4.0800 -1.4623 80 200 120
2.0258 0.0283 -2.1561 80 200 120
3.9830 -0.7349 -2.8430 80 200 120
1.9116 -0.8828 -1.8260 80 200 120
1.8336 0.1418 -2.5117 80 200 120
2.4929 -1.9991 -1.6476 80 200 120
0.2739 -1.7054 -0.1760 80 200 120
6.7574 5.9814 -0.9731 80 200 120
3.4542 5.6087 0.2225 80 200 120
6.0119 3.6329 -1.5707 80 200 120
5.8698 3.1684 -1.4322 80 200 120
3.2596 4.9311 0.3644 80 200 120
5.3881 0.9049 0.3770 80 200 120
1.3447 8.3800 0.1481 80 200 120
0.7033 7.7472 0.2365 80 200 120
0.7435 8.1558 0.0616 80 200 120
-0.3209 3.5303 0.2449 80 200 120
1.1439 4.9183 -1.7201 80 200 120
1.1323 8.3118 -1.4660 80 200 120
-1.9104 0.9135 -0.6501 80 200 120
1.3711 4.9713 -2.7243 80 200 120
1.4091 5.4431 -2.7350 80 200 120
1.9580 3.2596 -2.1722 80 200 120
3.0441 1.2978 -2.4683 80 200 120
2.6150 0.7181 -1.8981 80 200 120
4.8299 -1.1231 -2.6574 80 200 120
1.4383 -0.7567 -1.8198 80 200 120
4.8616 -0.3750 -2.0186 80 200 120
1.7850 -0.7997 -1.7364 80 200 120
4.5744 -0.0316 -1.9355 80 200 120
-2.4408 -0.5379 0.3139 80 200 120
2.6090 -2.3268 -2.7999 80 200 120
4.7941 0.8364 -2.6403 80 200 120
1.8930 -2.2459 -2.6147 80 200 120
2.6724 2.2285 -1.8592 80 200 120
1.0957 5.0622 -2.4346 80 200 120
5.6604 3.4328 -2.5361 80 200 120
3.4595 5.4295 0.1914 80 200 120
6.1456 2.1752 -1.5120 80 200 120
7.4167 5.0964 -1.4355 80 200 120
2.8085 1.0085 -1.8999 80 200 120
2.9859 1.3472 -2.6713 80 200 120
7.4191 5.0569 -1.4492 80 200 120
2.7921 1.2790 -2.2836 80 200 120
3.2500 -2.6474 -2.5942 80 200 120
1.8867 1.7484 -2.7912 80 200 120
4.3868 -1.8118 0.2724 80 200 120
0.6963 -0.1208 0.0577 80 200 120
1.7915 0.0607 0.1326 80 200 120
-0.8999 0.3636 0.3226 80 200 120
1.2960 -2.1052 -1.5922 80 200 120
3.1102 -2.9560 -2.1209 80 200 120
5.8174 6.1524 0.2596 80 200 120
6.0157 6.2963 -0.1223 80 200 120
6.4531 6.1504 0.3052 80 200 120
5.5605 0.3407 0.3526 80 200 120
6.2937 6.2390 -1.1359 80 200 120
6.8268 4.1266 -1.4909 80 200 120
5.2720 -0.1462 0.3231 80 200 120
6.0196 1.7921 -1.5759 80 200 120
5.0256 -0.2323 0.3289 80 200 120
1.4275 8.4860 0.0998 80 200 120
2.1501 6.9126 0.3071 80 200 120
0.8588 8.3299 0.0144 80 200 120
0.1218 5.1419 0.0890 80 200 120
0.3034 3.6260 -1.6698 80 200 120
2.9889 4.7607 0.1667 80 200 120
2.2265 8.2179 -1.4782 80 200 120
-0.9172 1.3050 0.2872 80 200 120
3.5179 5.9690 0.2695 80 200 120
3.4394 5.2797 -0.0422 80 200 120
1.5153 8.7226 -1.6773 80 200 120
1.0477 5.0370 -2.4388 80 200 120
0.7472 4.9186 -2.3748 80 200 120
-0.8496 -0.0516 -2.3418 80 200 120
2.0165 0.0407 -2.2542 80 200 120
1.7005 6.8434 -2.3094 80 200 120
4.6769 -1.4402 -2.7648 80 200 120
1.6963 0.4416 -2.2049 80 200 120
0.4704 2.7527 -2.7844 80 200 120
2.9365 3.6091 -2.8003 80 200 120
4.6853 0.2853 -1.8655 80 200 120
1.4671 6.5940 -1.9770 80 200 120
3.1465 4.8298 -2.5019 80 200 120
3.2234 4.0971 -2.7114 80 200 120
2.5296 5.8140 -2.4013 80 200 120
2.8284 3.8041 -2.7580 80 200 120
2.6751 4.5122 -2.7299 80 200 120
2.5640 5.8847 -2.3094 80 200 120
2.6953 6.1111 -1.9261 80 200 120
2.5415 4.1095 -2.7951 80 200 120
2.6165 5.2308 -2.4845 80 200 120
2.9190 4.2489 -2.6795 80 200 120
2.6014 5.7430 -2.3446 80 200 120
2.8287 5.7554 -1.9383 80 200 120
1.3358 5.9956 -2.8121 80 200 120
1.3628 5.5991 -2.7421 80 200 120
5.9124 5.5432 -2.7941 80 200 120
1.2750 7.6931 -1.7087 80 200 120
0.7281 4.2713 -2.0609 80 200 120
2.6885 2.8008 -2.1052 80 200 120
2.6471 2.0389 -2.6651 80 200 120
2.0759 2.3507 -2.1821 80 200 120
1.8863 1.4021 -2.8203 80 200 120
0.1797 3.4359 -2.3527 80 200 120
0.6323 3.6945 -2.1914 80 200 120
5.1853 0.9250 -2.0063 80 200 120
5.4869 2.3825 -2.7142 80 200 120
6.5036 5.1882 -2.8091 80 200 120
3.8007 -3.0576 -2.6432 80 200 120
2.0335 0.0599 -1.8531 80 200 120
2.6158 0.9156 -1.9998 80 200 120
6.2175 4.5156 -2.9480 80 200 120
6.1138 4.1056 -1.4119 80 200 120
2.4967 2.0066 -1.7071 80 200 120
1.9660 -2.1895 -2.5998 80 200 120
2.9807 3.5943 -2.7953 80 200 120
4.6932 -1.7598 -1.3533 80 200 120
2.3787 -0.2957 -2.5847 80 200 120
2.0843 2.3493 -2.0213 80 200 120
1.7904 0.0877 -1.7564 80 200 120
4.4868 5.0148 -2.2582 80 200 120
3.6726 -1.7641 -2.7562 80 200 120
2.2798 -0.8195 -2.2254 80 200 120
3.0869 -1.0917 -2.7929 80 200 120
3.4264 -0.8347 0.3480 80 200 120
3.4678 -3.1706 -2.7912 80 200 120
1.1228 -0.4440 -0.5063 80 200 120
4.7774 -1.9762 -1.4518 80 200 120
4.8256 -1.3650 -0.6773 80 200 120
7.6957 5.4257 -1.5740 80 200 120
7.3688 3.9857 -0.6231 80 200 120
6.9085 3.0563 0.0832 80 200 120
5.7228 3.3867 -1.4079 80 200 120
7.3565 5.8546 -1.1441 80 200 120
6.2695 2.5837 -1.4579 80 200 120
5.9448 1.1989 -0.9538 80 200 120
6.4291 2.2256 -1.6603 80 200 120
7.5063 4.6032 -0.6101 80 200 120
6.9272 3.4394 -1.0463 80 200 120
1.8380 5.7298 -0.5721 80 200 120
2.2932 8.8192 -2.3114 80 200 120
1.8192 7.5117 -2.2836 80 200 120
-0.6855 3.9709 -0.0167 80 200 120
1.6761 3.0987 0.1246 80 200 120
-1.6747 -0.7120 -0.5523 80 200 120
0.8193 4.8466 -1.9690 80 200 120
5.1429 6.9392 0.3385 80 200 120
-0.7396 3.4699 -1.1406 80 200 120
-1.5359 1.4545 -1.2809 80 200 120
4.1175 8.7771 0.2045 80 200 120
4.8276 7.3114 -0.2274 80 200 120
0.4015 0.7333 -1.7258 80 200 120
2.3119 0.0867 -2.3765 80 200 120
1.6052 0.3689 -1.8709 80 200 120
1.6532 -0.0502 -1.3791 80 200 120
1.6378 0.4011 -1.1383 80 200 120
3.8142 -3.0993 -2.6564 80 200 120
2.1425 -0.8756 -2.5375 80 200 120
-0.8237 1.3580 -1.1072 80 200 120
2.5962 2.3981 -1.7278 80 200 120
2.0290 0.2933 -2.3651 80 200 120
2.6831 3.7454 -2.7496 80 200 120
0.9915 6.6749 -1.3130 80 200 120
1.9837 1.6744 -2.5557 80 200 120
4.2234 -2.5504 -2.6973 80 200 120
3.3305 2.7391 -2.7858 80 200 120
3.1219 4.0046 -1.2261 80 200 120
3.0604 4.5484 -1.8004 80 200 120
4.5340 -2.0334 -2.9025 80 200 120
3.1241 4.2638 -2.4999 80 200 120
1.9201 0.1879 -1.9232 80 200 120
4.3821 0.1616 -2.8914 80 200 120
-1.7442 0.9429 -0.3568 80 200 120
-1.2833 1.8181 -0.7071 80 200 120
3.0616 4.4230 -2.6549 80 200 120
2.7223 6.0058 -1.9999 80 200 120
2.9487 3.8837 -2.7649 80 200 120
3.3121 4.3425 -2.3615 80 200 120
2.6317 5.8391 -2.3280 80 200 120
3.3081 4.0856 -2.7301 80 200 120
2.6614 5.6249 -2.4112 80 200 120
1.3606 5.7015 -2.7060 80 200 120
1.4408 5.9180 -2.8301 80 200 120
3.4543 1.1207 -2.2752 80 200 120
3.9313 4.1850 -1.7727 80 200 120
2.6049 2.1118 -1.6841 80 200 120
3.0910 5.2696 0.4198 80 200 120
3.2677 1.1962 -2.4515 80 200 120
3.9759 2.7564 -2.8207 80 200 120
2.9976 2.6298 -2.8608 80 200 120
4.4442 -2.0169 -2.7791 80 200 120
2.3942 1.9725 -2.7415 80 200 120
5.0289 -0.4639 -2.2791 80 200 120
5.5202 2.4323 -2.0284 80 200 120
4.0574 -2.4044 -2.9042 80 200 120
2.7181 2.2055 -1.8370 80 200 120
6.5851 5.1435 -1.4290 80 200 120
2.2158 -0.8469 -1.7180 80 200 120
1.8852 -0.4237 -1.5805 80 200 120
1.2757 2.6238 -2.8197 80 200 120
1.1471 1.0783 -2.7812 80 200 120
1.6562 -0.3239 -1.5895 80 200 120
4.5455 0.1765 -2.6434 80 200 120
2.4310 -0.9132 0.3719 80 200 120
4.0729 -2.8018 -1.9840 80 200 120
3.8400 -3.3675 -1.6701 80 200 120
4.3222 -2.2503 -1.7481 80 200 120
0.2289 -1.6760 -1.8459 80 200 120
2.4732 -2.5741 -1.1477 80 200 120
4.1608 -2.6675 -1.1296 80 200 120
-2.3239 -0.1195 -0.4223 80 200 120
-1.8176 -0.4148 0.2914 80 200 120
4.4900 -1.8227 -1.3069 80 200 120
-1.9111 -0.3680 -0.5083 80 200 120
-1.6771 0.7078 0.3114 80 200 120
5.8658 0.9401 -0.6213 80 200 120
5.2981 0.4597 0.3102 80 200 120
6.2113 1.8444 -1.6146 80 200 120
1.7785 7.3554 -2.3549 80 200 120
0.7760 7.6121 0.0233 80 200 120
-1.2144 2.8750 0.0590 80 200 120
-1.1277 1.6742 0.2585 80 200 120
-0.4662 5.0425 -0.0649 80 200 120
-0.5079 3.9690 0.2609 80 200 120
-0.6277 2.5752 -1.8251 80 200 120
-0.2316 3.4886 -1.9643 80 200 120
1.3905 7.1823 -1.5707 80 200 120
2.2825 7.7385 -1.4188 80 200 120
3.1479 4.4502 -0.4291 80 200 120
-0.8603 2.9872 -0.9231 80 200 120
1.7044 8.0460 -1.7817 80 200 120
-1.8755 0.9572 -1.2336 80 200 120
3.4730 4.8730 -0.3252 80 200 120
0.4783 0.0394 0.1743 80 200 120
-1.7186 0.9517 -0.6380 80 200 120
1.5227 7.5488 -2.6102 80 200 120
-0.4064 3.5879 -0.8917 80 200 120
2.9091 1.2872 -2.0587 80 200 120
0.5826 0.7853 -2.3432 80 200 120
4.7919 -0.3096 -1.9301 80 200 120
0.1043 0.1871 -1.6070 80 200 120
0.7742 0.5020 -1.6968 80 200 120
-1.5820 0.6931 0.2671 80 200 120
4.5546 0.0065 -1.8438 80 200 120
2.3171 7.0708 -2.2331 80 200 120
2.5605 5.0254 -2.6690 80 200 120
2.6552 5.4369 -2.4831 80 200 120
3.2866 4.6536 -2.1443 80 200 120
3.1186 5.0544 -2.6124 80 200 120
2.9377 5.1054 -2.7024 80 200 120
1.0785 5.1446 -2.2724 80 200 120
5.5682 5.9425 -2.7099 80 200 120
5.5433 2.4285 -1.7728 80 200 120
5.3705 0.9019 -1.9710 80 200 120
0.4405 3.3788 -2.7767 80 200 120
0.1237 3.4217 -2.4637 80 200 120
5.2806 0.6772 -1.9694 80 200 120
2.9031 2.5602 -2.7828 80 200 120
5.8143 2.3079 -1.5277 80 200 120
3.9821 3.9416 -2.7220 80 200 120
7.1893 4.8311 -1.4498 80 200 120
6.0351 2.0099 -2.8672 80 200 120
5.3626 0.7248 -2.0130 80 200 120
2.1283 -0.6101 -2.1386 80 200 120
1.9776 -0.7559 -1.7406 80 200 120
2.6248 2.1122 -1.6889 80 200 120
2.2603 -0.7405 -1.9150 80 200 120
1.9255 -0.2061 -1.6877 80 200 120
1.7895 0.4969 -1.5019 80 200 120
6.4542 2.9831 -1.5601 80 200 120
2.3374 -0.1649 -2.0019 80 200 120
4.0462 -1.1717 -2.8179 80 200 120
4.9819 0.7989 -2.0323 80 200 120
4.2910 -2.7195 -0.5964 80 200 120
-0.4111 -1.5645 -0.8477 80 200 120
-0.0157 -1.5822 0.3477 80 200 120
2.9413 -2.9418 -1.6284 80 200 120
0.5619 0.6204 0.4043 80 200 120
2.3180 -2.6829 -1.9627 80 200 120
4.7282 -1.6752 -0.9004 80 200 120
6.3725 4.5261 -1.4917 80 200 120
6.2237 4.6733 -1.2448 80 200 120
7.1017 4.3839 -1.6486 80 200 120
6.3535 2.2167 -1.6050 80 200 120
5.9964 6.4842 -0.5856 80 200 120
1.6891 7.1282 -2.4010 80 200 120
2.9726 5.8893 -1.5485 80 200 120
0.7234 5.3229 0.4328 80 200 120
2.8040 5.1924 0.1372 80 200 120
-1.0342 2.7033 0.2822 80 200 120
0.4937 3.5515 -1.8325 80 200 120
3.7971 7.5482 -0.2190 80 200 120
0.7754 1.2520 -2.7806 80 200 120
2.6576 0.9359 -1.9522 80 200 120
3.5116 1.0817 -2.8462 80 200 120
0.0729 4.4027 -1.0531 80 200 120
3.8510 3.8492 -2.7632 80 200 120
3.8056 -3.1038 -2.6123 80 200 120
4.8262 -1.0851 -2.6093 80 200 120
2.1577 -0.9990 -2.1102 80 200 120
1.7704 6.3879 -3.0314 80 200 120
2.2909 -0.1999 -2.0757 80 200 120
-0.9481 2.1560 -2.7024 80 200 120
1.2658 -0.1672 -1.9362 80 200 120
4.5688 -1.7357 -2.7486 80 200 120
2.9637 5.3027 -2.3956 80 200 120
1.1916 5.7166 -2.2490 80 200 120
3.9061 4.9687 -1.4475 80 200 120
5.6961 2.5837 -1.4832 80 200 120
6.6461 3.2743 -1.4706 80 200 120
7.7389 5.6278 0.2915 80 200 120
5.8276 1.2649 -2.5710 80 200 120
6.1946 2.2047 -1.5459 80 200 120
5.4169 1.0646 -2.2680 80 200 120
5.0416 0.8639 -2.0900 80 200 120
2.7153 2.7857 -2.4516 80 200 120
3.4812 1.0619 -2.4168 80 200 120
4.7140 -0.4891 -2.4323 80 200 120
4.4479 -0.0826 -2.6950 80 200 120
2.5761 2.1117 -1.7101 80 200 120
2.8186 1.3149 -1.9380 80 200 120
4.8092 -0.2953 -1.9470 80 200 120
3.1869 1.1465 -1.9277 80 200 120
2.2353 2.2098 -2.4396 80 200 120
2.8164 2.6790 -2.6659 80 200 120
3.4381 0.9569 -2.5176 80 200 120
3.0946 1.2424 -2.3448 80 200 120
3.0223 0.7545 -1.8105 80 200 120
3.2116 -0.0692 -2.4416 80 200 120
4.3077 4.5878 -2.6552 80 200 120
0.7199 0.3759 0.3106 80 200 120
0.2521 -1.6647 -1.8338 80 200 120
4.7516 -1.7850 -1.2921 80 200 120
1.3284 -2.1410 -1.6083 80 200 120
-1.7398 0.6591 0.3406 80 200 120
6.8426 5.6772 0.3645 80 200 120
7.8014 5.5658 -1.6890 80 200 120
5.3357 -0.1939 0.3401 80 200 120
5.6770 0.4757 -0.1520 80 200 120
5.3529 7.2162 -0.5908 80 200 120
6.4504 5.7435 -1.3953 80 200 120
5.2271 -0.3859 0.3422 80 200 120
5.8083 0.9523 0.3407 80 200 120
5.9700 1.4405 0.3561 80 200 120
0.7928 5.9963 0.1986 80 200 120
5.6172 6.9707 0.3324 80 200 120
4.7695 6.6364 -0.3334 80 200 120
5.0730 6.8224 0.3372 80 200 120
3.4154 5.6071 -0.8471 80 200 120
1.2725 4.9748 -0.7026 80 200 120
1.0586 5.1219 -2.2613 80 200 120
1.3210 0.4187 -1.2772 80 200 120
-0.8682 0.4512 -2.0677 80 200 120
2.6908 2.7981 -2.5472 80 200 120
2.5384 4.2582 -2.4862 80 200 120
2.2985 -0.4018 -1.8736 80 200 120
4.2417 -2.5868 -2.6995 80 200 120
-2.7566 -0.5985 0.3506 80 200 120
3.5430 1.4152 -2.7488 80 200 120
3.4391 3.3159 -2.7910 80 200 120
4.4020 -0.1176 -2.6233 80 200 120
0.3243 5.0520 -1.7275 80 200 120
-0.6190 -0.0458 -0.5061 80 200 120
1.7054 0.4291 0.2364 80 200 120
1.5988 6.3154 -1.8965 80 200 120
3.4296 4.4861 -1.6196 80 200 120
3.1552 5.0195 -1.9390 80 200 120
3.0250 5.2588 -2.2079 80 200 120
0.1054 3.4293 -2.4889 80 200 120
3.1321 4.9995 0.3889 80 200 120
3.3171 0.6759 -2.3938 80 200 120
4.9208 -0.8884 -2.8716 80 200 120
2.2080 0.2751 -2.1327 80 200 120
2.6083 0.7262 -1.9387 80 200 120
1.7412 -0.5481 -1.6423 80 200 120
2.2314 -0.9128 -1.7025 80 200 120
2.1596 0.5331 -2.2070 80 200 120
5.4745 2.8987 -2.6328 80 200 120
4.9370 0.9158 -2.7058 80 200 120
2.1916 -0.8992 -2.0068 80 200 120
2.2693 -0.1511 -1.6894 80 200 120
1.6258 -2.4220 -0.5447 80 200 120
4.1453 -2.7729 -0.3456 80 200 120
1.8611 0.2213 -0.2306 80 200 120
-0.8084 -1.3566 -0.9667 80 200 120
2.8568 -2.8510 -1.9434 80 200 120
4.4583 -2.6224 -1.9863 80 200 120
1.6883 -2.4295 0.0386 80 200 120
2.7448 -2.8911 -0.8978 80 200 120
7.4848 4.8447 -0.0732 80 200 120
6.6195 2.3932 -1.7674 80 200 120
7.3483 4.9605 -0.4951 80 200 120
5.5246 0.0774 0.2741 80 200 120
6.0364 4.3510 -1.1592 80 200 120
7.3908 4.7702 -1.8090 80 200 120
5.5196 0.3435 0.3696 80 200 120
6.5316 2.5723 -0.8851 80 200 120
6.4161 2.2887 -1.3071 80 200 120
5.4201 4.4549 0.4501 80 200 120
2.2393 4.4961 0.1621 80 200 120
-1.5047 1.4344 -0.0206 80 200 120
-1.1766 3.0793 -0.0600 80 200 120
0.7370 4.2653 -2.1661 80 200 120
-0.8477 -0.1249 -0.5122 80 200 120
1.8807 0.1535 0.3278 80 200 120
1.7568 0.4444 0.3077 80 200 120
2.4990 2.9137 0.0222 80 200 120
1.1183 1.0749 -2.7483 80 200 120
0.1120 0.6619 -2.1611 80 200 120
3.8423 3.7653 -2.6736 80 200 120
1.6270 7.1467 -2.4653 80 200 120
2.9300 3.6643 -2.8814 80 200 120
0.5860 7.5810 -1.4773 80 200 120
-0.9684 2.8507 -2.2981 80 200 120
2.8267 3.4619 -2.5503 80 200 120
4.5350 -0.2443 -2.0677 80 200 120
4.9617 -0.5068 -2.2264 80 200 120
3.1154 4.6306 -2.8374 80 200 120
4.4981 -1.9657 -2.8118 80 200 120
1.9066 -1.4321 -2.0599 80 200 120
1.8981 7.7197 -2.3440 80 200 120
1.2636 5.3016 -2.4228 80 200 120
4.9489 1.0543 -2.5197 80 200 120
7.9993 5.8861 0.3402 80 200 120
5.7942 3.0891 -1.6884 80 200 120
4.8058 0.7488 -2.7371 80 200 120
3.0540 1.2467 -2.0164 80 200 120
6.2201 6.3607 0.2648 80 200 120
3.4521 0.8913 -2.2944 80 200 120
3.5964 6.6106 0.2056 80 200 120
5.5173 2.3785 -1.7369 80 200 120
2.1603 -0.7983 -2.7487 80 200 120
6.0225 4.2685 -2.7060 80 200 120
3.0344 0.0324 -2.4911 80 200 120
2.0027 -0.7180 -1.7214 80 200 120
4.3222 4.8609 -2.9555 80 200 120
2.0169 -0.4806 -1.7214 80 200 120
2.5925 -2.3680 -2.8885 80 200 120
4.0329 4.1375 -2.8384 80 200 120
-0.0792 -1.2474 -2.5868 80 200 120
3.7911 -3.4562 -2.8536 80 200 120
1.8637 -0.3635 -1.7229 80 200 120
1.9724 -0.0913 -1.7192 80 200 120
1.7928 -2.4788 -2.7714 80 200 120
1.9713 1.3964 -2.7371 80 200 120
1.6363 0.3876 -2.4816 80 200 120
1.3535 1.1542 -2.7890 80 200 120
2.4644 -2.5936 -1.9767 80 200 120
3.5066 -3.2851 -1.3733 80 200 120
1.7857 0.0775 0.2491 80 200 120
1.6926 0.4257 0.3210 80 200 120
1.8684 0.2405 0.3838 80 200 120
-0.9615 -1.2289 0.3550 80 200 120
0.8219 -2.0698 -1.8227 80 200 120
5.9066 0.9594 -0.0253 80 200 120
6.0925 5.7654 -0.9996 80 200 120
7.4395 4.9108 -0.8550 80 200 120
6.2679 1.7406 -0.1710 80 200 120
5.5937 0.6385 0.3828 80 200 120
6.5641 3.2246 -1.4020 80 200 120
7.4231 3.7036 -1.3848 80 200 120
5.5743 0.8501 0.3939 80 200 120
6.1414 1.9193 -1.3622 80 200 120
4.9844 1.3723 0.3633 80 200 120
6.0227 1.1717 -0.5555 80 200 120
5.2391 -0.3898 0.3517 80 200 120
5.5287 0.1509 -0.2147 80 200 120
0.4222 6.0917 0.2930 80 200 120
2.0451 7.7575 -2.7801 80 200 120
0.9873 4.6435 -2.2502 80 200 120
3.4668 5.0667 -0.5077 80 200 120
0.7707 3.7256 -1.8454 80 200 120
2.8118 7.0984 -1.8139 80 200 120
-0.9735 2.3065 -0.4873 80 200 120
1.8188 7.1088 -2.0597 80 200 120
3.3388 6.0926 -1.3704 80 200 120
1.3597 7.3369 -1.6057 80 200 120
3.4693 3.7515 -0.0378 80 200 120
-1.5466 1.4533 -1.2512 80 200 120
1.9975 1.3043 -2.4083 80 200 120
2.2924 2.4254 -1.8195 80 200 120
2.9821 0.1163 -2.4828 80 200 120
2.5676 -0.1945 -2.4201 80 200 120
1.8720 -2.4104 -2.6999 80 200 120
2.4147 1.9012 -2.4174 80 200 120
2.9402 5.4614 -1.9112 80 200 120
2.0808 7.2427 -2.5084 80 200 120
4.8555 0.6388 -1.9291 80 200 120
2.7212 2.8622 -2.5904 80 200 120
3.4446 1.9024 -2.7665 80 200 120
2.9144 2.7150 -2.8267 80 200 120
3.1055 2.2805 -2.8637 80 200 120
3.6183 2.0306 -2.7763 80 200 120
6.4371 5.0841 -2.7378 80 200 120
3.5078 -2.7671 -2.5021 80 200 120
3.1370 0.1731 -2.7981 80 200 120
1.4541 -2.3758 -2.8596 80 200 120
5.9095 3.5732 -1.4786 80 200 120
6.6799 3.5251 -1.5320 80 200 120
2.8459 2.2828 -2.7875 80 200 120
1.5388 0.3887 0.0956 80 200 120
1.5478 0.0245 0.0051 80 200 120
0.8467 -2.0163 -1.1619 80 200 120
-0.8459 -1.4190 -0.3374 80 200 120
7.1057 4.1062 -0.5213 80 200 120
5.2460 -0.4275 0.1245 80 200 120
6.0433 1.3059 0.0294 80 200 120
5.5970 0.3026 -0.2878 80 200 120
5.8906 0.9003 -0.6304 80 200 120
6.6381 2.7764 -1.1320 80 200 120
7.6990 6.2309 -1.1356 80 200 120
5.9622 1.3079 -1.0611 80 200 120
6.4705 2.3685 -0.8532 80 200 120
5.8653 0.7715 -0.9801 80 200 120
5.5801 0.2480 0.2169 80 200 120
5.9722 1.2446 -0.8584 80 200 120
6.2859 1.8275 -0.9928 80 200 120
-0.8701 3.3177 -0.3363 80 200 120
-1.0547 3.2437 -0.6137 80 200 120
-0.5452 2.7116 -2.1180 80 200 120
1.3641 6.5142 -2.7922 80 200 120
0.2573 3.9367 -2.3827 80 200 120
4.5177 7.5263 -1.5854 80 200 120
6.2308 6.7709 -0.0668 80 200 120
0.9750 5.7087 -2.3362 80 200 120
0.4666 4.1596 -1.9244 80 200 120
0.5935 4.5450 -2.4766 80 200 120
0.3864 4.0390 -1.9982 80 200 120
1.8662 0.3997 -2.2381 80 200 120
2.3046 2.5401 -1.8384 80 200 120
2.7956 6.0224 -2.9966 80 200 120
2.9879 4.8065 -2.9028 80 200 120
1.5738 0.4356 -1.0740 80 200 120
4.8793 1.0303 -2.0746 80 200 120
-1.7203 0.9236 -0.1004 80 200 120
4.8556 -1.1562 -2.7179 80 200 120
0.1715 -1.0349 -2.3665 80 200 120
4.4281 -0.1653 -2.2872 80 200 120
1.9271 0.1427 -1.9614 80 200 120
3.7532 3.7224 -2.6117 80 200 120
5.5618 3.1198 -2.5078 80 200 120
5.0735 5.2651 -2.7952 80 200 120
6.0256 4.5481 -2.0403 80 200 120
4.7372 -1.2487 -2.6941 80 200 120
2.5326 2.2107 -1.7467 80 200 120
5.1871 0.5466 -1.9748 80 200 120
4.9316 -0.4223 -2.1475 80 200 120
0.5023 3.8038 -2.2593 80 200 120
2.8919 1.3023 -2.0327 80 200 120
-0.7284 0.7941 -3.3052 80 200 120
5.7856 2.6596 -1.5586 80 200 120
4.4535 -0.1104 -2.6799 80 200 120
6.9845 3.7048 -1.6005 80 200 120
-0.5388 1.0717 -2.8110 80 200 120
4.7979 -0.4707 -2.2563 80 200 120
5.6249 0.9189 -2.2739 80 200 120
3.4746 1.5975 -2.7849 80 200 120
3.9641 0.0275 -2.8638 80 200 120
5.5815 3.2793 -2.6301 80 200 120
3.4518 2.7939 -2.8566 80 200 120
5.8257 2.8851 -1.4748 80 200 120
3.3114 -1.4359 -2.8295 80 200 120
5.3809 2.5853 -2.5019 80 200 120
4.5363 -0.1852 -2.1693 80 200 120
6.1511 3.3449 -1.4201 80 200 120
2.0674 0.0693 -2.0821 80 200 120
3.0258 0.0161 -2.5692 80 200 120
1.8818 -2.4828 -1.0732 80 200 120
0.6296 -1.4226 -1.6254 80 200 120
0.4078 -1.8936 -0.4305 80 200 120
0.1898 -1.7617 -0.1960 80 200 120
6.0330 4.2621 -1.1451 80 200 120
7.2831 4.7772 -1.8227 80 200 120
6.0553 1.3622 -0.6306 80 200 120
6.1016 1.2006 -1.0695 80 200 120
5.8990 6.3849 0.3001 80 200 120
5.9879 6.2235 -0.0826 80 200 120
5.4483 6.3888 0.0424 80 200 120
7.5934 4.2123 -0.7142 80 200 120
7.2142 3.6831 -1.1483 80 200 120
5.7056 0.5493 0.2129 80 200 120
5.1479 -0.4386 0.3453 80 200 120
5.4470 -0.1004 -0.2263 80 200 120
5.0762 2.7607 0.3776 80 200 120
1.2064 6.3841 -0.1515 80 200 120
-0.4583 4.4313 -0.1536 80 200 120
4.8992 6.6353 -1.2337 80 200 120
3.0651 5.0008 -1.2604 80 200 120
5.0325 5.8249 -0.4490 80 200 120
0.5844 3.4108 -1.7612 80 200 120
0.4363 4.6253 -1.9977 80 200 120
0.5971 4.9603 -2.4811 80 200 120
1.9263 5.1058 -2.3952 80 200 120
2.0733 -0.8380 -2.9491 80 200 120
2.9771 -0.0431 -2.1627 80 200 120
3.1064 0.1753 -2.7898 80 200 120
1.4513 -0.3549 -1.9354 80 200 120
2.4716 -0.0339 -2.3046 80 200 120
1.5246 7.9638 -2.6230 80 200 120
3.4638 1.0597 -2.7689 80 200 120
-1.0186 2.2127 -2.7247 80 200 120
-0.0045 1.0962 -2.0379 80 200 120
3.3850 1.0625 -1.9873 80 200 120
2.8646 -0.0470 -1.8829 80 200 120
4.4854 -0.1512 -2.0218 80 200 120
3.1220 0.1139 -2.4115 80 200 120
3.5806 1.8103 -2.8281 80 200 120
3.6140 1.7025 -2.8678 80 200 120
3.9921 1.9950 -2.7719 80 200 120
3.4669 1.4694 -2.8048 80 200 120
3.1214 2.1631 -2.8556 80 200 120
4.6796 -0.8951 -2.8582 80 200 120
3.4972 1.0828 -2.8032 80 200 120
2.0665 0.0193 -1.6910 80 200 120
5.4477 2.5423 -1.4994 80 200 120
1.9844 -0.7288 -1.6952 80 200 120
2.1879 -0.8944 -2.6641 80 200 120
1.8064 -0.4143 -1.7735 80 200 120
2.2864 -0.1440 -1.6966 80 200 120
2.2953 -0.6709 -2.7795 80 200 120
5.1223 1.0870 -2.1555 80 200 120
2.7533 -0.0956 -2.1780 80 200 120
3.1420 0.2196 -2.7018 80 200 120
2.5198 -0.0079 -2.1835 80 200 120
2.2156 -0.5617 -2.4450 80 200 120
2.2281 -0.5882 -1.7716 80 200 120
0.7235 -0.2894 0.1914 80 200 120
0.6794 -1.9920 -0.6308 80 200 120
3.6082 -2.4980 0.3505 80 200 120
1.7269 0.0727 0.2655 80 200 120
-1.4605 1.1835 0.3814 80 200 120
-1.5693 -1.0291 -0.8052 80 200 120
4.4519 -1.8901 0.0662 80 200 120
5.4787 -0.1077 0.3544 80 200 120
7.8479 6.5945 -1.3271 80 200 120
5.8055 2.6955 0.4242 80 200 120
6.7648 3.4371 -1.5152 80 200 120
6.3862 7.5712 -0.6790 80 200 120
5.0057 6.2897 0.3173 80 200 120
6.1070 1.6381 -1.2930 80 200 120
6.3006 6.8543 -1.0595 80 200 120
7.7783 4.7869 -1.1611 80 200 120
1.2979 6.2429 -0.4371 80 200 120
1.1496 6.2659 -0.2758 80 200 120
1.3502 4.9855 -1.5591 80 200 120
0.6786 5.4266 -0.2318 80 200 120
-0.2009 5.0797 -0.5030 80 200 120
1.6351 8.0927 -0.3861 80 200 120
1.4475 6.3604 -0.9487 80 200 120
2.7458 5.6537 -2.1313 80 200 120
0.7078 5.8487 -2.9673 80 200 120
0.4433 4.3707 -2.5207 80 200 120
4.9476 7.3857 -0.8190 80 200 120
1.7516 0.4292 0.3046 80 200 120
6.1674 6.0878 0.2252 80 200 120
5.1368 5.8236 -0.8770 80 200 120
3.3656 5.3625 -0.1368 80 200 120
0.7201 5.2488 -2.3673 80 200 120
0.7780 4.6889 -2.4896 80 200 120
1.7048 2.5898 -2.2327 80 200 120
1.2081 6.4685 -2.4724 80 200 120
0.0943 2.5421 -2.7710 80 200 120
2.1451 5.6271 -1.9536 80 200 120
2.9021 4.8848 -2.2114 80 200 120
4.7032 -1.3676 -2.7080 80 200 120
3.0654 0.2232 -3.0449 80 200 120
3.3940 1.1567 -2.0110 80 200 120
2.2981 0.2298 -2.2479 80 200 120
1.4884 -0.7771 -1.8044 80 200 120
2.2885 1.2503 -2.3013 80 200 120
3.4218 -2.8304 -2.9727 80 200 120
2.0957 -2.7403 -2.8742 80 200 120
4.6860 -1.7869 -1.3785 80 200 120
4.7443 1.4110 -2.8584 80 200 120
3.5927 -3.1122 -0.8504 80 200 120
0.0309 0.5876 0.2317 80 200 120
1.3756 -2.1381 -1.5839 80 200 120
0.2390 -1.0793 0.5234 80 200 120
0.2074 -1.6970 -1.8453 80 200 120
2.3203 -2.8599 -1.7153 80 200 120
1.1175 -2.1081 -0.8075 80 200 120
-0.0573 -0.2381 -0.0107 80 200 120
-1.7110 -1.4923 -0.0195 80 200 120
1.8832 0.2661 0.3764 80 200 120
2.7925 -2.9199 -0.4039 80 200 120
2.6276 -2.7550 -0.6436 80 200 120
5.4784 1.7622 0.3923 80 200 120
7.5070 4.9166 -0.2420 80 200 120
4.9981 1.3893 0.3787 80 200 120
4.4368 -1.4702 0.2777 80 200 120
5.5066 6.6830 0.3119 80 200 120
5.6232 0.5224 0.3476 80 200 120
-1.2219 3.0383 -0.3907 80 200 120
2.3147 6.9639 -0.3802 80 200 120
-0.1095 4.5538 -1.0425 80 200 120
0.2340 3.6858 -1.9523 80 200 120
1.7966 6.6475 -2.2549 80 200 120
0.9546 7.3365 -2.8461 80 200 120
2.5755 6.3455 -1.1433 80 200 120
6.4692 5.6080 0.2890 80 200 120
3.3555 5.8063 -1.4171 80 200 120
2.1216 7.0857 -2.1414 80 200 120
-0.0550 4.1618 -2.5735 80 200 120
1.3305 9.3020 -1.8685 80 200 120
0.0190 4.8706 0.3065 80 200 120
1.1078 5.3864 -2.2300 80 200 120
0.2924 3.3206 -2.8645 80 200 120
0.4002 4.1934 -2.3373 80 200 120
0.1076 3.6963 -1.9892 80 200 120
0.3326 3.7204 -2.4380 80 200 120
3.4202 1.2220 -2.1242 80 200 120
3.2870 1.2378 -1.9939 80 200 120
-0.1514 3.4229 -2.4998 80 200 120
3.3561 0.6023 -2.7919 80 200 120
2.9468 5.6303 -1.9845 80 200 120
2.9069 5.2843 -2.4303 80 200 120
2.1832 -0.5823 -1.7690 80 200 120
-0.8220 -0.2302 -2.0764 80 200 120
0.2317 -0.1018 -2.1179 80 200 120
3.2192 0.4041 -2.7314 80 200 120
4.1575 4.3737 -2.7146 80 200 120
3.3647 5.2822 -1.8107 80 200 120
1.5501 0.4395 -1.1201 80 200 120
-1.3996 1.8393 -0.7331 80 200 120
3.5845 1.6082 -2.6863 80 200 120
1.1107 7.7316 -2.1739 80 200 120
5.4838 2.8438 -2.5499 80 200 120
0.1768 3.4037 -2.4262 80 200 120
-0.1918 3.2200 -2.6952 80 200 120
-0.8572 2.1915 -2.6569 80 200 120
2.4157 0.1439 -1.9899 80 200 120
3.0496 2.0492 -2.8349 80 200 120
5.7294 1.1961 -2.5078 80 200 120
5.7270 2.6092 -1.5002 80 200 120
6.3769 2.3668 -1.6393 80 200 120
3.3973 -2.1726 -2.8733 80 200 120
2.7341 -1.9850 -2.9372 80 200 120
2.0135 -0.0019 -1.7293 80 200 120
2.2093 -0.3946 -1.6817 80 200 120
1.4107 -0.3154 -2.0245 80 200 120
5.5972 2.7677 -1.6655 80 200 120
5.8008 2.2412 -2.7714 80 200 120
2.1598 -2.6336 -0.8748 80 200 120
-1.4232 -1.6159 -0.7308 80 200 120
-0.8465 -1.2975 -1.5730 80 200 120
6.3064 1.8281 0.0343 80 200 120
4.5898 -1.0166 0.1352 80 200 120
4.4685 2.5589 0.3563 80 200 120
6.7831 3.0628 -1.3002 80 200 120
6.6639 2.4875 -0.8240 80 200 120
-0.7419 3.6048 -0.6680 80 200 120
1.2269 4.6225 -2.5421 80 200 120
1.7688 0.1116 0.3487 80 200 120
0.8086 4.6832 -2.2044 80 200 120
3.1053 4.5338 -1.3732 80 200 120
0.6109 4.2759 -2.2122 80 200 120
1.7097 0.4225 0.3068 80 200 120
0.5651 -0.3515 0.2185 80 200 120
-1.7130 1.0487 -0.8399 80 200 120
1.3860 0.4072 0.1155 80 200 120
-1.4819 0.9001 -1.2763 80 200 120
-0.6979 2.4465 -2.0019 80 200 120
4.7944 6.8950 -0.0883 80 200 120
1.2939 4.6472 -2.4398 80 200 120
-0.6287 2.9773 -2.5367 80 200 120
0.4630 4.4229 -2.1915 80 200 120
3.2716 1.2185 -1.9799 80 200 120
2.0316 -0.4661 -1.7001 80 200 120
1.1851 0.9801 -1.7036 80 200 120
4.4307 -0.1246 -1.8471 80 200 120
-1.4186 -1.0540 -2.8329 80 200 120
4.8688 0.8374 -1.8097 80 200 120
3.8894 3.6168 -1.4795 80 200 120
1.2412 7.1662 -2.1592 80 200 120
3.2423 4.5271 -2.4695 80 200 120
2.8073 2.7446 -1.8027 80 200 120
1.1380 4.8726 -2.5011 80 200 120
3.4541 4.4020 -1.7962 80 200 120
-0.4795 1.0404 -2.2875 80 200 120
6.3141 2.3337 -1.6264 80 200 120
4.4792 -0.1654 -2.0527 80 200 120
4.4504 -0.0982 -2.6783 80 200 120
4.8560 -0.3844 -2.2198 80 200 120
-0.1528 1.0592 -2.5575 80 200 120
7.7398 5.4170 0.2946 80 200 120
3.3386 2.3100 -2.8312 80 200 120
3.5100 1.3102 -2.8307 80 200 120
4.9189 -1.0370 -2.9158 80 200 120
3.0703 2.5724 -2.8998 80 200 120
6.5874 2.8450 -1.5624 80 200 120
6.3336 2.2258 -2.0798 80 200 120
2.9344 1.4163 -2.2436 80 200 120
2.3696 -0.3890 -1.8828 80 200 120
5.8736 3.9003 -2.5008 80 200 120
2.2309 -0.9061 -1.5979 80 200 120
5.9857 2.5468 -1.5470 80 200 120
2.0102 -2.5066 -3.0818 80 200 120
-0.1597 0.9162 0.2769 80 200 120
5.4165 -0.0612 0.1097 80 200 120
6.9924 3.5195 -1.0753 80 200 120
4.6851 1.6336 0.3648 80 200 120
5.6826 0.7071 -0.6384 80 200 120
4.8924 -0.8263 0.2740 80 200 120
4.9697 -0.7630 -0.0975 80 200 120
5.7589 0.6767 -0.0913 80 200 120
6.5769 5.5378 -0.8571 80 200 120
5.3356 1.0246 0.3720 80 200 120
6.2461 5.7578 -0.1675 80 200 120
0.5920 5.2120 -1.3395 80 200 120
0.5229 5.2368 -0.8011 80 200 120
-0.8681 1.8354 -0.4486 80 200 120
0.1107 5.0714 -0.3708 80 200 120
3.6548 5.6813 0.1878 80 200 120
1.3796 6.4619 -2.4574 80 200 120
6.5765 5.8401 0.3081 80 200 120
5.2029 6.7742 0.2995 80 200 120
5.7303 6.2750 0.2812 80 200 120
6.7237 6.1522 -0.5408 80 200 120
0.8268 4.9319 -2.5096 80 200 120
3.4173 1.1366 -2.1202 80 200 120
1.4763 -2.3149 -2.7898 80 200 120
1.7461 7.8327 -2.3004 80 200 120
3.8831 -3.5200 -2.8893 80 200 120
3.0435 5.2929 -1.7626 80 200 120
3.0273 5.4201 -1.7460 80 200 120
1.3247 5.1947 -2.4610 80 200 120
1.4481 5.7452 -2.5143 80 200 120
1.6087 8.6626 -2.0315 80 200 120
3.5718 5.5297 -1.6378 80 200 120
5.0805 1.0605 -2.1240 80 200 120
-0.1951 0.8320 -2.9028 80 200 120
3.5176 2.7985 0.0608 80 200 120
2.5661 -2.8197 -2.8815 80 200 120
3.2676 0.5186 -2.6938 80 200 120
2.0919 -0.9863 -2.1597 80 200 120
4.8605 3.2253 -2.9957 80 200 120
2.9414 -3.0734 -2.8987 80 200 120
5.4301 2.6858 -2.6370 80 200 120
0.0464 0.5127 -0.2650 80 200 120
-3.0218 -0.5195 -1.1738 80 200 120
-3.2395 -0.5606 -0.4589 80 200 120
7.4618 5.3563 -0.1049 80 200 120
5.3848 1.2584 0.3676 80 200 120
8.0597 5.7395 -1.2849 80 200 120
6.3222 1.8124 -0.9992 80 200 120
5.3162 0.8891 0.3869 80 200 120
5.8500 0.8774 -0.4444 80 200 120
1.4719 5.4570 -0.5343 80 200 120
-0.5394 3.6583 -0.8749 80 200 120
0.1323 3.5314 -2.5487 80 200 120
0.9371 4.0710 -2.5155 80 200 120
6.9157 3.8972 0.3350 80 200 120
3.3854 5.0211 -0.0068 80 200 120
5.1374 6.2749 -0.3625 80 200 120
1.1955 5.3960 -2.4335 80 200 120
2.7878 6.0553 -1.9325 80 200 120
2.1769 6.8297 -2.9856 80 200 120
-1.0565 0.8618 -0.5460 80 200 120
-1.5445 1.4254 -1.2562 80 200 120
2.2465 2.2446 -2.3898 80 200 120
2.6944 -2.6935 -2.6403 80 200 120
4.4092 -0.1091 -2.4913 80 200 120
-0.6137 3.6764 -0.9056 80 200 120
3.8510 4.0704 -2.8405 80 200 120
4.4842 5.0830 -2.5019 80 200 120
4.1856 4.0305 -2.4174 80 200 120
3.0265 5.7017 -1.7213 80 200 120
3.0374 4.8071 -1.8144 80 200 120
3.0713 5.4972 -1.7486 80 200 120
1.6802 5.8171 -2.5405 80 200 120
1.7575 7.4719 -2.7786 80 200 120
4.8904 5.3884 -2.2455 80 200 120
2.8196 0.1816 -3.7114 80 200 120
3.0266 -0.0182 -1.8312 80 200 120
3.3399 1.7329 -2.7645 80 200 120
3.6360 0.9783 -2.8574 80 200 120
2.2013 -0.8805 -2.7186 80 200 120
2.2320 -0.5405 -2.4446 80 200 120
3.8309 1.3313 -2.8256 80 200 120
3.3338 0.7709 -1.8697 80 200 120
3.0828 0.1331 -2.8469 80 200 120
3.0183 -0.0395 -2.1553 80 200 120
4.6446 -1.8346 -2.9142 80 200 120
2.3092 -0.5681 -2.9435 80 200 120
1.7158 -0.0309 -1.9384 80 200 120
2.3246 -0.1425 -1.6795 80 200 120
1.0142 -2.1782 -0.0355 80 200 120
2.4441 -2.7589 -0.0765 80 200 120
3.4171 -3.2280 -0.1162 80 200 120
4.0761 -2.8019 0.3776 80 200 120
6.7048 3.2093 -0.1133 80 200 120
4.9836 1.3562 0.3725 80 200 120
4.7126 1.3397 0.3973 80 200 120
4.9778 -0.9634 0.3070 80 200 120
7.1453 5.4351 -1.0688 80 200 120
6.8249 2.7932 -1.3013 80 200 120
7.9675 4.8104 -1.5112 80 200 120
5.7477 0.7246 -0.3041 80 200 120
0.9876 6.5345 0.2290 80 200 120
-0.3928 3.1217 -2.5448 80 200 120
-0.6454 2.9632 -2.5400 80 200 120
1.6897 0.4191 0.3132 80 200 120
3.4229 5.2487 -1.2060 80 200 120
1.7758 0.1103 0.3457 80 200 120
5.5235 6.1015 -1.4694 80 200 120
-1.0544 -0.8906 0.3287 80 200 120
3.8305 6.7773 -0.2134 80 200 120
-0.2418 3.1170 -2.7518 80 200 120
1.4048 3.7421 -2.2478 80 200 120
2.9444 0.8050 -1.8438 80 200 120
2.8934 5.5135 -1.9841 80 200 120
4.7005 -1.4328 -2.7052 80 200 120
-0.9960 1.6259 -0.8297 80 200 120
3.8643 -2.7304 -2.3295 80 200 120
4.4445 -1.9654 -2.7001 80 200 120
3.0225 5.3073 -1.7498 80 200 120
2.9768 5.2601 -1.7521 80 200 120
2.8389 4.6501 -2.3900 80 200 120
2.9120 2.4792 -2.5784 80 200 120
5.4551 4.9301 -2.7629 80 200 120
4.8643 -1.1357 -2.7336 80 200 120
4.8813 -0.4010 -2.2180 80 200 120
4.1515 1.5158 -2.8458 80 200 120
5.1600 0.2976 -2.1172 80 200 120
2.0741 0.3686 -2.1455 80 200 120
4.9930 0.9169 -2.8768 80 200 120
2.1691 -0.9480 -2.2250 80 200 120
5.4496 0.6391 -2.2890 80 200 120
5.5349 2.3430 -1.7105 80 200 120
5.5980 2.4314 -2.1410 80 200 120
1.2473 -1.8932 -2.6673 80 200 120
4.2977 1.2412 -2.9027 80 200 120
5.6527 2.0575 -2.5778 80 200 120
4.8740 -0.2952 -2.2786 80 200 120
1.4743 -0.8527 -1.7818 80 200 120
3.4281 1.1001 -2.0505 80 200 120
1.6867 -0.5293 -1.8154 80 200 120
2.0666 -0.6820 -1.6681 80 200 120
6.1702 2.1586 -1.4838 80 200 120
3.0871 0.3371 -3.0544 80 200 120
1.4392 -0.2214 -1.9745 80 200 120
2.9754 0.8146 -1.8106 80 200 120
5.0484 -0.1989 -2.2670 80 200 120
2.1070 -1.5860 0.3788 80 200 120
-2.2194 -0.8002 0.4055 80 200 120
-1.6895 -0.4370 0.0234 80 200 120
-0.4565 -1.5993 -0.8687 80 200 120
1.7151 0.4139 0.3595 80 200 120
1.9539 -2.6530 -1.6546 80 200 120
-0.9887 -1.4159 -0.3521 80 200 120
5.4626 1.5224 0.3529 80 200 120
5.6893 0.4882 -0.1657 80 200 120
5.6746 0.6216 -0.3727 80 200 120
5.9995 1.1671 -0.0587 80 200 120
4.9415 0.9545 0.3629 80 200 120
6.2976 1.7301 -0.8222 80 200 120
6.2790 5.4500 0.3400 80 200 120
4.4498 -1.9904 0.3440 80 200 120
6.3799 1.9148 0.0371 80 200 120
2.1242 4.0977 -2.3255 80 200 120
2.9807 9.6145 -1.2383 80 200 120
2.0117 7.1828 -2.0837 80 200 120
3.8190 4.5714 -1.4535 80 200 120
2.5787 7.0700 -2.4283 80 200 120
4.4212 5.4201 -1.7692 80 200 120
3.8113 4.6374 -1.8596 80 200 120
1.7949 6.3985 -2.7443 80 200 120
0.4979 2.4708 -2.8608 80 200 120
1.1818 3.4570 -2.3522 80 200 120
1.6363 0.3358 -1.6648 80 200 120
1.6298 0.5587 -1.4861 80 200 120
2.8243 0.5672 -1.8436 80 200 120
1.4268 0.7153 -1.3462 80 200 120
5.1702 1.1391 -2.1988 80 200 120
3.9112 5.4110 -2.1213 80 200 120
-1.7203 -0.7600 -2.7075 80 200 120
2.2938 -0.4818 -2.2674 80 200 120
0.9492 6.6007 -1.2788 80 200 120
4.9512 -0.4341 -2.3329 80 200 120
4.1941 5.1274 -3.1324 80 200 120
3.0056 4.6235 -1.8489 80 200 120
2.9909 5.1526 -1.7615 80 200 120
1.0734 4.7989 -2.4482 80 200 120
3.3314 2.7242 -2.7588 80 200 120
6.2585 4.4357 -1.1555 80 200 120
6.0086 3.6777 -1.1982 80 200 120
2.1291 0.3793 -2.0917 80 200 120
5.0574 -0.8677 -2.4002 80 200 120
4.9461 2.4216 -2.8422 80 200 120
4.7665 0.5993 -2.5234 80 200 120
2.7798 -0.1023 -2.2868 80 200 120
3.4292 -3.3252 -2.8920 80 200 120
3.2044 1.1640 -1.9070 80 200 120
5.1682 0.0709 -2.2486 80 200 120
3.6459 -3.7758 -1.8812 80 200 120
1.2617 -2.2286 -1.6619 80 200 120
1.2944 -2.5268 -1.9332 80 200 120
4.2458 -4.6950 -0.6146 80 200 120
-1.0349 -0.9443 -0.7713 80 200 120
6.2397 1.7937 -0.3766 80 200 120
4.6129 1.5098 0.3585 80 200 120
4.6451 -1.4573 0.3789 80 200 120
5.8986 6.1445 0.2820 80 200 120
6.5228 2.4510 -0.2871 80 200 120
6.5980 2.6526 -1.0867 80 200 120
1.2876 6.8048 -0.5883 80 200 120
1.2216 6.5515 -1.6585 80 200 120
0.6416 5.2338 -1.5440 80 200 120
1.0000 6.5398 -1.0999 80 200 120
-0.6068 1.2487 -0.4950 80 200 120
-1.0662 2.9075 -2.3276 80 200 120
-1.4182 -0.4606 -0.5838 80 200 120
0.0608 3.8242 -2.0200 80 200 120
6.7148 6.1254 -0.5079 80 200 120
-1.3551 -0.9128 0.3381 80 200 120
1.7348 0.1149 0.3603 80 200 120
1.6461 0.0769 0.1163 80 200 120
3.8296 -3.5026 -2.8721 80 200 120
0.8599 0.5530 -0.1046 80 200 120
4.5049 -0.1762 -2.1621 80 200 120
4.3938 -0.1174 -2.4133 80 200 120
4.9141 0.8337 -2.9923 80 200 120
3.4370 4.7102 -1.5714 80 200 120
-0.8530 3.9031 -0.9302 80 200 120
4.4816 -2.0665 -2.8555 80 200 120
3.5444 -2.5686 -2.2564 80 200 120
3.0386 4.4416 -1.9312 80 200 120
3.0257 4.5845 -1.8564 80 200 120
3.0396 4.6920 -1.8450 80 200 120
1.3855 4.2317 -2.4020 80 200 120
3.3769 3.3939 -2.7922 80 200 120
4.4973 -0.2014 -2.3126 80 200 120
4.9300 -0.4021 -2.2027 80 200 120
4.9993 0.7481 -2.2577 80 200 120
5.0246 -0.1479 -2.2120 80 200 120
4.9628 0.9287 -2.9256 80 200 120
5.2178 0.2711 -2.1675 80 200 120
5.0953 0.0506 -2.1405 80 200 120
5.3370 0.5023 -2.1805 80 200 120
3.0790 0.0346 -2.5891 80 200 120
2.2472 0.0687 -1.7580 80 200 120
4.7053 -1.4606 -2.7813 80 200 120
4.9591 0.9878 -2.3606 80 200 120
2.0321 0.0114 -2.8352 80 200 120
3.0444 0.0139 -2.7209 80 200 120
2.2130 -0.8796 -2.6842 80 200 120
2.3535 -0.5696 -2.7269 80 200 120
1.9301 0.2306 -2.6603 80 200 120
3.3343 0.4779 -2.5816 80 200 120
3.0177 -0.0442 -2.3397 80 200 120
1.9356 0.3710 -2.2590 80 200 120
5.3944 2.6143 -2.4362 80 200 120
4.8659 0.7959 -2.4761 80 200 120
4.3736 -0.4445 -2.8866 80 200 120
3.3897 1.1697 -2.1185 80 200 120
0.8844 -0.9924 -2.0229 80 200 120
1.4784 -2.3745 -2.8544 80 200 120
1.0318 -1.9936 -2.7082 80 200 120
-2.3380 -0.0669 -0.2718 80 200 120
2.1269 -2.6624 -0.1439 80 200 120
1.9090 -2.4431 -1.0578 80 200 120
2.8006 -2.8930 -1.5413 80 200 120
0.0589 -1.7908 -1.8760 80 200 120
-2.5117 -0.5058 0.3471 80 200 120
-2.2061 -0.4975 -0.3899 80 200 120
-2.1307 -0.9508 0.0607 80 200 120
4.2955 -1.9975 0.2799 80 200 120
-1.7354 -0.8331 -0.5175 80 200 120
5.9274 0.9507 -0.6411 80 200 120
4.9320 0.5535 0.3742 80 200 120
6.6651 2.3497 -1.0103 80 200 120
5.6180 0.3915 -0.6882 80 200 120
1.0119 6.7062 0.1022 80 200 120
0.7817 5.8445 -0.1297 80 200 120
6.2194 4.8526 -1.0006 80 200 120
7.2669 4.6857 0.2981 80 200 120
-3.0165 -0.5764 0.3173 80 200 120
7.1595 5.0631 -0.1980 80 200 120
3.4089 5.1790 -1.7497 80 200 120
6.7909 5.3056 -0.4036 80 200 120
3.8862 4.4488 -1.8082 80 200 120
5.4475 5.8110 -1.4106 80 200 120
0.3155 2.3440 -2.5135 80 200 120
0.3445 4.0135 -2.1505 80 200 120
1.7252 0.4815 -1.8728 80 200 120
4.5947 6.3102 -3.1350 80 200 120
3.8567 4.6308 -1.8998 80 200 120
-2.9759 -0.5565 0.3718 80 200 120
2.9827 4.5949 -1.8743 80 200 120
1.0488 7.5359 -2.6620 80 200 120
0.8898 4.8971 -2.2514 80 200 120
1.1557 4.5648 -2.4206 80 200 120
3.0688 3.1857 -2.5522 80 200 120
2.6388 6.5409 -1.7024 80 200 120
1.8609 3.6574 -2.2093 80 200 120
3.0165 4.8566 -1.7907 80 200 120
2.9596 5.7310 -1.2564 80 200 120
2.6690 -0.1158 -2.3905 80 200 120
2.4095 -0.4833 -2.6723 80 200 120
1.9361 0.1750 -2.6199 80 200 120
2.1951 -0.8396 -2.6762 80 200 120
4.3338 -0.0116 -2.8357 80 200 120
4.1791 0.1945 -2.8339 80 200 120
4.1501 1.8112 -2.9376 80 200 120
1.7320 -0.4984 -1.7790 80 200 120
2.1549 -0.1372 -1.8082 80 200 120
1.9470 -0.7379 -1.7085 80 200 120
2.2059 -0.8884 -1.5860 80 200 120
2.1697 -0.3276 -1.7031 80 200 120
2.5320 0.8210 -1.9702 80 200 120
2.0944 -2.6102 -0.5178 80 200 120
4.1624 -2.1890 0.4145 80 200 120
-1.8374 -1.0366 -0.9158 80 200 120
0.7477 -2.0907 -1.8690 80 200 120
1.9511 -2.2334 -0.2356 80 200 120
-2.6893 -0.4016 -1.0615 80 200 120
7.0250 3.6199 0.2351 80 200 120
5.9109 1.2425 -0.5674 80 200 120
5.6288 0.3549 -0.1614 80 200 120
5.5999 0.4082 -0.4612 80 200 120
5.3296 -0.1734 -0.2983 80 200 120
5.6821 0.5782 -0.3302 80 200 120
4.5848 -1.9670 0.1421 80 200 120
4.9317 2.4152 0.4373 80 200 120
4.3903 -1.6167 0.0686 80 200 120
5.3160 -0.3174 -0.4939 80 200 120
4.4399 -2.0715 0.3608 80 200 120
4.8844 -1.1226 -0.2294 80 200 120
5.7901 0.8191 0.1790 80 200 120
5.6212 0.3305 -0.5373 80 200 120
0.9378 6.5121 0.1625 80 200 120
0.9729 6.3718 0.0558 80 200 120
1.1247 0.5392 -0.0589 80 200 120
1.0202 5.7316 -2.5552 80 200 120
1.8177 6.2776 -2.7232 80 200 120
2.7350 5.7857 -1.0148 80 200 120
3.6549 4.3607 -0.4717 80 200 120
7.3428 5.6141 0.3263 80 200 120
1.7138 0.1087 0.3603 80 200 120
1.5128 0.0854 0.1509 80 200 120
-2.8730 -0.5891 -0.7292 80 200 120
-1.1376 2.9294 -2.4147 80 200 120
-2.0446 1.5951 -1.4841 80 200 120
0.4118 3.9256 -2.2744 80 200 120
6.5586 5.8243 -0.5237 80 200 120
-1.2621 2.2495 -1.6739 80 200 120
3.9218 7.4122 -1.1619 80 200 120
2.1331 -0.1584 -1.7674 80 200 120
0.7283 1.1785 -1.4720 80 200 120
4.2798 4.7096 -2.8025 80 200 120
4.4901 5.0828 -2.0771 80 200 120
4.2344 5.1901 -1.8679 80 200 120
3.0645 0.1721 -2.8393 80 200 120
2.9095 4.5700 -2.1244 80 200 120
2.9206 4.5652 -2.1812 80 200 120
2.0973 5.6978 -2.5293 80 200 120
3.7270 4.9836 -1.6852 80 200 120
1.2767 4.4195 -2.4523 80 200 120
4.0232 4.4048 -2.7142 80 200 120
3.2961 0.3840 -2.5784 80 200 120
4.6184 1.8745 -2.8799 80 200 120
2.2747 -0.4934 -2.0915 80 200 120
3.4445 0.9053 -2.8164 80 200 120
2.8691 -0.0160 -2.5705 80 200 120
2.1673 -0.9193 -1.8968 80 200 120
4.1142 -2.9028 -2.7484 80 200 120
3.2885 0.3785 -2.6012 80 200 120
2.4362 -0.4996 -2.7043 80 200 120
2.4808 -0.2025 -2.1670 80 200 120
5.1515 -0.7323 -2.9589 80 200 120
2.0066 -2.6389 0.0880 80 200 120
4.5345 -2.4130 0.1365 80 200 120
3.6312 -2.9133 -0.8193 80 200 120
5.4430 0.0256 0.1368 80 200 120
5.2104 -0.4124 0.3443 80 200 120
4.7673 -1.4324 0.3633 80 200 120
2.0858 4.8276 0.0990 80 200 120
2.8652 5.6530 0.4466 80 200 120
2.8434 5.6044 -2.8086 80 200 120
4.3596 4.7399 -1.5411 80 200 120
3.0258 5.1564 -1.7353 80 200 120
3.8748 4.4876 -1.8337 80 200 120
3.4684 4.6163 -1.5255 80 200 120
5.6345 6.5357 -1.5919 80 200 120
2.6426 0.8508 -1.9521 80 200 120
3.2642 0.8268 -1.9544 80 200 120
-0.3057 0.2354 -2.0431 80 200 120
4.8185 0.8259 -2.3918 80 200 120
5.0672 0.8003 -2.4571 80 200 120
-0.7000 2.6166 0.1052 80 200 120
4.9719 -0.4047 -2.3444 80 200 120
2.2714 -0.5498 -2.8518 80 200 120
1.9795 5.1998 -2.4354 80 200 120
1.5598 5.7295 -2.5089 80 200 120
2.7321 5.2183 -1.9899 80 200 120
0.9107 4.5671 -2.1416 80 200 120
1.7623 3.5493 -2.2006 80 200 120
5.0383 -0.1803 -2.1885 80 200 120
4.8633 0.3431 -1.9493 80 200 120
4.7178 0.4765 -2.6719 80 200 120
1.7776 0.0234 -1.8759 80 200 120
1.8241 0.0628 -2.1053 80 200 120
2.3989 -0.2379 -2.8797 80 200 120
1.7283 0.4146 -2.4676 80 200 120
2.2264 -0.5908 -2.6335 80 200 120
2.0348 -0.9503 -2.8595 80 200 120
5.1029 1.1138 -2.1363 80 200 120
4.8804 0.3382 -1.9651 80 200 120
4.6001 -0.0443 -1.9253 80 200 120
0.5836 -1.8760 -2.7724 80 200 120
2.3110 -1.9689 -2.2029 80 200 120
1.7685 -2.0566 -2.5047 80 200 120
4.7428 0.2292 -1.9778 80 200 120
3.8831 1.0055 -2.9002 80 200 120
0.1067 -1.7889 -0.1881 80 200 120
2.2349 -2.6168 0.3209 80 200 120
2.5090 -2.7292 -1.1626 80 200 120
6.3339 2.5739 0.3270 80 200 120
5.6624 0.4623 -0.1541 80 200 120
5.6876 0.5458 -0.2786 80 200 120
5.5396 0.2254 0.3656 80 200 120
7.1994 2.9956 -0.8623 80 200 120
4.5911 -2.0342 0.3159 80 200 120
6.7057 4.2744 -0.2640 80 200 120
6.7978 2.9033 -0.1073 80 200 120
5.7617 0.8473 -0.0519 80 200 120
4.3047 -2.3651 0.3568 80 200 120
4.1470 -1.7647 0.3226 80 200 120
5.7570 0.8371 -0.5900 80 200 120
0.8499 6.2014 0.0742 80 200 120
5.0911 7.0495 -2.8398 80 200 120
-1.2971 2.7538 -1.4242 80 200 120
1.7187 0.4266 0.3195 80 200 120
-2.1443 -0.2743 -0.0007 80 200 120
0.9469 2.8256 -2.9219 80 200 120
1.4791 1.1450 -2.6285 80 200 120
0.1902 3.7693 -2.1561 80 200 120
1.9397 -0.9499 -1.7660 80 200 120
5.1122 -0.2040 -2.3961 80 200 120
6.2113 4.5191 -4.0853 80 200 120
0.6031 -1.9160 -2.7615 80 200 120
3.5572 -2.7355 -2.3482 80 200 120
4.5366 -0.0133 -1.9243 80 200 120
4.4216 -0.1622 -2.4933 80 200 120
0.2663 0.2626 -2.4405 80 200 120
4.5220 5.5808 -2.2812 80 200 120
3.8698 -3.1333 -2.6007 80 200 120
4.5758 -2.1185 -3.0395 80 200 120
4.8756 -1.1912 -2.7553 80 200 120
1.3507 7.8082 -2.5357 80 200 120
2.8965 4.7634 -1.9180 80 200 120
1.0566 4.3197 -2.2983 80 200 120
1.9015 3.4405 -2.1565 80 200 120
2.5087 -0.1721 -2.6832 80 200 120
2.4765 -0.5124 -2.5768 80 200 120
2.2885 0.0525 -2.2759 80 200 120
2.1599 0.0469 -2.0999 80 200 120
7.6006 5.1318 0.3184 80 200 120
3.3823 1.1880 -2.1234 80 200 120
2.7008 -0.6609 -2.8829 80 200 120
2.9678 -0.0286 -2.4002 80 200 120
2.1687 -0.3970 -1.7214 80 200 120
3.1364 0.3431 -2.3611 80 200 120
3.9333 1.8025 -2.9484 80 200 120
2.5553 -1.2880 -2.9002 80 200 120
5.0795 1.0707 -2.4071 80 200 120
-0.3585 -1.8590 -3.1166 80 200 120
-0.2017 -1.3601 -2.6748 80 200 120
1.6434 -0.5757 -1.7638 80 200 120
3.1823 0.1685 -2.6525 80 200 120
4.3404 -2.3843 -2.6926 80 200 120
4.0752 -1.6007 -2.8601 80 200 120
4.1480 -3.8537 0.0803 80 200 120
3.0166 -3.2155 0.1401 80 200 120
-2.4739 0.2678 -1.3851 80 200 120
-0.7844 -1.2984 -1.5163 80 200 120
-1.7345 0.0359 0.3789 80 200 120
4.0670 -2.9682 0.3940 80 200 120
6.2691 1.6563 0.1425 80 200 120
5.2990 -0.1686 0.2686 80 200 120
5.4077 -0.1263 -0.2179 80 200 120
5.3014 -0.4388 -0.1283 80 200 120
6.0373 1.2587 -0.1045 80 200 120
0.8705 6.2060 0.1966 80 200 120
1.2623 6.8248 -1.9122 80 200 120
0.5854 5.8730 0.2187 80 200 120
2.3671 4.7430 -2.7645 80 200 120
3.1165 5.9833 -3.1675 80 200 120
6.3540 6.0801 -2.0943 80 200 120
4.1866 4.4983 -2.1527 80 200 120
-2.0634 -0.5710 0.3497 80 200 120
7.2341 5.9714 -0.4874 80 200 120
2.8127 9.1735 -0.1374 80 200 120
3.0881 4.9781 -1.8304 80 200 120
1.6515 3.0795 -2.0406 80 200 120
1.4193 4.0545 -2.3361 80 200 120
0.2613 4.6367 -2.1683 80 200 120
-1.1761 -0.5051 -0.5499 80 200 120
3.6474 4.4472 -2.0636 80 200 120
-0.2626 3.9881 -1.9854 80 200 120
3.8368 0.9292 -2.8545 80 200 120
4.5632 -0.2055 -2.1929 80 200 120
1.5241 -2.3750 -2.7876 80 200 120
1.7931 -2.5692 -2.8358 80 200 120
4.7384 -1.4997 -2.7498 80 200 120
5.7492 3.5383 -2.3379 80 200 120
6.3774 2.3919 -3.1248 80 200 120
2.5513 -2.4285 -2.8809 80 200 120
2.9727 5.0955 -1.7954 80 200 120
3.0033 5.2738 -1.7545 80 200 120
3.6066 5.1746 -1.6708 80 200 120
3.5470 4.9459 -1.7032 80 200 120
4.4951 4.7540 -1.7335 80 200 120
5.4396 2.6255 -2.7605 80 200 120
5.9519 3.3462 -1.4256 80 200 120
6.1690 1.9782 -2.5975 80 200 120
6.0878 3.7108 -1.2882 80 200 120
2.9818 -0.0451 -1.8741 80 200 120
2.2007 -0.0624 -2.7810 80 200 120
1.3978 -2.4282 -2.8879 80 200 120
2.4692 -0.2481 -2.1968 80 200 120
3.6113 0.5722 -2.9540 80 200 120
4.4150 0.2363 -2.9276 80 200 120
2.3338 -0.0411 -2.1068 80 200 120
3.3855 1.3432 -2.8530 80 200 120
4.7510 -0.3581 -2.3339 80 200 120
2.0349 -0.8323 -2.3882 80 200 120
2.0241 0.2294 -2.7160 80 200 120
6.3489 2.2344 -2.3761 80 200 120
3.3505 0.7532 -1.8603 80 200 120
0.9000 -2.1592 -2.9591 80 200 120
5.1214 2.4529 -2.8126 80 200 120
3.2314 -0.8832 -2.9015 80 200 120
1.7011 -1.9532 0.3700 80 200 120
2.3177 -2.6945 -1.5742 80 200 120
2.9692 -2.4756 0.3697 80 200 120
1.6653 0.0690 0.3968 80 200 120
1.5938 0.0803 0.1418 80 200 120
1.6110 0.4450 0.2817 80 200 120
4.5274 -2.1616 0.3779 80 200 120
4.5300 -2.3987 0.1340 80 200 120
1.4388 -0.3671 0.4092 80 200 120
4.4941 -2.2300 0.1419 80 200 120
5.4873 0.0395 0.2754 80 200 120
5.1906 -0.5465 0.3392 80 200 120
4.7873 -1.5732 0.0023 80 200 120
0.7014 6.0394 0.1200 80 200 120
1.6694 7.8794 -0.7389 80 200 120
3.2563 3.4999 -2.1417 80 200 120
4.6669 6.8082 -3.1497 80 200 120
-1.2256 2.6921 -2.2402 80 200 120
1.9637 4.4013 -2.3651 80 200 120
6.0346 3.3985 -0.9709 80 200 120
6.3370 4.8159 -1.2712 80 200 120
2.1259 2.7962 -1.9571 80 200 120
2.3895 1.0138 -2.1349 80 200 120
2.2006 2.2265 -2.0685 80 200 120
0.8200 5.6248 0.4178 80 200 120
1.8871 -0.9911 -1.8108 80 200 120
5.2577 1.3087 -2.3568 80 200 120
1.8973 -1.0456 -2.2265 80 200 120
5.0724 0.0044 -2.0495 80 200 120
4.5611 -0.0357 -1.9128 80 200 120
2.9216 4.6991 -1.9858 80 200 120
2.2459 4.1411 -2.0496 80 200 120
2.6151 3.1088 -1.7493 80 200 120
3.4221 5.1043 -1.7203 80 200 120
5.9032 3.4645 -1.9888 80 200 120
5.9066 3.5913 -1.7454 80 200 120
5.8817 3.7310 -1.6887 80 200 120
2.3506 -0.1913 -2.9395 80 200 120
2.1951 0.0237 -2.3486 80 200 120
2.7995 0.0315 -2.1395 80 200 120
2.5517 -0.5614 -2.4613 80 200 120
4.4609 -0.2031 -2.8272 80 200 120
4.4290 -0.1124 -2.8274 80 200 120
3.4070 0.6683 -2.7371 80 200 120
5.0159 0.9700 -2.3016 80 200 120
5.6114 1.9824 -2.6280 80 200 120
3.7903 -2.7185 -2.8860 80 200 120
2.3777 -0.5280 -2.7750 80 200 120
-1.4068 -0.5773 -1.9142 80 200 120
-1.5786 -1.0296 -0.8622 80 200 120
-0.6023 -1.6641 -0.8861 80 200 120
2.7942 -2.8977 -1.4985 80 200 120
0.5059 0.1724 0.0317 80 200 120
-1.3718 2.4010 0.3100 80 200 120
-0.2165 1.4027 -0.0825 80 200 120
4.5783 -2.0979 -0.1662 80 200 120
4.3098 -2.5323 0.1572 80 200 120
4.1444 -2.0886 0.3970 80 200 120
4.8166 -1.3102 -0.1828 80 200 120
5.3379 0.7929 -0.2593 80 200 120
5.6484 0.2233 0.1134 80 200 120
1.0315 6.6649 0.1997 80 200 120
0.1904 5.2317 -0.0985 80 200 120
0.4824 5.5397 0.2364 80 200 120
5.7513 5.8617 -2.4704 80 200 120
7.4080 4.8202 0.3042 80 200 120
-2.6312 -0.5643 0.3501 80 200 120
1.6094 0.1076 0.3769 80 200 120
3.9369 4.6105 -1.7185 80 200 120
5.2043 7.7070 -3.0892 80 200 120
1.7018 0.4282 0.3166 80 200 120
2.8268 1.6163 -2.1339 80 200 120
3.4791 0.8642 -2.8439 80 200 120
2.4739 8.1254 0.3512 80 200 120
4.9511 -0.3403 -2.2772 80 200 120
4.5005 4.9313 -2.0975 80 200 120
4.6788 -0.3307 -2.3709 80 200 120
5.4858 2.7893 -2.9683 80 200 120
6.1672 4.5504 -2.9661 80 200 120
6.2677 2.3078 -3.0200 80 200 120
5.6162 3.1578 -2.8916 80 200 120
4.9931 1.0348 -2.4616 80 200 120
5.1057 -0.6935 -2.8729 80 200 120
5.0004 -0.9060 -2.7105 80 200 120
5.0347 4.5059 -2.8441 80 200 120
5.6769 2.5023 -2.9546 80 200 120
4.5540 -0.1630 -2.2064 80 200 120
5.1371 -0.1766 -2.4092 80 200 120
2.5204 -2.8170 -2.8006 80 200 120
3.0503 0.5286 -1.8776 80 200 120
2.9327 4.5932 -2.0874 80 200 120
3.4198 3.8129 -2.7470 80 200 120
5.9922 3.6869 -2.2000 80 200 120
5.8612 3.0320 -1.4669 80 200 120
5.4221 1.7865 -2.3802 80 200 120
2.0521 -0.9729 -1.7088 80 200 120
1.4955 -0.3518 -1.9901 80 200 120
2.1552 -0.2227 -1.7088 80 200 120
4.2490 0.6189 -2.9485 80 200 120
2.3132 -0.2851 -2.1039 80 200 120
3.4094 1.1567 -3.0842 80 200 120
-0.2853 -1.3781 -2.7443 80 200 120
2.3237 -0.4655 -1.7513 80 200 120
3.6472 -1.2453 -2.8633 80 200 120
2.0657 -0.1586 -2.0261 80 200 120
1.5034 -0.5681 -1.8658 80 200 120
3.8842 -2.9147 0.4248 80 200 120
1.7122 0.0227 0.2052 80 200 120
0.7807 -2.1111 -1.1782 80 200 120
1.7635 0.2697 0.3770 80 200 120
-0.3066 0.2841 -0.8639 80 200 120
3.7504 -2.5779 -0.7704 80 200 120
1.8242 -2.5580 -1.1238 80 200 120
-1.7386 0.3975 -0.4386 80 200 120
4.1628 -2.9701 -0.1744 80 200 120
3.8594 -3.1664 0.4081 80 200 120
11.7888 10.4228 1.2071 80 200 120
5.3815 0.8156 0.5249 80 200 120
4.5739 -1.1028 0.3974 80 200 120
5.4717 -0.1395 0.1278 80 200 120
4.4901 -2.1385 -0.0919 80 200 120
0.9913 6.1408 -0.0984 80 200 120
3.5611 4.2817 -2.0046 80 200 120
0.0364 4.2043 -2.5182 80 200 120
6.7395 6.2219 -0.5270 80 200 120
6.5947 4.4679 -1.2101 80 200 120
3.5707 5.5035 -0.5840 80 200 120
-2.7321 -0.1050 -0.4804 80 200 120
0.3913 3.9353 -2.9158 80 200 120
1.4769 0.0799 -0.3325 80 200 120
0.5548 5.1419 -2.2465 80 200 120
2.3631 1.5428 -2.4538 80 200 120
4.9676 5.4090 -2.3530 80 200 120
2.5631 0.1781 -2.5977 80 200 120
-2.7218 -0.5333 0.3671 80 200 120
-0.7518 3.5151 -0.6419 80 200 120
5.8407 2.9007 -2.4802 80 200 120
2.9188 5.5681 -1.9964 80 200 120
3.4908 4.3783 -2.5918 80 200 120
5.9062 3.9786 -2.5934 80 200 120
5.9790 4.4180 -2.5173 80 200 120
4.3552 4.7140 -1.9592 80 200 120
5.8532 2.3143 0.0908 80 200 120
4.7759 -1.5325 -2.8676 80 200 120
5.2913 -0.1500 -2.3929 80 200 120
2.1060 -1.0154 -2.1004 80 200 120
2.1058 -0.0413 -2.9435 80 200 120
3.4013 1.3619 -2.7298 80 200 120
3.6115 1.6611 -2.8691 80 200 120
2.0826 0.0142 -2.5294 80 200 120
2.1726 0.2215 -2.4302 80 200 120
5.1510 1.1704 -2.2201 80 200 120
4.9367 0.8285 -2.0824 80 200 120
2.4167 -0.0403 -1.7142 80 200 120
3.6791 0.9758 -2.9121 80 200 120
0.1543 -1.8064 -0.8151 80 200 120
1.2852 -1.6994 0.3328 80 200 120
1.1111 0.2085 -0.1643 80 200 120
1.5069 0.0915 -0.3358 80 200 120
1.5488 0.5026 0.1256 80 200 120
-1.8202 0.2483 -1.4483 80 200 120
-0.3486 -1.5882 -0.8263 80 200 120
-1.9714 0.7117 0.2167 80 200 120
-0.4347 -1.2376 -1.4362 80 200 120
-0.1207 -1.8441 -2.0262 80 200 120
6.0925 2.3759 0.1921 80 200 120
5.0958 0.6755 0.1168 80 200 120
6.1720 2.0150 0.1555 80 200 120
5.5765 1.1455 0.2130 80 200 120
5.6789 0.4616 -0.1402 80 200 120
5.6339 0.5239 -0.3261 80 200 120
5.5026 0.2603 -0.3973 80 200 120
4.7904 1.0055 0.1435 80 200 120
4.6652 -1.7405 0.0458 80 200 120
4.6258 -1.7782 0.3749 80 200 120
4.5590 0.0260 -0.1163 80 200 120
4.9177 0.5638 -0.0821 80 200 120
-0.1803 4.4012 0.2371 80 200 120
1.9882 7.7973 -0.0543 80 200 120
-0.1680 2.7841 0.1952 80 200 120
-0.2764 4.1214 0.1844 80 200 120
0.0837 5.4268 -1.8371 80 200 120
0.9352 6.5292 -2.0786 80 200 120
3.2469 3.9365 -2.2611 80 200 120
-6.1802 -0.6545 0.5884 80 200 120
-4.0494 -0.1994 0.0874 80 200 120
-1.5379 -1.1024 0.3466 80 200 120
6.9736 50.0852 3.8707 80 200 120
6.6093 6.0864 -1.5884 80 200 120
1.2071 5.2610 -2.5269 80 200 120
1.9879 2.9006 -2.0475 80 200 120
1.5374 5.2879 -2.5651 80 200 120
2.5377 2.6444 -1.7348 80 200 120
1.7368 0.2613 -1.4815 80 200 120
1.9936 -0.1019 -1.8070 80 200 120
2.7533 2.5964 -2.1091 80 200 120
2.4631 2.2233 -1.8281 80 200 120
1.7551 0.3595 -1.7022 80 200 120
1.7526 0.1221 -1.8804 80 200 120
2.3587 2.6054 -1.8178 80 200 120
2.9646 1.9563 -2.2815 80 200 120
5.0529 -0.2790 -2.5276 80 200 120
6.4035 2.5051 -3.1728 80 200 120
4.5127 -0.1214 -1.9756 80 200 120
4.4932 -0.1382 -2.8894 80 200 120
4.7797 0.5025 -2.9467 80 200 120
5.0591 -0.4695 -2.5498 80 200 120
0.1468 -1.7420 -2.7997 80 200 120
4.3187 4.0234 -2.8458 80 200 120
4.9007 -1.1964 -2.8680 80 200 120
0.9561 0.2241 -0.1952 80 200 120
4.7598 -1.4977 -2.8698 80 200 120
3.8140 -4.0186 -3.3033 80 200 120
1.6151 0.0956 0.3864 80 200 120
4.7857 0.6523 -2.2832 80 200 120
5.4195 0.4565 -2.4242 80 200 120
1.1960 7.5496 -2.6684 80 200 120
2.6198 6.3973 -1.3452 80 200 120
4.5358 4.4385 -2.7770 80 200 120
3.1024 4.6476 -2.3491 80 200 120
3.9087 5.3379 -1.6356 80 200 120
4.9318 -0.2867 -2.2975 80 200 120
4.5259 -0.1612 -2.1427 80 200 120
2.9425 0.0409 -2.9041 80 200 120
2.4737 -0.6713 -2.4636 80 200 120
4.8423 0.6429 -1.9197 80 200 120
3.0683 4.8406 0.1979 80 200 120
2.1254 2.2705 -1.9285 80 200 120
4.7795 0.6981 -2.4618 80 200 120
3.6763 5.4735 0.2330 80 200 120
2.9206 1.6321 -2.2192 80 200 120
2.3688 -0.4644 -2.7296 80 200 120
2.2320 -0.1758 -1.8434 80 200 120
2.9845 -2.1648 -2.8596 80 200 120
4.8755 0.5320 -1.9642 80 200 120
5.9459 1.2835 -2.6120 80 200 120
4.0447 0.5503 -2.9724 80 200 120
6.2165 1.7302 -2.8050 80 200 120
2.9540 0.0003 -2.9206 80 200 120
2.5204 0.2147 -2.6128 80 200 120
2.6404 0.1265 -2.9112 80 200 120
1.6208 -0.7937 -1.7247 80 200 120
6.3079 2.3534 -3.0300 80 200 120
1.6186 0.5768 -2.7342 80 200 120
4.3644 -1.7526 -2.8539 80 200 120
2.0543 -1.7756 -2.8712 80 200 120
0.1274 -1.7699 -0.2201 80 200 120
-2.2312 -0.9281 0.0293 80 200 120
1.3408 -2.4209 -0.4394 80 200 120
1.6678 0.1254 0.3694 80 200 120
-1.8489 0.9193 -1.1720 80 200 120
1.7769 0.2837 0.3662 80 200 120
1.7588 -2.8700 -1.8833 80 200 120
-2.0381 -0.8489 -1.7960 80 200 120
4.1943 -3.1679 -0.4286 80 200 120
4.0180 -3.1230 0.0249 80 200 120
5.2363 2.8355 0.7589 80 200 120
5.3741 -0.1232 -0.1664 80 200 120
3.9559 -3.2682 0.2515 80 200 120
5.4507 0.8408 -0.0127 80 200 120
1.7364 7.9134 0.1742 80 200 120
1.2178 0.9755 0.1212 80 200 120
1.0616 0.8073 -0.1067 80 200 120
0.5967 4.8575 -2.2671 80 200 120
0.3087 0.2272 0.1193 80 200 120
-1.6154 4.2252 -3.0141 80 200 120
0.0498 4.3155 -1.6087 80 200 120
5.2762 8.4180 -3.2804 80 200 120
0.9475 3.3830 -2.5710 80 200 120
0.9485 4.8711 -2.6123 80 200 120
1.0801 4.2838 -2.6007 80 200 120
1.0986 4.7401 -2.6238 80 200 120
2.6340 3.2376 -1.8288 80 200 120
0.8887 5.0542 -2.5475 80 200 120
1.5977 3.9359 -2.4090 80 200 120
2.6960 3.1590 -1.8614 80 200 120
1.8152 3.2074 -2.1921 80 200 120
1.5486 4.1292 -2.4526 80 200 120
2.1516 3.1883 -1.9712 80 200 120
2.0896 4.4342 -2.2210 80 200 120
2.6945 3.0299 -1.8451 80 200 120
1.9043 5.0477 -2.4165 80 200 120
2.7671 3.1511 -1.9209 80 200 120
2.0922 3.3839 -2.0287 80 200 120
0.9019 4.8045 -2.6092 80 200 120
2.3734 2.8234 -1.8123 80 200 120
1.3940 1.5102 -2.4260 80 200 120
6.0999 4.4301 -2.1792 80 200 120
0.3052 0.4503 -2.0861 80 200 120
4.1784 5.0548 -2.5518 80 200 120
4.8248 -0.2881 -2.9750 80 200 120
5.0407 -0.9595 -2.8887 80 200 120
5.0021 0.9005 -1.9962 80 200 120
1.4267 3.4309 -2.2229 80 200 120
1.2982 3.8527 -2.2999 80 200 120
0.8133 4.2991 -2.2898 80 200 120
4.4046 4.8670 -2.5031 80 200 120
6.6282 3.5539 -1.2626 80 200 120
2.3490 1.9865 -2.4452 80 200 120
6.1846 6.0273 0.2739 80 200 120
3.4125 1.1356 -1.9871 80 200 120
2.7698 0.8759 -4.2252 80 200 120
7.2646 4.5940 0.2410 80 200 120
-0.0310 3.0558 -2.5036 80 200 120
4.4753 -0.1317 -2.8557 80 200 120
0.0965 2.4777 -2.6031 80 200 120
3.5252 1.0687 -2.4015 80 200 120
3.9974 -0.7712 -2.8327 80 200 120
5.9838 2.4697 -3.0535 80 200 120
1.5613 -2.6938 -3.0772 80 200 120
2.1080 -0.6801 -1.8355 80 200 120
1.2477 -0.5844 -2.0229 80 200 120
2.1224 -0.4931 -1.8817 80 200 120
4.4213 -2.1903 0.3525 80 200 120
-2.2543 0.1554 0.4174 80 200 120
-2.0633 -0.6085 -0.9628 80 200 120
-1.9101 -0.3064 -1.7577 80 200 120
-0.5784 -1.2864 -1.4610 80 200 120
0.5244 1.3837 0.1298 80 200 120
1.3415 0.2169 0.0524 80 200 120
3.5741 -3.6216 -1.1086 80 200 120
4.9432 -0.9970 0.2439 80 200 120
5.3771 -0.0663 -0.3360 80 200 120
4.3014 -2.5176 0.2662 80 200 120
4.1222 -2.8133 -0.0613 80 200 120
5.6280 0.1586 -0.2789 80 200 120
5.2290 -0.3385 0.2598 80 200 120
5.3134 -0.3024 0.0788 80 200 120
5.3206 -0.3340 -0.4898 80 200 120
1.5122 7.8617 0.0513 80 200 120
-0.3552 3.4957 0.1956 80 200 120
0.6367 5.7401 -1.9932 80 200 120
-2.8466 -0.5743 0.3543 80 200 120
1.2579 0.1574 -0.0939 80 200 120
3.0683 4.4558 -2.5617 80 200 120
6.5823 2.9742 0.3041 80 200 120
6.6276 5.2183 -0.8857 80 200 120
1.7202 7.7779 -1.4915 80 200 120
1.7215 4.3475 -2.3790 80 200 120
1.7601 4.7561 -2.4237 80 200 120
2.0019 3.1835 -2.0701 80 200 120
2.6025 0.7250 -1.9376 80 200 120
0.5709 -0.8812 -2.2821 80 200 120
1.6024 -0.8169 -1.7611 80 200 120
2.5883 2.3137 -1.9415 80 200 120
3.4327 4.8255 0.3185 80 200 120
2.3945 0.2517 -2.0818 80 200 120
1.4936 0.1217 0.0907 80 200 120
1.0546 5.0997 -2.4557 80 200 120
5.7517 3.6168 -2.6430 80 200 120
6.8042 4.0843 -1.2010 80 200 120
1.9574 0.1035 -2.7047 80 200 120
1.9754 -0.9566 -2.9490 80 200 120
2.6079 0.1806 -2.4654 80 200 120
2.3225 -0.6651 -2.6598 80 200 120
5.0484 -0.2086 -2.5545 80 200 120
4.4969 -0.1569 -1.9881 80 200 120
2.8040 0.0410 -2.5687 80 200 120
4.8634 0.3352 -1.9438 80 200 120
2.1173 -0.9951 -1.9227 80 200 120
2.4950 0.1698 -2.0824 80 200 120
2.0878 -0.0436 -2.2305 80 200 120
4.6777 -0.2074 -1.9291 80 200 120
2.0778 -0.8578 -1.4800 80 200 120
1.9274 0.4712 -2.4481 80 200 120
-2.2195 0.2248 -2.1095 80 200 120
-1.8325 0.8893 -0.6279 80 200 120
1.1789 -2.2808 -1.6793 80 200 120
1.4058 -2.3084 -1.0287 80 200 120
-1.6841 -0.9900 -2.0807 80 200 120
-1.9160 0.5243 -1.1698 80 200 120
5.2657 0.1958 -0.1439 80 200 120
4.9018 0.4487 0.4067 80 200 120
3.5516 -2.8711 0.3919 80 200 120
3.8397 -1.9157 0.3778 80 200 120
5.1575 -0.3951 -0.0574 80 200 120
4.9864 0.9788 0.3988 80 200 120
5.0783 0.8644 0.4457 80 200 120
3.4948 -1.6973 0.3322 80 200 120
1.5791 7.9067 0.0193 80 200 120
1.9108 7.4438 0.2726 80 200 120
1.2956 7.1252 0.0364 80 200 120
2.7247 5.7727 0.2401 80 200 120
1.6275 0.4420 0.0792 80 200 120
3.9993 3.3360 -2.0758 80 200 120
5.1803 4.7022 -2.4748 80 200 120
4.3557 4.4161 -2.4741 80 200 120
6.2725 5.2549 -2.4596 80 200 120
5.5378 2.8441 -1.2551 80 200 120
1.6710 0.1050 0.3647 80 200 120
2.2438 4.7932 -2.2043 80 200 120
6.8880 5.0722 0.3237 80 200 120
-2.2055 -0.2533 0.0515 80 200 120
4.3559 5.2648 -1.7612 80 200 120
3.2860 5.8588 -0.0700 80 200 120
0.9753 5.1491 -2.4783 80 200 120
0.7747 4.8433 -2.3850 80 200 120
2.3244 -0.1430 -1.9044 80 200 120
1.8239 0.3646 -1.9795 80 200 120
1.1631 1.8986 -2.2040 80 200 120
4.7412 -1.4551 -2.8356 80 200 120
5.3882 0.4444 -2.3835 80 200 120
3.8464 -3.8015 -3.1697 80 200 120
4.5196 -0.1536 -2.0344 80 200 120
5.0538 -1.1003 -3.1642 80 200 120
1.6561 -0.6354 -1.7874 80 200 120
4.8029 0.2750 -1.8629 80 200 120
4.5767 -2.0828 -3.0537 80 200 120
2.1732 6.6503 0.2374 80 200 120
3.8220 6.4332 -0.2513 80 200 120
5.1447 0.0617 -2.2286 80 200 120
3.2140 4.5053 -2.4269 80 200 120
3.1659 4.3827 -2.8968 80 200 120
2.7282 4.9126 -2.1708 80 200 120
3.0606 2.9307 -2.2681 80 200 120
2.9541 3.2889 -2.1592 80 200 120
2.7632 4.9910 -2.0939 80 200 120
2.8386 5.3072 -1.7974 80 200 120
2.9944 2.8934 -2.1230 80 200 120
2.7645 4.4100 -2.2081 80 200 120
3.0310 3.4584 -2.3397 80 200 120
2.7928 4.9051 -2.1519 80 200 120
2.9548 5.0234 -1.7969 80 200 120
1.9900 4.6053 -2.2386 80 200 120
1.8516 4.7289 -2.3347 80 200 120
5.7527 5.0105 -2.5994 80 200 120
0.7865 4.1323 -2.0223 80 200 120
2.8061 2.4871 -1.9957 80 200 120
0.3249 2.8277 -2.8879 80 200 120
4.7223 0.4786 -2.7109 80 200 120
5.9420 1.9027 -2.0803 80 200 120
2.8270 0.6075 -1.8343 80 200 120
2.2415 0.3128 -2.3098 80 200 120
3.6487 -1.8412 -2.8316 80 200 120
3.0686 -1.1305 -2.8244 80 200 120
2.1623 -0.6648 -1.7880 80 200 120
2.1472 -0.9535 -2.2664 80 200 120
2.0400 -0.9607 -1.7368 80 200 120
1.8535 -0.5916 -1.6203 80 200 120
2.2160 -0.4984 -1.7861 80 200 120
1.9846 -0.4210 -1.7413 80 200 120
4.5671 -1.2675 -2.8398 80 200 120
4.0879 -0.5725 -2.8377 80 200 120
-1.7868 0.8858 -1.6881 80 200 120
-2.4031 -0.1977 -1.3140 80 200 120
1.8229 -2.7794 -1.7922 80 200 120
-2.0867 -0.5643 -2.2272 80 200 120
-1.6719 -1.0194 -0.8749 80 200 120
-1.5865 -0.8530 -0.0001 80 200 120
-0.8903 -1.3300 -0.4389 80 200 120
3.5949 -3.3628 -1.0169 80 200 120
-0.7080 -1.3090 -1.5488 80 200 120
1.5855 -2.2553 -1.6855 80 200 120
3.1942 -2.5127 0.4437 80 200 120
3.9813 -1.8080 0.3817 80 200 120
4.2582 -2.0185 0.3979 80 200 120
1.2877 7.1516 -0.5669 80 200 120
-0.2025 3.4561 -0.0788 80 200 120
-0.7654 3.4852 -1.1752 80 200 120
4.0836 6.3683 0.0264 80 200 120
-1.7748 4.4467 -3.0569 80 200 120
1.6368 0.0816 0.1302 80 200 120
0.0264 3.8715 -2.0658 80 200 120
-0.9280 -0.9315 0.3068 80 200 120
1.6954 0.3478 -1.0862 80 200 120
2.4034 -0.0526 -2.2893 80 200 120
1.7581 0.3088 -1.7169 80 200 120
1.9456 -0.9346 -2.7180 80 200 120
2.5456 2.4408 -1.7669 80 200 120
2.2390 0.0647 -1.9912 80 200 120
2.1711 1.5428 -2.4823 80 200 120
3.3199 2.2234 -2.3890 80 200 120
6.0234 3.0484 -1.7514 80 200 120
6.1995 2.2872 -2.9608 80 200 120
4.9642 0.7793 -2.1594 80 200 120
1.4500 0.5976 0.0839 80 200 120
5.0222 -0.1360 -2.1691 80 200 120
-1.7221 0.6045 0.3341 80 200 120
3.0792 4.0090 -2.4968 80 200 120
2.8946 5.0941 -1.8152 80 200 120
3.0908 3.1294 -2.3603 80 200 120
3.3046 4.5258 -2.4728 80 200 120
2.8560 4.9137 -2.1150 80 200 120
3.2701 4.3124 -2.8794 80 200 120
2.8730 4.7561 -2.1800 80 200 120
1.7111 5.1035 -2.4297 80 200 120
2.3960 3.6983 -1.9142 80 200 120
3.8955 4.5159 -1.9043 80 200 120
3.1135 5.0423 0.2592 80 200 120
4.4630 -2.0424 -2.7916 80 200 120
5.2859 -0.5066 -2.7715 80 200 120
4.0961 -2.4084 -2.8545 80 200 120
4.6623 0.2883 -2.8659 80 200 120
3.3858 1.4161 -3.3942 80 200 120
2.2052 -1.3749 -2.8891 80 200 120
2.4298 -1.8316 -2.8409 80 200 120
2.0389 -0.9921 -2.0091 80 200 120
3.1978 0.0735 -2.5234 80 200 120
2.7507 0.0721 -2.6649 80 200 120
3.2644 0.2555 -2.5293 80 200 120
-1.9812 -0.1365 -2.3463 80 200 120
-0.0812 -1.6118 -2.1232 80 200 120
4.4036 -2.1880 0.3447 80 200 120
1.7868 -2.1620 0.3811 80 200 120
3.8231 -3.3604 0.3318 80 200 120
4.5877 -0.9705 0.3904 80 200 120
5.2099 0.1596 -0.0243 80 200 120
5.5941 0.0070 -0.1610 80 200 120
4.0255 -3.1218 -0.0025 80 200 120
4.5187 -1.9956 0.1531 80 200 120
3.7460 -2.2525 0.3741 80 200 120
4.1646 -2.8066 -0.0098 80 200 120
5.9994 0.8418 0.2271 80 200 120
3.6647 -3.2684 0.1344 80 200 120
6.0025 0.4816 -0.2543 80 200 120
5.1745 -0.6910 -0.0504 80 200 120
1.0724 1.1890 -0.0191 80 200 120
1.7297 0.4186 0.0674 80 200 120
0.1084 4.2728 -0.1237 80 200 120
-0.2248 3.6328 0.2059 80 200 120
5.9342 3.6844 -1.5492 80 200 120
4.4259 4.7260 -2.0184 80 200 120
1.6932 8.0746 -2.3902 80 200 120
5.1314 6.3686 -2.5347 80 200 120
4.5352 5.6024 0.4827 80 200 120
2.1791 4.4708 -2.1780 80 200 120
2.9901 4.9907 -1.0271 80 200 120
2.9126 1.2333 -1.9445 80 200 120
1.8813 0.2894 -1.3653 80 200 120
5.6622 1.0160 -2.5776 80 200 120
5.0642 1.0957 -2.0770 80 200 120
4.6898 0.3868 -2.8798 80 200 120
6.5189 2.5124 -2.7611 80 200 120
2.5732 5.9313 -1.9861 80 200 120
2.8350 3.6531 -2.1035 80 200 120
2.8444 4.5012 -2.1817 80 200 120
3.3348 4.7304 -2.1942 80 200 120
3.2247 4.5632 -2.4394 80 200 120
3.0631 4.2776 -2.3624 80 200 120
0.9107 5.4552 -2.3798 80 200 120
5.5334 5.7004 -2.6647 80 200 120
5.6019 2.5251 -1.8267 80 200 120
0.3517 3.4534 -2.8509 80 200 120
2.9467 0.0404 -2.8614 80 200 120
4.4960 -0.1150 -1.9922 80 200 120
3.3181 0.4004 -2.4530 80 200 120
2.0865 0.4129 -2.2393 80 200 120
3.4597 5.3993 -0.6312 80 200 120
3.6175 5.6690 0.2582 80 200 120
0.9900 2.8036 -2.9905 80 200 120
2.7541 0.1681 -2.2584 80 200 120
4.0185 -1.2210 -2.8210 80 200 120
0.6319 -1.8949 -2.7612 80 200 120
2.1194 -0.3046 -1.7199 80 200 120
4.7491 0.4984 -1.7513 80 200 120
4.8778 1.6825 -3.1124 80 200 120
1.4827 -0.7469 -1.8164 80 200 120
2.4229 -0.1849 -2.1785 80 200 120
1.9151 -0.6924 -1.7257 80 200 120
0.2130 -1.5389 0.3499 80 200 120
-0.6320 3.1951 0.4014 80 200 120
-1.9219 -0.2999 -1.8083 80 200 120
-1.8168 1.0502 0.4394 80 200 120
1.6461 0.3205 -0.1722 80 200 120
1.1562 -2.1145 -0.7505 80 200 120
4.1526 -2.7398 -0.0399 80 200 120
4.2980 -2.5073 0.1549 80 200 120
0.5317 0.6108 -0.6345 80 200 120
1.7744 -2.4733 -0.7353 80 200 120
-1.2467 -1.0409 -1.9524 80 200 120
4.5424 -2.0302 -0.1974 80 200 120
4.6584 -1.6809 0.2770 80 200 120
5.2411 -0.5329 0.2215 80 200 120
5.5873 0.3845 -0.4682 80 200 120
4.9078 -1.1845 -0.1768 80 200 120
0.7627 5.1848 0.4318 80 200 120
2.4132 7.0114 0.2046 80 200 120
1.3192 0.9767 0.0949 80 200 120
6.3257 3.6909 -1.5113 80 200 120
1.3876 1.0894 -1.2197 80 200 120
1.1274 5.4946 -2.4537 80 200 120
0.7170 4.8383 -2.2423 80 200 120
4.3442 4.6179 -2.5518 80 200 120
-1.3471 6.2615 -3.4804 80 200 120
0.9143 3.6414 -2.7326 80 200 120
4.1064 4.8193 -3.0316 80 200 120
1.7839 0.6586 -1.8330 80 200 120
2.6438 0.9816 -2.0176 80 200 120
3.5115 0.8296 -2.5898 80 200 120
2.3357 -0.2877 -2.0025 80 200 120
1.6318 0.6715 -1.2578 80 200 120
-0.0622 -0.0994 -2.8314 80 200 120
-0.4767 -1.5380 -2.9013 80 200 120
2.9624 5.5671 0.2478 80 200 120
5.0952 1.2036 -3.1691 80 200 120
4.8077 0.5918 -1.8698 80 200 120
4.4627 -0.1596 -1.9346 80 200 120
5.5741 3.0201 -2.6811 80 200 120
3.1256 4.5898 -2.1853 80 200 120
1.0505 6.0245 -2.3528 80 200 120
3.8698 6.0734 -1.6946 80 200 120
5.4024 0.8881 -2.0517 80 200 120
2.8138 2.4942 -2.2339 80 200 120
6.7771 3.9182 0.1927 80 200 120
4.8372 0.2983 -1.8968 80 200 120
2.1193 0.0541 -2.4523 80 200 120
4.7679 -0.2935 -2.7482 80 200 120
2.2979 0.0529 -2.1804 80 200 120
2.3300 0.2569 -2.0624 80 200 120
2.4516 0.2127 -2.6521 80 200 120
1.5202 -0.2721 -1.8803 80 200 120
2.7489 0.0453 -2.7046 80 200 120
1.6035 0.1263 0.2097 80 200 120
-1.3566 -0.9602 -0.8433 80 200 120
-0.9827 1.0711 -1.1603 80 200 120
1.3107 0.3094 -0.3081 80 200 120
1.8976 -2.6333 -1.4623 80 200 120
4.2819 -2.4245 0.3400 80 200 120
5.0757 -0.2614 0.2704 80 200 120
5.3644 0.6200 0.2435 80 200 120
6.3459 2.4465 0.3168 80 200 120
5.8638 0.9847 0.0227 80 200 120
3.7127 -1.9323 0.3756 80 200 120
4.7582 -1.4857 0.0178 80 200 120
4.4529 -2.1094 -0.3072 80 200 120
3.9946 -2.8276 -0.2006 80 200 120
5.8405 0.0099 -0.4212 80 200 120
5.4211 1.0243 0.2415 80 200 120
5.2165 -0.3607 -0.0727 80 200 120
4.7363 -1.4598 0.1994 80 200 120
4.4852 -1.6803 0.3842 80 200 120
0.8898 5.6280 0.2084 80 200 120
0.7487 5.9250 -0.7551 80 200 120
-1.7997 0.6920 0.3096 80 200 120
7.6025 4.9433 -1.8801 80 200 120
7.1371 4.6482 0.2424 80 200 120
1.6719 0.1252 0.3603 80 200 120
-0.3387 3.6893 -2.3467 80 200 120
2.0166 3.6512 -2.1255 80 200 120
3.5746 3.9505 -1.8397 80 200 120
5.6416 3.6014 -1.8084 80 200 120
7.5846 5.8263 -0.2310 80 200 120
5.5076 3.9773 -2.0948 80 200 120
1.1952 6.6025 -2.6053 80 200 120
-1.8128 0.9415 -0.6465 80 200 120
0.8671 5.5259 -2.3824 80 200 120
2.7600 2.5724 -2.3384 80 200 120
2.8502 3.2777 -2.0291 80 200 120
2.3159 -0.3901 -1.8302 80 200 120
3.6062 1.1134 -2.4395 80 200 120
3.3818 2.7523 -2.4180 80 200 120
0.1062 5.3190 -1.8037 80 200 120
5.4942 2.1951 -1.4579 80 200 120
0.3318 0.7233 -2.6436 80 200 120
1.7496 0.0890 0.3425 80 200 120
1.4122 -2.3756 -2.8870 80 200 120
3.3664 4.7557 -1.6413 80 200 120
3.1939 5.1702 -2.0063 80 200 120
3.1408 4.7116 -2.0916 80 200 120
-0.5497 3.4508 -2.8245 80 200 120
1.0293 3.4814 -2.5889 80 200 120
2.9468 0.0739 -2.8970 80 200 120
3.4481 1.1498 -1.9917 80 200 120
2.1782 2.1706 -2.0472 80 200 120
4.8978 -0.8766 -2.8397 80 200 120
-0.4760 -1.3800 -2.8318 80 200 120
2.1724 -0.9419 -2.2213 80 200 120
1.9408 -0.9777 -2.1284 80 200 120
2.2490 -0.5997 -2.3890 80 200 120
2.0717 0.2305 -2.1703 80 200 120
0.2889 -1.6901 -2.7237 80 200 120
2.3053 -0.5518 -2.8012 80 200 120
1.6464 -2.3749 -0.5300 80 200 120
1.7110 -2.3890 0.0417 80 200 120
0.6317 -2.0237 -0.0790 80 200 120
3.2934 -3.1764 0.3682 80 200 120
-0.4312 2.8289 0.3078 80 200 120
2.2441 -2.7435 -0.5907 80 200 120
5.4651 0.3416 0.3834 80 200 120
5.2822 1.1522 0.3353 80 200 120
4.4074 -1.8739 0.3784 80 200 120
3.4509 -1.9558 0.3783 80 200 120
4.9236 -0.9388 -0.0973 80 200 120
6.3344 1.8897 -0.0044 80 200 120
4.5252 -1.9585 0.0025 80 200 120
5.4972 0.4928 0.1435 80 200 120
0.7524 1.5107 -0.0894 80 200 120
7.1868 5.9248 0.4327 80 200 120
3.0766 5.3615 -0.4471 80 200 120
1.9368 -0.0478 -0.2497 80 200 120
1.6530 0.0841 0.1057 80 200 120
1.8285 0.6073 -1.9590 80 200 120
3.0441 2.7975 -2.3282 80 200 120
1.4479 0.8422 -1.1102 80 200 120
2.9923 3.1203 -2.3573 80 200 120
6.4220 2.5090 -3.1145 80 200 120
4.8947 0.6375 -1.9510 80 200 120
1.2004 0.2730 -0.3370 80 200 120
-0.3846 1.2433 -2.2769 80 200 120
3.3904 7.2069 0.3525 80 200 120
1.9073 7.5935 -2.3482 80 200 120
1.2341 5.4071 -2.4396 80 200 120
5.7600 3.0490 -1.6484 80 200 120
6.5004 3.5728 0.1831 80 200 120
0.0798 3.6815 -2.1966 80 200 120
3.0026 5.1604 0.2292 80 200 120
0.5797 3.7860 -2.2167 80 200 120
2.8425 0.5882 -1.8026 80 200 120
5.8573 5.2234 0.2298 80 200 120
3.5731 6.1376 0.2646 80 200 120
3.1073 0.2905 -2.8570 80 200 120
2.4385 -0.1786 -2.7302 80 200 120
1.9623 -0.9089 -2.9927 80 200 120
2.2677 -0.6944 -2.6724 80 200 120
2.4741 1.0584 -2.0964 80 200 120
2.8896 0.0847 -2.0452 80 200 120
2.1965 -0.5661 -1.7282 80 200 120
2.3932 0.2123 -2.4688 80 200 120
2.5936 -2.3433 -2.8150 80 200 120
3.7044 -3.4632 -2.8235 80 200 120
4.9051 0.3735 -2.0086 80 200 120
3.4566 1.1795 -2.9708 80 200 120
1.3470 -2.3918 -2.9314 80 200 120
3.1870 0.0123 -2.3634 80 200 120
1.8966 -0.6941 -1.7379 80 200 120
3.2909 0.4165 -2.6121 80 200 120
1.6917 -0.5316 -1.7382 80 200 120
4.5935 0.4622 -1.9330 80 200 120
-1.3436 -0.9460 -2.7139 80 200 120
1.1408 -0.1797 -2.1960 80 200 120
-0.3734 -1.2094 0.3179 80 200 120
1.6461 0.1125 0.3759 80 200 120
-1.4555 1.2379 -1.2895 80 200 120
1.8311 0.3568 0.3655 80 200 120
3.5290 -3.3283 0.3423 80 200 120
1.4691 0.2276 -0.2206 80 200 120
0.1822 2.7756 0.4238 80 200 120
-0.7297 -0.9143 -0.0070 80 200 120
-1.6204 -1.0554 -1.5127 80 200 120
2.0894 -2.6262 -0.3125 80 200 120
0.9827 -2.2735 -0.5248 80 200 120
1.0852 -1.9278 0.3325 80 200 120
5.7508 0.7779 0.3984 80 200 120
5.5198 0.8370 0.3832 80 200 120
5.2583 -0.5396 -0.3192 80 200 120
4.4805 -2.0844 -0.0423 80 200 120
4.3989 -2.2073 0.3308 80 200 120
4.6360 -1.6806 -0.3281 80 200 120
4.3122 -2.4928 0.1130 80 200 120
3.6871 -3.2658 0.2453 80 200 120
4.0941 -2.7968 -0.0514 80 200 120
4.5885 -1.7335 -0.5602 80 200 120
0.7831 5.1894 0.2764 80 200 120
5.9017 7.6263 -1.8279 80 200 120
-2.0279 0.9797 -0.1182 80 200 120
3.3368 5.7092 0.4830 80 200 120
7.8491 4.8005 -1.9756 80 200 120
2.0512 1.3156 -2.4906 80 200 120
2.1712 2.8311 -2.0210 80 200 120
2.9079 0.1355 -2.5596 80 200 120
2.4440 -0.2166 -2.5414 80 200 120
2.2753 2.1001 -2.7255 80 200 120
1.9882 0.6237 -2.2389 80 200 120
4.7362 0.2550 -1.8193 80 200 120
4.5309 -0.1137 -2.9907 80 200 120
2.9167 0.0911 -1.9557 80 200 120
5.4469 1.0513 -2.0356 80 200 120
2.0686 7.1674 -2.5321 80 200 120
0.3364 2.3964 -2.7969 80 200 120
3.3018 0.8706 -1.9222 80 200 120
1.4763 0.7030 -2.1072 80 200 120
4.5218 -2.0611 -2.9779 80 200 120
1.8169 -0.0029 -1.8007 80 200 120
4.6113 0.2042 -1.9110 80 200 120
2.0047 0.2698 -2.2345 80 200 120
2.5235 0.1154 -2.1075 80 200 120
0.9790 -0.5960 -2.0718 80 200 120
2.4090 0.1795 -1.9656 80 200 120
2.1629 -0.7525 -2.2048 80 200 120
1.9577 -0.9152 -1.8035 80 200 120
2.0079 -0.9722 -2.0426 80 200 120
0.7726 1.4074 -0.1861 80 200 120
-1.6258 1.4672 -0.2530 80 200 120
-1.5597 1.4018 -0.6650 80 200 120
1.7495 0.2354 0.3585 80 200 120
1.8147 0.2278 -0.1696 80 200 120
0.1144 -1.7331 -1.8600 80 200 120
3.9725 -2.6934 -0.5955 80 200 120
2.7076 -2.5129 0.3665 80 200 120
3.8782 -3.1970 -0.1176 80 200 120
5.2195 -0.4363 0.0968 80 200 120
3.2284 -2.1810 0.3811 80 200 120
4.9893 -0.8681 0.0887 80 200 120
4.3558 -2.0743 -0.2432 80 200 120
5.2401 -0.9843 -0.7629 80 200 120
5.9433 1.0286 -0.0434 80 200 120
4.1680 -2.8007 -0.1976 80 200 120
4.9669 -1.0243 -0.3126 80 200 120
-0.0643 2.5464 -0.2899 80 200 120
0.2437 2.0975 -0.4723 80 200 120
4.2573 5.9404 -1.3282 80 200 120
0.5753 4.2036 -2.0974 80 200 120
6.4640 3.9389 -1.5175 80 200 120
0.5048 3.9754 -1.8483 80 200 120
0.8099 4.1919 -2.3536 80 200 120
0.6606 3.5935 -1.8335 80 200 120
1.9808 0.2302 -1.8530 80 200 120
2.2256 2.8466 -1.9749 80 200 120
3.0530 3.5436 -2.3457 80 200 120
-0.6070 -1.1603 -2.7858 80 200 120
5.4429 1.4044 -2.1639 80 200 120
1.5042 -2.6448 -3.1326 80 200 120
1.6611 0.5428 0.0651 80 200 120
1.6354 0.1068 0.0836 80 200 120
5.7314 3.4895 -2.6900 80 200 120
5.0020 4.9264 -2.6632 80 200 120
6.5261 5.4148 -2.3395 80 200 120
5.9154 2.7748 -1.6193 80 200 120
0.1314 3.3599 -2.5086 80 200 120
2.5095 0.2406 -2.9429 80 200 120
0.7292 3.5850 -2.1216 80 200 120
3.2674 0.4442 -2.5464 80 200 120
3.9538 0.0240 -2.8168 80 200 120
3.3140 -1.4203 -2.8490 80 200 120
4.6258 -0.0456 -2.5137 80 200 120
2.1738 -0.6368 -1.7845 80 200 120
4.6403 0.5683 -2.0614 80 200 120
4.6481 0.5289 -2.4391 80 200 120
1.6336 -0.8392 -1.8427 80 200 120
1.9895 -0.5996 -1.7051 80 200 120
-0.6653 0.1815 -3.0130 80 200 120
-0.6303 -1.4384 -2.9466 80 200 120
-1.5268 -0.5926 -2.4461 80 200 120
-1.7876 -1.0244 -3.0574 80 200 120
4.8353 -0.1238 -1.8291 80 200 120
4.1936 0.6359 -2.8230 80 200 120
1.0034 -1.6890 -0.3460 80 200 120
-1.5779 1.6623 -1.1131 80 200 120
-1.7974 1.5697 0.4593 80 200 120
1.1088 -1.2143 0.3990 80 200 120
-1.8048 1.0294 -0.1296 80 200 120
1.5411 0.1339 -0.2679 80 200 120
1.0865 0.4454 -0.1356 80 200 120
-2.0564 0.2330 -2.0620 80 200 120
3.8838 -3.1169 0.3149 80 200 120
-0.9110 4.0166 0.5587 80 200 120
0.9046 -2.0948 -0.3376 80 200 120
4.7878 -1.4943 -0.7747 80 200 120
4.1224 -2.7935 -0.3561 80 200 120
4.2276 -2.4720 -0.2932 80 200 120
3.2904 -2.5918 0.3797 80 200 120
4.9792 -0.9360 -0.1020 80 200 120
4.1277 -2.6325 0.3383 80 200 120
4.7365 -0.7076 -0.0389 80 200 120
2.7027 -2.7213 0.2610 80 200 120
5.3984 1.3331 0.4037 80 200 120
5.4374 -0.3485 -0.1475 80 200 120
5.5582 -0.0075 -0.2526 80 200 120
4.8507 0.4229 0.3785 80 200 120
0.9702 7.0737 -0.0462 80 200 120
-0.1720 4.0903 -0.1724 80 200 120
2.1532 2.7282 -1.8431 80 200 120
-0.2287 3.9337 -2.3184 80 200 120
1.7586 0.0550 -0.2728 80 200 120
5.6765 6.6959 -1.6248 80 200 120
-1.7738 0.9110 -0.3876 80 200 120
7.3819 4.8507 -1.4625 80 200 120
3.4303 4.6856 -2.6377 80 200 120
0.4402 4.5203 -1.9601 80 200 120
0.8095 4.5905 -2.3589 80 200 120
2.2158 3.9977 -2.0209 80 200 120
2.0715 -0.8668 -2.8664 80 200 120
1.5952 -0.4011 -1.8361 80 200 120
2.2234 -0.5847 -1.6827 80 200 120
4.5017 -0.1168 -2.9084 80 200 120
2.5366 -2.6936 -2.6984 80 200 120
6.2352 4.8182 -2.3756 80 200 120
5.0363 -0.2487 -2.4261 80 200 120
5.5378 1.1451 -2.1150 80 200 120
5.3140 0.7568 -2.1163 80 200 120
4.7605 0.8201 -2.1069 80 200 120
4.8517 0.8710 -2.5992 80 200 120
2.2259 -0.5123 -2.9975 80 200 120
4.5133 -0.1154 -2.0036 80 200 120
4.2915 -2.3191 -2.6865 80 200 120
4.8266 -0.2734 -2.8967 80 200 120
4.7497 0.2765 -1.8399 80 200 120
5.0638 0.2605 -2.0472 80 200 120
1.6593 7.3481 -2.4610 80 200 120
3.4742 0.8626 -2.5499 80 200 120
6.8461 4.1645 0.2319 80 200 120
3.5460 5.7432 0.2671 80 200 120
5.6612 4.7756 0.2042 80 200 120
1.7336 0.5193 -2.0453 80 200 120
2.9638 0.0440 -2.8171 80 200 120
2.8386 0.5988 -1.8023 80 200 120
4.7525 -1.4107 -2.9032 80 200 120
4.6525 -0.8859 -2.8061 80 200 120
1.6188 -0.5202 -1.8311 80 200 120
4.4853 -0.0795 -1.8831 80 200 120
4.8844 0.3630 -1.9664 80 200 120
3.5165 1.8336 -3.8293 80 200 120
4.7399 -0.3126 -2.7168 80 200 120
2.9609 0.0373 -1.8806 80 200 120
2.0061 -0.7745 -1.8202 80 200 120
1.6081 0.1463 -2.0477 80 200 120
1.7499 -2.4634 -2.8181 80 200 120
3.1131 0.0514 -2.4956 80 200 120
3.2353 0.1805 -2.3682 80 200 120
2.5220 0.0808 -2.0769 80 200 120
1.8432 0.3850 -2.2087 80 200 120
4.0037 0.7847 -2.8108 80 200 120
0.6527 -2.0040 -0.6238 80 200 120
3.6019 -2.6021 0.3691 80 200 120
-2.5684 -0.0833 -2.5888 80 200 120
-0.0154 -1.7109 -1.4767 80 200 120
1.4227 -0.3329 0.4025 80 200 120
-2.1965 0.0384 -0.7286 80 200 120
4.0200 -2.8454 0.3207 80 200 120
-1.2837 -0.6821 -1.7160 80 200 120
2.1159 -2.7586 -0.7123 80 200 120
4.7649 -1.2682 -0.5598 80 200 120
3.4009 -3.1266 0.3588 80 200 120
3.1144 -3.1056 0.1745 80 200 120
0.9452 7.2400 -0.3278 80 200 120
0.8586 7.1301 -0.1556 80 200 120
0.3260 6.2170 -0.1677 80 200 120
0.2578 4.3988 -0.4872 80 200 120
1.6236 8.3397 -0.3777 80 200 120
1.0938 7.4438 -0.9673 80 200 120
4.9244 6.9838 -0.8297 80 200 120
6.0973 6.1243 0.1655 80 200 120
5.3901 6.9514 -1.0131 80 200 120
4.1918 3.5618 -2.1074 80 200 120
3.1356 6.1301 -0.4926 80 200 120
5.5154 5.1959 -2.8894 80 200 120
6.5067 3.0715 0.2779 80 200 120
6.5854 5.5415 -1.1607 80 200 120
-1.7533 1.5983 -0.6143 80 200 120
5.8633 3.2682 -1.8656 80 200 120
0.7945 5.0758 -2.3299 80 200 120
0.8521 4.5716 -2.4669 80 200 120
1.3006 3.5927 -2.8224 80 200 120
1.1006 6.7430 -2.5338 80 200 120
1.6349 0.8411 -1.5108 80 200 120
1.7589 -2.1190 -2.4013 80 200 120
5.7640 3.4921 -1.4629 80 200 120
5.9338 3.9842 -1.1981 80 200 120
5.8936 3.0612 -1.4979 80 200 120
2.0301 -2.1848 -2.2968 80 200 120
-0.5933 3.7006 -0.9016 80 200 120
5.6035 2.5599 -2.1527 80 200 120
1.5516 0.6412 0.0856 80 200 120
3.4489 5.2841 0.2376 80 200 120
4.7525 -1.4349 -2.8693 80 200 120
2.9367 4.3602 -2.1014 80 200 120
2.5188 -0.2321 -2.5433 80 200 120
2.0260 -0.9048 -2.9160 80 200 120
2.4782 -0.7208 -2.2336 80 200 120
2.9294 0.0878 -1.9215 80 200 120
1.7097 -0.9295 -2.8496 80 200 120
4.4580 -2.0101 -2.8319 80 200 120
2.5294 -0.5458 -2.2993 80 200 120
3.0983 5.3016 0.2504 80 200 120
4.7683 3.0319 -2.8316 80 200 120
3.4227 -2.7164 -2.7879 80 200 120
2.1278 -2.6757 -2.7720 80 200 120
2.3927 -0.1791 -1.7368 80 200 120
4.2404 -2.6543 -2.8032 80 200 120
1.5892 -2.2572 -2.6527 80 200 120
1.6657 -0.2170 -1.9223 80 200 120
1.2083 -2.2420 0.1065 80 200 120
1.3568 -2.2415 0.2930 80 200 120
1.8461 -2.8663 -0.8498 80 200 120
-1.8757 0.1520 -2.0239 80 200 120
5.7355 0.6263 0.3702 80 200 120
4.9237 -0.1250 0.0680 80 200 120
3.6381 -3.3170 -0.2254 80 200 120
4.5001 -1.9821 -0.2013 80 200 120
4.2359 -2.5292 -0.6971 80 200 120
4.0830 -2.8419 -0.0318 80 200 120
0.6894 1.4756 -0.2683 80 200 120
2.0870 8.5104 -0.3318 80 200 120
-0.0038 4.3699 -0.9975 80 200 120
0.2326 4.4717 0.2891 80 200 120
5.9136 3.9308 -2.6251 80 200 120
1.1541 0.3884 0.1617 80 200 120
1.6474 8.0848 -2.3957 80 200 120
0.3801 3.6988 -2.0807 80 200 120
5.9908 2.4360 -1.1557 80 200 120
3.3985 4.5908 0.3104 80 200 120
1.6229 0.1567 0.3656 80 200 120
0.8961 5.8376 -2.4556 80 200 120
5.8409 5.4549 -2.4199 80 200 120
5.0806 5.9702 -2.4419 80 200 120
1.8746 0.3264 0.2905 80 200 120
1.0441 4.6815 -2.6574 80 200 120
5.9900 4.4217 -2.1774 80 200 120
5.8956 3.0257 -1.2580 80 200 120
5.7030 1.7494 -1.2491 80 200 120
3.0852 4.1795 -2.3515 80 200 120
3.7350 3.5423 -2.1260 80 200 120
3.4573 3.9410 -2.2832 80 200 120
0.8328 6.1552 -2.4345 80 200 120
1.1321 2.1241 -2.1607 80 200 120
0.7568 3.5913 -2.1034 80 200 120
-0.0110 3.8148 -2.0130 80 200 120
0.2532 3.8578 -2.5116 80 200 120
3.4751 1.0884 -2.0882 80 200 120
3.3360 1.0664 -1.8910 80 200 120
1.1682 1.6840 -1.6068 80 200 120
3.3118 0.4360 -2.4958 80 200 120
2.9788 3.7669 -1.9571 80 200 120
-2.3033 -0.0585 -2.6810 80 200 120
-0.8039 0.1537 -2.6119 80 200 120
1.7615 0.3158 -0.9635 80 200 120
3.6393 1.1984 -2.3776 80 200 120
4.9976 0.9913 -2.0738 80 200 120
5.6031 2.3895 -1.5849 80 200 120
6.2502 3.7330 -1.2334 80 200 120
3.1452 0.2110 -2.4812 80 200 120
-2.0979 -0.5263 0.3042 80 200 120
5.6275 3.1423 -2.6956 80 200 120
0.7782 3.7312 -2.0442 80 200 120
3.3811 -2.1572 -2.8334 80 200 120
2.7776 -1.9500 -2.8390 80 200 120
2.2079 -0.5891 -1.7333 80 200 120
1.7907 -0.8599 -1.6932 80 200 120
2.0942 -0.9661 -1.9172 80 200 120
1.9674 -0.6862 -1.7060 80 200 120
2.9440 0.0825 -1.9671 80 200 120
4.9982 0.1763 -1.9189 80 200 120
2.3215 -0.4450 -1.7261 80 200 120
0.2842 -0.8731 -2.7961 80 200 120
4.8836 -1.3015 -2.7484 80 200 120
2.2428 -0.7455 -2.7230 80 200 120
1.4354 0.2433 -2.1567 80 200 120
-1.1488 1.6683 0.1953 80 200 120
-2.7666 -0.5091 -2.8703 80 200 120
-0.3712 -1.5433 -0.8278 80 200 120
0.1572 -1.7668 -0.1543 80 200 120
-1.4376 1.8541 -0.6869 80 200 120
-1.3290 1.9528 -0.2590 80 200 120
1.7155 0.5035 -0.0904 80 200 120
1.5652 0.1305 0.1354 80 200 120
-13.4755 -0.4633 0.2438 80 200 120
-0.8589 -1.2959 -1.6134 80 200 120
4.0631 -2.9968 -0.9420 80 200 120
4.1393 -2.8645 -0.3658 80 200 120
3.3342 -3.1632 -0.0349 80 200 120
3.0162 -3.0431 0.2684 80 200 120
4.6399 -1.7729 -0.5883 80 200 120
4.2662 -2.1780 -0.6311 80 200 120
3.9009 -3.3266 -0.4699 80 200 120
4.7825 -0.7168 -0.0342 80 200 120
4.7601 -1.4864 0.2214 80 200 120
4.0268 -3.0590 -0.1769 80 200 120
4.7577 -1.4979 0.0201 80 200 120
-0.0229 2.8055 -0.5728 80 200 120
2.4794 6.0417 -2.2285 80 200 120
4.6158 5.4024 -2.6629 80 200 120
5.7081 2.3296 -1.4345 80 200 120
4.2442 4.8258 -2.8724 80 200 120
4.0202 5.7526 0.2758 80 200 120
1.0371 5.3508 -2.6861 80 200 120
1.4721 0.9462 -1.2939 80 200 120
0.6918 3.9556 -2.0241 80 200 120
3.3136 1.0782 -1.8939 80 200 120
2.0694 -0.4775 -1.6595 80 200 120
1.6281 0.7246 -1.3714 80 200 120
1.1217 7.5000 -2.2276 80 200 120
0.9371 -2.0513 -2.6788 80 200 120
2.8448 5.2302 0.2123 80 200 120
2.7204 0.0321 -2.7325 80 200 120
4.5631 -0.0820 -3.0120 80 200 120
1.9608 -0.6894 -1.6893 80 200 120
4.8831 -1.0342 -2.7720 80 200 120
3.2444 4.5290 -2.5008 80 200 120
2.8090 2.8725 -1.9364 80 200 120
1.1246 4.9393 -2.5107 80 200 120
3.3798 4.1607 -1.7014 80 200 120
6.2406 2.3078 -1.6656 80 200 120
1.9997 -0.9230 -2.9887 80 200 120
2.4858 -0.2365 -2.6116 80 200 120
2.3774 -0.1409 -1.8011 80 200 120
2.4560 -0.6526 -2.3450 80 200 120
3.2856 0.8024 -1.8831 80 200 120
4.7111 -1.4177 -2.7563 80 200 120
2.3852 0.2321 -2.2626 80 200 120
1.9225 1.2045 -2.4912 80 200 120
5.3081 -0.3908 -2.9321 80 200 120
2.5609 2.2255 -1.7568 80 200 120
3.4405 5.1514 0.2263 80 200 120
2.9540 0.0669 -1.9059 80 200 120
7.1886 8.6672 0.4575 80 200 120
5.0055 -1.0281 -3.0430 80 200 120
2.1131 -2.4238 -2.8050 80 200 120
2.3787 -0.5680 -2.6576 80 200 120
2.6046 0.1238 -2.7612 80 200 120
1.7919 -2.1320 -2.3568 80 200 120
-2.6411 -0.5094 -2.9647 80 200 120
2.2630 -0.9767 -1.9396 80 200 120
-1.8586 1.0576 -2.1334 80 200 120
1.6239 0.5881 -0.2828 80 200 120
-1.5377 1.7007 -1.7651 80 200 120
0.8178 0.6376 -0.7819 80 200 120
-1.7952 0.9514 -1.0121 80 200 120
0.6260 0.0605 0.4107 80 200 120
0.7568 -1.9932 -1.0108 80 200 120
1.6608 0.0572 0.3123 80 200 120
1.8289 0.2967 0.3908 80 200 120
1.6490 0.6023 0.0941 80 200 120
1.7238 0.1648 0.3883 80 200 120
1.9147 -1.0749 -0.2870 80 200 120
4.4713 -2.1344 -0.3022 80 200 120
3.1506 -3.2159 -0.1688 80 200 120
3.8741 -3.2868 -0.1123 80 200 120
4.7335 -1.2887 -0.5217 80 200 120
7.0171 0.2122 -0.2476 80 200 120
4.2322 -2.6050 -0.1569 80 200 120
0.3156 5.7742 -1.3797 80 200 120
0.2081 5.9492 -0.8062 80 200 120
0.1567 5.0464 -0.3799 80 200 120
6.4331 5.8418 0.3124 80 200 120
4.9318 6.0136 0.2448 80 200 120
5.6022 6.0813 0.2220 80 200 120
1.5462 0.1576 0.1556 80 200 120
0.8645 4.8352 -2.4873 80 200 120
3.4381 1.0150 -2.0883 80 200 120
1.7757 7.5545 -2.2615 80 200 120
5.0271 -0.2759 -2.4245 80 200 120
4.8777 0.9597 -2.2976 80 200 120
5.1376 0.5796 -1.9504 80 200 120
4.8802 0.9201 -2.6029 80 200 120
4.5577 -0.0292 -1.9643 80 200 120
4.8152 -0.2690 -2.8943 80 200 120
5.4313 0.9599 -2.0130 80 200 120
4.6680 0.2166 -1.8968 80 200 120
-1.4381 2.2772 -2.4246 80 200 120
6.4582 3.0303 -1.4009 80 200 120
3.4081 5.3920 0.2317 80 200 120
6.3137 4.7746 -1.3379 80 200 120
5.0247 0.2838 -1.9382 80 200 120
2.3494 -2.9275 -3.0833 80 200 120
-1.3561 1.7260 -0.8506 80 200 120
5.1695 -0.4089 -2.7498 80 200 120
1.4706 -2.3203 -2.8309 80 200 120
3.0561 5.9445 -1.9588 80 200 120
3.0343 5.3522 -1.7352 80 200 120
1.2741 5.4039 -2.5089 80 200 120
1.5355 5.4278 -2.4078 80 200 120
3.5782 5.4127 -1.5796 80 200 120
4.9891 0.9010 -2.0029 80 200 120
2.8496 0.5585 -1.7762 80 200 120
3.0938 0.5376 -1.7874 80 200 120
2.5616 -2.7926 -2.8332 80 200 120
2.9681 -3.0176 -2.8030 80 200 120
1.7431 0.1930 -2.0642 80 200 120
3.2091 -0.2063 -1.7217 80 200 120
1.5873 -0.7293 -1.7579 80 200 120
3.8822 0.9595 -2.8308 80 200 120
-2.4680 -0.5646 -0.3382 80 200 120
-1.2257 -0.9923 -1.8970 80 200 120
0.6695 -0.8177 0.4047 80 200 120
2.0783 -2.4045 0.3496 80 200 120
5.3363 -0.7332 -0.0570 80 200 120
4.6741 -1.1758 -0.1401 80 200 120
5.0694 -0.5775 -0.2483 80 200 120
4.4811 -1.4857 -0.6155 80 200 120
-0.0173 3.0014 -0.7451 80 200 120
5.3181 6.9995 -0.3744 80 200 120
1.2058 6.5455 -2.6279 80 200 120
5.3008 5.0090 -2.6952 80 200 120
6.3606 2.3000 0.3588 80 200 120
1.7945 3.4246 -2.1600 80 200 120
4.4125 5.0277 -3.0544 80 200 120
2.2456 2.4550 -2.6186 80 200 120
3.6247 3.2926 -2.3570 80 200 120
6.4179 2.5985 -1.6259 80 200 120
4.9680 -0.1929 -2.1310 80 200 120
3.0436 5.8170 -1.7252 80 200 120
3.0162 5.7284 -2.1725 80 200 120
3.0824 5.6670 -1.7758 80 200 120
5.2082 6.1407 -2.5672 80 200 120
2.4226 -0.1748 -2.3356 80 200 120
2.4552 -0.2062 -2.7111 80 200 120
0.7740 2.8962 -2.4817 80 200 120
3.9277 4.0853 -2.9697 80 200 120
2.2421 0.4564 -2.0825 80 200 120
1.1994 2.5911 -2.8043 80 200 120
4.4697 -2.0283 -2.7262 80 200 120
4.5969 -1.8134 -2.7820 80 200 120
0.0134 -0.4820 -2.7573 80 200 120
-1.6491 -0.9745 -2.8656 80 200 120
-0.4103 0.0290 -2.4737 80 200 120
5.5081 -0.0551 -2.9839 80 200 120
4.5057 -0.1407 -1.9174 80 200 120
2.2926 -0.4914 -2.9263 80 200 120
5.5938 -0.3046 -3.2916 80 200 120
-0.4686 -0.9919 -2.7450 80 200 120
-1.3914 -0.6938 -2.9941 80 200 120
1.8986 -2.4088 -2.6170 80 200 120
1.0570 -2.1494 -0.0103 80 200 120
0.9535 0.7293 -0.3271 80 200 120
-0.3709 -0.8847 -1.1660 80 200 120
-1.6444 -0.9968 -0.8512 80 200 120
0.6298 -1.7785 -1.5656 80 200 120
1.6242 -2.4210 -0.3343 80 200 120
-2.0564 -0.2807 0.6013 80 200 120
1.7493 -2.5246 -0.7783 80 200 120
3.2981 -3.2257 -0.1465 80 200 120
2.4310 -2.0304 0.3802 80 200 120
3.1090 -2.9832 -0.1316 80 200 120
1.1375 5.7108 0.2568 80 200 120
3.5220 5.9624 -1.2198 80 200 120
3.7871 5.7980 -0.1210 80 200 120
6.3547 3.6768 -1.4530 80 200 120
6.8946 3.6853 -1.4693 80 200 120
1.3583 1.2892 -1.5925 80 200 120
0.9453 4.6967 -2.6617 80 200 120
2.9635 0.7606 -1.8083 80 200 120
6.7140 3.6025 -1.2163 80 200 120
1.6887 -0.1088 -1.8489 80 200 120
2.1855 -0.6458 -2.3658 80 200 120
4.6241 2.7630 -2.7055 80 200 120
6.0622 4.3283 -1.2669 80 200 120
3.4792 5.6788 0.2063 80 200 120
3.0478 5.7735 0.2852 80 200 120
-2.1328 -0.5532 -2.6341 80 200 120
2.2499 -0.6026 -2.8869 80 200 120
0.3125 -1.9728 -3.0299 80 200 120
-0.5585 -1.8648 -3.4203 80 200 120
-2.0729 0.1844 -2.7918 80 200 120
3.7604 7.1631 -0.2781 80 200 120
1.3750 1.1176 -0.4858 80 200 120
3.0213 5.6915 -1.8780 80 200 120
2.9734 6.1892 -2.0492 80 200 120
2.8615 3.4189 -1.9367 80 200 120
2.9245 2.0092 -2.1147 80 200 120
5.5102 4.9804 -2.8134 80 200 120
2.4601 0.1936 -2.6182 80 200 120
2.9715 0.0184 -1.8130 80 200 120
1.0897 3.3619 -2.5965 80 200 120
2.6521 0.1736 -1.7871 80 200 120
-0.3149 0.0689 -2.7889 80 200 120
1.5876 -2.2824 -2.6483 80 200 120
-2.0437 -0.5692 -2.6406 80 200 120
-0.4093 0.4731 -2.3693 80 200 120
-2.4184 0.1221 -2.8815 80 200 120
4.9579 -0.1982 -2.0931 80 200 120
1.8641 -0.1229 -1.7334 80 200 120
1.8757 0.3013 -2.1958 80 200 120
2.7976 -0.0008 -2.6383 80 200 120
1.7679 0.1836 -2.0706 80 200 120
-0.8674 2.1033 0.2029 80 200 120
1.0900 0.2248 0.4092 80 200 120
1.9177 0.2756 0.0399 80 200 120
-2.6919 0.4622 -3.0146 80 200 120
1.9455 0.2039 0.1599 80 200 120
-0.0114 3.8384 0.5356 80 200 120
0.5214 -1.8451 0.3424 80 200 120
4.3151 -3.2881 -1.2573 80 200 120
4.0751 -3.0384 -0.1990 80 200 120
3.8804 -3.3442 -0.1360 80 200 120
4.8380 -1.3128 -0.1802 80 200 120
4.2778 -2.4831 -0.3455 80 200 120
4.2609 -2.6073 0.0456 80 200 120
2.3797 -2.2654 0.3733 80 200 120
2.8112 -2.9664 0.2848 80 200 120
4.9347 -1.0801 0.0528 80 200 120
4.6109 -1.5448 0.3438 80 200 120
5.0635 -0.6989 0.3570 80 200 120
5.1715 -0.3556 -0.2570 80 200 120
2.6685 -2.8243 0.2794 80 200 120
4.2608 -2.5671 -0.6833 80 200 120
4.4346 -2.1478 -0.5044 80 200 120
3.7684 -3.4277 -0.3916 80 200 120
4.5704 -1.9407 -0.1432 80 200 120
4.7033 -1.6719 0.2840 80 200 120
1.7164 0.5008 0.0506 80 200 120
6.5001 2.6689 -1.6259 80 200 120
1.2894 0.3840 0.1361 80 200 120
6.1953 2.9149 -1.7089 80 200 120
1.4659 1.3532 -2.0133 80 200 120
0.8213 4.1381 -2.7008 80 200 120
1.6728 0.5968 -1.3740 80 200 120
2.8392 0.5522 -1.8170 80 200 120
2.2960 -0.4764 -2.2592 80 200 120
0.7281 7.5460 -1.3573 80 200 120
1.1037 0.5680 -1.5556 80 200 120
1.2485 0.4900 -2.0791 80 200 120
4.9158 0.7176 -2.0055 80 200 120
2.9442 4.9455 -2.0625 80 200 120
2.9886 6.1739 -2.0857 80 200 120
1.1408 4.5862 -2.3711 80 200 120
3.2589 1.8946 -2.1618 80 200 120
6.4785 4.8378 -1.1686 80 200 120
6.2251 4.0784 -1.2409 80 200 120
4.8310 -0.2821 -2.8232 80 200 120
6.3153 2.6855 -1.3576 80 200 120
7.2797 4.8432 0.2964 80 200 120
6.6189 7.1917 0.3906 80 200 120
4.8109 -0.2437 -1.9501 80 200 120
4.7678 -1.4294 -2.8236 80 200 120
4.6363 0.1136 -1.9516 80 200 120
4.4785 -1.9763 -2.8434 80 200 120
6.0096 7.7677 -1.8559 80 200 120
3.4108 -3.2706 -2.8252 80 200 120
-0.1083 0.2457 -1.8490 80 200 120
1.4443 -0.6897 -1.9274 80 200 120
-1.4831 -1.4701 -3.6214 80 200 120
2.0361 -0.9760 -2.0395 80 200 120
0.5680 -0.7381 -2.8422 80 200 120
2.3398 -0.3991 -1.8803 80 200 120
5.2623 -0.1818 -2.7010 80 200 120
5.3384 -0.4001 -2.9632 80 200 120
1.6427 -0.5743 -1.7145 80 200 120
2.3819 -0.4951 -2.6674 80 200 120
0.1666 -0.2164 -2.7791 80 200 120
-6.1494 2.1967 -4.9681 80 200 120
-1.5623 0.8349 -2.4574 80 200 120
-3.7865 13.4607 1.0512 80 200 120
-5.3961 4.9934 -3.5948 80 200 120
-4.0055 11.5289 0.4901 80 200 120
-0.1750 -0.0932 0.4101 80 200 120
2.0140 -2.2222 0.3853 80 200 120
1.8546 0.2849 0.3810 80 200 120
1.7747 0.1405 0.3932 80 200 120
-4.9034 5.0991 -2.3749 80 200 120
3.7360 -3.3249 0.3513 80 200 120
4.1621 -2.8375 -0.5495 80 200 120
4.8027 -1.2956 -0.5501 80 200 120
3.7349 -3.3927 -0.7892 80 200 120
4.6135 0.0679 0.3864 80 200 120
1.0326 7.7535 -0.5274 80 200 120
0.9717 7.4491 -1.7550 80 200 120
0.3392 5.8814 -1.6294 80 200 120
0.7995 7.2350 -1.1071 80 200 120
5.7639 3.0077 -1.7497 80 200 120
4.2074 4.4201 -2.8122 80 200 120
1.7774 7.1624 -2.1530 80 200 120
1.1586 0.5486 -0.2967 80 200 120
2.9870 3.3081 -1.7508 80 200 120
3.0853 3.9239 -2.4470 80 200 120
1.6969 0.6592 -0.3724 80 200 120
2.5303 7.1989 -1.8379 80 200 120
3.3246 3.7610 -2.0295 80 200 120
3.4328 5.0255 -1.5811 80 200 120
0.0354 -1.1029 -1.9265 80 200 120
5.3661 -0.1637 -2.8577 80 200 120
6.5875 3.2455 -1.4970 80 200 120
5.6366 -0.3833 -3.3447 80 200 120
2.9774 4.2451 -1.9517 80 200 120
2.9644 4.8866 -2.0656 80 200 120
3.0191 5.6096 -2.2128 80 200 120
0.0399 8.6078 -4.1585 80 200 120
3.3263 2.9305 -2.5074 80 200 120
0.5915 7.6895 -3.9295 80 200 120
4.7997 0.0536 -1.7919 80 200 120
4.8013 -0.0480 -1.8231 80 200 120
4.8592 0.2230 -1.7997 80 200 120
1.9267 -0.9067 -3.2616 80 200 120
3.9750 -3.7348 -3.2145 80 200 120
2.4858 0.1421 -2.5582 80 200 120
4.8922 -1.1795 -2.8127 80 200 120
5.1573 -0.6360 -2.8101 80 200 120
5.5567 7.3420 0.4681 80 200 120
2.6569 0.1780 -2.9093 80 200 120
5.0094 0.6586 -1.7354 80 200 120
5.6342 2.3164 -2.8086 80 200 120
2.2840 -0.4552 -2.9371 80 200 120
0.2385 6.2024 -3.5756 80 200 120
0.9428 3.1432 -3.1992 80 200 120
2.1702 -0.6544 -3.0331 80 200 120
7.7407 6.0611 -0.2989 80 200 120
2.9760 0.7826 -1.7981 80 200 120
2.3871 -0.0675 -3.0840 80 200 120
1.7182 0.0339 -1.9255 80 200 120
1.6828 0.5526 -2.5286 80 200 120
2.3558 -0.0684 -1.8902 80 200 120
2.2138 3.0312 -2.1225 80 200 120
2.9562 0.0506 -1.8522 80 200 120
2.3179 0.3748 -2.4169 80 200 120
1.6288 0.7237 -2.2360 80 200 120
2.8441 0.5887 -1.8116 80 200 120
2.1972 0.6244 -2.2917 80 200 120
3.1136 0.2275 -2.7048 80 200 120
4.3763 -0.4692 -2.8220 80 200 120
4.3872 -0.2147 -1.8043 80 200 120
1.6926 -0.8400 -1.8597 80 200 120
1.7985 -0.4291 -1.8127 80 200 120
2.3286 -0.0001 -2.0160 80 200 120
2.5742 0.0437 -2.6122 80 200 120
1.9440 -0.6705 -1.7661 80 200 120
2.5039 -0.1020 -1.9437 80 200 120
-2.0372 0.5548 -2.9014 80 200 120
-2.3113 -0.0731 -0.2503 80 200 120
-2.0971 -0.5719 0.3124 80 200 120
-1.4280 2.5163 -0.9598 80 200 120
-1.8257 0.9027 -1.3767 80 200 120
0.8949 -0.2721 0.4041 80 200 120
-2.2648 0.0399 -1.5891 80 200 120
-1.5076 -1.0080 0.2181 80 200 120
-1.2500 -0.8612 -1.4952 80 200 120
-2.5844 0.3547 -3.0539 80 200 120
-1.3692 2.9212 -1.4333 80 200 120
0.8932 -2.0989 -0.8816 80 200 120
1.2015 -2.0916 0.3429 80 200 120
-1.4841 -0.4620 -2.6969 80 200 120
0.3728 0.5767 0.3728 80 200 120
1.5977 -0.0401 0.1886 80 200 120
-2.3894 1.2368 -2.0067 80 200 120
3.5863 -3.3563 -1.0083 80 200 120
3.9367 -3.2966 -1.1518 80 200 120
1.7218 -2.2227 0.3654 80 200 120
3.9358 -3.2727 -0.5670 80 200 120
5.0774 -0.9303 -0.0943 80 200 120
4.9424 -1.0947 -0.3307 80 200 120
5.1560 -0.7450 -0.0372 80 200 120
4.4024 -2.2169 -0.8108 80 200 120
3.2581 -3.1294 -0.1495 80 200 120
3.2030 -2.9291 0.3378 80 200 120
3.8858 -3.2936 -0.8827 80 200 120
1.1025 6.1660 0.1612 80 200 120
0.4610 6.8204 -0.0497 80 200 120
3.0101 7.0249 -1.2151 80 200 120
1.0040 0.6717 0.1228 80 200 120
6.6097 5.5111 -1.1216 80 200 120
6.0288 6.8931 -0.5797 80 200 120
2.1950 2.6248 -1.9465 80 200 120
3.6331 3.7256 -1.8965 80 200 120
3.5921 4.6827 -3.0737 80 200 120
2.4651 2.1349 -1.8488 80 200 120
1.1666 1.8453 -2.1026 80 200 120
0.7330 3.4614 -1.9455 80 200 120
1.6454 0.7419 -2.0016 80 200 120
3.7563 4.1453 -1.7672 80 200 120
2.0573 -0.9302 -1.7378 80 200 120
1.5485 -0.7952 -2.1690 80 200 120
2.2223 -0.5897 -1.7042 80 200 120
0.8107 1.0234 -2.1979 80 200 120
0.0228 -1.4561 -2.4953 80 200 120
3.0226 6.1281 0.3568 80 200 120
1.1735 1.5154 -1.2607 80 200 120
2.0074 -0.9263 -2.3302 80 200 120
-1.2041 2.8238 -2.4514 80 200 120
1.1955 -2.0437 -2.5632 80 200 120
1.6825 7.8046 0.2928 80 200 120
1.9825 -0.6829 -1.6881 80 200 120
2.9080 4.7010 -2.0230 80 200 120
3.0756 2.8286 -2.3529 80 200 120
3.0194 6.1303 -2.2214 80 200 120
3.0939 0.5563 -1.8148 80 200 120
4.2079 0.5852 -2.8257 80 200 120
2.2410 7.8407 -1.3930 80 200 120
4.1493 -2.2675 -2.8451 80 200 120
2.4123 0.7086 -2.0349 80 200 120
-2.6526 -0.4905 -2.9327 80 200 120
2.2315 -0.5885 -1.7212 80 200 120
2.1960 0.0120 -1.8792 80 200 120
-0.5494 0.1992 -2.4433 80 200 120
-0.2488 0.4008 -2.3134 80 200 120
5.6544 1.2384 -4.1491 80 200 120
-1.7495 -0.1354 -2.8784 80 200 120
3.9697 -3.2183 -2.8119 80 200 120
0.1838 -1.8131 -1.6155 80 200 120
1.8023 0.2920 -0.1496 80 200 120
1.4479 -2.3670 0.1697 80 200 120
-0.7666 -1.3553 -0.7579 80 200 120
-1.3674 3.0474 -0.0215 80 200 120
-1061.3980 409.5981 -470.2745 80 200 120
1.6252 -2.5391 -0.2009 80 200 120
1.8691 -2.5200 0.0703 80 200 120
0.0379 -1.7158 -0.4556 80 200 120
0.1739 -1.8042 0.1003 80 200 120
-1.0436 -1.2411 -1.2411 80 200 120
-0.2570 -1.6146 0.0283 80 200 120
4.4273 -2.0402 0.3351 80 200 120
4.7411 -1.6068 -0.8591 80 200 120
4.4789 -2.1164 -1.0274 80 200 120
4.5598 -1.9377 -0.9392 80 200 120
4.3278 -2.4492 -1.2115 80 200 120
4.4547 -1.8924 -1.0330 80 200 120
3.7637 -3.3514 -1.2947 80 200 120
4.1608 -2.8198 -1.1815 80 200 120
4.2465 -2.5752 -1.3050 80 200 120
3.8514 -2.6425 -1.1757 80 200 120
4.7865 -1.4226 -0.7741 80 200 120
4.0602 -3.0237 -1.1311 80 200 120
4.3551 -2.3245 -0.6815 80 200 120
4.5680 -0.4945 0.3980 80 200 120
2.7605 -2.8853 -0.4241 80 200 120
4.2185 -2.6717 -1.0067 80 200 120
4.3657 -2.3406 -0.9278 80 200 120
2.6121 -2.7046 0.3122 80 200 120
3.0360 -3.1149 -0.2064 80 200 120
1.0308 5.9395 0.2168 80 200 120
0.9492 6.2693 0.1357 80 200 120
6.2898 4.9920 -2.4369 80 200 120
6.0577 2.2523 -1.4676 80 200 120
5.4769 5.1114 -2.8526 80 200 120
5.7399 5.7410 -2.4665 80 200 120
6.1115 3.3337 -1.3260 80 200 120
5.7856 3.1179 -1.7033 80 200 120
5.8988 2.6702 -1.6576 80 200 120
5.8320 3.8268 -2.6951 80 200 120
5.5703 2.4855 -2.0706 80 200 120
6.1486 2.8938 -1.2219 80 200 120
6.7807 4.0759 -0.9849 80 200 120
5.7913 2.1569 -1.8929 80 200 120
6.1373 2.1109 -1.8938 80 200 120
5.0375 4.7502 0.4441 80 200 120
6.1752 5.9342 -1.7241 80 200 120
6.2323 4.4225 -1.6689 80 200 120
4.2186 6.6216 -0.7467 80 200 120
4.8757 3.8228 -2.7815 80 200 120
2.1749 -0.2197 -1.6771 80 200 120
4.1022 4.1508 -2.5645 80 200 120
4.0749 4.3404 -1.7031 80 200 120
3.0603 0.1038 -2.7015 80 200 120
4.7881 -0.3602 -2.2741 80 200 120
-0.1688 0.3699 -2.2473 80 200 120
2.0019 -2.0773 -2.0990 80 200 120
1.5609 -2.2188 -2.5645 80 200 120
1.0283 -1.7135 -2.2022 80 200 120
6.4954 4.9987 -1.3823 80 200 120
4.7851 -0.3034 -2.8238 80 200 120
5.8906 5.9842 -2.6466 80 200 120
2.8405 3.6677 -1.9015 80 200 120
2.8481 3.4155 -1.8657 80 200 120
2.2545 4.8017 -2.2243 80 200 120
3.9711 6.4447 -2.0018 80 200 120
1.4396 2.9195 -1.5460 80 200 120
3.1978 1.1719 -1.9285 80 200 120
5.6836 2.5371 -2.2430 80 200 120
4.3689 0.2584 -2.8400 80 200 120
4.3012 1.3600 -2.8102 80 200 120
4.7841 1.4738 -2.8502 80 200 120
2.4529 -0.1700 -2.7179 80 200 120
1.3494 3.9400 -2.3508 80 200 120
1.2155 2.7914 -2.2641 80 200 120
2.5487 -0.1377 -2.0204 80 200 120
1.8302 3.8419 -1.3837 80 200 120
1.8911 -0.4823 -1.6588 80 200 120
7.3320 5.6233 -0.3670 80 200 120
4.1569 1.8837 -2.7407 80 200 120
1.1605 2.1038 -2.0393 80 200 120
2.2435 -0.5878 -1.6932 80 200 120
5.8864 5.5336 0.2155 80 200 120
2.0874 -0.4354 -1.6394 80 200 120
2.7663 1.0682 -1.8288 80 200 120
1.0061 6.2370 -2.8724 80 200 120
6.4693 3.8113 0.1993 80 200 120
2.0248 3.2348 -2.2786 80 200 120
1.6864 -0.8293 -1.8446 80 200 120
3.8821 4.0927 -2.7505 80 200 120
6.7017 6.1944 -0.5570 80 200 120
3.8790 1.0024 -2.8335 80 200 120
2.2846 -0.4775 -2.1050 80 200 120
4.1422 -2.9367 -2.8069 80 200 120
-1.2164 1.3659 -2.5956 80 200 120
4.9127 -1.0854 -2.8053 80 200 120
1.6026 -1.9979 -2.2086 80 200 120
5.0924 -0.7797 -2.8192 80 200 120
1.5780 -0.7332 -1.7776 80 200 120
2.9866 -0.0114 -2.7613 80 200 120
1.9905 0.1340 -1.8328 80 200 120
2.3937 -0.5717 -2.4287 80 200 120
1.7009 -0.6130 -1.7215 80 200 120
-0.8854 -0.3259 -2.7691 80 200 120
-4.2431 0.0587 -2.0017 80 200 120
-1.0744 0.6841 -2.3820 80 200 120
-2.8462 -0.0360 -2.8297 80 200 120
4.1617 0.0862 -2.8220 80 200 120
0.0770 0.5076 -2.3327 80 200 120
-0.0890 1.4546 -3.0673 80 200 120
1.7300 -0.0462 -1.9010 80 200 120
4.5333 -0.1440 -2.8738 80 200 120
2.4622 -0.2944 -2.4603 80 200 120
3.2645 0.4875 -2.7473 80 200 120
4.6894 -0.3654 -2.6243 80 200 120
1.5485 0.1542 -1.8576 80 200 120
4.0597 0.7559 -2.8952 80 200 120
3.6298 -0.3412 -2.8250 80 200 120
3.9094 -1.9869 -2.8313 80 200 120
1.9324 -0.7644 -2.1206 80 200 120
4.2147 0.4549 -2.8053 80 200 120
0.5326 -1.5942 -2.8332 80 200 120
-1.0570 2.2006 0.2988 80 200 120
-2.6030 -0.5575 -2.2116 80 200 120
0.2460 -1.8291 -0.7996 80 200 120
0.6922 -2.0311 -1.0295 80 200 120
-1.5952 -1.0010 -1.5624 80 200 120
-2.4703 -0.3514 -0.6870 80 200 120
-0.3650 -1.5417 -1.2358 80 200 120
1.5751 -1.7786 0.3715 80 200 120
-1.5416 0.6774 0.3717 80 200 120
-1.2103 0.9919 0.3883 80 200 120
-1.9932 0.6018 0.0775 80 200 120
0.4151 -1.8769 -0.4951 80 200 120
-1.0218 -1.3404 0.1225 80 200 120
-1.3966 2.2077 -0.6259 80 200 120
-1.9039 -0.2743 0.4274 80 200 120
0.0326 -1.7052 -0.9244 80 200 120
0.6666 0.7984 0.3908 80 200 120
-1.4378 2.6556 -0.5215 80 200 120
4.4795 -2.1329 -1.2563 80 200 120
5.3741 -0.1369 0.2228 80 200 120
3.8237 -3.3551 -1.5478 80 200 120
5.2533 -0.4159 -0.1648 80 200 120
4.5793 -1.8495 -0.6855 80 200 120
3.4256 -3.2751 -0.6383 80 200 120
4.9903 -1.0020 -0.6676 80 200 120
4.0760 -1.5519 0.4050 80 200 120
2.8243 4.4684 0.3685 80 200 120
3.3965 4.4966 -1.4684 80 200 120
3.0815 3.9168 -2.3175 80 200 120
2.7439 3.1901 -1.9991 80 200 120
3.4111 3.9402 -2.3072 80 200 120
5.8640 1.8043 0.2764 80 200 120
3.3250 4.0635 -1.8532 80 200 120
-0.0796 4.4117 -1.0355 80 200 120
4.4421 4.0542 -2.8813 80 200 120
1.7557 0.1414 0.3875 80 200 120
0.0705 4.3026 -1.5256 80 200 120
6.4225 2.8427 -0.9318 80 200 120
-0.8819 2.0047 0.2251 80 200 120
2.6247 0.8370 -1.9456 80 200 120
3.2133 0.7063 -1.8782 80 200 120
-0.7425 0.4158 -2.2773 80 200 120
4.5567 -0.0532 -1.9441 80 200 120
2.2919 -0.5353 -2.8075 80 200 120
1.4613 6.4706 -2.7423 80 200 120
2.1782 -0.9498 -2.4874 80 200 120
2.1143 -0.6218 -3.2750 80 200 120
1.4353 -0.6835 -1.9693 80 200 120
2.0593 -0.9354 -1.7888 80 200 120
1.9412 -0.6586 -1.7855 80 200 120
4.2997 -2.4678 -2.8096 80 200 120
1.5305 0.2582 -2.2731 80 200 120
2.4033 -0.1452 -1.7699 80 200 120
2.3660 0.3883 -1.9739 80 200 120
1.9178 0.2619 -2.1145 80 200 120
0.8799 -0.1816 -2.7791 80 200 120
2.1117 -0.9648 -2.0584 80 200 120
1.7228 0.6412 -2.2082 80 200 120
5.5376 6.3104 -1.5900 80 200 120
1.9110 1.9558 -2.9429 80 200 120
2.0786 -0.9295 -2.7241 80 200 120
2.4121 -0.1561 -1.7679 80 200 120
2.2490 -0.6104 -1.6766 80 200 120
2.2655 -0.1214 -1.7139 80 200 120
1.9872 -0.6881 -1.6780 80 200 120
2.3153 -0.4667 -1.7159 80 200 120
0.7578 -0.3194 -2.4762 80 200 120
2.0802 -0.4581 -1.6369 80 200 120
-0.0863 -1.3233 -2.8526 80 200 120
0.3750 -1.3501 -2.8503 80 200 120
0.5350 0.6617 -2.8248 80 200 120
-0.4774 -1.4397 -2.8244 80 200 120
5.1963 -0.4635 -2.8019 80 200 120
-0.8398 -1.2418 -2.7247 80 200 120
1.9592 1.1477 -2.6490 80 200 120
-2.1649 -0.5880 -0.6751 80 200 120
1.7811 0.4711 -1.9441 80 200 120
-2.9056 0.0050 -2.7921 80 200 120
-2.1156 0.2304 -2.0996 80 200 120
1.5760 -2.4739 -0.3430 80 200 120
-1.1179 1.8597 -1.3270 80 200 120
1.4427 -2.3720 -0.3764 80 200 120
-2.2431 -0.2574 -1.8588 80 200 120
-0.9024 2.6096 0.3592 80 200 120
-1.5339 -0.9779 -2.0340 80 200 120
0.9955 -2.1769 -0.6545 80 200 120
-0.1754 -1.4515 0.3263 80 200 120
0.8681 -2.1205 -0.8872 80 200 120
4.5187 -1.9605 0.2830 80 200 120
4.3099 -2.3284 0.3699 80 200 120
4.9258 -1.0613 -0.3140 80 200 120
4.0286 -3.0065 -0.7159 80 200 120
4.0242 -3.1031 -0.9425 80 200 120
5.0650 -0.9191 -0.0864 80 200 120
2.5980 -2.8119 0.3492 80 200 120
5.5809 0.3860 0.3798 80 200 120
2.5192 -2.9116 -0.0458 80 200 120
4.7690 -1.2471 0.3542 80 200 120
0.8285 6.1687 0.1393 80 200 120
5.7846 1.7814 -2.0869 80 200 120
1.4238 4.6259 -2.7364 80 200 120
1.9891 3.1918 0.4142 80 200 120
5.9658 1.2059 -1.2343 80 200 120
1.2555 2.2840 -2.5582 80 200 120
1.9076 0.5296 -1.9427 80 200 120
-0.1301 0.4676 -2.7506 80 200 120
-0.9898 -0.9238 -2.3119 80 200 120
4.8308 0.8010 -2.8240 80 200 120
3.6754 6.7695 -0.2790 80 200 120
2.8096 4.1589 -1.8683 80 200 120
2.3098 -0.4587 -2.8993 80 200 120
4.1160 -3.0325 -2.8670 80 200 120
3.3080 -2.9965 -2.5911 80 200 120
3.8149 -3.3566 -2.7640 80 200 120
3.7789 5.1462 -1.3030 80 200 120
2.4283 0.1089 -2.5431 80 200 120
0.7928 4.9420 -2.2659 80 200 120
1.1484 3.1307 -2.4289 80 200 120
2.4332 2.4393 -1.8318 80 200 120
2.7044 -0.6567 -2.8005 80 200 120
2.5695 -1.2528 -2.8668 80 200 120
4.4152 -2.4167 -2.8249 80 200 120
4.0672 -1.5758 -2.8234 80 200 120
1.2536 0.1723 -2.3384 80 200 120
2.4402 0.0202 -2.4914 80 200 120
2.3870 -0.8984 -1.8338 80 200 120
0.0920 0.7243 -2.7330 80 200 120
2.9620 -0.0749 -1.7112 80 200 120
-2.0533 0.3290 -0.8287 80 200 120
-2.9237 -0.4853 -2.9240 80 200 120
-0.7600 3.2278 -0.1419 80 200 120
4.0212 -2.8258 0.3661 80 200 120
4.3731 -2.3129 -1.2742 80 200 120
3.4194 -3.3136 -1.2936 80 200 120
5.7773 0.5814 -0.0261 80 200 120
3.9547 -3.1678 -1.4855 80 200 120
4.6093 -1.8046 -0.8660 80 200 120
0.9094 5.9168 0.2523 80 200 120
1.0419 7.7946 -2.0421 80 200 120
0.7025 5.4487 0.2431 80 200 120
7.2135 6.0056 -0.4842 80 200 120
3.0154 4.5149 -1.7772 80 200 120
4.8363 3.1905 -2.8868 80 200 120
5.1209 3.1228 -2.8705 80 200 120
4.4913 6.3975 -0.2453 80 200 120
1.1605 0.6255 0.3201 80 200 120
3.8017 0.9175 -2.7848 80 200 120
4.3996 -0.2013 -2.7028 80 200 120
5.8603 3.0262 -1.3521 80 200 120
5.7695 2.6405 -1.5490 80 200 120
4.6198 -0.3627 -2.6538 80 200 120
2.9437 5.4268 -1.9849 80 200 120
3.5110 4.6383 -1.5119 80 200 120
3.4760 4.4886 -1.5586 80 200 120
4.5391 5.1421 -1.9269 80 200 120
5.4269 2.7861 -2.7968 80 200 120
6.0605 3.5542 -1.4342 80 200 120
6.2371 4.0038 -1.2851 80 200 120
2.0445 0.1079 -1.8582 80 200 120
2.2464 -0.6374 -1.6442 80 200 120
4.0952 -2.3048 -2.8657 80 200 120
2.1328 9.4807 -1.6211 80 200 120
2.3037 -0.7788 -2.3651 80 200 120
0.5617 6.6576 -3.5041 80 200 120
1.9988 3.4896 -2.9200 80 200 120
1.0210 3.1044 -3.1158 80 200 120
1.8787 -2.2542 -2.4779 80 200 120
1.6005 8.3506 -2.4195 80 200 120
1.8386 -0.5855 -1.5980 80 200 120
1.1139 7.4982 -2.2852 80 200 120
4.6535 -1.6954 -2.8192 80 200 120
-0.1300 -0.3216 -4.5162 80 200 120
1.1221 -2.0329 -2.6746 80 200 120
3.2088 -0.8359 -2.7886 80 200 120
2.7642 0.0105 -2.7471 80 200 120
3.1045 0.0903 -2.1580 80 200 120
-0.3170 0.4466 -2.9125 80 200 120
1.7127 -0.4056 -1.7697 80 200 120
-3.1430 -0.1654 -1.6686 80 200 120
1.6878 -1.9047 0.3694 80 200 120
1.3960 0.4152 0.4085 80 200 120
1.7731 0.1329 0.3902 80 200 120
0.9664 -0.2948 0.3654 80 200 120
4.4915 -2.1761 0.1583 80 200 120
5.2086 -0.4742 0.3374 80 200 120
5.4519 -0.0597 -0.6537 80 200 120
5.3378 -0.1218 -0.1953 80 200 120
2.0141 -2.2245 0.3607 80 200 120
3.1719 -3.1501 0.2114 80 200 120
2.9177 -2.9650 -0.4947 80 200 120
4.7812 -1.4890 0.2151 80 200 120
5.7918 0.7158 0.2132 80 200 120
1.6994 -2.2434 0.3668 80 200 120
0.6933 6.0265 0.1589 80 200 120
1.5711 8.6045 -0.7243 80 200 120
2.1341 3.5091 -2.2723 80 200 120
2.6457 2.6153 -1.8571 80 200 120
-0.9674 2.7552 0.1254 80 200 120
3.7141 3.6903 -2.4421 80 200 120
5.9325 1.9108 0.2976 80 200 120
1.0063 4.5216 -2.7387 80 200 120
0.5650 4.2689 -2.0453 80 200 120
5.1210 1.4556 0.4148 80 200 120
2.0755 3.8457 -2.3629 80 200 120
2.3670 1.0764 -2.2779 80 200 120
2.1330 3.2261 -2.6134 80 200 120
2.0931 -0.9531 -1.6848 80 200 120
2.2230 -0.7488 -2.6028 80 200 120
-2.2753 -0.5371 -2.6888 80 200 120
-0.4846 -1.4345 -2.8360 80 200 120
-1.7408 -0.9024 -2.7724 80 200 120
5.2860 -0.1918 -2.7797 80 200 120
1.7985 -2.3288 -2.5972 80 200 120
3.0085 5.6161 -1.5589 80 200 120
6.1652 4.1532 -1.6191 80 200 120
2.5978 2.9110 -1.7550 80 200 120
3.3710 4.6766 -1.5710 80 200 120
5.9444 3.6448 -1.9220 80 200 120
6.3046 4.2284 -1.7810 80 200 120
6.3709 4.5325 -1.7513 80 200 120
2.6494 0.1795 -1.7976 80 200 120
3.6737 0.6250 -2.8754 80 200 120
2.0306 -0.7195 -1.5909 80 200 120
1.7121 -0.8358 -2.1546 80 200 120
1.6347 -0.6006 -1.6985 80 200 120
3.7842 -2.6713 -2.8477 80 200 120
3.1662 -2.0021 -2.8167 80 200 120
5.1643 -0.7596 -2.8457 80 200 120
1.5257 -0.5892 -2.1955 80 200 120
1.7131 -2.2918 -2.5174 80 200 120
0.3226 0.0842 -2.7455 80 200 120
4.0379 -0.9813 -2.8512 80 200 120
-1.9087 0.3129 -2.7371 80 200 120
-2.3276 0.2926 -2.4446 80 200 120
-0.8134 3.0006 -0.9950 80 200 120
-1.5473 1.4566 -1.2439 80 200 120
-1.6291 -0.2487 -2.1925 80 200 120
-0.8423 3.2268 -0.5275 80 200 120
-2.0661 0.5072 -1.5657 80 200 120
-1.2840 1.4833 -1.6854 80 200 120
-1.0610 2.4723 -0.4970 80 200 120
-0.6521 2.9977 0.3275 80 200 120
-1.0273 2.7905 -0.0197 80 200 120
-1.8059 0.8866 -1.3903 80 200 120
0.7036 0.0226 0.3831 80 200 120
-1.6360 1.3548 -0.6167 80 200 120
-1.2155 2.1099 -0.6926 80 200 120
1.4385 2.0075 0.3542 80 200 120
-1.4329 1.6743 -0.9637 80 200 120
-1.6463 1.2178 -1.6061 80 200 120
-2.3190 -0.5593 -2.1200 80 200 120
0.3503 -1.6908 -1.7296 80 200 120
0.2569 -0.7712 0.3784 80 200 120
4.1091 -2.0184 0.3924 80 200 120
4.4117 -2.2424 -0.0710 80 200 120
4.9766 -1.0491 -0.8943 80 200 120
5.6572 0.9043 0.3013 80 200 120
4.5544 0.0263 0.3946 80 200 120
4.4611 -0.7642 0.3978 80 200 120
1.1144 6.0690 0.2662 80 200 120
0.1408 5.4413 -0.0906 80 200 120
0.5540 5.2032 0.2699 80 200 120
1.1970 1.3545 -1.4693 80 200 120
1.2000 1.3462 -1.4659 80 200 120
1.2924 1.1552 -1.4413 80 200 120
3.7474 4.0072 -1.6023 80 200 120
1.9633 3.1439 -2.6603 80 200 120
2.4649 2.0571 -1.8203 80 200 120
6.0314 1.2432 -1.2524 80 200 120
0.2740 1.7936 0.3048 80 200 120
1.3073 1.4579 -1.0877 80 200 120
1.3382 5.0613 -2.8913 80 200 120
1.1984 1.7296 -0.8123 80 200 120
0.8315 2.7436 -1.8876 80 200 120
-0.6837 2.8775 -0.3000 80 200 120
2.7243 1.3266 -1.8950 80 200 120
3.3063 0.4481 -2.3248 80 200 120
4.7983 5.7813 -2.4528 80 200 120
5.4224 2.8428 -2.8936 80 200 120
6.0365 4.3962 -2.8484 80 200 120
4.9909 4.4406 -2.7954 80 200 120
3.0361 0.4895 -1.8219 80 200 120
6.3982 4.9914 -1.4200 80 200 120
1.4264 -2.4021 -2.9103 80 200 120
-0.5777 2.9277 -0.2374 80 200 120
2.1674 -2.9618 -3.2141 80 200 120
0.8008 -2.0056 -2.7644 80 200 120
0.1077 -1.7091 -2.7953 80 200 120
-1.5958 -0.6615 0.1882 80 200 120
2.2784 -0.4870 -2.8577 80 200 120
0.2212 -0.8753 -2.8327 80 200 120
1.8630 -2.6388 -2.8930 80 200 120
2.7988 3.1053 -1.7617 80 200 120
3.1852 2.3844 -2.0880 80 200 120
6.3478 4.2837 -2.4870 80 200 120
6.0326 3.2351 -1.5010 80 200 120
2.2670 -0.0818 -1.7140 80 200 120
1.9706 -0.5485 -1.5502 80 200 120
5.2782 6.0649 0.0112 80 200 120
2.8322 -2.9660 -2.7771 80 200 120
6.2196 5.2173 0.2011 80 200 120
1.2539 0.5617 -2.1237 80 200 120
2.6758 0.1495 -2.8325 80 200 120
2.6315 0.7080 -1.7853 80 200 120
4.0643 -1.5521 -2.8274 80 200 120
3.6397 -1.2019 -2.8588 80 200 120
2.4291 -1.0261 -1.3776 80 200 120
4.6148 -0.1151 -2.9360 80 200 120
2.4559 -2.7633 -2.8061 80 200 120
2.6948 -2.8342 -2.7301 80 200 120
2.9835 -0.0220 -2.7594 80 200 120
1.3764 -2.2730 -2.7637 80 200 120
4.0865 -2.9750 -2.0459 80 200 120
1.8432 -2.5699 -2.8086 80 200 120
1.9238 -0.7088 -1.6049 80 200 120
3.2158 -1.2338 -2.8368 80 200 120
1.9178 -0.5208 -1.6204 80 200 120
3.9827 -0.2939 -2.8313 80 200 120
2.3853 -0.3955 -2.0908 80 200 120
-1.9718 0.5053 -0.4859 80 200 120
-1.1188 2.5135 -0.8539 80 200 120
0.1922 2.1481 0.4455 80 200 120
-1.7963 0.2673 -2.6338 80 200 120
3.7713 -3.0700 0.3720 80 200 120
5.5213 0.1634 -0.6804 80 200 120
5.8092 0.7959 -0.3670 80 200 120
6.1371 1.4515 -0.1187 80 200 120
3.6785 -0.1989 0.3657 80 200 120
3.4208 -2.9803 0.3863 80 200 120
4.1716 0.5713 0.3500 80 200 120
5.3063 1.2427 0.3482 80 200 120
3.7299 -3.4185 -1.4539 80 200 120
4.6077 -1.7792 -1.1412 80 200 120
4.8372 -1.2996 -1.1776 80 200 120
3.8751 -3.3572 -1.5463 80 200 120
0.6850 7.2904 0.0312 80 200 120
1.1206 1.6517 -1.7652 80 200 120
6.6577 6.1797 -0.5543 80 200 120
6.5555 4.4397 -1.1087 80 200 120
3.6322 5.9459 -0.5981 80 200 120
0.7479 2.8589 0.0140 80 200 120
1.1556 1.9313 0.2113 80 200 120
-1.1949 2.2915 0.2963 80 200 120
2.9223 3.2565 -2.4903 80 200 120
4.0951 3.2893 -2.5057 80 200 120
3.3658 2.1382 -2.1960 80 200 120
-0.7793 2.9329 -0.7974 80 200 120
5.4751 2.7882 -2.6371 80 200 120
8.9267 5.7454 0.2217 80 200 120
0.7118 4.6708 -2.0984 80 200 120
2.3789 1.2513 -2.3331 80 200 120
5.2842 6.1744 -2.6647 80 200 120
2.6158 0.2844 -2.8218 80 200 120
2.7606 3.3793 -1.6312 80 200 120
4.8933 0.9418 -2.7216 80 200 120
-0.4961 0.1311 -2.7921 80 200 120
1.6842 -0.5618 -1.6943 80 200 120
4.5870 -0.1318 -2.8872 80 200 120
5.6755 2.5828 -2.8541 80 200 120
4.7309 -0.3232 -2.7740 80 200 120
4.7225 0.3048 -1.9254 80 200 120
1.6579 7.9146 0.3391 80 200 120
5.3584 2.2347 -2.0939 80 200 120
5.3253 1.3674 -2.7471 80 200 120
5.6519 3.2469 -2.6803 80 200 120
-0.2531 2.6949 -2.3927 80 200 120
3.1037 2.2940 -1.8747 80 200 120
4.4476 5.1651 -2.1411 80 200 120
2.4268 0.2244 -2.8011 80 200 120
3.4038 1.9965 -1.9517 80 200 120
2.3262 -0.4612 -2.8266 80 200 120
2.2279 2.1778 -2.6400 80 200 120
2.1608 -0.9551 -2.5120 80 200 120
6.7874 4.2870 0.1533 80 200 120
2.4361 -0.1787 -1.7328 80 200 120
2.4795 -2.8145 -2.8951 80 200 120
1.7761 -2.4521 -2.7760 80 200 120
5.2125 6.7311 -0.5395 80 200 120
2.0682 3.4991 -2.9692 80 200 120
1.7141 1.3290 -2.6021 80 200 120
2.0850 -0.9549 -2.1318 80 200 120
4.6940 -1.4606 -2.7768 80 200 120
3.7950 0.1172 -2.8008 80 200 120
1.1817 -0.5362 -3.0290 80 200 120
1.8220 -0.8191 -2.2681 80 200 120
-1.1093 -0.7333 -2.7640 80 200 120
0.9987 -1.7630 -2.8388 80 200 120
2.1168 -0.8311 -1.7014 80 200 120
2.4445 0.1380 -2.7426 80 200 120
-0.6974 0.2627 -2.4792 80 200 120
-0.4219 -1.4015 -2.7877 80 200 120
4.6139 -0.3937 -2.6206 80 200 120
2.3060 -0.6903 -2.1340 80 200 120
1.6912 -0.6892 -1.8640 80 200 120
1.1879 -1.7025 0.3721 80 200 120
-2.5009 -0.5314 -2.7327 80 200 120
-2.8147 0.0277 -2.7111 80 200 120
-2.2294 -0.1502 -3.0287 80 200 120
-0.2719 0.6387 0.4231 80 200 120
0.9054 -2.1001 -0.9313 80 200 120
1.5749 -2.4668 -0.3338 80 200 120
0.1275 -1.7471 -1.2525 80 200 120
1.6723 -2.3142 0.4117 80 200 120
-1.1771 0.1661 0.4081 80 200 120
0.7949 -2.0572 -0.7912 80 200 120
-1.8569 0.6239 -2.1577 80 200 120
-1.2676 2.2687 -1.6909 80 200 120
-1.2356 2.7041 -1.4715 80 200 120
-0.3391 1.3187 0.4083 80 200 120
-1.3951 1.8307 -1.3138 80 200 120
-1.5489 1.4578 0.1346 80 200 120
1.0721 -2.1947 -0.2030 80 200 120
-2.0349 -0.6524 -2.9837 80 200 120
-2.4537 -0.1832 0.1799 80 200 120
1.7653 0.1362 0.4004 80 200 120
0.9881 1.0085 0.4326 80 200 120
4.8117 1.5813 0.4333 80 200 120
3.6638 -3.3655 -1.7335 80 200 120
4.3268 -2.5140 -1.6594 80 200 120
4.5763 -1.7637 -1.4920 80 200 120
4.4305 -2.1810 -1.6093 80 200 120
3.4851 -3.3328 -1.6029 80 200 120
4.1303 -2.7099 -1.6769 80 200 120
1.9784 -2.2818 0.3959 80 200 120
5.4045 -0.1689 -0.9679 80 200 120
0.2574 5.0748 -1.7697 80 200 120
2.4351 2.4739 -2.7307 80 200 120
5.7316 2.5018 -2.8044 80 200 120
5.5090 2.4307 -2.0360 80 200 120
2.5968 2.2037 -2.0880 80 200 120
3.7519 1.7188 -2.2312 80 200 120
1.1708 0.6251 0.2753 80 200 120
6.5225 5.7001 0.2805 80 200 120
-1.9077 0.6881 0.3689 80 200 120
1.7630 0.1479 0.4039 80 200 120
6.8889 2.6432 -0.8486 80 200 120
-1.5763 1.6731 0.3912 80 200 120
5.8352 2.2678 -1.9572 80 200 120
1.7773 0.6233 0.2046 80 200 120
6.3251 2.5134 -1.4915 80 200 120
5.0455 0.8078 -1.7670 80 200 120
-2.1851 0.9953 -0.3162 80 200 120
3.2886 1.0342 -1.8648 80 200 120
-1.8448 1.6690 -0.6174 80 200 120
1.3326 0.4210 0.4307 80 200 120
6.1558 2.1113 0.3093 80 200 120
5.8744 1.1476 -1.1973 80 200 120
-1.9771 1.3916 -0.3043 80 200 120
-1.6189 1.9665 -0.7836 80 200 120
1.0575 5.9967 -2.7605 80 200 120
1.8573 4.5109 -2.7086 80 200 120
1.4979 5.7713 -2.7433 80 200 120
2.5319 2.5208 -1.7373 80 200 120
2.7484 2.5393 -2.2162 80 200 120
2.4570 2.2628 -1.8180 80 200 120
1.7535 0.4739 -1.8240 80 200 120
1.8342 -0.0744 -1.7188 80 200 120
2.3704 2.5839 -1.8298 80 200 120
2.8321 1.4230 -1.9071 80 200 120
0.9632 2.5098 -2.4480 80 200 120
3.7510 2.5348 -2.2249 80 200 120
1.4283 -2.2478 -2.7105 80 200 120
1.0664 -2.0527 -2.6809 80 200 120
4.6953 0.3891 -2.8389 80 200 120
0.0967 1.4063 -2.8053 80 200 120
0.4857 -1.8678 -2.7706 80 200 120
2.4747 -2.7826 -2.8084 80 200 120
3.6679 6.5044 -0.3050 80 200 120
3.3153 7.0233 -0.8629 80 200 120
2.4090 -0.3309 -2.6622 80 200 120
3.8568 2.6606 -2.1563 80 200 120
2.8993 2.7566 -1.8173 80 200 120
4.8937 0.7907 -2.0129 80 200 120
5.0092 1.0047 -2.7335 80 200 120
3.1639 7.0599 -1.5243 80 200 120
2.1974 9.0075 -1.4734 80 200 120
5.5134 1.5177 -2.7174 80 200 120
2.1215 0.6522 -2.1850 80 200 120
1.0221 2.1413 -2.8864 80 200 120
2.9815 -2.1271 -2.8287 80 200 120
4.3807 -1.7146 -2.8712 80 200 120
2.0500 -1.7381 -2.8747 80 200 120
1.5189 -2.3431 -2.7800 80 200 120
-0.3078 0.3417 -2.9407 80 200 120
1.1715 -2.1258 -2.7001 80 200 120
0.8750 -2.0943 -2.7990 80 200 120
-2.5389 0.3638 -2.5153 80 200 120
3.0315 -2.7260 -2.8128 80 200 120
0.3120 0.5580 -2.8667 80 200 120
-2.3241 0.0272 -3.1612 80 200 120
3.6071 -3.1624 -2.8709 80 200 120
-0.4100 -0.5049 -2.8115 80 200 120
3.5878 -2.4692 -2.8360 80 200 120
-2.4025 -0.5503 -2.8005 80 200 120
4.9919 -1.0422 -2.8404 80 200 120
2.6045 0.2741 -3.0493 80 200 120
-2.7692 -0.0363 -2.7387 80 200 120
1.3239 -1.8349 -2.8485 80 200 120
1.5043 0.2422 0.3028 80 200 120
-2.1577 0.2045 -2.8231 80 200 120
-0.3671 0.2954 0.3855 80 200 120
1.7193 0.1561 -0.2357 80 200 120
3.9528 -3.2615 0.2130 80 200 120
5.4434 1.3874 0.3891 80 200 120
1.7589 7.8761 0.1715 80 200 120
8.5558 6.3883 -0.1569 80 200 120
6.6315 3.1883 -1.1133 80 200 120
1.7016 4.1460 -2.9238 80 200 120
5.1202 2.9520 -2.8863 80 200 120
0.9221 4.9929 -2.6435 80 200 120
0.9833 4.5793 -2.7306 80 200 120
0.9825 5.2297 -2.7934 80 200 120
2.5708 2.5997 -1.7143 80 200 120
0.8845 5.1285 -2.5620 80 200 120
1.3674 5.0822 -2.8731 80 200 120
2.6265 2.5705 -1.7431 80 200 120
1.6743 4.4798 -2.7558 80 200 120
1.3325 5.1963 -2.8757 80 200 120
2.1806 3.7462 -2.1982 80 200 120
2.2330 3.1803 -1.9095 80 200 120
2.6317 2.5418 -1.7543 80 200 120
2.0348 4.6591 -2.3120 80 200 120
2.6882 2.5313 -1.7756 80 200 120
2.0951 4.4369 -2.3971 80 200 120
0.9229 4.7275 -2.5786 80 200 120
2.3813 2.5569 -1.7723 80 200 120
1.0943 2.4767 -2.5360 80 200 120
0.7606 2.9304 -2.2052 80 200 120
1.9017 0.5117 -1.8199 80 200 120
0.8297 2.7493 -2.3151 80 200 120
-0.1829 0.8165 -2.4357 80 200 120
3.5729 2.9262 -1.9965 80 200 120
0.5170 3.3696 -1.8516 80 200 120
1.8177 -2.3262 -2.6059 80 200 120
4.9157 0.9659 -2.7518 80 200 120
5.6314 1.6458 -2.6023 80 200 120
5.4797 2.6387 -2.0115 80 200 120
1.6060 -0.7365 -1.7177 80 200 120
1.6995 -0.5730 -1.6881 80 200 120
-1.4050 1.7445 -0.8688 80 200 120
1.6906 3.3851 -2.8251 80 200 120
3.8280 3.1019 -2.0847 80 200 120
6.4636 3.4505 -1.1637 80 200 120
4.4505 -0.0927 -2.8546 80 200 120
3.6353 1.1861 -2.5446 80 200 120
2.2751 -0.5343 -2.2604 80 200 120
2.5835 0.3368 -1.8077 80 200 120
7.6488 5.3816 0.3226 80 200 120
2.2771 -0.6240 -2.6377 80 200 120
6.1803 6.2077 0.2855 80 200 120
2.4198 -0.3479 -2.6211 80 200 120
1.7889 -2.4136 -2.7405 80 200 120
5.4958 6.7049 0.1153 80 200 120
4.3407 7.8652 0.1742 80 200 120
2.5073 -2.7441 -2.7781 80 200 120
3.9108 -0.6345 -2.8421 80 200 120
6.9752 5.3999 0.3323 80 200 120
1.6810 3.3345 -2.8328 80 200 120
3.9733 -0.7420 -2.8013 80 200 120
1.6475 -0.6385 -1.7074 80 200 120
1.5496 -0.7314 -1.8398 80 200 120
-0.6953 0.3816 -2.7642 80 200 120
-1.8261 0.0196 0.4267 80 200 120
-2.4446 -0.5447 -1.0651 80 200 120
-2.5127 -0.5350 -2.7376 80 200 120
-1.5256 -0.9881 -2.0499 80 200 120
-0.0343 -1.6742 -2.0004 80 200 120
-0.9007 1.2053 0.4199 80 200 120
-1.7824 0.9491 -1.7827 80 200 120
1.0996 -2.1984 -0.9798 80 200 120
-1.2031 2.1731 -1.6809 80 200 120
-1.4525 1.6198 -1.6617 80 200 120
-1.1426 2.5271 -1.4274 80 200 120
0.3112 2.0633 0.4608 80 200 120
1.8062 0.0985 0.3707 80 200 120
-0.8161 3.2852 0.0261 80 200 120
1.1485 0.7851 0.2661 80 200 120
1.8998 0.3097 0.4435 80 200 120
4.9753 -0.9519 0.2145 80 200 120
4.4059 -2.5524 0.3162 80 200 120
4.0502 -2.8977 -2.0145 80 200 120
5.2747 0.8867 0.3977 80 200 120
4.9504 -1.1744 -1.2030 80 200 120
2.7567 -1.9497 0.3412 80 200 120
4.8836 -1.3352 -1.1989 80 200 120
1.5094 7.9967 0.0455 80 200 120
0.7826 5.1857 -1.8657 80 200 120
1.6731 7.8500 -1.5095 80 200 120
-1.4743 1.4417 -0.6010 80 200 120
-0.5177 2.7678 0.2680 80 200 120
-1.3839 1.7953 -0.9396 80 200 120
-1.6601 0.6110 0.3103 80 200 120
1.4403 0.2884 0.3107 80 200 120
-1.9215 0.8754 -0.3252 80 200 120
-1.2239 1.5188 0.2599 80 200 120
-1.2191 0.9719 0.4151 80 200 120
1.6775 5.1710 -2.7002 80 200 120
1.7920 5.3405 -2.6231 80 200 120
0.8640 2.9253 -2.4095 80 200 120
1.9211 4.8203 -2.6622 80 200 120
2.5479 0.5821 -1.8460 80 200 120
2.5916 2.3235 -1.9484 80 200 120
2.3832 -0.0023 -1.7235 80 200 120
-0.3719 2.7371 -2.8728 80 200 120
2.9812 0.0068 -2.8280 80 200 120
5.8113 3.7611 -2.7266 80 200 120
6.4773 3.7661 -1.0948 80 200 120
5.2209 -0.1390 -2.7311 80 200 120
2.6984 -2.8834 -2.7958 80 200 120
4.1690 -2.6898 -2.7977 80 200 120
1.9037 5.1852 -3.0486 80 200 120
1.5272 -2.2952 -2.7588 80 200 120
2.0179 4.0110 -1.7228 80 200 120
1.5364 4.5873 -2.9055 80 200 120
2.3894 0.5803 -1.8943 80 200 120
2.0885 -0.9517 -1.6788 80 200 120
4.9324 7.2850 -0.8166 80 200 120
6.3614 2.5343 0.2672 80 200 120
4.3301 -0.4180 -2.8445 80 200 120
-2.3049 1.2676 -7.4754 80 200 120
2.2426 -0.4475 -3.1955 80 200 120
2.3794 -0.4802 -2.5796 80 200 120
0.3841 -1.6925 -2.6558 80 200 120
-0.1483 0.5637 -2.8604 80 200 120
2.2494 -0.7651 -1.6088 80 200 120
3.8355 -0.1975 -2.8100 80 200 120
2.9841 -0.0133 -2.8046 80 200 120
2.4795 0.1894 -2.8342 80 200 120
2.0939 -0.9608 -2.1916 80 200 120
0.9686 -0.6551 -2.8502 80 200 120
4.3291 -0.4106 -2.8196 80 200 120
-1.0126 -0.2678 -2.8462 80 200 120
-2.9216 -0.0356 -2.6514 80 200 120
0.9128 -0.8533 -2.8316 80 200 120
-1.6637 0.8377 -0.6502 80 200 120
-2.0779 0.5987 -1.1855 80 200 120
-0.0785 2.0953 0.4279 80 200 120
1.5229 0.1928 0.0216 80 200 120
1.1228 -2.1066 0.3610 80 200 120
-2.3888 -0.0745 -2.5131 80 200 120
-0.3108 6.8214 1.0255 80 200 120
-1.0407 2.7996 -1.2661 80 200 120
3.5416 -2.8661 0.4040 80 200 120
3.8883 -1.9135 0.4250 80 200 120
4.4545 -2.0936 -1.9862 80 200 120
1.6735 -2.2442 0.3717 80 200 120
3.5708 -0.1539 0.3799 80 200 120
1.5672 8.0957 0.0308 80 200 120
1.9103 7.6170 0.3036 80 200 120
1.2091 7.5370 0.0742 80 200 120
2.7250 6.7182 0.3693 80 200 120
4.0439 4.1910 -1.6410 80 200 120
4.9487 0.6944 -1.9988 80 200 120
3.3809 5.2920 -0.0923 80 200 120
5.0484 0.7844 -1.7755 80 200 120
1.7431 0.1227 0.4005 80 200 120
1.3565 3.6769 0.3983 80 200 120
-1.6025 1.1952 -0.3774 80 200 120
0.7376 0.6898 0.3812 80 200 120
-1.3725 2.5539 -0.4566 80 200 120
2.9002 2.8987 -2.3782 80 200 120
1.7194 2.9713 -2.7861 80 200 120
-1.6092 1.4234 -0.0100 80 200 120
0.0428 5.2762 -1.1882 80 200 120
0.8850 5.5485 -2.6029 80 200 120
0.8054 4.7475 -2.3515 80 200 120
0.7421 3.2793 -2.2671 80 200 120
1.9623 0.1104 -1.7185 80 200 120
1.1688 2.4987 -2.5810 80 200 120
0.5377 -1.8949 -2.7788 80 200 120
2.4841 -2.7535 -2.7725 80 200 120
1.6153 8.2876 -1.6404 80 200 120
2.2825 -0.1247 -1.6830 80 200 120
6.3541 5.2135 -2.6626 80 200 120
4.5259 -0.1445 -2.8592 80 200 120
1.7719 7.7822 0.2261 80 200 120
0.7452 5.8759 0.2664 80 200 120
2.6392 2.4050 -1.6548 80 200 120
2.9393 3.2547 -2.1812 80 200 120
2.6821 2.3766 -1.6999 80 200 120
2.6736 2.4950 -1.6630 80 200 120
4.7193 0.5809 -2.7869 80 200 120
5.7409 1.7802 -1.8516 80 200 120
6.6151 5.8625 0.2593 80 200 120
0.5756 3.8374 -2.7670 80 200 120
2.4935 0.6205 -1.8067 80 200 120
3.6485 -1.8517 -2.8437 80 200 120
3.0629 -1.1171 -2.8348 80 200 120
4.0760 -0.5525 -2.8356 80 200 120
1.1719 -2.2440 -2.7844 80 200 120
4.6143 -1.8199 -2.8071 80 200 120
0.1277 -1.1095 -2.8287 80 200 120
2.1886 -0.2164 -3.2419 80 200 120
-0.6697 0.1169 -2.6807 80 200 120
2.0918 -0.4182 -3.1449 80 200 120
2.3810 -2.3725 -2.8271 80 200 120
2.8538 -2.3707 -2.8191 80 200 120
4.0542 -1.8606 -2.8595 80 200 120
-1.0709 -0.7035 -2.7662 80 200 120
1.3667 -1.2057 -2.8315 80 200 120
4.6155 -1.0066 -2.8317 80 200 120
-2.4278 -0.1768 -1.3006 80 200 120
-0.7842 -1.3090 -0.4899 80 200 120
-1.3470 -0.9090 -2.6428 80 200 120
-1.7780 0.0803 -2.6724 80 200 120
1.6904 -2.2988 0.4132 80 200 120
-2.4066 -0.2511 -1.8876 80 200 120
2.8063 -2.0367 0.4727 80 200 120
-0.2844 3.0997 0.4936 80 200 120
-2.2445 -0.2620 -2.7865 80 200 120
1.0342 2.8640 0.5550 80 200 120
1.7301 0.7767 0.2440 80 200 120
6.3637 2.2375 -0.2848 80 200 120
4.2521 -2.0010 0.4046 80 200 120
3.6846 1.3521 0.3707 80 200 120
4.9733 1.4400 0.3803 80 200 120
6.4608 2.5160 0.2946 80 200 120
5.0416 -0.9430 -1.5737 80 200 120
5.1541 -0.6434 -1.5049 80 200 120
1.1844 7.5423 -0.5993 80 200 120
-1.5936 1.4990 -1.0322 80 200 120
0.9582 2.8501 -2.6268 80 200 120
2.4574 0.1813 -2.7954 80 200 120
2.5456 2.3694 -1.7665 80 200 120
3.0492 1.2373 -1.8491 80 200 120
1.3553 -0.7173 -2.1906 80 200 120
1.8026 -0.8855 -1.9975 80 200 120
-1.1478 -1.1349 -2.7621 80 200 120
3.5454 5.8711 0.1625 80 200 120
-0.0628 5.6933 -0.1073 80 200 120
-2.5472 -0.5251 -0.6916 80 200 120
5.0189 1.0463 -2.8353 80 200 120
0.6481 3.7482 0.1032 80 200 120
2.7829 1.4483 -1.7775 80 200 120
2.7044 2.5764 -1.6688 80 200 120
2.7175 2.4942 -1.6921 80 200 120
3.5608 3.2578 -1.7202 80 200 120
1.1844 4.3020 -2.5790 80 200 120
4.0242 0.7757 -2.8373 80 200 120
1.9402 4.9561 -2.9486 80 200 120
2.4525 -2.7803 -2.8413 80 200 120
4.5238 -2.0578 -2.8508 80 200 120
4.1197 -2.4197 -2.8848 80 200 120
2.2368 -1.3750 -2.7583 80 200 120
2.4315 -1.8433 -2.9142 80 200 120
1.6898 -2.5009 -2.8079 80 200 120
2.0080 -2.0365 -2.7836 80 200 120
2.8054 -2.1602 -2.8249 80 200 120
1.6311 -1.6356 -2.8024 80 200 120
2.4327 -0.2371 -2.7430 80 200 120
3.7937 -1.4915 -2.8184 80 200 120
4.2544 -2.2346 -2.8978 80 200 120
4.7646 -1.4548 -2.8301 80 200 120
4.8828 -1.1815 -2.7788 80 200 120
2.2775 -0.5939 -2.1473 80 200 120
2.1470 -1.9664 -2.8664 80 200 120
3.5654 -0.5668 -2.8280 80 200 120
4.6045 -1.2347 -2.8429 80 200 120
1.9794 -1.4530 -2.7897 80 200 120
3.7514 -0.5657 -2.8310 80 200 120
-0.7663 3.1196 -0.0445 80 200 120
-0.9631 -1.3566 -2.6244 80 200 120
0.6270 4.1658 0.2948 80 200 120
4.0432 -3.1169 -0.0030 80 200 120
4.5717 -1.9903 0.1816 80 200 120
3.7281 -2.2732 0.3703 80 200 120
6.5717 3.2365 0.3003 80 200 120
0.0895 5.0330 -0.0425 80 200 120
3.8795 3.5642 -0.0691 80 200 120
4.6676 0.0544 -1.7952 80 200 120
-1.7630 1.0227 -0.8474 80 200 120
5.1220 -0.4977 -1.4130 80 200 120
5.8984 3.9954 -2.6929 80 200 120
5.8775 2.8536 -2.1132 80 200 120
5.6925 2.1844 -2.7518 80 200 120
5.9676 2.3777 -1.9746 80 200 120
5.2718 0.8706 0.4068 80 200 120
5.4510 2.6190 -2.7517 80 200 120
4.9952 0.9343 -1.8730 80 200 120
-1.8267 0.9472 -0.3416 80 200 120
2.6830 1.2835 -1.8170 80 200 120
2.7852 0.8118 -1.8304 80 200 120
0.7502 -1.9996 -2.8026 80 200 120
-1.6028 1.4724 -1.2425 80 200 120
3.4579 0.6600 -2.3083 80 200 120
3.5031 0.6995 -2.8408 80 200 120
0.9587 -2.1111 -2.8196 80 200 120
1.9181 -0.9394 -2.5468 80 200 120
3.7255 1.0232 -2.7927 80 200 120
-1.7097 0.8165 -0.1380 80 200 120
1.1024 -0.6330 -2.2050 80 200 120
1.4459 -2.3057 -2.7559 80 200 120
-1.5301 1.4664 -0.5667 80 200 120
0.0008 2.5346 0.2415 80 200 120
-1.8423 0.9002 -0.6211 80 200 120
0.0783 2.3757 -0.7849 80 200 120
2.7860 7.7052 0.2776 80 200 120
-0.2962 0.2431 -2.4939 80 200 120
2.7160 2.1262 -1.7620 80 200 120
2.7069 2.4161 -1.7058 80 200 120
2.9269 2.1460 -1.7316 80 200 120
2.7851 2.7360 -1.6617 80 200 120
2.7826 2.6706 -1.6723 80 200 120
2.7762 2.8108 -1.6504 80 200 120
4.1258 2.5180 -2.0114 80 200 120
2.7466 1.0844 -1.7918 80 200 120
5.8230 2.7860 -1.8417 80 200 120
4.6073 -0.0670 -2.0340 80 200 120
2.3114 -0.1469 -3.4109 80 200 120
4.7677 -0.1782 -1.9702 80 200 120
2.6511 0.2371 -1.8164 80 200 120
3.7978 -1.8370 -2.7985 80 200 120
2.2043 -0.3546 -3.4177 80 200 120
4.9429 -0.9302 -2.8461 80 200 120
1.7257 7.5622 -2.9923 80 200 120
6.2598 6.3652 0.2550 80 200 120
1.2549 6.2858 -2.5537 80 200 120
5.2810 6.4561 0.3007 80 200 120
2.4332 -0.2507 -2.7789 80 200 120
5.0591 6.4222 -0.5595 80 200 120
3.9828 -1.2000 -2.7822 80 200 120
0.6302 -1.9036 -2.7794 80 200 120
-0.3396 0.0627 -2.8137 80 200 120
0.9962 -0.4520 -2.4114 80 200 120
-0.4329 0.2523 -2.5680 80 200 120
0.3796 -0.3861 -2.8273 80 200 120
0.1712 -0.2498 -2.7516 80 200 120
2.9203 -1.8726 -2.8864 80 200 120
2.8899 -0.4396 -2.7952 80 200 120
0.0476 -1.7314 -2.7975 80 200 120
0.3750 -1.7849 -2.7883 80 200 120
0.1872 -1.5332 0.3410 80 200 120
0.4531 1.9628 0.3819 80 200 120
2.3036 1.4398 0.4890 80 200 120
-2.2483 0.1045 -1.2113 80 200 120
1.9635 -2.3106 0.4385 80 200 120
-1.4554 1.2206 -2.0128 80 200 120
-0.1023 2.8377 -0.7340 80 200 120
-1.7336 -0.8439 -2.7495 80 200 120
-1.9463 -0.5506 -2.8181 80 200 120
1.2262 0.3535 0.2276 80 200 120
-0.2046 -1.6222 -2.1897 80 200 120
-0.8617 2.8386 -0.9120 80 200 120
5.9219 0.8594 -1.2938 80 200 120
5.5891 0.3892 -0.4654 80 200 120
3.7329 -3.2534 -2.7030 80 200 120
3.3029 -3.1004 -2.3905 80 200 120
2.4118 7.6925 0.2916 80 200 120
2.4514 2.7345 -1.5826 80 200 120
3.0685 1.3692 -1.7389 80 200 120
5.0338 2.7946 -2.8386 80 200 120
5.7224 0.4866 0.0164 80 200 120
5.6782 1.6647 -1.7415 80 200 120
-1.2170 2.1333 -1.3621 80 200 120
-1.3242 3.2712 -2.4171 80 200 120
3.1579 0.6437 -1.8260 80 200 120
7.7869 6.3889 -2.4588 80 200 120
0.4667 3.6352 -2.2675 80 200 120
2.9558 1.1747 -1.7862 80 200 120
-1.0654 2.8791 0.1393 80 200 120
-2.4032 -0.0701 -2.5157 80 200 120
0.7246 7.8325 -0.5230 80 200 120
-2.4903 -0.2603 -1.4878 80 200 120
5.5753 7.3752 -1.0598 80 200 120
1.0716 7.6963 0.1140 80 200 120
-1.5188 1.4094 -0.0494 80 200 120
4.7711 0.8612 -2.6766 80 200 120
1.7747 -0.3789 -1.6721 80 200 120
0.6620 3.7038 -1.5506 80 200 120
2.2750 6.0664 -1.4381 80 200 120
-0.7400 3.1382 -0.0891 80 200 120
4.2115 1.3262 -2.7993 80 200 120
-1.2295 -0.2213 -2.8888 80 200 120
2.3528 -0.3152 -2.9112 80 200 120
-0.8844 3.1099 -0.5303 80 200 120
2.7606 2.5845 -1.6784 80 200 120
2.7377 2.6112 -1.6735 80 200 120
2.7536 2.8700 -1.6259 80 200 120
2.7532 2.9355 -1.6117 80 200 120
2.7509 2.6290 -1.6719 80 200 120
2.7601 2.8807 -1.6203 80 200 120
2.7518 2.4474 -1.7185 80 200 120
4.7596 0.1990 -1.8778 80 200 120
7.9003 4.6496 0.1219 80 200 120
6.1368 1.3349 -1.2847 80 200 120
3.8315 -2.6418 -2.8444 80 200 120
2.1783 -0.7038 -2.9120 80 200 120
4.9632 2.9781 -2.8223 80 200 120
3.6492 6.7393 -0.4088 80 200 120
7.6364 7.8745 -1.6292 80 200 120
4.4127 -2.2059 -2.8108 80 200 120
3.7999 -3.3051 -2.7565 80 200 120
2.4971 -2.7641 -2.7991 80 200 120
2.5495 -2.3562 -2.8282 80 200 120
4.0751 -3.0550 -2.8320 80 200 120
1.3374 -2.3028 -2.8165 80 200 120
4.7587 -1.9614 -2.6938 80 200 120
3.0535 -2.3818 -2.7983 80 200 120
3.7416 -1.0240 -2.8653 80 200 120
-2.3871 -0.0643 -2.5147 80 200 120
1.3165 -1.0090 -2.8422 80 200 120
3.4832 -1.3386 -2.8400 80 200 120
4.5332 -0.9723 -2.7908 80 200 120
3.5515 -2.0048 -2.8047 80 200 120
2.7401 -2.7248 -2.8504 80 200 120
0.6181 -1.0386 -2.8729 80 200 120
-2.1183 0.3309 -2.8088 80 200 120
3.4781 -0.9949 -2.8975 80 200 120
-1.0975 -0.0241 -2.8161 80 200 120
1.3304 1.9984 0.0864 80 200 120
-0.9772 1.9975 -1.6771 80 200 120
1.5313 1.4572 0.2410 80 200 120
2.0531 0.9129 0.3825 80 200 120
-0.4999 -1.3902 -2.7628 80 200 120
1.4562 3.4511 0.3549 80 200 120
-0.5953 3.1875 -1.1187 80 200 120
-0.3739 -0.3328 0.4231 80 200 120
0.3941 0.3355 0.3626 80 200 120
3.7792 -1.9794 0.4708 80 200 120
4.4604 -1.6696 0.3812 80 200 120
4.4525 -2.4851 -2.8513 80 200 120
0.8363 5.6430 0.2279 80 200 120
7.6539 5.3005 0.4409 80 200 120
2.8948 1.4548 -1.7193 80 200 120
3.1596 0.9502 -1.8241 80 200 120
-1.4445 1.4043 -1.3787 80 200 120
3.6445 1.0929 -2.5179 80 200 120
4.8810 0.5256 -1.7798 80 200 120
5.6791 2.9497 0.4718 80 200 120
2.4322 -0.1458 -1.7033 80 200 120
3.3300 1.3877 0.3997 80 200 120
7.7530 3.8299 0.2484 80 200 120
5.4673 1.3288 0.4592 80 200 120
5.8990 1.8124 -2.6832 80 200 120
4.7655 0.2607 -1.9284 80 200 120
-1.7245 0.8114 0.2863 80 200 120
-1.8938 0.8605 -0.3366 80 200 120
-1.4651 1.4479 -0.6137 80 200 120
5.7045 2.2541 -2.7699 80 200 120
-1.1811 2.2532 0.2397 80 200 120
-1.5559 1.4616 -1.0303 80 200 120
-1.3930 1.7751 -0.9398 80 200 120
-1.3639 1.6576 0.2953 80 200 120
3.6758 1.6477 0.4410 80 200 120
-1.5924 1.1613 -0.3509 80 200 120
1.5899 1.0711 -0.0124 80 200 120
5.4817 0.5191 0.3719 80 200 120
-1.6693 0.9560 -0.8594 80 200 120
-1.0018 2.5361 -1.3538 80 200 120
2.9067 0.0606 -1.7928 80 200 120
5.0957 -0.9064 -0.0064 80 200 120
2.9970 1.2192 -1.7529 80 200 120
3.0627 1.1427 -1.7647 80 200 120
2.0583 -0.9443 -2.8705 80 200 120
1.9015 -0.3699 -1.6253 80 200 120
4.8211 2.7887 -2.2271 80 200 120
2.0741 -0.9545 -2.3061 80 200 120
1.9359 -0.9365 -2.4514 80 200 120
1.8001 -0.9222 -2.5008 80 200 120
-2.3513 -0.5463 -0.3204 80 200 120
-2.3516 -0.2367 0.0693 80 200 120
1.8539 8.3114 -0.4231 80 200 120
-1.5117 0.8073 0.2290 80 200 120
-2.2517 -0.5689 0.2653 80 200 120
-1.7298 0.8426 -0.1394 80 200 120
5.2950 2.7994 -2.9145 80 200 120
-0.8324 2.4058 -1.3741 80 200 120
-1.7347 0.3933 0.2508 80 200 120
-1.0357 1.0533 0.3999 80 200 120
-1.0083 2.2342 0.1929 80 200 120
2.4383 -0.1293 -1.6934 80 200 120
2.1468 -0.7980 -2.8587 80 200 120
0.2863 4.9384 0.3016 80 200 120
4.5051 2.3716 -2.4686 80 200 120
0.1530 -1.7575 -2.8213 80 200 120
2.2471 -0.1519 -1.6436 80 200 120
-1.7535 0.9019 -1.3128 80 200 120
3.1774 0.2684 -2.6899 80 200 120
-2.2516 -0.2508 -1.8658 80 200 120
-2.1718 0.2058 -2.1243 80 200 120
0.0980 2.4697 0.1602 80 200 120
-1.5546 1.1579 -0.3232 80 200 120
-1.2352 1.7786 -0.1738 80 200 120
2.9386 8.2258 -0.3957 80 200 120
-1.7974 -0.1824 0.3246 80 200 120
1.4416 3.3801 0.2643 80 200 120
2.6061 -1.2521 -2.8917 80 200 120
-0.9212 2.2598 -1.6977 80 200 120
4.2913 1.1042 -2.7908 80 200 120
2.7188 2.4158 -1.7034 80 200 120
3.2444 4.1591 -1.6271 80 200 120
2.8557 2.3731 -1.6718 80 200 120
2.8185 2.1928 -1.7066 80 200 120
2.8039 2.9198 -1.6217 80 200 120
2.6864 2.5489 -1.6526 80 200 120
2.7138 -2.9812 -2.8735 80 200 120
3.7065 -1.1171 -2.8472 80 200 120
2.4833 0.1657 -2.0602 80 200 120
3.6430 -0.3968 -2.8238 80 200 120
5.1971 -0.3600 -2.8024 80 200 120
2.2911 -0.4821 -2.8217 80 200 120
4.1811 -0.2474 -2.8748 80 200 120
5.1530 -0.5586 -1.8960 80 200 120
3.4578 -1.7865 -2.8353 80 200 120
3.9666 -0.0911 -2.8375 80 200 120
6.9681 2.7911 -0.7935 80 200 120
2.3523 -0.3255 -2.8993 80 200 120
2.5185 0.5331 -1.7531 80 200 120
2.0723 -0.9465 -2.8608 80 200 120
2.2974 -0.6586 -2.5641 80 200 120
2.3866 -0.2129 -2.9620 80 200 120
2.3444 -0.4669 -2.7559 80 200 120
0.5513 -1.9996 -2.8119 80 200 120
4.6286 -1.8278 -2.8129 80 200 120
0.9467 -2.1064 -2.4486 80 200 120
1.5189 -2.1733 -2.8630 80 200 120
3.4716 -1.8846 -2.8531 80 200 120
1.9898 -2.5899 -1.6161 80 200 120
2.9954 -1.5324 -2.8088 80 200 120
3.8499 -3.5141 -1.5969 80 200 120
2.2349 -0.7888 -2.5679 80 200 120
1.1342 -0.5320 -3.0104 80 200 120
1.1510 -2.1467 -2.7622 80 200 120
2.1972 -2.7077 -2.8309 80 200 120
0.2974 -0.6429 -2.8134 80 200 120
1.1913 -0.8910 -2.8192 80 200 120
3.1519 -2.1800 -2.7912 80 200 120
4.1742 -2.6683 -2.4762 80 200 120
1.4708 -1.6022 -2.8555 80 200 120
0.6203 -2.0381 -0.0592 80 200 120
2.8625 1.5464 0.4373 80 200 120
-0.1939 -1.1656 -2.8125 80 200 120
0.0720 -1.6859 -2.7715 80 200 120
2.0640 2.9156 0.4634 80 200 120
0.4448 5.7540 0.4767 80 200 120
0.5813 1.8290 -0.6464 80 200 120
2.2956 1.3956 0.4838 80 200 120
-1.9662 0.3479 -2.7419 80 200 120
-1.8132 -0.0941 -2.8080 80 200 120
2.2255 0.6844 0.4246 80 200 120
1.7934 1.2305 0.4743 80 200 120
1.7006 -1.7286 0.3938 80 200 120
-1.2832 -1.0483 -2.7709 80 200 120
3.8533 -3.4128 0.3457 80 200 120
3.5110 -2.6888 0.4134 80 200 120
1.8143 0.2650 -0.0574 80 200 120
-1.1676 -0.8243 0.3970 80 200 120
3.0749 -3.2057 0.2727 80 200 120
1.6899 -0.2269 0.5073 80 200 120
2.8026 -2.0593 0.4988 80 200 120
4.3846 -1.8391 0.3600 80 200 120
4.6500 -1.9725 0.0615 80 200 120
4.2203 0.6407 0.3622 80 200 120
5.7179 0.7124 -0.9849 80 200 120
6.2139 1.3601 -1.2155 80 200 120
3.1957 1.2765 -1.7380 80 200 120
4.3693 1.0972 -2.8307 80 200 120
4.6352 -0.0904 -1.9815 80 200 120
-1.9879 0.7333 -0.8017 80 200 120
5.7304 0.7363 -0.9917 80 200 120
-1.2082 0.8552 0.4669 80 200 120
4.1923 1.2797 -2.8065 80 200 120
3.7507 1.2497 -2.2735 80 200 120
5.0645 2.8543 -2.8126 80 200 120
1.8665 0.2931 0.4352 80 200 120
4.7761 0.5481 -1.9526 80 200 120
4.5439 1.5155 0.4183 80 200 120
1.0260 3.2976 0.4407 80 200 120
2.4970 2.4620 0.4084 80 200 120
-0.4108 0.6898 0.3627 80 200 120
5.2356 0.9928 -1.6060 80 200 120
2.6343 0.6680 -1.7434 80 200 120
2.5874 0.5250 -1.7304 80 200 120
3.2380 1.5179 -1.7154 80 200 120
3.0990 1.4364 -1.7090 80 200 120
-0.2482 -1.6112 -2.8268 80 200 120
4.1666 0.6375 -2.8109 80 200 120
-0.2042 -1.1164 -2.8399 80 200 120
4.0499 0.8376 -2.8857 80 200 120
0.8698 -1.8744 -2.8747 80 200 120
0.2970 -1.3090 -2.8451 80 200 120
-2.1287 -0.1028 -0.4757 80 200 120
-1.5980 0.0281 0.3800 80 200 120
-1.1518 1.4472 0.1763 80 200 120
2.1972 -0.6717 -2.8804 80 200 120
2.8204 0.0570 -2.5229 80 200 120
2.7900 0.0519 -2.8185 80 200 120
0.8246 3.3460 0.2800 80 200 120
-0.5704 3.2097 -1.1189 80 200 120
3.9748 8.2792 -0.1411 80 200 120
1.6795 -2.5575 -2.8851 80 200 120
0.7934 -2.0424 -2.7911 80 200 120
3.3414 6.9860 0.2105 80 200 120
4.0417 -0.1580 -2.8174 80 200 120
-0.8423 -0.9580 -2.8908 80 200 120
-0.2510 6.3743 -0.6887 80 200 120
2.6777 0.1049 -2.5621 80 200 120
0.3748 6.2682 -0.8446 80 200 120
0.1285 1.7758 0.3353 80 200 120
2.7380 2.4128 -1.7219 80 200 120
2.7231 2.1500 -1.7475 80 200 120
5.8053 3.0511 -1.6629 80 200 120
5.0969 -0.6557 -2.7776 80 200 120
5.8959 6.3846 -0.5458 80 200 120
2.0705 -0.9420 -2.8586 80 200 120
3.7748 -1.4817 -2.8228 80 200 120
2.7846 0.0798 -2.5112 80 200 120
1.5984 -0.8564 -3.7243 80 200 120
4.7393 -1.9603 -2.6759 80 200 120
2.6578 -2.4589 -2.7992 80 200 120
4.4584 2.8401 -2.4889 80 200 120
5.7408 4.7144 -2.5620 80 200 120
3.4699 8.2142 -0.5889 80 200 120
2.7099 -1.9360 -2.8864 80 200 120
3.3754 -3.1674 -2.8314 80 200 120
2.8154 -1.8861 -2.8516 80 200 120
4.0574 -1.2919 -2.8308 80 200 120
3.0449 -2.3933 -2.8184 80 200 120
5.7372 0.5496 -0.1372 80 200 120
5.7666 0.7548 -1.0021 80 200 120
5.1184 -0.6340 -1.4948 80 200 120
5.4825 -0.3568 -2.2854 80 200 120
5.0161 -0.9412 -1.5543 80 200 120
2.5759 -2.3670 -2.8261 80 200 120
3.6908 -3.4231 -2.7776 80 200 120
-1.2549 -0.6887 -2.8440 80 200 120
1.8269 -1.8962 -2.7840 80 200 120
1.4453 -0.6811 -3.2286 80 200 120
0.5681 -0.2330 -4.3138 80 200 120
3.9752 -0.8144 -2.8127 80 200 120
1.8447 -1.3637 -2.8473 80 200 120
0.8285 -1.6496 -2.8567 80 200 120
4.4719 -1.5075 -2.8779 80 200 120
1.1852 -1.4829 -2.8268 80 200 120
1.5739 -0.8809 -2.8722 80 200 120
-0.5870 -1.4912 -2.6335 80 200 120
3.3271 -1.7480 -2.8560 80 200 120
0.9603 -2.0558 -2.7762 80 200 120
1.5510 -2.4026 -2.8031 80 200 120
-0.5367 -0.6261 -2.8320 80 200 120
-0.5057 -1.2048 0.3785 80 200 120
0.9534 -1.9749 0.4897 80 200 120
0.0084 6.0205 0.2561 80 200 120
0.8582 5.3150 0.5483 80 200 120
1.7229 0.1427 0.3872 80 200 120
-0.8161 -0.9355 -2.8811 80 200 120
-0.5265 -0.8150 0.3985 80 200 120
2.1128 -2.6523 -0.1861 80 200 120
0.8339 3.7167 0.4660 80 200 120
1.4320 -2.3631 -0.4342 80 200 120
2.3615 2.0315 0.4821 80 200 120
4.5702 -2.1132 0.0077 80 200 120
4.4298 -2.2443 0.3614 80 200 120
4.6197 -1.6791 -0.3312 80 200 120
4.3457 -2.5015 0.1088 80 200 120
4.2279 -2.5856 -2.7945 80 200 120
4.3416 -2.3222 -2.7739 80 200 120
5.0129 -0.9432 -1.5676 80 200 120
0.6637 5.4215 0.4013 80 200 120
2.6594 1.4668 -1.6292 80 200 120
2.2858 3.6338 0.4358 80 200 120
4.2416 0.6796 0.4425 80 200 120
4.3280 2.9586 0.3985 80 200 120
2.4473 -0.0888 -2.8267 80 200 120
2.5020 0.1803 -1.8159 80 200 120
0.5445 -1.6334 -2.8799 80 200 120
5.8856 7.9896 -0.9789 80 200 120
0.4982 -1.4472 -2.8617 80 200 120
-1.6310 -0.8703 -1.8426 80 200 120
1.3767 -1.8028 -2.7993 80 200 120
1.2044 -1.0385 -2.7903 80 200 120
2.3939 -0.3136 -1.6742 80 200 120
4.6814 7.9423 -0.7329 80 200 120
3.8503 0.1489 -2.8613 80 200 120
3.5846 0.4406 -2.8348 80 200 120
3.1151 0.8585 -1.7571 80 200 120
1.4796 -1.5768 -2.8066 80 200 120
2.7346 2.5784 -1.6942 80 200 120
3.1603 1.1396 -1.7451 80 200 120
3.1988 1.3132 -1.6986 80 200 120
3.1006 1.0661 -1.7649 80 200 120
4.5580 5.9726 -0.9233 80 200 120
3.0111 -2.6399 -2.8152 80 200 120
4.5959 0.2241 -2.7708 80 200 120
4.4402 -1.7571 -2.8868 80 200 120
2.8249 0.0742 -2.8289 80 200 120
7.2845 3.4955 0.1773 80 200 120
4.6637 -0.2214 -2.2839 80 200 120
3.1816 -2.0390 -2.8280 80 200 120
2.6979 -2.2230 -2.8684 80 200 120
2.3517 -0.3430 -2.8462 80 200 120
0.2715 -0.3382 -2.8948 80 200 120
3.5277 -1.7190 -2.8537 80 200 120
1.4403 -1.3280 -2.7849 80 200 120
2.6636 -1.4972 -2.7709 80 200 120
2.5997 -2.0083 -2.8508 80 200 120
0.8941 -1.4546 -2.8604 80 200 120
-0.4362 -0.4556 -2.8526 80 200 120
3.4192 -1.6054 -2.8820 80 200 120
3.0320 -1.2612 -2.8091 80 200 120
-0.2811 -1.5768 -2.7843 80 200 120
-1.0165 -0.1198 -2.8853 80 200 120
-0.2551 -0.7785 -2.7796 80 200 120
0.3597 -1.8815 -1.8651 80 200 120
0.5833 -0.1461 -0.0908 80 200 120
-0.9693 0.2059 -2.1744 80 200 120
1.6202 -2.4149 -0.3486 80 200 120
-1.4604 0.5245 -2.6740 80 200 120
-0.5226 -1.4142 -2.8179 80 200 120
-1.8671 0.9613 -0.9695 80 200 120
3.2357 -3.2507 0.2879 80 200 120
1.4715 -1.9381 0.5375 80 200 120
2.7774 -2.0183 0.4363 80 200 120
0.3411 -1.3446 0.4012 80 200 120
2.9785 -3.0678 0.2984 80 200 120
5.4146 -0.3904 0.2043 80 200 120
5.0461 -0.8544 0.1164 80 200 120
4.1507 -2.7881 -0.2105 80 200 120
6.3187 2.2882 0.2377 80 200 120
4.4646 -2.0245 -2.8117 80 200 120
4.5251 -1.8189 -2.8030 80 200 120
3.2170 2.1991 -1.5302 80 200 120
4.7743 0.6236 -2.7905 80 200 120
-1.6943 -0.8896 0.3161 80 200 120
5.6087 0.3253 -0.6982 80 200 120
2.2672 1.3505 0.4429 80 200 120
2.3709 1.7962 0.4090 80 200 120
2.4891 0.5518 -1.8239 80 200 120
2.8520 0.3045 -1.7720 80 200 120
1.0850 -0.3736 0.1750 80 200 120
0.0335 -0.1773 0.3330 80 200 120
1.7919 1.1159 0.2987 80 200 120
3.1749 3.1184 0.1459 80 200 120
3.7088 0.0382 0.4105 80 200 120
-2.0860 0.4265 0.8575 80 200 120
3.9583 -2.5456 0.4005 80 200 120
3.9614 1.0399 0.4759 80 200 120
2.6483 0.7454 -1.8018 80 200 120
4.8707 -0.1729 -1.9069 80 200 120
4.6939 0.2486 -1.9546 80 200 120
4.7024 -0.0538 -1.9482 80 200 120
3.8727 0.6178 0.4358 80 200 120
5.0326 3.5297 0.5000 80 200 120
2.9832 1.6248 0.4508 80 200 120
2.4648 0.1105 -2.0226 80 200 120
1.0443 0.9122 0.1927 80 200 120
5.1413 -0.6290 -1.4917 80 200 120
4.7065 0.3474 -2.2848 80 200 120
3.5766 2.9662 0.1173 80 200 120
4.3811 -2.0150 0.3442 80 200 120
4.9228 -0.9794 -0.5363 80 200 120
5.7273 0.7278 -0.9593 80 200 120
5.1484 -0.4600 0.3115 80 200 120
4.7947 -1.3895 -0.7227 80 200 120
5.8183 0.9689 0.3961 80 200 120
4.0191 3.0153 0.1282 80 200 120
4.9631 2.5335 -2.7778 80 200 120
-0.6127 0.2830 0.3568 80 200 120
2.9992 2.8084 0.5421 80 200 120
2.0377 0.9982 0.3295 80 200 120
4.9736 -0.9208 -0.0884 80 200 120
0.5397 -0.8103 0.5725 80 200 120
4.6980 0.2490 0.4054 80 200 120
2.8619 2.0114 0.4462 80 200 120
2.3075 -0.4624 -2.8300 80 200 120
1.4206 -1.1802 -2.8203 80 200 120
-1.2820 -1.3391 -1.5747 80 200 120
2.2566 -0.5773 -2.1544 80 200 120
-2.5157 -0.2471 -1.4797 80 200 120
1.9380 -0.9256 -2.8246 80 200 120
4.7167 2.0808 -2.9097 80 200 120
2.4230 -0.2731 -2.8242 80 200 120
0.9664 -2.0780 -2.4450 80 200 120
-1.3790 -0.9481 -2.1415 80 200 120
1.8775 -1.6636 -2.9558 80 200 120
0.8026 -0.9080 -2.8445 80 200 120
-0.4344 -0.6894 -2.7918 80 200 120
-1.4742 -1.0371 -0.7769 80 200 120
0.1515 -1.0867 -2.8861 80 200 120
3.7667 0.3337 -2.8558 80 200 120
1.2798 -1.1250 -2.8345 80 200 120
3.4136 -0.0939 -2.8579 80 200 120
2.3884 -0.2962 -2.2510 80 200 120
-0.7136 -1.5007 -2.6377 80 200 120
5.7838 3.5919 -2.7182 80 200 120
6.7283 5.6224 -2.4031 80 200 120
6.0725 2.8589 -1.6240 80 200 120
3.4136 0.7387 -2.7847 80 200 120
3.8040 0.1259 -2.8197 80 200 120
3.1590 -2.2539 -2.8224 80 200 120
2.8825 -2.5738 -2.8458 80 200 120
6.3005 2.2424 -2.5745 80 200 120
5.1481 -0.2428 -1.9592 80 200 120
4.8187 0.4336 -2.2904 80 200 120
5.0480 -0.6942 -2.7880 80 200 120
5.6247 6.9449 0.1470 80 200 120
5.3473 -0.7437 -1.9982 80 200 120
6.0572 2.4732 -1.9806 80 200 120
3.8975 -2.7243 -2.8851 80 200 120
2.4865 0.1222 -2.0645 80 200 120
3.5578 -1.9897 -2.8241 80 200 120
3.4125 0.0187 -2.8225 80 200 120
3.2970 -1.4253 -2.8439 80 200 120
-0.2551 -1.5899 -2.8375 80 200 120
1.4536 -1.1587 -2.8652 80 200 120
3.8850 -3.4434 -1.5897 80 200 120
-0.0990 -0.2070 -2.8870 80 200 120
1.8015 -1.7498 -2.8264 80 200 120
2.6941 -2.2630 -2.8394 80 200 120
1.3948 -0.7715 -2.7779 80 200 120
3.2594 -2.7653 -2.8425 80 200 120
1.4204 -2.4419 -2.8666 80 200 120
1.9950 -2.6783 -2.8183 80 200 120
4.2358 -2.7019 -2.8034 80 200 120
4.6195 -1.8208 -2.4317 80 200 120
1.9744 -0.8921 -2.9242 80 200 120
0.5399 -0.6456 -2.8408 80 200 120
3.9261 -1.9897 -2.8348 80 200 120
2.2321 -2.4357 -2.8406 80 200 120
4.3320 -2.2293 -2.9015 80 200 120
3.1949 -3.3334 -1.6775 80 200 120
1.2082 -1.2098 0.2326 80 200 120
0.9207 -2.1067 -0.3612 80 200 120
-1.3700 0.7454 -0.2707 80 200 120
-1.6143 0.3636 -2.9100 80 200 120
1.7034 0.8273 -0.2900 80 200 120
2.1456 0.9997 0.4262 80 200 120
1.6186 1.3919 -0.1613 80 200 120
0.1700 -1.7922 -1.6974 80 200 120
1.9187 0.6651 -0.1405 80 200 120
1.3145 0.6269 0.1843 80 200 120
2.2691 1.9760 0.3879 80 200 120
1.8462 2.3109 0.2815 80 200 120
1.5956 -0.3713 0.1344 80 200 120
0.4833 -1.4314 -2.8250 80 200 120
2.2986 1.2889 0.3871 80 200 120
2.3870 -2.2482 0.4453 80 200 120
2.7445 0.1536 0.2529 80 200 120
3.2262 1.0236 0.3310 80 200 120
-1.6052 -0.9809 -0.1358 80 200 120
2.4002 1.0077 0.3914 80 200 120
-0.1922 -1.0482 0.4767 80 200 120
3.8365 -3.4460 0.3545 80 200 120
4.1398 -2.7800 -0.1272 80 200 120
3.8932 -2.4997 0.3303 80 200 120
4.2939 -1.9589 0.4495 80 200 120
2.2165 0.6799 0.4771 80 200 120
-0.9102 -0.5018 -2.8072 80 200 120
3.3922 -2.6731 0.3918 80 200 120
3.4545 -1.5825 0.3792 80 200 120
0.4514 -1.9352 -2.3005 80 200 120
3.6863 -1.6745 0.3737 80 200 120
4.3246 -2.5084 0.3904 80 200 120
-0.0422 -1.7124 -2.7968 80 200 120
4.4085 -2.2364 0.3458 80 200 120
-2.0823 0.1671 -2.8035 80 200 120
4.0663 -2.2356 0.3886 80 200 120
2.9616 -1.0926 0.4634 80 200 120
1.4437 -1.6141 0.3029 80 200 120
4.0947 -1.7344 0.4684 80 200 120
-0.2946 0.2641 -0.0226 80 200 120
1.9595 0.7760 0.3712 80 200 120
-0.6992 -1.2866 -2.2209 80 200 120
2.8752 2.0607 0.4577 80 200 120
-0.5455 -1.5368 -2.5923 80 200 120
2.4370 -2.8367 -0.0528 80 200 120
3.3229 -2.7053 0.4878 80 200 120
4.1497 -2.7148 0.3798 80 200 120
6.9765 4.1027 0.1341 80 200 120
4.6875 -1.6558 -2.7942 80 200 120
4.5092 -2.7089 -2.9004 80 200 120
3.3499 1.4244 0.4167 80 200 120
5.2739 -0.7520 -1.9797 80 200 120
4.0109 0.6356 -2.8375 80 200 120
4.2225 0.5942 -2.8447 80 200 120
2.4487 0.0063 -1.6096 80 200 120
2.9234 0.0962 -1.8088 80 200 120
5.2762 1.5566 -2.8395 80 200 120
5.3189 -0.4153 -0.0049 80 200 120
4.6936 -0.3359 0.5041 80 200 120
5.1745 -0.3227 -2.3541 80 200 120
5.0992 -0.9593 -1.6290 80 200 120
5.1614 -0.3022 -1.8163 80 200 120
4.6804 -1.7921 -0.5419 80 200 120
5.1700 -0.8019 -1.7343 80 200 120
1.9876 -0.3337 0.3732 80 200 120
4.6463 1.9042 0.2636 80 200 120
5.0090 -1.1487 -1.6576 80 200 120
-1.1488 -1.0593 0.2492 80 200 120
4.3691 1.1711 -2.8261 80 200 120
4.5518 -0.0838 0.4480 80 200 120
1.8779 2.4367 0.4152 80 200 120
3.4548 2.3269 0.4915 80 200 120
5.2772 -0.4191 -2.0414 80 200 120
3.1621 0.8541 0.3906 80 200 120
0.9777 -0.0639 0.1116 80 200 120
5.9404 3.9523 0.5200 80 200 120
5.5940 1.5406 -2.1210 80 200 120
4.9424 -0.2995 -2.1026 80 200 120
5.8632 0.8292 -1.3927 80 200 120
1.6950 -2.2571 0.3597 80 200 120
3.4046 0.4118 0.4706 80 200 120
3.9235 -1.4540 0.3110 80 200 120
-0.2493 -1.0582 0.4741 80 200 120
-0.0188 -1.2087 0.7716 80 200 120
-2.8048 -0.1674 -1.8623 80 200 120
0.5697 -1.0407 -2.8728 80 200 120
0.9961 -1.5198 -2.8505 80 200 120
-0.1543 -1.5775 -2.1997 80 200 120
0.2869 -1.7807 -2.1632 80 200 120
2.5432 -0.5099 -2.7898 80 200 120
0.4703 -0.7599 -2.8569 80 200 120
3.4634 0.1016 -2.8266 80 200 120
1.3180 -1.5734 -2.8155 80 200 120
-2.4465 -0.0736 -2.4937 80 200 120
1.9627 -0.9365 -2.5416 80 200 120
-2.2133 -0.0731 -0.3827 80 200 120
0.1274 -0.6088 -2.8160 80 200 120
0.8580 -1.4118 -2.8587 80 200 120
2.3498 -0.3873 -2.8015 80 200 120
1.3380 -0.9791 -2.8179 80 200 120
3.6780 1.2056 -2.7705 80 200 120
3.0175 0.0551 -2.8385 80 200 120
6.0824 3.5808 0.2499 80 200 120
3.4664 -2.6054 -2.8185 80 200 120
3.2134 -0.8619 -2.8188 80 200 120
3.3824 0.4216 -2.8376 80 200 120
4.0294 -0.8125 -2.8471 80 200 120
3.3984 -1.3527 -2.8464 80 200 120
3.4022 -2.0395 -2.8411 80 200 120
3.0644 -2.4025 -2.8303 80 200 120
4.0790 -1.0763 -2.8393 80 200 120
2.8381 -2.2477 -2.8570 80 200 120
3.6577 -1.3242 -2.8753 80 200 120
3.7945 -3.3380 -2.7948 80 200 120
4.6321 -0.1343 -2.7448 80 200 120
6.7485 2.7961 0.4393 80 200 120
3.6958 -0.9203 -2.8451 80 200 120
5.7784 0.5216 -1.2223 80 200 120
3.6795 -2.3606 -2.8240 80 200 120
3.4602 -2.5332 -2.8385 80 200 120
0.5795 -1.2201 -2.8629 80 200 120
1.0026 -1.2891 -2.8349 80 200 120
1.7597 -2.5342 -2.8389 80 200 120
2.6388 -2.8703 -2.7752 80 200 120
4.4794 -2.4079 -2.5078 80 200 120
1.6063 -2.5237 -2.8368 80 200 120
1.0624 -1.9266 -2.8558 80 200 120
3.4806 -1.3557 -2.8292 80 200 120
4.7772 -1.6637 -2.8371 80 200 120
3.6179 -0.8619 -2.9012 80 200 120
0.7178 -1.9897 -0.6653 80 200 120
-2.4440 0.0764 -0.6754 80 200 120
3.8602 0.5539 0.3640 80 200 120
0.2948 -0.6576 -2.8378 80 200 120
-0.4254 0.2746 -2.1729 80 200 120
-1.3852 0.7548 -1.3978 80 200 120
-1.6318 0.9400 -1.6968 80 200 120
-0.1915 -0.9831 -2.8198 80 200 120
-1.3576 -0.3947 0.5689 80 200 120
2.5252 1.9590 0.5118 80 200 120
0.2326 -0.8647 -2.8379 80 200 120
-1.5880 0.8017 -1.0280 80 200 120
-0.1847 -0.4919 -2.8233 80 200 120
4.0059 -2.9612 0.3372 80 200 120
0.2342 -1.8389 -2.8440 80 200 120
2.7012 -2.5793 0.4171 80 200 120
-1.7134 -0.6893 -1.5368 80 200 120
1.7915 -2.5925 0.1681 80 200 120
3.4110 0.3748 0.4962 80 200 120
2.7608 -3.0169 -0.4249 80 200 120
-0.3225 0.2835 -2.4010 80 200 120
2.5580 -2.9265 -0.6371 80 200 120
4.3670 -2.2916 -2.8014 80 200 120
5.7921 3.0467 0.5994 80 200 120
1.6307 0.3546 0.7883 80 200 120
3.7558 1.7745 0.5408 80 200 120
4.5159 3.2405 -0.7803 80 200 120
6.6713 3.2664 0.3629 80 200 120
5.3508 -0.5253 -2.2843 80 200 120
-2.6065 -0.5422 0.3934 80 200 120
3.4383 0.4641 -2.8746 80 200 120
4.9504 0.8091 -2.7117 80 200 120
4.1903 1.9265 0.3677 80 200 120
4.1800 0.1360 0.3494 80 200 120
1.7259 -1.7696 0.3848 80 200 120
0.1991 -1.6572 0.2942 80 200 120
4.6179 -0.1102 -2.1630 80 200 120
4.6806 -1.6368 -1.2458 80 200 120
2.0256 1.7820 0.4808 80 200 120
4.0713 -2.7007 0.6070 80 200 120
3.4064 -1.5817 0.2992 80 200 120
5.5495 0.9124 -0.7414 80 200 120
1.9639 -2.2935 0.4124 80 200 120
-1.3954 -0.5904 0.3119 80 200 120
4.0694 -2.2663 0.4445 80 200 120
2.6269 2.9336 0.2832 80 200 120
4.7096 -0.2587 -2.3663 80 200 120
2.4606 0.0793 -2.0401 80 200 120
0.4672 -1.9254 -2.8186 80 200 120
-2.0333 -0.2114 -2.7724 80 200 120
-2.9634 -0.1190 0.3556 80 200 120
-0.4528 -1.3266 -2.2646 80 200 120
0.3637 -1.8556 -2.3725 80 200 120
3.5471 0.8330 -2.8822 80 200 120
2.8545 0.0500 -2.8311 80 200 120
2.7449 0.1076 -2.8262 80 200 120
-2.4122 -0.4905 -1.1360 80 200 120
-2.3436 0.1019 -1.2236 80 200 120
-1.4425 -0.6265 -2.2794 80 200 120
1.7576 -1.6505 -2.8441 80 200 120
1.2593 -0.8408 -2.8301 80 200 120
-0.6737 -1.5762 -1.6150 80 200 120
2.6626 0.1466 -2.8365 80 200 120
3.4644 -1.7929 -2.8307 80 200 120
3.8153 -1.4450 -2.8344 80 200 120
3.5239 -0.2303 -2.8509 80 200 120
4.5521 -1.4933 -2.1216 80 200 120
3.7365 0.2809 -2.8591 80 200 120
4.7551 -1.4509 -2.8195 80 200 120
2.2978 -0.5016 -2.8198 80 200 120
3.4356 -2.6947 -2.7958 80 200 120
3.9155 -2.7718 -2.8999 80 200 120
2.5633 -1.8609 -2.8530 80 200 120
3.2769 -3.1291 -2.7915 80 200 120
3.9762 -3.2076 -2.8065 80 200 120
4.0481 -2.8796 -2.0746 80 200 120
2.4604 -1.9480 -2.8107 80 200 120
2.0738 -0.9558 -2.8378 80 200 120
1.4646 -2.3792 -2.8286 80 200 120
1.0255 -2.1676 -2.7984 80 200 120
4.3736 -2.2912 -2.8215 80 200 120
1.3345 -1.5948 -2.8199 80 200 120
3.6254 -3.4346 -2.2082 80 200 120
1.7877 -1.4898 -2.8543 80 200 120
3.5724 -1.7437 -2.8644 80 200 120
1.0308 -2.2571 -2.6651 80 200 120
2.4835 -2.7526 -2.5739 80 200 120
0.7120 -2.1182 -2.7060 80 200 120
1.1643 -2.2842 0.1594 80 200 120
1.2965 -2.3179 0.3908 80 200 120
0.7134 -0.4300 0.4268 80 200 120
0.2785 -1.2558 -2.8522 80 200 120
3.7753 -3.3317 0.2295 80 200 120
1.7308 -2.5309 -0.6852 80 200 120
3.2037 0.8785 0.4004 80 200 120
-0.3564 0.0941 -2.7927 80 200 120
2.1143 -0.7027 -1.5318 80 200 120
2.3204 0.0095 -1.3847 80 200 120
2.1400 -0.5350 -1.4790 80 200 120
-1.4165 0.2565 -2.8536 80 200 120
4.0817 -2.8283 -0.0348 80 200 120
1.5895 -2.3749 0.6156 80 200 120
5.0073 -0.9352 -1.5641 80 200 120
3.1778 3.1363 -0.3400 80 200 120
4.1074 2.3132 -1.5614 80 200 120
3.8579 -3.4675 0.4136 80 200 120
2.6870 4.0350 -0.4499 80 200 120
7.6447 8.2194 -1.5629 80 200 120
4.1357 -2.8041 -0.1682 80 200 120
4.3663 -2.5453 0.5048 80 200 120
4.6059 -0.0996 -2.5142 80 200 120
2.1469 0.8555 0.5579 80 200 120
1.7128 -0.3429 0.3282 80 200 120
4.8410 -1.4464 -1.3077 80 200 120
4.1610 1.2111 -2.7956 80 200 120
2.5585 0.8041 0.2679 80 200 120
3.9551 -2.9466 0.2483 80 200 120
1.7346 -0.4699 -0.2834 80 200 120
4.3267 1.8518 -2.7782 80 200 120
4.2141 0.8211 -2.8030 80 200 120
2.3507 -0.3689 -2.8172 80 200 120
2.0677 -0.9525 -2.8386 80 200 120
2.1697 -0.7733 -2.8180 80 200 120
2.7147 0.1571 -2.4682 80 200 120
2.4190 -0.2582 -2.8258 80 200 120
-2.0664 0.3597 -1.0011 80 200 120
2.4666 0.1042 -2.6387 80 200 120
1.3979 -1.1950 -2.8096 80 200 120
2.2273 -0.6732 -2.8072 80 200 120
2.2627 -0.5417 -2.8448 80 200 120
-0.8969 -1.2775 -2.7735 80 200 120
4.1770 1.3154 -2.8356 80 200 120
-0.8277 -1.1033 -1.0693 80 200 120
0.7186 -1.7950 -2.9043 80 200 120
1.2633 -1.4294 -2.8219 80 200 120
5.7633 3.3816 -2.7388 80 200 120
6.2119 3.8273 0.3348 80 200 120
5.5715 0.3230 -0.7121 80 200 120
4.4350 -2.5353 -1.6788 80 200 120
5.3712 -0.2251 -1.4634 80 200 120
3.5709 -3.3799 -2.8188 80 200 120
5.3013 3.6607 -2.8254 80 200 120
3.8339 -3.4213 -2.8274 80 200 120
4.3746 -2.4010 -2.8040 80 200 120
7.2872 7.9023 -2.2433 80 200 120
4.3941 -2.1903 -2.8126 80 200 120
3.4384 0.4915 -2.8586 80 200 120
2.6893 0.1395 -2.5767 80 200 120
5.4928 0.0649 -0.5793 80 200 120
3.4376 -3.0935 -2.9353 80 200 120
2.8185 -1.9040 -2.8512 80 200 120
5.4257 -0.7304 -2.6381 80 200 120
3.3695 -2.1305 -2.8191 80 200 120
2.7748 -1.9439 -2.8309 80 200 120
0.1311 -0.8705 -2.8607 80 200 120
2.7230 -2.4519 -2.8193 80 200 120
1.9436 -2.5475 -2.8958 80 200 120
0.9428 -2.1188 -2.4666 80 200 120
1.6603 -1.2712 -2.7922 80 200 120
1.6360 -0.7563 -2.9069 80 200 120
1.2281 -0.5528 -2.8844 80 200 120
1.2182 -0.5419 -3.0817 80 200 120
0.5016 -0.7419 -2.8519 80 200 120
4.1880 -3.2228 -1.7405 80 200 120
0.2990 -1.7921 -2.1918 80 200 120
4.2823 -2.4843 -2.3727 80 200 120
2.1873 -2.0433 -2.8293 80 200 120
3.0650 -2.3923 -2.8160 80 200 120
2.9820 -2.9825 -2.1716 80 200 120
2.4418 -2.2202 -2.8414 80 200 120
1.4524 -1.3163 -2.7898 80 200 120
4.5495 -2.4320 -2.5410 80 200 120
4.1209 -1.5687 -2.8471 80 200 120
0.1970 -1.7642 -2.3828 80 200 120
3.1544 -1.8471 -2.8183 80 200 120
1.9881 -1.6527 -2.8300 80 200 120
3.6613 -1.4291 -2.8211 80 200 120
-0.3095 -1.5531 -0.8530 80 200 120
0.1369 -1.7778 -0.1474 80 200 120
-0.9456 -1.3055 -1.6154 80 200 120
-0.5839 -1.4241 -2.8229 80 200 120
0.3436 -1.8947 -2.8531 80 200 120
-0.2246 -1.6039 -2.7853 80 200 120
1.7509 -0.6538 -1.0029 80 200 120
2.3086 1.3357 0.4298 80 200 120
1.4851 -0.9082 0.1716 80 200 120
4.0005 -1.0604 0.4303 80 200 120
4.0339 -1.4916 0.4738 80 200 120
-0.1860 -0.1309 -2.8630 80 200 120
3.6035 -0.1440 0.4118 80 200 120
4.1685 -2.8906 -0.3459 80 200 120
3.0347 -3.0940 0.3389 80 200 120
4.6337 -1.7771 -0.5858 80 200 120
4.7788 -1.5062 0.0140 80 200 120
6.7977 5.2643 0.8722 80 200 120
4.1673 -3.0679 -2.8298 80 200 120
1.9142 0.0131 0.0320 80 200 120
1.4522 0.4411 0.2623 80 200 120
4.1154 -2.4828 -2.7739 80 200 120
5.2806 -0.4690 -1.5551 80 200 120
5.6339 2.8848 0.4383 80 200 120
2.8922 0.7886 -1.5009 80 200 120
4.7204 0.2398 -2.6164 80 200 120
5.0434 -1.3363 -1.0339 80 200 120
6.6521 2.1906 -0.4865 80 200 120
-0.9150 -0.8117 0.7228 80 200 120
4.1582 -1.0484 0.4251 80 200 120
4.1984 -2.5077 -0.4106 80 200 120
1.4600 -1.5885 0.1613 80 200 120
5.4146 -0.6623 -2.1351 80 200 120
4.0631 -0.1681 -2.6725 80 200 120
2.3507 0.3192 -1.3128 80 200 120
-2.6834 -0.5210 0.3972 80 200 120
-1.8576 -0.3419 -0.2237 80 200 120
1.9334 -2.3436 0.5236 80 200 120
2.7419 -2.0018 0.3363 80 200 120
4.7669 -1.6380 -0.7902 80 200 120
2.1296 -0.8916 -2.7949 80 200 120
-1.9908 0.1637 -2.3638 80 200 120
1.5660 -0.9044 -2.8373 80 200 120
3.0684 -0.1561 -2.8633 80 200 120
1.7151 -0.8258 -2.8528 80 200 120
1.7615 -0.8444 -2.9316 80 200 120
0.4754 -1.9363 -2.8186 80 200 120
1.6465 -0.7846 -2.8005 80 200 120
-1.5353 0.3128 -0.6053 80 200 120
-1.3694 -0.0852 -2.8906 80 200 120
1.3280 -0.9965 -2.8217 80 200 120
1.4645 -1.4537 -2.8155 80 200 120
1.8180 -1.3244 -2.8351 80 200 120
2.9851 -0.0012 -2.8195 80 200 120
1.3901 -0.6911 -2.7750 80 200 120
3.1006 0.2527 -2.7836 80 200 120
1.0698 -0.6653 -2.8089 80 200 120
2.6603 -0.1771 -2.8500 80 200 120
-2.6499 -0.2100 -0.4865 80 200 120
1.4494 -1.3373 -2.8140 80 200 120
6.1669 2.2406 -1.6839 80 200 120
3.6072 0.9086 -2.8312 80 200 120
4.3200 -0.6041 -2.8351 80 200 120
4.6386 3.5237 -2.6280 80 200 120
3.7384 1.5658 -2.7777 80 200 120
2.7526 0.0778 -2.8077 80 200 120
2.9121 0.0805 -2.8450 80 200 120
4.8790 4.0175 -1.6412 80 200 120
4.5475 -1.7852 -2.4433 80 200 120
2.4166 -0.2413 -2.8299 80 200 120
2.0779 -2.6130 -2.9088 80 200 120
0.9205 -2.0856 -2.8139 80 200 120
2.3549 -2.7487 -2.8414 80 200 120
2.9575 -1.9222 -2.8231 80 200 120
1.9390 -0.9008 -2.8148 80 200 120
3.7576 -3.3364 -2.7668 80 200 120
3.2714 -3.2803 -2.8196 80 200 120
3.9150 -2.9150 -2.7621 80 200 120
4.0709 -2.4608 -2.8445 80 200 120
3.5984 -1.9643 -2.8001 80 200 120
3.1375 -2.2305 -2.8069 80 200 120
1.7896 -2.6420 -2.8407 80 200 120
1.8152 0.0283 -0.6220 80 200 120
0.2048 -1.7849 -2.1935 80 200 120
2.3441 1.8220 0.3261 80 200 120
4.0358 -2.8088 -0.2352 80 200 120
2.4235 0.4699 0.6163 80 200 120
0.0294 0.0616 -2.9442 80 200 120
0.1528 -1.7400 -2.8083 80 200 120
2.2083 -0.2940 -1.4053 80 200 120
0.1605 -0.8369 -2.8259 80 200 120
2.2513 -0.0203 -1.2708 80 200 120
3.0235 1.6632 0.4596 80 200 120
2.0843 -2.6448 -0.4952 80 200 120
4.4361 -2.1374 -0.3278 80 200 120
4.2068 -2.5705 -0.1819 80 200 120
4.2078 -2.8036 -2.8389 80 200 120
4.2835 -2.3845 -2.7776 80 200 120
6.9815 2.9909 0.6241 80 200 120
4.6790 -1.4442 -2.7857 80 200 120
4.3316 -2.2942 -2.5103 80 200 120
6.5464 3.5898 -0.1897 80 200 120
4.8514 0.5142 -2.8361 80 200 120
-2.8809 -0.1385 0.9662 80 200 120
2.3723 -1.3825 0.2749 80 200 120
-1.6386 -1.0010 0.3612 80 200 120
2.2503 0.5611 -0.9615 80 200 120
2.1509 -0.4616 -1.4754 80 200 120
4.7411 0.7641 -2.8787 80 200 120
4.0605 -2.7241 -0.2689 80 200 120
1.8481 -0.1598 -0.8558 80 200 120
5.5383 -0.2544 -2.3741 80 200 120
4.8013 -0.1865 -1.8767 80 200 120
2.1184 0.1806 -1.0170 80 200 120
2.4586 0.2553 -2.6998 80 200 120
2.6180 0.0612 -2.8964 80 200 120
0.8578 -0.4782 -2.8100 80 200 120
2.3552 -0.3644 -2.8151 80 200 120
1.1216 -2.1161 -2.7863 80 200 120
0.0938 -0.3780 -2.8457 80 200 120
1.7040 -1.5878 -2.8219 80 200 120
-4.0027 0.9303 -1.1699 80 200 120
3.4570 0.2820 -2.8577 80 200 120
0.4249 -1.6150 -2.9059 80 200 120
1.5447 -1.2364 -2.8269 80 200 120
5.0857 0.9810 -1.9725 80 200 120
4.2994 -2.5392 -2.8277 80 200 120
4.1919 -2.1143 -2.8026 80 200 120
4.1472 -2.7654 -2.8172 80 200 120
4.6065 -2.0379 -2.8056 80 200 120
3.8323 -1.9415 -2.8102 80 200 120
4.6116 -1.0217 -2.8571 80 200 120
3.4227 -1.7388 -2.8028 80 200 120
3.7635 -2.1023 -2.8388 80 200 120
2.4297 0.0733 -2.7571 80 200 120
2.4347 -0.0742 -2.7992 80 200 120
3.9311 -3.5905 -2.8653 80 200 120
4.7554 -1.6778 -2.8106 80 200 120
5.6046 -0.5284 -2.1950 80 200 120
2.3117 -0.4582 -2.8139 80 200 120
5.0639 -1.1374 -2.2343 80 200 120
4.3177 -2.2880 -2.4812 80 200 120
4.6831 -1.5755 -2.3211 80 200 120
1.0271 -2.2345 -2.8242 80 200 120
1.2348 -2.2912 -2.8221 80 200 120
2.0428 -1.8147 -2.8255 80 200 120
0.4534 -1.9638 -2.2920 80 200 120
2.7991 -2.8805 -2.5721 80 200 120
0.2786 -1.9520 -2.4675 80 200 120
1.8111 -0.8604 -2.7353 80 200 120
-0.6864 -1.2972 -2.7824 80 200 120
-0.3595 -1.5647 -2.8320 80 200 120
1.7705 -2.1029 -2.8281 80 200 120
4.2590 -2.9641 -2.7104 80 200 120
-0.2877 -1.6731 -2.2068 80 200 120
4.3492 -2.1684 -2.7935 80 200 120
2.7140 -1.9536 -2.8584 80 200 120
1.7116 -1.4071 -2.8389 80 200 120
2.6480 -2.9848 -2.8261 80 200 120
-2.1941 -0.5963 -0.4267 80 200 120
-1.1666 -0.4614 3.2391 80 200 120
4.2332 0.6142 0.4185 80 200 120
3.3784 1.4572 0.4395 80 200 120
0.4607 -2.0199 -2.8223 80 200 120
-1.4533 -0.1335 -2.7463 80 200 120
-1.7026 0.3438 -2.7916 80 200 120
2.2916 -0.3917 -1.6969 80 200 120
2.6049 2.1814 0.0275 80 200 120
3.2967 -3.1820 -0.1501 80 200 120
4.8013 -0.8596 -2.7554 80 200 120
4.9395 1.3715 0.3619 80 200 120
4.6728 -0.2344 -1.8825 80 200 120
4.7774 3.1506 0.7261 80 200 120
5.0539 3.3591 -2.8348 80 200 120
4.7370 0.7596 0.3948 80 200 120
2.3248 0.5852 0.6647 80 200 120
2.3480 -0.3458 -1.8576 80 200 120
1.7106 -0.3898 0.2545 80 200 120
4.5353 -2.0772 0.0985 80 200 120
4.5170 3.2107 -2.6299 80 200 120
3.6796 1.4088 -2.7436 80 200 120
0.3626 -0.4642 -1.1015 80 200 120
2.4887 0.1376 -2.0933 80 200 120
1.9685 -0.9226 -2.8339 80 200 120
0.5581 -1.9623 -2.8044 80 200 120
-3.0888 0.3766 -1.7367 80 200 120
1.2975 -1.2486 -2.8113 80 200 120
-1.1406 0.3319 -2.7376 80 200 120
-2.1795 -0.0819 -0.4498 80 200 120
-2.4291 -0.5274 -0.7002 80 200 120
-1.7942 -1.3626 -1.3648 80 200 120
1.2176 -1.0951 -2.8205 80 200 120
-1.1828 0.3328 -0.9816 80 200 120
0.1673 -1.6300 -2.2312 80 200 120
-1.7249 -1.0506 -1.4561 80 200 120
0.1290 -1.7765 -2.4009 80 200 120
-1.5312 0.4035 -0.4562 80 200 120
3.0108 0.0429 -2.8416 80 200 120
-0.4221 0.0551 -2.9186 80 200 120
1.8184 -0.8567 -2.8709 80 200 120
0.0412 -1.7526 -2.7898 80 200 120
-2.8913 -0.3669 -0.0757 80 200 120
-2.6085 -0.7607 -0.1529 80 200 120
2.4084 -0.5677 -2.8318 80 200 120
-0.2557 -1.7106 -1.9953 80 200 120
1.7596 -1.4813 -2.8448 80 200 120
4.4502 -0.8832 -2.6873 80 200 120
6.6979 6.1630 0.2988 80 200 120
6.6318 6.0564 -0.6036 80 200 120
7.7656 4.3691 -0.0342 80 200 120
4.6215 2.6160 -2.7864 80 200 120
2.4194 -0.1966 -2.8201 80 200 120
5.2385 -0.4944 -1.6180 80 200 120
4.0518 -3.1209 -2.8254 80 200 120
2.8106 -2.2003 -2.8373 80 200 120
4.3645 -2.4503 -2.8152 80 200 120
2.9905 -3.0092 -2.2114 80 200 120
1.4682 -2.3307 -2.7920 80 200 120
4.2547 -2.6324 -2.8122 80 200 120
-0.9401 -1.0699 -2.7281 80 200 120
0.0280 -1.1883 -2.8128 80 200 120
3.8965 -3.2840 -1.9676 80 200 120
2.1742 -2.2330 -2.8361 80 200 120
1.5717 -2.5123 -2.8349 80 200 120
4.0946 -2.0523 -2.8847 80 200 120
3.8795 -3.1615 -2.7904 80 200 120
3.4768 -1.8022 -2.8329 80 200 120
3.7888 -3.4251 -1.5959 80 200 120
1.0656 -1.8852 -2.8807 80 200 120
-1.0670 -1.0307 -1.0402 80 200 120
3.4485 2.3541 0.4017 80 200 120
3.8973 1.6553 0.4925 80 200 120
0.4215 -1.8581 -2.8249 80 200 120
0.4104 -0.7299 -2.8182 80 200 120
-0.7954 -1.1719 -2.8163 80 200 120
3.8518 0.9671 0.4110 80 200 120
4.1636 -2.8040 -0.1102 80 200 120
-0.0180 0.0872 -2.7807 80 200 120
0.5242 -0.1952 -2.8732 80 200 120
0.8109 -2.0328 -2.7835 80 200 120
-0.0244 -1.2626 -2.9094 80 200 120
2.8504 2.0324 0.4355 80 200 120
5.8732 1.8337 -0.0873 80 200 120
-2.3435 -0.5715 0.2433 80 200 120
4.5460 0.2917 -2.7706 80 200 120
-2.4033 -0.2320 0.0242 80 200 120
-2.3866 0.3811 2.2419 80 200 120
-1.1409 -0.2474 0.1641 80 200 120
2.4359 0.0418 -1.9800 80 200 120
2.4042 -0.3337 -2.0398 80 200 120
3.8181 -3.4983 0.5004 80 200 120
1.5835 0.0460 -0.1044 80 200 120
1.6884 -1.7705 0.4785 80 200 120
3.7806 1.0858 -2.8868 80 200 120
3.9597 0.2481 -2.8060 80 200 120
4.5874 -1.7853 -1.0778 80 200 120
4.2231 -2.5510 -0.7119 80 200 120
3.7574 -2.9226 0.4220 80 200 120
4.0318 -0.0527 -2.8480 80 200 120
1.6737 -0.9491 -0.2827 80 200 120
1.9036 -2.3585 0.6103 80 200 120
2.9939 0.0034 -2.8137 80 200 120
5.0922 -0.2585 -2.7797 80 200 120
4.4346 3.2233 -1.7325 80 200 120
0.8361 -0.5883 -0.9994 80 200 120
4.5481 -0.0283 -2.7975 80 200 120
2.4283 0.2493 -1.7043 80 200 120
1.8167 -0.8488 -2.7870 80 200 120
-1.3025 0.4175 -2.2247 80 200 120
-5.2251 2.2234 -1.1667 80 200 120
2.4431 0.0841 -2.7796 80 200 120
1.7915 -0.9862 -2.8207 80 200 120
2.7937 0.0214 -2.7882 80 200 120
-1.0310 -1.2220 -2.5275 80 200 120
7.1892 5.8026 -1.8405 80 200 120
4.1228 -2.9075 -2.8136 80 200 120
4.8043 -0.2554 -2.4499 80 200 120
5.0561 -0.3961 -2.7712 80 200 120
2.3564 -0.4052 -2.8143 80 200 120
4.3041 -2.4091 -2.7985 80 200 120
4.3765 -2.8249 -2.8538 80 200 120
3.7455 -1.7394 -2.8147 80 200 120
3.4542 -1.7699 -2.8262 80 200 120
6.0535 1.7553 -0.7636 80 200 120
3.9965 -3.3935 -2.8397 80 200 120
4.9522 -0.9102 -1.5993 80 200 120
4.4059 -2.2273 -2.8147 80 200 120
3.6330 -1.3264 -2.8517 80 200 120
2.9111 0.0703 -2.8385 80 200 120
4.6958 -1.5877 -1.6425 80 200 120
2.7217 0.1362 -2.4496 80 200 120
2.1095 -2.6542 -2.7977 80 200 120
3.1193 -2.8400 -2.8776 80 200 120
4.1491 -3.6599 -2.6047 80 200 120
2.9688 -3.1285 -2.4040 80 200 120
4.4246 -3.0676 -2.7476 80 200 120
1.0388 -2.1835 -2.8117 80 200 120
3.6992 -3.2380 -2.7832 80 200 120
4.0930 -2.9299 -2.0850 80 200 120
1.4260 -1.1770 -2.8220 80 200 120
2.4291 -2.8235 -2.7879 80 200 120
3.1591 -2.9912 -2.4376 80 200 120
0.4829 -1.8576 0.4025 80 200 120
3.2573 2.8266 0.3643 80 200 120
3.6665 2.1733 0.3655 80 200 120
4.0137 -3.1811 -1.0512 80 200 120
4.0954 -3.0746 -0.1774 80 200 120
3.8726 -3.2999 -0.1638 80 200 120
4.8174 -1.3146 -0.2165 80 200 120
4.2631 -2.4715 -0.3596 80 200 120
4.2347 -2.5753 0.0070 80 200 120
4.8781 -1.0888 -0.0054 80 200 120
4.5502 -1.5280 0.2611 80 200 120
5.0299 -0.6658 0.3293 80 200 120
4.2449 -2.5601 -0.6758 80 200 120
4.3118 -2.0938 -0.6313 80 200 120
3.7115 -3.3377 -0.4663 80 200 120
4.7496 -1.9800 0.0202 80 200 120
4.6336 -1.6580 0.2065 80 200 120
1.8422 0.1625 0.2624 80 200 120
4.8361 -1.4591 -2.8044 80 200 120
3.6220 1.5917 0.3471 80 200 120
4.8227 -1.2070 -2.7949 80 200 120
4.9490 -1.0020 -2.8130 80 200 120
4.8246 0.3694 -1.9178 80 200 120
32.9253 45.0609 1.3075 80 200 120
3.3429 0.6646 -2.7817 80 200 120
-1.8877 -0.9309 0.4793 80 200 120
-3.0968 0.0987 -0.1034 80 200 120
2.7275 0.3194 -1.6923 80 200 120
4.5855 -0.1845 -2.6893 80 200 120
5.7587 5.2609 0.6383 80 200 120
2.3907 0.3348 -1.5072 80 200 120
3.9358 0.6393 -2.8415 80 200 120
0.6975 -1.4876 -0.2327 80 200 120
3.9169 2.1920 -2.2414 80 200 120
-2.8636 0.0905 -0.1902 80 200 120
0.5381 -1.2506 -2.8661 80 200 120
2.3455 -0.3624 -2.8246 80 200 120
-3.4343 1.0136 -0.7996 80 200 120
0.9199 -1.9390 -2.9099 80 200 120
1.4789 -1.1127 -2.8302 80 200 120
2.1884 -0.7235 -2.8186 80 200 120
0.3050 -1.8969 -2.8142 80 200 120
3.6233 0.8912 -2.8326 80 200 120
-0.8825 0.2183 -0.7321 80 200 120
0.1027 -1.4891 -2.8957 80 200 120
-0.1131 -1.7639 -2.7699 80 200 120
-1.1436 -0.0582 -0.9724 80 200 120
2.7426 0.3602 -2.6369 80 200 120
6.3069 4.5882 -1.2563 80 200 120
6.1235 3.9390 -1.3078 80 200 120
4.7888 -0.3054 -2.8257 80 200 120
6.4292 2.8024 -1.3613 80 200 120
4.8084 0.1914 -1.9173 80 200 120
4.9050 -0.8613 -2.7741 80 200 120
5.5370 0.8800 -0.7027 80 200 120
4.9488 -1.2511 -1.7653 80 200 120
5.0217 -0.6773 -1.5275 80 200 120
2.4668 0.0601 -2.7705 80 200 120
4.9506 4.1826 -1.1738 80 200 120
3.6888 -2.6027 -2.8635 80 200 120
3.7003 -1.1027 -2.8505 80 200 120
3.8615 -1.9609 -2.8162 80 200 120
4.8054 0.2888 -2.5970 80 200 120
3.3777 -1.5847 -2.8317 80 200 120
2.6468 -2.7878 -2.7968 80 200 120
3.0832 -1.9438 -2.8560 80 200 120
3.1695 -2.0486 -2.8255 80 200 120
4.2364 -2.8916 -2.1384 80 200 120
-0.4872 -1.5324 -2.8340 80 200 120
3.3222 -2.0827 -2.8235 80 200 120
3.9049 -3.6978 -2.4348 80 200 120
-0.7127 -1.3134 -2.5623 80 200 120
2.9221 -1.8813 -2.8477 80 200 120
1.1939 -2.2780 -2.8184 80 200 120
3.4887 -3.3712 -2.2459 80 200 120
3.5516 -1.9774 -2.7835 80 200 120
3.8929 -2.6173 -2.8716 80 200 120
-0.6180 0.0880 0.8653 80 200 120
3.1438 3.4090 0.4108 80 200 120
0.1242 -0.0107 -2.4646 80 200 120
-0.6747 -1.4173 -2.8332 80 200 120
2.4910 2.5316 0.4391 80 200 120
2.3001 0.6291 -0.9508 80 200 120
3.7024 -3.3262 0.3381 80 200 120
4.1302 -2.7976 -0.5886 80 200 120
4.6262 -1.2905 -0.6747 80 200 120
3.6535 -3.2426 -0.8879 80 200 120
4.8662 0.3881 -1.6584 80 200 120
4.3022 0.7597 0.4998 80 200 120
4.3759 -2.4065 -2.7909 80 200 120
6.3898 2.8975 -0.1071 80 200 120
-3.1036 0.1192 -0.8619 80 200 120
-1.4619 -0.8673 -0.7491 80 200 120
3.2270 -3.0373 -0.2802 80 200 120
5.5724 4.8447 -2.7896 80 200 120
4.5164 3.4469 -1.2701 80 200 120
4.6574 -1.6507 -1.2650 80 200 120
2.4081 0.1815 -1.8051 80 200 120
4.1026 -3.1270 0.5774 80 200 120
2.9253 0.0878 -1.9497 80 200 120
4.2454 -2.9940 -0.2273 80 200 120
2.3967 -0.2928 -2.0228 80 200 120
2.4638 2.3388 0.3058 80 200 120
2.3514 -0.3611 -1.8531 80 200 120
2.0752 -0.9566 -2.8237 80 200 120
-2.7662 -0.4803 -0.9985 80 200 120
-2.8981 1.1022 -0.4994 80 200 120
3.4794 1.0439 -2.8153 80 200 120
-2.4074 -0.0866 -2.4809 80 200 120
4.6139 -0.1610 -1.8746 80 200 120
5.0348 0.3206 -1.7345 80 200 120
4.7362 0.3975 -1.7923 80 200 120
5.5129 2.1762 -2.7845 80 200 120
3.2996 0.6085 -2.8303 80 200 120
5.8994 5.1888 -1.2987 80 200 120
6.7148 2.9096 0.0439 80 200 120
2.6527 0.3475 -2.8668 80 200 120
4.0264 -2.5471 -2.4603 80 200 120
2.2915 -2.8664 -2.8268 80 200 120
3.2502 -2.9902 -2.0792 80 200 120
2.2895 -2.6510 -2.6326 80 200 120
2.0297 -1.6927 -2.8259 80 200 120
1.4913 -1.5719 -2.8025 80 200 120
2.7872 -1.8389 -2.8161 80 200 120
2.9867 -2.9909 -2.1999 80 200 120
