t,tracked,n_obs0,n_obs1,mean0,ms,keyframe,n_landmarks
1649764528.071146,0,0,0,60.45,1.25,0,0
1649764528.096146,0,0,0,60.45,1.09,0,0
1649764528.121143,0,0,0,60.56,1.10,0,0
1649764528.146140,0,0,0,60.57,1.16,0,0
1649764528.171138,0,0,0,60.47,1.14,0,0
1649764528.196135,0,0,0,60.46,1.09,0,0
1649764528.221133,0,0,0,60.56,1.09,0,0
1649764528.246130,0,0,0,60.58,1.14,0,0
1649764528.271127,0,0,0,60.45,1.10,0,0
1649764528.296124,0,0,0,60.46,1.09,0,0
1649764528.321121,0,0,0,60.54,1.14,0,0
1649764528.346119,0,0,0,60.55,1.14,0,0
1649764528.371116,0,0,0,60.43,1.14,0,0
1649764528.396114,0,0,0,60.43,1.10,0,0
1649764528.421111,0,0,0,60.53,1.08,0,0
1649764528.446108,0,0,0,60.54,1.14,0,0
1649764528.471106,0,0,0,60.41,1.14,0,0
1649764528.496103,0,0,0,60.43,1.12,0,0
1649764528.521100,0,0,0,60.53,1.10,0,0
1649764528.546098,0,0,0,60.55,1.11,0,0
1649764528.571095,0,0,0,60.41,1.13,0,0
1649764528.596092,0,0,0,60.42,1.09,0,0
1649764528.621089,0,0,0,60.51,1.14,0,0
1649764528.646087,0,0,0,60.53,1.14,0,0
1649764528.671084,0,0,0,60.42,1.34,0,0
1649764528.696081,0,0,0,60.42,1.10,0,0
1649764528.721079,0,0,0,60.50,1.09,0,0
1649764528.746076,0,0,0,60.53,1.12,0,0
1649764528.771073,0,0,0,60.42,1.14,0,0
1649764528.796071,0,0,0,60.43,1.10,0,0
1649764528.821068,0,0,0,60.51,1.10,0,0
1649764528.846065,0,0,0,60.55,1.13,0,0
1649764528.871063,0,0,0,60.42,1.09,0,0
1649764528.896060,0,0,0,60.45,1.07,0,0
1649764528.921057,0,0,0,60.51,1.09,0,0
1649764528.946054,0,0,0,60.52,1.11,0,0
1649764528.971051,1,177,89,60.41,24.00,1,88
1649764528.996049,1,300,108,60.46,24.63,0,88
1649764529.021046,1,300,111,60.54,26.09,0,88
1649764529.046044,1,300,113,60.55,26.48,0,88
1649764529.071041,1,300,114,60.43,26.54,0,88
1649764529.096038,1,300,111,60.46,21.50,0,88
1649764529.121036,1,300,113,60.54,29.12,1,181
1649764529.146033,1,300,116,60.55,26.90,0,181
1649764529.171030,1,300,116,60.44,21.81,0,181
1649764529.196027,1,300,112,60.48,21.80,0,181
1649764529.221025,1,300,114,60.53,21.82,0,181
1649764529.246022,1,300,113,60.54,26.65,0,181
1649764529.271019,1,300,113,60.42,38.58,1,267
1649764529.296017,1,300,117,60.49,22.35,0,267
1649764529.321014,1,300,113,60.53,21.69,0,267
1649764529.346011,1,300,114,60.55,22.05,0,267
1649764529.371008,1,300,114,60.46,21.70,0,267
1649764529.396006,1,300,115,60.50,21.93,0,267
1649764529.421003,1,300,116,60.56,36.61,1,248
1649764529.446000,1,300,112,60.56,21.90,0,248
1649764529.470998,1,300,113,60.43,22.12,0,248
1649764529.495995,1,300,116,60.48,21.89,0,248
1649764529.520993,1,300,113,60.56,21.94,0,248
1649764529.545990,1,300,113,60.56,21.62,0,248
1649764529.570987,1,300,113,60.44,38.98,1,216
1649764529.595984,1,300,113,60.50,21.77,0,216
1649764529.620982,1,300,115,60.55,21.91,0,216
1649764529.645979,1,300,113,60.56,21.81,0,216
1649764529.670976,1,300,112,60.42,21.63,0,216
1649764529.695973,1,300,114,60.48,21.56,0,216
1649764529.720971,1,300,112,60.54,40.41,1,196
1649764529.745968,1,300,113,60.54,21.62,0,196
1649764529.770966,1,300,114,60.43,21.79,0,196
1649764529.795963,1,300,113,60.48,21.62,0,196
1649764529.820960,1,300,114,60.53,22.09,0,196
1649764529.845957,1,300,117,60.52,21.97,0,196
1649764529.870955,1,300,113,60.40,43.60,1,170
1649764529.895952,1,300,114,60.48,21.69,0,170
1649764529.920949,1,300,114,60.53,21.74,0,170
1649764529.945947,1,300,115,60.54,27.90,0,170
1649764529.970944,1,300,116,60.40,21.75,0,170
1649764529.995941,1,300,115,60.48,21.78,0,170
1649764530.020938,1,300,114,60.53,44.58,1,153
1649764530.045936,1,300,113,60.53,21.64,0,153
1649764530.070933,1,300,115,60.40,21.78,0,153
1649764530.095930,1,300,115,60.48,21.76,0,153
1649764530.120928,1,300,114,60.53,21.89,0,153
1649764530.145925,1,300,115,60.53,22.30,0,153
1649764530.170922,1,300,115,60.39,54.53,1,262
1649764530.195920,1,300,113,60.50,21.86,0,262
1649764530.220917,1,300,113,60.54,21.52,0,262
1649764530.245914,1,300,115,60.51,21.78,0,262
1649764530.270912,1,300,116,60.40,21.79,0,262
1649764530.295909,1,300,114,60.47,21.84,0,262
1649764530.320906,1,300,113,60.49,62.45,1,230
1649764530.345903,1,300,116,60.48,22.41,0,230
1649764530.370901,1,300,115,60.35,21.85,0,230
1649764530.395898,1,300,115,60.46,21.80,0,230
1649764530.420895,1,300,115,60.47,22.01,0,230
1649764530.445893,1,300,113,60.47,21.59,0,230
1649764530.470890,1,300,116,60.35,50.29,1,228
1649764530.495887,1,300,115,60.45,22.05,0,228
1649764530.520885,1,300,115,60.49,21.68,0,228
1649764530.545882,1,300,113,60.49,21.54,0,228
1649764530.570879,1,300,112,60.36,21.73,0,228
1649764530.595877,1,300,115,60.46,21.78,0,228
1649764530.620874,1,300,116,60.49,82.47,1,250
1649764530.645871,1,300,116,60.50,22.25,0,250
1649764530.670868,1,300,114,60.37,21.81,0,250
1649764530.695866,1,300,115,60.47,22.21,0,250
1649764530.720863,1,300,115,60.51,22.01,0,250
1649764530.745860,1,300,114,60.50,21.92,0,250
1649764530.770858,1,300,114,60.38,56.10,1,223
1649764530.795855,1,300,114,60.49,21.97,0,223
1649764530.820852,1,300,116,60.51,21.94,0,223
1649764530.845850,1,300,114,60.48,21.68,0,223
1649764530.870847,1,300,114,60.36,21.99,0,223
1649764530.895844,1,300,113,60.49,21.72,0,223
1649764530.920841,1,300,117,60.51,59.88,1,216
1649764530.945839,1,300,116,60.48,21.94,0,216
1649764530.970836,1,300,120,60.36,22.04,0,216
1649764530.995833,1,300,117,60.48,21.75,0,216
1649764531.020831,1,300,116,60.51,22.12,0,216
1649764531.045828,1,300,114,60.48,21.70,0,216
1649764531.070825,1,300,114,60.37,64.14,1,207
1649764531.095823,1,300,115,60.48,21.89,0,207
1649764531.120820,1,300,115,60.51,21.94,0,207
1649764531.145817,1,300,116,60.48,21.86,0,207
1649764531.170815,1,300,117,60.37,22.06,0,207
1649764531.195812,1,300,114,60.48,21.91,0,207
1649764531.220809,1,300,115,60.50,96.24,1,241
1649764531.245806,1,300,113,60.46,21.82,0,241
1649764531.270804,1,300,113,60.37,21.96,0,241
1649764531.295801,1,300,114,60.47,21.73,0,241
1649764531.320798,1,300,116,60.51,22.01,0,241
1649764531.345796,1,300,115,60.46,21.60,0,241
1649764531.370793,1,300,114,60.35,71.49,1,212
1649764531.395790,1,300,115,60.46,22.30,0,212
1649764531.420788,1,300,113,60.49,21.98,0,212
1649764531.445785,1,300,114,60.45,21.66,0,212
1649764531.470782,1,300,115,60.34,21.81,0,212
1649764531.495780,1,300,112,60.46,21.60,0,212
1649764531.520777,1,300,115,60.51,109.78,1,237
1649764531.545774,1,300,114,60.45,21.62,0,237
1649764531.570771,1,300,116,60.34,22.04,0,237
1649764531.595769,1,300,115,60.46,21.91,0,237
1649764531.620766,1,300,117,60.49,21.88,0,237
1649764531.645763,1,300,113,60.44,21.74,0,237
1649764531.670761,1,300,116,60.34,76.40,1,207
1649764531.695758,1,300,115,60.47,22.00,0,207
1649764531.720755,1,300,115,60.50,22.10,0,207
1649764531.745753,1,300,115,60.44,21.66,0,207
1649764531.770750,1,300,117,60.34,22.23,0,207
1649764531.795747,1,300,113,60.45,21.71,0,207
1649764531.820745,1,300,114,60.49,84.26,1,204
1649764531.845742,1,300,117,60.42,22.86,0,204
1649764531.870739,1,300,116,60.34,21.98,0,204
1649764531.895736,1,300,117,60.45,21.78,0,204
1649764531.920734,1,300,115,60.48,22.10,0,204
1649764531.945731,1,300,114,60.41,21.98,0,204
1649764531.970728,1,300,115,60.32,88.36,1,185
1649764531.995726,1,300,117,60.45,22.20,0,185
1649764532.020723,1,300,114,60.49,22.00,0,185
1649764532.045720,1,300,114,60.41,21.81,0,185
1649764532.070718,1,300,116,60.32,22.00,0,185
1649764532.095712,1,300,116,60.44,22.10,0,185
1649764532.120709,1,300,116,60.48,124.47,1,271
1649764532.145706,1,300,114,60.42,22.06,0,271
1649764532.170704,1,300,115,60.31,22.07,0,271
1649764532.195701,1,300,116,60.42,21.97,0,271
1649764532.220699,1,300,117,60.49,22.01,0,271
1649764532.245696,1,300,117,60.40,22.20,0,271
1649764532.270693,1,300,115,60.31,101.82,1,266
1649764532.295691,1,300,115,60.41,22.07,0,266
1649764532.320688,1,300,115,60.47,21.75,0,266
1649764532.345685,1,300,116,60.40,21.87,0,266
1649764532.370682,1,300,116,60.31,21.83,0,266
1649764532.395679,1,300,117,60.44,21.79,0,266
1649764532.420677,1,300,117,60.52,182.97,1,259
1649764532.445674,1,300,118,60.45,22.61,0,259
1649764532.470671,1,300,118,60.39,22.41,0,259
1649764532.495669,1,300,113,60.50,22.11,0,259
1649764532.520666,1,300,120,60.54,22.12,0,259
1649764532.545663,1,300,117,60.48,21.80,0,259
1649764532.570661,1,300,116,60.39,155.52,1,258
1649764532.595658,1,300,118,60.51,21.93,0,258
1649764532.620655,1,300,114,60.54,22.01,0,258
1649764532.645653,1,300,116,60.45,22.13,0,258
1649764532.670650,1,300,114,60.35,22.01,0,258
1649764532.695647,1,300,116,60.49,21.85,0,258
1649764532.720644,1,300,116,60.51,122.21,1,256
1649764532.745641,1,300,118,60.42,22.25,0,256
1649764532.770639,1,300,115,60.32,21.82,0,256
1649764532.795636,1,300,116,60.44,21.75,0,256
1649764532.820633,1,300,117,60.44,22.18,0,256
1649764532.845631,1,300,115,60.32,21.82,0,256
1649764532.870628,1,300,117,60.23,172.97,1,257
1649764532.895625,1,300,116,60.32,22.37,0,257
1649764532.920623,1,300,116,60.36,22.24,0,257
1649764532.945620,1,300,116,60.26,26.85,0,257
1649764532.970617,1,300,117,60.21,22.08,0,257
1649764532.995615,1,300,115,60.33,21.74,0,257
1649764533.020612,1,300,114,60.36,172.75,1,259
1649764533.045609,1,300,115,60.25,22.02,0,259
1649764533.070606,1,300,116,60.18,21.97,0,259
1649764533.095604,1,300,118,60.26,21.91,0,259
1649764533.120601,1,300,116,60.28,21.83,0,259
1649764533.145598,1,300,116,60.14,21.84,0,259
1649764533.170595,1,300,117,60.11,90.82,1,201
1649764533.195593,1,300,115,60.18,21.94,0,201
1649764533.220590,1,300,113,60.23,21.83,0,201
1649764533.245587,1,300,120,60.13,22.22,0,201
1649764533.270585,1,300,116,60.10,21.96,0,201
1649764533.295582,1,300,115,60.20,21.81,0,201
1649764533.320579,1,300,113,60.27,70.37,1,189
1649764533.345577,1,300,115,60.17,21.89,0,189
1649764533.370574,1,300,115,60.12,21.87,0,189
1649764533.395571,1,300,117,60.23,21.72,0,189
1649764533.420568,1,300,114,60.27,21.96,0,189
1649764533.445566,1,300,114,60.14,21.62,0,189
1649764533.470563,1,300,115,60.10,57.86,1,196
1649764533.495560,1,300,115,60.19,22.28,0,196
1649764533.520558,1,300,116,60.22,22.06,0,196
1649764533.545555,1,300,115,60.11,21.71,0,196
1649764533.570552,1,300,117,60.07,22.04,0,196
1649764533.595549,1,300,113,60.17,21.92,0,196
1649764533.620547,1,300,114,60.19,52.84,1,212
1649764533.645544,1,300,113,60.07,22.11,0,212
1649764533.670541,1,300,115,60.05,21.91,0,212
1649764533.695539,1,300,117,60.14,22.18,0,212
1649764533.720536,1,300,117,60.16,22.21,0,212
1649764533.745533,1,300,114,60.06,21.88,0,212
1649764533.770530,1,300,115,60.01,55.98,1,203
1649764533.795528,1,300,113,60.10,21.95,0,203
1649764533.820525,1,300,113,60.14,21.96,0,203
1649764533.845522,1,300,115,60.02,21.93,0,203
1649764533.870520,1,300,115,60.00,21.98,0,203
1649764533.895517,1,300,117,60.09,21.90,0,203
1649764533.920514,1,300,117,60.10,58.59,1,219
1649764533.945511,1,300,117,59.98,22.43,0,219
1649764533.970509,1,300,116,59.93,27.47,0,219
1649764533.995506,1,300,110,59.67,28.07,0,219
1649764534.020503,1,300,112,59.02,28.21,0,219
1649764534.045501,1,300,112,58.40,29.22,0,219
1649764534.070498,1,300,114,58.26,67.25,1,275
1649764534.095495,1,263,118,58.46,29.03,0,275
1649764534.120492,1,254,115,58.74,25.90,0,275
1649764534.145490,1,266,114,58.93,26.61,0,275
1649764534.170487,1,255,116,59.24,26.94,0,275
1649764534.195484,1,300,128,59.57,29.14,0,275
1649764534.220482,1,300,135,59.65,74.07,1,312
1649764534.245479,1,300,137,59.35,30.10,0,312
1649764534.270476,1,300,137,59.20,29.81,0,312
1649764534.295473,1,273,137,59.23,29.31,0,312
1649764534.320471,1,279,141,59.31,28.95,0,312
1649764534.345468,1,300,148,59.38,28.79,0,312
1649764534.370465,1,300,141,59.82,76.49,1,367
1649764534.395463,1,265,141,60.37,29.64,0,367
1649764534.420460,1,270,153,60.96,27.36,0,367
1649764534.445457,1,250,149,61.48,27.36,0,367
1649764534.470454,1,300,167,62.20,28.62,0,367
1649764534.495452,1,280,163,63.04,28.18,0,367
1649764534.520449,1,300,150,63.91,79.43,1,444
1649764534.545446,1,300,159,64.60,30.10,0,444
1649764534.570444,1,300,153,65.53,29.26,0,444
1649764534.595441,1,300,150,66.52,29.82,0,444
1649764534.620438,1,289,150,67.43,28.19,0,444
1649764534.645435,1,297,160,68.05,29.45,0,444
1649764534.670433,1,300,161,68.79,76.72,1,478
1649764534.695430,1,300,163,69.30,28.58,0,478
1649764534.720427,1,300,168,69.67,29.41,0,478
1649764534.745425,1,300,179,69.96,29.63,0,478
1649764534.770422,1,300,187,70.60,30.03,0,478
1649764534.795419,1,300,189,71.46,29.10,0,478
1649764534.820416,1,300,185,72.57,93.32,1,514
1649764534.845414,1,300,187,73.74,30.53,0,514
1649764534.870411,1,298,189,75.43,29.48,0,514
1649764534.895408,1,300,194,77.30,30.10,0,514
1649764534.920405,1,300,194,79.18,31.72,0,514
1649764534.945403,1,300,191,81.10,30.43,0,514
1649764534.970400,1,300,189,83.32,106.49,1,540
1649764534.995398,1,300,184,85.20,30.76,0,540
1649764535.020395,1,300,174,86.74,31.89,0,540
1649764535.045392,1,300,167,87.83,30.25,0,540
1649764535.070390,1,300,158,89.01,30.35,0,540
1649764535.095387,1,300,150,90.10,29.53,0,540
1649764535.120384,1,300,150,91.15,106.26,1,568
1649764535.145381,1,300,138,92.00,29.94,0,568
1649764535.170378,1,300,151,88.47,29.94,0,568
1649764535.195376,1,300,153,88.62,29.64,0,568
1649764535.220373,1,300,150,89.78,29.26,0,568
1649764535.245370,1,300,152,89.31,29.06,0,568
1649764535.270368,1,300,157,90.31,121.53,1,594
1649764535.295365,1,300,159,85.17,31.63,0,594
1649764535.320362,1,300,165,86.95,29.95,0,594
1649764535.345360,1,300,152,86.15,29.59,0,594
1649764535.370357,1,300,153,88.42,30.19,0,594
1649764535.395354,1,300,146,82.45,28.90,0,594
1649764535.420352,1,300,146,85.25,108.27,1,618
1649764535.445349,1,300,146,79.05,30.16,0,618
1649764535.470346,1,300,139,82.33,30.08,0,618
1649764535.495343,1,300,136,80.25,30.27,0,618
1649764535.520341,1,300,136,83.05,29.95,0,618
1649764535.545338,1,300,133,75.69,29.77,0,618
1649764535.570335,1,300,130,78.56,118.75,1,637
1649764535.595332,1,300,136,74.96,29.59,0,637
1649764535.620330,1,300,137,77.36,29.91,0,637
1649764535.645327,1,300,142,73.51,29.84,0,637
1649764535.670324,1,300,148,76.28,29.82,0,637
1649764535.695322,1,300,150,72.76,30.28,0,637
1649764535.720319,1,300,142,75.67,86.77,1,663
1649764535.745316,1,300,142,72.17,32.33,0,663
1649764535.770314,1,300,144,75.53,29.84,0,663
1649764535.795311,1,300,151,72.35,30.09,0,663
1649764535.820308,1,300,157,75.85,31.33,0,663
1649764535.845305,1,300,157,72.63,31.12,0,663
1649764535.870303,1,300,156,76.50,103.29,1,703
1649764535.895300,1,300,153,73.41,30.77,0,703
1649764535.920297,1,300,155,77.21,30.43,0,703
1649764535.945294,1,300,153,73.99,30.36,0,703
1649764535.970292,1,300,146,78.21,30.62,0,703
1649764535.995289,1,300,149,74.83,30.78,0,703
1649764536.020287,1,285,155,78.13,147.52,1,745
1649764536.045284,1,300,154,73.60,30.23,0,745
1649764536.070281,1,300,157,76.64,30.55,0,745
1649764536.095278,1,284,155,72.16,29.35,0,745
1649764536.120275,1,295,158,75.41,29.56,0,745
1649764536.145273,1,283,151,71.21,29.01,0,745
1649764536.170270,1,300,160,74.87,115.42,1,796
1649764536.195267,1,287,148,70.61,29.82,0,796
1649764536.220265,1,300,147,73.91,29.27,0,796
1649764536.245262,1,281,138,69.62,29.27,0,796
1649764536.270259,1,254,127,73.59,28.62,0,796
1649764536.295257,1,246,120,69.75,26.60,0,796
1649764536.320254,1,247,119,73.65,114.35,1,813
1649764536.345251,1,234,115,69.84,26.27,0,813
1649764536.370249,1,232,116,74.70,25.16,0,813
1649764536.395246,1,211,103,71.71,25.57,0,813
1649764536.420243,1,204,106,76.25,25.77,0,813
1649764536.445240,1,190,96,71.74,22.31,0,813
1649764536.470237,1,178,89,75.17,127.32,1,827
1649764536.495235,1,165,86,70.70,22.35,0,827
1649764536.520232,1,164,93,74.09,20.48,0,827
1649764536.545229,1,163,93,69.74,21.40,0,827
1649764536.570227,1,201,106,73.28,25.89,0,827
1649764536.595224,1,176,98,69.30,24.99,0,827
1649764536.620221,1,171,94,72.68,115.53,1,845
1649764536.645219,1,169,98,68.81,21.85,0,845
1649764536.670216,1,168,96,72.78,21.75,0,845
1649764536.695213,1,153,82,69.35,21.18,0,845
1649764536.720210,1,145,81,72.93,20.85,0,845
1649764536.745208,1,147,79,65.30,21.34,0,845
1649764536.770205,1,151,79,69.54,100.59,1,871
1649764536.795202,1,145,79,65.95,20.61,0,871
1649764536.820200,1,140,78,70.00,20.38,0,871
1649764536.845197,1,140,78,66.24,19.55,0,871
1649764536.870194,1,143,75,70.58,19.73,0,871
1649764536.895191,1,129,69,66.63,19.71,0,871
1649764536.920189,1,130,73,70.21,101.93,1,888
1649764536.945186,1,199,106,65.85,24.13,0,888
1649764536.970183,1,193,95,69.55,23.17,0,888
1649764536.995181,1,145,79,62.07,25.34,0,888
1649764537.020178,1,161,86,65.63,21.36,0,888
1649764537.045175,1,155,76,61.93,20.56,0,888
1649764537.070172,1,151,75,65.94,88.55,1,927
1649764537.095172,1,139,67,62.54,20.23,0,927
1649764537.120170,1,130,68,66.27,19.19,0,927
1649764537.145167,1,124,62,62.75,18.01,0,927
1649764537.170164,1,124,69,66.87,20.66,0,927
1649764537.195162,1,106,56,63.76,19.46,0,927
1649764537.220159,1,113,62,67.68,109.64,1,955
1649764537.245156,1,115,58,64.63,18.56,0,955
1649764537.270154,1,115,58,68.84,18.37,0,955
1649764537.295151,1,174,86,65.70,22.14,0,955
1649764537.320148,1,300,120,68.89,28.39,0,955
1649764537.345145,1,137,60,65.34,25.14,0,955
1649764537.370142,1,121,51,68.12,76.27,1,878
1649764537.395140,1,108,51,64.87,18.35,0,878
1649764537.420137,1,109,46,66.79,15.37,0,878
1649764537.445135,1,90,43,64.11,15.04,0,878
1649764537.470132,1,114,53,66.51,18.13,0,878
1649764537.495129,1,300,123,64.42,25.95,0,878
1649764537.520127,1,174,86,66.54,91.28,1,898
1649764537.545124,1,182,89,64.49,22.36,0,898
1649764537.570121,1,300,91,67.00,29.09,0,898
1649764537.595118,1,100,43,64.94,81.11,1,922
1649764537.620116,1,87,41,66.71,15.95,0,922
1649764537.645113,1,88,39,64.44,16.40,0,922
1649764537.670110,1,73,39,66.20,14.84,0,922
1649764537.695107,1,61,32,64.44,13.48,0,922
1649764537.720104,1,60,30,65.76,11.85,0,922
1649764537.745102,1,75,43,63.96,50.21,1,947
1649764537.770099,1,56,33,65.82,14.79,0,947
1649764537.795097,1,62,36,64.27,13.04,0,947
1649764537.820094,1,300,85,65.35,23.71,0,947
1649764537.845091,1,77,45,64.00,21.24,0,947
1649764537.870088,1,130,66,65.14,17.67,0,947
1649764537.895086,1,73,42,64.64,69.32,1,966
1649764537.920083,1,300,103,65.02,24.55,0,966
1649764537.945080,1,300,105,64.65,31.27,0,966
1649764537.970078,1,128,73,65.25,25.65,0,966
1649764537.995075,1,94,51,65.37,17.30,0,966
1649764538.020072,1,300,95,65.17,25.91,0,966
1649764538.045069,1,85,50,65.18,89.54,1,998
1649764538.070067,1,79,48,65.12,14.42,0,998
1649764538.095064,1,75,48,65.64,14.31,0,998
1649764538.120061,1,103,59,64.78,15.45,0,998
1649764538.145059,1,79,43,65.24,15.58,0,998
1649764538.170056,1,105,55,64.53,15.54,0,998
1649764538.195053,1,81,50,65.28,71.03,1,1021
1649764538.220050,1,104,62,63.23,16.45,0,1021
1649764538.245048,1,93,48,63.99,16.66,0,1021
1649764538.270045,1,300,104,61.91,24.08,0,1021
1649764538.295042,1,97,50,63.70,22.67,0,1021
1649764538.320040,1,300,94,60.96,23.83,0,1021
1649764538.345037,1,262,91,62.85,101.21,1,1069
1649764538.370034,1,300,108,60.46,30.10,0,1069
1649764538.395031,1,123,63,63.00,82.07,1,1062
1649764538.420029,1,300,93,59.75,25.27,0,1062
1649764538.445026,1,228,84,62.13,28.80,0,1062
1649764538.470023,1,300,103,59.03,28.93,0,1062
1649764538.495021,1,229,79,62.14,27.12,0,1062
1649764538.520018,1,300,91,58.08,29.42,0,1062
1649764538.545015,1,259,81,60.96,68.98,1,1054
1649764538.570012,1,300,97,57.17,30.32,0,1054
1649764538.595010,1,254,88,60.77,29.57,0,1054
1649764538.620007,1,149,72,56.10,83.70,1,1044
1649764538.645004,1,300,94,59.47,27.10,0,1044
1649764538.670002,1,300,99,55.23,32.01,0,1044
1649764538.694999,1,225,88,66.27,33.11,0,1044
1649764538.719996,1,161,79,61.74,23.58,0,1044
1649764538.744993,1,300,100,65.12,26.95,0,1044
1649764538.769991,1,300,106,61.19,98.26,1,1119
1649764538.794988,1,300,98,65.69,34.74,0,1119
1649764538.819985,1,300,103,61.06,34.67,0,1119
1649764538.844983,1,300,91,64.96,35.40,0,1119
1649764538.869980,1,300,96,61.25,34.68,0,1119
1649764538.894977,1,240,94,66.29,31.19,0,1119
1649764538.919974,1,300,99,61.87,84.80,1,1138
1649764538.944972,1,300,89,66.39,34.41,0,1138
1649764538.969969,1,300,93,62.69,33.27,0,1138
1649764538.994966,1,234,78,68.33,31.05,0,1138
1649764539.019964,1,213,78,63.36,25.35,0,1138
1649764539.044961,1,219,85,68.29,25.43,0,1138
1649764539.069958,1,151,68,64.47,65.37,1,1148
1649764539.094955,1,154,68,71.07,19.36,0,1148
1649764539.119953,1,136,72,65.71,18.61,0,1148
1649764539.144950,1,221,86,71.14,22.30,0,1148
1649764539.169947,1,300,91,66.53,28.68,0,1148
1649764539.194945,1,207,80,73.08,28.67,0,1148
1649764539.219942,1,300,94,67.09,92.15,1,1146
1649764539.244939,1,273,103,72.65,33.77,0,1146
1649764539.269937,1,199,84,68.31,27.96,0,1146
1649764539.294934,1,300,82,75.66,27.70,0,1146
1649764539.319931,1,300,105,70.01,33.64,0,1146
1649764539.344928,1,300,94,76.44,33.71,0,1146
1649764539.369926,1,266,99,72.27,99.48,1,1171
1649764539.394923,1,300,91,80.46,31.69,0,1171
1649764539.419920,1,209,69,74.79,27.22,0,1171
1649764539.444917,1,300,86,82.00,28.36,0,1171
1649764539.469915,1,271,81,77.99,29.68,0,1171
1649764539.494912,1,247,87,86.62,27.91,0,1171
1649764539.519909,1,223,75,74.31,85.23,1,1183
1649764539.544907,1,300,95,82.24,31.84,0,1183
1649764539.569904,1,179,74,76.71,27.52,0,1183
1649764539.594901,1,300,97,86.46,28.15,0,1183
1649764539.619899,1,300,84,73.40,35.98,0,1183
1649764539.644896,1,199,80,82.59,30.77,0,1183
1649764539.669893,1,300,82,72.41,82.68,1,1187
1649764539.694890,1,300,96,83.18,35.93,0,1187
1649764539.719888,1,300,83,70.39,34.67,0,1187
1649764539.744885,1,300,90,79.89,33.46,0,1187
1649764539.769882,1,300,81,73.09,32.97,0,1187
1649764539.794879,1,300,93,83.79,34.55,0,1187
1649764539.819877,1,278,69,70.61,93.41,1,1187
1649764539.844874,1,300,76,80.10,35.06,0,1187
1649764539.869871,1,300,68,73.85,35.33,0,1187
1649764539.894869,1,300,79,84.53,34.48,0,1187
1649764539.919866,1,300,72,71.07,35.95,0,1187
1649764539.944863,1,258,72,80.29,33.04,0,1187
1649764539.969861,1,300,69,74.57,85.18,1,1170
1649764539.994858,1,300,76,84.82,35.43,0,1170
1649764540.019855,1,300,58,72.41,33.88,0,1170
1649764540.044852,1,231,64,81.21,32.66,0,1170
1649764540.069850,1,177,48,76.15,62.42,1,1154
1649764540.094847,1,300,58,85.63,27.74,0,1154
1649764540.119844,1,186,47,72.72,33.82,0,1154
1649764540.144841,1,179,53,80.31,22.27,0,1154
1649764540.169839,1,149,46,75.83,21.97,0,1154
1649764540.194836,1,146,49,84.57,19.44,0,1154
1649764540.219834,1,116,43,73.26,72.56,1,1120
1649764540.244831,1,300,62,80.56,26.10,0,1120
1649764540.269828,1,231,50,77.24,36.37,0,1120
1649764540.294826,1,203,53,85.13,26.81,0,1120
1649764540.319823,1,120,38,74.48,25.42,0,1120
1649764540.344820,1,141,42,80.79,18.77,0,1120
1649764540.369817,1,123,40,78.36,77.59,1,1092
1649764540.394814,1,140,36,85.27,18.95,0,1092
1649764540.419812,1,132,38,80.23,20.36,0,1092
1649764540.444809,1,300,47,85.44,27.25,0,1092
1649764540.469806,1,300,43,83.90,36.67,0,1092
1649764540.494803,1,173,42,89.51,30.09,0,1092
1649764540.519801,1,112,37,81.63,56.33,1,1084
1649764540.544798,1,112,39,86.02,17.35,0,1084
1649764540.569796,1,106,37,86.70,17.09,0,1084
1649764540.594793,1,136,36,92.10,18.41,0,1084
1649764540.619790,1,300,37,91.15,26.54,0,1084
1649764540.644788,1,300,36,95.63,37.06,0,1084
1649764540.669785,1,300,32,98.36,103.72,1,1088
1649764540.694782,1,149,31,103.04,86.37,1,1113
1649764540.719779,1,98,34,98.13,20.14,0,1113
1649764540.744776,1,115,34,101.20,15.78,0,1113
1649764540.769774,1,134,53,99.07,18.80,0,1113
1649764540.794771,1,146,92,93.32,19.73,0,1113
1649764540.819768,1,169,120,84.31,20.93,0,1113
1649764540.844766,1,255,153,79.13,89.53,1,1209
1649764540.869763,1,209,149,79.42,26.05,0,1209
1649764540.894760,1,191,139,78.01,22.88,0,1209
1649764540.919758,1,184,133,76.31,22.22,0,1209
1649764540.944755,1,187,135,74.47,21.97,0,1209
1649764540.969752,1,176,132,75.24,21.95,0,1209
1649764540.994750,1,224,143,73.84,97.74,1,1224
1649764541.019747,1,203,128,73.38,24.53,0,1224
1649764541.044744,1,300,167,71.08,28.77,0,1224
1649764541.069741,1,300,168,72.35,32.56,0,1224
1649764541.094740,1,300,175,70.08,32.71,0,1224
1649764541.119738,1,230,155,69.99,30.04,0,1224
1649764541.144735,1,300,165,67.00,94.64,1,1277
1649764541.169732,1,300,169,69.00,35.24,0,1277
1649764541.194730,1,300,162,66.29,32.77,0,1277
1649764541.219727,1,300,156,67.22,34.16,0,1277
1649764541.244724,1,300,161,64.08,34.64,0,1277
1649764541.269722,1,194,128,76.69,29.54,0,1277
1649764541.294719,1,300,131,73.44,93.85,1,1295
1649764541.319716,1,203,107,76.03,27.92,0,1295
1649764541.344713,1,157,90,71.96,93.20,1,1303
1649764541.369711,1,133,89,77.20,19.94,0,1303
1649764541.394708,1,129,85,73.26,17.88,0,1303
1649764541.419705,1,124,78,76.39,16.89,0,1303
1649764541.444703,1,300,134,70.46,26.11,0,1303
1649764541.469700,1,300,124,74.90,36.60,0,1303
1649764541.494697,1,235,115,68.36,95.65,1,1365
1649764541.519695,1,300,99,71.03,32.46,0,1365
1649764541.544692,1,300,95,64.09,33.27,0,1365
1649764541.569689,1,94,54,69.71,110.59,1,1333
1649764541.594687,1,300,82,63.36,27.15,0,1333
1649764541.619684,1,300,84,67.45,42.52,0,1333
1649764541.644681,1,300,100,60.33,37.90,0,1333
1649764541.669678,1,300,87,76.17,39.83,0,1333
1649764541.694676,1,300,98,67.77,35.39,0,1333
1649764541.719673,1,300,95,73.17,113.35,1,1311
1649764541.744670,1,300,109,63.96,36.52,0,1311
1649764541.769668,1,300,113,71.78,40.34,0,1311
1649764541.794665,1,300,105,62.47,34.91,0,1311
1649764541.819662,1,300,90,68.41,35.74,0,1311
1649764541.844660,1,300,74,58.68,33.81,0,1311
1649764541.869657,1,300,70,67.27,106.39,1,1342
1649764541.894654,1,300,74,57.59,40.27,0,1342
1649764541.919651,1,300,59,64.40,36.76,0,1342
1649764541.944649,1,300,62,54.35,36.63,0,1342
1649764541.969646,1,300,64,72.37,33.36,0,1342
1649764541.994643,1,300,65,60.98,38.21,0,1342
1649764542.019641,1,300,73,69.69,82.21,1,1351
1649764542.044638,1,300,74,58.31,35.01,0,1351
1649764542.069635,1,300,80,70.00,32.95,0,1351
1649764542.094633,1,300,83,58.54,34.81,0,1351
1649764542.119630,1,300,80,68.42,35.81,0,1351
1649764542.144627,1,300,79,56.79,33.55,0,1351
1649764542.169625,1,300,87,69.26,106.76,1,1356
1649764542.194622,1,300,93,57.18,38.05,0,1356
1649764542.219619,1,300,97,67.60,34.87,0,1356
1649764542.244617,1,300,112,55.12,37.01,0,1356
1649764542.269614,1,300,118,68.00,34.70,0,1356
1649764542.294611,1,300,106,55.05,34.57,0,1356
1649764542.319608,1,300,109,65.88,126.35,1,1370
1649764542.344606,1,300,110,52.86,35.30,0,1370
1649764542.369603,1,300,112,75.35,35.57,0,1370
1649764542.394600,1,300,111,57.00,34.27,0,1370
1649764542.419598,1,300,119,69.24,35.77,0,1370
1649764542.444595,1,300,111,55.56,36.62,0,1370
1649764542.469592,1,300,114,70.58,86.08,1,1398
1649764542.494589,1,300,106,56.60,35.22,0,1398
1649764542.519587,1,300,104,69.60,34.66,0,1398
1649764542.544584,1,300,89,55.76,35.49,0,1398
1649764542.569581,1,299,94,71.17,34.89,0,1398
1649764542.594579,1,297,82,56.72,34.70,0,1398
1649764542.619576,1,300,91,70.13,126.34,1,1365
1649764542.644573,1,300,86,55.82,35.01,0,1365
1649764542.669570,1,270,85,71.61,32.62,0,1365
1649764542.694568,1,184,64,56.69,27.83,0,1365
1649764542.719565,1,115,65,70.48,98.82,1,1341
1649764542.744562,1,177,63,55.82,22.38,0,1341
1649764542.769560,1,182,68,71.73,25.21,0,1341
1649764542.794557,1,84,51,53.44,20.27,0,1341
1649764542.819554,1,75,49,66.90,15.16,0,1341
1649764542.844552,1,87,45,52.85,15.37,0,1341
1649764542.869549,1,80,45,77.49,89.81,1,1321
1649764542.894547,1,73,43,55.56,15.66,0,1321
1649764542.919544,1,80,42,69.31,13.98,0,1321
1649764542.944541,1,77,44,54.75,15.18,0,1321
1649764542.969538,1,155,54,70.23,17.76,0,1321
1649764542.994535,1,118,47,55.18,21.24,0,1321
1649764543.019533,1,165,52,68.82,77.59,1,1283
1649764543.044530,1,114,54,54.27,20.81,0,1283
1649764543.069527,1,164,62,79.05,19.52,0,1283
1649764543.094525,1,300,81,56.04,28.77,0,1283
1649764543.119522,1,185,76,69.74,30.49,0,1283
1649764543.144519,1,127,64,54.82,21.42,0,1283
1649764543.169517,1,152,74,70.27,85.91,1,1273
1649764543.194514,1,215,88,54.74,24.41,0,1273
1649764543.219511,1,300,106,68.67,31.23,0,1273
1649764543.244509,1,300,113,53.92,35.17,0,1273
1649764543.269506,1,300,119,78.85,32.64,0,1273
1649764543.294503,1,222,106,55.82,29.50,0,1273
1649764543.319500,1,300,121,69.80,99.83,1,1333
1649764543.344498,1,145,81,54.55,90.28,1,1308
1649764543.369495,1,300,118,79.38,28.11,0,1308
1649764543.394492,1,300,121,56.49,35.67,0,1308
1649764543.419490,1,300,118,70.44,35.19,0,1308
1649764543.444487,1,157,90,55.27,26.01,0,1308
1649764543.469484,1,300,122,70.75,28.95,0,1308
1649764543.494481,1,158,90,51.94,95.29,1,1352
1649764543.519479,1,300,133,74.49,30.81,0,1352
1649764543.544476,1,154,90,54.32,28.92,0,1352
1649764543.569474,1,173,94,70.11,22.78,0,1352
1649764543.594471,1,300,116,54.47,28.88,0,1352
1649764543.619468,1,300,129,68.95,34.68,0,1352
1649764543.644465,1,243,116,54.19,105.00,1,1365
1649764543.669462,1,300,142,70.05,31.59,0,1365
1649764543.694460,1,161,110,54.25,27.63,0,1365
1649764543.719457,1,300,136,68.46,27.01,0,1365
1649764543.744454,1,300,144,53.61,34.50,0,1365
1649764543.769452,1,300,154,68.58,35.38,0,1365
1649764543.794449,1,300,154,52.88,77.71,1,1436
1649764543.819447,1,215,141,66.17,30.70,0,1436
1649764543.844444,1,300,154,51.70,30.10,0,1436
1649764543.869441,1,267,178,75.37,30.79,0,1436
1649764543.894439,1,300,186,55.38,32.78,0,1436
1649764543.919436,1,285,205,78.09,32.95,0,1436
1649764543.944433,1,300,208,62.11,110.18,1,1541
1649764543.969430,1,300,222,77.68,33.73,0,1541
1649764543.994427,1,300,216,61.19,32.50,0,1541
1649764544.019425,1,225,174,75.44,29.03,0,1541
1649764544.044422,1,300,210,60.69,32.18,0,1541
1649764544.069420,1,300,223,76.13,32.81,0,1541
1649764544.094417,1,294,218,60.63,112.78,1,1631
1649764544.119414,1,300,223,74.65,33.79,0,1631
1649764544.144411,1,300,231,60.64,33.70,0,1631
1649764544.169409,1,300,214,75.75,32.50,0,1631
1649764544.194406,1,300,225,60.72,33.22,0,1631
1649764544.219403,1,269,203,74.17,32.66,0,1631
1649764544.244401,1,296,222,60.45,114.75,1,1690
1649764544.269398,1,239,176,84.17,30.75,0,1690
1649764544.294395,1,300,225,64.62,31.64,0,1690
1649764544.319392,1,300,215,77.04,31.98,0,1690
1649764544.344390,1,300,218,63.91,33.15,0,1690
1649764544.369387,1,259,196,77.14,30.96,0,1690
1649764544.394384,1,300,219,63.43,118.93,1,1774
1649764544.419382,1,300,216,75.59,33.48,0,1774
1649764544.444379,1,300,225,63.38,32.45,0,1774
1649764544.469376,1,300,216,76.74,32.76,0,1774
1649764544.494374,1,300,225,63.49,33.30,0,1774
1649764544.519371,1,280,203,75.96,31.76,0,1774
1649764544.544368,1,299,229,63.83,89.36,1,1870
1649764544.569366,1,300,212,77.45,34.21,0,1870
1649764544.594363,1,300,224,64.00,32.15,0,1870
1649764544.619360,1,300,218,76.47,33.90,0,1870
1649764544.644357,1,300,218,64.34,31.66,0,1870
1649764544.669355,1,300,214,77.73,32.31,0,1870
1649764544.694352,1,300,214,64.48,123.88,1,1948
1649764544.719349,1,300,206,76.78,33.28,0,1948
1649764544.744347,1,300,217,65.04,33.72,0,1948
1649764544.769344,1,300,209,78.14,32.71,0,1948
1649764544.794341,1,300,215,65.15,34.24,0,1948
1649764544.819339,1,300,202,77.05,33.75,0,1948
1649764544.844336,1,300,202,65.63,119.99,1,1986
1649764544.869333,1,300,208,78.29,32.50,0,1986
1649764544.894331,1,300,203,65.62,32.71,0,1986
1649764544.919328,1,300,202,77.14,32.68,0,1986
1649764544.944325,1,300,198,66.14,31.76,0,1986
1649764544.969322,1,300,210,78.37,33.16,0,1986
1649764544.994320,1,300,205,66.28,129.19,1,2089
1649764545.019317,1,300,211,77.43,33.34,0,2089
1649764545.044314,1,279,188,67.05,30.66,0,2089
1649764545.069311,1,300,206,78.87,31.89,0,2089
1649764545.094309,1,300,196,67.29,32.06,0,2089
1649764545.119306,1,300,207,78.12,32.77,0,2089
1649764545.144304,1,300,196,68.28,113.85,1,2084
1649764545.169301,1,300,194,79.99,32.86,0,2084
1649764545.194298,1,300,190,68.92,32.72,0,2084
1649764545.219296,1,300,196,79.81,33.10,0,2084
1649764545.244292,1,300,189,70.62,31.54,0,2084
1649764545.269290,1,300,192,82.40,32.44,0,2084
1649764545.294287,1,300,183,67.45,118.85,1,2139
1649764545.319285,1,300,181,78.15,32.70,0,2139
1649764545.344282,1,300,173,69.36,31.76,0,2139
1649764545.369279,1,300,175,80.67,31.00,0,2139
1649764545.394277,1,300,152,70.38,31.06,0,2139
1649764545.419274,1,300,157,80.86,30.66,0,2139
1649764545.444271,1,300,155,72.36,103.43,1,2147
1649764545.469269,1,300,166,83.36,30.78,0,2147
1649764545.494266,1,300,157,68.94,30.80,0,2147
1649764545.519263,1,300,167,78.66,31.48,0,2147
1649764545.544260,1,300,143,70.57,29.25,0,2147
1649764545.569258,1,300,154,80.38,30.58,0,2147
1649764545.594255,1,300,146,66.87,121.45,1,2111
1649764545.619252,1,300,145,75.27,31.27,0,2111
1649764545.644250,1,300,144,67.55,30.94,0,2111
1649764545.669247,1,300,131,76.22,29.75,0,2111
1649764545.694244,1,300,136,67.34,29.38,0,2111
1649764545.719241,1,300,131,75.13,29.44,0,2111
1649764545.744239,1,300,129,68.27,123.55,1,2092
1649764545.769236,1,300,126,76.46,31.23,0,2092
1649764545.794233,1,300,119,68.37,29.20,0,2092
1649764545.819231,1,300,120,75.63,29.54,0,2092
1649764545.844228,1,300,123,69.51,29.42,0,2092
1649764545.869225,1,300,117,77.04,29.33,0,2092
1649764545.894222,1,300,114,69.58,105.30,1,2061
1649764545.919220,1,300,116,76.10,30.51,0,2061
1649764545.944217,1,300,111,70.72,30.33,0,2061
1649764545.969214,1,300,98,77.56,30.07,0,2061
1649764545.994212,1,300,102,67.14,29.76,0,2061
1649764546.019209,1,300,105,72.88,29.63,0,2061
1649764546.044206,1,300,98,68.46,171.73,1,2040
1649764546.069204,1,300,99,74.12,30.66,0,2040
1649764546.094201,1,300,90,68.43,31.60,0,2040
1649764546.119198,1,300,83,73.18,29.92,0,2040
1649764546.144196,1,300,75,69.40,29.04,0,2040
1649764546.169193,1,300,74,74.25,30.03,0,2040
1649764546.194190,1,300,68,69.35,131.30,1,2041
1649764546.219187,1,300,69,73.23,30.49,0,2041
1649764546.244185,1,300,69,70.17,30.42,0,2041
1649764546.269182,1,300,67,73.85,30.28,0,2041
1649764546.294180,1,300,57,69.31,29.67,0,2041
1649764546.319177,1,300,58,71.86,30.76,0,2041
1649764546.344174,1,300,51,69.07,123.07,1,2041
1649764546.369171,1,300,46,71.47,31.40,0,2041
1649764546.394169,1,300,46,67.68,31.96,0,2041
1649764546.419166,1,300,43,69.55,30.09,0,2041
1649764546.444163,1,300,45,67.81,32.14,0,2041
1649764546.469161,1,300,40,69.85,30.80,0,2041
1649764546.494158,1,300,42,67.25,125.59,1,2030
1649764546.519155,1,300,40,68.58,31.12,0,2030
1649764546.544152,1,300,42,67.52,31.19,0,2030
1649764546.569150,1,300,40,68.64,33.63,0,2030
1649764546.594147,1,300,38,66.56,32.12,0,2030
1649764546.619144,1,300,33,67.05,31.33,0,2030
1649764546.644142,1,300,33,66.25,138.08,1,2007
1649764546.669139,1,300,32,66.54,31.76,0,2007
1649764546.694136,1,300,31,65.19,31.83,0,2007
1649764546.719133,1,300,31,65.07,30.62,0,2007
1649764546.744131,1,300,24,65.34,30.79,0,2007
1649764546.769128,1,300,20,65.10,30.30,0,2007
1649764546.794126,1,300,16,64.36,133.20,1,2015
1649764546.819123,1,300,13,63.61,30.13,0,2015
1649764546.844120,1,300,16,64.25,29.95,0,2015
1649764546.869117,1,300,14,63.48,30.38,0,2015
1649764546.894115,1,300,16,63.19,30.49,0,2015
1649764546.919112,1,300,16,61.92,30.40,0,2015
1649764546.944109,1,300,18,63.03,135.25,1,2061
1649764546.969107,1,300,14,61.82,30.87,0,2061
1649764546.994104,1,300,12,62.19,31.03,0,2061
1649764547.019101,1,300,12,60.59,30.59,0,2061
1649764547.044099,1,300,13,62.39,31.44,0,2061
1649764547.069096,1,300,13,60.89,31.71,0,2061
1649764547.094095,1,300,9,62.00,158.93,1,2067
1649764547.119092,1,300,6,60.38,32.50,0,2067
1649764547.144090,1,300,6,62.81,32.21,0,2067
1649764547.169087,1,300,5,61.26,31.94,0,2067
1649764547.194084,1,300,6,62.86,32.00,0,2067
1649764547.219082,1,300,7,60.94,32.07,0,2067
1649764547.244079,1,300,7,63.51,118.74,1,2011
1649764547.269076,1,300,7,61.64,31.75,0,2011
1649764547.294074,1,300,6,63.50,32.26,0,2011
1649764547.319071,1,300,6,61.38,32.45,0,2011
1649764547.344068,1,300,7,64.19,32.37,0,2011
1649764547.369066,1,300,5,62.19,32.12,0,2011
1649764547.394063,1,300,5,64.27,138.34,1,1951
1649764547.419060,1,300,6,62.15,32.31,0,1951
1649764547.444057,1,300,8,65.13,31.33,0,1951
1649764547.469055,1,300,7,63.11,31.41,0,1951
1649764547.494052,1,300,13,65.38,30.62,0,1951
1649764547.519049,1,300,7,63.17,30.69,0,1951
1649764547.544047,1,300,6,66.13,143.99,1,1882
1649764547.569044,1,300,9,63.92,31.22,0,1882
1649764547.594041,1,300,4,66.33,29.79,0,1882
1649764547.619039,1,300,7,64.06,31.23,0,1882
1649764547.644036,1,300,5,67.11,30.40,0,1882
1649764547.669033,1,300,8,64.98,32.76,0,1882
1649764547.694030,1,300,8,67.34,74.12,1,1793
1649764547.719028,1,300,6,65.07,32.45,0,1793
1649764547.744025,1,300,7,67.79,31.46,0,1793
1649764547.769022,1,300,7,65.51,30.45,0,1793
1649764547.794020,1,300,6,67.74,31.33,0,1793
1649764547.819017,1,300,6,65.73,30.53,0,1793
1649764547.844014,1,300,7,68.42,124.10,1,1704
1649764547.869011,1,300,10,66.81,31.70,0,1704
1649764547.894009,1,300,14,69.25,30.64,0,1704
1649764547.919006,1,300,11,68.06,29.50,0,1704
1649764547.944003,1,300,10,70.88,30.70,0,1704
1649764547.969001,1,300,10,70.05,30.30,0,1704
1649764547.993998,1,300,14,72.49,119.91,1,1618
1649764548.018995,1,300,18,71.63,30.20,0,1618
1649764548.043993,1,300,28,73.69,30.81,0,1618
1649764548.068990,1,300,33,72.99,31.93,0,1618
1649764548.093987,1,300,45,74.44,32.26,0,1618
1649764548.118984,1,300,46,73.98,30.25,0,1618
1649764548.143982,1,300,53,75.52,141.21,1,1534
1649764548.168979,1,300,59,75.23,29.55,0,1534
1649764548.193976,1,300,67,76.49,28.50,0,1534
1649764548.218974,1,300,79,76.40,27.85,0,1534
1649764548.243971,1,290,83,78.02,26.78,0,1534
1649764548.268968,1,297,89,78.54,25.72,0,1534
1649764548.293966,1,300,93,75.87,113.17,1,1493
1649764548.318963,1,300,99,75.94,26.40,0,1493
1649764548.343960,1,286,104,72.88,25.36,0,1493
1649764548.368958,1,300,111,72.92,25.17,0,1493
1649764548.393955,1,299,108,73.92,26.14,0,1493
1649764548.418952,1,300,112,74.07,26.25,0,1493
1649764548.443949,1,300,107,71.06,118.99,1,1460
1649764548.468947,1,300,106,71.18,24.69,0,1460
1649764548.493944,1,300,105,71.94,24.71,0,1460
1649764548.518941,1,300,103,71.98,23.91,0,1460
1649764548.543939,1,300,104,72.49,24.20,0,1460
1649764548.568936,1,300,98,72.32,24.20,0,1460
1649764548.593933,1,300,100,72.65,107.49,1,1395
1649764548.618931,1,300,102,72.41,24.92,0,1395
1649764548.643928,1,300,102,72.59,23.92,0,1395
1649764548.668925,1,300,102,72.29,24.18,0,1395
1649764548.693922,1,300,100,72.42,24.19,0,1395
1649764548.718920,1,300,106,72.11,24.75,0,1395
1649764548.743917,1,300,105,72.29,104.98,1,1299
1649764548.768914,1,300,104,72.02,24.53,0,1299
1649764548.793912,1,300,102,72.25,24.50,0,1299
1649764548.818909,1,300,104,72.02,24.30,0,1299
1649764548.843906,1,300,106,72.18,24.29,0,1299
1649764548.868904,1,300,103,71.85,24.13,0,1299
1649764548.893901,1,297,101,71.95,104.03,1,1209
1649764548.918898,1,300,108,71.65,26.24,0,1209
1649764548.943896,1,300,108,71.80,25.51,0,1209
1649764548.968893,1,300,111,71.59,24.17,0,1209
1649764548.993890,1,300,112,71.84,19.67,0,1209
1649764549.018888,1,300,111,71.68,24.64,0,1209
1649764549.043885,1,300,112,71.90,107.94,1,1130
1649764549.068882,1,300,110,71.76,25.07,0,1130
1649764549.093879,1,300,116,72.02,24.91,0,1130
1649764549.118877,1,300,112,71.90,24.81,0,1130
1649764549.143874,1,300,112,72.17,24.80,0,1130
1649764549.168871,1,300,112,72.17,24.41,0,1130
1649764549.193869,1,300,106,72.62,108.25,1,1038
1649764549.218866,1,300,103,72.69,25.15,0,1038
1649764549.243863,1,300,110,73.00,24.45,0,1038
1649764549.268860,1,300,114,72.86,24.89,0,1038
1649764549.293858,1,300,119,72.88,24.93,0,1038
1649764549.318855,1,300,118,72.43,25.41,0,1038
1649764549.343853,1,300,113,72.25,84.38,1,946
1649764549.368850,1,300,114,71.72,25.87,0,946
1649764549.393847,1,300,115,71.64,25.02,0,946
1649764549.418844,1,300,117,71.35,24.73,0,946
1649764549.443841,1,300,115,71.43,24.95,0,946
1649764549.468839,1,300,115,71.16,24.97,0,946
1649764549.493836,1,300,121,71.24,86.36,1,872
1649764549.518833,1,300,112,70.97,25.61,0,872
1649764549.543831,1,300,118,71.01,26.03,0,872
1649764549.568828,1,300,129,70.69,25.84,0,872
1649764549.593826,1,292,129,70.74,25.70,0,872
1649764549.618823,1,300,136,70.39,25.95,0,872
1649764549.643820,1,300,139,70.35,87.87,1,815
1649764549.668818,1,300,131,69.93,26.56,0,815
1649764549.693815,1,300,120,69.83,26.56,0,815
1649764549.718812,1,290,124,69.48,26.14,0,815
1649764549.743809,1,300,143,69.49,26.73,0,815
1649764549.768806,1,299,144,69.25,27.00,0,815
1649764549.793804,1,299,142,69.29,99.49,1,793
1649764549.818801,1,299,140,69.00,28.10,0,793
1649764549.843799,1,300,131,68.99,27.22,0,793
1649764549.868796,1,299,123,68.69,26.90,0,793
1649764549.893793,1,300,119,68.69,27.27,0,793
1649764549.918790,1,300,121,68.51,26.54,0,793
1649764549.943788,1,300,121,68.59,111.89,1,779
1649764549.968785,1,300,119,68.41,27.04,0,779
1649764549.993782,1,300,118,68.49,26.34,0,779
1649764550.018780,1,300,121,68.33,26.76,0,779
1649764550.043777,1,300,123,68.41,26.79,0,779
1649764550.068774,1,300,124,68.23,25.71,0,779
1649764550.093771,1,300,128,68.29,112.99,1,765
1649764550.118769,1,300,130,68.16,27.10,0,765
1649764550.143766,1,300,133,68.28,26.57,0,765
1649764550.168763,1,300,132,68.18,26.62,0,765
1649764550.193760,1,300,133,68.32,26.53,0,765
1649764550.218758,1,300,133,68.27,26.98,0,765
1649764550.243755,1,298,130,68.49,106.06,1,744
1649764550.268753,1,292,130,68.53,27.26,0,744
1649764550.293750,1,280,129,68.78,26.23,0,744
1649764550.318747,1,300,141,68.86,27.48,0,744
1649764550.343745,1,300,143,69.09,26.85,0,744
1649764550.368742,1,300,132,69.13,26.95,0,744
1649764550.393739,1,288,130,69.36,132.87,1,746
1649764550.418736,1,300,135,69.44,27.66,0,746
1649764550.443733,1,288,132,69.76,27.82,0,746
1649764550.468731,1,284,128,69.93,26.70,0,746
1649764550.493728,1,300,131,70.34,27.78,0,746
1649764550.518726,1,284,127,70.68,28.08,0,746
1649764550.543723,1,278,126,71.33,111.09,1,739
1649764550.568720,1,266,123,71.84,26.54,0,739
1649764550.593718,1,252,115,72.61,25.42,0,739
1649764550.618715,1,238,116,73.14,25.47,0,739
1649764550.643712,1,243,116,73.80,25.50,0,739
1649764550.668709,1,300,130,74.19,28.61,0,739
1649764550.693707,1,257,125,74.74,110.57,1,726
1649764550.718704,1,249,111,75.06,25.80,0,726
1649764550.743701,1,258,113,75.46,26.68,0,726
1649764550.768699,1,300,116,75.69,28.05,0,726
1649764550.793696,1,260,112,76.06,27.46,0,726
1649764550.818693,1,254,113,76.25,26.34,0,726
1649764550.843690,1,248,114,76.66,95.75,1,725
1649764550.868688,1,300,124,76.91,29.58,0,725
1649764550.893685,1,300,116,77.34,31.87,0,725
1649764550.918682,1,300,116,77.69,29.84,0,725
1649764550.943680,1,300,115,78.21,30.10,0,725
1649764550.968677,1,300,113,78.53,29.61,0,725
1649764550.993674,1,278,110,74.49,98.00,1,732
1649764551.018672,1,264,105,74.71,28.30,0,732
1649764551.043669,1,260,103,75.12,25.95,0,732
1649764551.068666,1,251,99,75.41,24.68,0,732
1649764551.093667,1,243,94,75.74,25.37,0,732
1649764551.118665,1,300,94,75.85,27.78,0,732
1649764551.143662,1,300,90,76.12,154.38,1,750
1649764551.168659,1,273,83,76.32,28.34,0,750
1649764551.193656,1,254,77,76.63,25.75,0,750
1649764551.218654,1,247,69,76.76,24.60,0,750
1649764551.243651,1,234,66,77.06,24.06,0,750
1649764551.268648,1,256,64,77.25,24.33,0,750
1649764551.293646,1,242,55,77.52,118.35,1,745
1649764551.318643,1,238,50,77.58,23.90,0,745
1649764551.343640,1,233,50,77.65,24.20,0,745
1649764551.368637,1,227,48,77.46,23.59,0,745
1649764551.393635,1,223,48,77.36,23.41,0,745
1649764551.418632,1,223,45,76.94,22.86,0,745
1649764551.443629,1,215,46,76.57,133.22,1,745
1649764551.468627,1,300,49,76.17,26.42,0,745
1649764551.493624,1,266,50,76.20,27.45,0,745
1649764551.518621,1,255,48,76.27,24.91,0,745
1649764551.543619,1,241,54,76.54,24.19,0,745
1649764551.568616,1,229,46,76.78,24.41,0,745
1649764551.593613,1,220,54,77.30,136.98,1,744
1649764551.618611,1,214,55,77.64,22.85,0,744
1649764551.643608,1,205,53,78.06,22.75,0,744
1649764551.668605,1,199,47,78.44,21.02,0,744
1649764551.693603,1,190,46,78.78,21.81,0,744
1649764551.718600,1,184,53,78.78,21.66,0,744
1649764551.743597,1,300,63,78.72,103.03,1,753
1649764551.768595,1,300,64,78.44,30.59,0,753
1649764551.793592,1,300,74,78.09,29.30,0,753
1649764551.818589,1,300,79,77.58,31.25,0,753
1649764551.843586,1,300,86,77.11,29.44,0,753
1649764551.868584,1,300,87,76.52,30.97,0,753
1649764551.893581,1,300,87,75.93,127.11,1,780
1649764551.918578,1,300,90,75.24,31.90,0,780
1649764551.943576,1,300,95,74.57,31.61,0,780
1649764551.968573,1,300,95,73.88,30.08,0,780
1649764551.993570,1,300,104,73.20,31.64,0,780
1649764552.018568,1,300,103,72.40,33.03,0,780
1649764552.043565,1,300,105,71.50,146.86,1,800
1649764552.068563,1,300,111,70.54,33.38,0,800
1649764552.093560,1,300,114,69.47,32.64,0,800
1649764552.118557,1,300,114,68.37,32.66,0,800
1649764552.143554,1,300,104,67.22,31.34,0,800
1649764552.168552,1,300,101,66.07,30.84,0,800
1649764552.193549,1,300,102,64.96,133.33,1,761
1649764552.218546,1,300,105,63.95,31.78,0,761
1649764552.243544,1,300,103,62.91,30.24,0,761
1649764552.268541,1,300,101,61.98,30.70,0,761
1649764552.293538,1,300,101,61.01,30.67,0,761
1649764552.318535,1,300,109,60.13,30.43,0,761
1649764552.343533,1,300,116,59.22,123.19,1,724
1649764552.368530,1,300,115,58.48,30.77,0,724
1649764552.393528,1,300,117,57.73,31.11,0,724
1649764552.418525,1,300,116,64.91,32.65,0,724
1649764552.443522,1,274,122,64.29,29.48,0,724
1649764552.468519,1,268,116,63.94,28.38,0,724
1649764552.493517,1,268,118,63.76,74.63,1,673
1649764552.518514,1,268,120,63.80,28.83,0,673
1649764552.543511,1,267,117,63.81,27.74,0,673
1649764552.568509,1,269,117,63.84,28.10,0,673
1649764552.593506,1,273,111,63.79,27.66,0,673
1649764552.618503,1,277,114,63.83,28.59,0,673
1649764552.643501,1,278,112,63.81,72.50,1,653
1649764552.668498,1,281,105,63.94,28.00,0,653
1649764552.693495,1,300,111,64.05,29.67,0,653
1649764552.718493,1,299,112,64.30,28.75,0,653
1649764552.743490,1,300,113,64.47,30.01,0,653
1649764552.768487,1,300,112,64.73,24.08,0,653
1649764552.793484,1,300,112,64.88,115.68,1,690
1649764552.818482,1,300,112,65.12,29.73,0,690
1649764552.843479,1,300,117,65.21,24.08,0,690
1649764552.868476,1,300,116,65.38,23.68,0,690
1649764552.893474,1,300,116,65.32,23.41,0,690
1649764552.918471,1,300,118,65.28,23.41,0,690
1649764552.943468,1,300,116,65.08,115.83,1,713
1649764552.968466,1,300,116,64.97,28.76,0,713
1649764552.993463,1,300,119,64.66,23.83,0,713
1649764553.018461,1,300,120,64.51,30.16,0,713
1649764553.043458,1,300,118,64.24,24.31,0,713
1649764553.068455,1,300,123,64.12,29.19,0,713
1649764553.093452,1,300,117,63.95,111.71,1,703
1649764553.118450,1,300,116,63.96,24.34,0,703
1649764553.143447,1,300,116,63.88,24.06,0,703
1649764553.168444,1,300,115,64.05,29.26,0,703
1649764553.193442,1,300,116,64.10,23.92,0,703
1649764553.218439,1,300,114,64.36,23.67,0,703
1649764553.243436,1,300,114,64.45,102.06,1,690
1649764553.268434,1,300,114,64.72,24.17,0,690
1649764553.293431,1,300,113,64.73,24.22,0,690
1649764553.318428,1,300,113,64.79,23.50,0,690
1649764553.343426,1,300,110,64.58,29.46,0,690
1649764553.368423,1,300,113,64.58,28.59,0,690
1649764553.393420,1,300,114,64.36,73.22,1,680
1649764553.418417,1,300,114,64.34,24.21,0,680
1649764553.443415,1,300,114,64.12,24.22,0,680
1649764553.468412,1,300,115,64.05,24.21,0,680
1649764553.493409,1,300,113,63.79,24.00,0,680
1649764553.518407,1,300,111,63.74,29.13,0,680
1649764553.543404,1,300,112,63.52,82.94,1,679
1649764553.568401,1,300,111,63.49,30.67,0,679
1649764553.593399,1,300,108,63.27,28.92,0,679
1649764553.618396,1,300,113,63.30,23.39,0,679
1649764553.643393,1,300,112,63.14,23.37,0,679
1649764553.668391,1,300,111,63.21,23.74,0,679
1649764553.693388,1,300,112,63.05,77.62,1,650
1649764553.718385,1,300,109,63.14,23.90,0,650
1649764553.743382,1,300,104,63.07,23.41,0,650
1649764553.768380,1,300,107,63.17,23.74,0,650
1649764553.793377,1,300,107,63.12,23.80,0,650
1649764553.818374,1,300,108,63.31,23.66,0,650
1649764553.843372,1,300,104,63.26,78.65,1,620
1649764553.868369,1,300,107,63.44,23.78,0,620
1649764553.893367,1,300,108,63.39,23.61,0,620
1649764553.918364,1,300,105,63.50,23.06,0,620
1649764553.943361,1,300,103,63.34,22.99,0,620
1649764553.968359,1,300,101,63.33,23.13,0,620
1649764553.993356,1,300,108,63.09,79.78,1,564
1649764554.018353,1,300,105,63.07,28.92,0,564
1649764554.043350,1,300,101,62.96,22.83,0,564
1649764554.068348,1,300,103,63.06,22.53,0,564
1649764554.093345,1,300,101,62.94,28.95,0,564
1649764554.118342,1,300,106,63.09,30.86,0,564
1649764554.143340,1,300,102,62.98,126.07,1,555
1649764554.168337,1,300,104,63.09,23.24,0,555
1649764554.193334,1,300,108,62.97,22.94,0,555
1649764554.218331,1,300,109,63.10,22.83,0,555
1649764554.243329,1,300,106,62.98,23.11,0,555
1649764554.268326,1,300,107,63.10,22.98,0,555
1649764554.293324,1,300,107,62.98,98.11,1,545
1649764554.318321,1,300,108,63.11,23.30,0,545
1649764554.343318,1,300,102,63.01,22.86,0,545
1649764554.368315,1,300,109,63.18,23.36,0,545
1649764554.393313,1,300,108,63.02,23.08,0,545
1649764554.418310,1,300,111,63.16,23.11,0,545
1649764554.443307,1,300,109,63.04,98.08,1,534
1649764554.468305,1,300,113,63.19,23.35,0,534
1649764554.493302,1,300,113,63.04,23.20,0,534
1649764554.518299,1,300,107,63.19,22.91,0,534
1649764554.543297,1,300,109,63.07,22.99,0,534
1649764554.568294,1,300,109,63.20,23.12,0,534
1649764554.593291,1,300,111,63.07,100.26,1,511
1649764554.618289,1,300,107,63.24,23.11,0,511
1649764554.643286,1,300,109,63.09,23.83,0,511
1649764554.668283,1,300,113,63.24,23.32,0,511
1649764554.693280,1,300,110,63.11,23.14,0,511
1649764554.718278,1,300,111,63.25,23.21,0,511
1649764554.743275,1,300,112,63.12,125.44,1,498
1649764554.768272,1,300,109,63.28,29.96,0,498
1649764554.793270,1,300,110,63.16,23.04,0,498
1649764554.818267,1,300,111,63.28,23.20,0,498
1649764554.843265,1,300,110,63.13,22.87,0,498
1649764554.868262,1,300,111,63.29,23.06,0,498
1649764554.893259,1,300,109,63.14,115.48,1,470
1649764554.918256,1,300,111,63.31,23.87,0,470
1649764554.943254,1,300,111,63.17,23.14,0,470
1649764554.968251,1,300,111,63.33,23.18,0,470
1649764554.993248,1,300,109,63.18,23.03,0,470
1649764555.018246,1,300,110,63.34,23.44,0,470
1649764555.043243,1,300,110,63.22,120.86,1,447
1649764555.068240,1,300,111,63.36,23.35,0,447
1649764555.093237,1,300,111,63.23,23.22,0,447
1649764555.118235,1,300,112,63.36,23.51,0,447
1649764555.143232,1,300,111,63.22,23.03,0,447
1649764555.168230,1,300,114,63.36,23.23,0,447
1649764555.193227,1,300,113,63.22,155.08,1,412
1649764555.218224,1,300,111,63.37,30.74,0,412
1649764555.243222,1,300,110,63.22,23.14,0,412
1649764555.268219,1,300,110,63.38,23.09,0,412
1649764555.293216,1,300,116,63.23,23.17,0,412
1649764555.318213,1,300,110,63.38,23.09,0,412
1649764555.343211,1,300,109,63.23,135.84,1,401
1649764555.368208,1,300,110,63.40,23.40,0,401
1649764555.393205,1,300,116,63.28,23.44,0,401
1649764555.418203,1,300,110,63.47,23.23,0,401
1649764555.443200,1,300,112,63.37,23.75,0,401
1649764555.468197,1,300,113,63.52,23.52,0,401
1649764555.493195,1,300,109,63.43,164.36,1,393
1649764555.518192,1,300,109,63.62,24.61,0,393
1649764555.543189,1,300,115,63.47,23.17,0,393
1649764555.568187,1,300,113,63.59,23.32,0,393
1649764555.593184,1,300,110,63.43,22.91,0,393
1649764555.618181,1,300,111,63.55,23.22,0,393
1649764555.643178,1,300,109,63.37,175.58,1,388
1649764555.668176,1,300,109,63.46,23.08,0,388
1649764555.693173,1,300,113,63.28,23.40,0,388
1649764555.718170,1,300,110,63.37,22.93,0,388
1649764555.743168,1,300,111,63.19,23.27,0,388
1649764555.768165,1,300,110,63.28,23.22,0,388
1649764555.793163,1,300,113,63.07,176.14,1,376
1649764555.818160,1,300,110,63.13,23.40,0,376
1649764555.843157,1,300,111,62.93,23.08,0,376
1649764555.868154,1,300,115,62.98,23.33,0,376
1649764555.893152,1,300,116,62.77,23.37,0,376
1649764555.918149,1,300,114,62.81,23.49,0,376
1649764555.943146,1,300,112,62.61,217.82,1,351
1649764555.968144,1,300,113,62.66,23.59,0,351
1649764555.993141,1,300,116,62.43,23.68,0,351
1649764556.018138,1,300,117,62.46,23.38,0,351
1649764556.043135,1,300,114,62.21,23.40,0,351
1649764556.068133,1,300,120,62.20,23.68,0,351
1649764556.093127,1,300,114,61.96,181.61,1,324
1649764556.118125,1,300,119,61.94,29.62,0,324
1649764556.143122,1,300,116,61.75,29.17,0,324
1649764556.168119,1,300,118,70.37,23.48,0,324
1649764556.193117,1,300,116,70.29,28.61,0,324
1649764556.218114,1,300,118,70.48,23.28,0,324
1649764556.243111,1,300,115,70.42,219.42,1,316
1649764556.268109,1,300,113,70.64,23.15,0,316
1649764556.293106,1,300,115,70.60,22.96,0,316
1649764556.318103,1,300,113,70.82,22.89,0,316
1649764556.343101,1,300,115,70.76,23.08,0,316
1649764556.368098,1,300,111,70.94,23.27,0,316
1649764556.393095,1,300,115,70.90,154.56,1,296
1649764556.418092,1,300,112,71.08,23.01,0,296
1649764556.443090,1,300,111,70.99,23.13,0,296
1649764556.468087,1,300,110,71.15,23.29,0,296
1649764556.493084,1,300,111,71.04,22.88,0,296
1649764556.518082,1,300,110,71.18,22.71,0,296
1649764556.543079,1,300,110,71.06,115.44,1,290
1649764556.568077,1,300,111,71.20,23.12,0,290
1649764556.593074,1,300,113,71.10,23.02,0,290
1649764556.618071,1,300,109,71.24,22.98,0,290
1649764556.643068,1,300,111,71.15,23.28,0,290
1649764556.668066,1,300,111,71.27,23.09,0,290
1649764556.693063,1,300,112,71.21,85.29,1,272
1649764556.718060,1,300,108,71.35,23.01,0,272
1649764556.743058,1,300,110,71.28,22.96,0,272
1649764556.768055,1,300,110,71.42,22.73,0,272
1649764556.793052,1,300,113,71.36,22.89,0,272
1649764556.818050,1,300,111,71.48,23.00,0,272
1649764556.843047,1,300,112,71.42,83.57,1,243
1649764556.868044,1,300,114,71.54,23.28,0,243
1649764556.893042,1,300,110,71.49,22.97,0,243
1649764556.918039,1,300,113,71.61,23.11,0,243
1649764556.943036,1,300,113,71.56,23.22,0,243
1649764556.968034,1,300,111,71.66,23.12,0,243
1649764556.993031,1,300,110,71.64,71.37,1,209
1649764557.018028,1,300,110,71.74,23.29,0,209
1649764557.043025,1,300,111,71.67,23.00,0,209
1649764557.068023,1,300,111,71.78,23.34,0,209
1649764557.093020,1,300,110,71.72,23.12,0,209
1649764557.118017,1,300,114,71.80,23.24,0,209
1649764557.143015,1,300,111,71.74,60.71,1,198
1649764557.168012,1,300,110,71.80,23.19,0,198
1649764557.193009,1,300,112,71.74,23.10,0,198
1649764557.218007,1,300,112,71.79,23.09,0,198
1649764557.243004,1,300,113,71.73,23.13,0,198
1649764557.268001,1,300,111,71.77,22.88,0,198
1649764557.292999,1,300,109,71.72,70.51,1,221
1649764557.317996,1,300,110,71.75,23.44,0,221
1649764557.342993,1,300,108,71.68,23.23,0,221
1649764557.367990,1,300,111,71.72,22.82,0,221
1649764557.392988,1,300,113,71.68,23.09,0,221
1649764557.417985,1,300,107,71.71,22.72,0,221
1649764557.442982,1,300,111,71.68,72.53,1,227
1649764557.467980,1,300,112,71.71,23.44,0,227
1649764557.492977,1,300,110,71.68,22.91,0,227
1649764557.517975,1,300,110,71.73,22.95,0,227
1649764557.542972,1,300,108,71.69,23.10,0,227
1649764557.567969,1,300,111,71.74,23.17,0,227
1649764557.592966,1,300,112,71.70,62.34,1,216
1649764557.617964,1,300,109,71.76,23.24,0,216
1649764557.642961,1,300,115,71.77,23.34,0,216
1649764557.667958,1,300,112,71.80,23.00,0,216
1649764557.692956,1,300,113,71.77,22.99,0,216
1649764557.717953,1,300,113,71.81,22.97,0,216
1649764557.742950,1,300,111,71.79,65.59,1,203
1649764557.767948,1,300,110,71.80,23.04,0,203
1649764557.792945,1,300,111,71.80,22.90,0,203
1649764557.817942,1,300,112,71.81,23.12,0,203
1649764557.842940,1,300,112,71.82,23.10,0,203
1649764557.867937,1,300,113,71.82,23.35,0,203
1649764557.892934,1,300,114,71.83,79.29,1,242
1649764557.917932,1,300,112,71.85,23.15,0,242
1649764557.942929,1,300,110,71.85,23.13,0,242
1649764557.967926,1,300,110,71.84,22.86,0,242
1649764557.992923,1,300,111,71.87,23.00,0,242
1649764558.017921,1,300,111,71.88,22.93,0,242
1649764558.042918,1,300,111,71.89,69.72,1,238
1649764558.067915,1,300,112,71.90,23.06,0,238
1649764558.092913,1,300,107,71.90,22.97,0,238
1649764558.117910,1,300,111,71.89,22.87,0,238
1649764558.142907,1,300,111,71.90,22.83,0,238
1649764558.167905,1,300,110,71.89,22.91,0,238
1649764558.192902,1,300,108,71.92,110.50,1,243
1649764558.217899,1,300,111,71.91,23.08,0,243
1649764558.242897,1,300,112,71.95,22.86,0,243
1649764558.267894,1,300,113,71.94,22.81,0,243
1649764558.292892,1,300,115,71.99,22.96,0,243
1649764558.317888,1,300,109,71.97,22.71,0,243
1649764558.342886,1,300,111,71.98,70.67,1,223
1649764558.367883,1,300,111,71.94,23.14,0,223
1649764558.392880,1,300,112,72.00,22.98,0,223
1649764558.417878,1,300,112,71.94,22.77,0,223
1649764558.442875,1,300,111,71.96,22.79,0,223
1649764558.467873,1,300,111,71.81,28.62,0,223
1649764558.492870,1,300,112,71.78,72.67,1,229
1649764558.517867,1,300,110,71.70,23.32,0,229
1649764558.542864,1,300,113,71.76,23.09,0,229
1649764558.567862,1,300,111,71.76,22.98,0,229
1649764558.592859,1,300,109,71.82,22.83,0,229
1649764558.617857,1,300,111,71.74,22.85,0,229
1649764558.642854,1,300,111,71.77,92.23,1,258
1649764558.667851,1,300,114,71.67,22.83,0,258
1649764558.692848,1,300,113,71.74,22.65,0,258
1649764558.717845,1,300,110,71.68,22.66,0,258
1649764558.742843,1,300,110,71.72,22.44,0,258
1649764558.767840,1,300,111,71.66,22.71,0,258
1649764558.792838,1,300,113,71.71,96.85,1,219
1649764558.817835,1,300,113,71.60,23.05,0,219
1649764558.842832,1,300,112,71.68,22.86,0,219
1649764558.867830,1,300,113,71.57,22.80,0,219
1649764558.892827,1,300,111,71.61,22.68,0,219
1649764558.917824,1,300,111,71.55,22.75,0,219
1649764558.942821,1,300,113,71.61,99.20,1,197
1649764558.967819,1,300,111,71.56,23.05,0,197
1649764558.992816,1,300,110,71.66,22.95,0,197
1649764559.017813,1,300,115,71.59,23.35,0,197
1649764559.042811,1,300,109,71.75,23.16,0,197
1649764559.067808,1,300,113,71.73,22.83,0,197
1649764559.092805,1,300,115,71.90,81.56,1,174
1649764559.117803,1,300,116,71.87,23.54,0,174
1649764559.142800,1,300,110,72.05,22.98,0,174
1649764559.167797,1,300,110,71.99,23.02,0,174
1649764559.192795,1,300,112,72.19,22.74,0,174
1649764559.217792,1,300,110,72.12,22.63,0,174
1649764559.242789,1,300,115,72.20,126.10,1,179
1649764559.267787,1,300,114,72.15,23.17,0,179
1649764559.292784,1,300,113,72.28,23.00,0,179
1649764559.317781,1,300,114,72.16,23.09,0,179
1649764559.342779,1,300,113,72.27,23.17,0,179
1649764559.367776,1,300,113,72.13,22.88,0,179
1649764559.392773,1,300,114,72.26,106.33,1,166
1649764559.417770,1,300,111,72.12,23.19,0,166
1649764559.442768,1,300,115,72.22,23.11,0,166
1649764559.467765,1,300,113,72.06,23.02,0,166
1649764559.492762,1,300,112,72.17,23.46,0,166
1649764559.517760,1,300,107,71.83,29.45,0,166
1649764559.542757,1,300,108,71.62,190.39,1,239
1649764559.567755,1,300,109,71.31,29.13,0,239
1649764559.592752,1,294,107,71.51,29.30,0,239
1649764559.617749,1,283,101,71.80,28.44,0,239
1649764559.642746,1,281,99,72.58,27.38,0,239
1649764559.667743,1,273,100,73.29,27.94,0,239
1649764559.692741,1,273,98,74.33,172.83,1,280
1649764559.717738,1,270,108,75.07,29.13,0,280
1649764559.742736,1,267,119,76.04,26.88,0,280
1649764559.767733,1,261,120,76.66,27.28,0,280
1649764559.792730,1,300,126,77.56,28.78,0,280
1649764559.817728,1,300,135,78.24,30.60,0,280
1649764559.842725,1,300,135,79.32,158.58,1,301
1649764559.867722,1,274,137,80.16,29.54,0,301
1649764559.892720,1,300,140,81.41,29.46,0,301
1649764559.917717,1,300,142,82.39,29.29,0,301
1649764559.942714,1,300,150,78.43,30.43,0,301
1649764559.967711,1,300,141,79.21,30.10,0,301
1649764559.992709,1,300,142,80.30,160.25,1,328
1649764560.017706,1,300,134,75.88,32.04,0,328
1649764560.042703,1,300,132,76.54,29.24,0,328
1649764560.067701,1,300,134,76.72,31.02,0,328
1649764560.092692,1,300,146,77.12,29.40,0,328
1649764560.117690,1,283,144,76.81,29.73,0,328
1649764560.142687,1,290,149,76.62,131.22,1,363
1649764560.167684,1,267,152,75.92,30.31,0,363
1649764560.192682,1,256,145,75.54,27.88,0,363
1649764560.217679,1,267,155,74.58,27.93,0,363
1649764560.242676,1,259,158,73.93,27.35,0,363
1649764560.267673,1,259,158,72.95,27.87,0,363
1649764560.292670,1,253,158,72.40,154.06,1,402
1649764560.317668,1,245,161,71.55,27.92,0,402
1649764560.342665,1,238,162,71.02,27.36,0,402
1649764560.367662,1,235,162,70.15,26.83,0,402
1649764560.392660,1,226,172,69.62,26.70,0,402
1649764560.417657,1,230,178,68.89,25.99,0,402
1649764560.442654,1,229,182,68.52,144.23,1,435
1649764560.467652,1,300,199,67.88,31.30,0,435
1649764560.492649,1,281,202,67.54,29.49,0,435
1649764560.517646,1,273,202,66.95,29.33,0,435
1649764560.542644,1,290,205,66.75,29.31,0,435
1649764560.567641,1,276,206,66.32,29.72,0,435
1649764560.592638,1,270,214,66.37,124.43,1,481
1649764560.617635,1,284,222,66.25,30.86,0,481
1649764560.642632,1,285,234,66.68,30.57,0,481
1649764560.667630,1,275,236,66.84,29.82,0,481
1649764560.692627,1,276,238,67.44,29.61,0,481
1649764560.717624,1,300,231,67.92,29.96,0,481
1649764560.742622,1,286,229,68.81,98.85,1,514
1649764560.767619,1,295,224,69.47,29.57,0,514
1649764560.792616,1,300,225,70.48,29.96,0,514
1649764560.817614,1,300,217,71.15,29.69,0,514
1649764560.842611,1,300,212,72.27,29.35,0,514
1649764560.867608,1,300,206,73.14,28.84,0,514
1649764560.892605,1,300,193,74.38,75.25,1,563
1649764560.917603,1,300,194,71.12,29.32,0,563
1649764560.942600,1,300,191,72.25,29.61,0,563
1649764560.967597,1,300,182,73.11,29.48,0,563
1649764560.992594,1,300,173,74.32,28.66,0,563
1649764561.017592,1,299,180,70.66,28.19,0,563
1649764561.042589,1,299,186,71.80,66.06,1,610
1649764561.067586,1,300,186,72.50,29.04,0,610
1649764561.092584,1,300,180,73.65,28.51,0,610
1649764561.117581,1,300,183,74.21,28.65,0,610
1649764561.142578,1,300,183,75.10,29.10,0,610
1649764561.167575,1,300,176,75.45,28.60,0,610
1649764561.192573,1,300,173,76.23,71.66,1,650
1649764561.217570,1,300,162,72.54,28.48,0,650
1649764561.242567,1,300,158,73.20,28.20,0,650
1649764561.267565,1,297,150,73.46,27.09,0,650
1649764561.292562,1,300,142,74.11,26.52,0,650
1649764561.317559,1,300,137,74.25,26.60,0,650
1649764561.342556,1,300,139,74.75,89.21,1,699
1649764561.367554,1,300,133,74.77,26.64,0,699
1649764561.392551,1,300,134,75.15,26.70,0,699
1649764561.417548,1,300,129,75.03,27.52,0,699
1649764561.442545,1,300,126,75.32,26.12,0,699
1649764561.467543,1,300,129,75.13,26.31,0,699
1649764561.492540,1,295,126,75.37,90.94,1,734
1649764561.517538,1,300,123,75.18,25.77,0,734
1649764561.542535,1,300,108,75.36,26.11,0,734
1649764561.567532,1,300,103,75.07,24.98,0,734
1649764561.592529,1,295,101,75.15,24.68,0,734
1649764561.617527,1,291,101,74.80,24.27,0,734
1649764561.642524,1,300,103,74.86,77.23,1,755
1649764561.667521,1,300,94,74.53,25.14,0,755
1649764561.692518,1,300,94,74.67,25.12,0,755
1649764561.717516,1,300,102,74.37,25.08,0,755
1649764561.742513,1,300,99,74.56,25.84,0,755
1649764561.767510,1,300,108,74.35,25.65,0,755
1649764561.792508,1,300,111,74.48,96.33,1,784
1649764561.817505,1,300,107,74.07,26.12,0,784
1649764561.842502,1,300,108,74.04,25.58,0,784
1649764561.867499,1,300,103,73.58,25.58,0,784
1649764561.892497,1,300,93,73.64,24.96,0,784
1649764561.917494,1,300,97,73.30,26.36,0,784
1649764561.942491,1,300,105,73.42,66.71,1,810
1649764561.967489,1,300,116,73.18,27.12,0,810
1649764561.992486,1,300,123,73.43,26.96,0,810
1649764562.017483,1,300,124,73.25,26.34,0,810
1649764562.042480,1,300,118,73.49,26.35,0,810
1649764562.067478,1,291,116,73.27,25.30,0,810
1649764562.092475,1,290,118,73.48,94.72,1,847
1649764562.117472,1,300,121,73.21,26.88,0,847
1649764562.142469,1,300,124,73.33,26.88,0,847
1649764562.167467,1,300,119,73.03,26.72,0,847
1649764562.192464,1,300,119,73.16,27.45,0,847
1649764562.217461,1,299,115,72.91,25.55,0,847
1649764562.242459,1,300,118,73.14,106.96,1,885
1649764562.267456,1,300,119,72.93,27.16,0,885
1649764562.292453,1,300,122,73.10,26.15,0,885
1649764562.317451,1,300,128,72.79,26.64,0,885
1649764562.342448,1,300,126,72.89,26.59,0,885
1649764562.367445,1,300,122,72.53,26.14,0,885
1649764562.392442,1,300,121,72.60,103.66,1,925
1649764562.417439,1,300,119,72.25,27.11,0,925
1649764562.442437,1,300,127,72.35,26.73,0,925
1649764562.467434,1,300,128,72.01,26.82,0,925
1649764562.492431,1,295,123,72.02,25.89,0,925
1649764562.517429,1,300,131,71.57,26.68,0,925
1649764562.542426,1,300,137,71.59,114.01,1,958
1649764562.567423,1,284,130,71.21,26.89,0,958
1649764562.592421,1,300,143,71.26,26.84,0,958
1649764562.617418,1,300,144,70.81,27.72,0,958
1649764562.642415,1,300,153,70.73,28.29,0,958
1649764562.667413,1,300,153,70.13,28.15,0,958
1649764562.692410,1,300,152,69.94,108.33,1,990
1649764562.717407,1,300,154,69.37,28.91,0,990
1649764562.742404,1,300,155,69.18,29.09,0,990
1649764562.767401,1,291,154,68.62,27.55,0,990
1649764562.792399,1,300,152,68.46,28.28,0,990
1649764562.817396,1,300,163,67.92,28.58,0,990
1649764562.842393,1,300,152,67.84,119.06,1,1010
1649764562.867391,1,300,150,67.38,28.42,0,1010
1649764562.892388,1,300,155,67.40,28.11,0,1010
1649764562.917385,1,288,151,67.03,27.30,0,1010
1649764562.942383,1,274,154,67.09,26.15,0,1010
1649764562.967380,1,269,150,66.76,25.51,0,1010
1649764562.992377,1,264,151,66.84,121.45,1,1031
1649764563.017375,1,263,151,66.51,26.55,0,1031
1649764563.042372,1,262,154,66.64,25.24,0,1031
1649764563.067369,1,265,154,66.34,27.35,0,1031
1649764563.092366,1,300,179,66.44,28.04,0,1031
1649764563.117363,1,300,172,66.05,28.66,0,1031
1649764563.142361,1,300,174,66.07,144.43,1,1046
1649764563.167358,1,300,176,65.68,29.52,0,1046
1649764563.192355,1,300,169,65.74,28.93,0,1046
1649764563.217352,1,300,164,65.32,28.38,0,1046
1649764563.242350,1,292,166,65.33,27.92,0,1046
1649764563.267347,1,280,160,64.91,27.82,0,1046
1649764563.292345,1,300,172,64.88,101.31,1,1083
1649764563.317342,1,300,170,64.49,29.93,0,1083
1649764563.342339,1,300,177,64.64,28.99,0,1083
1649764563.367337,1,300,174,64.38,29.81,0,1083
1649764563.392334,1,300,178,64.52,28.45,0,1083
1649764563.417331,1,300,172,64.16,29.17,0,1083
1649764563.442328,1,300,176,64.21,155.46,1,1101
1649764563.467325,1,296,178,63.69,28.70,0,1101
1649764563.492322,1,300,175,63.59,28.79,0,1101
1649764563.517320,1,290,163,63.08,27.22,0,1101
1649764563.542317,1,300,168,63.10,27.39,0,1101
1649764563.567315,1,300,162,62.66,28.04,0,1101
1649764563.592312,1,300,164,62.67,141.24,1,1125
1649764563.617309,1,300,173,62.05,28.96,0,1125
1649764563.642307,1,300,170,61.82,28.53,0,1125
1649764563.667304,1,300,173,61.08,29.34,0,1125
1649764563.692301,1,300,170,60.85,28.36,0,1125
1649764563.717298,1,300,181,60.22,29.11,0,1125
1649764563.742296,1,300,181,60.18,145.93,1,1157
1649764563.767293,1,281,182,59.73,29.28,0,1157
1649764563.792290,1,274,175,59.78,28.04,0,1157
1649764563.817287,1,275,182,59.43,28.03,0,1157
1649764563.842285,1,272,177,59.53,27.58,0,1157
1649764563.867282,1,300,200,59.18,29.36,0,1157
1649764563.892279,1,300,196,59.33,153.04,1,1194
1649764563.917277,1,300,206,59.02,30.61,0,1194
1649764563.942274,1,300,203,59.18,29.11,0,1194
1649764563.967271,1,300,205,58.91,29.74,0,1194
1649764563.992268,1,300,200,59.04,29.86,0,1194
1649764564.017266,1,300,197,58.76,28.44,0,1194
1649764564.042263,1,300,199,58.89,121.19,1,1197
1649764564.067260,1,300,202,58.55,31.00,0,1197
1649764564.092257,1,300,198,58.64,29.26,0,1197
1649764564.117255,1,300,198,58.24,29.41,0,1197
1649764564.142252,1,300,190,58.28,28.82,0,1197
1649764564.167249,1,300,202,57.86,30.09,0,1197
1649764564.192247,1,296,207,58.00,124.42,1,1183
1649764564.217244,1,300,211,57.70,29.91,0,1183
1649764564.242241,1,300,211,57.91,30.12,0,1183
1649764564.267239,1,300,213,57.65,29.57,0,1183
1649764564.292236,1,300,205,57.91,29.78,0,1183
1649764564.317233,1,300,214,57.70,30.14,0,1183
1649764564.342230,1,300,205,58.02,168.29,1,1142
1649764564.367228,1,300,211,57.84,30.25,0,1142
1649764564.392225,1,300,206,58.21,29.58,0,1142
1649764564.417222,1,300,214,57.97,29.55,0,1142
1649764564.442219,1,300,209,58.25,29.15,0,1142
1649764564.467217,1,300,220,57.99,29.13,0,1142
1649764564.492214,1,300,216,58.23,176.22,1,1138
1649764564.517211,1,300,232,57.92,32.12,0,1138
1649764564.542209,1,300,225,58.21,31.71,0,1138
1649764564.567206,1,300,227,57.96,30.84,0,1138
1649764564.592203,1,300,227,66.12,30.78,0,1138
1649764564.617200,1,300,236,65.76,30.86,0,1138
1649764564.642198,1,300,222,66.05,181.14,1,1124
1649764564.667195,1,300,231,65.67,31.86,0,1124
1649764564.692192,1,300,221,65.97,30.54,0,1124
1649764564.717190,1,300,230,65.63,30.15,0,1124
1649764564.742187,1,300,222,66.00,30.73,0,1124
1649764564.767184,1,300,235,65.71,31.02,0,1124
1649764564.792181,1,300,223,66.13,116.55,1,1059
1649764564.817179,1,298,225,65.89,31.43,0,1059
1649764564.842176,1,300,214,66.33,30.43,0,1059
1649764564.867173,1,300,222,66.08,30.63,0,1059
1649764564.892170,1,292,212,66.52,30.64,0,1059
1649764564.917168,1,284,212,66.23,30.11,0,1059
1649764564.942165,1,288,203,66.60,183.35,1,1008
1649764564.967162,1,279,199,66.23,29.78,0,1008
1649764564.992160,1,258,183,66.56,28.84,0,1008
1649764565.017157,1,258,178,66.17,27.46,0,1008
1649764565.042155,1,247,161,66.51,26.73,0,1008
1649764565.067152,1,246,162,66.04,25.96,0,1008
1649764565.092149,1,242,143,66.28,188.68,1,977
1649764565.117146,1,232,142,65.69,26.76,0,977
1649764565.142143,1,227,122,65.84,24.69,0,977
1649764565.167141,1,222,129,65.11,24.81,0,977
1649764565.192138,1,244,133,65.12,25.28,0,977
1649764565.217135,1,235,129,64.23,25.55,0,977
1649764565.242132,1,300,145,64.14,148.45,1,980
1649764565.267130,1,300,147,63.15,29.51,0,980
1649764565.292127,1,300,152,63.06,29.41,0,980
1649764565.317124,1,272,151,62.19,28.75,0,980
1649764565.342122,1,256,147,62.18,27.62,0,980
1649764565.367119,1,254,152,61.38,26.41,0,980
1649764565.392116,1,250,153,61.42,154.51,1,989
1649764565.417114,1,248,151,60.65,27.57,0,989
1649764565.442111,1,248,159,60.63,26.35,0,989
1649764565.467108,1,251,155,59.75,27.27,0,989
1649764565.492105,1,259,158,67.71,27.51,0,989
1649764565.517103,1,256,161,66.69,27.29,0,989
1649764565.542100,1,300,178,66.63,132.65,1,978
1649764565.567097,1,286,184,65.73,30.46,0,978
1649764565.592094,1,300,175,65.73,29.92,0,978
1649764565.617092,1,300,181,64.89,30.64,0,978
1649764565.642089,1,300,176,65.01,30.54,0,978
1649764565.667086,1,283,170,64.32,29.39,0,978
1649764565.692084,1,269,167,64.48,133.88,1,999
1649764565.717081,1,271,166,63.95,29.52,0,999
1649764565.742078,1,280,159,64.14,28.66,0,999
1649764565.767076,1,278,157,63.68,29.36,0,999
1649764565.792073,1,268,151,63.87,27.63,0,999
1649764565.817070,1,264,139,63.49,27.00,0,999
1649764565.842067,1,257,131,63.80,86.68,1,998
1649764565.867064,1,300,144,63.65,29.07,0,998
1649764565.892062,1,277,132,64.04,29.13,0,998
1649764565.917059,1,284,133,64.07,29.08,0,998
1649764565.942056,1,277,121,64.41,27.97,0,998
1649764565.967054,1,261,106,64.45,27.49,0,998
1649764565.992051,1,270,102,64.93,127.03,1,1001
1649764566.017048,1,300,103,65.23,28.79,0,1001
1649764566.042046,1,300,90,65.68,27.94,0,1001
1649764566.067043,1,300,93,65.91,28.88,0,1001
1649764566.092043,1,300,93,66.12,27.69,0,1001
1649764566.117040,1,300,91,66.31,29.80,0,1001
1649764566.142037,1,300,92,66.48,122.09,1,1006
1649764566.167035,1,300,89,66.71,28.64,0,1006
1649764566.192032,1,300,92,66.95,28.35,0,1006
1649764566.217029,1,300,93,67.25,27.67,0,1006
1649764566.242027,1,300,95,67.61,29.13,0,1006
1649764566.267024,1,300,91,68.06,28.32,0,1006
1649764566.292021,1,300,91,68.54,124.12,1,1042
1649764566.317018,1,300,93,69.09,28.74,0,1042
1649764566.342016,1,300,96,69.60,23.45,0,1042
1649764566.367013,1,300,96,70.25,27.51,0,1042
1649764566.392010,1,300,96,70.77,27.88,0,1042
1649764566.417008,1,300,98,71.29,23.02,0,1042
1649764566.442005,1,300,96,71.67,160.93,1,1006
1649764566.467002,1,300,90,72.16,22.71,0,1006
1649764566.491999,1,300,96,72.48,22.63,0,1006
1649764566.516997,1,300,100,72.79,28.07,0,1006
1649764566.541994,1,300,94,72.89,23.11,0,1006
1649764566.566991,1,300,95,73.06,28.40,0,1006
1649764566.591989,1,300,95,73.08,145.46,1,981
1649764566.616986,1,300,100,73.18,23.24,0,981
1649764566.641983,1,300,97,73.10,23.24,0,981
1649764566.666980,1,300,95,73.20,23.26,0,981
1649764566.691978,1,300,96,73.11,29.88,0,981
1649764566.716975,1,300,94,73.28,27.44,0,981
1649764566.741972,1,300,95,73.29,114.52,1,946
1649764566.766970,1,300,95,73.53,29.01,0,946
1649764566.791967,1,300,96,73.60,28.00,0,946
1649764566.816964,1,300,95,73.84,27.65,0,946
1649764566.841961,1,300,92,73.90,27.50,0,946
1649764566.866959,1,300,94,74.17,22.83,0,946
1649764566.891956,1,300,95,74.23,122.08,1,914
1649764566.916953,1,300,94,74.46,27.91,0,914
1649764566.941951,1,300,92,74.42,22.40,0,914
1649764566.966948,1,300,92,74.55,22.59,0,914
1649764566.991945,1,300,90,74.44,22.30,0,914
1649764567.016943,1,300,92,74.47,22.39,0,914
1649764567.041940,1,300,93,74.30,124.92,1,887
1649764567.066937,1,300,97,74.34,28.08,0,887
1649764567.091934,1,300,94,74.17,29.12,0,887
1649764567.116932,1,300,99,74.20,28.08,0,887
1649764567.141929,1,300,99,74.08,23.23,0,887
1649764567.166926,1,300,101,74.27,22.97,0,887
1649764567.191923,1,300,99,74.25,119.90,1,872
1649764567.216921,1,300,100,74.50,23.12,0,872
1649764567.241918,1,300,100,74.64,23.01,0,872
1649764567.266915,1,300,100,75.04,22.87,0,872
1649764567.291913,1,300,97,75.27,28.17,0,872
1649764567.316910,1,300,98,75.77,22.78,0,872
1649764567.341907,1,300,102,72.01,133.45,1,834
1649764567.366904,1,300,100,72.56,28.04,0,834
1649764567.391902,1,300,102,72.76,27.41,0,834
1649764567.416899,1,300,101,73.12,22.86,0,834
1649764567.441896,1,300,100,73.13,27.25,0,834
1649764567.466894,1,300,99,73.31,22.41,0,834
1649764567.491891,1,300,101,73.17,118.50,1,806
1649764567.516888,1,300,100,73.27,27.06,0,806
1649764567.541885,1,300,99,73.09,22.61,0,806
1649764567.566883,1,300,100,73.16,27.69,0,806
1649764567.591880,1,300,100,72.94,26.79,0,806
1649764567.616877,1,300,100,72.90,22.61,0,806
1649764567.641874,1,300,100,72.61,121.86,1,783
1649764567.666872,1,300,101,72.61,27.82,0,783
1649764567.691869,1,300,98,72.42,22.25,0,783
1649764567.716866,1,300,98,72.52,22.38,0,783
1649764567.741864,1,300,96,72.34,22.10,0,783
1649764567.766861,1,300,96,72.46,22.15,0,783
1649764567.791858,1,300,98,72.31,103.51,1,748
1649764567.816856,1,300,95,72.46,22.57,0,748
1649764567.841853,1,300,99,72.31,21.97,0,748
1649764567.866850,1,300,99,72.42,22.20,0,748
1649764567.891847,1,300,96,72.21,22.11,0,748
1649764567.916845,1,300,95,72.29,22.32,0,748
1649764567.941842,1,300,98,72.15,97.39,1,711
1649764567.966839,1,300,98,72.23,22.66,0,711
1649764567.991836,1,300,98,71.98,22.53,0,711
1649764568.016834,1,300,97,72.01,27.88,0,711
1649764568.041831,1,300,96,71.78,27.20,0,711
1649764568.066828,1,300,96,71.90,27.83,0,711
1649764568.091826,1,300,99,71.76,109.22,1,667
1649764568.116823,1,300,100,71.95,28.05,0,667
1649764568.141820,1,300,95,71.84,22.24,0,667
1649764568.166817,1,300,97,72.06,27.42,0,667
1649764568.191815,1,300,98,71.99,28.10,0,667
1649764568.216812,1,300,93,72.20,27.23,0,667
1649764568.241809,1,300,92,72.11,193.50,1,643
1649764568.266807,1,300,93,72.30,22.93,0,643
1649764568.291804,1,300,93,72.18,22.33,0,643
1649764568.316801,1,300,92,72.33,22.04,0,643
1649764568.341798,1,300,95,72.16,21.86,0,643
1649764568.366796,1,300,91,72.31,21.27,0,643
1649764568.391793,1,300,92,72.16,110.44,1,628
1649764568.416790,1,300,90,72.31,21.84,0,628
1649764568.441787,1,300,93,72.13,22.21,0,628
1649764568.466785,1,300,94,72.24,21.79,0,628
1649764568.491782,1,300,93,72.02,21.94,0,628
1649764568.516779,1,300,93,72.15,22.06,0,628
1649764568.541777,1,300,89,71.92,143.36,1,612
1649764568.566774,1,300,93,72.08,21.88,0,612
1649764568.591771,1,300,93,71.94,21.58,0,612
1649764568.616769,1,300,92,72.15,21.62,0,612
1649764568.641766,1,300,95,71.99,22.06,0,612
1649764568.666763,1,300,92,72.21,21.84,0,612
1649764568.691760,1,300,95,72.06,195.18,1,582
1649764568.716758,1,300,92,72.24,21.98,0,582
1649764568.741755,1,300,93,72.03,21.96,0,582
1649764568.766752,1,300,90,72.20,21.45,0,582
1649764568.791749,1,300,94,72.01,22.30,0,582
1649764568.816747,1,300,92,72.13,22.36,0,582
1649764568.841744,1,300,90,71.94,223.13,1,562
1649764568.866741,1,300,91,72.08,22.08,0,562
1649764568.891739,1,300,93,71.87,22.10,0,562
1649764568.916736,1,300,91,72.03,22.03,0,562
1649764568.941733,1,300,93,71.85,22.03,0,562
1649764568.966731,1,300,94,72.01,21.61,0,562
1649764568.991728,1,300,94,71.76,210.65,1,545
1649764569.016725,1,300,95,71.77,28.69,0,545
1649764569.041722,1,300,96,71.42,27.73,0,545
1649764569.066720,1,300,96,71.41,27.04,0,545
1649764569.091717,1,300,92,71.08,27.76,0,545
1649764569.116714,1,300,97,71.15,27.27,0,545
1649764569.141712,1,300,97,70.94,139.20,1,512
1649764569.166709,1,300,96,71.14,27.28,0,512
1649764569.191706,1,300,94,71.00,22.25,0,512
1649764569.216703,1,300,96,71.22,22.15,0,512
1649764569.241701,1,300,94,71.07,21.93,0,512
1649764569.266698,1,300,94,71.26,22.21,0,512
1649764569.291695,1,300,95,71.14,187.08,1,500
1649764569.316693,1,300,96,71.35,22.47,0,500
1649764569.341690,1,300,94,71.21,22.16,0,500
1649764569.366687,1,300,99,71.45,22.00,0,500
1649764569.391684,1,300,95,71.32,21.97,0,500
1649764569.416682,1,300,94,71.52,21.96,0,500
1649764569.441679,1,300,91,71.35,163.94,1,435
1649764569.466676,1,300,92,71.59,22.68,0,435
1649764569.491673,1,300,94,71.40,22.16,0,435
1649764569.516671,1,300,95,71.60,22.36,0,435
1649764569.541668,1,300,92,71.36,21.83,0,435
1649764569.566665,1,300,96,71.56,21.85,0,435
1649764569.591663,1,300,95,71.38,130.26,1,412
1649764569.616660,1,300,93,71.54,21.76,0,412
1649764569.641657,1,300,95,71.36,21.69,0,412
1649764569.666654,1,300,93,71.56,21.88,0,412
1649764569.691652,1,300,92,71.37,21.69,0,412
1649764569.716649,1,300,92,71.58,21.36,0,412
1649764569.741646,1,300,94,71.37,121.87,1,372
1649764569.766644,1,300,92,71.56,22.07,0,372
1649764569.791641,1,300,94,71.36,22.15,0,372
1649764569.816638,1,300,94,71.53,21.53,0,372
1649764569.841635,1,300,94,71.36,21.76,0,372
1649764569.866633,1,300,94,71.57,21.98,0,372
1649764569.891630,1,300,95,71.36,154.12,1,336
1649764569.916627,1,300,92,71.56,21.64,0,336
1649764569.941625,1,300,94,71.37,21.52,0,336
1649764569.966622,1,300,94,71.58,21.45,0,336
1649764569.991619,1,300,94,71.39,21.37,0,336
1649764570.016616,1,300,92,71.58,21.58,0,336
1649764570.041614,1,300,95,71.41,119.87,1,325
1649764570.066611,1,300,94,71.60,21.92,0,325
1649764570.091614,1,300,94,71.41,21.70,0,325
1649764570.116611,1,300,96,71.60,21.66,0,325
1649764570.141609,1,300,95,71.39,21.43,0,325
1649764570.166606,1,300,97,71.60,21.74,0,325
1649764570.191603,1,300,93,71.41,97.10,1,278
1649764570.216601,1,300,92,71.59,21.60,0,278
1649764570.241598,1,300,93,71.37,21.91,0,278
1649764570.266595,1,300,93,71.58,21.38,0,278
1649764570.291592,1,300,91,71.38,21.81,0,278
1649764570.316590,1,300,93,71.59,21.77,0,278
1649764570.341587,1,300,96,71.37,67.60,1,218
1649764570.366585,1,300,91,71.58,21.81,0,218
1649764570.391582,1,300,93,71.36,21.68,0,218
1649764570.416579,1,300,95,71.54,21.62,0,218
1649764570.441576,1,300,94,71.32,21.83,0,218
1649764570.466573,1,300,92,71.53,21.69,0,218
1649764570.491571,1,300,94,71.35,66.39,1,267
1649764570.516568,1,300,93,71.55,22.00,0,267
1649764570.541566,1,300,93,71.32,21.76,0,267
1649764570.566563,1,300,92,71.55,21.45,0,267
1649764570.591560,1,300,93,71.34,21.62,0,267
1649764570.616558,1,300,94,71.54,21.27,0,267
1649764570.641555,1,300,93,71.33,76.06,1,291
1649764570.666552,1,300,94,71.53,21.70,0,291
1649764570.691550,1,300,94,71.33,21.54,0,291
1649764570.716547,1,300,93,71.54,21.68,0,291
1649764570.741544,1,300,93,71.35,21.85,0,291
1649764570.766541,1,300,93,71.58,21.89,0,291
1649764570.791539,1,300,95,71.36,103.33,1,299
1649764570.816536,1,300,94,71.57,22.02,0,299
1649764570.841533,1,300,92,71.36,21.66,0,299
1649764570.866531,1,300,93,71.57,21.55,0,299
1649764570.891528,1,300,92,71.36,21.48,0,299
1649764570.916525,1,300,91,71.58,21.41,0,299
1649764570.941523,1,300,91,71.36,60.53,1,297
1649764570.966520,1,300,92,71.60,21.85,0,297
1649764570.991517,1,300,93,71.37,21.66,0,297
1649764571.016515,1,300,92,71.58,21.72,0,297
1649764571.041512,1,300,92,71.37,21.99,0,297
1649764571.066509,1,300,91,71.60,21.86,0,297
1649764571.091506,1,300,92,71.38,87.58,1,296
1649764571.116504,1,300,91,71.61,21.79,0,296
1649764571.141501,1,300,92,71.39,21.46,0,296
1649764571.166499,1,300,90,71.61,21.70,0,296
1649764571.191496,1,300,91,71.37,21.74,0,296
1649764571.216493,1,300,93,71.62,21.40,0,296
1649764571.241490,1,300,91,71.39,91.86,1,300
1649764571.266488,1,300,94,71.62,21.97,0,300
1649764571.291485,1,300,93,71.39,21.60,0,300
1649764571.316483,1,300,92,71.61,21.73,0,300
1649764571.341480,1,300,94,71.39,21.80,0,300
1649764571.366477,1,300,92,71.62,21.47,0,300
1649764571.391474,1,300,92,71.39,67.91,1,290
1649764571.416471,1,300,94,71.60,22.20,0,290
1649764571.441469,1,300,92,71.36,21.95,0,290
1649764571.466466,1,300,92,71.59,22.01,0,290
1649764571.491464,1,300,92,71.35,21.68,0,290
1649764571.516461,1,300,93,71.57,21.55,0,290
1649764571.541458,1,300,93,71.36,68.74,1,293
1649764571.566456,1,300,93,71.58,21.74,0,293
1649764571.591453,1,300,93,71.36,21.57,0,293
1649764571.616450,1,300,93,71.55,21.54,0,293
1649764571.641447,1,300,93,71.34,21.53,0,293
1649764571.666445,1,300,94,71.58,21.64,0,293
1649764571.691442,1,300,92,71.34,116.97,1,291
1649764571.716439,1,300,94,71.56,21.70,0,291
1649764571.741437,1,300,92,71.36,21.49,0,291
1649764571.766434,1,300,96,71.57,21.65,0,291
1649764571.791431,1,300,94,71.35,21.36,0,291
1649764571.816429,1,300,93,71.58,21.63,0,291
1649764571.841426,1,300,94,71.35,73.13,1,288
1649764571.866423,1,300,96,71.57,22.06,0,288
1649764571.891421,1,300,95,71.33,21.87,0,288
1649764571.916418,1,300,95,71.56,21.62,0,288
1649764571.941415,1,300,93,71.36,21.62,0,288
1649764571.966413,1,300,94,71.59,21.69,0,288
1649764571.991410,1,300,95,71.35,88.55,1,286
1649764572.016407,1,300,94,71.57,21.78,0,286
1649764572.041405,1,300,93,71.35,21.52,0,286
1649764572.066402,1,300,95,71.57,21.75,0,286
1649764572.091399,1,300,94,71.36,21.83,0,286
1649764572.116396,1,300,93,71.59,21.31,0,286
1649764572.141394,1,300,95,71.36,78.32,1,290
1649764572.166391,1,300,95,71.58,21.87,0,290
1649764572.191388,1,300,92,71.35,21.60,0,290
1649764572.216386,1,300,92,71.60,21.75,0,290
1649764572.241383,1,300,93,71.36,21.76,0,290
1649764572.266380,1,300,92,71.60,21.67,0,290
1649764572.291378,1,300,93,71.35,100.68,1,289
1649764572.316375,1,300,93,71.58,21.83,0,289
1649764572.341372,1,300,92,71.33,21.53,0,289
1649764572.366369,1,300,92,71.58,21.66,0,289
1649764572.391367,1,300,92,71.32,21.86,0,289
1649764572.416364,1,300,95,71.54,21.75,0,289
1649764572.441362,1,300,93,71.31,83.84,1,286
1649764572.466359,1,300,94,71.54,22.04,0,286
1649764572.491356,1,300,93,71.30,21.74,0,286
1649764572.516354,1,300,95,71.53,21.78,0,286
1649764572.541351,1,300,92,71.31,21.62,0,286
1649764572.566348,1,300,93,71.56,21.54,0,286
1649764572.591345,1,300,95,71.30,112.92,1,285
1649764572.616343,1,300,91,71.55,21.87,0,285
1649764572.641340,1,300,92,71.33,21.65,0,285
1649764572.666337,1,300,95,71.55,21.79,0,285
1649764572.691335,1,300,94,71.33,21.65,0,285
1649764572.716332,1,300,93,71.56,21.59,0,285
1649764572.741329,1,300,91,71.33,165.41,1,287
1649764572.766326,1,300,93,71.57,21.94,0,287
1649764572.791324,1,300,91,71.33,21.61,0,287
1649764572.816321,1,300,93,71.57,21.53,0,287
1649764572.841319,1,300,91,71.34,21.61,0,287
1649764572.866316,1,300,91,71.58,21.70,0,287
1649764572.891313,1,300,93,71.41,129.71,1,285
1649764572.916311,1,300,92,71.60,22.14,0,285
1649764572.941308,1,300,91,71.38,21.60,0,285
1649764572.966305,1,300,92,71.63,21.55,0,285
1649764572.991302,1,300,92,71.39,21.41,0,285
1649764573.016300,1,300,94,71.61,21.55,0,285
1649764573.041297,1,300,93,71.38,108.24,1,283
1649764573.066294,1,300,92,71.62,21.71,0,283
1649764573.091292,1,300,93,71.38,21.66,0,283
1649764573.116289,1,300,92,71.63,21.47,0,283
1649764573.141286,1,300,92,71.36,21.61,0,283
1649764573.166284,1,300,92,71.62,21.49,0,283
1649764573.191281,1,300,94,71.36,118.91,1,281
1649764573.216278,1,300,90,71.59,21.69,0,281
1649764573.241276,1,300,90,71.38,21.36,0,281
1649764573.266273,1,300,93,71.61,21.77,0,281
1649764573.291270,1,300,91,71.37,22.28,0,281
1649764573.316267,1,300,92,71.63,21.95,0,281
1649764573.341265,1,300,93,71.39,159.12,1,286
1649764573.366262,1,300,95,71.63,22.14,0,286
1649764573.391259,1,300,93,71.40,21.70,0,286
1649764573.416257,1,300,93,71.62,21.86,0,286
1649764573.441254,1,300,94,71.40,21.62,0,286
1649764573.466251,1,300,96,71.63,21.84,0,286
1649764573.491249,1,300,93,71.39,236.12,1,287
1649764573.516246,1,300,92,71.64,21.96,0,287
1649764573.541243,1,300,92,71.40,21.58,0,287
1649764573.566241,1,300,92,71.62,21.97,0,287
1649764573.591238,1,300,91,71.40,21.65,0,287
1649764573.616235,1,300,92,71.63,21.50,0,287
1649764573.641233,1,300,91,71.42,146.28,1,278
1649764573.666230,1,300,92,71.64,22.47,0,278
1649764573.691227,1,300,92,71.43,21.84,0,278
1649764573.716224,1,300,92,71.65,21.87,0,278
1649764573.741222,1,300,93,71.42,21.87,0,278
1649764573.766219,1,300,91,71.66,21.56,0,278
1649764573.791217,1,300,91,71.42,114.65,1,279
1649764573.816214,1,300,91,71.66,22.09,0,279
1649764573.841211,1,300,92,71.43,21.81,0,279
1649764573.866209,1,300,91,71.67,21.48,0,279
1649764573.891206,1,300,91,71.44,21.40,0,279
1649764573.916203,1,300,91,71.66,21.74,0,279
1649764573.941200,1,300,92,71.44,145.26,1,279
1649764573.966198,1,300,92,71.66,22.41,0,279
1649764573.991195,1,300,91,71.43,21.73,0,279
1649764574.016192,1,300,91,71.68,21.66,0,279
1649764574.041190,1,300,92,71.42,21.75,0,279
1649764574.066187,1,300,91,71.67,21.43,0,279
1649764574.091184,1,300,88,71.42,118.35,1,277
1649764574.116182,1,300,90,71.67,22.09,0,277
1649764574.141179,1,300,91,71.44,21.69,0,277
1649764574.166176,1,300,89,71.67,21.40,0,277
1649764574.191173,1,300,92,71.42,21.64,0,277
1649764574.216171,1,300,91,71.66,21.69,0,277
1649764574.241168,1,300,88,71.43,209.33,1,278
1649764574.266165,1,300,92,71.68,22.22,0,278
1649764574.291163,1,300,89,71.44,21.88,0,278
1649764574.316160,1,300,88,71.66,21.41,0,278
1649764574.341157,1,300,90,71.45,21.69,0,278
1649764574.366155,1,300,89,71.67,21.46,0,278
1649764574.391152,1,300,91,71.44,162.90,1,237
1649764574.416149,1,300,91,71.66,21.66,0,237
1649764574.441147,1,300,90,71.42,21.59,0,237
1649764574.466144,1,300,92,71.66,21.64,0,237
1649764574.491141,1,300,90,71.43,21.50,0,237
1649764574.516139,1,300,92,71.67,21.84,0,237
1649764574.541136,1,300,90,71.43,91.21,1,193
1649764574.566133,1,300,92,71.68,21.63,0,193
1649764574.591131,1,300,92,71.47,21.47,0,193
1649764574.616128,1,300,92,71.70,21.69,0,193
1649764574.641125,1,300,94,71.47,21.69,0,193
1649764574.666122,1,300,91,71.73,21.85,0,193
1649764574.691120,1,300,92,71.51,85.11,1,215
1649764574.716117,1,300,91,71.76,21.86,0,215
1649764574.741114,1,300,90,71.55,21.64,0,215
1649764574.766112,1,300,90,71.81,21.58,0,215
1649764574.791109,1,300,92,71.60,21.68,0,215
1649764574.816106,1,300,93,71.84,21.54,0,215
1649764574.841104,1,300,89,71.60,73.47,1,222
1649764574.866101,1,300,91,71.85,22.01,0,222
1649764574.891098,1,300,92,71.64,22.08,0,222
1649764574.916095,1,300,90,71.87,21.72,0,222
1649764574.941093,1,300,90,71.65,21.80,0,222
1649764574.966090,1,300,92,71.89,21.70,0,222
1649764574.991088,1,300,91,71.68,70.10,1,209
1649764575.016085,1,300,92,71.91,21.72,0,209
1649764575.041082,1,300,91,71.68,21.63,0,209
1649764575.066079,1,300,94,71.90,21.76,0,209
1649764575.091077,1,300,91,71.67,21.47,0,209
1649764575.116074,1,300,93,71.92,21.51,0,209
1649764575.141071,1,300,91,71.68,60.04,1,203
1649764575.166069,1,300,92,71.92,21.83,0,203
1649764575.191066,1,300,92,71.70,21.75,0,203
1649764575.216063,1,300,89,71.91,21.60,0,203
1649764575.241060,1,300,93,71.68,22.08,0,203
1649764575.266058,1,300,92,71.91,21.75,0,203
1649764575.291055,1,300,90,71.71,78.38,1,205
1649764575.316053,1,300,91,71.92,21.62,0,205
1649764575.341050,1,300,93,71.69,21.51,0,205
1649764575.366047,1,300,92,71.92,21.45,0,205
1649764575.391045,1,300,92,71.68,21.55,0,205
1649764575.416042,1,300,90,71.90,21.54,0,205
1649764575.441039,1,300,92,71.67,73.23,1,208
1649764575.466037,1,300,91,71.90,21.82,0,208
1649764575.491034,1,300,90,71.67,21.53,0,208
1649764575.516031,1,300,91,71.90,21.62,0,208
1649764575.541028,1,300,93,71.67,21.61,0,208
1649764575.566026,1,300,89,71.90,21.45,0,208
1649764575.591023,1,300,90,71.68,72.15,1,180
1649764575.616020,1,300,92,71.90,22.10,0,180
1649764575.641018,1,300,92,71.64,21.83,0,180
1649764575.666015,1,300,88,71.89,21.75,0,180
1649764575.691012,1,300,91,71.67,21.76,0,180
1649764575.716010,1,300,91,71.88,21.65,0,180
1649764575.741007,1,300,91,71.66,63.41,1,175
1649764575.766004,1,300,91,71.88,21.99,0,175
1649764575.791002,1,300,91,71.65,21.51,0,175
1649764575.815999,1,300,90,71.88,21.49,0,175
1649764575.840996,1,300,91,71.65,21.53,0,175
1649764575.865993,1,300,92,71.86,21.88,0,175
1649764575.890991,1,300,89,71.66,87.36,1,228
1649764575.915988,1,300,92,71.89,21.49,0,228
1649764575.940985,1,300,93,71.64,21.53,0,228
1649764575.965983,1,300,92,71.86,21.62,0,228
1649764575.990980,1,300,91,71.66,21.73,0,228
1649764576.015977,1,300,95,71.87,22.09,0,228
1649764576.040975,1,300,90,71.65,79.10,1,208
1649764576.065972,1,300,93,71.88,21.71,0,208
1649764576.090969,1,300,92,71.66,21.51,0,208
1649764576.115967,1,300,91,71.88,21.54,0,208
1649764576.140964,1,300,91,71.66,21.49,0,208
1649764576.165961,1,300,92,71.87,21.45,0,208
1649764576.190958,1,300,92,71.67,78.08,1,185
1649764576.215956,1,300,92,71.88,21.93,0,185
1649764576.240953,1,300,91,71.66,21.69,0,185
1649764576.265951,1,300,92,71.88,21.94,0,185
1649764576.290948,1,300,90,71.67,21.68,0,185
1649764576.315945,1,300,92,71.88,21.62,0,185
1649764576.340943,1,300,90,71.66,68.47,1,166
1649764576.365940,1,300,93,71.90,22.20,0,166
1649764576.390937,1,300,92,71.67,21.88,0,166
1649764576.415935,1,300,92,71.89,21.76,0,166
1649764576.440932,1,300,89,71.68,21.41,0,166
1649764576.465929,1,300,91,71.93,21.53,0,166
1649764576.490926,1,300,90,71.69,71.27,1,158
1649764576.515924,1,300,90,71.94,21.47,0,158
1649764576.540921,1,300,90,71.69,21.85,0,158
1649764576.565918,1,300,90,71.91,22.04,0,158
1649764576.590916,1,300,89,71.71,21.96,0,158
1649764576.615913,1,300,92,71.87,22.03,0,158
1649764576.640910,1,300,90,71.66,86.73,1,246
1649764576.665907,1,300,91,71.92,21.82,0,246
1649764576.690905,1,300,90,71.65,21.70,0,246
1649764576.715902,1,300,94,71.90,21.90,0,246
1649764576.740899,1,300,93,71.70,22.31,0,246
1649764576.765897,1,300,92,71.92,22.37,0,246
1649764576.790894,1,300,94,71.76,92.68,1,244
1649764576.815892,1,300,90,72.05,22.47,0,244
1649764576.840889,1,300,86,71.89,22.33,0,244
1649764576.865886,1,300,91,72.13,22.92,0,244
1649764576.890883,1,300,89,71.88,27.76,0,244
1649764576.915881,1,300,90,71.97,28.06,0,244
1649764576.940878,1,300,89,71.58,121.16,1,269
1649764576.965875,1,300,92,71.70,27.99,0,269
1649764576.990873,1,300,98,71.33,29.07,0,269
1649764577.015870,1,300,98,71.40,27.77,0,269
1649764577.040867,1,300,105,70.98,28.20,0,269
1649764577.065865,1,300,104,70.98,28.11,0,269
1649764577.090859,1,300,108,70.47,116.18,1,299
1649764577.115856,1,300,107,70.22,28.72,0,299
1649764577.140853,1,300,105,69.36,26.84,0,299
1649764577.165851,1,285,107,68.92,29.09,0,299
1649764577.190848,1,271,99,67.67,25.96,0,299
1649764577.215845,1,278,99,66.83,26.34,0,299
1649764577.240843,1,268,102,65.46,131.86,1,323
1649764577.265840,1,259,94,64.84,26.45,0,323
1649764577.290837,1,269,97,63.52,25.70,0,323
1649764577.315835,1,250,93,62.81,25.60,0,323
1649764577.340832,1,266,92,61.73,24.44,0,323
1649764577.365829,1,294,103,61.62,26.68,0,323
1649764577.390826,1,282,108,60.67,117.46,1,355
1649764577.415824,1,282,111,60.62,27.29,0,355
1649764577.440821,1,275,115,59.89,27.31,0,355
1649764577.465819,1,265,117,59.94,27.18,0,355
1649764577.490816,1,244,113,59.09,25.78,0,355
1649764577.515813,1,238,101,67.34,24.26,0,355
1649764577.540811,1,233,103,66.44,135.65,1,392
1649764577.565808,1,227,105,66.98,24.52,0,392
1649764577.590805,1,226,105,66.39,25.06,0,392
1649764577.615802,1,220,102,67.41,24.43,0,392
1649764577.640800,1,223,115,66.73,24.10,0,392
1649764577.665797,1,222,111,67.76,24.72,0,392
1649764577.690794,1,221,119,66.86,136.09,1,428
1649764577.715792,1,218,116,67.84,24.69,0,428
1649764577.740789,1,208,110,66.76,24.15,0,428
1649764577.765786,1,212,109,67.77,23.22,0,428
1649764577.790784,1,211,111,66.63,23.40,0,428
1649764577.815781,1,216,112,67.76,23.24,0,428
1649764577.840778,1,220,116,66.53,99.40,1,451
1649764577.865776,1,221,113,67.65,23.82,0,451
1649764577.890773,1,222,111,66.29,23.54,0,451
1649764577.915770,1,246,118,67.44,26.40,0,451
1649764577.940768,1,239,120,65.96,24.34,0,451
1649764577.965765,1,247,124,67.12,25.16,0,451
1649764577.990762,1,243,126,65.55,97.21,1,488
1649764578.015759,1,256,127,66.69,25.66,0,488
1649764578.040757,1,252,122,64.96,25.93,0,488
1649764578.065754,1,260,117,66.17,25.19,0,488
1649764578.090751,1,258,119,64.32,25.26,0,488
1649764578.115749,1,270,130,65.50,26.40,0,488
1649764578.140746,1,266,133,63.49,94.86,1,521
1649764578.165743,1,278,129,64.77,27.93,0,521
1649764578.190741,1,272,131,62.77,27.13,0,521
1649764578.215738,1,289,129,64.28,28.89,0,521
1649764578.240735,1,265,123,62.26,27.39,0,521
1649764578.265733,1,257,112,63.89,27.07,0,521
1649764578.290730,1,249,122,61.76,102.72,1,550
1649764578.315727,1,244,107,63.53,25.48,0,550
1649764578.340724,1,236,111,61.24,25.95,0,550
1649764578.365722,1,222,104,63.15,25.59,0,550
1649764578.390719,1,221,114,60.73,24.07,0,550
1649764578.415716,1,221,104,62.67,24.70,0,550
1649764578.440714,1,234,110,59.90,108.20,1,568
1649764578.465711,1,232,96,61.75,25.53,0,568
1649764578.490709,1,231,102,58.89,25.33,0,568
1649764578.515706,1,275,97,60.92,28.47,0,568
1649764578.540703,1,224,96,57.88,26.66,0,568
1649764578.565700,1,227,73,67.64,24.22,0,568
1649764578.590698,1,227,78,64.24,68.65,1,578
1649764578.615695,1,300,87,66.38,29.20,0,578
1649764578.640692,1,263,77,62.79,28.54,0,578
1649764578.665690,1,271,67,64.94,27.77,0,578
1649764578.690687,1,265,78,61.11,27.82,0,578
1649764578.715684,1,300,72,63.34,29.99,0,578
1649764578.740681,1,298,87,59.20,82.27,1,627
1649764578.765679,1,300,91,69.32,31.50,0,627
1649764578.790676,1,300,97,65.31,30.44,0,627
1649764578.815674,1,285,95,67.95,31.19,0,627
1649764578.840671,1,300,90,63.96,31.67,0,627
1649764578.865668,1,300,96,66.81,31.68,0,627
1649764578.890666,1,300,95,62.84,89.51,1,682
1649764578.915663,1,300,94,65.90,31.31,0,682
1649764578.940660,1,300,86,61.79,30.62,0,682
1649764578.965657,1,300,84,64.86,30.64,0,682
1649764578.990655,1,300,81,60.69,30.51,0,682
1649764579.015652,1,300,78,71.76,30.26,0,682
1649764579.040649,1,300,73,67.62,86.88,1,751
1649764579.065647,1,300,79,70.24,30.31,0,751
1649764579.090644,1,300,72,66.20,29.55,0,751
1649764579.115641,1,300,80,69.29,30.48,0,751
1649764579.140638,1,300,68,65.28,29.60,0,751
1649764579.165636,1,300,84,68.41,29.00,0,751
1649764579.190633,1,300,72,64.43,89.19,1,800
1649764579.215631,1,300,73,67.83,28.74,0,800
1649764579.240628,1,300,65,63.68,29.12,0,800
1649764579.265625,1,300,80,67.12,29.21,0,800
1649764579.290622,1,300,59,63.20,29.73,0,800
1649764579.315620,1,300,86,67.02,30.17,0,800
1649764579.340617,1,300,65,63.03,86.47,1,832
1649764579.365615,1,300,69,66.75,31.65,0,832
1649764579.390612,1,300,55,62.75,30.63,0,832
1649764579.415609,1,300,78,73.33,31.43,0,832
1649764579.440606,1,300,63,69.82,29.68,0,832
1649764579.465604,1,300,88,72.49,30.39,0,832
1649764579.490601,1,300,71,68.80,87.59,1,860
1649764579.515598,1,300,102,71.49,32.29,0,860
1649764579.540596,1,300,83,67.51,30.45,0,860
1649764579.565593,1,300,117,69.79,31.63,0,860
1649764579.590590,1,300,96,65.52,31.63,0,860
1649764579.615587,1,300,116,67.67,34.47,0,860
1649764579.640585,1,300,91,63.33,92.83,1,877
1649764579.665582,1,300,100,65.55,33.42,0,877
1649764579.690579,1,300,106,61.17,30.82,0,877
1649764579.715577,1,300,112,63.81,32.58,0,877
1649764579.740574,1,300,119,59.42,31.33,0,877
1649764579.765572,1,300,115,67.93,31.79,0,877
1649764579.790569,1,300,120,65.15,81.72,1,937
1649764579.815566,1,300,112,68.02,31.02,0,937
1649764579.840564,1,300,110,64.98,29.73,0,937
1649764579.865561,1,300,115,67.69,31.33,0,937
1649764579.890558,1,300,112,64.79,28.58,0,937
1649764579.915555,1,300,109,68.57,29.47,0,937
1649764579.940553,1,300,103,65.63,115.89,1,983
1649764579.965550,1,300,89,68.85,30.41,0,983
1649764579.990547,1,300,83,65.62,30.65,0,983
1649764580.015545,1,300,76,68.92,30.66,0,983
1649764580.040542,1,300,70,65.34,30.50,0,983
1649764580.065539,1,300,71,68.48,30.35,0,983
1649764580.090536,1,300,58,64.92,83.36,1,1015
1649764580.115534,1,300,59,68.61,33.74,0,1015
1649764580.140531,1,300,42,64.93,31.47,0,1015
1649764580.165529,1,300,41,68.26,32.33,0,1015
1649764580.190526,1,300,44,64.47,30.89,0,1015
1649764580.215523,1,300,42,67.89,32.46,0,1015
1649764580.240520,1,300,51,63.83,82.69,1,1046
1649764580.265518,1,300,78,67.54,33.85,0,1046
1649764580.290515,1,300,78,64.39,36.96,0,1046
1649764580.315512,1,300,73,68.77,34.93,0,1046
1649764580.340510,1,298,56,65.21,35.85,0,1046
1649764580.365507,1,300,47,69.26,35.76,0,1046
1649764580.390504,1,259,23,65.78,98.94,1,1056
1649764580.415502,1,299,42,70.22,34.06,0,1056
1649764580.440499,1,239,31,66.29,31.76,0,1056
1649764580.465496,1,225,31,69.89,27.01,0,1056
1649764580.490494,1,230,34,65.64,25.62,0,1056
1649764580.515491,1,300,36,69.11,29.99,0,1056
1649764580.540488,1,300,44,64.84,99.75,1,1100
1649764580.565485,1,300,45,68.17,37.70,0,1100
1649764580.590483,1,300,41,64.23,38.26,0,1100
1649764580.615480,1,300,44,67.92,37.85,0,1100
1649764580.640477,1,300,47,64.33,36.44,0,1100
1649764580.665475,1,300,49,68.11,32.81,0,1100
1649764580.690472,1,300,48,64.79,100.06,1,1118
1649764580.715469,1,300,52,69.23,32.48,0,1118
1649764580.740467,1,273,51,65.65,32.32,0,1118
1649764580.765464,1,280,48,69.72,30.27,0,1118
1649764580.790462,1,300,52,66.14,33.41,0,1118
1649764580.815459,1,300,51,70.90,33.01,0,1118
1649764580.840456,1,300,60,67.24,110.29,1,1164
1649764580.865453,1,300,66,71.74,31.58,0,1164
1649764580.890451,1,248,72,67.75,28.63,0,1164
1649764580.915448,1,300,82,72.30,29.11,0,1164
1649764580.940445,1,300,96,68.06,32.02,0,1164
1649764580.965443,1,236,100,72.45,29.23,0,1164
1649764580.990440,1,300,121,68.66,103.26,1,1229
1649764581.015437,1,227,121,73.85,29.04,0,1229
1649764581.040434,1,209,119,69.79,23.91,0,1229
1649764581.065432,1,221,128,74.61,23.58,0,1229
1649764581.090425,1,189,126,70.79,22.79,0,1229
1649764581.115422,1,244,138,76.54,24.53,0,1229
1649764581.140420,1,208,136,72.18,103.16,1,1244
1649764581.165417,1,300,156,77.20,28.48,0,1244
1649764581.190415,1,300,167,72.93,30.43,0,1244
1649764581.215412,1,300,184,78.84,31.22,0,1244
1649764581.240409,1,300,169,69.59,31.23,0,1244
1649764581.265406,1,300,200,76.47,31.70,0,1244
1649764581.290404,1,300,187,70.47,74.40,1,1285
1649764581.315401,1,300,216,78.13,33.01,0,1285
1649764581.340398,1,300,207,71.42,32.55,0,1285
1649764581.365396,1,300,197,78.06,30.71,0,1285
1649764581.390393,1,300,194,71.65,30.77,0,1285
1649764581.415390,1,240,176,79.27,28.03,0,1285
1649764581.440387,1,228,169,72.43,108.31,1,1284
1649764581.465385,1,244,178,79.25,25.75,0,1284
1649764581.490382,1,236,177,72.80,25.36,0,1284
1649764581.515379,1,286,200,80.71,28.39,0,1284
1649764581.540377,1,236,177,73.80,27.47,0,1284
1649764581.565374,1,228,170,80.84,24.68,0,1284
1649764581.590371,1,300,214,74.36,90.67,1,1284
1649764581.615368,1,300,220,82.47,33.22,0,1284
1649764581.640366,1,300,193,70.72,31.73,0,1284
1649764581.665363,1,300,216,79.13,31.71,0,1284
1649764581.690361,1,300,207,70.93,32.74,0,1284
1649764581.715358,1,255,200,80.41,30.37,0,1284
1649764581.740355,1,275,206,71.60,117.29,1,1309
1649764581.765352,1,300,226,80.03,31.20,0,1309
1649764581.790349,1,256,198,71.58,29.86,0,1309
1649764581.815347,1,240,193,81.16,27.93,0,1309
1649764581.840344,1,300,203,72.05,29.53,0,1309
1649764581.865342,1,300,224,80.54,32.48,0,1309
1649764581.890339,1,300,219,71.82,80.28,1,1324
1649764581.915336,1,283,211,81.47,30.92,0,1324
1649764581.940334,1,290,205,71.80,30.26,0,1324
1649764581.965331,1,289,204,80.10,29.49,0,1324
1649764581.990328,1,300,193,70.79,30.61,0,1324
1649764582.015326,1,300,197,80.22,32.05,0,1324
1649764582.040323,1,300,197,70.25,111.63,1,1320
1649764582.065320,1,227,164,78.47,28.61,0,1320
1649764582.090317,1,260,168,68.62,26.26,0,1320
1649764582.115315,1,300,168,77.70,30.55,0,1320
1649764582.140312,1,230,158,67.43,27.76,0,1320
1649764582.165309,1,298,160,75.81,28.17,0,1320
1649764582.190307,1,242,151,66.25,78.61,1,1311
1649764582.215304,1,199,133,75.95,24.70,0,1311
1649764582.240301,1,188,129,65.93,22.23,0,1311
1649764582.265298,1,211,124,74.71,22.85,0,1311
1649764582.290296,1,299,132,65.30,27.73,0,1311
1649764582.315293,1,300,139,75.54,32.85,0,1311
1649764582.340290,1,300,136,65.52,83.69,1,1296
1649764582.365288,1,212,129,74.90,28.43,0,1296
1649764582.390285,1,300,129,65.39,29.57,0,1296
1649764582.415282,1,300,137,76.28,33.34,0,1296
1649764582.440279,1,300,128,61.76,32.94,0,1296
1649764582.465277,1,300,125,72.73,33.14,0,1296
1649764582.490274,1,300,132,62.04,115.99,1,1307
1649764582.515271,1,190,117,74.65,28.90,0,1307
1649764582.540269,1,158,115,63.23,108.64,1,1284
1649764582.565266,1,300,140,74.72,27.72,0,1284
1649764582.590263,1,300,141,63.86,33.37,0,1284
1649764582.615261,1,198,141,77.16,28.49,0,1284
1649764582.640258,1,168,132,61.18,23.29,0,1284
1649764582.665255,1,168,136,74.17,20.52,0,1284
1649764582.690253,1,170,135,62.39,72.76,1,1309
1649764582.715250,1,183,147,77.06,22.85,0,1309
1649764582.740247,1,176,136,60.27,22.31,0,1309
1649764582.765244,1,195,146,74.08,22.46,0,1309
1649764582.790242,1,176,139,57.16,22.55,0,1309
1649764582.815239,1,178,134,72.70,20.90,0,1309
1649764582.840236,1,169,128,55.28,113.69,1,1304
1649764582.865234,1,244,163,69.20,26.02,0,1304
1649764582.890231,1,269,177,55.69,29.70,0,1304
1649764582.915228,1,300,185,70.62,31.66,0,1304
1649764582.940226,1,300,183,56.58,33.05,0,1304
1649764582.965223,1,216,156,78.11,28.47,0,1304
1649764582.990220,1,276,181,61.54,101.30,1,1339
1649764583.015217,1,300,196,75.52,32.88,0,1339
1649764583.040215,1,300,197,62.11,33.55,0,1339
1649764583.065212,1,300,210,74.56,33.67,0,1339
1649764583.090209,1,300,213,62.12,35.20,0,1339
1649764583.115207,1,300,215,75.14,34.46,0,1339
1649764583.140204,1,300,230,62.48,128.95,1,1395
1649764583.165201,1,300,222,74.22,35.65,0,1395
1649764583.190198,1,300,234,62.39,34.97,0,1395
1649764583.215196,1,300,232,74.61,36.25,0,1395
1649764583.240193,1,300,226,62.76,34.67,0,1395
1649764583.265190,1,300,233,74.16,34.31,0,1395
1649764583.290188,1,300,227,63.01,154.30,1,1453
1649764583.315185,1,300,235,74.90,35.79,0,1453
1649764583.340182,1,300,217,63.59,35.26,0,1453
1649764583.365180,1,300,235,74.94,34.23,0,1453
1649764583.390177,1,300,219,64.05,34.68,0,1453
1649764583.415174,1,300,226,75.82,35.28,0,1453
1649764583.440171,1,300,228,64.64,131.09,1,1508
1649764583.465169,1,203,186,76.20,30.85,0,1508
1649764583.490166,1,234,193,65.30,28.49,0,1508
1649764583.515163,1,251,201,77.55,30.92,0,1508
1649764583.540161,1,208,172,66.36,27.85,0,1508
1649764583.565158,1,157,144,78.71,84.50,1,1515
1649764583.590155,1,212,171,67.33,25.46,0,1515
1649764583.615153,1,238,180,80.24,26.99,0,1515
1649764583.640150,1,220,173,68.27,26.78,0,1515
1649764583.665147,1,247,170,81.05,27.78,0,1515
1649764583.690145,1,203,166,69.15,27.95,0,1515
1649764583.715142,1,223,166,82.44,138.55,1,1560
1649764583.740139,1,202,151,66.31,26.77,0,1560
1649764583.765136,1,206,153,79.81,25.95,0,1560
1649764583.790134,1,243,171,67.15,28.02,0,1560
1649764583.815131,1,300,181,80.84,32.96,0,1560
1649764583.840128,1,289,172,67.76,34.74,0,1560
1649764583.865126,1,271,170,81.25,113.65,1,1589
1649764583.890123,1,192,146,68.29,29.46,0,1589
1649764583.915120,1,163,124,81.77,23.07,0,1589
1649764583.940118,1,180,135,68.53,23.16,0,1589
1649764583.965115,1,210,145,81.95,25.05,0,1589
1649764583.990112,1,229,159,68.98,27.03,0,1589
1649764584.015109,1,200,140,82.55,106.37,1,1570
1649764584.040107,1,134,118,66.09,23.27,0,1570
1649764584.065104,1,128,105,80.18,19.75,0,1570
1649764584.090101,1,123,107,67.14,18.71,0,1570
1649764584.115099,1,126,104,81.52,18.68,0,1570
1649764584.140096,1,132,111,68.12,19.31,0,1570
1649764584.165093,1,144,112,82.86,83.80,1,1546
1649764584.190090,1,145,113,69.35,21.15,0,1546
1649764584.215088,1,120,101,84.30,20.71,0,1546
1649764584.240085,1,133,118,66.67,21.66,0,1546
1649764584.265082,1,117,98,90.50,20.08,0,1546
1649764584.290080,1,176,135,70.32,22.58,0,1546
1649764584.315077,1,141,113,85.55,116.91,1,1559
1649764584.340074,1,158,131,66.49,23.34,0,1559
1649764584.365072,1,118,95,90.37,20.66,0,1559
1649764584.390069,1,135,110,69.13,19.67,0,1559
1649764584.415066,1,158,122,84.55,21.05,0,1559
1649764584.440063,1,142,122,65.14,23.19,0,1559
1649764584.465061,1,175,126,89.30,142.71,1,1602
1649764584.490058,1,150,128,67.44,23.66,0,1602
1649764584.515055,1,153,125,83.32,21.56,0,1602
1649764584.540053,1,141,123,64.07,22.95,0,1602
1649764584.565050,1,249,122,89.11,24.71,0,1602
1649764584.590047,1,140,122,66.99,25.26,0,1602
1649764584.615045,1,300,146,83.67,140.34,1,1645
1649764584.640042,1,140,121,64.15,127.23,1,1629
1649764584.665039,1,199,111,89.53,23.40,0,1629
1649764584.690037,1,127,104,67.14,21.29,0,1629
1649764584.715034,1,232,126,83.39,23.65,0,1629
1649764584.740031,1,232,139,64.27,27.95,0,1629
1649764584.765028,1,116,93,90.64,24.03,0,1629
1649764584.790026,1,138,106,68.71,103.44,1,1684
1649764584.815023,1,195,118,92.89,24.98,0,1684
1649764584.840020,1,242,142,70.96,28.20,0,1684
1649764584.865018,1,123,110,95.09,25.58,0,1684
1649764584.890015,1,125,104,73.92,20.65,0,1684
1649764584.915012,1,111,95,97.08,19.69,0,1684
1649764584.940009,1,127,101,77.10,85.20,1,1699
1649764584.965007,1,131,94,99.97,21.25,0,1699
1649764584.990004,1,148,119,80.84,22.22,0,1699
1649764585.015001,1,127,108,95.31,21.16,0,1699
1649764585.039999,1,159,123,79.16,23.30,0,1699
1649764585.064996,1,73,40,101.02,107.52,1,1653
1649764585.089993,1,73,58,84.06,14.98,0,1653
1649764585.114990,1,198,102,98.39,20.35,0,1653
1649764585.139988,1,229,111,82.75,27.97,0,1653
1649764585.164985,1,190,112,97.69,28.29,0,1653
1649764585.189982,1,120,88,82.11,22.65,0,1653
1649764585.214980,1,117,52,104.99,116.68,1,1633
1649764585.239977,1,125,72,87.34,20.17,0,1633
1649764585.264974,1,158,91,102.94,21.47,0,1633
1649764585.289972,1,141,94,85.58,23.17,0,1633
1649764585.314969,1,190,108,101.69,22.97,0,1633
1649764585.339966,1,152,95,84.28,22.70,0,1633
1649764585.364964,1,118,70,109.69,75.64,1,1659
1649764585.389961,1,131,79,89.27,20.33,0,1659
1649764585.414958,1,220,101,105.69,25.50,0,1659
1649764585.439955,1,143,91,84.23,23.58,0,1659
1649764585.464953,1,240,130,92.82,25.95,0,1659
1649764585.489950,1,147,109,72.10,24.81,0,1659
1649764585.514947,1,138,99,84.73,89.78,1,1646
1649764585.539945,1,151,107,67.10,20.90,0,1646
1649764585.564942,1,136,97,78.89,20.05,0,1646
1649764585.589939,1,135,108,65.45,20.42,0,1646
1649764585.614937,1,144,102,76.91,20.58,0,1646
1649764585.639934,1,130,99,63.88,19.00,0,1646
1649764585.664931,1,142,101,75.23,91.97,1,1670
1649764585.689929,1,134,102,61.58,20.46,0,1670
1649764585.714926,1,149,93,72.01,19.65,0,1670
1649764585.739923,1,148,94,58.62,20.44,0,1670
1649764585.764920,1,138,86,78.80,20.82,0,1670
1649764585.789918,1,120,71,63.08,18.54,0,1670
1649764585.814915,1,121,78,82.74,92.78,1,1656
1649764585.839912,1,135,77,66.14,18.77,0,1656
1649764585.864910,1,108,63,77.86,18.88,0,1656
1649764585.889907,1,118,57,61.41,18.12,0,1656
1649764585.914904,1,108,57,71.48,18.15,0,1656
1649764585.939901,1,92,57,55.97,17.06,0,1656
1649764585.964899,1,88,43,64.97,88.90,1,1642
1649764585.989896,1,91,46,50.39,17.34,0,1642
1649764586.014893,1,67,23,66.86,13.59,0,1642
1649764586.039891,1,114,42,52.46,18.04,0,1642
1649764586.064888,1,300,69,59.94,25.04,0,1642
1649764586.089885,1,106,50,47.42,29.37,0,1642
1649764586.114882,1,193,70,63.60,91.30,1,1644
1649764586.139880,1,158,67,52.59,23.59,0,1644
1649764586.164877,1,155,62,66.93,19.83,0,1644
1649764586.189874,1,178,69,57.86,21.13,0,1644
1649764586.214872,1,147,68,64.86,20.58,0,1644
1649764586.239869,1,157,74,57.08,20.23,0,1644
1649764586.264866,1,168,71,63.95,90.24,1,1643
1649764586.289864,1,159,74,56.78,22.02,0,1643
1649764586.314861,1,213,85,69.80,22.70,0,1643
1649764586.339858,1,182,77,63.95,23.04,0,1643
1649764586.364856,1,204,87,69.35,22.80,0,1643
1649764586.389853,1,184,82,63.76,22.57,0,1643
1649764586.414850,1,175,82,68.97,92.71,1,1654
1649764586.439847,1,164,80,63.51,20.68,0,1654
1649764586.464845,1,164,83,68.37,20.79,0,1654
1649764586.489842,1,171,80,62.98,20.05,0,1654
1649764586.514839,1,165,83,67.77,21.24,0,1654
1649764586.539837,1,161,82,62.96,20.77,0,1654
1649764586.564834,1,162,78,67.95,91.82,1,1637
1649764586.589831,1,154,77,63.42,19.46,0,1637
1649764586.614829,1,149,77,68.31,19.99,0,1637
1649764586.639826,1,143,78,64.07,18.55,0,1637
1649764586.664823,1,149,81,69.02,19.40,0,1637
1649764586.689821,1,219,107,64.83,22.96,0,1637
1649764586.714818,1,300,118,69.46,101.53,1,1640
1649764586.739815,1,300,125,65.42,30.91,0,1640
1649764586.764812,1,300,131,69.82,30.17,0,1640
1649764586.789810,1,300,131,65.82,29.94,0,1640
1649764586.814807,1,300,132,69.92,30.23,0,1640
1649764586.839804,1,300,146,66.15,30.61,0,1640
1649764586.864802,1,300,136,70.23,103.39,1,1667
1649764586.889799,1,300,138,66.72,31.00,0,1667
1649764586.914796,1,300,142,70.59,30.77,0,1667
1649764586.939793,1,300,145,67.21,30.28,0,1667
1649764586.964791,1,300,145,70.70,30.99,0,1667
1649764586.989788,1,300,146,67.34,30.25,0,1667
1649764587.014785,1,272,144,70.60,101.74,1,1666
1649764587.039783,1,252,137,67.32,26.95,0,1666
1649764587.064780,1,261,145,69.90,26.84,0,1666
1649764587.089777,1,248,148,66.11,25.89,0,1666
1649764587.114774,1,300,163,68.14,28.74,0,1666
1649764587.139772,1,252,156,64.76,29.40,0,1666
1649764587.164769,1,239,149,67.21,95.88,1,1607
1649764587.189766,1,231,143,64.86,25.66,0,1607
1649764587.214764,1,229,136,67.73,24.88,0,1607
1649764587.239761,1,300,149,65.87,28.33,0,1607
1649764587.264758,1,300,141,68.55,30.34,0,1607
1649764587.289756,1,269,137,66.81,27.90,0,1607
1649764587.314753,1,300,145,69.20,96.71,1,1509
1649764587.339750,1,300,139,67.45,29.51,0,1509
1649764587.364748,1,279,126,69.51,27.33,0,1509
1649764587.389745,1,277,120,67.92,26.16,0,1509
1649764587.414742,1,300,139,70.07,28.68,0,1509
1649764587.439739,1,293,123,68.82,28.28,0,1509
1649764587.464737,1,282,118,70.91,94.14,1,1444
1649764587.489734,1,272,106,69.63,27.12,0,1444
1649764587.514731,1,274,113,71.50,27.46,0,1444
1649764587.539729,1,262,110,70.15,27.18,0,1444
1649764587.564726,1,259,108,71.80,26.03,0,1444
1649764587.589723,1,252,108,70.49,25.27,0,1444
1649764587.614721,1,248,106,72.23,91.57,1,1388
1649764587.639718,1,246,104,71.03,24.56,0,1388
1649764587.664715,1,238,109,72.23,24.89,0,1388
1649764587.689712,1,237,113,70.46,23.96,0,1388
1649764587.714710,1,229,118,71.50,24.80,0,1388
1649764587.739707,1,224,117,70.10,23.95,0,1388
1649764587.764704,1,221,118,71.58,89.10,1,1372
1649764587.789702,1,217,115,70.62,23.99,0,1372
1649764587.814699,1,231,124,72.35,24.29,0,1372
1649764587.839696,1,300,134,71.44,27.39,0,1372
1649764587.864693,1,289,137,73.03,30.03,0,1372
1649764587.889691,1,279,141,72.03,28.83,0,1372
1649764587.914688,1,271,141,73.82,93.72,1,1346
1649764587.939685,1,279,150,73.00,28.42,0,1346
1649764587.964683,1,282,152,74.87,28.60,0,1346
1649764587.989680,1,300,149,74.08,28.54,0,1346
1649764588.014677,1,300,154,76.05,29.86,0,1346
1649764588.039675,1,300,146,75.08,29.64,0,1346
1649764588.064672,1,300,144,76.79,94.99,1,1293
1649764588.089669,1,296,155,71.98,30.94,0,1293
1649764588.114666,1,300,149,73.93,29.47,0,1293
1649764588.139664,1,300,158,72.55,29.92,0,1293
1649764588.164661,1,291,151,74.18,29.32,0,1293
1649764588.189658,1,273,143,72.27,28.27,0,1293
1649764588.214656,1,266,139,73.08,98.02,1,1284
1649764588.239653,1,260,130,70.79,27.74,0,1284
1649764588.264651,1,270,137,71.88,27.94,0,1284
1649764588.289648,1,242,125,70.94,26.49,0,1284
1649764588.314645,1,234,124,73.54,25.54,0,1284
1649764588.339642,1,240,126,73.48,25.74,0,1284
1649764588.364640,1,232,110,75.96,92.30,1,1257
1649764588.389637,1,227,112,75.52,25.26,0,1257
1649764588.414634,1,235,101,77.75,25.14,0,1257
1649764588.439631,1,232,108,77.13,24.72,0,1257
1649764588.464629,1,240,107,79.00,24.98,0,1257
1649764588.489626,1,300,118,78.16,28.72,0,1257
1649764588.514623,1,300,118,79.90,98.89,1,1249
1649764588.539621,1,300,118,78.98,29.31,0,1249
1649764588.564618,1,300,114,80.62,28.75,0,1249
1649764588.589615,1,300,115,79.66,29.28,0,1249
1649764588.614613,1,300,111,81.36,28.65,0,1249
1649764588.639610,1,300,108,80.40,27.64,0,1249
1649764588.664607,1,300,117,82.00,97.38,1,1214
1649764588.689604,1,300,121,80.93,29.47,0,1214
1649764588.714602,1,275,117,82.51,28.10,0,1214
1649764588.739599,1,256,116,81.09,27.09,0,1214
1649764588.764596,1,225,105,82.01,25.58,0,1214
1649764588.789594,1,300,119,80.04,28.85,0,1214
1649764588.814591,1,278,135,81.13,113.25,1,1138
1649764588.839588,1,289,136,79.47,30.19,0,1138
1649764588.864585,1,300,132,80.90,30.93,0,1138
1649764588.889583,1,300,130,79.39,31.20,0,1138
1649764588.914580,1,300,140,81.21,32.11,0,1138
1649764588.939578,1,300,141,79.88,31.20,0,1138
1649764588.964575,1,300,144,81.98,100.66,1,1133
1649764588.989572,1,300,145,80.68,31.47,0,1133
1649764589.014570,1,300,142,82.98,31.95,0,1133
1649764589.039567,1,300,136,77.92,30.59,0,1133
1649764589.064564,1,300,139,80.30,29.84,0,1133
1649764589.089561,1,300,136,78.73,29.62,0,1133
1649764589.114558,1,300,147,81.51,111.22,1,1114
1649764589.139556,1,300,137,76.33,31.31,0,1114
1649764589.164553,1,300,140,79.13,29.07,0,1114
1649764589.189551,1,300,142,77.32,29.42,0,1114
1649764589.214548,1,300,139,80.06,29.92,0,1114
1649764589.239545,1,300,137,78.02,29.23,0,1114
1649764589.264543,1,300,140,80.47,111.17,1,1138
1649764589.289540,1,300,136,78.59,30.20,0,1138
1649764589.314537,1,300,136,81.42,28.57,0,1138
1649764589.339534,1,300,131,80.00,29.83,0,1138
1649764589.364532,1,300,136,83.02,29.44,0,1138
1649764589.389529,1,300,129,81.82,28.73,0,1138
1649764589.414526,1,300,131,84.90,81.87,1,1147
1649764589.439524,1,300,126,83.69,29.21,0,1147
1649764589.464521,1,300,122,86.63,28.29,0,1147
1649764589.489518,1,300,118,85.45,28.50,0,1147
1649764589.514515,1,300,117,88.42,27.68,0,1147
1649764589.539513,1,300,114,87.27,27.56,0,1147
1649764589.564510,1,300,121,90.08,131.52,1,1123
1649764589.589507,1,300,120,88.88,29.11,0,1123
1649764589.614504,1,300,119,91.54,29.24,0,1123
1649764589.639502,1,300,119,90.00,28.98,0,1123
1649764589.664499,1,300,119,92.27,29.19,0,1123
1649764589.689497,1,300,117,90.11,29.63,0,1123
1649764589.714494,1,300,123,91.80,116.00,1,1092
1649764589.739491,1,300,133,88.69,30.44,0,1092
1649764589.764488,1,300,130,89.63,30.97,0,1092
1649764589.789485,1,300,122,85.95,29.00,0,1092
1649764589.814483,1,300,126,86.70,29.45,0,1092
1649764589.839480,1,300,123,82.58,28.78,0,1092
1649764589.864478,1,300,124,83.16,103.00,1,1087
1649764589.889475,1,300,119,79.02,30.85,0,1087
1649764589.914472,1,300,118,80.14,32.24,0,1087
1649764589.939470,1,300,115,76.23,30.80,0,1087
1649764589.964467,1,300,116,77.81,31.33,0,1087
1649764589.989464,1,300,122,73.97,32.03,0,1087
1649764590.014462,1,300,122,76.11,144.66,1,1093
1649764590.039459,1,300,117,72.27,30.17,0,1093
1649764590.064456,1,300,124,74.56,31.49,0,1093
1649764590.089453,1,300,120,70.65,29.93,0,1093
1649764590.114451,1,300,119,73.27,32.27,0,1093
1649764590.139448,1,300,122,69.29,29.22,0,1093
1649764590.164445,1,300,130,72.08,102.38,1,1113
1649764590.189443,1,300,129,68.20,29.52,0,1113
1649764590.214440,1,300,122,71.43,30.62,0,1113
1649764590.239437,1,300,130,67.68,29.93,0,1113
1649764590.264434,1,300,130,71.01,29.52,0,1113
1649764590.289432,1,300,133,67.38,30.54,0,1113
1649764590.314429,1,300,135,70.76,119.29,1,1100
1649764590.339426,1,300,133,67.12,31.65,0,1100
1649764590.364424,1,300,134,70.35,29.39,0,1100
1649764590.389421,1,300,134,67.10,32.64,0,1100
1649764590.414418,1,300,132,70.77,28.75,0,1100
1649764590.439415,1,300,131,68.02,32.16,0,1100
1649764590.464413,1,300,140,71.60,95.42,1,1095
1649764590.489410,1,300,148,69.01,31.26,0,1095
1649764590.514407,1,300,158,72.52,30.60,0,1095
1649764590.539405,1,300,145,69.88,29.00,0,1095
1649764590.564402,1,300,164,80.23,31.75,0,1095
1649764590.589399,1,300,153,77.92,29.80,0,1095
1649764590.614397,1,300,162,80.68,96.66,1,1116
1649764590.639394,1,300,155,78.28,29.45,0,1116
1649764590.664391,1,300,159,80.79,29.39,0,1116
1649764590.689389,1,300,156,78.35,28.61,0,1116
1649764590.714386,1,300,157,80.80,29.44,0,1116
1649764590.739383,1,300,162,78.20,29.22,0,1116
1649764590.764380,1,300,158,80.46,113.49,1,1150
1649764590.789378,1,300,159,77.86,29.82,0,1150
1649764590.814375,1,263,153,80.37,28.61,0,1150
1649764590.839372,1,261,148,77.58,26.58,0,1150
1649764590.864370,1,248,150,79.84,25.89,0,1150
1649764590.889367,1,245,147,76.70,25.67,0,1150
1649764590.914364,1,300,149,78.82,101.80,1,1125
1649764590.939362,1,278,143,75.45,29.06,0,1125
1649764590.964359,1,244,135,77.68,26.02,0,1125
1649764590.989356,1,245,142,74.46,26.05,0,1125
1649764591.014354,1,300,157,77.17,29.65,0,1125
1649764591.039351,1,273,152,74.02,28.82,0,1125
1649764591.064348,1,300,152,76.85,110.81,1,1117
1649764591.089345,1,300,160,73.77,30.11,0,1117
1649764591.114343,1,300,160,76.88,30.72,0,1117
1649764591.139340,1,300,155,73.76,30.54,0,1117
1649764591.164337,1,300,147,76.96,29.56,0,1117
1649764591.189335,1,300,151,73.83,30.07,0,1117
1649764591.214332,1,300,155,77.15,150.02,1,1129
1649764591.239329,1,300,157,73.87,32.40,0,1129
1649764591.264326,1,300,151,77.08,30.09,0,1129
1649764591.289324,1,300,152,73.75,29.52,0,1129
1649764591.314321,1,300,157,77.09,29.46,0,1129
1649764591.339318,1,300,154,73.57,29.41,0,1129
1649764591.364316,1,300,151,76.56,132.43,1,1138
1649764591.389313,1,300,149,72.75,30.07,0,1138
1649764591.414310,1,300,155,75.45,29.28,0,1138
1649764591.439307,1,300,158,71.44,31.00,0,1138
1649764591.464305,1,300,163,73.83,30.08,0,1138
1649764591.489302,1,300,165,69.88,31.13,0,1138
1649764591.514299,1,300,168,72.36,120.04,1,1126
1649764591.539297,1,300,162,68.66,30.62,0,1126
1649764591.564294,1,272,166,71.24,28.48,0,1126
1649764591.589291,1,300,164,67.78,28.96,0,1126
1649764591.614289,1,300,180,70.46,30.68,0,1126
1649764591.639286,1,266,161,66.98,28.11,0,1126
1649764591.664283,1,300,170,75.69,94.46,1,1125
1649764591.689281,1,300,166,72.86,30.54,0,1125
1649764591.714278,1,300,178,74.59,30.42,0,1125
1649764591.739275,1,300,169,71.78,29.47,0,1125
1649764591.764272,1,300,163,73.50,29.64,0,1125
1649764591.789270,1,300,148,70.91,29.09,0,1125
1649764591.814267,1,300,152,72.86,149.32,1,1138
1649764591.839264,1,300,150,70.17,30.09,0,1138
1649764591.864262,1,300,154,77.17,30.39,0,1138
1649764591.889259,1,300,160,75.33,28.91,0,1138
1649764591.914256,1,300,170,76.63,30.01,0,1138
1649764591.939254,1,300,166,75.34,29.89,0,1138
1649764591.964251,1,300,161,77.16,105.72,1,1159
1649764591.989248,1,300,157,76.23,29.86,0,1159
1649764592.014245,1,289,154,78.05,28.64,0,1159
1649764592.039243,1,300,162,76.64,29.28,0,1159
1649764592.064240,1,300,160,78.29,29.56,0,1159
1649764592.089239,1,300,155,77.22,30.62,0,1159
1649764592.114237,1,300,152,79.42,85.97,1,1154
1649764592.139234,1,300,145,78.42,30.42,0,1154
1649764592.164232,1,300,144,80.55,29.01,0,1154
1649764592.189229,1,300,131,79.54,29.00,0,1154
1649764592.214226,1,300,135,81.76,28.78,0,1154
1649764592.239223,1,300,138,80.56,29.09,0,1154
1649764592.264220,1,300,129,82.59,100.86,1,1166
1649764592.289218,1,300,131,81.42,30.04,0,1166
1649764592.314215,1,300,126,83.58,28.75,0,1166
1649764592.339213,1,293,118,82.49,27.47,0,1166
1649764592.364210,1,265,113,84.73,26.36,0,1166
1649764592.389207,1,248,116,83.67,24.88,0,1166
1649764592.414204,1,300,126,85.85,118.70,1,1164
1649764592.439202,1,300,132,84.41,28.81,0,1164
1649764592.464199,1,286,123,86.07,26.96,0,1164
1649764592.489196,1,300,139,84.18,28.07,0,1164
1649764592.514193,1,300,126,85.38,28.55,0,1164
1649764592.539191,1,263,131,82.89,27.38,0,1164
1649764592.564188,1,300,134,83.57,113.54,1,1192
1649764592.589185,1,300,138,81.14,30.40,0,1192
1649764592.614183,1,300,128,81.88,28.85,0,1192
1649764592.639180,1,300,149,79.34,29.79,0,1192
1649764592.664177,1,300,136,80.00,29.23,0,1192
1649764592.689174,1,300,151,77.89,29.64,0,1192
1649764592.714172,1,300,149,79.06,116.74,1,1198
1649764592.739169,1,300,153,77.42,30.69,0,1198
1649764592.764166,1,300,152,78.89,30.29,0,1198
1649764592.789164,1,300,164,77.63,30.65,0,1198
1649764592.814161,1,300,148,79.13,29.73,0,1198
1649764592.839159,1,300,141,77.76,30.42,0,1198
1649764592.864156,1,300,145,79.12,88.66,1,1198
1649764592.889153,1,296,142,77.84,29.82,0,1198
1649764592.914150,1,289,150,79.30,28.94,0,1198
1649764592.939147,1,272,140,78.05,28.07,0,1198
1649764592.964145,1,253,152,84.03,27.95,0,1198
1649764592.989142,1,259,158,84.07,26.58,0,1198
1649764593.014139,1,262,153,85.10,118.63,1,1200
1649764593.039137,1,297,163,85.32,28.75,0,1200
1649764593.064134,1,297,167,86.59,29.48,0,1200
1649764593.089132,1,261,153,87.35,28.92,0,1200
1649764593.114129,1,266,158,89.13,27.38,0,1200
1649764593.139126,1,275,155,89.99,28.78,0,1200
1649764593.164123,1,227,128,91.72,83.73,1,1179
1649764593.189121,1,188,116,92.72,24.13,0,1179
1649764593.214118,1,184,112,94.81,22.58,0,1179
1649764593.239115,1,185,103,91.74,22.23,0,1179
1649764593.264113,1,171,92,94.67,21.44,0,1179
1649764593.289110,1,161,84,90.23,22.18,0,1179
1649764593.314107,1,145,73,93.95,90.53,1,1161
1649764593.339104,1,182,76,87.97,23.59,0,1161
1649764593.364102,1,145,68,92.13,19.95,0,1161
1649764593.389099,1,98,47,85.70,18.20,0,1161
1649764593.414096,1,85,42,90.25,106.29,1,1124
1649764593.439094,1,81,39,82.63,14.96,0,1124
1649764593.464091,1,222,70,87.16,21.10,0,1124
1649764593.489088,1,109,39,79.30,20.90,0,1124
1649764593.514086,1,86,34,83.86,15.01,0,1124
1649764593.539083,1,254,73,80.09,23.08,0,1124
1649764593.564080,1,300,88,84.66,129.39,1,1191
1649764593.589077,1,163,49,81.01,113.68,1,1234
1649764593.614075,1,107,32,85.94,18.49,0,1234
1649764593.639072,1,300,76,77.53,27.20,0,1234
1649764593.664069,1,176,40,82.37,25.62,0,1234
1649764593.689066,1,107,26,78.09,21.99,0,1234
1649764593.714064,1,97,28,82.70,124.16,1,1223
1649764593.739061,1,79,29,73.36,15.76,0,1223
1649764593.764059,1,300,48,77.58,24.89,0,1223
1649764593.789056,1,300,60,72.32,33.93,0,1223
1649764593.814053,1,300,47,76.23,31.74,0,1223
1649764593.839051,1,300,49,70.47,30.26,0,1223
1649764593.864048,1,300,46,73.91,131.64,1,1264
1649764593.889045,1,300,69,67.99,31.24,0,1264
1649764593.914042,1,300,59,71.18,35.42,0,1264
1649764593.939040,1,300,108,65.28,35.71,0,1264
1649764593.964037,1,300,90,68.38,37.29,0,1264
1649764593.989034,1,300,97,62.86,33.50,0,1264
1649764594.014032,1,300,72,66.02,138.23,1,1309
1649764594.039029,1,300,81,60.75,38.77,0,1309
1649764594.064026,1,300,62,63.90,37.96,0,1309
1649764594.089024,1,300,75,59.00,37.23,0,1309
1649764594.114021,1,300,53,62.27,36.11,0,1309
1649764594.139018,1,300,64,57.71,34.33,0,1309
1649764594.164015,1,300,51,61.05,126.57,1,1343
1649764594.189013,1,300,72,56.80,35.82,0,1343
1649764594.214010,1,300,51,60.25,36.95,0,1343
1649764594.239007,1,300,65,56.08,37.82,0,1343
1649764594.264005,1,300,41,59.35,35.63,0,1343
1649764594.289002,1,300,53,55.33,35.72,0,1343
1649764594.313999,1,300,39,58.66,108.62,1,1335
1649764594.338996,1,300,59,54.79,37.88,0,1335
1649764594.363994,1,300,44,58.19,34.81,0,1335
1649764594.388991,1,300,52,54.69,37.77,0,1335
1649764594.413988,1,300,41,58.29,35.94,0,1335
1649764594.438986,1,300,58,54.96,35.24,0,1335
1649764594.463983,1,300,39,58.66,117.63,1,1337
1649764594.488980,1,300,55,55.52,34.19,0,1337
1649764594.513978,1,300,38,59.35,34.59,0,1337
1649764594.538975,1,300,53,56.11,36.25,0,1337
1649764594.563972,1,300,39,59.70,36.80,0,1337
1649764594.588969,1,300,52,56.27,35.33,0,1337
1649764594.613967,1,300,41,59.53,106.50,1,1342
1649764594.638964,1,300,56,55.87,36.12,0,1342
1649764594.663961,1,300,44,58.84,35.83,0,1342
1649764594.688959,1,300,50,55.33,35.62,0,1342
1649764594.713956,1,300,35,58.40,34.94,0,1342
1649764594.738953,1,300,52,55.14,35.27,0,1342
1649764594.763951,1,300,36,58.32,103.28,1,1347
1649764594.788948,1,300,48,55.38,34.81,0,1347
1649764594.813945,1,300,38,58.64,34.41,0,1347
1649764594.838943,1,300,54,55.60,33.98,0,1347
1649764594.863940,1,300,40,58.65,35.44,0,1347
1649764594.888937,1,300,42,55.62,36.60,0,1347
1649764594.913934,1,300,42,58.56,102.27,1,1334
1649764594.938932,1,300,44,55.50,33.98,0,1334
1649764594.963929,1,300,33,58.32,34.69,0,1334
1649764594.988926,1,300,52,55.44,34.16,0,1334
1649764595.013924,1,300,37,58.25,35.18,0,1334
1649764595.038921,1,300,48,55.35,35.10,0,1334
1649764595.063918,1,300,37,57.97,98.77,1,1342
1649764595.088915,1,300,46,55.19,34.18,0,1342
1649764595.113913,1,300,37,57.79,34.71,0,1342
1649764595.138910,1,300,47,55.04,34.59,0,1342
1649764595.163907,1,300,27,57.53,34.92,0,1342
1649764595.188905,1,300,44,54.92,36.29,0,1342
1649764595.213902,1,300,35,57.41,99.40,1,1345
1649764595.238899,1,300,44,54.86,33.96,0,1345
1649764595.263896,1,300,34,57.27,32.62,0,1345
1649764595.288894,1,300,49,54.90,33.48,0,1345
1649764595.313891,1,300,38,57.27,34.26,0,1345
1649764595.338888,1,300,49,54.89,33.61,0,1345
1649764595.363886,1,300,42,57.10,111.56,1,1322
1649764595.388883,1,300,44,54.83,33.68,0,1322
1649764595.413880,1,300,36,57.03,32.45,0,1322
1649764595.438878,1,300,47,54.85,34.48,0,1322
1649764595.463875,1,300,40,56.95,32.17,0,1322
1649764595.488872,1,300,48,54.98,34.72,0,1322
1649764595.513870,1,300,35,57.08,110.58,1,1287
1649764595.538867,1,300,47,55.13,34.06,0,1287
1649764595.563864,1,300,40,57.09,32.68,0,1287
1649764595.588861,1,300,42,55.29,33.34,0,1287
1649764595.613859,1,300,39,57.17,32.17,0,1287
1649764595.638856,1,300,44,55.35,32.49,0,1287
1649764595.663853,1,300,41,57.10,135.65,1,1292
1649764595.688851,1,300,44,55.46,32.76,0,1292
1649764595.713848,1,300,40,57.17,31.42,0,1292
1649764595.738845,1,300,44,55.52,32.90,0,1292
1649764595.763843,1,300,39,57.09,31.06,0,1292
1649764595.788840,1,300,44,55.61,31.08,0,1292
1649764595.813837,1,300,37,57.14,96.92,1,1292
1649764595.838835,1,300,42,55.69,31.37,0,1292
1649764595.863832,1,300,38,57.08,31.33,0,1292
1649764595.888829,1,300,42,55.81,31.32,0,1292
1649764595.913826,1,300,37,57.14,30.53,0,1292
1649764595.938824,1,300,41,55.87,31.42,0,1292
1649764595.963821,1,300,37,57.05,93.32,1,1257
1649764595.988818,1,300,40,55.96,30.42,0,1257
1649764596.013816,1,300,39,57.10,30.47,0,1257
1649764596.038813,1,300,44,56.02,30.61,0,1257
1649764596.063810,1,300,37,57.02,29.97,0,1257
1649764596.088808,1,300,46,56.12,30.40,0,1257
1649764596.113806,1,300,41,57.06,110.68,1,1250
1649764596.138803,1,300,40,56.20,30.41,0,1250
1649764596.163800,1,300,43,57.01,30.79,0,1250
1649764596.188797,1,300,40,56.30,30.80,0,1250
1649764596.213795,1,300,42,57.09,30.04,0,1250
1649764596.238792,1,300,45,56.42,30.71,0,1250
1649764596.263789,1,300,37,57.08,98.77,1,1221
1649764596.288787,1,300,44,56.60,30.24,0,1221
1649764596.313784,1,300,42,57.17,30.06,0,1221
1649764596.338781,1,300,43,56.71,29.58,0,1221
1649764596.363779,1,300,42,57.12,30.21,0,1221
1649764596.388776,1,300,41,56.85,29.69,0,1221
1649764596.413773,1,300,44,57.20,126.45,1,1197
1649764596.438771,1,300,43,56.95,30.14,0,1197
1649764596.463768,1,300,46,57.15,29.34,0,1197
1649764596.488765,1,300,53,57.09,30.07,0,1197
1649764596.513762,1,300,43,57.24,28.94,0,1197
1649764596.538760,1,300,47,57.18,23.98,0,1197
1649764596.563757,1,300,49,57.18,100.99,1,1163
1649764596.588754,1,300,49,57.36,30.52,0,1163
1649764596.613752,1,300,42,57.39,30.49,0,1163
1649764596.638749,1,300,43,57.71,29.69,0,1163
1649764596.663746,1,300,46,57.69,30.48,0,1163
1649764596.688743,1,300,48,58.26,30.33,0,1163
1649764596.713741,1,300,54,58.08,115.94,1,1133
1649764596.738738,1,300,45,58.38,29.98,0,1133
1649764596.763735,1,300,46,57.97,29.34,0,1133
1649764596.788733,1,300,52,58.48,30.38,0,1133
1649764596.813730,1,300,44,57.96,30.41,0,1133
1649764596.838727,1,300,44,58.50,30.40,0,1133
1649764596.863724,1,300,45,57.85,129.37,1,1100
1649764596.888722,1,300,50,58.57,30.92,0,1100
1649764596.913719,1,300,53,57.85,30.45,0,1100
1649764596.938716,1,300,46,58.61,29.62,0,1100
1649764596.963714,1,300,45,57.76,30.74,0,1100
1649764596.988711,1,300,47,58.70,30.27,0,1100
1649764597.013708,1,300,41,57.79,103.45,1,1062
1649764597.038706,1,300,48,58.73,30.77,0,1062
1649764597.063703,1,300,51,57.67,29.95,0,1062
1649764597.088700,1,300,47,58.80,30.64,0,1062
1649764597.113698,1,300,54,57.67,30.30,0,1062
1649764597.138695,1,300,47,58.81,30.32,0,1062
1649764597.163692,1,300,49,57.54,117.01,1,1019
1649764597.188689,1,300,48,58.85,30.50,0,1019
1649764597.213686,1,300,51,57.53,30.42,0,1019
1649764597.238684,1,300,60,58.85,31.67,0,1019
1649764597.263681,1,300,47,57.43,31.23,0,1019
1649764597.288679,1,300,47,58.95,32.21,0,1019
1649764597.313676,1,300,49,57.48,107.14,1,995
1649764597.338673,1,300,41,59.00,31.41,0,995
1649764597.363670,1,300,55,57.41,32.44,0,995
1649764597.388668,1,300,48,59.07,32.09,0,995
1649764597.413665,1,300,60,57.39,32.10,0,995
1649764597.438662,1,300,44,59.03,32.51,0,995
1649764597.463660,1,300,54,57.23,122.91,1,982
1649764597.488657,1,300,52,59.02,33.22,0,982
1649764597.513654,1,300,53,57.15,32.27,0,982
1649764597.538651,1,300,52,58.92,32.52,0,982
1649764597.563649,1,300,54,56.95,33.46,0,982
1649764597.588646,1,300,42,58.87,32.13,0,982
1649764597.613643,1,300,59,56.83,107.40,1,977
1649764597.638641,1,300,50,58.72,33.31,0,977
1649764597.663638,1,300,57,56.58,33.74,0,977
1649764597.688635,1,300,62,58.59,34.16,0,977
1649764597.713633,1,300,63,56.40,33.31,0,977
1649764597.738630,1,300,49,58.43,34.24,0,977
1649764597.763627,1,300,67,56.21,107.69,1,860
1649764597.788624,1,300,49,58.47,34.58,0,860
1649764597.813622,1,300,63,56.25,33.31,0,860
1649764597.838619,1,300,48,58.55,34.94,0,860
1649764597.863616,1,300,57,56.30,33.85,0,860
1649764597.888614,1,300,50,58.75,33.91,0,860
1649764597.913611,1,300,61,56.47,114.02,1,872
1649764597.938608,1,300,49,58.94,34.57,0,872
1649764597.963605,1,300,62,56.57,34.46,0,872
1649764597.988603,1,300,50,59.16,35.21,0,872
1649764598.013600,1,300,57,56.73,34.42,0,872
1649764598.038597,1,300,44,59.27,35.69,0,872
1649764598.063595,1,300,52,56.74,127.84,1,863
1649764598.088592,1,300,40,59.39,35.02,0,863
1649764598.113589,1,300,53,56.74,34.67,0,863
1649764598.138587,1,300,36,59.40,34.06,0,863
1649764598.163584,1,300,50,56.70,38.14,0,863
1649764598.188581,1,300,33,59.46,33.77,0,863
1649764598.213578,1,300,53,56.70,133.60,1,818
1649764598.238576,1,300,42,59.45,34.61,0,818
1649764598.263573,1,300,56,56.64,34.54,0,818
1649764598.288570,1,300,45,59.54,35.79,0,818
1649764598.313568,1,300,52,56.66,34.12,0,818
1649764598.338565,1,300,36,59.56,34.51,0,818
1649764598.363562,1,300,50,56.61,99.02,1,798
1649764598.388560,1,300,39,59.63,35.16,0,798
1649764598.413557,1,300,55,56.63,35.56,0,798
1649764598.438554,1,300,41,59.66,35.12,0,798
1649764598.463552,1,300,55,56.60,35.59,0,798
1649764598.488549,1,300,44,59.77,35.47,0,798
1649764598.513546,1,300,63,56.64,98.55,1,800
1649764598.538543,1,300,37,59.80,34.63,0,800
1649764598.563541,1,300,54,56.61,35.15,0,800
1649764598.588538,1,300,45,59.88,35.93,0,800
1649764598.613535,1,300,64,56.63,35.34,0,800
1649764598.638532,1,300,41,59.90,37.50,0,800
1649764598.663530,1,300,60,56.60,99.38,1,804
1649764598.688527,1,300,45,59.94,37.86,0,804
1649764598.713525,1,300,64,56.61,36.31,0,804
1649764598.738522,1,300,48,59.92,37.49,0,804
1649764598.763519,1,300,59,56.53,35.60,0,804
1649764598.788516,1,300,46,59.95,34.76,0,804
1649764598.813514,1,300,58,56.53,96.06,1,800
1649764598.838511,1,300,49,59.92,36.24,0,800
1649764598.863508,1,300,62,56.46,37.48,0,800
1649764598.888506,1,300,47,59.95,36.27,0,800
1649764598.913503,1,300,58,56.48,36.72,0,800
1649764598.938500,1,300,45,59.96,36.02,0,800
1649764598.963497,1,300,55,56.43,93.35,1,795
1649764598.988495,1,300,39,60.02,35.28,0,795
1649764599.013492,1,300,63,56.47,36.06,0,795
1649764599.038489,1,300,40,60.01,34.74,0,795
1649764599.063487,1,300,58,56.43,35.21,0,795
1649764599.088484,1,300,40,60.09,34.99,0,795
1649764599.113481,1,300,62,56.48,93.98,1,788
1649764599.138479,1,300,46,60.11,37.34,0,788
1649764599.163476,1,300,64,56.48,35.96,0,788
1649764599.188473,1,300,43,60.24,37.06,0,788
1649764599.213470,1,300,57,56.55,37.75,0,788
1649764599.238468,1,300,44,60.28,36.13,0,788
1649764599.263465,1,300,56,56.55,96.16,1,788
1649764599.288462,1,300,39,60.34,36.40,0,788
1649764599.313459,1,300,57,56.55,37.04,0,788
1649764599.338457,1,300,47,60.29,36.89,0,788
1649764599.363454,1,300,55,56.51,37.25,0,788
1649764599.388451,1,300,40,60.29,36.44,0,788
1649764599.413449,1,300,60,56.50,92.30,1,794
1649764599.438446,1,300,45,60.25,37.25,0,794
1649764599.463443,1,300,56,56.47,36.41,0,794
1649764599.488441,1,300,36,60.33,35.17,0,794
1649764599.513438,1,300,58,56.53,39.79,0,794
1649764599.538435,1,300,42,60.35,36.17,0,794
1649764599.563432,1,300,58,56.56,112.88,1,795
1649764599.588430,1,300,39,60.47,37.07,0,795
1649764599.613427,1,300,58,56.64,35.53,0,795
1649764599.638424,1,300,40,60.49,36.96,0,795
1649764599.663422,1,300,51,56.69,36.40,0,795
1649764599.688419,1,300,43,60.62,34.38,0,795
1649764599.713416,1,300,53,56.79,103.93,1,799
1649764599.738414,1,300,45,60.65,39.38,0,799
1649764599.763411,1,300,58,56.82,35.98,0,799
1649764599.788408,1,300,41,60.77,36.10,0,799
1649764599.813406,1,300,52,56.91,35.65,0,799
1649764599.838403,1,300,38,60.81,35.44,0,799
1649764599.863400,1,300,59,56.95,83.88,1,796
1649764599.888397,1,300,39,60.88,36.86,0,796
1649764599.913395,1,300,53,57.05,35.70,0,796
1649764599.938392,1,300,38,60.90,35.15,0,796
1649764599.963389,1,300,56,57.09,35.08,0,796
1649764599.988387,1,300,33,61.00,35.30,0,796
1649764600.013384,1,300,53,57.16,98.64,1,809
1649764600.038381,1,300,31,60.99,35.97,0,809
1649764600.063378,1,300,57,57.16,34.87,0,809
1649764600.088376,1,300,29,61.05,34.87,0,809
1649764600.113373,1,300,52,57.20,37.85,0,809
1649764600.138370,1,300,34,61.03,35.19,0,809
1649764600.163368,1,300,51,57.19,89.20,1,821
1649764600.188365,1,300,32,61.08,35.62,0,821
1649764600.213362,1,300,55,57.25,36.31,0,821
1649764600.238359,1,300,35,61.06,36.64,0,821
1649764600.263357,1,300,52,57.25,35.16,0,821
1649764600.288354,1,300,37,61.12,36.35,0,821
1649764600.313351,1,300,59,57.29,84.21,1,846
1649764600.338349,1,300,34,61.07,36.35,0,846
1649764600.363346,1,300,53,57.27,35.71,0,846
1649764600.388343,1,300,31,61.12,34.31,0,846
1649764600.413341,1,300,49,57.31,37.61,0,846
1649764600.438338,1,300,35,61.11,34.79,0,846
1649764600.463335,1,300,52,57.32,83.80,1,875
1649764600.488332,1,300,39,61.14,35.87,0,875
1649764600.513330,1,300,60,57.35,39.12,0,875
1649764600.538327,1,300,30,61.09,37.65,0,875
1649764600.563324,1,300,53,57.33,35.17,0,875
1649764600.588322,1,300,38,61.14,34.45,0,875
1649764600.613319,1,300,51,57.37,82.74,1,907
1649764600.638316,1,300,38,61.08,36.78,0,907
1649764600.663314,1,300,57,57.33,35.33,0,907
1649764600.688311,1,300,35,61.09,35.39,0,907
1649764600.713308,1,300,59,57.36,34.30,0,907
1649764600.738305,1,300,35,61.02,37.51,0,907
1649764600.763303,1,300,56,57.32,85.88,1,928
1649764600.788300,1,300,39,61.05,34.73,0,928
1649764600.813298,1,300,55,57.34,35.48,0,928
1649764600.838295,1,300,37,61.01,35.32,0,928
1649764600.863292,1,300,50,57.37,36.17,0,928
1649764600.888289,1,300,28,61.09,35.11,0,928
1649764600.913286,1,300,51,57.41,87.43,1,958
1649764600.938284,1,300,33,61.01,37.42,0,958
1649764600.963281,1,300,46,57.30,34.48,0,958
1649764600.988278,1,300,39,60.99,35.40,0,958
1649764601.013276,1,300,46,57.27,38.26,0,958
1649764601.038273,1,300,39,60.97,35.07,0,958
1649764601.063270,1,300,48,57.38,100.80,1,999
1649764601.088268,1,300,36,61.13,34.41,0,999
1649764601.113265,1,300,54,57.47,37.70,0,999
1649764601.138262,1,300,37,61.09,34.85,0,999
1649764601.163260,1,300,60,57.41,36.27,0,999
1649764601.188257,1,300,41,61.06,34.63,0,999
1649764601.213254,1,300,46,57.37,86.09,1,1007
1649764601.238251,1,300,35,60.93,35.34,0,1007
1649764601.263249,1,300,59,57.32,36.41,0,1007
1649764601.288246,1,300,40,60.94,34.78,0,1007
1649764601.313243,1,300,45,57.31,36.85,0,1007
1649764601.338241,1,300,46,60.84,39.01,0,1007
1649764601.363238,1,300,42,57.29,89.15,1,1019
1649764601.388235,1,300,42,60.83,38.97,0,1019
1649764601.413232,1,300,51,57.26,36.45,0,1019
1649764601.438230,1,300,37,60.72,34.33,0,1019
1649764601.463227,1,300,48,57.28,34.61,0,1019
1649764601.488224,1,300,40,60.75,35.83,0,1019
1649764601.513222,1,300,43,57.27,90.42,1,1034
1649764601.538219,1,300,35,60.62,38.63,0,1034
1649764601.563216,1,300,50,57.27,34.61,0,1034
1649764601.588213,1,300,25,60.63,35.10,0,1034
1649764601.613211,1,300,51,57.29,36.84,0,1034
1649764601.638208,1,300,31,60.55,35.48,0,1034
1649764601.663205,1,300,55,57.33,100.12,1,1065
1649764601.688203,1,300,29,60.60,38.43,0,1065
1649764601.713200,1,300,48,57.41,35.28,0,1065
1649764601.738197,1,300,47,60.55,34.80,0,1065
1649764601.763195,1,300,51,57.47,35.04,0,1065
1649764601.788192,1,300,44,60.59,33.41,0,1065
1649764601.813189,1,300,52,57.49,92.91,1,1081
1649764601.838187,1,300,57,60.45,32.89,0,1081
1649764601.863184,1,300,63,57.44,34.67,0,1081
1649764601.888181,1,300,52,60.41,35.21,0,1081
1649764601.913178,1,300,71,57.36,33.90,0,1081
1649764601.938176,1,300,55,60.22,34.17,0,1081
1649764601.963173,1,300,60,57.21,94.42,1,1104
1649764601.988170,1,300,46,60.06,33.26,0,1104
1649764602.013168,1,300,54,56.96,32.94,0,1104
1649764602.038165,1,300,60,59.69,32.26,0,1104
