Setting printing level to: INFO
parameter T_imu_cam not found, trying T_cam_imu instead (will return T_imu_cam still)!
parameter T_imu_cam not found, trying T_cam_imu instead (will return T_imu_cam still)!
parameter T_imu_cam not found, trying T_cam_imu instead (will return T_imu_cam still)!
parameter T_imu_cam not found, trying T_cam_imu instead (will return T_imu_cam still)!
parameter T_imu_cam not found, trying T_cam_imu instead (will return T_imu_cam still)!
parameter T_imu_cam not found, trying T_cam_imu instead (will return T_imu_cam still)!
parameter T_imu_cam not found, trying T_cam_imu instead (will return T_imu_cam still)!
parameter T_imu_cam not found, trying T_cam_imu instead (will return T_imu_cam still)!
parameter T_imu_cam not found, trying T_cam_imu instead (will return T_imu_cam still)!
parameter T_imu_cam not found, trying T_cam_imu instead (will return T_imu_cam still)!
parameter T_imu_cam not found, trying T_cam_imu instead (will return T_imu_cam still)!
parameter T_imu_cam not found, trying T_cam_imu instead (will return T_imu_cam still)!
subscribing to IMU: /uav1/sensor_pod/imu
subscribing to cam (mono): /uav1/cam0/color/image_raw
subscribing to cam (mono): /uav1/cam1/color/image_raw
subscribing to cam (mono): /uav1/cam2/color/image_raw
subscribing to cam (mono): /uav1/cam3/color/image_raw
subscribing to cam (mono): /uav1/cam4/color/image_raw
subscribing to cam (mono): /uav1/cam5/color/image_raw
[34m[TIME]: 0.0025 seconds total (399.5 hz, 0.50 ms behind)
[0m[34m[TIME]: 0.0011 seconds total (945.2 hz, 0.50 ms behind)
[0m[34m[TIME]: 0.0012 seconds total (841.0 hz, 0.50 ms behind)
[0m[34m[TIME]: 0.0011 seconds total (899.3 hz, 0.50 ms behind)
[0m[34m[TIME]: 0.0008 seconds total (1179.2 hz, 0.50 ms behind)
[0m[34m[TIME]: 0.0009 seconds total (1169.6 hz, 0.50 ms behind)
[0m[34m[TIME]: 0.0013 seconds total (761.0 hz, 0.25 ms behind)
[0m[34m[TIME]: 0.0010 seconds total (1035.2 hz, 0.25 ms behind)
[0m[34m[TIME]: 0.0007 seconds total (1366.1 hz, 0.25 ms behind)
[0m[34m[TIME]: 0.0008 seconds total (1186.2 hz, 0.25 ms behind)
[0m[34m[TIME]: 0.0008 seconds total (1248.4 hz, 0.25 ms behind)
[0m[34m[TIME]: 0.0008 seconds total (1219.5 hz, 0.25 ms behind)
[0m[34m[TIME]: 0.0013 seconds total (780.6 hz, 0.25 ms behind)
[0m[34m[TIME]: 0.0010 seconds total (992.1 hz, 0.25 ms behind)
[0m[34m[TIME]: 0.0008 seconds total (1227.0 hz, 0.25 ms behind)
[0m[34m[TIME]: 0.0010 seconds total (1048.2 hz, 0.25 ms behind)
[0m[34m[TIME]: 0.0007 seconds total (1338.7 hz, 0.25 ms behind)
[0m[34m[TIME]: 0.0006 seconds total (1650.2 hz, 0.25 ms behind)
[0m[34m[TIME]: 0.0009 seconds total (1122.3 hz, 0.50 ms behind)
[0m[34m[TIME]: 0.0008 seconds total (1273.9 hz, 0.50 ms behind)
[0m[34m[TIME]: 0.0008 seconds total (1278.8 hz, 0.50 ms behind)
[0m[34m[TIME]: 0.0009 seconds total (1145.5 hz, 0.50 ms behind)
[0m[34m[TIME]: 0.0008 seconds total (1184.8 hz, 0.50 ms behind)
[0m[34m[TIME]: 0.0006 seconds total (1697.8 hz, 0.50 ms behind)
[0m[34m[TIME]: 0.0009 seconds total (1097.7 hz, 0.25 ms behind)
[0m[34m[TIME]: 0.0008 seconds total (1253.1 hz, 0.25 ms behind)
[0m[34m[TIME]: 0.0008 seconds total (1245.3 hz, 0.25 ms behind)
[0m[34m[TIME]: 0.0010 seconds total (1044.9 hz, 0.25 ms behind)
[0m[34m[TIME]: 0.0009 seconds total (1061.6 hz, 0.25 ms behind)
[0m[34m[TIME]: 0.0007 seconds total (1336.9 hz, 0.25 ms behind)
[0m[34m[TIME]: 0.0009 seconds total (1142.9 hz, 0.25 ms behind)
[0m[34m[TIME]: 0.0008 seconds total (1314.1 hz, 0.25 ms behind)
[0m[34m[TIME]: 0.0008 seconds total (1270.6 hz, 0.25 ms behind)
[0m[34m[TIME]: 0.0009 seconds total (1095.3 hz, 0.25 ms behind)
[0m[34m[TIME]: 0.0009 seconds total (1123.6 hz, 0.25 ms behind)
[0m[34m[TIME]: 0.0008 seconds total (1177.9 hz, 0.25 ms behind)
[0m[34m[TIME]: 0.0009 seconds total (1114.8 hz, 0.25 ms behind)
[0m[34m[TIME]: 0.0008 seconds total (1246.9 hz, 0.25 ms behind)
[0m[34m[TIME]: 0.0008 seconds total (1240.7 hz, 0.25 ms behind)
[0m[34m[TIME]: 0.0010 seconds total (1030.9 hz, 0.25 ms behind)
[0m[34m[TIME]: 0.0009 seconds total (1106.2 hz, 0.25 ms behind)
[0m[34m[TIME]: 0.0007 seconds total (1524.4 hz, 0.25 ms behind)
[0m[34m[TIME]: 0.0009 seconds total (1140.3 hz, 0.25 ms behind)
[0m[34m[TIME]: 0.0007 seconds total (1345.9 hz, 0.25 ms behind)
[0m[34m[TIME]: 0.0005 seconds total (1938.0 hz, 0.25 ms behind)
[0m[34m[TIME]: 0.0007 seconds total (1440.9 hz, 0.25 ms behind)
[0m[34m[TIME]: 0.0006 seconds total (1675.0 hz, 0.25 ms behind)
[0m[34m[TIME]: 0.0006 seconds total (1680.7 hz, 0.25 ms behind)
[0m[34m[TIME]: 0.0009 seconds total (1089.3 hz, 0.25 ms behind)
[0m[34m[TIME]: 0.0008 seconds total (1236.1 hz, 0.25 ms behind)
[0m[34m[TIME]: 0.0008 seconds total (1237.6 hz, 0.25 ms behind)
[0m[34m[TIME]: 0.0010 seconds total (1048.2 hz, 0.25 ms behind)
[0m[34m[TIME]: 0.0009 seconds total (1085.8 hz, 0.25 ms behind)
[0m[34m[TIME]: 0.0009 seconds total (1123.6 hz, 0.25 ms behind)
[0m[34m[TIME]: 0.0009 seconds total (1140.3 hz, 0.25 ms behind)
[0m[34m[TIME]: 0.0008 seconds total (1331.6 hz, 0.25 ms behind)
[0m[34m[TIME]: 0.0008 seconds total (1236.1 hz, 0.25 ms behind)
[0m[34m[TIME]: 0.0009 seconds total (1113.6 hz, 0.25 ms behind)
[0m[34m[TIME]: 0.0009 seconds total (1141.6 hz, 0.25 ms behind)
[0m[34m[TIME]: 0.0008 seconds total (1182.0 hz, 0.25 ms behind)
[0m[34m[TIME]: 0.0009 seconds total (1100.1 hz, 0.25 ms behind)
[0m[34m[TIME]: 0.0008 seconds total (1315.8 hz, 0.25 ms behind)
[0m[34m[TIME]: 0.0006 seconds total (1801.8 hz, 0.25 ms behind)
[0m[34m[TIME]: 0.0007 seconds total (1428.6 hz, 0.25 ms behind)
[0m[34m[TIME]: 0.0006 seconds total (1562.5 hz, 0.25 ms behind)
[0m[34m[TIME]: 0.0006 seconds total (1557.6 hz, 0.25 ms behind)
[0m[34m[TIME]: 0.0007 seconds total (1485.9 hz, 0.25 ms behind)
[0m[34m[TIME]: 0.0005 seconds total (1872.7 hz, 0.25 ms behind)
[0m[34m[TIME]: 0.0005 seconds total (1865.7 hz, 0.25 ms behind)
[0m[34m[TIME]: 0.0007 seconds total (1358.7 hz, 0.25 ms behind)
[0m[34m[TIME]: 0.0007 seconds total (1412.4 hz, 0.25 ms behind)
[0m[34m[TIME]: 0.0006 seconds total (1597.4 hz, 0.25 ms behind)
[0m[34m[TIME]: 0.0009 seconds total (1103.8 hz, 0.25 ms behind)
[0m[34m[TIME]: 0.0008 seconds total (1237.6 hz, 0.25 ms behind)
[0m[34m[TIME]: 0.0008 seconds total (1248.4 hz, 0.25 ms behind)
[0m[34m[TIME]: 0.0008 seconds total (1300.4 hz, 0.25 ms behind)
[0m[34m[TIME]: 0.0007 seconds total (1430.6 hz, 0.25 ms behind)
[0m[34m[TIME]: 0.0007 seconds total (1451.4 hz, 0.25 ms behind)
[0m[34m[TIME]: 0.0009 seconds total (1103.8 hz, 0.25 ms behind)
[0m[34m[TIME]: 0.0008 seconds total (1310.6 hz, 0.25 ms behind)
[0m[34m[TIME]: 0.0008 seconds total (1234.6 hz, 0.25 ms behind)
[0m[34m[TIME]: 0.0010 seconds total (1047.1 hz, 0.25 ms behind)
[0m[34m[TIME]: 0.0009 seconds total (1135.1 hz, 0.25 ms behind)
[0m[34m[TIME]: 0.0009 seconds total (1160.1 hz, 0.25 ms behind)
[0m[34m[TIME]: 0.0009 seconds total (1114.8 hz, 0.25 ms behind)
[0m[34m[TIME]: 0.0008 seconds total (1207.7 hz, 0.25 ms behind)
[0m[34m[TIME]: 0.0008 seconds total (1310.6 hz, 0.25 ms behind)
[0m[34m[TIME]: 0.0008 seconds total (1329.8 hz, 0.25 ms behind)
[0m[34m[TIME]: 0.0007 seconds total (1351.4 hz, 0.25 ms behind)
[0m[34m[TIME]: 0.0007 seconds total (1481.5 hz, 0.25 ms behind)
[0m[34m[TIME]: 0.0009 seconds total (1118.6 hz, 0.25 ms behind)
[0m[34m[TIME]: 0.0008 seconds total (1288.7 hz, 0.25 ms behind)
[0m[34m[TIME]: 0.0008 seconds total (1265.8 hz, 0.25 ms behind)
[0m[34m[TIME]: 0.0007 seconds total (1377.4 hz, 0.25 ms behind)
[0m[34m[TIME]: 0.0007 seconds total (1349.5 hz, 0.25 ms behind)
[0m[34m[TIME]: 0.0006 seconds total (1672.2 hz, 0.25 ms behind)
[0m[34m[TIME]: 0.0009 seconds total (1068.4 hz, 0.25 ms behind)
[0m[34m[TIME]: 0.0007 seconds total (1353.2 hz, 0.25 ms behind)
[0m[34m[TIME]: 0.0005 seconds total (1876.2 hz, 0.25 ms behind)
[0m[34m[TIME]: 0.0006 seconds total (1597.4 hz, 0.25 ms behind)
[0m[34m[TIME]: 0.0006 seconds total (1683.5 hz, 0.25 ms behind)
[0m[34m[TIME]: 0.0006 seconds total (1652.9 hz, 0.25 ms behind)
[0m[34m[TIME]: 0.0009 seconds total (1122.3 hz, 0.25 ms behind)
[0m[34m[TIME]: 0.0008 seconds total (1314.1 hz, 0.25 ms behind)
[0m[34m[TIME]: 0.0008 seconds total (1277.1 hz, 0.25 ms behind)
[0m[34m[TIME]: 0.0009 seconds total (1111.1 hz, 0.25 ms behind)
[0m[34m[TIME]: 0.0009 seconds total (1156.1 hz, 0.25 ms behind)
[0m[34m[TIME]: 0.0008 seconds total (1184.8 hz, 0.25 ms behind)
[0m[34m[TIME]: 0.0009 seconds total (1113.6 hz, 0.25 ms behind)
[0m[34m[TIME]: 0.0008 seconds total (1230.0 hz, 0.25 ms behind)
[0m[34m[TIME]: 0.0008 seconds total (1233.0 hz, 0.25 ms behind)
[0m[34m[TIME]: 0.0009 seconds total (1089.3 hz, 0.25 ms behind)
[0m[34m[TIME]: 0.0009 seconds total (1094.1 hz, 0.25 ms behind)
[0m[34m[TIME]: 0.0009 seconds total (1116.1 hz, 0.25 ms behind)
[0m[34m[TIME]: 0.0009 seconds total (1124.9 hz, 0.25 ms behind)
[0m[34m[TIME]: 0.0008 seconds total (1297.0 hz, 0.25 ms behind)
[0m[34m[TIME]: 0.0008 seconds total (1272.3 hz, 0.25 ms behind)
[0m[34m[TIME]: 0.0009 seconds total (1103.8 hz, 0.25 ms behind)
[0m[34m[TIME]: 0.0009 seconds total (1156.1 hz, 0.25 ms behind)
[0m[34m[TIME]: 0.0009 seconds total (1162.8 hz, 0.25 ms behind)
[0m[34m[TIME]: 0.0009 seconds total (1117.3 hz, 0.25 ms behind)
[0m[34m[TIME]: 0.0008 seconds total (1270.6 hz, 0.25 ms behind)
[0m[34m[TIME]: 0.0008 seconds total (1262.6 hz, 0.25 ms behind)
[0m[34m[TIME]: 0.0009 seconds total (1088.1 hz, 0.25 ms behind)
[0m[34m[TIME]: 0.0009 seconds total (1124.9 hz, 0.25 ms behind)
[0m[34m[TIME]: 0.0009 seconds total (1127.4 hz, 0.25 ms behind)
[0m[34m[TIME]: 0.0009 seconds total (1121.1 hz, 0.25 ms behind)
[0m[34m[TIME]: 0.0008 seconds total (1303.8 hz, 0.25 ms behind)
[0m[34m[TIME]: 0.0007 seconds total (1394.7 hz, 0.25 ms behind)
[0m[34m[TIME]: 0.0008 seconds total (1326.3 hz, 0.25 ms behind)
[0m[34m[TIME]: 0.0006 seconds total (1675.0 hz, 0.25 ms behind)
[0m[34m[TIME]: 0.0007 seconds total (1428.6 hz, 0.25 ms behind)
[0m[34m[TIME]: 0.0009 seconds total (1131.2 hz, 0.25 ms behind)
[0m[34m[TIME]: 0.0008 seconds total (1242.2 hz, 0.25 ms behind)
[0m[34m[TIME]: 0.0008 seconds total (1257.9 hz, 0.25 ms behind)
[0m[34m[TIME]: 0.0008 seconds total (1280.4 hz, 0.25 ms behind)
[0m[34m[TIME]: 0.0006 seconds total (1592.4 hz, 0.25 ms behind)
[0m[34m[TIME]: 0.0006 seconds total (1642.0 hz, 0.25 ms behind)
[0m[34m[TIME]: 0.0008 seconds total (1273.9 hz, 0.25 ms behind)
[0m[34m[TIME]: 0.0005 seconds total (1953.1 hz, 0.25 ms behind)
[0m[34m[TIME]: 0.0005 seconds total (1980.2 hz, 0.25 ms behind)
[0m[34m[TIME]: 0.0006 seconds total (1721.2 hz, 0.25 ms behind)
[0m[34m[TIME]: 0.0006 seconds total (1751.3 hz, 0.25 ms behind)
[0m[34m[TIME]: 0.0006 seconds total (1757.5 hz, 0.25 ms behind)
[0m[34m[TIME]: 0.0009 seconds total (1108.6 hz, 0.25 ms behind)
[0m[34m[TIME]: 0.0008 seconds total (1307.2 hz, 0.25 ms behind)
[0m[34m[TIME]: 0.0005 seconds total (1851.9 hz, 0.25 ms behind)
[0m[34m[TIME]: 0.0006 seconds total (1620.7 hz, 0.25 ms behind)
[0m[34m[TIME]: 0.0006 seconds total (1672.2 hz, 0.25 ms behind)
[0m[34m[TIME]: 0.0006 seconds total (1700.7 hz, 0.25 ms behind)
[0m[34m[TIME]: 0.0009 seconds total (1126.1 hz, 0.25 ms behind)
[0m[34m[TIME]: 0.0008 seconds total (1328.0 hz, 0.25 ms behind)
[0m[34m[TIME]: 0.0008 seconds total (1277.1 hz, 0.25 ms behind)
[0m[34m[TIME]: 0.0009 seconds total (1092.9 hz, 0.25 ms behind)
[0m[34m[TIME]: 0.0009 seconds total (1157.4 hz, 0.25 ms behind)
[0m[34m[TIME]: 0.0009 seconds total (1161.4 hz, 0.25 ms behind)
[0m[34m[TIME]: 0.0009 seconds total (1113.6 hz, 0.25 ms behind)
[0m[34m[TIME]: 0.0008 seconds total (1250.0 hz, 0.25 ms behind)
[0m[34m[TIME]: 0.0008 seconds total (1240.7 hz, 0.25 ms behind)
[0m[34m[TIME]: 0.0009 seconds total (1074.1 hz, 0.25 ms behind)
[0m[34m[TIME]: 0.0007 seconds total (1494.8 hz, 0.25 ms behind)
[0m[34m[TIME]: 0.0007 seconds total (1517.5 hz, 0.25 ms behind)
[0m[34m[TIME]: 0.0009 seconds total (1127.4 hz, 0.25 ms behind)
[0m[34m[TIME]: 0.0008 seconds total (1303.8 hz, 0.25 ms behind)
[0m[34m[TIME]: 0.0008 seconds total (1277.1 hz, 0.25 ms behind)
[0m[34m[TIME]: 0.0009 seconds total (1087.0 hz, 0.25 ms behind)
[0m[34m[TIME]: 0.0009 seconds total (1127.4 hz, 0.25 ms behind)
[0m[34m[TIME]: 0.0009 seconds total (1139.0 hz, 0.25 ms behind)
[0m[34m[TIME]: 0.0009 seconds total (1057.1 hz, 0.25 ms behind)
[0m[34m[TIME]: 0.0008 seconds total (1245.3 hz, 0.25 ms behind)
[0m[34m[TIME]: 0.0008 seconds total (1222.5 hz, 0.25 ms behind)
[0m[34m[TIME]: 0.0009 seconds total (1069.5 hz, 0.25 ms behind)
[0m[34m[TIME]: 0.0009 seconds total (1073.0 hz, 0.25 ms behind)
[0m[34m[TIME]: 0.0009 seconds total (1113.6 hz, 0.25 ms behind)
[0m[34m[TIME]: 0.0009 seconds total (1121.1 hz, 0.25 ms behind)
[0m[34m[TIME]: 0.0008 seconds total (1331.6 hz, 0.25 ms behind)
[0m[34m[TIME]: 0.0008 seconds total (1278.8 hz, 0.25 ms behind)
[0m[34m[TIME]: 0.0009 seconds total (1106.2 hz, 0.25 ms behind)
[0m[34m[TIME]: 0.0009 seconds total (1114.8 hz, 0.25 ms behind)
[0m[34m[TIME]: 0.0009 seconds total (1145.5 hz, 0.25 ms behind)
[0m[34m[TIME]: 0.0009 seconds total (1103.8 hz, 0.25 ms behind)
[0m[34m[TIME]: 0.0006 seconds total (1555.2 hz, 0.25 ms behind)
[0m[34m[TIME]: 0.0005 seconds total (1919.4 hz, 0.25 ms behind)
[0m[34m[TIME]: 0.0006 seconds total (1605.1 hz, 0.25 ms behind)
[0m[34m[TIME]: 0.0006 seconds total (1642.0 hz, 0.25 ms behind)
[0m[34m[TIME]: 0.0006 seconds total (1569.9 hz, 0.25 ms behind)
[0m[34m[TIME]: 0.0009 seconds total (1129.9 hz, 0.25 ms behind)
[0m[34m[TIME]: 0.0008 seconds total (1329.8 hz, 0.25 ms behind)
[0m[34m[TIME]: 0.0008 seconds total (1300.4 hz, 0.25 ms behind)
[0m[34m[TIME]: 0.0009 seconds total (1119.8 hz, 0.25 ms behind)
[0m[34m[TIME]: 0.0009 seconds total (1133.8 hz, 0.25 ms behind)
[0m[34m[TIME]: 0.0009 seconds total (1128.7 hz, 0.25 ms behind)
[0m[34m[TIME]: 0.0009 seconds total (1096.5 hz, 0.25 ms behind)
[0m[34m[TIME]: 0.0008 seconds total (1248.4 hz, 0.25 ms behind)
[0m[34m[TIME]: 0.0008 seconds total (1231.5 hz, 0.25 ms behind)
[0m[34m[TIME]: 0.0009 seconds total (1109.9 hz, 0.25 ms behind)
[0m[34m[TIME]: 0.0009 seconds total (1085.8 hz, 0.25 ms behind)
[0m[34m[TIME]: 0.0009 seconds total (1105.0 hz, 0.25 ms behind)
[0m[34m[TIME]: 0.0009 seconds total (1126.1 hz, 0.25 ms behind)
[0m[34m[TIME]: 0.0008 seconds total (1303.8 hz, 0.25 ms behind)
[0m[34m[TIME]: 0.0008 seconds total (1285.3 hz, 0.25 ms behind)
[0m[34m[TIME]: 0.0009 seconds total (1121.1 hz, 0.25 ms behind)
[0m[34m[TIME]: 0.0009 seconds total (1145.5 hz, 0.25 ms behind)
[0m[34m[TIME]: 0.0009 seconds total (1153.4 hz, 0.25 ms behind)
[0m[34m[TIME]: 0.0009 seconds total (1164.1 hz, 0.25 ms behind)
[0m[34m[TIME]: 0.0006 seconds total (1582.3 hz, 0.25 ms behind)
[0m[34m[TIME]: 0.0006 seconds total (1652.9 hz, 0.25 ms behind)
[0m[34m[TIME]: 0.0008 seconds total (1324.5 hz, 0.25 ms behind)
[0m[34m[TIME]: 0.0006 seconds total (1644.7 hz, 0.25 ms behind)
[0m[34m[TIME]: 0.0006 seconds total (1666.7 hz, 0.25 ms behind)
[0m[34m[TIME]: 0.0009 seconds total (1145.5 hz, 0.25 ms behind)
[0m[34m[TIME]: 0.0008 seconds total (1293.7 hz, 0.25 ms behind)
[0m[34m[TIME]: 0.0008 seconds total (1303.8 hz, 0.25 ms behind)
[0m[34m[TIME]: 0.0009 seconds total (1117.3 hz, 0.25 ms behind)
[0m[34m[TIME]: 0.0009 seconds total (1145.5 hz, 0.25 ms behind)
[0m[34m[TIME]: 0.0009 seconds total (1122.3 hz, 0.25 ms behind)
[0m[34m[TIME]: 0.0010 seconds total (1051.5 hz, 0.25 ms behind)
[0m[34m[TIME]: 0.0008 seconds total (1265.8 hz, 0.25 ms behind)
[0m[34m[TIME]: 0.0008 seconds total (1261.0 hz, 0.25 ms behind)
[0m[34m[TIME]: 0.0009 seconds total (1108.6 hz, 0.25 ms behind)
[0m[34m[TIME]: 0.0009 seconds total (1100.1 hz, 0.25 ms behind)
[0m[34m[TIME]: 0.0009 seconds total (1061.6 hz, 0.25 ms behind)
[0m[34m[TIME]: 0.0009 seconds total (1113.6 hz, 0.25 ms behind)
[0m[34m[TIME]: 0.0008 seconds total (1307.2 hz, 0.25 ms behind)
[0m[34m[TIME]: 0.0008 seconds total (1275.5 hz, 0.25 ms behind)
[0m[34m[TIME]: 0.0009 seconds total (1096.5 hz, 0.25 ms behind)
[0m[34m[TIME]: 0.0008 seconds total (1310.6 hz, 0.25 ms behind)
[0m[34m[TIME]: 0.0006 seconds total (1628.7 hz, 0.25 ms behind)
[0m[34m[TIME]: 0.0008 seconds total (1269.0 hz, 0.25 ms behind)
[0m[34m[TIME]: 0.0006 seconds total (1760.6 hz, 0.25 ms behind)
[0m[34m[TIME]: 0.0006 seconds total (1658.4 hz, 0.25 ms behind)
[0m[34m[TIME]: 0.0007 seconds total (1519.8 hz, 0.25 ms behind)
[0m[34m[TIME]: 0.0007 seconds total (1492.5 hz, 0.25 ms behind)
[0m[34m[TIME]: 0.0007 seconds total (1481.5 hz, 0.25 ms behind)
[0m[34m[TIME]: 0.0009 seconds total (1105.0 hz, 0.50 ms behind)
[0m[34m[TIME]: 0.0008 seconds total (1228.5 hz, 0.50 ms behind)
[0m[34m[TIME]: 0.0008 seconds total (1210.7 hz, 0.50 ms behind)
[0m[34m[TIME]: 0.0009 seconds total (1098.9 hz, 0.50 ms behind)
[0m[34m[TIME]: 0.0009 seconds total (1101.3 hz, 0.50 ms behind)
[0m[34m[TIME]: 0.0009 seconds total (1149.4 hz, 0.50 ms behind)
[0m[34m[TIME]: 0.0009 seconds total (1077.6 hz, 0.25 ms behind)
[0m[34m[TIME]: 0.0008 seconds total (1251.6 hz, 0.25 ms behind)
[0m[34m[TIME]: 0.0008 seconds total (1245.3 hz, 0.25 ms behind)
[0m[34m[TIME]: 0.0009 seconds total (1079.9 hz, 0.25 ms behind)
[0m[34m[TIME]: 0.0009 seconds total (1092.9 hz, 0.25 ms behind)
[0m[34m[TIME]: 0.0009 seconds total (1069.5 hz, 0.25 ms behind)
[0m[34m[TIME]: 0.0009 seconds total (1109.9 hz, 0.25 ms behind)
[0m[34m[TIME]: 0.0008 seconds total (1314.1 hz, 0.25 ms behind)
[0m[34m[TIME]: 0.0008 seconds total (1264.2 hz, 0.25 ms behind)
[0m[34m[TIME]: 0.0009 seconds total (1067.2 hz, 0.25 ms behind)
[0m[34m[TIME]: 0.0009 seconds total (1102.5 hz, 0.25 ms behind)
[0m[34m[TIME]: 0.0009 seconds total (1164.1 hz, 0.25 ms behind)
[0m[34m[TIME]: 0.0009 seconds total (1118.6 hz, 0.25 ms behind)
[0m[34m[TIME]: 0.0008 seconds total (1239.2 hz, 0.25 ms behind)
[0m[34m[TIME]: 0.0008 seconds total (1251.6 hz, 0.25 ms behind)
[0m[34m[TIME]: 0.0009 seconds total (1106.2 hz, 0.25 ms behind)
[0m[34m[TIME]: 0.0009 seconds total (1116.1 hz, 0.25 ms behind)
[0m[34m[TIME]: 0.0009 seconds total (1100.1 hz, 0.25 ms behind)
[0m[34m[TIME]: 0.0009 seconds total (1092.9 hz, 0.25 ms behind)
[0m[34m[TIME]: 0.0008 seconds total (1297.0 hz, 0.25 ms behind)
[0m[34m[TIME]: 0.0008 seconds total (1310.6 hz, 0.25 ms behind)
[0m[34m[TIME]: 0.0009 seconds total (1150.7 hz, 0.25 ms behind)
[0m[34m[TIME]: 0.0009 seconds total (1160.1 hz, 0.25 ms behind)
[0m[34m[TIME]: 0.0009 seconds total (1164.1 hz, 0.25 ms behind)
[0m[34m[TIME]: 0.0009 seconds total (1082.3 hz, 0.25 ms behind)
[0m[34m[TIME]: 0.0008 seconds total (1237.6 hz, 0.25 ms behind)
[0m[34m[TIME]: 0.0008 seconds total (1239.2 hz, 0.25 ms behind)
[0m[34m[TIME]: 0.0009 seconds total (1052.6 hz, 0.25 ms behind)
[0m[34m[TIME]: 0.0007 seconds total (1470.6 hz, 0.25 ms behind)
[0m[34m[TIME]: 0.0008 seconds total (1307.2 hz, 0.25 ms behind)
[0m[34m[TIME]: 0.0009 seconds total (1133.8 hz, 0.25 ms behind)
[0m[34m[TIME]: 0.0008 seconds total (1308.9 hz, 0.25 ms behind)
[0m[34m[TIME]: 0.0008 seconds total (1298.7 hz, 0.25 ms behind)
[0m[34m[TIME]: 0.0009 seconds total (1097.7 hz, 0.25 ms behind)
[0m[34m[TIME]: 0.0008 seconds total (1186.2 hz, 0.25 ms behind)
[0m[34m[TIME]: 0.0006 seconds total (1666.7 hz, 0.25 ms behind)
[0m[34m[TIME]: 0.0009 seconds total (1073.0 hz, 0.25 ms behind)
[0m[34m[TIME]: 0.0008 seconds total (1228.5 hz, 0.25 ms behind)
[0m[34m[TIME]: 0.0008 seconds total (1228.5 hz, 0.25 ms behind)
[0m[34m[TIME]: 0.0009 seconds total (1075.3 hz, 0.25 ms behind)
[0m[34m[TIME]: 0.0009 seconds total (1085.8 hz, 0.25 ms behind)
[0m[34m[TIME]: 0.0009 seconds total (1092.9 hz, 0.25 ms behind)
[0m[34m[TIME]: 0.0009 seconds total (1114.8 hz, 0.25 ms behind)
[0m[34m[TIME]: 0.0008 seconds total (1305.5 hz, 0.25 ms behind)
[0m[34m[TIME]: 0.0008 seconds total (1272.3 hz, 0.25 ms behind)
[0m[34m[TIME]: 0.0009 seconds total (1108.6 hz, 0.25 ms behind)
[0m[34m[TIME]: 0.0008 seconds total (1242.2 hz, 0.25 ms behind)
[0m[34m[TIME]: 0.0006 seconds total (1652.9 hz, 0.25 ms behind)
[0m[34m[TIME]: 0.0008 seconds total (1278.8 hz, 0.25 ms behind)
[0m[34m[TIME]: 0.0006 seconds total (1798.6 hz, 0.25 ms behind)
[0m[34m[TIME]: 0.0006 seconds total (1788.9 hz, 0.25 ms behind)
[0m[34m[TIME]: 0.0008 seconds total (1319.3 hz, 0.25 ms behind)
[0m[34m[TIME]: 0.0006 seconds total (1655.6 hz, 0.25 ms behind)
[0m[34m[TIME]: 0.0007 seconds total (1488.1 hz, 0.25 ms behind)
[0m[34m[TIME]: 0.0009 seconds total (1136.4 hz, 0.25 ms behind)
[0m[34m[TIME]: 0.0008 seconds total (1314.1 hz, 0.25 ms behind)
[0m[34m[TIME]: 0.0008 seconds total (1262.6 hz, 0.25 ms behind)
[0m[34m[TIME]: 0.0009 seconds total (1082.3 hz, 0.25 ms behind)
[0m[34m[TIME]: 0.0009 seconds total (1102.5 hz, 0.25 ms behind)
[0m[34m[TIME]: 0.0009 seconds total (1139.0 hz, 0.25 ms behind)
[0m[34m[TIME]: 0.0009 seconds total (1077.6 hz, 0.25 ms behind)
[0m[34m[TIME]: 0.0008 seconds total (1222.5 hz, 0.25 ms behind)
[0m[34m[TIME]: 0.0008 seconds total (1215.1 hz, 0.25 ms behind)
[0m[34m[TIME]: 0.0009 seconds total (1057.1 hz, 0.25 ms behind)
[0m[34m[TIME]: 0.0007 seconds total (1462.0 hz, 0.25 ms behind)
[0m[34m[TIME]: 0.0007 seconds total (1355.0 hz, 0.25 ms behind)
[0m[34m[TIME]: 0.0009 seconds total (1097.7 hz, 0.00 ms behind)
[0m[34m[TIME]: 0.0008 seconds total (1288.7 hz, 0.00 ms behind)
[0m[34m[TIME]: 0.0007 seconds total (1394.7 hz, 0.00 ms behind)
[0m[34m[TIME]: 0.0007 seconds total (1457.7 hz, 0.00 ms behind)
[0m[34m[TIME]: 0.0006 seconds total (1658.4 hz, 0.00 ms behind)
[0m[34m[TIME]: 0.0006 seconds total (1706.5 hz, 0.00 ms behind)
[0m[34m[TIME]: 0.0009 seconds total (1083.4 hz, 0.25 ms behind)
[0m[34m[TIME]: 0.0008 seconds total (1230.0 hz, 0.25 ms behind)
[0m[34m[TIME]: 0.0008 seconds total (1278.8 hz, 0.25 ms behind)
[0m[34m[TIME]: 0.0007 seconds total (1410.4 hz, 0.25 ms behind)
[0m[34m[TIME]: 0.0007 seconds total (1366.1 hz, 0.25 ms behind)
[0m[34m[TIME]: 0.0007 seconds total (1356.9 hz, 0.25 ms behind)
[0m[34m[TIME]: 0.0009 seconds total (1118.6 hz, 0.25 ms behind)
[0m[34m[TIME]: 0.0008 seconds total (1285.3 hz, 0.25 ms behind)
[0m[34m[TIME]: 0.0008 seconds total (1262.6 hz, 0.25 ms behind)
[0m[34m[TIME]: 0.0009 seconds total (1082.3 hz, 0.25 ms behind)
[0m[34m[TIME]: 0.0009 seconds total (1171.0 hz, 0.25 ms behind)
[0m[34m[TIME]: 0.0009 seconds total (1142.9 hz, 0.25 ms behind)
[0m[34m[TIME]: 0.0009 seconds total (1091.7 hz, 0.25 ms behind)
[0m[34m[TIME]: 0.0008 seconds total (1231.5 hz, 0.25 ms behind)
[0m[34m[TIME]: 0.0008 seconds total (1225.5 hz, 0.25 ms behind)
[0m[34m[TIME]: 0.0009 seconds total (1067.2 hz, 0.25 ms behind)
[0m[34m[TIME]: 0.0010 seconds total (1050.4 hz, 0.25 ms behind)
[0m[34m[TIME]: 0.0009 seconds total (1113.6 hz, 0.25 ms behind)
[0m[34m[TIME]: 0.0009 seconds total (1124.9 hz, 0.25 ms behind)
[0m[34m[TIME]: 0.0008 seconds total (1273.9 hz, 0.25 ms behind)
[0m[34m[TIME]: 0.0008 seconds total (1242.2 hz, 0.25 ms behind)
[0m[34m[TIME]: 0.0009 seconds total (1107.4 hz, 0.25 ms behind)
[0m[34m[TIME]: 0.0009 seconds total (1132.5 hz, 0.25 ms behind)
[0m[34m[TIME]: 0.0009 seconds total (1161.4 hz, 0.25 ms behind)
[0m[34m[TIME]: 0.0008 seconds total (1293.7 hz, 0.25 ms behind)
[0m[34m[TIME]: 0.0006 seconds total (1811.6 hz, 0.25 ms behind)
[0m[34m[TIME]: 0.0006 seconds total (1798.6 hz, 0.25 ms behind)
[0m[34m[TIME]: 0.0008 seconds total (1319.3 hz, 0.25 ms behind)
[0m[34m[TIME]: 0.0007 seconds total (1375.5 hz, 0.25 ms behind)
[0m[34m[TIME]: 0.0007 seconds total (1392.8 hz, 0.25 ms behind)
[0m[34m[TIME]: 0.0008 seconds total (1212.1 hz, 0.25 ms behind)
[0m[34m[TIME]: 0.0005 seconds total (1923.1 hz, 0.25 ms behind)
[0m[34m[TIME]: 0.0005 seconds total (1934.2 hz, 0.25 ms behind)
[0m[34m[TIME]: 0.0006 seconds total (1620.7 hz, 0.25 ms behind)
[0m[34m[TIME]: 0.0006 seconds total (1709.4 hz, 0.25 ms behind)
[0m[34m[TIME]: 0.0006 seconds total (1706.5 hz, 0.25 ms behind)
[0m[34m[TIME]: 0.0008 seconds total (1307.2 hz, 0.25 ms behind)
[0m[34m[TIME]: 0.0005 seconds total (1919.4 hz, 0.25 ms behind)
[0m[34m[TIME]: 0.0005 seconds total (1872.7 hz, 0.25 ms behind)
[0m[34m[TIME]: 0.0006 seconds total (1572.3 hz, 0.25 ms behind)
[0m[34m[TIME]: 0.0006 seconds total (1669.4 hz, 0.25 ms behind)
[0m[34m[TIME]: 0.0006 seconds total (1730.1 hz, 0.25 ms behind)
[0m[34m[TIME]: 0.0009 seconds total (1116.1 hz, 0.25 ms behind)
[0m[34m[TIME]: 0.0008 seconds total (1317.5 hz, 0.25 ms behind)
[0m[34m[TIME]: 0.0008 seconds total (1298.7 hz, 0.25 ms behind)
[0m[34m[TIME]: 0.0009 seconds total (1128.7 hz, 0.25 ms behind)
[0m[34m[TIME]: 0.0009 seconds total (1142.9 hz, 0.25 ms behind)
[0m[34m[TIME]: 0.0009 seconds total (1156.1 hz, 0.25 ms behind)
[0m[34m[TIME]: 0.0009 seconds total (1137.7 hz, 0.25 ms behind)
[0m[34m[TIME]: 0.0008 seconds total (1253.1 hz, 0.25 ms behind)
[0m[34m[TIME]: 0.0008 seconds total (1231.5 hz, 0.25 ms behind)
[0m[34m[TIME]: 0.0009 seconds total (1083.4 hz, 0.25 ms behind)
[0m[34m[TIME]: 0.0009 seconds total (1102.5 hz, 0.25 ms behind)
[0m[34m[TIME]: 0.0009 seconds total (1114.8 hz, 0.25 ms behind)
[0m[34m[TIME]: 0.0009 seconds total (1126.1 hz, 0.25 ms behind)
[0m[34m[TIME]: 0.0008 seconds total (1312.3 hz, 0.25 ms behind)
[0m[34m[TIME]: 0.0008 seconds total (1293.7 hz, 0.25 ms behind)
[0m[34m[TIME]: 0.0009 seconds total (1126.1 hz, 0.25 ms behind)
[0m[34m[TIME]: 0.0009 seconds total (1144.2 hz, 0.25 ms behind)
[0m[34m[TIME]: 0.0008 seconds total (1207.7 hz, 0.25 ms behind)
[0m[34m[TIME]: 0.0009 seconds total (1079.9 hz, 0.25 ms behind)
[0m[34m[TIME]: 0.0008 seconds total (1251.6 hz, 0.25 ms behind)
[0m[34m[TIME]: 0.0008 seconds total (1253.1 hz, 0.25 ms behind)
[0m[34m[TIME]: 0.0009 seconds total (1087.0 hz, 0.25 ms behind)
[0m[34m[TIME]: 0.0009 seconds total (1096.5 hz, 0.25 ms behind)
[0m[34m[TIME]: 0.0009 seconds total (1129.9 hz, 0.25 ms behind)
[0m[34m[TIME]: 0.0009 seconds total (1135.1 hz, 0.25 ms behind)
[0m[34m[TIME]: 0.0007 seconds total (1536.1 hz, 0.25 ms behind)
[0m[34m[TIME]: 0.0005 seconds total (1949.3 hz, 0.25 ms behind)
[0m[34m[TIME]: 0.0006 seconds total (1644.7 hz, 0.25 ms behind)
[0m[34m[TIME]: 0.0006 seconds total (1709.4 hz, 0.25 ms behind)
[0m[34m[TIME]: 0.0006 seconds total (1773.0 hz, 0.25 ms behind)
[0m[34m[TIME]: 0.0009 seconds total (1101.3 hz, 0.25 ms behind)
[0m[34m[TIME]: 0.0008 seconds total (1254.7 hz, 0.25 ms behind)
[0m[34m[TIME]: 0.0008 seconds total (1242.2 hz, 0.25 ms behind)
[0m[34m[TIME]: 0.0009 seconds total (1092.9 hz, 0.25 ms behind)
[0m[34m[TIME]: 0.0009 seconds total (1105.0 hz, 0.25 ms behind)
[0m[34m[TIME]: 0.0009 seconds total (1107.4 hz, 0.25 ms behind)
[0m[34m[TIME]: 0.0009 seconds total (1100.1 hz, 0.25 ms behind)
[0m[34m[TIME]: 0.0008 seconds total (1285.3 hz, 0.25 ms behind)
[0m[34m[TIME]: 0.0008 seconds total (1262.6 hz, 0.25 ms behind)
[0m[34m[TIME]: 0.0009 seconds total (1091.7 hz, 0.25 ms behind)
[0m[34m[TIME]: 0.0009 seconds total (1129.9 hz, 0.25 ms behind)
[0m[34m[TIME]: 0.0009 seconds total (1145.5 hz, 0.25 ms behind)
[0m[34m[TIME]: 0.0009 seconds total (1100.1 hz, 0.25 ms behind)
[0m[34m[TIME]: 0.0008 seconds total (1228.5 hz, 0.25 ms behind)
[0m[34m[TIME]: 0.0008 seconds total (1251.6 hz, 0.25 ms behind)
[0m[34m[TIME]: 0.0009 seconds total (1076.4 hz, 0.25 ms behind)
[0m[34m[TIME]: 0.0009 seconds total (1122.3 hz, 0.25 ms behind)
[0m[34m[TIME]: 0.0009 seconds total (1124.9 hz, 0.25 ms behind)
[0m[34m[TIME]: 0.0009 seconds total (1146.8 hz, 0.00 ms behind)
[0m[34m[TIME]: 0.0005 seconds total (1912.0 hz, 0.00 ms behind)
[0m[34m[TIME]: 0.0005 seconds total (1923.1 hz, 0.00 ms behind)
[0m[34m[TIME]: 0.0006 seconds total (1669.4 hz, 0.00 ms behind)
[0m[34m[TIME]: 0.0006 seconds total (1672.2 hz, 0.00 ms behind)
[0m[34m[TIME]: 0.0006 seconds total (1779.4 hz, 0.00 ms behind)
[0m[34m[TIME]: 0.0009 seconds total (1136.4 hz, 0.25 ms behind)
[0m[34m[TIME]: 0.0008 seconds total (1331.6 hz, 0.25 ms behind)
[0m[34m[TIME]: 0.0005 seconds total (1841.6 hz, 0.25 ms behind)
[0m[34m[TIME]: 0.0006 seconds total (1612.9 hz, 0.25 ms behind)
[0m[34m[TIME]: 0.0006 seconds total (1683.5 hz, 0.25 ms behind)
[0m[34m[TIME]: 0.0006 seconds total (1694.9 hz, 0.25 ms behind)
[0m[34m[TIME]: 0.0009 seconds total (1087.0 hz, 0.25 ms behind)
[0m[34m[TIME]: 0.0006 seconds total (1694.9 hz, 0.25 ms behind)
[0m[34m[TIME]: 0.0005 seconds total (1872.7 hz, 0.25 ms behind)
[0m[34m[TIME]: 0.0007 seconds total (1485.9 hz, 0.25 ms behind)
[0m[34m[TIME]: 0.0008 seconds total (1324.5 hz, 0.25 ms behind)
[0m[34m[TIME]: 0.0009 seconds total (1137.7 hz, 0.25 ms behind)
[0m[34m[TIME]: 0.0009 seconds total (1091.7 hz, 0.25 ms behind)
[0m[34m[TIME]: 0.0008 seconds total (1239.2 hz, 0.25 ms behind)
[0m[34m[TIME]: 0.0008 seconds total (1245.3 hz, 0.25 ms behind)
[0m[34m[TIME]: 0.0009 seconds total (1076.4 hz, 0.25 ms behind)
[0m[34m[TIME]: 0.0009 seconds total (1116.1 hz, 0.25 ms behind)
[0m[34m[TIME]: 0.0009 seconds total (1103.8 hz, 0.25 ms behind)
[0m[34m[TIME]: 0.0009 seconds total (1137.7 hz, 0.25 ms behind)
[0m[34m[TIME]: 0.0008 seconds total (1321.0 hz, 0.25 ms behind)
[0m[34m[TIME]: 0.0008 seconds total (1283.7 hz, 0.25 ms behind)
[0m[34m[TIME]: 0.0008 seconds total (1265.8 hz, 0.25 ms behind)
[0m[34m[TIME]: 0.0006 seconds total (1577.3 hz, 0.25 ms behind)
[0m[34m[TIME]: 0.0006 seconds total (1736.1 hz, 0.25 ms behind)
[0m[34m[TIME]: 0.0009 seconds total (1095.3 hz, 0.25 ms behind)
[0m[34m[TIME]: 0.0008 seconds total (1259.4 hz, 0.25 ms behind)
[0m[34m[TIME]: 0.0008 seconds total (1239.2 hz, 0.25 ms behind)
[0m[34m[TIME]: 0.0009 seconds total (1076.4 hz, 0.25 ms behind)
[0m[34m[TIME]: 0.0009 seconds total (1103.8 hz, 0.25 ms behind)
[0m[34m[TIME]: 0.0009 seconds total (1124.9 hz, 0.25 ms behind)
[0m[34m[TIME]: 0.0009 seconds total (1109.9 hz, 0.25 ms behind)
[0m[34m[TIME]: 0.0008 seconds total (1298.7 hz, 0.25 ms behind)
[0m[34m[TIME]: 0.0008 seconds total (1277.1 hz, 0.25 ms behind)
[0m[34m[TIME]: 0.0009 seconds total (1132.5 hz, 0.25 ms behind)
[0m[34m[TIME]: 0.0009 seconds total (1131.2 hz, 0.25 ms behind)
[0m[34m[TIME]: 0.0009 seconds total (1165.5 hz, 0.25 ms behind)
[0m[34m[TIME]: 0.0008 seconds total (1206.3 hz, 0.25 ms behind)
[0m[34m[TIME]: 0.0005 seconds total (1890.4 hz, 0.25 ms behind)
[0m[34m[TIME]: 0.0005 seconds total (1865.7 hz, 0.25 ms behind)
[0m[34m[TIME]: 0.0006 seconds total (1612.9 hz, 0.25 ms behind)
[0m[34m[TIME]: 0.0006 seconds total (1669.4 hz, 0.25 ms behind)
[0m[34m[TIME]: 0.0006 seconds total (1694.9 hz, 0.25 ms behind)
[0m[34m[TIME]: 0.0009 seconds total (1117.3 hz, 0.25 ms behind)
[0m[34m[TIME]: 0.0008 seconds total (1305.5 hz, 0.25 ms behind)
[0m[34m[TIME]: 0.0008 seconds total (1282.1 hz, 0.25 ms behind)
[0m[34m[TIME]: 0.0007 seconds total (1362.4 hz, 0.25 ms behind)
[0m[34m[TIME]: 0.0007 seconds total (1353.2 hz, 0.25 ms behind)
[0m[34m[TIME]: 0.0006 seconds total (1666.7 hz, 0.25 ms behind)
[0m[34m[TIME]: 0.0009 seconds total (1107.4 hz, 0.25 ms behind)
[0m[34m[TIME]: 0.0008 seconds total (1237.6 hz, 0.25 ms behind)
[0m[34m[TIME]: 0.0008 seconds total (1234.6 hz, 0.25 ms behind)
[0m[34m[TIME]: 0.0009 seconds total (1098.9 hz, 0.25 ms behind)
[0m[34m[TIME]: 0.0009 seconds total (1121.1 hz, 0.25 ms behind)
[0m[34m[TIME]: 0.0009 seconds total (1119.8 hz, 0.25 ms behind)
[0m[34m[TIME]: 0.0009 seconds total (1164.1 hz, 0.25 ms behind)
[0m[34m[TIME]: 0.0008 seconds total (1308.9 hz, 0.25 ms behind)
[0m[34m[TIME]: 0.0008 seconds total (1305.5 hz, 0.25 ms behind)
[0m[34m[TIME]: 0.0009 seconds total (1132.5 hz, 0.25 ms behind)
[0m[34m[TIME]: 0.0009 seconds total (1164.1 hz, 0.25 ms behind)
[0m[34m[TIME]: 0.0008 seconds total (1186.2 hz, 0.25 ms behind)
[0m[34m[TIME]: 0.0009 seconds total (1127.4 hz, 0.25 ms behind)
[0m[34m[TIME]: 0.0008 seconds total (1259.4 hz, 0.25 ms behind)
[0m[34m[TIME]: 0.0008 seconds total (1277.1 hz, 0.25 ms behind)
[0m[34m[TIME]: 0.0009 seconds total (1089.3 hz, 0.25 ms behind)
[0m[34m[TIME]: 0.0009 seconds total (1113.6 hz, 0.25 ms behind)
[0m[34m[TIME]: 0.0009 seconds total (1112.3 hz, 0.25 ms behind)
[0m[34m[TIME]: 0.0009 seconds total (1112.3 hz, 0.25 ms behind)
[0m[34m[TIME]: 0.0008 seconds total (1295.3 hz, 0.25 ms behind)
[0m[34m[TIME]: 0.0008 seconds total (1282.1 hz, 0.25 ms behind)
[0m[34m[TIME]: 0.0009 seconds total (1112.3 hz, 0.25 ms behind)
[0m[34m[TIME]: 0.0009 seconds total (1126.1 hz, 0.25 ms behind)
[0m[34m[TIME]: 0.0009 seconds total (1152.1 hz, 0.25 ms behind)
[0m[34m[TIME]: 0.0009 seconds total (1101.3 hz, 0.25 ms behind)
[0m[34m[TIME]: 0.0008 seconds total (1270.6 hz, 0.25 ms behind)
[0m[34m[TIME]: 0.0008 seconds total (1248.4 hz, 0.25 ms behind)
[0m[34m[TIME]: 0.0009 seconds total (1082.3 hz, 0.25 ms behind)
[0m[34m[TIME]: 0.0009 seconds total (1141.6 hz, 0.25 ms behind)
[0m[34m[TIME]: 0.0009 seconds total (1149.4 hz, 0.25 ms behind)
[0m[34m[TIME]: 0.0009 seconds total (1156.1 hz, 0.25 ms behind)
[0m[34m[TIME]: 0.0008 seconds total (1317.5 hz, 0.25 ms behind)
[0m[34m[TIME]: 0.0008 seconds total (1293.7 hz, 0.25 ms behind)
[0m[34m[TIME]: 0.0009 seconds total (1102.5 hz, 0.25 ms behind)
[0m[34m[TIME]: 0.0009 seconds total (1164.1 hz, 0.25 ms behind)
[0m[34m[TIME]: 0.0009 seconds total (1158.7 hz, 0.25 ms behind)
[0m[34m[TIME]: 0.0008 seconds total (1256.3 hz, 0.25 ms behind)
[0m[34m[TIME]: 0.0005 seconds total (1872.7 hz, 0.25 ms behind)
[0m[34m[TIME]: 0.0005 seconds total (1883.2 hz, 0.25 ms behind)
[0m[34m[TIME]: 0.0006 seconds total (1661.1 hz, 0.25 ms behind)
[0m[34m[TIME]: 0.0006 seconds total (1669.4 hz, 0.25 ms behind)
[0m[34m[TIME]: 0.0006 seconds total (1683.5 hz, 0.25 ms behind)
[0m[34m[TIME]: 0.0009 seconds total (1129.9 hz, 0.25 ms behind)
[0m[34m[TIME]: 0.0008 seconds total (1312.3 hz, 0.25 ms behind)
[0m[34m[TIME]: 0.0008 seconds total (1278.8 hz, 0.25 ms behind)
[0m[34m[TIME]: 0.0009 seconds total (1111.1 hz, 0.25 ms behind)
[0m[34m[TIME]: 0.0009 seconds total (1136.4 hz, 0.25 ms behind)
[0m[34m[TIME]: 0.0008 seconds total (1180.6 hz, 0.25 ms behind)
[0m[34m[TIME]: 0.0009 seconds total (1118.6 hz, 0.25 ms behind)
[0m[34m[TIME]: 0.0008 seconds total (1251.6 hz, 0.25 ms behind)
[0m[34m[TIME]: 0.0008 seconds total (1245.3 hz, 0.25 ms behind)
[0m[34m[TIME]: 0.0007 seconds total (1358.7 hz, 0.25 ms behind)
[0m[34m[TIME]: 0.0007 seconds total (1400.6 hz, 0.25 ms behind)
[0m[34m[TIME]: 0.0007 seconds total (1351.4 hz, 0.25 ms behind)
[0m[34m[TIME]: 0.0009 seconds total (1154.7 hz, 0.25 ms behind)
[0m[34m[TIME]: 0.0008 seconds total (1331.6 hz, 0.25 ms behind)
[0m[34m[TIME]: 0.0008 seconds total (1302.1 hz, 0.25 ms behind)
[0m[34m[TIME]: 0.0009 seconds total (1114.8 hz, 0.25 ms behind)
[0m[34m[TIME]: 0.0008 seconds total (1182.0 hz, 0.25 ms behind)
[0m[34m[TIME]: 0.0009 seconds total (1166.9 hz, 0.25 ms behind)
[0m[34m[TIME]: 0.0009 seconds total (1105.0 hz, 0.25 ms behind)
[0m[34m[TIME]: 0.0008 seconds total (1250.0 hz, 0.25 ms behind)
[0m[34m[TIME]: 0.0008 seconds total (1237.6 hz, 0.25 ms behind)
[0m[34m[TIME]: 0.0009 seconds total (1074.1 hz, 0.25 ms behind)
[0m[34m[TIME]: 0.0009 seconds total (1122.3 hz, 0.25 ms behind)
[0m[34m[TIME]: 0.0009 seconds total (1124.9 hz, 0.25 ms behind)
[0m[34m[TIME]: 0.0009 seconds total (1127.4 hz, 0.50 ms behind)
[0m[34m[TIME]: 0.0008 seconds total (1322.8 hz, 0.50 ms behind)
[0m[34m[TIME]: 0.0008 seconds total (1293.7 hz, 0.50 ms behind)
[0m[34m[TIME]: 0.0009 seconds total (1094.1 hz, 0.50 ms behind)
[0m[34m[TIME]: 0.0008 seconds total (1191.9 hz, 0.50 ms behind)
[0m[34m[TIME]: 0.0006 seconds total (1703.6 hz, 0.50 ms behind)
[0m[34m[TIME]: 0.0009 seconds total (1113.6 hz, 0.25 ms behind)
[0m[34m[TIME]: 0.0008 seconds total (1246.9 hz, 0.25 ms behind)
[0m[34m[TIME]: 0.0008 seconds total (1246.9 hz, 0.25 ms behind)
[0m[34m[TIME]: 0.0009 seconds total (1078.7 hz, 0.25 ms behind)
[0m[34m[TIME]: 0.0009 seconds total (1097.7 hz, 0.25 ms behind)
[0m[34m[TIME]: 0.0009 seconds total (1108.6 hz, 0.25 ms behind)
[0m[34m[TIME]: 0.0009 seconds total (1146.8 hz, 0.25 ms behind)
[0m[34m[TIME]: 0.0008 seconds total (1298.7 hz, 0.25 ms behind)
[0m[34m[TIME]: 0.0008 seconds total (1307.2 hz, 0.25 ms behind)
[0m[34m[TIME]: 0.0009 seconds total (1148.1 hz, 0.25 ms behind)
[0m[34m[TIME]: 0.0009 seconds total (1148.1 hz, 0.25 ms behind)
[0m[34m[TIME]: 0.0009 seconds total (1168.2 hz, 0.25 ms behind)
[0m[34m[TIME]: 0.0009 seconds total (1108.6 hz, 0.25 ms behind)
[0m[34m[TIME]: 0.0008 seconds total (1237.6 hz, 0.25 ms behind)
[0m[34m[TIME]: 0.0008 seconds total (1230.0 hz, 0.25 ms behind)
[0m[34m[TIME]: 0.0009 seconds total (1087.0 hz, 0.25 ms behind)
[0m[34m[TIME]: 0.0009 seconds total (1116.1 hz, 0.25 ms behind)
[0m[34m[TIME]: 0.0009 seconds total (1122.3 hz, 0.25 ms behind)
[0m[34m[TIME]: 0.0009 seconds total (1164.1 hz, 0.25 ms behind)
[0m[34m[TIME]: 0.0008 seconds total (1324.5 hz, 0.25 ms behind)
[0m[34m[TIME]: 0.0008 seconds total (1297.0 hz, 0.25 ms behind)
[0m[34m[TIME]: 0.0009 seconds total (1117.3 hz, 0.25 ms behind)
[0m[34m[TIME]: 0.0009 seconds total (1139.0 hz, 0.25 ms behind)
[0m[34m[TIME]: 0.0009 seconds total (1156.1 hz, 0.25 ms behind)
[0m[34m[TIME]: 0.0009 seconds total (1126.1 hz, 0.25 ms behind)
[0m[34m[TIME]: 0.0008 seconds total (1267.4 hz, 0.25 ms behind)
[0m[34m[TIME]: 0.0008 seconds total (1251.6 hz, 0.25 ms behind)
[0m[34m[TIME]: 0.0009 seconds total (1094.1 hz, 0.25 ms behind)
[0m[34m[TIME]: 0.0009 seconds total (1129.9 hz, 0.25 ms behind)
[0m[34m[TIME]: 0.0009 seconds total (1127.4 hz, 0.25 ms behind)
[0m[34m[TIME]: 0.0009 seconds total (1122.3 hz, 0.25 ms behind)
[0m[34m[TIME]: 0.0008 seconds total (1322.8 hz, 0.25 ms behind)
[0m[34m[TIME]: 0.0008 seconds total (1275.5 hz, 0.25 ms behind)
[0m[34m[TIME]: 0.0009 seconds total (1122.3 hz, 0.25 ms behind)
[0m[34m[TIME]: 0.0009 seconds total (1141.6 hz, 0.25 ms behind)
[0m[34m[TIME]: 0.0009 seconds total (1161.4 hz, 0.25 ms behind)
[0m[34m[TIME]: 0.0008 seconds total (1262.6 hz, 0.25 ms behind)
[0m[34m[TIME]: 0.0005 seconds total (1858.7 hz, 0.25 ms behind)
[0m[34m[TIME]: 0.0005 seconds total (1876.2 hz, 0.25 ms behind)
[0m[34m[TIME]: 0.0006 seconds total (1618.1 hz, 0.25 ms behind)
[0m[34m[TIME]: 0.0006 seconds total (1703.6 hz, 0.25 ms behind)
[0m[34m[TIME]: 0.0006 seconds total (1597.4 hz, 0.25 ms behind)
[0m[34m[TIME]: 0.0009 seconds total (1146.8 hz, 0.25 ms behind)
[0m[34m[TIME]: 0.0008 seconds total (1303.8 hz, 0.25 ms behind)
[0m[34m[TIME]: 0.0008 seconds total (1300.4 hz, 0.25 ms behind)
[0m[34m[TIME]: 0.0009 seconds total (1135.1 hz, 0.25 ms behind)
[0m[34m[TIME]: 0.0007 seconds total (1508.3 hz, 0.25 ms behind)
[0m[34m[TIME]: 0.0006 seconds total (1736.1 hz, 0.25 ms behind)
[0m[34m[TIME]: 0.0009 seconds total (1105.0 hz, 0.25 ms behind)
[0m[34m[TIME]: 0.0008 seconds total (1273.9 hz, 0.25 ms behind)
[0m[34m[TIME]: 0.0008 seconds total (1239.2 hz, 0.25 ms behind)
[0m[34m[TIME]: 0.0009 seconds total (1126.1 hz, 0.25 ms behind)
[0m[34m[TIME]: 0.0006 seconds total (1560.1 hz, 0.25 ms behind)
[0m[34m[TIME]: 0.0006 seconds total (1683.5 hz, 0.25 ms behind)
[0m[34m[TIME]: 0.0008 seconds total (1186.2 hz, 0.25 ms behind)
[0m[34m[TIME]: 0.0005 seconds total (1945.5 hz, 0.25 ms behind)
[0m[34m[TIME]: 0.0005 seconds total (1945.5 hz, 0.25 ms behind)
[0m[34m[TIME]: 0.0006 seconds total (1700.7 hz, 0.25 ms behind)
[0m[34m[TIME]: 0.0006 seconds total (1709.4 hz, 0.25 ms behind)
[0m[34m[TIME]: 0.0006 seconds total (1776.2 hz, 0.25 ms behind)
[0m[34m[TIME]: 0.0009 seconds total (1116.1 hz, 0.25 ms behind)
[0m[34m[TIME]: 0.0008 seconds total (1285.3 hz, 0.25 ms behind)
[0m[34m[TIME]: 0.0008 seconds total (1265.8 hz, 0.25 ms behind)
[0m[34m[TIME]: 0.0006 seconds total (1572.3 hz, 0.25 ms behind)
[0m[34m[TIME]: 0.0006 seconds total (1636.7 hz, 0.25 ms behind)
[0m[34m[TIME]: 0.0006 seconds total (1715.3 hz, 0.25 ms behind)
[0m[34m[TIME]: 0.0009 seconds total (1124.9 hz, 0.25 ms behind)
[0m[34m[TIME]: 0.0008 seconds total (1319.3 hz, 0.25 ms behind)
[0m[34m[TIME]: 0.0008 seconds total (1303.8 hz, 0.25 ms behind)
[0m[34m[TIME]: 0.0009 seconds total (1150.7 hz, 0.25 ms behind)
[0m[34m[TIME]: 0.0008 seconds total (1190.5 hz, 0.25 ms behind)
[0m[34m[TIME]: 0.0006 seconds total (1612.9 hz, 0.25 ms behind)
[0m[34m[TIME]: 0.0009 seconds total (1098.9 hz, 0.25 ms behind)
[0m[34m[TIME]: 0.0008 seconds total (1251.6 hz, 0.25 ms behind)
[0m[34m[TIME]: 0.0008 seconds total (1248.4 hz, 0.25 ms behind)
[0m[34m[TIME]: 0.0009 seconds total (1101.3 hz, 0.25 ms behind)
[0m[34m[TIME]: 0.0009 seconds total (1129.9 hz, 0.25 ms behind)
[0m[34m[TIME]: 0.0009 seconds total (1105.0 hz, 0.25 ms behind)
[0m[34m[TIME]: 0.0009 seconds total (1095.3 hz, 0.25 ms behind)
[0m[34m[TIME]: 0.0008 seconds total (1312.3 hz, 0.25 ms behind)
[0m[34m[TIME]: 0.0008 seconds total (1254.7 hz, 0.25 ms behind)
[0m[34m[TIME]: 0.0009 seconds total (1094.1 hz, 0.25 ms behind)
[0m[34m[TIME]: 0.0009 seconds total (1133.8 hz, 0.25 ms behind)
[0m[34m[TIME]: 0.0009 seconds total (1160.1 hz, 0.25 ms behind)
[0m[34m[TIME]: 0.0008 seconds total (1265.8 hz, 0.25 ms behind)
[0m[34m[TIME]: 0.0005 seconds total (1848.4 hz, 0.25 ms behind)
[0m[34m[TIME]: 0.0006 seconds total (1795.3 hz, 0.25 ms behind)
[0m[34m[TIME]: 0.0007 seconds total (1426.5 hz, 0.25 ms behind)
[0m[34m[TIME]: 0.0007 seconds total (1377.4 hz, 0.25 ms behind)
[0m[34m[TIME]: 0.0007 seconds total (1371.7 hz, 0.25 ms behind)
[0m[34m[TIME]: 0.0009 seconds total (1152.1 hz, 0.25 ms behind)
[0m[34m[TIME]: 0.0007 seconds total (1356.9 hz, 0.25 ms behind)
[0m[34m[TIME]: 0.0008 seconds total (1292.0 hz, 0.25 ms behind)
[0m[34m[TIME]: 0.0009 seconds total (1146.8 hz, 0.25 ms behind)
[0m[34m[TIME]: 0.0009 seconds total (1169.6 hz, 0.25 ms behind)
[0m[34m[TIME]: 0.0009 seconds total (1117.3 hz, 0.25 ms behind)
[0m[34m[TIME]: 0.0009 seconds total (1098.9 hz, 0.25 ms behind)
[0m[34m[TIME]: 0.0008 seconds total (1251.6 hz, 0.25 ms behind)
[0m[34m[TIME]: 0.0008 seconds total (1245.3 hz, 0.25 ms behind)
[0m[34m[TIME]: 0.0009 seconds total (1095.3 hz, 0.25 ms behind)
[0m[34m[TIME]: 0.0009 seconds total (1117.3 hz, 0.25 ms behind)
[0m[34m[TIME]: 0.0009 seconds total (1135.1 hz, 0.25 ms behind)
[0m[34m[TIME]: 0.0009 seconds total (1175.1 hz, 0.25 ms behind)
[0m[34m[TIME]: 0.0008 seconds total (1315.8 hz, 0.25 ms behind)
[0m[34m[TIME]: 0.0008 seconds total (1288.7 hz, 0.25 ms behind)
[0m[34m[TIME]: 0.0009 seconds total (1136.4 hz, 0.25 ms behind)
[0m[34m[TIME]: 0.0009 seconds total (1173.7 hz, 0.25 ms behind)
[0m[34m[TIME]: 0.0008 seconds total (1186.2 hz, 0.25 ms behind)
[0m[34m[TIME]: 0.0009 seconds total (1122.3 hz, 0.25 ms behind)
[0m[34m[TIME]: 0.0008 seconds total (1253.1 hz, 0.25 ms behind)
[0m[34m[TIME]: 0.0008 seconds total (1243.8 hz, 0.25 ms behind)
[0m[34m[TIME]: 0.0009 seconds total (1109.9 hz, 0.25 ms behind)
[0m[34m[TIME]: 0.0009 seconds total (1127.4 hz, 0.25 ms behind)
[0m[34m[TIME]: 0.0009 seconds total (1108.6 hz, 0.25 ms behind)
[0m[34m[TIME]: 0.0009 seconds total (1142.9 hz, 0.25 ms behind)
[0m[34m[TIME]: 0.0008 seconds total (1329.8 hz, 0.25 ms behind)
[0m[34m[TIME]: 0.0008 seconds total (1295.3 hz, 0.25 ms behind)
[0m[34m[TIME]: 0.0009 seconds total (1137.7 hz, 0.25 ms behind)
[0m[34m[TIME]: 0.0009 seconds total (1175.1 hz, 0.25 ms behind)
[0m[34m[TIME]: 0.0008 seconds total (1189.1 hz, 0.25 ms behind)
[0m[34m[TIME]: 0.0009 seconds total (1116.1 hz, 0.25 ms behind)
[0m[34m[TIME]: 0.0007 seconds total (1335.1 hz, 0.25 ms behind)
[0m[34m[TIME]: 0.0005 seconds total (1872.7 hz, 0.25 ms behind)
[0m[34m[TIME]: 0.0006 seconds total (1628.7 hz, 0.25 ms behind)
[0m[34m[TIME]: 0.0006 seconds total (1703.6 hz, 0.25 ms behind)
[0m[34m[TIME]: 0.0006 seconds total (1683.5 hz, 0.25 ms behind)
[0m[34m[TIME]: 0.0009 seconds total (1140.3 hz, 0.25 ms behind)
[0m[34m[TIME]: 0.0008 seconds total (1302.1 hz, 0.25 ms behind)
[0m[34m[TIME]: 0.0008 seconds total (1288.7 hz, 0.25 ms behind)
[0m[34m[TIME]: 0.0009 seconds total (1106.2 hz, 0.25 ms behind)
[0m[34m[TIME]: 0.0009 seconds total (1149.4 hz, 0.25 ms behind)
[0m[34m[TIME]: 0.0008 seconds total (1180.6 hz, 0.25 ms behind)
[0m[34m[TIME]: 0.0009 seconds total (1117.3 hz, 0.25 ms behind)
[0m[34m[TIME]: 0.0008 seconds total (1248.4 hz, 0.25 ms behind)
[0m[34m[TIME]: 0.0008 seconds total (1222.5 hz, 0.25 ms behind)
[0m[34m[TIME]: 0.0009 seconds total (1081.1 hz, 0.25 ms behind)
[0m[34m[TIME]: 0.0009 seconds total (1131.2 hz, 0.25 ms behind)
[0m[34m[TIME]: 0.0009 seconds total (1116.1 hz, 0.25 ms behind)
[0m[34m[TIME]: 0.0009 seconds total (1132.5 hz, 0.00 ms behind)
[0m[34m[TIME]: 0.0008 seconds total (1317.5 hz, 0.00 ms behind)
[0m[34m[TIME]: 0.0008 seconds total (1273.9 hz, 0.00 ms behind)
[0m[34m[TIME]: 0.0009 seconds total (1098.9 hz, 0.00 ms behind)
[0m[34m[TIME]: 0.0009 seconds total (1152.1 hz, 0.00 ms behind)
[0m[34m[TIME]: 0.0009 seconds total (1173.7 hz, 0.00 ms behind)
[0m[34m[TIME]: 0.0009 seconds total (1103.8 hz, 0.25 ms behind)
[0m[34m[TIME]: 0.0008 seconds total (1256.3 hz, 0.25 ms behind)
[0m[34m[TIME]: 0.0008 seconds total (1261.0 hz, 0.25 ms behind)
[0m[34m[TIME]: 0.0009 seconds total (1092.9 hz, 0.25 ms behind)
[0m[34m[TIME]: 0.0009 seconds total (1108.6 hz, 0.25 ms behind)
[0m[34m[TIME]: 0.0009 seconds total (1129.9 hz, 0.25 ms behind)
[0m[34m[TIME]: 0.0009 seconds total (1131.2 hz, 0.25 ms behind)
[0m[34m[TIME]: 0.0008 seconds total (1307.2 hz, 0.25 ms behind)
[0m[34m[TIME]: 0.0008 seconds total (1303.8 hz, 0.25 ms behind)
[0m[34m[TIME]: 0.0009 seconds total (1149.4 hz, 0.25 ms behind)
[0m[34m[TIME]: 0.0009 seconds total (1136.4 hz, 0.25 ms behind)
[0m[34m[TIME]: 0.0008 seconds total (1180.6 hz, 0.25 ms behind)
[0m[34m[TIME]: 0.0009 seconds total (1090.5 hz, 0.25 ms behind)
[0m[34m[TIME]: 0.0008 seconds total (1242.2 hz, 0.25 ms behind)
[0m[34m[TIME]: 0.0008 seconds total (1233.0 hz, 0.25 ms behind)
[0m[34m[TIME]: 0.0009 seconds total (1100.1 hz, 0.25 ms behind)
[0m[34m[TIME]: 0.0007 seconds total (1356.9 hz, 0.25 ms behind)
[0m[34m[TIME]: 0.0008 seconds total (1234.6 hz, 0.25 ms behind)
[0m[34m[TIME]: 0.0009 seconds total (1165.5 hz, 0.00 ms behind)
[0m[34m[TIME]: 0.0008 seconds total (1328.0 hz, 0.00 ms behind)
[0m[34m[TIME]: 0.0008 seconds total (1295.3 hz, 0.00 ms behind)
[0m[34m[TIME]: 0.0009 seconds total (1124.9 hz, 0.00 ms behind)
[0m[34m[TIME]: 0.0009 seconds total (1171.0 hz, 0.00 ms behind)
[0m[34m[TIME]: 0.0009 seconds total (1172.3 hz, 0.00 ms behind)
[0m[34m[TIME]: 0.0009 seconds total (1128.7 hz, 0.25 ms behind)
[0m[34m[TIME]: 0.0008 seconds total (1269.0 hz, 0.25 ms behind)
[0m[34m[TIME]: 0.0008 seconds total (1231.5 hz, 0.25 ms behind)
[0m[34m[TIME]: 0.0009 seconds total (1091.7 hz, 0.25 ms behind)
[0m[34m[TIME]: 0.0009 seconds total (1124.9 hz, 0.25 ms behind)
[0m[34m[TIME]: 0.0009 seconds total (1136.4 hz, 0.25 ms behind)
[0m[34m[TIME]: 0.0009 seconds total (1165.5 hz, 0.25 ms behind)
[0m[34m[TIME]: 0.0008 seconds total (1326.3 hz, 0.25 ms behind)
[0m[34m[TIME]: 0.0008 seconds total (1287.0 hz, 0.25 ms behind)
[0m[34m[TIME]: 0.0009 seconds total (1121.1 hz, 0.25 ms behind)
[0m[34m[TIME]: 0.0009 seconds total (1160.1 hz, 0.25 ms behind)
[0m[34m[TIME]: 0.0008 seconds total (1190.5 hz, 0.25 ms behind)
[0m[34m[TIME]: 0.0009 seconds total (1146.8 hz, 0.25 ms behind)
[0m[34m[TIME]: 0.0008 seconds total (1272.3 hz, 0.25 ms behind)
[0m[34m[TIME]: 0.0008 seconds total (1253.1 hz, 0.25 ms behind)
[0m[34m[TIME]: 0.0008 seconds total (1307.2 hz, 0.25 ms behind)
[0m[34m[TIME]: 0.0007 seconds total (1420.5 hz, 0.25 ms behind)
[0m[34m[TIME]: 0.0007 seconds total (1349.5 hz, 0.25 ms behind)
[0m[34m[TIME]: 0.0009 seconds total (1127.4 hz, 0.25 ms behind)
[0m[34m[TIME]: 0.0008 seconds total (1308.9 hz, 0.25 ms behind)
[0m[34m[TIME]: 0.0008 seconds total (1302.1 hz, 0.25 ms behind)
[0m[34m[TIME]: 0.0009 seconds total (1140.3 hz, 0.25 ms behind)
[0m[34m[TIME]: 0.0009 seconds total (1165.5 hz, 0.25 ms behind)
[0m[34m[TIME]: 0.0009 seconds total (1173.7 hz, 0.25 ms behind)
[0m[34m[TIME]: 0.0009 seconds total (1085.8 hz, 0.25 ms behind)
[0m[34m[TIME]: 0.0008 seconds total (1292.0 hz, 0.25 ms behind)
[0m[34m[TIME]: 0.0005 seconds total (1904.8 hz, 0.25 ms behind)
[0m[34m[TIME]: 0.0006 seconds total (1634.0 hz, 0.25 ms behind)
[0m[34m[TIME]: 0.0006 seconds total (1724.1 hz, 0.25 ms behind)
[0m[34m[TIME]: 0.0006 seconds total (1677.9 hz, 0.25 ms behind)
[0m[34m[TIME]: 0.0009 seconds total (1126.1 hz, 0.25 ms behind)
[0m[34m[TIME]: 0.0008 seconds total (1314.1 hz, 0.25 ms behind)
[0m[34m[TIME]: 0.0008 seconds total (1302.1 hz, 0.25 ms behind)
[0m[34m[TIME]: 0.0009 seconds total (1145.5 hz, 0.25 ms behind)
[0m[34m[TIME]: 0.0009 seconds total (1156.1 hz, 0.25 ms behind)
[0m[34m[TIME]: 0.0009 seconds total (1162.8 hz, 0.25 ms behind)
[0m[34m[TIME]: 0.0009 seconds total (1112.3 hz, 0.25 ms behind)
[0m[34m[TIME]: 0.0008 seconds total (1262.6 hz, 0.25 ms behind)
[0m[34m[TIME]: 0.0008 seconds total (1265.8 hz, 0.25 ms behind)
[0m[34m[TIME]: 0.0009 seconds total (1087.0 hz, 0.25 ms behind)
[0m[34m[TIME]: 0.0009 seconds total (1131.2 hz, 0.25 ms behind)
[0m[34m[TIME]: 0.0009 seconds total (1128.7 hz, 0.25 ms behind)
[0m[34m[TIME]: 0.0008 seconds total (1183.4 hz, 0.25 ms behind)
[0m[34m[TIME]: 0.0008 seconds total (1310.6 hz, 0.25 ms behind)
[0m[34m[TIME]: 0.0007 seconds total (1508.3 hz, 0.25 ms behind)
[0m[34m[TIME]: 0.0006 seconds total (1661.1 hz, 0.25 ms behind)
[0m[34m[TIME]: 0.0006 seconds total (1776.2 hz, 0.25 ms behind)
[0m[34m[TIME]: 0.0005 seconds total (1828.2 hz, 0.25 ms behind)
[0m[34m[TIME]: 0.0009 seconds total (1119.8 hz, 0.25 ms behind)
[0m[34m[TIME]: 0.0007 seconds total (1335.1 hz, 0.25 ms behind)
[0m[34m[TIME]: 0.0005 seconds total (1879.7 hz, 0.25 ms behind)
[0m[34m[TIME]: 0.0006 seconds total (1663.9 hz, 0.25 ms behind)
[0m[34m[TIME]: 0.0006 seconds total (1709.4 hz, 0.25 ms behind)
[0m[34m[TIME]: 0.0006 seconds total (1689.2 hz, 0.25 ms behind)
[0m[34m[TIME]: 0.0009 seconds total (1144.2 hz, 0.25 ms behind)
[0m[34m[TIME]: 0.0007 seconds total (1336.9 hz, 0.25 ms behind)
[0m[34m[TIME]: 0.0008 seconds total (1307.2 hz, 0.25 ms behind)
[0m[34m[TIME]: 0.0009 seconds total (1124.9 hz, 0.25 ms behind)
[0m[34m[TIME]: 0.0009 seconds total (1165.5 hz, 0.25 ms behind)
[0m[34m[TIME]: 0.0009 seconds total (1158.7 hz, 0.25 ms behind)
[0m[34m[TIME]: 0.0009 seconds total (1133.8 hz, 0.25 ms behind)
[0m[34m[TIME]: 0.0008 seconds total (1257.9 hz, 0.25 ms behind)
[0m[34m[TIME]: 0.0008 seconds total (1273.9 hz, 0.25 ms behind)
[0m[34m[TIME]: 0.0009 seconds total (1084.6 hz, 0.25 ms behind)
[0m[34m[TIME]: 0.0009 seconds total (1098.9 hz, 0.25 ms behind)
[0m[34m[TIME]: 0.0009 seconds total (1128.7 hz, 0.25 ms behind)
[0m[34m[TIME]: 0.0009 seconds total (1141.6 hz, 0.25 ms behind)
[0m[34m[TIME]: 0.0008 seconds total (1290.3 hz, 0.25 ms behind)
[0m[34m[TIME]: 0.0008 seconds total (1314.1 hz, 0.25 ms behind)
[0m[34m[TIME]: 0.0009 seconds total (1121.1 hz, 0.25 ms behind)
[0m[34m[TIME]: 0.0009 seconds total (1145.5 hz, 0.25 ms behind)
[0m[34m[TIME]: 0.0009 seconds total (1168.2 hz, 0.25 ms behind)
[0m[34m[TIME]: 0.0008 seconds total (1305.5 hz, 0.25 ms behind)
[0m[34m[TIME]: 0.0005 seconds total (1872.7 hz, 0.25 ms behind)
[0m[34m[TIME]: 0.0005 seconds total (1893.9 hz, 0.25 ms behind)
[0m[34m[TIME]: 0.0006 seconds total (1610.3 hz, 0.25 ms behind)
[0m[34m[TIME]: 0.0006 seconds total (1689.2 hz, 0.25 ms behind)
[0m[34m[TIME]: 0.0006 seconds total (1686.3 hz, 0.25 ms behind)
[0m[34m[TIME]: 0.0009 seconds total (1073.0 hz, 0.25 ms behind)
[0m[34m[TIME]: 0.0008 seconds total (1298.7 hz, 0.25 ms behind)
[0m[34m[TIME]: 0.0008 seconds total (1272.3 hz, 0.25 ms behind)
[0m[34m[TIME]: 0.0009 seconds total (1087.0 hz, 0.25 ms behind)
[0m[34m[TIME]: 0.0009 seconds total (1139.0 hz, 0.25 ms behind)
[0m[34m[TIME]: 0.0007 seconds total (1338.7 hz, 0.25 ms behind)
[0m[34m[TIME]: 0.0009 seconds total (1116.1 hz, 0.25 ms behind)
[0m[34m[TIME]: 0.0008 seconds total (1221.0 hz, 0.25 ms behind)
[0m[34m[TIME]: 0.0008 seconds total (1239.2 hz, 0.25 ms behind)
[0m[34m[TIME]: 0.0009 seconds total (1082.3 hz, 0.25 ms behind)
[0m[34m[TIME]: 0.0009 seconds total (1098.9 hz, 0.25 ms behind)
[0m[34m[TIME]: 0.0009 seconds total (1111.1 hz, 0.25 ms behind)
[0m[34m[TIME]: 0.0009 seconds total (1127.4 hz, 0.25 ms behind)
[0m[34m[TIME]: 0.0008 seconds total (1287.0 hz, 0.25 ms behind)
[0m[34m[TIME]: 0.0008 seconds total (1265.8 hz, 0.25 ms behind)
[0m[34m[TIME]: 0.0009 seconds total (1097.7 hz, 0.25 ms behind)
[0m[34m[TIME]: 0.0009 seconds total (1141.6 hz, 0.25 ms behind)
[0m[34m[TIME]: 0.0009 seconds total (1158.7 hz, 0.25 ms behind)
[0m[34m[TIME]: 0.0009 seconds total (1113.6 hz, 0.25 ms behind)
[0m[34m[TIME]: 0.0008 seconds total (1224.0 hz, 0.25 ms behind)
[0m[34m[TIME]: 0.0008 seconds total (1225.5 hz, 0.25 ms behind)
[0m[34m[TIME]: 0.0009 seconds total (1088.1 hz, 0.25 ms behind)
[0m[34m[TIME]: 0.0009 seconds total (1095.3 hz, 0.25 ms behind)
[0m[34m[TIME]: 0.0008 seconds total (1261.0 hz, 0.25 ms behind)
[0m[34m[TIME]: 0.0009 seconds total (1109.9 hz, 0.25 ms behind)
[0m[34m[TIME]: 0.0008 seconds total (1262.6 hz, 0.25 ms behind)
[0m[34m[TIME]: 0.0006 seconds total (1680.7 hz, 0.25 ms behind)
[0m[34m[TIME]: 0.0006 seconds total (1612.9 hz, 0.25 ms behind)
[0m[34m[TIME]: 0.0006 seconds total (1700.7 hz, 0.25 ms behind)
[0m[34m[TIME]: 0.0006 seconds total (1709.4 hz, 0.25 ms behind)
[0m[34m[TIME]: 0.0008 seconds total (1307.2 hz, 0.25 ms behind)
[0m[34m[TIME]: 0.0008 seconds total (1239.2 hz, 0.25 ms behind)
[0m[34m[TIME]: 0.0008 seconds total (1219.5 hz, 0.25 ms behind)
[0m[34m[TIME]: 0.0007 seconds total (1445.1 hz, 0.25 ms behind)
[0m[34m[TIME]: 0.0006 seconds total (1694.9 hz, 0.25 ms behind)
[0m[34m[TIME]: 0.0006 seconds total (1582.3 hz, 0.25 ms behind)
[0m[34m[TIME]: 0.0008 seconds total (1331.6 hz, 0.25 ms behind)
[0m[34m[TIME]: 0.0008 seconds total (1293.7 hz, 0.25 ms behind)
[0m[34m[TIME]: 0.0008 seconds total (1267.4 hz, 0.25 ms behind)
[0m[34m[TIME]: 0.0008 seconds total (1319.3 hz, 0.25 ms behind)
[0m[34m[TIME]: 0.0007 seconds total (1497.0 hz, 0.25 ms behind)
[0m[34m[TIME]: 0.0006 seconds total (1675.0 hz, 0.25 ms behind)
[0m[34m[TIME]: 0.0008 seconds total (1261.0 hz, 0.25 ms behind)
[0m[34m[TIME]: 0.0008 seconds total (1234.6 hz, 0.25 ms behind)
[0m[34m[TIME]: 0.0008 seconds total (1234.6 hz, 0.25 ms behind)
[0m[34m[TIME]: 0.0008 seconds total (1273.9 hz, 0.25 ms behind)
[0m[34m[TIME]: 0.0007 seconds total (1515.2 hz, 0.25 ms behind)
[0m[34m[TIME]: 0.0007 seconds total (1406.5 hz, 0.25 ms behind)
[0m[34m[TIME]: 0.0008 seconds total (1298.7 hz, 0.25 ms behind)
[0m[34m[TIME]: 0.0008 seconds total (1297.0 hz, 0.25 ms behind)
[0m[34m[TIME]: 0.0007 seconds total (1420.5 hz, 0.25 ms behind)
[0m[34m[TIME]: 0.0005 seconds total (1923.1 hz, 0.25 ms behind)
[0m[34m[TIME]: 0.0004 seconds total (2242.2 hz, 0.25 ms behind)
[0m[34m[TIME]: 0.0004 seconds total (2237.1 hz, 0.25 ms behind)
[0m[34m[TIME]: 0.0008 seconds total (1179.2 hz, 0.25 ms behind)
[0m[34m[TIME]: 0.0008 seconds total (1259.4 hz, 0.25 ms behind)
[0m[34m[TIME]: 0.0008 seconds total (1206.3 hz, 0.25 ms behind)
[0m[34m[TIME]: 0.0007 seconds total (1410.4 hz, 0.25 ms behind)
[0m[34m[TIME]: 0.0006 seconds total (1782.5 hz, 0.25 ms behind)
[0m[34m[TIME]: 0.0005 seconds total (1984.1 hz, 0.25 ms behind)
[0m[34m[TIME]: 0.0008 seconds total (1189.1 hz, 0.25 ms behind)
[0m[34m[TIME]: 0.0008 seconds total (1283.7 hz, 0.25 ms behind)
[0m[34m[TIME]: 0.0008 seconds total (1243.8 hz, 0.25 ms behind)
[0m[34m[TIME]: 0.0007 seconds total (1481.5 hz, 0.25 ms behind)
[0m[34m[TIME]: 0.0006 seconds total (1642.0 hz, 0.25 ms behind)
[0m[34m[TIME]: 0.0006 seconds total (1569.9 hz, 0.25 ms behind)
[0m[34m[TIME]: 0.0009 seconds total (1126.1 hz, 0.25 ms behind)
[0m[34m[TIME]: 0.0009 seconds total (1156.1 hz, 0.25 ms behind)
[0m[34m[TIME]: 0.0008 seconds total (1228.5 hz, 0.25 ms behind)
[0m[34m[TIME]: 0.0007 seconds total (1432.7 hz, 0.25 ms behind)
[0m[34m[TIME]: 0.0006 seconds total (1592.4 hz, 0.25 ms behind)
[0m[34m[TIME]: 0.0008 seconds total (1328.0 hz, 0.25 ms behind)
[0m[34m[TIME]: 0.0009 seconds total (1164.1 hz, 0.25 ms behind)
[0m[34m[TIME]: 0.0008 seconds total (1213.6 hz, 0.25 ms behind)
[0m[34m[TIME]: 0.0008 seconds total (1261.0 hz, 0.25 ms behind)
[0m[34m[TIME]: 0.0006 seconds total (1543.2 hz, 0.25 ms behind)
[0m[34m[TIME]: 0.0006 seconds total (1721.2 hz, 0.25 ms behind)
[0m[34m[TIME]: 0.0007 seconds total (1416.4 hz, 0.25 ms behind)
[0m[34m[TIME]: 0.0009 seconds total (1148.1 hz, 0.25 ms behind)
[0m[34m[TIME]: 0.0008 seconds total (1234.6 hz, 0.25 ms behind)
[0m[34m[TIME]: 0.0008 seconds total (1242.2 hz, 0.25 ms behind)
[0m[34m[TIME]: 0.0007 seconds total (1468.4 hz, 0.25 ms behind)
[0m[34m[TIME]: 0.0005 seconds total (1915.7 hz, 0.25 ms behind)
[0m[34m[TIME]: 0.0004 seconds total (2242.2 hz, 0.25 ms behind)
[0m[34m[TIME]: 0.0009 seconds total (1160.1 hz, 0.25 ms behind)
[0m[34m[TIME]: 0.0008 seconds total (1297.0 hz, 0.25 ms behind)
[0m[34m[TIME]: 0.0008 seconds total (1273.9 hz, 0.25 ms behind)
[0m[34m[TIME]: 0.0006 seconds total (1550.4 hz, 0.25 ms behind)
[0m[34m[TIME]: 0.0006 seconds total (1788.9 hz, 0.25 ms behind)
[0m[34m[TIME]: 0.0006 seconds total (1661.1 hz, 0.25 ms behind)
[0m[34m[TIME]: 0.0009 seconds total (1135.1 hz, 0.25 ms behind)
[0m[34m[TIME]: 0.0008 seconds total (1283.7 hz, 0.25 ms behind)
[0m[34m[TIME]: 0.0008 seconds total (1210.7 hz, 0.25 ms behind)
[0m[34m[TIME]: 0.0007 seconds total (1533.7 hz, 0.25 ms behind)
[0m[34m[TIME]: 0.0004 seconds total (2544.5 hz, 0.25 ms behind)
[0m[34m[TIME]: 0.0004 seconds total (2544.5 hz, 0.25 ms behind)
[0m[34m[TIME]: 0.0009 seconds total (1158.7 hz, 0.25 ms behind)
[0m[34m[TIME]: 0.0007 seconds total (1355.0 hz, 0.25 ms behind)
[0m[34m[TIME]: 0.0008 seconds total (1280.4 hz, 0.25 ms behind)
[0m[34m[TIME]: 0.0005 seconds total (1838.2 hz, 0.25 ms behind)
[0m[34m[TIME]: 0.0003 seconds total (2949.9 hz, 0.25 ms behind)
[0m[34m[TIME]: 0.0004 seconds total (2724.8 hz, 0.25 ms behind)
[0m[34m[TIME]: 0.0009 seconds total (1105.0 hz, 0.25 ms behind)
[0m[34m[TIME]: 0.0007 seconds total (1404.5 hz, 0.25 ms behind)
[0m[34m[TIME]: 0.0005 seconds total (1845.0 hz, 0.25 ms behind)
[0m[34m[TIME]: 0.0005 seconds total (2217.3 hz, 0.25 ms behind)
[0m[34m[TIME]: 0.0004 seconds total (2638.5 hz, 0.25 ms behind)
[0m[34m[TIME]: 0.0004 seconds total (2457.0 hz, 0.25 ms behind)
[0m[34m[TIME]: 0.0009 seconds total (1141.6 hz, 0.00 ms behind)
[0m[34m[TIME]: 0.0007 seconds total (1371.7 hz, 0.00 ms behind)
[0m[34m[TIME]: 0.0008 seconds total (1270.6 hz, 0.00 ms behind)
[0m[34m[TIME]: 0.0006 seconds total (1631.3 hz, 0.00 ms behind)
[0m[34m[TIME]: 0.0006 seconds total (1788.9 hz, 0.00 ms behind)
[0m[34m[TIME]: 0.0006 seconds total (1592.4 hz, 0.00 ms behind)
[0m[34m[TIME]: 0.0009 seconds total (1146.8 hz, 0.25 ms behind)
[0m[34m[TIME]: 0.0008 seconds total (1267.4 hz, 0.25 ms behind)
[0m[34m[TIME]: 0.0008 seconds total (1265.8 hz, 0.25 ms behind)
[0m[34m[TIME]: 0.0006 seconds total (1545.6 hz, 0.25 ms behind)
[0m[34m[TIME]: 0.0006 seconds total (1680.7 hz, 0.25 ms behind)
[0m[34m[TIME]: 0.0007 seconds total (1488.1 hz, 0.25 ms behind)
[0m[34m[TIME]: 0.0008 seconds total (1207.7 hz, 0.25 ms behind)
[0m[34m[TIME]: 0.0007 seconds total (1351.4 hz, 0.25 ms behind)
[0m[34m[TIME]: 0.0008 seconds total (1300.4 hz, 0.25 ms behind)
[0m[34m[TIME]: 0.0006 seconds total (1655.6 hz, 0.25 ms behind)
[0m[34m[TIME]: 0.0006 seconds total (1745.2 hz, 0.25 ms behind)
[0m[34m[TIME]: 0.0007 seconds total (1531.4 hz, 0.25 ms behind)
[0m[34m[TIME]: 0.0009 seconds total (1157.4 hz, 0.25 ms behind)
[0m[34m[TIME]: 0.0008 seconds total (1261.0 hz, 0.25 ms behind)
[0m[34m[TIME]: 0.0008 seconds total (1242.2 hz, 0.25 ms behind)
[0m[34m[TIME]: 0.0006 seconds total (1567.4 hz, 0.25 ms behind)
[0m[34m[TIME]: 0.0006 seconds total (1694.9 hz, 0.25 ms behind)
[0m[34m[TIME]: 0.0007 seconds total (1430.6 hz, 0.25 ms behind)
[0m[34m[TIME]: 0.0009 seconds total (1166.9 hz, 0.00 ms behind)
[0m[34m[TIME]: 0.0008 seconds total (1333.3 hz, 0.00 ms behind)
[0m[34m[TIME]: 0.0008 seconds total (1287.0 hz, 0.00 ms behind)
[0m[34m[TIME]: 0.0006 seconds total (1661.1 hz, 0.00 ms behind)
[0m[34m[TIME]: 0.0006 seconds total (1748.3 hz, 0.00 ms behind)
[0m[34m[TIME]: 0.0007 seconds total (1501.5 hz, 0.00 ms behind)
[0m[34m[TIME]: 0.0009 seconds total (1153.4 hz, 0.25 ms behind)
[0m[34m[TIME]: 0.0008 seconds total (1292.0 hz, 0.25 ms behind)
[0m[34m[TIME]: 0.0008 seconds total (1265.8 hz, 0.25 ms behind)
[0m[34m[TIME]: 0.0006 seconds total (1538.5 hz, 0.25 ms behind)
[0m[34m[TIME]: 0.0006 seconds total (1642.0 hz, 0.25 ms behind)
[0m[34m[TIME]: 0.0007 seconds total (1468.4 hz, 0.25 ms behind)
[0m[34m[TIME]: 0.0009 seconds total (1154.7 hz, 0.25 ms behind)
[0m[34m[TIME]: 0.0008 seconds total (1303.8 hz, 0.25 ms behind)
[0m[34m[TIME]: 0.0008 seconds total (1257.9 hz, 0.25 ms behind)
[0m[34m[TIME]: 0.0006 seconds total (1642.0 hz, 0.25 ms behind)
[0m[34m[TIME]: 0.0006 seconds total (1805.1 hz, 0.25 ms behind)
[0m[34m[TIME]: 0.0005 seconds total (1821.5 hz, 0.25 ms behind)
[0m[34m[TIME]: 0.0009 seconds total (1149.4 hz, 0.25 ms behind)
[0m[34m[TIME]: 0.0008 seconds total (1251.6 hz, 0.25 ms behind)
[0m[34m[TIME]: 0.0008 seconds total (1236.1 hz, 0.25 ms behind)
[0m[34m[TIME]: 0.0006 seconds total (1597.4 hz, 0.25 ms behind)
[0m[34m[TIME]: 0.0006 seconds total (1628.7 hz, 0.25 ms behind)
[0m[34m[TIME]: 0.0007 seconds total (1445.1 hz, 0.25 ms behind)
[0m[34m[TIME]: 0.0008 seconds total (1186.2 hz, 0.00 ms behind)
[0m[34m[TIME]: 0.0007 seconds total (1410.4 hz, 0.00 ms behind)
[0m[34m[TIME]: 0.0008 seconds total (1305.5 hz, 0.00 ms behind)
[0m[34m[TIME]: 0.0007 seconds total (1466.3 hz, 0.00 ms behind)
[0m[34m[TIME]: 0.0006 seconds total (1782.5 hz, 0.00 ms behind)
[0m[34m[TIME]: 0.0007 seconds total (1470.6 hz, 0.00 ms behind)
[0m[34m[TIME]: 0.0009 seconds total (1161.4 hz, 0.25 ms behind)
[0m[34m[TIME]: 0.0008 seconds total (1267.4 hz, 0.25 ms behind)
[0m[34m[TIME]: 0.0008 seconds total (1261.0 hz, 0.25 ms behind)
[0m[34m[TIME]: 0.0006 seconds total (1605.1 hz, 0.25 ms behind)
[0m[34m[TIME]: 0.0006 seconds total (1669.4 hz, 0.25 ms behind)
[0m[34m[TIME]: 0.0007 seconds total (1488.1 hz, 0.25 ms behind)
[0m[34m[TIME]: 0.0008 seconds total (1197.6 hz, 0.25 ms behind)
[0m[34m[TIME]: 0.0007 seconds total (1349.5 hz, 0.25 ms behind)
[0m[34m[TIME]: 0.0007 seconds total (1501.5 hz, 0.25 ms behind)
[0m[34m[TIME]: 0.0004 seconds total (2403.8 hz, 0.25 ms behind)
[0m[34m[TIME]: 0.0004 seconds total (2777.8 hz, 0.25 ms behind)
[0m[34m[TIME]: 0.0004 seconds total (2604.2 hz, 0.25 ms behind)
[0m[34m[TIME]: 0.0008 seconds total (1197.6 hz, 0.25 ms behind)
[0m[34m[TIME]: 0.0008 seconds total (1288.7 hz, 0.25 ms behind)
[0m[34m[TIME]: 0.0008 seconds total (1254.7 hz, 0.25 ms behind)
[0m[34m[TIME]: 0.0006 seconds total (1647.4 hz, 0.25 ms behind)
[0m[34m[TIME]: 0.0006 seconds total (1647.4 hz, 0.25 ms behind)
[0m[34m[TIME]: 0.0007 seconds total (1506.0 hz, 0.25 ms behind)
[0m[34m[TIME]: 0.0009 seconds total (1149.4 hz, 0.25 ms behind)
[0m[34m[TIME]: 0.0008 seconds total (1329.8 hz, 0.25 ms behind)
[0m[34m[TIME]: 0.0008 seconds total (1293.7 hz, 0.25 ms behind)
[0m[34m[TIME]: 0.0006 seconds total (1683.5 hz, 0.25 ms behind)
[0m[34m[TIME]: 0.0006 seconds total (1706.5 hz, 0.25 ms behind)
[0m[34m[TIME]: 0.0004 seconds total (2347.4 hz, 0.25 ms behind)
[0m[34m[TIME]: 0.0007 seconds total (1347.7 hz, 0.25 ms behind)
[0m[34m[TIME]: 0.0006 seconds total (1766.8 hz, 0.25 ms behind)
[0m[34m[TIME]: 0.0005 seconds total (1845.0 hz, 0.25 ms behind)
[0m[34m[TIME]: 0.0004 seconds total (2252.3 hz, 0.25 ms behind)
[0m[34m[TIME]: 0.0004 seconds total (2487.6 hz, 0.25 ms behind)
[0m[34m[TIME]: 0.0004 seconds total (2525.3 hz, 0.25 ms behind)
[0m[34m[TIME]: 0.0009 seconds total (1172.3 hz, 0.25 ms behind)
[0m[34m[TIME]: 0.0008 seconds total (1322.8 hz, 0.25 ms behind)
[0m[34m[TIME]: 0.0008 seconds total (1285.3 hz, 0.25 ms behind)
[0m[34m[TIME]: 0.0006 seconds total (1742.2 hz, 0.25 ms behind)
[0m[34m[TIME]: 0.0006 seconds total (1736.1 hz, 0.25 ms behind)
[0m[34m[TIME]: 0.0006 seconds total (1626.0 hz, 0.25 ms behind)
[0m[34m[TIME]: 0.0009 seconds total (1160.1 hz, 0.25 ms behind)
[0m[34m[TIME]: 0.0008 seconds total (1246.9 hz, 0.25 ms behind)
[0m[34m[TIME]: 0.0008 seconds total (1234.6 hz, 0.25 ms behind)
[0m[34m[TIME]: 0.0006 seconds total (1634.0 hz, 0.25 ms behind)
[0m[34m[TIME]: 0.0006 seconds total (1631.3 hz, 0.25 ms behind)
[0m[34m[TIME]: 0.0006 seconds total (1605.1 hz, 0.25 ms behind)
[0m[34m[TIME]: 0.0008 seconds total (1204.8 hz, 0.25 ms behind)
[0m[34m[TIME]: 0.0008 seconds total (1302.1 hz, 0.25 ms behind)
[0m[34m[TIME]: 0.0008 seconds total (1308.9 hz, 0.25 ms behind)
[0m[34m[TIME]: 0.0006 seconds total (1739.1 hz, 0.25 ms behind)
[0m[34m[TIME]: 0.0006 seconds total (1748.3 hz, 0.25 ms behind)
[0m[34m[TIME]: 0.0006 seconds total (1636.7 hz, 0.25 ms behind)
[0m[34m[TIME]: 0.0009 seconds total (1156.1 hz, 0.25 ms behind)
[0m[34m[TIME]: 0.0008 seconds total (1253.1 hz, 0.25 ms behind)
[0m[34m[TIME]: 0.0008 seconds total (1246.9 hz, 0.25 ms behind)
[0m[34m[TIME]: 0.0006 seconds total (1647.4 hz, 0.25 ms behind)
[0m[34m[TIME]: 0.0006 seconds total (1628.7 hz, 0.25 ms behind)
[0m[34m[TIME]: 0.0006 seconds total (1663.9 hz, 0.25 ms behind)
[0m[34m[TIME]: 0.0008 seconds total (1245.3 hz, 0.25 ms behind)
[0m[34m[TIME]: 0.0008 seconds total (1275.5 hz, 0.25 ms behind)
[0m[34m[TIME]: 0.0008 seconds total (1298.7 hz, 0.25 ms behind)
[0m[34m[TIME]: 0.0006 seconds total (1739.1 hz, 0.25 ms behind)
[0m[34m[TIME]: 0.0006 seconds total (1754.4 hz, 0.25 ms behind)
[0m[34m[TIME]: 0.0006 seconds total (1721.2 hz, 0.25 ms behind)
[0m[34m[TIME]: 0.0009 seconds total (1160.1 hz, 0.25 ms behind)
[0m[34m[TIME]: 0.0009 seconds total (1166.9 hz, 0.25 ms behind)
[0m[34m[TIME]: 0.0008 seconds total (1234.6 hz, 0.25 ms behind)
[0m[34m[TIME]: 0.0006 seconds total (1663.9 hz, 0.25 ms behind)
[0m[34m[TIME]: 0.0006 seconds total (1631.3 hz, 0.25 ms behind)
[0m[34m[TIME]: 0.0006 seconds total (1733.1 hz, 0.25 ms behind)
[0m[34m[TIME]: 0.0009 seconds total (1175.1 hz, 0.00 ms behind)
[0m[34m[TIME]: 0.0008 seconds total (1231.5 hz, 0.00 ms behind)
[0m[34m[TIME]: 0.0008 seconds total (1280.4 hz, 0.00 ms behind)
[0m[34m[TIME]: 0.0006 seconds total (1748.3 hz, 0.00 ms behind)
[0m[34m[TIME]: 0.0004 seconds total (2352.9 hz, 0.00 ms behind)
[0m[34m[TIME]: 0.0004 seconds total (2463.1 hz, 0.00 ms behind)
[0m[34m[TIME]: 0.0007 seconds total (1353.2 hz, 0.25 ms behind)
[0m[34m[TIME]: 0.0006 seconds total (1745.2 hz, 0.25 ms behind)
[0m[34m[TIME]: 0.0005 seconds total (1824.8 hz, 0.25 ms behind)
[0m[34m[TIME]: 0.0004 seconds total (2314.8 hz, 0.25 ms behind)
[0m[34m[TIME]: 0.0004 seconds total (2421.3 hz, 0.25 ms behind)
[0m[34m[TIME]: 0.0004 seconds total (2386.6 hz, 0.25 ms behind)
[0m[34m[TIME]: 0.0008 seconds total (1194.7 hz, 0.25 ms behind)
[0m[34m[TIME]: 0.0006 seconds total (1788.9 hz, 0.25 ms behind)
[0m[34m[TIME]: 0.0005 seconds total (1923.1 hz, 0.25 ms behind)
[0m[34m[TIME]: 0.0004 seconds total (2252.3 hz, 0.25 ms behind)
[0m[34m[TIME]: 0.0004 seconds total (2487.6 hz, 0.25 ms behind)
[0m[34m[TIME]: 0.0004 seconds total (2493.8 hz, 0.25 ms behind)
[0m[34m[TIME]: 0.0009 seconds total (1122.3 hz, 0.25 ms behind)
[0m[34m[TIME]: 0.0009 seconds total (1133.8 hz, 0.25 ms behind)
[0m[34m[TIME]: 0.0008 seconds total (1219.5 hz, 0.25 ms behind)
[0m[34m[TIME]: 0.0006 seconds total (1652.9 hz, 0.25 ms behind)
[0m[34m[TIME]: 0.0006 seconds total (1600.0 hz, 0.25 ms behind)
[0m[34m[TIME]: 0.0006 seconds total (1703.6 hz, 0.25 ms behind)
[0m[34m[TIME]: 0.0009 seconds total (1141.6 hz, 0.25 ms behind)
[0m[34m[TIME]: 0.0009 seconds total (1165.5 hz, 0.25 ms behind)
[0m[34m[TIME]: 0.0008 seconds total (1283.7 hz, 0.25 ms behind)
[0m[34m[TIME]: 0.0006 seconds total (1748.3 hz, 0.25 ms behind)
[0m[34m[TIME]: 0.0006 seconds total (1672.2 hz, 0.25 ms behind)
[0m[34m[TIME]: 0.0006 seconds total (1798.6 hz, 0.25 ms behind)
[0m[34m[TIME]: 0.0009 seconds total (1154.7 hz, 0.25 ms behind)
[0m[34m[TIME]: 0.0008 seconds total (1224.0 hz, 0.25 ms behind)
[0m[34m[TIME]: 0.0008 seconds total (1210.7 hz, 0.25 ms behind)
[0m[34m[TIME]: 0.0006 seconds total (1683.5 hz, 0.25 ms behind)
[0m[34m[TIME]: 0.0006 seconds total (1589.8 hz, 0.25 ms behind)
[0m[34m[TIME]: 0.0006 seconds total (1718.2 hz, 0.25 ms behind)
[0m[34m[TIME]: 0.0009 seconds total (1161.4 hz, 0.25 ms behind)
[0m[34m[TIME]: 0.0008 seconds total (1278.8 hz, 0.25 ms behind)
[0m[34m[TIME]: 0.0008 seconds total (1259.4 hz, 0.25 ms behind)
[0m[34m[TIME]: 0.0006 seconds total (1721.2 hz, 0.25 ms behind)
[0m[34m[TIME]: 0.0006 seconds total (1582.3 hz, 0.25 ms behind)
[0m[34m[TIME]: 0.0006 seconds total (1742.2 hz, 0.25 ms behind)
[0m[34m[TIME]: 0.0009 seconds total (1129.9 hz, 0.25 ms behind)
[0m[34m[TIME]: 0.0008 seconds total (1265.8 hz, 0.25 ms behind)
[0m[34m[TIME]: 0.0005 seconds total (1818.2 hz, 0.25 ms behind)
[0m[34m[TIME]: 0.0004 seconds total (2272.7 hz, 0.25 ms behind)
[0m[34m[TIME]: 0.0005 seconds total (2183.4 hz, 0.25 ms behind)
[0m[34m[TIME]: 0.0004 seconds total (2314.8 hz, 0.25 ms behind)
[0m[34m[TIME]: 0.0008 seconds total (1183.4 hz, 0.50 ms behind)
[0m[34m[TIME]: 0.0008 seconds total (1256.3 hz, 0.50 ms behind)
[0m[34m[TIME]: 0.0008 seconds total (1261.0 hz, 0.50 ms behind)
[0m[34m[TIME]: 0.0006 seconds total (1730.1 hz, 0.50 ms behind)
[0m[34m[TIME]: 0.0006 seconds total (1610.3 hz, 0.50 ms behind)
[0m[34m[TIME]: 0.0006 seconds total (1782.5 hz, 0.50 ms behind)
[0m[34m[TIME]: 0.0008 seconds total (1329.8 hz, 0.25 ms behind)
[0m[34m[TIME]: 0.0006 seconds total (1808.3 hz, 0.25 ms behind)
[0m[34m[TIME]: 0.0005 seconds total (1828.2 hz, 0.25 ms behind)
[0m[34m[TIME]: 0.0004 seconds total (2314.8 hz, 0.25 ms behind)
[0m[34m[TIME]: 0.0006 seconds total (1745.2 hz, 0.25 ms behind)
[0m[34m[TIME]: 0.0006 seconds total (1672.2 hz, 0.25 ms behind)
[0m[34m[TIME]: 0.0008 seconds total (1176.5 hz, 0.25 ms behind)
[0m[34m[TIME]: 0.0008 seconds total (1243.8 hz, 0.25 ms behind)
[0m[34m[TIME]: 0.0008 seconds total (1282.1 hz, 0.25 ms behind)
[0m[34m[TIME]: 0.0006 seconds total (1721.2 hz, 0.25 ms behind)
[0m[34m[TIME]: 0.0006 seconds total (1628.7 hz, 0.25 ms behind)
[0m[34m[TIME]: 0.0006 seconds total (1795.3 hz, 0.25 ms behind)
[0m[34m[TIME]: 0.0009 seconds total (1145.5 hz, 0.25 ms behind)
[0m[34m[TIME]: 0.0008 seconds total (1190.5 hz, 0.25 ms behind)
[0m[34m[TIME]: 0.0008 seconds total (1193.3 hz, 0.25 ms behind)
[0m[34m[TIME]: 0.0006 seconds total (1584.8 hz, 0.25 ms behind)
[0m[34m[TIME]: 0.0007 seconds total (1490.3 hz, 0.25 ms behind)
[0m[34m[TIME]: 0.0006 seconds total (1733.1 hz, 0.25 ms behind)
[0m[34m[TIME]: 0.0009 seconds total (1166.9 hz, 0.25 ms behind)
[0m[34m[TIME]: 0.0005 seconds total (1821.5 hz, 0.25 ms behind)
[0m[34m[TIME]: 0.0005 seconds total (1893.9 hz, 0.25 ms behind)
[0m[34m[TIME]: 0.0004 seconds total (2358.5 hz, 0.25 ms behind)
[0m[34m[TIME]: 0.0005 seconds total (2173.9 hz, 0.25 ms behind)
[0m[34m[TIME]: 0.0004 seconds total (2518.9 hz, 0.25 ms behind)
[0m[34m[TIME]: 0.0009 seconds total (1157.4 hz, 0.25 ms behind)
[0m[34m[TIME]: 0.0008 seconds total (1182.0 hz, 0.25 ms behind)
[0m[34m[TIME]: 0.0008 seconds total (1210.7 hz, 0.25 ms behind)
[0m[34m[TIME]: 0.0005 seconds total (2114.2 hz, 0.25 ms behind)
[0m[34m[TIME]: 0.0005 seconds total (2155.2 hz, 0.25 ms behind)
[0m[34m[TIME]: 0.0004 seconds total (2283.1 hz, 0.25 ms behind)
[0m[34m[TIME]: 0.0009 seconds total (1162.8 hz, 0.25 ms behind)
[0m[34m[TIME]: 0.0008 seconds total (1194.7 hz, 0.25 ms behind)
[0m[34m[TIME]: 0.0008 seconds total (1295.3 hz, 0.25 ms behind)
[0m[34m[TIME]: 0.0006 seconds total (1739.1 hz, 0.25 ms behind)
[0m[34m[TIME]: 0.0006 seconds total (1706.5 hz, 0.25 ms behind)
[0m[34m[TIME]: 0.0006 seconds total (1692.0 hz, 0.25 ms behind)
[0m[34m[TIME]: 0.0009 seconds total (1150.7 hz, 0.25 ms behind)
[0m[34m[TIME]: 0.0009 seconds total (1169.6 hz, 0.25 ms behind)
[0m[34m[TIME]: 0.0008 seconds total (1236.1 hz, 0.25 ms behind)
[0m[34m[TIME]: 0.0006 seconds total (1636.7 hz, 0.25 ms behind)
[0m[34m[TIME]: 0.0006 seconds total (1557.6 hz, 0.25 ms behind)
[0m[34m[TIME]: 0.0006 seconds total (1675.0 hz, 0.25 ms behind)
[0m[34m[TIME]: 0.0009 seconds total (1169.6 hz, 0.25 ms behind)
[0m[34m[TIME]: 0.0008 seconds total (1191.9 hz, 0.25 ms behind)
[0m[34m[TIME]: 0.0008 seconds total (1287.0 hz, 0.25 ms behind)
[0m[34m[TIME]: 0.0006 seconds total (1703.6 hz, 0.25 ms behind)
[0m[34m[TIME]: 0.0006 seconds total (1788.9 hz, 0.25 ms behind)
[0m[34m[TIME]: 0.0006 seconds total (1779.4 hz, 0.25 ms behind)
[0m[34m[TIME]: 0.0009 seconds total (1153.4 hz, 0.25 ms behind)
[0m[34m[TIME]: 0.0009 seconds total (1166.9 hz, 0.25 ms behind)
[0m[34m[TIME]: 0.0008 seconds total (1206.3 hz, 0.25 ms behind)
[0m[34m[TIME]: 0.0006 seconds total (1650.2 hz, 0.25 ms behind)
[0m[34m[TIME]: 0.0006 seconds total (1545.6 hz, 0.25 ms behind)
[0m[34m[TIME]: 0.0006 seconds total (1779.4 hz, 0.25 ms behind)
[0m[34m[TIME]: 0.0008 seconds total (1183.4 hz, 0.25 ms behind)
[0m[34m[TIME]: 0.0008 seconds total (1203.4 hz, 0.25 ms behind)
[0m[34m[TIME]: 0.0006 seconds total (1754.4 hz, 0.25 ms behind)
[0m[34m[TIME]: 0.0004 seconds total (2381.0 hz, 0.25 ms behind)
[0m[34m[TIME]: 0.0004 seconds total (2584.0 hz, 0.25 ms behind)
[0m[34m[TIME]: 0.0004 seconds total (2617.8 hz, 0.25 ms behind)
[0m[34m[TIME]: 0.0007 seconds total (1468.4 hz, 0.25 ms behind)
[0m[34m[TIME]: 0.0007 seconds total (1443.0 hz, 0.25 ms behind)
[0m[34m[TIME]: 0.0007 seconds total (1515.2 hz, 0.25 ms behind)
[0m[34m[TIME]: 0.0005 seconds total (1938.0 hz, 0.25 ms behind)
[0m[34m[TIME]: 0.0005 seconds total (2159.8 hz, 0.25 ms behind)
[0m[34m[TIME]: 0.0005 seconds total (2183.4 hz, 0.25 ms behind)
[0m[34m[TIME]: 0.0009 seconds total (1168.2 hz, 0.25 ms behind)
[0m[34m[TIME]: 0.0008 seconds total (1213.6 hz, 0.25 ms behind)
[0m[34m[TIME]: 0.0008 seconds total (1261.0 hz, 0.25 ms behind)
[0m[34m[TIME]: 0.0006 seconds total (1724.1 hz, 0.25 ms behind)
[0m[34m[TIME]: 0.0006 seconds total (1769.9 hz, 0.25 ms behind)
[0m[34m[TIME]: 0.0006 seconds total (1808.3 hz, 0.25 ms behind)
[0m[34m[TIME]: 0.0009 seconds total (1175.1 hz, 0.25 ms behind)
[0m[34m[TIME]: 0.0009 seconds total (1142.9 hz, 0.25 ms behind)
[0m[34m[TIME]: 0.0008 seconds total (1231.5 hz, 0.25 ms behind)
[0m[34m[TIME]: 0.0006 seconds total (1644.7 hz, 0.25 ms behind)
[0m[34m[TIME]: 0.0009 seconds total (1175.1 hz, 0.25 ms behind)
[0m[34m[TIME]: 0.0006 seconds total (1742.2 hz, 0.25 ms behind)
[0m[34m[TIME]: 0.0009 seconds total (1158.7 hz, 0.25 ms behind)
[0m[34m[TIME]: 0.0006 seconds total (1739.1 hz, 0.25 ms behind)
[0m[34m[TIME]: 0.0005 seconds total (1938.0 hz, 0.25 ms behind)
[0m[34m[TIME]: 0.0004 seconds total (2375.3 hz, 0.25 ms behind)
[0m[34m[TIME]: 0.0006 seconds total (1814.9 hz, 0.25 ms behind)
[0m[34m[TIME]: 0.0004 seconds total (2551.0 hz, 0.25 ms behind)
[0m[34m[TIME]: 0.0009 seconds total (1140.3 hz, 0.25 ms behind)
[0m[34m[TIME]: 0.0008 seconds total (1193.3 hz, 0.25 ms behind)
[0m[34m[TIME]: 0.0008 seconds total (1250.0 hz, 0.25 ms behind)
[0m[34m[TIME]: 0.0006 seconds total (1655.6 hz, 0.25 ms behind)
[0m[34m[TIME]: 0.0009 seconds total (1161.4 hz, 0.25 ms behind)
[0m[34m[TIME]: 0.0006 seconds total (1680.7 hz, 0.25 ms behind)
[0m[34m[TIME]: 0.0009 seconds total (1172.3 hz, 0.25 ms behind)
[0m[34m[TIME]: 0.0008 seconds total (1222.5 hz, 0.25 ms behind)
[0m[34m[TIME]: 0.0008 seconds total (1280.4 hz, 0.25 ms behind)
[0m[34m[TIME]: 0.0006 seconds total (1715.3 hz, 0.25 ms behind)
[0m[34m[TIME]: 0.0008 seconds total (1212.1 hz, 0.25 ms behind)
[0m[34m[TIME]: 0.0006 seconds total (1779.4 hz, 0.25 ms behind)
[0m[34m[TIME]: 0.0009 seconds total (1162.8 hz, 0.25 ms behind)
[0m[34m[TIME]: 0.0009 seconds total (1173.7 hz, 0.25 ms behind)
[0m[34m[TIME]: 0.0008 seconds total (1234.6 hz, 0.25 ms behind)
[0m[34m[TIME]: 0.0006 seconds total (1650.2 hz, 0.25 ms behind)
[0m[34m[TIME]: 0.0009 seconds total (1166.9 hz, 0.25 ms behind)
[0m[34m[TIME]: 0.0006 seconds total (1724.1 hz, 0.25 ms behind)
[0m[34m[TIME]: 0.0009 seconds total (1171.0 hz, 0.25 ms behind)
[0m[34m[TIME]: 0.0008 seconds total (1203.4 hz, 0.25 ms behind)
[0m[34m[TIME]: 0.0008 seconds total (1269.0 hz, 0.25 ms behind)
[0m[34m[TIME]: 0.0006 seconds total (1706.5 hz, 0.25 ms behind)
[0m[34m[TIME]: 0.0008 seconds total (1209.2 hz, 0.25 ms behind)
[0m[34m[TIME]: 0.0006 seconds total (1814.9 hz, 0.25 ms behind)
[0m[34m[TIME]: 0.0009 seconds total (1168.2 hz, 0.25 ms behind)
[0m[34m[TIME]: 0.0008 seconds total (1199.0 hz, 0.25 ms behind)
[0m[34m[TIME]: 0.0008 seconds total (1243.8 hz, 0.25 ms behind)
[0m[34m[TIME]: 0.0006 seconds total (1669.4 hz, 0.25 ms behind)
[0m[34m[TIME]: 0.0008 seconds total (1190.5 hz, 0.25 ms behind)
[0m[34m[TIME]: 0.0006 seconds total (1661.1 hz, 0.25 ms behind)
[0m[34m[TIME]: 0.0008 seconds total (1186.2 hz, 0.25 ms behind)
[0m[34m[TIME]: 0.0008 seconds total (1221.0 hz, 0.25 ms behind)
[0m[34m[TIME]: 0.0008 seconds total (1283.7 hz, 0.25 ms behind)
[0m[34m[TIME]: 0.0006 seconds total (1715.3 hz, 0.25 ms behind)
[0m[34m[TIME]: 0.0008 seconds total (1234.6 hz, 0.25 ms behind)
[0m[34m[TIME]: 0.0006 seconds total (1805.1 hz, 0.25 ms behind)
[0m[34m[TIME]: 0.0009 seconds total (1136.4 hz, 0.25 ms behind)
[0m[34m[TIME]: 0.0008 seconds total (1204.8 hz, 0.25 ms behind)
[0m[34m[TIME]: 0.0008 seconds total (1248.4 hz, 0.25 ms behind)
[0m[34m[TIME]: 0.0006 seconds total (1689.2 hz, 0.25 ms behind)
[0m[34m[TIME]: 0.0008 seconds total (1197.6 hz, 0.25 ms behind)
[0m[34m[TIME]: 0.0006 seconds total (1694.9 hz, 0.25 ms behind)
[0m[34m[TIME]: 0.0008 seconds total (1219.5 hz, 0.25 ms behind)
[0m[34m[TIME]: 0.0008 seconds total (1236.1 hz, 0.25 ms behind)
[0m[34m[TIME]: 0.0008 seconds total (1292.0 hz, 0.25 ms behind)
[0m[34m[TIME]: 0.0006 seconds total (1718.2 hz, 0.25 ms behind)
[0m[34m[TIME]: 0.0008 seconds total (1246.9 hz, 0.25 ms behind)
[0m[34m[TIME]: 0.0006 seconds total (1760.6 hz, 0.25 ms behind)
[0m[34m[TIME]: 0.0009 seconds total (1175.1 hz, 0.25 ms behind)
[0m[34m[TIME]: 0.0008 seconds total (1191.9 hz, 0.25 ms behind)
[0m[34m[TIME]: 0.0008 seconds total (1209.2 hz, 0.25 ms behind)
[0m[34m[TIME]: 0.0006 seconds total (1663.9 hz, 0.25 ms behind)
[0m[34m[TIME]: 0.0008 seconds total (1204.8 hz, 0.25 ms behind)
[0m[34m[TIME]: 0.0006 seconds total (1724.1 hz, 0.25 ms behind)
[0m[34m[TIME]: 0.0008 seconds total (1190.5 hz, 0.25 ms behind)
[0m[34m[TIME]: 0.0008 seconds total (1227.0 hz, 0.25 ms behind)
[0m[34m[TIME]: 0.0008 seconds total (1295.3 hz, 0.25 ms behind)
[0m[34m[TIME]: 0.0006 seconds total (1730.1 hz, 0.25 ms behind)
[0m[34m[TIME]: 0.0008 seconds total (1259.4 hz, 0.25 ms behind)
[0m[34m[TIME]: 0.0005 seconds total (1858.7 hz, 0.25 ms behind)
[0m[34m[TIME]: 0.0009 seconds total (1150.7 hz, 0.25 ms behind)
[0m[34m[TIME]: 0.0009 seconds total (1148.1 hz, 0.25 ms behind)
[0m[34m[TIME]: 0.0008 seconds total (1228.5 hz, 0.25 ms behind)
[0m[34m[TIME]: 0.0006 seconds total (1652.9 hz, 0.25 ms behind)
[0m[34m[TIME]: 0.0008 seconds total (1295.3 hz, 0.25 ms behind)
[0m[34m[TIME]: 0.0006 seconds total (1706.5 hz, 0.25 ms behind)
[0m[34m[TIME]: 0.0008 seconds total (1184.8 hz, 0.25 ms behind)
[0m[34m[TIME]: 0.0006 seconds total (1639.3 hz, 0.25 ms behind)
[0m[34m[TIME]: 0.0006 seconds total (1579.8 hz, 0.25 ms behind)
[0m[34m[TIME]: 0.0005 seconds total (2118.6 hz, 0.25 ms behind)
[0m[34m[TIME]: 0.0006 seconds total (1709.4 hz, 0.25 ms behind)
[0m[34m[TIME]: 0.0004 seconds total (2358.5 hz, 0.25 ms behind)
[0m[34m[TIME]: 0.0009 seconds total (1172.3 hz, 0.25 ms behind)
[0m[34m[TIME]: 0.0007 seconds total (1477.1 hz, 0.25 ms behind)
[0m[34m[TIME]: 0.0007 seconds total (1519.8 hz, 0.25 ms behind)
[0m[34m[TIME]: 0.0005 seconds total (2169.2 hz, 0.25 ms behind)
[0m[34m[TIME]: 0.0005 seconds total (1834.9 hz, 0.25 ms behind)
[0m[34m[TIME]: 0.0004 seconds total (2247.2 hz, 0.25 ms behind)
[0m[34m[TIME]: 0.0008 seconds total (1239.2 hz, 0.25 ms behind)
[0m[34m[TIME]: 0.0008 seconds total (1225.5 hz, 0.25 ms behind)
[0m[34m[TIME]: 0.0008 seconds total (1264.2 hz, 0.25 ms behind)
[0m[34m[TIME]: 0.0006 seconds total (1727.1 hz, 0.25 ms behind)
[0m[34m[TIME]: 0.0007 seconds total (1379.3 hz, 0.25 ms behind)
[0m[34m[TIME]: 0.0005 seconds total (1828.2 hz, 0.25 ms behind)
[0m[34m[TIME]: 0.0009 seconds total (1148.1 hz, 0.25 ms behind)
[0m[34m[TIME]: 0.0009 seconds total (1122.3 hz, 0.25 ms behind)
[0m[34m[TIME]: 0.0008 seconds total (1189.1 hz, 0.25 ms behind)
[0m[34m[TIME]: 0.0006 seconds total (1672.2 hz, 0.25 ms behind)
[0m[34m[TIME]: 0.0008 seconds total (1278.8 hz, 0.25 ms behind)
[0m[34m[TIME]: 0.0006 seconds total (1680.7 hz, 0.25 ms behind)
[0m[34m[TIME]: 0.0008 seconds total (1201.9 hz, 0.25 ms behind)
[0m[34m[TIME]: 0.0009 seconds total (1165.5 hz, 0.25 ms behind)
[0m[34m[TIME]: 0.0008 seconds total (1246.9 hz, 0.25 ms behind)
[0m[34m[TIME]: 0.0006 seconds total (1715.3 hz, 0.25 ms behind)
[0m[34m[TIME]: 0.0007 seconds total (1379.3 hz, 0.25 ms behind)
[0m[34m[TIME]: 0.0006 seconds total (1769.9 hz, 0.25 ms behind)
[0m[34m[TIME]: 0.0009 seconds total (1148.1 hz, 0.25 ms behind)
[0m[34m[TIME]: 0.0009 seconds total (1105.0 hz, 0.25 ms behind)
[0m[34m[TIME]: 0.0008 seconds total (1191.9 hz, 0.25 ms behind)
[0m[34m[TIME]: 0.0006 seconds total (1620.7 hz, 0.25 ms behind)
[0m[34m[TIME]: 0.0008 seconds total (1270.6 hz, 0.25 ms behind)
[0m[34m[TIME]: 0.0006 seconds total (1661.1 hz, 0.25 ms behind)
[0m[34m[TIME]: 0.0009 seconds total (1162.8 hz, 0.25 ms behind)
[0m[34m[TIME]: 0.0008 seconds total (1182.0 hz, 0.25 ms behind)
[0m[34m[TIME]: 0.0008 seconds total (1262.6 hz, 0.25 ms behind)
[0m[34m[TIME]: 0.0006 seconds total (1700.7 hz, 0.25 ms behind)
[0m[34m[TIME]: 0.0007 seconds total (1360.5 hz, 0.25 ms behind)
[0m[34m[TIME]: 0.0006 seconds total (1795.3 hz, 0.25 ms behind)
[0m[34m[TIME]: 0.0009 seconds total (1133.8 hz, 0.25 ms behind)
[0m[34m[TIME]: 0.0009 seconds total (1118.6 hz, 0.25 ms behind)
[0m[34m[TIME]: 0.0009 seconds total (1173.7 hz, 0.25 ms behind)
[0m[34m[TIME]: 0.0006 seconds total (1655.6 hz, 0.25 ms behind)
[0m[34m[TIME]: 0.0008 seconds total (1310.6 hz, 0.25 ms behind)
[0m[34m[TIME]: 0.0006 seconds total (1669.4 hz, 0.25 ms behind)
[0m[34m[TIME]: 0.0008 seconds total (1184.8 hz, 0.25 ms behind)
[0m[34m[TIME]: 0.0009 seconds total (1166.9 hz, 0.25 ms behind)
[0m[34m[TIME]: 0.0008 seconds total (1262.6 hz, 0.25 ms behind)
[0m[34m[TIME]: 0.0006 seconds total (1715.3 hz, 0.25 ms behind)
[0m[34m[TIME]: 0.0007 seconds total (1366.1 hz, 0.25 ms behind)
[0m[34m[TIME]: 0.0006 seconds total (1792.1 hz, 0.25 ms behind)
[0m[34m[TIME]: 0.0009 seconds total (1146.8 hz, 0.25 ms behind)
[0m[34m[TIME]: 0.0009 seconds total (1111.1 hz, 0.25 ms behind)
[0m[34m[TIME]: 0.0008 seconds total (1210.7 hz, 0.25 ms behind)
[0m[34m[TIME]: 0.0006 seconds total (1615.5 hz, 0.25 ms behind)
[0m[34m[TIME]: 0.0006 seconds total (1706.5 hz, 0.25 ms behind)
[0m[34m[TIME]: 0.0004 seconds total (2325.6 hz, 0.25 ms behind)
[0m[34m[TIME]: 0.0008 seconds total (1194.7 hz, 0.00 ms behind)
[0m[34m[TIME]: 0.0009 seconds total (1164.1 hz, 0.00 ms behind)
[0m[34m[TIME]: 0.0008 seconds total (1234.6 hz, 0.00 ms behind)
[0m[34m[TIME]: 0.0006 seconds total (1700.7 hz, 0.00 ms behind)
[0m[34m[TIME]: 0.0007 seconds total (1390.8 hz, 0.00 ms behind)
[0m[34m[TIME]: 0.0006 seconds total (1769.9 hz, 0.00 ms behind)
[0m[34m[TIME]: 0.0008 seconds total (1231.5 hz, 0.25 ms behind)
[0m[34m[TIME]: 0.0007 seconds total (1345.9 hz, 0.25 ms behind)
[0m[34m[TIME]: 0.0006 seconds total (1589.8 hz, 0.25 ms behind)
[0m[34m[TIME]: 0.0005 seconds total (1984.1 hz, 0.25 ms behind)
[0m[34m[TIME]: 0.0005 seconds total (1848.4 hz, 0.25 ms behind)
[0m[34m[TIME]: 0.0004 seconds total (2267.6 hz, 0.25 ms behind)
[0m[34m[TIME]: 0.0009 seconds total (1175.1 hz, 0.25 ms behind)
[0m[34m[TIME]: 0.0009 seconds total (1171.0 hz, 0.25 ms behind)
[0m[34m[TIME]: 0.0008 seconds total (1230.0 hz, 0.25 ms behind)
[0m[34m[TIME]: 0.0006 seconds total (1677.9 hz, 0.25 ms behind)
[0m[34m[TIME]: 0.0007 seconds total (1390.8 hz, 0.25 ms behind)
[0m[34m[TIME]: 0.0006 seconds total (1782.5 hz, 0.25 ms behind)
[0m[34m[TIME]: 0.0009 seconds total (1135.1 hz, 0.25 ms behind)
[0m[34m[TIME]: 0.0009 seconds total (1121.1 hz, 0.25 ms behind)
[0m[34m[TIME]: 0.0008 seconds total (1199.0 hz, 0.25 ms behind)
[0m[34m[TIME]: 0.0006 seconds total (1612.9 hz, 0.25 ms behind)
[0m[34m[TIME]: 0.0007 seconds total (1344.1 hz, 0.25 ms behind)
[0m[34m[TIME]: 0.0006 seconds total (1658.4 hz, 0.25 ms behind)
[0m[34m[TIME]: 0.0009 seconds total (1171.0 hz, 0.25 ms behind)
[0m[34m[TIME]: 0.0009 seconds total (1169.6 hz, 0.25 ms behind)
[0m[34m[TIME]: 0.0008 seconds total (1239.2 hz, 0.25 ms behind)
[0m[34m[TIME]: 0.0006 seconds total (1612.9 hz, 0.25 ms behind)
[0m[34m[TIME]: 0.0007 seconds total (1418.4 hz, 0.25 ms behind)
[0m[34m[TIME]: 0.0006 seconds total (1779.4 hz, 0.25 ms behind)
[0m[34m[TIME]: 0.0008 seconds total (1292.0 hz, 0.25 ms behind)
[0m[34m[TIME]: 0.0006 seconds total (1666.7 hz, 0.25 ms behind)
[0m[34m[TIME]: 0.0006 seconds total (1792.1 hz, 0.25 ms behind)
[0m[34m[TIME]: 0.0005 seconds total (2193.0 hz, 0.25 ms behind)
[0m[34m[TIME]: 0.0005 seconds total (2020.2 hz, 0.25 ms behind)
[0m[34m[TIME]: 0.0004 seconds total (2293.6 hz, 0.25 ms behind)
[0m[34m[TIME]: 0.0008 seconds total (1283.7 hz, 0.25 ms behind)
[0m[34m[TIME]: 0.0007 seconds total (1472.8 hz, 0.25 ms behind)
[0m[34m[TIME]: 0.0006 seconds total (1584.8 hz, 0.25 ms behind)
[0m[34m[TIME]: 0.0004 seconds total (2247.2 hz, 0.25 ms behind)
[0m[34m[TIME]: 0.0005 seconds total (1841.6 hz, 0.25 ms behind)
[0m[34m[TIME]: 0.0004 seconds total (2506.3 hz, 0.25 ms behind)
[0m[34m[TIME]: 0.0009 seconds total (1171.0 hz, 0.25 ms behind)
[0m[34m[TIME]: 0.0008 seconds total (1190.5 hz, 0.25 ms behind)
[0m[34m[TIME]: 0.0008 seconds total (1237.6 hz, 0.25 ms behind)
[0m[34m[TIME]: 0.0005 seconds total (1904.8 hz, 0.25 ms behind)
[0m[34m[TIME]: 0.0006 seconds total (1782.5 hz, 0.25 ms behind)
[0m[34m[TIME]: 0.0005 seconds total (2053.4 hz, 0.25 ms behind)
[0m[34m[TIME]: 0.0008 seconds total (1272.3 hz, 0.25 ms behind)
[0m[34m[TIME]: 0.0006 seconds total (1808.3 hz, 0.25 ms behind)
[0m[34m[TIME]: 0.0005 seconds total (1886.8 hz, 0.25 ms behind)
[0m[34m[TIME]: 0.0004 seconds total (2369.7 hz, 0.25 ms behind)
[0m[34m[TIME]: 0.0005 seconds total (2188.2 hz, 0.25 ms behind)
[0m[34m[TIME]: 0.0004 seconds total (2695.4 hz, 0.25 ms behind)
[0m[34m[TIME]: 0.0009 seconds total (1144.2 hz, 0.25 ms behind)
[0m[34m[TIME]: 0.0008 seconds total (1199.0 hz, 0.25 ms behind)
[0m[34m[TIME]: 0.0008 seconds total (1273.9 hz, 0.25 ms behind)
[0m[34m[TIME]: 0.0004 seconds total (2304.1 hz, 0.25 ms behind)
[0m[34m[TIME]: 0.0005 seconds total (2169.2 hz, 0.25 ms behind)
[0m[34m[TIME]: 0.0004 seconds total (2293.6 hz, 0.25 ms behind)
[0m[34m[TIME]: 0.0008 seconds total (1177.9 hz, 0.25 ms behind)
[0m[34m[TIME]: 0.0008 seconds total (1233.0 hz, 0.25 ms behind)
[0m[34m[TIME]: 0.0008 seconds total (1287.0 hz, 0.25 ms behind)
[0m[34m[TIME]: 0.0006 seconds total (1661.1 hz, 0.25 ms behind)
[0m[34m[TIME]: 0.0006 seconds total (1672.2 hz, 0.25 ms behind)
[0m[34m[TIME]: 0.0006 seconds total (1769.9 hz, 0.25 ms behind)
[0m[34m[TIME]: 0.0008 seconds total (1193.3 hz, 0.25 ms behind)
[0m[34m[TIME]: 0.0008 seconds total (1196.2 hz, 0.25 ms behind)
[0m[34m[TIME]: 0.0008 seconds total (1245.3 hz, 0.25 ms behind)
[0m[34m[TIME]: 0.0006 seconds total (1597.4 hz, 0.25 ms behind)
[0m[34m[TIME]: 0.0007 seconds total (1488.1 hz, 0.25 ms behind)
[0m[34m[TIME]: 0.0006 seconds total (1724.1 hz, 0.25 ms behind)
[0m[34m[TIME]: 0.0008 seconds total (1221.0 hz, 0.25 ms behind)
[0m[34m[TIME]: 0.0008 seconds total (1222.5 hz, 0.25 ms behind)
[0m[34m[TIME]: 0.0008 seconds total (1285.3 hz, 0.25 ms behind)
[0m[34m[TIME]: 0.0006 seconds total (1647.4 hz, 0.25 ms behind)
[0m[34m[TIME]: 0.0006 seconds total (1545.6 hz, 0.25 ms behind)
[0m[34m[TIME]: 0.0005 seconds total (1818.2 hz, 0.25 ms behind)
[0m[34m[TIME]: 0.0008 seconds total (1189.1 hz, 0.25 ms behind)
[0m[34m[TIME]: 0.0009 seconds total (1154.7 hz, 0.25 ms behind)
[0m[34m[TIME]: 0.0008 seconds total (1245.3 hz, 0.25 ms behind)
[0m[34m[TIME]: 0.0006 seconds total (1584.8 hz, 0.25 ms behind)
[0m[34m[TIME]: 0.0007 seconds total (1524.4 hz, 0.25 ms behind)
[0m[34m[TIME]: 0.0006 seconds total (1686.3 hz, 0.25 ms behind)
[0m[34m[TIME]: 0.0008 seconds total (1210.7 hz, 0.25 ms behind)
[0m[34m[TIME]: 0.0008 seconds total (1236.1 hz, 0.25 ms behind)
[0m[34m[TIME]: 0.0008 seconds total (1303.8 hz, 0.25 ms behind)
[0m[34m[TIME]: 0.0006 seconds total (1592.4 hz, 0.25 ms behind)
[0m[34m[TIME]: 0.0005 seconds total (2173.9 hz, 0.25 ms behind)
[0m[34m[TIME]: 0.0004 seconds total (2381.0 hz, 0.25 ms behind)
[0m[34m[TIME]: 0.0009 seconds total (1127.4 hz, 0.25 ms behind)
[0m[34m[TIME]: 0.0006 seconds total (1689.2 hz, 0.25 ms behind)
[0m[34m[TIME]: 0.0005 seconds total (1862.2 hz, 0.25 ms behind)
[0m[34m[TIME]: 0.0005 seconds total (1972.4 hz, 0.25 ms behind)
[0m[34m[TIME]: 0.0005 seconds total (2105.3 hz, 0.25 ms behind)
[0m[34m[TIME]: 0.0004 seconds total (2247.2 hz, 0.25 ms behind)
[0m[34m[TIME]: 0.0009 seconds total (1158.7 hz, 0.25 ms behind)
[0m[34m[TIME]: 0.0008 seconds total (1227.0 hz, 0.25 ms behind)
[0m[34m[TIME]: 0.0008 seconds total (1272.3 hz, 0.25 ms behind)
[0m[34m[TIME]: 0.0007 seconds total (1531.4 hz, 0.25 ms behind)
[0m[34m[TIME]: 0.0006 seconds total (1612.9 hz, 0.25 ms behind)
[0m[34m[TIME]: 0.0006 seconds total (1724.1 hz, 0.25 ms behind)
[0m[34m[TIME]: 0.0009 seconds total (1128.7 hz, 0.25 ms behind)
[0m[34m[TIME]: 0.0009 seconds total (1150.7 hz, 0.25 ms behind)
[0m[34m[TIME]: 0.0008 seconds total (1199.0 hz, 0.25 ms behind)
[0m[34m[TIME]: 0.0007 seconds total (1524.4 hz, 0.25 ms behind)
[0m[34m[TIME]: 0.0006 seconds total (1650.2 hz, 0.25 ms behind)
[0m[34m[TIME]: 0.0005 seconds total (2159.8 hz, 0.25 ms behind)
[0m[34m[TIME]: 0.0008 seconds total (1183.4 hz, 0.25 ms behind)
[0m[34m[TIME]: 0.0008 seconds total (1231.5 hz, 0.25 ms behind)
[0m[34m[TIME]: 0.0008 seconds total (1262.6 hz, 0.25 ms behind)
[0m[34m[TIME]: 0.0006 seconds total (1634.0 hz, 0.25 ms behind)
[0m[34m[TIME]: 0.0006 seconds total (1615.5 hz, 0.25 ms behind)
[0m[34m[TIME]: 0.0006 seconds total (1730.1 hz, 0.25 ms behind)
[0m[34m[TIME]: 0.0008 seconds total (1204.8 hz, 0.25 ms behind)
[0m[34m[TIME]: 0.0006 seconds total (1634.0 hz, 0.25 ms behind)
[0m[34m[TIME]: 0.0005 seconds total (1834.9 hz, 0.25 ms behind)
[0m[34m[TIME]: 0.0005 seconds total (1883.2 hz, 0.25 ms behind)
[0m[34m[TIME]: 0.0005 seconds total (2136.8 hz, 0.25 ms behind)
[0m[34m[TIME]: 0.0005 seconds total (2173.9 hz, 0.25 ms behind)
[0m[34m[TIME]: 0.0009 seconds total (1169.6 hz, 0.25 ms behind)
[0m[34m[TIME]: 0.0008 seconds total (1186.2 hz, 0.25 ms behind)
[0m[34m[TIME]: 0.0008 seconds total (1269.0 hz, 0.25 ms behind)
[0m[34m[TIME]: 0.0006 seconds total (1602.6 hz, 0.25 ms behind)
[0m[34m[TIME]: 0.0006 seconds total (1623.4 hz, 0.25 ms behind)
[0m[34m[TIME]: 0.0006 seconds total (1736.1 hz, 0.25 ms behind)
[0m[34m[TIME]: 0.0009 seconds total (1148.1 hz, 0.25 ms behind)
[0m[34m[TIME]: 0.0009 seconds total (1171.0 hz, 0.25 ms behind)
[0m[34m[TIME]: 0.0008 seconds total (1227.0 hz, 0.25 ms behind)
[0m[34m[TIME]: 0.0006 seconds total (1584.8 hz, 0.25 ms behind)
[0m[34m[TIME]: 0.0006 seconds total (1569.9 hz, 0.25 ms behind)
[0m[34m[TIME]: 0.0006 seconds total (1620.7 hz, 0.25 ms behind)
[0m[34m[TIME]: 0.0009 seconds total (1139.0 hz, 0.25 ms behind)
[0m[34m[TIME]: 0.0008 seconds total (1196.2 hz, 0.25 ms behind)
[0m[34m[TIME]: 0.0008 seconds total (1253.1 hz, 0.25 ms behind)
[0m[34m[TIME]: 0.0006 seconds total (1602.6 hz, 0.25 ms behind)
[0m[34m[TIME]: 0.0006 seconds total (1610.3 hz, 0.25 ms behind)
[0m[34m[TIME]: 0.0006 seconds total (1697.8 hz, 0.25 ms behind)
[0m[34m[TIME]: 0.0009 seconds total (1146.8 hz, 0.25 ms behind)
[0m[34m[TIME]: 0.0009 seconds total (1119.8 hz, 0.25 ms behind)
[0m[34m[TIME]: 0.0008 seconds total (1213.6 hz, 0.25 ms behind)
[0m[34m[TIME]: 0.0007 seconds total (1499.3 hz, 0.25 ms behind)
[0m[34m[TIME]: 0.0007 seconds total (1533.7 hz, 0.25 ms behind)
[0m[34m[TIME]: 0.0006 seconds total (1597.4 hz, 0.25 ms behind)
[0m[34m[TIME]: 0.0008 seconds total (1183.4 hz, 0.25 ms behind)
[0m[34m[TIME]: 0.0009 seconds total (1158.7 hz, 0.25 ms behind)
[0m[34m[TIME]: 0.0008 seconds total (1251.6 hz, 0.25 ms behind)
[0m[34m[TIME]: 0.0006 seconds total (1612.9 hz, 0.25 ms behind)
[0m[34m[TIME]: 0.0006 seconds total (1589.8 hz, 0.25 ms behind)
[0m[34m[TIME]: 0.0006 seconds total (1742.2 hz, 0.25 ms behind)
[0m[34m[TIME]: 0.0009 seconds total (1132.5 hz, 0.25 ms behind)
[0m[34m[TIME]: 0.0009 seconds total (1137.7 hz, 0.25 ms behind)
[0m[34m[TIME]: 0.0008 seconds total (1230.0 hz, 0.25 ms behind)
[0m[34m[TIME]: 0.0005 seconds total (2159.8 hz, 0.25 ms behind)
[0m[34m[TIME]: 0.0004 seconds total (2309.5 hz, 0.25 ms behind)
[0m[34m[TIME]: 0.0004 seconds total (2227.2 hz, 0.25 ms behind)
[0m[34m[TIME]: 0.0009 seconds total (1162.8 hz, 0.25 ms behind)
[0m[34m[TIME]: 0.0008 seconds total (1176.5 hz, 0.25 ms behind)
[0m[34m[TIME]: 0.0008 seconds total (1288.7 hz, 0.25 ms behind)
[0m[34m[TIME]: 0.0006 seconds total (1736.1 hz, 0.25 ms behind)
[0m[34m[TIME]: 0.0004 seconds total (2375.3 hz, 0.25 ms behind)
[0m[34m[TIME]: 0.0004 seconds total (2544.5 hz, 0.25 ms behind)
[0m[34m[TIME]: 0.0009 seconds total (1111.1 hz, 0.25 ms behind)
[0m[34m[TIME]: 0.0009 seconds total (1137.7 hz, 0.25 ms behind)
[0m[34m[TIME]: 0.0008 seconds total (1221.0 hz, 0.25 ms behind)
[0m[34m[TIME]: 0.0007 seconds total (1536.1 hz, 0.25 ms behind)
[0m[34m[TIME]: 0.0006 seconds total (1552.8 hz, 0.25 ms behind)
[0m[34m[TIME]: 0.0007 seconds total (1416.4 hz, 0.25 ms behind)
[0m[34m[TIME]: 0.0009 seconds total (1081.1 hz, 0.25 ms behind)
[0m[34m[TIME]: 0.0009 seconds total (1168.2 hz, 0.25 ms behind)
[0m[34m[TIME]: 0.0008 seconds total (1269.0 hz, 0.25 ms behind)
[0m[34m[TIME]: 0.0006 seconds total (1560.1 hz, 0.25 ms behind)
[0m[34m[TIME]: 0.0006 seconds total (1607.7 hz, 0.25 ms behind)
[0m[34m[TIME]: 0.0006 seconds total (1675.0 hz, 0.25 ms behind)
[0m[34m[TIME]: 0.0009 seconds total (1140.3 hz, 0.25 ms behind)
[0m[34m[TIME]: 0.0009 seconds total (1148.1 hz, 0.25 ms behind)
[0m[34m[TIME]: 0.0008 seconds total (1219.5 hz, 0.25 ms behind)
[0m[34m[TIME]: 0.0007 seconds total (1522.1 hz, 0.25 ms behind)
[0m[34m[TIME]: 0.0006 seconds total (1584.8 hz, 0.25 ms behind)
[0m[34m[TIME]: 0.0007 seconds total (1519.8 hz, 0.25 ms behind)
[0m[34m[TIME]: 0.0009 seconds total (1079.9 hz, 0.25 ms behind)
[0m[34m[TIME]: 0.0009 seconds total (1172.3 hz, 0.25 ms behind)
[0m[34m[TIME]: 0.0008 seconds total (1253.1 hz, 0.25 ms behind)
[0m[34m[TIME]: 0.0006 seconds total (1589.8 hz, 0.25 ms behind)
[0m[34m[TIME]: 0.0006 seconds total (1597.4 hz, 0.25 ms behind)
[0m[34m[TIME]: 0.0006 seconds total (1683.5 hz, 0.25 ms behind)
[0m[34m[TIME]: 0.0009 seconds total (1109.9 hz, 0.25 ms behind)
[0m[34m[TIME]: 0.0009 seconds total (1132.5 hz, 0.25 ms behind)
[0m[34m[TIME]: 0.0008 seconds total (1210.7 hz, 0.25 ms behind)
[0m[34m[TIME]: 0.0007 seconds total (1533.7 hz, 0.25 ms behind)
[0m[34m[TIME]: 0.0006 seconds total (1538.5 hz, 0.25 ms behind)
[0m[34m[TIME]: 0.0007 seconds total (1488.1 hz, 0.25 ms behind)
[0m[34m[TIME]: 0.0009 seconds total (1144.2 hz, 0.25 ms behind)
[0m[34m[TIME]: 0.0008 seconds total (1194.7 hz, 0.25 ms behind)
[0m[34m[TIME]: 0.0008 seconds total (1277.1 hz, 0.25 ms behind)
[0m[34m[TIME]: 0.0007 seconds total (1517.5 hz, 0.25 ms behind)
[0m[34m[TIME]: 0.0006 seconds total (1618.1 hz, 0.25 ms behind)
[0m[34m[TIME]: 0.0006 seconds total (1689.2 hz, 0.25 ms behind)
[0m[34m[TIME]: 0.0009 seconds total (1160.1 hz, 0.25 ms behind)
[0m[34m[TIME]: 0.0008 seconds total (1225.5 hz, 0.25 ms behind)
[0m[34m[TIME]: 0.0006 seconds total (1788.9 hz, 0.25 ms behind)
[0m[34m[TIME]: 0.0005 seconds total (2132.2 hz, 0.25 ms behind)
[0m[34m[TIME]: 0.0004 seconds total (2331.0 hz, 0.25 ms behind)
[0m[34m[TIME]: 0.0005 seconds total (2040.8 hz, 0.25 ms behind)
[0m[34m[TIME]: 0.0009 seconds total (1156.1 hz, 0.25 ms behind)
[0m[34m[TIME]: 0.0006 seconds total (1600.0 hz, 0.25 ms behind)
[0m[34m[TIME]: 0.0006 seconds total (1663.9 hz, 0.25 ms behind)
[0m[34m[TIME]: 0.0005 seconds total (2032.5 hz, 0.25 ms behind)
[0m[34m[TIME]: 0.0004 seconds total (2325.6 hz, 0.25 ms behind)
[0m[34m[TIME]: 0.0004 seconds total (2320.2 hz, 0.25 ms behind)
[0m[34m[TIME]: 0.0009 seconds total (1142.9 hz, 0.25 ms behind)
[0m[34m[TIME]: 0.0008 seconds total (1180.6 hz, 0.25 ms behind)
[0m[34m[TIME]: 0.0008 seconds total (1210.7 hz, 0.25 ms behind)
[0m[34m[TIME]: 0.0007 seconds total (1522.1 hz, 0.25 ms behind)
[0m[34m[TIME]: 0.0007 seconds total (1512.9 hz, 0.25 ms behind)
[0m[34m[TIME]: 0.0006 seconds total (1579.8 hz, 0.25 ms behind)
[0m[34m[TIME]: 0.0009 seconds total (1161.4 hz, 0.25 ms behind)
[0m[34m[TIME]: 0.0008 seconds total (1209.2 hz, 0.25 ms behind)
[0m[34m[TIME]: 0.0008 seconds total (1264.2 hz, 0.25 ms behind)
[0m[34m[TIME]: 0.0006 seconds total (1572.3 hz, 0.25 ms behind)
[0m[34m[TIME]: 0.0006 seconds total (1628.7 hz, 0.25 ms behind)
[0m[34m[TIME]: 0.0006 seconds total (1721.2 hz, 0.25 ms behind)
[0m[34m[TIME]: 0.0009 seconds total (1133.8 hz, 0.25 ms behind)
[0m[34m[TIME]: 0.0008 seconds total (1186.2 hz, 0.25 ms behind)
[0m[34m[TIME]: 0.0008 seconds total (1190.5 hz, 0.25 ms behind)
[0m[34m[TIME]: 0.0007 seconds total (1515.2 hz, 0.25 ms behind)
[0m[34m[TIME]: 0.0006 seconds total (1555.2 hz, 0.25 ms behind)
[0m[34m[TIME]: 0.0006 seconds total (1602.6 hz, 0.25 ms behind)
[0m[34m[TIME]: 0.0009 seconds total (1164.1 hz, 0.25 ms behind)
[0m[34m[TIME]: 0.0008 seconds total (1222.5 hz, 0.25 ms behind)
[0m[34m[TIME]: 0.0008 seconds total (1242.2 hz, 0.25 ms behind)
[0m[34m[TIME]: 0.0006 seconds total (1562.5 hz, 0.25 ms behind)
[0m[34m[TIME]: 0.0006 seconds total (1605.1 hz, 0.25 ms behind)
[0m[34m[TIME]: 0.0006 seconds total (1686.3 hz, 0.25 ms behind)
[0m[34m[TIME]: 0.0009 seconds total (1129.9 hz, 0.25 ms behind)
[0m[34m[TIME]: 0.0008 seconds total (1179.2 hz, 0.25 ms behind)
[0m[34m[TIME]: 0.0008 seconds total (1236.1 hz, 0.25 ms behind)
[0m[34m[TIME]: 0.0007 seconds total (1531.4 hz, 0.25 ms behind)
[0m[34m[TIME]: 0.0006 seconds total (1560.1 hz, 0.25 ms behind)
[0m[34m[TIME]: 0.0006 seconds total (1634.0 hz, 0.25 ms behind)
[0m[34m[TIME]: 0.0008 seconds total (1182.0 hz, 0.25 ms behind)
[0m[34m[TIME]: 0.0008 seconds total (1242.2 hz, 0.25 ms behind)
[0m[34m[TIME]: 0.0008 seconds total (1278.8 hz, 0.25 ms behind)
[0m[34m[TIME]: 0.0006 seconds total (1587.3 hz, 0.25 ms behind)
[0m[34m[TIME]: 0.0006 seconds total (1612.9 hz, 0.25 ms behind)
[0m[34m[TIME]: 0.0006 seconds total (1666.7 hz, 0.25 ms behind)
[0m[34m[TIME]: 0.0009 seconds total (1153.4 hz, 0.25 ms behind)
[0m[34m[TIME]: 0.0008 seconds total (1193.3 hz, 0.25 ms behind)
[0m[34m[TIME]: 0.0008 seconds total (1212.1 hz, 0.25 ms behind)
[0m[34m[TIME]: 0.0006 seconds total (1548.0 hz, 0.25 ms behind)
[0m[34m[TIME]: 0.0006 seconds total (1584.8 hz, 0.25 ms behind)
[0m[34m[TIME]: 0.0006 seconds total (1567.4 hz, 0.25 ms behind)
[0m[34m[TIME]: 0.0009 seconds total (1139.0 hz, 0.25 ms behind)
[0m[34m[TIME]: 0.0008 seconds total (1231.5 hz, 0.25 ms behind)
[0m[34m[TIME]: 0.0008 seconds total (1275.5 hz, 0.25 ms behind)
[0m[34m[TIME]: 0.0006 seconds total (1602.6 hz, 0.25 ms behind)
[0m[34m[TIME]: 0.0006 seconds total (1626.0 hz, 0.25 ms behind)
[0m[34m[TIME]: 0.0006 seconds total (1694.9 hz, 0.25 ms behind)
[0m[34m[TIME]: 0.0009 seconds total (1133.8 hz, 0.25 ms behind)
[0m[34m[TIME]: 0.0009 seconds total (1175.1 hz, 0.25 ms behind)
[0m[34m[TIME]: 0.0008 seconds total (1230.0 hz, 0.25 ms behind)
[0m[34m[TIME]: 0.0007 seconds total (1536.1 hz, 0.25 ms behind)
[0m[34m[TIME]: 0.0006 seconds total (1560.1 hz, 0.25 ms behind)
[0m[34m[TIME]: 0.0007 seconds total (1512.9 hz, 0.25 ms behind)
[0m[34m[TIME]: 0.0008 seconds total (1183.4 hz, 0.25 ms behind)
[0m[34m[TIME]: 0.0008 seconds total (1233.0 hz, 0.25 ms behind)
[0m[34m[TIME]: 0.0008 seconds total (1287.0 hz, 0.25 ms behind)
[0m[34m[TIME]: 0.0006 seconds total (1600.0 hz, 0.25 ms behind)
[0m[34m[TIME]: 0.0006 seconds total (1626.0 hz, 0.25 ms behind)
[0m[34m[TIME]: 0.0006 seconds total (1730.1 hz, 0.25 ms behind)
[0m[34m[TIME]: 0.0009 seconds total (1123.6 hz, 0.25 ms behind)
[0m[34m[TIME]: 0.0009 seconds total (1172.3 hz, 0.25 ms behind)
[0m[34m[TIME]: 0.0008 seconds total (1228.5 hz, 0.25 ms behind)
[0m[34m[TIME]: 0.0004 seconds total (2252.3 hz, 0.25 ms behind)
[0m[34m[TIME]: 0.0004 seconds total (2409.6 hz, 0.25 ms behind)
[0m[34m[TIME]: 0.0004 seconds total (2262.4 hz, 0.25 ms behind)
[0m[34m[TIME]: 0.0008 seconds total (1231.5 hz, 0.25 ms behind)
[0m[34m[TIME]: 0.0005 seconds total (1818.2 hz, 0.25 ms behind)
[0m[34m[TIME]: 0.0005 seconds total (1908.4 hz, 0.25 ms behind)
[0m[34m[TIME]: 0.0004 seconds total (2427.2 hz, 0.25 ms behind)
[0m[34m[TIME]: 0.0004 seconds total (2544.5 hz, 0.25 ms behind)
[0m[34m[TIME]: 0.0004 seconds total (2457.0 hz, 0.25 ms behind)
[0m[34m[TIME]: 0.0009 seconds total (1148.1 hz, 0.25 ms behind)
[0m[34m[TIME]: 0.0008 seconds total (1199.0 hz, 0.25 ms behind)
[0m[34m[TIME]: 0.0008 seconds total (1246.9 hz, 0.25 ms behind)
[0m[34m[TIME]: 0.0007 seconds total (1533.7 hz, 0.25 ms behind)
[0m[34m[TIME]: 0.0006 seconds total (1552.8 hz, 0.25 ms behind)
[0m[34m[TIME]: 0.0006 seconds total (1550.4 hz, 0.25 ms behind)
[0m[34m[TIME]: 0.0009 seconds total (1150.7 hz, 0.25 ms behind)
[0m[34m[TIME]: 0.0008 seconds total (1251.6 hz, 0.25 ms behind)
[0m[34m[TIME]: 0.0008 seconds total (1283.7 hz, 0.25 ms behind)
[0m[34m[TIME]: 0.0006 seconds total (1631.3 hz, 0.25 ms behind)
[0m[34m[TIME]: 0.0006 seconds total (1605.1 hz, 0.25 ms behind)
[0m[34m[TIME]: 0.0006 seconds total (1658.4 hz, 0.25 ms behind)
[0m[34m[TIME]: 0.0009 seconds total (1157.4 hz, 0.25 ms behind)
[0m[34m[TIME]: 0.0008 seconds total (1180.6 hz, 0.25 ms behind)
[0m[34m[TIME]: 0.0008 seconds total (1236.1 hz, 0.25 ms behind)
[0m[34m[TIME]: 0.0006 seconds total (1560.1 hz, 0.25 ms behind)
[0m[34m[TIME]: 0.0006 seconds total (1589.8 hz, 0.25 ms behind)
[0m[34m[TIME]: 0.0006 seconds total (1574.8 hz, 0.25 ms behind)
[0m[34m[TIME]: 0.0009 seconds total (1175.1 hz, 0.25 ms behind)
[0m[34m[TIME]: 0.0008 seconds total (1254.7 hz, 0.25 ms behind)
[0m[34m[TIME]: 0.0008 seconds total (1265.8 hz, 0.25 ms behind)
[0m[34m[TIME]: 0.0006 seconds total (1628.7 hz, 0.25 ms behind)
[0m[34m[TIME]: 0.0006 seconds total (1644.7 hz, 0.25 ms behind)
[0m[34m[TIME]: 0.0006 seconds total (1663.9 hz, 0.25 ms behind)
[0m[34m[TIME]: 0.0009 seconds total (1135.1 hz, 0.25 ms behind)
[0m[34m[TIME]: 0.0008 seconds total (1193.3 hz, 0.25 ms behind)
[0m[34m[TIME]: 0.0008 seconds total (1242.2 hz, 0.25 ms behind)
[0m[34m[TIME]: 0.0006 seconds total (1587.3 hz, 0.25 ms behind)
[0m[34m[TIME]: 0.0006 seconds total (1567.4 hz, 0.25 ms behind)
[0m[34m[TIME]: 0.0006 seconds total (1600.0 hz, 0.25 ms behind)
[0m[34m[TIME]: 0.0009 seconds total (1166.9 hz, 0.25 ms behind)
[0m[34m[TIME]: 0.0008 seconds total (1243.8 hz, 0.25 ms behind)
[0m[34m[TIME]: 0.0008 seconds total (1264.2 hz, 0.25 ms behind)
[0m[34m[TIME]: 0.0005 seconds total (2118.6 hz, 0.25 ms behind)
[0m[34m[TIME]: 0.0004 seconds total (2525.3 hz, 0.25 ms behind)
[0m[34m[TIME]: 0.0004 seconds total (2415.5 hz, 0.25 ms behind)
[0m[34m[TIME]: 0.0009 seconds total (1129.9 hz, 0.25 ms behind)
[0m[34m[TIME]: 0.0008 seconds total (1253.1 hz, 0.25 ms behind)
[0m[34m[TIME]: 0.0005 seconds total (1862.2 hz, 0.25 ms behind)
[0m[34m[TIME]: 0.0004 seconds total (2298.9 hz, 0.25 ms behind)
[0m[34m[TIME]: 0.0004 seconds total (2475.2 hz, 0.25 ms behind)
[0m[34m[TIME]: 0.0004 seconds total (2298.9 hz, 0.25 ms behind)
[0m[34m[TIME]: 0.0009 seconds total (1128.7 hz, 0.25 ms behind)
[0m[34m[TIME]: 0.0007 seconds total (1490.3 hz, 0.25 ms behind)
[0m[34m[TIME]: 0.0006 seconds total (1683.5 hz, 0.25 ms behind)
[0m[34m[TIME]: 0.0005 seconds total (2169.2 hz, 0.25 ms behind)
[0m[34m[TIME]: 0.0005 seconds total (2159.8 hz, 0.25 ms behind)
[0m[34m[TIME]: 0.0005 seconds total (2202.6 hz, 0.25 ms behind)
[0m[34m[TIME]: 0.0008 seconds total (1218.0 hz, 0.25 ms behind)
[0m[34m[TIME]: 0.0006 seconds total (1751.3 hz, 0.25 ms behind)
[0m[34m[TIME]: 0.0005 seconds total (1893.9 hz, 0.25 ms behind)
[0m[34m[TIME]: 0.0004 seconds total (2262.4 hz, 0.25 ms behind)
[0m[34m[TIME]: 0.0004 seconds total (2415.5 hz, 0.25 ms behind)
[0m[34m[TIME]: 0.0004 seconds total (2375.3 hz, 0.25 ms behind)
[0m[34m[TIME]: 0.0009 seconds total (1150.7 hz, 0.25 ms behind)
[0m[34m[TIME]: 0.0008 seconds total (1222.5 hz, 0.25 ms behind)
[0m[34m[TIME]: 0.0008 seconds total (1295.3 hz, 0.25 ms behind)
[0m[34m[TIME]: 0.0006 seconds total (1560.1 hz, 0.25 ms behind)
[0m[34m[TIME]: 0.0006 seconds total (1615.5 hz, 0.25 ms behind)
[0m[34m[TIME]: 0.0006 seconds total (1642.0 hz, 0.25 ms behind)
[0m[34m[TIME]: 0.0009 seconds total (1149.4 hz, 0.25 ms behind)
[0m[34m[TIME]: 0.0008 seconds total (1179.2 hz, 0.25 ms behind)
[0m[34m[TIME]: 0.0008 seconds total (1240.7 hz, 0.25 ms behind)
[0m[34m[TIME]: 0.0007 seconds total (1536.1 hz, 0.25 ms behind)
[0m[34m[TIME]: 0.0006 seconds total (1560.1 hz, 0.25 ms behind)
[0m[34m[TIME]: 0.0006 seconds total (1582.3 hz, 0.25 ms behind)
[0m[34m[TIME]: 0.0009 seconds total (1141.6 hz, 0.25 ms behind)
[0m[34m[TIME]: 0.0008 seconds total (1237.6 hz, 0.25 ms behind)
[0m[34m[TIME]: 0.0008 seconds total (1269.0 hz, 0.25 ms behind)
[0m[34m[TIME]: 0.0006 seconds total (1579.8 hz, 0.25 ms behind)
[0m[34m[TIME]: 0.0006 seconds total (1650.2 hz, 0.25 ms behind)
[0m[34m[TIME]: 0.0006 seconds total (1703.6 hz, 0.25 ms behind)
[0m[34m[TIME]: 0.0009 seconds total (1145.5 hz, 0.25 ms behind)
[0m[34m[TIME]: 0.0008 seconds total (1290.3 hz, 0.25 ms behind)
[0m[34m[TIME]: 0.0005 seconds total (1858.7 hz, 0.25 ms behind)
[0m[34m[TIME]: 0.0004 seconds total (2222.2 hz, 0.25 ms behind)
[0m[34m[TIME]: 0.0004 seconds total (2487.6 hz, 0.25 ms behind)
[0m[34m[TIME]: 0.0004 seconds total (2341.9 hz, 0.25 ms behind)
[0m[34m[TIME]: 0.0009 seconds total (1157.4 hz, 0.25 ms behind)
[0m[34m[TIME]: 0.0008 seconds total (1237.6 hz, 0.25 ms behind)
[0m[34m[TIME]: 0.0008 seconds total (1273.9 hz, 0.25 ms behind)
[0m[34m[TIME]: 0.0006 seconds total (1572.3 hz, 0.25 ms behind)
[0m[34m[TIME]: 0.0006 seconds total (1650.2 hz, 0.25 ms behind)
[0m[34m[TIME]: 0.0006 seconds total (1677.9 hz, 0.25 ms behind)
[0m[34m[TIME]: 0.0009 seconds total (1118.6 hz, 0.25 ms behind)
[0m[34m[TIME]: 0.0008 seconds total (1203.4 hz, 0.25 ms behind)
[0m[34m[TIME]: 0.0008 seconds total (1234.6 hz, 0.25 ms behind)
[0m[34m[TIME]: 0.0007 seconds total (1508.3 hz, 0.25 ms behind)
[0m[34m[TIME]: 0.0006 seconds total (1639.3 hz, 0.25 ms behind)
[0m[34m[TIME]: 0.0006 seconds total (1540.8 hz, 0.25 ms behind)
[0m[34m[TIME]: 0.0009 seconds total (1127.4 hz, 0.25 ms behind)
[0m[34m[TIME]: 0.0008 seconds total (1242.2 hz, 0.25 ms behind)
[0m[34m[TIME]: 0.0008 seconds total (1243.8 hz, 0.25 ms behind)
[0m[34m[TIME]: 0.0007 seconds total (1519.8 hz, 0.25 ms behind)
[0m[34m[TIME]: 0.0006 seconds total (1694.9 hz, 0.25 ms behind)
[0m[34m[TIME]: 0.0006 seconds total (1600.0 hz, 0.25 ms behind)
[0m[34m[TIME]: 0.0009 seconds total (1140.3 hz, 0.25 ms behind)
[0m[34m[TIME]: 0.0008 seconds total (1209.2 hz, 0.25 ms behind)
[0m[34m[TIME]: 0.0008 seconds total (1234.6 hz, 0.25 ms behind)
[0m[34m[TIME]: 0.0007 seconds total (1512.9 hz, 0.25 ms behind)
[0m[34m[TIME]: 0.0006 seconds total (1672.2 hz, 0.25 ms behind)
[0m[34m[TIME]: 0.0006 seconds total (1600.0 hz, 0.25 ms behind)
[0m[34m[TIME]: 0.0009 seconds total (1172.3 hz, 0.50 ms behind)
[0m[34m[TIME]: 0.0008 seconds total (1230.0 hz, 0.50 ms behind)
[0m[34m[TIME]: 0.0008 seconds total (1267.4 hz, 0.50 ms behind)
[0m[34m[TIME]: 0.0007 seconds total (1512.9 hz, 0.50 ms behind)
[0m[34m[TIME]: 0.0006 seconds total (1623.4 hz, 0.50 ms behind)
[0m[34m[TIME]: 0.0006 seconds total (1594.9 hz, 0.50 ms behind)
[0m[34m[TIME]: 0.0009 seconds total (1123.6 hz, 0.25 ms behind)
[0m[34m[TIME]: 0.0008 seconds total (1199.0 hz, 0.25 ms behind)
[0m[34m[TIME]: 0.0008 seconds total (1207.7 hz, 0.25 ms behind)
[0m[34m[TIME]: 0.0007 seconds total (1462.0 hz, 0.25 ms behind)
[0m[34m[TIME]: 0.0006 seconds total (1658.4 hz, 0.25 ms behind)
[0m[34m[TIME]: 0.0007 seconds total (1526.7 hz, 0.25 ms behind)
[0m[34m[TIME]: 0.0008 seconds total (1179.2 hz, 0.25 ms behind)
[0m[34m[TIME]: 0.0008 seconds total (1221.0 hz, 0.25 ms behind)
[0m[34m[TIME]: 0.0008 seconds total (1278.8 hz, 0.25 ms behind)
[0m[34m[TIME]: 0.0007 seconds total (1497.0 hz, 0.25 ms behind)
[0m[34m[TIME]: 0.0006 seconds total (1642.0 hz, 0.25 ms behind)
[0m[34m[TIME]: 0.0006 seconds total (1610.3 hz, 0.25 ms behind)
[0m[34m[TIME]: 0.0009 seconds total (1129.9 hz, 0.25 ms behind)
[0m[34m[TIME]: 0.0008 seconds total (1183.4 hz, 0.25 ms behind)
[0m[34m[TIME]: 0.0008 seconds total (1197.6 hz, 0.25 ms behind)
[0m[34m[TIME]: 0.0007 seconds total (1466.3 hz, 0.25 ms behind)
[0m[34m[TIME]: 0.0006 seconds total (1672.2 hz, 0.25 ms behind)
[0m[34m[TIME]: 0.0007 seconds total (1531.4 hz, 0.25 ms behind)
[0m[34m[TIME]: 0.0009 seconds total (1118.6 hz, 0.25 ms behind)
[0m[34m[TIME]: 0.0008 seconds total (1254.7 hz, 0.25 ms behind)
[0m[34m[TIME]: 0.0008 seconds total (1262.6 hz, 0.25 ms behind)
[0m[34m[TIME]: 0.0007 seconds total (1485.9 hz, 0.25 ms behind)
[0m[34m[TIME]: 0.0006 seconds total (1782.5 hz, 0.25 ms behind)
[0m[34m[TIME]: 0.0006 seconds total (1582.3 hz, 0.25 ms behind)
[0m[34m[TIME]: 0.0009 seconds total (1100.1 hz, 0.25 ms behind)
[0m[34m[TIME]: 0.0008 seconds total (1194.7 hz, 0.25 ms behind)
[0m[34m[TIME]: 0.0008 seconds total (1210.7 hz, 0.25 ms behind)
[0m[34m[TIME]: 0.0007 seconds total (1440.9 hz, 0.25 ms behind)
[0m[34m[TIME]: 0.0006 seconds total (1683.5 hz, 0.25 ms behind)
[0m[34m[TIME]: 0.0007 seconds total (1501.5 hz, 0.25 ms behind)
[0m[34m[TIME]: 0.0009 seconds total (1142.9 hz, 0.25 ms behind)
[0m[34m[TIME]: 0.0008 seconds total (1254.7 hz, 0.25 ms behind)
[0m[34m[TIME]: 0.0008 seconds total (1227.0 hz, 0.25 ms behind)
[0m[34m[TIME]: 0.0007 seconds total (1490.3 hz, 0.25 ms behind)
[0m[34m[TIME]: 0.0006 seconds total (1650.2 hz, 0.25 ms behind)
[0m[34m[TIME]: 0.0006 seconds total (1650.2 hz, 0.25 ms behind)
[0m[34m[TIME]: 0.0009 seconds total (1106.2 hz, 0.25 ms behind)
[0m[34m[TIME]: 0.0008 seconds total (1218.0 hz, 0.25 ms behind)
[0m[34m[TIME]: 0.0008 seconds total (1209.2 hz, 0.25 ms behind)
[0m[34m[TIME]: 0.0007 seconds total (1488.1 hz, 0.25 ms behind)
[0m[34m[TIME]: 0.0006 seconds total (1634.0 hz, 0.25 ms behind)
[0m[34m[TIME]: 0.0007 seconds total (1517.5 hz, 0.25 ms behind)
[0m[34m[TIME]: 0.0009 seconds total (1122.3 hz, 0.25 ms behind)
[0m[34m[TIME]: 0.0008 seconds total (1251.6 hz, 0.25 ms behind)
[0m[34m[TIME]: 0.0008 seconds total (1253.1 hz, 0.25 ms behind)
[0m[34m[TIME]: 0.0007 seconds total (1536.1 hz, 0.25 ms behind)
[0m[34m[TIME]: 0.0006 seconds total (1718.2 hz, 0.25 ms behind)
[0m[34m[TIME]: 0.0006 seconds total (1587.3 hz, 0.25 ms behind)
[0m[34m[TIME]: 0.0009 seconds total (1084.6 hz, 0.25 ms behind)
[0m[34m[TIME]: 0.0008 seconds total (1234.6 hz, 0.25 ms behind)
[0m[34m[TIME]: 0.0008 seconds total (1204.8 hz, 0.25 ms behind)
[0m[34m[TIME]: 0.0007 seconds total (1485.9 hz, 0.25 ms behind)
[0m[34m[TIME]: 0.0006 seconds total (1600.0 hz, 0.25 ms behind)
[0m[34m[TIME]: 0.0007 seconds total (1462.0 hz, 0.25 ms behind)
[0m[34m[TIME]: 0.0009 seconds total (1112.3 hz, 0.25 ms behind)
[0m[34m[TIME]: 0.0008 seconds total (1278.8 hz, 0.25 ms behind)
[0m[34m[TIME]: 0.0008 seconds total (1254.7 hz, 0.25 ms behind)
[0m[34m[TIME]: 0.0007 seconds total (1531.4 hz, 0.25 ms behind)
[0m[34m[TIME]: 0.0006 seconds total (1692.0 hz, 0.25 ms behind)
[0m[34m[TIME]: 0.0007 seconds total (1522.1 hz, 0.25 ms behind)
[0m[34m[TIME]: 0.0010 seconds total (1033.1 hz, 0.25 ms behind)
[0m[34m[TIME]: 0.0009 seconds total (1135.1 hz, 0.25 ms behind)
[0m[34m[TIME]: 0.0009 seconds total (1169.6 hz, 0.25 ms behind)
[0m[34m[TIME]: 0.0007 seconds total (1479.3 hz, 0.25 ms behind)
[0m[34m[TIME]: 0.0006 seconds total (1540.8 hz, 0.25 ms behind)
[0m[34m[TIME]: 0.0007 seconds total (1499.3 hz, 0.25 ms behind)
[0m[34m[TIME]: 0.0009 seconds total (1052.6 hz, 0.25 ms behind)
[0m[34m[TIME]: 0.0008 seconds total (1267.4 hz, 0.25 ms behind)
[0m[34m[TIME]: 0.0008 seconds total (1253.1 hz, 0.25 ms behind)
[0m[34m[TIME]: 0.0006 seconds total (1545.6 hz, 0.25 ms behind)
[0m[34m[TIME]: 0.0006 seconds total (1631.3 hz, 0.25 ms behind)
[0m[34m[TIME]: 0.0007 seconds total (1472.8 hz, 0.25 ms behind)
[0m[34m[TIME]: 0.0008 seconds total (1287.0 hz, 0.25 ms behind)
[0m[34m[TIME]: 0.0005 seconds total (1890.4 hz, 0.25 ms behind)
[0m[34m[TIME]: 0.0006 seconds total (1730.1 hz, 0.25 ms behind)
[0m[34m[TIME]: 0.0004 seconds total (2309.5 hz, 0.25 ms behind)
[0m[34m[TIME]: 0.0004 seconds total (2277.9 hz, 0.25 ms behind)
[0m[34m[TIME]: 0.0005 seconds total (2202.6 hz, 0.25 ms behind)
[0m[34m[TIME]: 0.0009 seconds total (1107.4 hz, 0.25 ms behind)
[0m[34m[TIME]: 0.0008 seconds total (1287.0 hz, 0.25 ms behind)
[0m[34m[TIME]: 0.0008 seconds total (1219.5 hz, 0.25 ms behind)
[0m[34m[TIME]: 0.0007 seconds total (1536.1 hz, 0.25 ms behind)
[0m[34m[TIME]: 0.0006 seconds total (1631.3 hz, 0.25 ms behind)
[0m[34m[TIME]: 0.0007 seconds total (1494.8 hz, 0.25 ms behind)
[0m[34m[TIME]: 0.0009 seconds total (1103.8 hz, 0.25 ms behind)
[0m[34m[TIME]: 0.0008 seconds total (1250.0 hz, 0.25 ms behind)
[0m[34m[TIME]: 0.0008 seconds total (1190.5 hz, 0.25 ms behind)
[0m[34m[TIME]: 0.0007 seconds total (1517.5 hz, 0.25 ms behind)
[0m[34m[TIME]: 0.0005 seconds total (1934.2 hz, 0.25 ms behind)
[0m[34m[TIME]: 0.0005 seconds total (2197.8 hz, 0.25 ms behind)
[0m[34m[TIME]: 0.0009 seconds total (1119.8 hz, 0.50 ms behind)
[0m[34m[TIME]: 0.0008 seconds total (1288.7 hz, 0.50 ms behind)
[0m[34m[TIME]: 0.0008 seconds total (1237.6 hz, 0.50 ms behind)
[0m[34m[TIME]: 0.0006 seconds total (1552.8 hz, 0.50 ms behind)
[0m[34m[TIME]: 0.0006 seconds total (1589.8 hz, 0.50 ms behind)
[0m[34m[TIME]: 0.0006 seconds total (1766.8 hz, 0.50 ms behind)
[0m[34m[TIME]: 0.0009 seconds total (1112.3 hz, 0.25 ms behind)
[0m[34m[TIME]: 0.0008 seconds total (1243.8 hz, 0.25 ms behind)
[0m[34m[TIME]: 0.0008 seconds total (1201.9 hz, 0.25 ms behind)
[0m[34m[TIME]: 0.0007 seconds total (1492.5 hz, 0.25 ms behind)
[0m[34m[TIME]: 0.0006 seconds total (1540.8 hz, 0.25 ms behind)
[0m[34m[TIME]: 0.0007 seconds total (1466.3 hz, 0.25 ms behind)
[0m[34m[TIME]: 0.0009 seconds total (1142.9 hz, 0.25 ms behind)
[0m[34m[TIME]: 0.0008 seconds total (1302.1 hz, 0.25 ms behind)
[0m[34m[TIME]: 0.0008 seconds total (1242.2 hz, 0.25 ms behind)
[0m[34m[TIME]: 0.0006 seconds total (1555.2 hz, 0.25 ms behind)
[0m[34m[TIME]: 0.0006 seconds total (1574.8 hz, 0.25 ms behind)
[0m[34m[TIME]: 0.0007 seconds total (1481.5 hz, 0.25 ms behind)
[0m[34m[TIME]: 0.0009 seconds total (1122.3 hz, 0.25 ms behind)
[0m[34m[TIME]: 0.0008 seconds total (1270.6 hz, 0.25 ms behind)
[0m[34m[TIME]: 0.0009 seconds total (1171.0 hz, 0.25 ms behind)
[0m[34m[TIME]: 0.0007 seconds total (1526.7 hz, 0.25 ms behind)
[0m[34m[TIME]: 0.0007 seconds total (1519.8 hz, 0.25 ms behind)
[0m[34m[TIME]: 0.0007 seconds total (1466.3 hz, 0.25 ms behind)
[0m[34m[TIME]: 0.0009 seconds total (1168.2 hz, 0.25 ms behind)
[0m[34m[TIME]: 0.0008 seconds total (1324.5 hz, 0.25 ms behind)
[0m[34m[TIME]: 0.0008 seconds total (1240.7 hz, 0.25 ms behind)
[0m[34m[TIME]: 0.0005 seconds total (1848.4 hz, 0.25 ms behind)
[0m[34m[TIME]: 0.0005 seconds total (2173.9 hz, 0.25 ms behind)
[0m[34m[TIME]: 0.0005 seconds total (2049.2 hz, 0.25 ms behind)
[0m[34m[TIME]: 0.0009 seconds total (1131.2 hz, 0.25 ms behind)
[0m[34m[TIME]: 0.0008 seconds total (1288.7 hz, 0.25 ms behind)
[0m[34m[TIME]: 0.0008 seconds total (1215.1 hz, 0.25 ms behind)
[0m[34m[TIME]: 0.0006 seconds total (1540.8 hz, 0.25 ms behind)
[0m[34m[TIME]: 0.0007 seconds total (1506.0 hz, 0.25 ms behind)
[0m[34m[TIME]: 0.0007 seconds total (1445.1 hz, 0.25 ms behind)
[0m[34m[TIME]: 0.0009 seconds total (1127.4 hz, 0.25 ms behind)
[0m[34m[TIME]: 0.0008 seconds total (1324.5 hz, 0.25 ms behind)
[0m[34m[TIME]: 0.0008 seconds total (1224.0 hz, 0.25 ms behind)
[0m[34m[TIME]: 0.0006 seconds total (1564.9 hz, 0.25 ms behind)
[0m[34m[TIME]: 0.0006 seconds total (1560.1 hz, 0.25 ms behind)
[0m[34m[TIME]: 0.0007 seconds total (1483.7 hz, 0.25 ms behind)
[0m[34m[TIME]: 0.0008 seconds total (1225.5 hz, 0.25 ms behind)
[0m[34m[TIME]: 0.0005 seconds total (1883.2 hz, 0.25 ms behind)
[0m[34m[TIME]: 0.0006 seconds total (1763.7 hz, 0.25 ms behind)
[0m[34m[TIME]: 0.0004 seconds total (2222.2 hz, 0.25 ms behind)
[0m[34m[TIME]: 0.0004 seconds total (2293.6 hz, 0.25 ms behind)
[0m[34m[TIME]: 0.0005 seconds total (2183.4 hz, 0.25 ms behind)
[0m[34m[TIME]: 0.0009 seconds total (1111.1 hz, 0.25 ms behind)
[0m[34m[TIME]: 0.0007 seconds total (1349.5 hz, 0.25 ms behind)
[0m[34m[TIME]: 0.0008 seconds total (1233.0 hz, 0.25 ms behind)
[0m[34m[TIME]: 0.0006 seconds total (1564.9 hz, 0.25 ms behind)
[0m[34m[TIME]: 0.0006 seconds total (1577.3 hz, 0.25 ms behind)
[0m[34m[TIME]: 0.0007 seconds total (1445.1 hz, 0.25 ms behind)
[0m[34m[TIME]: 0.0009 seconds total (1118.6 hz, 0.25 ms behind)
[0m[34m[TIME]: 0.0008 seconds total (1262.6 hz, 0.25 ms behind)
[0m[34m[TIME]: 0.0008 seconds total (1189.1 hz, 0.25 ms behind)
[0m[34m[TIME]: 0.0007 seconds total (1481.5 hz, 0.25 ms behind)
[0m[34m[TIME]: 0.0007 seconds total (1497.0 hz, 0.25 ms behind)
[0m[34m[TIME]: 0.0007 seconds total (1412.4 hz, 0.25 ms behind)
[0m[34m[TIME]: 0.0009 seconds total (1168.2 hz, 0.25 ms behind)
[0m[34m[TIME]: 0.0008 seconds total (1328.0 hz, 0.25 ms behind)
[0m[34m[TIME]: 0.0008 seconds total (1231.5 hz, 0.25 ms behind)
[0m[34m[TIME]: 0.0006 seconds total (1557.6 hz, 0.25 ms behind)
[0m[34m[TIME]: 0.0006 seconds total (1572.3 hz, 0.25 ms behind)
[0m[34m[TIME]: 0.0007 seconds total (1494.8 hz, 0.25 ms behind)
[0m[34m[TIME]: 0.0008 seconds total (1280.4 hz, 0.25 ms behind)
[0m[34m[TIME]: 0.0005 seconds total (1858.7 hz, 0.25 ms behind)
[0m[34m[TIME]: 0.0006 seconds total (1666.7 hz, 0.25 ms behind)
[0m[34m[TIME]: 0.0005 seconds total (2053.4 hz, 0.25 ms behind)
[0m[34m[TIME]: 0.0005 seconds total (2173.9 hz, 0.25 ms behind)
[0m[34m[TIME]: 0.0005 seconds total (2066.1 hz, 0.25 ms behind)
[0m[34m[TIME]: 0.0008 seconds total (1176.5 hz, 0.25 ms behind)
[0m[34m[TIME]: 0.0008 seconds total (1322.8 hz, 0.25 ms behind)
[0m[34m[TIME]: 0.0008 seconds total (1267.4 hz, 0.25 ms behind)
[0m[34m[TIME]: 0.0006 seconds total (1545.6 hz, 0.25 ms behind)
[0m[34m[TIME]: 0.0007 seconds total (1492.5 hz, 0.25 ms behind)
[0m[34m[TIME]: 0.0007 seconds total (1492.5 hz, 0.25 ms behind)
[0m[34m[TIME]: 0.0009 seconds total (1089.3 hz, 0.25 ms behind)
[0m[34m[TIME]: 0.0008 seconds total (1262.6 hz, 0.25 ms behind)
[0m[34m[TIME]: 0.0008 seconds total (1199.0 hz, 0.25 ms behind)
[0m[34m[TIME]: 0.0007 seconds total (1512.9 hz, 0.25 ms behind)
[0m[34m[TIME]: 0.0007 seconds total (1499.3 hz, 0.25 ms behind)
[0m[34m[TIME]: 0.0007 seconds total (1432.7 hz, 0.25 ms behind)
[0m[34m[TIME]: 0.0008 seconds total (1176.5 hz, 0.25 ms behind)
[0m[34m[TIME]: 0.0008 seconds total (1312.3 hz, 0.25 ms behind)
[0m[34m[TIME]: 0.0008 seconds total (1287.0 hz, 0.25 ms behind)
[0m[34m[TIME]: 0.0006 seconds total (1560.1 hz, 0.25 ms behind)
[0m[34m[TIME]: 0.0007 seconds total (1531.4 hz, 0.25 ms behind)
[0m[34m[TIME]: 0.0007 seconds total (1508.3 hz, 0.25 ms behind)
[0m[34m[TIME]: 0.0009 seconds total (1165.5 hz, 0.25 ms behind)
[0m[34m[TIME]: 0.0005 seconds total (1869.2 hz, 0.25 ms behind)
[0m[34m[TIME]: 0.0006 seconds total (1754.4 hz, 0.25 ms behind)
[0m[34m[TIME]: 0.0005 seconds total (2212.4 hz, 0.25 ms behind)
[0m[34m[TIME]: 0.0004 seconds total (2298.9 hz, 0.25 ms behind)
[0m[34m[TIME]: 0.0005 seconds total (2207.5 hz, 0.25 ms behind)
[0m[34m[TIME]: 0.0009 seconds total (1142.9 hz, 0.25 ms behind)
[0m[34m[TIME]: 0.0007 seconds total (1347.7 hz, 0.25 ms behind)
[0m[34m[TIME]: 0.0008 seconds total (1256.3 hz, 0.25 ms behind)
[0m[34m[TIME]: 0.0006 seconds total (1564.9 hz, 0.25 ms behind)
[0m[34m[TIME]: 0.0007 seconds total (1510.6 hz, 0.25 ms behind)
[0m[34m[TIME]: 0.0007 seconds total (1515.2 hz, 0.25 ms behind)
[0m[34m[TIME]: 0.0009 seconds total (1096.5 hz, 0.25 ms behind)
[0m[34m[TIME]: 0.0008 seconds total (1254.7 hz, 0.25 ms behind)
[0m[34m[TIME]: 0.0008 seconds total (1228.5 hz, 0.25 ms behind)
[0m[34m[TIME]: 0.0007 seconds total (1497.0 hz, 0.25 ms behind)
[0m[34m[TIME]: 0.0007 seconds total (1492.5 hz, 0.25 ms behind)
[0m[34m[TIME]: 0.0007 seconds total (1457.7 hz, 0.25 ms behind)
[0m[34m[TIME]: 0.0009 seconds total (1127.4 hz, 0.25 ms behind)
[0m[34m[TIME]: 0.0008 seconds total (1317.5 hz, 0.25 ms behind)
[0m[34m[TIME]: 0.0008 seconds total (1303.8 hz, 0.25 ms behind)
[0m[34m[TIME]: 0.0006 seconds total (1548.0 hz, 0.25 ms behind)
[0m[34m[TIME]: 0.0006 seconds total (1543.2 hz, 0.25 ms behind)
[0m[34m[TIME]: 0.0007 seconds total (1499.3 hz, 0.25 ms behind)
[0m[34m[TIME]: 0.0009 seconds total (1097.7 hz, 0.25 ms behind)
[0m[34m[TIME]: 0.0008 seconds total (1264.2 hz, 0.25 ms behind)
[0m[34m[TIME]: 0.0008 seconds total (1230.0 hz, 0.25 ms behind)
[0m[34m[TIME]: 0.0007 seconds total (1506.0 hz, 0.25 ms behind)
[0m[34m[TIME]: 0.0007 seconds total (1503.8 hz, 0.25 ms behind)
[0m[34m[TIME]: 0.0007 seconds total (1440.9 hz, 0.25 ms behind)
[0m[34m[TIME]: 0.0009 seconds total (1141.6 hz, 0.25 ms behind)
[0m[34m[TIME]: 0.0007 seconds total (1340.5 hz, 0.25 ms behind)
[0m[34m[TIME]: 0.0008 seconds total (1269.0 hz, 0.25 ms behind)
[0m[34m[TIME]: 0.0006 seconds total (1548.0 hz, 0.25 ms behind)
[0m[34m[TIME]: 0.0007 seconds total (1526.7 hz, 0.25 ms behind)
[0m[34m[TIME]: 0.0007 seconds total (1508.3 hz, 0.25 ms behind)
[0m[34m[TIME]: 0.0008 seconds total (1305.5 hz, 0.25 ms behind)
[0m[34m[TIME]: 0.0005 seconds total (1938.0 hz, 0.25 ms behind)
[0m[34m[TIME]: 0.0006 seconds total (1754.4 hz, 0.25 ms behind)
[0m[34m[TIME]: 0.0005 seconds total (2217.3 hz, 0.25 ms behind)
[0m[34m[TIME]: 0.0005 seconds total (1960.8 hz, 0.25 ms behind)
[0m[34m[TIME]: 0.0005 seconds total (1915.7 hz, 0.25 ms behind)
[0m[34m[TIME]: 0.0009 seconds total (1142.9 hz, 0.25 ms behind)
[0m[34m[TIME]: 0.0007 seconds total (1358.7 hz, 0.25 ms behind)
[0m[34m[TIME]: 0.0008 seconds total (1256.3 hz, 0.25 ms behind)
[0m[34m[TIME]: 0.0006 seconds total (1555.2 hz, 0.25 ms behind)
[0m[34m[TIME]: 0.0007 seconds total (1531.4 hz, 0.25 ms behind)
[0m[34m[TIME]: 0.0007 seconds total (1477.1 hz, 0.25 ms behind)
[0m[34m[TIME]: 0.0008 seconds total (1184.8 hz, 0.25 ms behind)
[0m[34m[TIME]: 0.0005 seconds total (1926.8 hz, 0.25 ms behind)
[0m[34m[TIME]: 0.0006 seconds total (1785.7 hz, 0.25 ms behind)
[0m[34m[TIME]: 0.0005 seconds total (2183.4 hz, 0.25 ms behind)
[0m[34m[TIME]: 0.0004 seconds total (2262.4 hz, 0.25 ms behind)
[0m[34m[TIME]: 0.0005 seconds total (2169.2 hz, 0.25 ms behind)
[0m[34m[TIME]: 0.0009 seconds total (1162.8 hz, 0.25 ms behind)
[0m[34m[TIME]: 0.0007 seconds total (1344.1 hz, 0.25 ms behind)
[0m[34m[TIME]: 0.0008 seconds total (1282.1 hz, 0.25 ms behind)
[0m[34m[TIME]: 0.0006 seconds total (1548.0 hz, 0.25 ms behind)
[0m[34m[TIME]: 0.0007 seconds total (1522.1 hz, 0.25 ms behind)
[0m[34m[TIME]: 0.0007 seconds total (1449.3 hz, 0.25 ms behind)
[0m[34m[TIME]: 0.0009 seconds total (1118.6 hz, 0.25 ms behind)
[0m[34m[TIME]: 0.0008 seconds total (1278.8 hz, 0.25 ms behind)
[0m[34m[TIME]: 0.0008 seconds total (1261.0 hz, 0.25 ms behind)
[0m[34m[TIME]: 0.0007 seconds total (1503.8 hz, 0.25 ms behind)
[0m[34m[TIME]: 0.0007 seconds total (1508.3 hz, 0.25 ms behind)
[0m[34m[TIME]: 0.0007 seconds total (1436.8 hz, 0.25 ms behind)
[0m[34m[TIME]: 0.0008 seconds total (1248.4 hz, 0.25 ms behind)
[0m[34m[TIME]: 0.0005 seconds total (2000.0 hz, 0.25 ms behind)
[0m[34m[TIME]: 0.0006 seconds total (1792.1 hz, 0.25 ms behind)
[0m[34m[TIME]: 0.0004 seconds total (2242.2 hz, 0.25 ms behind)
[0m[34m[TIME]: 0.0004 seconds total (2304.1 hz, 0.25 ms behind)
[0m[34m[TIME]: 0.0004 seconds total (2232.1 hz, 0.25 ms behind)
[0m[34m[TIME]: 0.0009 seconds total (1150.7 hz, 0.25 ms behind)
[0m[34m[TIME]: 0.0005 seconds total (1949.3 hz, 0.25 ms behind)
[0m[34m[TIME]: 0.0006 seconds total (1779.4 hz, 0.25 ms behind)
[0m[34m[TIME]: 0.0005 seconds total (2217.3 hz, 0.25 ms behind)
[0m[34m[TIME]: 0.0004 seconds total (2293.6 hz, 0.25 ms behind)
[0m[34m[TIME]: 0.0005 seconds total (2178.6 hz, 0.25 ms behind)
[0m[34m[TIME]: 0.0009 seconds total (1145.5 hz, 0.25 ms behind)
[0m[34m[TIME]: 0.0008 seconds total (1314.1 hz, 0.25 ms behind)
[0m[34m[TIME]: 0.0006 seconds total (1587.3 hz, 0.25 ms behind)
[0m[34m[TIME]: 0.0005 seconds total (2074.7 hz, 0.25 ms behind)
[0m[34m[TIME]: 0.0005 seconds total (2159.8 hz, 0.25 ms behind)
[0m[34m[TIME]: 0.0005 seconds total (2028.4 hz, 0.25 ms behind)
[0m[34m[TIME]: 0.0009 seconds total (1121.1 hz, 0.25 ms behind)
[0m[34m[TIME]: 0.0008 seconds total (1324.5 hz, 0.25 ms behind)
[0m[34m[TIME]: 0.0008 seconds total (1269.0 hz, 0.25 ms behind)
[0m[34m[TIME]: 0.0007 seconds total (1466.3 hz, 0.25 ms behind)
[0m[34m[TIME]: 0.0007 seconds total (1470.6 hz, 0.25 ms behind)
[0m[34m[TIME]: 0.0007 seconds total (1443.0 hz, 0.25 ms behind)
[0m[34m[TIME]: 0.0009 seconds total (1141.6 hz, 0.25 ms behind)
[0m[34m[TIME]: 0.0007 seconds total (1336.9 hz, 0.25 ms behind)
[0m[34m[TIME]: 0.0008 seconds total (1282.1 hz, 0.25 ms behind)
[0m[34m[TIME]: 0.0005 seconds total (1869.2 hz, 0.25 ms behind)
[0m[34m[TIME]: 0.0004 seconds total (2381.0 hz, 0.25 ms behind)
[0m[34m[TIME]: 0.0004 seconds total (2267.6 hz, 0.25 ms behind)
[0m[34m[TIME]: 0.0009 seconds total (1139.0 hz, 0.25 ms behind)
[0m[34m[TIME]: 0.0008 seconds total (1288.7 hz, 0.25 ms behind)
[0m[34m[TIME]: 0.0008 seconds total (1264.2 hz, 0.25 ms behind)
[0m[34m[TIME]: 0.0007 seconds total (1510.6 hz, 0.25 ms behind)
[0m[34m[TIME]: 0.0007 seconds total (1453.5 hz, 0.25 ms behind)
[0m[34m[TIME]: 0.0007 seconds total (1451.4 hz, 0.25 ms behind)
[0m[34m[TIME]: 0.0008 seconds total (1199.0 hz, 0.25 ms behind)
[0m[34m[TIME]: 0.0005 seconds total (2000.0 hz, 0.25 ms behind)
[0m[34m[TIME]: 0.0005 seconds total (1831.5 hz, 0.25 ms behind)
[0m[34m[TIME]: 0.0004 seconds total (2262.4 hz, 0.25 ms behind)
[0m[34m[TIME]: 0.0004 seconds total (2336.4 hz, 0.25 ms behind)
[0m[34m[TIME]: 0.0004 seconds total (2272.7 hz, 0.25 ms behind)
[0m[34m[TIME]: 0.0008 seconds total (1300.4 hz, 0.25 ms behind)
[0m[34m[TIME]: 0.0005 seconds total (1964.6 hz, 0.25 ms behind)
[0m[34m[TIME]: 0.0006 seconds total (1769.9 hz, 0.25 ms behind)
[0m[34m[TIME]: 0.0005 seconds total (2188.2 hz, 0.25 ms behind)
[0m[34m[TIME]: 0.0004 seconds total (2272.7 hz, 0.25 ms behind)
[0m[34m[TIME]: 0.0005 seconds total (2145.9 hz, 0.25 ms behind)
[0m[34m[TIME]: 0.0009 seconds total (1137.7 hz, 0.25 ms behind)
[0m[34m[TIME]: 0.0007 seconds total (1345.9 hz, 0.25 ms behind)
[0m[34m[TIME]: 0.0008 seconds total (1292.0 hz, 0.25 ms behind)
[0m[34m[TIME]: 0.0007 seconds total (1536.1 hz, 0.25 ms behind)
[0m[34m[TIME]: 0.0006 seconds total (1540.8 hz, 0.25 ms behind)
[0m[34m[TIME]: 0.0007 seconds total (1497.0 hz, 0.25 ms behind)
[0m[34m[TIME]: 0.0009 seconds total (1141.6 hz, 0.25 ms behind)
[0m[34m[TIME]: 0.0008 seconds total (1308.9 hz, 0.25 ms behind)
[0m[34m[TIME]: 0.0008 seconds total (1261.0 hz, 0.25 ms behind)
[0m[34m[TIME]: 0.0007 seconds total (1481.5 hz, 0.25 ms behind)
[0m[34m[TIME]: 0.0007 seconds total (1512.9 hz, 0.25 ms behind)
[0m[34m[TIME]: 0.0007 seconds total (1451.4 hz, 0.25 ms behind)
[0m[34m[TIME]: 0.0008 seconds total (1272.3 hz, 0.25 ms behind)
[0m[34m[TIME]: 0.0005 seconds total (2016.1 hz, 0.25 ms behind)
[0m[34m[TIME]: 0.0005 seconds total (1824.8 hz, 0.25 ms behind)
[0m[34m[TIME]: 0.0004 seconds total (2304.1 hz, 0.25 ms behind)
[0m[34m[TIME]: 0.0005 seconds total (2164.5 hz, 0.25 ms behind)
[0m[34m[TIME]: 0.0005 seconds total (1945.5 hz, 0.25 ms behind)
[0m[34m[TIME]: 0.0009 seconds total (1137.7 hz, 0.25 ms behind)
[0m[34m[TIME]: 0.0008 seconds total (1324.5 hz, 0.25 ms behind)
[0m[34m[TIME]: 0.0008 seconds total (1261.0 hz, 0.25 ms behind)
[0m[34m[TIME]: 0.0007 seconds total (1451.4 hz, 0.25 ms behind)
[0m[34m[TIME]: 0.0007 seconds total (1506.0 hz, 0.25 ms behind)
[0m[34m[TIME]: 0.0007 seconds total (1430.6 hz, 0.25 ms behind)
[0m[34m[TIME]: 0.0009 seconds total (1154.7 hz, 0.25 ms behind)
[0m[34m[TIME]: 0.0007 seconds total (1356.9 hz, 0.25 ms behind)
[0m[34m[TIME]: 0.0008 seconds total (1297.0 hz, 0.25 ms behind)
[0m[34m[TIME]: 0.0006 seconds total (1552.8 hz, 0.25 ms behind)
[0m[34m[TIME]: 0.0006 seconds total (1567.4 hz, 0.25 ms behind)
[0m[34m[TIME]: 0.0007 seconds total (1512.9 hz, 0.25 ms behind)
[0m[34m[TIME]: 0.0009 seconds total (1146.8 hz, 0.25 ms behind)
[0m[34m[TIME]: 0.0008 seconds total (1302.1 hz, 0.25 ms behind)
[0m[34m[TIME]: 0.0008 seconds total (1250.0 hz, 0.25 ms behind)
[0m[34m[TIME]: 0.0007 seconds total (1464.1 hz, 0.25 ms behind)
[0m[34m[TIME]: 0.0007 seconds total (1508.3 hz, 0.25 ms behind)
[0m[34m[TIME]: 0.0007 seconds total (1455.6 hz, 0.25 ms behind)
[0m[34m[TIME]: 0.0009 seconds total (1091.7 hz, 0.25 ms behind)
[0m[34m[TIME]: 0.0007 seconds total (1390.8 hz, 0.25 ms behind)
[0m[34m[TIME]: 0.0005 seconds total (1838.2 hz, 0.25 ms behind)
[0m[34m[TIME]: 0.0005 seconds total (2183.4 hz, 0.25 ms behind)
[0m[34m[TIME]: 0.0004 seconds total (2369.7 hz, 0.25 ms behind)
[0m[34m[TIME]: 0.0005 seconds total (2212.4 hz, 0.25 ms behind)
[0m[34m[TIME]: 0.0008 seconds total (1300.4 hz, 0.25 ms behind)
[0m[34m[TIME]: 0.0005 seconds total (1984.1 hz, 0.25 ms behind)
[0m[34m[TIME]: 0.0006 seconds total (1769.9 hz, 0.25 ms behind)
[0m[34m[TIME]: 0.0004 seconds total (2242.2 hz, 0.25 ms behind)
[0m[34m[TIME]: 0.0004 seconds total (2227.2 hz, 0.25 ms behind)
[0m[34m[TIME]: 0.0005 seconds total (2173.9 hz, 0.25 ms behind)
[0m[34m[TIME]: 0.0009 seconds total (1136.4 hz, 0.25 ms behind)
[0m[34m[TIME]: 0.0007 seconds total (1360.5 hz, 0.25 ms behind)
[0m[34m[TIME]: 0.0008 seconds total (1302.1 hz, 0.25 ms behind)
[0m[34m[TIME]: 0.0007 seconds total (1531.4 hz, 0.25 ms behind)
[0m[34m[TIME]: 0.0006 seconds total (1548.0 hz, 0.25 ms behind)
[0m[34m[TIME]: 0.0007 seconds total (1445.1 hz, 0.25 ms behind)
[0m[34m[TIME]: 0.0008 seconds total (1269.0 hz, 0.25 ms behind)
[0m[34m[TIME]: 0.0005 seconds total (1941.7 hz, 0.25 ms behind)
[0m[34m[TIME]: 0.0006 seconds total (1745.2 hz, 0.25 ms behind)
[0m[34m[TIME]: 0.0004 seconds total (2237.1 hz, 0.25 ms behind)
[0m[34m[TIME]: 0.0004 seconds total (2247.2 hz, 0.25 ms behind)
[0m[34m[TIME]: 0.0005 seconds total (2202.6 hz, 0.25 ms behind)
[0m[34m[TIME]: 0.0009 seconds total (1121.1 hz, 0.25 ms behind)
[0m[34m[TIME]: 0.0007 seconds total (1356.9 hz, 0.25 ms behind)
[0m[34m[TIME]: 0.0008 seconds total (1305.5 hz, 0.25 ms behind)
[0m[34m[TIME]: 0.0007 seconds total (1481.5 hz, 0.25 ms behind)
[0m[34m[TIME]: 0.0006 seconds total (1623.4 hz, 0.25 ms behind)
[0m[34m[TIME]: 0.0005 seconds total (2193.0 hz, 0.25 ms behind)
[0m[34m[TIME]: 0.0008 seconds total (1287.0 hz, 0.25 ms behind)
[0m[34m[TIME]: 0.0005 seconds total (1960.8 hz, 0.25 ms behind)
[0m[34m[TIME]: 0.0006 seconds total (1798.6 hz, 0.25 ms behind)
[0m[34m[TIME]: 0.0004 seconds total (2227.2 hz, 0.25 ms behind)
[0m[34m[TIME]: 0.0004 seconds total (2277.9 hz, 0.25 ms behind)
[0m[34m[TIME]: 0.0004 seconds total (2232.1 hz, 0.25 ms behind)
[0m[34m[TIME]: 0.0008 seconds total (1196.2 hz, 0.25 ms behind)
[0m[34m[TIME]: 0.0005 seconds total (2020.2 hz, 0.25 ms behind)
[0m[34m[TIME]: 0.0005 seconds total (1855.3 hz, 0.25 ms behind)
[0m[34m[TIME]: 0.0004 seconds total (2320.2 hz, 0.25 ms behind)
[0m[34m[TIME]: 0.0004 seconds total (2347.4 hz, 0.25 ms behind)
[0m[34m[TIME]: 0.0004 seconds total (2262.4 hz, 0.25 ms behind)
[0m[34m[TIME]: 0.0008 seconds total (1215.1 hz, 0.25 ms behind)
[0m[34m[TIME]: 0.0005 seconds total (1949.3 hz, 0.25 ms behind)
[0m[34m[TIME]: 0.0006 seconds total (1782.5 hz, 0.25 ms behind)
[0m[34m[TIME]: 0.0005 seconds total (2193.0 hz, 0.25 ms behind)
[0m[34m[TIME]: 0.0004 seconds total (2252.3 hz, 0.25 ms behind)
[0m[34m[TIME]: 0.0005 seconds total (2212.4 hz, 0.25 ms behind)
[0m[34m[TIME]: 0.0009 seconds total (1096.5 hz, 0.25 ms behind)
[0m[34m[TIME]: 0.0008 seconds total (1329.8 hz, 0.25 ms behind)
[0m[34m[TIME]: 0.0008 seconds total (1310.6 hz, 0.25 ms behind)
[0m[34m[TIME]: 0.0007 seconds total (1497.0 hz, 0.25 ms behind)
[0m[34m[TIME]: 0.0007 seconds total (1536.1 hz, 0.25 ms behind)
[0m[34m[TIME]: 0.0007 seconds total (1485.9 hz, 0.25 ms behind)
[0m[34m[TIME]: 0.0009 seconds total (1128.7 hz, 0.25 ms behind)
[0m[34m[TIME]: 0.0008 seconds total (1290.3 hz, 0.25 ms behind)
[0m[34m[TIME]: 0.0008 seconds total (1243.8 hz, 0.25 ms behind)
[0m[34m[TIME]: 0.0007 seconds total (1497.0 hz, 0.25 ms behind)
[0m[34m[TIME]: 0.0007 seconds total (1479.3 hz, 0.25 ms behind)
[0m[34m[TIME]: 0.0007 seconds total (1385.0 hz, 0.25 ms behind)
[0m[34m[TIME]: 0.0009 seconds total (1127.4 hz, 0.25 ms behind)
[0m[34m[TIME]: 0.0008 seconds total (1312.3 hz, 0.25 ms behind)
[0m[34m[TIME]: 0.0008 seconds total (1290.3 hz, 0.25 ms behind)
[0m[34m[TIME]: 0.0006 seconds total (1538.5 hz, 0.25 ms behind)
[0m[34m[TIME]: 0.0007 seconds total (1529.1 hz, 0.25 ms behind)
[0m[34m[TIME]: 0.0007 seconds total (1488.1 hz, 0.25 ms behind)
[0m[34m[TIME]: 0.0009 seconds total (1076.4 hz, 0.25 ms behind)
[0m[34m[TIME]: 0.0008 seconds total (1285.3 hz, 0.25 ms behind)
[0m[34m[TIME]: 0.0008 seconds total (1225.5 hz, 0.25 ms behind)
[0m[34m[TIME]: 0.0007 seconds total (1451.4 hz, 0.25 ms behind)
[0m[34m[TIME]: 0.0007 seconds total (1445.1 hz, 0.25 ms behind)
[0m[34m[TIME]: 0.0007 seconds total (1434.7 hz, 0.25 ms behind)
[0m[34m[TIME]: 0.0009 seconds total (1090.5 hz, 0.25 ms behind)
[0m[34m[TIME]: 0.0008 seconds total (1331.6 hz, 0.25 ms behind)
[0m[34m[TIME]: 0.0008 seconds total (1310.6 hz, 0.25 ms behind)
[0m[34m[TIME]: 0.0007 seconds total (1536.1 hz, 0.25 ms behind)
[0m[34m[TIME]: 0.0007 seconds total (1512.9 hz, 0.25 ms behind)
[0m[34m[TIME]: 0.0007 seconds total (1490.3 hz, 0.25 ms behind)
[0m[34m[TIME]: 0.0009 seconds total (1114.8 hz, 0.25 ms behind)
[0m[34m[TIME]: 0.0008 seconds total (1275.5 hz, 0.25 ms behind)
[0m[34m[TIME]: 0.0008 seconds total (1239.2 hz, 0.25 ms behind)
[0m[34m[TIME]: 0.0007 seconds total (1470.6 hz, 0.25 ms behind)
[0m[34m[TIME]: 0.0007 seconds total (1457.7 hz, 0.25 ms behind)
[0m[34m[TIME]: 0.0007 seconds total (1406.5 hz, 0.25 ms behind)
[0m[34m[TIME]: 0.0008 seconds total (1213.6 hz, 0.25 ms behind)
[0m[34m[TIME]: 0.0007 seconds total (1362.4 hz, 0.25 ms behind)
[0m[34m[TIME]: 0.0008 seconds total (1295.3 hz, 0.25 ms behind)
[0m[34m[TIME]: 0.0007 seconds total (1512.9 hz, 0.25 ms behind)
[0m[34m[TIME]: 0.0007 seconds total (1531.4 hz, 0.25 ms behind)
[0m[34m[TIME]: 0.0007 seconds total (1501.5 hz, 0.25 ms behind)
[0m[34m[TIME]: 0.0009 seconds total (1171.0 hz, 0.25 ms behind)
[0m[34m[TIME]: 0.0008 seconds total (1303.8 hz, 0.25 ms behind)
[0m[34m[TIME]: 0.0008 seconds total (1265.8 hz, 0.25 ms behind)
[0m[34m[TIME]: 0.0007 seconds total (1468.4 hz, 0.25 ms behind)
[0m[34m[TIME]: 0.0007 seconds total (1470.6 hz, 0.25 ms behind)
[0m[34m[TIME]: 0.0007 seconds total (1455.6 hz, 0.25 ms behind)
[0m[34m[TIME]: 0.0009 seconds total (1131.2 hz, 0.25 ms behind)
[0m[34m[TIME]: 0.0008 seconds total (1333.3 hz, 0.25 ms behind)
[0m[34m[TIME]: 0.0008 seconds total (1305.5 hz, 0.25 ms behind)
[0m[34m[TIME]: 0.0007 seconds total (1531.4 hz, 0.25 ms behind)
[0m[34m[TIME]: 0.0007 seconds total (1503.8 hz, 0.25 ms behind)
[0m[34m[TIME]: 0.0007 seconds total (1483.7 hz, 0.25 ms behind)
[0m[34m[TIME]: 0.0009 seconds total (1124.9 hz, 0.25 ms behind)
[0m[34m[TIME]: 0.0008 seconds total (1298.7 hz, 0.25 ms behind)
[0m[34m[TIME]: 0.0008 seconds total (1203.4 hz, 0.25 ms behind)
[0m[34m[TIME]: 0.0007 seconds total (1445.1 hz, 0.25 ms behind)
[0m[34m[TIME]: 0.0007 seconds total (1503.8 hz, 0.25 ms behind)
[0m[34m[TIME]: 0.0007 seconds total (1406.5 hz, 0.25 ms behind)
[0m[34m[TIME]: 0.0009 seconds total (1171.0 hz, 0.25 ms behind)
[0m[34m[TIME]: 0.0007 seconds total (1375.5 hz, 0.25 ms behind)
[0m[34m[TIME]: 0.0008 seconds total (1273.9 hz, 0.25 ms behind)
[0m[34m[TIME]: 0.0007 seconds total (1526.7 hz, 0.25 ms behind)
[0m[34m[TIME]: 0.0006 seconds total (1555.2 hz, 0.25 ms behind)
[0m[34m[TIME]: 0.0007 seconds total (1492.5 hz, 0.25 ms behind)
[0m[34m[TIME]: 0.0009 seconds total (1133.8 hz, 0.25 ms behind)
[0m[34m[TIME]: 0.0008 seconds total (1317.5 hz, 0.25 ms behind)
[0m[34m[TIME]: 0.0008 seconds total (1250.0 hz, 0.25 ms behind)
[0m[34m[TIME]: 0.0007 seconds total (1447.2 hz, 0.25 ms behind)
[0m[34m[TIME]: 0.0007 seconds total (1483.7 hz, 0.25 ms behind)
[0m[34m[TIME]: 0.0007 seconds total (1436.8 hz, 0.25 ms behind)
[0m[34m[TIME]: 0.0009 seconds total (1129.9 hz, 0.25 ms behind)
[0m[34m[TIME]: 0.0007 seconds total (1351.4 hz, 0.25 ms behind)
[0m[34m[TIME]: 0.0008 seconds total (1297.0 hz, 0.25 ms behind)
[0m[34m[TIME]: 0.0007 seconds total (1515.2 hz, 0.25 ms behind)
[0m[34m[TIME]: 0.0007 seconds total (1485.9 hz, 0.25 ms behind)
[0m[34m[TIME]: 0.0007 seconds total (1485.9 hz, 0.25 ms behind)
[0m[34m[TIME]: 0.0009 seconds total (1154.7 hz, 0.25 ms behind)
[0m[34m[TIME]: 0.0005 seconds total (1883.2 hz, 0.25 ms behind)
[0m[34m[TIME]: 0.0006 seconds total (1801.8 hz, 0.25 ms behind)
[0m[34m[TIME]: 0.0004 seconds total (2257.3 hz, 0.25 ms behind)
[0m[34m[TIME]: 0.0004 seconds total (2252.3 hz, 0.25 ms behind)
[0m[34m[TIME]: 0.0005 seconds total (2197.8 hz, 0.25 ms behind)
[0m[34m[TIME]: 0.0008 seconds total (1193.3 hz, 0.25 ms behind)
[0m[34m[TIME]: 0.0006 seconds total (1680.7 hz, 0.25 ms behind)
[0m[34m[TIME]: 0.0006 seconds total (1658.4 hz, 0.25 ms behind)
[0m[34m[TIME]: 0.0005 seconds total (2127.7 hz, 0.25 ms behind)
[0m[34m[TIME]: 0.0005 seconds total (1996.0 hz, 0.25 ms behind)
[0m[34m[TIME]: 0.0005 seconds total (2028.4 hz, 0.25 ms behind)
[0m[34m[TIME]: 0.0009 seconds total (1135.1 hz, 0.25 ms behind)
[0m[34m[TIME]: 0.0008 seconds total (1298.7 hz, 0.25 ms behind)
[0m[34m[TIME]: 0.0008 seconds total (1213.6 hz, 0.25 ms behind)
[0m[34m[TIME]: 0.0007 seconds total (1416.4 hz, 0.25 ms behind)
[0m[34m[TIME]: 0.0007 seconds total (1434.7 hz, 0.25 ms behind)
[0m[34m[TIME]: 0.0007 seconds total (1424.5 hz, 0.25 ms behind)
[0m[34m[TIME]: 0.0009 seconds total (1150.7 hz, 0.00 ms behind)
[0m[34m[TIME]: 0.0005 seconds total (1926.8 hz, 0.00 ms behind)
[0m[34m[TIME]: 0.0005 seconds total (1848.4 hz, 0.00 ms behind)
[0m[34m[TIME]: 0.0004 seconds total (2341.9 hz, 0.00 ms behind)
[0m[34m[TIME]: 0.0004 seconds total (2288.3 hz, 0.00 ms behind)
[0m[34m[TIME]: 0.0005 seconds total (2004.0 hz, 0.00 ms behind)
[0m[34m[TIME]: 0.0009 seconds total (1135.1 hz, 0.25 ms behind)
[0m[34m[TIME]: 0.0008 seconds total (1282.1 hz, 0.25 ms behind)
[0m[34m[TIME]: 0.0008 seconds total (1224.0 hz, 0.25 ms behind)
[0m[34m[TIME]: 0.0007 seconds total (1443.0 hz, 0.25 ms behind)
[0m[34m[TIME]: 0.0007 seconds total (1443.0 hz, 0.25 ms behind)
[0m[34m[TIME]: 0.0007 seconds total (1396.6 hz, 0.25 ms behind)
[0m[34m[TIME]: 0.0009 seconds total (1146.8 hz, 0.25 ms behind)
[0m[34m[TIME]: 0.0006 seconds total (1736.1 hz, 0.25 ms behind)
[0m[34m[TIME]: 0.0006 seconds total (1626.0 hz, 0.25 ms behind)
[0m[34m[TIME]: 0.0005 seconds total (1956.9 hz, 0.25 ms behind)
[0m[34m[TIME]: 0.0005 seconds total (2024.3 hz, 0.25 ms behind)
[0m[34m[TIME]: 0.0005 seconds total (2008.0 hz, 0.25 ms behind)
[0m[34m[TIME]: 0.0009 seconds total (1117.3 hz, 0.25 ms behind)
[0m[34m[TIME]: 0.0008 seconds total (1324.5 hz, 0.25 ms behind)
[0m[34m[TIME]: 0.0008 seconds total (1257.9 hz, 0.25 ms behind)
[0m[34m[TIME]: 0.0007 seconds total (1432.7 hz, 0.25 ms behind)
[0m[34m[TIME]: 0.0007 seconds total (1428.6 hz, 0.25 ms behind)
[0m[34m[TIME]: 0.0007 seconds total (1445.1 hz, 0.25 ms behind)
[0m[34m[TIME]: 0.0009 seconds total (1096.5 hz, 0.25 ms behind)
[0m[34m[TIME]: 0.0007 seconds total (1368.0 hz, 0.25 ms behind)
[0m[34m[TIME]: 0.0008 seconds total (1303.8 hz, 0.25 ms behind)
[0m[34m[TIME]: 0.0007 seconds total (1522.1 hz, 0.25 ms behind)
[0m[34m[TIME]: 0.0007 seconds total (1485.9 hz, 0.25 ms behind)
[0m[34m[TIME]: 0.0007 seconds total (1515.2 hz, 0.25 ms behind)
[0m[34m[TIME]: 0.0009 seconds total (1142.9 hz, 0.25 ms behind)
[0m[34m[TIME]: 0.0007 seconds total (1347.7 hz, 0.25 ms behind)
[0m[34m[TIME]: 0.0008 seconds total (1257.9 hz, 0.25 ms behind)
[0m[34m[TIME]: 0.0007 seconds total (1432.7 hz, 0.25 ms behind)
[0m[34m[TIME]: 0.0007 seconds total (1449.3 hz, 0.25 ms behind)
[0m[34m[TIME]: 0.0007 seconds total (1449.3 hz, 0.25 ms behind)
[0m[34m[TIME]: 0.0008 seconds total (1183.4 hz, 0.25 ms behind)
[0m[34m[TIME]: 0.0005 seconds total (1992.0 hz, 0.25 ms behind)
[0m[34m[TIME]: 0.0005 seconds total (1915.7 hz, 0.25 ms behind)
[0m[34m[TIME]: 0.0004 seconds total (2358.5 hz, 0.25 ms behind)
[0m[34m[TIME]: 0.0004 seconds total (2293.6 hz, 0.25 ms behind)
[0m[34m[TIME]: 0.0004 seconds total (2320.2 hz, 0.25 ms behind)
[0m[34m[TIME]: 0.0009 seconds total (1128.7 hz, 0.25 ms behind)
[0m[34m[TIME]: 0.0008 seconds total (1319.3 hz, 0.25 ms behind)
[0m[34m[TIME]: 0.0008 seconds total (1227.0 hz, 0.25 ms behind)
[0m[34m[TIME]: 0.0005 seconds total (2109.7 hz, 0.25 ms behind)
[0m[34m[TIME]: 0.0004 seconds total (2252.3 hz, 0.25 ms behind)
[0m[34m[TIME]: 0.0004 seconds total (2222.2 hz, 0.25 ms behind)
[0m[34m[TIME]: 0.0009 seconds total (1164.1 hz, 0.25 ms behind)
[0m[34m[TIME]: 0.0008 seconds total (1324.5 hz, 0.25 ms behind)
[0m[34m[TIME]: 0.0008 seconds total (1302.1 hz, 0.25 ms behind)
[0m[34m[TIME]: 0.0005 seconds total (1992.0 hz, 0.25 ms behind)
[0m[34m[TIME]: 0.0004 seconds total (2262.4 hz, 0.25 ms behind)
[0m[34m[TIME]: 0.0004 seconds total (2267.6 hz, 0.25 ms behind)
[0m[34m[TIME]: 0.0009 seconds total (1119.8 hz, 0.25 ms behind)
[0m[34m[TIME]: 0.0007 seconds total (1344.1 hz, 0.25 ms behind)
[0m[34m[TIME]: 0.0008 seconds total (1227.0 hz, 0.25 ms behind)
[0m[34m[TIME]: 0.0006 seconds total (1748.3 hz, 0.25 ms behind)
[0m[34m[TIME]: 0.0005 seconds total (1821.5 hz, 0.25 ms behind)
[0m[34m[TIME]: 0.0005 seconds total (1883.2 hz, 0.25 ms behind)
[0m[34m[TIME]: 0.0009 seconds total (1141.6 hz, 0.25 ms behind)
[0m[34m[TIME]: 0.0007 seconds total (1388.9 hz, 0.25 ms behind)
[0m[34m[TIME]: 0.0008 seconds total (1329.8 hz, 0.25 ms behind)
[0m[34m[TIME]: 0.0006 seconds total (1548.0 hz, 0.25 ms behind)
[0m[34m[TIME]: 0.0007 seconds total (1524.4 hz, 0.25 ms behind)
[0m[34m[TIME]: 0.0007 seconds total (1517.5 hz, 0.25 ms behind)
[0m[34m[TIME]: 0.0009 seconds total (1119.8 hz, 0.25 ms behind)
[0m[34m[TIME]: 0.0008 seconds total (1310.6 hz, 0.25 ms behind)
[0m[34m[TIME]: 0.0008 seconds total (1253.1 hz, 0.25 ms behind)
[0m[34m[TIME]: 0.0007 seconds total (1481.5 hz, 0.25 ms behind)
[0m[34m[TIME]: 0.0007 seconds total (1451.4 hz, 0.25 ms behind)
[0m[34m[TIME]: 0.0007 seconds total (1459.9 hz, 0.25 ms behind)
[0m[34m[TIME]: 0.0009 seconds total (1175.1 hz, 0.25 ms behind)
[0m[34m[TIME]: 0.0005 seconds total (1919.4 hz, 0.25 ms behind)
[0m[34m[TIME]: 0.0006 seconds total (1697.8 hz, 0.25 ms behind)
[0m[34m[TIME]: 0.0005 seconds total (2155.2 hz, 0.25 ms behind)
[0m[34m[TIME]: 0.0005 seconds total (2164.5 hz, 0.25 ms behind)
[0m[34m[TIME]: 0.0005 seconds total (2136.8 hz, 0.25 ms behind)
[0m[34m[TIME]: 0.0008 seconds total (1302.1 hz, 0.25 ms behind)
[0m[34m[TIME]: 0.0005 seconds total (1876.2 hz, 0.25 ms behind)
[0m[34m[TIME]: 0.0006 seconds total (1769.9 hz, 0.25 ms behind)
[0m[34m[TIME]: 0.0005 seconds total (2197.8 hz, 0.25 ms behind)
[0m[34m[TIME]: 0.0005 seconds total (2079.0 hz, 0.25 ms behind)
[0m[34m[TIME]: 0.0005 seconds total (2092.1 hz, 0.25 ms behind)
[0m[34m[TIME]: 0.0009 seconds total (1149.4 hz, 0.25 ms behind)
[0m[34m[TIME]: 0.0007 seconds total (1388.9 hz, 0.25 ms behind)
[0m[34m[TIME]: 0.0008 seconds total (1305.5 hz, 0.25 ms behind)
[0m[34m[TIME]: 0.0007 seconds total (1524.4 hz, 0.25 ms behind)
[0m[34m[TIME]: 0.0007 seconds total (1508.3 hz, 0.25 ms behind)
[0m[34m[TIME]: 0.0007 seconds total (1503.8 hz, 0.25 ms behind)
[0m[34m[TIME]: 0.0009 seconds total (1069.5 hz, 0.25 ms behind)
[0m[34m[TIME]: 0.0008 seconds total (1292.0 hz, 0.25 ms behind)
[0m[34m[TIME]: 0.0008 seconds total (1206.3 hz, 0.25 ms behind)
[0m[34m[TIME]: 0.0007 seconds total (1430.6 hz, 0.25 ms behind)
[0m[34m[TIME]: 0.0007 seconds total (1432.7 hz, 0.25 ms behind)
[0m[34m[TIME]: 0.0007 seconds total (1390.8 hz, 0.25 ms behind)
[0m[34m[TIME]: 0.0009 seconds total (1171.0 hz, 0.25 ms behind)
[0m[34m[TIME]: 0.0007 seconds total (1344.1 hz, 0.25 ms behind)
[0m[34m[TIME]: 0.0005 seconds total (1883.2 hz, 0.25 ms behind)
[0m[34m[TIME]: 0.0004 seconds total (2309.5 hz, 0.25 ms behind)
[0m[34m[TIME]: 0.0004 seconds total (2262.4 hz, 0.25 ms behind)
[0m[34m[TIME]: 0.0004 seconds total (2293.6 hz, 0.25 ms behind)
[0m[34m[TIME]: 0.0009 seconds total (1114.8 hz, 0.25 ms behind)
[0m[34m[TIME]: 0.0008 seconds total (1317.5 hz, 0.25 ms behind)
[0m[34m[TIME]: 0.0008 seconds total (1253.1 hz, 0.25 ms behind)
[0m[34m[TIME]: 0.0007 seconds total (1445.1 hz, 0.25 ms behind)
[0m[34m[TIME]: 0.0007 seconds total (1453.5 hz, 0.25 ms behind)
[0m[34m[TIME]: 0.0007 seconds total (1394.7 hz, 0.25 ms behind)
[0m[34m[TIME]: 0.0009 seconds total (1158.7 hz, 0.25 ms behind)
[0m[34m[TIME]: 0.0005 seconds total (1890.4 hz, 0.25 ms behind)
[0m[34m[TIME]: 0.0005 seconds total (1886.8 hz, 0.25 ms behind)
[0m[34m[TIME]: 0.0004 seconds total (2341.9 hz, 0.25 ms behind)
[0m[34m[TIME]: 0.0004 seconds total (2222.2 hz, 0.25 ms behind)
[0m[34m[TIME]: 0.0004 seconds total (2267.6 hz, 0.25 ms behind)
[0m[34m[TIME]: 0.0009 seconds total (1094.1 hz, 0.25 ms behind)
[0m[34m[TIME]: 0.0008 seconds total (1328.0 hz, 0.25 ms behind)
[0m[34m[TIME]: 0.0008 seconds total (1242.2 hz, 0.25 ms behind)
[0m[34m[TIME]: 0.0007 seconds total (1449.3 hz, 0.25 ms behind)
[0m[34m[TIME]: 0.0007 seconds total (1443.0 hz, 0.25 ms behind)
[0m[34m[TIME]: 0.0007 seconds total (1406.5 hz, 0.25 ms behind)
[0m[34m[TIME]: 0.0009 seconds total (1135.1 hz, 0.25 ms behind)
[0m[34m[TIME]: 0.0007 seconds total (1358.7 hz, 0.25 ms behind)
[0m[34m[TIME]: 0.0008 seconds total (1285.3 hz, 0.25 ms behind)
[0m[34m[TIME]: 0.0007 seconds total (1512.9 hz, 0.25 ms behind)
[0m[34m[TIME]: 0.0006 seconds total (1612.9 hz, 0.25 ms behind)
[0m[34m[TIME]: 0.0005 seconds total (2173.9 hz, 0.25 ms behind)
[0m[34m[TIME]: 0.0009 seconds total (1126.1 hz, 0.25 ms behind)
[0m[34m[TIME]: 0.0007 seconds total (1338.7 hz, 0.25 ms behind)
[0m[34m[TIME]: 0.0008 seconds total (1285.3 hz, 0.25 ms behind)
[0m[34m[TIME]: 0.0007 seconds total (1485.9 hz, 0.25 ms behind)
[0m[34m[TIME]: 0.0007 seconds total (1488.1 hz, 0.25 ms behind)
[0m[34m[TIME]: 0.0007 seconds total (1418.4 hz, 0.25 ms behind)
[0m[34m[TIME]: 0.0009 seconds total (1172.3 hz, 0.25 ms behind)
[0m[34m[TIME]: 0.0007 seconds total (1394.7 hz, 0.25 ms behind)
[0m[34m[TIME]: 0.0008 seconds total (1317.5 hz, 0.25 ms behind)
[0m[34m[TIME]: 0.0006 seconds total (1663.9 hz, 0.25 ms behind)
[0m[34m[TIME]: 0.0004 seconds total (2227.2 hz, 0.25 ms behind)
[0m[34m[TIME]: 0.0004 seconds total (2283.1 hz, 0.25 ms behind)
[0m[34m[TIME]: 0.0009 seconds total (1136.4 hz, 0.25 ms behind)
[0m[34m[TIME]: 0.0008 seconds total (1319.3 hz, 0.25 ms behind)
[0m[34m[TIME]: 0.0008 seconds total (1256.3 hz, 0.25 ms behind)
[0m[34m[TIME]: 0.0007 seconds total (1485.9 hz, 0.25 ms behind)
[0m[34m[TIME]: 0.0007 seconds total (1474.9 hz, 0.25 ms behind)
[0m[34m[TIME]: 0.0007 seconds total (1412.4 hz, 0.25 ms behind)
[0m[34m[TIME]: 0.0009 seconds total (1148.1 hz, 0.25 ms behind)
[0m[34m[TIME]: 0.0007 seconds total (1371.7 hz, 0.25 ms behind)
[0m[34m[TIME]: 0.0008 seconds total (1298.7 hz, 0.25 ms behind)
[0m[34m[TIME]: 0.0007 seconds total (1515.2 hz, 0.25 ms behind)
[0m[34m[TIME]: 0.0007 seconds total (1510.6 hz, 0.25 ms behind)
[0m[34m[TIME]: 0.0007 seconds total (1455.6 hz, 0.25 ms behind)
[0m[34m[TIME]: 0.0009 seconds total (1144.2 hz, 0.25 ms behind)
[0m[34m[TIME]: 0.0008 seconds total (1285.3 hz, 0.25 ms behind)
[0m[34m[TIME]: 0.0008 seconds total (1243.8 hz, 0.25 ms behind)
[0m[34m[TIME]: 0.0007 seconds total (1522.1 hz, 0.25 ms behind)
[0m[34m[TIME]: 0.0007 seconds total (1470.6 hz, 0.25 ms behind)
[0m[34m[TIME]: 0.0007 seconds total (1445.1 hz, 0.25 ms behind)
[0m[34m[TIME]: 0.0008 seconds total (1222.5 hz, 0.25 ms behind)
[0m[34m[TIME]: 0.0005 seconds total (2036.7 hz, 0.25 ms behind)
[0m[34m[TIME]: 0.0005 seconds total (1915.7 hz, 0.25 ms behind)
[0m[34m[TIME]: 0.0004 seconds total (2352.9 hz, 0.25 ms behind)
[0m[34m[TIME]: 0.0004 seconds total (2262.4 hz, 0.25 ms behind)
[0m[34m[TIME]: 0.0004 seconds total (2341.9 hz, 0.25 ms behind)
[0m[34m[TIME]: 0.0009 seconds total (1144.2 hz, 0.25 ms behind)
[0m[34m[TIME]: 0.0007 seconds total (1351.4 hz, 0.25 ms behind)
[0m[34m[TIME]: 0.0008 seconds total (1283.7 hz, 0.25 ms behind)
[0m[34m[TIME]: 0.0007 seconds total (1488.1 hz, 0.25 ms behind)
[0m[34m[TIME]: 0.0007 seconds total (1457.7 hz, 0.25 ms behind)
[0m[34m[TIME]: 0.0007 seconds total (1438.8 hz, 0.25 ms behind)
[0m[34m[TIME]: 0.0008 seconds total (1322.8 hz, 0.25 ms behind)
[0m[34m[TIME]: 0.0005 seconds total (2032.5 hz, 0.25 ms behind)
[0m[34m[TIME]: 0.0005 seconds total (1890.4 hz, 0.25 ms behind)
[0m[34m[TIME]: 0.0004 seconds total (2314.8 hz, 0.25 ms behind)
[0m[34m[TIME]: 0.0005 seconds total (2197.8 hz, 0.25 ms behind)
[0m[34m[TIME]: 0.0004 seconds total (2237.1 hz, 0.25 ms behind)
[0m[34m[TIME]: 0.0009 seconds total (1129.9 hz, 0.25 ms behind)
[0m[34m[TIME]: 0.0007 seconds total (1349.5 hz, 0.25 ms behind)
[0m[34m[TIME]: 0.0008 seconds total (1236.1 hz, 0.25 ms behind)
[0m[34m[TIME]: 0.0007 seconds total (1481.5 hz, 0.25 ms behind)
[0m[34m[TIME]: 0.0007 seconds total (1483.7 hz, 0.25 ms behind)
[0m[34m[TIME]: 0.0007 seconds total (1404.5 hz, 0.25 ms behind)
[0m[34m[TIME]: 0.0009 seconds total (1157.4 hz, 0.25 ms behind)
[0m[34m[TIME]: 0.0007 seconds total (1406.5 hz, 0.25 ms behind)
[0m[34m[TIME]: 0.0006 seconds total (1700.7 hz, 0.25 ms behind)
[0m[34m[TIME]: 0.0004 seconds total (2314.8 hz, 0.25 ms behind)
[0m[34m[TIME]: 0.0005 seconds total (2164.5 hz, 0.25 ms behind)
[0m[34m[TIME]: 0.0004 seconds total (2293.6 hz, 0.25 ms behind)
[0m[34m[TIME]: 0.0007 seconds total (1451.4 hz, 0.25 ms behind)
[0m[34m[TIME]: 0.0006 seconds total (1785.7 hz, 0.25 ms behind)
[0m[34m[TIME]: 0.0006 seconds total (1757.5 hz, 0.25 ms behind)
[0m[34m[TIME]: 0.0005 seconds total (2150.5 hz, 0.25 ms behind)
[0m[34m[TIME]: 0.0005 seconds total (2057.6 hz, 0.25 ms behind)
[0m[34m[TIME]: 0.0005 seconds total (2169.2 hz, 0.25 ms behind)
[0m[34m[TIME]: 0.0009 seconds total (1146.8 hz, 0.25 ms behind)
[0m[34m[TIME]: 0.0007 seconds total (1377.4 hz, 0.25 ms behind)
[0m[34m[TIME]: 0.0006 seconds total (1560.1 hz, 0.25 ms behind)
[0m[34m[TIME]: 0.0005 seconds total (2145.9 hz, 0.25 ms behind)
[0m[34m[TIME]: 0.0004 seconds total (2247.2 hz, 0.25 ms behind)
[0m[34m[TIME]: 0.0004 seconds total (2293.6 hz, 0.25 ms behind)
[0m[34m[TIME]: 0.0009 seconds total (1136.4 hz, 0.25 ms behind)
[0m[34m[TIME]: 0.0008 seconds total (1298.7 hz, 0.25 ms behind)
[0m[34m[TIME]: 0.0008 seconds total (1300.4 hz, 0.25 ms behind)
[0m[34m[TIME]: 0.0007 seconds total (1474.9 hz, 0.25 ms behind)
[0m[34m[TIME]: 0.0007 seconds total (1468.4 hz, 0.25 ms behind)
[0m[34m[TIME]: 0.0007 seconds total (1412.4 hz, 0.25 ms behind)
[0m[34m[TIME]: 0.0009 seconds total (1156.1 hz, 0.25 ms behind)
[0m[34m[TIME]: 0.0007 seconds total (1385.0 hz, 0.25 ms behind)
[0m[34m[TIME]: 0.0007 seconds total (1349.5 hz, 0.25 ms behind)
[0m[34m[TIME]: 0.0006 seconds total (1567.4 hz, 0.25 ms behind)
[0m[34m[TIME]: 0.0007 seconds total (1517.5 hz, 0.25 ms behind)
[0m[34m[TIME]: 0.0007 seconds total (1436.8 hz, 0.25 ms behind)
[0m[34m[TIME]: 0.0009 seconds total (1142.9 hz, 0.25 ms behind)
[0m[34m[TIME]: 0.0008 seconds total (1290.3 hz, 0.25 ms behind)
[0m[34m[TIME]: 0.0008 seconds total (1259.4 hz, 0.25 ms behind)
[0m[34m[TIME]: 0.0007 seconds total (1501.5 hz, 0.25 ms behind)
[0m[34m[TIME]: 0.0007 seconds total (1457.7 hz, 0.25 ms behind)
[0m[34m[TIME]: 0.0007 seconds total (1388.9 hz, 0.25 ms behind)
[0m[34m[TIME]: 0.0009 seconds total (1169.6 hz, 0.25 ms behind)
[0m[34m[TIME]: 0.0007 seconds total (1375.5 hz, 0.25 ms behind)
[0m[34m[TIME]: 0.0008 seconds total (1285.3 hz, 0.25 ms behind)
[0m[34m[TIME]: 0.0006 seconds total (1538.5 hz, 0.25 ms behind)
[0m[34m[TIME]: 0.0007 seconds total (1490.3 hz, 0.25 ms behind)
[0m[34m[TIME]: 0.0007 seconds total (1483.7 hz, 0.25 ms behind)
[0m[34m[TIME]: 0.0009 seconds total (1124.9 hz, 0.25 ms behind)
[0m[34m[TIME]: 0.0008 seconds total (1321.0 hz, 0.25 ms behind)
[0m[34m[TIME]: 0.0008 seconds total (1242.2 hz, 0.25 ms behind)
[0m[34m[TIME]: 0.0007 seconds total (1466.3 hz, 0.25 ms behind)
[0m[34m[TIME]: 0.0007 seconds total (1438.8 hz, 0.25 ms behind)
[0m[34m[TIME]: 0.0007 seconds total (1404.5 hz, 0.25 ms behind)
[0m[34m[TIME]: 0.0009 seconds total (1175.1 hz, 0.25 ms behind)
[0m[34m[TIME]: 0.0007 seconds total (1347.7 hz, 0.25 ms behind)
[0m[34m[TIME]: 0.0008 seconds total (1315.8 hz, 0.25 ms behind)
[0m[34m[TIME]: 0.0006 seconds total (1572.3 hz, 0.25 ms behind)
[0m[34m[TIME]: 0.0007 seconds total (1499.3 hz, 0.25 ms behind)
[0m[34m[TIME]: 0.0007 seconds total (1451.4 hz, 0.25 ms behind)
[0m[34m[TIME]: 0.0008 seconds total (1237.6 hz, 0.25 ms behind)
[0m[34m[TIME]: 0.0005 seconds total (1919.4 hz, 0.25 ms behind)
[0m[34m[TIME]: 0.0006 seconds total (1773.0 hz, 0.25 ms behind)
[0m[34m[TIME]: 0.0005 seconds total (1930.5 hz, 0.25 ms behind)
[0m[34m[TIME]: 0.0005 seconds total (1988.1 hz, 0.25 ms behind)
[0m[34m[TIME]: 0.0005 seconds total (2159.8 hz, 0.25 ms behind)
[0m[34m[TIME]: 0.0008 seconds total (1182.0 hz, 0.25 ms behind)
[0m[34m[TIME]: 0.0007 seconds total (1371.7 hz, 0.25 ms behind)
[0m[34m[TIME]: 0.0007 seconds total (1353.2 hz, 0.25 ms behind)
[0m[34m[TIME]: 0.0006 seconds total (1543.2 hz, 0.25 ms behind)
[0m[34m[TIME]: 0.0007 seconds total (1462.0 hz, 0.25 ms behind)
[0m[34m[TIME]: 0.0007 seconds total (1470.6 hz, 0.25 ms behind)
[0m[34m[TIME]: 0.0008 seconds total (1312.3 hz, 0.25 ms behind)
[0m[34m[TIME]: 0.0005 seconds total (1938.0 hz, 0.25 ms behind)
[0m[34m[TIME]: 0.0006 seconds total (1724.1 hz, 0.25 ms behind)
[0m[34m[TIME]: 0.0005 seconds total (2169.2 hz, 0.25 ms behind)
[0m[34m[TIME]: 0.0005 seconds total (2100.8 hz, 0.25 ms behind)
[0m[34m[TIME]: 0.0005 seconds total (2045.0 hz, 0.25 ms behind)
[0m[34m[TIME]: 0.0009 seconds total (1171.0 hz, 0.25 ms behind)
[0m[34m[TIME]: 0.0007 seconds total (1398.6 hz, 0.25 ms behind)
[0m[34m[TIME]: 0.0006 seconds total (1557.6 hz, 0.25 ms behind)
[0m[34m[TIME]: 0.0005 seconds total (2159.8 hz, 0.25 ms behind)
[0m[34m[TIME]: 0.0006 seconds total (1805.1 hz, 0.25 ms behind)
[0m[34m[TIME]: 0.0005 seconds total (1949.3 hz, 0.25 ms behind)
[0m[34m[TIME]: 0.0009 seconds total (1150.7 hz, 0.25 ms behind)
[0m[34m[TIME]: 0.0008 seconds total (1319.3 hz, 0.25 ms behind)
[0m[34m[TIME]: 0.0008 seconds total (1324.5 hz, 0.25 ms behind)
[0m[34m[TIME]: 0.0007 seconds total (1512.9 hz, 0.25 ms behind)
[0m[34m[TIME]: 0.0007 seconds total (1410.4 hz, 0.25 ms behind)
[0m[34m[TIME]: 0.0007 seconds total (1402.5 hz, 0.25 ms behind)
[0m[34m[TIME]: 0.0008 seconds total (1186.2 hz, 0.25 ms behind)
[0m[34m[TIME]: 0.0007 seconds total (1356.9 hz, 0.25 ms behind)
[0m[34m[TIME]: 0.0006 seconds total (1805.1 hz, 0.25 ms behind)
[0m[34m[TIME]: 0.0004 seconds total (2257.3 hz, 0.25 ms behind)
[0m[34m[TIME]: 0.0005 seconds total (2188.2 hz, 0.25 ms behind)
[0m[34m[TIME]: 0.0004 seconds total (2227.2 hz, 0.25 ms behind)
[0m[34m[TIME]: 0.0009 seconds total (1131.2 hz, 0.25 ms behind)
[0m[34m[TIME]: 0.0008 seconds total (1328.0 hz, 0.25 ms behind)
[0m[34m[TIME]: 0.0008 seconds total (1317.5 hz, 0.25 ms behind)
[0m[34m[TIME]: 0.0007 seconds total (1503.8 hz, 0.25 ms behind)
[0m[34m[TIME]: 0.0007 seconds total (1432.7 hz, 0.25 ms behind)
[0m[34m[TIME]: 0.0007 seconds total (1422.5 hz, 0.25 ms behind)
[0m[34m[TIME]: 0.0008 seconds total (1210.7 hz, 0.25 ms behind)
[0m[34m[TIME]: 0.0007 seconds total (1345.9 hz, 0.25 ms behind)
[0m[34m[TIME]: 0.0007 seconds total (1402.5 hz, 0.25 ms behind)
[0m[34m[TIME]: 0.0006 seconds total (1592.4 hz, 0.25 ms behind)
[0m[34m[TIME]: 0.0007 seconds total (1499.3 hz, 0.25 ms behind)
[0m[34m[TIME]: 0.0007 seconds total (1468.4 hz, 0.25 ms behind)
[0m[34m[TIME]: 0.0009 seconds total (1165.5 hz, 0.25 ms behind)
[0m[34m[TIME]: 0.0008 seconds total (1297.0 hz, 0.25 ms behind)
[0m[34m[TIME]: 0.0008 seconds total (1308.9 hz, 0.25 ms behind)
[0m[34m[TIME]: 0.0007 seconds total (1494.8 hz, 0.25 ms behind)
[0m[34m[TIME]: 0.0006 seconds total (1548.0 hz, 0.25 ms behind)
[0m[34m[TIME]: 0.0005 seconds total (1968.5 hz, 0.25 ms behind)
[0m[34m[TIME]: 0.0008 seconds total (1200.5 hz, 0.25 ms behind)
[0m[34m[TIME]: 0.0007 seconds total (1355.0 hz, 0.25 ms behind)
[0m[34m[TIME]: 0.0007 seconds total (1410.4 hz, 0.25 ms behind)
[0m[34m[TIME]: 0.0006 seconds total (1763.7 hz, 0.25 ms behind)
[0m[34m[TIME]: 0.0005 seconds total (2197.8 hz, 0.25 ms behind)
[0m[34m[TIME]: 0.0004 seconds total (2262.4 hz, 0.25 ms behind)
[0m[34m[TIME]: 0.0006 seconds total (1589.8 hz, 0.25 ms behind)
[0m[34m[TIME]: 0.0005 seconds total (1841.6 hz, 0.25 ms behind)
[0m[34m[TIME]: 0.0006 seconds total (1694.9 hz, 0.25 ms behind)
[0m[34m[TIME]: 0.0005 seconds total (2066.1 hz, 0.25 ms behind)
[0m[34m[TIME]: 0.0005 seconds total (1968.5 hz, 0.25 ms behind)
[0m[34m[TIME]: 0.0005 seconds total (2024.3 hz, 0.25 ms behind)
[0m[34m[TIME]: 0.0008 seconds total (1177.9 hz, 0.25 ms behind)
[0m[34m[TIME]: 0.0008 seconds total (1300.4 hz, 0.25 ms behind)
[0m[34m[TIME]: 0.0007 seconds total (1360.5 hz, 0.25 ms behind)
[0m[34m[TIME]: 0.0006 seconds total (1545.6 hz, 0.25 ms behind)
[0m[34m[TIME]: 0.0007 seconds total (1483.7 hz, 0.25 ms behind)
[0m[34m[TIME]: 0.0007 seconds total (1434.7 hz, 0.25 ms behind)
[0m[34m[TIME]: 0.0008 seconds total (1300.4 hz, 0.25 ms behind)
[0m[34m[TIME]: 0.0005 seconds total (1897.5 hz, 0.25 ms behind)
[0m[34m[TIME]: 0.0005 seconds total (1848.4 hz, 0.25 ms behind)
[0m[34m[TIME]: 0.0005 seconds total (2057.6 hz, 0.25 ms behind)
[0m[34m[TIME]: 0.0005 seconds total (2092.1 hz, 0.25 ms behind)
[0m[34m[TIME]: 0.0005 seconds total (2118.6 hz, 0.25 ms behind)
[0m[34m[TIME]: 0.0008 seconds total (1179.2 hz, 0.25 ms behind)
[0m[34m[TIME]: 0.0007 seconds total (1388.9 hz, 0.25 ms behind)
[0m[34m[TIME]: 0.0005 seconds total (1865.7 hz, 0.25 ms behind)
[0m[34m[TIME]: 0.0004 seconds total (2242.2 hz, 0.25 ms behind)
[0m[34m[TIME]: 0.0005 seconds total (2207.5 hz, 0.25 ms behind)
[0m[34m[TIME]: 0.0005 seconds total (2217.3 hz, 0.25 ms behind)
[0m[34m[TIME]: 0.0008 seconds total (1177.9 hz, 0.25 ms behind)
[0m[34m[TIME]: 0.0008 seconds total (1326.3 hz, 0.25 ms behind)
[0m[34m[TIME]: 0.0007 seconds total (1402.5 hz, 0.25 ms behind)
[0m[34m[TIME]: 0.0005 seconds total (1984.1 hz, 0.25 ms behind)
[0m[34m[TIME]: 0.0005 seconds total (2105.3 hz, 0.25 ms behind)
[0m[34m[TIME]: 0.0005 seconds total (2188.2 hz, 0.25 ms behind)
[0m[34m[TIME]: 0.0008 seconds total (1194.7 hz, 0.25 ms behind)
[0m[34m[TIME]: 0.0007 seconds total (1356.9 hz, 0.25 ms behind)
[0m[34m[TIME]: 0.0007 seconds total (1470.6 hz, 0.25 ms behind)
[0m[34m[TIME]: 0.0004 seconds total (2288.3 hz, 0.25 ms behind)
[0m[34m[TIME]: 0.0005 seconds total (2159.8 hz, 0.25 ms behind)
[0m[34m[TIME]: 0.0005 seconds total (2193.0 hz, 0.25 ms behind)
[0m[34m[TIME]: 0.0007 seconds total (1373.6 hz, 0.25 ms behind)
[0m[34m[TIME]: 0.0005 seconds total (1934.2 hz, 0.25 ms behind)
[0m[34m[TIME]: 0.0005 seconds total (1828.2 hz, 0.25 ms behind)
[0m[34m[TIME]: 0.0005 seconds total (2173.9 hz, 0.25 ms behind)
[0m[34m[TIME]: 0.0005 seconds total (2114.2 hz, 0.25 ms behind)
[0m[34m[TIME]: 0.0005 seconds total (2155.2 hz, 0.25 ms behind)
[0m[34m[TIME]: 0.0007 seconds total (1347.7 hz, 0.25 ms behind)
[0m[34m[TIME]: 0.0005 seconds total (2012.1 hz, 0.25 ms behind)
[0m[34m[TIME]: 0.0005 seconds total (1897.5 hz, 0.25 ms behind)
[0m[34m[TIME]: 0.0005 seconds total (2183.4 hz, 0.25 ms behind)
[0m[34m[TIME]: 0.0005 seconds total (2155.2 hz, 0.25 ms behind)
[0m[34m[TIME]: 0.0005 seconds total (2127.7 hz, 0.25 ms behind)
[0m[34m[TIME]: 0.0009 seconds total (1165.5 hz, 0.25 ms behind)
[0m[34m[TIME]: 0.0008 seconds total (1212.1 hz, 0.25 ms behind)
[0m[34m[TIME]: 0.0008 seconds total (1264.2 hz, 0.25 ms behind)
[0m[34m[TIME]: 0.0007 seconds total (1494.8 hz, 0.25 ms behind)
[0m[34m[TIME]: 0.0007 seconds total (1424.5 hz, 0.25 ms behind)
[0m[34m[TIME]: 0.0007 seconds total (1383.1 hz, 0.25 ms behind)
[0m[34m[TIME]: 0.0008 seconds total (1200.5 hz, 0.25 ms behind)
[0m[34m[TIME]: 0.0008 seconds total (1333.3 hz, 0.25 ms behind)
[0m[34m[TIME]: 0.0007 seconds total (1377.4 hz, 0.25 ms behind)
[0m[34m[TIME]: 0.0006 seconds total (1572.3 hz, 0.25 ms behind)
[0m[34m[TIME]: 0.0007 seconds total (1479.3 hz, 0.25 ms behind)
[0m[34m[TIME]: 0.0007 seconds total (1468.4 hz, 0.25 ms behind)
[0m[34m[TIME]: 0.0009 seconds total (1133.8 hz, 0.25 ms behind)
[0m[34m[TIME]: 0.0008 seconds total (1287.0 hz, 0.25 ms behind)
[0m[34m[TIME]: 0.0008 seconds total (1302.1 hz, 0.25 ms behind)
[0m[34m[TIME]: 0.0006 seconds total (1748.3 hz, 0.25 ms behind)
[0m[34m[TIME]: 0.0005 seconds total (1915.7 hz, 0.25 ms behind)
[0m[34m[TIME]: 0.0006 seconds total (1805.1 hz, 0.25 ms behind)
[0m[34m[TIME]: 0.0008 seconds total (1200.5 hz, 0.25 ms behind)
[0m[34m[TIME]: 0.0008 seconds total (1215.1 hz, 0.25 ms behind)
[0m[34m[TIME]: 0.0007 seconds total (1464.1 hz, 0.25 ms behind)
[0m[34m[TIME]: 0.0006 seconds total (1597.4 hz, 0.25 ms behind)
[0m[34m[TIME]: 0.0007 seconds total (1455.6 hz, 0.25 ms behind)
[0m[34m[TIME]: 0.0007 seconds total (1474.9 hz, 0.25 ms behind)
[0m[34m[TIME]: 0.0009 seconds total (1161.4 hz, 0.25 ms behind)
[0m[34m[TIME]: 0.0008 seconds total (1324.5 hz, 0.25 ms behind)
[0m[34m[TIME]: 0.0007 seconds total (1362.4 hz, 0.25 ms behind)
[0m[34m[TIME]: 0.0006 seconds total (1552.8 hz, 0.25 ms behind)
[0m[34m[TIME]: 0.0007 seconds total (1481.5 hz, 0.25 ms behind)
[0m[34m[TIME]: 0.0007 seconds total (1416.4 hz, 0.25 ms behind)
[0m[34m[TIME]: 0.0007 seconds total (1412.4 hz, 0.25 ms behind)
[0m[34m[TIME]: 0.0005 seconds total (1930.5 hz, 0.25 ms behind)
[0m[34m[TIME]: 0.0005 seconds total (1824.8 hz, 0.25 ms behind)
[0m[34m[TIME]: 0.0005 seconds total (2207.5 hz, 0.25 ms behind)
[0m[34m[TIME]: 0.0005 seconds total (1996.0 hz, 0.25 ms behind)
[0m[34m[TIME]: 0.0004 seconds total (2222.2 hz, 0.25 ms behind)
[0m[34m[TIME]: 0.0009 seconds total (1173.7 hz, 0.25 ms behind)
[0m[34m[TIME]: 0.0008 seconds total (1278.8 hz, 0.25 ms behind)
[0m[34m[TIME]: 0.0007 seconds total (1355.0 hz, 0.25 ms behind)
[0m[34m[TIME]: 0.0006 seconds total (1663.9 hz, 0.25 ms behind)
[0m[34m[TIME]: 0.0005 seconds total (1901.1 hz, 0.25 ms behind)
[0m[34m[TIME]: 0.0005 seconds total (1848.4 hz, 0.25 ms behind)
[0m[34m[TIME]: 0.0009 seconds total (1166.9 hz, 0.25 ms behind)
[0m[34m[TIME]: 0.0008 seconds total (1328.0 hz, 0.25 ms behind)
[0m[34m[TIME]: 0.0005 seconds total (1858.7 hz, 0.25 ms behind)
[0m[34m[TIME]: 0.0004 seconds total (2252.3 hz, 0.25 ms behind)
[0m[34m[TIME]: 0.0005 seconds total (2132.2 hz, 0.25 ms behind)
[0m[34m[TIME]: 0.0005 seconds total (2079.0 hz, 0.25 ms behind)
[0m[34m[TIME]: 0.0008 seconds total (1182.0 hz, 0.25 ms behind)
[0m[34m[TIME]: 0.0008 seconds total (1307.2 hz, 0.25 ms behind)
[0m[34m[TIME]: 0.0007 seconds total (1373.6 hz, 0.25 ms behind)
[0m[34m[TIME]: 0.0005 seconds total (1869.2 hz, 0.25 ms behind)
[0m[34m[TIME]: 0.0005 seconds total (2070.4 hz, 0.25 ms behind)
[0m[34m[TIME]: 0.0005 seconds total (2070.4 hz, 0.25 ms behind)
[0m[34m[TIME]: 0.0008 seconds total (1206.3 hz, 0.25 ms behind)
[0m[34m[TIME]: 0.0007 seconds total (1369.9 hz, 0.25 ms behind)
[0m[34m[TIME]: 0.0007 seconds total (1472.8 hz, 0.25 ms behind)
[0m[34m[TIME]: 0.0006 seconds total (1623.4 hz, 0.25 ms behind)
[0m[34m[TIME]: 0.0007 seconds total (1522.1 hz, 0.25 ms behind)
[0m[34m[TIME]: 0.0007 seconds total (1468.4 hz, 0.25 ms behind)
[0m[34m[TIME]: 0.0007 seconds total (1385.0 hz, 0.25 ms behind)
[0m[34m[TIME]: 0.0005 seconds total (1945.5 hz, 0.25 ms behind)
[0m[34m[TIME]: 0.0005 seconds total (1862.2 hz, 0.25 ms behind)
[0m[34m[TIME]: 0.0004 seconds total (2227.2 hz, 0.25 ms behind)
[0m[34m[TIME]: 0.0005 seconds total (2109.7 hz, 0.25 ms behind)
[0m[34m[TIME]: 0.0005 seconds total (2202.6 hz, 0.25 ms behind)
[0m[34m[TIME]: 0.0008 seconds total (1206.3 hz, 0.25 ms behind)
[0m[34m[TIME]: 0.0007 seconds total (1345.9 hz, 0.25 ms behind)
[0m[34m[TIME]: 0.0007 seconds total (1387.0 hz, 0.25 ms behind)
[0m[34m[TIME]: 0.0006 seconds total (1560.1 hz, 0.25 ms behind)
[0m[34m[TIME]: 0.0006 seconds total (1709.4 hz, 0.25 ms behind)
[0m[34m[TIME]: 0.0005 seconds total (2045.0 hz, 0.25 ms behind)
[0m[34m[TIME]: 0.0009 seconds total (1133.8 hz, 0.25 ms behind)
[0m[34m[TIME]: 0.0008 seconds total (1243.8 hz, 0.25 ms behind)
[0m[34m[TIME]: 0.0008 seconds total (1243.8 hz, 0.25 ms behind)
[0m[34m[TIME]: 0.0007 seconds total (1447.2 hz, 0.25 ms behind)
[0m[34m[TIME]: 0.0007 seconds total (1364.3 hz, 0.25 ms behind)
[0m[34m[TIME]: 0.0007 seconds total (1388.9 hz, 0.25 ms behind)
[0m[34m[TIME]: 0.0008 seconds total (1194.7 hz, 0.25 ms behind)
[0m[34m[TIME]: 0.0008 seconds total (1319.3 hz, 0.25 ms behind)
[0m[34m[TIME]: 0.0008 seconds total (1322.8 hz, 0.25 ms behind)
[0m[34m[TIME]: 0.0007 seconds total (1506.0 hz, 0.25 ms behind)
[0m[34m[TIME]: 0.0007 seconds total (1492.5 hz, 0.25 ms behind)
[0m[34m[TIME]: 0.0007 seconds total (1457.7 hz, 0.25 ms behind)
[0m[34m[TIME]: 0.0009 seconds total (1129.9 hz, 0.25 ms behind)
[0m[34m[TIME]: 0.0008 seconds total (1321.0 hz, 0.25 ms behind)
[0m[34m[TIME]: 0.0006 seconds total (1795.3 hz, 0.25 ms behind)
[0m[34m[TIME]: 0.0005 seconds total (2145.9 hz, 0.25 ms behind)
[0m[34m[TIME]: 0.0005 seconds total (2136.8 hz, 0.25 ms behind)
[0m[34m[TIME]: 0.0005 seconds total (2141.3 hz, 0.25 ms behind)
[0m[34m[TIME]: 0.0008 seconds total (1184.8 hz, 0.50 ms behind)
[0m[34m[TIME]: 0.0008 seconds total (1333.3 hz, 0.50 ms behind)
[0m[34m[TIME]: 0.0007 seconds total (1404.5 hz, 0.50 ms behind)
[0m[34m[TIME]: 0.0006 seconds total (1589.8 hz, 0.50 ms behind)
[0m[34m[TIME]: 0.0007 seconds total (1510.6 hz, 0.50 ms behind)
[0m[34m[TIME]: 0.0007 seconds total (1449.3 hz, 0.50 ms behind)
[0m[34m[TIME]: 0.0008 seconds total (1225.5 hz, 0.25 ms behind)
[0m[34m[TIME]: 0.0008 seconds total (1326.3 hz, 0.25 ms behind)
[0m[34m[TIME]: 0.0006 seconds total (1620.7 hz, 0.25 ms behind)
[0m[34m[TIME]: 0.0005 seconds total (2012.1 hz, 0.25 ms behind)
[0m[34m[TIME]: 0.0005 seconds total (1972.4 hz, 0.25 ms behind)
[0m[34m[TIME]: 0.0005 seconds total (1915.7 hz, 0.25 ms behind)
[0m[34m[TIME]: 0.0008 seconds total (1233.0 hz, 0.25 ms behind)
[0m[34m[TIME]: 0.0006 seconds total (1782.5 hz, 0.25 ms behind)
[0m[34m[TIME]: 0.0005 seconds total (1919.4 hz, 0.25 ms behind)
[0m[34m[TIME]: 0.0004 seconds total (2277.9 hz, 0.25 ms behind)
[0m[34m[TIME]: 0.0005 seconds total (2164.5 hz, 0.25 ms behind)
[0m[34m[TIME]: 0.0005 seconds total (2217.3 hz, 0.25 ms behind)
[0m[34m[TIME]: 0.0008 seconds total (1180.6 hz, 0.25 ms behind)
[0m[34m[TIME]: 0.0008 seconds total (1285.3 hz, 0.25 ms behind)
[0m[34m[TIME]: 0.0007 seconds total (1344.1 hz, 0.25 ms behind)
[0m[34m[TIME]: 0.0007 seconds total (1479.3 hz, 0.25 ms behind)
[0m[34m[TIME]: 0.0007 seconds total (1422.5 hz, 0.25 ms behind)
[0m[34m[TIME]: 0.0007 seconds total (1394.7 hz, 0.25 ms behind)
[0m[34m[TIME]: 0.0008 seconds total (1218.0 hz, 0.25 ms behind)
[0m[34m[TIME]: 0.0008 seconds total (1302.1 hz, 0.25 ms behind)
[0m[34m[TIME]: 0.0005 seconds total (1865.7 hz, 0.25 ms behind)
[0m[34m[TIME]: 0.0004 seconds total (2252.3 hz, 0.25 ms behind)
[0m[34m[TIME]: 0.0005 seconds total (2079.0 hz, 0.25 ms behind)
[0m[34m[TIME]: 0.0004 seconds total (2247.2 hz, 0.25 ms behind)
[0m[34m[TIME]: 0.0009 seconds total (1135.1 hz, 0.25 ms behind)
[0m[34m[TIME]: 0.0008 seconds total (1262.6 hz, 0.25 ms behind)
[0m[34m[TIME]: 0.0007 seconds total (1342.3 hz, 0.25 ms behind)
[0m[34m[TIME]: 0.0005 seconds total (1923.1 hz, 0.25 ms behind)
[0m[34m[TIME]: 0.0005 seconds total (2061.9 hz, 0.25 ms behind)
[0m[34m[TIME]: 0.0005 seconds total (2061.9 hz, 0.25 ms behind)
[0m[34m[TIME]: 0.0008 seconds total (1197.6 hz, 0.25 ms behind)
[0m[34m[TIME]: 0.0007 seconds total (1344.1 hz, 0.25 ms behind)
[0m[34m[TIME]: 0.0007 seconds total (1408.5 hz, 0.25 ms behind)
[0m[34m[TIME]: 0.0007 seconds total (1512.9 hz, 0.25 ms behind)
[0m[34m[TIME]: 0.0007 seconds total (1524.4 hz, 0.25 ms behind)
[0m[34m[TIME]: 0.0006 seconds total (1724.1 hz, 0.25 ms behind)
[0m[34m[TIME]: 0.0008 seconds total (1180.6 hz, 0.25 ms behind)
[0m[34m[TIME]: 0.0008 seconds total (1285.3 hz, 0.25 ms behind)
[0m[34m[TIME]: 0.0008 seconds total (1221.0 hz, 0.25 ms behind)
[0m[34m[TIME]: 0.0007 seconds total (1453.5 hz, 0.25 ms behind)
[0m[34m[TIME]: 0.0007 seconds total (1379.3 hz, 0.25 ms behind)
[0m[34m[TIME]: 0.0007 seconds total (1379.3 hz, 0.25 ms behind)
[0m[34m[TIME]: 0.0008 seconds total (1228.5 hz, 0.25 ms behind)
[0m[34m[TIME]: 0.0008 seconds total (1314.1 hz, 0.25 ms behind)
[0m[34m[TIME]: 0.0007 seconds total (1373.6 hz, 0.25 ms behind)
[0m[34m[TIME]: 0.0007 seconds total (1524.4 hz, 0.25 ms behind)
[0m[34m[TIME]: 0.0007 seconds total (1508.3 hz, 0.25 ms behind)
[0m[34m[TIME]: 0.0007 seconds total (1447.2 hz, 0.25 ms behind)
[0m[34m[TIME]: 0.0009 seconds total (1172.3 hz, 0.25 ms behind)
[0m[34m[TIME]: 0.0008 seconds total (1314.1 hz, 0.25 ms behind)
[0m[34m[TIME]: 0.0006 seconds total (1683.5 hz, 0.25 ms behind)
[0m[34m[TIME]: 0.0005 seconds total (2159.8 hz, 0.25 ms behind)
[0m[34m[TIME]: 0.0005 seconds total (1824.8 hz, 0.25 ms behind)
[0m[34m[TIME]: 0.0006 seconds total (1795.3 hz, 0.25 ms behind)
[0m[34m[TIME]: 0.0008 seconds total (1197.6 hz, 0.25 ms behind)
[0m[34m[TIME]: 0.0007 seconds total (1515.2 hz, 0.25 ms behind)
[0m[34m[TIME]: 0.0006 seconds total (1680.7 hz, 0.25 ms behind)
[0m[34m[TIME]: 0.0004 seconds total (2237.1 hz, 0.25 ms behind)
[0m[34m[TIME]: 0.0005 seconds total (1897.5 hz, 0.25 ms behind)
[0m[34m[TIME]: 0.0005 seconds total (2159.8 hz, 0.25 ms behind)
[0m[34m[TIME]: 0.0009 seconds total (1162.8 hz, 0.25 ms behind)
[0m[34m[TIME]: 0.0008 seconds total (1259.4 hz, 0.25 ms behind)
[0m[34m[TIME]: 0.0008 seconds total (1275.5 hz, 0.25 ms behind)
[0m[34m[TIME]: 0.0007 seconds total (1466.3 hz, 0.25 ms behind)
[0m[34m[TIME]: 0.0006 seconds total (1538.5 hz, 0.25 ms behind)
[0m[34m[TIME]: 0.0005 seconds total (1988.1 hz, 0.25 ms behind)
[0m[34m[TIME]: 0.0009 seconds total (1160.1 hz, 0.25 ms behind)
[0m[34m[TIME]: 0.0008 seconds total (1324.5 hz, 0.25 ms behind)
[0m[34m[TIME]: 0.0007 seconds total (1377.4 hz, 0.25 ms behind)
[0m[34m[TIME]: 0.0006 seconds total (1548.0 hz, 0.25 ms behind)
[0m[34m[TIME]: 0.0007 seconds total (1536.1 hz, 0.25 ms behind)
[0m[34m[TIME]: 0.0007 seconds total (1414.4 hz, 0.25 ms behind)
[0m[34m[TIME]: 0.0009 seconds total (1162.8 hz, 0.25 ms behind)
[0m[34m[TIME]: 0.0008 seconds total (1265.8 hz, 0.25 ms behind)
[0m[34m[TIME]: 0.0008 seconds total (1280.4 hz, 0.25 ms behind)
[0m[34m[TIME]: 0.0007 seconds total (1490.3 hz, 0.25 ms behind)
[0m[34m[TIME]: 0.0007 seconds total (1430.6 hz, 0.25 ms behind)
[0m[34m[TIME]: 0.0007 seconds total (1388.9 hz, 0.25 ms behind)
[0m[34m[TIME]: 0.0008 seconds total (1231.5 hz, 0.25 ms behind)
[0m[34m[TIME]: 0.0007 seconds total (1385.0 hz, 0.25 ms behind)
[0m[34m[TIME]: 0.0007 seconds total (1371.7 hz, 0.25 ms behind)
[0m[34m[TIME]: 0.0006 seconds total (1562.5 hz, 0.25 ms behind)
[0m[34m[TIME]: 0.0007 seconds total (1531.4 hz, 0.25 ms behind)
[0m[34m[TIME]: 0.0007 seconds total (1459.9 hz, 0.25 ms behind)
[0m[34m[TIME]: 0.0008 seconds total (1200.5 hz, 0.25 ms behind)
[0m[34m[TIME]: 0.0008 seconds total (1295.3 hz, 0.25 ms behind)
[0m[34m[TIME]: 0.0008 seconds total (1302.1 hz, 0.25 ms behind)
[0m[34m[TIME]: 0.0007 seconds total (1529.1 hz, 0.25 ms behind)
[0m[34m[TIME]: 0.0007 seconds total (1447.2 hz, 0.25 ms behind)
[0m[34m[TIME]: 0.0007 seconds total (1414.4 hz, 0.25 ms behind)
[0m[34m[TIME]: 0.0008 seconds total (1222.5 hz, 0.25 ms behind)
[0m[34m[TIME]: 0.0005 seconds total (1984.1 hz, 0.25 ms behind)
[0m[34m[TIME]: 0.0005 seconds total (1901.1 hz, 0.25 ms behind)
[0m[34m[TIME]: 0.0004 seconds total (2325.6 hz, 0.25 ms behind)
[0m[34m[TIME]: 0.0005 seconds total (2132.2 hz, 0.25 ms behind)
[0m[34m[TIME]: 0.0004 seconds total (2237.1 hz, 0.25 ms behind)
[0m[34m[TIME]: 0.0009 seconds total (1169.6 hz, 0.25 ms behind)
[0m[34m[TIME]: 0.0008 seconds total (1324.5 hz, 0.25 ms behind)
[0m[34m[TIME]: 0.0005 seconds total (1828.2 hz, 0.25 ms behind)
[0m[34m[TIME]: 0.0004 seconds total (2272.7 hz, 0.25 ms behind)
[0m[34m[TIME]: 0.0005 seconds total (2057.6 hz, 0.25 ms behind)
[0m[34m[TIME]: 0.0005 seconds total (2132.2 hz, 0.25 ms behind)
[0m[34m[TIME]: 0.0008 seconds total (1242.2 hz, 0.25 ms behind)
[0m[34m[TIME]: 0.0007 seconds total (1366.1 hz, 0.25 ms behind)
[0m[34m[TIME]: 0.0007 seconds total (1377.4 hz, 0.25 ms behind)
[0m[34m[TIME]: 0.0006 seconds total (1579.8 hz, 0.25 ms behind)
[0m[34m[TIME]: 0.0007 seconds total (1453.5 hz, 0.25 ms behind)
[0m[34m[TIME]: 0.0005 seconds total (2173.9 hz, 0.25 ms behind)
[0m[34m[TIME]: 0.0008 seconds total (1210.7 hz, 0.25 ms behind)
[0m[34m[TIME]: 0.0008 seconds total (1312.3 hz, 0.25 ms behind)
[0m[34m[TIME]: 0.0008 seconds total (1322.8 hz, 0.25 ms behind)
[0m[34m[TIME]: 0.0006 seconds total (1548.0 hz, 0.25 ms behind)
[0m[34m[TIME]: 0.0007 seconds total (1522.1 hz, 0.25 ms behind)
[0m[34m[TIME]: 0.0007 seconds total (1377.4 hz, 0.25 ms behind)
[0m[34m[TIME]: 0.0008 seconds total (1259.4 hz, 0.25 ms behind)
[0m[34m[TIME]: 0.0007 seconds total (1390.8 hz, 0.25 ms behind)
[0m[34m[TIME]: 0.0007 seconds total (1371.7 hz, 0.25 ms behind)
[0m[34m[TIME]: 0.0006 seconds total (1550.4 hz, 0.25 ms behind)
[0m[34m[TIME]: 0.0007 seconds total (1517.5 hz, 0.25 ms behind)
[0m[34m[TIME]: 0.0007 seconds total (1479.3 hz, 0.25 ms behind)
[0m[34m[TIME]: 0.0008 seconds total (1224.0 hz, 0.25 ms behind)
[0m[34m[TIME]: 0.0007 seconds total (1335.1 hz, 0.25 ms behind)
[0m[34m[TIME]: 0.0008 seconds total (1331.6 hz, 0.25 ms behind)
[0m[34m[TIME]: 0.0006 seconds total (1552.8 hz, 0.25 ms behind)
[0m[34m[TIME]: 0.0007 seconds total (1481.5 hz, 0.25 ms behind)
[0m[34m[TIME]: 0.0007 seconds total (1402.5 hz, 0.25 ms behind)
[0m[34m[TIME]: 0.0008 seconds total (1259.4 hz, 0.25 ms behind)
[0m[34m[TIME]: 0.0007 seconds total (1390.8 hz, 0.25 ms behind)
[0m[34m[TIME]: 0.0006 seconds total (1709.4 hz, 0.25 ms behind)
[0m[34m[TIME]: 0.0004 seconds total (2347.4 hz, 0.25 ms behind)
[0m[34m[TIME]: 0.0005 seconds total (2127.7 hz, 0.25 ms behind)
[0m[34m[TIME]: 0.0004 seconds total (2314.8 hz, 0.25 ms behind)
[0m[34m[TIME]: 0.0008 seconds total (1207.7 hz, 0.25 ms behind)
[0m[34m[TIME]: 0.0007 seconds total (1340.5 hz, 0.25 ms behind)
[0m[34m[TIME]: 0.0008 seconds total (1319.3 hz, 0.25 ms behind)
[0m[34m[TIME]: 0.0007 seconds total (1508.3 hz, 0.25 ms behind)
[0m[34m[TIME]: 0.0007 seconds total (1470.6 hz, 0.25 ms behind)
[0m[34m[TIME]: 0.0007 seconds total (1406.5 hz, 0.25 ms behind)
[0m[34m[TIME]: 0.0008 seconds total (1225.5 hz, 0.25 ms behind)
[0m[34m[TIME]: 0.0007 seconds total (1388.9 hz, 0.25 ms behind)
[0m[34m[TIME]: 0.0005 seconds total (1908.4 hz, 0.25 ms behind)
[0m[34m[TIME]: 0.0004 seconds total (2352.9 hz, 0.25 ms behind)
[0m[34m[TIME]: 0.0005 seconds total (2136.8 hz, 0.25 ms behind)
[0m[34m[TIME]: 0.0004 seconds total (2304.1 hz, 0.25 ms behind)
[0m[34m[TIME]: 0.0008 seconds total (1213.6 hz, 0.25 ms behind)
[0m[34m[TIME]: 0.0007 seconds total (1336.9 hz, 0.25 ms behind)
[0m[34m[TIME]: 0.0007 seconds total (1335.1 hz, 0.25 ms behind)
[0m[34m[TIME]: 0.0006 seconds total (1557.6 hz, 0.25 ms behind)
[0m[34m[TIME]: 0.0007 seconds total (1479.3 hz, 0.25 ms behind)
[0m[34m[TIME]: 0.0007 seconds total (1406.5 hz, 0.25 ms behind)
[0m[34m[TIME]: 0.0008 seconds total (1246.9 hz, 0.25 ms behind)
[0m[34m[TIME]: 0.0007 seconds total (1402.5 hz, 0.25 ms behind)
[0m[34m[TIME]: 0.0007 seconds total (1398.6 hz, 0.25 ms behind)
[0m[34m[TIME]: 0.0006 seconds total (1602.6 hz, 0.25 ms behind)
[0m[34m[TIME]: 0.0007 seconds total (1536.1 hz, 0.25 ms behind)
[0m[34m[TIME]: 0.0007 seconds total (1481.5 hz, 0.25 ms behind)
[0m[34m[TIME]: 0.0008 seconds total (1206.3 hz, 0.25 ms behind)
[0m[34m[TIME]: 0.0007 seconds total (1368.0 hz, 0.25 ms behind)
[0m[34m[TIME]: 0.0007 seconds total (1351.4 hz, 0.25 ms behind)
[0m[34m[TIME]: 0.0006 seconds total (1543.2 hz, 0.25 ms behind)
[0m[34m[TIME]: 0.0007 seconds total (1483.7 hz, 0.25 ms behind)
[0m[34m[TIME]: 0.0007 seconds total (1426.5 hz, 0.25 ms behind)
[0m[34m[TIME]: 0.0008 seconds total (1262.6 hz, 0.25 ms behind)
[0m[34m[TIME]: 0.0007 seconds total (1420.5 hz, 0.25 ms behind)
[0m[34m[TIME]: 0.0006 seconds total (1562.5 hz, 0.25 ms behind)
[0m[34m[TIME]: 0.0005 seconds total (2132.2 hz, 0.25 ms behind)
[0m[34m[TIME]: 0.0005 seconds total (2004.0 hz, 0.25 ms behind)
[0m[34m[TIME]: 0.0005 seconds total (2193.0 hz, 0.25 ms behind)
[0m[34m[TIME]: 0.0008 seconds total (1204.8 hz, 0.25 ms behind)
[0m[34m[TIME]: 0.0008 seconds total (1314.1 hz, 0.25 ms behind)
[0m[34m[TIME]: 0.0008 seconds total (1314.1 hz, 0.25 ms behind)
[0m[34m[TIME]: 0.0006 seconds total (1538.5 hz, 0.25 ms behind)
[0m[34m[TIME]: 0.0007 seconds total (1472.8 hz, 0.25 ms behind)
[0m[34m[TIME]: 0.0007 seconds total (1398.6 hz, 0.25 ms behind)
[0m[34m[TIME]: 0.0008 seconds total (1246.9 hz, 0.25 ms behind)
[0m[34m[TIME]: 0.0007 seconds total (1408.5 hz, 0.25 ms behind)
[0m[34m[TIME]: 0.0007 seconds total (1468.4 hz, 0.25 ms behind)
[0m[34m[TIME]: 0.0005 seconds total (1912.0 hz, 0.25 ms behind)
[0m[34m[TIME]: 0.0005 seconds total (2036.7 hz, 0.25 ms behind)
[0m[34m[TIME]: 0.0005 seconds total (2207.5 hz, 0.25 ms behind)
[0m[34m[TIME]: 0.0008 seconds total (1240.7 hz, 0.25 ms behind)
[0m[34m[TIME]: 0.0007 seconds total (1353.2 hz, 0.25 ms behind)
[0m[34m[TIME]: 0.0008 seconds total (1265.8 hz, 0.25 ms behind)
[0m[34m[TIME]: 0.0007 seconds total (1438.8 hz, 0.25 ms behind)
[0m[34m[TIME]: 0.0008 seconds total (1331.6 hz, 0.25 ms behind)
[0m[34m[TIME]: 0.0007 seconds total (1398.6 hz, 0.25 ms behind)
[0m[34m[TIME]: 0.0008 seconds total (1245.3 hz, 0.25 ms behind)
[0m[34m[TIME]: 0.0007 seconds total (1426.5 hz, 0.25 ms behind)
[0m[34m[TIME]: 0.0008 seconds total (1267.4 hz, 0.25 ms behind)
[0m[34m[TIME]: 0.0007 seconds total (1485.9 hz, 0.25 ms behind)
[0m[34m[TIME]: 0.0006 seconds total (1538.5 hz, 0.25 ms behind)
[0m[34m[TIME]: 0.0007 seconds total (1519.8 hz, 0.25 ms behind)
[0m[34m[TIME]: 0.0008 seconds total (1177.9 hz, 0.25 ms behind)
[0m[34m[TIME]: 0.0008 seconds total (1243.8 hz, 0.25 ms behind)
[0m[34m[TIME]: 0.0008 seconds total (1194.7 hz, 0.25 ms behind)
[0m[34m[TIME]: 0.0007 seconds total (1522.1 hz, 0.25 ms behind)
[0m[34m[TIME]: 0.0007 seconds total (1472.8 hz, 0.25 ms behind)
[0m[34m[TIME]: 0.0007 seconds total (1424.5 hz, 0.25 ms behind)
[0m[34m[TIME]: 0.0008 seconds total (1250.0 hz, 0.25 ms behind)
[0m[34m[TIME]: 0.0007 seconds total (1373.6 hz, 0.25 ms behind)
[0m[34m[TIME]: 0.0006 seconds total (1628.7 hz, 0.25 ms behind)
[0m[34m[TIME]: 0.0005 seconds total (2145.9 hz, 0.25 ms behind)
[0m[34m[TIME]: 0.0006 seconds total (1721.2 hz, 0.25 ms behind)
[0m[34m[TIME]: 0.0004 seconds total (2262.4 hz, 0.25 ms behind)
[0m[34m[TIME]: 0.0008 seconds total (1228.5 hz, 0.25 ms behind)
[0m[34m[TIME]: 0.0007 seconds total (1394.7 hz, 0.25 ms behind)
[0m[34m[TIME]: 0.0007 seconds total (1358.7 hz, 0.25 ms behind)
[0m[34m[TIME]: 0.0006 seconds total (1700.7 hz, 0.25 ms behind)
[0m[34m[TIME]: 0.0005 seconds total (1926.8 hz, 0.25 ms behind)
[0m[34m[TIME]: 0.0005 seconds total (1984.1 hz, 0.25 ms behind)
[0m[34m[TIME]: 0.0008 seconds total (1246.9 hz, 0.25 ms behind)
[0m[34m[TIME]: 0.0008 seconds total (1298.7 hz, 0.25 ms behind)
[0m[34m[TIME]: 0.0005 seconds total (1869.2 hz, 0.25 ms behind)
[0m[34m[TIME]: 0.0004 seconds total (2347.4 hz, 0.25 ms behind)
[0m[34m[TIME]: 0.0005 seconds total (2100.8 hz, 0.25 ms behind)
[0m[34m[TIME]: 0.0004 seconds total (2320.2 hz, 0.25 ms behind)
[0m[34m[TIME]: 0.0008 seconds total (1196.2 hz, 0.25 ms behind)
[0m[34m[TIME]: 0.0007 seconds total (1383.1 hz, 0.25 ms behind)
[0m[34m[TIME]: 0.0006 seconds total (1808.3 hz, 0.25 ms behind)
[0m[34m[TIME]: 0.0004 seconds total (2272.7 hz, 0.25 ms behind)
[0m[34m[TIME]: 0.0005 seconds total (2020.2 hz, 0.25 ms behind)
[0m[34m[TIME]: 0.0005 seconds total (2183.4 hz, 0.25 ms behind)
[0m[34m[TIME]: 0.0008 seconds total (1273.9 hz, 0.25 ms behind)
[0m[34m[TIME]: 0.0007 seconds total (1430.6 hz, 0.25 ms behind)
[0m[34m[TIME]: 0.0007 seconds total (1402.5 hz, 0.25 ms behind)
[0m[34m[TIME]: 0.0004 seconds total (2242.2 hz, 0.25 ms behind)
[0m[34m[TIME]: 0.0005 seconds total (2004.0 hz, 0.25 ms behind)
[0m[34m[TIME]: 0.0004 seconds total (2262.4 hz, 0.25 ms behind)
[0m[34m[TIME]: 0.0007 seconds total (1383.1 hz, 0.25 ms behind)
[0m[34m[TIME]: 0.0005 seconds total (1879.7 hz, 0.25 ms behind)
[0m[34m[TIME]: 0.0005 seconds total (1872.7 hz, 0.25 ms behind)
[0m[34m[TIME]: 0.0004 seconds total (2227.2 hz, 0.25 ms behind)
[0m[34m[TIME]: 0.0005 seconds total (1956.9 hz, 0.25 ms behind)
[0m[34m[TIME]: 0.0004 seconds total (2262.4 hz, 0.25 ms behind)
[0m[34m[TIME]: 0.0007 seconds total (1375.5 hz, 0.25 ms behind)
[0m[34m[TIME]: 0.0005 seconds total (1992.0 hz, 0.25 ms behind)
[0m[34m[TIME]: 0.0005 seconds total (1923.1 hz, 0.25 ms behind)
[0m[34m[TIME]: 0.0004 seconds total (2381.0 hz, 0.25 ms behind)
[0m[34m[TIME]: 0.0005 seconds total (2127.7 hz, 0.25 ms behind)
[0m[34m[TIME]: 0.0004 seconds total (2369.7 hz, 0.25 ms behind)
[0m[34m[TIME]: 0.0008 seconds total (1221.0 hz, 0.25 ms behind)
[0m[34m[TIME]: 0.0007 seconds total (1368.0 hz, 0.25 ms behind)
[0m[34m[TIME]: 0.0007 seconds total (1342.3 hz, 0.25 ms behind)
[0m[34m[TIME]: 0.0007 seconds total (1533.7 hz, 0.25 ms behind)
[0m[34m[TIME]: 0.0007 seconds total (1477.1 hz, 0.25 ms behind)
[0m[34m[TIME]: 0.0007 seconds total (1477.1 hz, 0.25 ms behind)
[0m[34m[TIME]: 0.0008 seconds total (1254.7 hz, 0.25 ms behind)
[0m[34m[TIME]: 0.0007 seconds total (1443.0 hz, 0.25 ms behind)
[0m[34m[TIME]: 0.0006 seconds total (1739.1 hz, 0.25 ms behind)
[0m[34m[TIME]: 0.0004 seconds total (2358.5 hz, 0.25 ms behind)
[0m[34m[TIME]: 0.0005 seconds total (2123.1 hz, 0.25 ms behind)
[0m[34m[TIME]: 0.0004 seconds total (2309.5 hz, 0.25 ms behind)
[0m[34m[TIME]: 0.0008 seconds total (1193.3 hz, 0.25 ms behind)
[0m[34m[TIME]: 0.0007 seconds total (1375.5 hz, 0.25 ms behind)
[0m[34m[TIME]: 0.0007 seconds total (1497.0 hz, 0.25 ms behind)
[0m[34m[TIME]: 0.0005 seconds total (1915.7 hz, 0.25 ms behind)
[0m[34m[TIME]: 0.0005 seconds total (1956.9 hz, 0.25 ms behind)
[0m[34m[TIME]: 0.0005 seconds total (1879.7 hz, 0.25 ms behind)
[0m[34m[TIME]: 0.0008 seconds total (1264.2 hz, 0.50 ms behind)
[0m[34m[TIME]: 0.0006 seconds total (1597.4 hz, 0.50 ms behind)
[0m[34m[TIME]: 0.0005 seconds total (1883.2 hz, 0.50 ms behind)
[0m[34m[TIME]: 0.0004 seconds total (2325.6 hz, 0.50 ms behind)
[0m[34m[TIME]: 0.0005 seconds total (2079.0 hz, 0.50 ms behind)
[0m[34m[TIME]: 0.0004 seconds total (2283.1 hz, 0.50 ms behind)
[0m[34m[TIME]: 0.0008 seconds total (1303.8 hz, 0.25 ms behind)
[0m[34m[TIME]: 0.0005 seconds total (1960.8 hz, 0.25 ms behind)
[0m[34m[TIME]: 0.0005 seconds total (1838.2 hz, 0.25 ms behind)
[0m[34m[TIME]: 0.0004 seconds total (2341.9 hz, 0.25 ms behind)
[0m[34m[TIME]: 0.0005 seconds total (2045.0 hz, 0.25 ms behind)
[0m[34m[TIME]: 0.0004 seconds total (2237.1 hz, 0.25 ms behind)
[0m[34m[TIME]: 0.0008 seconds total (1240.7 hz, 0.25 ms behind)
[0m[34m[TIME]: 0.0007 seconds total (1462.0 hz, 0.25 ms behind)
[0m[34m[TIME]: 0.0005 seconds total (1923.1 hz, 0.25 ms behind)
[0m[34m[TIME]: 0.0004 seconds total (2369.7 hz, 0.25 ms behind)
[0m[34m[TIME]: 0.0005 seconds total (2145.9 hz, 0.25 ms behind)
[0m[34m[TIME]: 0.0004 seconds total (2369.7 hz, 0.25 ms behind)
[0m[34m[TIME]: 0.0008 seconds total (1184.8 hz, 0.25 ms behind)
[0m[34m[TIME]: 0.0007 seconds total (1344.1 hz, 0.25 ms behind)
[0m[34m[TIME]: 0.0008 seconds total (1321.0 hz, 0.25 ms behind)
[0m[34m[TIME]: 0.0007 seconds total (1531.4 hz, 0.25 ms behind)
[0m[34m[TIME]: 0.0007 seconds total (1459.9 hz, 0.25 ms behind)
[0m[34m[TIME]: 0.0007 seconds total (1426.5 hz, 0.25 ms behind)
[0m[34m[TIME]: 0.0008 seconds total (1292.0 hz, 0.25 ms behind)
[0m[34m[TIME]: 0.0007 seconds total (1418.4 hz, 0.25 ms behind)
[0m[34m[TIME]: 0.0007 seconds total (1424.5 hz, 0.25 ms behind)
[0m[34m[TIME]: 0.0006 seconds total (1538.5 hz, 0.25 ms behind)
[0m[34m[TIME]: 0.0007 seconds total (1501.5 hz, 0.25 ms behind)
[0m[34m[TIME]: 0.0007 seconds total (1501.5 hz, 0.25 ms behind)
[0m[34m[TIME]: 0.0008 seconds total (1212.1 hz, 0.25 ms behind)
[0m[34m[TIME]: 0.0007 seconds total (1366.1 hz, 0.25 ms behind)
[0m[34m[TIME]: 0.0008 seconds total (1319.3 hz, 0.25 ms behind)
[0m[34m[TIME]: 0.0007 seconds total (1501.5 hz, 0.25 ms behind)
[0m[34m[TIME]: 0.0007 seconds total (1499.3 hz, 0.25 ms behind)
[0m[34m[TIME]: 0.0007 seconds total (1474.9 hz, 0.25 ms behind)
[0m[34m[TIME]: 0.0008 seconds total (1280.4 hz, 0.25 ms behind)
[0m[34m[TIME]: 0.0007 seconds total (1385.0 hz, 0.25 ms behind)
[0m[34m[TIME]: 0.0007 seconds total (1497.0 hz, 0.25 ms behind)
[0m[34m[TIME]: 0.0004 seconds total (2381.0 hz, 0.25 ms behind)
[0m[34m[TIME]: 0.0005 seconds total (2132.2 hz, 0.25 ms behind)
[0m[34m[TIME]: 0.0004 seconds total (2386.6 hz, 0.25 ms behind)
[0m[34m[TIME]: 0.0008 seconds total (1243.8 hz, 0.25 ms behind)
[0m[34m[TIME]: 0.0007 seconds total (1368.0 hz, 0.25 ms behind)
[0m[34m[TIME]: 0.0008 seconds total (1331.6 hz, 0.25 ms behind)
[0m[34m[TIME]: 0.0005 seconds total (1851.9 hz, 0.25 ms behind)
[0m[34m[TIME]: 0.0005 seconds total (2032.5 hz, 0.25 ms behind)
[0m[34m[TIME]: 0.0004 seconds total (2252.3 hz, 0.25 ms behind)
[0m[34m[TIME]: 0.0007 seconds total (1366.1 hz, 0.25 ms behind)
[0m[34m[TIME]: 0.0005 seconds total (2028.4 hz, 0.25 ms behind)
[0m[34m[TIME]: 0.0005 seconds total (1897.5 hz, 0.25 ms behind)
[0m[34m[TIME]: 0.0004 seconds total (2336.4 hz, 0.25 ms behind)
[0m[34m[TIME]: 0.0005 seconds total (2083.3 hz, 0.25 ms behind)
[0m[34m[TIME]: 0.0004 seconds total (2331.0 hz, 0.25 ms behind)
[0m[34m[TIME]: 0.0008 seconds total (1194.7 hz, 0.25 ms behind)
[0m[34m[TIME]: 0.0007 seconds total (1369.9 hz, 0.25 ms behind)
[0m[34m[TIME]: 0.0005 seconds total (1821.5 hz, 0.25 ms behind)
[0m[34m[TIME]: 0.0004 seconds total (2252.3 hz, 0.25 ms behind)
[0m[34m[TIME]: 0.0005 seconds total (2024.3 hz, 0.25 ms behind)
[0m[34m[TIME]: 0.0004 seconds total (2247.2 hz, 0.25 ms behind)
[0m[34m[TIME]: 0.0008 seconds total (1250.0 hz, 0.25 ms behind)
[0m[34m[TIME]: 0.0007 seconds total (1422.5 hz, 0.25 ms behind)
[0m[34m[TIME]: 0.0007 seconds total (1426.5 hz, 0.25 ms behind)
[0m[34m[TIME]: 0.0006 seconds total (1560.1 hz, 0.25 ms behind)
[0m[34m[TIME]: 0.0006 seconds total (1560.1 hz, 0.25 ms behind)
[0m[34m[TIME]: 0.0007 seconds total (1490.3 hz, 0.25 ms behind)
[0m[34m[TIME]: 0.0008 seconds total (1224.0 hz, 0.25 ms behind)
[0m[34m[TIME]: 0.0007 seconds total (1362.4 hz, 0.25 ms behind)
[0m[34m[TIME]: 0.0007 seconds total (1336.9 hz, 0.25 ms behind)
[0m[34m[TIME]: 0.0007 seconds total (1508.3 hz, 0.25 ms behind)
[0m[34m[TIME]: 0.0007 seconds total (1459.9 hz, 0.25 ms behind)
[0m[34m[TIME]: 0.0007 seconds total (1434.7 hz, 0.25 ms behind)
[0m[34m[TIME]: 0.0008 seconds total (1303.8 hz, 0.25 ms behind)
[0m[34m[TIME]: 0.0007 seconds total (1422.5 hz, 0.25 ms behind)
[0m[34m[TIME]: 0.0007 seconds total (1400.6 hz, 0.25 ms behind)
[0m[34m[TIME]: 0.0006 seconds total (1550.4 hz, 0.25 ms behind)
[0m[34m[TIME]: 0.0006 seconds total (1550.4 hz, 0.25 ms behind)
[0m[34m[TIME]: 0.0007 seconds total (1499.3 hz, 0.25 ms behind)
[0m[34m[TIME]: 0.0008 seconds total (1262.6 hz, 0.25 ms behind)
[0m[34m[TIME]: 0.0007 seconds total (1336.9 hz, 0.25 ms behind)
[0m[34m[TIME]: 0.0008 seconds total (1331.6 hz, 0.25 ms behind)
[0m[34m[TIME]: 0.0007 seconds total (1477.1 hz, 0.25 ms behind)
[0m[34m[TIME]: 0.0007 seconds total (1479.3 hz, 0.25 ms behind)
[0m[34m[TIME]: 0.0007 seconds total (1466.3 hz, 0.25 ms behind)
[0m[34m[TIME]: 0.0008 seconds total (1292.0 hz, 0.25 ms behind)
[0m[34m[TIME]: 0.0007 seconds total (1443.0 hz, 0.25 ms behind)
[0m[34m[TIME]: 0.0007 seconds total (1396.6 hz, 0.25 ms behind)
[0m[34m[TIME]: 0.0006 seconds total (1666.7 hz, 0.25 ms behind)
[0m[34m[TIME]: 0.0005 seconds total (2049.2 hz, 0.25 ms behind)
[0m[34m[TIME]: 0.0004 seconds total (2314.8 hz, 0.25 ms behind)
[0m[34m[TIME]: 0.0009 seconds total (1132.5 hz, 0.25 ms behind)
[0m[34m[TIME]: 0.0007 seconds total (1340.5 hz, 0.25 ms behind)
[0m[34m[TIME]: 0.0008 seconds total (1319.3 hz, 0.25 ms behind)
[0m[34m[TIME]: 0.0005 seconds total (2079.0 hz, 0.25 ms behind)
[0m[34m[TIME]: 0.0005 seconds total (2036.7 hz, 0.25 ms behind)
[0m[34m[TIME]: 0.0005 seconds total (2207.5 hz, 0.25 ms behind)
[0m[34m[TIME]: 0.0007 seconds total (1385.0 hz, 0.25 ms behind)
[0m[34m[TIME]: 0.0005 seconds total (2020.2 hz, 0.25 ms behind)
[0m[34m[TIME]: 0.0005 seconds total (1930.5 hz, 0.25 ms behind)
[0m[34m[TIME]: 0.0004 seconds total (2336.4 hz, 0.25 ms behind)
[0m[34m[TIME]: 0.0005 seconds total (2118.6 hz, 0.25 ms behind)
[0m[34m[TIME]: 0.0004 seconds total (2352.9 hz, 0.25 ms behind)
[0m[34m[TIME]: 0.0009 seconds total (1165.5 hz, 0.25 ms behind)
[0m[34m[TIME]: 0.0007 seconds total (1364.3 hz, 0.25 ms behind)
[0m[34m[TIME]: 0.0008 seconds total (1302.1 hz, 0.25 ms behind)
[0m[34m[TIME]: 0.0007 seconds total (1497.0 hz, 0.25 ms behind)
[0m[34m[TIME]: 0.0007 seconds total (1477.1 hz, 0.25 ms behind)
[0m[34m[TIME]: 0.0007 seconds total (1443.0 hz, 0.25 ms behind)
[0m[34m[TIME]: 0.0008 seconds total (1273.9 hz, 0.25 ms behind)
[0m[34m[TIME]: 0.0007 seconds total (1402.5 hz, 0.25 ms behind)
[0m[34m[TIME]: 0.0007 seconds total (1390.8 hz, 0.25 ms behind)
[0m[34m[TIME]: 0.0006 seconds total (1552.8 hz, 0.25 ms behind)
[0m[34m[TIME]: 0.0007 seconds total (1536.1 hz, 0.25 ms behind)
[0m[34m[TIME]: 0.0005 seconds total (1872.7 hz, 0.25 ms behind)
[0m[34m[TIME]: 0.0008 seconds total (1218.0 hz, 0.25 ms behind)
[0m[34m[TIME]: 0.0005 seconds total (1964.6 hz, 0.25 ms behind)
[0m[34m[TIME]: 0.0006 seconds total (1798.6 hz, 0.25 ms behind)
[0m[34m[TIME]: 0.0004 seconds total (2288.3 hz, 0.25 ms behind)
[0m[34m[TIME]: 0.0005 seconds total (2045.0 hz, 0.25 ms behind)
[0m[34m[TIME]: 0.0004 seconds total (2283.1 hz, 0.25 ms behind)
[0m[34m[TIME]: 0.0008 seconds total (1298.7 hz, 0.25 ms behind)
[0m[34m[TIME]: 0.0007 seconds total (1474.9 hz, 0.25 ms behind)
[0m[34m[TIME]: 0.0007 seconds total (1362.4 hz, 0.25 ms behind)
[0m[34m[TIME]: 0.0006 seconds total (1552.8 hz, 0.25 ms behind)
[0m[34m[TIME]: 0.0006 seconds total (1567.4 hz, 0.25 ms behind)
[0m[34m[TIME]: 0.0007 seconds total (1494.8 hz, 0.25 ms behind)
[0m[34m[TIME]: 0.0008 seconds total (1221.0 hz, 0.25 ms behind)
[0m[34m[TIME]: 0.0008 seconds total (1319.3 hz, 0.25 ms behind)
[0m[34m[TIME]: 0.0008 seconds total (1290.3 hz, 0.25 ms behind)
[0m[34m[TIME]: 0.0007 seconds total (1474.9 hz, 0.25 ms behind)
[0m[34m[TIME]: 0.0007 seconds total (1466.3 hz, 0.25 ms behind)
[0m[34m[TIME]: 0.0007 seconds total (1392.8 hz, 0.25 ms behind)
[0m[34m[TIME]: 0.0008 seconds total (1302.1 hz, 0.25 ms behind)
[0m[34m[TIME]: 0.0007 seconds total (1426.5 hz, 0.25 ms behind)
[0m[34m[TIME]: 0.0007 seconds total (1371.7 hz, 0.25 ms behind)
[0m[34m[TIME]: 0.0006 seconds total (1555.2 hz, 0.25 ms behind)
[0m[34m[TIME]: 0.0005 seconds total (1919.4 hz, 0.25 ms behind)
[0m[34m[TIME]: 0.0004 seconds total (2293.6 hz, 0.25 ms behind)
[0m[34m[TIME]: 0.0008 seconds total (1228.5 hz, 0.25 ms behind)
[0m[34m[TIME]: 0.0007 seconds total (1358.7 hz, 0.25 ms behind)
[0m[34m[TIME]: 0.0007 seconds total (1355.0 hz, 0.25 ms behind)
[0m[34m[TIME]: 0.0007 seconds total (1512.9 hz, 0.25 ms behind)
[0m[34m[TIME]: 0.0007 seconds total (1515.2 hz, 0.25 ms behind)
[0m[34m[TIME]: 0.0007 seconds total (1459.9 hz, 0.25 ms behind)
[0m[34m[TIME]: 0.0007 seconds total (1400.6 hz, 0.25 ms behind)
[0m[34m[TIME]: 0.0005 seconds total (2024.3 hz, 0.25 ms behind)
[0m[34m[TIME]: 0.0005 seconds total (1862.2 hz, 0.25 ms behind)
[0m[34m[TIME]: 0.0004 seconds total (2298.9 hz, 0.25 ms behind)
[0m[34m[TIME]: 0.0005 seconds total (2083.3 hz, 0.25 ms behind)
[0m[34m[TIME]: 0.0004 seconds total (2358.5 hz, 0.25 ms behind)
[0m[34m[TIME]: 0.0007 seconds total (1434.7 hz, 0.25 ms behind)
[0m[34m[TIME]: 0.0005 seconds total (1968.5 hz, 0.25 ms behind)
[0m[34m[TIME]: 0.0006 seconds total (1779.4 hz, 0.25 ms behind)
[0m[34m[TIME]: 0.0004 seconds total (2257.3 hz, 0.25 ms behind)
[0m[34m[TIME]: 0.0005 seconds total (2066.1 hz, 0.25 ms behind)
[0m[34m[TIME]: 0.0004 seconds total (2283.1 hz, 0.25 ms behind)
[0m[34m[TIME]: 0.0008 seconds total (1280.4 hz, 0.25 ms behind)
[0m[34m[TIME]: 0.0007 seconds total (1420.5 hz, 0.25 ms behind)
[0m[34m[TIME]: 0.0007 seconds total (1351.4 hz, 0.25 ms behind)
[0m[34m[TIME]: 0.0006 seconds total (1594.9 hz, 0.25 ms behind)
[0m[34m[TIME]: 0.0006 seconds total (1552.8 hz, 0.25 ms behind)
[0m[34m[TIME]: 0.0007 seconds total (1503.8 hz, 0.25 ms behind)
[0m[34m[TIME]: 0.0008 seconds total (1282.1 hz, 0.25 ms behind)
[0m[34m[TIME]: 0.0007 seconds total (1377.4 hz, 0.25 ms behind)
[0m[34m[TIME]: 0.0007 seconds total (1344.1 hz, 0.25 ms behind)
[0m[34m[TIME]: 0.0006 seconds total (1555.2 hz, 0.25 ms behind)
[0m[34m[TIME]: 0.0007 seconds total (1494.8 hz, 0.25 ms behind)
[0m[34m[TIME]: 0.0007 seconds total (1485.9 hz, 0.25 ms behind)
[0m[34m[TIME]: 0.0008 seconds total (1251.6 hz, 0.25 ms behind)
[0m[34m[TIME]: 0.0007 seconds total (1440.9 hz, 0.25 ms behind)
[0m[34m[TIME]: 0.0007 seconds total (1371.7 hz, 0.25 ms behind)
[0m[34m[TIME]: 0.0006 seconds total (1564.9 hz, 0.25 ms behind)
[0m[34m[TIME]: 0.0007 seconds total (1515.2 hz, 0.25 ms behind)
[0m[34m[TIME]: 0.0007 seconds total (1533.7 hz, 0.25 ms behind)
[0m[34m[TIME]: 0.0008 seconds total (1256.3 hz, 0.25 ms behind)
[0m[34m[TIME]: 0.0007 seconds total (1371.7 hz, 0.25 ms behind)
[0m[34m[TIME]: 0.0006 seconds total (1779.4 hz, 0.25 ms behind)
[0m[34m[TIME]: 0.0005 seconds total (2173.9 hz, 0.25 ms behind)
[0m[34m[TIME]: 0.0005 seconds total (2053.4 hz, 0.25 ms behind)
[0m[34m[TIME]: 0.0005 seconds total (2173.9 hz, 0.25 ms behind)
[0m[34m[TIME]: 0.0008 seconds total (1303.8 hz, 0.25 ms behind)
[0m[34m[TIME]: 0.0007 seconds total (1447.2 hz, 0.25 ms behind)
[0m[34m[TIME]: 0.0007 seconds total (1383.1 hz, 0.25 ms behind)
[0m[34m[TIME]: 0.0006 seconds total (1587.3 hz, 0.25 ms behind)
[0m[34m[TIME]: 0.0006 seconds total (1555.2 hz, 0.25 ms behind)
[0m[34m[TIME]: 0.0007 seconds total (1490.3 hz, 0.25 ms behind)
[0m[34m[TIME]: 0.0008 seconds total (1303.8 hz, 0.25 ms behind)
[0m[34m[TIME]: 0.0007 seconds total (1390.8 hz, 0.25 ms behind)
[0m[34m[TIME]: 0.0008 seconds total (1315.8 hz, 0.25 ms behind)
[0m[34m[TIME]: 0.0007 seconds total (1457.7 hz, 0.25 ms behind)
[0m[34m[TIME]: 0.0006 seconds total (1540.8 hz, 0.25 ms behind)
[0m[34m[TIME]: 0.0005 seconds total (2164.5 hz, 0.25 ms behind)
[0m[34m[TIME]: 0.0008 seconds total (1288.7 hz, 0.25 ms behind)
[0m[34m[TIME]: 0.0007 seconds total (1430.6 hz, 0.25 ms behind)
[0m[34m[TIME]: 0.0006 seconds total (1782.5 hz, 0.25 ms behind)
[0m[34m[TIME]: 0.0004 seconds total (2272.7 hz, 0.25 ms behind)
[0m[34m[TIME]: 0.0005 seconds total (2164.5 hz, 0.25 ms behind)
[0m[34m[TIME]: 0.0004 seconds total (2331.0 hz, 0.25 ms behind)
[0m[34m[TIME]: 0.0008 seconds total (1233.0 hz, 0.25 ms behind)
[0m[34m[TIME]: 0.0007 seconds total (1381.2 hz, 0.25 ms behind)
[0m[34m[TIME]: 0.0008 seconds total (1322.8 hz, 0.25 ms behind)
[0m[34m[TIME]: 0.0006 seconds total (1748.3 hz, 0.25 ms behind)
[0m[34m[TIME]: 0.0006 seconds total (1683.5 hz, 0.25 ms behind)
[0m[34m[TIME]: 0.0005 seconds total (1831.5 hz, 0.25 ms behind)
[0m[34m[TIME]: 0.0008 seconds total (1280.4 hz, 0.25 ms behind)
[0m[34m[TIME]: 0.0007 seconds total (1451.4 hz, 0.25 ms behind)
[0m[34m[TIME]: 0.0007 seconds total (1416.4 hz, 0.25 ms behind)
[0m[34m[TIME]: 0.0006 seconds total (1574.8 hz, 0.25 ms behind)
[0m[34m[TIME]: 0.0006 seconds total (1564.9 hz, 0.25 ms behind)
[0m[34m[TIME]: 0.0005 seconds total (1831.5 hz, 0.25 ms behind)
[0m[34m[TIME]: 0.0008 seconds total (1243.8 hz, 0.25 ms behind)
[0m[34m[TIME]: 0.0007 seconds total (1362.4 hz, 0.25 ms behind)
[0m[34m[TIME]: 0.0007 seconds total (1335.1 hz, 0.25 ms behind)
[0m[34m[TIME]: 0.0007 seconds total (1515.2 hz, 0.25 ms behind)
[0m[34m[TIME]: 0.0007 seconds total (1440.9 hz, 0.25 ms behind)
[0m[34m[TIME]: 0.0007 seconds total (1445.1 hz, 0.25 ms behind)
[0m[34m[TIME]: 0.0008 seconds total (1324.5 hz, 0.25 ms behind)
[0m[34m[TIME]: 0.0005 seconds total (1934.2 hz, 0.25 ms behind)
[0m[34m[TIME]: 0.0005 seconds total (1926.8 hz, 0.25 ms behind)
[0m[34m[TIME]: 0.0004 seconds total (2277.9 hz, 0.25 ms behind)
[0m[34m[TIME]: 0.0005 seconds total (2079.0 hz, 0.25 ms behind)
[0m[34m[TIME]: 0.0004 seconds total (2341.9 hz, 0.25 ms behind)
[0m[34m[TIME]: 0.0008 seconds total (1280.4 hz, 0.25 ms behind)
[0m[34m[TIME]: 0.0007 seconds total (1349.5 hz, 0.25 ms behind)
[0m[34m[TIME]: 0.0008 seconds total (1317.5 hz, 0.25 ms behind)
[0m[34m[TIME]: 0.0007 seconds total (1536.1 hz, 0.25 ms behind)
[0m[34m[TIME]: 0.0007 seconds total (1470.6 hz, 0.25 ms behind)
[0m[34m[TIME]: 0.0007 seconds total (1440.9 hz, 0.25 ms behind)
[0m[34m[TIME]: 0.0008 seconds total (1272.3 hz, 0.25 ms behind)
[0m[34m[TIME]: 0.0007 seconds total (1424.5 hz, 0.25 ms behind)
[0m[34m[TIME]: 0.0007 seconds total (1392.8 hz, 0.25 ms behind)
[0m[34m[TIME]: 0.0005 seconds total (2155.2 hz, 0.25 ms behind)
[0m[34m[TIME]: 0.0005 seconds total (2000.0 hz, 0.25 ms behind)
[0m[34m[TIME]: 0.0005 seconds total (2114.2 hz, 0.25 ms behind)
[0m[34m[TIME]: 0.0008 seconds total (1262.6 hz, 0.25 ms behind)
[0m[34m[TIME]: 0.0007 seconds total (1364.3 hz, 0.25 ms behind)
[0m[34m[TIME]: 0.0007 seconds total (1336.9 hz, 0.25 ms behind)
[0m[34m[TIME]: 0.0007 seconds total (1488.1 hz, 0.25 ms behind)
[0m[34m[TIME]: 0.0007 seconds total (1453.5 hz, 0.25 ms behind)
[0m[34m[TIME]: 0.0007 seconds total (1432.7 hz, 0.25 ms behind)
[0m[34m[TIME]: 0.0008 seconds total (1298.7 hz, 0.25 ms behind)
[0m[34m[TIME]: 0.0007 seconds total (1426.5 hz, 0.25 ms behind)
[0m[34m[TIME]: 0.0007 seconds total (1408.5 hz, 0.25 ms behind)
[0m[34m[TIME]: 0.0006 seconds total (1594.9 hz, 0.25 ms behind)
[0m[34m[TIME]: 0.0007 seconds total (1531.4 hz, 0.25 ms behind)
[0m[34m[TIME]: 0.0007 seconds total (1508.3 hz, 0.25 ms behind)
[0m[34m[TIME]: 0.0008 seconds total (1270.6 hz, 0.25 ms behind)
[0m[34m[TIME]: 0.0007 seconds total (1385.0 hz, 0.25 ms behind)
[0m[34m[TIME]: 0.0007 seconds total (1344.1 hz, 0.25 ms behind)
[0m[34m[TIME]: 0.0007 seconds total (1512.9 hz, 0.25 ms behind)
[0m[34m[TIME]: 0.0007 seconds total (1477.1 hz, 0.25 ms behind)
[0m[34m[TIME]: 0.0007 seconds total (1462.0 hz, 0.25 ms behind)
[0m[34m[TIME]: 0.0008 seconds total (1312.3 hz, 0.25 ms behind)
[0m[34m[TIME]: 0.0007 seconds total (1449.3 hz, 0.25 ms behind)
[0m[34m[TIME]: 0.0007 seconds total (1400.6 hz, 0.25 ms behind)
[0m[34m[TIME]: 0.0006 seconds total (1564.9 hz, 0.25 ms behind)
[0m[34m[TIME]: 0.0005 seconds total (2004.0 hz, 0.25 ms behind)
[0m[34m[TIME]: 0.0004 seconds total (2304.1 hz, 0.25 ms behind)
[0m[34m[TIME]: 0.0008 seconds total (1257.9 hz, 0.25 ms behind)
[0m[34m[TIME]: 0.0007 seconds total (1377.4 hz, 0.25 ms behind)
[0m[34m[TIME]: 0.0007 seconds total (1351.4 hz, 0.25 ms behind)
[0m[34m[TIME]: 0.0006 seconds total (1760.6 hz, 0.25 ms behind)
[0m[34m[TIME]: 0.0005 seconds total (2053.4 hz, 0.25 ms behind)
[0m[34m[TIME]: 0.0004 seconds total (2232.1 hz, 0.25 ms behind)
[0m[34m[TIME]: 0.0007 seconds total (1364.3 hz, 0.25 ms behind)
[0m[34m[TIME]: 0.0005 seconds total (2016.1 hz, 0.25 ms behind)
[0m[34m[TIME]: 0.0005 seconds total (1883.2 hz, 0.25 ms behind)
[0m[34m[TIME]: 0.0004 seconds total (2272.7 hz, 0.25 ms behind)
[0m[34m[TIME]: 0.0005 seconds total (2070.4 hz, 0.25 ms behind)
[0m[34m[TIME]: 0.0004 seconds total (2347.4 hz, 0.25 ms behind)
[0m[34m[TIME]: 0.0008 seconds total (1253.1 hz, 0.25 ms behind)
[0m[34m[TIME]: 0.0007 seconds total (1347.7 hz, 0.25 ms behind)
[0m[34m[TIME]: 0.0008 seconds total (1319.3 hz, 0.25 ms behind)
[0m[34m[TIME]: 0.0006 seconds total (1792.1 hz, 0.25 ms behind)
[0m[34m[TIME]: 0.0005 seconds total (2036.7 hz, 0.25 ms behind)
[0m[34m[TIME]: 0.0004 seconds total (2232.1 hz, 0.25 ms behind)
[0m[34m[TIME]: 0.0008 seconds total (1277.1 hz, 0.25 ms behind)
[0m[34m[TIME]: 0.0005 seconds total (1926.8 hz, 0.25 ms behind)
[0m[34m[TIME]: 0.0005 seconds total (1862.2 hz, 0.25 ms behind)
[0m[34m[TIME]: 0.0004 seconds total (2257.3 hz, 0.25 ms behind)
[0m[34m[TIME]: 0.0005 seconds total (2141.3 hz, 0.25 ms behind)
[0m[34m[TIME]: 0.0004 seconds total (2336.4 hz, 0.25 ms behind)
[0m[34m[TIME]: 0.0008 seconds total (1273.9 hz, 0.25 ms behind)
[0m[34m[TIME]: 0.0007 seconds total (1353.2 hz, 0.25 ms behind)
[0m[34m[TIME]: 0.0007 seconds total (1375.5 hz, 0.25 ms behind)
[0m[34m[TIME]: 0.0007 seconds total (1526.7 hz, 0.25 ms behind)
[0m[34m[TIME]: 0.0007 seconds total (1474.9 hz, 0.25 ms behind)
[0m[34m[TIME]: 0.0007 seconds total (1459.9 hz, 0.25 ms behind)
[0m[34m[TIME]: 0.0008 seconds total (1285.3 hz, 0.25 ms behind)
[0m[34m[TIME]: 0.0007 seconds total (1445.1 hz, 0.25 ms behind)
[0m[34m[TIME]: 0.0007 seconds total (1385.0 hz, 0.25 ms behind)
[0m[34m[TIME]: 0.0006 seconds total (1552.8 hz, 0.25 ms behind)
[0m[34m[TIME]: 0.0006 seconds total (1550.4 hz, 0.25 ms behind)
[0m[34m[TIME]: 0.0007 seconds total (1508.3 hz, 0.25 ms behind)
[0m[34m[TIME]: 0.0008 seconds total (1253.1 hz, 0.25 ms behind)
[0m[34m[TIME]: 0.0007 seconds total (1394.7 hz, 0.25 ms behind)
[0m[34m[TIME]: 0.0007 seconds total (1349.5 hz, 0.25 ms behind)
[0m[34m[TIME]: 0.0007 seconds total (1503.8 hz, 0.25 ms behind)
[0m[34m[TIME]: 0.0007 seconds total (1438.8 hz, 0.25 ms behind)
[0m[34m[TIME]: 0.0007 seconds total (1455.6 hz, 0.25 ms behind)
[0m[34m[TIME]: 0.0008 seconds total (1290.3 hz, 0.25 ms behind)
[0m[34m[TIME]: 0.0007 seconds total (1430.6 hz, 0.25 ms behind)
[0m[34m[TIME]: 0.0007 seconds total (1426.5 hz, 0.25 ms behind)
[0m[34m[TIME]: 0.0007 seconds total (1510.6 hz, 0.25 ms behind)
[0m[34m[TIME]: 0.0005 seconds total (2004.0 hz, 0.25 ms behind)
[0m[34m[TIME]: 0.0005 seconds total (1992.0 hz, 0.25 ms behind)
[0m[34m[TIME]: 0.0008 seconds total (1257.9 hz, 0.25 ms behind)
[0m[34m[TIME]: 0.0007 seconds total (1353.2 hz, 0.25 ms behind)
[0m[34m[TIME]: 0.0007 seconds total (1385.0 hz, 0.25 ms behind)
[0m[34m[TIME]: 0.0007 seconds total (1506.0 hz, 0.25 ms behind)
[0m[34m[TIME]: 0.0007 seconds total (1468.4 hz, 0.25 ms behind)
[0m[34m[TIME]: 0.0007 seconds total (1438.8 hz, 0.25 ms behind)
[0m[34m[TIME]: 0.0007 seconds total (1383.1 hz, 0.25 ms behind)
[0m[34m[TIME]: 0.0005 seconds total (2004.0 hz, 0.25 ms behind)
[0m[34m[TIME]: 0.0005 seconds total (1926.8 hz, 0.25 ms behind)
[0m[34m[TIME]: 0.0005 seconds total (2217.3 hz, 0.25 ms behind)
[0m[34m[TIME]: 0.0005 seconds total (2118.6 hz, 0.25 ms behind)
[0m[34m[TIME]: 0.0004 seconds total (2309.5 hz, 0.25 ms behind)
[0m[34m[TIME]: 0.0008 seconds total (1280.4 hz, 0.25 ms behind)
[0m[34m[TIME]: 0.0007 seconds total (1388.9 hz, 0.25 ms behind)
[0m[34m[TIME]: 0.0007 seconds total (1396.6 hz, 0.25 ms behind)
[0m[34m[TIME]: 0.0007 seconds total (1494.8 hz, 0.25 ms behind)
[0m[34m[TIME]: 0.0007 seconds total (1462.0 hz, 0.25 ms behind)
[0m[34m[TIME]: 0.0007 seconds total (1464.1 hz, 0.25 ms behind)
[0m[34m[TIME]: 0.0007 seconds total (1342.3 hz, 0.25 ms behind)
[0m[34m[TIME]: 0.0007 seconds total (1453.5 hz, 0.25 ms behind)
[0m[34m[TIME]: 0.0007 seconds total (1449.3 hz, 0.25 ms behind)
[0m[34m[TIME]: 0.0006 seconds total (1545.6 hz, 0.25 ms behind)
[0m[34m[TIME]: 0.0007 seconds total (1533.7 hz, 0.25 ms behind)
[0m[34m[TIME]: 0.0007 seconds total (1490.3 hz, 0.25 ms behind)
[0m[34m[TIME]: 0.0008 seconds total (1248.4 hz, 0.25 ms behind)
[0m[34m[TIME]: 0.0007 seconds total (1373.6 hz, 0.25 ms behind)
[0m[34m[TIME]: 0.0007 seconds total (1398.6 hz, 0.25 ms behind)
[0m[34m[TIME]: 0.0007 seconds total (1474.9 hz, 0.25 ms behind)
[0m[34m[TIME]: 0.0007 seconds total (1459.9 hz, 0.25 ms behind)
[0m[34m[TIME]: 0.0007 seconds total (1451.4 hz, 0.25 ms behind)
[0m[34m[TIME]: 0.0006 seconds total (1724.1 hz, 0.50 ms behind)
[0m[34m[TIME]: 0.0005 seconds total (2016.1 hz, 0.50 ms behind)
[0m[34m[TIME]: 0.0005 seconds total (1934.2 hz, 0.50 ms behind)
[0m[34m[TIME]: 0.0005 seconds total (2164.5 hz, 0.50 ms behind)
[0m[34m[TIME]: 0.0005 seconds total (2118.6 hz, 0.50 ms behind)
[0m[34m[TIME]: 0.0004 seconds total (2341.9 hz, 0.50 ms behind)
[0m[34m[TIME]: 0.0007 seconds total (1383.1 hz, 0.25 ms behind)
[0m[34m[TIME]: 0.0005 seconds total (1972.4 hz, 0.25 ms behind)
[0m[34m[TIME]: 0.0005 seconds total (1828.2 hz, 0.25 ms behind)
[0m[34m[TIME]: 0.0005 seconds total (2118.6 hz, 0.25 ms behind)
[0m[34m[TIME]: 0.0005 seconds total (2040.8 hz, 0.25 ms behind)
[0m[34m[TIME]: 0.0004 seconds total (2257.3 hz, 0.25 ms behind)
[0m[34m[TIME]: 0.0008 seconds total (1312.3 hz, 0.25 ms behind)
[0m[34m[TIME]: 0.0007 seconds total (1466.3 hz, 0.25 ms behind)
[0m[34m[TIME]: 0.0007 seconds total (1447.2 hz, 0.25 ms behind)
[0m[34m[TIME]: 0.0007 seconds total (1531.4 hz, 0.25 ms behind)
[0m[34m[TIME]: 0.0007 seconds total (1506.0 hz, 0.25 ms behind)
[0m[34m[TIME]: 0.0005 seconds total (1818.2 hz, 0.25 ms behind)
[0m[34m[TIME]: 0.0008 seconds total (1228.5 hz, 0.25 ms behind)
[0m[34m[TIME]: 0.0007 seconds total (1373.6 hz, 0.25 ms behind)
[0m[34m[TIME]: 0.0007 seconds total (1353.2 hz, 0.25 ms behind)
[0m[34m[TIME]: 0.0007 seconds total (1472.8 hz, 0.25 ms behind)
[0m[34m[TIME]: 0.0007 seconds total (1430.6 hz, 0.25 ms behind)
[0m[34m[TIME]: 0.0007 seconds total (1434.7 hz, 0.25 ms behind)
[0m[34m[TIME]: 0.0008 seconds total (1307.2 hz, 0.25 ms behind)
[0m[34m[TIME]: 0.0007 seconds total (1481.5 hz, 0.25 ms behind)
[0m[34m[TIME]: 0.0006 seconds total (1661.1 hz, 0.25 ms behind)
[0m[34m[TIME]: 0.0005 seconds total (2178.6 hz, 0.25 ms behind)
[0m[34m[TIME]: 0.0005 seconds total (2092.1 hz, 0.25 ms behind)
[0m[34m[TIME]: 0.0004 seconds total (2304.1 hz, 0.25 ms behind)
[0m[34m[TIME]: 0.0007 seconds total (1344.1 hz, 0.25 ms behind)
[0m[34m[TIME]: 0.0005 seconds total (1984.1 hz, 0.25 ms behind)
[0m[34m[TIME]: 0.0006 seconds total (1811.6 hz, 0.25 ms behind)
[0m[34m[TIME]: 0.0005 seconds total (2159.8 hz, 0.25 ms behind)
[0m[34m[TIME]: 0.0005 seconds total (2045.0 hz, 0.25 ms behind)
[0m[34m[TIME]: 0.0004 seconds total (2277.9 hz, 0.25 ms behind)
[0m[34m[TIME]: 0.0009 seconds total (1165.5 hz, 0.25 ms behind)
[0m[34m[TIME]: 0.0007 seconds total (1422.5 hz, 0.25 ms behind)
[0m[34m[TIME]: 0.0008 seconds total (1273.9 hz, 0.25 ms behind)
[0m[34m[TIME]: 0.0007 seconds total (1481.5 hz, 0.25 ms behind)
[0m[34m[TIME]: 0.0005 seconds total (2066.1 hz, 0.25 ms behind)
[0m[34m[TIME]: 0.0004 seconds total (2267.6 hz, 0.25 ms behind)
[0m[34m[TIME]: 0.0008 seconds total (1272.3 hz, 0.25 ms behind)
[0m[34m[TIME]: 0.0005 seconds total (1923.1 hz, 0.25 ms behindterminate called after throwing an instance of 'class_loader::LibraryUnloadException'
  what():  Attempt to unload library that class_loader is unaware of: /opt/ros/noetic/lib//libcompressed_depth_image_transport.so
BENCH_STATS wall_s=35.3 cpu_s=8.6 cpu_percent=25 maxrss_mb=122.6
