ply
format ascii 1.0
element vertex 12177
property float x
property float y
property float z
property uchar red
property uchar green
property uchar blue
end_header
0.0906 0.0245 0.0302 80 200 120
0.0759 0.0070 0.0315 80 200 120
0.0833 0.0222 0.0302 80 200 120
0.0752 0.0005 0.0314 80 200 120
0.0826 0.0183 0.0298 80 200 120
0.2474 0.0858 0.0277 80 200 120
0.1618 -0.0672 0.0477 80 200 120
0.0966 0.0516 0.0385 80 200 120
0.0821 -0.0153 0.0303 80 200 120
0.0860 -0.0093 0.0298 80 200 120
0.0756 0.0119 0.0299 80 200 120
0.0797 0.0031 0.0299 80 200 120
0.0995 0.0293 0.0530 80 200 120
0.1454 0.1072 0.0552 80 200 120
0.0673 0.0162 0.0367 80 200 120
0.0712 -0.0089 0.0360 80 200 120
0.0814 0.0024 0.0300 80 200 120
0.0893 0.0020 0.0300 80 200 120
0.0937 -0.0241 0.0303 80 200 120
0.0974 -0.0200 0.0297 80 200 120
0.2429 -0.1939 0.0536 80 200 120
0.0712 -0.0021 0.0313 80 200 120
0.0718 -0.0008 0.0305 80 200 120
0.0904 -0.0016 0.0299 80 200 120
0.2132 -0.2018 0.0439 80 200 120
0.0762 0.0042 0.0300 80 200 120
0.0780 0.0134 0.0318 80 200 120
0.0703 0.0002 0.0301 80 200 120
0.1404 0.0229 0.0890 80 200 120
0.0822 -0.0297 0.0470 80 200 120
0.0701 0.0001 0.0301 80 200 120
0.0774 -0.0070 0.0370 80 200 120
0.2292 -0.0409 0.0299 80 200 120
0.1383 0.0420 0.0399 80 200 120
0.0849 -0.0261 0.0298 80 200 120
0.0870 -0.0029 0.0297 80 200 120
0.0602 -0.0288 0.0482 80 200 120
0.0728 0.0003 0.0315 80 200 120
0.0721 -0.0020 0.0313 80 200 120
0.0726 -0.0086 0.0356 80 200 120
0.0708 -0.0036 0.0348 80 200 120
0.1331 -0.0775 0.0562 80 200 120
0.0827 0.0117 0.0373 80 200 120
0.1018 0.0264 0.0304 80 200 120
0.0895 -0.0849 0.1055 80 200 120
0.0956 -0.0460 0.0417 80 200 120
0.0724 0.0024 0.0300 80 200 120
4.0567 -12.7241 4.9053 80 200 120
0.0830 0.0024 0.0380 80 200 120
0.0717 -0.0056 0.0344 80 200 120
0.2161 -0.0865 0.0631 80 200 120
0.1383 0.0976 0.0637 80 200 120
0.0854 -0.0132 0.0300 80 200 120
0.0729 0.0020 0.0326 80 200 120
0.1530 -0.0776 0.0659 80 200 120
0.1116 -0.0125 0.1091 80 200 120
0.1917 -0.0249 0.0911 80 200 120
0.0729 0.0068 0.0384 80 200 120
0.1186 -0.1209 0.0322 80 200 120
0.0761 0.0051 0.0326 80 200 120
0.0739 0.0105 0.0299 80 200 120
0.1052 0.0472 0.0764 80 200 120
0.1670 -0.1415 0.0568 80 200 120
0.0704 -0.0030 0.0328 80 200 120
0.0733 -0.0045 0.0320 80 200 120
0.0799 -0.0127 0.0389 80 200 120
0.0700 -0.0013 0.0309 80 200 120
0.1213 0.0251 0.0377 80 200 120
0.0793 -0.0082 0.0314 80 200 120
0.0700 -0.0009 0.0308 80 200 120
0.1073 0.0674 0.0600 80 200 120
0.0695 0.0041 0.0334 80 200 120
0.0517 0.1775 0.1518 80 200 120
0.0722 0.0031 0.0320 80 200 120
0.0801 0.0965 0.0794 80 200 120
0.0705 -0.0002 0.0304 80 200 120
0.0841 0.0139 0.0366 80 200 120
0.0522 -0.0834 0.1332 80 200 120
0.0720 -0.0030 0.0315 80 200 120
0.0771 -0.0057 0.0357 80 200 120
0.0578 -0.0319 0.0751 80 200 120
0.2402 0.2054 0.0518 80 200 120
0.0802 0.0029 0.0366 80 200 120
-0.0013 0.3597 0.2688 80 200 120
0.1615 -0.1952 0.0581 80 200 120
0.0707 -0.0010 0.0312 80 200 120
0.0376 -0.1375 0.1397 80 200 120
0.0371 -0.0478 0.0763 80 200 120
0.1603 -0.1914 0.0280 80 200 120
0.1288 -0.0390 0.0869 80 200 120
0.0818 -0.0005 0.0333 80 200 120
0.0797 -0.0066 0.0308 80 200 120
0.0701 0.0015 0.0330 80 200 120
0.0956 0.0438 0.0624 80 200 120
0.1707 -0.3071 0.0887 80 200 120
0.0774 -0.0047 0.0358 80 200 120
0.1000 -0.0165 0.0672 80 200 120
0.0097 0.0448 0.2083 80 200 120
0.0727 0.0030 0.0327 80 200 120
0.0643 -0.0303 0.1166 80 200 120
0.0790 0.0083 0.0386 80 200 120
0.1082 -0.0997 0.0630 80 200 120
0.0725 0.0049 0.0327 80 200 120
0.0759 -0.0028 0.0299 80 200 120
0.0008 -0.3790 0.2406 80 200 120
0.0713 0.0010 0.0309 80 200 120
0.1231 -0.1306 0.1347 80 200 120
0.0724 0.0062 0.0355 80 200 120
0.0683 -0.0888 0.0606 80 200 120
0.0702 0.0000 0.0301 80 200 120
0.0711 0.0005 0.0312 80 200 120
0.0734 -0.0130 0.0356 80 200 120
0.0831 -0.1408 0.0587 80 200 120
0.0612 0.0782 0.0753 80 200 120
0.0705 0.0045 0.0342 80 200 120
0.0704 -0.0009 0.0311 80 200 120
0.0909 0.1718 0.1514 80 200 120
0.1457 -0.0176 0.0447 80 200 120
0.0592 -0.0811 0.1069 80 200 120
0.1603 0.1176 0.0961 80 200 120
0.1077 0.1248 0.0832 80 200 120
0.1406 0.0252 0.0404 80 200 120
0.1108 0.0096 0.0610 80 200 120
0.0715 0.0001 0.0316 80 200 120
0.0271 0.1470 0.1302 80 200 120
0.1603 0.2285 0.1110 80 200 120
0.1649 0.0567 0.0697 80 200 120
0.0841 -0.0047 0.0338 80 200 120
0.1115 -0.0207 0.0649 80 200 120
0.1808 0.0211 0.1636 80 200 120
0.0959 -0.1023 0.0442 80 200 120
0.0610 -0.0412 0.0577 80 200 120
0.0754 -0.0029 0.0459 80 200 120
0.0712 0.0004 0.0314 80 200 120
0.0769 0.2076 0.1548 80 200 120
0.0804 -0.0118 0.0330 80 200 120
0.1363 -0.0408 0.0671 80 200 120
0.0700 0.0008 0.0310 80 200 120
0.0733 -0.0005 0.0309 80 200 120
0.0706 -0.0004 0.0313 80 200 120
0.0732 -0.0006 0.0327 80 200 120
0.1315 0.0138 0.1191 80 200 120
0.0960 -0.0287 0.0618 80 200 120
0.0700 0.0003 0.0307 80 200 120
0.0726 0.0015 0.0343 80 200 120
0.0756 -0.0136 0.0363 80 200 120
0.0715 0.0035 0.0352 80 200 120
0.0253 0.1408 0.1105 80 200 120
0.0689 -0.0021 0.0334 80 200 120
0.0698 0.0016 0.0316 80 200 120
0.0768 -0.0337 0.0370 80 200 120
0.0871 0.0094 0.0394 80 200 120
0.0770 0.0134 0.0422 80 200 120
-0.0295 0.0487 0.1741 80 200 120
0.0286 -0.0507 0.2025 80 200 120
0.0681 0.0002 0.0327 80 200 120
0.0616 -0.0206 0.0491 80 200 120
0.0558 -0.1927 0.1499 80 200 120
0.0699 0.0006 0.0311 80 200 120
0.0709 -0.0151 0.0424 80 200 120
0.1360 0.0930 0.1435 80 200 120
0.0725 0.0002 0.0394 80 200 120
0.0606 0.1224 0.0820 80 200 120
0.0701 -0.0003 0.0321 80 200 120
-0.0060 0.0930 0.0369 80 200 120
-0.0462 0.0697 0.0299 80 200 120
-0.0605 0.2052 0.0302 80 200 120
-0.0098 0.0881 0.0301 80 200 120
-0.0405 0.1143 0.0298 80 200 120
-0.0675 0.1671 0.0297 80 200 120
-0.0391 0.0903 0.0430 80 200 120
0.0079 0.1273 0.0308 80 200 120
-0.0513 0.0624 0.0300 80 200 120
-0.0388 0.0590 0.0319 80 200 120
-0.0167 0.0963 0.0298 80 200 120
-0.0183 0.2489 0.0286 80 200 120
-0.0228 0.0772 0.0341 80 200 120
-0.0364 0.0751 0.0342 80 200 120
-0.0328 0.0645 0.0307 80 200 120
-0.0179 0.1056 0.0295 80 200 120
-0.0414 0.0635 0.0299 80 200 120
-0.0495 0.0705 0.0301 80 200 120
-0.0277 0.0656 0.0339 80 200 120
-0.0393 0.0631 0.0299 80 200 120
-0.0350 0.0801 0.0298 80 200 120
0.0619 0.1507 0.1038 80 200 120
-0.2411 -0.0394 0.1032 80 200 120
-0.0453 0.0625 0.0299 80 200 120
-0.0384 0.0610 0.0336 80 200 120
-0.0378 0.0607 0.0300 80 200 120
-0.0359 0.0698 0.0307 80 200 120
-0.0216 0.1380 0.0298 80 200 120
-0.0334 0.0618 0.0307 80 200 120
-0.0338 0.0631 0.0331 80 200 120
-8.5503 8.3488 -0.0997 80 200 120
-0.0285 0.0698 0.0314 80 200 120
-0.0380 0.0572 0.0327 80 200 120
-0.6787 -0.0006 0.0218 80 200 120
0.0132 0.1675 0.1001 80 200 120
-0.0395 0.0622 0.0316 80 200 120
-0.0115 0.0903 0.0305 80 200 120
-0.0403 0.1112 0.0401 80 200 120
-0.0430 0.0558 0.0327 80 200 120
-0.0401 0.0623 0.0299 80 200 120
-0.0138 0.0665 0.0473 80 200 120
-0.0314 0.0612 0.0323 80 200 120
-0.2110 0.0836 0.0870 80 200 120
-0.0630 0.1856 0.0490 80 200 120
-0.0365 0.0598 0.0308 80 200 120
-0.0205 0.1663 0.1332 80 200 120
-0.0174 0.0650 0.0411 80 200 120
-0.0390 0.0755 0.0369 80 200 120
-0.0198 0.1200 0.0303 80 200 120
-0.0309 0.0653 0.0315 80 200 120
-0.0156 0.0861 0.0387 80 200 120
-0.0490 0.0642 0.0298 80 200 120
-0.0424 0.1923 0.1264 80 200 120
-0.0087 0.0905 0.0332 80 200 120
-0.0264 0.0727 0.0393 80 200 120
-0.0218 0.0851 0.0324 80 200 120
-0.0317 0.0642 0.0333 80 200 120
-0.1079 0.0731 0.0866 80 200 120
-0.0274 0.0699 0.0351 80 200 120
-0.0342 0.0565 0.0351 80 200 120
-0.0574 0.0782 0.0442 80 200 120
-0.0335 0.0657 0.0320 80 200 120
-0.0424 0.0532 0.0382 80 200 120
-0.0356 0.0637 0.0321 80 200 120
-0.0111 0.0776 0.0510 80 200 120
-0.0098 0.1268 0.0793 80 200 120
-0.0705 0.2007 0.0719 80 200 120
-0.0466 0.0664 0.0477 80 200 120
-0.0182 0.0727 0.0415 80 200 120
0.0433 0.1572 0.1277 80 200 120
0.6485 0.0949 0.7446 80 200 120
-0.0307 0.0648 0.0324 80 200 120
-0.0256 0.0574 0.0467 80 200 120
-0.0329 0.0657 0.0346 80 200 120
-0.0316 0.0623 0.0331 80 200 120
-0.0714 0.1614 0.0916 80 200 120
-0.0352 0.0608 0.0307 80 200 120
-4.6279 -4.0861 3.5860 80 200 120
-0.0349 0.0852 0.0516 80 200 120
-0.0150 0.1129 0.1057 80 200 120
-0.0367 0.0606 0.0322 80 200 120
-0.0354 0.0611 0.0300 80 200 120
-0.0279 0.0614 0.0367 80 200 120
2.0773 1.2009 0.6559 80 200 120
-0.0206 0.1651 0.1024 80 200 120
-0.0601 0.1208 0.0895 80 200 120
-0.0350 0.0606 0.0301 80 200 120
-0.0373 0.0582 0.0333 80 200 120
-0.0832 0.0827 0.0458 80 200 120
-0.0354 0.0605 0.0302 80 200 120
-0.0418 0.0590 0.0300 80 200 120
0.0528 0.2107 0.0984 80 200 120
-0.0386 0.0644 0.0337 80 200 120
-0.0518 0.0682 0.0431 80 200 120
-0.0483 0.1125 0.0770 80 200 120
-0.0318 0.0860 0.0510 80 200 120
-0.0357 0.0566 0.0348 80 200 120
-0.2015 0.0696 0.1142 80 200 120
-0.0070 0.0607 0.0516 80 200 120
-0.0263 0.0763 0.0391 80 200 120
-0.0327 0.0742 0.0468 80 200 120
-0.5408 -0.2518 0.2566 80 200 120
-0.0745 0.0928 0.0337 80 200 120
-0.0348 0.0606 0.0301 80 200 120
-0.0332 0.0604 0.0315 80 200 120
0.1717 0.2536 0.1163 80 200 120
-0.0288 0.0649 0.0320 80 200 120
-0.0354 0.0797 0.0357 80 200 120
-0.1167 0.0191 0.1078 80 200 120
0.0344 0.2106 0.0561 80 200 120
-0.0335 0.0721 0.0361 80 200 120
-0.0258 0.0740 0.0486 80 200 120
-0.0520 0.0713 0.0362 80 200 120
0.2149 0.4269 0.4703 80 200 120
-0.0367 0.0612 0.0340 80 200 120
-0.0364 0.0586 0.0331 80 200 120
-0.0342 0.0676 0.0328 80 200 120
-0.0336 0.1218 0.0430 80 200 120
-0.0378 0.0619 0.0327 80 200 120
-0.0349 0.0615 0.0320 80 200 120
-0.0365 0.0621 0.0326 80 200 120
-0.0276 0.0758 0.0359 80 200 120
0.0944 0.0992 0.1799 80 200 120
-0.0355 0.0603 0.0306 80 200 120
-0.0333 0.0597 0.0344 80 200 120
-0.0442 0.0715 0.0553 80 200 120
-0.0472 0.0965 0.1070 80 200 120
-0.0303 0.0614 0.0383 80 200 120
-0.0860 0.1122 0.0936 80 200 120
-0.0186 0.0756 0.0493 80 200 120
-0.0349 0.0604 0.0305 80 200 120
-0.0404 0.1086 0.0581 80 200 120
-0.0391 0.0701 0.0298 80 200 120
-0.0203 0.0794 0.0426 80 200 120
-0.0431 0.0575 0.0370 80 200 120
-0.0268 0.0621 0.0365 80 200 120
-0.2905 -0.3508 0.4326 80 200 120
-0.0195 0.1742 0.0512 80 200 120
-0.0346 0.0606 0.0314 80 200 120
0.0684 0.2690 0.1972 80 200 120
-0.0357 0.0717 0.0343 80 200 120
-0.0363 0.0635 0.0307 80 200 120
-0.0308 0.0598 0.0338 80 200 120
-0.0340 0.0943 0.0684 80 200 120
-0.0513 0.0818 0.0298 80 200 120
-0.0257 0.1035 0.0482 80 200 120
-0.0448 -0.0643 0.0301 80 200 120
-0.0546 -0.0934 0.0421 80 200 120
-0.0378 -0.0614 0.0300 80 200 120
-31.2801 4.8620 0.1410 80 200 120
-0.0369 -0.0631 0.0300 80 200 120
-0.4159 -0.7019 0.0403 80 200 120
-0.9797 -0.4916 0.0268 80 200 120
-0.0435 -0.0732 0.0381 80 200 120
-0.0480 -0.0700 0.0301 80 200 120
-0.1476 -0.1852 0.0321 80 200 120
-0.0357 -0.0612 0.0300 80 200 120
-0.0615 -0.0704 0.0432 80 200 120
0.0174 -0.1233 0.0303 80 200 120
-0.0840 -0.0897 0.0294 80 200 120
0.0309 -0.2573 0.0273 80 200 120
-0.0360 -0.0641 0.0300 80 200 120
-0.0396 -0.0670 0.0331 80 200 120
0.0893 -0.0562 0.1392 80 200 120
-0.0359 -0.0637 0.0319 80 200 120
0.0008 -0.2281 0.0299 80 200 120
0.1033 -0.2942 0.0275 80 200 120
-0.0339 -0.0624 0.0312 80 200 120
-0.0499 -0.0779 0.0394 80 200 120
-0.0055 -0.1013 0.0302 80 200 120
-0.0321 -0.0667 0.0338 80 200 120
-0.1068 -0.1365 0.0499 80 200 120
-0.0368 -0.0640 0.0322 80 200 120
-0.0476 -0.0957 0.0291 80 200 120
0.1443 -0.6509 0.8168 80 200 120
-0.0359 -0.0607 0.0300 80 200 120
-0.0697 -0.1444 0.0679 80 200 120
-0.0250 -0.0690 0.0389 80 200 120
-0.0463 -0.1752 0.0271 80 200 120
-0.0318 -0.0696 0.0374 80 200 120
-0.0355 -0.0838 0.0522 80 200 120
-0.0180 -0.0787 0.0325 80 200 120
-0.0338 -0.0670 0.0356 80 200 120
-0.0370 -0.0590 0.0323 80 200 120
0.0300 -0.0996 0.0797 80 200 120
-0.0352 -0.0608 0.0301 80 200 120
-0.0364 -0.0635 0.0310 80 200 120
0.0157 -0.1080 0.0615 80 200 120
-0.0515 -0.0876 0.0516 80 200 120
-0.0360 -0.0618 0.0304 80 200 120
0.0246 -0.0752 0.1330 80 200 120
0.0731 -0.0010 0.0299 80 200 120
0.0835 0.1911 0.1066 80 200 120
0.0630 0.0608 0.1046 80 200 120
0.0681 0.0007 0.0344 80 200 120
0.1023 0.0331 0.0688 80 200 120
0.0604 0.0111 0.0557 80 200 120
0.0724 0.0069 0.0350 80 200 120
0.1947 0.1242 0.0669 80 200 120
0.0705 -0.0018 0.0320 80 200 120
0.0723 -0.0019 0.0330 80 200 120
0.0746 0.0015 0.0315 80 200 120
0.0461 0.0704 0.1364 80 200 120
0.0733 0.0034 0.0370 80 200 120
0.1274 -0.0157 0.0368 80 200 120
-0.1220 0.0773 0.0824 80 200 120
-0.0388 0.1147 0.0851 80 200 120
-0.0560 0.0511 0.0352 80 200 120
0.0372 0.0988 0.0592 80 200 120
-0.0358 0.0607 0.0307 80 200 120
-0.0360 0.0599 0.0320 80 200 120
-0.0363 0.0609 0.0304 80 200 120
-0.0189 0.0702 0.0402 80 200 120
-0.0322 0.0629 0.0325 80 200 120
-0.0354 0.0611 0.0307 80 200 120
-0.0875 0.1317 0.1501 80 200 120
0.0047 0.1270 0.0947 80 200 120
-0.0348 0.0889 0.0470 80 200 120
-0.0360 0.0660 0.0374 80 200 120
-0.0378 0.0963 0.1199 80 200 120
-0.0382 0.1218 0.1486 80 200 120
0.0203 0.2330 0.1152 80 200 120
-0.0519 0.0804 0.1185 80 200 120
-0.0348 0.0612 0.0313 80 200 120
-0.0873 0.0733 0.0911 80 200 120
0.2061 0.1593 0.1251 80 200 120
-0.0151 0.0746 0.0576 80 200 120
-0.1278 0.1131 0.1398 80 200 120
-0.0372 0.0622 0.0307 80 200 120
-0.0340 -0.0659 0.0339 80 200 120
0.0202 -0.1881 0.0303 80 200 120
-0.0397 -0.0710 0.0300 80 200 120
-0.1047 -0.0898 0.0554 80 200 120
0.0164 -0.1216 0.0709 80 200 120
-0.0353 -0.0605 0.0302 80 200 120
0.1371 -0.2918 0.0811 80 200 120
-0.0716 -0.2196 0.0816 80 200 120
0.0072 -0.1090 0.0496 80 200 120
-0.0337 -0.0644 0.0314 80 200 120
-0.0358 -0.0656 0.0363 80 200 120
-0.0802 -0.0427 0.0455 80 200 120
-0.0356 -0.0612 0.0311 80 200 120
-0.1177 -0.0435 0.1083 80 200 120
-0.1110 -0.1017 0.0550 80 200 120
-0.1382 -0.1981 0.0469 80 200 120
0.0318 -0.0575 0.1196 80 200 120
-0.0543 -0.0800 0.0511 80 200 120
-0.0342 -0.0641 0.0305 80 200 120
-0.0267 -0.0778 0.0332 80 200 120
-0.0569 -0.1011 0.0485 80 200 120
0.0106 -0.1382 0.0504 80 200 120
-0.0536 -0.1126 0.0749 80 200 120
0.0497 -0.1880 0.0901 80 200 120
-0.0358 -0.0620 0.0313 80 200 120
-0.0371 -0.0696 0.0376 80 200 120
-0.0337 -0.0815 0.0472 80 200 120
-0.0400 -0.0571 0.0411 80 200 120
-0.0568 -0.0878 0.0509 80 200 120
0.0320 -0.2513 0.0657 80 200 120
-0.1297 -0.0087 0.1758 80 200 120
-0.0370 -0.0751 0.0387 80 200 120
0.0286 -0.0788 0.0730 80 200 120
-0.0069 -0.1100 0.0362 80 200 120
-0.0438 -0.0683 0.0369 80 200 120
-0.0347 -0.0615 0.0306 80 200 120
-0.0539 -0.0713 0.0387 80 200 120
0.0516 -0.1060 0.1308 80 200 120
-0.0430 -0.0671 0.0342 80 200 120
-0.0353 -0.0606 0.0303 80 200 120
-0.4428 -0.0577 0.0281 80 200 120
-0.0362 -0.0601 0.0329 80 200 120
-0.1589 -0.0387 0.0717 80 200 120
0.1454 -0.1642 0.1264 80 200 120
-0.0184 -0.1561 0.0495 80 200 120
-0.0223 -0.1866 0.0294 80 200 120
-0.0343 -0.0740 0.0347 80 200 120
-0.2396 0.0466 0.1022 80 200 120
-0.0615 -0.0584 0.0637 80 200 120
-0.1170 -0.0214 0.0940 80 200 120
-0.0926 -0.0855 0.0384 80 200 120
-0.0370 -0.0604 0.0319 80 200 120
0.0277 -0.1223 0.1064 80 200 120
-0.0458 -0.0553 0.0323 80 200 120
-0.0329 -0.0618 0.0319 80 200 120
-0.0245 -0.0738 0.0463 80 200 120
-0.0432 -0.0686 0.0307 80 200 120
-0.0449 -0.0625 0.0302 80 200 120
-0.0647 -0.2041 0.0533 80 200 120
-0.0877 -0.0875 0.0418 80 200 120
-0.0906 -0.0175 0.1101 80 200 120
0.0103 -0.0793 0.0700 80 200 120
-0.0353 -0.0623 0.0340 80 200 120
-0.0363 -0.0607 0.0306 80 200 120
-0.0324 -0.0704 0.0350 80 200 120
-0.0351 -0.0635 0.0349 80 200 120
-0.0136 -0.0848 0.0493 80 200 120
-0.0354 -0.0612 0.0314 80 200 120
-0.0398 -0.0600 0.0326 80 200 120
0.0073 -0.2513 0.0988 80 200 120
-0.0765 -0.1199 0.0493 80 200 120
-0.0590 -0.1335 0.1352 80 200 120
-0.0348 -0.1402 0.0817 80 200 120
-0.1602 -0.0285 0.1053 80 200 120
-0.0335 -0.0630 0.0322 80 200 120
-0.0187 -0.0739 0.0331 80 200 120
-0.0853 -0.1026 0.2448 80 200 120
-0.0703 -0.0688 0.0336 80 200 120
-0.0354 -0.0603 0.0308 80 200 120
-0.1648 0.0401 0.1105 80 200 120
0.0445 -0.1178 0.0896 80 200 120
-0.0355 -0.0607 0.0305 80 200 120
-0.1485 -0.0714 0.1434 80 200 120
-0.0369 -0.0719 0.0379 80 200 120
-0.0351 -0.0606 0.0310 80 200 120
-0.1727 -0.1179 0.0652 80 200 120
-0.1323 -0.0411 0.1823 80 200 120
-0.1025 -0.0932 0.0945 80 200 120
-0.0363 -0.0614 0.0322 80 200 120
-0.0459 -0.0877 0.0367 80 200 120
0.0553 -0.1704 0.1451 80 200 120
-0.1233 -0.0787 0.1706 80 200 120
-0.0219 -0.0885 0.0382 80 200 120
-0.0355 -0.0610 0.0311 80 200 120
-0.1713 -0.0209 0.0761 80 200 120
-0.0446 -0.0680 0.0390 80 200 120
-0.0372 -0.0636 0.0334 80 200 120
-0.0341 -0.0645 0.0342 80 200 120
-0.0350 -0.0614 0.0325 80 200 120
-0.0023 -0.0727 0.0512 80 200 120
0.0079 -0.0791 0.1450 80 200 120
-0.1112 -0.1182 0.0595 80 200 120
-0.0398 -0.0754 0.0308 80 200 120
-0.0227 -0.0601 0.0539 80 200 120
-0.0356 -0.0609 0.0307 80 200 120
-0.0350 -0.0607 0.0305 80 200 120
-0.0983 -0.0728 0.0801 80 200 120
0.0169 -0.0704 0.0822 80 200 120
-0.1749 -0.0208 0.1944 80 200 120
-0.1562 0.0133 0.0780 80 200 120
-0.0354 -0.0617 0.0311 80 200 120
-0.0348 -0.0606 0.0309 80 200 120
-0.0354 -0.0609 0.0308 80 200 120
-0.0324 -0.0651 0.0357 80 200 120
-0.0029 -0.1025 0.0340 80 200 120
-0.0390 -0.0635 0.0355 80 200 120
-0.0364 -0.0608 0.0305 80 200 120
-0.0356 -0.0609 0.0305 80 200 120
0.0304 -0.0802 0.0860 80 200 120
-0.0275 -0.0660 0.0390 80 200 120
-0.1524 -0.1525 0.0442 80 200 120
-0.0417 -0.0672 0.0397 80 200 120
-0.1613 -0.0578 0.0419 80 200 120
0.0146 -0.0636 0.0804 80 200 120
0.0128 -0.1059 0.0426 80 200 120
-0.0333 -0.0638 0.0332 80 200 120
-0.0363 -0.0598 0.0310 80 200 120
-0.0350 -0.1752 0.0627 80 200 120
-0.0318 -0.0629 0.0329 80 200 120
-0.0501 -0.0685 0.0384 80 200 120
-0.0372 -0.0615 0.0330 80 200 120
-0.0702 -0.0656 0.1174 80 200 120
-0.0345 -0.1463 0.1365 80 200 120
-0.0784 -0.3077 0.0201 80 200 120
-0.0069 -0.0636 0.0542 80 200 120
-0.0361 -0.0608 0.0303 80 200 120
-0.0483 -0.2223 0.0750 80 200 120
0.0360 -0.0726 0.0861 80 200 120
-0.0287 -0.0602 0.0916 80 200 120
-0.0474 -0.0624 0.0364 80 200 120
-0.0362 -0.0623 0.0322 80 200 120
-0.0338 -0.0613 0.0305 80 200 120
0.0045 -0.1388 0.0636 80 200 120
-0.0986 -0.0128 0.2043 80 200 120
-0.0389 -0.0656 0.0312 80 200 120
-0.0073 -0.0739 0.0459 80 200 120
-0.0836 -0.0316 0.0953 80 200 120
-0.0531 -0.0666 0.0354 80 200 120
-0.0250 -0.0953 0.1600 80 200 120
0.0548 -0.1722 -0.0270 80 200 120
0.0828 -0.0896 -0.0202 80 200 120
0.0346 -0.0944 -0.0296 80 200 120
0.1628 -0.2170 -0.0255 80 200 120
0.0430 -0.1636 -0.0282 80 200 120
0.0523 -0.0627 -0.0298 80 200 120
0.0688 -0.1759 -0.0261 80 200 120
1.6494 -0.7151 0.4286 80 200 120
0.0298 -0.0692 -0.0298 80 200 120
0.0382 -0.0637 -0.0279 80 200 120
0.0579 -0.0828 -0.0293 80 200 120
0.0767 -0.1093 -0.0104 80 200 120
0.1154 -0.3200 0.0726 80 200 120
0.1283 -0.1603 -0.0154 80 200 120
0.1650 -0.2380 0.0087 80 200 120
0.0338 -0.0726 -0.0298 80 200 120
0.2220 -0.2303 0.0506 80 200 120
0.0693 -0.0803 -0.0289 80 200 120
0.0366 -0.0630 -0.0285 80 200 120
0.1590 -0.2523 0.0622 80 200 120
0.1492 -0.2610 0.0246 80 200 120
0.0797 -0.1536 -0.0158 80 200 120
0.1494 -0.3488 0.0748 80 200 120
0.4443 -0.0061 -0.0201 80 200 120
0.0543 -0.0703 -0.0256 80 200 120
0.0976 -0.0861 -0.0286 80 200 120
0.1653 -0.2081 0.0121 80 200 120
0.0501 -0.0811 -0.0186 80 200 120
0.1690 -0.1654 -0.0277 80 200 120
0.0720 -0.0691 -0.0296 80 200 120
0.1062 -0.2309 0.0524 80 200 120
0.1473 -0.1556 -0.0124 80 200 120
0.0506 -0.0612 -0.0296 80 200 120
0.1462 -0.2082 0.0335 80 200 120
0.0360 -0.0653 -0.0292 80 200 120
0.0375 -0.0648 -0.0273 80 200 120
0.0383 -0.0794 -0.0246 80 200 120
0.2045 -0.8062 0.3741 80 200 120
-0.0180 -0.2901 -0.0264 80 200 120
0.0619 -0.0783 -0.0273 80 200 120
0.4116 -0.1758 0.0756 80 200 120
0.0518 -0.0650 -0.0283 80 200 120
0.0339 -0.0647 -0.0286 80 200 120
0.1176 -0.3020 0.0186 80 200 120
0.0404 -0.0743 -0.0298 80 200 120
0.0401 -0.0628 -0.0279 80 200 120
0.0113 -0.0943 -0.0270 80 200 120
0.0059 -0.1793 -0.0063 80 200 120
0.1504 -0.2994 0.0368 80 200 120
0.0344 -0.0623 -0.0296 80 200 120
0.2052 -0.2287 0.0253 80 200 120
0.2373 -0.0708 0.0144 80 200 120
0.0354 -0.2298 0.0361 80 200 120
0.0775 -0.2902 0.0582 80 200 120
0.0434 -0.1491 -0.0085 80 200 120
-0.0408 -0.2992 -0.0174 80 200 120
0.0287 -0.1988 0.0140 80 200 120
0.1637 -0.2547 0.0271 80 200 120
0.0617 -0.1024 -0.0290 80 200 120
-0.1253 -0.4265 0.0322 80 200 120
0.0777 -0.1483 -0.0272 80 200 120
0.0487 -0.0673 -0.0235 80 200 120
0.2045 -0.5018 0.0257 80 200 120
-0.0656 -0.2667 0.0236 80 200 120
0.2342 -0.1727 0.0434 80 200 120
0.0436 -0.0763 -0.0222 80 200 120
0.0367 -0.0619 -0.0290 80 200 120
0.1310 -0.2594 0.0448 80 200 120
0.0869 -0.2276 0.0561 80 200 120
-0.0751 -0.2669 -0.0124 80 200 120
0.0370 -0.0630 -0.0287 80 200 120
0.1870 -0.1695 0.0333 80 200 120
0.2881 -0.1434 0.0141 80 200 120
0.0343 -0.0626 -0.0297 80 200 120
0.1190 -0.1000 -0.0189 80 200 120
0.0589 -0.0773 -0.0251 80 200 120
0.0679 -0.1065 -0.0256 80 200 120
0.0541 -0.1213 -0.0119 80 200 120
0.0358 -0.0609 -0.0300 80 200 120
0.0930 -0.1623 -0.0153 80 200 120
0.0365 -0.0605 -0.0300 80 200 120
0.0212 -0.2251 -0.0147 80 200 120
-0.0638 -0.2863 -0.0188 80 200 120
0.2558 -0.2210 0.0380 80 200 120
0.0314 -0.1044 -0.0213 80 200 120
0.0347 -0.0629 -0.0293 80 200 120
0.0386 -0.1254 -0.0218 80 200 120
0.0365 -0.0607 -0.0298 80 200 120
0.0373 -0.0629 -0.0288 80 200 120
0.0346 -0.0624 -0.0298 80 200 120
0.0493 -0.2288 0.0303 80 200 120
0.6645 -0.5862 0.1790 80 200 120
0.0360 -0.0605 -0.0299 80 200 120
0.2082 -0.0822 -0.0100 80 200 120
-0.1500 -0.0261 -0.0286 80 200 120
-0.0757 -0.0026 -0.0299 80 200 120
-0.2116 -0.1443 -0.0246 80 200 120
-0.1739 -0.0407 0.0247 80 200 120
-0.0757 0.0008 -0.0299 80 200 120
-0.0787 -0.0122 -0.0297 80 200 120
-0.1564 0.0710 -0.0294 80 200 120
-0.0874 -0.0140 -0.0295 80 200 120
-0.8393 0.2933 0.2606 80 200 120
-0.0870 -0.0293 -0.0293 80 200 120
-0.1555 -0.0399 0.0033 80 200 120
-0.2097 -0.1664 -0.0257 80 200 120
-0.0954 -0.0299 -0.0188 80 200 120
-0.1260 -0.0862 -0.0142 80 200 120
-0.0706 -0.0001 -0.0300 80 200 120
-0.3022 -0.1340 -0.0229 80 200 120
-0.1120 -0.0545 -0.0192 80 200 120
-0.0954 0.0184 -0.0293 80 200 120
-0.2857 0.2311 -0.0243 80 200 120
-0.1638 -0.0920 -0.0005 80 200 120
-0.1505 0.0712 -0.0175 80 200 120
-0.2034 0.0691 -0.0271 80 200 120
-0.1166 -0.0316 -0.0285 80 200 120
-0.1715 -0.0010 -0.0182 80 200 120
-0.2629 0.0741 -0.0252 80 200 120
-0.1153 -0.0191 -0.0218 80 200 120
-0.1294 0.0098 -0.0082 80 200 120
-0.1278 0.0287 -0.0076 80 200 120
-0.1454 0.0432 -0.0045 80 200 120
-0.0759 -0.0026 -0.0284 80 200 120
-0.0723 -0.0012 -0.0294 80 200 120
-0.0877 -0.0047 -0.0242 80 200 120
-0.1459 0.0339 -0.0132 80 200 120
-0.2216 0.0409 -0.0212 80 200 120
-0.1582 0.0259 0.0030 80 200 120
-0.1180 -0.0031 -0.0031 80 200 120
-0.2529 0.1347 0.0303 80 200 120
-0.0710 0.0013 -0.0300 80 200 120
-0.1030 -0.0110 -0.0172 80 200 120
-0.1575 -0.0727 -0.0173 80 200 120
-0.1404 0.1170 -0.0289 80 200 120
-0.1022 -0.0023 -0.0265 80 200 120
-0.1993 0.0126 0.0215 80 200 120
-0.0791 0.0012 -0.0289 80 200 120
-0.1662 -0.0021 -0.0101 80 200 120
-0.2186 -0.0110 0.0278 80 200 120
-0.2067 -0.1336 -0.0051 80 200 120
-0.1254 -0.0191 -0.0172 80 200 120
-0.0856 -0.0007 -0.0258 80 200 120
0.0689 0.0228 0.0365 80 200 120
0.0848 -0.0158 0.0425 80 200 120
-0.0388 0.0182 0.1375 80 200 120
-0.0502 -0.0975 0.0532 80 200 120
-0.1066 -0.2478 -0.0264 80 200 120
0.1309 -0.1818 0.0583 80 200 120
0.0714 -0.1822 -0.0145 80 200 120
0.0623 -0.0735 -0.0208 80 200 120
0.0247 -0.0720 -0.0297 80 200 120
0.0443 -0.0624 -0.0280 80 200 120
0.0344 -0.1554 -0.0132 80 200 120
0.0626 -0.0706 -0.0195 80 200 120
0.0466 -0.1078 -0.0185 80 200 120
0.0345 -0.0623 -0.0294 80 200 120
-0.0714 -0.0003 -0.0294 80 200 120
-0.2446 -0.0374 0.0646 80 200 120
-0.3068 -0.1240 -0.0004 80 200 120
-0.0708 0.0009 -0.0297 80 200 120
-0.1331 0.0021 -0.0288 80 200 120
-0.1038 0.0079 -0.0136 80 200 120
-0.0787 -0.0024 -0.0259 80 200 120
-0.2263 0.1044 0.0325 80 200 120
-0.0788 0.0018 -0.0293 80 200 120
-0.1106 0.0252 -0.0243 80 200 120
-0.0738 -0.0005 -0.0299 80 200 120
-0.0769 0.0058 -0.0271 80 200 120
-0.2235 0.0544 -0.0070 80 200 120
-0.0759 0.0043 -0.0288 80 200 120
-0.1753 0.0535 -0.0168 80 200 120
-0.1228 0.0449 -0.0157 80 200 120
-0.1008 0.0021 -0.0201 80 200 120
-0.1134 -0.0061 -0.0073 80 200 120
-0.0868 -0.0039 -0.0262 80 200 120
-0.1151 0.0271 -0.0089 80 200 120
-0.1750 0.0121 -0.0037 80 200 120
-0.1780 0.1014 -0.0245 80 200 120
-0.1344 0.0136 -0.0301 80 200 120
-0.1675 0.0326 -0.0008 80 200 120
-0.0931 0.0060 -0.0230 80 200 120
-0.1244 -0.0095 -0.0142 80 200 120
-0.1087 0.0058 -0.0223 80 200 120
-0.0706 0.0006 -0.0299 80 200 120
-0.1812 -0.0039 -0.0275 80 200 120
-0.0960 0.0008 -0.0259 80 200 120
-0.0743 0.0031 -0.0278 80 200 120
-0.1991 0.0784 -0.0370 80 200 120
-0.0948 -0.0035 -0.0270 80 200 120
-0.0992 0.0120 -0.0220 80 200 120
-0.0826 -0.0088 -0.0261 80 200 120
-0.1397 0.0387 -0.0148 80 200 120
-0.0709 -0.0005 -0.0297 80 200 120
-0.1027 0.0138 -0.0127 80 200 120
-0.1334 0.0188 0.0024 80 200 120
-0.1070 -0.0820 -0.0278 80 200 120
-0.0905 -0.0170 -0.0204 80 200 120
-0.0783 -0.0232 -0.0287 80 200 120
-0.0915 0.0047 -0.0264 80 200 120
-0.0709 -0.0011 -0.0298 80 200 120
-0.2014 0.2855 -0.0239 80 200 120
-0.0721 0.0021 -0.0292 80 200 120
-0.0721 0.0057 -0.0298 80 200 120
-0.0803 -0.0043 -0.0290 80 200 120
0.0531 0.0815 -0.0295 80 200 120
0.1175 0.1934 -0.0237 80 200 120
0.0333 0.0734 -0.0296 80 200 120
0.2394 0.1438 -0.0111 80 200 120
0.0214 0.1290 -0.0268 80 200 120
0.0074 0.1475 -0.0218 80 200 120
0.0628 0.1153 -0.0288 80 200 120
0.1311 0.1916 -0.0262 80 200 120
0.0318 0.0682 -0.0298 80 200 120
0.0623 0.1697 -0.0288 80 200 120
0.0410 0.1653 -0.0284 80 200 120
0.2374 0.1025 -0.0283 80 200 120
0.0588 0.2350 -0.0275 80 200 120
0.1195 0.1116 -0.0215 80 200 120
0.0382 0.0701 -0.0299 80 200 120
0.0900 0.1000 -0.0249 80 200 120
0.0367 0.0622 -0.0300 80 200 120
0.0344 0.1007 -0.0293 80 200 120
0.2346 0.1919 -0.0274 80 200 120
0.1115 0.0672 -0.0293 80 200 120
0.0622 0.0678 -0.0283 80 200 120
0.0763 0.0656 -0.0261 80 200 120
0.0219 0.0853 -0.0293 80 200 120
-42.1775 95.8691 12.3910 80 200 120
0.0529 0.0579 -0.0299 80 200 120
0.0416 0.0643 -0.0299 80 200 120
0.0349 0.0607 -0.0300 80 200 120
0.0400 0.0606 -0.0300 80 200 120
0.0639 0.0835 -0.0295 80 200 120
0.1146 0.0771 -0.0226 80 200 120
0.1231 0.0576 -0.0221 80 200 120
0.0226 0.0803 -0.0299 80 200 120
0.1830 0.1354 -0.0148 80 200 120
0.0483 0.0662 -0.0301 80 200 120
0.0410 0.0723 -0.0285 80 200 120
-0.0049 0.1831 -0.0270 80 200 120
0.0610 0.0579 -0.0296 80 200 120
0.0168 0.3310 -0.0033 80 200 120
0.0447 0.0705 -0.0284 80 200 120
0.0314 0.0740 -0.0280 80 200 120
0.0468 0.0699 -0.0286 80 200 120
0.0588 0.1190 -0.0259 80 200 120
0.0354 0.0891 -0.0274 80 200 120
0.0530 0.1288 -0.0232 80 200 120
0.0225 0.0846 -0.0275 80 200 120
0.0350 0.0607 -0.0300 80 200 120
0.0510 0.1501 -0.0191 80 200 120
0.0350 0.0606 -0.0300 80 200 120
0.0349 0.0612 -0.0301 80 200 120
0.0350 0.0606 -0.0300 80 200 120
0.0385 0.0649 -0.0303 80 200 120
0.0352 0.0606 -0.0300 80 200 120
0.0349 0.0607 -0.0300 80 200 120
0.0350 0.0606 -0.0300 80 200 120
0.0131 0.0979 -0.0223 80 200 120
0.0368 0.0657 -0.0328 80 200 120
0.0350 0.0606 -0.0300 80 200 120
0.0471 -0.0700 0.0732 80 200 120
0.0920 0.0305 0.0406 80 200 120
0.0892 -0.0477 0.0308 80 200 120
0.0760 -0.0127 0.0318 80 200 120
0.0687 -0.0055 0.0344 80 200 120
0.2057 -0.2879 0.0268 80 200 120
0.0703 -0.0009 0.0302 80 200 120
0.0699 0.0013 0.0307 80 200 120
0.1455 -0.0182 0.0446 80 200 120
0.0660 -0.0051 0.0384 80 200 120
0.0739 0.1104 0.0966 80 200 120
0.0785 -0.0052 0.0347 80 200 120
0.0528 -0.0445 0.0699 80 200 120
0.0665 -0.0036 0.0367 80 200 120
0.0615 -0.1205 0.1044 80 200 120
0.0678 0.0016 0.0365 80 200 120
0.0837 -0.0132 0.0341 80 200 120
-0.0268 0.1201 0.0881 80 200 120
-0.0366 0.0649 0.0326 80 200 120
-0.0561 0.0511 0.0537 80 200 120
-0.0504 0.0804 0.0295 80 200 120
0.1467 -0.2784 0.0310 80 200 120
-0.0337 -0.0617 0.0305 80 200 120
-0.0171 -0.0651 0.0609 80 200 120
-0.0336 -0.0633 0.0320 80 200 120
-0.0340 -0.0612 0.0314 80 200 120
0.1325 -0.1555 0.0342 80 200 120
0.1334 -0.1081 -0.0269 80 200 120
0.0359 -0.0835 -0.0233 80 200 120
-0.0782 -0.0036 -0.0277 80 200 120
0.0342 0.0617 -0.0299 80 200 120
0.0391 0.0706 -0.0302 80 200 120
0.1236 0.1755 -0.0154 80 200 120
0.0335 0.0694 -0.0289 80 200 120
0.0351 0.0608 -0.0300 80 200 120
0.0360 0.0623 -0.0298 80 200 120
0.0759 -0.0143 0.0381 80 200 120
0.0721 -0.0090 0.0380 80 200 120
0.0709 -0.0003 0.0316 80 200 120
0.0885 0.0089 0.0327 80 200 120
0.0677 0.0222 0.0453 80 200 120
0.0677 0.0116 0.0377 80 200 120
0.0752 0.0087 0.0365 80 200 120
0.0708 -0.0019 0.0315 80 200 120
0.0728 -0.0032 0.0334 80 200 120
0.0747 0.0025 0.0325 80 200 120
0.0490 0.0102 0.0604 80 200 120
0.0708 0.0110 0.0344 80 200 120
0.2847 -0.0603 0.0547 80 200 120
0.0799 -0.0261 0.0330 80 200 120
-0.0437 0.1257 0.0585 80 200 120
-0.0339 0.2204 0.0273 80 200 120
-0.0509 0.2157 0.0605 80 200 120
-0.0369 0.0680 0.0334 80 200 120
-0.0366 0.0894 0.0511 80 200 120
-0.0373 0.0697 0.0327 80 200 120
-0.0323 0.0651 0.0320 80 200 120
-0.0443 0.0647 0.0372 80 200 120
-0.0384 0.0738 0.0420 80 200 120
-0.0346 0.0634 0.0323 80 200 120
-0.0353 0.0857 0.0374 80 200 120
-0.0521 0.0518 0.0463 80 200 120
-0.0328 0.0625 0.0325 80 200 120
-0.0359 0.0690 0.0349 80 200 120
-0.0337 0.0702 0.0318 80 200 120
-0.0597 0.0940 0.0866 80 200 120
-0.0229 -0.0966 0.0295 80 200 120
0.0599 -0.2208 0.0282 80 200 120
-0.1082 -0.1384 0.0503 80 200 120
-0.0292 -0.0669 0.0308 80 200 120
-0.0507 -0.0673 0.0357 80 200 120
-0.0281 -0.0688 0.0354 80 200 120
0.0266 -0.1433 0.0482 80 200 120
-0.0402 -0.0675 0.0308 80 200 120
-0.0310 -0.0720 0.0321 80 200 120
-0.0519 -0.0513 0.0561 80 200 120
-0.0368 -0.0751 0.0383 80 200 120
-0.0032 -0.0774 0.0669 80 200 120
-0.1609 0.0052 0.0744 80 200 120
-0.0343 -0.0609 0.0306 80 200 120
-0.0359 -0.0633 0.0339 80 200 120
-0.0355 -0.0642 0.0339 80 200 120
-0.0343 -0.0609 0.0319 80 200 120
-0.0435 -0.0671 0.0333 80 200 120
0.0179 -0.0710 0.0828 80 200 120
-0.2363 -0.0569 0.0486 80 200 120
-0.0356 -0.0607 0.0314 80 200 120
-0.0361 -0.0669 0.0298 80 200 120
-0.0353 -0.0638 0.0309 80 200 120
-0.0592 -0.0425 0.0965 80 200 120
0.0412 -0.0691 -0.0282 80 200 120
0.0870 -0.1520 -0.0052 80 200 120
0.1430 -0.1524 -0.0133 80 200 120
0.0287 -0.0881 -0.0296 80 200 120
0.0416 -0.0743 -0.0262 80 200 120
0.0164 -0.1193 -0.0269 80 200 120
0.0442 -0.0746 -0.0259 80 200 120
0.0399 -0.0707 -0.0297 80 200 120
0.0290 -0.0743 -0.0293 80 200 120
0.0350 -0.0608 -0.0300 80 200 120
-0.0289 -0.1314 -0.0278 80 200 120
0.0332 -0.0652 -0.0289 80 200 120
0.0336 -0.0650 -0.0292 80 200 120
-0.0068 -0.1411 -0.0169 80 200 120
0.0404 -0.0628 -0.0289 80 200 120
0.0459 -0.0628 -0.0275 80 200 120
0.0571 -0.0589 -0.0275 80 200 120
0.0357 -0.0628 -0.0289 80 200 120
0.0377 -0.0674 -0.0282 80 200 120
-0.1566 -0.0886 -0.0268 80 200 120
-0.0923 -0.0089 -0.0182 80 200 120
-0.0840 -0.0084 -0.0235 80 200 120
-0.2628 0.2061 -0.0251 80 200 120
-0.0820 0.0010 -0.0235 80 200 120
-0.1681 0.0375 -0.0276 80 200 120
-0.0786 -0.0037 -0.0285 80 200 120
-0.1205 0.0079 -0.0116 80 200 120
-0.0930 -0.0036 -0.0256 80 200 120
-0.0775 0.0007 -0.0270 80 200 120
-0.1290 -0.0046 -0.0072 80 200 120
-0.0860 -0.0057 -0.0264 80 200 120
-0.0907 -0.0017 -0.0246 80 200 120
-0.0815 -0.0079 -0.0275 80 200 120
-0.1130 -0.0140 -0.0168 80 200 120
-0.0849 -0.0484 -0.0295 80 200 120
-0.0780 -0.0097 -0.0265 80 200 120
-0.0737 -0.0064 -0.0292 80 200 120
-0.0219 0.1363 -0.0281 80 200 120
0.0444 0.0705 -0.0309 80 200 120
0.0410 0.1375 -0.0221 80 200 120
0.0408 0.0591 -0.0302 80 200 120
0.0339 0.0652 -0.0301 80 200 120
0.0365 0.0615 -0.0297 80 200 120
0.1625 0.1651 0.1036 80 200 120
0.0715 -0.0008 0.0317 80 200 120
0.0700 -0.0002 0.0305 80 200 120
0.0476 -0.1236 0.0986 80 200 120
0.1402 0.0157 0.0826 80 200 120
0.1262 0.1417 0.0802 80 200 120
0.2677 0.1168 0.1121 80 200 120
0.0630 0.0616 0.1060 80 200 120
-0.0536 0.1442 0.0426 80 200 120
-0.1280 0.1325 0.0890 80 200 120
-0.0285 0.0695 0.0427 80 200 120
-0.0368 0.0999 0.0451 80 200 120
-0.0404 0.1433 0.1148 80 200 120
-0.0362 0.0770 0.0716 80 200 120
-0.0358 0.0764 0.0605 80 200 120
-0.0119 0.1321 0.0653 80 200 120
-0.0370 0.0629 0.0408 80 200 120
-0.8212 0.0637 0.0327 80 200 120
-0.0562 -0.1536 0.0600 80 200 120
0.0483 -0.2349 0.0601 80 200 120
0.1712 -0.2891 0.0940 80 200 120
-0.0266 -0.0654 0.0345 80 200 120
-0.0169 -0.2375 0.0290 80 200 120
-0.1054 -0.1627 0.0625 80 200 120
-0.0522 -0.0563 0.0404 80 200 120
-0.0765 -0.1681 0.0552 80 200 120
-0.0281 -0.0689 0.0386 80 200 120
0.0205 -0.1793 0.0637 80 200 120
-0.0719 -0.0680 0.0591 80 200 120
-0.0960 -0.0725 0.0612 80 200 120
-0.0088 -0.1125 0.0520 80 200 120
-0.0347 -0.0615 0.0334 80 200 120
0.0386 -0.0809 -0.0295 80 200 120
0.1034 -0.1443 -0.0277 80 200 120
0.0482 -0.2262 -0.0274 80 200 120
0.0367 -0.0664 -0.0298 80 200 120
0.1399 -0.1642 -0.0277 80 200 120
0.0400 -0.0659 -0.0292 80 200 120
0.0411 -0.0662 -0.0273 80 200 120
0.1487 -0.2364 0.0540 80 200 120
0.1244 -0.1620 -0.0015 80 200 120
0.1985 -0.2225 0.0228 80 200 120
0.0352 -0.1207 -0.0067 80 200 120
0.0426 -0.1376 -0.0117 80 200 120
-0.0002 -0.1268 -0.0245 80 200 120
0.0864 -0.0775 -0.0211 80 200 120
0.2586 -0.1668 -0.0012 80 200 120
0.0705 -0.1230 -0.0212 80 200 120
0.1724 -0.2347 0.0958 80 200 120
0.0389 -0.0738 -0.0283 80 200 120
0.0348 -0.0613 -0.0297 80 200 120
0.0900 -0.0673 -0.0233 80 200 120
0.0333 -0.0640 -0.0291 80 200 120
0.0286 -0.0809 -0.0240 80 200 120
-0.1686 -0.1079 -0.0007 80 200 120
-0.0901 -0.0314 -0.0243 80 200 120
-0.0754 -0.0071 -0.0286 80 200 120
-0.2831 0.1510 -0.0260 80 200 120
-0.2337 0.0018 0.0383 80 200 120
-0.1179 0.0234 -0.0115 80 200 120
-0.1317 -0.0444 -0.0079 80 200 120
-0.3287 0.0743 0.0661 80 200 120
-0.3973 0.2405 0.0775 80 200 120
-0.1343 -0.0059 -0.0235 80 200 120
-0.2482 -0.0940 -0.0077 80 200 120
-0.0765 -0.0020 -0.0293 80 200 120
-0.1117 0.0089 -0.0100 80 200 120
-0.1827 0.0750 0.0149 80 200 120
-0.0803 0.0036 -0.0285 80 200 120
-0.1114 0.0018 -0.0168 80 200 120
-0.1850 0.0676 0.0234 80 200 120
-0.0908 0.0068 -0.0238 80 200 120
-0.3137 0.0563 0.0418 80 200 120
-0.1338 -0.0026 -0.0287 80 200 120
-0.1090 -0.0068 -0.0256 80 200 120
-0.0896 0.0076 -0.0247 80 200 120
-0.3373 -0.2093 0.0512 80 200 120
-0.0722 0.0008 -0.0289 80 200 120
-0.1040 0.0097 -0.0127 80 200 120
-0.1571 -0.0768 0.0104 80 200 120
-0.1860 0.2520 -0.0251 80 200 120
0.0158 0.2317 -0.0272 80 200 120
0.3416 0.1230 -0.0274 80 200 120
0.1268 0.1149 -0.0210 80 200 120
0.1309 0.1231 -0.0290 80 200 120
-0.0292 0.1809 -0.0278 80 200 120
0.2507 0.1684 -0.0083 80 200 120
-0.0346 0.2754 -0.0254 80 200 120
0.0343 0.0710 -0.0290 80 200 120
0.0350 0.0606 -0.0300 80 200 120
0.0356 0.0769 -0.0261 80 200 120
0.2728 0.1487 0.0125 80 200 120
0.0465 0.0620 -0.0308 80 200 120
-0.0260 0.1456 -0.0182 80 200 120
0.1615 -0.1145 0.0326 80 200 120
0.2604 -0.2133 0.0559 80 200 120
0.0878 -0.0251 0.0318 80 200 120
0.0104 -0.1786 0.1415 80 200 120
0.1311 -0.0748 0.0552 80 200 120
0.0746 0.0044 0.0327 80 200 120
0.1429 -0.1310 0.0635 80 200 120
14.6375 20.7358 7.2275 80 200 120
0.0746 -0.0043 0.0320 80 200 120
0.0986 -0.0058 0.0444 80 200 120
0.0756 -0.0081 0.0316 80 200 120
0.0931 0.2239 0.1439 80 200 120
0.1680 0.1185 0.0426 80 200 120
0.0759 -0.0039 0.0357 80 200 120
0.0712 -0.0032 0.0311 80 200 120
0.0658 -0.1945 0.0974 80 200 120
0.0707 -0.0079 0.0317 80 200 120
0.0701 0.0011 0.0308 80 200 120
0.1673 -0.0227 0.0489 80 200 120
0.0559 -0.1026 0.1276 80 200 120
0.1571 0.1139 0.0941 80 200 120
0.1165 0.1547 0.0956 80 200 120
0.1247 0.0198 0.0382 80 200 120
0.0680 0.0067 0.0346 80 200 120
0.1817 -0.0549 0.1241 80 200 120
0.0862 0.0032 0.0493 80 200 120
0.0717 -0.0067 0.0310 80 200 120
0.0691 -0.0042 0.0329 80 200 120
0.0747 0.1410 0.1146 80 200 120
0.1128 0.0099 0.0920 80 200 120
0.0519 -0.0219 0.1051 80 200 120
0.0198 -0.1264 0.1452 80 200 120
0.0588 -0.1539 0.1256 80 200 120
0.0741 0.0058 0.0371 80 200 120
0.0583 0.1513 0.0939 80 200 120
0.0722 0.0023 0.0327 80 200 120
0.0695 0.0015 0.0323 80 200 120
0.1923 -0.1143 0.0679 80 200 120
0.0689 -0.0016 0.0316 80 200 120
-0.2853 -0.0602 0.1186 80 200 120
-0.1915 0.0458 0.0278 80 200 120
-0.0307 0.0701 0.0363 80 200 120
-0.0424 0.0617 0.0322 80 200 120
-0.0255 0.0733 0.0344 80 200 120
-0.0434 0.0621 0.0366 80 200 120
-0.0311 0.0710 0.0378 80 200 120
-0.0087 0.0932 0.0627 80 200 120
-0.0053 0.1394 0.1433 80 200 120
-0.0234 0.1462 0.0890 80 200 120
-0.0365 0.0642 0.0332 80 200 120
-0.1130 0.0651 0.0692 80 200 120
0.1237 0.2091 0.0963 80 200 120
0.0607 0.2684 0.0659 80 200 120
-0.0308 0.2575 0.0720 80 200 120
-0.0431 0.0573 0.0389 80 200 120
-0.0447 0.0891 0.0905 80 200 120
-0.1156 0.1428 0.1305 80 200 120
-0.0616 0.0953 0.0293 80 200 120
-0.0416 0.0619 0.0340 80 200 120
0.1843 0.1780 0.1191 80 200 120
0.0035 0.1256 0.0929 80 200 120
-0.0348 0.1477 0.0815 80 200 120
-0.0710 0.0697 0.0717 80 200 120
-0.0189 0.0671 0.0364 80 200 120
-0.0345 0.0610 0.0308 80 200 120
-0.1056 0.1009 0.1133 80 200 120
-0.0361 0.0491 0.0596 80 200 120
-0.0215 -0.0601 0.0419 80 200 120
-0.0260 -0.1030 0.0300 80 200 120
-0.0171 -0.0853 0.0302 80 200 120
-0.0489 -0.0984 0.0289 80 200 120
-0.0381 -0.0681 0.0335 80 200 120
-0.0363 -0.0735 0.0295 80 200 120
-0.0140 -0.0730 0.0459 80 200 120
0.0425 -0.1327 0.0780 80 200 120
0.0564 -0.2714 0.0307 80 200 120
-0.1182 -0.0268 0.0585 80 200 120
-0.0483 -0.0970 0.0617 80 200 120
-0.0333 -0.0632 0.0313 80 200 120
-0.1124 -0.0014 0.1972 80 200 120
-0.0400 -0.0666 0.0346 80 200 120
-0.0318 -0.0615 0.0322 80 200 120
0.0385 -0.1892 0.0460 80 200 120
-0.0419 -0.0594 0.0324 80 200 120
-0.0279 -0.1018 0.0383 80 200 120
-0.1593 -0.0005 0.1270 80 200 120
-0.1430 -0.1064 0.0460 80 200 120
-0.0322 -0.0641 0.0345 80 200 120
-0.0542 -0.1528 0.0450 80 200 120
0.0141 -0.1156 0.0746 80 200 120
-0.0325 -0.0717 0.0341 80 200 120
-0.0350 -0.0733 0.0381 80 200 120
-0.0360 -0.0614 0.0342 80 200 120
-0.0622 -0.0664 0.0326 80 200 120
-0.0370 -0.0591 0.0312 80 200 120
0.1433 -0.1882 0.1638 80 200 120
-0.0505 -0.0619 0.0452 80 200 120
-0.0500 -0.0668 0.0339 80 200 120
-0.0386 -0.0598 0.0355 80 200 120
-0.0413 -0.0636 0.0361 80 200 120
-0.1091 -0.0753 0.1480 80 200 120
-0.3027 0.0185 0.1207 80 200 120
0.0237 -0.0816 0.0681 80 200 120
-0.1166 -0.0371 0.1256 80 200 120
0.0108 -0.0739 0.0691 80 200 120
-0.0411 -0.0654 0.0308 80 200 120
0.0200 -0.0634 0.0860 80 200 120
0.0957 -0.1837 0.0645 80 200 120
-0.0350 -0.0765 0.0346 80 200 120
-0.0345 -0.1161 0.0995 80 200 120
-0.0283 -0.0612 0.0359 80 200 120
-0.0087 -0.0648 0.0506 80 200 120
-0.0285 -0.0597 0.0943 80 200 120
-0.0141 -0.0704 0.0422 80 200 120
-0.0419 -0.0564 0.0393 80 200 120
-0.2151 -0.1152 0.0839 80 200 120
0.0365 -0.0654 -0.0281 80 200 120
0.1516 -0.3032 0.0072 80 200 120
0.0431 -0.0639 -0.0298 80 200 120
0.0731 -0.0902 -0.0294 80 200 120
0.1447 -0.3227 0.0973 80 200 120
0.0839 -0.1254 -0.0022 80 200 120
0.0397 -0.0744 -0.0272 80 200 120
0.0276 -0.0905 -0.0240 80 200 120
0.0264 -0.2386 0.0269 80 200 120
0.0406 -0.0694 -0.0297 80 200 120
0.1941 -0.1499 0.0287 80 200 120
0.0470 -0.0853 -0.0207 80 200 120
0.0967 -0.1046 -0.0045 80 200 120
0.0393 -0.0666 -0.0294 80 200 120
0.0465 -0.0972 -0.0192 80 200 120
0.0264 -0.1604 -0.0207 80 200 120
0.0844 -0.0964 -0.0150 80 200 120
0.0416 -0.0661 -0.0278 80 200 120
0.0350 -0.0611 -0.0299 80 200 120
0.1115 -0.3742 0.0469 80 200 120
0.0442 -0.0695 -0.0239 80 200 120
0.1714 -0.1258 -0.0257 80 200 120
0.0361 -0.0954 -0.0196 80 200 120
0.0619 -0.2067 0.0261 80 200 120
-0.0933 -0.3498 0.0202 80 200 120
-0.0015 -0.1568 -0.0085 80 200 120
0.1267 -0.0813 -0.0033 80 200 120
-0.1582 -0.0281 -0.0286 80 200 120
-0.0850 0.0057 -0.0243 80 200 120
-0.2735 -0.0936 0.0494 80 200 120
-0.1001 -0.0356 -0.0292 80 200 120
-0.0853 -0.0088 -0.0295 80 200 120
-0.0728 -0.0027 -0.0291 80 200 120
-0.1980 0.1139 -0.0103 80 200 120
-0.1376 0.0352 -0.0286 80 200 120
-0.0914 -0.0002 -0.0275 80 200 120
-0.2828 0.0323 0.0923 80 200 120
-0.0802 -0.0025 -0.0266 80 200 120
-0.1241 0.0245 -0.0183 80 200 120
-0.1074 0.0101 -0.0278 80 200 120
-0.2570 -0.0104 0.0751 80 200 120
-0.2437 -0.0551 0.0374 80 200 120
-0.0817 -0.0097 -0.0283 80 200 120
-0.1423 0.1208 -0.0289 80 200 120
-0.2777 -0.0036 0.0130 80 200 120
-0.1424 -0.0702 -0.0170 80 200 120
-0.2705 0.1264 -0.0015 80 200 120
-0.1444 0.0382 -0.0208 80 200 120
-0.3388 -0.0346 0.1107 80 200 120
-0.2123 0.0172 0.0054 80 200 120
-0.3123 0.2286 -0.0175 80 200 120
-0.0825 0.0028 -0.0301 80 200 120
-0.2060 -0.0224 0.0096 80 200 120
-0.0743 0.0007 -0.0291 80 200 120
-0.2129 0.0074 -0.0074 80 200 120
-0.0806 0.0065 -0.0305 80 200 120
-0.3339 0.1479 0.0279 80 200 120
-0.1722 -0.2232 -0.0240 80 200 120
-0.1243 0.0132 -0.0208 80 200 120
6.9186 11.2185 0.5063 80 200 120
0.2648 0.1548 -0.0087 80 200 120
0.0273 0.0987 -0.0281 80 200 120
-0.0020 0.1772 -0.0191 80 200 120
0.0519 0.0945 -0.0291 80 200 120
0.1013 0.1516 -0.0275 80 200 120
0.0392 0.0775 -0.0298 80 200 120
0.0433 0.2101 -0.0277 80 200 120
0.0649 0.2834 -0.0268 80 200 120
0.0364 0.0616 -0.0298 80 200 120
0.0325 0.2004 -0.0274 80 200 120
0.3224 0.1429 -0.0111 80 200 120
0.0492 0.0625 -0.0286 80 200 120
0.0936 0.1084 -0.0290 80 200 120
0.0399 0.0616 -0.0295 80 200 120
0.0280 0.0719 -0.0298 80 200 120
0.1542 0.0504 -0.0279 80 200 120
0.0404 0.0652 -0.0293 80 200 120
0.0366 0.2706 -0.0107 80 200 120
0.0536 0.1323 -0.0226 80 200 120
0.0357 0.0645 -0.0295 80 200 120
0.0321 0.0764 -0.0279 80 200 120
0.0464 0.1827 -0.0369 80 200 120
0.3137 0.0518 -0.0037 80 200 120
0.3153 0.1525 -0.0327 80 200 120
0.0352 0.0608 -0.0301 80 200 120
0.0584 0.1300 -0.0207 80 200 120
-0.0602 0.2953 0.0169 80 200 120
0.0350 0.0608 -0.0301 80 200 120
0.0747 0.0079 0.0301 80 200 120
0.2016 0.0122 0.0644 80 200 120
0.0814 0.0166 0.0299 80 200 120
0.0845 -0.0084 0.0299 80 200 120
0.1207 0.1080 0.0291 80 200 120
0.0714 0.0004 0.0300 80 200 120
0.0690 0.0063 0.0326 80 200 120
0.0768 -0.0112 0.0370 80 200 120
0.0751 -0.0023 0.0314 80 200 120
0.0743 0.0029 0.0300 80 200 120
0.0759 0.0099 0.0314 80 200 120
0.0743 0.0030 0.0324 80 200 120
0.0724 0.0013 0.0323 80 200 120
0.1978 0.0129 0.1002 80 200 120
0.1283 -0.0568 0.0659 80 200 120
0.0703 -0.0012 0.0308 80 200 120
0.0722 -0.0101 0.0436 80 200 120
4.6032 4.4234 0.0656 80 200 120
0.0835 -0.0447 0.0656 80 200 120
0.1162 -0.0396 0.0300 80 200 120
0.1113 -0.0127 0.1079 80 200 120
0.0722 0.0019 0.0310 80 200 120
0.1630 0.2491 0.0283 80 200 120
0.0768 -0.0466 0.0735 80 200 120
0.1654 -0.1307 0.0867 80 200 120
0.0712 -0.0506 0.0649 80 200 120
0.0701 -0.0030 0.0329 80 200 120
0.0580 0.1067 0.1185 80 200 120
0.0640 0.0593 0.0704 80 200 120
0.1515 0.1167 0.1057 80 200 120
0.1539 -0.0310 0.0879 80 200 120
-0.0286 0.4967 0.3598 80 200 120
0.0513 -0.0792 0.0929 80 200 120
0.1453 -0.0511 0.0358 80 200 120
0.0700 0.0009 0.0319 80 200 120
0.0762 0.0106 0.0375 80 200 120
0.1880 -0.3603 0.0981 80 200 120
0.0792 0.0104 0.0392 80 200 120
0.0712 0.0024 0.0314 80 200 120
0.0720 -0.0010 0.0300 80 200 120
0.0969 0.0202 0.0484 80 200 120
0.1360 0.0024 0.0826 80 200 120
0.0756 0.0024 0.0361 80 200 120
0.0694 0.0049 0.0329 80 200 120
0.0849 0.1485 0.1697 80 200 120
0.0832 0.0011 0.0443 80 200 120
0.0335 -0.0465 0.1072 80 200 120
0.0775 0.0026 0.0392 80 200 120
0.0746 0.0935 0.1520 80 200 120
0.1849 -0.0154 0.0615 80 200 120
0.0730 -0.0020 0.0362 80 200 120
0.0706 -0.0001 0.0305 80 200 120
0.0804 -0.0115 0.0424 80 200 120
0.0709 0.0005 0.0315 80 200 120
0.0578 -0.0236 0.0689 80 200 120
0.0659 0.0374 0.0684 80 200 120
0.1096 0.0208 0.0515 80 200 120
0.0081 -0.0634 0.1479 80 200 120
0.0700 0.0001 0.0301 80 200 120
0.0706 -0.0030 0.0552 80 200 120
0.0728 -0.0009 0.0300 80 200 120
0.0789 0.1235 0.0790 80 200 120
-0.0099 0.0310 0.2109 80 200 120
0.0925 0.0652 0.0771 80 200 120
0.0799 -0.0375 0.0707 80 200 120
0.0668 0.0025 0.0391 80 200 120
0.0730 -0.0078 0.0309 80 200 120
0.0701 0.0014 0.0312 80 200 120
-0.0772 0.0950 0.0292 80 200 120
-25.9356 2.9191 0.0125 80 200 120
-0.0443 0.0568 0.0343 80 200 120
-26.8279 12.3569 -0.4166 80 200 120
-0.0239 0.0681 0.0360 80 200 120
-0.0359 0.0611 0.0300 80 200 120
-0.1931 0.0896 0.0280 80 200 120
-0.1219 0.0634 0.0291 80 200 120
0.1332 0.1874 0.1035 80 200 120
-0.0047 0.1252 0.1119 80 200 120
0.0914 0.2412 0.0569 80 200 120
-0.0946 -0.0073 0.0832 80 200 120
-10.7863 3.7335 -0.1143 80 200 120
0.1800 0.0958 0.1650 80 200 120
-0.0937 0.0285 0.0624 80 200 120
-0.0369 0.0677 0.0333 80 200 120
0.0940 0.2074 0.0759 80 200 120
-0.2565 0.1178 0.0272 80 200 120
-0.0330 0.0628 0.0320 80 200 120
-0.0214 0.1061 0.0475 80 200 120
-0.0360 0.0662 0.0339 80 200 120
-0.0684 0.1927 0.0692 80 200 120
-0.0284 0.0670 0.0337 80 200 120
-0.0287 0.0637 0.0357 80 200 120
-0.0390 0.0718 0.0369 80 200 120
-0.0472 0.0696 0.0705 80 200 120
-0.1573 0.1981 0.0273 80 200 120
-0.0355 0.0610 0.0314 80 200 120
-0.0409 0.0546 0.0383 80 200 120
-0.1240 0.0377 0.0751 80 200 120
-0.0595 0.0549 0.0302 80 200 120
-0.0245 0.0785 0.0382 80 200 120
-0.0340 0.0683 0.0364 80 200 120
-0.0475 -0.0147 0.1205 80 200 120
-0.0398 0.0576 0.0322 80 200 120
0.0586 0.0523 0.1113 80 200 120
-0.0356 0.1125 0.0452 80 200 120
-0.0564 0.0303 0.0772 80 200 120
-0.0331 0.0781 0.0372 80 200 120
-0.0348 0.0624 0.0332 80 200 120
-0.0726 0.0968 0.0931 80 200 120
-0.0665 0.0407 0.0702 80 200 120
-0.0304 0.0648 0.0351 80 200 120
-0.0262 0.0410 0.0746 80 200 120
-0.0363 0.0726 0.0371 80 200 120
-0.0887 0.1861 0.0273 80 200 120
0.1009 0.0862 0.1384 80 200 120
-0.0332 0.0735 0.0324 80 200 120
-0.0183 0.0592 0.0851 80 200 120
-0.0457 0.0838 0.0360 80 200 120
-0.0562 0.0640 0.0499 80 200 120
-0.0797 0.0726 0.0453 80 200 120
-0.0881 0.1234 0.1138 80 200 120
-0.0262 0.0826 0.0792 80 200 120
-0.0414 0.0652 0.0321 80 200 120
0.0269 0.0933 0.0487 80 200 120
-100.3082 -37.4331 0.7142 80 200 120
-0.0735 -0.0716 0.0306 80 200 120
-0.1667 -0.2361 0.0318 80 200 120
-0.5857 -0.4575 0.0322 80 200 120
-23.0249 -20.0991 -0.0010 80 200 120
4.2668 -12.8949 -0.1355 80 200 120
-0.0369 -0.0677 0.0299 80 200 120
0.0667 -0.2236 0.1350 80 200 120
-0.0768 -0.1382 0.0791 80 200 120
-0.0347 -0.0615 0.0312 80 200 120
-0.0322 -0.0631 0.0311 80 200 120
-0.0514 -0.0616 0.0298 80 200 120
0.0373 -0.1382 0.0400 80 200 120
-0.0434 -0.0541 0.0395 80 200 120
-1.4077 -1.4517 0.7081 80 200 120
-0.0396 -0.0704 0.0333 80 200 120
-0.0435 -0.0705 0.0336 80 200 120
-0.0061 -0.2169 0.1430 80 200 120
-49.5532 -21.1828 18.0006 80 200 120
-0.0460 -0.0582 0.0386 80 200 120
-0.0427 -0.0710 0.0313 80 200 120
-0.0227 -0.1113 0.0371 80 200 120
-0.0368 -0.0635 0.0329 80 200 120
0.0083 -0.1838 0.0527 80 200 120
-0.0384 -0.0588 0.0353 80 200 120
-0.0277 -0.0815 0.0432 80 200 120
-0.1507 -0.0423 0.1558 80 200 120
-0.0361 -0.0601 0.0327 80 200 120
-0.0439 -0.0560 0.0332 80 200 120
0.0349 -0.1012 0.0934 80 200 120
-0.1387 -0.1612 0.0380 80 200 120
-0.0528 -0.0641 0.0303 80 200 120
54.9307 -23.1852 48.1345 80 200 120
-0.1751 -0.0674 0.0919 80 200 120
-0.0431 -0.0750 0.0618 80 200 120
-0.0781 -0.0555 0.0530 80 200 120
-0.0198 -0.0852 0.0524 80 200 120
-0.0405 -0.0988 0.0708 80 200 120
-0.1125 -0.0006 0.1651 80 200 120
-0.0952 -0.0770 0.0851 80 200 120
-0.0423 -0.0582 0.1062 80 200 120
-0.0425 -0.0673 0.0473 80 200 120
-0.0350 -0.0611 0.0316 80 200 120
-0.0190 -0.0675 0.0725 80 200 120
-43.2967 -33.0863 16.6832 80 200 120
-0.0358 -0.0631 0.0302 80 200 120
-0.0588 -0.0721 0.0580 80 200 120
-0.0338 -0.0676 0.0802 80 200 120
-0.0698 -0.1608 0.1324 80 200 120
-0.0254 -0.0599 0.0697 80 200 120
-0.0452 -0.0668 0.0502 80 200 120
-0.0149 -0.0978 0.0574 80 200 120
-0.2495 -0.0997 0.1057 80 200 120
-0.0399 -0.0636 0.0341 80 200 120
-0.0242 -0.0816 0.0509 80 200 120
-0.1872 0.0365 0.1521 80 200 120
0.0937 -0.1512 0.1461 80 200 120
-0.0610 -0.0714 0.0645 80 200 120
0.0031 -0.0815 0.0818 80 200 120
-0.0602 -0.2069 0.0240 80 200 120
-0.1416 -0.0817 0.0555 80 200 120
-0.0351 -0.0608 0.0303 80 200 120
-26.3267 -34.0627 8.1411 80 200 120
0.0400 -0.0626 -0.0285 80 200 120
-0.1004 -0.2837 -0.0258 80 200 120
0.0512 -0.0828 -0.0251 80 200 120
0.0359 -0.0605 -0.0300 80 200 120
0.0803 -0.2765 0.0059 80 200 120
0.0354 -0.0612 -0.0296 80 200 120
0.0999 -0.3464 0.1243 80 200 120
0.0385 -0.0617 -0.0290 80 200 120
0.0779 -0.0787 -0.0123 80 200 120
0.0738 -0.1191 -0.0131 80 200 120
0.0375 -0.0658 -0.0298 80 200 120
0.0394 -0.0721 -0.0285 80 200 120
0.0411 -0.0678 -0.0259 80 200 120
0.0734 -0.0729 -0.0286 80 200 120
0.6356 -0.0325 -0.0278 80 200 120
0.0456 -0.0716 -0.0245 80 200 120
0.0312 -0.0771 -0.0280 80 200 120
-0.0074 -0.1991 -0.0059 80 200 120
0.1629 -0.1126 -0.0052 80 200 120
0.0691 -0.1605 0.0223 80 200 120
0.0361 -0.0634 -0.0292 80 200 120
-0.1673 -0.0446 -0.0281 80 200 120
-12.6534 1.7979 0.2247 80 200 120
-0.2632 -0.2709 -0.0248 80 200 120
-0.1853 -0.0266 -0.0292 80 200 120
-0.0938 0.0020 -0.0171 80 200 120
-0.0752 -0.0023 -0.0290 80 200 120
-0.0826 -0.0068 -0.0269 80 200 120
-4.0727 5.1898 0.0515 80 200 120
-0.0723 -0.0002 -0.0291 80 200 120
-0.3308 -0.0925 0.0289 80 200 120
-0.0858 -0.0013 -0.0258 80 200 120
-0.3534 -0.0491 0.0962 80 200 120
-0.1527 -0.0224 0.0081 80 200 120
-0.2219 0.0308 -0.0177 80 200 120
-0.0722 -0.0003 -0.0299 80 200 120
-0.1198 0.0423 -0.0091 80 200 120
-0.0825 -0.0066 -0.0256 80 200 120
-0.1945 -0.1435 -0.0041 80 200 120
-0.2338 -0.0717 0.0168 80 200 120
-0.2392 -0.2042 0.0429 80 200 120
-0.0969 -0.0376 -0.0258 80 200 120
-0.0734 0.0089 -0.0299 80 200 120
0.1908 0.2087 -0.0275 80 200 120
0.1921 0.1473 -0.0278 80 200 120
0.0517 0.0607 -0.0299 80 200 120
0.1835 0.1235 -0.0311 80 200 120
0.0402 0.0660 -0.0291 80 200 120
0.0307 0.1057 -0.0333 80 200 120
5.6591 7.0009 -0.5088 80 200 120
0.0513 0.1173 -0.0344 80 200 120
0.0767 0.1288 -0.0199 80 200 120
0.0366 0.0602 -0.0301 80 200 120
0.0326 0.0710 -0.0301 80 200 120
0.0440 0.0755 -0.0312 80 200 120
0.0369 0.0623 -0.0314 80 200 120
0.0350 0.0606 -0.0300 80 200 120
0.1632 0.1808 0.0600 80 200 120
0.0704 0.0004 0.0303 80 200 120
0.0963 -0.1994 0.1654 80 200 120
0.3511 -0.2865 0.0332 80 200 120
0.0792 -0.0007 0.0300 80 200 120
0.1580 -0.0825 0.1126 80 200 120
0.0740 0.0027 0.0336 80 200 120
0.1524 -0.2049 0.0332 80 200 120
0.1229 0.0709 0.0997 80 200 120
0.0713 -0.0017 0.0312 80 200 120
0.0765 0.0031 0.0310 80 200 120
0.1361 -0.0587 0.0396 80 200 120
0.0735 0.0062 0.0328 80 200 120
0.0785 -0.0129 0.0365 80 200 120
0.0647 -0.0294 0.1125 80 200 120
0.0593 -0.0592 0.0627 80 200 120
0.0879 -0.0689 0.0598 80 200 120
0.0702 -0.0004 0.0305 80 200 120
0.1133 0.1088 0.0683 80 200 120
0.0734 -0.0038 0.0310 80 200 120
0.0786 -0.0209 0.0398 80 200 120
0.1144 -0.2195 0.0754 80 200 120
0.1016 0.0608 0.0851 80 200 120
0.0723 -0.0400 0.0626 80 200 120
0.0687 0.0117 0.0441 80 200 120
0.0621 0.0091 0.0511 80 200 120
0.1016 -0.0254 0.0697 80 200 120
0.0739 0.0013 0.0313 80 200 120
0.0703 -0.0003 0.0303 80 200 120
-0.0358 0.0688 0.0300 80 200 120
-0.0504 0.2192 0.0759 80 200 120
-0.0298 0.0698 0.0318 80 200 120
-0.0351 0.0611 0.0301 80 200 120
-0.0348 0.0620 0.0315 80 200 120
-0.0351 0.0638 0.0320 80 200 120
-0.0279 0.0706 0.0377 80 200 120
-0.0316 0.0647 0.0323 80 200 120
-0.1169 0.1240 0.0817 80 200 120
-0.0347 0.1161 0.0783 80 200 120
-0.0352 0.0606 0.0302 80 200 120
0.0604 0.0612 0.1033 80 200 120
-0.0357 0.0612 0.0301 80 200 120
-0.0696 0.0429 0.0629 80 200 120
-0.0349 0.0607 0.0302 80 200 120
-0.0320 0.0650 0.0349 80 200 120
-0.0354 0.0609 0.0308 80 200 120
0.0044 0.1419 0.0617 80 200 120
0.0152 0.0757 0.0878 80 200 120
-0.0537 0.0826 0.0814 80 200 120
-0.0309 0.0658 0.0336 80 200 120
-0.0522 0.0330 0.0569 80 200 120
-0.0343 0.0639 0.0314 80 200 120
-0.2766 -0.0491 0.0902 80 200 120
-0.0359 0.0618 0.0321 80 200 120
-0.0399 0.0862 0.0650 80 200 120
-0.0116 0.1330 0.0655 80 200 120
-0.0374 0.0591 0.0308 80 200 120
-0.0346 0.0627 0.0326 80 200 120
-0.1672 0.0254 0.1355 80 200 120
-0.0770 -0.1229 0.0698 80 200 120
0.0908 -0.2115 0.0304 80 200 120
-0.1675 -0.1390 0.0281 80 200 120
-0.1114 -0.1669 0.0809 80 200 120
-0.0685 -0.1808 0.1057 80 200 120
-0.0269 -0.0744 0.0299 80 200 120
-17.6952 -20.6890 11.2443 80 200 120
-0.0418 -0.0679 0.0319 80 200 120
59.5373 -14.8899 102.9531 80 200 120
-0.0340 -0.0618 0.0308 80 200 120
-0.0355 -0.0630 0.0308 80 200 120
172.4152 -498.5197 192.6415 80 200 120
-0.0352 -0.0622 0.0320 80 200 120
-0.0373 -0.0632 0.0348 80 200 120
-0.0266 -0.0783 0.0331 80 200 120
-0.0365 -0.0671 0.0357 80 200 120
-0.0348 -0.0630 0.0320 80 200 120
-0.0307 -0.0629 0.0351 80 200 120
-0.0626 -0.0830 0.0443 80 200 120
-0.0282 -0.1275 0.0294 80 200 120
-0.0315 -0.1283 0.0533 80 200 120
-0.0371 -0.0604 0.0328 80 200 120
-0.0351 -0.0606 0.0302 80 200 120
-0.1628 -0.1257 0.0586 80 200 120
-0.0343 -0.0634 0.0315 80 200 120
-0.0352 -0.0692 0.0442 80 200 120
-0.0502 -0.1076 0.0973 80 200 120
-0.0264 -0.0788 0.0350 80 200 120
-0.0288 -0.0603 0.0419 80 200 120
-0.0491 -0.0633 0.0409 80 200 120
-0.0386 -0.0584 0.0314 80 200 120
-0.0622 -0.0874 0.0698 80 200 120
-0.0426 -0.0548 0.0508 80 200 120
-0.0376 -0.0669 0.0340 80 200 120
0.1148 -0.1582 -0.0275 80 200 120
0.0409 -0.0675 -0.0272 80 200 120
0.0430 -0.0746 -0.0262 80 200 120
0.1132 -0.0999 -0.0124 80 200 120
0.1149 -0.1512 -0.0046 80 200 120
0.0420 -0.0665 -0.0289 80 200 120
0.0122 -0.1599 -0.0283 80 200 120
0.2483 -0.2011 -0.0086 80 200 120
0.0186 -0.0839 -0.0279 80 200 120
0.2245 -0.2481 0.0314 80 200 120
0.0354 -0.0652 -0.0289 80 200 120
-0.0050 -0.1869 -0.0231 80 200 120
0.0366 -0.0612 -0.0297 80 200 120
0.0391 -0.0626 -0.0294 80 200 120
0.0909 -0.1589 -0.0163 80 200 120
0.0328 -0.0631 -0.0299 80 200 120
-0.1082 -0.3365 0.0151 80 200 120
0.0346 -0.0622 -0.0294 80 200 120
0.0226 -0.0937 -0.0257 80 200 120
0.0115 -0.1134 -0.0297 80 200 120
0.0349 -0.0611 -0.0298 80 200 120
-0.1940 -0.1268 -0.0255 80 200 120
-0.3389 -0.4644 -0.0191 80 200 120
-0.0756 0.0040 -0.0298 80 200 120
-0.2680 -0.1340 -0.0236 80 200 120
-0.1313 0.0235 -0.0287 80 200 120
-0.0739 0.0006 -0.0285 80 200 120
-0.0775 -0.0054 -0.0273 80 200 120
-0.0732 0.0006 -0.0284 80 200 120
-0.1433 0.0488 -0.0010 80 200 120
-0.1619 0.0783 -0.0052 80 200 120
-0.3133 0.1433 0.0830 80 200 120
-0.2464 -0.0071 -0.0265 80 200 120
-0.1605 -0.0158 -0.0200 80 200 120
-0.1288 -0.0191 -0.0122 80 200 120
-0.0726 0.0007 -0.0286 80 200 120
-0.2770 -0.0855 -0.0102 80 200 120
-0.0741 0.0004 -0.0282 80 200 120
-0.0735 -0.0024 -0.0292 80 200 120
-0.0732 -0.0000 -0.0289 80 200 120
-0.0716 0.0018 -0.0295 80 200 120
0.0332 0.0648 -0.0299 80 200 120
0.1651 0.0871 -0.0288 80 200 120
0.0533 0.0715 -0.0281 80 200 120
0.0410 0.0611 -0.0299 80 200 120
-0.0175 0.1594 -0.0284 80 200 120
0.0494 0.0678 -0.0285 80 200 120
0.0466 0.0834 -0.0269 80 200 120
-0.0449 0.2142 -0.0138 80 200 120
0.0361 0.0632 -0.0300 80 200 120
0.0315 0.0652 -0.0298 80 200 120
0.0673 0.0726 -0.0245 80 200 120
0.0370 0.0607 -0.0298 80 200 120
-0.0293 0.3145 0.0043 80 200 120
0.0341 0.0630 -0.0301 80 200 120
0.1959 0.0529 -0.0162 80 200 120
0.0350 0.0618 -0.0300 80 200 120
0.0725 0.0012 0.0300 80 200 120
0.0703 -0.0002 0.0301 80 200 120
0.1405 0.1003 0.0536 80 200 120
39.1761 8.1392 0.0208 80 200 120
0.1708 0.0104 0.0304 80 200 120
0.0731 -0.0008 0.0300 80 200 120
0.0710 -0.0002 0.0300 80 200 120
-4.2498 -13.0240 8.1687 80 200 120
0.0702 -0.0004 0.0301 80 200 120
0.0709 -0.0006 0.0302 80 200 120
0.0814 0.1105 0.0865 80 200 120
0.0699 -0.0003 0.0305 80 200 120
0.0817 -0.0159 0.0499 80 200 120
0.0701 -0.0002 0.0300 80 200 120
0.0701 -0.0001 0.0301 80 200 120
-111.7346 -812.9223 774.5099 80 200 120
0.0707 0.0004 0.0303 80 200 120
0.0701 -0.0001 0.0304 80 200 120
0.0714 0.0434 0.0562 80 200 120
0.0887 0.0043 0.0572 80 200 120
0.0700 -0.0001 0.0302 80 200 120
0.0700 -0.0000 0.0301 80 200 120
0.0656 -0.0606 0.0678 80 200 120
0.0714 0.0014 0.0304 80 200 120
0.0703 -0.0003 0.0301 80 200 120
0.2045 34.0309 -0.5333 80 200 120
-0.0348 0.0607 0.0302 80 200 120
-0.0353 0.0632 0.0303 80 200 120
-0.0346 0.0630 0.0300 80 200 120
-0.2415 0.0410 0.0274 80 200 120
-0.0352 0.0628 0.0305 80 200 120
-0.0030 0.1859 0.0309 80 200 120
-0.0340 0.0618 0.0313 80 200 120
0.0437 0.0645 0.1126 80 200 120
-0.0350 0.0606 0.0301 80 200 120
-0.0219 0.0954 0.0803 80 200 120
-0.0350 0.0608 0.0302 80 200 120
-0.0451 0.0652 0.0334 80 200 120
-0.0359 0.0606 0.0305 80 200 120
-0.0347 0.0621 0.0320 80 200 120
-0.0007 0.0927 0.0445 80 200 120
-0.0346 0.0614 0.0302 80 200 120
-0.0350 0.0622 0.0304 80 200 120
-0.0609 0.0721 0.0550 80 200 120
-0.0348 0.0605 0.0305 80 200 120
-0.0353 0.0615 0.0321 80 200 120
-0.0664 0.0925 0.0693 80 200 120
-0.0344 0.0618 0.0310 80 200 120
-0.0335 0.1106 0.0872 80 200 120
-0.0371 0.0634 0.0300 80 200 120
-0.0351 0.0612 0.0307 80 200 120
-0.0341 0.0610 0.0304 80 200 120
-0.0341 0.0621 0.0315 80 200 120
-0.0351 0.0618 0.0333 80 200 120
-0.0725 0.0819 0.0745 80 200 120
-0.0350 0.0605 0.0303 80 200 120
-104.4364 -175.2598 64.7802 80 200 120
-0.0366 -0.0634 0.0301 80 200 120
-0.0344 -0.0618 0.0308 80 200 120
-0.0337 -0.0617 0.0312 80 200 120
-0.0350 -0.0609 0.0303 80 200 120
-0.0348 -0.0614 0.0308 80 200 120
-0.0541 -0.0919 0.0553 80 200 120
0.1528 -0.2756 0.1177 80 200 120
-0.0272 -0.0603 0.0405 80 200 120
-87.6925 -162.2358 74.1448 80 200 120
-0.0350 -0.0607 0.0301 80 200 120
-0.0500 -0.0790 0.0445 80 200 120
-0.0314 -0.0670 0.0308 80 200 120
-0.0579 -0.1715 0.0483 80 200 120
0.0478 -0.1532 0.1053 80 200 120
-84.0306 -122.0160 38.9851 80 200 120
-0.0372 -0.0664 0.0314 80 200 120
-0.0355 -0.0607 0.0309 80 200 120
-0.0349 -0.0609 0.0304 80 200 120
-0.0341 -0.0608 0.0309 80 200 120
-0.0423 -0.0660 0.0401 80 200 120
-0.0360 -0.0606 0.0302 80 200 120
-0.0340 -0.0607 0.0310 80 200 120
-0.0339 -0.0605 0.0405 80 200 120
-0.1657 -0.1004 0.0694 80 200 120
0.0369 -0.0617 -0.0299 80 200 120
0.0950 -0.1853 -0.0109 80 200 120
0.0345 -0.0615 -0.0299 80 200 120
0.0409 -0.1300 -0.0052 80 200 120
0.0356 -0.0609 -0.0299 80 200 120
0.0352 -0.0606 -0.0299 80 200 120
0.0590 -0.1900 0.0203 80 200 120
0.0357 -0.0608 -0.0297 80 200 120
0.0357 -0.0618 -0.0295 80 200 120
-0.0717 0.0014 -0.0299 80 200 120
-0.0738 0.0040 -0.0298 80 200 120
-6.8060 3.4932 0.1243 80 200 120
-0.0717 -0.0000 -0.0292 80 200 120
-0.1681 0.0281 0.0066 80 200 120
-0.0705 -0.0000 -0.0297 80 200 120
-0.0707 -0.0000 -0.0298 80 200 120
-0.0710 0.0000 -0.0299 80 200 120
-0.1975 0.0152 0.0018 80 200 120
-0.0706 0.0005 -0.0299 80 200 120
-265.0738 57.4154 0.3272 80 200 120
-0.1297 0.0137 -0.0123 80 200 120
-0.0705 -0.0001 -0.0298 80 200 120
-0.0708 0.0000 -0.0298 80 200 120
-0.0702 0.0004 -0.0299 80 200 120
-168.2763 -12.1933 78.7269 80 200 120
-0.0702 0.0002 -0.0299 80 200 120
-0.0701 -0.0005 -0.0300 80 200 120
0.0722 0.0759 -0.0264 80 200 120
0.0921 0.1389 -0.0276 80 200 120
0.6939 12.0469 0.1714 80 200 120
0.0522 0.1889 -0.0280 80 200 120
0.0753 0.1800 -0.0276 80 200 120
0.0348 0.0722 -0.0297 80 200 120
0.0364 0.0605 -0.0299 80 200 120
0.0350 0.0635 -0.0297 80 200 120
0.0352 0.0608 -0.0299 80 200 120
0.0352 0.0626 -0.0301 80 200 120
0.0358 0.0611 -0.0300 80 200 120
0.0377 0.0615 -0.0300 80 200 120
0.0352 0.0607 -0.0299 80 200 120
0.0352 0.0609 -0.0303 80 200 120
0.1448 0.0242 0.0929 80 200 120
0.1872 0.0719 0.0471 80 200 120
0.1903 0.0120 0.0966 80 200 120
0.0760 -0.0059 0.0338 80 200 120
163.8660 135.6939 2.5542 80 200 120
0.0995 0.0792 0.0296 80 200 120
0.0930 -0.0085 0.0462 80 200 120
23.4196 -15.8691 1.9219 80 200 120
0.1162 0.0782 0.0883 80 200 120
0.1498 -0.2430 0.0764 80 200 120
0.1379 0.0024 0.0843 80 200 120
0.0750 0.0498 0.0771 80 200 120
0.1285 -0.0137 0.0416 80 200 120
0.1250 0.0122 0.0715 80 200 120
0.1529 -0.0408 0.1000 80 200 120
0.0121 -0.0741 0.1533 80 200 120
0.0746 0.0009 0.0358 80 200 120
0.0756 0.1122 0.1770 80 200 120
0.0757 -0.0040 0.0426 80 200 120
0.0213 -0.0949 0.1871 80 200 120
-0.4219 -0.5051 0.9719 80 200 120
0.0885 0.0014 0.0990 80 200 120
0.0705 -0.0025 0.0503 80 200 120
1.3174 17.3015 6.9558 80 200 120
0.0939 0.0690 0.0805 80 200 120
0.0842 -0.0538 0.0886 80 200 120
0.0404 0.0219 0.1178 80 200 120
-29.0871 23.6332 -0.3184 80 200 120
11.1038 126.2018 -0.8811 80 200 120
-68.6247 2.1102 -0.4456 80 200 120
0.0995 0.1620 0.0892 80 200 120
-0.0308 0.0696 0.0417 80 200 120
-0.4886 -0.4571 0.4373 80 200 120
-0.9843 -0.4624 0.5598 80 200 120
3.1335 3.6626 1.1655 80 200 120
1.3585 4.7150 1.8519 80 200 120
-10.6104 41.8615 12.4859 80 200 120
-0.1189 0.1016 0.1590 80 200 120
-0.0743 0.0251 0.0606 80 200 120
-0.0634 0.1289 0.0976 80 200 120
-0.0470 0.0480 0.0476 80 200 120
-0.1265 0.0369 0.0768 80 200 120
0.0818 0.0501 0.1320 80 200 120
-4.8175 -6.7752 10.7074 80 200 120
0.0139 0.1039 0.0868 80 200 120
6.1586 1.2270 4.9761 80 200 120
-0.0096 0.0582 0.1140 80 200 120
-0.0419 0.0687 0.0411 80 200 120
3.8547 9.5694 21.5977 80 200 120
-0.0571 0.0661 0.0559 80 200 120
0.0007 -0.1178 0.0670 80 200 120
-0.2577 -0.4754 0.2940 80 200 120
0.0743 -0.1257 0.1140 80 200 120
0.0676 -0.1563 0.0940 80 200 120
-0.0712 -0.0531 0.0645 80 200 120
0.1405 -0.2551 0.0848 80 200 120
-3.6080 2.6628 7.7888 80 200 120
0.0211 -0.2199 0.0599 80 200 120
-15.5706 2.3521 16.9640 80 200 120
0.0266 -0.1212 0.1055 80 200 120
0.0363 -0.1022 0.0949 80 200 120
-109.7541 -106.7778 8.8304 80 200 120
-0.1777 -0.0677 0.0936 80 200 120
-0.1551 -0.0469 0.0950 80 200 120
-0.0350 -0.0685 0.0354 80 200 120
-0.0211 -0.0831 0.0508 80 200 120
-0.0495 -0.1641 0.1411 80 200 120
-0.1433 -0.0842 0.0415 80 200 120
-0.0905 -0.0760 0.0812 80 200 120
-0.1262 -0.0689 0.1212 80 200 120
-0.0400 -0.0591 0.0833 80 200 120
0.0100 -0.0804 0.1502 80 200 120
-9.8369 -4.9069 11.7099 80 200 120
-0.0350 -0.0607 0.0309 80 200 120
-0.0384 -0.0597 0.0341 80 200 120
-0.0363 -0.0644 0.0340 80 200 120
-0.0193 -0.0598 0.0946 80 200 120
0.1014 -0.2383 0.0475 80 200 120
-0.0300 -0.0704 0.0399 80 200 120
-20.3534 12.8656 16.3688 80 200 120
0.1275 -0.1750 0.1768 80 200 120
-6.7929 -2.9257 9.0880 80 200 120
0.0134 -0.0872 0.0961 80 200 120
0.2549 -0.1941 0.0154 80 200 120
-77.4296 -127.9032 2.5812 80 200 120
0.1147 -0.1839 0.0290 80 200 120
15.3048 -3.5917 0.1495 80 200 120
113.3634 -150.0753 64.8794 80 200 120
0.0998 -0.0881 -0.0028 80 200 120
-0.2591 -6.4830 2.0459 80 200 120
7.6265 -4.3183 2.7743 80 200 120
0.2822 -0.2332 0.0214 80 200 120
0.1568 -0.0999 -0.0246 80 200 120
0.1836 -0.1683 0.0155 80 200 120
0.0164 -0.0852 -0.0295 80 200 120
0.2218 -0.8238 0.1598 80 200 120
0.0438 -0.3408 0.0553 80 200 120
0.0102 -0.1415 -0.0157 80 200 120
0.2350 -0.1417 0.0092 80 200 120
-0.0046 -0.1653 -0.0062 80 200 120
0.1866 -0.0402 -0.0263 80 200 120
0.1422 -0.1482 0.0316 80 200 120
0.2064 -0.1134 0.0206 80 200 120
457.2525 -790.5482 512.0854 80 200 120
0.1199 -0.1683 0.0468 80 200 120
0.8622 -1.2801 0.7598 80 200 120
-145.4825 -46.6584 2.6095 80 200 120
-27.2533 -38.1938 0.7655 80 200 120
-0.4805 -0.4503 0.0936 80 200 120
-69.5975 -16.2769 0.6574 80 200 120
-0.1203 0.0447 -0.0217 80 200 120
-0.1727 0.0462 -0.0071 80 200 120
-7.2459 -2.2781 2.7701 80 200 120
-156.2402 -14.7735 16.7854 80 200 120
-2.7090 -2.5689 0.4626 80 200 120
-0.2465 -0.0307 0.0489 80 200 120
-0.4542 -0.1050 0.1491 80 200 120
-0.2897 0.1383 0.0016 80 200 120
-0.3379 0.1372 0.0041 80 200 120
-75.0444 -103.2434 33.0415 80 200 120
-0.0815 0.0009 -0.0239 80 200 120
-0.0725 0.0040 -0.0299 80 200 120
-0.0704 -0.0001 -0.0298 80 200 120
-0.2607 0.1118 0.0637 80 200 120
0.2544 0.2038 -0.0271 80 200 120
0.3419 0.1485 -0.0096 80 200 120
0.1987 0.1509 -0.0273 80 200 120
0.1787 0.1778 -0.0269 80 200 120
0.0423 0.0786 -0.0286 80 200 120
0.0306 0.1077 -0.0330 80 200 120
0.0549 0.1296 -0.0349 80 200 120
0.0896 0.1496 -0.0163 80 200 120
0.0408 0.1367 -0.0218 80 200 120
11.3837 18.5341 -1.2169 80 200 120
0.1810 0.0714 -0.0170 80 200 120
0.0395 0.0846 -0.0309 80 200 120
0.0154 0.1022 -0.0325 80 200 120
0.0682 0.0702 -0.0244 80 200 120
121.2206 11.2814 31.9345 80 200 120
8.6976 18.3647 -0.0753 80 200 120
1.9086 -13.8907 9.4818 80 200 120
0.2123 -0.1593 0.0497 80 200 120
0.1605 -0.1512 0.1267 80 200 120
0.1366 -0.0625 0.0929 80 200 120
0.1170 -0.0143 0.1188 80 200 120
15.0372 -37.2398 0.6846 80 200 120
0.0765 -0.0450 0.0724 80 200 120
0.8217 -31.2218 21.7345 80 200 120
108.1964 -95.9454 16.1087 80 200 120
0.0502 0.1742 0.1752 80 200 120
-1.3473 13.7502 9.4713 80 200 120
14.7406 -22.4718 11.7636 80 200 120
0.0418 -0.0755 0.1360 80 200 120
0.0611 0.0443 0.0597 80 200 120
-1.9324 -8.5182 6.8197 80 200 120
5.2990 5.9114 5.4157 80 200 120
0.0695 -0.0030 0.0386 80 200 120
-0.0374 -0.5942 0.3608 80 200 120
10.0729 7.5206 6.9671 80 200 120
0.1022 -0.1237 0.0842 80 200 120
4.7490 15.5984 6.6404 80 200 120
6.3189 15.7068 5.5836 80 200 120
0.1264 -0.0076 0.0457 80 200 120
0.1331 -0.0698 0.1065 80 200 120
0.0679 0.0143 0.0642 80 200 120
-0.2801 3.2019 3.3355 80 200 120
6.1313 -29.8632 6.2290 80 200 120
13.2884 25.3611 23.1770 80 200 120
0.0744 -0.0767 0.0933 80 200 120
-3.4609 45.2084 19.1985 80 200 120
0.0651 0.0430 0.0833 80 200 120
0.0247 0.0176 0.1329 80 200 120
0.1233 -0.0430 0.0976 80 200 120
0.3332 -0.2907 0.1619 80 200 120
-2.2874 23.0623 6.6995 80 200 120
-31.3017 5.7703 -0.3254 80 200 120
-0.1616 0.0773 0.0719 80 200 120
-4651.4712 1196.3734 -53.6989 80 200 120
-0.4154 6.9088 5.0514 80 200 120
-0.0770 0.0930 0.0568 80 200 120
-0.0135 5.7487 5.0214 80 200 120
-2.7294 3.1005 -0.0237 80 200 120
0.0598 0.0610 0.1034 80 200 120
-0.0356 0.1117 0.0456 80 200 120
-0.0832 0.0358 0.0763 80 200 120
-0.0192 0.0837 0.0581 80 200 120
-0.0512 0.0660 0.0697 80 200 120
-0.0810 0.1047 0.1078 80 200 120
0.0873 0.0972 0.1717 80 200 120
-0.0636 0.0424 0.0667 80 200 120
-0.1450 0.0141 0.1543 80 200 120
-0.0292 0.0476 0.0598 80 200 120
-20.4636 47.5200 -0.8971 80 200 120
-1.6271 33.3870 13.0430 80 200 120
-0.2523 -0.0384 0.0850 80 200 120
-0.0975 0.0771 0.0518 80 200 120
-0.0349 0.1833 0.1031 80 200 120
-0.0026 0.1605 0.0799 80 200 120
-0.0317 0.0807 0.0603 80 200 120
-4.4569 -5.9624 0.1022 80 200 120
-13.0047 -14.4338 0.2870 80 200 120
4.7960 -5.8453 0.0587 80 200 120
-29.2039 -17.3598 -0.3208 80 200 120
-32.0602 -44.7557 21.4920 80 200 120
-1.0860 -2.9262 -0.0389 80 200 120
-0.0555 -0.2641 0.0252 80 200 120
0.0770 -0.1808 0.0462 80 200 120
0.1530 -0.3131 0.0863 80 200 120
-0.2025 0.0071 0.0884 80 200 120
-11.6335 -6.3423 3.8657 80 200 120
-0.0720 -0.0908 0.0498 80 200 120
0.0036 -0.2836 0.0765 80 200 120
-0.0275 -0.2059 0.0807 80 200 120
-0.1878 -0.1386 0.0646 80 200 120
-0.1131 -0.0001 0.1429 80 200 120
-0.0388 -0.0813 0.0788 80 200 120
-0.0352 -0.0746 0.0536 80 200 120
-13.8219 -24.8026 54.6619 80 200 120
-0.0414 -0.0805 0.0587 80 200 120
-0.0655 -0.0371 0.0840 80 200 120
0.0293 -0.1066 0.0784 80 200 120
-0.0705 -0.0533 0.0858 80 200 120
0.0214 -0.1296 0.1018 80 200 120
0.0302 -0.2000 0.0701 80 200 120
-0.0374 -0.0628 0.0357 80 200 120
-13.4512 3.9010 4.6045 80 200 120
0.2727 -0.1711 0.2305 80 200 120
-0.0106 -0.0598 0.0776 80 200 120
-0.1476 -0.0834 0.1193 80 200 120
-0.0459 -0.0673 0.0520 80 200 120
-0.1376 -0.0795 0.0667 80 200 120
0.1074 -0.1023 0.1524 80 200 120
-0.0407 -0.0663 0.0386 80 200 120
0.1283 -0.2144 0.0738 80 200 120
-83.9417 -489.2099 -19.1428 80 200 120
-24.9623 -5.0122 6.0350 80 200 120
0.0885 -0.0808 0.1280 80 200 120
-0.1275 -0.0788 0.0776 80 200 120
-0.1028 -0.0098 0.2180 80 200 120
-38.5837 0.9687 -0.2289 80 200 120
-673.6754 -143.7516 -0.5602 80 200 120
-1.8061 -4.1190 0.5579 80 200 120
18.2229 -22.3159 0.6046 80 200 120
20.6078 -255.3950 4.3474 80 200 120
89.0944 -224.1203 81.5014 80 200 120
0.2336 -0.1606 0.0156 80 200 120
0.2360 -0.2886 0.0348 80 200 120
0.0536 -0.0887 -0.0215 80 200 120
0.2018 -0.1796 0.0393 80 200 120
0.1498 -0.2617 -0.0007 80 200 120
0.1054 -0.2664 0.0783 80 200 120
-0.0604 -0.2756 -0.0275 80 200 120
-8.9968 -4.1083 0.1654 80 200 120
-6.8845 -3.1403 2.6424 80 200 120
-69.7552 -82.7405 2.2171 80 200 120
-169.8139 -115.0350 5.6028 80 200 120
-0.2163 0.0560 -0.0262 80 200 120
-0.2986 0.1307 0.0477 80 200 120
-0.1651 -0.0502 -0.0178 80 200 120
-69.5964 46.1958 27.6842 80 200 120
-0.2630 0.0389 -0.0139 80 200 120
-0.2145 0.1228 0.0099 80 200 120
-0.2690 -0.0082 -0.0253 80 200 120
-0.2465 -0.0312 -0.0097 80 200 120
-0.2285 0.0887 0.0051 80 200 120
-0.3617 -0.0954 0.0593 80 200 120
-0.1315 0.0148 -0.0191 80 200 120
-4.0903 -1.6631 0.3598 80 200 120
-24.8272 -34.7989 4.0200 80 200 120
-0.3580 -0.5141 0.0335 80 200 120
-40.8082 128.3347 12.1180 80 200 120
0.1398 0.1605 -0.0280 80 200 120
-1.6203 3.1772 0.0302 80 200 120
0.2769 0.1629 -0.0312 80 200 120
-7.4592 23.1444 0.4846 80 200 120
-0.4885 1.0671 0.0779 80 200 120
-0.0080 0.2291 -0.0069 80 200 120
0.3009 0.0641 -0.0026 80 200 120
-0.4329 1.3703 0.2142 80 200 120
0.0348 0.0624 -0.0338 80 200 120
0.0534 0.0745 -0.0311 80 200 120
0.0433 0.0863 -0.0263 80 200 120
1.3627 1.5423 0.0326 80 200 120
2.0153 2.3468 0.5057 80 200 120
1.1532 1.8136 0.0378 80 200 120
1.2222 1.6789 0.0038 80 200 120
1.4946 0.6887 0.0149 80 200 120
4.5247 -3.2599 0.9681 80 200 120
2.5530 -1.4359 0.0429 80 200 120
335.9080 108.3204 -1.5899 80 200 120
2.4583 2.4082 1.9021 80 200 120
-5.7271 34.8886 14.4812 80 200 120
1.5746 -1.0984 0.0403 80 200 120
0.0965 -0.0117 0.0374 80 200 120
0.1398 -0.0055 0.0303 80 200 120
0.2530 -0.2577 0.0480 80 200 120
2.4086 1.5852 0.0302 80 200 120
1.5035 2.4116 0.3434 80 200 120
2.4597 1.7422 1.3572 80 200 120
0.0792 -0.0224 0.0429 80 200 120
0.0822 0.0066 0.0419 80 200 120
2.7344 -0.6839 0.0583 80 200 120
2.5915 -4.4349 0.0729 80 200 120
130.0444 -22.1273 -2.0476 80 200 120
0.6536 -1.9727 1.3402 80 200 120
0.1354 0.0611 0.0680 80 200 120
0.4243 -1.5812 1.4557 80 200 120
11.1454 -19.8788 5.1026 80 200 120
0.1863 0.0212 0.1015 80 200 120
0.1470 -0.0456 0.0478 80 200 120
0.1205 0.0348 0.0758 80 200 120
0.1151 -0.0420 0.0500 80 200 120
0.6937 1.5467 1.8941 80 200 120
2.5051 2.0525 1.0868 80 200 120
196.9599 -286.6037 54.3322 80 200 120
0.1822 -0.1437 0.1318 80 200 120
0.1915 0.0584 0.0483 80 200 120
0.1053 -2.6721 2.6080 80 200 120
2.3297 2.2520 1.0798 80 200 120
0.0588 -0.0518 0.0947 80 200 120
0.1625 -0.0735 0.1041 80 200 120
3.1717 0.9116 2.0619 80 200 120
10.2448 -21.6681 3.0973 80 200 120
0.1998 -0.2751 0.0274 80 200 120
1.6419 -1.0296 1.5916 80 200 120
0.1018 -0.0015 0.0394 80 200 120
0.0989 1.0783 2.1705 80 200 120
0.1575 -0.0562 0.0989 80 200 120
1.7266 -0.9145 2.1118 80 200 120
2.2994 2.0825 2.1786 80 200 120
0.1093 -0.1024 0.0645 80 200 120
0.1611 0.1735 0.1291 80 200 120
1.6052 -0.7318 0.0237 80 200 120
0.1337 -0.1563 0.1555 80 200 120
0.9094 2.2659 2.0009 80 200 120
0.0974 -0.2953 0.0909 80 200 120
-0.1485 1.8608 1.0779 80 200 120
0.0751 -0.0104 0.0436 80 200 120
0.3422 2.3650 1.6578 80 200 120
-0.6382 2.3995 1.6165 80 200 120
0.2299 0.0939 0.0968 80 200 120
0.0792 -0.0031 0.0330 80 200 120
0.1550 -0.3350 0.0773 80 200 120
0.0307 -0.1781 0.1513 80 200 120
0.0923 -0.0121 0.0957 80 200 120
0.2166 -0.1658 0.0729 80 200 120
1.9636 -1.1632 1.1178 80 200 120
0.1297 -0.0111 0.0800 80 200 120
0.0851 0.0086 0.0557 80 200 120
0.7438 1.6230 2.3579 80 200 120
0.0616 -0.0103 0.0655 80 200 120
0.0331 -0.0938 0.1161 80 200 120
0.0664 0.0325 0.0900 80 200 120
1.2018 1.6558 1.9989 80 200 120
0.1253 0.0578 0.0974 80 200 120
0.1324 0.0618 0.0487 80 200 120
2.9381 0.9680 1.0029 80 200 120
0.0364 0.0989 0.1790 80 200 120
0.0847 0.0154 0.0617 80 200 120
1.8138 -1.8664 1.5531 80 200 120
1.8899 -1.7003 0.6355 80 200 120
5.0200 -12.9281 1.5151 80 200 120
0.2847 2.2459 1.8194 80 200 120
1.8837 2.2150 0.4791 80 200 120
12.5529 13.8057 0.0751 80 200 120
-0.1822 1.4755 0.0061 80 200 120
14.3487 22.3963 0.2771 80 200 120
16.6042 32.4795 -0.4491 80 200 120
1.7393 3.1969 0.5861 80 200 120
3.9265 10.4608 -0.0827 80 200 120
-1.5169 1.0712 0.0099 80 200 120
2.5021 1.8010 1.3992 80 200 120
-1.1887 0.7317 -0.0056 80 200 120
0.1174 0.2025 0.1465 80 200 120
-0.4272 3.8270 0.2789 80 200 120
2.0246 12.0505 -0.0007 80 200 120
0.0235 0.1910 0.1156 80 200 120
-3.3018 1.2440 1.1215 80 200 120
10.7523 13.6952 0.2297 80 200 120
-3.5648 34.5109 6.7989 80 200 120
0.1180 0.1032 0.1550 80 200 120
-0.0317 0.0828 0.0525 80 200 120
0.1793 0.1141 0.1649 80 200 120
-0.5112 1.8610 0.8286 80 200 120
0.1340 0.2868 0.1072 80 200 120
107.2540 122.1958 12.6127 80 200 120
2.3999 3.5498 2.6745 80 200 120
2.1035 4.0516 0.3935 80 200 120
0.0799 0.1858 0.1453 80 200 120
-2.6726 0.5395 2.0389 80 200 120
0.0658 0.1831 0.0984 80 200 120
-1.9966 -1.8791 2.2028 80 200 120
0.0460 0.1182 0.1013 80 200 120
-0.0151 0.1134 0.0696 80 200 120
2.6677 2.0436 1.8950 80 200 120
1.9282 2.5480 2.4953 80 200 120
2.6600 2.7225 1.5154 80 200 120
-0.0043 0.1331 0.0971 80 200 120
0.1098 0.1314 0.1622 80 200 120
-0.5662 1.5212 0.8936 80 200 120
-1.6170 0.1111 2.0068 80 200 120
0.0121 0.0657 0.0742 80 200 120
-0.0298 0.0984 0.0566 80 200 120
-0.0781 0.0992 0.1522 80 200 120
-2.3956 1.1450 0.7736 80 200 120
-0.0953 0.0470 0.0288 80 200 120
0.0851 0.2648 0.1229 80 200 120
-2.3532 1.0969 1.7897 80 200 120
-0.6002 2.2538 1.9681 80 200 120
-0.0294 0.1027 0.0653 80 200 120
-0.2349 0.0719 0.1313 80 200 120
0.0575 0.2265 0.1263 80 200 120
0.2650 1.9839 2.3680 80 200 120
-0.1366 -0.0027 0.0763 80 200 120
-1.8358 1.5266 0.1647 80 200 120
-0.0137 0.1070 0.0384 80 200 120
0.3368 2.9750 1.5106 80 200 120
-0.0096 0.0955 0.0802 80 200 120
-2.1282 1.3857 0.7544 80 200 120
0.3663 3.9216 1.5566 80 200 120
0.0013 2.0577 0.4341 80 200 120
-0.0310 0.0584 0.0409 80 200 120
-0.0374 0.0677 0.0456 80 200 120
-0.0283 0.0616 0.0421 80 200 120
-0.3650 2.9451 1.6697 80 200 120
2.3056 3.1034 2.0382 80 200 120
0.0279 0.1872 0.1320 80 200 120
-3.4231 4.4878 -0.0333 80 200 120
-0.0245 0.1094 0.0510 80 200 120
-0.1985 0.0925 0.1286 80 200 120
-0.1738 1.9322 1.9062 80 200 120
-1.3107 -0.8092 2.3700 80 200 120
0.0557 0.1144 0.0879 80 200 120
0.0683 0.1484 0.1235 80 200 120
1.5250 2.7354 2.5835 80 200 120
-0.1309 1.1449 2.7224 80 200 120
-0.4894 0.5853 2.3078 80 200 120
-0.0290 0.0650 0.0388 80 200 120
-2.1881 1.6192 0.6881 80 200 120
-0.0384 0.0242 0.1235 80 200 120
-0.0987 0.0227 0.0503 80 200 120
-2.3306 -0.7134 0.0538 80 200 120
-1.3819 -2.3270 0.0820 80 200 120
-0.1544 -0.1050 0.0894 80 200 120
-1.2079 -4.3752 -0.0324 80 200 120
0.0504 -0.0574 0.1053 80 200 120
0.0140 -0.2895 0.0304 80 200 120
0.0547 -0.2119 0.0287 80 200 120
21.1655 -29.2087 0.2506 80 200 120
0.3109 -0.7971 0.5077 80 200 120
-2.3438 -2.5006 0.6812 80 200 120
0.4982 -1.8534 2.4833 80 200 120
0.0261 -0.1142 0.0540 80 200 120
-0.3035 -0.0769 0.0269 80 200 120
-2.4408 -5.7349 2.6637 80 200 120
0.0757 -0.1537 0.1285 80 200 120
0.3814 -1.2441 1.0259 80 200 120
-0.0364 -0.1255 0.0925 80 200 120
0.3515 -2.1513 1.9121 80 200 120
-0.0678 -0.0350 0.0675 80 200 120
-2.1922 -4.5581 1.5616 80 200 120
-0.0659 -0.1283 0.0302 80 200 120
0.1087 -0.2313 0.1436 80 200 120
-0.1973 -0.0245 0.1571 80 200 120
-0.3780 -1.5438 0.5213 80 200 120
-0.0374 -0.0758 0.0495 80 200 120
-0.0927 -0.1244 0.1492 80 200 120
-2.2926 -3.0763 0.4164 80 200 120
-0.0273 -0.0603 0.0407 80 200 120
-2.5239 -2.5064 2.7242 80 200 120
-0.0627 -0.1373 0.0973 80 200 120
0.1712 -0.3740 0.1839 80 200 120
-1.1212 -1.7863 1.7282 80 200 120
0.1138 -2.6497 2.2108 80 200 120
-0.0465 -0.0543 0.0483 80 200 120
-0.2019 -1.3544 0.7885 80 200 120
0.0074 -0.0725 0.0593 80 200 120
-2.7840 -2.4247 2.1717 80 200 120
4.4368 -13.0164 8.4553 80 200 120
-2.5765 -1.4858 1.1842 80 200 120
0.0363 -0.0985 0.1133 80 200 120
-0.0520 -0.0531 0.0732 80 200 120
-0.2717 -0.0182 0.1097 80 200 120
-1.6177 0.0904 2.0076 80 200 120
-2.1586 0.1620 2.0136 80 200 120
-0.0030 -0.1001 0.0807 80 200 120
-0.0165 -0.1307 0.0666 80 200 120
0.0063 -0.2457 0.0977 80 200 120
-2.8306 0.6623 1.6718 80 200 120
-0.0423 -0.0668 0.0618 80 200 120
-2.1379 -0.9197 0.5592 80 200 120
-0.0592 -0.0723 0.0538 80 200 120
-0.0795 -0.1760 0.0575 80 200 120
-1.8893 -0.4023 2.9420 80 200 120
-2.6063 -1.9966 2.4116 80 200 120
-1.6254 -2.1552 2.4485 80 200 120
0.3268 -1.6958 1.8644 80 200 120
-0.0342 -0.0891 0.1154 80 200 120
-0.9257 -2.8330 0.2132 80 200 120
0.6896 -1.3307 1.6791 80 200 120
-3.3940 -2.0280 2.8091 80 200 120
0.0211 -0.1005 0.0979 80 200 120
-0.1086 -0.1181 0.0396 80 200 120
-0.1874 -0.0579 0.0446 80 200 120
-0.0412 -1.5171 0.4679 80 200 120
-2.7564 -1.4566 1.5326 80 200 120
-0.0471 -0.0626 0.0615 80 200 120
0.0035 -0.0643 0.0638 80 200 120
-0.1404 -1.3260 0.3954 80 200 120
-0.0861 -0.1360 0.1276 80 200 120
-0.1186 -0.0097 0.1429 80 200 120
-0.0317 -0.0722 0.0730 80 200 120
-1.8102 -4.2756 2.7315 80 200 120
-2.1350 -2.4014 0.4041 80 200 120
0.5795 -3.1046 0.0862 80 200 120
75.1391 -9.1316 0.5663 80 200 120
2.9847 -10.1278 0.4393 80 200 120
22.3216 -9.0622 6.5923 80 200 120
14.2262 -16.5856 6.6291 80 200 120
0.0865 -0.2267 0.0359 80 200 120
137.0193 -146.7319 21.0017 80 200 120
-0.0157 -0.5590 -0.0184 80 200 120
0.2354 -0.2429 0.0561 80 200 120
0.0653 -0.0780 -0.0285 80 200 120
0.1773 -0.3106 0.0380 80 200 120
24.9292 -10.0563 0.8944 80 200 120
6.8439 -9.2869 5.0613 80 200 120
0.1484 -0.1570 -0.0121 80 200 120
0.0620 -0.0623 -0.0283 80 200 120
0.3815 -2.0708 0.5753 80 200 120
1.9695 -0.5662 0.1840 80 200 120
1.3145 -3.7992 0.7222 80 200 120
9.2248 -23.4361 0.2153 80 200 120
0.1786 -0.3574 0.0524 80 200 120
0.0357 -0.0721 -0.0266 80 200 120
14.9679 -23.3425 0.4930 80 200 120
5.7048 -11.7368 0.3027 80 200 120
0.0791 -0.0826 -0.0077 80 200 120
0.1191 -0.2781 -0.0019 80 200 120
0.1541 -0.2774 0.0778 80 200 120
0.1143 -0.2244 0.0319 80 200 120
-0.9879 -1.9812 0.1547 80 200 120
0.0739 -0.1062 -0.0040 80 200 120
2.4372 -0.8480 0.4173 80 200 120
0.1979 -0.1379 -0.0085 80 200 120
0.1951 -0.2831 -0.0081 80 200 120
1.4613 -1.5327 0.7368 80 200 120
-0.0128 -0.2700 -0.0046 80 200 120
2.2212 -1.8843 0.7307 80 200 120
0.2570 -0.1657 0.0449 80 200 120
0.0986 -0.0841 -0.0042 80 200 120
2.4880 -2.4358 1.5871 80 200 120
21.1791 -10.1730 0.9529 80 200 120
4.5151 -11.2003 2.9593 80 200 120
0.1555 -0.2693 0.0483 80 200 120
-0.0393 -0.1434 -0.0264 80 200 120
-0.0401 -0.1602 -0.0267 80 200 120
0.0334 -0.0726 -0.0270 80 200 120
-0.1736 -0.4688 0.0358 80 200 120
-9.2311 -3.6361 4.7900 80 200 120
-2.6716 2.1356 -0.0578 80 200 120
-2.8596 -2.2385 0.0503 80 200 120
-0.1437 0.0279 -0.0018 80 200 120
-4.5646 -2.6827 2.0437 80 200 120
-8.4747 -13.1101 2.3129 80 200 120
-3.5456 2.4532 -0.0240 80 200 120
-1.5841 1.6172 -0.0232 80 200 120
-2.1254 -0.0140 0.1878 80 200 120
-2.2699 -0.9501 0.3547 80 200 120
-0.3705 0.0469 0.0745 80 200 120
-2.9951 0.0430 1.1635 80 200 120
-1.6855 0.7898 0.5666 80 200 120
-0.2878 -0.1170 0.0236 80 200 120
-2.7033 -0.6170 0.8128 80 200 120
-0.1959 -0.0902 0.0140 80 200 120
-0.1633 0.0253 -0.0240 80 200 120
-0.3251 -0.0146 0.1141 80 200 120
-2.3532 -1.8720 0.3049 80 200 120
-2.3509 -0.3505 0.3849 80 200 120
-0.2388 0.0214 -0.0110 80 200 120
-2.1947 -0.0363 0.3931 80 200 120
-2.7616 -0.2082 0.6545 80 200 120
-2.1505 -0.6493 0.1706 80 200 120
-9.7516 0.4173 0.0822 80 200 120
-1.0697 0.2140 0.4553 80 200 120
-1.0177 -0.1222 -0.0203 80 200 120
-0.2366 0.0573 -0.0087 80 200 120
-0.1542 0.0617 -0.0128 80 200 120
-0.3632 -0.0677 0.0353 80 200 120
-2.0138 1.8339 0.0331 80 200 120
-0.2195 0.0485 0.0148 80 200 120
-0.3767 -0.0513 0.0598 80 200 120
-0.2900 0.0109 0.0051 80 200 120
-0.0897 0.0119 -0.0307 80 200 120
-3.0702 -1.5628 1.0217 80 200 120
-0.1036 0.0090 -0.0142 80 200 120
-0.5686 1.0798 -0.0266 80 200 120
-0.1810 0.2878 -0.0266 80 200 120
-5.2974 0.5029 2.1815 80 200 120
-3.0997 0.0119 0.9444 80 200 120
-0.9673 1.4929 -0.0315 80 200 120
-0.3461 0.0231 0.1170 80 200 120
-6.3894 -7.2901 1.3555 80 200 120
-1.1255 -1.2753 0.4359 80 200 120
-2.2301 -0.9403 0.5820 80 200 120
-0.5994 0.4668 0.1799 80 200 120
-0.2749 0.1541 0.0377 80 200 120
-0.1238 -0.0420 -0.0157 80 200 120
0.6132 0.7280 -0.0179 80 200 120
-0.2201 1.3252 0.0139 80 200 120
0.7299 1.4483 -0.0077 80 200 120
-0.0468 0.2545 -0.0246 80 200 120
0.0391 0.0771 -0.0295 80 200 120
0.4605 0.3703 0.0090 80 200 120
0.7398 0.1216 -0.0194 80 200 120
0.7353 0.1563 0.0395 80 200 120
0.5542 -0.0172 -0.0271 80 200 120
0.6781 0.0647 -0.0240 80 200 120
0.0620 0.0659 -0.0280 80 200 120
-0.0369 0.1751 -0.0313 80 200 120
1.5944 2.9760 0.4982 80 200 120
1.9923 2.7528 0.6587 80 200 120
0.1954 0.0129 0.0309 80 200 120
0.0884 0.0058 0.0457 80 200 120
0.2602 0.1168 0.0582 80 200 120
0.0947 -0.1145 0.1844 80 200 120
0.1234 -0.1772 0.1713 80 200 120
0.1720 -0.0873 0.0303 80 200 120
1.7313 2.2763 2.2297 80 200 120
0.1554 0.1521 0.0984 80 200 120
0.3218 2.5847 1.3177 80 200 120
1.6336 1.8964 0.2208 80 200 120
1.8865 3.1360 2.3218 80 200 120
0.0866 0.0005 0.0437 80 200 120
2.7753 0.6266 2.0964 80 200 120
1.7537 0.1627 1.8752 80 200 120
0.1530 0.0290 0.1307 80 200 120
0.1120 0.0095 0.0912 80 200 120
0.1621 -0.2240 0.1352 80 200 120
-0.5552 -1.1593 1.9970 80 200 120
-0.1111 -2.2511 1.4665 80 200 120
0.0739 -0.0177 0.1769 80 200 120
0.4372 -1.4255 1.6228 80 200 120
-0.3227 1.6760 0.0094 80 200 120
0.1214 0.2749 0.0833 80 200 120
0.0070 0.1205 0.0394 80 200 120
2.4085 9.6170 0.0872 80 200 120
-1.8031 0.9426 2.6804 80 200 120
-2.4198 -2.0567 1.8641 80 200 120
-0.0187 0.1036 0.0926 80 200 120
-0.1215 -0.0302 0.1567 80 200 120
-0.0803 0.0488 0.0536 80 200 120
-2.3839 1.1302 2.2429 80 200 120
-0.0301 0.0706 0.0344 80 200 120
-0.0706 0.1027 0.1288 80 200 120
-2.0524 2.1141 2.4728 80 200 120
0.0700 0.1535 0.1522 80 200 120
-0.0432 0.1034 0.0891 80 200 120
-2.4734 0.6929 2.8173 80 200 120
-2.2284 1.3255 2.5672 80 200 120
1.7412 -2.9093 1.9308 80 200 120
0.0739 -0.1620 0.0982 80 200 120
-2.1261 -2.4763 0.8991 80 200 120
1.2108 -2.9314 0.0830 80 200 120
0.3581 -1.6997 0.2774 80 200 120
-3.1209 -3.7514 2.9751 80 200 120
-1.6048 -0.7247 0.2533 80 200 120
0.0004 -0.0953 0.0737 80 200 120
0.0342 -0.1011 0.0933 80 200 120
0.0391 -0.1433 0.0978 80 200 120
-3.1482 0.3147 1.6730 80 200 120
-2.8414 -0.7987 2.5735 80 200 120
-2.2684 -0.2343 2.2206 80 200 120
-0.0359 -0.0604 0.0407 80 200 120
0.9107 -0.4567 2.6303 80 200 120
-0.0285 -0.0604 0.0570 80 200 120
0.0310 -0.1826 0.1200 80 200 120
0.6584 -1.4109 1.4265 80 200 120
0.0626 -0.1293 0.1185 80 200 120
-2.3726 -0.7632 0.7184 80 200 120
-3.2927 -3.6151 2.5935 80 200 120
5.2336 -7.1498 1.6574 80 200 120
0.0789 -0.1282 0.0030 80 200 120
0.0809 -0.1554 -0.0148 80 200 120
3.7477 -2.5043 0.4015 80 200 120
0.0389 -0.1115 -0.0106 80 200 120
0.9996 -3.2980 0.4287 80 200 120
0.0428 -0.2728 0.0356 80 200 120
9.0384 -2.7669 2.5795 80 200 120
0.2259 -0.0754 -0.0021 80 200 120
0.0313 -0.0897 -0.0202 80 200 120
-0.0923 -0.2426 -0.0110 80 200 120
0.0069 -0.1460 -0.0037 80 200 120
0.0207 -0.1146 -0.0104 80 200 120
-0.2415 0.0770 0.0084 80 200 120
-0.3079 0.0678 0.0591 80 200 120
-0.2268 0.0987 -0.0069 80 200 120
-0.3299 0.0309 0.0354 80 200 120
-0.1166 0.0354 -0.0110 80 200 120
-2.9347 -0.6105 1.5319 80 200 120
-0.3640 -0.6653 -0.0043 80 200 120
-2.1805 -1.7588 0.9091 80 200 120
0.4019 0.2110 0.0048 80 200 120
0.2260 0.0996 -0.0278 80 200 120
0.0340 0.1151 -0.0284 80 200 120
0.3016 0.1931 -0.0030 80 200 120
2.8469 5.5172 0.6891 80 200 120
0.3647 0.0330 -0.0235 80 200 120
0.0210 0.2738 -0.0088 80 200 120
0.2942 0.3262 0.0110 80 200 120
0.2916 0.2782 0.0016 80 200 120
0.3691 0.8796 0.0212 80 200 120
0.0360 0.1879 -0.0175 80 200 120
0.0684 0.1882 -0.0166 80 200 120
0.0457 0.1204 -0.0222 80 200 120
0.0315 0.0978 -0.0320 80 200 120
3.5401 8.6009 -0.2456 80 200 120
0.2207 0.3017 -0.0014 80 200 120
0.0133 0.1792 -0.0142 80 200 120
0.0496 0.1117 -0.0354 80 200 120
0.1567 0.2592 0.0010 80 200 120
0.0402 0.1141 -0.0323 80 200 120
0.0269 0.0957 -0.0299 80 200 120
0.1753 0.1510 -0.0407 80 200 120
2.3503 0.8191 -0.0409 80 200 120
0.0295 0.0759 -0.0303 80 200 120
0.1334 0.1247 -0.0116 80 200 120
0.1593 0.0692 -0.0187 80 200 120
0.0341 0.0606 -0.0313 80 200 120
0.0597 0.0526 -0.0320 80 200 120
3.8615 -4.2457 0.6322 80 200 120
1.1423 -1.7968 1.2155 80 200 120
1.6546 -1.4796 1.5671 80 200 120
4.4769 -4.2842 2.8656 80 200 120
0.1927 -0.0249 0.0922 80 200 120
0.7507 1.8265 0.0035 80 200 120
2.6179 3.7084 2.3938 80 200 120
0.9923 -1.2641 1.6477 80 200 120
0.2593 2.0548 1.9263 80 200 120
2.4361 -0.5503 0.5232 80 200 120
3.0774 1.0980 0.4910 80 200 120
0.0955 -0.0124 0.0519 80 200 120
-1.0699 -1.4098 2.4283 80 200 120
0.1370 2.4041 1.4384 80 200 120
0.1804 -0.0149 0.0612 80 200 120
0.0808 -0.0112 0.0430 80 200 120
0.6646 0.0668 2.3222 80 200 120
-0.1133 1.4854 1.8215 80 200 120
-0.1855 0.1022 0.5936 80 200 120
-0.6263 0.8030 1.8241 80 200 120
0.1104 0.1157 0.1152 80 200 120
0.1319 -0.0495 0.1084 80 200 120
-0.5870 0.4990 1.9163 80 200 120
2.1569 1.2274 0.0221 80 200 120
-64.1947 210.6905 -0.7340 80 200 120
-0.3683 2.4924 1.0534 80 200 120
-0.3078 0.0345 0.0273 80 200 120
-2.1462 1.6968 1.3184 80 200 120
-0.7510 3.9028 2.5850 80 200 120
0.0452 0.0608 0.0924 80 200 120
0.1286 0.0457 0.1730 80 200 120
0.0412 0.1315 0.0625 80 200 120
-1.2303 0.4903 2.8574 80 200 120
1.6629 0.5953 2.0255 80 200 120
-0.0476 0.0523 0.0471 80 200 120
-3.1082 0.5768 2.8640 80 200 120
-2.3869 0.6887 0.8157 80 200 120
-1.8159 2.1673 2.7724 80 200 120
-0.0624 0.0978 0.0940 80 200 120
-0.0459 2.3368 1.3399 80 200 120
0.0685 0.0781 0.0958 80 200 120
-0.0570 -0.2676 0.0269 80 200 120
0.0422 -0.1641 0.0537 80 200 120
9.5755 -11.0569 4.7304 80 200 120
0.0326 -0.1355 0.0517 80 200 120
0.0334 -1.4913 0.5475 80 200 120
-0.2629 0.1159 0.3484 80 200 120
-2.7515 -0.1827 1.2116 80 200 120
-0.6471 -1.8545 2.6596 80 200 120
1.8849 -3.1671 2.9688 80 200 120
-0.1125 -0.0778 0.0391 80 200 120
-2.1217 0.3992 3.2300 80 200 120
1.4540 -1.8768 1.9745 80 200 120
-1.2136 -1.0789 2.7217 80 200 120
-0.0319 -0.0763 0.1397 80 200 120
-2.0608 0.5334 2.3650 80 200 120
-0.0405 -0.0775 0.0478 80 200 120
-1.3526 -0.8263 2.6314 80 200 120
0.0227 -0.1354 0.0382 80 200 120
-1.7130 -1.2504 2.2958 80 200 120
-1.9771 -1.9217 2.8466 80 200 120
2.8418 -2.7690 0.8519 80 200 120
0.0295 -0.0439 0.7309 80 200 120
-3.7715 -0.7734 1.9263 80 200 120
-14.0664 2.2158 -0.1276 80 200 120
2.6443 -1.6439 0.5505 80 200 120
2.7328 -1.4165 0.6233 80 200 120
2.9283 -3.3414 0.9615 80 200 120
-0.5830 -2.0129 0.0952 80 200 120
0.1861 -0.1682 0.0330 80 200 120
2.9389 -2.0865 0.6240 80 200 120
0.2111 -0.1880 0.0244 80 200 120
-0.0029 -0.1827 -0.0069 80 200 120
0.0086 -0.1296 -0.0131 80 200 120
-0.0574 -0.2697 -0.0269 80 200 120
0.1937 -0.1902 0.0616 80 200 120
0.2689 -0.1749 0.0849 80 200 120
1.0024 0.0695 -0.0059 80 200 120
-0.5036 -0.2499 -0.0181 80 200 120
-0.1493 0.0304 -0.0272 80 200 120
-1.8304 1.0076 0.5377 80 200 120
-2.5660 -1.3154 0.2746 80 200 120
-2.6734 0.5258 0.1555 80 200 120
-0.1722 -0.0184 -0.0175 80 200 120
-0.1484 0.0188 -0.0155 80 200 120
-0.2230 -0.1499 0.0190 80 200 120
-0.9248 0.5023 0.3743 80 200 120
-0.5265 -0.3131 0.0727 80 200 120
-6.3940 7.3634 1.9514 80 200 120
-0.0764 1.0459 -0.0279 80 200 120
0.5812 0.8083 -0.0137 80 200 120
0.1949 0.1551 -0.0136 80 200 120
0.4087 1.1703 -0.0189 80 200 120
0.6801 0.6744 -0.0225 80 200 120
0.0648 0.0797 -0.0289 80 200 120
0.2196 0.1124 -0.0178 80 200 120
1.1746 0.6876 -0.0106 80 200 120
0.5729 0.4975 -0.0207 80 200 120
3.0700 1.3403 -0.0374 80 200 120
0.0314 0.0728 -0.0292 80 200 120
0.0647 0.2154 -0.0355 80 200 120
0.1383 0.0619 -0.0186 80 200 120
-0.0057 0.1111 -0.0277 80 200 120
0.0304 0.0667 -0.0314 80 200 120
0.0428 0.0966 -0.0559 80 200 120
0.0359 0.0612 -0.0308 80 200 120
-0.0631 0.2060 -0.0121 80 200 120
8.0240 -9.9422 0.4332 80 200 120
18.5647 -25.9971 1.8209 80 200 120
0.6182 -1.3466 0.8147 80 200 120
0.1410 0.0127 0.0740 80 200 120
-0.1457 1.7884 1.4854 80 200 120
-0.4905 -1.4162 2.0581 80 200 120
-0.4274 2.4333 1.6039 80 200 120
5.4424 -11.4075 0.0868 80 200 120
0.1007 -0.0195 0.0546 80 200 120
-0.0580 -0.6151 1.8311 80 200 120
1.6148 2.9977 1.6987 80 200 120
-0.3517 -2.2557 1.3153 80 200 120
1.7855 0.7555 1.9054 80 200 120
0.7265 -2.5520 1.1843 80 200 120
0.2090 -1.5505 0.3676 80 200 120
2.6035 3.3571 1.8904 80 200 120
1.8670 0.3715 2.2265 80 200 120
0.1298 1.6048 2.0812 80 200 120
0.1168 -0.0086 0.0691 80 200 120
-0.0678 0.8488 1.9795 80 200 120
0.1276 0.0326 0.1269 80 200 120
-0.4942 -0.6384 2.3046 80 200 120
-0.0581 1.0284 1.8723 80 200 120
0.2089 -2.7360 2.3371 80 200 120
1.9396 1.9966 2.3135 80 200 120
0.1949 0.1232 0.0674 80 200 120
1.0585 1.0786 2.1764 80 200 120
3.1793 3.1035 2.4842 80 200 120
0.9710 2.2922 2.8126 80 200 120
1.7322 4.0871 2.6022 80 200 120
-0.5001 2.1294 0.3134 80 200 120
3.1700 0.8607 2.0444 80 200 120
3.0198 3.8236 2.0798 80 200 120
1.3186 3.7790 2.7323 80 200 120
1.2536 3.1907 2.8530 80 200 120
-1.0443 0.9736 2.7866 80 200 120
0.3204 2.9664 2.3842 80 200 120
-3.4550 0.2726 1.7153 80 200 120
2.3331 4.3782 2.4695 80 200 120
-3.0319 -1.4273 2.8606 80 200 120
1.7890 4.0630 0.6908 80 200 120
1.3718 2.0645 2.8327 80 200 120
1.6099 2.5339 2.9432 80 200 120
-1.7468 1.7175 2.8377 80 200 120
0.5112 -1.1754 2.9444 80 200 120
1.6276 3.4968 2.7292 80 200 120
-0.5096 1.0832 0.2747 80 200 120
-0.0330 0.1025 0.0788 80 200 120
-0.0237 0.1105 0.0521 80 200 120
0.2415 0.2079 0.1427 80 200 120
2.9905 2.6831 2.7746 80 200 120
0.2000 0.1557 0.1226 80 200 120
2.0674 1.6387 2.9983 80 200 120
0.2532 1.9927 2.8440 80 200 120
-2.6422 -1.0081 1.3081 80 200 120
0.0627 -0.2245 0.0292 80 200 120
-14.6473 -0.9422 -0.1581 80 200 120
2.5869 -2.2573 2.4193 80 200 120
-0.1360 -3.5131 3.4204 80 200 120
0.0128 -0.0890 0.0673 80 200 120
-2.3238 -3.7299 3.0281 80 200 120
-3.3475 0.6988 2.5543 80 200 120
-0.4976 -2.7503 3.5067 80 200 120
-1.3795 -1.4908 2.7612 80 200 120
-3.0642 0.5921 2.8412 80 200 120
0.0414 -0.2757 0.0713 80 200 120
0.0578 -0.1097 0.1381 80 200 120
-2.1590 -1.7706 1.1465 80 200 120
-0.3226 -0.0092 0.1275 80 200 120
-0.0627 -0.1970 0.0533 80 200 120
-2.1834 -1.1465 0.5023 80 200 120
-0.2862 -1.2412 2.9066 80 200 120
-0.0433 -1.8746 1.2467 80 200 120
0.0131 -0.0948 0.0666 80 200 120
-1.5746 -4.0178 0.9964 80 200 120
-0.0315 -0.9231 2.7256 80 200 120
-0.2439 -0.0992 0.1049 80 200 120
2.7564 -0.8572 2.4807 80 200 120
-0.1305 -0.0590 0.0399 80 200 120
0.1680 -0.8007 2.9061 80 200 120
1.1527 -3.7055 1.4733 80 200 120
0.1597 -0.1737 0.0241 80 200 120
2.4166 -4.2611 1.1770 80 200 120
0.0768 -0.1583 0.0183 80 200 120
-0.0069 -0.2463 -0.0261 80 200 120
-4.8500 -19.9813 3.9647 80 200 120
2.3495 -4.8651 1.3722 80 200 120
3.2434 -3.2343 1.0698 80 200 120
2.3000 -3.4854 1.0323 80 200 120
0.1397 -0.2811 0.0567 80 200 120
1.7955 -0.8981 0.2159 80 200 120
2.5908 -0.8864 0.1133 80 200 120
0.0449 -0.0915 -0.0129 80 200 120
0.2152 -0.3719 0.0874 80 200 120
-10.0469 -13.4146 0.2382 80 200 120
0.1402 -0.1889 0.0594 80 200 120
0.0310 -0.0976 -0.0174 80 200 120
-0.1102 0.0050 -0.0246 80 200 120
-0.2416 0.1264 0.0058 80 200 120
-0.3029 0.1195 0.0005 80 200 120
-2.4017 -0.5310 0.4706 80 200 120
-0.2977 0.0112 0.0066 80 200 120
-0.1295 0.0359 -0.0322 80 200 120
-1.9194 1.0358 0.3427 80 200 120
-2.1651 -0.6774 0.6041 80 200 120
-1.1237 2.7321 -0.0434 80 200 120
-2.4710 0.2057 1.2488 80 200 120
-2.1634 1.5777 0.6202 80 200 120
-1.7297 -5.3641 0.0500 80 200 120
-2.3989 -3.1474 0.7020 80 200 120
-0.0776 -0.0172 -0.0300 80 200 120
-0.0788 0.0083 -0.0277 80 200 120
-0.0810 0.3370 -0.0218 80 200 120
0.3353 2.3243 -0.0213 80 200 120
0.0442 0.1705 -0.0176 80 200 120
0.0352 0.0747 -0.0300 80 200 120
0.3283 0.0383 -0.0221 80 200 120
0.0408 0.0775 -0.0283 80 200 120
0.0575 0.0624 -0.0266 80 200 120
0.0351 0.0616 -0.0324 80 200 120
0.3091 1.1710 -0.0286 80 200 120
0.0197 0.0866 -0.0278 80 200 120
2.1208 0.2135 0.0520 80 200 120
41.5248 -3.1746 -0.0361 80 200 120
2.3987 1.3004 2.2573 80 200 120
0.1973 0.0124 0.1008 80 200 120
0.3579 -1.4052 1.9676 80 200 120
0.5662 -1.6798 1.4016 80 200 120
5.3960 -3.1429 1.3205 80 200 120
1.4068 -1.1446 0.0517 80 200 120
0.2931 -1.6232 1.5850 80 200 120
-0.5079 -2.4907 3.1910 80 200 120
7.9580 -20.6043 6.8906 80 200 120
0.6262 -2.2066 0.3679 80 200 120
3.7071 -4.1110 1.1626 80 200 120
0.1451 0.0171 0.1382 80 200 120
3.1547 1.6497 1.7025 80 200 120
0.1005 -0.2111 1.9636 80 200 120
-0.3976 1.3409 1.9904 80 200 120
2.6813 3.8127 0.9304 80 200 120
0.0741 0.1415 0.0782 80 200 120
1.6427 2.4673 0.3709 80 200 120
3.0273 4.1951 1.4002 80 200 120
2.9231 3.3489 2.9939 80 200 120
3.0976 2.3366 2.7929 80 200 120
-0.8791 0.7039 2.7294 80 200 120
0.7014 2.1266 2.9380 80 200 120
0.0219 0.0667 0.0826 80 200 120
0.3899 3.4049 2.2886 80 200 120
-1.1537 2.7005 2.5609 80 200 120
-0.0892 0.0020 0.1127 80 200 120
-0.1051 0.0420 0.0672 80 200 120
0.0400 0.2129 0.0901 80 200 120
1.0019 -0.4723 2.8420 80 200 120
-0.5014 1.4014 2.7946 80 200 120
2.3742 2.2538 2.8484 80 200 120
0.5094 4.0622 0.7212 80 200 120
-1.2381 0.3019 0.7340 80 200 120
-0.4570 2.1886 2.8587 80 200 120
-0.1585 -0.9695 2.7619 80 200 120
0.0304 -0.3749 0.0340 80 200 120
2.9517 -2.8412 1.9583 80 200 120
-0.2676 -0.5687 0.0322 80 200 120
2.2057 -2.7283 1.8586 80 200 120
-1.1719 -3.0963 2.7285 80 200 120
-0.0709 -0.0407 0.0880 80 200 120
1.9909 -1.2325 1.9142 80 200 120
1.3589 -1.7765 2.2846 80 200 120
0.0207 -0.2685 0.1384 80 200 120
-0.0852 -1.5837 2.6566 80 200 120
-0.4822 -3.0048 3.2564 80 200 120
-0.7659 -0.6218 3.0569 80 200 120
-0.2584 0.0280 2.1766 80 200 120
0.0639 -0.2696 0.0906 80 200 120
4.5284 -1.6725 3.0738 80 200 120
-3.3782 -0.6959 2.6255 80 200 120
2.6470 -0.5523 2.7628 80 200 120
-0.0125 -0.0596 0.1183 80 200 120
1.2979 -2.5338 1.9029 80 200 120
-2.4436 -1.9346 0.3305 80 200 120
1.8040 -1.3478 1.7337 80 200 120
-1.5441 -2.1861 2.8281 80 200 120
-2.2831 1.3260 2.9816 80 200 120
3.9462 -3.3815 0.6513 80 200 120
0.1079 -0.1449 0.0183 80 200 120
0.0031 -0.1606 0.0013 80 200 120
2.8712 -0.5646 0.2451 80 200 120
-1.9367 0.7129 0.6468 80 200 120
-2.0535 -1.0589 0.4459 80 200 120
-1.7854 0.7752 0.3224 80 200 120
-2.0451 0.5697 0.6776 80 200 120
-0.3234 -0.0132 0.1087 80 200 120
-1.7602 1.0640 0.1792 80 200 120
-1.8886 0.5921 0.4839 80 200 120
-17.5987 0.3908 10.0895 80 200 120
-1.8640 0.4170 0.4739 80 200 120
0.2373 0.1018 -0.0271 80 200 120
-0.0114 2.4783 -0.0121 80 200 120
0.0232 0.2531 -0.0103 80 200 120
0.0380 0.6908 0.0208 80 200 120
0.1348 0.4460 0.0041 80 200 120
0.0433 0.1097 -0.0253 80 200 120
0.0210 0.2371 -0.0400 80 200 120
-0.1060 0.8193 0.0568 80 200 120
-0.2298 1.2038 -0.0602 80 200 120
-0.0242 0.2297 -0.0377 80 200 120
0.0969 0.0999 -0.0181 80 200 120
0.0001 0.1363 -0.0340 80 200 120
0.0745 0.0905 -0.0339 80 200 120
0.5796 0.2828 0.0215 80 200 120
-0.1171 0.2729 -0.0197 80 200 120
2.3105 -0.9846 0.6487 80 200 120
2.7623 1.9069 2.4653 80 200 120
1.4033 -1.2422 0.6399 80 200 120
2.3971 -0.4609 1.2269 80 200 120
0.2121 0.0677 0.0515 80 200 120
1.9803 3.4555 1.5473 80 200 120
2.0926 -1.6031 1.6851 80 200 120
0.6172 -1.3607 1.1492 80 200 120
0.1141 0.0014 0.0653 80 200 120
3.4532 -1.1237 0.9898 80 200 120
-0.5361 -2.6265 1.8510 80 200 120
2.3317 0.8310 2.8025 80 200 120
-0.9648 -2.5394 2.3927 80 200 120
0.9620 2.6284 1.9115 80 200 120
-2.6100 0.4100 0.8397 80 200 120
3.0503 1.6153 2.8633 80 200 120
0.1030 0.2933 0.1362 80 200 120
-0.0010 0.0612 0.0561 80 200 120
0.5359 0.0091 0.5278 80 200 120
3.3860 3.2931 1.4556 80 200 120
-0.0699 2.2858 0.6618 80 200 120
-2.4745 -1.4333 3.1160 80 200 120
-1.0648 1.2772 2.7674 80 200 120
1.5100 0.3477 2.8023 80 200 120
-0.8740 -0.3180 0.2352 80 200 120
1.6172 1.0598 1.0843 80 200 120
-1.2590 1.7124 2.7439 80 200 120
-0.0088 -0.0660 0.1867 80 200 120
11.4639 -12.3857 1.6775 80 200 120
-0.3582 0.1913 0.3817 80 200 120
3.0651 -4.2212 1.0393 80 200 120
0.6967 -0.0148 1.0305 80 200 120
6.2318 -6.9967 1.9792 80 200 120
-0.8226 -3.2800 2.7907 80 200 120
3.8259 -1.1115 2.7206 80 200 120
-1.3663 0.5535 3.2303 80 200 120
0.1835 -1.3440 0.3137 80 200 120
-0.0422 -0.0541 0.0460 80 200 120
-3.2173 -1.5324 3.0342 80 200 120
-0.9418 -2.5975 2.6721 80 200 120
2.4076 -0.1579 2.5647 80 200 120
2.9238 -0.5201 2.4210 80 200 120
1.9024 -1.1402 0.0634 80 200 120
0.0685 -0.1193 -0.0002 80 200 120
-0.0266 -0.2025 -0.0273 80 200 120
3.9403 -3.2446 2.2064 80 200 120
0.0248 -0.2709 0.0215 80 200 120
0.7350 -0.4946 0.3087 80 200 120
0.2094 -0.0958 0.0092 80 200 120
0.2421 -0.0444 -0.0054 80 200 120
-63.5257 -89.6319 8.4201 80 200 120
-0.6475 -1.6737 0.3694 80 200 120
-1.7937 1.5292 0.2112 80 200 120
-2.7292 0.7253 0.0941 80 200 120
-1.1770 0.9395 0.2510 80 200 120
-4.2529 -0.1691 0.0280 80 200 120
-0.4409 -0.3939 0.1226 80 200 120
-8.5256 -14.7324 1.6913 80 200 120
-2.1333 -0.3586 0.9168 80 200 120
-2.8039 -2.9755 0.8141 80 200 120
-2.3757 -1.4765 0.3514 80 200 120
0.5086 0.3409 0.0168 80 200 120
0.5571 2.7886 -0.1336 80 200 120
0.0257 0.0733 -0.0294 80 200 120
0.2135 0.1049 -0.0046 80 200 120
0.0426 0.0840 -0.0280 80 200 120
0.0384 0.0735 -0.0456 80 200 120
3.5641 2.1570 0.5397 80 200 120
1.7558 -1.0758 1.3843 80 200 120
0.8169 -1.6026 2.1127 80 200 120
0.6916 -0.3289 1.9181 80 200 120
2.9119 -0.3783 0.8357 80 200 120
1.3030 -0.8626 2.7852 80 200 120
1.8648 1.0691 3.0908 80 200 120
0.2010 0.1276 0.0691 80 200 120
2.0918 0.6766 1.7832 80 200 120
0.3003 2.7167 2.5731 80 200 120
-3.2398 -0.0246 0.3097 80 200 120
0.7472 0.0145 2.7056 80 200 120
0.8592 4.2908 1.7618 80 200 120
1.3424 4.4199 2.1266 80 200 120
0.0846 0.1229 0.0667 80 200 120
3.5658 0.1161 3.2424 80 200 120
11.3157 -19.2037 -0.1702 80 200 120
2.6613 -1.6516 2.1565 80 200 120
2.8631 -1.5809 3.4814 80 200 120
-0.3064 -0.0115 0.1229 80 200 120
1.5131 -1.5873 1.9820 80 200 120
-0.3652 -1.6283 0.3019 80 200 120
2.8951 -3.3428 2.7818 80 200 120
0.4724 -2.4025 0.9171 80 200 120
3.1613 -2.3381 2.4832 80 200 120
0.4372 -0.0327 0.9693 80 200 120
0.0107 -0.5015 3.3678 80 200 120
5.1681 -6.8400 0.8226 80 200 120
-2.9947 -0.5995 1.0519 80 200 120
3.2248 -2.3739 4.0704 80 200 120
-1.1177 -0.1873 2.6656 80 200 120
-0.3446 0.1747 0.8555 80 200 120
3.2686 -2.9991 1.4206 80 200 120
3.1585 -4.8991 2.3837 80 200 120
0.0818 -0.1533 -0.0145 80 200 120
0.0972 -0.3422 0.1265 80 200 120
-176.5074 -771.8547 12.5175 80 200 120
5.7612 -4.1422 2.3327 80 200 120
2.7099 -1.3205 0.9020 80 200 120
0.0581 -0.1736 0.0148 80 200 120
0.1024 -0.1742 0.0137 80 200 120
2.1832 -2.6865 1.7804 80 200 120
0.0283 -0.1314 -0.0062 80 200 120
-0.0879 -0.3323 0.0213 80 200 120
-2.9192 1.0891 0.0025 80 200 120
-2.5516 0.1233 0.3335 80 200 120
-0.3570 0.1699 -0.0505 80 200 120
-4.3543 -3.7039 1.1675 80 200 120
-3.2161 -0.8416 1.4110 80 200 120
-4.0479 1.6078 2.0721 80 200 120
-0.3148 0.0326 0.0187 80 200 120
-3.3033 7.9953 0.1822 80 200 120
0.2432 0.1950 -0.0260 80 200 120
0.1120 0.9965 0.0700 80 200 120
0.0468 0.1688 -0.0348 80 200 120
0.0310 0.4493 -0.0519 80 200 120
-0.6281 0.8851 -0.0039 80 200 120
0.1215 0.0543 -0.0266 80 200 120
13.2511 25.8482 -1.6016 80 200 120
2.6885 0.2767 1.4981 80 200 120
0.1278 0.0102 0.0654 80 200 120
1.9416 -2.4072 1.7833 80 200 120
3.2517 -1.1670 2.2825 80 200 120
3.6431 -0.1497 1.0571 80 200 120
2.2613 -1.0655 1.9235 80 200 120
0.3311 -0.6453 0.3416 80 200 120
-1.3526 -0.0646 0.0015 80 200 120
0.0426 0.0647 0.1101 80 200 120
0.0005 0.0499 0.0901 80 200 120
-3.3855 -0.7841 1.7009 80 200 120
0.0042 2.1420 2.3432 80 200 120
-0.4113 -0.1598 0.1447 80 200 120
-0.2193 0.0151 0.0958 80 200 120
0.0097 -0.1796 0.0541 80 200 120
-1.9783 1.0198 2.9563 80 200 120
-23.6788 -5.2096 2.4837 80 200 120
-0.0524 -2.3232 2.9162 80 200 120
2.6455 -0.2813 2.3971 80 200 120
0.4017 -0.0283 0.7541 80 200 120
1.8803 -4.8554 0.6476 80 200 120
0.3860 -0.4745 0.2104 80 200 120
2.2499 -1.6641 0.6853 80 200 120
27.5243 3.6536 0.6303 80 200 120
3.4772 -0.1855 0.0481 80 200 120
0.2610 -0.1552 0.0665 80 200 120
18.1294 0.6251 0.2381 80 200 120
-1.7439 0.2122 0.1313 80 200 120
-3.0187 2.1704 0.5104 80 200 120
-4.3998 -0.7041 1.1951 80 200 120
-0.2725 -0.0361 -0.0048 80 200 120
-1.9468 1.6586 0.7167 80 200 120
-0.7371 -1.1520 0.0040 80 200 120
-6.2451 -6.5289 2.4804 80 200 120
-3.4417 -7.5640 0.2990 80 200 120
0.0020 0.5233 0.0082 80 200 120
-1.4121 4.1835 -0.2403 80 200 120
-0.0211 0.1844 -0.0368 80 200 120
0.2968 0.0453 -0.0060 80 200 120
-0.4518 0.7430 0.0015 80 200 120
0.3607 -0.0028 -0.0254 80 200 120
0.0643 0.0646 -0.0856 80 200 120
0.0361 0.0632 -0.0354 80 200 120
2.1306 0.6918 1.7738 80 200 120
1.2747 -0.3476 2.3569 80 200 120
2.8444 1.3402 0.4359 80 200 120
3.0475 0.1286 2.4396 80 200 120
2.1032 -0.3614 1.7465 80 200 120
1.1235 -1.1539 1.3333 80 200 120
1.3380 -1.0115 1.6684 80 200 120
-2.0578 -1.1786 0.9339 80 200 120
-2.0388 2.0823 2.0187 80 200 120
0.0527 -0.2373 0.0626 80 200 120
0.4819 -2.0423 1.0889 80 200 120
-0.2165 0.0806 0.3400 80 200 120
-0.1808 -0.0574 0.0458 80 200 120
2.3669 -1.3609 3.3753 80 200 120
0.1018 -0.2226 0.0514 80 200 120
0.2075 -0.3795 0.1330 80 200 120
2.6210 -4.6052 0.6778 80 200 120
0.1300 -0.0802 -0.0076 80 200 120
0.3432 -0.0363 0.0075 80 200 120
-0.0415 -0.2397 0.0166 80 200 120
-0.9335 -1.1326 -0.0004 80 200 120
0.0098 -0.1694 0.0105 80 200 120
0.3748 -0.0849 0.0171 80 200 120
-0.0062 -0.2012 0.0102 80 200 120
0.5651 -22.3176 3.8600 80 200 120
-1.9893 0.9812 0.1905 80 200 120
-0.1137 0.0499 -0.0175 80 200 120
0.1022 0.0771 -0.0194 80 200 120
0.0063 0.1140 -0.0240 80 200 120
0.0289 0.0571 -0.0574 80 200 120
0.2718 -0.0040 -0.0415 80 200 120
1.4298 0.3424 2.0152 80 200 120
-0.0220 0.0597 0.0407 80 200 120
2.0687 4.4535 1.6775 80 200 120
-2.7421 -1.0291 3.0390 80 200 120
0.4746 0.3291 0.1846 80 200 120
-3.0080 0.2019 2.8571 80 200 120
-0.1372 0.0365 0.0289 80 200 120
0.0014 0.0703 0.0522 80 200 120
-0.0836 -0.2269 0.3793 80 200 120
3.4051 -3.0933 1.4144 80 200 120
2.1778 -4.7980 1.4572 80 200 120
0.1571 -0.0413 0.8325 80 200 120
1.3808 -0.7172 0.8699 80 200 120
0.0276 -0.0769 -0.0291 80 200 120
7.0374 -12.1702 4.4925 80 200 120
0.0510 -0.1825 0.0017 80 200 120
7.7413 -0.3135 0.2130 80 200 120
0.1039 -0.2621 0.0778 80 200 120
-0.0352 -0.6593 0.1608 80 200 120
-0.3564 0.0392 0.0278 80 200 120
0.3937 0.1335 -0.0269 80 200 120
0.8403 8.7951 -0.5093 80 200 120
0.4153 0.0096 -0.0245 80 200 120
0.0360 0.0623 -0.0316 80 200 120
0.1101 0.0710 -0.0210 80 200 120
0.0834 0.1155 -0.0193 80 200 120
0.0988 0.0643 -0.0217 80 200 120
0.0010 0.1116 -0.0252 80 200 120
0.1387 0.0132 0.0718 80 200 120
0.1747 0.1010 0.0616 80 200 120
2.0046 0.3055 1.9427 80 200 120
-1.9468 -1.8936 2.8055 80 200 120
3.7069 0.7021 2.3902 80 200 120
0.3772 -2.2319 2.8443 80 200 120
-4.0894 1.5888 1.4359 80 200 120
-2.3421 0.3589 0.7870 80 200 120
2.1555 -4.4640 0.7030 80 200 120
1.3581 -7.1612 2.6884 80 200 120
0.1554 -0.1120 0.0234 80 200 120
0.0200 0.0906 -0.0334 80 200 120
0.2069 0.0466 -0.0260 80 200 120
1.3936 -0.2059 -0.0143 80 200 120
2.8197 0.2082 3.0185 80 200 120
1.4592 -0.4213 2.7243 80 200 120
2.0109 -4.3180 0.8123 80 200 120
1.9351 -5.6841 1.1432 80 200 120
0.0208 -0.3807 0.0493 80 200 120
-0.4212 -1.5099 0.3737 80 200 120
12.3969 -18.0442 11.4959 80 200 120
0.8049 0.0429 -0.0096 80 200 120
0.1644 -0.2831 0.1176 80 200 120
0.8793 -0.3106 0.2105 80 200 120
0.0274 -0.0927 -0.0257 80 200 120
0.5974 -0.0155 0.0372 80 200 120
0.3591 -0.1236 0.0429 80 200 120
0.0399 -1.4261 0.4988 80 200 120
-0.2939 -0.0388 -0.0013 80 200 120
1.3415 0.9120 -0.0181 80 200 120
2.3151 0.6362 0.2856 80 200 120
0.4035 -0.0434 -0.0500 80 200 120
0.4253 0.0866 0.0093 80 200 120
0.1982 0.0958 -0.0134 80 200 120
0.0154 0.0652 -0.0432 80 200 120
0.0413 0.0626 -0.0331 80 200 120
1.0983 -5.8176 7.2531 80 200 120
100.6635 17.1208 62.6352 80 200 120
-0.0862 -0.0574 0.0380 80 200 120
19.3608 -59.7513 31.2743 80 200 120
-0.0385 -0.7646 0.1040 80 200 120
0.0562 -0.0628 -0.0267 80 200 120
-2.6632 -1.0229 1.3320 80 200 120
-2.2327 -1.3351 0.8683 80 200 120
-0.3295 -0.0907 0.0238 80 200 120
-0.0225 0.2091 -0.0045 80 200 120
0.1570 0.0763 -0.0186 80 200 120
-0.0072 0.2189 -0.0099 80 200 120
-1.0915 2.1698 0.0350 80 200 120
-0.3837 0.5952 -0.0255 80 200 120
-0.0492 0.1891 -0.0291 80 200 120
0.0333 0.0686 -0.0313 80 200 120
0.0683 0.0836 -0.0374 80 200 120
0.0677 0.1975 0.0961 80 200 120
4.4040 -2.5955 2.4436 80 200 120
3.4838 -3.6092 1.8181 80 200 120
0.0335 -0.0684 -0.0276 80 200 120
-0.0850 -0.1939 -0.0251 80 200 120
-2.7206 -3.5951 0.0564 80 200 120
3.5282 -1.1257 0.9487 80 200 120
0.0665 -0.0588 -0.0260 80 200 120
1.6169 -1.2577 0.6399 80 200 120
-0.1920 0.0142 0.0028 80 200 120
-2.3693 -1.6920 0.8005 80 200 120
-2.2163 0.7748 0.9776 80 200 120
-3.4122 2.9510 1.2618 80 200 120
-1.1999 -2.5960 0.0839 80 200 120
0.5218 -0.0379 -0.0259 80 200 120
0.0303 0.1070 -0.0663 80 200 120
2.7473 0.5015 1.6771 80 200 120
0.2166 0.1427 0.0743 80 200 120
-0.5433 -0.2394 0.1874 80 200 120
11.5775 -5.6053 5.4088 80 200 120
0.2537 -0.0333 -0.0251 80 200 120
-2.8426 -0.4925 0.2869 80 200 120
-8.5734 2.9187 1.2913 80 200 120
-13.5354 10.6998 6.1452 80 200 120
-0.4504 -0.6608 0.0493 80 200 120
0.5061 0.1594 0.0121 80 200 120
-0.1525 0.3127 -0.0219 80 200 120
0.0418 0.0658 -0.0339 80 200 120
0.0334 0.1363 -0.1330 80 200 120
-0.0279 0.2057 -0.0340 80 200 120
1.5482 0.4589 1.0250 80 200 120
-0.1821 -0.0528 0.0487 80 200 120
0.8245 -1.0867 0.0457 80 200 120
0.2485 -0.1050 0.0178 80 200 120
2.9608 -2.8407 1.8961 80 200 120
6.6332 0.4580 0.7383 80 200 120
0.0400 -0.1505 -0.0076 80 200 120
1.4120 -0.8524 0.4471 80 200 120
-0.7542 -6.3064 1.9122 80 200 120
-1.5575 -3.8200 0.1342 80 200 120
32.7072 -55.8415 36.2506 80 200 120
-0.0735 -0.0085 -0.0304 80 200 120
-0.8503 1.7686 0.2142 80 200 120
-0.0884 0.2600 -0.0427 80 200 120
0.0460 0.0734 -0.0232 80 200 120
0.1257 0.0659 -0.0221 80 200 120
6.2135 -19.6571 7.6772 80 200 120
2.4583 -0.6710 0.3229 80 200 120
-0.8375 0.8414 0.0118 80 200 120
3.1028 4.4147 2.0586 80 200 120
-2.1498 -1.0286 0.0218 80 200 120
-1.1433 -3.0647 0.4785 80 200 120
-2.3984 -0.8170 0.4254 80 200 120
0.9868 0.0436 0.0606 80 200 120
0.1928 0.1286 -0.0465 80 200 120
2.6456 1.5316 1.1002 80 200 120
0.2110 0.1376 0.0733 80 200 120
3.3662 2.6393 1.5061 80 200 120
-1.8824 -2.0586 1.7308 80 200 120
-1.1869 -0.6267 0.3930 80 200 120
1.3887 0.3268 1.0475 80 200 120
1.8994 -4.3121 2.8891 80 200 120
3.4259 -4.0070 1.1304 80 200 120
5.0767 -6.1528 0.1395 80 200 120
0.1539 -0.1214 0.0219 80 200 120
0.1680 -0.1174 0.0279 80 200 120
-0.3490 0.0430 0.0299 80 200 120
-0.0810 0.0106 -0.0276 80 200 120
-0.4753 1.1298 -0.0806 80 200 120
-2.2154 3.5356 0.0879 80 200 120
-0.1323 0.3136 0.0063 80 200 120
0.2505 0.1338 0.0069 80 200 120
0.0319 0.0602 -0.0328 80 200 120
1.5086 0.4618 1.0028 80 200 120
5.6439 -28.9487 35.2261 80 200 120
-1.0080 -3.9336 1.3523 80 200 120
0.9051 -0.7506 0.4657 80 200 120
-0.3109 -1.5709 0.2380 80 200 120
5.6884 -0.2461 0.0720 80 200 120
-6.1673 14.1707 1.8054 80 200 120
0.0798 0.0532 -0.0344 80 200 120
0.1084 0.0571 -0.0237 80 200 120
-3.3309 4.4032 0.0549 80 200 120
0.0683 0.2622 -0.0002 80 200 120
0.0578 0.0707 -0.0246 80 200 120
-42.5102 0.6668 4.0717 80 200 120
4.5328 0.2952 0.4734 80 200 120
0.0777 -3.4840 1.3139 80 200 120
-0.2937 -1.5100 0.3617 80 200 120
-4.8895 -10.2525 0.5997 80 200 120
-1.8644 1.0420 0.8166 80 200 120
-1.8792 0.6153 0.2382 80 200 120
1.8457 1.7614 0.5359 80 200 120
-0.4717 0.0200 0.0247 80 200 120
-3.1206 -2.1226 2.4420 80 200 120
7.2972 5.7667 2.4871 80 200 120
-52.8900 -58.5278 1.4670 80 200 120
-2.3767 -0.5550 0.2777 80 200 120
-1.5247 0.1810 0.2418 80 200 120
-14.4328 10.0624 7.3772 80 200 120
-0.1424 0.0191 0.0045 80 200 120
-2.1380 0.3381 0.7275 80 200 120
-1.7899 0.2050 0.4464 80 200 120
-3.9563 -3.5889 1.5788 80 200 120
0.0559 0.0584 -0.0324 80 200 120
0.0582 0.1310 -0.0162 80 200 120
0.0306 0.0622 -0.0362 80 200 120
0.0046 0.1394 -0.0476 80 200 120
2.5311 -4.4004 1.1735 80 200 120
-0.0338 -0.3057 0.0590 80 200 120
4.6552 -2.2937 2.1694 80 200 120
0.0585 0.2217 -0.0027 80 200 120
0.0327 0.0729 -0.0444 80 200 120
0.1614 0.1245 0.0754 80 200 120
-1.6551 -4.3396 1.0713 80 200 120
-0.4584 -0.0728 0.1957 80 200 120
-2.8673 0.2661 1.1185 80 200 120
-0.7355 -0.8937 0.1894 80 200 120
-1.3207 1.3195 0.4728 80 200 120
0.5758 0.9378 0.0075 80 200 120
-0.2430 0.5242 0.0316 80 200 120
0.0492 0.0892 -0.0356 80 200 120
0.2749 0.1997 0.0385 80 200 120
-0.1632 -0.0994 0.0383 80 200 120
-5.6466 -4.1426 0.0505 80 200 120
-1.5851 -1.4191 0.0291 80 200 120
-2.5157 -2.5482 1.2554 80 200 120
0.5184 -3.5041 2.5058 80 200 120
-2.4977 -1.0996 0.9051 80 200 120
2.9490 -1.3164 2.6467 80 200 120
-1.7827 -1.1909 2.9759 80 200 120
-2.2526 -1.7577 0.8972 80 200 120
-2.1844 -2.8322 0.7021 80 200 120
-2.1426 0.2937 0.0055 80 200 120
-2.6472 -2.6889 1.0089 80 200 120
-2.0199 0.1606 0.9978 80 200 120
1.2393 1.5630 -0.1389 80 200 120
0.6198 0.0316 0.0112 80 200 120
-0.0018 0.5185 0.0517 80 200 120
3.7164 -3.6885 0.0623 80 200 120
2.4320 2.2544 1.4070 80 200 120
2.2410 0.6197 0.0084 80 200 120
1.1433 0.2213 0.0207 80 200 120
-1.0322 -1.3375 1.0360 80 200 120
-3.4778 -1.2647 3.0053 80 200 120
3.1527 1.7574 1.3250 80 200 120
-0.1039 1.8438 0.0211 80 200 120
-2.4766 -2.9179 1.5844 80 200 120
0.8279 -0.2814 1.5213 80 200 120
1.2686 -4.1815 1.6212 80 200 120
-0.7539 -3.7932 2.5557 80 200 120
0.0997 -0.3315 0.1499 80 200 120
-0.4844 -1.7161 0.0043 80 200 120
1.1184 -3.7987 2.6252 80 200 120
-0.3468 -0.7888 0.0200 80 200 120
2.1257 -2.1344 0.0272 80 200 120
-2.1099 -3.3280 0.0244 80 200 120
0.6650 0.0237 -0.0174 80 200 120
0.1424 -0.6510 0.1896 80 200 120
-0.7981 -2.6972 0.4110 80 200 120
-0.1716 -0.8749 0.0521 80 200 120
2.1306 -0.0978 0.3163 80 200 120
-1.1401 -2.4572 0.3343 80 200 120
-0.0088 -0.9520 0.1680 80 200 120
-0.1113 -1.7083 0.6281 80 200 120
1.4936 -0.2921 0.2776 80 200 120
0.7347 -0.1346 0.0483 80 200 120
-0.5074 1.5458 0.0099 80 200 120
-1.5638 0.7881 0.8232 80 200 120
-1.7808 0.2494 0.9617 80 200 120
-0.4520 0.8754 0.1062 80 200 120
-1.9569 -0.1248 1.0624 80 200 120
-1.4133 0.5932 0.7359 80 200 120
-1.9218 -0.0109 1.0574 80 200 120
-3.3018 -1.4615 0.0357 80 200 120
-4.0185 -4.0371 0.0754 80 200 120
-2.7532 -1.5170 0.0611 80 200 120
-2.8556 -1.8666 0.0371 80 200 120
-0.4414 1.0075 0.0038 80 200 120
-0.8795 1.0491 0.0047 80 200 120
-4.6971 -1.0415 0.0811 80 200 120
-1.9942 0.4054 0.9035 80 200 120
-2.5488 -0.4273 1.0437 80 200 120
-0.6328 0.8833 -0.0081 80 200 120
-3.9770 -0.4978 0.0580 80 200 120
-1.4892 1.0714 0.6441 80 200 120
-2.4075 -0.3332 1.2097 80 200 120
-0.9167 1.0731 0.0379 80 200 120
-1.5786 1.5374 -0.0980 80 200 120
-0.0418 1.3665 -0.0919 80 200 120
-0.8929 1.2055 -0.0104 80 200 120
0.6901 0.1475 0.0344 80 200 120
0.0940 0.0332 -0.1814 80 200 120
-0.3112 -2.7283 2.6180 80 200 120
2.8617 -0.9320 -0.0039 80 200 120
1.7658 -2.6736 0.0035 80 200 120
1.6994 0.7438 0.0083 80 200 120
-1.8969 -2.8415 2.8526 80 200 120
1.3776 4.3205 0.0246 80 200 120
-1.3766 -1.8603 2.0665 80 200 120
-2.8972 0.3633 3.1202 80 200 120
0.0895 1.5076 0.0301 80 200 120
0.3222 2.3190 0.0198 80 200 120
-0.4466 1.4537 0.0392 80 200 120
-3.6404 0.7122 -0.0259 80 200 120
-2.4714 0.3045 0.0301 80 200 120
-1.7092 0.5132 0.0157 80 200 120
-2.2600 -3.8235 1.4090 80 200 120
10.6306 -6.4042 2.0563 80 200 120
-2.3182 -4.3537 1.9315 80 200 120
-2.3587 -3.4243 1.1123 80 200 120
9.1273 -6.3513 1.7514 80 200 120
2.0273 -4.9287 2.6438 80 200 120
-2.4798 0.9019 0.8683 80 200 120
-0.1444 -1.2392 -0.0108 80 200 120
-2.8588 -4.7587 1.0957 80 200 120
-1.9758 -3.6442 -0.0075 80 200 120
2.1002 -4.2426 1.6386 80 200 120
0.1812 -0.8487 0.0644 80 200 120
0.8641 -7.2677 1.7989 80 200 120
-2.3462 1.1800 0.0230 80 200 120
-1.9779 0.6341 1.1236 80 200 120
-2.8453 0.6110 -0.0287 80 200 120
-0.5718 1.3619 0.1506 80 200 120
-2.7694 -0.9865 1.6444 80 200 120
-4.3267 -5.0226 0.0771 80 200 120
-4.1359 -5.6049 0.1030 80 200 120
-4.0966 -6.8588 0.1212 80 200 120
-3.3519 -3.7083 0.6206 80 200 120
-5.0365 -8.6384 1.1646 80 200 120
-2.6937 -3.4719 0.6226 80 200 120
-2.1404 -1.0544 1.0140 80 200 120
-3.0523 -0.1628 1.3932 80 200 120
-2.0794 0.4272 1.2295 80 200 120
1.1210 0.3692 0.0533 80 200 120
1.9078 0.3242 -0.0168 80 200 120
2.9265 -1.9526 0.2422 80 200 120
-1.9837 1.6509 -0.0071 80 200 120
1.3156 -4.5300 5.4269 80 200 120
1.8172 6.2985 2.4864 80 200 120
-0.5651 2.1323 0.6565 80 200 120
3.3817 5.9201 2.6826 80 200 120
-2.4839 -3.3856 5.3875 80 200 120
0.1987 1.7920 3.6816 80 200 120
-0.1261 1.8329 3.5138 80 200 120
0.6201 1.7256 3.7956 80 200 120
-0.6376 1.2387 0.0080 80 200 120
1.9001 2.9770 0.4173 80 200 120
-1.0333 1.0434 0.0044 80 200 120
-4.3179 0.9178 2.5582 80 200 120
-3.2879 1.1965 1.1315 80 200 120
5.3081 1.0929 3.8733 80 200 120
-3.6519 0.9946 1.2401 80 200 120
-2.4653 -0.9737 0.0275 80 200 120
0.5402 -1.7788 0.0063 80 200 120
-2.4852 -4.7465 2.9587 80 200 120
-2.9362 0.3696 3.1627 80 200 120
-3.6500 1.6801 2.8806 80 200 120
-2.4071 -2.4010 0.1898 80 200 120
-2.6483 -1.3955 3.1285 80 200 120
-4.0050 2.4323 3.1937 80 200 120
-2.4234 -1.1024 3.1995 80 200 120
1.7443 -0.5072 3.1303 80 200 120
-0.9697 0.7988 3.2204 80 200 120
-2.9630 -0.3578 0.0091 80 200 120
-1.9293 -1.1555 -0.0052 80 200 120
-2.7513 2.4517 2.1490 80 200 120
0.3455 -0.0357 1.4707 80 200 120
3.4390 -4.5518 1.9068 80 200 120
3.1726 -4.3665 0.3662 80 200 120
3.4329 -4.6488 2.5077 80 200 120
0.3290 -1.4488 0.4840 80 200 120
3.4873 -4.2637 0.6935 80 200 120
0.6115 -3.1763 0.5601 80 200 120
1.9647 -0.8603 0.5246 80 200 120
1.9253 -1.3413 -0.0014 80 200 120
3.3611 -2.5877 1.3399 80 200 120
3.4087 -3.6856 1.6949 80 200 120
2.7108 -1.9089 0.5674 80 200 120
2.3972 -2.9065 0.0509 80 200 120
2.9297 -4.7218 3.0453 80 200 120
1.8413 -1.4515 0.0359 80 200 120
0.5735 -2.3284 3.0987 80 200 120
3.2992 -3.0835 3.0666 80 200 120
0.4248 -3.1896 2.1541 80 200 120
2.0073 -4.7208 3.0257 80 200 120
1.1853 -4.2073 2.6641 80 200 120
2.8001 -1.7093 0.5812 80 200 120
3.3572 -4.6050 2.4010 80 200 120
2.6928 -1.1666 0.7289 80 200 120
1.4650 -4.4602 1.6989 80 200 120
2.8408 -4.8961 1.2430 80 200 120
3.4746 -4.2549 1.4101 80 200 120
3.4295 -3.1166 1.4605 80 200 120
3.4423 -4.9382 0.9465 80 200 120
0.0360 -3.8352 3.0930 80 200 120
3.3088 -2.8354 0.5416 80 200 120
3.3974 -2.6321 2.6738 80 200 120
1.8590 -5.5448 1.0800 80 200 120
3.3026 -0.5899 1.7031 80 200 120
0.8878 -3.1450 2.4060 80 200 120
1.6614 -0.5247 3.0563 80 200 120
2.4551 -2.5390 3.1064 80 200 120
2.3606 -2.9799 3.0849 80 200 120
2.5971 -1.4329 3.0923 80 200 120
3.4197 -4.3197 2.9549 80 200 120
-0.1354 -3.3893 3.2013 80 200 120
1.6641 -3.8627 3.1019 80 200 120
3.3999 -1.3382 2.3276 80 200 120
2.4115 -4.8799 0.7226 80 200 120
0.1336 -1.8592 1.2980 80 200 120
3.4226 -1.5498 3.0198 80 200 120
1.2396 -2.2100 -0.0021 80 200 120
1.9479 -4.9386 1.7085 80 200 120
1.9555 -3.3367 3.0277 80 200 120
3.5646 -0.5941 2.9768 80 200 120
-0.7840 -2.2219 3.1306 80 200 120
0.4881 -2.5777 2.7502 80 200 120
3.2844 -1.9767 3.0642 80 200 120
2.3297 -4.4021 3.1349 80 200 120
3.3018 -2.0111 2.6154 80 200 120
2.3933 -0.4823 0.5132 80 200 120
2.0513 -4.8878 2.3057 80 200 120
1.9010 -2.4481 3.1125 80 200 120
1.3292 -1.7158 3.0953 80 200 120
1.6062 -2.9124 3.1011 80 200 120
-0.4699 -2.0334 1.3394 80 200 120
1.0415 -2.4845 3.0448 80 200 120
-1.2476 -1.7402 3.0710 80 200 120
2.4872 -0.8173 0.6798 80 200 120
2.2194 -4.6052 1.2233 80 200 120
3.3537 -2.0098 1.9414 80 200 120
0.6156 -2.4645 2.1790 80 200 120
-0.1595 -1.1299 3.1568 80 200 120
0.6982 -2.4182 0.3228 80 200 120
3.1323 -1.6822 0.8306 80 200 120
1.3570 -4.6150 1.3549 80 200 120
-1.0009 -3.2252 2.7675 80 200 120
-1.7348 -3.8641 3.2797 80 200 120
1.8800 -1.3261 3.1903 80 200 120
-0.8798 -2.3305 2.2718 80 200 120
3.4054 -0.9723 2.4077 80 200 120
2.0839 -0.5795 0.1664 80 200 120
2.4451 -1.9345 3.0758 80 200 120
0.8514 -0.4568 3.1168 80 200 120
-1.4404 -1.2564 3.1790 80 200 120
3.3743 -0.6359 1.0322 80 200 120
3.2606 -1.6991 2.2409 80 200 120
4.4167 -5.9777 0.7228 80 200 120
3.3633 -1.0083 3.0002 80 200 120
3.2496 -2.3347 2.9484 80 200 120
3.3409 -1.2123 1.6007 80 200 120
-1.5622 -1.6189 3.1596 80 200 120
3.4333 -1.4258 1.2629 80 200 120
-0.6801 -0.9377 3.1766 80 200 120
0.9342 -1.7299 3.0828 80 200 120
-0.4986 -3.1031 3.2483 80 200 120
0.5737 -1.2559 3.1372 80 200 120
-0.8172 -1.8646 3.1305 80 200 120
-0.0517 -2.5470 3.1130 80 200 120
0.5544 -2.3865 1.1937 80 200 120
0.1292 -0.4706 3.1919 80 200 120
2.7657 -0.7361 3.0952 80 200 120
1.6273 -1.7069 3.0813 80 200 120
-0.4995 -1.1567 3.1281 80 200 120
-0.0553 -1.8799 3.1013 80 200 120
-0.9322 -0.4583 3.2450 80 200 120
2.8352 -4.9304 2.5909 80 200 120
-1.4335 -0.6651 3.0858 80 200 120
-0.4199 -1.7155 3.2966 80 200 120
2.0035 -0.7496 3.0676 80 200 120
1.0715 -0.6256 3.1448 80 200 120
3.3825 -1.6348 1.5720 80 200 120
3.4511 -6.7188 2.9015 80 200 120
0.1323 -0.8656 3.1625 80 200 120
-1.2609 -0.9211 3.1779 80 200 120
3.4054 -3.8771 2.4785 80 200 120
-0.9526 -1.5469 3.2015 80 200 120
1.2037 -1.3158 3.1197 80 200 120
-1.0226 -2.6147 3.1103 80 200 120
3.3951 -0.3125 1.6729 80 200 120
2.5970 -3.6981 3.0985 80 200 120
1.3814 -3.2982 3.0982 80 200 120
2.2090 -1.3529 3.1261 80 200 120
0.4708 -3.2047 2.5448 80 200 120
2.7090 -1.1076 2.8009 80 200 120
-0.7970 -0.6814 3.2559 80 200 120
3.4533 -2.5191 1.7933 80 200 120
3.4100 -2.3722 1.2362 80 200 120
-0.1966 -0.9017 3.1571 80 200 120
0.1244 -1.3589 3.1139 80 200 120
1.5457 -2.1845 0.0255 80 200 120
1.7350 -0.1671 0.0136 80 200 120
0.5819 -2.7191 0.5835 80 200 120
1.8513 -1.2543 0.0217 80 200 120
3.4724 -3.1295 1.1085 80 200 120
0.7106 0.0250 2.9596 80 200 120
0.8111 -1.4349 3.1306 80 200 120
0.2653 0.0339 3.1066 80 200 120
-1.6518 -1.0583 3.2338 80 200 120
2.5242 -0.2863 3.1263 80 200 120
0.3298 -0.0499 0.5246 80 200 120
2.4564 -0.1806 0.5539 80 200 120
2.8607 -3.3732 3.1194 80 200 120
3.3416 -0.5336 2.1273 80 200 120
-0.9330 -4.1948 3.3407 80 200 120
-0.4280 -2.5544 3.1472 80 200 120
0.3678 -2.4634 1.4576 80 200 120
2.3566 -0.0218 0.7049 80 200 120
0.4746 -1.6892 3.1504 80 200 120
1.8614 -0.2247 3.0621 80 200 120
-0.0845 -2.0561 1.2943 80 200 120
-0.2959 3.9265 2.8866 80 200 120
-0.0448 2.7094 2.3708 80 200 120
-0.1369 2.3740 0.9604 80 200 120
-3.6680 -0.9087 2.9132 80 200 120
-1.3701 2.8077 2.3167 80 200 120
-1.6831 2.1437 2.0749 80 200 120
1.6136 3.2829 0.0826 80 200 120
-0.2245 1.8870 0.6771 80 200 120
2.4713 3.2886 0.8158 80 200 120
1.4535 3.6301 0.0515 80 200 120
-0.1468 1.4267 0.3799 80 200 120
-0.3630 3.1858 0.2904 80 200 120
3.0483 3.5411 1.1460 80 200 120
0.1858 2.7215 0.0459 80 200 120
3.4567 1.0519 2.8833 80 200 120
-2.1255 1.7169 0.4939 80 200 120
-0.6406 3.2204 1.7066 80 200 120
3.2587 0.7975 2.9780 80 200 120
-2.2051 -3.0107 0.0269 80 200 120
-3.1597 -4.7921 3.0032 80 200 120
-2.2114 -2.5040 0.0246 80 200 120
-2.4067 -3.4929 1.6102 80 200 120
-1.3823 -4.1509 2.5453 80 200 120
-2.3351 -1.3248 0.7790 80 200 120
-0.8151 -1.4317 3.0966 80 200 120
-3.4364 -0.7580 0.8459 80 200 120
-1.6379 -3.8308 0.4917 80 200 120
-3.8205 -0.7811 -0.0009 80 200 120
2.2766 -4.9656 0.3345 80 200 120
3.6833 -3.9902 0.4913 80 200 120
1.3826 -3.3288 0.0366 80 200 120
-2.9851 -5.0145 0.0451 80 200 120
-2.0015 -1.8469 0.0473 80 200 120
2.0077 -2.3640 0.0654 80 200 120
-0.1314 -1.2653 0.0073 80 200 120
2.5558 -3.0490 0.0296 80 200 120
1.9008 -4.7526 1.6625 80 200 120
1.6899 -1.3664 0.0336 80 200 120
1.6666 -5.4197 1.5771 80 200 120
2.7685 -4.7522 1.7317 80 200 120
3.3426 -2.7585 1.8486 80 200 120
2.9881 -4.4096 2.7594 80 200 120
3.4684 -4.0937 1.5767 80 200 120
0.4534 -2.5000 0.6841 80 200 120
0.4421 -2.0950 -0.0157 80 200 120
-1.2917 -3.6665 0.7911 80 200 120
0.1598 -1.6424 0.3393 80 200 120
-0.0607 -1.6700 0.3085 80 200 120
3.4574 -2.5174 1.0229 80 200 120
3.3923 -3.2717 2.1786 80 200 120
0.0415 -1.6640 0.5744 80 200 120
2.6535 -1.0029 0.5380 80 200 120
-1.7464 -3.6901 0.2785 80 200 120
3.3569 -1.9984 1.1118 80 200 120
-2.2802 -1.0441 0.8464 80 200 120
-2.6929 -0.8197 0.0261 80 200 120
-2.4072 -0.9442 0.0120 80 200 120
-2.6474 -1.9114 0.0062 80 200 120
-2.1893 -1.0614 0.0160 80 200 120
-2.0825 -2.3354 0.0309 80 200 120
-2.1231 -3.4556 -0.0233 80 200 120
-2.5086 -0.3869 0.0155 80 200 120
-2.8754 0.1263 0.0045 80 200 120
-1.9911 -1.6820 -0.0114 80 200 120
-2.6233 -2.5757 1.1727 80 200 120
-2.2211 -3.0414 0.0603 80 200 120
-2.2049 -2.8216 0.4885 80 200 120
-2.8843 0.4417 0.9455 80 200 120
-2.5184 -2.3679 0.7095 80 200 120
-2.4347 -1.0584 0.5175 80 200 120
-2.5301 -1.8247 0.8405 80 200 120
-4.1450 -0.0041 0.4363 80 200 120
-2.5952 -2.0808 0.3266 80 200 120
-2.1601 -3.1514 0.4210 80 200 120
-2.8941 0.8052 1.0015 80 200 120
-2.4530 -0.9420 0.3277 80 200 120
-3.7672 -0.5802 0.7191 80 200 120
-2.4259 -1.6795 0.4157 80 200 120
-4.0796 -0.6384 0.4333 80 200 120
-2.5380 -0.4628 1.0980 80 200 120
-2.6173 -1.8106 1.2867 80 200 120
-3.2703 -0.9861 0.9945 80 200 120
-3.6373 -1.2210 2.0529 80 200 120
-3.2735 0.6829 1.4967 80 200 120
-2.3487 -0.9237 0.6655 80 200 120
-4.3344 -1.2383 0.5024 80 200 120
-2.3674 -1.5574 0.1476 80 200 120
-2.9411 0.0669 0.8294 80 200 120
-2.3120 -1.4902 0.5646 80 200 120
-5.6331 1.0738 1.0942 80 200 120
-2.4433 -4.6448 0.3383 80 200 120
-3.2980 0.3720 0.7767 80 200 120
-2.7785 -1.6589 1.4635 80 200 120
3.4414 -3.6371 2.8775 80 200 120
2.0101 -1.9931 0.0510 80 200 120
-0.6532 0.0440 2.8486 80 200 120
2.3632 0.2163 0.6346 80 200 120
1.7344 -0.4378 0.0307 80 200 120
1.8854 -1.0969 0.0597 80 200 120
3.2728 0.4806 2.0683 80 200 120
1.7784 -0.8776 0.0671 80 200 120
2.9241 0.1998 3.0650 80 200 120
0.4373 -2.8499 0.7311 80 200 120
0.3863 -3.0048 2.8547 80 200 120
-1.3852 -2.6633 2.8084 80 200 120
3.3757 0.6225 0.9878 80 200 120
3.4146 -0.2535 3.0518 80 200 120
3.3225 -4.4767 1.8931 80 200 120
-0.1378 0.0121 2.1872 80 200 120
0.6592 -3.7818 1.3314 80 200 120
3.2417 0.5369 0.2406 80 200 120
-1.6622 -1.1414 3.0837 80 200 120
-2.9015 -0.8807 0.0583 80 200 120
2.0479 -2.9199 0.0296 80 200 120
-2.5643 -2.7237 0.6917 80 200 120
0.6468 -2.3337 3.0028 80 200 120
-1.7431 -4.2207 1.9146 80 200 120
1.0334 -3.4870 2.7996 80 200 120
0.5079 -3.2616 2.7889 80 200 120
-2.1415 -4.6133 1.5054 80 200 120
-0.5664 -2.1374 0.6788 80 200 120
-2.2507 -3.0515 0.3713 80 200 120
-2.8449 -2.9507 3.0759 80 200 120
3.0736 -4.7318 2.2247 80 200 120
-1.9939 -3.2658 3.0873 80 200 120
0.2050 -3.9272 3.0966 80 200 120
-0.2203 -1.6533 0.9138 80 200 120
-3.5068 -3.1263 2.7096 80 200 120
-2.3187 -1.3899 1.0724 80 200 120
-2.4632 0.1284 3.1287 80 200 120
-3.2663 0.2212 3.0791 80 200 120
-3.6189 0.8393 2.2093 80 200 120
-2.8638 -1.2086 0.7125 80 200 120
-1.9633 -0.4824 3.1519 80 200 120
-3.2730 -2.5810 3.0066 80 200 120
-2.0289 -2.8183 3.1086 80 200 120
0.5275 -2.5927 2.7301 80 200 120
1.3348 -2.4835 3.0473 80 200 120
-3.4278 -2.1444 2.8432 80 200 120
-0.0312 -1.6495 0.4790 80 200 120
-2.5025 -1.3784 1.4280 80 200 120
-0.1386 -1.6474 0.4650 80 200 120
2.3654 -4.8008 2.0620 80 200 120
-1.9223 -4.4442 2.7285 80 200 120
-2.4931 -2.7860 0.4040 80 200 120
0.3811 -1.9926 0.0290 80 200 120
-2.8037 -0.3432 0.0226 80 200 120
0.6816 -2.3005 0.0008 80 200 120
-1.3008 -2.7847 -0.0024 80 200 120
-2.9570 0.4582 0.9731 80 200 120
-0.5195 -1.8082 -0.0131 80 200 120
1.1959 -2.3124 0.0258 80 200 120
0.7215 -2.3245 0.0364 80 200 120
3.4521 -3.6930 0.4706 80 200 120
1.7861 -5.4189 1.0168 80 200 120
1.4313 -3.5700 -0.0118 80 200 120
1.5390 -2.3608 -0.0050 80 200 120
1.6205 -3.3049 0.0187 80 200 120
3.4110 -3.5507 1.6934 80 200 120
3.4820 -2.9374 1.1068 80 200 120
1.9336 -4.7174 1.2033 80 200 120
2.7097 -4.6409 2.9054 80 200 120
1.9750 -4.7515 2.2352 80 200 120
0.5728 -2.1387 0.5204 80 200 120
-0.4738 -1.9894 0.3284 80 200 120
4.3465 -2.1419 1.9216 80 200 120
5.0121 -2.0804 1.9035 80 200 120
2.2635 -4.6620 1.7045 80 200 120
3.4204 -3.9432 2.4413 80 200 120
-0.6613 -2.1471 -0.0044 80 200 120
1.1754 -3.7612 1.8862 80 200 120
-0.0604 -1.6672 0.1001 80 200 120
-4.3351 0.9546 2.6057 80 200 120
-2.3554 -2.6293 0.4007 80 200 120
-3.1413 1.5234 1.1269 80 200 120
-3.2783 -0.8152 1.0088 80 200 120
-3.4853 2.1060 1.4507 80 200 120
-2.9536 -0.1785 1.3326 80 200 120
-3.3269 -0.0454 0.6609 80 200 120
-2.8826 -0.0256 1.1310 80 200 120
-2.2233 1.0884 0.2499 80 200 120
-3.0728 -0.0609 0.0449 80 200 120
-3.5182 -0.9716 0.8203 80 200 120
-3.3489 1.0190 1.5668 80 200 120
-3.0313 -0.4947 0.9075 80 200 120
-4.8651 2.7975 2.5752 80 200 120
-1.9014 -1.8684 0.0387 80 200 120
-2.3882 1.0430 0.4905 80 200 120
-4.0320 -0.3338 0.4167 80 200 120
-10.0140 0.1009 5.6827 80 200 120
-2.4599 -3.7241 0.8516 80 200 120
-3.7685 2.4417 0.8261 80 200 120
-2.3898 1.4842 0.2873 80 200 120
-3.3640 0.9231 2.0121 80 200 120
-1.2911 0.7400 0.0262 80 200 120
-2.4149 -2.6613 0.7244 80 200 120
-2.7642 0.9594 0.9964 80 200 120
-2.3674 -2.0230 1.2429 80 200 120
-3.1970 2.2766 1.0581 80 200 120
-2.8252 -0.8555 1.1306 80 200 120
-2.9029 2.0485 1.3651 80 200 120
-2.9734 -0.2283 1.0788 80 200 120
-2.3960 -2.2421 0.3899 80 200 120
-3.1759 -0.2588 0.7278 80 200 120
-3.0609 2.2586 0.3423 80 200 120
-2.1337 -4.0792 -0.0262 80 200 120
-3.5397 0.2982 1.8056 80 200 120
-1.6701 0.1061 0.6705 80 200 120
-2.3512 -1.1878 0.2284 80 200 120
-10.3582 0.8207 1.1934 80 200 120
-2.3583 -2.7148 1.0555 80 200 120
-3.1347 -0.4191 1.5006 80 200 120
3.3348 0.3396 1.8490 80 200 120
3.5204 1.0561 2.2961 80 200 120
2.5323 -3.5351 0.0950 80 200 120
3.3322 1.2204 0.5892 80 200 120
3.2432 0.7659 2.6472 80 200 120
0.8195 -2.7162 2.8205 80 200 120
2.0098 -0.1557 0.0605 80 200 120
-1.3507 -3.6733 3.1307 80 200 120
2.1021 -0.3406 0.0131 80 200 120
3.2034 0.1828 2.5602 80 200 120
1.5716 -0.5093 2.9022 80 200 120
-2.9115 -1.5240 1.5902 80 200 120
-3.4062 -3.0842 2.5453 80 200 120
-1.4112 -1.2645 3.1082 80 200 120
-0.0113 -1.1133 3.1429 80 200 120
-3.1867 -1.9932 2.6203 80 200 120
-2.0681 -2.8590 3.1230 80 200 120
-3.2483 -2.5165 3.4935 80 200 120
-2.2108 -1.3151 2.9246 80 200 120
-1.3071 -1.8951 3.0012 80 200 120
-1.5705 -1.7574 3.1277 80 200 120
-2.9449 -0.2214 1.3354 80 200 120
1.8869 -3.7785 6.5923 80 200 120
-3.5822 -1.7665 3.3469 80 200 120
-0.6225 -2.0359 3.2575 80 200 120
-0.5878 -1.3773 3.6614 80 200 120
0.6189 -1.3954 3.3974 80 200 120
0.1350 -0.4453 3.1768 80 200 120
0.8460 -0.9403 2.5323 80 200 120
-1.0426 -1.4729 3.1810 80 200 120
-2.2622 -1.6961 3.0014 80 200 120
-3.0568 -2.4439 2.7936 80 200 120
-3.9340 -1.7223 2.7233 80 200 120
-2.3080 -0.6437 3.0135 80 200 120
-0.3506 -1.5954 3.5237 80 200 120
-1.1234 -0.3951 3.5277 80 200 120
-0.6378 -0.9386 3.0432 80 200 120
-2.2603 -0.4870 3.4414 80 200 120
-3.9589 -0.4242 2.4127 80 200 120
-2.8671 -0.6961 1.0635 80 200 120
1.0559 -0.2420 2.6126 80 200 120
0.9338 -0.5081 2.5892 80 200 120
-4.0800 -0.8952 3.1096 80 200 120
-2.7534 -2.6785 2.8704 80 200 120
-2.6847 -0.4261 2.9787 80 200 120
-2.5293 -1.0491 2.8516 80 200 120
-2.2219 -1.5451 1.2961 80 200 120
-2.9156 -0.9046 1.1800 80 200 120
-0.0415 -0.5931 2.7866 80 200 120
-3.1224 -0.7029 1.5923 80 200 120
-2.9929 -0.8363 1.8347 80 200 120
0.5769 -0.5432 2.8177 80 200 120
-0.7407 -0.6481 3.1097 80 200 120
0.2133 -2.0220 2.9715 80 200 120
9.0655 -1.8456 11.1738 80 200 120
-3.2614 -1.8760 2.3057 80 200 120
-0.2354 -0.8410 2.9006 80 200 120
-3.4718 -2.7334 2.3959 80 200 120
1.1979 -1.8183 3.5817 80 200 120
0.1709 -0.9821 3.3128 80 200 120
7.0232 -3.3291 11.6256 80 200 120
-0.1939 -0.3724 2.6163 80 200 120
-1.4742 -0.6820 3.2302 80 200 120
0.9913 -0.5627 2.1802 80 200 120
-0.5812 -1.6427 3.2893 80 200 120
-0.9643 -1.1055 3.3122 80 200 120
-3.1926 -0.6046 0.9068 80 200 120
2.1084 -0.9682 2.4618 80 200 120
-2.9747 -0.8904 2.9307 80 200 120
-1.2373 -0.9653 3.2805 80 200 120
1.0179 -1.5589 4.2284 80 200 120
-0.9713 -1.7212 2.9682 80 200 120
-3.2325 -0.2995 1.1407 80 200 120
-1.8791 -1.6454 2.9250 80 200 120
-2.1917 -1.0142 2.9915 80 200 120
-3.0710 -1.1874 1.4645 80 200 120
-2.3251 -1.0407 0.8344 80 200 120
3.8857 -0.2525 3.5295 80 200 120
-3.2422 -0.1454 0.8565 80 200 120
-1.9035 -1.3122 3.0019 80 200 120
-1.2416 -0.2399 2.9964 80 200 120
-0.6236 -0.0486 2.6799 80 200 120
-3.1871 -1.0308 0.9164 80 200 120
-3.5446 -1.3733 2.0922 80 200 120
-3.2466 0.1519 1.5249 80 200 120
-2.6514 -0.2228 3.4724 80 200 120
1.0984 -1.0782 2.5149 80 200 120
-2.1266 0.0903 2.7503 80 200 120
-2.7497 0.1320 2.6714 80 200 120
-0.4669 -2.6112 3.2070 80 200 120
-2.0711 -1.0662 0.8946 80 200 120
-3.7910 -0.0207 0.3701 80 200 120
-2.9020 -0.5440 2.7727 80 200 120
-1.6030 -3.2313 3.2919 80 200 120
-4.1379 -0.8126 0.3500 80 200 120
3.3107 -0.1958 3.5867 80 200 120
2.8840 -4.7233 2.9878 80 200 120
-2.4025 -2.8011 0.9866 80 200 120
-3.1392 -3.8936 3.0147 80 200 120
-3.4079 0.3295 1.8701 80 200 120
-3.3499 -0.9925 3.0358 80 200 120
-3.1963 -0.3651 3.0933 80 200 120
1.1244 -0.5973 3.1732 80 200 120
1.4911 -2.9986 3.0165 80 200 120
-3.7111 -1.1159 1.0704 80 200 120
-3.5571 -3.9901 2.7971 80 200 120
-2.2732 -1.3492 0.0076 80 200 120
-2.1550 -3.6872 0.0630 80 200 120
0.3711 -1.9786 0.4341 80 200 120
-2.3104 2.2657 3.8347 80 200 120
2.1310 -4.6138 2.8671 80 200 120
3.5240 -4.7530 0.9958 80 200 120
2.9804 -2.0203 0.2664 80 200 120
0.9836 -3.7018 0.3487 80 200 120
3.0103 -3.7504 2.6417 80 200 120
1.8583 -0.4694 0.0332 80 200 120
0.7913 -5.6499 0.5277 80 200 120
0.5770 -3.2579 1.2043 80 200 120
-0.0456 -1.7262 0.4850 80 200 120
2.3196 -0.6362 0.3052 80 200 120
2.6483 -1.1483 0.6793 80 200 120
1.8094 -0.9231 0.0444 80 200 120
0.6074 -2.3534 1.1476 80 200 120
0.1230 -1.3228 0.0273 80 200 120
-3.7009 -1.0872 2.3185 80 200 120
-2.5169 -2.4546 1.1156 80 200 120
-2.5281 -4.2491 0.4757 80 200 120
-4.1457 0.7363 0.4950 80 200 120
-3.1863 -0.1156 0.9263 80 200 120
-2.7973 -1.0678 1.4020 80 200 120
-2.3249 -3.1016 0.9443 80 200 120
-2.4449 -1.2775 0.5578 80 200 120
-2.3013 -1.5953 1.0938 80 200 120
-3.2473 -0.7334 1.6339 80 200 120
0.0044 -0.0474 0.0047 80 200 120
-3.5447 0.8615 0.2964 80 200 120
-1.9653 -3.6676 0.7323 80 200 120
1.8381 -0.1299 0.0268 80 200 120
0.0561 -0.0469 0.0178 80 200 120
0.0526 -0.0356 -0.0249 80 200 120
0.2356 -0.0436 -0.0010 80 200 120
0.1567 -0.0293 -0.0445 80 200 120
0.0905 -0.0435 0.0076 80 200 120
1.8224 -0.2308 -0.0393 80 200 120
0.3475 -0.0370 -0.0064 80 200 120
3.4675 -3.8013 0.5072 80 200 120
3.3315 -3.1663 2.0559 80 200 120
3.5534 1.3113 2.9917 80 200 120
1.5597 -4.5878 0.9069 80 200 120
2.0421 -1.0190 0.0508 80 200 120
2.5010 0.5062 0.0684 80 200 120
2.4524 0.9564 0.0536 80 200 120
3.3351 1.7396 3.1296 80 200 120
2.8380 -1.4674 0.5624 80 200 120
2.6847 1.4234 -0.0599 80 200 120
-3.3635 -3.1676 2.9254 80 200 120
-2.5921 -2.8274 3.1325 80 200 120
-0.7961 0.0051 2.2130 80 200 120
1.5571 -0.2829 2.8406 80 200 120
-2.6177 0.4031 0.8960 80 200 120
-1.9790 0.3015 2.2509 80 200 120
-1.8685 0.0621 2.9424 80 200 120
-3.8410 0.5940 0.3585 80 200 120
-3.3908 -0.0542 0.6666 80 200 120
-0.7532 -2.2710 3.1258 80 200 120
-3.6352 0.5112 1.9586 80 200 120
-3.3141 0.0827 2.6847 80 200 120
1.5379 -0.3560 1.6775 80 200 120
-2.8052 -0.5454 1.2301 80 200 120
-0.1242 -2.3342 3.9985 80 200 120
3.2641 -3.8481 1.5910 80 200 120
0.0529 -1.6397 0.5753 80 200 120
-3.3596 -0.2344 1.4616 80 200 120
-0.7314 -2.2041 3.0923 80 200 120
2.0173 -3.3162 3.0360 80 200 120
-2.0023 0.3122 3.1203 80 200 120
2.3668 -3.0005 3.0862 80 200 120
-1.3595 -1.2618 3.0939 80 200 120
-2.6306 0.7155 3.0994 80 200 120
-1.5513 -0.9804 3.0789 80 200 120
-2.3375 -1.7151 3.1020 80 200 120
-2.1468 -2.1599 3.1280 80 200 120
3.4950 -3.3831 0.9479 80 200 120
-3.3432 -0.7497 1.7399 80 200 120
-2.1168 -1.4653 -0.0057 80 200 120
-2.2119 -1.7382 0.0411 80 200 120
-2.7791 -0.6541 0.0578 80 200 120
1.4527 -4.5149 0.8473 80 200 120
1.6855 -3.8497 3.1322 80 200 120
2.7284 -1.7195 0.5339 80 200 120
3.3820 -3.5833 2.7403 80 200 120
2.8300 -1.4726 0.6179 80 200 120
3.4583 -3.9458 1.0556 80 200 120
2.7374 -1.9354 0.5539 80 200 120
3.6919 -2.0945 1.9680 80 200 120
-0.7040 -2.2307 0.2933 80 200 120
2.2561 -0.7095 0.0254 80 200 120
0.3601 -2.6016 0.5605 80 200 120
3.3528 -2.2891 1.8666 80 200 120
2.5519 -0.7691 0.6868 80 200 120
1.4725 -2.6416 0.0295 80 200 120
1.7413 -3.8904 0.1020 80 200 120
0.5716 -2.1992 0.2824 80 200 120
3.2583 -1.4059 1.2519 80 200 120
-2.0364 -1.9793 1.2752 80 200 120
-0.5614 -1.9128 0.0351 80 200 120
-2.0691 -1.2289 0.0050 80 200 120
-2.3976 -1.2085 1.1573 80 200 120
-2.7957 0.2297 1.1392 80 200 120
-3.6881 1.4515 1.8697 80 200 120
-2.5488 0.8338 0.3557 80 200 120
-3.1476 -0.6023 1.3215 80 200 120
-0.9925 -2.4436 0.0450 80 200 120
-1.7043 -4.5138 0.6022 80 200 120
-0.5178 -0.5227 -0.0137 80 200 120
-2.6918 0.3189 0.0554 80 200 120
-2.4672 0.9169 0.6788 80 200 120
-0.4096 -0.9516 -0.0185 80 200 120
0.0727 -0.0070 -0.1222 80 200 120
0.0990 -0.0364 -0.0091 80 200 120
0.2805 -0.0373 -0.0117 80 200 120
0.3137 -0.0392 -0.0027 80 200 120
0.2515 -0.0398 -0.0025 80 200 120
2.1948 0.1258 0.0516 80 200 120
2.6269 0.3138 0.4525 80 200 120
-0.0787 -0.0310 -0.0409 80 200 120
2.9117 0.2931 0.2898 80 200 120
1.7377 0.0568 0.3249 80 200 120
1.0522 0.0263 -0.0201 80 200 120
3.3740 2.3634 1.8939 80 200 120
3.3761 2.0190 0.5288 80 200 120
2.0065 -0.4829 0.0560 80 200 120
2.8853 0.8368 0.0981 80 200 120
2.6817 -2.6630 0.0911 80 200 120
2.5256 -1.4604 0.0504 80 200 120
2.1223 -0.1396 0.0451 80 200 120
3.4224 2.7249 1.5060 80 200 120
2.3644 -1.6674 0.0432 80 200 120
3.2338 2.3959 2.9995 80 200 120
1.6904 -3.9127 0.1104 80 200 120
-2.9424 0.4723 2.3226 80 200 120
1.4430 -0.1380 1.3847 80 200 120
4.3442 0.1416 3.4226 80 200 120
-0.3047 -0.0237 2.7121 80 200 120
0.4582 -1.5700 2.7367 80 200 120
0.2397 -0.0257 2.2868 80 200 120
-2.5713 -1.6576 1.3961 80 200 120
0.8687 -0.0722 2.9897 80 200 120
-2.9270 0.3656 0.0164 80 200 120
-4.2374 -4.6902 3.7514 80 200 120
-1.8520 -0.1715 0.0999 80 200 120
-2.1193 -0.3533 0.0865 80 200 120
3.0996 0.3874 2.9143 80 200 120
-2.1694 -2.9732 3.2667 80 200 120
-2.7640 -1.0654 1.3993 80 200 120
3.3747 -2.9353 3.0501 80 200 120
-0.0774 -3.2701 3.0978 80 200 120
-2.3755 -3.9316 3.1198 80 200 120
-3.3765 0.6520 2.6190 80 200 120
-0.4096 -2.5122 3.1015 80 200 120
-1.5185 -1.6953 3.0778 80 200 120
-3.1946 0.5671 3.0041 80 200 120
-2.5459 -2.0999 1.3049 80 200 120
-2.4702 -1.2717 0.5613 80 200 120
-0.2408 -1.3013 3.0224 80 200 120
-0.2744 -3.6919 2.1851 80 200 120
-1.2168 -3.1846 0.7474 80 200 120
-0.0030 -1.0753 3.0980 80 200 120
3.7069 -1.1506 3.2315 80 200 120
0.2164 -0.8654 3.0441 80 200 120
2.0464 -2.5407 0.1359 80 200 120
3.4550 -3.7347 0.4368 80 200 120
1.6458 -3.8368 0.0942 80 200 120
3.0923 -4.2736 0.4354 80 200 120
0.4535 -3.6211 2.0727 80 200 120
2.7230 -4.7332 1.2184 80 200 120
2.2621 -4.6324 1.2428 80 200 120
3.4066 -3.3807 1.0472 80 200 120
3.1959 -4.7499 1.3034 80 200 120
2.6534 -1.3036 0.2791 80 200 120
2.1399 -2.1235 0.0624 80 200 120
2.0490 -0.8231 -0.0082 80 200 120
2.5081 -1.7718 0.0030 80 200 120
2.2528 -3.4519 0.1146 80 200 120
-0.0233 -1.4615 0.0142 80 200 120
-0.4231 -1.8001 0.4232 80 200 120
2.3392 0.2360 0.0543 80 200 120
1.2950 -3.8199 1.4939 80 200 120
1.2821 -3.3621 0.0274 80 200 120
1.0300 -3.4480 1.1182 80 200 120
2.2911 -0.5125 0.4718 80 200 120
0.3740 -0.9620 -0.0127 80 200 120
-3.0346 -0.3350 -0.0066 80 200 120
-1.7856 -4.0386 0.2588 80 200 120
-0.1304 0.0072 0.0131 80 200 120
-2.6386 1.4686 0.8667 80 200 120
-0.1490 0.0177 0.0338 80 200 120
-0.0948 -0.0197 0.0156 80 200 120
-0.0138 -0.0440 0.0066 80 200 120
-0.3750 -1.0475 -0.0027 80 200 120
-2.5130 0.9997 -0.0123 80 200 120
-0.9181 -0.2481 -0.0077 80 200 120
-1.1727 0.4664 -0.0227 80 200 120
-1.5966 -2.2232 -0.0903 80 200 120
-0.2451 -0.9717 0.0084 80 200 120
0.0889 -0.0400 -0.0047 80 200 120
-1.0469 0.0973 0.0004 80 200 120
-0.0895 -0.0363 -0.0206 80 200 120
0.1451 -0.0367 -0.0127 80 200 120
0.0762 -0.0552 0.0504 80 200 120
4.0916 0.7576 0.8265 80 200 120
3.3585 0.6793 0.3345 80 200 120
2.5338 0.3659 0.0277 80 200 120
0.2284 -0.0427 0.0155 80 200 120
0.9046 -0.1160 -0.0108 80 200 120
0.1841 -0.0334 -0.0401 80 200 120
0.1988 -0.0281 -0.0384 80 200 120
0.0980 -0.0457 0.0211 80 200 120
1.8851 0.1823 -0.0465 80 200 120
2.2779 -0.0929 0.3168 80 200 120
0.3291 -0.0380 0.0166 80 200 120
1.4367 0.2195 -0.0113 80 200 120
3.4627 -3.8174 1.0131 80 200 120
2.0449 0.1680 0.0636 80 200 120
2.6324 1.4950 0.0803 80 200 120
3.3153 3.1825 2.5891 80 200 120
2.8044 2.9238 3.0894 80 200 120
0.5012 -3.0571 3.8432 80 200 120
-3.6239 0.7292 2.4489 80 200 120
-2.1911 0.4108 2.1671 80 200 120
-2.8506 -0.0389 1.0950 80 200 120
-2.6650 -1.3531 1.2148 80 200 120
-2.3416 -2.6158 2.8424 80 200 120
-2.5788 -1.3842 1.4306 80 200 120
3.3079 -3.1735 2.1070 80 200 120
3.6218 -4.4726 2.8863 80 200 120
-1.3273 -3.5974 3.0885 80 200 120
3.3512 -2.0161 3.0729 80 200 120
1.9135 -2.4673 3.1051 80 200 120
-0.0657 -1.8340 3.0550 80 200 120
-0.4169 -2.9237 3.0778 80 200 120
-0.7275 -0.6667 3.0751 80 200 120
-0.3530 0.0747 3.0944 80 200 120
4.0704 -1.5514 2.7066 80 200 120
-3.4000 -0.7212 2.7148 80 200 120
2.2403 -4.3366 3.1493 80 200 120
-2.3695 -1.8996 0.3250 80 200 120
3.3110 -2.3780 3.0299 80 200 120
-1.6180 -2.3832 2.9781 80 200 120
-2.3354 1.3174 3.1148 80 200 120
-1.8075 -0.1447 0.1300 80 200 120
2.8342 -3.9771 0.0532 80 200 120
1.4620 -2.6350 0.1197 80 200 120
3.3413 -2.8525 0.5260 80 200 120
0.3773 -2.5992 0.1342 80 200 120
-0.0256 -1.5515 0.4571 80 200 120
0.2263 -1.4212 0.0095 80 200 120
2.3419 -0.5582 0.0890 80 200 120
3.1128 -1.5639 1.4395 80 200 120
-3.7072 -0.4625 2.3918 80 200 120
-0.5672 -1.8879 0.0474 80 200 120
-0.7728 -1.4901 0.0017 80 200 120
-0.6307 -0.9710 -0.0063 80 200 120
-0.2896 -0.6103 0.0057 80 200 120
-2.5484 -0.5476 0.0519 80 200 120
-0.9202 -2.7255 0.3925 80 200 120
-2.9432 1.2294 1.2556 80 200 120
-3.3277 1.0960 1.6163 80 200 120
0.0215 -0.0329 -0.0312 80 200 120
-0.0807 -0.0364 0.0238 80 200 120
1.7304 -0.0108 0.0282 80 200 120
1.9799 -0.0467 0.1477 80 200 120
0.7690 -0.2644 0.0018 80 200 120
2.2352 0.1999 0.5998 80 200 120
3.3598 1.1538 0.2922 80 200 120
0.7621 0.0708 0.0072 80 200 120
0.4420 -0.0255 -0.0241 80 200 120
0.4594 -0.0520 -0.0015 80 200 120
1.8830 -0.1581 0.0502 80 200 120
0.1666 -0.0331 -0.0203 80 200 120
3.3365 0.9638 0.5342 80 200 120
0.2616 -0.2382 -0.0219 80 200 120
0.6820 0.0695 -0.0200 80 200 120
1.2959 -0.1785 -0.0106 80 200 120
0.5305 -0.1258 -0.0085 80 200 120
2.2007 2.5253 0.0369 80 200 120
2.2693 2.6049 0.5822 80 200 120
1.8749 2.4378 0.0627 80 200 120
2.8704 2.6620 0.0874 80 200 120
1.7814 2.7071 0.4127 80 200 120
-1.8756 -2.8993 2.8265 80 200 120
2.0322 -0.9633 2.9784 80 200 120
0.9777 -0.4972 2.8695 80 200 120
-3.3431 -3.7231 3.0017 80 200 120
3.3603 0.9038 2.3603 80 200 120
0.5896 0.0136 2.7901 80 200 120
-3.5946 -0.2735 0.8073 80 200 120
3.4149 -4.7029 1.0435 80 200 120
-0.9029 -3.7787 3.1065 80 200 120
-1.0295 0.3294 2.6208 80 200 120
-3.1429 -1.5498 3.0388 80 200 120
-1.0887 -3.1213 3.1108 80 200 120
0.4330 -2.1962 0.0437 80 200 120
0.6223 -1.9976 0.0514 80 200 120
2.0489 -2.3596 0.1593 80 200 120
2.4521 -1.4627 -0.0199 80 200 120
2.8227 -0.8198 1.1161 80 200 120
2.4837 -1.2140 0.0207 80 200 120
1.3920 -4.7390 1.9208 80 200 120
1.6696 -4.7992 0.9232 80 200 120
0.9336 -1.8097 -0.0098 80 200 120
0.4465 -2.3116 0.7011 80 200 120
-0.9825 -2.7028 0.0567 80 200 120
-0.4299 -1.6563 -0.0035 80 200 120
-1.4729 -2.2497 0.0690 80 200 120
-1.7576 -3.0838 0.0544 80 200 120
-1.3364 -1.8590 0.0699 80 200 120
0.4518 -2.6088 0.3317 80 200 120
1.4830 -4.9293 2.5622 80 200 120
-2.8674 -4.3170 1.6254 80 200 120
-3.7404 -2.6164 2.3464 80 200 120
-3.3738 -0.7619 2.2585 80 200 120
-3.6064 -2.0401 2.3351 80 200 120
-2.6883 -2.5957 1.6370 80 200 120
-3.5659 0.7547 2.1280 80 200 120
0.0473 -0.0456 0.0040 80 200 120
0.0329 -0.0544 0.0214 80 200 120
-0.8703 -0.4626 -0.0098 80 200 120
-0.6305 -0.0328 -0.0061 80 200 120
-1.1480 -0.9420 -0.0454 80 200 120
-0.5080 -0.7118 0.0056 80 200 120
-0.0244 -0.0508 0.0133 80 200 120
-3.6820 -0.2162 2.0394 80 200 120
0.0572 -1.3149 -0.0058 80 200 120
-2.4689 -2.8555 1.5580 80 200 120
-1.6632 -3.2623 0.0548 80 200 120
-2.9466 -1.2917 1.7653 80 200 120
-0.3875 -1.8323 0.1653 80 200 120
-0.0937 -1.4695 0.0313 80 200 120
-0.1030 -1.1312 -0.0280 80 200 120
-0.0392 -0.7338 0.0097 80 200 120
-0.4021 -0.5764 -0.0053 80 200 120
1.5434 0.4306 0.0379 80 200 120
3.2596 0.5485 0.9634 80 200 120
1.5254 0.2920 -0.0095 80 200 120
3.6329 1.5098 0.4716 80 200 120
3.2742 0.7722 0.8933 80 200 120
0.7797 -0.0545 0.0110 80 200 120
0.9238 0.1831 0.0291 80 200 120
3.2272 0.9760 0.0686 80 200 120
1.0701 0.0552 0.0071 80 200 120
2.9456 -0.2451 0.2491 80 200 120
0.9093 -0.3087 0.0151 80 200 120
0.5551 -0.1732 -0.0047 80 200 120
0.8011 0.0202 0.0094 80 200 120
0.0985 -0.0166 -0.0936 80 200 120
0.1959 -0.0445 0.0244 80 200 120
0.2136 -0.0447 0.0216 80 200 120
3.3456 1.0905 0.7711 80 200 120
0.9419 0.1039 0.0267 80 200 120
1.6448 2.5855 0.0825 80 200 120
1.7525 3.2334 0.5788 80 200 120
2.3773 -1.1388 0.0422 80 200 120
2.2175 -0.5402 0.0403 80 200 120
2.3161 -0.3395 0.0234 80 200 120
2.0848 2.7899 0.6521 80 200 120
2.9809 -4.0732 0.1026 80 200 120
-0.3221 -3.2683 2.1457 80 200 120
-2.5046 -1.0362 1.0316 80 200 120
0.8622 0.0326 2.1801 80 200 120
-5.5603 -2.1644 1.0366 80 200 120
2.6314 0.5906 2.1369 80 200 120
1.2892 0.0406 1.6464 80 200 120
1.8760 -0.6635 2.7051 80 200 120
92.3483 27.4846 48.6401 80 200 120
3.0376 0.1473 2.4786 80 200 120
0.4148 -2.6626 3.2656 80 200 120
-0.3327 -2.1236 2.6488 80 200 120
-2.9694 -0.7694 1.0436 80 200 120
2.6917 -0.2293 2.8393 80 200 120
0.1717 -0.0177 2.4802 80 200 120
-2.3329 -1.2979 1.2420 80 200 120
1.5854 -0.3882 2.1366 80 200 120
2.3718 0.1281 2.5470 80 200 120
0.4635 0.0019 0.7777 80 200 120
0.3269 -0.0271 0.4991 80 200 120
2.6068 -1.4882 3.1063 80 200 120
2.4256 -2.5104 3.0696 80 200 120
-0.3786 -1.7332 0.2949 80 200 120
3.2342 -3.7534 3.0028 80 200 120
0.5128 -2.8991 1.0535 80 200 120
3.5462 -2.6493 2.6972 80 200 120
0.0345 -0.5449 3.1439 80 200 120
-3.5031 -0.7348 1.1878 80 200 120
2.4436 -1.8548 3.0370 80 200 120
-1.2452 -0.2237 3.0573 80 200 120
0.3996 -2.3541 0.7119 80 200 120
-2.2809 -0.4588 0.1019 80 200 120
-3.2272 -1.3599 0.4269 80 200 120
1.6342 -0.2500 2.9823 80 200 120
-1.7955 -1.2452 0.0911 80 200 120
1.3454 -4.2762 0.0423 80 200 120
3.3863 -3.0959 1.4016 80 200 120
3.1611 -4.8818 2.2819 80 200 120
3.1787 -0.7139 1.1295 80 200 120
2.4728 -2.4573 0.1058 80 200 120
1.9409 -0.1985 0.0672 80 200 120
0.6307 -5.2808 1.8404 80 200 120
1.1715 -4.1822 1.3745 80 200 120
2.2900 -1.8692 0.0856 80 200 120
1.1164 -3.9693 0.7356 80 200 120
3.3455 -1.6969 1.4254 80 200 120
1.1752 -1.6578 -0.0122 80 200 120
-4.1616 0.2390 2.7556 80 200 120
-2.8121 0.3172 0.0435 80 200 120
-0.3720 -1.6301 0.0147 80 200 120
-2.5337 -1.9423 1.4509 80 200 120
-3.3129 -0.9829 1.7734 80 200 120
-1.3638 -0.5134 -0.0310 80 200 120
-2.9127 0.5456 0.0073 80 200 120
-2.3776 -3.0547 1.4042 80 200 120
-0.1056 -0.0217 0.0838 80 200 120
0.0527 -0.0494 0.0264 80 200 120
0.1326 -0.0540 0.0712 80 200 120
3.3781 1.5186 1.1037 80 200 120
1.1080 -0.0768 -0.0051 80 200 120
0.7202 0.1347 -0.0003 80 200 120
0.3227 -0.0379 0.0284 80 200 120
2.9255 0.6300 0.0485 80 200 120
0.8255 -0.4186 -0.0316 80 200 120
3.3603 1.8549 0.9620 80 200 120
1.3020 -0.2680 -0.0106 80 200 120
1.3684 0.5559 0.0008 80 200 120
0.9479 -0.1603 0.0105 80 200 120
0.7404 0.0971 -0.0020 80 200 120
0.4666 -0.3504 0.0211 80 200 120
1.6070 0.0272 -0.0180 80 200 120
1.2268 -0.1730 -0.0000 80 200 120
0.5785 -0.1171 0.0054 80 200 120
0.8364 -0.2572 -0.0206 80 200 120
0.5803 -0.2463 -0.0148 80 200 120
0.2398 -0.2170 -0.0087 80 200 120
0.6397 0.1402 0.0183 80 200 120
2.3777 -0.4143 0.1049 80 200 120
2.6478 -1.9445 0.0626 80 200 120
3.1245 -3.1065 0.0770 80 200 120
1.7791 3.5748 0.0402 80 200 120
2.8702 3.3768 0.2752 80 200 120
3.2241 2.4369 0.0783 80 200 120
3.4498 3.4968 1.9444 80 200 120
0.7755 0.1176 0.9971 80 200 120
-3.2175 -3.6125 2.9390 80 200 120
-0.9642 -1.6412 3.4448 80 200 120
-3.3873 -0.2184 1.7799 80 200 120
-2.6622 -1.0514 1.3144 80 200 120
1.3188 0.3143 1.4529 80 200 120
2.1152 -0.4720 2.2671 80 200 120
2.6891 0.4495 3.1641 80 200 120
2.6367 0.5064 2.3999 80 200 120
-0.0312 -2.5213 3.0909 80 200 120
-0.4786 -1.7560 -0.0004 80 200 120
3.3722 -3.3059 3.0083 80 200 120
-1.2057 -3.1902 0.0882 80 200 120
-1.4528 -1.2305 0.1332 80 200 120
1.8871 -4.7799 0.5685 80 200 120
0.4715 -2.4359 0.5082 80 200 120
0.1195 -1.5682 0.0223 80 200 120
2.3428 0.2339 0.0318 80 200 120
-1.3280 -3.3002 0.0437 80 200 120
3.2195 -4.6500 2.9326 80 200 120
3.2849 -4.1019 2.9027 80 200 120
2.8558 0.5348 0.0861 80 200 120
2.6967 -4.6167 2.9323 80 200 120
-0.4762 -1.7100 -0.0051 80 200 120
1.6909 -3.5789 2.2727 80 200 120
0.2531 -2.0135 0.3873 80 200 120
-0.4095 -1.7524 0.3951 80 200 120
2.3627 -0.1882 0.4866 80 200 120
-0.1283 -1.6547 0.2432 80 200 120
-1.4946 -3.6331 0.8794 80 200 120
-0.7410 -2.3141 0.5486 80 200 120
-1.9535 -1.0603 0.0648 80 200 120
-1.4322 -0.0713 -0.0248 80 200 120
-2.2927 -3.9074 1.2636 80 200 120
-0.3522 -1.6399 0.3000 80 200 120
-1.1183 -0.2175 -0.0086 80 200 120
-3.5845 -6.0181 1.2015 80 200 120
-1.2345 0.2516 -0.0108 80 200 120
-1.6885 -1.3832 0.0898 80 200 120
-4.0561 0.5303 2.4504 80 200 120
-1.1299 -1.0058 -0.0030 80 200 120
-2.3897 -3.5328 1.3162 80 200 120
2.3125 0.2122 0.6133 80 200 120
3.3417 2.0045 0.5036 80 200 120
3.3411 1.5160 0.5533 80 200 120
3.4275 1.3735 0.8408 80 200 120
3.9390 0.8610 0.7222 80 200 120
3.3864 1.1092 1.1842 80 200 120
1.4609 0.4879 -0.0449 80 200 120
0.9282 -0.2311 0.0031 80 200 120
3.4321 0.8382 0.8841 80 200 120
0.9683 0.3704 -0.0107 80 200 120
3.3531 1.6622 0.2675 80 200 120
0.8531 0.2545 -0.0159 80 200 120
3.3410 0.8599 1.1151 80 200 120
3.3574 1.6621 0.8015 80 200 120
3.1300 1.7284 0.0063 80 200 120
0.3004 -0.0421 0.0399 80 200 120
1.4740 0.8102 -0.0153 80 200 120
3.4730 0.5076 1.0724 80 200 120
3.3441 2.1792 0.7799 80 200 120
0.5930 0.1330 -0.0027 80 200 120
0.8793 0.0839 -0.0034 80 200 120
0.2365 -0.0392 0.0073 80 200 120
0.8166 -0.0522 -0.0001 80 200 120
3.3481 2.6452 1.4863 80 200 120
3.0137 1.3445 -0.0055 80 200 120
2.6641 1.0109 1.2387 80 200 120
3.3811 1.9218 1.4028 80 200 120
3.3767 1.2656 0.5211 80 200 120
3.3879 2.2799 1.2815 80 200 120
3.2993 2.6129 1.8657 80 200 120
1.0883 0.1901 0.0078 80 200 120
1.2511 0.1470 -0.0023 80 200 120
0.9115 0.4182 -0.0038 80 200 120
3.3871 1.9945 1.7750 80 200 120
2.2811 0.1994 0.0519 80 200 120
2.6117 -1.2812 0.0003 80 200 120
1.6645 0.4371 1.5873 80 200 120
-2.1399 -2.7060 3.0820 80 200 120
0.3917 -0.0206 0.6350 80 200 120
3.8394 -0.2122 3.5332 80 200 120
0.5583 -2.4357 1.2294 80 200 120
2.1842 -1.3075 3.0865 80 200 120
-3.5803 -4.6760 2.8174 80 200 120
1.0655 -3.8386 2.0954 80 200 120
1.8641 -4.7956 1.6615 80 200 120
0.5536 0.3231 2.6915 80 200 120
-0.4297 -1.8326 0.2845 80 200 120
-2.5894 -2.3902 0.6891 80 200 120
2.8644 -4.9887 0.6205 80 200 120
2.5295 -3.5079 0.0237 80 200 120
2.2662 -0.1584 0.0476 80 200 120
1.0060 -3.5911 0.7547 80 200 120
-0.4850 -1.8681 0.5766 80 200 120
-0.7137 -2.4423 0.2525 80 200 120
1.1074 -2.2944 -0.0217 80 200 120
0.5798 -1.1070 -0.0052 80 200 120
0.2434 -1.1064 -0.0014 80 200 120
1.0567 -1.7456 -0.0191 80 200 120
-3.8270 -0.2633 2.6555 80 200 120
-2.8025 -1.7274 1.4636 80 200 120
-0.2511 -0.9920 -0.0017 80 200 120
-3.5331 -1.5212 2.0822 80 200 120
-3.2753 0.7092 1.9960 80 200 120
-0.3141 -0.7732 -0.0223 80 200 120
-0.4790 -0.5114 -0.0170 80 200 120
-0.2100 -1.2065 -0.0029 80 200 120
-0.0545 -0.0465 0.0489 80 200 120
-0.6610 -1.0007 -0.0180 80 200 120
-0.1056 -1.5710 0.0225 80 200 120
-0.1123 -1.1456 -0.0329 80 200 120
-0.8672 -0.7540 -0.0282 80 200 120
-1.2402 -1.3260 -0.0308 80 200 120
-0.0726 -0.8473 -0.0206 80 200 120
-2.9506 -0.8903 0.0860 80 200 120
3.2091 0.6004 1.2045 80 200 120
3.3725 3.1849 2.2049 80 200 120
3.3447 2.4276 0.5536 80 200 120
3.3840 2.7955 1.1312 80 200 120
3.3052 3.4712 1.9317 80 200 120
2.3544 1.5506 -0.0092 80 200 120
3.3468 3.7223 1.1762 80 200 120
3.3901 3.2963 1.4546 80 200 120
1.8028 0.9054 -0.0006 80 200 120
3.3505 3.4776 0.6588 80 200 120
2.4612 0.0971 0.5988 80 200 120
3.0693 0.3175 0.2808 80 200 120
3.3535 3.2411 0.9680 80 200 120
0.2771 -0.0473 0.0695 80 200 120
2.9156 -2.8669 0.0875 80 200 120
2.7442 -1.9678 0.0226 80 200 120
3.2771 2.0590 0.0909 80 200 120
2.9931 0.6239 0.0724 80 200 120
-0.8445 -3.9078 3.1527 80 200 120
3.2736 3.2177 0.0214 80 200 120
-3.0392 -3.4467 2.8189 80 200 120
-2.6466 -1.0413 1.3079 80 200 120
-0.7086 -2.3029 3.1499 80 200 120
2.3134 -0.2036 3.2338 80 200 120
-2.1911 -3.3849 3.2677 80 200 120
1.3522 -1.0421 2.8651 80 200 120
2.1647 -4.7428 1.3755 80 200 120
-3.2794 -0.9828 0.0852 80 200 120
0.4721 -3.4674 0.1284 80 200 120
-3.3897 -0.7679 0.0992 80 200 120
-2.0769 -1.6686 0.0752 80 200 120
-2.2918 -1.5103 0.0516 80 200 120
-2.2048 -3.0326 0.0955 80 200 120
3.3559 -3.6357 0.4193 80 200 120
3.3437 -3.1847 1.9879 80 200 120
3.4822 -3.1920 1.3702 80 200 120
3.2612 -4.4763 0.4306 80 200 120
-0.0903 -1.6303 0.8361 80 200 120
2.8553 0.3299 0.4193 80 200 120
2.9920 -2.9111 0.0530 80 200 120
2.3003 -4.0060 0.0136 80 200 120
2.1742 -4.6863 2.9267 80 200 120
1.2639 -4.0656 0.0627 80 200 120
0.7065 -1.1821 0.0012 80 200 120
-1.8199 -4.2184 -0.0376 80 200 120
2.9680 -2.5275 0.0041 80 200 120
0.2956 -2.5270 0.5215 80 200 120
2.9889 0.5578 0.0771 80 200 120
3.3935 -2.2808 1.8341 80 200 120
-2.1914 -2.5566 0.0659 80 200 120
0.5674 -2.2679 1.1671 80 200 120
-2.1341 -3.2928 0.5852 80 200 120
1.2672 -1.7780 0.0157 80 200 120
0.6079 -2.0609 0.9166 80 200 120
1.4590 -4.7605 2.4849 80 200 120
0.0491 -1.6579 0.5939 80 200 120
-3.2915 -0.6507 0.0525 80 200 120
-2.5948 -1.3826 1.5281 80 200 120
-0.8599 -1.9128 -0.0301 80 200 120
0.0285 -1.1150 -0.0033 80 200 120
-0.0336 -0.0518 0.0111 80 200 120
-0.5190 -1.0338 0.0001 80 200 120
-0.7521 -0.5321 0.0018 80 200 120
-1.1728 -0.7949 -0.0145 80 200 120
-2.5958 -4.3702 1.3882 80 200 120
0.0208 -0.0447 0.0070 80 200 120
-0.4048 -1.3796 -0.0052 80 200 120
-2.2602 -1.2697 0.0326 80 200 120
-1.9970 -1.6060 0.0704 80 200 120
-1.3600 -1.1079 -0.0290 80 200 120
3.5572 0.8897 1.4620 80 200 120
3.4404 1.0974 1.5254 80 200 120
2.2692 2.6295 0.0462 80 200 120
3.3301 4.6933 2.2697 80 200 120
3.4887 3.3564 2.7277 80 200 120
3.4128 2.3712 1.8741 80 200 120
3.4386 4.5737 2.8291 80 200 120
2.8069 3.1998 0.3234 80 200 120
3.3190 4.5357 1.6918 80 200 120
1.5840 1.1557 -0.0100 80 200 120
3.3203 2.1546 0.2012 80 200 120
1.7355 2.6351 0.0458 80 200 120
1.7299 3.1012 0.5802 80 200 120
3.1236 2.4108 0.0310 80 200 120
2.1180 2.6386 0.6649 80 200 120
3.0820 2.8682 0.0533 80 200 120
1.7420 2.6086 0.4147 80 200 120
2.7779 4.7896 2.1985 80 200 120
2.3246 4.8275 1.9333 80 200 120
2.9057 0.9905 -0.0672 80 200 120
2.6844 4.9186 2.8767 80 200 120
1.9220 2.5864 0.1975 80 200 120
1.7822 3.9219 0.0404 80 200 120
3.3569 1.3879 1.4790 80 200 120
2.1603 -0.3312 -0.0107 80 200 120
1.9384 4.2786 2.8203 80 200 120
1.5496 4.8774 2.3952 80 200 120
1.3048 0.7461 0.0010 80 200 120
1.7486 4.8227 1.2366 80 200 120
1.9172 4.7047 1.7405 80 200 120
3.5842 1.7617 1.9046 80 200 120
1.3033 1.6402 -0.0219 80 200 120
1.4799 4.7890 1.9124 80 200 120
1.5009 4.7455 0.4968 80 200 120
1.9472 0.7656 -0.0137 80 200 120
3.0902 0.5139 0.9119 80 200 120
1.9152 2.4787 0.0404 80 200 120
1.1863 2.5339 3.1578 80 200 120
2.2936 2.6399 0.0199 80 200 120
2.3097 -0.3379 -0.0105 80 200 120
2.5841 0.2967 0.0180 80 200 120
-2.1793 -2.2125 3.1625 80 200 120
-2.8140 -1.4805 1.4946 80 200 120
-1.6341 -1.4930 3.0566 80 200 120
-0.0313 -1.9093 3.2164 80 200 120
-3.4500 -2.2854 2.0011 80 200 120
0.5703 -1.7065 2.9259 80 200 120
1.3882 -1.5066 3.5260 80 200 120
2.7021 -0.5789 2.7688 80 200 120
3.4360 -2.0489 1.8226 80 200 120
0.4365 -2.2831 0.5114 80 200 120
0.9098 -3.0432 0.4949 80 200 120
0.7686 -3.0817 0.2658 80 200 120
0.3033 -2.4521 1.2874 80 200 120
3.3832 -2.1649 2.5873 80 200 120
0.4165 -2.4044 3.0087 80 200 120
2.3501 -4.8155 0.6547 80 200 120
3.2957 -2.8521 2.5003 80 200 120
-0.3308 -1.6921 0.7776 80 200 120
-1.2235 -3.3004 1.2010 80 200 120
2.5513 0.0046 0.6555 80 200 120
-2.1509 -3.8115 0.0651 80 200 120
0.3220 -2.1410 0.8206 80 200 120
1.6645 -1.1328 -0.0055 80 200 120
2.1203 -1.8463 -0.0657 80 200 120
-2.5528 -3.7335 1.7018 80 200 120
-3.6199 -0.8511 2.5514 80 200 120
-0.7622 -2.2448 0.0178 80 200 120
-1.2377 -3.2779 0.1447 80 200 120
-1.7682 -3.7408 0.0989 80 200 120
-0.3852 -1.8324 0.1421 80 200 120
-0.2930 -0.7519 -0.0078 80 200 120
-0.8446 -0.3105 -0.0016 80 200 120
-2.1336 -0.6247 -0.0162 80 200 120
-4.1832 0.2022 2.6054 80 200 120
0.1276 -1.5651 0.0226 80 200 120
-0.1976 -1.2562 0.0068 80 200 120
-0.3577 -1.7700 0.3479 80 200 120
1.6257 4.5085 0.0259 80 200 120
0.9439 4.8937 0.6535 80 200 120
0.5372 1.7113 0.0184 80 200 120
0.7560 4.6443 2.0122 80 200 120
0.6633 4.8672 1.0598 80 200 120
2.0009 1.0138 -0.0022 80 200 120
1.8915 0.0474 -0.0036 80 200 120
0.8922 2.0061 0.0223 80 200 120
1.1262 4.7833 1.8912 80 200 120
0.5629 5.1125 2.7049 80 200 120
1.9242 2.8729 0.7458 80 200 120
1.1677 4.3827 0.1053 80 200 120
2.2702 4.9237 1.3007 80 200 120
3.3894 2.8948 0.5606 80 200 120
1.9249 1.7905 -0.0099 80 200 120
1.7194 2.7443 0.3869 80 200 120
-0.5231 -5.0692 3.1791 80 200 120
3.2291 0.9825 0.0527 80 200 120
1.7575 2.7302 3.1952 80 200 120
3.1850 -3.8766 0.0992 80 200 120
3.4077 -4.5901 0.2701 80 200 120
-0.8646 -3.9894 3.1733 80 200 120
3.2858 3.6037 3.0646 80 200 120
1.9168 -0.6829 3.0308 80 200 120
-0.6317 2.3568 0.0292 80 200 120
-0.2250 2.6723 0.1127 80 200 120
-2.3762 1.5855 0.1336 80 200 120
-0.4560 2.5124 0.0520 80 200 120
0.1381 2.4052 0.0511 80 200 120
-0.3685 2.6022 1.1347 80 200 120
1.6822 2.8921 0.5910 80 200 120
-0.5555 1.5149 0.0281 80 200 120
-0.0758 1.9406 0.4878 80 200 120
-0.2344 2.6422 0.7756 80 200 120
3.3637 3.1990 2.6056 80 200 120
-0.6303 2.3057 1.0704 80 200 120
-1.0475 1.0422 0.0205 80 200 120
-0.6130 1.6477 0.9937 80 200 120
3.2696 3.2813 3.0324 80 200 120
-0.6311 2.4181 0.5765 80 200 120
-2.9814 0.4430 0.9406 80 200 120
-2.2520 1.1066 3.3841 80 200 120
-3.1325 3.4650 3.1560 80 200 120
-2.9217 1.8799 1.0821 80 200 120
3.4600 2.3847 1.8942 80 200 120
-0.5933 2.2430 0.8109 80 200 120
-3.3512 2.6115 2.1754 80 200 120
1.1522 2.4987 3.1340 80 200 120
-2.4348 1.3912 0.0308 80 200 120
3.4058 2.6193 1.5085 80 200 120
-3.2220 4.4714 3.0430 80 200 120
-2.0464 1.6195 1.2742 80 200 120
-0.5879 1.2243 0.0236 80 200 120
3.2968 2.3976 3.0091 80 200 120
3.4936 1.0436 2.8940 80 200 120
-2.9625 0.3540 3.2168 80 200 120
1.6803 4.5878 0.0602 80 200 120
3.4009 3.3870 1.9752 80 200 120
-2.4257 0.0618 3.1086 80 200 120
-0.6307 1.7243 0.6061 80 200 120
2.3479 -4.9950 0.8278 80 200 120
-2.4583 -1.1386 0.0285 80 200 120
-3.2888 -0.9770 0.1054 80 200 120
2.7589 -4.9576 0.6263 80 200 120
2.6531 -3.6371 0.0893 80 200 120
0.6334 -2.2172 0.9785 80 200 120
0.7211 -2.3326 0.0185 80 200 120
0.4009 -2.5586 0.2995 80 200 120
3.2816 0.8842 0.1613 80 200 120
1.8935 -4.6585 3.2106 80 200 120
2.3411 0.1211 0.5788 80 200 120
2.4315 0.2408 0.0110 80 200 120
-2.2736 -3.4828 -0.0217 80 200 120
0.3140 -1.8325 -0.0274 80 200 120
0.3204 -0.0445 -0.0015 80 200 120
0.3867 -1.4015 -0.0042 80 200 120
-2.2940 -3.4896 0.6251 80 200 120
0.1895 -1.6595 0.3478 80 200 120
-0.1622 -1.7096 0.4675 80 200 120
-0.2890 -1.0316 -0.0123 80 200 120
-0.3705 -1.4188 -0.0321 80 200 120
0.0424 -1.4448 -0.0120 80 200 120
-0.9002 -0.9798 -0.0142 80 200 120
-1.2492 -1.4204 -0.0433 80 200 120
-2.1184 -1.6852 0.0777 80 200 120
-2.2996 -1.1564 0.0372 80 200 120
0.2068 -1.1261 -0.0038 80 200 120
-0.1404 -1.6926 0.2472 80 200 120
-0.4479 -0.4770 -0.0140 80 200 120
-0.7760 -0.5320 -0.0000 80 200 120
0.1287 -1.2175 -0.0020 80 200 120
-0.5337 -0.6047 -0.0100 80 200 120
2.3283 -0.1530 0.0171 80 200 120
0.6471 1.5696 -0.0020 80 200 120
1.5349 2.5630 -0.0743 80 200 120
2.5137 0.6342 -0.0449 80 200 120
1.3835 0.4325 -0.0211 80 200 120
3.3705 2.8453 2.3817 80 200 120
0.2985 0.7813 0.0195 80 200 120
0.4288 4.4953 1.9335 80 200 120
1.7223 1.2831 0.0000 80 200 120
1.9306 -0.0646 -0.0237 80 200 120
0.3135 0.6141 0.0226 80 200 120
0.4932 1.2673 0.0048 80 200 120
3.3922 4.0214 3.0000 80 200 120
1.8781 4.8524 2.8730 80 200 120
3.4963 0.4615 1.1280 80 200 120
2.2292 0.4686 -0.0247 80 200 120
1.5999 0.8625 -0.0078 80 200 120
0.4174 0.9889 -0.0063 80 200 120
0.8588 1.0059 0.0066 80 200 120
1.0295 1.9747 -0.0193 80 200 120
1.6453 -0.1354 -0.0187 80 200 120
1.7952 0.5859 0.0038 80 200 120
3.1954 -3.1658 0.0537 80 200 120
3.4005 -4.7852 0.9135 80 200 120
2.2664 -0.6462 0.0022 80 200 120
2.5846 -1.2687 -0.0157 80 200 120
0.4268 -4.1109 2.7974 80 200 120
2.7322 -1.5767 0.0396 80 200 120
0.9784 -3.9978 2.1581 80 200 120
3.2988 1.8120 0.0295 80 200 120
3.1935 -2.5288 0.0506 80 200 120
3.2658 4.5980 2.9034 80 200 120
0.0670 4.5275 0.0016 80 200 120
-0.6082 1.9303 0.0076 80 200 120
1.8742 2.4086 0.6084 80 200 120
1.9401 4.1353 0.0544 80 200 120
2.3533 2.7279 0.5757 80 200 120
1.1156 4.2552 0.1339 80 200 120
-2.7024 -1.1241 1.0016 80 200 120
1.5290 2.1844 0.4363 80 200 120
-0.7146 1.4854 1.0928 80 200 120
0.3505 -2.2780 0.1996 80 200 120
-0.0804 -1.8511 1.2725 80 200 120
-1.5471 -3.7999 0.1195 80 200 120
-0.7845 -2.2679 0.0494 80 200 120
1.4767 -4.6862 0.0949 80 200 120
3.3828 -2.4645 3.0405 80 200 120
0.1191 -4.1049 2.0916 80 200 120
-2.2109 -1.9855 0.1054 80 200 120
-3.9815 -6.1290 3.0218 80 200 120
3.2064 0.5951 0.4252 80 200 120
-0.9527 -2.4508 0.0190 80 200 120
-2.3473 -2.6647 0.0548 80 200 120
-2.2860 -3.0280 -0.0211 80 200 120
-2.3147 -3.0035 0.5457 80 200 120
-2.4458 -1.4747 0.9422 80 200 120
-0.5521 -1.9573 0.5650 80 200 120
-0.5437 -0.1538 -0.0004 80 200 120
0.2386 -1.4520 0.0416 80 200 120
-2.1850 -0.8736 0.3631 80 200 120
-2.2455 -3.9581 1.4132 80 200 120
-1.4843 -3.0545 -0.0111 80 200 120
-2.0922 -5.0772 1.2141 80 200 120
-0.2010 -0.8769 -0.0336 80 200 120
-0.7995 -1.3049 0.0086 80 200 120
-2.2385 -0.4459 -0.0508 80 200 120
-3.1000 -0.1829 2.2399 80 200 120
3.0691 1.7655 1.9624 80 200 120
2.0194 4.4407 3.0187 80 200 120
1.7471 0.2092 0.0014 80 200 120
0.7463 1.0716 -0.0127 80 200 120
3.4064 3.2755 2.6457 80 200 120
0.3201 0.4412 0.0476 80 200 120
0.3156 0.3849 0.0056 80 200 120
0.3167 0.3244 -0.0091 80 200 120
3.3293 4.4006 1.2471 80 200 120
0.0097 4.5776 -0.0055 80 200 120
2.4101 -0.6259 -0.0354 80 200 120
0.3325 -0.0357 0.1311 80 200 120
2.3804 -0.3537 -0.0246 80 200 120
0.4001 1.8826 0.0019 80 200 120
0.9321 0.6204 0.0034 80 200 120
2.0433 2.6619 0.6234 80 200 120
2.4622 2.8889 -0.0402 80 200 120
2.8020 -1.9920 -0.0041 80 200 120
1.7023 3.0952 0.5811 80 200 120
3.4268 3.2169 0.0121 80 200 120
2.5152 0.2727 0.0001 80 200 120
1.8993 2.4644 0.0600 80 200 120
1.7164 2.6934 0.3917 80 200 120
3.4383 1.5430 0.5493 80 200 120
1.7552 2.8525 0.0412 80 200 120
3.2875 -3.3903 1.6848 80 200 120
-0.5257 -2.8275 1.5715 80 200 120
3.4627 -4.7738 1.0794 80 200 120
-2.9954 -0.9239 0.1644 80 200 120
0.9966 -3.4766 0.0025 80 200 120
0.5076 -2.2651 0.0383 80 200 120
3.2494 -3.6655 1.0763 80 200 120
0.3216 -2.2150 0.9771 80 200 120
-0.5196 -2.0142 0.2347 80 200 120
0.7118 -2.2771 0.0475 80 200 120
-0.2899 -4.8623 3.0494 80 200 120
-2.2629 -2.5759 0.4038 80 200 120
-0.3947 -1.7368 0.9914 80 200 120
2.4591 0.9897 -0.0078 80 200 120
-1.6229 -3.7648 0.0171 80 200 120
0.3064 -2.1532 1.1647 80 200 120
0.3280 -2.0460 0.9632 80 200 120
1.2566 -4.5523 2.8501 80 200 120
3.4011 -0.8020 0.9482 80 200 120
0.3167 -0.0415 -0.0074 80 200 120
-2.1942 -4.6678 1.3832 80 200 120
2.1853 -0.2635 -0.0557 80 200 120
-2.9518 -2.9184 2.2848 80 200 120
-2.0760 -1.6860 0.1093 80 200 120
0.8842 2.9253 -0.0357 80 200 120
0.3157 3.0007 -0.0238 80 200 120
0.8379 4.3171 0.0334 80 200 120
3.1683 3.5288 0.0955 80 200 120
3.3108 1.5820 -0.0202 80 200 120
2.6164 -1.3058 -0.0109 80 200 120
2.3085 -0.1542 0.0364 80 200 120
2.8916 0.3299 0.1001 80 200 120
2.2765 -0.7851 0.0408 80 200 120
3.3984 2.6478 1.5174 80 200 120
3.4041 2.2960 2.0747 80 200 120
1.9801 2.6289 0.6318 80 200 120
3.3996 1.0333 2.7949 80 200 120
1.6653 -0.5034 3.0430 80 200 120
0.3342 0.7092 1.5927 80 200 120
3.4091 2.1880 2.5995 80 200 120
3.3375 2.6153 2.1270 80 200 120
3.3514 4.2182 2.2827 80 200 120
2.4567 3.0974 3.0862 80 200 120
1.6911 4.6635 0.0654 80 200 120
3.3932 2.4533 3.0387 80 200 120
1.7087 2.5898 3.1025 80 200 120
2.2773 4.6201 3.0557 80 200 120
3.2808 3.8546 1.2040 80 200 120
2.6756 4.1402 3.1303 80 200 120
0.6213 4.2341 3.0875 80 200 120
1.3686 3.4719 3.1217 80 200 120
0.3672 1.7652 2.0224 80 200 120
1.8676 4.7916 2.7839 80 200 120
3.3923 0.7485 3.0417 80 200 120
3.3670 3.2406 1.4641 80 200 120
3.3922 1.6955 2.9767 80 200 120
3.2973 4.4429 2.8013 80 200 120
0.8112 2.2674 3.1567 80 200 120
3.1653 2.7285 3.1460 80 200 120
1.5383 4.0293 3.0504 80 200 120
0.5351 4.9320 2.6258 80 200 120
3.2070 0.4265 2.8947 80 200 120
1.1649 1.5499 3.2063 80 200 120
3.3472 4.5519 1.5197 80 200 120
2.2646 3.9766 0.9053 80 200 120
1.8232 3.8959 0.7881 80 200 120
2.9423 0.2207 3.0986 80 200 120
3.1561 3.9863 3.0604 80 200 120
1.0762 -0.5290 3.1410 80 200 120
2.1877 2.7510 0.8240 80 200 120
1.6904 4.7537 1.2198 80 200 120
0.9703 5.0177 0.6506 80 200 120
1.2692 4.7466 0.2644 80 200 120
0.2959 2.5642 3.0523 80 200 120
2.3982 5.1032 1.9615 80 200 120
1.7362 -0.2731 3.1228 80 200 120
1.8997 3.6703 3.1204 80 200 120
2.0015 3.7531 0.2888 80 200 120
2.1755 0.4559 3.0604 80 200 120
3.6163 2.9041 2.8896 80 200 120
2.2416 3.4737 3.1437 80 200 120
2.2077 1.6609 3.1072 80 200 120
3.0822 4.6473 2.4942 80 200 120
1.0202 1.7618 3.1326 80 200 120
2.8449 1.1304 3.0207 80 200 120
0.8940 -0.0204 3.0579 80 200 120
0.6731 4.8998 1.0378 80 200 120
1.7807 0.3483 3.1089 80 200 120
1.1281 0.8694 3.2068 80 200 120
2.8821 -0.4252 3.1736 80 200 120
3.0024 0.7030 3.0842 80 200 120
2.2157 0.2092 3.0552 80 200 120
2.8337 2.0009 3.1162 80 200 120
0.3592 0.2815 1.9467 80 200 120
1.8723 1.4989 3.1187 80 200 120
0.9746 2.9303 3.0926 80 200 120
3.3541 1.1601 2.4175 80 200 120
3.6540 3.5610 0.9026 80 200 120
1.9497 1.0054 3.1257 80 200 120
1.2029 4.5234 3.0516 80 200 120
0.5974 -1.2590 3.0605 80 200 120
2.6338 0.8251 3.0455 80 200 120
3.0810 4.3147 1.9566 80 200 120
2.2206 -0.1891 3.0918 80 200 120
2.3137 2.2507 3.1331 80 200 120
1.4050 2.3218 3.1718 80 200 120
0.7061 0.8557 3.0410 80 200 120
1.3522 0.5000 3.0263 80 200 120
0.9143 1.0110 3.0973 80 200 120
1.0349 -0.2897 3.1053 80 200 120
0.6347 -0.5809 3.1450 80 200 120
1.2501 -0.2185 3.1050 80 200 120
1.2190 -1.2482 3.0266 80 200 120
2.0554 2.5354 3.0912 80 200 120
1.5292 0.6588 3.0494 80 200 120
1.3948 1.2482 3.1118 80 200 120
3.2429 -0.0459 3.1968 80 200 120
1.5980 0.9402 3.0875 80 200 120
1.2772 3.9190 -0.1387 80 200 120
1.3772 2.9139 3.0995 80 200 120
0.5055 -1.6593 3.0740 80 200 120
3.2980 1.9612 2.9416 80 200 120
1.3048 0.2296 3.0148 80 200 120
3.1371 3.2553 0.5972 80 200 120
0.8017 -0.3054 3.1718 80 200 120
1.8375 -1.2133 3.1273 80 200 120
2.0955 -0.9605 3.0464 80 200 120
1.5522 0.2137 3.0383 80 200 120
1.4740 -1.1966 3.1203 80 200 120
2.5615 -0.4901 3.1660 80 200 120
1.1186 4.9670 1.9303 80 200 120
1.4960 4.8710 1.9717 80 200 120
2.5252 4.6123 2.7089 80 200 120
1.0352 2.1065 3.1442 80 200 120
3.3254 1.9531 2.1483 80 200 120
1.9798 -4.6575 0.0904 80 200 120
-0.7548 -1.9708 0.0178 80 200 120
-2.1347 -1.1574 0.5585 80 200 120
-2.7118 -2.1785 3.1082 80 200 120
-0.4138 -1.6313 0.0387 80 200 120
-2.4769 -0.9412 0.0706 80 200 120
2.8487 -4.9478 0.0566 80 200 120
3.2357 -3.0208 2.9418 80 200 120
3.2293 -1.6386 2.1460 80 200 120
0.5955 -3.9280 2.5570 80 200 120
2.7109 -3.3799 2.9620 80 200 120
3.5577 -2.7743 2.7425 80 200 120
0.2538 -1.5018 0.0220 80 200 120
-0.8932 -2.1040 -0.0281 80 200 120
3.3413 0.7248 0.0432 80 200 120
1.8801 0.0348 0.0019 80 200 120
-0.9736 -2.9389 0.5016 80 200 120
-2.2583 -0.9074 1.0280 80 200 120
-0.6302 -2.2722 0.2085 80 200 120
-3.4249 -0.1526 1.5489 80 200 120
0.0160 -0.5438 0.0172 80 200 120
-0.6326 2.3193 0.0307 80 200 120
-0.2506 2.8089 0.0782 80 200 120
-3.0393 0.3422 0.0546 80 200 120
-2.3448 1.4887 0.1125 80 200 120
-1.1862 0.9890 0.0406 80 200 120
-1.9497 1.4623 0.0290 80 200 120
-0.4376 -1.6320 0.0173 80 200 120
-0.5029 2.6077 0.0087 80 200 120
-0.4338 1.3370 0.1131 80 200 120
-2.3290 -5.0028 1.6065 80 200 120
-2.5352 -2.7086 0.7630 80 200 120
-1.0560 1.0887 0.0076 80 200 120
-1.7654 1.6529 1.2533 80 200 120
-0.5627 2.5363 0.3927 80 200 120
-2.4813 1.8346 1.0464 80 200 120
-2.7958 1.5299 0.9566 80 200 120
-3.3583 -0.5412 0.0662 80 200 120
-2.9605 0.4408 0.9032 80 200 120
-2.3070 -1.4094 0.8957 80 200 120
-0.5344 1.1987 0.0296 80 200 120
-0.6117 1.6707 0.5796 80 200 120
-1.0556 0.3322 0.0085 80 200 120
-1.0304 0.8949 -0.0521 80 200 120
-0.6011 1.7482 0.3465 80 200 120
-3.2710 -0.0077 0.3759 80 200 120
-3.2951 0.2609 1.7367 80 200 120
-0.5805 1.1971 0.1579 80 200 120
-1.1045 0.1659 0.0001 80 200 120
-0.2623 -0.9951 0.0104 80 200 120
-0.4840 2.7695 0.2126 80 200 120
-0.6155 2.4058 0.5795 80 200 120
-2.1605 -1.1643 0.5513 80 200 120
-0.6687 -1.3639 0.0008 80 200 120
-0.1336 -1.1585 0.0043 80 200 120
-0.5812 1.2686 0.3203 80 200 120
-2.7877 0.8696 0.9516 80 200 120
-3.3700 2.0274 1.4573 80 200 120
-2.2345 -3.0092 0.9393 80 200 120
-1.7796 -0.2251 0.0410 80 200 120
0.3135 -1.1266 -0.0039 80 200 120
0.2129 1.6874 0.0005 80 200 120
-3.3604 -0.0880 0.7451 80 200 120
-1.6192 0.8749 -0.0099 80 200 120
-3.4854 0.7367 2.1453 80 200 120
0.0077 -1.1232 -0.0045 80 200 120
-1.2128 -1.8606 -0.0310 80 200 120
-2.6130 1.1815 0.5492 80 200 120
-2.8304 1.2768 0.9549 80 200 120
-0.4823 -0.4582 -0.0118 80 200 120
-1.3273 -2.8029 -0.0075 80 200 120
-3.1857 -1.3718 1.9613 80 200 120
-0.5931 1.1290 0.5148 80 200 120
-3.2352 -0.1974 1.8801 80 200 120
-0.3747 -1.8042 0.1375 80 200 120
0.0667 -1.3157 -0.0080 80 200 120
-0.4786 -0.6014 0.0108 80 200 120
-0.4008 -1.2997 0.0137 80 200 120
-0.7786 1.0489 0.0116 80 200 120
-0.8133 -0.2221 0.0053 80 200 120
-2.0935 0.3962 -0.0576 80 200 120
-3.6614 0.4322 2.2620 80 200 120
-2.7320 1.3455 0.2337 80 200 120
-1.6909 0.5896 0.0204 80 200 120
-3.3991 0.7162 1.5740 80 200 120
-1.0003 0.6843 0.0274 80 200 120
-0.1063 -1.3832 -0.0007 80 200 120
2.6631 3.9696 3.0599 80 200 120
-0.0767 4.6825 -0.0165 80 200 120
2.3329 0.2058 0.0102 80 200 120
2.4744 -0.6449 -0.0586 80 200 120
1.8473 0.0461 0.0051 80 200 120
1.8939 -0.1035 -0.0120 80 200 120
3.4489 4.1959 1.8546 80 200 120
0.2645 0.8720 0.0381 80 200 120
1.1262 4.8949 1.2185 80 200 120
2.1201 1.4042 0.0131 80 200 120
0.2202 1.0947 0.0643 80 200 120
2.3777 -0.1530 0.0109 80 200 120
0.5739 5.1469 2.6828 80 200 120
3.1417 1.9215 2.0672 80 200 120
0.1442 3.2812 1.6468 80 200 120
0.7193 -2.5008 2.9496 80 200 120
2.4273 3.7742 2.8889 80 200 120
3.7349 4.2180 1.2248 80 200 120
2.5075 3.1350 3.1181 80 200 120
2.4792 -0.3902 0.6423 80 200 120
-0.9673 -4.3224 3.3997 80 200 120
1.6251 -4.9234 1.8429 80 200 120
-0.4122 -2.5076 3.1182 80 200 120
-0.1080 -3.4671 3.2492 80 200 120
3.0126 5.1865 2.3183 80 200 120
0.2703 1.5646 3.1224 80 200 120
3.5168 0.7208 2.5532 80 200 120
1.5533 4.8166 2.4236 80 200 120
3.3971 2.4577 1.8214 80 200 120
3.3168 1.5979 2.3044 80 200 120
3.2705 1.2958 2.9528 80 200 120
1.7552 2.5999 0.4157 80 200 120
1.5541 1.5617 3.1652 80 200 120
0.4621 5.0306 2.0426 80 200 120
3.4206 1.4769 2.6121 80 200 120
3.3503 -4.5298 0.2974 80 200 120
-1.7655 -0.8084 0.4582 80 200 120
0.8698 -2.9780 0.6314 80 200 120
-2.4422 -2.2540 0.1907 80 200 120
-2.2732 -4.9198 1.6374 80 200 120
-2.1668 -1.9325 0.0717 80 200 120
-1.9587 -2.1557 -0.0208 80 200 120
2.8093 -4.7196 2.9920 80 200 120
0.8657 -3.2180 0.5934 80 200 120
0.5464 -2.2976 -0.0171 80 200 120
-0.6109 2.2758 0.8052 80 200 120
-3.5234 1.5484 2.7515 80 200 120
0.3147 2.0098 0.0332 80 200 120
-0.1234 2.2333 0.0230 80 200 120
-2.8503 -0.1993 0.1077 80 200 120
0.4968 1.5250 0.0459 80 200 120
-2.8143 0.8183 -0.0228 80 200 120
0.3243 -2.3731 -0.0418 80 200 120
-2.3705 0.9926 0.0760 80 200 120
-0.9451 0.0538 0.0070 80 200 120
-1.7860 -4.3707 1.1378 80 200 120
3.1308 2.3183 2.3803 80 200 120
1.1805 4.4229 2.9461 80 200 120
0.5511 1.0656 0.0090 80 200 120
2.1607 -0.2584 -0.0517 80 200 120
0.2240 2.2041 -0.0106 80 200 120
0.3020 1.4238 0.0061 80 200 120
0.5293 4.6066 0.0867 80 200 120
1.4415 4.2689 0.1226 80 200 120
0.5071 1.2891 -0.0038 80 200 120
1.8892 4.2062 2.7791 80 200 120
2.3795 -0.6511 -0.0055 80 200 120
2.3885 -0.5727 0.6486 80 200 120
2.8286 4.9813 2.2374 80 200 120
3.2264 -3.2179 0.0612 80 200 120
2.3078 -4.6499 0.7362 80 200 120
3.5087 2.4036 0.2734 80 200 120
2.6716 -1.5984 0.0035 80 200 120
2.2468 2.5839 0.5678 80 200 120
1.6339 3.0074 0.5785 80 200 120
0.5641 3.3560 3.0627 80 200 120
3.3186 0.4268 3.0165 80 200 120
0.4076 3.2381 -0.0092 80 200 120
0.7953 -0.6775 3.0698 80 200 120
3.3050 -4.4107 1.8995 80 200 120
3.3302 -3.5766 0.4476 80 200 120
3.3207 -3.1036 2.0055 80 200 120
3.5800 -2.2813 2.7266 80 200 120
2.6720 -1.4745 3.1160 80 200 120
3.9317 -3.6694 1.0866 80 200 120
-0.8571 -2.0676 -0.0182 80 200 120
3.8523 -3.5567 1.4381 80 200 120
2.9122 1.5468 -0.0267 80 200 120
-2.3193 -2.6585 0.0548 80 200 120
3.5350 -3.2190 3.1464 80 200 120
0.3411 -0.0431 0.1704 80 200 120
3.0149 0.3263 0.1052 80 200 120
3.2057 0.7006 0.0937 80 200 120
1.8314 -0.0815 0.0181 80 200 120
2.5161 -0.1704 -0.0211 80 200 120
3.2598 1.1015 0.0850 80 200 120
2.5651 -0.3793 0.6397 80 200 120
0.0069 -5.4175 2.8669 80 200 120
3.4606 3.1517 3.0884 80 200 120
3.2497 0.2999 0.0253 80 200 120
2.3399 -0.7973 -0.0066 80 200 120
0.2641 0.7057 -0.0879 80 200 120
1.7604 -0.2321 -0.0129 80 200 120
1.2189 2.5223 -0.0057 80 200 120
1.7852 3.8238 0.7672 80 200 120
0.3366 1.2040 -0.0096 80 200 120
2.3858 0.0886 0.6384 80 200 120
3.7209 5.2685 1.7704 80 200 120
2.6193 -1.3232 0.0140 80 200 120
3.1408 -3.7765 0.1183 80 200 120
2.5376 -0.9096 0.6161 80 200 120
0.4622 1.7398 3.1714 80 200 120
0.5393 2.4868 3.2222 80 200 120
0.8544 4.4228 -0.0535 80 200 120
0.9904 3.2746 -0.0324 80 200 120
-0.0596 4.8982 -0.0085 80 200 120
0.1076 3.3609 -0.0838 80 200 120
0.0210 4.4131 2.0115 80 200 120
3.3742 1.1565 2.4355 80 200 120
2.0410 -4.6250 3.0460 80 200 120
1.4732 -4.6572 0.0503 80 200 120
-2.2289 -3.8239 0.0860 80 200 120
-1.4954 -3.7272 0.1759 80 200 120
0.3259 -2.2827 0.0315 80 200 120
-2.1283 -3.2477 0.6547 80 200 120
-1.8961 -1.9446 -0.0171 80 200 120
1.7457 -4.9074 1.1135 80 200 120
3.1217 -4.2296 3.1734 80 200 120
-1.2995 -2.8146 0.0127 80 200 120
1.9501 -4.9536 0.6122 80 200 120
0.0562 -1.6264 0.5911 80 200 120
2.9193 -4.6884 3.0279 80 200 120
0.8061 -2.5602 2.9133 80 200 120
0.1564 -1.6406 0.8290 80 200 120
0.0030 -2.1536 1.2719 80 200 120
3.1650 -3.2299 1.6319 80 200 120
-1.9666 -3.1317 -0.1123 80 200 120
-0.6040 -2.3508 1.2091 80 200 120
-2.1107 -2.9059 0.8324 80 200 120
-2.5532 -2.5605 0.3346 80 200 120
-1.1231 -3.2959 0.2104 80 200 120
-2.2433 -1.6559 0.0304 80 200 120
2.1551 -4.6644 2.9682 80 200 120
0.2638 -2.5500 -0.0720 80 200 120
1.3288 -4.6573 2.9314 80 200 120
0.9862 -3.8994 2.1405 80 200 120
0.5146 -2.3824 0.0099 80 200 120
0.3205 0.3114 0.0640 80 200 120
0.3101 1.0601 -0.0814 80 200 120
0.3083 1.2629 0.0505 80 200 120
0.3724 1.0990 0.0962 80 200 120
0.3266 0.1708 0.0875 80 200 120
0.4843 -1.1481 0.0042 80 200 120
0.6899 -1.2257 -0.0181 80 200 120
0.5061 -1.6938 0.0056 80 200 120
0.7868 -1.1682 0.0140 80 200 120
0.5351 -0.6807 0.0189 80 200 120
0.4409 -0.3797 0.0088 80 200 120
0.4235 0.9532 0.0031 80 200 120
0.6081 -0.4978 -0.0144 80 200 120
0.7101 -1.0231 -0.0050 80 200 120
0.4748 -0.6003 -0.0252 80 200 120
0.9206 -0.6910 -0.0237 80 200 120
0.4295 0.7530 -0.0112 80 200 120
0.6058 -1.2825 -0.0097 80 200 120
0.7242 -1.4717 0.0252 80 200 120
0.4831 -0.9445 -0.0173 80 200 120
0.5280 -0.5314 -0.0343 80 200 120
0.4077 -0.7616 0.0338 80 200 120
0.5683 0.0492 0.0327 80 200 120
0.8055 -0.2692 0.0013 80 200 120
0.7489 0.5159 -0.0078 80 200 120
0.5861 -0.4150 -0.0400 80 200 120
0.5778 0.1755 0.0043 80 200 120
0.4378 0.1993 0.0424 80 200 120
0.5405 -0.3149 -0.0264 80 200 120
0.4400 -0.1666 -0.0217 80 200 120
0.4165 -0.6335 0.0346 80 200 120
0.6986 -0.4419 0.0076 80 200 120
0.6292 -0.3460 -0.0460 80 200 120
0.6360 0.1424 0.0041 80 200 120
0.3203 0.4571 -0.1028 80 200 120
0.4073 -1.3487 -0.0092 80 200 120
0.8904 0.0634 -0.0194 80 200 120
0.6586 0.2256 -0.0112 80 200 120
0.8853 -0.4414 0.0050 80 200 120
0.3703 0.0253 0.0736 80 200 120
0.3737 -0.3347 0.0236 80 200 120
0.3983 0.2896 -0.0064 80 200 120
0.7368 0.0813 -0.0012 80 200 120
0.5539 0.4116 0.0194 80 200 120
0.9105 0.1309 0.0152 80 200 120
0.7223 -0.1060 0.0171 80 200 120
0.5869 0.7450 0.0262 80 200 120
0.6282 -0.1204 0.0542 80 200 120
0.4508 -0.0702 -0.0326 80 200 120
0.4039 0.4455 -0.0119 80 200 120
0.7637 -0.5299 0.0011 80 200 120
0.6386 -1.6298 0.0165 80 200 120
0.4349 -0.4725 0.0045 80 200 120
0.6949 0.0223 -0.0132 80 200 120
0.5439 -0.0224 0.0080 80 200 120
0.4541 0.8726 -0.0309 80 200 120
0.7155 0.7088 0.0056 80 200 120
0.2214 0.8603 0.1475 80 200 120
0.2213 1.6257 0.0641 80 200 120
2.3010 -0.1235 0.0306 80 200 120
1.3109 4.3884 0.0676 80 200 120
2.3424 -0.5614 -0.0110 80 200 120
1.5968 0.6757 0.0258 80 200 120
0.3205 0.4930 0.0659 80 200 120
3.0420 4.2759 2.1741 80 200 120
0.3372 0.3949 0.0397 80 200 120
1.2480 -0.2762 0.0435 80 200 120
1.5958 0.0307 -0.0135 80 200 120
1.5144 1.7418 -0.0051 80 200 120
3.4128 2.6953 2.1858 80 200 120
-0.0900 -3.3243 3.1686 80 200 120
2.9851 1.0018 3.1574 80 200 120
0.0539 -3.7637 3.1455 80 200 120
2.7594 -1.9541 0.0124 80 200 120
2.4851 0.2514 0.6019 80 200 120
2.6840 -1.3597 0.5632 80 200 120
3.2796 3.3083 1.8898 80 200 120
1.2745 -3.8322 3.0940 80 200 120
3.4435 2.7559 1.5119 80 200 120
2.7366 -0.1668 0.6872 80 200 120
1.2006 2.6801 3.2572 80 200 120
2.5099 -0.4916 0.6341 80 200 120
2.2599 4.4985 2.9972 80 200 120
2.0266 4.4156 0.0664 80 200 120
0.3259 2.1450 3.1484 80 200 120
0.0370 4.0578 2.8462 80 200 120
2.7175 4.1175 0.8933 80 200 120
0.4273 4.8036 0.0631 80 200 120
1.8319 4.8759 0.0096 80 200 120
1.0489 -4.0362 0.1128 80 200 120
0.7075 -2.2781 0.0504 80 200 120
0.8469 -2.8624 0.0953 80 200 120
3.2502 -2.9422 1.3182 80 200 120
0.5377 -2.2825 0.0537 80 200 120
3.3661 -1.4956 2.9765 80 200 120
1.6292 -3.8343 3.1533 80 200 120
3.4238 -2.1918 3.1840 80 200 120
2.4789 -4.6442 3.2713 80 200 120
-0.7275 -2.1655 0.0838 80 200 120
0.6049 -2.2929 0.2509 80 200 120
-0.0558 -1.6547 0.4794 80 200 120
-0.2923 -1.5878 0.2782 80 200 120
1.8338 -0.5354 3.2501 80 200 120
-0.2006 -1.6192 0.9460 80 200 120
-0.8130 -1.9315 0.0308 80 200 120
-0.0691 -1.8562 1.0570 80 200 120
-0.5661 -2.1030 0.2775 80 200 120
3.4503 -4.7069 0.3368 80 200 120
-1.6620 -4.7047 2.3608 80 200 120
3.3630 -2.0134 1.8256 80 200 120
3.1644 -2.8911 1.0230 80 200 120
3.0444 0.3210 0.0899 80 200 120
2.3547 -0.1623 0.0156 80 200 120
3.3217 1.1354 0.0817 80 200 120
2.6006 -0.1875 0.6118 80 200 120
3.1672 0.6594 0.0865 80 200 120
-0.4396 -4.7091 2.0930 80 200 120
0.3455 -0.0351 0.1819 80 200 120
0.0710 -4.9208 2.6729 80 200 120
-2.0208 -2.9655 0.0905 80 200 120
2.1345 0.6852 0.0405 80 200 120
2.6568 0.5322 0.0196 80 200 120
-1.3462 -2.5940 -0.0174 80 200 120
0.7158 -2.3913 0.0031 80 200 120
0.6334 2.5095 -0.1170 80 200 120
0.3189 -0.0674 0.5670 80 200 120
0.3154 -0.0467 0.5164 80 200 120
0.3541 -2.0238 -0.1149 80 200 120
0.6982 -0.2937 -0.0858 80 200 120
0.5458 -0.1086 -0.0115 80 200 120
0.2956 0.8613 -0.1377 80 200 120
0.2868 -0.3477 0.2243 80 200 120
0.2836 -0.4420 0.2655 80 200 120
0.3890 -1.0292 -0.0259 80 200 120
0.3281 0.1080 -0.0238 80 200 120
0.8541 -0.9113 -0.0212 80 200 120
0.8623 -1.0372 0.0039 80 200 120
0.8255 -0.7735 0.0006 80 200 120
0.6870 -0.8265 -0.0080 80 200 120
0.3054 0.7055 -0.2005 80 200 120
0.3174 -2.6278 -0.1543 80 200 120
0.2580 -0.7801 0.1688 80 200 120
0.5140 1.5814 0.0398 80 200 120
0.2111 -1.3177 0.4392 80 200 120
0.2513 -0.9128 0.1965 80 200 120
0.5551 1.0824 -0.0295 80 200 120
0.5481 1.3328 -0.0035 80 200 120
0.2795 -0.5854 0.2068 80 200 120
0.8619 -0.0467 -0.0442 80 200 120
0.6995 -0.6433 -0.0409 80 200 120
0.7051 0.6208 -0.0217 80 200 120
3.6766 0.3238 1.5333 80 200 120
0.2584 0.7103 0.1103 80 200 120
0.0938 1.3196 0.0448 80 200 120
2.2013 0.7265 -0.0048 80 200 120
0.3365 0.2997 0.1161 80 200 120
2.7023 0.2755 0.2060 80 200 120
3.1108 4.3333 2.8437 80 200 120
0.4212 5.4149 2.1066 80 200 120
0.9836 3.2344 -0.0088 80 200 120
1.6015 5.1095 2.4949 80 200 120
3.3758 2.4162 2.2580 80 200 120
3.2880 0.5555 0.9962 80 200 120
-0.1867 2.3987 0.1985 80 200 120
-0.3035 2.8650 1.0998 80 200 120
0.0814 2.0935 0.1179 80 200 120
0.0254 1.6624 0.8155 80 200 120
3.5327 2.2480 0.0500 80 200 120
3.3622 2.0225 0.5038 80 200 120
1.6036 4.5888 3.3106 80 200 120
3.0052 0.2878 0.0944 80 200 120
2.7221 -1.3873 -0.0349 80 200 120
2.5983 -1.0355 0.6015 80 200 120
3.3757 -3.3602 0.0476 80 200 120
3.4793 0.9158 1.9282 80 200 120
3.5230 3.6814 -0.0309 80 200 120
0.0407 3.9424 -0.1644 80 200 120
3.0367 4.1498 1.6015 80 200 120
-0.0177 2.7934 2.9110 80 200 120
0.3255 3.3207 -0.0064 80 200 120
-0.0326 1.7354 3.1674 80 200 120
1.5532 4.9729 0.5240 80 200 120
1.0500 3.5522 -0.0819 80 200 120
-0.4813 -4.9945 2.1888 80 200 120
0.8078 0.0020 2.7893 80 200 120
0.7817 -1.7389 3.1414 80 200 120
0.0634 -5.0092 2.7593 80 200 120
1.6247 -4.6200 3.1157 80 200 120
0.3296 1.5623 3.0951 80 200 120
0.6212 -1.2779 3.1359 80 200 120
3.7881 -1.3093 3.2444 80 200 120
-1.7486 -3.3960 1.4294 80 200 120
3.3977 -3.0969 3.0608 80 200 120
2.4571 -0.7268 0.6887 80 200 120
2.3372 -0.4971 0.6526 80 200 120
3.3853 -2.6390 3.0125 80 200 120
1.7482 -0.2372 0.0087 80 200 120
-2.1718 -2.5044 0.4453 80 200 120
2.3099 -0.6259 0.3120 80 200 120
-0.2416 -1.0043 0.0143 80 200 120
-2.0186 -3.5254 1.2155 80 200 120
-1.6399 -3.8472 1.4733 80 200 120
-0.0308 -1.6562 0.4806 80 200 120
-0.1775 -1.2668 -0.0038 80 200 120
-2.1412 -2.0230 0.0473 80 200 120
2.0948 -1.3701 -0.0210 80 200 120
0.6944 1.2960 -0.0077 80 200 120
0.6440 0.3005 -0.1034 80 200 120
0.3966 0.0276 -0.0182 80 200 120
0.4674 0.4135 -0.1054 80 200 120
0.8572 -0.1271 -0.0238 80 200 120
0.3022 -0.2036 0.3652 80 200 120
0.3139 0.4183 -0.5074 80 200 120
0.3194 -0.0634 0.1232 80 200 120
0.5986 0.8898 0.0265 80 200 120
0.4219 0.5605 -0.0320 80 200 120
0.3415 1.2470 0.2123 80 200 120
0.9314 -0.5844 -0.0050 80 200 120
0.9784 0.2265 0.0052 80 200 120
0.3214 0.3858 -0.0050 80 200 120
0.3132 0.4586 0.0262 80 200 120
0.4256 1.3855 0.0149 80 200 120
0.8735 1.3537 -0.0110 80 200 120
0.4134 -0.8101 -0.0033 80 200 120
1.0120 -0.8667 -0.0211 80 200 120
1.4764 4.0164 3.0669 80 200 120
1.6028 3.0703 0.0035 80 200 120
0.1794 0.9789 0.1822 80 200 120
2.5301 -0.3874 0.6114 80 200 120
3.3495 4.2848 2.5462 80 200 120
2.0587 4.5698 3.0033 80 200 120
3.2734 3.3815 2.9938 80 200 120
1.1154 2.5076 3.1631 80 200 120
2.3810 0.2257 0.0382 80 200 120
3.3691 0.8472 3.1012 80 200 120
-0.1589 2.9939 2.3174 80 200 120
-0.9294 4.3469 3.2129 80 200 120
-0.7637 -2.2606 0.1051 80 200 120
0.0458 -1.7107 0.5885 80 200 120
-0.0458 -1.7210 0.4673 80 200 120
3.1868 -2.0890 2.8985 80 200 120
2.1520 0.0949 3.0680 80 200 120
1.7214 -0.2887 3.1610 80 200 120
0.1643 -1.7969 0.3145 80 200 120
2.3702 -1.0058 3.2311 80 200 120
-0.2610 -2.1192 1.1909 80 200 120
-0.9763 -2.2284 -0.1032 80 200 120
-0.3651 -1.7844 0.1341 80 200 120
-0.8992 -1.5309 3.1715 80 200 120
0.7361 -2.4061 0.0134 80 200 120
0.5592 -2.1713 0.0761 80 200 120
-2.5621 -5.2763 2.6201 80 200 120
3.2020 -0.4670 3.4527 80 200 120
-1.9871 -4.2396 3.2470 80 200 120
1.9967 0.3127 2.9310 80 200 120
2.4231 -0.4045 -0.0155 80 200 120
2.2467 -2.8570 -0.1002 80 200 120
2.4754 0.2377 0.6438 80 200 120
0.3315 0.5075 0.1715 80 200 120
-0.3095 -1.7816 0.9506 80 200 120
3.0303 1.2210 0.1061 80 200 120
2.1612 0.4423 -0.0030 80 200 120
-0.0149 -1.6185 1.1621 80 200 120
0.7668 1.9024 0.0978 80 200 120
1.0785 1.0887 -0.0196 80 200 120
0.9665 -1.6187 -0.0027 80 200 120
0.3054 -2.9594 -0.0619 80 200 120
0.3320 -2.5779 -0.1273 80 200 120
0.7365 -1.1276 -0.0324 80 200 120
1.0341 -0.3627 -0.0276 80 200 120
0.9057 0.9641 -0.0426 80 200 120
0.7704 1.1184 0.0041 80 200 120
0.9109 -0.7046 0.0099 80 200 120
1.1472 0.0552 -0.0468 80 200 120
0.6040 1.9629 0.0987 80 200 120
0.4461 1.7825 0.0425 80 200 120
0.4552 0.1902 0.0846 80 200 120
1.0034 1.3323 0.0077 80 200 120
0.7034 1.5923 0.0419 80 200 120
0.5280 -1.8239 -0.0688 80 200 120
0.2930 0.9712 0.2779 80 200 120
0.2831 1.2059 0.3746 80 200 120
0.8631 -1.4060 -0.0489 80 200 120
3.0710 1.3840 2.2097 80 200 120
3.3177 1.8820 2.5501 80 200 120
1.3472 -0.3203 -0.0243 80 200 120
3.6982 2.9695 2.9357 80 200 120
0.6976 1.9510 0.0073 80 200 120
2.8738 0.1178 0.6754 80 200 120
1.3812 3.3553 0.0123 80 200 120
2.5739 -1.2956 -0.0400 80 200 120
2.3980 -0.6294 -0.0227 80 200 120
1.0115 -4.4786 3.0995 80 200 120
3.5078 0.7686 0.0856 80 200 120
2.7488 -0.8475 0.7089 80 200 120
3.4106 0.5635 0.0292 80 200 120
2.8641 -0.6754 0.5813 80 200 120
3.5786 3.5586 -0.0102 80 200 120
2.8976 3.8057 1.3521 80 200 120
2.6133 2.9504 0.3848 80 200 120
2.7170 -1.3761 0.0300 80 200 120
2.6943 3.2995 0.5823 80 200 120
2.7656 -1.6017 0.0744 80 200 120
3.4217 1.2390 0.1174 80 200 120
3.4069 -0.2759 0.6406 80 200 120
-0.7953 3.8336 3.4968 80 200 120
-2.2721 1.0725 3.3586 80 200 120
-1.0255 0.7208 3.2672 80 200 120
-3.0953 4.8856 3.4938 80 200 120
2.9050 -5.0723 1.2297 80 200 120
0.1164 -2.6801 1.2726 80 200 120
-0.5044 -1.8494 -0.0706 80 200 120
2.6767 -2.3382 1.3122 80 200 120
3.8235 -0.2224 3.4351 80 200 120
2.8883 -0.8222 2.7801 80 200 120
3.1179 -3.4847 1.0375 80 200 120
5.9680 -2.2745 4.3118 80 200 120
-1.4162 -1.3870 3.2357 80 200 120
3.6605 -3.6489 1.8028 80 200 120
-1.6051 -1.9811 3.3415 80 200 120
3.1359 -4.3701 0.0966 80 200 120
-2.5471 0.0796 3.2259 80 200 120
2.3803 -4.3865 0.1270 80 200 120
-2.1312 1.0265 3.2706 80 200 120
1.1331 -4.7827 2.4217 80 200 120
0.9885 -3.7030 2.5841 80 200 120
3.2162 -3.9791 2.9094 80 200 120
3.3315 -3.0368 3.0249 80 200 120
3.6020 -5.2935 3.2472 80 200 120
3.5278 -2.7859 3.1366 80 200 120
3.0009 -0.9178 0.6794 80 200 120
2.1250 -3.1953 -0.0399 80 200 120
-2.5686 -2.9612 -0.0689 80 200 120
1.0081 -3.7909 -0.0737 80 200 120
2.5862 -0.5768 0.6684 80 200 120
0.8065 0.6417 0.0936 80 200 120
0.2926 1.2577 0.5421 80 200 120
0.3269 0.2435 0.2563 80 200 120
0.5978 1.2598 -0.1473 80 200 120
0.5319 -2.3194 0.0731 80 200 120
0.7248 0.9016 0.1105 80 200 120
0.5841 2.0269 0.2918 80 200 120
0.9051 -0.3671 -0.0908 80 200 120
0.3111 -0.2105 0.6597 80 200 120
3.6763 2.3747 3.1284 80 200 120
2.4647 3.1305 3.2538 80 200 120
0.1233 1.2683 0.5187 80 200 120
0.2938 0.6278 0.6618 80 200 120
-0.3591 3.0605 1.1969 80 200 120
2.3924 -0.2957 0.0135 80 200 120
0.2980 0.5795 0.7389 80 200 120
2.0910 -0.2467 0.0173 80 200 120
-0.0213 2.9376 1.0950 80 200 120
-0.2484 3.6041 0.2968 80 200 120
1.5378 1.2854 0.0269 80 200 120
2.1204 -0.7547 0.0122 80 200 120
3.0894 -2.2435 -0.0327 80 200 120
3.6578 1.9478 -0.0058 80 200 120
4.0923 -4.1799 -0.0832 80 200 120
-0.0544 3.7005 2.9096 80 200 120
2.7225 0.2853 0.3319 80 200 120
3.5099 2.2229 0.1615 80 200 120
1.5176 -5.5362 2.9665 80 200 120
5.9825 -7.7894 -0.6376 80 200 120
2.4290 -0.2124 0.0664 80 200 120
-3.3594 3.4361 3.1419 80 200 120
-1.9158 5.6671 2.6212 80 200 120
0.2884 -3.0886 1.0802 80 200 120
-3.6305 -3.5000 2.7332 80 200 120
-4.1958 -5.3238 -0.7564 80 200 120
0.8604 2.4860 0.0866 80 200 120
0.1106 -2.5721 0.0486 80 200 120
0.2457 -1.2258 0.0140 80 200 120
0.8416 -2.2248 -0.0469 80 200 120
0.6220 -0.2080 0.0331 80 200 120
0.3337 0.3495 0.8240 80 200 120
0.3332 0.3833 0.7267 80 200 120
0.2302 -1.6073 0.0482 80 200 120
1.0131 1.3917 -0.0045 80 200 120
1.0049 1.1134 -0.1759 80 200 120
0.7555 1.5761 -0.0957 80 200 120
0.8895 1.5474 -0.0626 80 200 120
1.0814 1.2595 -0.0813 80 200 120
0.3190 -0.0445 0.2930 80 200 120
0.8143 -2.7789 -0.0887 80 200 120
0.9960 -0.4015 0.0502 80 200 120
0.7447 -1.6146 0.0392 80 200 120
1.1112 0.0341 -0.0444 80 200 120
0.9487 -1.1590 -0.0449 80 200 120
0.7079 1.0857 0.1385 80 200 120
0.8489 -0.0830 0.0343 80 200 120
0.8933 1.9577 -0.0010 80 200 120
3.1355 2.9752 3.4333 80 200 120
3.1301 -0.1845 0.7426 80 200 120
0.3731 0.3486 0.7018 80 200 120
0.3877 0.3073 0.7024 80 200 120
0.0234 3.8190 -0.0546 80 200 120
-0.2224 2.8629 0.6627 80 200 120
2.4842 0.0797 0.6444 80 200 120
0.4208 0.2116 0.9630 80 200 120
2.5672 -0.5848 0.6735 80 200 120
2.7855 3.9986 0.4671 80 200 120
4.1222 4.3966 -0.1473 80 200 120
-3.7819 4.5389 2.7314 80 200 120
0.4633 -3.5887 2.7402 80 200 120
0.8620 -2.8621 -0.0966 80 200 120
0.8581 -2.9387 0.0003 80 200 120
3.6821 -3.3767 1.5652 80 200 120
-3.5415 -3.8660 3.2078 80 200 120
-2.7669 -3.1778 1.5515 80 200 120
-2.4905 -2.8829 0.9914 80 200 120
-2.7959 -3.4954 0.4531 80 200 120
0.3053 0.6709 -0.1579 80 200 120
-2.4961 -5.3201 1.6267 80 200 120
-1.8743 -3.2821 1.2054 80 200 120
-2.2449 -2.6768 0.0709 80 200 120
2.9007 1.2892 0.0628 80 200 120
0.3052 0.7483 0.8685 80 200 120
0.3059 0.7246 0.8141 80 200 120
0.3678 1.3092 0.6646 80 200 120
0.3366 0.3944 -0.0180 80 200 120
0.4444 1.0699 -0.0460 80 200 120
0.3188 -0.0714 0.7551 80 200 120
0.3578 0.7443 0.7918 80 200 120
-0.2916 2.3205 1.0567 80 200 120
3.2886 3.5042 3.1416 80 200 120
0.5413 4.5251 -0.2247 80 200 120
3.5099 3.3345 3.2917 80 200 120
3.4596 2.6593 0.0872 80 200 120
1.3787 -5.1731 1.9074 80 200 120
-1.2752 -5.3896 3.3708 80 200 120
1.0863 -4.2914 2.9928 80 200 120
-2.1951 -3.0346 0.0895 80 200 120
-2.8832 -3.0095 0.6595 80 200 120
-0.4924 -1.8304 -0.0193 80 200 120
-2.2917 -2.6711 0.0963 80 200 120
-2.7851 -2.8443 1.3166 80 200 120
4.1094 -5.0567 3.3321 80 200 120
0.3478 -1.7275 0.8882 80 200 120
-0.4813 -16.0293 -1.1435 80 200 120
0.0738 -1.3811 0.0028 80 200 120
0.0461 -1.6409 0.6720 80 200 120
1.0490 -1.2922 0.1229 80 200 120
0.7210 -2.3523 0.0985 80 200 120
0.4703 -2.7108 -0.0173 80 200 120
0.3026 0.9551 -0.2520 80 200 120
0.2988 0.8810 0.0600 80 200 120
0.3238 0.7631 -0.5028 80 200 120
0.3839 1.7193 0.1185 80 200 120
0.0675 -1.6953 0.0379 80 200 120
0.9950 -0.7854 0.1457 80 200 120
0.2055 -0.8543 0.0423 80 200 120
0.0470 4.0902 0.1654 80 200 120
0.1631 -2.0197 0.2719 80 200 120
-1.3093 5.4038 2.1549 80 200 120
3.1953 5.8098 2.4655 80 200 120
1.3725 -3.7316 1.7715 80 200 120
-2.0835 -3.5963 1.4704 80 200 120
-3.1027 -5.6531 2.2708 80 200 120
2.2863 -5.6975 3.0166 80 200 120
-2.2997 -2.2572 0.0959 80 200 120
-4.2001 0.8427 3.0350 80 200 120
-2.9505 -1.1223 1.3527 80 200 120
-2.0412 -1.5238 0.1653 80 200 120
-2.0075 -1.7589 0.1782 80 200 120
-2.3898 -1.4361 0.9109 80 200 120
0.6463 -7.8438 4.5890 80 200 120
0.8149 -4.2400 0.8618 80 200 120
0.3735 0.3129 0.5419 80 200 120
-1.6994 -2.5012 0.2718 80 200 120
0.2863 -2.2527 1.0441 80 200 120
2.5991 -2.3294 2.6249 80 200 120
0.9692 -2.7596 2.2557 80 200 120
-0.5865 -4.9118 1.7858 80 200 120
1.2400 -0.0594 0.0764 80 200 120
-0.0642 -1.7329 0.5099 80 200 120
0.4420 -0.7216 -0.0143 80 200 120
0.8309 -0.8985 0.0934 80 200 120
-0.1065 -1.6695 0.3538 80 200 120
0.3270 -4.6830 -0.2599 80 200 120
0.2882 0.9899 0.0788 80 200 120
-0.0948 -1.1071 -0.0107 80 200 120
-0.2039 -1.6378 0.9989 80 200 120
0.2878 0.8482 0.4103 80 200 120
1.0812 2.9866 -0.4863 80 200 120
0.9620 -1.6137 0.1014 80 200 120
2.5641 -0.8174 0.6455 80 200 120
2.4949 -1.2401 0.0629 80 200 120
1.3213 -0.2960 0.0522 80 200 120
0.3342 0.5035 0.0533 80 200 120
2.9549 -1.9650 0.3000 80 200 120
3.2132 0.3604 0.1104 80 200 120
4.3178 -4.4221 -0.2413 80 200 120
3.2600 -0.9889 0.6094 80 200 120
3.9605 4.8858 -0.1423 80 200 120
0.4085 -4.0421 2.8368 80 200 120
3.4021 -2.9579 0.1029 80 200 120
0.2897 0.5446 1.1546 80 200 120
-0.7054 1.5809 1.0822 80 200 120
0.1666 0.5521 1.1505 80 200 120
-2.3847 -4.6670 3.0026 80 200 120
1.4485 -4.7430 0.9082 80 200 120
-2.4772 -1.1425 0.0056 80 200 120
-1.7827 -1.0547 0.2809 80 200 120
-3.2120 -0.9872 0.1576 80 200 120
-2.4904 -0.9595 0.0960 80 200 120
-0.8123 -2.2986 0.0009 80 200 120
-2.6904 -1.1755 0.8736 80 200 120
3.0350 -3.9285 1.8707 80 200 120
3.9540 -5.5159 0.2765 80 200 120
4.0497 -5.5120 2.8815 80 200 120
3.4277 -4.1452 0.7777 80 200 120
3.4431 -2.6493 1.4199 80 200 120
0.9284 -4.0386 2.7471 80 200 120
2.6814 0.3131 0.2940 80 200 120
0.3340 0.5263 0.0730 80 200 120
0.0516 -4.9142 2.7351 80 200 120
0.3142 1.5010 0.0736 80 200 120
-0.1388 6.6901 -0.9993 80 200 120
0.3691 4.7021 -0.5721 80 200 120
-0.4350 -1.6535 0.0471 80 200 120
-0.6571 -2.0131 0.2079 80 200 120
-0.7904 -2.3265 0.3648 80 200 120
0.3086 0.7581 -0.1999 80 200 120
-2.6343 -5.6329 1.6075 80 200 120
-0.2744 -1.4325 -0.1000 80 200 120
0.0829 3.5037 0.3015 80 200 120
-2.9253 -4.7465 1.5397 80 200 120
-2.1468 -3.8420 0.2436 80 200 120
-2.7159 -5.1402 2.3764 80 200 120
2.3642 -1.4963 -0.0391 80 200 120
3.3749 0.7860 2.0737 80 200 120
0.2277 0.9215 0.4684 80 200 120
0.2738 0.7076 0.1319 80 200 120
0.2641 0.7172 0.4797 80 200 120
0.2713 0.6785 0.3190 80 200 120
3.0930 -0.9196 0.6572 80 200 120
0.3362 0.4806 0.3462 80 200 120
3.4680 -3.7274 1.7758 80 200 120
2.9556 -2.0914 0.5579 80 200 120
2.9271 -4.6635 3.1048 80 200 120
0.5921 -2.3526 3.1859 80 200 120
3.0344 -2.7589 2.9424 80 200 120
2.0437 -4.7700 3.1294 80 200 120
1.2451 -4.8428 3.0525 80 200 120
2.9302 -1.7915 0.6022 80 200 120
2.9887 -3.9938 2.3096 80 200 120
3.3001 -1.4986 0.6588 80 200 120
2.7523 -4.6978 1.3232 80 200 120
3.4610 -4.1994 1.4942 80 200 120
3.3516 -3.0239 1.5198 80 200 120
3.5822 -3.0896 0.5510 80 200 120
3.4743 -2.6804 2.7722 80 200 120
3.6188 -0.6455 1.8099 80 200 120
1.7918 -0.5450 3.3045 80 200 120
2.5613 -2.6410 3.2615 80 200 120
2.4374 -3.0585 3.2231 80 200 120
2.7390 -1.5068 3.2773 80 200 120
3.3260 -4.1275 2.9706 80 200 120
1.7350 -4.0195 3.2705 80 200 120
3.9281 -1.5356 2.5994 80 200 120
3.2999 -1.4631 3.0049 80 200 120
2.0017 -3.4541 3.1802 80 200 120
3.4551 -0.5616 2.9722 80 200 120
0.4909 -2.8625 3.0090 80 200 120
3.3063 -1.9779 3.1432 80 200 120
3.0968 -1.8555 2.5649 80 200 120
2.0117 -4.7117 2.3494 80 200 120
1.8759 -2.3629 3.1193 80 200 120
1.3243 -1.6791 3.1250 80 200 120
1.6816 -3.0563 3.2763 80 200 120
1.0742 -2.6453 3.2599 80 200 120
3.3111 -1.9654 1.9893 80 200 120
3.5942 -1.9466 0.8493 80 200 120
1.9102 -1.2934 3.2566 80 200 120
3.1882 -0.8962 2.3680 80 200 120
2.6413 -2.0896 3.3031 80 200 120
0.8691 -0.4645 3.2768 80 200 120
3.4122 -0.6342 1.0811 80 200 120
3.4964 -1.8461 2.3795 80 200 120
3.5413 -1.0453 3.1843 80 200 120
3.5418 -2.5520 3.2103 80 200 120
3.4654 -1.2469 1.6773 80 200 120
3.4973 -1.4481 1.3150 80 200 120
0.9538 -1.7902 3.2258 80 200 120
0.5822 -1.2610 3.2175 80 200 120
0.0174 -2.2630 2.9585 80 200 120
2.7656 -0.6959 3.1410 80 200 120
1.7502 -1.8702 3.3543 80 200 120
3.2938 -5.8364 2.9582 80 200 120
2.0821 -0.7642 3.2122 80 200 120
1.0904 -0.5947 3.1634 80 200 120
3.4993 -1.6907 1.6480 80 200 120
3.3046 -3.7173 2.5128 80 200 120
1.2471 -1.3329 3.2371 80 200 120
3.1018 -0.2841 1.6584 80 200 120
2.7796 -3.9999 3.3434 80 200 120
1.3893 -3.2797 3.1579 80 200 120
2.1828 -1.2899 3.1356 80 200 120
3.6154 -2.6305 1.8905 80 200 120
3.6173 -2.5142 1.2987 80 200 120
3.2233 -2.8637 1.1797 80 200 120
0.7932 -1.3327 3.0533 80 200 120
2.6544 -0.2739 3.2907 80 200 120
3.1668 -3.7477 3.4221 80 200 120
3.6592 -0.5860 2.2816 80 200 120
0.4893 -1.6581 3.1702 80 200 120
1.9878 -0.2267 3.2740 80 200 120
3.0970 0.0264 0.6929 80 200 120
2.4484 3.6306 0.5062 80 200 120
3.2070 3.1614 0.2107 80 200 120
1.8179 3.4100 0.5559 80 200 120
-1.3267 1.5874 1.0869 80 200 120
0.1793 0.7786 1.1571 80 200 120
0.4232 1.5006 0.8519 80 200 120
-0.0571 1.2093 1.1635 80 200 120
-1.0722 1.6506 1.0652 80 200 120
-3.2651 2.0479 1.2035 80 200 120
-3.2444 -4.9559 3.1484 80 200 120
-3.1483 -4.4356 1.7892 80 200 120
-2.1466 -5.8513 3.2795 80 200 120
2.2015 -4.7593 0.4312 80 200 120
0.5250 -2.4981 -0.0173 80 200 120
-2.7972 -2.3181 1.3300 80 200 120
2.7819 -3.2452 0.0182 80 200 120
2.1471 -5.4665 1.8436 80 200 120
2.7975 -4.7794 1.7959 80 200 120
3.4178 -2.8096 1.9372 80 200 120
3.2907 -3.8342 1.6113 80 200 120
0.4725 -2.0176 0.1103 80 200 120
3.4720 -2.5199 1.0735 80 200 120
3.4786 -3.3291 2.2694 80 200 120
3.2999 -1.9560 1.1660 80 200 120
2.0800 -4.4031 2.8946 80 200 120
2.4232 0.2168 0.0323 80 200 120
2.4658 0.2848 0.2240 80 200 120
2.6641 0.2699 0.5914 80 200 120
0.3215 -1.6642 1.0729 80 200 120
0.3745 1.0465 0.1565 80 200 120
-1.4268 -2.3565 0.3736 80 200 120
-3.7291 -5.9936 2.8317 80 200 120
-1.3485 -2.5561 -0.0202 80 200 120
-2.5029 -2.8957 1.5225 80 200 120
-3.1857 -4.4138 1.5940 80 200 120
-2.3964 -2.7854 0.9650 80 200 120
-0.9890 -2.1384 -0.0629 80 200 120
-2.1242 -2.4608 0.1454 80 200 120
-2.5403 -2.5145 1.2352 80 200 120
0.3165 -0.0337 0.1489 80 200 120
-2.3855 -2.5851 0.4944 80 200 120
-0.0084 1.2904 1.2257 80 200 120
3.9268 2.6418 2.9411 80 200 120
3.1917 -3.2968 2.8185 80 200 120
3.7019 0.5705 2.2554 80 200 120
3.1201 0.2370 3.2670 80 200 120
0.3674 -3.3301 3.1500 80 200 120
3.4254 0.6474 1.0292 80 200 120
3.2402 -0.2209 2.9933 80 200 120
3.6384 -4.9171 2.0721 80 200 120
3.1348 -0.5189 0.6222 80 200 120
2.0682 -5.1553 1.7242 80 200 120
3.5942 0.8347 2.5864 80 200 120
2.2572 2.7515 1.2664 80 200 120
4.3264 -5.2893 -0.1433 80 200 120
3.6182 -3.1432 0.0360 80 200 120
3.3978 3.7661 1.2246 80 200 120
3.2716 2.1115 2.6044 80 200 120
-4.7478 3.8074 2.7495 80 200 120
0.0837 0.6274 1.1066 80 200 120
-4.4384 0.9573 0.7483 80 200 120
-4.2222 3.6830 1.5311 80 200 120
-2.9550 4.4134 1.2816 80 200 120
3.6376 2.5499 1.9616 80 200 120
-1.4421 0.8120 1.0151 80 200 120
0.6516 -2.3126 3.0781 80 200 120
-2.1316 -4.9958 2.1595 80 200 120
1.0559 -3.8663 3.0972 80 200 120
0.4831 -2.9446 2.7206 80 200 120
-2.5816 -5.4873 1.6509 80 200 120
3.4776 -5.3707 2.4884 80 200 120
-2.0666 -3.3876 3.2424 80 200 120
0.1773 -4.3787 3.4229 80 200 120
0.5359 -2.6759 2.8679 80 200 120
1.4153 -2.6794 3.2972 80 200 120
2.5279 -5.1555 2.2212 80 200 120
-2.5151 -5.5610 3.2658 80 200 120
-2.0922 -1.0127 0.1443 80 200 120
-0.7997 -2.2781 0.6530 80 200 120
-2.5415 -1.6725 -0.0045 80 200 120
-2.4087 -2.3838 0.2415 80 200 120
0.8257 -2.7680 -0.0740 80 200 120
3.8288 -4.0960 0.4664 80 200 120
3.2095 -3.2917 1.7189 80 200 120
3.5653 -2.9932 1.1882 80 200 120
2.1956 -5.4657 1.3127 80 200 120
2.0059 -4.7948 2.3419 80 200 120
0.6626 -2.8817 0.4724 80 200 120
2.3092 -4.7403 1.8129 80 200 120
3.7016 -4.2531 2.6440 80 200 120
-0.1063 -2.0890 1.2505 80 200 120
3.4462 -4.2262 0.1218 80 200 120
0.9533 -3.7742 2.6730 80 200 120
-2.2847 -2.1736 0.1180 80 200 120
-2.5623 -2.3910 0.6379 80 200 120
-0.2923 -1.0399 -0.0161 80 200 120
-2.0895 -1.6199 0.1610 80 200 120
-2.6146 -1.4235 0.7802 80 200 120
-2.1669 -2.3732 -0.1169 80 200 120
-2.6900 -1.0759 1.3203 80 200 120
-2.5709 -1.5000 -0.0323 80 200 120
2.1661 -1.5777 -0.0682 80 200 120
3.7537 1.0870 2.3838 80 200 120
2.4264 -1.1530 -0.0076 80 200 120
3.3893 0.3587 1.9021 80 200 120
3.2533 0.9733 2.2300 80 200 120
3.5530 1.3235 0.5866 80 200 120
3.4895 0.8539 2.8196 80 200 120
0.8730 -3.1491 3.2040 80 200 120
3.5366 0.2285 2.7730 80 200 120
2.5149 -0.7329 0.7656 80 200 120
3.0078 -4.3010 2.7666 80 200 120
0.2106 0.5733 1.1367 80 200 120
-0.8883 0.4378 1.0723 80 200 120
-1.0441 0.3787 1.0664 80 200 120
0.2387 1.7530 0.5816 80 200 120
-1.0886 0.7731 1.0751 80 200 120
-2.1037 0.3123 0.9576 80 200 120
1.1380 -0.5673 3.2154 80 200 120
1.7566 -3.6116 3.5148 80 200 120
-2.3291 -3.9404 0.0693 80 200 120
-2.6921 -3.5092 -0.1071 80 200 120
-0.6321 -2.0805 0.4439 80 200 120
-1.8536 -0.8839 0.9357 80 200 120
-2.8005 0.3663 3.1222 80 200 120
0.5544 -3.0756 0.0588 80 200 120
4.2667 -5.8004 1.0491 80 200 120
3.0798 -2.0861 0.2928 80 200 120
0.9966 -3.7562 0.4908 80 200 120
2.7575 -1.2406 0.7166 80 200 120
-2.2493 -3.8206 1.3097 80 200 120
2.7821 1.2488 0.0459 80 200 120
-8.8727 -5.9289 -2.5125 80 200 120
-5.9290 -3.3949 -1.4385 80 200 120
-2.6005 -1.1796 -0.0207 80 200 120
-3.2643 -0.9964 0.0391 80 200 120
0.2311 1.5748 0.3617 80 200 120
0.0202 4.7034 -0.4136 80 200 120
-2.4715 -1.2406 1.1559 80 200 120
-3.3779 -0.8026 1.0984 80 200 120
-2.6776 -1.1600 0.8205 80 200 120
-2.3338 -2.9950 0.5620 80 200 120
-2.7408 -4.0550 0.5352 80 200 120
-0.0413 5.0303 -0.0865 80 200 120
-3.2928 -0.3603 0.0462 80 200 120
-3.0271 -0.6572 0.1787 80 200 120
0.3012 1.0897 0.2064 80 200 120
0.2896 1.2558 0.3003 80 200 120
-1.1112 -2.8740 0.4648 80 200 120
0.0761 -0.0534 0.1380 80 200 120
-2.0009 -0.5398 0.0018 80 200 120
-2.4790 -1.2824 0.5434 80 200 120
-2.7210 -2.2597 1.2942 80 200 120
0.3193 0.5551 -0.0016 80 200 120
0.2799 0.7008 -0.0281 80 200 120
2.4442 -0.8327 -0.0281 80 200 120
2.6526 -0.4193 0.7109 80 200 120
0.3440 0.3835 0.0934 80 200 120
0.0123 3.9674 0.6681 80 200 120
0.3591 -0.0208 0.3003 80 200 120
3.9632 -4.3928 0.4713 80 200 120
3.4428 -3.2713 2.1591 80 200 120
3.5422 1.2983 3.0108 80 200 120
3.4036 1.7886 3.2010 80 200 120
3.5888 -4.8605 0.3319 80 200 120
4.6213 1.3933 -0.4617 80 200 120
2.4312 2.8822 0.6274 80 200 120
2.2896 3.1847 0.5174 80 200 120
3.8709 3.7398 -0.1799 80 200 120
0.3057 0.5230 1.1361 80 200 120
4.0124 -4.7729 1.7964 80 200 120
-0.7307 -2.2186 3.1762 80 200 120
2.2330 -3.6789 3.3292 80 200 120
2.5793 -3.2751 3.3431 80 200 120
2.6922 -1.7100 0.6064 80 200 120
2.9543 -1.5570 0.6374 80 200 120
3.3041 -3.7461 1.1155 80 200 120
2.6887 -1.8974 0.6176 80 200 120
2.0340 -0.6306 0.2132 80 200 120
1.9855 -4.6453 -0.0157 80 200 120
0.6174 -2.5571 0.2747 80 200 120
4.3189 -4.0273 3.7902 80 200 120
0.3339 -0.0426 0.0897 80 200 120
-2.5485 -2.8699 -0.0238 80 200 120
0.1292 -0.0577 0.0271 80 200 120
0.1539 -0.0570 0.0865 80 200 120
-2.3796 -3.9440 1.5097 80 200 120
-2.5691 -5.4633 1.7399 80 200 120
-2.3603 -3.2947 1.4517 80 200 120
-4.3432 -5.4511 3.3405 80 200 120
-0.4460 -0.4814 -0.0221 80 200 120
3.1557 0.3812 0.3368 80 200 120
2.7083 -0.2174 0.6112 80 200 120
3.7243 2.7479 3.3225 80 200 120
-0.9891 4.8779 2.5084 80 200 120
3.6851 2.6201 2.0041 80 200 120
3.3860 2.5299 3.1298 80 200 120
3.4034 -3.3570 0.1176 80 200 120
2.8245 4.9837 2.2518 80 200 120
0.4144 0.6463 1.5094 80 200 120
4.6721 -6.7495 0.8976 80 200 120
2.5037 0.2376 0.6030 80 200 120
3.4304 1.8625 0.0339 80 200 120
2.5318 -1.1029 0.6061 80 200 120
2.9298 -1.0943 0.7115 80 200 120
2.6983 -0.5659 0.6973 80 200 120
1.9395 4.1939 0.0546 80 200 120
-3.4303 4.5728 3.1869 80 200 120
3.6341 -3.1532 3.2699 80 200 120
-0.0359 -3.0746 3.0564 80 200 120
-2.4034 -3.9805 3.2270 80 200 120
-0.3984 -2.4898 3.1587 80 200 120
-0.2717 -1.3697 3.2065 80 200 120
-0.5045 -5.0179 2.7013 80 200 120
0.0122 -1.0674 3.1714 80 200 120
0.4658 -3.6628 2.1762 80 200 120
-0.3047 -1.3951 0.8019 80 200 120
-2.3989 -3.5528 1.1706 80 200 120
-2.3311 -3.5110 0.5479 80 200 120
2.7961 -4.8624 1.2843 80 200 120
2.4413 -5.0715 1.3210 80 200 120
3.3673 -3.3363 1.1111 80 200 120
3.5655 -5.3161 1.3921 80 200 120
2.8812 -1.4103 0.2539 80 200 120
1.9821 -0.7905 0.1019 80 200 120
2.6378 -1.8650 0.0002 80 200 120
2.3233 -0.5231 0.5173 80 200 120
-0.7098 -2.3950 0.5299 80 200 120
-1.0208 -2.6316 0.4271 80 200 120
0.0794 -0.0738 0.1592 80 200 120
3.1051 -4.7745 0.1594 80 200 120
0.3282 0.4316 -0.0206 80 200 120
-2.6686 -1.0287 1.3417 80 200 120
-0.7310 -1.4946 -0.0422 80 200 120
-2.4413 0.2999 0.2749 80 200 120
-3.4323 -0.0617 0.0668 80 200 120
0.0125 -0.0623 0.5828 80 200 120
3.4549 0.6990 0.3539 80 200 120
0.2200 1.0767 0.0178 80 200 120
0.1855 1.1684 0.1118 80 200 120
2.5751 -0.5787 0.6212 80 200 120
3.7403 0.9887 2.0816 80 200 120
3.3737 -3.6675 1.1031 80 200 120
3.2824 3.1340 2.5885 80 200 120
3.1212 3.2944 3.3577 80 200 120
1.3469 1.3934 0.8778 80 200 120
2.5697 3.0617 0.6108 80 200 120
3.4997 3.3317 0.0445 80 200 120
8.8358 -2.7116 -0.5314 80 200 120
1.8528 -6.1621 2.0219 80 200 120
1.9699 3.7213 0.5017 80 200 120
0.4713 4.5709 0.1649 80 200 120
1.0416 4.5538 0.0647 80 200 120
-1.3598 -3.6739 3.2157 80 200 120
2.0089 -2.5701 3.2559 80 200 120
-0.0662 -1.8849 3.1922 80 200 120
-0.5681 -3.5024 3.5555 80 200 120
1.1191 -4.2665 0.1774 80 200 120
-2.3935 -2.7533 0.0629 80 200 120
-2.2968 -2.2168 0.0995 80 200 120
-0.1486 -13.1425 -0.4303 80 200 120
-2.9557 -2.6792 0.5398 80 200 120
-2.3306 -4.4672 0.2267 80 200 120
-0.1946 -1.6001 0.9893 80 200 120
-3.7151 -1.7571 0.2416 80 200 120
-3.5769 -1.0614 0.0553 80 200 120
-2.4732 -1.2529 1.1576 80 200 120
3.4395 -2.5103 3.1521 80 200 120
-1.2879 -2.4835 0.0769 80 200 120
3.8002 -3.5868 2.2084 80 200 120
3.4988 -2.9854 0.5421 80 200 120
0.3980 -2.7666 0.2278 80 200 120
2.5209 -0.5869 0.0507 80 200 120
-1.9057 -1.9522 0.2181 80 200 120
2.6037 0.2600 0.5791 80 200 120
1.0072 -4.0855 2.8018 80 200 120
3.5467 -3.2370 3.2228 80 200 120
3.5917 1.2586 0.0429 80 200 120
2.2543 0.7517 0.0272 80 200 120
2.9104 1.3047 -0.0149 80 200 120
-2.6073 -3.8900 0.5657 80 200 120
0.3375 0.2214 0.6821 80 200 120
-1.8685 -3.4040 2.0446 80 200 120
0.3357 0.2181 0.3005 80 200 120
-2.3744 -4.6284 2.1609 80 200 120
-2.0749 -0.8932 1.1015 80 200 120
0.3427 0.3288 0.6727 80 200 120
-2.2687 -3.1364 2.3517 80 200 120
3.6674 1.2613 0.2535 80 200 120
3.4887 0.9961 0.5558 80 200 120
0.0082 1.1612 1.2223 80 200 120
3.2698 0.4421 0.0892 80 200 120
1.5704 1.4398 0.7510 80 200 120
-1.1000 -4.3684 3.5020 80 200 120
-1.0248 -3.0141 3.1237 80 200 120
0.8540 -2.8088 0.1349 80 200 120
2.8877 -0.1727 2.7901 80 200 120
-2.1513 -3.6973 0.1377 80 200 120
-2.8752 -1.2172 0.8188 80 200 120
-1.1511 -2.9661 0.0713 80 200 120
-2.4848 -2.7451 0.4231 80 200 120
-1.5477 -3.4778 0.1703 80 200 120
2.4995 -1.4838 0.0237 80 200 120
2.6906 -1.3101 -0.0215 80 200 120
1.4645 -5.0414 2.0606 80 200 120
1.7905 -5.2174 0.9818 80 200 120
0.4976 -4.7227 0.3865 80 200 120
0.4887 -4.9369 -0.1725 80 200 120
2.8306 -4.8295 3.1704 80 200 120
6.9851 4.4406 -1.2818 80 200 120
3.5095 -4.4268 3.1897 80 200 120
-2.2940 -2.5847 0.4424 80 200 120
1.4423 -4.9218 3.1764 80 200 120
-1.3605 -2.5503 0.0096 80 200 120
0.3440 -5.7027 0.2440 80 200 120
-2.0723 0.4078 0.1970 80 200 120
0.7114 -2.3304 0.0756 80 200 120
0.3293 -2.2965 -0.0585 80 200 120
-0.0367 -0.0572 0.1046 80 200 120
0.5255 1.5983 0.0604 80 200 120
0.7993 2.3232 -0.1143 80 200 120
0.3813 -1.4980 0.0768 80 200 120
-2.0291 -0.2323 -0.0571 80 200 120
0.3444 0.3696 0.9341 80 200 120
-0.0545 -0.0497 0.6867 80 200 120
-0.4341 0.0413 0.4363 80 200 120
-0.1347 -0.0434 0.3839 80 200 120
3.1315 -1.9448 0.0102 80 200 120
1.3797 0.2458 0.1940 80 200 120
3.3705 1.0123 0.0604 80 200 120
3.6789 1.1991 0.7804 80 200 120
0.1256 1.5975 0.1870 80 200 120
0.3151 -0.0256 0.0053 80 200 120
2.9763 -0.8656 0.6659 80 200 120
0.1390 -0.0477 0.0825 80 200 120
0.1351 1.3426 0.9153 80 200 120
0.0367 -0.0442 0.1492 80 200 120
3.2502 -2.4619 0.1817 80 200 120
3.8292 2.7079 2.0138 80 200 120
-0.1913 0.2056 1.1455 80 200 120
-0.0959 0.0774 1.1484 80 200 120
2.6634 -2.7483 3.3406 80 200 120
3.5578 -4.1531 3.2785 80 200 120
0.5604 -3.8838 1.0888 80 200 120
3.3882 -4.5691 0.4434 80 200 120
-1.8702 -1.6770 0.2451 80 200 120
0.3443 -3.8965 -0.2047 80 200 120
3.6754 -3.3703 1.5015 80 200 120
3.0926 -4.7267 2.3293 80 200 120
0.8904 -3.7698 3.0168 80 200 120
1.1685 -4.0916 1.4837 80 200 120
3.4431 -1.7365 1.4944 80 200 120
-0.7448 -4.9332 2.8556 80 200 120
-2.7662 -2.5433 -0.1273 80 200 120
-1.9090 -5.0641 2.1510 80 200 120
0.5180 -4.8063 0.2933 80 200 120
0.7108 -4.6733 0.1505 80 200 120
1.1650 -1.6057 0.1353 80 200 120
-1.7707 -4.7287 2.0922 80 200 120
-0.9221 0.1740 0.4963 80 200 120
-0.8289 0.1378 0.2592 80 200 120
-2.8627 0.3813 0.8736 80 200 120
0.1386 3.2938 -0.5353 80 200 120
-2.3964 -3.5149 1.1658 80 200 120
-1.8326 0.4065 0.9679 80 200 120
3.5434 1.5866 1.1505 80 200 120
3.3157 0.7405 -0.0590 80 200 120
3.6114 2.0219 0.9852 80 200 120
1.5642 0.6485 -0.1594 80 200 120
3.8946 -1.4838 0.4996 80 200 120
2.7416 3.1746 0.3092 80 200 120
2.1640 2.5238 0.6932 80 200 120
-0.1483 -3.6281 3.4112 80 200 120
3.8969 -5.3327 0.2259 80 200 120
3.5485 1.2599 0.0474 80 200 120
0.1093 0.5380 1.1568 80 200 120
0.0345 4.3458 -0.2953 80 200 120
0.2774 0.4438 1.1585 80 200 120
0.1182 2.7153 -0.0841 80 200 120
-0.0307 -2.5278 3.1728 80 200 120
3.6206 -3.5524 3.2269 80 200 120
0.7473 -2.9796 1.0646 80 200 120
1.1126 -4.2037 0.5572 80 200 120
-2.3889 -3.2104 0.0237 80 200 120
-2.6405 -1.9005 -0.0524 80 200 120
2.0182 -5.1698 0.6017 80 200 120
0.5490 -5.2992 0.0069 80 200 120
0.0944 -1.7886 -0.0751 80 200 120
-0.4436 -1.6979 0.0813 80 200 120
-0.1077 -1.6581 0.3068 80 200 120
0.3361 -1.9625 0.4515 80 200 120
-2.2493 -3.9362 2.1769 80 200 120
-0.5869 0.0885 0.5722 80 200 120
-2.0291 -4.0426 2.0245 80 200 120
-2.7467 -3.6888 2.4976 80 200 120
3.3540 1.9644 0.5603 80 200 120
3.7612 1.7392 0.5208 80 200 120
3.3278 1.3027 0.8990 80 200 120
3.6520 1.2129 1.2364 80 200 120
3.5728 1.7833 0.2547 80 200 120
3.6556 0.9586 1.1618 80 200 120
3.7245 1.8820 0.8078 80 200 120
3.3129 1.8518 -0.0237 80 200 120
3.6719 2.4044 0.7921 80 200 120
3.8963 3.1287 1.5711 80 200 120
3.1654 1.4105 -0.0182 80 200 120
3.4879 1.9840 1.4457 80 200 120
3.4365 1.2823 0.5629 80 200 120
3.5822 2.4171 1.3165 80 200 120
3.7877 3.0404 2.0184 80 200 120
3.6118 2.1394 1.8692 80 200 120
3.8608 -7.0196 1.3922 80 200 120
2.0549 -6.6034 2.1555 80 200 120
3.2626 4.6473 2.1054 80 200 120
3.4387 0.8969 3.1458 80 200 120
2.8933 -1.4922 0.5349 80 200 120
2.6643 0.1760 0.7221 80 200 120
-2.6316 0.7092 0.9112 80 200 120
-0.2732 0.5596 1.1423 80 200 120
-0.3772 0.4962 1.1145 80 200 120
0.6111 -2.9890 1.3083 80 200 120
-4.1217 -5.3501 3.1589 80 200 120
1.1224 -4.0349 2.2586 80 200 120
1.9179 -4.9048 1.7491 80 200 120
3.1228 -2.8322 1.3923 80 200 120
3.7154 -5.3559 2.9142 80 200 120
3.9106 -6.9741 0.5054 80 200 120
2.9007 -4.0797 -0.0896 80 200 120
1.0610 -2.2152 0.0715 80 200 120
0.5886 -1.1109 0.0484 80 200 120
0.2401 -1.1644 -0.0159 80 200 120
1.0479 -1.7180 0.0591 80 200 120
0.0417 -0.0631 0.0855 80 200 120
3.6971 -3.9151 3.0035 80 200 120
1.3198 -1.4111 0.0230 80 200 120
0.3603 -2.5790 0.4595 80 200 120
0.3179 -0.0456 0.0949 80 200 120
-4.1833 3.2242 2.3975 80 200 120
3.5783 3.3868 2.2810 80 200 120
4.0585 2.9967 0.4638 80 200 120
3.6984 3.0935 1.1285 80 200 120
3.8083 4.0752 2.0767 80 200 120
3.7744 4.2708 1.1569 80 200 120
3.2210 3.1033 1.4307 80 200 120
3.0736 3.1278 0.7501 80 200 120
2.5861 0.2662 0.4735 80 200 120
2.9977 2.8369 1.0110 80 200 120
4.0109 0.4546 2.0095 80 200 120
4.1976 1.2548 2.5505 80 200 120
1.7852 -0.7863 -0.0731 80 200 120
1.1780 4.2091 0.2475 80 200 120
3.7428 -1.1099 0.5550 80 200 120
-0.5439 3.2017 1.0999 80 200 120
-2.6099 0.9287 0.9443 80 200 120
2.2463 -4.9239 1.4666 80 200 120
-2.2570 -2.6425 0.1054 80 200 120
-0.7330 -2.1573 0.2230 80 200 120
3.0166 -3.0414 1.6453 80 200 120
-0.1999 -18.9361 -2.1274 80 200 120
-1.7517 -1.5134 0.3329 80 200 120
0.3198 -3.7608 2.8830 80 200 120
3.0724 -2.0850 2.9913 80 200 120
3.5340 -3.4911 -0.1044 80 200 120
3.1670 -5.7100 -0.4017 80 200 120
1.2726 -3.9851 0.1750 80 200 120
0.7503 -1.2940 -0.0590 80 200 120
3.7137 -3.2919 -0.2639 80 200 120
0.1757 -4.8689 0.1837 80 200 120
0.6148 -3.0097 1.2542 80 200 120
1.5118 -2.2436 -0.2522 80 200 120
1.6686 -5.6860 2.8283 80 200 120
0.0110 -1.7795 0.5958 80 200 120
0.2965 0.7296 -0.2278 80 200 120
2.3756 -0.9950 0.6570 80 200 120
2.9408 1.3270 -0.0380 80 200 120
1.1024 -3.5489 0.0258 80 200 120
1.2420 -1.5103 0.1193 80 200 120
1.2086 -0.6769 0.1820 80 200 120
-0.1899 -1.9685 1.3509 80 200 120
2.0286 2.2854 0.2434 80 200 120
3.3116 2.2836 1.8965 80 200 120
2.4652 2.7169 0.4942 80 200 120
3.1458 4.2931 1.6617 80 200 120
3.6579 2.4368 0.1470 80 200 120
2.2426 3.6172 -0.3375 80 200 120
1.7300 3.0497 0.6435 80 200 120
3.1263 2.3142 0.0891 80 200 120
2.0174 2.4686 0.7509 80 200 120
3.0076 2.7449 0.1508 80 200 120
1.9242 2.9281 0.3666 80 200 120
2.7132 4.6934 2.2215 80 200 120
2.0672 4.1691 1.8761 80 200 120
3.2250 1.0289 -0.1735 80 200 120
2.9319 5.4957 3.0930 80 200 120
1.9762 2.6208 0.2414 80 200 120
1.7557 3.8528 0.1095 80 200 120
1.4216 0.8374 -0.0810 80 200 120
1.5759 4.0968 1.2581 80 200 120
2.0182 5.0140 1.8262 80 200 120
1.3182 1.6285 0.0358 80 200 120
1.5063 4.7111 0.5338 80 200 120
1.9537 0.7884 0.0400 80 200 120
1.5337 4.3360 0.2054 80 200 120
0.3897 -4.9375 3.2265 80 200 120
3.7615 2.4048 -0.0168 80 200 120
2.9254 -5.1409 1.3432 80 200 120
3.7215 5.2773 1.7415 80 200 120
3.5140 -2.5918 0.3418 80 200 120
2.6694 -0.1066 0.5823 80 200 120
0.2980 0.7114 1.1072 80 200 120
-3.0403 1.5920 0.9481 80 200 120
-5.6393 3.3763 0.5900 80 200 120
0.1498 2.5492 -0.0041 80 200 120
-0.8967 1.1486 1.1049 80 200 120
-0.6917 2.7156 1.1937 80 200 120
-1.2345 1.8387 1.0706 80 200 120
0.3184 0.2740 1.1378 80 200 120
0.1618 -5.3914 1.4617 80 200 120
0.4130 -2.5581 3.2034 80 200 120
3.1179 -6.6577 0.5507 80 200 120
-2.5694 -2.7693 0.7182 80 200 120
-2.7476 -4.6470 -0.1404 80 200 120
2.0604 -1.4618 -0.3249 80 200 120
2.5997 -2.3312 -0.3589 80 200 120
-2.0577 -2.8440 0.1149 80 200 120
0.3247 -0.0435 0.0526 80 200 120
-2.4607 -1.9557 -0.0086 80 200 120
3.7156 -3.3895 3.3224 80 200 120
2.2813 -5.0240 3.1793 80 200 120
-2.4576 -3.7942 -0.0395 80 200 120
1.0873 -0.5150 0.3484 80 200 120
0.2924 1.0942 -0.1146 80 200 120
-4.8328 -6.9799 3.9478 80 200 120
-0.8601 0.5564 1.0813 80 200 120
0.2838 1.8777 -0.6519 80 200 120
0.3212 -1.6977 0.1295 80 200 120
0.9252 4.5424 0.7195 80 200 120
0.5479 1.8491 -0.0351 80 200 120
0.6540 4.4515 1.1092 80 200 120
2.1381 1.0918 -0.0414 80 200 120
0.9373 2.0314 0.0534 80 200 120
1.0917 4.5654 1.9005 80 200 120
1.9927 2.9832 0.7729 80 200 120
2.1344 4.5611 1.3074 80 200 120
3.7782 3.2993 0.5077 80 200 120
1.9040 1.7524 0.0613 80 200 120
1.9769 -1.2279 0.1355 80 200 120
0.2697 0.7644 0.0027 80 200 120
3.1017 -0.5044 -0.4335 80 200 120
3.5454 3.9456 3.2622 80 200 120
3.8744 -3.3895 -0.1297 80 200 120
2.7024 0.2861 0.5438 80 200 120
2.7094 0.1952 0.7363 80 200 120
3.2581 0.6858 0.1872 80 200 120
3.5673 -0.2643 0.5573 80 200 120
2.6845 -9.4425 2.4801 80 200 120
3.8229 -5.4569 0.9486 80 200 120
0.5310 4.1772 3.0855 80 200 120
3.4854 3.3750 2.6995 80 200 120
3.3709 3.4571 3.1442 80 200 120
1.1679 2.5862 3.2236 80 200 120
3.8374 3.9083 2.0931 80 200 120
-1.0560 1.1226 0.9929 80 200 120
-0.7664 2.5472 0.9182 80 200 120
-1.2143 1.0545 1.0143 80 200 120
-2.6850 0.3697 0.8925 80 200 120
-0.8359 1.8171 1.0834 80 200 120
3.6310 2.5252 1.9717 80 200 120
3.3960 -7.5602 0.7217 80 200 120
2.6905 -4.8017 0.7321 80 200 120
3.3802 -6.1808 -0.3825 80 200 120
-2.6096 -4.3342 -0.0389 80 200 120
-2.3862 -2.7612 0.0688 80 200 120
3.6695 -5.0537 0.9462 80 200 120
-2.8592 -2.7213 0.2099 80 200 120
-1.1927 -3.1400 1.1557 80 200 120
-3.5062 0.8561 3.2143 80 200 120
0.3376 -1.7181 0.1663 80 200 120
0.3887 -1.5538 -0.0761 80 200 120
0.1651 -1.8471 0.2993 80 200 120
-2.1359 -0.8854 -0.0008 80 200 120
0.2693 3.9771 -1.3789 80 200 120
-0.1214 0.9627 1.1714 80 200 120
0.6952 1.8342 -0.1758 80 200 120
1.8509 3.1857 -0.3708 80 200 120
2.5944 0.6557 -0.0282 80 200 120
1.3533 0.3899 0.0465 80 200 120
3.4399 2.9275 2.4429 80 200 120
1.9030 1.4601 -0.0996 80 200 120
3.0627 3.6361 2.8334 80 200 120
2.3120 0.4894 -0.0285 80 200 120
1.6526 0.9070 -0.0106 80 200 120
0.4401 0.9404 0.0853 80 200 120
0.8629 0.9838 0.0651 80 200 120
0.9865 1.7791 0.1304 80 200 120
1.9208 0.6266 -0.0414 80 200 120
0.2376 0.9798 -0.0722 80 200 120
0.2975 0.5519 1.1530 80 200 120
2.8022 -0.1610 -0.2104 80 200 120
1.3924 -0.3389 -0.0870 80 200 120
3.0095 -1.2649 0.5680 80 200 120
2.8919 4.0129 2.7422 80 200 120
2.7923 2.5773 0.2811 80 200 120
3.3235 -3.2953 0.1543 80 200 120
2.4280 -0.7963 0.6381 80 200 120
-2.6704 0.6523 0.9542 80 200 120
0.4739 4.2562 0.1815 80 200 120
-0.5346 4.3470 0.8635 80 200 120
1.4583 5.2466 0.0654 80 200 120
-0.7946 -4.5346 1.4465 80 200 120
-0.0062 -5.8101 2.5504 80 200 120
-3.5759 -5.5607 2.8861 80 200 120
-3.3023 -3.7235 3.1476 80 200 120
-2.0214 1.0526 3.1689 80 200 120
-2.4254 -2.3408 0.0442 80 200 120
-2.2402 -1.7727 0.1221 80 200 120
3.6440 -3.4640 2.1602 80 200 120
0.5725 -8.1019 -0.7853 80 200 120
-3.7050 -1.1078 0.0148 80 200 120
-1.7788 -0.7987 1.1417 80 200 120
-0.8676 -2.3433 0.1158 80 200 120
-3.9520 -2.4657 -0.6410 80 200 120
-2.6435 -1.0102 1.3367 80 200 120
-1.1382 1.2259 0.9746 80 200 120
-1.1064 1.5688 1.0651 80 200 120
-0.4315 0.9586 1.1025 80 200 120
0.3311 0.1452 0.5465 80 200 120
-3.0296 1.0383 0.8889 80 200 120
-0.3114 -0.7555 -0.0380 80 200 120
-2.0816 -3.5295 1.4376 80 200 120
-3.7643 0.5751 0.8116 80 200 120
-3.0564 1.8696 0.8855 80 200 120
-2.3808 -2.7766 1.4784 80 200 120
-2.5761 -3.5331 1.4549 80 200 120
-0.0997 -0.0486 0.7690 80 200 120
-2.8902 4.2911 1.2994 80 200 120
1.9006 0.2155 -0.0688 80 200 120
0.7363 1.0979 0.0117 80 200 120
3.3291 3.2091 2.6561 80 200 120
3.0394 3.9895 1.2368 80 200 120
0.4173 1.7241 0.1472 80 200 120
0.9484 0.6409 0.0150 80 200 120
2.4827 -1.4097 0.1937 80 200 120
0.2447 0.9093 -0.2948 80 200 120
-0.2973 2.3852 1.1590 80 200 120
3.5298 1.5905 0.5902 80 200 120
1.6263 -4.8003 1.8868 80 200 120
3.2150 1.1288 0.1595 80 200 120
0.3946 -5.3237 3.3165 80 200 120
2.8321 3.2946 0.2770 80 200 120
2.3117 2.8275 0.6445 80 200 120
2.6103 4.8553 2.8196 80 200 120
3.9949 2.2580 1.0953 80 200 120
0.0583 -3.7536 3.2073 80 200 120
-0.7523 0.6496 0.9184 80 200 120
-1.2830 -5.0430 1.9771 80 200 120
-0.2882 -4.7535 3.0631 80 200 120
-0.8306 -2.3737 0.6232 80 200 120
-0.3837 -2.3779 1.2564 80 200 120
-0.7414 -5.6767 1.8496 80 200 120
-2.6025 -2.8529 3.1442 80 200 120
-1.8674 -2.6313 0.2607 80 200 120
-1.8210 -3.2835 -0.3287 80 200 120
0.9264 -3.0810 0.2472 80 200 120
3.6631 -1.3083 2.7469 80 200 120
0.2771 -2.6325 1.2401 80 200 120
3.0299 -0.7134 1.0397 80 200 120
2.1095 -0.2638 0.0567 80 200 120
-0.0071 -2.8494 1.1992 80 200 120
-2.3005 -3.0502 0.0181 80 200 120
3.9412 -3.6379 3.4652 80 200 120
-3.5410 2.2322 1.2059 80 200 120
0.3037 -7.0347 -1.3770 80 200 120
0.1109 0.3349 1.1391 80 200 120
0.1874 -2.3470 0.0316 80 200 120
-2.8078 -1.2018 0.7721 80 200 120
-2.7503 -4.5844 2.4474 80 200 120
-1.8150 2.0658 1.0860 80 200 120
0.4513 -2.6129 0.0811 80 200 120
-1.8923 1.5666 0.8429 80 200 120
-3.2615 1.6482 0.8881 80 200 120
-0.4103 1.6241 1.1765 80 200 120
-1.8698 -4.1423 1.5357 80 200 120
-2.1565 -4.2765 2.1410 80 200 120
-2.0088 -3.5099 1.1262 80 200 120
-3.6742 3.2915 1.5130 80 200 120
0.3585 3.1612 -0.0452 80 200 120
0.8384 4.0087 0.1636 80 200 120
5.6117 -2.5252 -0.1458 80 200 120
-0.8158 2.5773 1.1386 80 200 120
5.8644 -6.1243 -0.9147 80 200 120
3.1734 -1.1311 0.6499 80 200 120
2.9755 0.0151 0.7206 80 200 120
3.3803 0.4055 0.0316 80 200 120
2.5100 -4.2977 1.3539 80 200 120
4.2050 -5.6789 0.2175 80 200 120
2.5363 3.2209 3.1816 80 200 120
3.5033 2.6093 3.1653 80 200 120
1.7290 2.6825 3.2021 80 200 120
2.1840 4.4727 3.0109 80 200 120
2.5927 4.1234 3.1167 80 200 120
0.6160 4.2561 3.1222 80 200 120
1.3813 3.5344 3.1767 80 200 120
3.2262 4.3968 2.7908 80 200 120
0.7938 2.3475 3.2342 80 200 120
3.3300 2.9364 3.3404 80 200 120
1.5254 4.0277 3.0484 80 200 120
0.4919 4.8922 2.6104 80 200 120
1.1094 1.5663 3.2585 80 200 120
2.6497 6.0874 0.5508 80 200 120
3.2109 4.2501 3.1630 80 200 120
1.7626 4.9752 1.2640 80 200 120
1.0419 5.3319 0.6568 80 200 120
0.3097 2.7647 3.1882 80 200 120
2.3812 5.1960 2.0001 80 200 120
1.9515 3.7954 3.1916 80 200 120
3.6167 3.0012 2.9379 80 200 120
2.2734 3.6448 3.2625 80 200 120
2.2703 1.6936 3.2193 80 200 120
3.2973 5.0009 2.6412 80 200 120
0.7765 1.1676 2.5305 80 200 120
3.1695 1.2896 3.3259 80 200 120
0.9628 -0.0067 3.3873 80 200 120
0.7113 5.0846 1.0609 80 200 120
1.8975 0.3932 3.3341 80 200 120
0.8515 0.5862 2.5831 80 200 120
2.9528 2.1505 3.2652 80 200 120
1.9322 1.5605 3.2520 80 200 120
0.9694 2.9974 3.1744 80 200 120
2.2223 1.2017 3.5205 80 200 120
1.1253 4.4925 3.0498 80 200 120
3.3129 4.6728 2.0618 80 200 120
2.3596 2.3511 3.2292 80 200 120
1.3824 2.3736 3.2440 80 200 120
0.6307 0.7244 2.7885 80 200 120
1.4007 0.5674 3.1682 80 200 120
0.8503 0.9438 2.9889 80 200 120
1.0532 -0.3031 3.2371 80 200 120
1.3901 -0.2505 3.4895 80 200 120
2.1606 2.6896 3.2516 80 200 120
1.5772 0.7271 3.2528 80 200 120
1.4193 1.3056 3.2149 80 200 120
1.6117 1.0237 3.2009 80 200 120
1.4069 3.0698 3.2302 80 200 120
3.2999 1.9725 3.0085 80 200 120
1.6136 0.2632 3.1991 80 200 120
1.1108 5.0934 1.9759 80 200 120
1.4897 4.7760 1.9893 80 200 120
2.6182 4.7810 2.8016 80 200 120
1.0046 2.2243 3.2546 80 200 120
0.1186 0.5321 1.1519 80 200 120
-0.0020 0.5530 1.1431 80 200 120
-1.4994 0.7907 1.0459 80 200 120
0.1690 0.5751 1.1315 80 200 120
-0.8692 2.1626 0.9002 80 200 120
0.2249 1.7541 0.8312 80 200 120
-0.4665 2.9381 1.0967 80 200 120
0.0694 0.5420 1.1427 80 200 120
2.1715 -5.1396 0.0397 80 200 120
2.5045 -1.7718 2.5958 80 200 120
5.2090 -5.6481 1.9697 80 200 120
-0.5195 -3.9750 1.1217 80 200 120
-2.8163 -4.6167 -0.1757 80 200 120
2.7999 -2.5001 1.4095 80 200 120
0.2480 -1.6074 -0.0035 80 200 120
-1.1316 -2.5086 -0.2353 80 200 120
-0.3139 -2.2003 1.1738 80 200 120
-1.5274 -2.2166 0.4474 80 200 120
-0.5144 -2.0444 1.1966 80 200 120
0.3349 -1.3776 0.8724 80 200 120
-3.7237 2.8861 2.2340 80 200 120
-3.8430 5.2566 1.9200 80 200 120
0.0510 -1.6655 0.6357 80 200 120
-3.5259 5.2001 1.2464 80 200 120
-2.2846 -1.6013 0.8280 80 200 120
-0.5482 -0.3110 0.2044 80 200 120
0.0340 4.1165 0.1590 80 200 120
2.3560 0.2341 0.0787 80 200 120
1.9005 0.0395 0.0164 80 200 120
3.0351 3.6608 1.8002 80 200 120
1.1233 4.7726 1.2570 80 200 120
2.1408 1.4101 0.0606 80 200 120
0.1300 1.5658 -1.4588 80 200 120
-1.2422 2.4453 1.0083 80 200 120
-1.0940 1.8891 1.0897 80 200 120
4.3105 -1.3210 0.3207 80 200 120
0.3326 0.2202 -0.0921 80 200 120
-0.8875 1.2841 1.0959 80 200 120
0.3049 0.4144 1.1352 80 200 120
0.6753 -2.1901 2.8117 80 200 120
1.8973 2.2328 2.6328 80 200 120
7.6952 1.8820 -1.7286 80 200 120
0.4075 -4.4344 3.0125 80 200 120
5.2077 7.7023 1.9487 80 200 120
2.9084 5.0531 2.3211 80 200 120
0.2766 1.1498 2.6504 80 200 120
1.5333 4.9280 2.4533 80 200 120
1.5031 1.5609 3.1818 80 200 120
0.4726 4.7396 1.9861 80 200 120
3.3517 3.3324 1.9654 80 200 120
1.0253 3.0832 0.4830 80 200 120
0.2976 1.0922 0.9166 80 200 120
0.2078 0.6030 1.1213 80 200 120
-0.7336 -3.1379 1.1265 80 200 120
-2.7571 -2.5678 -0.1104 80 200 120
1.6129 -4.0269 0.0771 80 200 120
0.9148 -3.1314 0.7921 80 200 120
0.3108 0.6205 0.3460 80 200 120
0.3283 0.5272 0.3040 80 200 120
-0.6599 -4.0945 1.1964 80 200 120
-1.4913 -1.4776 1.9588 80 200 120
-1.5053 -2.1789 1.9904 80 200 120
0.5894 -0.9254 0.7947 80 200 120
-1.5135 0.3775 1.0508 80 200 120
-3.1079 4.9432 1.8343 80 200 120
-7.0964 1.3659 4.1466 80 200 120
-3.5654 -0.0477 0.2333 80 200 120
-1.1178 -0.8316 0.0325 80 200 120
0.4456 -0.9316 0.9028 80 200 120
-0.0699 -1.1218 1.0586 80 200 120
0.5287 -1.3252 0.5854 80 200 120
-0.7855 2.5433 0.9523 80 200 120
-0.1818 0.2947 1.1114 80 200 120
-0.7215 -2.1591 1.2291 80 200 120
-2.1546 3.7507 0.9426 80 200 120
0.5413 0.9278 0.2051 80 200 120
0.2484 2.0634 0.1108 80 200 120
0.3737 0.6686 0.7290 80 200 120
0.5714 4.1828 0.2269 80 200 120
0.5134 1.1948 0.1338 80 200 120
0.2539 0.9997 0.4791 80 200 120
3.9815 -0.2642 0.4851 80 200 120
2.7297 -2.8909 0.7812 80 200 120
3.3414 -4.6212 0.5346 80 200 120
8.1628 10.5462 -0.2869 80 200 120
0.5271 3.5178 3.1792 80 200 120
0.0159 0.5382 1.1490 80 200 120
-4.2503 1.9882 0.6449 80 200 120
8.6859 -12.3021 3.1430 80 200 120
0.5081 -4.6677 -0.4880 80 200 120
-1.3376 -3.5367 0.9739 80 200 120
-1.8404 -4.3887 -0.3532 80 200 120
-1.1826 -3.0745 -0.2461 80 200 120
0.5205 -1.8808 0.6783 80 200 120
1.2881 -0.0870 0.5290 80 200 120
-0.6442 3.7980 0.9600 80 200 120
0.3210 -0.4170 1.0734 80 200 120
-2.7752 7.0561 0.9286 80 200 120
-1.1655 1.4499 0.9328 80 200 120
-0.6939 0.1281 0.9434 80 200 120
-1.4786 -0.1745 0.6645 80 200 120
-0.4418 -0.4890 -0.0432 80 200 120
-3.5752 -4.8928 -0.5375 80 200 120
-0.1146 0.7701 1.1007 80 200 120
0.5928 -0.8219 0.6942 80 200 120
-0.9035 -3.1740 -0.7244 80 200 120
1.3135 2.6370 -0.0039 80 200 120
2.5860 5.8254 0.5555 80 200 120
0.3859 0.5692 0.7332 80 200 120
-0.4753 2.3275 1.1744 80 200 120
-0.3759 1.6074 1.0643 80 200 120
-0.3696 1.0287 1.1611 80 200 120
-0.3514 1.1548 1.1234 80 200 120
2.2963 -0.3856 0.0283 80 200 120
2.5291 -3.3921 1.0668 80 200 120
2.3098 2.7460 2.0969 80 200 120
3.2442 -0.1509 1.0337 80 200 120
3.2808 -0.2679 3.0700 80 200 120
2.5598 -1.4315 3.1545 80 200 120
3.0346 1.1964 1.4975 80 200 120
1.7115 2.0962 2.3035 80 200 120
2.2099 1.9396 1.4936 80 200 120
0.4711 1.7504 3.2181 80 200 120
0.5848 2.4893 3.1977 80 200 120
0.1545 3.1305 1.8268 80 200 120
-1.4754 1.4705 0.8873 80 200 120
-0.6033 2.4963 0.6072 80 200 120
0.5314 4.3620 0.1870 80 200 120
-8.0348 2.8025 0.1341 80 200 120
-1.1805 1.5670 1.0284 80 200 120
-1.0447 4.8109 2.0807 80 200 120
0.1634 2.9647 0.5258 80 200 120
2.1910 1.6325 1.9181 80 200 120
-2.5188 3.4981 3.2608 80 200 120
0.5976 3.5486 0.1164 80 200 120
-2.6674 5.0138 2.7146 80 200 120
3.0723 5.0707 1.0712 80 200 120
2.1929 -5.0816 3.3014 80 200 120
2.4823 -3.3223 2.8157 80 200 120
3.2603 -5.3693 3.3524 80 200 120
0.8784 -3.0671 3.3228 80 200 120
-0.3458 -3.8500 1.3330 80 200 120
-2.0300 -4.8253 0.0082 80 200 120
-4.4546 -1.6838 0.9764 80 200 120
-3.1793 -3.5418 2.0715 80 200 120
-2.4209 -4.1339 -1.5485 80 200 120
-3.3620 -0.7764 1.1068 80 200 120
-2.8537 -1.1926 0.8588 80 200 120
-4.5302 -2.9226 1.3719 80 200 120
-3.1669 -3.3411 -0.7358 80 200 120
-2.6683 -1.3591 0.4746 80 200 120
-2.8101 -1.4165 2.9181 80 200 120
0.2980 -2.1880 0.1697 80 200 120
-2.3240 -4.9932 1.6823 80 200 120
-2.5060 -2.4264 0.3017 80 200 120
-2.1105 -2.5506 0.1540 80 200 120
-0.0369 -3.6055 1.1920 80 200 120
0.2610 -3.0728 1.1102 80 200 120
-2.4653 -4.1730 1.2680 80 200 120
1.4689 0.5279 0.5064 80 200 120
-0.0112 -0.0515 0.1153 80 200 120
0.1636 -0.0553 0.0902 80 200 120
2.9206 -4.9773 3.1854 80 200 120
0.7422 1.0893 0.5670 80 200 120
1.0021 1.1467 0.4077 80 200 120
1.2293 -2.5661 -3.2797 80 200 120
0.7398 -1.3998 -1.6405 80 200 120
0.4425 -1.5600 -0.1671 80 200 120
0.9398 0.9348 0.4660 80 200 120
1.3619 0.7309 0.1825 80 200 120
-2.1329 1.6479 0.4523 80 200 120
-1.1856 4.2590 1.0946 80 200 120
0.7876 1.9650 0.0847 80 200 120
-12.3180 -8.0957 1.9586 80 200 120
-0.1678 0.6452 1.0959 80 200 120
-1.6659 2.5248 0.9615 80 200 120
-0.9656 -0.2868 0.4159 80 200 120
-3.8047 -0.0472 0.5996 80 200 120
0.7712 2.3319 0.3982 80 200 120
-3.6503 0.3234 1.8446 80 200 120
-5.1678 -2.6826 -1.8053 80 200 120
-3.3292 2.4473 1.1323 80 200 120
3.4686 -0.4237 1.4695 80 200 120
3.3188 0.7782 2.5815 80 200 120
3.2890 1.6164 2.7637 80 200 120
2.5327 1.7034 2.9010 80 200 120
2.6268 2.0598 2.9478 80 200 120
1.7350 1.6458 2.4990 80 200 120
3.3442 -0.8075 1.2188 80 200 120
2.5029 -1.2274 0.6319 80 200 120
3.3559 0.4738 2.0748 80 200 120
3.6367 1.9426 3.3234 80 200 120
0.3459 0.8217 0.7263 80 200 120
1.7122 0.7367 -0.0031 80 200 120
3.3412 4.7464 2.2855 80 200 120
1.5582 1.7128 0.0420 80 200 120
3.4944 1.3051 2.9234 80 200 120
-0.5238 1.9783 1.1753 80 200 120
3.0459 2.8834 2.8955 80 200 120
2.8742 -1.4772 0.0075 80 200 120
0.3263 0.5463 0.8058 80 200 120
2.4560 -0.5870 0.6104 80 200 120
2.0780 0.4359 0.0389 80 200 120
3.4875 2.5492 3.1363 80 200 120
3.1556 -0.9663 0.6422 80 200 120
2.2795 -0.5736 0.0797 80 200 120
2.4394 -0.7979 0.6125 80 200 120
2.7217 -1.1784 0.6645 80 200 120
0.3205 0.2576 1.1420 80 200 120
2.4630 -0.0754 0.6234 80 200 120
2.1313 -0.7718 -0.0027 80 200 120
3.3400 -0.7976 0.9324 80 200 120
3.4702 2.2554 2.6655 80 200 120
2.6809 1.3531 -0.0444 80 200 120
3.5293 -0.2160 0.5461 80 200 120
2.9417 2.2464 2.0744 80 200 120
3.4456 1.1686 3.5152 80 200 120
2.4818 2.3613 1.7544 80 200 120
2.8930 2.2212 1.4995 80 200 120
3.1859 -0.4900 0.6132 80 200 120
-0.5166 -4.8411 3.1016 80 200 120
0.7498 -2.4766 3.0193 80 200 120
-0.0133 -3.3477 3.1718 80 200 120
-0.4040 -2.4036 3.1259 80 200 120
0.1553 -3.4765 3.1964 80 200 120
0.4024 -3.4441 3.0616 80 200 120
-0.6174 -1.9725 2.9887 80 200 120
3.2880 0.5634 1.6143 80 200 120
3.5900 -1.5098 0.9534 80 200 120
3.8375 2.2684 2.2678 80 200 120
3.2539 -4.5517 0.5507 80 200 120
1.2947 -3.7195 3.1238 80 200 120
3.4125 2.6400 1.5536 80 200 120
0.2594 2.2104 3.2221 80 200 120
0.1066 3.5907 2.6558 80 200 120
1.8206 2.8332 0.7019 80 200 120
1.1323 4.3133 -0.0438 80 200 120
-2.8291 4.0062 1.8045 80 200 120
-3.1956 3.4990 1.0253 80 200 120
-10.1882 7.0877 0.8468 80 200 120
0.9198 4.7524 0.1049 80 200 120
-2.8815 1.8360 3.1488 80 200 120
-0.6212 1.9949 0.8345 80 200 120
-0.2567 3.3286 2.0069 80 200 120
-0.5367 0.7056 2.9984 80 200 120
3.3554 3.6424 1.1916 80 200 120
1.7621 4.6944 0.1104 80 200 120
3.4794 2.6108 2.4354 80 200 120
-6.1464 1.0974 3.7003 80 200 120
3.2894 4.5760 1.6182 80 200 120
3.5308 2.2966 2.7216 80 200 120
-0.9085 4.7024 2.4954 80 200 120
0.3368 3.7971 0.0077 80 200 120
-1.1338 1.3176 1.0787 80 200 120
3.7661 4.8393 2.5537 80 200 120
-1.4626 4.6739 1.8745 80 200 120
-4.4719 3.5581 3.7704 80 200 120
-4.3161 1.1200 4.1932 80 200 120
-1.1118 2.2638 1.0394 80 200 120
-0.6580 1.7121 0.8146 80 200 120
3.6216 1.1569 2.9665 80 200 120
1.0159 3.4909 -0.0729 80 200 120
-3.9029 1.7740 2.9283 80 200 120
-1.7568 1.7909 3.0800 80 200 120
-1.6631 -1.4797 3.4610 80 200 120
-1.4264 5.4853 1.6739 80 200 120
2.4508 4.6843 0.6848 80 200 120
-3.4712 -0.3389 3.3329 80 200 120
1.6359 -3.9396 3.2479 80 200 120
-1.2334 -3.5604 2.1601 80 200 120
-3.4016 2.3749 1.9843 80 200 120
-3.4916 2.6777 2.1230 80 200 120
-4.5348 0.5723 -0.3293 80 200 120
-3.3511 3.7738 3.2284 80 200 120
-2.3924 -3.3460 -0.0075 80 200 120
-0.2328 -5.5937 1.6947 80 200 120
-1.6819 -1.0363 1.3590 80 200 120
-3.2392 -1.3932 2.0063 80 200 120
-2.6868 -1.1933 -0.0696 80 200 120
-2.7167 -3.0173 -0.0704 80 200 120
-2.8242 -0.8410 0.2182 80 200 120
-2.5676 -1.6235 -0.0483 80 200 120
-3.3000 -0.0458 0.1062 80 200 120
1.7247 -4.6439 1.7091 80 200 120
-3.5150 0.3350 1.8910 80 200 120
-2.4158 -0.9764 0.6396 80 200 120
-2.5575 -4.7356 -0.5187 80 200 120
-2.0697 -2.8165 0.9650 80 200 120
-3.1316 -2.1620 2.6812 80 200 120
-3.2939 -1.6691 1.8644 80 200 120
-2.8799 -2.7091 2.8703 80 200 120
-0.9495 0.8124 3.2206 80 200 120
-3.4263 1.8229 1.4218 80 200 120
-2.4081 -3.5305 1.5698 80 200 120
-2.4735 -4.9561 2.1700 80 200 120
-2.4176 -2.3291 1.0549 80 200 120
-2.3150 -3.0352 1.3002 80 200 120
-2.3271 -4.8342 2.6183 80 200 120
-2.4044 -2.7708 1.0719 80 200 120
-2.4552 -2.2918 0.6929 80 200 120
-1.6338 -5.1650 3.1154 80 200 120
2.4075 0.4473 0.4588 80 200 120
-0.4811 -4.6392 2.1370 80 200 120
-2.3570 -2.5669 0.7499 80 200 120
-0.2750 -1.0296 0.0235 80 200 120
-3.0203 -1.6074 -0.2619 80 200 120
-2.3897 -1.7060 0.0249 80 200 120
-0.4738 -2.3509 1.1574 80 200 120
-2.4823 -2.7218 0.4663 80 200 120
-1.9141 -5.0674 2.1931 80 200 120
0.0381 -1.3533 0.0407 80 200 120
-1.1962 4.9094 1.7009 80 200 120
-3.9652 -6.3236 -0.6483 80 200 120
-2.0371 -2.8097 0.2149 80 200 120
-2.6679 -2.4806 -0.0560 80 200 120
-3.8431 -3.9507 0.0862 80 200 120
-3.2555 1.9128 -0.1556 80 200 120
-3.6602 1.8173 1.3232 80 200 120
-3.8309 -0.8657 1.0682 80 200 120
-1.4281 -1.4849 -0.0573 80 200 120
-0.8012 -0.6606 0.0315 80 200 120
-2.6682 0.4370 1.7898 80 200 120
-3.1873 -0.6340 0.1681 80 200 120
-2.1161 -0.6759 0.2583 80 200 120
0.0274 0.6023 1.1631 80 200 120
-2.7727 -1.9249 -0.1633 80 200 120
-0.0301 0.5673 1.1461 80 200 120
-0.7494 1.3208 0.9842 80 200 120
-0.4446 -0.6887 0.1609 80 200 120
3.5999 0.1771 2.6346 80 200 120
3.3683 -1.2746 1.5311 80 200 120
2.9389 -2.1101 0.1216 80 200 120
2.9603 -2.4819 0.0956 80 200 120
2.2671 0.6945 0.0131 80 200 120
2.5020 0.2198 0.3424 80 200 120
1.0365 3.2559 0.0184 80 200 120
0.3339 0.5164 0.1326 80 200 120
2.1714 -1.3988 0.0287 80 200 120
2.2530 -1.0110 0.1171 80 200 120
2.3314 -1.6980 0.1351 80 200 120
3.8420 5.3680 3.3466 80 200 120
1.7486 -0.1958 0.0237 80 200 120
2.8181 2.6402 -0.0722 80 200 120
2.0974 3.0413 -0.5392 80 200 120
2.8717 -1.8355 0.5342 80 200 120
3.6831 1.1510 1.9552 80 200 120
3.1885 -2.0599 0.7001 80 200 120
2.4812 -0.2063 0.6670 80 200 120
2.6085 -1.6050 0.0467 80 200 120
-1.5459 -5.0069 3.1021 80 200 120
2.9344 -1.5399 0.4998 80 200 120
2.9643 -2.9392 0.2939 80 200 120
-1.0832 -4.9719 3.1594 80 200 120
2.3504 -4.8606 1.1419 80 200 120
2.8521 -1.2602 0.4529 80 200 120
2.8206 -4.8208 1.3528 80 200 120
1.9978 -4.5602 3.1147 80 200 120
-2.2908 -5.0047 2.6942 80 200 120
2.5453 -5.1851 -0.1157 80 200 120
3.1092 -4.4685 0.1658 80 200 120
3.3533 -3.6852 0.5724 80 200 120
2.5082 -4.2213 0.2029 80 200 120
2.0535 -4.8729 0.1121 80 200 120
3.3369 -4.7438 1.0174 80 200 120
3.4222 -3.0055 0.5909 80 200 120
2.7746 -2.2808 0.0038 80 200 120
2.0957 -5.0548 2.8107 80 200 120
-0.4347 -5.0206 2.4133 80 200 120
-0.8896 -4.0444 3.2576 80 200 120
1.0242 -3.2710 2.2930 80 200 120
0.0693 -4.8621 2.7496 80 200 120
3.6398 3.8338 0.6196 80 200 120
1.7787 2.5630 0.4734 80 200 120
3.4215 2.4428 1.1290 80 200 120
4.3674 0.5302 3.0425 80 200 120
0.0070 2.7692 2.8910 80 200 120
-0.0603 1.7818 3.2165 80 200 120
1.3994 3.6870 -0.0801 80 200 120
3.5251 1.9566 1.0873 80 200 120
2.2087 -0.7157 3.8410 80 200 120
3.2967 1.7985 3.1059 80 200 120
-2.1279 4.7207 2.3560 80 200 120
-0.1834 2.5238 3.1951 80 200 120
3.3694 0.8330 3.1355 80 200 120
0.2911 3.1198 -0.0432 80 200 120
3.6000 0.7551 2.6877 80 200 120
-1.9784 2.4468 3.1685 80 200 120
-0.3142 4.1458 1.4035 80 200 120
-3.3496 2.8107 1.9175 80 200 120
-0.7080 5.6348 3.6983 80 200 120
3.3915 4.5140 0.8917 80 200 120
2.1195 2.9579 0.7436 80 200 120
1.3086 4.8307 0.2741 80 200 120
3.4097 0.5818 2.1116 80 200 120
3.4914 0.9839 2.2451 80 200 120
-0.9609 2.4232 1.1175 80 200 120
-1.5227 5.3312 3.0713 80 200 120
-1.1267 1.4000 3.2803 80 200 120
3.5829 2.0349 1.4791 80 200 120
-0.6549 -5.6611 2.3725 80 200 120
0.7738 -1.8071 3.2523 80 200 120
1.5395 -4.3883 3.0862 80 200 120
0.6175 -1.3574 3.3066 80 200 120
-3.3778 4.3356 3.1374 80 200 120
-3.6507 2.2023 0.8510 80 200 120
-3.6980 2.7493 1.2169 80 200 120
-2.7607 -3.6873 1.3861 80 200 120
-3.4485 2.1321 2.7125 80 200 120
-1.9660 1.9654 3.2446 80 200 120
-3.4513 4.2855 2.6913 80 200 120
-2.9151 0.0217 0.5319 80 200 120
-2.6134 -1.7790 0.7677 80 200 120
-2.9742 1.8470 3.1535 80 200 120
-3.1808 -0.5677 3.1692 80 200 120
-1.5418 -4.4834 1.6981 80 200 120
-2.2141 -4.1211 0.3692 80 200 120
-3.2677 -2.5254 1.7269 80 200 120
-2.6376 -0.9639 0.0861 80 200 120
-2.2226 0.3626 1.0306 80 200 120
-2.4209 1.2584 0.9928 80 200 120
-2.6965 1.1250 0.9259 80 200 120
0.4440 -2.8220 2.9160 80 200 120
-3.5396 3.0364 1.5499 80 200 120
-3.4415 2.1420 1.1753 80 200 120
-3.5599 3.4427 2.9164 80 200 120
-3.3196 -2.5686 3.1188 80 200 120
-3.2485 0.1904 -0.1408 80 200 120
-0.5377 -4.5687 3.7316 80 200 120
-3.0435 -5.0021 2.5680 80 200 120
-2.6183 -2.9078 1.6076 80 200 120
-2.5873 -2.6613 1.3498 80 200 120
-0.1939 -1.2514 0.0348 80 200 120
-3.4646 -3.7982 2.1333 80 200 120
-2.6240 -2.2028 1.3338 80 200 120
-2.3711 -1.4169 0.9742 80 200 120
-2.3371 -1.3073 0.8053 80 200 120
-0.0956 -1.6487 0.0787 80 200 120
-0.6685 -2.0596 0.3670 80 200 120
-2.1973 -0.9165 1.1262 80 200 120
-1.2328 -4.7391 2.2186 80 200 120
-0.7508 -1.8858 0.2368 80 200 120
1.0621 -1.4306 0.0468 80 200 120
-1.9833 -2.1932 -0.0066 80 200 120
-0.3648 -1.7348 0.3182 80 200 120
-2.7667 -1.5142 1.3426 80 200 120
2.0852 -5.0629 0.1064 80 200 120
3.5282 -3.4455 2.2722 80 200 120
-0.4017 -0.4652 0.0313 80 200 120
-2.4170 -1.0565 0.6517 80 200 120
1.9487 -3.8582 -0.0678 80 200 120
0.4988 -1.8247 -0.0616 80 200 120
0.1272 -4.7425 3.0822 80 200 120
-0.5876 -1.2974 0.0468 80 200 120
2.1163 -0.9371 -0.3831 80 200 120
2.1985 -4.8748 0.9210 80 200 120
-2.4767 -1.0785 0.8668 80 200 120
-2.5787 -4.3869 0.7598 80 200 120
-0.0686 -1.6848 0.5082 80 200 120
0.8857 4.2290 -0.3170 80 200 120
-3.3033 0.2021 0.0655 80 200 120
-0.9157 3.0530 1.1974 80 200 120
-2.5958 1.2017 0.6182 80 200 120
-2.6355 1.0589 0.0356 80 200 120
-2.8528 0.4057 0.0632 80 200 120
-3.0672 -0.2843 0.2153 80 200 120
0.6933 6.0516 -0.2904 80 200 120
-1.2273 2.4894 0.9990 80 200 120
-2.5593 1.3426 -0.0870 80 200 120
-2.0677 0.2543 0.0545 80 200 120
-0.7015 -1.0665 -0.0097 80 200 120
-2.8515 -0.0730 0.0074 80 200 120
-2.4703 -1.7220 -0.3014 80 200 120
-2.4560 0.6550 0.2442 80 200 120
-2.5547 5.1779 1.1119 80 200 120
-0.4277 4.4917 0.0566 80 200 120
-4.7020 -1.3592 -0.3656 80 200 120
-2.4222 0.6489 0.9802 80 200 120
-3.8727 4.8087 2.9150 80 200 120
0.9756 4.4561 -0.0390 80 200 120
-2.8625 5.3519 2.8117 80 200 120
-1.6701 1.3530 0.3976 80 200 120
1.6366 4.1887 0.2468 80 200 120
-3.0927 0.5485 0.1954 80 200 120
-0.5355 2.6160 0.6283 80 200 120
1.3608 0.5755 0.0011 80 200 120
1.0635 0.8564 0.0238 80 200 120
1.0200 3.3235 -0.0088 80 200 120
2.3137 4.7571 -0.6667 80 200 120
3.9140 5.0526 2.7382 80 200 120
2.3809 -2.9106 0.0634 80 200 120
3.2677 -3.9852 0.1845 80 200 120
3.3696 -3.6488 0.5185 80 200 120
3.5687 0.9902 2.3032 80 200 120
3.2405 -4.0196 0.2151 80 200 120
2.5321 1.2837 2.7209 80 200 120
0.5280 -3.5321 2.7247 80 200 120
-0.6038 -5.0014 1.7909 80 200 120
3.1331 -2.7298 0.2161 80 200 120
3.2378 0.8366 3.0570 80 200 120
1.9117 -4.8221 1.6546 80 200 120
3.0434 -4.7927 2.3392 80 200 120
1.9654 -4.9323 0.6490 80 200 120
-1.5779 -3.6531 3.1948 80 200 120
1.7083 -4.8247 0.9811 80 200 120
2.5310 -4.6676 3.0282 80 200 120
2.3647 -3.4338 0.0570 80 200 120
-1.0556 -3.5492 3.2124 80 200 120
1.5628 0.2635 3.0729 80 200 120
-2.4347 -5.0251 1.6062 80 200 120
-2.8201 -4.9725 3.0893 80 200 120
0.4508 -2.4834 3.1368 80 200 120
-1.2799 -4.9416 2.2181 80 200 120
0.3680 -4.4145 1.3321 80 200 120
-2.2744 -3.3406 3.2694 80 200 120
-0.1600 -4.9678 1.6739 80 200 120
-0.1022 -4.9118 2.0201 80 200 120
3.4034 -1.8334 1.0021 80 200 120
2.8556 -2.0516 0.0093 80 200 120
2.7424 -1.7100 0.5807 80 200 120
2.5351 -3.1002 -0.0840 80 200 120
0.6999 -2.3841 1.0222 80 200 120
-0.4320 -2.5610 3.2093 80 200 120
0.5898 -2.5798 1.1869 80 200 120
0.5536 -3.8933 1.8416 80 200 120
2.7504 -5.0053 0.7628 80 200 120
3.0555 -2.0047 0.7498 80 200 120
1.3087 -2.3802 3.1533 80 200 120
1.7714 2.5906 0.1216 80 200 120
-0.8413 4.0972 3.0671 80 200 120
3.4590 0.3512 1.8809 80 200 120
2.5499 2.8023 0.2898 80 200 120
1.5373 2.6690 0.2974 80 200 120
3.4619 3.6468 1.5800 80 200 120
-1.8280 4.0877 3.2090 80 200 120
3.3888 -0.1598 3.1021 80 200 120
3.3865 1.1975 2.4254 80 200 120
2.2682 2.7962 0.5616 80 200 120
3.4207 3.2499 0.1357 80 200 120
1.4756 2.3763 0.1301 80 200 120
3.3853 0.1787 2.8272 80 200 120
3.3532 1.4285 3.1012 80 200 120
2.7824 3.2254 -0.2526 80 200 120
1.3813 2.8059 0.2065 80 200 120
-0.8400 -1.4087 3.0998 80 200 120
-2.1496 -4.4850 2.5046 80 200 120
-1.5891 -3.5019 2.9929 80 200 120
-3.5304 5.1926 1.1954 80 200 120
-2.5144 0.1359 3.2027 80 200 120
-2.8219 5.0044 2.6923 80 200 120
-3.2028 2.6019 3.0864 80 200 120
-0.7714 4.3638 3.0846 80 200 120
-3.3764 -0.0560 0.7919 80 200 120
-3.4027 1.4890 3.0127 80 200 120
-2.5837 -4.3541 0.7620 80 200 120
-2.6430 -1.8044 3.0416 80 200 120
-1.8921 -2.6048 3.0796 80 200 120
-2.3126 -2.1244 1.0590 80 200 120
-2.4433 4.7807 3.0097 80 200 120
-3.1251 -1.2113 1.2936 80 200 120
-0.1882 2.6448 3.2643 80 200 120
-3.4852 0.7229 2.1632 80 200 120
-2.5479 0.3846 2.9511 80 200 120
-0.5125 -4.0613 2.8097 80 200 120
-3.6191 -1.0433 3.2924 80 200 120
-2.5013 3.4939 3.2709 80 200 120
-3.3750 -2.7514 2.6694 80 200 120
-3.5783 -4.0856 2.8119 80 200 120
-1.6400 5.3062 2.4407 80 200 120
-2.5297 4.2303 3.2926 80 200 120
-1.1358 1.0699 3.1969 80 200 120
-1.4113 1.5532 3.1835 80 200 120
-1.3510 1.9563 3.1995 80 200 120
-2.2914 -1.1257 0.0872 80 200 120
-3.0562 -4.5256 3.0087 80 200 120
-2.8254 -1.8414 1.3404 80 200 120
-3.3275 -4.2953 2.7257 80 200 120
-2.0747 -4.8664 3.1551 80 200 120
-2.3655 -4.1471 1.7418 80 200 120
0.0032 -4.8174 2.7267 80 200 120
-2.9290 -5.3675 3.3420 80 200 120
-3.1942 -0.9357 0.1986 80 200 120
-3.2706 -0.7326 0.1626 80 200 120
-0.0489 -0.5613 0.0168 80 200 120
-3.2984 -3.6349 3.1064 80 200 120
-2.2016 -3.9387 -0.2445 80 200 120
-3.3052 -3.1803 3.0515 80 200 120
-1.6974 -1.0910 0.0467 80 200 120
4.6946 -3.5794 -0.6332 80 200 120
0.2580 -2.4734 1.2031 80 200 120
3.1414 -2.8985 -0.3555 80 200 120
3.6167 -3.1756 0.5190 80 200 120
-0.4155 -3.1901 1.1777 80 200 120
1.9267 0.4205 0.1403 80 200 120
-0.5303 2.0939 1.0099 80 200 120
-2.8136 1.7995 0.8553 80 200 120
-0.5460 1.5042 1.0168 80 200 120
-0.5908 2.8953 1.1761 80 200 120
-0.4911 1.3659 0.9012 80 200 120
1.5649 1.7725 -0.0034 80 200 120
-1.6430 0.9735 -0.0114 80 200 120
0.4013 3.0580 0.0730 80 200 120
-2.7007 1.5876 0.0325 80 200 120
-1.9012 0.5210 0.0372 80 200 120
-0.0523 2.6939 1.3845 80 200 120
1.3057 2.2434 0.0427 80 200 120
-2.2951 0.7774 0.0279 80 200 120
-1.9163 -0.4880 0.0294 80 200 120
-3.7597 3.6147 3.2269 80 200 120
-1.4151 4.6645 2.3136 80 200 120
-2.8676 1.4164 0.2582 80 200 120
-1.0055 5.1202 2.6054 80 200 120
-3.6117 4.2058 3.2445 80 200 120
-1.8346 -0.1836 0.0385 80 200 120
-1.3261 1.1024 -0.0614 80 200 120
1.7117 3.4676 0.4080 80 200 120
-0.2496 2.6109 1.1619 80 200 120
0.1922 4.2373 -0.2440 80 200 120
-0.8088 1.0944 1.0377 80 200 120
-1.4966 1.1976 0.3003 80 200 120
-1.4706 0.0630 0.0225 80 200 120
-0.5482 2.4719 0.4486 80 200 120
1.5244 0.9144 0.0157 80 200 120
-1.1482 5.0302 2.1430 80 200 120
-3.3540 4.6855 3.1636 80 200 120
-1.9204 -0.7680 0.0716 80 200 120
1.4937 -0.2016 0.1321 80 200 120
1.0216 1.8694 0.0549 80 200 120
-0.4803 1.6173 0.8979 80 200 120
-1.4263 0.2570 0.0142 80 200 120
0.4510 4.8032 2.0374 80 200 120
-1.5900 -0.1638 0.0044 80 200 120
-1.5231 -0.5647 0.0238 80 200 120
0.2101 -0.9526 0.2139 80 200 120
1.3346 0.7351 0.0254 80 200 120
-3.9431 5.1048 1.0141 80 200 120
-2.8655 1.2157 0.8947 80 200 120
1.9143 2.8246 0.3058 80 200 120
-1.0050 0.7064 0.0399 80 200 120
-2.0739 0.9701 -0.0768 80 200 120
-0.0225 -0.4923 0.1294 80 200 120
1.1653 0.2245 0.3396 80 200 120
-1.6176 0.5745 0.0572 80 200 120
1.5051 1.2364 0.0473 80 200 120
0.0556 -0.4842 0.0240 80 200 120
0.7576 2.0753 -0.0551 80 200 120
2.7786 0.0291 0.7317 80 200 120
1.6823 -0.7489 0.0329 80 200 120
3.3111 2.3478 2.2812 80 200 120
3.9561 1.3377 2.7063 80 200 120
2.8883 -4.7138 0.1498 80 200 120
3.3777 -2.9276 0.6264 80 200 120
3.1797 -3.1157 0.2591 80 200 120
3.3738 -3.4927 1.6739 80 200 120
3.4918 0.3769 1.8906 80 200 120
2.0081 -1.7616 0.0380 80 200 120
3.3963 -3.2221 2.1425 80 200 120
3.4510 -4.7502 1.1651 80 200 120
2.4451 -2.3800 -0.0022 80 200 120
0.8931 -2.8695 0.5124 80 200 120
0.3241 -2.5879 0.1611 80 200 120
-2.3990 -3.9656 1.3811 80 200 120
-2.3738 -3.4565 1.1288 80 200 120
-3.4252 -5.4873 2.6566 80 200 120
-2.5965 -4.9517 2.3497 80 200 120
-1.9619 -4.7549 3.1319 80 200 120
-0.7262 -2.2569 3.2100 80 200 120
0.1464 -1.9979 1.2093 80 200 120
-1.2753 -1.8252 3.2129 80 200 120
1.1026 -3.4985 2.8300 80 200 120
-3.5596 -4.5536 2.8251 80 200 120
-2.0232 -4.8982 2.2995 80 200 120
-0.5408 -3.3879 1.2669 80 200 120
-2.1608 -5.0930 1.2322 80 200 120
-2.4254 -3.8942 0.7902 80 200 120
-3.7291 -3.5049 3.2381 80 200 120
-3.6024 -3.0837 2.6474 80 200 120
0.2145 -4.3894 3.1445 80 200 120
-0.3788 -3.3316 3.2296 80 200 120
3.4266 2.7046 2.1642 80 200 120
3.5100 1.2324 0.5710 80 200 120
3.4207 2.0527 0.5380 80 200 120
3.3515 2.7021 0.1666 80 200 120
6.5329 -4.9457 4.6724 80 200 120
3.4497 1.1409 1.8415 80 200 120
3.3751 1.5971 0.5249 80 200 120
3.4317 1.5735 1.1286 80 200 120
3.6148 2.4886 0.3273 80 200 120
-0.1453 3.4275 1.3010 80 200 120
3.4685 2.1810 2.2752 80 200 120
1.6182 2.7767 0.5488 80 200 120
-1.1481 4.6371 1.6877 80 200 120
-1.3331 -1.2827 3.1365 80 200 120
-1.4270 -1.6841 3.1446 80 200 120
-2.5589 0.3896 0.9783 80 200 120
-2.9632 1.6953 0.8994 80 200 120
-2.7528 1.3681 0.8353 80 200 120
-2.6702 1.2214 0.5649 80 200 120
-2.3235 -1.1744 1.1869 80 200 120
-1.1851 5.2373 2.1535 80 200 120
-3.8256 5.1589 1.6645 80 200 120
-3.6208 4.0338 0.9891 80 200 120
-3.4463 -0.1334 1.6266 80 200 120
-1.2338 0.5637 3.2209 80 200 120
-2.9543 1.9888 0.2007 80 200 120
-3.5627 -0.5811 -0.0263 80 200 120
-0.9101 5.0469 2.4521 80 200 120
-3.6253 4.6489 0.6838 80 200 120
-1.2901 5.2240 1.7372 80 200 120
-0.1116 -1.0817 3.0948 80 200 120
-0.2817 3.5858 3.2331 80 200 120
0.2023 2.4350 3.2111 80 200 120
-1.0983 1.3513 3.2304 80 200 120
-2.6794 -1.5544 1.3391 80 200 120
-3.4876 0.0421 0.0740 80 200 120
-2.7147 -1.0951 0.6528 80 200 120
-2.5814 5.5322 1.1892 80 200 120
1.8839 -2.9363 0.1236 80 200 120
0.9796 -3.2510 0.1374 80 200 120
-2.7559 -1.0403 1.3167 80 200 120
-1.2192 1.0009 0.3068 80 200 120
-2.5518 -1.0615 1.0751 80 200 120
-3.4642 -0.1155 0.0509 80 200 120
-0.1378 -0.0533 0.5442 80 200 120
0.0331 -2.6288 1.2259 80 200 120
-1.9104 -0.5187 0.0049 80 200 120
-2.1795 0.2043 0.0248 80 200 120
-0.2228 -1.6794 0.9867 80 200 120
-1.7972 -0.2089 0.0422 80 200 120
-2.6982 0.3713 0.0620 80 200 120
-3.5783 -0.4007 -0.0259 80 200 120
-1.0827 0.3967 0.0381 80 200 120
2.1796 -2.8271 0.0436 80 200 120
-1.9541 0.5124 0.0172 80 200 120
2.7271 -1.7934 -0.4686 80 200 120
0.1413 -0.0759 0.0833 80 200 120
-0.1121 -2.2849 1.2095 80 200 120
-0.9642 0.6872 0.1234 80 200 120
-2.0986 -0.9286 0.0159 80 200 120
-0.1047 -1.0291 0.0381 80 200 120
-1.7455 1.0055 -0.0758 80 200 120
-2.2361 -2.8645 0.8227 80 200 120
-2.2599 -4.6472 0.0846 80 200 120
-0.2875 -0.2991 -0.0147 80 200 120
2.5170 -0.3107 -0.3425 80 200 120
-0.6469 2.6034 -0.0147 80 200 120
2.6059 2.8686 0.4322 80 200 120
-0.2577 2.7934 0.2775 80 200 120
-1.3553 1.1280 0.1863 80 200 120
1.9307 3.1890 0.5712 80 200 120
3.1007 2.9114 0.1353 80 200 120
-0.6021 1.1709 1.0364 80 200 120
-0.8338 0.9590 0.1514 80 200 120
0.1058 -0.2492 0.0535 80 200 120
-1.1236 0.5327 -0.0104 80 200 120
-0.7088 1.9622 0.3918 80 200 120
2.5606 4.9154 0.5741 80 200 120
0.8628 2.5981 0.0068 80 200 120
1.9951 1.0866 0.0995 80 200 120
1.8515 0.7787 -0.0073 80 200 120
-0.1730 -1.0895 0.2238 80 200 120
1.6944 1.0434 0.0378 80 200 120
1.2135 1.5234 -0.0022 80 200 120
1.8686 1.5000 0.0356 80 200 120
-0.0419 -0.6673 0.1749 80 200 120
0.2587 6.5258 -0.5038 80 200 120
-2.5814 0.7473 0.9849 80 200 120
-0.9227 2.2833 0.9725 80 200 120
-0.4680 1.2016 0.5137 80 200 120
3.3233 2.4995 0.1065 80 200 120
2.8674 1.3255 0.0120 80 200 120
1.3639 4.5831 0.1042 80 200 120
-1.3375 0.4846 -0.0167 80 200 120
0.7375 5.2106 0.0302 80 200 120
0.2494 2.0155 0.0466 80 200 120
1.5418 0.5362 0.0283 80 200 120
-1.2674 0.7092 -0.0202 80 200 120
1.7645 0.2192 0.0390 80 200 120
0.7561 2.0017 0.1083 80 200 120
3.3362 4.4362 1.3171 80 200 120
1.4971 1.6834 0.5942 80 200 120
2.0542 0.1883 0.2636 80 200 120
-0.3224 3.0870 0.8475 80 200 120
2.1466 2.7895 0.6422 80 200 120
2.1941 3.1875 0.6781 80 200 120
-0.9945 0.0528 0.0172 80 200 120
-3.7937 4.1562 0.9775 80 200 120
-0.8494 -0.1882 -0.0129 80 200 120
-0.9256 0.2857 0.0658 80 200 120
3.4904 3.8521 1.2297 80 200 120
0.2710 -0.3674 0.1652 80 200 120
0.0570 -0.0837 0.9212 80 200 120
2.1239 -0.2333 0.0126 80 200 120
1.5055 1.2698 0.0429 80 200 120
3.2363 -4.4196 0.4666 80 200 120
-0.5156 -1.7968 0.1965 80 200 120
0.3394 -1.8000 0.2377 80 200 120
3.0239 -0.1921 0.7026 80 200 120
4.0082 5.6801 1.7992 80 200 120
2.3749 -4.9076 0.7603 80 200 120
2.1984 -3.2960 0.0378 80 200 120
2.1873 -4.7910 0.4921 80 200 120
3.3790 -3.8473 1.1644 80 200 120
2.4513 -4.6749 -0.0128 80 200 120
3.6412 5.1989 1.1145 80 200 120
2.5886 2.8284 0.4219 80 200 120
0.5426 -2.2931 0.0825 80 200 120
2.0471 -4.7762 0.1241 80 200 120
3.4435 -1.1866 2.4770 80 200 120
3.3326 -2.9799 1.3756 80 200 120
2.7221 -4.7363 1.3375 80 200 120
0.2440 -1.0890 0.0438 80 200 120
1.5519 -3.3023 0.0366 80 200 120
1.0770 -2.4344 0.0347 80 200 120
-0.5767 -1.2584 0.0991 80 200 120
1.6636 -4.3587 -0.0070 80 200 120
1.0595 4.1016 0.0876 80 200 120
3.3922 -1.3766 0.9517 80 200 120
3.2884 -4.3948 1.9828 80 200 120
0.8403 -2.6386 0.1343 80 200 120
-2.2484 -3.8422 0.1670 80 200 120
-2.5693 -2.9666 0.9245 80 200 120
-2.7364 -2.7908 1.0079 80 200 120
-2.5952 -3.2726 1.4736 80 200 120
-3.8494 -4.2397 3.3809 80 200 120
-0.0111 -1.6607 1.2024 80 200 120
-2.9296 -2.9997 1.5743 80 200 120
-3.4748 -3.8656 2.1942 80 200 120
0.5131 -2.1702 0.6114 80 200 120
-2.2777 -4.0855 1.7652 80 200 120
-0.9930 -5.0240 1.6945 80 200 120
0.9824 -3.2346 2.0832 80 200 120
1.9965 -4.6963 2.3484 80 200 120
-0.2405 -2.7941 1.2830 80 200 120
-3.1173 -4.6647 3.0922 80 200 120
-0.3804 -2.1674 1.2393 80 200 120
-2.6414 -3.8365 1.6631 80 200 120
-0.0574 -2.5208 1.2161 80 200 120
1.5517 -3.1387 0.0681 80 200 120
3.0943 1.2382 0.0627 80 200 120
3.4387 0.8818 0.0973 80 200 120
3.4034 2.0565 0.1371 80 200 120
3.4380 0.3511 1.8966 80 200 120
2.7184 2.2251 0.1367 80 200 120
3.5058 -1.5423 3.0192 80 200 120
3.2958 1.1168 0.1557 80 200 120
0.5712 5.1051 -0.0202 80 200 120
1.7005 -0.4967 3.1957 80 200 120
2.6134 3.0335 0.6962 80 200 120
2.1806 0.6776 3.1953 80 200 120
3.4262 3.7815 2.3503 80 200 120
3.4555 0.5960 1.6400 80 200 120
3.6334 0.6901 0.4212 80 200 120
0.0520 2.3769 1.9578 80 200 120
-0.2734 2.8375 1.2234 80 200 120
1.0983 4.2135 0.0608 80 200 120
2.5913 -1.4423 3.2043 80 200 120
-0.8205 4.2469 3.0542 80 200 120
-0.0744 2.3765 2.1050 80 200 120
3.4549 1.3809 0.9007 80 200 120
1.7440 -0.2447 3.1865 80 200 120
-3.0408 -2.9725 2.5124 80 200 120
-0.6424 2.7838 1.1635 80 200 120
-3.4105 4.0647 0.1376 80 200 120
-2.7963 1.1098 0.9239 80 200 120
-3.1239 3.1116 0.2025 80 200 120
-1.1239 4.2568 3.0783 80 200 120
-0.4755 4.1479 1.2861 80 200 120
-3.1289 4.9675 1.9279 80 200 120
0.5704 4.6117 3.1443 80 200 120
-3.5452 0.3272 1.4425 80 200 120
-3.7964 3.9344 0.4564 80 200 120
-3.2960 0.4317 0.0972 80 200 120
-2.6919 -1.0817 1.3176 80 200 120
-2.9711 -3.3090 2.0827 80 200 120
-2.9591 0.4039 3.1783 80 200 120
1.3120 2.7852 3.3594 80 200 120
-3.4479 -2.9011 3.0415 80 200 120
-2.6033 0.1146 3.2657 80 200 120
0.3337 1.6507 3.2279 80 200 120
-3.2192 -0.9311 3.0994 80 200 120
-3.6597 -0.7036 0.3101 80 200 120
-1.5518 2.3429 3.1934 80 200 120
-3.3063 -1.2701 3.0422 80 200 120
-0.0204 2.6972 3.0305 80 200 120
-0.6513 -2.0506 3.0846 80 200 120
-3.0586 -4.4485 2.2166 80 200 120
-2.1499 1.7970 0.5261 80 200 120
-0.3390 4.2868 2.8258 80 200 120
-0.8241 2.6812 1.1867 80 200 120
-2.3149 5.0878 2.1236 80 200 120
0.0025 2.4719 2.0277 80 200 120
-1.5298 5.1263 1.3830 80 200 120
0.7066 -2.7020 0.9812 80 200 120
-3.2302 0.3796 0.1350 80 200 120
-2.5690 -1.0179 0.1329 80 200 120
-0.4340 0.0729 -0.0250 80 200 120
-1.5566 -4.9319 3.1042 80 200 120
-1.2322 -4.1237 0.5360 80 200 120
0.6703 -5.2676 1.1751 80 200 120
-1.4295 0.6512 0.0435 80 200 120
-0.9867 0.0475 0.0029 80 200 120
0.3287 -2.1870 1.1072 80 200 120
-2.0514 -5.0819 1.2163 80 200 120
-2.7789 -0.7311 0.0754 80 200 120
-2.8306 0.4198 0.9323 80 200 120
0.3433 -1.9626 1.0005 80 200 120
-0.9512 -2.1792 0.7448 80 200 120
-0.8566 -5.4373 3.0106 80 200 120
-1.2460 1.0637 0.0188 80 200 120
-1.0469 -3.3753 0.5593 80 200 120
-2.1964 1.3683 1.0381 80 200 120
-0.9813 0.9744 0.1519 80 200 120
-1.7002 -6.0476 3.0482 80 200 120
-2.0813 1.1914 0.0430 80 200 120
-3.4612 -0.0330 0.4180 80 200 120
-0.2813 -0.7346 0.0462 80 200 120
-0.6127 1.0949 0.0265 80 200 120
-1.1912 0.1384 -0.0122 80 200 120
-2.6194 -0.0927 0.0243 80 200 120
2.7022 0.2354 0.6113 80 200 120
3.3977 3.2340 2.6533 80 200 120
1.5821 3.2730 0.1027 80 200 120
0.0426 2.5119 -0.0561 80 200 120
0.1637 2.8534 0.4877 80 200 120
0.7604 1.7678 0.0019 80 200 120
3.0862 1.0884 -0.0489 80 200 120
2.5600 0.5796 0.0990 80 200 120
3.5981 2.8002 2.2252 80 200 120
3.3499 2.3304 1.9666 80 200 120
2.0069 0.9767 -0.0257 80 200 120
-3.6401 4.6629 0.7217 80 200 120
-0.5095 2.7362 -0.4127 80 200 120
3.3811 1.4987 0.0924 80 200 120
3.4926 2.2309 0.0884 80 200 120
-0.3991 2.5670 0.0765 80 200 120
2.5065 0.2592 0.4617 80 200 120
2.2037 0.7817 0.0105 80 200 120
3.2513 1.7397 0.0766 80 200 120
0.0169 2.0596 -0.0536 80 200 120
1.3075 -0.3233 0.0567 80 200 120
3.6128 3.8159 0.5156 80 200 120
3.4258 2.0841 0.5653 80 200 120
-3.7088 -0.2142 -0.0668 80 200 120
-0.7128 0.7405 0.1257 80 200 120
-0.2706 1.1487 0.5473 80 200 120
0.1772 2.4201 0.2659 80 200 120
3.1392 4.4099 2.9890 80 200 120
0.3490 1.6898 0.1711 80 200 120
-0.1120 1.5721 0.2784 80 200 120
1.7647 0.5750 0.0596 80 200 120
2.1059 0.4453 -0.0070 80 200 120
3.4331 4.9202 2.1706 80 200 120
3.4985 2.7518 1.4297 80 200 120
-0.1203 -1.0693 -0.0734 80 200 120
3.4757 3.3290 2.1920 80 200 120
0.4227 -2.4352 0.8317 80 200 120
2.1615 4.2427 -0.4780 80 200 120
0.3845 -2.2892 0.5854 80 200 120
2.2792 -0.1354 0.1782 80 200 120
3.1179 1.2949 0.1042 80 200 120
-0.2744 -1.0195 0.0111 80 200 120
-0.4002 -1.6488 0.1037 80 200 120
3.3246 -2.8990 3.0874 80 200 120
3.1194 -4.7915 2.3698 80 200 120
3.2477 -3.2550 3.0892 80 200 120
0.3178 -2.3675 1.1337 80 200 120
1.9961 3.4412 0.4864 80 200 120
-0.8229 -1.9368 0.0416 80 200 120
-2.3272 -4.7437 -0.0292 80 200 120
-2.3178 -2.1901 1.3611 80 200 120
3.2320 -3.2641 0.2060 80 200 120
1.2834 -4.1634 1.3993 80 200 120
-2.3927 -3.1331 0.7404 80 200 120
0.6139 -4.0988 1.0093 80 200 120
-5.0462 -2.6712 1.6682 80 200 120
0.3214 -2.3649 1.1245 80 200 120
0.5675 -2.4240 2.2529 80 200 120
-3.5490 -4.7557 -0.3866 80 200 120
-1.7505 -5.0661 0.6580 80 200 120
-3.7422 -1.5943 2.0730 80 200 120
-3.4187 -0.9869 3.2050 80 200 120
1.6985 -0.2437 3.1529 80 200 120
2.5721 -0.0368 0.7027 80 200 120
2.7711 0.1633 0.7543 80 200 120
3.2670 1.7013 0.0725 80 200 120
3.4658 2.2723 0.7890 80 200 120
3.0925 -2.7971 3.0208 80 200 120
2.2373 2.8929 0.5473 80 200 120
3.4566 -2.5681 3.1812 80 200 120
3.6039 -2.8538 2.8649 80 200 120
3.4181 -1.2234 2.3737 80 200 120
-1.5021 4.7414 2.3420 80 200 120
-0.8025 4.8945 2.3313 80 200 120
3.4895 1.0057 2.5830 80 200 120
2.8587 0.2432 3.1657 80 200 120
3.3314 -0.7917 1.0156 80 200 120
1.8207 4.3720 0.2710 80 200 120
-0.6670 2.3873 0.9748 80 200 120
-0.0322 2.4861 1.3760 80 200 120
-3.2440 -1.0530 1.3154 80 200 120
1.3935 6.0750 1.9773 80 200 120
0.4072 4.3242 2.0029 80 200 120
-2.6112 5.0564 0.6632 80 200 120
-1.6422 -1.0986 3.1205 80 200 120
2.1727 2.7591 3.1317 80 200 120
-0.5151 3.5586 1.1467 80 200 120
-3.4564 0.8057 2.4739 80 200 120
-2.5034 -1.4891 3.2322 80 200 120
1.1328 4.5327 3.0779 80 200 120
-2.1155 5.4692 2.8001 80 200 120
-1.4438 2.0545 0.8293 80 200 120
0.0515 2.9002 2.8628 80 200 120
-2.6722 0.7525 3.1969 80 200 120
2.1617 5.6814 3.0475 80 200 120
-2.2449 1.4392 0.3215 80 200 120
-2.2280 0.5491 0.3080 80 200 120
-3.2029 2.1441 0.1485 80 200 120
-0.5577 -2.8923 1.0015 80 200 120
-0.6109 1.7703 -0.0887 80 200 120
-3.0949 3.5972 0.3082 80 200 120
-1.5057 1.2365 0.1553 80 200 120
-3.1060 1.0224 0.8739 80 200 120
-2.7726 0.9785 -0.0679 80 200 120
-1.5117 1.2585 0.4618 80 200 120
-0.5270 -1.7929 1.0008 80 200 120
-2.6827 1.3136 0.8610 80 200 120
-1.6946 0.9757 -0.0718 80 200 120
-1.9978 0.9268 -0.0586 80 200 120
-1.4021 0.2357 0.0241 80 200 120
-1.2109 -4.8480 2.2056 80 200 120
2.3712 -4.8549 0.8290 80 200 120
2.1343 -5.2540 -0.4359 80 200 120
-1.7552 1.5007 0.7231 80 200 120
-2.6421 -1.2309 1.3837 80 200 120
-2.7623 -1.9046 1.3212 80 200 120
-2.6752 2.6456 0.3730 80 200 120
2.0983 -1.3521 0.0354 80 200 120
1.4795 -1.0367 0.0638 80 200 120
1.5306 -0.9665 0.0486 80 200 120
2.2724 -0.7048 0.0544 80 200 120
2.4247 2.8748 -0.0692 80 200 120
2.0395 3.2458 -0.3377 80 200 120
0.5809 4.1295 -0.1174 80 200 120
-0.4343 1.5888 0.3558 80 200 120
-0.4454 4.5567 2.8192 80 200 120
2.3875 0.2207 0.0155 80 200 120
-0.5963 1.0599 1.0356 80 200 120
3.2155 3.0530 0.1329 80 200 120
3.1912 0.7052 0.1949 80 200 120
2.0600 -0.2682 0.0152 80 200 120
2.4572 0.2729 0.2554 80 200 120
-3.5096 4.6913 3.2283 80 200 120
2.3512 -0.1238 0.7073 80 200 120
1.4783 0.2996 -0.0375 80 200 120
2.5686 1.9495 0.0320 80 200 120
2.2063 3.0668 -0.5398 80 200 120
0.1736 2.6646 0.8722 80 200 120
-2.4327 -1.1113 0.0369 80 200 120
-3.1899 -0.9372 0.1311 80 200 120
-2.6471 2.6424 0.3668 80 200 120
-3.1772 0.9058 0.8434 80 200 120
-3.5141 0.5510 0.5990 80 200 120
2.3102 -0.5139 0.0594 80 200 120
2.8583 -0.2196 0.7268 80 200 120
-0.6297 1.3774 1.0009 80 200 120
-2.0904 -3.4646 0.1774 80 200 120
3.0848 -4.4360 3.0252 80 200 120
0.5979 1.3331 0.0303 80 200 120
0.9771 -3.0850 2.3054 80 200 120
3.5336 -4.1446 1.6082 80 200 120
0.5470 -2.4200 0.3253 80 200 120
2.0832 3.3544 -0.3628 80 200 120
-1.1132 -3.2006 0.6541 80 200 120
-0.7597 -2.4096 0.1600 80 200 120
1.7498 2.2250 0.2786 80 200 120
-1.1000 -3.1946 0.1086 80 200 120
2.0583 4.3059 0.1999 80 200 120
2.0882 2.3493 0.2365 80 200 120
0.3736 -0.0272 0.9371 80 200 120
2.1130 -4.5759 3.0412 80 200 120
-2.7708 -2.2721 3.2487 80 200 120
-3.2198 -1.6270 3.1520 80 200 120
-1.1663 -4.6189 1.2803 80 200 120
-2.4610 -2.0440 1.4257 80 200 120
-2.9915 -4.9424 2.5429 80 200 120
-1.3843 -3.6400 -0.1046 80 200 120
-3.3183 -3.1833 3.0987 80 200 120
-3.4779 -4.4850 2.9448 80 200 120
3.5401 -2.1139 1.9091 80 200 120
3.3317 -4.0995 0.1617 80 200 120
0.6588 -2.1596 3.1124 80 200 120
-3.1583 -3.5687 3.1066 80 200 120
2.1654 -4.0765 -0.0044 80 200 120
-0.1052 -2.4564 1.2027 80 200 120
0.0615 -2.9005 1.2462 80 200 120
0.1651 -2.1062 1.1859 80 200 120
2.7607 -4.7042 0.0151 80 200 120
-1.8715 -4.9475 -0.0081 80 200 120
0.4401 -2.1891 0.9761 80 200 120
-0.2862 -3.0332 1.2427 80 200 120
1.2405 -4.0234 0.9096 80 200 120
-3.1908 -4.6642 2.1151 80 200 120
-1.3537 -1.2612 3.1649 80 200 120
-0.0801 -1.9590 1.1788 80 200 120
3.3940 -0.4403 3.1478 80 200 120
3.5413 -4.2661 2.8883 80 200 120
3.5880 -1.4369 0.9292 80 200 120
3.3463 -0.6406 1.7387 80 200 120
3.4208 2.0836 0.0835 80 200 120
3.0021 3.8035 0.5350 80 200 120
3.4586 -5.0113 3.0303 80 200 120
-2.6264 1.7456 0.9552 80 200 120
-3.3150 2.5001 0.1804 80 200 120
0.5144 4.4179 2.5692 80 200 120
-3.2133 4.5289 0.2619 80 200 120
-2.8043 -2.6186 3.1475 80 200 120
0.9251 2.4456 3.1978 80 200 120
-1.5885 0.5072 3.1827 80 200 120
-3.0283 4.3989 1.3702 80 200 120
-0.5559 2.0918 0.3113 80 200 120
-2.9164 1.7946 0.8331 80 200 120
0.5998 -2.2290 0.1457 80 200 120
-0.9323 1.0015 1.0495 80 200 120
-3.1256 1.5908 1.0000 80 200 120
0.3975 -2.3344 0.5468 80 200 120
-1.4899 1.2220 0.6834 80 200 120
0.0003 -0.0603 0.4237 80 200 120
-0.8705 0.7355 0.0250 80 200 120
-0.5529 0.9711 1.0958 80 200 120
-0.5654 1.3832 1.0664 80 200 120
-2.5260 3.5083 0.5216 80 200 120
0.3224 -2.5080 1.0937 80 200 120
-0.1447 -2.5487 1.1885 80 200 120
-3.5941 2.5939 1.1267 80 200 120
1.3498 -1.3348 0.0417 80 200 120
2.4319 -0.4952 0.6469 80 200 120
2.8774 -0.4376 0.7045 80 200 120
-2.4434 2.9490 0.4187 80 200 120
-0.9698 1.8567 0.9777 80 200 120
2.8588 0.0897 0.7510 80 200 120
0.2319 0.9203 0.6940 80 200 120
-1.0261 1.0732 1.0119 80 200 120
-0.0691 0.3526 1.1170 80 200 120
-0.4950 0.8775 0.3549 80 200 120
2.0180 -0.7730 -0.0137 80 200 120
-0.0992 0.6426 0.9267 80 200 120
0.4578 1.2298 0.2426 80 200 120
0.6046 -1.1301 0.0195 80 200 120
-2.4791 -4.3061 0.2551 80 200 120
-2.2697 -3.0264 0.0248 80 200 120
1.1763 -3.8382 2.8696 80 200 120
0.0457 -0.0176 0.2524 80 200 120
-0.2721 -2.7941 1.2626 80 200 120
-2.5513 -2.8868 -0.0835 80 200 120
-1.4743 -3.3825 -0.0282 80 200 120
-2.1511 -2.0280 0.1366 80 200 120
1.3115 -4.0415 0.3574 80 200 120
-2.3485 -2.8557 0.8869 80 200 120
-2.5507 -2.6554 1.0256 80 200 120
0.2142 -1.7644 1.1809 80 200 120
-3.3663 -2.2791 2.7492 80 200 120
3.3384 -0.2622 3.0941 80 200 120
0.5059 -3.5007 2.2014 80 200 120
-2.2484 -3.8135 0.1325 80 200 120
3.4855 -4.7366 2.5600 80 200 120
2.5957 2.8956 0.3374 80 200 120
3.2432 -3.1728 2.1170 80 200 120
-3.3780 0.6627 2.8282 80 200 120
2.2434 4.5604 3.0737 80 200 120
-3.3152 1.5198 2.7279 80 200 120
-0.9709 3.0153 1.0021 80 200 120
-1.4480 3.4522 0.5933 80 200 120
-3.4785 2.9798 0.0728 80 200 120
-0.5832 4.9844 1.1865 80 200 120
1.2096 2.6008 3.2199 80 200 120
1.9721 5.1442 2.8654 80 200 120
-1.5226 1.8636 0.8242 80 200 120
-3.1830 1.3211 1.1086 80 200 120
1.1506 4.9578 1.9431 80 200 120
-3.5722 -0.8790 1.8229 80 200 120
-3.2838 -0.1327 0.9887 80 200 120
-0.5993 -4.9142 1.7385 80 200 120
-0.1196 0.1271 0.6399 80 200 120
-1.1966 0.6436 -0.0435 80 200 120
-2.4898 0.5692 0.9973 80 200 120
-2.6997 -1.5817 1.3212 80 200 120
-0.5848 -2.0425 0.6867 80 200 120
-3.6094 4.5553 0.7388 80 200 120
-0.4626 3.2380 -0.4224 80 200 120
-0.1478 2.5042 -0.0697 80 200 120
-1.5822 -5.0484 3.1032 80 200 120
-2.9100 2.3574 0.3466 80 200 120
-0.8405 2.8354 -0.6975 80 200 120
-0.6163 1.6297 -0.1442 80 200 120
-0.0411 0.1942 1.3959 80 200 120
-0.0251 0.0741 1.5240 80 200 120
-0.0644 0.1741 1.1725 80 200 120
2.0508 -1.3082 0.0939 80 200 120
2.4702 -0.8039 0.5724 80 200 120
-3.0355 -0.0777 0.2356 80 200 120
2.3998 -1.1171 -0.0027 80 200 120
3.3006 3.2211 3.0721 80 200 120
2.1202 -0.1483 0.2343 80 200 120
3.3957 2.6663 2.1713 80 200 120
0.0457 -0.0534 1.0789 80 200 120
3.4419 3.3028 2.6787 80 200 120
-0.3363 4.0364 3.0856 80 200 120
2.8706 3.3886 0.2779 80 200 120
1.4459 -4.6944 0.1125 80 200 120
-0.8245 -2.7419 0.7475 80 200 120
2.1166 3.0111 0.5264 80 200 120
2.2364 2.5369 0.1220 80 200 120
0.1953 3.0925 -0.4778 80 200 120
-0.1221 -0.0024 0.7792 80 200 120
0.6111 -4.1365 1.3375 80 200 120
-2.2766 -1.1255 0.0874 80 200 120
-2.1408 -1.7625 0.1835 80 200 120
-2.5756 -2.4679 1.3234 80 200 120
-2.3253 -4.2322 0.4028 80 200 120
1.1162 -3.4033 0.1743 80 200 120
-1.9309 -4.6946 -0.1032 80 200 120
-1.4771 -4.6888 0.1247 80 200 120
3.3586 -3.0719 3.1568 80 200 120
-0.2869 3.5022 2.8984 80 200 120
2.3114 -3.7351 2.9081 80 200 120
2.8850 -2.2780 2.6591 80 200 120
3.0413 2.4867 -0.0652 80 200 120
-3.1474 0.4720 0.8489 80 200 120
0.0082 2.4572 2.0167 80 200 120
0.7464 -2.3600 0.2516 80 200 120
-0.6705 1.6497 0.9245 80 200 120
-0.0705 0.7696 0.8536 80 200 120
1.9697 -5.8161 -0.3375 80 200 120
0.3278 -1.9489 1.1594 80 200 120
-3.1261 33.1863 -16.2521 80 200 120
0.1728 3.8132 -1.0637 80 200 120
0.3537 -1.5176 0.0993 80 200 120
-2.5362 0.3752 0.9980 80 200 120
-2.8921 -1.1087 -0.1154 80 200 120
-2.9471 1.9404 0.2093 80 200 120
-0.1356 0.3608 0.8630 80 200 120
-1.3036 1.9001 0.8988 80 200 120
1.1615 -3.7438 0.1203 80 200 120
1.5843 -5.0887 3.1765 80 200 120
3.1153 2.9038 0.2332 80 200 120
-0.3961 -0.4406 0.0604 80 200 120
-0.2604 -1.7190 0.9246 80 200 120
-0.4505 -2.5430 1.1122 80 200 120
-2.0937 -4.4328 0.0875 80 200 120
3.4819 -3.7511 1.7521 80 200 120
2.9865 -4.7043 3.1098 80 200 120
3.6459 -3.2642 3.1549 80 200 120
3.9184 -5.2588 2.4178 80 200 120
3.4658 -4.2149 1.4767 80 200 120
3.4743 -3.1322 1.4934 80 200 120
3.5616 -2.7284 2.7792 80 200 120
1.6848 -0.4932 3.1925 80 200 120
2.7872 -2.8643 3.3447 80 200 120
2.3923 -2.9720 3.1833 80 200 120
3.7041 -4.4815 3.0887 80 200 120
1.7026 -3.9557 3.2243 80 200 120
3.0243 -1.1933 2.4462 80 200 120
3.5033 -1.4996 3.0877 80 200 120
3.4358 -2.0514 3.1672 80 200 120
3.6047 -2.1295 2.6795 80 200 120
2.0314 -2.5061 3.2124 80 200 120
1.4293 -1.8064 3.2093 80 200 120
1.7337 -3.0850 3.2831 80 200 120
1.1195 -2.6584 3.2619 80 200 120
1.8523 -1.2322 3.1856 80 200 120
2.5096 -2.0082 3.1903 80 200 120
3.5459 -1.8934 2.3401 80 200 120
3.5107 -1.0043 3.1564 80 200 120
3.5022 -2.4716 3.1672 80 200 120
3.2703 -0.7534 3.3623 80 200 120
1.6930 -1.7817 3.2504 80 200 120
2.9340 -5.0567 2.8684 80 200 120
2.0594 -0.7441 3.1618 80 200 120
3.5724 -4.0710 2.5436 80 200 120
1.2608 -1.3101 3.2171 80 200 120
2.1979 -3.1597 3.0309 80 200 120
1.5342 -3.6233 3.2783 80 200 120
2.3392 -1.3357 3.2162 80 200 120
3.3083 -2.4337 1.8684 80 200 120
3.4792 -3.1042 1.1071 80 200 120
0.8929 -1.4863 3.1957 80 200 120
-0.4806 -2.8664 1.1174 80 200 120
-0.8598 -3.7354 0.6020 80 200 120
1.8438 -4.5089 -0.1718 80 200 120
3.3973 2.4466 0.0201 80 200 120
3.0107 -2.1984 2.9946 80 200 120
3.3989 1.8725 0.0334 80 200 120
-2.6669 1.2981 0.8504 80 200 120
-2.6864 4.5163 0.6344 80 200 120
-2.2504 1.4727 1.0641 80 200 120
-1.0242 1.9251 0.3485 80 200 120
-2.5822 -1.2534 1.3665 80 200 120
-2.9466 -1.6893 1.3083 80 200 120
-2.5852 -1.8341 1.3267 80 200 120
0.5947 1.6241 -0.2147 80 200 120
-0.7017 4.7696 -1.5521 80 200 120
-0.0564 -0.0176 0.9493 80 200 120
-0.0228 -0.0320 0.0102 80 200 120
-0.8418 1.3353 1.1307 80 200 120
-1.1043 1.0651 1.1583 80 200 120
-2.0083 -4.8510 3.1462 80 200 120
0.2466 2.2377 -0.5737 80 200 120
-0.7229 2.5872 0.8146 80 200 120
-0.8176 2.3522 0.9877 80 200 120
-3.2076 -0.0891 0.1473 80 200 120
-3.0225 3.7594 2.6309 80 200 120
0.1537 -0.0429 0.9804 80 200 120
0.1803 3.9371 -1.1172 80 200 120
-0.0956 -0.0118 0.8716 80 200 120
2.3504 2.6479 0.0951 80 200 120
-2.0244 -1.3715 0.2872 80 200 120
-0.0755 -2.4051 1.2078 80 200 120
0.0347 0.1120 1.5549 80 200 120
0.0003 -1.6414 0.5417 80 200 120
3.8742 -3.9611 3.0314 80 200 120
3.3953 -4.5656 2.0649 80 200 120
-0.1221 -2.4791 1.1978 80 200 120
2.2706 -4.4292 -0.0554 80 200 120
-0.1062 -4.5518 3.1036 80 200 120
0.0013 -4.8483 1.1888 80 200 120
-2.1944 -4.4390 0.0978 80 200 120
-0.5138 -2.0146 1.1028 80 200 120
2.4171 3.2906 0.3648 80 200 120
3.1675 0.2610 0.5130 80 200 120
3.2893 -2.5909 2.7582 80 200 120
-3.1391 0.4702 0.8587 80 200 120
-3.3913 4.0231 0.1054 80 200 120
-2.1922 3.1550 0.7738 80 200 120
-0.9047 3.4643 3.2296 80 200 120
-3.0774 2.2553 1.7073 80 200 120
0.5891 -2.4248 0.6786 80 200 120
-1.2870 1.0553 0.4069 80 200 120
0.3810 2.4633 -1.2641 80 200 120
-0.5703 2.1992 0.7448 80 200 120
1.1946 -3.6461 0.5790 80 200 120
1.9587 -4.6458 0.1940 80 200 120
-3.5593 3.8826 0.4325 80 200 120
-3.4861 -0.4952 0.0073 80 200 120
-0.6204 1.7985 -0.1808 80 200 120
2.2300 2.5573 0.6801 80 200 120
-3.5043 -5.9690 -0.3699 80 200 120
-1.5714 -1.3157 0.6502 80 200 120
-0.8030 0.8573 0.4113 80 200 120
2.4795 3.9886 -0.8604 80 200 120
-2.1642 -2.8965 0.0940 80 200 120
1.7673 3.6570 -0.0688 80 200 120
-1.8519 -1.8692 0.4429 80 200 120
-0.4301 -1.7205 0.5291 80 200 120
0.2837 1.1081 0.4421 80 200 120
3.6587 -5.2079 2.9694 80 200 120
-3.4567 -2.7341 1.6903 80 200 120
2.8898 -3.8975 -0.0347 80 200 120
3.2914 2.6930 0.2037 80 200 120
2.8624 2.3468 0.0480 80 200 120
3.4893 0.9394 1.9763 80 200 120
3.1956 1.3027 0.2778 80 200 120
3.2537 3.1112 0.1752 80 200 120
3.5913 1.1091 0.0495 80 200 120
1.7737 2.9146 0.5848 80 200 120
-2.6010 1.4487 1.0415 80 200 120
-2.4782 2.4440 0.5850 80 200 120
-3.4202 2.6243 0.0939 80 200 120
-2.5801 -0.8838 1.4947 80 200 120
-1.8085 5.5418 1.9149 80 200 120
-3.5231 -0.2574 1.7959 80 200 120
-3.2709 -0.7473 2.7939 80 200 120
-1.3838 1.5291 0.5915 80 200 120
-3.5079 -5.1886 3.2124 80 200 120
-1.5047 -4.8483 3.0715 80 200 120
-0.5980 3.9472 -0.9871 80 200 120
-0.3445 1.3038 0.9082 80 200 120
-2.6834 -1.5564 1.3486 80 200 120
-2.4942 -4.6875 3.2005 80 200 120
1.5384 -3.9187 0.1897 80 200 120
-2.3881 -1.5664 0.0075 80 200 120
-2.1932 -1.0092 0.2302 80 200 120
-0.0460 -0.0240 1.0092 80 200 120
2.5462 -1.1898 -0.1169 80 200 120
-2.7658 -0.8780 0.1134 80 200 120
3.2317 3.3777 3.0477 80 200 120
2.4097 -0.5447 0.6589 80 200 120
2.5673 -0.0173 0.6865 80 200 120
-0.4250 -0.4425 0.0426 80 200 120
3.4448 2.4189 1.9557 80 200 120
2.6961 -0.4428 0.6527 80 200 120
2.0192 3.2588 0.1499 80 200 120
2.5326 3.4712 0.5677 80 200 120
-2.7031 2.3782 -2.0570 80 200 120
2.0191 2.8186 0.6013 80 200 120
3.4856 -3.3213 2.1520 80 200 120
0.3497 -2.7755 1.0801 80 200 120
3.1121 -3.1350 0.3256 80 200 120
3.4252 -2.9399 0.5620 80 200 120
-0.1067 -2.4463 1.2338 80 200 120
-0.8820 -4.9651 1.1309 80 200 120
2.3825 -4.6250 -0.1480 80 200 120
-2.4350 -2.7220 1.5558 80 200 120
-0.3143 -3.3142 1.1353 80 200 120
0.6892 -2.5073 0.9307 80 200 120
2.0102 -3.6372 -0.0516 80 200 120
-2.3853 -4.9939 0.0395 80 200 120
5.9018 -5.4170 3.9558 80 200 120
3.3365 -1.9719 3.1447 80 200 120
-0.3137 3.1460 2.8734 80 200 120
3.5256 -0.6462 2.9133 80 200 120
3.5212 0.1905 2.8475 80 200 120
-0.6563 4.1318 2.2981 80 200 120
2.7271 -2.9649 2.8323 80 200 120
2.6752 3.7805 0.5679 80 200 120
-0.1563 2.4280 3.1419 80 200 120
-0.0160 2.3991 2.0063 80 200 120
3.2418 0.6123 0.6136 80 200 120
0.3129 1.6156 3.1973 80 200 120
2.2652 0.4300 3.1963 80 200 120
3.1889 -0.6211 1.1782 80 200 120
-2.5142 1.0053 1.0048 80 200 120
-2.4166 4.1283 0.7643 80 200 120
-3.0576 2.5911 0.7909 80 200 120
-2.2040 4.6248 1.0463 80 200 120
-0.5863 0.7414 3.1861 80 200 120
-3.3946 2.8348 2.4152 80 200 120
-3.0156 -4.6807 3.0777 80 200 120
-3.3648 -3.7563 3.1283 80 200 120
-3.4363 -4.5033 2.8574 80 200 120
-2.9816 -2.9872 3.2226 80 200 120
-3.1560 -1.5525 3.1614 80 200 120
-3.1772 1.5638 0.6226 80 200 120
0.1928 2.9753 2.9838 80 200 120
-3.3354 -3.2579 2.7869 80 200 120
-2.7499 -2.1691 3.2412 80 200 120
1.8802 -4.6422 1.3894 80 200 120
0.5747 -2.3951 0.3635 80 200 120
2.8582 -3.5252 0.4427 80 200 120
-0.9262 1.2156 0.8996 80 200 120
-0.8847 -4.8517 1.1727 80 200 120
-1.5122 1.2673 0.7123 80 200 120
-1.3679 2.2568 1.0536 80 200 120
2.6042 -3.2541 0.0890 80 200 120
-0.5812 1.0399 1.0454 80 200 120
3.0652 -4.4851 0.2293 80 200 120
2.0823 -1.3262 0.0687 80 200 120
-1.0906 1.5500 1.0747 80 200 120
-2.5516 -1.0867 0.8488 80 200 120
2.7221 0.3047 0.5673 80 200 120
1.5697 3.2195 0.6858 80 200 120
0.1864 2.2765 0.1671 80 200 120
1.1986 4.6007 -0.2371 80 200 120
0.7363 5.1080 -0.7063 80 200 120
2.0490 3.2610 -0.3267 80 200 120
-0.1905 3.3628 -0.7434 80 200 120
0.3365 -0.0178 0.9886 80 200 120
0.3179 -0.0391 0.2095 80 200 120
0.0268 2.0812 -0.0400 80 200 120
-1.0220 0.3221 0.0750 80 200 120
0.4433 0.8138 0.4210 80 200 120
0.5769 1.7711 -0.0199 80 200 120
2.9652 -2.1598 2.9961 80 200 120
-1.3651 -4.8759 1.8014 80 200 120
3.4205 -5.0725 -0.0467 80 200 120
3.5923 -1.2088 2.4386 80 200 120
3.4401 -2.3616 2.1035 80 200 120
1.7001 -4.1791 0.0045 80 200 120
3.4722 1.4360 1.5532 80 200 120
-0.7244 3.8036 2.9920 80 200 120
3.2914 2.6696 0.2097 80 200 120
3.5950 -0.9839 3.2019 80 200 120
3.4272 4.2357 0.3756 80 200 120
-1.5874 -4.0376 2.9231 80 200 120
-1.3540 -5.4088 3.6367 80 200 120
-2.8457 -2.0020 1.3024 80 200 120
-3.5072 4.3128 2.6444 80 200 120
-2.3918 -4.4287 3.0486 80 200 120
-2.5522 0.7972 0.9395 80 200 120
-2.4651 -1.1856 1.3876 80 200 120
-3.0720 -2.1589 2.7132 80 200 120
-1.5412 0.1350 1.4889 80 200 120
-2.9285 1.6076 0.9702 80 200 120
-2.8275 -0.9138 1.4124 80 200 120
-3.4228 -3.7994 2.1693 80 200 120
-3.0745 -0.1437 1.0973 80 200 120
-2.5736 0.8229 1.2483 80 200 120
-3.4975 -4.0098 2.7411 80 200 120
-2.8365 2.9547 0.8585 80 200 120
-0.0630 -0.0206 0.9866 80 200 120
0.2883 -0.0678 0.3120 80 200 120
-2.2512 -1.0368 0.1777 80 200 120
0.3404 -0.0138 0.9674 80 200 120
1.7416 3.6478 -0.2054 80 200 120
0.2198 2.5158 0.3436 80 200 120
1.4436 5.1667 -0.0712 80 200 120
1.9270 3.2348 0.6055 80 200 120
-0.4087 -1.5460 0.7921 80 200 120
-0.6260 -3.0987 0.9737 80 200 120
3.5098 0.3836 1.8839 80 200 120
-0.4127 2.3265 -0.0657 80 200 120
3.5358 -3.8343 1.0572 80 200 120
-0.1156 -2.4291 1.2526 80 200 120
1.1027 -3.9332 2.6660 80 200 120
-3.3339 -2.2666 2.7397 80 200 120
0.5258 -2.0934 1.3251 80 200 120
-3.3620 -3.7682 2.7990 80 200 120
7.5328 -6.9586 4.4807 80 200 120
3.4212 -2.6903 2.7826 80 200 120
3.4562 -1.5091 2.9843 80 200 120
3.3395 0.0845 1.6350 80 200 120
4.0355 14.5474 -3.7568 80 200 120
-0.6044 3.9070 2.3261 80 200 120
3.4755 2.1874 0.1073 80 200 120
-0.1732 2.5562 2.7596 80 200 120
-3.4027 -0.7563 2.8966 80 200 120
-1.0081 4.7763 2.0614 80 200 120
-0.2028 2.7248 2.5780 80 200 120
-2.6151 -1.0705 1.3051 80 200 120
-2.5114 -3.7433 0.6374 80 200 120
3.4948 -3.8511 0.5428 80 200 120
2.6381 -1.9182 0.1328 80 200 120
-3.4530 -5.0365 3.2007 80 200 120
3.2477 -4.0546 0.2052 80 200 120
3.2024 -2.9519 0.2304 80 200 120
-3.4385 2.1625 1.1556 80 200 120
-3.3075 3.2038 0.0179 80 200 120
0.8937 -2.9747 0.6624 80 200 120
2.1340 -3.3738 0.0380 80 200 120
2.4782 -2.3213 0.0137 80 200 120
-0.9118 0.9605 1.1206 80 200 120
-1.9916 2.7442 0.8356 80 200 120
3.1621 -3.4157 0.1530 80 200 120
2.6775 -3.2922 0.0461 80 200 120
-1.2653 1.8464 0.9178 80 200 120
-0.5433 1.8810 0.1207 80 200 120
-0.0155 -0.0338 0.0039 80 200 120
-0.1361 0.5166 0.8729 80 200 120
0.3195 0.3791 0.8813 80 200 120
3.5393 1.2114 0.2946 80 200 120
3.4600 0.9588 0.5711 80 200 120
3.3480 -3.0574 3.1301 80 200 120
3.1236 -5.3634 3.3082 80 200 120
0.2271 -0.0626 1.2314 80 200 120
1.4118 -2.8090 0.0528 80 200 120
-0.6312 2.3020 -0.1972 80 200 120
3.2181 -4.6578 3.1061 80 200 120
0.3186 -0.0257 1.0705 80 200 120
-0.5757 1.6455 -0.0265 80 200 120
3.6341 2.5434 1.8594 80 200 120
3.6421 2.9327 2.2019 80 200 120
-0.1716 0.6552 0.8048 80 200 120
1.6662 -1.0579 0.0348 80 200 120
0.2348 1.3513 0.3787 80 200 120
0.0885 -1.5829 0.1169 80 200 120
0.6237 4.0180 -0.1361 80 200 120
2.2821 -4.4075 0.3741 80 200 120
2.8675 -4.4573 0.2834 80 200 120
1.9204 -4.9764 -0.3805 80 200 120
2.7559 -5.0221 -0.4709 80 200 120
2.6093 -3.4832 0.1373 80 200 120
0.7824 -2.5729 1.6198 80 200 120
-1.8758 -5.0469 1.9282 80 200 120
2.3000 2.6458 0.5925 80 200 120
2.1627 3.0193 0.5349 80 200 120
0.0094 2.2875 2.0136 80 200 120
-1.5439 4.9288 2.3669 80 200 120
-2.4453 -2.2817 1.3852 80 200 120
-3.4589 2.6842 0.0978 80 200 120
-2.8245 -1.6516 1.3197 80 200 120
-3.4831 -2.2980 1.0037 80 200 120
-3.4621 3.2304 -0.0150 80 200 120
-2.6953 -2.7354 1.4051 80 200 120
0.2062 2.6784 2.8746 80 200 120
0.2324 2.4917 3.2338 80 200 120
1.0788 3.2170 3.1575 80 200 120
-2.6720 0.3780 1.0359 80 200 120
-2.5519 -2.1540 1.2992 80 200 120
-3.1857 0.7255 0.8897 80 200 120
-2.3614 -4.8519 2.5074 80 200 120
-0.9863 -1.9684 0.6026 80 200 120
0.9740 -3.1335 0.8758 80 200 120
-1.6303 -5.1548 3.1265 80 200 120
2.0694 -1.3604 0.0372 80 200 120
2.2537 -2.8114 -0.0154 80 200 120
3.3548 -2.4384 0.0335 80 200 120
-3.5683 -1.9223 1.1104 80 200 120
0.3027 -0.0546 0.2431 80 200 120
-2.8608 -1.9249 1.4026 80 200 120
3.0367 -2.4858 0.3299 80 200 120
0.3360 0.0631 0.7766 80 200 120
-2.3275 -1.3056 0.1317 80 200 120
-0.2856 3.1277 0.5267 80 200 120
0.6664 5.1912 -0.0439 80 200 120
1.5232 0.3033 -0.0246 80 200 120
3.0032 0.8001 0.3257 80 200 120
3.5576 1.1417 0.7929 80 200 120
1.6881 3.5352 0.5423 80 200 120
0.3046 -2.6122 0.9695 80 200 120
1.0442 -3.8980 0.0496 80 200 120
1.2658 -5.1883 -0.1004 80 200 120
0.4348 -2.3579 1.1857 80 200 120
2.0259 -4.7773 0.1394 80 200 120
0.1531 2.3722 0.0706 80 200 120
-0.4116 -1.6474 0.1073 80 200 120
-0.4236 -1.6005 0.9179 80 200 120
-0.1188 -2.5818 1.1174 80 200 120
-0.4471 -1.7236 0.5288 80 200 120
-0.4452 -2.0267 1.1170 80 200 120
0.3134 -2.1837 0.0935 80 200 120
-1.4349 -3.9064 0.4257 80 200 120
0.6236 -2.3933 2.0139 80 200 120
-3.4060 -2.7825 2.9026 80 200 120
-2.8098 -3.7002 1.3298 80 200 120
-0.1440 -2.5326 1.2162 80 200 120
-0.6334 -3.4698 0.9235 80 200 120
-0.0480 -2.9488 1.1766 80 200 120
1.4368 4.3461 0.3279 80 200 120
3.5753 1.7299 0.4703 80 200 120
3.3455 4.6380 1.5920 80 200 120
3.7452 1.3488 0.4060 80 200 120
-1.9098 3.5942 2.7906 80 200 120
0.6348 4.7501 1.0412 80 200 120
3.4537 -0.9963 2.4346 80 200 120
3.3918 -1.6875 3.1445 80 200 120
1.8651 3.1845 0.4865 80 200 120
3.3468 -3.0671 3.1320 80 200 120
-2.7268 -5.0407 2.1992 80 200 120
-1.1714 -4.3923 3.0313 80 200 120
-2.7987 1.3061 0.8028 80 200 120
-2.5902 -1.9247 1.5100 80 200 120
-1.9958 -4.8666 3.1413 80 200 120
-3.0168 -4.9495 2.5285 80 200 120
-1.6048 -3.7522 3.2266 80 200 120
0.1941 1.6112 3.2129 80 200 120
-2.3126 -2.1778 0.1328 80 200 120
3.3500 -2.0623 0.1875 80 200 120
-2.7559 -4.8550 3.2086 80 200 120
-0.9757 1.1037 0.9632 80 200 120
2.2480 -4.2118 -0.0233 80 200 120
3.6904 -0.2491 0.2785 80 200 120
0.1302 -0.0652 0.0312 80 200 120
3.2969 3.1267 2.6425 80 200 120
-2.2906 -1.5736 0.1106 80 200 120
2.4660 0.4221 0.5564 80 200 120
1.4259 0.5537 0.0333 80 200 120
0.2227 2.5073 0.2376 80 200 120
0.3448 0.3656 0.8981 80 200 120
3.3576 1.8062 0.0118 80 200 120
-0.1194 0.0283 0.9193 80 200 120
0.2624 -2.2314 0.7993 80 200 120
0.8710 -3.1029 0.2178 80 200 120
3.4077 2.6735 1.5726 80 200 120
2.9028 -4.2155 2.9911 80 200 120
0.2708 -2.9607 1.1724 80 200 120
1.7966 -0.5151 3.1905 80 200 120
-3.7259 -6.0984 1.7025 80 200 120
3.4915 -0.4708 3.1410 80 200 120
1.9847 -4.8808 1.2061 80 200 120
-3.2733 -3.6111 2.2379 80 200 120
-0.3528 3.1421 1.4738 80 200 120
2.8345 3.4978 0.1413 80 200 120
2.7733 2.0149 0.5378 80 200 120
2.8206 2.5629 0.4217 80 200 120
-1.4367 5.4750 1.6192 80 200 120
-0.3833 -3.5413 3.2301 80 200 120
-1.6579 -5.1828 2.8526 80 200 120
-2.8877 1.9231 0.7759 80 200 120
-0.1507 2.3836 3.1373 80 200 120
-2.3700 -1.1856 1.1648 80 200 120
-1.8220 5.9284 2.3792 80 200 120
-0.8407 4.3225 2.5111 80 200 120
-0.8811 4.2093 2.1472 80 200 120
-2.3249 0.6837 1.0858 80 200 120
-2.5356 0.3044 0.9940 80 200 120
-2.6646 -1.0530 1.0944 80 200 120
-3.0254 -0.7936 1.2098 80 200 120
-0.7178 3.0895 1.8871 80 200 120
0.2406 2.3264 3.1700 80 200 120
-2.6022 -1.5397 1.3234 80 200 120
-2.7291 -1.8911 1.2578 80 200 120
0.1118 -1.6007 0.1884 80 200 120
-0.3895 -1.6089 0.2180 80 200 120
-0.0918 -1.6437 0.3763 80 200 120
-0.0560 -0.0141 1.0534 80 200 120
-2.4982 1.5145 0.9716 80 200 120
-2.0626 -1.6200 1.5152 80 200 120
-2.0489 -3.2629 0.2522 80 200 120
-3.1403 1.3316 0.7161 80 200 120
-2.1264 -1.3725 1.5031 80 200 120
-2.9155 1.7998 1.3175 80 200 120
0.3212 -0.0217 1.0630 80 200 120
-0.3107 0.8961 0.6535 80 200 120
-0.5970 1.0886 1.0077 80 200 120
0.3008 -2.4487 0.9026 80 200 120
-0.0626 -0.0196 0.5055 80 200 120
0.2911 -0.0155 0.1253 80 200 120
2.9137 3.9115 2.9406 80 200 120
-2.8024 -1.0284 1.2763 80 200 120
-0.2067 2.7605 0.6187 80 200 120
-2.9227 -0.9387 0.3569 80 200 120
3.5413 2.0741 0.4480 80 200 120
3.4591 1.5819 0.6216 80 200 120
3.4958 1.3695 0.8439 80 200 120
3.5259 1.1748 1.2163 80 200 120
3.5076 1.7514 0.2853 80 200 120
3.5350 0.9308 1.1564 80 200 120
3.4195 1.7124 0.8712 80 200 120
3.5463 1.3381 0.5061 80 200 120
0.3265 0.3864 0.6412 80 200 120
0.3356 -2.5651 0.3004 80 200 120
0.3443 0.6350 0.8496 80 200 120
0.3723 0.2288 0.0467 80 200 120
0.7289 -2.3044 0.1114 80 200 120
1.6109 3.3407 0.3966 80 200 120
2.9549 -1.5809 0.6558 80 200 120
3.5127 3.8552 0.5073 80 200 120
-1.6322 -4.6425 0.7808 80 200 120
-2.0583 -4.9649 1.1968 80 200 120
0.4910 -4.4957 0.2366 80 200 120
-0.5940 -3.2575 0.9804 80 200 120
3.2284 4.5493 2.1073 80 200 120
-1.9493 3.7531 2.5432 80 200 120
3.6550 -2.7004 3.2361 80 200 120
-0.0068 2.3727 1.9926 80 200 120
2.4254 4.4969 0.7775 80 200 120
3.4341 1.5766 1.1102 80 200 120
1.7721 2.8940 0.5786 80 200 120
3.4195 -3.1246 3.1662 80 200 120
1.4036 3.0537 0.7313 80 200 120
-3.2423 -3.7368 1.3234 80 200 120
-2.5083 -4.7001 3.1532 80 200 120
-2.6680 1.2055 0.5580 80 200 120
1.0926 -2.2838 -0.0292 80 200 120
0.5919 -1.1271 -0.0339 80 200 120
0.2323 -1.1409 -0.0245 80 200 120
1.0585 -1.7631 -0.0354 80 200 120
3.5132 -4.0136 1.1214 80 200 120
-1.8813 2.3394 0.5783 80 200 120
1.9397 -1.7225 -0.0080 80 200 120
-0.3300 0.6114 0.6062 80 200 120
2.1196 -1.3427 0.0314 80 200 120
0.3045 -0.0646 0.1706 80 200 120
-3.7646 4.4385 -0.0358 80 200 120
-0.7429 -2.3767 0.7939 80 200 120
0.3054 -2.0709 0.9101 80 200 120
-0.8205 3.0217 -0.3602 80 200 120
-0.5719 1.9766 0.0416 80 200 120
0.2799 -2.6964 0.9204 80 200 120
0.3432 0.3154 1.0105 80 200 120
0.4389 -2.6851 1.0710 80 200 120
3.4069 2.3264 1.8842 80 200 120
3.1987 2.4843 2.1895 80 200 120
0.2290 -2.4387 0.8715 80 200 120
-0.3769 -1.6079 0.1757 80 200 120
0.1551 -0.0418 0.0192 80 200 120
1.0686 3.9066 0.0724 80 200 120
0.2508 -2.9092 0.9299 80 200 120
3.1187 -4.6443 0.1766 80 200 120
1.6473 -4.8206 1.0084 80 200 120
1.1942 -4.4678 0.2286 80 200 120
1.8387 -4.6483 -0.2346 80 200 120
1.8069 3.2222 0.7810 80 200 120
3.4181 1.6010 0.5486 80 200 120
-8.7527 11.3409 4.5408 80 200 120
2.6466 3.2122 0.2905 80 200 120
3.7467 2.3679 -0.1331 80 200 120
4.4664 3.7805 -0.6544 80 200 120
4.3440 4.3953 -0.6983 80 200 120
3.3386 -2.6350 2.7551 80 200 120
-1.8317 -2.1446 1.4134 80 200 120
-1.5723 5.1862 2.3460 80 200 120
-2.2838 0.4053 1.2280 80 200 120
0.0419 -1.6565 0.7222 80 200 120
-0.3579 -1.5591 0.1608 80 200 120
-0.4490 0.8220 1.1930 80 200 120
0.2793 -3.1635 1.0482 80 200 120
0.3274 0.1804 0.9860 80 200 120
0.3160 0.5519 0.8196 80 200 120
3.3902 2.2256 0.3194 80 200 120
3.2655 2.3951 -0.0104 80 200 120
2.5401 0.6282 0.3633 80 200 120
1.3283 0.7415 0.0683 80 200 120
1.3433 1.6883 -0.0480 80 200 120
2.0045 0.8419 -0.0431 80 200 120
0.2124 -3.4815 -0.9338 80 200 120
0.2865 0.7428 0.9061 80 200 120
-0.4018 -1.6658 0.5726 80 200 120
3.2502 -3.0829 3.0912 80 200 120
-2.8612 -4.5493 1.3335 80 200 120
3.5052 -3.0179 0.5137 80 200 120
2.8591 -4.7853 0.2122 80 200 120
2.4941 -4.7000 0.1212 80 200 120
1.4717 -4.6249 -0.1691 80 200 120
-2.1911 4.2782 2.9919 80 200 120
3.4967 3.7238 0.6249 80 200 120
3.4481 1.3846 0.8419 80 200 120
3.5310 4.0248 0.0278 80 200 120
-2.7513 -4.8316 1.7088 80 200 120
-0.6691 -4.4225 3.0190 80 200 120
-2.8148 -2.5142 0.8359 80 200 120
-3.4654 -0.8131 0.0567 80 200 120
-3.2776 2.1938 0.6345 80 200 120
-3.2944 3.2981 0.1753 80 200 120
-0.9952 4.0871 1.8141 80 200 120
-3.8053 -5.2399 1.5994 80 200 120
-0.4910 -2.7794 3.3177 80 200 120
-3.4223 -0.0730 0.7550 80 200 120
0.6043 4.7299 3.1862 80 200 120
-3.0180 1.0076 0.7987 80 200 120
-1.8505 -4.8206 2.5371 80 200 120
-2.2407 -1.3824 0.9828 80 200 120
-3.2721 4.7443 1.2362 80 200 120
-2.1154 0.8796 0.8179 80 200 120
-2.1217 -3.7579 0.2890 80 200 120
2.9193 -1.9273 0.7134 80 200 120
2.5458 -1.9171 0.6050 80 200 120
-0.3997 1.5153 0.4184 80 200 120
0.3289 -0.0454 1.1428 80 200 120
-2.2954 1.4432 0.2824 80 200 120
-0.0685 -0.0041 1.0463 80 200 120
-0.2648 0.8364 0.6916 80 200 120
-2.9742 2.9842 0.1950 80 200 120
2.8945 -1.7595 0.5098 80 200 120
2.4274 -1.2587 0.2325 80 200 120
0.3642 0.1968 0.0577 80 200 120
2.6773 -0.3300 -0.3411 80 200 120
-3.2244 -2.3004 -0.5991 80 200 120
2.0568 1.0372 0.0181 80 200 120
0.8984 1.8050 0.2247 80 200 120
1.3284 3.4513 0.6261 80 200 120
-0.0627 2.2247 0.1440 80 200 120
0.3673 0.3376 0.6741 80 200 120
2.8794 -0.6375 0.6529 80 200 120
0.2090 1.9697 0.3456 80 200 120
1.1758 4.8244 -0.3548 80 200 120
0.2934 -1.7759 1.0779 80 200 120
0.2794 -3.0994 1.0406 80 200 120
-0.4649 -4.7443 2.1959 80 200 120
3.5259 -3.3704 1.7814 80 200 120
3.6167 3.5939 2.7126 80 200 120
3.1953 3.2420 3.0460 80 200 120
1.1069 2.4210 3.1422 80 200 120
3.4925 2.4159 1.9398 80 200 120
1.8516 4.0776 -0.0711 80 200 120
2.8966 4.0416 0.4540 80 200 120
3.6005 2.2919 0.0058 80 200 120
2.1922 4.3242 0.1396 80 200 120
1.8906 4.7527 0.1778 80 200 120
-3.2738 0.7651 3.0927 80 200 120
0.0855 -3.5816 3.2853 80 200 120
-2.7126 -3.5701 1.1909 80 200 120
-0.6299 -6.8144 4.0881 80 200 120
-3.7013 2.5897 -0.1299 80 200 120
-3.3302 3.9963 0.2433 80 200 120
0.3426 -1.6292 0.3664 80 200 120
0.3715 -1.4656 0.0598 80 200 120
-2.8375 -1.7860 1.2966 80 200 120
-0.5287 0.9621 1.0999 80 200 120
-0.0861 -0.0125 0.8115 80 200 120
1.4402 -5.2359 -0.0813 80 200 120
1.1145 -3.5738 0.3147 80 200 120
2.1677 -0.6487 0.2161 80 200 120
3.2160 -1.5771 0.2605 80 200 120
2.3847 -0.2455 -0.0566 80 200 120
-2.5975 -1.0483 0.0755 80 200 120
0.3387 -0.1600 1.9749 80 200 120
-0.4212 -1.5762 0.1771 80 200 120
-2.2450 -2.1836 0.1285 80 200 120
0.3246 -1.9500 0.2535 80 200 120
-0.4582 -1.7023 0.5222 80 200 120
2.3046 0.5079 0.2182 80 200 120
1.3789 0.4217 -0.0480 80 200 120
1.8160 1.4156 -0.0644 80 200 120
1.6500 0.9257 -0.0402 80 200 120
1.8453 0.6045 -0.0065 80 200 120
1.3185 -0.3298 0.0535 80 200 120
0.3287 0.1172 1.1768 80 200 120
0.3069 -2.2845 1.1519 80 200 120
0.2320 -2.2999 0.9663 80 200 120
0.3607 -3.4869 -0.4937 80 200 120
2.5137 -1.0173 0.5597 80 200 120
2.4431 -3.4958 2.8152 80 200 120
0.3163 -0.0167 1.1263 80 200 120
-0.1490 0.8427 0.8753 80 200 120
1.1912 -4.6203 0.1626 80 200 120
0.1741 -4.8158 0.3717 80 200 120
-1.4663 -5.1864 2.8246 80 200 120
-0.8392 -5.1446 2.9379 80 200 120
3.3106 1.1359 0.5942 80 200 120
-0.0972 2.6792 2.0212 80 200 120
-2.1398 1.1338 3.2207 80 200 120
-3.0553 2.9225 0.2950 80 200 120
-2.2007 -2.2512 1.3408 80 200 120
-1.1527 5.6038 2.6279 80 200 120
-2.6819 -3.8186 1.4884 80 200 120
-3.1103 2.5541 0.2569 80 200 120
-3.0520 2.0024 0.7328 80 200 120
-1.9443 -1.0246 1.5519 80 200 120
-3.4194 -0.0144 0.3890 80 200 120
0.1035 4.2840 3.2204 80 200 120
-0.1511 0.8469 0.8738 80 200 120
0.2604 -4.0121 0.6299 80 200 120
0.3322 -1.7389 0.6434 80 200 120
3.3775 -3.7140 0.6010 80 200 120
0.8889 -3.0348 0.0242 80 200 120
-3.5901 0.7006 0.6418 80 200 120
3.3170 4.6016 3.0716 80 200 120
1.8302 0.2074 -0.0118 80 200 120
0.7462 1.1818 -0.0862 80 200 120
0.7271 5.3815 -0.0993 80 200 120
3.6060 2.5367 1.8684 80 200 120
0.2755 0.8146 0.8694 80 200 120
0.3702 1.3633 0.0945 80 200 120
0.3313 0.2000 1.2332 80 200 120
3.4772 -4.7637 2.5175 80 200 120
3.4997 4.8674 1.7499 80 200 120
0.3730 0.4619 0.1799 80 200 120
1.6063 -4.9152 1.8785 80 200 120
1.6783 -4.1672 0.0503 80 200 120
3.3204 -2.8615 0.5945 80 200 120
-3.4641 -3.8790 2.2027 80 200 120
-3.1104 -4.5072 1.7591 80 200 120
-2.7709 -4.9063 1.6881 80 200 120
1.1180 3.7007 0.6789 80 200 120
2.4268 2.8771 0.4934 80 200 120
3.3641 2.5890 0.1266 80 200 120
1.0115 1.6492 1.3037 80 200 120
-0.1427 -3.2826 2.7975 80 200 120
-2.3610 -5.1990 1.8725 80 200 120
-2.9161 -1.1513 0.6958 80 200 120
-3.8297 1.7180 0.4789 80 200 120
-1.9623 -1.4044 1.5477 80 200 120
-2.4675 -1.8846 1.3971 80 200 120
-2.2157 -2.8937 0.1036 80 200 120
-0.6453 -1.7499 0.8197 80 200 120
2.4574 -1.8719 0.6968 80 200 120
3.2606 -2.6125 0.1774 80 200 120
-3.8130 2.6815 -0.2112 80 200 120
-2.9792 -1.6797 1.2710 80 200 120
-3.1889 -2.2037 1.1533 80 200 120
0.3155 0.0759 1.1470 80 200 120
-2.9992 -4.9645 2.5467 80 200 120
-1.3014 1.2632 1.0221 80 200 120
2.0197 -4.8573 0.1419 80 200 120
-3.4365 2.1655 1.2054 80 200 120
-2.8150 2.4284 0.2920 80 200 120
-3.3424 1.7067 0.8273 80 200 120
-2.4348 -2.6872 0.1502 80 200 120
-2.6797 -2.4306 0.4528 80 200 120
0.3671 0.2300 0.0135 80 200 120
2.4447 -0.1108 0.6392 80 200 120
-2.9026 -1.0281 1.2672 80 200 120
0.3746 -3.9123 0.4957 80 200 120
0.3059 -2.7157 0.9656 80 200 120
0.2563 -2.1100 1.0751 80 200 120
3.6191 2.9532 1.4584 80 200 120
0.2602 -2.9915 1.1443 80 200 120
-0.6358 5.2096 -1.9410 80 200 120
-0.1740 -0.9576 0.0575 80 200 120
0.1463 -0.0653 0.0119 80 200 120
3.0632 -2.9206 3.0396 80 200 120
0.3773 0.2605 -0.0535 80 200 120
2.8098 -4.0528 2.9338 80 200 120
3.4371 0.4550 2.1289 80 200 120
2.6891 3.4848 3.2559 80 200 120
3.2818 2.4389 3.0797 80 200 120
1.7127 2.7341 3.2005 80 200 120
2.1398 4.2663 2.9675 80 200 120
2.4921 3.7908 3.0324 80 200 120
0.5917 3.4637 2.9537 80 200 120
1.2575 2.9730 3.0436 80 200 120
3.3172 4.4917 2.7980 80 200 120
0.8168 2.3840 3.2472 80 200 120
2.9554 2.4924 3.1509 80 200 120
1.5540 3.8421 2.9987 80 200 120
0.4923 4.1056 2.5474 80 200 120
1.0681 1.5242 3.2177 80 200 120
3.1589 4.1371 3.1144 80 200 120
0.3245 2.5726 3.1505 80 200 120
2.1168 4.4485 2.0124 80 200 120
1.9059 3.4401 3.1065 80 200 120
3.4971 2.9262 2.8916 80 200 120
2.1612 3.2967 3.1479 80 200 120
2.2824 1.6666 3.1995 80 200 120
3.3007 5.0943 2.6503 80 200 120
2.8942 2.0929 3.2049 80 200 120
1.9044 1.5475 3.2352 80 200 120
0.9136 2.7700 3.1071 80 200 120
1.0592 3.8934 2.9289 80 200 120
2.4210 2.4681 3.2663 80 200 120
1.2806 2.1530 3.1627 80 200 120
1.4744 0.6368 3.2263 80 200 120
2.2476 2.7930 3.2718 80 200 120
1.5363 0.7464 3.2214 80 200 120
1.4453 1.3484 3.2324 80 200 120
1.5822 0.9999 3.1802 80 200 120
3.5010 2.1362 3.0526 80 200 120
1.6144 0.2740 3.2087 80 200 120
1.0207 4.3649 1.9938 80 200 120
1.5519 4.9548 1.9662 80 200 120
2.5350 4.5135 2.7586 80 200 120
0.9908 2.1669 3.2265 80 200 120
-1.1403 4.1681 1.3022 80 200 120
-1.4538 4.6042 2.3705 80 200 120
-3.0298 -2.5844 1.1200 80 200 120
-5.2119 -1.8376 0.5625 80 200 120
-2.5873 -1.4957 0.8162 80 200 120
-3.0616 -5.2388 1.7218 80 200 120
-0.3658 3.5550 2.9853 80 200 120
0.2437 -1.5587 0.0843 80 200 120
-0.2007 0.9989 0.7605 80 200 120
-2.0537 1.7700 0.7746 80 200 120
-1.5401 -4.9831 3.0953 80 200 120
0.3162 1.2160 0.1459 80 200 120
-0.1067 0.0767 0.9434 80 200 120
2.3302 -1.1420 0.3452 80 200 120
-0.6118 -1.8058 0.4477 80 200 120
-2.7576 -1.2558 1.3339 80 200 120
-0.6236 -1.8246 0.6666 80 200 120
2.5803 -0.5152 0.5001 80 200 120
2.4344 0.3001 -0.0451 80 200 120
1.8909 0.0440 0.0309 80 200 120
0.0184 0.4659 1.2025 80 200 120
0.4484 2.6493 0.2725 80 200 120
3.3650 -2.8502 0.1252 80 200 120
0.3918 -4.2027 0.4045 80 200 120
0.2534 -3.7045 0.8137 80 200 120
2.2685 -4.5386 -0.1220 80 200 120
1.7181 -4.7841 0.1986 80 200 120
2.7059 4.5905 2.2922 80 200 120
1.5705 5.1268 2.4592 80 200 120
1.5569 1.7428 3.2489 80 200 120
3.4848 3.5536 1.9809 80 200 120
2.3343 6.9950 -0.7144 80 200 120
-2.6485 3.4731 2.9997 80 200 120
-4.3699 5.3437 2.7892 80 200 120
-1.2367 4.8963 1.6919 80 200 120
-2.5263 2.4463 2.9202 80 200 120
-3.4981 0.6490 0.7104 80 200 120
-4.6890 5.6119 -0.4927 80 200 120
-0.0411 3.2106 2.7290 80 200 120
0.1677 -2.7814 2.9872 80 200 120
-1.4151 -1.8121 3.2139 80 200 120
-3.6384 -0.5093 0.5703 80 200 120
-3.2424 3.5692 1.0978 80 200 120
-2.8557 -4.5173 1.2928 80 200 120
-3.1219 1.3263 0.9222 80 200 120
-2.0314 -5.3172 2.1341 80 200 120
2.7843 -1.9943 0.0284 80 200 120
-1.3392 -4.9277 2.7609 80 200 120
0.3632 0.1336 0.7428 80 200 120
2.4461 -0.5785 -0.0939 80 200 120
2.5692 -4.8576 0.0872 80 200 120
3.0666 -0.2368 -0.7791 80 200 120
3.0106 -1.8124 0.4262 80 200 120
-2.0573 -2.8013 0.2536 80 200 120
-2.3919 -1.8827 0.0397 80 200 120
-3.2618 -2.7925 0.1355 80 200 120
-2.5153 -1.5143 1.4055 80 200 120
3.1040 4.2400 2.9774 80 200 120
3.4304 3.5219 3.0971 80 200 120
-0.2691 3.3855 -0.6590 80 200 120
0.4056 0.4471 1.5921 80 200 120
0.7961 -2.6095 0.0962 80 200 120
0.3666 -2.5290 0.3886 80 200 120
3.2109 -4.4809 -0.0884 80 200 120
3.4288 2.6838 2.2017 80 200 120
-0.4284 -0.4431 0.0247 80 200 120
0.3031 -1.6488 1.2134 80 200 120
0.3069 -1.8018 1.2114 80 200 120
-0.6815 -1.8487 0.2347 80 200 120
3.5040 0.2053 2.7803 80 200 120
-0.6664 -4.3868 0.9108 80 200 120
0.8153 -2.6155 2.8349 80 200 120
3.6040 -2.9290 0.7268 80 200 120
1.0553 -3.9520 1.3939 80 200 120
1.3784 -4.2304 0.0853 80 200 120
0.5218 3.1019 3.0848 80 200 120
1.1749 1.2058 1.2499 80 200 120
3.4011 1.1887 0.5591 80 200 120
0.1357 3.4390 2.1541 80 200 120
-2.8539 5.3090 2.6180 80 200 120
0.4220 5.1095 2.0631 80 200 120
0.3644 -4.7819 3.5431 80 200 120
-0.3025 -6.1323 3.4295 80 200 120
-2.6540 -1.1376 1.4765 80 200 120
-1.6205 -3.3168 1.9358 80 200 120
-2.3653 0.6367 1.0752 80 200 120
-2.3879 -2.0436 1.2870 80 200 120
-2.8558 -2.2483 1.4651 80 200 120
-4.8011 3.5664 -0.7990 80 200 120
2.9940 -2.1696 0.3351 80 200 120
-1.2153 0.9706 0.6400 80 200 120
-1.2096 0.9614 0.3672 80 200 120
0.4842 -4.5079 3.0647 80 200 120
0.3288 -0.1108 1.2432 80 200 120
0.3403 0.8285 0.5244 80 200 120
-2.6046 -4.3322 0.4599 80 200 120
-0.2708 2.7441 0.3476 80 200 120
2.3125 -0.3782 0.0003 80 200 120
0.2562 -0.0021 1.6880 80 200 120
4.0623 4.7470 1.0046 80 200 120
0.3716 0.3025 0.3679 80 200 120
0.3703 0.4748 0.5455 80 200 120
3.2931 -4.7705 3.1233 80 200 120
3.5875 -3.3620 3.2032 80 200 120
3.4215 0.7539 2.5333 80 200 120
3.4838 0.4764 2.1144 80 200 120
2.7018 -1.4899 3.2033 80 200 120
1.1288 -4.1615 1.6898 80 200 120
0.5928 2.3649 3.1929 80 200 120
2.9300 4.7795 1.1362 80 200 120
1.9014 1.8966 0.9685 80 200 120
1.3240 2.2321 1.0603 80 200 120
3.4533 1.9477 1.4555 80 200 120
1.8934 3.0830 0.6660 80 200 120
-3.1557 -1.4161 1.1167 80 200 120
-4.1002 0.0966 0.0091 80 200 120
-2.9831 -1.5802 0.6255 80 200 120
-2.8178 -2.6551 1.1134 80 200 120
0.3273 -1.7953 0.8679 80 200 120
-2.2901 -4.9230 1.6822 80 200 120
-2.5421 -2.4363 0.2694 80 200 120
-2.2336 -2.6322 0.1158 80 200 120
-2.4852 -4.1036 1.2554 80 200 120
-3.0685 0.4830 0.8645 80 200 120
-2.7454 -3.5422 1.4472 80 200 120
-3.1237 1.3190 0.6945 80 200 120
-1.8140 1.4073 0.6404 80 200 120
-3.6848 5.3420 -0.2037 80 200 120
-3.4919 2.5658 1.0841 80 200 120
-2.8482 -2.5327 0.3847 80 200 120
-0.0695 0.0183 0.4023 80 200 120
-0.5484 -1.7995 1.0602 80 200 120
3.5405 -0.4201 1.4279 80 200 120
3.5410 -0.8261 1.1584 80 200 120
2.6779 -1.2781 0.5024 80 200 120
1.7384 0.7837 -0.0634 80 200 120
1.7005 2.0057 -0.2114 80 200 120
2.6716 -1.3457 0.1763 80 200 120
2.4964 -0.5932 0.5562 80 200 120
2.1745 0.4962 -0.0598 80 200 120
3.0338 -0.9685 0.6820 80 200 120
2.3176 -0.5720 0.0461 80 200 120
2.4725 -0.8153 0.5710 80 200 120
2.7583 -1.1785 0.6447 80 200 120
2.5615 -0.0359 0.5121 80 200 120
2.1493 -0.7559 -0.0155 80 200 120
3.5453 -0.8200 0.8481 80 200 120
2.6212 1.3041 -0.0154 80 200 120
0.2498 1.5108 0.6199 80 200 120
0.3258 0.1820 1.2239 80 200 120
-0.0855 -1.3508 0.0072 80 200 120
0.2803 0.1160 0.9507 80 200 120
1.5628 7.1964 -0.7778 80 200 120
0.2625 0.4120 0.8179 80 200 120
-0.5594 -4.9924 3.1687 80 200 120
0.5105 -1.0543 2.3483 80 200 120
0.0666 -3.0771 3.0701 80 200 120
0.1280 -3.8083 3.2812 80 200 120
0.3690 -3.3618 3.0576 80 200 120
3.4569 -4.8152 0.4349 80 200 120
1.1501 -3.2753 2.9913 80 200 120
0.4133 -4.3498 3.0149 80 200 120
0.4678 -2.5936 2.2774 80 200 120
0.0501 -4.5508 2.4381 80 200 120
0.1016 3.3617 2.6382 80 200 120
3.3111 3.5857 1.2404 80 200 120
3.4461 2.5892 2.4449 80 200 120
3.4765 2.2620 2.7074 80 200 120
3.5556 4.6201 2.5133 80 200 120
3.5319 1.1445 2.9133 80 200 120
0.8310 2.7861 0.6935 80 200 120
3.3894 3.2969 0.0078 80 200 120
-4.7939 5.9061 2.8371 80 200 120
3.1909 4.2838 1.7034 80 200 120
-4.8397 5.1745 3.4826 80 200 120
1.5372 4.8982 -0.0123 80 200 120
-3.4036 2.3606 1.9841 80 200 120
-3.4653 2.6548 2.1215 80 200 120
-3.3714 3.7816 3.1887 80 200 120
-3.5390 0.3433 1.8898 80 200 120
-0.9222 0.7898 3.2073 80 200 120
-3.6895 2.0124 1.3781 80 200 120
-0.6218 -4.4470 2.7986 80 200 120
-0.3432 -4.2904 3.0199 80 200 120
-0.6445 -2.1638 3.1308 80 200 120
-2.2429 0.5612 1.1193 80 200 120
-2.4146 4.7869 3.0234 80 200 120
-2.8149 -4.4372 1.3020 80 200 120
-2.6219 -2.5698 1.4972 80 200 120
-2.4075 -3.3070 1.4305 80 200 120
-3.2893 -5.5937 1.5970 80 200 120
0.4872 -3.5738 3.2216 80 200 120
-2.3921 -2.9535 1.5964 80 200 120
-2.7798 -4.0794 1.4160 80 200 120
-2.4865 -4.9682 2.1625 80 200 120
-2.7035 -2.5231 0.8746 80 200 120
-2.3668 -3.0731 1.2895 80 200 120
-2.3584 -2.7176 1.0604 80 200 120
-2.7846 -2.5186 0.4807 80 200 120
-2.4757 -2.6831 0.6319 80 200 120
-0.2831 -1.0315 -0.0457 80 200 120
-2.4449 -1.6897 -0.0592 80 200 120
-2.4875 -2.7241 0.3758 80 200 120
-1.8256 -4.8857 2.1652 80 200 120
0.0430 -1.3596 0.0477 80 200 120
3.0483 -2.5413 0.3263 80 200 120
2.8007 -2.0444 0.5105 80 200 120
2.7955 -2.0069 -0.0060 80 200 120
2.1873 -0.6903 0.2007 80 200 120
0.3431 0.2156 0.5348 80 200 120
3.2548 -3.4840 0.1802 80 200 120
3.0240 -1.8228 0.4287 80 200 120
2.2021 -0.4264 0.1887 80 200 120
-1.2091 4.9364 1.7176 80 200 120
-3.3474 1.6400 1.3528 80 200 120
-0.8548 -0.6601 -0.0563 80 200 120
-2.2306 -2.5728 0.1674 80 200 120
0.4401 -2.4741 -0.0239 80 200 120
3.5299 -1.3169 1.4852 80 200 120
2.8570 -2.0294 0.1960 80 200 120
3.2010 -2.5475 -0.0610 80 200 120
2.2502 0.6933 0.0230 80 200 120
2.5718 0.2872 0.2417 80 200 120
2.2249 -1.4084 -0.0687 80 200 120
2.4492 -1.0291 -0.0994 80 200 120
2.5757 -1.8110 -0.1063 80 200 120
1.8485 -0.1476 -0.1541 80 200 120
2.9783 2.8964 -0.2519 80 200 120
2.8860 -1.8347 0.5062 80 200 120
3.4444 -2.1922 0.5098 80 200 120
2.6423 -0.1509 0.5208 80 200 120
-0.1814 1.9318 0.4558 80 200 120
-0.6077 2.3704 0.0938 80 200 120
0.2830 -3.4356 0.8158 80 200 120
0.3623 0.8337 1.5639 80 200 120
-0.3378 -1.5805 0.1389 80 200 120
3.5310 3.4541 2.6797 80 200 120
0.2952 -2.5383 -0.0084 80 200 120
0.5354 -0.0713 1.9323 80 200 120
0.0602 5.0632 -0.6485 80 200 120
-0.0440 -0.0426 0.7927 80 200 120
-1.4789 -4.8328 3.0860 80 200 120
-1.0565 -4.8812 3.1493 80 200 120
2.4155 -5.0019 1.1034 80 200 120
2.9648 -5.0808 1.3005 80 200 120
1.5653 -3.6489 2.9181 80 200 120
-2.2839 -4.9951 2.6815 80 200 120
3.4597 -3.8019 0.5110 80 200 120
2.0999 -4.9148 0.0962 80 200 120
3.4625 -4.9207 0.9737 80 200 120
2.0510 -4.9267 2.7784 80 200 120
-0.8588 -3.9812 3.2232 80 200 120
1.2884 -4.4813 2.4123 80 200 120
0.0452 -5.0389 2.7740 80 200 120
0.0022 2.7658 2.9466 80 200 120
3.4151 1.8884 3.1399 80 200 120
3.4210 0.8622 3.1113 80 200 120
3.5589 0.7774 2.6651 80 200 120
4.5361 6.6102 0.3432 80 200 120
3.4647 0.5996 2.1059 80 200 120
3.5343 1.0242 2.2312 80 200 120
-3.0581 4.7679 1.7897 80 200 120
2.1438 2.3347 0.7708 80 200 120
1.9035 4.2822 0.2401 80 200 120
3.3148 2.5480 1.5848 80 200 120
-0.4507 4.0408 1.2752 80 200 120
0.5759 4.6187 2.6104 80 200 120
-3.4145 2.0871 2.7163 80 200 120
-1.9916 2.0468 3.2470 80 200 120
-3.2072 1.9997 3.1820 80 200 120
-3.3967 2.8933 1.5798 80 200 120
-3.2827 3.1188 2.8569 80 200 120
-2.9163 -4.0699 1.5187 80 200 120
-3.4734 5.1388 1.2165 80 200 120
-2.9767 0.4662 0.9059 80 200 120
-2.4661 -1.4454 0.8570 80 200 120
-3.3850 2.1870 1.2294 80 200 120
-2.2925 -1.0650 1.2050 80 200 120
-2.4499 -3.5201 1.0823 80 200 120
-1.6776 -5.1254 2.8508 80 200 120
-2.4639 -2.7660 1.4891 80 200 120
-3.4486 4.2516 2.6300 80 200 120
-1.8521 -5.0026 2.1788 80 200 120
-2.8945 -3.1679 1.5395 80 200 120
-2.6056 -2.6655 1.3823 80 200 120
-0.1882 -1.2603 0.0215 80 200 120
-3.5823 -3.9091 2.1210 80 200 120
-2.8306 -2.3407 1.2241 80 200 120
-2.5036 -1.4390 0.8554 80 200 120
-2.4171 -1.3268 0.7446 80 200 120
-0.0409 -1.5883 0.2940 80 200 120
-0.5214 -1.6383 0.7886 80 200 120
1.0867 -1.4573 -0.0605 80 200 120
-1.9396 -2.1590 -0.0014 80 200 120
-0.2326 -1.6373 0.6082 80 200 120
-0.4074 -0.4517 -0.0098 80 200 120
-2.8574 -1.1497 0.2703 80 200 120
-0.5403 -1.3161 0.1901 80 200 120
-0.0336 -1.6354 0.6739 80 200 120
-3.6064 0.7424 0.6203 80 200 120
2.3654 -1.1750 0.3666 80 200 120
-2.7259 -1.0387 1.2952 80 200 120
-2.9135 -4.5094 3.0719 80 200 120
-2.6920 -1.3304 1.3240 80 200 120
2.6115 -1.4026 0.6629 80 200 120
-1.6091 -5.1060 3.1419 80 200 120
1.3816 -4.6721 0.2187 80 200 120
0.3592 0.3753 0.9590 80 200 120
1.2952 -4.6332 3.1024 80 200 120
-1.2667 3.9172 0.9159 80 200 120
-2.8232 1.3578 0.4532 80 200 120
-2.7398 1.1144 0.0246 80 200 120
-2.7700 0.4114 0.0513 80 200 120
-2.0054 3.8854 0.4598 80 200 120
-2.5134 1.3143 -0.0893 80 200 120
-2.1465 0.2940 -0.0400 80 200 120
-2.8858 -0.0532 -0.0623 80 200 120
-2.4545 4.9365 1.1619 80 200 120
1.0072 4.6360 -0.1297 80 200 120
-1.4762 1.2026 0.5770 80 200 120
1.8129 5.5872 -0.2930 80 200 120
-3.4208 0.6605 0.1664 80 200 120
-0.6564 3.0287 0.4523 80 200 120
1.3987 0.6622 -0.1594 80 200 120
1.1166 1.0048 -0.1753 80 200 120
1.0581 3.5545 -0.1482 80 200 120
-1.8785 -3.0746 0.3886 80 200 120
-2.9723 -2.1023 1.2497 80 200 120
-2.8318 3.1439 2.9982 80 200 120
2.4922 -3.0405 -0.0490 80 200 120
3.3392 -4.1137 0.0974 80 200 120
3.5967 -3.8970 0.3673 80 200 120
-0.2316 1.0671 0.7496 80 200 120
0.8164 -2.7183 0.3159 80 200 120
-0.0180 -0.0715 0.5471 80 200 120
0.3196 -2.1739 1.2193 80 200 120
-0.0438 -0.0145 1.0988 80 200 120
0.3626 -0.2024 1.3796 80 200 120
0.2493 -3.2172 0.7132 80 200 120
2.8045 -1.8031 0.0460 80 200 120
-0.5757 -4.8990 1.7939 80 200 120
1.9524 -4.9358 1.6411 80 200 120
3.1850 -5.0067 2.3153 80 200 120
2.0177 -5.0713 0.5984 80 200 120
-1.5715 -3.6574 3.1901 80 200 120
2.7516 -5.1298 3.1559 80 200 120
-1.1506 -3.6991 3.2513 80 200 120
-2.9588 -5.0939 3.1611 80 200 120
0.4564 -2.5518 3.1694 80 200 120
-1.2937 -5.0020 2.2038 80 200 120
-0.1531 -4.9007 1.6791 80 200 120
-0.0942 -4.9434 2.0122 80 200 120
-0.4326 -2.5705 3.2098 80 200 120
2.8010 -5.1169 0.7469 80 200 120
1.3697 -2.5569 3.2302 80 200 120
-2.3518 -4.9799 1.6367 80 200 120
1.1115 -4.0981 0.4788 80 200 120
0.3444 -4.2252 1.3917 80 200 120
0.4199 -2.9875 2.2676 80 200 120
3.4884 -3.0515 0.3738 80 200 120
3.4434 3.6719 1.6315 80 200 120
3.4841 -0.1416 3.1120 80 200 120
3.5208 1.2737 2.4399 80 200 120
3.5221 1.5463 3.1193 80 200 120
0.6352 0.4369 1.7472 80 200 120
3.5170 0.3850 1.8745 80 200 120
-3.1912 3.3515 3.1081 80 200 120
-3.0087 3.6121 2.4398 80 200 120
3.3915 0.4242 3.1029 80 200 120
-3.4333 2.8239 3.1273 80 200 120
-3.3208 1.4253 2.9686 80 200 120
-3.5438 0.7697 2.1769 80 200 120
-1.1282 1.0515 3.1882 80 200 120
-1.3552 1.4861 3.1585 80 200 120
-2.4093 -2.8722 0.8436 80 200 120
-2.6949 -3.3946 0.6820 80 200 120
-3.2507 2.1592 0.6612 80 200 120
-2.3900 -5.0639 1.6049 80 200 120
-2.9313 -5.0107 1.7402 80 200 120
-3.4864 1.8187 0.9477 80 200 120
-2.5052 -1.5877 1.3898 80 200 120
-1.4280 -5.4190 2.1752 80 200 120
-2.9465 -4.5976 1.2703 80 200 120
-2.6040 3.4708 2.9953 80 200 120
-3.5454 -1.4831 2.0605 80 200 120
-3.2323 3.5093 1.2548 80 200 120
-2.6295 -1.8682 0.7423 80 200 120
0.4504 -2.4754 3.1135 80 200 120
-2.4414 -2.7328 1.1667 80 200 120
-3.6335 -0.7520 0.6238 80 200 120
-2.3597 -1.1270 0.0524 80 200 120
-3.5310 -4.5012 2.7359 80 200 120
-3.0158 -0.9163 0.2330 80 200 120
-3.0377 -0.7254 0.2846 80 200 120
-0.0425 -0.5476 -0.0481 80 200 120
-1.8353 -1.0967 -0.0634 80 200 120
-0.7919 -4.4386 0.4514 80 200 120
-2.1514 -5.0553 3.1962 80 200 120
-5.2109 4.0392 -1.0932 80 200 120
-3.0205 -1.7431 1.2181 80 200 120
0.3188 -0.0219 1.1260 80 200 120
-0.6335 0.2797 1.1970 80 200 120
-1.0868 0.7927 0.5051 80 200 120
0.7586 -2.3914 0.6384 80 200 120
2.7202 -1.4340 0.1040 80 200 120
-0.6737 2.5820 0.8161 80 200 120
-3.1798 2.0445 0.7490 80 200 120
-0.6710 1.7863 0.8163 80 200 120
-0.7090 3.1555 1.0901 80 200 120
-0.8672 2.2377 0.2003 80 200 120
1.6345 1.8564 -0.1126 80 200 120
-1.6952 1.0289 -0.0857 80 200 120
0.4673 2.6826 0.2418 80 200 120
-2.7206 1.5996 0.0510 80 200 120
-1.9873 0.5734 -0.0718 80 200 120
1.4244 2.6460 -0.2740 80 200 120
-2.4384 0.8769 -0.1106 80 200 120
-1.9754 -0.4862 -0.0381 80 200 120
-2.8713 1.4433 0.3011 80 200 120
-1.8843 -0.1605 -0.0256 80 200 120
-1.1716 1.0073 0.0285 80 200 120
1.9537 4.5223 -0.0344 80 200 120
-0.3993 3.1326 0.9932 80 200 120
-0.8566 1.2187 0.9540 80 200 120
-1.4366 1.1757 0.3680 80 200 120
-1.5605 0.0959 -0.0926 80 200 120
-0.6693 2.7953 0.2936 80 200 120
1.5620 0.9843 -0.0910 80 200 120
1.0488 2.0777 -0.1215 80 200 120
-0.7689 2.4798 0.2861 80 200 120
-1.4926 0.2936 -0.0712 80 200 120
0.4484 4.1594 2.0500 80 200 120
-1.5968 -0.1576 -0.0373 80 200 120
-1.5669 -0.5684 -0.0336 80 200 120
1.3683 0.8196 -0.1109 80 200 120
-3.1160 1.3422 0.7442 80 200 120
1.9265 2.7607 0.3426 80 200 120
-1.1699 0.8553 -0.2054 80 200 120
-2.0401 0.9536 -0.0702 80 200 120
-1.7082 0.6481 -0.0545 80 200 120
1.5711 1.3947 -0.1335 80 200 120
-2.9496 -1.7436 1.2647 80 200 120
2.9563 0.0971 0.6102 80 200 120
1.7059 -0.7426 -0.0384 80 200 120
3.0068 -4.9289 0.0240 80 200 120
3.5374 -3.0525 0.5260 80 200 120
3.4085 -3.3123 0.0700 80 200 120
2.0546 -1.7785 -0.0322 80 200 120
4.3287 -5.9138 0.8426 80 200 120
2.5047 -2.4283 -0.0920 80 200 120
-0.3092 0.7308 0.7215 80 200 120
-0.4450 -1.6763 0.5236 80 200 120
0.3723 0.4318 0.0183 80 200 120
-2.4883 -4.8116 2.3435 80 200 120
-1.8642 -4.5875 3.0929 80 200 120
-0.7127 -2.2411 3.1907 80 200 120
0.9218 -2.9136 2.7500 80 200 120
-2.0420 -4.9165 2.2969 80 200 120
0.2115 -4.1974 3.1057 80 200 120
-0.4014 -3.3958 3.2346 80 200 120
3.3945 2.6472 2.1784 80 200 120
3.2184 2.0855 0.5928 80 200 120
3.3668 2.0676 2.2912 80 200 120
3.5680 1.7308 0.4607 80 200 120
3.4157 0.1514 2.7241 80 200 120
-1.1746 0.5265 3.1979 80 200 120
0.3273 -6.3512 3.3377 80 200 120
0.6351 -6.6104 3.6333 80 200 120
-2.5341 -2.0940 1.2465 80 200 120
-2.4577 -3.0925 1.4136 80 200 120
-3.6817 0.0033 0.6026 80 200 120
-3.0443 1.6121 0.6361 80 200 120
-2.6206 -3.4780 1.5399 80 200 120
0.9236 -2.9448 0.4808 80 200 120
-2.5040 -1.0557 1.0736 80 200 120
-3.5341 -0.0787 -0.0208 80 200 120
-1.9703 -0.5005 -0.0871 80 200 120
-2.2615 0.2560 -0.0607 80 200 120
-0.1581 -1.6339 1.0537 80 200 120
-1.8612 -0.1781 -0.0483 80 200 120
-2.5481 0.3430 0.0994 80 200 120
-3.4354 -0.4394 0.0353 80 200 120
-1.1041 0.4453 -0.0584 80 200 120
-1.9842 0.5377 -0.0402 80 200 120
0.1276 -0.0372 -0.0175 80 200 120
-2.2559 -0.9231 -0.1124 80 200 120
-0.1091 -1.0249 -0.0344 80 200 120
-2.3144 -2.9239 0.7537 80 200 120
-2.3913 -4.9016 -0.1037 80 200 120
-0.2845 -0.2894 -0.0550 80 200 120
2.8464 -2.0615 0.4898 80 200 120
2.8404 -2.0041 -0.0221 80 200 120
2.6187 -1.2012 0.1309 80 200 120
0.4506 -3.8603 2.9249 80 200 120
2.4547 -0.7096 -0.0004 80 200 120
-0.3707 -4.5585 0.3268 80 200 120
0.3165 0.9800 0.3464 80 200 120
-0.6656 2.5919 -0.0655 80 200 120
2.8256 3.4473 0.2360 80 200 120
-1.2889 1.1002 0.1821 80 200 120
2.0627 3.4785 0.4453 80 200 120
-0.8878 1.0297 0.0822 80 200 120
0.0904 -0.2150 -0.1746 80 200 120
-1.1407 0.5670 -0.0767 80 200 120
-0.8898 2.3605 0.0598 80 200 120
2.6112 5.0441 0.5644 80 200 120
0.8328 2.4721 0.0454 80 200 120
2.0809 1.2413 -0.0838 80 200 120
1.9286 0.8682 -0.1519 80 200 120
1.7869 1.2296 -0.1899 80 200 120
1.2484 1.7192 -0.1817 80 200 120
1.9311 1.6252 -0.0971 80 200 120
-1.1423 2.6491 0.7933 80 200 120
-0.6828 1.8586 0.0699 80 200 120
3.3206 2.5165 0.1286 80 200 120
2.8353 1.2908 0.0124 80 200 120
1.2749 3.9977 0.3291 80 200 120
-1.3301 0.4849 -0.0212 80 200 120
0.3122 1.0737 0.7505 80 200 120
1.5986 0.6249 -0.1400 80 200 120
-1.3665 0.7746 -0.1206 80 200 120
1.8402 0.2903 -0.1105 80 200 120
0.7127 1.8664 0.1707 80 200 120
3.0214 3.8549 1.4644 80 200 120
2.3631 3.3851 0.3701 80 200 120
2.3136 3.5085 0.5258 80 200 120
-1.0174 0.0765 -0.0677 80 200 120
-0.8663 -0.1766 -0.0489 80 200 120
-0.9889 0.3493 -0.0513 80 200 120
3.4318 3.7116 1.2464 80 200 120
-2.4502 -2.2318 1.3110 80 200 120
-2.3911 -3.1139 -0.0395 80 200 120
0.4265 -2.4855 -0.0114 80 200 120
2.2698 -0.2008 0.0930 80 200 120
2.9707 0.2742 0.5587 80 200 120
2.1820 -0.1689 -0.1440 80 200 120
1.5401 1.3778 -0.0589 80 200 120
3.4501 -4.7001 0.3155 80 200 120
0.3645 -1.7130 0.5603 80 200 120
3.1170 -0.1969 0.6334 80 200 120
2.4346 -5.0602 0.6990 80 200 120
2.2579 -3.3954 -0.0523 80 200 120
2.2192 -4.8929 0.4183 80 200 120
3.4245 -3.8932 1.1550 80 200 120
2.4599 -4.7111 -0.0328 80 200 120
0.4856 -2.4254 -0.0962 80 200 120
3.4693 -3.0921 1.3225 80 200 120
0.2196 -1.0947 -0.0390 80 200 120
1.5851 -3.3514 -0.0165 80 200 120
1.0867 -2.4277 0.0609 80 200 120
1.6457 -4.3610 -0.0041 80 200 120
3.5932 -1.4264 0.8408 80 200 120
0.4333 -2.5306 0.8298 80 200 120
0.2975 -1.6802 1.1797 80 200 120
0.3057 0.9651 -0.3111 80 200 120
0.3457 0.4341 0.6980 80 200 120
0.3097 -2.1310 0.0683 80 200 120
0.2855 -2.3837 1.0573 80 200 120
3.1192 2.8575 2.6295 80 200 120
0.3530 -0.1971 1.3580 80 200 120
-0.3561 1.4362 0.4763 80 200 120
0.1556 1.8194 0.0940 80 200 120
-0.9112 -4.7788 1.7377 80 200 120
1.2529 -4.5822 2.0494 80 200 120
2.1166 -4.9839 2.3493 80 200 120
-3.2305 -4.7749 3.1075 80 200 120
-0.8785 -4.8701 1.1492 80 200 120
3.4655 -3.8459 -0.0396 80 200 120
3.4985 -2.8435 0.7756 80 200 120
3.5413 -2.8156 3.1577 80 200 120
2.1201 0.6590 3.1821 80 200 120
3.7243 4.3201 2.3585 80 200 120
-0.3805 1.3971 1.7222 80 200 120
1.1775 4.4920 0.2089 80 200 120
-3.2077 0.5114 3.2014 80 200 120
-3.4284 -2.8932 3.0160 80 200 120
-2.5905 0.0978 3.2498 80 200 120
-3.4229 -0.9283 3.1375 80 200 120
-3.4407 -1.2802 3.0776 80 200 120
-3.1923 0.5517 0.8127 80 200 120
-0.8353 -5.2326 2.9074 80 200 120
-2.7738 -1.1310 3.2215 80 200 120
-2.5761 -1.4551 0.8114 80 200 120
-1.2862 -4.9958 2.1932 80 200 120
-2.9951 4.0298 3.0902 80 200 120
-2.4842 4.6649 2.9274 80 200 120
-3.0375 3.6405 2.6048 80 200 120
-3.4956 -2.6834 1.7451 80 200 120
-3.5224 0.4635 0.0142 80 200 120
-2.5949 -1.0189 0.1208 80 200 120
-0.4430 0.1257 -0.1449 80 200 120
-1.4950 -4.7343 0.2056 80 200 120
-1.5694 0.7731 -0.1353 80 200 120
-0.9665 0.0596 -0.0366 80 200 120
-2.0079 -5.0293 1.2158 80 200 120
-2.6915 -0.7303 0.1615 80 200 120
-1.6329 -2.8003 0.0023 80 200 120
-1.1851 1.0453 0.0176 80 200 120
-1.2115 -3.8356 0.3087 80 200 120
-0.8650 0.8268 0.3082 80 200 120
-2.2150 1.3153 -0.0960 80 200 120
-3.6616 0.0253 0.3032 80 200 120
-0.3145 -0.7172 -0.0590 80 200 120
-1.2240 0.1926 -0.1394 80 200 120
-2.7657 -0.0311 -0.1419 80 200 120
3.4242 -3.3939 0.0874 80 200 120
-3.5437 0.7117 0.6738 80 200 120
-0.0907 0.0152 0.7402 80 200 120
-2.6234 0.7949 0.9564 80 200 120
-2.9921 2.0524 0.2292 80 200 120
-3.5341 -5.2593 3.2088 80 200 120
3.5942 -3.1082 0.4641 80 200 120
0.4249 -3.4560 0.7336 80 200 120
1.7294 3.7963 -0.2416 80 200 120
0.1401 1.6438 0.5873 80 200 120
0.1773 3.2314 0.2010 80 200 120
0.7235 1.3898 0.2616 80 200 120
2.9314 0.9774 0.0783 80 200 120
2.2501 0.3905 0.3660 80 200 120
2.0601 1.0565 -0.1347 80 200 120
-3.3687 4.2833 0.8500 80 200 120
-0.2391 1.8510 0.2565 80 200 120
3.4530 1.5608 0.0456 80 200 120
3.5755 2.3195 0.0383 80 200 120
-0.3697 2.4248 0.2030 80 200 120
2.4334 0.2265 0.5061 80 200 120
2.2323 0.8011 -0.0063 80 200 120
3.4613 1.9320 -0.0781 80 200 120
0.1506 0.9745 0.7828 80 200 120
1.3355 -0.2921 -0.0370 80 200 120
3.6919 3.9800 0.5026 80 200 120
3.3540 2.0165 0.5973 80 200 120
-0.6333 0.7866 0.0988 80 200 120
-0.3371 1.6466 0.2198 80 200 120
0.1997 2.1531 0.4713 80 200 120
0.3774 0.8503 0.8335 80 200 120
-0.0589 1.2438 0.5887 80 200 120
1.8213 0.6369 -0.0786 80 200 120
2.1768 0.5004 -0.0955 80 200 120
2.4995 -1.0025 0.5425 80 200 120
-2.4028 -2.6518 0.0813 80 200 120
-0.6042 -1.8071 0.9952 80 200 120
2.5336 -1.1874 0.1752 80 200 120
0.2813 -1.6595 1.2000 80 200 120
1.7673 3.0666 -0.2332 80 200 120
2.9819 -0.4591 0.6201 80 200 120
2.3764 -0.0922 0.0065 80 200 120
2.9519 1.1744 0.2273 80 200 120
0.1921 2.5291 0.8982 80 200 120
-0.2604 25.2302 -7.5276 80 200 120
-0.4592 -1.6934 0.4537 80 200 120
0.2692 -1.9972 1.1408 80 200 120
1.3563 2.6494 -0.1723 80 200 120
1.1271 -4.5442 0.2520 80 200 120
3.4654 3.6329 3.1581 80 200 120
0.7737 -2.5238 2.9426 80 200 120
3.1226 -4.2478 0.0099 80 200 120
3.5757 -3.5356 0.5627 80 200 120
2.3469 -4.6936 0.1196 80 200 120
1.6880 -5.0014 0.9295 80 200 120
3.4324 -0.4593 3.1122 80 200 120
3.5042 1.0203 2.5833 80 200 120
2.9333 0.2838 3.2072 80 200 120
0.5336 -0.2460 2.0377 80 200 120
2.4209 4.4693 0.7652 80 200 120
-3.5095 0.8199 2.4574 80 200 120
-2.4449 -1.4753 3.2162 80 200 120
-3.0854 1.0294 3.2853 80 200 120
-1.0011 1.2147 3.1790 80 200 120
-3.2211 1.0154 1.0347 80 200 120
0.5159 -4.9404 3.1495 80 200 120
-2.1167 -5.0362 1.1569 80 200 120
-2.3012 -3.0906 0.9127 80 200 120
0.0608 -2.6932 2.9701 80 200 120
-2.6690 -2.1920 1.4769 80 200 120
-0.6472 -3.2507 0.8492 80 200 120
-2.5546 0.8140 0.1288 80 200 120
-1.0274 -2.0181 0.3788 80 200 120
-1.7310 1.0170 -0.1305 80 200 120
-1.9902 0.9373 -0.0801 80 200 120
-1.4723 0.3006 -0.1080 80 200 120
-1.1564 -4.7498 2.1895 80 200 120
0.3671 0.2746 0.3501 80 200 120
2.6474 -1.8867 -0.1222 80 200 120
0.3151 -0.0314 1.1360 80 200 120
2.2223 2.4305 0.2525 80 200 120
-0.5860 2.1111 -0.0781 80 200 120
2.4385 0.2506 -0.0633 80 200 120
-0.6790 1.2438 0.9218 80 200 120
3.3792 3.3497 0.0157 80 200 120
3.1204 0.7389 0.2611 80 200 120
2.0320 -0.2885 -0.0047 80 200 120
2.4416 0.2757 0.2739 80 200 120
1.5196 0.3688 -0.1445 80 200 120
2.7144 2.2052 -0.1728 80 200 120
0.1176 3.7409 0.2967 80 200 120
-2.8689 2.9260 0.2051 80 200 120
-3.1031 0.9036 0.9020 80 200 120
2.2144 -0.5373 0.1684 80 200 120
-0.7064 1.5545 0.9100 80 200 120
0.7103 -2.3309 0.1701 80 200 120
0.6208 1.1586 0.1620 80 200 120
3.5202 0.4894 2.1317 80 200 120
-0.4451 1.6991 0.2178 80 200 120
0.2495 0.5013 0.9487 80 200 120
3.5244 -2.1108 1.9031 80 200 120
3.2868 -4.0657 0.1938 80 200 120
0.6828 -2.4863 3.3277 80 200 120
2.3475 -5.0984 0.3037 80 200 120
2.1497 -5.1916 -0.0300 80 200 120
2.6404 -5.0702 2.0717 80 200 120
3.4569 -0.7859 2.7541 80 200 120
-0.0727 -3.2751 3.1805 80 200 120
0.3717 -3.7217 1.7873 80 200 120
-0.0008 -4.8594 1.2016 80 200 120
3.0584 3.9348 -0.2470 80 200 120
1.8384 6.0302 -0.4148 80 200 120
-3.3738 4.1624 2.7098 80 200 120
-2.9116 2.9413 3.0728 80 200 120
0.6334 9.7191 -1.8076 80 200 120
-0.1345 2.0238 1.4016 80 200 120
-0.3207 3.1500 1.6209 80 200 120
-1.5412 0.4844 3.1817 80 200 120
-3.5362 0.7324 0.6558 80 200 120
-2.6362 -1.4681 0.7818 80 200 120
-2.4936 -4.0713 1.4173 80 200 120
-2.3831 -2.8546 0.8325 80 200 120
-2.4319 -2.4763 1.2763 80 200 120
-2.4751 -1.2846 1.2877 80 200 120
0.4794 -2.3048 3.1232 80 200 120
-2.6066 -2.3742 1.0082 80 200 120
-3.6711 4.5378 2.7709 80 200 120
-4.1506 -5.6704 1.4176 80 200 120
0.5741 -2.3285 0.0090 80 200 120
0.3917 -2.4418 0.3731 80 200 120
-0.8798 0.7628 -0.0259 80 200 120
0.3198 -3.0302 0.7851 80 200 120
-0.1542 -2.5543 1.1531 80 200 120
2.2818 -0.6711 0.0951 80 200 120
3.2111 -3.7128 0.1329 80 200 120
-0.1160 0.1440 0.8989 80 200 120
-2.7160 -1.0510 1.2843 80 200 120
-3.6269 -5.3066 3.2329 80 200 120
-2.7304 -3.0318 1.4103 80 200 120
-2.6338 -1.4543 1.3188 80 200 120
-2.8872 -4.8427 2.5232 80 200 120
2.5152 -1.1411 -0.1290 80 200 120
2.7759 -1.6249 0.0285 80 200 120
3.4084 -3.7767 0.5730 80 200 120
3.4989 -2.9795 0.0298 80 200 120
0.2350 -2.0060 1.0854 80 200 120
2.0753 -0.7490 -0.0640 80 200 120
2.5816 -0.2992 -0.3487 80 200 120
-1.9798 -4.8385 3.1188 80 200 120
-2.7875 3.3900 0.1628 80 200 120
-1.0172 1.8819 0.9233 80 200 120
0.2357 0.6692 0.9194 80 200 120
-1.1226 1.2125 0.8914 80 200 120
-0.4933 0.9106 0.4076 80 200 120
-0.2690 1.3856 0.3721 80 200 120
0.4842 0.6575 0.6608 80 200 120
-2.3160 -3.8448 0.0697 80 200 120
0.5884 -1.1610 0.0181 80 200 120
1.1205 -4.2683 0.4510 80 200 120
-0.6239 2.4355 0.0428 80 200 120
-0.1717 0.2217 0.8150 80 200 120
-0.1983 0.6605 0.7690 80 200 120
1.6515 -6.2586 1.4043 80 200 120
-1.9672 -4.7820 2.2852 80 200 120
-2.1594 -4.4309 3.0442 80 200 120
-0.5951 2.9032 0.9823 80 200 120
-0.6484 2.4042 1.2300 80 200 120
3.5038 0.6544 2.1112 80 200 120
0.6230 3.0941 1.3963 80 200 120
3.7021 3.0986 -0.1340 80 200 120
4.8122 15.6141 -4.4780 80 200 120
3.4139 1.5592 0.5590 80 200 120
-3.4449 0.6645 2.7949 80 200 120
-3.2829 1.4898 2.7112 80 200 120
-1.2603 -4.7706 2.7761 80 200 120
-1.9644 -4.8189 1.2376 80 200 120
-3.5740 -0.5158 0.5800 80 200 120
-2.9491 -0.3462 3.1996 80 200 120
-3.0483 -1.8914 1.4204 80 200 120
-2.5980 -1.1309 1.4191 80 200 120
-0.4748 -4.8985 2.1821 80 200 120
-2.3753 -5.0064 1.6278 80 200 120
0.4367 -2.3888 2.8280 80 200 120
-0.5037 -5.4796 3.2263 80 200 120
-0.9690 -4.2069 3.2626 80 200 120
-0.6921 -4.8820 3.1103 80 200 120
-2.8060 -3.8175 0.9256 80 200 120
-1.2638 0.7025 -0.1335 80 200 120
-2.5735 0.3747 0.0910 80 200 120
-3.1276 -0.1130 0.0996 80 200 120
0.3395 0.9832 -0.1403 80 200 120
0.3365 -2.2735 0.3762 80 200 120
2.9074 -1.1732 -0.1861 80 200 120
0.4254 -2.4736 0.0396 80 200 120
2.2953 -0.3867 0.0487 80 200 120
-2.4818 -2.2554 1.2886 80 200 120
-2.6517 -2.8259 1.3768 80 200 120
-0.6455 -1.8040 0.9266 80 200 120
-3.0701 -2.7904 1.4027 80 200 120
-0.7645 1.7895 0.8216 80 200 120
0.2345 -3.5733 0.6858 80 200 120
0.2775 -3.1280 0.7032 80 200 120
-1.4609 9.4402 -3.2548 80 200 120
0.3673 -2.4570 0.9213 80 200 120
0.0458 -3.6193 0.8048 80 200 120
-0.3546 -1.5946 0.1124 80 200 120
1.0872 2.9625 0.8072 80 200 120
-0.4654 2.0188 0.8518 80 200 120
3.5835 -4.8333 1.3703 80 200 120
2.4711 -5.0821 0.6931 80 200 120
1.1815 -3.3295 2.8355 80 200 120
3.6047 -2.9297 0.7387 80 200 120
3.4007 -1.1823 2.4214 80 200 120
-0.3844 3.3706 1.0789 80 200 120
-5.3047 8.0149 0.6526 80 200 120
-3.1665 4.9837 1.8551 80 200 120
-3.1290 3.1909 3.1197 80 200 120
1.3335 13.8415 -3.3864 80 200 120
-2.2108 4.5153 1.2975 80 200 120
-3.4804 2.7953 3.1633 80 200 120
0.4688 -0.5010 2.1877 80 200 120
-0.8733 4.8683 2.4261 80 200 120
2.4620 5.1731 1.8749 80 200 120
-1.2117 3.9282 2.4009 80 200 120
-1.4111 -5.9354 1.4928 80 200 120
-3.2552 0.5791 0.7780 80 200 120
-2.7474 -2.3041 1.2969 80 200 120
-3.4755 -2.3467 2.7476 80 200 120
-1.3723 -5.1625 2.1712 80 200 120
-1.1190 0.4545 3.1863 80 200 120
-3.6566 -1.5023 1.9999 80 200 120
-2.3487 -3.6888 0.7707 80 200 120
-0.1687 -5.5486 3.9651 80 200 120
-3.7035 0.0073 0.5468 80 200 120
-3.1076 -4.6419 2.3877 80 200 120
0.7101 -2.3211 0.4175 80 200 120
-1.4787 1.4061 -0.3414 80 200 120
-1.8401 -5.4780 3.1905 80 200 120
-1.3402 -3.2290 0.0475 80 200 120
-2.0685 1.0520 -0.1386 80 200 120
-0.1564 0.2810 0.7905 80 200 120
2.8781 -2.0713 0.4411 80 200 120
-3.0875 -4.7235 3.0923 80 200 120
-0.1062 0.0777 0.6675 80 200 120
-2.9783 0.5636 0.7114 80 200 120
-2.8297 1.8362 0.2067 80 200 120
-0.2464 0.8145 0.6135 80 200 120
-1.3041 1.8919 0.8625 80 200 120
-2.2391 -3.7563 0.1028 80 200 120
2.5650 -1.1685 0.1458 80 200 120
2.4889 -0.1365 0.5976 80 200 120
2.3084 -0.6298 0.0274 80 200 120
2.7927 -0.4283 0.7081 80 200 120
-3.5746 4.1079 3.1606 80 200 120
2.4067 -0.9998 0.6414 80 200 120
2.9288 2.4598 2.5577 80 200 120
3.1435 2.9844 0.2321 80 200 120
0.2797 -1.6854 1.0900 80 200 120
3.3604 3.1743 2.6711 80 200 120
-0.3177 2.5386 0.1787 80 200 120
3.5290 -3.8013 1.7322 80 200 120
3.1596 -4.9860 3.1708 80 200 120
3.3780 -3.1104 3.1006 80 200 120
3.5942 -4.8487 2.4126 80 200 120
3.5201 -4.2730 1.4581 80 200 120
3.4908 -3.1519 1.4797 80 200 120
3.5629 -2.7178 2.7863 80 200 120
2.4680 -3.0447 3.2104 80 200 120
3.6129 -4.4016 3.0833 80 200 120
1.3123 -3.1952 2.9653 80 200 120
3.4898 -1.5041 3.0744 80 200 120
3.5764 -2.1172 2.6692 80 200 120
1.9760 -2.4716 3.1844 80 200 120
1.7193 -3.0594 3.2434 80 200 120
1.1264 -2.6225 3.2295 80 200 120
2.5720 -2.0392 3.2088 80 200 120
3.5388 -2.4984 3.1489 80 200 120
2.9701 -5.1056 2.8849 80 200 120
3.5085 -3.9849 2.5554 80 200 120
2.4983 -3.5710 3.1684 80 200 120
1.2338 -3.0107 3.0201 80 200 120
3.3423 -3.0250 1.1562 80 200 120
-0.5652 -4.8789 1.7625 80 200 120
3.5318 -2.7677 1.9385 80 200 120
3.4705 -0.4634 3.1324 80 200 120
2.3379 -5.1663 1.4241 80 200 120
0.4140 -3.5035 2.6899 80 200 120
3.3955 -1.0389 3.1384 80 200 120
2.4741 -2.5726 3.1552 80 200 120
3.2351 -4.6954 0.1295 80 200 120
0.3117 -4.9541 1.2753 80 200 120
-1.2183 -4.8735 2.2186 80 200 120
3.1887 0.0647 3.0639 80 200 120
-1.9143 -4.6707 3.0951 80 200 120
0.7967 -2.5682 3.1023 80 200 120
3.5663 -3.3572 2.4579 80 200 120
-2.7167 -5.0743 3.2025 80 200 120
3.8111 4.8620 -0.1961 80 200 120
-1.3788 3.9937 1.0243 80 200 120
-0.1448 2.5423 3.1377 80 200 120
-2.0253 -5.4711 0.9137 80 200 120
-3.0792 2.6177 1.5745 80 200 120
0.0046 -6.1355 2.8571 80 200 120
-2.9660 -2.1609 1.4405 80 200 120
-2.5890 -3.2586 0.6497 80 200 120
-3.1139 4.1860 3.1201 80 200 120
-2.6305 4.9934 2.9680 80 200 120
-3.2521 -2.9435 0.6736 80 200 120
-2.3244 -5.3212 1.0792 80 200 120
-2.3929 -1.0126 1.2253 80 200 120
-0.4727 -9.3424 2.4021 80 200 120
-2.4470 -1.1983 1.1308 80 200 120
-0.0418 0.0213 -0.1112 80 200 120
-2.3476 -1.3170 0.0341 80 200 120
3.5368 -2.5749 -0.0314 80 200 120
-3.3676 0.4998 0.0083 80 200 120
-2.7663 -1.0509 1.2718 80 200 120
-2.7819 -2.4699 0.3954 80 200 120
-3.6030 0.0613 -0.1402 80 200 120
-2.9169 -2.0996 1.2659 80 200 120
0.2766 -1.7023 1.0788 80 200 120
0.6693 -2.3230 0.1047 80 200 120
-0.4684 -1.6154 0.8361 80 200 120
-2.7916 -4.4652 0.1081 80 200 120
3.0381 0.2805 0.5507 80 200 120
2.3184 2.4701 0.2611 80 200 120
0.3197 -4.5954 0.1948 80 200 120
-0.4704 -0.3883 -0.0504 80 200 120
2.0181 -4.8849 0.0661 80 200 120
-1.2147 1.0753 0.0290 80 200 120
0.1932 1.4453 0.6518 80 200 120
0.2554 -2.4781 1.0676 80 200 120
3.5618 -3.6965 2.9968 80 200 120
3.5367 -4.7441 2.0417 80 200 120
-0.2127 -4.9492 3.2031 80 200 120
2.3318 -5.1368 0.2587 80 200 120
3.4125 -0.2148 3.1570 80 200 120
3.5345 -1.2463 2.9192 80 200 120
3.5444 -3.4398 0.9780 80 200 120
3.5393 -2.8883 0.6938 80 200 120
0.2546 3.4033 0.6425 80 200 120
-3.0700 4.7629 1.9072 80 200 120
-3.8439 3.2952 2.3372 80 200 120
-4.0801 6.0716 1.0250 80 200 120
-3.1458 2.5077 3.0934 80 200 120
1.9347 2.3240 0.8309 80 200 120
3.1809 2.9663 0.1805 80 200 120
-3.3230 3.3296 3.1687 80 200 120
-2.7205 -1.3604 1.3019 80 200 120
-2.3782 -1.6269 1.4611 80 200 120
-1.0927 1.3980 3.2272 80 200 120
-0.4187 -5.1014 3.2153 80 200 120
-2.8914 -2.3909 1.1485 80 200 120
0.4383 -2.5079 2.6891 80 200 120
-1.2125 -2.8666 1.6713 80 200 120
-3.6934 2.0313 1.3933 80 200 120
-3.4738 -3.3593 1.8879 80 200 120
0.1285 -3.7202 3.2600 80 200 120
-2.2949 -2.1227 1.0650 80 200 120
-1.6921 -3.1589 1.1406 80 200 120
0.5805 -2.4513 0.5323 80 200 120
0.3640 0.3469 0.1725 80 200 120
-2.9255 1.1477 -0.2613 80 200 120
3.0700 -2.0923 0.2645 80 200 120
2.5437 -1.1129 0.5004 80 200 120
2.6742 -1.1941 0.0454 80 200 120
2.9108 -1.7492 0.4659 80 200 120
-2.6810 -1.2949 1.3462 80 200 120
2.0082 -0.5473 0.4023 80 200 120
2.3489 -0.6727 0.0325 80 200 120
2.3807 -0.6152 0.6851 80 200 120
3.0299 -3.0805 -0.0020 80 200 120
2.8916 -1.5030 0.5326 80 200 120
-2.8966 -0.6228 0.4068 80 200 120
-2.3966 -3.2835 1.4666 80 200 120
2.5525 3.4414 0.3126 80 200 120
-1.7321 1.0621 -0.1187 80 200 120
1.0309 3.8612 0.0468 80 200 120
0.1231 -4.3751 -0.4693 80 200 120
3.0481 2.6660 2.6250 80 200 120
4.2137 5.0550 3.3102 80 200 120
2.8729 -3.1423 -0.0331 80 200 120
2.9478 -2.1404 0.4176 80 200 120
-0.1640 2.5297 0.4387 80 200 120
0.5786 2.7242 0.4058 80 200 120
2.2630 16.2656 1.0221 80 200 120
3.5219 -5.0241 2.9755 80 200 120
3.6526 -6.6013 -1.0069 80 200 120
3.3382 -4.5926 0.6291 80 200 120
3.5921 -3.0633 2.1380 80 200 120
3.5180 -3.6375 2.2275 80 200 120
3.5492 -5.6277 -0.4786 80 200 120
0.9001 -2.6893 2.2918 80 200 120
3.4237 -2.0798 3.2006 80 200 120
3.4599 -0.4590 3.1340 80 200 120
3.1164 3.7222 0.3440 80 200 120
-2.0296 4.2731 2.2989 80 200 120
0.6052 6.2360 -1.1892 80 200 120
-1.5705 4.9552 2.4040 80 200 120
-3.5636 -0.2280 1.8019 80 200 120
-2.5125 -2.5562 1.2508 80 200 120
-2.4292 -3.4637 1.0950 80 200 120
-3.7073 0.0432 0.5318 80 200 120
0.1812 -4.9714 3.1623 80 200 120
-0.9845 -4.1483 3.2424 80 200 120
-3.4536 -1.7628 1.8897 80 200 120
-3.0823 -3.4661 1.3660 80 200 120
-0.8282 -5.0697 2.8682 80 200 120
-3.1840 -4.6372 1.6942 80 200 120
1.0120 -2.7199 1.3148 80 200 120
2.9337 -1.1374 0.4733 80 200 120
0.2832 -2.6853 0.8738 80 200 120
0.4457 -3.4032 2.8369 80 200 120
-0.9076 -2.3665 0.4613 80 200 120
-1.5121 -4.8795 3.0793 80 200 120
-0.1240 0.2905 0.6512 80 200 120
-2.5612 -0.9017 0.2845 80 200 120
-0.4608 -0.4031 -0.0585 80 200 120
0.2483 -1.7043 1.0312 80 200 120
-3.7451 5.0439 3.2709 80 200 120
2.4425 2.7653 2.8630 80 200 120
0.4403 -2.4462 0.0201 80 200 120
2.6548 -0.4692 0.6740 80 200 120
2.1795 3.3281 0.3679 80 200 120
-0.0764 -0.0295 0.3819 80 200 120
-1.4664 4.9682 -0.0745 80 200 120
1.6589 3.2433 -0.0645 80 200 120
0.2569 -3.2641 0.9408 80 200 120
0.3162 -4.3365 0.3903 80 200 120
0.7532 -2.4598 0.3290 80 200 120
-0.9226 4.5444 0.5661 80 200 120
0.9240 -3.0125 0.8240 80 200 120
3.5924 -3.3927 2.1412 80 200 120
-0.0678 -5.5904 2.4190 80 200 120
3.5625 -1.5930 2.7806 80 200 120
1.8915 -0.4501 3.2073 80 200 120
3.5348 -4.1255 1.9295 80 200 120
2.2233 -0.2190 3.1588 80 200 120
3.9464 -2.7426 2.4058 80 200 120
-0.2765 2.8511 2.8553 80 200 120
2.3808 0.6469 3.2771 80 200 120
0.1388 3.5485 0.1273 80 200 120
-0.7314 5.6623 -0.1828 80 200 120
-2.9604 -4.6377 3.0672 80 200 120
-3.4236 -3.7864 3.0989 80 200 120
-3.4693 -4.5438 2.8862 80 200 120
-2.8996 -2.9609 3.2068 80 200 120
-3.4033 -1.5585 3.2013 80 200 120
-3.4774 -3.3362 2.8405 80 200 120
-2.8938 -2.2346 3.2674 80 200 120
-2.3108 -3.0681 0.8339 80 200 120
-1.1928 -7.6608 1.9267 80 200 120
-3.5264 -0.5992 1.5203 80 200 120
-2.5554 -3.6359 1.4113 80 200 120
-1.4159 -2.9421 1.3332 80 200 120
-2.4943 1.8266 2.3956 80 200 120
-3.7142 0.4344 1.3793 80 200 120
-0.1051 -3.4155 3.2121 80 200 120
-1.3475 1.3209 3.3134 80 200 120
0.5788 -2.4765 0.1927 80 200 120
-0.9578 -5.0257 1.0878 80 200 120
3.0497 -4.5029 0.2374 80 200 120
2.3568 -0.3769 -0.0118 80 200 120
0.2808 -1.9462 0.9509 80 200 120
2.3526 -1.0676 -0.0318 80 200 120
0.3074 -2.0902 0.2665 80 200 120
-2.7397 -4.3656 0.1699 80 200 120
-2.2435 -3.7911 0.1381 80 200 120
-0.6855 -3.1586 0.8029 80 200 120
0.7284 -2.3952 0.0776 80 200 120
0.2949 -3.3263 0.4792 80 200 120
-0.9595 -2.3786 0.4069 80 200 120
2.7014 0.2915 0.5761 80 200 120
2.0105 2.9820 -0.1574 80 200 120
0.3202 -0.0088 0.1271 80 200 120
0.5333 0.7619 0.6670 80 200 120
-1.8085 1.1731 -0.2434 80 200 120
1.4847 -1.2691 -0.0525 80 200 120
3.6590 0.4802 1.8413 80 200 120
-1.0607 0.8412 0.2415 80 200 120
0.2815 -2.2632 1.1161 80 200 120
-0.9646 0.1115 -0.0488 80 200 120
2.6929 -3.3670 -0.0279 80 200 120
5.2190 8.1904 0.8635 80 200 120
3.2674 -3.6569 0.6300 80 200 120
-0.7935 -3.6457 2.8412 80 200 120
-1.3052 -5.0794 2.1995 80 200 120
-0.7913 -4.9539 2.8900 80 200 120
-0.9822 -4.5632 3.0752 80 200 120
3.5073 -0.5895 2.8702 80 200 120
3.5063 -1.2112 2.4543 80 200 120
3.3687 -4.8432 0.0216 80 200 120
2.8735 -5.0294 1.2815 80 200 120
0.8083 -2.5420 3.1254 80 200 120
2.5039 -5.2151 0.9558 80 200 120
1.9419 -4.8775 1.7012 80 200 120
-0.0343 -3.3124 2.3462 80 200 120
0.4380 -2.4880 2.4221 80 200 120
3.1936 -1.3030 3.1176 80 200 120
0.9346 3.2145 0.0433 80 200 120
1.5623 2.7277 0.1797 80 200 120
3.4312 1.3942 1.5610 80 200 120
-0.9567 4.8153 3.0325 80 200 120
-0.9185 3.1395 0.4883 80 200 120
-1.9999 4.0412 0.3515 80 200 120
3.1414 0.2542 2.1570 80 200 120
-3.2270 4.7120 1.2911 80 200 120
2.3570 2.7859 0.5133 80 200 120
-1.2185 3.1250 0.7429 80 200 120
-3.5022 -3.8333 2.1808 80 200 120
-3.4526 -3.9727 2.7325 80 200 120
-3.8760 -0.4089 0.4660 80 200 120
-1.7166 -4.9973 1.6893 80 200 120
-2.5447 -3.0876 1.3693 80 200 120
-0.9088 -2.6912 1.8092 80 200 120
-0.6595 -5.1681 2.4238 80 200 120
-2.9629 -1.4765 1.1737 80 200 120
-2.3854 -2.8544 0.8297 80 200 120
0.2540 -4.1912 3.3315 80 200 120
-2.5861 -1.0301 1.3501 80 200 120
-0.0725 -0.0573 0.3977 80 200 120
0.3441 0.1521 0.0864 80 200 120
-2.1225 -5.0450 3.1707 80 200 120
-0.3133 -1.6544 0.8191 80 200 120
-1.4230 -4.7064 0.1579 80 200 120
2.5731 -1.1009 -0.2542 80 200 120
-0.5715 -1.6938 0.8853 80 200 120
-3.3646 2.8893 1.5734 80 200 120
2.7749 0.3284 0.5833 80 200 120
0.2715 -2.2944 1.0919 80 200 120
0.4350 -2.4508 0.5154 80 200 120
-2.5870 -2.2705 1.2639 80 200 120
-2.6273 -2.7699 1.3278 80 200 120
-3.0662 -2.7855 1.3921 80 200 120
-3.1761 -2.2726 1.3465 80 200 120
0.2863 -2.6323 0.8623 80 200 120
-3.1474 -1.6958 1.1858 80 200 120
2.6979 2.2367 0.5678 80 200 120
-2.5486 -1.9163 1.3727 80 200 120
-0.2981 -1.0143 -0.0326 80 200 120
3.2226 2.4159 0.0334 80 200 120
1.9362 3.2861 0.6213 80 200 120
0.2631 -1.6927 0.9737 80 200 120
-0.8117 2.8045 0.7679 80 200 120
-0.8314 5.3016 0.3400 80 200 120
3.5156 -3.8174 1.0655 80 200 120
3.5844 -3.2414 1.4239 80 200 120
-0.8503 -3.9427 3.1961 80 200 120
3.0604 -3.2154 0.8534 80 200 120
0.4330 -2.8811 2.9477 80 200 120
3.4410 -2.4354 1.9878 80 200 120
3.7681 0.7246 3.1741 80 200 120
3.4044 -4.2602 0.7485 80 200 120
-2.4353 4.2376 0.2447 80 200 120
0.5473 4.5024 -0.3486 80 200 120
-3.5154 -0.7287 2.8715 80 200 120
-4.2730 -5.9905 -0.9090 80 200 120
-1.2804 -5.0045 1.1582 80 200 120
-3.0044 -3.6588 1.1938 80 200 120
-0.5838 -5.2492 2.1227 80 200 120
-0.7437 -5.0416 3.1590 80 200 120
-3.1594 -2.5772 3.1810 80 200 120
-2.8195 -1.1302 0.9453 80 200 120
-3.1899 -4.4259 0.3064 80 200 120
-1.9091 -5.4666 0.9176 80 200 120
-0.0879 -3.4591 3.1794 80 200 120
-3.1402 2.2676 2.2521 80 200 120
-1.2750 1.2743 3.2747 80 200 120
-1.2660 -5.1596 1.4009 80 200 120
-1.8929 -0.9935 3.2023 80 200 120
-3.1176 1.7905 2.7503 80 200 120
-3.5309 -2.3141 2.0061 80 200 120
-0.9880 -1.9800 3.1880 80 200 120
-2.3870 -3.6691 0.7102 80 200 120
3.3966 -4.2255 0.0563 80 200 120
2.1609 -3.4044 -0.0042 80 200 120
2.5252 -2.3335 -0.0519 80 200 120
2.7738 -3.3464 -0.0244 80 200 120
2.8336 -0.8792 0.7021 80 200 120
2.7500 -1.1667 0.5601 80 200 120
2.4537 -1.0246 0.6117 80 200 120
2.4118 -0.7141 0.0354 80 200 120
-2.0839 0.6255 -0.1489 80 200 120
0.2866 -3.1036 0.9598 80 200 120
-0.0099 -0.0375 -0.0416 80 200 120
-0.3462 1.6753 0.1391 80 200 120
2.5643 -0.0623 0.5140 80 200 120
-2.5916 -3.4334 1.3705 80 200 120
3.6937 2.2972 -0.2629 80 200 120
2.8675 0.5792 0.7758 80 200 120
1.4528 -2.8824 -0.0815 80 200 120
1.6863 -1.0458 -0.0447 80 200 120
0.1147 -1.5679 0.3441 80 200 120
-0.0840 0.1212 0.9744 80 200 120
0.7566 -2.4021 0.5290 80 200 120
0.3576 -2.6894 0.6293 80 200 120
-0.0685 -0.0210 0.7491 80 200 120
0.8776 -2.7222 1.0230 80 200 120
1.5568 6.0689 -0.3614 80 200 120
-0.8172 3.1864 1.0960 80 200 120
0.7501 -2.4431 0.8558 80 200 120
-0.3599 3.7345 0.2273 80 200 120
-4.6713 6.1175 -3.3604 80 200 120
-0.5790 1.0659 0.9882 80 200 120
3.2813 -2.7036 1.3501 80 200 120
-1.4928 -5.1621 2.8722 80 200 120
3.2713 0.0914 3.0669 80 200 120
3.6376 -1.3090 2.6832 80 200 120
3.5425 -2.5611 2.5537 80 200 120
3.4580 -4.8949 0.4350 80 200 120
2.7196 -5.4855 0.5022 80 200 120
3.5632 0.5572 2.1613 80 200 120
3.5946 0.4381 1.8532 80 200 120
-2.6051 -5.1164 2.5095 80 200 120
-3.3688 -4.2028 -0.1708 80 200 120
0.1468 -3.4469 3.1812 80 200 120
-3.2435 -1.8485 1.4770 80 200 120
-2.4055 -1.7463 1.0428 80 200 120
-3.6135 -1.7194 1.8897 80 200 120
-2.6825 -2.0615 1.1795 80 200 120
-2.6867 -3.7618 1.3528 80 200 120
-1.3648 -5.1438 2.1764 80 200 120
-3.0872 -13.3683 -0.2759 80 200 120
-3.5337 0.8397 2.1115 80 200 120
-3.5873 -1.4133 1.9081 80 200 120
-1.2505 -5.5816 1.5635 80 200 120
-1.5884 -2.1967 -0.0530 80 200 120
2.3047 -2.8501 -0.0979 80 200 120
-0.1033 0.0695 0.2319 80 200 120
-2.6137 -1.0331 1.3230 80 200 120
0.4642 -2.8092 1.5991 80 200 120
-2.5648 -4.3436 2.9893 80 200 120
3.5253 -3.8720 0.5031 80 200 120
0.3424 0.1739 0.3422 80 200 120
-2.3967 -1.3026 0.0945 80 200 120
0.5557 3.3686 0.5490 80 200 120
-3.0692 -4.1318 1.3519 80 200 120
-2.8370 -2.6832 1.4644 80 200 120
-2.3605 -1.6144 1.4684 80 200 120
-2.5129 -2.9226 1.4267 80 200 120
1.5664 0.3580 -0.1103 80 200 120
2.7998 0.6727 0.4938 80 200 120
-0.6856 2.4382 0.9087 80 200 120
0.4572 -2.5102 0.3099 80 200 120
-0.7572 1.9226 0.8445 80 200 120
0.7764 -2.4656 2.6667 80 200 120
3.5891 -3.5518 0.5255 80 200 120
3.2623 -3.7055 0.6311 80 200 120
3.4936 -2.1988 1.9193 80 200 120
0.8016 -2.5385 2.6056 80 200 120
0.8095 -2.5087 2.7613 80 200 120
2.8495 -5.1031 0.6276 80 200 120
3.4893 -1.0573 2.0222 80 200 120
-4.1316 3.8938 0.6518 80 200 120
1.9367 4.4362 0.1154 80 200 120
-0.3578 3.2720 1.1009 80 200 120
-3.4872 2.7092 2.1934 80 200 120
1.9469 2.9237 0.4294 80 200 120
2.8477 3.8812 0.0324 80 200 120
-3.0391 -5.3482 2.1689 80 200 120
-1.4796 -4.9550 3.1743 80 200 120
-2.0908 -4.9213 3.1472 80 200 120
-2.8377 -4.7303 2.5518 80 200 120
-1.7300 -4.7712 0.7663 80 200 120
-3.5310 -1.7599 0.9143 80 200 120
-3.5136 0.3380 1.7788 80 200 120
-0.2918 -3.1439 3.1107 80 200 120
-3.8648 0.1512 1.3496 80 200 120
-3.1784 -2.4297 1.5592 80 200 120
-2.5347 -5.3877 2.1860 80 200 120
-2.4218 -2.1892 -0.0531 80 200 120
0.8295 -2.3839 1.7785 80 200 120
0.7508 -2.4124 1.7462 80 200 120
2.6762 -1.2244 0.7921 80 200 120
2.5857 -1.2161 0.1497 80 200 120
2.5521 -1.0665 0.4946 80 200 120
0.7409 -2.3745 1.6425 80 200 120
2.8165 -1.4276 0.4846 80 200 120
0.7643 -2.4408 1.3599 80 200 120
-1.3058 -4.5500 2.9921 80 200 120
-0.5768 -2.9473 0.9049 80 200 120
0.1407 -0.0628 0.0068 80 200 120
-2.5476 -4.0934 1.3869 80 200 120
-2.8285 -4.3841 0.4005 80 200 120
2.6170 -1.1983 0.0821 80 200 120
0.2934 -1.9875 0.9451 80 200 120
0.4499 -2.5767 0.2897 80 200 120
0.2927 -1.8698 0.8415 80 200 120
2.5455 -0.0736 0.5049 80 200 120
-0.7806 -3.5640 0.6403 80 200 120
0.4269 0.3333 0.4273 80 200 120
2.8771 0.9205 0.1047 80 200 120
1.4270 0.5926 -0.0416 80 200 120
3.1895 1.6303 0.1438 80 200 120
0.5385 3.2252 0.6143 80 200 120
3.7135 5.3361 3.1662 80 200 120
0.3067 -3.2282 -0.0118 80 200 120
0.2555 -1.8618 0.8017 80 200 120
0.3455 -2.0586 0.8325 80 200 120
-0.7524 1.6183 0.7626 80 200 120
0.4566 -2.7189 2.8803 80 200 120
-2.0575 -5.7474 3.2390 80 200 120
-2.3144 -5.2187 3.2555 80 200 120
3.6024 -3.2472 1.3785 80 200 120
-1.0681 -4.2763 3.3131 80 200 120
-0.8543 -5.0409 3.1884 80 200 120
0.7754 -2.4277 2.8232 80 200 120
0.2240 1.9316 0.6567 80 200 120
-0.8633 2.2024 0.6695 80 200 120
-1.1127 2.1941 0.7814 80 200 120
0.1677 3.8589 0.3429 80 200 120
3.2021 2.9774 0.1901 80 200 120
1.3299 5.9746 -0.8778 80 200 120
0.5678 3.7699 -0.0225 80 200 120
3.3152 3.3403 0.6796 80 200 120
-3.3855 -2.0747 1.3446 80 200 120
0.7300 -5.2793 3.2378 80 200 120
-0.5837 -4.9175 1.8633 80 200 120
-1.0651 -5.0317 3.2083 80 200 120
-3.2291 -2.4025 1.0071 80 200 120
-3.0186 -2.2536 1.3876 80 200 120
-2.3535 -2.8279 0.8323 80 200 120
-2.4065 -3.0898 0.7965 80 200 120
-2.3454 -3.7456 0.8840 80 200 120
-2.4138 -1.0916 1.4134 80 200 120
-4.9792 -1.2953 0.4321 80 200 120
-2.4239 -3.0479 1.4189 80 200 120
-2.4533 -4.0809 1.5272 80 200 120
-4.4646 -2.2485 0.3732 80 200 120
-4.3261 -1.5071 1.0967 80 200 120
-2.7851 -3.3109 1.5457 80 200 120
-2.0248 -3.2283 0.2827 80 200 120
0.2978 -2.5398 0.6344 80 200 120
-0.1193 0.0943 0.1929 80 200 120
0.3430 0.2859 -0.0610 80 200 120
2.1606 -0.5038 0.2094 80 200 120
-2.9763 -1.6486 1.2203 80 200 120
1.8985 -0.0948 0.0381 80 200 120
-0.0740 -5.0279 -0.0456 80 200 120
2.5241 -0.8735 0.5464 80 200 120
3.0752 -2.2198 -0.0675 80 200 120
3.4464 -4.0866 1.5878 80 200 120
2.7331 -1.2551 0.3593 80 200 120
-0.8073 -4.0354 0.0713 80 200 120
3.5695 -3.2262 1.4236 80 200 120
1.4356 -1.0608 -0.0890 80 200 120
0.7429 -2.4136 1.0504 80 200 120
0.3083 0.0166 0.0459 80 200 120
-2.6219 -1.0173 0.5627 80 200 120
-2.7665 -3.8851 1.4515 80 200 120
-2.4776 -1.4194 0.8622 80 200 120
-2.0786 -3.2929 0.2611 80 200 120
3.3418 1.8342 0.5480 80 200 120
3.4501 1.5690 0.6101 80 200 120
3.3656 1.2081 0.9165 80 200 120
4.1821 1.7664 0.9485 80 200 120
3.2408 1.4393 0.4876 80 200 120
3.1239 0.5489 1.3030 80 200 120
3.5686 1.8798 0.7555 80 200 120
3.1973 0.9807 0.7241 80 200 120
0.6244 -2.2711 0.3111 80 200 120
1.6395 3.6175 0.2004 80 200 120
2.8654 -1.6029 0.6927 80 200 120
3.3352 3.5511 0.6420 80 200 120
-1.1906 1.0260 0.0664 80 200 120
0.1682 4.0030 0.3090 80 200 120
-1.3484 1.0503 0.4800 80 200 120
0.3147 -2.3529 0.4858 80 200 120
-1.1600 0.5266 -0.0696 80 200 120
-0.5032 3.6127 0.9261 80 200 120
-1.4949 2.4543 0.8582 80 200 120
3.1419 0.9830 2.8448 80 200 120
-0.1014 0.2485 0.9017 80 200 120
-1.1388 1.3939 0.9093 80 200 120
3.5183 0.9368 3.1345 80 200 120
3.3724 -0.2158 3.1183 80 200 120
0.7022 -2.3586 3.1750 80 200 120
3.4517 -2.8532 1.3978 80 200 120
3.5729 -3.8844 0.4211 80 200 120
0.4464 -2.4982 3.2130 80 200 120
3.5857 -0.9596 2.4337 80 200 120
2.0771 -0.3381 3.1485 80 200 120
3.3080 -4.6697 0.1404 80 200 120
0.7612 -2.4177 2.9782 80 200 120
3.4317 -3.3492 0.9811 80 200 120
0.7404 -2.4074 3.1268 80 200 120
3.3004 4.7724 2.1389 80 200 120
3.4198 0.3395 1.8671 80 200 120
0.6673 5.2406 0.8753 80 200 120
-0.3556 3.7254 0.4935 80 200 120
-3.4066 3.0020 1.5126 80 200 120
-3.2496 3.3596 1.0962 80 200 120
-2.6053 -4.7460 3.1977 80 200 120
-2.2084 -3.3321 3.2310 80 200 120
-3.4578 -4.8051 1.6898 80 200 120
-1.6863 -3.7395 3.2396 80 200 120
-3.1797 -4.5533 0.8552 80 200 120
-3.1510 -4.8052 0.2367 80 200 120
-0.4449 -3.2161 2.3464 80 200 120
-3.5606 -1.5197 2.5873 80 200 120
-3.0700 -4.0001 3.0723 80 200 120
-3.5294 -3.3916 1.8590 80 200 120
-3.5115 2.1694 2.7793 80 200 120
-3.3717 -0.8846 1.7922 80 200 120
0.8880 -2.2202 0.4307 80 200 120
0.5968 -1.1187 -0.0763 80 200 120
0.2334 -1.1691 0.0634 80 200 120
1.0634 -1.7618 -0.0881 80 200 120
1.9926 -1.7157 -0.1020 80 200 120
-0.7745 -2.5035 0.5659 80 200 120
2.8762 -1.1630 0.6808 80 200 120
2.6973 -1.1871 0.0344 80 200 120
-2.4191 -3.4884 0.4885 80 200 120
-1.4258 -4.7648 3.0426 80 200 120
0.6075 -2.4532 0.8687 80 200 120
3.5013 -4.7785 2.5174 80 200 120
-0.0508 0.0684 -0.1151 80 200 120
-2.8815 -4.5787 3.0727 80 200 120
0.4634 -2.6690 1.4033 80 200 120
-2.4800 -4.0545 1.1409 80 200 120
-0.8650 -3.5059 0.5207 80 200 120
-2.2792 -1.5960 0.1131 80 200 120
2.9504 0.7296 0.1171 80 200 120
3.3138 1.7671 0.0211 80 200 120
-4.1285 5.7048 3.3287 80 200 120
-2.5348 -3.2015 1.5686 80 200 120
0.6245 -2.3300 -0.0151 80 200 120
2.3638 -0.6412 0.0116 80 200 120
2.3328 -0.3470 -0.0657 80 200 120
0.3289 0.1111 0.5190 80 200 120
1.9842 2.6318 -0.1025 80 200 120
0.3007 -2.5262 0.5901 80 200 120
0.3042 -3.0026 0.3950 80 200 120
0.4593 -2.5230 0.2938 80 200 120
0.2583 -3.2046 0.9476 80 200 120
0.7230 -2.3696 0.8592 80 200 120
0.6829 -2.3489 0.5292 80 200 120
0.7552 -2.4160 1.0818 80 200 120
2.9922 -5.0055 -0.1168 80 200 120
4.0298 -0.3428 1.8410 80 200 120
0.4714 -2.6637 2.8375 80 200 120
3.7010 -0.3783 3.1698 80 200 120
3.2515 0.1107 3.0529 80 200 120
3.4316 -2.9436 1.0990 80 200 120
3.5288 -2.4548 1.9628 80 200 120
3.3818 -2.0200 1.7231 80 200 120
0.4709 -2.6446 2.7534 80 200 120
0.5316 -5.0096 3.1728 80 200 120
3.5769 -2.3911 1.2630 80 200 120
3.4874 -1.8080 2.3798 80 200 120
-0.2902 -5.0691 3.1758 80 200 120
-0.4648 2.6816 0.2530 80 200 120
0.1998 3.6239 0.4287 80 200 120
1.4285 4.3907 0.5243 80 200 120
0.1939 2.1407 0.6082 80 200 120
1.1052 4.4033 -0.0678 80 200 120
3.4021 3.7358 1.3134 80 200 120
-3.2116 4.3339 0.0757 80 200 120
1.4029 4.0107 -0.1660 80 200 120
-1.2987 3.4999 1.1361 80 200 120
1.9748 4.6103 0.0818 80 200 120
-3.6553 1.7649 2.7329 80 200 120
-2.5334 -2.5270 1.0266 80 200 120
-2.4964 -3.3290 1.3740 80 200 120
-3.3892 -3.7581 1.6923 80 200 120
-3.4509 -2.6763 1.7041 80 200 120
0.4010 -5.1553 3.1859 80 200 120
-2.3981 -1.1112 1.4091 80 200 120
-1.1310 -3.8939 3.2437 80 200 120
-3.1637 0.5973 2.1392 80 200 120
0.7050 -2.3610 1.4755 80 200 120
-3.4864 -2.3149 1.2419 80 200 120
-2.1436 -1.5918 1.5029 80 200 120
-1.2186 -4.7533 -0.0912 80 200 120
-3.4577 0.0048 -0.0289 80 200 120
-2.6578 -2.3252 0.0493 80 200 120
2.1719 -1.3599 -0.0858 80 200 120
3.5155 -3.0535 0.5021 80 200 120
0.2955 0.2131 0.9606 80 200 120
0.3054 0.3373 0.9972 80 200 120
2.6349 0.5895 -0.0550 80 200 120
3.2699 2.0704 0.4268 80 200 120
3.2753 2.4753 -0.0321 80 200 120
2.7676 0.9832 0.0466 80 200 120
1.3658 0.9137 -0.0789 80 200 120
1.2574 1.4191 0.0901 80 200 120
1.9689 0.7932 -0.0159 80 200 120
0.2458 1.9799 0.6585 80 200 120
0.3102 -2.4984 0.9439 80 200 120
0.2790 -2.2951 0.6893 80 200 120
-0.2470 1.2432 0.2845 80 200 120
-0.2869 -1.0114 -0.0135 80 200 120
-1.3525 1.2325 0.8696 80 200 120
0.2905 -1.9177 1.0456 80 200 120
3.4843 -3.4338 1.0733 80 200 120
3.5821 -4.1565 1.0357 80 200 120
0.6429 -5.0180 1.9061 80 200 120
0.0288 -5.1480 2.4593 80 200 120
0.8463 -5.0472 3.0198 80 200 120
-0.5828 -5.0509 3.2192 80 200 120
-0.8517 -5.2488 2.9220 80 200 120
-0.8996 -5.0435 2.6099 80 200 120
-2.4436 4.7665 2.9907 80 200 120
3.8475 0.6291 1.8066 80 200 120
-3.2845 0.7415 3.1587 80 200 120
-0.6630 2.4448 0.8477 80 200 120
-0.9585 2.2658 0.9509 80 200 120
-0.5934 2.5319 1.3272 80 200 120
-3.5929 0.6803 2.7114 80 200 120
-2.1175 -5.1489 2.5516 80 200 120
-2.8284 -2.2836 1.1932 80 200 120
-2.8246 -3.8895 1.2608 80 200 120
-2.5047 -1.4684 1.5972 80 200 120
-1.1580 -4.8599 1.5102 80 200 120
-2.3573 -1.3561 1.4594 80 200 120
-2.3090 -5.0841 2.8098 80 200 120
-1.6936 -5.0575 2.8270 80 200 120
-3.5635 -2.9051 2.6706 80 200 120
-2.3752 -3.9524 -0.0193 80 200 120
1.3075 -0.3590 -0.0272 80 200 120
-2.2395 -1.8235 1.3904 80 200 120
2.8915 -1.5439 -0.0470 80 200 120
-3.0049 -3.3657 1.4185 80 200 120
-2.4152 -1.0324 0.2304 80 200 120
-3.6989 -4.5655 2.7743 80 200 120
-1.8769 -4.5941 -0.1254 80 200 120
-2.3750 -2.9923 -0.0375 80 200 120
2.4741 -0.1298 0.5783 80 200 120
0.6259 -2.3301 0.1869 80 200 120
0.3873 -2.5005 0.2840 80 200 120
3.6333 0.8385 0.0341 80 200 120
-2.8528 -3.3423 1.4479 80 200 120
2.0166 1.0109 0.0319 80 200 120
0.7026 1.0397 0.5951 80 200 120
2.7061 -0.7156 0.7559 80 200 120
-1.3038 1.4858 1.0047 80 200 120
-0.6232 1.2983 -0.0918 80 200 120
-0.4008 4.0773 0.2465 80 200 120
3.5064 1.3193 3.0813 80 200 120
3.5696 -3.3948 1.7615 80 200 120
2.1570 0.3495 3.1194 80 200 120
-1.8052 -5.3063 3.1687 80 200 120
-1.4899 -5.0865 2.8665 80 200 120
-1.0114 -4.1981 3.3106 80 200 120
-0.9166 -5.1394 3.2366 80 200 120
-1.4855 -5.4332 3.3177 80 200 120
0.7178 -2.3619 2.6021 80 200 120
-1.3551 -5.1959 2.7573 80 200 120
0.7575 -4.8775 3.2294 80 200 120
0.2105 -4.9194 3.2009 80 200 120
1.9784 -1.1244 3.2460 80 200 120
3.5687 0.3033 2.8023 80 200 120
0.7103 -5.1844 2.1547 80 200 120
-0.6035 -5.7541 2.3280 80 200 120
0.0534 -5.0157 2.7704 80 200 120
0.9120 -2.5253 2.5941 80 200 120
3.4532 -0.9459 2.3123 80 200 120
3.6252 -3.4557 2.7611 80 200 120
0.4333 -5.3000 2.0284 80 200 120
0.6754 -5.0400 2.7824 80 200 120
0.3724 -4.3981 3.2348 80 200 120
3.4842 3.4368 2.7074 80 200 120
3.6185 4.0167 3.0913 80 200 120
1.4715 4.4406 3.3761 80 200 120
3.4954 2.3966 1.9109 80 200 120
-1.0703 1.1572 0.9838 80 200 120
-0.1742 1.9484 1.0486 80 200 120
-1.4947 2.7460 0.7425 80 200 120
-3.0699 3.0451 0.2655 80 200 120
0.6139 4.0334 -0.1434 80 200 120
-3.5343 0.9747 3.1255 80 200 120
-2.2096 -2.5297 1.6514 80 200 120
-2.7160 -3.4868 1.2820 80 200 120
0.6688 -5.1387 3.2152 80 200 120
0.3118 -1.6858 0.9604 80 200 120
0.3126 -1.5994 0.8688 80 200 120
-0.9609 -1.7342 0.3639 80 200 120
2.9129 -1.4210 0.4232 80 200 120
-2.6937 -4.8161 3.1166 80 200 120
3.3514 -3.1471 1.5174 80 200 120
-5.0557 -6.8606 2.5131 80 200 120
-2.4804 -5.1154 1.5656 80 200 120
0.4742 -2.6038 1.3951 80 200 120
0.6900 -2.3546 1.3333 80 200 120
2.9281 -2.4864 -0.0412 80 200 120
-1.5043 -1.4370 -0.0508 80 200 120
-2.0944 -5.2839 2.0979 80 200 120
-2.4665 -1.0618 0.2312 80 200 120
-0.3028 -1.5534 0.7850 80 200 120
-2.4529 -2.2073 -0.1269 80 200 120
-0.6867 -3.4106 0.7032 80 200 120
-0.9660 -2.2713 0.1323 80 200 120
2.6068 1.9682 0.5769 80 200 120
-2.6843 -1.0067 1.3048 80 200 120
-2.3480 -3.9289 1.4719 80 200 120
-2.4972 -2.6817 1.3848 80 200 120
-2.9977 -2.2589 1.3877 80 200 120
-2.7614 -3.8710 1.4720 80 200 120
-2.6661 -1.3024 1.3361 80 200 120
-1.4636 -4.7191 0.1517 80 200 120
-2.4797 -4.3957 0.4001 80 200 120
2.4315 0.7293 -0.0292 80 200 120
1.3617 0.4430 -0.0830 80 200 120
1.6934 1.1736 0.0742 80 200 120
1.5934 0.8378 0.0263 80 200 120
1.8050 0.5218 0.0260 80 200 120
1.3346 -0.2723 -0.0365 80 200 120
2.5426 -0.9946 0.5181 80 200 120
-0.1223 0.2747 0.3638 80 200 120
-2.5463 1.6473 -0.1381 80 200 120
0.2876 -3.1184 1.0032 80 200 120
0.6989 -2.3410 1.9689 80 200 120
0.7034 -2.3531 1.3108 80 200 120
0.1379 -4.7001 0.1837 80 200 120
1.2297 -5.0872 2.4884 80 200 120
0.8858 -4.8665 2.4119 80 200 120
3.4943 -1.7486 3.1727 80 200 120
0.8610 -4.8803 1.5395 80 200 120
2.2441 -3.3083 1.9013 80 200 120
1.0967 -4.9605 3.2340 80 200 120
-0.1852 -5.1274 2.7594 80 200 120
0.6775 -2.3319 2.6557 80 200 120
1.1430 -5.0871 2.0935 80 200 120
3.0486 -2.1901 2.7125 80 200 120
-0.1112 3.0824 2.0165 80 200 120
-0.6444 2.7379 -0.1188 80 200 120
-2.9560 3.5058 -0.2325 80 200 120
-3.4275 2.1537 1.1870 80 200 120
-0.6683 1.4035 0.9058 80 200 120
-2.2660 3.5237 0.4279 80 200 120
3.1868 4.5645 -0.2093 80 200 120
1.8005 3.9816 0.2807 80 200 120
-0.0580 1.2326 0.7510 80 200 120
1.4236 2.6019 0.2671 80 200 120
-2.3084 -3.7025 0.8994 80 200 120
-3.4722 -1.3177 1.3010 80 200 120
-3.1035 -0.3490 2.3049 80 200 120
-3.0110 -1.4179 1.1812 80 200 120
-3.9720 -4.3128 1.1239 80 200 120
-2.4380 -3.0823 0.8600 80 200 120
1.2179 -5.1410 3.1815 80 200 120
-2.3226 1.3922 3.2619 80 200 120
-0.8797 -5.1074 1.8540 80 200 120
0.2479 -4.9129 -0.0713 80 200 120
0.3532 -1.7147 0.6714 80 200 120
-2.7801 -4.5522 3.0258 80 200 120
-1.7784 -3.2593 -0.0879 80 200 120
-3.2409 -2.2980 1.3066 80 200 120
2.7178 -1.1976 0.0021 80 200 120
2.4690 -1.0055 0.5659 80 200 120
2.8385 -1.1612 0.4875 80 200 120
2.3760 -0.7439 0.0758 80 200 120
-2.8867 -4.9817 -0.0664 80 200 120
1.6421 -1.2322 -0.0459 80 200 120
0.4912 -2.6334 0.8137 80 200 120
-0.0393 -1.6142 1.0166 80 200 120
0.4686 -2.6194 1.6672 80 200 120
2.6688 -3.1377 1.0400 80 200 120
-2.4128 -3.4248 -0.1145 80 200 120
0.0459 -1.6083 0.9646 80 200 120
-2.3979 -1.6501 0.0002 80 200 120
2.2470 -0.4057 0.0566 80 200 120
-4.0295 5.3773 3.2200 80 200 120
-2.4468 -1.3104 -0.0070 80 200 120
2.3072 -0.6768 0.1116 80 200 120
1.8095 0.1761 -0.0116 80 200 120
0.5564 0.0323 0.6677 80 200 120
3.5332 2.4149 1.8409 80 200 120
0.3815 0.2951 0.8774 80 200 120
-1.2162 2.6583 0.8980 80 200 120
0.7081 -2.3502 1.6181 80 200 120
0.6997 -2.3530 1.8687 80 200 120
-1.6525 0.9806 -0.0504 80 200 120
-2.0182 0.6531 -0.0531 80 200 120
1.1577 5.1233 1.9018 80 200 120
0.6841 -2.3468 1.7559 80 200 120
0.1245 1.4058 0.5841 80 200 120
-0.9703 -5.3754 2.9451 80 200 120
0.1199 -3.5075 3.2242 80 200 120
0.4729 -2.5986 2.9070 80 200 120
0.9494 -4.9531 1.9042 80 200 120
2.3749 -0.9247 3.2144 80 200 120
1.2014 -5.0521 1.8120 80 200 120
1.3377 -4.9639 3.1322 80 200 120
1.4042 -5.0399 2.6887 80 200 120
-0.6171 8.5577 -1.3786 80 200 120
1.9729 2.8554 0.5111 80 200 120
-3.2046 1.8195 0.8154 80 200 120
-1.9566 -5.0893 2.2046 80 200 120
-3.1705 -5.0715 -0.0127 80 200 120
-2.8726 -1.6958 1.4304 80 200 120
-3.4295 -0.2079 1.6175 80 200 120
-2.5197 -2.6241 1.5521 80 200 120
-2.4466 -2.6834 1.3677 80 200 120
-2.8524 -3.0282 1.3195 80 200 120
-2.6488 -3.1983 1.3413 80 200 120
-3.0199 -3.4748 0.9048 80 200 120
-1.2183 -4.9305 2.1511 80 200 120
-2.3906 -2.9226 -0.0497 80 200 120
-2.7149 -2.1224 1.2726 80 200 120
-2.3373 -2.6429 1.4621 80 200 120
0.4668 -2.6114 1.7990 80 200 120
-2.1497 -4.1620 2.4718 80 200 120
2.7853 -1.6074 0.0083 80 200 120
-0.2481 -2.7136 1.1405 80 200 120
1.2524 -4.9860 -0.0214 80 200 120
1.5578 -4.9791 0.0717 80 200 120
2.6794 -0.0824 -0.3775 80 200 120
-0.5106 -3.8334 0.0088 80 200 120
-1.6097 -5.0438 3.0944 80 200 120
-2.8038 2.3910 0.3308 80 200 120
-3.1657 1.5320 0.8520 80 200 120
0.3997 0.0436 0.1409 80 200 120
2.8190 0.6357 0.2278 80 200 120
3.2959 3.1491 0.0125 80 200 120
3.2610 2.3923 0.1586 80 200 120
3.7541 3.0825 1.3343 80 200 120
0.1541 -0.0810 0.0315 80 200 120
0.4028 -0.0403 0.1875 80 200 120
-3.1482 2.9733 0.1579 80 200 120
-0.6002 0.4886 -0.0764 80 200 120
-0.9169 0.8598 -0.0527 80 200 120
-0.2509 2.6605 0.7229 80 200 120
-0.7744 -2.2663 0.6462 80 200 120
1.1359 -5.0550 2.7211 80 200 120
1.6695 -5.0787 1.8088 80 200 120
0.6731 -2.3392 2.5985 80 200 120
3.5147 -1.6466 1.6974 80 200 120
0.4206 -4.4382 3.2308 80 200 120
-0.1067 -3.4833 3.2062 80 200 120
1.5982 -5.0593 2.4350 80 200 120
1.4937 -5.0890 2.1997 80 200 120
3.6435 -2.9321 2.4285 80 200 120
0.7259 -2.3591 2.5653 80 200 120
0.4536 -2.5162 3.2225 80 200 120
3.2206 -2.0804 2.5018 80 200 120
3.2372 4.9466 3.4032 80 200 120
3.3346 2.5824 3.0569 80 200 120
2.2650 4.8963 3.4420 80 200 120
2.4105 5.4600 3.0110 80 200 120
3.0023 5.2959 3.1030 80 200 120
0.5201 3.5083 2.9094 80 200 120
1.5884 4.8104 3.1543 80 200 120
3.3437 4.6252 2.7677 80 200 120
0.9285 3.1074 3.3399 80 200 120
3.3645 3.2433 3.1986 80 200 120
1.8106 5.2084 3.0534 80 200 120
3.4500 4.8611 3.1237 80 200 120
0.3427 2.7825 3.1603 80 200 120
2.3996 5.3521 3.2658 80 200 120
3.6086 3.1090 2.8910 80 200 120
2.6581 4.9153 3.2704 80 200 120
3.8845 4.6858 3.7257 80 200 120
3.3925 5.4015 2.7160 80 200 120
3.4659 3.0174 3.3211 80 200 120
2.5500 3.0529 3.5161 80 200 120
1.1117 4.1211 3.2240 80 200 120
1.1619 4.9020 2.9508 80 200 120
1.7456 4.3211 3.4510 80 200 120
1.6181 1.0241 3.3303 80 200 120
2.8774 4.6296 3.4796 80 200 120
1.6785 1.1653 3.3251 80 200 120
1.5593 1.7892 3.3012 80 200 120
1.9611 1.9971 3.3894 80 200 120
3.3085 1.9619 3.0073 80 200 120
1.4870 0.1377 3.1598 80 200 120
1.0601 4.8883 1.9219 80 200 120
1.5561 4.9613 1.9767 80 200 120
2.8475 5.4562 2.8126 80 200 120
1.2934 3.8665 3.4740 80 200 120
-4.0936 2.2755 0.4705 80 200 120
-1.3964 1.1728 0.9372 80 200 120
3.3607 0.5480 2.1064 80 200 120
2.7268 3.6179 0.1951 80 200 120
1.3402 5.2849 -0.0868 80 200 120
3.6645 0.4734 1.8325 80 200 120
-1.4779 3.9208 1.0050 80 200 120
-2.5232 -4.1258 0.6399 80 200 120
-2.3689 -2.0739 1.3211 80 200 120
-2.6488 -1.9084 1.3246 80 200 120
0.7107 -5.1345 3.1931 80 200 120
-2.7123 -2.0599 1.5373 80 200 120
-1.3614 -3.7215 3.1847 80 200 120
-3.4995 -1.8942 3.2035 80 200 120
-2.6308 -5.2047 1.2389 80 200 120
-2.7648 -1.7193 1.1789 80 200 120
-3.4092 0.2638 1.8959 80 200 120
1.3888 -5.0979 3.1834 80 200 120
0.7107 -2.3619 1.1051 80 200 120
-1.9735 -4.2026 -0.0530 80 200 120
0.0592 -4.1199 -0.0696 80 200 120
-3.6614 -2.3191 1.1709 80 200 120
2.2293 -0.7650 0.1931 80 200 120
-2.4258 -1.9934 1.2653 80 200 120
3.0607 -1.2044 0.6438 80 200 120
0.4958 -2.6421 1.1508 80 200 120
-2.9135 -3.3389 1.4301 80 200 120
1.4220 -4.4209 -0.0898 80 200 120
0.6788 -5.0072 3.1782 80 200 120
-1.3611 -2.5925 -0.0677 80 200 120
-3.8527 -1.5184 0.8946 80 200 120
-2.4619 -2.0421 1.2858 80 200 120
2.3735 0.2385 -0.0047 80 200 120
1.9855 0.1655 -0.0891 80 200 120
2.9518 -2.7642 0.3825 80 200 120
-2.8925 2.1005 0.3113 80 200 120
-2.7797 1.2340 -0.0857 80 200 120
3.4687 -3.1787 1.4075 80 200 120
-0.0619 -1.5542 0.8726 80 200 120
-1.2939 -1.5948 -0.0467 80 200 120
0.7990 -1.5985 2.4544 80 200 120
1.7458 -1.0826 2.6039 80 200 120
0.4863 -2.6205 2.6668 80 200 120
1.7380 -4.9345 3.1958 80 200 120
-0.8372 -5.0235 2.8673 80 200 120
0.6449 -2.3239 2.7780 80 200 120
1.8640 -4.8190 1.7351 80 200 120
-1.3723 -5.0529 3.1793 80 200 120
-0.5091 -4.8751 2.3247 80 200 120
-0.7766 -4.6852 2.6003 80 200 120
0.4724 -2.5816 3.0032 80 200 120
-0.8269 -4.8580 3.1601 80 200 120
2.1610 -5.1128 2.8308 80 200 120
0.9927 -5.0628 2.5019 80 200 120
0.6366 -2.3318 3.1318 80 200 120
3.8964 -2.8328 1.1186 80 200 120
0.2563 -3.8834 3.2312 80 200 120
3.0206 5.3573 2.2934 80 200 120
1.5997 5.2673 2.4876 80 200 120
1.6724 2.4022 3.3194 80 200 120
3.5547 3.6837 2.0255 80 200 120
-1.2655 4.9879 1.6771 80 200 120
-0.4279 3.3977 0.9470 80 200 120
-1.4161 2.6314 0.8187 80 200 120
-3.3039 4.3293 0.2858 80 200 120
-1.3311 -5.7868 1.4008 80 200 120
-3.4976 0.6848 2.7910 80 200 120
-3.5648 1.7358 2.7922 80 200 120
-3.4176 -4.9283 1.5829 80 200 120
0.2748 -4.9882 3.1950 80 200 120
-2.5395 -2.9410 1.4529 80 200 120
2.0716 -4.9890 0.0584 80 200 120
-2.5390 -3.3408 1.2704 80 200 120
1.1152 -3.9254 -0.0683 80 200 120
0.2370 -3.5190 0.2285 80 200 120
-1.4234 -3.5918 -0.0782 80 200 120
-0.0231 -0.3950 -0.0807 80 200 120
0.6900 -3.2326 0.6271 80 200 120
-3.2058 -4.7352 1.1876 80 200 120
-0.1158 -3.1049 0.7826 80 200 120
-2.0222 -2.9178 -0.0822 80 200 120
-2.3609 -1.0769 0.2035 80 200 120
-2.4785 -1.4055 0.8350 80 200 120
-2.7584 -4.3309 0.0859 80 200 120
2.7884 0.0120 -0.4759 80 200 120
-0.1447 -1.5849 0.9117 80 200 120
-2.5376 -2.9311 1.4128 80 200 120
2.3740 -0.2879 -0.1031 80 200 120
-2.0465 -1.9689 -0.0758 80 200 120
-1.7928 -5.3235 -0.3757 80 200 120
-2.7640 0.4991 -0.0243 80 200 120
0.6713 -2.3393 1.9479 80 200 120
0.6827 -2.3395 1.4559 80 200 120
1.1129 4.9508 1.9141 80 200 120
-2.0381 1.9556 0.3458 80 200 120
-0.4106 -3.5577 0.4938 80 200 120
-2.8275 0.8598 -0.6206 80 200 120
3.2057 0.6700 3.0450 80 200 120
1.0525 0.0206 -0.0013 80 200 120
-1.6259 -4.9618 3.0722 80 200 120
1.5257 -5.1718 1.6292 80 200 120
2.0897 -4.9939 3.1856 80 200 120
0.6639 -5.1184 1.9086 80 200 120
1.3700 -4.0145 3.2427 80 200 120
3.3800 -0.7057 2.8669 80 200 120
0.4855 -2.6069 3.1774 80 200 120
2.1442 -5.0889 2.3685 80 200 120
0.6893 -2.3300 2.6749 80 200 120
0.7465 -2.3204 2.5574 80 200 120
0.4829 -2.6140 2.7428 80 200 120
0.4961 3.2990 3.0584 80 200 120
0.1274 3.1585 2.1493 80 200 120
0.3491 3.4044 2.1511 80 200 120
-0.7805 2.6573 1.2183 80 200 120
0.6187 3.6348 0.4585 80 200 120
-1.7400 5.8545 3.3565 80 200 120
-0.0487 0.2115 1.2837 80 200 120
-0.9537 1.4965 0.7674 80 200 120
-3.7493 3.4876 1.5369 80 200 120
-2.2683 -2.1252 1.4916 80 200 120
-3.5037 -3.9776 1.0195 80 200 120
1.1124 -4.9283 3.2145 80 200 120
-4.2364 0.2261 1.3863 80 200 120
-3.2018 1.9132 3.1000 80 200 120
-2.9145 -4.5381 0.3379 80 200 120
-2.8620 -2.2830 1.4153 80 200 120
-2.5740 -3.7349 1.3671 80 200 120
2.5013 -4.9368 0.1624 80 200 120
-2.3486 -1.8880 0.0583 80 200 120
1.6655 -4.2512 -0.0512 80 200 120
-2.8254 -4.4898 0.7625 80 200 120
2.9411 -5.0884 1.2571 80 200 120
-0.5613 -2.9587 0.9399 80 200 120
-0.3026 2.5103 0.4624 80 200 120
-2.7154 -2.2506 1.2221 80 200 120
3.2500 3.1149 0.1410 80 200 120
-2.2719 -2.0657 1.4920 80 200 120
-2.8236 -1.4925 1.4883 80 200 120
-2.9626 3.5940 3.0607 80 200 120
2.2852 -0.6785 0.1048 80 200 120
4.1074 3.6113 -0.4173 80 200 120
-1.1096 -5.0294 -0.1889 80 200 120
2.2494 -0.3884 0.0461 80 200 120
3.7427 4.1717 1.0596 80 200 120
2.7170 6.0325 3.1739 80 200 120
-0.1247 0.1189 -0.0555 80 200 120
0.6799 -2.3166 0.8018 80 200 120
2.4086 -1.5478 3.1369 80 200 120
0.5147 -2.6423 2.6295 80 200 120
-0.0824 -5.2384 2.2613 80 200 120
0.0215 -5.0562 2.5191 80 200 120
31.9347 25.9854 2.9517 80 200 120
1.8141 -0.6297 2.7606 80 200 120
2.4421 -5.6518 0.8495 80 200 120
3.0225 -5.1765 2.9374 80 200 120
2.0130 -5.0535 1.6776 80 200 120
0.5072 -2.6174 3.0472 80 200 120
0.6601 3.0653 3.2771 80 200 120
3.0537 5.1794 1.0609 80 200 120
-0.2536 2.6626 0.6525 80 200 120
-3.4043 1.6564 3.1871 80 200 120
0.5258 3.8730 1.1214 80 200 120
2.4521 3.0082 0.4473 80 200 120
-3.0058 2.0552 0.7602 80 200 120
-3.5821 1.2165 0.8543 80 200 120
-2.1609 -3.5889 1.0427 80 200 120
-2.5341 -2.6623 1.3873 80 200 120
-3.4814 -3.8059 1.7207 80 200 120
-3.2039 -4.6334 0.1788 80 200 120
-2.3245 -3.8831 1.2590 80 200 120
-2.8714 -4.7266 0.1612 80 200 120
-2.1209 -5.0511 1.1485 80 200 120
-1.2501 -4.8957 2.1855 80 200 120
-2.2062 -5.0160 1.8781 80 200 120
-3.5552 -4.2241 1.8254 80 200 120
-2.3951 -2.6476 0.0043 80 200 120
-2.5488 -4.1256 1.2218 80 200 120
-2.9020 -3.5687 1.3620 80 200 120
0.3698 -2.3387 0.9212 80 200 120
3.4323 -4.8646 0.0317 80 200 120
2.3830 -5.1058 0.8189 80 200 120
-1.6020 -5.0589 3.0831 80 200 120
0.3818 -2.5358 0.8819 80 200 120
0.3168 -2.2269 0.9618 80 200 120
-1.3882 -5.1118 3.2025 80 200 120
0.5277 -2.6425 1.4425 80 200 120
1.3701 -5.0758 3.1903 80 200 120
-0.5546 -4.9454 3.1691 80 200 120
0.4715 -1.4166 0.5891 80 200 120
3.2886 -4.7123 0.9936 80 200 120
-2.3112 2.6039 0.0216 80 200 120
-3.1173 4.1682 0.1924 80 200 120
-3.3422 -2.5043 0.1220 80 200 120
-0.0307 0.2408 0.1536 80 200 120
-3.0947 -2.2443 0.0862 80 200 120
2.9313 0.7350 0.1952 80 200 120
2.4064 -0.1701 0.6460 80 200 120
-2.6399 -1.6561 1.3592 80 200 120
3.6882 -0.3418 1.3548 80 200 120
3.2308 -0.9656 1.2799 80 200 120
2.9592 -1.1869 0.2765 80 200 120
1.6624 0.6441 0.0360 80 200 120
1.4630 1.2934 0.1772 80 200 120
2.6551 -1.3731 0.1664 80 200 120
2.5377 -0.5639 0.5174 80 200 120
2.1641 0.5029 -0.0518 80 200 120
2.6551 -1.0914 0.9007 80 200 120
2.3542 -0.5115 -0.0121 80 200 120
2.5606 -0.7538 0.4964 80 200 120
2.8419 -1.1411 0.5799 80 200 120
2.4544 -0.1459 0.5700 80 200 120
2.3589 -0.5590 -0.3013 80 200 120
3.6369 -0.7824 0.8060 80 200 120
2.5381 1.2568 0.0342 80 200 120
-1.5127 -3.2945 -0.1045 80 200 120
-2.7320 0.5004 0.0056 80 200 120
-2.3204 0.1966 -0.0632 80 200 120
-0.6405 -0.0816 -0.0155 80 200 120
0.5354 -1.1887 0.6183 80 200 120
1.3851 -4.3502 -0.0693 80 200 120
-6.5754 9.9681 -1.7765 80 200 120
2.8496 -5.0131 1.2729 80 200 120
0.5352 -2.6508 2.8667 80 200 120
2.5867 -5.0587 2.0697 80 200 120
3.3670 -1.1115 2.4801 80 200 120
1.7209 -5.1818 1.3759 80 200 120
3.7671 -1.2052 2.3315 80 200 120
-0.2988 -5.1120 2.4766 80 200 120
3.5757 1.4949 3.9772 80 200 120
2.2940 -4.9204 1.1032 80 200 120
-0.9329 -4.0413 3.2443 80 200 120
0.6358 -2.3368 3.1358 80 200 120
3.4582 -5.1721 2.3380 80 200 120
-0.9777 -5.3844 2.6982 80 200 120
0.5211 -2.6408 2.7163 80 200 120
3.2600 -4.9036 3.1523 80 200 120
3.4345 -4.9746 0.9809 80 200 120
26.2502 16.0910 4.8528 80 200 120
0.1241 3.2044 2.6949 80 200 120
4.0647 3.3785 2.4573 80 200 120
4.0897 2.9918 2.7420 80 200 120
3.0428 3.6930 2.5225 80 200 120
3.6081 1.2249 2.8930 80 200 120
3.3068 4.5406 1.7136 80 200 120
-0.3802 2.3201 -0.1864 80 200 120
-2.4707 1.7909 0.2378 80 200 120
-2.6353 2.8940 -0.1713 80 200 120
-1.3322 1.2987 0.8982 80 200 120
-0.9698 0.9524 1.0594 80 200 120
-0.0955 0.9897 0.8748 80 200 120
-2.6600 -2.7280 1.5877 80 200 120
-1.0530 -5.0278 1.6524 80 200 120
-2.3733 -3.2996 1.4195 80 200 120
-2.2547 -3.1519 1.2913 80 200 120
-2.7283 -3.6577 1.5494 80 200 120
0.7031 -5.0631 3.1937 80 200 120
-0.5562 -4.9325 1.8423 80 200 120
-2.6913 -4.0194 1.4047 80 200 120
-2.3752 -3.0708 1.3056 80 200 120
-2.3975 -3.4020 -0.0775 80 200 120
-2.3365 -3.6554 -0.0179 80 200 120
-2.8538 -2.6387 0.3874 80 200 120
-3.1287 -2.3522 0.2078 80 200 120
-2.1672 -1.1649 0.5348 80 200 120
-2.7879 -5.1964 2.1866 80 200 120
-0.3600 -0.8009 0.3776 80 200 120
-0.8482 -0.6509 -0.0486 80 200 120
3.3030 -1.3608 1.5195 80 200 120
2.0768 -2.0542 0.6727 80 200 120
1.3757 -2.3584 1.2667 80 200 120
2.2720 0.7392 -0.0134 80 200 120
2.4965 0.2013 0.2781 80 200 120
2.1356 -1.4375 0.0146 80 200 120
2.2987 -1.0772 0.0569 80 200 120
2.2900 -1.7756 0.0746 80 200 120
1.7424 -0.2973 0.0016 80 200 120
2.4551 -1.8489 0.7020 80 200 120
2.4276 -2.2064 1.0378 80 200 120
2.5351 -0.2532 0.6029 80 200 120
-2.3997 -1.3488 -0.0501 80 200 120
0.0765 -1.3966 0.7057 80 200 120
0.3542 -3.2374 0.8067 80 200 120
-0.1212 -1.3828 0.6314 80 200 120
0.3400 -2.3735 0.9830 80 200 120
0.3247 -2.2461 0.9690 80 200 120
0.8361 -2.3526 1.3903 80 200 120
-0.2854 -1.2610 0.6475 80 200 120
0.5754 -2.6834 1.2458 80 200 120
3.3114 3.0448 2.0998 80 200 120
0.7274 -2.3415 1.0495 80 200 120
3.7654 -5.0233 0.4985 80 200 120
2.5727 -4.9313 3.1945 80 200 120
3.6243 -4.8602 2.5295 80 200 120
3.7564 0.7467 3.3175 80 200 120
3.6207 -4.7374 1.9411 80 200 120
3.6431 -4.8449 1.3762 80 200 120
2.9794 -1.8949 1.4362 80 200 120
0.0061 2.8142 2.9557 80 200 120
3.2653 1.7842 3.0907 80 200 120
3.4833 0.9529 3.0984 80 200 120
4.0064 1.1236 2.7207 80 200 120
2.5382 1.4773 1.7597 80 200 120
0.4781 3.5953 2.5654 80 200 120
1.2783 5.0022 0.0664 80 200 120
2.7357 3.3533 0.5749 80 200 120
12.1374 21.3414 -7.8886 80 200 120
-0.5373 3.2220 0.0609 80 200 120
-2.6306 -3.8788 1.5870 80 200 120
-3.6902 -1.0894 1.2025 80 200 120
-0.5596 -5.2128 2.1159 80 200 120
-2.6619 -2.2514 1.2174 80 200 120
-2.8328 -4.2638 0.9495 80 200 120
-2.7954 -2.0770 1.5144 80 200 120
-3.5812 -4.9208 -0.0911 80 200 120
-3.2556 1.3945 3.1656 80 200 120
-0.8963 -4.9440 1.8337 80 200 120
-3.5943 0.7219 2.6468 80 200 120
-0.2829 -5.2545 2.5359 80 200 120
-3.3562 -4.9682 1.9820 80 200 120
0.6342 -5.0097 2.7993 80 200 120
-3.5882 0.1892 2.8018 80 200 120
1.1522 -1.3845 -0.2067 80 200 120
-2.0291 -2.1290 -0.1388 80 200 120
2.9490 -1.7055 0.4419 80 200 120
0.3937 -1.5042 0.7990 80 200 120
2.6747 -0.5477 -0.2000 80 200 120
3.4728 -4.4689 0.0721 80 200 120
0.3344 -1.9250 1.0123 80 200 120
0.6455 -2.6809 0.8950 80 200 120
3.3263 -4.6554 2.5249 80 200 120
0.7644 -2.3118 0.9878 80 200 120
-3.4107 -5.3642 2.4771 80 200 120
2.8721 -1.5977 -0.0719 80 200 120
-0.5865 -2.7889 0.8626 80 200 120
0.6455 -2.6933 1.5818 80 200 120
-1.5838 -3.5741 2.7238 80 200 120
0.6289 -2.7005 1.4162 80 200 120
0.6514 -2.6928 1.6957 80 200 120
0.3723 -1.7353 0.8861 80 200 120
-1.1744 3.3263 1.1022 80 200 120
-2.8494 1.3644 0.3752 80 200 120
-2.7282 1.1126 0.0382 80 200 120
-2.9817 0.6536 -0.1745 80 200 120
-1.3574 1.8362 1.0983 80 200 120
-2.5740 1.4310 -0.1619 80 200 120
-2.1964 0.3794 -0.1071 80 200 120
0.6209 2.5165 0.6206 80 200 120
-1.4385 1.1724 0.5658 80 200 120
-3.1763 0.4632 0.3908 80 200 120
-0.6069 2.3544 0.7176 80 200 120
1.3387 0.5733 -0.0576 80 200 120
0.8631 0.4044 0.2411 80 200 120
0.8543 2.3828 0.3619 80 200 120
0.0959 -1.3269 0.5455 80 200 120
3.5734 2.9263 -0.1563 80 200 120
-3.4452 4.6181 3.1461 80 200 120
-3.2334 -4.6794 -0.3927 80 200 120
2.9313 -1.0762 -0.2518 80 200 120
-0.1269 -1.3373 0.5585 80 200 120
-2.7009 -2.3458 -0.0226 80 200 120
2.3168 -1.8202 0.3819 80 200 120
1.1261 -4.6406 1.2147 80 200 120
3.6160 -5.1384 2.8899 80 200 120
0.5886 -2.6773 2.6054 80 200 120
3.2528 -4.3157 3.0647 80 200 120
0.5644 -2.6623 2.7216 80 200 120
0.5360 -2.6453 3.0903 80 200 120
0.4809 -2.6145 3.1764 80 200 120
0.5886 -2.3344 3.0828 80 200 120
1.9090 -5.0609 1.9680 80 200 120
1.5000 -5.0862 1.6062 80 200 120
1.0092 -2.2832 2.6964 80 200 120
1.5283 -4.7334 1.1013 80 200 120
2.4129 -5.0465 1.0538 80 200 120
2.3092 -5.0810 1.4538 80 200 120
2.0756 -5.1086 1.0841 80 200 120
0.5369 -2.6339 2.8890 80 200 120
3.3664 -4.3823 2.3073 80 200 120
3.4177 -0.1572 3.0833 80 200 120
3.4366 1.2091 2.4299 80 200 120
3.4139 1.4676 3.0705 80 200 120
3.1377 0.2598 3.0437 80 200 120
0.4095 2.8027 0.7396 80 200 120
-3.5868 3.5235 3.0759 80 200 120
-3.0227 -5.0847 1.7251 80 200 120
-2.5049 -2.9359 1.4585 80 200 120
-3.0771 -1.5907 1.4438 80 200 120
-1.0031 -4.9485 0.0316 80 200 120
0.5918 -2.3420 0.8377 80 200 120
3.1484 -1.0441 0.2954 80 200 120
0.0569 -3.6423 0.0085 80 200 120
-2.6754 -2.9016 1.4373 80 200 120
3.4443 -3.7958 0.5398 80 200 120
-2.5524 -4.6196 -0.1638 80 200 120
3.4675 -4.5788 2.0241 80 200 120
1.2888 -1.6442 -0.0099 80 200 120
-0.7994 -1.9754 0.0180 80 200 120
-2.6968 -3.0840 1.4989 80 200 120
1.4642 -1.9533 0.1292 80 200 120
-0.6369 2.2208 0.9297 80 200 120
-3.0730 1.8886 0.8165 80 200 120
-0.7370 2.2782 0.6213 80 200 120
-0.6741 2.6457 1.2292 80 200 120
-0.7786 1.9578 0.2866 80 200 120
1.3709 1.1898 0.2352 80 200 120
-1.6966 1.0342 -0.0895 80 200 120
0.3141 1.2171 0.8517 80 200 120
-2.7103 1.5884 0.0544 80 200 120
-2.0183 0.6523 -0.1293 80 200 120
0.9867 1.3042 0.3534 80 200 120
-2.4499 0.9128 -0.0985 80 200 120
-2.0040 -0.4387 -0.0896 80 200 120
-2.8668 1.3976 0.2888 80 200 120
-1.9238 -0.1025 -0.0872 80 200 120
-1.1829 1.1083 -0.0474 80 200 120
-0.4276 2.4224 1.1984 80 200 120
-0.9100 1.5195 0.8418 80 200 120
-1.4058 1.1660 0.3303 80 200 120
-1.5298 0.0740 -0.0548 80 200 120
-0.6322 2.3982 0.4714 80 200 120
1.5573 1.0102 -0.0883 80 200 120
0.6527 0.5666 0.6671 80 200 120
-0.7052 2.2511 0.3624 80 200 120
-1.4917 0.3223 -0.0791 80 200 120
-1.6041 -0.1264 -0.0628 80 200 120
-1.5675 -0.5549 -0.0357 80 200 120
1.3871 0.8881 -0.1321 80 200 120
-2.9990 1.2129 0.7781 80 200 120
1.9688 2.9322 0.3141 80 200 120
-1.0945 0.6883 -0.0728 80 200 120
-2.0354 0.9586 -0.0683 80 200 120
-1.7194 0.6736 -0.0733 80 200 120
1.4615 1.1683 0.0105 80 200 120
-2.6304 -3.9791 1.3336 80 200 120
-2.4866 -4.0737 -0.1347 80 200 120
-2.9915 -4.0189 1.4163 80 200 120
1.6237 3.3448 0.4604 80 200 120
-2.6671 -4.1356 1.0772 80 200 120
2.8141 0.5963 0.3339 80 200 120
2.6646 -0.1283 0.8139 80 200 120
1.4290 -0.9764 0.2741 80 200 120
1.9830 -1.7527 -0.0075 80 200 120
0.9865 -2.3074 1.2670 80 200 120
0.3880 -0.0197 0.3308 80 200 120
0.2115 2.0016 0.5856 80 200 120
0.3820 -2.5531 0.8614 80 200 120
-3.3237 4.7721 0.0431 80 200 120
3.7266 0.9728 2.5344 80 200 120
3.4581 -4.9490 -0.0413 80 200 120
-3.1463 3.1661 0.1371 80 200 120
3.5771 -4.7783 0.2572 80 200 120
0.4986 -2.6402 0.8664 80 200 120
3.4799 -5.0301 1.0281 80 200 120
0.8852 -4.9698 1.6049 80 200 120
0.9683 -4.8837 1.3473 80 200 120
3.5473 -4.1639 1.5786 80 200 120
-1.5498 -4.8881 3.0759 80 200 120
3.7403 -4.1427 1.0251 80 200 120
3.6497 -4.2482 1.9207 80 200 120
3.3392 -4.2150 0.6668 80 200 120
-0.8563 -4.8331 2.6258 80 200 120
-0.4196 -4.9155 2.3663 80 200 120
3.0108 -1.1819 2.4203 80 200 120
0.6709 -5.1108 1.9085 80 200 120
2.4508 -5.0691 1.7584 80 200 120
3.8000 3.1702 2.1654 80 200 120
4.1071 2.9309 2.2866 80 200 120
-3.5479 2.1258 0.6961 80 200 120
-3.5609 3.0759 0.3150 80 200 120
-3.3799 0.7620 3.1745 80 200 120
-3.4246 -0.2396 2.3076 80 200 120
-2.4983 -2.6696 1.3794 80 200 120
-2.7069 -4.0906 1.3360 80 200 120
-2.3771 -3.7418 0.8727 80 200 120
-1.7229 -5.0366 1.6926 80 200 120
-2.5379 -3.3780 1.3433 80 200 120
-1.3085 -5.0656 2.1474 80 200 120
-2.4906 -3.5573 1.1839 80 200 120
-3.4438 -3.2769 3.1578 80 200 120
-1.0608 -5.0409 1.6199 80 200 120
-2.9882 -1.3513 1.4481 80 200 120
-2.6848 -3.3177 1.0739 80 200 120
-2.4183 -2.9360 0.6622 80 200 120
-2.3644 -4.9336 -0.1396 80 200 120
-0.4606 -4.9814 -0.0261 80 200 120
-3.3102 -2.3784 0.0483 80 200 120
0.4164 -2.8822 0.9658 80 200 120
0.6026 -2.6792 1.5127 80 200 120
-2.3099 -1.4752 0.9526 80 200 120
-1.0574 -1.4605 -0.0475 80 200 120
-0.6080 2.1755 0.1416 80 200 120
-1.2830 1.1746 0.1246 80 200 120
-0.9289 1.1806 -0.0109 80 200 120
0.1045 -0.3244 -0.0629 80 200 120
-1.1302 0.5702 -0.0733 80 200 120
-0.7728 1.7896 0.3039 80 200 120
0.8223 1.8415 0.3548 80 200 120
1.9604 1.0724 0.0404 80 200 120
1.8138 0.6790 -0.0056 80 200 120
1.6243 0.9424 0.0234 80 200 120
0.7352 0.3636 0.5994 80 200 120
1.8187 1.4183 0.0359 80 200 120
-1.0646 2.3748 0.9142 80 200 120
-0.6675 1.6590 0.1700 80 200 120
-1.3918 0.6860 -0.1665 80 200 120
0.3297 0.9550 0.8561 80 200 120
1.6008 0.6161 -0.1183 80 200 120
-1.4295 0.9951 -0.2799 80 200 120
1.8239 0.2619 -0.0832 80 200 120
0.6581 1.1316 0.5513 80 200 120
2.1868 3.2550 0.6322 80 200 120
-1.0351 0.1622 -0.1590 80 200 120
-0.8735 -0.1370 -0.0818 80 200 120
-0.9954 0.3876 -0.0915 80 200 120
-3.2183 -4.7125 0.1782 80 200 120
-3.0444 -4.5745 -0.0939 80 200 120
-2.4985 -1.8886 -0.0564 80 200 120
2.5664 -0.0375 0.5038 80 200 120
2.4311 -0.5841 -0.0093 80 200 120
3.2199 1.6460 0.0680 80 200 120
2.8049 -0.5127 0.2885 80 200 120
2.1900 -0.0910 -0.2070 80 200 120
1.3708 1.0416 0.1415 80 200 120
0.3202 -1.9023 1.0912 80 200 120
3.0108 -0.2381 0.7397 80 200 120
0.2710 0.0899 0.8783 80 200 120
0.6238 -2.7097 1.3074 80 200 120
3.3330 -4.2256 0.0776 80 200 120
0.5807 -2.6738 1.5761 80 200 120
-2.8207 2.0301 0.2388 80 200 120
-2.9029 0.6064 -0.1382 80 200 120
-2.3877 -1.2348 0.0153 80 200 120
3.5068 -4.3255 2.7950 80 200 120
3.2445 -4.7737 0.5669 80 200 120
-1.3464 -4.9781 3.1855 80 200 120
-0.4259 -5.0464 2.9009 80 200 120
0.4910 -5.0551 1.5534 80 200 120
2.5726 -5.1405 0.6161 80 200 120
-1.4343 -4.9594 2.8382 80 200 120
0.2166 -5.1024 2.4829 80 200 120
3.4740 -3.8547 2.8107 80 200 120
4.7581 0.0006 2.4094 80 200 120
2.3981 1.1783 3.2513 80 200 120
4.2317 0.6166 2.8314 80 200 120
-0.6479 2.4503 0.8665 80 200 120
-0.1768 1.0347 0.7115 80 200 120
-1.4029 2.4573 0.8874 80 200 120
1.1094 4.2990 0.2612 80 200 120
1.3038 3.6070 0.0695 80 200 120
2.6107 3.3135 0.3302 80 200 120
-3.4095 0.6869 3.2535 80 200 120
-3.5434 -2.8932 3.0500 80 200 120
-2.6235 0.1347 3.2520 80 200 120
-3.5037 -0.8678 3.1967 80 200 120
-3.5877 -1.2098 3.1327 80 200 120
-2.8247 -1.1036 3.2337 80 200 120
-2.6002 -4.2494 1.4303 80 200 120
-3.6202 0.8213 2.6992 80 200 120
-1.6057 -4.9740 0.0038 80 200 120
-2.0700 -5.0997 1.1801 80 200 120
-1.6620 -2.7998 -0.0596 80 200 120
-1.3287 -4.1087 -0.0550 80 200 120
0.3721 -2.4112 1.0315 80 200 120
3.6882 -3.9046 -0.1404 80 200 120
0.6084 -4.3760 -0.0215 80 200 120
0.3970 -2.0071 0.9719 80 200 120
2.8833 -5.0619 1.3085 80 200 120
-2.3333 -1.9259 0.0887 80 200 120
0.9498 -2.2540 0.6878 80 200 120
-0.5816 -1.8400 0.6538 80 200 120
-2.7274 -3.6951 1.5472 80 200 120
0.1092 1.7775 0.6240 80 200 120
0.1860 2.1347 0.6224 80 200 120
0.5259 0.3803 0.7507 80 200 120
1.9183 0.8729 0.0168 80 200 120
-3.4323 4.4045 0.8232 80 200 120
-0.2610 2.3572 0.0239 80 200 120
-0.4046 2.5275 0.1768 80 200 120
2.2461 0.8190 -0.0229 80 200 120
0.0761 0.9896 0.8875 80 200 120
-0.7139 1.2626 -0.2594 80 200 120
-0.3723 2.0881 -0.0229 80 200 120
0.1497 1.6318 0.7305 80 200 120
0.5535 1.3339 0.6152 80 200 120
-0.0574 2.1932 0.1696 80 200 120
1.8628 0.6519 -0.1021 80 200 120
2.2354 0.5746 -0.1463 80 200 120
-2.4085 -2.6427 0.0912 80 200 120
1.3183 1.8794 0.2928 80 200 120
-2.1957 -1.6539 1.5247 80 200 120
-2.3334 -1.7788 1.3929 80 200 120
-2.5218 -2.0095 1.2660 80 200 120
-2.8220 -1.4696 1.5110 80 200 120
-2.9007 -4.9457 -0.0309 80 200 120
-2.3872 1.8794 -0.1683 80 200 120
2.3471 -0.0958 0.0524 80 200 120
3.1041 1.4171 0.0858 80 200 120
0.7148 0.8219 0.6709 80 200 120
-1.0455 -2.2729 -0.0705 80 200 120
0.3453 -2.3543 1.0331 80 200 120
0.6493 -2.7068 1.6485 80 200 120
-2.7651 1.2729 -0.0402 80 200 120
-0.0976 -3.5046 0.1692 80 200 120
0.9230 -2.2578 0.6684 80 200 120
0.6143 -2.7034 1.8002 80 200 120
4.6851 7.2125 3.4525 80 200 120
3.4749 -3.8073 0.4935 80 200 120
4.6861 5.7724 1.0049 80 200 120
0.6929 -2.6907 2.6955 80 200 120
1.6923 -5.0541 1.9549 80 200 120
2.2255 -5.0154 1.4696 80 200 120
-0.4405 -4.9780 2.3705 80 200 120
3.7685 -4.8860 1.2938 80 200 120
-1.2577 -5.0280 2.7330 80 200 120
1.8570 -4.9405 1.9723 80 200 120
1.5143 -5.1493 2.0528 80 200 120
1.8167 -2.9487 2.2767 80 200 120
3.7814 -3.8009 1.7074 80 200 120
3.7354 -3.7444 2.2128 80 200 120
3.2010 -3.8942 3.1566 80 200 120
0.1172 -3.4737 3.1979 80 200 120
1.7251 -5.0162 1.0106 80 200 120
2.8822 -3.3526 0.9305 80 200 120
1.1872 -5.0011 1.8585 80 200 120
0.6531 -4.9705 2.1945 80 200 120
1.6608 -5.0396 1.4492 80 200 120
3.6186 1.1269 2.5856 80 200 120
2.9644 0.3681 3.2237 80 200 120
2.3763 4.3889 0.8033 80 200 120
-2.9052 1.7600 0.8080 80 200 120
-0.1918 4.0882 0.2143 80 200 120
-4.2729 2.5265 0.3324 80 200 120
-0.4018 2.9426 1.1772 80 200 120
-3.7094 2.5565 1.0634 80 200 120
-3.5531 2.7247 2.1068 80 200 120
-2.5376 -1.4521 3.2329 80 200 120
-2.8078 -2.6682 1.4711 80 200 120
-2.7853 -3.2605 1.2341 80 200 120
-3.7073 1.7817 3.1560 80 200 120
-2.7800 -2.8755 1.4898 80 200 120
-3.6654 -5.0874 2.7718 80 200 120
-3.6509 -5.0822 1.4500 80 200 120
-3.5508 -0.8468 2.1308 80 200 120
-3.1868 -2.0709 1.3887 80 200 120
-0.5495 -5.1105 2.1769 80 200 120
-1.5886 -0.7524 3.2113 80 200 120
-3.6583 0.6363 3.0514 80 200 120
-0.9530 -4.9242 2.3844 80 200 120
-2.4042 -3.2197 1.2130 80 200 120
-0.7109 -3.6262 -0.0133 80 200 120
-1.2104 -1.9713 -0.0635 80 200 120
-2.7295 -3.2780 1.4824 80 200 120
0.4136 -2.6377 0.9809 80 200 120
0.3674 -2.1969 0.9533 80 200 120
-2.6832 -2.8957 1.4532 80 200 120
2.6858 -1.1569 -0.1228 80 200 120
2.4995 -1.6906 0.2276 80 200 120
2.3645 -3.4918 -0.1141 80 200 120
2.2886 -4.1840 -0.0736 80 200 120
-0.2930 -3.3004 0.4476 80 200 120
2.6975 3.2812 -0.1514 80 200 120
-0.5452 1.8980 0.0202 80 200 120
-0.7905 2.0479 0.6133 80 200 120
1.4868 0.3359 -0.1125 80 200 120
0.1553 2.6347 0.6420 80 200 120
-2.8083 2.7087 0.3190 80 200 120
-3.2523 1.0584 0.8235 80 200 120
-0.7880 2.1723 0.6770 80 200 120
2.6669 0.4912 0.3647 80 200 120
2.6087 0.5202 -0.0461 80 200 120
-0.3179 -1.3557 0.7072 80 200 120
-3.8587 3.7479 1.4272 80 200 120
-2.7244 -3.7398 1.2801 80 200 120
0.4774 0.0516 0.7303 80 200 120
3.6092 0.5488 2.1510 80 200 120
-2.4104 -1.0072 0.2994 80 200 120
1.1559 -3.9235 -0.0783 80 200 120
3.0581 -3.4248 3.0458 80 200 120
2.7934 -4.9780 1.3393 80 200 120
0.7029 -2.6793 2.8770 80 200 120
-0.9948 -4.7774 3.1535 80 200 120
3.0636 -1.4539 2.3406 80 200 120
3.5909 -4.8610 0.6304 80 200 120
2.9209 -0.1574 3.0445 80 200 120
2.5670 -5.1840 1.0345 80 200 120
3.5339 -4.5089 0.4808 80 200 120
10.6018 5.4816 3.3638 80 200 120
0.9728 -5.0566 1.8976 80 200 120
-3.5176 4.4716 2.7001 80 200 120
-0.2976 4.8283 1.3958 80 200 120
-1.1942 0.8265 1.0923 80 200 120
-2.6872 3.4462 0.4155 80 200 120
-3.5742 0.8376 2.0817 80 200 120
-2.5624 -4.0317 1.4057 80 200 120
-3.5560 -1.3262 1.2857 80 200 120
-3.6630 0.5803 2.5310 80 200 120
-3.6218 -1.3723 1.8969 80 200 120
-2.6929 -3.1161 1.5318 80 200 120
-2.2689 -5.2690 1.0275 80 200 120
-1.5152 -5.1384 2.3205 80 200 120
-2.2666 0.0018 3.2690 80 200 120
0.2936 -5.1019 3.2239 80 200 120
0.2973 -2.9465 1.0522 80 200 120
-0.1572 -2.5485 1.1285 80 200 120
2.8006 -3.3128 -0.1282 80 200 120
-2.6521 -1.8501 -0.2768 80 200 120
-2.8611 -1.4267 -0.5995 80 200 120
-2.3318 -3.3433 0.0396 80 200 120
2.2508 -1.3065 -0.1307 80 200 120
-1.0523 -4.4289 -0.0973 80 200 120
-2.7207 -2.5960 0.0701 80 200 120
-2.5837 -1.0041 -0.1826 80 200 120
-2.8618 -2.6144 0.4587 80 200 120
-2.5096 -2.6659 1.4116 80 200 120
-2.3444 -3.1125 -0.0334 80 200 120
-3.1055 -4.7830 3.1035 80 200 120
3.3939 -3.3961 0.0896 80 200 120
-2.9036 3.6378 0.0719 80 200 120
-1.0218 2.1432 0.8524 80 200 120
0.3094 0.9014 0.8628 80 200 120
-1.0947 1.1460 0.9225 80 200 120
-0.6274 1.4172 0.1216 80 200 120
-0.3218 2.1220 -0.0120 80 200 120
0.5161 0.4661 0.6958 80 200 120
2.3209 2.7045 0.5669 80 200 120
-2.6306 -1.0624 1.3144 80 200 120
-2.8387 -3.9021 1.4838 80 200 120
3.3072 2.5566 0.0159 80 200 120
-2.3981 -1.3677 1.3516 80 200 120
-1.6339 1.6737 0.8510 80 200 120
-2.4141 -3.5628 0.5198 80 200 120
0.3250 -1.6988 1.0624 80 200 120
0.3738 -2.1252 0.9900 80 200 120
0.3835 -2.3790 1.0109 80 200 120
3.8105 5.5000 3.1840 80 200 120
-0.6039 -1.1409 0.2677 80 200 120
0.4802 -2.6680 1.0931 80 200 120
1.4397 -5.0427 1.7014 80 200 120
2.1321 -1.3163 2.7066 80 200 120
3.7209 -3.2520 1.3676 80 200 120
3.3778 -3.3095 2.1476 80 200 120
3.6841 -4.1256 1.0264 80 200 120
-1.5274 -4.8297 3.0247 80 200 120
-0.7008 -5.0483 2.7723 80 200 120
0.6924 -2.6524 3.0497 80 200 120
3.5181 -0.2410 3.5206 80 200 120
3.4601 -3.3031 1.8387 80 200 120
-0.8292 1.3754 0.8360 80 200 120
-1.7477 4.9246 0.7857 80 200 120
3.7723 3.1557 1.4092 80 200 120
-3.2828 0.8474 1.0090 80 200 120
3.6493 5.2143 1.7498 80 200 120
-2.3942 5.1958 2.2910 80 200 120
3.2037 -0.3722 3.1552 80 200 120
3.2494 -1.2660 2.4815 80 200 120
-0.2847 3.4969 0.4041 80 200 120
2.0063 4.2237 0.1652 80 200 120
-0.0990 2.6184 -0.0590 80 200 120
-0.3726 3.8183 -0.3121 80 200 120
1.7601 3.3846 -0.1571 80 200 120
4.0383 2.6739 0.2924 80 200 120
-3.1652 -0.1680 3.2725 80 200 120
-2.4265 -5.0272 1.6136 80 200 120
-3.5555 -2.5080 1.5107 80 200 120
-3.5810 -1.8615 1.6438 80 200 120
-2.5446 -3.3599 1.3350 80 200 120
-2.6638 -3.5660 1.3446 80 200 120
-2.5404 -3.1846 1.3525 80 200 120
-2.5065 -5.0030 3.2101 80 200 120
-2.3740 -3.2083 1.2427 80 200 120
-3.4950 1.4726 3.1403 80 200 120
-2.5681 -3.5956 1.0991 80 200 120
0.6807 -2.2106 0.6580 80 200 120
-3.1432 -2.3650 0.2770 80 200 120
-0.4889 -3.1357 0.8392 80 200 120
-2.6100 -3.0756 1.5305 80 200 120
-3.0760 -2.3907 -0.0034 80 200 120
0.3702 -1.5808 0.9970 80 200 120
-2.5208 -1.8959 1.2809 80 200 120
-2.5361 -2.0596 1.4076 80 200 120
-3.2313 4.0682 3.1117 80 200 120
-2.5789 -1.5152 1.3777 80 200 120
-0.4192 2.3822 0.1432 80 200 120
0.5612 -5.0900 2.0254 80 200 120
3.5923 -4.8075 1.3393 80 200 120
2.8845 -3.0848 3.0383 80 200 120
2.5687 -5.1649 1.0170 80 200 120
1.0061 -2.1982 2.8823 80 200 120
2.9196 -5.3096 1.6153 80 200 120
3.0866 -5.3047 0.5382 80 200 120
1.9857 -5.0396 1.1528 80 200 120
-2.4233 5.1502 1.2106 80 200 120
-0.8968 5.1350 2.4253 80 200 120
2.4746 5.1851 1.8697 80 200 120
3.2087 2.5519 -0.1653 80 200 120
-2.7601 1.9625 0.5653 80 200 120
-2.7873 1.3272 0.8538 80 200 120
-1.5566 3.1423 0.6874 80 200 120
-3.6796 -2.3270 2.7745 80 200 120
-3.5047 -4.9452 2.4067 80 200 120
-2.3977 -3.9495 1.4314 80 200 120
-2.8332 -3.7475 1.4982 80 200 120
-2.5031 -3.8828 1.2542 80 200 120
-3.5557 0.7046 2.7846 80 200 120
-0.3979 -4.9734 3.1509 80 200 120
-1.4324 -4.9958 2.8144 80 200 120
-1.7348 -4.9890 3.1790 80 200 120
-3.5414 -2.3296 2.0015 80 200 120
-1.3548 -4.9736 1.8721 80 200 120
-1.4009 -3.2613 -0.0496 80 200 120
-2.3644 -3.0956 -0.0520 80 200 120
3.7420 -3.9697 0.3932 80 200 120
-0.6652 -2.5899 -0.1760 80 200 120
2.0313 -3.7480 -0.1182 80 200 120
1.0491 -2.1081 0.5880 80 200 120
-0.5036 -2.4614 0.5411 80 200 120
1.1731 -2.6995 0.8323 80 200 120
1.9553 -1.8755 0.2542 80 200 120
0.8566 -2.6791 0.8116 80 200 120
-0.4851 -2.8797 0.3564 80 200 120
-3.1321 0.7814 0.6076 80 200 120
-2.7327 1.6292 0.3320 80 200 120
-0.3347 1.9683 0.0043 80 200 120
-1.1620 1.4592 1.0276 80 200 120
3.3712 1.9943 0.0807 80 200 120
-0.4674 -1.8067 0.2390 80 200 120
0.2825 -1.8352 1.1470 80 200 120
2.4107 -0.3046 -0.1292 80 200 120
2.3627 -1.3308 0.2725 80 200 120
2.8922 2.5827 0.3583 80 200 120
1.4223 -2.2264 0.5883 80 200 120
1.4200 -4.3754 -0.0960 80 200 120
0.5900 -2.0549 0.9866 80 200 120
-2.0137 -1.9551 -0.0603 80 200 120
-0.5754 1.7374 0.1448 80 200 120
-1.3638 1.1784 0.7727 80 200 120
3.6633 -3.5774 -0.0938 80 200 120
2.6707 -1.3275 3.0070 80 200 120
3.4951 -3.5282 0.5769 80 200 120
0.2990 -2.3854 2.4067 80 200 120
-1.3475 -5.0039 3.1724 80 200 120
-2.2526 -5.1374 3.2215 80 200 120
3.1666 -5.2013 1.2102 80 200 120
-0.7749 -5.0375 3.1709 80 200 120
-1.5927 -4.9951 3.0981 80 200 120
-0.0185 -4.8316 3.1592 80 200 120
3.8513 -3.2278 0.8445 80 200 120
3.3458 -3.2121 1.4462 80 200 120
-1.7868 -4.9665 3.1598 80 200 120
3.4097 -3.6956 1.0663 80 200 120
0.9777 -5.1475 1.4700 80 200 120
4.0790 0.5064 2.8139 80 200 120
2.7280 -0.6981 3.3161 80 200 120
3.8493 0.5071 3.1618 80 200 120
2.6749 0.7084 0.6387 80 200 120
2.7147 2.1448 -0.1362 80 200 120
3.1253 1.4883 0.1951 80 200 120
2.9018 0.7013 0.8136 80 200 120
-0.1704 2.5855 3.0984 80 200 120
-3.5726 2.5841 1.1227 80 200 120
-2.8805 3.2318 -0.0952 80 200 120
-3.3174 1.5020 1.4905 80 200 120
-0.3343 1.9052 0.9391 80 200 120
1.3543 4.3308 0.2121 80 200 120
-3.1708 4.0481 0.3138 80 200 120
3.3809 4.7085 1.7796 80 200 120
-1.4937 5.0312 3.2369 80 200 120
-2.5088 -3.5507 1.4092 80 200 120
-2.5117 -3.3854 1.6068 80 200 120
-1.7397 -5.0279 1.7190 80 200 120
-2.1197 -4.7596 2.1525 80 200 120
-3.6336 -0.9760 1.9606 80 200 120
-1.2388 -5.0185 3.2264 80 200 120
-2.7651 -4.3673 0.9095 80 200 120
-3.6331 -1.5073 3.0334 80 200 120
-3.1873 -2.0206 1.3855 80 200 120
-3.6529 -0.0530 2.2985 80 200 120
-1.6184 -5.0401 2.6296 80 200 120
-1.5921 -0.7261 3.2366 80 200 120
-2.8372 -3.9680 1.4301 80 200 120
-2.3789 -3.0369 1.6313 80 200 120
-0.4201 -3.1476 0.6395 80 200 120
-2.4785 -2.9159 1.4566 80 200 120
-2.7102 -1.2021 -0.4693 80 200 120
1.5442 -2.6710 0.8261 80 200 120
-1.3818 -5.0708 3.2021 80 200 120
-2.5208 -0.7493 0.7823 80 200 120
-2.7823 -1.4100 1.2505 80 200 120
-3.1923 -1.4628 1.3718 80 200 120
-2.6206 -1.6794 1.2303 80 200 120
-2.6907 -3.0849 1.5098 80 200 120
-0.5386 -2.5139 0.3262 80 200 120
-0.5232 -1.7196 0.8574 80 200 120
-3.0789 -4.6126 0.3419 80 200 120
-3.0445 -4.5805 -0.1108 80 200 120
2.4507 2.7443 0.1128 80 200 120
-0.4773 -0.3598 -0.0504 80 200 120
-0.2864 -1.5253 0.9404 80 200 120
1.6529 -2.7073 0.4954 80 200 120
1.9048 -2.8202 0.8994 80 200 120
-2.4283 -1.7288 -0.0411 80 200 120
1.3706 -4.9541 0.0791 80 200 120
3.3221 4.5793 3.1181 80 200 120
-3.6986 4.5499 -0.2201 80 200 120
2.7446 -3.2900 -0.0778 80 200 120
-2.4250 -2.2855 0.0353 80 200 120
-2.7070 1.9914 0.2019 80 200 120
-0.4915 -1.6854 0.8389 80 200 120
2.3185 -5.1962 2.3453 80 200 120
3.4256 -4.8167 0.7009 80 200 120
3.4582 -3.3921 2.5315 80 200 120
3.6369 -3.8678 1.3777 80 200 120
-1.3886 -4.7386 2.7994 80 200 120
3.2765 -3.7935 0.5681 80 200 120
3.5435 -2.8562 0.7642 80 200 120
-3.3119 5.4436 1.8669 80 200 120
0.1733 1.2675 0.5218 80 200 120
3.6514 0.3421 1.7883 80 200 120
-3.1153 2.4818 0.5838 80 200 120
5.0560 10.6924 -3.2990 80 200 120
-1.0301 2.7309 0.8403 80 200 120
-1.6503 3.2010 0.6269 80 200 120
-3.0647 1.6533 0.9051 80 200 120
-2.7115 5.1599 -0.0070 80 200 120
-2.8204 -2.6607 1.4495 80 200 120
-2.6962 -2.9330 1.3397 80 200 120
-2.6321 -3.3812 1.2653 80 200 120
-3.4401 -4.7120 1.6616 80 200 120
-3.6878 -4.5456 2.6721 80 200 120
-3.2186 -3.9588 1.3168 80 200 120
-2.5544 -5.1749 1.2996 80 200 120
1.6657 -2.6601 0.3870 80 200 120
-0.4735 -2.9821 0.0975 80 200 120
2.6012 -1.1468 -0.4405 80 200 120
-2.8998 -3.3495 1.4101 80 200 120
3.6687 -3.9224 0.4362 80 200 120
-2.7260 -5.1137 2.2010 80 200 120
-0.4784 -1.8106 0.0038 80 200 120
3.4565 -3.5170 0.6274 80 200 120
3.4210 -4.9841 0.8614 80 200 120
-2.9968 -2.5857 0.3955 80 200 120
0.4794 -2.1125 0.9576 80 200 120
-2.8765 -2.6757 1.4043 80 200 120
3.7336 -3.5366 -0.0851 80 200 120
-3.0902 -5.0661 2.4735 80 200 120
-2.6015 -0.7822 0.7636 80 200 120
4.2463 4.4782 -0.3732 80 200 120
-2.4111 -3.6923 -0.0420 80 200 120
2.8468 0.0230 -0.4949 80 200 120
-0.5234 -2.2513 0.1213 80 200 120
0.9125 -2.3143 1.0601 80 200 120
2.2733 2.9086 0.4894 80 200 120
1.0291 3.3983 0.2280 80 200 120
3.9289 3.9793 2.6723 80 200 120
1.0233 -2.3194 1.4053 80 200 120
0.6220 2.2354 0.5751 80 200 120
0.5616 -2.6845 1.0608 80 200 120
1.1142 -2.7192 0.6073 80 200 120
1.9188 -2.7504 0.6309 80 200 120
-1.0402 1.1815 0.9579 80 200 120
0.4676 -3.1025 0.8776 80 200 120
-0.5175 -2.5697 0.4975 80 200 120
-0.5055 -2.7659 0.5019 80 200 120
3.1568 -4.8997 0.0630 80 200 120
1.7657 -4.8949 0.6765 80 200 120
1.5457 -4.8945 1.0242 80 200 120
-1.0278 -4.9628 3.1686 80 200 120
1.8645 -1.4405 2.3255 80 200 120
-2.1410 -4.9657 3.1762 80 200 120
2.2464 -5.0358 0.8249 80 200 120
3.7222 -2.7627 1.9543 80 200 120
-1.5921 4.9938 2.4206 80 200 120
3.7788 1.7672 1.3885 80 200 120
3.5857 2.8314 0.0853 80 200 120
-2.3668 3.8597 -0.1802 80 200 120
-0.0322 -2.4686 2.5514 80 200 120
3.5917 -1.1637 2.4650 80 200 120
-3.3708 3.6140 1.0652 80 200 120
-1.3061 1.3792 0.8569 80 200 120
-0.3994 3.1009 1.1550 80 200 120
-0.8496 -5.1143 2.9022 80 200 120
-0.8329 -4.9645 3.1400 80 200 120
-3.5982 -3.2536 2.6513 80 200 120
-0.6220 -5.0309 3.1886 80 200 120
-3.2125 -2.0257 1.3977 80 200 120
-1.0353 -4.9804 2.3284 80 200 120
-2.9192 -3.5786 1.4511 80 200 120
-2.4275 -2.7511 1.5413 80 200 120
-1.9080 -5.0253 2.1826 80 200 120
-0.3612 -5.1017 3.1893 80 200 120
-2.1350 -5.0843 2.3016 80 200 120
-2.9734 -2.3498 1.4410 80 200 120
0.9417 -2.1971 0.6067 80 200 120
-2.3603 -2.8769 -0.0630 80 200 120
3.8910 -3.0475 -0.1743 80 200 120
0.4478 -2.6614 0.9997 80 200 120
-2.7598 -3.1102 1.4876 80 200 120
-0.0751 0.4990 0.4643 80 200 120
-2.3878 -1.0287 0.5058 80 200 120
-0.4595 -0.3790 -0.0721 80 200 120
-2.5814 -3.8755 1.3877 80 200 120
-0.4926 -3.0317 0.0328 80 200 120
-2.7361 -4.2224 1.2509 80 200 120
-2.7388 -3.8496 1.5323 80 200 120
-2.9917 -5.0502 -0.1017 80 200 120
-0.5094 -2.6138 0.0689 80 200 120
2.9592 -0.2646 0.5414 80 200 120
2.2109 3.3493 0.3808 80 200 120
-0.0433 0.2910 0.0982 80 200 120
1.3998 2.5905 0.2213 80 200 120
-2.8910 0.7050 -0.1768 80 200 120
-2.3638 -2.6513 -0.0382 80 200 120
-2.4985 -2.2739 -0.0635 80 200 120
-0.5098 -2.9330 0.0593 80 200 120
-0.1935 -5.0584 -0.0471 80 200 120
3.9603 -3.9634 0.2418 80 200 120
2.7773 0.2881 3.0380 80 200 120
2.1580 -2.5774 3.0867 80 200 120
0.5562 -2.4602 2.6588 80 200 120
-1.4590 -5.1159 2.8625 80 200 120
0.6494 -5.0743 1.9265 80 200 120
3.7614 -2.7503 2.7580 80 200 120
1.2595 -2.6544 3.2158 80 200 120
3.6832 -2.9098 0.7226 80 200 120
3.3792 -3.4539 1.3231 80 200 120
3.3721 -4.4428 0.9897 80 200 120
2.6178 1.7694 -0.0908 80 200 120
2.0334 1.7314 -0.1038 80 200 120
0.9881 -1.0802 1.5455 80 200 120
2.5900 1.4590 0.0841 80 200 120
-2.4611 2.6926 0.0072 80 200 120
1.1776 0.7574 0.8913 80 200 120
0.0758 1.0634 0.8152 80 200 120
1.6516 2.5446 0.1423 80 200 120
-2.7815 0.7699 0.8949 80 200 120
3.1641 -0.7348 1.9211 80 200 120
-0.5803 0.1897 1.1445 80 200 120
-2.3091 1.0151 0.5501 80 200 120
-0.8087 0.7528 1.0808 80 200 120
-3.3784 -4.9840 3.1969 80 200 120
-3.5893 -3.8470 3.1591 80 200 120
-3.5149 -4.5483 2.8672 80 200 120
-2.9667 -2.9678 3.2302 80 200 120
-3.4413 -1.5469 3.2162 80 200 120
-3.4929 -3.3305 2.8231 80 200 120
-2.7655 -2.2657 3.2209 80 200 120
-2.2922 -5.0329 2.1273 80 200 120
-2.6179 -2.4676 3.2276 80 200 120
-2.7364 -5.1486 1.4872 80 200 120
-1.2407 -5.0343 2.7436 80 200 120
-3.7971 0.9840 2.6724 80 200 120
-1.3446 -4.2081 3.2380 80 200 120
-3.5685 -1.3911 2.4768 80 200 120
-3.2789 -4.8042 1.1706 80 200 120
-3.2087 0.9596 3.3405 80 200 120
-1.3387 -5.0762 2.1730 80 200 120
-3.5197 -3.5150 2.2392 80 200 120
-3.5687 -1.3931 1.9073 80 200 120
-3.2321 -4.5743 2.1655 80 200 120
-3.5374 -1.7565 1.8817 80 200 120
-0.9621 -5.0546 1.0792 80 200 120
-2.6598 -2.2912 1.3124 80 200 120
-2.0545 -1.4872 0.5447 80 200 120
-1.6819 -2.0170 1.0436 80 200 120
1.3106 -2.6391 0.3932 80 200 120
-0.5748 -2.4965 0.6031 80 200 120
-0.7194 -4.6938 -0.0345 80 200 120
2.2248 -2.7103 0.6391 80 200 120
1.0822 -3.6186 -0.2130 80 200 120
-2.3502 -2.1470 1.5253 80 200 120
-2.6171 -4.2457 0.4254 80 200 120
-0.2953 0.8140 -0.0578 80 200 120
2.9719 0.4939 0.4789 80 200 120
0.3660 0.0596 0.0414 80 200 120
0.3337 0.1062 0.9576 80 200 120
0.8990 -1.6808 0.7546 80 200 120
3.7137 0.5195 1.8338 80 200 120
-0.9800 0.1407 -0.0911 80 200 120
0.0842 -1.1459 0.4822 80 200 120
-2.6995 1.9867 0.1936 80 200 120
-2.4670 -1.6223 -0.0780 80 200 120
-2.5245 -1.8087 -0.1401 80 200 120
3.3360 -5.0033 3.1399 80 200 120
2.8809 -1.3880 3.0558 80 200 120
2.9584 -2.5164 2.8946 80 200 120
1.6094 -4.9725 0.9709 80 200 120
2.4592 -1.7343 3.3170 80 200 120
2.4611 -0.4544 3.2523 80 200 120
3.7350 -2.7725 1.2496 80 200 120
0.8716 -4.9667 1.5989 80 200 120
-0.4484 -4.9987 2.3684 80 200 120
-0.9288 4.3845 2.9680 80 200 120
-3.6145 5.9195 1.1092 80 200 120
-3.5737 3.2621 1.4648 80 200 120
-3.5701 -3.8597 2.1855 80 200 120
-2.9105 -3.7096 2.6680 80 200 120
-2.8056 -3.8982 1.5273 80 200 120
-2.4732 -3.8958 1.4789 80 200 120
-3.5851 0.5569 3.0442 80 200 120
-3.3696 2.0376 3.1734 80 200 120
-1.9464 -5.0040 2.4342 80 200 120
-2.9530 -3.6127 1.4699 80 200 120
-2.2351 -5.0988 1.8590 80 200 120
-3.4117 -0.2069 3.1763 80 200 120
-1.8207 -1.1225 3.2113 80 200 120
-3.6480 -3.8536 2.6292 80 200 120
-3.2989 -2.5251 0.1864 80 200 120
2.7039 -2.5347 0.1135 80 200 120
-2.8487 -5.0080 -0.0569 80 200 120
1.9025 -4.7608 -0.1465 80 200 120
0.3276 -2.6651 1.1415 80 200 120
-2.4646 -1.6351 -0.1201 80 200 120
-2.3992 -3.2800 1.4376 80 200 120
-2.4356 -2.9217 1.4630 80 200 120
-2.8956 -3.1070 1.4425 80 200 120
-2.8820 -3.3010 1.4299 80 200 120
-2.3457 -2.6624 0.0424 80 200 120
-2.2655 -3.0115 0.1062 80 200 120
-2.4546 -1.9716 -0.1076 80 200 120
-2.7032 -4.2842 0.6978 80 200 120
-0.5083 -2.5226 -0.0072 80 200 120
-2.5788 -1.7292 1.2745 80 200 120
-2.5026 -1.9702 1.2833 80 200 120
-0.3886 -1.4775 0.8797 80 200 120
0.3447 -1.9497 1.0565 80 200 120
-3.3516 3.8558 3.0932 80 200 120
0.3405 -2.1056 1.1126 80 200 120
-2.7391 -2.6086 0.2918 80 200 120
1.9612 3.3475 0.6149 80 200 120
-0.3966 -3.1416 0.6951 80 200 120
-2.4053 -1.4158 -0.0383 80 200 120
-0.5070 -2.6406 0.0813 80 200 120
-2.2248 -1.3033 0.3171 80 200 120
-2.5310 -4.8157 3.1288 80 200 120
2.4516 -2.8014 3.1772 80 200 120
0.0295 -5.1950 2.5099 80 200 120
3.0384 -0.4146 1.1472 80 200 120
-1.0540 2.3768 1.0109 80 200 120
-2.0479 2.2387 -0.0521 80 200 120
1.1103 3.1032 0.2886 80 200 120
0.6898 5.4618 -1.4194 80 200 120
-0.8740 2.1988 0.5494 80 200 120
-3.0319 1.3696 1.0017 80 200 120
2.5210 3.0969 -0.1439 80 200 120
2.6099 2.9360 0.4403 80 200 120
-2.9571 3.2423 0.5187 80 200 120
-2.3332 3.6057 0.3609 80 200 120
-3.1229 -2.5992 3.1965 80 200 120
-0.4085 -4.9275 3.1424 80 200 120
-3.4339 -4.9770 2.6776 80 200 120
-3.5592 -0.7376 2.8874 80 200 120
-0.8209 -5.0565 2.8749 80 200 120
-3.5810 -4.2610 2.3003 80 200 120
-3.1132 -2.1408 1.4662 80 200 120
-2.0913 -5.0202 2.6091 80 200 120
-2.8630 -4.9136 3.1652 80 200 120
-3.4893 0.6115 2.6727 80 200 120
-2.5343 0.2160 3.2243 80 200 120
-3.5228 -2.4705 1.7444 80 200 120
-2.3241 -5.0670 2.1293 80 200 120
-1.7083 -5.0974 2.9742 80 200 120
-2.4158 -3.7058 0.6665 80 200 120
-2.4728 -2.2962 -0.0704 80 200 120
-3.0621 -2.3753 -0.0264 80 200 120
-1.9737 -4.8951 -0.0851 80 200 120
3.9387 -3.1032 0.2943 80 200 120
0.3857 -2.1681 1.0327 80 200 120
-2.1993 -1.3586 0.3720 80 200 120
-2.4765 -2.6634 1.3585 80 200 120
-0.5119 -1.7476 0.0797 80 200 120
-2.4046 -3.7015 -0.0361 80 200 120
-2.2989 -3.3472 0.0907 80 200 120
-0.5847 -2.3983 0.6039 80 200 120
0.2166 -3.1996 0.4761 80 200 120
0.0379 0.0830 -0.1315 80 200 120
-0.3242 2.1542 -0.0904 80 200 120
-3.2819 0.6242 0.2246 80 200 120
-2.9350 -0.3957 0.5967 80 200 120
-2.7120 -1.3160 1.3393 80 200 120
-2.6415 -2.0633 1.3844 80 200 120
-0.0076 0.8958 0.5922 80 200 120
-2.5928 -4.1450 1.0709 80 200 120
-2.6999 -0.7128 0.5034 80 200 120
-3.3250 -1.3670 1.3279 80 200 120
1.8891 -0.9330 0.3423 80 200 120
1.9202 -0.5964 0.2294 80 200 120
3.7185 1.4045 0.4271 80 200 120
1.4104 -1.2809 0.3216 80 200 120
-0.0080 -3.2324 0.5151 80 200 120
-2.2185 -2.9862 0.2154 80 200 120
-3.1807 0.4712 0.2444 80 200 120
2.3611 -1.8260 3.0477 80 200 120
1.2203 -3.6770 1.2581 80 200 120
1.3347 -4.0804 1.0555 80 200 120
0.9917 -2.6574 3.1501 80 200 120
-0.8736 -5.0863 2.6851 80 200 120
-2.7220 -5.4729 3.3627 80 200 120
-1.5049 -5.2728 2.8869 80 200 120
0.0815 7.6636 -2.3189 80 200 120
0.4225 8.5114 -1.2170 80 200 120
-0.5155 2.9317 1.1331 80 200 120
1.6487 5.2402 0.2862 80 200 120
2.5934 3.7705 -1.1979 80 200 120
-3.4613 2.3647 1.1396 80 200 120
-2.5494 -5.0464 2.5071 80 200 120
-2.5942 -4.1195 3.2215 80 200 120
-3.6023 -1.7943 2.6751 80 200 120
-3.5840 -1.8625 1.6759 80 200 120
-3.3189 -4.8233 1.1508 80 200 120
-2.8741 -3.2988 1.4563 80 200 120
-3.3452 1.9197 3.1143 80 200 120
-3.2918 -5.0150 2.9098 80 200 120
-3.6301 0.2704 2.8855 80 200 120
-1.6376 -5.0706 2.6167 80 200 120
-1.6012 -2.1792 -0.1159 80 200 120
2.2200 -3.5409 0.3084 80 200 120
-2.0918 -1.7127 0.5070 80 200 120
-2.3638 -1.7572 0.0884 80 200 120
0.2777 -2.4411 1.1820 80 200 120
-0.4934 -2.7603 0.0201 80 200 120
-2.4928 -3.8851 1.4207 80 200 120
-2.4252 -3.5115 1.4644 80 200 120
1.6847 -5.0760 1.9423 80 200 120
0.4166 0.2016 0.2987 80 200 120
0.6310 3.3608 0.5534 80 200 120
-2.7404 -2.6639 1.4965 80 200 120
0.3778 0.0465 0.5641 80 200 120
-0.3452 -1.1391 0.1117 80 200 120
1.5094 -0.5451 1.0481 80 200 120
3.0055 2.5948 0.2644 80 200 120
-2.5638 4.3285 0.2342 80 200 120
-0.5027 -3.0336 -0.0191 80 200 120
-0.3748 -3.1095 0.8404 80 200 120
-0.5727 -2.5778 0.2370 80 200 120
-0.5906 -2.7323 0.3428 80 200 120
-0.5093 -1.9765 0.0048 80 200 120
1.5345 0.3010 -0.0683 80 200 120
3.0669 0.9150 0.3590 80 200 120
-0.6349 2.4412 0.9190 80 200 120
-0.7812 1.9790 0.8201 80 200 120
0.5042 -2.6651 3.1780 80 200 120
-0.4677 -5.0371 2.1946 80 200 120
3.0850 -4.1811 0.4747 80 200 120
0.6537 -2.4438 2.6970 80 200 120
2.3620 -1.9389 3.0433 80 200 120
-2.8769 2.3706 0.0052 80 200 120
-2.7828 2.8470 3.0820 80 200 120
-2.8175 -5.1039 2.2083 80 200 120
-1.4788 -4.9859 3.1905 80 200 120
-2.1513 -5.0132 3.1991 80 200 120
-3.1878 -5.0560 2.5901 80 200 120
-3.0424 0.6357 3.2552 80 200 120
-3.5831 -3.7425 1.4191 80 200 120
-1.4805 -5.0113 2.8450 80 200 120
-2.8004 -2.9394 1.4841 80 200 120
-2.2752 -5.1407 1.8807 80 200 120
-1.3152 -4.9525 2.9183 80 200 120
-2.2057 -1.3971 0.3958 80 200 120
4.4085 -2.3938 -0.5644 80 200 120
-2.8121 -2.6714 1.4374 80 200 120
-2.9521 -2.3252 1.2920 80 200 120
0.5371 -2.1123 0.8955 80 200 120
1.0221 -2.6632 0.7304 80 200 120
2.3110 -4.4788 0.0982 80 200 120
0.5809 -4.8977 0.1127 80 200 120
-2.8340 -2.2225 1.1981 80 200 120
-3.5571 -2.2080 1.1806 80 200 120
0.1852 0.0310 -0.0816 80 200 120
2.7057 0.4844 -0.2520 80 200 120
4.2977 3.0565 -0.3591 80 200 120
0.7110 -2.0720 0.7009 80 200 120
-2.5981 -4.1545 1.2967 80 200 120
-2.4358 -3.2856 1.4186 80 200 120
-2.5841 -4.2190 0.5557 80 200 120
2.7218 0.7330 0.2080 80 200 120
1.5451 0.7532 -0.1570 80 200 120
3.6951 2.2284 -0.1409 80 200 120
0.8273 4.0507 0.3861 80 200 120
-0.8004 1.6004 0.7750 80 200 120
-2.3960 3.1188 -0.1746 80 200 120
-2.4895 -2.2787 -0.0826 80 200 120
-0.0372 0.7309 0.4569 80 200 120
-0.4961 -2.2346 -0.0370 80 200 120
-2.3541 -2.6546 0.0503 80 200 120
-2.4621 -1.8104 -0.0631 80 200 120
1.0104 -2.1845 3.2730 80 200 120
1.0332 -5.1778 1.4870 80 200 120
1.4056 -2.6075 2.3621 80 200 120
-2.1594 -4.9843 3.1713 80 200 120
-1.5495 -4.9752 3.1469 80 200 120
4.9398 -0.9191 2.2908 80 200 120
-1.3788 -4.9963 3.2014 80 200 120
0.0680 -5.0414 2.5796 80 200 120
-0.8386 -5.0779 2.8949 80 200 120
0.3906 -2.4992 3.1547 80 200 120
2.5641 -1.3660 2.4479 80 200 120
3.7472 3.9856 0.5245 80 200 120
-2.3547 4.4131 0.1352 80 200 120
3.7539 -0.4819 1.8521 80 200 120
0.3088 0.0643 1.0478 80 200 120
0.4380 3.6006 0.3795 80 200 120
0.1233 1.0214 0.8185 80 200 120
0.6373 -2.6597 3.2522 80 200 120
1.7572 -2.7023 3.0982 80 200 120
1.1638 -2.6883 3.2082 80 200 120
2.3560 -2.7189 2.7746 80 200 120
-4.6621 5.2636 2.0583 80 200 120
-3.3892 0.7233 3.1642 80 200 120
-2.3493 -5.0234 2.6138 80 200 120
-3.0130 -5.1080 2.0295 80 200 120
-2.1104 0.2506 3.2473 80 200 120
-0.1318 -4.8881 0.1319 80 200 120
-0.8346 -4.0901 -0.0593 80 200 120
-0.8063 -2.5224 1.2959 80 200 120
-0.4872 -1.6889 -0.0511 80 200 120
-0.7211 -2.6009 0.9111 80 200 120
-2.3803 -3.4929 -0.0915 80 200 120
-0.4718 -1.9799 -0.0614 80 200 120
-1.2774 -5.0481 0.0208 80 200 120
-0.5631 -2.7182 0.2973 80 200 120
0.3368 0.0724 -0.0214 80 200 120
-2.5096 -1.3704 0.8457 80 200 120
2.6430 0.5841 0.1148 80 200 120
2.6058 -0.0987 -0.2733 80 200 120
2.3365 -0.6625 0.0424 80 200 120
-0.3850 -3.0866 -0.4129 80 200 120
-3.0790 -1.8142 1.3174 80 200 120
3.9904 2.5330 0.2854 80 200 120
4.5069 2.5873 0.2242 80 200 120
4.6099 2.3327 0.5417 80 200 120
3.9869 2.2084 0.1634 80 200 120
4.7824 1.8940 0.9173 80 200 120
4.9438 3.2343 0.3442 80 200 120
4.1562 1.8769 0.3631 80 200 120
1.7294 3.7455 0.1508 80 200 120
2.3427 -1.7527 0.9383 80 200 120
4.1047 4.6816 0.3259 80 200 120
-1.2167 1.3272 -0.1142 80 200 120
-1.4020 1.4326 0.2525 80 200 120
-1.1539 0.5713 -0.0874 80 200 120
-0.5065 2.4881 1.2017 80 200 120
3.5271 1.3807 2.8790 80 200 120
-0.5052 -1.7192 0.0792 80 200 120
-2.4334 -1.3644 -0.0317 80 200 120
-2.2516 -1.2876 0.3196 80 200 120
-3.4277 -4.8894 -1.7634 80 200 120
-2.8229 -2.2769 -0.1257 80 200 120
-1.4583 -5.0749 2.8401 80 200 120
1.7522 -3.8580 3.2728 80 200 120
2.5925 -3.1208 1.2827 80 200 120
-0.1348 -5.1524 2.7968 80 200 120
0.2916 -4.3115 3.2606 80 200 120
2.7681 -1.9194 3.1522 80 200 120
-3.0186 1.5760 0.9426 80 200 120
-3.2925 2.8094 0.2239 80 200 120
3.1854 1.7141 0.1112 80 200 120
-0.7902 1.8446 0.9810 80 200 120
2.5191 3.0681 -0.1381 80 200 120
-3.5917 2.6175 1.0891 80 200 120
-0.2970 2.9031 0.6268 80 200 120
-3.4317 4.7920 0.0280 80 200 120
-2.7715 3.4406 -0.4235 80 200 120
-2.1497 3.0613 -0.3072 80 200 120
3.9032 0.0252 0.8105 80 200 120
-4.9008 6.4868 1.0027 80 200 120
-2.2193 -3.3309 3.2372 80 200 120
-1.6648 -3.7033 3.2171 80 200 120
-3.4351 -4.2091 3.1996 80 200 120
-3.5853 -3.4109 1.8526 80 200 120
-1.0456 -4.9803 3.1944 80 200 120
-2.9500 -3.3299 1.4168 80 200 120
-1.9305 -5.0241 3.2650 80 200 120
-2.4567 -3.5176 0.4227 80 200 120
-3.4193 -2.2714 1.2752 80 200 120
-2.3584 -3.1226 -0.0695 80 200 120
1.5344 -1.6914 -0.0739 80 200 120
0.6971 -2.3425 0.7965 80 200 120
3.7632 -3.9826 0.3908 80 200 120
-0.2896 -0.9991 -0.0284 80 200 120
-2.5033 -1.9578 -0.1767 80 200 120
-2.3492 -3.3251 0.0739 80 200 120
0.5900 0.5298 0.1740 80 200 120
1.7942 2.2847 0.0550 80 200 120
-2.7307 0.7186 -0.0226 80 200 120
-3.2656 0.7907 -0.2129 80 200 120
-2.8199 2.2834 0.0543 80 200 120
3.2256 -4.9539 3.1370 80 200 120
2.0297 -4.9198 0.0832 80 200 120
-0.6657 -2.4431 0.8041 80 200 120
-2.2815 -3.6929 0.1013 80 200 120
0.4093 -4.8129 3.1070 80 200 120
-0.2976 -4.9925 3.1592 80 200 120
6.0711 -4.5387 -0.6808 80 200 120
3.3729 -3.5842 0.6803 80 200 120
-1.7324 -4.9827 3.1875 80 200 120
2.5959 -4.5950 0.4740 80 200 120
1.7973 -5.0885 0.8930 80 200 120
-0.5228 -5.1568 2.1950 80 200 120
3.0273 -1.4135 2.8771 80 200 120
3.2326 -1.1420 2.4382 80 200 120
3.2836 1.0792 0.6541 80 200 120
3.3650 3.7118 1.3402 80 200 120
3.2459 0.9543 1.9279 80 200 120
3.7663 0.3086 2.7629 80 200 120
-1.4059 3.9275 -0.1114 80 200 120
1.3106 7.0945 -0.8202 80 200 120
0.1312 1.4381 0.0651 80 200 120
-1.0119 1.0837 0.9484 80 200 120
1.7422 1.0848 0.0384 80 200 120
-0.4253 3.0662 1.1824 80 200 120
-3.6127 -2.6830 1.6508 80 200 120
-3.5752 -0.1367 2.2844 80 200 120
-3.5507 -5.0281 1.0227 80 200 120
-1.6796 -1.7122 3.2078 80 200 120
-3.4151 -2.7632 3.1781 80 200 120
-3.5468 -1.2946 2.1403 80 200 120
-3.6413 -2.1822 1.4590 80 200 120
-1.2096 -4.7135 -0.0209 80 200 120
-2.6712 -2.3374 0.0239 80 200 120
2.4378 -2.8466 0.5790 80 200 120
-2.5835 -2.6782 0.6817 80 200 120
-3.4238 -5.0507 3.1928 80 200 120
0.6605 -1.4244 0.7755 80 200 120
-2.8070 -2.2597 1.2305 80 200 120
-2.7326 -1.9771 1.3026 80 200 120
2.9644 0.2491 0.3127 80 200 120
-0.7187 -2.4362 0.7756 80 200 120
-0.6163 0.4382 -0.0592 80 200 120
-2.8242 -2.6798 1.4431 80 200 120
3.7550 2.6453 0.2108 80 200 120
3.6155 2.9350 -0.2337 80 200 120
2.7564 0.9383 0.0611 80 200 120
1.2111 0.7020 0.0857 80 200 120
0.9976 0.7084 0.4538 80 200 120
2.1149 0.9430 -0.1286 80 200 120
0.6399 3.0880 0.2875 80 200 120
-0.1364 2.0643 -0.1340 80 200 120
0.5080 -1.8189 0.8349 80 200 120
-2.2484 3.2678 0.0950 80 200 120
-2.2579 -3.8420 0.2223 80 200 120
0.8609 -5.0672 3.0285 80 200 120
-0.5863 -5.0423 3.2131 80 200 120
0.6755 -5.0939 1.9232 80 200 120
2.7712 -0.5971 3.0812 80 200 120
2.0835 -3.4537 3.2642 80 200 120
0.4758 -2.5527 3.0626 80 200 120
1.5407 -6.1554 0.5232 80 200 120
0.5018 -2.4443 3.2045 80 200 120
-2.3297 4.2380 2.9475 80 200 120
1.3659 -2.6918 3.0520 80 200 120
2.5763 -1.9480 3.0096 80 200 120
0.6468 -2.6573 3.2584 80 200 120
1.0316 -2.6714 3.1731 80 200 120
0.4779 -2.4867 2.6498 80 200 120
0.9083 -2.2734 3.2341 80 200 120
0.9242 1.2116 0.4489 80 200 120
3.6092 -3.2996 3.2054 80 200 120
-2.2761 -5.0127 2.7830 80 200 120
-3.6035 -2.9114 2.6814 80 200 120
-3.5859 -1.2295 2.7887 80 200 120
-3.3177 -4.8150 1.9158 80 200 120
-3.5908 -4.5624 1.4418 80 200 120
-3.5766 -2.5610 2.2701 80 200 120
-3.6913 0.8828 2.7515 80 200 120
-2.3079 -5.0442 2.1258 80 200 120
-3.9428 2.3933 2.8293 80 200 120
-3.5358 -3.5459 2.7985 80 200 120
-3.5929 -2.4639 1.7510 80 200 120
-3.6527 0.3551 2.1092 80 200 120
-3.6535 -0.8965 1.9513 80 200 120
-2.4191 -4.0247 -0.0677 80 200 120
0.9683 -2.6825 0.7712 80 200 120
-2.7433 -2.2577 1.2595 80 200 120
-2.5350 -2.2654 1.2607 80 200 120
-2.8126 -2.6829 1.4403 80 200 120
-2.1686 -1.4833 0.5243 80 200 120
-0.3796 -3.0587 0.9141 80 200 120
-0.6367 -2.7165 0.5188 80 200 120
-2.4221 -1.4461 -0.0301 80 200 120
-0.6040 -2.3520 0.4214 80 200 120
-2.3147 -3.3551 0.1281 80 200 120
-2.3625 -2.9904 0.0105 80 200 120
-2.3501 -3.6181 0.0832 80 200 120
-0.7796 3.0146 1.1401 80 200 120
-2.5508 -2.2505 1.2444 80 200 120
-2.5091 -1.4414 1.2661 80 200 120
3.4111 2.8140 -0.0375 80 200 120
2.1478 1.1626 -0.0714 80 200 120
0.3623 0.2216 0.9551 80 200 120
2.9556 -0.5771 0.6490 80 200 120
-0.6195 1.4052 -0.1435 80 200 120
-0.5889 -2.3591 0.3725 80 200 120
-2.6649 -2.3025 0.0788 80 200 120
-1.7630 3.5204 0.5227 80 200 120
3.1098 4.2178 3.0443 80 200 120
0.5879 -4.6644 3.1655 80 200 120
0.1605 -4.7754 3.1673 80 200 120
0.6598 -5.0173 2.7765 80 200 120
-2.0095 -5.0146 3.1922 80 200 120
3.3924 3.3649 2.7326 80 200 120
2.8934 3.0564 2.9799 80 200 120
0.6979 2.4278 3.1017 80 200 120
3.2448 2.1534 1.9678 80 200 120
2.0693 0.8234 0.1117 80 200 120
0.3513 1.6137 0.5532 80 200 120
-1.3955 2.2229 0.0978 80 200 120
-3.1301 2.4960 0.7058 80 200 120
1.4059 4.7834 1.1581 80 200 120
-0.1885 2.1512 0.1648 80 200 120
0.3778 2.1682 -0.3795 80 200 120
0.3554 3.0198 0.0506 80 200 120
-2.6455 3.0228 -0.1778 80 200 120
-2.7455 5.8248 -0.1769 80 200 120
0.2894 0.7475 0.9955 80 200 120
-3.0113 5.0831 0.4176 80 200 120
-3.3602 0.6718 3.0785 80 200 120
-3.5640 -4.7215 1.9189 80 200 120
-2.4503 -5.0683 1.5912 80 200 120
-2.3720 -2.2005 1.5759 80 200 120
-3.4042 -5.0380 3.1935 80 200 120
-2.4127 -2.1373 1.3183 80 200 120
-0.9668 -2.6850 1.6316 80 200 120
0.6775 -2.3395 0.8151 80 200 120
1.3417 -1.8097 0.1389 80 200 120
-0.2687 -1.0060 -0.0335 80 200 120
-2.4408 -1.1113 0.3566 80 200 120
-2.4831 -2.2156 -0.1508 80 200 120
-3.3628 -2.2083 1.2101 80 200 120
-2.4941 -4.1314 0.7563 80 200 120
-2.6351 -2.6516 1.2521 80 200 120
-2.4263 -3.2655 1.4218 80 200 120
-2.8284 -2.6576 1.4533 80 200 120
-2.4398 -4.0610 0.5822 80 200 120
2.5490 0.8391 -0.1126 80 200 120
1.4031 0.4957 -0.1281 80 200 120
1.9318 1.4971 -0.1310 80 200 120
1.8256 1.1360 -0.1843 80 200 120
2.0398 0.7781 -0.1884 80 200 120
1.2850 -0.3505 0.0195 80 200 120
2.9191 -0.7812 0.2895 80 200 120
-0.0902 0.4451 0.2082 80 200 120
-2.5426 1.6003 -0.1079 80 200 120
-2.3116 -1.2764 0.2474 80 200 120
-0.7212 -2.7171 0.9447 80 200 120
-2.3878 2.1488 0.1761 80 200 120
1.1252 -4.9858 2.4846 80 200 120
0.9024 -4.7691 3.1794 80 200 120
0.5360 -2.6637 3.2017 80 200 120
1.0746 -2.6713 3.1840 80 200 120
0.7901 -2.2618 3.1878 80 200 120
0.4571 -2.4800 3.1917 80 200 120
0.3722 -2.5384 2.9927 80 200 120
0.5839 -5.1942 1.5137 80 200 120
-1.4346 -4.9963 2.8369 80 200 120
0.3504 -4.6672 1.3754 80 200 120
2.1884 -0.9778 3.0310 80 200 120
-1.1955 -4.9872 3.1976 80 200 120
-0.0765 3.3474 1.9742 80 200 120
0.6957 4.4327 0.1168 80 200 120
2.6113 -1.9583 3.0564 80 200 120
-0.6750 2.4808 3.0832 80 200 120
1.3248 -2.6964 3.0606 80 200 120
0.4794 -2.4895 2.6508 80 200 120
0.9249 -2.6717 3.1406 80 200 120
-2.5597 -4.9843 2.3223 80 200 120
-2.2979 -5.0058 2.1364 80 200 120
-3.5001 -2.5154 2.8919 80 200 120
-3.5792 -4.0812 2.6285 80 200 120
-3.5943 -3.8954 2.9561 80 200 120
-2.2437 0.1476 3.2667 80 200 120
-2.9006 -5.0941 2.6811 80 200 120
-3.2879 -4.8061 2.6286 80 200 120
0.1005 -4.6834 0.2442 80 200 120
-1.7517 -3.2466 0.0214 80 200 120
-0.3069 -3.0739 0.7637 80 200 120
-2.5395 -1.6694 1.2250 80 200 120
-2.0212 -4.9427 -0.1696 80 200 120
1.9489 -2.7073 0.4648 80 200 120
-2.4335 -1.6101 -0.0093 80 200 120
-2.3606 -1.4588 0.2198 80 200 120
-2.7145 -1.5350 1.3059 80 200 120
1.9651 0.3138 -0.1456 80 200 120
0.8484 0.4398 0.3144 80 200 120
3.7837 2.7142 1.8552 80 200 120
0.2732 0.0491 0.9821 80 200 120
-1.1942 2.9657 0.8371 80 200 120
-1.6521 0.9216 -0.0204 80 200 120
-2.0796 0.8221 -0.1669 80 200 120
0.2576 1.7405 0.5335 80 200 120
-2.2544 -2.9560 0.1747 80 200 120
1.2527 -4.8750 3.0990 80 200 120
1.3021 -4.9402 2.6790 80 200 120
-2.1905 -4.9848 3.2065 80 200 120
1.6178 -2.5823 2.3099 80 200 120
-0.0829 -5.3398 1.2951 80 200 120
1.9505 2.8350 0.5220 80 200 120
0.7183 -2.6552 3.2741 80 200 120
-0.1246 -0.0176 1.0765 80 200 120
3.3818 -3.3401 3.1781 80 200 120
0.1831 1.7471 0.0386 80 200 120
1.5712 2.6969 0.2064 80 200 120
-3.2600 -4.6846 2.4175 80 200 120
-3.5798 -2.4947 1.5073 80 200 120
-0.9592 -4.9851 3.1929 80 200 120
-3.5483 -2.9039 1.3499 80 200 120
-3.4089 -4.4400 3.1571 80 200 120
-2.9182 -1.6121 1.5387 80 200 120
1.1338 -4.8832 0.1060 80 200 120
1.6910 -5.0840 -0.0206 80 200 120
-0.5088 -3.8529 -0.0493 80 200 120
-2.3635 -1.6032 1.4069 80 200 120
-2.7058 -1.6815 1.3069 80 200 120
-3.4285 -5.0536 3.1966 80 200 120
-3.2971 -1.8126 1.3156 80 200 120
0.5113 -2.1537 0.9096 80 200 120
-2.7718 2.2875 0.4306 80 200 120
-3.0826 1.3626 0.8758 80 200 120
0.5216 0.2194 -0.0145 80 200 120
-2.5482 -4.2127 0.6990 80 200 120
0.6806 -0.7831 0.0338 80 200 120
3.1322 0.6699 0.3293 80 200 120
-2.5935 -4.2517 0.3276 80 200 120
3.4908 2.1549 0.0318 80 200 120
-2.8434 -3.3128 1.4685 80 200 120
4.3693 3.8027 1.3081 80 200 120
0.1718 -0.0418 -0.0059 80 200 120
0.5483 0.1994 -0.0493 80 200 120
-0.6309 0.3117 0.0682 80 200 120
-0.9357 0.5873 0.1284 80 200 120
-3.5577 -2.5374 -0.3272 80 200 120
-3.0314 0.3973 0.0828 80 200 120
-0.1920 2.7684 0.4369 80 200 120
-2.6872 1.9583 0.0144 80 200 120
-3.1730 -0.0635 -0.6295 80 200 120
-0.8550 -2.4183 1.3939 80 200 120
-2.3500 -1.9043 0.1773 80 200 120
0.5183 -2.6450 3.1925 80 200 120
0.0602 0.3569 0.9373 80 200 120
1.2339 -2.6697 3.2439 80 200 120
1.1811 -5.0953 2.7212 80 200 120
1.3794 -4.8783 2.4358 80 200 120
3.5438 -4.9832 0.4097 80 200 120
-2.1307 -4.9342 2.9846 80 200 120
-0.8822 -5.1384 2.6259 80 200 120
-2.8357 -4.8134 3.1584 80 200 120
3.2747 -1.6586 3.5047 80 200 120
-1.7427 -5.1427 2.9669 80 200 120
1.8044 2.6029 3.0775 80 200 120
2.8027 2.0581 2.9874 80 200 120
1.0614 2.3134 3.0853 80 200 120
1.8309 4.1307 2.9111 80 200 120
1.6313 2.7668 2.9152 80 200 120
0.4721 3.3133 2.8742 80 200 120
0.9490 3.1332 2.9949 80 200 120
3.2274 4.5058 2.7437 80 200 120
0.3837 1.6337 3.1285 80 200 120
2.5113 2.2404 3.0352 80 200 120
1.3208 3.9092 2.9516 80 200 120
2.4585 3.3534 2.9671 80 200 120
0.1681 2.2547 3.0822 80 200 120
1.3861 3.0973 3.0233 80 200 120
3.1785 2.6366 2.8751 80 200 120
1.5029 2.7439 3.0210 80 200 120
2.8238 4.4089 2.7031 80 200 120
2.4787 1.9333 3.1134 80 200 120
0.5342 2.5583 3.0431 80 200 120
0.6188 3.2232 2.8346 80 200 120
0.7405 2.0156 3.1165 80 200 120
1.4864 2.2674 3.1012 80 200 120
2.9798 1.7142 2.9407 80 200 120
0.8047 4.0274 1.9991 80 200 120
1.5174 4.8985 1.9935 80 200 120
2.7016 5.1349 2.8294 80 200 120
0.4171 1.6385 3.1352 80 200 120
3.6189 0.7489 2.0739 80 200 120
0.9187 1.1187 0.4614 80 200 120
-3.1648 2.8729 3.1054 80 200 120
-3.3584 -1.9609 3.1825 80 200 120
-3.6983 1.1020 2.1128 80 200 120
-1.3340 -5.0103 2.9644 80 200 120
-3.5653 -1.0380 2.9464 80 200 120
-3.5784 -1.8627 1.6858 80 200 120
-3.5266 -3.0774 2.3101 80 200 120
-3.0066 -3.8965 3.2701 80 200 120
-1.8332 -1.0975 3.1987 80 200 120
-1.9496 -4.1715 0.0267 80 200 120
-0.0377 -4.0361 0.1193 80 200 120
1.1337 -4.2533 0.1850 80 200 120
-1.3565 -2.5929 -0.0261 80 200 120
4.0640 -4.5938 -0.3926 80 200 120
-0.8222 -2.7570 1.0616 80 200 120
-2.7834 -1.9876 1.2825 80 200 120
-2.3013 -1.3063 0.3174 80 200 120
-2.0823 -1.5795 1.2079 80 200 120
-0.8033 -2.6104 0.9458 80 200 120
-2.5406 -4.1172 1.0343 80 200 120
-0.7304 -2.4304 0.6986 80 200 120
-2.4994 -4.0643 -0.0472 80 200 120
-0.7438 -2.6677 0.7177 80 200 120
-2.3628 -3.6580 0.0688 80 200 120
2.5098 0.3421 -0.1045 80 200 120
2.0396 0.2251 -0.1462 80 200 120
-1.2986 -1.6103 -0.0253 80 200 120
-2.4661 -4.0654 -0.2170 80 200 120
-1.3305 1.3970 0.6476 80 200 120
1.4869 -4.7359 3.1436 80 200 120
2.5111 -5.3550 2.8595 80 200 120
1.0151 -5.0831 2.5100 80 200 120
-2.5077 -5.0424 3.2198 80 200 120
-0.2752 -5.0647 2.5617 80 200 120
-1.2400 -5.1884 2.8264 80 200 120
-2.7094 -4.9971 3.2043 80 200 120
2.0173 -5.3319 0.7467 80 200 120
0.6406 -5.0128 1.2159 80 200 120
2.9062 5.1191 2.3193 80 200 120
1.4610 4.9122 2.5032 80 200 120
1.2590 1.8351 3.1739 80 200 120
3.1720 3.1963 2.0770 80 200 120
-1.2776 5.5917 1.6119 80 200 120
-3.0039 2.1552 0.8043 80 200 120
-1.0039 1.0946 0.9292 80 200 120
-0.3874 1.9309 0.3190 80 200 120
1.8231 1.1579 0.0040 80 200 120
-4.0562 2.9584 1.1186 80 200 120
-1.2629 1.8383 0.6928 80 200 120
-3.5158 -1.9658 2.8818 80 200 120
-3.4029 -3.0709 3.1669 80 200 120
1.8521 -4.8481 0.2345 80 200 120
1.2368 -4.0009 -0.2115 80 200 120
0.2914 -3.5598 0.0691 80 200 120
-1.4283 -3.6226 -0.1456 80 200 120
0.4110 -3.1728 0.9000 80 200 120
-3.5135 -4.9704 1.0402 80 200 120
-2.5441 -4.2277 0.4481 80 200 120
-0.4731 -2.2403 -0.0145 80 200 120
-3.0000 -1.8648 1.3214 80 200 120
0.5682 -2.9747 0.8536 80 200 120
-2.4530 -2.1144 1.3081 80 200 120
-0.4781 -1.6824 -0.0934 80 200 120
-2.0368 -1.9854 -0.0413 80 200 120
2.5870 -1.2343 0.0231 80 200 120
-2.4957 -4.0853 1.3515 80 200 120
-2.3803 -3.7325 1.4735 80 200 120
1.9114 -0.5934 0.2403 80 200 120
0.1741 -2.2533 1.2243 80 200 120
2.5290 -0.4396 0.4252 80 200 120
-2.8858 -3.1223 1.4600 80 200 120
1.2583 0.2769 -0.2421 80 200 120
-2.4198 -3.7233 -0.0730 80 200 120
-0.7982 -2.5520 1.0408 80 200 120
-0.6250 -2.2209 0.3920 80 200 120
1.9123 -4.8635 3.1571 80 200 120
1.4439 -4.0407 3.2717 80 200 120
3.6667 -4.1156 1.0372 80 200 120
0.4449 -2.4756 3.1782 80 200 120
4.6081 -2.9301 1.8536 80 200 120
0.4577 -2.6045 3.1964 80 200 120
0.0975 -5.3949 2.1196 80 200 120
0.2856 2.6455 2.9882 80 200 120
0.2223 3.5175 2.0872 80 200 120
0.3950 3.5552 2.1186 80 200 120
1.9641 2.2396 0.2901 80 200 120
-3.3774 4.5767 0.1278 80 200 120
-2.2456 2.9168 0.1699 80 200 120
-1.3741 -4.9501 3.1591 80 200 120
-3.6762 -0.5771 2.6540 80 200 120
-3.5578 -3.9252 1.9615 80 200 120
-3.2860 -2.3628 3.1811 80 200 120
-2.6661 -5.0573 2.8119 80 200 120
-2.3890 -4.9644 2.5053 80 200 120
-2.5690 -4.9913 2.3280 80 200 120
-2.8858 -5.0068 2.9499 80 200 120
-2.2959 -2.5973 3.2171 80 200 120
-2.1758 -5.1441 2.9695 80 200 120
-2.3968 -4.1068 1.0151 80 200 120
-2.4453 -3.6605 1.4708 80 200 120
2.2678 -4.8131 0.3189 80 200 120
2.0247 -4.4360 -0.3521 80 200 120
-2.3395 -4.0301 1.2716 80 200 120
1.9459 -2.6841 0.1188 80 200 120
4.4895 -3.5522 -0.5170 80 200 120
-3.1228 -2.2823 1.1902 80 200 120
0.7794 -2.6453 0.7150 80 200 120
-6.1075 4.2381 -4.6310 80 200 120
0.3675 -2.1995 1.0433 80 200 120
-19.8842 25.1367 -34.2799 80 200 120
-2.3569 -1.5907 1.4078 80 200 120
-0.5049 1.5474 0.8372 80 200 120
2.3908 -1.0419 0.8935 80 200 120
0.0069 -3.2904 -1.6966 80 200 120
0.1345 -3.3237 -0.0308 80 200 120
0.7248 -1.3809 0.6727 80 200 120
-0.5861 -2.3187 0.2437 80 200 120
-2.4801 -2.9397 1.5431 80 200 120
4.1611 3.6304 1.2633 80 200 120
0.9135 -1.7487 0.5208 80 200 120
3.5503 0.5239 0.0808 80 200 120
2.5109 -0.2059 -0.1372 80 200 120
-0.0312 0.4042 -0.2906 80 200 120
0.6193 -2.3234 0.8605 80 200 120
-1.3547 1.9859 0.8462 80 200 120
-3.1436 0.6094 -0.1110 80 200 120
-2.6797 1.9221 0.0432 80 200 120
-3.0652 -0.1820 -0.3918 80 200 120
2.8635 -5.0946 2.9411 80 200 120
1.9289 -4.9893 1.6979 80 200 120
-0.5041 -4.9888 2.1865 80 200 120
0.6715 -5.2970 1.3484 80 200 120
-1.4889 -5.0680 2.8651 80 200 120
-0.5058 -5.0540 2.5578 80 200 120
0.0397 -5.0781 1.8727 80 200 120
15.6861 0.9269 4.2660 80 200 120
1.4808 -2.1183 3.3296 80 200 120
0.6159 -2.5094 3.0286 80 200 120
0.1951 1.7415 3.1022 80 200 120
-2.9552 0.7258 3.0618 80 200 120
0.5931 4.0596 1.0463 80 200 120
-1.6885 5.7933 -0.2647 80 200 120
2.4048 -2.0698 3.0805 80 200 120
-2.9749 6.5980 -0.5791 80 200 120
1.3610 4.8879 -0.3826 80 200 120
-3.4925 -4.1739 1.8627 80 200 120
-3.2492 -0.7317 3.1397 80 200 120
-3.4937 -3.8072 1.6714 80 200 120
-3.1383 -5.0429 2.3563 80 200 120
-3.5010 -1.0450 2.4137 80 200 120
-2.8130 -5.0344 2.3840 80 200 120
-2.3902 -3.9565 1.3748 80 200 120
-2.8574 -3.5031 1.3918 80 200 120
3.2155 -4.7721 0.1639 80 200 120
3.2214 -5.6412 0.4253 80 200 120
0.7528 -2.3467 0.7529 80 200 120
-3.2378 -4.7313 3.1377 80 200 120
-0.6044 -2.3891 0.3877 80 200 120
0.0441 -2.9760 1.0012 80 200 120
-2.7578 -1.2767 1.2779 80 200 120
-2.3833 2.8392 -0.0952 80 200 120
-3.3309 5.2713 -0.1577 80 200 120
-3.1319 -2.5060 0.4699 80 200 120
-0.0037 0.3070 0.0995 80 200 120
-3.0321 -2.2567 0.1873 80 200 120
-3.2405 3.8282 3.1521 80 200 120
-2.6139 -3.6937 1.6874 80 200 120
-2.8505 -3.3069 1.5153 80 200 120
-2.3292 -3.2468 1.5216 80 200 120
4.4897 2.1285 -0.0601 80 200 120
3.6535 -0.3687 1.3601 80 200 120
3.8331 -0.7412 1.1135 80 200 120
2.9066 -1.2220 0.2905 80 200 120
1.8153 0.8300 -0.0994 80 200 120
1.5904 1.4117 0.1029 80 200 120
3.0927 -1.2421 -0.0995 80 200 120
2.5837 -0.5262 0.4799 80 200 120
2.3016 0.6426 -0.1704 80 200 120
3.2133 -0.8365 0.6557 80 200 120
2.3591 -0.4972 -0.0163 80 200 120
2.7226 -0.6515 0.3884 80 200 120
2.9980 -1.0859 0.4825 80 200 120
2.6436 -0.0169 0.4746 80 200 120
1.9039 -0.8176 0.0585 80 200 120
4.1192 -0.6076 0.6156 80 200 120
2.5411 1.2708 0.0286 80 200 120
-0.6492 -0.1331 0.0266 80 200 120
0.8322 -0.9145 0.2901 80 200 120
-3.3164 -2.3199 0.1795 80 200 120
-2.3095 -2.6521 0.2157 80 200 120
-2.4068 -4.0241 -0.1486 80 200 120
-2.3122 -1.2444 0.3084 80 200 120
3.0420 -5.3452 2.0069 80 200 120
3.8816 -5.3693 2.3659 80 200 120
2.5436 -4.5830 3.0583 80 200 120
-0.8799 -5.1606 2.6235 80 200 120
0.7400 -3.0053 3.2148 80 200 120
2.5096 -4.3721 1.0082 80 200 120
-2.9869 -4.9808 3.1817 80 200 120
2.9945 -3.2583 2.1785 80 200 120
-1.3786 -5.0927 2.3721 80 200 120
-2.6734 -4.8639 3.1595 80 200 120
-0.6749 -4.6198 1.8038 80 200 120
0.4397 -5.2655 2.0632 80 200 120
0.2914 3.8885 2.7455 80 200 120
2.8285 1.9757 2.5362 80 200 120
2.5236 1.3423 2.7437 80 200 120
3.2485 0.9762 2.8755 80 200 120
-2.1393 4.5838 0.0700 80 200 120
1.8477 2.0785 0.3742 80 200 120
-0.4953 2.7550 1.2406 80 200 120
0.8764 -2.2729 3.1529 80 200 120
3.3515 -0.7148 1.8238 80 200 120
-2.3070 -5.0129 2.7233 80 200 120
-3.4865 -4.9018 2.8700 80 200 120
-3.4006 -3.9576 3.1715 80 200 120
-3.3061 -2.1695 3.1504 80 200 120
-0.3930 -1.1586 0.2114 80 200 120
0.5546 -2.6447 0.9251 80 200 120
-2.4583 -1.5004 1.3026 80 200 120
3.2136 -4.3262 0.0513 80 200 120
-2.2832 -1.2985 0.6775 80 200 120
-2.6362 -2.0339 1.3990 80 200 120
-0.8475 -0.6289 -0.0627 80 200 120
0.5680 0.4133 0.8255 80 200 120
-2.1886 -3.7014 0.5606 80 200 120
-2.6089 -4.2420 1.2057 80 200 120
2.8921 -1.1126 -0.1867 80 200 120
-2.4132 -3.5859 1.4261 80 200 120
-2.4948 -3.8291 1.6021 80 200 120
1.6759 -2.1521 0.9005 80 200 120
2.2300 0.7119 0.0218 80 200 120
2.6947 0.3481 0.1584 80 200 120
2.4904 -1.2887 -0.2496 80 200 120
2.4585 -0.9466 -0.0573 80 200 120
1.6936 -1.9589 0.5042 80 200 120
1.7087 -0.3288 0.0329 80 200 120
1.7592 -2.0264 1.0623 80 200 120
2.5285 -0.2442 0.6145 80 200 120
-0.2380 -1.2316 0.6129 80 200 120
-3.0254 0.4032 0.0808 80 200 120
-2.8271 0.7604 -0.2170 80 200 120
-2.7364 -2.2964 -0.0131 80 200 120
-2.5056 -1.2190 -0.1868 80 200 120
2.4092 -1.9986 3.0557 80 200 120
2.5525 -4.9378 3.1736 80 200 120
3.3589 -4.7361 2.5516 80 200 120
3.4367 -4.6630 1.9734 80 200 120
2.7780 -2.6599 2.7580 80 200 120
3.0538 -4.5788 1.5420 80 200 120
0.3860 4.5343 3.0193 80 200 120
2.7012 1.3347 3.0089 80 200 120
3.2438 0.8277 3.0594 80 200 120
3.7175 0.8965 2.7294 80 200 120
0.5334 3.7374 2.5703 80 200 120
-0.8217 1.1179 0.9595 80 200 120
4.2411 -1.0665 2.3269 80 200 120
3.2445 -1.5446 3.1094 80 200 120
0.2140 2.9738 -0.2822 80 200 120
-3.1060 3.8646 3.0614 80 200 120
-3.3745 -4.7889 2.4216 80 200 120
-3.5145 1.3067 2.4764 80 200 120
-3.4259 -1.0796 3.1573 80 200 120
-3.0673 -4.6649 2.1891 80 200 120
-2.0132 -2.1636 -0.0154 80 200 120
-2.7459 -0.5401 0.8683 80 200 120
-2.3583 0.2291 -0.1589 80 200 120
-2.3558 -1.2382 1.0710 80 200 120
0.6323 -2.3741 0.8009 80 200 120
-3.3466 -4.8375 3.1797 80 200 120
-0.8556 -1.9348 -0.1693 80 200 120
-2.3637 -1.4140 1.4532 80 200 120
-2.5752 0.5276 0.7565 80 200 120
-2.6043 0.7203 0.2466 80 200 120
-2.9566 0.5287 -0.0889 80 200 120
-1.3569 3.8744 0.5037 80 200 120
-2.6300 1.6010 -0.2808 80 200 120
-2.1812 0.2979 -0.0125 80 200 120
1.8191 5.5673 -0.5123 80 200 120
-1.4647 1.5359 0.3793 80 200 120
-0.6700 2.0370 0.8209 80 200 120
1.5907 0.8881 -0.3148 80 200 120
1.5786 1.2344 -0.4694 80 200 120
-2.6775 -2.3709 0.0237 80 200 120
-2.7483 -3.7842 1.6263 80 200 120
-2.3974 -3.2593 1.4452 80 200 120
-2.3977 -3.7505 1.4624 80 200 120
0.3240 -1.9891 1.0887 80 200 120
3.8489 0.6522 -0.0976 80 200 120
2.1433 -1.8835 0.4979 80 200 120
0.4509 -2.6320 3.1714 80 200 120
1.3940 -2.6884 3.0539 80 200 120
-2.7067 -0.6633 0.5914 80 200 120
-2.2978 -1.6747 0.2718 80 200 120
