t,tracked,n_obs0,n_obs1,mean0,ms,keyframe,n_landmarks,allobs
1520530308.199448,0,0,0,32.81,1.62,0,0,0/0
1520530308.249449,0,0,0,32.97,0.67,0,0,0/0
1520530308.299451,0,0,0,32.88,0.90,0,0,0/0
1520530308.349503,0,0,0,34.46,0.67,0,0,0/0
1520530308.399505,0,0,0,34.83,0.93,0,0,0/0
1520530308.449505,0,0,0,34.94,0.68,0,0,0/0
1520530308.499506,0,0,0,34.57,0.75,0,0,0/0
1520530308.549508,0,0,0,34.72,0.93,0,0,0/0
1520530308.599509,0,0,0,34.80,0.96,0,0,0/0
1520530308.649555,0,0,0,34.70,0.79,0,0,0/0
1520530308.699512,0,0,0,34.58,0.74,0,0,0/0
1520530308.749559,0,0,0,36.16,0.93,0,0,0/0
1520530308.799560,0,0,0,36.06,0.84,0,0,0/0
1520530308.849562,0,0,0,36.08,0.70,0,0,0/0
1520530308.899563,0,0,0,36.16,0.83,0,0,0/0
1520530308.949565,0,0,0,36.42,0.70,0,0,0/0
1520530308.999567,0,0,0,36.31,1.10,0,0,0/0
1520530309.049568,0,0,0,36.56,0.94,0,0,0/0
1520530309.099570,0,0,0,36.48,0.76,0,0,0/0
1520530309.149567,0,0,0,36.26,0.73,0,0,0/0
1520530309.199583,0,0,0,36.84,1.33,0,0,0/0
1520530309.249583,0,0,0,36.56,1.11,0,0,0/0
1520530309.299586,0,0,0,36.86,0.88,0,0,0/0
1520530309.349586,0,0,0,36.84,0.87,0,0,0/0
1520530309.399589,0,0,0,36.56,0.89,0,0,0/0
1520530309.449590,0,0,0,36.54,0.98,0,0,0/0
1520530309.499591,0,0,0,36.69,1.16,0,0,0/0
1520530309.549594,0,0,0,36.90,0.74,0,0,0/0
1520530309.599597,0,0,0,36.75,0.70,0,0,0/0
1520530309.649599,0,0,0,37.06,0.63,0,0,0/0
1520530309.699600,0,0,0,37.13,0.70,0,0,0/0
1520530309.749602,0,0,0,37.06,0.83,0,0,0/0
1520530309.799603,0,0,0,36.94,0.86,0,0,0/0
1520530309.849605,0,0,0,37.12,0.66,0,0,0/0
1520530309.899606,0,0,0,37.19,0.75,0,0,0/0
1520530309.949608,0,0,0,36.80,0.67,0,0,0/0
1520530309.999622,0,0,0,37.51,1.01,0,0,0/0
1520530310.049623,0,0,0,37.44,1.05,0,0,0/0
1520530310.099625,0,0,0,37.51,0.92,0,0,0/0
1520530310.149627,0,0,0,37.62,0.75,0,0,0/0
1520530310.199628,0,0,0,37.76,0.73,0,0,0/0
1520530310.249729,0,0,0,37.48,0.83,0,0,0/0
1520530310.299631,0,0,0,37.60,0.69,0,0,0/0
1520530310.349633,0,0,0,37.51,0.69,0,0,0/0
1520530310.399625,0,0,0,37.22,0.69,0,0,0/0
1520530310.449627,0,0,0,37.11,0.92,0,0,0/0
1520530310.499628,0,0,0,37.30,0.96,0,0,0/0
1520530310.549630,0,0,0,37.27,0.99,0,0,0/0
1520530310.599632,0,0,0,37.29,0.81,0,0,0/0
1520530310.649633,0,0,0,37.27,0.68,0,0,0/0
1520530310.699635,0,0,0,37.18,0.71,0,0,0/0
1520530310.749636,0,0,0,37.14,0.64,0,0,0/0
1520530310.799651,0,0,0,37.75,0.69,0,0,0/0
1520530310.849652,0,0,0,37.79,0.65,0,0,0/0
1520530310.899654,0,0,0,38.00,0.96,0,0,0/0
1520530310.949655,0,0,0,37.84,1.08,0,0,0/0
1520530310.999657,0,0,0,37.81,1.10,0,0,0/0
1520530311.049659,0,0,0,37.88,1.28,0,0,0/0
1520530311.099660,1,115,99,37.72,15.55,1,99,115/99
1520530311.149662,1,220,172,38.00,26.84,1,180,220/172
1520530311.199672,1,225,177,38.23,26.56,1,214,225/177
1520530311.249673,1,219,175,38.21,38.74,1,220,219/175
1520530311.299675,1,215,174,38.06,40.05,1,225,215/174
1520530311.349677,1,216,175,38.18,52.28,1,232,216/175
1520530311.399678,1,216,176,38.19,58.00,1,235,216/176
1520530311.449679,1,214,171,38.15,58.41,1,239,214/171
1520530311.499684,1,212,170,38.18,76.71,1,244,212/170
1520530311.549683,1,222,177,38.12,86.63,1,253,222/177
1520530311.599684,1,224,177,38.31,69.27,1,253,224/177
1520530311.649719,1,224,178,39.47,81.59,1,263,224/178
1520530311.699720,1,222,177,39.30,115.72,1,259,222/177
1520530311.749722,1,222,178,39.57,109.73,1,258,222/178
1520530311.799723,1,220,176,39.43,102.74,1,263,220/176
1520530311.849725,1,220,175,39.32,115.77,1,266,220/175
1520530311.899726,1,246,194,39.37,123.80,1,282,246/194
1520530311.949728,1,245,195,39.37,163.18,1,290,245/195
1520530311.999729,1,244,193,39.33,142.09,1,288,244/193
1520530312.049721,1,246,193,38.87,162.26,1,290,246/193
1520530312.099721,1,245,194,39.11,254.06,1,296,245/194
1520530312.149723,1,247,194,38.97,226.32,1,305,247/194
1520530312.199726,1,242,189,39.22,200.58,1,307,242/189
1520530312.249727,1,252,196,39.22,222.38,1,320,252/196
1520530312.299728,1,259,205,38.95,182.69,1,335,259/205
1520530312.349730,1,263,208,38.93,191.30,1,338,263/208
1520530312.399731,1,264,206,38.95,202.39,1,338,264/206
1520530312.449712,1,264,202,38.31,209.51,1,345,264/202
1520530312.499714,1,264,206,38.34,356.82,1,345,264/206
1520530312.549715,1,264,205,38.47,223.62,1,350,264/205
1520530312.599717,1,265,205,38.40,387.46,1,355,265/205
1520530312.649719,1,263,208,38.30,257.50,1,363,263/208
1520530312.699720,1,263,205,38.24,722.12,1,363,263/205
1520530312.749722,1,263,206,38.27,276.14,1,349,263/206
1520530312.799724,1,263,206,38.44,87.92,1,319,263/206
1520530312.849720,1,265,209,38.28,103.08,1,332,265/209
1520530312.899721,1,265,205,38.35,77.71,1,335,265/205
1520530312.949723,1,266,207,38.23,121.57,1,339,266/207
1520530312.999725,1,267,208,38.41,82.53,1,343,267/208
1520530313.049726,1,265,206,38.29,96.99,1,348,265/206
1520530313.099727,1,270,211,38.34,13.57,0,348,270/211
1520530313.149729,1,280,219,38.34,12.96,0,348,280/219
1520530313.199730,1,287,221,38.21,116.69,1,365,287/221
1520530313.249736,1,287,230,38.34,13.53,0,365,287/230
1520530313.299738,1,285,225,38.64,13.48,0,365,285/225
1520530313.349739,1,280,220,38.59,139.98,1,371,280/220
1520530313.399790,1,279,220,38.60,14.62,0,371,279/220
1520530313.449743,1,278,221,38.43,12.81,0,371,278/221
1520530313.499744,1,277,221,38.29,119.04,1,371,277/221
1520530313.549746,1,277,219,38.47,12.57,0,371,277/219
1520530313.599747,1,277,223,38.46,15.17,0,371,277/223
1520530313.649745,1,278,222,38.30,124.70,1,372,278/222
1520530313.699746,1,277,224,38.16,13.08,0,372,277/224
1520530313.749748,1,278,228,38.33,14.78,0,372,278/228
1520530313.799750,1,273,219,38.35,132.18,1,374,273/219
1520530313.849751,1,271,217,38.56,15.30,0,374,271/217
1520530313.899753,1,265,210,38.43,12.77,0,374,265/210
1520530313.949754,1,263,209,38.19,137.76,1,386,263/209
1520530313.999756,1,276,216,38.23,14.07,0,386,276/216
1520530314.049757,1,275,222,38.63,16.02,0,386,275/222
1520530314.099763,1,274,221,38.57,149.25,1,401,274/221
1520530314.149765,1,273,221,38.61,13.85,0,401,273/221
1520530314.199766,1,273,217,38.71,16.05,0,401,273/217
1520530314.249768,1,270,214,38.92,117.18,1,406,270/214
1520530314.299769,1,269,219,38.97,13.94,0,406,269/219
1520530314.349771,1,269,217,38.77,13.64,0,406,269/217
1520530314.399773,1,271,222,38.90,211.94,1,423,271/222
1520530314.449774,1,269,219,38.84,12.11,0,423,269/219
1520530314.499774,1,266,219,39.13,15.11,0,423,266/219
1520530314.549776,1,264,220,38.97,166.82,1,421,264/220
1520530314.599777,1,258,219,39.12,13.06,0,421,258/219
1520530314.649779,1,240,209,39.45,12.90,0,421,240/209
1520530314.699780,1,259,220,39.77,206.34,1,440,259/220
1520530314.749782,1,252,217,39.80,13.35,0,440,252/217
1520530314.799787,1,249,214,40.00,14.37,0,440,249/214
1520530314.849784,1,235,208,40.42,150.85,1,455,235/208
1520530314.899810,1,228,204,41.22,12.91,0,455,228/204
1520530314.949812,1,225,204,41.66,12.39,0,455,225/204
1520530314.999919,1,225,201,41.68,132.63,1,459,225/201
1520530315.049815,1,261,223,41.70,13.15,0,459,261/223
1520530315.099817,1,255,221,41.89,13.62,0,459,255/221
1520530315.149818,1,251,222,41.99,147.76,1,491,251/222
1520530315.199819,1,251,221,42.16,15.56,0,491,251/221
1520530315.249821,1,268,231,42.37,14.05,0,491,268/231
1520530315.299635,1,300,248,35.04,220.51,1,562,300/248
1520530315.349637,1,297,247,34.89,22.66,0,562,297/247
1520530315.399639,1,288,244,34.76,24.64,0,562,288/244
1520530315.449640,1,284,244,34.76,223.72,1,592,284/244
1520530315.499642,1,273,246,34.61,15.23,0,592,273/246
1520530315.549643,1,263,242,34.78,16.13,0,592,263/242
1520530315.599645,1,293,252,34.53,276.95,1,590,293/252
1520530315.649646,1,281,251,34.36,15.19,0,590,281/251
1520530315.699637,1,263,237,33.55,16.02,0,590,263/237
1520530315.749639,1,280,247,33.52,262.27,1,603,280/247
1520530315.799640,1,271,238,33.62,16.89,0,603,271/238
1520530315.849642,1,267,239,33.53,15.04,0,603,267/239
1520530315.899643,1,262,227,33.29,167.02,1,608,262/227
1520530315.949645,1,265,210,32.86,16.67,0,608,265/210
1520530315.999647,1,259,197,32.87,13.93,0,608,259/197
1520530316.049648,1,272,208,32.67,254.99,1,615,272/208
1520530316.100221,1,188,161,53.46,14.72,0,615,188/161
1520530316.150223,1,196,170,53.66,13.50,0,615,196/170
1520530316.200224,1,188,167,54.00,274.57,1,637,188/167
1520530316.250226,1,184,166,54.22,12.94,0,637,184/166
1520530316.300227,1,198,173,54.27,12.59,0,637,198/173
1520530316.350229,1,196,174,54.59,339.89,1,661,196/174
1520530316.400230,1,186,168,54.29,13.50,0,661,186/168
1520530316.450231,1,189,170,54.30,12.76,0,661,189/170
1520530316.500233,1,201,173,54.43,268.20,1,677,201/173
1520530316.550276,1,203,175,55.71,13.28,0,677,203/175
1520530316.600278,1,198,175,55.64,14.30,0,677,198/175
1520530316.650280,1,205,181,55.65,357.79,1,700,205/181
1520530316.700281,1,204,181,55.63,11.81,0,700,204/181
1520530316.750283,1,205,182,55.50,13.12,0,700,205/182
1520530316.800284,1,206,182,55.53,272.33,1,708,206/182
1520530316.850286,1,205,182,55.31,13.79,0,708,205/182
1520530316.900287,1,209,184,55.56,11.25,0,708,209/184
1520530316.949773,1,171,159,37.26,89.26,1,630,171/159
1520530316.999775,1,186,164,37.40,12.45,0,630,186/164
1520530317.049776,1,194,172,37.18,13.47,0,630,194/172
1520530317.099778,1,188,168,37.26,95.49,1,629,188/168
1520530317.149779,1,190,163,37.34,12.22,0,629,190/163
1520530317.199781,1,188,160,37.32,12.48,0,629,188/160
1520530317.249782,1,194,162,37.36,132.26,1,634,194/162
1520530317.299784,1,182,150,37.31,11.57,0,634,182/150
1520530317.349743,1,191,150,35.72,13.03,0,634,191/150
1520530317.399745,1,185,149,35.72,108.49,1,625,185/149
1520530317.449748,1,190,146,35.60,17.86,0,625,190/146
1520530317.499748,1,185,144,35.65,16.48,0,625,185/144
1520530317.549752,1,185,145,35.41,94.35,1,631,185/145
1520530317.599752,1,193,142,35.16,10.88,0,631,193/142
1520530317.649754,1,190,138,35.17,13.27,0,631,190/138
1520530317.699755,1,194,138,34.48,73.68,1,640,194/138
1520530317.750237,1,213,139,50.63,15.93,0,640,213/139
1520530317.800239,1,243,158,49.92,13.87,0,640,243/158
1520530317.850240,1,237,161,49.24,75.59,1,676,237/161
1520530317.900242,1,274,181,48.60,13.97,0,676,274/181
1520530317.950243,1,267,177,48.25,14.45,0,676,267/177
1520530318.000244,1,262,178,47.68,98.02,1,710,262/178
1520530318.050247,1,259,181,47.23,12.74,0,710,259/181
1520530318.100248,1,256,178,47.07,14.23,0,710,256/178
1520530318.150816,1,245,178,63.41,136.61,1,756,245/178
1520530318.200769,1,257,186,63.21,14.39,0,756,257/186
1520530318.250771,1,255,186,63.22,15.07,0,756,255/186
1520530318.300772,1,256,188,63.11,97.62,1,773,256/188
1520530318.350774,1,250,189,63.43,14.77,0,773,250/189
1520530318.400775,1,242,185,63.61,16.37,0,773,242/185
1520530318.450777,1,237,180,63.88,119.38,1,787,237/180
1520530318.500778,1,257,192,63.82,13.79,0,787,257/192
1520530318.550780,1,256,199,64.03,15.45,0,787,256/199
1520530318.600567,1,246,189,57.46,97.29,1,807,246/189
1520530318.650568,1,244,185,57.57,16.06,0,807,244/185
1520530318.700570,1,254,194,57.73,11.82,0,807,254/194
1520530318.750571,1,249,194,58.06,157.74,1,810,249/194
1520530318.800573,1,240,189,58.25,12.72,0,810,240/189
1520530318.850574,1,270,203,58.43,13.05,0,810,270/203
1520530318.900576,1,264,200,58.80,97.19,1,814,264/200
1520530318.950577,1,266,194,59.02,15.42,0,814,266/194
1520530318.999955,1,196,147,38.95,21.54,0,814,196/147
1520530319.049957,1,197,147,39.01,100.64,1,822,197/147
1520530319.099960,1,197,145,39.47,11.96,0,822,197/145
1520530319.149961,1,205,153,39.41,12.35,0,822,205/153
1520530319.199962,1,219,161,39.65,140.31,1,843,219/161
1520530319.249964,1,300,222,39.73,12.92,0,843,300/222
1520530319.299965,1,281,216,40.21,14.13,0,843,281/216
1520530319.349967,1,254,203,40.21,131.58,1,886,254/203
1520530319.399832,1,211,174,35.62,14.67,0,886,211/174
1520530319.449833,1,209,177,35.64,12.75,0,886,209/177
1520530319.499835,1,210,181,35.80,109.57,1,812,210/181
1520530319.549837,1,205,178,35.76,15.90,0,812,205/178
1520530319.599838,1,205,175,35.52,17.66,0,812,205/175
1520530319.649840,1,202,167,35.31,112.21,1,802,202/167
1520530319.699841,1,188,159,35.35,15.64,0,802,188/159
1520530319.749942,1,187,154,35.21,11.48,0,802,187/154
1520530319.800341,1,178,154,53.11,106.51,1,806,178/154
1520530319.850343,1,171,152,53.50,17.03,0,806,171/152
1520530319.900344,1,201,170,54.04,12.88,0,806,201/170
1520530319.950346,1,189,167,54.57,111.16,1,820,189/167
1520530320.000347,1,181,160,54.93,14.36,0,820,181/160
1520530320.050349,1,178,161,55.13,12.71,0,820,178/161
1520530320.100350,1,186,168,55.48,120.73,1,831,186/168
1520530320.150352,1,218,192,55.63,12.87,0,831,218/192
1520530320.200401,1,209,190,57.84,13.35,0,831,209/190
1520530320.250402,1,202,186,58.04,125.16,1,861,202/186
1520530320.300404,1,208,185,58.24,18.95,0,861,208/185
1520530320.350405,1,201,185,58.49,14.18,0,861,201/185
1520530320.400407,1,218,194,58.48,207.27,1,856,218/194
1520530320.450408,1,211,191,58.62,13.47,0,856,211/191
1520530320.500410,1,221,196,58.62,14.22,0,856,221/196
1520530320.550412,1,241,206,58.87,212.43,1,871,241/206
1520530320.599869,1,174,148,38.01,14.33,0,871,174/148
1520530320.649871,1,204,171,37.99,12.96,0,871,204/171
1520530320.699873,1,215,180,38.25,230.86,1,903,215/180
1520530320.749874,1,229,187,37.95,15.67,0,903,229/187
1520530320.799876,1,231,192,38.17,15.20,0,903,231/192
1520530320.849877,1,266,219,38.06,231.51,1,942,266/219
1520530320.899879,1,282,226,38.01,16.33,0,942,282/226
1520530320.949880,1,268,225,38.08,16.50,0,942,268/225
1520530320.999882,1,261,228,38.18,201.89,1,960,261/228
1520530321.049740,1,268,222,32.32,13.92,0,960,268/222
1520530321.099742,1,284,239,31.98,15.14,0,960,284/239
1520530321.149743,1,271,230,31.64,153.65,1,914,271/230
1520530321.199745,1,300,256,31.80,16.05,0,914,300/256
1520530321.249747,1,275,245,31.69,15.80,0,914,275/245
1520530321.299749,1,264,244,31.33,156.06,1,933,264/244
1520530321.349750,1,266,237,31.22,15.58,0,933,266/237
1520530321.399751,1,263,236,30.84,16.42,0,933,263/236
1520530321.449856,1,300,266,34.85,160.37,1,992,300/266
1520530321.499857,1,300,264,34.75,16.30,0,992,300/264
1520530321.549859,1,300,269,34.46,17.24,0,992,300/269
1520530321.599860,1,300,265,34.27,173.12,1,994,300/265
1520530321.649862,1,300,267,34.12,14.57,0,994,300/267
1520530321.699863,1,298,265,34.08,19.71,0,994,298/265
1520530321.749866,1,300,270,33.89,138.83,1,999,300/270
1520530321.799867,1,300,270,33.47,14.44,0,999,300/270
1520530321.850152,1,222,201,44.22,14.15,0,999,222/201
1520530321.900154,1,300,265,44.27,166.02,1,1063,300/265
1520530321.950155,1,300,262,44.04,17.25,0,1063,300/262
1520530322.000157,1,281,250,44.01,15.07,0,1063,281/250
1520530322.050158,1,300,261,43.77,183.44,1,1053,300/261
1520530322.100160,1,300,262,43.77,14.21,0,1053,300/262
1520530322.150162,1,300,261,43.53,15.34,0,1053,300/261
1520530322.200163,1,288,254,43.30,143.15,1,1032,288/254
1520530322.250207,1,284,254,44.96,13.90,0,1032,284/254
1520530322.300208,1,300,263,44.81,14.51,0,1032,300/263
1520530322.350209,1,300,264,44.73,161.16,1,1008,300/264
1520530322.400212,1,300,260,44.49,14.39,0,1008,300/260
1520530322.450214,1,300,262,44.39,14.84,0,1008,300/262
1520530322.500215,1,300,263,44.14,179.08,1,995,300/263
1520530322.550216,1,300,261,44.19,14.68,0,995,300/261
1520530322.600218,1,300,264,43.96,17.60,0,995,300/264
1520530322.650023,1,244,218,36.87,225.31,1,989,244/218
1520530322.700025,1,242,217,36.88,12.43,0,989,242/217
1520530322.750027,1,300,258,36.84,14.43,0,989,300/258
1520530322.800028,1,300,262,36.73,131.66,1,1008,300/262
1520530322.850031,1,288,255,36.88,15.53,0,1008,288/255
1520530322.900065,1,300,262,36.64,13.73,0,1008,300/262
1520530322.950033,1,294,258,36.58,144.87,1,1021,294/258
1520530323.000035,1,284,252,36.63,13.70,0,1021,284/252
1520530323.050036,1,279,248,36.47,15.21,0,1021,279/248
1520530323.100074,1,275,242,38.09,191.58,1,1018,275/242
1520530323.150076,1,265,240,37.95,14.14,0,1018,265/240
1520530323.200077,1,274,241,38.01,14.23,0,1018,274/241
1520530323.250079,1,266,240,38.24,144.72,1,1022,266/240
1520530323.300080,1,300,251,38.18,15.28,0,1022,300/251
1520530323.350082,1,300,254,37.96,20.35,0,1022,300/254
1520530323.400084,1,300,252,38.16,281.44,1,1020,300/252
1520530323.450085,1,278,241,38.25,15.99,0,1020,278/241
1520530323.500345,1,238,210,47.47,17.81,0,1020,238/210
1520530323.550346,1,300,251,47.49,167.14,1,1008,300/251
1520530323.600348,1,284,242,47.48,14.66,0,1008,284/242
1520530323.650349,1,270,235,47.47,15.10,0,1008,270/235
1520530323.700351,1,300,251,47.71,197.69,1,1021,300/251
1520530323.750353,1,300,257,47.63,15.16,0,1021,300/257
1520530323.800354,1,300,253,48.06,18.33,0,1021,300/253
1520530323.850356,1,300,260,47.61,212.44,1,1051,300/260
1520530323.900153,1,258,224,40.82,17.90,0,1051,258/224
1520530323.950154,1,282,244,40.87,12.86,0,1051,282/244
1520530324.000156,1,300,259,40.76,303.73,1,1082,300/259
1520530324.050157,1,289,250,41.03,15.45,0,1082,289/250
1520530324.100159,1,286,250,41.40,15.59,0,1082,286/250
1520530324.150160,1,280,244,41.68,168.28,1,1061,280/244
1520530324.200162,1,272,233,41.94,16.47,0,1061,272/233
1520530324.250163,1,293,237,41.65,16.40,0,1061,293/237
1520530324.299908,1,213,182,33.07,203.84,1,1054,213/182
1520530324.349910,1,252,197,33.20,13.22,0,1054,252/197
1520530324.399911,1,236,188,33.61,15.88,0,1054,236/188
1520530324.449913,1,231,188,33.77,278.57,1,1048,231/188
1520530324.499994,1,234,181,33.62,15.51,0,1048,234/181
1520530324.549915,1,234,175,34.05,18.59,0,1048,234/175
1520530324.599917,1,237,178,34.10,299.01,1,1042,237/178
1520530324.649919,1,237,173,33.97,14.63,0,1042,237/173
1520530324.700018,1,227,165,37.13,16.62,0,1042,227/165
1520530324.750020,1,234,161,36.77,207.74,1,1023,234/161
1520530324.800021,1,226,160,36.59,12.88,0,1023,226/160
1520530324.850023,1,222,160,36.31,15.08,0,1023,222/160
1520530324.900024,1,223,154,36.34,150.82,1,990,223/154
1520530324.950026,1,227,154,36.03,12.93,0,990,227/154
1520530325.000028,1,224,156,35.94,16.42,0,990,224/156
1520530325.050029,1,216,152,36.03,141.23,1,955,216/152
1520530325.100816,1,211,154,64.07,13.90,0,955,211/154
1520530325.150817,1,219,163,64.13,13.86,0,955,219/163
1520530325.200819,1,247,188,63.68,212.10,1,993,247/188
1520530325.250820,1,244,184,63.41,11.58,0,993,244/184
1520530325.300822,1,241,189,63.02,12.92,0,993,241/189
1520530325.350824,1,266,208,62.76,149.97,1,1003,266/208
1520530325.400825,1,300,239,62.79,14.29,0,1003,300/239
1520530325.450827,1,295,231,63.01,14.67,0,1003,295/231
1520530325.500828,1,300,228,63.09,154.80,1,1015,300/228
1520530325.550913,1,294,217,66.03,16.42,0,1015,294/217
1520530325.600915,1,293,226,66.13,14.32,0,1015,293/226
1520530325.650917,1,300,237,65.97,141.37,1,966,300/237
1520530325.700918,1,299,237,65.78,15.47,0,966,299/237
1520530325.750919,1,297,235,65.38,14.62,0,966,297/235
1520530325.800921,1,300,242,64.82,129.65,1,974,300/242
1520530325.850922,1,300,241,64.47,14.51,0,974,300/241
1520530325.900924,1,300,239,63.91,14.62,0,974,300/239
1520530325.950541,1,300,222,51.05,120.13,1,1002,300/222
1520530326.000543,1,300,220,50.85,15.49,0,1002,300/220
1520530326.050549,1,300,223,50.50,14.61,0,1002,300/223
1520530326.100546,1,300,222,50.27,115.96,1,948,300/222
1520530326.150548,1,293,220,50.10,17.72,0,948,293/220
1520530326.200549,1,300,221,50.04,14.05,0,948,300/221
1520530326.250551,1,300,224,49.79,162.45,1,932,300/224
1520530326.300552,1,300,228,49.67,17.21,0,932,300/228
1520530326.350204,1,300,218,38.13,14.93,0,932,300/218
1520530326.400206,1,300,225,38.08,157.51,1,948,300/225
1520530326.450207,1,300,224,37.90,15.92,0,948,300/224
1520530326.500209,1,300,223,37.88,13.75,0,948,300/223
1520530326.550210,1,300,227,37.75,158.49,1,938,300/227
1520530326.600213,1,300,224,37.71,14.76,0,938,300/224
1520530326.650214,1,300,223,37.81,13.46,0,938,300/223
1520530326.700216,1,300,223,37.68,160.74,1,942,300/223
1520530326.750426,1,300,227,44.48,14.80,0,942,300/227
1520530326.800429,1,300,225,44.42,14.36,0,942,300/225
1520530326.850430,1,300,230,44.48,133.39,1,959,300/230
1520530326.900431,1,300,228,44.38,14.61,0,959,300/228
1520530326.950433,1,291,227,44.19,14.81,0,959,291/227
1520530327.000434,1,289,227,44.19,132.16,1,919,289/227
1520530327.050437,1,289,227,43.97,14.92,0,919,289/227
1520530327.100437,1,279,224,44.45,24.08,0,919,279/224
1520530327.150430,1,280,227,44.20,217.50,1,920,280/227
1520530327.200433,1,280,233,43.97,13.59,0,920,280/233
1520530327.250435,1,278,236,44.11,17.18,0,920,278/236
1520530327.300436,1,269,231,44.43,136.96,1,920,269/231
1520530327.350437,1,272,231,44.55,15.39,0,920,272/231
1520530327.400439,1,300,255,45.08,14.16,0,920,300/255
1520530327.450440,1,300,262,45.38,171.80,1,932,300/262
1520530327.500442,1,294,259,45.88,19.28,0,932,294/259
1520530327.550090,1,243,210,33.99,26.45,0,932,243/210
1520530327.600091,1,300,257,34.51,159.39,1,971,300/257
1520530327.650103,1,271,240,35.14,19.83,0,971,271/240
1520530327.700094,1,250,227,35.54,18.13,0,971,250/227
1520530327.750096,1,241,222,36.16,130.51,1,936,241/222
1520530327.800097,1,228,206,36.82,14.34,0,936,228/206
1520530327.850099,1,216,187,37.49,13.80,0,936,216/187
1520530327.900100,1,206,182,38.22,199.75,1,911,206/182
1520530327.950102,1,200,173,38.02,11.48,0,911,200/173
1520530328.000280,1,191,164,45.31,12.48,0,911,191/164
1520530328.050282,1,188,158,45.44,193.27,1,911,188/158
1520530328.100283,1,182,149,45.52,12.31,0,911,182/149
1520530328.150285,1,178,148,45.36,11.12,0,911,178/148
1520530328.200287,1,179,147,45.58,175.37,1,870,179/147
1520530328.250288,1,182,153,45.67,11.65,0,870,182/153
1520530328.300290,1,180,155,45.58,11.83,0,870,180/155
1520530328.350291,1,181,164,45.39,239.47,1,870,181/164
1520530328.400337,1,177,161,46.06,12.37,0,870,177/161
1520530328.450338,1,176,166,45.71,14.13,0,870,176/166
1520530328.500340,1,182,172,45.45,295.86,1,884,182/172
1520530328.550342,1,184,168,45.06,13.74,0,884,184/168
1520530328.600343,1,181,170,44.61,15.05,0,884,181/170
1520530328.650346,1,188,169,44.34,266.89,1,875,188/169
1520530328.700347,1,192,168,43.95,11.92,0,875,192/168
1520530328.750348,1,191,170,43.68,13.00,0,875,191/170
1520530328.800086,1,181,155,33.83,203.74,1,885,181/155
1520530328.850087,1,198,156,34.07,13.41,0,885,198/156
1520530328.900089,1,300,229,34.12,13.69,0,885,300/229
1520530328.950091,1,300,234,34.39,194.71,1,953,300/234
1520530329.000092,1,271,224,34.92,17.01,0,953,271/224
1520530329.050093,1,245,211,35.07,16.31,0,953,245/211
1520530329.100095,1,237,201,35.55,187.46,1,950,237/201
1520530329.150097,1,230,202,35.72,20.24,0,950,230/202
1520530329.200044,1,213,195,34.01,17.70,0,950,213/195
1520530329.250095,1,205,189,34.56,258.51,1,943,205/189
1520530329.300047,1,196,186,34.75,13.43,0,943,196/186
1520530329.350049,1,187,173,35.00,13.43,0,943,187/173
1520530329.400050,1,176,166,34.87,230.83,1,881,176/166
1520530329.450052,1,183,169,34.72,25.08,0,881,183/169
1520530329.500053,1,181,162,34.88,13.51,0,881,181/162
1520530329.550055,1,228,192,34.71,206.69,1,889,228/192
1520530329.600097,1,197,185,36.49,14.65,0,889,197/185
1520530329.650099,1,195,183,36.65,12.47,0,889,195/183
1520530329.700100,1,300,246,36.39,135.01,1,925,300/246
1520530329.750102,1,265,231,36.51,16.94,0,925,265/231
1520530329.800104,1,243,229,36.20,13.80,0,925,243/229
1520530329.850105,1,246,230,36.10,128.09,1,923,246/230
1520530329.900107,1,255,228,35.70,21.23,0,923,255/228
1520530329.950109,1,232,208,34.65,17.72,0,923,232/208
1520530330.000110,1,232,207,33.95,152.25,1,918,232/207
1520530330.050161,1,228,202,35.13,15.44,0,918,228/202
1520530330.100162,1,226,194,34.79,14.60,0,918,226/194
1520530330.150164,1,235,190,34.79,167.98,1,890,235/190
1520530330.200165,1,211,171,34.27,17.85,0,890,211/171
1520530330.250167,1,195,155,34.47,16.76,0,890,195/155
1520530330.300169,1,181,142,34.72,131.80,1,897,181/142
1520530330.350170,1,160,127,35.09,15.29,0,897,160/127
1520530330.400172,1,159,125,34.83,19.27,0,897,159/125
1520530330.450787,1,187,150,55.06,263.40,1,963,187/150
1520530330.500788,1,201,170,54.91,24.70,0,963,201/170
1520530330.550790,1,253,211,55.27,25.73,0,963,253/211
1520530330.600792,1,249,216,55.95,253.96,1,1030,249/216
1520530330.650793,1,226,201,56.90,23.51,0,1030,226/201
1520530330.700795,1,208,181,58.05,18.83,0,1030,208/181
1520530330.750797,1,203,174,59.22,271.93,1,1039,203/174
1520530330.800798,1,190,166,59.46,20.38,0,1039,190/166
1520530330.850367,1,161,142,40.00,21.29,0,1039,161/142
1520530330.900277,1,144,131,39.91,186.70,1,1025,144/131
1520530330.950279,1,145,131,39.59,10.81,0,1025,145/131
1520530331.000280,1,146,135,39.67,12.10,0,1025,146/135
1520530331.050282,1,140,126,39.85,146.64,1,1029,140/126
1520530331.100283,1,138,121,40.16,10.58,0,1029,138/121
1520530331.150285,1,136,118,40.59,11.46,0,1029,136/118
1520530331.200286,1,136,115,40.67,137.19,1,1026,136/115
1520530331.250735,1,145,124,57.91,12.20,0,1026,145/124
1520530331.300736,1,132,114,57.42,12.61,0,1026,132/114
1520530331.350739,1,131,116,56.91,189.00,1,1039,131/116
1520530331.400740,1,158,136,56.86,14.98,0,1039,158/136
1520530331.450741,1,166,137,57.30,14.56,0,1039,166/137
1520530331.500743,1,160,146,58.01,157.33,1,1062,160/146
1520530331.550744,1,155,143,58.18,13.50,0,1062,155/143
1520530331.600746,1,179,156,58.12,11.96,0,1062,179/156
1520530331.650479,1,166,154,47.76,119.49,1,1063,166/154
1520530331.700481,1,170,153,47.33,13.07,0,1063,170/153
1520530331.750483,1,171,154,46.81,11.51,0,1063,171/154
1520530331.800484,1,186,157,45.68,155.27,1,1007,186/157
1520530331.850486,1,187,163,44.68,15.41,0,1007,187/163
1520530331.900488,1,192,162,43.84,19.78,0,1007,192/162
1520530331.950489,1,206,160,43.53,203.65,1,1027,206/160
1520530332.000491,1,189,145,43.29,14.60,0,1027,189/145
1520530332.050387,1,182,137,39.89,12.30,0,1027,182/137
1520530332.100388,1,175,135,39.72,150.18,1,1058,175/135
1520530332.150390,1,180,134,39.80,14.86,0,1058,180/134
1520530332.200392,1,164,124,39.69,14.67,0,1058,164/124
1520530332.250393,1,169,130,39.69,159.50,1,1064,169/130
1520530332.300399,1,162,120,39.75,15.23,0,1064,162/120
1520530332.350396,1,160,124,39.56,13.04,0,1064,160/124
1520530332.400401,1,161,128,39.59,109.26,1,1083,161/128
1520530332.450399,1,184,147,40.07,12.78,0,1083,184/147
1520530332.500483,1,189,155,43.02,11.82,0,1083,189/155
1520530332.550483,1,193,166,43.50,154.84,1,1129,193/166
1520530332.600486,1,179,162,44.15,12.90,0,1129,179/162
1520530332.650488,1,168,154,44.73,12.65,0,1129,168/154
1520530332.700488,1,186,164,45.39,148.89,1,1137,186/164
1520530332.750491,1,199,175,45.91,13.83,0,1137,199/175
1520530332.800492,1,202,175,46.34,14.34,0,1137,202/175
1520530332.850493,1,181,167,46.09,170.15,1,1135,181/167
1520530332.900164,1,152,140,33.57,15.63,0,1135,152/140
1520530332.950166,1,145,131,33.39,11.06,0,1135,145/131
1520530333.000168,1,141,125,33.16,154.08,1,1121,141/125
1520530333.050169,1,144,128,33.15,12.35,0,1121,144/128
1520530333.100171,1,129,115,33.33,12.09,0,1121,129/115
1520530333.150173,1,128,114,33.51,155.11,1,1047,128/114
1520530333.200174,1,157,130,33.60,13.46,0,1047,157/130
1520530333.250175,1,129,117,34.12,13.45,0,1047,129/117
1520530333.300608,1,128,113,51.75,154.93,1,1067,128/113
1520530333.350610,1,177,152,52.02,14.11,0,1067,177/152
1520530333.400612,1,148,130,51.82,16.92,0,1067,148/130
1520530333.450613,1,144,128,51.52,119.57,1,1107,144/128
1520530333.500615,1,138,122,51.01,12.48,0,1107,138/122
1520530333.550616,1,157,136,50.96,14.74,0,1107,157/136
1520530333.600618,1,155,139,51.05,167.97,1,1126,155/139
1520530333.650619,1,154,138,50.71,11.20,0,1126,154/138
1520530333.700541,1,152,134,47.50,13.08,0,1126,152/134
1520530333.750542,1,144,130,48.01,147.05,1,1072,144/130
1520530333.800544,1,159,146,48.25,22.62,0,1072,159/146
1520530333.850545,1,152,141,48.14,15.00,0,1072,152/141
1520530333.900547,1,162,151,47.68,91.69,1,1034,162/151
1520530333.950549,1,163,153,46.87,11.90,0,1034,163/153
1520530334.000561,1,168,152,46.01,11.46,0,1034,168/152
1520530334.050551,1,167,149,45.64,152.11,1,1034,167/149
1520530334.100216,1,154,140,32.81,13.97,0,1034,154/140
1520530334.150218,1,158,142,32.71,10.70,0,1034,158/142
1520530334.200219,1,159,143,32.59,137.56,1,1036,159/143
1520530334.250221,1,300,233,32.65,12.26,0,1036,300/233
1520530334.300222,1,231,206,32.86,16.03,0,1036,231/206
1520530334.350224,1,226,197,33.37,147.14,1,1071,226/197
1520530334.400225,1,223,197,33.46,14.36,0,1071,223/197
1520530334.450227,1,223,197,33.48,14.19,0,1071,223/197
1520530334.500228,1,217,194,33.49,180.28,1,1070,217/194
1520530334.550086,1,187,166,28.61,14.34,0,1070,187/166
1520530334.600088,1,217,177,28.14,14.83,0,1070,217/177
1520530334.650089,1,187,165,27.10,140.71,1,982,187/165
1520530334.700091,1,199,169,26.02,14.81,0,982,199/169
1520530334.750092,1,178,157,25.24,11.98,0,982,178/157
1520530334.800094,1,175,159,24.39,144.81,1,900,175/159
1520530334.850095,1,214,187,23.97,14.81,0,900,214/187
1520530334.900097,1,211,181,23.95,15.53,0,900,211/181
1520530334.950928,1,300,257,55.06,149.36,1,999,300/257
1520530335.000928,1,300,257,55.01,16.06,0,999,300/257
1520530335.050931,1,279,244,55.53,15.84,0,999,279/244
1520530335.100933,1,265,240,55.66,152.71,1,1003,265/240
1520530335.150934,1,262,231,55.68,16.02,0,1003,262/231
1520530335.200936,1,230,199,56.42,15.68,0,1003,230/199
1520530335.250937,1,210,186,57.83,150.62,1,1001,210/186
1520530335.300938,1,206,187,58.90,12.51,0,1001,206/187
1520530335.351457,1,224,191,76.98,14.08,0,1001,224/191
1520530335.401459,1,211,185,76.52,162.29,1,1018,211/185
1520530335.451459,1,225,193,76.62,14.55,0,1018,225/193
1520530335.501461,1,232,200,76.51,12.60,0,1018,232/200
1520530335.551462,1,219,191,76.06,117.46,1,1014,219/191
1520530335.601512,1,300,252,76.37,13.32,0,1014,300/252
1520530335.651465,1,280,234,76.24,15.47,0,1014,280/234
1520530335.701467,1,265,227,76.22,186.43,1,1013,265/227
1520530335.750223,1,137,116,31.49,187.68,1,1020,137/116
1520530335.800224,1,155,132,31.46,11.71,0,1020,155/132
1520530335.850226,1,154,136,31.25,11.82,0,1020,154/136
1520530335.900227,1,151,133,31.14,167.89,1,1054,151/133
1520530335.950228,1,142,133,31.99,11.45,0,1054,142/133
1520530336.000230,1,141,134,32.08,11.83,0,1054,141/134
1520530336.050231,1,143,134,32.44,124.62,1,1052,143/134
1520530336.100233,1,143,135,32.17,11.26,0,1052,143/135
1520530336.150177,1,142,133,30.43,13.27,0,1052,142/133
1520530336.200179,1,141,131,30.40,178.81,1,1009,141/131
1520530336.250180,1,199,170,30.62,10.64,0,1009,199/170
1520530336.300182,1,300,247,30.69,15.35,0,1009,300/247
1520530336.350183,1,259,223,30.88,199.37,1,1079,259/223
1520530336.400185,1,225,200,30.97,15.69,0,1079,225/200
1520530336.450186,1,204,181,30.79,14.74,0,1079,204/181
1520530336.500188,1,198,176,30.94,220.95,1,1072,198/176
1520530336.550582,1,139,128,46.10,16.96,0,1072,139/128
1520530336.600584,1,159,138,46.05,11.32,0,1072,159/138
1520530336.650586,1,152,138,46.25,136.43,1,1075,152/138
1520530336.700586,1,171,148,46.11,12.28,0,1075,171/148
1520530336.750588,1,165,143,45.96,13.88,0,1075,165/143
1520530336.800590,1,172,146,45.96,120.22,1,1047,172/146
1520530336.850591,1,169,153,45.79,11.54,0,1047,169/153
1520530336.900594,1,172,155,46.00,12.85,0,1047,172/155
1520530336.950594,1,171,158,45.81,112.83,1,1029,171/158
1520530337.000258,1,157,145,32.99,15.14,0,1029,157/145
1520530337.050259,1,165,148,32.77,11.25,0,1029,165/148
1520530337.100266,1,158,149,32.62,200.07,1,1017,158/149
1520530337.150262,1,156,148,32.64,15.69,0,1017,156/148
1520530337.200351,1,170,155,32.64,13.00,0,1017,170/155
1520530337.250265,1,168,155,32.51,224.08,1,1015,168/155
1520530337.300267,1,167,152,32.21,15.10,0,1015,167/152
1520530337.350269,1,174,150,31.68,13.03,0,1015,174/150
1520530337.400301,1,176,149,32.47,157.79,1,1020,176/149
1520530337.450303,1,187,147,32.24,13.21,0,1020,187/147
1520530337.500304,1,184,131,31.80,13.17,0,1020,184/131
1520530337.550306,1,193,129,31.25,192.33,1,1010,193/129
1520530337.600307,1,189,127,30.61,12.62,0,1010,189/127
1520530337.650309,1,173,129,30.58,13.90,0,1010,173/129
1520530337.700310,1,172,125,30.67,117.03,1,991,172/125
1520530337.750312,1,168,125,30.57,14.97,0,991,168/125
1520530337.800854,1,190,144,49.14,16.19,0,991,190/144
1520530337.850855,1,201,148,49.03,156.84,1,1018,201/148
1520530337.900856,1,300,210,48.79,13.16,0,1018,300/210
1520530337.950858,1,299,211,48.20,20.05,0,1018,299/211
1520530338.000860,1,262,194,48.24,143.12,1,1069,262/194
1520530338.050862,1,250,192,48.19,13.77,0,1069,250/192
1520530338.100863,1,235,175,48.08,14.75,0,1069,235/175
1520530338.150864,1,230,179,48.09,208.84,1,1060,230/179
1520530338.200470,1,197,147,35.04,16.16,0,1060,197/147
1520530338.250473,1,200,146,35.46,13.70,0,1060,200/146
1520530338.300474,1,198,141,35.49,168.71,1,1050,198/141
1520530338.350476,1,191,140,36.19,12.58,0,1050,191/140
1520530338.400477,1,236,177,36.88,13.78,0,1050,236/177
1520530338.450478,1,197,159,37.43,171.94,1,1079,197/159
1520530338.500480,1,202,163,37.89,13.85,0,1079,202/163
1520530338.550481,1,187,160,38.27,22.08,0,1079,187/160
1520530338.600260,1,162,140,30.44,188.90,1,1042,162/140
1520530338.650261,1,155,135,30.25,17.92,0,1042,155/135
1520530338.700263,1,155,133,30.54,16.11,0,1042,155/133
1520530338.750266,1,158,130,29.68,125.14,1,1036,158/130
1520530338.800266,1,156,136,29.15,12.70,0,1036,156/136
1520530338.850267,1,218,169,28.66,13.74,0,1036,218/169
1520530338.900269,1,195,167,28.05,168.13,1,1075,195/167
1520530338.950270,1,159,143,27.25,14.26,0,1075,159/143
1520530339.000272,1,157,140,26.47,13.04,0,1075,157/140
1520530339.050959,1,178,157,52.61,195.45,1,1099,178/157
1520530339.100960,1,178,159,52.77,12.78,0,1099,178/159
1520530339.150962,1,172,152,52.82,12.53,0,1099,172/152
1520530339.200963,1,190,175,53.26,137.14,1,1011,190/175
1520530339.250965,1,212,188,52.91,18.77,0,1011,212/188
1520530339.300966,1,196,184,53.25,14.58,0,1011,196/184
1520530339.350968,1,188,173,53.37,150.11,1,1039,188/173
1520530339.400970,1,172,157,53.81,15.38,0,1039,172/157
1520530339.451687,1,172,155,81.57,13.35,0,1039,172/155
1520530339.501689,1,161,148,82.65,182.69,1,1050,161/148
1520530339.551691,1,161,151,83.57,11.64,0,1050,161/151
1520530339.601692,1,180,171,84.54,11.96,0,1050,180/171
1520530339.651693,1,171,157,84.78,172.10,1,1057,171/157
1520530339.701695,1,164,151,85.14,12.59,0,1057,164/151
1520530339.751697,1,163,145,85.43,11.47,0,1057,163/145
1520530339.801698,1,186,158,85.80,184.41,1,1068,186/158
1520530339.851056,1,158,138,61.16,12.65,0,1068,158/138
1520530339.901057,1,189,159,61.13,13.22,0,1068,189/159
1520530339.951059,1,195,163,60.96,109.60,1,1004,195/163
1520530340.001061,1,181,156,61.03,11.24,0,1004,181/156
1520530340.051062,1,192,157,60.88,10.91,0,1004,192/157
1520530340.101063,1,174,152,60.75,101.96,1,993,174/152
1520530340.151065,1,187,157,61.04,15.45,0,993,187/157
1520530340.201067,1,186,160,60.94,11.78,0,993,186/160
1520530340.250395,1,143,127,34.73,101.41,1,994,143/127
1520530340.300397,1,141,127,34.61,13.41,0,994,141/127
1520530340.350399,1,139,129,34.60,12.29,0,994,139/129
1520530340.400400,1,139,127,34.41,140.14,1,999,139/127
1520530340.450401,1,146,132,34.34,12.72,0,999,146/132
1520530340.500403,1,142,131,34.11,10.84,0,999,142/131
1520530340.550404,1,146,132,33.87,99.15,1,917,146/132
1520530340.600406,1,144,132,33.78,10.42,0,917,144/132
1520530340.650347,1,154,138,31.23,11.99,0,917,154/138
1520530340.700348,1,150,136,31.07,159.87,1,921,150/136
1520530340.750350,1,152,138,30.80,13.74,0,921,152/138
1520530340.800351,1,153,137,30.62,14.97,0,921,153/137
1520530340.850353,1,183,147,30.22,166.90,1,909,183/147
1520530340.900354,1,186,146,30.25,12.63,0,909,186/146
1520530340.950356,1,175,140,30.22,12.03,0,909,175/140
1520530341.000358,1,184,139,30.00,136.96,1,892,184/139
1520530341.050774,1,204,151,45.16,15.84,0,892,204/151
1520530341.100776,1,248,184,44.99,14.35,0,892,248/184
1520530341.150777,1,226,180,44.84,142.04,1,949,226/180
1520530341.200779,1,239,189,45.16,13.95,0,949,239/189
1520530341.250780,1,239,191,45.37,13.61,0,949,239/191
1520530341.300782,1,221,186,45.42,128.53,1,952,221/186
1520530341.350784,1,211,178,45.68,13.30,0,952,211/178
1520530341.400785,1,217,181,45.81,13.80,0,952,217/181
1520530341.450787,1,211,172,45.87,177.30,1,947,211/172
1520530341.500713,1,204,163,43.10,14.79,0,947,204/163
1520530341.550714,1,202,163,43.28,14.18,0,947,202/163
1520530341.600716,1,209,171,43.36,148.01,1,945,209/171
1520530341.650717,1,207,171,43.37,12.40,0,945,207/171
1520530341.700719,1,206,171,43.57,13.58,0,945,206/171
1520530341.750720,1,300,249,43.57,126.03,1,1003,300/249
1520530341.800722,1,291,249,43.79,13.91,0,1003,291/249
1520530341.850723,1,300,256,43.81,17.22,0,1003,300/256
1520530341.900542,1,215,182,37.04,124.79,1,993,215/182
1520530341.950578,1,218,187,37.09,12.46,0,993,218/187
1520530342.000545,1,216,187,37.23,11.44,0,993,216/187
1520530342.050546,1,212,183,37.26,172.99,1,931,212/183
1520530342.100548,1,222,188,37.23,14.41,0,931,222/188
1520530342.150549,1,213,184,37.23,13.39,0,931,213/184
1520530342.200551,1,223,187,37.23,200.51,1,884,223/187
1520530342.250553,1,215,181,37.01,15.29,0,884,215/181
1520530342.300673,1,203,176,41.80,14.85,0,884,203/176
1520530342.350675,1,202,174,41.42,151.48,1,869,202/174
1520530342.400676,1,203,177,41.17,13.91,0,869,203/177
1520530342.450678,1,216,184,41.17,13.49,0,869,216/184
1520530342.500679,1,230,183,41.06,156.54,1,864,230/183
1520530342.550681,1,232,184,41.12,12.55,0,864,232/184
1520530342.600683,1,231,181,41.38,12.82,0,864,231/181
1520530342.650684,1,236,182,41.29,173.11,1,856,236/182
1520530342.700643,1,226,176,40.15,14.63,0,856,226/176
1520530342.750644,1,222,174,40.14,12.98,0,856,222/174
1520530342.800646,1,211,165,39.56,180.34,1,847,211/165
1520530342.850648,1,240,180,38.89,15.80,0,847,240/180
1520530342.900649,1,236,180,38.72,21.99,0,847,236/180
1520530342.950651,1,226,175,38.53,195.95,1,868,226/175
1520530343.000653,1,218,170,37.99,12.12,0,868,218/170
1520530343.050654,1,245,180,37.50,13.25,0,868,245/180
1520530343.101131,1,300,240,55.10,178.21,1,937,300/240
1520530343.151133,1,300,244,55.43,13.79,0,937,300/244
1520530343.201134,1,300,238,55.66,15.27,0,937,300/238
1520530343.251136,1,263,205,55.83,120.53,1,937,263/205
1520530343.301138,1,260,198,55.81,16.94,0,937,260/198
1520530343.351140,1,300,214,55.49,13.47,0,937,300/214
1520530343.401141,1,262,199,55.37,190.26,1,949,262/199
1520530343.451144,1,254,196,54.77,11.89,0,949,254/196
1520530343.501404,1,259,197,64.31,13.17,0,949,259/197
1520530343.551476,1,300,231,63.99,225.43,1,984,300/231
1520530343.601407,1,300,229,63.75,17.59,0,984,300/229
1520530343.651408,1,271,200,63.13,17.85,0,984,271/200
1520530343.701410,1,300,222,62.33,213.78,1,1016,300/222
1520530343.751410,1,261,201,61.10,16.04,0,1016,261/201
1520530343.801413,1,282,214,60.38,14.78,0,1016,282/214
1520530343.851414,1,259,212,59.28,224.18,1,1015,259/212
1520530343.901415,1,300,240,57.67,14.39,0,1015,300/240
1520530343.951402,1,278,218,55.70,19.57,0,1015,278/218
1520530344.001403,1,264,216,54.94,202.74,1,1018,264/216
1520530344.051405,1,300,243,54.35,17.92,0,1018,300/243
1520530344.101406,1,283,232,53.79,16.01,0,1018,283/232
1520530344.151408,1,285,233,53.28,190.90,1,1024,285/233
1520530344.201410,1,268,225,52.85,18.16,0,1024,268/225
1520530344.251411,1,252,216,52.07,14.93,0,1024,252/216
1520530344.301413,1,251,217,51.31,188.42,1,1038,251/217
1520530344.351409,1,236,214,49.82,13.29,0,1038,236/214
1520530344.401411,1,238,213,49.16,14.60,0,1038,238/213
1520530344.451412,1,232,208,48.61,191.13,1,1042,232/208
1520530344.501414,1,228,206,48.24,13.05,0,1042,228/206
1520530344.551415,1,252,222,48.23,13.50,0,1042,252/222
1520530344.601418,1,245,218,48.10,194.76,1,1061,245/218
1520530344.651419,1,255,226,48.51,14.95,0,1061,255/226
1520530344.701421,1,266,228,49.09,16.93,0,1061,266/228
1520530344.751636,1,264,233,55.28,199.57,1,1076,264/233
1520530344.801638,1,255,227,56.08,19.01,0,1076,255/227
1520530344.851639,1,251,223,56.74,16.52,0,1076,251/223
1520530344.901641,1,256,226,57.12,172.22,1,1078,256/226
1520530344.951642,1,256,222,58.00,13.52,0,1078,256/222
1520530345.001644,1,270,226,57.83,19.52,0,1078,270/226
1520530345.051645,1,260,220,57.11,210.87,1,1074,260/220
1520530345.101647,1,279,230,56.97,16.74,0,1074,279/230
1520530345.151845,1,263,221,59.28,19.46,0,1074,263/221
1520530345.201743,1,264,220,59.53,252.60,1,1090,264/220
1520530345.251745,1,269,215,59.91,15.21,0,1090,269/215
1520530345.301746,1,300,239,60.46,15.53,0,1090,300/239
1520530345.351748,1,300,235,60.60,183.48,1,1075,300/235
1520530345.401750,1,300,235,61.06,16.46,0,1075,300/235
1520530345.451751,1,279,221,61.70,16.39,0,1075,279/221
1520530345.501753,1,300,231,62.34,172.60,1,1123,300/231
1520530345.551195,1,222,173,46.52,18.01,0,1123,222/173
1520530345.601196,1,273,211,46.83,16.13,0,1123,273/211
1520530345.651198,1,263,200,47.31,182.60,1,1174,263/200
1520530345.701199,1,300,221,47.92,17.72,0,1174,300/221
1520530345.751201,1,272,195,48.16,15.42,0,1174,272/195
1520530345.801203,1,235,176,48.22,222.11,1,1191,235/176
1520530345.851204,1,201,162,48.84,14.76,0,1191,201/162
1520530345.901206,1,159,137,49.90,14.04,0,1191,159/137
1520530345.951161,1,189,147,49.31,213.99,1,1138,189/147
1520530346.001475,1,133,105,60.06,16.74,0,1138,133/105
1520530346.051476,1,134,105,60.72,13.70,0,1138,134/105
1520530346.101478,1,117,94,61.28,226.10,1,1148,117/94
1520530346.151479,1,300,242,61.70,13.94,0,1148,300/242
1520530346.201480,1,220,188,62.60,18.42,0,1148,220/188
1520530346.251484,1,213,183,63.09,220.62,1,1245,213/183
1520530346.301485,1,210,183,63.28,11.34,0,1245,210/183
1520530346.351486,1,278,235,63.35,15.12,0,1245,278/235
1520530346.401376,1,300,249,59.80,173.96,1,1364,300/249
1520530346.451378,1,255,201,60.19,17.06,0,1364,255/201
1520530346.501379,1,193,157,60.74,14.41,0,1364,193/157
1520530346.551380,1,183,148,61.01,238.70,1,1382,183/148
1520530346.601382,1,199,167,61.51,13.19,0,1382,199/167
1520530346.651383,1,300,238,61.70,16.78,0,1382,300/238
1520530346.701385,1,286,227,61.87,168.26,1,1460,286/227
1520530346.751386,1,300,217,61.87,20.14,0,1460,300/217
1520530346.801545,1,249,173,67.87,19.50,0,1460,249/173
1520530346.851546,1,188,146,67.86,196.16,1,1487,188/146
1520530346.901547,1,198,150,67.78,12.86,0,1487,198/150
1520530346.951549,1,191,148,67.77,13.18,0,1487,191/148
1520530347.001551,1,189,144,67.52,191.32,1,1510,189/144
1520530347.051553,1,240,169,67.48,12.48,0,1510,240/169
1520530347.101554,1,231,160,67.68,16.92,0,1510,231/160
1520530347.151556,1,212,143,67.69,151.32,1,1534,212/143
1520530347.201400,1,199,135,61.75,14.32,0,1534,199/135
1520530347.251402,1,185,127,61.89,14.13,0,1534,185/127
1520530347.301403,1,200,135,61.61,163.74,1,1435,200/135
1520530347.351405,1,232,145,61.39,12.86,0,1435,232/145
1520530347.401407,1,201,133,61.10,14.19,0,1435,201/133
1520530347.451408,1,191,119,60.58,173.06,1,1413,191/119
1520530347.501410,1,226,122,60.36,15.92,0,1413,226/122
1520530347.551411,1,166,103,60.50,15.71,0,1413,166/103
1520530347.601218,1,156,99,53.65,134.09,1,1377,156/99
1520530347.651220,1,140,96,53.98,13.26,0,1377,140/96
1520530347.701222,1,131,92,54.38,13.45,0,1377,131/92
1520530347.751223,1,135,94,54.89,121.64,1,1309,135/94
1520530347.801224,1,150,99,55.42,12.52,0,1309,150/99
1520530347.851226,1,119,91,55.60,12.89,0,1309,119/91
1520530347.901227,1,113,87,56.33,182.60,1,1264,113/87
1520530347.951229,1,113,94,56.54,9.90,0,1264,113/94
1520530348.001163,1,110,75,54.39,12.66,0,1264,110/75
1520530348.051164,1,105,84,54.61,127.04,1,1234,105/84
1520530348.101166,1,107,89,55.01,9.93,0,1234,107/89
1520530348.151168,1,162,118,55.36,10.76,0,1234,162/118
1520530348.201169,1,147,112,55.98,171.01,1,1244,147/112
1520530348.251170,1,144,113,56.38,13.15,0,1244,144/113
1520530348.301184,1,116,93,56.81,10.11,0,1244,116/93
1520530348.351173,1,135,104,57.02,119.04,1,1216,135/104
1520530348.401175,1,135,105,57.10,11.17,0,1216,135/105
1520530348.451416,1,128,99,67.32,12.27,0,1216,128/99
1520530348.501419,1,126,100,67.14,148.28,1,1212,126/100
1520530348.551420,1,124,100,67.18,11.01,0,1212,124/100
1520530348.601422,1,125,101,67.07,11.02,0,1212,125/101
1520530348.651423,1,122,100,67.00,103.83,1,1206,122/100
1520530348.701425,1,125,99,66.74,12.15,0,1206,125/99
1520530348.751426,1,117,88,66.79,11.10,0,1206,117/88
1520530348.801427,1,120,89,67.26,167.20,1,1185,120/89
1520530348.851315,1,121,90,61.99,9.95,0,1185,121/90
1520530348.901316,1,135,101,61.67,10.78,0,1185,135/101
1520530348.951318,1,134,100,61.38,167.73,1,1179,134/100
1520530349.001319,1,139,112,61.14,12.14,0,1179,139/112
1520530349.051321,1,138,114,60.87,10.97,0,1179,138/114
1520530349.101322,1,133,116,60.33,148.11,1,1178,133/116
1520530349.151325,1,135,113,59.67,11.89,0,1178,135/113
1520530349.201326,1,132,117,59.32,10.53,0,1178,132/117
1520530349.251106,1,147,125,49.97,124.59,1,1177,147/125
1520530349.301107,1,142,120,49.56,12.72,0,1177,142/120
1520530349.351109,1,144,123,49.63,10.97,0,1177,144/123
1520530349.401110,1,183,147,49.45,164.50,1,1170,183/147
1520530349.451112,1,207,165,49.11,19.84,0,1170,207/165
1520530349.501114,1,204,167,49.11,13.10,0,1170,204/167
1520530349.551115,1,300,244,49.40,138.77,1,1226,300/244
1520530349.601117,1,300,249,49.60,17.89,0,1226,300/249
1520530349.650935,1,232,192,42.02,22.60,0,1226,232/192
1520530349.700937,1,221,185,41.96,142.83,1,1186,221/185
1520530349.750943,1,223,181,41.84,12.37,0,1186,223/181
1520530349.800940,1,300,239,41.20,17.72,0,1186,300/239
1520530349.850941,1,295,241,40.76,163.20,1,1178,295/241
1520530349.900986,1,285,235,40.32,14.07,0,1178,285/235
1520530349.950944,1,274,216,39.70,15.77,0,1178,274/216
1520530350.000946,1,300,232,38.99,180.84,1,1191,300/232
1520530350.051376,1,256,197,55.47,15.09,0,1191,256/197
1520530350.101378,1,253,190,55.45,13.77,0,1191,253/190
1520530350.151379,1,288,219,55.39,173.04,1,1244,288/219
1520530350.201381,1,263,203,55.26,23.63,0,1244,263/203
1520530350.251384,1,242,182,54.72,13.48,0,1244,242/182
1520530350.301384,1,300,234,54.87,200.82,1,1320,300/234
1520530350.351386,1,300,227,54.79,21.14,0,1320,300/227
1520530350.401387,1,259,190,54.48,14.48,0,1320,259/190
1520530350.451515,1,300,220,58.64,164.04,1,1284,300/220
1520530350.501516,1,300,218,58.59,18.85,0,1284,300/218
1520530350.551518,1,260,194,58.30,14.62,0,1284,260/194
1520530350.601520,1,300,219,57.95,163.41,1,1213,300/219
1520530350.651521,1,300,224,57.94,15.71,0,1213,300/224
1520530350.701523,1,300,224,57.85,15.86,0,1213,300/224
1520530350.751523,1,300,222,57.62,146.74,1,1264,300/222
1520530350.801526,1,300,226,57.47,15.17,0,1264,300/226
1520530350.851527,1,300,229,57.16,16.70,0,1264,300/229
1520530350.901571,1,268,206,58.28,163.22,1,1192,268/206
1520530350.951573,1,270,210,57.83,16.86,0,1192,270/210
1520530351.001574,1,249,196,57.21,13.28,0,1192,249/196
1520530351.051576,1,235,193,56.30,197.40,1,1176,235/193
1520530351.101578,1,300,240,54.99,15.57,0,1176,300/240
1520530351.151579,1,237,207,53.69,16.75,0,1176,237/207
1520530351.201581,1,219,200,52.20,202.38,1,1172,219/200
1520530351.251582,1,210,194,51.33,13.62,0,1172,210/194
1520530351.301683,1,205,189,53.61,13.54,0,1172,205/189
1520530351.351680,1,207,185,52.46,172.91,1,1148,207/185
1520530351.401685,1,204,183,51.65,12.94,0,1148,204/183
1520530351.451683,1,223,191,51.25,11.58,0,1148,223/191
1520530351.501759,1,215,194,50.60,199.14,1,1148,215/194
1520530351.551686,1,225,196,50.30,15.29,0,1148,225/196
1520530351.601688,1,230,204,49.91,16.26,0,1148,230/204
1520530351.651689,1,228,206,50.08,141.48,1,1160,228/206
1520530351.701695,1,234,211,50.18,14.00,0,1160,234/211
1520530351.751696,1,242,215,50.05,17.03,0,1160,242/215
1520530351.801698,1,243,214,50.28,219.30,1,1169,243/214
1520530351.851700,1,238,213,50.48,13.07,0,1169,238/213
1520530351.901701,1,299,257,50.79,14.91,0,1169,299/257
1520530351.951703,1,273,249,51.33,214.05,1,1221,273/249
1520530352.001704,1,299,253,51.81,15.00,0,1221,299/253
1520530352.051706,1,300,256,52.21,17.03,0,1221,300/256
1520530352.101805,1,272,234,55.41,166.37,1,1245,272/234
1520530352.151806,1,279,238,55.44,15.22,0,1245,279/238
1520530352.201808,1,267,235,55.56,15.33,0,1245,267/235
1520530352.251809,1,269,232,55.80,172.67,1,1265,269/232
1520530352.301811,1,272,233,55.22,19.17,0,1265,272/233
1520530352.351812,1,263,219,54.38,16.72,0,1265,263/219
1520530352.401814,1,244,204,54.92,232.87,1,1244,244/204
1520530352.451817,1,237,191,55.85,15.70,0,1244,237/191
1520530352.501469,1,270,213,46.23,13.37,0,1244,270/213
1520530352.551471,1,300,230,46.53,231.66,1,1306,300/230
1520530352.601472,1,300,228,46.96,24.04,0,1306,300/228
1520530352.651474,1,300,228,47.15,27.78,0,1306,300/228
1520530352.701475,1,287,223,47.61,195.28,1,1329,287/223
1520530352.751477,1,300,230,47.85,17.10,0,1329,300/230
1520530352.801478,1,300,225,48.29,14.91,0,1329,300/225
1520530352.851480,1,269,205,48.68,215.50,1,1352,269/205
1520530352.901098,1,175,137,37.51,16.96,0,1352,175/137
1520530352.951099,1,164,122,37.78,12.76,0,1352,164/122
1520530353.001101,1,142,107,37.93,254.54,1,1344,142/107
1520530353.051102,1,139,106,38.17,13.43,0,1344,139/106
1520530353.101208,1,141,105,38.08,12.91,0,1344,141/105
1520530353.151105,1,128,96,38.18,183.88,1,1336,128/96
1520530353.201107,1,126,87,38.61,11.99,0,1336,126/87
1520530353.251108,1,118,80,39.19,14.12,0,1336,118/80
1520530353.301110,1,281,221,39.58,258.10,1,1466,281/221
1520530353.351398,1,138,113,49.61,203.41,1,1462,138/113
1520530353.401399,1,120,101,50.65,14.34,0,1462,120/101
1520530353.451401,1,110,92,51.11,11.63,0,1462,110/92
1520530353.501402,1,118,98,51.57,205.78,1,1484,118/98
1520530353.551404,1,147,122,52.04,24.91,0,1484,147/122
1520530353.601405,1,300,239,52.41,14.45,0,1484,300/239
1520530353.651407,1,300,231,52.44,257.25,1,1599,300/231
1520530353.701408,1,300,230,52.64,19.35,0,1599,300/230
1520530353.751736,1,300,222,65.24,18.93,0,1599,300/222
1520530353.801738,1,197,151,65.40,259.53,1,1551,197/151
1520530353.851739,1,185,153,65.31,15.81,0,1551,185/153
1520530353.901741,1,201,153,65.58,15.84,0,1551,201/153
1520530353.951742,1,196,145,65.65,208.84,1,1563,196/145
1520530354.001744,1,200,144,65.59,30.03,0,1563,200/144
1520530354.051745,1,233,154,65.59,18.26,0,1563,233/154
1520530354.101747,1,181,135,65.76,207.90,1,1531,181/135
1520530354.151896,1,253,170,71.56,13.55,0,1531,253/170
1520530354.201897,1,274,181,71.69,17.69,0,1531,274/181
1520530354.251899,1,294,189,71.36,195.18,1,1585,294/189
1520530354.301900,1,297,201,71.79,16.00,0,1585,297/201
1520530354.351902,1,239,159,71.82,19.69,0,1585,239/159
1520530354.401904,1,204,147,71.66,223.79,1,1528,204/147
1520530354.451905,1,267,168,71.16,13.84,0,1528,267/168
1520530354.501907,1,231,161,71.25,19.93,0,1528,231/161
1520530354.551594,1,251,174,58.93,220.91,1,1510,251/174
1520530354.601593,1,223,164,58.75,17.35,0,1510,223/164
1520530354.651595,1,193,143,58.74,17.08,0,1510,193/143
1520530354.701596,1,190,133,58.60,157.68,1,1463,190/133
1520530354.751597,1,180,126,58.86,13.05,0,1463,180/126
1520530354.801599,1,169,119,59.04,14.79,0,1463,169/119
1520530354.851600,1,167,121,59.37,166.98,1,1401,167/121
1520530354.901602,1,188,121,59.68,14.98,0,1401,188/121
1520530354.951359,1,189,118,50.74,14.24,0,1401,189/118
1520530355.001360,1,148,109,51.22,203.65,1,1363,148/109
1520530355.051362,1,148,108,51.18,14.36,0,1363,148/108
1520530355.101363,1,165,116,51.83,15.30,0,1363,165/116
1520530355.151365,1,164,120,52.55,125.09,1,1350,164/120
1520530355.201366,1,134,114,52.98,13.66,0,1350,134/114
1520530355.251368,1,120,95,52.99,11.14,0,1350,120/95
1520530355.301370,1,134,107,53.28,165.58,1,1349,134/107
1520530355.351371,1,180,131,53.67,13.72,0,1349,180/131
1520530355.401407,1,144,109,55.47,14.17,0,1349,144/109
1520530355.451408,1,294,206,55.83,191.71,1,1440,294/206
1520530355.501410,1,220,161,56.12,18.99,0,1440,220/161
1520530355.551411,1,195,154,56.38,16.50,0,1440,195/154
1520530355.601414,1,225,169,56.31,198.98,1,1460,225/169
1520530355.651416,1,203,150,56.60,19.63,0,1460,203/150
1520530355.701417,1,184,142,56.89,16.09,0,1460,184/142
1520530355.751418,1,176,133,56.86,135.84,1,1452,176/133
1520530355.801531,1,206,149,61.63,15.94,0,1452,206/149
1520530355.851533,1,198,148,61.56,16.66,0,1452,198/148
1520530355.901534,1,194,143,61.70,185.52,1,1441,194/143
1520530355.951536,1,185,140,61.35,16.47,0,1441,185/140
1520530356.001537,1,178,140,60.93,13.88,0,1441,178/140
1520530356.051539,1,173,132,60.90,198.27,1,1433,173/132
1520530356.101541,1,172,137,60.99,13.64,0,1433,172/137
1520530356.151542,1,175,136,60.49,11.93,0,1433,175/136
1520530356.201376,1,170,137,53.06,117.13,1,1385,170/137
1520530356.251380,1,174,137,52.63,16.26,0,1385,174/137
1520530356.301379,1,173,147,52.84,16.39,0,1385,173/147
1520530356.351380,1,184,155,52.61,180.26,1,1378,184/155
1520530356.401382,1,176,155,52.40,16.50,0,1378,176/155
1520530356.451383,1,168,153,52.02,11.71,0,1378,168/153
1520530356.501385,1,177,155,51.47,143.36,1,1370,177/155
1520530356.551386,1,186,162,51.28,11.24,0,1370,186/162
1520530356.601232,1,177,157,45.15,11.02,0,1370,177/157
1520530356.651235,1,178,158,44.84,152.70,1,1359,178/158
1520530356.701236,1,180,160,44.55,13.94,0,1359,180/160
1520530356.751237,1,219,184,44.74,12.73,0,1359,219/184
1520530356.801239,1,214,182,44.61,233.64,1,1293,214/182
1520530356.851240,1,204,174,44.60,16.37,0,1293,204/174
1520530356.901242,1,300,251,44.56,16.03,0,1293,300/251
1520530356.951244,1,300,254,44.77,175.27,1,1346,300/254
1520530357.001153,1,268,223,40.76,16.83,0,1346,268/223
1520530357.051154,1,260,222,40.78,15.29,0,1346,260/222
1520530357.101156,1,267,225,40.58,189.64,1,1330,267/225
1520530357.151156,1,272,228,39.94,14.83,0,1330,272/228
1520530357.201159,1,300,242,39.47,15.77,0,1330,300/242
1520530357.251160,1,280,231,38.95,221.44,1,1360,280/231
1520530357.301162,1,257,210,38.59,20.99,0,1360,257/210
1520530357.351164,1,260,203,38.04,15.48,0,1360,260/203
1520530357.401658,1,241,188,56.82,234.64,1,1378,241/188
1520530357.451660,1,240,179,56.68,15.79,0,1378,240/179
1520530357.501662,1,300,224,56.48,16.13,0,1378,300/224
1520530357.551663,1,300,230,56.43,188.95,1,1317,300/230
1520530357.601666,1,261,203,55.96,23.24,0,1317,261/203
1520530357.651666,1,300,232,55.95,17.43,0,1317,300/232
1520530357.701667,1,288,217,55.98,226.36,1,1376,288/217
1520530357.751669,1,280,208,55.88,16.62,0,1376,280/208
1520530357.801671,1,300,212,55.95,17.53,0,1376,300/212
1520530357.851585,1,256,190,51.64,240.13,1,1261,256/190
1520530357.901559,1,300,225,51.67,17.41,0,1261,300/225
1520530357.951560,1,300,219,51.35,15.80,0,1261,300/219
1520530358.001562,1,300,214,51.39,206.07,1,1265,300/214
1520530358.051563,1,300,212,51.17,16.24,0,1265,300/212
1520530358.101565,1,300,214,50.85,16.23,0,1265,300/214
1520530358.151567,1,300,217,50.79,209.06,1,1291,300/217
1520530358.201568,1,300,201,50.65,17.95,0,1291,300/201
1520530358.251625,1,300,207,52.68,16.93,0,1291,300/207
1520530358.301626,1,299,216,52.23,225.89,1,1313,299/216
1520530358.351628,1,300,225,51.90,17.36,0,1313,300/225
1520530358.401629,1,272,211,51.40,25.49,0,1313,272/211
1520530358.451631,1,272,211,50.90,226.00,1,1262,272/211
1520530358.501632,1,243,196,50.16,25.58,0,1262,243/196
1520530358.551634,1,234,196,49.29,15.39,0,1262,234/196
1520530358.601636,1,250,208,48.08,186.52,1,1252,250/208
1520530358.651798,1,252,208,52.35,12.86,0,1252,252/208
1520530358.701800,1,238,198,51.49,14.09,0,1252,238/198
1520530358.751801,1,300,243,50.98,253.01,1,1258,300/243
1520530358.801803,1,300,240,50.03,15.71,0,1258,300/240
1520530358.851805,1,269,228,49.26,14.28,0,1258,269/228
1520530358.901806,1,273,226,48.57,196.97,1,1269,273/226
1520530358.951808,1,275,221,47.71,16.26,0,1269,275/221
1520530359.001810,1,257,217,47.52,14.46,0,1269,257/217
1520530359.051806,1,276,222,46.88,210.94,1,1289,276/222
1520530359.101811,1,265,220,46.26,15.79,0,1289,265/220
1520530359.151809,1,236,208,46.17,13.19,0,1289,236/208
1520530359.201810,1,233,204,45.77,200.67,1,1283,233/204
1520530359.251812,1,251,218,45.27,14.59,0,1283,251/218
1520530359.301813,1,241,213,45.21,15.10,0,1283,241/213
1520530359.351815,1,237,211,45.59,225.62,1,1282,237/211
1520530359.401817,1,241,215,46.05,25.95,0,1282,241/215
1520530359.451919,1,229,204,47.64,16.79,0,1282,229/204
1520530359.501870,1,253,220,48.34,252.51,1,1301,253/220
1520530359.551871,1,252,218,48.58,13.89,0,1301,252/218
1520530359.601873,1,243,214,48.95,14.67,0,1301,243/214
1520530359.651874,1,300,261,49.58,193.82,1,1229,300/261
1520530359.701876,1,283,245,49.93,14.59,0,1229,283/245
1520530359.751878,1,274,240,50.22,16.07,0,1229,274/240
1520530359.801879,1,267,240,50.62,223.10,1,1241,267/240
1520530359.851881,1,259,228,50.94,16.10,0,1241,259/228
1520530359.901826,1,264,234,48.82,15.45,0,1241,264/234
1520530359.951828,1,259,231,48.18,202.46,1,1290,259/231
1520530360.001829,1,237,210,48.11,22.37,0,1290,237/210
1520530360.051831,1,269,221,48.38,13.66,0,1290,269/221
1520530360.101832,1,300,242,48.70,208.94,1,1375,300/242
1520530360.151834,1,289,237,49.08,15.85,0,1375,289/237
1520530360.201836,1,293,225,49.75,17.03,0,1375,293/225
1520530360.251837,1,258,198,50.37,218.74,1,1411,258/198
1520530360.301316,1,177,127,35.46,17.80,0,1411,177/127
1520530360.351317,1,222,149,35.36,15.06,0,1411,222/149
1520530360.401319,1,300,193,35.50,207.42,1,1490,300/193
1520530360.451321,1,199,136,35.35,22.53,0,1490,199/136
1520530360.501323,1,169,120,35.39,231.53,1,1480,169/120
1520530360.551324,1,162,110,35.36,11.98,0,1480,162/110
1520530360.601326,1,148,103,35.76,14.07,0,1480,148/103
1520530360.651327,1,141,102,36.28,203.78,1,1491,141/102
1520530360.700978,1,108,81,26.81,15.61,0,1491,108/81
1520530360.750980,1,300,167,27.08,18.33,0,1491,300/167
1520530360.800981,1,167,117,27.63,156.99,1,1499,167/117
1520530360.850983,1,149,104,28.03,15.42,0,1499,149/104
1520530360.900984,1,127,88,28.47,18.57,0,1499,127/88
1520530360.950988,1,110,80,28.67,235.59,1,1510,110/80
1520530361.000988,1,119,82,29.21,10.82,0,1510,119/82
1520530361.051064,1,112,82,29.57,17.55,0,1510,112/82
1520530361.101044,1,92,69,31.09,215.48,1,1471,92/69
1520530361.151045,1,105,74,30.70,12.09,0,1471,105/74
1520530361.201047,1,211,163,30.35,12.99,0,1471,211/163
1520530361.251048,1,135,118,30.18,183.14,1,1449,135/118
1520530361.301050,1,128,113,30.39,13.73,0,1449,128/113
1520530361.351051,1,298,247,30.32,12.12,0,1449,298/247
1520530361.401053,1,300,244,30.39,213.20,1,1584,300/244
1520530361.451055,1,232,204,30.28,18.94,0,1584,232/204
1520530361.501690,1,173,146,55.23,251.94,1,1613,173/146
1520530361.551692,1,181,141,55.26,19.76,0,1613,181/141
1520530361.601693,1,236,171,55.32,29.71,0,1613,236/171
1520530361.651695,1,269,179,55.49,224.66,1,1660,269/179
1520530361.701696,1,198,132,55.33,17.98,0,1660,198/132
1520530361.751698,1,202,157,55.21,15.27,0,1660,202/157
1520530361.801700,1,300,210,55.25,188.42,1,1646,300/210
1520530361.851701,1,300,219,55.20,16.92,0,1646,300/219
1520530361.901939,1,267,204,63.98,16.33,0,1646,267/204
1520530361.951941,1,210,169,64.00,193.43,1,1633,210/169
1520530362.001942,1,201,164,64.10,12.82,0,1633,201/164
1520530362.051944,1,185,152,64.17,12.07,0,1633,185/152
1520530362.101945,1,178,145,64.28,183.60,1,1609,178/145
1520530362.151947,1,196,151,64.27,12.43,0,1609,196/151
1520530362.201949,1,212,155,64.43,14.17,0,1609,212/155
1520530362.251950,1,201,146,64.39,151.88,1,1585,201/146
1520530362.301951,1,231,153,64.27,19.32,0,1585,231/153
1520530362.351623,1,172,125,51.85,16.93,0,1585,172/125
1520530362.401625,1,273,194,52.09,162.46,1,1597,273/194
1520530362.451626,1,274,187,52.11,14.50,0,1597,274/187
1520530362.501628,1,237,160,51.93,16.29,0,1597,237/160
1520530362.551629,1,243,153,52.15,174.67,1,1560,243/153
1520530362.601631,1,202,147,52.28,17.51,0,1560,202/147
1520530362.651727,1,222,158,52.30,14.12,0,1560,222/158
1520530362.701634,1,181,136,52.52,162.02,1,1543,181/136
1520530362.751364,1,147,94,42.16,13.67,0,1543,147/94
1520530362.801366,1,208,126,42.31,12.09,0,1543,208/126
1520530362.851367,1,192,119,42.03,128.31,1,1557,192/119
1520530362.901369,1,186,120,41.95,13.02,0,1557,186/120
1520530362.951370,1,179,118,41.87,13.78,0,1557,179/118
1520530363.001372,1,207,134,41.86,209.74,1,1520,207/134
1520530363.051374,1,184,127,42.43,26.15,0,1520,184/127
1520530363.101375,1,270,176,42.37,16.45,0,1520,270/176
1520530363.151650,1,158,119,53.75,191.78,1,1536,158/119
1520530363.201651,1,136,108,54.44,11.40,0,1536,136/108
1520530363.251653,1,198,140,55.10,13.43,0,1536,198/140
1520530363.301654,1,217,144,55.76,184.28,1,1556,217/144
1520530363.351656,1,224,155,56.21,36.83,0,1556,224/155
1520530363.401658,1,246,163,56.79,16.24,0,1556,246/163
1520530363.451659,1,233,152,57.38,196.51,1,1583,233/152
1520530363.501661,1,183,127,57.99,15.62,0,1583,183/127
1520530363.551745,1,155,115,62.03,15.45,0,1583,155/115
1520530363.601746,1,159,121,61.80,214.08,1,1580,159/121
1520530363.651748,1,134,106,60.93,16.35,0,1580,134/106
1520530363.701749,1,120,97,60.54,13.17,0,1580,120/97
1520530363.751751,1,116,92,59.87,183.83,1,1544,116/92
1520530363.801753,1,117,90,59.26,11.74,0,1544,117/90
1520530363.851754,1,109,82,58.78,11.25,0,1544,109/82
1520530363.901756,1,105,81,57.99,196.89,1,1488,105/81
1520530363.951780,1,127,93,58.34,13.50,0,1488,127/93
1520530364.001782,1,140,114,57.98,15.74,0,1488,140/114
1520530364.051784,1,147,120,57.29,135.93,1,1487,147/120
1520530364.101785,1,122,107,56.59,13.33,0,1487,122/107
1520530364.151786,1,133,117,55.64,11.04,0,1487,133/117
1520530364.201788,1,131,110,54.89,181.16,1,1461,131/110
1520530364.251789,1,175,137,53.24,13.18,0,1461,175/137
1520530364.301791,1,185,143,51.48,13.10,0,1461,185/143
1520530364.351792,1,183,140,50.78,159.59,1,1395,183/140
1520530364.401853,1,183,136,52.02,12.68,0,1395,183/136
1520530364.451854,1,190,139,51.24,20.02,0,1395,190/139
1520530364.501856,1,208,154,51.05,176.41,1,1392,208/154
1520530364.551858,1,269,211,50.19,13.94,0,1392,269/211
1520530364.601859,1,250,193,49.69,15.58,0,1392,250/193
1520530364.651861,1,244,180,49.13,178.28,1,1349,244/180
1520530364.701862,1,212,160,49.42,14.75,0,1349,212/160
1520530364.751864,1,201,151,49.78,13.71,0,1349,201/151
1520530364.802375,1,241,180,68.13,160.98,1,1393,241/180
1520530364.852378,1,222,165,68.68,14.48,0,1393,222/165
1520530364.902379,1,226,176,68.79,13.10,0,1393,226/176
1520530364.952380,1,225,182,68.66,180.89,1,1395,225/182
1520530365.002383,1,228,183,68.24,13.89,0,1395,228/183
1520530365.052383,1,229,185,67.88,24.44,0,1395,229/185
1520530365.102386,1,299,237,67.61,182.16,1,1472,299/237
1520530365.152387,1,298,241,67.64,14.78,0,1472,298/241
1520530365.201844,1,235,191,49.69,14.99,0,1472,235/191
1520530365.251846,1,251,197,49.64,188.39,1,1502,251/197
1520530365.301847,1,248,193,49.77,13.74,0,1502,248/193
1520530365.351849,1,239,185,49.85,15.18,0,1502,239/185
1520530365.401850,1,236,182,50.04,212.39,1,1459,236/182
1520530365.451852,1,239,184,50.31,19.90,0,1459,239/184
1520530365.501853,1,241,185,50.53,15.37,0,1459,241/185
1520530365.551855,1,240,184,51.24,208.00,1,1328,240/184
1520530365.601535,1,240,185,40.17,13.47,0,1328,240/185
1520530365.651537,1,243,179,40.66,20.11,0,1328,243/179
1520530365.701539,1,245,181,40.73,201.68,1,1299,245/181
1520530365.751540,1,300,216,41.02,13.83,0,1299,300/216
1520530365.801546,1,300,224,41.61,17.08,0,1299,300/224
1520530365.851543,1,300,220,41.63,200.73,1,1271,300/220
1520530365.901545,1,300,226,41.85,16.20,0,1271,300/226
1520530365.951546,1,300,227,42.33,18.11,0,1271,300/227
1520530366.001907,1,300,228,56.17,148.06,1,1211,300/228
1520530366.051908,1,300,219,56.36,19.17,0,1211,300/219
1520530366.101911,1,261,203,55.94,28.54,0,1211,261/203
1520530366.151911,1,300,233,55.36,140.06,1,1214,300/233
1520530366.201913,1,300,235,54.48,18.58,0,1214,300/235
1520530366.251915,1,300,229,53.69,16.88,0,1214,300/229
1520530366.301916,1,253,197,52.88,126.73,1,1244,253/197
1520530366.351918,1,258,198,52.34,15.41,0,1244,258/198
1520530366.402120,1,244,185,58.30,14.23,0,1244,244/185
1520530366.452121,1,273,206,57.95,197.95,1,1278,273/206
1520530366.502124,1,259,204,57.65,16.26,0,1278,259/204
1520530366.552125,1,244,192,56.82,16.27,0,1278,244/192
1520530366.602127,1,230,185,56.26,191.88,1,1253,230/185
1520530366.652128,1,226,194,55.10,18.17,0,1253,226/194
1520530366.702130,1,217,185,53.81,16.63,0,1253,217/185
1520530366.752132,1,206,185,53.17,158.68,1,1249,206/185
1520530366.802132,1,254,215,52.75,17.32,0,1249,254/215
1520530366.852166,1,226,193,53.49,15.91,0,1249,226/193
1520530366.902167,1,206,186,53.03,189.58,1,1285,206/186
1520530366.952169,1,196,170,52.54,16.52,0,1285,196/170
1520530367.002170,1,244,205,52.28,14.10,0,1285,244/205
1520530367.052171,1,212,187,52.42,174.59,1,1279,212/187
1520530367.102178,1,267,224,52.61,16.95,0,1279,267/224
1520530367.152174,1,232,200,52.55,20.91,0,1279,232/200
1520530367.202177,1,234,190,52.63,191.62,1,1284,234/190
1520530367.252540,1,228,192,63.11,14.43,0,1284,228/192
1520530367.302541,1,278,215,62.80,13.84,0,1284,278/215
1520530367.352542,1,256,194,63.17,169.60,1,1293,256/194
1520530367.402545,1,245,192,62.95,14.22,0,1293,245/192
1520530367.452546,1,249,189,62.61,18.85,0,1293,249/189
1520530367.502548,1,247,188,62.05,274.30,1,1268,247/188
1520530367.552549,1,241,183,61.79,12.27,0,1268,241/183
1520530367.602551,1,235,179,61.53,14.57,0,1268,235/179
1520530367.652264,1,234,175,52.83,193.40,1,1251,234/175
1520530367.702266,1,226,173,52.90,13.21,0,1251,226/173
1520530367.752267,1,278,226,52.58,14.19,0,1251,278/226
1520530367.802269,1,274,226,52.52,182.25,1,1280,274/226
1520530367.852271,1,255,220,52.73,22.54,0,1280,255/220
1520530367.902272,1,238,204,52.28,19.92,0,1280,238/204
1520530367.952274,1,236,207,52.24,251.71,1,1303,236/207
1520530368.002275,1,262,225,52.04,17.02,0,1303,262/225
1520530368.052124,1,244,211,48.02,16.45,0,1303,244/211
1520530368.102125,1,256,224,47.87,190.20,1,1331,256/224
1520530368.152127,1,300,268,47.53,14.54,0,1331,300/268
1520530368.202129,1,300,261,47.30,17.53,0,1331,300/261
1520530368.252130,1,298,262,47.33,252.84,1,1366,298/262
1520530368.302132,1,295,257,47.19,15.20,0,1366,295/257
1520530368.352134,1,300,258,46.98,14.39,0,1366,300/258
1520530368.402135,1,273,240,47.10,219.48,1,1384,273/240
1520530368.452048,1,246,224,44.49,17.22,0,1384,246/224
1520530368.502050,1,238,213,44.42,15.26,0,1384,238/213
1520530368.552051,1,264,224,45.24,257.02,1,1392,264/224
1520530368.602053,1,220,179,46.38,15.58,0,1392,220/179
1520530368.652054,1,196,150,47.36,13.85,0,1392,196/150
1520530368.702056,1,293,198,48.04,217.77,1,1420,293/198
1520530368.752057,1,200,146,48.42,21.74,0,1420,200/146
1520530368.802058,1,269,192,48.84,14.56,0,1420,269/192
1520530368.851389,1,110,86,29.92,232.97,1,1373,110/86
1520530368.901391,1,96,77,30.45,16.87,0,1373,96/77
1520530368.951392,1,85,64,31.62,15.22,0,1373,85/64
1520530369.001394,1,93,68,32.45,193.41,1,1346,93/68
1520530369.051395,1,78,62,33.22,14.09,0,1346,78/62
1520530369.101397,1,71,54,33.69,9.83,0,1346,71/54
1520530369.151398,1,78,54,33.54,196.59,1,1312,78/54
1520530369.201400,1,87,59,34.24,11.00,0,1312,87/59
1520530369.251401,1,87,56,34.94,10.90,0,1312,87/56
1520530369.301537,1,99,66,40.13,171.39,1,1270,99/66
1520530369.351538,1,113,85,40.14,10.93,0,1270,113/85
1520530369.401540,1,264,198,40.00,12.44,0,1270,264/198
1520530369.451542,1,300,225,39.84,233.70,1,1377,300/225
1520530369.501543,1,228,200,39.85,20.18,0,1377,228/200
1520530369.551545,1,205,176,39.81,16.04,0,1377,205/176
1520530369.601546,1,226,177,39.95,207.51,1,1402,226/177
1520530369.651548,1,214,171,39.58,16.10,0,1402,214/171
1520530369.701896,1,166,133,51.72,15.18,0,1402,166/133
1520530369.751898,1,216,158,51.24,122.59,1,1432,216/158
1520530369.801901,1,216,163,50.68,14.51,0,1432,216/163
1520530369.851902,1,202,158,50.35,12.38,0,1432,202/158
1520530369.901903,1,202,165,49.82,155.05,1,1419,202/165
1520530369.951905,1,202,155,49.74,12.84,0,1419,202/155
1520530370.001906,1,203,157,49.48,19.48,0,1419,203/157
1520530370.051908,1,202,163,49.28,197.80,1,1378,202/163
1520530370.101930,1,199,159,49.63,20.27,0,1378,199/159
1520530370.151931,1,210,164,49.61,13.54,0,1378,210/164
1520530370.201933,1,199,163,49.61,195.72,1,1361,199/163
1520530370.251934,1,223,172,49.57,13.25,0,1361,223/172
1520530370.301934,1,209,169,49.54,12.74,0,1361,209/169
1520530370.351937,1,202,168,49.41,122.64,1,1297,202/168
1520530370.401938,1,260,186,49.29,19.16,0,1297,260/186
1520530370.451940,1,269,192,48.96,14.70,0,1297,269/192
1520530370.501883,1,254,186,46.75,122.05,1,1275,254/186
1520530370.551883,1,283,192,46.57,15.11,0,1275,283/192
1520530370.601898,1,277,195,46.45,16.93,0,1275,277/195
1520530370.651887,1,280,196,46.44,213.78,1,1220,280/196
1520530370.701889,1,293,202,46.48,16.95,0,1220,293/202
1520530370.751890,1,286,193,46.36,14.54,0,1220,286/193
1520530370.801892,1,274,193,46.47,192.19,1,1202,274/193
1520530370.851892,1,275,189,46.51,16.62,0,1202,275/189
1520530370.901941,1,257,180,48.31,19.27,0,1202,257/180
1520530370.951942,1,222,170,48.54,127.75,1,1190,222/170
1520530371.001944,1,234,165,48.49,14.43,0,1190,234/165
1520530371.051946,1,254,176,48.53,29.80,0,1190,254/176
1520530371.101947,1,207,162,48.16,152.37,1,1174,207/162
1520530371.151949,1,253,165,48.53,15.45,0,1174,253/165
1520530371.201950,1,212,152,47.99,16.29,0,1174,212/152
1520530371.251952,1,201,147,47.38,162.18,1,1155,201/147
1520530371.301953,1,205,150,47.17,12.55,0,1155,205/150
1520530371.351951,1,241,180,47.15,19.41,0,1155,241/180
1520530371.401953,1,273,196,47.22,173.57,1,1185,273/196
1520530371.451954,1,246,180,47.75,16.11,0,1185,246/180
1520530371.501956,1,234,169,47.74,16.07,0,1185,234/169
1520530371.551958,1,289,198,47.87,152.30,1,1179,289/198
1520530371.601959,1,286,198,48.05,14.89,0,1179,286/198
1520530371.651961,1,288,199,48.36,15.52,0,1179,288/199
1520530371.701962,1,287,200,48.39,213.34,1,1186,287/200
1520530371.751959,1,280,197,48.16,15.92,0,1186,280/197
1520530371.801961,1,267,191,48.04,18.98,0,1186,267/191
1520530371.851963,1,268,191,47.49,211.54,1,1173,268/191
1520530371.901964,1,276,197,46.95,19.44,0,1173,276/197
1520530371.951966,1,269,191,46.79,15.45,0,1173,269/191
1520530372.001968,1,262,182,46.95,242.66,1,1142,262/182
1520530372.051969,1,260,181,46.84,13.80,0,1142,260/181
1520530372.101971,1,256,183,47.08,16.97,0,1142,256/183
1520530372.151955,1,250,176,46.65,209.09,1,1137,250/176
1520530372.201977,1,238,170,46.93,25.90,0,1137,238/170
1520530372.251958,1,238,167,47.10,12.77,0,1137,238/167
1520530372.301960,1,241,177,46.89,236.94,1,1117,241/177
1520530372.351961,1,241,177,46.79,13.18,0,1117,241/177
1520530372.401963,1,245,174,46.90,13.95,0,1117,245/174
1520530372.451964,1,243,170,47.07,187.80,1,1065,243/170
1520530372.501966,1,241,171,46.88,22.28,0,1065,241/171
1520530372.551956,1,245,169,46.73,18.62,0,1065,245/169
1520530372.601959,1,261,177,46.57,337.52,1,1035,261/177
1520530372.651960,1,257,179,46.64,21.55,0,1035,257/179
1520530372.701961,1,274,191,46.89,24.41,0,1035,274/191
1520530372.751963,1,274,192,47.23,344.54,1,999,274/192
1520530372.801964,1,266,184,48.26,24.56,0,999,266/184
1520530372.851966,1,264,184,48.96,20.53,0,999,264/184
1520530372.901967,1,255,179,49.55,251.90,1,939,255/179
1520530372.951617,1,245,169,37.44,14.40,0,939,245/169
1520530373.001619,1,269,188,37.66,13.11,0,939,269/188
1520530373.051620,1,257,185,38.08,229.87,1,953,257/185
1520530373.101622,1,262,187,38.19,15.38,0,953,262/187
1520530373.151624,1,271,189,38.37,23.41,0,953,271/189
1520530373.201626,1,264,193,38.78,248.03,1,954,264/193
1520530373.251627,1,256,186,38.66,15.46,0,954,256/186
1520530373.301630,1,259,190,38.80,21.35,0,954,259/190
1520530373.351457,1,243,179,32.52,258.83,1,937,243/179
1520530373.401458,1,243,174,32.21,20.05,0,937,243/174
1520530373.451460,1,236,171,32.56,11.38,0,937,236/171
1520530373.501461,1,283,188,32.63,245.25,1,945,283/188
1520530373.551463,1,255,176,33.26,15.98,0,945,255/176
1520530373.601465,1,276,180,33.16,14.00,0,945,276/180
1520530373.651466,1,260,176,32.41,201.56,1,834,260/176
1520530373.701467,1,236,169,31.44,13.97,0,834,236/169
1520530373.751469,1,229,166,30.51,23.14,0,834,229/166
1520530373.801615,1,207,154,33.41,188.02,1,841,207/154
1520530373.851583,1,203,156,33.15,12.70,0,841,203/156
1520530373.901585,1,222,172,32.24,11.95,0,841,222/172
1520530373.951586,1,202,164,32.23,135.66,1,823,202/164
1520530374.001589,1,199,165,32.18,12.92,0,823,199/165
1520530374.051589,1,237,187,31.96,12.81,0,823,237/187
1520530374.101591,1,214,182,31.83,246.67,1,847,214/182
1520530374.151592,1,206,170,31.73,13.77,0,847,206/170
1520530374.201953,1,194,146,42.84,12.55,0,847,194/146
1520530374.251955,1,195,125,42.34,112.10,1,858,195/125
1520530374.301956,1,190,114,41.67,12.79,0,858,190/114
1520530374.351958,1,188,111,40.94,22.12,0,858,188/111
1520530374.401959,1,183,103,40.50,174.35,1,863,183/103
1520530374.451961,1,190,107,40.66,16.66,0,863,190/107
1520530374.501962,1,203,113,40.85,24.67,0,863,203/113
1520530374.551964,1,200,110,41.00,169.27,1,866,200/110
1520530374.602407,1,186,112,53.65,25.37,0,866,186/112
1520530374.652408,1,203,113,53.65,10.89,0,866,203/113
1520530374.702410,1,239,138,53.57,191.85,1,888,239/138
1520530374.752412,1,234,145,53.26,12.66,0,888,234/145
1520530374.802413,1,226,150,52.69,14.26,0,888,226/150
1520530374.852415,1,228,155,52.30,163.00,1,900,228/155
1520530374.902417,1,238,167,52.20,11.55,0,900,238/167
1520530374.952418,1,223,170,52.12,13.69,0,900,223/170
1520530375.002442,1,224,176,52.79,138.85,1,924,224/176
1520530375.052444,1,224,185,53.09,13.78,0,924,224/185
1520530375.102445,1,218,190,53.78,13.22,0,924,218/190
1520530375.152447,1,220,193,54.38,190.73,1,947,220/193
1520530375.202449,1,222,186,54.96,14.07,0,947,222/186
1520530375.252454,1,228,194,55.01,13.20,0,947,228/194
1520530375.302452,1,244,211,55.51,166.85,1,969,244/211
1520530375.352453,1,239,213,55.60,15.24,0,969,239/213
1520530375.402252,1,242,214,48.22,13.75,0,969,242/214
1520530375.452214,1,243,213,47.70,161.17,1,978,243/213
1520530375.502216,1,236,198,47.28,13.82,0,978,236/198
1520530375.552217,1,230,190,46.71,13.16,0,978,230/190
1520530375.602219,1,226,189,45.49,143.49,1,928,226/189
1520530375.652220,1,214,185,44.70,14.85,0,928,214/185
1520530375.702222,1,212,187,43.43,13.99,0,928,212/187
1520530375.752223,1,205,180,42.64,154.86,1,899,205/180
1520530375.802225,1,202,184,41.67,11.77,0,899,202/184
1520530375.852258,1,205,185,41.45,14.02,0,899,205/185
1520530375.902259,1,205,190,40.89,178.75,1,901,205/190
1520530375.952261,1,211,187,40.87,14.17,0,901,211/187
1520530376.002263,1,213,186,41.40,13.46,0,901,213/186
1520530376.052264,1,221,191,41.69,210.79,1,939,221/191
1520530376.102265,1,223,193,42.08,13.48,0,939,223/193
1520530376.152267,1,217,190,42.94,20.10,0,939,217/190
1520530376.202270,1,212,176,44.50,181.26,1,944,212/176
1520530376.251950,1,202,164,37.27,14.88,0,944,202/164
1520530376.301951,1,199,160,37.92,23.41,0,944,199/160
1520530376.351954,1,196,162,38.05,200.33,1,945,196/162
1520530376.401955,1,194,161,38.04,12.91,0,945,194/161
1520530376.451957,1,193,164,37.13,14.32,0,945,193/164
1520530376.501958,1,193,148,37.45,173.82,1,960,193/148
1520530376.551960,1,208,147,38.19,12.82,0,960,208/147
1520530376.601961,1,206,136,39.22,12.35,0,960,206/136
1520530376.652663,1,203,133,60.23,147.73,1,988,203/133
1520530376.702664,1,187,134,60.24,14.86,0,988,187/134
1520530376.752666,1,181,139,61.11,14.37,0,988,181/139
1520530376.802668,1,149,113,62.03,164.80,1,1011,149/113
1520530376.852669,1,134,110,63.58,21.32,0,1011,134/110
1520530376.902671,1,128,105,65.20,16.15,0,1011,128/105
1520530376.952672,1,212,176,66.88,192.27,1,1092,212/176
1520530377.002721,1,166,134,67.87,16.38,0,1092,166/134
1520530377.052897,1,161,121,76.18,13.61,0,1092,161/121
1520530377.102900,1,151,117,76.35,179.77,1,1110,151/117
1520530377.152901,1,164,124,76.26,13.87,0,1110,164/124
1520530377.202903,1,147,114,76.14,12.30,0,1110,147/114
1520530377.252904,1,168,123,75.53,146.79,1,1128,168/123
1520530377.302906,1,172,120,75.22,16.04,0,1128,172/120
1520530377.352906,1,180,126,74.75,12.68,0,1128,180/126
1520530377.402909,1,251,169,74.37,157.67,1,1171,251/169
1520530377.451720,1,120,84,35.77,189.94,1,1193,120/84
1520530377.501720,1,148,97,36.27,11.85,0,1193,148/97
1520530377.551722,1,95,76,36.43,21.61,0,1193,95/76
1520530377.601723,1,74,63,36.43,177.23,1,1213,74/63
1520530377.651725,1,80,66,36.81,11.13,0,1213,80/66
1520530377.701726,1,87,69,37.09,11.83,0,1213,87/69
1520530377.751728,1,78,67,37.48,166.14,1,1181,78/67
1520530377.801730,1,76,60,37.83,10.79,0,1181,76/60
1520530377.851407,1,66,47,26.75,12.64,0,1181,66/47
1520530377.901409,1,72,44,25.96,140.24,1,1157,72/44
1520530377.951411,1,69,46,25.62,12.83,0,1157,69/46
1520530378.001412,1,66,48,25.34,11.11,0,1157,66/48
1520530378.051414,1,82,59,25.04,121.74,1,1154,82/59
1520530378.101416,1,84,57,25.68,13.20,0,1154,84/57
1520530378.151417,1,84,56,26.24,11.67,0,1154,84/56
1520530378.201419,1,88,58,26.38,99.55,1,1106,88/58
1520530378.251420,1,195,143,26.33,12.05,0,1106,195/143
1520530378.301512,1,130,110,29.33,25.92,0,1106,130/110
1520530378.351513,1,235,196,29.34,190.20,1,1204,235/196
1520530378.401515,1,176,159,29.39,15.67,0,1204,176/159
1520530378.451516,1,182,159,29.47,13.82,0,1204,182/159
1520530378.501517,1,163,145,29.56,171.66,1,1189,163/145
1520530378.551519,1,142,132,29.60,14.85,0,1189,142/132
1520530378.601571,1,145,131,29.56,14.97,0,1189,145/131
1520530378.651522,1,138,121,29.44,129.31,1,1195,138/121
1520530378.702209,1,126,117,56.33,15.37,0,1195,126/117
1520530378.752210,1,126,108,56.71,18.74,0,1195,126/108
1520530378.802212,1,134,111,57.20,210.94,1,1211,134/111
1520530378.852213,1,130,101,57.75,18.04,0,1211,130/101
1520530378.902215,1,132,109,57.91,15.28,0,1211,132/109
1520530378.952216,1,142,112,57.91,140.29,1,1189,142/112
1520530379.002218,1,138,113,57.91,16.37,0,1189,138/113
1520530379.052220,1,184,137,57.83,28.28,0,1189,184/137
1520530379.102149,1,170,130,55.15,168.69,1,1212,170/130
1520530379.152151,1,163,130,54.70,15.39,0,1212,163/130
1520530379.202152,1,150,126,54.57,12.87,0,1212,150/126
1520530379.252154,1,180,128,54.45,171.97,1,1211,180/128
1520530379.302155,1,207,143,54.21,15.95,0,1211,207/143
1520530379.352157,1,204,143,54.00,18.76,0,1211,204/143
1520530379.402159,1,213,145,53.74,151.05,1,1219,213/145
1520530379.452160,1,169,133,53.60,17.30,0,1219,169/133
1520530379.501850,1,145,114,41.82,15.32,0,1219,145/114
1520530379.551852,1,160,114,41.98,212.82,1,1196,160/114
1520530379.601853,1,133,98,41.87,17.11,0,1196,133/98
1520530379.651855,1,124,88,42.32,16.24,0,1196,124/88
1520530379.701856,1,126,80,42.11,199.36,1,1195,126/80
1520530379.751858,1,122,85,42.29,14.00,0,1195,122/85
1520530379.801860,1,113,80,42.14,12.10,0,1195,113/80
1520530379.851861,1,145,98,42.14,236.48,1,1206,145/98
1520530379.901824,1,148,98,40.87,12.92,0,1206,148/98
1520530379.951826,1,130,91,41.46,15.55,0,1206,130/91
1520530380.001827,1,155,106,42.11,147.08,1,1200,155/106
1520530380.051829,1,176,120,43.00,13.76,0,1200,176/120
1520530380.101830,1,151,113,44.01,14.84,0,1200,151/113
1520530380.151832,1,183,134,44.45,142.30,1,1221,183/134
1520530380.201888,1,231,165,44.99,17.79,0,1221,231/165
1520530380.251835,1,227,150,45.48,17.90,0,1221,227/150
1520530380.301736,1,220,153,41.05,177.38,1,1200,220/153
1520530380.352160,1,191,136,58.12,16.34,0,1200,191/136
1520530380.402162,1,174,123,56.60,13.52,0,1200,174/123
1520530380.452163,1,161,111,55.51,136.06,1,1198,161/111
1520530380.502166,1,149,113,54.77,20.27,0,1198,149/113
1520530380.552166,1,120,103,53.96,13.29,0,1198,120/103
1520530380.602168,1,115,106,53.28,125.98,1,1195,115/106
1520530380.652170,1,116,106,52.91,9.61,0,1195,116/106
1520530380.702171,1,110,101,52.77,13.03,0,1195,110/101
1520530380.752135,1,120,101,51.12,130.05,1,1184,120/101
1520530380.802136,1,140,117,50.94,12.57,0,1184,140/117
1520530380.852138,1,134,115,50.37,11.84,0,1184,134/115
1520530380.902139,1,140,118,49.63,133.40,1,1173,140/118
1520530380.952141,1,154,130,49.12,11.75,0,1173,154/130
1520530381.002143,1,155,125,48.32,13.35,0,1173,155/125
1520530381.052144,1,169,126,47.86,142.70,1,1155,169/126
1520530381.102146,1,171,121,47.29,11.65,0,1155,171/121
1520530381.152048,1,187,120,43.07,20.95,0,1155,187/120
1520530381.202049,1,188,124,42.21,150.72,1,1087,188/124
1520530381.252051,1,180,118,41.69,12.10,0,1087,180/118
1520530381.302052,1,188,123,41.38,14.89,0,1087,188/123
1520530381.352053,1,176,128,41.44,144.14,1,1083,176/128
1520530381.402056,1,238,181,41.58,16.23,0,1083,238/181
1520530381.452057,1,214,167,41.70,15.99,0,1083,214/167
1520530381.502058,1,210,169,42.09,134.03,1,1108,210/169
1520530381.552262,1,208,170,48.43,14.86,0,1108,208/170
1520530381.602264,1,204,168,48.71,12.37,0,1108,204/168
1520530381.652266,1,244,197,48.84,155.76,1,1065,244/197
1520530381.702267,1,236,190,48.99,16.52,0,1065,236/190
1520530381.752268,1,219,180,48.97,15.45,0,1065,219/180
1520530381.802325,1,204,172,48.74,93.72,1,1067,204/172
1520530381.852271,1,202,172,48.89,12.62,0,1067,202/172
1520530381.902273,1,200,174,48.70,12.18,0,1067,200/174
1520530381.952332,1,226,188,50.52,117.26,1,1086,226/188
1520530382.002334,1,227,188,49.74,12.50,0,1086,227/188
1520530382.052335,1,234,193,49.45,12.24,0,1086,234/193
1520530382.102337,1,240,188,49.27,126.11,1,1104,240/188
1520530382.152339,1,244,189,49.12,13.58,0,1104,244/189
1520530382.202340,1,286,223,49.66,13.76,0,1104,286/223
1520530382.252342,1,273,210,49.80,119.30,1,1131,273/210
1520530382.302343,1,285,223,49.80,13.70,0,1131,285/223
1520530382.352159,1,300,234,43.76,17.77,0,1131,300/234
1520530382.402160,1,300,238,43.67,174.68,1,1171,300/238
1520530382.452162,1,300,231,44.01,15.88,0,1171,300/231
1520530382.502164,1,300,231,44.19,15.30,0,1171,300/231
1520530382.552165,1,270,203,44.95,160.58,1,1067,270/203
1520530382.602167,1,249,195,45.86,15.59,0,1067,249/195
1520530382.652168,1,244,191,47.19,14.44,0,1067,244/191
1520530382.702170,1,231,180,47.31,211.33,1,1065,231/180
1520530382.752171,1,221,168,47.47,24.87,0,1065,221/168
1520530382.802243,1,214,167,49.47,14.64,0,1065,214/167
1520530382.852246,1,256,193,49.55,175.04,1,1089,256/193
1520530382.902248,1,258,198,49.46,14.15,0,1089,258/198
1520530382.952249,1,254,200,49.37,14.46,0,1089,254/200
1520530383.002250,1,255,200,49.04,183.96,1,1076,255/200
1520530383.052252,1,251,201,48.57,15.96,0,1076,251/201
1520530383.102252,1,246,201,48.23,13.30,0,1076,246/201
1520530383.152255,1,243,204,47.68,156.66,1,1067,243/204
1520530383.202206,1,252,204,45.72,16.05,0,1067,252/204
1520530383.252208,1,248,209,44.91,14.82,0,1067,248/209
1520530383.302210,1,246,206,44.65,166.31,1,1057,246/206
1520530383.352211,1,251,201,44.20,16.29,0,1057,251/201
1520530383.402266,1,235,190,43.75,15.12,0,1057,235/190
1520530383.452214,1,230,190,43.48,210.96,1,1063,230/190
1520530383.502216,1,220,187,42.60,15.65,0,1063,220/187
1520530383.552217,1,260,208,41.87,14.08,0,1063,260/208
1520530383.602472,1,262,216,48.32,196.86,1,1078,262/216
1520530383.652472,1,259,211,47.67,16.74,0,1078,259/211
1520530383.702475,1,279,220,46.73,15.06,0,1078,279/220
1520530383.752476,1,277,221,46.23,197.51,1,1087,277/221
1520530383.802478,1,273,211,46.24,15.62,0,1087,273/211
1520530383.852479,1,300,239,46.54,14.29,0,1087,300/239
1520530383.902481,1,296,239,46.16,257.33,1,1130,296/239
1520530383.952482,1,293,239,46.05,21.76,0,1130,293/239
1520530384.002530,1,290,237,47.47,17.06,0,1130,290/237
1520530384.052531,1,257,218,47.34,216.78,1,1129,257/218
1520530384.102533,1,229,197,48.14,16.62,0,1129,229/197
1520530384.152534,1,208,176,49.26,16.71,0,1129,208/176
1520530384.202536,1,196,168,50.94,210.32,1,1124,196/168
1520530384.252537,1,184,154,52.09,15.94,0,1124,184/154
1520530384.302539,1,173,131,53.33,11.98,0,1124,173/131
1520530384.352541,1,175,135,53.93,215.24,1,1089,175/135
1520530384.402432,1,162,123,50.47,13.09,0,1089,162/123
1520530384.452435,1,146,124,51.06,24.26,0,1089,146/124
1520530384.502435,1,137,116,52.97,212.94,1,1068,137/116
1520530384.552437,1,140,115,54.46,13.47,0,1068,140/115
1520530384.602439,1,138,119,55.98,11.23,0,1068,138/119
1520530384.652440,1,141,121,57.72,229.70,1,1053,141/121
1520530384.702442,1,137,117,59.24,13.74,0,1053,137/117
1520530384.752443,1,222,185,60.55,14.88,0,1053,222/185
1520530384.802857,1,231,202,77.79,254.25,1,1127,231/202
1520530384.852858,1,217,197,78.83,14.85,0,1127,217/197
1520530384.902860,1,199,182,79.37,16.41,0,1127,199/182
1520530384.952861,1,189,178,79.40,271.72,1,1137,189/178
1520530385.002916,1,200,193,79.50,14.86,0,1137,200/193
1520530385.052864,1,182,172,80.30,16.26,0,1137,182/172
1520530385.102866,1,203,190,80.66,256.90,1,1177,203/190
1520530385.152867,1,206,195,80.86,16.17,0,1177,206/195
1520530385.202869,1,194,181,80.70,12.10,0,1177,194/181
1520530385.252705,1,224,205,74.32,175.33,1,1207,224/205
1520530385.302707,1,210,184,73.50,16.72,0,1207,210/184
1520530385.352709,1,227,191,72.92,15.88,0,1207,227/191
1520530385.402710,1,205,175,72.11,181.70,1,1218,205/175
1520530385.452712,1,193,172,70.72,13.83,0,1218,193/172
1520530385.502713,1,193,172,69.07,13.55,0,1218,193/172
1520530385.552715,1,209,185,68.17,193.56,1,1236,209/185
1520530385.602716,1,202,179,67.60,15.83,0,1236,202/179
1520530385.652486,1,189,163,58.36,21.61,0,1236,189/163
1520530385.702487,1,170,151,58.08,118.76,1,1215,170/151
1520530385.752490,1,186,161,57.97,13.54,0,1215,186/161
1520530385.802491,1,173,152,58.18,19.59,0,1215,173/152
1520530385.852493,1,157,138,58.03,149.34,1,1199,157/138
1520530385.902494,1,153,137,57.54,22.28,0,1199,153/137
1520530385.952496,1,146,124,57.31,11.85,0,1199,146/124
1520530386.002497,1,189,166,57.05,155.03,1,1252,189/166
1520530386.052544,1,180,156,58.21,12.37,0,1252,180/156
1520530386.102546,1,159,137,57.83,12.48,0,1252,159/137
1520530386.152547,1,159,129,57.57,128.41,1,1228,159/129
1520530386.202549,1,148,120,57.26,12.94,0,1228,148/120
1520530386.252550,1,145,121,57.11,10.69,0,1228,145/121
1520530386.302552,1,144,120,56.91,146.80,1,1219,144/120
1520530386.352553,1,145,123,57.06,10.24,0,1219,145/123
1520530386.402554,1,142,116,56.84,10.03,0,1219,142/116
1520530386.452758,1,132,113,64.30,158.78,1,1186,132/113
1520530386.502760,1,132,110,64.37,13.63,0,1186,132/110
1520530386.552761,1,133,110,64.46,13.04,0,1186,133/110
1520530386.602814,1,126,101,64.79,156.88,1,1148,126/101
1520530386.652764,1,122,98,65.05,10.36,0,1148,122/98
1520530386.702766,1,147,119,65.05,12.91,0,1148,147/119
1520530386.752767,1,138,116,65.41,151.09,1,1147,138/116
1520530386.802769,1,138,111,65.68,21.70,0,1147,138/111
1520530386.852674,1,125,102,62.33,13.55,0,1147,125/102
1520530386.902676,1,132,108,62.74,108.81,1,1151,132/108
1520530386.952678,1,130,108,63.10,11.08,0,1151,130/108
1520530387.002679,1,132,110,63.68,12.91,0,1151,132/110
1520530387.052681,1,135,109,63.76,173.53,1,1117,135/109
1520530387.102682,1,139,118,64.35,15.54,0,1117,139/118
1520530387.152684,1,151,122,64.90,15.05,0,1117,151/122
1520530387.202685,1,168,134,65.31,154.31,1,1137,168/134
1520530387.252606,1,161,126,62.97,14.78,0,1137,161/126
1520530387.302607,1,155,122,63.45,20.86,0,1137,155/122
1520530387.352609,1,135,108,63.76,138.24,1,1128,135/108
1520530387.402611,1,147,116,64.08,12.17,0,1128,147/116
1520530387.452612,1,140,116,64.50,12.76,0,1128,140/116
1520530387.502614,1,109,94,64.43,174.47,1,1102,109/94
1520530387.552615,1,104,88,64.71,12.06,0,1102,104/88
1520530387.602617,1,95,86,64.25,12.97,0,1102,95/86
1520530387.652619,1,94,82,63.64,145.43,1,1077,94/82
1520530387.702457,1,83,72,56.37,11.97,0,1077,83/72
1520530387.752459,1,90,70,55.24,10.34,0,1077,90/70
1520530387.802460,1,94,69,54.07,149.77,1,1028,94/69
1520530387.852464,1,85,71,53.80,10.56,0,1028,85/71
1520530387.902463,1,78,67,53.41,14.61,0,1028,78/67
1520530387.952464,1,81,68,52.88,129.27,1,1016,81/68
1520530388.002467,1,105,82,51.97,11.41,0,1016,105/82
1520530388.052467,1,87,67,50.84,11.54,0,1016,87/67
1520530388.102494,1,94,70,50.91,137.20,1,966,94/70
1520530388.152496,1,102,69,50.74,11.64,0,966,102/69
1520530388.202544,1,110,74,50.05,12.92,0,966,110/74
1520530388.252499,1,123,85,49.53,158.97,1,948,123/85
1520530388.302501,1,121,79,49.06,22.09,0,948,121/79
1520530388.352502,1,120,75,48.75,11.39,0,948,120/75
1520530388.402504,1,121,80,48.63,177.44,1,948,121/80
1520530388.452505,1,134,87,48.15,12.81,0,948,134/87
1520530388.502852,1,154,103,58.73,15.27,0,948,154/103
1520530388.552854,1,151,98,58.66,101.45,1,969,151/98
1520530388.602855,1,189,117,58.70,12.57,0,969,189/117
1520530388.652857,1,174,108,59.00,11.68,0,969,174/108
1520530388.702858,1,188,115,59.51,127.82,1,986,188/115
1520530388.752860,1,199,120,59.85,12.76,0,986,199/120
1520530388.802861,1,179,107,59.82,12.81,0,986,179/107
1520530388.852863,1,170,99,60.01,106.47,1,990,170/99
1520530388.902233,1,111,70,40.16,14.85,0,990,111/70
1520530388.952235,1,123,67,39.96,10.99,0,990,123/67
1520530389.002237,1,128,67,38.95,103.56,1,909,128/67
1520530389.052238,1,120,66,38.20,16.45,0,909,120/66
1520530389.102240,1,149,86,38.06,10.90,0,909,149/86
1520530389.152242,1,153,84,37.47,127.96,1,898,153/84
1520530389.202243,1,161,88,37.23,13.37,0,898,161/88
1520530389.252245,1,151,87,37.11,12.48,0,898,151/87
1520530389.302934,1,149,96,57.91,124.04,1,851,149/96
1520530389.352936,1,155,101,57.83,13.46,0,851,155/101
1520530389.402938,1,145,94,58.00,14.92,0,851,145/94
1520530389.452939,1,149,95,58.15,154.81,1,793,149/95
1520530389.502940,1,136,95,57.83,15.46,0,793,136/95
1520530389.552942,1,164,90,57.18,20.98,0,793,164/90
1520530389.602943,1,203,103,56.67,119.71,1,776,203/103
1520530389.652948,1,171,94,56.41,14.92,0,776,171/94
1520530389.702847,1,161,83,53.76,11.60,0,776,161/83
1520530389.753403,1,151,74,68.80,92.30,1,734,151/74
1520530389.803445,1,156,72,68.52,12.94,0,734,156/72
1520530389.853406,1,151,77,68.87,13.06,0,734,151/77
1520530389.903408,1,145,92,69.73,143.01,1,745,145/92
1520530389.953409,1,300,165,70.60,13.83,0,745,300/165
1520530390.003411,1,234,147,71.88,27.14,0,745,234/147
1520530390.053412,1,300,206,72.79,134.66,1,852,300/206
1520530390.103414,1,236,177,73.73,16.82,0,852,236/177
1520530390.152569,1,184,143,47.59,18.54,0,852,184/143
1520530390.202569,1,201,163,48.19,109.78,1,859,201/163
1520530390.252571,1,210,150,48.42,19.34,0,859,210/150
1520530390.302572,1,183,138,48.24,15.43,0,859,183/138
1520530390.352574,1,193,145,47.98,162.75,1,883,193/145
1520530390.402575,1,180,144,47.43,12.46,0,883,180/144
1520530390.452578,1,208,173,46.84,14.05,0,883,208/173
1520530390.502578,1,216,187,46.42,169.43,1,957,216/187
1520530390.553324,1,282,218,70.54,17.51,0,957,282/218
1520530390.603326,1,232,190,70.54,19.46,0,957,232/190
1520530390.653327,1,232,189,70.81,147.59,1,1025,232/189
1520530390.703329,1,227,183,71.86,17.50,0,1025,227/183
1520530390.753331,1,218,180,72.36,14.91,0,1025,218/180
1520530390.803333,1,228,176,71.81,163.28,1,1075,228/176
1520530390.853334,1,238,183,70.91,20.27,0,1075,238/183
1520530390.903336,1,218,175,69.59,20.28,0,1075,218/175
1520530390.953379,1,220,177,70.20,146.80,1,1081,220/177
1520530391.003381,1,239,183,69.09,17.19,0,1081,239/183
1520530391.053383,1,248,182,68.71,18.14,0,1081,248/182
1520530391.103384,1,260,186,68.26,176.08,1,1101,260/186
1520530391.153385,1,300,211,68.15,14.85,0,1101,300/211
1520530391.203387,1,300,227,67.74,14.69,0,1101,300/227
1520530391.253388,1,300,224,67.60,99.86,1,1150,300/224
1520530391.303389,1,300,216,67.18,15.57,0,1150,300/216
1520530391.352333,1,232,175,37.43,22.54,0,1150,232/175
1520530391.402366,1,231,187,37.23,167.03,1,1185,231/187
1520530391.452336,1,230,187,37.67,19.42,0,1185,230/187
1520530391.502338,1,222,180,37.59,24.50,0,1185,222/180
1520530391.552339,1,211,172,37.85,133.26,1,1196,211/172
1520530391.602341,1,211,175,37.95,11.87,0,1196,211/175
1520530391.652342,1,199,168,37.70,12.89,0,1196,199/168
1520530391.702344,1,230,191,37.27,128.67,1,1224,230/191
1520530391.752424,1,221,185,39.12,15.12,0,1224,221/185
1520530391.802426,1,264,216,38.67,13.58,0,1224,264/216
1520530391.852427,1,275,226,38.37,181.69,1,1266,275/226
1520530391.902428,1,289,236,37.83,16.06,0,1266,289/236
1520530391.952430,1,287,238,37.76,14.73,0,1266,287/238
1520530392.002431,1,278,231,37.66,197.37,1,1282,278/231
1520530392.052433,1,271,224,37.66,14.95,0,1282,271/224
1520530392.102435,1,258,223,37.44,15.51,0,1282,258/223
1520530392.152436,1,243,207,37.12,189.15,1,1315,243/207
1520530392.203142,1,295,246,54.19,18.96,0,1315,295/246
1520530392.253143,1,269,222,53.49,15.39,0,1315,269/222
1520530392.303145,1,295,244,53.58,203.21,1,1419,295/244
1520530392.353147,1,300,246,54.00,15.87,0,1419,300/246
1520530392.403147,1,278,230,54.51,21.56,0,1419,278/230
1520530392.453150,1,286,237,55.08,205.85,1,1438,286/237
1520530392.503151,1,300,240,55.63,16.57,0,1438,300/240
1520530392.553153,1,300,243,56.18,23.22,0,1438,300/243
1520530392.602235,1,167,132,32.59,242.72,1,1468,167/132
1520530392.652236,1,300,211,32.28,17.98,0,1468,300/211
1520530392.702237,1,282,194,32.50,20.07,0,1468,282/194
1520530392.752239,1,230,182,32.19,207.10,1,1524,230/182
1520530392.802241,1,209,174,31.75,31.70,0,1524,209/174
1520530392.852242,1,218,181,31.61,16.54,0,1524,218/181
1520530392.902243,1,212,173,31.63,208.81,1,1564,212/173
1520530392.952245,1,195,161,31.75,17.66,0,1564,195/161
1520530393.002174,1,190,164,29.18,13.81,0,1564,190/164
1520530393.052154,1,199,176,28.44,233.67,1,1612,199/176
1520530393.102155,1,200,179,28.04,16.78,0,1612,200/179
1520530393.152157,1,207,189,27.80,21.77,0,1612,207/189
1520530393.202159,1,232,208,27.14,222.31,1,1659,232/208
1520530393.252160,1,214,191,26.60,13.64,0,1659,214/191
1520530393.302162,1,223,193,26.51,13.00,0,1659,223/193
1520530393.352164,1,300,251,26.27,215.64,1,1731,300/251
1520530393.402921,1,300,272,44.69,19.75,0,1731,300/272
1520530393.452923,1,300,270,44.48,19.43,0,1731,300/270
1520530393.502924,1,300,263,44.53,201.84,1,1789,300/263
1520530393.552926,1,300,269,44.53,13.68,0,1789,300/269
1520530393.602927,1,300,266,45.48,15.72,0,1789,300/266
1520530393.652929,1,300,258,46.61,201.21,1,1825,300/258
1520530393.702931,1,271,233,47.73,17.39,0,1825,271/233
1520530393.752932,1,256,214,47.68,17.89,0,1825,256/214
1520530393.802958,1,263,221,48.07,264.35,1,1867,263/221
1520530393.852959,1,259,217,47.59,19.64,0,1867,259/217
1520530393.902961,1,271,226,47.55,16.28,0,1867,271/226
1520530393.952963,1,300,253,47.22,268.13,1,1921,300/253
1520530394.002964,1,300,255,47.00,15.90,0,1921,300/255
1520530394.052965,1,300,255,46.84,16.74,0,1921,300/255
1520530394.102968,1,300,261,46.55,303.34,1,1926,300/261
1520530394.152969,1,300,267,46.16,18.03,0,1926,300/267
1520530394.202165,1,202,186,26.33,21.95,0,1926,202/186
1520530394.252167,1,199,185,26.13,248.03,1,1849,199/185
1520530394.302169,1,203,190,26.04,12.88,0,1849,203/190
1520530394.352170,1,225,199,26.13,12.95,0,1849,225/199
1520530394.402172,1,243,215,26.06,252.97,1,1843,243/215
1520530394.452173,1,226,211,26.06,14.10,0,1843,226/211
1520530394.502175,1,225,204,26.25,13.14,0,1843,225/204
1520530394.552176,1,234,208,26.61,267.31,1,1829,234/208
1520530394.602189,1,233,204,26.58,14.39,0,1829,233/204
1520530394.652877,1,244,208,47.71,28.07,0,1829,244/208
1520530394.702878,1,242,202,48.94,308.60,1,1790,242/202
1520530394.752879,1,300,244,50.01,21.29,0,1790,300/244
1520530394.802881,1,300,250,51.08,18.15,0,1790,300/250
1520530394.852882,1,300,254,51.82,239.08,1,1782,300/254
1520530394.902885,1,298,259,53.20,15.15,0,1782,298/259
1520530394.952885,1,295,242,53.78,16.56,0,1782,295/242
1520530395.002887,1,287,232,53.54,251.75,1,1774,287/232
1520530395.053731,1,276,209,80.74,21.49,0,1774,276/209
1520530395.103732,1,300,227,81.49,23.36,0,1774,300/227
1520530395.153734,1,300,210,82.19,331.29,1,1781,300/210
1520530395.203735,1,293,218,83.48,16.56,0,1781,293/218
1520530395.253737,1,282,205,84.74,15.31,0,1781,282/205
1520530395.303738,1,300,207,86.37,164.05,1,1782,300/207
1520530395.353740,1,300,204,87.49,15.84,0,1782,300/204
1520530395.403742,1,300,205,88.31,15.43,0,1782,300/205
1520530395.452705,1,289,200,52.65,248.43,1,1784,289/200
1520530395.502707,1,268,194,52.90,22.80,0,1784,268/194
1520530395.552709,1,259,206,52.90,15.34,0,1784,259/206
1520530395.602710,1,258,206,52.59,256.51,1,1743,258/206
1520530395.652712,1,300,239,52.41,15.86,0,1743,300/239
1520530395.702713,1,300,240,52.19,16.35,0,1743,300/240
1520530395.752715,1,293,239,51.60,274.70,1,1772,293/239
1520530395.802716,1,297,240,51.37,15.87,0,1772,297/240
1520530395.853078,1,300,238,63.89,15.34,0,1772,300/238
1520530395.903079,1,300,239,63.66,269.65,1,1750,300/239
1520530395.953081,1,300,244,63.01,15.99,0,1750,300/244
1520530396.003083,1,300,251,62.48,14.15,0,1750,300/251
1520530396.053084,1,300,256,61.73,283.55,1,1719,300/256
1520530396.103085,1,300,264,60.83,15.40,0,1719,300/264
1520530396.153087,1,300,264,60.04,17.58,0,1719,300/264
1520530396.203089,1,300,256,59.90,315.97,1,1718,300/256
1520530396.253235,1,277,242,64.77,17.00,0,1718,277/242
1520530396.303237,1,299,253,64.75,14.65,0,1718,299/253
1520530396.353238,1,300,251,64.52,235.79,1,1740,300/251
1520530396.403240,1,269,235,64.39,15.94,0,1740,269/235
1520530396.453241,1,270,224,64.34,13.51,0,1740,270/224
1520530396.503243,1,294,234,63.87,261.70,1,1673,294/234
1520530396.553244,1,270,200,63.38,22.53,0,1673,270/200
1520530396.603246,1,237,169,62.81,17.34,0,1673,237/169
1520530396.653248,1,223,153,62.15,236.73,1,1641,223/153
1520530396.703145,1,300,194,58.37,13.23,0,1641,300/194
1520530396.753147,1,276,173,57.99,13.96,0,1641,276/173
1520530396.803148,1,266,162,57.61,313.07,1,1634,266/162
1520530396.853149,1,258,156,57.36,14.95,0,1634,258/156
1520530396.903152,1,238,141,57.01,14.16,0,1634,238/141
1520530396.953152,1,227,133,57.37,323.10,1,1568,227/133
1520530397.003155,1,210,110,57.90,15.35,0,1568,210/110
1520530397.053156,1,195,105,58.47,12.16,0,1568,195/105
1520530397.102782,1,173,94,47.85,301.31,1,1511,173/94
1520530397.152784,1,168,90,47.56,16.32,0,1511,168/90
1520530397.202785,1,240,128,47.56,12.92,0,1511,240/128
1520530397.252787,1,203,118,47.33,205.92,1,1497,203/118
1520530397.302788,1,193,123,47.24,17.44,0,1497,193/123
1520530397.352790,1,260,169,47.14,13.61,0,1497,260/169
1520530397.402791,1,272,185,47.30,221.42,1,1478,272/185
1520530397.452793,1,219,169,47.57,21.91,0,1478,219/169
1520530397.502304,1,179,139,33.13,14.63,0,1478,179/139
1520530397.552306,1,180,147,32.95,212.36,1,1421,180/147
1520530397.602308,1,174,147,33.02,17.82,0,1421,174/147
1520530397.652309,1,177,148,32.95,13.28,0,1421,177/148
1520530397.702310,1,198,164,33.33,151.04,1,1396,198/164
1520530397.752312,1,221,170,33.19,14.54,0,1396,221/170
1520530397.802315,1,206,162,33.70,13.78,0,1396,206/162
1520530397.852315,1,215,169,33.59,186.27,1,1382,215/169
1520530397.902585,1,201,152,41.89,14.44,0,1382,201/152
1520530397.952586,1,213,156,41.32,12.17,0,1382,213/156
1520530398.002588,1,238,163,41.15,352.33,1,1366,238/163
1520530398.052589,1,300,212,41.46,17.05,0,1366,300/212
1520530398.102591,1,272,194,41.72,19.00,0,1366,272/194
1520530398.152592,1,291,213,42.12,290.02,1,1399,291/213
1520530398.202594,1,293,223,42.31,16.17,0,1399,293/223
1520530398.252596,1,300,239,42.66,18.04,0,1399,300/239
1520530398.303365,1,287,237,71.02,242.06,1,1425,287/237
1520530398.353367,1,253,210,71.97,17.23,0,1425,253/210
1520530398.403368,1,227,194,73.25,14.76,0,1425,227/194
1520530398.453370,1,230,201,74.85,193.17,1,1433,230/201
1520530398.503371,1,214,192,75.79,15.22,0,1433,214/192
1520530398.553373,1,199,179,76.48,14.34,0,1433,199/179
1520530398.603375,1,198,175,77.15,248.83,1,1402,198/175
1520530398.653376,1,222,189,77.25,19.14,0,1402,222/189
1520530398.703221,1,197,169,70.95,14.38,0,1402,197/169
1520530398.753223,1,193,159,70.07,328.33,1,1406,193/159
1520530398.803225,1,213,168,68.88,13.10,0,1406,213/168
1520530398.853226,1,198,158,68.08,12.22,0,1406,198/158
1520530398.903227,1,192,151,66.83,238.40,1,1390,192/151
1520530398.953229,1,191,144,65.58,13.42,0,1390,191/144
1520530399.003230,1,193,150,64.21,11.18,0,1390,193/150
1520530399.053232,1,185,139,63.47,134.56,1,1363,185/139
1520530399.103233,1,186,146,62.73,11.36,0,1363,186/146
1520530399.152330,1,159,130,33.01,16.11,0,1363,159/130
1520530399.202332,1,149,132,32.60,155.48,1,1371,149/132
1520530399.252333,1,145,131,31.63,12.09,0,1371,145/131
1520530399.302335,1,147,132,31.27,11.81,0,1371,147/132
1520530399.352336,1,152,127,30.90,179.21,1,1346,152/127
1520530399.402342,1,139,119,30.08,14.07,0,1346,139/119
1520530399.452339,1,140,118,29.61,12.04,0,1346,140/118
1520530399.502341,1,128,104,29.19,189.82,1,1318,128/104
1520530399.553006,1,191,153,49.52,11.63,0,1318,191/153
1520530399.603008,1,165,130,49.54,15.77,0,1318,165/130
1520530399.653009,1,197,141,50.17,247.72,1,1345,197/141
1520530399.703011,1,177,127,50.64,14.48,0,1345,177/127
1520530399.753012,1,175,108,51.15,12.95,0,1345,175/108
1520530399.803014,1,165,94,51.70,224.29,1,1319,165/94
1520530399.853016,1,156,87,52.50,15.33,0,1319,156/87
1520530399.903017,1,146,95,53.46,12.88,0,1319,146/95
1520530399.953275,1,149,92,61.78,171.06,1,1290,149/92
1520530400.003276,1,150,94,61.78,12.09,0,1290,150/94
1520530400.053278,1,175,120,61.53,13.35,0,1290,175/120
1520530400.103279,1,155,103,61.12,200.12,1,1293,155/103
1520530400.153281,1,300,202,60.49,14.39,0,1293,300/202
1520530400.203283,1,225,160,59.90,22.45,0,1293,225/160
1520530400.253284,1,266,194,59.51,190.59,1,1353,266/194
1520530400.303286,1,300,216,58.57,17.08,0,1353,300/216
1520530400.352494,1,130,101,35.62,132.87,1,1333,130/101
1520530400.402496,1,197,142,35.35,20.16,0,1333,197/142
1520530400.452498,1,165,118,34.97,15.24,0,1333,165/118
1520530400.502500,1,149,121,34.63,150.64,1,1371,149/121
1520530400.552501,1,136,116,34.00,15.03,0,1371,136/116
1520530400.602502,1,141,126,33.74,21.06,0,1371,141/126
1520530400.652504,1,184,160,32.82,106.72,1,1366,184/160
1520530400.702505,1,179,161,32.44,14.04,0,1366,179/161
1520530400.752291,1,184,164,26.26,15.41,0,1366,184/164
1520530400.802292,1,166,158,25.86,174.08,1,1368,166/158
1520530400.852294,1,208,194,25.26,14.43,0,1368,208/194
1520530400.902295,1,300,253,24.98,21.60,0,1368,300/253
1520530400.952297,1,300,254,25.23,143.84,1,1451,300/254
1520530401.002299,1,295,257,25.51,17.99,0,1451,295/257
1520530401.052300,1,227,198,26.16,19.22,0,1451,227/198
1520530401.102302,1,214,188,25.84,193.75,1,1419,214/188
1520530401.152303,1,262,213,26.13,14.75,0,1419,262/213
1520530401.202755,1,234,194,39.36,15.46,0,1419,234/194
1520530401.252756,1,230,187,39.98,160.14,1,1484,230/187
1520530401.302758,1,210,172,40.49,14.74,0,1484,210/172
1520530401.352759,1,200,166,41.90,15.03,0,1484,200/166
1520530401.402761,1,200,160,42.70,174.26,1,1512,200/160
1520530401.452763,1,185,153,43.53,14.41,0,1512,185/153
1520530401.502764,1,176,134,44.17,15.75,0,1512,176/134
1520530401.552766,1,174,127,45.04,220.30,1,1518,174/127
1520530401.603037,1,152,114,54.45,23.55,0,1518,152/114
1520530401.653039,1,162,120,55.48,24.94,0,1518,162/120
1520530401.703041,1,146,116,56.33,183.94,1,1467,146/116
1520530401.753042,1,147,127,57.33,13.72,0,1467,147/127
1520530401.803044,1,147,125,58.10,13.45,0,1467,147/125
1520530401.853045,1,167,141,59.17,181.53,1,1466,167/141
1520530401.903047,1,150,129,60.79,26.66,0,1466,150/129
1520530401.953048,1,148,131,61.76,27.01,0,1466,148/131
1520530402.002281,1,114,103,33.15,158.63,1,1453,114/103
1520530402.052283,1,116,105,33.20,10.10,0,1453,116/105
1520530402.102285,1,120,100,32.99,10.76,0,1453,120/100
1520530402.152286,1,126,106,32.52,171.40,1,1474,126/106
1520530402.202287,1,124,103,31.82,13.23,0,1474,124/103
1520530402.252289,1,116,96,31.57,14.16,0,1474,116/96
1520530402.302290,1,113,99,30.92,146.33,1,1432,113/99
1520530402.352292,1,105,87,30.59,11.32,0,1432,105/87
1520530402.402567,1,109,84,40.62,10.23,0,1432,109/84
1520530402.452569,1,132,94,40.16,184.30,1,1368,132/94
1520530402.502570,1,109,76,39.56,27.16,0,1368,109/76
1520530402.552572,1,184,136,39.57,26.40,0,1368,184/136
1520530402.602574,1,130,102,39.33,161.86,1,1359,130/102
1520530402.652672,1,125,107,39.72,11.74,0,1359,125/107
1520530402.702577,1,130,112,39.44,12.53,0,1359,130/112
1520530402.752578,1,126,108,39.59,157.89,1,1335,126/108
1520530402.803416,1,122,100,70.88,17.10,0,1335,122/100
1520530402.853417,1,116,93,70.43,12.32,0,1335,116/93
1520530402.903419,1,111,89,69.49,167.24,1,1342,111/89
1520530402.953420,1,106,78,68.51,11.68,0,1342,106/78
1520530403.003422,1,103,80,67.88,10.09,0,1342,103/80
1520530403.053424,1,183,107,67.07,141.53,1,1307,183/107
1520530403.103425,1,300,146,66.06,37.39,0,1307,300/146
1520530403.153427,1,160,114,64.92,20.07,0,1307,160/114
1520530403.202933,1,292,146,49.61,155.69,1,1342,292/146
1520530403.252935,1,217,120,49.89,49.56,0,1342,217/120
1520530403.302936,1,142,114,50.53,104.81,1,1305,142/114
1520530403.352938,1,124,97,50.98,16.67,0,1305,124/97
1520530403.402940,1,168,100,51.54,13.03,0,1305,168/100
1520530403.452941,1,115,87,52.37,160.24,1,1320,115/87
1520530403.502943,1,143,96,52.91,13.99,0,1320,143/96
1520530403.552945,1,120,88,53.99,14.70,0,1320,120/88
1520530403.602946,1,216,133,54.68,151.87,1,1348,216/133
1520530403.652254,1,114,70,29.90,135.51,1,1360,114/70
1520530403.702256,1,100,76,29.61,11.72,0,1360,100/76
1520530403.752257,1,92,79,28.94,14.87,0,1360,92/79
1520530403.802258,1,89,76,28.55,121.40,1,1382,89/76
1520530403.852261,1,131,107,28.37,12.95,0,1382,131/107
1520530403.902261,1,126,98,27.80,12.53,0,1382,126/98
1520530403.952263,1,166,124,27.54,124.69,1,1375,166/124
1520530404.002264,1,126,107,27.58,27.59,0,1375,126/107
1520530404.052744,1,114,104,46.90,12.68,0,1375,114/104
1520530404.102747,1,122,112,46.60,155.63,1,1400,122/112
1520530404.152748,1,134,110,46.31,12.40,0,1400,134/110
1520530404.202749,1,146,127,45.61,12.40,0,1400,146/127
1520530404.252828,1,153,140,45.66,143.50,1,1427,153/140
1520530404.302752,1,152,139,45.77,11.49,0,1427,152/139
1520530404.352753,1,149,128,46.75,10.84,0,1427,149/128
1520530404.402755,1,143,118,47.77,146.20,1,1403,143/118
1520530404.453112,1,143,129,62.99,12.09,0,1403,143/129
1520530404.503114,1,157,139,63.63,11.31,0,1403,157/139
1520530404.553115,1,217,193,64.16,181.80,1,1384,217/193
1520530404.603117,1,206,192,64.54,15.83,0,1384,206/192
1520530404.653119,1,205,190,64.90,13.33,0,1384,205/190
1520530404.703120,1,205,191,65.25,142.43,1,1380,205/191
1520530404.753122,1,201,183,65.48,13.00,0,1380,201/183
1520530404.803123,1,188,174,65.32,13.16,0,1380,188/174
1520530404.852642,1,151,142,46.11,142.77,1,1350,151/142
1520530404.902643,1,147,135,45.80,12.12,0,1350,147/135
1520530404.952645,1,148,138,46.01,11.21,0,1350,148/138
1520530405.002647,1,150,133,45.95,146.35,1,1315,150/133
1520530405.052648,1,136,128,46.01,15.81,0,1315,136/128
1520530405.102650,1,131,117,46.27,10.81,0,1315,131/117
1520530405.152651,1,122,111,46.24,122.16,1,1212,122/111
1520530405.202653,1,113,104,46.25,18.13,0,1212,113/104
1520530405.252327,1,92,85,32.33,18.77,0,1212,92/85
1520530405.302330,1,89,78,31.76,133.34,1,1186,89/78
1520530405.352331,1,89,76,31.92,10.84,0,1186,89/76
1520530405.402333,1,79,67,31.56,10.36,0,1186,79/67
1520530405.452334,1,73,56,31.37,131.89,1,1114,73/56
1520530405.502335,1,87,62,31.21,12.38,0,1114,87/62
1520530405.552337,1,75,51,30.26,10.43,0,1114,75/51
1520530405.602339,1,91,70,29.35,158.54,1,1098,91/70
1520530405.652792,1,65,57,47.38,13.43,0,1098,65/57
1520530405.702792,1,59,49,46.03,12.02,0,1098,59/49
1520530405.752795,1,71,55,44.68,108.84,1,1091,71/55
1520530405.802797,1,168,126,43.97,12.37,0,1091,168/126
1520530405.852855,1,108,88,43.11,26.16,0,1091,108/88
1520530405.902800,1,157,126,42.44,120.41,1,1127,157/126
1520530405.952801,1,168,142,42.15,14.36,0,1127,168/142
1520530406.002802,1,156,133,41.92,14.57,0,1127,156/133
1520530406.052804,1,152,129,42.07,140.86,1,1150,152/129
1520530406.103570,1,185,161,69.98,24.63,0,1150,185/161
1520530406.153571,1,168,148,70.34,23.49,0,1150,168/148
1520530406.203573,1,146,130,70.88,126.48,1,1173,146/130
1520530406.253574,1,123,104,71.82,14.33,0,1173,123/104
1520530406.303576,1,108,100,73.07,13.50,0,1173,108/100
1520530406.353577,1,100,90,73.94,157.38,1,1173,100/90
1520530406.403578,1,96,89,74.33,11.45,0,1173,96/89
1520530406.453581,1,105,90,74.62,10.15,0,1173,105/90
1520530406.503485,1,133,101,71.86,112.69,1,1178,133/101
1520530406.553487,1,137,99,72.93,15.00,0,1178,137/99
1520530406.603489,1,138,99,74.02,21.11,0,1178,138/99
1520530406.653490,1,138,101,75.76,146.06,1,1143,138/101
1520530406.703492,1,104,92,77.03,31.53,0,1143,104/92
1520530406.753493,1,94,85,78.28,22.84,0,1143,94/85
1520530406.803495,1,125,103,79.49,143.50,1,1131,125/103
1520530406.853497,1,96,91,80.28,13.43,0,1131,96/91
1520530406.902692,1,72,67,46.22,130.21,1,1105,72/67
1520530406.952693,1,75,48,46.11,12.71,0,1105,75/48
1520530407.002694,1,66,52,46.17,12.71,0,1105,66/52
1520530407.052696,1,54,38,46.08,95.82,1,1115,54/38
1520530407.102698,1,94,53,45.93,14.22,0,1115,94/53
1520530407.152699,1,77,52,45.40,14.58,0,1115,77/52
1520530407.202701,1,79,63,45.13,154.89,1,1117,79/63
1520530407.252702,1,88,71,43.94,17.48,0,1117,88/71
1520530407.303185,1,115,91,63.22,17.14,0,1117,115/91
1520530407.353185,1,102,83,61.73,164.88,1,1121,102/83
1520530407.403187,1,112,86,60.51,28.23,0,1121,112/86
1520530407.453221,1,171,113,60.01,19.89,0,1121,171/113
1520530407.503190,1,130,112,59.03,144.13,1,1087,130/112
1520530407.553191,1,158,128,58.11,12.44,0,1087,158/128
1520530407.603193,1,145,127,56.79,12.63,0,1087,145/127
1520530407.653194,1,156,133,56.06,143.55,1,1116,156/133
1520530407.703510,1,169,140,66.35,12.29,0,1116,169/140
1520530407.753511,1,187,149,66.05,13.13,0,1116,187/149
1520530407.803513,1,189,143,65.42,113.61,1,1063,189/143
1520530407.853514,1,198,129,65.14,13.65,0,1063,198/129
1520530407.903516,1,202,142,65.23,13.57,0,1063,202/142
1520530407.953518,1,205,151,65.25,127.12,1,1123,205/151
1520530408.003519,1,194,150,64.46,13.19,0,1123,194/150
1520530408.053521,1,214,167,63.25,14.72,0,1123,214/167
1520530408.103522,1,241,184,62.13,179.22,1,1130,241/184
1520530408.153603,1,253,183,63.76,15.22,0,1130,253/183
1520530408.203605,1,221,175,62.93,16.37,0,1130,221/175
1520530408.253606,1,300,232,62.14,133.76,1,1177,300/232
1520530408.303608,1,287,237,61.36,19.37,0,1177,287/237
1520530408.353609,1,300,254,60.29,15.33,0,1177,300/254
1520530408.403612,1,300,259,59.27,103.78,1,1214,300/259
1520530408.453613,1,300,259,58.48,12.99,0,1214,300/259
1520530408.503614,1,300,269,57.50,12.90,0,1214,300/269
1520530408.553374,1,300,270,50.23,111.15,1,1261,300/270
1520530408.603376,1,300,265,49.60,14.13,0,1261,300/265
1520530408.653377,1,300,262,49.13,14.96,0,1261,300/262
1520530408.703379,1,297,259,48.85,100.84,1,1217,297/259
1520530408.753380,1,300,269,48.54,18.72,0,1217,300/269
1520530408.803382,1,300,267,48.58,17.48,0,1217,300/267
1520530408.853383,1,300,261,48.20,115.93,1,1216,300/261
1520530408.903385,1,300,263,47.78,15.82,0,1216,300/263
1520530408.952878,1,276,233,34.63,22.20,0,1216,276/233
1520530409.002880,1,300,239,34.55,139.15,1,1298,300/239
1520530409.052890,1,292,227,34.54,14.16,0,1298,292/227
1520530409.102883,1,270,209,34.58,19.50,0,1298,270/209
1520530409.152884,1,254,191,34.98,177.42,1,1317,254/191
1520530409.202886,1,231,173,35.72,17.79,0,1317,231/173
1520530409.252887,1,236,170,35.96,15.92,0,1317,236/170
1520530409.302889,1,245,180,36.99,156.24,1,1356,245/180
1520530409.352902,1,218,168,38.11,32.50,0,1356,218/168
1520530409.402904,1,187,148,38.50,15.07,0,1356,187/148
1520530409.452906,1,180,148,38.54,183.39,1,1386,180/148
1520530409.502907,1,300,221,39.21,14.07,0,1386,300/221
1520530409.552909,1,220,185,39.92,17.63,0,1386,220/185
1520530409.602910,1,205,173,40.77,218.34,1,1428,205/173
1520530409.652912,1,220,180,41.61,14.26,0,1428,220/180
1520530409.702913,1,208,164,42.30,14.46,0,1428,208/164
1520530409.752654,1,194,149,33.91,160.81,1,1422,194/149
1520530409.802656,1,195,144,34.61,14.95,0,1422,195/144
1520530409.852657,1,187,141,34.80,13.25,0,1422,187/141
1520530409.902659,1,186,140,34.65,197.34,1,1458,186/140
1520530409.952660,1,182,133,33.50,16.06,0,1458,182/133
1520530410.002662,1,166,133,33.05,19.26,0,1458,166/133
1520530410.052664,1,184,152,33.05,121.67,1,1461,184/152
1520530410.102666,1,205,176,33.19,15.72,0,1461,205/176
1520530410.153222,1,200,169,53.32,22.45,0,1461,200/169
1520530410.203225,1,189,158,53.52,143.43,1,1425,189/158
1520530410.253226,1,178,161,53.58,15.47,0,1425,178/161
1520530410.303227,1,174,154,53.42,13.38,0,1425,174/154
1520530410.353231,1,166,149,53.14,211.50,1,1401,166/149
1520530410.403230,1,222,194,53.16,15.41,0,1401,222/194
1520530410.453231,1,217,189,53.45,14.85,0,1401,217/189
1520530410.503232,1,226,196,53.85,128.49,1,1416,226/196
1520530410.553234,1,202,183,54.57,14.32,0,1416,202/183
1520530410.603875,1,199,175,78.95,13.26,0,1416,199/175
1520530410.653876,1,183,162,80.37,188.19,1,1416,183/162
1520530410.703878,1,185,161,81.45,13.47,0,1416,185/161
1520530410.753879,1,229,195,82.02,13.46,0,1416,229/195
1520530410.803881,1,222,190,82.48,175.58,1,1403,222/190
1520530410.853882,1,218,189,83.02,13.71,0,1403,218/189
1520530410.903884,1,225,189,83.67,13.13,0,1403,225/189
1520530410.953885,1,217,187,83.94,171.94,1,1391,217/187
1520530411.003418,1,173,152,66.50,27.06,0,1391,173/152
1520530411.053420,1,270,213,66.48,15.08,0,1391,270/213
1520530411.103421,1,237,191,66.31,190.66,1,1432,237/191
1520530411.153423,1,287,222,65.94,15.78,0,1432,287/222
1520530411.203424,1,295,230,65.49,14.11,0,1432,295/230
1520530411.253426,1,258,208,64.76,196.22,1,1467,258/208
1520530411.303427,1,246,201,63.53,16.44,0,1467,246/201
1520530411.353429,1,300,231,62.57,17.17,0,1467,300/231
1520530411.403009,1,238,190,46.29,233.44,1,1463,238/190
1520530411.453010,1,220,189,45.67,12.08,0,1463,220/189
1520530411.503012,1,226,192,45.37,14.46,0,1463,226/192
1520530411.553013,1,211,187,45.05,195.05,1,1453,211/187
1520530411.603015,1,211,189,45.08,15.37,0,1453,211/189
1520530411.653017,1,204,179,44.91,13.74,0,1453,204/179
1520530411.703018,1,208,180,44.54,150.00,1,1420,208/180
1520530411.753020,1,230,193,43.90,14.77,0,1420,230/193
1520530411.802906,1,223,171,39.83,16.81,0,1420,223/171
1520530411.852907,1,224,160,39.80,234.76,1,1405,224/160
1520530411.902908,1,241,166,39.57,14.97,0,1405,241/166
1520530411.952911,1,219,152,39.18,12.77,0,1405,219/152
1520530412.002912,1,209,155,38.45,210.61,1,1400,209/155
1520530412.052913,1,239,173,38.19,24.61,0,1400,239/173
1520530412.102915,1,197,145,38.50,14.34,0,1400,197/145
1520530412.152916,1,197,149,38.32,202.40,1,1390,197/149
1520530412.203416,1,210,163,55.44,18.90,0,1390,210/163
1520530412.253417,1,190,153,55.34,15.91,0,1390,190/153
1520530412.303419,1,185,146,54.78,172.11,1,1383,185/146
1520530412.353420,1,180,151,53.88,11.77,0,1383,180/151
1520530412.403422,1,291,244,53.09,13.48,0,1383,291/244
1520530412.453423,1,254,221,51.65,201.95,1,1372,254/221
1520530412.503425,1,234,207,50.30,19.45,0,1372,234/207
1520530412.553426,1,220,179,49.50,15.96,0,1372,220/179
1520530412.603428,1,201,175,48.92,143.78,1,1340,201/175
1520530412.653630,1,194,171,54.18,16.04,0,1340,194/171
1520530412.703631,1,209,180,53.92,16.80,0,1340,209/180
1520530412.753633,1,210,178,53.76,199.96,1,1327,210/178
1520530412.803634,1,300,229,53.62,18.58,0,1327,300/229
1520530412.853636,1,300,230,53.66,21.44,0,1327,300/230
1520530412.903637,1,300,230,53.51,191.65,1,1388,300/230
1520530412.953639,1,300,229,53.49,15.35,0,1388,300/229
1520530413.003641,1,279,210,53.63,18.37,0,1388,279/210
1520530413.053009,1,246,172,37.01,229.98,1,1434,246/172
1520530413.103011,1,278,190,37.64,16.67,0,1434,278/190
1520530413.153012,1,254,185,38.52,30.48,0,1434,254/185
1520530413.203014,1,203,159,39.36,194.99,1,1394,203/159
1520530413.253016,1,198,159,40.64,16.55,0,1394,198/159
1520530413.303017,1,195,156,41.65,13.11,0,1394,195/156
1520530413.353019,1,182,139,42.50,136.58,1,1396,182/139
1520530413.403021,1,203,161,43.14,15.25,0,1396,203/161
1520530413.452940,1,190,148,40.42,13.55,0,1396,190/148
1520530413.502941,1,189,144,41.07,194.36,1,1377,189/144
1520530413.552943,1,210,151,41.19,14.65,0,1377,210/151
1520530413.602944,1,205,151,41.09,17.72,0,1377,205/151
1520530413.652946,1,192,144,40.34,214.14,1,1377,192/144
1520530413.702947,1,185,137,39.12,12.26,0,1377,185/137
1520530413.752949,1,182,138,38.84,11.59,0,1377,182/138
1520530413.802951,1,179,137,39.32,177.23,1,1336,179/137
1520530413.853107,1,181,141,45.47,12.52,0,1336,181/141
1520530413.903189,1,187,144,46.03,12.17,0,1336,187/144
1520530413.953110,1,220,164,46.55,121.43,1,1340,220/164
1520530414.003112,1,195,156,46.70,22.61,0,1340,195/156
1520530414.053113,1,199,163,46.29,23.31,0,1340,199/163
1520530414.103115,1,194,160,46.25,171.54,1,1342,194/160
1520530414.153116,1,198,158,45.93,12.99,0,1342,198/158
1520530414.203118,1,187,153,45.45,12.96,0,1342,187/153
1520530414.252894,1,170,143,37.66,167.57,1,1334,170/143
1520530414.302895,1,184,147,37.25,11.78,0,1334,184/147
1520530414.352898,1,190,150,36.89,12.22,0,1334,190/150
1520530414.402899,1,193,151,36.56,148.51,1,1306,193/151
1520530414.452900,1,197,155,36.29,11.46,0,1306,197/155
1520530414.502902,1,197,157,35.49,11.40,0,1306,197/157
1520530414.552903,1,196,163,35.21,156.96,1,1288,196/163
1520530414.602905,1,201,168,34.94,17.24,0,1288,201/168
1520530414.652705,1,194,161,28.01,15.24,0,1288,194/161
1520530414.702707,1,195,160,28.05,209.09,1,1231,195/160
1520530414.752708,1,196,162,28.00,13.22,0,1231,196/162
1520530414.802710,1,190,153,28.41,16.39,0,1231,190/153
1520530414.852712,1,167,150,28.75,184.05,1,1230,167/150
1520530414.902714,1,157,144,28.81,12.01,0,1230,157/144
1520530414.952715,1,162,142,28.95,11.41,0,1230,162/142
1520530415.002717,1,155,133,28.77,113.15,1,1212,155/133
1520530415.052718,1,151,123,28.72,10.97,0,1212,151/123
1520530415.103195,1,165,132,43.61,16.83,0,1212,165/132
1520530415.153197,1,170,135,43.49,129.03,1,1238,170/135
1520530415.203199,1,171,131,43.77,11.09,0,1238,171/131
1520530415.253200,1,223,160,43.64,13.33,0,1238,223/160
1520530415.303202,1,232,164,43.61,210.82,1,1243,232/164
1520530415.353203,1,212,155,43.87,14.69,0,1243,212/155
1520530415.403205,1,300,197,43.54,13.38,0,1243,300/197
1520530415.453206,1,300,198,43.46,126.99,1,1252,300/198
1520530415.503115,1,267,192,38.83,18.90,0,1252,267/192
1520530415.553069,1,252,181,38.55,22.64,0,1252,252/181
1520530415.603071,1,300,202,38.67,162.57,1,1252,300/202
1520530415.653072,1,271,181,38.31,19.04,0,1252,271/181
1520530415.703074,1,277,171,38.30,18.35,0,1252,277/171
1520530415.753075,1,300,179,38.05,256.50,1,1270,300/179
1520530415.803077,1,281,170,37.51,16.58,0,1270,281/170
1520530415.853079,1,266,164,37.50,16.09,0,1270,266/164
1520530415.903361,1,210,130,45.72,280.99,1,1261,210/130
1520530415.953363,1,204,128,45.56,13.95,0,1261,204/128
1520530416.003364,1,202,123,45.51,15.41,0,1261,202/123
1520530416.053366,1,204,119,45.56,246.22,1,1226,204/119
1520530416.103368,1,213,121,45.69,12.29,0,1226,213/121
1520530416.153369,1,220,119,46.10,13.91,0,1226,220/119
1520530416.203371,1,224,120,46.47,219.40,1,1209,224/120
1520530416.253372,1,225,119,46.54,15.48,0,1209,225/119
1520530416.303375,1,300,138,46.81,22.89,0,1209,300/138
1520530416.353376,1,294,132,46.77,237.36,1,1181,294/132
1520530416.403378,1,292,135,46.91,14.08,0,1181,292/135
1520530416.453380,1,286,141,47.45,14.63,0,1181,286/141
1520530416.503381,1,279,145,47.68,214.07,1,1179,279/145
1520530416.553383,1,263,145,47.81,17.51,0,1179,263/145
1520530416.603384,1,272,158,47.82,19.18,0,1179,272/158
1520530416.653386,1,242,154,48.04,202.76,1,1082,242/154
1520530416.703272,1,220,155,44.72,16.86,0,1082,220/155
1520530416.753274,1,220,158,44.81,13.20,0,1082,220/158
1520530416.803277,1,217,169,44.81,223.01,1,1084,217/169
1520530416.853277,1,216,179,44.95,19.33,0,1084,216/179
1520530416.903278,1,253,205,44.81,16.03,0,1084,253/205
1520530416.953280,1,254,206,44.87,249.51,1,1092,254/206
1520530417.003283,1,248,205,44.76,16.52,0,1092,248/205
1520530417.053283,1,288,231,45.32,21.43,0,1092,288/231
1520530417.103391,1,257,208,48.24,241.83,1,1036,257/208
1520530417.153371,1,256,206,48.46,14.25,0,1036,256/206
1520530417.203373,1,268,206,48.89,13.15,0,1036,268/206
1520530417.253374,1,277,203,49.49,251.17,1,995,277/203
1520530417.303376,1,276,205,49.43,14.91,0,995,276/205
1520530417.353378,1,296,222,49.61,14.77,0,995,296/222
1520530417.403379,1,300,226,49.63,242.81,1,975,300/226
1520530417.453381,1,300,224,49.50,15.39,0,975,300/224
1520530417.503382,1,300,226,49.48,14.93,0,975,300/226
1520530417.553464,1,299,219,52.30,210.58,1,949,299/219
1520530417.603466,1,288,215,52.14,15.93,0,949,288/215
1520530417.653467,1,281,216,51.84,22.45,0,949,281/216
1520530417.703468,1,272,209,51.66,219.50,1,923,272/209
1520530417.753470,1,263,214,51.48,24.32,0,923,263/214
1520530417.803472,1,256,210,51.38,24.56,0,923,256/210
1520530417.853473,1,250,207,51.44,235.82,1,904,250/207
1520530417.903476,1,250,204,51.02,19.92,0,904,250/204
1520530417.953456,1,247,205,49.99,14.50,0,904,247/205
1520530418.003458,1,236,204,50.16,228.04,1,902,236/204
1520530418.053458,1,219,187,50.06,15.70,0,902,219/187
1520530418.103461,1,237,200,49.69,17.23,0,902,237/200
1520530418.153462,1,262,219,49.84,241.08,1,915,262/219
1520530418.203465,1,240,206,49.83,15.30,0,915,240/206
1520530418.253466,1,227,192,49.88,14.20,0,915,227/192
1520530418.303468,1,300,238,49.59,198.34,1,958,300/238
1520530418.353431,1,300,234,48.70,23.32,0,958,300/234
1520530418.403432,1,287,229,48.62,28.40,0,958,287/229
1520530418.453434,1,291,229,48.68,206.89,1,986,291/229
1520530418.503435,1,285,225,48.51,19.53,0,986,285/225
1520530418.553437,1,295,230,48.54,20.78,0,986,295/230
1520530418.603439,1,300,228,48.22,193.54,1,1001,300/228
1520530418.653440,1,300,228,48.22,21.90,0,1001,300/228
1520530418.703442,1,274,212,48.16,22.63,0,1001,274/212
1520530418.753343,1,261,203,44.98,323.03,1,1005,261/203
1520530418.803345,1,242,193,44.95,25.68,0,1005,242/193
1520530418.853346,1,252,207,44.94,20.79,0,1005,252/207
1520530418.903348,1,246,213,44.78,260.50,1,1030,246/213
1520530418.953350,1,218,199,44.98,14.02,0,1030,218/199
1520530419.003351,1,208,189,44.84,12.91,0,1030,208/189
1520530419.053353,1,219,192,45.03,188.66,1,1051,219/192
1520530419.103354,1,215,192,45.47,17.59,0,1051,215/192
1520530419.153533,1,219,193,51.51,13.05,0,1051,219/193
1520530419.203534,1,229,197,51.93,187.79,1,1091,229/197
1520530419.253536,1,226,191,52.09,13.87,0,1091,226/191
1520530419.303537,1,243,205,52.13,13.16,0,1091,243/205
1520530419.353539,1,244,203,52.33,211.24,1,1086,244/203
1520530419.403541,1,236,191,51.90,13.02,0,1086,236/191
1520530419.453542,1,263,218,51.84,12.45,0,1086,263/218
1520530419.503544,1,300,242,51.64,155.37,1,1105,300/242
1520530419.553545,1,300,237,51.87,14.77,0,1105,300/237
1520530419.603729,1,300,238,57.59,23.26,0,1105,300/238
1520530419.653731,1,300,241,57.50,148.69,1,1077,300/241
1520530419.703733,1,296,246,57.26,14.34,0,1077,296/246
1520530419.753734,1,282,234,57.43,14.38,0,1077,282/234
1520530419.803736,1,258,218,57.72,137.43,1,1058,258/218
1520530419.853739,1,259,220,57.19,13.85,0,1058,259/220
1520530419.903739,1,251,215,56.88,13.84,0,1058,251/215
1520530419.953740,1,272,235,56.43,161.36,1,1084,272/235
1520530420.003597,1,242,204,51.40,14.44,0,1084,242/204
1520530420.053598,1,235,212,50.72,15.01,0,1084,235/212
1520530420.103600,1,229,202,49.99,249.67,1,1101,229/202
1520530420.153602,1,223,192,49.37,14.76,0,1101,223/192
1520530420.203604,1,209,183,49.35,27.98,0,1101,209/183
1520530420.253605,1,218,186,49.68,163.82,1,1129,218/186
1520530420.303607,1,202,174,50.05,13.87,0,1129,202/174
1520530420.353608,1,196,171,50.39,11.74,0,1129,196/171
1520530420.403699,1,193,168,53.14,205.94,1,1135,193/168
1520530420.453700,1,195,168,53.39,14.46,0,1135,195/168
1520530420.503702,1,192,168,53.42,21.51,0,1135,192/168
1520530420.553704,1,190,160,53.24,208.86,1,1101,190/160
1520530420.603705,1,219,181,53.54,12.37,0,1101,219/181
1520530420.653707,1,256,206,53.54,20.52,0,1101,256/206
1520530420.703708,1,261,213,53.57,157.92,1,1158,261/213
1520530420.753710,1,249,207,53.58,14.60,0,1158,249/207
1520530420.803356,1,196,165,42.59,13.41,0,1158,196/165
1520530420.853358,1,190,162,42.69,206.68,1,1168,190/162
1520530420.903359,1,179,153,42.20,11.99,0,1168,179/153
1520530420.953361,1,170,149,41.93,14.67,0,1168,170/149
1520530421.003363,1,165,149,41.59,139.76,1,1152,165/149
1520530421.053364,1,175,158,41.03,12.79,0,1152,175/158
1520530421.103366,1,176,163,40.42,12.78,0,1152,176/163
1520530421.153367,1,171,161,40.01,170.95,1,1120,171/161
1520530421.203429,1,172,160,41.30,11.96,0,1120,172/160
1520530421.253431,1,182,163,41.11,15.93,0,1120,182/163
1520530421.303432,1,194,178,41.11,167.46,1,1110,194/178
1520530421.353434,1,195,173,40.97,21.96,0,1110,195/173
1520530421.403435,1,208,177,41.60,15.80,0,1110,208/177
1520530421.453437,1,208,171,41.97,192.49,1,1118,208/171
1520530421.503439,1,230,196,42.53,15.87,0,1118,230/196
1520530421.553440,1,222,192,43.36,12.97,0,1118,222/192
1520530421.603611,1,221,190,48.79,260.75,1,1145,221/190
1520530421.653613,1,224,187,49.15,12.61,0,1145,224/187
1520530421.703614,1,231,193,49.45,13.50,0,1145,231/193
1520530421.753616,1,243,196,49.34,196.76,1,1163,243/196
1520530421.803617,1,245,205,49.13,12.65,0,1163,245/205
1520530421.853618,1,300,239,48.96,12.76,0,1163,300/239
1520530421.903620,1,300,238,48.80,224.05,1,1204,300/238
1520530421.953693,1,286,232,48.50,16.63,0,1204,286/232
1520530422.003623,1,282,229,47.97,22.77,0,1204,282/229
1520530422.053472,1,260,222,43.30,154.78,1,1214,260/222
1520530422.103474,1,251,216,42.82,22.17,0,1214,251/216
1520530422.153476,1,254,217,42.38,18.52,0,1214,254/217
1520530422.203477,1,266,221,42.12,217.72,1,1229,266/221
1520530422.253479,1,250,212,41.43,20.86,0,1229,250/212
1520530422.303480,1,235,204,41.04,13.01,0,1229,235/204
1520530422.353482,1,237,202,40.54,155.45,1,1215,237/202
1520530422.403483,1,222,194,39.56,12.36,0,1215,222/194
1520530422.453394,1,221,196,36.66,13.03,0,1215,221/196
1520530422.503396,1,222,195,35.82,210.19,1,1200,222/195
1520530422.553397,1,221,193,35.88,18.04,0,1200,221/193
1520530422.603400,1,230,210,36.14,14.77,0,1200,230/210
1520530422.653401,1,214,202,36.88,127.06,1,1210,214/202
1520530422.703403,1,247,225,37.32,13.60,0,1210,247/225
1520530422.753404,1,229,213,38.07,16.02,0,1210,229/213
1520530422.803406,1,223,203,38.62,169.09,1,1226,223/203
1520530422.853580,1,214,191,44.01,13.80,0,1226,214/191
1520530422.903583,1,215,191,44.16,16.21,0,1226,215/191
1520530422.953585,1,295,238,44.36,187.42,1,1290,295/238
1520530423.003587,1,293,245,43.82,19.31,0,1290,293/245
1520530423.053587,1,265,233,43.61,18.37,0,1290,265/233
1520530423.103590,1,279,241,43.27,260.92,1,1291,279/241
1520530423.153590,1,290,251,42.97,14.06,0,1291,290/251
1520530423.203592,1,264,230,42.86,18.21,0,1291,264/230
1520530423.253316,1,188,161,35.19,233.24,1,1281,188/161
1520530423.303317,1,234,190,34.96,13.21,0,1281,234/190
1520530423.353319,1,220,184,34.98,15.82,0,1281,220/184
1520530423.403322,1,225,186,35.09,196.76,1,1277,225/186
1520530423.453322,1,287,223,35.22,13.27,0,1277,287/223
1520530423.503324,1,300,238,35.04,15.88,0,1277,300/238
1520530423.553359,1,292,241,35.12,228.51,1,1306,292/241
1520530423.603327,1,242,210,35.12,16.83,0,1306,242/210
1520530423.652983,1,166,145,26.21,183.17,1,1228,166/145
1520530423.702985,1,171,156,26.22,12.56,0,1228,171/156
1520530423.752986,1,192,169,25.69,11.55,0,1228,192/169
1520530423.802988,1,212,185,25.68,139.69,1,1294,212/185
1520530423.852990,1,204,179,25.46,17.84,0,1294,204/179
1520530423.902991,1,208,180,25.12,11.71,0,1294,208/180
1520530423.952993,1,206,183,24.81,171.41,1,1297,206/183
1520530424.002995,1,201,176,24.79,15.87,0,1297,201/176
1520530424.052950,1,191,166,24.04,15.07,0,1297,191/166
1520530424.103253,1,195,171,33.17,177.76,1,1313,195/171
1520530424.153255,1,195,172,33.15,15.84,0,1313,195/172
1520530424.203257,1,221,186,33.10,20.24,0,1313,221/186
1520530424.253258,1,235,196,33.28,258.94,1,1306,235/196
1520530424.303260,1,236,201,33.45,15.96,0,1306,236/201
1520530424.353261,1,237,206,33.63,16.36,0,1306,237/206
1520530424.403263,1,222,191,33.93,229.39,1,1305,222/191
1520530424.453264,1,226,197,33.48,12.53,0,1305,226/197
1520530424.504722,1,244,215,75.84,14.10,0,1305,244/215
1520530424.554724,1,257,230,75.85,207.51,1,1353,257/230
1520530424.604726,1,285,256,75.78,19.21,0,1353,285/256
1520530424.654727,1,287,260,75.50,16.08,0,1353,287/260
1520530424.704729,1,297,266,75.41,206.09,1,1371,297/266
1520530424.754730,1,300,270,75.43,12.83,0,1371,300/270
1520530424.804732,1,300,271,75.83,13.35,0,1371,300/271
1520530424.854733,1,300,269,76.68,245.94,1,1343,300/269
1520530424.903374,1,206,184,39.17,17.12,0,1343,206/184
1520530424.953377,1,238,212,39.69,12.07,0,1343,238/212
1520530425.003378,1,240,217,39.20,244.85,1,1388,240/217
1520530425.053379,1,243,220,38.94,15.08,0,1388,243/220
1520530425.103381,1,258,225,38.75,21.89,0,1388,258/225
1520530425.153383,1,251,219,38.77,304.73,1,1407,251/219
1520530425.203384,1,292,237,38.59,15.53,0,1407,292/237
1520530425.253385,1,276,226,38.17,17.16,0,1407,276/226
1520530425.303732,1,248,212,48.11,220.24,1,1406,248/212
1520530425.353734,1,249,210,47.82,12.75,0,1406,249/210
1520530425.403735,1,250,207,47.50,15.24,0,1406,250/207
1520530425.453737,1,252,204,47.64,144.83,1,1388,252/204
1520530425.503738,1,300,237,47.44,16.17,0,1388,300/237
1520530425.553740,1,285,238,47.91,17.77,0,1388,285/238
1520530425.603741,1,269,225,48.76,203.14,1,1369,269/225
1520530425.653743,1,258,225,49.48,16.43,0,1369,258/225
1520530425.703675,1,251,228,48.58,21.78,0,1369,251/228
1520530425.753677,1,282,250,49.03,275.11,1,1361,282/250
1520530425.803679,1,290,241,49.56,14.56,0,1361,290/241
1520530425.853680,1,285,217,50.81,15.96,0,1361,285/217
1520530425.903682,1,284,197,51.20,198.48,1,1369,284/197
1520530425.953682,1,296,201,51.54,18.49,0,1369,296/201
1520530426.003685,1,299,201,52.04,14.66,0,1369,299/201
1520530426.053685,1,300,204,51.91,223.31,1,1350,300/204
1520530426.103474,1,279,200,44.63,16.82,0,1350,279/200
1520530426.153475,1,279,216,44.07,15.23,0,1350,279/216
1520530426.203478,1,270,226,42.76,217.78,1,1351,270/226
1520530426.253478,1,264,227,41.59,18.86,0,1351,264/227
1520530426.303480,1,293,248,41.14,13.87,0,1351,293/248
1520530426.353482,1,262,228,41.22,202.77,1,1362,262/228
1520530426.403483,1,267,210,41.16,16.95,0,1362,267/210
1520530426.453484,1,249,182,40.88,22.16,0,1362,249/182
1520530426.503486,1,239,155,40.77,239.21,1,1393,239/155
1520530426.553551,1,243,148,42.04,13.01,0,1393,243/148
1520530426.603553,1,243,150,42.16,16.11,0,1393,243/150
1520530426.653554,1,242,162,42.25,182.38,1,1309,242/162
1520530426.703556,1,268,192,43.04,16.88,0,1309,268/192
1520530426.753558,1,249,201,43.06,15.09,0,1309,249/201
1520530426.803559,1,272,225,43.26,273.24,1,1315,272/225
1520530426.853560,1,269,225,43.30,14.00,0,1315,269/225
1520530426.903562,1,269,218,43.94,13.09,0,1315,269/218
1520530426.953598,1,272,207,45.73,257.68,1,1308,272/207
1520530427.003600,1,275,190,46.70,17.35,0,1308,275/190
1520530427.053602,1,284,189,47.25,17.84,0,1308,284/189
1520530427.103602,1,271,165,47.86,258.98,1,1269,271/165
1520530427.153605,1,280,153,48.32,13.90,0,1269,280/153
1520530427.203605,1,277,155,48.47,13.03,0,1269,277/155
1520530427.253608,1,261,154,49.20,257.89,1,1274,261/154
1520530427.303609,1,277,172,49.46,21.10,0,1274,277/172
1520530427.353592,1,250,164,49.02,19.36,0,1274,250/164
1520530427.403594,1,215,157,49.50,223.80,1,1252,215/157
1520530427.453595,1,211,157,49.90,14.85,0,1252,211/157
1520530427.503597,1,209,156,50.39,17.44,0,1252,209/156
1520530427.553598,1,205,155,50.44,177.96,1,1208,205/155
1520530427.603601,1,208,156,50.58,10.91,0,1208,208/156
1520530427.653601,1,223,170,50.38,12.27,0,1208,223/170
1520530427.703604,1,281,218,49.97,144.54,1,1199,281/218
1520530427.753678,1,266,214,52.17,22.96,0,1199,266/214
1520530427.803679,1,264,211,51.58,22.97,0,1199,264/211
1520530427.853681,1,268,218,51.25,294.90,1,1182,268/218
1520530427.903682,1,266,207,51.19,13.31,0,1182,266/207
1520530427.953684,1,243,189,50.61,14.87,0,1182,243/189
1520530428.003686,1,221,163,50.12,187.90,1,1141,221/163
1520530428.053687,1,209,150,49.87,12.26,0,1141,209/150
1520530428.103692,1,190,148,48.68,13.84,0,1141,190/148
1520530428.153535,1,169,135,42.97,203.27,1,1154,169/135
1520530428.203537,1,166,131,41.82,19.78,0,1154,166/131
1520530428.253538,1,168,129,41.11,14.63,0,1154,168/129
1520530428.303540,1,146,93,40.53,158.16,1,1149,146/93
1520530428.353542,1,149,87,40.08,19.49,0,1149,149/87
1520530428.403618,1,131,70,40.58,11.70,0,1149,131/70
1520530428.453544,1,129,68,41.32,203.59,1,1130,129/68
1520530428.503546,1,136,70,42.29,11.18,0,1130,136/70
1520530428.553451,1,119,70,39.24,11.32,0,1130,119/70
1520530428.603452,1,110,73,39.73,191.16,1,1151,110/73
1520530428.653454,1,100,73,40.26,11.52,0,1151,100/73
1520530428.703455,1,92,70,40.92,10.78,0,1151,92/70
1520530428.753457,1,86,68,41.59,105.61,1,1066,86/68
1520530428.803458,1,80,68,42.41,9.28,0,1066,80/68
1520530428.853460,1,70,63,42.74,10.95,0,1066,70/63
1520530428.903461,1,79,66,43.15,97.11,1,1002,79/66
1520530428.953463,1,79,64,43.96,19.58,0,1002,79/64
1520530429.003444,1,75,63,43.24,12.64,0,1002,75/63
1520530429.053445,1,70,59,43.61,117.94,1,1001,70/59
1520530429.103447,1,62,52,43.84,9.63,0,1001,62/52
1520530429.153448,1,71,62,44.83,12.09,0,1001,71/62
1520530429.203450,1,66,60,44.76,104.77,1,940,66/60
1520530429.253451,1,66,62,45.39,9.87,0,940,66/62
1520530429.303453,1,82,67,45.81,9.67,0,940,82/67
1520530429.353455,1,118,83,46.05,93.96,1,962,118/83
1520530429.403551,1,92,68,49.82,15.04,0,962,92/68
1520530429.453553,1,95,79,49.61,24.44,0,962,95/79
1520530429.503555,1,146,114,49.58,90.61,1,1015,146/114
1520530429.553556,1,129,114,49.81,13.13,0,1015,129/114
1520530429.603558,1,134,117,49.34,15.86,0,1015,134/117
1520530429.653558,1,124,113,49.20,99.69,1,1029,124/113
1520530429.703560,1,167,141,49.15,11.86,0,1029,167/141
1520530429.753561,1,147,137,49.00,15.80,0,1029,147/137
1520530429.803622,1,154,141,50.58,103.06,1,1042,154/141
1520530429.853626,1,160,146,50.29,14.98,0,1042,160/146
1520530429.903625,1,163,153,50.11,11.36,0,1042,163/153
1520530429.953626,1,167,152,49.45,108.01,1,1023,167/152
1520530430.003663,1,168,155,49.00,21.27,0,1023,168/155
1520530430.053629,1,183,160,48.44,23.11,0,1023,183/160
1520530430.103631,1,181,159,47.72,93.81,1,996,181/159
1520530430.153632,1,193,143,46.81,10.75,0,996,193/143
1520530430.203344,1,166,112,36.57,11.96,0,996,166/112
1520530430.253346,1,156,109,36.39,92.77,1,990,156/109
1520530430.303347,1,148,106,36.13,10.93,0,990,148/106
1520530430.353349,1,145,107,35.63,11.98,0,990,145/107
1520530430.403350,1,166,118,34.50,129.19,1,1007,166/118
1520530430.453352,1,232,170,33.46,12.01,0,1007,232/170
1520530430.503353,1,204,167,33.01,11.41,0,1007,204/167
1520530430.553355,1,195,163,31.90,84.87,1,1042,195/163
1520530430.603527,1,180,161,36.06,12.47,0,1042,180/161
1520530430.653528,1,208,183,35.01,15.02,0,1042,208/183
1520530430.703530,1,230,204,34.39,120.11,1,1097,230/204
1520530430.753532,1,213,187,33.84,16.01,0,1097,213/187
1520530430.803533,1,300,248,33.22,15.97,0,1097,300/248
1520530430.853534,1,250,217,33.16,133.68,1,1133,250/217
1520530430.903536,1,230,205,33.13,13.01,0,1133,230/205
1520530430.953538,1,218,188,33.90,12.46,0,1133,218/188
1520530431.003696,1,214,178,38.71,98.52,1,1084,214/178
1520530431.053698,1,205,166,39.05,20.21,0,1084,205/166
1520530431.103700,1,194,153,39.20,13.38,0,1084,194/153
1520530431.153701,1,200,147,39.76,110.81,1,1063,200/147
1520530431.203703,1,180,133,41.22,11.75,0,1063,180/133
1520530431.253704,1,159,123,42.57,12.12,0,1063,159/123
1520530431.303706,1,138,102,43.31,89.91,1,1034,138/102
1520530431.353708,1,129,84,44.00,15.16,0,1034,129/84
1520530431.403709,1,112,68,45.00,15.03,0,1034,112/68
1520530431.453562,1,95,63,40.87,112.30,1,1025,95/63
1520530431.503564,1,76,63,41.49,26.55,0,1025,76/63
1520530431.553565,1,82,57,42.53,10.72,0,1025,82/57
1520530431.603567,1,74,59,42.78,126.77,1,1022,74/59
1520530431.653568,1,66,52,43.83,10.53,0,1022,66/52
1520530431.703570,1,68,51,44.46,8.98,0,1022,68/51
1520530431.753571,1,77,62,44.36,130.76,1,1022,77/62
1520530431.803573,1,93,69,44.23,10.31,0,1022,93/69
1520530431.853524,1,99,68,42.46,10.15,0,1022,99/68
1520530431.903526,1,139,110,42.50,119.13,1,1021,139/110
1520530431.953527,1,131,111,43.24,14.35,0,1021,131/111
1520530432.003528,1,146,122,43.55,11.04,0,1021,146/122
1520530432.053531,1,129,103,44.07,103.06,1,1057,129/103
1520530432.103532,1,137,109,44.26,13.13,0,1057,137/109
1520530432.153533,1,139,111,44.39,11.48,0,1057,139/111
1520530432.203536,1,128,113,44.54,139.44,1,1057,128/113
1520530432.253696,1,135,109,51.09,10.96,0,1057,135/109
1520530432.303698,1,137,117,50.45,10.51,0,1057,137/117
1520530432.353700,1,143,124,48.94,94.92,1,1058,143/124
1520530432.403701,1,151,128,48.18,14.14,0,1058,151/128
1520530432.453702,1,153,126,47.26,15.02,0,1058,153/126
1520530432.503704,1,156,126,46.38,102.83,1,1049,156/126
1520530432.553705,1,156,124,45.46,15.65,0,1049,156/124
1520530432.603708,1,169,119,44.57,15.58,0,1049,169/119
1520530432.653548,1,167,111,38.50,119.89,1,1045,167/111
1520530432.703550,1,159,114,37.73,13.78,0,1045,159/114
1520530432.753551,1,162,122,36.80,11.76,0,1045,162/122
1520530432.803553,1,159,121,35.99,139.24,1,1042,159/121
1520530432.853554,1,172,130,36.00,11.96,0,1042,172/130
1520530432.903556,1,164,131,35.87,11.89,0,1042,164/131
1520530432.953557,1,163,136,35.08,127.23,1,1076,163/136
1520530433.003559,1,168,137,33.99,13.48,0,1076,168/137
1520530433.053690,1,213,171,36.68,12.90,0,1076,213/171
1520530433.103692,1,225,187,35.70,171.53,1,1161,225/187
1520530433.153693,1,232,194,34.54,12.71,0,1161,232/194
1520530433.203694,1,300,260,33.87,18.48,0,1161,300/260
1520530433.253695,1,300,265,33.59,154.17,1,1260,300/265
1520530433.303697,1,300,269,33.72,14.38,0,1260,300/269
1520530433.353699,1,300,265,34.09,17.50,0,1260,300/265
1520530433.403701,1,291,260,34.67,150.55,1,1302,291/260
1520530433.453702,1,272,246,35.61,14.05,0,1302,272/246
1520530433.503793,1,261,234,38.85,14.66,0,1302,261/234
1520530433.553795,1,259,227,39.96,177.75,1,1266,259/227
1520530433.603796,1,257,221,40.74,12.48,0,1266,257/221
1520530433.653798,1,276,232,41.46,12.61,0,1266,276/232
1520530433.703799,1,249,202,42.10,152.20,1,1205,249/202
1520530433.753802,1,241,190,42.75,19.59,0,1205,241/190
1520530433.803803,1,300,218,43.03,22.45,0,1205,300/218
1520530433.853804,1,229,176,42.44,179.95,1,1202,229/176
1520530433.903630,1,187,141,37.64,16.76,0,1202,187/141
1520530433.953632,1,175,124,38.21,11.65,0,1202,175/124
1520530434.003634,1,166,110,38.87,152.12,1,1186,166/110
1520530434.053635,1,144,94,39.29,19.34,0,1186,144/94
1520530434.103637,1,134,88,40.08,18.12,0,1186,134/88
1520530434.153638,1,118,79,40.27,160.23,1,1171,118/79
1520530434.203640,1,98,80,40.12,13.78,0,1171,98/80
1520530434.253642,1,98,79,40.52,12.87,0,1171,98/79
1520530434.303478,1,82,62,35.79,171.08,1,1162,82/62
1520530434.353481,1,66,54,36.53,18.67,0,1162,66/54
1520530434.403481,1,65,57,36.96,10.49,0,1162,65/57
1520530434.453483,1,70,55,37.47,138.26,1,1139,70/55
1520530434.503485,1,71,56,37.65,15.36,0,1139,71/56
1520530434.553486,1,76,55,37.42,10.82,0,1139,76/55
1520530434.603488,1,84,70,37.62,171.25,1,1127,84/70
1520530434.653489,1,103,80,37.63,12.77,0,1127,103/80
1520530434.703656,1,122,97,43.68,14.20,0,1127,122/97
1520530434.753658,1,155,115,43.95,164.37,1,1138,155/115
1520530434.803658,1,162,135,44.72,15.82,0,1138,162/135
1520530434.853723,1,119,114,45.01,16.98,0,1138,119/114
1520530434.903661,1,169,138,44.51,154.18,1,1120,169/138
1520530434.953662,1,125,118,43.77,20.19,0,1120,125/118
1520530435.003665,1,216,198,43.49,16.14,0,1120,216/198
1520530435.053667,1,205,194,43.55,127.00,1,1159,205/194
1520530435.103796,1,202,195,49.16,14.75,0,1159,202/195
1520530435.153798,1,209,193,49.61,14.89,0,1159,209/193
1520530435.203799,1,204,192,50.15,160.41,1,1174,204/192
1520530435.253802,1,202,188,49.52,14.41,0,1174,202/188
1520530435.303802,1,231,205,49.17,20.34,0,1174,231/205
1520530435.353804,1,223,201,48.84,177.36,1,1191,223/201
1520530435.403806,1,219,193,48.30,18.10,0,1191,219/193
1520530435.453807,1,223,182,47.76,16.82,0,1191,223/182
1520530435.504086,1,220,172,56.90,209.95,1,1202,220/172
1520530435.554088,1,205,151,56.29,13.68,0,1202,205/151
1520530435.604089,1,198,151,55.14,12.52,0,1202,198/151
1520530435.654091,1,219,172,53.71,108.24,1,1234,219/172
1520530435.704092,1,219,166,52.83,18.18,0,1234,219/166
1520530435.754094,1,218,170,52.03,19.64,0,1234,218/170
1520530435.804096,1,211,172,51.66,188.48,1,1282,211/172
1520530435.854097,1,200,170,51.15,15.22,0,1282,200/170
1520530435.904099,1,199,164,51.25,14.31,0,1282,199/164
1520530435.953835,1,182,149,42.61,147.66,1,1298,182/149
1520530436.003837,1,178,136,42.28,21.69,0,1298,178/136
1520530436.053838,1,300,215,41.54,22.14,0,1298,300/215
1520530436.103839,1,221,160,41.05,184.18,1,1291,221/160
1520530436.153841,1,207,137,40.58,19.35,0,1291,207/137
1520530436.203843,1,210,135,40.19,15.85,0,1291,210/135
1520530436.253844,1,185,101,40.18,175.49,1,1280,185/101
1520530436.303846,1,198,101,40.05,15.59,0,1280,198/101
1520530436.353955,1,186,99,43.99,13.22,0,1280,186/99
1520530436.403958,1,179,93,44.16,164.92,1,1275,179/93
1520530436.453978,1,191,99,44.34,11.77,0,1275,191/99
1520530436.503960,1,186,102,44.84,12.15,0,1275,186/102
1520530436.553962,1,185,98,45.33,195.97,1,1258,185/98
1520530436.603963,1,192,97,45.40,23.07,0,1258,192/97
1520530436.653965,1,300,133,45.88,22.91,0,1258,300/133
1520530436.703966,1,300,145,46.01,255.87,1,1278,300/145
1520530436.754031,1,259,143,47.85,23.41,0,1278,259/143
1520530436.804032,1,227,149,47.92,22.51,0,1278,227/149
1520530436.854034,1,193,119,47.81,230.35,1,1266,193/119
1520530436.904035,1,163,95,48.10,19.86,0,1266,163/95
1520530436.954037,1,135,81,48.09,21.32,0,1266,135/81
1520530437.004039,1,136,90,47.49,268.07,1,1266,136/90
1520530437.054040,1,152,114,46.97,19.21,0,1266,152/114
1520530437.104042,1,153,117,46.41,13.42,0,1266,153/117
1520530437.153533,1,124,102,31.02,162.03,1,1251,124/102
1520530437.203536,1,134,116,31.24,10.57,0,1251,134/116
1520530437.253536,1,141,117,31.68,11.36,0,1251,141/117
1520530437.303538,1,142,123,31.99,165.37,1,1187,142/123
1520530437.353539,1,148,134,31.65,14.10,0,1187,148/134
1520530437.403543,1,161,136,30.91,16.48,0,1187,161/136
1520530437.453544,1,165,129,30.78,144.53,1,1138,165/129
1520530437.503545,1,174,131,30.57,14.76,0,1138,174/131
1520530437.553870,1,205,153,41.24,12.99,0,1138,205/153
1520530437.603872,1,197,148,41.41,146.31,1,1151,197/148
1520530437.653873,1,192,144,42.29,18.24,0,1151,192/144
1520530437.703875,1,193,137,42.68,18.41,0,1151,193/137
1520530437.753876,1,192,133,42.92,158.39,1,1170,192/133
1520530437.803878,1,177,121,44.40,13.05,0,1170,177/121
1520530437.853879,1,156,121,46.46,15.10,0,1170,156/121
1520530437.903881,1,142,125,47.31,166.84,1,1201,142/125
1520530437.954482,1,148,130,68.48,10.95,0,1201,148/130
1520530438.004481,1,157,135,68.08,11.50,0,1201,157/135
1520530438.054484,1,171,140,68.18,176.70,1,1201,171/140
1520530438.104484,1,176,148,67.93,15.10,0,1201,176/148
1520530438.154486,1,235,180,66.71,14.39,0,1201,235/180
1520530438.204487,1,220,173,65.86,200.74,1,1229,220/173
1520530438.254489,1,220,171,65.06,15.51,0,1229,220/171
1520530438.304490,1,215,164,64.69,12.46,0,1229,215/164
1520530438.354492,1,211,175,64.34,158.34,1,1259,211/175
1520530438.403621,1,172,148,34.42,14.91,0,1259,172/148
1520530438.453623,1,158,140,33.56,12.18,0,1259,158/140
1520530438.503624,1,161,140,32.32,176.87,1,1301,161/140
1520530438.553626,1,160,130,31.33,13.69,0,1301,160/130
1520530438.603628,1,163,127,30.19,12.76,0,1301,163/127
1520530438.653629,1,201,165,29.36,185.40,1,1367,201/165
1520530438.703631,1,190,161,29.02,12.40,0,1367,190/161
1520530438.753632,1,184,158,28.98,12.85,0,1367,184/158
1520530438.804389,1,211,186,49.80,190.27,1,1403,211/186
1520530438.854392,1,206,188,49.64,18.64,0,1403,206/188
1520530438.904392,1,216,193,49.26,25.36,0,1403,216/193
1520530438.954394,1,231,210,49.42,161.47,1,1384,231/210
1520530439.004395,1,266,240,49.45,17.42,0,1384,266/240
1520530439.054397,1,293,262,49.72,13.45,0,1384,293/262
1520530439.104398,1,300,268,49.38,180.38,1,1386,300/268
1520530439.154401,1,299,265,49.15,17.02,0,1386,299/265
1520530439.204654,1,295,262,55.34,16.60,0,1386,295/262
1520530439.254655,1,292,269,54.53,122.06,1,1317,292/269
1520530439.304657,1,300,276,54.22,13.60,0,1317,300/276
1520530439.354659,1,300,276,54.09,17.62,0,1317,300/276
1520530439.404660,1,300,277,53.67,136.86,1,1309,300/277
1520530439.454661,1,300,278,53.40,12.80,0,1309,300/278
1520530439.504663,1,300,279,53.12,14.45,0,1309,300/279
1520530439.554665,1,300,279,52.80,217.38,1,1260,300/279
1520530439.604177,1,300,272,41.14,15.42,0,1260,300/272
1520530439.654178,1,300,268,41.26,14.89,0,1260,300/268
1520530439.704263,1,300,272,41.41,151.09,1,1262,300/272
1520530439.754182,1,299,269,41.85,17.50,0,1262,299/269
1520530439.804183,1,300,270,42.72,20.10,0,1262,300/270
1520530439.854185,1,300,264,42.90,205.54,1,1234,300/264
1520530439.904186,1,300,259,43.31,16.57,0,1234,300/259
1520530439.954188,1,269,234,43.94,16.17,0,1234,269/234
1520530440.004099,1,257,227,41.78,207.94,1,1207,257/227
1520530440.054101,1,260,224,42.16,13.66,0,1207,260/224
1520530440.104102,1,249,217,42.39,12.47,0,1207,249/217
1520530440.154104,1,254,225,42.43,139.03,1,1207,254/225
1520530440.204106,1,257,220,42.52,13.97,0,1207,257/220
1520530440.254107,1,256,217,42.43,14.86,0,1207,256/217
1520530440.304109,1,242,206,42.30,215.50,1,1156,242/206
1520530440.354110,1,243,207,42.31,16.19,0,1156,243/207
1520530440.404112,1,231,192,43.14,14.37,0,1156,231/192
1520530440.453977,1,207,164,39.40,135.92,1,1160,207/164
1520530440.503979,1,250,180,39.61,20.99,0,1160,250/180
1520530440.553980,1,228,168,39.92,14.24,0,1160,228/168
1520530440.603981,1,224,168,40.49,233.66,1,1175,224/168
1520530440.653984,1,219,159,41.09,15.29,0,1175,219/159
1520530440.703986,1,204,144,41.23,16.03,0,1175,204/144
1520530440.753987,1,300,210,41.77,188.67,1,1256,300/210
1520530440.803989,1,275,201,41.94,23.08,0,1256,275/201
1520530440.853871,1,226,163,38.51,17.86,0,1256,226/163
1520530440.903872,1,210,155,38.64,219.56,1,1218,210/155
1520530440.953874,1,197,147,38.60,11.22,0,1218,197/147
1520530441.003875,1,191,143,38.83,21.26,0,1218,191/143
1520530441.053876,1,173,134,39.12,244.00,1,1219,173/134
1520530441.103878,1,159,127,39.36,11.83,0,1219,159/127
1520530441.153883,1,145,123,39.58,13.14,0,1219,145/123
1520530441.203881,1,146,118,40.07,151.92,1,1188,146/118
1520530441.253889,1,133,112,40.75,10.73,0,1188,133/112
1520530441.303927,1,114,96,41.58,15.06,0,1188,114/96
1520530441.353892,1,104,85,42.21,175.38,1,1162,104/85
1520530441.403893,1,100,86,42.81,10.37,0,1162,100/86
1520530441.453895,1,97,84,42.57,11.31,0,1162,97/84
1520530441.503896,1,101,80,42.70,206.48,1,1136,101/80
1520530441.553898,1,114,86,42.58,10.44,0,1136,114/86
1520530441.603899,1,121,87,42.81,10.09,0,1136,121/87
1520530441.654083,1,136,97,49.05,232.16,1,1124,136/97
1520530441.704084,1,161,117,48.97,9.91,0,1124,161/117
1520530441.754086,1,151,120,49.14,10.73,0,1124,151/120
1520530441.804088,1,160,128,49.54,216.49,1,1106,160/128
1520530441.854089,1,159,125,49.43,10.64,0,1106,159/125
1520530441.904091,1,151,114,49.49,10.68,0,1106,151/114
1520530441.954092,1,138,99,49.58,121.17,1,1059,138/99
1520530442.004094,1,137,103,49.60,14.92,0,1059,137/103
1520530442.054029,1,123,95,47.32,15.73,0,1059,123/95
1520530442.104032,1,121,96,47.61,133.83,1,1037,121/96
1520530442.154034,1,155,119,47.35,14.94,0,1037,155/119
1520530442.204035,1,138,114,47.33,16.40,0,1037,138/114
1520530442.254038,1,124,111,47.07,223.21,1,1021,124/111
1520530442.304038,1,106,97,46.82,10.67,0,1021,106/97
1520530442.354040,1,98,93,46.26,20.74,0,1021,98/93
1520530442.404042,1,96,87,46.34,127.21,1,970,96/87
1520530442.453714,1,73,59,35.37,12.82,0,970,73/59
1520530442.503716,1,82,60,35.05,12.07,0,970,82/60
1520530442.553716,1,78,62,34.21,186.88,1,930,78/62
1520530442.603719,1,76,57,32.81,11.85,0,930,76/57
1520530442.653721,1,78,54,31.90,10.71,0,930,78/54
1520530442.703722,1,82,55,31.06,162.47,1,896,82/55
1520530442.753723,1,91,60,30.23,10.33,0,896,91/60
1520530442.803725,1,105,72,29.34,9.73,0,896,105/72
1520530442.853726,1,111,75,29.08,182.63,1,862,111/75
1520530442.904376,1,150,109,47.78,20.41,0,862,150/109
1520530442.954377,1,160,122,47.47,13.29,0,862,160/122
1520530443.004380,1,167,129,47.25,169.00,1,874,167/129
1520530443.054381,1,188,143,46.95,12.74,0,874,188/143
1520530443.104383,1,170,126,47.07,18.21,0,874,170/126
1520530443.154384,1,171,140,47.13,164.72,1,868,171/140
1520530443.204385,1,180,144,47.31,11.56,0,868,180/144
1520530443.254387,1,172,145,47.07,14.02,0,868,172/145
1520530443.304466,1,182,149,49.19,167.62,1,839,182/149
1520530443.354468,1,181,150,49.01,17.84,0,839,181/150
1520530443.404470,1,183,150,49.02,14.79,0,839,183/150
1520530443.454471,1,191,154,49.29,92.92,1,821,191/154
1520530443.504473,1,184,152,49.46,14.37,0,821,184/152
1520530443.554475,1,180,153,49.73,11.17,0,821,180/153
1520530443.604476,1,281,187,50.13,140.18,1,853,281/187
1520530443.654478,1,271,185,50.52,20.26,0,853,271/185
1520530443.704013,1,169,124,37.15,16.77,0,853,169/124
1520530443.754014,1,179,129,37.59,113.27,1,881,179/129
1520530443.804016,1,170,122,37.61,15.23,0,881,170/122
1520530443.854018,1,168,126,37.91,12.18,0,881,168/126
1520530443.904020,1,158,113,38.67,96.21,1,854,158/113
1520530443.954022,1,157,99,39.20,12.52,0,854,157/99
1520530444.004023,1,149,94,39.58,16.52,0,854,149/94
1520530444.054024,1,143,91,39.45,145.66,1,853,143/91
1520530444.104403,1,157,104,51.43,14.25,0,853,157/104
1520530444.154404,1,129,101,51.20,12.26,0,853,129/101
1520530444.204406,1,127,99,50.73,162.79,1,860,127/99
1520530444.254406,1,117,97,51.04,20.69,0,860,117/97
1520530444.304409,1,159,136,51.28,19.17,0,860,159/136
1520530444.354410,1,154,130,51.72,149.79,1,902,154/130
1520530444.404411,1,142,126,51.60,20.28,0,902,142/126
1520530444.454414,1,136,118,51.77,13.09,0,902,136/118
1520530444.505162,1,121,113,78.34,139.20,1,907,121/113
1520530444.555264,1,186,155,78.53,19.38,0,907,186/155
1520530444.605164,1,173,150,79.30,16.87,0,907,173/150
1520530444.655166,1,168,138,79.67,125.58,1,927,168/138
1520530444.705167,1,160,133,80.35,13.73,0,927,160/133
1520530444.755169,1,153,123,80.91,11.67,0,927,153/123
1520530444.805171,1,139,104,81.76,90.45,1,891,139/104
1520530444.855172,1,129,108,82.79,13.02,0,891,129/108
1520530444.905173,1,141,114,84.13,17.63,0,891,141/114
1520530444.954962,1,104,89,77.68,149.29,1,823,104/89
1520530445.004964,1,94,81,78.63,11.98,0,823,94/81
1520530445.054965,1,91,73,79.41,13.52,0,823,91/73
1520530445.104967,1,132,97,78.93,156.23,1,846,132/97
1520530445.154968,1,112,95,78.35,25.42,0,846,112/95
1520530445.204970,1,170,127,77.31,21.08,0,846,170/127
1520530445.254972,1,129,118,76.33,129.74,1,873,129/118
1520530445.304973,1,118,109,75.68,11.61,0,873,118/109
1520530445.353892,1,77,65,36.92,88.92,1,878,77/65
1520530445.403894,1,79,64,36.46,13.41,0,878,79/64
1520530445.453896,1,86,67,35.93,12.21,0,878,86/67
1520530445.503898,1,93,69,35.48,130.54,1,892,93/69
1520530445.553899,1,111,73,34.99,11.34,0,892,111/73
1520530445.603900,1,112,73,34.53,13.97,0,892,112/73
1520530445.653902,1,125,74,33.94,143.36,1,893,125/74
1520530445.703904,1,121,74,33.12,10.81,0,893,121/74
1520530445.753751,1,120,72,27.72,15.49,0,893,120/72
1520530445.803752,1,116,80,27.84,96.99,1,937,116/80
1520530445.853755,1,124,82,27.17,15.08,0,937,124/82
1520530445.903755,1,142,101,26.80,12.27,0,937,142/101
1520530445.953756,1,131,107,26.70,119.08,1,938,131/107
1520530446.003759,1,140,110,26.90,11.78,0,938,140/110
1520530446.053761,1,165,136,27.19,11.62,0,938,165/136
1520530446.103762,1,167,144,27.33,152.34,1,957,167/144
1520530446.154954,1,175,153,65.49,17.96,0,957,175/153
1520530446.204900,1,201,184,65.77,14.86,0,957,201/184
1520530446.254902,1,289,256,65.97,148.48,1,1099,289/256
1520530446.304903,1,234,204,65.74,19.49,0,1099,234/204
1520530446.354905,1,220,192,65.24,15.08,0,1099,220/192
1520530446.404906,1,211,184,64.62,139.79,1,1088,211/184
1520530446.454908,1,214,188,64.05,14.38,0,1088,214/188
1520530446.504909,1,223,199,63.58,17.17,0,1088,223/199
1520530446.554783,1,223,203,58.92,138.07,1,1102,223/203
1520530446.604785,1,222,202,58.19,16.54,0,1102,222/202
1520530446.654786,1,224,202,57.59,17.70,0,1102,224/202
1520530446.704788,1,211,189,57.06,124.59,1,1113,211/189
1520530446.754789,1,209,180,56.68,11.93,0,1113,209/180
1520530446.804791,1,246,200,56.59,12.16,0,1113,246/200
1520530446.854792,1,233,198,56.24,120.52,1,1130,233/198
1520530446.904794,1,225,186,56.63,18.43,0,1130,225/186
1520530446.954330,1,223,173,43.80,16.20,0,1130,223/173
1520530447.004332,1,209,167,44.29,101.15,1,1120,209/167
1520530447.054334,1,202,163,44.35,12.02,0,1120,202/163
1520530447.104335,1,187,146,44.76,18.47,0,1120,187/146
1520530447.154337,1,209,148,45.06,169.86,1,1151,209/148
1520530447.204338,1,190,127,44.96,14.62,0,1151,190/127
1520530447.254340,1,186,127,44.85,13.37,0,1151,186/127
1520530447.304342,1,176,123,45.26,164.31,1,1097,176/123
1520530447.354343,1,177,128,45.65,11.02,0,1097,177/128
1520530447.404124,1,164,118,39.02,12.75,0,1097,164/118
1520530447.454125,1,155,112,39.33,169.18,1,1092,155/112
1520530447.504127,1,201,139,40.00,11.54,0,1092,201/139
1520530447.554128,1,181,132,40.18,15.41,0,1092,181/132
1520530447.604130,1,186,130,40.40,131.79,1,1108,186/130
1520530447.654131,1,184,125,40.59,12.08,0,1108,184/125
1520530447.704133,1,172,118,40.65,13.23,0,1108,172/118
1520530447.754142,1,153,108,40.72,157.13,1,1110,153/108
1520530447.804072,1,158,109,38.71,26.40,0,1110,158/109
1520530447.854074,1,162,106,38.95,17.69,0,1110,162/106
1520530447.904075,1,158,106,38.58,139.70,1,1036,158/106
1520530447.954077,1,162,109,38.53,11.57,0,1036,162/109
1520530448.004078,1,200,132,38.56,11.23,0,1036,200/132
1520530448.054080,1,191,127,38.66,126.75,1,1055,191/127
1520530448.104081,1,190,128,38.66,13.04,0,1055,190/128
1520530448.154083,1,193,126,38.78,13.35,0,1055,193/126
1520530448.203885,1,151,106,31.86,144.23,1,1052,151/106
1520530448.253886,1,149,105,32.24,11.73,0,1052,149/105
1520530448.303888,1,176,121,32.26,15.79,0,1052,176/121
1520530448.353889,1,175,121,32.21,160.56,1,1076,175/121
1520530448.403891,1,170,116,32.07,12.43,0,1076,170/116
1520530448.453892,1,169,119,31.96,18.91,0,1076,169/119
1520530448.503894,1,171,122,32.04,217.72,1,1058,171/122
1520530448.553895,1,172,124,31.85,12.34,0,1058,172/124
1520530448.603930,1,166,117,33.22,11.34,0,1058,166/117
1520530448.653932,1,168,117,33.05,178.01,1,999,168/117
1520530448.703934,1,171,123,33.12,24.25,0,999,171/123
1520530448.753935,1,165,117,33.15,13.24,0,999,165/117
1520530448.803937,1,165,114,33.38,195.25,1,989,165/114
1520530448.853939,1,192,124,33.25,12.33,0,989,192/124
1520530448.903940,1,187,124,33.21,15.71,0,989,187/124
1520530448.953942,1,190,123,33.28,186.11,1,948,190/123
1520530449.003905,1,176,118,31.84,11.58,0,948,176/118
1520530449.053906,1,179,119,32.07,11.35,0,948,179/119
1520530449.103908,1,189,122,32.05,174.14,1,943,189/122
1520530449.153910,1,195,127,31.81,10.94,0,943,195/127
1520530449.203911,1,196,131,32.05,14.59,0,943,196/131
