ply
format ascii 1.0
element vertex 16689
property float x
property float y
property float z
property uchar red
property uchar green
property uchar blue
end_header
0.2251 0.1712 0.0049 80 200 120
2.4640 2.6923 -0.9273 80 200 120
1.4592 0.9180 -0.4507 80 200 120
5.8225 3.7871 -1.1983 80 200 120
23.1668 21.7249 -3.4688 80 200 120
0.0936 0.0592 0.0368 80 200 120
1.3959 1.0776 -0.4392 80 200 120
35.3687 27.4893 -6.1774 80 200 120
1.1298 1.0890 0.1640 80 200 120
1.5696 0.8046 -0.5322 80 200 120
0.1794 0.1584 0.0468 80 200 120
0.1308 0.1179 0.0416 80 200 120
0.2297 0.2054 0.0307 80 200 120
0.2602 0.1394 0.0553 80 200 120
0.2516 0.1569 0.0552 80 200 120
1.3878 1.4756 0.0485 80 200 120
0.2380 0.1966 0.0558 80 200 120
9.8791 4.8031 -1.9709 80 200 120
3.2617 1.5456 0.2400 80 200 120
0.1069 0.0690 0.0288 80 200 120
2.1689 1.8203 -0.0255 80 200 120
0.1439 0.1166 0.0274 80 200 120
2.4194 1.3723 0.2710 80 200 120
0.9543 -0.7487 -0.0251 80 200 120
1.3468 0.1474 0.2013 80 200 120
6.0597 3.6005 -0.3595 80 200 120
0.0459 0.2121 -0.0072 80 200 120
-0.0313 0.1208 0.0090 80 200 120
-0.0239 0.1199 0.0144 80 200 120
0.0169 0.1333 0.0386 80 200 120
-0.0206 0.0880 0.0331 80 200 120
-0.0040 0.1690 0.0413 80 200 120
-0.0190 0.1556 -0.0050 80 200 120
-0.0029 0.1417 0.0185 80 200 120
-0.0115 0.1513 0.0026 80 200 120
-0.0008 0.1305 0.0279 80 200 120
-0.0111 0.1792 0.0359 80 200 120
-0.0339 0.0655 0.0291 80 200 120
0.0054 0.1326 0.0306 80 200 120
-0.0294 0.0800 0.0290 80 200 120
-0.0234 0.1042 0.0234 80 200 120
-0.0164 0.1047 0.0314 80 200 120
-1.1805 -0.0005 0.2766 80 200 120
-0.0024 0.1550 0.0013 80 200 120
-0.0318 0.0750 0.0283 80 200 120
0.0283 0.1557 0.0305 80 200 120
70.9574 92.0939 5.3373 80 200 120
-0.0259 0.0974 0.0374 80 200 120
-0.3899 1.4841 -0.6975 80 200 120
-1.1084 0.1296 0.1511 80 200 120
0.0543 0.1951 0.0189 80 200 120
-0.0146 0.1146 0.0420 80 200 120
-0.0230 0.1231 0.0384 80 200 120
-0.0206 0.1051 0.0250 80 200 120
-0.0735 -0.1022 0.0468 80 200 120
-0.0491 -0.0749 0.0349 80 200 120
-0.6836 0.3853 0.3353 80 200 120
1.5922 0.6418 -0.5366 80 200 120
2.4069 1.5358 -1.0500 80 200 120
2.4457 0.2824 -0.6238 80 200 120
1.3826 -0.7640 -0.6967 80 200 120
1.4753 1.4649 -1.2700 80 200 120
1.3172 0.2530 -0.3570 80 200 120
0.8788 -0.1633 -0.7589 80 200 120
1.1175 -0.7334 -0.8083 80 200 120
0.6847 -0.6689 -0.8896 80 200 120
1.8216 -0.6736 -0.7853 80 200 120
1.1539 1.2844 -1.3272 80 200 120
1.9329 1.8936 -1.3822 80 200 120
0.9887 1.0571 -1.3293 80 200 120
1.3021 -0.5685 -0.8698 80 200 120
0.5473 -0.6319 -0.9069 80 200 120
4.1821 0.2559 -0.5021 80 200 120
1.7167 -0.7737 -0.5383 80 200 120
4.6677 -0.4666 0.0361 80 200 120
2.0480 -0.1783 -0.3738 80 200 120
-0.3559 0.3349 -1.5094 80 200 120
1.0976 -0.5398 -0.9464 80 200 120
0.5591 1.0837 -1.4305 80 200 120
2.6915 0.1635 -0.5480 80 200 120
1.2596 -0.7143 -0.1116 80 200 120
4.1306 3.0377 -0.3244 80 200 120
1.3728 -0.7474 -0.2661 80 200 120
1.0457 0.4141 0.1563 80 200 120
1.6708 0.8421 0.3338 80 200 120
3.6085 3.8781 -0.9092 80 200 120
8.2136 3.9942 -0.7829 80 200 120
0.5011 -0.6134 0.2280 80 200 120
1.1274 0.0655 0.2653 80 200 120
1.2366 0.1376 0.0963 80 200 120
1.3276 -0.1550 -0.3526 80 200 120
0.1698 0.1473 0.0640 80 200 120
19.5715 16.1962 -5.5513 80 200 120
0.5450 -0.0192 0.2539 80 200 120
0.6907 -0.6288 0.0358 80 200 120
3.2052 4.2166 -0.4393 80 200 120
0.1966 0.1488 0.0661 80 200 120
6.8592 6.5030 -2.6521 80 200 120
0.1422 0.1513 0.0560 80 200 120
0.5733 1.0749 0.1232 80 200 120
3.5642 5.9036 -0.4243 80 200 120
0.1901 0.7478 0.0503 80 200 120
0.1125 0.8428 -0.1190 80 200 120
0.3513 0.9720 -0.0377 80 200 120
-0.0292 0.1052 0.0399 80 200 120
-0.0178 0.2076 0.0449 80 200 120
0.0822 1.2370 -0.2933 80 200 120
-1.5979 -0.2914 0.3173 80 200 120
-0.9196 -0.0861 -0.0201 80 200 120
-1.5836 -2.4888 1.0185 80 200 120
-0.3872 -0.9157 0.3270 80 200 120
-0.1005 -0.1388 0.0323 80 200 120
-0.6802 -1.2358 0.4017 80 200 120
-0.0798 -0.1137 0.0268 80 200 120
-2.2317 -1.9647 1.0591 80 200 120
-0.2204 -0.6703 0.2647 80 200 120
-0.0867 -0.1324 0.0273 80 200 120
-0.2549 -0.2538 0.2429 80 200 120
-0.2320 -0.5274 0.1037 80 200 120
-0.2132 -0.4114 0.0705 80 200 120
-0.3353 -0.2591 0.2719 80 200 120
-1.0684 -1.2037 0.5743 80 200 120
-0.1207 -0.1638 0.0463 80 200 120
-0.7152 0.4303 0.2359 80 200 120
-0.7348 0.3724 0.2377 80 200 120
0.4662 -0.3991 -0.1586 80 200 120
0.0678 0.6946 -1.1859 80 200 120
1.6818 0.2725 -0.3291 80 200 120
0.6127 -0.5078 -0.0538 80 200 120
1.2382 -0.4023 -0.2630 80 200 120
1.4524 -0.3634 -0.1972 80 200 120
-0.6243 0.2282 -1.3721 80 200 120
0.0415 0.4279 -0.9984 80 200 120
0.9132 0.1599 -0.6933 80 200 120
3.7161 -1.9104 0.7856 80 200 120
1.2166 1.4606 -1.2239 80 200 120
3.2303 1.7120 -0.9219 80 200 120
-0.0957 1.6113 -0.6003 80 200 120
0.5444 0.6783 -0.9672 80 200 120
0.0534 1.0240 -0.5923 80 200 120
-1.1347 -0.0100 0.2307 80 200 120
-0.6604 0.4585 -0.3345 80 200 120
0.3541 0.1686 -0.7725 80 200 120
-1.0787 0.0924 0.1179 80 200 120
0.5662 0.3770 -0.0884 80 200 120
1.8925 2.5063 -0.7314 80 200 120
2.7416 4.1524 -0.9992 80 200 120
1.1782 1.8422 -0.2449 80 200 120
0.8642 1.6306 -0.1274 80 200 120
1.8373 2.3728 -0.4578 80 200 120
0.3463 0.1377 0.1794 80 200 120
0.3406 0.9749 0.1743 80 200 120
3.1935 2.4167 0.1868 80 200 120
0.1953 0.6113 0.1016 80 200 120
0.0031 1.3396 -0.2897 80 200 120
-0.0907 1.3031 -0.3960 80 200 120
-0.1314 0.7253 -0.1641 80 200 120
-0.0618 0.8849 -0.1613 80 200 120
-0.0533 0.3731 -0.0081 80 200 120
-0.1772 0.7207 -0.1843 80 200 120
0.2113 0.5887 0.1564 80 200 120
-1.8695 -1.6591 0.6282 80 200 120
-0.1105 -0.3250 0.0335 80 200 120
-0.1348 -0.2526 -0.0066 80 200 120
-0.0875 -0.1539 -0.0053 80 200 120
-0.0748 -0.2093 -0.0010 80 200 120
1.0163 1.2219 -1.2645 80 200 120
-0.5692 0.5018 -0.2304 80 200 120
0.1280 -0.1171 -0.5695 80 200 120
0.1912 -0.0917 -0.5960 80 200 120
0.1508 -0.2108 -0.5447 80 200 120
-0.1860 0.4328 -0.2191 80 200 120
-0.0520 1.0489 -0.3774 80 200 120
-0.6041 0.4060 -0.1696 80 200 120
2.4458 2.6388 -0.3505 80 200 120
0.0398 0.7883 -0.2762 80 200 120
15.8894 16.5528 -3.7455 80 200 120
9.3916 21.6642 -7.7818 80 200 120
79.3969 204.7141 -49.8972 80 200 120
0.5785 1.1181 -0.1738 80 200 120
0.2767 0.5275 0.0346 80 200 120
3.4039 3.2535 -1.4020 80 200 120
1.3039 1.6852 -0.5668 80 200 120
9.2373 5.9703 -1.8553 80 200 120
4.0192 3.4276 -0.6397 80 200 120
23.0485 16.6388 -10.5807 80 200 120
0.7154 1.0154 -0.9739 80 200 120
13.4311 11.7457 -3.6436 80 200 120
0.2148 0.4832 0.0223 80 200 120
93.2686 51.6453 -35.8194 80 200 120
3.6206 5.1322 -2.3639 80 200 120
0.0443 0.5631 -0.3190 80 200 120
5.6602 5.2251 -3.1475 80 200 120
5.1253 27.8785 -6.3022 80 200 120
1.4403 1.4468 0.1748 80 200 120
1.3470 2.1531 -0.1417 80 200 120
2.0802 2.5967 -0.5726 80 200 120
47.2380 162.8762 -36.1303 80 200 120
31.9910 100.2169 -42.7527 80 200 120
0.7244 1.0117 0.0994 80 200 120
9.8201 18.2522 -7.2138 80 200 120
2.6472 4.1915 -3.3524 80 200 120
26.2166 101.2448 -31.2812 80 200 120
0.3323 0.6644 -0.1816 80 200 120
5.0886 3.7575 -1.0916 80 200 120
0.3401 1.1734 0.1408 80 200 120
0.8507 1.5348 -0.0241 80 200 120
0.1566 1.1991 -0.9086 80 200 120
3.4976 19.3494 -6.9730 80 200 120
2.3496 2.7441 0.0422 80 200 120
0.3841 0.9796 -0.1067 80 200 120
0.8368 1.3341 -0.2648 80 200 120
0.1560 0.5655 -0.0488 80 200 120
0.4236 0.7095 0.0495 80 200 120
12.2875 20.3222 -10.8196 80 200 120
4.6106 21.3031 -14.1819 80 200 120
0.0447 0.3937 -0.0137 80 200 120
0.0999 0.4519 0.0101 80 200 120
-0.4596 0.1767 -0.7753 80 200 120
0.1704 0.6338 -0.5224 80 200 120
2.2018 2.7351 -0.2542 80 200 120
52.7871 34.8343 -18.3654 80 200 120
1.4117 5.3684 -0.6050 80 200 120
162.8396 336.8235 -165.6843 80 200 120
43.4163 107.0935 -77.7814 80 200 120
0.4081 0.3869 0.0554 80 200 120
0.0770 0.5009 -0.0747 80 200 120
0.0559 0.3024 0.0007 80 200 120
0.1925 -0.2590 -0.5771 80 200 120
0.3756 0.4088 0.0450 80 200 120
1.4797 9.7981 -1.3470 80 200 120
0.0817 0.3165 -0.2907 80 200 120
12.3523 11.8419 -3.2625 80 200 120
1.0645 1.2654 0.1367 80 200 120
0.4467 0.9933 -0.0744 80 200 120
1.1630 1.8089 -0.5950 80 200 120
0.0468 0.6146 -0.1170 80 200 120
0.1999 3.1050 -0.8181 80 200 120
0.1660 2.7566 -1.3796 80 200 120
5.0600 5.5006 -0.7041 80 200 120
4.7191 6.8586 0.9053 80 200 120
0.4504 0.7166 0.1136 80 200 120
3.5072 4.4325 0.0928 80 200 120
2.0639 1.4733 0.3320 80 200 120
1.9839 1.6746 0.3265 80 200 120
1.5360 1.7538 0.2827 80 200 120
0.8341 1.4333 0.0353 80 200 120
1.6641 2.5256 0.0093 80 200 120
0.2175 0.3299 0.1198 80 200 120
0.9778 2.3928 0.0810 80 200 120
4.4502 4.2598 -1.1290 80 200 120
-0.0038 1.0280 -0.2858 80 200 120
25.9936 141.4137 -32.6457 80 200 120
0.4184 0.9481 0.1448 80 200 120
0.2737 2.3482 -0.8234 80 200 120
0.4097 1.1905 -0.0734 80 200 120
0.7264 3.2961 -0.9918 80 200 120
0.2531 0.6808 0.0054 80 200 120
-0.0146 0.3181 0.0557 80 200 120
0.0289 0.6707 -0.0367 80 200 120
0.3626 0.7923 0.0246 80 200 120
-0.0177 0.4743 -0.0185 80 200 120
0.0741 0.4724 0.0192 80 200 120
-0.0011 0.4103 0.0337 80 200 120
0.5161 2.2054 -0.1953 80 200 120
0.3356 0.9492 0.0603 80 200 120
-0.2813 1.0267 -0.1252 80 200 120
0.2850 1.8276 -0.0827 80 200 120
-1.0205 3.4640 -1.2948 80 200 120
-0.0714 0.3482 0.0155 80 200 120
-0.0171 0.1530 0.0618 80 200 120
0.4811 1.7053 -0.0756 80 200 120
1.8058 2.6636 -0.5663 80 200 120
1.5380 2.6163 -0.3262 80 200 120
0.0252 1.0914 0.2279 80 200 120
-0.0548 0.3438 0.0061 80 200 120
1.2836 1.8821 0.2640 80 200 120
2.5353 3.1064 0.1887 80 200 120
-0.0411 0.4901 0.0090 80 200 120
0.3317 0.6354 0.1756 80 200 120
2.9124 3.8163 -0.2930 80 200 120
-1.4679 -1.4638 0.4902 80 200 120
-0.4511 -0.5290 0.1414 80 200 120
-0.0880 -0.3150 0.0211 80 200 120
-0.0947 -0.4129 0.0692 80 200 120
-0.7917 -0.7065 0.1984 80 200 120
-0.5341 -0.5531 0.0913 80 200 120
-1.6533 -1.6400 0.7293 80 200 120
-0.3135 -0.3471 -0.0066 80 200 120
-1.7254 -1.5162 0.4487 80 200 120
0.5867 0.5600 -0.4988 80 200 120
0.3530 0.3482 -0.4584 80 200 120
0.4227 0.4343 -0.4663 80 200 120
0.7899 0.4088 -0.4172 80 200 120
-0.0991 1.1089 -0.3411 80 200 120
-0.0687 0.4712 -0.2141 80 200 120
0.2813 0.2884 -0.0317 80 200 120
8.2726 5.2698 0.8941 80 200 120
-0.0252 0.1945 -0.2789 80 200 120
0.0288 0.3830 -0.0602 80 200 120
1.2958 1.5327 -0.6668 80 200 120
0.2191 0.1179 0.0287 80 200 120
0.3015 0.5817 0.0625 80 200 120
0.1998 -0.0297 0.0291 80 200 120
7.6020 5.4826 -2.1450 80 200 120
5.2045 5.6149 -0.6675 80 200 120
0.1757 0.7779 0.1139 80 200 120
0.0376 0.3836 0.0491 80 200 120
-0.0458 0.3022 0.0620 80 200 120
-0.1112 0.3644 0.0249 80 200 120
-0.0785 0.3190 0.0432 80 200 120
0.0313 0.3022 0.0904 80 200 120
46.8238 39.5166 -0.6291 80 200 120
0.0918 0.3698 0.1143 80 200 120
0.0477 0.4588 0.0914 80 200 120
-0.0058 0.2193 0.0732 80 200 120
0.0039 0.2891 0.0536 80 200 120
5.0126 6.3503 -1.2537 80 200 120
0.9554 1.9163 -0.4369 80 200 120
0.5928 1.6270 -0.4346 80 200 120
0.1985 1.9337 -0.6705 80 200 120
0.4476 2.4478 -0.8978 80 200 120
3.0067 3.0571 0.4770 80 200 120
5.1913 5.5237 0.3625 80 200 120
0.8812 1.4144 0.0072 80 200 120
0.1387 0.3077 0.1354 80 200 120
-0.1534 0.2423 -0.0004 80 200 120
6.4081 4.8629 0.5954 80 200 120
-0.2172 0.0631 -0.0143 80 200 120
-0.2140 0.0440 -0.0277 80 200 120
-0.1469 -0.7344 0.2247 80 200 120
-0.4589 -0.6026 0.0654 80 200 120
-0.3737 -0.4970 0.0191 80 200 120
-0.3414 -0.5182 0.0305 80 200 120
-0.0515 -0.0790 -0.0398 80 200 120
-0.7300 -0.8349 0.2741 80 200 120
0.2006 0.0438 -0.1364 80 200 120
0.2663 0.0513 -0.0740 80 200 120
0.2062 0.0752 -0.1026 80 200 120
0.0030 -0.0791 -0.2715 80 200 120
-0.0073 1.2014 -0.3264 80 200 120
-0.0393 0.4900 -0.2435 80 200 120
0.8923 6.7523 -2.6010 80 200 120
-0.2539 0.2071 -0.0859 80 200 120
-0.2414 0.2430 -0.1189 80 200 120
0.0232 0.5677 -0.2556 80 200 120
0.0001 0.5021 -0.1838 80 200 120
0.0211 0.3041 0.0046 80 200 120
-0.0069 0.3301 -0.0933 80 200 120
0.2965 0.0208 -0.1341 80 200 120
0.1661 0.1525 -0.1024 80 200 120
0.1881 0.1550 -0.1387 80 200 120
2.1549 3.1211 -0.6970 80 200 120
-0.0528 0.0250 -0.2650 80 200 120
0.1481 0.0131 0.0311 80 200 120
0.1508 0.0158 0.0212 80 200 120
1.6417 5.1807 -2.2776 80 200 120
-0.1402 1.9469 -0.5915 80 200 120
0.2888 3.7891 -1.0111 80 200 120
-0.1089 1.2641 -0.4547 80 200 120
3.2569 9.8686 -2.2216 80 200 120
0.4369 1.0122 -0.0104 80 200 120
1.8707 1.6579 0.1145 80 200 120
-0.1071 -0.0917 0.0305 80 200 120
-0.0614 -0.0937 0.0316 80 200 120
-2.6584 -1.9619 0.8641 80 200 120
0.4714 1.9295 -0.9432 80 200 120
0.1899 0.3353 -0.3108 80 200 120
0.0012 0.3072 -0.1323 80 200 120
0.0181 0.3317 -0.1515 80 200 120
0.0195 0.2206 -0.0423 80 200 120
1.7949 4.9426 1.0921 80 200 120
0.7877 0.7473 0.2881 80 200 120
-3.8322 21.2372 -5.8357 80 200 120
-0.0955 0.6444 -0.1296 80 200 120
1.2781 1.2050 0.2756 80 200 120
-15.7276 -9.9604 2.0349 80 200 120
-1.9583 -1.5323 0.4081 80 200 120
-1.1369 -1.0590 0.3384 80 200 120
0.3824 0.7335 0.0951 80 200 120
0.0166 0.1927 0.0376 80 200 120
5.6855 33.1566 -4.6461 80 200 120
0.2132 0.6274 0.0225 80 200 120
1.5806 2.1966 0.2953 80 200 120
3.6924 4.5708 0.1086 80 200 120
0.8646 1.6820 -0.2508 80 200 120
0.9975 2.5193 -0.5621 80 200 120
2.4076 2.3458 0.3275 80 200 120
3.1376 3.1797 0.1458 80 200 120
0.6200 1.3348 -0.3794 80 200 120
2.9770 4.0807 -0.5537 80 200 120
2.6178 2.9894 -0.0041 80 200 120
1.4433 2.3766 -0.1087 80 200 120
4.1858 3.1047 0.8238 80 200 120
0.9654 8.0613 -3.9393 80 200 120
2.1874 23.4171 -9.7745 80 200 120
-1.3884 6.2603 -2.8140 80 200 120
1.1959 1.9868 -0.2516 80 200 120
-0.5370 2.9176 -1.0294 80 200 120
2.2547 2.5875 0.3561 80 200 120
0.3600 0.9058 -0.1273 80 200 120
0.4120 31.9253 -15.6187 80 200 120
-5.9474 -3.2602 1.3238 80 200 120
-4.5539 -2.5374 1.4475 80 200 120
-13.4748 -5.9043 3.0182 80 200 120
-4.8778 -2.6591 1.8253 80 200 120
-0.0482 -0.0600 0.0390 80 200 120
-0.5807 -0.6642 0.1654 80 200 120
-3.7460 -2.3183 1.1793 80 200 120
-3.1594 -2.1269 0.8648 80 200 120
-3.2976 -2.4156 0.6691 80 200 120
-12.8650 -4.1349 5.3749 80 200 120
-7.5123 -3.9599 4.0891 80 200 120
-11.1749 -3.6990 4.2388 80 200 120
-6.8433 -2.9271 2.5209 80 200 120
-3.4154 -2.2625 1.2829 80 200 120
-77.0988 -17.9347 34.3603 80 200 120
-0.0824 -0.1359 0.0498 80 200 120
4.6020 4.6881 -0.0032 80 200 120
-0.7145 2.6161 -0.7200 80 200 120
4.6380 12.8033 -4.0459 80 200 120
2.8254 1.8880 0.4298 80 200 120
1.6304 2.6534 -0.6097 80 200 120
-1.3655 -1.3439 0.3489 80 200 120
-1.1462 -1.4094 0.5350 80 200 120
-0.5431 -0.8766 0.3098 80 200 120
-0.4050 -0.7753 0.3064 80 200 120
-2.9912 -2.3462 1.5443 80 200 120
-1.2364 -1.5140 0.7750 80 200 120
-20.6480 -7.0271 10.9724 80 200 120
0.1176 0.2241 -0.0363 80 200 120
1.4149 1.8979 -0.2400 80 200 120
2.2374 12.9633 -7.0679 80 200 120
49.1337 57.9448 -42.4192 80 200 120
11.1911 493.2866 -164.8972 80 200 120
0.1675 0.4387 0.0383 80 200 120
0.4828 0.9455 0.1127 80 200 120
2.3277 1.9848 0.5775 80 200 120
6.4005 5.5311 -1.0826 80 200 120
4.1266 2.8627 0.3186 80 200 120
4.7935 3.8067 0.4065 80 200 120
5.6424 4.3479 -0.1391 80 200 120
5.9540 12.9385 -4.8597 80 200 120
0.0074 3.3422 -1.4313 80 200 120
-5.6313 14.7754 -5.6346 80 200 120
1.1161 2.2458 -0.6902 80 200 120
-0.1830 -0.4906 0.1867 80 200 120
-0.8658 -1.1585 0.3770 80 200 120
-0.5021 -0.5861 0.1099 80 200 120
-0.2601 -0.2979 0.0077 80 200 120
-2.2228 -2.0616 1.3088 80 200 120
-0.4825 -0.7621 0.1557 80 200 120
-0.6198 -0.9788 0.5967 80 200 120
-0.5722 -0.8105 0.1502 80 200 120
-0.6835 -1.1571 0.7802 80 200 120
1.9101 3.4436 0.3030 80 200 120
-0.7009 6.5915 -2.1299 80 200 120
1.3102 1.9674 0.2494 80 200 120
2.1640 13.0192 -5.6649 80 200 120
4.3696 5.4214 -1.1585 80 200 120
2.7687 7.9787 -3.2244 80 200 120
8.2609 35.0898 -11.7607 80 200 120
-0.6901 -0.7004 0.1099 80 200 120
-0.2429 -0.4527 0.0542 80 200 120
2.3146 3.8820 -1.4559 80 200 120
1.4569 9.9304 -3.4274 80 200 120
2.3616 3.4596 -1.1638 80 200 120
0.5507 1.0051 0.2196 80 200 120
3.6968 3.5702 1.2104 80 200 120
4.6072 5.2867 1.6251 80 200 120
3.7131 2.4546 1.2609 80 200 120
2.8922 6.4310 -2.4015 80 200 120
-4.1088 28.4581 -11.3820 80 200 120
1.1372 1.6697 -0.3585 80 200 120
1.0422 1.4779 -0.1305 80 200 120
6.1336 5.1584 -0.6835 80 200 120
5.4297 3.4854 0.3901 80 200 120
5.0752 2.8718 1.3471 80 200 120
-1.1178 -0.9779 0.0336 80 200 120
0.1447 0.2282 -0.0277 80 200 120
0.3380 0.7473 -0.1601 80 200 120
0.4401 0.8483 -0.2479 80 200 120
4.0584 2.7585 -0.0416 80 200 120
18.0485 18.1038 4.1718 80 200 120
25.8541 22.6123 11.6699 80 200 120
8.1851 9.1856 1.4825 80 200 120
4.2492 2.9252 1.0871 80 200 120
0.4590 1.1254 -0.1746 80 200 120
-0.3865 -0.8382 0.2576 80 200 120
-1.0914 -1.8520 1.1897 80 200 120
-0.4766 -0.5381 -0.0141 80 200 120
-14.0969 -7.6200 0.0897 80 200 120
393.8447 283.1013 -99.5673 80 200 120
10.1619 8.1883 -6.4623 80 200 120
3.1747 2.6066 0.0434 80 200 120
24.3466 19.5698 6.5829 80 200 120
5.2620 3.9360 0.7686 80 200 120
4.8824 4.6724 -1.1412 80 200 120
3.5894 10.3516 -3.4103 80 200 120
1.8133 2.2367 -0.4897 80 200 120
1.0665 1.7875 -0.4364 80 200 120
5.2103 71.8426 -28.0703 80 200 120
-0.9603 -1.0754 0.1837 80 200 120
-1.5368 -1.4279 0.3228 80 200 120
-0.7768 -0.8835 0.0798 80 200 120
-2.7069 -2.0312 0.3593 80 200 120
-0.8169 -0.8290 0.0347 80 200 120
-0.4678 -1.1166 0.4411 80 200 120
-0.4300 -1.1476 0.4821 80 200 120
-1.0622 -1.1706 0.2619 80 200 120
243.7755 112.6078 -148.6370 80 200 120
3.1050 3.0272 0.1206 80 200 120
2.2192 4.3293 -1.6560 80 200 120
1.2360 1.1834 -0.0709 80 200 120
4.3027 10.1703 -3.8322 80 200 120
1.9606 6.9537 -2.9531 80 200 120
-4.3401 -2.6372 0.6952 80 200 120
-3.1676 -2.1827 0.6577 80 200 120
-0.8617 -1.3709 0.5089 80 200 120
-4.3720 -2.8556 0.4441 80 200 120
-1.4230 -1.8194 1.0830 80 200 120
-1.5323 -2.0478 1.3426 80 200 120
-24.6803 -4.4064 12.4488 80 200 120
1.0995 1.0472 -0.4106 80 200 120
2.8992 2.6911 -0.6619 80 200 120
2.1405 1.6801 -0.1545 80 200 120
0.5898 0.6809 -0.1737 80 200 120
7.1237 3.4126 1.0202 80 200 120
-4.3450 -2.4424 0.8876 80 200 120
-0.9119 -1.2649 0.4157 80 200 120
-1.5741 -1.4138 0.1578 80 200 120
-0.3230 -0.5494 0.0556 80 200 120
-0.8261 -0.9251 0.0318 80 200 120
-1.7708 -1.5130 0.4511 80 200 120
-1.2597 -1.2529 0.1415 80 200 120
-0.8758 -1.6471 0.6758 80 200 120
-0.9891 -2.0146 0.9218 80 200 120
-2.0698 -2.7254 1.8080 80 200 120
0.8887 0.7131 -0.1988 80 200 120
-5.0272 -2.4837 1.0601 80 200 120
-0.8434 -0.9916 0.1407 80 200 120
-0.5924 -0.8462 0.1491 80 200 120
-2.0331 -1.9270 0.9047 80 200 120
-1.9774 -2.0265 1.0144 80 200 120
1.1822 0.7925 -0.2580 80 200 120
-2.8705 -2.2346 0.1649 80 200 120
-1.0916 -1.2855 0.3748 80 200 120
-1.2809 -1.7155 0.6476 80 200 120
-2.1886 -2.2910 1.3846 80 200 120
-2.6315 -2.7988 1.9216 80 200 120
-1.4257 -1.5241 0.5215 80 200 120
-1.1156 -1.3610 0.4213 80 200 120
-1.5733 -1.4491 0.2512 80 200 120
-3.8198 -2.0658 0.9908 80 200 120
-3.9860 -2.9155 1.9671 80 200 120
-4.8182 -2.2610 1.1142 80 200 120
-48.1992 -45.4727 40.8136 80 200 120
2347.6257 2979.5469 1004.2250 80 200 120
-149.0894 -86.9397 12.0709 80 200 120
-15.1044 -16.3161 9.4865 80 200 120
7.7308 3.4572 -3.0596 80 200 120
-2.4759 -1.7203 0.6287 80 200 120
-5.4132 -2.2775 1.4463 80 200 120
-466.3098 -426.9028 256.0654 80 200 120
-2.7223 -2.1910 1.0281 80 200 120
-126.8215 -92.6258 86.1750 80 200 120
-212.5953 -168.7891 163.9144 80 200 120
-43.6225 -30.8572 24.5381 80 200 120
-2.4716 -1.7577 0.5441 80 200 120
-19.2843 -14.7595 9.0316 80 200 120
-4.1206 -2.7738 1.6516 80 200 120
-6.0563 -3.5519 2.6780 80 200 120
-11.9555 -7.7964 5.6789 80 200 120
-5.8131 -2.5726 1.1093 80 200 120
-10.0242 -4.0509 4.4662 80 200 120
3.6315 0.7831 -0.9215 80 200 120
56.9193 55.7722 22.3188 80 200 120
1.8729 -0.4644 -1.2430 80 200 120
-5.6769 -2.1887 1.4160 80 200 120
-3846.8872 -2024.7114 1767.3850 80 200 120
-58.1438 -27.0550 30.2715 80 200 120
-37.3443 -18.8785 12.1443 80 200 120
-15.9464 -4.1071 6.9150 80 200 120
-59.2515 -29.1849 22.7228 80 200 120
-15.9512 -3.3082 6.0931 80 200 120
3.4308 -1.5610 -2.0564 80 200 120
5.8485 -0.5685 -2.1444 80 200 120
30.6155 46.7025 -27.2306 80 200 120
15.0500 4.5096 -4.6512 80 200 120
-7.4174 -2.3287 2.0197 80 200 120
-44.3405 -20.9452 29.9062 80 200 120
-12.2115 -2.6163 3.7732 80 200 120
-993.9182 -326.1661 392.6759 80 200 120
-30.9341 -12.8479 11.0711 80 200 120
-506.0523 2248.0255 -37.7347 80 200 120
11.7216 6.9791 2.7113 80 200 120
7.4100 3.9006 2.2269 80 200 120
-40.0685 170.3211 -39.9781 80 200 120
-3627.1632 3495.1154 1215.9352 80 200 120
-189.4183 39.7009 91.2922 80 200 120
0.6161 -1.1552 -0.7218 80 200 120
-32.9861 175.6569 -21.9759 80 200 120
-6.2154 101.8025 -17.3089 80 200 120
-238.1118 -93.9084 77.6440 80 200 120
-183.0189 -71.9322 89.0228 80 200 120
-100.7986 -65.5034 70.2687 80 200 120
-190.6321 -9.6492 83.1378 80 200 120
26.0216 227.9121 16.8264 80 200 120
-15.1660 188.2544 44.0327 80 200 120
8.1444 4.5320 -1.8754 80 200 120
2.7566 -0.2338 -2.0790 80 200 120
15.8569 -33.5603 -10.8159 80 200 120
17.1048 -30.6396 -10.3413 80 200 120
15.9367 13.0072 11.5348 80 200 120
20.3687 21.7617 -6.7002 80 200 120
129.0558 171.9228 38.0685 80 200 120
-12.7978 86.4083 -16.2729 80 200 120
-720.2272 22.9138 279.3658 80 200 120
-43.2097 -12.5270 16.3166 80 200 120
-1443.0232 -489.0076 516.6935 80 200 120
-10.6502 -2.0345 2.4020 80 200 120
-3.9563 -1.9767 0.9651 80 200 120
-20.6892 -1.2876 0.4508 80 200 120
-3.4340 -2.3340 -2.6630 80 200 120
-87.8734 419.4564 61.9632 80 200 120
7.1762 5.4683 -1.0812 80 200 120
4.9878 -1.3358 -1.0986 80 200 120
10.4629 11.0305 -1.6610 80 200 120
1.8978 -1.3873 -0.8363 80 200 120
34.3301 55.5045 -10.6741 80 200 120
125.3025 130.8982 -5.4411 80 200 120
-65.1429 -10.4728 25.9647 80 200 120
-42.1270 -1.9052 9.0976 80 200 120
-1145.9423 110.7823 355.7157 80 200 120
-19.4808 -1.2036 4.7365 80 200 120
-3908.4531 806.0291 1122.8284 80 200 120
-327.7803 28.5962 129.9085 80 200 120
-251.3405 -19.4610 90.3428 80 200 120
-14.8244 0.0171 -6.0465 80 200 120
-21.0372 -0.8608 -0.8198 80 200 120
-45.2918 -2.2777 13.2691 80 200 120
2.0592 -1.7232 -2.0235 80 200 120
3.6266 -0.2771 -0.8322 80 200 120
4.8651 -0.2751 -0.6511 80 200 120
17.1044 -5.2189 3.5093 80 200 120
38.5029 39.8816 -20.1604 80 200 120
26.7754 26.2663 -10.9074 80 200 120
-28.4716 0.4332 6.5990 80 200 120
-67.1740 -11.2183 25.2614 80 200 120
-5.9626 -2.3437 1.2866 80 200 120
-123.1478 -24.7647 46.6087 80 200 120
-225.8876 -21.9558 72.3524 80 200 120
-347.2766 44.8530 148.4657 80 200 120
-7.8998 -0.9526 -3.5375 80 200 120
-19.5080 361.0525 15.8434 80 200 120
11.3412 366.6164 14.6297 80 200 120
41.4720 35.2095 -11.2843 80 200 120
82.3524 82.1339 -19.0025 80 200 120
12.1853 4.9523 3.5818 80 200 120
-25.6089 269.0927 -45.0734 80 200 120
-34.7544 2.0784 8.4771 80 200 120
-134.3769 -9.2876 34.6084 80 200 120
-12211.6551 249.7605 1559.1515 80 200 120
-37.9501 2.0236 10.0668 80 200 120
-6.6234 -2.1027 -3.7239 80 200 120
-20.1931 2.9357 0.2240 80 200 120
-72.6198 14.3611 -12.5698 80 200 120
-80.8912 150.8513 72.3614 80 200 120
-6.0860 -2.0352 1.5462 80 200 120
-116.3150 1.5567 12.3766 80 200 120
-53.2976 6.0909 15.6044 80 200 120
-37.2207 0.1549 6.7959 80 200 120
-6.5301 -2.0042 1.5903 80 200 120
-17.8776 4.3141 -2.6972 80 200 120
-19.2835 10.6719 -9.6032 80 200 120
-20.8042 5.0410 -1.3333 80 200 120
-20.8257 8.1079 -5.3041 80 200 120
-127.5320 300.8948 -13.5807 80 200 120
7.0213 0.8650 2.6003 80 200 120
-81.7552 336.0013 -51.1794 80 200 120
31.3961 1004.5219 49.8829 80 200 120
-6.7020 -1.9740 1.7002 80 200 120
-9.3603 -1.6564 2.2588 80 200 120
-127.9106 -9.3006 22.5590 80 200 120
-8.5943 -1.7562 2.2078 80 200 120
-6.6693 -1.9821 1.6373 80 200 120
-216.6404 -14.6981 32.6125 80 200 120
-8.1083 -1.8705 1.9953 80 200 120
-159.6883 -18.4792 27.2263 80 200 120
-145.9225 -5.9729 24.8352 80 200 120
-1505.9073 44.5322 448.6902 80 200 120
-24.0576 -1.2333 -2.4159 80 200 120
-26.7691 1.3338 6.7486 80 200 120
-169.7220 38.9193 42.9411 80 200 120
-9.2583 -3.5839 -4.4639 80 200 120
-12.3353 1.4461 -5.7707 80 200 120
-14.5538 5.4762 -6.7838 80 200 120
61.5478 731.7910 165.8442 80 200 120
34.2733 344.7543 43.5759 80 200 120
-639.7014 409.3331 125.7621 80 200 120
-33.1516 1.0425 5.8110 80 200 120
-8.6224 -1.6911 -4.6298 80 200 120
1221.0932 253.4675 -164.9479 80 200 120
27.8433 21.5906 0.7473 80 200 120
26.6447 17.9585 1.0427 80 200 120
21.6044 -13.4423 -1.7765 80 200 120
0.6306 -2.0397 -1.4966 80 200 120
105.2233 19.7853 62.8891 80 200 120
3.1944 -2.0806 -1.2731 80 200 120
310.1873 209.2700 2.6425 80 200 120
249.9799 89.4211 -56.0790 80 200 120
307.6043 296.5581 101.5833 80 200 120
1134.9290 8027.9009 1438.5596 80 200 120
2435.5242 2765.0381 -217.1417 80 200 120
123.9856 131.5952 15.7096 80 200 120
373.0346 222.8842 -37.8433 80 200 120
229.3234 308.2503 39.8647 80 200 120
47.0020 12.3441 -13.9069 80 200 120
746.0543 583.7187 47.9116 80 200 120
-30.9431 111.5601 -13.9322 80 200 120
21.3950 1.8152 -1.7687 80 200 120
31.3582 -6.5123 -3.9901 80 200 120
17.6772 -3.7051 -2.1606 80 200 120
195.3211 -36.6818 0.2765 80 200 120
-124.2211 55.5125 32.8424 80 200 120
-29.3653 1.1997 5.4846 80 200 120
-10.9988 0.3281 -5.0699 80 200 120
-39.2741 40.0445 -24.4696 80 200 120
-18.5461 0.6345 2.5758 80 200 120
-12.9539 6.0386 -5.6873 80 200 120
-13.4169 5.5842 -3.9954 80 200 120
-9.1931 1.8228 -4.5409 80 200 120
-18.2059 3.2938 1.5378 80 200 120
-18.1125 3.8532 -0.4857 80 200 120
-12.8222 0.8144 -1.6736 80 200 120
-5.7826 -0.4037 -3.4941 80 200 120
-15.4978 8.1943 -11.5585 80 200 120
-8.1422 0.4558 -3.6193 80 200 120
-4.8122 26.2686 3.3942 80 200 120
931.6981 111.1715 -235.8218 80 200 120
139.9673 36.8809 -33.1828 80 200 120
3.9796 8.3226 -2.9910 80 200 120
57.9158 16.2050 -8.3737 80 200 120
-8.2892 8.2107 3.0925 80 200 120
-10.5615 10.1383 5.5792 80 200 120
-4.8083 6.1492 -0.6841 80 200 120
-17.6205 28.5011 6.3437 80 200 120
-7.2855 10.0995 0.1095 80 200 120
-2758.0500 -236.3530 781.1867 80 200 120
1.1259 2.9684 -1.8124 80 200 120
-0.1008 4.5113 -1.3866 80 200 120
0.7095 3.6020 -2.4274 80 200 120
0.9758 3.0586 -1.8780 80 200 120
25.4458 10.8742 -10.8607 80 200 120
2.9695 6.3303 -3.4774 80 200 120
-60.1346 88.5633 14.3651 80 200 120
-2.5555 5.9968 -1.4103 80 200 120
37.0144 12.7028 -11.7336 80 200 120
-9.5492 2.0728 -4.0767 80 200 120
3.0746 6.5675 -1.3585 80 200 120
14.1162 9.4362 -7.0359 80 200 120
14.5063 7.8755 -6.6601 80 200 120
47.9796 29.0008 -26.3386 80 200 120
2.6411 6.6028 -1.2700 80 200 120
-37.3680 97.4112 -8.5397 80 200 120
3.3339 6.2759 -3.4041 80 200 120
10.5929 8.0795 -4.0170 80 200 120
-52.4509 338.0584 28.2517 80 200 120
6.4933 6.2466 -1.7447 80 200 120
4.3336 6.8897 -1.9148 80 200 120
3.5045 6.5169 -1.5572 80 200 120
3.2989 6.7314 -1.7995 80 200 120
6.0491 6.7478 -1.6171 80 200 120
-7.3390 0.6537 -3.8299 80 200 120
2.3720 6.3113 -1.6743 80 200 120
34.2954 -23.5423 -0.7482 80 200 120
13.6766 5.4285 -4.7161 80 200 120
12.8339 8.8808 -6.5402 80 200 120
24.7254 13.5483 -11.4515 80 200 120
16.2147 24.1385 -4.7138 80 200 120
39.4541 23.7954 -27.5059 80 200 120
54.8956 110.7367 -4.5839 80 200 120
-5.8882 20.0205 2.1227 80 200 120
-552.1853 -9.5993 19.1411 80 200 120
-5.5843 6.8407 -0.9160 80 200 120
-7.7211 9.7123 -0.2558 80 200 120
-11.4349 16.1021 2.6098 80 200 120
-5.2526 6.0505 -0.7836 80 200 120
-10.6732 5.6983 -6.6108 80 200 120
-35.6929 47.6624 -18.5922 80 200 120
-15.9004 9.4196 -6.8252 80 200 120
-19.4912 15.8165 -8.2976 80 200 120
0.1869 4.0394 -2.9408 80 200 120
-0.9915 3.4014 -1.0478 80 200 120
-25.4386 24.9013 -14.6545 80 200 120
3.0111 4.1754 -2.6426 80 200 120
1.3027 2.6967 -1.8581 80 200 120
-0.1333 7.3939 -1.2481 80 200 120
18.8564 7.8636 -9.1852 80 200 120
14.9439 4.3865 -4.4428 80 200 120
8.0498 -4.1227 -2.3116 80 200 120
15.4190 9.4643 -5.8987 80 200 120
8.6017 3.3917 -1.5853 80 200 120
17.8266 7.3426 -4.7577 80 200 120
18.2446 4.7346 -2.9623 80 200 120
699.4168 343.2238 -127.4870 80 200 120
23.7869 28.0840 -16.9814 80 200 120
-13.7586 11.4106 5.3152 80 200 120
-11.6493 9.4492 3.5443 80 200 120
-14.6321 11.1600 6.3586 80 200 120
-11.7823 10.4940 3.6282 80 200 120
-12.4141 14.3724 1.7916 80 200 120
-7.7676 7.5619 -0.2325 80 200 120
-30.0329 15.4418 4.4464 80 200 120
-44.4603 1.1000 7.7374 80 200 120
-112.1604 9.2375 29.4158 80 200 120
-4.0583 5.3845 -0.2924 80 200 120
49.5831 20.0994 -21.4784 80 200 120
4.0689 7.6509 -1.9336 80 200 120
147.4967 187.8494 7.1682 80 200 120
8.7444 7.5275 -3.5632 80 200 120
10.1458 10.8474 -4.2413 80 200 120
15.8758 253.1993 41.9887 80 200 120
6.4857 10.8535 -3.8472 80 200 120
1.0884 9.1732 -6.6945 80 200 120
10.4408 7.0725 -3.4293 80 200 120
11.7065 4.1001 -6.1563 80 200 120
134.3971 2.2043 -24.6693 80 200 120
23.8954 -10.8033 -2.4662 80 200 120
9.6299 22.3390 -8.7352 80 200 120
85.3010 33.8389 -15.5739 80 200 120
15.0754 29.4849 -20.2531 80 200 120
16.2564 119.9489 -24.5821 80 200 120
-17.0520 14.5149 6.5287 80 200 120
-14.1507 12.3939 4.6442 80 200 120
-14.5139 13.2224 4.7190 80 200 120
-5.9173 5.2762 -1.3598 80 200 120
-7.4764 6.7504 -1.1898 80 200 120
-10.4743 10.8685 -0.4907 80 200 120
-13.2376 14.8338 0.5739 80 200 120
-21.5572 21.4971 -9.4136 80 200 120
-3.4345 6.5320 -3.2578 80 200 120
-4.7399 4.6234 0.5539 80 200 120
-7.5806 7.1615 -0.9888 80 200 120
-383.5808 -1.2414 64.1598 80 200 120
-3.1968 5.8767 -3.7408 80 200 120
-40.4746 2.3745 5.8429 80 200 120
-18.4170 14.9840 -10.1192 80 200 120
20.7550 -0.3123 -8.2256 80 200 120
48.3773 10.6089 -8.8163 80 200 120
31.4773 32.9960 -21.9148 80 200 120
79.0782 88.7493 10.6747 80 200 120
16.1034 14.1634 -10.6246 80 200 120
8.0377 51.4433 0.9603 80 200 120
24.5989 12.2075 -11.2069 80 200 120
8.2022 2.6614 -2.5634 80 200 120
39.9498 14.6774 -23.0035 80 200 120
-107.7150 168.2610 48.0469 80 200 120
-34.5455 -12.6296 -10.9617 80 200 120
-9.0706 1.5949 -4.2583 80 200 120
19.5314 127.5006 25.0507 80 200 120
30.4002 68.0527 -49.6552 80 200 120
13.3805 30.3215 -15.6563 80 200 120
109.6556 144.2604 -95.0844 80 200 120
12.1879 3.4739 -4.4245 80 200 120
20.0404 -4.1509 -4.5711 80 200 120
25.3635 5.1659 -7.0329 80 200 120
18.9560 3.3335 -4.6013 80 200 120
65671.8836 34229.5267 -14099.4532 80 200 120
-25.0984 18.2709 6.4072 80 200 120
-13.0434 12.5383 -1.1156 80 200 120
-4.3257 4.6785 5.6452 80 200 120
-8.0370 10.0894 -4.3405 80 200 120
-8.4910 12.1864 -5.2362 80 200 120
-8.6588 11.7412 -6.8270 80 200 120
-19.9311 14.5371 6.6116 80 200 120
-10.9679 11.0583 -1.3332 80 200 120
-26.2884 33.0822 3.9344 80 200 120
36.1782 61.7569 11.2824 80 200 120
-6.7189 141.0104 32.8678 80 200 120
15.7563 13.7022 -9.5934 80 200 120
22.2705 6.4342 -6.7197 80 200 120
31.3386 5.2347 -8.4631 80 200 120
59.9605 158.8431 39.3433 80 200 120
26.9672 9.7221 -7.9839 80 200 120
55.0311 133.1453 19.1187 80 200 120
28.0683 3.0275 -7.0723 80 200 120
-0.2848 -1.7987 -2.9963 80 200 120
463.2370 343.6696 26.2856 80 200 120
258.3747 131.9202 -77.5162 80 200 120
71.6982 31.7077 -22.2036 80 200 120
35.6030 22.6499 -17.3535 80 200 120
14.2737 7.0977 -4.4736 80 200 120
13.4193 7.3294 -4.4933 80 200 120
24.8435 -6.5250 -5.5712 80 200 120
29.2824 7.6226 -6.7087 80 200 120
8.3399 4.7455 -2.7008 80 200 120
12.8838 7.0214 -2.9794 80 200 120
22.9831 -1.4842 -7.7342 80 200 120
105.2285 57.4853 -21.9856 80 200 120
4.0069 2.1377 -1.6547 80 200 120
61.4390 22.2686 -24.4696 80 200 120
472.7723 153.2505 -186.8699 80 200 120
17.6652 6.0927 -1.3222 80 200 120
15.6950 6.5614 -5.5196 80 200 120
272.9053 1.4496 -82.8090 80 200 120
-11.7837 10.6991 18.3661 80 200 120
13.5408 5.5152 -4.7729 80 200 120
28.8293 19.9998 -10.7529 80 200 120
2116.1779 536.8279 -675.0406 80 200 120
20.0724 4.5343 -5.6071 80 200 120
21.4075 2.9721 -5.6453 80 200 120
1.3899 2.1606 0.7282 80 200 120
0.4101 1.4104 1.2863 80 200 120
-0.4093 0.9325 1.4751 80 200 120
156.0258 -9.2981 -31.8979 80 200 120
24.2568 9.2056 -7.1204 80 200 120
28.7960 14.7499 -10.2612 80 200 120
48.4394 2.7960 -12.4838 80 200 120
108.1299 72.7648 -35.4859 80 200 120
10.1630 5.6000 -3.3324 80 200 120
-12.7434 1.8231 9.4885 80 200 120
189.7457 558.6124 146.9285 80 200 120
61.4396 79.3791 -42.0348 80 200 120
5.0335 50.2954 -6.3396 80 200 120
22.6899 0.1607 -7.7316 80 200 120
144.9208 -17.4269 -34.5048 80 200 120
11.5224 3.3496 -3.9211 80 200 120
17.0606 5.3072 -6.5057 80 200 120
98.1157 81.6138 -36.9878 80 200 120
15.3257 14.3061 -5.3880 80 200 120
19.3365 7.3960 -6.9814 80 200 120
18.3615 14.0488 -7.1756 80 200 120
16.3441 10.8916 -5.6991 80 200 120
76.9595 30.7687 -15.4144 80 200 120
90.8304 93.2747 -53.0982 80 200 120
5.9037 2.9514 -2.1161 80 200 120
50.4768 37.0588 -0.0017 80 200 120
64.8086 89.7007 3.4846 80 200 120
52.5149 211.3581 21.2890 80 200 120
44.2631 41.3703 4.6192 80 200 120
84.9842 74.4999 -5.0300 80 200 120
27.3736 58.0377 3.3015 80 200 120
23.2267 6.6082 -9.0632 80 200 120
-13.6189 -0.6414 9.5105 80 200 120
-8.4188 1.9566 6.3113 80 200 120
-52.4401 50.9464 69.7233 80 200 120
5.7159 1.9670 -1.1204 80 200 120
498.9922 148.0595 -223.1725 80 200 120
8.0429 3.1787 -1.7861 80 200 120
-5.0275 -2.4171 1.1845 80 200 120
-9.1061 858.1240 38.3385 80 200 120
21.8773 191.2337 34.3709 80 200 120
1.2433 210.8165 39.7256 80 200 120
42.4927 491.7342 36.8179 80 200 120
-23.2306 167.2900 45.1893 80 200 120
1.3829 -1.8547 -3.6804 80 200 120
291.4241 134.3253 -129.0936 80 200 120
10.0160 46.5423 -13.7714 80 200 120
3.5863 3.4326 -0.7482 80 200 120
27.1760 18.8765 -6.3276 80 200 120
596.7107 370.9205 -193.8923 80 200 120
-5.5019 -3.2290 3.8483 80 200 120
-4.2182 -2.1562 3.6534 80 200 120
15.5843 4.1564 -3.8652 80 200 120
41.0785 116.3141 29.2842 80 200 120
-16.1132 396.7555 50.7676 80 200 120
-62.6767 516.2855 80.6886 80 200 120
62.7825 1.8014 -13.1507 80 200 120
17.4583 9.3512 -6.4056 80 200 120
20.4637 2.4945 -4.6367 80 200 120
37.5907 91.5082 21.4227 80 200 120
20.2687 3.8814 -5.5827 80 200 120
276.1588 72.3774 -98.3154 80 200 120
4.0990 1.8311 -1.9134 80 200 120
-15.6021 3.0850 13.1810 80 200 120
-13.4113 3.4177 9.4895 80 200 120
-6.7857 -4.6268 3.2574 80 200 120
-10.9282 -4.7069 3.7486 80 200 120
-13.6192 -1.3558 7.7242 80 200 120
10.4027 5.2723 -2.6111 80 200 120
-918.1925 5487.3804 880.8660 80 200 120
5.1064 3.9519 -1.2816 80 200 120
16.0978 9.2535 -3.6677 80 200 120
-61.7473 24.9439 28.9490 80 200 120
-195.2525 219.6036 78.6683 80 200 120
-45.3899 20.9737 34.8646 80 200 120
-15.0178 -2.3837 3.7990 80 200 120
-21.5666 139.7623 37.4329 80 200 120
20.3106 19.2870 -6.3647 80 200 120
50.7964 90.4832 15.4304 80 200 120
190.0183 471.8292 86.7008 80 200 120
-20.5096 80.0598 9.0790 80 200 120
127.8234 35.7245 -31.9071 80 200 120
249.2171 42.1054 -61.4988 80 200 120
7.1336 2.9825 -1.5684 80 200 120
40.3099 199.3250 -55.5327 80 200 120
38.8663 23.8656 -17.2901 80 200 120
-0.3888 87.4014 -28.2636 80 200 120
8.0406 14.5439 -3.8436 80 200 120
6.3784 46.0106 -2.3048 80 200 120
6.2630 3.0002 -1.4042 80 200 120
3.8485 70.9471 -18.0312 80 200 120
-26.0836 5.2826 17.1976 80 200 120
-1245.3453 2287.6179 561.7320 80 200 120
-46.2056 13.7436 27.2888 80 200 120
-39.0134 11.4537 9.3167 80 200 120
10.0902 4.9996 -2.2160 80 200 120
68.0849 215.3419 1.4653 80 200 120
33.8593 22.6982 -4.6903 80 200 120
17.6374 9.8054 -4.0033 80 200 120
5.7699 4.3887 -1.4512 80 200 120
38.9217 58.7115 -6.6855 80 200 120
10.9333 7.9051 -3.0683 80 200 120
5.1077 3.2433 -1.0641 80 200 120
23.5788 17.0382 -2.3535 80 200 120
30462.0592 12545.7616 -16170.1227 80 200 120
-5.0734 1.0868 1.2285 80 200 120
-13.5126 3.6832 15.0502 80 200 120
-11.6438 1.1728 12.1547 80 200 120
21.2657 90.8880 15.1095 80 200 120
22.7577 124.1152 10.1149 80 200 120
56.4216 175.8329 67.2378 80 200 120
-134.2919 146.6625 57.3427 80 200 120
-72.8598 23.8017 9.7323 80 200 120
-34.5225 40.6360 28.1858 80 200 120
-32.3031 24.0520 22.1030 80 200 120
-52.3504 18.4625 9.1037 80 200 120
-85.5322 56.1001 45.5262 80 200 120
-25.7579 -0.7282 16.8486 80 200 120
-71.0391 42.8440 52.0622 80 200 120
-48.2130 21.6151 26.8351 80 200 120
-31.6251 11.0032 7.1666 80 200 120
-39.1309 20.2453 25.4467 80 200 120
-40.6745 -5.6947 25.1562 80 200 120
-5.7467 -5.8699 4.9999 80 200 120
-29.6847 2.0751 -1.7062 80 200 120
76.5262 85.8870 -4.9030 80 200 120
-122.0224 156.6211 43.9622 80 200 120
-119.4576 34.5023 24.7541 80 200 120
755.5755 3772.8720 36.6142 80 200 120
-56.5389 14.9832 6.0409 80 200 120
-330.3526 290.0585 93.8263 80 200 120
250.5515 21.6574 -80.0317 80 200 120
11.2489 -1.8494 -6.5516 80 200 120
61.5711 45.2767 -17.0879 80 200 120
16.1546 23.9823 -5.4670 80 200 120
-1.2738 88.6070 -33.4768 80 200 120
105.8076 39.1093 -3.5486 80 200 120
-86.5538 41.2837 29.9950 80 200 120
-3.5798 27.2818 -4.3978 80 200 120
-36.4511 42.4740 7.6432 80 200 120
-31.1606 24.9604 -6.0710 80 200 120
-29.4728 1.0849 -0.2575 80 200 120
-206.7330 184.9594 57.8968 80 200 120
-40.2743 -8.6126 23.2883 80 200 120
10.8430 6.1393 -2.6319 80 200 120
5.8049 89.1812 -4.7206 80 200 120
-24.0976 12.8218 -10.8015 80 200 120
-364.1219 632.7290 213.7100 80 200 120
12.6700 17.4067 -4.6860 80 200 120
3.4464 5.6503 -1.5742 80 200 120
0.3714 2.4549 0.2681 80 200 120
556.4585 570.7959 -75.3588 80 200 120
15.8505 10.9937 -9.8930 80 200 120
4.7166 -0.1256 -5.4341 80 200 120
315.8778 325.2558 195.2903 80 200 120
127.2185 125.0674 21.7469 80 200 120
38.6823 19.4721 -10.8704 80 200 120
-25.4874 2.5608 3.3491 80 200 120
146.1307 107.1092 -17.4870 80 200 120
-12.0971 36.0311 -2.8775 80 200 120
1.0176 6.7982 -2.1372 80 200 120
11.3548 16.7127 -5.3852 80 200 120
6.4138 4.0135 -2.2856 80 200 120
117.3416 75.5944 -31.4528 80 200 120
326.3697 237.7632 12.1490 80 200 120
6.9603 11.4166 -3.6529 80 200 120
-17.5962 94.7202 -23.5208 80 200 120
39.9393 47.1720 -14.4925 80 200 120
-74.9355 13.4289 29.5630 80 200 120
16.1928 9.2266 -5.2394 80 200 120
-20.6354 1.9541 1.5768 80 200 120
-82.3766 90.4584 39.2156 80 200 120
-22.0990 -0.2540 7.1568 80 200 120
-27.8664 6.1141 13.5213 80 200 120
-27.6941 10.7931 14.9401 80 200 120
-17.9569 -0.6720 12.3543 80 200 120
-21.2629 25.8363 14.0392 80 200 120
-6.3291 -5.4017 3.7943 80 200 120
-14.9871 -0.4010 3.6167 80 200 120
-10.8650 -1.4171 1.8614 80 200 120
-17.9092 -6.6180 8.0282 80 200 120
-9.4380 -1.0239 0.3653 80 200 120
-25.3672 9.1175 -9.6481 80 200 120
-11.1362 4.8902 -5.7444 80 200 120
-567.5138 411.5591 -69.7758 80 200 120
-111.0613 80.5456 3.0153 80 200 120
10.5447 49.2777 2.4644 80 200 120
6.6878 3.5493 -1.6009 80 200 120
-16.5925 0.6357 0.5884 80 200 120
23.5389 30.0944 -8.7339 80 200 120
-12.9595 41.5124 -3.7185 80 200 120
5981.6810 4408.1399 -3874.9687 80 200 120
44.9263 18.9338 -35.6100 80 200 120
55.3564 55.5515 -13.3404 80 200 120
98.8838 60.6364 -13.7575 80 200 120
12.9313 5.5152 -9.2977 80 200 120
20.7526 10.6897 -17.6443 80 200 120
348.6465 152.7588 -10.3363 80 200 120
47.1818 24.5987 -18.5364 80 200 120
-6.3442 -3.8617 10.8776 80 200 120
-3.5220 -6.8807 6.9992 80 200 120
227.6712 553.4277 241.9046 80 200 120
978.7035 1052.8141 1339.6890 80 200 120
-147.4146 278.6647 76.8065 80 200 120
-1565.1149 1017.8430 721.8884 80 200 120
-66.5576 40.7182 76.3887 80 200 120
-49.9621 79.9961 34.1921 80 200 120
-111.8866 76.4123 72.3763 80 200 120
-470.9529 265.6944 247.7565 80 200 120
-61.5407 92.4726 30.8725 80 200 120
-568.3974 1022.4308 554.2859 80 200 120
-48.3255 41.9544 23.0594 80 200 120
-2935.3273 -382.9243 1391.0799 80 200 120
-32.9870 41.5735 17.9143 80 200 120
67.5261 31.2336 -27.4728 80 200 120
56.2621 79.5232 -23.6132 80 200 120
15.1922 41.3752 3.5420 80 200 120
-60.0862 11.2501 17.0369 80 200 120
7.6679 4.1309 -2.6104 80 200 120
737.6905 1260.5877 -54.7116 80 200 120
-466.7381 285.4557 418.4573 80 200 120
-7.0165 137.4407 -16.7467 80 200 120
-12.3104 2.4512 13.9432 80 200 120
-60.0065 -4.7054 45.3035 80 200 120
-244.4040 90.2562 6.4246 80 200 120
-43.6631 0.8576 21.6426 80 200 120
-238.4731 230.2164 269.4350 80 200 120
-39.2843 5.4708 26.0435 80 200 120
-52.1793 26.2933 26.1447 80 200 120
-21.5313 -0.5548 16.6827 80 200 120
-20.7794 1.3387 9.4180 80 200 120
-15.3972 -2.7617 5.5251 80 200 120
-199.7914 119.3436 70.2873 80 200 120
-24.0515 14.5122 11.3874 80 200 120
-10.8027 6.1915 10.5454 80 200 120
-2.6237 -7.9632 2.2840 80 200 120
-10.6249 -2.2094 1.7446 80 200 120
-20.3278 7.0715 -8.8858 80 200 120
-13.1473 2.9056 -7.7996 80 200 120
-13.2825 9.4160 -5.3911 80 200 120
-416.2850 497.6708 105.7782 80 200 120
-116.4920 68.3267 -17.4443 80 200 120
2.3316 56.9045 -6.4532 80 200 120
-259.9897 251.1846 57.8717 80 200 120
-5.0831 20.0806 -4.9105 80 200 120
-130.7827 41.6404 32.9980 80 200 120
111.2189 171.3368 3.2269 80 200 120
272.2729 416.1681 -52.4980 80 200 120
60.4910 33.6471 -26.2912 80 200 120
68.1568 55.6572 -31.1408 80 200 120
333.4509 256.6103 47.9783 80 200 120
16.1899 -3.1613 -12.9281 80 200 120
10.0506 14.8938 -1.1256 80 200 120
36.5622 14.3576 -18.7974 80 200 120
42.4707 64.1543 -10.8519 80 200 120
258.7315 289.8290 181.9920 80 200 120
1203.1334 1745.0721 1164.5103 80 200 120
20.6945 25.5230 8.3389 80 200 120
158.1254 285.1912 48.6245 80 200 120
60.5334 136.5238 36.5262 80 200 120
105.5384 412.1145 339.5199 80 200 120
874.2727 2577.6011 1551.4342 80 200 120
-26.7660 87.3413 20.1709 80 200 120
-42.3961 103.5970 23.8231 80 200 120
-37.0766 26.0724 -5.6854 80 200 120
-23.8430 12.2924 -6.5389 80 200 120
-61.5683 56.3140 15.3455 80 200 120
-33.9079 22.0722 19.1708 80 200 120
-35.7295 22.5239 -12.2890 80 200 120
-173.6896 13.0599 80.7479 80 200 120
0.6323 31.3596 -7.7000 80 200 120
2.3350 33.3704 -5.1158 80 200 120
37.6534 33.6598 -17.3599 80 200 120
-0.4304 18.9265 -5.4349 80 200 120
0.4086 5.4747 -2.0781 80 200 120
-24.1806 148.8580 -8.0083 80 200 120
-124.3948 103.8930 92.7582 80 200 120
-65.6834 46.4483 34.7639 80 200 120
-15.6317 -1.8682 8.8520 80 200 120
-17.3173 -4.9397 7.3843 80 200 120
-30.3668 -3.1815 11.9704 80 200 120
-93.5605 69.2709 20.5731 80 200 120
-52.9429 29.4296 32.5093 80 200 120
-19.7531 -2.8601 10.4591 80 200 120
-35.8190 8.4726 17.2164 80 200 120
-98.3148 -63.5510 -22.2748 80 200 120
-6.1589 -2.1010 0.3043 80 200 120
-13.9579 3.2848 -7.8873 80 200 120
-17.7058 6.1815 -10.2829 80 200 120
-21.1313 7.6320 -11.2221 80 200 120
-14.9203 1.5350 -9.0894 80 200 120
-31.1983 20.5806 -11.6307 80 200 120
-14.5253 6.4993 -9.1301 80 200 120
-1.2308 47.1288 -3.2319 80 200 120
-53.6208 64.2058 -7.5204 80 200 120
-23.7614 -0.0683 9.8797 80 200 120
-58.9944 55.4205 19.6681 80 200 120
-3510.7366 -2666.6725 -539.3559 80 200 120
-1088.1160 760.4818 -126.4009 80 200 120
-20.2447 10.6611 9.7966 80 200 120
-18.4695 -2.7115 4.5581 80 200 120
-26.2731 32.1124 12.4211 80 200 120
-0.4925 0.4766 1.4133 80 200 120
27.7960 1.2747 -7.4258 80 200 120
0.4166 8.1158 -0.7874 80 200 120
985.1266 464.9286 -187.2191 80 200 120
28.4981 49.7818 -0.8811 80 200 120
40.9089 46.4939 50.2699 80 200 120
14.4883 100.4560 43.6122 80 200 120
38.9785 94.9627 33.0983 80 200 120
32.3837 64.6035 10.5682 80 200 120
21.0651 40.3291 13.2281 80 200 120
156.2556 703.2004 184.7312 80 200 120
32.0655 58.9854 1.5418 80 200 120
847.5674 962.8122 881.0479 80 200 120
7.7613 13.2292 -2.0187 80 200 120
29.0424 53.1307 16.0015 80 200 120
48.2917 83.4442 18.0431 80 200 120
29.8912 94.5895 22.8057 80 200 120
27.3567 81.0189 40.1547 80 200 120
2.3419 23.3526 13.3772 80 200 120
-27.9842 14.0255 -3.3788 80 200 120
-64.1200 63.2835 17.0585 80 200 120
-118.2172 115.7553 22.5825 80 200 120
15.5950 30.6848 14.2566 80 200 120
-43.2612 31.5522 -1.0861 80 200 120
-37.6735 42.9663 23.9999 80 200 120
-184.0447 116.0497 180.8201 80 200 120
-86.2282 71.4397 15.5007 80 200 120
-22.2695 50.8399 29.2765 80 200 120
-111.4345 27.5897 66.7095 80 200 120
-98.2648 -29.0479 58.6010 80 200 120
-20.0125 11.0477 -9.4213 80 200 120
24.0448 8.5374 19.7939 80 200 120
-17.4651 9.4962 -9.5341 80 200 120
-37.5180 21.4047 18.3918 80 200 120
-233.9609 268.0064 74.0995 80 200 120
-17.7236 -6.5015 15.5239 80 200 120
-18.5024 1.0415 14.6947 80 200 120
-34.5647 -7.6835 3.9376 80 200 120
-26.4131 12.3175 12.2171 80 200 120
-11.8260 -5.2822 3.3366 80 200 120
-22.2924 19.6757 11.6016 80 200 120
-1314.2622 478.7933 488.7762 80 200 120
-73.7687 124.0539 37.5806 80 200 120
-23.8475 18.8946 9.6878 80 200 120
-25.8700 20.5603 23.4307 80 200 120
-10.4352 -3.6592 0.6995 80 200 120
-15.7364 2.3000 -9.8338 80 200 120
-17.1925 3.9674 11.4919 80 200 120
-11.1586 2.3069 -7.4548 80 200 120
-85.9388 -16.7046 9.1568 80 200 120
-17.1731 2.7342 10.6684 80 200 120
-21.4162 -2.1779 11.7265 80 200 120
-22.9416 -1.9179 -11.5663 80 200 120
-21.5561 9.8555 12.5983 80 200 120
-25.7695 -3.7571 9.4572 80 200 120
-31.0479 21.3187 10.6655 80 200 120
-19.5970 8.9032 -4.6518 80 200 120
-566.9023 -53.9776 49.8425 80 200 120
-23.9167 2.2898 13.1441 80 200 120
27.3306 48.3727 -6.3279 80 200 120
178.4318 102.2623 9.8179 80 200 120
183.3282 191.6677 196.4482 80 200 120
57.6002 122.8964 -34.4404 80 200 120
16.8696 52.9565 13.6568 80 200 120
17.8101 24.4886 -4.6343 80 200 120
28.3898 48.7127 -6.2366 80 200 120
50.2498 51.2426 16.8561 80 200 120
26.1901 31.8898 -9.5875 80 200 120
45.2178 114.4228 84.1247 80 200 120
17.1699 28.5470 14.4106 80 200 120
26.1080 60.1963 -0.1892 80 200 120
-37.0827 35.5970 14.3209 80 200 120
-26.3740 13.7029 21.8584 80 200 120
-32.1492 19.8353 21.9873 80 200 120
-107.8314 11.0526 66.3398 80 200 120
-93.6374 -17.7732 43.3789 80 200 120
-38.0310 27.1927 14.1091 80 200 120
-19.9190 7.8458 16.4641 80 200 120
-23.8621 35.4378 30.8872 80 200 120
100.0559 137.4103 -22.0957 80 200 120
0.3934 72.4734 15.1143 80 200 120
-657.8206 609.3128 548.4991 80 200 120
-145.5146 154.9641 24.0256 80 200 120
-6.4077 39.6216 -6.4168 80 200 120
-21.4680 1.7899 10.1795 80 200 120
-49.3106 22.7949 24.6809 80 200 120
-23.2878 0.7897 14.6384 80 200 120
-87.7015 1.0483 29.9836 80 200 120
-30.1185 7.8768 18.3735 80 200 120
18.5455 28.6879 -3.7131 80 200 120
-22.8341 3.3532 11.5368 80 200 120
1.9045 11.8336 -3.5725 80 200 120
-10.5786 5.9574 12.9105 80 200 120
-17.6931 -11.1953 16.3117 80 200 120
-13.8243 -2.2364 11.8879 80 200 120
-18.2297 -2.1003 12.2079 80 200 120
-36.1302 32.8385 3.3432 80 200 120
-16.2137 2.8874 -10.1968 80 200 120
-24.5374 -1.1642 -13.7183 80 200 120
-20.9092 1.2935 -11.5454 80 200 120
-26.6272 -8.1743 -16.1062 80 200 120
-21.8416 4.0038 -10.9354 80 200 120
-31.1578 19.5833 4.9488 80 200 120
-64.8213 52.5229 21.7510 80 200 120
-25.0165 -15.5929 0.0104 80 200 120
-74.4335 54.5453 15.3169 80 200 120
-67.8503 59.6810 18.0481 80 200 120
-82.8312 -25.8664 -17.4864 80 200 120
-136.9287 91.1896 3.7746 80 200 120
-36.1568 27.4257 4.2684 80 200 120
-17.8744 -7.3099 3.3904 80 200 120
-11.8001 -6.6124 2.3680 80 200 120
-26.7143 2.0693 -13.2475 80 200 120
-34.0739 -38.6447 4.8224 80 200 120
-9.3156 -5.3414 2.7167 80 200 120
-5.6596 16.3273 -1.9828 80 200 120
-4.4186 1.3328 0.7814 80 200 120
-26.3742 -1.4163 10.6274 80 200 120
-13.4303 6.2172 -8.8540 80 200 120
15.7989 3.7726 -5.3416 80 200 120
9.2231 19.8497 -4.0361 80 200 120
59.6416 42.2171 -15.9080 80 200 120
-0.9130 0.3376 1.4685 80 200 120
-12.7188 3.1177 -8.2479 80 200 120
46.8216 119.4661 11.6193 80 200 120
75.9243 66.7843 100.6589 80 200 120
17.4393 26.9670 7.6227 80 200 120
12.2621 17.5546 7.8726 80 200 120
8.4377 0.4079 7.6993 80 200 120
14.0113 28.8541 19.1420 80 200 120
17.6856 22.3277 -1.7715 80 200 120
42.3760 29.5645 15.8103 80 200 120
4.4038 15.2249 1.1155 80 200 120
-1508.9098 12869.2735 2376.8407 80 200 120
464.5872 393.5174 -156.3779 80 200 120
13.8659 70.8157 13.8754 80 200 120
50.5561 89.2919 -29.5465 80 200 120
183.8236 777.6842 322.9349 80 200 120
10.5777 88.7434 16.3790 80 200 120
-1.6420 64.8811 4.9703 80 200 120
34.2389 44.4150 -18.4234 80 200 120
102.9509 145.8961 -57.1567 80 200 120
10.3889 50.8865 21.5088 80 200 120
129.8180 307.1757 -17.0213 80 200 120
283.5950 2532.3991 320.7387 80 200 120
-85.7824 977.3168 266.8520 80 200 120
4.4309 51.9922 18.3597 80 200 120
21.1942 103.3406 53.9853 80 200 120
94.5050 390.6787 300.0871 80 200 120
31.8219 36.1808 -17.4492 80 200 120
238.1698 325.8488 -109.0530 80 200 120
15.9353 57.8734 2.0118 80 200 120
10.5223 68.9432 26.0728 80 200 120
20.1769 148.5957 11.9532 80 200 120
14.0328 17.7377 4.5557 80 200 120
-11.9573 125.8723 54.7942 80 200 120
5.0223 11.1699 -5.2582 80 200 120
12.5507 25.6952 7.6844 80 200 120
49.5107 112.5223 -9.8048 80 200 120
19.9994 25.8604 -4.3656 80 200 120
-154.9510 136.1486 144.5161 80 200 120
-24.7075 15.8934 15.3065 80 200 120
-75.5231 49.2395 -15.2694 80 200 120
-136.5595 99.5041 -17.2853 80 200 120
-52.1137 38.4684 14.0685 80 200 120
-31.6315 21.2500 15.2349 80 200 120
5.4021 13.1106 -1.0635 80 200 120
-3.1508 14.5207 -4.5519 80 200 120
-37.0212 16.8619 -4.3133 80 200 120
-9.5074 8.5415 -3.5661 80 200 120
-19.3491 -2.1458 12.8486 80 200 120
-27.1828 8.2011 14.4403 80 200 120
-4.2808 6.8829 10.8367 80 200 120
-17.7639 -6.4682 9.0912 80 200 120
-21.9948 -13.9608 6.0673 80 200 120
-2.0294 3.3817 10.0622 80 200 120
-31.3651 4.3818 16.2942 80 200 120
-7.9511 -11.0578 8.2910 80 200 120
-16.3302 5.5807 -7.0495 80 200 120
-13.6772 5.4106 -9.5245 80 200 120
-24.6800 3.7431 -14.6314 80 200 120
-21.5672 -13.1392 18.1368 80 200 120
-22.0897 -3.2667 11.9357 80 200 120
-29.8764 2.8506 16.6205 80 200 120
-27.9160 3.0418 12.6856 80 200 120
-23.1609 -17.1857 15.1337 80 200 120
-27.3561 -17.2830 7.9101 80 200 120
-24.4001 -2.8566 19.2961 80 200 120
-42.6698 -1.4847 -16.2881 80 200 120
-21.0843 -3.9311 9.8580 80 200 120
-23.9294 -20.0675 9.8430 80 200 120
-57.8610 -4.4996 16.5597 80 200 120
-21.8295 -11.2265 17.9580 80 200 120
-108.9588 81.0982 -10.2809 80 200 120
-25.8069 5.2044 -4.2593 80 200 120
-21.5851 -14.4340 11.6829 80 200 120
-9.3612 58.5485 3.9733 80 200 120
-19.1569 9.7605 -9.4998 80 200 120
22.8215 40.0546 -12.8055 80 200 120
2.1784 24.8414 -7.1020 80 200 120
-11499.0473 21824.2494 -5263.7127 80 200 120
45.2268 91.5530 10.3348 80 200 120
23.4894 12.9105 -7.9259 80 200 120
55.5044 147.9444 35.2878 80 200 120
-11.5854 5.3450 -8.3155 80 200 120
-22.2082 26.6408 -9.5268 80 200 120
-370.7289 548.2413 -15.3677 80 200 120
12.3528 19.5898 0.9192 80 200 120
7.7580 22.3095 15.9308 80 200 120
17.4410 31.3294 15.6349 80 200 120
-3.3218 4.4572 -5.4064 80 200 120
13.4240 183.3951 55.1456 80 200 120
27.8269 228.9763 53.4011 80 200 120
8.5286 42.5523 -5.1436 80 200 120
2666.8383 4070.7615 1706.2648 80 200 120
-15.2784 89.4478 14.3835 80 200 120
4.2374 20.6311 -8.4386 80 200 120
5154.3171 10365.0214 -1195.8111 80 200 120
18.3378 67.4574 13.9739 80 200 120
2.4448 142.0800 54.8209 80 200 120
-23.6445 46.4890 17.7234 80 200 120
-31.0242 53.3970 26.0070 80 200 120
-49.4032 46.1181 2.0256 80 200 120
-20.6657 26.3300 -12.7157 80 200 120
-48.8978 70.9580 -7.5085 80 200 120
-25.3075 6.4927 19.9437 80 200 120
-13.4054 9.9205 -9.2785 80 200 120
-23.4658 14.5685 -7.8394 80 200 120
-19.3873 12.5424 -6.5805 80 200 120
326.9326 533.7449 56.0143 80 200 120
-23.5712 -3.3629 13.8762 80 200 120
7.2143 15.3609 0.0921 80 200 120
-32.3891 14.1533 -0.4451 80 200 120
-30.5845 14.0956 11.2868 80 200 120
-15.2375 9.8820 -8.8595 80 200 120
-15.6449 -5.7666 15.7976 80 200 120
-24.2134 1.1957 20.8101 80 200 120
-22.4366 -1.1351 13.2165 80 200 120
-6.9819 5.5163 12.7278 80 200 120
-13.0168 2.8194 14.3184 80 200 120
-11.8794 -3.2521 7.3773 80 200 120
-7.7558 -10.1983 19.4029 80 200 120
-14.1343 4.8412 14.4206 80 200 120
-25.4016 7.9228 -13.6944 80 200 120
-27.6984 1.1466 -15.2294 80 200 120
-433.7134 -4.8261 71.6474 80 200 120
-49.0923 27.2904 -9.9222 80 200 120
-63.6713 -2.6130 -4.1506 80 200 120
-42.8297 -19.5465 -20.6610 80 200 120
-505.8138 -208.6465 -33.7084 80 200 120
-23.7525 -2.2626 16.6544 80 200 120
-27.5868 -2.0665 -15.3436 80 200 120
-49.6088 1.4579 27.4472 80 200 120
-13.1515 12.4491 -7.1641 80 200 120
-13.3983 61.5418 9.8647 80 200 120
-28.3545 13.8228 -8.6930 80 200 120
-12.2456 6.3869 -8.8001 80 200 120
3.1918 51.0308 11.4051 80 200 120
62.9420 27.5757 -29.4540 80 200 120
201.0618 846.8019 145.8299 80 200 120
-0.4711 49.7986 -7.2644 80 200 120
-13.1821 8.0749 -7.0503 80 200 120
2.1861 82.6800 5.0088 80 200 120
105.8606 88.4391 -13.6608 80 200 120
-13.2715 8.2830 -8.8667 80 200 120
-17.7245 67.2207 -1.7885 80 200 120
-4.7404 67.7679 -3.5379 80 200 120
-61.9679 38.3468 -10.0166 80 200 120
-0.9480 49.3090 3.7502 80 200 120
-23.9598 67.9218 -6.0118 80 200 120
-26.7468 53.8359 6.4770 80 200 120
91.6629 275.6103 14.5295 80 200 120
-15.6735 5.6847 -9.8901 80 200 120
-23.0280 12.5353 -8.2611 80 200 120
93.3719 92.1402 -12.3283 80 200 120
-8.4516 31.7390 3.4847 80 200 120
7.4398 17.9589 16.8082 80 200 120
12.5796 32.8469 14.2048 80 200 120
235.9176 171.0292 267.5921 80 200 120
8.4057 50.7967 4.4902 80 200 120
-6.6484 99.9982 2.9989 80 200 120
39.9003 120.7928 -18.8871 80 200 120
-188.6950 2830.9928 231.4761 80 200 120
-39.8707 288.6984 3.1104 80 200 120
-15.7605 65.2145 43.0300 80 200 120
-0.9474 13.9876 -5.0277 80 200 120
14.6865 243.6212 19.0793 80 200 120
-30.8980 62.6422 16.3195 80 200 120
-10.6047 81.7656 -2.9808 80 200 120
-17.1326 65.7902 27.2131 80 200 120
-3.8440 31.4231 -10.8831 80 200 120
-21.2492 -4.6969 18.7691 80 200 120
-33.2054 72.7583 -12.0865 80 200 120
-47.7219 -14.2610 3.1023 80 200 120
-16.8654 10.0008 -7.8164 80 200 120
-25.2044 9.8230 -8.0768 80 200 120
-36.4981 -2.0051 14.2564 80 200 120
-12.9667 -7.6059 13.7372 80 200 120
-267.9734 143.0146 -45.9812 80 200 120
-15.4728 -7.5465 13.1826 80 200 120
-20.7937 16.6435 -7.7275 80 200 120
-3.3897 -9.1959 9.3392 80 200 120
-4.8091 -10.5844 12.5723 80 200 120
-15.5732 -0.3939 11.4467 80 200 120
-7.6661 -7.5198 13.5459 80 200 120
7.9628 14.4139 -12.8527 80 200 120
11.0988 20.7908 -18.4145 80 200 120
-5.3586 1.3066 -1.5548 80 200 120
-13.3070 1.5540 -2.6229 80 200 120
-53.7036 -8.1145 -21.9342 80 200 120
-51.6630 -13.9129 -23.5551 80 200 120
-19.8242 5.8317 -12.4239 80 200 120
-13.4374 -8.2227 12.2783 80 200 120
-76.8617 -66.4546 17.4459 80 200 120
-50.6233 -0.2196 -1.2740 80 200 120
-26.2664 -1.7294 1.7075 80 200 120
-18.7850 -4.1387 11.6166 80 200 120
-25.1317 -8.5623 8.3025 80 200 120
-38.1212 -6.8326 12.0660 80 200 120
-68.9479 -17.1625 -13.5858 80 200 120
-22.1558 5.2888 -13.1828 80 200 120
-2.2679 -7.4541 2.5463 80 200 120
-14.9198 0.3477 -1.6453 80 200 120
243.9208 165.6364 -127.3581 80 200 120
4.6093 34.6434 -0.0525 80 200 120
-14.2971 8.0830 -7.5654 80 200 120
-14.9244 9.8191 -6.7028 80 200 120
-23.5089 19.5340 -9.3510 80 200 120
-33.6659 1.7097 -14.3987 80 200 120
-2.2705 -1.1392 1.6847 80 200 120
-0.4576 60.3230 0.0469 80 200 120
-30.6391 41.4066 -8.8320 80 200 120
-17.1763 6.2690 -8.0123 80 200 120
32.7814 82.0621 -24.1166 80 200 120
11.0620 29.2770 -3.4582 80 200 120
-20.2709 6.7029 -7.8879 80 200 120
-13.1440 5.9288 -9.5410 80 200 120
-14.2977 5.9859 -9.8906 80 200 120
80.1525 74.8732 -29.8773 80 200 120
27.9616 28.5076 -12.9898 80 200 120
762.6996 1833.9497 -522.9580 80 200 120
-32.7728 20.8982 -0.8038 80 200 120
-15.9949 6.0855 -10.6460 80 200 120
7.0409 17.9189 13.4517 80 200 120
9.8658 20.5019 12.1844 80 200 120
-34.3982 52.3486 18.1663 80 200 120
4.6435 48.7843 -8.1708 80 200 120
-168.8326 568.8578 91.1476 80 200 120
-751.8349 646.7714 528.1341 80 200 120
-23.0404 49.9930 34.9535 80 200 120
-46.2004 179.6354 16.9171 80 200 120
-32.7750 57.8942 29.6082 80 200 120
-36.4711 75.9232 27.8872 80 200 120
-123.5079 1120.7573 103.2496 80 200 120
6.5206 13.7956 -9.8649 80 200 120
-11.2418 40.2124 -10.3919 80 200 120
37.9565 128.0063 -31.4908 80 200 120
-6.4488 11.3293 -4.0595 80 200 120
-8.4387 14.8938 -0.2582 80 200 120
-61.9099 -4.3683 -12.6632 80 200 120
-22.0936 -7.0057 20.1853 80 200 120
-26.9795 -5.8704 15.4366 80 200 120
-22.4667 2.4383 8.0504 80 200 120
-15.0150 11.0626 2.9445 80 200 120
-22.1752 8.1940 -8.6121 80 200 120
-6.7832 9.4943 -3.2955 80 200 120
-16.9062 -10.8141 16.5342 80 200 120
-72.8473 187.2286 -23.5819 80 200 120
-27.5874 11.6895 4.1801 80 200 120
-20.8641 -8.2327 16.0249 80 200 120
16.5497 91.7068 17.5010 80 200 120
17.0836 62.8014 19.7379 80 200 120
-62.6082 39.4389 -12.1682 80 200 120
-29.5568 2.0441 11.0050 80 200 120
-16.0210 -9.3167 8.9036 80 200 120
-7.3405 8.6000 -3.5706 80 200 120
-25.0611 7.5212 8.9072 80 200 120
-1013.8612 -327.5641 -189.7200 80 200 120
10715.9386 22510.4786 7208.9668 80 200 120
-7.7822 -12.6865 11.1134 80 200 120
-4.0929 -6.6190 7.1614 80 200 120
-4.7865 -7.2106 9.4270 80 200 120
15.8688 42.6974 111.0301 80 200 120
-13.6575 -13.8370 15.2200 80 200 120
8.4320 27.1629 -11.7532 80 200 120
3.5566 12.1393 -7.7149 80 200 120
18.3020 32.0168 -18.8269 80 200 120
9.5757 26.8934 -10.4901 80 200 120
11.0259 26.5117 -19.0566 80 200 120
4.9073 20.7308 -15.1496 80 200 120
-23.1472 9.3271 -8.6335 80 200 120
-16.3163 7.4375 -7.9937 80 200 120
-23.8914 4.4388 -9.7298 80 200 120
-33.9703 3.0988 -9.6525 80 200 120
-55.7296 -17.3974 -16.8713 80 200 120
-100.5419 -61.9439 -28.4402 80 200 120
-73.4815 -39.8293 -32.4012 80 200 120
-18.1561 -12.1541 16.6283 80 200 120
-29.2107 4.4637 -8.7572 80 200 120
-99.0227 -57.7175 56.8298 80 200 120
-32.3238 -1.3117 -17.3287 80 200 120
-24.3998 4.0083 -14.4662 80 200 120
-37.8083 5.2194 -11.1024 80 200 120
-12.1849 4.5781 -2.1469 80 200 120
-15.8755 7.3845 -1.8184 80 200 120
-9.1975 3.1583 -1.9753 80 200 120
-38.2666 81.5043 -11.6022 80 200 120
-125.4094 104.4378 22.0692 80 200 120
0.3214 -2.1590 2.4239 80 200 120
-1.1526 -1.7052 2.2413 80 200 120
-9.9973 13.5092 -2.9619 80 200 120
-21.0130 16.4876 3.7060 80 200 120
-5.3589 33.4547 -0.1620 80 200 120
-45.6988 16.1206 -7.8171 80 200 120
-360.4584 201.9547 31.0386 80 200 120
-28.1033 115.9196 -19.9596 80 200 120
-0.6050 112.9054 5.5831 80 200 120
137.0598 347.2236 -71.0618 80 200 120
-10.5640 41.1151 13.8012 80 200 120
7.6993 28.2797 5.3327 80 200 120
11.6459 6.6987 5.4000 80 200 120
-12.2754 16.6828 -6.3944 80 200 120
-35.7799 32.9859 9.1171 80 200 120
-11.0330 28.8831 -10.7181 80 200 120
-39.6172 104.7809 -2.4319 80 200 120
-55.5478 48.3086 17.6016 80 200 120
-12.3110 23.8876 -8.6693 80 200 120
14.7124 53.1662 -19.6521 80 200 120
-9.2401 34.9693 -13.9206 80 200 120
-13.8653 29.1689 -6.3325 80 200 120
-13.3087 11.1092 -7.1697 80 200 120
10.8592 17.4813 -3.4239 80 200 120
-36.1854 41.8130 9.2553 80 200 120
-12.0463 13.9966 3.0812 80 200 120
-9.6681 14.7878 -2.0924 80 200 120
-207.0404 -104.8865 18.9114 80 200 120
-28.0790 -2.8140 5.5027 80 200 120
-38.0510 -3.5443 11.0962 80 200 120
-27.0622 20.1711 34.2486 80 200 120
-169.9397 -37.0375 27.6428 80 200 120
-16.0475 -0.1660 30.8098 80 200 120
-15.0718 1.4150 7.3282 80 200 120
0.2797 -7.3055 26.6679 80 200 120
-28.7633 -5.4624 11.7996 80 200 120
-36.0879 17.2408 -1.7314 80 200 120
-34.9305 17.9370 1.4545 80 200 120
-45.4959 15.2970 -1.9468 80 200 120
-93.5529 66.8644 16.7488 80 200 120
-1798.7653 3132.2674 154.1822 80 200 120
-32.7160 -23.8032 12.1716 80 200 120
-3.9151 57.3779 34.8107 80 200 120
5.7250 22.5306 8.0229 80 200 120
8.1157 28.9739 10.2037 80 200 120
2.5409 15.8856 11.4953 80 200 120
3.2992 15.1510 8.7460 80 200 120
6.1388 17.2830 7.9422 80 200 120
7.8749 18.4475 -0.9736 80 200 120
7.6138 22.3816 4.2019 80 200 120
9.9829 22.3544 3.4434 80 200 120
9.9088 28.8315 5.7350 80 200 120
2.2210 -5.4063 26.4341 80 200 120
-2.7592 -5.4526 19.6219 80 200 120
5.0164 25.4880 10.8647 80 200 120
7.2377 23.4784 12.4337 80 200 120
10.5087 25.1507 10.1602 80 200 120
2.9244 -0.2128 12.1060 80 200 120
13.0991 31.2897 -8.3960 80 200 120
9.4352 33.2321 -10.3247 80 200 120
9.4316 30.2924 -8.9934 80 200 120
12.5172 30.0270 -5.5242 80 200 120
12.1844 34.1612 -6.2314 80 200 120
10.0541 21.8946 -11.3155 80 200 120
8.0141 23.5537 -12.3286 80 200 120
22.9385 35.5311 -2.7238 80 200 120
8.4012 19.6151 -8.1232 80 200 120
11.5927 20.1173 -7.9896 80 200 120
6.1323 19.1964 -14.0837 80 200 120
11.9363 24.9077 -14.5211 80 200 120
10.2029 24.3680 -8.2092 80 200 120
-30.0378 1.7038 -10.8090 80 200 120
-33.1398 -13.2376 1.9607 80 200 120
-39.7222 -3.7184 -12.6102 80 200 120
-14.8615 -8.8296 0.2139 80 200 120
-23.2226 -2.4808 -11.1987 80 200 120
-18.2886 5.0682 -9.2773 80 200 120
-21.9658 2.3722 -10.5419 80 200 120
-101.0596 -99.0450 10.8643 80 200 120
-25.1080 5.5032 -7.5901 80 200 120
-22.3793 -3.6329 -10.8526 80 200 120
-23.6614 -1.5801 -10.6489 80 200 120
-36.5360 -14.4188 21.2437 80 200 120
-61.9182 -5.2079 0.3389 80 200 120
4.3857 -7.9095 2.4550 80 200 120
-13.9123 -8.9915 8.6551 80 200 120
-419.0487 -131.7720 32.9100 80 200 120
3.7846 -9.2074 4.7801 80 200 120
-6.0342 -10.1758 6.4171 80 200 120
-21.8697 31.5618 -10.0497 80 200 120
-18.9862 3.5843 -3.1768 80 200 120
-24.6293 1.2081 -9.2994 80 200 120
-1.9014 51.6343 -17.0056 80 200 120
-12.3144 0.6743 -0.5435 80 200 120
6.7673 24.8697 -8.8816 80 200 120
-13.3715 39.2143 -6.1562 80 200 120
-264.5459 122.7765 22.3401 80 200 120
-11.4560 7.7637 -1.3806 80 200 120
-4.9080 72.2859 -6.6509 80 200 120
-25.9340 -1.8963 -9.0211 80 200 120
-0.8935 33.5063 -0.0484 80 200 120
-29.5349 18.3226 29.6984 80 200 120
115.7418 202.8953 74.5468 80 200 120
53.6347 52.3162 41.7142 80 200 120
20.3566 36.6266 32.7276 80 200 120
16.7598 43.9223 34.5612 80 200 120
-24.5106 26.9181 5.4131 80 200 120
-43.5166 59.3760 33.4328 80 200 120
-23.1518 30.6363 34.7495 80 200 120
-29.3275 36.4346 35.1792 80 200 120
-14.8187 13.2977 34.1029 80 200 120
-28.1324 34.0927 32.7829 80 200 120
-366.3129 237.8470 196.1078 80 200 120
-54.1542 37.8297 13.8616 80 200 120
-33.5726 72.2096 -16.7789 80 200 120
-2.1898 133.8999 6.1869 80 200 120
-70.1329 108.2995 41.6584 80 200 120
-51.9315 45.9744 26.8192 80 200 120
-11.7607 12.8172 3.0693 80 200 120
-39.7395 25.0923 26.8436 80 200 120
-77.6608 58.1754 43.2336 80 200 120
-30.0404 49.5338 37.2933 80 200 120
-43.2774 31.3254 7.5526 80 200 120
-77.3475 56.9698 35.2505 80 200 120
-173.2660 398.9789 101.4537 80 200 120
-21.9614 35.8295 33.3401 80 200 120
-33.2323 34.4718 31.0617 80 200 120
-19.3515 73.6337 36.6786 80 200 120
-12.4644 13.1726 1.5376 80 200 120
-24.2608 -24.0848 5.8419 80 200 120
-15.6601 -12.1010 16.2318 80 200 120
-11.6069 16.2560 3.2026 80 200 120
-36.9122 -10.5196 10.9331 80 200 120
-12.6929 0.8776 -2.8915 80 200 120
-358.8657 -272.2134 11.4050 80 200 120
-16.5022 -10.8263 10.0815 80 200 120
16.3567 56.3252 25.0766 80 200 120
-37.8023 -8.1542 13.0360 80 200 120
-740.7677 -396.9506 -28.4350 80 200 120
-207.1893 112.8380 -4.5708 80 200 120
-1.4876 10.3845 18.3664 80 200 120
22.4118 39.6590 37.6284 80 200 120
9.8531 14.8580 19.0691 80 200 120
15.2067 9.0419 29.1020 80 200 120
11.6112 0.9846 10.8139 80 200 120
-4.1056 -7.7280 18.8318 80 200 120
1.6814 14.5939 16.8311 80 200 120
-13.5263 -17.4377 24.7958 80 200 120
-17.0007 -11.6198 -0.3580 80 200 120
-8.8447 -6.4638 -0.6788 80 200 120
-29.6422 -9.0433 -2.0944 80 200 120
-33.6407 -31.4459 32.6788 80 200 120
4.3990 -1.8881 1.5079 80 200 120
-37.0776 -19.9887 26.0700 80 200 120
4.3765 -3.8380 1.2745 80 200 120
-7.9783 -14.5266 1.3179 80 200 120
-4.1670 -11.9659 0.3246 80 200 120
-1.4266 -8.2399 -0.9531 80 200 120
-13.9655 11.6208 -5.7394 80 200 120
-9.5241 0.3296 -2.0532 80 200 120
-9.8906 -0.2222 -1.5806 80 200 120
-10.1453 -0.6135 -1.4560 80 200 120
-27.9882 9.6215 3.0047 80 200 120
-18.7151 17.5549 6.8115 80 200 120
-10.4330 40.3250 -11.2491 80 200 120
-20.2995 -0.3469 -1.6840 80 200 120
-9.3741 35.3310 -2.8979 80 200 120
-16.6682 37.2767 -7.0719 80 200 120
-140.3929 70.6873 -12.5464 80 200 120
-40.7881 -3.7198 0.3422 80 200 120
-175.8759 -84.6249 4.2103 80 200 120
-11.2369 5.1310 -3.9332 80 200 120
-13.3545 11.1441 -3.8370 80 200 120
-50.8938 32.8230 8.9566 80 200 120
-41.9568 60.1802 -3.6467 80 200 120
-14.4235 13.4251 2.0586 80 200 120
-11.3445 -1.0717 -0.1438 80 200 120
-14.4130 -1.9736 -1.6820 80 200 120
-16.6960 37.1863 -2.7127 80 200 120
4.9375 28.9373 -7.7565 80 200 120
2.9020 -0.0115 26.2326 80 200 120
10.9304 5.8851 20.8707 80 200 120
12.9280 8.3842 22.4824 80 200 120
13.1665 39.9556 40.5202 80 200 120
14.9677 35.4101 40.9903 80 200 120
-3.1750 32.3954 39.6442 80 200 120
8.7880 65.3092 50.8244 80 200 120
-53.5232 30.1709 43.9643 80 200 120
-67.4627 120.6400 56.9584 80 200 120
-38.9630 64.3713 38.1729 80 200 120
-33.9516 10.4455 22.7112 80 200 120
-165.6444 102.5064 58.9408 80 200 120
-34.9439 3.2662 19.4250 80 200 120
-33.1448 25.7748 34.9134 80 200 120
-30.8508 48.6726 2.2177 80 200 120
-48.3019 21.5360 41.4093 80 200 120
-116.8491 91.4764 35.6604 80 200 120
-117.7297 123.5462 51.2781 80 200 120
-30.6584 53.1150 -10.4580 80 200 120
-63.4955 176.7770 -23.7918 80 200 120
-82.5444 134.2004 23.4919 80 200 120
-12.6388 9.2813 -1.6149 80 200 120
-11.7541 -0.8527 29.3148 80 200 120
14.7548 8.9587 4.9800 80 200 120
-92.3498 23.4217 18.7841 80 200 120
-40.8215 33.7504 40.7376 80 200 120
-18.0154 37.2439 37.2860 80 200 120
-53.4260 -5.1789 5.0831 80 200 120
-182.2665 42.9689 104.6302 80 200 120
-221.1339 -31.6701 41.4090 80 200 120
-82.9180 22.8436 -11.7813 80 200 120
-18.1562 -4.3333 3.3556 80 200 120
-6.1578 -12.5867 14.5459 80 200 120
-38.6859 15.9016 40.1060 80 200 120
-24.0485 -9.7810 38.3813 80 200 120
9.0703 5.7415 17.9983 80 200 120
5.8096 16.7962 27.5478 80 200 120
5.1343 30.4444 32.7140 80 200 120
24.8170 52.5156 27.9736 80 200 120
13.7869 30.0957 21.6588 80 200 120
-5.6016 -7.3029 20.5354 80 200 120
-10.0783 -5.6287 18.9915 80 200 120
-2.7858 -4.2734 21.0642 80 200 120
2.1572 -0.7920 28.4084 80 200 120
15.0991 15.2177 16.5247 80 200 120
25.8351 58.4133 -5.2450 80 200 120
13.8111 16.2554 0.6739 80 200 120
13.8399 13.1212 1.4307 80 200 120
-6.5239 -3.3746 0.1814 80 200 120
-24.2179 -11.1135 1.0913 80 200 120
0.1844 -9.3439 -0.9464 80 200 120
0.0868 -10.1019 -0.9283 80 200 120
-0.4029 -7.9538 -1.6283 80 200 120
-1.0227 -12.0397 -0.7918 80 200 120
-5.0090 -11.8936 13.4093 80 200 120
9.5659 -6.2248 0.9313 80 200 120
0.4905 -8.2906 0.7119 80 200 120
-10.9307 -9.8448 -1.0824 80 200 120
-3.1010 -9.6887 -1.4501 80 200 120
0.8439 -9.0622 -1.1892 80 200 120
2.6073 -14.7909 7.8407 80 200 120
3.1236 -10.2858 4.6998 80 200 120
-5.0176 -13.8747 3.5410 80 200 120
-9.3297 -9.0568 -1.5004 80 200 120
-4.4721 -7.7562 -1.3849 80 200 120
-6.4510 -11.2917 -1.0760 80 200 120
-3.7801 -11.9885 -1.0797 80 200 120
-82.1956 -38.8424 21.7905 80 200 120
-7.6097 -14.1736 5.7563 80 200 120
-7.5105 -12.0534 -0.9750 80 200 120
-35.2074 -17.8701 17.1189 80 200 120
-3.1411 -12.3873 -0.7587 80 200 120
-3.5810 -8.7133 -1.3354 80 200 120
-8.2989 -9.7770 -1.2878 80 200 120
-14.7618 32.3726 -12.6752 80 200 120
-29.4309 -1.7019 -1.4570 80 200 120
-6.4886 -1.0747 -2.6449 80 200 120
-6.1272 -0.3368 -3.0497 80 200 120
-11.8358 13.3057 2.7951 80 200 120
-40.4425 -21.1709 -2.3134 80 200 120
-87.4041 27.5508 -8.8732 80 200 120
-15.4211 41.0838 -11.9243 80 200 120
-7.7569 5.9013 -5.6978 80 200 120
-54.4065 -11.9326 7.3097 80 200 120
-13.2255 -1.5509 -1.8434 80 200 120
-45.7245 29.7050 8.3966 80 200 120
-71.0528 33.5642 15.7169 80 200 120
-84.8287 21.7136 12.3808 80 200 120
-49.9254 27.4109 8.8273 80 200 120
-126.8333 39.4961 28.7388 80 200 120
-25.6171 -5.1718 2.7660 80 200 120
-8.6827 -2.9755 -0.8032 80 200 120
-15.7414 2.2832 33.4657 80 200 120
17.4148 78.6785 37.4047 80 200 120
-211.5456 698.6705 175.0012 80 200 120
-6167.6938 20727.4748 6088.2937 80 200 120
-24.2205 43.7376 41.1657 80 200 120
5.7059 69.1951 -12.0807 80 200 120
-10.1153 7.8034 36.0770 80 200 120
-14.2280 21.4217 36.4305 80 200 120
-20.8680 123.5761 75.7739 80 200 120
-10.1692 10.1956 35.0486 80 200 120
-5.0983 123.3938 -43.4504 80 200 120
5.3553 81.5894 -11.3589 80 200 120
4.4138 52.0947 -24.8790 80 200 120
-0.3769 31.7435 -9.2454 80 200 120
-21.1833 30.1709 -12.6140 80 200 120
-40.2516 55.2887 -11.6473 80 200 120
-69.3910 30.6913 34.8043 80 200 120
-43.8075 200.1444 -41.0838 80 200 120
31.4654 10.8771 15.2225 80 200 120
-20.5045 14.0788 0.0389 80 200 120
-23.8057 27.9753 -10.5638 80 200 120
-66.1000 38.5543 6.1578 80 200 120
-17.5958 13.3443 1.3516 80 200 120
4.8805 5.9166 31.9298 80 200 120
8.2760 14.6584 22.6065 80 200 120
-211.6792 130.2042 129.2036 80 200 120
-62.2679 23.9314 40.9352 80 200 120
-20.8531 13.3926 39.2701 80 200 120
-675.6273 -392.8722 62.1321 80 200 120
-25.2269 -25.6505 0.9786 80 200 120
-27.9718 6.9867 42.4422 80 200 120
-1.4966 -10.9946 28.9021 80 200 120
-29.3134 35.6674 44.1605 80 200 120
-16.4665 7.7396 37.9214 80 200 120
-17.1021 -10.6241 40.5259 80 200 120
1.3847 -7.2684 34.1772 80 200 120
-44.4445 -34.9251 8.0963 80 200 120
1.5437 -9.0668 8.7546 80 200 120
-10.7994 -13.4504 15.6475 80 200 120
-30.0157 7.1789 4.5232 80 200 120
-1964.3982 -1476.8253 355.9953 80 200 120
5.6976 30.6310 22.3752 80 200 120
-13.4690 1.6234 38.7414 80 200 120
3.6565 -6.0725 16.0586 80 200 120
-1.4491 -4.3316 27.2484 80 200 120
-2.5595 -5.2351 18.1003 80 200 120
-4.7710 -6.1610 22.0994 80 200 120
-9.3901 -8.8535 22.6916 80 200 120
-1.9860 2.6383 28.1601 80 200 120
-0.5505 -0.8124 20.6007 80 200 120
-4.0456 -3.6422 29.2748 80 200 120
5.3267 -3.6178 30.8006 80 200 120
20.7154 17.9068 31.9092 80 200 120
10.5316 -3.7720 21.4017 80 200 120
13.4713 1.1088 20.0672 80 200 120
0.2458 1.8460 28.4534 80 200 120
4.2458 92.6432 35.0608 80 200 120
7.4319 3.3463 2.3884 80 200 120
4.3967 -6.4238 12.3042 80 200 120
84.1377 120.7090 37.7999 80 200 120
6.3667 -7.7071 14.2756 80 200 120
87.5967 102.2114 38.4688 80 200 120
82.0525 572.6662 133.4031 80 200 120
-1.1433 22.4243 19.0427 80 200 120
-2.9325 -8.4073 15.6834 80 200 120
14.7601 7.7868 4.7495 80 200 120
-6.3574 6.3069 17.8311 80 200 120
37.3236 25.6780 26.3885 80 200 120
2.7919 39.7588 35.4438 80 200 120
17.5351 20.6927 6.1324 80 200 120
23.5932 146.4599 -7.4174 80 200 120
18.6516 16.6012 2.0244 80 200 120
8.1542 57.5830 -3.4292 80 200 120
13.9569 10.8002 4.2301 80 200 120
20.4005 14.0872 2.7338 80 200 120
-46.0457 -26.6624 7.5939 80 200 120
-11.2238 -5.0310 0.8041 80 200 120
-54.7889 -32.9464 9.2478 80 200 120
-184.6280 -73.1211 61.2853 80 200 120
-67.9756 -45.8251 3.4396 80 200 120
-40.0146 -20.2696 5.9970 80 200 120
-13.2463 -6.2762 0.0281 80 200 120
-21.6804 -16.5803 4.3239 80 200 120
-11.9522 -5.9174 0.6792 80 200 120
-32.2008 -17.7830 4.6053 80 200 120
-34.2492 -26.3454 7.2639 80 200 120
-33.3079 -30.4682 4.4475 80 200 120
-34.3335 -28.2529 5.9188 80 200 120
-59.7240 -53.9366 6.3059 80 200 120
-174.1845 -88.3439 6.3809 80 200 120
-591.0092 -620.7614 -87.8307 80 200 120
-35.1555 -30.0759 5.5522 80 200 120
-26.0208 -22.4371 2.9935 80 200 120
-68.4925 -34.6325 24.0399 80 200 120
-15.4322 -7.6237 -1.1290 80 200 120
-10.4902 -4.5269 0.5022 80 200 120
-0.4688 -15.0635 3.9465 80 200 120
-118.6782 -138.5937 -20.8863 80 200 120
0.4894 -15.6102 4.2545 80 200 120
7.6496 -12.5364 1.2920 80 200 120
5.6752 -9.1063 1.5263 80 200 120
7.2543 -13.0785 1.3186 80 200 120
-59.3578 -28.2052 32.4332 80 200 120
1.6667 -14.8765 3.9739 80 200 120
4.9206 -4.0003 2.1837 80 200 120
0.1402 -26.5434 1.8360 80 200 120
5.9165 -14.6775 1.6290 80 200 120
-25.3666 -12.8919 -1.5080 80 200 120
-2.1895 -15.0210 3.7798 80 200 120
-40.8340 -57.6512 -1.3244 80 200 120
-4.6032 -15.6450 4.1610 80 200 120
2.3025 -10.0446 -2.0327 80 200 120
4.2738 -14.3213 3.4771 80 200 120
5.3711 -1.9184 0.0960 80 200 120
2.2592 -10.6140 -1.4457 80 200 120
1.4329 -9.9148 -2.3522 80 200 120
4.5365 -12.2378 2.7906 80 200 120
-16.2973 -10.3322 -1.7494 80 200 120
-11.5472 -8.4005 -2.3453 80 200 120
-3.8390 -9.8983 -2.1750 80 200 120
2.6983 -9.8053 -1.3182 80 200 120
0.6378 -14.4790 3.4221 80 200 120
1.1931 -7.2670 0.9817 80 200 120
-88.5322 -81.2249 17.3123 80 200 120
-3.8776 -14.7619 10.1702 80 200 120
-13.2053 48.9980 -21.6808 80 200 120
-5.2984 45.7922 -11.6112 80 200 120
-22.5433 45.0915 -18.0467 80 200 120
-19.1992 7.7272 -6.1656 80 200 120
-18.2326 12.1253 -4.5548 80 200 120
-21.1977 13.5453 -7.7451 80 200 120
-20.7202 13.6891 -2.4538 80 200 120
-26.8258 13.2302 -5.8382 80 200 120
-23.2370 45.3413 -12.7137 80 200 120
-113.3659 25.3768 -15.3797 80 200 120
-22.4915 29.2210 -6.0671 80 200 120
-2.8482 36.0566 -20.0672 80 200 120
-30.1681 51.5212 -10.7378 80 200 120
-11.0010 17.8690 -10.6678 80 200 120
-16.2620 12.5013 -4.9530 80 200 120
-22.1040 67.1099 60.7673 80 200 120
10.0048 28.6727 -3.7415 80 200 120
-24.3506 47.2900 -20.9581 80 200 120
-29.9463 93.6132 -18.2451 80 200 120
-22.9508 91.0877 -38.9592 80 200 120
-25.2460 69.8484 -29.2691 80 200 120
-27.7169 191.6701 -86.6242 80 200 120
-31.4897 112.0103 -29.5074 80 200 120
-155.2470 82.3464 32.7812 80 200 120
-102.6037 56.6501 48.2596 80 200 120
133.9450 60.6983 22.2408 80 200 120
-67.4940 28.7322 1.1812 80 200 120
-29.2304 6.1215 9.2325 80 200 120
-187.4070 403.1476 -23.5026 80 200 120
-51.6467 29.0724 -1.7549 80 200 120
-59.9118 18.8955 32.4765 80 200 120
-15.2433 30.6365 -16.3560 80 200 120
-21.0920 20.4497 42.3210 80 200 120
-148.7912 150.2113 29.5757 80 200 120
-42.8686 29.2687 3.5106 80 200 120
-727.1041 -399.1601 -13.1423 80 200 120
5.5635 -10.5864 20.8406 80 200 120
-38.1691 -6.8927 48.5419 80 200 120
-37.7790 -25.9700 23.5007 80 200 120
-79.0552 14.3055 60.6749 80 200 120
-116.7340 -10.6421 51.6303 80 200 120
-299.5831 462.0278 130.0003 80 200 120
-4547.6429 3308.6514 861.3304 80 200 120
-5.5170 -6.6748 36.3857 80 200 120
28.4589 20.9256 38.1675 80 200 120
11.4567 30.4671 41.8747 80 200 120
23.6053 33.8607 33.2928 80 200 120
98.6389 1372.9265 259.9382 80 200 120
23.6640 13.9483 9.6667 80 200 120
42.6480 24.7251 33.1040 80 200 120
8.8113 1.8236 -1.7170 80 200 120
158.9165 201.7888 45.8365 80 200 120
33.7243 125.3405 53.2993 80 200 120
-11.2730 0.5723 21.3778 80 200 120
19.8081 39.7249 34.9120 80 200 120
2.7603 57.7084 41.5014 80 200 120
43.3115 72.6809 35.5092 80 200 120
8.4276 -3.3088 13.2350 80 200 120
47.6098 26.0717 28.2709 80 200 120
-4.0378 11.5339 18.9476 80 200 120
-0.8161 -8.6274 29.5056 80 200 120
5.6624 -2.0998 -4.3090 80 200 120
20.8747 10.1659 0.4589 80 200 120
19.9775 16.1227 2.7946 80 200 120
10.6832 0.7640 -6.1879 80 200 120
9.3080 -0.5341 -4.3166 80 200 120
8.9079 1.2887 -6.8571 80 200 120
-16.0157 -7.8824 0.6259 80 200 120
-15.8915 -14.3887 3.0642 80 200 120
-13.3188 -15.3093 1.4250 80 200 120
10.6963 -5.9266 0.6052 80 200 120
7.0290 -9.5486 1.6383 80 200 120
2.9198 -6.4958 3.8456 80 200 120
11.1056 -1.2542 -0.3989 80 200 120
11.8505 -2.3624 -0.0220 80 200 120
8.8631 -11.1103 -0.9362 80 200 120
2.4980 -13.5736 3.7815 80 200 120
0.8376 -6.1055 -3.2313 80 200 120
-0.0074 -9.4351 9.5120 80 200 120
12.2854 -4.7021 0.7333 80 200 120
1.0997 -9.7001 9.2547 80 200 120
-8.9728 -9.2966 7.9709 80 200 120
3.8793 -4.2082 0.6540 80 200 120
6.0796 -9.5456 1.4432 80 200 120
-7.9448 50.6626 -27.1143 80 200 120
-25.7877 13.6929 -6.5471 80 200 120
-15.7950 16.4581 -6.4023 80 200 120
-23.3449 37.0642 -15.4930 80 200 120
-21.7585 1.2443 -2.8993 80 200 120
-31.5098 4.4314 -3.0107 80 200 120
-23.2397 -8.5364 0.1276 80 200 120
-11.5026 65.0663 -21.8012 80 200 120
-36.8424 -20.3765 0.8786 80 200 120
-39.6084 30.6155 4.2012 80 200 120
-25.2004 -3.4926 -2.1433 80 200 120
-24.9287 -14.3945 -0.1419 80 200 120
-46.5573 -16.6819 0.5066 80 200 120
-5.2330 14.2976 -6.3744 80 200 120
-90.1544 -20.7627 -0.7758 80 200 120
-6.1965 9.7522 -9.5010 80 200 120
-22.5979 5.3299 4.9099 80 200 120
-139.7089 75.7574 26.3279 80 200 120
-86.4694 52.9467 23.8312 80 200 120
-295.5856 -120.1664 78.5213 80 200 120
-50.3823 15.6117 -1.6698 80 200 120
-21.1382 15.6882 -0.0223 80 200 120
-14.0035 -11.9752 9.4463 80 200 120
-16.9684 13.9924 1.5056 80 200 120
24.9224 16.5771 34.2543 80 200 120
26.4867 17.9977 30.9876 80 200 120
-8.7981 11.2512 40.1179 80 200 120
-9.1373 15.1911 41.3585 80 200 120
-7.1003 50.6581 58.7176 80 200 120
-145.2078 155.0086 45.4625 80 200 120
-495.5516 693.7175 141.5129 80 200 120
-54.9904 48.5679 12.9165 80 200 120
-53.3761 39.3995 9.4058 80 200 120
-30.3083 24.4684 5.2550 80 200 120
-150.8602 107.5842 44.1668 80 200 120
-14.1669 18.5669 -1.5176 80 200 120
-182.0908 7.2304 128.6805 80 200 120
35.7015 28.5447 15.7009 80 200 120
-157.4691 81.6352 9.5193 80 200 120
-41.9767 57.7243 53.8687 80 200 120
-82.6887 40.4205 40.3502 80 200 120
-64.9798 33.8232 26.5930 80 200 120
-2873.7028 3864.5881 1598.1794 80 200 120
-82.3443 40.8448 25.1880 80 200 120
-174.3557 25.0089 54.7559 80 200 120
-97.5778 26.2354 29.0406 80 200 120
-46.2707 108.4358 62.2192 80 200 120
-4.1581 -1.3879 39.3472 80 200 120
-238.7454 -9.3968 75.8468 80 200 120
-106.4006 13.5495 28.4840 80 200 120
-54.4628 11.4801 11.7738 80 200 120
-228.5016 9.8780 74.9374 80 200 120
-207.1621 -8.2978 98.1464 80 200 120
-303.4450 -28.7709 66.8641 80 200 120
-64.1384 -33.2051 61.3448 80 200 120
-55.4069 36.1834 23.9251 80 200 120
10.0376 15.7075 16.8155 80 200 120
-184.8759 -195.3016 12.7844 80 200 120
-159.5613 -22.5074 31.7619 80 200 120
-116.6100 30.8160 32.3642 80 200 120
-256.1915 -42.9265 69.4193 80 200 120
-2951.5949 -1964.2272 168.5610 80 200 120
-342.3518 -353.6352 -54.1067 80 200 120
-36.1934 -8.3611 -6.7546 80 200 120
-21.2640 30.9348 42.9132 80 200 120
-24.1185 0.0866 43.2489 80 200 120
7.2244 -10.8036 18.7322 80 200 120
-13.9164 -7.6414 -0.5265 80 200 120
39.6104 27.9466 40.3525 80 200 120
33.3984 32.9498 39.2444 80 200 120
11.1553 3.1479 37.1469 80 200 120
50.6579 30.5530 23.5021 80 200 120
18.3004 16.8846 6.0397 80 200 120
12.3910 6.6104 6.6633 80 200 120
-13.9415 -6.6403 24.0154 80 200 120
12.8351 6.4606 4.9831 80 200 120
-2.1451 -9.7475 25.6826 80 200 120
-3.1907 -10.9833 24.7003 80 200 120
9.0777 15.9046 38.8756 80 200 120
-4.9708 -4.9578 21.1352 80 200 120
1.5088 -8.9803 30.0193 80 200 120
1.2902 23.0185 38.1139 80 200 120
17.7450 10.0583 4.7173 80 200 120
-9.9940 9.2792 21.0402 80 200 120
51.7636 19.6831 30.5709 80 200 120
8.9571 2.1134 9.3825 80 200 120
16.5575 13.1077 3.2224 80 200 120
36.2067 17.6281 43.0818 80 200 120
26.2422 11.9532 8.5067 80 200 120
5.3059 -1.7138 -5.7137 80 200 120
3.1353 -3.9640 -5.0572 80 200 120
308.8244 922.6142 112.1554 80 200 120
5.6758 -2.2905 -5.3070 80 200 120
12.9881 65.9709 8.2912 80 200 120
47.9003 262.9362 38.8251 80 200 120
18.7486 8.3977 3.2523 80 200 120
-31.0358 57.1592 -2.6484 80 200 120
17.9651 13.2954 -6.1528 80 200 120
-19.0124 -12.5555 2.9908 80 200 120
12.1510 -11.7381 -0.8051 80 200 120
-4.1310 -22.1881 15.3292 80 200 120
-5.5455 -48.1416 -10.1250 80 200 120
11.6103 -3.6883 -2.3608 80 200 120
1.4649 -4.9266 -4.8170 80 200 120
-8.6512 -22.9694 6.6306 80 200 120
-0.4046 -11.2253 -2.5663 80 200 120
6.7602 -11.8079 -2.4058 80 200 120
-8.4455 -17.5957 -0.6545 80 200 120
13.2207 4.9817 0.2191 80 200 120
4.6762 -5.3219 -0.9538 80 200 120
14.3745 -0.5901 4.4017 80 200 120
8.2224 -17.2348 3.0725 80 200 120
-6.6132 -33.9816 -9.4285 80 200 120
3.8841 -11.2367 4.3557 80 200 120
3.4442 -3.9619 -5.1170 80 200 120
-17.9595 -26.1253 7.4882 80 200 120
-10.1253 58.5477 -32.5923 80 200 120
1.1899 7.3123 -4.6431 80 200 120
-24.9363 18.1312 -7.3165 80 200 120
-15.1271 21.9743 -9.6397 80 200 120
-20.0336 55.7183 -26.2402 80 200 120
-14.9111 3.7321 -4.2465 80 200 120
-4.6240 -0.7202 -2.6028 80 200 120
-17.5020 2.5252 -3.5705 80 200 120
-18.5421 1.4819 -3.4135 80 200 120
-3.6240 0.8511 -3.2575 80 200 120
-35.2974 8.4840 -4.3188 80 200 120
-13.9153 18.3927 -1.5307 80 200 120
-42.8205 -19.2887 -0.2468 80 200 120
-124.4212 57.9074 -3.9077 80 200 120
-13.8395 12.3048 -7.1141 80 200 120
-18.7417 25.4153 -7.5575 80 200 120
-15.8871 -23.9998 -5.1053 80 200 120
-18.9195 63.6555 -22.7405 80 200 120
-2.7967 9.1112 -5.1612 80 200 120
-224.1480 -0.8528 15.6225 80 200 120
-19.4528 -6.6551 -2.0082 80 200 120
-33.6878 -87.7560 -4.9689 80 200 120
-34.2950 -90.2700 -13.4362 80 200 120
-35.4668 59.4189 -22.9892 80 200 120
-20.6681 -9.5472 -1.7076 80 200 120
-8.2142 -25.1809 -5.7854 80 200 120
-0.8580 20.0284 -9.5990 80 200 120
-26.6734 -16.8559 9.9785 80 200 120
-130.7431 57.6960 -19.4614 80 200 120
-86.2253 53.9398 -6.3609 80 200 120
-64.8369 -88.0232 -8.0989 80 200 120
-10.4164 -52.7432 -12.7470 80 200 120
7.0450 20.2030 44.5128 80 200 120
34.4830 23.0730 34.8315 80 200 120
-43.5794 53.1264 7.6131 80 200 120
1.5368 22.4344 -0.5398 80 200 120
-68.8469 65.2083 12.6573 80 200 120
-72.6750 22.6049 44.6755 80 200 120
-186.9587 314.0380 -11.2798 80 200 120
-219.0732 125.6371 49.7660 80 200 120
-23.4840 45.0017 -17.8479 80 200 120
-51.4419 123.6313 -34.3035 80 200 120
-137.8012 80.7978 50.5673 80 200 120
-80.5551 31.8816 43.8873 80 200 120
-120.9383 90.1543 24.3832 80 200 120
-57.0112 110.3474 -27.8617 80 200 120
-34.4910 51.5869 -19.8087 80 200 120
-71.0340 42.9662 2.5282 80 200 120
-3.8149 24.1041 -4.1419 80 200 120
43.4620 9.7748 22.6607 80 200 120
-69.2247 25.3655 -7.1723 80 200 120
20.6398 3.1774 8.9988 80 200 120
26.6148 25.2037 4.3133 80 200 120
-46.8067 66.0750 -5.3074 80 200 120
-71.6824 95.4191 4.7185 80 200 120
-13.0184 13.6749 -3.9691 80 200 120
24.7159 20.4479 13.3452 80 200 120
-385.0676 569.0886 237.4201 80 200 120
-775.3359 523.8708 362.4864 80 200 120
-129.5918 63.6907 93.4837 80 200 120
-530.8702 64.4296 261.9495 80 200 120
-357.8220 88.1036 146.0956 80 200 120
-214.6529 4.6259 127.2626 80 200 120
-393.2821 21.5773 192.0604 80 200 120
-53.7434 -38.7124 60.4314 80 200 120
-81.5266 -50.1997 68.3890 80 200 120
-130.9989 -64.3955 68.5773 80 200 120
-690.2631 235.1767 162.6301 80 200 120
-22.9583 -20.7651 -2.3415 80 200 120
-116.1359 -11.7531 11.5133 80 200 120
-2.2899 -16.3229 25.3388 80 200 120
-23.3248 -0.5669 -1.2500 80 200 120
-44.9482 -75.2210 -5.9405 80 200 120
-242.8238 -457.6620 -71.0413 80 200 120
-409.5467 -153.3415 111.4049 80 200 120
40.0565 39.9782 38.4882 80 200 120
31.7169 39.5473 37.7552 80 200 120
44.6013 38.7856 37.6104 80 200 120
57.2594 40.4298 35.6981 80 200 120
18.5037 51.0258 38.9100 80 200 120
27.2634 33.1973 46.9266 80 200 120
33.8297 44.0028 28.3780 80 200 120
46.6882 29.3726 9.9003 80 200 120
684.9070 3326.9275 -77.8919 80 200 120
4.9853 76.3282 37.7121 80 200 120
12.0208 8.0647 8.2358 80 200 120
-2.7567 19.0143 21.6057 80 200 120
50.6685 71.7842 9.5870 80 200 120
41.3584 155.5256 42.4348 80 200 120
30.8679 6.6646 42.1954 80 200 120
-23.9910 33.8598 36.9370 80 200 120
11.7607 64.4710 38.3413 80 200 120
-1.2938 0.5935 31.8035 80 200 120
53.5389 125.0433 31.4480 80 200 120
18.6279 27.7778 5.4530 80 200 120
-5.4186 16.9002 28.4867 80 200 120
18.8105 0.1679 -2.0986 80 200 120
15.4316 11.0395 -0.4098 80 200 120
12.5883 10.9401 -0.8372 80 200 120
28.2902 7.7028 -5.5761 80 200 120
27.3312 4.1254 -1.0037 80 200 120
15.0839 25.7793 9.6413 80 200 120
6.0306 24.3197 -14.9842 80 200 120
18.6294 7.8940 3.4498 80 200 120
3.7910 21.1089 -2.5529 80 200 120
26.9502 13.1956 -6.4994 80 200 120
21.2299 23.4417 2.6698 80 200 120
19.9389 25.5719 8.4625 80 200 120
12.4827 25.5267 8.1100 80 200 120
8.6291 28.5303 -16.4456 80 200 120
15.9035 11.9942 -0.4182 80 200 120
21.0348 25.2349 0.4225 80 200 120
16.7673 -0.1326 -2.3703 80 200 120
9.8221 14.4210 -8.5299 80 200 120
12.8044 7.5797 -0.4341 80 200 120
13.7562 8.9337 -0.3829 80 200 120
26.3579 16.9044 5.3287 80 200 120
46.3884 27.8468 -0.6902 80 200 120
24.9434 18.9331 -8.3360 80 200 120
-16.6266 -8.3030 2.2029 80 200 120
-28.8266 -11.7249 4.0101 80 200 120
-19.8170 -11.2395 2.4511 80 200 120
-27.1205 -13.7684 3.6161 80 200 120
-11.9462 -9.6764 1.8407 80 200 120
-24.1383 -10.0718 3.5510 80 200 120
-16.3738 -6.6438 1.1633 80 200 120
-20.8283 -19.8771 2.2412 80 200 120
12.8969 -15.1429 0.1910 80 200 120
14.2931 3.1211 1.1403 80 200 120
-13.0025 -11.3772 2.0214 80 200 120
-12.2628 -13.1032 1.4445 80 200 120
-36.9862 -44.6608 -4.6362 80 200 120
-12.1933 -7.4368 1.7117 80 200 120
-18.5607 -146.5889 -27.3746 80 200 120
8.1327 -20.8566 -6.0797 80 200 120
-40.3811 -48.6165 0.1687 80 200 120
11.4169 -18.0313 -2.3620 80 200 120
14.6438 0.2195 4.2303 80 200 120
15.6173 -2.1784 -0.4655 80 200 120
-4.4038 -45.2531 -12.1536 80 200 120
4.9480 -7.1146 1.9761 80 200 120
-9.6252 -4.5522 0.8937 80 200 120
15.8734 3.1710 3.5039 80 200 120
0.8471 20.0338 -10.8400 80 200 120
-3.7724 17.4407 -9.7819 80 200 120
-3.7525 19.6429 -10.2105 80 200 120
-12.8490 20.0552 -9.9320 80 200 120
3.0948 6.2298 -5.4647 80 200 120
-8.0027 66.0419 -26.8766 80 200 120
-9.9750 17.2130 -9.8110 80 200 120
-40.7189 7.2512 -4.2196 80 200 120
-23.5147 62.3801 -24.8508 80 200 120
-22.0949 19.1878 -5.8360 80 200 120
-42.2810 9.8701 -10.4791 80 200 120
-23.8813 63.5017 -17.0750 80 200 120
-41.7234 -5.2520 -7.0993 80 200 120
-37.1094 -4.0029 -6.7405 80 200 120
-36.4442 61.1282 -13.0570 80 200 120
5.1483 44.0030 -19.8692 80 200 120
-31.9978 68.7388 -14.0239 80 200 120
-8.2330 25.5421 -12.3082 80 200 120
-18.2614 19.4873 -5.7631 80 200 120
-0.0557 -10.2452 4.9632 80 200 120
-51.1025 39.1735 9.7445 80 200 120
-182.5815 57.2627 -1.9333 80 200 120
-1.3306 84.0559 -32.1143 80 200 120
-19.4633 27.5341 -3.9652 80 200 120
-42.5285 71.3862 -7.1360 80 200 120
-93.5110 -196.3932 6.5778 80 200 120
-42.3514 12.8572 13.9645 80 200 120
-20.9304 -19.1165 6.6234 80 200 120
-11.4741 2.6988 41.9814 80 200 120
27.1958 25.2183 39.0134 80 200 120
2.5075 42.9374 56.8702 80 200 120
-9.9743 79.2414 -20.9331 80 200 120
12.1251 111.6607 -16.7707 80 200 120
-240.3865 170.2311 106.1655 80 200 120
-20.3507 52.7097 -21.8954 80 200 120
-168.1532 62.6348 53.1533 80 200 120
-23.7408 84.9717 -35.0473 80 200 120
-19.8236 186.0898 -85.4832 80 200 120
-122.4905 55.8030 49.4982 80 200 120
-147.8832 166.9755 4.1645 80 200 120
-63.1113 12.5835 45.4421 80 200 120
-161.2482 108.5488 46.3689 80 200 120
-166.6500 292.2622 -41.6650 80 200 120
-60.6339 90.3743 -23.2736 80 200 120
40.7851 21.0332 27.8497 80 200 120
-13.7359 7.4868 3.2558 80 200 120
-24.1924 22.6980 3.7344 80 200 120
40.0240 24.4149 15.2010 80 200 120
-89.9156 38.4055 -4.2064 80 200 120
-44.9157 2.9789 -0.1941 80 200 120
-69.8260 30.9442 -10.3555 80 200 120
-48.6921 1.6387 -5.7521 80 200 120
-72.0805 20.2594 27.6720 80 200 120
21.1981 14.2368 -3.5536 80 200 120
-49.0817 57.6074 -14.0249 80 200 120
29.4947 14.9212 2.0452 80 200 120
-2.8702 19.6790 23.0448 80 200 120
-119.8969 35.2042 77.3604 80 200 120
-1024.5705 591.4045 506.9724 80 200 120
-20.9447 18.1720 25.2972 80 200 120
-106.7014 63.2343 74.0801 80 200 120
-128.1343 8.8941 79.4871 80 200 120
-16.6643 21.6748 24.6729 80 200 120
-164.0049 12.4995 76.3031 80 200 120
-259.3549 82.0965 104.7749 80 200 120
-70.5055 -34.9641 66.2876 80 200 120
-102.7537 -36.8010 78.3754 80 200 120
-274.8998 -102.1232 117.9134 80 200 120
-53.7941 -28.5636 16.8788 80 200 120
-145.3040 -78.5823 93.5011 80 200 120
-266.0597 18.0907 70.0417 80 200 120
-18.1812 -16.0524 2.8236 80 200 120
-169.1423 -17.8369 34.1694 80 200 120
-900.6424 -130.0253 262.5311 80 200 120
-40.0790 -51.4802 5.2753 80 200 120
11.3366 1.6131 10.9927 80 200 120
-81.1744 -0.2843 7.3843 80 200 120
-44.4357 6.0805 10.8795 80 200 120
-368.9516 105.6244 114.2390 80 200 120
-79.4685 18.3589 27.2395 80 200 120
11.4896 7.2164 7.6155 80 200 120
-49.1539 29.4162 22.7591 80 200 120
-17.4844 -16.4617 15.6924 80 200 120
0.0745 25.8196 21.5603 80 200 120
-56.1188 -4.7241 0.1217 80 200 120
-83.6214 -108.7970 -11.9524 80 200 120
-63.9107 -0.8291 0.3072 80 200 120
-44.7482 25.8153 15.3300 80 200 120
-8.9923 -0.4509 4.0126 80 200 120
-10.8274 -40.5966 -1.2933 80 200 120
-8.1884 -36.1075 -5.7143 80 200 120
-5.8056 -38.6514 -8.4045 80 200 120
41.4235 46.4197 36.1194 80 200 120
55.5042 47.0127 34.9321 80 200 120
59.1734 44.5287 30.8501 80 200 120
14.2138 30.5598 50.9117 80 200 120
29.2678 58.5005 34.5591 80 200 120
49.2360 38.5820 16.1839 80 200 120
41.4969 18.0615 10.2566 80 200 120
43.3151 17.1260 8.1880 80 200 120
5.6246 76.0666 19.5934 80 200 120
40.6219 210.1695 14.7680 80 200 120
30.5837 21.7394 22.2199 80 200 120
24.0239 47.4095 19.1359 80 200 120
18.3417 60.9661 23.5893 80 200 120
33.8337 15.3967 47.9260 80 200 120
-7.2701 33.7370 31.0068 80 200 120
29.4974 26.3909 22.1116 80 200 120
52.0343 43.5099 23.3623 80 200 120
39.8971 11.1296 46.1268 80 200 120
8.7124 -9.0310 18.3642 80 200 120
-7.6595 88.6541 51.3706 80 200 120
473.7814 1127.1345 108.5234 80 200 120
-36.9586 60.1808 49.2819 80 200 120
52.3382 22.9086 -9.3043 80 200 120
17.3684 7.0535 -6.7037 80 200 120
17.0511 12.8712 -7.5320 80 200 120
15.5587 16.2888 -7.3321 80 200 120
24.3903 3.5900 -5.1031 80 200 120
28.8775 11.3445 -7.9102 80 200 120
17.2539 24.7956 10.1464 80 200 120
19.1838 23.0640 9.7596 80 200 120
-43.9275 60.6124 -3.6085 80 200 120
22.8810 25.8326 6.3514 80 200 120
17.3625 24.5395 8.2919 80 200 120
3.8403 13.8253 -2.0124 80 200 120
-22.6673 30.1050 -6.1038 80 200 120
13.6199 8.7485 -0.4251 80 200 120
-38.2177 45.0709 -4.0087 80 200 120
19.4655 28.5225 5.9531 80 200 120
-36.6335 26.8210 -8.1827 80 200 120
10.3834 11.3464 -6.9307 80 200 120
-19.5333 -15.6569 3.0257 80 200 120
-23.6840 -14.2785 3.2046 80 200 120
-13.0460 -9.2056 1.7684 80 200 120
-10.5526 -9.5418 0.8983 80 200 120
622.4222 -2301.0977 -965.1899 80 200 120
-9.6172 -7.9770 1.0234 80 200 120
13.1244 -10.8378 -5.3368 80 200 120
12.5862 -22.7316 -9.3610 80 200 120
-10.0250 -36.7922 -0.4476 80 200 120
11.9856 5.5121 0.7538 80 200 120
21.3843 0.2124 -2.6696 80 200 120
18.1528 1.3332 -3.0115 80 200 120
12.0219 -49.3207 -1.7072 80 200 120
4.8352 1.5743 -2.2712 80 200 120
9.8790 -12.2703 -8.8424 80 200 120
-12.7267 -13.9178 -0.8268 80 200 120
-6.0272 -6.2886 0.4115 80 200 120
13.7298 9.5911 -0.6926 80 200 120
16.2278 13.0543 -0.5399 80 200 120
13.1192 8.9994 -0.5273 80 200 120
-2.7920 -13.2156 11.4027 80 200 120
18.2728 -1.3527 -2.6886 80 200 120
8.3956 -9.0631 7.5117 80 200 120
16.9458 13.5350 -0.0369 80 200 120
-6.1825 -13.6838 7.7120 80 200 120
11.0027 -14.7947 4.8182 80 200 120
-2.8954 11.5259 -8.1559 80 200 120
8.2455 18.1202 -12.1438 80 200 120
4.1518 16.8285 -10.8501 80 200 120
-0.6532 55.7297 -26.2147 80 200 120
-25.1651 12.0718 -9.2095 80 200 120
-25.5564 19.9381 -11.1534 80 200 120
-32.5415 64.5260 -27.3064 80 200 120
-75.1465 -8.9957 -9.3289 80 200 120
-39.2499 21.0797 -10.6396 80 200 120
-10.4765 101.2940 -30.8148 80 200 120
-52.6111 -2.5099 -7.4090 80 200 120
-143.4134 -21.5112 -13.4124 80 200 120
-1.7696 14.2624 -9.8207 80 200 120
-14.6480 8.1438 3.5875 80 200 120
-17.7979 19.5037 4.6983 80 200 120
3.2003 -18.2997 5.5810 80 200 120
1.7635 -8.4136 5.5895 80 200 120
-128.1374 65.4947 13.3222 80 200 120
-35.4181 10.3342 8.0521 80 200 120
-7.6483 -36.1293 0.0135 80 200 120
-43.0598 -101.7489 -3.8579 80 200 120
-47.2654 66.7832 -23.3886 80 200 120
-55.6858 -72.8839 7.5062 80 200 120
-144.4830 44.9063 -32.4236 80 200 120
-189.8830 -33.2244 3.7617 80 200 120
-6.6424 -33.0810 -3.4796 80 200 120
-142.7507 -241.0126 -26.6151 80 200 120
-21.8831 80.5068 -20.3344 80 200 120
-45.9394 -46.3024 9.9356 80 200 120
-21.9434 -3.1803 46.5575 80 200 120
-26.3543 4.2945 47.3670 80 200 120
14.9711 28.7677 51.5054 80 200 120
37.5317 38.8648 31.9485 80 200 120
8.9345 16.9559 47.5108 80 200 120
1.0611 23.8569 50.7756 80 200 120
33.1767 27.9414 38.2513 80 200 120
40.7410 32.6761 33.3027 80 200 120
-57.7670 19.4488 48.5101 80 200 120
36.4506 29.2281 10.9122 80 200 120
32.9125 36.4206 41.8409 80 200 120
-2148.2325 5492.3590 1005.9210 80 200 120
-72.0249 20.5895 47.7095 80 200 120
-197.9134 165.2195 66.5458 80 200 120
-218.0105 224.3485 35.9350 80 200 120
-81.1698 17.2804 32.9524 80 200 120
-131.2520 41.1586 15.1134 80 200 120
-35.1923 -15.4496 21.5932 80 200 120
-129.9113 -1.4366 76.8675 80 200 120
-17.8549 23.5490 -10.2636 80 200 120
-23.6566 30.4229 -9.9498 80 200 120
45.4748 15.0212 23.8571 80 200 120
-103.7453 7.9592 74.4365 80 200 120
-11.4159 -24.2768 28.7487 80 200 120
-13.0223 87.7227 -38.1924 80 200 120
43.0184 39.6742 20.7562 80 200 120
9.1154 9.2238 22.3518 80 200 120
-17.0321 20.9000 51.1225 80 200 120
-32.0828 19.7918 52.7277 80 200 120
-26.3747 14.4600 50.8830 80 200 120
1.8683 18.0757 22.0214 80 200 120
-13.6773 10.1897 48.1387 80 200 120
-22.0110 29.5278 53.5674 80 200 120
4.4669 11.8347 23.3592 80 200 120
-15.6109 14.7915 50.1158 80 200 120
-30.5444 31.9151 55.3369 80 200 120
-57.0166 82.0416 72.3966 80 200 120
-613.0568 151.5151 258.0747 80 200 120
-133.7343 -18.1910 90.3633 80 200 120
-116.5661 -57.3635 87.7066 80 200 120
-40.3512 -43.3992 42.0754 80 200 120
-93.2682 -84.9267 47.5199 80 200 120
-1395.1384 -55.4910 532.9795 80 200 120
-20.3932 -22.1690 -0.8665 80 200 120
-25.5591 -47.0777 -2.8823 80 200 120
-46.0181 13.9893 13.5389 80 200 120
8.5572 -8.1683 6.0864 80 200 120
-217.5869 -112.1287 100.2762 80 200 120
-23.8181 -58.8953 -3.9338 80 200 120
16.7880 -80.9467 -14.6700 80 200 120
4.3886 -15.6345 7.1236 80 200 120
-5.7129 9.6537 36.7685 80 200 120
-4.1435 -7.5729 35.9129 80 200 120
62.4957 38.0781 22.8812 80 200 120
54.3557 53.7328 32.0571 80 200 120
47.8290 55.2019 28.0688 80 200 120
15.7551 51.8210 52.1559 80 200 120
31.5125 54.4740 27.8710 80 200 120
40.5014 32.9730 0.6990 80 200 120
38.0608 54.8789 24.7287 80 200 120
26.2589 51.9987 37.1067 80 200 120
12.5240 27.8938 8.4153 80 200 120
13.1974 27.3199 6.2355 80 200 120
9.8555 23.8646 6.8927 80 200 120
17.1147 13.1969 3.0099 80 200 120
15.7983 12.0834 6.0991 80 200 120
58.9521 27.3768 6.6637 80 200 120
38.7872 29.8137 49.0675 80 200 120
9.3885 88.6731 35.6398 80 200 120
19.0315 13.8731 10.4720 80 200 120
29.0291 16.4449 20.1980 80 200 120
-1.8348 137.9280 51.3729 80 200 120
67.3872 37.3788 29.5587 80 200 120
36.2967 12.0707 15.0171 80 200 120
17.0218 12.5609 1.3944 80 200 120
0.5277 12.5736 19.4364 80 200 120
21.5891 22.0673 -0.4274 80 200 120
9.4621 22.2158 3.8079 80 200 120
0.1041 15.1312 20.0456 80 200 120
13.1303 9.9637 -1.1116 80 200 120
59.4213 32.2809 -11.3665 80 200 120
58.6414 25.8583 -0.6483 80 200 120
22.2703 7.7790 -8.6254 80 200 120
33.3601 16.3113 -9.8357 80 200 120
29.1825 18.0819 -10.1010 80 200 120
44.8591 39.0213 -11.9869 80 200 120
13.6411 31.0494 -1.6920 80 200 120
16.4800 15.8713 -8.2377 80 200 120
11.6805 19.6246 -7.4874 80 200 120
25.0874 20.4523 -10.3870 80 200 120
11.6808 17.1817 -7.9564 80 200 120
21.3325 26.3716 -7.3440 80 200 120
13.7722 9.8219 -6.6414 80 200 120
12.6313 31.4556 1.2209 80 200 120
22.9960 29.5944 -10.9087 80 200 120
12.5944 17.0006 -2.0092 80 200 120
8.6859 24.0038 1.2063 80 200 120
55.9644 35.1399 -5.3817 80 200 120
13.9204 29.4903 3.5158 80 200 120
14.9994 28.3944 4.4211 80 200 120
47.3981 15.7002 -9.2127 80 200 120
12.9210 14.9846 -1.8609 80 200 120
12.9643 17.2712 -4.3926 80 200 120
-825.2373 666.6217 24.2540 80 200 120
13.6350 15.1718 -4.8134 80 200 120
11.6288 10.1647 1.2920 80 200 120
43.6319 11.5440 -7.1859 80 200 120
-25.6899 33.9683 -5.4638 80 200 120
14.5315 9.0931 -1.0007 80 200 120
14.5538 9.7193 -0.8081 80 200 120
20.4244 21.1600 9.7553 80 200 120
12.7324 16.7094 -7.0812 80 200 120
19.9029 24.1542 5.0430 80 200 120
30.9210 5.2788 -7.4768 80 200 120
13.7362 7.4905 -1.3933 80 200 120
26.6113 13.9054 -9.5727 80 200 120
13.6662 -3.4240 -4.4876 80 200 120
13.9851 8.4738 -0.8993 80 200 120
56.8262 35.8947 -10.8910 80 200 120
20.9364 18.0322 0.3790 80 200 120
4.9554 14.1615 -1.9856 80 200 120
11.1854 5.3526 -0.4608 80 200 120
12.2539 -3.9738 -4.7613 80 200 120
16.2541 22.1379 -8.2293 80 200 120
10.0660 18.8784 -10.0170 80 200 120
6.0360 23.9965 6.9776 80 200 120
9.7244 26.1080 7.7830 80 200 120
36.8746 23.5226 -10.1677 80 200 120
42.0518 20.5096 -9.7161 80 200 120
11.1532 7.6937 -6.3865 80 200 120
12.4251 13.0014 -7.0288 80 200 120
13.8885 25.1511 9.3224 80 200 120
12.3142 -97.8664 -8.6887 80 200 120
13.0385 -12.0959 -1.1062 80 200 120
11.2430 4.9207 1.6121 80 200 120
12.2689 -12.3711 -1.8600 80 200 120
-58.5121 -110.3250 -6.4867 80 200 120
-14.1042 -136.6772 -18.1629 80 200 120
2.3505 -10.3999 5.9357 80 200 120
-862.5963 -1409.5705 -123.9639 80 200 120
9.5024 5.6425 2.0283 80 200 120
-80.0895 -416.6345 -96.6982 80 200 120
11.6631 4.7832 1.5598 80 200 120
13.8497 -11.4348 -10.9317 80 200 120
12.1397 7.1663 -0.8297 80 200 120
23.7815 3.3299 -4.2868 80 200 120
26.7494 2.6452 -3.7574 80 200 120
14.0950 9.4477 -0.8764 80 200 120
17.2743 14.7036 -0.9623 80 200 120
7.0902 -13.8241 -5.6435 80 200 120
-20.0757 -19.8678 9.1701 80 200 120
10.9467 5.8714 0.1012 80 200 120
-2.5455 0.6499 -7.8275 80 200 120
-4.9500 3.9524 -8.3749 80 200 120
-11.6271 3.0105 -8.7638 80 200 120
-16.5100 13.2019 -11.7990 80 200 120
-9.8068 27.9218 -4.6984 80 200 120
-19.2363 74.6699 -33.6140 80 200 120
-17.2836 81.8935 -26.9523 80 200 120
-22.7043 -1627.9604 -437.7855 80 200 120
-10.1599 -30.4819 -3.4206 80 200 120
-54.9432 -93.2843 12.9691 80 200 120
-55.4597 36.9448 1.2570 80 200 120
0.9261 -26.6734 -5.9776 80 200 120
-22.9267 25.0885 -13.0474 80 200 120
-123.8757 57.6153 23.4120 80 200 120
-8.9913 1.4642 47.5089 80 200 120
51.8991 32.1047 27.7562 80 200 120
42.1576 44.4807 24.2751 80 200 120
-18.4427 126.6823 -20.2261 80 200 120
-148.7589 133.1194 66.7977 80 200 120
-196.6670 159.9666 69.6592 80 200 120
-65.9483 138.3421 -39.0535 80 200 120
-365.8148 361.7332 127.7372 80 200 120
-189.4004 440.5303 -98.4695 80 200 120
-160.2667 49.0820 57.6521 80 200 120
20.6103 26.4175 -0.3052 80 200 120
-72.6973 10.5753 16.0708 80 200 120
-723.8711 581.6633 333.4550 80 200 120
-110.4450 86.5048 91.8073 80 200 120
-143.0333 57.6059 94.6350 80 200 120
-184.8189 18.6827 85.6711 80 200 120
-135.4356 100.3589 97.7355 80 200 120
-101.2021 33.4802 78.6610 80 200 120
-58.1291 -10.3636 63.3933 80 200 120
-7.3667 -15.4250 46.0288 80 200 120
-121.6958 13.5359 86.0701 80 200 120
-827.1251 -262.2574 259.8008 80 200 120
-31.1094 26.9522 29.3163 80 200 120
-54.7379 -48.4621 60.6461 80 200 120
-64.8338 29.3386 20.1088 80 200 120
-49.3052 40.0857 28.6372 80 200 120
-36.8319 41.6179 33.5648 80 200 120
-108.6389 105.3946 90.8463 80 200 120
-11.1805 -10.6376 49.7154 80 200 120
-105.0855 -32.3800 3.0396 80 200 120
-4.0354 -16.6186 -1.5566 80 200 120
-44.0786 -80.3343 1.8641 80 200 120
-3.3085 -5.9326 33.4498 80 200 120
-5.7034 3.2289 35.1789 80 200 120
-7.7775 -2.8490 36.4147 80 200 120
1.1066 -8.0220 37.4495 80 200 120
46.0904 46.8856 12.9700 80 200 120
24.9730 60.8072 24.3086 80 200 120
0.2017 -9.2525 30.5254 80 200 120
8.0137 23.8203 8.0749 80 200 120
2.1010 37.0726 9.4282 80 200 120
21.2963 25.1053 2.4522 80 200 120
-4.8024 -10.9988 31.8043 80 200 120
-21.3145 63.6638 62.3109 80 200 120
-1216.2526 4272.5807 1282.1789 80 200 120
-4285.1134 6051.6756 4006.8995 80 200 120
21.1113 20.1810 -0.3227 80 200 120
5.8248 -9.9224 19.6878 80 200 120
53.0269 41.9556 10.1352 80 200 120
54.3878 41.6977 -2.9273 80 200 120
57.4776 42.9799 -10.7944 80 200 120
50.7282 44.1705 -5.5113 80 200 120
10.5037 28.4666 3.2937 80 200 120
14.3353 19.7115 -1.1706 80 200 120
9.6008 20.6719 -1.8306 80 200 120
10.7613 13.4349 -8.5031 80 200 120
17.2120 13.2624 2.0500 80 200 120
20.0356 24.7917 8.0417 80 200 120
12.6369 6.5374 -1.0025 80 200 120
33.0504 2.6924 -6.4053 80 200 120
1.7141 17.3413 3.9995 80 200 120
28.3909 0.6987 -7.9598 80 200 120
40.1605 9.9720 -9.5949 80 200 120
-48.0918 -29.5714 6.6969 80 200 120
-23.3241 -14.9208 1.3494 80 200 120
24.6510 1.7327 -7.2124 80 200 120
20.8077 7.6559 -7.6251 80 200 120
12.9694 8.0376 -1.0483 80 200 120
19.0337 17.4749 -0.8711 80 200 120
26.9330 3.1296 -7.4534 80 200 120
0.1961 10.9558 -9.5925 80 200 120
-9.6247 78.7001 -36.7436 80 200 120
-21.5511 24.6412 -15.2802 80 200 120
-24.9960 19.5613 -13.8272 80 200 120
-28.9366 75.2854 -24.9321 80 200 120
-21.6577 25.2664 -6.2655 80 200 120
-166.7697 43.4194 -13.4094 80 200 120
-5.4022 12.4626 -10.8572 80 200 120
-50.2170 62.3307 -15.8213 80 200 120
-33.8260 73.5509 -18.7834 80 200 120
-11.8109 20.5014 -13.6589 80 200 120
-43.8651 56.5469 -25.6509 80 200 120
-2.5305 26.0903 -16.3653 80 200 120
-42.1836 21.8060 -3.9791 80 200 120
-46.7573 78.7223 -11.9353 80 200 120
-14.7352 5.2149 -0.0602 80 200 120
5.2506 62.5568 -27.3374 80 200 120
2.6900 29.1068 -17.6345 80 200 120
6.0643 -0.5966 22.2011 80 200 120
56.4743 26.4845 31.1753 80 200 120
43.5791 50.2944 20.2989 80 200 120
-0.6276 53.2294 -8.4690 80 200 120
31.5491 57.3147 37.2160 80 200 120
-24.4731 6.0442 51.3843 80 200 120
52.4681 38.0007 33.1399 80 200 120
-26.6080 10.2799 52.1734 80 200 120
34.2711 52.8811 30.4574 80 200 120
-44.7269 40.9895 40.1810 80 200 120
-24.9466 51.3563 -21.8827 80 200 120
-254.6673 264.8574 121.7518 80 200 120
-6483.3875 7748.6808 2540.9738 80 200 120
-38.2281 15.5600 53.3624 80 200 120
-118.6804 69.2833 13.5739 80 200 120
-21.1667 60.1057 -23.1552 80 200 120
-33.3033 22.0687 3.9825 80 200 120
-80.5400 34.5426 56.3397 80 200 120
-30.8733 20.5792 1.9223 80 200 120
-243.8711 113.6903 52.5520 80 200 120
-48.5389 57.1199 -25.9359 80 200 120
-45.1902 22.8285 -0.1260 80 200 120
-69.4951 21.7010 -6.2403 80 200 120
-35.0757 26.6006 -6.8856 80 200 120
-74.2192 67.8123 -29.4343 80 200 120
-43.3591 118.3743 -35.2844 80 200 120
-86.7078 6.8258 37.0464 80 200 120
-4.1936 23.6891 -3.1926 80 200 120
-35.0880 128.4299 -39.4421 80 200 120
-46.5328 20.9238 34.1392 80 200 120
-20.1829 18.4767 26.3831 80 200 120
-71.4428 71.6472 77.1505 80 200 120
-671.1297 -173.8775 243.3719 80 200 120
-63.2741 -22.2850 19.8176 80 200 120
-13.2412 24.8543 28.0518 80 200 120
-72.0377 -36.7189 72.3013 80 200 120
-45.8184 -53.8998 29.1284 80 200 120
4.2999 -13.3177 23.2267 80 200 120
-176.9790 -155.1873 62.9749 80 200 120
-220.8668 -14.0635 125.3440 80 200 120
-1260.1902 -765.0519 239.3438 80 200 120
-347.4060 -341.5634 24.0019 80 200 120
-42.3562 -13.1771 7.1610 80 200 120
-1.2145 -12.3932 9.3718 80 200 120
-72.3701 34.1544 30.6964 80 200 120
-6.0524 1.9277 40.8540 80 200 120
39.6644 64.5544 22.5239 80 200 120
49.2834 61.1967 22.9871 80 200 120
8.0900 -1.5508 22.9539 80 200 120
31.4743 65.5712 16.0281 80 200 120
13.9421 78.3640 38.9892 80 200 120
0.8422 -9.8597 31.4655 80 200 120
-5.2463 -0.7707 40.6627 80 200 120
21.9103 58.0932 10.8893 80 200 120
12.9334 2.8339 9.2203 80 200 120
6.0612 80.1419 52.9574 80 200 120
19.5028 11.9995 11.2835 80 200 120
19.8419 18.2505 -1.1566 80 200 120
8.4975 19.4712 4.3311 80 200 120
20.1522 19.4638 4.8867 80 200 120
20.7412 27.8050 2.6383 80 200 120
15.4215 33.4646 0.7091 80 200 120
58.2165 17.8929 -6.6568 80 200 120
9.9353 15.0191 -0.9148 80 200 120
16.8578 27.1780 4.9582 80 200 120
10.5829 16.0085 -9.0844 80 200 120
15.8187 9.6079 -1.7041 80 200 120
7.2327 14.2275 -8.9050 80 200 120
13.3260 24.1063 8.9589 80 200 120
15.4000 9.0172 -1.8487 80 200 120
18.0156 14.7035 5.0700 80 200 120
-20.2986 -19.8702 -1.6833 80 200 120
-18.5429 -19.3030 -2.6357 80 200 120
-17.6123 -19.9787 -3.1360 80 200 120
30.7901 6.0223 -8.6032 80 200 120
25.4417 7.1782 -9.3403 80 200 120
30.6017 4.0330 -7.8906 80 200 120
-2.3965 -13.7757 10.7984 80 200 120
-17.1597 -27.4727 19.5358 80 200 120
-8.2393 -35.1297 -0.5781 80 200 120
27.8921 4.8462 -9.3302 80 200 120
21.5753 -0.4376 -11.7053 80 200 120
29.7647 13.2944 -7.6181 80 200 120
8.0593 2.1079 3.1930 80 200 120
-65.5526 -262.7793 -78.2747 80 200 120
13.9047 7.3041 -2.1615 80 200 120
-24.4330 -65.4973 10.7281 80 200 120
20.6881 -10.3371 -16.7444 80 200 120
31.8289 8.4529 -4.3477 80 200 120
-0.9950 23.9697 -14.0907 80 200 120
-5.6022 20.3226 -13.5139 80 200 120
-6.6816 23.6274 -14.5773 80 200 120
-20.1501 24.5433 -17.1893 80 200 120
4.2842 15.3800 -2.5350 80 200 120
2.8743 14.0263 -2.4399 80 200 120
3.3079 9.3164 -9.5978 80 200 120
-28.8549 5.3486 -15.2043 80 200 120
-39.7920 20.3789 -16.9128 80 200 120
-7.6681 59.6954 -26.7029 80 200 120
-30.7968 62.4200 -25.9639 80 200 120
-33.6636 21.4984 -13.1770 80 200 120
-3.7195 -0.1212 -2.1931 80 200 120
-64.9782 -4.7349 -17.6107 80 200 120
-30.8480 0.3170 -16.7050 80 200 120
-13.3015 -4.8775 -13.6943 80 200 120
-37.8440 -3.5993 -16.8669 80 200 120
-81.2442 -49.9347 -21.2112 80 200 120
-40.3827 -6.1356 -17.1725 80 200 120
-9.7548 -0.9390 -13.1357 80 200 120
-65.4372 2.5162 -17.2824 80 200 120
-23.3170 100.2135 -27.3529 80 200 120
-22.7378 14.6901 -16.1547 80 200 120
-37.3847 35.8005 -17.0105 80 200 120
-11.9310 28.7723 -16.1322 80 200 120
-26.2729 21.7674 -11.4531 80 200 120
-471.7493 -224.5080 -70.3718 80 200 120
-365.0298 23.8740 -55.1589 80 200 120
-33.4620 -0.4124 -2.4414 80 200 120
-441.2248 55.1101 -28.3074 80 200 120
-71.1135 62.1727 -19.6409 80 200 120
-155.3447 50.8303 10.3152 80 200 120
-14.6462 -3.4536 4.6071 80 200 120
-26.5000 69.3747 -16.3288 80 200 120
-37.4704 84.5020 -9.3803 80 200 120
-1.1639 38.0747 -18.9417 80 200 120
-7.5823 32.1745 -16.4966 80 200 120
-2.9675 -25.3627 -2.8910 80 200 120
-37.3329 -13.1128 0.3011 80 200 120
-19.0809 40.5757 -20.5653 80 200 120
11.1479 1.5534 1.1176 80 200 120
-18.1756 -57.5051 11.5597 80 200 120
-306.9488 61.7198 1.0353 80 200 120
33.1282 61.4069 29.8377 80 200 120
-47.9729 10.4057 11.7742 80 200 120
-167.8049 163.6613 95.0564 80 200 120
-71.6784 52.4412 60.8599 80 200 120
-136.5138 86.6796 12.2321 80 200 120
-90.6548 67.7208 63.9167 80 200 120
-91.1263 9.7537 45.0805 80 200 120
-234.0302 86.1691 38.9555 80 200 120
-53.4081 97.1748 -28.6717 80 200 120
-167.0927 83.7578 21.7779 80 200 120
-62.1574 93.0693 -26.4061 80 200 120
-70.1779 80.8354 -23.7045 80 200 120
-28.5204 21.2725 0.4366 80 200 120
-217.0275 202.7970 -2.8485 80 200 120
-77.5398 8.2194 22.9548 80 200 120
-97.6512 82.2518 -27.7400 80 200 120
-85.1744 -10.0287 55.8490 80 200 120
-10.7946 56.2150 -21.0402 80 200 120
-190.9151 568.9256 -133.6961 80 200 120
-0.5052 47.8793 -15.7872 80 200 120
-97.1112 -17.4133 52.4480 80 200 120
20.4928 13.4487 9.7883 80 200 120
-28.9195 25.6553 1.8728 80 200 120
-96.9655 75.7697 82.3180 80 200 120
-1160.1937 346.4951 458.4082 80 200 120
-57.6358 24.4058 66.9042 80 200 120
-63.1539 14.0034 67.4293 80 200 120
-195.2617 41.8723 107.0360 80 200 120
-1332.7027 -125.9456 490.8036 80 200 120
-396.1890 1.7871 130.3895 80 200 120
-539.2690 -103.6899 236.1893 80 200 120
-298.2113 19.9419 98.5382 80 200 120
-838.2973 -148.5121 327.3610 80 200 120
-204.7647 -130.9718 125.6465 80 200 120
-32.7086 -27.8622 9.7319 80 200 120
-244.1549 -179.6059 96.0375 80 200 120
-15.4555 -27.8728 16.8360 80 200 120
-80.1519 0.0161 72.5872 80 200 120
-12.7352 -23.8487 43.0531 80 200 120
-85.9535 53.6959 77.7348 80 200 120
-49.7920 4.4420 62.6233 80 200 120
-54.0782 -33.7646 69.9290 80 200 120
-7.9488 -16.8855 52.5302 80 200 120
-41.2639 -6.3265 61.8345 80 200 120
-113.7909 -37.8795 90.2677 80 200 120
-532.4143 20.7265 130.8548 80 200 120
-46.9676 -54.1629 21.2181 80 200 120
12.7199 -1.9389 13.3585 80 200 120
-53.6770 7.2156 12.5152 80 200 120
-84.8135 -1.8409 26.0774 80 200 120
-80.2389 28.9274 22.7314 80 200 120
8.6268 -4.4439 -1.9994 80 200 120
4.9668 -8.9097 -2.8662 80 200 120
9.0158 -4.2074 -1.2609 80 200 120
-12.9664 9.1078 44.2139 80 200 120
8.4936 -7.2324 13.2710 80 200 120
3.0733 -5.8910 41.7785 80 200 120
19.4104 78.5712 21.4749 80 200 120
54.1724 50.2483 9.7138 80 200 120
25.3285 77.6393 22.6908 80 200 120
29.2000 30.5607 10.9746 80 200 120
26.8579 13.2609 11.2120 80 200 120
23.3320 8.2258 13.3829 80 200 120
41.8880 7.0555 19.6645 80 200 120
73.3598 34.8037 14.5816 80 200 120
14.6219 8.2720 1.5292 80 200 120
25.0986 5.9208 11.8360 80 200 120
30.9828 4.1685 -10.3738 80 200 120
10.9855 21.0238 -8.4503 80 200 120
20.0279 31.1522 -14.0603 80 200 120
14.4356 26.8606 -5.5501 80 200 120
11.5938 19.6134 -4.2032 80 200 120
16.3047 28.1777 -10.2990 80 200 120
14.1581 22.5786 -2.5281 80 200 120
49.5418 34.5052 -15.9961 80 200 120
7.7048 20.0426 -9.0131 80 200 120
27.5738 1.9280 -11.9439 80 200 120
10.7666 18.4271 -3.3756 80 200 120
11.2416 17.1039 -0.7749 80 200 120
12.6339 18.8168 -9.5249 80 200 120
44.6436 39.3208 -17.9988 80 200 120
70.1319 39.4879 -9.2592 80 200 120
6.3294 10.9602 3.0779 80 200 120
24.6943 21.7837 -13.8555 80 200 120
19.9810 22.1760 -14.4610 80 200 120
14.4659 15.4336 5.3710 80 200 120
-25.5540 -28.8876 -1.4962 80 200 120
-24.0314 -28.8100 -1.7336 80 200 120
-26.1443 -29.9518 -4.9705 80 200 120
-28.9617 -36.1796 -7.0233 80 200 120
-0.8694 -14.8739 20.3159 80 200 120
7220.3027 -75029.6025 -24783.6083 80 200 120
12.3168 -4.4159 6.2702 80 200 120
743.0212 -11263.7974 -3877.6460 80 200 120
-11.7858 -24.8935 24.2148 80 200 120
12.5770 -2.9081 6.1314 80 200 120
36.5641 10.4457 -9.2316 80 200 120
27.5571 0.7962 -10.9224 80 200 120
-13.6739 -19.3614 3.1509 80 200 120
33.9285 2.8462 -6.5379 80 200 120
17.3237 12.4935 -2.1860 80 200 120
42.9494 16.1551 -8.6719 80 200 120
33.8957 7.8316 -9.8744 80 200 120
38.4654 11.6314 -7.1237 80 200 120
-4.2231 13.8843 -12.8752 80 200 120
-14.8802 20.2568 -16.2123 80 200 120
-45.2957 10.6119 -23.1694 80 200 120
-26.2310 70.8467 -31.2421 80 200 120
-37.3714 20.8163 -19.9536 80 200 120
-44.6357 68.4179 -32.3496 80 200 120
-70.8058 0.7850 -27.4883 80 200 120
-187.9280 -143.3961 -41.2931 80 200 120
-249.3700 -96.0943 -50.4411 80 200 120
-74.3847 -27.6717 -25.8974 80 200 120
-34.2997 95.3729 -30.4665 80 200 120
-66.8143 -23.7720 -24.6404 80 200 120
-50.0253 -30.7951 -19.3640 80 200 120
-178.1726 -155.9311 -38.7668 80 200 120
-0.1030 48.9305 -22.5895 80 200 120
-97.9962 -88.0726 -29.2461 80 200 120
-3.5788 17.6554 -14.7649 80 200 120
-60.1700 -44.9474 -22.3560 80 200 120
-16.8492 103.3892 -39.2200 80 200 120
-74.5287 79.6970 -33.9026 80 200 120
-54.9996 27.7122 -1.3830 80 200 120
-88.5415 78.9947 -37.0976 80 200 120
-32.9539 37.3775 -22.6418 80 200 120
12.3331 -44.6118 -12.4616 80 200 120
7.7603 -9.3230 -3.5571 80 200 120
-345.7589 48.5334 -59.9118 80 200 120
-146.3440 1.6573 -25.2278 80 200 120
-18.8390 -27.2800 7.8283 80 200 120
43.8689 44.3697 14.2957 80 200 120
55.6000 48.0811 34.7340 80 200 120
48.8589 62.4931 29.1039 80 200 120
19.5655 90.0517 51.4716 80 200 120
30.0593 68.7076 36.4390 80 200 120
10.8544 19.5801 1.0797 80 200 120
43.1549 67.4174 22.1787 80 200 120
-27.2502 47.6943 -20.8266 80 200 120
11.1744 20.6494 -2.7531 80 200 120
-71.3851 31.4989 40.7966 80 200 120
-56.1806 -8.3755 28.8029 80 200 120
-44.2707 6.4158 25.6988 80 200 120
-77.9764 -28.4081 33.0611 80 200 120
-101.6738 -96.7645 22.6163 80 200 120
-54457.5788 -2784.6336 13184.7980 80 200 120
-29.1575 -42.9123 18.9359 80 200 120
-35.5144 -5.0906 5.9653 80 200 120
-30.4344 24.6709 28.7001 80 200 120
-9.1484 -13.9310 -6.1293 80 200 120
19.4515 -6.4593 45.8306 80 200 120
-106.8542 10.6623 33.3459 80 200 120
-20.4001 4.3703 4.7388 80 200 120
4.8070 12.8774 6.0612 80 200 120
7.1102 16.3548 3.2290 80 200 120
7.6867 20.5896 5.8494 80 200 120
4.1031 105.6349 22.9402 80 200 120
20.0340 81.3226 14.7952 80 200 120
9.2284 17.2824 1.4934 80 200 120
6.1220 16.4713 3.7466 80 200 120
-19.5944 250.3511 78.4474 80 200 120
59.5041 64.6650 44.1975 80 200 120
-1.2571 21.1117 53.6033 80 200 120
42.8484 14.2300 12.2610 80 200 120
18.9208 17.8114 -0.3402 80 200 120
68.5184 37.1230 4.3807 80 200 120
22.4719 6.5987 13.5146 80 200 120
25.3261 18.7363 7.8975 80 200 120
26.9925 16.3190 9.9397 80 200 120
14.6669 6.9689 3.1158 80 200 120
22.6977 6.6335 11.0915 80 200 120
34.9342 0.4543 40.1119 80 200 120
26.2441 45.4381 1.2179 80 200 120
22.0527 29.9850 1.3541 80 200 120
18.2742 19.3301 -15.6315 80 200 120
10.4286 18.2154 -10.5342 80 200 120
7.7523 7.1703 -3.6330 80 200 120
10.0108 21.1900 -9.4498 80 200 120
10.9420 16.0174 4.1601 80 200 120
24.7482 23.9330 -15.7172 80 200 120
14.3194 4.0463 -4.2063 80 200 120
-33.5230 -28.5344 -0.5151 80 200 120
-29.5148 -38.3871 -4.5661 80 200 120
-150.5082 -277.2947 -9.6939 80 200 120
-13.3374 -19.4714 12.3093 80 200 120
-30.5710 -29.6895 2.9657 80 200 120
35.7959 6.1568 -8.7141 80 200 120
28.3009 -5.4222 -12.6394 80 200 120
299.1184 -2140.6506 -641.1175 80 200 120
-67.2046 -42.9137 2.4799 80 200 120
41.3778 11.3231 -5.0741 80 200 120
22.8721 -3.5853 -10.0213 80 200 120
-6.0600 -14.6185 10.5132 80 200 120
34.5916 8.6185 -1.3662 80 200 120
-35.5377 -22.2263 -25.0187 80 200 120
-23.6780 -2.7678 -21.2830 80 200 120
-4.4505 -1.9583 -17.7834 80 200 120
-6.7509 3.1036 -16.1976 80 200 120
-43.3238 -18.5755 -25.6869 80 200 120
-18.8086 -1.3990 -20.3025 80 200 120
-22.7648 12.8459 -20.3277 80 200 120
-15.6014 70.0557 -30.1387 80 200 120
-193.8456 -73.8272 -49.6098 80 200 120
-59.6168 18.8578 -22.0520 80 200 120
-44.9845 82.2027 -28.2661 80 200 120
-28.1351 25.3407 -10.7112 80 200 120
-129.5530 -41.1733 -37.0031 80 200 120
-44.8442 72.9949 -19.5356 80 200 120
-3.5988 26.9713 -17.3826 80 200 120
-65.1339 81.5268 -12.8952 80 200 120
-142.7791 20.9732 -42.4176 80 200 120
-7.9722 -13.4270 -1.8229 80 200 120
-28.7793 25.1014 -18.8045 80 200 120
0.9734 29.8937 -17.5457 80 200 120
-5.8410 78.8418 -33.3698 80 200 120
-88.8595 82.4803 -6.2205 80 200 120
-340.0198 82.5506 39.4339 80 200 120
-25.2192 -57.4177 0.3400 80 200 120
-155.6473 6.1530 -47.2430 80 200 120
-78.3175 -91.0848 -31.2568 80 200 120
-30.0001 -4.6816 52.3090 80 200 120
-22.3215 1.5612 52.4467 80 200 120
1.8304 45.5656 -11.3026 80 200 120
-95.8700 85.0737 71.3305 80 200 120
-270.6615 117.5800 55.0332 80 200 120
-8.5803 16.5686 -3.5612 80 200 120
-22.5949 70.4127 -20.9328 80 200 120
-138.0858 58.6267 53.4086 80 200 120
-91.9700 18.4050 51.6657 80 200 120
-21.9898 -9.2406 13.1739 80 200 120
-57.5787 60.5487 -28.6808 80 200 120
12.7554 101.7152 54.6397 80 200 120
9.3195 16.9935 -1.8448 80 200 120
-48.0054 -15.9192 27.2281 80 200 120
-286.9199 70.1920 137.1961 80 200 120
-272.0206 137.3936 142.8233 80 200 120
-380.0580 22.6740 125.8805 80 200 120
-385.7330 -207.5892 205.0401 80 200 120
-2029.7726 -662.1390 556.1164 80 200 120
-311.9205 -240.1755 91.9858 80 200 120
-1918.7710 -51.9987 520.3706 80 200 120
3.2657 -10.3600 -2.9869 80 200 120
-78.1359 33.8799 73.9675 80 200 120
8.4899 -0.2802 0.2984 80 200 120
-21.6110 -34.0123 -4.3150 80 200 120
-43.5167 -9.4549 2.2888 80 200 120
-399.4175 108.1123 132.4090 80 200 120
-31.6428 -14.1655 -3.6640 80 200 120
-31.8733 21.5326 27.9447 80 200 120
-4599.1461 -1093.4211 459.9322 80 200 120
-1.2610 27.8079 58.1683 80 200 120
30.1896 87.7519 34.9131 80 200 120
18.1966 13.1761 -2.3035 80 200 120
35.6486 6.6222 7.7074 80 200 120
19.0112 15.9186 -2.6142 80 200 120
14.7193 8.4022 1.4532 80 200 120
17.2268 11.1610 -3.4092 80 200 120
18.0868 16.5890 -2.7583 80 200 120
15.3341 -6.0376 45.8359 80 200 120
36.0887 7.4000 0.9909 80 200 120
34.8359 10.6396 9.1627 80 200 120
6.3731 12.3445 -3.4610 80 200 120
21.2819 33.1387 -8.4762 80 200 120
13.1696 27.1353 -5.5246 80 200 120
11.3616 19.0685 3.1678 80 200 120
21.2663 26.8332 -18.5114 80 200 120
14.5062 4.9745 -3.8980 80 200 120
17.4281 11.3656 2.3167 80 200 120
-35.1544 -36.8344 -9.0581 80 200 120
-42.0173 -48.4014 -12.1814 80 200 120
9.3539 1.2312 -0.3725 80 200 120
-154.8514 -227.2561 -61.5314 80 200 120
45.8089 -160.3597 -73.5867 80 200 120
17.3507 -79.2839 -12.6280 80 200 120
-2.8201 -12.7664 9.4170 80 200 120
-19.1506 -27.7988 18.3244 80 200 120
42.9538 15.8809 -9.9069 80 200 120
33.9253 10.5571 -11.2504 80 200 120
25.4704 -11.7539 -18.9082 80 200 120
11.0085 3.0955 -2.5859 80 200 120
-220.9594 -355.2691 -61.5419 80 200 120
10.7087 2.4188 -2.8309 80 200 120
15.0811 8.0820 0.9189 80 200 120
36.9108 5.3080 -2.3054 80 200 120
-0.0497 26.1442 -18.3564 80 200 120
-4.8575 21.5959 -17.4603 80 200 120
-6.1087 25.4803 -18.8339 80 200 120
4.0479 9.2815 -13.7015 80 200 120
-0.3077 11.4070 -15.3717 80 200 120
-4.0453 58.9194 -28.7552 80 200 120
-27.7920 69.0909 -32.3978 80 200 120
-24.3263 27.5414 -22.0945 80 200 120
-32.8900 22.5529 -22.9332 80 200 120
-23.8153 -17.6041 -26.7012 80 200 120
-18.2073 -10.8187 -25.7924 80 200 120
-17.3203 95.4679 -28.9515 80 200 120
-8.1100 13.3547 -18.3622 80 200 120
-54.1846 71.2446 -23.1083 80 200 120
-10.6284 30.0893 -19.6398 80 200 120
-32.0051 24.5224 -18.1299 80 200 120
-15.5625 24.1063 -21.4605 80 200 120
-43.4843 65.1455 -34.9785 80 200 120
-26.1175 75.7580 -21.4198 80 200 120
-7.3741 35.9039 -21.8491 80 200 120
-459.0341 87.6774 -20.2397 80 200 120
-55.5060 66.6122 -38.3192 80 200 120
-7.1564 -30.3308 -2.1034 80 200 120
-21.8792 -14.3494 11.3365 80 200 120
-224.3514 -7.5048 -11.3588 80 200 120
-220.3693 -123.0376 -65.9192 80 200 120
-8.4926 45.6607 -24.9293 80 200 120
-38.9100 4.4592 53.9686 80 200 120
-23.6438 13.6062 56.2929 80 200 120
-87.8854 30.3757 56.0737 80 200 120
-41.2366 35.1833 61.6374 80 200 120
20.2008 85.2180 34.5480 80 200 120
7.1319 27.3914 -2.1072 80 200 120
-109.4391 34.1853 54.1506 80 200 120
-1981.4822 3652.9500 -447.0923 80 200 120
-200.4946 128.4640 1.3164 80 200 120
-303.2540 181.9559 71.6996 80 200 120
-221.8086 105.6430 61.7865 80 200 120
-116.0501 133.7703 92.6565 80 200 120
-218.3605 271.7465 -22.4598 80 200 120
-62.7746 153.9564 -29.9176 80 200 120
-46.6333 67.6877 -22.3573 80 200 120
-13.5961 81.2419 -17.7170 80 200 120
-233.6478 81.5806 59.3785 80 200 120
58.7112 33.6256 25.1285 80 200 120
50.7406 44.9069 8.0722 80 200 120
-100.3645 -7.9532 54.8975 80 200 120
-2.7524 48.6608 -17.5530 80 200 120
-8.1949 63.1806 -17.6451 80 200 120
-1.0426 55.5646 -14.5171 80 200 120
-5.0130 19.8918 -3.1280 80 200 120
-259.4735 71.4107 52.9975 80 200 120
5.6881 12.5424 2.7200 80 200 120
-6.1428 3.2664 56.6170 80 200 120
-381.4774 11.4424 160.6583 80 200 120
-406.1357 -139.1046 198.5832 80 200 120
-250.8317 -155.9833 165.1613 80 200 120
-719.0021 -351.6782 302.2619 80 200 120
-42.3026 -54.7627 16.8380 80 200 120
-35.0451 -24.2633 68.1934 80 200 120
-56.3485 51.1218 72.6363 80 200 120
-76.4598 -9.6939 77.6692 80 200 120
-1022.2737 -484.3729 293.4750 80 200 120
11.0120 1.7970 3.5087 80 200 120
-1.9363 -17.6909 -3.5999 80 200 120
-18.0212 -39.2664 -4.2810 80 200 120
-33.4644 -1.9286 5.9592 80 200 120
46.0581 13.4147 15.3030 80 200 120
10.5563 96.0924 47.8319 80 200 120
45.7594 80.5558 36.4891 80 200 120
5.0022 20.2408 6.8264 80 200 120
10.0214 96.4550 37.9926 80 200 120
20.4699 86.4161 29.3474 80 200 120
-10.8537 -1.8268 44.1279 80 200 120
46.1887 11.6014 -6.6421 80 200 120
49.4819 14.9478 8.7669 80 200 120
39.8188 10.8419 2.9617 80 200 120
0.3988 7.3714 16.1819 80 200 120
35.6506 7.7113 12.3150 80 200 120
32.5556 82.6870 39.9592 80 200 120
-8.7454 -6.1712 40.2486 80 200 120
27.3326 2.7134 -18.5601 80 200 120
14.6614 6.4699 -3.3904 80 200 120
9.6380 26.0573 -14.1797 80 200 120
15.2939 22.3086 -21.7468 80 200 120
7.8347 23.9743 -13.1402 80 200 120
18.5589 16.8246 2.4602 80 200 120
8.3925 14.5254 1.5958 80 200 120
18.1196 14.3858 2.9370 80 200 120
14.4029 18.6631 1.7640 80 200 120
17.7328 14.1124 4.0774 80 200 120
16.1325 15.4612 5.3976 80 200 120
48.1504 2.5539 2.7282 80 200 120
7.8020 25.5077 -11.6630 80 200 120
-119.2129 -68.8745 6.7575 80 200 120
-59.8705 -56.9236 -13.0620 80 200 120
-56.3951 -56.5518 -13.2402 80 200 120
-39.6840 -29.3383 -10.8130 80 200 120
-39.0504 -32.6267 -12.5617 80 200 120
-58.4381 -57.5547 -20.0764 80 200 120
-35.9506 -34.9946 -16.3768 80 200 120
-55.4363 -60.4603 -21.9293 80 200 120
-38.0265 -39.9754 -16.5639 80 200 120
-34.0809 -29.1491 -14.7774 80 200 120
-38.7592 -43.3701 -21.6525 80 200 120
-259.6107 -695.1515 94.5105 80 200 120
-34.4816 -34.9729 -19.4429 80 200 120
10.0666 0.0986 -0.3049 80 200 120
-14.8495 -24.0148 22.1653 80 200 120
-86.1346 -302.6778 -110.3170 80 200 120
-34.6584 -41.6514 -26.0421 80 200 120
28.7176 5.4503 -15.0379 80 200 120
8.8096 4.5506 3.4950 80 200 120
-150.2527 -287.3076 -7.8973 80 200 120
-4.2459 -17.8448 29.5206 80 200 120
-36.7713 -45.9077 -0.9932 80 200 120
-26.5549 -32.5801 -28.5329 80 200 120
39.5036 13.9410 -11.6598 80 200 120
-90.5702 -71.1706 9.8097 80 200 120
12.0948 -0.1486 1.8940 80 200 120
-4.9109 16.0961 -19.1841 80 200 120
-20.2389 29.5843 -24.5704 80 200 120
-40.0107 5.0516 -28.7177 80 200 120
-14.8019 23.9509 -22.4642 80 200 120
-46.5428 26.4587 -28.5029 80 200 120
-15.7165 70.2486 -32.5019 80 200 120
-39.1101 27.6666 -22.8595 80 200 120
-39.8171 25.7781 -29.1780 80 200 120
-98.3706 -10.0386 -40.6940 80 200 120
-41.5830 -2.2225 -30.6876 80 200 120
-55.3418 -8.7837 -34.0541 80 200 120
-131.6646 -85.6008 -52.6820 80 200 120
-58.2100 -12.2392 -34.4162 80 200 120
-88.6279 2.3226 -34.7462 80 200 120
-257.6717 -97.1344 -82.8962 80 200 120
-24.3289 17.6764 -24.2364 80 200 120
-26.9167 96.6742 -33.8271 80 200 120
-80.2041 -52.9027 -42.3658 80 200 120
-327.1717 -152.8348 -88.1570 80 200 120
-2.2023 20.2069 -19.4274 80 200 120
-82.6628 -64.6147 -42.8123 80 200 120
-1344.1281 229.3857 -204.6644 80 200 120
-7.5609 97.8137 -38.9991 80 200 120
-125.8324 118.7054 -50.0334 80 200 120
-14.4752 44.6209 -24.8933 80 200 120
-26.0875 105.5509 -24.3121 80 200 120
-30.1599 37.0542 -25.2077 80 200 120
-6.9763 -11.7374 0.3071 80 200 120
-0.6522 -24.5122 -2.4122 80 200 120
-14.8275 -9.3336 15.1021 80 200 120
-8.2063 102.0255 -27.7281 80 200 120
-24.7751 -17.7007 9.3649 80 200 120
-7.4995 -13.5139 -1.4560 80 200 120
5.8459 -2.6192 14.6083 80 200 120
14.1455 9.3384 12.1567 80 200 120
46.1420 78.8350 14.8814 80 200 120
-24.5137 18.7226 58.2392 80 200 120
34.3826 88.0065 25.9247 80 200 120
59.3365 44.8371 20.2543 80 200 120
7.9324 27.5781 -2.9559 80 200 120
27.2261 93.6224 54.9968 80 200 120
48.6852 65.6448 9.0952 80 200 120
-10042.6592 10275.8673 1895.1971 80 200 120
-230.9447 156.9497 -1.9283 80 200 120
-104.6834 130.7570 94.5653 80 200 120
-19.1215 -13.0283 16.1301 80 200 120
-28.9464 79.5442 -25.0305 80 200 120
-396.2278 206.5120 47.6548 80 200 120
-286.5029 156.8917 10.7007 80 200 120
-444.5976 305.3512 72.7162 80 200 120
-41.8395 86.0966 -27.5905 80 200 120
57.9363 25.4041 44.8121 80 200 120
-36.3392 60.8095 -30.4777 80 200 120
16.9343 19.5144 9.2495 80 200 120
-93.8459 97.1952 -38.3304 80 200 120
-2.9172 62.5381 -11.2071 80 200 120
-97.7594 74.0722 -8.3418 80 200 120
-123.2433 92.2642 69.2209 80 200 120
-13.3054 16.0483 -4.4615 80 200 120
-25.5350 57.1745 -26.5558 80 200 120
-117.6919 96.4811 -40.5424 80 200 120
21.5353 14.8399 10.4550 80 200 120
-308.0740 93.2643 39.2604 80 200 120
-8.9892 58.4879 -22.2409 80 200 120
14.2148 82.7123 18.1399 80 200 120
8.9065 16.5680 2.3675 80 200 120
-259.7424 89.9457 129.1549 80 200 120
-396.6814 29.6344 125.5950 80 200 120
-252.9996 165.1010 143.3124 80 200 120
-45.2910 -54.2521 22.9273 80 200 120
-249.1025 -115.2091 144.8473 80 200 120
-430.8820 -67.1099 194.6934 80 200 120
-531.2813 -244.8318 253.4925 80 200 120
-157.4410 -141.4769 88.4123 80 200 120
-60.0740 -80.7865 26.3867 80 200 120
-281.3226 17.3083 141.2711 80 200 120
-161.2226 -163.5907 53.0259 80 200 120
-729.9726 -580.4217 139.6274 80 200 120
-835.5628 35.6353 126.3050 80 200 120
5.7197 -11.4034 2.3165 80 200 120
-20.3998 -9.9856 -2.7581 80 200 120
-0.4922 -14.8361 -3.3396 80 200 120
-85.4923 -33.3576 15.0648 80 200 120
-13.1030 -7.3600 0.3494 80 200 120
-104.0572 -32.1620 22.7291 80 200 120
7.3235 -5.7440 1.7891 80 200 120
-12.0991 -38.8954 -4.3291 80 200 120
-40.4499 -66.6570 -8.1954 80 200 120
-88.9736 27.4591 36.2580 80 200 120
-81.0286 14.6785 34.1090 80 200 120
-30.2631 20.4505 27.9381 80 200 120
-18.9695 -11.9782 3.0436 80 200 120
-1.3885 47.4557 62.7038 80 200 120
15.8045 7.4671 53.4963 80 200 120
40.8128 86.0526 38.1566 80 200 120
-4.0828 60.3701 61.1175 80 200 120
29.5271 98.3560 27.5960 80 200 120
-8.7319 31.1928 62.7779 80 200 120
16.5111 81.3126 50.9585 80 200 120
26.7088 4.1253 12.0117 80 200 120
16.9106 92.1900 37.5994 80 200 120
9.5194 24.4963 8.5132 80 200 120
40.2067 5.9881 16.6262 80 200 120
18.2207 13.7757 -2.2832 80 200 120
17.5931 12.7284 1.3812 80 200 120
21.3596 5.7482 14.0764 80 200 120
32.9345 5.2088 9.4246 80 200 120
14.3918 20.1074 0.2056 80 200 120
8.6586 15.5887 2.3992 80 200 120
29.1006 21.7696 -23.0552 80 200 120
46.1935 2.3557 -13.5049 80 200 120
17.1036 35.7718 -23.1410 80 200 120
9.4264 17.6145 -2.2655 80 200 120
29.7540 13.9426 -22.2705 80 200 120
18.5821 35.7915 -15.3093 80 200 120
10.4068 21.0458 1.9776 80 200 120
14.6376 25.4102 -24.8176 80 200 120
16.8442 33.1440 -6.6093 80 200 120
7.8081 15.4456 -4.3977 80 200 120
20.1342 28.3994 -25.8659 80 200 120
5.6899 34.3709 -11.3682 80 200 120
14.2956 33.5068 -22.9839 80 200 120
6.3011 30.9834 -11.8487 80 200 120
12.6132 18.4838 3.9848 80 200 120
14.2929 18.1432 3.9172 80 200 120
10.8215 20.3438 -1.6277 80 200 120
-40.2122 -22.3800 -15.8510 80 200 120
-59.0605 -26.5827 -14.1487 80 200 120
-76.4449 -57.9788 -11.3066 80 200 120
-66.3465 -38.1250 -13.4074 80 200 120
-43.9049 -28.9708 -16.0442 80 200 120
-49.7553 -28.7300 -14.1058 80 200 120
-53.3087 -33.7460 -13.6612 80 200 120
4.2697 -10.4165 -3.2822 80 200 120
-54.2651 -68.4286 -29.2406 80 200 120
211.3743 -701.9162 -335.2163 80 200 120
-35.7004 -23.9598 -17.7047 80 200 120
91.6875 -490.2334 -190.9308 80 200 120
-33.3430 -25.9509 -21.6548 80 200 120
-264.5985 -9628.8409 -3052.9387 80 200 120
34.8852 -297.9478 -147.5925 80 200 120
-53.3303 -76.3918 -38.7448 80 200 120
-51.6214 -17.1676 -15.3690 80 200 120
57.3483 16.1668 -11.3353 80 200 120
-29.3951 -15.3407 -18.1092 80 200 120
-78.3150 -66.4783 -4.2860 80 200 120
-35.2556 -48.1357 16.5291 80 200 120
-78.1302 -63.3861 33.7537 80 200 120
-108.7663 -41.6676 -12.1437 80 200 120
-102.6399 -49.5630 -11.7154 80 200 120
-1.9016 -15.6447 18.9306 80 200 120
11.3365 3.8122 -2.8580 80 200 120
-154.4250 -104.3114 -9.5575 80 200 120
-160.2382 -107.1003 32.0900 80 200 120
34.5042 7.9707 3.6101 80 200 120
-38.4351 -27.4729 -35.0582 80 200 120
-24.9717 -4.5778 -28.9509 80 200 120
-6.9614 -7.6924 -28.4069 80 200 120
-10.1614 -0.3004 -26.5768 80 200 120
-46.0651 -22.3100 -35.8131 80 200 120
-21.4269 -3.8021 -28.9889 80 200 120
-23.1817 14.5863 -27.0818 80 200 120
-10.8124 79.0461 -35.5772 80 200 120
-52.1863 12.3815 -36.1179 80 200 120
-39.6817 77.2041 -39.8667 80 200 120
-157.3862 -57.9995 -59.5669 80 200 120
-80.8922 0.7657 -43.7045 80 200 120
-34.4227 83.4398 -30.8004 80 200 120
-29.9527 30.5196 -16.9138 80 200 120
-279.9782 -227.5070 -99.0655 80 200 120
-146.5510 -48.2611 -59.8883 80 200 120
-101.3696 -41.5723 -49.3104 80 200 120
-82.0225 -32.2045 -42.2462 80 200 120
-293.4016 -271.5785 -103.3170 80 200 120
-40.6758 82.3536 -25.3237 80 200 120
-2.1196 30.8128 -22.1053 80 200 120
-72.7001 104.2572 -22.0243 80 200 120
-87.4576 39.9658 -5.4363 80 200 120
-52.4808 94.1949 -3.7202 80 200 120
-75.1782 97.2717 -47.8115 80 200 120
-30.5494 29.9169 -26.3241 80 200 120
-30.4076 97.2949 -15.9823 80 200 120
3.1160 33.5718 -21.5194 80 200 120
-109.5762 113.6816 -63.5843 80 200 120
-30.8506 42.7692 -29.0779 80 200 120
-116.3687 105.2079 -3.5068 80 200 120
-19.6653 -4.6331 -1.9384 80 200 120
-318.5970 0.7831 -86.2238 80 200 120
2.9883 78.1344 -33.6322 80 200 120
-112.2324 117.7591 -17.6251 80 200 120
-47.9537 -12.8320 12.3987 80 200 120
-110.3115 -134.4875 -60.4255 80 200 120
-228.2316 140.1154 16.0706 80 200 120
-15.3251 6.1449 -2.3825 80 200 120
-90.5901 83.1997 -54.8999 80 200 120
-94.1760 36.3565 -35.4163 80 200 120
-115.8130 95.2842 -39.2496 80 200 120
11.8889 29.5115 -19.3491 80 200 120
-62.7231 -27.9888 -7.5444 80 200 120
-116.0710 41.1830 -23.1692 80 200 120
-20.3504 -41.3055 -4.4707 80 200 120
-23.5653 76.9191 -20.7236 80 200 120
9.2198 34.0767 -20.0016 80 200 120
6.5769 40.4736 -20.1912 80 200 120
13.6372 7.9867 12.4791 80 200 120
-71.0032 81.6224 77.4110 80 200 120
49.3358 90.7749 25.3133 80 200 120
1.5020 -3.3956 15.5435 80 200 120
-41.4466 11.6634 59.0126 80 200 120
4.1112 57.0431 -13.7161 80 200 120
21.9385 73.3631 17.0384 80 200 120
40.6243 81.7150 4.7060 80 200 120
4.0113 10.7231 1.0437 80 200 120
-56.3632 19.4659 60.2247 80 200 120
-1219.3045 1004.4930 260.1773 80 200 120
-392.6364 166.4444 30.2655 80 200 120
-14.8504 70.7917 -21.0899 80 200 120
-108.4810 46.8215 58.2534 80 200 120
-1494.3359 1588.7254 64.2078 80 200 120
-62.8677 77.3964 -39.0526 80 200 120
1.6356 48.6397 -21.2720 80 200 120
18.4429 17.7851 6.1196 80 200 120
-4.0870 50.9777 -23.9410 80 200 120
-334.3492 280.3865 3.0100 80 200 120
1.9831 59.3985 -19.9977 80 200 120
-110.6879 26.4544 39.7237 80 200 120
-179.7461 121.3949 117.7347 80 200 120
-32.2288 -17.1383 73.2464 80 200 120
-848.9147 0.0640 177.8419 80 200 120
-628.6767 32.5613 132.8089 80 200 120
-41.9312 -42.8489 24.7787 80 200 120
-2046.7529 -1376.0403 445.4548 80 200 120
-201.4445 49.8957 113.7101 80 200 120
-783.7502 -67.5310 306.8888 80 200 120
-4.2115 -38.1531 33.2404 80 200 120
-33.9750 -59.7710 51.0075 80 200 120
-2136.9991 -63.2005 299.9622 80 200 120
-331.3166 -261.6087 208.9392 80 200 120
-312.6232 -88.1054 2.4710 80 200 120
-10.3972 -11.3117 3.1368 80 200 120
-76.5277 -2.1326 23.1065 80 200 120
-77.1954 -45.7051 14.4657 80 200 120
10.2692 -3.6346 -1.8361 80 200 120
-30.7687 24.3825 29.4816 80 200 120
-23.4736 -0.9885 3.5440 80 200 120
51.3734 96.3035 27.5359 80 200 120
-0.2227 74.3548 58.2174 80 200 120
38.7475 100.3182 32.5745 80 200 120
43.0426 9.5492 16.7354 80 200 120
7.4446 24.0105 6.6797 80 200 120
26.2824 11.5698 11.2680 80 200 120
19.0478 16.6807 -2.8232 80 200 120
16.9341 11.7685 -0.3991 80 200 120
37.8656 9.0825 4.6257 80 200 120
-7.9862 -10.6840 44.4338 80 200 120
33.9090 0.7538 -20.4495 80 200 120
7.6810 14.3563 -0.2170 80 200 120
6.9212 34.3119 -17.4305 80 200 120
8.8335 32.2863 -12.4835 80 200 120
9.4175 17.6616 -3.2232 80 200 120
17.3682 18.1186 4.3691 80 200 120
13.3300 3.7249 -4.0587 80 200 120
23.4114 19.5278 -4.4383 80 200 120
16.5064 8.4000 -1.2020 80 200 120
41.0372 -7.1178 -15.2449 80 200 120
15.0411 5.0483 -4.6564 80 200 120
37.7407 -8.6364 -15.0211 80 200 120
17.7321 7.6837 -4.0478 80 200 120
-76.6033 -73.6038 -31.5498 80 200 120
3.3429 -10.4470 -4.3537 80 200 120
5.6313 -6.1705 -3.6966 80 200 120
-32.9472 -13.2808 -20.8063 80 200 120
-41.0183 -41.0354 32.9616 80 200 120
-42.7950 -9.8127 -20.6319 80 200 120
7.3766 -9.2366 -2.5604 80 200 120
29.0759 -2.8694 -12.8789 80 200 120
1780.6928 -17646.8679 -6463.0778 80 200 120
33.8916 2.3801 -17.3763 80 200 120
34.8985 -3.2207 -14.3509 80 200 120
-49.7214 -56.5069 25.1394 80 200 120
-43.9844 -16.2064 -19.7961 80 200 120
39.2456 6.7115 -2.4877 80 200 120
-46.8855 -51.5131 14.2019 80 200 120
6.8639 -6.9915 -3.3606 80 200 120
61.9680 14.2558 -13.0253 80 200 120
0.6467 31.4667 -25.3172 80 200 120
-6.1604 26.3513 -25.9003 80 200 120
-6.7937 31.2944 -26.7783 80 200 120
1.7102 5.9617 -28.8949 80 200 120
-3.4290 11.2850 -27.7400 80 200 120
1.3322 62.9892 -31.6148 80 200 120
-26.9338 34.1881 -31.2277 80 200 120
-38.1688 28.5206 -34.2075 80 200 120
-78.2715 26.0181 -39.5930 80 200 120
-26.5461 -22.9544 -37.7962 80 200 120
-19.9877 -14.9678 -35.9108 80 200 120
-10.0282 102.4115 -31.8786 80 200 120
-11.0369 15.1868 -28.2705 80 200 120
-58.9607 90.1953 -33.7852 80 200 120
-11.4079 37.1255 -27.4162 80 200 120
-37.2309 29.9727 -27.5613 80 200 120
-17.3723 29.5461 -30.0294 80 200 120
-42.8722 31.9191 -6.5711 80 200 120
-93.4549 25.8357 -41.4559 80 200 120
-21.4959 83.8090 -25.1432 80 200 120
-146.5588 114.3189 0.3211 80 200 120
-5.4744 42.0356 -27.4194 80 200 120
-116.8528 40.1197 -13.7408 80 200 120
-49.9761 -15.5385 22.0889 80 200 120
-193.0059 12.3383 -84.8168 80 200 120
-244.5550 -3.2781 -32.3961 80 200 120
-142.6888 -77.7559 -64.2771 80 200 120
-4.2280 48.8677 -27.7608 80 200 120
-26.2525 -13.0699 8.2358 80 200 120
7.8427 -13.1831 -5.5374 80 200 120
-0.1646 -24.3816 -5.2379 80 200 120
5.9123 -33.7431 -11.5362 80 200 120
-13.3481 -14.9179 3.8198 80 200 120
-19.8412 93.3504 -40.6907 80 200 120
-8.2945 95.3463 -39.4216 80 200 120
5.2953 57.0063 -29.2958 80 200 120
-14.7958 -7.8647 9.5769 80 200 120
-160.5939 -6.0926 -51.1231 80 200 120
-110.5635 82.4328 -7.9591 80 200 120
-53.8781 3.6112 62.0750 80 200 120
41.7263 99.2265 20.4051 80 200 120
21.7528 70.1193 9.2894 80 200 120
-17.7429 44.6516 65.2365 80 200 120
6.1083 44.6311 -5.6103 80 200 120
-124.9029 24.5084 56.3652 80 200 120
-52.5548 82.2270 -30.7411 80 200 120
-289.5083 291.5889 -31.2587 80 200 120
-2.7656 61.0971 -23.6594 80 200 120
-113.7026 93.2839 -53.6020 80 200 120
-322.0731 101.8521 2.8087 80 200 120
8.1280 17.8068 2.5002 80 200 120
4.7170 52.0334 -22.2991 80 200 120
-19.4760 63.9125 -28.7020 80 200 120
4.0298 17.5759 4.4074 80 200 120
-174.5474 167.8737 -36.1466 80 200 120
-71.5110 20.0400 79.7214 80 200 120
-63.6333 11.1399 78.9578 80 200 120
-11989.2412 3157.6350 3683.1516 80 200 120
-493.1320 68.3757 200.6596 80 200 120
-23863.0842 -5033.7710 7518.8882 80 200 120
-157.6046 -43.2388 116.3308 80 200 120
-43.2009 -57.2600 93.0471 80 200 120
-265.4965 -144.9129 177.8074 80 200 120
-181.4729 143.7389 122.7317 80 200 120
0.7212 -18.3574 -2.1248 80 200 120
8.2932 -6.9371 1.5336 80 200 120
0.4854 -21.7911 2.0552 80 200 120
3.5598 -15.1037 1.4657 80 200 120
-121.0956 -148.8316 26.6537 80 200 120
7.2822 -7.6262 1.5879 80 200 120
-22.2555 -12.1169 -6.2197 80 200 120
-25.4633 -13.3068 -3.6349 80 200 120
-4.0760 -9.9836 49.3311 80 200 120
14.7403 8.7667 15.8090 80 200 120
6.1046 -1.1038 52.1363 80 200 120
12.6397 37.8130 22.1724 80 200 120
15.8770 21.6968 1.4214 80 200 120
20.9492 96.2699 50.4565 80 200 120
4.4972 15.9882 57.9775 80 200 120
18.9503 14.0962 3.5062 80 200 120
36.4331 5.8401 7.1226 80 200 120
36.9701 9.6410 9.0418 80 200 120
-20.6048 -6.0014 56.3227 80 200 120
4.7059 22.3345 7.4566 80 200 120
3.6537 20.0740 6.2186 80 200 120
62.6314 50.9645 -19.2311 80 200 120
37.4246 6.0086 0.3558 80 200 120
12.7583 23.5820 3.1187 80 200 120
28.8737 15.8502 7.7684 80 200 120
41.1703 -4.3699 -19.2256 80 200 120
48.5232 6.8896 -20.1898 80 200 120
24.7105 40.9730 -12.2708 80 200 120
8.7199 32.6459 -25.7605 80 200 120
3.9791 36.1757 -19.5300 80 200 120
8.4567 35.2806 -21.7021 80 200 120
17.3524 8.3112 -0.2151 80 200 120
8.5126 16.3486 2.4024 80 200 120
4.2299 45.9717 -15.5312 80 200 120
32.2131 59.7526 5.0866 80 200 120
21.5993 17.1888 3.2436 80 200 120
27.2149 45.2454 1.4599 80 200 120
9.4098 21.5594 4.9666 80 200 120
19.2451 14.1348 1.5060 80 200 120
19.8199 26.7467 -31.8927 80 200 120
-166.7778 -87.8620 -1.6686 80 200 120
-76.1929 -56.7167 -29.4614 80 200 120
-72.4664 -60.6739 -31.7526 80 200 120
-59.2671 -58.4307 -34.5599 80 200 120
-171.9846 -64.3057 -0.7883 80 200 120
-66.1065 -70.2069 -37.1082 80 200 120
-60.9599 -53.6366 -33.6882 80 200 120
47.2368 -328.1853 -127.7455 80 200 120
-58.8154 -68.3194 -42.1081 80 200 120
-394.6770 -1013.0974 39.3791 80 200 120
-52.4370 -54.9695 -36.9574 80 200 120
13.0477 -49.6638 -28.0021 80 200 120
-36.1342 -47.8880 31.7003 80 200 120
48.4418 7.7576 -16.0938 80 200 120
42.4791 0.6525 -17.3548 80 200 120
-47.7982 -61.9837 -44.5335 80 200 120
12.5405 -4.4305 1.2400 80 200 120
-180.0623 -347.1729 -46.4454 80 200 120
-82.6743 -99.7781 -15.9641 80 200 120
40.3129 -1.6217 -15.4686 80 200 120
38.0872 -2.5209 -18.8916 80 200 120
85.6970 -252.5902 -140.1517 80 200 120
43.2208 4.2210 -17.0351 80 200 120
55.4347 9.3909 -14.0155 80 200 120
51.0636 9.5264 -8.2285 80 200 120
10.4332 4.7830 -2.0127 80 200 120
75.3506 23.0429 -9.7689 80 200 120
41.2994 3.0232 -4.4443 80 200 120
-38.4966 -1.3041 -24.0386 80 200 120
-53.1165 -7.2877 -21.5599 80 200 120
-1.5179 -1.7970 -4.2741 80 200 120
-26.5641 -0.4344 -24.0510 80 200 120
-36.9908 -7.8696 -27.7087 80 200 120
-65.0247 -56.8045 10.5691 80 200 120
41.4040 0.0200 -5.7211 80 200 120
-28.5514 85.9125 -43.9693 80 200 120
-23.9506 110.2072 -39.8694 80 200 120
-48.5206 82.4015 -49.4736 80 200 120
-57.8779 35.9140 -6.2813 80 200 120
-2.2818 115.1629 -46.8308 80 200 120
-64.6064 86.0183 -55.6020 80 200 120
-19.8280 37.0184 -2.9539 80 200 120
-11.0842 5.9968 -3.6408 80 200 120
-18.1473 5.7927 -2.3140 80 200 120
-26.0364 -13.3288 16.7403 80 200 120
6.6018 -8.7533 -5.7605 80 200 120
75.5583 41.7434 43.1179 80 200 120
21.2085 17.5217 10.6962 80 200 120
8.5432 5.3953 15.2285 80 200 120
-115.4188 32.9652 62.3651 80 200 120
6.7501 54.1219 -12.9388 80 200 120
30.4581 55.5665 59.6043 80 200 120
16.2417 87.8944 23.4067 80 200 120
-131.2296 37.2414 54.6240 80 200 120
-19.2346 16.8011 20.9115 80 200 120
-260.1472 200.6055 85.4190 80 200 120
-127.8418 82.2473 72.2368 80 200 120
-458.9437 187.8895 63.7392 80 200 120
-308.4944 191.0692 -15.7782 80 200 120
-28.1833 84.2777 -27.7197 80 200 120
-199.1507 75.4758 60.6110 80 200 120
-42.7975 92.6093 -31.8004 80 200 120
-6.7165 71.2611 -14.6894 80 200 120
-47.4446 76.5044 -42.3742 80 200 120
-121.8434 124.0886 -55.1059 80 200 120
74.6917 64.3838 38.5512 80 200 120
-8.0425 73.7985 -21.5397 80 200 120
-0.4670 64.7916 -17.2807 80 200 120
-340.0877 89.6242 51.4333 80 200 120
-20.1307 15.7226 -6.3878 80 200 120
-157.1979 125.6599 -60.4270 80 200 120
-12.7586 74.5223 -30.7782 80 200 120
-13.9831 67.7105 -30.8159 80 200 120
-98.2185 95.5047 -56.9363 80 200 120
-321.7124 125.8143 -13.9224 80 200 120
16.4082 21.0043 4.0321 80 200 120
-155.9035 14.5396 36.7067 80 200 120
5.5107 50.7678 -24.3451 80 200 120
-4.8372 -11.6977 18.8271 80 200 120
-35.9547 2.2517 73.1992 80 200 120
-58.8811 34.5272 75.6304 80 200 120
-46.7871 -71.7140 23.1241 80 200 120
-1383.1641 -999.6002 614.3735 80 200 120
-2979.9251 -2432.8028 554.8458 80 200 120
-168.5983 -27.8422 115.7127 80 200 120
-51.2271 -83.1337 86.1694 80 200 120
-164.4126 -125.8074 150.1749 80 200 120
-7.3392 -54.8456 45.1817 80 200 120
-300.7014 -136.7017 179.4850 80 200 120
-41.7590 -46.0139 92.0319 80 200 120
7.7853 -5.4995 -2.8565 80 200 120
9.4034 -9.4683 -3.2126 80 200 120
-108.2728 -6.7299 21.4960 80 200 120
10.0114 -4.4025 -2.1917 80 200 120
-172.0073 -205.6730 56.7797 80 200 120
12.4176 15.4654 15.4650 80 200 120
10.5523 30.5896 12.4851 80 200 120
9.5379 23.1245 15.2533 80 200 120
7.7416 27.9541 24.2324 80 200 120
14.0474 22.8947 14.4280 80 200 120
21.0357 18.4608 14.0398 80 200 120
12.6765 28.3752 13.4151 80 200 120
9.7231 15.8438 15.6398 80 200 120
9.9694 19.9124 15.5327 80 200 120
1.4809 25.0519 20.1785 80 200 120
55.9252 15.2179 13.3207 80 200 120
2.3177 15.9947 9.0928 80 200 120
3.6047 17.2295 8.3552 80 200 120
42.7671 9.4085 2.1927 80 200 120
-0.0147 -11.8430 19.1926 80 200 120
17.3841 19.9635 -3.6523 80 200 120
12.3092 35.5554 -30.9401 80 200 120
37.9902 -9.5145 -23.6516 80 200 120
44.8459 11.4900 -25.1198 80 200 120
4.8618 46.8970 -18.1978 80 200 120
0.8506 38.1876 -21.4107 80 200 120
1.0814 47.7362 -17.2332 80 200 120
5.6217 42.5073 -20.8721 80 200 120
14.0771 4.8928 -3.9518 80 200 120
18.6084 24.8433 1.1180 80 200 120
13.9799 21.7235 4.5169 80 200 120
65.5321 9.7077 -1.9682 80 200 120
9.5726 18.0965 -2.2733 80 200 120
2.2466 36.5660 -22.5464 80 200 120
17.6691 8.5681 -1.8161 80 200 120
18.0431 9.9877 0.4789 80 200 120
56.4305 9.3299 -21.7713 80 200 120
-66.3520 -44.3519 -32.0550 80 200 120
-103.3973 -54.7205 -32.6163 80 200 120
-106.9497 -67.5477 -30.0518 80 200 120
-78.3101 -61.0064 -36.4000 80 200 120
-82.1804 -54.5987 -30.2984 80 200 120
-99.0598 -72.1795 -34.6573 80 200 120
-125.9393 -132.6486 -43.0342 80 200 120
-123.5262 -138.1037 -44.7775 80 200 120
-110.6495 -121.9573 -53.5371 80 200 120
-51.5884 -54.4151 40.9117 80 200 120
-64.2078 -53.4296 -38.5378 80 200 120
-57.8489 -56.0864 -44.3364 80 200 120
39.6049 -11.2363 -24.3602 80 200 120
-44.3753 -77.6368 -60.8330 80 200 120
-87.2148 -36.7399 -32.6815 80 200 120
39.6779 -29.9440 -37.3386 80 200 120
44.6030 -1.9514 -13.1449 80 200 120
-55.1214 -40.3291 -39.3316 80 200 120
47.8843 3.4864 -16.5518 80 200 120
-154.8641 -125.1782 2.0719 80 200 120
-69.0050 -97.1428 18.8577 80 200 120
55.6845 17.1695 -15.5772 80 200 120
-15.1479 -28.5453 -3.0911 80 200 120
-190.4728 -100.5171 -33.9678 80 200 120
-206.3134 -138.4169 27.8850 80 200 120
20.5162 15.2590 -2.6725 80 200 120
-87.0722 -158.1317 22.6999 80 200 120
71.9096 26.3234 -14.8004 80 200 120
15.9743 -4.8028 -9.9579 80 200 120
50.0229 -132.2126 -77.1676 80 200 120
45.3493 11.1815 0.9168 80 200 120
39.0152 10.0190 5.0453 80 200 120
-10.6283 14.3987 -35.8669 80 200 120
-27.6596 34.6093 -38.4892 80 200 120
-55.9640 -3.5299 -48.2878 80 200 120
-21.6133 26.7254 -36.2722 80 200 120
-61.0816 28.8076 -45.1956 80 200 120
-16.8983 85.0538 -43.3571 80 200 120
-53.7761 31.2879 -37.2522 80 200 120
-51.8163 27.9835 -45.4512 80 200 120
-137.7731 -30.0658 -72.3426 80 200 120
-57.6998 -14.5591 -51.4932 80 200 120
-81.4221 -27.8129 -61.4880 80 200 120
-205.8910 -167.5214 -107.6904 80 200 120
-85.1645 -33.3380 -62.0792 80 200 120
-38.4823 34.2578 -25.8394 80 200 120
-180.3403 -80.7643 -78.3773 80 200 120
-35.3551 16.8049 -40.5703 80 200 120
-122.3878 -105.6738 -82.2585 80 200 120
-179.8293 -95.7739 -66.6074 80 200 120
-5.2233 21.4567 -33.8665 80 200 120
-139.3933 -139.3109 -92.0452 80 200 120
-149.2339 144.6955 -71.2313 80 200 120
-85.4499 38.3499 -10.3067 80 200 120
-78.2218 131.0612 -8.7354 80 200 120
-54.3770 154.5205 -30.2524 80 200 120
-18.4004 54.5913 -36.0848 80 200 120
-241.4155 195.6494 -16.5672 80 200 120
4.8404 84.0266 -36.8290 80 200 120
-143.5804 148.7438 -28.9022 80 200 120
-42.3512 45.4485 -40.9127 80 200 120
-30.2154 96.1936 -29.3734 80 200 120
7.8966 49.4329 -28.7719 80 200 120
-3.6444 -7.9442 -1.8830 80 200 120
-59.3420 157.4894 -14.8503 80 200 120
-148.8204 180.1243 1.5325 80 200 120
-24.5840 -60.9882 -6.6988 80 200 120
-15.9362 -12.6070 3.5507 80 200 120
-637.0564 349.2809 22.3100 80 200 120
-104.7270 -22.6955 35.8080 80 200 120
-75.0665 13.4568 -51.3131 80 200 120
-43.1752 -24.3712 11.5440 80 200 120
-182.9524 149.0486 -97.8764 80 200 120
-3.7840 -88.9913 -29.6414 80 200 120
-23.7350 33.3376 -3.2586 80 200 120
-32.8985 56.9287 -41.6537 80 200 120
57.0320 56.6492 50.8682 80 200 120
9.4971 4.8461 13.1111 80 200 120
13.1830 11.9979 11.1266 80 200 120
60.1592 45.4422 51.5982 80 200 120
-31.2526 12.5868 60.2056 80 200 120
73.1720 75.3465 45.0302 80 200 120
72.3096 67.5948 23.8400 80 200 120
3.4924 33.4947 20.4893 80 200 120
8.4744 28.7989 25.7784 80 200 120
52.7798 81.1651 49.7812 80 200 120
-3.4022 12.8946 15.6014 80 200 120
-33.1716 20.6634 17.6273 80 200 120
-100.0617 62.6965 68.5861 80 200 120
-11.4624 72.1405 -21.3454 80 200 120
-515.3387 462.8987 124.7672 80 200 120
-301.5807 141.1495 62.8640 80 200 120
-29.3869 104.0722 -21.0218 80 200 120
-318.7126 110.5357 60.4403 80 200 120
-64.1574 85.7981 -45.1755 80 200 120
1.0355 59.3344 -9.7371 80 200 120
1.5964 59.9916 -28.8459 80 200 120
-345.9702 111.9550 25.7195 80 200 120
-139.0651 30.5995 41.4873 80 200 120
8.2346 14.9966 1.6961 80 200 120
-8.2664 72.4268 -32.9261 80 200 120
25.7910 90.8298 29.5705 80 200 120
10.3790 72.2538 -3.1554 80 200 120
-245.9847 171.0797 -35.3896 80 200 120
-38.0071 18.3041 71.9246 80 200 120
1.4079 2.6441 15.1710 80 200 120
-38.3851 8.1839 74.1069 80 200 120
-7.1448 7.2618 17.5235 80 200 120
-144.9231 82.4061 98.3795 80 200 120
-686.6753 94.9529 254.2066 80 200 120
-106.9394 20.7043 93.5964 80 200 120
-106.9265 78.5265 91.4538 80 200 120
-121.9360 3.0126 97.3507 80 200 120
-917.8994 -19.4818 226.0748 80 200 120
-1434.6627 -101.5419 281.1030 80 200 120
-184.3586 -254.9674 44.2764 80 200 120
-134.8497 55.8831 95.7641 80 200 120
-103.4205 -13.0398 94.9669 80 200 120
-36.3013 -61.6338 98.9510 80 200 120
-101.1573 -38.2363 105.4756 80 200 120
-643.7894 -220.9007 -35.3283 80 200 120
4.6656 -20.1814 -8.1464 80 200 120
5.2290 -9.2942 -4.0499 80 200 120
-751.0255 67.5048 224.3045 80 200 120
-32.6639 -67.0628 -13.2518 80 200 120
8.7064 -6.1324 1.0310 80 200 120
7.0343 -11.0425 0.9373 80 200 120
-486.3899 -469.7043 24.8624 80 200 120
4.6066 -9.4727 0.8702 80 200 120
8.1817 -9.6616 1.2928 80 200 120
8.9125 -2.1744 -1.2520 80 200 120
14.9055 25.1605 6.0872 80 200 120
20.0204 21.2880 3.8829 80 200 120
39.7047 110.6149 45.0568 80 200 120
-20.1124 -24.9020 62.0115 80 200 120
36.0666 5.8012 12.5162 80 200 120
9.6244 19.6154 12.7463 80 200 120
58.8355 11.2042 -3.0216 80 200 120
56.3140 17.5234 -24.5044 80 200 120
51.4987 18.1282 -26.2052 80 200 120
44.5376 26.0953 -28.7659 80 200 120
5.5908 12.2824 -1.7347 80 200 120
6.0900 12.9319 -1.9009 80 200 120
6.3146 13.8069 -3.6904 80 200 120
18.8171 21.1537 -1.1320 80 200 120
74.8860 10.0230 -18.8943 80 200 120
70.3097 0.8508 -24.6298 80 200 120
4.2464 51.3680 -14.0998 80 200 120
5.8868 12.4700 -4.1741 80 200 120
5.6862 48.0211 -22.3567 80 200 120
11.8930 19.4156 5.3058 80 200 120
6.4527 13.5838 -4.5368 80 200 120
17.8209 11.9754 1.7660 80 200 120
11.6446 16.2223 -4.6854 80 200 120
17.8657 6.6886 -2.9007 80 200 120
21.1166 17.4356 4.4027 80 200 120
-159.1307 -128.3747 -38.2734 80 200 120
-108.9654 -163.7519 -77.3139 80 200 120
-53.9213 -29.8733 -38.7200 80 200 120
-67.1211 -66.0759 40.2215 80 200 120
-156.9954 -131.1984 66.8717 80 200 120
-55.7500 -15.3677 -31.1433 80 200 120
-99.2079 -190.4216 -99.2141 80 200 120
-75.6783 -83.6859 26.8245 80 200 120
-66.6362 -29.9500 -35.7565 80 200 120
52.6334 13.7435 -19.7763 80 200 120
-176.0796 -157.2223 -27.1267 80 200 120
46.0582 7.6899 -20.5629 80 200 120
-53.1114 -0.3318 -28.5877 80 200 120
-258.4011 -174.5049 -35.6073 80 200 120
-90.8090 -101.5027 12.6235 80 200 120
27.0208 -366.4515 -145.5466 80 200 120
39.7868 6.9360 2.2576 80 200 120
-45.4926 5.8982 -30.2178 80 200 120
-170.9599 -146.4501 42.5722 80 200 120
-102.7727 -99.3907 22.1881 80 200 120
-58.1511 -61.9418 -65.3902 80 200 120
-40.0393 -24.1960 -54.8617 80 200 120
-69.9643 -50.6230 -65.2390 80 200 120
-33.7512 -21.6899 -53.4212 80 200 120
-32.9683 11.8605 -44.9156 80 200 120
-9.6373 94.0442 -45.6076 80 200 120
-68.5431 8.3398 -57.4935 80 200 120
-43.2762 92.6343 -53.4672 80 200 120
-209.7809 -98.3628 -102.4078 80 200 120
-105.1026 -8.6536 -70.2405 80 200 120
-35.3455 95.8412 -39.0077 80 200 120
-138.6484 -11.5853 -68.4220 80 200 120
-556.7801 -525.3211 -258.9476 80 200 120
-203.7360 -87.5563 -106.2029 80 200 120
-151.9206 -82.0006 -91.5463 80 200 120
-129.8200 -71.9852 -83.1843 80 200 120
-860.6264 -920.8245 -398.7446 80 200 120
-50.2556 105.7605 -38.3462 80 200 120
-56.5074 36.0945 -13.4281 80 200 120
-3.9776 36.7308 -35.5260 80 200 120
-83.1002 125.9929 -31.9886 80 200 120
-23.5773 100.8673 -33.3827 80 200 120
-203.5793 156.8470 -8.0573 80 200 120
-41.7693 34.8410 -42.8038 80 200 120
1.4686 10.4808 -4.9352 80 200 120
-40.0142 52.8112 -44.9490 80 200 120
-15.6090 -11.6876 -0.2282 80 200 120
-1383.3338 0.5977 -367.9688 80 200 120
-521.2046 274.3585 -34.9457 80 200 120
-11.7963 -15.4539 2.3838 80 200 120
4.4865 10.8658 -4.7427 80 200 120
-11.2558 -21.8375 2.1870 80 200 120
-15.4844 -9.8285 9.4789 80 200 120
4.2305 -10.4325 -5.2929 80 200 120
3.1845 11.5273 -4.6557 80 200 120
-35.2286 17.5850 65.4307 80 200 120
-52.2341 35.2687 64.5929 80 200 120
12.9999 85.9359 10.3746 80 200 120
75.2122 51.8798 49.2392 80 200 120
-2.9671 36.7110 21.5405 80 200 120
-291.5033 197.0228 -19.7652 80 200 120
-69.9046 19.5228 64.1948 80 200 120
6.9544 69.0523 -0.8965 80 200 120
-517.8588 290.3221 85.9003 80 200 120
-201.2071 262.7858 -38.0344 80 200 120
-387.3503 208.2170 -7.2988 80 200 120
-59.5632 97.4181 -40.1604 80 200 120
-12.8578 84.7152 -9.4687 80 200 120
72.1057 60.2598 11.4649 80 200 120
-2.2970 71.7350 -28.9261 80 200 120
3.2445 74.2557 -26.6117 80 200 120
-20.9338 73.8300 -34.9255 80 200 120
46.8408 102.3208 -1.0981 80 200 120
-270.5534 155.5362 -40.2687 80 200 120
-11.5496 17.7096 14.1015 80 200 120
-109.4999 42.0013 62.7398 80 200 120
-367.0805 137.3286 155.4219 80 200 120
-2813.2187 -1780.1881 1126.7009 80 200 120
-662.1651 -695.2056 129.5111 80 200 120
-38.0269 -113.8896 11.8697 80 200 120
-19.8070 -52.0441 13.4623 80 200 120
20.9850 -26.0816 71.0887 80 200 120
10.1550 3.0821 1.8982 80 200 120
-5.7676 -7.3038 0.9291 80 200 120
-85.7387 -0.9466 14.5247 80 200 120
-1216.6133 75.1237 237.8860 80 200 120
-64.2230 18.8118 29.5449 80 200 120
-69.8123 2.3098 22.1209 80 200 120
10.5703 34.9035 60.2716 80 200 120
3.0681 14.1309 8.5646 80 200 120
37.8336 9.4770 3.5561 80 200 120
3.5429 37.0129 8.6442 80 200 120
52.0566 12.8507 15.2104 80 200 120
6.9205 22.0418 5.3142 80 200 120
14.0271 19.0627 0.4468 80 200 120
16.1925 12.4007 -3.7356 80 200 120
8.4112 14.4261 -4.1940 80 200 120
5.2094 48.2633 -35.0243 80 200 120
3.7710 44.3791 -28.9878 80 200 120
4.0853 59.9495 -22.3984 80 200 120
69.0691 5.0155 -11.0427 80 200 120
16.2829 16.3230 4.5868 80 200 120
35.5111 47.1345 0.0783 80 200 120
69.0879 5.2478 -19.6958 80 200 120
68.0656 -0.8204 -23.1498 80 200 120
12.0938 3.8438 -4.1171 80 200 120
-53.9874 -67.6968 34.6193 80 200 120
16.9356 18.5574 -3.8107 80 200 120
117.1834 -695.1057 -162.6353 80 200 120
46.2325 -38.9124 -34.2790 80 200 120
-55.3480 -8.0149 -39.2142 80 200 120
-64.3779 -10.3492 -30.8373 80 200 120
-42.9622 -10.6530 -42.0011 80 200 120
-111.4196 -100.2659 4.3456 80 200 120
-181.5495 -291.2619 -101.9324 80 200 120
-228.3032 -133.6894 41.7736 80 200 120
56.5580 -71.7235 -53.8215 80 200 120
11.4648 3.2336 -4.2644 80 200 120
-47.4201 -1.8001 -38.2939 80 200 120
9.9081 3.0882 2.0406 80 200 120
39.7868 6.0957 15.5784 80 200 120
38.1967 7.2355 10.1140 80 200 120
-39.4151 6.2225 -35.1798 80 200 120
6.5798 1.3356 -5.8776 80 200 120
-18.9280 -25.5727 -56.9902 80 200 120
4.4578 69.0708 -36.4836 80 200 120
-65.7806 108.1597 -46.0027 80 200 120
-50.4438 32.7891 -43.8253 80 200 120
-63.0074 37.9534 -11.8825 80 200 120
-87.5384 117.9114 -65.6919 80 200 120
-91.9744 36.4935 -16.9695 80 200 120
-114.2226 127.7021 -79.5855 80 200 120
-491.8930 -28.3577 -172.7397 80 200 120
-4.7116 58.6963 -38.9086 80 200 120
-90.9434 89.7129 -66.4589 80 200 120
-228.8232 171.1817 -92.5632 80 200 120
-16.2915 101.7128 -46.3449 80 200 120
-3.0915 98.3972 -41.5190 80 200 120
7.5945 62.9859 -34.1584 80 200 120
-279.5859 186.2711 -54.6580 80 200 120
-27.3381 -17.9565 7.3890 80 200 120
-7.3442 5.1811 -3.6523 80 200 120
-30.4253 75.9526 -48.3380 80 200 120
7.6107 75.0415 -37.2914 80 200 120
-0.0386 98.9004 -29.2921 80 200 120
-5.4373 100.3318 -31.1475 80 200 120
-17.2808 -10.9877 12.2667 80 200 120
-8.8987 -2.0550 -1.2236 80 200 120
-14.0110 -8.4555 13.5840 80 200 120
7.4672 5.2022 11.4447 80 200 120
7.9809 13.1330 15.7134 80 200 120
8.3172 10.0444 10.8026 80 200 120
11.4524 39.8257 22.4137 80 200 120
11.4802 20.4493 6.7784 80 200 120
12.3701 34.4048 23.8041 80 200 120
-5.0403 32.0461 15.9884 80 200 120
-2.0604 18.0675 12.1991 80 200 120
-4.9234 19.2362 -2.0610 80 200 120
-150.9497 128.3250 70.3488 80 200 120
-196.9523 180.5945 75.5729 80 200 120
-120.2104 91.0036 73.2273 80 200 120
-61.1268 156.0579 -22.6156 80 200 120
-566.3125 231.9231 14.3529 80 200 120
-140.9524 52.3319 64.0856 80 200 120
-23.3960 85.5364 -29.5248 80 200 120
-482.8269 248.4337 29.6555 80 200 120
-175.5970 27.7430 67.4867 80 200 120
-38.9165 96.4910 -35.7493 80 200 120
-109.1738 121.6217 -57.4461 80 200 120
-163.3552 136.9182 -72.3347 80 200 120
-11.1072 80.4668 -34.7892 80 200 120
15.8277 84.5542 14.6089 80 200 120
-670.6873 196.5946 -23.8211 80 200 120
-14.2357 76.6990 -37.6631 80 200 120
-18.4777 -12.4597 12.2329 80 200 120
-2.6694 33.1710 12.6524 80 200 120
-20.9376 24.4391 15.4035 80 200 120
17.7750 16.2903 8.5186 80 200 120
-3.4002 22.3937 2.5094 80 200 120
-693.4504 -49.0940 234.3458 80 200 120
-1469.8272 -650.8783 565.6876 80 200 120
-1003.4336 -735.5019 525.1052 80 200 120
-17.0362 -71.2483 9.9991 80 200 120
-435.6837 -449.0475 188.3399 80 200 120
-77.0813 -71.9732 112.2002 80 200 120
-20.0551 -100.8807 55.4749 80 200 120
-83.0861 -151.9087 87.5072 80 200 120
-30891.4726 -2838.9071 2477.3605 80 200 120
-123.3684 28.8371 92.7563 80 200 120
-384.2267 -580.0764 24.2066 80 200 120
-369.9342 -425.2523 -4.9222 80 200 120
-81.1773 -22.8321 9.5345 80 200 120
-16.4160 -11.1897 -6.5217 80 200 120
-140.8445 -317.7064 19.3969 80 200 120
-66.0418 -2.4654 6.4587 80 200 120
-317.4971 65.4683 96.0625 80 200 120
11.9569 -3.3574 12.0546 80 200 120
16.5412 20.4693 5.0680 80 200 120
20.3211 16.8861 9.4424 80 200 120
16.0341 8.9490 2.8520 80 200 120
-7.1368 19.8143 64.2145 80 200 120
36.4063 10.8510 9.9775 80 200 120
34.8114 7.3783 7.7996 80 200 120
4.5881 22.5425 5.5677 80 200 120
16.0247 12.6590 -2.4161 80 200 120
16.5831 18.0856 -1.8263 80 200 120
3.6664 14.7102 7.0529 80 200 120
2.4943 14.8741 7.3796 80 200 120
4.4871 21.7612 4.1696 80 200 120
16.4078 6.2042 2.4269 80 200 120
37.3429 -9.8177 -33.6124 80 200 120
28.8230 16.5116 -36.5782 80 200 120
7.3151 13.4391 -2.7051 80 200 120
7.1844 13.2380 -4.7136 80 200 120
80.0374 16.2460 -22.9690 80 200 120
6.3411 12.1675 -1.5396 80 200 120
13.4831 14.0049 -4.6341 80 200 120
15.2324 13.8914 -4.7019 80 200 120
9.4570 42.0462 -27.8239 80 200 120
40.0655 23.3419 -33.5952 80 200 120
8.7805 9.8751 -5.1923 80 200 120
0.1445 44.6997 -30.2969 80 200 120
-3.1450 14.1342 -3.8046 80 200 120
14.5800 5.6118 -4.8358 80 200 120
6.0259 21.8069 3.7309 80 200 120
1.3202 43.0132 -33.7447 80 200 120
0.2152 57.3446 -17.3660 80 200 120
64.1340 20.1337 -25.4531 80 200 120
13.5994 16.5183 4.4060 80 200 120
6.2983 11.8231 -4.5866 80 200 120
16.9966 10.1336 -0.4936 80 200 120
2.9418 52.2510 -9.4485 80 200 120
41.5388 -31.7181 -28.9270 80 200 120
51.2049 -17.7707 -17.6590 80 200 120
56.7090 -11.8153 -18.5310 80 200 120
60.2829 -11.7693 0.0466 80 200 120
18.4233 15.8224 2.7375 80 200 120
12.7883 18.1192 -4.3402 80 200 120
-205.5932 -256.0507 -111.2738 80 200 120
-66.3638 -67.1681 42.9599 80 200 120
40.3558 -2.9340 -29.4238 80 200 120
83.9993 34.5261 -4.5413 80 200 120
69.3492 21.2104 -17.7580 80 200 120
59.4828 20.1328 10.2424 80 200 120
-127.1279 -193.6165 18.7228 80 200 120
-58.1622 -25.5559 -49.8743 80 200 120
-373.6403 -255.3271 33.5723 80 200 120
58.3049 27.4344 -22.2755 80 200 120
38.8648 9.0219 6.7305 80 200 120
38.6196 10.6506 11.2679 80 200 120
5.6511 11.5091 -4.5187 80 200 120
42.0024 11.7222 15.6165 80 200 120
2.6575 8.2519 -4.8854 80 200 120
2.2577 6.3415 -4.9269 80 200 120
1.3625 7.2113 -4.9483 80 200 120
-38.5846 37.4267 -51.2260 80 200 120
-54.2919 27.6483 -57.0204 80 200 120
-19.7692 111.8371 -43.0365 80 200 120
-1.7588 7.1303 -9.7012 80 200 120
-19.7207 43.1093 -45.7383 80 200 120
-26.6687 30.1501 -48.8229 80 200 120
1.9939 110.4229 -45.6931 80 200 120
-94.4359 38.7945 -17.6438 80 200 120
-65.2448 122.6463 -11.8090 80 200 120
-33.3962 121.0926 -25.0606 80 200 120
-8.0346 50.3293 -43.6357 80 200 120
-236.6890 199.9438 -27.2172 80 200 120
8.3396 93.1342 -43.7031 80 200 120
-170.6968 3.1304 -92.2479 80 200 120
-213.6604 -164.9959 -121.9874 80 200 120
-464.7825 -87.3077 -180.2719 80 200 120
-30.1395 108.5000 -11.6837 80 200 120
-121.1126 159.7590 -4.6071 80 200 120
-962.7740 524.2158 -1.5351 80 200 120
-11.7281 -11.1986 -2.4939 80 200 120
-9.7353 -35.3182 -5.1138 80 200 120
-249.0900 157.8332 -124.2107 80 200 120
-39.5758 74.6173 -54.8478 80 200 120
14.3935 -39.1553 -18.0888 80 200 120
-9.0017 4.1829 -2.8056 80 200 120
-493.6318 -88.1500 -85.9704 80 200 120
-123.5192 33.0437 59.2180 80 200 120
11.4180 12.4270 9.6036 80 200 120
1.6900 12.7688 -0.2507 80 200 120
8.8688 37.8513 23.5468 80 200 120
1.9449 12.3427 0.6384 80 200 120
-148.2771 39.0918 53.5391 80 200 120
-14.4161 87.2100 -28.8795 80 200 120
-430.5430 257.1824 52.3977 80 200 120
-8.9460 84.1356 -19.1310 80 200 120
-69.7156 94.7237 -53.3601 80 200 120
-8.5937 87.1535 -27.7926 80 200 120
-3.3396 85.5715 -26.3234 80 200 120
-323.7849 87.6138 37.1696 80 200 120
-129.7503 89.6172 59.9930 80 200 120
-311.6995 255.4319 -15.8192 80 200 120
-141.7609 148.2150 -39.5743 80 200 120
-398.4317 153.0011 -33.6928 80 200 120
-9.4794 83.2293 -40.3082 80 200 120
-30.3178 79.9947 -42.9434 80 200 120
12.1340 48.8389 -4.1732 80 200 120
-12.3236 12.1437 -1.7918 80 200 120
3.3841 11.0556 1.1595 80 200 120
3.5720 12.1629 1.2010 80 200 120
4.1806 14.8331 3.1101 80 200 120
4.4096 12.2400 1.1223 80 200 120
9.0995 0.6847 11.5927 80 200 120
-313.8496 59.7517 133.8601 80 200 120
-730.3921 -23.1191 177.0947 80 200 120
-967.8922 -74.6635 151.1389 80 200 120
-981.9941 -40.6883 148.3359 80 200 120
-523.3306 -337.5566 264.7811 80 200 120
-695.0213 -211.3123 270.5702 80 200 120
-1377.2815 -855.2838 564.1350 80 200 120
-372.4278 -32.1387 160.7491 80 200 120
-121.2898 -44.0680 103.4669 80 200 120
-13.6605 -11.7726 -3.1882 80 200 120
5.8949 -7.2653 -3.8852 80 200 120
-24.2164 -63.5376 -14.1712 80 200 120
7.3018 -9.9907 -4.7042 80 200 120
17.0770 10.6235 15.5909 80 200 120
12.0372 14.3270 10.6383 80 200 120
11.8831 23.5109 7.7615 80 200 120
13.2218 22.4446 9.2228 80 200 120
19.1996 18.1786 7.1191 80 200 120
18.5266 14.1634 10.3876 80 200 120
-14.1520 30.3429 68.9441 80 200 120
14.0624 22.2315 3.0650 80 200 120
22.7599 15.2140 9.3732 80 200 120
4.4854 21.3643 8.2958 80 200 120
15.7466 20.8452 2.8656 80 200 120
36.4414 7.9767 5.4090 80 200 120
14.5405 8.5660 1.0980 80 200 120
55.1673 18.9613 6.5548 80 200 120
6.0633 19.8519 10.2600 80 200 120
43.9244 10.3826 0.6720 80 200 120
48.6009 12.2734 3.3790 80 200 120
19.1157 13.7790 -5.2090 80 200 120
20.9559 10.1286 5.1658 80 200 120
21.7089 15.6880 4.3386 80 200 120
20.9161 16.3266 -4.6682 80 200 120
61.1135 -7.1120 -23.3106 80 200 120
-0.9105 14.1841 -4.1391 80 200 120
9.4461 10.8004 -5.1990 80 200 120
-5.1964 18.3410 -3.4844 80 200 120
3.5671 10.4503 -4.7624 80 200 120
1.1003 12.2065 -4.6271 80 200 120
15.3002 6.1784 -5.2272 80 200 120
-2.4157 57.1162 -24.1256 80 200 120
4.8649 22.9596 2.7226 80 200 120
1.2523 61.4556 -15.6541 80 200 120
21.0356 5.6581 -40.9510 80 200 120
4.5218 23.7315 4.9811 80 200 120
55.8496 -18.3786 -9.3120 80 200 120
7.2712 23.4007 6.0222 80 200 120
-117.6326 -117.2111 -70.4733 80 200 120
-166.7506 -110.3266 -64.6513 80 200 120
-184.3133 -142.9844 -64.9279 80 200 120
-160.8019 -139.4102 -73.4776 80 200 120
-144.9812 -153.6054 -73.0066 80 200 120
-138.6342 -171.9997 -82.0738 80 200 120
-1.9827 -53.3260 -25.1036 80 200 120
-2.2449 -65.3633 -29.6045 80 200 120
-3.6404 -45.5924 -21.2346 80 200 120
40.5176 -180.0147 -28.4320 80 200 120
-92.0671 -95.0123 45.9008 80 200 120
0.3308 -45.5725 -24.3616 80 200 120
-154.9273 -128.0482 58.4307 80 200 120
-82.5529 -38.0339 -52.6004 80 200 120
47.1637 -28.5385 -31.7032 80 200 120
309.2993 -3116.7484 -899.4510 80 200 120
-189.4424 -315.9075 -64.5440 80 200 120
-140.6709 -168.9959 35.7726 80 200 120
-93.1118 -45.2406 -42.7860 80 200 120
-262.4549 -225.3817 -14.8883 80 200 120
44.1618 9.0378 -6.4829 80 200 120
-68.0117 -6.6563 -40.5749 80 200 120
-4.0123 -16.8806 -2.7997 80 200 120
-222.2416 -484.4982 23.8350 80 200 120
-61.6572 -0.1489 -44.5609 80 200 120
-164.8065 -169.7047 22.2113 80 200 120
18.7881 14.1797 -3.2851 80 200 120
11.8275 0.7211 0.8548 80 200 120
79.3218 -170.5215 -98.6330 80 200 120
4.9960 4.1839 -5.4492 80 200 120
-32.6892 99.5645 -58.0020 80 200 120
-72.3521 25.0702 -56.0050 80 200 120
-96.6908 14.6623 -55.6845 80 200 120
1.3596 -13.4430 -17.1535 80 200 120
2.1254 -7.4442 -14.9164 80 200 120
-51.5734 34.8456 -40.8902 80 200 120
-53.5499 92.3771 -63.8977 80 200 120
-127.1100 11.0380 -63.3954 80 200 120
-186.5996 148.3403 -14.0045 80 200 120
-132.9830 145.1684 -34.6487 80 200 120
-69.4165 94.0326 -69.7913 80 200 120
-27.5554 99.5647 -33.2167 80 200 120
-425.8957 228.9828 -44.0954 80 200 120
-1736.8322 653.1256 -49.3886 80 200 120
-3.1916 3.4654 1.1726 80 200 120
-46.5595 51.7564 -13.7981 80 200 120
-96.6329 67.5525 -71.8783 80 200 120
-35.9681 130.0349 -36.2454 80 200 120
-1.7251 103.3386 -52.0680 80 200 120
8.7503 -12.3561 -9.4385 80 200 120
-41.0059 -15.3258 18.0667 80 200 120
-79.9916 72.3487 -65.7305 80 200 120
13.7774 17.6176 7.3425 80 200 120
10.2473 19.1138 6.8531 80 200 120
3.9589 21.7849 11.7703 80 200 120
4.7778 13.7178 3.8578 80 200 120
14.8289 49.1323 20.1755 80 200 120
1.4080 -1.7091 10.7864 80 200 120
-475.8501 182.9526 44.5572 80 200 120
-336.3772 197.4605 -31.4316 80 200 120
-222.2899 74.7475 56.3113 80 200 120
-25.4000 98.9933 -21.0075 80 200 120
-59.6846 101.8383 -44.8738 80 200 120
-338.4674 106.6134 51.7129 80 200 120
-201.7503 193.6324 -26.7666 80 200 120
-6.0772 90.7013 -41.4989 80 200 120
-5.7434 82.7184 -15.5057 80 200 120
-452.1388 126.6101 19.0161 80 200 120
-8.1686 12.2097 -4.7965 80 200 120
-107.2787 109.8773 -73.5163 80 200 120
-262.3834 174.2403 -47.1598 80 200 120
-0.6347 36.9201 22.2234 80 200 120
4.1517 17.7364 0.7696 80 200 120
-13.0491 -11.1185 10.6590 80 200 120
8.4482 49.4941 -4.2640 80 200 120
-252.9376 132.8956 -62.4467 80 200 120
19.1553 33.0453 21.8893 80 200 120
-16.8241 15.7425 11.4125 80 200 120
-54.3814 -52.9087 103.7242 80 200 120
-229.8077 110.9168 110.5434 80 200 120
-233.5221 19.0360 113.2170 80 200 120
-69.8277 -123.4130 133.9793 80 200 120
-10663.7975 -9590.9757 1426.1277 80 200 120
8.7796 -9.6729 0.7784 80 200 120
-27.0446 -169.4568 88.7973 80 200 120
-937.0706 -216.9788 314.5328 80 200 120
-71.6770 43.5961 75.8409 80 200 120
-594.0091 -599.5993 330.3104 80 200 120
-339.3199 -459.8423 82.8751 80 200 120
-102.2780 -223.4551 7.0103 80 200 120
-435.0182 -589.9061 20.6950 80 200 120
-12.5260 -13.0419 -7.0807 80 200 120
8.4572 -1.3051 0.0221 80 200 120
-517.3777 -257.9659 -77.8879 80 200 120
-50.9590 -7.3491 8.6122 80 200 120
1.8719 -26.6887 -1.0869 80 200 120
-26.0625 3.5845 12.1997 80 200 120
12.5649 16.1515 8.5584 80 200 120
-6.0019 26.9766 63.1864 80 200 120
3.7573 -1.6001 53.8550 80 200 120
15.3040 19.1729 6.0598 80 200 120
17.7776 16.6524 0.0767 80 200 120
14.9801 5.8091 1.3337 80 200 120
14.4099 -5.6267 48.0454 80 200 120
34.9338 13.4728 1.9856 80 200 120
3.9916 12.8159 6.7951 80 200 120
10.6510 -5.0954 9.2576 80 200 120
9.9557 17.2710 8.5480 80 200 120
62.2643 16.8274 3.1377 80 200 120
16.9150 16.6042 -1.1621 80 200 120
16.6175 12.6721 1.4040 80 200 120
15.8391 12.3485 0.5450 80 200 120
11.2728 21.4066 4.7997 80 200 120
4.8709 21.4786 4.7960 80 200 120
16.3630 15.6213 -3.8789 80 200 120
14.7261 6.8552 -5.7271 80 200 120
17.9638 16.8317 -2.0776 80 200 120
43.2232 -10.2882 -32.6319 80 200 120
16.9672 15.5903 -4.7035 80 200 120
12.4199 18.8635 -4.2859 80 200 120
7.8282 7.9892 -5.1297 80 200 120
8.4430 9.9523 -5.0024 80 200 120
5.2007 8.8195 -4.8179 80 200 120
1.6119 11.8048 -4.2210 80 200 120
8.3013 13.0356 0.5164 80 200 120
-2.7497 67.2176 -23.0939 80 200 120
-3.5770 16.1663 -1.6636 80 200 120
16.6220 7.9393 -3.1503 80 200 120
18.5293 15.7429 2.0899 80 200 120
17.2368 12.7262 -4.0326 80 200 120
-7.8195 -56.0793 -22.2505 80 200 120
-188.2284 -196.7127 -86.7462 80 200 120
0.7316 -78.2308 -39.5401 80 200 120
-4.4592 -44.4190 -21.7232 80 200 120
-4.8843 -24.8404 -15.8928 80 200 120
-0.8656 -39.8426 -23.1315 80 200 120
9.9398 -9.4549 3.4954 80 200 120
42.7032 -3.2069 -28.6357 80 200 120
4.2057 -64.6135 -38.0729 80 200 120
14.7005 18.1016 -4.1736 80 200 120
44.1492 -10.7825 -24.8739 80 200 120
-100.8661 -72.1396 -63.6563 80 200 120
-3.9581 -34.4595 -20.1837 80 200 120
84.3782 34.3320 3.2540 80 200 120
44.0080 7.1499 -8.3701 80 200 120
-92.7504 -30.0864 -49.7959 80 200 120
-476.3362 -399.7810 -88.0774 80 200 120
-191.0371 -254.5309 6.4564 80 200 120
16.1880 12.4746 1.4638 80 200 120
47.5346 13.5261 -1.6391 80 200 120
-198.7771 -182.2928 39.1348 80 200 120
-66.0819 -16.3295 -59.2629 80 200 120
-56.2153 -4.9641 -54.8887 80 200 120
-79.1489 7.6119 -46.3658 80 200 120
-25.3330 26.8308 -48.1772 80 200 120
17.3718 12.0175 1.9699 80 200 120
39.8112 14.8550 2.5278 80 200 120
15.5007 9.9850 1.8062 80 200 120
-54.3602 13.1384 -51.6412 80 200 120
-6.3550 5.4598 -7.6936 80 200 120
7.2328 4.3067 -4.9158 80 200 120
-5.3150 -7.0237 -10.1998 80 200 120
-15.7145 105.4074 -53.9370 80 200 120
-3.5369 4.2832 -7.8518 80 200 120
-1.2125 2.2258 -4.0177 80 200 120
-24.8828 99.3230 -55.7929 80 200 120
-0.6194 2.6270 -4.6257 80 200 120
-42.2733 101.8291 -44.4275 80 200 120
-168.8861 -77.0716 -109.2878 80 200 120
-3.5289 -8.2713 -10.5647 80 200 120
-5.4234 -11.7387 -11.2856 80 200 120
-5.2291 -29.3863 -14.5759 80 200 120
-5.2634 -13.0430 -11.4463 80 200 120
-228.7933 -164.6582 -125.6353 80 200 120
-4.5249 -0.0867 -8.4328 80 200 120
-2.8411 -23.8384 -15.0623 80 200 120
-48.7042 107.0245 -42.6458 80 200 120
-223.1089 -175.7302 -102.1574 80 200 120
-2.5715 -32.4775 -18.6519 80 200 120
-162.7177 143.4204 -80.4618 80 200 120
-103.0115 147.4384 -44.2956 80 200 120
-2.0100 8.7280 -5.0905 80 200 120
2.2533 11.7368 -5.2078 80 200 120
-102.2184 -7.0888 -81.8385 80 200 120
-177.2860 132.3136 -100.9898 80 200 120
-4.2361 7.2518 -5.4538 80 200 120
-2.2374 116.1269 -37.5088 80 200 120
-546.9657 -146.9949 -152.5348 80 200 120
-1.4730 -21.7167 -3.4576 80 200 120
-0.6494 -51.7220 -7.3196 80 200 120
-4.2021 -0.5434 -1.7978 80 200 120
4.3290 21.5259 14.9960 80 200 120
8.9479 20.7783 3.0169 80 200 120
-93.6078 57.2177 56.3998 80 200 120
-116.9481 66.5777 59.5673 80 200 120
-23.5425 5.7415 13.1542 80 200 120
-24.6731 89.0864 -31.8860 80 200 120
-262.4780 105.8062 49.2025 80 200 120
-162.4381 23.0656 57.4582 80 200 120
-37.2422 94.3975 -35.7006 80 200 120
-225.6569 237.4069 -1.5709 80 200 120
-108.2316 119.4498 -59.7424 80 200 120
-165.3295 134.2477 -77.0425 80 200 120
-17.0635 96.3343 -45.9324 80 200 120
-4.5087 17.5940 -4.0511 80 200 120
-24.3363 3.5352 -5.2725 80 200 120
-349.7517 108.5008 -19.4230 80 200 120
-18.5271 86.2645 -45.3782 80 200 120
-274.0350 150.5393 -49.2403 80 200 120
2.7748 57.3525 -7.5858 80 200 120
-32.7851 91.9309 -39.1356 80 200 120
4.0061 10.6540 0.6343 80 200 120
-5.6566 67.7699 1.9781 80 200 120
-6.4791 62.2256 7.5032 80 200 120
-11.3949 10.9418 -2.1468 80 200 120
15.4419 17.5744 6.3200 80 200 120
-414.1686 151.1174 -79.5548 80 200 120
-167.3562 85.3598 94.7182 80 200 120
-462.6726 0.0847 162.7920 80 200 120
-236.5757 -116.8770 152.7519 80 200 120
-486.6684 -372.6467 288.6178 80 200 120
-87.1836 -189.4675 135.0235 80 200 120
-1248.6997 -1460.6044 171.2259 80 200 120
-1867.7558 -152.6973 51.7542 80 200 120
-290.5067 -117.9682 -39.1309 80 200 120
-357.6666 -608.1004 -1.2825 80 200 120
-511.5623 -626.5981 -26.5779 80 200 120
-24.9074 6.2271 11.8211 80 200 120
-64.1431 -11.4950 3.9612 80 200 120
-54.9981 14.7738 18.2640 80 200 120
9.2581 -1.1749 -2.2856 80 200 120
-11.5658 -9.0886 -3.0927 80 200 120
13.1705 14.2597 8.6377 80 200 120
12.9891 11.9354 8.8560 80 200 120
6.9343 19.2105 8.4009 80 200 120
8.2996 20.0343 8.3447 80 200 120
15.0832 9.0246 1.7642 80 200 120
4.5202 19.6020 5.2245 80 200 120
7.1130 21.8882 4.6953 80 200 120
5.7526 20.2070 2.6021 80 200 120
16.4381 12.7251 -2.9062 80 200 120
17.3623 12.0988 1.7130 80 200 120
59.4174 14.1109 -5.2132 80 200 120
13.8084 18.9621 -1.4803 80 200 120
12.7106 19.4181 -1.9326 80 200 120
37.9209 9.5364 -36.5011 80 200 120
15.4296 18.3609 -2.6662 80 200 120
42.0341 -15.9784 -31.0816 80 200 120
7.2093 8.3226 -5.1111 80 200 120
2.6227 10.0048 -4.8962 80 200 120
6.0742 9.8642 -4.7651 80 200 120
1.8898 9.4915 -5.1233 80 200 120
-2.5326 15.2654 -4.3657 80 200 120
-9.4175 50.0013 -41.8599 80 200 120
-1.8272 14.5690 -4.8580 80 200 120
6.9604 11.1325 -4.8216 80 200 120
11.8860 18.1566 3.7107 80 200 120
-5.5708 70.0460 -28.9987 80 200 120
-1.0392 18.3640 1.4526 80 200 120
-4.8199 71.4942 -34.6955 80 200 120
-407.4980 -446.7540 -134.0597 80 200 120
-91.7070 -995.8155 -301.6239 80 200 120
-180.2114 -2605.6282 -816.1486 80 200 120
-26.2641 -350.8561 -136.2806 80 200 120
-348.6153 -160.3246 2.2849 80 200 120
-90.5049 -104.5867 51.6249 80 200 120
-1081.4690 -5470.5315 -1923.7230 80 200 120
52.9353 11.5378 -22.5142 80 200 120
47.5902 -9.7989 -30.8105 80 200 120
49.4582 4.3803 -25.7377 80 200 120
-478.7499 -573.5383 -114.3768 80 200 120
15.2670 10.3761 -3.3629 80 200 120
17.9141 16.2054 -3.9063 80 200 120
-84.7265 -38.9071 -67.6072 80 200 120
-9.8048 -16.8263 -18.4431 80 200 120
-363.6035 -263.7169 19.1085 80 200 120
-175.1714 -205.4264 -6.1015 80 200 120
38.1324 14.2098 -0.8471 80 200 120
8.8265 14.3218 -3.7096 80 200 120
-46.2663 26.6698 -51.3486 80 200 120
5.4758 9.4599 -4.5641 80 200 120
1.3501 -4.4119 -3.0652 80 200 120
14.5749 6.5240 1.3455 80 200 120
8.7792 14.2237 -4.6899 80 200 120
-1.2773 7.1396 -10.8403 80 200 120
-1.1495 -13.9221 -12.8568 80 200 120
-3.0678 -0.1997 -9.1865 80 200 120
-8.3618 -4.3800 -9.3075 80 200 120
-55.4597 102.8375 -67.2549 80 200 120
-11.6580 -23.5614 -11.7934 80 200 120
-0.6564 -2.2894 -5.5955 80 200 120
-252.6195 -89.8825 -144.6230 80 200 120
-7.6205 -45.9076 -18.8669 80 200 120
-13.2539 -24.0112 -13.1895 80 200 120
-7.0958 -18.4477 -11.6565 80 200 120
-5.4744 -16.5834 -11.2684 80 200 120
-5.7205 -53.7133 -21.6518 80 200 120
-71.5162 107.5989 -48.6771 80 200 120
-73.3621 131.0339 -15.4234 80 200 120
-9.2745 3.0082 -7.5130 80 200 120
-29.6447 113.0214 -24.3017 80 200 120
-3.9667 5.6833 -5.3661 80 200 120
-188.4158 160.2071 -26.1392 80 200 120
-4.4753 19.2549 -6.1602 80 200 120
-227.7542 183.6929 3.4317 80 200 120
-2.8997 4.2273 -4.7546 80 200 120
-24.5961 112.9862 -54.9256 80 200 120
-9.8911 111.4631 -49.4515 80 200 120
-30.6596 108.7969 -12.9784 80 200 120
-94.4082 130.6271 -6.1482 80 200 120
-390.1359 217.3916 -8.4782 80 200 120
-151.7301 11.1635 -45.9464 80 200 120
-250.6910 150.2103 -49.6960 80 200 120
-491.7599 252.2924 35.6710 80 200 120
-12.5531 113.7976 -36.8077 80 200 120
-84.3705 131.3323 -10.8759 80 200 120
-315.8485 -239.2738 -118.0680 80 200 120
-2.1725 4.8924 -3.0177 80 200 120
50.0222 -119.6852 -50.5287 80 200 120
-265.7562 102.2320 -112.6658 80 200 120
-8.0714 2.5364 -2.9014 80 200 120
-30.4502 107.3231 -38.8427 80 200 120
-31.0529 -2.7947 -5.2954 80 200 120
-13.6942 -11.0564 10.6933 80 200 120
-42.7084 104.5056 -35.5398 80 200 120
5.1662 16.5209 5.2456 80 200 120
-34.2440 69.2879 66.5330 80 200 120
0.2005 36.0454 16.9192 80 200 120
-156.0382 38.6692 49.8721 80 200 120
-242.2919 152.9771 -21.9775 80 200 120
-122.1098 49.4215 49.2695 80 200 120
-91.6694 98.3034 61.1623 80 200 120
-308.4320 151.8007 -12.3368 80 200 120
-16.2899 91.5948 -10.6622 80 200 120
-334.2988 70.9829 36.5462 80 200 120
-11.6003 93.6415 -48.5190 80 200 120
-25.1963 87.4443 -46.5407 80 200 120
-22.7706 89.3949 -38.5111 80 200 120
3.9026 13.2283 2.6851 80 200 120
3.9924 13.0699 3.0249 80 200 120
-109.4763 39.3509 53.7216 80 200 120
-16.9135 -17.8250 15.7611 80 200 120
-99.2429 2.7987 93.1672 80 200 120
-93.8503 -10.2260 97.4526 80 200 120
-57.1181 -20.9034 95.9058 80 200 120
-699.5009 -89.6962 145.5153 80 200 120
-2.3502 -42.6907 14.5516 80 200 120
-1023.1554 -183.1994 165.3994 80 200 120
-256.7134 -91.8180 152.5685 80 200 120
-300.9209 -303.0643 242.3316 80 200 120
-66.1926 -153.1339 161.3967 80 200 120
-1.3857 -22.0593 14.5731 80 200 120
-1357.0106 -234.7064 81.8307 80 200 120
-157.2632 102.3153 90.7992 80 200 120
-88.8153 -143.8094 163.9775 80 200 120
-662.8262 -16.5986 169.4732 80 200 120
-5.2433 -37.1968 -12.5462 80 200 120
3.2686 -18.0184 -3.0496 80 200 120
14.2018 19.5359 7.6871 80 200 120
14.4673 14.7024 8.4461 80 200 120
6.9874 23.0202 7.1557 80 200 120
2.8711 17.2822 53.6001 80 200 120
19.8635 5.7049 14.7300 80 200 120
38.3205 16.3687 -0.8527 80 200 120
4.4053 14.3752 8.3357 80 200 120
15.9301 17.2821 -4.3443 80 200 120
9.8871 9.2930 -5.0688 80 200 120
17.1399 13.4028 -3.1785 80 200 120
58.2399 2.7551 -30.6801 80 200 120
15.0895 17.9169 -4.0152 80 200 120
-9.4137 71.2689 -35.4794 80 200 120
72.7884 10.5097 -6.3673 80 200 120
2.8957 9.2194 -5.1939 80 200 120
-4.5225 16.2978 -2.6561 80 200 120
-7.4733 71.6979 -25.7742 80 200 120
18.3146 63.2881 -7.3079 80 200 120
12.0349 58.9597 -7.0276 80 200 120
46.4240 -29.7930 -31.6731 80 200 120
17.4603 16.8856 -4.2629 80 200 120
8.5269 11.8728 -4.7274 80 200 120
-14.3926 58.2003 2.9344 80 200 120
-100.3945 -104.9398 43.2148 80 200 120
-161.5480 -134.9990 53.0470 80 200 120
13.3602 7.7303 -4.4489 80 200 120
62.5493 -45.1876 -50.9058 80 200 120
12.4072 7.4085 -3.4486 80 200 120
14.8491 11.9422 -4.5896 80 200 120
-110.8123 -40.9892 -71.5507 80 200 120
-0.3946 3.8368 -4.4767 80 200 120
13.8565 7.6323 -2.4856 80 200 120
16.6192 15.7164 -4.6273 80 200 120
-84.1313 -19.2482 -65.1357 80 200 120
15.1298 8.9582 1.8487 80 200 120
-1.1395 -39.2515 -6.4585 80 200 120
-0.3465 4.6620 -4.4588 80 200 120
-178.9514 -127.5780 -54.3915 80 200 120
6.0543 -2.1954 -6.2096 80 200 120
-3.1945 -12.4701 -18.5784 80 200 120
-1.5978 -10.5739 -18.3963 80 200 120
-1.7176 2.6278 -4.3772 80 200 120
-10.3474 25.5969 -6.5463 80 200 120
-14.2321 9.3621 -4.0114 80 200 120
-198.2500 142.6736 -14.9157 80 200 120
-15.8205 8.0506 -4.3654 80 200 120
-13.7807 5.4765 -5.9226 80 200 120
-28.1781 3.0960 -2.8325 80 200 120
-982.3996 314.4882 -26.2108 80 200 120
-6.0353 10.3486 -5.7098 80 200 120
-701.7991 -237.3367 -150.1470 80 200 120
-349.8345 125.1934 -107.5688 80 200 120
-430.1749 167.8588 -89.8968 80 200 120
-86.7666 35.2163 -22.8060 80 200 120
-3.2111 4.4187 -2.2634 80 200 120
-0.6443 15.1418 -5.1373 80 200 120
-61.2799 41.0188 -19.4361 80 200 120
-3.7555 -0.0732 -1.8320 80 200 120
-5.2386 -14.3531 -0.2854 80 200 120
0.7816 13.5199 -5.2971 80 200 120
-15.2423 -29.8853 8.1091 80 200 120
2.9389 -88.6126 -19.0484 80 200 120
-25.5878 -19.2356 6.3751 80 200 120
-13.6956 3.5668 -5.8305 80 200 120
7.6509 23.4428 5.1941 80 200 120
5.1667 7.8021 10.0185 80 200 120
-66.9187 68.8653 61.5672 80 200 120
4.7098 14.8539 3.5620 80 200 120
5.7026 11.9987 9.7494 80 200 120
-22.5239 10.0397 11.3710 80 200 120
-14.6245 4.0092 12.1664 80 200 120
-16.3261 11.0457 12.2111 80 200 120
-462.6006 164.5034 3.3342 80 200 120
-23.6202 101.6285 -36.3708 80 200 120
-27.2205 -1.4658 14.0612 80 200 120
-35.9922 -5.4259 13.2119 80 200 120
-20.5955 11.9281 4.2085 80 200 120
-62.2692 99.0000 -43.9214 80 200 120
-8.8590 18.0563 -3.2748 80 200 120
3.9036 14.7384 8.7222 80 200 120
-149.9536 142.7791 -43.2058 80 200 120
-379.8219 122.2509 -34.7904 80 200 120
-25.7217 95.3638 -30.1384 80 200 120
3.2735 15.0134 2.4377 80 200 120
-59.6809 122.0412 -37.8077 80 200 120
-128.5383 111.3559 -76.7245 80 200 120
-34.9167 -5.1962 -2.7363 80 200 120
2.4848 1.9261 10.6482 80 200 120
-11.3180 -7.7004 12.9801 80 200 120
-0.0407 -2.9791 12.1429 80 200 120
0.2435 -5.1538 11.9372 80 200 120
2.6147 -5.7856 11.6737 80 200 120
4.3833 -9.0821 12.4480 80 200 120
-280.2205 -700.2699 265.3294 80 200 120
-20.4154 -17.2233 13.0576 80 200 120
8.9793 -1.5123 -0.0277 80 200 120
7.5757 -9.4064 -0.0396 80 200 120
-2957.6413 -2075.3182 -520.8472 80 200 120
-9.5891 -12.4104 -6.2361 80 200 120
-9.3794 -6.7307 -2.6609 80 200 120
-35.7774 1.6189 6.1024 80 200 120
-1035.7454 -392.4540 -105.9159 80 200 120
-27.6352 -20.5590 6.4499 80 200 120
4.7008 -4.3048 -3.8671 80 200 120
-34.5902 -2.7656 6.3398 80 200 120
-26.8575 11.3387 13.9579 80 200 120
-63.9816 30.6055 28.4359 80 200 120
14.9785 11.5344 8.6608 80 200 120
15.5748 18.1744 8.0670 80 200 120
8.2566 14.5457 16.6652 80 200 120
6.9553 5.1957 9.8924 80 200 120
-6.6182 21.1105 54.7981 80 200 120
16.9184 17.8836 -0.2690 80 200 120
14.8404 9.9150 -0.5034 80 200 120
3.5939 14.1510 7.8868 80 200 120
1.4887 34.1346 19.5861 80 200 120
4.4721 15.2247 7.8364 80 200 120
15.8779 12.4382 -2.6097 80 200 120
13.7560 4.2148 1.1642 80 200 120
16.5930 15.2880 -3.7964 80 200 120
14.4403 9.2673 1.4253 80 200 120
4.6759 21.7646 3.6812 80 200 120
17.5995 14.7791 -3.8411 80 200 120
4.3942 15.2767 5.0612 80 200 120
14.0847 7.8346 0.0232 80 200 120
13.6464 18.5720 -3.2720 80 200 120
12.7985 15.1826 -4.5052 80 200 120
5.6252 9.3121 -4.7636 80 200 120
7.7734 9.2727 -5.1108 80 200 120
10.9959 15.2597 -4.4589 80 200 120
52.0505 -16.7585 -21.5539 80 200 120
-12.6062 90.0096 -36.9584 80 200 120
-10.4232 73.7151 -21.0180 80 200 120
8.2028 12.7847 -4.7738 80 200 120
7.7506 12.1647 -4.7732 80 200 120
4.9599 13.8114 0.5707 80 200 120
31.5582 52.2265 -4.1169 80 200 120
7.8916 60.4757 -7.1642 80 200 120
16.7419 9.0630 -1.4490 80 200 120
9.4589 23.0474 0.1037 80 200 120
19.7763 15.9410 0.9697 80 200 120
7.1975 20.1138 4.5366 80 200 120
6.0847 22.8292 2.9324 80 200 120
5.1623 23.8445 2.1407 80 200 120
-9.5593 -633.2521 -293.3132 80 200 120
-338.6128 -529.6504 65.1420 80 200 120
44.5701 -719.5166 -447.9643 80 200 120
13.0387 7.8661 -2.9900 80 200 120
13.8072 10.2664 -3.5504 80 200 120
-6.1706 -112.1468 -11.0822 80 200 120
-7.2051 -24.6837 -18.0754 80 200 120
-392.2492 -521.5316 30.5156 80 200 120
-118.1901 -15.7411 -71.2307 80 200 120
17.0801 13.1168 1.4178 80 200 120
18.2965 12.5707 1.7145 80 200 120
-115.9937 3.1008 -67.1577 80 200 120
-142.5065 -14.3346 -60.8115 80 200 120
5.5063 9.5440 -4.6871 80 200 120
0.1147 -8.3041 -2.9976 80 200 120
8.3521 13.4044 -3.7654 80 200 120
64.9724 -296.0061 -42.3332 80 200 120
-9.5435 17.3345 -3.7375 80 200 120
-4.0100 -1.0462 -1.8350 80 200 120
-137.8029 138.2603 -36.8757 80 200 120
-0.1150 10.7493 -5.3689 80 200 120
-10.7220 14.9973 -2.5829 80 200 120
-7.3189 -8.3245 -4.7973 80 200 120
-388.1573 181.0960 -44.8663 80 200 120
-15.3812 18.6120 -1.3606 80 200 120
-5.5790 -9.1125 -4.8712 80 200 120
-4.1205 -70.5387 -10.9411 80 200 120
-6.7316 0.0732 -9.1772 80 200 120
1.9504 12.6138 -5.0474 80 200 120
-1.1933 -13.8173 -1.0638 80 200 120
9.9283 -16.6354 -9.1762 80 200 120
-973.4398 259.1773 -130.4300 80 200 120
-244.7486 158.2233 24.1911 80 200 120
5.1337 6.3451 9.9680 80 200 120
-2.6219 26.9024 8.8776 80 200 120
5.9771 23.2539 3.1732 80 200 120
-13.7897 27.2200 3.5398 80 200 120
-5.1643 3.8800 11.1644 80 200 120
-16.9047 17.7644 2.9469 80 200 120
-34.0168 -1.9444 7.1433 80 200 120
-212.1050 63.1092 48.0148 80 200 120
-155.2575 16.3727 52.3552 80 200 120
-45.4213 101.4568 -40.5184 80 200 120
-14.9436 17.9280 -0.0213 80 200 120
-15.5938 24.3563 -1.7988 80 200 120
-344.2436 91.9511 45.5171 80 200 120
-114.4465 118.4897 -61.6411 80 200 120
-12.0354 106.4857 -52.6562 80 200 120
-15.9097 8.3240 -4.9005 80 200 120
-5.9956 18.0658 -2.8641 80 200 120
-153.9198 120.9843 -71.0620 80 200 120
-37.7112 -16.2923 12.9115 80 200 120
-24.4659 107.4945 -54.3912 80 200 120
2.0889 22.8901 8.3567 80 200 120
-443.3573 107.3591 -29.1143 80 200 120
4.8468 15.4022 5.5446 80 200 120
-27.5374 1.7203 3.8105 80 200 120
-302.0843 147.5474 -56.2870 80 200 120
-39.7780 97.4721 -43.3087 80 200 120
-191.4946 18.9690 36.6157 80 200 120
-8.6007 11.4883 -5.1707 80 200 120
-1.4085 23.2335 -2.1944 80 200 120
-7.8442 17.1832 -5.3120 80 200 120
-53.7060 100.3483 -42.9688 80 200 120
-317.9121 116.8292 -65.1355 80 200 120
8.6408 23.2218 1.0395 80 200 120
-9.1951 46.3301 -4.4696 80 200 120
5.1832 19.0535 4.2556 80 200 120
-21.2133 64.0282 -10.3789 80 200 120
56.9499 104.9400 -16.0943 80 200 120
-6.6093 18.4909 -4.4852 80 200 120
-4.5142 22.1409 -1.3670 80 200 120
5.3143 1.7276 10.4293 80 200 120
6.1197 0.7219 10.3054 80 200 120
-4.1249 1.9348 11.4615 80 200 120
-2.0753 3.5986 11.3975 80 200 120
-9.9482 -1.4215 12.5805 80 200 120
-10.3634 -12.9880 12.9388 80 200 120
-12.9572 -14.3014 9.4512 80 200 120
-12.2119 -11.5975 8.7291 80 200 120
-6.8594 -43.1205 16.0843 80 200 120
5.9028 -30.8143 8.3597 80 200 120
-3.0263 -0.0405 11.7894 80 200 120
6.4916 -20.3482 22.0273 80 200 120
2.1458 -156.0502 7.3835 80 200 120
-1305.3926 -443.1431 -221.9584 80 200 120
8.2430 -6.0654 -0.3729 80 200 120
6.0386 -9.9060 -0.6327 80 200 120
-967.4197 -388.7043 -223.3861 80 200 120
-0.0009 -40.3379 -6.7968 80 200 120
2.5237 -12.1783 -4.7744 80 200 120
-51.3777 -15.0912 3.3191 80 200 120
17.6458 17.2201 4.4779 80 200 120
16.6605 18.0000 6.8160 80 200 120
2.8852 3.6409 47.3657 80 200 120
11.8407 9.8982 51.5047 80 200 120
17.3767 16.9759 7.9997 80 200 120
15.5739 8.7233 8.7623 80 200 120
16.4226 11.0121 1.0228 80 200 120
15.5202 11.1942 -2.0881 80 200 120
15.0508 6.4582 0.9610 80 200 120
19.0475 14.4660 8.6677 80 200 120
19.6460 15.0460 2.0240 80 200 120
9.4095 21.6563 3.0126 80 200 120
15.6769 11.8578 -1.0936 80 200 120
5.9153 21.5898 2.5566 80 200 120
14.4793 19.0827 -0.2783 80 200 120
35.6195 -9.8598 -37.8293 80 200 120
12.2741 9.1606 -4.9546 80 200 120
13.8847 9.9936 -4.7213 80 200 120
-17.6014 80.2047 -35.2267 80 200 120
-13.6094 23.6058 -7.7967 80 200 120
-3.0358 22.1163 1.6429 80 200 120
17.6425 14.6224 -4.4968 80 200 120
-6.4282 61.0525 3.4254 80 200 120
4.4537 23.2588 1.3437 80 200 120
5.1637 62.6156 -8.9168 80 200 120
-23.3836 73.7284 -41.6026 80 200 120
-8.8898 67.0127 7.8609 80 200 120
50.4831 -14.5713 -13.0718 80 200 120
46.4118 -11.9518 -25.5265 80 200 120
-12.4117 -38.5676 -11.6901 80 200 120
0.8878 -16.7644 -5.9097 80 200 120
-385.8074 -206.1472 -4.9185 80 200 120
-414.9960 -192.5246 16.9929 80 200 120
-152.8931 -220.2269 77.8427 80 200 120
1.1946 -8.7287 -7.0951 80 200 120
-11.9049 -36.0721 -12.7484 80 200 120
13.5063 10.3820 -4.4572 80 200 120
12.9848 8.6074 -3.4750 80 200 120
12.9787 8.8350 -4.5073 80 200 120
-18.1265 -33.2773 -15.2065 80 200 120
-1.9491 1.7966 -4.8968 80 200 120
14.7977 11.5111 -3.5647 80 200 120
814.8438 -7228.9668 -909.7452 80 200 120
-320.9521 -346.3465 46.2375 80 200 120
16.7523 8.5069 2.8828 80 200 120
13.4984 8.2115 0.4474 80 200 120
14.9056 8.1266 1.0927 80 200 120
-20.8339 3.4953 -14.4313 80 200 120
-20.6787 -6.9306 -16.3079 80 200 120
-125.4950 -41.8135 -20.7808 80 200 120
16.6646 12.9154 0.6218 80 200 120
16.6117 13.9225 7.5590 80 200 120
13.9094 3.5300 1.3181 80 200 120
-76.7562 23.3144 -57.3210 80 200 120
16.4183 11.0387 1.5790 80 200 120
-1.2218 4.2209 -5.8853 80 200 120
-0.8661 2.8703 -5.0731 80 200 120
-2.0401 2.5742 -3.9874 80 200 120
-21.8345 11.4566 0.3237 80 200 120
-75.7680 128.6901 -16.1378 80 200 120
-29.6988 3.5657 5.9642 80 200 120
-1.4463 1.1067 -2.7074 80 200 120
-147.4745 126.3894 1.4436 80 200 120
-7.4515 -26.0057 -12.5650 80 200 120
-39.9371 121.1615 -15.5061 80 200 120
-19.5712 9.9851 6.7063 80 200 120
-354.9938 181.5933 -10.9949 80 200 120
-368.9721 177.5089 24.7038 80 200 120
-10.4490 25.1345 -3.5179 80 200 120
-11.3977 -16.1361 0.0684 80 200 120
-29.9076 0.7839 -6.2633 80 200 120
-6.1653 8.9107 -5.7818 80 200 120
-5.2762 18.1472 -6.1660 80 200 120
-19.5271 11.4719 5.7220 80 200 120
-25.3314 -8.0258 -3.8706 80 200 120
-13.4376 9.5197 -5.7215 80 200 120
6.0182 9.6840 -3.1029 80 200 120
-2.5214 4.2289 -5.4190 80 200 120
7.6076 23.2817 7.1478 80 200 120
5.1145 17.1606 4.4792 80 200 120
5.7278 15.6043 8.8149 80 200 120
-179.2039 29.1162 54.2361 80 200 120
-3.3468 1.5722 10.8895 80 200 120
-39.2056 -12.2938 16.3384 80 200 120
-140.8456 43.0567 53.7988 80 200 120
-11.3751 14.4895 -3.2709 80 200 120
-21.4650 7.3968 13.5056 80 200 120
14.1500 19.3937 6.7799 80 200 120
-7.0673 2.9210 11.0267 80 200 120
-24.2141 5.9646 7.4571 80 200 120
-8.3749 12.8961 -5.3855 80 200 120
-8.9677 13.9738 -4.1633 80 200 120
-120.0628 32.8912 55.7578 80 200 120
1.2411 20.0978 6.3087 80 200 120
-8.4832 44.8454 -9.0201 80 200 120
1.4406 25.1019 7.3871 80 200 120
-4.4678 24.3539 -4.8868 80 200 120
-7.3602 22.2398 -5.4092 80 200 120
-14.6751 4.9379 12.1657 80 200 120
-17.8708 -7.6721 13.7707 80 200 120
-11.7670 -12.4139 11.5518 80 200 120
-16.1097 -27.9869 14.3349 80 200 120
-10.1531 -35.1732 16.9147 80 200 120
-1.1710 -38.8313 16.9849 80 200 120
-12.1389 -49.4741 15.8698 80 200 120
-1.1584 -45.7629 4.2376 80 200 120
5.9297 -51.9487 1.3177 80 200 120
-15.1988 -14.8620 6.2553 80 200 120
-1.3403 -2.3237 12.0831 80 200 120
5.6376 -31.8295 -11.7812 80 200 120
-7.5188 10.7028 10.7747 80 200 120
-6.1654 -9.5477 -6.8165 80 200 120
-37.3036 -6.0997 1.1998 80 200 120
-6.9480 28.6170 52.5836 80 200 120
11.5690 9.8977 8.8943 80 200 120
5.3955 18.6773 8.2067 80 200 120
16.4573 12.5418 0.3251 80 200 120
5.7539 23.1517 7.2193 80 200 120
4.5557 14.2855 3.3552 80 200 120
14.0497 5.1264 1.1209 80 200 120
14.9070 7.4936 0.4268 80 200 120
15.9046 7.2047 1.4966 80 200 120
4.4233 15.7706 4.7500 80 200 120
2.8673 15.5151 7.4175 80 200 120
21.6412 15.3020 8.3540 80 200 120
23.5136 23.5632 0.7752 80 200 120
16.0277 15.6938 -6.0572 80 200 120
12.4275 10.6777 -5.0006 80 200 120
14.7024 8.5100 -4.6053 80 200 120
41.0406 -15.3588 -34.4625 80 200 120
14.8247 10.0170 -4.9260 80 200 120
-19.6968 27.1893 -8.6995 80 200 120
4.6426 13.5841 0.4320 80 200 120
14.9207 1.7115 -6.9115 80 200 120
14.6423 7.4089 -3.8890 80 200 120
16.3849 10.7170 -3.5046 80 200 120
-11.1484 26.0968 -13.2084 80 200 120
-20.0776 31.2076 -10.7683 80 200 120
-14.2097 30.0829 -14.8486 80 200 120
-1.3574 12.1460 -5.0881 80 200 120
5.6556 9.2097 -3.3179 80 200 120
13.8503 3.9368 -5.3632 80 200 120
-7.9685 18.9065 -2.7671 80 200 120
-13.0109 21.4961 -3.4545 80 200 120
13.3088 5.1243 -4.6174 80 200 120
15.9660 8.8950 -1.2952 80 200 120
7.4336 21.9114 4.9301 80 200 120
18.8188 17.9345 4.1522 80 200 120
-2.9429 27.3302 -2.4881 80 200 120
5.0432 22.7970 5.3499 80 200 120
16.7409 -8.2057 -45.9560 80 200 120
2.6487 11.4664 0.3846 80 200 120
3.9231 12.9891 0.3644 80 200 120
-8.1732 45.5938 5.5652 80 200 120
-6.2211 24.5830 -1.7442 80 200 120
-1.0840 20.2717 3.8242 80 200 120
-361.7200 -1692.3467 -564.1935 80 200 120
-124.5376 -913.4930 -359.1504 80 200 120
1.9398 -85.0792 17.1052 80 200 120
-224.6477 -224.7397 67.2506 80 200 120
-276.5008 -10848.1957 -5204.2782 80 200 120
11.2482 5.5130 -4.4828 80 200 120
10.3535 6.5075 -2.6321 80 200 120
6.5351 8.0852 0.9870 80 200 120
-2.5297 -35.8102 2.3491 80 200 120
37.4410 -291.0239 -31.8834 80 200 120
13.8220 9.8386 -1.1787 80 200 120
10.5510 -31.4784 -14.5312 80 200 120
-12.0990 -22.2974 -18.6385 80 200 120
23.3437 13.7818 8.6800 80 200 120
-20.6717 -23.2949 -24.6643 80 200 120
13.2389 12.9939 -4.6994 80 200 120
-10.9766 -10.9070 -6.4176 80 200 120
-145.3566 -23.6762 -24.9915 80 200 120
-180.0796 -55.2881 -29.3836 80 200 120
-15.6085 -35.0682 -3.5933 80 200 120
-16.9196 -37.4996 -12.5161 80 200 120
-0.9771 4.1785 -5.2983 80 200 120
-9.4001 13.3664 -6.2533 80 200 120
-12.5138 12.6260 -2.8302 80 200 120
-9.8462 9.6330 -6.0999 80 200 120
-14.7587 18.1826 0.4023 80 200 120
-10.8598 8.2919 -5.9267 80 200 120
-44.3119 -18.6878 10.0308 80 200 120
-37.4072 -10.0957 13.7845 80 200 120
-6.1113 -13.4743 0.4307 80 200 120
19.7855 -383.3872 -40.0054 80 200 120
18.9929 -127.2659 -10.6376 80 200 120
-13.2884 -16.4940 4.0725 80 200 120
-12.6762 -11.8495 6.6916 80 200 120
-0.3587 15.1290 -2.5262 80 200 120
34.0820 -58.0891 -23.8854 80 200 120
0.0381 14.7515 -3.4078 80 200 120
-6.0099 -59.6194 1.8754 80 200 120
18.2065 -28.8373 -14.1465 80 200 120
-4.9534 0.7664 -0.4343 80 200 120
1.7694 -8.0068 -1.1998 80 200 120
-8.6346 -8.9776 -0.6067 80 200 120
-4.5913 13.5512 -5.9085 80 200 120
-6.7853 12.0306 -6.0194 80 200 120
-1.7448 5.8876 -5.5438 80 200 120
-9.8382 5.6242 11.8958 80 200 120
-5.8413 9.6807 13.3798 80 200 120
-6.5270 1.5217 11.5124 80 200 120
-12.0262 7.2459 11.7275 80 200 120
-11.2166 36.5444 4.8053 80 200 120
-25.9988 -6.8390 14.6751 80 200 120
-31.0321 1.0055 13.6612 80 200 120
-12.7589 10.4427 -2.8229 80 200 120
-20.6899 9.0634 4.7445 80 200 120
-14.0344 26.5700 -1.5478 80 200 120
-34.1408 -18.2384 14.7232 80 200 120
-7.4818 21.8436 -3.9191 80 200 120
-26.5728 4.8070 -6.8000 80 200 120
-3.1734 27.7010 -3.2265 80 200 120
-6.0438 27.6208 1.1195 80 200 120
-38.0495 -5.9511 -3.2414 80 200 120
-26.9016 -21.6147 14.5570 80 200 120
-11.5063 25.1934 12.4107 80 200 120
-9.0227 47.2247 4.9501 80 200 120
-8.9993 20.0560 -3.8495 80 200 120
-11.6757 44.9223 -0.3813 80 200 120
-16.1566 9.2830 -4.9641 80 200 120
-10.3170 -5.1096 13.2904 80 200 120
7.0831 -14.7380 21.8191 80 200 120
-13.0508 -16.4530 11.2023 80 200 120
-4.6299 -35.6781 16.7806 80 200 120
-11.1187 -23.0726 15.2860 80 200 120
-9.5379 -43.3110 17.2208 80 200 120
10.7341 -21.9440 21.0412 80 200 120
-8.5635 -11.4447 13.4003 80 200 120
13.7788 -37.1397 20.7187 80 200 120
2.3642 -8.9250 12.0817 80 200 120
-12.3007 -12.8918 5.9713 80 200 120
-7.1891 -12.9330 0.7560 80 200 120
7.3428 -75.4457 -10.4619 80 200 120
8.1756 -22.2276 -1.4443 80 200 120
-4.5790 -114.9665 -4.4401 80 200 120
-0.1428 -13.8571 -3.6651 80 200 120
-13.5451 -15.0234 -4.5427 80 200 120
-2.3819 -43.0259 -13.2775 80 200 120
-27.9676 3.2308 5.0034 80 200 120
-31.6076 0.7088 2.9775 80 200 120
-20.5826 11.0790 11.5741 80 200 120
6.5918 8.1808 9.7327 80 200 120
10.1403 4.5889 9.5366 80 200 120
8.4556 4.4061 9.6822 80 200 120
15.1558 1.3663 8.9114 80 200 120
15.8335 11.0342 0.2272 80 200 120
7.5462 23.5495 4.9987 80 200 120
18.0533 12.3196 1.0870 80 200 120
5.0499 22.7089 5.2172 80 200 120
18.0466 13.0522 -3.6666 80 200 120
14.1018 3.8492 1.1125 80 200 120
16.4510 11.2962 -2.4226 80 200 120
15.0883 10.0400 1.4595 80 200 120
12.3397 21.5557 1.1697 80 200 120
13.5084 10.7955 -4.8516 80 200 120
17.3266 17.8137 -3.4115 80 200 120
-3.7015 13.4227 -5.8152 80 200 120
14.9174 10.0160 -3.9923 80 200 120
15.1749 9.2522 -4.5890 80 200 120
9.0356 6.3393 -5.7134 80 200 120
-3.7277 26.8195 -4.4610 80 200 120
-51.0015 42.4540 -19.6405 80 200 120
-7.4556 20.5057 -3.1838 80 200 120
4.5995 16.2830 2.4440 80 200 120
-4.6270 27.1540 -2.6048 80 200 120
-8.0576 21.9958 -5.1819 80 200 120
9.7598 14.9997 -0.0691 80 200 120
4.9574 24.5910 4.6542 80 200 120
4.3832 20.7891 -0.5482 80 200 120
7.9286 12.4013 0.2890 80 200 120
-6.9904 23.2885 -5.2324 80 200 120
6.1071 24.8282 -0.4482 80 200 120
-6.7057 9.9685 -6.1366 80 200 120
-85.3047 -510.7230 -203.0162 80 200 120
-592.8843 -3123.0485 -1105.6339 80 200 120
10.5773 6.8785 -2.6092 80 200 120
11.2468 7.1179 -4.0921 80 200 120
-372.2532 -8439.5103 -2261.5830 80 200 120
-23.3623 -89.8169 -39.8582 80 200 120
14.1807 12.6879 -3.4966 80 200 120
13.8161 8.5727 -2.0631 80 200 120
-0.1254 -14.6323 -2.3599 80 200 120
6.7734 -105.5744 -12.1991 80 200 120
13.5830 8.8262 -0.0712 80 200 120
-5.8142 -4.4868 -5.8094 80 200 120
-2.4427 1.3836 -2.9569 80 200 120
-9.3138 -11.5023 -5.9561 80 200 120
-3.8036 -5.9048 -0.5239 80 200 120
16.8970 18.1527 -4.8055 80 200 120
-2.3181 4.8758 -5.3043 80 200 120
-11.7460 -12.5247 -4.5961 80 200 120
2.5102 -28.3978 -37.4941 80 200 120
-7.1195 17.3002 -6.5101 80 200 120
-7.6030 15.1291 -6.6671 80 200 120
-10.3634 13.4302 -3.9724 80 200 120
-13.9715 10.6848 -3.2142 80 200 120
0.7108 7.1309 -5.4074 80 200 120
1.4233 5.2384 -5.2499 80 200 120
1.3561 -9.4354 -5.0046 80 200 120
-27.2447 6.3815 -4.3831 80 200 120
-2.3245 0.9285 -2.5787 80 200 120
-32.4557 1.2595 7.4099 80 200 120
-57.6024 -17.1379 13.3396 80 200 120
-30.2659 0.4908 2.6157 80 200 120
-8.2012 19.5545 -3.1280 80 200 120
-10.7901 3.3718 -6.3804 80 200 120
-10.2360 5.1648 -6.3436 80 200 120
-4.6468 -3.8564 -1.3476 80 200 120
-9.4304 15.7547 -2.9645 80 200 120
-13.5943 14.7074 -2.9789 80 200 120
-9.2499 18.9021 -3.3098 80 200 120
-10.8471 6.8501 -6.0568 80 200 120
1.2907 9.0284 -5.2460 80 200 120
-23.2938 -11.9545 -4.2190 80 200 120
-4.9360 2.5875 -3.0245 80 200 120
1.1293 13.4323 -4.8659 80 200 120
-23.5308 9.7215 7.5622 80 200 120
-6.6899 -2.9219 -0.4284 80 200 120
-22.3818 12.8455 6.8189 80 200 120
-8.9684 27.4118 -7.1108 80 200 120
-31.5890 0.4391 6.9803 80 200 120
-35.9851 -4.6443 9.3359 80 200 120
-12.4773 13.4116 -3.1046 80 200 120
-12.0597 31.4662 11.3752 80 200 120
-25.0932 7.3751 -3.7958 80 200 120
-30.1986 3.3360 -3.9584 80 200 120
-38.1825 -10.9735 6.8207 80 200 120
-11.0325 13.2336 -3.9842 80 200 120
-21.1284 25.7833 -3.0650 80 200 120
-30.9618 0.2460 -6.8404 80 200 120
-11.0428 14.8394 -3.2349 80 200 120
-6.0395 25.9642 -3.4560 80 200 120
2.5764 17.7868 0.0556 80 200 120
-31.5543 -6.4725 2.2616 80 200 120
-23.6878 7.1310 -6.0345 80 200 120
-25.7274 53.4231 -13.5617 80 200 120
-2.5097 25.9473 -6.5211 80 200 120
-2.2286 28.1201 -4.8050 80 200 120
-8.1287 -8.7774 11.9512 80 200 120
-5.7377 2.3172 11.9464 80 200 120
-21.3873 -6.4260 14.1271 80 200 120
-11.5650 -9.9415 13.3695 80 200 120
-7.5882 2.3286 11.8385 80 200 120
-6.9525 -6.1882 12.9849 80 200 120
12.3637 -18.0596 20.5788 80 200 120
-12.3646 -18.8752 14.3769 80 200 120
2.6360 -39.5602 14.7147 80 200 120
-10.6501 -14.8928 -0.4407 80 200 120
-10.7826 -13.7448 -7.0105 80 200 120
-4.4440 -7.4053 -1.0030 80 200 120
-11.2475 -11.3852 -7.1647 80 200 120
-2.2584 -11.7425 -1.2332 80 200 120
-17.9115 -204.7638 -36.5738 80 200 120
3.9966 -23.2014 -5.7146 80 200 120
24.7063 -53.7088 -9.1794 80 200 120
-94.4084 -9.2546 -6.9611 80 200 120
-110.9086 4.1618 -8.1226 80 200 120
-34.6370 -4.6437 1.1403 80 200 120
-30.1104 -1.1298 5.9789 80 200 120
-39.0959 -8.5071 11.6396 80 200 120
-27.7129 2.6753 7.9337 80 200 120
-18.9157 11.6641 7.8677 80 200 120
8.9352 16.7843 25.1975 80 200 120
10.9502 16.0079 24.8224 80 200 120
12.7396 1.5229 9.5030 80 200 120
15.1876 9.5276 -1.7239 80 200 120
3.5447 14.7671 8.5647 80 200 120
18.3660 16.5491 -5.0835 80 200 120
4.6048 15.2042 8.8322 80 200 120
15.3133 19.7729 -0.4074 80 200 120
15.6617 7.2845 0.3055 80 200 120
16.1465 10.6741 -3.6010 80 200 120
19.0116 11.7447 2.4668 80 200 120
18.0843 17.3187 -2.0983 80 200 120
5.9911 23.1029 2.9878 80 200 120
14.9429 8.8971 -1.1637 80 200 120
19.3187 15.6601 -4.7623 80 200 120
9.1870 22.4105 0.2069 80 200 120
16.1238 11.1846 -4.3150 80 200 120
-31.9838 39.0609 -12.5113 80 200 120
-5.3226 24.5675 -4.8491 80 200 120
-26.5495 32.1415 -11.3735 80 200 120
13.3027 6.6802 -4.1160 80 200 120
-7.0056 19.7108 -5.8233 80 200 120
-11.0752 16.0281 -3.1905 80 200 120
-35.4820 37.0516 -12.1670 80 200 120
-9.6982 16.9984 -4.1284 80 200 120
-11.1820 11.0385 -5.5459 80 200 120
-2.2383 27.8722 -4.5014 80 200 120
-11.3307 17.6297 -2.8583 80 200 120
-7.5559 18.2832 -5.9016 80 200 120
13.7377 4.3174 -5.2577 80 200 120
4.8356 14.5129 0.3181 80 200 120
-3.7141 23.9729 -5.6343 80 200 120
-11.9242 12.9493 -3.9584 80 200 120
17.8069 12.7437 0.3814 80 200 120
9.9638 22.5373 3.4771 80 200 120
-47.4791 35.6006 -17.5888 80 200 120
28.8100 30.9701 5.6590 80 200 120
-55.8065 37.4411 -22.3522 80 200 120
-6.2278 21.2971 -8.7594 80 200 120
-143.6844 -634.5454 -205.9722 80 200 120
-299.1823 -1698.8840 -673.7245 80 200 120
-9.3998 -30.2650 2.5177 80 200 120
10.9486 10.0450 -2.5948 80 200 120
9.5434 8.3550 -2.2952 80 200 120
11.3936 7.1048 -3.1124 80 200 120
17.9430 16.4895 -2.1012 80 200 120
9.8019 8.2574 -2.3699 80 200 120
13.4509 8.3685 -2.2755 80 200 120
-21.7804 -48.0851 -30.0848 80 200 120
2.5462 -26.3933 13.1854 80 200 120
-18.9332 -26.2226 -19.3393 80 200 120
9.4670 6.6415 -2.3033 80 200 120
-7.6546 -11.2855 -8.7842 80 200 120
-15.5360 -75.0843 44.9948 80 200 120
-23.2136 -43.9787 -1.7716 80 200 120
12.9675 5.8011 1.3413 80 200 120
16.5690 10.8853 1.5443 80 200 120
-0.8830 2.3925 -2.2316 80 200 120
-15.6021 -37.7820 -15.5667 80 200 120
-26.4659 4.1149 9.7746 80 200 120
-7.5970 19.5768 -6.0488 80 200 120
-22.6862 5.2238 -5.3640 80 200 120
-3.0927 0.9757 -0.7579 80 200 120
-31.0639 -2.7218 12.7484 80 200 120
-6.7548 -8.6987 -0.6006 80 200 120
0.2103 -10.6513 -4.2123 80 200 120
-43.3405 -9.0324 2.3303 80 200 120
-23.7746 -10.5805 -6.6492 80 200 120
33.6300 -97.4612 -44.8963 80 200 120
-10.7517 17.4915 -2.7972 80 200 120
-0.5277 -13.6589 -3.2681 80 200 120
-16.6099 -35.4035 5.0017 80 200 120
-30.3491 -23.1796 6.7596 80 200 120
-42.7625 -17.2882 9.5794 80 200 120
-3.6160 -4.0602 -1.5020 80 200 120
-16.1052 6.7307 -6.4919 80 200 120
-5.9613 6.9860 -7.8426 80 200 120
-7.0576 -88.8187 -4.8262 80 200 120
14.0086 20.2918 8.1519 80 200 120
2.3700 8.3170 10.1552 80 200 120
-11.1965 22.5822 12.5912 80 200 120
-8.1808 19.2647 11.6577 80 200 120
-0.9741 5.9137 10.7281 80 200 120
1.6577 13.3601 9.6556 80 200 120
-10.1640 -7.4128 12.2658 80 200 120
-47.6063 -14.1196 14.2269 80 200 120
-9.6667 16.6911 -3.2786 80 200 120
-7.9294 -3.5919 12.2320 80 200 120
-16.4205 -6.6531 12.9330 80 200 120
-4.5433 6.8939 11.0425 80 200 120
-24.8323 10.4161 8.9843 80 200 120
-29.9968 -12.9507 15.4590 80 200 120
-13.2243 20.3953 2.2900 80 200 120
-9.1620 16.5697 -5.9315 80 200 120
-22.7532 7.5637 2.0308 80 200 120
5.4258 18.8119 2.0753 80 200 120
-46.0067 -4.2441 5.5880 80 200 120
-5.1223 -3.3293 11.9962 80 200 120
-15.8940 14.6788 -0.8023 80 200 120
6.4865 26.2774 -1.1348 80 200 120
-37.5741 -6.3683 0.5744 80 200 120
-2.4615 58.1469 11.1892 80 200 120
-5.5345 28.8455 10.3464 80 200 120
1.1225 -3.7475 12.8102 80 200 120
2.7211 -4.1924 12.5767 80 200 120
6.8889 -1.5120 11.2521 80 200 120
-12.8829 -14.3653 11.3112 80 200 120
0.0790 -14.7101 13.3446 80 200 120
-13.7443 -16.3367 10.4595 80 200 120
-0.7920 -34.6871 17.7120 80 200 120
-1.6866 -12.2618 13.1440 80 200 120
5.3542 -20.8804 13.6736 80 200 120
17.7624 -68.0483 17.9632 80 200 120
-5.5533 4.2222 11.7025 80 200 120
9.4325 -18.0232 21.4549 80 200 120
-14.3633 -12.2227 13.1539 80 200 120
15.7811 -79.4017 -11.2175 80 200 120
-74.7666 -158.2860 -15.6122 80 200 120
-31.3461 -23.3772 6.4985 80 200 120
-6.8504 11.9914 10.7189 80 200 120
-39.7703 -10.1982 3.8911 80 200 120
-13.7889 -15.8735 3.9074 80 200 120
14.6927 8.9886 24.0460 80 200 120
18.0539 7.8484 15.2748 80 200 120
16.4520 7.4754 8.3542 80 200 120
18.6787 16.0160 5.3101 80 200 120
19.0159 16.2162 1.8007 80 200 120
20.4533 3.6084 12.5184 80 200 120
15.5389 7.0111 -0.6442 80 200 120
15.6046 9.8354 -0.6647 80 200 120
19.4547 14.7261 -4.1583 80 200 120
22.7122 14.7641 3.2568 80 200 120
17.0716 12.1181 -1.3029 80 200 120
4.5587 16.6311 5.8256 80 200 120
2.6069 16.3676 4.7582 80 200 120
14.3423 8.0304 -1.4393 80 200 120
9.8599 22.8824 3.1599 80 200 120
11.2303 6.3901 -4.8778 80 200 120
15.5923 12.5915 -4.4739 80 200 120
13.2870 9.1618 -4.7269 80 200 120
12.6991 6.0612 -5.1138 80 200 120
15.9115 11.1952 -1.9986 80 200 120
-7.3141 16.9775 -5.0045 80 200 120
-28.9516 27.5517 -11.0031 80 200 120
3.8872 12.9592 0.3737 80 200 120
14.9905 9.0620 -1.0533 80 200 120
-22.9189 35.4229 -10.6103 80 200 120
-4.0833 21.6940 -5.4996 80 200 120
15.5885 10.3835 -2.3419 80 200 120
19.6782 16.1075 1.9275 80 200 120
-2.0568 24.2968 -5.4928 80 200 120
-6.0129 9.9315 -5.7336 80 200 120
-1.0438 27.3178 -5.5244 80 200 120
14.2245 8.0177 -1.2322 80 200 120
16.3493 11.9455 -1.0732 80 200 120
13.6660 20.5283 4.1902 80 200 120
13.0436 13.7014 -0.9917 80 200 120
-0.3366 -43.3125 -11.5274 80 200 120
6.4023 -127.0372 24.8460 80 200 120
-17.3932 -159.2431 28.2351 80 200 120
9.1331 8.1890 -2.1248 80 200 120
20.1616 -126.7354 -1.1714 80 200 120
12.8508 8.5333 -4.3613 80 200 120
-3.0132 -134.0118 -26.9380 80 200 120
-37.5556 -3.5051 -1.5279 80 200 120
-36.5501 -64.5579 -32.7833 80 200 120
4.5285 18.1157 4.7144 80 200 120
13.3482 8.5851 -0.5922 80 200 120
2.2610 -81.9154 3.8439 80 200 120
10.4774 -146.3594 -5.1168 80 200 120
9.0691 6.4839 -2.1257 80 200 120
0.3759 -14.3238 -3.8637 80 200 120
-7.7154 -18.9362 -0.9731 80 200 120
18.0318 11.8377 4.0771 80 200 120
-5.8341 -9.9521 -1.1075 80 200 120
13.5593 4.2434 1.2635 80 200 120
-22.8525 3.9301 -16.8702 80 200 120
-2.7070 4.6418 -5.6257 80 200 120
-2.1494 1.7826 -4.1424 80 200 120
-11.5011 11.5729 -6.7030 80 200 120
-17.0699 -25.5037 -14.4663 80 200 120
-2.2346 -3.0696 -4.9353 80 200 120
-21.7041 13.7156 4.8125 80 200 120
-28.3667 6.8111 2.5563 80 200 120
-9.1648 17.0211 -5.7871 80 200 120
-34.4433 -2.8735 10.1222 80 200 120
-0.3962 1.8087 -4.0015 80 200 120
-33.3111 -3.0361 6.4071 80 200 120
-34.0053 -6.9637 -2.1334 80 200 120
-28.2418 -5.0148 -5.1532 80 200 120
-38.4238 -10.1786 5.3905 80 200 120
-9.0780 28.8470 -7.0155 80 200 120
-31.2623 1.6964 14.1677 80 200 120
-5.4227 -52.3289 2.5691 80 200 120
-32.6857 -14.2430 13.9056 80 200 120
-4.6828 16.2493 -8.0617 80 200 120
-6.6179 7.4803 -5.9771 80 200 120
17.8875 40.0128 26.1137 80 200 120
-7.6451 26.8464 3.4592 80 200 120
-11.6944 23.2762 5.3511 80 200 120
-23.2805 11.9033 6.7179 80 200 120
-10.6588 13.0586 -3.9205 80 200 120
-7.2524 20.2182 -3.5271 80 200 120
5.1658 15.9805 6.6322 80 200 120
-12.3237 11.5067 -2.9580 80 200 120
-24.8276 24.0525 -3.3178 80 200 120
-10.2974 14.8392 -3.0924 80 200 120
-14.2621 10.6566 -2.3952 80 200 120
-9.1664 17.0326 -4.2985 80 200 120
9.0446 22.0653 8.0968 80 200 120
-3.1625 28.3843 -3.2824 80 200 120
-1.2195 23.2185 -5.1278 80 200 120
-8.2118 22.1358 -5.7267 80 200 120
13.2561 21.0264 7.9456 80 200 120
-2.0228 28.0693 -4.6662 80 200 120
-6.6028 25.3744 -1.9866 80 200 120
-34.9588 -4.7728 1.2013 80 200 120
13.6687 10.2757 8.7257 80 200 120
13.8949 18.1181 8.4956 80 200 120
15.9206 10.0614 -2.9114 80 200 120
15.6164 9.8085 1.5805 80 200 120
5.0027 21.2106 4.7625 80 200 120
8.4042 23.0599 1.0932 80 200 120
-9.7495 15.4964 -2.9389 80 200 120
-3.9120 19.6639 -5.2316 80 200 120
13.8330 6.7914 -2.4451 80 200 120
-47.2904 46.4084 -7.5504 80 200 120
-4.4919 20.9949 -2.4354 80 200 120
0.3973 23.5245 -5.2048 80 200 120
-3.8069 15.8283 -4.8954 80 200 120
6.3952 25.1898 3.2552 80 200 120
-9.2081 23.6361 -2.8122 80 200 120
5.7651 18.7014 -1.3725 80 200 120
-1.6403 21.6219 -5.2955 80 200 120
-29.4854 33.4117 -10.9838 80 200 120
6.4062 7.2593 0.9132 80 200 120
5.2210 9.2266 1.6583 80 200 120
5.8150 8.4516 1.5459 80 200 120
-7.7902 -11.3023 -5.8436 80 200 120
9.0223 6.6903 0.5109 80 200 120
-13.7733 1.4058 -19.4894 80 200 120
-7.2042 -12.8295 0.4668 80 200 120
-2.7019 -51.4489 15.5781 80 200 120
16.5785 12.8523 0.5419 80 200 120
1.5262 -14.8550 -4.9737 80 200 120
5.1430 -33.4586 -11.2971 80 200 120
-4.0819 -17.4094 -1.1577 80 200 120
-2.0687 5.0020 -2.9616 80 200 120
-29.8203 -11.0253 -8.8910 80 200 120
-8.1596 -1.3493 -3.4370 80 200 120
-27.3581 8.6163 12.2833 80 200 120
-1.5647 20.8395 -5.4201 80 200 120
-9.9689 45.9650 -9.6069 80 200 120
-1.9375 28.5867 -0.5706 80 200 120
-9.3006 16.5857 -6.3231 80 200 120
0.0515 28.9103 -3.3370 80 200 120
-7.8426 23.6160 -5.8953 80 200 120
-43.1643 -18.8719 9.0832 80 200 120
-25.9436 4.3099 -3.3904 80 200 120
2.6323 19.7670 7.5121 80 200 120
11.4749 22.4126 8.3868 80 200 120
-48.8354 -14.4221 18.2012 80 200 120
-39.4488 -6.3303 15.7255 80 200 120
-24.1457 -48.9359 4.5047 80 200 120
-11.8207 -15.2728 -7.5342 80 200 120
-32.0120 -36.7168 -0.8870 80 200 120
-15.3209 -20.4868 -0.5736 80 200 120
-7.8438 -18.3422 -0.8275 80 200 120
-3.6165 -15.4076 -2.4559 80 200 120
-47.5960 -21.9925 15.0228 80 200 120
-12.9708 -14.9096 -4.0470 80 200 120
15.2425 0.6833 0.8149 80 200 120
-36.6701 -16.4055 6.0581 80 200 120
-2.0771 -20.8547 -3.9090 80 200 120
15.1561 9.4523 -1.7069 80 200 120
11.0660 0.0724 8.4515 80 200 120
18.4049 16.6053 -5.2322 80 200 120
21.4365 14.9591 -4.9408 80 200 120
15.2362 -0.0413 14.9766 80 200 120
2.1731 17.8681 7.2129 80 200 120
14.7030 7.6332 0.5613 80 200 120
19.1698 18.2720 -5.3630 80 200 120
17.6458 15.5669 -5.9193 80 200 120
-37.8778 31.2880 -10.0171 80 200 120
-3.0329 17.4924 -4.9939 80 200 120
10.0034 14.4711 -0.2996 80 200 120
14.4734 3.4078 -5.9325 80 200 120
11.8083 14.5348 -1.5061 80 200 120
7.7238 22.8913 5.2814 80 200 120
12.4345 21.0640 1.8052 80 200 120
-0.1511 20.8801 -5.3239 80 200 120
-8.4714 19.0837 -3.1067 80 200 120
-34.7844 35.5044 -4.8946 80 200 120
5.0291 9.5759 1.7591 80 200 120
-6.8333 -3.8659 -3.9275 80 200 120
-3.4555 4.3737 -4.9855 80 200 120
-17.3519 8.3061 -16.1901 80 200 120
-14.1869 -93.9942 1.9747 80 200 120
12.9260 7.2344 -1.6095 80 200 120
-0.3951 -33.7353 -5.0955 80 200 120
-8.7766 18.6660 -6.1133 80 200 120
-5.2201 20.7269 -6.2981 80 200 120
10.5523 5.6231 -0.7678 80 200 120
6.0098 -2.8128 -2.7807 80 200 120
-42.5529 -19.9577 13.6858 80 200 120
11.3691 5.9932 -4.9192 80 200 120
16.0119 4.8987 -1.1892 80 200 120
13.0341 3.6981 -2.5475 80 200 120
12.4729 5.3623 -3.0961 80 200 120
14.1001 -2.7718 -3.9699 80 200 120
13.5977 -15.0155 -5.8635 80 200 120
15.3325 -4.1157 -1.1577 80 200 120
11.2102 -2.3863 -3.6171 80 200 120
14.5189 -7.5449 -2.4774 80 200 120
16.2855 1.7328 -3.0466 80 200 120
13.9228 6.0287 -2.0209 80 200 120
16.3332 2.0803 -3.9939 80 200 120
-28.9724 31.6039 -7.3731 80 200 120
-27.0867 27.8726 -6.3053 80 200 120
16.1778 1.4962 -4.5070 80 200 120
12.6602 4.2176 -4.5860 80 200 120
-17.3665 27.2011 -4.4014 80 200 120
12.9906 3.4451 -4.1871 80 200 120
-8.9148 21.0522 -6.6840 80 200 120
-8.4610 20.7479 -3.7180 80 200 120
-29.5054 39.1344 -2.0813 80 200 120
-9.0347 22.7385 -5.6239 80 200 120
-9.9734 20.1251 -6.4255 80 200 120
11.9554 5.4635 -2.5919 80 200 120
16.2255 1.2484 -4.5827 80 200 120
15.1465 0.4186 -4.0149 80 200 120
17.0379 2.7833 -4.3043 80 200 120
17.1841 2.5539 -3.0322 80 200 120
12.2342 -16.5465 -1.5047 80 200 120
16.8773 2.5271 -3.5918 80 200 120
15.3153 0.8710 -3.0597 80 200 120
11.7901 -0.3639 -4.4103 80 200 120
14.7126 -1.1001 -4.5110 80 200 120
11.8607 4.8598 -4.7143 80 200 120
17.5408 -21.0807 -3.5959 80 200 120
8.5112 1.6454 -2.0454 80 200 120
-21.5141 13.0042 4.7512 80 200 120
7.5510 0.2437 -0.6678 80 200 120
12.4728 -22.1410 -3.0237 80 200 120
7.3234 -5.8829 -1.9751 80 200 120
-4.4747 12.3617 -6.5156 80 200 120
9.0355 -2.4199 -5.0164 80 200 120
7.7608 0.7488 -0.9767 80 200 120
5.1883 -2.5257 -3.9498 80 200 120
7.4333 -1.5278 -5.0648 80 200 120
-20.9126 18.9109 12.8354 80 200 120
12.0941 5.2318 -3.1371 80 200 120
12.5816 5.2962 -3.6278 80 200 120
12.3305 5.1975 -4.5896 80 200 120
9.9385 3.0271 -2.0752 80 200 120
-10.0545 47.2124 -1.4872 80 200 120
7.4281 -0.8021 -4.2068 80 200 120
6.9863 -2.2754 -3.2899 80 200 120
11.3122 -3.6558 -4.1305 80 200 120
14.2074 -1.3897 -3.8925 80 200 120
5.8843 -2.8937 -3.1678 80 200 120
8.4529 -4.4254 -4.5335 80 200 120
7.4016 -0.9768 -2.3660 80 200 120
8.5364 0.8385 -1.3338 80 200 120
17.7368 1.8563 -1.5449 80 200 120
17.7268 2.4750 -1.4292 80 200 120
16.3251 3.7334 -3.6246 80 200 120
16.7887 1.9024 -3.7519 80 200 120
13.9092 2.8921 -1.7096 80 200 120
17.7019 2.7022 -4.5740 80 200 120
15.7852 1.7339 -3.9541 80 200 120
16.5468 1.7202 -3.9936 80 200 120
13.9105 2.6133 -1.7412 80 200 120
16.1251 3.8636 -3.3566 80 200 120
-1.0929 26.6696 9.3365 80 200 120
-11.8466 17.7567 -5.7839 80 200 120
13.2517 2.8692 -4.5341 80 200 120
14.4393 4.4184 -4.5713 80 200 120
-18.6788 27.8808 -2.0495 80 200 120
11.3807 4.6577 -3.1730 80 200 120
11.1333 5.1927 -2.4256 80 200 120
12.6646 3.1973 -4.7790 80 200 120
12.8765 2.3801 -4.7154 80 200 120
15.2221 -0.0783 -4.0853 80 200 120
-12.6695 -5.5809 -12.8078 80 200 120
14.9746 -6.8529 -0.5358 80 200 120
12.8946 -0.4868 -4.2574 80 200 120
12.8303 -0.6257 -4.0289 80 200 120
11.9351 -2.2847 -4.4223 80 200 120
-16.9347 2.4308 -10.6112 80 200 120
17.5168 3.0045 -3.1181 80 200 120
11.0807 0.3256 -1.1210 80 200 120
13.1574 3.4439 -4.9805 80 200 120
11.2944 4.4107 -4.7690 80 200 120
10.1662 -1.4380 -4.7790 80 200 120
8.8305 0.8353 -1.5731 80 200 120
15.0527 -1.3489 -4.2009 80 200 120
11.3069 -1.9097 -4.0102 80 200 120
-17.3058 24.3875 13.6594 80 200 120
13.3553 2.8841 -2.7628 80 200 120
8.2386 -0.3321 -4.1799 80 200 120
11.3102 2.6740 -4.6495 80 200 120
11.1845 -3.0533 -0.9301 80 200 120
11.0937 7.6427 -1.1558 80 200 120
11.2174 3.8664 -4.7279 80 200 120
8.3642 -0.0105 -4.3331 80 200 120
10.8744 4.0944 -1.2160 80 200 120
-30.1995 21.0276 -3.5137 80 200 120
11.0372 2.7393 -4.2802 80 200 120
11.4984 3.9572 -4.7108 80 200 120
-39.7287 -3.5111 12.3438 80 200 120
11.7522 4.9251 -4.9337 80 200 120
-27.1565 59.7305 11.8050 80 200 120
8.6590 -3.0681 -4.1444 80 200 120
17.1133 -11.9085 -5.1448 80 200 120
13.0827 -3.4862 -3.7589 80 200 120
13.5834 -2.5379 -4.3515 80 200 120
10.4173 -5.0133 -4.2292 80 200 120
17.6862 1.1643 -1.7281 80 200 120
16.8849 1.2506 -3.2317 80 200 120
16.2026 0.8564 -3.6905 80 200 120
14.3566 4.7847 -2.0796 80 200 120
14.5601 4.7045 -2.2353 80 200 120
11.8668 1.3571 13.7201 80 200 120
14.5123 1.6939 8.0267 80 200 120
17.1514 2.2124 -4.6577 80 200 120
15.8535 -1.2936 -1.5487 80 200 120
16.9024 1.9255 -4.1720 80 200 120
16.9422 0.9074 -3.2707 80 200 120
16.2374 0.7381 -3.4225 80 200 120
13.7631 2.0420 -1.4711 80 200 120
14.0805 4.2151 -2.8960 80 200 120
11.3916 4.4396 -3.7187 80 200 120
12.0836 5.2092 -3.6771 80 200 120
-9.4028 18.7229 -5.5206 80 200 120
-11.2837 14.5045 -4.5961 80 200 120
-15.6224 21.0998 -4.9516 80 200 120
-16.5852 18.4369 -3.9939 80 200 120
12.5512 2.1799 -4.8191 80 200 120
12.0369 4.6857 -3.5772 80 200 120
12.5709 1.7924 -4.7541 80 200 120
11.2072 3.2875 -4.8775 80 200 120
13.5858 2.0499 -4.2444 80 200 120
-15.7161 22.2357 -1.1697 80 200 120
-15.2236 20.6825 -0.7124 80 200 120
-14.8508 16.0550 -4.0750 80 200 120
16.3802 2.1714 -4.3511 80 200 120
-16.4730 25.1633 -0.5564 80 200 120
-13.1866 18.8894 -5.4806 80 200 120
13.6910 2.0308 -4.3826 80 200 120
-11.2069 16.0196 -4.6028 80 200 120
14.7846 -0.4239 -3.5074 80 200 120
16.8528 1.4374 -3.2381 80 200 120
16.7068 1.5227 -4.1420 80 200 120
15.3001 0.2967 -3.2421 80 200 120
15.4322 -0.0050 -3.2371 80 200 120
11.8087 -4.8501 -3.5483 80 200 120
18.2095 2.5032 -2.3088 80 200 120
-0.2760 11.0117 -6.1085 80 200 120
13.4600 2.4493 -4.4875 80 200 120
13.0074 3.9214 -5.2359 80 200 120
13.5379 2.1602 -4.4842 80 200 120
9.9720 2.3253 -2.0023 80 200 120
11.0831 2.9171 -4.7404 80 200 120
-13.2594 44.1025 -5.7159 80 200 120
13.6554 -10.7102 -3.1771 80 200 120
12.9436 -2.4764 -3.5042 80 200 120
12.2535 -1.1952 -3.6272 80 200 120
7.2462 -1.5490 -2.4902 80 200 120
6.4067 -2.2655 -2.9686 80 200 120
15.1318 0.3462 -1.4570 80 200 120
15.3817 0.3118 -1.4799 80 200 120
16.0529 -0.3599 -1.5074 80 200 120
14.7611 1.5059 -1.4659 80 200 120
17.4991 2.7299 -2.9120 80 200 120
13.9275 1.8985 -2.0461 80 200 120
16.7847 1.3436 -4.2079 80 200 120
17.9919 1.9006 -3.1581 80 200 120
16.6405 0.0500 -3.4402 80 200 120
17.4835 1.8204 -3.6088 80 200 120
15.7128 3.6810 -3.2417 80 200 120
15.1433 3.7282 -1.8117 80 200 120
16.7927 2.7317 -4.1228 80 200 120
11.1900 1.4495 -4.8848 80 200 120
-17.8185 19.2264 -5.9085 80 200 120
-16.5133 16.8577 -5.3281 80 200 120
11.8556 1.3805 -4.8286 80 200 120
-14.9411 19.6602 -5.9681 80 200 120
10.4515 0.3195 -4.8005 80 200 120
-3.6921 15.4104 -5.9730 80 200 120
12.4591 2.9159 -4.8831 80 200 120
-14.2687 23.5625 -0.8399 80 200 120
12.9968 3.1449 -4.7673 80 200 120
14.4042 3.2683 -4.8589 80 200 120
13.3714 2.2967 -4.7978 80 200 120
13.9430 1.9177 -4.1738 80 200 120
14.3535 2.7990 -4.7051 80 200 120
10.2085 1.4087 -4.1836 80 200 120
15.7818 1.9754 -4.0218 80 200 120
15.0434 0.1422 -4.0296 80 200 120
-403.0099 -1214.5580 -693.6848 80 200 120
16.4629 0.0508 -3.4311 80 200 120
12.8898 -0.9011 -4.9679 80 200 120
-253.6484 -537.0920 -525.9988 80 200 120
13.1613 -0.4998 -4.9554 80 200 120
12.9900 -0.9328 -4.2314 80 200 120
17.6904 2.2557 -4.6979 80 200 120
12.5368 -0.7160 -4.3132 80 200 120
15.9338 1.8343 -4.2034 80 200 120
2.7159 15.3946 3.9867 80 200 120
12.4375 -2.7166 -4.0987 80 200 120
17.8261 2.5248 -2.6084 80 200 120
-18.7911 -280.4004 -174.0910 80 200 120
-57.5021 -1632.2952 -1043.5377 80 200 120
14.0861 -0.6092 -4.7739 80 200 120
8.3499 -1.2364 -1.2881 80 200 120
10.9670 -3.8458 -1.2392 80 200 120
6.1098 8.7100 1.0580 80 200 120
15.6455 -0.0578 -4.4401 80 200 120
9.9504 0.6679 -4.1030 80 200 120
13.1313 2.2715 -1.4779 80 200 120
-10.2386 12.6340 12.7012 80 200 120
13.5091 2.1278 -1.7282 80 200 120
11.1427 3.0954 -4.8128 80 200 120
10.8769 0.9477 -4.1915 80 200 120
10.8198 3.4220 -1.3931 80 200 120
10.6829 0.5107 -4.2651 80 200 120
10.2239 2.3516 -1.9122 80 200 120
-14.7081 -3.5693 13.8735 80 200 120
13.9632 1.6777 -1.6497 80 200 120
-27.2589 -5.3456 16.0860 80 200 120
9.6798 -5.3714 -0.9803 80 200 120
5.8750 -4.6926 -4.0955 80 200 120
-14.8951 23.8991 1.7017 80 200 120
9.4214 -4.4886 -4.4621 80 200 120
4.9471 -4.2251 -3.3883 80 200 120
13.8937 -11.6159 -6.7514 80 200 120
14.1190 -2.7692 -4.4721 80 200 120
13.5622 -3.8391 -4.0151 80 200 120
14.3270 -2.4527 -4.2260 80 200 120
14.3715 -0.1645 -3.3125 80 200 120
14.1218 -13.5434 -5.6780 80 200 120
14.4453 -6.2194 -4.8074 80 200 120
14.7374 -2.4346 -3.6513 80 200 120
14.4099 -0.6158 -3.3631 80 200 120
6.9139 -2.6286 -2.4042 80 200 120
5.6290 -4.4461 -2.7475 80 200 120
15.1279 2.7629 -1.5547 80 200 120
16.5160 0.8148 -3.7972 80 200 120
14.2659 2.9069 -2.5779 80 200 120
16.3401 0.4362 -3.3510 80 200 120
17.2204 1.7060 -4.6461 80 200 120
16.2139 0.4209 -3.5267 80 200 120
13.9707 1.9016 -2.6628 80 200 120
16.3084 -1.5879 -1.9488 80 200 120
16.1198 3.2335 -2.1253 80 200 120
-14.8019 15.1551 -3.5296 80 200 120
10.9673 0.9415 -4.5769 80 200 120
13.6401 1.5473 -4.6939 80 200 120
13.9184 1.6425 -4.7146 80 200 120
13.8840 1.6287 -4.2777 80 200 120
9.8020 0.9013 -4.2795 80 200 120
13.7794 1.5548 -4.7758 80 200 120
11.6128 4.2447 -3.7856 80 200 120
14.7094 -0.0352 -3.8938 80 200 120
4.8859 12.3345 4.7936 80 200 120
12.6301 -1.8593 -4.2574 80 200 120
13.0184 -1.0419 -4.4720 80 200 120
16.2872 -0.8448 -3.4571 80 200 120
15.8557 -0.7837 -3.4141 80 200 120
17.9017 2.1888 -1.7532 80 200 120
-7.1419 15.6107 -7.0251 80 200 120
16.6068 -23.4915 -2.8385 80 200 120
13.7289 -0.7520 -4.8389 80 200 120
14.4123 -0.8013 -3.4275 80 200 120
14.5961 -2.6874 -3.1812 80 200 120
8.5088 -2.8569 -4.2210 80 200 120
13.6523 1.7644 -3.0331 80 200 120
8.2404 -1.6537 -4.9566 80 200 120
8.7267 -0.9581 -4.3384 80 200 120
13.3040 2.5726 -3.0641 80 200 120
-5.8887 47.0801 -0.0420 80 200 120
-34.9506 15.8105 -5.0759 80 200 120
-8.7672 34.4487 1.4783 80 200 120
10.3938 1.4692 -3.9512 80 200 120
-41.8568 -26.2196 6.0790 80 200 120
10.9893 1.3995 -4.3954 80 200 120
11.4758 1.8836 -4.3815 80 200 120
7.2283 -3.8737 -2.3522 80 200 120
-14.8813 44.3835 -3.6638 80 200 120
12.0987 3.2911 -4.6155 80 200 120
12.3124 3.6463 -4.2799 80 200 120
-20.1797 35.5137 4.9737 80 200 120
10.3292 0.1549 -4.1589 80 200 120
11.5269 -3.4866 -1.2927 80 200 120
12.4486 3.7118 -4.6046 80 200 120
-17.9720 6.1875 14.5693 80 200 120
15.9491 -2.0342 -4.5461 80 200 120
8.6410 -1.0544 -1.2970 80 200 120
11.1682 7.3860 4.1191 80 200 120
-15.2467 -2.3310 -0.1134 80 200 120
15.5642 -0.5792 -3.7783 80 200 120
-42.0640 -11.7310 -2.6579 80 200 120
7.1225 -5.4820 -2.5842 80 200 120
16.2099 -3.4159 -2.9995 80 200 120
18.0065 1.1497 -2.2709 80 200 120
17.4638 0.2164 -1.9893 80 200 120
14.8464 2.1272 -1.7329 80 200 120
17.6365 1.3897 -4.1793 80 200 120
12.0578 0.3535 -4.9319 80 200 120
-11.3580 14.2257 -4.3603 80 200 120
11.0699 0.2103 -4.8466 80 200 120
11.3269 1.3741 -4.5124 80 200 120
11.4698 -0.0794 -4.8413 80 200 120
-12.5142 15.5119 -5.1973 80 200 120
-18.5054 16.5285 -3.8136 80 200 120
13.8625 0.7428 -4.7573 80 200 120
13.7453 1.3217 -4.6199 80 200 120
16.3038 2.6633 -3.8439 80 200 120
16.5064 1.6670 -4.3879 80 200 120
14.2874 1.5020 -4.7975 80 200 120
13.9947 1.0047 -4.7695 80 200 120
15.5744 -1.5809 -4.5432 80 200 120
15.0878 -0.6584 -4.1331 80 200 120
14.3825 -2.8268 -5.0226 80 200 120
15.4859 -5.1402 -2.7947 80 200 120
14.9920 -0.5315 -4.0728 80 200 120
14.8511 -2.1479 -4.7991 80 200 120
15.2692 -0.6535 -4.1731 80 200 120
13.5911 -3.5847 -4.9078 80 200 120
14.2226 -2.6372 -5.0336 80 200 120
13.4961 -2.5704 -4.9512 80 200 120
13.8462 -2.2811 -4.9399 80 200 120
12.7401 -1.1485 -4.8233 80 200 120
17.7875 1.3906 -4.2223 80 200 120
13.0361 -12.4998 -2.4177 80 200 120
12.9745 -1.6910 -3.8477 80 200 120
12.2194 -4.5585 -3.9488 80 200 120
13.9942 1.2315 -4.8043 80 200 120
10.9246 -9.1524 -2.8939 80 200 120
9.0322 -0.5160 -1.6754 80 200 120
11.0207 -2.9704 -1.3566 80 200 120
11.4806 4.8659 -1.7189 80 200 120
8.0937 -2.3256 -4.9339 80 200 120
6.7306 -3.7021 -4.4320 80 200 120
-7.9038 47.2653 -0.6506 80 200 120
11.6805 1.9656 -4.3508 80 200 120
13.8921 1.2138 -2.0591 80 200 120
8.4499 -5.9246 -2.0118 80 200 120
11.9211 2.8629 -4.7493 80 200 120
11.7513 2.7448 -4.7917 80 200 120
9.2229 -3.5438 -1.1558 80 200 120
-21.0138 1.2999 13.7792 80 200 120
8.7072 -4.8960 -1.2388 80 200 120
16.0820 -3.8137 -2.1508 80 200 120
15.9250 -3.7975 -2.7827 80 200 120
15.7506 -1.5955 -4.3645 80 200 120
7.7956 -2.1292 -2.7481 80 200 120
2.8103 12.3553 3.6876 80 200 120
11.7305 -4.7779 -3.6880 80 200 120
16.5094 -0.6454 -3.5366 80 200 120
6.5466 -3.9499 -3.5037 80 200 120
14.2889 -9.2303 -6.0847 80 200 120
15.2647 -7.4227 -2.2974 80 200 120
12.1635 -3.0472 -3.9574 80 200 120
8.9358 -6.1020 -2.6578 80 200 120
12.9599 -3.0608 -4.0480 80 200 120
6.6698 -4.5471 -2.1149 80 200 120
9.4740 -6.3445 -1.8763 80 200 120
13.7226 -3.8888 -5.2475 80 200 120
13.8972 -2.1483 -4.0264 80 200 120
14.9971 0.3832 -1.7939 80 200 120
17.3321 -0.1892 -2.0901 80 200 120
17.6458 1.7881 -2.8385 80 200 120
18.3053 1.5333 -2.4838 80 200 120
17.3193 -0.1610 -2.4458 80 200 120
17.0221 -0.6188 -2.2885 80 200 120
16.7340 2.1201 -4.3117 80 200 120
17.5988 1.7421 -3.9171 80 200 120
15.8560 2.8566 -2.5561 80 200 120
15.7055 2.9084 -2.0180 80 200 120
16.7360 0.7738 -3.4795 80 200 120
14.1476 1.1678 -2.1036 80 200 120
16.6150 -1.1065 -2.0749 80 200 120
16.4408 -1.6220 -1.9199 80 200 120
17.6330 0.1101 -2.2990 80 200 120
16.7790 1.0061 -3.7109 80 200 120
16.7516 0.1252 -3.4723 80 200 120
16.5026 0.6875 -3.6318 80 200 120
16.3701 -1.1934 -2.0185 80 200 120
17.2380 1.2287 -3.6087 80 200 120
16.3634 2.6269 -3.6028 80 200 120
11.5465 1.0656 -4.8544 80 200 120
12.4645 0.4132 -4.9359 80 200 120
11.4893 0.5126 -4.8693 80 200 120
12.5939 0.7500 -4.9095 80 200 120
12.4271 0.5920 -4.9466 80 200 120
11.9537 0.3014 -4.9327 80 200 120
11.5228 0.8885 -4.3042 80 200 120
13.8424 1.1698 -4.1119 80 200 120
14.1765 1.0195 -4.6801 80 200 120
11.5346 2.6404 -4.4930 80 200 120
11.8662 3.0095 -4.3980 80 200 120
15.4603 2.1789 -4.4487 80 200 120
11.0301 0.9976 -4.2882 80 200 120
11.3087 0.6410 -4.3653 80 200 120
12.0681 3.2472 -4.8352 80 200 120
13.1855 2.2621 -2.7154 80 200 120
15.4390 1.9587 -4.3359 80 200 120
15.9714 2.0879 -4.5600 80 200 120
14.9391 -3.5900 -5.1612 80 200 120
15.2779 -1.4607 -4.3663 80 200 120
14.9682 -3.6671 -5.1731 80 200 120
14.8776 -3.9916 -5.2774 80 200 120
15.4367 -4.0462 -2.8404 80 200 120
15.0855 -3.3666 -5.2041 80 200 120
15.1610 -1.1398 -4.2689 80 200 120
15.0705 -1.0592 -4.2036 80 200 120
14.8072 -3.7685 -5.2328 80 200 120
14.9910 -3.1693 -5.1186 80 200 120
1.9993 17.4162 5.0007 80 200 120
14.8115 -2.6542 -4.9512 80 200 120
14.6254 -2.8093 -4.9849 80 200 120
13.8831 -2.8564 -5.0789 80 200 120
13.3952 -3.9542 -5.2691 80 200 120
3.3169 16.0660 5.7244 80 200 120
14.5157 0.0265 -3.7860 80 200 120
15.1182 -0.2478 -3.4201 80 200 120
14.1148 1.1538 -4.3040 80 200 120
13.8853 1.0599 -4.7739 80 200 120
18.1262 1.4149 -2.0531 80 200 120
16.8805 1.0043 -3.7073 80 200 120
14.1153 1.1179 -4.5310 80 200 120
13.4332 -1.7253 -4.4760 80 200 120
17.0617 2.0825 -2.9170 80 200 120
13.5896 -1.6171 -4.7294 80 200 120
15.8941 -1.2623 -4.3416 80 200 120
12.6178 -1.5896 -4.6587 80 200 120
14.4062 -2.0719 -4.8515 80 200 120
13.9618 -1.3061 -4.7810 80 200 120
14.4285 -2.7311 -4.9326 80 200 120
13.8547 0.4229 -3.7604 80 200 120
9.6645 -5.3041 -4.9929 80 200 120
14.0844 1.0953 -4.7876 80 200 120
13.8057 1.2828 -4.3848 80 200 120
13.8062 1.1935 -4.6359 80 200 120
11.4519 2.5513 -4.9431 80 200 120
-4.2253 27.0497 13.9262 80 200 120
9.1977 -5.5295 -2.8019 80 200 120
9.0020 -2.3765 -4.6752 80 200 120
11.4803 1.0174 -4.2623 80 200 120
11.8010 1.4270 -4.3967 80 200 120
11.7225 1.2682 -4.3543 80 200 120
-7.7498 49.0647 -6.2090 80 200 120
-12.0088 36.7673 13.0756 80 200 120
11.5834 1.1257 -4.3464 80 200 120
10.5831 0.2639 -4.2744 80 200 120
12.9125 -1.6323 -1.8023 80 200 120
10.1892 -4.3316 -1.3953 80 200 120
2.1453 11.3799 3.0166 80 200 120
16.2273 -4.7673 -4.2915 80 200 120
7.3807 -5.1301 -2.4179 80 200 120
14.6756 -3.8363 -4.6753 80 200 120
-9.2972 -1.4416 0.4520 80 200 120
9.7506 -3.7612 -4.4194 80 200 120
-51.2675 -25.2438 -6.9042 80 200 120
17.2733 0.3271 -2.2193 80 200 120
17.5806 1.0234 -4.2700 80 200 120
15.9466 -1.4323 -1.9765 80 200 120
16.3114 2.2118 -4.1297 80 200 120
17.2245 1.8697 -4.1999 80 200 120
11.7387 -0.5972 -4.8834 80 200 120
13.6659 -0.0054 -4.8418 80 200 120
13.8433 0.1842 -4.8047 80 200 120
13.3748 0.5987 -4.9648 80 200 120
-9.9583 20.0176 -6.6860 80 200 120
2.4827 18.9219 2.0748 80 200 120
11.2911 1.0931 -4.3365 80 200 120
11.1854 0.1393 -4.3991 80 200 120
-1.1576 15.1327 -3.7713 80 200 120
12.0419 1.0632 -4.9486 80 200 120
13.4514 -0.1601 -4.9391 80 200 120
16.1843 -2.7883 -4.7927 80 200 120
16.0279 -2.8417 -4.6917 80 200 120
15.0922 -1.1055 -4.2324 80 200 120
15.2604 -1.1637 -4.2813 80 200 120
15.1390 -1.0355 -4.2281 80 200 120
15.3223 -1.0556 -3.9390 80 200 120
15.2387 1.9743 -4.4272 80 200 120
14.3589 1.0566 -4.6461 80 200 120
14.1134 0.6161 -4.7953 80 200 120
13.8914 0.2147 -3.8332 80 200 120
16.0999 1.6338 -4.5309 80 200 120
14.5699 -2.9112 -4.9594 80 200 120
16.0499 -4.2568 -5.1693 80 200 120
-5.8009 -2.2804 -3.1676 80 200 120
14.8057 -4.9656 -4.0058 80 200 120
15.6294 -5.0351 -4.1916 80 200 120
14.7422 -5.9256 -3.2860 80 200 120
14.1943 -3.2590 -2.3598 80 200 120
13.0149 3.1156 -3.1438 80 200 120
-3.4200 36.9039 3.3050 80 200 120
0.5408 25.0860 7.3619 80 200 120
8.0207 -4.8987 -3.7607 80 200 120
9.5252 -1.3047 -3.8516 80 200 120
-7.2074 6.3262 12.8512 80 200 120
11.5154 0.1564 -4.2729 80 200 120
11.4822 2.6246 -1.8009 80 200 120
13.0552 3.3406 -2.8066 80 200 120
1.6432 26.7877 8.7096 80 200 120
11.1362 1.7235 -4.4495 80 200 120
11.8372 0.6071 -4.3298 80 200 120
12.9791 3.7078 -4.0621 80 200 120
11.6961 0.3076 -4.2999 80 200 120
-10.8784 49.5136 -6.5140 80 200 120
10.0321 -4.2803 -1.6156 80 200 120
11.9303 -6.0634 -2.6743 80 200 120
10.0466 -2.8465 -4.1973 80 200 120
13.8291 -3.7166 -5.0955 80 200 120
8.7392 -2.0312 -2.7288 80 200 120
8.8091 -2.2534 -3.2880 80 200 120
15.1254 -1.3221 -3.9231 80 200 120
13.1349 -4.0570 -3.8783 80 200 120
13.7890 -3.8675 -4.0517 80 200 120
9.3271 -1.2868 -1.7206 80 200 120
9.6544 -0.7483 -1.9672 80 200 120
6.0205 12.6756 3.8962 80 200 120
8.7485 -2.5924 -2.8105 80 200 120
16.9213 -0.2421 -2.0284 80 200 120
16.8717 0.4384 -3.5715 80 200 120
17.1142 0.0984 -3.6436 80 200 120
17.8199 0.0936 -3.3526 80 200 120
18.1457 0.9935 -3.5746 80 200 120
17.9254 0.3964 -3.0746 80 200 120
15.5605 -1.1267 -1.9309 80 200 120
16.9842 0.6027 -1.9994 80 200 120
15.3097 -1.4277 -1.7976 80 200 120
15.8589 0.3480 -1.8306 80 200 120
11.8253 -0.2515 -4.8449 80 200 120
11.5528 0.8688 -4.6240 80 200 120
11.5910 0.1658 -4.6528 80 200 120
9.9985 -0.1671 -4.4922 80 200 120
11.0967 1.3130 -4.4221 80 200 120
13.2287 -0.2435 -4.9381 80 200 120
10.9759 0.3578 -4.3529 80 200 120
13.5843 -0.4665 -4.9068 80 200 120
13.1848 0.2693 -4.7973 80 200 120
11.5122 0.7914 -4.3878 80 200 120
11.0381 1.8985 -4.0485 80 200 120
2.2582 18.5902 1.9535 80 200 120
-10.2212 13.0217 -8.3384 80 200 120
10.5905 0.9260 -4.0829 80 200 120
-7.5068 18.6639 -7.4335 80 200 120
14.7845 -5.1657 -5.4903 80 200 120
14.9193 -4.2481 -5.1996 80 200 120
15.2193 -1.1344 -4.2307 80 200 120
15.2591 -1.0428 -4.2160 80 200 120
15.1735 -1.0721 -4.2157 80 200 120
14.8072 -5.0866 -2.8600 80 200 120
15.2330 -1.2127 -4.2691 80 200 120
14.2401 -3.1901 -4.8718 80 200 120
13.5749 -1.4750 -4.7259 80 200 120
16.7278 1.8418 -2.2386 80 200 120
13.3497 -1.4562 -4.8867 80 200 120
15.4922 0.3074 -4.1552 80 200 120
13.0087 -4.4790 -3.9663 80 200 120
16.1181 1.2438 -4.4509 80 200 120
17.3498 1.3106 -2.2550 80 200 120
14.0920 -2.3819 -4.9888 80 200 120
11.9675 -2.4652 -4.7837 80 200 120
13.6780 -9.2431 -3.5112 80 200 120
13.8884 0.0861 -3.8364 80 200 120
13.9798 0.6938 -4.5632 80 200 120
13.8771 0.7876 -4.5720 80 200 120
2.6992 11.0901 -3.7553 80 200 120
14.0800 0.4747 -4.7776 80 200 120
10.0692 -0.1875 -2.7619 80 200 120
-17.1217 17.0496 -5.0105 80 200 120
13.9513 0.1885 -3.8108 80 200 120
-11.2397 15.9086 -8.7910 80 200 120
-18.2520 18.8638 -4.3225 80 200 120
11.4589 -0.3230 -4.3028 80 200 120
13.2300 3.1539 -2.5377 80 200 120
-3.3084 29.0941 13.5166 80 200 120
12.0617 1.2310 -4.3200 80 200 120
12.5366 3.0995 -4.3100 80 200 120
8.4927 -3.0344 -4.8328 80 200 120
13.3970 3.2791 -2.3106 80 200 120
7.7705 -3.7128 -4.3811 80 200 120
8.6371 -2.5728 -4.9178 80 200 120
13.9636 0.6700 -2.4950 80 200 120
9.8759 -1.0545 -3.5136 80 200 120
12.0605 -5.3277 -2.3484 80 200 120
15.5872 -3.2921 -2.1069 80 200 120
15.6309 -6.2761 -3.4727 80 200 120
16.8977 -0.3370 -3.6370 80 200 120
12.9138 -2.2940 -4.0555 80 200 120
10.1865 -4.2342 -4.4626 80 200 120
9.7829 -3.9301 -4.3846 80 200 120
13.5836 -3.3036 -3.9141 80 200 120
11.8899 -3.4614 -4.1926 80 200 120
19.2654 -6.0245 -4.3424 80 200 120
12.3196 -3.1452 -4.3647 80 200 120
15.4397 -3.9904 -4.0986 80 200 120
15.7931 -2.9325 -4.6820 80 200 120
15.5337 -5.6915 -4.1309 80 200 120
15.8609 -0.7568 -3.6297 80 200 120
10.1596 -6.2613 -2.7736 80 200 120
16.7037 -0.7494 -2.1813 80 200 120
16.9054 -0.6928 -2.2551 80 200 120
17.5692 -0.3775 -3.7108 80 200 120
17.8761 0.6018 -3.2583 80 200 120
17.7972 0.3146 -3.3639 80 200 120
17.0288 -0.8681 -2.8762 80 200 120
17.0173 1.3595 -4.1538 80 200 120
17.6091 0.6472 -2.1885 80 200 120
17.6497 0.6473 -2.7802 80 200 120
16.8061 -1.6509 -2.3100 80 200 120
17.6342 0.3036 -2.7667 80 200 120
18.6373 0.8395 -4.0047 80 200 120
16.9576 1.4738 -2.9688 80 200 120
16.6190 1.6785 -2.3192 80 200 120
15.8683 2.0224 -2.2482 80 200 120
13.4005 3.3367 -2.3236 80 200 120
16.9152 1.4458 -2.2772 80 200 120
15.0012 2.5938 -2.2269 80 200 120
14.5634 2.8249 -2.2841 80 200 120
13.8923 3.1184 -2.3232 80 200 120
15.6846 2.1924 -2.1999 80 200 120
17.5709 1.0046 -2.5951 80 200 120
16.2355 1.9165 -3.9426 80 200 120
17.2004 1.3551 -2.6831 80 200 120
16.8412 1.4323 -3.8282 80 200 120
16.5852 1.7904 -2.5415 80 200 120
13.2660 3.2945 -2.7763 80 200 120
16.7856 -0.3403 -3.5822 80 200 120
0.8552 23.6233 6.7469 80 200 120
15.7786 1.2455 -2.1176 80 200 120
14.4686 2.8485 -2.6953 80 200 120
14.7079 2.7938 -2.6445 80 200 120
16.4666 1.8300 -3.0674 80 200 120
13.2044 3.3151 -2.5201 80 200 120
15.1977 2.3970 -2.2857 80 200 120
16.3041 1.8937 -3.5042 80 200 120
15.9452 2.1557 -3.0491 80 200 120
16.2578 1.8876 -2.1953 80 200 120
15.5176 2.3715 -2.5675 80 200 120
16.1266 0.8512 -2.1145 80 200 120
14.1150 3.0273 -2.2894 80 200 120
11.5486 -0.1662 -4.9970 80 200 120
-11.9175 11.1120 -8.9063 80 200 120
-22.0256 22.3683 -2.8782 80 200 120
11.5218 1.8822 -4.4916 80 200 120
11.3359 2.3027 -3.1744 80 200 120
11.5182 2.7146 -3.1079 80 200 120
13.1053 0.2845 -4.9104 80 200 120
11.6960 0.2554 -4.5629 80 200 120
13.3089 -0.1178 -4.9355 80 200 120
12.8578 0.0871 -4.9337 80 200 120
12.5713 0.4465 -4.9299 80 200 120
11.4596 1.6357 -4.2942 80 200 120
11.4453 1.4017 -4.4129 80 200 120
14.5299 1.0406 -3.8986 80 200 120
13.0467 3.4293 -4.7797 80 200 120
17.2995 0.8369 -4.6240 80 200 120
-10.9302 22.7292 -8.3679 80 200 120
-9.5765 25.7144 -7.5241 80 200 120
0.6116 26.3870 4.6386 80 200 120
12.7442 3.2592 -4.8069 80 200 120
-2.9798 28.6616 -3.1306 80 200 120
15.3698 2.2873 -4.8421 80 200 120
14.3697 0.8491 -4.8454 80 200 120
16.1985 1.7466 -4.9529 80 200 120
12.2587 2.3842 -5.0274 80 200 120
-4.5877 28.1203 -5.8750 80 200 120
16.6220 1.6374 -4.9158 80 200 120
15.7157 2.0213 -4.8711 80 200 120
12.3397 2.6676 -4.3308 80 200 120
12.7656 2.2973 -4.9684 80 200 120
16.7880 1.4108 -4.8596 80 200 120
15.6005 2.1948 -4.8282 80 200 120
14.8846 1.9726 -4.8842 80 200 120
13.6667 -0.2805 -4.8687 80 200 120
13.7942 3.1053 -3.9376 80 200 120
13.4807 2.7617 -4.9714 80 200 120
-7.0792 27.0396 -6.5097 80 200 120
14.5483 2.7656 -4.8515 80 200 120
13.8888 3.0442 -4.7768 80 200 120
14.2342 2.4943 -4.9752 80 200 120
12.4406 1.3762 -4.9579 80 200 120
14.4091 0.9434 -4.7316 80 200 120
12.9859 3.5303 -4.5151 80 200 120
16.1824 1.9037 -3.9810 80 200 120
-7.8212 22.6800 -7.9443 80 200 120
14.2385 1.9796 -4.9225 80 200 120
13.9147 2.4106 -4.9031 80 200 120
12.4356 2.2662 -3.5585 80 200 120
11.9620 2.4852 -4.4662 80 200 120
13.8483 3.2900 -4.5823 80 200 120
13.0056 3.5350 -4.1232 80 200 120
13.5815 3.3003 -4.7817 80 200 120
14.5245 1.3617 -4.9235 80 200 120
14.3660 3.0313 -3.2521 80 200 120
14.1649 0.4519 -4.8907 80 200 120
13.6225 1.9332 -4.9527 80 200 120
13.7620 3.1610 -4.2325 80 200 120
14.0599 0.3102 -4.9138 80 200 120
12.3982 3.0894 -2.2700 80 200 120
-5.6034 22.8576 -7.4233 80 200 120
14.5041 1.0219 -4.4913 80 200 120
13.8679 -0.0886 -4.8538 80 200 120
14.4266 0.8599 -3.8907 80 200 120
14.3155 0.6758 -4.9765 80 200 120
14.4921 0.9463 -3.9188 80 200 120
13.5088 3.1690 -3.7252 80 200 120
16.6385 -3.2399 -4.9794 80 200 120
15.0835 -1.4773 -4.3256 80 200 120
15.0895 -1.9561 -4.5936 80 200 120
15.1588 -1.2519 -4.2826 80 200 120
14.1850 -3.1959 -4.6205 80 200 120
15.9539 -0.3505 -3.6772 80 200 120
15.7846 -1.6946 -3.6231 80 200 120
15.6768 0.4063 -4.1917 80 200 120
17.4449 0.7900 -4.3855 80 200 120
17.3820 0.7914 -3.8218 80 200 120
16.6821 -0.9748 -3.7302 80 200 120
17.9039 -2.1577 -3.9635 80 200 120
13.8946 -0.0442 -4.7250 80 200 120
15.2305 -0.1283 -4.0898 80 200 120
12.8686 -1.8632 -5.0474 80 200 120
13.9017 -0.0675 -4.5373 80 200 120
13.9237 -2.3214 -4.9420 80 200 120
13.9002 -0.1926 -3.9198 80 200 120
14.0189 -2.5504 -4.9189 80 200 120
14.0656 -2.5861 -4.9007 80 200 120
14.6226 -4.4826 -5.2234 80 200 120
17.1477 -7.3621 -4.7906 80 200 120
3.9991 23.5343 6.3459 80 200 120
9.5762 -1.4083 -4.3229 80 200 120
-21.4989 18.0191 -4.3899 80 200 120
10.9876 0.0009 -4.2097 80 200 120
13.2446 3.2210 -2.7573 80 200 120
-41.7606 -46.4511 15.2154 80 200 120
15.3145 -3.1459 -1.8566 80 200 120
12.1374 -4.8121 -2.1785 80 200 120
15.8581 -3.1041 -2.0435 80 200 120
15.3983 -3.7637 -1.8627 80 200 120
15.5340 -3.2242 -1.9771 80 200 120
15.0736 -2.6691 -4.5678 80 200 120
12.2955 -3.4849 -4.0466 80 200 120
12.2555 -4.2742 -3.7439 80 200 120
15.5294 -1.5365 -4.3244 80 200 120
10.1838 -0.5859 -1.8810 80 200 120
14.6830 -7.5541 -4.5005 80 200 120
17.0085 -4.2237 -3.4154 80 200 120
17.4055 0.5233 -4.1255 80 200 120
14.0055 3.0429 -2.9421 80 200 120
14.9175 2.5687 -2.4246 80 200 120
17.6612 1.0989 -3.4842 80 200 120
14.8188 2.6418 -3.3021 80 200 120
16.6829 0.2766 -3.5632 80 200 120
16.4574 0.2150 -3.7822 80 200 120
14.3692 2.7994 -3.1905 80 200 120
-17.0331 16.8431 -6.4570 80 200 120
11.4363 -0.1836 -4.4038 80 200 120
14.2127 -3.3386 -4.5618 80 200 120
15.6320 -1.9412 -4.4802 80 200 120
15.3407 -1.9569 -4.5308 80 200 120
15.1985 -1.3166 -4.3141 80 200 120
13.9733 -2.4711 -4.9568 80 200 120
16.5478 -0.1553 -3.6135 80 200 120
12.8967 -1.7779 -4.4778 80 200 120
16.6455 -0.4086 -3.6401 80 200 120
17.9159 0.7231 -3.4893 80 200 120
17.8648 0.8681 -2.2777 80 200 120
14.3929 0.7453 -4.9083 80 200 120
14.4789 0.8572 -4.9339 80 200 120
15.3870 0.1329 -4.1211 80 200 120
15.5971 2.0747 -4.8131 80 200 120
15.7645 1.8750 -4.8419 80 200 120
16.2865 1.6614 -4.7649 80 200 120
15.5149 0.2495 -4.1305 80 200 120
16.4357 1.4309 -4.7564 80 200 120
17.2284 1.2563 -3.5333 80 200 120
15.4010 2.1932 -4.8364 80 200 120
17.3648 1.1423 -2.2934 80 200 120
17.4070 0.0184 -2.1955 80 200 120
13.9707 0.0372 -4.8011 80 200 120
14.5079 0.9484 -4.2616 80 200 120
13.2164 -3.9011 -3.9207 80 200 120
13.8198 -8.1490 -3.5807 80 200 120
14.5125 0.9537 -4.1121 80 200 120
14.3918 -1.7727 -4.7225 80 200 120
13.7705 -3.2952 -4.8046 80 200 120
14.3728 -3.2829 -4.9105 80 200 120
13.8574 -1.7762 -4.8397 80 200 120
14.1565 -2.8045 -4.8518 80 200 120
13.6642 -1.5920 -4.7723 80 200 120
13.5131 -1.1975 -4.8774 80 200 120
8.9034 -2.8490 -1.7845 80 200 120
16.1800 -3.1827 -4.8501 80 200 120
13.9533 -3.6269 -2.4788 80 200 120
9.4249 -1.8908 -1.8194 80 200 120
9.9702 -0.7306 -1.8390 80 200 120
14.6615 -0.4174 -3.8960 80 200 120
8.6225 -3.5768 -1.8929 80 200 120
13.9293 0.0161 -4.7926 80 200 120
11.1907 -0.1749 -4.2548 80 200 120
8.9190 -2.7797 -4.7185 80 200 120
-17.5659 -19.7810 17.3893 80 200 120
13.2723 3.2270 -2.9443 80 200 120
11.8557 0.5347 -4.2833 80 200 120
4.7749 23.8132 6.8222 80 200 120
-0.9862 25.8596 8.0698 80 200 120
2.5425 22.3141 5.5662 80 200 120
-10.7754 33.8610 15.0097 80 200 120
5.4240 25.9600 8.0593 80 200 120
10.1589 -5.5618 -1.6622 80 200 120
-12.9489 28.3899 -5.4378 80 200 120
12.9845 1.9483 -3.0880 80 200 120
12.7913 2.4059 -2.5590 80 200 120
12.8815 -3.7044 -3.8650 80 200 120
14.9404 -2.3757 -4.9042 80 200 120
14.6762 -3.0233 -4.8428 80 200 120
10.6923 -4.4578 -4.6280 80 200 120
9.9575 -3.9013 -4.4812 80 200 120
13.9679 -3.3018 -4.3514 80 200 120
8.1414 -2.8628 -2.5844 80 200 120
15.6394 -1.2408 -3.9528 80 200 120
10.1234 -6.0499 -3.9252 80 200 120
13.8784 -3.4271 -4.9390 80 200 120
11.1970 -4.2995 -4.7402 80 200 120
16.3481 -3.7875 -5.0588 80 200 120
7.6936 -5.0804 -3.8266 80 200 120
14.8910 -0.6796 -3.7383 80 200 120
15.1125 -2.0859 -4.2564 80 200 120
12.7254 -3.3168 -4.0751 80 200 120
-14.7286 16.4192 -9.9136 80 200 120
-15.5654 14.3664 -6.1639 80 200 120
0.8184 31.3052 -5.0140 80 200 120
11.6395 -0.2027 -4.9312 80 200 120
11.3941 0.4364 -4.3010 80 200 120
0.3342 30.7659 -3.2286 80 200 120
-16.5320 16.9743 -8.3074 80 200 120
-0.8153 30.2888 -5.2811 80 200 120
11.3773 0.2606 -4.3683 80 200 120
-13.4628 14.4839 -10.4540 80 200 120
-19.4606 18.6297 -6.4658 80 200 120
-4.7541 20.5136 -7.7732 80 200 120
-4.5907 26.1899 -7.1521 80 200 120
-1.5929 24.8222 -6.5817 80 200 120
-7.6430 26.0312 -7.9263 80 200 120
-5.5097 18.3903 -8.0127 80 200 120
13.6043 -0.4529 -5.0992 80 200 120
0.6161 27.7607 -6.0927 80 200 120
-17.3199 11.4743 -11.1472 80 200 120
11.8925 -0.3600 -4.8326 80 200 120
0.7373 30.3051 -0.9264 80 200 120
0.1986 24.2654 -6.5209 80 200 120
-9.5990 14.8214 -9.4668 80 200 120
13.0370 3.2368 -2.8408 80 200 120
13.4182 -0.3101 -4.9693 80 200 120
-6.8673 15.5475 -8.7340 80 200 120
-1.9791 23.0502 -6.5646 80 200 120
-3.7618 27.2981 -2.5975 80 200 120
-6.7338 27.3788 -3.7506 80 200 120
12.9823 0.2159 -4.6392 80 200 120
-1.7061 21.0930 -6.8204 80 200 120
-2.5587 29.9106 -5.4096 80 200 120
-1.3547 26.6797 0.5704 80 200 120
-0.1138 12.6674 -7.4959 80 200 120
-2.8399 26.0595 5.3076 80 200 120
-2.6472 28.0618 3.9365 80 200 120
-0.7636 26.5409 -6.1692 80 200 120
-2.7258 27.0457 -6.4375 80 200 120
-9.9148 25.2893 -5.6289 80 200 120
-8.7676 16.0707 -9.1666 80 200 120
-6.7507 25.9678 -2.1097 80 200 120
10.5084 0.5602 -4.0000 80 200 120
-5.1908 24.4524 -7.4493 80 200 120
-9.6112 12.3960 -10.1408 80 200 120
-6.5457 17.0683 -8.3677 80 200 120
10.0896 -0.1883 -4.5304 80 200 120
-0.9266 23.2486 -6.6743 80 200 120
1.1704 16.7111 -7.7790 80 200 120
1.4522 29.0410 -5.2838 80 200 120
13.5934 0.2260 -4.8485 80 200 120
12.4109 -0.2972 -4.7462 80 200 120
-0.0705 16.0878 -7.9711 80 200 120
13.2400 -0.4609 -4.9950 80 200 120
13.7398 0.1610 -5.0087 80 200 120
-0.6082 25.3224 2.2618 80 200 120
0.3969 19.8428 -6.8295 80 200 120
-1.8923 28.7059 -6.1498 80 200 120
12.6313 0.0615 -4.7786 80 200 120
-2.6586 15.6217 -7.3320 80 200 120
13.9186 0.5659 -4.8260 80 200 120
5.9041 28.6884 -5.3610 80 200 120
2.7306 26.8505 -5.9796 80 200 120
-13.6536 18.2645 -9.4185 80 200 120
4.5365 28.3567 -0.1610 80 200 120
2.6650 30.2313 -5.0340 80 200 120
13.7164 -0.5307 -4.8981 80 200 120
13.9755 0.0041 -4.9418 80 200 120
4.6669 28.8486 -4.7356 80 200 120
13.8963 3.0281 -3.6195 80 200 120
12.3977 -0.0760 -4.7204 80 200 120
12.9068 0.0239 -4.7056 80 200 120
2.2994 24.5480 -6.3817 80 200 120
2.7495 22.6402 -6.5080 80 200 120
2.0649 28.2365 1.4416 80 200 120
14.2215 2.8252 -3.9775 80 200 120
3.8744 27.1372 -5.8339 80 200 120
5.4206 29.0388 -3.5575 80 200 120
7.0796 27.5821 -3.2423 80 200 120
-5.1095 12.8445 -9.1827 80 200 120
11.4154 -0.7057 -4.7602 80 200 120
6.4056 22.4066 -6.3931 80 200 120
6.7362 24.9581 -6.0218 80 200 120
13.4898 -0.7499 -4.9632 80 200 120
14.0214 0.3504 -5.2156 80 200 120
4.9717 25.0562 -6.0118 80 200 120
8.9079 26.4685 -5.7215 80 200 120
7.6476 26.7136 -5.1166 80 200 120
13.0818 -0.6769 -5.0320 80 200 120
5.8639 27.1229 -5.7912 80 200 120
10.0925 -0.4476 -4.5748 80 200 120
15.7211 -3.8687 -5.0874 80 200 120
15.4387 -2.1447 -4.6399 80 200 120
13.0700 -2.8662 -0.3668 80 200 120
13.6925 -3.4065 -3.9601 80 200 120
13.3679 -2.2352 -3.9295 80 200 120
15.4220 0.8500 -4.1888 80 200 120
16.9390 1.3774 -2.2768 80 200 120
14.5190 0.9389 -4.4542 80 200 120
13.4932 -1.5460 -4.4880 80 200 120
13.5324 -1.3332 -4.8466 80 200 120
13.6645 -1.6697 -4.5953 80 200 120
13.5666 -2.2635 -4.4789 80 200 120
14.4254 -3.9521 -5.0040 80 200 120
13.6630 -2.9602 -4.7386 80 200 120
13.8301 -3.1561 -4.6643 80 200 120
14.0831 -2.9980 -4.9181 80 200 120
13.3299 -1.5248 -4.6929 80 200 120
14.1802 -3.0782 -4.7681 80 200 120
13.9069 -0.2747 -4.2862 80 200 120
9.2642 -0.2038 -2.8877 80 200 120
9.2576 -4.3274 -1.8240 80 200 120
13.6423 -0.5112 -4.7784 80 200 120
3.2749 15.3958 -6.2470 80 200 120
4.4751 13.2323 -5.9208 80 200 120
13.9735 0.0285 -3.8208 80 200 120
15.8489 -4.8917 -5.7960 80 200 120
-12.5223 7.3552 15.7442 80 200 120
-1.0082 24.9892 4.0172 80 200 120
-5.0119 29.4014 0.7227 80 200 120
12.1317 -4.4289 -2.2678 80 200 120
-4.5910 31.2727 -0.0545 80 200 120
10.1199 -6.6552 -2.7950 80 200 120
-2.0183 30.3665 1.0432 80 200 120
-7.8991 30.1712 -1.7946 80 200 120
9.4808 -2.5181 -4.9467 80 200 120
2.1308 22.4542 5.4487 80 200 120
9.7787 -1.5351 -4.3656 80 200 120
-31.5328 50.9375 29.4193 80 200 120
11.7459 -4.4661 -2.1808 80 200 120
-20.9046 7.4343 -4.5980 80 200 120
14.3540 2.3146 -2.4256 80 200 120
-18.1064 18.5529 -2.4476 80 200 120
9.5801 -6.3171 -2.9592 80 200 120
-48.3772 57.4430 39.0071 80 200 120
5.9858 -5.5201 -4.0174 80 200 120
9.2078 -5.8649 -2.4620 80 200 120
12.1751 -7.2524 -2.4606 80 200 120
14.1033 -2.7241 -4.9479 80 200 120
7.2291 -4.8854 -1.9835 80 200 120
16.9559 -4.4068 -4.4314 80 200 120
14.9989 -4.8038 -4.5950 80 200 120
14.2726 -3.5788 -4.9173 80 200 120
8.2558 -6.0090 -4.1832 80 200 120
14.9208 -8.2858 -3.1334 80 200 120
-9.8342 10.9055 13.3199 80 200 120
13.1286 -3.0708 -4.2110 80 200 120
13.1629 -4.2686 -3.9534 80 200 120
13.5498 -1.9514 -4.3196 80 200 120
13.4161 -5.0749 -4.2092 80 200 120
16.1817 -2.4093 -4.7095 80 200 120
15.1461 -2.3113 -4.6131 80 200 120
15.1092 -1.3358 -3.6837 80 200 120
13.4048 -3.2392 -4.2036 80 200 120
13.7492 2.8043 -2.4173 80 200 120
12.4874 1.9920 -2.4101 80 200 120
2.9651 44.7172 -1.5300 80 200 120
13.9329 2.7738 -3.0269 80 200 120
13.3920 3.0001 -2.5614 80 200 120
12.5082 1.7495 -2.6476 80 200 120
12.8620 3.0042 -2.6843 80 200 120
2.5146 25.2534 7.3788 80 200 120
13.8293 2.8102 -2.5440 80 200 120
5.8121 22.1864 9.4827 80 200 120
13.1552 1.7640 -2.1988 80 200 120
12.4005 2.4529 -2.8950 80 200 120
3.4363 25.1317 3.8330 80 200 120
13.6702 2.8610 -2.7172 80 200 120
3.6259 22.6621 8.7226 80 200 120
5.4577 22.9756 8.8250 80 200 120
13.2037 1.6558 -3.3071 80 200 120
13.4692 2.9404 -2.8409 80 200 120
1.7816 23.7980 6.6733 80 200 120
4.6285 22.2693 8.8752 80 200 120
3.3610 20.9986 9.5629 80 200 120
12.6037 2.1064 -2.6356 80 200 120
13.5390 2.8927 -2.4226 80 200 120
1.9269 21.8054 7.8059 80 200 120
4.6734 21.6527 9.4073 80 200 120
13.6517 2.2929 -2.4648 80 200 120
12.6447 1.7671 -2.8175 80 200 120
3.8628 21.9053 9.4950 80 200 120
14.4232 2.4391 -2.4007 80 200 120
14.8331 2.1925 -2.3427 80 200 120
14.0068 2.7135 -2.3320 80 200 120
15.0812 2.0290 -2.3823 80 200 120
14.2802 2.5773 -3.3191 80 200 120
14.5509 2.4170 -2.7469 80 200 120
6.6558 27.2755 2.2867 80 200 120
14.1740 2.4788 -2.3625 80 200 120
5.2192 26.2954 2.3169 80 200 120
14.5791 2.2294 -2.3596 80 200 120
8.2251 27.4525 1.8945 80 200 120
6.5859 20.2231 9.7944 80 200 120
14.5801 2.3828 -3.1784 80 200 120
14.8551 2.2421 -2.5416 80 200 120
13.8531 2.5978 -2.2558 80 200 120
13.9719 2.7331 -2.6664 80 200 120
14.8396 2.0500 -3.7601 80 200 120
14.4676 2.2187 -3.7585 80 200 120
6.0282 27.0525 3.4994 80 200 120
14.7876 2.2540 -2.8221 80 200 120
14.3379 2.5168 -2.7544 80 200 120
10.9180 26.8541 1.2857 80 200 120
14.6796 2.3413 -2.9168 80 200 120
14.6612 2.3291 -3.3274 80 200 120
14.1698 2.6485 -2.9422 80 200 120
14.6518 1.7068 -3.7924 80 200 120
4.4772 23.8326 8.7911 80 200 120
3.2744 23.8363 4.3140 80 200 120
14.4731 2.3913 -3.6505 80 200 120
14.7720 2.2403 -3.3201 80 200 120
8.2971 20.7186 10.2640 80 200 120
14.8122 1.9188 -2.3203 80 200 120
12.8878 2.0690 -2.1291 80 200 120
15.0191 2.1315 -2.5047 80 200 120
14.4650 2.5031 -2.9417 80 200 120
3.4405 15.3843 -7.4522 80 200 120
4.5319 28.4553 -1.4512 80 200 120
-4.1870 25.4409 1.7922 80 200 120
-6.4187 21.1855 -8.0231 80 200 120
-4.9571 30.6828 4.6499 80 200 120
3.4223 29.2763 -1.7537 80 200 120
-5.5302 27.7008 -6.6407 80 200 120
6.2878 21.1422 -7.0825 80 200 120
7.9109 20.5993 -7.1257 80 200 120
10.4781 25.5433 -5.7110 80 200 120
4.8502 21.3644 -6.9752 80 200 120
-3.5225 26.5611 -0.0449 80 200 120
15.4624 22.7913 -6.6507 80 200 120
12.4327 19.3177 -7.2020 80 200 120
13.8304 23.3859 -6.3978 80 200 120
13.1396 2.9590 -2.8732 80 200 120
13.3390 3.3832 -2.2331 80 200 120
14.2442 -3.8175 -4.7739 80 200 120
14.1163 -1.1208 -4.2745 80 200 120
3.9422 9.1050 -0.3497 80 200 120
12.1137 -5.6763 -2.8857 80 200 120
-20.0259 66.0736 -29.5537 80 200 120
14.8348 -7.2972 -3.4449 80 200 120
14.1318 -6.7492 -1.9118 80 200 120
15.2392 -7.2546 -2.7138 80 200 120
14.6198 -6.7703 -1.8567 80 200 120
10.0421 -6.4368 -2.2517 80 200 120
11.7754 -4.3186 -2.2361 80 200 120
0.4461 13.6590 -6.7638 80 200 120
12.1217 2.1462 -4.9679 80 200 120
10.3170 -0.4376 -2.0922 80 200 120
-0.4850 27.7308 3.3553 80 200 120
2.5203 21.2034 5.8020 80 200 120
1.1214 24.6936 3.6376 80 200 120
12.9602 -2.4885 -2.0033 80 200 120
-18.5193 10.7055 -3.4789 80 200 120
9.5033 -1.1634 -2.3662 80 200 120
9.2746 -1.3473 -1.6861 80 200 120
8.1839 -3.5736 -2.1658 80 200 120
14.7138 -3.9244 -5.1460 80 200 120
7.7638 -3.8846 -2.8797 80 200 120
15.1542 -4.5120 -5.1363 80 200 120
12.8061 -7.9294 -3.6870 80 200 120
1.3994 21.7635 5.3818 80 200 120
15.3206 1.8495 -2.6887 80 200 120
13.0005 1.7829 -3.0956 80 200 120
14.9692 2.1069 -3.2053 80 200 120
15.4247 1.9133 -2.8626 80 200 120
12.3848 2.2602 -2.7826 80 200 120
14.8218 1.5951 -2.2475 80 200 120
7.8697 19.5927 10.8379 80 200 120
14.9956 2.1460 -2.7176 80 200 120
15.1293 2.0432 -2.7545 80 200 120
14.2042 1.9421 -2.2438 80 200 120
15.8422 1.5626 -2.3588 80 200 120
15.1022 1.8995 -3.6599 80 200 120
11.9489 1.5964 -2.2829 80 200 120
15.6706 1.7264 -2.3357 80 200 120
15.5247 1.8499 -3.2124 80 200 120
15.6887 1.6611 -3.0180 80 200 120
15.2534 2.0034 -2.8671 80 200 120
15.8489 1.7206 -3.5846 80 200 120
13.9269 0.4731 -4.3287 80 200 120
11.8005 18.1700 -7.9077 80 200 120
11.4899 -0.0773 -4.3432 80 200 120
10.9267 -0.4589 -4.4539 80 200 120
0.7030 22.4276 -7.1926 80 200 120
12.5509 22.6882 -6.7210 80 200 120
14.7945 20.6716 -7.0533 80 200 120
10.6558 24.2092 -6.3766 80 200 120
3.1505 28.8037 1.0905 80 200 120
-3.0831 20.1423 -7.5120 80 200 120
-11.4439 25.2578 -4.8509 80 200 120
2.0598 26.2060 -6.1156 80 200 120
14.4375 0.6093 -3.9724 80 200 120
11.1075 -1.2019 -5.0209 80 200 120
8.0561 16.4047 -5.4281 80 200 120
14.4451 0.6202 -4.3169 80 200 120
11.4756 -0.5159 -4.4330 80 200 120
16.0670 1.1078 -4.7182 80 200 120
16.1970 1.3964 -5.0897 80 200 120
11.6460 -0.2671 -4.4395 80 200 120
15.7400 1.6089 -4.9011 80 200 120
14.6431 0.6918 -4.0574 80 200 120
1.2809 21.0141 -7.2369 80 200 120
1.6255 22.7350 -6.8152 80 200 120
-16.2515 14.4652 -10.5408 80 200 120
-19.1669 22.8925 -6.1605 80 200 120
10.1456 17.9156 -7.7765 80 200 120
13.3574 -1.8968 -4.9348 80 200 120
13.4018 -2.0048 -4.7745 80 200 120
3.0104 15.4912 -5.5223 80 200 120
12.9853 -2.0712 -5.1194 80 200 120
2.4067 12.5878 -1.5421 80 200 120
1.0438 9.3873 -2.4987 80 200 120
0.7932 10.1936 -3.9586 80 200 120
15.4864 -5.8304 -3.5925 80 200 120
16.1254 -12.6521 -2.1200 80 200 120
2.2551 12.1182 -3.9185 80 200 120
12.5163 -0.9993 -4.8794 80 200 120
-0.9656 8.2025 -3.5451 80 200 120
0.4812 11.0940 -4.0786 80 200 120
0.3785 14.0722 -4.8912 80 200 120
-7.1397 12.9840 -4.1535 80 200 120
12.6183 -0.5092 -4.7402 80 200 120
-0.5334 11.2228 -4.0138 80 200 120
-3.5450 8.3619 -4.3789 80 200 120
-1.4828 10.3524 -4.0398 80 200 120
12.5135 -1.4499 -4.8853 80 200 120
14.8485 -4.5665 -4.7433 80 200 120
-0.9774 12.2233 -4.3446 80 200 120
1.1642 8.4852 -2.2024 80 200 120
-0.2881 11.9710 -4.7371 80 200 120
1.6929 25.0819 -5.3556 80 200 120
13.4646 -3.3887 -4.6109 80 200 120
2.0705 12.5151 -5.5288 80 200 120
13.4187 -3.2155 -4.2170 80 200 120
-0.6738 13.7297 -4.3740 80 200 120
1.2147 22.2793 -5.7053 80 200 120
-0.2298 20.7290 -5.7732 80 200 120
2.7668 25.0708 -6.4937 80 200 120
13.3044 -2.3222 -4.0324 80 200 120
15.4981 -3.7097 -4.1512 80 200 120
15.5582 -5.4358 -4.2911 80 200 120
13.5786 -4.0744 -4.1277 80 200 120
13.8747 -3.5146 -4.3470 80 200 120
14.7488 -3.9293 -5.1462 80 200 120
5.6853 29.6859 -6.0571 80 200 120
9.8986 28.3584 -6.9876 80 200 120
7.3795 26.1284 -6.9003 80 200 120
-2.5719 7.6780 -4.2707 80 200 120
16.1423 -4.8868 -2.8967 80 200 120
6.7525 23.3842 -7.1276 80 200 120
4.1093 28.8531 -4.8992 80 200 120
1.1572 11.0696 -4.6202 80 200 120
2.9691 12.7624 -3.0126 80 200 120
6.5942 21.8189 -7.5263 80 200 120
-2.3757 10.7409 -4.2781 80 200 120
4.7354 25.6881 -6.3636 80 200 120
1.3105 23.7022 -5.6076 80 200 120
16.4702 -6.5710 -6.0760 80 200 120
3.0687 12.5445 -5.0571 80 200 120
16.6798 -5.1237 -3.2311 80 200 120
0.4957 9.6689 -3.4227 80 200 120
6.9151 20.3303 -7.7017 80 200 120
7.7351 27.9578 -5.8663 80 200 120
1.1387 16.9342 -5.8881 80 200 120
2.3094 26.5368 -5.7322 80 200 120
20.0060 -9.9483 -7.3634 80 200 120
13.8657 0.4312 -4.5185 80 200 120
11.8173 -4.3568 -4.0983 80 200 120
12.0750 -6.4540 -3.2446 80 200 120
13.8373 0.1805 -4.6037 80 200 120
13.8179 -1.8526 -4.9509 80 200 120
14.0844 0.0372 -4.9638 80 200 120
14.0907 0.0258 -4.3995 80 200 120
12.3962 1.3135 -4.9918 80 200 120
12.1072 1.1468 -4.9916 80 200 120
3.4446 12.4139 -3.6857 80 200 120
12.1362 -0.3715 -4.9410 80 200 120
12.6349 1.4623 -4.9899 80 200 120
13.0741 0.2112 -2.1364 80 200 120
9.3129 -2.7931 -3.2939 80 200 120
11.8610 -0.1149 -2.0254 80 200 120
12.2778 -4.2615 -2.1585 80 200 120
11.9622 2.0984 -3.6878 80 200 120
8.5508 -3.5728 -4.3668 80 200 120
9.8096 -2.1033 -3.4130 80 200 120
11.4430 0.2360 -4.3679 80 200 120
9.2259 -3.0627 -3.7730 80 200 120
12.7340 -7.8840 -2.5783 80 200 120
13.1008 -2.7754 -4.0692 80 200 120
7.7012 -4.8102 -2.5737 80 200 120
4.6833 6.7575 1.9353 80 200 120
17.6687 -3.1113 -4.0640 80 200 120
14.6971 -0.8475 -3.5157 80 200 120
13.8060 -3.3163 -4.2801 80 200 120
5.3342 -7.7724 -4.1711 80 200 120
11.8298 -4.4668 -4.7574 80 200 120
2.0738 24.6791 4.5213 80 200 120
1.5651 19.6568 4.7329 80 200 120
3.0477 25.5305 2.9769 80 200 120
0.8433 20.1777 6.3698 80 200 120
4.4063 26.9119 1.6570 80 200 120
3.7247 27.8448 1.3906 80 200 120
16.2877 1.1556 -2.4222 80 200 120
16.3164 1.2687 -2.6146 80 200 120
16.4688 0.9233 -2.4065 80 200 120
16.5201 0.9374 -3.0604 80 200 120
15.4320 0.7506 -2.2582 80 200 120
17.1127 0.7170 -2.3458 80 200 120
17.1724 0.8879 -3.6481 80 200 120
16.6671 0.8456 -2.8234 80 200 120
4.8083 33.4064 -1.9748 80 200 120
16.2307 1.3107 -3.1026 80 200 120
4.8706 15.7400 -8.3073 80 200 120
13.9745 -0.1296 -5.0482 80 200 120
8.2921 16.3895 -7.8389 80 200 120
14.3947 0.5633 -4.1630 80 200 120
8.9546 24.2473 -6.4643 80 200 120
7.1910 19.8353 -7.5422 80 200 120
3.6819 12.8534 2.1959 80 200 120
15.9934 -7.1157 -6.0783 80 200 120
15.1772 1.7558 -4.8695 80 200 120
5.7951 23.2852 -7.2070 80 200 120
15.3993 1.6707 -4.8389 80 200 120
14.5818 1.1021 -4.9376 80 200 120
14.5480 1.3890 -4.9090 80 200 120
1.7623 28.8459 -5.2876 80 200 120
17.0377 -5.1204 -3.4722 80 200 120
14.3786 1.3794 -4.9467 80 200 120
2.5939 13.9377 1.8102 80 200 120
12.7589 -2.2075 -4.5776 80 200 120
15.5547 1.4596 -4.8860 80 200 120
3.3905 14.3684 -2.8441 80 200 120
14.9122 1.0944 -4.9214 80 200 120
-2.7869 13.0321 -3.9263 80 200 120
2.0519 12.3500 -1.4470 80 200 120
12.1948 -2.9025 -4.9881 80 200 120
3.3813 14.7255 -4.0584 80 200 120
5.2153 16.6798 -5.1991 80 200 120
4.0271 16.4700 -7.3742 80 200 120
11.8549 1.5362 -5.0119 80 200 120
15.6566 -4.3030 -4.1881 80 200 120
16.2817 -7.2661 -4.5633 80 200 120
15.1063 -5.2366 -4.2113 80 200 120
10.2604 -6.5510 -4.8706 80 200 120
9.8067 -1.4331 -2.2121 80 200 120
-17.8113 30.5932 -14.5576 80 200 120
9.5849 0.0518 -2.5744 80 200 120
2.7181 13.2180 0.4078 80 200 120
9.9278 -1.0880 -2.5237 80 200 120
9.9291 -1.1518 -2.0012 80 200 120
-1.1227 22.0249 9.6123 80 200 120
12.7601 -1.3172 -2.0833 80 200 120
11.4090 0.5442 -4.1702 80 200 120
-8.1475 21.7727 -0.8413 80 200 120
11.0040 0.3059 -2.1222 80 200 120
-10.8373 16.0064 -2.8964 80 200 120
-0.0613 21.8528 3.1284 80 200 120
0.9521 19.7914 6.1558 80 200 120
12.4828 1.8969 -2.4477 80 200 120
14.0534 2.2373 -2.4157 80 200 120
11.2091 -0.4960 -4.3460 80 200 120
11.6886 -4.9298 -2.2176 80 200 120
10.6517 -0.2543 -3.5056 80 200 120
13.5180 -8.9293 -3.0979 80 200 120
8.3120 -3.7504 -2.3128 80 200 120
10.9368 -5.2068 -4.9948 80 200 120
15.4841 -1.2291 -2.4069 80 200 120
9.0440 -6.4724 -2.6695 80 200 120
13.6956 -2.1529 -4.2933 80 200 120
15.8644 -2.6370 -3.8504 80 200 120
14.2098 -2.0624 -4.5176 80 200 120
2.7154 33.9393 -0.6390 80 200 120
2.1872 24.9808 3.5723 80 200 120
15.8952 1.2090 -4.0187 80 200 120
16.5144 0.5733 -3.1643 80 200 120
16.4512 0.7816 -3.9079 80 200 120
15.8018 1.3456 -2.6011 80 200 120
15.5538 0.1380 -2.3883 80 200 120
8.1305 31.0448 -2.8285 80 200 120
16.6623 0.0623 -2.3873 80 200 120
-16.5267 19.5968 -7.8798 80 200 120
12.7591 2.5709 -3.2983 80 200 120
-0.8701 23.6029 3.0868 80 200 120
6.9417 15.4508 -7.3710 80 200 120
11.6313 -0.7582 -4.9268 80 200 120
-25.1831 9.9888 -10.7379 80 200 120
5.0444 15.8957 -5.2799 80 200 120
-35.7343 11.4291 -13.8978 80 200 120
15.9620 1.0606 -5.0220 80 200 120
17.0880 22.0600 -6.4360 80 200 120
11.3688 -0.1450 -4.3664 80 200 120
12.5136 -1.0775 -4.7617 80 200 120
12.8291 2.7215 -2.9245 80 200 120
12.7577 -0.3906 -4.8255 80 200 120
11.9630 -0.8212 -4.7553 80 200 120
12.7302 -0.5771 -4.8512 80 200 120
2.6600 30.5990 -5.1577 80 200 120
2.8188 13.9771 1.9395 80 200 120
13.3568 -2.1732 -4.4439 80 200 120
15.5175 -2.9174 -4.7942 80 200 120
14.4509 0.3918 -4.7774 80 200 120
14.5331 0.6966 -4.3326 80 200 120
3.4734 13.8231 -1.3640 80 200 120
15.8924 1.2085 -4.0271 80 200 120
14.9415 1.3890 -4.9314 80 200 120
14.4351 0.3482 -4.0706 80 200 120
14.9641 -5.7919 -4.2680 80 200 120
13.5559 -3.9489 -4.0703 80 200 120
15.9214 1.0537 -4.9405 80 200 120
13.8824 -3.9829 -4.9404 80 200 120
13.8223 -0.0024 -3.5582 80 200 120
16.1508 0.8623 -4.8216 80 200 120
15.1928 -1.8098 -3.9787 80 200 120
-16.1183 27.7394 -14.9158 80 200 120
11.9440 0.7115 -4.4561 80 200 120
15.6964 -2.9797 -4.7773 80 200 120
13.9547 -7.7545 -1.8763 80 200 120
2.8130 13.6990 1.5063 80 200 120
13.7710 0.1693 -4.7991 80 200 120
2.6875 13.6218 1.0097 80 200 120
2.8660 12.3267 -4.3531 80 200 120
13.8129 -0.5260 -3.9083 80 200 120
10.0908 -3.4614 -5.2497 80 200 120
12.2037 -5.2170 -2.1124 80 200 120
9.5501 -5.1149 -4.3557 80 200 120
1.8021 19.7189 4.5990 80 200 120
-14.4826 15.3656 -3.6882 80 200 120
10.0993 -6.6467 -2.9679 80 200 120
-0.3835 21.7857 3.4413 80 200 120
-2.9292 25.0646 1.4076 80 200 120
-0.3911 26.3630 2.2422 80 200 120
12.9695 2.8117 -2.6064 80 200 120
9.4555 -6.0436 -3.8545 80 200 120
15.6112 -2.8394 -4.6887 80 200 120
15.4843 -1.6235 -4.1483 80 200 120
15.5891 -4.0067 -4.8772 80 200 120
9.8703 -1.4432 -1.9603 80 200 120
14.6650 0.8417 -2.8685 80 200 120
15.5439 -3.0745 -4.4053 80 200 120
8.6227 -5.7214 -3.0937 80 200 120
12.6233 2.4527 -2.6779 80 200 120
1.8046 20.9050 3.9817 80 200 120
17.0756 0.1950 -2.5106 80 200 120
16.3911 0.3096 -3.0466 80 200 120
12.4310 0.9884 -2.6760 80 200 120
16.9980 -0.1745 -2.7433 80 200 120
12.1259 1.5327 -2.3432 80 200 120
-1.2399 23.0528 3.5667 80 200 120
3.8244 14.4494 -8.1048 80 200 120
14.4107 0.2690 -4.4658 80 200 120
16.0088 0.7921 -4.7993 80 200 120
15.8083 0.6714 -4.9712 80 200 120
14.2461 -4.2841 -4.8135 80 200 120
14.5673 -5.4347 -5.3105 80 200 120
13.6966 2.4413 -4.2860 80 200 120
-5.4393 10.7605 -5.1134 80 200 120
12.9727 2.3314 -4.9855 80 200 120
13.6325 2.3372 -4.3501 80 200 120
14.4332 0.2410 -4.4749 80 200 120
16.3006 0.8776 -2.5188 80 200 120
-5.6206 9.5316 -5.2166 80 200 120
16.8577 0.5390 -3.6114 80 200 120
16.2205 0.9576 -2.7449 80 200 120
14.4025 -0.9615 -3.9135 80 200 120
17.0324 0.5064 -3.1608 80 200 120
9.7255 15.8432 -0.5174 80 200 120
12.8731 -2.3246 -4.8369 80 200 120
17.1472 0.3903 -2.4580 80 200 120
16.7287 0.6973 -2.4211 80 200 120
14.6139 -3.6793 -4.6151 80 200 120
13.5390 -8.5458 -3.0205 80 200 120
12.1340 -5.2429 -2.7337 80 200 120
14.3054 -0.4487 -3.8268 80 200 120
12.2482 -7.7940 -1.4848 80 200 120
10.7093 -0.4848 -2.1689 80 200 120
12.3554 1.5114 -2.4540 80 200 120
13.2586 1.9524 -2.3929 80 200 120
13.5317 2.4283 -2.4141 80 200 120
9.7188 -2.5058 -2.1621 80 200 120
15.8595 -5.8509 -4.4380 80 200 120
16.3789 -3.4792 -4.6325 80 200 120
14.5117 -0.9044 -3.5445 80 200 120
15.0382 -3.5756 -5.2162 80 200 120
5.5835 11.3921 0.8155 80 200 120
12.6843 -3.2267 -4.1156 80 200 120
13.2178 -3.2802 -4.1955 80 200 120
15.0905 -4.8149 -5.0835 80 200 120
13.0430 -2.6570 -4.0718 80 200 120
1.5195 20.1776 4.7639 80 200 120
1.1194 20.3107 5.9925 80 200 120
16.1488 0.2774 -3.5449 80 200 120
12.5783 1.2128 -3.2729 80 200 120
16.4882 0.0725 -3.8875 80 200 120
11.6765 1.0589 -2.2733 80 200 120
16.0585 0.0834 -3.5438 80 200 120
16.4469 0.4525 -3.7170 80 200 120
16.5494 0.5293 -3.4246 80 200 120
-10.4651 22.8118 -11.3505 80 200 120
-13.4429 21.5622 -7.2444 80 200 120
-12.2417 24.0496 -7.5276 80 200 120
-5.3024 15.6205 -10.5050 80 200 120
-11.6485 21.9172 -9.8598 80 200 120
-15.1033 11.6318 -14.9735 80 200 120
-19.8226 17.3723 -9.2377 80 200 120
-16.4723 14.3674 -15.1752 80 200 120
-25.7923 19.8202 -10.9519 80 200 120
-10.6118 15.0036 -12.4683 80 200 120
13.3550 -0.4762 -4.9635 80 200 120
-10.5799 11.9985 -13.1002 80 200 120
-0.3315 27.0174 2.4271 80 200 120
-2.7038 15.9981 -9.8158 80 200 120
-5.4354 12.5368 -11.8169 80 200 120
-2.6700 24.8545 2.1833 80 200 120
11.6709 -1.2414 -4.6582 80 200 120
-35.1290 3.8788 -14.9469 80 200 120
12.0583 -0.8139 -4.9824 80 200 120
14.1321 -4.0488 -4.5409 80 200 120
0.3025 -16.7955 -2.8177 80 200 120
2.3552 14.5454 0.0649 80 200 120
12.2894 -0.9012 -4.9264 80 200 120
-1.2664 11.4147 -3.5936 80 200 120
-0.8653 12.9214 -4.2684 80 200 120
2.1874 27.1556 -6.9275 80 200 120
-0.5335 14.3858 -4.3802 80 200 120
1.6064 23.3691 -6.6279 80 200 120
-0.0126 21.5705 -6.4739 80 200 120
1.6955 25.1207 -6.7484 80 200 120
3.0462 28.2473 -6.7237 80 200 120
2.2249 30.3231 -5.9933 80 200 120
2.4443 15.1069 2.2469 80 200 120
-2.9421 13.4390 -4.2162 80 200 120
16.5502 -0.1429 -4.5660 80 200 120
13.9833 0.0424 -3.7445 80 200 120
14.9713 -1.6820 -3.6853 80 200 120
14.3218 0.1160 -4.9131 80 200 120
17.5065 0.2280 -2.9325 80 200 120
13.3423 -2.2565 -4.6212 80 200 120
13.4070 -2.3020 -4.7667 80 200 120
13.0142 -1.4058 -4.9165 80 200 120
12.7054 -1.6622 -4.9557 80 200 120
-9.6392 25.0822 -14.6620 80 200 120
13.2950 -2.4559 -4.3574 80 200 120
2.6403 14.1692 -0.8243 80 200 120
2.4696 15.1754 1.5954 80 200 120
-17.5447 28.4226 -14.1131 80 200 120
-15.3484 26.2048 -9.6587 80 200 120
14.0222 -0.3567 -3.9482 80 200 120
15.8606 -5.0638 -4.3459 80 200 120
13.7320 -0.1482 -4.8079 80 200 120
15.4587 -5.1953 -4.3709 80 200 120
13.8806 -0.0171 -5.0410 80 200 120
13.8351 -0.7431 -3.9587 80 200 120
9.9041 -2.1901 -1.9974 80 200 120
12.5771 -1.8512 -2.1533 80 200 120
10.1368 -3.4880 -4.6226 80 200 120
12.3369 1.2457 -3.1189 80 200 120
10.9509 -1.1617 -4.3616 80 200 120
9.4981 -2.9144 -4.8645 80 200 120
10.5211 -1.7052 -3.0326 80 200 120
14.8573 -6.2222 -4.3969 80 200 120
14.9521 -3.5896 -4.7631 80 200 120
2.8192 -2.4303 -6.2127 80 200 120
13.7658 -3.8747 -4.9284 80 200 120
12.3449 -3.2803 -4.1326 80 200 120
14.6351 -5.0689 -4.9497 80 200 120
14.8625 -1.0530 -3.6073 80 200 120
13.8920 -4.2701 -4.4983 80 200 120
11.8378 -4.7034 -4.0593 80 200 120
2.2383 23.2020 8.2135 80 200 120
5.3776 29.4279 1.4376 80 200 120
1.5721 19.4899 4.2675 80 200 120
16.0286 0.8980 -2.4440 80 200 120
14.9967 -0.2270 -2.9501 80 200 120
12.0741 1.3650 -2.5430 80 200 120
14.0349 1.9688 -4.2685 80 200 120
12.0035 0.0892 -4.9561 80 200 120
11.8031 -0.2618 -4.9162 80 200 120
11.7336 -0.2161 -4.6660 80 200 120
11.7330 -0.7686 -4.9218 80 200 120
-7.1147 15.9795 -11.1920 80 200 120
12.2663 -0.2399 -5.0108 80 200 120
-6.8966 28.5143 -2.9432 80 200 120
12.4348 -0.0866 -5.0105 80 200 120
2.0333 17.2885 -9.3211 80 200 120
0.6992 16.6022 -9.2788 80 200 120
11.8111 -0.4620 -4.9009 80 200 120
-19.0825 13.6735 -9.8507 80 200 120
11.6052 -1.0806 -5.0196 80 200 120
16.1889 0.4410 -4.8744 80 200 120
15.2723 0.3918 -4.9290 80 200 120
-35.3829 14.5197 -14.3721 80 200 120
0.5297 14.7477 -5.0195 80 200 120
-0.3783 12.4165 -3.4665 80 200 120
-3.6238 9.1691 -4.3937 80 200 120
-0.1278 12.9873 -4.3082 80 200 120
5.3155 31.3280 -6.0713 80 200 120
2.8380 14.5378 -1.2868 80 200 120
-2.7547 11.1323 -4.8776 80 200 120
1.4812 17.6272 -6.7435 80 200 120
3.4486 15.2634 -2.4472 80 200 120
2.0255 14.7632 0.4557 80 200 120
17.0627 -0.0254 -3.6273 80 200 120
12.8456 -2.6041 -5.1148 80 200 120
14.1329 -0.1210 -4.7903 80 200 120
14.9711 -1.5303 -3.9767 80 200 120
17.1615 0.1874 -4.9169 80 200 120
16.4010 0.4000 -4.9146 80 200 120
17.2497 -0.0666 -4.4397 80 200 120
13.9857 -0.4575 -3.4948 80 200 120
14.5272 -0.7605 -3.9888 80 200 120
13.3041 -2.3279 -4.9817 80 200 120
16.9382 -0.0385 -3.9148 80 200 120
13.5026 -2.9055 -4.7675 80 200 120
12.7282 -2.0654 -4.9557 80 200 120
12.8129 -2.6223 -5.1005 80 200 120
11.9669 0.2477 -5.0454 80 200 120
11.8355 0.1639 -4.5196 80 200 120
9.3488 -3.3839 -4.6966 80 200 120
3.9119 15.1271 -2.6973 80 200 120
9.8425 -2.8291 -2.6936 80 200 120
9.0795 -3.9974 -2.2389 80 200 120
-20.3259 37.9670 -20.9555 80 200 120
12.2023 -7.5530 -2.6189 80 200 120
15.0591 -1.9725 -4.3574 80 200 120
17.2892 -3.8407 -4.0259 80 200 120
14.0484 -0.4632 -3.7443 80 200 120
14.7844 -7.5072 -3.5639 80 200 120
15.8285 -2.3484 -4.6650 80 200 120
13.7697 -0.7645 -4.8507 80 200 120
-0.6789 22.5280 9.4672 80 200 120
10.9220 -0.2661 -3.9669 80 200 120
11.3859 0.4361 -3.6318 80 200 120
12.1481 1.2520 -2.6423 80 200 120
-21.1491 19.8676 -3.8395 80 200 120
12.6115 2.4689 -3.3209 80 200 120
-18.4303 13.1480 -4.4187 80 200 120
-16.3240 15.0414 -4.3755 80 200 120
13.6555 2.1974 -2.4250 80 200 120
1.4456 21.3116 5.0596 80 200 120
10.6886 -0.9405 -4.3409 80 200 120
13.2337 2.4419 -2.4168 80 200 120
10.2158 -1.3767 -4.0446 80 200 120
12.6995 2.4739 -2.9453 80 200 120
11.5367 -4.3966 -2.0155 80 200 120
10.5388 -1.7436 -3.3053 80 200 120
13.6923 -0.1989 -2.3186 80 200 120
14.1287 -9.3551 -1.9082 80 200 120
13.8362 -7.3217 -1.6077 80 200 120
14.5662 -4.1260 -5.0889 80 200 120
15.9192 -4.9775 -5.1847 80 200 120
14.1820 -5.3262 -4.1875 80 200 120
9.2533 -3.3680 -2.5861 80 200 120
16.2250 0.2114 -3.2155 80 200 120
3.3971 27.6627 3.1085 80 200 120
6.5675 29.3968 2.2231 80 200 120
7.1035 38.8287 -3.8874 80 200 120
15.9963 -0.0425 -3.7803 80 200 120
12.1817 1.3200 -2.6355 80 200 120
14.8762 1.6034 -4.0134 80 200 120
3.6455 35.5714 -0.8555 80 200 120
12.1085 0.0412 -5.0487 80 200 120
11.7595 0.4855 -4.9910 80 200 120
11.6932 0.9976 -5.0292 80 200 120
12.2995 1.9217 -4.5696 80 200 120
12.0380 0.5869 -5.0452 80 200 120
12.3021 0.6851 -5.0064 80 200 120
12.4669 0.0257 -4.9890 80 200 120
11.9356 1.3496 -4.5275 80 200 120
12.8185 0.5564 -5.0356 80 200 120
-1.3445 30.1492 0.1100 80 200 120
-1.2570 25.5775 3.1723 80 200 120
11.6836 0.8890 -4.7255 80 200 120
11.2900 -1.7903 -4.6044 80 200 120
13.1700 0.4010 -4.9998 80 200 120
11.7329 -0.1434 -4.9148 80 200 120
13.6753 -0.1996 -4.9292 80 200 120
-1.2888 24.0048 3.7456 80 200 120
-4.2278 30.4747 -0.9833 80 200 120
9.6746 16.5938 -6.8859 80 200 120
11.2590 0.2502 -4.4789 80 200 120
11.6066 -0.8391 -4.5332 80 200 120
13.9708 -0.1421 -4.8910 80 200 120
-32.9347 1.3452 -11.9335 80 200 120
-124.9748 -24.9285 -40.6885 80 200 120
12.0418 -0.9251 -5.0326 80 200 120
11.5989 -1.9360 -5.1240 80 200 120
5.2015 17.6155 -8.1595 80 200 120
11.3942 -1.5282 -4.8665 80 200 120
3.3179 33.0487 -6.2805 80 200 120
13.6971 -0.2788 -4.8373 80 200 120
13.1389 -2.1443 -5.1000 80 200 120
0.7773 12.9845 -2.7051 80 200 120
12.3841 -1.3951 -5.0098 80 200 120
13.6533 -0.8621 -5.0903 80 200 120
3.6289 26.4892 -7.2933 80 200 120
12.9101 -1.9634 -4.9877 80 200 120
13.8458 -0.8244 -5.0285 80 200 120
13.8921 -0.4867 -5.1048 80 200 120
16.3741 0.7227 -2.4647 80 200 120
13.3267 -2.4212 -4.4941 80 200 120
14.0030 -0.1100 -3.8428 80 200 120
13.1898 -2.3985 -4.6754 80 200 120
11.3682 -1.4983 -4.5521 80 200 120
11.3458 -1.6053 -4.4478 80 200 120
11.1997 -2.3126 -5.0202 80 200 120
9.5059 -2.7236 -4.4250 80 200 120
12.2874 -1.3705 -5.0074 80 200 120
12.2662 -0.0430 -5.0425 80 200 120
13.1227 -4.7735 -4.0458 80 200 120
14.2417 -4.7716 -4.5406 80 200 120
11.3452 -2.5251 -4.9640 80 200 120
11.7094 -0.0306 -4.5455 80 200 120
11.3796 -0.3134 -4.5011 80 200 120
3.1965 14.4314 -1.7619 80 200 120
11.9003 0.3579 -5.0795 80 200 120
3.8716 15.7436 -5.4684 80 200 120
15.4730 -2.5071 -3.8009 80 200 120
14.1210 -0.1410 -4.8989 80 200 120
13.8340 -0.1695 -5.2210 80 200 120
14.2880 -0.0109 -4.8980 80 200 120
11.8124 0.0505 -2.1516 80 200 120
9.8760 -1.6487 -2.2839 80 200 120
10.9671 -2.6000 -2.0111 80 200 120
11.7840 -2.1047 -2.0945 80 200 120
10.2950 -0.3105 -2.7278 80 200 120
10.6871 -1.4182 -2.0526 80 200 120
10.2843 -2.2263 -3.0949 80 200 120
9.7058 -3.1542 -2.0103 80 200 120
10.7533 -4.8217 -1.8171 80 200 120
8.6369 -3.8449 -2.2220 80 200 120
10.1006 -1.3224 -3.3292 80 200 120
9.8798 -2.7092 -2.8767 80 200 120
11.5978 1.3016 -2.4629 80 200 120
12.1346 1.7018 -3.5143 80 200 120
8.2218 -5.6628 -2.7847 80 200 120
9.0918 -5.8455 -3.2251 80 200 120
11.5552 1.0182 -3.2764 80 200 120
12.3312 -1.7247 -2.1213 80 200 120
0.6919 21.3909 6.8153 80 200 120
12.8307 2.4525 -2.4432 80 200 120
9.8098 -3.7966 -4.5178 80 200 120
10.5454 -1.6301 -4.5046 80 200 120
9.6207 -2.5292 -4.8499 80 200 120
12.2003 -4.7166 -2.0216 80 200 120
11.3741 0.8934 -2.4972 80 200 120
11.2960 -2.9494 -2.0233 80 200 120
9.0421 -4.0880 -4.7729 80 200 120
12.6687 -3.4233 -1.8854 80 200 120
11.8729 -4.5028 -1.9080 80 200 120
13.5406 -3.5628 -1.9671 80 200 120
13.6507 -3.9294 -2.0071 80 200 120
14.1908 -4.4239 -1.8914 80 200 120
14.6130 -5.4084 -1.6896 80 200 120
10.1518 -7.4053 -1.7323 80 200 120
13.8852 -6.0633 -5.7992 80 200 120
12.5706 -3.7819 -4.2349 80 200 120
16.4725 -0.0070 -2.6171 80 200 120
9.8729 -3.2080 -2.8965 80 200 120
17.5830 -3.0022 -4.1013 80 200 120
14.7474 -1.8097 -3.9538 80 200 120
12.5327 2.3697 -2.4042 80 200 120
1.5304 22.4259 4.2968 80 200 120
1.2110 20.1508 4.8580 80 200 120
13.5281 1.2040 -2.2512 80 200 120
12.5651 1.0208 -2.2521 80 200 120
13.7409 1.0922 -2.2643 80 200 120
13.7384 0.8975 -2.2630 80 200 120
13.5887 0.9300 -2.2301 80 200 120
0.7253 21.9467 6.9489 80 200 120
14.1169 0.6444 -2.2380 80 200 120
2.2437 26.1256 3.8286 80 200 120
1.4473 22.1823 3.9472 80 200 120
16.2210 -0.6315 -2.5471 80 200 120
16.1081 0.4682 -3.8968 80 200 120
13.9742 2.0382 -4.2714 80 200 120
11.0125 -1.6409 -4.3494 80 200 120
11.5953 -0.0344 -4.5496 80 200 120
11.4966 0.6426 -4.8969 80 200 120
8.5044 -2.9698 -4.8597 80 200 120
9.3706 -1.9390 -4.2183 80 200 120
12.0684 1.6727 -4.9379 80 200 120
11.8130 1.3175 -4.9404 80 200 120
12.3705 0.3553 -5.0466 80 200 120
12.6297 1.1701 -5.0237 80 200 120
12.9172 1.1422 -5.0373 80 200 120
12.6215 0.8726 -5.0209 80 200 120
12.0674 1.6883 -4.5084 80 200 120
12.1999 0.9182 -5.0089 80 200 120
12.7863 0.9160 -5.0102 80 200 120
10.6231 -2.5600 -5.1060 80 200 120
13.3628 0.9446 -5.0504 80 200 120
12.1697 0.4007 -5.0249 80 200 120
12.6132 0.3341 -4.9782 80 200 120
11.4659 0.8043 -4.5437 80 200 120
11.2152 -0.6769 -4.5087 80 200 120
12.1580 1.8535 -4.1074 80 200 120
12.6648 2.0846 -5.0254 80 200 120
14.9393 0.3036 -5.0376 80 200 120
11.6333 -1.2954 -4.9747 80 200 120
14.0270 -4.2935 -4.3673 80 200 120
2.2424 14.7860 -0.2567 80 200 120
13.7141 2.1339 -4.9714 80 200 120
13.6591 1.4033 -5.0033 80 200 120
16.4872 -0.4935 -3.7666 80 200 120
13.1162 -3.4952 -4.2153 80 200 120
12.7076 -2.4872 -4.6457 80 200 120
2.4223 15.8746 2.6415 80 200 120
13.3351 -3.1438 -4.7211 80 200 120
11.6123 -0.2669 -4.5958 80 200 120
13.1533 -1.2023 -5.0095 80 200 120
11.3647 -0.6973 -4.4713 80 200 120
10.7289 -0.2458 -4.2095 80 200 120
13.6215 -4.8084 -4.2387 80 200 120
11.6725 -0.0722 -4.9277 80 200 120
10.1937 -1.1858 -3.3088 80 200 120
14.7513 -4.0509 -4.7606 80 200 120
13.2181 -0.6280 -5.0143 80 200 120
2.2527 15.9004 1.7629 80 200 120
13.5806 -0.2420 -4.8309 80 200 120
9.7905 -2.2219 -2.2176 80 200 120
11.5967 -3.1837 -5.0076 80 200 120
15.7704 -2.4979 -3.8224 80 200 120
15.8798 -5.4293 -4.4148 80 200 120
14.2802 -1.2617 -3.9483 80 200 120
10.0408 -1.5974 -2.1503 80 200 120
8.4376 -5.4043 -2.8144 80 200 120
11.7408 -0.9844 -2.1143 80 200 120
11.3689 -1.9728 -2.0961 80 200 120
10.5721 -0.4019 -3.4935 80 200 120
9.1897 -5.4127 -1.6718 80 200 120
8.7193 -6.2352 -1.8639 80 200 120
11.2641 -3.7511 -1.8298 80 200 120
9.6578 -6.7104 -3.1321 80 200 120
12.4225 2.0474 -2.6918 80 200 120
12.6341 -3.2912 -1.9046 80 200 120
13.0276 -2.6179 -2.0048 80 200 120
11.8165 -3.6574 -1.9015 80 200 120
12.0832 -5.6307 -1.9214 80 200 120
11.9189 -5.0632 -2.5050 80 200 120
13.4160 -10.3284 -1.6118 80 200 120
12.9786 -2.9018 -2.0880 80 200 120
-8.9274 11.8705 13.2324 80 200 120
9.3282 -2.5545 -1.9650 80 200 120
5.4588 12.1743 1.0885 80 200 120
13.8967 0.9962 -2.2219 80 200 120
1.1504 21.7220 5.2532 80 200 120
13.3406 2.4287 -3.2165 80 200 120
13.8535 1.2515 -2.2323 80 200 120
12.8217 2.2402 -2.2457 80 200 120
13.6134 1.4191 -2.2418 80 200 120
14.1896 0.4481 -2.1912 80 200 120
0.4996 59.3528 -8.8246 80 200 120
12.5094 1.1930 -3.1785 80 200 120
14.3805 -0.2448 -2.8716 80 200 120
10.4866 -3.2703 -5.4729 80 200 120
10.7093 -1.9861 -4.4720 80 200 120
12.0992 1.2365 -5.0795 80 200 120
11.7939 1.0324 -5.0314 80 200 120
12.8140 1.7329 -4.9930 80 200 120
12.5914 2.7179 -4.3070 80 200 120
12.6375 1.4996 -4.9972 80 200 120
12.3075 1.5297 -5.0566 80 200 120
12.8996 2.1097 -4.9225 80 200 120
13.1879 1.6743 -4.9990 80 200 120
13.1885 1.2473 -5.0660 80 200 120
12.8552 2.7002 -3.9012 80 200 120
13.3789 1.8171 -5.0130 80 200 120
13.9417 1.0088 -5.0908 80 200 120
11.8699 1.5229 -3.7345 80 200 120
11.8812 1.4654 -5.0225 80 200 120
13.8987 0.7277 -5.0526 80 200 120
14.1495 0.6732 -5.0378 80 200 120
13.6633 0.7184 -5.0324 80 200 120
15.0070 0.6294 -5.1803 80 200 120
14.7908 0.3823 -5.1447 80 200 120
13.0009 0.7542 -5.0314 80 200 120
13.1263 0.5416 -5.0212 80 200 120
13.1338 0.8442 -5.0015 80 200 120
14.5638 0.3001 -5.1516 80 200 120
13.7361 -0.1709 -5.0814 80 200 120
14.0372 -0.1665 -4.9575 80 200 120
4.0051 15.4233 -6.0614 80 200 120
9.0139 -2.6704 -5.1796 80 200 120
11.5402 -1.8949 -5.0528 80 200 120
14.3957 0.0350 -4.6558 80 200 120
14.0351 -4.4739 -4.7113 80 200 120
13.4284 -2.2871 -5.1824 80 200 120
13.3630 -1.5907 -5.0678 80 200 120
13.5908 -1.0574 -4.9372 80 200 120
12.8730 -1.5015 -5.0355 80 200 120
12.9310 -1.1150 -5.0822 80 200 120
13.7250 -1.1648 -4.6265 80 200 120
12.9702 -0.7544 -5.0110 80 200 120
13.1645 0.8873 -5.0368 80 200 120
12.9335 0.5680 -5.0715 80 200 120
13.4144 -1.2691 -5.0494 80 200 120
13.7490 -0.9558 -4.9010 80 200 120
13.1275 1.1564 -5.0445 80 200 120
13.3051 -1.8713 -5.0901 80 200 120
14.1191 2.0188 -5.0661 80 200 120
13.0351 2.1689 -5.0346 80 200 120
13.8701 -0.6271 -5.1093 80 200 120
13.5724 -1.5297 -5.0529 80 200 120
13.8179 -0.7564 -4.5106 80 200 120
14.5521 -1.1279 -3.5660 80 200 120
1.1216 34.3600 -5.8245 80 200 120
15.3169 0.2965 -5.0498 80 200 120
-0.7264 32.6814 -5.7599 80 200 120
17.5238 -0.4238 -2.5930 80 200 120
14.6015 -0.0557 -4.1552 80 200 120
13.9106 -0.1354 -3.8538 80 200 120
11.9492 -0.2516 -5.0460 80 200 120
13.0972 -2.4568 -5.1264 80 200 120
13.2096 -2.5533 -4.8967 80 200 120
13.0345 -2.4400 -4.5946 80 200 120
9.9489 -1.5027 -3.9492 80 200 120
10.2248 0.2792 -2.7561 80 200 120
11.6153 -0.3620 -4.9138 80 200 120
12.3075 -4.5828 -3.9299 80 200 120
8.8818 -3.3929 -5.0040 80 200 120
12.1631 -1.6851 -5.0034 80 200 120
11.6487 -0.5477 -4.4490 80 200 120
10.4752 -3.6279 -4.4115 80 200 120
11.2307 -1.5612 -4.8105 80 200 120
12.8165 -2.7413 -5.1779 80 200 120
12.0819 -0.5022 -4.9769 80 200 120
13.6808 -1.2083 -4.9482 80 200 120
13.8677 -0.6293 -5.0173 80 200 120
11.2152 0.8692 -5.2073 80 200 120
13.6722 -1.1084 -4.0352 80 200 120
2.1899 16.3919 2.3451 80 200 120
15.3914 -6.5259 -3.6694 80 200 120
19.3878 -18.0328 2.4550 80 200 120
13.6833 -0.1764 -5.0447 80 200 120
78.7759 -109.0940 -14.8461 80 200 120
11.5889 -0.4136 -4.4381 80 200 120
11.6688 0.2193 -4.6205 80 200 120
15.5757 -2.4277 -4.0856 80 200 120
8.2342 -5.1041 -1.6922 80 200 120
10.1611 -2.0535 -1.9914 80 200 120
8.2526 -5.9229 -2.1855 80 200 120
11.6614 1.4398 -2.1086 80 200 120
11.0791 -0.7638 -4.3323 80 200 120
12.8106 -8.2171 -1.3232 80 200 120
9.5770 -4.0616 -4.5494 80 200 120
9.6068 -2.2412 -4.8974 80 200 120
10.5717 -1.4101 -4.4687 80 200 120
9.9751 -3.2801 -3.8051 80 200 120
11.1924 0.9630 -3.3438 80 200 120
9.2327 -6.6877 -3.6099 80 200 120
12.2414 1.7338 -2.7183 80 200 120
11.0031 -0.6396 -4.1977 80 200 120
11.4743 -5.9616 -1.9831 80 200 120
10.2671 -0.8988 -4.0897 80 200 120
9.6222 -8.5400 -2.9007 80 200 120
12.5091 2.5856 -2.8697 80 200 120
8.5752 -4.0863 -4.4058 80 200 120
12.6956 -3.2775 -1.9649 80 200 120
11.4199 1.1448 -2.6581 80 200 120
10.1175 -1.2060 -3.7529 80 200 120
10.8526 -2.6741 -1.9649 80 200 120
10.5034 -5.2934 -1.6644 80 200 120
11.8200 -5.7011 -2.0975 80 200 120
11.9792 -6.2960 -2.1499 80 200 120
12.6169 -9.5316 -1.3359 80 200 120
14.1927 -9.8988 -1.3188 80 200 120
12.8828 -8.8212 -2.0023 80 200 120
15.2398 -8.5102 -3.7843 80 200 120
11.3836 -5.8252 -3.0181 80 200 120
13.2687 -3.5739 -1.9589 80 200 120
17.1161 -0.0382 -2.4208 80 200 120
16.4573 0.6243 -2.9322 80 200 120
14.3113 0.8137 -2.7935 80 200 120
13.8761 -5.8616 -3.7853 80 200 120
17.2581 -0.1347 -3.5981 80 200 120
12.8009 -2.8462 -4.0762 80 200 120
16.7991 -0.4693 -2.7113 80 200 120
15.8267 -4.0401 -4.3329 80 200 120
14.5231 -3.3102 -4.5662 80 200 120
8.0504 -6.5679 -3.0855 80 200 120
16.3467 0.4653 -3.0426 80 200 120
15.4083 0.2310 -2.2199 80 200 120
12.1138 2.0369 -2.5208 80 200 120
8.1492 39.1583 -3.9256 80 200 120
4.4314 36.5481 -0.9254 80 200 120
16.3642 0.3388 -3.6214 80 200 120
12.4409 0.8977 -3.1876 80 200 120
16.6739 -0.0806 -3.5709 80 200 120
16.9633 0.5250 -4.0366 80 200 120
11.0230 -2.0206 -4.4414 80 200 120
12.3899 2.2470 -4.9665 80 200 120
12.1394 2.0526 -4.9525 80 200 120
-1.9412 25.8620 4.5934 80 200 120
11.1939 -1.2062 -4.5580 80 200 120
11.4952 -0.5077 -4.4731 80 200 120
13.0980 1.4762 -5.1044 80 200 120
2.5449 15.4875 2.4358 80 200 120
13.6668 -1.2531 -4.0959 80 200 120
13.7051 -1.0234 -4.0217 80 200 120
14.1905 -1.3024 -4.7564 80 200 120
14.6380 -0.3513 -3.9771 80 200 120
14.1393 -0.0708 -5.0255 80 200 120
21.6632 -35.5855 -8.2324 80 200 120
12.1249 -1.8338 -5.1504 80 200 120
13.7377 -0.5689 -3.4405 80 200 120
12.5731 -2.9916 -4.8286 80 200 120
11.5180 -1.0513 -5.0763 80 200 120
11.1914 -1.1795 -4.4587 80 200 120
11.5398 -1.6767 -5.0504 80 200 120
11.4276 -1.9082 -4.9934 80 200 120
12.8383 -4.2523 -3.8218 80 200 120
12.2404 -4.0718 -4.3566 80 200 120
12.4596 -3.7305 -3.9464 80 200 120
12.2697 -0.9139 -5.0758 80 200 120
12.0072 -1.1657 -5.0071 80 200 120
12.9283 -2.3044 -5.1104 80 200 120
14.6461 -7.4661 -3.5125 80 200 120
12.1356 -4.8574 -2.2401 80 200 120
12.4353 -3.5679 -4.5956 80 200 120
13.9615 -0.0683 -4.7290 80 200 120
8.9104 -4.3374 -4.5406 80 200 120
13.1562 -4.4281 -4.1197 80 200 120
13.9577 -0.1929 -4.8589 80 200 120
14.1821 -0.0587 -4.6498 80 200 120
12.4235 0.7354 -2.1158 80 200 120
9.9471 -4.1067 -1.8677 80 200 120
8.8752 -3.2499 -1.9875 80 200 120
10.3376 -3.6889 -4.4458 80 200 120
11.1674 0.6798 -2.0564 80 200 120
0.2658 23.7405 8.6103 80 200 120
11.4330 1.1757 -2.1225 80 200 120
10.2328 -6.4781 -4.0748 80 200 120
10.8892 -1.0278 -4.3349 80 200 120
9.6173 -2.5213 -4.7926 80 200 120
8.0635 -4.5131 -5.0634 80 200 120
11.6703 -4.9680 -1.5865 80 200 120
11.8956 -5.8385 -2.2561 80 200 120
13.4734 -7.9273 -1.6975 80 200 120
12.2893 -6.5398 -1.7482 80 200 120
13.0382 -8.9282 -1.6672 80 200 120
12.3770 -5.0547 -1.8656 80 200 120
14.1742 -4.8211 -1.8870 80 200 120
15.6346 1.0356 -2.3049 80 200 120
14.9380 -0.2141 -2.8256 80 200 120
16.5573 0.4063 -2.3816 80 200 120
16.2781 0.8196 -2.5972 80 200 120
16.0277 0.7357 -2.3532 80 200 120
14.8742 -3.5269 -4.0209 80 200 120
15.0961 -4.6873 -4.1330 80 200 120
14.5988 -1.4815 -3.8231 80 200 120
13.2520 -4.3741 -3.9400 80 200 120
14.0345 1.2020 -2.3986 80 200 120
13.9055 2.1407 -3.5736 80 200 120
13.5177 2.3406 -3.7322 80 200 120
14.2958 0.6802 -2.1506 80 200 120
1.2477 24.5416 4.1503 80 200 120
10.7263 48.9796 -11.8991 80 200 120
17.0295 -0.0013 -2.7212 80 200 120
13.9099 2.0929 -4.1403 80 200 120
15.5842 0.0215 -2.1638 80 200 120
17.5547 -0.4057 -2.5345 80 200 120
12.4744 2.6076 -4.7300 80 200 120
12.0758 1.6453 -3.5199 80 200 120
12.2275 2.1306 -3.6812 80 200 120
12.3066 1.7628 -5.0119 80 200 120
13.4023 2.5093 -4.2198 80 200 120
12.9742 2.4436 -5.0086 80 200 120
13.3891 2.1492 -4.8748 80 200 120
13.5366 2.3428 -4.7501 80 200 120
13.8955 2.0979 -4.6686 80 200 120
12.5614 -0.6724 -5.0157 80 200 120
13.8840 1.4602 -5.0834 80 200 120
13.5382 1.3516 -5.0098 80 200 120
14.2546 1.8687 -5.0844 80 200 120
14.0562 1.9842 -5.0848 80 200 120
13.6779 1.8779 -5.0922 80 200 120
13.3737 2.2816 -4.3934 80 200 120
12.1289 1.2585 -3.3711 80 200 120
13.1205 2.4868 -4.4850 80 200 120
15.0439 0.7717 -4.9448 80 200 120
14.5248 1.3762 -5.0524 80 200 120
13.0442 2.5389 -3.9122 80 200 120
13.0136 1.4930 -5.0774 80 200 120
13.9818 0.4609 -5.0867 80 200 120
9.3480 -2.6870 -4.8893 80 200 120
11.1052 -2.3192 -4.8798 80 200 120
10.6374 -0.9516 -4.5482 80 200 120
11.0761 -1.9911 -4.7180 80 200 120
14.1848 -0.0546 -5.0772 80 200 120
13.9350 -0.2221 -4.9230 80 200 120
13.4822 -0.8958 -4.7247 80 200 120
11.1022 -1.7182 -4.5339 80 200 120
14.0915 -6.2992 -4.6838 80 200 120
13.6403 -1.2785 -4.9438 80 200 120
13.1435 -0.6947 -5.0679 80 200 120
12.9979 -1.4324 -5.0962 80 200 120
13.0455 -1.1895 -5.1309 80 200 120
13.9699 1.4594 -5.0619 80 200 120
13.7203 -1.2496 -4.0030 80 200 120
13.9484 0.9907 -5.0992 80 200 120
13.9447 0.7093 -5.0795 80 200 120
13.1935 1.6704 -5.0536 80 200 120
15.1302 -3.5111 -4.5832 80 200 120
13.7808 0.9201 -5.0703 80 200 120
13.7968 -2.3653 -5.0100 80 200 120
14.1512 -0.1158 -3.9911 80 200 120
12.5400 2.1678 -5.1433 80 200 120
13.5959 -2.0500 -5.1106 80 200 120
11.7510 -0.7228 -5.1785 80 200 120
11.4761 -0.9806 -4.6580 80 200 120
11.0589 -1.5101 -4.5149 80 200 120
13.8425 -4.0667 -4.6686 80 200 120
9.2514 -2.4977 -4.6451 80 200 120
11.6996 -2.5709 -4.9683 80 200 120
11.6719 -2.3699 -5.0400 80 200 120
11.0168 -0.8890 -4.4591 80 200 120
11.4842 -2.1657 -5.0467 80 200 120
10.5580 -4.5898 -4.5386 80 200 120
12.4427 -3.0405 -4.7077 80 200 120
12.3985 -3.7096 -4.0286 80 200 120
11.0336 -0.5468 -4.4818 80 200 120
11.6261 -0.5783 -5.0773 80 200 120
13.8130 -1.6427 -4.9087 80 200 120
13.5547 -1.0894 -4.8881 80 200 120
15.9614 -5.7370 -4.4188 80 200 120
13.7397 -0.1735 -4.7690 80 200 120
14.2559 -0.8136 -3.8961 80 200 120
2.1366 17.0913 2.9056 80 200 120
13.8256 -7.0903 -2.1198 80 200 120
11.6698 0.5864 -5.0196 80 200 120
13.7889 -0.5484 -4.3507 80 200 120
11.2399 -0.2408 -4.5985 80 200 120
11.0312 0.2287 -2.0026 80 200 120
10.8306 0.2155 -2.1545 80 200 120
10.3332 -0.4992 -2.2053 80 200 120
9.8875 -1.4741 -2.9880 80 200 120
10.3098 -2.1202 -2.7670 80 200 120
12.2461 0.8754 -3.1421 80 200 120
10.2987 -7.2107 -2.0012 80 200 120
12.5062 1.8561 -2.9615 80 200 120
12.5842 2.3766 -2.5906 80 200 120
12.6112 2.1829 -2.4394 80 200 120
12.3577 -2.8969 -1.9913 80 200 120
10.0804 -4.7802 -1.7359 80 200 120
10.0929 -3.3861 -1.8346 80 200 120
11.6786 -5.4395 -1.7579 80 200 120
11.9621 -3.2516 -1.9127 80 200 120
12.3846 -4.4057 -1.8532 80 200 120
11.9946 -5.9591 -1.9079 80 200 120
14.6828 -8.4995 -1.8377 80 200 120
14.3877 -0.3385 -3.4441 80 200 120
13.0456 -3.3581 -4.1809 80 200 120
15.2264 -7.3346 -4.4034 80 200 120
14.1258 -1.9066 -3.9887 80 200 120
16.9709 0.2779 -3.6001 80 200 120
16.8851 0.2445 -3.1513 80 200 120
12.3658 2.5762 -3.0224 80 200 120
13.0340 2.4246 -3.4668 80 200 120
12.4355 1.0717 -2.1948 80 200 120
14.0234 1.9593 -3.6153 80 200 120
12.0242 2.0860 -2.5873 80 200 120
12.4707 2.6679 -4.0981 80 200 120
12.4740 3.8303 -2.4542 80 200 120
11.4542 1.1377 -2.1999 80 200 120
16.1295 0.0871 -3.5060 80 200 120
-83.8037 262.6504 -26.8045 80 200 120
15.6910 0.8585 -4.0182 80 200 120
7.8896 48.8905 -11.7330 80 200 120
15.1117 1.2301 -2.2943 80 200 120
11.7483 1.5452 -2.2269 80 200 120
16.6505 0.0514 -2.9397 80 200 120
15.8641 0.9420 -3.7778 80 200 120
14.8441 1.4711 -3.8955 80 200 120
11.4499 0.0033 -4.5298 80 200 120
12.3307 -0.4840 -5.0171 80 200 120
11.4000 -0.4282 -4.4187 80 200 120
12.4127 2.6475 -5.1385 80 200 120
11.9907 -0.8704 -5.0520 80 200 120
12.5750 -0.4267 -5.1283 80 200 120
13.5511 2.2357 -5.1448 80 200 120
14.5120 1.6992 -5.1587 80 200 120
15.0374 1.0746 -4.9240 80 200 120
15.0778 1.2970 -5.1558 80 200 120
14.6603 1.0111 -5.0044 80 200 120
14.2510 -0.0985 -4.9251 80 200 120
14.1442 1.2636 -5.1235 80 200 120
15.5884 1.1199 -5.0740 80 200 120
9.6929 -1.9694 -4.7810 80 200 120
14.0716 -0.0799 -4.4927 80 200 120
11.5743 0.1407 -4.5392 80 200 120
11.0728 -0.1126 -4.5824 80 200 120
12.9275 2.4749 -5.0533 80 200 120
13.5217 -1.5007 -4.8424 80 200 120
13.1345 -1.5408 -5.1112 80 200 120
12.5026 -1.6984 -5.1622 80 200 120
13.9103 0.3959 -5.0962 80 200 120
13.1261 -0.2086 -5.1597 80 200 120
13.8355 -0.2557 -5.0240 80 200 120
13.5396 -0.3197 -5.0876 80 200 120
12.2186 2.2952 -5.0205 80 200 120
13.1007 -2.8684 -4.9423 80 200 120
13.9089 -0.2937 -3.8090 80 200 120
12.5148 -3.0966 -5.2503 80 200 120
14.5940 -0.4748 -3.5383 80 200 120
17.5194 -0.0983 -2.2939 80 200 120
11.8418 1.5827 -4.9727 80 200 120
10.0146 -2.6053 -4.6393 80 200 120
12.8115 -3.0293 -4.1726 80 200 120
12.6319 -3.5233 -3.9065 80 200 120
13.5758 -4.0665 -4.4909 80 200 120
11.0643 2.1021 -2.6658 80 200 120
10.6703 -3.8476 -4.7242 80 200 120
12.9192 -3.3002 -4.1722 80 200 120
10.7655 -2.3000 -4.9539 80 200 120
11.8634 0.3080 -5.1781 80 200 120
13.5659 -1.0287 -4.7319 80 200 120
13.7129 -1.6967 -4.6695 80 200 120
11.4016 0.2650 -4.6007 80 200 120
13.4207 -0.4738 -4.7272 80 200 120
13.8645 -0.7271 -4.0321 80 200 120
14.1445 -0.1473 -4.7159 80 200 120
13.6391 -1.4827 -4.8977 80 200 120
7.9772 -4.5615 -1.9148 80 200 120
11.4214 -0.8734 -4.4657 80 200 120
13.5628 -1.0306 -3.9680 80 200 120
13.4053 -0.4131 -3.3951 80 200 120
9.9794 -2.6081 -2.8385 80 200 120
14.8439 -1.3041 -4.0976 80 200 120
14.4287 -1.5317 -4.0634 80 200 120
14.8055 -7.3845 -2.7856 80 200 120
7.7858 -5.1201 -2.2010 80 200 120
9.7176 -1.7889 -2.6939 80 200 120
9.8560 -7.4378 -2.3425 80 200 120
12.0052 -5.6996 -1.9896 80 200 120
9.9903 -1.2583 -2.4404 80 200 120
10.5994 -0.0462 -3.7614 80 200 120
9.9169 -3.8214 -4.4111 80 200 120
8.8179 -3.1903 -5.1110 80 200 120
9.9548 -1.8533 -4.6526 80 200 120
9.6863 -4.8248 -4.4328 80 200 120
10.5066 -1.3059 -4.4276 80 200 120
8.7852 -3.6836 -5.0433 80 200 120
12.7839 2.8568 -2.1207 80 200 120
7.5742 -5.6334 -4.8491 80 200 120
13.0566 -2.4820 -1.9380 80 200 120
10.6497 -0.0611 -2.6002 80 200 120
9.6524 -7.8272 -4.1377 80 200 120
11.3016 -1.3136 -3.3542 80 200 120
12.2814 -1.7205 -2.0406 80 200 120
13.5769 -3.7210 -1.8991 80 200 120
13.9871 -4.2862 -1.7344 80 200 120
11.7683 -5.5989 -2.2450 80 200 120
13.5155 -4.1420 -2.2163 80 200 120
11.7665 -5.6026 -2.3867 80 200 120
13.9004 -7.7720 -1.5185 80 200 120
13.3784 -5.3489 -1.8604 80 200 120
15.2179 -8.2659 -1.3926 80 200 120
12.3082 -2.7231 -1.9944 80 200 120
11.4058 -5.5978 -1.8438 80 200 120
11.5974 -6.2487 -3.4080 80 200 120
28.2061 -59.8739 -19.7777 80 200 120
17.7928 -18.0794 -9.6617 80 200 120
14.2531 -6.9133 -4.6934 80 200 120
14.1770 -1.2796 -3.9004 80 200 120
14.3996 -1.7805 -4.0901 80 200 120
19.7765 -0.3502 -4.3299 80 200 120
13.9125 -6.2680 -5.0440 80 200 120
16.9403 -9.1367 -6.8879 80 200 120
14.1405 -0.3869 -2.4191 80 200 120
12.6230 2.7117 -2.9418 80 200 120
11.9027 1.7388 -2.2062 80 200 120
12.8619 2.0774 -2.1924 80 200 120
12.9179 1.0963 -2.1650 80 200 120
13.6167 2.2634 -3.5616 80 200 120
13.6736 2.0910 -3.3106 80 200 120
14.3773 1.6468 -3.6958 80 200 120
12.6859 2.6820 -3.2952 80 200 120
13.5593 2.1713 -2.6270 80 200 120
14.6815 1.5267 -3.9837 80 200 120
12.5204 3.8111 -2.4759 80 200 120
13.9147 -0.3480 -2.8352 80 200 120
14.7028 -0.1544 -2.1560 80 200 120
13.0932 1.9564 -2.2053 80 200 120
10.7698 -3.2251 -5.1817 80 200 120
7.9535 -5.7487 -6.2098 80 200 120
11.2978 0.2536 -4.7037 80 200 120
11.5188 0.0250 -4.8663 80 200 120
11.6719 -0.9538 -5.0867 80 200 120
10.8398 -0.4147 -4.5683 80 200 120
11.8771 -0.6528 -5.0299 80 200 120
11.5186 1.1084 -4.3418 80 200 120
13.1037 -0.2445 -5.2220 80 200 120
12.9261 -0.3472 -5.0541 80 200 120
11.4254 -0.7786 -4.5079 80 200 120
10.8660 -0.7325 -4.4981 80 200 120
13.5335 -0.1174 -5.0968 80 200 120
9.2019 -3.3291 -4.7614 80 200 120
10.7439 -1.9827 -4.5318 80 200 120
10.7540 -1.7253 -4.6545 80 200 120
10.7779 -2.7112 -5.0369 80 200 120
11.4206 -2.4090 -5.0784 80 200 120
12.2273 2.5821 -3.2724 80 200 120
13.5368 -1.3934 -5.2475 80 200 120
13.7448 -0.3438 -5.1671 80 200 120
9.2097 -2.5798 -4.5668 80 200 120
14.2476 1.8793 -5.1783 80 200 120
13.2985 2.0856 -4.9435 80 200 120
13.7058 -0.7397 -4.0064 80 200 120
13.7265 -0.7502 -3.8820 80 200 120
12.4110 2.7135 -5.1226 80 200 120
13.6005 1.0558 -3.0464 80 200 120
14.5698 -4.7679 -5.2970 80 200 120
12.1584 -1.7941 -4.7982 80 200 120
13.6668 -0.9831 -3.9952 80 200 120
13.7851 1.9835 -4.1556 80 200 120
13.8678 -0.3479 -4.1313 80 200 120
11.2231 -1.5181 -5.0706 80 200 120
13.5971 -1.4937 -4.0456 80 200 120
10.6452 -0.8671 -3.5454 80 200 120
13.2584 -3.3012 -4.8578 80 200 120
9.7191 -3.9346 -4.6286 80 200 120
12.0421 -2.0883 -4.9848 80 200 120
12.2708 -1.2186 -5.0525 80 200 120
12.9414 -1.4466 -5.1320 80 200 120
11.3107 0.3180 -4.8459 80 200 120
14.7712 -1.3884 -4.1916 80 200 120
11.4563 -0.1124 -4.5794 80 200 120
13.9392 -0.3745 -5.0925 80 200 120
13.6160 -0.3741 -5.2873 80 200 120
11.3980 0.9957 -5.0364 80 200 120
11.5463 -1.7445 -2.0313 80 200 120
10.2198 -3.3795 -2.0239 80 200 120
10.8379 -2.1003 -2.0739 80 200 120
11.3447 -5.4940 -1.6870 80 200 120
11.0043 0.6607 -2.1259 80 200 120
11.6596 -5.7310 -2.2597 80 200 120
9.3001 -4.2340 -4.7715 80 200 120
13.0104 -3.5384 -2.0862 80 200 120
11.0985 -6.4765 -2.2765 80 200 120
10.0092 -7.0152 -3.0647 80 200 120
10.6172 2.0675 -3.1806 80 200 120
12.3909 -3.4780 -4.0584 80 200 120
13.7446 -0.9106 -2.2388 80 200 120
14.0718 -1.1689 -3.4811 80 200 120
15.8774 -0.5963 -3.6419 80 200 120
14.8278 -2.9016 -4.4663 80 200 120
15.1150 -2.4620 -3.7192 80 200 120
13.2090 -9.7459 -3.2440 80 200 120
14.8958 -2.2845 -4.0198 80 200 120
11.9111 0.8190 -3.4857 80 200 120
11.9042 2.0038 -2.2454 80 200 120
13.1219 2.2057 -4.1082 80 200 120
12.0906 2.4612 -3.2332 80 200 120
12.7488 2.3225 -3.9194 80 200 120
13.0463 2.0780 -4.3379 80 200 120
11.8467 2.0223 -3.5188 80 200 120
17.5886 0.0292 -3.0943 80 200 120
13.7835 -0.4544 -2.6368 80 200 120
11.4400 0.0683 -5.0696 80 200 120
11.3482 -0.8240 -5.0758 80 200 120
11.9623 -0.6289 -5.0162 80 200 120
11.8411 1.8351 -4.0375 80 200 120
11.4092 1.4964 -3.1656 80 200 120
11.5468 1.4504 -4.1018 80 200 120
13.2179 -0.5876 -4.7558 80 200 120
13.5988 -0.8955 -5.1518 80 200 120
13.0072 1.0782 -5.0912 80 200 120
14.6824 -0.5039 -4.2322 80 200 120
11.7560 1.0057 -5.1796 80 200 120
14.6960 0.0194 -5.0675 80 200 120
16.2143 -0.9943 -2.4108 80 200 120
13.3376 -1.3151 -3.9785 80 200 120
14.6204 -3.8109 -4.0310 80 200 120
13.4028 -1.1793 -3.9634 80 200 120
13.7042 -4.6400 -4.5795 80 200 120
14.2850 -5.7186 -5.0034 80 200 120
9.7459 -4.4104 -5.0497 80 200 120
11.3851 -5.2473 -5.1290 80 200 120
13.3534 -1.4080 -4.0645 80 200 120
14.6615 -2.3699 -3.7179 80 200 120
15.2618 -2.6231 -3.7810 80 200 120
11.1727 0.5760 -4.9298 80 200 120
9.6095 -2.5308 -4.7944 80 200 120
9.9517 -5.0016 -4.6380 80 200 120
13.1015 -16.3977 -0.9670 80 200 120
10.9430 -5.8011 -3.3350 80 200 120
12.0100 -10.6772 -2.0206 80 200 120
11.7591 -6.5253 -3.3725 80 200 120
12.6159 -3.5596 -4.1043 80 200 120
14.9273 -3.5155 -4.5472 80 200 120
14.2974 -5.7749 -4.9885 80 200 120
15.0139 -2.1285 -3.6519 80 200 120
13.8637 -1.0831 -3.8311 80 200 120
17.0351 0.1454 -3.5788 80 200 120
14.9348 -4.3789 -4.8488 80 200 120
13.9987 -0.5474 -3.7466 80 200 120
14.7021 -4.6526 -4.9472 80 200 120
14.7853 -10.3504 -1.4655 80 200 120
11.0921 0.8533 -2.1107 80 200 120
12.5576 2.6006 -3.8519 80 200 120
14.4040 -0.0200 -2.1558 80 200 120
11.8107 1.9125 -2.9095 80 200 120
12.8532 2.3428 -4.0600 80 200 120
13.0314 2.1617 -2.6762 80 200 120
13.4983 1.6025 -4.1536 80 200 120
13.3738 -0.3978 -2.1247 80 200 120
13.4176 1.9945 -4.0299 80 200 120
11.9542 1.5776 -3.9292 80 200 120
11.7165 1.6308 -3.4935 80 200 120
13.8491 -0.2628 -4.7712 80 200 120
13.2092 -0.5337 -4.9134 80 200 120
11.0533 0.5164 -5.0135 80 200 120
12.0230 0.8983 -5.0170 80 200 120
13.3658 -4.6376 -5.0606 80 200 120
12.7858 -2.9534 -5.0733 80 200 120
12.9002 -2.8120 -4.4694 80 200 120
15.4163 -4.0898 -4.3178 80 200 120
15.7718 0.2171 -5.1490 80 200 120
13.6355 -0.4936 -4.8514 80 200 120
13.2053 -0.5951 -4.8181 80 200 120
13.3081 -0.4852 -4.9830 80 200 120
13.5097 -0.4608 -4.9643 80 200 120
11.5122 1.2988 -2.1887 80 200 120
9.8912 -3.8790 -3.9598 80 200 120
9.2026 -7.4930 -3.0565 80 200 120
9.1752 -3.0092 -4.8593 80 200 120
13.3018 -3.0358 -2.3204 80 200 120
8.6588 -6.5257 -3.4824 80 200 120
9.8927 -1.7044 -2.1021 80 200 120
15.3683 -6.7919 -2.1686 80 200 120
14.5507 -0.9867 -2.6465 80 200 120
17.8436 -0.5197 -4.6038 80 200 120
15.9031 -1.0130 -3.1604 80 200 120
12.8670 -3.4411 -4.0844 80 200 120
18.2743 -0.5065 -4.2032 80 200 120
11.4668 1.3272 -3.0802 80 200 120
11.6185 1.3833 -3.1984 80 200 120
16.8889 -0.2239 -2.8553 80 200 120
11.3152 1.0200 -2.7817 80 200 120
15.0361 0.9950 -3.2269 80 200 120
13.4953 -0.4547 -2.2160 80 200 120
11.4363 1.1707 -2.4301 80 200 120
10.6673 -2.0970 -4.4601 80 200 120
11.8222 -2.3355 -5.0661 80 200 120
10.8489 -3.0380 -4.9808 80 200 120
13.2444 -1.4122 -4.9574 80 200 120
13.4046 -2.5053 -3.6751 80 200 120
15.5001 -4.1429 -3.5223 80 200 120
17.0785 -1.2895 -3.1348 80 200 120
11.6292 0.9477 -5.1659 80 200 120
11.7672 0.4140 -5.0819 80 200 120
12.4440 -2.5975 -5.0888 80 200 120
13.4499 -1.6800 -4.1076 80 200 120
13.4036 -1.3348 -3.9946 80 200 120
16.4983 0.1986 -4.0177 80 200 120
12.2215 -3.2888 -4.8325 80 200 120
9.6552 -6.4745 -3.1058 80 200 120
10.5477 -4.1743 -5.0429 80 200 120
8.2974 -4.3083 -4.3651 80 200 120
9.7219 -3.5779 -4.9535 80 200 120
13.6751 -0.3945 -4.7669 80 200 120
10.3845 -0.7411 -4.1275 80 200 120
9.2125 -3.9665 -4.9869 80 200 120
9.8799 -2.8821 -3.5969 80 200 120
10.2503 -8.1195 -2.8218 80 200 120
10.3096 -1.5054 -4.5446 80 200 120
11.6614 -5.6487 -3.0106 80 200 120
9.1139 -6.6996 -4.4588 80 200 120
9.6952 -6.2296 -3.0467 80 200 120
14.3726 -2.4622 -4.2106 80 200 120
16.3938 -1.1214 -3.7040 80 200 120
12.6356 -4.8244 -3.8726 80 200 120
13.6775 -6.1293 -4.9532 80 200 120
12.5967 -3.5219 -4.0576 80 200 120
13.5835 1.7806 -4.1506 80 200 120
11.5625 1.3735 -2.3137 80 200 120
15.3580 0.7631 -3.5367 80 200 120
16.1341 -0.0896 -3.0776 80 200 120
11.6256 1.4836 -2.4106 80 200 120
13.0050 2.0103 -4.3988 80 200 120
16.0443 0.1056 -2.8713 80 200 120
11.4733 -3.1231 -5.0899 80 200 120
11.6340 1.4910 -5.0581 80 200 120
10.9599 0.9177 -5.3078 80 200 120
11.5902 1.4468 -5.0442 80 200 120
11.4734 0.6766 -5.1403 80 200 120
11.8824 0.4981 -5.0522 80 200 120
13.2694 -4.2604 -4.8843 80 200 120
15.4860 -5.7894 -4.3834 80 200 120
13.9850 -0.4411 -4.3666 80 200 120
12.0001 1.9658 -4.9859 80 200 120
14.9695 -4.4798 -4.8027 80 200 120
12.3955 -2.6067 -4.7557 80 200 120
11.2260 -0.1319 -5.3155 80 200 120
14.3918 -4.1860 -4.7981 80 200 120
11.7591 -2.3649 -5.2217 80 200 120
10.8233 -3.6173 -4.9425 80 200 120
11.2017 -5.5963 -4.8270 80 200 120
9.8008 -2.9071 -3.3811 80 200 120
13.3499 -1.3388 -3.9578 80 200 120
11.0655 0.5989 -5.0922 80 200 120
16.9256 -6.1202 -3.5696 80 200 120
10.9931 0.3369 -4.9937 80 200 120
11.2731 0.6573 -4.9399 80 200 120
13.4159 -1.2133 -4.4850 80 200 120
10.0718 -3.9337 -4.8186 80 200 120
9.0670 -3.1695 -4.8975 80 200 120
11.9752 -3.0255 -2.0386 80 200 120
8.7112 -4.4685 -4.4846 80 200 120
9.5881 -4.4471 -4.5158 80 200 120
11.8414 -3.4163 -3.4944 80 200 120
13.3578 -3.5051 -1.9405 80 200 120
14.4143 -5.1872 -4.9183 80 200 120
14.3163 -1.7168 -3.7854 80 200 120
14.9242 -1.1153 -3.6158 80 200 120
15.2575 -4.6769 -3.3519 80 200 120
11.5488 -1.8906 -2.0354 80 200 120
17.2702 -1.0150 -5.0309 80 200 120
13.8323 -1.3268 -3.4957 80 200 120
14.6353 -3.2962 -4.4255 80 200 120
13.7033 1.6419 -2.8893 80 200 120
12.0834 0.9550 -3.5310 80 200 120
16.4174 0.1850 -3.1390 80 200 120
16.8513 -0.4194 -2.3687 80 200 120
13.4749 -0.6241 -2.1670 80 200 120
16.1506 -0.5626 -2.3162 80 200 120
14.3825 1.1744 -3.9475 80 200 120
13.1512 1.7394 -4.0992 80 200 120
10.6635 -1.5958 -4.4342 80 200 120
13.8413 -0.5055 -5.1020 80 200 120
11.8542 1.7178 -4.9571 80 200 120
13.8413 -1.3861 -3.5304 80 200 120
16.5417 -1.4175 -3.7297 80 200 120
13.6166 1.7925 -4.1921 80 200 120
11.1972 -0.0625 -5.0019 80 200 120
10.0565 -2.3705 -3.6627 80 200 120
13.6252 1.3173 -3.1648 80 200 120
13.3697 -0.9779 -3.9009 80 200 120
13.5369 -0.6989 -4.8702 80 200 120
13.8727 -0.4928 -4.8544 80 200 120
14.4022 -7.0675 -2.8466 80 200 120
13.8558 -0.5099 -4.6073 80 200 120
10.2957 -0.6353 -2.6914 80 200 120
10.5356 -5.5740 -4.5709 80 200 120
13.4970 -8.6249 -1.9340 80 200 120
7.8548 -5.7965 -4.1083 80 200 120
9.6768 -3.2158 -3.2972 80 200 120
10.1991 -1.9349 -4.4166 80 200 120
12.6098 -8.5807 -2.1227 80 200 120
10.4875 -1.4937 -4.3082 80 200 120
10.5146 -0.8006 -4.0605 80 200 120
9.4027 -3.8141 -4.8752 80 200 120
13.3704 -5.5005 -1.8587 80 200 120
13.2604 -6.4785 -3.4954 80 200 120
15.9145 -1.0540 -4.7738 80 200 120
14.6615 -2.3823 -3.6965 80 200 120
14.6464 -4.2193 -4.7244 80 200 120
16.6131 -1.2663 -3.7409 80 200 120
13.6055 -4.2937 -4.8369 80 200 120
15.1604 -1.2399 -2.6373 80 200 120
14.1438 -4.7439 -4.3533 80 200 120
16.3864 -0.5203 -4.5981 80 200 120
14.4671 -0.8501 -4.0071 80 200 120
14.0118 -6.1146 -4.6713 80 200 120
11.5640 1.8934 -4.1627 80 200 120
15.5060 -0.6673 -2.1666 80 200 120
11.5869 1.3684 -3.0853 80 200 120
13.6893 1.4234 -3.2410 80 200 120
13.6447 1.5954 -3.7901 80 200 120
12.9690 1.9865 -3.6140 80 200 120
12.7136 1.9931 -3.6455 80 200 120
9.4461 -4.3396 -4.8383 80 200 120
9.7344 -4.2658 -4.9262 80 200 120
9.2222 -3.4893 -4.6201 80 200 120
10.7804 -0.3295 -4.6900 80 200 120
11.7497 -2.3879 -5.0939 80 200 120
12.0538 -1.4162 -5.0622 80 200 120
15.7827 -6.5951 -4.4984 80 200 120
13.2856 -1.6854 -4.1902 80 200 120
13.3494 -1.3877 -3.9834 80 200 120
13.6413 -3.8784 -4.5288 80 200 120
16.5478 0.1630 -3.1750 80 200 120
14.3376 0.0060 -3.4078 80 200 120
12.9705 -2.8260 -4.3127 80 200 120
12.6937 -2.9239 -4.9266 80 200 120
13.7261 -4.1623 -5.1704 80 200 120
16.9133 -1.4110 -3.1681 80 200 120
12.1713 0.6222 -5.0572 80 200 120
17.4060 -0.4952 -2.2621 80 200 120
12.8352 -3.1332 -4.5518 80 200 120
14.5528 -0.6709 -3.7001 80 200 120
12.0181 0.3992 -5.0767 80 200 120
12.8681 1.6878 -5.0903 80 200 120
9.9945 -2.0295 -4.5319 80 200 120
11.0524 -0.0724 -4.8056 80 200 120
8.1463 -4.9411 -2.0925 80 200 120
15.6881 -0.8183 -4.4828 80 200 120
15.8793 -4.0078 -3.8383 80 200 120
14.7333 -4.4993 -4.1370 80 200 120
14.9363 -5.8549 -4.2210 80 200 120
13.6831 -0.4941 -4.2275 80 200 120
13.4484 -0.7259 -5.1111 80 200 120
13.4022 -1.0527 -3.8077 80 200 120
13.7959 -0.5940 -5.0656 80 200 120
11.3063 -0.3316 -4.5485 80 200 120
11.8035 -6.3158 -3.7718 80 200 120
10.1231 -6.2393 -5.0638 80 200 120
14.5875 -9.5667 -1.5283 80 200 120
13.9382 -5.2273 -1.8677 80 200 120
11.3158 -5.9662 -3.9045 80 200 120
10.6452 0.1368 -2.9104 80 200 120
9.8348 -2.6229 -3.5210 80 200 120
11.9105 -4.4307 -1.9788 80 200 120
15.1088 -1.5901 -3.3280 80 200 120
13.4443 -1.1176 -3.4444 80 200 120
14.0466 -1.5706 -2.7686 80 200 120
10.2489 -6.7044 -3.0414 80 200 120
13.6102 -1.2763 -3.8863 80 200 120
14.0823 -2.2522 -4.0333 80 200 120
14.5950 -0.7920 -1.9736 80 200 120
13.0487 2.2149 -4.6111 80 200 120
16.3414 -0.6438 -2.2575 80 200 120
11.5916 0.7481 -3.5660 80 200 120
9.8228 -4.8730 -5.3260 80 200 120
13.7421 -0.5786 -4.9912 80 200 120
10.6865 -2.2450 -4.4275 80 200 120
10.3756 -2.2240 -4.5343 80 200 120
11.1193 -1.4115 -4.4289 80 200 120
13.0623 -1.1444 -3.4393 80 200 120
11.8237 1.3129 -3.9748 80 200 120
14.5677 -3.9248 -4.5905 80 200 120
13.6567 -0.8152 -3.7804 80 200 120
13.5387 -0.7607 -3.8978 80 200 120
13.6454 -2.6666 -4.2426 80 200 120
14.0430 -2.4670 -4.1976 80 200 120
14.6807 -1.1487 -3.9291 80 200 120
13.0147 1.8836 -4.1566 80 200 120
13.0922 1.8634 -4.7469 80 200 120
13.7229 -1.3858 -3.5337 80 200 120
10.4962 -1.9688 -3.3615 80 200 120
14.7819 -2.3825 -3.6849 80 200 120
11.0877 -0.1361 -5.1275 80 200 120
13.2764 -0.6747 -4.5207 80 200 120
11.8610 -4.4034 -3.8151 80 200 120
10.0175 -2.1280 -4.5323 80 200 120
10.5141 -1.5359 -4.4107 80 200 120
10.3706 -0.9000 -4.1323 80 200 120
10.7614 -1.7863 -4.3301 80 200 120
13.6691 -1.2932 -2.3943 80 200 120
14.8849 -4.7199 -4.8596 80 200 120
14.1767 -5.9189 -4.9419 80 200 120
14.1296 -3.4744 -3.9193 80 200 120
14.5473 -4.9173 -4.0931 80 200 120
13.9974 -0.9699 -3.7239 80 200 120
13.7116 -1.3275 -2.5428 80 200 120
14.2323 -4.0887 -4.7094 80 200 120
12.6767 2.1148 -4.3101 80 200 120
11.1031 0.6348 -2.4088 80 200 120
11.3868 2.1770 -4.3266 80 200 120
12.2271 2.2201 -3.4608 80 200 120
11.9756 2.3003 -3.8684 80 200 120
15.9783 0.3410 -3.1392 80 200 120
11.6913 1.7594 -3.7009 80 200 120
11.2310 -3.0826 -4.8590 80 200 120
12.7661 -2.9704 -4.7470 80 200 120
12.3495 1.9431 -5.1032 80 200 120
13.7820 -0.7034 -3.9930 80 200 120
11.3346 0.9497 -5.0934 80 200 120
11.4597 0.4805 -5.0277 80 200 120
15.5616 0.6491 -3.5311 80 200 120
13.8841 -1.4832 -3.5592 80 200 120
16.4988 -0.5502 -4.8212 80 200 120
14.5499 -0.9189 -4.0585 80 200 120
15.3519 -5.4120 -2.4462 80 200 120
15.8462 -0.8884 -4.5251 80 200 120
15.2513 -0.2984 -3.5888 80 200 120
11.0150 -0.1847 -4.6227 80 200 120
13.5896 -0.8134 -3.7597 80 200 120
12.5638 -18.1275 -4.3907 80 200 120
12.9564 -7.4659 -3.2976 80 200 120
13.9766 -10.1301 -2.6011 80 200 120
9.7956 -5.1044 -5.0753 80 200 120
9.7471 -4.4660 -4.9528 80 200 120
8.5866 -3.7998 -3.0125 80 200 120
11.1228 0.8594 -2.0627 80 200 120
9.3331 -2.9947 -4.7310 80 200 120
15.5926 -5.8109 -2.4334 80 200 120
14.8277 -4.7665 -3.1399 80 200 120
14.5403 -7.7637 -2.7443 80 200 120
16.6042 -0.2896 -5.0065 80 200 120
13.4038 -5.9034 -4.2246 80 200 120
12.6789 -2.9622 -3.8893 80 200 120
14.9115 -1.0102 -3.5611 80 200 120
14.0589 -2.6697 -4.1539 80 200 120
14.4917 -0.4222 -2.7215 80 200 120
16.9785 -1.5313 -3.1366 80 200 120
16.2838 -0.5899 -4.5815 80 200 120
14.1168 -0.8584 -3.9022 80 200 120
14.0884 -2.3771 -4.0576 80 200 120
13.4607 -1.4525 -3.7838 80 200 120
19.5307 -0.8870 -4.5474 80 200 120
17.2000 -0.9815 -4.3981 80 200 120
11.5171 -2.0038 -2.0595 80 200 120
13.7932 -7.1287 -5.1333 80 200 120
12.5822 -5.2457 -3.9498 80 200 120
13.9269 -1.6536 -3.9602 80 200 120
14.4951 0.5638 -2.2095 80 200 120
14.2262 0.9765 -3.9254 80 200 120
9.4534 -4.4753 -4.9807 80 200 120
13.6169 -1.4284 -5.4351 80 200 120
11.4184 0.4475 -5.0958 80 200 120
10.7844 -0.9669 -4.5373 80 200 120
10.8068 -1.8162 -4.4515 80 200 120
12.5842 -1.8474 -5.0450 80 200 120
13.3879 -0.7850 -4.8029 80 200 120
13.6929 0.7995 -4.2986 80 200 120
13.0367 -0.8246 -4.9024 80 200 120
13.4310 -0.8508 -5.2640 80 200 120
11.0446 0.5546 -5.1106 80 200 120
14.8532 -1.4847 -3.6055 80 200 120
13.2231 1.6420 -5.0341 80 200 120
15.3934 -1.1005 -4.3011 80 200 120
13.5513 -0.8242 -4.2828 80 200 120
14.2289 -4.2692 -4.7702 80 200 120
10.7134 -0.1671 -5.5208 80 200 120
11.3636 -0.0100 -5.1441 80 200 120
12.4279 -2.0677 -4.9466 80 200 120
13.7520 -3.8172 -4.9930 80 200 120
13.7034 -4.1516 -4.9470 80 200 120
9.6421 -6.9917 -5.1743 80 200 120
14.0198 -0.6671 -4.1011 80 200 120
13.2535 -1.0682 -5.1635 80 200 120
15.5416 0.1727 -5.0804 80 200 120
13.5192 -0.8426 -3.9049 80 200 120
10.2691 -0.9921 -3.8662 80 200 120
8.0768 -5.1403 -4.7914 80 200 120
8.7780 -3.9988 -4.8293 80 200 120
10.4216 -6.9930 -4.8828 80 200 120
9.4599 -8.2541 -5.1030 80 200 120
11.0909 0.3953 -2.6804 80 200 120
9.5276 -2.4591 -4.3826 80 200 120
10.8429 0.5324 -2.0312 80 200 120
8.3360 -6.1573 -3.9972 80 200 120
12.5040 2.2128 -2.5513 80 200 120
8.8881 -4.4612 -5.0837 80 200 120
10.6790 -1.9957 -4.2808 80 200 120
10.5950 -8.7376 -4.9525 80 200 120
9.2923 -6.8725 -1.0764 80 200 120
14.8373 0.7917 -3.9202 80 200 120
14.8719 -1.3700 -3.9248 80 200 120
14.1236 -3.2377 -4.6694 80 200 120
15.2651 -0.5091 -3.1126 80 200 120
15.7570 0.5649 -2.3916 80 200 120
11.0389 0.4391 -2.1952 80 200 120
14.3875 0.8444 -3.6761 80 200 120
12.0198 0.0285 -3.1629 80 200 120
11.4256 1.9452 -4.2373 80 200 120
10.9054 0.2188 -2.2003 80 200 120
11.9459 2.2587 -4.5019 80 200 120
14.7671 0.8590 -3.3797 80 200 120
10.9172 -1.1052 -5.1043 80 200 120
11.2702 -2.2790 -5.0178 80 200 120
17.8463 -0.6541 -2.1289 80 200 120
16.6018 0.5940 -2.8447 80 200 120
13.8350 -2.8493 -4.1977 80 200 120
10.9637 0.3906 -5.0861 80 200 120
13.3798 -1.2728 -4.6544 80 200 120
14.1889 -1.9756 -3.6067 80 200 120
13.8195 -4.3009 -4.9771 80 200 120
14.9280 -5.0404 -5.0097 80 200 120
14.4361 -7.2473 -4.1622 80 200 120
16.2166 -1.3287 -3.7443 80 200 120
15.9155 0.0488 -5.0110 80 200 120
10.9329 0.3103 -5.1070 80 200 120
15.5841 -0.9564 -3.8524 80 200 120
9.4456 -6.3310 -1.8895 80 200 120
11.4743 -7.0316 -4.5921 80 200 120
9.8547 -2.0966 -4.5754 80 200 120
9.3232 -5.5529 -4.4561 80 200 120
10.4740 -1.3461 -4.3155 80 200 120
10.1314 -2.1182 -4.5541 80 200 120
7.9869 -5.3822 -3.0468 80 200 120
11.5701 0.5928 -2.4864 80 200 120
8.9274 -3.2641 -4.0177 80 200 120
9.7220 -1.8227 -4.4551 80 200 120
10.1629 -1.0901 -3.4699 80 200 120
7.7346 -5.2267 -3.8275 80 200 120
11.6700 -6.3267 -3.0088 80 200 120
16.1592 -1.6017 -3.6605 80 200 120
15.1778 -4.3841 -4.8081 80 200 120
14.3119 -1.2081 -2.9143 80 200 120
16.8889 -1.4222 -4.4849 80 200 120
15.7237 0.3927 -4.1123 80 200 120
13.9459 -2.0574 -4.0243 80 200 120
15.9987 0.3036 -3.0899 80 200 120
12.3205 -3.2891 -3.4682 80 200 120
13.2986 -0.8486 -1.9817 80 200 120
13.4406 1.5238 -4.1984 80 200 120
13.0532 1.8395 -2.6107 80 200 120
11.2817 1.0052 -3.3991 80 200 120
12.9769 2.2922 -4.6601 80 200 120
10.9578 0.4449 -2.6249 80 200 120
12.3986 2.0374 -4.5398 80 200 120
10.3690 -2.6585 -4.6181 80 200 120
10.9384 -1.1566 -4.4988 80 200 120
11.7994 1.7395 -5.0364 80 200 120
13.4485 1.2963 -4.9508 80 200 120
11.3470 0.1742 -5.1440 80 200 120
11.2154 -0.3607 -5.0762 80 200 120
13.3909 -4.0493 -5.1238 80 200 120
11.3517 -4.3068 -4.9747 80 200 120
13.1229 -8.5007 -3.6851 80 200 120
14.2363 0.5354 -4.7914 80 200 120
17.6949 -0.7733 -4.6329 80 200 120
8.8963 -3.2897 -1.9797 80 200 120
8.0988 -5.9939 -2.8606 80 200 120
14.5984 -6.2872 -3.6199 80 200 120
12.3944 -2.2353 -5.0368 80 200 120
13.7887 -0.6649 -4.1940 80 200 120
12.1928 -5.1349 -3.9895 80 200 120
11.0880 -6.7741 -5.1290 80 200 120
14.0558 -7.0019 -2.8066 80 200 120
12.7399 -7.1933 -4.0926 80 200 120
12.7830 -6.0528 -3.7198 80 200 120
9.8392 -3.8772 -4.9063 80 200 120
10.2426 -2.4415 -4.5257 80 200 120
12.2802 -6.5374 -3.7240 80 200 120
10.1844 -1.0542 -4.1764 80 200 120
9.9180 -1.5552 -4.4323 80 200 120
7.8265 -4.6315 -3.5066 80 200 120
15.4489 -6.0077 -2.0549 80 200 120
14.8698 -7.1999 -3.5950 80 200 120
18.1729 -1.1984 -4.6133 80 200 120
18.5011 -0.8917 -3.5812 80 200 120
15.2082 0.7347 -2.1366 80 200 120
14.9086 -0.8330 -4.2131 80 200 120
22.9904 -1.1713 -6.8053 80 200 120
14.7952 -3.4678 -5.0259 80 200 120
14.1014 -6.0659 -4.9484 80 200 120
17.4389 -9.6196 -5.0950 80 200 120
12.6318 -3.3461 -3.9595 80 200 120
13.3566 -4.5948 -4.2661 80 200 120
14.3105 -5.2993 -4.9571 80 200 120
13.3742 -1.8835 -4.1127 80 200 120
19.1025 0.0560 -4.4627 80 200 120
11.4067 -2.1918 -1.9853 80 200 120
12.3526 2.1166 -2.1995 80 200 120
12.1922 2.1829 -2.7345 80 200 120
12.1043 2.3001 -2.3357 80 200 120
11.3845 1.5585 -3.2807 80 200 120
12.1861 2.2054 -4.3303 80 200 120
12.8907 1.2916 -3.1368 80 200 120
11.0103 0.2137 -2.5122 80 200 120
14.3872 -0.0102 -2.1229 80 200 120
11.4850 1.6564 -4.1425 80 200 120
13.9677 1.1011 -3.7269 80 200 120
9.2137 -4.8621 -5.0933 80 200 120
13.7403 -1.1249 -5.8407 80 200 120
11.0354 -0.8313 -5.0080 80 200 120
11.1336 -1.7741 -5.1388 80 200 120
12.2741 1.8061 -4.8978 80 200 120
12.0404 0.1324 -3.5226 80 200 120
12.8251 -0.7851 -4.6129 80 200 120
9.9401 -2.9296 -4.3796 80 200 120
11.0792 -3.3572 -4.8423 80 200 120
12.7472 1.5334 -5.1377 80 200 120
8.4618 -5.5670 -4.9665 80 200 120
15.8602 -7.4148 -5.9207 80 200 120
11.0748 -0.2547 -4.9996 80 200 120
14.1519 -1.2757 -3.7960 80 200 120
11.0502 0.4659 -5.0147 80 200 120
13.2693 -4.1309 -5.1550 80 200 120
13.3538 -4.3432 -5.1277 80 200 120
13.3838 -4.3614 -5.1047 80 200 120
13.7635 -5.2718 -5.0562 80 200 120
10.9304 -1.1032 -4.5035 80 200 120
10.7337 -5.5893 -5.1848 80 200 120
11.6551 -5.5140 -4.6244 80 200 120
15.4056 -7.4457 -2.2416 80 200 120
12.1195 -4.0004 -3.9895 80 200 120
12.2340 -7.3686 -2.8462 80 200 120
14.9384 -5.5638 -1.8101 80 200 120
11.5334 -6.4733 -2.3854 80 200 120
15.4755 -5.2044 -2.0288 80 200 120
15.0905 -6.2894 -1.8074 80 200 120
15.3090 -5.8146 -1.9089 80 200 120
15.8428 -5.0776 -3.4892 80 200 120
14.7869 -1.0169 -4.4077 80 200 120
19.0523 -0.3185 -5.9923 80 200 120
14.2612 -1.3290 -4.0222 80 200 120
14.1269 -2.5977 -4.1137 80 200 120
13.1207 -0.7803 -3.7168 80 200 120
19.3161 -3.7195 -4.2706 80 200 120
13.5505 -0.7854 -3.9199 80 200 120
17.3398 -0.7281 -5.4899 80 200 120
10.9228 -0.3790 -2.3981 80 200 120
11.4159 1.2410 -3.0696 80 200 120
11.7180 1.6975 -4.0416 80 200 120
10.8349 0.2716 -2.5778 80 200 120
11.9294 1.6273 -2.0972 80 200 120
11.0060 0.4967 -2.1810 80 200 120
14.4531 -0.4282 -2.3471 80 200 120
13.8835 -0.3660 -2.0404 80 200 120
11.9150 2.1973 -4.5281 80 200 120
13.0768 0.9520 -3.4755 80 200 120
10.8929 0.2438 -5.0643 80 200 120
12.2596 1.5852 -5.0227 80 200 120
16.6645 -0.2043 -2.1979 80 200 120
17.9113 -10.1169 -6.6185 80 200 120
13.7754 -2.7585 -4.4147 80 200 120
12.8994 -4.1644 -4.5774 80 200 120
13.6511 -4.7543 -5.0064 80 200 120
13.1944 -3.8052 -5.1774 80 200 120
13.4618 -4.6587 -5.0826 80 200 120
12.9404 -3.4981 -5.0496 80 200 120
12.7323 -2.9250 -5.0786 80 200 120
15.2794 -4.6123 -4.8807 80 200 120
12.7134 -9.6408 -2.2373 80 200 120
13.7383 -0.7258 -4.1253 80 200 120
15.7681 -4.9798 -3.5466 80 200 120
9.6950 -7.0691 -1.9835 80 200 120
13.4893 -6.8908 -3.7718 80 200 120
9.1887 -8.8089 -5.9002 80 200 120
10.4733 -2.2955 -4.4067 80 200 120
10.3160 -1.7409 -4.4902 80 200 120
11.2698 0.8900 -2.1634 80 200 120
14.0550 -0.3175 -2.6576 80 200 120
15.2259 -5.7069 -5.1886 80 200 120
11.7466 -7.4196 -2.7238 80 200 120
16.1145 -0.8528 -5.1295 80 200 120
14.0721 -0.7029 -2.2448 80 200 120
13.3500 1.5396 -2.3556 80 200 120
11.1951 0.7654 -2.2047 80 200 120
12.9779 1.4265 -4.0573 80 200 120
10.2502 -4.3112 -4.5820 80 200 120
10.5587 -3.1119 -4.0501 80 200 120
10.0603 -5.6242 -5.2398 80 200 120
11.1242 -0.1448 -5.0563 80 200 120
7.9814 -4.9825 -5.0759 80 200 120
10.9796 -3.7865 -5.0258 80 200 120
9.8872 -1.9445 -3.0422 80 200 120
11.1955 -0.6291 -5.1054 80 200 120
9.7013 -1.9942 -3.3307 80 200 120
12.3847 1.5022 -4.8065 80 200 120
11.5225 -2.0536 -5.1247 80 200 120
13.0568 -3.4833 -5.1439 80 200 120
11.2507 -0.5328 -4.4881 80 200 120
11.2449 -0.3979 -4.4037 80 200 120
15.4615 -1.6458 -3.6577 80 200 120
11.3481 0.9025 -4.9850 80 200 120
11.9984 2.3233 -5.3733 80 200 120
12.7671 -3.2193 -5.1472 80 200 120
13.1640 -4.2662 -5.1911 80 200 120
13.0357 -5.4680 -5.0657 80 200 120
13.7812 -5.6182 -5.1311 80 200 120
12.7991 -4.0322 -4.5460 80 200 120
12.9856 -4.2551 -4.5353 80 200 120
13.3870 -4.7826 -5.1227 80 200 120
12.5748 -3.4051 -4.9147 80 200 120
13.6432 -5.3213 -5.1102 80 200 120
12.8970 -2.4229 -5.1187 80 200 120
14.6356 -5.4050 -5.4599 80 200 120
631.0963 -126.1247 -218.5505 80 200 120
13.3052 -0.9016 -3.6863 80 200 120
17.9284 -0.8873 -5.1119 80 200 120
15.2963 -1.1098 -3.6486 80 200 120
15.7236 -0.5157 -4.5576 80 200 120
15.4890 -3.5604 -4.0974 80 200 120
16.2801 -0.0389 -5.1982 80 200 120
9.1713 -6.5005 -2.6998 80 200 120
10.6288 -4.2952 -5.0692 80 200 120
11.3082 -4.8279 -4.8217 80 200 120
13.5171 -5.5156 -3.4845 80 200 120
10.1748 -2.9840 -4.7231 80 200 120
11.0889 0.6250 -2.1501 80 200 120
14.8941 -6.6326 -1.9022 80 200 120
9.0646 -3.3268 -4.4351 80 200 120
12.5549 -0.4115 -3.0094 80 200 120
14.8984 -11.0230 -3.3073 80 200 120
15.0649 -1.3339 -4.2882 80 200 120
14.2167 -1.3311 -3.5197 80 200 120
16.0511 0.3637 -4.2227 80 200 120
13.4945 -1.4562 -3.4392 80 200 120
14.3251 1.1231 -2.1288 80 200 120
12.9235 1.7690 -2.2355 80 200 120
13.1336 1.6974 -2.9929 80 200 120
11.8305 1.9948 -2.5807 80 200 120
13.0098 1.7412 -2.3892 80 200 120
12.5888 2.0298 -2.7193 80 200 120
12.6685 1.8397 -2.2495 80 200 120
13.7741 1.3452 -2.2214 80 200 120
14.3263 1.1090 -2.1252 80 200 120
13.2434 1.6334 -2.1414 80 200 120
14.6591 0.9103 -2.1500 80 200 120
13.5332 1.4351 -3.3261 80 200 120
13.9011 1.2989 -2.6430 80 200 120
13.5381 1.4267 -2.1414 80 200 120
14.1132 1.2019 -2.0761 80 200 120
14.0448 1.3618 -3.1699 80 200 120
14.2759 1.1120 -2.4077 80 200 120
13.0757 1.5056 -2.0389 80 200 120
14.0568 1.0289 -2.7930 80 200 120
13.7394 1.5228 -2.6169 80 200 120
13.9023 1.1004 -2.8935 80 200 120
13.3993 1.5200 -2.9059 80 200 120
13.9627 0.9685 -3.3349 80 200 120
14.3511 0.7642 -2.0838 80 200 120
14.5675 1.0354 -2.3245 80 200 120
13.7387 1.3393 -2.8850 80 200 120
10.9790 0.5386 -2.6139 80 200 120
13.9029 0.6972 -3.2856 80 200 120
15.6462 0.4716 -2.3675 80 200 120
12.9876 1.7051 -3.6523 80 200 120
6.9406 -6.1264 -4.7031 80 200 120
13.8048 -0.7185 -4.4882 80 200 120
15.5463 -4.0328 -4.2110 80 200 120
15.5317 0.4334 -2.1686 80 200 120
16.2084 0.0917 -2.2425 80 200 120
13.2991 -2.0319 -4.0708 80 200 120
10.6320 -1.0068 -5.7074 80 200 120
13.8062 -0.5861 -4.5963 80 200 120
11.1423 -0.6190 -4.9393 80 200 120
13.5455 -1.5260 -3.4921 80 200 120
17.2258 -0.7126 -2.2294 80 200 120
10.8140 0.3059 -5.1956 80 200 120
12.9515 1.9400 -4.2513 80 200 120
10.8281 -0.3155 -5.1019 80 200 120
10.7831 0.0188 -5.0496 80 200 120
11.2029 -0.2745 -4.9712 80 200 120
14.1919 -0.5747 -4.2139 80 200 120
10.0970 -2.1853 -3.6305 80 200 120
7.2118 -6.1298 -1.8683 80 200 120
13.3138 -5.2465 -2.4398 80 200 120
14.9628 0.7973 -5.3285 80 200 120
14.5973 -0.6311 -3.6414 80 200 120
9.7761 -1.8328 -2.2392 80 200 120
10.3847 -7.5278 -4.9589 80 200 120
13.4537 -7.9268 -2.7202 80 200 120
10.9922 0.2695 -2.2075 80 200 120
15.0406 -6.7983 -2.3701 80 200 120
14.9068 -4.8942 -1.8971 80 200 120
15.5942 -5.1115 -4.4392 80 200 120
13.3961 -0.9782 -3.7037 80 200 120
13.3373 -3.8936 -4.3004 80 200 120
21.5986 -1.1344 -6.4097 80 200 120
13.6798 -3.9503 -4.4530 80 200 120
15.7437 -6.4720 -4.5216 80 200 120
14.5123 0.5696 -2.6710 80 200 120
14.6809 0.6667 -2.8396 80 200 120
11.2992 1.1344 -2.7091 80 200 120
14.4734 1.0483 -2.6129 80 200 120
13.4585 0.7127 -2.1249 80 200 120
15.2820 0.5575 -2.1419 80 200 120
14.9364 0.9599 -2.7564 80 200 120
13.4724 1.6688 -4.1053 80 200 120
11.7235 1.4667 -3.5820 80 200 120
10.7810 -0.0127 -2.4923 80 200 120
14.3412 0.7286 -3.1413 80 200 120
12.6677 2.0592 -3.2681 80 200 120
13.3818 1.2084 -3.7517 80 200 120
10.7441 -5.1600 -5.2120 80 200 120
9.9736 -4.4370 -5.0139 80 200 120
9.3838 -4.6450 -4.9416 80 200 120
9.3955 -5.0329 -4.5728 80 200 120
11.0081 -0.2293 -4.8721 80 200 120
13.0864 -1.9133 -4.3465 80 200 120
17.5592 -0.7917 -2.5416 80 200 120
14.4360 -2.9295 -4.2462 80 200 120
11.2178 -0.4378 -4.3888 80 200 120
14.3917 1.1407 -2.0667 80 200 120
15.7730 -1.5741 -4.0061 80 200 120
15.9694 -1.3270 -4.1382 80 200 120
11.7811 0.4324 -5.0848 80 200 120
11.2359 -6.0980 -4.2996 80 200 120
11.6872 -6.4790 -3.3545 80 200 120
13.1603 -3.4018 -5.1154 80 200 120
11.3375 -1.8430 -5.0888 80 200 120
15.5371 -1.0496 -4.4081 80 200 120
15.3627 0.0152 -5.0107 80 200 120
11.1469 -1.5047 -2.1172 80 200 120
10.8211 0.0384 -2.1967 80 200 120
9.8249 -6.7475 -4.9878 80 200 120
9.1607 -4.2925 -4.9929 80 200 120
10.5744 -6.8863 -5.3644 80 200 120
16.1799 -1.1812 -4.6760 80 200 120
14.1186 -1.1166 -3.4676 80 200 120
10.7447 -0.5704 -2.3635 80 200 120
11.4035 1.2809 -3.2953 80 200 120
11.9073 1.5253 -4.1847 80 200 120
11.3093 0.7029 -2.0869 80 200 120
10.6802 -0.1884 -2.1658 80 200 120
12.9462 1.4760 -3.7629 80 200 120
9.6621 -1.1578 -1.8053 80 200 120
11.4236 1.1110 -3.4778 80 200 120
12.9132 1.6938 -3.9241 80 200 120
13.6757 0.1151 -2.1103 80 200 120
13.1866 1.6144 -2.8195 80 200 120
12.3412 2.0794 -3.6097 80 200 120
13.2689 0.1674 -2.1295 80 200 120
12.1083 2.0502 -3.8664 80 200 120
9.9908 -4.8546 -4.3337 80 200 120
13.0775 -0.9737 -4.9878 80 200 120
11.3157 -3.3033 -5.0286 80 200 120
14.7568 0.6716 -5.1788 80 200 120
13.9814 -0.1386 -5.1402 80 200 120
14.0076 0.2035 -5.1790 80 200 120
13.7581 0.1716 -5.1646 80 200 120
14.7674 0.1949 -4.8781 80 200 120
14.1566 -0.1792 -4.9595 80 200 120
10.8668 -1.1390 -5.1297 80 200 120
13.2028 -2.0327 -4.0722 80 200 120
13.1992 -1.7832 -3.9994 80 200 120
13.1022 -1.9378 -4.1674 80 200 120
10.9617 -0.2344 -4.8462 80 200 120
11.5521 -0.1750 -5.1516 80 200 120
11.3471 -0.4211 -5.0420 80 200 120
14.5055 -3.5971 -4.5093 80 200 120
10.1567 -6.7253 -4.7135 80 200 120
13.6348 -0.8110 -4.2927 80 200 120
10.8971 -0.3819 -4.7411 80 200 120
11.2353 -0.5625 -4.5247 80 200 120
11.0775 -0.7927 -4.5628 80 200 120
14.4441 0.3577 -4.7745 80 200 120
10.3290 -0.9756 -2.1968 80 200 120
9.9281 -1.5493 -3.5117 80 200 120
12.1404 -4.6135 -4.3899 80 200 120
12.8751 -5.2555 -4.0635 80 200 120
10.4191 -5.6019 -5.1180 80 200 120
11.1183 0.7464 -2.3523 80 200 120
10.0959 -1.2158 -4.2057 80 200 120
15.3553 -3.9620 -3.9300 80 200 120
15.1168 -1.2279 -4.5559 80 200 120
16.7646 -1.6925 -3.8375 80 200 120
12.2423 -8.7860 -2.7843 80 200 120
13.6224 -0.9467 -3.9607 80 200 120
13.7736 -0.3889 -2.0574 80 200 120
13.7027 1.3457 -2.3957 80 200 120
10.5571 -0.0627 -2.5608 80 200 120
13.3839 1.0216 -3.5257 80 200 120
10.5903 -0.4984 -2.2156 80 200 120
11.5730 1.5616 -2.9856 80 200 120
11.4530 -4.5318 -5.0713 80 200 120
10.2985 -1.7865 -2.8314 80 200 120
10.3872 -4.6784 -4.8788 80 200 120
13.7359 -0.7724 -4.8422 80 200 120
15.7044 0.2356 -4.1394 80 200 120
14.4427 0.3862 -5.1628 80 200 120
13.7219 -0.8363 -4.1051 80 200 120
14.9053 -0.0373 -4.7662 80 200 120
15.2576 -0.1633 -4.7152 80 200 120
11.2055 -0.6481 -4.4716 80 200 120
14.3185 0.8011 -5.0848 80 200 120
10.9456 0.4393 -5.1841 80 200 120
12.9164 1.5730 -5.0341 80 200 120
13.8630 -1.2600 -3.4978 80 200 120
10.9016 0.1725 -5.0582 80 200 120
10.8165 -0.3964 -4.8072 80 200 120
11.0803 -1.5005 -5.1417 80 200 120
11.0142 -0.5137 -4.6253 80 200 120
9.6095 -4.4102 -5.1044 80 200 120
14.4161 -1.1982 -4.0270 80 200 120
14.3949 -1.0484 -4.2910 80 200 120
10.2712 -1.8616 -4.5649 80 200 120
11.5436 -5.2599 -5.0172 80 200 120
15.8187 -6.7660 -2.6504 80 200 120
13.4672 -6.4084 -4.1975 80 200 120
10.4013 -2.7300 -4.5108 80 200 120
9.6436 -4.7654 -4.9627 80 200 120
9.5732 -5.2264 -4.3557 80 200 120
9.2448 -2.7007 -2.5169 80 200 120
15.4488 0.4053 -3.5407 80 200 120
15.2915 -5.9100 -5.2260 80 200 120
13.3840 -6.3332 -4.3050 80 200 120
14.3649 -6.3348 -4.2564 80 200 120
14.3701 -2.6926 -4.2326 80 200 120
15.4081 -3.6276 -4.1954 80 200 120
14.6229 -6.4291 -5.2069 80 200 120
16.8648 -0.7429 -2.8147 80 200 120
14.0648 -1.3149 -3.4923 80 200 120
14.8437 -1.3390 -4.2140 80 200 120
13.4930 -1.5753 -3.5869 80 200 120
11.0712 0.5579 -2.1144 80 200 120
11.6177 1.6713 -2.5050 80 200 120
13.7296 1.4251 -3.0145 80 200 120
12.4512 1.7497 -3.8926 80 200 120
12.0300 -3.6504 -5.0622 80 200 120
11.1554 -5.0888 -5.0612 80 200 120
9.5035 -5.9257 -4.6832 80 200 120
13.4172 -1.4927 -5.7314 80 200 120
10.8608 -4.7409 -4.9929 80 200 120
13.7327 -0.8448 -4.5439 80 200 120
17.4392 -0.3972 -3.6548 80 200 120
17.6009 -0.4377 -3.0325 80 200 120
13.3042 -1.4032 -3.7761 80 200 120
14.2749 0.9899 -2.1802 80 200 120
11.0370 -0.1138 -5.1222 80 200 120
13.1697 1.1955 -5.2081 80 200 120
11.9771 1.2455 -3.9645 80 200 120
13.5664 -1.1067 -3.7566 80 200 120
13.3043 -2.3687 -4.3582 80 200 120
14.3343 -5.7967 -4.8720 80 200 120
11.4303 -7.1029 -2.6668 80 200 120
13.1332 -1.3132 -3.7463 80 200 120
13.2807 -1.0133 -3.6781 80 200 120
13.0552 -1.2391 -3.4063 80 200 120
13.1861 -0.9918 -3.8030 80 200 120
13.1757 -0.9724 -3.3893 80 200 120
9.8999 -1.6090 -2.1424 80 200 120
15.1066 -8.1938 -3.7743 80 200 120
17.7145 -1.4933 -5.2329 80 200 120
14.4117 -7.9048 -4.9637 80 200 120
15.7155 -3.1857 -3.7914 80 200 120
18.7143 -0.9725 -5.3964 80 200 120
11.4304 -2.1512 -2.1396 80 200 120
15.9845 -5.7129 -5.2355 80 200 120
14.4125 -0.9809 -2.3919 80 200 120
15.8970 -0.1697 -5.0126 80 200 120
12.7924 2.1778 -4.1350 80 200 120
11.1964 0.9459 -2.4293 80 200 120
11.3081 1.2585 -2.8871 80 200 120
11.6584 1.9396 -2.9454 80 200 120
11.8491 1.7902 -4.3588 80 200 120
11.2395 1.0160 -3.1947 80 200 120
11.9155 -3.1271 -4.5654 80 200 120
12.2233 -3.3980 -5.0165 80 200 120
10.1798 -6.8750 -5.0615 80 200 120
9.5157 -3.0120 -2.9904 80 200 120
9.7698 -7.1062 -4.9073 80 200 120
9.9560 -5.0152 -4.7983 80 200 120
11.0345 0.4235 -5.0756 80 200 120
13.3446 0.1535 -5.1001 80 200 120
16.9288 -1.1943 -4.8535 80 200 120
10.8736 -0.4233 -4.6935 80 200 120
11.0199 -0.5323 -4.5657 80 200 120
11.4417 1.3189 -5.1925 80 200 120
11.1258 -0.5989 -4.6173 80 200 120
13.1805 -2.1407 -4.6347 80 200 120
11.0261 -0.8473 -4.5919 80 200 120
13.4087 1.4451 -4.2012 80 200 120
12.8377 -4.2673 -4.9711 80 200 120
12.8171 -3.9028 -5.0737 80 200 120
11.9358 -2.8749 -5.0856 80 200 120
12.5455 -3.6652 -4.3060 80 200 120
14.2973 -0.9824 -4.2200 80 200 120
14.4496 -1.2238 -4.0373 80 200 120
16.4115 -1.4678 -3.7562 80 200 120
10.2928 -1.5790 -4.6591 80 200 120
15.6633 -0.1748 -4.9515 80 200 120
17.5521 -0.9921 -4.0625 80 200 120
15.2107 -3.0667 -3.7139 80 200 120
15.1085 0.2979 -5.1053 80 200 120
11.0126 -0.8691 -4.6381 80 200 120
9.1447 -3.2724 -1.9901 80 200 120
11.7951 -2.8559 -2.1130 80 200 120
12.2769 -4.4842 -3.9595 80 200 120
11.3853 -5.1099 -5.0247 80 200 120
14.1070 -7.9192 -3.4803 80 200 120
13.2390 -1.0399 -2.0102 80 200 120
16.1766 -5.3643 -1.8780 80 200 120
9.6875 -1.9808 -2.4728 80 200 120
9.5304 -4.0721 -1.9243 80 200 120
13.8818 -0.6305 -2.7312 80 200 120
14.6994 -2.9543 -3.6505 80 200 120
16.8356 -1.5607 -3.8558 80 200 120
14.7396 -1.3287 -4.1785 80 200 120
12.8329 -6.4835 -3.6065 80 200 120
16.1593 -1.6956 -3.9353 80 200 120
15.3210 0.4569 -3.1024 80 200 120
15.3186 -6.0779 -2.9737 80 200 120
17.8733 -1.2895 -4.5970 80 200 120
10.9676 0.6132 -2.2527 80 200 120
10.9668 0.4955 -2.8484 80 200 120
10.8741 0.1945 -2.6378 80 200 120
10.6913 -0.1135 -2.4715 80 200 120
13.3490 1.3908 -3.5591 80 200 120
12.4101 1.9134 -3.0314 80 200 120
10.7374 -0.1464 -2.1074 80 200 120
10.8426 -1.3126 -4.7747 80 200 120
11.0543 -1.6362 -4.7871 80 200 120
11.4001 -1.2885 -5.1485 80 200 120
11.5642 -1.1248 -5.1653 80 200 120
10.9727 -1.4863 -4.9074 80 200 120
10.8509 -2.0496 -5.0264 80 200 120
10.3018 -5.1023 -5.0061 80 200 120
18.4034 -1.0154 -3.6987 80 200 120
13.3420 -1.0213 -4.6250 80 200 120
16.3696 -0.4261 -4.8031 80 200 120
15.6050 -0.2658 -4.7908 80 200 120
17.7596 -0.9746 -4.7086 80 200 120
18.2992 -1.0316 -4.1291 80 200 120
13.2203 -1.4053 -3.9116 80 200 120
13.2905 -2.3675 -4.5673 80 200 120
11.0205 -0.4537 -4.7687 80 200 120
17.0898 -0.7518 -2.7557 80 200 120
17.9422 -1.4138 -2.4963 80 200 120
12.8414 -4.1998 -4.7762 80 200 120
11.9512 -3.3827 -5.1410 80 200 120
12.0652 -3.6458 -5.1040 80 200 120
11.1802 -0.6944 -4.9798 80 200 120
7.0087 -6.4167 -5.3099 80 200 120
11.6775 -7.8237 -2.7052 80 200 120
13.1526 -1.8946 -5.0190 80 200 120
13.2520 -1.4087 -3.9153 80 200 120
13.3285 -1.0742 -3.8835 80 200 120
10.9902 -0.6281 -4.8686 80 200 120
13.3215 -1.4530 -3.7489 80 200 120
10.7764 -5.8451 -1.8885 80 200 120
11.9974 -6.2831 -4.0351 80 200 120
14.0846 -5.9994 -3.7489 80 200 120
8.9085 -3.5809 -4.8748 80 200 120
15.3345 -6.1074 -3.0624 80 200 120
15.5657 -6.1067 -2.3423 80 200 120
11.1567 0.7593 -2.1504 80 200 120
13.7376 -8.5410 -3.9141 80 200 120
10.8602 0.3024 -2.1929 80 200 120
10.0678 -1.1116 -2.7819 80 200 120
13.2908 -1.4154 -2.2294 80 200 120
13.7905 -2.5349 -2.0909 80 200 120
11.0004 0.4854 -2.1528 80 200 120
13.5716 -9.8603 -1.9775 80 200 120
12.7256 -4.9140 -2.2928 80 200 120
16.0695 -6.0017 -5.0117 80 200 120
18.8211 -0.9774 -5.5119 80 200 120
17.9241 -0.9725 -4.0883 80 200 120
17.4859 -1.2863 -5.0432 80 200 120
17.4059 0.0236 -5.7672 80 200 120
16.6232 -0.4073 -5.2999 80 200 120
11.8715 1.8120 -4.1849 80 200 120
11.5154 1.4370 -2.1795 80 200 120
11.9007 1.9968 -3.9784 80 200 120
11.3541 1.0404 -3.4679 80 200 120
12.4883 1.4673 -3.9308 80 200 120
11.2612 -0.9160 -5.1789 80 200 120
12.6773 -3.1108 -5.1375 80 200 120
11.0204 -0.4835 -4.8317 80 200 120
11.3955 1.1535 -4.5902 80 200 120
11.1892 -0.3436 -5.1112 80 200 120
11.4316 -0.1904 -5.2111 80 200 120
11.6459 -0.9666 -5.1732 80 200 120
10.9525 0.5700 -4.6759 80 200 120
12.0326 -0.3242 -5.1694 80 200 120
10.6897 -0.0118 -4.8225 80 200 120
12.4411 -0.4741 -5.1585 80 200 120
10.2411 -0.7420 -4.6378 80 200 120
11.2441 -1.9625 -5.1255 80 200 120
10.4584 -2.7987 -5.0143 80 200 120
13.2665 -1.9326 -5.2468 80 200 120
13.1711 -1.4026 -5.2898 80 200 120
13.1515 -1.3361 -5.0983 80 200 120
12.9685 -1.8436 -5.1603 80 200 120
13.1729 -1.7673 -5.0729 80 200 120
13.1533 -1.3469 -5.0400 80 200 120
10.7900 -0.8590 -4.5663 80 200 120
10.7802 -1.3062 -5.0875 80 200 120
10.9525 -0.6251 -4.8284 80 200 120
10.9892 -0.8644 -4.6009 80 200 120
13.4097 -0.5892 -4.7599 80 200 120
10.9323 -0.5567 -4.6531 80 200 120
14.6063 -3.3439 -4.4243 80 200 120
13.2582 -1.9155 -4.0569 80 200 120
12.6266 -3.9620 -4.8956 80 200 120
10.4273 -2.7014 -4.6949 80 200 120
10.0712 -3.2765 -4.8480 80 200 120
10.4301 -3.3929 -5.0715 80 200 120
8.3304 -4.2328 -4.5675 80 200 120
11.5178 -2.4273 -5.0980 80 200 120
11.4578 -0.9805 -5.1040 80 200 120
14.0566 -6.7559 -4.7880 80 200 120
10.5719 -3.6350 -5.0553 80 200 120
10.5380 -1.3077 -4.4900 80 200 120
11.1204 -0.5654 -4.9951 80 200 120
12.1105 -4.7935 -4.3582 80 200 120
15.6428 -0.0497 -5.1869 80 200 120
11.5810 -8.0100 -1.8749 80 200 120
13.9683 -1.8358 -3.4979 80 200 120
10.9866 -0.4998 -4.9413 80 200 120
13.2703 -2.9150 -5.1020 80 200 120
10.2583 -3.7659 -1.9643 80 200 120
11.0773 -3.2653 -2.0018 80 200 120
10.0179 -2.4454 -2.0269 80 200 120
10.3282 -5.5436 -1.9232 80 200 120
8.2208 -4.7070 -2.3357 80 200 120
9.3374 -2.4190 -3.3169 80 200 120
7.9556 -6.3251 -2.8484 80 200 120
11.6605 -2.6276 -2.1401 80 200 120
10.6747 -3.9420 -2.0109 80 200 120
15.5685 -4.1248 -2.0367 80 200 120
10.3771 -2.4585 -4.3998 80 200 120
9.9748 -2.5753 -4.5692 80 200 120
8.3190 -6.5301 -3.1848 80 200 120
11.5322 -3.7771 -2.3287 80 200 120
12.9865 -4.8193 -1.8591 80 200 120
13.0814 -5.0050 -1.9629 80 200 120
13.4372 -4.8878 -1.9908 80 200 120
13.6946 -5.3397 -1.9374 80 200 120
16.8053 -0.2517 -4.0815 80 200 120
14.9233 0.7345 -2.5127 80 200 120
13.2420 1.3038 -2.1767 80 200 120
13.1200 -1.2431 -1.9869 80 200 120
18.1966 -1.6291 -5.9594 80 200 120
14.0476 -2.6961 -4.1360 80 200 120
15.2251 -4.0569 -4.3919 80 200 120
11.7030 1.6221 -2.2197 80 200 120
12.8530 0.3581 -2.0495 80 200 120
13.0641 0.1997 -2.1002 80 200 120
10.8396 0.1777 -2.6547 80 200 120
10.8016 0.0414 -2.6060 80 200 120
10.9060 0.4817 -2.8093 80 200 120
11.1622 0.7183 -3.3974 80 200 120
10.8460 0.3922 -2.6030 80 200 120
14.0069 1.2910 -3.1391 80 200 120
11.9041 2.2235 -2.5000 80 200 120
12.9451 1.5599 -3.3637 80 200 120
13.8285 1.1712 -2.7500 80 200 120
12.4363 -3.6043 -5.0499 80 200 120
10.8011 -1.0450 -4.6291 80 200 120
10.7879 -0.3756 -4.7950 80 200 120
11.2427 0.8464 -5.0553 80 200 120
11.8664 0.3254 -5.2028 80 200 120
12.1946 0.3111 -5.2241 80 200 120
11.8794 -0.0021 -5.2199 80 200 120
11.1477 1.0299 -4.7302 80 200 120
11.3846 0.0325 -5.2226 80 200 120
12.0579 0.0668 -5.2485 80 200 120
12.6903 0.0924 -5.2314 80 200 120
11.3881 -0.5487 -5.1747 80 200 120
11.8948 -0.6140 -5.1796 80 200 120
10.5485 -0.1255 -4.7251 80 200 120
10.4981 -1.7019 -4.5388 80 200 120
11.8586 1.6872 -5.4839 80 200 120
10.8787 -2.4557 -5.1278 80 200 120
12.9906 -2.8091 -5.3085 80 200 120
9.4471 -7.7396 -5.1978 80 200 120
8.8574 -4.3954 -5.1029 80 200 120
10.3928 -4.3778 -5.0692 80 200 120
12.9628 0.9169 -4.9403 80 200 120
10.9548 -6.0170 -4.9317 80 200 120
13.0521 0.6617 -5.2350 80 200 120
16.4098 -1.4787 -3.7996 80 200 120
11.0282 -1.5295 -5.0536 80 200 120
13.2439 -1.7618 -4.3474 80 200 120
12.5964 -3.8166 -4.4372 80 200 120
10.7723 -1.3124 -4.7530 80 200 120
12.5207 -2.2694 -5.1356 80 200 120
10.6159 -1.7315 -4.4986 80 200 120
13.1180 -5.5843 -4.3183 80 200 120
10.7920 -1.1500 -5.0997 80 200 120
14.4160 -5.6513 -4.9083 80 200 120
12.5707 -1.6101 -5.1044 80 200 120
10.9152 -4.4253 -5.1105 80 200 120
14.8160 -3.3175 -4.5230 80 200 120
15.6000 -0.5111 -4.8202 80 200 120
11.0848 -6.4345 -3.7227 80 200 120
13.9865 -8.2172 -2.0096 80 200 120
10.7164 -0.4428 -4.8455 80 200 120
15.4970 -6.1971 -2.3485 80 200 120
13.1170 -1.0937 -5.1671 80 200 120
10.8589 -0.9865 -4.5516 80 200 120
10.6357 -3.1772 -2.0192 80 200 120
9.1521 -5.6193 -1.9408 80 200 120
8.6988 -6.4331 -2.0871 80 200 120
10.8189 -4.3196 -1.9886 80 200 120
12.4242 -5.9887 -4.0863 80 200 120
15.5052 -6.4099 -3.0161 80 200 120
10.1753 -6.4932 -5.2650 80 200 120
14.2761 -6.6356 -3.8303 80 200 120
12.0488 -4.1899 -4.1089 80 200 120
12.2943 -3.7445 -4.0691 80 200 120
12.2589 -1.2118 -2.7887 80 200 120
12.5896 -5.1932 -1.3932 80 200 120
11.5214 -3.1008 -2.3765 80 200 120
12.4614 -5.4491 -2.4738 80 200 120
12.4317 -4.4686 -1.8657 80 200 120
13.0902 1.7084 -2.9444 80 200 120
18.2071 -0.9544 -5.2124 80 200 120
14.9016 -3.0618 -3.6682 80 200 120
17.2368 -0.8245 -5.4360 80 200 120
15.4673 0.3894 -3.5224 80 200 120
13.8267 -1.2457 -3.3204 80 200 120
13.1689 -1.3957 -2.4997 80 200 120
13.3172 -1.4667 -2.7280 80 200 120
14.2141 -12.1492 -2.3879 80 200 120
12.7285 2.0172 -3.1568 80 200 120
13.2681 0.4216 -2.0439 80 200 120
12.0311 1.5854 -2.0333 80 200 120
12.9775 0.5962 -2.0676 80 200 120
11.8119 2.4869 -4.5020 80 200 120
10.9836 0.9688 -2.6171 80 200 120
12.2290 1.7490 -2.7906 80 200 120
10.9606 0.7885 -2.8674 80 200 120
13.2489 1.1511 -3.4007 80 200 120
11.2358 0.8139 -3.1637 80 200 120
11.2876 0.3825 -5.2827 80 200 120
10.9988 0.1090 -5.1915 80 200 120
12.1165 1.0426 -5.2711 80 200 120
11.7640 3.5153 -5.0443 80 200 120
11.9148 0.7448 -5.2264 80 200 120
11.5562 0.6489 -5.1339 80 200 120
12.5619 1.0018 -5.2834 80 200 120
12.5217 0.4138 -5.2282 80 200 120
12.7484 1.1162 -5.2113 80 200 120
11.0901 0.5906 -5.1425 80 200 120
13.0731 -0.1546 -5.1997 80 200 120
12.3438 -0.1347 -5.1986 80 200 120
12.4812 -0.3727 -5.2198 80 200 120
12.4832 -0.0196 -5.1514 80 200 120
10.8769 -2.9561 -5.1161 80 200 120
10.7013 -6.7969 -4.7124 80 200 120
12.0411 -4.4301 -4.8831 80 200 120
10.5024 -5.8164 -4.4745 80 200 120
12.7758 -2.6467 -5.1706 80 200 120
13.0374 -2.1565 -5.0829 80 200 120
12.4904 0.0211 -5.1454 80 200 120
12.2558 -0.3418 -5.1857 80 200 120
12.8049 -2.3373 -5.1889 80 200 120
13.1639 -1.9557 -4.9673 80 200 120
12.4383 0.3072 -5.1760 80 200 120
13.4937 1.3024 -5.1944 80 200 120
12.2780 1.3900 -5.1438 80 200 120
13.1741 -1.4419 -4.9970 80 200 120
12.9736 -2.5427 -5.1372 80 200 120
13.2295 -1.7475 -4.5732 80 200 120
13.9509 -0.5080 -4.4133 80 200 120
13.7202 -0.7401 -3.9271 80 200 120
13.1544 -2.1608 -4.0906 80 200 120
10.7227 -1.3557 -5.1240 80 200 120
17.8957 -0.9034 -2.0703 80 200 120
13.1640 -2.2407 -4.6868 80 200 120
11.4924 -0.5846 -5.1857 80 200 120
13.3097 0.6363 -5.1729 80 200 120
13.1077 -2.1505 -4.2574 80 200 120
10.9252 -0.9732 -5.0542 80 200 120
17.5233 -1.9796 -3.1151 80 200 120
11.2468 -1.2251 -5.1116 80 200 120
12.4745 -3.4783 -5.1755 80 200 120
12.6267 -3.6053 -4.9830 80 200 120
12.5112 -3.8243 -4.6403 80 200 120
10.7977 -1.4415 -5.1575 80 200 120
11.7419 -6.3094 -4.0588 80 200 120
8.4810 -4.2658 -4.8936 80 200 120
11.4636 -2.8294 -5.1494 80 200 120
10.9581 -1.5358 -4.4791 80 200 120
9.5557 -5.3178 -4.6713 80 200 120
10.4142 -2.7519 -4.9303 80 200 120
12.1597 -3.5648 -5.1029 80 200 120
11.3426 -1.5724 -5.1827 80 200 120
13.0911 -2.1549 -4.9723 80 200 120
13.2380 -1.4703 -4.9650 80 200 120
10.8376 -1.4490 -4.5272 80 200 120
13.7010 -0.9548 -4.0521 80 200 120
13.1633 -1.4087 -3.8634 80 200 120
15.6262 -1.3767 -3.6681 80 200 120
13.2792 -1.4799 -3.7073 80 200 120
13.1875 -1.4109 -4.3097 80 200 120
16.4866 -0.9525 -3.9126 80 200 120
10.6880 0.1379 -5.2250 80 200 120
14.7421 -2.9250 -4.4490 80 200 120
13.5462 -1.1525 -3.7150 80 200 120
13.2360 -1.0781 -3.8320 80 200 120
8.1405 -5.6007 -1.9131 80 200 120
9.3436 -3.2729 -1.9343 80 200 120
7.9982 -6.5702 -2.2876 80 200 120
12.0811 -4.2051 -1.9841 80 200 120
9.4196 -2.2382 -3.7817 80 200 120
9.4490 -2.6865 -4.7686 80 200 120
12.4626 -4.5168 -4.0552 80 200 120
9.1851 -2.8305 -2.1041 80 200 120
10.2946 -2.8247 -4.5523 80 200 120
7.7205 -5.6420 -4.8822 80 200 120
10.2631 -7.1146 -4.8289 80 200 120
11.1180 -4.8843 -5.1031 80 200 120
10.6833 -0.0750 -2.1550 80 200 120
9.7328 -4.5267 -5.2236 80 200 120
11.4186 -4.0880 -2.1602 80 200 120
13.2347 -7.8423 -1.9234 80 200 120
12.1748 -4.3805 -2.6577 80 200 120
12.8137 -5.1531 -1.7908 80 200 120
16.5689 -3.8119 -3.3747 80 200 120
15.6197 -0.9181 -2.4546 80 200 120
15.4972 -1.2673 -2.6681 80 200 120
17.0452 -0.2796 -2.8763 80 200 120
14.7808 -0.6592 -2.1300 80 200 120
15.3758 -4.1154 -3.8940 80 200 120
14.7673 -6.0804 -4.2988 80 200 120
17.0090 0.0084 -5.5953 80 200 120
17.1771 -0.3466 -5.6010 80 200 120
13.1816 -1.0153 -2.1210 80 200 120
15.6600 -5.4550 -4.4851 80 200 120
15.6349 -4.4879 -4.5978 80 200 120
14.1849 0.9335 -2.1541 80 200 120
15.9935 -7.2747 -4.6903 80 200 120
13.6348 -4.9709 -3.7857 80 200 120
15.2914 -4.9992 -4.9192 80 200 120
11.3185 1.3076 -2.4050 80 200 120
12.8526 1.6495 -2.7541 80 200 120
10.7607 0.3314 -2.3504 80 200 120
14.6857 0.9549 -2.0591 80 200 120
12.6079 -3.5389 -5.0334 80 200 120
11.3437 1.4418 -5.2438 80 200 120
11.3742 -6.0589 -4.8440 80 200 120
13.0400 -1.2996 -5.2975 80 200 120
9.6107 -3.1824 -2.7970 80 200 120
12.4317 0.6699 -5.2225 80 200 120
14.1722 -1.2502 -4.0083 80 200 120
13.1675 -0.9788 -4.6001 80 200 120
11.0040 -1.5570 -5.0865 80 200 120
13.3034 -1.5225 -3.7325 80 200 120
10.9107 -0.9012 -4.6548 80 200 120
10.7454 -1.1826 -4.6760 80 200 120
13.2363 -1.9663 -4.0788 80 200 120
12.0693 0.1997 -5.1364 80 200 120
10.8470 -2.0321 -5.1484 80 200 120
10.5483 -2.1751 -4.4829 80 200 120
10.8881 -2.6904 -5.1230 80 200 120
10.7332 -3.0719 -5.1585 80 200 120
11.6609 -6.0304 -4.6210 80 200 120
11.8689 -6.3847 -4.2986 80 200 120
11.6249 -1.8860 -5.1451 80 200 120
11.3516 -2.2186 -5.1488 80 200 120
12.3349 -3.3659 -5.1980 80 200 120
13.9765 -7.6693 -3.5287 80 200 120
11.8473 -5.6219 -5.0500 80 200 120
8.0305 -5.8642 -4.7026 80 200 120
12.6028 -4.9592 -4.1248 80 200 120
13.8077 -1.1237 -3.9097 80 200 120
10.4763 -1.3206 -4.5467 80 200 120
17.4051 -1.0225 -4.9181 80 200 120
13.8726 -0.7903 -4.3838 80 200 120
16.2528 -0.1541 -5.2446 80 200 120
14.8903 0.6325 -5.2800 80 200 120
15.4477 -0.1076 -5.1184 80 200 120
9.6159 -4.8435 -1.9781 80 200 120
8.5368 -4.0282 -2.1270 80 200 120
11.3526 -5.8405 -5.1559 80 200 120
8.3469 -7.4094 -4.9657 80 200 120
10.5202 -7.4064 -3.4056 80 200 120
14.2644 -6.7161 -4.2573 80 200 120
8.6752 -6.3298 -5.6079 80 200 120
8.4795 -4.4403 -4.7755 80 200 120
9.5959 -6.9908 -5.1237 80 200 120
10.2011 -5.3287 -5.0813 80 200 120
11.7880 -6.0089 -4.4640 80 200 120
12.2107 -2.6150 -2.7658 80 200 120
11.8351 -5.7382 -2.1430 80 200 120
13.5105 -5.3706 -1.9805 80 200 120
15.4413 0.2706 -2.0797 80 200 120
16.9421 -0.4202 -2.1335 80 200 120
16.1537 0.0554 -2.4226 80 200 120
16.2557 -0.0237 -2.0489 80 200 120
15.9942 -4.4284 -2.0014 80 200 120
15.8953 -2.8530 -3.7573 80 200 120
13.1690 -1.4440 -2.7358 80 200 120
15.5334 -3.4896 -4.4102 80 200 120
15.3934 -3.7642 -4.2059 80 200 120
15.7293 0.2106 -4.1540 80 200 120
12.3770 1.7881 -2.3267 80 200 120
10.5443 -0.1509 -2.4375 80 200 120
10.7061 0.1878 -2.5896 80 200 120
11.7033 2.2368 -5.0411 80 200 120
11.5519 1.0452 -5.2495 80 200 120
13.4049 0.7675 -5.3667 80 200 120
13.0179 0.6095 -5.2827 80 200 120
12.3699 0.7473 -5.3369 80 200 120
8.6635 -3.7928 -4.9346 80 200 120
9.9571 -1.9884 -4.6493 80 200 120
10.0736 -3.5060 -5.0146 80 200 120
8.2377 -4.7558 -2.1210 80 200 120
11.6400 -4.4027 -5.1021 80 200 120
12.7177 -2.6280 -5.0724 80 200 120
9.6237 -6.8891 -5.1163 80 200 120
8.4738 -5.7190 -4.6875 80 200 120
9.1814 -3.4493 -3.0422 80 200 120
12.4797 -2.4509 -5.1500 80 200 120
13.0686 -2.2368 -4.9985 80 200 120
12.5295 -1.6629 -5.1346 80 200 120
12.4097 -2.1473 -5.1634 80 200 120
13.3027 0.1077 -5.1298 80 200 120
13.3221 -0.1999 -5.1185 80 200 120
12.6045 1.0174 -5.3530 80 200 120
13.1510 0.0333 -5.1415 80 200 120
11.7977 1.5190 -5.3768 80 200 120
10.7786 0.0573 -5.0182 80 200 120
11.1495 -1.6219 -5.0843 80 200 120
10.8425 -1.9314 -4.7405 80 200 120
10.3419 -2.6249 -4.6128 80 200 120
13.7159 -6.2483 -5.0554 80 200 120
11.0704 -3.6794 -5.0792 80 200 120
11.0313 -3.4676 -5.1498 80 200 120
10.8499 -3.2266 -5.1387 80 200 120
9.3713 -7.0872 -4.9906 80 200 120
11.8661 -4.3812 -4.9124 80 200 120
11.7883 -6.1740 -4.3502 80 200 120
11.0017 -1.5154 -5.0569 80 200 120
13.3330 -2.5074 -4.9530 80 200 120
13.0591 -2.1544 -5.0151 80 200 120
13.2632 -7.8372 -2.2182 80 200 120
13.1348 -1.1210 -4.7964 80 200 120
14.4188 -0.9067 -4.1753 80 200 120
14.3184 -6.5056 -4.3660 80 200 120
9.8190 -1.4221 -2.2380 80 200 120
9.2987 -2.4516 -3.0285 80 200 120
9.9905 -7.6137 -2.1637 80 200 120
12.5610 -3.9127 -4.0603 80 200 120
12.2539 -3.7014 -4.0433 80 200 120
10.4012 -4.3427 -5.0407 80 200 120
13.0043 -1.3525 -2.1227 80 200 120
8.9063 -7.3523 -3.6085 80 200 120
14.8176 -3.2946 -2.0154 80 200 120
10.4221 -5.7817 -5.1307 80 200 120
10.6410 -6.3344 -5.1588 80 200 120
14.3344 -2.5510 -2.1139 80 200 120
10.0783 -1.1198 -2.1001 80 200 120
11.8765 -2.9907 -2.2841 80 200 120
11.6523 -2.7372 -2.4132 80 200 120
11.9286 -2.9483 -2.4919 80 200 120
16.4289 -0.5756 -3.0862 80 200 120
13.8020 1.1299 -2.1420 80 200 120
13.5953 1.3666 -2.6474 80 200 120
15.1669 -3.2984 -3.7308 80 200 120
13.6674 -1.8945 -3.8535 80 200 120
11.7199 1.8933 -2.9660 80 200 120
12.1799 0.5788 -3.2616 80 200 120
11.8274 0.2846 -2.0470 80 200 120
11.3269 1.4640 -2.4747 80 200 120
11.0958 0.6422 -2.1635 80 200 120
10.2998 -0.6574 -2.0818 80 200 120
12.7630 8.3159 -5.6794 80 200 120
10.9429 0.9798 -3.3974 80 200 120
10.4588 -0.4299 -2.1401 80 200 120
11.1997 0.3050 -3.6592 80 200 120
11.5307 0.7205 -3.7913 80 200 120
13.5362 1.4686 -3.3423 80 200 120
14.1288 0.9327 -2.0930 80 200 120
11.0271 0.6101 -3.6041 80 200 120
12.1987 1.1211 -3.7073 80 200 120
10.7963 -0.9160 -4.6550 80 200 120
11.7910 -1.4185 -5.1692 80 200 120
11.7561 2.4065 -5.6417 80 200 120
11.4239 -1.8277 -5.1637 80 200 120
12.0190 -1.2947 -5.1540 80 200 120
9.1180 -2.9562 -4.8888 80 200 120
10.8574 -0.7483 -4.7958 80 200 120
10.4116 -1.0528 -4.6942 80 200 120
11.3201 -5.5755 -5.0394 80 200 120
9.9885 -7.2134 -4.8333 80 200 120
13.0254 -1.1504 -5.0853 80 200 120
12.9898 1.4607 -5.2058 80 200 120
13.1714 0.0297 -4.9921 80 200 120
12.2714 1.5030 -4.9317 80 200 120
13.2003 -2.5971 -5.1399 80 200 120
12.6190 -2.4404 -5.1738 80 200 120
13.2076 -0.5293 -4.9004 80 200 120
12.5325 -1.0509 -5.1409 80 200 120
13.0727 -1.0465 -4.6279 80 200 120
13.0189 -1.2420 -5.1913 80 200 120
10.7770 -1.2012 -5.0952 80 200 120
10.6204 -0.8500 -4.6871 80 200 120
11.1883 -1.7833 -5.1685 80 200 120
13.0803 -2.1610 -4.0783 80 200 120
13.1050 -1.4332 -3.8651 80 200 120
10.7636 -1.1758 -4.6444 80 200 120
13.1654 -1.4274 -4.3442 80 200 120
11.7141 1.4074 -4.5009 80 200 120
8.6437 -4.5493 -5.1495 80 200 120
12.2214 -3.6053 -4.0923 80 200 120
12.2613 -5.1620 -4.1166 80 200 120
13.5276 -6.1903 -4.7832 80 200 120
10.0074 -4.9737 -4.9603 80 200 120
12.2974 -3.6244 -4.0351 80 200 120
10.1952 -3.1814 -4.9042 80 200 120
13.1262 -1.9112 -4.7283 80 200 120
13.4335 -2.5583 -4.8009 80 200 120
13.1146 -2.2370 -4.8136 80 200 120
10.8572 -1.7836 -4.5178 80 200 120
13.6278 -0.9814 -4.0350 80 200 120
13.3296 -1.5334 -3.6823 80 200 120
13.2150 -1.1130 -3.7912 80 200 120
13.1733 -1.4643 -3.8868 80 200 120
13.7278 -1.1993 -3.3702 80 200 120
15.4553 -3.0825 -3.8453 80 200 120
15.5817 -3.5442 -3.8258 80 200 120
15.3649 -4.1543 -3.8639 80 200 120
10.4614 -1.3441 -4.5106 80 200 120
10.6212 -0.4803 -4.8962 80 200 120
15.7143 -0.0693 -5.2683 80 200 120
14.6180 0.5561 -5.1370 80 200 120
10.8544 -0.0739 -4.8765 80 200 120
15.0659 -5.6433 -2.4164 80 200 120
15.5922 -5.1975 -3.5452 80 200 120
14.8461 0.4301 -5.0804 80 200 120
7.5295 -5.7297 -2.3230 80 200 120
9.6631 -7.5828 -2.4881 80 200 120
11.4566 -6.8399 -2.0274 80 200 120
12.5462 -3.4218 -1.9012 80 200 120
9.6058 -7.5899 -4.0427 80 200 120
11.7255 -2.5911 -2.0399 80 200 120
9.9202 -4.7535 -4.8133 80 200 120
8.5485 -6.4352 -5.6457 80 200 120
11.3100 -5.8248 -5.1461 80 200 120
8.9717 -3.0806 -4.5379 80 200 120
13.0418 -4.3986 -1.9654 80 200 120
13.4040 -4.8268 -1.8572 80 200 120
13.3318 -8.0821 -1.6998 80 200 120
12.9424 -6.5169 -1.8384 80 200 120
14.1823 -7.3151 -1.8090 80 200 120
13.5565 -0.8944 -2.5813 80 200 120
15.1278 -1.2743 -3.5673 80 200 120
12.9637 1.7093 -2.0364 80 200 120
16.9181 -0.3648 -5.4239 80 200 120
14.1677 -4.9048 -3.8620 80 200 120
13.5466 1.1820 -2.2808 80 200 120
15.0030 -2.7250 -3.7133 80 200 120
17.4067 0.0804 -5.8641 80 200 120
16.2592 -4.0866 -3.1138 80 200 120
15.0357 0.6804 -3.0013 80 200 120
16.7010 -1.2982 -4.7290 80 200 120
13.0843 -1.0986 -2.0067 80 200 120
11.9908 1.9347 -2.8954 80 200 120
11.2807 0.9223 -2.1187 80 200 120
12.2902 1.6051 -1.9842 80 200 120
12.3272 0.3132 -2.0919 80 200 120
12.0706 2.0659 -3.2719 80 200 120
12.9246 1.3066 -2.5887 80 200 120
12.5983 1.4527 -1.9951 80 200 120
13.8309 0.9472 -1.9974 80 200 120
13.7806 1.1540 -2.7520 80 200 120
9.4034 -1.6193 -2.2260 80 200 120
10.0215 -1.1543 -2.1174 80 200 120
10.1023 -0.7313 -2.2790 80 200 120
11.0597 1.1883 -3.5647 80 200 120
12.8771 -4.0314 -5.1475 80 200 120
10.7048 -0.6183 -4.7668 80 200 120
10.8618 -0.8209 -5.0171 80 200 120
11.1166 -1.8238 -5.1756 80 200 120
10.1720 -1.3209 -4.6476 80 200 120
11.2945 -1.5669 -5.1840 80 200 120
10.8083 0.3765 -4.4739 80 200 120
12.4143 -1.2118 -5.1811 80 200 120
10.8108 -1.6501 -4.6669 80 200 120
10.1748 -1.6948 -4.6298 80 200 120
10.2421 -3.6408 -5.1252 80 200 120
10.8961 -3.2994 -5.1305 80 200 120
9.2647 -7.2942 -3.1306 80 200 120
11.9364 -4.8391 -4.5829 80 200 120
10.8861 -7.0962 -4.7200 80 200 120
9.6212 -2.3989 -4.7014 80 200 120
9.1131 -2.5962 -3.0237 80 200 120
13.5711 1.0166 -5.0458 80 200 120
15.8289 -3.0790 -3.8029 80 200 120
10.9296 -1.5961 -5.0835 80 200 120
14.0145 -2.5540 -4.1898 80 200 120
11.0900 -2.0471 -5.1259 80 200 120
13.1702 -2.9799 -5.1557 80 200 120
15.1169 -1.2735 -3.5802 80 200 120
10.6455 -0.5536 -4.7868 80 200 120
11.3484 0.9008 -4.4368 80 200 120
10.6513 -2.4031 -5.1378 80 200 120
14.6300 -3.9102 -5.1886 80 200 120
12.8863 -4.4455 -4.9240 80 200 120
8.8410 -5.4135 -4.8908 80 200 120
11.5098 -3.0745 -5.1518 80 200 120
11.7341 -2.0833 -5.1405 80 200 120
12.4107 -2.2779 -5.1632 80 200 120
10.0280 -2.5257 -4.5694 80 200 120
9.1235 -5.2539 -4.3810 80 200 120
10.4766 -7.2500 -4.6349 80 200 120
13.4873 -1.6027 -3.3958 80 200 120
11.1572 -2.4933 -2.0414 80 200 120
9.7275 -4.4910 -1.9472 80 200 120
10.3923 -2.9667 -2.0394 80 200 120
11.1205 -5.4484 -1.9322 80 200 120
11.3100 -6.3310 -2.3396 80 200 120
10.8857 -6.6617 -2.3497 80 200 120
9.7473 -7.6963 -3.1180 80 200 120
14.5864 -6.5565 -4.2611 80 200 120
14.3190 -7.5612 -4.9531 80 200 120
14.0904 -6.6418 -4.2364 80 200 120
11.0565 -4.8850 -5.0896 80 200 120
10.2687 -4.5947 -5.1557 80 200 120
15.7685 -6.9590 -3.0328 80 200 120
8.8270 -4.3114 -5.0876 80 200 120
9.8716 -8.9114 -5.2625 80 200 120
13.1006 -1.4263 -2.3154 80 200 120
15.4496 0.3846 -3.5539 80 200 120
13.8202 1.1707 -2.6042 80 200 120
13.0353 -1.3956 -2.0897 80 200 120
15.1367 -1.2984 -4.5349 80 200 120
14.6250 -2.3796 -4.3321 80 200 120
13.2503 -1.0897 -2.3839 80 200 120
15.2446 -6.0555 -4.3265 80 200 120
11.5726 2.0921 -3.2104 80 200 120
11.3143 1.5344 -3.5394 80 200 120
10.8073 0.5385 -2.7943 80 200 120
13.7570 1.0431 -2.1225 80 200 120
13.9350 0.8647 -2.3365 80 200 120
11.6581 1.7012 -3.7754 80 200 120
11.9958 -0.3069 -3.1385 80 200 120
9.8080 -1.4794 -2.0774 80 200 120
13.1122 0.7350 -2.7398 80 200 120
10.9936 0.7697 -3.4073 80 200 120
11.0552 -0.6714 -5.0135 80 200 120
10.9239 -1.5601 -5.1095 80 200 120
11.5271 -1.4097 -5.1876 80 200 120
10.9939 0.8394 -4.1927 80 200 120
7.1126 -8.3930 -1.7342 80 200 120
12.4724 2.2142 -5.8653 80 200 120
12.9189 -2.2005 -5.3504 80 200 120
13.0988 -1.6536 -4.9902 80 200 120
13.2852 -2.1605 -5.1835 80 200 120
13.2161 0.0705 -5.1320 80 200 120
12.5995 0.4460 -5.1519 80 200 120
14.0070 -1.1683 -4.0614 80 200 120
13.8227 -0.7178 -4.6420 80 200 120
13.2392 -1.4730 -4.2434 80 200 120
13.0762 -1.1165 -5.0627 80 200 120
10.7476 -1.3214 -4.6766 80 200 120
14.0206 -3.0801 -4.6018 80 200 120
13.9217 -6.7675 -5.0012 80 200 120
13.9722 -6.4141 -5.0499 80 200 120
9.4473 -4.9910 -5.0458 80 200 120
11.0506 -5.8584 -5.1217 80 200 120
13.4597 -2.5164 -4.5216 80 200 120
8.9964 -3.4708 -4.9839 80 200 120
7.1215 -6.3921 -4.9449 80 200 120
15.7325 -2.9280 -4.8104 80 200 120
9.6303 -2.4170 -4.7026 80 200 120
13.5861 -1.6313 -3.5940 80 200 120
13.6573 -6.7470 -4.9585 80 200 120
11.7983 -6.0688 -4.9729 80 200 120
8.7022 -3.7330 -4.9190 80 200 120
7.6263 -6.5168 -4.9446 80 200 120
8.6703 -5.8446 -4.5030 80 200 120
9.4904 -3.9762 -5.0491 80 200 120
10.6776 -5.0006 -5.1602 80 200 120
9.5646 -5.4276 -5.1285 80 200 120
12.0352 -4.7180 -4.2720 80 200 120
12.2852 -4.0490 -4.1925 80 200 120
17.3642 -0.3793 -3.6368 80 200 120
13.9281 -8.6891 -1.8821 80 200 120
16.6500 -0.1235 -5.4692 80 200 120
18.3652 -1.0649 -4.1934 80 200 120
17.8480 -1.1044 -3.6006 80 200 120
12.0896 -3.0802 -2.7012 80 200 120
15.7631 -3.6897 -3.9034 80 200 120
16.4546 -3.5535 -4.0128 80 200 120
15.4641 -3.8740 -3.8340 80 200 120
16.8457 -0.8417 -2.7565 80 200 120
18.1890 -0.9884 -5.2230 80 200 120
14.2690 -1.2183 -3.4039 80 200 120
18.1160 -0.7925 -5.9389 80 200 120
12.8648 1.3653 -2.9774 80 200 120
15.8662 -4.7241 -2.4021 80 200 120
11.2723 1.4192 -2.8577 80 200 120
12.6397 1.7438 -2.5977 80 200 120
13.5445 1.1290 -2.1644 80 200 120
11.3520 1.6079 -3.3023 80 200 120
12.6412 1.7410 -3.2426 80 200 120
12.4244 1.7375 -3.2587 80 200 120
10.6709 0.2203 -2.8574 80 200 120
10.7675 -0.3779 -4.7769 80 200 120
11.5555 0.3160 -5.2421 80 200 120
11.5966 -6.0657 -4.9843 80 200 120
11.2156 -5.7825 -5.1395 80 200 120
9.4870 -6.9765 -5.1437 80 200 120
12.5520 -1.1174 -5.1836 80 200 120
12.8861 -3.8029 -5.2775 80 200 120
14.3420 -0.4078 -4.3871 80 200 120
16.7249 -0.4031 -2.0944 80 200 120
19.1721 -0.9374 -1.8463 80 200 120
13.2505 -2.4896 -4.9053 80 200 120
16.5379 0.0109 -2.1120 80 200 120
10.7391 -1.0586 -4.5705 80 200 120
13.4898 -1.0065 -3.9755 80 200 120
13.5478 -0.9373 -4.1598 80 200 120
14.1270 -7.5226 -2.8534 80 200 120
10.4181 -0.3997 -5.1476 80 200 120
13.3192 -1.6925 -4.1233 80 200 120
10.1222 -1.6886 -4.7168 80 200 120
14.5847 0.5635 -5.1918 80 200 120
14.8883 0.1788 -5.0624 80 200 120
9.2060 -7.3974 -3.1130 80 200 120
8.4330 -7.0364 -3.5414 80 200 120
9.1870 -2.6112 -2.0150 80 200 120
13.1650 -1.1701 -1.9130 80 200 120
8.8249 -3.8569 -3.4900 80 200 120
14.8530 -7.0357 -2.2540 80 200 120
15.2500 -5.6164 -3.2975 80 200 120
13.1520 -1.5361 -2.6407 80 200 120
15.9263 0.2342 -4.2291 80 200 120
16.6466 -0.5321 -5.0979 80 200 120
16.0303 -4.0605 -2.0204 80 200 120
10.9085 0.8001 -3.0469 80 200 120
10.8661 0.6042 -2.3324 80 200 120
10.4783 -0.0730 -2.3256 80 200 120
13.9980 0.9018 -2.2947 80 200 120
13.4939 1.2377 -2.6203 80 200 120
14.0830 0.9087 -2.0600 80 200 120
10.0259 -1.9435 -2.0315 80 200 120
13.9735 1.3563 -2.7086 80 200 120
10.0984 -0.7348 -2.4344 80 200 120
10.4129 -3.8521 -5.1207 80 200 120
13.1336 -4.9348 -5.2354 80 200 120
12.9748 -4.4419 -5.2335 80 200 120
12.6541 -2.8021 -5.1680 80 200 120
8.2447 -4.7579 -3.5586 80 200 120
7.5216 -5.4937 -1.9521 80 200 120
12.4687 1.1893 -5.1614 80 200 120
11.1480 0.2918 -5.2099 80 200 120
11.2925 -0.2305 -5.1961 80 200 120
16.0518 -0.4355 -3.9542 80 200 120
10.8663 -1.7662 -4.4817 80 200 120
10.5734 -1.4801 -5.1818 80 200 120
13.3118 -1.4881 -3.9882 80 200 120
15.5492 -2.8575 -4.6501 80 200 120
10.3005 -1.0845 -4.7105 80 200 120
11.0231 -2.1659 -5.1717 80 200 120
10.5829 -1.4537 -4.5845 80 200 120
13.2628 -1.7349 -4.1039 80 200 120
13.0563 -2.0607 -4.0510 80 200 120
11.8267 -4.2288 -4.9863 80 200 120
10.1185 -4.9607 -5.1417 80 200 120
9.3141 -4.4124 -5.0017 80 200 120
15.4003 -2.8131 -4.6635 80 200 120
15.8457 -0.2921 -5.0967 80 200 120
15.3224 -0.1987 -5.0862 80 200 120
13.2661 -1.5747 -3.7918 80 200 120
13.1494 -1.1784 -3.5058 80 200 120
7.0912 -6.5185 -5.0460 80 200 120
13.1956 -6.0667 -2.2868 80 200 120
9.1651 -6.3675 -4.5518 80 200 120
10.5536 -1.4882 -4.6129 80 200 120
15.0905 -4.1521 -5.0507 80 200 120
15.7557 -2.5800 -4.2429 80 200 120
10.7020 -1.2717 -4.6368 80 200 120
10.2849 -7.4346 -2.8865 80 200 120
11.2840 -6.4627 -3.0271 80 200 120
11.8431 -5.5385 -4.7870 80 200 120
9.8473 -7.5499 -4.8888 80 200 120
11.9889 -4.3256 -4.1079 80 200 120
11.1242 -4.8605 -5.0406 80 200 120
15.3215 -6.3774 -3.0102 80 200 120
9.3714 -5.6568 -4.6292 80 200 120
12.6479 -5.5285 -3.9335 80 200 120
11.4966 -8.0971 -2.7029 80 200 120
10.7490 -6.2970 -5.1244 80 200 120
14.9497 -3.8843 -3.7806 80 200 120
14.6786 -2.4092 -4.2722 80 200 120
15.0976 -4.0973 -4.2830 80 200 120
15.9698 -2.5856 -4.3599 80 200 120
15.8740 -2.6302 -3.9514 80 200 120
13.7419 1.1178 -2.1217 80 200 120
12.6228 1.5541 -2.1493 80 200 120
14.1914 -2.0622 -1.9754 80 200 120
11.0661 0.8449 -2.1991 80 200 120
11.1094 1.0187 -2.2755 80 200 120
10.9576 1.3369 -3.5791 80 200 120
9.7494 -1.7783 -2.1353 80 200 120
13.2029 0.4939 -1.9789 80 200 120
10.4994 0.0655 -2.5083 80 200 120
10.0499 -0.9297 -2.0635 80 200 120
12.7012 1.0844 -2.9175 80 200 120
11.1680 0.9800 -5.0974 80 200 120
10.7843 -7.1932 -3.7383 80 200 120
12.7430 -3.6187 -5.0772 80 200 120
13.0906 -3.5732 -5.1267 80 200 120
13.0253 -1.1741 -5.2205 80 200 120
13.0856 -1.4823 -5.3523 80 200 120
10.2456 -2.6582 -4.6041 80 200 120
8.8636 -4.0248 -2.6568 80 200 120
11.1608 0.8397 -4.9437 80 200 120
11.4082 0.0098 -5.2001 80 200 120
11.5440 1.4921 -5.0021 80 200 120
13.0708 -2.2334 -4.1120 80 200 120
13.0878 -2.3410 -4.6901 80 200 120
13.5729 -1.6883 -4.0138 80 200 120
15.0604 -1.0484 -3.5643 80 200 120
10.7230 -1.5719 -4.5103 80 200 120
14.7176 -2.1199 -3.9019 80 200 120
10.6503 -1.2070 -4.6620 80 200 120
10.6009 -1.0380 -4.6432 80 200 120
10.3300 -4.5127 -5.1343 80 200 120
10.7132 -6.6747 -4.9300 80 200 120
13.0741 -2.0051 -4.0273 80 200 120
13.0945 -1.8224 -4.4587 80 200 120
16.1918 -3.1813 -3.8870 80 200 120
16.0917 -2.7141 -3.7463 80 200 120
15.4300 -3.4613 -3.7968 80 200 120
15.3025 -6.1362 -2.3570 80 200 120
13.8554 -0.7304 -4.2641 80 200 120
8.6325 -3.9806 -4.9061 80 200 120
10.6489 -1.3356 -5.2385 80 200 120
8.0795 -4.9034 -4.8238 80 200 120
10.7687 -0.9599 -4.6757 80 200 120
11.6203 -3.2954 -2.1412 80 200 120
13.0501 -4.2076 -1.8813 80 200 120
14.6056 -5.8674 -4.1144 80 200 120
9.1277 -5.0479 -5.0685 80 200 120
8.7620 -5.3277 -4.8021 80 200 120
8.0896 -5.8190 -4.6764 80 200 120
12.2030 -3.8554 -4.1190 80 200 120
15.2884 -5.7069 -3.3722 80 200 120
8.5151 -3.8714 -4.5455 80 200 120
13.1132 1.3850 -2.1111 80 200 120
16.0112 -2.5395 -3.6407 80 200 120
17.3467 -0.4262 -3.7063 80 200 120
18.1274 -0.2116 -6.0618 80 200 120
15.7522 0.1650 -4.1498 80 200 120
16.6288 -0.3538 -4.0506 80 200 120
15.3396 0.2979 -3.5248 80 200 120
12.9204 1.5709 -2.9825 80 200 120
15.2535 -5.1650 -4.3650 80 200 120
16.3701 -3.8963 -3.3154 80 200 120
11.6708 2.2495 -4.0926 80 200 120
10.9469 0.7374 -3.3433 80 200 120
10.7102 0.4577 -2.4043 80 200 120
9.7260 -1.4225 -2.4027 80 200 120
10.2367 -0.4317 -2.3107 80 200 120
10.1977 -2.2415 -4.5333 80 200 120
11.8733 -4.1025 -4.9106 80 200 120
12.7231 0.9669 -4.8059 80 200 120
10.2704 -8.0939 -4.8339 80 200 120
12.0545 1.8319 -5.1318 80 200 120
7.0477 -5.9449 -4.6556 80 200 120
11.4093 1.2771 -5.0013 80 200 120
10.7543 -1.4479 -4.9182 80 200 120
16.7914 -0.4933 -3.6693 80 200 120
10.3679 -1.3849 -4.5166 80 200 120
16.1553 -2.7153 -3.8117 80 200 120
13.5417 -0.9914 -4.8573 80 200 120
13.5738 -1.0105 -4.6237 80 200 120
7.4852 -5.9674 -4.8613 80 200 120
13.5296 -7.6024 -1.9978 80 200 120
13.1009 -8.6979 -2.0615 80 200 120
7.4747 -6.3992 -4.1640 80 200 120
12.2789 -9.1329 -2.1852 80 200 120
12.9093 -5.7381 -1.9462 80 200 120
7.4348 -5.6218 -3.8975 80 200 120
9.2873 -5.8252 -4.6790 80 200 120
12.0697 -4.2978 -3.8839 80 200 120
7.8760 -4.6484 -3.7066 80 200 120
8.0221 -7.1299 -4.2256 80 200 120
10.1617 -6.1961 -5.1654 80 200 120
13.1323 -1.4942 -2.5254 80 200 120
12.7294 1.6097 -2.1236 80 200 120
16.4856 -2.9691 -2.0267 80 200 120
14.5680 -3.6117 -3.6959 80 200 120
15.4004 -3.3459 -4.2719 80 200 120
13.4406 1.1102 -2.1543 80 200 120
13.7778 -2.8212 -1.9919 80 200 120
9.5145 -1.8723 -2.0611 80 200 120
11.6902 4.9168 -4.0392 80 200 120
13.1565 2.1371 -2.9609 80 200 120
12.8218 0.5807 -2.0315 80 200 120
9.3090 -2.2343 -2.0732 80 200 120
13.0005 10.6842 -6.4200 80 200 120
13.0457 1.5476 -2.5866 80 200 120
10.3640 -0.9256 -4.6650 80 200 120
11.3648 -2.9855 -5.1674 80 200 120
11.6635 -1.9852 -5.1887 80 200 120
13.0777 -3.5859 -5.1491 80 200 120
13.0953 -1.7394 -5.0869 80 200 120
11.7530 0.1701 -5.1309 80 200 120
11.5746 -0.0393 -5.2209 80 200 120
12.3925 1.1941 -5.1072 80 200 120
16.4587 -0.3736 -2.9420 80 200 120
13.6967 -2.5345 -4.0458 80 200 120
12.9607 1.6524 -2.9551 80 200 120
12.6411 -2.7370 -5.1795 80 200 120
11.3402 0.7356 -5.1601 80 200 120
14.7160 -5.5529 -4.3153 80 200 120
14.4223 -6.0920 -4.1857 80 200 120
12.9666 -1.1573 -4.4127 80 200 120
10.3692 -1.3929 -4.5856 80 200 120
11.0466 -0.8225 -4.8742 80 200 120
10.9563 -0.7712 -4.6242 80 200 120
10.5960 -1.5521 -4.6072 80 200 120
10.7764 -0.9924 -4.6703 80 200 120
13.1220 -1.9065 -4.0222 80 200 120
9.4192 -2.7832 -4.7055 80 200 120
10.8436 -1.6834 -4.5733 80 200 120
9.9556 -1.8730 -4.6786 80 200 120
10.8082 -0.8169 -4.6561 80 200 120
13.6123 -8.0622 -4.4851 80 200 120
11.4935 -6.3221 -3.7481 80 200 120
13.4688 -7.3309 -1.9929 80 200 120
13.5110 -5.4737 -1.9218 80 200 120
10.8948 -6.8357 -3.9737 80 200 120
11.5448 -5.1449 -1.9273 80 200 120
9.1989 -2.5164 -3.0293 80 200 120
9.6275 -5.9320 -5.0265 80 200 120
15.8934 -4.7790 -2.2856 80 200 120
8.8183 -3.0905 -2.7143 80 200 120
11.5812 -6.2662 -5.4635 80 200 120
8.5195 -3.9875 -4.9656 80 200 120
8.0172 -4.9048 -2.7605 80 200 120
15.0244 -6.0325 -3.0280 80 200 120
13.4227 -7.3336 -2.0374 80 200 120
14.1609 -7.8120 -2.8992 80 200 120
15.7897 -2.2484 -4.4660 80 200 120
13.0274 -8.0219 -2.0413 80 200 120
16.6403 -3.3728 -2.3987 80 200 120
15.4349 -6.6770 -3.0219 80 200 120
15.9557 -3.3610 -3.9312 80 200 120
17.0337 -2.4847 -2.4023 80 200 120
13.1968 -1.4882 -2.6438 80 200 120
13.8741 -0.8830 -2.5271 80 200 120
13.4939 1.0913 -2.1465 80 200 120
10.9734 1.2048 -3.5616 80 200 120
13.8600 1.1985 -2.4535 80 200 120
9.4706 -3.1237 -5.0202 80 200 120
10.6264 -1.9980 -4.5945 80 200 120
11.5372 -6.5316 -3.9926 80 200 120
12.0250 -3.8407 -4.0186 80 200 120
13.0039 -1.1935 -5.2317 80 200 120
12.9275 -1.4723 -5.1587 80 200 120
10.9178 -2.7109 -5.1971 80 200 120
12.6871 1.4320 -4.6796 80 200 120
13.1839 -1.1827 -2.7246 80 200 120
10.2462 -1.4006 -4.6219 80 200 120
10.7546 -1.7031 -4.7018 80 200 120
13.0573 -1.9901 -4.0485 80 200 120
11.2279 -1.6000 -5.1741 80 200 120
13.0147 -2.2225 -4.1207 80 200 120
13.1868 -2.4133 -4.7737 80 200 120
15.9776 -0.1581 -2.1569 80 200 120
13.2074 -1.7898 -5.3477 80 200 120
13.2424 -1.6163 -4.5745 80 200 120
15.8929 -3.0817 -3.8388 80 200 120
15.8247 -2.7736 -4.7013 80 200 120
15.9097 -2.6490 -3.8026 80 200 120
7.1509 -6.3533 -4.9769 80 200 120
13.5457 -0.9750 -4.3542 80 200 120
15.7670 -2.5777 -4.2287 80 200 120
15.6627 -2.3946 -5.0479 80 200 120
14.9053 0.1554 -5.0874 80 200 120
7.8714 -5.0710 -5.0130 80 200 120
16.4695 -2.1750 -3.8884 80 200 120
10.7146 -5.0404 -5.0401 80 200 120
9.7911 -1.3875 -2.0814 80 200 120
12.3813 -5.0917 -4.1708 80 200 120
12.9063 -5.9482 -4.4930 80 200 120
7.7218 -6.2643 -4.8451 80 200 120
17.8610 -3.8130 -5.8625 80 200 120
15.9168 -3.8664 -3.9845 80 200 120
14.3027 0.6747 -2.1796 80 200 120
15.9974 -4.3230 -2.1100 80 200 120
16.1725 -2.1230 -3.8043 80 200 120
15.2295 -4.2088 -3.9139 80 200 120
15.0255 -3.6297 -4.2234 80 200 120
15.7032 -3.1939 -4.2305 80 200 120
13.7064 1.1051 -2.7292 80 200 120
14.2245 0.8261 -3.2291 80 200 120
11.5517 1.8150 -3.8288 80 200 120
13.0827 0.3282 -2.0685 80 200 120
12.8727 1.3202 -2.1491 80 200 120
12.2143 2.2158 -2.9876 80 200 120
10.5141 -0.2359 -3.2926 80 200 120
9.5178 -1.8771 -2.0992 80 200 120
9.3890 -2.1921 -2.1068 80 200 120
10.5206 -0.4141 -3.0558 80 200 120
9.7399 -1.4654 -2.4308 80 200 120
11.9793 -4.3863 -4.0594 80 200 120
13.1870 -1.5700 -5.1942 80 200 120
11.9238 1.5705 -5.1674 80 200 120
13.2935 -1.1427 -3.8757 80 200 120
10.9880 0.3727 -4.9882 80 200 120
11.0120 0.0949 -5.2117 80 200 120
15.2123 0.2380 -3.5033 80 200 120
10.6838 -2.1121 -5.0583 80 200 120
10.1084 -1.6993 -4.6578 80 200 120
14.3545 -3.4986 -5.1983 80 200 120
14.1396 -2.9346 -4.4073 80 200 120
13.2003 -1.1299 -3.1043 80 200 120
10.5780 -2.1928 -4.6461 80 200 120
9.4198 -5.5960 -4.7261 80 200 120
10.6968 -1.8865 -4.5149 80 200 120
13.2543 -8.2461 -4.6835 80 200 120
12.0719 -7.4001 -4.3625 80 200 120
11.4462 -4.8397 -5.0701 80 200 120
12.8839 -9.7608 -3.4861 80 200 120
8.1356 -4.3676 -3.0532 80 200 120
9.2122 -4.9135 -4.9871 80 200 120
11.9933 -5.9231 -4.3319 80 200 120
8.7597 -4.4699 -5.0580 80 200 120
8.8416 -7.6919 -5.0870 80 200 120
15.4637 -5.2974 -3.5338 80 200 120
14.4642 -2.7793 -2.0176 80 200 120
9.4957 -7.2423 -5.1031 80 200 120
11.3491 -6.3252 -4.1219 80 200 120
11.7406 -3.3800 -2.0066 80 200 120
8.8409 -2.9941 -3.1860 80 200 120
14.9305 -5.7351 -2.4861 80 200 120
17.3156 -2.0832 -3.0805 80 200 120
13.4454 1.2517 -2.6608 80 200 120
15.6371 -2.1606 -4.2777 80 200 120
14.8198 0.4517 -3.7841 80 200 120
14.8041 -4.2319 -4.1560 80 200 120
17.0509 -2.1054 -2.1001 80 200 120
17.2946 -1.9336 -2.4874 80 200 120
13.7554 0.8541 -3.3752 80 200 120
15.3791 0.1947 -4.2695 80 200 120
14.1045 0.8748 -2.4752 80 200 120
12.9424 -1.4684 -2.0590 80 200 120
15.6682 -1.8615 -4.3679 80 200 120
12.6419 1.4921 -2.1746 80 200 120
16.7995 -2.8148 -2.5854 80 200 120
16.0037 -1.9309 -4.0352 80 200 120
12.0396 1.6124 -2.2234 80 200 120
9.1075 -2.8320 -2.1276 80 200 120
10.5077 0.0708 -2.2927 80 200 120
10.8741 0.7618 -3.3986 80 200 120
11.0405 0.0064 -5.1780 80 200 120
10.4418 -1.4509 -4.5308 80 200 120
10.3661 -2.3389 -4.5373 80 200 120
10.7238 -0.0152 -4.9905 80 200 120
13.1851 -4.6839 -5.1131 80 200 120
11.9067 -6.2388 -4.1178 80 200 120
13.1527 -3.3471 -4.8749 80 200 120
9.1293 -6.1038 -4.7234 80 200 120
12.9031 -2.2662 -4.9740 80 200 120
11.4774 -5.0336 -5.0932 80 200 120
9.9969 -2.5390 -4.5384 80 200 120
13.0628 -1.7364 -5.1063 80 200 120
11.9751 -4.0446 -4.0894 80 200 120
11.2183 0.6973 -4.4413 80 200 120
8.1411 -4.3608 -3.2869 80 200 120
12.9687 -1.1353 -3.4482 80 200 120
12.8287 1.2058 -5.0022 80 200 120
11.0251 -0.4721 -5.1318 80 200 120
12.5867 1.4020 -2.2002 80 200 120
12.6161 -3.3175 -5.1610 80 200 120
16.0750 -2.8270 -4.8931 80 200 120
15.8675 -2.0507 -3.7625 80 200 120
11.4344 1.4147 -2.2082 80 200 120
14.9384 0.2268 -2.1305 80 200 120
14.2482 -1.7964 -4.1784 80 200 120
13.5586 -4.4276 -5.1427 80 200 120
13.4910 -4.7954 -5.1011 80 200 120
9.4016 -7.1701 -5.1329 80 200 120
12.9624 -1.4878 -5.2174 80 200 120
10.7509 -1.7104 -4.7214 80 200 120
15.9259 -2.0285 -5.1077 80 200 120
10.9658 -0.8477 -5.0118 80 200 120
16.5584 -1.6126 -3.7670 80 200 120
13.1225 -1.5274 -3.8789 80 200 120
16.1772 -2.0649 -3.8063 80 200 120
10.2392 -2.4316 -4.5158 80 200 120
13.6136 -1.6983 -4.0267 80 200 120
10.1702 -1.6985 -4.6345 80 200 120
13.9230 -3.5238 -5.1253 80 200 120
12.9727 -1.1942 -3.7240 80 200 120
15.9837 -2.3668 -3.6821 80 200 120
10.7411 -5.1159 -5.0940 80 200 120
14.0724 -7.6795 -2.8770 80 200 120
16.1018 -1.8804 -4.5589 80 200 120
10.4119 -8.3107 -4.8109 80 200 120
13.3698 -8.4484 -4.7677 80 200 120
9.4903 -6.2935 -5.0766 80 200 120
11.4657 -6.1702 -5.0205 80 200 120
12.1489 -6.4718 -1.9927 80 200 120
15.5825 -4.6954 -2.0641 80 200 120
15.3544 -5.2624 -1.9930 80 200 120
15.2903 0.1337 -2.3742 80 200 120
16.3631 -1.5301 -3.7814 80 200 120
16.4656 -1.8225 -3.6845 80 200 120
12.9115 -1.1861 -2.0655 80 200 120
15.3454 -5.1546 -3.5136 80 200 120
13.0836 1.1214 -2.1652 80 200 120
12.9870 1.5633 -2.6138 80 200 120
13.6219 -6.8325 -2.1153 80 200 120
15.7869 -2.2150 -4.7351 80 200 120
13.2320 -7.0002 -2.1159 80 200 120
12.8590 1.4654 -2.9625 80 200 120
10.6276 -0.0383 -2.1830 80 200 120
10.4821 -0.2283 -2.1966 80 200 120
10.7047 0.5363 -3.1801 80 200 120
9.9948 -0.9797 -2.5936 80 200 120
8.8647 -3.1698 -2.3129 80 200 120
10.8322 0.6172 -3.6718 80 200 120
10.7568 -1.5458 -4.8959 80 200 120
10.8800 -2.7978 -5.1758 80 200 120
12.2024 -6.1475 -4.1397 80 200 120
11.5752 -6.1747 -4.9518 80 200 120
8.9480 -7.4901 -4.9345 80 200 120
9.3154 -4.6909 -5.2321 80 200 120
13.1658 -1.6694 -4.6033 80 200 120
13.0540 -3.6150 -5.1688 80 200 120
15.7758 -2.4524 -4.4067 80 200 120
10.5511 -2.3351 -5.0923 80 200 120
10.5865 -1.4859 -4.5530 80 200 120
16.0264 -1.4760 -5.0706 80 200 120
10.6093 -1.9993 -4.5707 80 200 120
10.6668 -2.1058 -5.0450 80 200 120
15.9135 -3.0203 -5.0309 80 200 120
10.6488 -1.6533 -4.5734 80 200 120
16.0926 -1.8800 -4.6499 80 200 120
10.4618 -1.3316 -4.5776 80 200 120
13.6446 -4.8872 -5.1144 80 200 120
14.6058 -5.4619 -5.0563 80 200 120
13.7371 -6.4934 -3.9443 80 200 120
16.4621 -1.3978 -4.6908 80 200 120
11.3364 -6.1894 -5.0500 80 200 120
14.7971 0.0899 -5.0689 80 200 120
10.7889 -0.7037 -4.9038 80 200 120
10.4585 -1.5063 -4.7447 80 200 120
10.1945 -1.4126 -4.7081 80 200 120
16.0906 -1.5357 -5.0435 80 200 120
12.3382 -4.5916 -4.2489 80 200 120
16.5452 -1.4940 -4.0797 80 200 120
13.0146 -1.8190 -5.0739 80 200 120
9.5352 -2.7055 -4.7206 80 200 120
9.8022 -2.1538 -4.7064 80 200 120
13.1341 -9.2257 -1.9415 80 200 120
9.1946 -6.8080 -1.9654 80 200 120
7.7248 -5.8145 -3.0704 80 200 120
9.5695 -5.3371 -5.0710 80 200 120
12.7249 -5.3053 -4.2464 80 200 120
12.8705 -8.6665 -4.8544 80 200 120
11.3118 -6.1887 -4.5947 80 200 120
15.2090 -5.9991 -1.9885 80 200 120
13.5061 -6.7059 -4.8947 80 200 120
12.0463 -4.2603 -3.9935 80 200 120
9.0252 -2.7133 -3.0889 80 200 120
8.9669 -2.8289 -2.6369 80 200 120
10.1725 -7.7941 -5.3308 80 200 120
13.2332 -9.1521 -4.2486 80 200 120
8.7324 -3.2403 -2.2644 80 200 120
8.8904 -6.9842 -4.4835 80 200 120
8.3343 -5.1956 -4.9864 80 200 120
17.5796 -1.4903 -2.3542 80 200 120
13.7703 -5.9142 -2.4394 80 200 120
14.9246 -3.6209 -3.7661 80 200 120
16.1050 -1.2787 -4.1518 80 200 120
14.5259 -5.4382 -2.9790 80 200 120
17.5065 -1.1319 -2.9406 80 200 120
15.1713 -4.7464 -2.0468 80 200 120
17.4071 -1.0064 -2.0634 80 200 120
15.8975 -2.2251 -4.2674 80 200 120
9.7507 -1.2102 -2.4762 80 200 120
11.4814 1.9089 -3.2802 80 200 120
12.8733 1.5754 -2.4344 80 200 120
11.1725 1.7629 -3.8277 80 200 120
10.3676 -0.3151 -3.0786 80 200 120
12.9588 -5.6646 -4.6291 80 200 120
9.5865 -3.4603 -5.1240 80 200 120
10.6342 -1.6003 -4.5743 80 200 120
11.4703 1.3164 -5.0343 80 200 120
11.0476 -0.2346 -5.1814 80 200 120
12.4010 -3.8265 -4.0533 80 200 120
12.1149 -3.6855 -4.0448 80 200 120
13.0561 -3.0294 -5.0799 80 200 120
10.4814 -2.4494 -5.0768 80 200 120
12.1980 -4.3919 -4.0723 80 200 120
13.0732 -1.7813 -5.1237 80 200 120
10.4843 -2.1864 -4.5689 80 200 120
12.9169 -1.1418 -3.5011 80 200 120
10.9307 -0.7499 -4.9917 80 200 120
16.4881 -1.4707 -3.8410 80 200 120
13.1537 -2.3799 -4.7276 80 200 120
9.7336 -1.9112 -4.7616 80 200 120
10.4915 -2.2060 -4.5821 80 200 120
15.8064 -2.6383 -3.7726 80 200 120
16.1911 -2.0759 -3.8191 80 200 120
15.8512 -2.0103 -5.1341 80 200 120
15.2518 -2.8489 -5.0949 80 200 120
15.5188 -2.5699 -5.0635 80 200 120
13.1142 -4.4454 -5.1533 80 200 120
11.0788 -4.8953 -5.1324 80 200 120
13.0265 -9.9227 -3.8615 80 200 120
14.4247 -6.8888 -3.6943 80 200 120
12.1316 -2.6833 -5.1295 80 200 120
15.4097 -2.9118 -5.0967 80 200 120
13.5997 -2.5534 -4.3330 80 200 120
9.8168 -1.9651 -4.7480 80 200 120
15.0125 -3.0506 -5.0992 80 200 120
12.8990 -1.2073 -3.8943 80 200 120
10.7258 -1.0074 -4.7165 80 200 120
15.7206 -2.3155 -4.6243 80 200 120
15.9921 -2.3791 -3.7090 80 200 120
10.8279 -6.7298 -4.9811 80 200 120
13.6581 -7.2406 -2.8336 80 200 120
12.1104 -9.0219 -4.1850 80 200 120
14.1484 -6.4185 -4.2151 80 200 120
7.9984 -4.8964 -3.2163 80 200 120
9.4615 -1.9855 -2.0995 80 200 120
9.5510 -1.7297 -2.1068 80 200 120
14.3866 -7.3351 -2.3752 80 200 120
9.2945 -5.1696 -4.5805 80 200 120
11.0061 -6.2124 -2.8312 80 200 120
7.8503 -5.1298 -4.4007 80 200 120
11.7760 -5.6321 -4.7707 80 200 120
11.3650 -6.0944 -4.9787 80 200 120
9.0661 -7.2748 -4.9341 80 200 120
10.4434 -7.8952 -4.9356 80 200 120
9.6249 -7.1406 -5.1068 80 200 120
7.7649 -6.7430 -4.1141 80 200 120
14.8422 0.3592 -2.1458 80 200 120
16.0803 -1.8046 -4.6966 80 200 120
12.8577 1.2750 -2.1589 80 200 120
16.1769 -3.4473 -2.0346 80 200 120
17.1673 -0.7259 -3.5267 80 200 120
13.7862 1.1768 -3.1513 80 200 120
14.5438 0.5564 -2.1037 80 200 120
12.8828 1.5627 -2.9736 80 200 120
17.0127 -0.6737 -2.8487 80 200 120
17.5369 -0.9720 -2.4733 80 200 120
13.5010 1.5994 -3.3179 80 200 120
16.6983 -2.5551 -2.0313 80 200 120
11.9812 1.8628 -2.2054 80 200 120
11.8388 2.1066 -2.7122 80 200 120
11.7442 2.0739 -2.3286 80 200 120
9.5006 -1.9404 -2.1449 80 200 120
9.1881 -2.4840 -2.1311 80 200 120
9.7157 -1.5933 -2.1579 80 200 120
8.9498 -2.8930 -2.1368 80 200 120
12.5900 1.9074 -2.5961 80 200 120
9.2651 -2.2797 -2.4342 80 200 120
10.7276 -1.2311 -5.0155 80 200 120
10.8334 -2.1563 -5.1956 80 200 120
12.7368 -7.0868 -4.3566 80 200 120
12.8652 -2.2156 -5.1428 80 200 120
11.8992 -7.0519 -4.4342 80 200 120
12.8926 -1.2685 -5.1804 80 200 120
13.1942 -1.5280 -5.2524 80 200 120
11.6493 -6.1290 -4.4932 80 200 120
12.9731 -1.1069 -3.5480 80 200 120
10.3302 -2.5263 -4.5701 80 200 120
16.6391 -1.3694 -4.8221 80 200 120
13.5481 -2.5753 -4.4750 80 200 120
16.6481 -1.2094 -4.3777 80 200 120
12.9682 -1.1595 -4.1505 80 200 120
12.3571 -3.7068 -5.1132 80 200 120
17.0560 -1.0392 -2.1401 80 200 120
12.9770 -4.4843 -5.1657 80 200 120
13.0696 -4.6674 -5.1373 80 200 120
13.1035 -4.6937 -5.1237 80 200 120
13.5570 -5.6675 -5.1058 80 200 120
8.9482 -6.5024 -4.8104 80 200 120
9.6011 -5.6246 -4.9291 80 200 120
16.2123 -3.6147 -3.8691 80 200 120
15.4442 -3.7103 -3.7904 80 200 120
10.1200 -6.9464 -5.0982 80 200 120
8.4650 -4.2384 -5.0430 80 200 120
14.3455 -3.5202 -5.1652 80 200 120
9.4253 -5.2986 -4.5758 80 200 120
8.6416 -3.8056 -5.1110 80 200 120
11.9579 -8.5667 -2.8607 80 200 120
8.9805 -6.4233 -4.7853 80 200 120
12.7297 -5.3803 -4.2487 80 200 120
10.7150 -6.3682 -5.2179 80 200 120
15.2462 -5.5937 -2.0455 80 200 120
15.5448 -4.4554 -4.0112 80 200 120
16.0490 -2.5125 -4.4822 80 200 120
17.2087 -0.9807 -5.2105 80 200 120
18.0861 -1.1027 -3.6832 80 200 120
14.9760 -5.9402 -2.3856 80 200 120
16.0361 -4.0954 -3.1221 80 200 120
14.6901 0.5734 -2.8085 80 200 120
16.0889 -4.9878 -3.3494 80 200 120
16.7120 -0.5551 -3.9062 80 200 120
14.5780 -5.5916 -2.0180 80 200 120
15.4474 -3.9594 -3.9769 80 200 120
17.1319 -1.6583 -4.6662 80 200 120
11.1217 0.6785 -2.9992 80 200 120
11.5538 1.1964 -2.1092 80 200 120
10.7381 -0.1007 -2.2235 80 200 120
7.7984 -4.6044 -2.0293 80 200 120
10.8309 1.4282 -3.6872 80 200 120
8.5457 -3.6821 -2.1367 80 200 120
10.8124 -0.4488 -4.6953 80 200 120
12.2555 -4.0531 -4.0476 80 200 120
13.0743 -1.7805 -5.1785 80 200 120
11.2758 -6.4685 -3.9592 80 200 120
11.5354 -6.1635 -4.9571 80 200 120
11.1698 -5.8149 -5.0904 80 200 120
7.6889 -5.2766 -2.0466 80 200 120
8.0411 -4.8471 -2.5562 80 200 120
12.4817 -3.8956 -5.0514 80 200 120
12.8568 -1.1732 -3.4791 80 200 120
13.0003 -1.1339 -3.5858 80 200 120
12.8296 -1.1836 -3.5587 80 200 120
15.1586 -3.7617 -5.2788 80 200 120
10.6662 -3.1275 -5.1764 80 200 120
15.2512 -3.3264 -5.1335 80 200 120
15.2182 -4.1827 -5.3710 80 200 120
10.2237 -2.8253 -5.0674 80 200 120
9.4964 -2.3528 -4.8192 80 200 120
12.5528 -4.1362 -4.5242 80 200 120
13.4123 -5.2408 -5.1303 80 200 120
12.8765 -4.0854 -5.1492 80 200 120
13.1348 -4.9583 -5.1007 80 200 120
12.6331 -3.8457 -5.0851 80 200 120
12.4473 -3.3064 -5.1344 80 200 120
15.3707 -5.3224 -5.1206 80 200 120
15.6716 -3.0650 -3.9145 80 200 120
10.9579 -0.9028 -4.9609 80 200 120
16.0863 -2.0661 -3.7809 80 200 120
13.3681 -1.4723 -4.1801 80 200 120
10.8264 -1.7258 -5.1265 80 200 120
10.2475 -2.5463 -4.5815 80 200 120
13.0513 -8.6818 -1.9976 80 200 120
13.7732 -7.7874 -3.5907 80 200 120
16.7013 -0.6162 -3.6186 80 200 120
13.4739 -7.8096 -2.0113 80 200 120
13.4073 -8.0646 -3.9136 80 200 120
10.4150 -1.4875 -4.7550 80 200 120
10.7938 -0.7198 -4.8714 80 200 120
15.4318 -4.7028 -4.9659 80 200 120
12.7239 -8.8263 -4.9193 80 200 120
16.4336 -1.0055 -4.8568 80 200 120
10.5754 -1.4291 -5.2595 80 200 120
10.5636 -0.9065 -4.9462 80 200 120
9.6761 -6.9699 -2.0898 80 200 120
14.3807 -6.1980 -3.9720 80 200 120
8.8609 -2.9730 -2.9518 80 200 120
7.7521 -5.7644 -2.9900 80 200 120
11.3321 -8.7681 -3.8101 80 200 120
8.3784 -3.9281 -2.9272 80 200 120
9.4294 -5.7777 -4.9089 80 200 120
15.6558 -4.4395 -2.0447 80 200 120
16.3964 -0.4083 -2.9307 80 200 120
12.7433 1.5819 -2.4266 80 200 120
16.5448 -0.7178 -2.1305 80 200 120
15.2922 -5.1187 -3.5113 80 200 120
16.1722 -3.3596 -3.1314 80 200 120
15.3057 -3.9558 -3.5879 80 200 120
16.0837 -4.0211 -2.1768 80 200 120
17.9575 -1.0999 -4.7977 80 200 120
10.9075 0.1671 -2.2312 80 200 120
10.3329 -0.0870 -3.3957 80 200 120
9.5418 -1.7936 -2.1405 80 200 120
10.4773 0.1329 -2.9226 80 200 120
8.7413 -3.2621 -2.3260 80 200 120
8.9122 -2.8029 -2.6469 80 200 120
8.8503 -2.8675 -2.4271 80 200 120
10.2010 -0.2502 -2.6842 80 200 120
9.5081 -1.7972 -2.4916 80 200 120
10.9063 -0.4638 -5.0455 80 200 120
8.2120 -4.9576 -4.8263 80 200 120
10.6120 -4.2312 -5.1415 80 200 120
10.8441 -0.9551 -5.1575 80 200 120
11.1994 -2.3888 -5.1759 80 200 120
14.3144 -6.0742 -5.6618 80 200 120
12.8073 -4.5008 -4.5738 80 200 120
8.1365 -4.5409 -5.0709 80 200 120
12.0391 -5.6108 -4.2173 80 200 120
12.6348 -4.3546 -4.6484 80 200 120
12.3615 -5.0617 -4.1471 80 200 120
13.2734 -5.8917 -4.9919 80 200 120
11.6556 1.1232 -5.2389 80 200 120
11.0499 0.5258 -4.9310 80 200 120
11.7009 1.4979 -5.0035 80 200 120
9.9503 -2.7103 -4.6163 80 200 120
9.3273 -2.6577 -4.8055 80 200 120
14.1744 -1.1310 -4.2276 80 200 120
17.1520 -1.0655 -2.1380 80 200 120
16.5477 -0.6093 -3.5981 80 200 120
13.0123 -1.5888 -4.5520 80 200 120
12.9895 -2.2498 -4.2238 80 200 120
12.4115 -3.5185 -5.0659 80 200 120
12.8813 -4.4890 -5.1215 80 200 120
13.4221 -5.8170 -5.0870 80 200 120
12.4435 -3.8463 -4.2963 80 200 120
12.7462 -4.9509 -5.0844 80 200 120
13.0054 -5.0407 -5.1365 80 200 120
12.3124 -3.7755 -4.9689 80 200 120
13.2832 -5.5968 -5.1588 80 200 120
12.5995 -2.7505 -5.1594 80 200 120
14.2060 -5.4656 -5.3166 80 200 120
15.0135 -3.7481 -4.0072 80 200 120
12.9629 -2.2380 -4.1804 80 200 120
12.8650 -1.5487 -5.1126 80 200 120
12.8811 -1.2292 -4.6548 80 200 120
10.5324 -2.3699 -5.1032 80 200 120
11.9316 -4.1415 -4.1436 80 200 120
14.2328 -1.0340 -4.1345 80 200 120
12.8753 -1.2547 -5.0038 80 200 120
10.4855 -2.2940 -4.5607 80 200 120
15.9540 -0.9445 -5.0890 80 200 120
9.1925 -4.9647 -5.0324 80 200 120
8.7901 -5.3813 -4.7867 80 200 120
12.9030 -1.1852 -3.5622 80 200 120
9.5231 -2.6763 -4.7191 80 200 120
12.8774 -1.2286 -3.8775 80 200 120
10.1242 -1.6964 -4.6616 80 200 120
13.6236 -2.3681 -4.0981 80 200 120
7.8889 -5.4285 -4.9473 80 200 120
9.9760 -1.9740 -4.6328 80 200 120
8.6937 -7.2276 -2.7690 80 200 120
14.4894 -6.7407 -2.0184 80 200 120
11.9161 -5.8707 -4.2237 80 200 120
12.6475 -5.1839 -4.1190 80 200 120
12.4771 -5.3366 -3.9671 80 200 120
13.3135 -6.6350 -4.4448 80 200 120
8.0413 -4.5594 -3.6348 80 200 120
14.7614 -5.7850 -2.7632 80 200 120
16.6048 -0.4944 -3.3709 80 200 120
17.2883 -1.2161 -3.5264 80 200 120
17.1241 -1.2811 -4.9877 80 200 120
15.8458 -0.1290 -2.5104 80 200 120
14.9572 -5.4861 -3.2846 80 200 120
15.1057 -3.8891 -3.9265 80 200 120
13.8560 -5.6082 -2.0641 80 200 120
16.3046 -0.3665 -2.1343 80 200 120
15.9908 -0.1407 -3.2658 80 200 120
16.3826 -1.6198 -4.1947 80 200 120
14.4671 -2.2698 -1.9547 80 200 120
9.0570 -2.6258 -3.0504 80 200 120
11.4458 1.7006 -3.2293 80 200 120
9.6150 -1.5618 -2.3581 80 200 120
13.8498 -7.0490 -5.1181 80 200 120
13.6139 -6.0077 -4.8946 80 200 120
12.1211 -4.3009 -4.0540 80 200 120
12.0803 -3.6910 -4.0752 80 200 120
13.4070 -2.5955 -5.1008 80 200 120
13.2498 -4.4966 -5.1453 80 200 120
12.3892 -4.2980 -4.2292 80 200 120
12.8424 -1.1576 -3.5075 80 200 120
12.9157 -1.1132 -3.6623 80 200 120
12.7917 -1.1841 -3.8695 80 200 120
10.7619 -0.9441 -4.9628 80 200 120
12.5886 1.5412 -4.1677 80 200 120
10.6773 -0.4808 -4.7559 80 200 120
10.9299 -0.4658 -5.1254 80 200 120
10.0366 -3.0406 -4.8505 80 200 120
10.7639 -3.5770 -5.1972 80 200 120
15.5093 -0.9530 -4.9353 80 200 120
13.6486 -2.3651 -4.1591 80 200 120
11.2347 1.0510 -4.0302 80 200 120
10.3715 -1.8256 -4.5517 80 200 120
10.8140 0.2561 -4.5390 80 200 120
15.5799 -0.7541 -4.7691 80 200 120
13.4667 -1.2884 -3.8174 80 200 120
13.1445 -1.8856 -4.1473 80 200 120
13.2830 -8.8025 -2.6798 80 200 120
14.4268 -6.5119 -2.4239 80 200 120
8.5955 -6.3885 -4.6978 80 200 120
14.4123 -6.8323 -3.6554 80 200 120
13.1154 -5.5458 -2.1229 80 200 120
12.3903 -8.6542 -4.8341 80 200 120
10.5117 -6.3713 -5.1588 80 200 120
11.1506 -5.9108 -3.2824 80 200 120
15.8941 -2.3674 -3.8600 80 200 120
17.1876 -1.6718 -1.9391 80 200 120
16.1992 -3.9072 -3.4091 80 200 120
16.5525 -3.0792 -3.4565 80 200 120
15.8898 -1.9637 -4.1744 80 200 120
14.2017 -5.9468 -2.6100 80 200 120
15.8192 -2.4690 -4.3896 80 200 120
15.9857 -1.8195 -4.6503 80 200 120
16.3984 -0.2557 -4.6419 80 200 120
15.8715 -2.2222 -4.1732 80 200 120
15.4057 -3.1100 -4.1594 80 200 120
11.0393 0.4772 -2.6561 80 200 120
8.8138 -2.9990 -2.9688 80 200 120
9.7969 -1.1576 -2.7946 80 200 120
11.3925 2.0802 -3.6619 80 200 120
9.8972 -1.0831 -2.3222 80 200 120
9.4742 -5.0039 -5.1805 80 200 120
9.0344 -4.9641 -4.9020 80 200 120
9.1376 -5.3006 -4.5893 80 200 120
10.7844 -0.5173 -4.9028 80 200 120
12.8000 -1.3208 -5.1021 80 200 120
11.8574 -6.8591 -4.1917 80 200 120
13.2005 -9.5597 -5.0148 80 200 120
12.9292 -3.0813 -5.1740 80 200 120
13.2771 -5.4280 -5.1411 80 200 120
11.4397 0.2474 -5.1975 80 200 120
16.1933 -1.4209 -4.5388 80 200 120
15.6000 -2.5836 -5.1066 80 200 120
16.1373 -2.8886 -4.9233 80 200 120
16.4873 -1.4384 -3.8709 80 200 120
15.7176 -2.1828 -5.1314 80 200 120
15.8202 -2.6164 -3.8355 80 200 120
16.2813 -1.8120 -3.8384 80 200 120
16.7385 -0.5619 -3.6357 80 200 120
12.8883 -3.6223 -5.1646 80 200 120
14.7998 -2.3138 -4.9535 80 200 120
15.9531 -2.2039 -3.6697 80 200 120
15.9733 -1.8419 -5.1263 80 200 120
13.5375 0.9204 -2.7408 80 200 120
12.3505 -3.7303 -5.1495 80 200 120
13.7477 -2.6125 -4.2804 80 200 120
15.3808 -3.7099 -5.3482 80 200 120
12.8655 -3.6831 -5.1441 80 200 120
10.8999 -0.8434 -5.0841 80 200 120
10.6534 -1.6653 -4.8251 80 200 120
10.4674 -1.5115 -4.6874 80 200 120
10.2701 -2.5169 -4.5853 80 200 120
10.6717 -0.9797 -4.7069 80 200 120
10.1658 -1.6957 -4.6058 80 200 120
10.5895 -1.4371 -5.1688 80 200 120
10.4557 -2.2932 -4.5658 80 200 120
10.7578 -0.6855 -4.9107 80 200 120
10.2306 -2.8865 -5.0988 80 200 120
12.8792 -1.1857 -3.5775 80 200 120
12.9605 -7.9655 -2.0446 80 200 120
10.8336 -1.7438 -5.0536 80 200 120
12.2843 -5.7617 -4.0966 80 200 120
7.8816 -4.9396 -2.0189 80 200 120
8.8166 -6.9780 -4.4779 80 200 120
13.7548 -8.0341 -5.0468 80 200 120
8.0725 -4.3015 -3.3913 80 200 120
9.2866 -6.5286 -5.0595 80 200 120
7.6445 -5.4265 -3.8830 80 200 120
8.1998 -4.4006 -2.4281 80 200 120
16.8186 -1.3088 -4.8310 80 200 120
15.8696 -0.1088 -2.1133 80 200 120
16.9181 -0.6468 -5.0658 80 200 120
14.2509 -6.4082 -2.0129 80 200 120
11.2362 -0.4493 -2.1768 80 200 120
9.8329 -1.4164 -2.1139 80 200 120
11.5402 -0.6933 -2.9636 80 200 120
8.8719 -2.7894 -2.6332 80 200 120
8.2077 -4.3055 -2.0698 80 200 120
10.3812 1.1866 -3.3035 80 200 120
9.5794 -1.4268 -2.4876 80 200 120
10.2419 0.0829 -2.9512 80 200 120
9.6184 -1.2864 -2.9588 80 200 120
10.9733 -3.6763 -5.1691 80 200 120
12.8447 -1.5164 -5.2140 80 200 120
8.4510 -6.3143 -4.6299 80 200 120
11.7537 -5.9524 -4.9223 80 200 120
11.6453 1.5827 -5.0115 80 200 120
12.9127 -3.6718 -5.1576 80 200 120
13.7736 -6.4136 -5.1279 80 200 120
11.6140 1.4416 -5.4346 80 200 120
10.7737 -6.5169 -4.2617 80 200 120
12.3374 -5.0902 -4.7558 80 200 120
13.3987 -2.6024 -5.1219 80 200 120
12.8276 -2.2227 -5.1086 80 200 120
12.4170 -5.7127 -4.1653 80 200 120
12.7427 -1.1522 -3.5888 80 200 120
12.8690 -1.0222 -4.0459 80 200 120
12.7475 -1.0935 -3.9096 80 200 120
12.8598 -0.9443 -4.1247 80 200 120
12.7430 -1.1610 -3.8145 80 200 120
10.7136 -0.4616 -4.8764 80 200 120
11.2245 -0.4414 -5.1630 80 200 120
11.0229 -0.6073 -5.1783 80 200 120
14.9453 -3.9754 -5.1605 80 200 120
15.4005 -3.2572 -3.8717 80 200 120
9.0181 -5.0682 -4.6183 80 200 120
15.4622 -3.3438 -3.8875 80 200 120
12.2867 -4.3844 -4.3611 80 200 120
12.7644 -1.3507 -4.9805 80 200 120
13.9110 -6.6702 -4.2500 80 200 120
7.3308 -6.2074 -4.8986 80 200 120
6.8234 -6.4907 -3.0599 80 200 120
9.6744 -6.6368 -5.0350 80 200 120
12.7197 -6.1995 -4.3069 80 200 120
6.9552 -6.3951 -3.5653 80 200 120
10.9023 -8.3291 -2.8662 80 200 120
13.5757 -8.0475 -4.2936 80 200 120
15.1888 -5.4760 -1.9734 80 200 120
15.2883 -4.9530 -2.0015 80 200 120
16.8397 -0.6314 -2.0849 80 200 120
13.4994 0.1628 -2.3258 80 200 120
15.5823 -4.7377 -3.2921 80 200 120
13.1922 -1.3296 -2.2410 80 200 120
13.6301 1.1809 -2.7677 80 200 120
17.0468 -2.4772 -3.3118 80 200 120
15.3022 -5.5600 -1.9858 80 200 120
11.3382 0.5590 -2.8436 80 200 120
7.7389 -5.1643 -2.1171 80 200 120
8.2095 -4.1215 -2.5563 80 200 120
11.4682 2.1363 -2.7932 80 200 120
11.5731 0.1552 -2.8998 80 200 120
10.5699 -1.0828 -2.0113 80 200 120
8.7988 -3.0050 -2.9230 80 200 120
12.5152 1.2141 -2.1777 80 200 120
12.2249 2.0686 -2.1020 80 200 120
12.7579 1.3349 -2.4470 80 200 120
8.9766 -2.6186 -3.1383 80 200 120
11.1406 -4.8423 -5.1342 80 200 120
10.9253 -5.9743 -4.3200 80 200 120
12.8885 -5.3880 -4.2034 80 200 120
7.7989 -4.9936 -2.5349 80 200 120
12.4458 -9.1478 -4.9125 80 200 120
13.1505 -7.9125 -4.6788 80 200 120
12.7253 -1.1479 -3.7274 80 200 120
12.4174 -3.8770 -4.4372 80 200 120
12.7323 -1.0930 -3.6168 80 200 120
10.7716 -0.0489 -4.9018 80 200 120
12.5347 1.0757 -4.8096 80 200 120
15.7447 -3.0401 -3.9525 80 200 120
15.9705 -2.8509 -4.8460 80 200 120
15.0921 -3.5391 -5.1118 80 200 120
13.5749 -1.5328 -3.9936 80 200 120
17.5821 -0.9747 -2.0606 80 200 120
11.8657 -3.8046 -5.0887 80 200 120
12.2886 -3.6902 -5.0123 80 200 120
15.2330 0.0754 -4.0728 80 200 120
16.1596 -2.2418 -3.6920 80 200 120
9.2730 -4.8913 -4.9119 80 200 120
16.5060 -1.4674 -3.8515 80 200 120
16.2444 -1.4056 -4.5289 80 200 120
15.1791 -0.6390 -4.7049 80 200 120
10.5420 -1.2568 -4.7456 80 200 120
11.2636 -6.5378 -3.8803 80 200 120
16.7794 -0.5853 -3.6321 80 200 120
9.4114 -5.5718 -4.7559 80 200 120
8.7895 -7.6299 -5.2082 80 200 120
12.2577 -5.8516 -4.1213 80 200 120
9.3997 -7.0358 -5.3128 80 200 120
10.6409 -1.3403 -5.0212 80 200 120
10.5678 -7.2924 -4.6687 80 200 120
8.7952 -6.5335 -4.8112 80 200 120
10.0258 -6.9222 -5.1737 80 200 120
8.3374 -6.5638 -4.8854 80 200 120
11.8605 -5.8912 -4.2449 80 200 120
12.3712 -8.9366 -4.9047 80 200 120
12.0420 -6.8446 -4.4362 80 200 120
9.6355 -7.4481 -4.8826 80 200 120
14.1844 -5.9739 -3.8336 80 200 120
9.1880 -7.5571 -4.3798 80 200 120
9.0233 -2.5467 -2.0789 80 200 120
10.1372 -7.6580 -4.3985 80 200 120
13.3705 1.1048 -2.1304 80 200 120
16.1892 -3.8912 -3.2872 80 200 120
15.6956 -3.2448 -3.6747 80 200 120
15.1004 0.1707 -2.3737 80 200 120
16.5392 -0.1426 -4.1983 80 200 120
15.4693 -4.4302 -2.0426 80 200 120
13.4272 -1.1149 -2.4985 80 200 120
11.2509 -1.0809 -2.2217 80 200 120
12.4927 1.5926 -2.5584 80 200 120
10.6778 -1.4955 -2.0217 80 200 120
11.3287 0.6195 -3.0773 80 200 120
9.5439 -1.5796 -2.8336 80 200 120
9.4353 -1.8039 -2.5445 80 200 120
9.6206 -1.5325 -3.3108 80 200 120
11.0808 0.4611 -3.3471 80 200 120
9.4863 -1.6108 -2.3695 80 200 120
8.8564 -3.1742 -2.7478 80 200 120
11.8277 -3.7229 -4.5904 80 200 120
10.4976 -5.1406 -5.1104 80 200 120
12.4314 -3.8973 -4.4235 80 200 120
13.3188 -2.6046 -4.9830 80 200 120
12.8020 -2.2122 -5.0386 80 200 120
13.9532 -8.1018 -5.1638 80 200 120
10.8290 -0.2785 -5.1057 80 200 120
12.6113 0.3123 -4.8374 80 200 120
11.6210 1.8213 -4.3172 80 200 120
13.5548 -1.0981 -4.0681 80 200 120
14.0662 -6.0924 -4.9554 80 200 120
10.5343 -2.1509 -5.1143 80 200 120
8.1628 -6.1229 -4.8140 80 200 120
9.4385 -7.7849 -5.1290 80 200 120
13.7663 -8.0799 -5.0483 80 200 120
14.0338 -6.7390 -4.3297 80 200 120
14.9545 -6.0652 -3.0178 80 200 120
14.2205 -7.2044 -2.7717 80 200 120
15.3310 -5.6001 -2.3750 80 200 120
11.5696 -6.5085 -4.8410 80 200 120
10.9810 -7.3256 -5.3242 80 200 120
16.4277 -1.3395 -4.7324 80 200 120
15.2541 -0.0705 -4.0238 80 200 120
15.3958 0.4321 -3.5732 80 200 120
14.9200 0.1714 -3.0079 80 200 120
14.7578 -5.6383 -1.9497 80 200 120
15.9396 -4.1039 -3.0891 80 200 120
16.7279 -0.7160 -2.0343 80 200 120
17.6415 -1.1948 -3.5025 80 200 120
15.3970 -0.0230 -3.5132 80 200 120
15.6035 -3.0282 -3.9102 80 200 120
15.7035 -3.5562 -4.0268 80 200 120
16.0946 -2.0639 -3.8310 80 200 120
15.7265 -2.7346 -3.8897 80 200 120
16.3322 -1.7350 -4.8387 80 200 120
15.8563 -4.1592 -3.8141 80 200 120
15.4474 -5.3051 -3.5525 80 200 120
15.3726 -5.9265 -3.2861 80 200 120
10.5623 1.6624 -2.4286 80 200 120
11.0983 0.5517 -2.7822 80 200 120
11.4004 2.2644 -2.8111 80 200 120
9.4360 -5.6388 -5.1425 80 200 120
10.8424 -0.0166 -4.9005 80 200 120
13.8270 -6.6572 -5.1441 80 200 120
14.1096 -7.3628 -5.0380 80 200 120
12.9198 -1.5849 -5.1141 80 200 120
12.7315 -1.3803 -5.0803 80 200 120
13.8330 -9.1948 -5.5080 80 200 120
12.9333 -5.5354 -4.3081 80 200 120
13.3602 -8.9051 -4.9421 80 200 120
11.1796 0.8902 -5.0018 80 200 120
13.0839 1.2640 -4.1715 80 200 120
13.3565 -1.1798 -4.1588 80 200 120
10.1690 -2.5422 -4.5672 80 200 120
16.2242 -3.8964 -4.1959 80 200 120
16.0703 -2.0445 -3.8424 80 200 120
11.8641 -3.8629 -5.2293 80 200 120
13.3454 -2.5826 -5.0549 80 200 120
14.9679 -4.0037 -5.1874 80 200 120
16.1104 -2.7668 -3.7712 80 200 120
15.2246 -3.2460 -5.1027 80 200 120
12.5361 -3.9022 -4.5958 80 200 120
12.5306 -3.8597 -4.7985 80 200 120
11.6276 -3.1118 -5.1596 80 200 120
12.2179 -3.7179 -4.2063 80 200 120
13.1177 -9.2256 -1.9428 80 200 120
16.2538 -1.4895 -3.7419 80 200 120
12.5581 -6.4833 -4.2487 80 200 120
15.0771 -4.1328 -4.3553 80 200 120
8.9377 -2.8533 -5.1694 80 200 120
9.9338 -2.9064 -4.8071 80 200 120
10.8768 -0.9006 -5.0376 80 200 120
10.6415 -1.5647 -4.8716 80 200 120
10.6609 -1.8142 -4.5645 80 200 120
10.2564 -2.5205 -4.5327 80 200 120
8.6137 -3.5958 -1.9877 80 200 120
13.7396 -7.8306 -3.4378 80 200 120
8.6401 -4.8264 -1.8705 80 200 120
7.4082 -5.5288 -3.9438 80 200 120
15.7625 -4.8194 -2.3300 80 200 120
14.0979 -7.7179 -3.9801 80 200 120
12.9230 -8.8646 -4.7900 80 200 120
13.3051 -7.7237 -5.0287 80 200 120
15.1419 -5.7665 -3.3265 80 200 120
14.8302 -6.5754 -2.0465 80 200 120
12.5729 -6.8528 -4.4263 80 200 120
12.8207 -1.1452 -2.1961 80 200 120
13.5022 1.1037 -2.1033 80 200 120
13.4245 1.3002 -2.5913 80 200 120
13.7847 -6.2729 -1.9933 80 200 120
15.6961 -2.4558 -4.3141 80 200 120
15.0914 -6.1593 -2.4286 80 200 120
10.6260 0.4364 -2.2582 80 200 120
10.2352 -0.0173 -2.0735 80 200 120
8.6924 -3.1386 -2.4753 80 200 120
12.7881 1.1686 -2.5093 80 200 120
9.1700 -2.3132 -2.4059 80 200 120
7.6087 -4.9584 -2.3342 80 200 120
12.4856 1.0668 -2.1688 80 200 120
11.4621 1.2212 -3.1208 80 200 120
10.6484 -1.5082 -4.7379 80 200 120
10.6191 -1.7859 -5.0677 80 200 120
11.0658 -1.4384 -5.2249 80 200 120
11.2586 -1.3139 -5.1764 80 200 120
10.6355 -1.6187 -5.0127 80 200 120
10.5364 -2.2405 -5.1359 80 200 120
9.9031 -5.4940 -5.1746 80 200 120
11.7629 -3.9725 -4.2569 80 200 120
12.7805 -2.2200 -5.0101 80 200 120
12.2996 -3.7622 -4.0448 80 200 120
13.4164 -2.6129 -5.1774 80 200 120
12.8611 -1.3474 -4.3586 80 200 120
10.6695 -0.5058 -4.9712 80 200 120
12.7657 -1.2281 -2.2621 80 200 120
10.0385 -2.8622 -4.6754 80 200 120
12.6053 -4.1701 -5.0277 80 200 120
11.6969 -3.5456 -4.9139 80 200 120
11.7720 -3.8445 -5.0971 80 200 120
12.8989 -2.0412 -4.8813 80 200 120
12.0397 -5.3973 -4.9962 80 200 120
12.8233 -1.1756 -4.6304 80 200 120
12.8495 -5.2863 -4.9796 80 200 120
10.6356 -0.9566 -4.7067 80 200 120
14.3176 -1.9096 -4.4903 80 200 120
11.4074 -4.3430 -4.8092 80 200 120
14.1829 -1.4775 -4.2256 80 200 120
10.8513 -5.5688 -1.9962 80 200 120
11.6978 -6.8411 -4.2183 80 200 120
15.3881 -6.3280 -2.3725 80 200 120
13.4194 -8.4401 -3.8538 80 200 120
11.8021 -5.9582 -4.2168 80 200 120
11.9524 -6.4217 -4.2326 80 200 120
11.5372 -7.9099 -4.0393 80 200 120
8.1893 -4.3652 -2.0313 80 200 120
13.9189 -6.7066 -4.2837 80 200 120
17.6090 -1.0912 -2.8884 80 200 120
13.9120 -5.9422 -2.0438 80 200 120
12.8075 1.6859 -2.1009 80 200 120
15.2263 -5.1150 -3.4995 80 200 120
15.3956 0.0452 -2.0363 80 200 120
15.1110 0.3742 -3.0372 80 200 120
13.2884 -0.1294 -2.5904 80 200 120
15.5494 0.1403 -4.1669 80 200 120
15.1376 0.2795 -3.5090 80 200 120
11.1348 1.3625 -2.2122 80 200 120
7.6363 -5.2493 -2.0137 80 200 120
8.1918 -4.2156 -2.0796 80 200 120
8.8067 -3.1781 -2.0775 80 200 120
10.9898 0.6480 -3.4666 80 200 120
10.8369 -0.0505 -2.9966 80 200 120
9.3680 -2.0001 -2.6166 80 200 120
10.9650 -1.0481 -5.2832 80 200 120
10.7219 -0.5424 -5.0249 80 200 120
10.9549 -0.4861 -5.1953 80 200 120
11.1456 -0.3492 -5.2386 80 200 120
11.3823 -1.1233 -5.2216 80 200 120
10.6233 0.4672 -4.7464 80 200 120
11.7583 -0.5230 -5.1611 80 200 120
10.6511 -0.6004 -4.4672 80 200 120
10.1476 -1.1680 -4.4529 80 200 120
10.9498 -2.1321 -5.2232 80 200 120
10.0927 -2.9696 -5.1656 80 200 120
11.4898 -6.4580 -4.0268 80 200 120
11.9230 -5.6398 -4.9798 80 200 120
12.1137 -5.1905 -4.8937 80 200 120
11.8575 -6.2928 -4.2817 80 200 120
9.1823 -5.7228 -4.8844 80 200 120
12.7534 -1.4597 -5.0744 80 200 120
12.8475 -1.6505 -4.8608 80 200 120
12.6226 -2.0859 -5.0485 80 200 120
12.8119 -1.9874 -4.9424 80 200 120
12.8569 -1.6554 -4.8484 80 200 120
10.6352 -0.8035 -4.8356 80 200 120
12.7355 -0.9649 -4.6025 80 200 120
14.9168 -3.9858 -5.1427 80 200 120
15.7519 -2.9371 -4.7173 80 200 120
13.1708 -1.3001 -2.2194 80 200 120
12.7651 -1.2223 -2.1114 80 200 120
15.7463 -2.4422 -3.7236 80 200 120
12.3048 -3.7347 -4.3993 80 200 120
10.1382 -3.6044 -5.1395 80 200 120
13.9584 -7.0645 -4.8613 80 200 120
10.2517 -3.8787 -5.1823 80 200 120
11.8144 -5.8246 -4.8375 80 200 120
13.0131 -3.0907 -5.1720 80 200 120
9.3321 -4.8720 -4.8891 80 200 120
9.6002 -5.2757 -5.0844 80 200 120
9.0891 -6.1923 -4.5910 80 200 120
9.3681 -5.9108 -5.0148 80 200 120
10.5084 -1.5355 -4.6190 80 200 120
7.5719 -6.0615 -4.7358 80 200 120
8.5704 -5.7959 -4.5466 80 200 120
14.0822 -0.7375 -4.3903 80 200 120
9.2240 -5.4552 -4.7451 80 200 120
13.5255 -0.9555 -4.1686 80 200 120
10.2049 -5.8628 -1.9669 80 200 120
7.5661 -6.7371 -2.9351 80 200 120
14.5133 -6.4834 -4.0431 80 200 120
11.1268 -6.4425 -4.0369 80 200 120
9.3113 -7.5571 -5.0341 80 200 120
7.9737 -6.8287 -3.2231 80 200 120
12.2729 -6.4764 -4.1956 80 200 120
13.7280 -6.8435 -4.5021 80 200 120
13.0004 -9.8346 -5.1416 80 200 120
12.2212 -8.7952 -4.8682 80 200 120
12.7182 -6.2986 -4.3686 80 200 120
15.8623 -3.5422 -4.1634 80 200 120
13.4212 1.5333 -2.7006 80 200 120
17.5565 -1.2223 -3.5459 80 200 120
15.1936 -5.7361 -3.3671 80 200 120
16.0804 -0.3618 -3.5662 80 200 120
16.0724 -1.4493 -4.5609 80 200 120
15.9488 -3.8285 -4.0740 80 200 120
17.0452 -2.1051 -3.0503 80 200 120
15.7389 -6.0371 -3.1114 80 200 120
11.3148 2.0496 -2.2444 80 200 120
9.0047 -2.5709 -3.1363 80 200 120
12.7641 1.1472 -2.1152 80 200 120
8.9366 -2.7764 -3.0539 80 200 120
8.8012 -2.8372 -2.7223 80 200 120
9.5017 -2.2033 -2.1199 80 200 120
8.9214 -2.8973 -2.4171 80 200 120
8.1189 -4.5000 -2.4839 80 200 120
12.1886 -3.7104 -4.8922 80 200 120
10.5589 -1.2859 -4.6116 80 200 120
10.6715 -0.7341 -4.6603 80 200 120
10.9780 0.6887 -5.0925 80 200 120
11.6033 0.1197 -5.1861 80 200 120
11.5922 -0.1211 -5.2892 80 200 120
10.9113 0.6829 -4.6296 80 200 120
11.1406 -0.1507 -5.2473 80 200 120
11.7767 -0.0644 -5.3017 80 200 120
11.0826 -0.6801 -5.2495 80 200 120
11.6205 -0.7464 -5.2509 80 200 120
10.4882 -0.6364 -4.4377 80 200 120
10.2561 -1.9125 -4.5479 80 200 120
10.6299 -2.6211 -5.2529 80 200 120
8.5922 -4.6172 -5.2056 80 200 120
10.1244 -4.5991 -5.1324 80 200 120
10.8272 -5.8147 -4.5291 80 200 120
13.7769 -6.5792 -5.0706 80 200 120
13.0429 -5.6900 -5.1527 80 200 120
13.3804 -8.8084 -5.0602 80 200 120
11.1871 -6.6011 -3.9529 80 200 120
13.1430 -9.4370 -4.9760 80 200 120
12.3902 -3.9207 -4.2815 80 200 120
11.6441 1.3377 -4.9029 80 200 120
11.2156 1.0819 -4.9916 80 200 120
12.5526 -0.4159 -4.6354 80 200 120
15.8097 -3.0224 -4.0232 80 200 120
10.2011 -2.8736 -5.0346 80 200 120
12.3101 -3.7040 -4.9290 80 200 120
15.9296 -2.7555 -3.7136 80 200 120
10.2004 -2.5350 -4.5480 80 200 120
12.0220 -3.6589 -4.1035 80 200 120
16.1411 -3.3008 -3.8655 80 200 120
16.1063 -3.8298 -4.1656 80 200 120
11.9058 -3.6709 -4.6756 80 200 120
16.2472 -3.3854 -4.2732 80 200 120
13.3414 0.9288 -2.1557 80 200 120
12.3151 -3.7650 -4.2401 80 200 120
12.2638 -2.4402 -5.1505 80 200 120
12.9935 -5.9474 -4.4811 80 200 120
14.1853 -5.7987 -4.9670 80 200 120
12.3257 -1.7524 -5.1722 80 200 120
10.6739 -4.6082 -5.1732 80 200 120
15.0460 -3.7168 -4.8705 80 200 120
9.0050 -5.0861 -4.6277 80 200 120
11.8520 -5.9802 -4.3417 80 200 120
10.8922 -0.9183 -5.0212 80 200 120
8.7481 -6.2161 -1.9432 80 200 120
8.3151 -6.9189 -2.0918 80 200 120
13.9085 -6.5639 -3.7934 80 200 120
13.8134 -8.2775 -5.1595 80 200 120
14.2550 -6.7235 -4.2998 80 200 120
8.0274 -5.5038 -2.0012 80 200 120
8.8609 -7.3435 -5.0085 80 200 120
12.0314 -9.0401 -3.8694 80 200 120
8.3558 -3.7877 -2.1623 80 200 120
16.3586 -0.3847 -4.4368 80 200 120
16.0791 -3.6026 -3.8070 80 200 120
14.9628 0.4402 -2.1028 80 200 120
15.0955 -6.1595 -2.3915 80 200 120
13.0747 -1.4255 -2.2118 80 200 120
12.7497 -1.3659 -2.0733 80 200 120
12.7635 -1.2141 -2.2376 80 200 120
15.5979 -2.5544 -4.3081 80 200 120
12.9882 -1.4849 -2.0701 80 200 120
13.1535 1.2776 -2.1001 80 200 120
16.0623 -2.9497 -3.6895 80 200 120
11.7436 1.9189 -2.0273 80 200 120
11.0593 0.3798 -3.1157 80 200 120
9.4230 -1.4801 -3.6813 80 200 120
10.2684 0.0294 -3.4314 80 200 120
10.6417 -0.0361 -3.2385 80 200 120
9.1500 -2.5122 -3.3365 80 200 120
9.9852 -0.6197 -3.3325 80 200 120
10.2935 -0.5389 -2.7456 80 200 120
11.1493 -0.0345 -5.0992 80 200 120
10.9600 -0.3163 -4.9952 80 200 120
11.3811 0.2061 -4.9320 80 200 120
10.9940 0.0913 -4.9190 80 200 120
10.6441 -3.1299 -5.1515 80 200 120
7.7009 -5.0347 -2.5424 80 200 120
14.0305 -8.1155 -5.1735 80 200 120
9.3936 -2.8405 -5.0260 80 200 120
12.9084 -5.4850 -4.2595 80 200 120
12.8326 -2.2895 -5.1011 80 200 120
12.2290 -0.2544 -5.0678 80 200 120
12.0156 -0.5074 -5.1953 80 200 120
12.5363 -2.5002 -5.1510 80 200 120
12.1711 0.0344 -5.0665 80 200 120
13.0099 0.3656 -4.6651 80 200 120
11.9606 1.1886 -5.1866 80 200 120
12.8856 -1.7931 -4.7625 80 200 120
12.7480 -2.6946 -5.1635 80 200 120
11.2448 -0.7331 -5.2261 80 200 120
12.9101 -0.0071 -4.7928 80 200 120
10.7172 -1.1936 -5.0207 80 200 120
12.3743 -3.8682 -4.2295 80 200 120
13.1139 -1.3934 -2.2443 80 200 120
9.9929 -2.8614 -4.7265 80 200 120
9.1172 -2.8775 -4.9573 80 200 120
10.0765 -3.7076 -5.1588 80 200 120
12.2447 -3.6146 -5.1066 80 200 120
12.4450 -3.7286 -5.0693 80 200 120
12.3836 -3.7572 -4.7382 80 200 120
11.5142 -6.5558 -4.1331 80 200 120
11.2279 -2.9962 -5.1837 80 200 120
12.0607 -3.5743 -4.5425 80 200 120
12.9325 -2.2945 -4.9471 80 200 120
13.0653 -1.5945 -5.0531 80 200 120
15.2204 -3.3235 -4.9981 80 200 120
12.7424 -5.3386 -4.2694 80 200 120
12.6839 -5.9700 -4.3147 80 200 120
10.5667 -2.1565 -5.1470 80 200 120
9.9869 -2.8692 -4.7771 80 200 120
10.4326 -2.4255 -5.2393 80 200 120
7.4415 -6.2868 -1.9178 80 200 120
7.7247 -6.8293 -2.3146 80 200 120
9.1056 -5.3022 -1.9058 80 200 120
11.3543 -6.4024 -4.1196 80 200 120
9.6724 -7.7291 -4.9274 80 200 120
7.7552 -5.1546 -3.1784 80 200 120
15.5147 -4.4479 -2.0475 80 200 120
7.6473 -5.2938 -2.1911 80 200 120
15.9644 -1.8192 -4.6144 80 200 120
14.5441 0.4847 -2.4886 80 200 120
15.2100 0.2470 -3.5213 80 200 120
15.9093 -3.8055 -4.0879 80 200 120
15.9823 -3.3625 -4.0633 80 200 120
10.9393 1.6295 -2.4298 80 200 120
10.3086 0.6196 -2.3788 80 200 120
7.2936 -6.2212 -2.0527 80 200 120
7.9110 -4.5998 -2.4684 80 200 120
10.0426 -1.1853 -2.5290 80 200 120
7.7558 -5.0799 -2.0649 80 200 120
10.1302 -0.9577 -3.5699 80 200 120
12.7568 -5.1237 -5.0916 80 200 120
11.9510 -5.4371 -4.6278 80 200 120
6.9894 -6.3872 -2.0331 80 200 120
12.7644 -5.8183 -4.2385 80 200 120
12.9683 -1.5881 -5.0383 80 200 120
7.8643 -5.1724 -2.0809 80 200 120
12.2323 0.3532 -5.0981 80 200 120
12.7488 -1.2546 -4.6090 80 200 120
10.6067 -1.0047 -4.7458 80 200 120
11.8444 0.1394 -5.1884 80 200 120
11.3248 -4.9326 -5.1869 80 200 120
15.6520 -3.0031 -3.9559 80 200 120
16.2618 -1.4624 -3.7820 80 200 120
15.5646 -2.6011 -5.0626 80 200 120
15.9929 -2.7657 -3.7494 80 200 120
15.5464 -2.9352 -4.5314 80 200 120
15.5569 -3.7519 -3.9854 80 200 120
15.9739 -3.3286 -3.7833 80 200 120
15.3902 -3.6129 -5.3962 80 200 120
15.6955 -3.4431 -4.0673 80 200 120
16.2861 -2.2664 -3.7393 80 200 120
9.5397 -2.5648 -4.6408 80 200 120
12.0840 -3.5711 -4.6532 80 200 120
10.5398 -3.2163 -5.1492 80 200 120
11.4496 -6.3723 -4.7989 80 200 120
11.6874 -6.3056 -4.2263 80 200 120
12.2103 -3.4594 -4.8460 80 200 120
13.0130 -1.9509 -4.6298 80 200 120
11.5535 -6.0198 -5.2528 80 200 120
12.3515 -5.0949 -4.1467 80 200 120
9.1858 -5.7748 -4.6269 80 200 120
8.6437 -5.7437 -4.6175 80 200 120
9.2902 -5.3337 -4.6241 80 200 120
12.4035 -8.4463 -4.2219 80 200 120
11.0499 -8.6153 -3.3982 80 200 120
8.8475 -7.1931 -3.1543 80 200 120
6.3943 -6.4564 -2.8310 80 200 120
12.7581 -6.1003 -1.9919 80 200 120
7.6784 -5.0518 -2.5498 80 200 120
12.3027 -6.0116 -3.9898 80 200 120
12.1728 -8.8332 -4.8794 80 200 120
14.6020 0.4874 -2.8092 80 200 120
16.4141 -3.3593 -2.4317 80 200 120
16.6300 -3.0750 -3.4481 80 200 120
14.2928 0.0639 -2.0439 80 200 120
15.6923 -2.9906 -3.9708 80 200 120
12.7501 -1.3746 -2.0736 80 200 120
15.5100 0.1271 -4.1351 80 200 120
12.7258 1.2960 -2.5187 80 200 120
14.9855 0.7602 -3.8572 80 200 120
16.1440 -1.4179 -4.6380 80 200 120
12.9993 -1.4536 -2.0543 80 200 120
10.0225 0.9855 -2.6771 80 200 120
10.5059 0.4515 -3.9185 80 200 120
8.0105 -6.2046 -2.0560 80 200 120
9.0564 -2.3377 -3.6003 80 200 120
8.1648 -4.3872 -2.9815 80 200 120
7.6649 -5.0607 -2.5272 80 200 120
8.7321 -3.2002 -2.7594 80 200 120
8.7523 -3.1026 -3.2926 80 200 120
10.2521 -0.8157 -3.0314 80 200 120
11.4547 1.7443 -3.2190 80 200 120
11.7811 2.2592 -2.9398 80 200 120
9.0000 -2.6550 -3.0817 80 200 120
8.3660 -3.9543 -5.0323 80 200 120
9.9550 -2.2687 -4.4176 80 200 120
9.7674 -3.6799 -5.1102 80 200 120
11.4672 -4.3784 -4.9445 80 200 120
8.2280 -5.9370 -4.6624 80 200 120
12.2512 -2.5561 -5.2058 80 200 120
12.8201 -1.1690 -4.8508 80 200 120
14.1439 -5.2332 -4.7999 80 200 120
11.1228 -6.5518 -5.0163 80 200 120
13.5195 -7.9683 -4.8811 80 200 120
12.6739 -5.3187 -4.2961 80 200 120
12.1446 -5.3853 -4.2735 80 200 120
12.9142 -2.3254 -5.0755 80 200 120
12.3156 -1.7391 -5.1890 80 200 120
12.1652 -2.2698 -5.1411 80 200 120
12.5828 -0.8942 -4.5454 80 200 120
12.5587 -1.0396 -4.6217 80 200 120
12.3468 0.1279 -4.9008 80 200 120
12.5449 -0.9568 -4.5767 80 200 120
11.6100 1.1759 -5.2218 80 200 120
10.7494 -0.2704 -4.7942 80 200 120
12.3626 -3.8331 -4.2135 80 200 120
13.7265 -2.4446 -4.9801 80 200 120
11.5540 2.2605 -2.0910 80 200 120
9.9430 -3.0746 -4.8149 80 200 120
13.4738 -6.3026 -5.1035 80 200 120
10.8465 -3.8162 -5.1918 80 200 120
10.8124 -3.5911 -5.1993 80 200 120
10.6492 -3.3480 -5.1410 80 200 120
11.7247 -4.0890 -4.2470 80 200 120
11.5849 -6.1882 -4.3315 80 200 120
13.2440 -2.6361 -5.1288 80 200 120
12.8963 -2.2437 -4.9804 80 200 120
13.9989 -6.5199 -4.3316 80 200 120
9.9207 -2.8453 -4.8079 80 200 120
10.2027 -2.9062 -5.1215 80 200 120
9.7760 -6.8357 -4.9267 80 200 120
15.7689 -0.3744 -5.0951 80 200 120
15.7598 -4.1526 -3.8194 80 200 120
11.0971 -6.5668 -4.7426 80 200 120
10.8265 -6.0129 -2.2375 80 200 120
12.8029 -7.4790 -4.6376 80 200 120
7.9612 -4.5394 -2.4077 80 200 120
9.5655 -7.4790 -4.1802 80 200 120
12.0943 -8.8462 -4.3416 80 200 120
12.0731 -8.2476 -5.0952 80 200 120
11.3185 -5.9815 -2.0013 80 200 120
9.0616 -7.9020 -5.1614 80 200 120
12.7578 -10.0371 -5.6777 80 200 120
15.8948 -3.1618 -3.8435 80 200 120
17.1273 -2.0822 -3.1037 80 200 120
15.7583 -3.5161 -3.7261 80 200 120
15.7409 -2.2194 -4.2445 80 200 120
16.0856 -0.3153 -4.5008 80 200 120
15.9698 -4.1264 -3.1137 80 200 120
17.6152 -1.1607 -3.5931 80 200 120
16.2137 -0.4072 -4.0050 80 200 120
17.1566 -2.1055 -3.5644 80 200 120
10.9860 1.7851 -2.5018 80 200 120
10.7656 0.8315 -2.2211 80 200 120
7.8096 -4.8572 -2.9815 80 200 120
10.2246 -0.9292 -2.1386 80 200 120
9.9898 -0.2084 -2.1859 80 200 120
10.7975 0.4797 -3.8203 80 200 120
9.8297 -0.9365 -3.8420 80 200 120
10.3943 -0.4891 -3.7904 80 200 120
9.1721 -2.2574 -3.7524 80 200 120
9.3856 -2.1313 -3.6475 80 200 120
12.7394 0.8662 -2.4844 80 200 120
8.1604 -4.0593 -2.9513 80 200 120
9.1578 -2.5145 -3.3030 80 200 120
7.5185 -5.5862 -2.0825 80 200 120
9.5916 -1.6147 -3.4871 80 200 120
11.2935 0.8790 -3.1933 80 200 120
10.5925 -1.0641 -4.6522 80 200 120
11.6308 -1.5817 -5.1081 80 200 120
11.2312 -1.9546 -5.1478 80 200 120
11.8040 -1.4261 -5.1342 80 200 120
8.8747 -3.1093 -4.9777 80 200 120
10.6035 -0.8377 -4.8447 80 200 120
10.3913 -1.3973 -4.4531 80 200 120
10.5327 -6.1024 -3.9456 80 200 120
13.7908 -6.4100 -4.0701 80 200 120
11.8350 -3.9816 -4.3324 80 200 120
13.5916 -6.2083 -4.7616 80 200 120
14.0817 -7.2687 -4.9779 80 200 120
11.6442 1.4239 -4.9398 80 200 120
12.6690 -1.5602 -4.9208 80 200 120
12.3053 -6.5896 -4.3095 80 200 120
11.4036 -6.5940 -4.1081 80 200 120
12.9850 -1.8601 -5.0974 80 200 120
13.9198 -5.7784 -4.8713 80 200 120
12.9988 -2.7017 -5.1514 80 200 120
12.4176 -2.5446 -5.1507 80 200 120
12.5668 -1.0724 -4.7017 80 200 120
12.2771 -1.2079 -5.0901 80 200 120
12.7101 -1.3207 -4.6520 80 200 120
12.7124 -1.5747 -4.8629 80 200 120
10.6918 -1.3410 -4.9726 80 200 120
10.4611 -1.0656 -4.5613 80 200 120
12.9746 -1.8110 -4.0738 80 200 120
14.9043 -3.9714 -5.1341 80 200 120
13.8116 -2.1881 -4.5667 80 200 120
15.1545 -3.4077 -5.1936 80 200 120
13.1902 -1.2028 -2.2493 80 200 120
11.7978 -3.9287 -4.5074 80 200 120
16.0892 -1.9463 -3.8620 80 200 120
13.8061 -2.0614 -4.3102 80 200 120
12.7519 -1.0090 -2.2636 80 200 120
13.2685 -1.0020 -4.0879 80 200 120
15.6169 -2.9980 -3.9257 80 200 120
16.1199 -2.7471 -3.7798 80 200 120
17.6486 -0.9674 -2.0493 80 200 120
16.1897 -2.2415 -3.7273 80 200 120
15.5616 -3.3134 -3.8990 80 200 120
12.0980 -3.7164 -4.1679 80 200 120
12.0635 -5.5749 -4.3522 80 200 120
13.4377 -6.4574 -5.1037 80 200 120
12.1037 -3.7298 -4.1481 80 200 120
13.4628 -2.6137 -5.1335 80 200 120
12.9749 -2.3101 -4.8970 80 200 120
15.1790 -4.2411 -3.9104 80 200 120
15.3518 -5.2606 -3.5611 80 200 120
14.6251 -5.4568 -4.5981 80 200 120
14.4801 -5.9018 -4.2707 80 200 120
12.9899 -8.3779 -1.9960 80 200 120
16.1917 -1.4976 -3.7598 80 200 120
11.0613 -6.6420 -4.2102 80 200 120
10.6727 -1.5407 -5.0506 80 200 120
10.5354 -2.1376 -5.1795 80 200 120
7.0477 -6.0776 -2.3513 80 200 120
10.2230 -6.6631 -2.4989 80 200 120
11.0663 -8.2443 -1.8948 80 200 120
12.5698 -7.8792 -2.0022 80 200 120
12.7398 -9.7560 -3.9893 80 200 120
8.5058 -7.2750 -3.8744 80 200 120
9.0200 -7.5164 -3.2272 80 200 120
15.0046 -6.1157 -3.0489 80 200 120
11.3839 -6.4709 -4.0073 80 200 120
11.3831 -6.6931 -3.7926 80 200 120
7.6011 -5.2291 -3.2053 80 200 120
14.3796 -7.4880 -4.0287 80 200 120
11.1231 -5.9615 -3.2267 80 200 120
7.1582 -6.1829 -3.7525 80 200 120
14.4356 -6.9692 -3.8323 80 200 120
15.0745 -5.4062 -2.3999 80 200 120
16.3415 -0.7058 -4.9852 80 200 120
15.8217 -2.4478 -3.7654 80 200 120
16.6474 -0.3842 -4.4408 80 200 120
16.9481 -2.4528 -3.2942 80 200 120
14.7230 0.5591 -3.1985 80 200 120
10.9661 1.2830 -2.1638 80 200 120
9.8038 -1.3207 -2.2093 80 200 120
11.1998 1.1714 -3.9067 80 200 120
11.5754 1.5317 -3.8360 80 200 120
8.2424 -4.3456 -3.2443 80 200 120
7.1542 -6.5719 -2.5090 80 200 120
8.0301 -4.6518 -2.0878 80 200 120
9.1453 -2.2871 -2.4030 80 200 120
8.0810 -4.5041 -2.9772 80 200 120
9.0334 -2.7308 -3.5576 80 200 120
10.6261 -0.9000 -4.6465 80 200 120
10.6216 -0.9286 -5.0172 80 200 120
10.9081 -1.9103 -5.2573 80 200 120
10.2292 -1.7057 -4.3440 80 200 120
11.1044 -1.6566 -5.2205 80 200 120
10.5994 0.2877 -4.5035 80 200 120
10.5496 -1.6698 -4.8102 80 200 120
10.1733 -1.9619 -4.4299 80 200 120
10.0677 -3.7492 -5.1731 80 200 120
10.7623 -3.4223 -5.1013 80 200 120
9.8134 -2.6199 -4.3977 80 200 120
11.0734 -6.6545 -4.2880 80 200 120
11.2294 -6.2306 -4.2894 80 200 120
12.0570 -3.6707 -4.2183 80 200 120
12.8243 -0.8708 -4.1729 80 200 120
12.7904 -0.7684 -4.1854 80 200 120
10.7522 -1.6794 -5.1357 80 200 120
12.9751 -3.0676 -5.1629 80 200 120
10.5895 -0.8892 -4.5920 80 200 120
11.1574 0.8726 -4.5073 80 200 120
16.0293 -3.3234 -3.8032 80 200 120
17.4658 -0.7346 -2.7611 80 200 120
12.7063 -1.5119 -2.0960 80 200 120
15.0514 -1.6299 -5.1270 80 200 120
17.0776 -0.5156 -3.0451 80 200 120
12.4083 -3.8811 -4.8969 80 200 120
14.4790 -3.9689 -5.1555 80 200 120
12.8175 -4.6392 -5.1671 80 200 120
11.3476 -3.1722 -5.1804 80 200 120
12.2217 -2.3887 -5.1434 80 200 120
11.6685 -6.8183 -4.1957 80 200 120
9.4036 -5.8232 -4.9616 80 200 120
11.0639 -5.7205 -4.4619 80 200 120
12.1497 -4.2393 -4.4069 80 200 120
16.1159 -3.3371 -3.8437 80 200 120
11.9603 -8.1739 -4.9316 80 200 120
11.4780 -6.8717 -3.9905 80 200 120
13.8873 -2.4058 -5.1326 80 200 120
12.0578 -4.2949 -4.3375 80 200 120
16.1070 -2.3524 -3.6729 80 200 120
14.7516 -0.8667 -4.7779 80 200 120
12.9156 -1.7476 -4.2968 80 200 120
11.0517 -5.3544 -1.9972 80 200 120
10.3345 -8.1966 -2.3943 80 200 120
10.9993 -5.9669 -2.3813 80 200 120
10.2544 -6.7733 -2.9715 80 200 120
6.7566 -6.2277 -2.8459 80 200 120
12.0588 -8.1898 -5.0213 80 200 120
8.3978 -7.2527 -2.2645 80 200 120
12.6767 -8.8653 -4.7627 80 200 120
11.8542 -7.3017 -4.2368 80 200 120
8.6255 -7.4371 -3.1797 80 200 120
11.5702 -8.9740 -2.4309 80 200 120
15.5091 -3.4542 -4.0185 80 200 120
16.0486 -3.6043 -3.7994 80 200 120
16.6687 -2.7720 -2.0287 80 200 120
10.9147 0.6080 -4.0452 80 200 120
10.6843 0.3044 -2.7822 80 200 120
8.8743 -3.4343 -3.5605 80 200 120
12.7429 -1.2468 -2.2088 80 200 120
10.8376 -0.6621 -5.1843 80 200 120
10.7355 -1.6198 -5.2112 80 200 120
11.3994 -1.5929 -5.1116 80 200 120
12.2817 -4.9629 -5.1866 80 200 120
13.6691 -8.1415 -5.0584 80 200 120
12.1535 -4.2428 -4.3576 80 200 120
13.1577 -9.4795 -5.0341 80 200 120
10.8663 -6.0661 -4.0471 80 200 120
9.6076 -3.0608 -5.2363 80 200 120
13.6100 -5.9904 -3.8035 80 200 120
13.6516 -6.3275 -4.8437 80 200 120
13.9249 -6.9699 -4.7848 80 200 120
13.3400 -2.6930 -4.8854 80 200 120
13.9258 -7.6154 -4.9144 80 200 120
11.9865 -4.4593 -4.6738 80 200 120
12.3997 -0.4499 -4.7346 80 200 120
14.8790 -5.5167 -4.8962 80 200 120
13.0402 -1.8196 -4.0607 80 200 120
13.2030 -1.6503 -4.0618 80 200 120
15.4857 -4.4180 -4.9554 80 200 120
15.0459 -5.2389 -4.9545 80 200 120
14.9745 -4.0688 -3.8393 80 200 120
10.1651 -2.8755 -5.1200 80 200 120
12.8430 -5.2702 -5.0051 80 200 120
14.9817 -3.6402 -3.6606 80 200 120
9.9193 -2.0785 -4.5219 80 200 120
13.8355 0.3985 -3.8720 80 200 120
13.7439 -6.6842 -4.9354 80 200 120
13.7832 -6.4664 -5.0804 80 200 120
11.0042 -5.7318 -4.8533 80 200 120
13.5560 -2.4903 -5.0278 80 200 120
11.0422 -5.7366 -3.7434 80 200 120
11.2919 -5.8595 -5.0718 80 200 120
15.1346 -3.9477 -3.8201 80 200 120
9.1959 -7.1243 -4.8951 80 200 120
11.4820 -6.5120 -4.0923 80 200 120
14.6172 -6.8743 -2.3980 80 200 120
13.0534 -8.9431 -4.7767 80 200 120
7.7450 -5.9129 -3.6465 80 200 120
15.1506 -6.1453 -2.5124 80 200 120
7.8101 -6.3685 -3.9857 80 200 120
14.9390 -6.1535 -1.9971 80 200 120
11.6413 -8.5608 -3.4124 80 200 120
8.0450 -7.0922 -4.3212 80 200 120
15.0945 -6.2268 -3.0591 80 200 120
13.9537 -7.8072 -4.3397 80 200 120
10.9698 -6.0598 -2.6127 80 200 120
11.0493 -6.6340 -4.1099 80 200 120
10.9615 -5.7701 -2.0232 80 200 120
7.3739 -6.2529 -3.0588 80 200 120
11.2094 -8.7827 -3.9773 80 200 120
14.6829 -6.5488 -2.5462 80 200 120
14.1645 -6.3808 -2.0088 80 200 120
15.9005 -2.0441 -3.8055 80 200 120
16.2681 -3.2144 -1.9978 80 200 120
15.6897 -2.9486 -3.9871 80 200 120
15.9948 -2.7656 -3.7497 80 200 120
15.8772 -3.3605 -3.6855 80 200 120
13.0493 -1.4375 -2.0533 80 200 120
15.5717 -4.1541 -2.0247 80 200 120
15.9337 -3.6937 -4.1197 80 200 120
14.8947 -4.2391 -3.5323 80 200 120
15.4002 -4.1254 -3.6301 80 200 120
15.6779 -2.6851 -3.8904 80 200 120
14.3245 1.3876 -3.3500 80 200 120
16.8684 -2.5082 -3.2594 80 200 120
14.9424 -0.0731 -3.9276 80 200 120
10.7988 0.5170 -4.0882 80 200 120
10.6172 -0.0148 -4.1052 80 200 120
10.6218 0.3598 -4.1759 80 200 120
12.1730 1.3155 -3.5538 80 200 120
10.5183 -0.5332 -3.2350 80 200 120
12.7012 0.1850 -2.4859 80 200 120
10.8180 -0.7381 -4.6535 80 200 120
10.4921 -5.9297 -4.1311 80 200 120
12.9376 -1.6508 -4.9567 80 200 120
11.1568 -6.3653 -4.6793 80 200 120
12.5442 -6.2584 -4.2605 80 200 120
11.9769 -8.6627 -4.7870 80 200 120
11.3751 1.0130 -4.9469 80 200 120
14.4230 -5.4693 -5.1639 80 200 120
10.1654 -2.5037 -4.5902 80 200 120
10.7827 -3.2154 -4.9694 80 200 120
14.9782 -4.2926 -4.9680 80 200 120
15.5537 -5.1454 -5.2098 80 200 120
17.7998 -0.7811 -2.0661 80 200 120
12.7369 -1.1821 -2.2364 80 200 120
13.1269 -1.8629 -4.1059 80 200 120
12.8905 -2.1092 -4.1270 80 200 120
13.2984 -0.9206 -4.3166 80 200 120
11.1334 -5.8226 -3.2444 80 200 120
11.3778 -9.0944 -4.4263 80 200 120
11.4564 -6.9640 -4.0432 80 200 120
12.0104 -8.5348 -5.2259 80 200 120
8.1684 -4.3776 -2.0613 80 200 120
7.7770 -5.3692 -2.8440 80 200 120
14.0635 0.4067 -2.1447 80 200 120
16.0534 -4.1678 -3.1511 80 200 120
15.5423 -2.4812 -3.6693 80 200 120
15.7269 -3.4186 -4.1571 80 200 120
12.6344 -0.2955 -2.2051 80 200 120
15.0019 -6.1041 -2.4858 80 200 120
11.0192 -0.0004 -2.9382 80 200 120
10.4526 1.3124 -2.3936 80 200 120
11.0671 0.6981 -4.1266 80 200 120
11.2107 -1.9285 -2.3998 80 200 120
10.0828 -0.9559 -2.4607 80 200 120
7.2517 -6.1443 -2.9870 80 200 120
9.9485 -1.2562 -4.0717 80 200 120
11.6174 1.7034 -3.8735 80 200 120
12.7105 -1.3332 -2.2210 80 200 120
12.9977 -1.4975 -2.0549 80 200 120
7.6760 -5.0738 -2.5576 80 200 120
7.6317 -5.2670 -3.2105 80 200 120
10.2623 -3.8811 -5.2308 80 200 120
12.5013 -2.8288 -5.1749 80 200 120
14.0560 -7.1914 -4.9998 80 200 120
12.9053 -5.4288 -5.2003 80 200 120
11.0195 1.0378 -4.7164 80 200 120
11.0993 0.2621 -5.2163 80 200 120
11.1525 -0.2078 -5.2647 80 200 120
10.4168 -1.4338 -4.4136 80 200 120
10.9654 -2.2564 -5.1243 80 200 120
13.1273 -1.8625 -4.0713 80 200 120
9.7712 -2.7366 -4.9704 80 200 120
9.6760 -2.6484 -4.6237 80 200 120
10.0239 -4.9532 -5.1682 80 200 120
14.9128 -4.1483 -5.0780 80 200 120
11.3217 -6.8911 -4.0235 80 200 120
12.9263 -9.4779 -4.9755 80 200 120
9.3254 -6.0051 -5.0940 80 200 120
9.3482 -5.8686 -4.5332 80 200 120
12.2672 -6.4459 -4.2639 80 200 120
9.4573 -5.2907 -4.6021 80 200 120
10.9570 -5.8978 -4.1205 80 200 120
10.0239 -3.6041 -5.2381 80 200 120
12.3830 -8.7492 -4.8461 80 200 120
10.1147 -4.6467 -5.1534 80 200 120
10.3908 -8.1178 -3.5992 80 200 120
11.2992 -8.7527 -2.8709 80 200 120
8.5419 -7.2528 -3.8421 80 200 120
7.6186 -4.5996 -2.3764 80 200 120
11.7340 -9.1957 -5.1521 80 200 120
7.3122 -5.9836 -2.7760 80 200 120
11.0943 -6.2885 -2.1482 80 200 120
13.6096 -8.1006 -2.2790 80 200 120
16.0574 -1.5658 -3.7551 80 200 120
16.8986 -1.4968 -3.7470 80 200 120
15.9683 -3.3609 -3.7911 80 200 120
15.5972 -4.1493 -3.7490 80 200 120
16.5744 -0.6655 -3.7528 80 200 120
12.9314 -1.4183 -2.0521 80 200 120
13.1324 -1.2358 -2.2144 80 200 120
16.1471 -0.7085 -4.2740 80 200 120
12.7299 -1.3610 -2.3171 80 200 120
16.0218 -3.6597 -3.7687 80 200 120
16.0666 -3.9191 -3.8825 80 200 120
16.4489 -3.1466 -3.4357 80 200 120
10.7566 1.2343 -2.3100 80 200 120
10.7893 1.4135 -2.3943 80 200 120
10.9138 0.4812 -4.1677 80 200 120
10.8186 0.2570 -4.2164 80 200 120
10.1715 -1.3982 -2.2008 80 200 120
10.1962 -1.1553 -4.0630 80 200 120
9.0116 -2.6252 -4.0675 80 200 120
8.0986 -4.2895 -3.2565 80 200 120
8.0817 -4.5066 -2.9900 80 200 120
7.7158 -6.7782 -2.3828 80 200 120
7.6391 -4.9831 -3.2980 80 200 120
8.8748 -3.4559 -3.5577 80 200 120
12.5938 -3.6983 -5.1943 80 200 120
9.9704 -2.6392 -4.8221 80 200 120
12.2873 -3.7564 -4.5036 80 200 120
13.7921 -7.4075 -4.7694 80 200 120
7.9193 -5.2133 -2.1505 80 200 120
7.7429 -5.0404 -2.5314 80 200 120
12.5741 -1.0521 -4.5048 80 200 120
11.1364 0.4051 -4.8076 80 200 120
11.2508 -0.1364 -5.2309 80 200 120
11.4516 1.1906 -4.9352 80 200 120
13.3816 -1.8600 -3.9938 80 200 120
10.5728 -1.3425 -4.6577 80 200 120
10.5193 -1.2203 -4.6092 80 200 120
8.9756 -2.8961 -5.0904 80 200 120
12.2349 -3.7490 -4.2961 80 200 120
9.6899 -3.0688 -5.1351 80 200 120
14.8467 -3.9854 -5.1126 80 200 120
14.3191 -5.3939 -5.0414 80 200 120
12.7232 -0.8623 -3.5430 80 200 120
15.3344 -5.6457 -5.3011 80 200 120
11.5776 1.9094 -4.2326 80 200 120
11.4141 -1.4109 -5.1862 80 200 120
12.3400 -5.0436 -4.7372 80 200 120
11.0929 -6.5696 -4.0991 80 200 120
8.9742 -6.3716 -4.5326 80 200 120
9.3287 -5.6006 -4.6018 80 200 120
15.0420 -1.6575 -5.1141 80 200 120
9.7877 -6.3158 -5.1727 80 200 120
8.8184 -7.4832 -5.1672 80 200 120
18.4243 -0.6056 -2.0031 80 200 120
13.2952 -8.2623 -1.9940 80 200 120
13.6199 -9.1001 -3.2789 80 200 120
15.6722 -2.5791 -3.7916 80 200 120
16.4340 -2.1495 -3.7565 80 200 120
15.1095 0.2393 -3.4915 80 200 120
15.6881 -2.9292 -3.9989 80 200 120
15.9775 -3.3433 -4.2853 80 200 120
16.0317 -1.5346 -4.2943 80 200 120
14.7205 0.4387 -3.7167 80 200 120
15.7028 -3.6774 -4.0233 80 200 120
15.1891 -4.3376 -3.6154 80 200 120
10.7266 0.0285 -2.4372 80 200 120
9.6216 -1.4332 -4.3170 80 200 120
12.6848 -1.6142 -2.0761 80 200 120
13.1985 -1.0322 -2.3305 80 200 120
10.1408 -0.7662 -3.6841 80 200 120
13.0074 -1.4830 -2.0576 80 200 120
12.7282 1.1307 -2.8678 80 200 120
10.1708 -2.3973 -4.4657 80 200 120
8.1293 -5.6461 -4.2080 80 200 120
12.8969 -5.3499 -4.3824 80 200 120
12.8951 0.0094 -5.3108 80 200 120
12.6926 -1.5069 -4.9286 80 200 120
12.9460 -1.4822 -5.3346 80 200 120
13.7152 -6.5220 -5.0105 80 200 120
13.3678 -2.6788 -4.9976 80 200 120
14.3147 -7.7112 -5.5163 80 200 120
12.9943 -9.9594 -5.2431 80 200 120
12.5369 -1.0263 -4.5026 80 200 120
11.3386 0.9683 -4.9024 80 200 120
10.6865 -1.5053 -4.9713 80 200 120
14.6424 -5.6496 -4.4882 80 200 120
15.0866 -4.2689 -5.0223 80 200 120
15.2921 -3.6621 -3.8189 80 200 120
17.8904 -0.7192 -2.0813 80 200 120
15.5230 -4.3887 -3.8728 80 200 120
17.3306 -0.7693 -2.7706 80 200 120
9.4454 -5.3671 -5.2030 80 200 120
10.9937 -5.8252 -3.7413 80 200 120
9.2558 -5.7612 -5.3151 80 200 120
13.2141 -7.0982 -5.1496 80 200 120
12.8446 -2.1842 -4.0527 80 200 120
15.6315 -4.4260 -3.8906 80 200 120
11.0110 -5.7643 -4.1340 80 200 120
13.0227 -8.8630 -2.0357 80 200 120
12.1425 -9.3824 -2.2240 80 200 120
8.0369 -6.8455 -3.2172 80 200 120
7.0311 -6.3928 -3.3989 80 200 120
10.4761 -8.2628 -3.9589 80 200 120
11.1655 -6.2225 -3.2493 80 200 120
14.9324 -6.1567 -2.7921 80 200 120
11.0556 -5.8900 -2.5601 80 200 120
14.3596 -7.5241 -4.0729 80 200 120
12.7652 -9.7519 -5.6602 80 200 120
11.4079 -8.3818 -2.0722 80 200 120
12.5154 -9.5090 -4.6412 80 200 120
16.6239 -0.5394 -2.5473 80 200 120
15.6684 -2.2775 -4.1009 80 200 120
15.7619 -4.1936 -1.9968 80 200 120
15.5824 -4.5375 -2.0500 80 200 120
16.2202 -3.2536 -2.0064 80 200 120
14.0806 0.7234 -3.2585 80 200 120
15.9692 -4.1486 -3.1314 80 200 120
12.8029 -1.0433 -2.4324 80 200 120
10.4601 -1.3205 -4.4283 80 200 120
11.5955 -2.1657 -5.0968 80 200 120
11.7334 -4.1319 -4.1287 80 200 120
10.8565 -6.8108 -4.1133 80 200 120
11.4380 -7.1911 -4.1537 80 200 120
11.5001 -6.4041 -4.0465 80 200 120
11.1652 -6.9639 -4.0365 80 200 120
11.1828 1.9256 -5.3808 80 200 120
12.2095 -5.7489 -4.1576 80 200 120
11.5388 -6.9938 -4.4306 80 200 120
11.6031 0.2244 -5.2404 80 200 120
11.4052 -0.1586 -5.2290 80 200 120
12.2436 0.0437 -4.7030 80 200 120
12.5084 -2.7811 -5.2034 80 200 120
11.3250 0.6324 -5.1308 80 200 120
12.7481 -1.4247 -4.2932 80 200 120
14.4081 -5.4696 -5.1674 80 200 120
15.0703 -4.0974 -3.8996 80 200 120
12.8391 -5.2885 -5.0365 80 200 120
15.1286 -3.8877 -3.8294 80 200 120
15.4870 0.4977 -2.1055 80 200 120
11.6981 -4.1327 -4.2216 80 200 120
14.8906 -4.1041 -4.0456 80 200 120
14.7551 -5.6152 -4.4631 80 200 120
14.2505 -6.1657 -4.2721 80 200 120
13.6251 -8.5049 -4.7624 80 200 120
8.9309 -5.1096 -5.2678 80 200 120
8.9337 -5.8732 -4.8020 80 200 120
9.2766 -6.0656 -4.6518 80 200 120
12.0389 -5.3837 -4.3578 80 200 120
11.3636 -6.1801 -4.0905 80 200 120
13.2782 -7.2975 -1.9931 80 200 120
13.6524 -7.2439 -2.0801 80 200 120
7.4347 -6.2639 -2.7630 80 200 120
14.5499 -6.8160 -2.4144 80 200 120
14.9171 -5.9893 -2.4891 80 200 120
11.2839 -6.7248 -3.8596 80 200 120
7.5961 -5.1048 -2.5548 80 200 120
12.9697 -9.6482 -5.1267 80 200 120
7.7539 -6.8517 -2.3594 80 200 120
11.3967 -8.5381 -3.1990 80 200 120
10.2701 -6.5598 -3.7891 80 200 120
13.7745 -7.0693 -2.8112 80 200 120
16.7950 -2.5535 -2.4647 80 200 120
15.3553 0.0226 -4.0748 80 200 120
12.7299 -1.6852 -2.4275 80 200 120
16.1936 -3.5738 -2.0166 80 200 120
13.8196 0.6425 -2.2908 80 200 120
15.7016 -2.8475 -4.0420 80 200 120
15.6479 -4.1284 -3.7685 80 200 120
15.9740 -0.6770 -3.8482 80 200 120
9.0248 -6.8189 -2.0741 80 200 120
7.7715 -6.7623 -2.3716 80 200 120
7.4730 -5.9626 -2.8535 80 200 120
11.5654 1.9318 -3.9120 80 200 120
9.2775 -2.8726 -3.4784 80 200 120
8.3061 -6.9543 -2.0747 80 200 120
12.6645 0.1152 -2.7893 80 200 120
9.2991 -3.2026 -5.1703 80 200 120
10.3265 -1.9024 -4.7937 80 200 120
11.1670 -6.1200 -4.9102 80 200 120
13.6021 -6.3023 -4.7928 80 200 120
13.6575 -8.0698 -4.9881 80 200 120
12.3383 -8.7083 -4.8058 80 200 120
12.0068 -8.3563 -5.1477 80 200 120
12.5182 -0.3672 -4.0413 80 200 120
13.0010 -1.9778 -4.1571 80 200 120
10.4337 -1.8586 -4.3171 80 200 120
10.5866 -1.7250 -4.8132 80 200 120
11.1790 -1.7596 -5.1036 80 200 120
17.0062 -1.4934 -3.7875 80 200 120
13.1332 -1.0485 -2.2258 80 200 120
9.0949 -5.0101 -5.0553 80 200 120
8.1989 -4.2407 -5.1367 80 200 120
15.5341 -2.8806 -4.5960 80 200 120
15.6492 -2.7418 -3.7933 80 200 120
15.5451 -2.6516 -4.2213 80 200 120
15.5397 -2.4602 -5.0849 80 200 120
14.3253 -5.4056 -4.9152 80 200 120
16.1667 -1.5043 -3.7991 80 200 120
14.8643 -3.8884 -5.0384 80 200 120
11.0899 -5.7422 -4.0525 80 200 120
14.0056 -6.1777 -4.3218 80 200 120
12.4724 -5.9265 -4.3149 80 200 120
14.6332 -2.1243 -5.1344 80 200 120
13.5384 -8.4951 -4.5108 80 200 120
10.9032 -6.6163 -2.7843 80 200 120
14.2991 -6.6264 -2.0287 80 200 120
14.1353 -6.7499 -3.3239 80 200 120
10.6467 -8.2002 -2.0202 80 200 120
12.5397 -9.0411 -4.4487 80 200 120
8.0792 -6.8635 -3.2202 80 200 120
16.3803 -2.5981 -3.8797 80 200 120
15.6268 -2.5183 -3.8117 80 200 120
13.1431 -1.1639 -2.6333 80 200 120
12.6296 -0.9062 -2.2612 80 200 120
15.5885 -0.7188 -4.1734 80 200 120
12.7445 -1.4184 -2.0799 80 200 120
13.0811 -1.3349 -2.2400 80 200 120
13.8916 -0.2861 -2.0455 80 200 120
14.9675 -6.1243 -3.0128 80 200 120
15.9712 -4.0606 -2.2920 80 200 120
14.7693 0.1216 -2.1483 80 200 120
15.0301 0.2779 -4.1410 80 200 120
10.9504 0.8239 -4.4386 80 200 120
8.5972 -4.0825 -3.8136 80 200 120
13.8116 -7.4666 -4.7934 80 200 120
7.4217 -6.2406 -2.1481 80 200 120
7.8525 -5.0455 -2.5452 80 200 120
13.3745 -7.9666 -4.6452 80 200 120
11.1190 -6.2195 -4.0359 80 200 120
11.0087 0.1673 -4.9032 80 200 120
11.0117 0.0202 -5.1926 80 200 120
14.5769 -5.4989 -4.6901 80 200 120
14.9967 -4.1262 -3.8670 80 200 120
16.0599 -3.3451 -3.8564 80 200 120
15.4575 -4.3862 -3.8490 80 200 120
10.8872 -2.8736 -4.9144 80 200 120
12.0137 -4.2988 -4.2597 80 200 120
17.5587 -0.9281 -2.0965 80 200 120
12.1127 -4.2773 -4.6808 80 200 120
13.3460 -9.0142 -5.0905 80 200 120
11.3019 -4.9124 -5.1960 80 200 120
11.1680 -6.5762 -3.9907 80 200 120
14.3646 -6.5785 -4.3192 80 200 120
9.6428 -5.2870 -5.0068 80 200 120
11.3532 -6.2397 -4.4601 80 200 120
9.3902 -5.1888 -1.9848 80 200 120
12.7461 -9.6164 -3.4797 80 200 120
13.2453 -8.4781 -4.6850 80 200 120
11.3712 -8.5478 -4.8586 80 200 120
13.1103 -9.7526 -3.8648 80 200 120
7.6262 -5.1031 -2.5442 80 200 120
12.2110 -9.9633 -5.4853 80 200 120
7.0017 -6.4525 -3.0805 80 200 120
7.0657 -6.2633 -2.3437 80 200 120
8.2667 -4.4302 -2.0835 80 200 120
7.4107 -6.0002 -2.7673 80 200 120
12.9869 -9.4545 -3.1513 80 200 120
14.9802 -6.0629 -2.5070 80 200 120
16.8428 -2.2121 -2.1109 80 200 120
17.0200 -2.0629 -2.5080 80 200 120
16.7694 -2.7988 -2.5953 80 200 120
14.1804 1.0647 -3.3451 80 200 120
16.1481 -3.5782 -1.9986 80 200 120
14.4020 0.7818 -3.4990 80 200 120
15.8156 -1.7898 -3.6793 80 200 120
12.2779 1.2427 -3.9762 80 200 120
12.0713 1.4871 -4.1308 80 200 120
11.4949 1.5632 -4.4274 80 200 120
11.0055 -1.3853 -2.3681 80 200 120
13.1764 -0.6920 -2.5764 80 200 120
7.7371 -5.0637 -3.0389 80 200 120
13.0875 -1.1475 -2.0529 80 200 120
9.1276 -2.5780 -3.3304 80 200 120
8.0606 -4.5448 -3.0006 80 200 120
8.0526 -4.3201 -3.2668 80 200 120
11.1095 -0.3571 -5.0546 80 200 120
10.4960 -1.7006 -4.4295 80 200 120
10.1689 -2.3716 -4.5815 80 200 120
10.0917 -5.7555 -4.0462 80 200 120
11.4633 -5.1005 -4.9048 80 200 120
10.0523 -2.6892 -4.4633 80 200 120
9.2602 -6.0704 -5.0685 80 200 120
12.8841 -9.3182 -4.9109 80 200 120
11.4403 0.6071 -4.8125 80 200 120
12.4461 -6.2766 -4.2989 80 200 120
12.4970 -0.6607 -4.2856 80 200 120
10.9279 -0.3660 -5.2686 80 200 120
12.4969 -3.3697 -5.1652 80 200 120
12.8702 -5.4498 -4.3605 80 200 120
12.8406 -5.3359 -5.0545 80 200 120
17.3606 -0.7433 -2.7701 80 200 120
12.2560 -3.7375 -4.5436 80 200 120
9.2954 -2.8816 -5.0832 80 200 120
13.1722 -0.8442 -2.2306 80 200 120
8.3938 -4.2663 -4.9713 80 200 120
13.4474 -4.4775 -5.1546 80 200 120
12.3634 -3.8218 -5.1259 80 200 120
13.3745 -4.8538 -5.1679 80 200 120
15.4719 -2.3525 -4.8760 80 200 120
13.8235 -3.5544 -5.1784 80 200 120
10.6049 -5.1829 -5.1852 80 200 120
15.9746 -1.9455 -4.5672 80 200 120
12.4379 -6.1756 -4.2139 80 200 120
10.9912 -5.8343 -3.9681 80 200 120
16.1578 -1.4908 -3.7955 80 200 120
13.6689 -2.1830 -4.3500 80 200 120
12.6950 -5.7232 -4.3319 80 200 120
11.3591 -9.0416 -4.4271 80 200 120
13.4991 -8.7026 -3.2208 80 200 120
9.7452 -8.0406 -2.3116 80 200 120
11.1988 -6.0491 -2.0318 80 200 120
11.1104 -6.1577 -2.6869 80 200 120
9.9899 -8.2290 -3.5143 80 200 120
14.3770 -6.5986 -2.6618 80 200 120
15.5502 -2.6817 -4.3778 80 200 120
15.6888 -3.7623 -3.6653 80 200 120
15.3372 -5.2511 -3.3782 80 200 120
15.3800 -3.0406 -3.8865 80 200 120
15.1483 -5.7753 -3.3061 80 200 120
13.0246 -1.3798 -2.0579 80 200 120
15.2083 -5.6062 -2.9946 80 200 120
16.0014 -0.3908 -4.0785 80 200 120
16.5194 0.0682 -4.7870 80 200 120
15.8539 0.1527 -4.0710 80 200 120
11.1608 -1.6159 -2.2985 80 200 120
11.2615 -2.2236 -2.3281 80 200 120
10.7009 -1.6619 -4.9245 80 200 120
11.2176 -3.3185 -4.6343 80 200 120
10.7437 -5.9376 -3.5891 80 200 120
9.2071 -4.7718 -5.1758 80 200 120
11.3048 -6.0761 -5.0978 80 200 120
12.5881 -5.2780 -4.2690 80 200 120
10.6748 -2.6453 -4.8639 80 200 120
10.4348 -1.4912 -4.6239 80 200 120
15.7895 -1.6519 -5.0030 80 200 120
10.3756 -1.9813 -4.6888 80 200 120
10.7233 -2.3684 -4.8761 80 200 120
10.4178 -1.5908 -4.6920 80 200 120
10.4325 -1.4926 -4.5157 80 200 120
9.7779 -2.7226 -4.5335 80 200 120
-6.9876 138.0013 5.3503 80 200 120
14.6396 -5.5640 -4.7548 80 200 120
14.4417 -5.6491 -4.3921 80 200 120
9.5989 -3.1324 -5.1751 80 200 120
12.4814 -4.2762 -5.2004 80 200 120
13.5423 -4.9576 -5.1639 80 200 120
14.2000 -7.5141 -4.7606 80 200 120
11.3137 -6.1062 -4.8314 80 200 120
15.9947 -1.5654 -5.0873 80 200 120
11.7618 -6.6934 -4.7985 80 200 120
9.3855 -5.7143 -5.2677 80 200 120
8.7963 -6.1915 -4.8984 80 200 120
9.1397 -6.1037 -5.1304 80 200 120
13.6565 -2.2860 -4.8745 80 200 120
8.4884 -6.8581 -4.8707 80 200 120
11.0516 -5.7971 -4.1195 80 200 120
12.3131 -9.0895 -4.9827 80 200 120
10.3396 -6.0752 -2.0925 80 200 120
13.1497 -9.4933 -4.3851 80 200 120
11.2869 -8.9395 -3.2284 80 200 120
13.7499 -8.0317 -3.6120 80 200 120
11.1760 -6.0915 -3.1362 80 200 120
11.7429 -8.8029 -4.9554 80 200 120
11.3775 -8.6708 -4.9742 80 200 120
17.2728 -1.6788 -2.3716 80 200 120
16.9111 -1.3522 -2.0879 80 200 120
16.1170 -3.2357 -3.8260 80 200 120
16.9106 -1.6137 -3.4596 80 200 120
11.1910 0.7368 -4.4288 80 200 120
9.3923 -1.0268 -2.4681 80 200 120
10.5498 -0.7008 -4.3299 80 200 120
12.7254 -0.8732 -2.2752 80 200 120
8.1876 -4.6145 -3.6069 80 200 120
9.4832 -3.5605 -5.1405 80 200 120
10.3095 -1.3971 -4.7928 80 200 120
11.0841 -0.5545 -5.0989 80 200 120
10.5753 -2.7429 -4.8773 80 200 120
10.2223 -2.1738 -4.6613 80 200 120
11.4717 0.3623 -4.6936 80 200 120
11.9687 -4.2758 -4.1284 80 200 120
12.6621 -5.7195 -4.2669 80 200 120
7.7551 -5.0900 -2.5265 80 200 120
12.8335 -5.4382 -4.3344 80 200 120
12.2517 -3.7771 -4.3074 80 200 120
12.0082 -4.3611 -5.0888 80 200 120
11.5703 -4.0545 -4.4541 80 200 120
10.8323 -0.8408 -5.0321 80 200 120
13.0397 -2.4492 -4.7807 80 200 120
10.3094 -2.2653 -4.6102 80 200 120
15.1288 -2.9766 -5.0953 80 200 120
9.6893 -5.2982 -4.9343 80 200 120
11.9620 -4.2978 -4.2773 80 200 120
12.2022 -3.7018 -4.4206 80 200 120
14.1020 -1.4099 -4.4599 80 200 120
12.0361 -4.3090 -5.0749 80 200 120
12.7829 -5.2679 -4.8351 80 200 120
13.0016 -4.5030 -5.1561 80 200 120
12.1986 -3.6863 -4.3197 80 200 120
10.9639 -4.9708 -5.1670 80 200 120
14.3840 -7.0736 -3.7940 80 200 120
11.9871 -2.7185 -5.2206 80 200 120
15.3444 -2.9470 -5.1987 80 200 120
15.0552 -3.0599 -5.2336 80 200 120
15.5712 -2.4254 -4.5649 80 200 120
16.2786 -2.6408 -3.8470 80 200 120
11.3399 -5.9409 -4.9160 80 200 120
11.3399 -7.7658 -4.4808 80 200 120
12.5724 -5.2458 -4.3323 80 200 120
11.3157 -6.0012 -3.6222 80 200 120
9.4159 -5.4099 -5.1969 80 200 120
11.4908 -7.0627 -4.7293 80 200 120
12.9847 -8.3509 -2.0836 80 200 120
12.8606 -5.5961 -4.5809 80 200 120
12.6828 -8.0975 -5.1214 80 200 120
13.8818 -8.1759 -2.9907 80 200 120
14.4212 -7.6531 -2.3937 80 200 120
14.9994 -6.2585 -2.0048 80 200 120
15.0892 -6.1365 -2.5213 80 200 120
13.0319 -9.5062 -2.3629 80 200 120
17.1171 -0.6559 -3.4919 80 200 120
16.8128 -0.7946 -2.8459 80 200 120
17.1796 -1.2202 -2.4617 80 200 120
15.4921 -3.1986 -3.7949 80 200 120
12.7040 -1.3148 -2.0513 80 200 120
13.1129 -0.6720 -2.3129 80 200 120
13.3045 -0.5521 -2.6590 80 200 120
13.8677 0.9866 -2.2695 80 200 120
15.9671 -3.5498 -3.7869 80 200 120
15.5956 -4.1079 -3.8206 80 200 120
15.4098 0.1804 -4.2176 80 200 120
16.2361 -0.6659 -3.9791 80 200 120
12.0089 0.8647 -2.3062 80 200 120
11.6453 1.8580 -2.4221 80 200 120
11.3534 0.8908 -4.4720 80 200 120
9.1212 -1.8049 -2.2190 80 200 120
9.2912 -2.6574 -2.2189 80 200 120
9.3532 -1.4529 -2.2339 80 200 120
8.8895 -2.9682 -2.2061 80 200 120
10.4362 -1.7121 -4.1109 80 200 120
13.1762 -1.0881 -2.9951 80 200 120
7.3249 -7.0357 -2.0538 80 200 120
9.6004 -1.4874 -4.2918 80 200 120
13.0322 -1.0765 -1.9988 80 200 120
11.8319 -3.9137 -4.1576 80 200 120
10.6902 -1.4613 -4.9216 80 200 120
11.1154 -2.7329 -4.7698 80 200 120
11.5242 -6.2770 -4.6342 80 200 120
12.1150 -5.2799 -4.2990 80 200 120
9.3607 -5.4418 -4.7974 80 200 120
13.7717 -6.6831 -5.2136 80 200 120
10.7467 -5.8064 -4.3473 80 200 120
13.9252 -6.9031 -4.5054 80 200 120
12.8413 -5.3983 -4.3228 80 200 120
14.2779 -5.4463 -5.0190 80 200 120
15.6117 -4.4774 -5.0250 80 200 120
11.5449 -4.0039 -4.5142 80 200 120
15.5876 -5.0306 -5.2799 80 200 120
12.2358 -5.0828 -4.3488 80 200 120
13.7124 -6.5624 -5.0572 80 200 120
12.8767 -4.5531 -5.1413 80 200 120
12.4561 -3.8908 -5.2099 80 200 120
12.9792 -4.7263 -5.1843 80 200 120
13.0134 -4.7541 -5.1955 80 200 120
13.4773 -5.7536 -5.1732 80 200 120
15.2575 -3.7864 -3.7938 80 200 120
14.2446 -3.5730 -5.1972 80 200 120
12.7170 -5.1418 -4.6244 80 200 120
11.3208 -6.3092 -4.1078 80 200 120
11.1778 -6.1642 -4.0345 80 200 120
11.9589 -8.8306 -4.8862 80 200 120
16.2780 -1.4245 -3.8332 80 200 120
13.9964 -1.6161 -4.2048 80 200 120
17.0615 -1.5783 -3.8594 80 200 120
12.0453 -4.3158 -5.1629 80 200 120
15.6662 -2.5315 -3.7633 80 200 120
11.6621 -4.1078 -4.2972 80 200 120
11.8054 -9.1185 -2.9308 80 200 120
13.7594 -8.1033 -3.6422 80 200 120
6.9684 -6.4781 -2.6986 80 200 120
9.6598 -7.7707 -3.1263 80 200 120
12.8515 -9.5456 -4.9308 80 200 120
8.0347 -6.9473 -3.2164 80 200 120
13.5009 -8.8516 -4.1682 80 200 120
16.9847 -1.7029 -3.9732 80 200 120
14.9229 -5.5035 -2.0551 80 200 120
16.4582 -3.2828 -3.5858 80 200 120
15.8653 -3.8274 -3.8028 80 200 120
15.8969 -4.1929 -3.1335 80 200 120
15.2654 -3.7265 -3.8519 80 200 120
11.4965 1.1772 -4.5042 80 200 120
11.3331 -0.4785 -2.8875 80 200 120
11.7911 -0.3929 -2.2455 80 200 120
11.0282 -1.1571 -2.3110 80 200 120
8.2156 -3.6959 -2.1777 80 200 120
10.7404 0.0678 -4.5451 80 200 120
8.0524 -5.1167 -2.1350 80 200 120
8.0968 -4.6121 -3.3748 80 200 120
7.9393 -4.5861 -3.0136 80 200 120
11.4711 -6.1530 -4.7957 80 200 120
11.2350 -5.8375 -4.7087 80 200 120
11.2176 -6.4086 -4.0585 80 200 120
11.3955 -7.1415 -4.9213 80 200 120
10.9516 -6.3318 -3.7577 80 200 120
12.8545 -9.4439 -4.9484 80 200 120
11.7691 -8.6522 -5.1067 80 200 120
15.0321 -4.1639 -3.9279 80 200 120
14.4740 -5.5903 -4.1590 80 200 120
15.2304 -3.7642 -3.8218 80 200 120
16.2202 -3.2706 -3.8992 80 200 120
15.5623 -4.4266 -3.9132 80 200 120
12.6276 -5.1899 -4.7560 80 200 120
13.3009 -5.3160 -5.1875 80 200 120
12.7673 -4.1682 -5.1508 80 200 120
13.0126 -5.0531 -5.1912 80 200 120
12.5217 -3.8891 -5.2300 80 200 120
12.3258 -3.3873 -5.1365 80 200 120
15.3939 -3.2223 -3.8677 80 200 120
13.7883 -8.2341 -3.7155 80 200 120
13.4830 -8.8817 -4.1885 80 200 120
15.5522 -4.8036 -5.1335 80 200 120
12.0164 -4.2811 -4.0946 80 200 120
15.1185 -5.3350 -4.8857 80 200 120
11.7993 -8.6115 -5.1200 80 200 120
11.9601 -4.3790 -3.9871 80 200 120
11.7223 -6.2052 -4.2659 80 200 120
10.8246 -5.9974 -2.2261 80 200 120
10.2293 -7.1150 -3.7183 80 200 120
7.4349 -6.8195 -2.8873 80 200 120
16.1239 -0.6716 -2.9310 80 200 120
15.2486 0.6156 -3.6197 80 200 120
17.5358 -1.2557 -3.5811 80 200 120
16.0318 -0.3912 -3.5460 80 200 120
16.6547 0.5452 -5.1197 80 200 120
11.0879 -0.6286 -2.3047 80 200 120
8.0429 -4.3510 -3.3652 80 200 120
7.4965 -4.6158 -3.8915 80 200 120
7.0318 -6.4634 -2.1168 80 200 120
6.5108 -6.6510 -3.1371 80 200 120
11.0006 -0.8908 -4.9289 80 200 120
9.0428 -4.9475 -4.4575 80 200 120
10.4617 -4.3114 -5.2241 80 200 120
10.7767 -1.2722 -5.0266 80 200 120
11.4341 -3.0807 -4.5809 80 200 120
8.8123 -4.7404 -4.6879 80 200 120
11.7499 -6.0077 -4.3811 80 200 120
12.2854 -5.2169 -4.4959 80 200 120
12.7851 -5.3171 -4.6034 80 200 120
12.2148 -4.0443 -4.9836 80 200 120
11.8192 -3.6947 -4.2389 80 200 120
7.3911 -5.3955 -2.1141 80 200 120
13.6609 -6.5636 -5.0019 80 200 120
6.8133 -6.5057 -2.0950 80 200 120
11.1219 -0.0190 -4.7198 80 200 120
11.6622 1.1461 -4.8902 80 200 120
12.4337 -1.2276 -4.6993 80 200 120
13.9636 -1.3730 -4.1161 80 200 120
12.9307 -1.9224 -4.1700 80 200 120
12.9781 -2.1553 -4.3356 80 200 120
14.2974 -5.4528 -5.0158 80 200 120
12.2152 -5.1071 -4.4441 80 200 120
12.8413 -5.4575 -4.5274 80 200 120
16.4356 -2.4684 -3.8716 80 200 120
17.2283 -1.1789 -2.0921 80 200 120
15.2354 -5.3619 -5.1354 80 200 120
12.7143 -1.0038 -2.0188 80 200 120
12.2616 -3.5886 -5.0941 80 200 120
12.7671 -4.5821 -5.1682 80 200 120
13.2902 -5.9119 -5.1610 80 200 120
12.7233 -5.0327 -4.7942 80 200 120
12.8634 -5.1346 -5.1695 80 200 120
13.0823 -5.6048 -5.1453 80 200 120
14.8871 -3.8309 -4.0022 80 200 120
10.9086 -5.8975 -4.1770 80 200 120
11.1100 -6.2108 -4.0602 80 200 120
11.1665 -7.1195 -4.1492 80 200 120
14.2634 -5.6751 -4.3125 80 200 120
11.3944 -6.5356 -4.0684 80 200 120
10.7395 -3.7118 -5.1531 80 200 120
15.5454 -4.5495 -4.8225 80 200 120
9.4340 -7.8736 -2.5548 80 200 120
9.6487 -7.8660 -2.0057 80 200 120
9.9360 -8.1035 -2.9862 80 200 120
12.3892 -9.4385 -2.4639 80 200 120
7.2421 -6.0520 -2.8406 80 200 120
16.3318 -0.7650 -3.3799 80 200 120
15.6485 -0.3579 -2.5561 80 200 120
16.0716 -0.5124 -2.1243 80 200 120
15.8230 -0.2727 -3.2663 80 200 120
15.2959 -3.4427 -3.8101 80 200 120
15.2047 -3.7652 -3.8149 80 200 120
15.6091 -4.1406 -3.7955 80 200 120
15.9705 -1.9784 -3.8602 80 200 120
13.1530 -1.0142 -2.2267 80 200 120
15.6689 -2.4790 -3.8495 80 200 120
11.0903 0.9288 -4.7543 80 200 120
7.2312 -6.0885 -2.8543 80 200 120
7.6071 -5.1422 -3.0457 80 200 120
13.0335 -1.2952 -2.2427 80 200 120
13.4823 0.4844 -2.6454 80 200 120
12.8444 -5.5217 -5.0604 80 200 120
12.5975 -5.2963 -4.2890 80 200 120
11.0049 -5.8704 -4.5798 80 200 120
10.9063 -5.8859 -2.0885 80 200 120
13.8213 -6.5938 -4.4915 80 200 120
10.7282 -1.2892 -4.8484 80 200 120
10.7459 -0.8499 -4.6328 80 200 120
10.9622 -0.6658 -5.0961 80 200 120
15.6661 -0.7505 -5.1882 80 200 120
10.3084 -2.0297 -4.4799 80 200 120
10.9667 -0.5078 -4.2928 80 200 120
14.0243 -6.1149 -5.2814 80 200 120
14.1675 -5.8922 -4.3141 80 200 120
8.9456 -5.1058 -5.1341 80 200 120
15.0156 -4.1825 -3.8992 80 200 120
13.7054 -6.5995 -5.0841 80 200 120
15.0003 -3.9224 -4.0133 80 200 120
14.0412 -6.0624 -4.2912 80 200 120
15.4632 -4.4391 -3.8578 80 200 120
10.9800 -5.8427 -4.3898 80 200 120
12.1429 -5.1062 -4.6681 80 200 120
10.9148 -5.9084 -3.8983 80 200 120
13.9315 -7.8575 -5.0842 80 200 120
16.0719 -1.6446 -3.7799 80 200 120
15.7187 -2.1824 -5.2979 80 200 120
15.8196 -1.0524 -5.2338 80 200 120
12.4876 -2.8390 -5.1973 80 200 120
12.9428 -2.5544 -5.0608 80 200 120
12.9140 -6.9676 -5.1670 80 200 120
13.2228 -9.1446 -2.6856 80 200 120
10.4159 -8.4441 -4.0067 80 200 120
13.1069 -8.9346 -4.1387 80 200 120
12.9869 -9.5945 -3.8081 80 200 120
9.9919 -8.2347 -3.4966 80 200 120
12.5933 -9.9081 -5.2756 80 200 120
7.7493 -5.2008 -2.0781 80 200 120
16.9641 -1.8408 -1.9463 80 200 120
15.1247 0.3310 -3.5134 80 200 120
17.1877 -1.5423 -3.5172 80 200 120
16.0514 -3.8757 -3.4864 80 200 120
16.4114 -3.3068 -3.5921 80 200 120
11.0773 -0.0099 -2.6542 80 200 120
11.9722 1.3441 -4.5579 80 200 120
9.5816 -1.1540 -2.8250 80 200 120
9.9588 -1.4140 -2.3970 80 200 120
7.2785 -5.1901 -3.8228 80 200 120
6.8627 -6.3127 -2.4127 80 200 120
14.2332 1.4533 -2.1825 80 200 120
14.5517 -0.3370 -2.1436 80 200 120
15.1173 0.0132 -2.3754 80 200 120
9.6953 -5.1678 -4.9376 80 200 120
9.3280 -5.1147 -4.7409 80 200 120
9.1474 -5.4365 -4.5859 80 200 120
10.9503 -1.0994 -4.7040 80 200 120
10.8810 -5.9689 -4.1733 80 200 120
11.2562 -6.3068 -4.5575 80 200 120
11.9346 -5.6402 -4.2655 80 200 120
7.5574 -5.1495 -2.5391 80 200 120
7.8822 -4.6836 -3.6471 80 200 120
12.6948 -1.9360 -4.9126 80 200 120
11.2103 -8.8468 -5.0619 80 200 120
12.0576 -4.0816 -4.1636 80 200 120
11.5140 -0.4679 -5.2619 80 200 120
12.2417 -2.8008 -5.0519 80 200 120
11.3193 0.2794 -5.2871 80 200 120
15.6469 -1.9804 -4.3460 80 200 120
12.7617 -3.7223 -5.1549 80 200 120
14.8960 -2.2581 -5.1675 80 200 120
15.5876 -2.2061 -4.8693 80 200 120
13.0934 -0.8921 -2.2056 80 200 120
14.9247 -4.1611 -4.1174 80 200 120
12.5181 -5.2869 -4.2848 80 200 120
15.2851 -3.3908 -4.0029 80 200 120
12.4322 -3.8153 -5.2383 80 200 120
12.7522 -3.7762 -5.1620 80 200 120
11.7663 -5.8036 -4.4610 80 200 120
11.3654 -6.8443 -4.7983 80 200 120
13.6420 -6.2812 -5.1902 80 200 120
12.2774 -7.5693 -5.1370 80 200 120
14.7618 -5.8851 -4.5379 80 200 120
9.6377 -5.3829 -4.9812 80 200 120
12.1745 -3.6638 -4.4137 80 200 120
9.9730 -5.5481 -1.9890 80 200 120
11.1156 -8.6695 -1.9867 80 200 120
11.0927 -6.1701 -2.0247 80 200 120
13.5140 -7.5872 -3.2197 80 200 120
13.9339 -7.8185 -2.9977 80 200 120
7.7987 -5.8554 -2.0682 80 200 120
13.4305 -8.8494 -4.1351 80 200 120
13.6073 -8.3334 -3.6535 80 200 120
9.3492 -8.0925 -3.1562 80 200 120
15.5317 -0.5110 -2.1551 80 200 120
14.6511 -6.1441 -2.0356 80 200 120
15.2815 -5.3289 -3.2532 80 200 120
15.5846 -4.8132 -2.4184 80 200 120
13.5019 0.6481 -2.1545 80 200 120
11.7968 -2.2414 -2.3030 80 200 120
9.1136 -1.1474 -2.5160 80 200 120
9.2326 -1.0782 -3.0401 80 200 120
7.2539 -5.5859 -3.7007 80 200 120
10.3932 -2.0749 -4.2241 80 200 120
13.1018 -0.6063 -2.1837 80 200 120
11.0061 -5.8600 -2.0745 80 200 120
7.8026 -4.6420 -3.6943 80 200 120
8.4951 -3.5817 -3.7674 80 200 120
12.6781 -2.4204 -2.8003 80 200 120
8.5953 -3.1781 -3.3518 80 200 120
12.9719 -1.9341 -2.7280 80 200 120
12.1102 0.6856 -3.7371 80 200 120
11.0358 -3.8084 -5.0711 80 200 120
10.7392 -5.8149 -3.4969 80 200 120
11.6202 -5.9660 -4.4690 80 200 120
12.3111 -5.7925 -4.1836 80 200 120
13.9382 -7.0959 -4.7642 80 200 120
12.1613 -3.7063 -4.3559 80 200 120
13.6546 -6.5622 -4.9535 80 200 120
13.6092 -8.4456 -5.1411 80 200 120
13.8387 -7.9474 -5.0616 80 200 120
13.6373 -6.3560 -5.2384 80 200 120
13.3484 -2.6530 -5.1924 80 200 120
11.3934 0.6989 -4.8737 80 200 120
12.4417 -2.8514 -5.2109 80 200 120
13.4142 -9.0292 -5.1433 80 200 120
11.9052 -9.0080 -4.9053 80 200 120
10.8145 -0.9038 -4.7315 80 200 120
11.1433 -0.5769 -5.2038 80 200 120
11.1158 -1.0291 -5.0405 80 200 120
15.0157 -4.1989 -3.9015 80 200 120
17.4008 -1.0555 -2.0739 80 200 120
14.1425 -5.7333 -5.1429 80 200 120
14.5716 -5.5237 -4.5263 80 200 120
14.6582 -5.6754 -4.3290 80 200 120
14.2620 -6.2549 -4.2420 80 200 120
12.2447 -3.7483 -5.0504 80 200 120
15.2395 -3.4865 -3.8623 80 200 120
9.2833 -5.7628 -5.3158 80 200 120
16.1734 -2.7307 -3.8202 80 200 120
15.6825 -4.4200 -3.9566 80 200 120
16.2945 -3.3110 -3.9363 80 200 120
11.5780 -4.1264 -4.6503 80 200 120
11.2650 -6.0935 -4.5447 80 200 120
15.9884 -3.7901 -3.8615 80 200 120
12.6344 -8.9643 -5.1950 80 200 120
10.6770 -8.7186 -2.9165 80 200 120
13.7281 -7.7443 -2.7681 80 200 120
8.6887 -7.7587 -3.2259 80 200 120
12.0819 -9.5489 -4.5438 80 200 120
11.1976 -8.9478 -2.4813 80 200 120
7.9381 -5.4918 -2.1272 80 200 120
13.7272 -8.2105 -2.9280 80 200 120
15.6336 -2.1155 -3.6053 80 200 120
15.2362 -5.6909 -3.6272 80 200 120
15.0026 -5.8117 -3.2910 80 200 120
15.8891 -2.2393 -3.5739 80 200 120
15.6605 -4.6277 -2.0216 80 200 120
17.0241 -1.5766 -3.0029 80 200 120
11.5392 0.9350 -4.7836 80 200 120
11.4271 0.7516 -4.8453 80 200 120
11.5463 1.0377 -4.9279 80 200 120
8.4182 -2.9387 -3.0104 80 200 120
12.4150 -1.5412 -2.3007 80 200 120
10.3899 -2.5167 -4.1567 80 200 120
10.3597 -2.7396 -4.1163 80 200 120
10.4866 -1.9127 -4.3574 80 200 120
15.7725 -0.4324 -2.1742 80 200 120
11.1158 -6.1648 -2.0371 80 200 120
11.2290 -5.0297 -4.8824 80 200 120
11.1995 -6.1479 -4.5235 80 200 120
14.1064 -5.7435 -5.0758 80 200 120
10.9121 -0.5523 -4.7113 80 200 120
12.2917 -0.1853 -4.4318 80 200 120
13.4714 -1.9050 -3.8514 80 200 120
15.0672 -0.2318 -3.9625 80 200 120
15.5575 -4.4593 -3.9270 80 200 120
14.5506 -5.9030 -4.3305 80 200 120
11.9367 -4.2058 -4.1364 80 200 120
15.0152 -5.3681 -4.8963 80 200 120
13.3502 -2.4716 -4.1182 80 200 120
14.3035 -5.6939 -4.4129 80 200 120
12.1744 -5.9268 -4.1376 80 200 120
11.0235 -6.7863 -3.9713 80 200 120
11.2319 -6.8306 -4.0701 80 200 120
12.0789 -4.2308 -4.2031 80 200 120
10.2163 -7.0692 -4.3356 80 200 120
13.2032 -7.6771 -5.1685 80 200 120
11.4043 -7.2305 -4.0754 80 200 120
11.3746 -6.8746 -4.4137 80 200 120
13.4787 -8.9010 -4.1701 80 200 120
9.0936 -7.8356 -2.0358 80 200 120
9.3247 -7.9351 -4.2137 80 200 120
13.6994 -7.8991 -3.4317 80 200 120
10.8859 -6.2990 -2.2337 80 200 120
9.6656 -8.6195 -4.2897 80 200 120
13.9323 -8.2940 -3.2103 80 200 120
11.8281 -9.3159 -2.7583 80 200 120
14.9811 -0.0116 -2.4554 80 200 120
15.2602 -5.4486 -3.3955 80 200 120
16.7541 -2.1538 -4.0954 80 200 120
15.6188 -4.4597 -3.9259 80 200 120
15.5880 -4.2435 -3.8057 80 200 120
10.8253 -0.3082 -2.2336 80 200 120
11.7541 1.3431 -5.0334 80 200 120
14.5918 0.2851 -3.1701 80 200 120
14.7951 -0.0740 -2.1065 80 200 120
12.5993 -1.4551 -3.3722 80 200 120
10.9147 -6.3046 -2.1506 80 200 120
10.3630 -5.2503 -5.1534 80 200 120
12.2454 -5.1936 -4.3838 80 200 120
12.7158 -2.2204 -4.9718 80 200 120
11.5178 -6.5834 -4.4661 80 200 120
11.5134 0.0713 -4.6393 80 200 120
12.6359 -1.9853 -4.7609 80 200 120
12.7879 -9.6461 -4.9767 80 200 120
12.8564 -5.0629 -5.1210 80 200 120
11.0024 -0.8318 -4.8891 80 200 120
12.2555 -0.5370 -4.6603 80 200 120
13.4425 -1.6192 -3.8300 80 200 120
12.0529 -5.0880 -4.5159 80 200 120
13.0064 -0.5089 -3.0663 80 200 120
13.9169 -6.1869 -4.8403 80 200 120
13.7208 -8.3725 -5.2170 80 200 120
11.8555 -4.2459 -4.7274 80 200 120
14.3160 -7.1702 -4.7555 80 200 120
14.1134 -5.9093 -4.2691 80 200 120
13.8020 -2.1745 -4.9016 80 200 120
13.5035 -2.5209 -4.9478 80 200 120
11.6379 -6.4066 -4.4432 80 200 120
7.8244 -5.2559 -2.0424 80 200 120
13.4633 -8.0987 -2.0383 80 200 120
10.3522 -8.5312 -3.9989 80 200 120
13.1031 -9.8732 -4.6110 80 200 120
8.3749 -7.5087 -3.3288 80 200 120
11.9380 -9.4333 -3.9936 80 200 120
12.0874 -9.4307 -4.4923 80 200 120
15.0528 -5.6416 -2.0212 80 200 120
15.2438 -5.1676 -2.0106 80 200 120
14.0302 -0.1973 -2.1756 80 200 120
15.2275 -5.6954 -3.6415 80 200 120
15.7420 -4.6268 -3.2432 80 200 120
14.9099 -5.9800 -3.2707 80 200 120
14.6381 -4.0271 -2.0286 80 200 120
16.3456 -0.8673 -2.0386 80 200 120
14.7370 -6.2193 -2.0069 80 200 120
15.3026 -5.3504 -2.8948 80 200 120
15.9280 -4.1381 -2.5490 80 200 120
15.2045 -5.5094 -2.2104 80 200 120
14.8893 0.0430 -2.8987 80 200 120
15.1188 -5.7052 -2.9822 80 200 120
14.8564 -6.0442 -2.0076 80 200 120
12.5171 -0.7772 -4.0481 80 200 120
11.2760 -0.3348 -2.7254 80 200 120
11.2615 2.1510 -2.8799 80 200 120
10.1688 -1.9626 -4.6399 80 200 120
9.5965 -2.8199 -4.5179 80 200 120
10.0042 -0.0447 -4.8941 80 200 120
7.2644 -5.1826 -3.7365 80 200 120
13.0014 -1.2099 -2.9808 80 200 120
10.3948 -5.7618 -4.3760 80 200 120
13.8064 -6.8909 -4.5867 80 200 120
7.4151 -6.4447 -2.1191 80 200 120
12.0411 -3.5336 -4.4865 80 200 120
13.3221 -2.6164 -5.1997 80 200 120
13.2300 -9.2222 -5.0672 80 200 120
11.5030 -0.4699 -5.2823 80 200 120
12.6417 -1.5026 -4.3904 80 200 120
13.7354 -2.0167 -5.1275 80 200 120
11.5891 -4.1957 -4.7766 80 200 120
10.0100 2.0723 -4.1119 80 200 120
11.1044 0.6296 -4.9205 80 200 120
13.2200 -2.8094 -4.9742 80 200 120
9.1249 -2.9249 -5.1509 80 200 120
13.8598 -6.9928 -4.7980 80 200 120
15.0877 -4.1414 -3.9954 80 200 120
13.6634 -6.6150 -5.0538 80 200 120
15.2598 -3.7263 -3.8841 80 200 120
8.9135 -5.1509 -5.1778 80 200 120
9.7104 -2.8383 -4.4426 80 200 120
12.6032 -1.4927 -2.2476 80 200 120
14.0759 -5.8280 -5.1836 80 200 120
14.0588 -6.9209 -4.4011 80 200 120
12.2079 -5.1398 -4.7263 80 200 120
15.8916 -0.1753 -2.1500 80 200 120
8.8675 -4.1371 -4.8305 80 200 120
12.8485 -6.4572 -5.1867 80 200 120
12.4063 -5.1256 -4.6134 80 200 120
11.2215 -6.3867 -4.7245 80 200 120
11.8426 -5.6618 -4.3375 80 200 120
15.4503 -2.4586 -5.0461 80 200 120
15.9183 -0.8477 -5.2378 80 200 120
14.0424 -6.1046 -4.3295 80 200 120
15.3424 -4.6492 -5.2227 80 200 120
12.2166 -6.4601 -4.3903 80 200 120
11.5594 -6.5676 -4.3844 80 200 120
10.7476 -5.7994 -2.0792 80 200 120
11.8402 -9.3224 -4.2986 80 200 120
9.2711 -8.0057 -2.5443 80 200 120
11.4550 -9.1917 -3.5417 80 200 120
9.7145 -8.2617 -2.9714 80 200 120
16.2274 -4.1881 -4.2520 80 200 120
16.3340 -0.6015 -2.4627 80 200 120
15.0473 -5.9079 -3.0219 80 200 120
15.0717 -1.8180 -1.9067 80 200 120
14.9020 -6.1158 -2.5049 80 200 120
15.6679 -4.8485 -3.3601 80 200 120
15.7500 -3.9975 -3.8481 80 200 120
14.5959 -6.6524 -2.1348 80 200 120
15.4990 -4.9052 -1.9961 80 200 120
15.9811 -4.1093 -2.1858 80 200 120
14.2574 -5.1572 -1.9996 80 200 120
10.7342 -0.2194 -2.2960 80 200 120
8.1891 -3.0529 -2.4780 80 200 120
12.2966 -0.6724 -2.2900 80 200 120
12.9254 -2.7897 -2.4940 80 200 120
14.4077 0.3769 -2.4749 80 200 120
14.6103 0.4624 -3.1930 80 200 120
12.6052 -0.9559 -3.3530 80 200 120
10.3544 -1.3522 -4.9090 80 200 120
10.7941 -2.4425 -4.6895 80 200 120
11.2634 -2.2789 -4.7875 80 200 120
11.7955 -2.8259 -4.3973 80 200 120
10.7108 -2.1102 -4.7709 80 200 120
11.1179 -3.2733 -4.4428 80 200 120
10.7282 -5.7032 -4.4408 80 200 120
7.5072 -5.1817 -2.4895 80 200 120
11.2278 -7.1219 -4.2669 80 200 120
14.0604 -7.5900 -5.0866 80 200 120
11.5245 -6.6888 -4.1421 80 200 120
11.3692 0.5745 -4.8461 80 200 120
14.1537 -7.1010 -4.5774 80 200 120
12.0171 -6.6219 -4.6356 80 200 120
8.7058 -2.3727 -3.3773 80 200 120
12.7231 -1.5920 -4.2551 80 200 120
10.7008 -0.9354 -4.8126 80 200 120
13.1905 -0.4236 -2.2067 80 200 120
9.3307 -5.5107 -5.0934 80 200 120
14.1101 -5.9312 -4.3068 80 200 120
12.4513 -4.2313 -5.2354 80 200 120
12.7428 -5.3731 -4.4805 80 200 120
11.3521 -7.2905 -4.0511 80 200 120
11.2314 -7.1680 -4.2438 80 200 120
12.1074 -5.0908 -4.5377 80 200 120
15.9315 -1.6640 -5.1010 80 200 120
14.2255 -5.7241 -5.2261 80 200 120
13.5419 -2.4645 -5.0828 80 200 120
15.4196 -2.9821 -3.9439 80 200 120
15.0855 -4.0607 -3.8596 80 200 120
15.6112 -3.1224 -3.8940 80 200 120
14.9122 -3.8277 -3.8589 80 200 120
11.2284 -6.5172 -4.1557 80 200 120
15.6176 -4.4399 -3.9261 80 200 120
10.9735 -6.7947 -4.1394 80 200 120
14.8888 -4.2386 -4.0944 80 200 120
11.4727 -5.0776 -4.8404 80 200 120
15.8213 -3.9918 -3.8475 80 200 120
12.1967 -4.1599 -5.1557 80 200 120
14.9030 -4.1880 -4.3976 80 200 120
10.6526 -5.6781 -1.9672 80 200 120
7.8582 -7.6008 -4.0733 80 200 120
9.6747 -8.5511 -4.2861 80 200 120
10.2525 -8.1920 -1.9546 80 200 120
8.6678 -7.9643 -3.7420 80 200 120
10.6895 -8.6329 -1.9734 80 200 120
11.3546 -8.9854 -4.3182 80 200 120
8.1131 -7.6270 -2.7603 80 200 120
10.9177 -8.8950 -3.5356 80 200 120
15.2083 -0.1487 -2.0633 80 200 120
16.0913 -3.4153 -3.8417 80 200 120
16.3232 -2.9111 -4.0273 80 200 120
14.5169 -6.8122 -2.0465 80 200 120
14.8225 -5.7420 -1.9530 80 200 120
15.4642 -2.4140 -3.5310 80 200 120
14.3714 0.2973 -2.4841 80 200 120
14.9601 -5.7003 -3.4744 80 200 120
15.7920 -0.7095 -3.4462 80 200 120
16.4657 -2.2728 -2.8172 80 200 120
11.1421 0.6540 -2.3243 80 200 120
8.0500 -4.3202 -2.1343 80 200 120
8.3588 -3.1179 -2.0754 80 200 120
11.1710 -0.3165 -3.3159 80 200 120
10.8555 -0.5197 -2.9575 80 200 120
8.7956 -3.4957 -4.5476 80 200 120
9.0475 -2.9700 -4.7356 80 200 120
11.4103 0.4741 -5.1445 80 200 120
9.9286 -2.5534 -4.6520 80 200 120
10.3869 -1.4960 -4.7886 80 200 120
7.2590 -5.6357 -3.9399 80 200 120
10.8616 -1.4503 -4.3454 80 200 120
12.9426 -0.5535 -3.7187 80 200 120
11.1524 -1.9321 -4.8517 80 200 120
10.8080 -1.1317 -4.7874 80 200 120
11.0844 -1.1755 -4.9447 80 200 120
11.4031 -1.4776 -4.7871 80 200 120
11.8877 -2.7191 -4.4410 80 200 120
10.3852 -0.4136 -4.5699 80 200 120
9.9461 -1.2110 -4.4079 80 200 120
11.3662 -3.1936 -4.4783 80 200 120
9.8606 -3.0332 -5.2474 80 200 120
11.6941 -6.6472 -4.8453 80 200 120
10.3481 -5.8600 -4.0541 80 200 120
12.4758 -6.0275 -5.0619 80 200 120
12.2345 -6.4117 -5.0270 80 200 120
12.5755 -5.8496 -5.0852 80 200 120
12.6549 -1.5035 -5.0050 80 200 120
12.3554 -2.0453 -5.2072 80 200 120
12.5523 -1.9334 -5.1287 80 200 120
12.6672 -1.4722 -5.0106 80 200 120
13.7170 -7.9183 -5.2223 80 200 120
10.4944 -0.9438 -4.8037 80 200 120
12.6820 -5.4499 -4.5448 80 200 120
12.1454 -3.6932 -4.8599 80 200 120
9.2298 -3.0069 -5.1267 80 200 120
8.6689 -5.0754 -4.6808 80 200 120
17.3557 -1.1766 -2.0545 80 200 120
14.9152 -5.5958 -4.7293 80 200 120
13.6717 -6.6951 -4.3469 80 200 120
13.6314 -6.6138 -4.8646 80 200 120
12.4370 -5.2552 -4.4292 80 200 120
13.9983 -7.0391 -4.5914 80 200 120
14.4104 -6.0493 -4.3118 80 200 120
13.8797 -7.1587 -5.0355 80 200 120
12.8896 -3.2205 -5.1675 80 200 120
12.0945 -5.8499 -4.1925 80 200 120
15.0172 -4.5101 -5.0663 80 200 120
11.8153 -6.6281 -4.6653 80 200 120
11.3639 -7.2490 -5.0355 80 200 120
11.3574 -6.1689 -4.4835 80 200 120
15.4006 -2.6145 -4.9676 80 200 120
11.3230 -7.3147 -4.6833 80 200 120
10.8330 -8.8129 -5.1355 80 200 120
13.8273 -2.6031 -5.2283 80 200 120
11.8046 -4.4412 -4.9669 80 200 120
15.1062 -4.3978 -4.2916 80 200 120
12.4915 -6.0572 -5.0180 80 200 120
8.7027 -7.4371 -1.8101 80 200 120
13.4943 -8.1864 -2.0090 80 200 120
10.3921 -8.6342 -2.6275 80 200 120
7.9760 -5.3153 -2.0367 80 200 120
10.7349 -8.8187 -2.5650 80 200 120
12.4133 -9.0639 -1.9786 80 200 120
13.6832 -7.5069 -2.0530 80 200 120
15.9886 -4.2143 -3.2641 80 200 120
14.7830 -6.3471 -2.1235 80 200 120
17.4332 -0.2649 -3.7156 80 200 120
17.3756 -1.0493 -4.0874 80 200 120
15.2329 -5.3838 -3.2694 80 200 120
15.0662 -5.7944 -3.3286 80 200 120
15.1405 -5.6962 -2.9776 80 200 120
14.6728 -6.5308 -2.0535 80 200 120
15.8799 -4.0605 -3.9260 80 200 120
15.0574 -6.0402 -3.3419 80 200 120
16.1319 -3.8768 -3.7484 80 200 120
15.2446 -3.1906 -1.9434 80 200 120
11.2752 1.3608 -2.3594 80 200 120
8.5106 -2.8439 -2.7073 80 200 120
8.9358 -1.9433 -2.1315 80 200 120
8.6196 -2.9165 -2.3440 80 200 120
12.9880 -1.7177 -2.9005 80 200 120
10.1674 -0.9404 -4.8262 80 200 120
10.5896 -0.9260 -4.5998 80 200 120
11.3118 -1.0497 -4.9039 80 200 120
11.3785 -1.7917 -4.7555 80 200 120
9.9537 -1.8586 -4.5782 80 200 120
11.4741 -3.8177 -4.2747 80 200 120
10.1658 -5.2488 -4.2504 80 200 120
9.8820 -4.7003 -5.1896 80 200 120
10.8478 -5.8989 -4.3278 80 200 120
10.5420 -8.6657 -5.0925 80 200 120
12.6416 -1.6124 -4.3284 80 200 120
13.3143 -2.6900 -5.1270 80 200 120
12.0973 -3.7172 -4.9203 80 200 120
12.3983 -2.7719 -5.2445 80 200 120
12.5149 -1.7175 -5.3006 80 200 120
12.8258 -3.1851 -5.1824 80 200 120
11.3328 -1.4859 -3.3821 80 200 120
12.3453 -1.3125 -4.5037 80 200 120
12.2694 -6.3870 -5.0000 80 200 120
10.5338 -3.5978 -5.2747 80 200 120
11.2709 -5.0168 -5.0372 80 200 120
9.9086 -3.7670 -5.1203 80 200 120
14.0028 -5.9962 -4.7382 80 200 120
11.5336 -6.2429 -4.5846 80 200 120
11.4783 -6.5436 -4.0571 80 200 120
11.0334 -6.7635 -4.0750 80 200 120
10.4071 -8.7517 -5.2731 80 200 120
14.3527 -5.5309 -4.6098 80 200 120
11.5031 -6.8088 -4.1480 80 200 120
11.1156 -9.0832 -5.1407 80 200 120
10.9685 -6.9636 -3.9547 80 200 120
12.7458 -5.4657 -5.1634 80 200 120
10.2033 -6.9730 -4.2429 80 200 120
11.7524 -9.2953 -5.0972 80 200 120
15.6044 -4.4444 -3.9382 80 200 120
11.4621 -5.8828 -4.5207 80 200 120
11.7417 -8.6432 -1.9436 80 200 120
13.5600 -8.3488 -3.5672 80 200 120
9.0096 -8.1149 -4.3026 80 200 120
13.5151 -9.0389 -2.9031 80 200 120
7.8006 -7.4329 -2.3396 80 200 120
10.8037 -5.9103 -2.0392 80 200 120
13.9019 -7.8981 -3.0777 80 200 120
11.6786 -9.1077 -3.9654 80 200 120
14.9342 -6.0616 -2.1250 80 200 120
14.3132 -7.0205 -1.9916 80 200 120
14.7023 -6.7466 -2.5705 80 200 120
14.3995 -3.8538 -1.9940 80 200 120
14.6862 -6.7115 -1.9282 80 200 120
15.3936 -5.0796 -3.6610 80 200 120
15.5836 -4.9100 -3.3325 80 200 120
15.3667 -3.7491 -1.9378 80 200 120
15.1971 -5.4458 -3.5306 80 200 120
11.4830 1.9482 -2.1026 80 200 120
11.1534 -0.3200 -2.9868 80 200 120
10.6015 -0.3824 -3.1857 80 200 120
11.9485 -3.8791 -2.5185 80 200 120
12.3480 -0.9716 -4.4790 80 200 120
14.0003 0.8353 -4.2599 80 200 120
10.0742 -2.1328 -4.8077 80 200 120
15.9701 -0.8000 -2.6978 80 200 120
10.6827 -1.4063 -4.3041 80 200 120
15.8222 -0.3935 -2.1518 80 200 120
10.9773 -5.9138 -2.2855 80 200 120
10.9791 -5.9265 -2.0591 80 200 120
11.1579 -3.8388 -4.5507 80 200 120
9.1578 -2.9038 -5.0795 80 200 120
11.7178 -4.6072 -4.8821 80 200 120
9.2048 -7.3395 -4.7466 80 200 120
11.4900 -6.4939 -4.9280 80 200 120
12.9556 -3.0523 -3.5117 80 200 120
13.8555 -7.9567 -5.0487 80 200 120
12.6682 -2.2804 -5.1870 80 200 120
12.1347 -1.1084 -4.7836 80 200 120
11.8288 -0.6080 -5.1925 80 200 120
12.4051 -2.5811 -5.1731 80 200 120
12.1279 -1.0116 -4.7239 80 200 120
11.9710 -0.0413 -4.7725 80 200 120
12.7580 -1.8768 -4.7567 80 200 120
12.6269 -2.7946 -5.1604 80 200 120
11.8633 -2.7419 -4.3142 80 200 120
10.5773 -1.3778 -4.9383 80 200 120
13.2199 -1.2314 -2.2491 80 200 120
14.9560 -3.5969 -4.8015 80 200 120
12.6613 -5.4688 -4.1940 80 200 120
12.3102 -6.4354 -5.1317 80 200 120
11.2435 -7.1279 -4.1764 80 200 120
14.1609 -5.6899 -4.9608 80 200 120
14.1080 -7.6664 -5.2389 80 200 120
11.3199 -7.3347 -4.0336 80 200 120
11.3547 -7.3159 -4.5986 80 200 120
11.2737 -6.3677 -4.0271 80 200 120
11.9333 -6.5365 -4.5021 80 200 120
11.1835 -6.2508 -4.3123 80 200 120
11.6682 -6.4559 -4.6292 80 200 120
11.7949 -8.4136 -5.2384 80 200 120
12.2238 -5.6468 -4.1803 80 200 120
7.5492 -7.1794 -3.1738 80 200 120
13.2032 -8.8592 -3.7735 80 200 120
7.7207 -7.2998 -1.9779 80 200 120
10.3561 -8.5540 -3.9420 80 200 120
11.3117 -9.2932 -4.0544 80 200 120
10.1440 -8.4549 -3.1575 80 200 120
14.2548 -5.1921 -1.9842 80 200 120
15.6246 -4.8393 -2.3421 80 200 120
17.0278 -1.6280 -4.3063 80 200 120
16.5522 -0.7556 -3.4240 80 200 120
15.9739 -0.4591 -3.3875 80 200 120
10.9579 0.9288 -2.4854 80 200 120
10.4701 -0.2064 -2.3685 80 200 120
7.8551 -4.7515 -2.4449 80 200 120
9.7243 -1.0461 -2.5025 80 200 120
11.8400 0.3928 -5.2364 80 200 120
11.3305 -0.0603 -5.2484 80 200 120
12.9506 -2.3841 -2.5056 80 200 120
9.7846 1.5341 -5.8852 80 200 120
13.0121 -0.7452 -3.0423 80 200 120
10.1846 -2.5518 -4.1822 80 200 120
14.7545 -0.6644 -3.3101 80 200 120
13.1925 -1.1809 -2.2468 80 200 120
12.6974 -5.3067 -4.5575 80 200 120
11.9249 -5.5568 -4.2817 80 200 120
13.3400 -2.6026 -5.2004 80 200 120
11.2092 1.1172 -4.9745 80 200 120
13.9891 -1.1892 -5.3993 80 200 120
10.6824 -6.3354 -3.5547 80 200 120
13.6390 -6.7061 -4.2733 80 200 120
9.5192 -6.4029 -4.4312 80 200 120
12.2063 -1.1967 -4.5876 80 200 120
12.4186 -1.7642 -4.4508 80 200 120
12.6155 -1.9183 -4.4586 80 200 120
10.3451 -0.9734 -4.7919 80 200 120
11.5239 0.6110 -5.4726 80 200 120
15.8797 -1.9374 -3.6481 80 200 120
15.1957 -3.0335 -4.7141 80 200 120
15.2034 -5.2182 -4.9144 80 200 120
17.0394 -1.5286 -2.1381 80 200 120
12.2089 -1.2106 -2.2575 80 200 120
14.9654 -4.1087 -4.4936 80 200 120
14.1752 -6.5038 -4.2842 80 200 120
13.6610 -6.7650 -4.4985 80 200 120
12.7179 -5.4550 -5.1628 80 200 120
11.6545 -4.2925 -4.6599 80 200 120
14.3782 -5.5150 -4.5134 80 200 120
11.7667 -4.4617 -4.9479 80 200 120
13.7947 -5.2274 -5.2313 80 200 120
13.9606 -3.3558 -5.2277 80 200 120
10.5175 -7.1956 -4.2212 80 200 120
9.8585 -7.1928 -4.4509 80 200 120
10.9047 -6.8979 -4.1127 80 200 120
11.1530 -6.2207 -4.6908 80 200 120
11.9306 -4.3765 -5.1783 80 200 120
11.3481 -6.9704 -4.7662 80 200 120
10.7135 -6.7620 -4.2606 80 200 120
10.6499 -5.1654 -5.2831 80 200 120
11.6556 -5.2304 -4.5898 80 200 120
10.9001 -6.2425 -2.1422 80 200 120
6.9385 -7.0545 -2.3237 80 200 120
11.7339 -9.4137 -3.3110 80 200 120
13.4321 -9.0402 -3.2602 80 200 120
11.4370 -8.7483 -2.0085 80 200 120
15.8726 0.4885 -3.0652 80 200 120
15.1170 -5.7003 -2.3420 80 200 120
14.5814 -4.8387 -1.9915 80 200 120
14.7096 -6.2754 -1.9957 80 200 120
13.9667 -8.4417 -2.0962 80 200 120
13.8010 -3.9840 -2.0236 80 200 120
16.7645 -2.8893 -3.5586 80 200 120
14.9935 -5.8636 -2.7697 80 200 120
17.8300 -0.9369 -3.6781 80 200 120
16.8586 -2.3492 -2.9996 80 200 120
15.1978 -0.6504 -2.6408 80 200 120
10.4469 0.0053 -3.8773 80 200 120
8.1403 -3.0976 -2.7905 80 200 120
10.0923 -1.0505 -2.9174 80 200 120
11.3587 1.4498 -3.2039 80 200 120
11.9400 0.5151 -2.8282 80 200 120
8.6271 -2.6528 -3.0618 80 200 120
9.7774 -4.8877 -4.1787 80 200 120
9.6320 -2.2253 -4.4334 80 200 120
9.4003 -3.7107 -5.2006 80 200 120
11.4018 -4.6066 -4.8866 80 200 120
10.8154 -5.8335 -3.4544 80 200 120
10.6414 -5.9995 -4.0770 80 200 120
11.9872 -5.4714 -4.3064 80 200 120
10.8946 -6.7789 -4.1666 80 200 120
12.4863 -1.1340 -4.3320 80 200 120
7.8836 -7.2037 -5.1047 80 200 120
12.7318 -2.2022 -5.2436 80 200 120
12.2463 -2.3927 -4.9090 80 200 120
12.3164 -3.3442 -4.5822 80 200 120
12.3740 -1.7608 -4.5454 80 200 120
12.2619 -1.3633 -4.4846 80 200 120
12.3705 -1.7597 -4.4961 80 200 120
11.3859 1.2347 -5.2775 80 200 120
10.5530 -0.1958 -4.8248 80 200 120
13.6722 -2.4004 -5.1583 80 200 120
11.5684 -6.2777 -4.3796 80 200 120
9.2037 -5.4368 -5.1862 80 200 120
12.3203 -6.3641 -4.7679 80 200 120
12.6143 -5.3800 -4.4036 80 200 120
8.8117 -5.1301 -4.6949 80 200 120
8.9246 -5.1720 -5.0499 80 200 120
13.3121 -6.4610 -5.2199 80 200 120
13.7700 -6.6143 -4.2504 80 200 120
13.8180 -6.4444 -4.3158 80 200 120
11.2712 -6.3718 -4.0129 80 200 120
11.4858 -6.9455 -5.1380 80 200 120
14.0773 -5.9725 -4.2733 80 200 120
14.8562 -4.2875 -4.0593 80 200 120
14.9784 -3.4199 -4.8867 80 200 120
15.4663 -4.5878 -4.2937 80 200 120
14.8130 -3.0137 -5.2886 80 200 120
14.8999 -4.2039 -4.4141 80 200 120
14.3151 -5.4921 -4.5489 80 200 120
12.4734 -7.9046 -5.1923 80 200 120
8.5452 -5.3557 -2.1016 80 200 120
8.0028 -7.5675 -4.0157 80 200 120
10.3748 -8.4922 -3.9276 80 200 120
8.7279 -7.4855 -2.9303 80 200 120
15.2894 -5.6039 -3.3650 80 200 120
15.8755 -4.1095 -3.2726 80 200 120
15.2812 -5.3783 -2.9125 80 200 120
15.5446 -4.8414 -2.3237 80 200 120
15.1564 -5.4447 -3.3234 80 200 120
13.9669 -4.8841 -1.9952 80 200 120
16.5705 -0.9820 -2.3485 80 200 120
13.1612 -5.5844 -2.3981 80 200 120
11.9898 -3.0456 -2.3436 80 200 120
9.9330 -0.6942 -2.2436 80 200 120
10.6749 0.2055 -3.7996 80 200 120
9.3034 -1.6537 -3.4812 80 200 120
11.0900 0.9862 -3.1826 80 200 120
13.2373 -1.8855 -4.0273 80 200 120
15.9922 0.0651 -2.1022 80 200 120
16.5797 -0.0158 -2.0746 80 200 120
9.6404 -2.5552 -4.3797 80 200 120
9.1419 -5.4949 -2.4612 80 200 120
14.8103 -0.2033 -2.8694 80 200 120
16.5048 -0.1539 -2.9841 80 200 120
10.9723 -6.2475 -2.0199 80 200 120
10.9422 -5.9403 -2.0567 80 200 120
13.0430 -0.4823 -3.8291 80 200 120
14.0979 2.4431 -4.4489 80 200 120
10.5192 -6.3401 -2.1715 80 200 120
15.6199 0.0452 -2.9829 80 200 120
10.3027 -0.9768 -4.7372 80 200 120
12.0930 -3.2835 -4.2718 80 200 120
11.6177 -3.2215 -4.3802 80 200 120
8.7033 -3.2455 -4.9344 80 200 120
10.4741 -1.0866 -4.7522 80 200 120
11.7814 -7.2628 -5.1598 80 200 120
12.4327 -1.2417 -4.7660 80 200 120
13.6009 -6.6981 -4.2518 80 200 120
11.3028 -7.1297 -5.2383 80 200 120
13.2649 -2.5355 -5.2215 80 200 120
13.2803 -3.0411 -3.8214 80 200 120
12.9597 -2.7947 -3.6632 80 200 120
12.8212 -2.8145 -5.1523 80 200 120
12.3614 -3.0865 -4.8964 80 200 120
12.3818 -1.8195 -4.5933 80 200 120
12.1304 -1.8537 -4.9023 80 200 120
12.5711 -1.9998 -4.5152 80 200 120
12.5031 -1.8205 -4.9301 80 200 120
10.5523 -1.5374 -4.9063 80 200 120
10.2357 -1.0585 -4.6109 80 200 120
12.8796 -1.5912 -4.1034 80 200 120
13.8133 -1.7469 -5.0044 80 200 120
14.8269 -3.7014 -4.9482 80 200 120
15.4816 -2.8139 -3.6326 80 200 120
13.8162 -1.5815 -4.6397 80 200 120
13.0950 -1.0017 -4.0481 80 200 120
15.3342 -3.2761 -3.8576 80 200 120
16.0442 -2.4343 -3.7186 80 200 120
14.1995 -5.5533 -4.9597 80 200 120
11.1584 -5.9422 -3.8309 80 200 120
14.0180 -6.9833 -4.5781 80 200 120
14.4955 -5.9232 -4.2891 80 200 120
13.2884 -6.6242 -5.2548 80 200 120
14.4665 -5.5559 -4.4594 80 200 120
14.4568 -6.0408 -4.4760 80 200 120
12.6577 -5.7204 -5.0963 80 200 120
11.4532 -6.5817 -4.0802 80 200 120
11.4074 -6.9141 -4.6848 80 200 120
12.0127 -8.7261 -5.2737 80 200 120
14.2990 -5.7257 -4.6486 80 200 120
15.4836 -2.5080 -5.1922 80 200 120
14.7995 -4.0348 -5.2189 80 200 120
11.3434 -7.3110 -3.9297 80 200 120
10.4380 -7.2375 -4.2416 80 200 120
14.8174 -3.7957 -4.9253 80 200 120
12.5689 -9.9324 -3.9908 80 200 120
6.8339 -6.5407 -2.0136 80 200 120
16.4534 -2.9905 -2.5073 80 200 120
14.6100 -5.3294 -2.0005 80 200 120
14.3627 -6.9756 -1.9846 80 200 120
16.9413 -1.8160 -3.5005 80 200 120
15.5454 -4.8791 -3.3530 80 200 120
14.9443 -5.9207 -2.5126 80 200 120
14.5324 -5.5639 -1.9879 80 200 120
16.1380 -4.0604 -3.6267 80 200 120
9.4614 -1.2682 -2.2589 80 200 120
11.0529 1.1193 -3.9047 80 200 120
8.6336 -4.9908 -2.1351 80 200 120
8.7010 -2.1579 -2.4778 80 200 120
10.5258 -0.5937 -5.0305 80 200 120
7.6745 -4.7712 -3.6561 80 200 120
7.1324 -5.1527 -3.0644 80 200 120
12.8147 -0.8235 -2.5882 80 200 120
9.1355 -6.4307 -2.7762 80 200 120
10.3833 -0.9127 -4.6666 80 200 120
10.5059 -1.2586 -4.8771 80 200 120
11.2400 -3.0089 -4.5371 80 200 120
9.7673 -1.4682 -4.4197 80 200 120
11.4055 -2.8303 -4.5559 80 200 120
10.2377 -1.6102 -4.9234 80 200 120
9.7864 -1.8592 -4.4507 80 200 120
9.7721 -3.7980 -5.2551 80 200 120
10.7431 -3.6175 -5.0011 80 200 120
9.3967 -2.5340 -4.4354 80 200 120
11.1269 -6.3446 -4.2447 80 200 120
11.8580 -3.7887 -4.2043 80 200 120
8.4790 -6.3718 -4.4027 80 200 120
12.5824 -0.9200 -4.1849 80 200 120
12.5532 -0.9720 -4.1838 80 200 120
10.8476 -2.2246 -4.7837 80 200 120
12.7804 -3.1235 -5.2142 80 200 120
10.2377 -0.6985 -4.6963 80 200 120
10.7460 1.4949 -4.6625 80 200 120
14.9105 -1.6976 -5.1729 80 200 120
12.2505 -4.0189 -4.9920 80 200 120
12.2051 -6.4667 -4.1394 80 200 120
11.8030 -5.3242 -4.3765 80 200 120
12.3361 -6.0879 -5.3450 80 200 120
14.3482 -4.0567 -5.2150 80 200 120
12.6470 -4.7883 -5.1517 80 200 120
10.8527 -6.9477 -4.1356 80 200 120
11.9606 -4.5037 -5.0234 80 200 120
12.2426 -6.4875 -4.6485 80 200 120
11.9669 -6.5267 -4.5038 80 200 120
10.8503 -6.4106 -4.3370 80 200 120
11.1527 -7.1712 -3.9767 80 200 120
12.5440 -5.7111 -4.2314 80 200 120
11.3738 -6.0349 -4.4316 80 200 120
11.2212 -7.3861 -4.6694 80 200 120
10.7475 -5.9091 -4.6374 80 200 120
12.5620 -5.9151 -4.9819 80 200 120
12.4561 -6.0963 -5.0082 80 200 120
12.2473 -5.0968 -4.5321 80 200 120
14.2459 -6.5512 -4.4792 80 200 120
9.9979 -8.4920 -2.3831 80 200 120
11.4209 -9.1464 -2.4121 80 200 120
6.5999 -6.6103 -2.6705 80 200 120
12.9281 -9.6337 -3.4550 80 200 120
6.6455 -6.9324 -2.9775 80 200 120
6.9557 -7.1875 -3.3444 80 200 120
6.1152 -6.5823 -3.4868 80 200 120
16.4916 -2.8880 -2.0283 80 200 120
14.6389 -5.9826 -1.9481 80 200 120
15.9161 -4.0725 -3.3437 80 200 120
16.7179 -1.2908 -3.3920 80 200 120
15.8078 -1.3876 -2.9042 80 200 120
16.6638 -2.0520 -2.5545 80 200 120
10.5577 -0.6886 -2.5870 80 200 120
10.7365 -0.3807 -2.7120 80 200 120
8.0232 -4.1191 -4.6934 80 200 120
9.0544 -2.8416 -5.0261 80 200 120
9.5243 -2.7585 -4.9680 80 200 120
8.9790 -3.2485 -4.9121 80 200 120
10.7939 -2.8379 -4.6403 80 200 120
15.6786 -0.4060 -2.1516 80 200 120
13.0079 -2.0052 -3.8580 80 200 120
13.8405 0.6481 -4.0250 80 200 120
9.4310 -1.9613 -5.0152 80 200 120
7.6756 -7.0682 -2.0221 80 200 120
10.9078 -1.3967 -4.8660 80 200 120
10.8823 -2.3853 -4.7195 80 200 120
11.8805 -3.1733 -4.2613 80 200 120
9.3436 -3.1110 -5.2966 80 200 120
13.6443 -2.2085 -5.0128 80 200 120
13.4940 -8.6646 -5.1927 80 200 120
7.9059 -4.4214 -3.2725 80 200 120
13.5930 -6.7094 -4.3436 80 200 120
12.2915 -1.6707 -4.4622 80 200 120
12.9086 -1.5032 -4.1247 80 200 120
13.0332 -1.4309 -4.0989 80 200 120
9.7957 -2.8213 -5.2539 80 200 120
14.0540 -5.9261 -4.3247 80 200 120
14.5499 -5.9954 -4.5920 80 200 120
12.3106 -6.4075 -4.7748 80 200 120
13.9983 -7.8287 -5.2782 80 200 120
13.7209 -7.8496 -4.8977 80 200 120
13.5791 -6.7420 -5.0812 80 200 120
13.6276 -6.5459 -5.0964 80 200 120
12.6380 -5.3483 -4.3499 80 200 120
11.1067 -6.2329 -4.8018 80 200 120
11.2825 -7.3059 -5.0577 80 200 120
12.7093 -10.1852 -5.3856 80 200 120
13.5288 -8.5775 -5.2128 80 200 120
12.2587 -6.3321 -5.1680 80 200 120
13.1384 -8.1408 -5.2240 80 200 120
15.7462 -4.2414 -4.0423 80 200 120
9.6791 -9.3839 -5.9809 80 200 120
14.9012 -4.1625 -4.4289 80 200 120
13.5336 -5.3187 -5.2498 80 200 120
11.7615 -8.4109 -5.2794 80 200 120
14.0156 -6.8722 -4.6449 80 200 120
13.1325 -8.8665 -5.2024 80 200 120
12.3164 -5.9065 -4.1514 80 200 120
14.5619 -6.2482 -4.6510 80 200 120
10.9061 -9.0987 -4.0740 80 200 120
10.8031 -6.2412 -1.9862 80 200 120
10.7469 -5.8776 -2.0601 80 200 120
10.8196 -6.0425 -1.9564 80 200 120
10.0908 -5.7161 -2.2017 80 200 120
10.7630 -6.2734 -2.1947 80 200 120
8.3031 -7.9030 -3.2842 80 200 120
9.3040 -8.1238 -3.1215 80 200 120
8.2066 -7.5713 -2.7151 80 200 120
10.2351 -8.6032 -4.0127 80 200 120
12.7266 -9.9478 -3.8790 80 200 120
14.8359 -6.1263 -2.5232 80 200 120
15.1758 -5.4803 -2.4229 80 200 120
10.6653 0.2032 -4.0329 80 200 120
9.7983 1.2427 -4.4904 80 200 120
10.5640 -0.1551 -4.0716 80 200 120
10.4871 -1.0474 -3.1001 80 200 120
11.4864 -2.1899 -4.8089 80 200 120
10.9291 -6.2564 -2.0234 80 200 120
9.1252 -2.5668 -4.6361 80 200 120
17.2290 -1.3569 -2.0799 80 200 120
16.6962 -1.5859 -2.6315 80 200 120
10.5709 -0.6829 -4.6921 80 200 120
12.1047 -6.5310 -4.5773 80 200 120
7.3342 -6.5599 -2.1047 80 200 120
13.3621 -1.6839 -4.3031 80 200 120
14.0916 -0.6719 -5.3639 80 200 120
9.3522 -5.6681 -2.5602 80 200 120
9.8270 -2.4598 -4.6917 80 200 120
11.4494 -4.1690 -4.2285 80 200 120
9.5671 -2.9113 -4.8405 80 200 120
17.1705 -1.4417 -2.1063 80 200 120
13.9456 -6.9338 -4.3858 80 200 120
9.1687 -3.0661 -5.1149 80 200 120
14.4598 -1.2101 -4.6589 80 200 120
12.6370 -5.2949 -4.4371 80 200 120
11.3525 -7.0154 -4.0447 80 200 120
11.3971 -6.5593 -4.0888 80 200 120
13.9899 -5.8422 -4.6904 80 200 120
11.3543 -6.7342 -4.0279 80 200 120
14.1355 -6.7327 -4.5173 80 200 120
11.2649 -6.3740 -5.0116 80 200 120
12.1427 -6.4524 -5.0384 80 200 120
10.8951 -6.8693 -4.1222 80 200 120
11.7910 -6.5613 -4.8174 80 200 120
11.2917 -7.2941 -3.9459 80 200 120
11.0056 -6.3429 -4.5367 80 200 120
13.3818 -8.6393 -1.9679 80 200 120
8.3761 -7.5248 -3.8153 80 200 120
9.7446 -8.3775 -3.5386 80 200 120
16.1871 -2.0392 -3.2393 80 200 120
14.6102 -6.4457 -2.9901 80 200 120
15.0936 -5.4432 -2.9013 80 200 120
14.7078 -6.2776 -2.5184 80 200 120
14.9027 -6.0369 -2.7058 80 200 120
16.4085 -2.4192 -2.4955 80 200 120
15.5994 -4.6975 -2.7406 80 200 120
17.0070 -2.5382 -3.8251 80 200 120
10.8044 -0.1244 -2.8387 80 200 120
10.8943 0.4725 -4.0507 80 200 120
10.0632 -0.3387 -2.3859 80 200 120
9.2473 -0.7533 -4.2704 80 200 120
12.3127 -0.4879 -4.4702 80 200 120
13.7846 -1.8710 -3.9326 80 200 120
13.3441 -2.4607 -3.7832 80 200 120
12.8173 -1.5968 -2.0291 80 200 120
8.2669 -6.3147 -2.3223 80 200 120
8.7913 -5.4731 -2.8752 80 200 120
16.4281 -0.0450 -2.0498 80 200 120
9.9645 -3.9526 -5.2940 80 200 120
11.2799 -6.3490 -4.7945 80 200 120
13.8268 -6.1878 -5.1869 80 200 120
14.1308 -5.5929 -4.7787 80 200 120
11.0624 -0.3243 -5.0198 80 200 120
11.6537 -2.3245 -4.4175 80 200 120
10.0619 -1.3258 -4.4798 80 200 120
11.1985 -2.9680 -4.5624 80 200 120
12.9399 -1.5766 -4.1291 80 200 120
14.0876 -5.8997 -4.4646 80 200 120
15.5004 -4.3571 -3.9473 80 200 120
11.7938 -5.6872 -4.2176 80 200 120
14.0576 -6.7149 -4.4031 80 200 120
14.5051 -6.3122 -4.7726 80 200 120
11.1210 -6.3949 -4.0696 80 200 120
10.9217 -7.0675 -4.0775 80 200 120
14.6367 -4.2059 -5.0162 80 200 120
11.1036 -7.3465 -5.2273 80 200 120
14.2659 -5.5186 -4.4570 80 200 120
10.0284 -7.2719 -4.3467 80 200 120
10.2478 -8.7853 -5.3376 80 200 120
14.8596 -3.6116 -4.7604 80 200 120
10.7225 -8.8500 -5.1554 80 200 120
14.8928 -4.1918 -4.2101 80 200 120
14.8764 -4.1617 -4.5539 80 200 120
11.1093 -8.9575 -2.8696 80 200 120
13.4682 -8.4180 -2.2635 80 200 120
6.7319 -6.1401 -2.6697 80 200 120
10.6911 -5.9190 -2.2250 80 200 120
11.8267 -9.0535 -1.9941 80 200 120
14.7453 -6.3587 -2.8121 80 200 120
15.8217 -4.2073 -2.6686 80 200 120
13.9023 -5.2071 -1.9840 80 200 120
14.7517 -6.2065 -2.8357 80 200 120
11.4687 -1.5225 -2.3443 80 200 120
11.9597 -2.8066 -2.3861 80 200 120
10.7829 0.1169 -4.0797 80 200 120
13.4182 1.6013 -2.6997 80 200 120
12.9703 -3.5537 -2.4424 80 200 120
12.5354 -1.7311 -3.5471 80 200 120
12.4547 -4.0485 -5.0067 80 200 120
9.6221 -2.5850 -4.9586 80 200 120
12.8559 -1.7661 -3.9890 80 200 120
11.3754 -9.2867 -5.1527 80 200 120
13.4677 -8.6417 -5.1964 80 200 120
12.4405 -2.0393 -4.3456 80 200 120
10.5789 1.3132 -5.1135 80 200 120
11.6371 -2.0993 -4.4933 80 200 120
11.1250 1.5063 -5.0643 80 200 120
13.1573 -1.4798 -4.1212 80 200 120
10.3068 -1.4056 -4.6912 80 200 120
10.2402 -1.2124 -4.6660 80 200 120
14.6518 -4.1128 -5.0603 80 200 120
12.0694 -3.5681 -4.1249 80 200 120
12.1082 -6.4219 -5.1699 80 200 120
13.7281 -8.0521 -5.1318 80 200 120
11.8530 -6.5710 -4.6530 80 200 120
11.2319 -6.0490 -4.4454 80 200 120
11.2458 -6.2557 -4.7849 80 200 120
11.1809 -6.4194 -5.2571 80 200 120
14.0847 -5.9503 -4.3885 80 200 120
13.4478 -7.0195 -5.2589 80 200 120
11.1662 -6.3990 -5.2161 80 200 120
11.4793 -6.9546 -5.0904 80 200 120
14.1531 -5.5925 -4.7226 80 200 120
11.7451 -6.1305 -4.1818 80 200 120
13.1595 -8.6792 -1.9236 80 200 120
13.3312 -8.2767 -2.0753 80 200 120
10.9255 -6.2891 -2.0080 80 200 120
13.3858 -8.0297 -2.2717 80 200 120
13.4122 -8.6285 -1.9749 80 200 120
13.5443 -8.5251 -1.9800 80 200 120
14.6609 -6.4701 -3.0335 80 200 120
14.7075 -6.2557 -3.0311 80 200 120
15.5027 -4.8475 -2.3713 80 200 120
14.4092 -5.8303 -1.9874 80 200 120
14.7903 -4.8105 -2.0034 80 200 120
17.0941 -0.4146 -2.8919 80 200 120
14.1929 -5.6111 -2.0057 80 200 120
12.2999 -0.6581 -1.9721 80 200 120
13.2793 -2.4047 -4.0891 80 200 120
10.2080 -0.7222 -4.4106 80 200 120
9.7054 -2.2823 -4.5768 80 200 120
10.0216 -7.2195 -4.3556 80 200 120
13.9648 -1.3747 -4.5711 80 200 120
14.8871 -3.6092 -5.3038 80 200 120
13.9121 -1.0929 -4.2727 80 200 120
15.3228 -4.6062 -5.1211 80 200 120
13.6565 -6.6445 -4.3939 80 200 120
14.8673 -3.5133 -4.8651 80 200 120
11.3438 -6.9277 -4.4598 80 200 120
12.4031 -2.0117 -4.3578 80 200 120
10.9967 1.2836 -5.0335 80 200 120
10.5463 -1.7643 -4.8598 80 200 120
14.8170 -4.5639 -4.9087 80 200 120
11.1062 -7.3384 -5.2323 80 200 120
12.4324 -6.1281 -4.9459 80 200 120
13.9902 -6.9458 -4.5308 80 200 120
13.0484 -7.2698 -5.2436 80 200 120
12.6322 -5.4474 -5.2993 80 200 120
12.1333 -9.6526 -5.2068 80 200 120
11.2895 -7.0805 -4.1045 80 200 120
10.5506 -8.9710 -5.3178 80 200 120
12.0902 -5.6154 -4.2622 80 200 120
11.5446 -9.0492 -5.3451 80 200 120
15.3587 -4.6229 -4.2943 80 200 120
9.7381 -8.4299 -5.2495 80 200 120
12.2668 -5.6013 -4.2396 80 200 120
12.8837 -8.9602 -2.0049 80 200 120
11.9190 -9.5774 -2.2272 80 200 120
8.9063 -5.0035 -2.1318 80 200 120
6.4526 -7.0906 -4.3916 80 200 120
6.3178 -6.5281 -3.4517 80 200 120
12.2693 -9.3442 -2.4871 80 200 120
8.4889 -7.8325 -3.2210 80 200 120
11.5633 -9.9785 -4.2986 80 200 120
11.2039 -6.3813 -2.6588 80 200 120
9.4397 -8.5526 -3.6872 80 200 120
15.2350 -4.6985 -2.0653 80 200 120
13.2207 -8.5455 -2.0598 80 200 120
14.9252 -5.8256 -2.1834 80 200 120
14.7804 -6.0659 -2.6667 80 200 120
14.4831 -6.5945 -2.2282 80 200 120
15.8331 -3.2705 -2.9878 80 200 120
15.0798 -5.4730 -2.8919 80 200 120
16.7320 -2.6768 -2.8148 80 200 120
14.2457 -7.0079 -2.0085 80 200 120
13.1802 -8.5441 -1.8816 80 200 120
13.7372 -7.9953 -1.9865 80 200 120
15.3112 -0.0562 -4.5350 80 200 120
12.8654 -1.8083 -4.6176 80 200 120
10.8305 -6.2873 -2.0159 80 200 120
12.4011 -1.1911 -4.2132 80 200 120
10.8324 -7.4830 -4.1550 80 200 120
11.1825 -6.5912 -4.1599 80 200 120
10.6894 -7.2120 -4.1305 80 200 120
11.9256 -5.8886 -4.2308 80 200 120
11.2720 -7.2633 -4.3997 80 200 120
14.7342 -1.8704 -5.1013 80 200 120
14.1337 -5.5895 -5.1819 80 200 120
10.5467 1.0310 -4.6707 80 200 120
9.1667 -6.0870 -5.0641 80 200 120
6.4470 -6.6334 -2.0146 80 200 120
10.4444 0.1954 -3.7163 80 200 120
11.5530 -0.8967 -4.9096 80 200 120
11.7616 -2.4383 -4.3947 80 200 120
12.1360 -1.2468 -4.4158 80 200 120
12.3467 -3.3623 -4.9302 80 200 120
11.0294 0.5865 -5.1939 80 200 120
12.5142 -1.6650 -4.3032 80 200 120
11.2785 -6.4445 -5.0611 80 200 120
11.1695 -6.2860 -4.8332 80 200 120
14.0929 -2.8788 -2.2157 80 200 120
14.8523 -5.6693 -4.8341 80 200 120
14.0623 -6.3330 -4.3269 80 200 120
13.4268 -8.7858 -4.9167 80 200 120
10.2809 -8.7525 -5.2377 80 200 120
14.1770 -7.4157 -5.2858 80 200 120
11.3235 -7.2995 -3.8748 80 200 120
11.0318 -6.2015 -5.1152 80 200 120
10.9262 -6.3982 -4.1965 80 200 120
12.5400 -5.3279 -4.5098 80 200 120
10.9699 -6.0408 -4.6976 80 200 120
12.4147 -6.1740 -4.8900 80 200 120
10.7613 -6.3163 -2.0074 80 200 120
10.5876 -6.3279 -2.2314 80 200 120
10.9857 -6.3632 -2.5084 80 200 120
13.2507 -8.5838 -2.0120 80 200 120
13.8024 -5.2184 -1.9571 80 200 120
16.1010 -3.6684 -2.4958 80 200 120
13.3275 -8.7202 -2.2150 80 200 120
11.2674 1.6674 -3.9007 80 200 120
12.1088 -0.3908 -5.4804 80 200 120
12.7490 -1.8743 -3.9513 80 200 120
13.1426 -2.1407 -4.1515 80 200 120
13.6681 -1.7218 -4.0159 80 200 120
7.9032 -3.4861 -3.8215 80 200 120
16.1382 -1.3419 -2.7460 80 200 120
10.7792 -5.9823 -2.0639 80 200 120
6.3126 -6.6408 -2.0493 80 200 120
6.1127 -6.6974 -3.1193 80 200 120
9.5778 -3.9941 -4.6952 80 200 120
9.8660 -1.8949 -4.8982 80 200 120
12.6172 -9.8450 -5.0597 80 200 120
14.1149 -5.8033 -4.8459 80 200 120
11.1656 -6.9556 -4.1535 80 200 120
4.4018 35.9959 -0.8109 80 200 120
13.5547 -2.6901 -5.1928 80 200 120
11.4743 -6.3274 -4.9248 80 200 120
15.0936 -3.2039 -5.0731 80 200 120
14.0324 -5.6051 -4.6414 80 200 120
13.3083 -8.5436 -5.0389 80 200 120
12.1141 -0.1956 -4.1680 80 200 120
12.7027 -1.6973 -4.2439 80 200 120
9.6769 -1.4154 -4.5287 80 200 120
10.3041 -2.0029 -4.7590 80 200 120
11.5543 -3.3743 -4.2610 80 200 120
16.2548 -2.3092 -3.6282 80 200 120
16.3499 -2.3840 -2.1373 80 200 120
12.4805 -2.2364 -2.1971 80 200 120
13.5223 -6.6432 -4.3144 80 200 120
13.7010 -6.3505 -4.3260 80 200 120
8.9922 -7.5819 -4.8669 80 200 120
9.4684 -8.2159 -5.1197 80 200 120
11.3613 -6.8308 -4.2088 80 200 120
13.8521 -5.9033 -4.6214 80 200 120
10.8954 -8.9203 -5.3926 80 200 120
13.5902 -8.2645 -5.1463 80 200 120
11.6307 -7.1438 -5.2807 80 200 120
13.8889 -5.1539 -5.2479 80 200 120
12.1560 -6.1726 -4.7007 80 200 120
14.0161 -5.7020 -4.5160 80 200 120
11.8919 -6.4902 -4.6546 80 200 120
11.3393 -6.7298 -4.6810 80 200 120
7.6474 -4.1481 -2.0214 80 200 120
10.5424 -8.3179 -1.9702 80 200 120
8.4838 -7.8534 -3.2081 80 200 120
10.6636 -5.9262 -2.0441 80 200 120
14.0706 -5.2071 -1.9777 80 200 120
14.8570 -5.7790 -2.3893 80 200 120
14.6690 -6.1889 -2.5072 80 200 120
15.1057 -5.2302 -2.5363 80 200 120
13.8530 -7.5178 -1.9792 80 200 120
16.8386 -2.0159 -2.4387 80 200 120
14.0012 -4.5466 -1.9667 80 200 120
14.3887 -6.7344 -2.5774 80 200 120
10.6919 0.4738 -4.3587 80 200 120
10.2441 -5.8112 -2.2467 80 200 120
10.8130 -3.3909 -4.5180 80 200 120
14.4329 -0.1625 -5.0430 80 200 120
13.4675 -2.0151 -4.5398 80 200 120
16.1481 -2.7144 -2.1037 80 200 120
15.7681 -1.2954 -2.8796 80 200 120
10.7005 -6.2908 -1.9997 80 200 120
10.4206 -6.2921 -2.2057 80 200 120
12.4946 -0.5490 -4.8806 80 200 120
6.9676 -6.8817 -5.0354 80 200 120
13.5010 -1.9012 -5.2216 80 200 120
14.0099 -5.7157 -4.1609 80 200 120
8.5941 -6.0366 -4.4943 80 200 120
13.7380 -6.2072 -5.2906 80 200 120
14.2522 -6.4657 -4.6323 80 200 120
10.4701 0.6795 -5.0886 80 200 120
10.9217 -0.6595 -4.9561 80 200 120
11.2679 -3.8227 -4.2794 80 200 120
9.8739 -7.4094 -6.9665 80 200 120
13.0455 -1.2318 -2.2274 80 200 120
11.3597 -6.8926 -5.0870 80 200 120
10.8073 -7.4549 -5.4270 80 200 120
11.3686 -6.6430 -5.2356 80 200 120
13.0674 -9.3039 -5.1790 80 200 120
14.2986 -6.8076 -4.7380 80 200 120
11.0044 -7.4689 -4.8736 80 200 120
13.5979 -6.8636 -4.7767 80 200 120
12.6482 -5.9417 -5.3475 80 200 120
11.1812 -6.4216 -4.2028 80 200 120
11.0988 -9.2586 -5.2143 80 200 120
15.6931 -4.2587 -5.4148 80 200 120
12.5387 -9.8440 -3.4323 80 200 120
12.7931 -9.6173 -3.0852 80 200 120
6.9104 -6.6775 -3.4698 80 200 120
6.4705 -6.0015 -1.8862 80 200 120
10.8653 -6.3735 -2.5432 80 200 120
13.0308 -9.5197 -2.4769 80 200 120
7.7444 -7.0359 -3.9277 80 200 120
13.0597 -8.9513 -2.6231 80 200 120
14.7885 -5.1150 -2.1548 80 200 120
14.3098 -7.0772 -2.4627 80 200 120
13.4039 -8.8098 -2.1806 80 200 120
14.2182 -7.1792 -1.9895 80 200 120
10.8309 1.0968 -2.5299 80 200 120
10.1031 -0.2248 -2.2920 80 200 120
8.6693 -2.6007 -3.3090 80 200 120
11.5085 -3.9866 -4.1757 80 200 120
12.2329 -3.1793 -4.4837 80 200 120
15.7680 -0.7210 -4.4734 80 200 120
10.5984 -2.9665 -4.3139 80 200 120
12.9979 -2.5219 -4.2765 80 200 120
10.0006 -1.8021 -3.9854 80 200 120
16.6195 -1.3517 -2.0684 80 200 120
7.7333 -7.2065 -1.9987 80 200 120
8.0591 -3.5915 -4.6075 80 200 120
15.8942 -1.7281 -3.8074 80 200 120
11.5941 -2.7066 -4.5110 80 200 120
10.8729 -0.3755 -5.0972 80 200 120
9.8556 -1.1966 -4.6805 80 200 120
9.6898 -2.3184 -4.6799 80 200 120
10.7813 -6.1807 -3.5151 80 200 120
11.4749 -5.4520 -4.5329 80 200 120
9.4701 -2.5183 -4.5816 80 200 120
13.9082 -7.0340 -4.3689 80 200 120
13.5877 -6.8063 -4.4732 80 200 120
12.3689 -5.6775 -4.3796 80 200 120
11.1491 -7.4610 -4.3579 80 200 120
14.8427 -1.6474 -5.2281 80 200 120
12.7349 -9.5916 -4.7364 80 200 120
12.2772 -1.3247 -4.2241 80 200 120
11.0733 -1.3412 -4.8497 80 200 120
12.2983 -3.6284 -5.0881 80 200 120
14.1129 -6.9751 -4.9992 80 200 120
13.9740 -5.8233 -4.7466 80 200 120
14.2479 -6.3228 -4.4681 80 200 120
13.5388 -8.4248 -5.0984 80 200 120
11.0631 -6.3837 -4.9967 80 200 120
13.2129 -4.7762 -5.0175 80 200 120
13.1358 -4.9718 -5.2783 80 200 120
12.7228 -8.4762 -5.2499 80 200 120
11.0162 -6.1904 -5.2018 80 200 120
11.0324 -7.2880 -4.6749 80 200 120
12.9940 -4.7811 -5.0415 80 200 120
12.3221 -5.9510 -4.2768 80 200 120
12.3555 -6.0296 -4.6087 80 200 120
10.1515 -5.6541 -2.5687 80 200 120
9.2654 -8.3256 -2.2959 80 200 120
12.7811 -9.6138 -2.0112 80 200 120
13.3375 -8.6549 -2.2439 80 200 120
10.3468 -6.7077 -1.9457 80 200 120
10.7629 -6.3289 -2.0005 80 200 120
10.8537 -6.0261 -2.0675 80 200 120
6.8076 -6.4063 -4.1542 80 200 120
10.1868 -5.7046 -2.2275 80 200 120
10.7327 -9.1441 -4.0832 80 200 120
11.4632 -9.6602 -4.0099 80 200 120
8.0820 -7.5505 -3.9787 80 200 120
14.8870 -5.1160 -2.3356 80 200 120
14.3122 -6.7573 -2.0372 80 200 120
13.1685 -9.0858 -2.1852 80 200 120
14.9545 -3.9842 -2.2619 80 200 120
10.1791 -0.2795 -2.2145 80 200 120
9.9490 -0.5093 -2.2466 80 200 120
12.1951 -0.9299 -4.8319 80 200 120
11.3458 -3.0956 -4.4225 80 200 120
17.0593 -0.0441 -2.9476 80 200 120
7.8032 -2.6900 -5.3969 80 200 120
9.5791 -2.2490 -4.7715 80 200 120
10.3970 -6.2872 -2.3372 80 200 120
14.8366 0.1256 -3.4438 80 200 120
10.2312 -1.4584 -5.0300 80 200 120
11.2273 -3.6981 -4.4070 80 200 120
10.7913 -5.8169 -3.8247 80 200 120
13.6738 -6.9404 -4.7107 80 200 120
15.2474 -2.4995 -5.3591 80 200 120
14.6662 -7.5311 -6.7156 80 200 120
6.4088 -6.6795 -2.0462 80 200 120
14.7930 -3.6119 -5.2147 80 200 120
11.7536 -9.0944 -4.8162 80 200 120
10.6085 -2.8766 -4.6670 80 200 120
10.2098 -1.7449 -4.5936 80 200 120
15.3544 -2.0722 -4.9172 80 200 120
10.1181 -2.1857 -4.6741 80 200 120
10.5733 -2.6027 -4.7025 80 200 120
10.2397 -1.9304 -4.6286 80 200 120
10.1151 -1.5650 -4.5423 80 200 120
11.8419 -7.0666 -4.2873 80 200 120
11.7522 -6.4044 -4.6230 80 200 120
13.2795 -5.0412 -5.2890 80 200 120
14.0608 -7.7494 -4.9947 80 200 120
11.0040 -7.4038 -4.1296 80 200 120
10.6668 -6.9357 -4.1299 80 200 120
11.2008 -6.6342 -4.2823 80 200 120
10.9919 -6.0841 -4.7911 80 200 120
11.1543 -6.8493 -4.1075 80 200 120
11.5735 -6.1579 -4.2782 80 200 120
12.1187 -5.9188 -4.2702 80 200 120
12.1788 -7.3717 -5.2720 80 200 120
11.3280 -6.7427 -4.4642 80 200 120
9.7253 -8.5262 -4.5694 80 200 120
10.3149 -6.2528 -2.7644 80 200 120
7.1906 -5.9183 -3.8503 80 200 120
7.9084 -7.6414 -2.7055 80 200 120
9.9101 -6.2610 -3.0445 80 200 120
9.5646 -8.4765 -3.5738 80 200 120
6.9247 -5.5898 -2.2086 80 200 120
11.0028 -9.0916 -3.2460 80 200 120
10.4734 -6.2628 -2.5271 80 200 120
14.6452 -6.3814 -2.1283 80 200 120
14.3022 -5.8873 -2.3971 80 200 120
12.7593 -9.7296 -2.0129 80 200 120
13.1552 -8.9562 -1.9797 80 200 120
13.0144 -8.6001 -1.9543 80 200 120
10.7390 1.2880 -4.5850 80 200 120
9.1962 -1.2770 -2.4767 80 200 120
10.0605 -1.4548 -4.7522 80 200 120
14.4180 -0.5447 -4.9247 80 200 120
15.6259 -1.5901 -2.8468 80 200 120
9.7749 -1.7426 -4.9425 80 200 120
13.6391 -2.7987 -4.4253 80 200 120
11.4866 -4.0196 -3.9938 80 200 120
10.9228 -3.7539 -4.4670 80 200 120
14.6557 -1.1567 -4.5925 80 200 120
10.2398 -4.7920 -4.3151 80 200 120
10.0025 -1.4927 -4.8426 80 200 120
10.9229 -0.8324 -5.0366 80 200 120
10.1337 -2.4857 -5.0221 80 200 120
9.7566 -2.1022 -4.7683 80 200 120
11.5507 -4.2153 -4.2770 80 200 120
11.8956 -4.8528 -4.5366 80 200 120
11.3350 -4.1827 -4.5216 80 200 120
14.4374 -4.3859 -4.9669 80 200 120
10.5316 -7.0376 -4.1628 80 200 120
14.3039 -1.2407 -4.7602 80 200 120
10.2557 -8.7882 -5.1912 80 200 120
8.2322 -7.6497 -5.2165 80 200 120
10.6181 -1.0475 -4.9482 80 200 120
12.7639 -2.1344 -5.0125 80 200 120
9.7460 -2.0363 -4.7895 80 200 120
14.8325 -3.1351 -5.0716 80 200 120
11.9581 -3.9752 -4.4252 80 200 120
13.8008 -1.8444 -4.4187 80 200 120
12.0658 -4.9607 -4.4799 80 200 120
15.7663 -3.2752 -2.2236 80 200 120
10.8844 -6.0082 -4.9510 80 200 120
13.5305 -6.6423 -4.3829 80 200 120
14.4745 -3.4112 -2.2990 80 200 120
12.4011 -8.3223 -5.2550 80 200 120
8.7272 -7.6897 -5.0644 80 200 120
13.9815 -5.7742 -4.3949 80 200 120
13.5391 -6.6432 -4.3319 80 200 120
11.2627 -6.6928 -4.0042 80 200 120
13.2477 -8.3721 -5.2425 80 200 120
13.8435 -6.3565 -4.3940 80 200 120
12.4479 -5.5008 -4.9192 80 200 120
12.1235 -6.3680 -4.5915 80 200 120
14.2658 -5.3994 -4.6142 80 200 120
12.3079 -6.2022 -5.0252 80 200 120
7.1341 -6.7592 -2.6886 80 200 120
10.9845 -8.8749 -2.1937 80 200 120
7.3089 -7.0688 -4.1493 80 200 120
12.7602 -9.7543 -2.2921 80 200 120
8.9095 -8.0719 -2.5590 80 200 120
12.5529 -9.3566 -3.2713 80 200 120
12.9840 -9.2365 -2.6982 80 200 120
10.9568 -9.1822 -2.9963 80 200 120
11.3118 -7.3624 -1.9854 80 200 120
12.9225 -8.1448 -1.9791 80 200 120
14.8360 -5.8251 -2.4089 80 200 120
13.3772 -8.6840 -2.0594 80 200 120
14.5785 -6.1682 -2.6904 80 200 120
14.5169 -6.3706 -2.7746 80 200 120
14.2926 -4.7100 -2.1192 80 200 120
14.6295 -6.2164 -2.5199 80 200 120
13.5248 -8.2367 -2.3220 80 200 120
11.6828 1.1290 -2.3417 80 200 120
11.3598 1.7137 -2.4678 80 200 120
10.9000 1.5057 -4.6486 80 200 120
9.0127 -2.1737 -2.2336 80 200 120
8.6364 -2.4463 -2.2282 80 200 120
9.1737 -1.7894 -2.2365 80 200 120
8.9425 -3.4836 -2.2040 80 200 120
13.9214 -0.7941 -4.7870 80 200 120
16.6966 -1.8819 -2.1636 80 200 120
8.4984 -3.0630 -5.1022 80 200 120
13.4883 -1.4222 -4.1734 80 200 120
11.4096 -3.8177 -4.2863 80 200 120
10.2457 -1.2978 -5.0197 80 200 120
10.6839 -2.2893 -4.9194 80 200 120
11.7290 -5.2504 -4.5555 80 200 120
10.7530 -6.1122 -3.7127 80 200 120
10.7746 -6.0414 -4.0967 80 200 120
13.8202 -6.1007 -5.3554 80 200 120
13.8756 -5.8190 -4.7746 80 200 120
14.0511 -5.6732 -4.5442 80 200 120
13.8622 -7.2336 -4.6566 80 200 120
15.0153 -4.9468 -4.6836 80 200 120
11.3612 -4.2519 -4.5124 80 200 120
11.0714 -6.4493 -5.2560 80 200 120
10.9720 -7.3975 -5.2607 80 200 120
11.3597 -6.6503 -5.2939 80 200 120
11.3522 -7.1336 -4.9588 80 200 120
13.9774 -5.8875 -4.4872 80 200 120
13.8736 -6.3207 -4.2911 80 200 120
8.9730 -3.6438 -5.1229 80 200 120
13.2299 -5.8546 -5.3075 80 200 120
11.0594 -6.5716 -4.3993 80 200 120
11.6451 -6.3220 -4.5924 80 200 120
9.3786 -7.9977 -4.9592 80 200 120
10.4675 -7.3463 -4.2371 80 200 120
11.1924 -6.9592 -4.1521 80 200 120
11.3214 -6.8424 -4.2770 80 200 120
10.7184 -6.7449 -4.2233 80 200 120
13.6774 -6.7996 -4.3204 80 200 120
12.7934 -9.7378 -3.3617 80 200 120
10.6728 -6.2694 -2.0291 80 200 120
8.8106 -5.7930 -3.3471 80 200 120
8.6470 -7.1916 -3.0686 80 200 120
7.9968 -7.4849 -3.5738 80 200 120
11.9656 -10.0082 -2.5174 80 200 120
8.3053 -7.7680 -4.1613 80 200 120
7.1225 -7.2841 -4.6247 80 200 120
10.9059 -9.3189 -4.1172 80 200 120
13.1105 -9.0194 -2.1209 80 200 120
11.0722 1.6203 -4.6156 80 200 120
11.0055 1.4047 -2.2898 80 200 120
10.2910 -0.3075 -2.2557 80 200 120
9.2766 -4.7244 -2.2667 80 200 120
10.3467 0.1932 -4.5942 80 200 120
5.3063 -6.6437 -1.9910 80 200 120
16.0590 -0.5641 -3.0012 80 200 120
16.4305 -0.8513 -2.8553 80 200 120
16.8661 -1.0676 -2.6606 80 200 120
11.0295 -1.4835 -4.9214 80 200 120
10.6837 -6.2892 -2.0343 80 200 120
13.6323 0.2726 -3.9687 80 200 120
9.5451 -6.1416 -2.2906 80 200 120
9.3079 -2.0104 -4.0378 80 200 120
15.5777 -2.3817 -3.6503 80 200 120
9.6763 -6.0343 -2.6144 80 200 120
10.8433 -5.9739 -4.5856 80 200 120
10.8816 -7.3431 -5.1356 80 200 120
10.2437 -6.2192 -2.5820 80 200 120
15.5371 -1.8547 -5.5686 80 200 120
10.4596 -8.9723 -5.2734 80 200 120
11.1686 -9.4562 -5.4050 80 200 120
10.1605 -5.6774 -2.2943 80 200 120
9.4105 -8.2410 -5.1576 80 200 120
10.0668 -5.6304 -2.8474 80 200 120
15.5726 -3.8829 -3.7530 80 200 120
13.7722 -5.9948 -4.6185 80 200 120
11.3329 -6.9175 -5.0751 80 200 120
13.8945 -6.5898 -4.3332 80 200 120
9.6832 -3.7179 -5.1486 80 200 120
14.7068 -0.2765 -2.0510 80 200 120
12.1347 -6.0674 -5.4115 80 200 120
13.0047 -5.4051 -5.2830 80 200 120
12.6629 -5.0799 -5.3828 80 200 120
13.5255 -8.4560 -3.8060 80 200 120
15.0221 -5.3607 -5.0715 80 200 120
10.7317 -7.1221 -3.9848 80 200 120
10.9089 -8.2042 -5.2484 80 200 120
10.9947 -6.3894 -4.9974 80 200 120
11.0211 -7.1855 -5.3616 80 200 120
11.4201 -6.2675 -4.5390 80 200 120
8.7451 -7.9641 -4.7568 80 200 120
10.4766 -6.2650 -2.3094 80 200 120
12.9409 -9.4691 -2.7628 80 200 120
11.2273 -9.4074 -3.2151 80 200 120
12.3393 -9.2773 -1.9950 80 200 120
7.3100 -5.4436 -3.2109 80 200 120
6.5379 -6.3648 -4.2889 80 200 120
6.9804 -6.6431 -3.4296 80 200 120
10.6582 -8.9017 -3.4605 80 200 120
9.5178 -8.4528 -3.6036 80 200 120
8.5818 -7.0464 -2.7959 80 200 120
4.7586 -6.4893 -5.2683 80 200 120
10.2075 -8.7755 -4.1791 80 200 120
8.0579 -7.5488 -3.9311 80 200 120
13.2171 -8.6766 -2.0418 80 200 120
12.9494 -9.2897 -2.5161 80 200 120
12.7887 -9.5812 -2.3656 80 200 120
14.2621 -6.7509 -2.5485 80 200 120
14.4512 -5.6803 -1.8539 80 200 120
13.2814 -8.7513 -2.2511 80 200 120
14.1180 -5.2818 -2.1923 80 200 120
14.5676 -6.4794 -2.6655 80 200 120
14.2287 -6.9025 -2.3060 80 200 120
10.4986 -0.0764 -2.2550 80 200 120
15.1645 -3.4775 -3.7188 80 200 120
9.4961 -1.0539 -4.2328 80 200 120
14.2504 1.6611 -5.7589 80 200 120
10.8771 -2.8893 -4.5378 80 200 120
12.2480 -1.7253 -4.6816 80 200 120
9.9314 -2.8344 -4.5011 80 200 120
13.1273 -2.1323 -4.2366 80 200 120
12.7719 -1.4648 -4.7374 80 200 120
13.7708 -6.0114 -2.3687 80 200 120
15.2048 -3.9368 -3.3263 80 200 120
15.9967 -1.3361 -3.3425 80 200 120
10.6645 -0.7713 -5.0062 80 200 120
10.6435 -5.8715 -3.5490 80 200 120
10.4778 -4.8350 -4.8595 80 200 120
10.4751 -1.4007 -4.9585 80 200 120
11.1748 -3.2512 -4.4904 80 200 120
10.6476 -5.8173 -3.5981 80 200 120
11.3299 -6.1246 -4.4006 80 200 120
12.4972 -5.4680 -4.6886 80 200 120
11.9427 -4.3543 -4.7013 80 200 120
11.4978 -3.8552 -4.2245 80 200 120
9.5191 -5.9633 -4.3711 80 200 120
13.9972 -5.7275 -4.3658 80 200 120
13.9104 -5.9266 -4.4483 80 200 120
13.4487 -6.7406 -4.4088 80 200 120
13.6517 -6.0717 -4.5496 80 200 120
11.7527 -6.4509 -5.1090 80 200 120
14.2067 -6.2601 -4.5239 80 200 120
10.4156 0.9952 -5.0978 80 200 120
11.3000 1.2129 -4.9759 80 200 120
12.2117 -1.8593 -4.6288 80 200 120
13.6140 -1.8212 -4.1269 80 200 120
12.6494 -1.6719 -4.2734 80 200 120
12.7235 -1.9946 -4.4030 80 200 120
15.7728 -3.1421 -3.6867 80 200 120
12.4616 -2.6642 -2.2808 80 200 120
13.6960 -6.9043 -5.0882 80 200 120
10.9095 -6.4093 -5.5399 80 200 120
8.9491 -3.0359 -5.0558 80 200 120
11.1601 -7.0971 -4.7606 80 200 120
9.1650 -2.6127 -4.6175 80 200 120
11.8068 -6.4524 -4.8934 80 200 120
13.0025 -5.9771 -5.3369 80 200 120
12.7640 -5.6604 -5.2891 80 200 120
12.8447 -9.5603 -5.1617 80 200 120
14.1778 -7.0656 -5.3238 80 200 120
11.3342 -6.6298 -5.3635 80 200 120
8.2094 -3.3766 -2.0936 80 200 120
8.6069 -4.2290 -2.5326 80 200 120
10.7868 -6.1114 -2.7873 80 200 120
9.9370 -7.9072 -2.0552 80 200 120
10.0321 -6.0367 -2.8172 80 200 120
7.0056 -5.1786 -3.7375 80 200 120
12.9838 -8.5014 -2.0206 80 200 120
10.4838 -5.7892 -2.2791 80 200 120
10.7452 -6.0939 -2.0267 80 200 120
7.3165 -5.7498 -2.8299 80 200 120
10.2487 -8.6539 -3.4034 80 200 120
9.9655 -5.2151 -2.2345 80 200 120
13.3142 -8.5909 -2.0314 80 200 120
12.2813 -9.3240 -2.0608 80 200 120
14.7451 -6.0963 -2.5581 80 200 120
14.5257 -6.5053 -2.4446 80 200 120
14.7095 -6.3398 -2.2610 80 200 120
14.1456 -6.7394 -2.6922 80 200 120
13.9172 -6.2253 -2.4617 80 200 120
15.2282 -5.4240 -2.3693 80 200 120
12.6800 -8.4037 -2.0118 80 200 120
13.9449 -7.4228 -2.1138 80 200 120
14.3980 -2.0350 -4.8373 80 200 120
15.1522 -2.4664 -4.4335 80 200 120
14.5874 -2.1554 -4.4119 80 200 120
13.2296 -3.4313 -4.0498 80 200 120
12.4990 -5.7145 -5.1313 80 200 120
12.3136 -5.4587 -4.2923 80 200 120
10.8169 -6.0370 -4.3864 80 200 120
14.4748 -4.1723 -5.1633 80 200 120
15.2095 -2.4634 -5.2359 80 200 120
11.4112 -6.1935 -4.5077 80 200 120
7.5953 -7.2586 -5.1805 80 200 120
14.5203 -1.8997 -5.1096 80 200 120
14.6207 -3.7674 -5.0541 80 200 120
10.8472 -7.4001 -4.3216 80 200 120
10.3692 -1.3210 -4.8828 80 200 120
10.2851 -0.5329 -4.7562 80 200 120
10.8299 -1.0336 -4.9479 80 200 120
15.2578 -1.2035 -5.0797 80 200 120
9.9974 -2.1775 -4.4796 80 200 120
10.1610 0.6053 -4.6561 80 200 120
14.8822 -3.7326 -4.1678 80 200 120
11.4483 -4.5150 -4.8043 80 200 120
15.5861 -4.0303 -4.1471 80 200 120
11.8633 -5.8995 -4.1840 80 200 120
15.2146 -1.3355 -2.2094 80 200 120
13.6581 -8.0009 -5.2128 80 200 120
12.5922 -7.0902 -5.3010 80 200 120
13.7030 -6.9177 -5.1575 80 200 120
9.3455 -7.8202 -5.3482 80 200 120
10.9996 -7.3772 -4.7161 80 200 120
13.9824 -6.4139 -4.4430 80 200 120
5.7278 -5.7202 -5.1347 80 200 120
6.5484 -6.6384 -5.1578 80 200 120
10.6459 -9.1434 -4.1545 80 200 120
13.2823 -8.6812 -2.2818 80 200 120
7.9120 -7.2005 -3.1927 80 200 120
8.0576 -7.5334 -2.8331 80 200 120
12.3943 -9.6998 -3.3611 80 200 120
12.7354 -9.6811 -2.3854 80 200 120
7.3346 -6.4819 -4.0604 80 200 120
7.2769 -7.1647 -4.4952 80 200 120
8.4827 -7.0407 -3.7379 80 200 120
13.1038 -8.5497 -1.9939 80 200 120
12.8980 -9.2088 -2.4413 80 200 120
14.2782 -6.8836 -2.3186 80 200 120
10.6174 0.3441 -2.5822 80 200 120
9.3548 -1.3244 -2.8376 80 200 120
9.4913 -1.2230 -2.4471 80 200 120
15.1892 -3.1352 -4.1869 80 200 120
15.2226 -1.6207 -4.9735 80 200 120
9.3649 -3.8905 -4.5925 80 200 120
12.6319 -1.1683 -2.5256 80 200 120
10.7172 -6.2654 -2.0613 80 200 120
13.6793 -1.9237 -4.4295 80 200 120
10.6981 -6.3371 -2.3195 80 200 120
9.4940 -3.2339 -4.6196 80 200 120
12.3564 -2.5582 -4.3572 80 200 120
10.7209 -5.9396 -2.3198 80 200 120
10.7713 -5.9112 -3.8467 80 200 120
10.7518 -5.9308 -3.6699 80 200 120
10.4447 -0.5636 -4.9250 80 200 120
10.6551 -6.0639 -4.1230 80 200 120
11.2513 -6.5591 -4.3111 80 200 120
11.6528 -5.7052 -4.3331 80 200 120
11.7177 -4.0797 -4.2577 80 200 120
12.1544 -3.3620 -4.7902 80 200 120
15.3367 -4.3712 -5.3606 80 200 120
10.8915 -7.3876 -4.5300 80 200 120
14.0513 -6.8582 -4.8900 80 200 120
13.4470 -6.7117 -4.4065 80 200 120
11.3539 -1.2252 -4.8058 80 200 120
15.0749 -2.5943 -4.1203 80 200 120
12.4755 -4.1919 -4.8689 80 200 120
14.6410 -2.3127 -5.2143 80 200 120
15.4367 -2.0818 -5.0637 80 200 120
14.7400 -4.1055 -4.2402 80 200 120
14.9687 -3.5711 -4.0049 80 200 120
10.7939 -7.3769 -5.4849 80 200 120
15.0270 -4.1733 -2.3313 80 200 120
11.0660 -6.0220 -4.6691 80 200 120
12.5554 -5.4531 -4.8042 80 200 120
12.3234 -5.9977 -4.9267 80 200 120
12.1550 -6.0272 -5.4050 80 200 120
13.3873 -6.3457 -5.3462 80 200 120
11.9665 -7.6784 -5.2238 80 200 120
13.4595 -7.8410 -5.2331 80 200 120
10.8665 -7.3525 -4.1835 80 200 120
11.0142 -6.4845 -4.4757 80 200 120
10.9873 -7.3972 -4.3758 80 200 120
11.5831 -6.1886 -4.9228 80 200 120
12.4325 -4.9779 -5.9877 80 200 120
13.5474 -5.6118 -5.3413 80 200 120
13.8980 -5.0096 -5.4404 80 200 120
11.0657 -8.5944 -2.0333 80 200 120
7.7186 -5.5215 -2.0940 80 200 120
7.2527 -5.1854 -2.7089 80 200 120
13.2181 -8.6748 -2.0503 80 200 120
10.2484 -8.7420 -2.2183 80 200 120
12.9367 -9.3310 -2.7716 80 200 120
9.1640 -5.5130 -3.3625 80 200 120
10.6086 -6.2430 -2.6708 80 200 120
14.1362 -7.1128 -2.1544 80 200 120
12.3363 -9.2875 -2.0029 80 200 120
14.8809 -6.4922 -2.5762 80 200 120
13.3590 -8.5353 -2.2373 80 200 120
14.5194 -6.8249 -2.7474 80 200 120
13.8956 -7.5372 -2.4988 80 200 120
13.3866 -8.5033 -2.5262 80 200 120
15.1107 -5.8551 -2.5923 80 200 120
12.5724 -8.7376 -2.0212 80 200 120
14.1890 -7.2867 -2.9594 80 200 120
13.7408 -7.8829 -2.5915 80 200 120
15.5743 -5.8320 -2.8313 80 200 120
9.1346 -1.6309 -2.5673 80 200 120
9.4207 -1.9090 -2.9987 80 200 120
15.4271 -3.2477 -3.7545 80 200 120
4.1989 -6.4729 -1.9157 80 200 120
9.8073 -1.9370 -4.6207 80 200 120
12.7850 -2.4992 -4.3109 80 200 120
13.5657 -2.2197 -4.8637 80 200 120
14.4511 -0.4267 -4.9330 80 200 120
6.4106 -5.2792 -2.0756 80 200 120
6.8862 -5.2249 -2.8035 80 200 120
10.2896 -6.1743 -2.8135 80 200 120
7.7381 -3.3406 -4.7245 80 200 120
5.3163 -6.1917 -2.2834 80 200 120
13.8211 -1.1996 -2.0065 80 200 120
11.0019 -4.1262 -4.9625 80 200 120
11.2744 -6.0549 -4.4196 80 200 120
12.0139 -5.8887 -4.2253 80 200 120
13.3953 -6.5875 -5.1528 80 200 120
13.4979 -6.5720 -4.3338 80 200 120
14.4843 -5.8078 -4.7217 80 200 120
13.7300 -6.3373 -4.2000 80 200 120
14.2015 -6.1950 -4.5738 80 200 120
10.5716 -6.3171 -4.3402 80 200 120
13.9331 -6.6342 -4.3845 80 200 120
13.9145 -5.8918 -4.4424 80 200 120
13.7356 -5.8889 -4.6896 80 200 120
15.4786 -4.3786 -4.9675 80 200 120
10.4545 -0.7501 -4.8064 80 200 120
11.6164 -2.8099 -4.3354 80 200 120
11.1473 -1.7441 -4.7626 80 200 120
11.1583 -7.0924 -4.4212 80 200 120
10.3421 -3.0340 -4.9336 80 200 120
8.8469 -3.0024 -5.2087 80 200 120
12.7721 -1.0151 -3.0886 80 200 120
12.9499 -0.6527 -2.1883 80 200 120
9.1466 -3.7799 -5.0779 80 200 120
12.2908 -1.1906 -2.2025 80 200 120
11.2388 -6.5577 -4.2291 80 200 120
12.3597 -9.0365 -5.1963 80 200 120
11.2348 -6.4934 -4.6520 80 200 120
9.0572 -7.6115 -4.8311 80 200 120
11.3029 -6.5629 -4.8866 80 200 120
11.1962 -6.2194 -4.7636 80 200 120
11.3824 -6.2456 -4.9463 80 200 120
9.9825 -7.3772 -4.4695 80 200 120
8.0383 -7.1719 -4.9084 80 200 120
14.2716 -5.9891 -4.4499 80 200 120
11.2940 -8.2768 -5.2256 80 200 120
12.2564 -6.0023 -4.5988 80 200 120
10.4737 -8.7285 -2.9393 80 200 120
10.8965 -9.0419 -2.5227 80 200 120
7.9986 -2.6132 -2.0370 80 200 120
8.8462 -7.8459 -4.4842 80 200 120
9.0612 -8.4429 -3.1251 80 200 120
8.3158 -7.5883 -4.6154 80 200 120
10.9566 -8.9514 -2.7302 80 200 120
12.9271 -9.2017 -2.4438 80 200 120
9.6811 -8.3781 -4.1497 80 200 120
14.5611 -5.6656 -2.1702 80 200 120
13.8304 -6.5824 -2.6493 80 200 120
14.4469 -6.9172 -2.6243 80 200 120
14.6365 -5.8697 -2.4607 80 200 120
14.0184 -7.2756 -2.4517 80 200 120
12.9185 -9.2415 -2.7611 80 200 120
12.8103 -9.2954 -2.5728 80 200 120
13.5204 -8.2361 -2.1130 80 200 120
12.9398 -9.3020 -2.3773 80 200 120
12.7150 -9.6579 -2.3740 80 200 120
12.9565 -9.3080 -2.6112 80 200 120
8.8810 -3.6889 -2.9551 80 200 120
11.8381 0.5573 -2.2745 80 200 120
10.6508 -6.2629 -2.0494 80 200 120
10.6373 -6.2926 -2.3180 80 200 120
11.3041 -0.8749 -4.9458 80 200 120
12.5952 -2.6395 -4.6024 80 200 120
12.4289 -2.0882 -3.3341 80 200 120
14.8433 -3.4778 -3.8313 80 200 120
9.1102 -2.5065 -4.7346 80 200 120
10.8338 -3.8509 -4.4553 80 200 120
10.2506 -3.4379 -4.2934 80 200 120
16.3665 -2.4237 -3.7099 80 200 120
11.0648 -5.1252 -4.9121 80 200 120
14.1023 -5.4860 -4.4977 80 200 120
15.4556 -1.9715 -4.9286 80 200 120
14.8332 -4.1678 -5.4351 80 200 120
9.4126 -5.7143 -4.8515 80 200 120
10.5557 -0.4095 -4.8112 80 200 120
12.1469 -1.3287 -4.2295 80 200 120
13.1855 -1.4113 -4.0421 80 200 120
14.7359 -0.4475 -3.9716 80 200 120
13.0485 -2.2314 -4.2836 80 200 120
11.0811 -6.4370 -5.2813 80 200 120
14.0674 -5.5995 -4.5050 80 200 120
13.6036 -6.1027 -4.2846 80 200 120
11.8550 -5.8749 -4.2071 80 200 120
12.9099 -7.7552 -5.2123 80 200 120
10.3911 -7.1099 -4.2346 80 200 120
10.7745 -7.3481 -4.2923 80 200 120
10.5307 -6.9239 -4.2154 80 200 120
10.6600 -7.4023 -4.7795 80 200 120
12.2463 -9.8308 -5.2270 80 200 120
9.0867 -7.8399 -2.0752 80 200 120
10.5959 -8.8367 -3.1262 80 200 120
6.5237 -6.6114 -5.1140 80 200 120
6.6971 -6.3645 -3.9207 80 200 120
7.0517 -5.9882 -4.4873 80 200 120
7.4097 -7.1523 -4.4796 80 200 120
9.4585 -7.1534 -2.0047 80 200 120
8.5195 -7.1040 -2.8418 80 200 120
6.9867 -5.8019 -3.2580 80 200 120
11.4219 -9.1335 -3.0260 80 200 120
9.5505 -8.3889 -3.5983 80 200 120
10.7514 -8.9394 -3.7181 80 200 120
11.8550 -9.6242 -2.5444 80 200 120
12.5130 -9.7183 -2.0452 80 200 120
13.6997 -7.7099 -2.5691 80 200 120
14.4431 -6.4168 -2.2474 80 200 120
14.1958 -6.9101 -2.3103 80 200 120
12.9277 -9.0707 -2.0451 80 200 120
14.5715 -6.1709 -2.5806 80 200 120
15.5044 -5.8802 -2.8582 80 200 120
13.6277 -7.9227 -2.2616 80 200 120
14.6318 -6.5904 -2.6749 80 200 120
13.7222 -7.7437 -2.3968 80 200 120
13.6260 -8.0418 -2.3795 80 200 120
13.3162 -8.7067 -2.7076 80 200 120
14.9494 -5.5122 -2.7428 80 200 120
13.5311 -8.0586 -2.0565 80 200 120
10.5250 -0.5781 -2.2298 80 200 120
14.3966 -0.3326 -2.2086 80 200 120
11.5380 1.3056 -5.0797 80 200 120
12.3048 -1.9819 -4.5041 80 200 120
10.8570 -5.8063 -4.3507 80 200 120
11.9695 -5.2465 -4.3472 80 200 120
12.6520 -5.3979 -4.8621 80 200 120
13.4624 -6.6615 -5.3375 80 200 120
11.8677 -6.3956 -4.4417 80 200 120
14.6169 -3.8533 -5.3361 80 200 120
13.4834 -6.5733 -4.3179 80 200 120
11.3826 -9.1048 -5.0185 80 200 120
10.7336 -0.7846 -4.9392 80 200 120
12.1481 -1.6615 -4.4387 80 200 120
13.2033 -0.5940 -4.1063 80 200 120
9.2075 -2.5572 -4.6461 80 200 120
11.6334 -4.2805 -4.2443 80 200 120
15.8688 -2.9538 -2.2672 80 200 120
13.7033 -6.1492 -4.9646 80 200 120
14.3371 -7.2051 -5.3048 80 200 120
12.3913 -6.2751 -4.7646 80 200 120
11.7409 -6.4194 -5.0680 80 200 120
11.0939 -7.1775 -4.6170 80 200 120
11.8331 -6.3716 -4.4867 80 200 120
9.3467 -8.1280 -5.1916 80 200 120
11.0960 -7.1114 -5.3344 80 200 120
11.1394 -7.0584 -4.1424 80 200 120
11.1346 -6.7226 -4.0848 80 200 120
11.3147 -6.8850 -5.1289 80 200 120
11.2042 -6.9015 -4.1429 80 200 120
11.2270 -6.5301 -4.1621 80 200 120
11.0143 -6.8285 -4.0896 80 200 120
9.9239 -5.8893 -2.4707 80 200 120
10.8541 -6.1120 -2.0614 80 200 120
13.0888 -8.9110 -2.0597 80 200 120
12.5705 -9.7794 -2.0623 80 200 120
7.3814 -5.2745 -3.6633 80 200 120
8.6653 -3.2620 -2.0689 80 200 120
7.7932 -5.1355 -2.0855 80 200 120
15.2401 -5.4506 -2.0110 80 200 120
13.9134 -6.1564 -2.2749 80 200 120
14.6774 -6.0097 -2.0666 80 200 120
12.9485 -9.3379 -2.5865 80 200 120
14.1139 -6.9581 -2.4842 80 200 120
13.5863 -7.9897 -2.2099 80 200 120
13.3369 -8.4673 -2.3926 80 200 120
12.3464 -9.2161 -2.0196 80 200 120
13.8434 -6.9812 -1.9966 80 200 120
13.2257 -8.7394 -2.0700 80 200 120
13.0283 -8.9281 -2.6803 80 200 120
12.3786 -9.8041 -2.2108 80 200 120
13.2393 -8.7185 -2.4822 80 200 120
12.1157 -8.7218 -1.9945 80 200 120
14.2784 -6.2801 -2.7107 80 200 120
10.6441 1.0161 -2.7184 80 200 120
11.1395 1.7253 -2.8897 80 200 120
14.9657 -2.1654 -4.7617 80 200 120
16.0005 -3.0891 -4.2143 80 200 120
14.2497 -2.1065 -4.7099 80 200 120
11.9282 -3.5974 -4.5645 80 200 120
11.8545 -2.8353 -4.3436 80 200 120
11.3457 -4.1343 -5.0166 80 200 120
5.7130 -6.4924 -2.0479 80 200 120
13.6492 -6.1946 -5.2232 80 200 120
9.3511 -5.5229 -4.2516 80 200 120
11.2695 -6.3676 -4.2705 80 200 120
10.7847 0.6419 -4.9870 80 200 120
12.8039 -3.1477 -4.8170 80 200 120
14.9374 -4.1039 -4.1192 80 200 120
15.0776 -3.7275 -3.9814 80 200 120
11.1284 -7.0853 -4.1699 80 200 120
13.6935 -6.8520 -5.1390 80 200 120
15.2415 -1.1771 -2.2463 80 200 120
12.2404 -6.2098 -4.9085 80 200 120
11.2528 -6.4505 -4.6347 80 200 120
11.4364 -6.6286 -5.0783 80 200 120
11.2120 -6.4962 -4.3393 80 200 120
11.0878 -5.9613 -4.7641 80 200 120
9.9206 -2.7400 -4.5772 80 200 120
11.8658 -5.8814 -4.1982 80 200 120
10.8622 -7.3170 -5.4192 80 200 120
11.8445 -6.3524 -4.4415 80 200 120
11.2510 -7.0856 -5.0174 80 200 120
12.5992 -6.4954 -5.1712 80 200 120
11.4511 -6.6600 -5.0809 80 200 120
11.9607 -6.4351 -5.2519 80 200 120
11.2151 -6.4444 -4.6965 80 200 120
11.4754 -6.2612 -5.0317 80 200 120
10.9190 -7.1339 -4.1196 80 200 120
12.9269 -5.3780 -5.4794 80 200 120
9.5334 -7.7623 -5.2226 80 200 120
11.3562 -6.6859 -4.7337 80 200 120
8.4258 -7.6499 -5.2366 80 200 120
10.6981 -6.8071 -4.1735 80 200 120
14.0527 -6.7487 -4.6817 80 200 120
10.4351 -6.1348 -2.2822 80 200 120
10.5887 -5.7648 -2.2945 80 200 120
10.6704 -6.2943 -2.1026 80 200 120
11.9088 -9.5486 -2.2320 80 200 120
7.3575 -4.9141 -2.4495 80 200 120
7.4788 -7.0038 -4.0366 80 200 120
10.4152 -6.0884 -2.6474 80 200 120
7.4641 -5.3144 -4.0644 80 200 120
13.9474 -6.8348 -2.2846 80 200 120
13.8907 -6.1535 -2.2886 80 200 120
12.7722 -9.0663 -2.0110 80 200 120
12.8701 -9.2898 -2.4276 80 200 120
13.8438 -7.3188 -2.7507 80 200 120
13.3965 -8.4682 -2.5633 80 200 120
13.1301 -9.0013 -2.1419 80 200 120
13.2940 -8.5903 -2.4439 80 200 120
13.6862 -7.8738 -2.7004 80 200 120
12.9122 -9.2767 -2.7346 80 200 120
12.8165 -9.4387 -2.5945 80 200 120
10.4751 -0.4876 -2.2846 80 200 120
8.5484 -3.5694 -2.5405 80 200 120
12.0102 0.1991 -2.3010 80 200 120
14.1065 0.0904 -2.5631 80 200 120
14.3778 0.3242 -3.2835 80 200 120
10.0083 -3.1092 -4.3597 80 200 120
15.1956 -2.9027 -4.0438 80 200 120
10.5461 -2.2190 -4.8753 80 200 120
12.4484 -2.9076 -4.5790 80 200 120
11.1391 -2.1059 -4.6801 80 200 120
15.2062 -2.3892 -4.5359 80 200 120
10.7370 -5.9075 -2.3220 80 200 120
10.6971 -6.2956 -2.3049 80 200 120
10.6894 -6.2648 -2.0741 80 200 120
10.8616 -6.3935 -2.6612 80 200 120
7.2755 -5.2340 -3.0756 80 200 120
6.9171 -5.0946 -2.5589 80 200 120
7.6463 -5.6002 -2.1184 80 200 120
10.1592 -1.4723 -4.9207 80 200 120
10.2151 -1.6952 -5.0617 80 200 120
11.2960 -2.8330 -4.5714 80 200 120
11.8074 -3.3519 -4.2698 80 200 120
10.2106 -1.5519 -5.0585 80 200 120
10.2598 -1.7588 -5.1876 80 200 120
10.7953 -5.8878 -4.1227 80 200 120
11.3009 -6.7127 -4.1988 80 200 120
11.5395 -6.6126 -5.1623 80 200 120
9.6055 -3.8420 -3.1712 80 200 120
13.7943 -5.7560 -4.5216 80 200 120
13.9391 -6.8587 -4.7413 80 200 120
10.9064 -7.0803 -4.0842 80 200 120
11.1572 -7.1086 -4.1143 80 200 120
11.7025 -9.0658 -4.7933 80 200 120
15.8850 -1.1276 -5.1627 80 200 120
15.4133 -2.1487 -5.3888 80 200 120
14.1198 -5.4898 -4.4949 80 200 120
14.2918 -5.9010 -4.5076 80 200 120
12.7877 -0.9412 -2.2558 80 200 120
13.8753 -6.8466 -5.5328 80 200 120
12.5096 -1.4307 -4.3835 80 200 120
10.4972 -1.0250 -4.7926 80 200 120
11.4921 -5.3752 -4.5522 80 200 120
10.5425 -5.7432 -4.4376 80 200 120
13.3663 -8.4672 -5.1759 80 200 120
9.4701 -3.9077 -5.2379 80 200 120
13.8439 -6.7324 -4.4374 80 200 120
10.4083 -7.1164 -4.2664 80 200 120
12.4096 -5.8989 -5.0266 80 200 120
11.1519 -6.2447 -4.5729 80 200 120
12.5142 -5.5986 -5.0119 80 200 120
10.5774 -6.9585 -4.1237 80 200 120
11.7152 -6.3332 -4.4739 80 200 120
11.2304 -7.1312 -5.0802 80 200 120
12.1385 -6.3774 -4.9464 80 200 120
10.3758 -8.0535 -2.0358 80 200 120
10.6359 -8.5275 -2.0268 80 200 120
7.5272 -4.6909 -2.8393 80 200 120
12.5819 -9.7669 -2.0574 80 200 120
9.8912 -8.5567 -2.9080 80 200 120
12.7801 -9.3824 -2.0511 80 200 120
10.8267 -6.2056 -2.5920 80 200 120
9.6993 -8.3781 -2.5888 80 200 120
14.3308 -6.7839 -2.1473 80 200 120
15.2597 -5.0216 -2.3908 80 200 120
13.1318 -8.9488 -2.7104 80 200 120
13.6355 -7.8268 -2.9249 80 200 120
14.9210 -5.6051 -2.3081 80 200 120
12.0613 -8.6602 -2.0072 80 200 120
11.9182 -8.9802 -2.0218 80 200 120
13.8212 -7.6306 -2.7431 80 200 120
12.8325 -8.3149 -2.0230 80 200 120
13.7862 -7.0315 -2.7952 80 200 120
14.0679 -7.3411 -2.4722 80 200 120
10.8122 0.9941 -2.3880 80 200 120
7.5343 -2.5079 -2.0677 80 200 120
10.5720 0.9847 -3.4313 80 200 120
10.2944 0.5274 -2.9334 80 200 120
13.3331 -2.3684 -4.5531 80 200 120
14.8085 -1.3247 -5.4003 80 200 120
13.0376 -2.5023 -4.7792 80 200 120
16.0060 -1.4521 -2.2087 80 200 120
10.0425 -2.0918 -5.1989 80 200 120
10.9634 -1.7118 -4.9748 80 200 120
10.3966 -0.5150 -5.0290 80 200 120
10.8221 -0.7873 -5.1477 80 200 120
11.3697 -2.2392 -4.5806 80 200 120
11.8805 -3.2892 -4.2974 80 200 120
10.1424 -0.4233 -4.6205 80 200 120
9.8034 -1.5802 -4.3474 80 200 120
10.7142 -1.7671 -5.1544 80 200 120
10.2744 -4.1351 -4.6390 80 200 120
11.3961 -6.6769 -4.9273 80 200 120
12.2189 -6.1499 -4.8075 80 200 120
11.9231 -6.3708 -5.2302 80 200 120
12.3062 -6.0193 -4.7875 80 200 120
14.4937 -5.5453 -4.4699 80 200 120
13.4667 -6.6878 -4.4174 80 200 120
14.9475 -3.8291 -3.9924 80 200 120
12.4181 -2.4368 -4.6771 80 200 120
12.2207 -3.2203 -4.6793 80 200 120
12.3081 -2.5666 -4.8997 80 200 120
12.4318 -2.4376 -4.6659 80 200 120
10.2965 -1.0165 -4.7898 80 200 120
11.9733 -4.1456 -4.5795 80 200 120
14.1730 -5.9369 -4.2916 80 200 120
13.4692 -6.5159 -5.2506 80 200 120
10.6115 -5.7546 -4.6967 80 200 120
9.3193 -2.7077 -4.6127 80 200 120
13.6263 -7.1678 -5.1568 80 200 120
11.1631 -7.0025 -4.1303 80 200 120
10.9850 -7.3680 -4.3608 80 200 120
11.3334 -6.5060 -4.4933 80 200 120
11.5175 -6.3792 -4.1551 80 200 120
10.7701 -7.2803 -4.1703 80 200 120
11.2584 -7.3689 -4.2846 80 200 120
9.4915 -7.4080 -1.9998 80 200 120
10.4424 -8.4714 -2.6685 80 200 120
10.5634 -8.7495 -2.6482 80 200 120
12.1423 -9.1076 -2.0189 80 200 120
10.7855 -5.9376 -2.3075 80 200 120
9.7637 -4.5260 -2.2038 80 200 120
7.3849 -5.0023 -3.3071 80 200 120
10.6723 -8.8395 -3.4633 80 200 120
12.7031 -9.6364 -2.3717 80 200 120
11.0742 -8.9352 -3.2819 80 200 120
10.6823 -5.7952 -2.4670 80 200 120
8.9677 -7.9786 -4.3256 80 200 120
8.6197 -7.7526 -3.2195 80 200 120
13.6041 -6.8922 -2.2747 80 200 120
12.9428 -9.3212 -2.5665 80 200 120
15.3125 -4.7271 -2.0957 80 200 120
13.5299 -8.1623 -2.2318 80 200 120
13.9697 -7.5048 -2.1270 80 200 120
13.7669 -7.7870 -3.0684 80 200 120
12.0998 -9.0282 -2.0154 80 200 120
13.4455 -8.2647 -2.0629 80 200 120
13.5123 -6.8816 -2.0387 80 200 120
11.5181 -9.1014 -2.1375 80 200 120
13.1965 -8.6674 -2.9141 80 200 120
11.0119 1.5371 -2.4554 80 200 120
8.8772 -3.4938 -2.7056 80 200 120
9.0406 -2.3802 -2.2122 80 200 120
9.6127 -4.3022 -2.4130 80 200 120
16.2942 -1.5102 -3.3388 80 200 120
12.7460 -1.3738 -2.2330 80 200 120
13.5128 0.8003 -2.1177 80 200 120
14.6305 -4.9671 -3.4985 80 200 120
15.7194 -3.5554 -2.1642 80 200 120
10.0781 -1.3205 -4.7583 80 200 120
10.1598 -0.3679 -4.7753 80 200 120
11.1584 -1.2867 -4.8992 80 200 120
11.3787 -2.6185 -4.4990 80 200 120
9.9214 -2.3515 -4.4406 80 200 120
10.9496 -2.7425 -4.8658 80 200 120
10.6792 -5.7457 -3.7344 80 200 120
10.7888 -5.7396 -4.0781 80 200 120
10.7641 -5.9335 -4.1943 80 200 120
11.9004 -3.9972 -4.7169 80 200 120
12.1970 -3.7707 -4.6992 80 200 120
12.2637 -2.9631 -4.8032 80 200 120
12.4713 -3.8514 -4.8065 80 200 120
14.8107 -3.4305 -3.8555 80 200 120
15.4644 -1.8016 -4.8925 80 200 120
12.7122 -1.7696 -2.2731 80 200 120
13.6256 -6.3298 -4.2935 80 200 120
13.8460 -6.8146 -5.4554 80 200 120
10.8929 -7.2952 -4.1949 80 200 120
13.8254 -5.7616 -4.9544 80 200 120
10.5541 -8.8334 -5.2269 80 200 120
9.3907 -8.1340 -5.1261 80 200 120
14.2197 -6.9478 -5.3399 80 200 120
11.3696 0.7915 -2.2300 80 200 120
12.2473 -0.5995 -2.2203 80 200 120
15.1287 -4.6701 -5.0250 80 200 120
13.8916 -5.7773 -5.4020 80 200 120
12.1416 -1.7280 -4.5083 80 200 120
11.0647 -7.0755 -5.3881 80 200 120
11.3845 -6.5465 -4.3616 80 200 120
8.5629 -7.6713 -5.1331 80 200 120
8.2875 -7.2867 -4.7765 80 200 120
11.2429 -6.8755 -4.1436 80 200 120
10.5818 -6.8874 -4.2202 80 200 120
10.9342 -6.9426 -4.0921 80 200 120
11.5861 -8.5218 -2.0278 80 200 120
7.6000 -4.7182 -3.6582 80 200 120
9.9776 -5.9010 -2.8944 80 200 120
9.4467 -3.5376 -1.9894 80 200 120
6.5568 -6.2062 -4.9413 80 200 120
7.9525 -7.4825 -4.0884 80 200 120
10.8987 -6.0483 -2.1279 80 200 120
8.2052 -4.9566 -2.0782 80 200 120
10.8198 -6.1682 -2.0786 80 200 120
6.9938 -7.1569 -3.3234 80 200 120
14.6582 -6.0377 -2.2192 80 200 120
14.4487 -5.2401 -2.0254 80 200 120
13.4138 -7.2323 -2.5974 80 200 120
13.9393 -6.0316 -2.0156 80 200 120
12.8597 -9.1409 -2.7311 80 200 120
13.6590 -8.0255 -3.1696 80 200 120
12.1601 -9.4873 -2.0385 80 200 120
13.0710 -8.6358 -2.9913 80 200 120
14.0198 -6.9774 -2.5990 80 200 120
11.3644 0.9282 -2.2299 80 200 120
10.5293 1.1570 -3.0306 80 200 120
10.1041 0.5684 -3.2440 80 200 120
15.3580 -3.9112 -3.7293 80 200 120
13.1165 -0.5505 -2.5834 80 200 120
10.2645 -1.5060 -5.1897 80 200 120
8.9648 -2.3099 -4.8344 80 200 120
14.3171 -0.8483 -5.4322 80 200 120
8.1847 -5.0202 -2.9447 80 200 120
9.0951 -1.6463 -4.7471 80 200 120
10.9156 -6.0471 -2.1314 80 200 120
10.7739 -3.1436 -5.0058 80 200 120
11.4926 -4.7897 -4.8760 80 200 120
11.3865 -6.5291 -4.9175 80 200 120
14.6513 -4.1700 -3.8406 80 200 120
13.9465 -6.3558 -4.3633 80 200 120
14.6016 -4.2008 -4.4870 80 200 120
11.2669 -6.8976 -5.1506 80 200 120
7.5456 -5.3421 -2.5422 80 200 120
12.3275 -3.3467 -4.7114 80 200 120
11.9693 -2.1986 -4.4779 80 200 120
11.8990 -2.9470 -4.2988 80 200 120
12.2381 -3.6502 -4.6494 80 200 120
11.9511 -2.1743 -4.4359 80 200 120
11.7235 0.1784 -4.9439 80 200 120
12.5381 -1.9526 -4.7861 80 200 120
12.3657 -3.1964 -4.9728 80 200 120
11.7822 -3.3555 -4.1717 80 200 120
10.4117 -1.5036 -4.9055 80 200 120
12.6183 -10.1995 -5.5752 80 200 120
13.9100 -5.6904 -5.1074 80 200 120
11.3973 -6.1777 -4.6316 80 200 120
11.4481 -6.6261 -5.0266 80 200 120
12.4804 -5.3741 -4.3190 80 200 120
14.1917 -5.3460 -5.0450 80 200 120
11.9149 -6.3774 -4.2844 80 200 120
13.5925 -8.0227 -5.2229 80 200 120
10.7015 -7.2910 -5.1314 80 200 120
12.3197 -5.6020 -4.3533 80 200 120
11.9415 -6.4045 -5.2835 80 200 120
10.9472 -7.2937 -5.2969 80 200 120
11.3777 -6.8998 -4.9175 80 200 120
13.8870 -7.6183 -5.3219 80 200 120
13.7433 -5.8541 -4.7273 80 200 120
7.6082 -6.7905 -4.7332 80 200 120
9.1704 -5.9903 -4.9746 80 200 120
9.1882 -7.9084 -4.9710 80 200 120
11.5386 -9.3529 -5.2081 80 200 120
10.8630 -9.0168 -5.1692 80 200 120
10.5880 -6.2538 -4.0694 80 200 120
13.6998 -6.2360 -4.3681 80 200 120
8.1638 -7.2943 -2.0532 80 200 120
10.0836 -8.3565 -3.1681 80 200 120
7.6161 -5.7590 -3.4754 80 200 120
10.1778 -8.0877 -3.1974 80 200 120
10.5945 -5.6097 -2.2951 80 200 120
10.6331 -6.2796 -2.2424 80 200 120
7.1021 -5.9884 -4.4583 80 200 120
11.8848 -9.4965 -2.2159 80 200 120
13.5512 -6.8310 -2.3686 80 200 120
13.0211 -8.9893 -3.0486 80 200 120
12.4022 -9.7181 -2.2388 80 200 120
12.3872 -9.7318 -2.6097 80 200 120
10.6939 1.1799 -2.4731 80 200 120
10.2479 -0.3306 -2.3598 80 200 120
9.5104 -0.9625 -2.5582 80 200 120
12.9107 -0.5379 -3.0946 80 200 120
12.3100 -2.5778 -4.7263 80 200 120
15.1339 -3.5569 -4.1582 80 200 120
13.5882 -1.6673 -4.0994 80 200 120
12.4960 -5.4491 -4.5463 80 200 120
11.6667 -5.5439 -4.3638 80 200 120
10.9487 1.0550 -4.9897 80 200 120
8.5328 -6.2047 -4.8144 80 200 120
15.2222 -3.7909 -3.6803 80 200 120
13.8255 -5.6726 -5.0011 80 200 120
7.7823 -7.2464 -5.0426 80 200 120
13.8265 -6.8222 -5.4411 80 200 120
13.4286 -6.6104 -4.2763 80 200 120
9.7181 -8.3182 -5.1526 80 200 120
13.9977 -6.8234 -4.8645 80 200 120
10.4544 -8.5892 -5.0089 80 200 120
10.5317 -5.6629 -2.3694 80 200 120
11.9809 -2.0035 -4.4436 80 200 120
12.1568 -2.2113 -4.4595 80 200 120
12.3462 -2.2794 -4.4923 80 200 120
10.2389 -1.2407 -4.7179 80 200 120
11.6875 -2.1382 -4.4884 80 200 120
15.5517 -2.1106 -3.6297 80 200 120
15.3477 -2.3764 -5.1774 80 200 120
14.1467 -5.8053 -4.2350 80 200 120
12.4877 -5.6324 -4.9867 80 200 120
11.2657 -7.0843 -4.9313 80 200 120
9.7439 -3.2330 -5.0310 80 200 120
10.8233 -5.9371 -4.4359 80 200 120
11.1791 -7.0199 -4.0550 80 200 120
11.1495 -6.9751 -4.1410 80 200 120
11.9164 -6.3901 -4.3589 80 200 120
10.4141 -6.6152 -4.3913 80 200 120
11.0733 -6.8423 -4.0234 80 200 120
12.5023 -5.4707 -5.1918 80 200 120
11.4131 -6.9715 -4.7983 80 200 120
11.6617 -6.3815 -5.1019 80 200 120
10.4718 -6.4655 -4.4915 80 200 120
11.1443 -8.7780 -2.0305 80 200 120
9.5123 -3.1708 -2.0595 80 200 120
7.8205 -4.3840 -3.7870 80 200 120
6.7637 -6.0492 -3.6283 80 200 120
8.9731 -7.6258 -2.0731 80 200 120
10.7836 -8.8998 -2.2363 80 200 120
10.9004 -8.9690 -2.7504 80 200 120
7.7622 -4.2755 -2.5582 80 200 120
9.8740 -7.8592 -2.5379 80 200 120
7.6964 -4.4120 -3.3172 80 200 120
10.9004 -6.0797 -2.0899 80 200 120
9.9093 -5.6500 -2.3451 80 200 120
10.8466 -8.5755 -2.0250 80 200 120
14.4669 -7.0324 -2.1643 80 200 120
12.8494 -9.2065 -2.7651 80 200 120
13.9568 -7.3630 -2.0729 80 200 120
13.5974 -7.9980 -2.1983 80 200 120
13.6815 -7.7080 -2.5705 80 200 120
14.2858 -6.4084 -2.0751 80 200 120
12.0924 -9.5200 -2.4276 80 200 120
12.8853 -8.1607 -2.0291 80 200 120
11.7860 -9.4377 -2.1272 80 200 120
13.9471 -6.8160 -2.5904 80 200 120
13.9261 -7.4851 -2.5020 80 200 120
10.1073 0.4746 -3.9082 80 200 120
9.5880 -0.2752 -2.9537 80 200 120
11.0953 1.8614 -3.2294 80 200 120
11.5770 2.1421 -2.8525 80 200 120
9.1986 -3.6185 -2.9752 80 200 120
12.8357 -3.4279 -4.3497 80 200 120
14.8891 -1.3810 -4.7300 80 200 120
12.4142 -0.5011 -2.8314 80 200 120
10.6345 -5.7378 -3.5696 80 200 120
9.9751 -3.2236 -4.1315 80 200 120
10.6930 -5.6280 -3.8643 80 200 120
11.2274 -4.5651 -5.1627 80 200 120
11.7668 -5.5617 -4.2796 80 200 120
10.7377 -6.7813 -4.1522 80 200 120
12.2908 -1.2129 -4.3910 80 200 120
13.4434 -2.9546 -5.1036 80 200 120
7.7853 -4.8354 -2.9708 80 200 120
8.1755 -6.8652 -2.2256 80 200 120
14.1734 -5.9495 -4.3932 80 200 120
12.3816 -3.3369 -4.7237 80 200 120
12.1249 -3.1987 -4.5853 80 200 120
12.1425 -3.4620 -4.6117 80 200 120
12.1178 -2.4312 -4.4448 80 200 120
12.0215 -1.9410 -4.4381 80 200 120
12.1149 -2.3110 -4.4474 80 200 120
11.2331 0.6270 -5.1633 80 200 120
10.3790 -0.2812 -4.8164 80 200 120
13.1865 -3.1763 -4.8156 80 200 120
12.7704 -1.3533 -2.2572 80 200 120
11.0314 -5.3128 -4.7517 80 200 120
13.3282 -8.5972 -5.2724 80 200 120
10.8556 -6.3839 -4.1856 80 200 120
13.0712 -6.4273 -5.2757 80 200 120
12.2665 -7.8643 -5.2608 80 200 120
11.0831 -7.1087 -5.3349 80 200 120
11.1742 -7.3655 -4.2988 80 200 120
10.8490 -6.0339 -4.7812 80 200 120
8.9341 -7.9378 -5.1864 80 200 120
11.5015 -6.4531 -4.2384 80 200 120
11.4177 -6.2136 -5.0555 80 200 120
7.5962 -4.5199 -4.1678 80 200 120
10.7936 -5.9355 -2.3315 80 200 120
7.3176 -5.2926 -3.6957 80 200 120
7.9841 -7.1871 -4.1833 80 200 120
10.1914 -6.9269 -2.0450 80 200 120
10.7015 -5.8543 -2.5215 80 200 120
9.8884 -8.3519 -3.2223 80 200 120
10.2748 -8.6633 -2.8646 80 200 120
12.5136 -8.2730 -2.0313 80 200 120
12.8054 -9.5825 -2.5636 80 200 120
13.7970 -6.2142 -2.0856 80 200 120
11.9093 -9.5406 -2.5555 80 200 120
11.6240 -9.1347 -2.0139 80 200 120
9.8755 -1.1773 -2.2733 80 200 120
9.6061 -2.6290 -3.3324 80 200 120
10.7698 1.6475 -3.1910 80 200 120
13.9408 -1.1469 -4.7607 80 200 120
13.3312 -2.7795 -4.5873 80 200 120
9.7117 -5.7395 -2.8727 80 200 120
10.0850 -0.9560 -4.7671 80 200 120
11.9026 -3.3901 -4.3193 80 200 120
11.5167 -3.5920 -4.2504 80 200 120
10.1565 -0.6741 -4.9018 80 200 120
11.5490 -7.2186 -5.2118 80 200 120
12.1429 -2.8019 -4.3404 80 200 120
12.8207 -3.1921 -4.8384 80 200 120
15.3615 -3.1954 -3.8006 80 200 120
15.4078 -1.9273 -4.9968 80 200 120
14.8224 -3.3157 -3.9047 80 200 120
14.7028 -4.1415 -3.9590 80 200 120
15.2656 -4.3047 -3.9762 80 200 120
11.0406 -7.1674 -5.3037 80 200 120
13.8481 -6.7875 -4.4969 80 200 120
12.4778 -3.5698 -4.7603 80 200 120
12.2030 -3.7115 -4.6339 80 200 120
12.1138 -2.7324 -4.3877 80 200 120
12.0068 -3.0608 -4.4410 80 200 120
12.2915 -2.4817 -4.4792 80 200 120
12.2326 -2.9475 -4.5314 80 200 120
10.2726 -1.2807 -5.0354 80 200 120
9.8885 -0.6201 -4.7971 80 200 120
12.6745 -1.4834 -4.1316 80 200 120
14.7702 -3.3838 -5.1764 80 200 120
15.3543 -2.6553 -3.6935 80 200 120
13.7243 -1.3463 -4.8261 80 200 120
12.8636 -1.1461 -4.0296 80 200 120
15.1562 -3.2376 -3.8942 80 200 120
15.3691 -2.9840 -3.6450 80 200 120
11.4937 -6.3456 -4.8170 80 200 120
10.9316 -7.3132 -4.7753 80 200 120
12.1738 -6.1899 -4.9741 80 200 120
13.0634 -6.6296 -5.2349 80 200 120
11.2515 -6.9107 -4.6267 80 200 120
11.8187 -8.6371 -5.2034 80 200 120
13.8834 -6.0075 -5.5824 80 200 120
9.2711 -6.4366 -4.0796 80 200 120
10.2443 -8.4761 -4.9040 80 200 120
9.2639 -7.1524 -5.1381 80 200 120
6.9495 -6.6354 -2.0974 80 200 120
7.0685 -5.8867 -5.1037 80 200 120
6.2592 -4.3549 -5.1226 80 200 120
7.7061 -7.0560 -5.0175 80 200 120
10.0322 -8.5597 -2.3051 80 200 120
7.8032 -4.1406 -3.0918 80 200 120
6.5874 -6.6365 -5.0653 80 200 120
10.3262 -8.5581 -3.3352 80 200 120
10.6961 -6.0190 -2.5953 80 200 120
14.2262 -6.9616 -2.5794 80 200 120
13.2163 -6.7369 -2.1195 80 200 120
13.0153 -9.0990 -2.5534 80 200 120
14.7170 -6.0549 -2.4529 80 200 120
12.7944 -9.3822 -2.0684 80 200 120
13.0534 -8.6863 -3.0404 80 200 120
12.8468 -9.2536 -2.7561 80 200 120
13.9523 -7.8819 -3.0460 80 200 120
13.2501 -8.6921 -2.6791 80 200 120
12.6775 -9.7743 -2.9360 80 200 120
9.5838 -1.8763 -2.3370 80 200 120
10.7729 1.5455 -3.9474 80 200 120
8.8281 -2.5763 -2.5353 80 200 120
10.3517 -0.4734 -5.0590 80 200 120
7.2040 -5.2462 -2.5639 80 200 120
13.4402 -0.6435 -2.2110 80 200 120
14.9218 -4.7778 -2.1441 80 200 120
14.8367 -3.9765 -3.9770 80 200 120
15.0817 -4.4979 -3.8486 80 200 120
11.9007 0.7528 -4.3247 80 200 120
15.5932 -1.3070 -3.9292 80 200 120
10.0841 -0.6203 -4.7635 80 200 120
10.2183 -0.8990 -5.0306 80 200 120
10.5712 -1.3088 -5.2952 80 200 120
9.8258 -2.0909 -4.2680 80 200 120
11.3232 -2.9348 -4.5416 80 200 120
10.1090 -1.7876 -4.9088 80 200 120
9.8887 -2.5075 -4.2789 80 200 120
10.6737 -5.4698 -4.0811 80 200 120
10.4189 -3.3469 -5.2247 80 200 120
11.0294 -6.5201 -4.1105 80 200 120
11.7007 -3.8364 -4.2306 80 200 120
9.0720 -5.5316 -4.6564 80 200 120
8.3212 -7.6684 -5.2829 80 200 120
6.6825 -6.6385 -5.1136 80 200 120
9.3463 -8.1773 -5.2079 80 200 120
8.8205 -8.0108 -5.3975 80 200 120
10.4725 -6.1780 -4.0106 80 200 120
8.8788 -5.8130 -4.6329 80 200 120
12.4656 -0.6209 -4.3024 80 200 120
12.4490 -0.4256 -4.3783 80 200 120
10.4021 -1.3777 -5.1285 80 200 120
12.5025 -3.5733 -4.9644 80 200 120
9.8792 -0.0247 -4.8757 80 200 120
14.7616 -1.6328 -5.2887 80 200 120
12.0620 -4.5070 -4.5534 80 200 120
10.2238 -8.8137 -5.4561 80 200 120
10.2891 -3.7103 -5.2804 80 200 120
11.1201 -6.3632 -4.3361 80 200 120
10.8417 -7.2916 -4.3020 80 200 120
11.2301 -5.9600 -4.4890 80 200 120
12.9279 -5.4732 -5.3632 80 200 120
10.3536 -6.8847 -3.8668 80 200 120
9.2607 -6.1232 -4.3863 80 200 120
9.6378 -6.6869 -4.7163 80 200 120
8.9141 -6.7396 -5.1922 80 200 120
9.8104 -7.2102 -3.6424 80 200 120
11.5311 -6.4632 -4.8857 80 200 120
14.4298 -6.9050 -5.5076 80 200 120
9.0814 -6.4204 -4.5225 80 200 120
10.2624 -6.6895 -4.0758 80 200 120
9.9013 -8.4393 -2.4077 80 200 120
7.5895 -5.0580 -3.9586 80 200 120
9.9953 -8.3135 -2.0327 80 200 120
10.2492 -5.8868 -2.7117 80 200 120
7.0400 -5.5985 -2.8966 80 200 120
8.0165 -7.0439 -3.7394 80 200 120
10.7851 -6.2743 -2.0485 80 200 120
14.4188 -5.9653 -2.0133 80 200 120
12.8839 -8.8550 -2.9938 80 200 120
13.2431 -7.9920 -2.9842 80 200 120
13.7832 -7.7734 -2.1183 80 200 120
13.1291 -7.9771 -2.0269 80 200 120
12.5824 -9.5622 -3.1883 80 200 120
12.7011 -9.7140 -2.3576 80 200 120
13.4761 -8.3125 -2.9884 80 200 120
13.6891 -7.8394 -2.5796 80 200 120
12.9110 -9.3490 -3.0381 80 200 120
12.0267 -9.5967 -2.5385 80 200 120
14.0299 -7.7124 -2.9699 80 200 120
13.7174 -7.5911 -2.7285 80 200 120
10.0035 0.5162 -2.5336 80 200 120
10.1950 0.8640 -2.6424 80 200 120
15.2727 -0.5929 -2.2653 80 200 120
15.3212 -2.0477 -4.7454 80 200 120
14.7339 -3.6754 -4.5566 80 200 120
9.5927 -2.6458 -4.4106 80 200 120
11.5018 -0.0524 -4.7228 80 200 120
14.8937 -0.3289 -4.0466 80 200 120
10.5800 -2.4843 -4.7405 80 200 120
9.5713 -1.3331 -4.2602 80 200 120
14.8210 -1.4606 -5.3459 80 200 120
10.4797 -0.4162 -5.2497 80 200 120
10.2806 -1.2510 -5.2154 80 200 120
10.5431 -5.2674 -4.0093 80 200 120
13.7774 -6.8976 -4.6576 80 200 120
12.3503 -0.5440 -2.1895 80 200 120
13.7452 -6.8262 -4.3926 80 200 120
13.4403 -6.6341 -4.3003 80 200 120
14.8115 -3.7119 -4.6326 80 200 120
15.2229 -2.4134 -3.7092 80 200 120
15.3575 -3.8363 -3.8076 80 200 120
15.2663 -4.3234 -3.9606 80 200 120
13.8218 -5.6719 -4.6757 80 200 120
14.7270 -4.2174 -5.3125 80 200 120
12.6096 -9.0420 -4.5708 80 200 120
13.8262 -6.4065 -4.2612 80 200 120
9.8005 -8.6380 -5.3636 80 200 120
12.0321 -1.8543 -4.5202 80 200 120
12.7073 -1.5950 -4.0978 80 200 120
12.8112 -1.6685 -4.0391 80 200 120
10.7342 -6.8365 -4.1043 80 200 120
10.8335 -5.9754 -4.2666 80 200 120
11.4522 -6.7225 -4.4206 80 200 120
10.3572 -3.2597 -4.8898 80 200 120
15.4257 -3.2979 -2.2687 80 200 120
13.7602 -7.7768 -5.2134 80 200 120
11.6119 -6.2599 -4.1966 80 200 120
10.9174 -7.0898 -4.0433 80 200 120
13.3560 -6.6615 -5.2507 80 200 120
13.4005 -6.5190 -5.1935 80 200 120
12.4390 -9.8981 -5.1567 80 200 120
13.3099 -8.5435 -5.2273 80 200 120
12.9207 -8.1146 -5.2198 80 200 120
11.5901 -8.3751 -5.2473 80 200 120
14.2143 -6.6889 -5.2430 80 200 120
12.9541 -8.8927 -5.2885 80 200 120
11.3510 -7.0394 -4.8047 80 200 120
11.3460 -6.4801 -4.6099 80 200 120
10.6018 -8.8480 -5.1746 80 200 120
8.4418 -7.2471 -5.1339 80 200 120
10.4561 -8.6694 -5.0441 80 200 120
10.6147 -7.2098 -4.3084 80 200 120
9.3146 -2.3310 -2.2840 80 200 120
7.3283 -7.1811 -3.2579 80 200 120
6.6742 -6.9302 -2.3340 80 200 120
6.7796 -5.3529 -4.7574 80 200 120
9.8621 -8.1651 -3.3328 80 200 120
10.0823 -6.1161 -2.0177 80 200 120
10.3494 -8.5305 -2.0300 80 200 120
9.3737 -7.9103 -3.8963 80 200 120
7.2089 -3.4152 -3.9695 80 200 120
8.9760 -8.0142 -2.5463 80 200 120
13.3557 -9.1138 -3.3961 80 200 120
13.4665 -8.2449 -2.8334 80 200 120
12.5309 -8.6856 -2.0031 80 200 120
14.5020 -6.3108 -2.0343 80 200 120
12.4197 -9.0475 -2.0044 80 200 120
12.6133 -9.8338 -2.5212 80 200 120
14.1980 -6.8998 -2.6815 80 200 120
11.4273 -9.2513 -2.1057 80 200 120
10.2946 0.9538 -4.1381 80 200 120
10.1411 0.6569 -4.1887 80 200 120
13.4968 -2.9417 -5.0479 80 200 120
14.8582 -1.1305 -4.7784 80 200 120
8.9987 -1.5413 -3.5591 80 200 120
14.5433 -0.5720 -5.3475 80 200 120
8.5427 -1.5715 -5.0677 80 200 120
13.3646 -1.9674 -4.8897 80 200 120
10.9346 -1.8221 -4.7534 80 200 120
10.1751 0.1747 -4.9566 80 200 120
13.0926 -2.0638 -4.2474 80 200 120
10.2575 -8.7480 -5.2734 80 200 120
15.3910 -3.1208 -3.8412 80 200 120
10.4792 -6.1968 -3.6131 80 200 120
5.5775 -5.5582 -5.9092 80 200 120
14.5535 -0.5662 -5.0082 80 200 120
12.5150 -5.3343 -4.3891 80 200 120
11.2648 -4.2412 -4.3545 80 200 120
12.0859 -5.8884 -4.2354 80 200 120
13.3183 -8.5235 -5.2376 80 200 120
11.3279 -6.0900 -4.4543 80 200 120
14.6709 -0.4466 -2.4040 80 200 120
7.0745 -7.1124 -5.3714 80 200 120
10.5647 -7.1198 -4.0999 80 200 120
10.8192 -7.0674 -3.8302 80 200 120
8.2180 -6.9512 -4.3743 80 200 120
8.2365 -6.0036 -5.5370 80 200 120
9.4743 -7.0464 -5.2448 80 200 120
11.2510 -6.8432 -4.4197 80 200 120
10.0373 -5.6203 -2.7384 80 200 120
5.8357 -4.1081 -5.2875 80 200 120
8.7721 -6.3284 -2.0067 80 200 120
10.8532 -6.1502 -2.0467 80 200 120
9.8326 -6.5434 -2.0369 80 200 120
7.8569 -3.9401 -2.7318 80 200 120
14.6095 -6.8215 -2.4295 80 200 120
13.5938 -8.1262 -2.4473 80 200 120
13.0120 -9.0582 -2.7143 80 200 120
13.3941 -8.4733 -2.5301 80 200 120
14.3575 -6.5748 -2.2571 80 200 120
13.0823 -9.1431 -3.0961 80 200 120
12.3206 -9.8452 -2.2206 80 200 120
10.3141 1.1785 -2.8012 80 200 120
10.5662 1.2026 -4.1629 80 200 120
9.8759 -0.2918 -2.3796 80 200 120
15.5095 -1.0588 -2.1587 80 200 120
14.3777 -4.6019 -4.3764 80 200 120
14.6426 -3.5540 -5.0416 80 200 120
14.9223 -3.6037 -4.1418 80 200 120
15.4382 -4.1360 -3.9866 80 200 120
13.8974 -4.0896 -4.5463 80 200 120
12.9535 -3.2644 -4.8157 80 200 120
12.6769 -2.8146 -4.2773 80 200 120
11.9528 0.2905 -4.2368 80 200 120
10.5968 -5.1172 -4.4820 80 200 120
11.3122 -6.5340 -4.4183 80 200 120
10.6381 -8.7586 -5.0080 80 200 120
7.6427 -7.2183 -5.1148 80 200 120
8.9005 -7.1108 -5.4825 80 200 120
14.2045 -5.9489 -4.4313 80 200 120
13.8672 -5.8906 -4.4117 80 200 120
10.8012 0.3571 -5.3160 80 200 120
11.4639 -2.5359 -4.4214 80 200 120
10.9058 -2.2962 -4.8531 80 200 120
12.8459 -1.2542 -4.2094 80 200 120
11.8222 -5.8323 -4.2591 80 200 120
14.9074 -0.1434 -4.1149 80 200 120
11.6307 -6.3321 -5.2162 80 200 120
10.7332 -6.8169 -4.1700 80 200 120
13.9213 -3.5238 -5.2853 80 200 120
10.9209 -7.3092 -5.3361 80 200 120
11.9226 -6.4448 -5.2779 80 200 120
8.6683 -6.2112 -4.3773 80 200 120
14.1302 -7.0422 -5.2373 80 200 120
8.7640 -5.8875 -5.2281 80 200 120
9.1320 -6.5204 -5.1543 80 200 120
14.0603 -7.3715 -5.3467 80 200 120
8.4929 -5.8374 -4.4690 80 200 120
12.8820 -6.1562 -4.9732 80 200 120
10.9370 -7.2101 -4.2035 80 200 120
6.1580 -6.1002 -5.1609 80 200 120
8.9180 -6.8183 -5.1625 80 200 120
6.6597 -6.1492 -2.6768 80 200 120
7.6828 -4.2782 -4.5558 80 200 120
7.8621 -3.5169 -4.1952 80 200 120
7.3965 -6.3319 -5.1247 80 200 120
9.0780 -8.1025 -3.2081 80 200 120
9.7269 -5.9018 -2.2706 80 200 120
8.9960 -4.7639 -3.0824 80 200 120
7.1663 -5.3480 -3.2367 80 200 120
10.5704 -6.2727 -2.2913 80 200 120
9.0045 -7.9931 -4.2486 80 200 120
6.8285 -6.9397 -4.1920 80 200 120
8.8979 -7.9685 -3.3281 80 200 120
13.9242 -7.5158 -2.5281 80 200 120
10.8241 -8.6109 -2.0176 80 200 120
13.8125 -7.6250 -2.3512 80 200 120
11.1830 -8.6280 -2.0229 80 200 120
13.0191 -9.1847 -2.1872 80 200 120
11.0719 -8.9145 -2.0140 80 200 120
14.8600 -7.8607 -2.3301 80 200 120
12.6636 -9.7754 -2.9524 80 200 120
10.3826 1.1236 -4.2426 80 200 120
12.3903 0.5552 -3.6976 80 200 120
15.5341 -1.6947 -4.9308 80 200 120
12.0824 -4.8890 -4.4101 80 200 120
10.0277 -3.5898 -4.5389 80 200 120
12.7262 -1.4453 -4.0434 80 200 120
10.3202 -5.9818 -2.3868 80 200 120
13.4775 -6.6168 -4.3426 80 200 120
14.3454 -6.7463 -5.3579 80 200 120
7.9161 -5.8246 -5.7681 80 200 120
13.8004 -6.8251 -4.4462 80 200 120
13.7780 -6.8606 -5.3579 80 200 120
7.8879 -5.1910 -6.1185 80 200 120
7.8349 -5.2269 -5.3715 80 200 120
12.1720 -2.5052 -4.3652 80 200 120
10.4016 1.4114 -5.1582 80 200 120
11.4380 -2.2253 -4.5282 80 200 120
10.9415 1.5705 -5.1169 80 200 120
12.8670 -2.0481 -3.9900 80 200 120
14.5493 -3.8408 -5.2479 80 200 120
11.4007 -6.6573 -5.0403 80 200 120
16.1933 -1.8984 -2.7147 80 200 120
13.7444 -6.7930 -4.3698 80 200 120
15.4533 -3.2210 -2.2419 80 200 120
15.1313 -1.1888 -2.2175 80 200 120
13.1772 -5.9589 -5.2507 80 200 120
11.9559 -5.6718 -4.1955 80 200 120
10.9567 -7.3373 -5.2358 80 200 120
11.9287 -6.4617 -5.2375 80 200 120
12.1687 -6.0729 -5.1540 80 200 120
10.1714 -2.7748 -5.0956 80 200 120
10.2766 -3.6750 -5.3081 80 200 120
11.0464 -5.3199 -4.9152 80 200 120
11.1030 -7.1022 -5.2273 80 200 120
16.4350 -0.6917 -2.9689 80 200 120
13.2591 -7.0253 -5.2367 80 200 120
10.8554 -7.3491 -4.1719 80 200 120
8.8246 -7.3938 -5.1920 80 200 120
10.4554 -7.0873 -4.2094 80 200 120
10.5065 -6.8395 -4.2512 80 200 120
12.1020 -6.2318 -5.3135 80 200 120
9.6608 -6.2670 -2.0274 80 200 120
9.0905 -6.2816 -3.4593 80 200 120
9.2352 -8.1442 -2.1249 80 200 120
6.9627 -5.5927 -3.6124 80 200 120
9.2340 -6.9253 -2.0252 80 200 120
9.9007 -8.5168 -2.6703 80 200 120
10.1971 -8.6897 -2.8357 80 200 120
10.3451 -7.9173 -2.0196 80 200 120
8.4906 -7.7806 -3.2395 80 200 120
6.4774 -6.3618 -3.1321 80 200 120
10.4421 -8.7282 -2.7243 80 200 120
6.6484 -6.9238 -2.9476 80 200 120
7.5366 -4.6148 -2.4482 80 200 120
9.7205 -8.4213 -2.7462 80 200 120
9.7600 -8.3237 -3.5720 80 200 120
13.2327 -8.5689 -2.0626 80 200 120
13.3104 -8.4279 -2.0858 80 200 120
13.4799 -8.1588 -3.3061 80 200 120
13.2347 -8.6019 -3.4213 80 200 120
12.2576 -9.7734 -3.5037 80 200 120
13.3050 -8.4460 -3.3083 80 200 120
13.1031 -8.9793 -3.6056 80 200 120
12.6626 -9.8012 -3.5233 80 200 120
12.9128 -9.3352 -3.5726 80 200 120
13.1112 -8.6561 -3.3912 80 200 120
12.6510 -9.8220 -3.7648 80 200 120
13.9895 -7.3491 -2.9463 80 200 120
14.0957 -7.0722 -2.8224 80 200 120
13.6314 -7.9794 -3.1786 80 200 120
13.1949 -8.7468 -3.2084 80 200 120
13.8101 -7.6168 -2.7297 80 200 120
12.4114 -9.8663 -2.6206 80 200 120
11.9486 -9.4033 -2.0387 80 200 120
13.1406 -8.8504 -3.0784 80 200 120
11.5074 -9.2567 -2.8361 80 200 120
13.5788 -6.4484 -1.9890 80 200 120
12.9091 -9.3111 -2.5577 80 200 120
12.0368 -1.8948 -2.0824 80 200 120
12.4765 -2.4088 -5.2648 80 200 120
12.4528 0.1612 -4.9785 80 200 120
13.5333 -1.9246 -5.0137 80 200 120
15.0764 -0.6289 -4.9580 80 200 120
15.6980 -3.5750 -3.5009 80 200 120
10.5284 -0.9606 -5.5431 80 200 120
16.1027 -2.6165 -5.1156 80 200 120
13.9616 -2.8149 -5.3723 80 200 120
7.2012 -4.9216 -2.0097 80 200 120
10.8767 0.3781 -1.6409 80 200 120
15.4359 0.0877 -2.9926 80 200 120
12.0173 -1.2054 -4.9690 80 200 120
9.9451 -2.9965 -4.3620 80 200 120
11.1868 -6.8712 -4.5569 80 200 120
14.1563 -0.3649 -5.0905 80 200 120
15.5929 -2.8931 -3.9086 80 200 120
15.5739 -1.9110 -3.7982 80 200 120
14.8251 -4.0042 -4.0149 80 200 120
9.5715 -4.9428 -4.3415 80 200 120
15.7917 -1.2248 -5.0664 80 200 120
10.2563 -5.7898 -4.5201 80 200 120
13.5603 -6.3363 -4.2667 80 200 120
15.3236 -0.4389 -5.1958 80 200 120
14.8039 -3.7353 -4.6552 80 200 120
11.1370 1.1072 -2.1881 80 200 120
12.4759 -0.5696 -2.1070 80 200 120
8.4595 -4.6897 -4.3622 80 200 120
12.1346 -2.5755 -4.3408 80 200 120
10.8251 1.2392 -5.0551 80 200 120
14.9783 -4.4681 -5.1327 80 200 120
11.2384 -3.5760 -4.9807 80 200 120
11.3083 -6.0024 -4.4205 80 200 120
11.1938 -7.0346 -3.9601 80 200 120
11.2295 -6.9336 -5.1845 80 200 120
11.8107 -5.9380 -4.1582 80 200 120
11.1960 -6.9379 -4.5537 80 200 120
14.0791 -7.1382 -5.2318 80 200 120
13.6295 -6.2007 -5.2180 80 200 120
14.7768 -4.0939 -4.6886 80 200 120
13.3245 -5.1831 -5.2466 80 200 120
13.7774 -5.1515 -5.2480 80 200 120
11.4498 -5.9598 -4.1912 80 200 120
10.8616 -6.5593 -4.0184 80 200 120
11.3985 -6.4124 -4.3173 80 200 120
10.9401 -7.3239 -4.1429 80 200 120
12.8666 -7.2482 -5.2283 80 200 120
10.8014 -5.7287 -4.4774 80 200 120
11.9599 -9.6011 -5.2055 80 200 120
11.4100 -8.9399 -5.2070 80 200 120
9.6830 -8.3598 -5.1353 80 200 120
10.5962 -6.3177 -4.4563 80 200 120
11.1492 -7.0782 -4.0198 80 200 120
10.9105 -6.2400 -4.3939 80 200 120
11.1300 -6.3463 -4.3549 80 200 120
10.8836 -7.0791 -4.0867 80 200 120
10.5657 -6.2865 -4.1644 80 200 120
10.5075 -6.5843 -4.4010 80 200 120
10.8574 -7.1765 -4.4283 80 200 120
11.0104 -6.8715 -3.9984 80 200 120
11.9654 -8.4598 -5.2202 80 200 120
11.3754 -6.7783 -4.9424 80 200 120
13.7742 -7.6700 -5.2112 80 200 120
10.8870 -7.3448 -4.6082 80 200 120
10.8629 -6.9118 -4.0774 80 200 120
7.1951 -6.2731 -5.2877 80 200 120
12.4678 -7.6769 -5.2878 80 200 120
7.7361 -5.7791 -4.9381 80 200 120
6.3583 -6.6308 -5.3230 80 200 120
8.0209 -6.5361 -5.1911 80 200 120
14.0842 -7.4257 -5.3468 80 200 120
13.1501 -5.8061 -5.5490 80 200 120
8.0345 -3.9061 -2.1630 80 200 120
8.8686 -7.9655 -2.8538 80 200 120
7.7180 -7.3993 -3.4457 80 200 120
8.9976 -8.0581 -2.2976 80 200 120
8.5790 -7.8427 -2.3708 80 200 120
8.0131 -4.4094 -2.0972 80 200 120
7.2907 -7.1549 -4.5218 80 200 120
9.4551 -8.2872 -3.0207 80 200 120
8.4716 -7.7751 -3.6350 80 200 120
7.5645 -4.2416 -3.8406 80 200 120
9.1291 -5.2042 -2.0150 80 200 120
8.4663 -7.8582 -4.1088 80 200 120
6.4685 -6.4509 -4.3616 80 200 120
9.2288 -8.1530 -2.8909 80 200 120
7.7160 -7.4449 -2.2768 80 200 120
13.8434 -7.6622 -3.3190 80 200 120
13.6189 -8.0389 -3.3135 80 200 120
12.0379 -9.6926 -3.5627 80 200 120
12.5379 -9.8410 -3.9943 80 200 120
12.6078 -9.8033 -3.2836 80 200 120
12.9454 -9.3163 -2.7863 80 200 120
12.8241 -9.3764 -2.4278 80 200 120
12.9821 -9.1986 -3.3983 80 200 120
13.1566 -8.7185 -3.6722 80 200 120
11.7725 -9.5642 -2.5892 80 200 120
13.2107 -8.7608 -2.4816 80 200 120
13.4613 -8.2991 -2.5575 80 200 120
11.4504 -8.9146 -2.0124 80 200 120
12.8053 -9.5392 -3.5226 80 200 120
14.3669 -6.6171 -2.7397 80 200 120
13.8753 -7.4916 -3.0458 80 200 120
15.6013 -4.3930 -4.7608 80 200 120
9.2965 -2.1660 -4.0672 80 200 120
15.4972 -2.1815 -4.1412 80 200 120
14.5391 -3.0675 -5.1789 80 200 120
10.0393 -1.0839 -4.3585 80 200 120
13.5927 0.1654 -3.2361 80 200 120
11.1264 -1.1238 -4.8882 80 200 120
14.5084 -6.1934 -2.4448 80 200 120
9.5122 -1.1795 -4.2502 80 200 120
11.0999 -6.6269 -4.0860 80 200 120
10.5490 -7.1367 -4.0960 80 200 120
11.8053 -5.8703 -4.2448 80 200 120
10.1257 1.2854 -3.8538 80 200 120
9.6422 -5.9804 -4.6671 80 200 120
7.3758 -5.6479 -5.0838 80 200 120
8.7138 -5.2709 -4.8905 80 200 120
8.9543 -6.3255 -4.9172 80 200 120
3.9684 -6.1845 -6.4910 80 200 120
9.4091 -6.1846 -4.7046 80 200 120
8.8008 -5.8936 -4.6476 80 200 120
10.0363 -6.7814 -4.4598 80 200 120
10.4560 -7.1633 -4.5272 80 200 120
10.1797 -4.5370 -3.8535 80 200 120
11.9763 -2.0751 -4.2460 80 200 120
9.9602 -7.5753 -3.9203 80 200 120
9.7846 -7.2470 -4.5308 80 200 120
11.5057 -1.8069 -4.6275 80 200 120
11.6684 -3.1610 -4.2297 80 200 120
12.1146 -4.2957 -4.4730 80 200 120
10.8840 0.4520 -5.2129 80 200 120
12.4079 -1.6173 -4.4369 80 200 120
11.4116 -6.7760 -4.7237 80 200 120
10.8988 -7.0906 -4.0361 80 200 120
12.5477 -9.8488 -5.1164 80 200 120
9.8825 -3.4776 -4.9702 80 200 120
13.0103 -5.6768 -5.2639 80 200 120
13.3758 -8.7811 -5.1413 80 200 120
11.9177 -6.4456 -4.2312 80 200 120
13.5293 -6.9559 -4.9605 80 200 120
14.2115 -7.1379 -5.3858 80 200 120
7.8072 -6.9501 -5.1725 80 200 120
12.5425 -6.8420 -5.2498 80 200 120
14.1173 -6.8175 -5.1092 80 200 120
11.3369 -6.5794 -4.1744 80 200 120
12.8362 -4.5998 -6.5868 80 200 120
11.0450 -5.8961 -4.6017 80 200 120
11.3410 -6.6753 -4.7264 80 200 120
13.6054 -8.4426 -5.0818 80 200 120
12.2016 -8.7017 -5.2290 80 200 120
8.6240 -5.2168 -5.5809 80 200 120
8.6894 -6.2127 -5.1839 80 200 120
8.5326 -5.1096 -5.2499 80 200 120
8.5354 -6.1814 -4.8255 80 200 120
8.8143 -5.9161 -4.6748 80 200 120
7.8498 -7.4635 -5.2217 80 200 120
9.6319 -6.6147 -4.9427 80 200 120
11.6140 -6.3854 -5.1762 80 200 120
5.7257 -6.2124 -4.1670 80 200 120
6.4958 -6.6556 -3.1024 80 200 120
6.2535 -6.6075 -5.2221 80 200 120
10.1760 -6.8369 -2.0260 80 200 120
9.5151 -8.3141 -2.4308 80 200 120
7.6721 -7.3262 -3.8972 80 200 120
9.8667 -5.6193 -2.0016 80 200 120
9.8477 -8.4590 -3.0365 80 200 120
10.8148 -8.5867 -2.0240 80 200 120
9.5181 -8.3166 -3.4294 80 200 120
13.4009 -8.5850 -3.7314 80 200 120
13.4488 -8.3089 -3.1354 80 200 120
13.0132 -9.0816 -3.0847 80 200 120
12.4318 -9.8687 -3.8190 80 200 120
11.2108 1.7581 -3.9365 80 200 120
12.6361 -1.9054 -3.9462 80 200 120
13.1042 -2.8206 -5.1088 80 200 120
14.6910 -4.1136 -4.7192 80 200 120
13.5955 -2.4560 -5.3447 80 200 120
14.7876 -4.1507 -4.0889 80 200 120
11.9489 -3.0269 -4.5358 80 200 120
11.5718 -3.5272 -4.2399 80 200 120
14.7398 -5.5743 -3.5950 80 200 120
11.7789 -2.2061 -4.3614 80 200 120
15.3393 -4.8311 -4.1512 80 200 120
14.9348 -4.3306 -4.3964 80 200 120
10.1778 -4.1540 -4.5767 80 200 120
10.0291 -2.4165 -4.7353 80 200 120
11.1522 -6.9200 -4.1418 80 200 120
11.5034 -6.1803 -5.2338 80 200 120
13.3801 -1.9849 -4.0749 80 200 120
15.6450 -2.8451 -3.5596 80 200 120
10.8535 -7.3320 -4.8164 80 200 120
10.7468 -5.8304 -4.5263 80 200 120
13.1120 -8.9240 -5.1573 80 200 120
12.1610 -9.6239 -5.0878 80 200 120
14.4344 -0.9813 -2.4377 80 200 120
15.5491 -2.9520 -2.2932 80 200 120
12.4368 -0.1389 -3.4345 80 200 120
10.7004 -6.8963 -7.0223 80 200 120
11.7844 -5.2719 -4.2683 80 200 120
10.4339 -8.5532 -4.9069 80 200 120
10.9137 -8.8197 -5.2133 80 200 120
13.5415 -8.1870 -5.1862 80 200 120
11.6014 -7.0800 -5.3201 80 200 120
8.9952 -4.9005 -5.1030 80 200 120
8.7368 -5.6100 -4.4095 80 200 120
11.8427 -6.5168 -4.4145 80 200 120
11.1533 -7.2014 -4.9115 80 200 120
11.3206 -6.0986 -4.3345 80 200 120
11.2659 -7.0590 -4.7726 80 200 120
10.9152 -6.2088 -4.2479 80 200 120
11.1347 -7.0039 -4.0930 80 200 120
10.5128 -6.2048 -4.0447 80 200 120
11.2034 -6.5273 -4.1243 80 200 120
10.9929 -6.8702 -4.0465 80 200 120
11.8678 -6.4138 -5.2490 80 200 120
10.2878 -6.1160 -4.4993 80 200 120
9.4828 -5.7939 -5.2001 80 200 120
10.4791 -8.2751 -1.9872 80 200 120
6.5433 -6.2823 -2.2556 80 200 120
9.6849 -8.4196 -3.2768 80 200 120
10.7093 -6.2063 -2.0221 80 200 120
7.4581 -3.6152 -3.8614 80 200 120
5.9574 -6.0939 -5.1847 80 200 120
6.8138 -5.9499 -4.5753 80 200 120
8.4178 -3.2465 -2.9940 80 200 120
10.5105 -6.1239 -2.0142 80 200 120
10.3706 -8.8010 -2.7335 80 200 120
7.5370 -3.4930 -3.4600 80 200 120
10.4193 -8.7890 -2.3694 80 200 120
6.9883 -6.1054 -2.0889 80 200 120
14.5512 -6.2066 -2.0342 80 200 120
14.2407 -6.9133 -2.4428 80 200 120
12.4446 -9.8761 -3.1306 80 200 120
14.7832 -5.9007 -2.2125 80 200 120
11.2808 -9.2155 -2.4472 80 200 120
14.5780 -5.7003 -2.0962 80 200 120
13.8411 -7.6370 -3.3047 80 200 120
10.4775 1.3955 -4.5220 80 200 120
15.6689 -2.9581 -3.5669 80 200 120
11.3313 -3.0612 -4.7251 80 200 120
12.5992 -3.2965 -5.0625 80 200 120
15.7270 -0.3909 -4.7583 80 200 120
13.1902 -2.6260 -4.9370 80 200 120
9.8969 -8.3941 -5.0428 80 200 120
15.1008 -3.3435 -3.8640 80 200 120
11.1102 -7.1166 -5.1120 80 200 120
12.9634 -0.0720 -2.7537 80 200 120
7.7141 -5.7876 -4.8769 80 200 120
6.6443 -6.6644 -5.0973 80 200 120
9.9842 -9.0203 -5.8046 80 200 120
8.3223 -7.6332 -5.2358 80 200 120
7.1007 -7.0393 -5.1687 80 200 120
8.1417 -6.0303 -5.0309 80 200 120
10.1562 -9.4009 -6.1836 80 200 120
10.3220 1.5416 -5.3438 80 200 120
10.7167 0.7299 -5.4548 80 200 120
11.8106 -5.8480 -4.2347 80 200 120
10.6845 -2.4849 -5.6531 80 200 120
11.3243 -6.4777 -4.9571 80 200 120
11.2756 -9.1053 -5.0774 80 200 120
12.8026 -8.7565 -5.1139 80 200 120
11.6644 2.5621 -4.0601 80 200 120
11.3669 -6.5065 -4.2099 80 200 120
10.1534 -0.8050 -5.5244 80 200 120
10.0715 -1.3491 -4.7319 80 200 120
10.7231 -7.2597 -4.6379 80 200 120
8.8499 -1.0375 -6.1838 80 200 120
10.1855 -3.4430 -5.4560 80 200 120
12.7237 -9.4094 -5.0656 80 200 120
11.4702 -9.2038 -5.0109 80 200 120
11.8507 -6.3702 -4.2232 80 200 120
13.0116 -9.2266 -5.2208 80 200 120
11.0724 -9.1623 -5.2031 80 200 120
11.2047 -6.8770 -4.1338 80 200 120
8.8518 -5.3667 -5.3639 80 200 120
8.8181 -5.9219 -5.1744 80 200 120
7.1881 -5.1959 -4.2282 80 200 120
8.2445 -3.5166 -2.3354 80 200 120
14.2071 -6.9430 -3.1299 80 200 120
14.1168 -7.0496 -2.0720 80 200 120
14.1797 -6.7347 -3.0580 80 200 120
14.7749 -5.6785 -2.4670 80 200 120
13.6622 -7.7359 -3.5148 80 200 120
14.7615 -6.0378 -2.4346 80 200 120
13.5893 -8.1735 -3.2712 80 200 120
12.7098 -9.7110 -3.9246 80 200 120
13.2792 -8.6154 -3.3034 80 200 120
11.6673 -9.4650 -2.8856 80 200 120
13.3598 -8.4724 -3.2137 80 200 120
12.3246 -9.8518 -3.3877 80 200 120
10.6695 1.6678 -2.5260 80 200 120
10.0115 -0.2565 -2.3091 80 200 120
15.3845 -3.6053 -3.8093 80 200 120
10.1755 -5.7553 -2.1108 80 200 120
10.7853 -0.3506 -5.1598 80 200 120
9.9171 -1.7092 -4.5496 80 200 120
9.9784 -2.9189 -4.4977 80 200 120
11.3645 -5.4359 -4.6392 80 200 120
12.2280 -5.6832 -4.3721 80 200 120
10.2892 -4.5941 -3.1731 80 200 120
10.5758 -6.8991 -4.1277 80 200 120
14.8602 -4.0653 -4.0645 80 200 120
12.1140 -1.8242 -4.2956 80 200 120
11.9969 -4.9131 -4.3202 80 200 120
14.1484 -6.8242 -5.2786 80 200 120
13.7168 -6.4310 -4.2427 80 200 120
15.5326 -2.9515 -2.3134 80 200 120
15.4592 -4.0897 -3.9664 80 200 120
11.1390 -7.0567 -4.0212 80 200 120
10.5785 -4.5309 -5.4254 80 200 120
11.1651 -6.9285 -4.1086 80 200 120
11.1254 -7.3886 -4.5568 80 200 120
11.3687 -6.5832 -5.1650 80 200 120
11.2295 -6.9880 -5.0446 80 200 120
10.9362 -7.3437 -4.5501 80 200 120
11.5931 -6.2496 -4.2194 80 200 120
11.5924 -5.6022 -4.2864 80 200 120
11.9768 -5.6564 -4.2287 80 200 120
11.2698 -7.3006 -4.2393 80 200 120
9.9497 -2.0526 -5.5550 80 200 120
16.1784 -1.8350 -2.7688 80 200 120
10.4947 -8.8936 -5.3072 80 200 120
10.0239 -3.9253 -5.5429 80 200 120
11.0289 -8.9570 -5.0010 80 200 120
12.6402 -5.8830 -5.3021 80 200 120
12.5978 -8.3589 -5.2531 80 200 120
11.4665 -6.3074 -5.0927 80 200 120
10.6350 -6.9800 -4.0820 80 200 120
12.6148 -9.2210 -5.2831 80 200 120
13.7681 -7.3906 -5.0019 80 200 120
13.4208 -6.7263 -5.2421 80 200 120
13.6403 -6.9229 -5.1399 80 200 120
11.1880 -6.4668 -4.2427 80 200 120
9.2314 -8.2312 -2.3297 80 200 120
8.7319 -7.7992 -4.3242 80 200 120
7.5774 -4.5787 -4.1573 80 200 120
8.8181 -3.5512 -2.6789 80 200 120
10.7319 -6.2461 -2.0380 80 200 120
7.3789 -4.9232 -4.0228 80 200 120
10.0462 -5.4138 -2.0220 80 200 120
10.4482 -6.0756 -2.0695 80 200 120
10.8322 -6.1613 -2.0618 80 200 120
8.4848 -3.2232 -2.1176 80 200 120
7.1561 -6.3849 -4.6852 80 200 120
7.8460 -3.9992 -3.7820 80 200 120
13.2016 -5.7592 -2.0125 80 200 120
13.7183 -7.7739 -3.0672 80 200 120
13.4201 -8.3952 -3.7105 80 200 120
14.6948 -5.6863 -2.1270 80 200 120
13.7534 -7.8720 -3.6191 80 200 120
11.1975 -9.0301 -2.0050 80 200 120
12.5817 -9.9713 -4.0438 80 200 120
13.5030 -6.5020 -2.0149 80 200 120
13.3618 -8.5513 -3.7610 80 200 120
12.4202 -9.9050 -3.7950 80 200 120
10.7891 -8.6050 -2.0173 80 200 120
11.2624 -9.2972 -3.1811 80 200 120
10.1411 -0.5454 -2.2035 80 200 120
10.2527 -5.0888 -3.8483 80 200 120
10.2422 -5.0758 -3.8484 80 200 120
10.2286 -5.0413 -3.8953 80 200 120
14.9014 0.4320 -3.5217 80 200 120
10.0847 -4.3462 -4.2397 80 200 120
8.0778 -4.6728 -3.1807 80 200 120
10.2893 -2.0903 -5.0901 80 200 120
12.0410 -3.1064 -4.1046 80 200 120
9.9101 -2.8620 -4.5552 80 200 120
9.5467 -4.9124 -2.2062 80 200 120
12.2192 -1.6698 -3.9965 80 200 120
10.6585 -1.5816 -5.2664 80 200 120
9.8432 -3.5460 -2.4206 80 200 120
9.9989 -3.7145 -4.0814 80 200 120
8.5264 -3.5102 -2.2459 80 200 120
10.3070 -4.6054 -3.5179 80 200 120
7.8463 -5.6120 -2.1978 80 200 120
9.1219 -4.3456 -2.7844 80 200 120
14.6157 -2.8751 -5.2912 80 200 120
12.1456 -3.2630 -4.5376 80 200 120
15.4965 -4.1266 -3.9955 80 200 120
14.0308 -3.1481 -5.3016 80 200 120
10.1549 -1.4267 -5.0498 80 200 120
11.0973 -2.2479 -5.0737 80 200 120
10.2234 -4.2447 -4.8472 80 200 120
11.9248 -6.4626 -5.2634 80 200 120
15.6053 -2.4148 -4.1165 80 200 120
14.1411 -5.3500 -5.1096 80 200 120
13.8702 -5.6944 -5.2056 80 200 120
12.3061 -1.7378 -2.2174 80 200 120
9.7567 -5.0170 -4.8339 80 200 120
9.4696 -7.0215 -5.2108 80 200 120
14.4925 -5.1391 -4.6768 80 200 120
15.7587 -1.3029 -5.1180 80 200 120
15.1698 -2.4540 -5.2509 80 200 120
13.5638 -6.9198 -5.1073 80 200 120
8.4525 -3.0644 -2.6542 80 200 120
8.9386 -7.9885 -5.1899 80 200 120
6.8929 -6.7359 -2.1447 80 200 120
15.4826 -1.6909 -5.1709 80 200 120
13.1692 -4.6745 -5.1598 80 200 120
11.1948 -6.5206 -4.0965 80 200 120
12.8066 -7.1529 -5.2603 80 200 120
12.5305 -9.8379 -5.1413 80 200 120
12.6002 1.7311 -3.5641 80 200 120
10.6984 -5.6637 -4.6261 80 200 120
13.1402 -8.9154 -5.2150 80 200 120
10.5055 -8.4497 -4.7637 80 200 120
11.2608 -9.1823 -5.2048 80 200 120
14.0397 -7.6572 -5.1282 80 200 120
12.0813 -7.2929 -5.2224 80 200 120
9.4171 -6.3129 -5.0013 80 200 120
12.9149 -7.5106 -5.2766 80 200 120
7.1305 -5.8729 -5.1103 80 200 120
9.9153 -8.5125 -5.1727 80 200 120
10.1343 -8.6445 -5.2001 80 200 120
11.2444 -6.8335 -4.4358 80 200 120
11.9361 -6.5413 -4.7892 80 200 120
10.5074 -6.5691 -4.2750 80 200 120
10.8115 -7.1023 -4.0057 80 200 120
12.8389 -9.5136 -4.4439 80 200 120
11.5857 -6.2538 -4.8615 80 200 120
6.8328 -5.7666 -3.9515 80 200 120
7.0084 -5.5810 -2.2043 80 200 120
8.3549 -3.1430 -2.9678 80 200 120
7.9884 -7.5287 -4.0099 80 200 120
9.4607 -4.4825 -2.0729 80 200 120
8.4455 -3.5956 -3.3886 80 200 120
8.0414 -3.6216 -3.7780 80 200 120
12.6666 -9.6584 -2.0820 80 200 120
13.0821 -8.8605 -2.0177 80 200 120
12.9132 -8.4971 -2.0018 80 200 120
14.4976 -6.4311 -3.0153 80 200 120
14.0695 -7.1744 -3.3549 80 200 120
9.9535 -8.6233 -2.2681 80 200 120
12.6196 -6.6635 -2.0332 80 200 120
14.5545 -6.2237 -2.8731 80 200 120
10.4607 -8.6208 -1.9889 80 200 120
11.5834 -8.3721 -2.0329 80 200 120
14.0219 -5.5114 -2.0240 80 200 120
10.6334 1.9893 -4.7356 80 200 120
9.5408 -1.8699 -2.5987 80 200 120
15.4067 -3.1278 -3.7328 80 200 120
11.7654 -3.6421 -4.3540 80 200 120
10.3176 -4.5633 -3.2561 80 200 120
11.9274 -3.0352 -4.9645 80 200 120
14.1175 0.4137 -2.5522 80 200 120
14.6278 -3.4760 -4.9831 80 200 120
11.5242 -4.4464 -4.2335 80 200 120
14.7636 -4.4725 -4.3312 80 200 120
14.1903 -4.3759 -4.9765 80 200 120
11.9291 -4.8275 -4.4165 80 200 120
14.0851 -3.9436 -5.2415 80 200 120
8.2498 -4.3401 -2.3077 80 200 120
10.1541 -3.9673 -4.8334 80 200 120
9.9980 -1.6793 -4.7795 80 200 120
10.8690 -0.6438 -5.1471 80 200 120
9.9987 -2.2140 -5.1559 80 200 120
9.9950 -2.6978 -4.5783 80 200 120
11.4739 -4.0556 -4.3370 80 200 120
11.7121 -5.0746 -4.3563 80 200 120
11.2646 -3.2584 -5.0810 80 200 120
10.5326 -7.0528 -4.0946 80 200 120
8.1579 -4.4919 -4.5402 80 200 120
9.0998 -7.1638 -5.2367 80 200 120
11.9929 -6.3455 -4.7865 80 200 120
10.2083 -8.7079 -5.2157 80 200 120
13.4453 -6.6932 -5.2806 80 200 120
14.8124 -1.2859 -5.3751 80 200 120
12.4784 -2.9151 -4.7378 80 200 120
14.8496 -2.8793 -5.2436 80 200 120
11.9329 -3.9860 -4.5330 80 200 120
14.2563 -0.5608 -4.9120 80 200 120
13.4940 -6.5433 -4.4412 80 200 120
12.0501 -6.2501 -5.1720 80 200 120
10.8254 -2.6149 -5.4713 80 200 120
11.3725 -6.6491 -4.1811 80 200 120
10.7895 -6.5864 -4.0680 80 200 120
10.7433 -6.7113 -4.0518 80 200 120
11.1727 -6.7462 -5.7231 80 200 120
12.8880 -8.8634 -5.2735 80 200 120
11.2942 -4.1938 -5.1042 80 200 120
11.1732 -7.1412 -4.5443 80 200 120
11.1757 -6.9505 -4.6368 80 200 120
13.1058 -6.4087 -5.2731 80 200 120
11.3988 -6.3609 -4.2863 80 200 120
11.1768 0.5785 -4.6426 80 200 120
10.7443 -5.1041 -5.0220 80 200 120
12.9900 -9.1584 -5.1996 80 200 120
10.7269 -6.9556 -4.0176 80 200 120
14.4183 -0.2529 -3.0256 80 200 120
10.9040 -7.0957 -4.0357 80 200 120
12.3169 -8.2705 -5.2664 80 200 120
13.1827 -8.2963 -5.2777 80 200 120
13.5311 -6.6622 -5.3603 80 200 120
8.4938 -6.1886 -5.0220 80 200 120
11.5057 -8.6107 -5.2485 80 200 120
9.2239 -7.5815 -5.2663 80 200 120
8.3450 -6.0002 -4.8011 80 200 120
10.7804 -7.2815 -4.1490 80 200 120
10.8859 -7.3208 -4.2828 80 200 120
10.6273 -7.1833 -4.1841 80 200 120
11.2606 -9.2969 -5.1596 80 200 120
9.8195 -8.0973 -5.2354 80 200 120
10.9836 -7.2143 -4.1453 80 200 120
13.5299 -7.4496 -5.1337 80 200 120
6.4316 -6.5935 -2.7685 80 200 120
6.8757 -5.7842 -5.1865 80 200 120
7.7698 -3.9072 -4.2669 80 200 120
7.6565 -4.3404 -3.7436 80 200 120
7.0345 -5.4663 -3.9780 80 200 120
7.9954 -3.7070 -3.2549 80 200 120
14.1864 -6.9222 -3.3497 80 200 120
14.5861 -6.2444 -3.1176 80 200 120
12.2722 -9.8897 -4.0323 80 200 120
12.7902 -9.6305 -4.2087 80 200 120
13.1032 -9.0581 -4.0554 80 200 120
13.4571 -8.3334 -3.9158 80 200 120
13.5914 -8.0646 -3.8408 80 200 120
13.6434 -7.9304 -3.7959 80 200 120
11.6522 1.6155 -2.3403 80 200 120
11.3155 1.8505 -2.4736 80 200 120
10.8125 2.1128 -4.7582 80 200 120
16.8703 -1.5154 -2.1163 80 200 120
9.7364 -1.7777 -4.7446 80 200 120
14.7802 -4.0875 -4.6464 80 200 120
13.4053 -2.9297 -5.1369 80 200 120
10.1009 -4.1374 -2.1645 80 200 120
14.0921 -5.1445 -2.0091 80 200 120
11.2120 -3.1940 -5.2342 80 200 120
10.0625 -4.0757 -3.6786 80 200 120
15.9135 -4.1051 -3.3140 80 200 120
11.3826 -3.1242 -4.5794 80 200 120
9.9831 -3.7127 -4.6065 80 200 120
10.1519 -1.0504 -5.0992 80 200 120
10.4168 -1.2207 -5.3573 80 200 120
10.1742 -4.3948 -4.6772 80 200 120
11.6013 -5.5791 -4.3099 80 200 120
10.6847 -5.8258 -4.2892 80 200 120
14.5594 -4.0040 -4.4509 80 200 120
12.4364 -1.1760 -2.0747 80 200 120
10.6337 -8.8563 -5.0743 80 200 120
9.2757 -8.1770 -5.1902 80 200 120
13.6671 -6.1650 -5.2703 80 200 120
11.2287 -9.1574 -5.1362 80 200 120
14.3328 -5.3106 -4.2667 80 200 120
13.7166 -6.3513 -4.2997 80 200 120
11.0520 -7.3813 -4.7819 80 200 120
11.8124 -5.8046 -4.2588 80 200 120
16.9810 -0.7989 -2.7127 80 200 120
16.6937 -1.6818 -2.2349 80 200 120
15.8789 0.2056 -2.1201 80 200 120
15.0666 0.5145 -2.3618 80 200 120
11.7009 2.5388 -3.9678 80 200 120
10.9992 -9.0265 -5.1411 80 200 120
10.5990 -8.7234 -5.0524 80 200 120
10.8488 -6.0721 -4.2987 80 200 120
11.2387 -7.2902 -4.3394 80 200 120
11.1816 -6.4257 -4.1825 80 200 120
11.1212 -7.0281 -4.0930 80 200 120
15.8828 -0.9295 -2.1869 80 200 120
11.3916 -6.2355 -5.2593 80 200 120
6.7968 -7.0153 -5.3754 80 200 120
10.2271 -8.1256 -5.2442 80 200 120
11.8533 -6.4600 -5.2993 80 200 120
12.6712 -7.9955 -5.2423 80 200 120
9.9684 -7.0842 -5.2322 80 200 120
13.6680 -7.6969 -5.1314 80 200 120
12.0387 -6.3200 -5.2402 80 200 120
10.5480 -7.1525 -4.1185 80 200 120
13.7876 -6.8956 -5.2385 80 200 120
11.6921 -9.4129 -5.1245 80 200 120
10.8423 -6.0615 -1.9808 80 200 120
7.4725 -7.0997 -2.0749 80 200 120
8.9436 -8.0100 -3.6608 80 200 120
10.1197 -5.5156 -2.1426 80 200 120
10.8153 -8.5677 -2.0584 80 200 120
6.7188 -6.6942 -5.0214 80 200 120
7.3046 -7.0643 -5.1354 80 200 120
9.4137 -4.2139 -2.0050 80 200 120
6.4992 -6.2149 -4.9576 80 200 120
8.3651 -2.8281 -2.5968 80 200 120
10.6345 -5.3602 -2.0214 80 200 120
7.6308 -5.1552 -4.5198 80 200 120
9.0327 -4.2706 -1.9952 80 200 120
6.7463 -6.6743 -4.6329 80 200 120
7.1346 -5.5078 -4.5695 80 200 120
12.6502 -9.8408 -4.4165 80 200 120
13.9034 -7.4751 -3.8128 80 200 120
12.4719 -9.9333 -4.0519 80 200 120
13.2784 -5.7713 -2.0045 80 200 120
11.0523 0.9734 -4.5315 80 200 120
10.9768 1.5761 -2.2971 80 200 120
10.1902 -0.2183 -2.1923 80 200 120
10.1919 1.0387 -4.7761 80 200 120
15.9640 -0.5418 -3.0693 80 200 120
16.5553 -0.5730 -2.8858 80 200 120
17.3390 -0.3992 -2.6077 80 200 120
13.1408 -1.0898 -3.7636 80 200 120
15.9278 -1.8817 -3.6380 80 200 120
8.5232 -3.2861 -2.5569 80 200 120
15.0416 -4.2438 -4.4488 80 200 120
14.7064 -5.5821 -3.6067 80 200 120
7.8978 -3.8518 -2.1481 80 200 120
7.7797 -4.6050 -2.1202 80 200 120
12.9158 -2.9193 -2.0525 80 200 120
14.7453 -3.7895 -5.3620 80 200 120
14.5053 -0.9074 -5.3153 80 200 120
9.2351 -4.3357 -2.1042 80 200 120
8.3501 -3.2006 -2.9808 80 200 120
12.6479 -2.3118 -4.8690 80 200 120
10.6639 -5.5431 -2.1794 80 200 120
10.1909 -3.9131 -4.9503 80 200 120
9.9472 -3.8554 -4.5148 80 200 120
10.3559 -4.6416 -4.7544 80 200 120
10.1075 -3.9784 -4.8301 80 200 120
10.9909 -6.3304 -4.1367 80 200 120
9.8980 -3.6725 -4.6627 80 200 120
11.1932 -7.3893 -3.9899 80 200 120
13.7057 -1.6156 -4.7912 80 200 120
12.9214 -0.1837 -2.8345 80 200 120
8.0003 -3.9977 -5.2010 80 200 120
15.1824 -2.4831 -5.3167 80 200 120
13.6803 -6.5776 -4.2488 80 200 120
10.4772 1.3252 -4.8195 80 200 120
11.3770 -6.2144 -5.2163 80 200 120
10.2657 -1.6417 -5.3025 80 200 120
10.1785 -3.3817 -5.4311 80 200 120
12.8056 -9.5127 -5.1966 80 200 120
12.9627 -0.1520 -2.8422 80 200 120
10.4037 -0.1824 -5.4414 80 200 120
12.8870 -8.0835 -5.2339 80 200 120
11.1208 -4.9032 -4.9735 80 200 120
13.8254 -7.5173 -5.2710 80 200 120
13.4438 -8.3131 -5.2153 80 200 120
10.7107 -6.4902 -4.1828 80 200 120
11.2568 -2.9228 -5.4043 80 200 120
10.8701 -8.1336 -5.2619 80 200 120
11.5434 -6.2384 -5.3576 80 200 120
6.9787 -5.9443 -5.1918 80 200 120
13.5034 -7.5763 -5.2767 80 200 120
11.7674 -8.8678 -5.2053 80 200 120
6.4772 -6.6777 -5.2253 80 200 120
11.1210 -7.0234 -4.0906 80 200 120
7.8410 -5.8671 -5.4585 80 200 120
11.2584 -6.9468 -5.0327 80 200 120
11.2203 -6.8992 -4.0956 80 200 120
11.2405 -6.7698 -4.4946 80 200 120
12.6724 -9.8189 -5.2055 80 200 120
6.4739 -6.5211 -3.5546 80 200 120
7.4720 -5.7339 -4.9643 80 200 120
8.6004 -5.9318 -2.0384 80 200 120
8.9800 -3.4393 -2.0833 80 200 120
8.5939 -2.8539 -3.0553 80 200 120
13.2830 -8.7365 -2.2373 80 200 120
12.9163 -9.5547 -4.5143 80 200 120
14.0222 -5.1461 -2.0152 80 200 120
14.2989 -5.6757 -2.0123 80 200 120
10.4057 -0.1503 -2.1708 80 200 120
13.0891 -2.0297 -4.2569 80 200 120
10.2467 -1.9577 -5.1479 80 200 120
10.5204 -2.6696 -2.0542 80 200 120
14.9276 -3.0313 -5.0684 80 200 120
10.4762 -4.6396 -4.7224 80 200 120
10.5597 -0.1424 -5.2336 80 200 120
10.8040 -5.6390 -4.3894 80 200 120
10.3234 -0.6303 -5.2279 80 200 120
11.1566 -1.6788 -5.0950 80 200 120
11.2915 -6.3228 -4.1813 80 200 120
10.1419 -3.7497 -4.9039 80 200 120
12.1987 -5.9608 -4.3914 80 200 120
11.7015 -5.0916 -4.3336 80 200 120
11.4645 -3.8897 -4.2616 80 200 120
11.7289 -6.4580 -5.1107 80 200 120
7.6463 -4.4276 -3.2979 80 200 120
10.8402 -6.5259 -4.0832 80 200 120
12.8987 -4.8046 -4.6510 80 200 120
11.0824 -7.3200 -4.7095 80 200 120
11.3750 -6.4759 -4.2332 80 200 120
8.1789 -3.4119 -4.7200 80 200 120
11.8949 -3.9647 -4.1413 80 200 120
13.3775 -2.2401 -4.1622 80 200 120
12.4696 -2.9924 -4.2020 80 200 120
15.5611 -3.2181 -3.6229 80 200 120
11.3776 -5.7379 -4.3871 80 200 120
11.1021 -7.1493 -5.1070 80 200 120
10.9576 -7.3267 -4.6970 80 200 120
10.6957 0.4176 -5.2152 80 200 120
11.6061 -5.7489 -4.2034 80 200 120
12.9640 -1.6542 -3.8162 80 200 120
13.2454 -6.9884 -5.2607 80 200 120
12.2378 -9.8500 -5.2783 80 200 120
11.8518 -9.5897 -5.1969 80 200 120
11.2822 -6.6528 -5.4454 80 200 120
11.3368 -8.7800 -5.2203 80 200 120
10.1060 -2.6108 -5.2158 80 200 120
11.4364 -9.3213 -5.1877 80 200 120
10.9166 -7.3455 -4.4447 80 200 120
12.8319 -9.5199 -5.2152 80 200 120
7.6508 -7.4181 -5.3100 80 200 120
9.3963 -6.5257 -6.3881 80 200 120
9.3015 -6.4524 -5.6668 80 200 120
9.8775 -8.5173 -5.2045 80 200 120
9.9098 -6.7618 -5.2466 80 200 120
7.6209 -5.9899 -5.2556 80 200 120
10.7354 -7.2491 -4.4117 80 200 120
8.7542 -6.1844 -5.1761 80 200 120
13.8532 -7.7184 -5.2886 80 200 120
8.8994 -5.7600 -5.2153 80 200 120
12.2252 -8.1084 -5.2895 80 200 120
9.8011 -7.9241 -1.9979 80 200 120
10.5205 -3.0733 -2.0302 80 200 120
8.3208 -6.3540 -2.0108 80 200 120
8.1499 -3.2785 -2.7383 80 200 120
9.6123 -5.6649 -2.0390 80 200 120
8.2278 -3.3018 -3.3251 80 200 120
9.1561 -5.8954 -2.0149 80 200 120
8.9754 -8.0354 -3.6774 80 200 120
10.4586 -6.1307 -2.3697 80 200 120
8.0909 -3.3153 -2.2899 80 200 120
14.3584 -6.4349 -3.6058 80 200 120
14.7762 -5.8240 -3.2754 80 200 120
12.9146 -9.2938 -4.5524 80 200 120
13.7681 -7.7419 -4.0569 80 200 120
14.3768 -6.6924 -3.7174 80 200 120
13.8921 -7.5096 -3.9761 80 200 120
13.7326 -7.8261 -4.2004 80 200 120
15.1924 -4.8098 -5.2464 80 200 120
9.7749 -2.2256 -4.5389 80 200 120
14.6492 -4.3772 -5.2099 80 200 120
14.5000 -4.0578 -5.2061 80 200 120
7.6013 -4.3209 -3.1875 80 200 120
7.4844 -4.6756 -3.0407 80 200 120
7.3782 -4.9352 -2.7739 80 200 120
11.9735 -3.5034 -4.9193 80 200 120
10.7070 -6.2108 -2.0091 80 200 120
12.0348 -4.8565 -4.3244 80 200 120
7.2830 -5.5353 -2.0815 80 200 120
10.1160 -5.6267 -2.1367 80 200 120
11.1095 -2.8913 -2.0396 80 200 120
10.8474 -5.9385 -4.1994 80 200 120
12.3702 -5.9219 -4.8822 80 200 120
12.2997 -5.4503 -4.3229 80 200 120
10.9280 -6.3541 -4.0898 80 200 120
14.6249 -3.6737 -5.1222 80 200 120
9.6994 -2.6999 -4.4342 80 200 120
10.5917 -6.9456 -4.0926 80 200 120
11.1385 -7.2077 -4.6727 80 200 120
11.9912 -6.3715 -5.1460 80 200 120
11.1827 -7.0916 -4.7185 80 200 120
6.8625 -6.0993 -5.1879 80 200 120
15.3055 -1.0192 -5.1906 80 200 120
14.9637 -3.5860 -4.1890 80 200 120
14.1627 -6.8513 -5.1761 80 200 120
11.7935 -5.8332 -4.2298 80 200 120
14.2707 0.5591 -3.3003 80 200 120
17.0742 -1.1976 -2.1783 80 200 120
15.3426 -0.7538 -2.2555 80 200 120
15.8540 -0.9379 -2.2325 80 200 120
14.6972 0.1957 -3.0774 80 200 120
14.7448 -0.1715 -2.4200 80 200 120
15.5224 -4.0555 -2.1568 80 200 120
12.5615 -8.3064 -5.2037 80 200 120
13.5949 -7.9465 -5.2084 80 200 120
8.2906 -6.0724 -5.1377 80 200 120
12.9450 -6.7061 -5.2297 80 200 120
13.2284 -6.9598 -5.2363 80 200 120
8.2018 -6.6013 -5.1877 80 200 120
11.0313 -7.7429 -5.1447 80 200 120
8.4936 -5.9409 -4.4860 80 200 120
8.0523 -7.5087 -2.8828 80 200 120
6.8481 -5.9653 -5.2100 80 200 120
6.5751 -6.2037 -4.9331 80 200 120
6.9894 -6.2347 -5.3503 80 200 120
8.0630 -5.9717 -1.9971 80 200 120
10.1979 -3.5997 -1.8648 80 200 120
10.4808 -8.6427 -1.9873 80 200 120
10.7127 -6.2453 -2.0370 80 200 120
10.8223 -5.2425 -2.0666 80 200 120
7.8373 -7.2827 -5.1158 80 200 120
8.4609 -7.6931 -2.0607 80 200 120
13.0585 -8.5268 -2.0012 80 200 120
14.1369 -7.0516 -3.9331 80 200 120
13.9756 -5.1710 -2.0455 80 200 120
10.4408 1.1313 -2.5419 80 200 120
9.3320 -0.8960 -2.8022 80 200 120
9.4497 -0.9606 -2.4484 80 200 120
13.9050 -5.6599 -4.3121 80 200 120
10.2371 -1.8681 -5.2016 80 200 120
10.5363 -1.1606 -5.3808 80 200 120
14.2220 -2.4731 -5.0360 80 200 120
15.2807 -4.4818 -3.9111 80 200 120
14.0859 -5.1375 -1.9872 80 200 120
7.1930 -5.1535 -2.5379 80 200 120
7.8210 -5.2069 -2.0189 80 200 120
14.9940 -4.3004 -4.4254 80 200 120
9.9981 -1.7102 -4.7809 80 200 120
15.6674 -4.0207 -2.1195 80 200 120
7.2921 -4.6393 -2.3958 80 200 120
14.2909 -5.7875 -4.2647 80 200 120
14.0471 -5.8735 -4.4345 80 200 120
19.4303 0.0294 -1.9308 80 200 120
10.3101 0.0109 -5.1060 80 200 120
10.8892 -6.2254 -4.0974 80 200 120
11.5431 -5.8088 -4.2587 80 200 120
11.6648 -4.0911 -4.2665 80 200 120
11.8441 -4.9002 -4.3262 80 200 120
12.6101 0.5700 -3.3736 80 200 120
11.2037 1.5846 -2.2341 80 200 120
10.0486 -0.3806 -2.1941 80 200 120
14.8387 -4.0716 -5.3240 80 200 120
13.5043 -6.6825 -5.2996 80 200 120
15.1777 -2.4774 -5.3536 80 200 120
8.9167 -4.8314 -5.1668 80 200 120
11.2847 -6.7051 -5.2644 80 200 120
7.8427 -4.1981 -4.6838 80 200 120
11.5618 0.5734 -3.9665 80 200 120
11.3376 -6.6247 -4.1155 80 200 120
11.1196 -7.0448 -4.0591 80 200 120
17.6350 1.0641 -4.4811 80 200 120
14.3385 -2.7041 -5.1006 80 200 120
15.4141 -2.0701 -5.1664 80 200 120
14.9027 -3.8638 -4.2848 80 200 120
15.0389 -3.4664 -4.0394 80 200 120
12.6979 -5.2317 -4.9902 80 200 120
12.5086 -5.5681 -5.1982 80 200 120
11.3129 -6.4983 -4.1147 80 200 120
11.2853 -6.3020 -4.1368 80 200 120
13.0358 0.4040 -2.7509 80 200 120
10.8557 -3.1778 -5.2249 80 200 120
10.3578 -2.3082 -5.0501 80 200 120
12.5304 1.6861 -3.5153 80 200 120
11.3570 -5.9767 -4.2276 80 200 120
11.9210 -7.6539 -5.2630 80 200 120
13.4667 -7.8251 -5.2965 80 200 120
11.1572 -8.7985 -5.2255 80 200 120
12.7094 -8.9913 -5.2801 80 200 120
12.8640 -8.3927 -5.2642 80 200 120
13.1652 -8.7900 -5.2875 80 200 120
11.6562 -9.1839 -5.2103 80 200 120
10.8156 -8.4589 -5.1918 80 200 120
12.3889 -8.4470 -5.2134 80 200 120
11.1060 -7.0879 -4.7444 80 200 120
12.7036 -8.5529 -5.2267 80 200 120
7.5391 -5.4338 -2.0309 80 200 120
7.4415 -5.3027 -2.7744 80 200 120
7.8590 -4.0056 -4.1147 80 200 120
8.6841 -2.7430 -2.1356 80 200 120
12.6057 -9.9723 -2.0069 80 200 120
10.7332 -5.7019 -2.3998 80 200 120
13.3716 -8.5235 -2.2227 80 200 120
14.0630 -7.2572 -4.1693 80 200 120
14.4547 -5.2274 -2.0291 80 200 120
15.1822 -4.5594 -2.1892 80 200 120
9.2972 -0.9693 -2.9152 80 200 120
14.0902 -3.9328 -5.2189 80 200 120
10.7776 -0.0781 -5.1421 80 200 120
14.9174 -5.4334 -3.6739 80 200 120
14.2668 -5.7157 -2.0183 80 200 120
15.4469 -4.4603 -5.2675 80 200 120
7.3309 -5.2942 -3.0435 80 200 120
8.5557 0.6577 -3.9954 80 200 120
12.8964 -5.5084 -2.0216 80 200 120
14.7561 -5.8530 -3.4276 80 200 120
10.7530 -6.6892 -4.0605 80 200 120
8.6786 -3.4087 -5.1100 80 200 120
10.5671 -9.0246 -5.3207 80 200 120
9.8249 -2.5421 -2.3431 80 200 120
12.4723 -0.8332 -2.0283 80 200 120
13.7596 -6.0454 -5.3085 80 200 120
9.1711 -0.1614 -2.5974 80 200 120
12.9790 -0.1942 -2.8267 80 200 120
14.1117 -5.4149 -5.0712 80 200 120
7.4002 -4.6685 -3.6663 80 200 120
11.7441 -5.4374 -4.2045 80 200 120
16.4636 -1.0535 -4.8700 80 200 120
15.1681 -5.3188 -3.6869 80 200 120
11.0516 -7.3727 -4.8101 80 200 120
11.2706 -9.3086 -5.2457 80 200 120
15.9496 -0.7413 -2.1986 80 200 120
12.9699 -6.6784 -5.2488 80 200 120
12.3154 -9.0611 -5.2276 80 200 120
11.2409 -8.2939 -5.3353 80 200 120
9.4785 -8.3084 -5.2115 80 200 120
9.9233 -8.3763 -5.0483 80 200 120
11.2714 -9.1164 -5.2487 80 200 120
10.9484 -8.4225 -5.3260 80 200 120
10.3160 -8.5690 -5.2599 80 200 120
12.4626 -7.0631 -5.2531 80 200 120
11.9122 -6.4919 -5.2057 80 200 120
11.4122 -6.3434 -5.1388 80 200 120
10.3363 -7.0365 -4.5875 80 200 120
11.2722 -6.6865 -5.4339 80 200 120
7.6258 -7.2428 -5.1850 80 200 120
8.3028 -6.0834 -5.1575 80 200 120
6.4449 -6.2102 -4.9955 80 200 120
10.9136 -7.3389 -4.7808 80 200 120
7.7975 -6.9351 -5.1730 80 200 120
12.3086 -9.5732 -5.2558 80 200 120
8.7632 -7.6459 -5.2596 80 200 120
11.7260 -8.3206 -5.2748 80 200 120
11.4424 -4.2348 -1.9141 80 200 120
9.4998 -4.2863 -2.0355 80 200 120
10.7521 -8.6714 -1.9625 80 200 120
10.4360 -4.4693 -1.9428 80 200 120
10.0337 -3.0242 -1.9240 80 200 120
6.9056 -5.9543 -5.1867 80 200 120
11.8311 1.2643 -2.1998 80 200 120
11.8696 -5.1183 -4.1990 80 200 120
7.1853 -5.3003 -2.0997 80 200 120
11.5442 -4.2411 -4.3112 80 200 120
6.7468 -5.4830 -2.2566 80 200 120
14.4660 -5.3026 -2.0213 80 200 120
9.6274 -2.5048 -4.5770 80 200 120
13.9664 -5.9626 -4.3908 80 200 120
13.0479 -3.1996 -4.0014 80 200 120
14.6789 -6.1279 -2.4116 80 200 120
14.6653 -4.9761 -4.1875 80 200 120
11.9581 -5.2430 -4.2210 80 200 120
11.1577 -6.9327 -5.2690 80 200 120
6.5035 -6.6381 -3.0777 80 200 120
9.0814 -8.0724 -5.1845 80 200 120
9.8686 -8.3640 -5.0999 80 200 120
10.7804 -7.3331 -4.9794 80 200 120
7.8663 -7.4341 -5.1625 80 200 120
10.6431 -6.8472 -4.0877 80 200 120
7.4819 -4.6781 -2.9887 80 200 120
9.1000 -3.6765 -2.1948 80 200 120
7.1554 -5.2392 -3.0419 80 200 120
12.8433 -5.3109 -5.0857 80 200 120
12.6976 -5.5071 -5.2900 80 200 120
9.3331 -8.1941 -5.1811 80 200 120
7.9528 -3.1499 -5.2480 80 200 120
9.1681 -3.8995 -3.2271 80 200 120
12.3020 2.6229 -1.9227 80 200 120
8.8252 -7.9267 -5.1644 80 200 120
12.4166 -5.8222 -5.2613 80 200 120
11.0721 -7.1046 -5.3009 80 200 120
15.0787 -2.4769 -5.2779 80 200 120
10.4936 2.4965 -4.4158 80 200 120
11.1169 -7.0256 -4.0786 80 200 120
13.7638 0.7855 -2.2253 80 200 120
10.1484 1.5854 -3.0084 80 200 120
8.0387 -5.7804 -4.7839 80 200 120
6.4467 -6.3666 -3.8973 80 200 120
15.3118 1.4876 -3.5394 80 200 120
8.0434 -3.3417 -2.2843 80 200 120
12.5034 -3.8250 -4.1174 80 200 120
14.0294 -5.5805 -4.4933 80 200 120
11.2034 -2.5387 -4.1594 80 200 120
14.7504 -4.1839 -5.1927 80 200 120
15.6318 -0.2203 -2.2113 80 200 120
11.6210 -8.3224 -5.2411 80 200 120
15.0507 -4.2632 -4.4543 80 200 120
13.3517 1.6691 -2.5596 80 200 120
11.3453 -8.7719 -5.2148 80 200 120
17.1664 -2.0648 -2.3376 80 200 120
12.5857 -9.1518 -5.2370 80 200 120
12.1938 -7.8681 -5.2611 80 200 120
11.4434 -9.2752 -5.1364 80 200 120
11.0956 -6.8648 -5.6904 80 200 120
13.9898 -3.7079 -5.2403 80 200 120
11.5871 -0.4965 -3.9016 80 200 120
12.8300 -7.7261 -5.1897 80 200 120
12.1712 -9.7074 -5.1469 80 200 120
13.6946 -7.7264 -5.1465 80 200 120
9.0934 -7.3821 -5.2796 80 200 120
9.7654 -7.1568 -5.2590 80 200 120
12.6061 -7.5352 -5.2796 80 200 120
10.2986 -7.6766 -5.1919 80 200 120
11.7782 -7.4757 -5.1817 80 200 120
11.4515 -7.6770 -5.2326 80 200 120
9.8679 -7.7372 -5.2329 80 200 120
9.7613 -8.4203 -4.8193 80 200 120
12.4797 -7.9285 -5.2456 80 200 120
7.9329 -7.5516 -4.9920 80 200 120
9.9978 -6.7803 -4.7213 80 200 120
12.0407 -8.9545 -5.2129 80 200 120
10.2175 -7.3573 -5.2136 80 200 120
12.9525 -6.8898 -5.2932 80 200 120
12.0212 -9.1975 -5.1963 80 200 120
9.2028 -7.9140 -5.2354 80 200 120
8.9779 -7.8406 -2.0646 80 200 120
6.4755 -6.3271 -3.9243 80 200 120
9.4259 -7.1804 -2.0168 80 200 120
6.9092 -5.8012 -3.2651 80 200 120
6.6335 -6.6956 -5.0895 80 200 120
8.7246 -5.6555 -2.1271 80 200 120
7.9079 -7.5517 -5.0366 80 200 120
7.1053 -6.9832 -5.1457 80 200 120
7.8554 -7.3631 -5.1180 80 200 120
12.4497 -9.7706 -2.0226 80 200 120
12.9231 -9.1507 -1.9751 80 200 120
14.2513 -7.0235 -4.4032 80 200 120
13.1223 -9.1162 -5.2343 80 200 120
10.3531 -0.3686 -2.1387 80 200 120
14.1810 -0.6969 -2.2582 80 200 120
11.3662 -3.5316 -4.0927 80 200 120
11.5772 -3.8501 -4.0447 80 200 120
14.5106 -3.9902 -5.2042 80 200 120
13.8553 -6.2114 -4.2661 80 200 120
10.4799 -6.1990 -2.7489 80 200 120
9.4080 -4.5324 -2.1728 80 200 120
10.7805 -6.1709 -2.0313 80 200 120
9.7621 -5.6691 -2.0901 80 200 120
10.1985 -4.3903 -2.4395 80 200 120
11.2342 -1.2311 -4.7995 80 200 120
7.7181 -5.2006 -2.0117 80 200 120
16.2519 -3.7697 -3.2185 80 200 120
14.0803 -3.8909 -5.2193 80 200 120
12.3459 -5.0797 -2.0409 80 200 120
9.8967 -6.6303 -2.0737 80 200 120
7.2140 -5.7309 -2.0916 80 200 120
12.0044 -5.2288 -4.1858 80 200 120
12.1987 -4.3499 -4.1516 80 200 120
10.5298 -0.1689 -2.2806 80 200 120
12.9201 -6.0178 -5.2294 80 200 120
10.9386 -6.4159 -4.0690 80 200 120
11.0053 -7.2560 -5.2410 80 200 120
15.1138 -4.1807 -5.4536 80 200 120
13.8712 -5.6777 -5.2260 80 200 120
9.4712 -1.1570 -2.1250 80 200 120
9.4823 -4.4077 -2.1142 80 200 120
13.2530 -5.1701 -5.3072 80 200 120
6.5145 -6.3206 -2.3180 80 200 120
11.3184 2.2146 -2.8859 80 200 120
7.3371 -5.2642 -2.1205 80 200 120
9.5724 -1.5977 -3.5571 80 200 120
6.5894 -6.6597 -2.1129 80 200 120
7.2934 -5.3157 -2.5680 80 200 120
12.2609 -5.4038 -4.2475 80 200 120
8.4748 -3.3623 -2.2348 80 200 120
14.1408 -1.6308 -4.1199 80 200 120
11.8681 -5.1904 -4.1771 80 200 120
11.6945 -3.9759 -4.0942 80 200 120
11.7863 -4.1507 -4.1283 80 200 120
11.7777 -4.1902 -4.1356 80 200 120
11.6941 -3.9825 -4.1044 80 200 120
11.7682 -3.9078 -4.0946 80 200 120
11.7704 -4.1581 -4.1286 80 200 120
11.7960 -3.7206 -4.0580 80 200 120
11.7655 -3.9756 -4.0908 80 200 120
11.5794 -4.2116 -4.2675 80 200 120
14.3122 -0.0742 -2.2334 80 200 120
12.0455 -9.5499 -5.1262 80 200 120
11.2229 -6.8815 -5.2156 80 200 120
13.8876 -7.5253 -3.9778 80 200 120
13.6367 -6.7601 -4.8183 80 200 120
11.9825 -8.5047 -5.2248 80 200 120
12.2838 -6.1123 -5.2490 80 200 120
12.5155 -6.8172 -5.2413 80 200 120
10.6379 -8.8825 -5.1849 80 200 120
11.8279 -6.3850 -5.2709 80 200 120
15.1258 -1.3353 -4.5023 80 200 120
12.5591 -7.6251 -5.2568 80 200 120
12.5324 -9.8625 -5.1838 80 200 120
11.2364 -9.2555 -5.2375 80 200 120
12.4303 0.3317 -3.6050 80 200 120
14.0383 -7.1522 -4.3132 80 200 120
12.2630 -8.2853 -5.2402 80 200 120
15.3162 -0.8876 -5.1035 80 200 120
9.2638 -8.1329 -5.2164 80 200 120
11.3437 -6.6529 -5.1997 80 200 120
13.5791 -8.2834 -5.2496 80 200 120
10.2785 -7.5501 -5.2478 80 200 120
11.2571 -6.8537 -5.1480 80 200 120
9.5987 -7.3689 -5.2745 80 200 120
9.1919 -6.9699 -5.2228 80 200 120
9.4418 -6.7667 -5.2367 80 200 120
12.0663 -7.6659 -5.2035 80 200 120
9.1036 -7.1621 -5.2572 80 200 120
11.1563 -7.0040 -4.8065 80 200 120
12.8589 -7.3280 -5.2276 80 200 120
9.8023 -8.4006 -5.1635 80 200 120
9.5067 -7.9747 -5.2459 80 200 120
12.9689 -7.1540 -5.2308 80 200 120
10.7690 -8.9339 -4.0042 80 200 120
9.1504 -6.7464 -5.2050 80 200 120
11.8226 -7.9942 -5.2128 80 200 120
13.2036 -9.0315 -5.2039 80 200 120
7.5916 -5.0814 -2.0158 80 200 120
11.6432 -4.2968 -2.0142 80 200 120
8.5632 -3.0758 -3.5628 80 200 120
7.4382 -6.3287 -5.2119 80 200 120
10.8250 -5.9887 -2.1209 80 200 120
10.7759 -6.0653 -2.4602 80 200 120
9.6937 -8.4328 -3.3227 80 200 120
10.6004 -2.9305 -2.1178 80 200 120
10.4215 -4.4040 -2.3355 80 200 120
11.9553 -9.6679 -2.1525 80 200 120
11.2135 -5.6592 -1.9367 80 200 120
10.5276 -8.0751 -2.0172 80 200 120
11.5924 -5.4730 -2.0415 80 200 120
8.4159 -7.0416 -2.0212 80 200 120
8.9837 -8.0424 -3.6778 80 200 120
11.3245 -5.0493 -1.9981 80 200 120
6.9316 -5.7052 -4.8296 80 200 120
12.3061 -9.2757 -1.9971 80 200 120
13.2008 -8.7791 -2.0551 80 200 120
13.1815 -5.8758 -2.0688 80 200 120
14.6685 -5.9231 -3.4214 80 200 120
14.4873 -5.2445 -2.0116 80 200 120
10.5352 1.3090 -2.7366 80 200 120
11.0483 2.3788 -2.8769 80 200 120
12.1032 -5.3170 -4.1478 80 200 120
9.0477 -1.0223 -2.8753 80 200 120
12.7126 -4.8308 -1.9908 80 200 120
7.9947 -2.9257 -3.3433 80 200 120
14.4603 -4.4633 -5.0826 80 200 120
12.8751 -5.1829 -5.1770 80 200 120
14.0494 -5.1677 -2.0196 80 200 120
10.4510 -6.1799 -2.3411 80 200 120
14.2550 -5.7278 -2.0229 80 200 120
11.5549 -3.9415 -2.0586 80 200 120
10.7546 -5.9019 -2.4839 80 200 120
10.7948 -5.2398 -2.1000 80 200 120
8.5718 -5.5150 -2.0463 80 200 120
12.6274 -5.4444 -4.6407 80 200 120
7.5168 -4.7098 -3.4423 80 200 120
7.5937 -4.7484 -3.0513 80 200 120
7.1728 -5.1911 -3.0235 80 200 120
14.4334 -5.2698 -1.9768 80 200 120
12.3960 -3.1898 -2.0102 80 200 120
10.8584 -6.1479 -4.0309 80 200 120
10.8419 -7.3069 -5.4015 80 200 120
10.7724 -6.7087 -4.0329 80 200 120
14.4598 -4.0770 -5.2316 80 200 120
14.8312 -3.4016 -5.1714 80 200 120
7.2214 -5.2376 -3.7306 80 200 120
12.1781 -6.1287 -5.1767 80 200 120
6.5899 -6.3566 -4.2825 80 200 120
6.4004 -6.5020 -3.4340 80 200 120
12.3922 -5.4835 -4.1660 80 200 120
7.5285 -5.0427 -2.7686 80 200 120
7.7620 -4.3482 -2.5839 80 200 120
10.7589 1.5430 -3.6544 80 200 120
14.1005 -3.7295 -4.8882 80 200 120
12.1558 1.3932 -2.2057 80 200 120
12.9590 1.8946 -2.2976 80 200 120
14.9554 0.7025 -3.5295 80 200 120
8.6824 -7.3792 -5.2329 80 200 120
14.5079 0.9010 -3.1500 80 200 120
13.0531 -5.6835 -5.2938 80 200 120
9.6923 -8.1977 -5.2654 80 200 120
7.1411 -5.4906 -2.2282 80 200 120
10.1092 -8.5480 -5.1388 80 200 120
9.1608 -7.5994 -5.2401 80 200 120
13.7809 -4.1411 -5.2097 80 200 120
13.3332 0.3530 -2.3723 80 200 120
11.7475 -6.4019 -4.9380 80 200 120
11.7180 -6.4044 -5.2344 80 200 120
11.3029 -6.6955 -4.0829 80 200 120
8.5566 -7.8623 -5.2167 80 200 120
10.0153 -3.1164 -2.2340 80 200 120
8.7903 -3.3869 -3.6008 80 200 120
7.7576 -4.6888 -2.1178 80 200 120
8.0392 -3.9040 -2.0600 80 200 120
7.6319 -4.8235 -2.5637 80 200 120
12.5629 -6.0688 -5.2527 80 200 120
11.8593 -4.6724 -4.1877 80 200 120
11.8350 -5.2370 -4.1816 80 200 120
11.7578 -5.3320 -4.1927 80 200 120
11.8188 -5.2732 -4.1869 80 200 120
11.7760 -4.3023 -4.1490 80 200 120
11.8151 -4.1661 -4.1362 80 200 120
11.8102 -4.0883 -4.1310 80 200 120
11.8694 -4.8506 -4.1682 80 200 120
11.8250 -4.4831 -4.1634 80 200 120
11.8465 -4.4280 -4.1547 80 200 120
11.8686 -3.8468 -4.0559 80 200 120
11.7649 -5.3615 -4.1959 80 200 120
11.8704 -4.2119 -4.1129 80 200 120
12.0770 -5.1720 -4.1899 80 200 120
14.9821 -4.0635 -4.1562 80 200 120
15.1740 -3.6379 -4.0117 80 200 120
13.8194 -6.8198 -5.2712 80 200 120
11.3698 -6.3484 -5.2542 80 200 120
10.8313 -9.0931 -5.2457 80 200 120
12.9108 -7.7728 -5.2408 80 200 120
14.7194 -5.8889 -3.4128 80 200 120
12.1983 -9.1558 -5.2195 80 200 120
11.8018 -9.1789 -5.2583 80 200 120
10.9335 -7.3531 -5.2657 80 200 120
14.8082 -1.0239 -3.1451 80 200 120
15.8535 -0.4307 -3.2102 80 200 120
10.9162 -7.3490 -4.7319 80 200 120
11.2997 -6.7047 -5.2592 80 200 120
12.6207 -8.0046 -5.2446 80 200 120
14.3290 0.8963 -2.5454 80 200 120
11.7156 -6.3732 -4.9293 80 200 120
15.9531 -1.6601 -2.2651 80 200 120
10.7105 -7.3017 -5.5239 80 200 120
13.5318 -8.5286 -5.0778 80 200 120
9.4660 -7.7796 -5.2298 80 200 120
9.9091 -6.8126 -5.5554 80 200 120
6.6237 -6.7453 -5.1821 80 200 120
13.5337 -7.8134 -5.3134 80 200 120
9.4248 -6.9781 -5.2640 80 200 120
12.6226 -9.8018 -3.7689 80 200 120
11.3284 -8.6686 -5.2329 80 200 120
12.9534 -9.2162 -4.8850 80 200 120
10.3036 -7.9668 -5.2501 80 200 120
11.7384 -7.0323 -5.1226 80 200 120
11.5043 -9.3661 -5.1939 80 200 120
12.1510 -8.5091 -5.2182 80 200 120
8.4076 -6.8416 -5.2037 80 200 120
7.7312 -6.9029 -5.2177 80 200 120
10.6536 -8.2985 -5.1771 80 200 120
11.0739 -7.0432 -5.4180 80 200 120
9.7194 -6.6917 -5.3085 80 200 120
13.5389 -7.5331 -5.2725 80 200 120
10.6634 -7.7680 -5.2930 80 200 120
12.4977 -10.0022 -4.0476 80 200 120
13.2597 -8.0568 -5.2595 80 200 120
11.8333 -9.1649 -5.2255 80 200 120
10.4530 -7.2485 -5.2847 80 200 120
11.0996 -7.0657 -4.8333 80 200 120
7.1883 -4.8428 -2.3855 80 200 120
11.4089 -3.7414 -2.0540 80 200 120
8.6559 -7.1398 -5.1898 80 200 120
8.2893 -7.6390 -5.1735 80 200 120
8.6012 -7.8369 -5.1960 80 200 120
12.5416 -9.8496 -2.0805 80 200 120
10.6044 -5.0785 -2.4231 80 200 120
9.9671 -8.5862 -2.2525 80 200 120
8.0731 -6.3965 -5.2614 80 200 120
12.2678 -9.1453 -1.9927 80 200 120
10.6084 -6.5737 -1.8969 80 200 120
11.5928 -8.4361 -1.9763 80 200 120
11.1256 -3.5213 -2.0451 80 200 120
8.6534 -4.6455 -1.9983 80 200 120
9.0628 -8.0775 -4.5708 80 200 120
11.0474 -5.5023 -2.0558 80 200 120
11.3374 -4.4005 -2.0283 80 200 120
10.0289 -2.6856 -2.0466 80 200 120
12.7435 -9.1490 -1.9441 80 200 120
13.1877 -9.0744 -2.0821 80 200 120
13.7960 -6.8306 -4.3780 80 200 120
14.3591 -5.6547 -1.9714 80 200 120
14.1278 -5.0268 -1.9180 80 200 120
13.9098 -7.5019 -4.0611 80 200 120
15.5077 -4.3468 -2.1493 80 200 120
14.2511 -7.0016 -4.6962 80 200 120
10.2196 0.4233 -2.0513 80 200 120
12.0424 0.9752 -2.2137 80 200 120
14.6728 1.2300 -3.2248 80 200 120
6.7215 -6.3736 -2.4277 80 200 120
7.2021 -5.3107 -3.4068 80 200 120
7.2225 -7.0211 -2.1107 80 200 120
13.5664 -5.0262 -2.0218 80 200 120
10.1876 -3.0847 -2.0367 80 200 120
10.6289 -5.4171 -2.5773 80 200 120
7.1046 -6.4235 -2.0720 80 200 120
13.2145 -5.8474 -1.9921 80 200 120
11.8812 -4.4374 -2.0144 80 200 120
12.4747 -4.1749 -2.0048 80 200 120
7.1724 -5.6518 -2.9529 80 200 120
14.8925 -3.9638 -1.9654 80 200 120
15.5273 -3.0346 -2.0390 80 200 120
13.1434 -8.3521 -2.0775 80 200 120
15.0178 -2.7480 -1.9749 80 200 120
17.1168 -2.6101 -2.0389 80 200 120
11.4476 -6.2235 -4.2375 80 200 120
11.2191 -6.8572 -5.2490 80 200 120
7.7572 -5.2329 -1.9970 80 200 120
8.1034 -7.1781 -5.2655 80 200 120
11.6107 -6.3318 -4.9874 80 200 120
8.7947 -8.0035 -5.2067 80 200 120
9.3826 -7.9363 -5.2738 80 200 120
12.7351 -6.4241 -5.2787 80 200 120
11.1969 -6.8731 -4.0845 80 200 120
9.3634 -7.7496 -5.2505 80 200 120
11.5764 -6.3244 -5.2412 80 200 120
10.8441 -7.3397 -4.8147 80 200 120
9.0876 -8.0885 -5.2011 80 200 120
10.4896 -2.3422 -1.9757 80 200 120
9.7944 -8.3484 -5.2678 80 200 120
9.6814 -7.2458 -5.2508 80 200 120
11.8137 -4.6318 -4.2088 80 200 120
11.9296 -4.1013 -4.1077 80 200 120
11.8731 -3.9466 -4.0610 80 200 120
11.8344 -5.2978 -4.2024 80 200 120
12.0732 -5.5853 -4.1916 80 200 120
12.1671 -5.2219 -4.1474 80 200 120
11.6945 -5.3030 -4.2181 80 200 120
12.1900 -5.3311 -4.1380 80 200 120
12.1002 -9.6543 -5.2230 80 200 120
11.8308 -8.8723 -5.2257 80 200 120
13.3343 -6.7462 -4.5131 80 200 120
14.3859 -6.9730 -4.7046 80 200 120
11.3857 -6.2552 -4.4576 80 200 120
11.4072 -6.1004 -4.2273 80 200 120
13.3805 -6.0211 -5.2575 80 200 120
12.7266 -6.3698 -5.2497 80 200 120
13.7413 -6.1651 -4.7351 80 200 120
12.9007 -5.9931 -5.2954 80 200 120
15.0523 0.8594 -1.9745 80 200 120
12.6618 -9.8317 -5.2051 80 200 120
15.9450 -4.0075 -3.2193 80 200 120
16.4470 -3.2084 -2.2751 80 200 120
11.4808 -8.6545 -5.2564 80 200 120
13.1340 -7.2924 -5.2276 80 200 120
11.3486 -9.3056 -5.1643 80 200 120
9.7443 -6.9700 -5.2413 80 200 120
11.4304 -8.0758 -5.3817 80 200 120
12.6414 -9.7976 -5.1898 80 200 120
10.7355 -7.6252 -5.2469 80 200 120
9.7327 -6.6035 -5.6158 80 200 120
10.4217 -7.0757 -6.6087 80 200 120
10.2932 -8.0696 -1.9970 80 200 120
9.6735 -8.3768 -2.6064 80 200 120
8.5077 -6.2196 -5.1394 80 200 120
7.6678 -7.2576 -5.1552 80 200 120
10.2239 -8.6927 -2.8423 80 200 120
10.5541 -2.6443 -2.0533 80 200 120
7.1052 -6.0707 -5.1561 80 200 120
8.5945 -7.6354 -5.2887 80 200 120
7.4622 -5.8940 -1.9542 80 200 120
6.9517 -5.0847 -3.5527 80 200 120
8.3878 -7.3827 -5.2800 80 200 120
9.1655 -8.1674 -4.2619 80 200 120
8.7283 -7.9320 -4.4493 80 200 120
8.0618 -6.8795 -5.2524 80 200 120
7.7132 -6.3779 -1.9333 80 200 120
14.2158 -6.8196 -2.1908 80 200 120
13.0372 -8.9182 -2.7382 80 200 120
11.8565 -9.0063 -2.0167 80 200 120
12.8045 -8.3376 -1.9818 80 200 120
14.0506 -7.2937 -2.4502 80 200 120
12.8610 -9.4234 -5.2241 80 200 120
13.3199 -8.5132 -5.2014 80 200 120
13.3939 -8.3741 -5.2273 80 200 120
13.1556 -8.7655 -5.2059 80 200 120
16.1003 -1.1390 -2.1170 80 200 120
12.1327 -5.3522 -4.1145 80 200 120
13.9325 -5.6048 -5.1837 80 200 120
14.7298 -4.9706 -5.1006 80 200 120
13.9298 -5.7376 -4.3044 80 200 120
13.6621 -6.3524 -4.3398 80 200 120
14.8238 -4.4274 -5.2339 80 200 120
10.6877 -5.9201 -3.0831 80 200 120
13.4364 -3.5871 -2.0642 80 200 120
11.4591 -3.1639 -2.1022 80 200 120
10.4274 -3.9988 -1.9949 80 200 120
14.0454 -6.9913 -2.0833 80 200 120
13.6720 -6.1453 -4.3434 80 200 120
15.6058 -4.0748 -2.0879 80 200 120
14.5562 -6.2858 -3.1260 80 200 120
11.2867 -5.0455 -1.9932 80 200 120
11.4190 -4.5908 -2.0169 80 200 120
12.9896 -8.5561 -1.9898 80 200 120
11.0769 -3.9537 -2.0738 80 200 120
9.9592 -6.6647 -2.1725 80 200 120
8.8617 -6.3794 -1.9887 80 200 120
14.1129 -7.1103 -4.0269 80 200 120
14.5160 -5.0949 -4.5405 80 200 120
14.4662 -6.2569 -2.0941 80 200 120
12.6407 -6.4442 -2.0122 80 200 120
7.5193 -5.9328 -1.9336 80 200 120
12.7331 -9.0432 -1.9876 80 200 120
15.4499 -4.7374 -2.3158 80 200 120
13.6359 -6.2981 -4.8946 80 200 120
13.7966 -7.6080 -2.7190 80 200 120
14.0445 -7.0690 -4.3965 80 200 120
11.3671 -6.4773 -5.3071 80 200 120
7.3338 -7.0337 -4.1913 80 200 120
10.0308 -7.4377 -5.2114 80 200 120
10.1660 -8.2201 -5.2094 80 200 120
9.2419 -8.2430 -5.2332 80 200 120
10.2723 -7.5416 -5.2272 80 200 120
7.5513 -7.5145 -3.9713 80 200 120
6.4150 -6.3501 -3.8878 80 200 120
10.6206 -8.0924 -5.1934 80 200 120
9.7563 -8.4144 -4.8453 80 200 120
12.3584 -6.1890 -5.2502 80 200 120
7.4863 -7.1241 -4.5422 80 200 120
10.1767 -7.9312 -5.2181 80 200 120
10.7479 -7.9965 -5.2476 80 200 120
6.9653 -6.9723 -2.8966 80 200 120
12.1979 -6.7380 -5.2268 80 200 120
13.7227 -6.1963 -4.2363 80 200 120
13.2754 -6.5596 -5.2160 80 200 120
13.1950 -8.6978 -5.2124 80 200 120
14.1087 -2.9482 -5.0850 80 200 120
11.4901 -6.3222 -5.1873 80 200 120
11.9377 -8.7223 -5.2189 80 200 120
11.6435 -9.0191 -5.2344 80 200 120
11.7772 -9.1434 -5.2167 80 200 120
13.7387 -5.1363 -5.2951 80 200 120
15.3625 -4.4749 -2.1492 80 200 120
12.4591 -7.0816 -5.2686 80 200 120
12.0610 -7.3378 -5.2056 80 200 120
14.6939 -6.1234 -2.4157 80 200 120
12.2388 -8.0387 -5.2778 80 200 120
14.0359 -7.1885 -3.9819 80 200 120
12.4580 -7.7642 -5.2849 80 200 120
13.9178 -7.5052 -4.0534 80 200 120
13.6077 -8.0284 -5.2305 80 200 120
8.8838 -6.8049 -5.2025 80 200 120
12.5277 -7.6439 -5.2331 80 200 120
10.6214 -8.1315 -5.2229 80 200 120
10.2651 -7.8085 -5.2088 80 200 120
9.3014 -8.2054 -4.7201 80 200 120
12.7046 -7.7533 -5.1981 80 200 120
11.6290 -8.8308 -5.2188 80 200 120
11.7397 -8.1127 -5.2992 80 200 120
7.8446 -6.4721 -5.2548 80 200 120
10.7310 -8.9226 -5.2528 80 200 120
10.2822 -7.1383 -5.1769 80 200 120
13.3545 -8.1356 -5.2957 80 200 120
7.5516 -5.6781 -5.0852 80 200 120
11.6178 -4.5594 -2.0002 80 200 120
9.2031 -7.6087 -2.0137 80 200 120
11.7118 -9.4837 -2.1087 80 200 120
8.5220 -6.6541 -1.9382 80 200 120
10.4124 -8.7656 -2.7674 80 200 120
8.9892 -8.0625 -4.0955 80 200 120
10.4877 -6.6989 -2.2240 80 200 120
11.1791 -8.6238 -1.9922 80 200 120
11.7247 -6.1695 -2.0050 80 200 120
11.3979 -5.4011 -2.0474 80 200 120
12.4830 -9.8221 -2.1386 80 200 120
13.2520 -8.8050 -2.0064 80 200 120
12.6627 -8.9878 -2.0675 80 200 120
13.0904 -8.4725 -1.9647 80 200 120
12.7916 -9.5120 -2.0277 80 200 120
12.2774 -8.0411 -2.0448 80 200 120
9.2614 -8.2280 -4.6962 80 200 120
12.5032 -8.1470 -2.0451 80 200 120
13.1094 -9.0371 -1.9937 80 200 120
9.9513 -7.1568 -2.0361 80 200 120
15.3546 -2.6747 -2.0722 80 200 120
13.7932 -7.5018 -2.2273 80 200 120
12.0767 -9.1382 -1.9324 80 200 120
13.3566 -8.2506 -2.1085 80 200 120
12.8134 -9.6823 -5.2279 80 200 120
13.9891 -5.1890 -2.0371 80 200 120
12.6664 -9.8681 -5.2075 80 200 120
14.5064 -5.2251 -1.9892 80 200 120
15.5379 -4.1722 -2.1815 80 200 120
15.9686 -1.8512 -3.4047 80 200 120
12.4198 -2.6861 -2.7191 80 200 120
12.8548 -5.8605 -1.9701 80 200 120
12.7767 -9.5471 -1.9960 80 200 120
14.2140 -2.9977 -1.9297 80 200 120
13.1710 -5.9599 -5.2663 80 200 120
12.0217 -4.7996 -1.9709 80 200 120
13.1245 -2.5262 -2.4047 80 200 120
14.1866 -3.7446 -5.2802 80 200 120
13.1172 -9.0393 -1.9592 80 200 120
13.7703 -7.5443 -2.9613 80 200 120
13.9065 -6.0851 -4.1049 80 200 120
13.6142 -7.9434 -3.1425 80 200 120
14.8174 -5.6438 -2.0273 80 200 120
13.1195 -3.5483 -2.3562 80 200 120
11.0351 -5.3784 -2.0969 80 200 120
9.4995 -7.0869 -1.9432 80 200 120
14.0379 -2.7252 -2.3636 80 200 120
13.6302 -6.3027 -2.0339 80 200 120
11.2139 -8.4536 -2.0788 80 200 120
11.9190 -6.2831 -4.2222 80 200 120
13.8059 -6.7715 -4.2867 80 200 120
11.5400 -8.3380 -2.1948 80 200 120
13.1668 -5.3443 -5.2439 80 200 120
13.3152 -8.7206 -2.1656 80 200 120
14.2113 -7.0014 -2.4285 80 200 120
13.5847 -6.8813 -1.9340 80 200 120
14.2665 -5.5662 -4.0320 80 200 120
14.0514 -6.8982 -4.2384 80 200 120
10.9434 -6.7853 -2.2991 80 200 120
13.6972 -4.6407 -2.1760 80 200 120
14.5095 -5.8523 -2.9859 80 200 120
13.6060 -6.6249 -4.3916 80 200 120
12.2108 -3.8960 -1.9063 80 200 120
13.4661 -6.6216 -1.9862 80 200 120
12.1452 -4.4484 -3.0839 80 200 120
13.8945 -6.8603 -4.4659 80 200 120
12.1422 -5.6052 -2.0537 80 200 120
9.7904 -6.2818 -2.1285 80 200 120
11.4556 -6.2144 -4.2551 80 200 120
10.2489 -8.5443 -5.2628 80 200 120
9.0097 -7.3698 -5.2908 80 200 120
11.6021 -6.3450 -4.9092 80 200 120
8.0122 -7.1658 -5.2466 80 200 120
11.1461 -6.9964 -4.5621 80 200 120
11.2973 -6.7210 -4.6641 80 200 120
6.1702 -6.2655 -4.2716 80 200 120
9.4393 -7.3551 -5.2762 80 200 120
8.3673 -6.8314 -5.2054 80 200 120
9.8454 -7.8519 -5.2434 80 200 120
8.6941 -7.8301 -4.5975 80 200 120
8.7559 -8.0929 -4.2636 80 200 120
9.0609 -8.0782 -4.5643 80 200 120
11.4426 -6.9283 -5.2297 80 200 120
9.5332 -8.3367 -5.1934 80 200 120
11.5875 -6.3769 -5.1997 80 200 120
9.3573 -7.0636 -5.2624 80 200 120
6.2509 -6.2132 -2.0874 80 200 120
13.8365 -5.0217 -5.3447 80 200 120
12.3889 -6.4012 -5.2432 80 200 120
10.1042 -7.3081 -5.2085 80 200 120
14.8549 0.0364 -2.4137 80 200 120
14.2207 -7.3500 -4.4134 80 200 120
12.3596 -8.4915 -5.2283 80 200 120
12.3332 -6.4771 -5.2398 80 200 120
16.6746 -0.6984 -2.0714 80 200 120
11.4153 -8.8833 -5.2011 80 200 120
15.5244 -2.7349 -2.0495 80 200 120
13.0761 -6.8353 -5.2957 80 200 120
13.4498 -6.7088 -5.2323 80 200 120
12.8142 -9.5650 -5.2259 80 200 120
11.3215 -8.7938 -5.2273 80 200 120
14.4073 -6.3266 -3.1855 80 200 120
12.9009 -7.3409 -5.2609 80 200 120
12.2028 -8.5334 -5.2468 80 200 120
12.9384 -7.6083 -5.2520 80 200 120
12.7197 -9.6959 -4.4273 80 200 120
12.4304 -6.7350 -5.2626 80 200 120
11.7452 -8.3366 -5.2726 80 200 120
11.2932 -6.7079 -4.6863 80 200 120
8.2938 -7.6590 -5.2374 80 200 120
10.6764 -8.2829 -5.1662 80 200 120
10.9378 -8.3381 -5.2455 80 200 120
9.8051 -8.2913 -5.2642 80 200 120
13.2353 -7.9177 -5.2514 80 200 120
12.4613 -8.1745 -5.2321 80 200 120
12.8944 -9.0981 -4.7389 80 200 120
11.9863 -8.1605 -5.2124 80 200 120
10.4517 -7.9813 -5.2238 80 200 120
12.4956 -9.9509 -5.1603 80 200 120
12.1566 -9.6816 -5.1679 80 200 120
11.6602 -8.6343 -5.2315 80 200 120
12.3624 -8.0372 -5.2539 80 200 120
13.2382 -8.9533 -4.9021 80 200 120
12.3435 -8.5838 -5.2049 80 200 120
9.1993 -6.9982 -5.2252 80 200 120
10.6837 -6.2395 -2.0762 80 200 120
9.0412 -8.0974 -5.1819 80 200 120
8.3898 -5.8520 -4.3745 80 200 120
7.2382 -5.7900 -5.3114 80 200 120
11.5991 -3.8294 -1.9527 80 200 120
11.8177 -7.5242 -1.9784 80 200 120
10.8514 -9.0080 -2.7560 80 200 120
12.9043 -8.2273 -1.9512 80 200 120
12.2664 -5.3421 -2.0237 80 200 120
8.1815 -7.5102 -4.6234 80 200 120
11.1885 -9.2353 -2.4432 80 200 120
9.1712 -8.2701 -5.2542 80 200 120
9.1008 -7.1492 -5.2455 80 200 120
8.8313 -7.9931 -5.1791 80 200 120
7.8488 -5.5679 -3.8691 80 200 120
11.4454 -9.0603 -1.9682 80 200 120
10.6639 -6.9835 -2.4816 80 200 120
8.4852 -6.0854 -4.6507 80 200 120
8.2941 -7.6576 -5.2176 80 200 120
9.3197 -8.3912 -5.2423 80 200 120
9.8604 -8.5117 -2.5303 80 200 120
10.5682 -8.9333 -2.2486 80 200 120
12.3062 -6.1640 -2.0601 80 200 120
10.1535 -7.9601 -2.1422 80 200 120
12.1456 -9.5598 -1.9937 80 200 120
12.3945 -4.9898 -1.9715 80 200 120
15.4861 -4.3841 -3.3405 80 200 120
13.1455 -8.8345 -5.2004 80 200 120
13.5215 -8.2321 -5.2018 80 200 120
12.0873 -4.7702 -1.9690 80 200 120
12.1072 -4.3892 -3.6488 80 200 120
11.5093 -5.8268 -4.1126 80 200 120
14.2837 -7.1278 -4.7086 80 200 120
14.8100 -5.8209 -3.8325 80 200 120
12.3642 -6.0487 -1.9506 80 200 120
12.6973 -7.9401 -2.1712 80 200 120
10.5203 -6.4971 -3.0023 80 200 120
11.9528 -3.1899 -1.8774 80 200 120
13.2377 -4.5955 -2.0765 80 200 120
13.1016 -6.3851 -2.0980 80 200 120
10.5662 -8.1072 -2.0694 80 200 120
13.8525 -7.5003 -2.4204 80 200 120
10.9937 -6.7243 -3.6024 80 200 120
14.0165 -5.5586 -5.2142 80 200 120
13.6072 -6.8290 -4.7963 80 200 120
14.1470 -7.3546 -4.3928 80 200 120
14.1606 -7.0280 -4.4570 80 200 120
13.4242 -6.7148 -4.5760 80 200 120
13.4552 -8.1777 -3.6651 80 200 120
13.9535 -7.1819 -3.8271 80 200 120
11.0810 -4.6806 -2.0331 80 200 120
12.2293 -8.0358 -2.1255 80 200 120
11.4049 -6.3056 -5.3001 80 200 120
9.2371 -8.2216 -5.2208 80 200 120
6.5131 -6.1964 -4.8995 80 200 120
6.8410 -6.2171 -2.8362 80 200 120
7.2596 -6.8192 -4.4702 80 200 120
9.0347 -6.9005 -5.2193 80 200 120
11.0775 -7.0902 -5.2636 80 200 120
11.1297 -6.9681 -5.2988 80 200 120
6.8996 -6.3589 -5.1785 80 200 120
10.2975 -7.6854 -5.1981 80 200 120
9.3271 -8.2188 -4.6873 80 200 120
8.3856 -7.5637 -4.6634 80 200 120
10.4880 -7.9836 -5.2048 80 200 120
14.0078 -5.5872 -5.1896 80 200 120
14.2340 -5.3474 -5.1353 80 200 120
13.5559 -8.0489 -5.2384 80 200 120
11.6413 -6.3189 -5.2452 80 200 120
12.5614 -7.4287 -5.2573 80 200 120
11.2440 -6.7678 -5.2602 80 200 120
11.3251 -6.6747 -5.2346 80 200 120
13.1022 -8.8458 -4.8737 80 200 120
14.1005 -6.9013 -4.3349 80 200 120
11.6022 -8.7406 -5.2583 80 200 120
11.0913 -7.0931 -5.2407 80 200 120
12.8540 -9.2863 -5.2052 80 200 120
13.8039 -6.2438 -5.0926 80 200 120
10.8331 -9.0884 -5.2120 80 200 120
10.2601 -8.7944 -5.2403 80 200 120
13.3686 -8.6457 -5.2353 80 200 120
13.4573 -8.2410 -5.2000 80 200 120
11.3715 -8.2983 -5.2556 80 200 120
10.1665 -7.3245 -5.2618 80 200 120
10.6253 -7.8604 -5.2515 80 200 120
8.3983 -7.7763 -4.9788 80 200 120
11.4794 -8.7669 -5.2268 80 200 120
9.5005 -8.4179 -5.0877 80 200 120
10.8837 -7.3456 -5.0586 80 200 120
10.5298 -7.1104 -5.0485 80 200 120
12.6790 -9.7081 -5.1882 80 200 120
11.2650 -8.3767 -5.2099 80 200 120
13.4890 -8.3977 -5.0228 80 200 120
8.1169 -7.2964 -2.0878 80 200 120
11.3011 -9.3187 -3.0424 80 200 120
8.7059 -6.0306 -4.8593 80 200 120
9.5580 -6.6831 -1.8796 80 200 120
12.8842 -9.2743 -2.5157 80 200 120
13.1632 -8.7461 -2.0826 80 200 120
9.9310 -6.7203 -2.9456 80 200 120
10.5082 -8.8804 -3.0883 80 200 120
11.9082 -9.6850 -2.0692 80 200 120
13.6048 -8.0121 -5.2275 80 200 120
13.3143 -8.5571 -5.1899 80 200 120
12.5297 -9.9273 -5.1850 80 200 120
12.9181 -9.3981 -5.2011 80 200 120
10.7719 -6.1735 -2.0408 80 200 120
12.7247 -9.6114 -5.2081 80 200 120
12.2175 -3.4818 -3.6406 80 200 120
12.1832 -5.2380 -3.9961 80 200 120
12.5273 -9.9014 -1.9919 80 200 120
14.2770 -3.5907 -5.3192 80 200 120
12.8430 -9.2597 -2.6171 80 200 120
11.6047 -4.2498 -3.4130 80 200 120
12.6853 -9.4194 -2.1334 80 200 120
13.9965 -7.5043 -4.0132 80 200 120
12.8478 -9.2374 -1.7225 80 200 120
11.1347 -5.5223 -1.8659 80 200 120
10.6378 -6.7100 -2.1251 80 200 120
13.7048 -8.0202 -3.7055 80 200 120
13.7828 -7.7672 -4.1161 80 200 120
14.3408 -6.6594 -2.2086 80 200 120
11.7012 -6.0495 -2.1794 80 200 120
10.7511 -8.6657 -1.8741 80 200 120
13.5851 -8.1975 -3.1999 80 200 120
13.1392 -5.3538 -5.2198 80 200 120
13.2283 -5.5918 -5.1941 80 200 120
13.6798 -5.7986 -2.0541 80 200 120
11.7755 -6.4247 -5.2392 80 200 120
6.6326 -6.0178 -3.6423 80 200 120
6.5275 -6.4867 -2.7469 80 200 120
11.9286 -6.4444 -5.2542 80 200 120
10.5968 -7.2225 -5.2353 80 200 120
9.7859 -8.2902 -5.2931 80 200 120
5.9308 -5.8522 -3.8899 80 200 120
12.9037 -5.5366 -5.2675 80 200 120
11.6531 -6.2828 -4.8883 80 200 120
7.9016 -7.3010 -3.4530 80 200 120
9.9250 -7.6952 -5.2368 80 200 120
12.6137 -6.0354 -5.2736 80 200 120
12.1524 -6.3534 -5.2786 80 200 120
6.4929 -5.6106 -3.3035 80 200 120
10.2204 -7.1982 -5.2358 80 200 120
11.7466 -6.3839 -4.9532 80 200 120
10.2490 -7.5705 -5.2155 80 200 120
8.1292 -7.7134 -5.0062 80 200 120
15.8264 -1.7077 -3.6378 80 200 120
15.1386 -2.6145 -5.1508 80 200 120
13.8033 -6.0477 -4.2027 80 200 120
12.9393 -8.4575 -5.2764 80 200 120
12.3472 -8.8192 -5.2093 80 200 120
13.3399 -8.0312 -4.5290 80 200 120
12.2818 -9.8893 -5.2123 80 200 120
15.8400 -0.4996 -2.9980 80 200 120
13.2608 -4.8285 -5.2171 80 200 120
13.6478 -7.8085 -4.2370 80 200 120
13.5831 -7.5342 -5.3212 80 200 120
13.7629 -7.4486 -3.7235 80 200 120
10.4733 -7.1159 -5.3397 80 200 120
10.6612 -7.2236 -5.2552 80 200 120
10.1720 -7.9447 -5.2171 80 200 120
12.3068 -9.8758 -4.5927 80 200 120
11.8393 -9.5318 -5.1613 80 200 120
9.2406 -8.2679 -5.1282 80 200 120
10.4772 -8.9200 -5.2512 80 200 120
10.0989 -8.7380 -5.2440 80 200 120
13.0109 -9.2685 -5.2213 80 200 120
9.0458 -7.1529 -5.2762 80 200 120
12.4329 -7.7403 -5.2477 80 200 120
9.1439 -8.0733 -4.5886 80 200 120
10.0009 -7.0537 -5.2349 80 200 120
10.9857 -8.4483 -5.2245 80 200 120
11.0208 -8.8822 -5.2323 80 200 120
11.7419 -9.5301 -4.5620 80 200 120
11.2254 -8.6439 -5.2376 80 200 120
6.5744 -6.0337 -3.6056 80 200 120
9.0316 -7.6505 -2.2163 80 200 120
12.7544 -5.4454 -2.0783 80 200 120
6.8818 -6.0230 -5.2345 80 200 120
11.6809 -3.6240 -1.8501 80 200 120
11.9776 -9.5685 -2.5907 80 200 120
12.3482 -5.1075 -2.0749 80 200 120
11.4534 -4.5970 -2.0296 80 200 120
10.8932 -9.1047 -3.0794 80 200 120
12.7665 -9.5506 -2.3970 80 200 120
11.3076 -5.0575 -2.0277 80 200 120
8.8403 -6.6089 -5.2391 80 200 120
10.7640 -8.9920 -4.0315 80 200 120
10.4160 -7.2504 -2.3357 80 200 120
8.8678 -6.4173 -5.2643 80 200 120
8.8562 -6.1691 -5.1952 80 200 120
8.5869 -5.9459 -4.3145 80 200 120
11.1851 -6.5439 -3.8087 80 200 120
9.0946 -7.1381 -5.2318 80 200 120
12.0515 -4.8192 -1.9850 80 200 120
7.5955 -5.9744 -5.2639 80 200 120
9.0614 -7.5725 -5.2637 80 200 120
12.3941 -6.0527 -2.0750 80 200 120
12.8457 -7.5576 -2.0102 80 200 120
12.8769 -7.9978 -1.9208 80 200 120
10.1427 -8.6642 -3.3992 80 200 120
15.7879 -4.1132 -3.6726 80 200 120
13.8648 -7.3555 -2.1208 80 200 120
12.9096 -8.1935 -1.9760 80 200 120
11.7661 -9.5131 -2.0688 80 200 120
13.6245 -8.2411 -5.2723 80 200 120
13.5212 -6.7533 -5.1384 80 200 120
11.5438 -5.5908 -2.1385 80 200 120
12.6970 -5.5587 -5.2814 80 200 120
9.7290 -7.1057 -2.2422 80 200 120
10.6164 -6.8132 -2.6253 80 200 120
13.1635 -5.9640 -5.2448 80 200 120
9.9855 -7.9516 -2.0681 80 200 120
11.0717 -6.8515 -3.8924 80 200 120
11.3015 -5.9796 -3.6495 80 200 120
11.1890 -6.1370 -3.5796 80 200 120
10.7537 -6.1480 -2.5028 80 200 120
11.1033 -6.4405 -3.7152 80 200 120
13.8403 -7.9058 -3.4647 80 200 120
15.6186 -4.5578 -2.9691 80 200 120
13.4740 -6.6986 -4.8157 80 200 120
14.3736 -6.8661 -4.8401 80 200 120
12.9981 -7.5552 -2.0251 80 200 120
13.5901 -6.2191 -5.2214 80 200 120
11.3997 -6.3034 -4.4634 80 200 120
13.0682 -5.0860 -2.0003 80 200 120
10.9394 -7.3591 -5.2420 80 200 120
11.4036 -6.2972 -5.2150 80 200 120
11.3482 -6.6041 -5.2386 80 200 120
11.0799 -7.1175 -5.2279 80 200 120
10.6849 -7.2544 -5.2790 80 200 120
9.8030 -8.4963 -5.2155 80 200 120
6.9936 -5.9930 -4.7770 80 200 120
11.6551 -6.2704 -5.0210 80 200 120
10.4390 -7.2771 -5.2431 80 200 120
11.5042 -7.0307 -5.2791 80 200 120
11.0484 -7.1837 -5.2294 80 200 120
11.0072 -7.2627 -5.2244 80 200 120
11.1233 -7.0502 -5.2155 80 200 120
10.9771 -7.3134 -5.2246 80 200 120
11.1708 -6.9945 -5.2043 80 200 120
7.5469 -6.2537 -5.3030 80 200 120
11.4555 -6.9137 -5.2397 80 200 120
12.8945 -9.3374 -5.2301 80 200 120
13.9946 -6.8288 -4.5978 80 200 120
11.6303 -6.2792 -5.0050 80 200 120
14.5664 -6.4890 -2.9300 80 200 120
12.1544 -7.3219 -5.2502 80 200 120
12.7450 -4.9691 -5.2030 80 200 120
12.6176 -5.5574 -5.2694 80 200 120
11.6403 -8.8534 -5.2131 80 200 120
16.5214 0.3026 -3.6907 80 200 120
13.9866 -2.7247 -5.1057 80 200 120
11.0805 -7.1211 -5.2356 80 200 120
11.8349 -8.9379 -5.2259 80 200 120
13.3769 -8.3493 -4.8489 80 200 120
12.3311 -7.9112 -5.2556 80 200 120
12.1952 -7.8626 -5.2445 80 200 120
8.9956 -7.9210 -5.1861 80 200 120
10.8051 -8.0546 -5.2417 80 200 120
9.6310 -8.3075 -5.1876 80 200 120
12.6219 -8.4077 -5.2602 80 200 120
9.9517 -8.2100 -5.2633 80 200 120
10.4851 -7.6547 -5.2133 80 200 120
9.9308 -8.5111 -5.1942 80 200 120
9.7421 -8.4322 -5.2092 80 200 120
13.5720 -8.5351 -5.2682 80 200 120
12.5812 -9.5513 -5.1671 80 200 120
13.0100 -8.1139 -5.2699 80 200 120
10.8389 -8.4157 -5.1961 80 200 120
9.7663 -8.4397 -4.8759 80 200 120
11.9599 -8.6652 -5.2013 80 200 120
10.2753 -7.3782 -5.2311 80 200 120
12.1195 -9.6459 -3.7474 80 200 120
10.0013 -8.2006 -5.2485 80 200 120
11.1080 -6.7719 -3.8655 80 200 120
10.7454 -6.3171 -2.9990 80 200 120
8.4958 -5.8725 -4.5286 80 200 120
12.8903 -9.2733 -2.5144 80 200 120
13.0416 -8.4602 -2.0167 80 200 120
12.7739 -5.9613 -2.1170 80 200 120
13.4340 -8.5628 -2.3588 80 200 120
9.4442 -8.4591 -5.2255 80 200 120
8.5878 -6.7136 -5.2597 80 200 120
9.0115 -8.0635 -4.5879 80 200 120
12.6841 -9.4272 -2.1620 80 200 120
11.3856 -5.9565 -1.8585 80 200 120
9.2637 -8.2356 -5.2276 80 200 120
16.3545 -3.5622 -3.6385 80 200 120
12.4713 -8.2893 -2.0724 80 200 120
12.7921 -9.6329 -2.5777 80 200 120
13.1962 -5.8477 -2.0449 80 200 120
13.1946 -8.5399 -5.1940 80 200 120
14.2497 -5.7317 -2.0373 80 200 120
14.7762 -5.5806 -3.7561 80 200 120
13.0503 -8.9255 -5.1768 80 200 120
13.2905 -8.3975 -5.2044 80 200 120
11.4091 -5.8444 -3.6903 80 200 120
6.8630 -7.0418 -1.9169 80 200 120
14.8634 -1.6056 -4.3648 80 200 120
12.8335 -9.2493 -2.6373 80 200 120
10.4872 -7.1593 -5.1777 80 200 120
11.9814 -6.3159 -5.1660 80 200 120
10.2869 -7.7028 -5.2194 80 200 120
9.9365 -7.0117 -5.2268 80 200 120
6.8816 -6.2308 -2.9522 80 200 120
9.2839 -7.9342 -5.2629 80 200 120
6.1591 -5.8723 -2.1341 80 200 120
9.5680 -6.7414 -5.2897 80 200 120
7.3813 -5.7584 -3.0314 80 200 120
9.0379 -6.6743 -5.2480 80 200 120
10.5254 -7.9733 -5.2283 80 200 120
14.7579 -3.3228 -5.2079 80 200 120
15.6088 -2.3093 -3.6906 80 200 120
15.2870 -3.1197 -3.8753 80 200 120
15.6185 -2.7165 -3.6111 80 200 120
13.8928 -6.8801 -5.1851 80 200 120
11.3624 -6.6521 -5.1950 80 200 120
11.1174 -7.0752 -5.2250 80 200 120
13.4519 -3.5906 -4.2382 80 200 120
13.5455 -8.2458 -5.2118 80 200 120
11.8041 -8.6597 -5.2262 80 200 120
10.9402 -7.3577 -5.2437 80 200 120
10.8082 -7.2939 -5.3059 80 200 120
10.7097 -7.2271 -5.3387 80 200 120
10.5848 -8.9695 -5.2081 80 200 120
10.0905 -8.5826 -5.1886 80 200 120
10.8544 -8.2129 -5.2245 80 200 120
8.1536 -7.4239 -5.1597 80 200 120
10.5619 -8.4835 -5.2257 80 200 120
6.8614 -6.6179 -2.0951 80 200 120
11.3402 -6.2837 -3.8484 80 200 120
12.9530 -9.0667 -2.6054 80 200 120
12.7515 -9.3261 -2.1446 80 200 120
13.1362 -8.6787 -2.7684 80 200 120
13.0896 -8.7479 -5.1963 80 200 120
12.8592 -9.0797 -5.1815 80 200 120
10.8188 -6.4579 -2.4945 80 200 120
10.7268 -6.5471 -2.9673 80 200 120
13.3682 -8.2593 -5.2029 80 200 120
17.3293 1.3652 -3.7911 80 200 120
6.5197 -6.6380 -2.1090 80 200 120
6.4755 -6.3171 -2.3664 80 200 120
8.0077 -7.2493 -2.3230 80 200 120
11.6802 -4.8970 -3.7477 80 200 120
13.6690 -6.3871 -5.2936 80 200 120
6.4647 -6.2397 -1.6710 80 200 120
13.2696 -5.8849 -5.2998 80 200 120
11.9005 -9.5346 -2.2810 80 200 120
13.4300 -6.6880 -5.2311 80 200 120
13.0471 -5.7615 -5.2756 80 200 120
11.2957 -5.7822 -1.7252 80 200 120
11.2521 -6.7483 -4.2662 80 200 120
7.8304 -5.8687 -5.1600 80 200 120
8.3933 -6.1367 -5.3367 80 200 120
6.0009 -5.0240 -1.4521 80 200 120
5.0906 -5.1067 -3.6012 80 200 120
9.2538 -8.2648 -4.6737 80 200 120
9.1599 -8.1357 -4.7897 80 200 120
10.3868 -7.6070 -5.2352 80 200 120
11.9382 -6.4270 -5.2594 80 200 120
11.6972 -6.3309 -5.2561 80 200 120
9.4453 -8.3169 -5.2156 80 200 120
11.3779 -6.4398 -4.5270 80 200 120
10.1156 -7.9083 -5.2257 80 200 120
7.6327 -7.0193 -3.1065 80 200 120
7.1713 -7.2000 -3.8595 80 200 120
11.7588 -6.3732 -4.9516 80 200 120
6.8703 -7.0521 -3.2940 80 200 120
9.0891 -8.0739 -4.5839 80 200 120
13.8885 -7.7242 -4.6487 80 200 120
11.7112 -6.4819 -5.1999 80 200 120
13.5854 -6.1591 -5.1976 80 200 120
13.5320 -7.4229 -5.1393 80 200 120
13.5881 -8.0249 -5.2032 80 200 120
13.6283 -7.7254 -5.1717 80 200 120
14.5717 -6.6106 -3.5797 80 200 120
13.1461 -8.7224 -5.1990 80 200 120
10.7297 -8.4289 -5.1984 80 200 120
9.0751 -8.0849 -4.5793 80 200 120
10.5563 -7.7847 -5.2387 80 200 120
12.1742 -8.5136 -5.2228 80 200 120
12.3936 -8.0137 -5.2516 80 200 120
12.0308 -9.5729 -4.7667 80 200 120
11.1380 -8.1344 -5.1962 80 200 120
13.0304 -9.2739 -5.1169 80 200 120
9.3685 -8.1513 -5.1853 80 200 120
10.2450 -8.6411 -5.1799 80 200 120
12.9207 -8.1041 -5.2450 80 200 120
10.4428 -8.0713 -5.2226 80 200 120
11.5695 -9.5441 -5.0138 80 200 120
12.4833 -9.8132 -5.1772 80 200 120
12.7712 -9.3948 -4.4659 80 200 120
12.5394 -8.3790 -5.2340 80 200 120
9.7742 -8.4475 -4.8346 80 200 120
12.6054 -7.9580 -5.2432 80 200 120
10.6790 -8.1902 -5.1990 80 200 120
12.5587 -9.7044 -4.3727 80 200 120
13.3283 -8.6311 -5.0833 80 200 120
10.1099 -8.2284 -2.3646 80 200 120
7.2764 -5.7521 -3.0193 80 200 120
12.5361 -4.0874 -2.0237 80 200 120
12.0036 -3.1996 -2.1041 80 200 120
13.5840 -6.8978 -1.9986 80 200 120
7.5834 -6.3492 -5.1460 80 200 120
11.1929 -6.7855 -4.0995 80 200 120
9.5236 -8.3220 -5.1975 80 200 120
11.6147 -4.2428 -2.2739 80 200 120
12.0334 -4.3676 -1.9107 80 200 120
9.1634 -8.1022 -5.1901 80 200 120
12.8584 -5.5030 -1.9919 80 200 120
13.7143 -7.7408 -2.1683 80 200 120
12.7328 -9.8074 -2.2879 80 200 120
13.4948 -8.3355 -2.9485 80 200 120
13.6409 -7.8462 -2.6228 80 200 120
12.8758 -9.3339 -3.0494 80 200 120
11.9925 -9.5776 -2.5380 80 200 120
13.6260 -7.5966 -5.1882 80 200 120
13.0363 -4.2242 -3.5027 80 200 120
16.0243 -2.1486 -4.6476 80 200 120
12.6934 -5.0973 -5.1757 80 200 120
8.7761 -6.5623 -2.2147 80 200 120
12.9260 -5.5512 -5.2827 80 200 120
11.3156 -6.6372 -4.3979 80 200 120
11.4237 -6.2755 -4.5094 80 200 120
11.8569 -6.2370 -4.1303 80 200 120
11.6888 -6.0246 -4.0726 80 200 120
6.7274 -6.2137 -2.9309 80 200 120
11.3663 -6.3821 -4.4004 80 200 120
10.2572 -7.9931 -2.0653 80 200 120
7.3660 -6.5016 1.2760 80 200 120
13.3062 -8.2930 -3.5396 80 200 120
13.2078 -3.9163 -4.2472 80 200 120
11.3546 -6.6041 -5.2247 80 200 120
10.2657 -7.0375 -5.2031 80 200 120
10.6951 -7.2518 -5.3645 80 200 120
9.5959 -6.7001 -5.2565 80 200 120
10.6179 -7.2128 -5.1996 80 200 120
7.6953 -6.2752 -5.1498 80 200 120
11.5154 -6.6445 -5.2936 80 200 120
7.9059 -5.8882 -4.6541 80 200 120
11.6044 -6.2977 -5.2389 80 200 120
10.4282 -7.8647 -5.2234 80 200 120
13.3554 -9.3135 -5.2959 80 200 120
13.5311 -8.2967 -5.2330 80 200 120
12.7491 -8.7074 -5.2773 80 200 120
11.9456 -6.4085 -5.2496 80 200 120
11.3477 -6.3850 -5.1775 80 200 120
16.9761 -1.2826 -2.2488 80 200 120
15.9129 -0.6390 -2.1689 80 200 120
14.5759 -5.9325 -3.4384 80 200 120
16.1273 -3.5354 -2.3674 80 200 120
12.2806 -8.2604 -5.2350 80 200 120
12.3064 -9.4455 -5.3000 80 200 120
12.0996 -7.4195 -5.2372 80 200 120
14.6162 -5.6630 -3.1530 80 200 120
13.6844 -7.9341 -3.7879 80 200 120
13.1641 -9.6716 -5.2927 80 200 120
15.8226 -0.5555 -2.9752 80 200 120
12.5780 -8.2613 -5.2263 80 200 120
14.9474 -4.9950 -3.2658 80 200 120
11.5611 -8.3533 -5.2371 80 200 120
10.3896 -8.6702 -5.1729 80 200 120
12.3044 -8.3081 -5.2448 80 200 120
11.1429 -9.2208 -5.2138 80 200 120
13.0601 -9.1748 -5.2628 80 200 120
12.6096 -8.2933 -5.2389 80 200 120
12.1515 -9.6575 -5.1610 80 200 120
12.8015 -10.1282 -4.9861 80 200 120
11.6866 -9.5526 -4.7951 80 200 120
8.2997 -7.2976 -3.6107 80 200 120
7.2504 -7.0259 -2.6553 80 200 120
10.3171 -8.5306 -2.0305 80 200 120
8.9752 -8.0108 -2.5770 80 200 120
8.9432 -6.1998 -5.1930 80 200 120
8.9986 -6.2378 -5.4090 80 200 120
12.3254 -5.1748 -2.1176 80 200 120
13.0640 -8.4815 -1.9203 80 200 120
11.2623 -6.1971 -3.6382 80 200 120
13.1984 -5.8856 -2.0963 80 200 120
13.4395 -8.2439 -2.8450 80 200 120
12.4952 -8.7062 -2.0073 80 200 120
12.4821 -9.1278 -1.8603 80 200 120
12.6299 -9.8646 -2.4695 80 200 120
13.5547 -6.8073 -4.3099 80 200 120
15.1274 -3.2416 -2.3870 80 200 120
13.6924 -8.0437 -5.2188 80 200 120
13.4348 -8.5154 -5.2220 80 200 120
12.7838 -9.6191 -5.2192 80 200 120
13.2039 -6.9155 -5.2796 80 200 120
14.0206 -2.6140 -3.3126 80 200 120
13.4548 -6.7478 -5.1540 80 200 120
13.9156 -6.8696 -5.1866 80 200 120
13.3484 -6.6417 -5.2182 80 200 120
13.5083 -6.2383 -5.1869 80 200 120
10.6850 -8.7581 -1.7037 80 200 120
11.4137 -5.7962 -3.7496 80 200 120
11.1087 -7.0945 -5.2291 80 200 120
5.9746 -4.8646 -3.6612 80 200 120
9.1215 -8.0682 -5.2486 80 200 120
11.3751 -6.3752 -5.1966 80 200 120
9.3996 -7.7322 -5.2417 80 200 120
7.2370 -5.5293 -3.3021 80 200 120
11.0549 -7.0613 -5.2036 80 200 120
11.0700 -7.1500 -5.2251 80 200 120
6.9898 -7.4983 -3.7307 80 200 120
10.3312 -7.4749 -5.2369 80 200 120
10.0772 -7.9602 -5.2418 80 200 120
8.5922 -7.8693 -4.5948 80 200 120
13.7712 -7.5097 -5.2292 80 200 120
16.0621 -1.2605 -2.1745 80 200 120
12.4780 -7.8329 -5.2632 80 200 120
13.2239 -8.7772 -5.2196 80 200 120
13.6914 -7.3215 -5.1610 80 200 120
13.4461 -8.6424 -5.2255 80 200 120
13.3933 -8.4385 -5.2512 80 200 120
13.8613 -7.2506 -3.6069 80 200 120
13.1620 -8.8852 -4.8883 80 200 120
15.0057 -7.2375 -5.0312 80 200 120
13.7596 -7.8256 -4.1867 80 200 120
14.6443 -1.5613 -3.2488 80 200 120
14.1464 -7.4791 -4.6298 80 200 120
13.3477 -8.2033 -4.6725 80 200 120
9.8104 -8.5476 -5.2236 80 200 120
11.7891 -8.4114 -5.2442 80 200 120
9.5075 -8.3905 -4.5965 80 200 120
11.8860 -8.4168 -5.2610 80 200 120
8.4149 -7.7673 -5.2226 80 200 120
8.8091 -8.0032 -5.2264 80 200 120
13.1474 -9.3817 -5.1419 80 200 120
12.5283 -10.0780 -4.8180 80 200 120
12.3322 -9.1415 -5.2580 80 200 120
9.3924 -6.6534 -2.6951 80 200 120
10.6082 -7.1211 -3.4447 80 200 120
12.7302 -4.3179 -2.0834 80 200 120
8.9022 -7.0629 -5.2551 80 200 120
13.4199 -8.0891 -2.6540 80 200 120
12.9818 -9.0404 -2.7362 80 200 120
13.4080 -8.4609 -2.5455 80 200 120
12.2013 -9.6022 -2.5133 80 200 120
13.2210 -8.7677 -5.2419 80 200 120
13.9400 -3.2722 -1.6927 80 200 120
13.5575 -6.3552 -4.3878 80 200 120
13.3008 -8.6210 -5.2346 80 200 120
15.6901 -0.5784 -2.0106 80 200 120
15.3517 -3.1421 -4.0909 80 200 120
15.0521 -2.7772 -4.4753 80 200 120
5.6466 -6.5019 -1.6825 80 200 120
5.6585 -5.4621 -0.9299 80 200 120
7.3159 -5.9690 -1.4623 80 200 120
14.6790 -2.0065 -5.2057 80 200 120
13.4667 -5.8148 -5.2825 80 200 120
13.6728 -4.5976 -5.2857 80 200 120
12.8002 -6.7129 -5.2624 80 200 120
7.8357 -7.3592 -5.2455 80 200 120
6.7950 -5.8680 -2.9739 80 200 120
4.5702 -5.8355 -4.0809 80 200 120
8.7064 -7.5557 -5.3247 80 200 120
7.5093 -7.4103 -4.9020 80 200 120
10.6163 -7.2039 -5.2229 80 200 120
12.9980 -9.8010 -5.2515 80 200 120
12.5377 -7.6090 -5.2555 80 200 120
12.1675 -8.0501 -5.2216 80 200 120
14.4935 -7.1617 -4.5668 80 200 120
14.2622 -6.1844 -3.3261 80 200 120
12.0862 -8.1988 -5.2357 80 200 120
13.6902 -7.4120 -3.8959 80 200 120
13.4888 -4.3676 -5.2555 80 200 120
12.8514 -9.1578 -4.8730 80 200 120
12.4977 -9.9657 -5.2161 80 200 120
11.6643 -6.2502 -4.8554 80 200 120
12.7343 -5.3816 -5.2636 80 200 120
11.8159 -8.8863 -5.2155 80 200 120
13.2626 -8.5683 -4.4195 80 200 120
9.5008 -8.3076 -5.1964 80 200 120
11.0339 -9.0985 -5.0291 80 200 120
9.5767 -8.7095 -5.0574 80 200 120
11.5638 -9.3454 -5.1936 80 200 120
12.6771 -9.5626 -5.1891 80 200 120
11.9395 -8.5437 -5.2320 80 200 120
11.4991 -8.4022 -5.2548 80 200 120
11.2350 -9.1965 -5.0435 80 200 120
8.9732 -8.2524 -4.8315 80 200 120
11.4054 -8.3995 -5.2244 80 200 120
