t,tracked,n_obs0,n_obs1,mean0,ms,keyframe,n_landmarks
1649764528.073054,0,0,0,60.45,1.14,0,0
1649764528.098053,0,0,0,60.45,1.01,0,0
1649764528.123050,0,0,0,60.56,1.01,0,0
1649764528.148048,0,0,0,60.57,1.06,0,0
1649764528.173045,0,0,0,60.47,1.14,0,0
1649764528.198042,0,0,0,60.46,1.13,0,0
1649764528.223039,0,0,0,60.56,1.07,0,0
1649764528.248037,0,0,0,60.58,1.02,0,0
1649764528.273034,0,0,0,60.45,1.06,0,0
1649764528.298031,0,0,0,60.46,1.15,0,0
1649764528.323029,0,0,0,60.54,1.03,0,0
1649764528.348026,0,0,0,60.55,1.03,0,0
1649764528.373023,0,0,0,60.43,1.05,0,0
1649764528.398021,0,0,0,60.43,1.00,0,0
1649764528.423018,0,0,0,60.53,1.00,0,0
1649764528.448015,0,0,0,60.54,1.03,0,0
1649764528.473012,0,0,0,60.41,1.02,0,0
1649764528.498010,0,0,0,60.43,0.99,0,0
1649764528.523007,0,0,0,60.53,0.99,0,0
1649764528.548005,0,0,0,60.55,1.01,0,0
1649764528.573002,0,0,0,60.41,0.99,0,0
1649764528.597999,0,0,0,60.42,1.00,0,0
1649764528.622997,0,0,0,60.51,1.04,0,0
1649764528.647994,0,0,0,60.53,1.01,0,0
1649764528.672991,0,0,0,60.42,1.06,0,0
1649764528.697988,0,0,0,60.42,1.02,0,0
1649764528.722986,0,0,0,60.50,1.01,0,0
1649764528.747983,0,0,0,60.53,1.04,0,0
1649764528.772980,0,0,0,60.42,1.05,0,0
1649764528.797978,0,0,0,60.43,1.00,0,0
1649764528.822975,0,0,0,60.51,0.99,0,0
1649764528.847972,0,0,0,60.55,1.03,0,0
1649764528.872969,0,0,0,60.42,1.01,0,0
1649764528.897967,0,0,0,60.45,0.99,0,0
1649764528.922964,0,0,0,60.51,1.00,0,0
1649764528.947961,0,0,0,60.52,1.04,0,0
1649764528.972959,1,177,89,60.41,26.08,1,74
1649764528.997956,1,300,108,60.46,27.13,0,74
1649764529.022953,1,300,111,60.54,28.36,0,74
1649764529.047951,1,300,113,60.55,28.83,0,74
1649764529.072948,1,300,114,60.43,28.45,0,74
1649764529.097945,1,300,111,60.46,23.69,0,74
1649764529.122942,1,300,113,60.54,30.84,1,150
1649764529.147940,1,300,116,60.55,28.25,0,150
1649764529.172937,1,300,116,60.44,23.82,0,150
1649764529.197934,1,300,112,60.48,23.72,0,150
1649764529.222932,1,300,114,60.53,23.58,0,150
1649764529.247929,1,300,113,60.54,28.12,0,150
1649764529.272927,1,300,113,60.42,37.46,1,179
1649764529.297924,1,300,117,60.49,23.42,0,179
1649764529.322921,1,300,113,60.53,22.91,0,179
1649764529.347918,1,300,114,60.55,22.88,0,179
1649764529.372916,1,300,114,60.46,22.71,0,179
1649764529.397913,1,300,115,60.50,22.66,0,179
1649764529.422910,1,300,116,60.56,35.74,1,167
1649764529.447908,1,300,112,60.56,22.92,0,167
1649764529.472905,1,300,113,60.43,23.00,0,167
1649764529.497902,1,300,116,60.48,23.20,0,167
1649764529.522899,1,300,113,60.56,23.13,0,167
1649764529.547897,1,300,113,60.56,22.82,0,167
1649764529.572894,1,300,113,60.44,41.58,1,164
1649764529.597891,1,300,113,60.50,23.11,0,164
1649764529.622889,1,300,115,60.55,22.93,0,164
1649764529.647886,1,300,113,60.56,22.63,0,164
1649764529.672883,1,300,112,60.42,22.66,0,164
1649764529.697881,1,300,114,60.48,22.73,0,164
1649764529.722878,1,300,112,60.54,44.32,1,174
1649764529.747875,1,300,113,60.54,22.87,0,174
1649764529.772872,1,300,114,60.43,22.73,0,174
1649764529.797870,1,300,113,60.48,22.58,0,174
1649764529.822867,1,300,114,60.53,22.57,0,174
1649764529.847864,1,300,117,60.52,22.91,0,174
1649764529.872862,1,300,113,60.40,47.99,1,147
1649764529.897859,1,300,114,60.48,22.67,0,147
1649764529.922856,1,300,114,60.53,22.54,0,147
1649764529.947854,1,300,115,60.54,22.49,0,147
1649764529.972851,1,300,116,60.40,22.66,0,147
1649764529.997848,1,300,115,60.48,24.04,0,147
1649764530.022846,1,300,115,60.53,39.59,1,138
1649764530.047843,1,300,113,60.53,23.10,0,138
1649764530.072840,1,300,115,60.40,22.66,0,138
1649764530.097838,1,300,115,60.48,22.56,0,138
1649764530.122835,1,300,114,60.53,22.54,0,138
1649764530.147832,1,300,115,60.53,22.55,0,138
1649764530.172829,1,300,115,60.39,46.50,1,175
1649764530.197827,1,300,113,60.50,22.53,0,175
1649764530.222824,1,300,113,60.54,22.38,0,175
1649764530.247821,1,300,115,60.51,22.64,0,175
1649764530.272819,1,300,116,60.40,22.36,0,175
1649764530.297816,1,300,114,60.47,22.46,0,175
1649764530.322814,1,300,113,60.49,66.87,1,181
1649764530.347811,1,300,116,60.48,22.65,0,181
1649764530.372808,1,300,115,60.35,22.44,0,181
1649764530.397805,1,300,115,60.46,22.40,0,181
1649764530.422802,1,300,115,60.47,22.57,0,181
1649764530.447800,1,300,113,60.47,22.47,0,181
1649764530.472797,1,300,116,60.35,47.07,1,162
1649764530.497794,1,300,115,60.45,22.31,0,162
1649764530.522792,1,300,116,60.49,22.08,0,162
1649764530.547789,1,300,113,60.49,22.42,0,162
1649764530.572786,1,300,112,60.36,22.51,0,162
1649764530.597784,1,300,116,60.46,22.51,0,162
1649764530.622781,1,300,116,60.49,48.97,1,154
1649764530.647778,1,300,116,60.50,22.20,0,154
1649764530.672776,1,300,114,60.37,22.34,0,154
1649764530.697773,1,300,115,60.47,22.33,0,154
1649764530.722770,1,300,115,60.51,22.63,0,154
1649764530.747767,1,300,114,60.50,22.32,0,154
1649764530.772765,1,300,114,60.38,52.75,1,143
1649764530.797762,1,300,114,60.49,22.49,0,143
1649764530.822759,1,300,116,60.51,22.49,0,143
1649764530.847757,1,300,114,60.48,22.38,0,143
1649764530.872754,1,300,114,60.36,22.75,0,143
1649764530.897751,1,300,113,60.49,22.97,0,143
1649764530.922749,1,300,118,60.51,55.99,1,132
1649764530.947746,1,300,117,60.48,22.43,0,132
1649764530.972743,1,300,120,60.36,22.50,0,132
1649764530.997741,1,300,117,60.48,22.40,0,132
1649764531.022738,1,300,117,60.51,22.87,0,132
1649764531.047735,1,300,115,60.48,22.25,0,132
1649764531.072732,1,300,114,60.37,58.69,1,133
1649764531.097730,1,300,115,60.48,22.44,0,133
1649764531.122727,1,300,116,60.51,22.50,0,133
1649764531.147724,1,300,116,60.48,22.46,0,133
1649764531.172722,1,300,117,60.37,22.68,0,133
1649764531.197719,1,300,114,60.48,22.82,0,133
1649764531.222716,1,300,116,60.50,84.45,1,187
1649764531.247714,1,300,114,60.46,22.72,0,187
1649764531.272711,1,300,113,60.37,22.43,0,187
1649764531.297708,1,300,115,60.47,22.68,0,187
1649764531.322706,1,300,117,60.51,22.84,0,187
1649764531.347703,1,300,115,60.46,22.40,0,187
1649764531.372700,1,300,114,60.35,78.29,1,173
1649764531.397697,1,300,115,60.46,22.59,0,173
1649764531.422695,1,300,113,60.49,22.63,0,173
1649764531.447692,1,300,115,60.45,22.29,0,173
1649764531.472689,1,300,115,60.34,22.55,0,173
1649764531.497687,1,300,113,60.46,22.34,0,173
1649764531.522684,1,300,115,60.51,80.95,1,179
1649764531.547681,1,300,114,60.45,22.27,0,179
1649764531.572679,1,300,116,60.34,22.57,0,179
1649764531.597676,1,300,115,60.46,22.18,0,179
1649764531.622673,1,300,117,60.49,22.63,0,179
1649764531.647671,1,300,113,60.44,22.30,0,179
1649764531.672668,1,300,116,60.34,70.39,1,172
1649764531.697665,1,300,115,60.47,22.57,0,172
1649764531.722662,1,300,115,60.50,22.66,0,172
1649764531.747659,1,300,115,60.44,22.37,0,172
1649764531.772657,1,300,117,60.34,22.56,0,172
1649764531.797654,1,300,113,60.45,22.46,0,172
1649764531.822652,1,300,114,60.49,73.07,1,173
1649764531.847649,1,300,117,60.42,22.57,0,173
1649764531.872646,1,300,117,60.34,22.56,0,173
1649764531.897644,1,300,118,60.45,22.48,0,173
1649764531.922641,1,300,116,60.48,22.75,0,173
1649764531.947638,1,300,114,60.41,22.21,0,173
1649764531.972636,1,300,115,60.32,78.05,1,171
1649764531.997633,1,300,116,60.45,22.51,0,171
1649764532.022630,1,300,114,60.49,22.56,0,171
1649764532.047627,1,300,115,60.41,22.23,0,171
1649764532.072625,1,300,116,60.32,22.73,0,171
1649764532.097619,1,300,116,60.44,22.61,0,171
1649764532.122616,1,300,115,60.48,83.42,1,168
1649764532.147614,1,300,115,60.42,22.57,0,168
1649764532.172611,1,300,115,60.31,22.49,0,168
1649764532.197608,1,300,116,60.42,22.38,0,168
1649764532.222605,1,300,116,60.49,22.48,0,168
1649764532.247603,1,300,117,60.40,22.33,0,168
1649764532.272600,1,300,115,60.31,113.10,1,199
1649764532.297597,1,300,115,60.41,22.75,0,199
1649764532.322595,1,300,114,60.47,27.45,0,199
1649764532.347592,1,300,116,60.40,22.52,0,199
1649764532.372589,1,300,116,60.31,22.50,0,199
1649764532.397587,1,300,117,60.44,22.27,0,199
1649764532.422584,1,300,117,60.52,96.95,1,182
1649764532.447581,1,300,118,60.45,22.78,0,182
1649764532.472578,1,300,117,60.39,22.67,0,182
1649764532.497576,1,300,113,60.50,22.28,0,182
1649764532.522573,1,300,119,60.54,22.40,0,182
1649764532.547570,1,300,117,60.48,22.34,0,182
1649764532.572568,1,300,116,60.39,104.47,1,173
1649764532.597565,1,300,117,60.51,22.98,0,173
1649764532.622562,1,300,115,60.54,22.69,0,173
1649764532.647559,1,300,116,60.45,22.51,0,173
1649764532.672557,1,300,114,60.35,22.54,0,173
1649764532.697554,1,300,117,60.49,22.41,0,173
1649764532.722551,1,300,115,60.51,110.61,1,174
1649764532.747549,1,300,118,60.42,22.63,0,174
1649764532.772546,1,300,115,60.32,22.56,0,174
1649764532.797544,1,300,116,60.44,22.38,0,174
1649764532.822541,1,300,116,60.44,22.66,0,174
1649764532.847538,1,300,115,60.32,22.39,0,174
1649764532.872535,1,300,117,60.23,117.87,1,169
1649764532.897532,1,300,117,60.32,22.72,0,169
1649764532.922530,1,300,115,60.36,22.54,0,169
1649764532.947527,1,300,116,60.26,22.99,0,169
1649764532.972524,1,300,118,60.21,22.64,0,169
1649764532.997521,1,300,115,60.33,22.24,0,169
1649764533.022519,1,300,115,60.36,152.35,1,172
1649764533.047516,1,300,115,60.25,22.79,0,172
1649764533.072514,1,300,117,60.18,22.41,0,172
1649764533.097511,1,300,117,60.26,22.62,0,172
1649764533.122508,1,300,117,60.28,22.56,0,172
1649764533.147506,1,300,116,60.14,22.59,0,172
1649764533.172503,1,300,117,60.11,80.20,1,157
1649764533.197500,1,300,115,60.18,22.50,0,157
1649764533.222497,1,300,113,60.23,22.27,0,157
1649764533.247494,1,300,120,60.13,22.63,0,157
1649764533.272492,1,300,116,60.10,22.48,0,157
1649764533.297489,1,300,115,60.20,22.20,0,157
1649764533.322486,1,300,113,60.27,51.85,1,137
1649764533.347484,1,300,115,60.17,22.98,0,137
1649764533.372481,1,300,115,60.12,22.95,0,137
1649764533.397478,1,300,117,60.23,22.48,0,137
1649764533.422476,1,300,116,60.27,22.81,0,137
1649764533.447473,1,300,114,60.14,22.22,0,137
1649764533.472470,1,300,115,60.10,65.11,1,185
1649764533.497467,1,300,115,60.19,22.92,0,185
1649764533.522465,1,300,116,60.22,22.72,0,185
1649764533.547462,1,300,116,60.11,22.41,0,185
1649764533.572459,1,300,117,60.07,22.70,0,185
1649764533.597457,1,300,113,60.17,22.28,0,185
1649764533.622454,1,300,114,60.19,54.51,1,159
1649764533.647451,1,300,113,60.07,22.57,0,159
1649764533.672448,1,300,114,60.05,22.34,0,159
1649764533.697446,1,300,116,60.14,22.20,0,159
1649764533.722443,1,300,117,60.16,22.29,0,159
1649764533.747440,1,300,114,60.06,22.28,0,159
1649764533.772438,1,300,117,60.01,57.02,1,169
1649764533.797435,1,300,112,60.10,23.02,0,169
1649764533.822432,1,300,115,60.14,22.70,0,169
1649764533.847429,1,300,114,60.02,22.53,0,169
1649764533.872427,1,300,115,60.00,22.46,0,169
1649764533.897424,1,300,117,60.09,22.50,0,169
1649764533.922421,1,300,117,60.10,59.00,1,182
1649764533.947419,1,300,117,59.98,22.96,0,182
1649764533.972416,1,300,116,59.93,28.02,0,182
1649764533.997413,1,300,110,59.67,27.74,0,182
1649764534.022410,1,300,112,59.02,29.23,0,182
1649764534.047408,1,300,112,58.40,29.89,0,182
1649764534.072405,1,300,115,58.26,108.34,1,235
1649764534.097402,1,278,118,58.46,29.94,0,235
1649764534.122400,1,272,114,58.74,28.82,0,235
1649764534.147397,1,278,114,58.93,29.89,0,235
1649764534.172394,1,258,113,59.24,29.40,0,235
1649764534.197391,1,300,129,59.57,31.59,0,235
1649764534.222389,1,271,130,59.65,79.61,1,223
1649764534.247386,1,300,136,59.35,31.35,0,223
1649764534.272383,1,300,137,59.20,32.36,0,223
1649764534.297381,1,300,140,59.23,32.34,0,223
1649764534.322378,1,281,139,59.31,31.13,0,223
1649764534.347375,1,300,148,59.38,31.45,0,223
1649764534.372372,1,246,126,59.82,67.94,1,273
1649764534.397370,1,234,129,60.37,26.73,0,273
1649764534.422367,1,300,159,60.96,32.43,0,273
1649764534.447364,1,298,158,61.48,31.90,0,273
1649764534.472362,1,273,149,62.20,29.85,0,273
1649764534.497359,1,261,145,63.04,28.61,0,273
1649764534.522356,1,300,148,63.91,69.92,1,332
1649764534.547354,1,300,157,64.60,33.44,0,332
1649764534.572351,1,300,150,65.53,30.64,0,332
1649764534.597348,1,300,139,66.52,30.25,0,332
1649764534.622345,1,277,136,67.43,29.28,0,332
1649764534.647343,1,300,154,68.05,31.92,0,332
1649764534.672340,1,300,155,68.79,74.14,1,381
1649764534.697337,1,300,159,69.30,32.70,0,381
1649764534.722334,1,300,162,69.67,30.34,0,381
1649764534.747332,1,300,173,69.96,32.57,0,381
1649764534.772329,1,300,181,70.60,30.89,0,381
1649764534.797326,1,300,184,71.46,30.23,0,381
1649764534.822324,1,300,179,72.57,103.58,1,419
1649764534.847321,1,300,189,73.74,32.18,0,419
1649764534.872318,1,300,181,75.43,30.18,0,419
1649764534.897316,1,300,197,77.30,31.50,0,419
1649764534.922313,1,300,193,79.18,31.24,0,419
1649764534.947310,1,300,192,81.10,31.01,0,419
1649764534.972307,1,300,190,83.32,76.44,1,417
1649764534.997305,1,300,182,85.20,31.51,0,417
1649764535.022302,1,300,174,86.74,31.57,0,417
1649764535.047299,1,300,171,87.83,30.94,0,417
1649764535.072296,1,300,166,89.01,30.90,0,417
1649764535.097294,1,300,159,90.10,30.46,0,417
1649764535.122291,1,300,157,91.15,97.60,1,440
1649764535.147288,1,300,146,92.00,30.69,0,440
1649764535.172286,1,300,161,88.47,31.91,0,440
1649764535.197283,1,300,160,88.62,30.45,0,440
1649764535.222280,1,300,157,89.78,30.65,0,440
1649764535.247277,1,300,157,89.31,30.58,0,440
1649764535.272275,1,300,159,90.31,76.88,1,474
1649764535.297272,1,300,161,85.17,30.54,0,474
1649764535.322269,1,300,165,86.95,30.27,0,474
1649764535.347267,1,300,154,86.15,30.16,0,474
1649764535.372264,1,300,159,88.42,30.64,0,474
1649764535.397261,1,300,150,82.45,30.50,0,474
1649764535.422258,1,300,152,85.25,79.23,1,484
1649764535.447256,1,300,147,79.05,29.97,0,484
1649764535.472253,1,300,149,82.33,31.21,0,484
1649764535.497250,1,300,141,80.25,29.74,0,484
1649764535.522248,1,300,135,83.05,29.89,0,484
1649764535.547245,1,300,135,75.69,29.89,0,484
1649764535.572242,1,300,135,78.56,79.76,1,493
1649764535.597239,1,300,142,74.96,30.45,0,493
1649764535.622237,1,300,140,77.36,30.52,0,493
1649764535.647234,1,300,155,73.51,30.25,0,493
1649764535.672231,1,300,156,76.28,32.58,0,493
1649764535.697229,1,300,155,72.76,30.15,0,493
1649764535.722226,1,300,145,75.67,97.58,1,505
1649764535.747223,1,300,143,72.17,31.64,0,505
1649764535.772221,1,300,140,75.53,30.87,0,505
1649764535.797218,1,300,147,72.35,31.32,0,505
1649764535.822215,1,300,160,75.85,31.67,0,505
1649764535.847212,1,300,160,72.63,31.47,0,505
1649764535.872210,1,300,162,76.50,91.27,1,522
1649764535.897207,1,300,167,73.41,33.52,0,522
1649764535.922204,1,300,167,77.21,32.46,0,522
1649764535.947201,1,300,161,73.99,33.17,0,522
1649764535.972199,1,300,154,78.21,34.24,0,522
1649764535.997196,1,300,157,74.83,31.52,0,522
1649764536.022193,1,287,162,78.13,87.25,1,549
1649764536.047191,1,300,158,73.60,31.95,0,549
1649764536.072188,1,300,162,76.64,33.63,0,549
1649764536.097185,1,300,166,72.16,32.23,0,549
1649764536.122183,1,300,164,75.41,31.43,0,549
1649764536.147180,1,300,165,71.21,31.86,0,549
1649764536.172177,1,275,155,74.87,126.19,1,583
1649764536.197175,1,257,141,70.61,28.75,0,583
1649764536.222172,1,248,133,73.91,27.14,0,583
1649764536.247169,1,240,134,69.62,28.12,0,583
1649764536.272166,1,247,126,73.59,26.85,0,583
1649764536.297163,1,250,124,69.75,27.39,0,583
1649764536.322161,1,244,122,73.65,101.23,1,590
1649764536.347158,1,228,115,69.84,27.05,0,590
1649764536.372155,1,223,108,74.70,28.06,0,590
1649764536.397153,1,218,103,71.71,26.30,0,590
1649764536.422150,1,224,111,76.25,26.21,0,590
1649764536.447147,1,210,105,71.74,26.66,0,590
1649764536.472145,1,199,99,75.17,108.48,1,598
1649764536.497142,1,181,98,70.70,26.16,0,598
1649764536.522139,1,183,110,74.09,23.71,0,598
1649764536.547137,1,184,103,69.74,24.96,0,598
1649764536.572134,1,268,134,73.28,28.86,0,598
1649764536.597131,1,211,110,69.30,30.20,0,598
1649764536.622128,1,191,107,72.68,99.29,1,614
1649764536.647125,1,187,110,68.81,25.18,0,614
1649764536.672123,1,188,110,72.78,24.44,0,614
1649764536.697120,1,188,107,69.35,24.88,0,614
1649764536.722118,1,184,108,72.93,24.32,0,614
1649764536.747115,1,187,104,65.30,22.80,0,614
1649764536.772112,1,193,107,69.54,96.61,1,642
1649764536.797110,1,179,100,65.95,27.01,0,642
1649764536.822107,1,172,94,70.00,23.19,0,642
1649764536.847104,1,174,96,66.24,22.37,0,642
1649764536.872101,1,156,89,70.58,23.05,0,642
1649764536.897099,1,147,87,66.63,21.46,0,642
1649764536.922096,1,152,85,70.21,150.15,1,655
1649764536.947093,1,161,87,65.85,22.52,0,655
1649764536.972090,1,184,99,69.55,23.97,0,655
1649764536.997087,1,162,85,62.07,23.72,0,655
1649764537.022085,1,147,80,65.63,22.08,0,655
1649764537.047082,1,146,74,61.93,21.53,0,655
1649764537.072080,1,144,75,65.94,96.08,1,666
1649764537.097080,1,130,67,62.54,21.26,0,666
1649764537.122077,1,125,65,66.27,21.80,0,666
1649764537.147074,1,116,55,62.75,19.92,0,666
1649764537.172071,1,109,60,66.87,21.29,0,666
1649764537.197069,1,99,55,63.76,19.21,0,666
1649764537.222066,1,105,62,67.68,100.23,1,683
1649764537.247063,1,105,56,64.63,20.94,0,683
1649764537.272061,1,110,58,68.84,19.54,0,683
1649764537.297058,1,104,51,65.70,18.05,0,683
1649764537.322055,1,117,59,68.89,18.35,0,683
1649764537.347052,1,96,55,65.34,20.21,0,683
1649764537.372050,1,88,42,68.12,41.61,1,626
1649764537.397047,1,84,45,64.87,17.13,0,626
1649764537.422044,1,89,43,66.79,19.61,0,626
1649764537.447042,1,76,36,64.11,15.99,0,626
1649764537.472039,1,123,56,66.51,19.74,0,626
1649764537.497036,1,300,122,64.42,29.30,0,626
1649764537.522033,1,179,88,66.54,62.92,1,642
1649764537.547031,1,182,95,64.49,23.34,0,642
1649764537.572028,1,109,53,67.00,20.67,0,642
1649764537.597025,1,217,97,64.94,26.14,0,642
1649764537.622023,1,102,50,66.71,52.71,1,657
1649764537.647020,1,91,50,64.44,17.98,0,657
1649764537.672017,1,74,44,66.20,15.23,0,657
1649764537.697014,1,66,38,64.44,15.27,0,657
1649764537.722012,1,60,35,65.76,47.94,1,668
1649764537.747009,1,92,57,63.96,16.70,0,668
1649764537.772007,1,59,33,65.82,16.78,0,668
1649764537.797004,1,61,36,64.27,15.23,0,668
1649764537.822001,1,300,87,65.35,28.88,0,668
1649764537.846998,1,78,49,64.00,24.72,0,668
1649764537.871995,1,300,90,65.14,82.04,1,734
1649764537.896993,1,79,45,64.64,63.82,1,752
1649764537.921990,1,300,100,65.02,27.59,0,752
1649764537.946987,1,100,57,64.65,23.79,0,752
1649764537.971985,1,135,74,65.25,22.22,0,752
1649764537.996982,1,94,54,65.37,19.19,0,752
1649764538.021979,1,123,66,65.17,20.21,0,752
1649764538.046977,1,91,52,65.18,69.61,1,778
1649764538.071974,1,73,47,65.12,16.92,0,778
1649764538.096971,1,68,47,65.64,15.56,0,778
1649764538.121968,1,95,56,64.78,16.65,0,778
1649764538.146966,1,72,40,65.24,17.89,0,778
1649764538.171963,1,96,49,64.53,16.46,0,778
1649764538.196960,1,79,52,65.28,70.70,1,799
1649764538.221957,1,98,61,63.23,17.80,0,799
1649764538.246955,1,85,45,63.99,17.08,0,799
1649764538.271952,1,300,101,61.91,28.41,0,799
1649764538.296949,1,94,49,63.70,24.00,0,799
1649764538.321947,1,90,46,60.96,17.43,0,799
1649764538.346944,1,300,90,62.85,86.78,1,849
1649764538.371941,1,300,106,60.46,35.15,0,849
1649764538.396939,1,106,60,63.00,63.45,1,851
1649764538.421936,1,300,93,59.75,27.46,0,851
1649764538.446933,1,133,65,62.13,26.86,0,851
1649764538.471930,1,119,63,59.03,21.13,0,851
1649764538.496928,1,215,75,62.14,27.18,0,851
1649764538.521925,1,300,97,58.08,32.78,0,851
1649764538.546922,1,264,85,60.96,87.72,1,858
1649764538.571920,1,300,100,57.17,32.93,0,858
1649764538.596917,1,252,88,60.77,34.41,0,858
1649764538.621914,1,287,107,56.10,33.17,0,858
1649764538.646911,1,300,96,59.47,38.97,0,858
1649764538.671909,1,300,104,55.23,36.00,0,858
1649764538.696906,1,224,92,66.27,90.10,1,885
1649764538.721903,1,300,109,61.74,33.35,0,885
1649764538.746901,1,300,102,65.12,34.80,0,885
1649764538.771898,1,300,110,61.19,35.68,0,885
1649764538.796895,1,300,101,65.69,36.88,0,885
1649764538.821892,1,300,105,61.06,39.15,0,885
1649764538.846890,1,300,93,64.96,91.48,1,894
1649764538.871887,1,300,99,61.25,36.72,0,894
1649764538.896884,1,234,93,66.29,32.32,0,894
1649764538.921882,1,300,105,61.87,34.53,0,894
1649764538.946879,1,300,97,66.39,38.53,0,894
1649764538.971876,1,300,98,62.69,35.72,0,894
1649764538.996873,1,254,81,68.33,95.75,1,899
1649764539.021871,1,300,101,63.36,35.62,0,899
1649764539.046868,1,276,99,68.29,36.20,0,899
1649764539.071865,1,162,71,64.47,26.73,0,899
1649764539.096863,1,152,66,71.07,70.22,1,893
1649764539.121860,1,132,77,65.71,22.14,0,893
1649764539.146857,1,300,102,71.14,29.63,0,893
1649764539.171854,1,184,72,66.53,28.95,0,893
1649764539.196852,1,185,79,73.08,24.08,0,893
1649764539.221849,1,300,96,67.09,31.97,0,893
1649764539.246846,1,275,105,72.65,86.98,1,935
1649764539.271844,1,200,83,68.31,30.04,0,935
1649764539.296841,1,179,83,75.66,25.43,0,935
1649764539.321838,1,263,108,70.01,28.53,0,935
1649764539.346835,1,280,102,76.44,33.73,0,935
1649764539.371833,1,286,108,72.27,36.23,0,935
1649764539.396830,1,185,88,80.46,66.89,1,934
1649764539.421827,1,179,73,74.79,25.76,0,934
1649764539.446825,1,300,93,82.00,31.49,0,934
1649764539.471822,1,205,77,77.99,31.28,0,934
1649764539.496819,1,300,98,86.62,33.73,0,934
1649764539.521816,1,144,68,74.31,27.81,0,934
1649764539.546814,1,300,97,82.24,81.62,1,961
1649764539.571811,1,179,64,76.71,84.96,1,991
1649764539.596808,1,300,96,86.46,29.71,0,991
1649764539.621806,1,300,79,73.40,36.30,0,991
1649764539.646803,1,300,87,82.59,37.66,0,991
1649764539.671800,1,300,84,72.41,38.69,0,991
1649764539.696797,1,300,92,83.18,37.14,0,991
1649764539.721795,1,173,67,70.39,77.73,1,1013
1649764539.746792,1,300,80,79.89,31.39,0,1013
1649764539.771790,1,300,78,73.09,39.13,0,1013
1649764539.796787,1,300,80,83.79,38.58,0,1013
1649764539.821784,1,275,62,70.61,38.29,0,1013
1649764539.846781,1,300,77,80.10,35.41,0,1013
1649764539.871778,1,300,68,73.85,73.00,1,1011
1649764539.896776,1,300,83,84.53,36.22,0,1011
1649764539.921773,1,300,68,71.07,38.17,0,1011
1649764539.946770,1,300,73,80.29,38.39,0,1011
1649764539.971768,1,300,72,74.57,35.97,0,1011
1649764539.996765,1,188,69,84.82,33.30,0,1011
1649764540.021762,1,155,52,72.41,82.48,1,1012
1649764540.046760,1,300,63,81.21,30.00,0,1012
1649764540.071757,1,300,52,76.15,41.49,0,1012
1649764540.096754,1,300,61,85.63,39.61,0,1012
1649764540.121752,1,256,55,72.72,37.48,0,1012
1649764540.146749,1,300,66,80.31,37.06,0,1012
1649764540.171746,1,286,59,75.83,71.87,1,1019
1649764540.196743,1,187,54,84.57,33.56,0,1019
1649764540.221740,1,114,46,73.26,83.89,1,983
1649764540.246738,1,300,60,80.56,29.79,0,983
1649764540.271735,1,194,48,77.24,37.52,0,983
1649764540.296732,1,170,45,85.13,29.81,0,983
1649764540.321730,1,300,47,74.48,34.79,0,983
1649764540.346727,1,200,54,80.79,33.07,0,983
1649764540.371724,1,300,50,78.36,79.99,1,971
1649764540.396722,1,296,52,85.27,38.05,0,971
1649764540.421719,1,133,39,80.23,74.15,1,979
1649764540.446716,1,142,43,85.44,23.92,0,979
1649764540.471714,1,113,35,83.90,21.25,0,979
1649764540.496711,1,98,34,89.51,19.28,0,979
1649764540.521708,1,106,36,81.63,18.51,0,979
1649764540.546705,1,297,41,86.02,28.15,0,979
1649764540.571703,1,300,42,86.70,96.86,1,993
1649764540.596700,1,172,40,92.10,77.85,1,1040
1649764540.621697,1,300,37,91.15,32.01,0,1040
1649764540.646694,1,300,34,95.63,38.20,0,1040
1649764540.671692,1,300,35,98.36,36.75,0,1040
1649764540.696689,1,148,35,103.04,30.71,0,1040
1649764540.721686,1,101,38,98.13,57.05,1,1002
1649764540.746684,1,111,37,101.20,19.17,0,1002
1649764540.771681,1,132,54,99.07,21.23,0,1002
1649764540.796678,1,144,90,93.32,21.91,0,1002
1649764540.821676,1,166,119,84.31,22.66,0,1002
1649764540.846673,1,285,162,79.13,29.24,0,1002
1649764540.871670,1,232,159,79.42,63.22,1,1025
1649764540.896667,1,206,148,78.01,26.03,0,1025
1649764540.921665,1,195,139,76.31,24.14,0,1025
1649764540.946662,1,196,140,74.47,23.60,0,1025
1649764540.971659,1,300,176,75.24,30.42,0,1025
1649764540.996656,1,296,171,73.84,32.00,0,1025
1649764541.021654,1,255,145,73.38,80.16,1,1047
1649764541.046651,1,300,167,71.08,31.87,0,1047
1649764541.071648,1,201,137,72.35,28.91,0,1047
1649764541.096648,1,300,159,70.08,30.32,0,1047
1649764541.121645,1,232,148,69.99,29.46,0,1047
1649764541.146642,1,300,161,67.00,32.49,0,1047
1649764541.171639,1,300,172,69.00,91.00,1,1082
1649764541.196637,1,300,166,66.29,34.71,0,1082
1649764541.221634,1,221,135,67.22,29.89,0,1082
1649764541.246631,1,300,157,64.08,33.55,0,1082
1649764541.271629,1,191,127,76.69,32.58,0,1082
1649764541.296626,1,300,128,73.44,31.64,0,1082
1649764541.321623,1,192,101,76.03,91.95,1,1078
1649764541.346621,1,300,137,71.96,31.15,0,1078
1649764541.371618,1,153,97,77.20,30.94,0,1078
1649764541.396615,1,143,91,73.26,19.85,0,1078
1649764541.421613,1,128,80,76.39,18.32,0,1078
1649764541.446610,1,300,133,70.46,28.62,0,1078
1649764541.471607,1,256,114,74.90,90.87,1,1108
1649764541.496604,1,168,93,68.36,26.76,0,1108
1649764541.521602,1,300,99,71.03,33.20,0,1108
1649764541.546599,1,300,97,64.09,35.90,0,1108
1649764541.571596,1,300,90,69.71,45.33,0,1108
1649764541.596594,1,198,69,63.36,32.40,0,1108
1649764541.621591,1,300,88,67.45,101.22,1,1087
1649764541.646588,1,300,99,60.33,39.86,0,1087
1649764541.671586,1,300,88,76.17,43.61,0,1087
1649764541.696583,1,300,97,67.77,38.30,0,1087
1649764541.721580,1,300,99,73.17,40.20,0,1087
1649764541.746578,1,300,107,63.96,36.30,0,1087
1649764541.771575,1,300,107,71.78,82.44,1,1136
1649764541.796572,1,300,103,62.47,37.65,0,1136
1649764541.821569,1,300,94,68.41,39.49,0,1136
1649764541.846567,1,300,75,58.68,36.16,0,1136
1649764541.871564,1,300,69,67.27,38.91,0,1136
1649764541.896561,1,300,72,57.59,41.27,0,1136
1649764541.921559,1,300,58,64.40,87.19,1,1142
1649764541.946556,1,300,63,54.35,40.30,0,1142
1649764541.971553,1,300,63,72.37,37.95,0,1142
1649764541.996550,1,300,62,60.98,39.71,0,1142
1649764542.021548,1,300,70,69.69,36.77,0,1142
1649764542.046545,1,300,73,58.31,38.53,0,1142
1649764542.071543,1,300,82,70.00,100.75,1,1084
1649764542.096540,1,300,82,58.54,38.16,0,1084
1649764542.121537,1,300,84,68.42,38.82,0,1084
1649764542.146534,1,300,81,56.79,36.06,0,1084
1649764542.171531,1,300,88,69.26,38.00,0,1084
1649764542.196529,1,300,94,57.18,39.54,0,1084
1649764542.221526,1,300,97,67.60,90.84,1,1092
1649764542.246523,1,300,111,55.12,43.87,0,1092
1649764542.271521,1,300,116,68.00,40.84,0,1092
1649764542.296518,1,300,103,55.05,38.77,0,1092
1649764542.321516,1,300,106,65.88,37.14,0,1092
1649764542.346513,1,300,108,52.86,37.37,0,1092
1649764542.371510,1,300,108,75.35,104.36,1,1109
1649764542.396508,1,300,107,57.00,37.76,0,1109
1649764542.421504,1,300,113,69.24,39.24,0,1109
1649764542.446502,1,300,108,55.56,38.33,0,1109
1649764542.471499,1,300,115,70.58,38.00,0,1109
1649764542.496496,1,300,112,56.60,38.71,0,1109
1649764542.521494,1,300,98,69.60,100.59,1,1071
1649764542.546491,1,300,91,55.76,38.07,0,1071
1649764542.571489,1,296,91,71.17,39.34,0,1071
1649764542.596486,1,299,87,56.72,38.97,0,1071
1649764542.621483,1,300,92,70.13,38.99,0,1071
1649764542.646480,1,296,87,55.82,37.52,0,1071
1649764542.671478,1,267,86,71.61,101.70,1,1083
1649764542.696475,1,185,68,56.69,30.86,0,1083
1649764542.721472,1,235,78,70.48,28.91,0,1083
1649764542.746470,1,186,71,55.82,29.87,0,1083
1649764542.771467,1,182,72,71.73,27.38,0,1083
1649764542.796464,1,85,53,53.44,86.39,1,1046
1649764542.821461,1,81,51,66.90,16.56,0,1046
1649764542.846459,1,92,48,52.85,17.90,0,1046
1649764542.871456,1,83,46,77.49,16.37,0,1046
1649764542.896453,1,71,41,55.56,16.60,0,1046
1649764542.921451,1,77,38,69.31,14.36,0,1046
1649764542.946448,1,75,43,54.75,57.16,1,995
1649764542.971445,1,300,65,70.23,27.62,0,995
1649764542.996443,1,132,60,55.18,30.03,0,995
1649764543.021440,1,127,58,68.82,19.98,0,995
1649764543.046437,1,115,59,54.27,20.78,0,995
1649764543.071434,1,119,53,79.05,18.59,0,995
1649764543.096432,1,300,77,56.04,94.93,1,1001
1649764543.121429,1,182,69,69.74,32.57,0,1001
1649764543.146426,1,120,61,54.82,75.27,1,996
1649764543.171424,1,148,69,70.27,22.04,0,996
1649764543.196421,1,182,77,54.74,24.80,0,996
1649764543.221418,1,300,100,68.67,32.24,0,996
1649764543.246416,1,183,87,53.92,30.75,0,996
1649764543.271413,1,186,82,78.85,26.57,0,996
1649764543.296410,1,210,98,55.82,74.58,1,1047
1649764543.321408,1,300,113,69.80,32.88,0,1047
1649764543.346405,1,224,99,54.55,32.25,0,1047
1649764543.371402,1,141,82,79.38,24.67,0,1047
1649764543.396399,1,127,76,56.49,19.62,0,1047
1649764543.421397,1,300,109,70.44,29.92,0,1047
1649764543.446394,1,157,83,55.27,88.49,1,1058
1649764543.471391,1,300,117,70.75,33.71,0,1058
1649764543.496389,1,300,114,51.94,36.78,0,1058
1649764543.521386,1,300,133,74.49,36.33,0,1058
1649764543.546383,1,300,123,54.32,38.52,0,1058
1649764543.571381,1,185,108,70.11,31.49,0,1058
1649764543.596378,1,300,117,54.47,108.14,1,1111
1649764543.621375,1,300,130,68.95,36.48,0,1111
1649764543.646372,1,300,125,54.19,36.96,0,1111
1649764543.671370,1,300,139,70.05,37.33,0,1111
1649764543.696367,1,300,138,54.25,36.47,0,1111
1649764543.721364,1,300,141,68.46,36.46,0,1111
1649764543.746361,1,194,116,53.61,85.80,1,1077
1649764543.771359,1,226,125,68.58,28.14,0,1077
1649764543.796356,1,187,117,52.88,26.24,0,1077
1649764543.821354,1,300,155,66.17,32.11,0,1077
1649764543.846351,1,260,141,51.70,33.24,0,1077
1649764543.871348,1,264,172,75.37,30.95,0,1077
1649764543.896346,1,300,182,55.38,71.41,1,1170
1649764543.921343,1,300,201,78.09,35.58,0,1170
1649764543.946340,1,300,206,62.11,35.17,0,1170
1649764543.971337,1,300,214,77.68,35.72,0,1170
1649764543.996335,1,300,209,61.19,35.71,0,1170
1649764544.021332,1,300,207,75.44,35.23,0,1170
1649764544.046329,1,300,209,60.69,98.08,1,1276
1649764544.071327,1,300,226,76.13,35.48,0,1276
1649764544.096324,1,300,226,60.63,35.54,0,1276
1649764544.121321,1,300,223,74.65,35.29,0,1276
1649764544.146319,1,300,230,60.64,34.92,0,1276
1649764544.171316,1,300,215,75.75,34.58,0,1276
1649764544.196313,1,300,219,60.72,91.69,1,1351
1649764544.221310,1,300,220,74.17,34.92,0,1351
1649764544.246308,1,282,218,60.45,33.72,0,1351
1649764544.271305,1,238,177,84.17,29.26,0,1351
1649764544.296302,1,288,217,64.62,31.68,0,1351
1649764544.321300,1,300,217,77.04,36.20,0,1351
1649764544.346297,1,300,219,63.91,103.35,1,1410
1649764544.371294,1,300,212,77.14,37.25,0,1410
1649764544.396291,1,300,217,63.43,35.34,0,1410
1649764544.421289,1,300,217,75.59,34.39,0,1410
1649764544.446286,1,300,222,63.38,34.61,0,1410
1649764544.471283,1,300,215,76.74,34.48,0,1410
1649764544.496281,1,300,221,63.49,81.86,1,1498
1649764544.521278,1,284,209,75.96,34.43,0,1498
1649764544.546275,1,300,228,63.83,35.80,0,1498
1649764544.571273,1,300,215,77.45,35.13,0,1498
1649764544.596270,1,300,226,64.00,34.93,0,1498
1649764544.621267,1,300,219,76.47,33.89,0,1498
1649764544.646265,1,300,219,64.34,107.15,1,1544
1649764544.671262,1,300,217,77.73,35.14,0,1544
1649764544.696259,1,300,218,64.48,34.16,0,1544
1649764544.721256,1,300,210,76.78,34.62,0,1544
1649764544.746254,1,300,212,65.04,35.07,0,1544
1649764544.771251,1,300,210,78.14,34.78,0,1544
1649764544.796248,1,300,206,65.15,99.40,1,1557
1649764544.821246,1,300,202,77.05,34.68,0,1557
1649764544.846243,1,300,199,65.63,33.91,0,1557
1649764544.871240,1,300,200,78.29,33.58,0,1557
1649764544.896238,1,300,197,65.62,34.89,0,1557
1649764544.921235,1,300,211,77.14,34.82,0,1557
1649764544.946232,1,300,201,66.14,106.58,1,1652
1649764544.971230,1,300,212,78.37,35.17,0,1652
1649764544.996227,1,300,206,66.28,35.25,0,1652
1649764545.021224,1,300,202,77.43,34.12,0,1652
1649764545.046221,1,300,209,67.05,33.21,0,1652
1649764545.071219,1,300,204,78.87,35.53,0,1652
1649764545.096216,1,300,201,67.29,110.47,1,1702
1649764545.121213,1,300,205,78.12,33.61,0,1702
1649764545.146211,1,300,196,68.28,33.32,0,1702
1649764545.171208,1,300,197,79.99,34.77,0,1702
1649764545.196205,1,300,190,68.92,33.18,0,1702
1649764545.221202,1,300,200,79.81,34.56,0,1702
1649764545.246200,1,300,194,70.62,116.08,1,1767
1649764545.271197,1,300,196,82.40,34.71,0,1767
1649764545.296194,1,300,188,67.45,33.47,0,1767
1649764545.321192,1,300,193,78.15,33.70,0,1767
1649764545.346189,1,300,181,69.36,33.55,0,1767
1649764545.371186,1,300,184,80.67,33.57,0,1767
1649764545.396183,1,300,153,70.38,110.83,1,1780
1649764545.421181,1,300,168,80.86,34.36,0,1780
1649764545.446178,1,300,162,72.36,32.17,0,1780
1649764545.471175,1,300,167,83.36,33.59,0,1780
1649764545.496173,1,300,163,68.94,33.03,0,1780
1649764545.521170,1,300,174,78.66,35.23,0,1780
1649764545.546168,1,300,154,70.57,114.67,1,1835
1649764545.571165,1,300,160,80.38,32.74,0,1835
1649764545.596162,1,300,152,66.87,32.41,0,1835
1649764545.621159,1,300,149,75.27,31.52,0,1835
1649764545.646157,1,300,144,67.55,32.51,0,1835
1649764545.671154,1,300,131,76.22,30.98,0,1835
1649764545.696151,1,300,137,67.34,114.90,1,1842
1649764545.721148,1,300,133,75.13,31.23,0,1842
1649764545.746146,1,300,131,68.27,30.81,0,1842
1649764545.771143,1,300,128,76.46,31.61,0,1842
1649764545.796140,1,300,118,68.37,31.49,0,1842
1649764545.821138,1,300,114,75.63,31.44,0,1842
1649764545.846135,1,300,117,69.51,119.88,1,1826
1649764545.871132,1,300,119,77.04,31.78,0,1826
1649764545.896130,1,300,112,69.58,31.31,0,1826
1649764545.921127,1,300,115,76.10,31.56,0,1826
1649764545.946124,1,300,112,70.72,31.98,0,1826
1649764545.971121,1,300,102,77.56,31.76,0,1826
1649764545.996119,1,300,101,67.14,88.08,1,1800
1649764546.021116,1,300,107,72.88,33.00,0,1800
1649764546.046113,1,300,97,68.46,31.90,0,1800
1649764546.071111,1,300,97,74.12,32.06,0,1800
1649764546.096108,1,300,92,68.43,33.32,0,1800
1649764546.121105,1,300,84,73.18,32.30,0,1800
1649764546.146103,1,300,81,69.40,124.48,1,1800
1649764546.171100,1,300,78,74.25,31.96,0,1800
1649764546.196097,1,300,74,69.35,33.27,0,1800
1649764546.221095,1,300,70,73.23,32.07,0,1800
1649764546.246092,1,300,65,70.17,31.11,0,1800
1649764546.271089,1,300,70,73.85,31.77,0,1800
1649764546.296087,1,300,61,69.31,90.70,1,1777
1649764546.321084,1,300,62,71.86,33.12,0,1777
1649764546.346081,1,300,53,69.07,32.02,0,1777
1649764546.371078,1,300,57,71.47,33.72,0,1777
1649764546.396076,1,300,49,67.68,33.44,0,1777
1649764546.421073,1,300,48,69.55,33.69,0,1777
1649764546.446070,1,300,46,67.81,103.09,1,1769
1649764546.471068,1,300,44,69.85,34.51,0,1769
1649764546.496065,1,300,45,67.25,34.20,0,1769
1649764546.521062,1,300,40,68.58,33.70,0,1769
1649764546.546060,1,300,45,67.52,34.53,0,1769
1649764546.571057,1,300,45,68.64,33.65,0,1769
1649764546.596054,1,300,37,66.56,117.54,1,1761
1649764546.621051,1,300,36,67.05,34.17,0,1761
1649764546.646049,1,300,36,66.25,34.09,0,1761
1649764546.671046,1,300,33,66.54,33.33,0,1761
1649764546.696043,1,300,33,65.19,33.39,0,1761
1649764546.721041,1,300,28,65.07,32.66,0,1761
1649764546.746038,1,300,26,65.34,126.78,1,1764
1649764546.771035,1,300,23,65.10,31.85,0,1764
1649764546.796032,1,300,17,64.36,33.76,0,1764
1649764546.821030,1,300,12,63.61,32.88,0,1764
1649764546.846027,1,300,13,64.25,32.98,0,1764
1649764546.871024,1,300,17,63.48,32.59,0,1764
1649764546.896022,1,300,17,63.19,135.64,1,1771
1649764546.921019,1,300,18,61.92,33.86,0,1771
1649764546.946017,1,300,17,63.03,32.34,0,1771
1649764546.971014,1,300,21,61.82,32.34,0,1771
1649764546.996011,1,300,15,62.19,33.43,0,1771
1649764547.021008,1,300,16,60.59,32.07,0,1771
1649764547.046005,1,300,15,62.39,132.78,1,1814
1649764547.071003,1,300,16,60.89,34.71,0,1814
1649764547.096002,1,300,13,62.00,33.61,0,1814
1649764547.120999,1,300,9,60.38,33.04,0,1814
1649764547.145997,1,300,8,62.81,35.01,0,1814
1649764547.170994,1,300,6,61.26,34.52,0,1814
1649764547.195991,1,300,9,62.86,135.62,1,1815
1649764547.220989,1,300,9,60.94,33.52,0,1815
1649764547.245986,1,300,6,63.51,33.16,0,1815
1649764547.270983,1,300,7,61.64,33.53,0,1815
1649764547.295981,1,300,9,63.50,33.27,0,1815
1649764547.320978,1,300,9,61.38,33.62,0,1815
1649764547.345975,1,300,9,64.19,113.82,1,1760
1649764547.370972,1,300,7,62.19,34.37,0,1760
1649764547.395970,1,300,9,64.27,33.63,0,1760
1649764547.420967,1,300,10,62.15,32.44,0,1760
1649764547.445965,1,300,10,65.13,34.32,0,1760
1649764547.470962,1,300,9,63.11,33.58,0,1760
1649764547.495959,1,300,15,65.38,135.04,1,1697
1649764547.520957,1,300,10,63.17,32.32,0,1697
1649764547.545954,1,300,9,66.13,31.96,0,1697
1649764547.570951,1,300,13,63.92,32.95,0,1697
1649764547.595948,1,300,10,66.33,32.11,0,1697
1649764547.620946,1,300,12,64.06,33.07,0,1697
1649764547.645943,1,300,10,67.11,149.32,1,1627
1649764547.670940,1,300,12,64.98,33.64,0,1627
1649764547.695938,1,300,10,67.34,32.92,0,1627
1649764547.720935,1,300,9,65.07,32.25,0,1627
1649764547.745932,1,300,6,67.79,33.27,0,1627
1649764547.770929,1,300,8,65.51,32.37,0,1627
1649764547.795927,1,300,5,67.74,103.84,1,1521
1649764547.820924,1,300,6,65.73,35.71,0,1521
1649764547.845921,1,300,7,68.42,32.99,0,1521
1649764547.870919,1,300,12,66.81,33.66,0,1521
1649764547.895916,1,300,13,69.25,32.58,0,1521
1649764547.920913,1,300,12,68.06,32.60,0,1521
1649764547.945910,1,300,12,70.88,113.92,1,1478
1649764547.970908,1,300,10,70.05,33.56,0,1478
1649764547.995905,1,300,15,72.49,34.80,0,1478
1649764548.020902,1,300,17,71.63,33.24,0,1478
1649764548.045900,1,300,28,73.69,33.67,0,1478
1649764548.070897,1,300,32,72.99,32.83,0,1478
1649764548.095894,1,300,46,74.44,109.72,1,1431
1649764548.120892,1,300,52,73.98,32.13,0,1431
1649764548.145889,1,300,55,75.52,31.79,0,1431
1649764548.170886,1,300,63,75.23,31.40,0,1431
1649764548.195884,1,300,72,76.49,30.94,0,1431
1649764548.220881,1,300,79,76.40,30.44,0,1431
1649764548.245878,1,300,87,78.02,90.81,1,1374
1649764548.270875,1,300,92,78.54,28.81,0,1374
1649764548.295873,1,298,93,75.87,28.03,0,1374
1649764548.320870,1,300,102,75.94,27.87,0,1374
1649764548.345867,1,285,105,72.88,26.41,0,1374
1649764548.370865,1,300,108,72.92,27.01,0,1374
1649764548.395862,1,300,109,73.92,117.31,1,1340
1649764548.420859,1,300,112,74.07,26.55,0,1340
1649764548.445857,1,300,107,71.06,25.86,0,1340
1649764548.470854,1,300,105,71.18,25.65,0,1340
1649764548.495851,1,300,105,71.94,25.34,0,1340
1649764548.520849,1,300,104,71.98,25.48,0,1340
1649764548.545846,1,300,103,72.49,101.59,1,1293
1649764548.570843,1,300,100,72.32,25.51,0,1293
1649764548.595840,1,300,99,72.65,24.53,0,1293
1649764548.620838,1,300,104,72.41,24.88,0,1293
1649764548.645835,1,300,99,72.59,25.29,0,1293
1649764548.670832,1,300,102,72.29,25.66,0,1293
1649764548.695829,1,300,99,72.42,85.51,1,1205
1649764548.720827,1,300,103,72.11,25.10,0,1205
1649764548.745824,1,300,104,72.29,25.45,0,1205
1649764548.770822,1,300,101,72.02,25.04,0,1205
1649764548.795819,1,300,101,72.25,25.00,0,1205
1649764548.820816,1,300,106,72.02,24.92,0,1205
1649764548.845814,1,300,108,72.18,83.71,1,1135
1649764548.870811,1,300,108,71.85,26.02,0,1135
1649764548.895808,1,298,108,71.95,24.93,0,1135
1649764548.920805,1,300,110,71.65,25.65,0,1135
1649764548.945802,1,300,112,71.80,25.50,0,1135
1649764548.970800,1,300,110,71.59,25.58,0,1135
1649764548.995797,1,300,114,71.84,109.36,1,1065
1649764549.020795,1,300,112,71.68,25.49,0,1065
1649764549.045792,1,300,114,71.90,25.49,0,1065
1649764549.070789,1,300,112,71.76,26.03,0,1065
1649764549.095787,1,300,116,72.02,25.81,0,1065
1649764549.120784,1,300,112,71.90,21.50,0,1065
1649764549.145781,1,300,111,72.17,102.05,1,980
1649764549.170778,1,300,111,72.17,26.25,0,980
1649764549.195776,1,300,111,72.62,26.00,0,980
1649764549.220773,1,300,106,72.69,25.27,0,980
1649764549.245770,1,300,116,73.00,25.57,0,980
1649764549.270768,1,300,117,72.86,26.18,0,980
1649764549.295765,1,300,122,72.88,101.80,1,885
1649764549.320762,1,300,116,72.43,26.01,0,885
1649764549.345759,1,300,115,72.25,25.99,0,885
1649764549.370757,1,300,116,71.72,26.29,0,885
1649764549.395754,1,300,120,71.64,25.72,0,885
1649764549.420751,1,300,121,71.35,26.21,0,885
1649764549.445749,1,300,120,71.43,99.66,1,812
1649764549.470746,1,300,123,71.16,27.08,0,812
1649764549.495743,1,300,127,71.24,26.73,0,812
1649764549.520741,1,300,117,70.97,26.04,0,812
1649764549.545738,1,300,119,71.01,26.23,0,812
1649764549.570735,1,300,129,70.69,26.53,0,812
1649764549.595732,1,292,130,70.74,94.84,1,760
1649764549.620730,1,300,138,70.39,27.33,0,760
1649764549.645727,1,300,143,70.35,28.07,0,760
1649764549.670724,1,300,134,69.93,27.67,0,760
1649764549.695722,1,300,123,69.83,26.85,0,760
1649764549.720719,1,291,125,69.48,26.43,0,760
1649764549.745716,1,300,141,69.49,109.15,1,726
1649764549.770714,1,300,141,69.25,28.49,0,726
1649764549.795711,1,300,139,69.29,27.56,0,726
1649764549.820708,1,300,142,69.00,28.45,0,726
1649764549.845706,1,297,129,68.99,27.84,0,726
1649764549.870703,1,296,125,68.69,28.05,0,726
1649764549.895700,1,300,122,68.69,107.42,1,704
1649764549.920697,1,300,122,68.51,27.96,0,704
1649764549.945695,1,300,123,68.59,28.47,0,704
1649764549.970692,1,300,121,68.41,28.32,0,704
1649764549.995689,1,300,121,68.49,28.56,0,704
1649764550.020687,1,300,123,68.33,28.29,0,704
1649764550.045684,1,300,126,68.41,89.00,1,684
1649764550.070681,1,300,126,68.23,27.43,0,684
1649764550.095679,1,300,131,68.29,27.97,0,684
1649764550.120676,1,300,132,68.16,27.84,0,684
1649764550.145673,1,300,133,68.28,27.53,0,684
1649764550.170670,1,300,136,68.18,27.61,0,684
1649764550.195668,1,300,135,68.32,125.00,1,672
1649764550.220665,1,300,137,68.27,28.45,0,672
1649764550.245662,1,297,133,68.49,28.02,0,672
1649764550.270660,1,289,134,68.53,27.51,0,672
1649764550.295657,1,300,141,68.78,27.82,0,672
1649764550.320654,1,300,140,68.86,27.98,0,672
1649764550.345652,1,300,140,69.09,122.03,1,674
1649764550.370649,1,300,134,69.13,28.88,0,674
1649764550.395646,1,293,131,69.36,28.08,0,674
1649764550.420643,1,300,135,69.44,28.91,0,674
1649764550.445641,1,288,132,69.76,28.08,0,674
1649764550.470638,1,285,125,69.93,27.62,0,674
1649764550.495635,1,300,129,70.34,108.14,1,680
1649764550.520633,1,286,124,70.68,28.95,0,680
1649764550.545630,1,300,125,71.33,28.93,0,680
1649764550.570627,1,300,124,71.84,30.09,0,680
1649764550.595625,1,272,119,72.61,28.41,0,680
1649764550.620622,1,259,118,73.14,26.30,0,680
1649764550.645619,1,272,121,73.80,86.64,1,676
1649764550.670617,1,300,127,74.19,30.42,0,676
1649764550.695614,1,260,124,74.74,28.52,0,676
1649764550.720611,1,244,116,75.06,26.71,0,676
1649764550.745608,1,300,118,75.46,28.52,0,676
1649764550.770606,1,300,119,75.69,30.12,0,676
1649764550.795603,1,265,116,76.06,104.55,1,671
1649764550.820600,1,248,113,76.25,27.30,0,671
1649764550.845598,1,300,122,76.66,29.79,0,671
1649764550.870595,1,300,118,76.91,32.35,0,671
1649764550.895592,1,300,110,77.34,31.33,0,671
1649764550.920590,1,271,112,77.69,29.06,0,671
1649764550.945587,1,300,112,78.21,108.75,1,675
1649764550.970584,1,266,110,78.53,30.00,0,675
1649764550.995581,1,245,98,74.49,27.37,0,675
1649764551.020579,1,248,97,74.71,26.39,0,675
1649764551.045576,1,245,92,75.12,25.26,0,675
1649764551.070573,1,300,102,75.41,29.81,0,675
1649764551.095574,1,279,95,75.74,136.14,1,676
1649764551.120571,1,300,93,75.85,30.31,0,676
1649764551.145569,1,279,87,76.12,29.18,0,676
1649764551.170566,1,300,86,76.32,30.23,0,676
1649764551.195564,1,261,74,76.63,27.77,0,676
1649764551.220561,1,244,68,76.76,26.62,0,676
1649764551.245558,1,238,61,77.06,94.71,1,681
1649764551.270555,1,232,58,77.25,24.82,0,681
1649764551.295553,1,230,52,77.52,24.09,0,681
1649764551.320550,1,225,48,77.58,24.42,0,681
1649764551.345547,1,227,48,77.65,23.75,0,681
1649764551.370545,1,223,46,77.46,23.52,0,681
1649764551.395542,1,222,46,77.36,93.77,1,675
1649764551.420539,1,223,43,76.94,24.40,0,675
1649764551.445537,1,209,43,76.57,23.04,0,675
1649764551.470534,1,233,40,76.17,24.11,0,675
1649764551.495531,1,221,43,76.20,24.43,0,675
1649764551.520529,1,210,42,76.27,23.78,0,675
1649764551.545526,1,209,49,76.54,93.17,1,665
1649764551.570523,1,200,41,76.78,23.57,0,665
1649764551.595520,1,195,49,77.30,23.12,0,665
1649764551.620518,1,189,53,77.64,22.61,0,665
1649764551.645515,1,181,46,78.06,21.88,0,665
1649764551.670512,1,176,42,78.44,20.86,0,665
1649764551.695510,1,187,49,78.78,134.46,1,646
1649764551.720507,1,176,51,78.78,22.53,0,646
1649764551.745504,1,300,62,78.72,27.77,0,646
1649764551.770502,1,300,67,78.44,31.69,0,646
1649764551.795499,1,300,76,78.09,32.69,0,646
1649764551.820496,1,300,83,77.58,31.64,0,646
1649764551.845494,1,300,84,77.11,83.68,1,671
1649764551.870491,1,300,82,76.52,33.50,0,671
1649764551.895488,1,300,92,75.93,32.66,0,671
1649764551.920486,1,300,92,75.24,33.56,0,671
1649764551.945483,1,300,89,74.57,32.67,0,671
1649764551.970480,1,300,101,73.88,33.37,0,671
1649764551.995477,1,300,97,73.20,117.33,1,694
1649764552.020475,1,300,101,72.40,33.34,0,694
1649764552.045472,1,300,108,71.50,34.76,0,694
1649764552.070470,1,300,107,70.54,34.09,0,694
1649764552.095467,1,300,111,69.47,33.99,0,694
1649764552.120464,1,300,112,68.37,33.23,0,694
1649764552.145462,1,300,103,67.22,109.41,1,660
1649764552.170459,1,300,97,66.07,33.21,0,660
1649764552.195456,1,300,100,64.96,31.87,0,660
1649764552.220453,1,300,101,63.95,32.31,0,660
1649764552.245450,1,225,87,62.91,29.47,0,660
1649764552.270448,1,300,92,61.98,30.33,0,660
1649764552.295445,1,300,94,61.01,87.99,1,589
1649764552.320443,1,300,101,60.13,32.97,0,589
1649764552.345440,1,300,100,59.22,33.13,0,589
1649764552.370437,1,300,105,58.48,32.55,0,589
1649764552.395434,1,300,105,57.73,34.15,0,589
1649764552.420432,1,300,104,64.91,33.92,0,589
1649764552.445429,1,262,106,64.29,91.99,1,548
1649764552.470427,1,248,109,63.94,28.45,0,548
1649764552.495424,1,254,111,63.76,27.63,0,548
1649764552.520421,1,261,113,63.80,28.23,0,548
1649764552.545419,1,300,116,63.81,31.47,0,548
1649764552.570416,1,288,111,63.84,31.43,0,548
1649764552.595413,1,289,113,63.79,68.74,1,527
1649764552.620410,1,288,112,63.83,30.10,0,527
1649764552.645408,1,288,108,63.81,29.57,0,527
1649764552.670405,1,300,105,63.94,30.95,0,527
1649764552.695402,1,300,109,64.05,25.45,0,527
1649764552.720400,1,300,110,64.30,29.72,0,527
1649764552.745397,1,300,110,64.47,104.76,1,563
1649764552.770394,1,300,107,64.73,30.96,0,563
1649764552.795392,1,300,103,64.88,30.02,0,563
1649764552.820389,1,300,104,65.12,30.31,0,563
1649764552.845386,1,300,112,65.21,30.71,0,563
1649764552.870384,1,300,108,65.38,29.86,0,563
1649764552.895381,1,300,107,65.32,81.21,1,573
1649764552.920378,1,300,107,65.28,24.17,0,573
1649764552.945375,1,300,109,65.08,24.96,0,573
1649764552.970373,1,300,108,64.97,29.87,0,573
1649764552.995370,1,300,109,64.66,24.58,0,573
1649764553.020368,1,299,107,64.51,29.75,0,573
1649764553.045365,1,300,104,64.24,99.06,1,566
1649764553.070362,1,300,104,64.12,30.62,0,566
1649764553.095360,1,300,102,63.95,25.38,0,566
1649764553.120357,1,300,109,63.96,25.41,0,566
1649764553.145354,1,300,103,63.88,29.37,0,566
1649764553.170351,1,300,102,64.05,24.78,0,566
1649764553.195349,1,300,105,64.10,67.42,1,556
1649764553.220346,1,300,101,64.36,24.57,0,556
1649764553.245343,1,300,102,64.45,24.65,0,556
1649764553.270341,1,300,104,64.72,24.66,0,556
1649764553.295338,1,300,103,64.73,24.29,0,556
1649764553.320335,1,300,107,64.79,24.52,0,556
1649764553.345333,1,300,101,64.58,74.68,1,556
1649764553.370330,1,300,103,64.58,24.82,0,556
1649764553.395327,1,300,107,64.36,25.22,0,556
1649764553.420325,1,300,105,64.34,24.69,0,556
1649764553.445322,1,300,102,64.12,24.93,0,556
1649764553.470319,1,300,102,64.05,25.03,0,556
1649764553.495317,1,300,98,63.79,95.20,1,548
1649764553.520314,1,300,99,63.74,24.53,0,548
1649764553.545311,1,300,102,63.52,29.69,0,548
1649764553.570308,1,300,100,63.49,29.58,0,548
1649764553.595306,1,300,105,63.27,24.61,0,548
1649764553.620303,1,300,106,63.30,30.66,0,548
1649764553.645300,1,300,105,63.14,113.55,1,527
1649764553.670298,1,300,107,63.21,24.67,0,527
1649764553.695295,1,300,105,63.05,24.41,0,527
1649764553.720292,1,300,103,63.14,24.30,0,527
1649764553.745290,1,300,102,63.07,24.14,0,527
1649764553.770287,1,300,102,63.17,23.99,0,527
1649764553.795284,1,300,101,63.12,87.52,1,513
1649764553.820282,1,300,104,63.31,24.56,0,513
1649764553.845279,1,300,100,63.26,24.35,0,513
1649764553.870276,1,300,99,63.44,24.42,0,513
1649764553.895273,1,300,104,63.39,24.30,0,513
1649764553.920271,1,300,103,63.50,23.70,0,513
1649764553.945268,1,300,99,63.34,69.10,1,470
1649764553.970265,1,300,100,63.33,24.33,0,470
1649764553.995263,1,300,100,63.09,30.48,0,470
1649764554.020260,1,300,102,63.07,29.48,0,470
1649764554.045258,1,300,98,62.96,23.68,0,470
1649764554.070255,1,300,98,63.06,23.65,0,470
1649764554.095252,1,300,98,62.94,76.42,1,463
1649764554.120249,1,300,101,63.09,30.81,0,463
1649764554.145247,1,300,99,62.98,23.53,0,463
1649764554.170244,1,300,100,63.09,24.30,0,463
1649764554.195241,1,300,101,62.97,23.54,0,463
1649764554.220239,1,300,101,63.10,23.71,0,463
1649764554.245236,1,300,101,62.98,99.31,1,452
1649764554.270233,1,300,101,63.10,23.90,0,452
1649764554.295231,1,300,100,62.98,32.70,0,452
1649764554.320228,1,300,103,63.11,24.30,0,452
1649764554.345225,1,300,101,63.01,24.10,0,452
1649764554.370223,1,300,104,63.18,24.11,0,452
1649764554.395220,1,300,105,63.02,88.35,1,440
1649764554.420217,1,300,104,63.16,24.14,0,440
1649764554.445215,1,300,106,63.04,24.34,0,440
1649764554.470212,1,300,107,63.19,23.97,0,440
1649764554.495209,1,300,108,63.04,23.87,0,440
1649764554.520206,1,300,103,63.19,23.77,0,440
1649764554.545204,1,300,105,63.07,75.70,1,430
1649764554.570201,1,300,107,63.20,24.07,0,430
1649764554.595198,1,300,107,63.07,23.95,0,430
1649764554.620196,1,300,106,63.24,23.73,0,430
1649764554.645193,1,300,106,63.09,23.78,0,430
1649764554.670190,1,300,107,63.24,24.30,0,430
1649764554.695188,1,300,106,63.11,91.80,1,417
1649764554.720185,1,300,107,63.25,24.21,0,417
1649764554.745182,1,300,104,63.12,23.78,0,417
1649764554.770180,1,300,105,63.28,29.89,0,417
1649764554.795177,1,300,108,63.16,23.88,0,417
1649764554.820174,1,300,107,63.28,23.81,0,417
1649764554.845171,1,300,107,63.13,78.26,1,405
1649764554.870169,1,300,104,63.29,23.76,0,405
1649764554.895166,1,300,104,63.14,23.82,0,405
1649764554.920163,1,300,105,63.31,23.77,0,405
1649764554.945161,1,300,109,63.17,23.96,0,405
1649764554.970158,1,300,107,63.33,23.88,0,405
1649764554.995156,1,300,107,63.18,155.87,1,394
1649764555.020153,1,300,103,63.34,23.77,0,394
1649764555.045150,1,300,107,63.22,24.31,0,394
1649764555.070147,1,300,109,63.36,23.96,0,394
1649764555.095145,1,300,107,63.23,23.60,0,394
1649764555.120142,1,300,105,63.36,24.11,0,394
1649764555.145139,1,300,104,63.22,87.24,1,362
1649764555.170137,1,300,110,63.36,24.26,0,362
1649764555.195134,1,300,106,63.22,23.59,0,362
1649764555.220131,1,300,105,63.37,29.65,0,362
1649764555.245128,1,300,107,63.22,24.01,0,362
1649764555.270126,1,300,105,63.38,23.83,0,362
1649764555.295123,1,300,111,63.23,155.20,1,356
1649764555.320121,1,300,106,63.38,24.34,0,356
1649764555.345118,1,300,107,63.23,23.81,0,356
1649764555.370115,1,300,105,63.40,24.00,0,356
1649764555.395113,1,300,107,63.28,24.09,0,356
1649764555.420110,1,300,102,63.47,23.62,0,356
1649764555.445107,1,300,104,63.37,137.34,1,347
1649764555.470104,1,300,105,63.52,24.38,0,347
1649764555.495102,1,300,104,63.43,23.97,0,347
1649764555.520099,1,300,104,63.62,29.96,0,347
1649764555.545096,1,300,106,63.47,23.86,0,347
1649764555.570094,1,300,106,63.59,23.70,0,347
1649764555.595091,1,300,102,63.43,101.65,1,343
1649764555.620088,1,300,104,63.55,23.85,0,343
1649764555.645086,1,300,102,63.37,23.56,0,343
1649764555.670083,1,300,104,63.46,23.86,0,343
1649764555.695080,1,300,105,63.28,24.08,0,343
1649764555.720078,1,300,102,63.37,23.60,0,343
1649764555.745075,1,300,104,63.19,106.08,1,335
1649764555.770072,1,300,101,63.28,24.14,0,335
1649764555.795069,1,300,103,63.07,23.92,0,335
1649764555.820067,1,300,103,63.13,23.91,0,335
1649764555.845064,1,300,103,62.93,24.10,0,335
1649764555.870062,1,300,107,62.98,24.50,0,335
1649764555.895059,1,300,103,62.77,165.35,1,330
1649764555.920056,1,300,103,62.81,24.53,0,330
1649764555.945053,1,300,104,62.61,24.09,0,330
1649764555.970051,1,300,103,62.66,24.39,0,330
1649764555.995048,1,300,103,62.43,23.96,0,330
1649764556.020045,1,300,103,62.46,24.76,0,330
1649764556.045043,1,300,104,62.21,167.35,1,300
1649764556.070040,1,300,108,62.20,24.78,0,300
1649764556.095035,1,300,106,61.96,24.13,0,300
1649764556.120032,1,300,106,61.94,24.62,0,300
1649764556.145029,1,300,106,61.75,30.15,0,300
1649764556.170027,1,300,110,70.37,24.31,0,300
1649764556.195024,1,300,104,70.29,169.94,1,280
1649764556.220021,1,300,107,70.48,24.15,0,280
1649764556.245018,1,300,103,70.42,23.72,0,280
1649764556.270016,1,300,102,70.64,23.62,0,280
1649764556.295013,1,300,103,70.60,23.67,0,280
1649764556.320010,1,300,99,70.82,23.48,0,280
1649764556.345008,1,300,102,70.76,131.26,1,272
1649764556.370005,1,300,102,70.94,23.88,0,272
1649764556.395002,1,300,105,70.90,23.66,0,272
1649764556.420000,1,300,102,71.08,23.51,0,272
1649764556.444997,1,300,100,70.99,23.35,0,272
1649764556.469994,1,300,102,71.15,23.72,0,272
1649764556.494992,1,300,102,71.04,141.87,1,254
1649764556.519989,1,300,102,71.18,23.53,0,254
1649764556.544986,1,300,104,71.06,24.12,0,254
1649764556.569983,1,300,104,71.20,23.90,0,254
1649764556.594981,1,300,102,71.10,23.55,0,254
1649764556.619978,1,300,102,71.24,23.89,0,254
1649764556.644976,1,300,102,71.15,89.13,1,225
1649764556.669973,1,300,102,71.27,23.97,0,225
1649764556.694970,1,300,101,71.21,23.43,0,225
1649764556.719968,1,300,100,71.35,23.75,0,225
1649764556.744965,1,300,101,71.28,23.46,0,225
1649764556.769962,1,300,100,71.42,23.50,0,225
1649764556.794960,1,300,99,71.36,77.06,1,206
1649764556.819957,1,300,102,71.48,23.80,0,206
1649764556.844954,1,300,98,71.42,23.71,0,206
1649764556.869951,1,300,103,71.54,23.68,0,206
1649764556.894949,1,300,103,71.49,23.70,0,206
1649764556.919946,1,300,103,71.61,23.51,0,206
1649764556.944943,1,300,99,71.56,62.34,1,172
1649764556.969940,1,300,105,71.66,23.88,0,172
1649764556.994938,1,300,103,71.64,23.93,0,172
1649764557.019935,1,300,104,71.74,23.81,0,172
1649764557.044933,1,300,105,71.67,23.66,0,172
1649764557.069930,1,300,101,71.78,23.45,0,172
1649764557.094927,1,300,105,71.72,111.28,1,183
1649764557.119925,1,300,104,71.80,23.70,0,183
1649764557.144922,1,300,103,71.74,23.38,0,183
1649764557.169919,1,300,103,71.80,23.67,0,183
1649764557.194917,1,300,100,71.74,23.26,0,183
1649764557.219914,1,300,100,71.79,23.37,0,183
1649764557.244911,1,300,104,71.73,62.40,1,164
1649764557.269908,1,300,102,71.77,23.62,0,164
1649764557.294906,1,300,102,71.72,24.14,0,164
1649764557.319903,1,300,101,71.75,23.68,0,164
1649764557.344900,1,300,100,71.68,23.52,0,164
1649764557.369898,1,300,104,71.72,23.39,0,164
1649764557.394895,1,300,102,71.68,89.72,1,203
1649764557.419892,1,300,102,71.71,23.56,0,203
1649764557.444890,1,300,103,71.68,23.07,0,203
1649764557.469887,1,300,101,71.71,23.33,0,203
1649764557.494884,1,300,105,71.68,23.20,0,203
1649764557.519881,1,300,102,71.73,23.28,0,203
1649764557.544879,1,300,103,71.69,62.31,1,182
1649764557.569876,1,300,102,71.74,23.42,0,182
1649764557.594874,1,300,103,71.70,23.28,0,182
1649764557.619871,1,300,103,71.76,23.13,0,182
1649764557.644868,1,300,104,71.77,23.40,0,182
1649764557.669865,1,300,104,71.80,23.21,0,182
1649764557.694863,1,300,103,71.77,65.08,1,154
1649764557.719860,1,300,103,71.81,23.21,0,154
1649764557.744857,1,300,102,71.79,23.38,0,154
1649764557.769855,1,300,103,71.80,23.21,0,154
1649764557.794852,1,300,103,71.80,23.10,0,154
1649764557.819849,1,300,102,71.81,23.22,0,154
1649764557.844846,1,300,102,71.82,75.40,1,184
1649764557.869844,1,300,104,71.82,23.40,0,184
1649764557.894841,1,300,105,71.83,23.03,0,184
1649764557.919839,1,300,105,71.85,23.35,0,184
1649764557.944836,1,300,98,71.85,23.05,0,184
1649764557.969833,1,300,101,71.84,22.89,0,184
1649764557.994831,1,300,102,71.87,89.57,1,178
1649764558.019828,1,300,102,71.88,23.15,0,178
1649764558.044825,1,300,102,71.89,22.91,0,178
1649764558.069823,1,300,101,71.90,22.82,0,178
1649764558.094820,1,300,100,71.90,22.88,0,178
1649764558.119817,1,300,102,71.89,23.08,0,178
1649764558.144814,1,300,103,71.90,75.45,1,174
1649764558.169812,1,300,106,71.89,23.18,0,174
1649764558.194809,1,300,99,71.92,22.68,0,174
1649764558.219806,1,300,102,71.91,22.99,0,174
1649764558.244804,1,300,101,71.95,22.93,0,174
1649764558.269801,1,300,103,71.94,22.83,0,174
1649764558.294798,1,300,100,71.99,66.18,1,153
1649764558.319796,1,300,102,71.97,22.67,0,153
1649764558.344793,1,300,103,71.98,23.42,0,153
1649764558.369790,1,300,105,71.94,23.00,0,153
1649764558.394788,1,300,105,72.00,23.21,0,153
1649764558.419785,1,300,105,71.94,22.86,0,153
1649764558.444782,1,300,105,71.96,79.50,1,162
1649764558.469780,1,300,103,71.81,23.63,0,162
1649764558.494777,1,300,105,71.78,23.26,0,162
1649764558.519774,1,300,103,71.70,22.93,0,162
1649764558.544772,1,300,103,71.76,22.84,0,162
1649764558.569769,1,300,102,71.76,28.79,0,162
1649764558.594766,1,300,102,71.82,83.86,1,183
1649764558.619763,1,300,102,71.74,22.95,0,183
1649764558.644761,1,300,107,71.77,23.13,0,183
1649764558.669758,1,300,101,71.67,22.62,0,183
1649764558.694755,1,300,105,71.74,23.03,0,183
1649764558.719753,1,300,102,71.68,23.21,0,183
1649764558.744750,1,300,100,71.72,102.39,1,147
1649764558.769747,1,300,103,71.66,22.99,0,147
1649764558.794744,1,300,104,71.71,23.10,0,147
1649764558.819742,1,300,103,71.60,22.98,0,147
1649764558.844739,1,300,104,71.68,22.82,0,147
1649764558.869737,1,300,103,71.57,23.02,0,147
1649764558.894734,1,300,104,71.61,71.72,1,133
1649764558.919731,1,300,104,71.55,23.04,0,133
1649764558.944729,1,300,106,71.61,23.30,0,133
1649764558.969726,1,300,106,71.56,23.03,0,133
1649764558.994723,1,300,105,71.66,23.12,0,133
1649764559.019721,1,300,109,71.59,23.17,0,133
1649764559.044718,1,300,105,71.75,87.12,1,142
1649764559.069715,1,300,105,71.73,23.40,0,142
1649764559.094712,1,300,108,71.90,23.57,0,142
1649764559.119710,1,300,110,71.87,23.45,0,142
1649764559.144707,1,300,104,72.05,22.85,0,142
1649764559.169704,1,300,103,71.99,22.97,0,142
1649764559.194702,1,300,106,72.19,91.30,1,143
1649764559.219699,1,300,104,72.12,23.12,0,143
1649764559.244696,1,300,106,72.20,23.24,0,143
1649764559.269694,1,300,106,72.15,22.96,0,143
1649764559.294691,1,300,105,72.28,22.88,0,143
1649764559.319689,1,300,107,72.16,22.88,0,143
1649764559.344686,1,300,107,72.27,75.40,1,132
1649764559.369683,1,300,106,72.13,23.99,0,132
1649764559.394680,1,300,108,72.26,23.74,0,132
1649764559.419678,1,300,106,72.12,23.42,0,132
1649764559.444675,1,300,104,72.22,23.07,0,132
1649764559.469672,1,300,106,72.06,23.27,0,132
1649764559.494670,1,300,107,72.17,81.95,1,158
1649764559.519667,1,300,105,71.83,29.57,0,158
1649764559.544664,1,300,106,71.62,29.66,0,158
1649764559.569661,1,300,99,71.31,29.12,0,158
1649764559.594659,1,297,98,71.51,29.50,0,158
1649764559.619656,1,296,100,71.80,29.15,0,158
1649764559.644653,1,300,90,72.58,108.21,1,248
1649764559.669651,1,291,95,73.29,29.35,0,248
1649764559.694648,1,275,97,74.33,28.65,0,248
1649764559.719645,1,273,103,75.07,27.53,0,248
1649764559.744642,1,269,120,76.04,28.32,0,248
1649764559.769640,1,267,117,76.66,28.00,0,248
1649764559.794637,1,296,117,77.56,113.38,1,261
1649764559.819635,1,300,125,78.24,31.22,0,261
1649764559.844632,1,300,124,79.32,31.88,0,261
1649764559.869629,1,265,133,80.16,29.62,0,261
1649764559.894627,1,300,134,81.41,29.06,0,261
1649764559.919624,1,300,134,82.39,30.81,0,261
1649764559.944621,1,300,143,78.43,100.52,1,283
1649764559.969618,1,300,139,79.21,31.68,0,283
1649764559.994616,1,300,143,80.30,31.88,0,283
1649764560.019613,1,300,130,75.88,31.72,0,283
1649764560.044611,1,300,132,76.54,30.51,0,283
1649764560.069608,1,300,133,76.72,31.31,0,283
1649764560.094599,1,300,143,77.12,103.19,1,306
1649764560.119597,1,284,138,76.81,32.35,0,306
1649764560.144594,1,262,129,76.62,29.38,0,306
1649764560.169591,1,254,135,75.92,29.12,0,306
1649764560.194588,1,256,135,75.54,28.63,0,306
1649764560.219586,1,257,140,74.58,28.54,0,306
1649764560.244583,1,236,135,73.93,126.26,1,323
1649764560.269580,1,235,142,72.95,28.30,0,323
1649764560.294578,1,239,149,72.40,27.08,0,323
1649764560.319575,1,283,168,71.55,30.10,0,323
1649764560.344572,1,266,173,71.02,30.46,0,323
1649764560.369570,1,259,173,70.15,29.64,0,323
1649764560.394567,1,253,189,69.62,135.18,1,367
1649764560.419564,1,252,186,68.89,29.34,0,367
1649764560.444561,1,300,208,68.52,32.07,0,367
1649764560.469558,1,300,206,67.88,32.61,0,367
1649764560.494556,1,294,208,67.54,31.82,0,367
1649764560.519553,1,270,207,66.95,31.35,0,367
1649764560.544550,1,254,199,66.75,127.00,1,428
1649764560.569548,1,252,203,66.32,28.88,0,428
1649764560.594545,1,246,201,66.37,27.63,0,428
1649764560.619542,1,262,203,66.25,29.25,0,428
1649764560.644540,1,262,221,66.68,29.60,0,428
1649764560.669537,1,258,219,66.84,28.37,0,428
1649764560.694534,1,262,223,67.44,109.43,1,433
1649764560.719531,1,275,219,67.92,29.44,0,433
1649764560.744529,1,271,213,68.81,29.71,0,433
1649764560.769526,1,289,218,69.47,30.71,0,433
1649764560.794523,1,300,223,70.48,30.89,0,433
1649764560.819520,1,300,220,71.15,32.05,0,433
1649764560.844518,1,300,214,72.27,97.19,1,477
1649764560.869515,1,300,206,73.14,31.51,0,477
1649764560.894512,1,300,189,74.38,29.72,0,477
1649764560.919510,1,300,193,71.12,30.12,0,477
1649764560.944507,1,300,190,72.25,30.37,0,477
1649764560.969504,1,300,179,73.11,30.11,0,477
1649764560.994501,1,300,173,74.32,65.02,1,515
1649764561.019499,1,295,175,70.66,30.58,0,515
1649764561.044496,1,295,181,71.80,30.68,0,515
1649764561.069494,1,298,185,72.50,30.50,0,515
1649764561.094491,1,300,182,73.65,30.48,0,515
1649764561.119488,1,300,179,74.21,30.01,0,515
1649764561.144485,1,300,181,75.10,68.64,1,570
1649764561.169482,1,300,175,75.45,29.87,0,570
1649764561.194480,1,300,170,76.23,29.16,0,570
1649764561.219477,1,300,161,72.54,29.43,0,570
1649764561.244474,1,300,155,73.20,28.87,0,570
1649764561.269472,1,295,149,73.46,28.27,0,570
1649764561.294469,1,300,142,74.11,88.67,1,613
1649764561.319466,1,300,139,74.25,28.13,0,613
1649764561.344464,1,300,134,74.75,28.32,0,613
1649764561.369461,1,300,129,74.77,27.51,0,613
1649764561.394458,1,300,132,75.15,27.07,0,613
1649764561.419456,1,300,129,75.03,27.83,0,613
1649764561.444453,1,300,126,75.32,66.75,1,644
1649764561.469450,1,300,128,75.13,28.13,0,644
1649764561.494447,1,292,126,75.37,26.92,0,644
1649764561.519444,1,300,124,75.18,26.89,0,644
1649764561.544442,1,300,111,75.36,26.79,0,644
1649764561.569439,1,300,105,75.07,26.37,0,644
1649764561.594436,1,300,105,75.15,91.14,1,667
1649764561.619434,1,292,105,74.80,26.19,0,667
1649764561.644431,1,300,105,74.86,25.62,0,667
1649764561.669428,1,300,97,74.53,25.71,0,667
1649764561.694426,1,300,99,74.67,27.22,0,667
1649764561.719423,1,300,105,74.37,26.81,0,667
1649764561.744420,1,300,103,74.56,94.30,1,696
1649764561.769418,1,300,106,74.35,28.20,0,696
1649764561.794415,1,300,106,74.48,27.31,0,696
1649764561.819412,1,300,104,74.07,26.17,0,696
1649764561.844409,1,300,106,74.04,26.47,0,696
1649764561.869406,1,300,100,73.58,26.81,0,696
1649764561.894404,1,300,93,73.64,96.93,1,715
1649764561.919401,1,300,98,73.30,26.88,0,715
1649764561.944398,1,300,104,73.42,27.79,0,715
1649764561.969395,1,300,118,73.18,27.73,0,715
1649764561.994393,1,300,128,73.43,28.19,0,715
1649764562.019390,1,300,130,73.25,28.21,0,715
1649764562.044388,1,300,122,73.49,99.08,1,750
1649764562.069385,1,293,122,73.27,27.55,0,750
1649764562.094382,1,288,120,73.48,27.58,0,750
1649764562.119379,1,300,119,73.21,27.71,0,750
1649764562.144377,1,300,122,73.33,28.25,0,750
1649764562.169374,1,300,116,73.03,27.66,0,750
1649764562.194371,1,300,117,73.16,70.04,1,791
1649764562.219368,1,300,113,72.91,27.71,0,791
1649764562.244365,1,300,116,73.14,27.83,0,791
1649764562.269363,1,300,119,72.93,27.61,0,791
1649764562.294360,1,300,119,73.10,27.87,0,791
1649764562.319358,1,300,125,72.79,28.55,0,791
1649764562.344355,1,300,122,72.89,71.60,1,809
1649764562.369352,1,300,121,72.53,29.16,0,809
1649764562.394349,1,300,116,72.60,28.29,0,809
1649764562.419347,1,300,116,72.25,27.95,0,809
1649764562.444344,1,299,122,72.35,27.72,0,809
1649764562.469341,1,290,121,72.01,27.25,0,809
1649764562.494339,1,289,117,72.02,68.81,1,826
1649764562.519336,1,300,130,71.57,28.61,0,826
1649764562.544333,1,300,132,71.59,28.44,0,826
1649764562.569330,1,280,130,71.21,27.31,0,826
1649764562.594327,1,300,144,71.26,27.90,0,826
1649764562.619325,1,300,147,70.81,29.15,0,826
1649764562.644322,1,300,150,70.73,72.11,1,857
1649764562.669319,1,300,153,70.13,29.68,0,857
1649764562.694317,1,300,150,69.94,28.36,0,857
1649764562.719314,1,300,153,69.37,30.25,0,857
1649764562.744311,1,300,152,69.18,28.96,0,857
1649764562.769309,1,291,153,68.62,28.32,0,857
1649764562.794306,1,300,153,68.46,74.09,1,875
1649764562.819303,1,300,161,67.92,29.22,0,875
1649764562.844301,1,300,150,67.84,29.09,0,875
1649764562.869298,1,300,150,67.38,29.46,0,875
1649764562.894295,1,300,155,67.40,28.53,0,875
1649764562.919292,1,289,152,67.03,28.52,0,875
1649764562.944289,1,280,154,67.09,73.86,1,891
1649764562.969287,1,274,149,66.76,27.65,0,891
1649764562.994284,1,268,150,66.84,26.72,0,891
1649764563.019282,1,268,151,66.51,27.30,0,891
1649764563.044279,1,267,156,66.64,27.05,0,891
1649764563.069276,1,300,169,66.34,28.57,0,891
1649764563.094273,1,300,182,66.44,77.06,1,919
1649764563.119271,1,300,177,66.05,30.26,0,919
1649764563.144268,1,300,176,66.07,29.36,0,919
1649764563.169265,1,300,175,65.68,29.91,0,919
1649764563.194263,1,300,172,65.74,29.85,0,919
1649764563.219260,1,300,162,65.32,29.81,0,919
1649764563.244257,1,295,167,65.33,77.17,1,932
1649764563.269254,1,281,162,64.91,29.06,0,932
1649764563.294252,1,300,171,64.88,29.65,0,932
1649764563.319249,1,300,168,64.49,30.45,0,932
1649764563.344246,1,300,175,64.64,29.83,0,932
1649764563.369243,1,300,172,64.38,30.26,0,932
1649764563.394241,1,291,170,64.52,93.71,1,954
1649764563.419238,1,300,168,64.16,30.04,0,954
1649764563.444235,1,300,168,64.21,29.20,0,954
1649764563.469233,1,295,172,63.69,28.78,0,954
1649764563.494230,1,300,171,63.59,29.65,0,954
1649764563.519227,1,300,163,63.08,30.13,0,954
1649764563.544225,1,300,161,63.10,94.54,1,968
1649764563.569222,1,300,157,62.66,30.42,0,968
1649764563.594219,1,300,158,62.67,29.28,0,968
1649764563.619216,1,300,170,62.05,29.92,0,968
1649764563.644213,1,300,166,61.82,29.62,0,968
1649764563.669211,1,300,170,61.08,29.54,0,968
1649764563.694208,1,300,168,60.85,126.83,1,1001
1649764563.719205,1,300,180,60.22,30.19,0,1001
1649764563.744203,1,300,178,60.18,29.85,0,1001
1649764563.769200,1,290,177,59.73,28.90,0,1001
1649764563.794197,1,276,174,59.78,28.10,0,1001
1649764563.819195,1,278,181,59.43,28.37,0,1001
1649764563.844192,1,300,191,59.53,101.79,1,1040
1649764563.869189,1,298,195,59.18,30.03,0,1040
1649764563.894186,1,289,192,59.33,30.63,0,1040
1649764563.919184,1,299,205,59.02,30.42,0,1040
1649764563.944181,1,300,205,59.18,30.76,0,1040
1649764563.969178,1,300,206,58.91,30.80,0,1040
1649764563.994175,1,300,203,59.04,120.77,1,1051
1649764564.019173,1,300,201,58.76,30.63,0,1051
1649764564.044170,1,300,201,58.89,31.45,0,1051
1649764564.069167,1,300,204,58.55,32.04,0,1051
1649764564.094165,1,300,198,58.64,30.15,0,1051
1649764564.119162,1,300,198,58.24,30.88,0,1051
1649764564.144159,1,300,193,58.28,125.72,1,1058
1649764564.169156,1,300,201,57.86,32.43,0,1058
1649764564.194154,1,297,203,58.00,30.11,0,1058
1649764564.219151,1,300,213,57.70,31.09,0,1058
1649764564.244148,1,300,216,57.91,30.60,0,1058
1649764564.269145,1,300,214,57.65,30.75,0,1058
1649764564.294143,1,300,210,57.91,112.62,1,1047
1649764564.319140,1,300,213,57.70,31.49,0,1047
1649764564.344137,1,300,205,58.02,31.08,0,1047
1649764564.369135,1,300,210,57.84,30.76,0,1047
1649764564.394132,1,300,203,58.21,32.05,0,1047
1649764564.419129,1,300,216,57.97,31.12,0,1047
1649764564.444126,1,300,209,58.25,134.96,1,1041
1649764564.469124,1,300,217,57.99,31.28,0,1041
1649764564.494121,1,300,212,58.23,30.52,0,1041
1649764564.519119,1,300,233,57.92,31.28,0,1041
1649764564.544116,1,300,221,58.21,30.75,0,1041
1649764564.569113,1,300,223,57.96,31.57,0,1041
1649764564.594110,1,300,222,66.12,138.79,1,1008
1649764564.619107,1,300,229,65.76,31.74,0,1008
1649764564.644105,1,300,217,66.05,31.04,0,1008
1649764564.669102,1,300,224,65.67,30.90,0,1008
1649764564.694099,1,300,217,65.97,31.68,0,1008
1649764564.719097,1,300,227,65.63,31.20,0,1008
1649764564.744094,1,300,221,66.00,142.66,1,975
1649764564.769091,1,300,238,65.71,32.23,0,975
1649764564.794088,1,300,219,66.13,31.54,0,975
1649764564.819086,1,298,224,65.89,31.57,0,975
1649764564.844083,1,300,212,66.33,31.68,0,975
1649764564.869081,1,300,223,66.08,32.10,0,975
1649764564.894078,1,300,214,66.52,150.43,1,968
1649764564.919075,1,296,211,66.23,32.41,0,968
1649764564.944072,1,287,205,66.60,31.04,0,968
1649764564.969069,1,276,194,66.23,30.33,0,968
1649764564.994067,1,268,183,66.56,29.53,0,968
1649764565.019064,1,262,181,66.17,28.81,0,968
1649764565.044061,1,248,159,66.51,146.64,1,894
1649764565.069059,1,248,159,66.04,27.60,0,894
1649764565.094056,1,239,145,66.28,26.92,0,894
1649764565.119053,1,235,142,65.69,26.95,0,894
1649764565.144051,1,224,120,65.84,26.36,0,894
1649764565.169048,1,219,125,65.11,26.34,0,894
1649764565.194045,1,240,129,65.12,130.48,1,860
1649764565.219042,1,229,128,64.23,26.25,0,860
1649764565.244040,1,300,143,64.14,29.98,0,860
1649764565.269037,1,300,146,63.15,30.92,0,860
1649764565.294034,1,300,150,63.06,31.38,0,860
1649764565.319031,1,273,153,62.19,30.10,0,860
1649764565.344029,1,265,149,62.18,123.13,1,878
1649764565.369026,1,262,154,61.38,29.22,0,878
1649764565.394023,1,259,152,61.42,28.42,0,878
1649764565.419021,1,256,152,60.65,28.41,0,878
1649764565.444018,1,249,158,60.63,28.40,0,878
1649764565.469015,1,252,154,59.75,28.03,0,878
1649764565.494012,1,260,160,67.71,102.98,1,886
1649764565.519010,1,300,182,66.69,31.60,0,886
1649764565.544007,1,300,178,66.63,31.35,0,886
1649764565.569004,1,285,181,65.73,31.71,0,886
1649764565.594002,1,300,174,65.73,30.55,0,886
1649764565.618999,1,281,168,64.89,32.64,0,886
1649764565.643996,1,300,173,65.01,123.09,1,895
1649764565.668993,1,289,169,64.32,32.18,0,895
1649764565.693991,1,281,169,64.48,30.80,0,895
1649764565.718988,1,272,159,63.95,29.26,0,895
1649764565.743985,1,285,153,64.14,30.20,0,895
1649764565.768983,1,279,153,63.68,30.06,0,895
1649764565.793980,1,264,143,63.87,118.86,1,897
1649764565.818977,1,272,135,63.49,28.84,0,897
1649764565.843974,1,264,130,63.80,28.26,0,897
1649764565.868972,1,257,131,63.65,28.90,0,897
1649764565.893969,1,249,121,64.04,26.98,0,897
1649764565.918966,1,270,119,64.07,27.59,0,897
1649764565.943964,1,255,108,64.41,117.08,1,888
1649764565.968961,1,247,96,64.45,27.96,0,888
1649764565.993958,1,257,97,64.93,27.12,0,888
1649764566.018955,1,300,100,65.23,29.20,0,888
1649764566.043953,1,300,93,65.68,30.00,0,888
1649764566.068950,1,300,90,65.91,31.19,0,888
1649764566.093950,1,300,89,66.12,112.90,1,878
1649764566.118947,1,300,89,66.31,31.44,0,878
1649764566.143945,1,300,90,66.48,30.49,0,878
1649764566.168942,1,300,90,66.71,30.22,0,878
1649764566.193939,1,300,94,66.95,30.21,0,878
1649764566.218936,1,300,95,67.25,30.10,0,878
1649764566.243934,1,300,89,67.61,114.30,1,892
1649764566.268931,1,300,88,68.06,29.18,0,892
1649764566.293928,1,300,88,68.54,29.33,0,892
1649764566.318926,1,300,91,69.09,24.37,0,892
1649764566.343923,1,300,91,69.60,24.05,0,892
1649764566.368920,1,300,91,70.25,29.18,0,892
1649764566.393917,1,300,93,70.77,106.37,1,899
1649764566.418915,1,300,95,71.29,24.31,0,899
1649764566.443912,1,300,93,71.67,23.84,0,899
1649764566.468909,1,300,87,72.16,23.39,0,899
1649764566.493906,1,300,95,72.48,24.16,0,899
1649764566.518904,1,300,94,72.79,28.55,0,899
1649764566.543901,1,300,95,72.89,118.43,1,892
1649764566.568898,1,300,91,73.06,23.48,0,892
1649764566.593896,1,300,95,73.08,23.59,0,892
1649764566.618893,1,300,95,73.18,23.41,0,892
1649764566.643890,1,300,95,73.10,23.55,0,892
1649764566.668888,1,300,91,73.20,23.58,0,892
1649764566.693885,1,300,90,73.11,114.25,1,878
1649764566.718882,1,300,95,73.28,23.97,0,878
1649764566.743879,1,300,91,73.29,28.40,0,878
1649764566.768877,1,300,91,73.53,28.76,0,878
1649764566.793874,1,300,92,73.60,23.68,0,878
1649764566.818871,1,300,92,73.84,23.75,0,878
1649764566.843868,1,300,90,73.90,111.72,1,836
1649764566.868866,1,300,89,74.17,28.52,0,836
1649764566.893863,1,300,92,74.23,23.38,0,836
1649764566.918860,1,300,90,74.46,23.81,0,836
1649764566.943858,1,300,90,74.42,28.15,0,836
1649764566.968855,1,300,91,74.55,23.30,0,836
1649764566.993852,1,300,91,74.44,87.61,1,821
1649764567.018850,1,300,91,74.47,28.94,0,821
1649764567.043847,1,300,93,74.30,28.45,0,821
1649764567.068844,1,300,94,74.34,23.38,0,821
1649764567.093841,1,300,92,74.17,28.96,0,821
1649764567.118839,1,300,97,74.20,28.86,0,821
1649764567.143836,1,300,98,74.08,111.61,1,796
1649764567.168833,1,300,98,74.27,23.95,0,796
1649764567.193830,1,300,98,74.25,23.51,0,796
1649764567.218828,1,300,99,74.50,23.52,0,796
1649764567.243825,1,300,100,74.64,23.87,0,796
1649764567.268822,1,300,97,75.04,23.38,0,796
1649764567.293820,1,300,95,75.27,79.79,1,760
1649764567.318817,1,300,94,75.77,24.28,0,760
1649764567.343814,1,300,100,72.01,28.63,0,760
1649764567.368812,1,300,101,72.56,28.55,0,760
1649764567.393809,1,300,102,72.76,27.78,0,760
1649764567.418806,1,300,102,73.12,28.07,0,760
1649764567.443803,1,300,102,73.13,75.37,1,748
1649764567.468801,1,300,99,73.31,23.65,0,748
1649764567.493798,1,300,98,73.17,22.60,0,748
1649764567.518795,1,300,96,73.27,22.28,0,748
1649764567.543792,1,300,99,73.09,27.92,0,748
1649764567.568790,1,300,101,73.16,27.87,0,748
1649764567.593787,1,300,101,72.94,118.05,1,726
1649764567.618784,1,300,99,72.90,23.37,0,726
1649764567.643782,1,300,99,72.61,28.26,0,726
1649764567.668779,1,300,101,72.61,23.03,0,726
1649764567.693776,1,300,98,72.42,22.67,0,726
1649764567.718774,1,300,98,72.52,22.80,0,726
1649764567.743771,1,300,97,72.34,125.39,1,703
1649764567.768768,1,300,99,72.46,22.92,0,703
1649764567.793765,1,300,99,72.31,22.44,0,703
1649764567.818763,1,300,96,72.46,22.54,0,703
1649764567.843760,1,300,100,72.31,22.40,0,703
1649764567.868757,1,300,99,72.42,22.49,0,703
1649764567.893754,1,300,98,72.21,93.06,1,668
1649764567.918752,1,300,97,72.29,22.95,0,668
1649764567.943749,1,300,98,72.15,23.29,0,668
1649764567.968746,1,300,99,72.23,22.82,0,668
1649764567.993744,1,300,99,71.98,22.90,0,668
1649764568.018741,1,300,98,72.01,22.77,0,668
1649764568.043738,1,300,95,71.78,126.90,1,627
1649764568.068736,1,300,95,71.90,23.25,0,627
1649764568.093733,1,300,100,71.76,23.79,0,627
1649764568.118730,1,300,99,71.95,23.39,0,627
1649764568.143727,1,300,97,71.84,23.29,0,627
1649764568.168725,1,300,97,72.06,28.16,0,627
1649764568.193722,1,300,98,71.99,101.65,1,596
1649764568.218719,1,300,94,72.20,23.08,0,596
1649764568.243716,1,300,93,72.11,27.77,0,596
1649764568.268714,1,300,91,72.30,22.96,0,596
1649764568.293711,1,300,93,72.18,22.81,0,596
1649764568.318708,1,300,94,72.33,28.72,0,596
1649764568.343706,1,300,94,72.16,82.30,1,573
1649764568.368703,1,300,92,72.31,22.37,0,573
1649764568.393700,1,300,94,72.16,22.44,0,573
1649764568.418697,1,300,93,72.31,22.58,0,573
1649764568.443695,1,300,93,72.13,22.50,0,573
1649764568.468692,1,300,96,72.24,22.49,0,573
1649764568.493689,1,300,93,72.02,144.86,1,554
1649764568.518687,1,300,94,72.15,22.71,0,554
1649764568.543684,1,300,90,71.92,22.33,0,554
1649764568.568681,1,300,95,72.08,22.38,0,554
1649764568.593678,1,300,94,71.94,22.09,0,554
1649764568.618676,1,300,92,72.15,22.41,0,554
1649764568.643673,1,300,98,71.99,88.41,1,526
1649764568.668670,1,300,94,72.21,23.32,0,526
1649764568.693668,1,300,95,72.06,22.58,0,526
1649764568.718665,1,300,93,72.24,22.40,0,526
1649764568.743662,1,300,95,72.03,22.54,0,526
1649764568.768659,1,300,94,72.20,22.38,0,526
1649764568.793657,1,300,94,72.01,138.38,1,504
1649764568.818654,1,300,93,72.13,22.77,0,504
1649764568.843651,1,300,93,71.94,22.40,0,504
1649764568.868649,1,300,91,72.08,29.06,0,504
1649764568.893646,1,300,91,71.87,22.54,0,504
1649764568.918643,1,300,93,72.03,22.66,0,504
1649764568.943640,1,300,93,71.85,101.35,1,486
1649764568.968638,1,300,95,72.01,22.81,0,486
1649764568.993635,1,300,94,71.76,22.70,0,486
1649764569.018632,1,300,94,71.77,23.20,0,486
1649764569.043630,1,300,96,71.42,23.26,0,486
1649764569.068627,1,300,95,71.41,29.29,0,486
1649764569.093624,1,300,92,71.08,159.21,1,450
1649764569.118621,1,300,93,71.15,28.42,0,450
1649764569.143619,1,300,93,70.94,23.09,0,450
1649764569.168616,1,300,94,71.14,28.03,0,450
1649764569.193613,1,300,91,71.00,22.98,0,450
1649764569.218611,1,300,92,71.22,23.08,0,450
1649764569.243608,1,300,92,71.07,171.43,1,443
1649764569.268605,1,300,94,71.26,23.37,0,443
1649764569.293602,1,300,92,71.14,23.07,0,443
1649764569.318600,1,300,94,71.35,23.23,0,443
1649764569.343597,1,300,93,71.21,23.15,0,443
1649764569.368594,1,300,97,71.45,23.05,0,443
1649764569.393591,1,300,94,71.32,219.25,1,418
1649764569.418589,1,300,92,71.52,23.42,0,418
1649764569.443586,1,300,92,71.35,23.01,0,418
1649764569.468583,1,300,93,71.59,22.85,0,418
1649764569.493581,1,300,94,71.40,22.94,0,418
1649764569.518578,1,300,93,71.60,23.14,0,418
1649764569.543575,1,300,92,71.36,123.90,1,352
1649764569.568573,1,300,95,71.56,23.19,0,352
1649764569.593570,1,300,93,71.38,22.58,0,352
1649764569.618567,1,300,89,71.54,22.25,0,352
1649764569.643564,1,300,92,71.36,22.42,0,352
1649764569.668561,1,300,90,71.56,22.56,0,352
1649764569.693559,1,300,91,71.37,215.33,1,338
1649764569.718556,1,300,91,71.58,22.39,0,338
1649764569.743553,1,300,94,71.37,22.53,0,338
1649764569.768551,1,300,92,71.56,22.34,0,338
1649764569.793548,1,300,93,71.36,22.39,0,338
1649764569.818545,1,300,91,71.53,22.26,0,338
1649764569.843543,1,300,95,71.36,119.05,1,293
1649764569.868540,1,300,92,71.57,22.22,0,293
1649764569.893537,1,300,93,71.36,22.14,0,293
1649764569.918535,1,300,91,71.56,22.26,0,293
1649764569.943532,1,300,93,71.37,22.64,0,293
1649764569.968529,1,300,92,71.58,22.47,0,293
1649764569.993526,1,300,92,71.39,99.47,1,288
1649764570.018523,1,300,91,71.58,22.45,0,288
1649764570.043521,1,300,92,71.41,22.31,0,288
1649764570.068518,1,300,92,71.60,22.36,0,288
1649764570.093521,1,300,93,71.41,22.37,0,288
1649764570.118519,1,300,93,71.60,22.69,0,288
1649764570.143516,1,300,93,71.39,116.72,1,268
1649764570.168513,1,300,95,71.60,22.73,0,268
1649764570.193510,1,300,92,71.41,22.14,0,268
1649764570.218508,1,300,93,71.59,22.45,0,268
1649764570.243505,1,300,91,71.37,22.40,0,268
1649764570.268502,1,300,92,71.58,22.27,0,268
1649764570.293500,1,300,92,71.38,114.06,1,210
1649764570.318497,1,300,91,71.59,23.26,0,210
1649764570.343494,1,300,93,71.37,22.26,0,210
1649764570.368491,1,300,93,71.58,22.51,0,210
1649764570.393489,1,300,90,71.36,22.64,0,210
1649764570.418486,1,300,93,71.54,22.64,0,210
1649764570.443483,1,300,92,71.32,92.12,1,239
1649764570.468481,1,300,91,71.53,22.56,0,239
1649764570.493478,1,300,93,71.35,22.41,0,239
1649764570.518476,1,300,93,71.55,22.69,0,239
1649764570.543473,1,300,91,71.32,22.61,0,239
1649764570.568470,1,300,90,71.55,22.45,0,239
1649764570.593467,1,300,91,71.34,68.21,1,255
1649764570.618465,1,300,91,71.54,22.69,0,255
1649764570.643462,1,300,90,71.33,22.67,0,255
1649764570.668459,1,300,90,71.53,22.47,0,255
1649764570.693457,1,300,91,71.33,22.24,0,255
1649764570.718454,1,300,89,71.54,22.44,0,255
1649764570.743451,1,300,90,71.35,64.61,1,260
1649764570.768449,1,300,93,71.58,23.17,0,260
1649764570.793446,1,300,89,71.36,22.55,0,260
1649764570.818443,1,300,91,71.57,22.40,0,260
1649764570.843441,1,300,91,71.36,22.29,0,260
1649764570.868438,1,300,92,71.57,22.31,0,260
1649764570.893435,1,300,90,71.36,55.04,1,269
1649764570.918432,1,300,93,71.58,22.77,0,269
1649764570.943430,1,300,89,71.36,22.47,0,269
1649764570.968427,1,300,93,71.60,22.55,0,269
1649764570.993424,1,300,90,71.37,22.25,0,269
1649764571.018422,1,300,92,71.58,22.46,0,269
1649764571.043419,1,300,91,71.37,61.13,1,269
1649764571.068416,1,300,90,71.60,23.18,0,269
1649764571.093414,1,300,90,71.38,22.65,0,269
1649764571.118411,1,300,89,71.61,22.44,0,269
1649764571.143408,1,300,89,71.39,22.54,0,269
1649764571.168406,1,300,91,71.61,22.71,0,269
1649764571.193403,1,300,88,71.37,74.22,1,271
1649764571.218400,1,300,91,71.62,22.76,0,271
1649764571.243398,1,300,92,71.39,22.64,0,271
1649764571.268395,1,300,90,71.62,22.57,0,271
1649764571.293392,1,300,90,71.39,22.29,0,271
1649764571.318389,1,300,91,71.61,22.64,0,271
1649764571.343387,1,300,90,71.39,69.00,1,273
1649764571.368384,1,300,92,71.62,22.64,0,273
1649764571.393381,1,300,91,71.39,22.59,0,273
1649764571.418379,1,300,91,71.60,22.69,0,273
1649764571.443376,1,300,90,71.36,22.67,0,273
1649764571.468373,1,300,91,71.59,23.10,0,273
1649764571.493371,1,300,92,71.35,81.85,1,271
1649764571.518368,1,300,92,71.57,22.72,0,271
1649764571.543365,1,300,92,71.36,22.64,0,271
1649764571.568363,1,300,92,71.58,22.59,0,271
1649764571.593360,1,300,91,71.36,22.58,0,271
1649764571.618357,1,300,94,71.55,22.36,0,271
1649764571.643355,1,300,91,71.34,92.81,1,266
1649764571.668352,1,300,91,71.58,23.03,0,266
1649764571.693349,1,300,92,71.34,22.53,0,266
1649764571.718347,1,300,92,71.56,22.65,0,266
1649764571.743344,1,300,91,71.36,22.26,0,266
1649764571.768341,1,300,92,71.57,22.47,0,266
1649764571.793338,1,300,91,71.35,57.35,1,266
1649764571.818336,1,300,91,71.58,22.92,0,266
1649764571.843333,1,300,89,71.35,22.59,0,266
1649764571.868330,1,300,92,71.57,22.61,0,266
1649764571.893328,1,300,91,71.33,22.27,0,266
1649764571.918325,1,300,89,71.56,22.45,0,266
1649764571.943322,1,300,90,71.36,68.89,1,265
1649764571.968320,1,300,92,71.59,22.65,0,265
1649764571.993317,1,300,91,71.35,22.55,0,265
1649764572.018314,1,300,91,71.57,22.45,0,265
1649764572.043312,1,300,90,71.35,22.35,0,265
1649764572.068309,1,300,91,71.57,22.47,0,265
1649764572.093306,1,300,91,71.36,85.32,1,265
1649764572.118304,1,300,90,71.59,22.56,0,265
1649764572.143301,1,300,91,71.36,22.81,0,265
1649764572.168298,1,300,91,71.58,22.44,0,265
1649764572.193295,1,300,91,71.35,22.46,0,265
1649764572.218293,1,300,89,71.60,22.34,0,265
1649764572.243290,1,300,90,71.36,90.54,1,268
1649764572.268287,1,300,92,71.60,22.72,0,268
1649764572.293285,1,300,89,71.35,22.20,0,268
1649764572.318282,1,300,90,71.58,22.35,0,268
1649764572.343279,1,300,92,71.33,22.57,0,268
1649764572.368277,1,300,89,71.58,22.20,0,268
1649764572.393274,1,300,92,71.32,98.12,1,269
1649764572.418271,1,300,93,71.54,22.96,0,269
1649764572.443269,1,300,91,71.31,22.87,0,269
1649764572.468266,1,300,90,71.54,22.76,0,269
1649764572.493263,1,300,91,71.30,22.51,0,269
1649764572.518261,1,300,92,71.53,22.68,0,269
1649764572.543258,1,300,91,71.31,134.62,1,267
1649764572.568255,1,300,92,71.56,22.97,0,267
1649764572.593253,1,300,91,71.30,22.71,0,267
1649764572.618250,1,300,91,71.55,22.78,0,267
1649764572.643247,1,300,89,71.33,22.38,0,267
1649764572.668244,1,300,90,71.55,22.36,0,267
1649764572.693242,1,300,91,71.33,105.81,1,267
1649764572.718239,1,300,92,71.56,22.71,0,267
1649764572.743236,1,300,90,71.33,22.59,0,267
1649764572.768234,1,300,93,71.57,22.57,0,267
1649764572.793231,1,300,93,71.33,22.72,0,267
1649764572.818228,1,300,92,71.57,23.17,0,267
1649764572.843226,1,300,92,71.34,111.70,1,264
1649764572.868223,1,300,92,71.58,23.01,0,264
1649764572.893220,1,300,92,71.41,22.65,0,264
1649764572.918217,1,300,90,71.60,22.46,0,264
1649764572.943215,1,300,90,71.38,22.57,0,264
1649764572.968212,1,300,91,71.63,22.37,0,264
1649764572.993209,1,300,93,71.39,153.00,1,264
1649764573.018207,1,300,92,71.61,22.66,0,264
1649764573.043204,1,300,91,71.38,22.39,0,264
1649764573.068202,1,300,91,71.62,22.55,0,264
1649764573.093199,1,300,92,71.38,22.60,0,264
1649764573.118196,1,300,91,71.63,22.95,0,264
1649764573.143193,1,300,91,71.36,133.34,1,263
1649764573.168191,1,300,91,71.62,22.72,0,263
1649764573.193188,1,300,93,71.36,22.71,0,263
1649764573.218185,1,300,91,71.59,22.41,0,263
1649764573.243183,1,300,92,71.38,22.45,0,263
1649764573.268180,1,300,93,71.61,22.53,0,263
1649764573.293177,1,300,91,71.37,177.35,1,261
1649764573.318175,1,300,90,71.63,22.98,0,261
1649764573.343172,1,300,91,71.39,22.66,0,261
1649764573.368169,1,300,90,71.63,22.53,0,261
1649764573.393167,1,300,93,71.40,22.68,0,261
1649764573.418164,1,300,91,71.62,22.53,0,261
1649764573.443161,1,300,90,71.40,155.10,1,260
1649764573.468158,1,300,91,71.63,22.77,0,260
1649764573.493156,1,300,91,71.39,22.43,0,260
1649764573.518153,1,300,91,71.64,22.62,0,260
1649764573.543150,1,300,90,71.40,22.80,0,260
1649764573.568148,1,300,90,71.62,22.41,0,260
1649764573.593145,1,300,90,71.40,239.73,1,262
1649764573.618142,1,300,93,71.63,22.74,0,262
1649764573.643140,1,300,92,71.42,22.72,0,262
1649764573.668137,1,300,91,71.64,22.80,0,262
1649764573.693134,1,300,93,71.43,22.72,0,262
1649764573.718132,1,300,92,71.65,22.82,0,262
1649764573.743129,1,300,93,71.42,191.03,1,251
1649764573.768126,1,300,90,71.66,23.15,0,251
1649764573.793123,1,300,92,71.42,23.06,0,251
1649764573.818121,1,300,89,71.66,29.09,0,251
1649764573.843118,1,300,90,71.43,22.82,0,251
1649764573.868115,1,300,92,71.67,22.55,0,251
1649764573.893113,1,300,92,71.44,143.07,1,262
1649764573.918110,1,300,92,71.66,22.89,0,262
1649764573.943107,1,300,91,71.44,22.66,0,262
1649764573.968105,1,300,91,71.66,22.62,0,262
1649764573.993102,1,300,91,71.43,22.55,0,262
1649764574.018100,1,300,91,71.68,22.74,0,262
1649764574.043097,1,300,91,71.42,107.80,1,250
1649764574.068094,1,300,91,71.67,22.77,0,250
1649764574.093091,1,300,89,71.42,29.02,0,250
1649764574.118089,1,300,91,71.67,22.83,0,250
1649764574.143086,1,300,92,71.44,22.57,0,250
1649764574.168083,1,300,89,71.67,22.71,0,250
1649764574.193081,1,300,93,71.42,213.14,1,255
1649764574.218078,1,300,91,71.66,22.67,0,255
1649764574.243075,1,300,89,71.43,22.54,0,255
1649764574.268072,1,300,91,71.68,22.49,0,255
1649764574.293070,1,300,90,71.44,22.46,0,255
1649764574.318067,1,300,90,71.66,22.66,0,255
1649764574.343065,1,300,92,71.45,169.60,1,251
1649764574.368062,1,300,89,71.67,22.81,0,251
1649764574.393059,1,300,89,71.44,22.40,0,251
1649764574.418056,1,300,91,71.66,22.60,0,251
1649764574.443054,1,300,91,71.42,22.55,0,251
1649764574.468051,1,300,93,71.66,22.89,0,251
1649764574.493048,1,300,91,71.43,112.12,1,184
1649764574.518046,1,300,93,71.67,22.82,0,184
1649764574.543043,1,300,91,71.43,22.51,0,184
1649764574.568040,1,300,92,71.68,22.54,0,184
1649764574.593038,1,300,91,71.47,22.62,0,184
1649764574.618035,1,300,93,71.70,22.56,0,184
1649764574.643032,1,300,93,71.47,86.36,1,191
1649764574.668030,1,300,93,71.73,22.96,0,191
1649764574.693027,1,300,92,71.51,22.85,0,191
1649764574.718024,1,300,89,71.76,22.60,0,191
1649764574.743021,1,300,92,71.55,22.61,0,191
1649764574.768019,1,300,91,71.81,22.93,0,191
1649764574.793016,1,300,91,71.60,58.10,1,190
1649764574.818013,1,300,93,71.84,22.94,0,190
1649764574.843011,1,300,93,71.60,22.75,0,190
1649764574.868008,1,300,92,71.85,22.68,0,190
1649764574.893005,1,300,92,71.64,22.58,0,190
1649764574.918003,1,300,93,71.87,22.77,0,190
1649764574.943000,1,300,91,71.65,76.79,1,184
1649764574.967998,1,300,93,71.89,23.17,0,184
1649764574.992995,1,300,92,71.68,22.73,0,184
1649764575.017992,1,300,89,71.91,22.61,0,184
1649764575.042989,1,300,92,71.68,23.14,0,184
1649764575.067987,1,300,93,71.90,22.74,0,184
1649764575.092984,1,300,93,71.67,70.90,1,190
1649764575.117981,1,300,93,71.92,23.03,0,190
1649764575.142979,1,300,91,71.68,22.90,0,190
1649764575.167976,1,300,94,71.92,23.16,0,190
1649764575.192973,1,300,93,71.70,22.91,0,190
1649764575.217970,1,300,92,71.91,22.81,0,190
1649764575.242968,1,300,91,71.68,59.12,1,193
1649764575.267965,1,300,93,71.91,23.41,0,193
1649764575.292963,1,300,90,71.71,22.86,0,193
1649764575.317960,1,300,91,71.92,22.61,0,193
1649764575.342957,1,300,91,71.69,22.55,0,193
1649764575.367954,1,300,93,71.92,22.81,0,193
1649764575.392951,1,300,94,71.68,68.38,1,186
1649764575.417949,1,300,92,71.90,22.98,0,186
1649764575.442946,1,300,92,71.67,22.70,0,186
1649764575.467943,1,300,93,71.90,23.02,0,186
1649764575.492941,1,300,93,71.67,22.77,0,186
1649764575.517938,1,300,93,71.90,22.94,0,186
1649764575.542936,1,300,94,71.67,76.25,1,177
1649764575.567933,1,300,92,71.90,23.20,0,177
1649764575.592930,1,300,92,71.68,22.98,0,177
1649764575.617928,1,300,91,71.90,22.73,0,177
1649764575.642925,1,300,92,71.64,22.86,0,177
1649764575.667922,1,300,90,71.89,22.74,0,177
1649764575.692919,1,300,90,71.67,70.44,1,176
1649764575.717917,1,300,94,71.88,23.53,0,176
1649764575.742914,1,300,90,71.66,23.15,0,176
1649764575.767911,1,300,92,71.88,22.85,0,176
1649764575.792909,1,300,92,71.65,22.90,0,176
1649764575.817906,1,300,92,71.88,22.82,0,176
1649764575.842903,1,300,92,71.65,60.10,1,163
1649764575.867901,1,300,93,71.86,23.14,0,163
1649764575.892898,1,300,92,71.66,22.77,0,163
1649764575.917895,1,300,91,71.89,22.89,0,163
1649764575.942893,1,300,94,71.64,22.99,0,163
1649764575.967890,1,300,90,71.86,22.78,0,163
1649764575.992887,1,300,95,71.66,72.49,1,182
1649764576.017885,1,300,94,71.87,23.34,0,182
1649764576.042882,1,300,93,71.65,22.89,0,182
1649764576.067879,1,300,94,71.88,23.06,0,182
1649764576.092876,1,300,91,71.66,23.03,0,182
1649764576.117874,1,300,93,71.88,22.91,0,182
1649764576.142871,1,300,92,71.66,87.18,1,189
1649764576.167868,1,300,94,71.87,23.32,0,189
1649764576.192866,1,300,95,71.67,23.04,0,189
1649764576.217863,1,300,90,71.88,23.11,0,189
1649764576.242860,1,300,94,71.66,22.88,0,189
1649764576.267858,1,300,94,71.88,23.24,0,189
1649764576.292855,1,300,92,71.67,66.94,1,190
1649764576.317852,1,300,91,71.88,23.01,0,190
1649764576.342849,1,300,91,71.66,22.96,0,190
1649764576.367847,1,300,93,71.90,23.30,0,190
1649764576.392844,1,300,94,71.67,22.96,0,190
1649764576.417842,1,300,93,71.89,22.92,0,190
1649764576.442839,1,300,91,71.68,80.53,1,187
1649764576.467836,1,300,90,71.93,22.98,0,187
1649764576.492834,1,300,91,71.69,23.23,0,187
1649764576.517831,1,300,89,71.94,22.75,0,187
1649764576.542828,1,300,89,71.69,22.77,0,187
1649764576.567825,1,300,91,71.91,22.73,0,187
1649764576.592823,1,300,89,71.71,96.10,1,213
1649764576.617820,1,300,92,71.87,23.56,0,213
1649764576.642817,1,300,91,71.66,22.89,0,213
1649764576.667815,1,300,91,71.92,22.91,0,213
1649764576.692812,1,300,89,71.65,23.10,0,213
1649764576.717809,1,300,92,71.90,23.55,0,213
1649764576.742806,1,300,91,71.70,73.37,1,230
1649764576.767804,1,300,94,71.92,23.56,0,230
1649764576.792801,1,300,91,71.76,23.62,0,230
1649764576.817799,1,300,89,72.05,23.35,0,230
1649764576.842796,1,300,88,71.89,23.81,0,230
1649764576.867793,1,300,90,72.13,23.94,0,230
1649764576.892791,1,300,87,71.88,111.93,1,251
1649764576.917788,1,300,92,71.97,29.77,0,251
1649764576.942785,1,300,86,71.58,28.59,0,251
1649764576.967782,1,300,88,71.70,28.94,0,251
1649764576.992780,1,300,97,71.33,30.43,0,251
1649764577.017777,1,300,100,71.40,30.49,0,251
1649764577.042774,1,300,99,70.98,115.45,1,271
1649764577.067772,1,300,102,70.98,30.20,0,271
1649764577.092766,1,300,105,70.47,29.15,0,271
1649764577.117763,1,300,108,70.22,29.15,0,271
1649764577.142761,1,300,103,69.36,28.14,0,271
1649764577.167758,1,282,103,68.92,28.64,0,271
1649764577.192755,1,275,97,67.67,120.84,1,283
1649764577.217753,1,280,94,66.83,27.73,0,283
1649764577.242750,1,273,96,65.46,26.94,0,283
1649764577.267747,1,265,91,64.84,27.37,0,283
1649764577.292744,1,282,93,63.52,28.36,0,283
1649764577.317742,1,260,89,62.81,25.92,0,283
1649764577.342739,1,267,87,61.73,115.07,1,294
1649764577.367736,1,300,93,61.62,29.68,0,294
1649764577.392734,1,291,98,60.67,28.56,0,294
1649764577.417731,1,282,99,60.62,28.67,0,294
1649764577.442729,1,274,104,59.89,29.06,0,294
1649764577.467726,1,265,106,59.94,28.17,0,294
1649764577.492723,1,251,102,59.09,128.68,1,337
1649764577.517720,1,240,97,67.34,26.92,0,337
1649764577.542718,1,233,97,66.44,26.01,0,337
1649764577.567715,1,230,98,66.98,25.77,0,337
1649764577.592712,1,228,102,66.39,25.71,0,337
1649764577.617710,1,215,96,67.41,25.88,0,337
1649764577.642707,1,212,104,66.73,131.77,1,369
1649764577.667704,1,207,100,67.76,25.05,0,369
1649764577.692701,1,203,108,66.86,25.04,0,369
1649764577.717699,1,204,111,67.84,24.58,0,369
1649764577.742696,1,200,107,66.76,24.52,0,369
1649764577.767694,1,206,106,67.77,23.63,0,369
1649764577.792691,1,208,109,66.63,130.79,1,407
1649764577.817688,1,210,109,67.76,25.83,0,407
1649764577.842685,1,214,114,66.53,24.04,0,407
1649764577.867682,1,214,111,67.65,24.52,0,407
1649764577.892680,1,213,113,66.29,25.07,0,407
1649764577.917677,1,222,108,67.44,24.92,0,407
1649764577.942675,1,222,110,65.96,64.21,1,420
1649764577.967672,1,233,112,67.12,25.39,0,420
1649764577.992669,1,241,121,65.55,25.91,0,420
1649764578.017667,1,238,117,66.69,26.16,0,420
1649764578.042664,1,242,120,64.96,26.18,0,420
1649764578.067661,1,249,112,66.17,25.73,0,420
1649764578.092659,1,252,122,64.32,79.61,1,446
1649764578.117656,1,273,127,65.50,28.51,0,446
1649764578.142653,1,261,129,63.49,28.62,0,446
1649764578.167650,1,249,124,64.77,27.10,0,446
1649764578.192648,1,256,120,62.77,25.98,0,446
1649764578.217645,1,263,121,64.28,28.53,0,446
1649764578.242642,1,261,120,62.26,97.73,1,480
1649764578.267640,1,243,107,63.89,27.42,0,480
1649764578.292637,1,229,116,61.76,26.85,0,480
1649764578.317634,1,228,100,63.53,25.83,0,480
1649764578.342632,1,221,100,61.24,25.51,0,480
1649764578.367629,1,214,96,63.15,24.82,0,480
1649764578.392626,1,247,114,60.73,76.95,1,505
1649764578.417624,1,234,100,62.67,27.61,0,505
1649764578.442621,1,244,110,59.90,27.28,0,505
1649764578.467618,1,235,105,61.75,28.52,0,505
1649764578.492615,1,300,104,58.89,30.10,0,505
1649764578.517613,1,300,99,60.92,32.78,0,505
1649764578.542610,1,285,99,57.88,85.58,1,535
1649764578.567608,1,247,72,67.64,29.55,0,535
1649764578.592605,1,240,80,64.24,27.04,0,535
1649764578.617602,1,300,90,66.38,30.74,0,535
1649764578.642599,1,265,71,62.79,30.84,0,535
1649764578.667597,1,300,70,64.94,30.64,0,535
1649764578.692594,1,273,78,61.11,72.84,1,560
1649764578.717591,1,300,70,63.34,31.78,0,560
1649764578.742589,1,296,84,59.20,32.64,0,560
1649764578.767586,1,300,88,69.32,31.97,0,560
1649764578.792583,1,300,95,65.31,33.32,0,560
1649764578.817580,1,300,103,67.95,33.27,0,560
1649764578.842578,1,300,90,63.96,82.04,1,612
1649764578.867575,1,300,99,66.81,33.52,0,612
1649764578.892573,1,293,98,62.84,32.91,0,612
1649764578.917570,1,300,104,65.90,33.28,0,612
1649764578.942567,1,286,86,61.79,31.67,0,612
1649764578.967565,1,300,89,64.86,31.20,0,612
1649764578.992562,1,300,79,60.69,81.98,1,641
1649764579.017559,1,300,80,71.76,33.08,0,641
1649764579.042557,1,300,73,67.62,31.90,0,641
1649764579.067554,1,300,74,70.24,32.19,0,641
1649764579.092551,1,300,70,66.20,30.62,0,641
1649764579.117548,1,300,79,69.29,32.12,0,641
1649764579.142546,1,300,65,65.28,80.59,1,695
1649764579.167543,1,300,84,68.41,31.52,0,695
1649764579.192540,1,300,68,64.43,30.78,0,695
1649764579.217538,1,300,77,67.83,30.51,0,695
1649764579.242535,1,300,72,63.68,30.83,0,695
1649764579.267532,1,300,78,67.12,31.47,0,695
1649764579.292530,1,300,60,63.20,84.82,1,729
1649764579.317527,1,300,88,67.02,34.49,0,729
1649764579.342524,1,300,64,63.03,33.34,0,729
1649764579.367522,1,300,68,66.75,32.84,0,729
1649764579.392519,1,300,53,62.75,33.25,0,729
1649764579.417516,1,300,73,73.33,33.28,0,729
1649764579.442513,1,300,60,69.82,85.70,1,754
1649764579.467511,1,300,81,72.49,33.52,0,754
1649764579.492508,1,300,72,68.80,32.06,0,754
1649764579.517506,1,300,96,71.49,32.82,0,754
1649764579.542503,1,300,79,67.51,31.99,0,754
1649764579.567500,1,300,105,69.79,32.57,0,754
1649764579.592497,1,300,88,65.52,89.19,1,793
1649764579.617495,1,300,115,67.67,36.44,0,793
1649764579.642492,1,300,91,63.33,33.53,0,793
1649764579.667489,1,300,99,65.55,34.73,0,793
1649764579.692487,1,300,101,61.17,33.14,0,793
1649764579.717484,1,300,108,63.81,35.87,0,793
1649764579.742481,1,300,120,59.42,87.97,1,834
1649764579.767478,1,300,112,67.93,33.86,0,834
1649764579.792476,1,300,121,65.15,32.59,0,834
1649764579.817473,1,300,113,68.02,33.86,0,834
1649764579.842470,1,300,109,64.98,32.29,0,834
1649764579.867468,1,300,108,67.69,32.44,0,834
1649764579.892465,1,300,106,64.79,87.12,1,889
1649764579.917462,1,300,100,68.57,32.26,0,889
1649764579.942460,1,300,99,65.63,31.48,0,889
1649764579.967457,1,300,87,68.85,32.42,0,889
1649764579.992454,1,300,85,65.62,32.02,0,889
1649764580.017452,1,300,81,68.92,32.31,0,889
1649764580.042449,1,300,76,65.34,81.34,1,922
1649764580.067446,1,300,68,68.48,32.78,0,922
1649764580.092444,1,300,59,64.92,32.95,0,922
1649764580.117441,1,300,58,68.61,34.46,0,922
1649764580.142438,1,300,45,64.93,33.49,0,922
1649764580.167435,1,300,39,68.26,34.74,0,922
1649764580.192433,1,300,38,64.47,82.22,1,931
1649764580.217430,1,300,40,67.89,35.78,0,931
1649764580.242427,1,300,46,63.83,34.85,0,931
1649764580.267425,1,300,76,67.54,36.28,0,931
1649764580.292422,1,300,75,64.39,40.04,0,931
1649764580.317420,1,300,71,68.77,37.73,0,931
1649764580.342417,1,293,53,65.21,85.46,1,976
1649764580.367414,1,300,45,69.26,37.40,0,976
1649764580.392411,1,259,29,65.78,35.93,0,976
1649764580.417409,1,300,41,70.22,34.43,0,976
1649764580.442406,1,245,31,66.29,35.49,0,976
1649764580.467403,1,233,31,69.89,29.45,0,976
1649764580.492401,1,235,35,65.64,78.91,1,1020
1649764580.517398,1,300,35,69.11,33.24,0,1020
1649764580.542395,1,300,44,64.84,36.51,0,1020
1649764580.567393,1,300,43,68.17,38.35,0,1020
1649764580.592390,1,300,41,64.23,39.75,0,1020
1649764580.617387,1,300,43,67.92,40.45,0,1020
1649764580.642385,1,300,47,64.33,101.64,1,1044
1649764580.667382,1,300,49,68.11,37.14,0,1044
1649764580.692379,1,296,50,64.79,37.91,0,1044
1649764580.717376,1,300,52,69.23,35.16,0,1044
1649764580.742374,1,267,48,65.65,35.71,0,1044
1649764580.767371,1,276,47,69.72,33.33,0,1044
1649764580.792368,1,300,53,66.14,85.79,1,1076
1649764580.817366,1,300,54,70.90,36.42,0,1076
1649764580.842363,1,300,62,67.24,37.93,0,1076
1649764580.867360,1,265,60,71.74,32.04,0,1076
1649764580.892358,1,243,71,67.75,29.33,0,1076
1649764580.917355,1,300,78,72.30,32.86,0,1076
1649764580.942352,1,300,93,68.06,85.85,1,1132
1649764580.967350,1,238,102,72.45,31.01,0,1132
1649764580.992347,1,300,121,68.66,32.10,0,1132
1649764581.017344,1,300,132,73.85,33.18,0,1132
1649764581.042342,1,300,133,69.79,33.19,0,1132
1649764581.067339,1,300,146,74.61,33.56,0,1132
1649764581.092332,1,228,141,70.79,83.57,1,1171
1649764581.117330,1,237,140,76.54,27.09,0,1171
1649764581.142327,1,300,152,72.18,30.34,0,1171
1649764581.167324,1,300,159,77.20,32.25,0,1171
1649764581.192322,1,300,165,72.93,32.83,0,1171
1649764581.217319,1,300,185,78.84,33.39,0,1171
1649764581.242316,1,300,163,69.59,92.35,1,1202
1649764581.267314,1,300,199,76.47,33.17,0,1202
1649764581.292311,1,300,187,70.47,33.08,0,1202
1649764581.317308,1,300,218,78.13,34.41,0,1202
1649764581.342305,1,300,206,71.42,32.91,0,1202
1649764581.367303,1,300,196,78.06,31.60,0,1202
1649764581.392300,1,274,182,71.65,91.31,1,1238
1649764581.417297,1,244,183,79.27,28.11,0,1238
1649764581.442295,1,231,169,72.43,27.05,0,1238
1649764581.467292,1,239,175,79.25,26.54,0,1238
1649764581.492289,1,230,173,72.80,26.74,0,1238
1649764581.517287,1,235,176,80.71,26.76,0,1238
1649764581.542284,1,221,163,73.80,98.78,1,1218
1649764581.567281,1,218,158,80.84,25.45,0,1218
1649764581.592278,1,300,204,74.36,30.29,0,1218
1649764581.617276,1,300,214,82.47,33.92,0,1218
1649764581.642273,1,300,195,70.72,33.32,0,1218
1649764581.667270,1,300,215,79.13,32.29,0,1218
1649764581.692267,1,300,203,70.93,96.22,1,1237
1649764581.717265,1,300,217,80.41,34.09,0,1237
1649764581.742262,1,278,208,71.60,31.17,0,1237
1649764581.767260,1,300,225,80.03,31.50,0,1237
1649764581.792257,1,265,203,71.58,29.90,0,1237
1649764581.817254,1,300,223,81.16,32.10,0,1237
1649764581.842251,1,300,215,72.05,97.78,1,1234
1649764581.867249,1,298,230,80.54,33.44,0,1234
1649764581.892246,1,300,221,71.82,33.51,0,1234
1649764581.917243,1,278,209,81.47,32.13,0,1234
1649764581.942240,1,286,205,71.80,31.58,0,1234
1649764581.967238,1,280,199,80.10,31.36,0,1234
1649764581.992235,1,300,197,70.79,95.51,1,1223
1649764582.017233,1,224,171,80.22,29.00,0,1223
1649764582.042230,1,300,195,70.25,30.12,0,1223
1649764582.067227,1,227,165,78.47,29.44,0,1223
1649764582.092224,1,260,164,68.62,27.12,0,1223
1649764582.117222,1,300,166,77.70,31.75,0,1223
1649764582.142219,1,235,153,67.43,93.32,1,1209
1649764582.167216,1,300,160,75.81,31.15,0,1209
1649764582.192214,1,245,149,66.25,29.81,0,1209
1649764582.217211,1,300,143,75.95,30.22,0,1209
1649764582.242208,1,219,134,65.93,29.51,0,1209
1649764582.267206,1,195,121,74.71,24.42,0,1209
1649764582.292203,1,297,131,65.30,94.08,1,1200
1649764582.317200,1,256,123,75.54,31.54,0,1200
1649764582.342197,1,300,131,65.52,32.36,0,1200
1649764582.367195,1,210,117,74.90,30.82,0,1200
1649764582.392192,1,300,124,65.39,30.38,0,1200
1649764582.417189,1,196,115,76.28,29.74,0,1200
1649764582.442187,1,172,100,61.76,114.30,1,1176
1649764582.467184,1,153,104,72.73,22.80,0,1176
1649764582.492181,1,300,120,62.04,30.51,0,1176
1649764582.517179,1,300,121,74.65,37.15,0,1176
1649764582.542176,1,180,117,63.23,30.38,0,1176
1649764582.567173,1,164,119,74.72,22.40,0,1176
1649764582.592170,1,300,136,63.86,103.35,1,1190
1649764582.617168,1,204,131,77.16,30.39,0,1190
1649764582.642165,1,162,123,61.18,105.41,1,1155
1649764582.667162,1,161,127,74.17,21.51,0,1155
1649764582.692159,1,162,124,62.39,21.19,0,1155
1649764582.717157,1,177,139,77.06,22.50,0,1155
1649764582.742154,1,171,128,60.27,23.61,0,1155
1649764582.767152,1,190,144,74.08,23.70,0,1155
1649764582.792149,1,171,133,57.16,111.68,1,1187
1649764582.817146,1,174,131,72.70,21.93,0,1187
1649764582.842144,1,165,123,55.28,22.73,0,1187
1649764582.867141,1,177,136,69.20,22.86,0,1187
1649764582.892138,1,183,131,55.69,24.48,0,1187
1649764582.917135,1,200,143,70.62,24.70,0,1187
1649764582.942132,1,188,136,56.58,109.43,1,1190
1649764582.967130,1,201,142,78.11,26.16,0,1190
1649764582.992127,1,199,145,61.54,26.40,0,1190
1649764583.017125,1,243,160,75.52,27.44,0,1190
1649764583.042122,1,300,194,62.11,33.99,0,1190
1649764583.067119,1,300,203,74.56,35.73,0,1190
1649764583.092117,1,300,210,62.12,123.11,1,1259
1649764583.117114,1,300,215,75.14,37.08,0,1259
1649764583.142111,1,300,229,62.48,37.73,0,1259
1649764583.167108,1,300,224,74.22,37.44,0,1259
1649764583.192106,1,300,237,62.39,37.36,0,1259
1649764583.217103,1,300,236,74.61,36.21,0,1259
1649764583.242100,1,300,232,62.76,91.87,1,1306
1649764583.267098,1,300,237,74.16,38.09,0,1306
1649764583.292095,1,300,227,63.01,36.29,0,1306
1649764583.317092,1,300,236,74.90,36.87,0,1306
1649764583.342089,1,300,221,63.59,35.81,0,1306
1649764583.367087,1,204,186,74.94,30.72,0,1306
1649764583.392084,1,213,183,64.05,81.61,1,1314
1649764583.417081,1,300,219,75.82,33.50,0,1314
1649764583.442078,1,234,194,64.64,32.81,0,1314
1649764583.467076,1,247,206,76.20,31.24,0,1314
1649764583.492073,1,234,194,65.30,31.39,0,1314
1649764583.517071,1,285,217,77.55,34.54,0,1314
1649764583.542068,1,211,177,66.36,126.72,1,1351
1649764583.567065,1,154,142,78.71,24.94,0,1351
1649764583.592062,1,206,170,67.33,25.29,0,1351
1649764583.617059,1,236,176,80.24,29.10,0,1351
1649764583.642057,1,254,179,68.27,31.82,0,1351
1649764583.667054,1,247,168,81.05,31.22,0,1351
1649764583.692051,1,259,183,69.15,130.46,1,1365
1649764583.717049,1,300,194,82.44,35.09,0,1365
1649764583.742046,1,222,165,66.31,33.18,0,1365
1649764583.767044,1,197,152,79.81,27.01,0,1365
1649764583.792041,1,195,149,67.15,26.88,0,1365
1649764583.817038,1,192,147,80.84,26.69,0,1365
1649764583.842036,1,191,147,67.76,123.64,1,1384
1649764583.867033,1,172,131,81.25,25.45,0,1384
1649764583.892030,1,164,138,68.29,24.18,0,1384
1649764583.917027,1,151,122,81.77,22.51,0,1384
1649764583.942024,1,174,135,68.53,23.51,0,1384
1649764583.967022,1,204,143,81.95,25.94,0,1384
1649764583.992019,1,225,156,68.98,86.84,1,1373
1649764584.017017,1,191,134,82.55,29.08,0,1373
1649764584.042014,1,130,115,66.09,79.38,1,1312
1649764584.067011,1,133,108,80.18,20.46,0,1312
1649764584.092008,1,125,105,67.14,20.53,0,1312
1649764584.117006,1,122,100,81.52,19.27,0,1312
1649764584.142003,1,128,106,68.12,19.48,0,1312
1649764584.167000,1,143,110,82.86,22.94,0,1312
1649764584.191998,1,143,109,69.35,107.47,1,1346
1649764584.216995,1,116,98,84.30,22.01,0,1346
1649764584.241992,1,127,111,66.67,21.13,0,1346
1649764584.266989,1,114,94,90.50,21.39,0,1346
1649764584.291987,1,141,119,70.32,21.52,0,1346
1649764584.316984,1,135,112,85.55,22.20,0,1346
1649764584.341981,1,158,133,66.49,104.02,1,1387
1649764584.366979,1,134,106,90.37,22.64,0,1387
1649764584.391976,1,140,112,69.13,24.03,0,1387
1649764584.416973,1,160,123,84.55,23.55,0,1387
1649764584.441971,1,142,123,65.14,23.13,0,1387
1649764584.466968,1,179,129,89.30,25.14,0,1387
1649764584.491965,1,151,129,67.44,112.37,1,1418
1649764584.516963,1,154,126,83.32,24.43,0,1418
1649764584.541960,1,140,121,64.07,25.71,0,1418
1649764584.566957,1,247,122,89.11,27.16,0,1418
1649764584.591954,1,138,120,66.99,26.07,0,1418
1649764584.616951,1,300,144,83.67,29.12,0,1418
1649764584.641949,1,132,113,64.15,105.08,1,1402
1649764584.666946,1,200,112,89.53,24.45,0,1402
1649764584.691944,1,178,127,67.14,25.31,0,1402
1649764584.716941,1,230,127,83.39,28.18,0,1402
1649764584.741938,1,141,118,64.27,25.72,0,1402
1649764584.766936,1,115,96,90.64,21.14,0,1402
1649764584.791933,1,138,108,68.71,126.37,1,1421
1649764584.816930,1,196,120,92.89,26.71,0,1421
1649764584.841928,1,239,139,70.96,31.20,0,1421
1649764584.866925,1,108,99,95.09,25.25,0,1421
1649764584.891922,1,123,103,73.92,20.94,0,1421
1649764584.916919,1,109,93,97.08,20.65,0,1421
1649764584.941917,1,127,101,77.10,79.75,1,1433
1649764584.966914,1,127,90,99.97,22.16,0,1433
1649764584.991911,1,145,116,80.84,23.03,0,1433
1649764585.016909,1,124,106,95.31,22.51,0,1433
1649764585.041906,1,156,118,79.16,24.06,0,1433
1649764585.066903,1,66,35,101.02,104.43,1,1376
1649764585.091900,1,68,54,84.06,16.05,0,1376
1649764585.116898,1,167,92,98.39,20.71,0,1376
1649764585.141895,1,86,59,82.75,19.64,0,1376
1649764585.166892,1,174,111,97.69,21.94,0,1376
1649764585.191890,1,121,89,82.11,23.88,0,1376
1649764585.216887,1,123,58,104.99,68.88,1,1350
1649764585.241884,1,134,78,87.34,22.07,0,1350
1649764585.266881,1,164,96,102.94,23.95,0,1350
1649764585.291879,1,155,100,85.58,25.72,0,1350
1649764585.316876,1,191,109,101.69,26.00,0,1350
1649764585.341873,1,151,95,84.28,24.93,0,1350
1649764585.366871,1,118,72,109.69,71.54,1,1349
1649764585.391868,1,128,77,89.27,21.75,0,1349
1649764585.416865,1,218,99,105.69,27.62,0,1349
1649764585.441863,1,143,89,84.23,25.75,0,1349
1649764585.466860,1,235,130,92.82,27.67,0,1349
1649764585.491857,1,170,118,72.10,26.14,0,1349
1649764585.516855,1,146,103,84.73,99.87,1,1350
1649764585.541852,1,142,104,67.10,21.47,0,1350
1649764585.566849,1,134,92,78.89,19.87,0,1350
1649764585.591846,1,127,103,65.45,20.79,0,1350
1649764585.616844,1,182,107,76.91,22.60,0,1350
1649764585.641841,1,139,103,63.88,22.02,0,1350
1649764585.666838,1,146,102,75.23,95.85,1,1329
1649764585.691836,1,133,101,61.58,22.03,0,1329
1649764585.716833,1,146,95,72.01,21.60,0,1329
1649764585.741830,1,152,99,58.62,20.96,0,1329
1649764585.766828,1,140,92,78.80,22.11,0,1329
1649764585.791825,1,121,73,63.08,19.42,0,1329
1649764585.816822,1,122,78,82.74,94.56,1,1324
1649764585.841819,1,136,77,66.14,20.51,0,1324
1649764585.866817,1,124,68,77.86,22.07,0,1324
1649764585.891814,1,99,54,61.41,18.80,0,1324
1649764585.916811,1,122,63,71.48,19.60,0,1324
1649764585.941809,1,130,72,55.97,21.59,0,1324
1649764585.966806,1,97,47,64.97,77.01,1,1295
1649764585.991803,1,92,45,50.39,19.86,0,1295
1649764586.016800,1,70,23,66.86,14.76,0,1295
1649764586.041798,1,115,42,52.46,19.28,0,1295
1649764586.066795,1,300,72,59.94,29.64,0,1295
1649764586.091792,1,109,52,47.42,31.53,0,1295
1649764586.116790,1,217,75,63.60,95.60,1,1321
1649764586.141787,1,159,71,52.59,26.39,0,1321
1649764586.166784,1,300,95,66.93,29.17,0,1321
1649764586.191782,1,232,93,57.86,30.77,0,1321
1649764586.216779,1,300,99,64.86,31.14,0,1321
1649764586.241776,1,177,87,57.08,29.19,0,1321
1649764586.266773,1,300,109,63.95,81.46,1,1368
1649764586.291771,1,200,100,56.78,29.17,0,1368
1649764586.316768,1,236,101,69.80,27.59,0,1368
1649764586.341765,1,204,92,63.95,27.51,0,1368
1649764586.366763,1,217,99,69.35,27.05,0,1368
1649764586.391760,1,200,97,63.76,25.76,0,1368
1649764586.416757,1,192,93,68.97,94.47,1,1386
1649764586.441755,1,181,93,63.51,23.70,0,1386
1649764586.466752,1,180,90,68.37,23.17,0,1386
1649764586.491749,1,187,92,62.98,23.79,0,1386
1649764586.516747,1,179,88,67.77,22.27,0,1386
1649764586.541744,1,173,90,62.96,21.66,0,1386
1649764586.566741,1,176,88,67.95,89.28,1,1372
1649764586.591738,1,166,81,63.42,22.04,0,1372
1649764586.616736,1,153,78,68.31,20.78,0,1372
1649764586.641733,1,156,84,64.07,20.22,0,1372
1649764586.666730,1,156,75,69.02,20.63,0,1372
1649764586.691728,1,150,88,64.83,20.27,0,1372
1649764586.716725,1,300,110,69.46,87.91,1,1393
1649764586.741722,1,300,122,65.42,32.37,0,1393
1649764586.766720,1,300,122,69.82,32.28,0,1393
1649764586.791717,1,300,134,65.82,33.32,0,1393
1649764586.816714,1,300,138,69.92,32.95,0,1393
1649764586.841711,1,300,144,66.15,32.61,0,1393
1649764586.866709,1,300,135,70.23,106.08,1,1403
1649764586.891706,1,300,137,66.72,32.89,0,1403
1649764586.916703,1,300,137,70.59,32.62,0,1403
1649764586.941701,1,300,144,67.21,33.24,0,1403
1649764586.966698,1,300,136,70.70,32.92,0,1403
1649764586.991695,1,300,148,67.34,32.15,0,1403
1649764587.016692,1,300,146,70.60,106.29,1,1412
1649764587.041690,1,300,144,67.32,31.96,0,1412
1649764587.066687,1,287,145,69.90,31.62,0,1412
1649764587.091684,1,300,149,66.11,31.13,0,1412
1649764587.116682,1,300,156,68.14,31.30,0,1412
1649764587.141679,1,300,156,64.76,33.16,0,1412
1649764587.166676,1,297,153,67.21,105.53,1,1387
1649764587.191674,1,300,162,64.86,31.86,0,1387
1649764587.216671,1,278,149,67.73,30.54,0,1387
1649764587.241668,1,300,157,65.87,31.89,0,1387
1649764587.266665,1,300,155,68.55,32.71,0,1387
1649764587.291663,1,300,153,66.81,31.93,0,1387
1649764587.316660,1,300,145,69.20,103.40,1,1306
1649764587.341657,1,300,137,67.45,31.76,0,1306
1649764587.366655,1,300,140,69.51,31.38,0,1306
1649764587.391652,1,299,127,67.92,29.80,0,1306
1649764587.416649,1,300,134,70.07,30.88,0,1306
1649764587.441647,1,295,120,68.82,29.40,0,1306
1649764587.466644,1,288,122,70.91,100.52,1,1251
1649764587.491641,1,288,108,69.63,30.28,0,1251
1649764587.516639,1,284,99,71.50,28.22,0,1251
1649764587.541636,1,269,110,70.15,28.11,0,1251
1649764587.566633,1,263,108,71.80,28.18,0,1251
1649764587.591630,1,257,110,70.49,26.56,0,1251
1649764587.616628,1,241,106,72.23,85.49,1,1245
1649764587.641625,1,238,102,71.03,25.59,0,1245
1649764587.666622,1,237,105,72.23,25.18,0,1245
1649764587.691620,1,227,107,70.46,25.32,0,1245
1649764587.716617,1,223,112,71.50,25.65,0,1245
1649764587.741614,1,220,113,70.10,25.65,0,1245
1649764587.766611,1,219,111,71.58,105.61,1,1189
1649764587.791609,1,215,115,70.62,26.42,0,1189
1649764587.816606,1,223,113,72.35,25.72,0,1189
1649764587.841603,1,219,114,71.44,25.99,0,1189
1649764587.866601,1,211,113,73.03,24.93,0,1189
1649764587.891598,1,205,112,72.03,24.04,0,1189
1649764587.916595,1,220,116,73.82,99.00,1,1145
1649764587.941593,1,208,115,73.00,24.97,0,1145
1649764587.966590,1,202,116,74.87,23.97,0,1145
1649764587.991587,1,210,109,74.08,23.03,0,1145
1649764588.016584,1,211,108,76.05,24.66,0,1145
1649764588.041582,1,209,106,75.08,24.16,0,1145
1649764588.066579,1,208,113,76.79,89.41,1,1115
1649764588.091576,1,207,119,71.98,25.27,0,1115
1649764588.116574,1,214,117,73.93,25.18,0,1115
1649764588.141571,1,207,113,72.55,24.72,0,1115
1649764588.166568,1,204,110,74.18,23.37,0,1115
1649764588.191566,1,222,114,72.27,25.00,0,1115
1649764588.216563,1,234,122,73.08,86.60,1,1073
1649764588.241560,1,234,113,70.79,26.47,0,1073
1649764588.266557,1,257,126,71.88,27.21,0,1073
1649764588.291555,1,226,119,70.94,27.14,0,1073
1649764588.316552,1,219,118,73.54,25.02,0,1073
1649764588.341549,1,231,124,73.48,25.48,0,1073
1649764588.366547,1,222,115,75.96,95.58,1,1059
1649764588.391544,1,220,110,75.52,25.05,0,1059
1649764588.416541,1,230,112,77.75,25.13,0,1059
1649764588.441539,1,226,104,77.13,25.60,0,1059
1649764588.466536,1,241,116,79.00,25.84,0,1059
1649764588.491533,1,300,131,78.16,30.38,0,1059
1649764588.516531,1,300,115,79.90,94.47,1,1022
1649764588.541528,1,300,129,78.98,31.64,0,1022
1649764588.566525,1,300,117,80.62,31.09,0,1022
1649764588.591522,1,300,126,79.66,31.33,0,1022
1649764588.616520,1,300,112,81.36,31.25,0,1022
1649764588.641517,1,300,114,80.40,30.18,0,1022
1649764588.666514,1,300,116,82.00,108.44,1,991
1649764588.691512,1,300,125,80.93,32.07,0,991
1649764588.716509,1,298,126,82.51,30.98,0,991
1649764588.741506,1,269,116,81.09,29.97,0,991
1649764588.766503,1,300,121,82.01,30.16,0,991
1649764588.791501,1,228,111,80.04,29.52,0,991
1649764588.816498,1,300,139,81.13,123.56,1,975
1649764588.841495,1,300,136,79.47,32.93,0,975
1649764588.866493,1,300,138,80.90,32.73,0,975
1649764588.891490,1,300,138,79.39,33.42,0,975
1649764588.916487,1,300,146,81.21,35.21,0,975
1649764588.941484,1,300,145,79.88,33.38,0,975
1649764588.966482,1,300,144,81.98,108.52,1,952
1649764588.991479,1,300,154,80.68,33.39,0,952
1649764589.016476,1,300,151,82.98,32.39,0,952
1649764589.041474,1,300,149,77.92,33.32,0,952
1649764589.066471,1,300,150,80.30,31.95,0,952
1649764589.091468,1,300,148,78.73,31.22,0,952
1649764589.116466,1,300,146,81.51,95.78,1,927
1649764589.141463,1,300,143,76.33,33.01,0,927
1649764589.166460,1,300,145,79.13,31.06,0,927
1649764589.191458,1,300,147,77.32,31.55,0,927
1649764589.216455,1,300,149,80.06,31.59,0,927
1649764589.241452,1,300,147,78.02,31.17,0,927
1649764589.266449,1,300,140,80.47,107.43,1,934
1649764589.291447,1,300,147,78.59,32.71,0,934
1649764589.316444,1,300,141,81.42,31.05,0,934
1649764589.341441,1,271,138,80.00,30.13,0,934
1649764589.366439,1,300,136,83.02,29.68,0,934
1649764589.391436,1,300,133,81.82,30.59,0,934
1649764589.416433,1,300,131,84.90,110.68,1,930
1649764589.441431,1,300,129,83.69,30.70,0,930
1649764589.466428,1,300,130,86.63,30.06,0,930
1649764589.491425,1,300,130,85.45,30.29,0,930
1649764589.516423,1,300,131,88.42,29.45,0,930
1649764589.541420,1,300,135,87.27,30.08,0,930
1649764589.566417,1,300,132,90.08,121.07,1,927
1649764589.591414,1,300,130,88.88,30.89,0,927
1649764589.616412,1,300,129,91.54,31.14,0,927
1649764589.641409,1,300,131,90.00,31.11,0,927
1649764589.666406,1,300,132,92.27,30.36,0,927
1649764589.691404,1,300,130,90.11,30.69,0,927
1649764589.716401,1,300,129,91.80,120.40,1,884
1649764589.741398,1,300,134,88.69,32.04,0,884
1649764589.766395,1,300,133,89.63,31.77,0,884
1649764589.791393,1,300,132,85.95,31.76,0,884
1649764589.816390,1,300,137,86.70,31.53,0,884
1649764589.841387,1,300,130,82.58,31.23,0,884
1649764589.866385,1,300,131,83.16,125.26,1,878
1649764589.891382,1,300,119,79.02,32.78,0,878
1649764589.916379,1,300,120,80.14,34.31,0,878
1649764589.941376,1,300,121,76.23,33.00,0,878
1649764589.966374,1,300,124,77.81,34.55,0,878
1649764589.991371,1,300,130,73.97,33.49,0,878
1649764590.016368,1,300,138,76.11,131.60,1,905
1649764590.041366,1,300,133,72.27,31.97,0,905
1649764590.066363,1,300,132,74.56,33.29,0,905
1649764590.091360,1,300,123,70.65,31.49,0,905
1649764590.116358,1,300,120,73.27,33.16,0,905
1649764590.141355,1,300,118,69.29,32.48,0,905
1649764590.166352,1,300,123,72.08,122.07,1,915
1649764590.191350,1,300,124,68.20,31.09,0,915
1649764590.216347,1,300,124,71.43,32.24,0,915
1649764590.241344,1,300,119,67.68,31.66,0,915
1649764590.266341,1,300,129,71.01,32.20,0,915
1649764590.291339,1,300,123,67.38,30.88,0,915
1649764590.316336,1,300,124,70.76,120.17,1,895
1649764590.341333,1,300,127,67.12,32.42,0,895
1649764590.366331,1,300,126,70.35,31.02,0,895
1649764590.391328,1,300,130,67.10,33.95,0,895
1649764590.416325,1,300,128,70.77,30.34,0,895
1649764590.441323,1,300,131,68.02,33.12,0,895
1649764590.466320,1,300,140,71.60,87.26,1,837
1649764590.491317,1,300,148,69.01,32.32,0,837
1649764590.516314,1,300,154,72.52,31.26,0,837
1649764590.541312,1,300,146,69.88,30.73,0,837
1649764590.566309,1,300,166,80.23,33.80,0,837
1649764590.591306,1,300,158,77.92,30.35,0,837
1649764590.616304,1,300,161,80.68,85.93,1,871
1649764590.641301,1,300,160,78.28,30.98,0,871
1649764590.666298,1,300,166,80.79,31.12,0,871
1649764590.691295,1,300,157,78.35,29.97,0,871
1649764590.716293,1,300,157,80.80,30.93,0,871
1649764590.741290,1,300,157,78.20,30.35,0,871
1649764590.766287,1,300,157,80.46,98.13,1,905
1649764590.791285,1,300,164,77.86,32.76,0,905
1649764590.816282,1,272,155,80.37,31.20,0,905
1649764590.841280,1,269,158,77.58,28.70,0,905
1649764590.866277,1,257,155,79.84,28.37,0,905
1649764590.891274,1,300,159,76.70,29.92,0,905
1649764590.916271,1,300,152,78.82,103.44,1,886
1649764590.941268,1,300,157,75.45,32.77,0,886
1649764590.966266,1,300,145,77.68,31.11,0,886
1649764590.991263,1,300,155,74.46,31.40,0,886
1649764591.016260,1,300,159,77.17,32.40,0,886
1649764591.041258,1,300,157,74.02,31.38,0,886
1649764591.066255,1,254,142,76.85,115.13,1,869
1649764591.091253,1,244,143,73.77,27.73,0,869
1649764591.116250,1,300,159,76.88,30.94,0,869
1649764591.141247,1,300,153,73.76,32.01,0,869
1649764591.166244,1,256,139,76.96,29.53,0,869
1649764591.191242,1,300,145,73.83,29.47,0,869
1649764591.216239,1,300,150,77.15,113.14,1,872
1649764591.241236,1,300,154,73.87,31.28,0,872
1649764591.266234,1,300,148,77.08,31.28,0,872
1649764591.291231,1,300,148,73.75,30.66,0,872
1649764591.316228,1,300,158,77.09,30.81,0,872
1649764591.341225,1,300,150,73.57,30.39,0,872
1649764591.366223,1,300,146,76.56,104.97,1,874
1649764591.391220,1,300,147,72.75,31.38,0,874
1649764591.416217,1,300,146,75.45,30.74,0,874
1649764591.441215,1,300,147,71.44,31.88,0,874
1649764591.466212,1,300,152,73.83,31.40,0,874
1649764591.491209,1,300,159,69.88,33.72,0,874
1649764591.516207,1,300,161,72.36,110.42,1,858
1649764591.541204,1,300,153,68.66,32.28,0,858
1649764591.566201,1,300,161,71.24,31.23,0,858
1649764591.591198,1,268,157,67.78,28.58,0,858
1649764591.616196,1,253,162,70.46,27.98,0,858
1649764591.641193,1,243,150,66.98,27.62,0,858
1649764591.666190,1,300,173,75.69,113.24,1,866
1649764591.691187,1,300,167,72.86,31.53,0,866
1649764591.716185,1,300,175,74.59,30.45,0,866
1649764591.741182,1,300,171,71.78,30.90,0,866
1649764591.766180,1,300,164,73.50,31.35,0,866
1649764591.791177,1,300,145,70.91,29.69,0,866
1649764591.816174,1,300,153,72.86,77.09,1,865
1649764591.841172,1,300,149,70.17,31.03,0,865
1649764591.866168,1,300,147,77.17,30.68,0,865
1649764591.891166,1,300,154,75.33,31.18,0,865
1649764591.916163,1,300,160,76.63,31.34,0,865
1649764591.941160,1,300,163,75.34,30.80,0,865
1649764591.966158,1,300,157,77.16,108.55,1,883
1649764591.991155,1,300,155,76.23,33.46,0,883
1649764592.016153,1,286,148,78.05,30.13,0,883
1649764592.041150,1,271,155,76.64,29.30,0,883
1649764592.066147,1,299,149,78.29,29.73,0,883
1649764592.091146,1,300,149,77.22,30.36,0,883
1649764592.116144,1,300,149,79.42,116.02,1,906
1649764592.141141,1,300,142,78.42,33.16,0,906
1649764592.166138,1,300,139,80.55,30.96,0,906
1649764592.191136,1,300,133,79.54,30.24,0,906
1649764592.216133,1,300,131,81.76,30.45,0,906
1649764592.241130,1,300,139,80.56,30.89,0,906
1649764592.266128,1,300,123,82.59,112.38,1,920
1649764592.291125,1,300,124,81.42,30.48,0,920
1649764592.316122,1,300,128,83.58,29.94,0,920
1649764592.341120,1,289,116,82.49,29.51,0,920
1649764592.366117,1,262,109,84.73,28.00,0,920
1649764592.391114,1,244,111,83.67,26.72,0,920
1649764592.416111,1,300,123,85.85,112.61,1,926
1649764592.441109,1,300,134,84.41,30.81,0,926
1649764592.466106,1,300,129,86.07,29.51,0,926
1649764592.491103,1,300,132,84.18,30.34,0,926
1649764592.516101,1,268,115,85.38,28.12,0,926
1649764592.541098,1,300,124,82.89,28.80,0,926
1649764592.566095,1,300,129,83.57,93.31,1,939
1649764592.591093,1,300,135,81.14,30.86,0,939
1649764592.616090,1,300,126,81.88,30.69,0,939
1649764592.641087,1,300,148,79.34,31.55,0,939
1649764592.666084,1,300,141,80.00,30.90,0,939
1649764592.691082,1,300,157,77.89,31.80,0,939
1649764592.716079,1,300,147,79.06,121.66,1,953
1649764592.741076,1,300,154,77.42,31.82,0,953
1649764592.766074,1,300,152,78.89,30.64,0,953
1649764592.791071,1,300,156,77.63,33.55,0,953
1649764592.816068,1,300,148,79.13,30.64,0,953
1649764592.841065,1,300,141,77.76,31.50,0,953
1649764592.866063,1,300,147,79.12,140.54,1,954
1649764592.891060,1,300,143,77.84,31.54,0,954
1649764592.916057,1,300,152,79.30,30.50,0,954
1649764592.941055,1,300,144,78.05,30.69,0,954
1649764592.966052,1,300,160,84.03,33.08,0,954
1649764592.991049,1,300,165,84.07,31.28,0,954
1649764593.016047,1,300,162,85.10,111.72,1,967
1649764593.041044,1,300,166,85.32,31.93,0,967
1649764593.066041,1,300,169,86.59,31.16,0,967
1649764593.091038,1,300,170,87.35,31.55,0,967
1649764593.116036,1,300,173,89.13,32.50,0,967
1649764593.141033,1,300,160,89.99,33.29,0,967
1649764593.166030,1,300,161,91.72,97.98,1,984
1649764593.191028,1,300,153,92.72,34.15,0,984
1649764593.216025,1,300,145,94.81,34.50,0,984
1649764593.241022,1,300,126,91.74,34.89,0,984
1649764593.266020,1,261,107,94.67,31.60,0,984
1649764593.291017,1,300,106,90.23,32.80,0,984
1649764593.316014,1,300,96,93.95,95.98,1,980
1649764593.341012,1,262,92,87.97,31.78,0,980
1649764593.366009,1,193,82,92.13,27.08,0,980
1649764593.391006,1,137,64,85.70,99.58,1,985
1649764593.416003,1,118,57,90.25,18.80,0,985
1649764593.441001,1,109,53,82.63,17.17,0,985
1649764593.465998,1,96,47,87.16,17.38,0,985
1649764593.490995,1,90,42,79.30,16.27,0,985
1649764593.515993,1,78,39,83.86,102.24,1,987
1649764593.540990,1,299,80,80.09,29.13,0,987
1649764593.565987,1,272,83,84.66,34.77,0,987
1649764593.590984,1,155,47,81.01,28.31,0,987
1649764593.615982,1,109,38,85.94,21.16,0,987
1649764593.640979,1,62,27,77.53,17.49,0,987
1649764593.665976,1,57,20,82.37,83.58,1,969
1649764593.690974,1,132,33,78.09,17.77,0,969
1649764593.715971,1,97,29,82.70,18.59,0,969
1649764593.740968,1,71,23,73.36,17.98,0,969
1649764593.765965,1,300,47,77.58,28.97,0,969
1649764593.790963,1,300,68,72.32,35.48,0,969
1649764593.815960,1,300,45,76.23,121.58,1,988
1649764593.840957,1,300,46,70.47,32.95,0,988
1649764593.865955,1,300,43,73.91,37.73,0,988
1649764593.890952,1,300,72,67.99,34.83,0,988
1649764593.915949,1,300,63,71.18,39.33,0,988
1649764593.940947,1,300,101,65.28,38.03,0,988
1649764593.965944,1,300,88,68.38,132.05,1,1068
1649764593.990941,1,300,93,62.86,37.43,0,1068
1649764594.015939,1,300,72,66.02,38.43,0,1068
1649764594.040936,1,300,74,60.75,39.78,0,1068
1649764594.065933,1,300,64,63.90,39.15,0,1068
1649764594.090930,1,300,71,59.00,39.25,0,1068
1649764594.115928,1,300,52,62.27,123.70,1,1076
1649764594.140925,1,300,62,57.71,37.89,0,1076
1649764594.165922,1,300,59,61.05,39.29,0,1076
1649764594.190920,1,300,67,56.80,37.92,0,1076
1649764594.215917,1,300,51,60.25,39.56,0,1076
1649764594.240914,1,300,67,56.08,37.91,0,1076
1649764594.265912,1,300,35,59.35,113.05,1,1075
1649764594.290909,1,300,51,55.33,38.10,0,1075
1649764594.315906,1,300,42,58.66,37.96,0,1075
1649764594.340904,1,300,54,54.79,38.18,0,1075
1649764594.365901,1,300,40,58.19,36.71,0,1075
1649764594.390898,1,300,51,54.69,38.16,0,1075
1649764594.415895,1,300,43,58.29,124.64,1,1077
1649764594.440893,1,300,52,54.96,36.82,0,1077
1649764594.465890,1,300,41,58.66,38.04,0,1077
1649764594.490887,1,300,52,55.52,37.20,0,1077
1649764594.515885,1,300,42,59.35,37.63,0,1077
1649764594.540882,1,300,49,56.11,36.47,0,1077
1649764594.565879,1,300,35,59.70,105.29,1,1077
1649764594.590876,1,300,54,56.27,37.90,0,1077
1649764594.615874,1,300,44,59.53,38.47,0,1077
1649764594.640871,1,300,51,55.87,37.76,0,1077
1649764594.665869,1,300,42,58.84,37.58,0,1077
1649764594.690866,1,300,47,55.33,36.80,0,1077
1649764594.715863,1,300,38,58.40,147.14,1,1062
1649764594.740860,1,300,55,55.14,37.89,0,1062
1649764594.765857,1,300,40,58.32,37.67,0,1062
1649764594.790855,1,300,51,55.38,37.51,0,1062
1649764594.815852,1,300,38,58.64,36.69,0,1062
1649764594.840849,1,300,52,55.60,36.12,0,1062
1649764594.865847,1,300,42,58.65,100.91,1,1035
1649764594.890844,1,300,42,55.62,36.62,0,1035
1649764594.915842,1,300,39,58.56,35.17,0,1035
1649764594.940839,1,300,43,55.50,36.69,0,1035
1649764594.965836,1,300,37,58.32,36.48,0,1035
1649764594.990833,1,300,51,55.44,38.48,0,1035
1649764595.015831,1,300,40,58.25,89.76,1,1031
1649764595.040828,1,300,51,55.35,36.16,0,1031
1649764595.065825,1,300,39,57.97,35.13,0,1031
1649764595.090822,1,300,46,55.19,35.95,0,1031
1649764595.115820,1,300,39,57.79,34.89,0,1031
1649764595.140817,1,300,52,55.04,37.11,0,1031
1649764595.165815,1,300,37,57.53,108.95,1,1016
1649764595.190812,1,300,42,54.92,37.15,0,1016
1649764595.215809,1,300,37,57.41,35.45,0,1016
1649764595.240806,1,300,45,54.86,35.83,0,1016
1649764595.265804,1,300,36,57.27,36.01,0,1016
1649764595.290801,1,300,45,54.90,34.73,0,1016
1649764595.315798,1,300,32,57.27,88.75,1,1003
1649764595.340795,1,300,47,54.89,34.75,0,1003
1649764595.365793,1,300,40,57.10,34.50,0,1003
1649764595.390790,1,300,44,54.83,33.72,0,1003
1649764595.415787,1,300,32,57.03,34.55,0,1003
1649764595.440785,1,300,50,54.85,34.18,0,1003
1649764595.465782,1,300,42,56.95,119.62,1,978
1649764595.490779,1,300,52,54.98,34.85,0,978
1649764595.515776,1,300,34,57.08,34.34,0,978
1649764595.540774,1,300,46,55.13,34.25,0,978
1649764595.565771,1,300,37,57.09,33.69,0,978
1649764595.590769,1,300,36,55.29,34.88,0,978
1649764595.615766,1,300,42,57.17,88.77,1,968
1649764595.640763,1,300,45,55.35,34.01,0,968
1649764595.665761,1,300,41,57.10,33.00,0,968
1649764595.690758,1,300,46,55.46,33.35,0,968
1649764595.715755,1,300,41,57.17,32.61,0,968
1649764595.740752,1,300,43,55.52,33.45,0,968
1649764595.765749,1,300,40,57.09,85.92,1,954
1649764595.790747,1,300,44,55.61,32.83,0,954
1649764595.815744,1,300,41,57.14,32.11,0,954
1649764595.840742,1,300,45,55.69,33.19,0,954
1649764595.865739,1,300,43,57.08,32.56,0,954
1649764595.890736,1,300,44,55.81,31.99,0,954
1649764595.915734,1,300,34,57.14,106.37,1,928
1649764595.940731,1,300,41,55.87,32.09,0,928
1649764595.965728,1,300,41,57.05,31.88,0,928
1649764595.990725,1,300,44,55.96,31.51,0,928
1649764596.015723,1,300,37,57.10,32.77,0,928
1649764596.040720,1,300,47,56.02,32.37,0,928
1649764596.065717,1,300,37,57.02,108.94,1,941
1649764596.090715,1,300,49,56.12,32.19,0,941
1649764596.115713,1,300,46,57.06,31.25,0,941
1649764596.140710,1,300,43,56.20,31.81,0,941
1649764596.165707,1,300,47,57.01,31.94,0,941
1649764596.190705,1,300,42,56.30,31.18,0,941
1649764596.215702,1,300,41,57.09,98.60,1,913
1649764596.240699,1,300,47,56.42,30.84,0,913
1649764596.265697,1,300,37,57.08,30.86,0,913
1649764596.290694,1,300,44,56.60,31.27,0,913
1649764596.315691,1,300,41,57.17,30.94,0,913
1649764596.340688,1,300,46,56.71,31.22,0,913
1649764596.365686,1,300,38,57.12,96.98,1,896
1649764596.390683,1,300,41,56.85,30.50,0,896
1649764596.415680,1,300,42,57.20,30.57,0,896
1649764596.440677,1,300,41,56.95,30.20,0,896
1649764596.465675,1,300,42,57.15,30.61,0,896
1649764596.490672,1,300,42,57.09,30.45,0,896
1649764596.515670,1,300,46,57.24,88.49,1,880
1649764596.540667,1,300,39,57.18,32.83,0,880
1649764596.565664,1,300,48,57.18,31.99,0,880
1649764596.590661,1,300,43,57.36,29.99,0,880
1649764596.615659,1,300,38,57.39,30.46,0,880
1649764596.640656,1,300,42,57.71,30.81,0,880
1649764596.665653,1,300,43,57.69,106.02,1,872
1649764596.690650,1,300,41,58.26,30.73,0,872
1649764596.715648,1,300,53,58.08,31.52,0,872
1649764596.740645,1,300,45,58.38,31.05,0,872
1649764596.765642,1,300,42,57.97,29.81,0,872
1649764596.790640,1,300,49,58.48,30.55,0,872
1649764596.815637,1,300,43,57.96,98.46,1,852
1649764596.840634,1,300,42,58.50,31.20,0,852
1649764596.865632,1,300,37,57.85,30.56,0,852
1649764596.890629,1,300,46,58.57,30.34,0,852
1649764596.915626,1,300,48,57.85,31.21,0,852
1649764596.940623,1,300,45,58.61,30.41,0,852
1649764596.965621,1,300,45,57.76,90.73,1,816
1649764596.990618,1,300,42,58.70,30.80,0,816
1649764597.015615,1,300,45,57.79,30.96,0,816
1649764597.040613,1,300,43,58.73,31.74,0,816
1649764597.065610,1,300,50,57.67,31.34,0,816
1649764597.090607,1,300,43,58.80,31.61,0,816
1649764597.115604,1,300,49,57.67,118.79,1,790
1649764597.140602,1,300,45,58.81,31.24,0,790
1649764597.165599,1,300,48,57.54,31.00,0,790
1649764597.190596,1,300,48,58.85,31.61,0,790
1649764597.215594,1,300,46,57.53,31.94,0,790
1649764597.240591,1,300,54,58.85,31.86,0,790
1649764597.265589,1,300,44,57.43,126.87,1,737
1649764597.290586,1,300,46,58.95,33.18,0,737
1649764597.315583,1,300,45,57.48,32.79,0,737
1649764597.340580,1,300,46,59.00,32.73,0,737
1649764597.365577,1,300,56,57.41,32.50,0,737
1649764597.390575,1,300,49,59.07,33.14,0,737
1649764597.415572,1,300,57,57.39,127.13,1,701
1649764597.440569,1,300,46,59.03,33.86,0,701
1649764597.465567,1,300,55,57.23,33.92,0,701
1649764597.490564,1,300,50,59.02,33.52,0,701
1649764597.515562,1,300,54,57.15,33.52,0,701
1649764597.540559,1,300,50,58.92,34.37,0,701
1649764597.565556,1,300,57,56.95,93.43,1,669
1649764597.590553,1,300,43,58.87,34.91,0,669
1649764597.615551,1,300,55,56.83,34.98,0,669
1649764597.640548,1,300,49,58.72,34.37,0,669
1649764597.665545,1,300,56,56.58,34.16,0,669
1649764597.690542,1,300,55,58.59,35.85,0,669
1649764597.715540,1,300,55,56.40,96.66,1,686
1649764597.740537,1,300,46,58.43,37.08,0,686
1649764597.765534,1,300,63,56.21,35.87,0,686
1649764597.790532,1,300,52,58.47,35.34,0,686
1649764597.815529,1,300,61,56.25,35.69,0,686
1649764597.840526,1,300,52,58.55,36.14,0,686
1649764597.865523,1,300,55,56.30,102.58,1,696
1649764597.890521,1,300,56,58.75,36.58,0,696
1649764597.915518,1,300,61,56.47,36.91,0,696
1649764597.940515,1,300,45,58.94,36.44,0,696
1649764597.965513,1,300,61,56.57,37.27,0,696
1649764597.990510,1,300,52,59.16,35.41,0,696
1649764598.015507,1,300,61,56.73,131.06,1,665
1649764598.040505,1,300,43,59.27,37.62,0,665
1649764598.065502,1,300,55,56.74,36.18,0,665
1649764598.090499,1,300,42,59.39,36.27,0,665
1649764598.115496,1,300,56,56.74,37.99,0,665
1649764598.140494,1,300,47,59.40,36.25,0,665
1649764598.165491,1,300,53,56.70,112.22,1,619
1649764598.190488,1,300,40,59.46,37.50,0,619
1649764598.215486,1,300,57,56.70,36.22,0,619
1649764598.240483,1,300,45,59.45,35.22,0,619
1649764598.265480,1,300,61,56.64,36.73,0,619
1649764598.290478,1,300,45,59.54,37.06,0,619
1649764598.315475,1,300,58,56.66,93.06,1,588
1649764598.340472,1,300,39,59.56,37.24,0,588
1649764598.365469,1,300,50,56.61,36.89,0,588
1649764598.390466,1,300,45,59.63,38.08,0,588
1649764598.415464,1,300,57,56.63,37.48,0,588
1649764598.440461,1,300,44,59.66,37.29,0,588
1649764598.465458,1,300,53,56.60,91.74,1,583
1649764598.490456,1,300,46,59.77,38.75,0,583
1649764598.515453,1,300,62,56.64,36.50,0,583
1649764598.540451,1,300,40,59.80,38.38,0,583
1649764598.565448,1,300,61,56.61,38.89,0,583
1649764598.590445,1,300,46,59.88,36.93,0,583
1649764598.615443,1,300,60,56.63,89.14,1,590
1649764598.640440,1,300,42,59.90,37.04,0,590
1649764598.665437,1,300,56,56.60,36.98,0,590
1649764598.690434,1,300,47,59.94,37.61,0,590
1649764598.715431,1,300,62,56.61,37.68,0,590
1649764598.740429,1,300,47,59.92,38.50,0,590
1649764598.765426,1,300,62,56.53,124.30,1,596
1649764598.790424,1,300,40,59.95,37.60,0,596
1649764598.815421,1,300,52,56.53,36.83,0,596
1649764598.840418,1,300,49,59.92,37.88,0,596
1649764598.865415,1,300,64,56.46,38.34,0,596
1649764598.890413,1,300,47,59.95,37.73,0,596
1649764598.915410,1,300,54,56.48,125.74,1,582
1649764598.940407,1,300,44,59.96,38.35,0,582
1649764598.965405,1,300,55,56.43,37.67,0,582
1649764598.990402,1,300,39,60.02,37.06,0,582
1649764599.015399,1,300,60,56.47,36.40,0,582
1649764599.040396,1,300,40,60.01,37.25,0,582
1649764599.065394,1,300,58,56.43,110.35,1,579
1649764599.090391,1,300,40,60.09,37.45,0,579
1649764599.115388,1,300,65,56.48,39.96,0,579
1649764599.140386,1,300,46,60.11,39.70,0,579
1649764599.165383,1,300,63,56.48,38.40,0,579
1649764599.190380,1,300,41,60.24,38.76,0,579
1649764599.215377,1,300,58,56.55,85.94,1,590
1649764599.240375,1,300,40,60.28,40.56,0,590
1649764599.265372,1,300,51,56.55,39.67,0,590
1649764599.290369,1,300,43,60.34,39.78,0,590
1649764599.315367,1,300,57,56.55,38.01,0,590
1649764599.340364,1,300,44,60.29,37.51,0,590
1649764599.365361,1,300,54,56.51,109.63,1,606
1649764599.390358,1,300,44,60.29,38.93,0,606
1649764599.415356,1,300,56,56.50,38.54,0,606
1649764599.440353,1,300,43,60.25,38.99,0,606
1649764599.465350,1,300,57,56.47,39.29,0,606
1649764599.490348,1,300,35,60.33,36.37,0,606
1649764599.515345,1,300,55,56.53,83.61,1,608
1649764599.540342,1,300,43,60.35,36.97,0,608
1649764599.565340,1,300,54,56.56,38.30,0,608
1649764599.590337,1,300,41,60.47,37.61,0,608
1649764599.615334,1,300,56,56.64,42.73,0,608
1649764599.640332,1,300,42,60.49,38.58,0,608
1649764599.665329,1,300,52,56.69,82.22,1,615
1649764599.690326,1,300,41,60.62,38.27,0,615
1649764599.715323,1,300,50,56.79,39.55,0,615
1649764599.740321,1,300,46,60.65,38.69,0,615
1649764599.765318,1,300,53,56.82,38.65,0,615
1649764599.790315,1,300,35,60.77,38.41,0,615
1649764599.815313,1,300,51,56.91,82.03,1,640
1649764599.840310,1,300,35,60.81,37.89,0,640
1649764599.865307,1,300,51,56.95,37.74,0,640
1649764599.890305,1,300,38,60.88,37.31,0,640
1649764599.915302,1,300,51,57.05,38.88,0,640
1649764599.940299,1,300,39,60.90,37.52,0,640
1649764599.965296,1,300,52,57.09,62.81,1,640
1649764599.990294,1,300,38,61.00,37.82,0,640
1649764600.015291,1,300,55,57.16,37.78,0,640
1649764600.040288,1,300,32,60.99,37.42,0,640
1649764600.065286,1,300,58,57.16,36.55,0,640
1649764600.090283,1,300,32,61.05,37.54,0,640
1649764600.115280,1,300,49,57.20,85.74,1,625
1649764600.140277,1,300,33,61.03,37.26,0,625
1649764600.165275,1,300,53,57.19,37.21,0,625
1649764600.190272,1,300,34,61.08,36.74,0,625
1649764600.215269,1,300,54,57.25,38.43,0,625
1649764600.240267,1,300,37,61.06,37.06,0,625
1649764600.265264,1,300,55,57.25,77.66,1,621
1649764600.290261,1,300,39,61.12,37.99,0,621
1649764600.315258,1,300,55,57.29,37.25,0,621
1649764600.340256,1,300,34,61.07,38.51,0,621
1649764600.365253,1,300,53,57.27,37.76,0,621
1649764600.390250,1,300,35,61.12,37.69,0,621
1649764600.415248,1,300,51,57.31,79.87,1,619
1649764600.440245,1,300,33,61.11,36.62,0,619
1649764600.465242,1,300,56,57.32,38.48,0,619
1649764600.490239,1,300,41,61.14,38.09,0,619
1649764600.515237,1,300,50,57.35,38.78,0,619
1649764600.540234,1,300,37,61.09,37.06,0,619
1649764600.565231,1,300,54,57.33,92.95,1,663
1649764600.590229,1,300,40,61.14,37.01,0,663
1649764600.615226,1,300,56,57.37,37.30,0,663
1649764600.640224,1,300,38,61.08,37.43,0,663
1649764600.665220,1,300,51,57.33,37.59,0,663
1649764600.690218,1,300,33,61.09,37.34,0,663
1649764600.715215,1,300,57,57.36,81.73,1,669
1649764600.740212,1,300,36,61.02,38.48,0,669
1649764600.765210,1,300,57,57.32,38.42,0,669
1649764600.790207,1,300,36,61.05,36.35,0,669
1649764600.815204,1,300,54,57.34,38.24,0,669
1649764600.840202,1,300,32,61.01,37.78,0,669
1649764600.865199,1,300,48,57.37,97.06,1,692
1649764600.890196,1,300,28,61.09,37.22,0,692
1649764600.915194,1,300,49,57.41,36.96,0,692
1649764600.940191,1,300,34,61.01,38.00,0,692
1649764600.965188,1,300,48,57.30,38.17,0,692
1649764600.990185,1,300,41,60.99,39.23,0,692
1649764601.015183,1,300,53,57.27,82.77,1,708
1649764601.040180,1,300,39,60.97,39.86,0,708
1649764601.065177,1,300,58,57.38,36.92,0,708
1649764601.090175,1,300,38,61.13,38.25,0,708
1649764601.115172,1,300,53,57.47,38.22,0,708
1649764601.140169,1,300,38,61.09,40.56,0,708
1649764601.165167,1,300,57,57.41,63.16,1,708
1649764601.190164,1,300,39,61.06,39.03,0,708
1649764601.215161,1,300,49,57.37,39.80,0,708
1649764601.240159,1,300,38,60.93,37.98,0,708
1649764601.265156,1,300,58,57.32,37.83,0,708
1649764601.290153,1,300,44,60.94,37.48,0,708
1649764601.315150,1,300,45,57.31,86.95,1,754
1649764601.340148,1,300,47,60.84,39.10,0,754
1649764601.365145,1,300,46,57.29,37.65,0,754
1649764601.390142,1,300,42,60.83,37.80,0,754
1649764601.415140,1,300,51,57.26,38.00,0,754
1649764601.440137,1,300,45,60.72,38.00,0,754
1649764601.465134,1,300,50,57.28,87.47,1,762
1649764601.490131,1,300,38,60.75,37.91,0,762
1649764601.515129,1,300,48,57.27,36.50,0,762
1649764601.540126,1,300,36,60.62,37.45,0,762
1649764601.565123,1,300,41,57.27,35.51,0,762
1649764601.590121,1,300,34,60.63,37.28,0,762
1649764601.615118,1,300,56,57.29,87.09,1,769
1649764601.640115,1,300,37,60.55,39.02,0,769
1649764601.665112,1,300,54,57.33,37.95,0,769
1649764601.690110,1,300,36,60.60,38.91,0,769
1649764601.715107,1,300,50,57.41,37.87,0,769
1649764601.740104,1,300,48,60.55,37.09,0,769
1649764601.765102,1,300,50,57.47,90.41,1,771
1649764601.790099,1,300,44,60.59,36.33,0,771
1649764601.815096,1,300,53,57.49,37.33,0,771
1649764601.840094,1,300,59,60.45,36.52,0,771
1649764601.865091,1,300,61,57.44,36.02,0,771
1649764601.890088,1,300,57,60.41,34.43,0,771
1649764601.915086,1,300,70,57.36,102.82,1,810
1649764601.940083,1,300,57,60.22,36.48,0,810
1649764601.965080,1,300,61,57.21,34.95,0,810
1649764601.990077,1,300,47,60.06,33.80,0,810
1649764602.015074,1,300,58,56.96,33.82,0,810
1649764602.040072,1,300,54,59.69,35.01,0,810
